timestamp,sliceId,dedicatedPRB,minPRB,maxPRB
510,0,26.208333003787942,26.208333003787942,100.0
510,1,37.14541050670377,37.14541050670377,100.0
510,2,36.646256489508296,36.646256489508296,100.0
520,0,32.99092957143919,32.99092957143919,100.0
520,1,36.07328224774146,36.07328224774146,100.0
520,2,30.93578818081936,30.93578818081936,100.0
530,0,41.74840369501536,41.74840369501536,100.0
530,1,9.114188594600346,9.114188594600346,100.0
530,2,49.13740771038431,49.13740771038431,100.0
540,0,45.31559641213582,45.31559641213582,100.0
540,1,28.430958211618318,28.430958211618318,100.0
540,2,26.253445376245864,26.253445376245864,100.0
550,0,37.84737567111697,37.84737567111697,100.0
550,1,12.077974737536211,12.077974737536211,100.0
550,2,50.07464959134682,50.07464959134682,100.0
560,0,20.767821452726217,20.767821452726217,100.0
560,1,19.528974156310607,19.528974156310607,100.0
560,2,59.70320439096317,59.70320439096317,100.0
570,0,20.508435638654184,20.508435638654184,100.0
570,1,26.89207930916835,26.89207930916835,100.0
570,2,52.599485052177464,52.599485052177464,100.0
580,0,53.896120451787496,53.896120451787496,100.0
580,1,34.1956645190035,34.1956645190035,100.0
580,2,11.908215029209005,11.908215029209005,100.0
590,0,42.43122028112887,42.43122028112887,100.0
590,1,38.750356396166815,38.750356396166815,100.0
590,2,18.81842332270432,18.81842332270432,100.0
600,0,32.88089286450253,32.88089286450253,100.0
600,1,17.812056629138468,17.812056629138468,100.0
600,2,49.307050506359005,49.307050506359005,100.0
610,0,75.54323371434083,75.54323371434083,100.0
610,1,13.134899857056084,13.134899857056084,100.0
610,2,11.321866428603085,11.321866428603085,100.0
620,0,12.14136492875676,12.14136492875676,100.0
620,1,23.60252325470946,23.60252325470946,100.0
620,2,64.25611181653377,64.25611181653377,100.0
630,0,25.01603904260929,25.01603904260929,100.0
630,1,24.390279102696326,24.390279102696326,100.0
630,2,50.59368185469438,50.59368185469438,100.0
640,0,18.636787419727522,18.636787419727522,100.0
640,1,31.259480821650698,31.259480821650698,100.0
640,2,50.103731758621784,50.103731758621784,100.0
650,0,57.81408187703393,57.81408187703393,100.0
650,1,20.345754396776762,20.345754396776762,100.0
650,2,21.840163726189296,21.840163726189296,100.0
660,0,13.941776861862948,13.941776861862948,100.0
660,1,21.76098218313832,21.76098218313832,100.0
660,2,64.29724095499874,64.29724095499874,100.0
670,0,56.10317627988219,56.10317627988219,100.0
670,1,30.36380815736755,30.36380815736755,100.0
670,2,13.533015562750261,13.533015562750261,100.0
680,0,14.972657115014767,14.972657115014767,100.0
680,1,47.02404598822469,47.02404598822469,100.0
680,2,38.00329689676055,38.00329689676055,100.0
690,0,12.53709099766333,12.53709099766333,100.0
690,1,11.891766748566104,11.891766748566104,100.0
690,2,75.57114225377056,75.57114225377056,100.0
700,0,16.802555674368193,16.802555674368193,100.0
700,1,11.994033680276798,11.994033680276798,100.0
700,2,71.20341064535502,71.20341064535502,100.0
710,0,47.344100820938216,47.344100820938216,100.0
710,1,24.685712756169107,24.685712756169107,100.0
710,2,27.970186422892684,27.970186422892684,100.0
720,0,53.87372758670615,53.87372758670615,100.0
720,1,20.528763733865553,20.528763733865553,100.0
720,2,25.597508679428294,25.597508679428294,100.0
730,0,32.002826214556734,32.002826214556734,100.0
730,1,11.280277804459969,11.280277804459969,100.0
730,2,56.71689598098331,56.71689598098331,100.0
740,0,59.91697918874327,59.91697918874327,100.0
740,1,26.10908617700155,26.10908617700155,100.0
740,2,13.973934634255183,13.973934634255183,100.0
750,0,16.281914703293626,16.281914703293626,100.0
750,1,18.67338995564728,18.67338995564728,100.0
750,2,65.0446953410591,65.0446953410591,100.0
760,0,26.03336565808339,26.03336565808339,100.0
760,1,40.54485492910035,40.54485492910035,100.0
760,2,33.42177941281626,33.42177941281626,100.0
770,0,45.77811453726948,45.77811453726948,100.0
770,1,11.466199748495644,11.466199748495644,100.0
770,2,42.75568571423487,42.75568571423487,100.0
780,0,62.775144412821604,62.775144412821604,100.0
780,1,14.4421522514963,14.4421522514963,100.0
780,2,22.782703335682104,22.782703335682104,100.0
790,0,51.63798044686045,51.63798044686045,100.0
790,1,21.509235538003242,21.509235538003242,100.0
790,2,26.8527840151363,26.8527840151363,100.0
800,0,34.62683037206443,34.62683037206443,100.0
800,1,51.44408491875549,51.44408491875549,100.0
800,2,13.929084709180078,13.929084709180078,100.0
810,0,15.035990694708332,15.035990694708332,100.0
810,1,36.881341704612225,36.881341704612225,100.0
810,2,48.08266760067944,48.08266760067944,100.0
820,0,22.489886715100653,22.489886715100653,100.0
820,1,26.217373737750144,26.217373737750144,100.0
820,2,51.29273954714921,51.29273954714921,100.0
830,0,25.181543717992117,25.181543717992117,100.0
830,1,19.9483774888318,19.9483774888318,100.0
830,2,54.87007879317609,54.87007879317609,100.0
840,0,21.427904140508197,21.427904140508197,100.0
840,1,35.71481996591687,35.71481996591687,100.0
840,2,42.85727589357493,42.85727589357493,100.0
850,0,40.2146359060707,40.2146359060707,100.0
850,1,17.315945808210238,17.315945808210238,100.0
850,2,42.469418285719065,42.469418285719065,100.0
860,0,46.751352415547075,46.751352415547075,100.0
860,1,8.311745847700003,8.311745847700003,100.0
860,2,44.93690173675293,44.93690173675293,100.0
870,0,16.49278771355758,16.49278771355758,100.0
870,1,13.84101255756988,13.84101255756988,100.0
870,2,69.66619972887254,69.66619972887254,100.0
880,0,54.50053181246991,54.50053181246991,100.0
880,1,12.036466743631342,12.036466743631342,100.0
880,2,33.46300144389874,33.46300144389874,100.0
890,0,33.0308211112308,33.0308211112308,100.0
890,1,31.393033288288652,31.393033288288652,100.0
890,2,35.576145600480544,35.576145600480544,100.0
900,0,69.35382449633619,69.35382449633619,100.0
900,1,12.990173763161255,12.990173763161255,100.0
900,2,17.65600174050257,17.65600174050257,100.0
910,0,48.941672593132814,48.941672593132814,100.0
910,1,39.036124358790296,39.036124358790296,100.0
910,2,12.022203048076891,12.022203048076891,100.0
920,0,57.69108758435697,57.69108758435697,100.0
920,1,25.83924367071245,25.83924367071245,100.0
920,2,16.469668744930583,16.469668744930583,100.0
930,0,12.097243730339423,12.097243730339423,100.0
930,1,15.996520808282055,15.996520808282055,100.0
930,2,71.90623546137853,71.90623546137853,100.0
940,0,13.674810467114867,13.674810467114867,100.0
940,1,35.19480725949999,35.19480725949999,100.0
940,2,51.13038227338515,51.13038227338515,100.0
950,0,29.66408112844662,29.66408112844662,100.0
950,1,12.00673474476368,12.00673474476368,100.0
950,2,58.3291841267897,58.3291841267897,100.0
960,0,56.54816353925306,56.54816353925306,100.0
960,1,13.155780949025656,13.155780949025656,100.0
960,2,30.29605551172129,30.29605551172129,100.0
970,0,40.50538720361612,40.50538720361612,100.0
970,1,28.651519010600275,28.651519010600275,100.0
970,2,30.84309378578361,30.84309378578361,100.0
980,0,39.38857192808776,39.38857192808776,100.0
980,1,21.44416062062566,21.44416062062566,100.0
980,2,39.167267451286584,39.167267451286584,100.0
990,0,14.112654905740424,14.112654905740424,100.0
990,1,18.554023580104595,18.554023580104595,100.0
990,2,67.33332151415497,67.33332151415497,100.0
1000,0,18.865484519551373,18.865484519551373,100.0
1000,1,49.216782205678214,49.216782205678214,100.0
1000,2,31.91773327477042,31.91773327477042,100.0
1010,0,49.265029504550526,49.265029504550526,100.0
1010,1,37.51721609844744,37.51721609844744,100.0
1010,2,13.217754397002041,13.217754397002041,100.0
1020,0,25.61848358217414,25.61848358217414,100.0
1020,1,31.384778864316726,31.384778864316726,100.0
1020,2,42.99673755350914,42.99673755350914,100.0
1030,0,11.381425087822446,11.381425087822446,100.0
1030,1,66.16724374002914,66.16724374002914,100.0
1030,2,22.45133117214842,22.45133117214842,100.0
1040,0,44.21320748691349,44.21320748691349,100.0
1040,1,20.61759290975482,20.61759290975482,100.0
1040,2,35.16919960333169,35.16919960333169,100.0
1050,0,15.173644522884878,15.173644522884878,100.0
1050,1,12.09209970993178,12.09209970993178,100.0
1050,2,72.73425576718336,72.73425576718336,100.0
1060,0,19.72075191857169,19.72075191857169,100.0
1060,1,24.065635421375394,24.065635421375394,100.0
1060,2,56.213612660052924,56.213612660052924,100.0
1070,0,35.95773576825112,35.95773576825112,100.0
1070,1,21.785774643841542,21.785774643841542,100.0
1070,2,42.256489587907346,42.256489587907346,100.0
1080,0,43.105724733156045,43.105724733156045,100.0
1080,1,36.30781906031153,36.30781906031153,100.0
1080,2,20.58645620653243,20.58645620653243,100.0
1090,0,54.149138913990704,54.149138913990704,100.0
1090,1,17.278909366198462,17.278909366198462,100.0
1090,2,28.571951719810833,28.571951719810833,100.0
1100,0,63.58839027571551,63.58839027571551,100.0
1100,1,19.073163988250005,19.073163988250005,100.0
1100,2,17.338445736034487,17.338445736034487,100.0
1110,0,22.387749915753812,22.387749915753812,100.0
1110,1,13.918677993605105,13.918677993605105,100.0
1110,2,63.693572090641084,63.693572090641084,100.0
1120,0,25.557176324504905,25.557176324504905,100.0
1120,1,21.7222269528386,21.7222269528386,100.0
1120,2,52.720596722656495,52.720596722656495,100.0
1130,0,58.78578056490229,58.78578056490229,100.0
1130,1,27.61461862072726,27.61461862072726,100.0
1130,2,13.599600814370454,13.599600814370454,100.0
1140,0,33.32192394874332,33.32192394874332,100.0
1140,1,36.4416466425414,36.4416466425414,100.0
1140,2,30.236429408715278,30.236429408715278,100.0
1150,0,54.54992160010633,54.54992160010633,100.0
1150,1,19.208440062841486,19.208440062841486,100.0
1150,2,26.24163833705218,26.24163833705218,100.0
1160,0,43.584560282912996,43.584560282912996,100.0
1160,1,40.83041124382324,40.83041124382324,100.0
1160,2,15.58502847326377,15.58502847326377,100.0
1170,0,12.161368103993965,12.161368103993965,100.0
1170,1,11.985462302634069,11.985462302634069,100.0
1170,2,75.85316959337196,75.85316959337196,100.0
1180,0,48.7722706512403,48.7722706512403,100.0
1180,1,14.251752386529661,14.251752386529661,100.0
1180,2,36.97597696223004,36.97597696223004,100.0
1190,0,56.112839591363596,56.112839591363596,100.0
1190,1,19.76226809832867,19.76226809832867,100.0
1190,2,24.124892310307747,24.124892310307747,100.0
1200,0,42.32326115528861,42.32326115528861,100.0
1200,1,45.028586389846566,45.028586389846566,100.0
1200,2,12.648152454864828,12.648152454864828,100.0
1210,0,44.47730274763795,44.47730274763795,100.0
1210,1,40.92773695754814,40.92773695754814,100.0
1210,2,14.594960294813896,14.594960294813896,100.0
1220,0,51.072350659034214,51.072350659034214,100.0
1220,1,19.20552986275273,19.20552986275273,100.0
1220,2,29.722119478213056,29.722119478213056,100.0
1230,0,10.91549855816845,10.91549855816845,100.0
1230,1,14.559418905424462,14.559418905424462,100.0
1230,2,74.52508253640708,74.52508253640708,100.0
1240,0,44.32872400542805,44.32872400542805,100.0
1240,1,8.498803036324498,8.498803036324498,100.0
1240,2,47.17247295824746,47.17247295824746,100.0
1250,0,48.00854506664063,48.00854506664063,100.0
1250,1,8.401251772668788,8.401251772668788,100.0
1250,2,43.59020316069059,43.59020316069059,100.0
1260,0,43.3640559594585,43.3640559594585,100.0
1260,1,41.40749533876942,41.40749533876942,100.0
1260,2,15.228448701772074,15.228448701772074,100.0
1270,0,22.185267302380566,22.185267302380566,100.0
1270,1,29.932090445618826,29.932090445618826,100.0
1270,2,47.88264225200061,47.88264225200061,100.0
1280,0,34.67884618598561,34.67884618598561,100.0
1280,1,49.629284294397216,49.629284294397216,100.0
1280,2,15.691869519617164,15.691869519617164,100.0
1290,0,34.480178555740345,34.480178555740345,100.0
1290,1,28.05572377539572,28.05572377539572,100.0
1290,2,37.46409766886394,37.46409766886394,100.0
1300,0,49.53414380515051,49.53414380515051,100.0
1300,1,15.925784559913694,15.925784559913694,100.0
1300,2,34.540071634935806,34.540071634935806,100.0
1310,0,47.427465302019115,47.427465302019115,100.0
1310,1,16.754794906806538,16.754794906806538,100.0
1310,2,35.81773979117436,35.81773979117436,100.0
1320,0,37.423005237993664,37.423005237993664,100.0
1320,1,41.83705270235761,41.83705270235761,100.0
1320,2,20.739942059648733,20.739942059648733,100.0
1330,0,50.48452781995404,50.48452781995404,100.0
1330,1,16.718521280656663,16.718521280656663,100.0
1330,2,32.796950899389294,32.796950899389294,100.0
1340,0,66.9755927792034,66.9755927792034,100.0
1340,1,16.363131752384863,16.363131752384863,100.0
1340,2,16.661275468411752,16.661275468411752,100.0
1350,0,20.2713692045781,20.2713692045781,100.0
1350,1,12.668511116084904,12.668511116084904,100.0
1350,2,67.06011967933699,67.06011967933699,100.0
1360,0,28.218598090257075,28.218598090257075,100.0
1360,1,61.217207208210354,61.217207208210354,100.0
1360,2,10.564194701532564,10.564194701532564,100.0
1370,0,69.58756935035554,69.58756935035554,100.0
1370,1,17.350103442991742,17.350103442991742,100.0
1370,2,13.06232720665273,13.06232720665273,100.0
1380,0,11.301889057965221,11.301889057965221,100.0
1380,1,56.87688717283576,56.87688717283576,100.0
1380,2,31.82122376919903,31.82122376919903,100.0
1390,0,48.227314256818524,48.227314256818524,100.0
1390,1,17.569331261312115,17.569331261312115,100.0
1390,2,34.20335448186936,34.20335448186936,100.0
1400,0,13.518306475681138,13.518306475681138,100.0
1400,1,43.18477385144274,43.18477385144274,100.0
1400,2,43.29691967287613,43.29691967287613,100.0
1410,0,14.691345028762552,14.691345028762552,100.0
1410,1,14.031376138636553,14.031376138636553,100.0
1410,2,71.2772788326009,71.2772788326009,100.0
1420,0,18.212267935716483,18.212267935716483,100.0
1420,1,26.701177292876615,26.701177292876615,100.0
1420,2,55.0865547714069,55.0865547714069,100.0
1430,0,36.147502128370675,36.147502128370675,100.0
1430,1,36.757268803218764,36.757268803218764,100.0
1430,2,27.095229068410575,27.095229068410575,100.0
1440,0,32.681200740865826,32.681200740865826,100.0
1440,1,44.98944034963061,44.98944034963061,100.0
1440,2,22.32935890950356,22.32935890950356,100.0
1450,0,53.417844124888525,53.417844124888525,100.0
1450,1,35.57020638533051,35.57020638533051,100.0
1450,2,11.011949489780976,11.011949489780976,100.0
1460,0,63.54248104750748,63.54248104750748,100.0
1460,1,11.177346797196465,11.177346797196465,100.0
1460,2,25.28017215529606,25.28017215529606,100.0
1470,0,18.08957592720041,18.08957592720041,100.0
1470,1,13.073437666601587,13.073437666601587,100.0
1470,2,68.83698640619801,68.83698640619801,100.0
1480,0,43.44985447577863,43.44985447577863,100.0
1480,1,35.972429915939244,35.972429915939244,100.0
1480,2,20.577715608282123,20.577715608282123,100.0
1490,0,30.533892171071408,30.533892171071408,100.0
1490,1,13.678282112161897,13.678282112161897,100.0
1490,2,55.78782571676669,55.78782571676669,100.0
1500,0,45.4956687248455,45.4956687248455,100.0
1500,1,43.92597978456226,43.92597978456226,100.0
1500,2,10.578351490592247,10.578351490592247,100.0
1510,0,40.31034322250072,40.31034322250072,100.0
1510,1,18.36109345810692,18.36109345810692,100.0
1510,2,41.32856331939236,41.32856331939236,100.0
1520,0,41.84593486506017,41.84593486506017,100.0
1520,1,23.677710381408716,23.677710381408716,100.0
1520,2,34.47635475353112,34.47635475353112,100.0
1530,0,24.818464475853254,24.818464475853254,100.0
1530,1,22.33952076697205,22.33952076697205,100.0
1530,2,52.842014757174695,52.842014757174695,100.0
1540,0,52.95432102933121,52.95432102933121,100.0
1540,1,34.01971567504318,34.01971567504318,100.0
1540,2,13.025963295625623,13.025963295625623,100.0
1550,0,56.424188137019215,56.424188137019215,100.0
1550,1,9.661349394027114,9.661349394027114,100.0
1550,2,33.91446246895368,33.91446246895368,100.0
1560,0,19.796893218555585,19.796893218555585,100.0
1560,1,22.243562351108146,22.243562351108146,100.0
1560,2,57.959544430336265,57.959544430336265,100.0
1570,0,33.319459726900426,33.319459726900426,100.0
1570,1,42.466909614188886,42.466909614188886,100.0
1570,2,24.213630658910702,24.213630658910702,100.0
1580,0,52.95008296522853,52.95008296522853,100.0
1580,1,35.76339366162736,35.76339366162736,100.0
1580,2,11.286523373144124,11.286523373144124,100.0
1590,0,11.469977762347362,11.469977762347362,100.0
1590,1,11.495002510384651,11.495002510384651,100.0
1590,2,77.035019727268,77.035019727268,100.0
1600,0,66.09490451039292,66.09490451039292,100.0
1600,1,15.990051618314693,15.990051618314693,100.0
1600,2,17.915043871292387,17.915043871292387,100.0
1610,0,25.345444650505545,25.345444650505545,100.0
1610,1,50.63453363768847,50.63453363768847,100.0
1610,2,24.02002171180598,24.02002171180598,100.0
1620,0,46.1916192993555,46.1916192993555,100.0
1620,1,18.643761747191846,18.643761747191846,100.0
1620,2,35.16461895345266,35.16461895345266,100.0
1630,0,43.98593247288492,43.98593247288492,100.0
1630,1,35.74775981001158,35.74775981001158,100.0
1630,2,20.2663077171035,20.2663077171035,100.0
1640,0,24.496127460320647,24.496127460320647,100.0
1640,1,11.91323114721216,11.91323114721216,100.0
1640,2,63.5906413924672,63.5906413924672,100.0
1650,0,13.166431030411724,13.166431030411724,100.0
1650,1,13.964117899736356,13.964117899736356,100.0
1650,2,72.86945106985192,72.86945106985192,100.0
1660,0,19.676686622015822,19.676686622015822,100.0
1660,1,30.566610408317523,30.566610408317523,100.0
1660,2,49.756702969666655,49.756702969666655,100.0
1670,0,57.96256478582179,57.96256478582179,100.0
1670,1,25.93582323631815,25.93582323631815,100.0
1670,2,16.101611977860074,16.101611977860074,100.0
1680,0,22.39164926889421,22.39164926889421,100.0
1680,1,25.75694774936413,25.75694774936413,100.0
1680,2,51.85140298174167,51.85140298174167,100.0
1690,0,41.46026423007209,41.46026423007209,100.0
1690,1,21.797048614062746,21.797048614062746,100.0
1690,2,36.742687155865156,36.742687155865156,100.0
1700,0,36.16571938036923,36.16571938036923,100.0
1700,1,19.882897777611642,19.882897777611642,100.0
1700,2,43.95138284201913,43.95138284201913,100.0
1710,0,16.6193511258623,16.6193511258623,100.0
1710,1,16.134758031744102,16.134758031744102,100.0
1710,2,67.2458908423936,67.2458908423936,100.0
1720,0,61.89192498160872,61.89192498160872,100.0
1720,1,19.379718650084012,19.379718650084012,100.0
1720,2,18.728356368307278,18.728356368307278,100.0
1730,0,64.95153709745976,64.95153709745976,100.0
1730,1,17.367349204461995,17.367349204461995,100.0
1730,2,17.681113698078246,17.681113698078246,100.0
1740,0,53.8635612564794,53.8635612564794,100.0
1740,1,13.226825943903473,13.226825943903473,100.0
1740,2,32.90961279961712,32.90961279961712,100.0
1750,0,43.29193794069782,43.29193794069782,100.0
1750,1,9.333160583511868,9.333160583511868,100.0
1750,2,47.3749014757903,47.3749014757903,100.0
1760,0,27.227603746500606,27.227603746500606,100.0
1760,1,41.13675928889504,41.13675928889504,100.0
1760,2,31.635636964604352,31.635636964604352,100.0
1770,0,11.70591713085328,11.70591713085328,100.0
1770,1,15.779514211583285,15.779514211583285,100.0
1770,2,72.51456865756344,72.51456865756344,100.0
1780,0,63.01072012823025,63.01072012823025,100.0
1780,1,11.100601302385094,11.100601302385094,100.0
1780,2,25.888678569384666,25.888678569384666,100.0
1790,0,57.212181238829785,57.212181238829785,100.0
1790,1,22.16899980025837,22.16899980025837,100.0
1790,2,20.618818960911852,20.618818960911852,100.0
1800,0,13.3978303562274,13.3978303562274,100.0
1800,1,27.327694448079175,27.327694448079175,100.0
1800,2,59.274475195693434,59.274475195693434,100.0
1810,0,42.14979889161762,42.14979889161762,100.0
1810,1,49.082959266075555,49.082959266075555,100.0
1810,2,8.767241842306824,8.767241842306824,100.0
1820,0,44.53158350728313,44.53158350728313,100.0
1820,1,9.666161608280294,9.666161608280294,100.0
1820,2,45.802254884436586,45.802254884436586,100.0
1830,0,17.229596491984072,17.229596491984072,100.0
1830,1,11.373867139101355,11.373867139101355,100.0
1830,2,71.39653636891458,71.39653636891458,100.0
1840,0,37.00652960321205,37.00652960321205,100.0
1840,1,26.79224137605802,26.79224137605802,100.0
1840,2,36.20122902072993,36.20122902072993,100.0
1850,0,33.38860754430547,33.38860754430547,100.0
1850,1,46.28459261581083,46.28459261581083,100.0
1850,2,20.32679983988371,20.32679983988371,100.0
1860,0,54.11806163012174,54.11806163012174,100.0
1860,1,33.37280331951733,33.37280331951733,100.0
1860,2,12.509135050360948,12.509135050360948,100.0
1870,0,68.62133209151828,68.62133209151828,100.0
1870,1,18.79006491709432,18.79006491709432,100.0
1870,2,12.588602991387399,12.588602991387399,100.0
1880,0,35.73217929910879,35.73217929910879,100.0
1880,1,33.469390487290866,33.469390487290866,100.0
1880,2,30.798430213600348,30.798430213600348,100.0
1890,0,12.870629191620859,12.870629191620859,100.0
1890,1,11.178390629603486,11.178390629603486,100.0
1890,2,75.95098017877567,75.95098017877567,100.0
1900,0,58.19075017274946,58.19075017274946,100.0
1900,1,20.70605726176458,20.70605726176458,100.0
1900,2,21.10319256548597,21.10319256548597,100.0
1910,0,42.74165753684872,42.74165753684872,100.0
1910,1,10.054243388795166,10.054243388795166,100.0
1910,2,47.2040990743561,47.2040990743561,100.0
1920,0,27.019972628724958,27.019972628724958,100.0
1920,1,55.10426992175581,55.10426992175581,100.0
1920,2,17.875757449519238,17.875757449519238,100.0
1930,0,58.6285616120872,58.6285616120872,100.0
1930,1,20.872383170227412,20.872383170227412,100.0
1930,2,20.499055217685395,20.499055217685395,100.0
1940,0,42.89946861080488,42.89946861080488,100.0
1940,1,16.80707956982483,16.80707956982483,100.0
1940,2,40.29345181937029,40.29345181937029,100.0
1950,0,15.35376609021182,15.35376609021182,100.0
1950,1,22.720055562880475,22.720055562880475,100.0
1950,2,61.92617834690771,61.92617834690771,100.0
1960,0,44.23609643654085,44.23609643654085,100.0
1960,1,15.361631247390099,15.361631247390099,100.0
1960,2,40.40227231606905,40.40227231606905,100.0
1970,0,60.00581714228607,60.00581714228607,100.0
1970,1,10.602059322940685,10.602059322940685,100.0
1970,2,29.39212353477325,29.39212353477325,100.0
1980,0,26.360670754690663,26.360670754690663,100.0
1980,1,45.23019545600254,45.23019545600254,100.0
1980,2,28.40913378930679,28.40913378930679,100.0
1990,0,60.84125799802694,60.84125799802694,100.0
1990,1,21.888618983420816,21.888618983420816,100.0
1990,2,17.270123018552244,17.270123018552244,100.0
2000,0,41.528790144163786,41.528790144163786,100.0
2000,1,46.903999435018825,46.903999435018825,100.0
2000,2,11.567210420817396,11.567210420817396,100.0
2010,0,19.609504414696634,19.609504414696634,100.0
2010,1,34.13754744704811,34.13754744704811,100.0
2010,2,46.25294813825525,46.25294813825525,100.0
2020,0,25.09544717570661,25.09544717570661,100.0
2020,1,24.677476772099855,24.677476772099855,100.0
2020,2,50.22707605219353,50.22707605219353,100.0
2030,0,12.610227963754308,12.610227963754308,100.0
2030,1,50.65752756442,50.65752756442,100.0
2030,2,36.732244471825695,36.732244471825695,100.0
2040,0,48.10303825241436,48.10303825241436,100.0
2040,1,11.39259287331787,11.39259287331787,100.0
2040,2,40.50436887426777,40.50436887426777,100.0
2050,0,49.67258237070421,49.67258237070421,100.0
2050,1,23.480471120368538,23.480471120368538,100.0
2050,2,26.84694650892726,26.84694650892726,100.0
2060,0,20.319920723424804,20.319920723424804,100.0
2060,1,22.682302314587965,22.682302314587965,100.0
2060,2,56.99777696198722,56.99777696198722,100.0
2070,0,20.48919351529457,20.48919351529457,100.0
2070,1,14.140665543612613,14.140665543612613,100.0
2070,2,65.37014094109281,65.37014094109281,100.0
2080,0,33.906377152790434,33.906377152790434,100.0
2080,1,14.044097493644426,14.044097493644426,100.0
2080,2,52.04952535356514,52.04952535356514,100.0
2090,0,41.33975536402391,41.33975536402391,100.0
2090,1,11.587595684412483,11.587595684412483,100.0
2090,2,47.07264895156361,47.07264895156361,100.0
2100,0,26.10696244774382,26.10696244774382,100.0
2100,1,52.02008023610016,52.02008023610016,100.0
2100,2,21.87295731615603,21.87295731615603,100.0
2110,0,30.61446444066489,30.61446444066489,100.0
2110,1,20.64682567695496,20.64682567695496,100.0
2110,2,48.73870988238015,48.73870988238015,100.0
2120,0,48.098488289699,48.098488289699,100.0
2120,1,12.287399817173341,12.287399817173341,100.0
2120,2,39.61411189312766,39.61411189312766,100.0
2130,0,15.498110986808463,15.498110986808463,100.0
2130,1,15.035289379324754,15.035289379324754,100.0
2130,2,69.46659963386679,69.46659963386679,100.0
2140,0,48.73579510073589,48.73579510073589,100.0
2140,1,26.487161630586964,26.487161630586964,100.0
2140,2,24.77704326867715,24.77704326867715,100.0
2150,0,30.635839157635957,30.635839157635957,100.0
2150,1,10.66407561343739,10.66407561343739,100.0
2150,2,58.700085228926646,58.700085228926646,100.0
2160,0,75.3172415767994,75.3172415767994,100.0
2160,1,12.973467480645064,12.973467480645064,100.0
2160,2,11.709290942555524,11.709290942555524,100.0
2170,0,37.05367583261706,37.05367583261706,100.0
2170,1,24.679134194267082,24.679134194267082,100.0
2170,2,38.26718997311585,38.26718997311585,100.0
2180,0,51.609429009552564,51.609429009552564,100.0
2180,1,18.775712499761198,18.775712499761198,100.0
2180,2,29.614858490686245,29.614858490686245,100.0
2190,0,11.967676690576187,11.967676690576187,100.0
2190,1,11.626994718843102,11.626994718843102,100.0
2190,2,76.40532859058072,76.40532859058072,100.0
2200,0,27.329172385166377,27.329172385166377,100.0
2200,1,33.22399061949505,33.22399061949505,100.0
2200,2,39.44683699533857,39.44683699533857,100.0
2210,0,18.13440087423771,18.13440087423771,100.0
2210,1,42.40311916558082,42.40311916558082,100.0
2210,2,39.462479960181476,39.462479960181476,100.0
2220,0,49.2389573502483,49.2389573502483,100.0
2220,1,12.757589362760113,12.757589362760113,100.0
2220,2,38.003453286991586,38.003453286991586,100.0
2230,0,31.528826737926853,31.528826737926853,100.0
2230,1,39.08885258459929,39.08885258459929,100.0
2230,2,29.382320677473857,29.382320677473857,100.0
2240,0,33.42799615725019,33.42799615725019,100.0
2240,1,40.78414589521119,40.78414589521119,100.0
2240,2,25.787857947538622,25.787857947538622,100.0
2250,0,15.009831600662677,15.009831600662677,100.0
2250,1,11.343420263729364,11.343420263729364,100.0
2250,2,73.64674813560795,73.64674813560795,100.0
2260,0,43.06847466173323,43.06847466173323,100.0
2260,1,31.190386293404625,31.190386293404625,100.0
2260,2,25.741139044862145,25.741139044862145,100.0
2270,0,16.925836091599788,16.925836091599788,100.0
2270,1,11.237130912056799,11.237130912056799,100.0
2270,2,71.83703299634342,71.83703299634342,100.0
2280,0,27.268338250752745,27.268338250752745,100.0
2280,1,22.722017223529846,22.722017223529846,100.0
2280,2,50.00964452571741,50.00964452571741,100.0
2290,0,33.53201402001247,33.53201402001247,100.0
2290,1,18.770589384583374,18.770589384583374,100.0
2290,2,47.697396595404165,47.697396595404165,100.0
2300,0,67.15190301765908,67.15190301765908,100.0
2300,1,11.400618878249698,11.400618878249698,100.0
2300,2,21.447478104091225,21.447478104091225,100.0
2310,0,15.533203623585063,15.533203623585063,100.0
2310,1,19.78325751985049,19.78325751985049,100.0
2310,2,64.68353885656445,64.68353885656445,100.0
2320,0,36.41101047991435,36.41101047991435,100.0
2320,1,11.339951511576103,11.339951511576103,100.0
2320,2,52.249038008509544,52.249038008509544,100.0
2330,0,63.25032556261954,63.25032556261954,100.0
2330,1,15.470924396170412,15.470924396170412,100.0
2330,2,21.278750041210046,21.278750041210046,100.0
2340,0,43.65383870759617,43.65383870759617,100.0
2340,1,36.862446430978295,36.862446430978295,100.0
2340,2,19.483714861425543,19.483714861425543,100.0
2350,0,51.93736772809915,51.93736772809915,100.0
2350,1,37.65532759904825,37.65532759904825,100.0
2350,2,10.407304672852613,10.407304672852613,100.0
2360,0,13.590836073241345,13.590836073241345,100.0
2360,1,38.54911944579984,38.54911944579984,100.0
2360,2,47.86004448095882,47.86004448095882,100.0
2370,0,11.514518498417466,11.514518498417466,100.0
2370,1,14.666169309196448,14.666169309196448,100.0
2370,2,73.81931219238609,73.81931219238609,100.0
2380,0,21.880063052409827,21.880063052409827,100.0
2380,1,62.93667950181908,62.93667950181908,100.0
2380,2,15.183257445771096,15.183257445771096,100.0
2390,0,54.0704612676434,54.0704612676434,100.0
2390,1,26.17634473168873,26.17634473168873,100.0
2390,2,19.753194000667882,19.753194000667882,100.0
2400,0,60.86443306316674,60.86443306316674,100.0
2400,1,24.245249616603544,24.245249616603544,100.0
2400,2,14.890317320229702,14.890317320229702,100.0
2410,0,19.76238847118979,19.76238847118979,100.0
2410,1,41.213136776702136,41.213136776702136,100.0
2410,2,39.02447475210808,39.02447475210808,100.0
2420,0,50.74154265902708,50.74154265902708,100.0
2420,1,16.13218340916662,16.13218340916662,100.0
2420,2,33.126273931806296,33.126273931806296,100.0
2430,0,15.846358173986669,15.846358173986669,100.0
2430,1,17.027562218571745,17.027562218571745,100.0
2430,2,67.12607960744158,67.12607960744158,100.0
2440,0,40.00100098814896,40.00100098814896,100.0
2440,1,27.250603283452403,27.250603283452403,100.0
2440,2,32.74839572839864,32.74839572839864,100.0
2450,0,29.331962084750153,29.331962084750153,100.0
2450,1,28.141537238562282,28.141537238562282,100.0
2450,2,42.52650067668757,42.52650067668757,100.0
2460,0,17.20261945333458,17.20261945333458,100.0
2460,1,15.79314004218453,15.79314004218453,100.0
2460,2,67.00424050448089,67.00424050448089,100.0
2470,0,28.82438979590889,28.82438979590889,100.0
2470,1,29.189891492687646,29.189891492687646,100.0
2470,2,41.985718711403464,41.985718711403464,100.0
2480,0,62.08192456538425,62.08192456538425,100.0
2480,1,13.80699365522007,13.80699365522007,100.0
2480,2,24.111081779395683,24.111081779395683,100.0
2490,0,13.954166780944638,13.954166780944638,100.0
2490,1,10.681979864818715,10.681979864818715,100.0
2490,2,75.36385335423665,75.36385335423665,100.0
2500,0,55.059349093178014,55.059349093178014,100.0
2500,1,20.687603245280833,20.687603245280833,100.0
2500,2,24.253047661541164,24.253047661541164,100.0
2510,0,31.582171686078514,31.582171686078514,100.0
2510,1,28.021682217667927,28.021682217667927,100.0
2510,2,40.39614609625357,40.39614609625357,100.0
2520,0,34.00245967492232,34.00245967492232,100.0
2520,1,33.38737817598136,33.38737817598136,100.0
2520,2,32.610162149096325,32.610162149096325,100.0
2530,0,32.96958685089999,32.96958685089999,100.0
2530,1,44.54719132843445,44.54719132843445,100.0
2530,2,22.483221820665573,22.483221820665573,100.0
2540,0,38.68317815866544,38.68317815866544,100.0
2540,1,14.207964527446846,14.207964527446846,100.0
2540,2,47.10885731388771,47.10885731388771,100.0
2550,0,12.412477894993797,12.412477894993797,100.0
2550,1,12.3501920861087,12.3501920861087,100.0
2550,2,75.23733001889751,75.23733001889751,100.0
2560,0,60.71302642270899,60.71302642270899,100.0
2560,1,20.69520442628742,20.69520442628742,100.0
2560,2,18.591769151003586,18.591769151003586,100.0
2570,0,49.11310832468537,49.11310832468537,100.0
2570,1,31.718555329354192,31.718555329354192,100.0
2570,2,19.168336345960444,19.168336345960444,100.0
2580,0,52.24030924858112,52.24030924858112,100.0
2580,1,25.93657797323892,25.93657797323892,100.0
2580,2,21.823112778179972,21.823112778179972,100.0
2590,0,60.89326250605963,60.89326250605963,100.0
2590,1,13.698819369388268,13.698819369388268,100.0
2590,2,25.407918124552108,25.407918124552108,100.0
2600,0,47.09204021771555,47.09204021771555,100.0
2600,1,23.541800612331766,23.541800612331766,100.0
2600,2,29.366159169952688,29.366159169952688,100.0
2610,0,11.452142096088163,11.452142096088163,100.0
2610,1,18.857149696448065,18.857149696448065,100.0
2610,2,69.69070820746379,69.69070820746379,100.0
2620,0,67.43999429829762,67.43999429829762,100.0
2620,1,12.838285816150414,12.838285816150414,100.0
2620,2,19.721719885551973,19.721719885551973,100.0
2630,0,54.802567732411646,54.802567732411646,100.0
2630,1,30.781366501779406,30.781366501779406,100.0
2630,2,14.41606576580895,14.41606576580895,100.0
2640,0,33.36661098574963,33.36661098574963,100.0
2640,1,32.572743178688214,32.572743178688214,100.0
2640,2,34.060645835562156,34.060645835562156,100.0
2650,0,45.815694001593734,45.815694001593734,100.0
2650,1,45.861359806654015,45.861359806654015,100.0
2650,2,8.322946191752258,8.322946191752258,100.0
2660,0,45.05820241111516,45.05820241111516,100.0
2660,1,10.513359507143907,10.513359507143907,100.0
2660,2,44.42843808174094,44.42843808174094,100.0
2670,0,12.003162559254154,12.003162559254154,100.0
2670,1,13.385227210069257,13.385227210069257,100.0
2670,2,74.61161023067659,74.61161023067659,100.0
2680,0,46.550314997018205,46.550314997018205,100.0
2680,1,13.685000128060082,13.685000128060082,100.0
2680,2,39.76468487492171,39.76468487492171,100.0
2690,0,28.618793843303525,28.618793843303525,100.0
2690,1,40.32133085138228,40.32133085138228,100.0
2690,2,31.05987530531421,31.05987530531421,100.0
2700,0,46.81669243910336,46.81669243910336,100.0
2700,1,24.87975914632248,24.87975914632248,100.0
2700,2,28.303548414574152,28.303548414574152,100.0
2710,0,10.196172887582037,10.196172887582037,100.0
2710,1,67.76364540208854,67.76364540208854,100.0
2710,2,22.040181710329417,22.040181710329417,100.0
2720,0,52.15281967710824,52.15281967710824,100.0
2720,1,21.29868645697146,21.29868645697146,100.0
2720,2,26.548493865920292,26.548493865920292,100.0
2730,0,11.055141360356336,11.055141360356336,100.0
2730,1,14.20579891643065,14.20579891643065,100.0
2730,2,74.73905972321302,74.73905972321302,100.0
2740,0,28.05913453192897,28.05913453192897,100.0
2740,1,19.023775523762083,19.023775523762083,100.0
2740,2,52.91708994430895,52.91708994430895,100.0
2750,0,59.26914579974084,59.26914579974084,100.0
2750,1,20.341342332903096,20.341342332903096,100.0
2750,2,20.389511867356063,20.389511867356063,100.0
2760,0,45.183562820194076,45.183562820194076,100.0
2760,1,29.4293759248827,29.4293759248827,100.0
2760,2,25.387061254923232,25.387061254923232,100.0
2770,0,26.747294513882952,26.747294513882952,100.0
2770,1,35.06662953417952,35.06662953417952,100.0
2770,2,38.18607595193754,38.18607595193754,100.0
2780,0,44.96248771122668,44.96248771122668,100.0
2780,1,24.781559930653508,24.781559930653508,100.0
2780,2,30.255952358119824,30.255952358119824,100.0
2790,0,12.579216063687754,12.579216063687754,100.0
2790,1,13.488207599492169,13.488207599492169,100.0
2790,2,73.93257633682008,73.93257633682008,100.0
2800,0,20.72396424761336,20.72396424761336,100.0
2800,1,18.981439072495256,18.981439072495256,100.0
2800,2,60.29459667989138,60.29459667989138,100.0
2810,0,57.788545201095154,57.788545201095154,100.0
2810,1,18.717518163119237,18.717518163119237,100.0
2810,2,23.49393663578562,23.49393663578562,100.0
2820,0,50.6515123238765,50.6515123238765,100.0
2820,1,12.546831460132019,12.546831460132019,100.0
2820,2,36.80165621599147,36.80165621599147,100.0
2830,0,48.031914222411295,48.031914222411295,100.0
2830,1,23.196568415219392,23.196568415219392,100.0
2830,2,28.771517362369327,28.771517362369327,100.0
2840,0,32.0393147123683,32.0393147123683,100.0
2840,1,54.12401986331962,54.12401986331962,100.0
2840,2,13.836665424312066,13.836665424312066,100.0
2850,0,29.65601524564745,29.65601524564745,100.0
2850,1,33.882711696184,33.882711696184,100.0
2850,2,36.461273058168544,36.461273058168544,100.0
2860,0,39.41462730887544,39.41462730887544,100.0
2860,1,52.22971801496066,52.22971801496066,100.0
2860,2,8.355654676163898,8.355654676163898,100.0
2870,0,46.04749275066631,46.04749275066631,100.0
2870,1,34.382884884969336,34.382884884969336,100.0
2870,2,19.56962236436435,19.56962236436435,100.0
2880,0,45.13776579010437,45.13776579010437,100.0
2880,1,35.85035474526313,35.85035474526313,100.0
2880,2,19.011879464632496,19.011879464632496,100.0
2890,0,24.69801823206185,24.69801823206185,100.0
2890,1,28.814256275668487,28.814256275668487,100.0
2890,2,46.487725492269654,46.487725492269654,100.0
2900,0,67.3218605818591,67.3218605818591,100.0
2900,1,21.263242489250622,21.263242489250622,100.0
2900,2,11.414896928890284,11.414896928890284,100.0
2910,0,10.986301271216202,10.986301271216202,100.0
2910,1,12.168354625041022,12.168354625041022,100.0
2910,2,76.84534410374279,76.84534410374279,100.0
2920,0,30.762728215130952,30.762728215130952,100.0
2920,1,34.15171843035908,34.15171843035908,100.0
2920,2,35.085553354509955,35.085553354509955,100.0
2930,0,37.290790191262005,37.290790191262005,100.0
2930,1,10.88835691420091,10.88835691420091,100.0
2930,2,51.82085289453708,51.82085289453708,100.0
2940,0,18.870512364795587,18.870512364795587,100.0
2940,1,56.13399325119123,56.13399325119123,100.0
2940,2,24.995494384013185,24.995494384013185,100.0
2950,0,54.52281312718677,54.52281312718677,100.0
2950,1,17.231306122937763,17.231306122937763,100.0
2950,2,28.245880749875468,28.245880749875468,100.0
2960,0,38.313955933870645,38.313955933870645,100.0
2960,1,25.349909399943936,25.349909399943936,100.0
2960,2,36.33613466618542,36.33613466618542,100.0
2970,0,17.42305080515773,17.42305080515773,100.0
2970,1,14.704478202660859,14.704478202660859,100.0
2970,2,67.8724709921814,67.8724709921814,100.0
2980,0,42.299715144979075,42.299715144979075,100.0
2980,1,35.6303382947244,35.6303382947244,100.0
2980,2,22.06994656029653,22.06994656029653,100.0
2990,0,63.16660067579345,63.16660067579345,100.0
2990,1,25.693107485923193,25.693107485923193,100.0
2990,2,11.14029183828337,11.14029183828337,100.0
3000,0,20.901001910274076,20.901001910274076,100.0
3000,1,33.87208527384363,33.87208527384363,100.0
3000,2,45.22691281588229,45.22691281588229,100.0
3010,0,69.07073854326798,69.07073854326798,100.0
3010,1,13.064768766892751,13.064768766892751,100.0
3010,2,17.864492689839278,17.864492689839278,100.0
3020,0,22.941105728508543,22.941105728508543,100.0
3020,1,37.515659228009554,37.515659228009554,100.0
3020,2,39.5432350434819,39.5432350434819,100.0
3030,0,12.300151842290564,12.300151842290564,100.0
3030,1,11.659732442540115,11.659732442540115,100.0
3030,2,76.04011571516932,76.04011571516932,100.0
3040,0,32.18895523238635,32.18895523238635,100.0
3040,1,32.96614615661383,32.96614615661383,100.0
3040,2,34.84489861099982,34.84489861099982,100.0
3050,0,67.95226275175645,67.95226275175645,100.0
3050,1,16.929466353616814,16.929466353616814,100.0
3050,2,15.11827089462673,15.11827089462673,100.0
3060,0,33.18520561363361,33.18520561363361,100.0
3060,1,37.313974087327004,37.313974087327004,100.0
3060,2,29.500820299039383,29.500820299039383,100.0
3070,0,9.92594332371449,9.92594332371449,100.0
3070,1,27.55448797342096,27.55448797342096,100.0
3070,2,62.51956870286455,62.51956870286455,100.0
3080,0,60.44729721515644,60.44729721515644,100.0
3080,1,9.277099376341468,9.277099376341468,100.0
3080,2,30.27560340850209,30.27560340850209,100.0
3090,0,12.362158982154355,12.362158982154355,100.0
3090,1,14.814715434267638,14.814715434267638,100.0
3090,2,72.823125583578,72.823125583578,100.0
3100,0,59.71490479733045,59.71490479733045,100.0
3100,1,19.57286742658822,19.57286742658822,100.0
3100,2,20.71222777608134,20.71222777608134,100.0
3110,0,52.644850936320864,52.644850936320864,100.0
3110,1,19.153681372018475,19.153681372018475,100.0
3110,2,28.201467691660664,28.201467691660664,100.0
3120,0,69.19137981593799,69.19137981593799,100.0
3120,1,13.90446722888295,13.90446722888295,100.0
3120,2,16.904152955179075,16.904152955179075,100.0
3130,0,51.670868887160125,51.670868887160125,100.0
3130,1,12.538910270860368,12.538910270860368,100.0
3130,2,35.79022084197951,35.79022084197951,100.0
3140,0,13.734379608881357,13.734379608881357,100.0
3140,1,20.8038901130973,20.8038901130973,100.0
3140,2,65.46173027802135,65.46173027802135,100.0
3150,0,9.70191429998904,9.70191429998904,100.0
3150,1,25.92438837430157,25.92438837430157,100.0
3150,2,64.37369732570939,64.37369732570939,100.0
3160,0,29.961301655590105,29.961301655590105,100.0
3160,1,36.33737765224706,36.33737765224706,100.0
3160,2,33.70132069216283,33.70132069216283,100.0
3170,0,49.94807705846556,49.94807705846556,100.0
3170,1,33.85351437197527,33.85351437197527,100.0
3170,2,16.198408569559174,16.198408569559174,100.0
3180,0,40.22369685478106,40.22369685478106,100.0
3180,1,16.771246640130663,16.771246640130663,100.0
3180,2,43.00505650508828,43.00505650508828,100.0
3190,0,29.818553736046866,29.818553736046866,100.0
3190,1,14.881923337040856,14.881923337040856,100.0
3190,2,55.29952292691228,55.29952292691228,100.0
3200,0,27.540335249165153,27.540335249165153,100.0
3200,1,41.94939912862271,41.94939912862271,100.0
3200,2,30.510265622212152,30.510265622212152,100.0
3210,0,13.742321136846833,13.742321136846833,100.0
3210,1,13.38775481193335,13.38775481193335,100.0
3210,2,72.86992405121981,72.86992405121981,100.0
3220,0,24.701388647808972,24.701388647808972,100.0
3220,1,26.278244910267468,26.278244910267468,100.0
3220,2,49.02036644192356,49.02036644192356,100.0
3230,0,61.02837228563014,61.02837228563014,100.0
3230,1,25.71098908346875,25.71098908346875,100.0
3230,2,13.26063863090111,13.26063863090111,100.0
3240,0,18.553588829458967,18.553588829458967,100.0
3240,1,16.14675385240376,16.14675385240376,100.0
3240,2,65.29965731813728,65.29965731813728,100.0
3250,0,38.89428932768559,38.89428932768559,100.0
3250,1,40.75533842354147,40.75533842354147,100.0
3250,2,20.35037224877294,20.35037224877294,100.0
3260,0,64.69640715728924,64.69640715728924,100.0
3260,1,15.411552887470014,15.411552887470014,100.0
3260,2,19.892039955240744,19.892039955240744,100.0
3270,0,15.540298882323786,15.540298882323786,100.0
3270,1,12.834835629207653,12.834835629207653,100.0
3270,2,71.62486548846857,71.62486548846857,100.0
3280,0,24.260696807402976,24.260696807402976,100.0
3280,1,16.29553609159413,16.29553609159413,100.0
3280,2,59.443767101002884,59.443767101002884,100.0
3290,0,10.904448719534,10.904448719534,100.0
3290,1,40.31076108143755,40.31076108143755,100.0
3290,2,48.784790199028464,48.784790199028464,100.0
3300,0,50.39295377238674,50.39295377238674,100.0
3300,1,29.582127997258397,29.582127997258397,100.0
3300,2,20.024918230354878,20.024918230354878,100.0
3310,0,13.49302167583984,13.49302167583984,100.0
3310,1,25.41282848163763,25.41282848163763,100.0
3310,2,61.09414984252254,61.09414984252254,100.0
3320,0,20.27929547922713,20.27929547922713,100.0
3320,1,39.12550296626876,39.12550296626876,100.0
3320,2,40.59520155450411,40.59520155450411,100.0
3330,0,31.371471514411002,31.371471514411002,100.0
3330,1,15.8158727236767,15.8158727236767,100.0
3330,2,52.812655761912296,52.812655761912296,100.0
3340,0,44.656876578412295,44.656876578412295,100.0
3340,1,24.229458768463285,24.229458768463285,100.0
3340,2,31.113664653124413,31.113664653124413,100.0
3350,0,33.429112265027264,33.429112265027264,100.0
3350,1,22.64291398999721,22.64291398999721,100.0
3350,2,43.927973744975525,43.927973744975525,100.0
3360,0,30.321626833049027,30.321626833049027,100.0
3360,1,49.582539181926975,49.582539181926975,100.0
3360,2,20.095833985023994,20.095833985023994,100.0
3370,0,51.07895094922783,51.07895094922783,100.0
3370,1,24.306495910751536,24.306495910751536,100.0
3370,2,24.614553140020632,24.614553140020632,100.0
3380,0,59.185731435484655,59.185731435484655,100.0
3380,1,30.846243185896714,30.846243185896714,100.0
3380,2,9.968025378618616,9.968025378618616,100.0
3390,0,10.785156531154135,10.785156531154135,100.0
3390,1,16.089596062975737,16.089596062975737,100.0
3390,2,73.12524740587013,73.12524740587013,100.0
3400,0,31.883376338475244,31.883376338475244,100.0
3400,1,12.947704846486296,12.947704846486296,100.0
3400,2,55.16891881503846,55.16891881503846,100.0
3410,0,27.08816813880608,27.08816813880608,100.0
3410,1,21.747385397387916,21.747385397387916,100.0
3410,2,51.164446463806016,51.164446463806016,100.0
3420,0,21.91159662257907,21.91159662257907,100.0
3420,1,39.54402949424526,39.54402949424526,100.0
3420,2,38.54437388317567,38.54437388317567,100.0
3430,0,38.75649797538607,38.75649797538607,100.0
3430,1,45.486692593711666,45.486692593711666,100.0
3430,2,15.75680943090227,15.75680943090227,100.0
3440,0,43.37221837944287,43.37221837944287,100.0
3440,1,33.338637298114655,33.338637298114655,100.0
3440,2,23.28914432244248,23.28914432244248,100.0
3450,0,13.31174148970927,13.31174148970927,100.0
3450,1,13.145104922821972,13.145104922821972,100.0
3450,2,73.54315358746875,73.54315358746875,100.0
3460,0,33.13277767947017,33.13277767947017,100.0
3460,1,56.767189759883486,56.767189759883486,100.0
3460,2,10.100032560646346,10.100032560646346,100.0
3470,0,51.69202843153445,51.69202843153445,100.0
3470,1,12.753952689450271,12.753952689450271,100.0
3470,2,35.55401887901529,35.55401887901529,100.0
3480,0,20.1797000403786,20.1797000403786,100.0
3480,1,41.328595930974124,41.328595930974124,100.0
3480,2,38.491704028647284,38.491704028647284,100.0
3490,0,42.92585329145082,42.92585329145082,100.0
3490,1,8.235527308979927,8.235527308979927,100.0
3490,2,48.838619399569254,48.838619399569254,100.0
3500,0,41.30539556276304,41.30539556276304,100.0
3500,1,25.258927026552612,25.258927026552612,100.0
3500,2,33.435677410684356,33.435677410684356,100.0
3510,0,14.082878590094253,14.082878590094253,100.0
3510,1,15.150186424317106,15.150186424317106,100.0
3510,2,70.76693498558865,70.76693498558865,100.0
3520,0,38.825190498948736,38.825190498948736,100.0
3520,1,34.81319411902533,34.81319411902533,100.0
3520,2,26.361615382025928,26.361615382025928,100.0
3530,0,44.02229390346494,44.02229390346494,100.0
3530,1,21.974375683675774,21.974375683675774,100.0
3530,2,34.003330412859285,34.003330412859285,100.0
3540,0,22.56471082958308,22.56471082958308,100.0
3540,1,20.8464413478992,20.8464413478992,100.0
3540,2,56.58884782251772,56.58884782251772,100.0
3550,0,20.28745102604402,20.28745102604402,100.0
3550,1,65.9635578834761,65.9635578834761,100.0
3550,2,13.748991090479883,13.748991090479883,100.0
3560,0,39.81187640224183,39.81187640224183,100.0
3560,1,8.423255871502938,8.423255871502938,100.0
3560,2,51.76486772625524,51.76486772625524,100.0
3570,0,19.979402114037903,19.979402114037903,100.0
3570,1,14.986825061987858,14.986825061987858,100.0
3570,2,65.03377282397425,65.03377282397425,100.0
3580,0,13.466737764530306,13.466737764530306,100.0
3580,1,34.95695042222297,34.95695042222297,100.0
3580,2,51.57631181324673,51.57631181324673,100.0
3590,0,37.53113930127176,37.53113930127176,100.0
3590,1,11.330430558641515,11.330430558641515,100.0
3590,2,51.13843014008672,51.13843014008672,100.0
3600,0,10.817098690388304,10.817098690388304,100.0
3600,1,46.438562274368955,46.438562274368955,100.0
3600,2,42.744339035242746,42.744339035242746,100.0
3610,0,65.02770309146926,65.02770309146926,100.0
3610,1,18.111462828401724,18.111462828401724,100.0
3610,2,16.860834080129003,16.860834080129003,100.0
3620,0,24.475859092110667,24.475859092110667,100.0
3620,1,28.614564341905112,28.614564341905112,100.0
3620,2,46.90957656598422,46.90957656598422,100.0
3630,0,11.595014510124242,11.595014510124242,100.0
3630,1,21.08653714724093,21.08653714724093,100.0
3630,2,67.31844834263482,67.31844834263482,100.0
3640,0,32.156677220389454,32.156677220389454,100.0
3640,1,25.059373131109474,25.059373131109474,100.0
3640,2,42.78394964850108,42.78394964850108,100.0
3650,0,54.8686176621073,54.8686176621073,100.0
3650,1,20.332478290536987,20.332478290536987,100.0
3650,2,24.798904047355723,24.798904047355723,100.0
3660,0,66.44839968878867,66.44839968878867,100.0
3660,1,22.702335658957935,22.702335658957935,100.0
3660,2,10.849264652253401,10.849264652253401,100.0
3670,0,44.229106947742395,44.229106947742395,100.0
3670,1,12.598308864003707,12.598308864003707,100.0
3670,2,43.17258418825391,43.17258418825391,100.0
3680,0,23.665255061881354,23.665255061881354,100.0
3680,1,48.220250343457515,48.220250343457515,100.0
3680,2,28.114494594661142,28.114494594661142,100.0
3690,0,46.413970009812175,46.413970009812175,100.0
3690,1,9.806789358932425,9.806789358932425,100.0
3690,2,43.7792406312554,43.7792406312554,100.0
3700,0,39.16500790340072,39.16500790340072,100.0
3700,1,26.95823413359289,26.95823413359289,100.0
3700,2,33.87675796300639,33.87675796300639,100.0
3710,0,16.67483847793587,16.67483847793587,100.0
3710,1,20.692550562001806,20.692550562001806,100.0
3710,2,62.632610960062316,62.632610960062316,100.0
3720,0,37.71179832239089,37.71179832239089,100.0
3720,1,24.24611472345154,24.24611472345154,100.0
3720,2,38.042086954157575,38.042086954157575,100.0
3730,0,45.42303609762215,45.42303609762215,100.0
3730,1,15.452956175543042,15.452956175543042,100.0
3730,2,39.12400772683481,39.12400772683481,100.0
3740,0,48.85166908531041,48.85166908531041,100.0
3740,1,27.389910831956172,27.389910831956172,100.0
3740,2,23.758420082733426,23.758420082733426,100.0
3750,0,16.741887234665526,16.741887234665526,100.0
3750,1,32.2420780763589,32.2420780763589,100.0
3750,2,51.01603468897559,51.01603468897559,100.0
3760,0,18.182934252196002,18.182934252196002,100.0
3760,1,33.25064400659609,33.25064400659609,100.0
3760,2,48.566421741207904,48.566421741207904,100.0
3770,0,45.39486302478036,45.39486302478036,100.0
3770,1,34.23186343476788,34.23186343476788,100.0
3770,2,20.373273540451756,20.373273540451756,100.0
3780,0,18.98401822006532,18.98401822006532,100.0
3780,1,66.1413829785681,66.1413829785681,100.0
3780,2,14.874598801366579,14.874598801366579,100.0
3790,0,32.46559986610437,32.46559986610437,100.0
3790,1,38.01727764428243,38.01727764428243,100.0
3790,2,29.5171224896132,29.5171224896132,100.0
3800,0,46.34856335094893,46.34856335094893,100.0
3800,1,44.96934041084624,44.96934041084624,100.0
3800,2,8.682096238204839,8.682096238204839,100.0
3810,0,12.534814504209862,12.534814504209862,100.0
3810,1,12.579371092564811,12.579371092564811,100.0
3810,2,74.88581440322534,74.88581440322534,100.0
3820,0,70.67033627246553,70.67033627246553,100.0
3820,1,16.16382994447163,16.16382994447163,100.0
3820,2,13.165833783062839,13.165833783062839,100.0
3830,0,24.83274176545855,24.83274176545855,100.0
3830,1,44.78945492859581,44.78945492859581,100.0
3830,2,30.377803305945633,30.377803305945633,100.0
3840,0,42.75614441431493,42.75614441431493,100.0
3840,1,21.136486653963335,21.136486653963335,100.0
3840,2,36.10736893172174,36.10736893172174,100.0
3850,0,59.27674173302837,59.27674173302837,100.0
3850,1,15.107836377504851,15.107836377504851,100.0
3850,2,25.615421889466777,25.615421889466777,100.0
3860,0,51.40973317958114,51.40973317958114,100.0
3860,1,24.32572999599935,24.32572999599935,100.0
3860,2,24.264536824419515,24.264536824419515,100.0
3870,0,11.965795751859396,11.965795751859396,100.0
3870,1,11.784404276813003,11.784404276813003,100.0
3870,2,76.24979997132762,76.24979997132762,100.0
3880,0,20.060342084018785,20.060342084018785,100.0
3880,1,29.330431405841594,29.330431405841594,100.0
3880,2,50.609226510139614,50.609226510139614,100.0
3890,0,25.993165589871797,25.993165589871797,100.0
3890,1,16.153698913763293,16.153698913763293,100.0
3890,2,57.85313549636491,57.85313549636491,100.0
3900,0,7.627139543866043,7.627139543866043,100.0
3900,1,47.0002994054574,47.0002994054574,100.0
3900,2,45.37256105067656,45.37256105067656,100.0
3910,0,54.06798211308706,54.06798211308706,100.0
3910,1,24.53354618131035,24.53354618131035,100.0
3910,2,21.39847170560258,21.39847170560258,100.0
3920,0,28.84077747275935,28.84077747275935,100.0
3920,1,31.70033441885915,31.70033441885915,100.0
3920,2,39.4588881083815,39.4588881083815,100.0
3930,0,13.411892914699685,13.411892914699685,100.0
3930,1,12.70623060029454,12.70623060029454,100.0
3930,2,73.88187648500578,73.88187648500578,100.0
3940,0,21.977459918277884,21.977459918277884,100.0
3940,1,14.567275456970433,14.567275456970433,100.0
3940,2,63.455264624751685,63.455264624751685,100.0
3950,0,35.75842607053867,35.75842607053867,100.0
3950,1,36.679216871652,36.679216871652,100.0
3950,2,27.56235705780933,27.56235705780933,100.0
3960,0,31.03928673026351,31.03928673026351,100.0
3960,1,15.15495221409082,15.15495221409082,100.0
3960,2,53.805761055645675,53.805761055645675,100.0
3970,0,42.352294728518125,42.352294728518125,100.0
3970,1,17.46930985360562,17.46930985360562,100.0
3970,2,40.17839541787625,40.17839541787625,100.0
3980,0,46.97193279805744,46.97193279805744,100.0
3980,1,15.47601561855872,15.47601561855872,100.0
3980,2,37.55205158338386,37.55205158338386,100.0
3990,0,12.525739132933456,12.525739132933456,100.0
3990,1,13.820998306092545,13.820998306092545,100.0
3990,2,73.653262560974,73.653262560974,100.0
4000,0,59.391771053944396,59.391771053944396,100.0
4000,1,11.543432833814496,11.543432833814496,100.0
4000,2,29.064796112241115,29.064796112241115,100.0
4010,0,37.94592404659039,37.94592404659039,100.0
4010,1,30.969563769819956,30.969563769819956,100.0
4010,2,31.08451218358964,31.08451218358964,100.0
4020,0,48.894113400845924,48.894113400845924,100.0
4020,1,25.73835052043653,25.73835052043653,100.0
4020,2,25.367536078717556,25.367536078717556,100.0
4030,0,40.55834449657713,40.55834449657713,100.0
4030,1,47.519750077761245,47.519750077761245,100.0
4030,2,11.921905425661626,11.921905425661626,100.0
4040,0,35.06278177511174,35.06278177511174,100.0
4040,1,43.16608589791257,43.16608589791257,100.0
4040,2,21.7711323269757,21.7711323269757,100.0
4050,0,13.666198762872433,13.666198762872433,100.0
4050,1,15.316124033593484,15.316124033593484,100.0
4050,2,71.01767720353408,71.01767720353408,100.0
4060,0,35.954574517849764,35.954574517849764,100.0
4060,1,46.54684330670112,46.54684330670112,100.0
4060,2,17.49858217544912,17.49858217544912,100.0
4070,0,61.52414032436702,61.52414032436702,100.0
4070,1,15.597601727565388,15.597601727565388,100.0
4070,2,22.878257948067603,22.878257948067603,100.0
4080,0,25.417766550379227,25.417766550379227,100.0
4080,1,25.92627633744458,25.92627633744458,100.0
4080,2,48.6559571121762,48.6559571121762,100.0
4090,0,55.64934539315883,55.64934539315883,100.0
4090,1,15.683659484192209,15.683659484192209,100.0
4090,2,28.66699512264896,28.66699512264896,100.0
4100,0,26.80293264029193,26.80293264029193,100.0
4100,1,16.96092169290961,16.96092169290961,100.0
4100,2,56.23614566679846,56.23614566679846,100.0
4110,0,19.502098001808513,19.502098001808513,100.0
4110,1,41.18610942288116,41.18610942288116,100.0
4110,2,39.31179257531032,39.31179257531032,100.0
4120,0,22.903546972254922,22.903546972254922,100.0
4120,1,18.781653248498937,18.781653248498937,100.0
4120,2,58.314799779246144,58.314799779246144,100.0
4130,0,39.090182529039,39.090182529039,100.0
4130,1,18.076739409874527,18.076739409874527,100.0
4130,2,42.83307806108648,42.83307806108648,100.0
4140,0,38.845517529615684,38.845517529615684,100.0
4140,1,34.63752333893134,34.63752333893134,100.0
4140,2,26.516959131452982,26.516959131452982,100.0
4150,0,24.527930686964886,24.527930686964886,100.0
4150,1,30.893956536103595,30.893956536103595,100.0
4150,2,44.57811277693152,44.57811277693152,100.0
4160,0,21.062544633471703,21.062544633471703,100.0
4160,1,51.8216757491118,51.8216757491118,100.0
4160,2,27.115779617416496,27.115779617416496,100.0
4170,0,10.105697818431086,10.105697818431086,100.0
4170,1,43.56797195643413,43.56797195643413,100.0
4170,2,46.32633022513478,46.32633022513478,100.0
4180,0,20.078387463033888,20.078387463033888,100.0
4180,1,59.32473168746587,59.32473168746587,100.0
4180,2,20.59688084950024,20.59688084950024,100.0
4190,0,36.347013029077765,36.347013029077765,100.0
4190,1,28.244796587480536,28.244796587480536,100.0
4190,2,35.4081903834417,35.4081903834417,100.0
4200,0,34.72750890223408,34.72750890223408,100.0
4200,1,27.35373670207976,27.35373670207976,100.0
4200,2,37.918754395686165,37.918754395686165,100.0
4210,0,18.359873735387254,18.359873735387254,100.0
4210,1,34.355987749547076,34.355987749547076,100.0
4210,2,47.28413851506567,47.28413851506567,100.0
4220,0,68.31526310539144,68.31526310539144,100.0
4220,1,10.150536878774096,10.150536878774096,100.0
4220,2,21.53420001583447,21.53420001583447,100.0
4230,0,14.483717364673366,14.483717364673366,100.0
4230,1,12.668968133690086,12.668968133690086,100.0
4230,2,72.84731450163655,72.84731450163655,100.0
4240,0,18.236988808616548,18.236988808616548,100.0
4240,1,14.107053143598375,14.107053143598375,100.0
4240,2,67.65595804778509,67.65595804778509,100.0
4250,0,61.16138787041721,61.16138787041721,100.0
4250,1,29.086071874103197,29.086071874103197,100.0
4250,2,9.752540255479607,9.752540255479607,100.0
4260,0,40.7007037052902,40.7007037052902,100.0
4260,1,20.845177195633617,20.845177195633617,100.0
4260,2,38.45411909907617,38.45411909907617,100.0
4270,0,31.95956285727374,31.95956285727374,100.0
4270,1,15.594851842921537,15.594851842921537,100.0
4270,2,52.44558529980473,52.44558529980473,100.0
4280,0,43.26761841207986,43.26761841207986,100.0
4280,1,37.405157814576334,37.405157814576334,100.0
4280,2,19.327223773343807,19.327223773343807,100.0
4290,0,11.645129857327893,11.645129857327893,100.0
4290,1,12.406836026864255,12.406836026864255,100.0
4290,2,75.94803411580784,75.94803411580784,100.0
4300,0,29.763580514998765,29.763580514998765,100.0
4300,1,12.848138109063168,12.848138109063168,100.0
4300,2,57.388281375938064,57.388281375938064,100.0
4310,0,16.39779438205209,16.39779438205209,100.0
4310,1,42.58301377661013,42.58301377661013,100.0
4310,2,41.01919184133778,41.01919184133778,100.0
4320,0,22.284014193610286,22.284014193610286,100.0
4320,1,18.865863020534494,18.865863020534494,100.0
4320,2,58.85012278585522,58.85012278585522,100.0
4330,0,19.047877355812286,19.047877355812286,100.0
4330,1,43.4686766291809,43.4686766291809,100.0
4330,2,37.48344601500683,37.48344601500683,100.0
4340,0,42.22937524714733,42.22937524714733,100.0
4340,1,17.906507785035803,17.906507785035803,100.0
4340,2,39.86411696781687,39.86411696781687,100.0
4350,0,24.620260097610803,24.620260097610803,100.0
4350,1,21.84485892252381,21.84485892252381,100.0
4350,2,53.534880979865385,53.534880979865385,100.0
4360,0,55.135651387545735,55.135651387545735,100.0
4360,1,10.630727701680433,10.630727701680433,100.0
4360,2,34.23362091077383,34.23362091077383,100.0
4370,0,60.495456581747085,60.495456581747085,100.0
4370,1,17.274490593162955,17.274490593162955,100.0
4370,2,22.230052825089956,22.230052825089956,100.0
4380,0,66.48658376522106,66.48658376522106,100.0
4380,1,10.577578118646345,10.577578118646345,100.0
4380,2,22.935838116132608,22.935838116132608,100.0
4390,0,31.620063204957283,31.620063204957283,100.0
4390,1,33.51173547242794,33.51173547242794,100.0
4390,2,34.86820132261478,34.86820132261478,100.0
4400,0,46.54601883613098,46.54601883613098,100.0
4400,1,14.26154729761667,14.26154729761667,100.0
4400,2,39.192433866252344,39.192433866252344,100.0
4410,0,12.559044856699803,12.559044856699803,100.0
4410,1,12.858030465739478,12.858030465739478,100.0
4410,2,74.58292467756073,74.58292467756073,100.0
4420,0,31.220192162161265,31.220192162161265,100.0
4420,1,30.302809343944293,30.302809343944293,100.0
4420,2,38.476998493894435,38.476998493894435,100.0
4430,0,22.76928549296562,22.76928549296562,100.0
4430,1,31.273303494138727,31.273303494138727,100.0
4430,2,45.957411012895655,45.957411012895655,100.0
4440,0,13.520508229190566,13.520508229190566,100.0
4440,1,50.894858796664764,50.894858796664764,100.0
4440,2,35.58463297414466,35.58463297414466,100.0
4450,0,35.54610126333553,35.54610126333553,100.0
4450,1,26.467283384399153,26.467283384399153,100.0
4450,2,37.98661535226531,37.98661535226531,100.0
4460,0,36.44494270132215,36.44494270132215,100.0
4460,1,38.29101415049672,38.29101415049672,100.0
4460,2,25.264043148181138,25.264043148181138,100.0
4470,0,18.080234039054044,18.080234039054044,100.0
4470,1,11.797450489840541,11.797450489840541,100.0
4470,2,70.12231547110542,70.12231547110542,100.0
4480,0,17.812444485950753,17.812444485950753,100.0
4480,1,16.029352264451624,16.029352264451624,100.0
4480,2,66.15820324959762,66.15820324959762,100.0
4490,0,61.81488998938356,61.81488998938356,100.0
4490,1,27.943927970329298,27.943927970329298,100.0
4490,2,10.241182040287152,10.241182040287152,100.0
4500,0,47.87663071221838,47.87663071221838,100.0
4500,1,23.589973872279124,23.589973872279124,100.0
4500,2,28.533395415502504,28.533395415502504,100.0
4510,0,24.801142908367467,24.801142908367467,100.0
4510,1,23.74471379377788,23.74471379377788,100.0
4510,2,51.45414329785466,51.45414329785466,100.0
4520,0,57.7391974234494,57.7391974234494,100.0
4520,1,19.07962709264125,19.07962709264125,100.0
4520,2,23.181175483909357,23.181175483909357,100.0
4530,0,13.33824989839589,13.33824989839589,100.0
4530,1,15.850260286719209,15.850260286719209,100.0
4530,2,70.8114898148849,70.8114898148849,100.0
4540,0,25.455505179503945,25.455505179503945,100.0
4540,1,19.95466248719724,19.95466248719724,100.0
4540,2,54.589832333298816,54.589832333298816,100.0
4550,0,58.58237233659567,58.58237233659567,100.0
4550,1,10.30330274887205,10.30330274887205,100.0
4550,2,31.114324914532286,31.114324914532286,100.0
4560,0,11.033426427487845,11.033426427487845,100.0
4560,1,36.392221500980185,36.392221500980185,100.0
4560,2,52.57435207153196,52.57435207153196,100.0
4570,0,40.32185966645984,40.32185966645984,100.0
4570,1,40.29665859583794,40.29665859583794,100.0
4570,2,19.381481737702238,19.381481737702238,100.0
4580,0,30.004931680436954,30.004931680436954,100.0
4580,1,49.954159545711306,49.954159545711306,100.0
4580,2,20.040908773851736,20.040908773851736,100.0
4590,0,36.323754614909824,36.323754614909824,100.0
4590,1,15.277412004604171,15.277412004604171,100.0
4590,2,48.398833380486,48.398833380486,100.0
4600,0,64.93254190410103,64.93254190410103,100.0
4600,1,14.041453486339291,14.041453486339291,100.0
4600,2,21.02600460955968,21.02600460955968,100.0
4610,0,35.46282889029229,35.46282889029229,100.0
4610,1,29.637565274018385,29.637565274018385,100.0
4610,2,34.89960583568932,34.89960583568932,100.0
4620,0,59.40826749058006,59.40826749058006,100.0
4620,1,10.14653671203038,10.14653671203038,100.0
4620,2,30.44519579738955,30.44519579738955,100.0
4630,0,41.56639649865143,41.56639649865143,100.0
4630,1,13.431722619382993,13.431722619382993,100.0
4630,2,45.001880881965576,45.001880881965576,100.0
4640,0,22.32817829223432,22.32817829223432,100.0
4640,1,64.56993868812437,64.56993868812437,100.0
4640,2,13.101883019641322,13.101883019641322,100.0
4650,0,36.99203531445235,36.99203531445235,100.0
4650,1,37.70155836000243,37.70155836000243,100.0
4650,2,25.306406325545222,25.306406325545222,100.0
4660,0,41.1984576150315,41.1984576150315,100.0
4660,1,20.333789479779156,20.333789479779156,100.0
4660,2,38.46775290518936,38.46775290518936,100.0
4670,0,31.27534295453148,31.27534295453148,100.0
4670,1,27.96003615648314,27.96003615648314,100.0
4670,2,40.764620888985384,40.764620888985384,100.0
4680,0,34.324789283414574,34.324789283414574,100.0
4680,1,32.948827016817354,32.948827016817354,100.0
4680,2,32.72638369976807,32.72638369976807,100.0
4690,0,57.897740016676366,57.897740016676366,100.0
4690,1,32.858604022642865,32.858604022642865,100.0
4690,2,9.243655960680774,9.243655960680774,100.0
4700,0,42.26763173509899,42.26763173509899,100.0
4700,1,36.58612982356518,36.58612982356518,100.0
4700,2,21.146238441335846,21.146238441335846,100.0
4710,0,24.200252619876668,24.200252619876668,100.0
4710,1,20.557921042094463,20.557921042094463,100.0
4710,2,55.24182633802888,55.24182633802888,100.0
4720,0,72.41957252806921,72.41957252806921,100.0
4720,1,14.36364193555901,14.36364193555901,100.0
4720,2,13.21678553637179,13.21678553637179,100.0
4730,0,46.36670523962485,46.36670523962485,100.0
4730,1,27.13924002845242,27.13924002845242,100.0
4730,2,26.494054731922738,26.494054731922738,100.0
4740,0,59.62718823825155,59.62718823825155,100.0
4740,1,19.27632477883887,19.27632477883887,100.0
4740,2,21.096486982909585,21.096486982909585,100.0
4750,0,67.57426598010251,67.57426598010251,100.0
4750,1,17.455060189406595,17.455060189406595,100.0
4750,2,14.970673830490892,14.970673830490892,100.0
4760,0,26.358171718483693,26.358171718483693,100.0
4760,1,43.7171555976999,43.7171555976999,100.0
4760,2,29.924672683816407,29.924672683816407,100.0
4770,0,11.736577184070415,11.736577184070415,100.0
4770,1,23.95921431996738,23.95921431996738,100.0
4770,2,64.30420849596221,64.30420849596221,100.0
4780,0,54.201322220864014,54.201322220864014,100.0
4780,1,12.842676566633711,12.842676566633711,100.0
4780,2,32.95600121250228,32.95600121250228,100.0
4790,0,51.55461818785696,51.55461818785696,100.0
4790,1,20.652471755037904,20.652471755037904,100.0
4790,2,27.792910057105136,27.792910057105136,100.0
4800,0,52.86974148173342,52.86974148173342,100.0
4800,1,35.34881910566878,35.34881910566878,100.0
4800,2,11.781439412597807,11.781439412597807,100.0
4810,0,39.348802244150704,39.348802244150704,100.0
4810,1,49.82016790945156,49.82016790945156,100.0
4810,2,10.83102984639773,10.83102984639773,100.0
4820,0,20.569084460551444,20.569084460551444,100.0
4820,1,18.49251470598925,18.49251470598925,100.0
4820,2,60.938400833459305,60.938400833459305,100.0
4830,0,9.619015860201072,9.619015860201072,100.0
4830,1,33.74035696563065,33.74035696563065,100.0
4830,2,56.64062717416828,56.64062717416828,100.0
4840,0,19.906553681368173,19.906553681368173,100.0
4840,1,46.32297106692754,46.32297106692754,100.0
4840,2,33.77047525170428,33.77047525170428,100.0
4850,0,41.9777547441176,41.9777547441176,100.0
4850,1,29.280093102783024,29.280093102783024,100.0
4850,2,28.742152153099383,28.742152153099383,100.0
4860,0,73.66258271419635,73.66258271419635,100.0
4860,1,15.058608432848464,15.058608432848464,100.0
4860,2,11.278808852955192,11.278808852955192,100.0
4870,0,31.416646637812594,31.416646637812594,100.0
4870,1,39.000291757284714,39.000291757284714,100.0
4870,2,29.583061604902696,29.583061604902696,100.0
4880,0,45.99876882314827,45.99876882314827,100.0
4880,1,34.239342954734944,34.239342954734944,100.0
4880,2,19.761888222116795,19.761888222116795,100.0
4890,0,18.597852432965773,18.597852432965773,100.0
4890,1,12.450144291375343,12.450144291375343,100.0
4890,2,68.9520032756589,68.9520032756589,100.0
4900,0,30.530237517217536,30.530237517217536,100.0
4900,1,57.197857524491894,57.197857524491894,100.0
4900,2,12.271904958290577,12.271904958290577,100.0
4910,0,31.46252256271911,31.46252256271911,100.0
4910,1,24.10653806242133,24.10653806242133,100.0
4910,2,44.43093937485956,44.43093937485956,100.0
4920,0,60.78406056554264,60.78406056554264,100.0
4920,1,26.40802920374702,26.40802920374702,100.0
4920,2,12.807910230710343,12.807910230710343,100.0
4930,0,25.913174749860772,25.913174749860772,100.0
4930,1,32.38605224723807,32.38605224723807,100.0
4930,2,41.700773002901144,41.700773002901144,100.0
4940,0,65.43258719121577,65.43258719121577,100.0
4940,1,9.748105289936051,9.748105289936051,100.0
4940,2,24.819307518848174,24.819307518848174,100.0
4950,0,11.787915074268923,11.787915074268923,100.0
4950,1,11.646988589088924,11.646988589088924,100.0
4950,2,76.56509633664214,76.56509633664214,100.0
4960,0,74.0633090411149,74.0633090411149,100.0
4960,1,12.80849026318739,12.80849026318739,100.0
4960,2,13.128200695697705,13.128200695697705,100.0
4970,0,21.13411631712439,21.13411631712439,100.0
4970,1,34.34061844703161,34.34061844703161,100.0
4970,2,44.52526523584399,44.52526523584399,100.0
4980,0,20.492375497309077,20.492375497309077,100.0
4980,1,24.83031139262867,24.83031139262867,100.0
4980,2,54.67731311006225,54.67731311006225,100.0
4990,0,13.286266307395579,13.286266307395579,100.0
4990,1,72.89541333073393,72.89541333073393,100.0
4990,2,13.818320361870502,13.818320361870502,100.0
5000,0,34.39211586299552,34.39211586299552,100.0
5000,1,44.056188996162476,44.056188996162476,100.0
5000,2,21.551695140842007,21.551695140842007,100.0
5010,0,11.997169053023116,11.997169053023116,100.0
5010,1,32.7314131273277,32.7314131273277,100.0
5010,2,55.27141781964918,55.27141781964918,100.0
5020,0,57.642305009210595,57.642305009210595,100.0
5020,1,10.293969010513015,10.293969010513015,100.0
5020,2,32.06372598027639,32.06372598027639,100.0
5030,0,19.961475251884078,19.961475251884078,100.0
5030,1,35.41240767969354,35.41240767969354,100.0
5030,2,44.62611706842239,44.62611706842239,100.0
5040,0,25.77665886668817,25.77665886668817,100.0
5040,1,21.254523493083628,21.254523493083628,100.0
5040,2,52.9688176402282,52.9688176402282,100.0
5050,0,38.94202002772584,38.94202002772584,100.0
5050,1,9.028325186022542,9.028325186022542,100.0
5050,2,52.02965478625163,52.02965478625163,100.0
5060,0,16.921694812448482,16.921694812448482,100.0
5060,1,46.1766692844962,46.1766692844962,100.0
5060,2,36.90163590305532,36.90163590305532,100.0
5070,0,42.51543050645446,42.51543050645446,100.0
5070,1,14.87712205692518,14.87712205692518,100.0
5070,2,42.607447436620355,42.607447436620355,100.0
5080,0,38.01668602074749,38.01668602074749,100.0
5080,1,46.782403310478536,46.782403310478536,100.0
5080,2,15.20091066877397,15.20091066877397,100.0
5090,0,35.814274930804345,35.814274930804345,100.0
5090,1,49.54497249700383,49.54497249700383,100.0
5090,2,14.640752572191824,14.640752572191824,100.0
5100,0,43.22417267350791,43.22417267350791,100.0
5100,1,18.323511585174792,18.323511585174792,100.0
5100,2,38.45231574131729,38.45231574131729,100.0
5110,0,29.13577642729837,29.13577642729837,100.0
5110,1,11.727237210581421,11.727237210581421,100.0
5110,2,59.136986362120204,59.136986362120204,100.0
5120,0,61.08403812514347,61.08403812514347,100.0
5120,1,24.29794304449334,24.29794304449334,100.0
5120,2,14.618018830363194,14.618018830363194,100.0
5130,0,13.313991785219848,13.313991785219848,100.0
5130,1,15.390821266310192,15.390821266310192,100.0
5130,2,71.29518694846996,71.29518694846996,100.0
5140,0,43.33339239842921,43.33339239842921,100.0
5140,1,21.30852607006741,21.30852607006741,100.0
5140,2,35.35808153150338,35.35808153150338,100.0
5150,0,36.66443314560312,36.66443314560312,100.0
5150,1,32.4443549492205,32.4443549492205,100.0
5150,2,30.89121190517638,30.89121190517638,100.0
5160,0,33.94439228615755,33.94439228615755,100.0
5160,1,45.52052762441543,45.52052762441543,100.0
5160,2,20.53508008942701,20.53508008942701,100.0
5170,0,37.187220141965895,37.187220141965895,100.0
5170,1,52.66433360765923,52.66433360765923,100.0
5170,2,10.148446250374889,10.148446250374889,100.0
5180,0,31.347265392217093,31.347265392217093,100.0
5180,1,24.89210830717917,24.89210830717917,100.0
5180,2,43.760626300603725,43.760626300603725,100.0
5190,0,11.875035341669236,11.875035341669236,100.0
5190,1,16.614365342792357,16.614365342792357,100.0
5190,2,71.51059931553841,71.51059931553841,100.0
5200,0,51.230813611689555,51.230813611689555,100.0
5200,1,14.398984206382053,14.398984206382053,100.0
5200,2,34.370202181928384,34.370202181928384,100.0
5210,0,26.823121256430944,26.823121256430944,100.0
5210,1,49.68274234797509,49.68274234797509,100.0
5210,2,23.494136395593966,23.494136395593966,100.0
5220,0,27.719663804325762,27.719663804325762,100.0
5220,1,13.35088947331545,13.35088947331545,100.0
5220,2,58.92944672235879,58.92944672235879,100.0
5230,0,25.316375573468253,25.316375573468253,100.0
5230,1,21.806056716533963,21.806056716533963,100.0
5230,2,52.877567709997784,52.877567709997784,100.0
5240,0,24.604365974378545,24.604365974378545,100.0
5240,1,42.848641078906795,42.848641078906795,100.0
5240,2,32.54699294671466,32.54699294671466,100.0
5250,0,14.921362835281233,14.921362835281233,100.0
5250,1,20.765346850927955,20.765346850927955,100.0
5250,2,64.31329031379082,64.31329031379082,100.0
5260,0,39.966218636155226,39.966218636155226,100.0
5260,1,17.20744020230261,17.20744020230261,100.0
5260,2,42.82634116154217,42.82634116154217,100.0
5270,0,11.811134925530254,11.811134925530254,100.0
5270,1,33.91388959165209,33.91388959165209,100.0
5270,2,54.274975482817666,54.274975482817666,100.0
5280,0,46.71254949495251,46.71254949495251,100.0
5280,1,42.32506171862369,42.32506171862369,100.0
5280,2,10.962388786423803,10.962388786423803,100.0
5290,0,23.808042956575783,23.808042956575783,100.0
5290,1,15.207139393935194,15.207139393935194,100.0
5290,2,60.98481764948902,60.98481764948902,100.0
5300,0,44.98964720803566,44.98964720803566,100.0
5300,1,8.91311898243106,8.91311898243106,100.0
5300,2,46.09723380953328,46.09723380953328,100.0
5310,0,13.1225563866391,13.1225563866391,100.0
5310,1,17.0768052668208,17.0768052668208,100.0
5310,2,69.8006383465401,69.8006383465401,100.0
5320,0,69.91029593449872,69.91029593449872,100.0
5320,1,12.031826795873926,12.031826795873926,100.0
5320,2,18.05787726962735,18.05787726962735,100.0
5330,0,32.862238670044405,32.862238670044405,100.0
5330,1,20.70587392924312,20.70587392924312,100.0
5330,2,46.43188740071248,46.43188740071248,100.0
5340,0,25.42668138492668,25.42668138492668,100.0
5340,1,15.777635327717135,15.777635327717135,100.0
5340,2,58.79568328735619,58.79568328735619,100.0
5350,0,46.634040880098034,46.634040880098034,100.0
5350,1,29.17928451110299,29.17928451110299,100.0
5350,2,24.18667460879898,24.18667460879898,100.0
5360,0,46.34907185393436,46.34907185393436,100.0
5360,1,27.467397523946634,27.467397523946634,100.0
5360,2,26.183530622119005,26.183530622119005,100.0
5370,0,24.292370615063927,24.292370615063927,100.0
5370,1,10.628178760677972,10.628178760677972,100.0
5370,2,65.0794506242581,65.0794506242581,100.0
5380,0,27.26429634149032,27.26429634149032,100.0
5380,1,25.11909253987407,25.11909253987407,100.0
5380,2,47.61661111863562,47.61661111863562,100.0
5390,0,50.859764171340096,50.859764171340096,100.0
5390,1,16.96614104381663,16.96614104381663,100.0
5390,2,32.174094784843284,32.174094784843284,100.0
5400,0,68.15925747196809,68.15925747196809,100.0
5400,1,16.45505665245527,16.45505665245527,100.0
5400,2,15.385685875576641,15.385685875576641,100.0
5410,0,51.13534690024512,51.13534690024512,100.0
5410,1,8.69062360080092,8.69062360080092,100.0
5410,2,40.17402949895397,40.17402949895397,100.0
5420,0,12.746443056616863,12.746443056616863,100.0
5420,1,33.76992545474419,33.76992545474419,100.0
5420,2,53.48363148863895,53.48363148863895,100.0
5430,0,15.934686412836124,15.934686412836124,100.0
5430,1,18.078739138750294,18.078739138750294,100.0
5430,2,65.98657444841359,65.98657444841359,100.0
5440,0,56.39020945184821,56.39020945184821,100.0
5440,1,32.89160426657291,32.89160426657291,100.0
5440,2,10.71818628157889,10.71818628157889,100.0
5450,0,31.00676151424922,31.00676151424922,100.0
5450,1,12.577429812511859,12.577429812511859,100.0
5450,2,56.41580867323892,56.41580867323892,100.0
5460,0,49.85042235105474,49.85042235105474,100.0
5460,1,8.589687315910327,8.589687315910327,100.0
5460,2,41.55989033303493,41.55989033303493,100.0
5470,0,33.275579091391165,33.275579091391165,100.0
5470,1,22.015608694529085,22.015608694529085,100.0
5470,2,44.70881221407976,44.70881221407976,100.0
5480,0,60.252417381267165,60.252417381267165,100.0
5480,1,16.44875546599301,16.44875546599301,100.0
5480,2,23.298827152739833,23.298827152739833,100.0
5490,0,11.303970697736284,11.303970697736284,100.0
5490,1,26.370468506512985,26.370468506512985,100.0
5490,2,62.32556079575073,62.32556079575073,100.0
5500,0,13.017553381297784,13.017553381297784,100.0
5500,1,65.3263151724535,65.3263151724535,100.0
5500,2,21.65613144624871,21.65613144624871,100.0
5510,0,36.059470236570505,36.059470236570505,100.0
5510,1,25.414046515418132,25.414046515418132,100.0
5510,2,38.526483248011374,38.526483248011374,100.0
5520,0,66.52017273160436,66.52017273160436,100.0
5520,1,9.631357682123316,9.631357682123316,100.0
5520,2,23.848469586272326,23.848469586272326,100.0
5530,0,51.923334430639166,51.923334430639166,100.0
5530,1,37.0202983382363,37.0202983382363,100.0
5530,2,11.05636723112452,11.05636723112452,100.0
5540,0,37.91815105098236,37.91815105098236,100.0
5540,1,14.749322472802302,14.749322472802302,100.0
5540,2,47.33252647621533,47.33252647621533,100.0
5550,0,13.254436150883103,13.254436150883103,100.0
5550,1,11.724722162795146,11.724722162795146,100.0
5550,2,75.02084168632176,75.02084168632176,100.0
5560,0,45.196444551385845,45.196444551385845,100.0
5560,1,10.133260718613291,10.133260718613291,100.0
5560,2,44.67029473000087,44.67029473000087,100.0
5570,0,49.294557357506555,49.294557357506555,100.0
5570,1,32.2541309149894,32.2541309149894,100.0
5570,2,18.45131172750404,18.45131172750404,100.0
5580,0,49.646584559703186,49.646584559703186,100.0
5580,1,41.34088510516708,41.34088510516708,100.0
5580,2,9.012530335129739,9.012530335129739,100.0
5590,0,47.73454006739649,47.73454006739649,100.0
5590,1,9.571374742782963,9.571374742782963,100.0
5590,2,42.69408518982055,42.69408518982055,100.0
5600,0,40.43907622838851,40.43907622838851,100.0
5600,1,17.7731645942063,17.7731645942063,100.0
5600,2,41.7877591774052,41.7877591774052,100.0
5610,0,11.685769018963322,11.685769018963322,100.0
5610,1,12.374755829007427,12.374755829007427,100.0
5610,2,75.93947515202926,75.93947515202926,100.0
5620,0,21.80446287578213,21.80446287578213,100.0
5620,1,31.556917105451234,31.556917105451234,100.0
5620,2,46.638620018766645,46.638620018766645,100.0
5630,0,17.386599900643226,17.386599900643226,100.0
5630,1,34.53136348502358,34.53136348502358,100.0
5630,2,48.08203661433319,48.08203661433319,100.0
5640,0,22.06771370866198,22.06771370866198,100.0
5640,1,31.194035212064406,31.194035212064406,100.0
5640,2,46.73825107927362,46.73825107927362,100.0
5650,0,71.37215251133013,71.37215251133013,100.0
5650,1,12.942287611274276,12.942287611274276,100.0
5650,2,15.685559877395598,15.685559877395598,100.0
5660,0,37.91909929989345,37.91909929989345,100.0
5660,1,40.297644888721074,40.297644888721074,100.0
5660,2,21.78325581138547,21.78325581138547,100.0
5670,0,16.539662246207214,16.539662246207214,100.0
5670,1,11.35415729114123,11.35415729114123,100.0
5670,2,72.10618046265157,72.10618046265157,100.0
5680,0,28.632734089807858,28.632734089807858,100.0
5680,1,57.07078602861944,57.07078602861944,100.0
5680,2,14.296479881572699,14.296479881572699,100.0
5690,0,39.6619436062867,39.6619436062867,100.0
5690,1,13.050974147807992,13.050974147807992,100.0
5690,2,47.28708224590531,47.28708224590531,100.0
5700,0,41.34104997410456,41.34104997410456,100.0
5700,1,39.28849081811507,39.28849081811507,100.0
5700,2,19.370459207780367,19.370459207780367,100.0
5710,0,19.51995787758211,19.51995787758211,100.0
5710,1,33.69143228706618,33.69143228706618,100.0
5710,2,46.788609835351714,46.788609835351714,100.0
5720,0,27.39008853929141,27.39008853929141,100.0
5720,1,15.559445828699966,15.559445828699966,100.0
5720,2,57.05046563200863,57.05046563200863,100.0
5730,0,11.564741726996825,11.564741726996825,100.0
5730,1,19.135108981377194,19.135108981377194,100.0
5730,2,69.30014929162598,69.30014929162598,100.0
5740,0,39.05011585459171,39.05011585459171,100.0
5740,1,44.86074770400644,44.86074770400644,100.0
5740,2,16.089136441401838,16.089136441401838,100.0
5750,0,31.958227456355676,31.958227456355676,100.0
5750,1,47.30031422898695,47.30031422898695,100.0
5750,2,20.741458314657375,20.741458314657375,100.0
5760,0,52.92575106545778,52.92575106545778,100.0
5760,1,19.388267049563513,19.388267049563513,100.0
5760,2,27.6859818849787,27.6859818849787,100.0
5770,0,54.194413391577214,54.194413391577214,100.0
5770,1,8.814811943997338,8.814811943997338,100.0
5770,2,36.990774664425444,36.990774664425444,100.0
5780,0,49.04374466823324,49.04374466823324,100.0
5780,1,22.237048011250263,22.237048011250263,100.0
5780,2,28.71920732051649,28.71920732051649,100.0
5790,0,12.733712767076472,12.733712767076472,100.0
5790,1,12.185008498902405,12.185008498902405,100.0
5790,2,75.08127873402111,75.08127873402111,100.0
5800,0,15.473032986379234,15.473032986379234,100.0
5800,1,65.66523452172042,65.66523452172042,100.0
5800,2,18.86173249190034,18.86173249190034,100.0
5810,0,36.32363936064233,36.32363936064233,100.0
5810,1,19.637755455249145,19.637755455249145,100.0
5810,2,44.03860518410853,44.03860518410853,100.0
5820,0,59.74160390587866,59.74160390587866,100.0
5820,1,18.16644757926338,18.16644757926338,100.0
5820,2,22.091948514857968,22.091948514857968,100.0
5830,0,32.497990697677565,32.497990697677565,100.0
5830,1,18.618300449391388,18.618300449391388,100.0
5830,2,48.88370885293105,48.88370885293105,100.0
5840,0,34.550835817885634,34.550835817885634,100.0
5840,1,47.61816393373399,47.61816393373399,100.0
5840,2,17.831000248380384,17.831000248380384,100.0
5850,0,19.425331463447588,19.425331463447588,100.0
5850,1,26.24046844966298,26.24046844966298,100.0
5850,2,54.33420008688944,54.33420008688944,100.0
5860,0,65.21272053836582,65.21272053836582,100.0
5860,1,22.31466700073009,22.31466700073009,100.0
5860,2,12.472612460904092,12.472612460904092,100.0
5870,0,31.944944280795994,31.944944280795994,100.0
5870,1,30.354856813621257,30.354856813621257,100.0
5870,2,37.700198905582745,37.700198905582745,100.0
5880,0,39.45400118922307,39.45400118922307,100.0
5880,1,11.29614600627665,11.29614600627665,100.0
5880,2,49.249852804500286,49.249852804500286,100.0
5890,0,43.53908412542636,43.53908412542636,100.0
5890,1,16.691756192374037,16.691756192374037,100.0
5890,2,39.7691596821996,39.7691596821996,100.0
5900,0,63.24578579731449,63.24578579731449,100.0
5900,1,15.971239213145411,15.971239213145411,100.0
5900,2,20.782974989540097,20.782974989540097,100.0
5910,0,11.470778344311771,11.470778344311771,100.0
5910,1,13.309142815789619,13.309142815789619,100.0
5910,2,75.2200788398986,75.2200788398986,100.0
5920,0,67.2097680376935,67.2097680376935,100.0
5920,1,12.4309171698006,12.4309171698006,100.0
5920,2,20.359314792505906,20.359314792505906,100.0
5930,0,39.301220630684305,39.301220630684305,100.0
5930,1,35.73163221837849,35.73163221837849,100.0
5930,2,24.967147150937212,24.967147150937212,100.0
5940,0,33.02727141355567,33.02727141355567,100.0
5940,1,11.366840313616448,11.366840313616448,100.0
5940,2,55.60588827282788,55.60588827282788,100.0
5950,0,39.61543979990808,39.61543979990808,100.0
5950,1,42.03655240063841,42.03655240063841,100.0
5950,2,18.34800779945349,18.34800779945349,100.0
5960,0,65.0729042509828,65.0729042509828,100.0
5960,1,14.216922728787734,14.216922728787734,100.0
5960,2,20.710173020229465,20.710173020229465,100.0
5970,0,16.128925968800697,16.128925968800697,100.0
5970,1,12.205444508588029,12.205444508588029,100.0
5970,2,71.66562952261128,71.66562952261128,100.0
5980,0,40.866190291805424,40.866190291805424,100.0
5980,1,8.045827141447992,8.045827141447992,100.0
5980,2,51.08798256674659,51.08798256674659,100.0
5990,0,26.19805213156974,26.19805213156974,100.0
5990,1,29.938830369517245,29.938830369517245,100.0
5990,2,43.86311749891302,43.86311749891302,100.0
6000,0,42.8098912404841,42.8098912404841,100.0
6000,1,43.118082195417806,43.118082195417806,100.0
6000,2,14.072026564098088,14.072026564098088,100.0
6010,0,36.50129735382357,36.50129735382357,100.0
6010,1,48.679912753027835,48.679912753027835,100.0
6010,2,14.818789893148612,14.818789893148612,100.0
6020,0,61.149032493743896,61.149032493743896,100.0
6020,1,15.847863700692336,15.847863700692336,100.0
6020,2,23.00310380556377,23.00310380556377,100.0
6030,0,13.660928177657263,13.660928177657263,100.0
6030,1,13.180979820635407,13.180979820635407,100.0
6030,2,73.15809200170735,73.15809200170735,100.0
6040,0,35.5037242123406,35.5037242123406,100.0
6040,1,13.57826378208502,13.57826378208502,100.0
6040,2,50.918012005574376,50.918012005574376,100.0
6050,0,26.6594067910496,26.6594067910496,100.0
6050,1,38.41189815892264,38.41189815892264,100.0
6050,2,34.92869505002777,34.92869505002777,100.0
6060,0,9.410600965861562,9.410600965861562,100.0
6060,1,39.787767158296525,39.787767158296525,100.0
6060,2,50.80163187584192,50.80163187584192,100.0
6070,0,51.069381616468114,51.069381616468114,100.0
6070,1,9.419289644614961,9.419289644614961,100.0
6070,2,39.51132873891694,39.51132873891694,100.0
6080,0,13.186183606836444,13.186183606836444,100.0
6080,1,58.81421458985038,58.81421458985038,100.0
6080,2,27.999601803313183,27.999601803313183,100.0
6090,0,12.729313580050988,12.729313580050988,100.0
6090,1,49.50906789911599,49.50906789911599,100.0
6090,2,37.761618520833025,37.761618520833025,100.0
6100,0,50.20241859223219,50.20241859223219,100.0
6100,1,13.887254909032585,13.887254909032585,100.0
6100,2,35.91032649873524,35.91032649873524,100.0
6110,0,26.106863911654248,26.106863911654248,100.0
6110,1,18.816914310931043,18.816914310931043,100.0
6110,2,55.076221777414716,55.076221777414716,100.0
6120,0,42.647612340853705,42.647612340853705,100.0
6120,1,15.6558976940623,15.6558976940623,100.0
6120,2,41.69648996508399,41.69648996508399,100.0
6130,0,60.3516604450886,60.3516604450886,100.0
6130,1,11.413081299106818,11.413081299106818,100.0
6130,2,28.23525825580459,28.23525825580459,100.0
6140,0,62.622992973264815,62.622992973264815,100.0
6140,1,10.18376095799212,10.18376095799212,100.0
6140,2,27.193246068743065,27.193246068743065,100.0
6150,0,18.30249706808154,18.30249706808154,100.0
6150,1,14.112720487656263,14.112720487656263,100.0
6150,2,67.5847824442622,67.5847824442622,100.0
6160,0,45.564179560070414,45.564179560070414,100.0
6160,1,10.437759285096421,10.437759285096421,100.0
6160,2,43.998061154833174,43.998061154833174,100.0
6170,0,45.08260855592448,45.08260855592448,100.0
6170,1,20.87598782941967,20.87598782941967,100.0
6170,2,34.041403614655856,34.041403614655856,100.0
6180,0,45.18353079432763,45.18353079432763,100.0
6180,1,28.818537155070306,28.818537155070306,100.0
6180,2,25.997932050602067,25.997932050602067,100.0
6190,0,18.81933662900256,18.81933662900256,100.0
6190,1,69.08538047038495,69.08538047038495,100.0
6190,2,12.09528290061249,12.09528290061249,100.0
6200,0,53.06802165323388,53.06802165323388,100.0
6200,1,20.222009788374645,20.222009788374645,100.0
6200,2,26.709968558391477,26.709968558391477,100.0
6210,0,41.289182855414516,41.289182855414516,100.0
6210,1,8.876840516336138,8.876840516336138,100.0
6210,2,49.83397662824934,49.83397662824934,100.0
6220,0,53.81767877506962,53.81767877506962,100.0
6220,1,19.158787637068105,19.158787637068105,100.0
6220,2,27.023533587862275,27.023533587862275,100.0
6230,0,46.09224856046767,46.09224856046767,100.0
6230,1,30.92393873497455,30.92393873497455,100.0
6230,2,22.983812704557792,22.983812704557792,100.0
6240,0,69.26688029194462,69.26688029194462,100.0
6240,1,17.781083781237335,17.781083781237335,100.0
6240,2,12.952035926818045,12.952035926818045,100.0
6250,0,19.972835549307778,19.972835549307778,100.0
6250,1,54.96155398984068,54.96155398984068,100.0
6250,2,25.065610460851545,25.065610460851545,100.0
6260,0,17.182684404683258,17.182684404683258,100.0
6260,1,12.509992040506376,12.509992040506376,100.0
6260,2,70.30732355481037,70.30732355481037,100.0
6270,0,29.788187757261575,29.788187757261575,100.0
6270,1,17.17661675794607,17.17661675794607,100.0
6270,2,53.035195484792354,53.035195484792354,100.0
6280,0,16.283777765657526,16.283777765657526,100.0
6280,1,63.31798948190579,63.31798948190579,100.0
6280,2,20.398232752436684,20.398232752436684,100.0
6290,0,49.779934353349496,49.779934353349496,100.0
6290,1,39.50306964429341,39.50306964429341,100.0
6290,2,10.716996002357087,10.716996002357087,100.0
6300,0,25.8385071686339,25.8385071686339,100.0
6300,1,44.56327166953282,44.56327166953282,100.0
6300,2,29.598221161833283,29.598221161833283,100.0
6310,0,19.12233665301335,19.12233665301335,100.0
6310,1,34.05465905184176,34.05465905184176,100.0
6310,2,46.82300429514489,46.82300429514489,100.0
6320,0,31.97791715712818,31.97791715712818,100.0
6320,1,55.68568221858191,55.68568221858191,100.0
6320,2,12.336400624289919,12.336400624289919,100.0
6330,0,31.491644366087705,31.491644366087705,100.0
6330,1,31.76847369362983,31.76847369362983,100.0
6330,2,36.73988194028247,36.73988194028247,100.0
6340,0,52.28407893144019,52.28407893144019,100.0
6340,1,8.631585575878097,8.631585575878097,100.0
6340,2,39.08433549268172,39.08433549268172,100.0
6350,0,35.01848399536701,35.01848399536701,100.0
6350,1,50.88198070626255,50.88198070626255,100.0
6350,2,14.099535298370439,14.099535298370439,100.0
6360,0,66.19892585243174,66.19892585243174,100.0
6360,1,13.670480727633095,13.670480727633095,100.0
6360,2,20.130593419935163,20.130593419935163,100.0
6370,0,43.192726400003146,43.192726400003146,100.0
6370,1,11.409120037717821,11.409120037717821,100.0
6370,2,45.398153562279035,45.398153562279035,100.0
6380,0,18.12927724609854,18.12927724609854,100.0
6380,1,24.436343037708,24.436343037708,100.0
6380,2,57.43437971619346,57.43437971619346,100.0
6390,0,22.317970664662123,22.317970664662123,100.0
6390,1,9.892591364258433,9.892591364258433,100.0
6390,2,67.78943797107945,67.78943797107945,100.0
6400,0,58.210134267909396,58.210134267909396,100.0
6400,1,30.59109918121016,30.59109918121016,100.0
6400,2,11.198766550880428,11.198766550880428,100.0
6410,0,44.62849620390457,44.62849620390457,100.0
6410,1,34.58983526074801,34.58983526074801,100.0
6410,2,20.78166853534742,20.78166853534742,100.0
6420,0,58.42802450461373,58.42802450461373,100.0
6420,1,29.05896136740894,29.05896136740894,100.0
6420,2,12.513014127977332,12.513014127977332,100.0
6430,0,45.33742986804391,45.33742986804391,100.0
6430,1,26.358492090130405,26.358492090130405,100.0
6430,2,28.304078041825697,28.304078041825697,100.0
6440,0,35.55799772926525,35.55799772926525,100.0
6440,1,24.906305850090924,24.906305850090924,100.0
6440,2,39.53569642064382,39.53569642064382,100.0
6450,0,11.292535415211933,11.292535415211933,100.0
6450,1,10.948950337919515,10.948950337919515,100.0
6450,2,77.75851424686854,77.75851424686854,100.0
6460,0,15.485547039399684,15.485547039399684,100.0
6460,1,12.780966308365201,12.780966308365201,100.0
6460,2,71.73348665223513,71.73348665223513,100.0
6470,0,44.8145175921333,44.8145175921333,100.0
6470,1,30.481923825997747,30.481923825997747,100.0
6470,2,24.703558581868943,24.703558581868943,100.0
6480,0,68.36345037027219,68.36345037027219,100.0
6480,1,16.478855632848735,16.478855632848735,100.0
6480,2,15.157693996879077,15.157693996879077,100.0
6490,0,28.55313649364269,28.55313649364269,100.0
6490,1,34.62287243768552,34.62287243768552,100.0
6490,2,36.823991068671795,36.823991068671795,100.0
6500,0,23.241486721517738,23.241486721517738,100.0
6500,1,21.83368677574018,21.83368677574018,100.0
6500,2,54.924826502742086,54.924826502742086,100.0
6510,0,12.931514886646422,12.931514886646422,100.0
6510,1,17.536373533271103,17.536373533271103,100.0
6510,2,69.53211158008247,69.53211158008247,100.0
6520,0,37.05123534858614,37.05123534858614,100.0
6520,1,51.90530058117925,51.90530058117925,100.0
6520,2,11.043464070234624,11.043464070234624,100.0
6530,0,43.89243961654912,43.89243961654912,100.0
6530,1,40.32100156126721,40.32100156126721,100.0
6530,2,15.786558822183668,15.786558822183668,100.0
6540,0,29.521436899734294,29.521436899734294,100.0
6540,1,41.527962861431426,41.527962861431426,100.0
6540,2,28.950600238834284,28.950600238834284,100.0
6550,0,9.923073291286007,9.923073291286007,100.0
6550,1,57.762266892016235,57.762266892016235,100.0
6550,2,32.31465981669776,32.31465981669776,100.0
6560,0,39.088284776605065,39.088284776605065,100.0
6560,1,10.029460868627147,10.029460868627147,100.0
6560,2,50.88225435476779,50.88225435476779,100.0
6570,0,17.305147587053078,17.305147587053078,100.0
6570,1,14.466803962961647,14.466803962961647,100.0
6570,2,68.22804844998528,68.22804844998528,100.0
6580,0,41.44165143167635,41.44165143167635,100.0
6580,1,44.236774922030214,44.236774922030214,100.0
6580,2,14.321573646293425,14.321573646293425,100.0
6590,0,22.218987866717054,22.218987866717054,100.0
6590,1,32.69784940884722,32.69784940884722,100.0
6590,2,45.08316272443573,45.08316272443573,100.0
6600,0,58.92848606891863,58.92848606891863,100.0
6600,1,31.070272304637182,31.070272304637182,100.0
6600,2,10.001241626444195,10.001241626444195,100.0
6610,0,48.679425396880845,48.679425396880845,100.0
6610,1,11.653552221465434,11.653552221465434,100.0
6610,2,39.66702238165373,39.66702238165373,100.0
6620,0,55.34126911144324,55.34126911144324,100.0
6620,1,17.20449751592268,17.20449751592268,100.0
6620,2,27.45423337263409,27.45423337263409,100.0
6630,0,18.2429143658891,18.2429143658891,100.0
6630,1,10.716808559598665,10.716808559598665,100.0
6630,2,71.04027707451223,71.04027707451223,100.0
6640,0,36.90085874895096,36.90085874895096,100.0
6640,1,48.14226798101199,48.14226798101199,100.0
6640,2,14.956873270037049,14.956873270037049,100.0
6650,0,15.46194973095002,15.46194973095002,100.0
6650,1,27.88650722646697,27.88650722646697,100.0
6650,2,56.65154304258301,56.65154304258301,100.0
6660,0,46.49871947035231,46.49871947035231,100.0
6660,1,25.58089735495634,25.58089735495634,100.0
6660,2,27.920383174691356,27.920383174691356,100.0
6670,0,37.7825457791716,37.7825457791716,100.0
6670,1,16.113386990395046,16.113386990395046,100.0
6670,2,46.10406723043335,46.10406723043335,100.0
6680,0,20.074799186711623,20.074799186711623,100.0
6680,1,24.743266979373406,24.743266979373406,100.0
6680,2,55.181933833914975,55.181933833914975,100.0
6690,0,27.634754623773567,27.634754623773567,100.0
6690,1,9.283775188536039,9.283775188536039,100.0
6690,2,63.08147018769039,63.08147018769039,100.0
6700,0,29.161191760475525,29.161191760475525,100.0
6700,1,42.94757613851563,42.94757613851563,100.0
6700,2,27.891232101008846,27.891232101008846,100.0
6710,0,20.102052516743022,20.102052516743022,100.0
6710,1,19.50978140362428,19.50978140362428,100.0
6710,2,60.3881660796327,60.3881660796327,100.0
6720,0,41.94516765485755,41.94516765485755,100.0
6720,1,18.333861417924837,18.333861417924837,100.0
6720,2,39.720970927217614,39.720970927217614,100.0
6730,0,69.61846652736862,69.61846652736862,100.0
6730,1,14.770754064480752,14.770754064480752,100.0
6730,2,15.610779408150618,15.610779408150618,100.0
6740,0,58.99302240212167,58.99302240212167,100.0
6740,1,15.841364303148472,15.841364303148472,100.0
6740,2,25.16561329472986,25.16561329472986,100.0
6750,0,15.582699783594142,15.582699783594142,100.0
6750,1,19.699225991399732,19.699225991399732,100.0
6750,2,64.71807422500613,64.71807422500613,100.0
6760,0,39.48678571612738,39.48678571612738,100.0
6760,1,40.73558818753696,40.73558818753696,100.0
6760,2,19.77762609633565,19.77762609633565,100.0
6770,0,22.317273225929505,22.317273225929505,100.0
6770,1,11.99356944790018,11.99356944790018,100.0
6770,2,65.68915732617032,65.68915732617032,100.0
6780,0,39.97294216007572,39.97294216007572,100.0
6780,1,13.482039129123965,13.482039129123965,100.0
6780,2,46.54501871080031,46.54501871080031,100.0
6790,0,16.67234842531492,16.67234842531492,100.0
6790,1,49.484146808121636,49.484146808121636,100.0
6790,2,33.84350476656345,33.84350476656345,100.0
6800,0,31.069420910213402,31.069420910213402,100.0
6800,1,24.38276103685078,24.38276103685078,100.0
6800,2,44.547818052935824,44.547818052935824,100.0
6810,0,22.76880552098542,22.76880552098542,100.0
6810,1,11.710102328498841,11.710102328498841,100.0
6810,2,65.52109215051574,65.52109215051574,100.0
6820,0,40.466152536793324,40.466152536793324,100.0
6820,1,26.604425146238714,26.604425146238714,100.0
6820,2,32.929422316967965,32.929422316967965,100.0
6830,0,34.383701497188774,34.383701497188774,100.0
6830,1,39.82537346827934,39.82537346827934,100.0
6830,2,25.7909250345319,25.7909250345319,100.0
6840,0,36.55253491878375,36.55253491878375,100.0
6840,1,33.62260304951381,33.62260304951381,100.0
6840,2,29.824862031702427,29.824862031702427,100.0
6850,0,38.683579381614805,38.683579381614805,100.0
6850,1,32.61163601159674,32.61163601159674,100.0
6850,2,28.704784606788465,28.704784606788465,100.0
6860,0,43.33363082254736,43.33363082254736,100.0
6860,1,22.667520176791786,22.667520176791786,100.0
6860,2,33.998849000660854,33.998849000660854,100.0
6870,0,14.134102519422362,14.134102519422362,100.0
6870,1,23.830492723997832,23.830492723997832,100.0
6870,2,62.0354047565798,62.0354047565798,100.0
6880,0,61.572682648504426,61.572682648504426,100.0
6880,1,19.797466634777074,19.797466634777074,100.0
6880,2,18.62985071671851,18.62985071671851,100.0
6890,0,29.487331248371973,29.487331248371973,100.0
6890,1,49.309539197902474,49.309539197902474,100.0
6890,2,21.203129553725546,21.203129553725546,100.0
6900,0,25.38763016319678,25.38763016319678,100.0
6900,1,24.79649185279043,24.79649185279043,100.0
6900,2,49.81587798401279,49.81587798401279,100.0
6910,0,71.43223602373152,71.43223602373152,100.0
6910,1,14.356662065876954,14.356662065876954,100.0
6910,2,14.211101910391518,14.211101910391518,100.0
6920,0,71.01347568311725,71.01347568311725,100.0
6920,1,14.09089010328864,14.09089010328864,100.0
6920,2,14.8956342135941,14.8956342135941,100.0
6930,0,11.80106125219228,11.80106125219228,100.0
6930,1,12.462359637883779,12.462359637883779,100.0
6930,2,75.73657910992394,75.73657910992394,100.0
6940,0,42.12880980896494,42.12880980896494,100.0
6940,1,42.24145949485624,42.24145949485624,100.0
6940,2,15.629730696178829,15.629730696178829,100.0
6950,0,53.49659247294086,53.49659247294086,100.0
6950,1,23.126434338914777,23.126434338914777,100.0
6950,2,23.376973188144355,23.376973188144355,100.0
6960,0,52.41521282584725,52.41521282584725,100.0
6960,1,19.121413976760135,19.121413976760135,100.0
6960,2,28.463373197392627,28.463373197392627,100.0
6970,0,40.659560570672944,40.659560570672944,100.0
6970,1,11.641459329632161,11.641459329632161,100.0
6970,2,47.69898009969491,47.69898009969491,100.0
6980,0,24.461490616789696,24.461490616789696,100.0
6980,1,37.68438822942704,37.68438822942704,100.0
6980,2,37.85412115378326,37.85412115378326,100.0
6990,0,13.189295830626538,13.189295830626538,100.0
6990,1,18.819266396952976,18.819266396952976,100.0
6990,2,67.9914377724205,67.9914377724205,100.0
7000,0,63.63178400649284,63.63178400649284,100.0
7000,1,10.421499841777399,10.421499841777399,100.0
7000,2,25.94671615172976,25.94671615172976,100.0
7010,0,13.577380775408344,13.577380775408344,100.0
7010,1,29.163708314255913,29.163708314255913,100.0
7010,2,57.25891091033575,57.25891091033575,100.0
7020,0,15.565047286528271,15.565047286528271,100.0
7020,1,36.313596645049415,36.313596645049415,100.0
7020,2,48.12135606842232,48.12135606842232,100.0
7030,0,29.31959018726055,29.31959018726055,100.0
7030,1,27.82538271885331,27.82538271885331,100.0
7030,2,42.85502709388614,42.85502709388614,100.0
7040,0,16.694646971537797,16.694646971537797,100.0
7040,1,20.706688949204253,20.706688949204253,100.0
7040,2,62.59866407925796,62.59866407925796,100.0
7050,0,14.105965457370498,14.105965457370498,100.0
7050,1,18.632828289951266,18.632828289951266,100.0
7050,2,67.26120625267824,67.26120625267824,100.0
7060,0,53.4115355776011,53.4115355776011,100.0
7060,1,35.47551378828838,35.47551378828838,100.0
7060,2,11.11295063411052,11.11295063411052,100.0
7070,0,26.575188780012894,26.575188780012894,100.0
7070,1,21.74286661125856,21.74286661125856,100.0
7070,2,51.68194460872855,51.68194460872855,100.0
7080,0,33.90338041273727,33.90338041273727,100.0
7080,1,45.09478815762492,45.09478815762492,100.0
7080,2,21.0018314296378,21.0018314296378,100.0
7090,0,23.09466397351005,23.09466397351005,100.0
7090,1,23.357517407329777,23.357517407329777,100.0
7090,2,53.54781861916017,53.54781861916017,100.0
7100,0,48.82731477493014,48.82731477493014,100.0
7100,1,31.1919260658067,31.1919260658067,100.0
7100,2,19.98075915926317,19.98075915926317,100.0
7110,0,18.0297242777673,18.0297242777673,100.0
7110,1,27.85695658014893,27.85695658014893,100.0
7110,2,54.11331914208377,54.11331914208377,100.0
7120,0,38.1778773374066,38.1778773374066,100.0
7120,1,50.665646986005406,50.665646986005406,100.0
7120,2,11.156475676587984,11.156475676587984,100.0
7130,0,49.39804368741218,49.39804368741218,100.0
7130,1,27.148524381062366,27.148524381062366,100.0
7130,2,23.453431931525447,23.453431931525447,100.0
7140,0,47.08044477272132,47.08044477272132,100.0
7140,1,26.8506933816974,26.8506933816974,100.0
7140,2,26.06886184558128,26.06886184558128,100.0
7150,0,64.1746075508798,64.1746075508798,100.0
7150,1,11.853071559767365,11.853071559767365,100.0
7150,2,23.972320889352833,23.972320889352833,100.0
7160,0,53.5820763791926,53.5820763791926,100.0
7160,1,32.42134350517515,32.42134350517515,100.0
7160,2,13.996580115632248,13.996580115632248,100.0
7170,0,15.245833281991283,15.245833281991283,100.0
7170,1,15.302724324264682,15.302724324264682,100.0
7170,2,69.45144239374405,69.45144239374405,100.0
7180,0,32.83378484061426,32.83378484061426,100.0
7180,1,10.599940725517797,10.599940725517797,100.0
7180,2,56.56627443386796,56.56627443386796,100.0
7190,0,68.7338109034334,68.7338109034334,100.0
7190,1,15.834895539125151,15.834895539125151,100.0
7190,2,15.431293557441455,15.431293557441455,100.0
7200,0,34.55671296535506,34.55671296535506,100.0
7200,1,26.089494626061143,26.089494626061143,100.0
7200,2,39.35379240858379,39.35379240858379,100.0
7210,0,60.175247639666466,60.175247639666466,100.0
7210,1,15.16415448088995,15.16415448088995,100.0
7210,2,24.660597879443596,24.660597879443596,100.0
7220,0,15.427645469805181,15.427645469805181,100.0
7220,1,66.80995062110631,66.80995062110631,100.0
7220,2,17.76240390908851,17.76240390908851,100.0
7230,0,33.224837620393394,33.224837620393394,100.0
7230,1,32.10377829073155,32.10377829073155,100.0
7230,2,34.671384088875065,34.671384088875065,100.0
7240,0,46.84216818024673,46.84216818024673,100.0
7240,1,19.09214556397393,19.09214556397393,100.0
7240,2,34.06568625577935,34.06568625577935,100.0
7250,0,46.22235375932032,46.22235375932032,100.0
7250,1,10.793900560822035,10.793900560822035,100.0
7250,2,42.98374567985764,42.98374567985764,100.0
7260,0,34.35631229581419,34.35631229581419,100.0
7260,1,15.182649813140497,15.182649813140497,100.0
7260,2,50.461037891045315,50.461037891045315,100.0
7270,0,28.013509362881774,28.013509362881774,100.0
7270,1,27.687371483410285,27.687371483410285,100.0
7270,2,44.29911915370795,44.29911915370795,100.0
7280,0,48.67312966833364,48.67312966833364,100.0
7280,1,14.041452899115757,14.041452899115757,100.0
7280,2,37.28541743255062,37.28541743255062,100.0
7290,0,14.597707434030355,14.597707434030355,100.0
7290,1,17.09070503970071,17.09070503970071,100.0
7290,2,68.31158752626895,68.31158752626895,100.0
7300,0,24.579424911484207,24.579424911484207,100.0
7300,1,25.410577459852668,25.410577459852668,100.0
7300,2,50.00999762866313,50.00999762866313,100.0
7310,0,56.465207442300034,56.465207442300034,100.0
7310,1,28.350578181497603,28.350578181497603,100.0
7310,2,15.184214376202362,15.184214376202362,100.0
7320,0,41.271719528068,41.271719528068,100.0
7320,1,49.459369526696584,49.459369526696584,100.0
7320,2,9.268910945235428,9.268910945235428,100.0
7330,0,49.99800784304641,49.99800784304641,100.0
7330,1,36.77641557616681,36.77641557616681,100.0
7330,2,13.225576580786777,13.225576580786777,100.0
7340,0,16.977128606388465,16.977128606388465,100.0
7340,1,10.58738451007809,10.58738451007809,100.0
7340,2,72.43548688353346,72.43548688353346,100.0
7350,0,9.658700039416528,9.658700039416528,100.0
7350,1,25.283874728822365,25.283874728822365,100.0
7350,2,65.05742523176112,65.05742523176112,100.0
7360,0,41.29072931411653,41.29072931411653,100.0
7360,1,10.409982878324216,10.409982878324216,100.0
7360,2,48.29928780755925,48.29928780755925,100.0
7370,0,35.40371494751757,35.40371494751757,100.0
7370,1,38.320896892191314,38.320896892191314,100.0
7370,2,26.27538816029112,26.27538816029112,100.0
7380,0,51.162837310401684,51.162837310401684,100.0
7380,1,18.846421182416993,18.846421182416993,100.0
7380,2,29.990741507181312,29.990741507181312,100.0
7390,0,27.263818309851512,27.263818309851512,100.0
7390,1,31.499219006153538,31.499219006153538,100.0
7390,2,41.236962683994946,41.236962683994946,100.0
7400,0,51.82230611167151,51.82230611167151,100.0
7400,1,22.383374223359382,22.383374223359382,100.0
7400,2,25.794319664969105,25.794319664969105,100.0
7410,0,12.355075114058689,12.355075114058689,100.0
7410,1,13.727240917079984,13.727240917079984,100.0
7410,2,73.91768396886133,73.91768396886133,100.0
7420,0,12.254233231922912,12.254233231922912,100.0
7420,1,27.98185245620654,27.98185245620654,100.0
7420,2,59.76391431187055,59.76391431187055,100.0
7430,0,66.38616451069741,66.38616451069741,100.0
7430,1,23.500954983837914,23.500954983837914,100.0
7430,2,10.112880505464682,10.112880505464682,100.0
7440,0,16.228306522387655,16.228306522387655,100.0
7440,1,12.386211048263863,12.386211048263863,100.0
7440,2,71.38548242934849,71.38548242934849,100.0
7450,0,36.754026839012006,36.754026839012006,100.0
7450,1,15.36387618781918,15.36387618781918,100.0
7450,2,47.88209697316882,47.88209697316882,100.0
7460,0,43.26296995846623,43.26296995846623,100.0
7460,1,10.631607284723293,10.631607284723293,100.0
7460,2,46.10542275681047,46.10542275681047,100.0
7470,0,15.144960530038675,15.144960530038675,100.0
7470,1,15.840302243367175,15.840302243367175,100.0
7470,2,69.01473722659415,69.01473722659415,100.0
7480,0,33.28079118457648,33.28079118457648,100.0
7480,1,27.361369947959908,27.361369947959908,100.0
7480,2,39.35783886746363,39.35783886746363,100.0
7490,0,31.165704666754017,31.165704666754017,100.0
7490,1,19.29291630438837,19.29291630438837,100.0
7490,2,49.541379028857605,49.541379028857605,100.0
7500,0,33.167078331926234,33.167078331926234,100.0
7500,1,43.028783121267615,43.028783121267615,100.0
7500,2,23.804138546806154,23.804138546806154,100.0
7510,0,40.28166541053381,40.28166541053381,100.0
7510,1,14.963367178480919,14.963367178480919,100.0
7510,2,44.754967410985266,44.754967410985266,100.0
7520,0,47.6415494294723,47.6415494294723,100.0
7520,1,10.643508441223606,10.643508441223606,100.0
7520,2,41.71494212930409,41.71494212930409,100.0
7530,0,13.258124266459165,13.258124266459165,100.0
7530,1,31.818849407858835,31.818849407858835,100.0
7530,2,54.923026325682,54.923026325682,100.0
7540,0,39.683880616726434,39.683880616726434,100.0
7540,1,43.56245987047516,43.56245987047516,100.0
7540,2,16.753659512798407,16.753659512798407,100.0
7550,0,27.774143325235954,27.774143325235954,100.0
7550,1,39.30140574379401,39.30140574379401,100.0
7550,2,32.924450930970046,32.924450930970046,100.0
7560,0,52.94341221087792,52.94341221087792,100.0
7560,1,17.893364792779884,17.893364792779884,100.0
7560,2,29.163222996342192,29.163222996342192,100.0
7570,0,31.111520712638242,31.111520712638242,100.0
7570,1,34.94762481625167,34.94762481625167,100.0
7570,2,33.940854471110086,33.940854471110086,100.0
7580,0,25.79441091448058,25.79441091448058,100.0
7580,1,40.74985484524127,40.74985484524127,100.0
7580,2,33.455734240278154,33.455734240278154,100.0
7590,0,9.568352049833972,9.568352049833972,100.0
7590,1,49.478539009225756,49.478539009225756,100.0
7590,2,40.95310894094028,40.95310894094028,100.0
7600,0,29.19645747862588,29.19645747862588,100.0
7600,1,48.883112889628265,48.883112889628265,100.0
7600,2,21.92042963174586,21.92042963174586,100.0
7610,0,31.343284137285522,31.343284137285522,100.0
7610,1,48.05666150157429,48.05666150157429,100.0
7610,2,20.60005436114019,20.60005436114019,100.0
7620,0,36.73336988614099,36.73336988614099,100.0
7620,1,34.39346099262494,34.39346099262494,100.0
7620,2,28.87316912123407,28.87316912123407,100.0
7630,0,29.44144877965803,29.44144877965803,100.0
7630,1,19.36435705727804,19.36435705727804,100.0
7630,2,51.19419416306393,51.19419416306393,100.0
7640,0,47.00509780091426,47.00509780091426,100.0
7640,1,32.45788958253838,32.45788958253838,100.0
7640,2,20.537012616547365,20.537012616547365,100.0
7650,0,14.342349350035525,14.342349350035525,100.0
7650,1,12.395118120660653,12.395118120660653,100.0
7650,2,73.26253252930384,73.26253252930384,100.0
7660,0,26.136780695223795,26.136780695223795,100.0
7660,1,28.984017275097894,28.984017275097894,100.0
7660,2,44.87920202967831,44.87920202967831,100.0
7670,0,49.75961851359616,49.75961851359616,100.0
7670,1,37.008906420273554,37.008906420273554,100.0
7670,2,13.231475066130294,13.231475066130294,100.0
7680,0,19.50330548051834,19.50330548051834,100.0
7680,1,20.984792676521902,20.984792676521902,100.0
7680,2,59.51190184295976,59.51190184295976,100.0
7690,0,32.042565036475665,32.042565036475665,100.0
7690,1,14.11348619767585,14.11348619767585,100.0
7690,2,53.84394876584848,53.84394876584848,100.0
7700,0,26.81840862136047,26.81840862136047,100.0
7700,1,40.22562068319648,40.22562068319648,100.0
7700,2,32.95597069544306,32.95597069544306,100.0
7710,0,32.490420608031364,32.490420608031364,100.0
7710,1,17.85794541483457,17.85794541483457,100.0
7710,2,49.651633977134054,49.651633977134054,100.0
7720,0,44.89335744357453,44.89335744357453,100.0
7720,1,14.043617752887746,14.043617752887746,100.0
7720,2,41.063024803537715,41.063024803537715,100.0
7730,0,66.26510280351108,66.26510280351108,100.0
7730,1,13.685902037499106,13.685902037499106,100.0
7730,2,20.048995158989822,20.048995158989822,100.0
7740,0,72.39371836973307,72.39371836973307,100.0
7740,1,12.744140815357602,12.744140815357602,100.0
7740,2,14.862140814909338,14.862140814909338,100.0
7750,0,43.657809511014,43.657809511014,100.0
7750,1,15.79572885784486,15.79572885784486,100.0
7750,2,40.54646163114115,40.54646163114115,100.0
7760,0,49.53466510852826,49.53466510852826,100.0
7760,1,30.884621846409544,30.884621846409544,100.0
7760,2,19.580713045062193,19.580713045062193,100.0
7770,0,26.35825899829768,26.35825899829768,100.0
7770,1,16.440769960768126,16.440769960768126,100.0
7770,2,57.20097104093419,57.20097104093419,100.0
7780,0,10.471093170385194,10.471093170385194,100.0
7780,1,43.01120414730595,43.01120414730595,100.0
7780,2,46.51770268230885,46.51770268230885,100.0
7790,0,44.8119551973541,44.8119551973541,100.0
7790,1,37.18675412978973,37.18675412978973,100.0
7790,2,18.001290672856165,18.001290672856165,100.0
7800,0,22.40344379063806,22.40344379063806,100.0
7800,1,60.05370595699723,60.05370595699723,100.0
7800,2,17.542850252364712,17.542850252364712,100.0
7810,0,55.74444503620254,55.74444503620254,100.0
7810,1,14.356446245812831,14.356446245812831,100.0
7810,2,29.899108717984628,29.899108717984628,100.0
7820,0,40.65797273077729,40.65797273077729,100.0
7820,1,30.460420776674074,30.460420776674074,100.0
7820,2,28.881606492548638,28.881606492548638,100.0
7830,0,12.57563361210913,12.57563361210913,100.0
7830,1,13.851754185591775,13.851754185591775,100.0
7830,2,73.5726122022991,73.5726122022991,100.0
7840,0,21.755476622376825,21.755476622376825,100.0
7840,1,13.714542012405213,13.714542012405213,100.0
7840,2,64.52998136521796,64.52998136521796,100.0
7850,0,32.14346015873556,32.14346015873556,100.0
7850,1,56.2398497428658,56.2398497428658,100.0
7850,2,11.616690098398646,11.616690098398646,100.0
7860,0,17.175495942948174,17.175495942948174,100.0
7860,1,47.90671674338622,47.90671674338622,100.0
7860,2,34.9177873136656,34.9177873136656,100.0
7870,0,20.280184545695164,20.280184545695164,100.0
7870,1,29.032179357398558,29.032179357398558,100.0
7870,2,50.687636096906274,50.687636096906274,100.0
7880,0,57.691196289391556,57.691196289391556,100.0
7880,1,21.67464634412383,21.67464634412383,100.0
7880,2,20.63415736648461,20.63415736648461,100.0
7890,0,11.257020328264833,11.257020328264833,100.0
7890,1,30.994003551492582,30.994003551492582,100.0
7890,2,57.74897612024259,57.74897612024259,100.0
7900,0,30.499495289108037,30.499495289108037,100.0
7900,1,39.38048130729386,39.38048130729386,100.0
7900,2,30.1200234035981,30.1200234035981,100.0
7910,0,41.24615029941133,41.24615029941133,100.0
7910,1,23.21950734409695,23.21950734409695,100.0
7910,2,35.53434235649171,35.53434235649171,100.0
7920,0,27.905535020794563,27.905535020794563,100.0
7920,1,61.08441125916995,61.08441125916995,100.0
7920,2,11.010053720035502,11.010053720035502,100.0
7930,0,55.43043058239604,55.43043058239604,100.0
7930,1,11.432558151896002,11.432558151896002,100.0
7930,2,33.13701126570796,33.13701126570796,100.0
7940,0,17.629500002597876,17.629500002597876,100.0
7940,1,38.3890003224517,38.3890003224517,100.0
7940,2,43.98149967495043,43.98149967495043,100.0
7950,0,17.680610585202107,17.680610585202107,100.0
7950,1,16.42812949840281,16.42812949840281,100.0
7950,2,65.89125991639509,65.89125991639509,100.0
7960,0,19.50194106911318,19.50194106911318,100.0
7960,1,66.35697052868511,66.35697052868511,100.0
7960,2,14.141088402201705,14.141088402201705,100.0
7970,0,43.56127762039306,43.56127762039306,100.0
7970,1,15.937229089224061,15.937229089224061,100.0
7970,2,40.50149329038288,40.50149329038288,100.0
7980,0,44.05067845724273,44.05067845724273,100.0
7980,1,25.86493372550556,25.86493372550556,100.0
7980,2,30.084387817251724,30.084387817251724,100.0
7990,0,30.406306397063034,30.406306397063034,100.0
7990,1,50.44412068639408,50.44412068639408,100.0
7990,2,19.1495729165429,19.1495729165429,100.0
8000,0,20.75236747582821,20.75236747582821,100.0
8000,1,24.432985368940756,24.432985368940756,100.0
8000,2,54.814647155231036,54.814647155231036,100.0
8010,0,14.757383531386816,14.757383531386816,100.0
8010,1,23.528226902468145,23.528226902468145,100.0
8010,2,61.71438956614503,61.71438956614503,100.0
8020,0,52.303994548424846,52.303994548424846,100.0
8020,1,21.408507455320162,21.408507455320162,100.0
8020,2,26.287497996254984,26.287497996254984,100.0
8030,0,48.07114489290657,48.07114489290657,100.0
8030,1,10.04352513855375,10.04352513855375,100.0
8030,2,41.885329968539686,41.885329968539686,100.0
8040,0,21.485842537813507,21.485842537813507,100.0
8040,1,39.57861123605619,39.57861123605619,100.0
8040,2,38.935546226130306,38.935546226130306,100.0
8050,0,45.11367094930146,45.11367094930146,100.0
8050,1,21.07333225938595,21.07333225938595,100.0
8050,2,33.81299679131259,33.81299679131259,100.0
8060,0,34.31329383908712,34.31329383908712,100.0
8060,1,29.977216576451145,29.977216576451145,100.0
8060,2,35.709489584461735,35.709489584461735,100.0
8070,0,11.297668989829278,11.297668989829278,100.0
8070,1,12.344339183987085,12.344339183987085,100.0
8070,2,76.35799182618365,76.35799182618365,100.0
8080,0,45.993099777729356,45.993099777729356,100.0
8080,1,36.84553283642158,36.84553283642158,100.0
8080,2,17.161367385849065,17.161367385849065,100.0
8090,0,19.427019634654723,19.427019634654723,100.0
8090,1,22.54244211398336,22.54244211398336,100.0
8090,2,58.03053825136192,58.03053825136192,100.0
8100,0,30.882377433992247,30.882377433992247,100.0
8100,1,55.04795282787851,55.04795282787851,100.0
8100,2,14.069669738129237,14.069669738129237,100.0
8110,0,65.10475089406178,65.10475089406178,100.0
8110,1,15.43818571989832,15.43818571989832,100.0
8110,2,19.45706338603991,19.45706338603991,100.0
8120,0,24.177985579471052,24.177985579471052,100.0
8120,1,41.666394973530686,41.666394973530686,100.0
8120,2,34.15561944699826,34.15561944699826,100.0
8130,0,12.351769664542001,12.351769664542001,100.0
8130,1,10.827510751245411,10.827510751245411,100.0
8130,2,76.8207195842126,76.8207195842126,100.0
8140,0,22.29275629969364,22.29275629969364,100.0
8140,1,61.45690400289771,61.45690400289771,100.0
8140,2,16.25033969740866,16.25033969740866,100.0
8150,0,63.78163989001353,63.78163989001353,100.0
8150,1,17.242341947038312,17.242341947038312,100.0
8150,2,18.97601816294815,18.97601816294815,100.0
8160,0,23.304289940063665,23.304289940063665,100.0
8160,1,44.626652187433876,44.626652187433876,100.0
8160,2,32.06905787250244,32.06905787250244,100.0
8170,0,19.72325549741055,19.72325549741055,100.0
8170,1,12.676305644232706,12.676305644232706,100.0
8170,2,67.60043885835675,67.60043885835675,100.0
8180,0,23.34200227097624,23.34200227097624,100.0
8180,1,31.61303052954413,31.61303052954413,100.0
8180,2,45.044967199479636,45.044967199479636,100.0
8190,0,8.867268448323049,8.867268448323049,100.0
8190,1,35.1084556481088,35.1084556481088,100.0
8190,2,56.024275903568146,56.024275903568146,100.0
8200,0,49.570871273739854,49.570871273739854,100.0
8200,1,23.48786501798428,23.48786501798428,100.0
8200,2,26.94126370827587,26.94126370827587,100.0
8210,0,45.37567704042025,45.37567704042025,100.0
8210,1,13.77298252260783,13.77298252260783,100.0
8210,2,40.85134043697191,40.85134043697191,100.0
8220,0,21.38291316031047,21.38291316031047,100.0
8220,1,60.677475817379104,60.677475817379104,100.0
8220,2,17.939611022310427,17.939611022310427,100.0
8230,0,40.96907673362116,40.96907673362116,100.0
8230,1,22.152250199144657,22.152250199144657,100.0
8230,2,36.87867306723418,36.87867306723418,100.0
8240,0,18.348201738584663,18.348201738584663,100.0
8240,1,17.309072372299553,17.309072372299553,100.0
8240,2,64.34272588911578,64.34272588911578,100.0
8250,0,39.000239550296,39.000239550296,100.0
8250,1,9.285075662031742,9.285075662031742,100.0
8250,2,51.71468478767226,51.71468478767226,100.0
8260,0,39.20801230005103,39.20801230005103,100.0
8260,1,11.34231488144975,11.34231488144975,100.0
8260,2,49.44967281849921,49.44967281849921,100.0
8270,0,20.75484994291204,20.75484994291204,100.0
8270,1,21.718552777869878,21.718552777869878,100.0
8270,2,57.52659727921808,57.52659727921808,100.0
8280,0,70.25717664453308,70.25717664453308,100.0
8280,1,12.638728108743463,12.638728108743463,100.0
8280,2,17.104095246723464,17.104095246723464,100.0
8290,0,47.50075254882838,47.50075254882838,100.0
8290,1,15.163406212359575,15.163406212359575,100.0
8290,2,37.335841238812044,37.335841238812044,100.0
8300,0,15.50545590607651,15.50545590607651,100.0
8300,1,42.96144743251529,42.96144743251529,100.0
8300,2,41.533096661408194,41.533096661408194,100.0
8310,0,22.15360434536283,22.15360434536283,100.0
8310,1,10.197142487179663,10.197142487179663,100.0
8310,2,67.64925316745752,67.64925316745752,100.0
8320,0,30.12910683664894,30.12910683664894,100.0
8320,1,40.918826370736,40.918826370736,100.0
8320,2,28.95206679261507,28.95206679261507,100.0
8330,0,35.91943872174989,35.91943872174989,100.0
8330,1,35.74307007719321,35.74307007719321,100.0
8330,2,28.337491201056906,28.337491201056906,100.0
8340,0,15.28979339860786,15.28979339860786,100.0
8340,1,32.787887168171544,32.787887168171544,100.0
8340,2,51.92231943322061,51.92231943322061,100.0
8350,0,55.174287447394676,55.174287447394676,100.0
8350,1,13.115071085372456,13.115071085372456,100.0
8350,2,31.710641467232875,31.710641467232875,100.0
8360,0,42.1126289208876,42.1126289208876,100.0
8360,1,48.085002457857264,48.085002457857264,100.0
8360,2,9.80236862125515,9.80236862125515,100.0
8370,0,13.175508349268428,13.175508349268428,100.0
8370,1,39.94038104756935,39.94038104756935,100.0
8370,2,46.88411060316222,46.88411060316222,100.0
8380,0,30.526564182846762,30.526564182846762,100.0
8380,1,51.96367897797241,51.96367897797241,100.0
8380,2,17.50975683918083,17.50975683918083,100.0
8390,0,38.23738031536727,38.23738031536727,100.0
8390,1,41.93469459709371,41.93469459709371,100.0
8390,2,19.827925087539004,19.827925087539004,100.0
8400,0,45.91265466410521,45.91265466410521,100.0
8400,1,40.85464792499934,40.85464792499934,100.0
8400,2,13.232697410895442,13.232697410895442,100.0
8410,0,38.41912820778649,38.41912820778649,100.0
8410,1,27.138552309419033,27.138552309419033,100.0
8410,2,34.44231948279449,34.44231948279449,100.0
8420,0,24.117702862561586,24.117702862561586,100.0
8420,1,34.42837596260181,34.42837596260181,100.0
8420,2,41.45392117483661,41.45392117483661,100.0
8430,0,17.120683291273515,17.120683291273515,100.0
8430,1,21.64056960267066,21.64056960267066,100.0
8430,2,61.23874710605583,61.23874710605583,100.0
8440,0,14.953691051004213,14.953691051004213,100.0
8440,1,35.005788492601766,35.005788492601766,100.0
8440,2,50.04052045639402,50.04052045639402,100.0
8450,0,63.142112442943834,63.142112442943834,100.0
8450,1,12.527843112592107,12.527843112592107,100.0
8450,2,24.330044444464065,24.330044444464065,100.0
8460,0,22.642806505601992,22.642806505601992,100.0
8460,1,31.472967566100873,31.472967566100873,100.0
8460,2,45.88422592829714,45.88422592829714,100.0
8470,0,31.99440937888161,31.99440937888161,100.0
8470,1,28.20907868010539,28.20907868010539,100.0
8470,2,39.796511941013,39.796511941013,100.0
8480,0,27.40226842439458,27.40226842439458,100.0
8480,1,41.29125278417863,41.29125278417863,100.0
8480,2,31.30647879142679,31.30647879142679,100.0
8490,0,11.667303875570703,11.667303875570703,100.0
8490,1,39.78145587714296,39.78145587714296,100.0
8490,2,48.55124024728635,48.55124024728635,100.0
8500,0,66.26341644116974,66.26341644116974,100.0
8500,1,16.821303198161527,16.821303198161527,100.0
8500,2,16.91528036066875,16.91528036066875,100.0
8510,0,35.574409303227725,35.574409303227725,100.0
8510,1,29.188935705150072,29.188935705150072,100.0
8510,2,35.2366549916222,35.2366549916222,100.0
8520,0,41.61971731616642,41.61971731616642,100.0
8520,1,12.715783140659841,12.715783140659841,100.0
8520,2,45.664499543173726,45.664499543173726,100.0
8530,0,25.76548048086008,25.76548048086008,100.0
8530,1,57.24845595243527,57.24845595243527,100.0
8530,2,16.986063566704654,16.986063566704654,100.0
8540,0,38.908889742495,38.908889742495,100.0
8540,1,31.075651720862652,31.075651720862652,100.0
8540,2,30.015458536642353,30.015458536642353,100.0
8550,0,16.083688296852635,16.083688296852635,100.0
8550,1,19.645796831466026,19.645796831466026,100.0
8550,2,64.27051487168134,64.27051487168134,100.0
8560,0,27.097758699677705,27.097758699677705,100.0
8560,1,24.549105545214463,24.549105545214463,100.0
8560,2,48.353135755107836,48.353135755107836,100.0
8570,0,16.642548387717202,16.642548387717202,100.0
8570,1,28.9131676393334,28.9131676393334,100.0
8570,2,54.44428397294941,54.44428397294941,100.0
8580,0,35.38088560479094,35.38088560479094,100.0
8580,1,15.473862747365509,15.473862747365509,100.0
8580,2,49.14525164784355,49.14525164784355,100.0
8590,0,38.515853866993396,38.515853866993396,100.0
8590,1,34.66251359575728,34.66251359575728,100.0
8590,2,26.821632537249325,26.821632537249325,100.0
8600,0,18.02317965546139,18.02317965546139,100.0
8600,1,20.87664543811279,20.87664543811279,100.0
8600,2,61.10017490642582,61.10017490642582,100.0
8610,0,7.040382660530804,7.040382660530804,100.0
8610,1,46.57048554053667,46.57048554053667,100.0
8610,2,46.38913179893253,46.38913179893253,100.0
8620,0,38.167926813737715,38.167926813737715,100.0
8620,1,49.31771288837854,49.31771288837854,100.0
8620,2,12.514360297883753,12.514360297883753,100.0
8630,0,23.64428644669165,23.64428644669165,100.0
8630,1,18.297252168292687,18.297252168292687,100.0
8630,2,58.05846138501567,58.05846138501567,100.0
8640,0,22.78429475558454,22.78429475558454,100.0
8640,1,36.37584683776847,36.37584683776847,100.0
8640,2,40.83985840664698,40.83985840664698,100.0
8650,0,26.26742621134497,26.26742621134497,100.0
8650,1,36.20567191730923,36.20567191730923,100.0
8650,2,37.5269018713458,37.5269018713458,100.0
8660,0,31.666624083945965,31.666624083945965,100.0
8660,1,12.157478807250657,12.157478807250657,100.0
8660,2,56.175897108803376,56.175897108803376,100.0
8670,0,13.426107256488088,13.426107256488088,100.0
8670,1,13.7464751731793,13.7464751731793,100.0
8670,2,72.82741757033261,72.82741757033261,100.0
8680,0,45.868583768349815,45.868583768349815,100.0
8680,1,12.176270190823924,12.176270190823924,100.0
8680,2,41.955146040826264,41.955146040826264,100.0
8690,0,12.657852033415526,12.657852033415526,100.0
8690,1,48.40095781361997,48.40095781361997,100.0
8690,2,38.94119015296451,38.94119015296451,100.0
8700,0,52.06489888712342,52.06489888712342,100.0
8700,1,31.359111888946163,31.359111888946163,100.0
8700,2,16.575989223930417,16.575989223930417,100.0
8710,0,34.01230776660258,34.01230776660258,100.0
8710,1,34.25531653741208,34.25531653741208,100.0
8710,2,31.732375695985343,31.732375695985343,100.0
8720,0,42.32589490583374,42.32589490583374,100.0
8720,1,8.974671609067922,8.974671609067922,100.0
8720,2,48.69943348509834,48.69943348509834,100.0
8730,0,19.50873400149236,19.50873400149236,100.0
8730,1,10.795549468505314,10.795549468505314,100.0
8730,2,69.69571653000233,69.69571653000233,100.0
8740,0,61.23315889712473,61.23315889712473,100.0
8740,1,11.331745394789975,11.331745394789975,100.0
8740,2,27.4350957080853,27.4350957080853,100.0
8750,0,63.81581266762104,63.81581266762104,100.0
8750,1,22.45285161589097,22.45285161589097,100.0
8750,2,13.73133571648799,13.73133571648799,100.0
8760,0,51.422841564250064,51.422841564250064,100.0
8760,1,19.374066753798864,19.374066753798864,100.0
8760,2,29.203091681951072,29.203091681951072,100.0
8770,0,35.895574295599744,35.895574295599744,100.0
8770,1,32.078361681050495,32.078361681050495,100.0
8770,2,32.02606402334976,32.02606402334976,100.0
8780,0,35.26739469191227,35.26739469191227,100.0
8780,1,40.33850579700536,40.33850579700536,100.0
8780,2,24.394099511082363,24.394099511082363,100.0
8790,0,11.798750171173646,11.798750171173646,100.0
8790,1,28.94720357175556,28.94720357175556,100.0
8790,2,59.254046257070804,59.254046257070804,100.0
8800,0,29.534080718507994,29.534080718507994,100.0
8800,1,12.610118343413479,12.610118343413479,100.0
8800,2,57.85580093807853,57.85580093807853,100.0
8810,0,30.613214426968185,30.613214426968185,100.0
8810,1,15.436596335126534,15.436596335126534,100.0
8810,2,53.95018923790528,53.95018923790528,100.0
8820,0,23.974324634449125,23.974324634449125,100.0
8820,1,52.782170044597756,52.782170044597756,100.0
8820,2,23.24350532095313,23.24350532095313,100.0
8830,0,38.29060038310083,38.29060038310083,100.0
8830,1,18.90123236785233,18.90123236785233,100.0
8830,2,42.80816724904684,42.80816724904684,100.0
8840,0,39.41928850727163,39.41928850727163,100.0
8840,1,35.26070613066587,35.26070613066587,100.0
8840,2,25.3200053620625,25.3200053620625,100.0
8850,0,21.89142686793976,21.89142686793976,100.0
8850,1,27.10762670697632,27.10762670697632,100.0
8850,2,51.00094642508392,51.00094642508392,100.0
8860,0,25.737226528648062,25.737226528648062,100.0
8860,1,43.31660908922776,43.31660908922776,100.0
8860,2,30.94616438212418,30.94616438212418,100.0
8870,0,55.99970546807054,55.99970546807054,100.0
8870,1,34.32625011792572,34.32625011792572,100.0
8870,2,9.67404441400376,9.67404441400376,100.0
8880,0,30.903468807846114,30.903468807846114,100.0
8880,1,35.127833951955495,35.127833951955495,100.0
8880,2,33.968697240198395,33.968697240198395,100.0
8890,0,13.323976690602759,13.323976690602759,100.0
8890,1,26.51669950694835,26.51669950694835,100.0
8890,2,60.159323802448895,60.159323802448895,100.0
8900,0,40.9394806612463,40.9394806612463,100.0
8900,1,42.277813030054496,42.277813030054496,100.0
8900,2,16.782706308699197,16.782706308699197,100.0
8910,0,19.697998919710013,19.697998919710013,100.0
8910,1,12.453260230760538,12.453260230760538,100.0
8910,2,67.84874084952945,67.84874084952945,100.0
8920,0,60.08516147300167,60.08516147300167,100.0
8920,1,11.672589654174493,11.672589654174493,100.0
8920,2,28.242248872823833,28.242248872823833,100.0
8930,0,66.43926940551064,66.43926940551064,100.0
8930,1,16.37692032926323,16.37692032926323,100.0
8930,2,17.18381026522614,17.18381026522614,100.0
8940,0,30.216620571460282,30.216620571460282,100.0
8940,1,47.47027746970121,47.47027746970121,100.0
8940,2,22.31310195883851,22.31310195883851,100.0
8950,0,9.059252246031892,9.059252246031892,100.0
8950,1,45.80162235062708,45.80162235062708,100.0
8950,2,45.13912540334104,45.13912540334104,100.0
8960,0,45.17151422090491,45.17151422090491,100.0
8960,1,36.3499964765367,36.3499964765367,100.0
8960,2,18.47848930255838,18.47848930255838,100.0
8970,0,16.972433375675692,16.972433375675692,100.0
8970,1,15.662473058400412,15.662473058400412,100.0
8970,2,67.3650935659239,67.3650935659239,100.0
8980,0,36.0940882594504,36.0940882594504,100.0
8980,1,40.45195075635309,40.45195075635309,100.0
8980,2,23.45396098419651,23.45396098419651,100.0
8990,0,47.00693764508083,47.00693764508083,100.0
8990,1,29.804359971027992,29.804359971027992,100.0
8990,2,23.188702383891165,23.188702383891165,100.0
9000,0,43.97328274756006,43.97328274756006,100.0
9000,1,34.52480204402835,34.52480204402835,100.0
9000,2,21.501915208411596,21.501915208411596,100.0
9010,0,53.49314398453207,53.49314398453207,100.0
9010,1,9.952578165700073,9.952578165700073,100.0
9010,2,36.554277849767864,36.554277849767864,100.0
9020,0,49.464509785863456,49.464509785863456,100.0
9020,1,22.725990781098808,22.725990781098808,100.0
9020,2,27.809499433037743,27.809499433037743,100.0
9030,0,14.414109621669077,14.414109621669077,100.0
9030,1,15.189170388808398,15.189170388808398,100.0
9030,2,70.39671998952254,70.39671998952254,100.0
9040,0,43.38176589647886,43.38176589647886,100.0
9040,1,34.440707054105616,34.440707054105616,100.0
9040,2,22.177527049415527,22.177527049415527,100.0
9050,0,26.458369644867897,26.458369644867897,100.0
9050,1,45.8282816843926,45.8282816843926,100.0
9050,2,27.713348670739514,27.713348670739514,100.0
9060,0,73.28446633404185,73.28446633404185,100.0
9060,1,13.342552541404572,13.342552541404572,100.0
9060,2,13.372981124553576,13.372981124553576,100.0
9070,0,24.02980541850109,24.02980541850109,100.0
9070,1,60.450201544449826,60.450201544449826,100.0
9070,2,15.519993037049087,15.519993037049087,100.0
9080,0,32.9291112111403,32.9291112111403,100.0
9080,1,17.749142890776504,17.749142890776504,100.0
9080,2,49.32174589808319,49.32174589808319,100.0
9090,0,18.08335943449415,18.08335943449415,100.0
9090,1,42.97241383047749,42.97241383047749,100.0
9090,2,38.94422673502836,38.94422673502836,100.0
9100,0,12.261646718857914,12.261646718857914,100.0
9100,1,21.482087547827813,21.482087547827813,100.0
9100,2,66.25626573331427,66.25626573331427,100.0
9110,0,20.663912829625726,20.663912829625726,100.0
9110,1,42.000329218050666,42.000329218050666,100.0
9110,2,37.33575795232362,37.33575795232362,100.0
9120,0,73.67516027557183,73.67516027557183,100.0
9120,1,13.615598484107613,13.615598484107613,100.0
9120,2,12.70924124032056,12.70924124032056,100.0
9130,0,47.91268824928579,47.91268824928579,100.0
9130,1,13.814202919589297,13.814202919589297,100.0
9130,2,38.273108831124915,38.273108831124915,100.0
9140,0,24.298989022942713,24.298989022942713,100.0
9140,1,15.34233582370938,15.34233582370938,100.0
9140,2,60.35867515334791,60.35867515334791,100.0
9150,0,12.936671086056462,12.936671086056462,100.0
9150,1,16.589584869162927,16.589584869162927,100.0
9150,2,70.47374404478062,70.47374404478062,100.0
9160,0,44.85643680361292,44.85643680361292,100.0
9160,1,33.011696938573756,33.011696938573756,100.0
9160,2,22.131866257813332,22.131866257813332,100.0
9170,0,47.333719978628544,47.333719978628544,100.0
9170,1,32.94271511140558,32.94271511140558,100.0
9170,2,19.72356490996588,19.72356490996588,100.0
9180,0,21.389324162747076,21.389324162747076,100.0
9180,1,39.98730155000491,39.98730155000491,100.0
9180,2,38.62337428724801,38.62337428724801,100.0
9190,0,27.588418911507123,27.588418911507123,100.0
9190,1,49.33581456936095,49.33581456936095,100.0
9190,2,23.07576651913194,23.07576651913194,100.0
9200,0,8.798540045051434,8.798540045051434,100.0
9200,1,46.85986609671608,46.85986609671608,100.0
9200,2,44.3415938582325,44.3415938582325,100.0
9210,0,8.246257973347824,8.246257973347824,100.0
9210,1,41.75564281176427,41.75564281176427,100.0
9210,2,49.99809921488792,49.99809921488792,100.0
9220,0,69.25313436866423,69.25313436866423,100.0
9220,1,19.21015174769332,19.21015174769332,100.0
9220,2,11.536713883642447,11.536713883642447,100.0
9230,0,53.34074558165006,53.34074558165006,100.0
9230,1,12.312271721687171,12.312271721687171,100.0
9230,2,34.34698269666278,34.34698269666278,100.0
9240,0,67.60689193427166,67.60689193427166,100.0
9240,1,16.582615594793907,16.582615594793907,100.0
9240,2,15.810492470934442,15.810492470934442,100.0
9250,0,18.448079030206465,18.448079030206465,100.0
9250,1,10.60707684419608,10.60707684419608,100.0
9250,2,70.94484412559746,70.94484412559746,100.0
9260,0,44.8307097480819,44.8307097480819,100.0
9260,1,41.00820251067411,41.00820251067411,100.0
9260,2,14.16108774124399,14.16108774124399,100.0
9270,0,7.76637315039803,7.76637315039803,100.0
9270,1,39.38000295262117,39.38000295262117,100.0
9270,2,52.85362389698081,52.85362389698081,100.0
9280,0,66.50595249864911,66.50595249864911,100.0
9280,1,18.159676515607075,18.159676515607075,100.0
9280,2,15.334370985743826,15.334370985743826,100.0
9290,0,64.97632155310488,64.97632155310488,100.0
9290,1,16.362150276953443,16.362150276953443,100.0
9290,2,18.66152816994166,18.66152816994166,100.0
9300,0,39.3312887782048,39.3312887782048,100.0
9300,1,32.61772942670369,32.61772942670369,100.0
9300,2,28.050981795091523,28.050981795091523,100.0
9310,0,46.30132640186178,46.30132640186178,100.0
9310,1,16.35078996481823,16.35078996481823,100.0
9310,2,37.34788363331998,37.34788363331998,100.0
9320,0,56.222106091042704,56.222106091042704,100.0
9320,1,15.877279099608058,15.877279099608058,100.0
9320,2,27.90061480934925,27.90061480934925,100.0
9330,0,13.669234169050196,13.669234169050196,100.0
9330,1,14.75450738715893,14.75450738715893,100.0
9330,2,71.57625844379088,71.57625844379088,100.0
9340,0,14.689986388646329,14.689986388646329,100.0
9340,1,25.3414180689917,25.3414180689917,100.0
9340,2,59.96859554236197,59.96859554236197,100.0
9350,0,20.38902100115193,20.38902100115193,100.0
9350,1,63.657850234462565,63.657850234462565,100.0
9350,2,15.953128764385498,15.953128764385498,100.0
9360,0,39.24636459238351,39.24636459238351,100.0
9360,1,24.325590392865408,24.325590392865408,100.0
9360,2,36.42804501475109,36.42804501475109,100.0
9370,0,43.56025771568286,43.56025771568286,100.0
9370,1,29.088770529648638,29.088770529648638,100.0
9370,2,27.350971754668503,27.350971754668503,100.0
9380,0,51.45022055752592,51.45022055752592,100.0
9380,1,31.34423007775843,31.34423007775843,100.0
9380,2,17.20554936471565,17.20554936471565,100.0
9390,0,14.805795997441232,14.805795997441232,100.0
9390,1,16.925572931952154,16.925572931952154,100.0
9390,2,68.26863107060662,68.26863107060662,100.0
9400,0,43.17434605695397,43.17434605695397,100.0
9400,1,45.33164311671383,45.33164311671383,100.0
9400,2,11.49401082633219,11.49401082633219,100.0
9410,0,56.09994144449884,56.09994144449884,100.0
9410,1,21.60198285619413,21.60198285619413,100.0
9410,2,22.29807569930704,22.29807569930704,100.0
9420,0,51.208531252007376,51.208531252007376,100.0
9420,1,8.530067012751312,8.530067012751312,100.0
9420,2,40.26140173524133,40.26140173524133,100.0
9430,0,17.399977103989574,17.399977103989574,100.0
9430,1,16.21596760598872,16.21596760598872,100.0
9430,2,66.3840552900217,66.3840552900217,100.0
9440,0,33.89692544840116,33.89692544840116,100.0
9440,1,27.95984141823441,27.95984141823441,100.0
9440,2,38.143233133364426,38.143233133364426,100.0
9450,0,28.632074980918134,28.632074980918134,100.0
9450,1,9.854374789020543,9.854374789020543,100.0
9450,2,61.51355023006132,61.51355023006132,100.0
9460,0,70.60000176493479,70.60000176493479,100.0
9460,1,13.131796541563446,13.131796541563446,100.0
9460,2,16.26820169350176,16.26820169350176,100.0
9470,0,48.683996465104194,48.683996465104194,100.0
9470,1,26.99850336438359,26.99850336438359,100.0
9470,2,24.317500170512204,24.317500170512204,100.0
9480,0,36.117663733707104,36.117663733707104,100.0
9480,1,23.72509103439183,23.72509103439183,100.0
9480,2,40.157245231901065,40.157245231901065,100.0
9490,0,26.047189641430247,26.047189641430247,100.0
9490,1,24.862481995697767,24.862481995697767,100.0
9490,2,49.090328362871986,49.090328362871986,100.0
9500,0,44.78298953452048,44.78298953452048,100.0
9500,1,21.654969945135385,21.654969945135385,100.0
9500,2,33.562040520344134,33.562040520344134,100.0
9510,0,13.55371971578356,13.55371971578356,100.0
9510,1,12.280982621697024,12.280982621697024,100.0
9510,2,74.16529766251941,74.16529766251941,100.0
9520,0,51.211998673795314,51.211998673795314,100.0
9520,1,20.80664884485328,20.80664884485328,100.0
9520,2,27.98135248135142,27.98135248135142,100.0
9530,0,46.61034971007144,46.61034971007144,100.0
9530,1,21.494146295764747,21.494146295764747,100.0
9530,2,31.89550399416382,31.89550399416382,100.0
9540,0,42.49723056559821,42.49723056559821,100.0
9540,1,36.84690110438905,36.84690110438905,100.0
9540,2,20.65586833001275,20.65586833001275,100.0
9550,0,64.69665047853076,64.69665047853076,100.0
9550,1,14.559180375068054,14.559180375068054,100.0
9550,2,20.744169146401177,20.744169146401177,100.0
9560,0,36.40185107811235,36.40185107811235,100.0
9560,1,34.73293148145258,34.73293148145258,100.0
9560,2,28.865217440435064,28.865217440435064,100.0
9570,0,10.87724683973577,10.87724683973577,100.0
9570,1,37.36050908625014,37.36050908625014,100.0
9570,2,51.762244074014085,51.762244074014085,100.0
9580,0,44.06036425034184,44.06036425034184,100.0
9580,1,25.381912523798366,25.381912523798366,100.0
9580,2,30.5577232258598,30.5577232258598,100.0
9590,0,15.081200596652774,15.081200596652774,100.0
9590,1,32.31238355708027,32.31238355708027,100.0
9590,2,52.60641584626696,52.60641584626696,100.0
9600,0,29.19450180783939,29.19450180783939,100.0
9600,1,56.6876778994041,56.6876778994041,100.0
9600,2,14.117820292756523,14.117820292756523,100.0
9610,0,33.395092668255245,33.395092668255245,100.0
9610,1,19.87495552886087,19.87495552886087,100.0
9610,2,46.729951802883896,46.729951802883896,100.0
9620,0,14.742353246963347,14.742353246963347,100.0
9620,1,12.923320704654435,12.923320704654435,100.0
9620,2,72.33432604838222,72.33432604838222,100.0
9630,0,33.90918148994243,33.90918148994243,100.0
9630,1,8.443876071720169,8.443876071720169,100.0
9630,2,57.64694243833741,57.64694243833741,100.0
9640,0,29.899446322746876,29.899446322746876,100.0
9640,1,19.158997290294447,19.158997290294447,100.0
9640,2,50.94155638695867,50.94155638695867,100.0
9650,0,39.65913999238112,39.65913999238112,100.0
9650,1,42.64913439003511,42.64913439003511,100.0
9650,2,17.691725617583774,17.691725617583774,100.0
9660,0,19.52501680496412,19.52501680496412,100.0
9660,1,13.473788228778414,13.473788228778414,100.0
9660,2,67.00119496625747,67.00119496625747,100.0
9670,0,37.433896043218176,37.433896043218176,100.0
9670,1,15.98522505173983,15.98522505173983,100.0
9670,2,46.58087890504199,46.58087890504199,100.0
9680,0,71.14645269930858,71.14645269930858,100.0
9680,1,13.438573787021744,13.438573787021744,100.0
9680,2,15.414973513669688,15.414973513669688,100.0
9690,0,12.91870627239638,12.91870627239638,100.0
9690,1,45.776495425788795,45.776495425788795,100.0
9690,2,41.30479830181482,41.30479830181482,100.0
9700,0,42.998076322413645,42.998076322413645,100.0
9700,1,27.5099639669796,27.5099639669796,100.0
9700,2,29.491959710606757,29.491959710606757,100.0
9710,0,49.94264989785209,49.94264989785209,100.0
9710,1,16.10485193643088,16.10485193643088,100.0
9710,2,33.95249816571703,33.95249816571703,100.0
9720,0,37.395915125769996,37.395915125769996,100.0
9720,1,23.3429564061402,23.3429564061402,100.0
9720,2,39.261128468089815,39.261128468089815,100.0
9730,0,37.070228119781284,37.070228119781284,100.0
9730,1,40.91600636655275,40.91600636655275,100.0
9730,2,22.013765513665966,22.013765513665966,100.0
9740,0,25.762516438115647,25.762516438115647,100.0
9740,1,59.11068362440912,59.11068362440912,100.0
9740,2,15.12679993747523,15.12679993747523,100.0
9750,0,21.777328826204347,21.777328826204347,100.0
9750,1,31.771841634593784,31.771841634593784,100.0
9750,2,46.45082953920186,46.45082953920186,100.0
9760,0,55.61333306848984,55.61333306848984,100.0
9760,1,27.259013399066184,27.259013399066184,100.0
9760,2,17.12765353244399,17.12765353244399,100.0
9770,0,17.274906105934026,17.274906105934026,100.0
9770,1,43.342874277791836,43.342874277791836,100.0
9770,2,39.38221961627414,39.38221961627414,100.0
9780,0,37.52833754059172,37.52833754059172,100.0
9780,1,9.802348830736943,9.802348830736943,100.0
9780,2,52.66931362867135,52.66931362867135,100.0
9790,0,19.98753819549099,19.98753819549099,100.0
9790,1,48.46221486822861,48.46221486822861,100.0
9790,2,31.550246936280395,31.550246936280395,100.0
9800,0,47.315560427811015,47.315560427811015,100.0
9800,1,12.746053838967498,12.746053838967498,100.0
9800,2,39.938385733221494,39.938385733221494,100.0
9810,0,11.283386211911383,11.283386211911383,100.0
9810,1,19.260811903062244,19.260811903062244,100.0
9810,2,69.45580188502637,69.45580188502637,100.0
9820,0,33.95939231393746,33.95939231393746,100.0
9820,1,19.881902862564388,19.881902862564388,100.0
9820,2,46.15870482349815,46.15870482349815,100.0
9830,0,46.17086018148187,46.17086018148187,100.0
9830,1,35.48690533378952,35.48690533378952,100.0
9830,2,18.34223448472861,18.34223448472861,100.0
9840,0,32.44877969672408,32.44877969672408,100.0
9840,1,27.944673287008996,27.944673287008996,100.0
9840,2,39.60654701626692,39.60654701626692,100.0
9850,0,44.379504861340095,44.379504861340095,100.0
9850,1,33.30633958118168,33.30633958118168,100.0
9850,2,22.314155557478212,22.314155557478212,100.0
9860,0,35.779729731071725,35.779729731071725,100.0
9860,1,54.45179566048354,54.45179566048354,100.0
9860,2,9.768474608444745,9.768474608444745,100.0
9870,0,18.9344050228367,18.9344050228367,100.0
9870,1,41.19669964144263,41.19669964144263,100.0
9870,2,39.868895335720666,39.868895335720666,100.0
9880,0,33.98395533663561,33.98395533663561,100.0
9880,1,56.01514209884299,56.01514209884299,100.0
9880,2,10.000902564521406,10.000902564521406,100.0
9890,0,46.57374305306995,46.57374305306995,100.0
9890,1,23.264205976537358,23.264205976537358,100.0
9890,2,30.162050970392702,30.162050970392702,100.0
9900,0,51.12737525043058,51.12737525043058,100.0
9900,1,33.5644778927902,33.5644778927902,100.0
9900,2,15.308146856779214,15.308146856779214,100.0
9910,0,53.53760730608731,53.53760730608731,100.0
9910,1,23.17898230354419,23.17898230354419,100.0
9910,2,23.283410390368513,23.283410390368513,100.0
9920,0,47.66375034930357,47.66375034930357,100.0
9920,1,9.947712341698923,9.947712341698923,100.0
9920,2,42.38853730899751,42.38853730899751,100.0
9930,0,11.994804535353925,11.994804535353925,100.0
9930,1,12.365383033611586,12.365383033611586,100.0
9930,2,75.63981243103449,75.63981243103449,100.0
9940,0,18.667062502657036,18.667062502657036,100.0
9940,1,67.51975076216034,67.51975076216034,100.0
9940,2,13.813186735182617,13.813186735182617,100.0
9950,0,23.12284139432233,23.12284139432233,100.0
9950,1,58.057261871896046,58.057261871896046,100.0
9950,2,18.81989673378161,18.81989673378161,100.0
9960,0,67.78046964648871,67.78046964648871,100.0
9960,1,17.780560825825965,17.780560825825965,100.0
9960,2,14.438969527685336,14.438969527685336,100.0
9970,0,43.35804468616794,43.35804468616794,100.0
9970,1,11.53434793524729,11.53434793524729,100.0
9970,2,45.10760737858476,45.10760737858476,100.0
9980,0,19.18509821779812,19.18509821779812,100.0
9980,1,20.292064943769972,20.292064943769972,100.0
9980,2,60.522836838431914,60.522836838431914,100.0
9990,0,12.75188873751844,12.75188873751844,100.0
9990,1,55.19895463356853,55.19895463356853,100.0
9990,2,32.04915662891303,32.04915662891303,100.0
