timestamp,sliceId,dedicatedPRB,minPRB,maxPRB
510,0,15.636931786557263,15.636931786557263,100.0
510,1,18.97058952862823,18.97058952862823,100.0
510,2,65.3924786848145,65.3924786848145,100.0
520,0,60.64763701684592,60.64763701684592,100.0
520,1,16.89105166456671,16.89105166456671,100.0
520,2,22.461311318587374,22.461311318587374,100.0
530,0,54.489070119532066,54.489070119532066,100.0
530,1,17.626553905323423,17.626553905323423,100.0
530,2,27.884375975144515,27.884375975144515,100.0
540,0,13.600199142140099,13.600199142140099,100.0
540,1,45.36251939605593,45.36251939605593,100.0
540,2,41.03728146180396,41.03728146180396,100.0
550,0,40.7302742430182,40.7302742430182,100.0
550,1,9.501278877507389,9.501278877507389,100.0
550,2,49.76844687947442,49.76844687947442,100.0
560,0,41.45263125176214,41.45263125176214,100.0
560,1,15.575870351538832,15.575870351538832,100.0
560,2,42.97149839669904,42.97149839669904,100.0
570,0,15.350889895704883,15.350889895704883,100.0
570,1,15.092144552415851,15.092144552415851,100.0
570,2,69.55696555187927,69.55696555187927,100.0
580,0,39.11819826284672,39.11819826284672,100.0
580,1,21.01243709118934,21.01243709118934,100.0
580,2,39.86936464596394,39.86936464596394,100.0
590,0,40.58583170838339,40.58583170838339,100.0
590,1,16.722415298587944,16.722415298587944,100.0
590,2,42.69175299302867,42.69175299302867,100.0
600,0,44.014921783354396,44.014921783354396,100.0
600,1,26.126226581196544,26.126226581196544,100.0
600,2,29.858851635449053,29.858851635449053,100.0
610,0,24.007712887493977,24.007712887493977,100.0
610,1,11.088686123382246,11.088686123382246,100.0
610,2,64.90360098912377,64.90360098912377,100.0
620,0,45.27909558510442,45.27909558510442,100.0
620,1,25.938492370193956,25.938492370193956,100.0
620,2,28.782412044701616,28.782412044701616,100.0
630,0,30.967874607355995,30.967874607355995,100.0
630,1,30.356559130625328,30.356559130625328,100.0
630,2,38.67556626201868,38.67556626201868,100.0
640,0,22.65691632983119,22.65691632983119,100.0
640,1,19.624324980632462,19.624324980632462,100.0
640,2,57.71875868953635,57.71875868953635,100.0
650,0,32.22735606949813,32.22735606949813,100.0
650,1,20.069435178883655,20.069435178883655,100.0
650,2,47.70320875161823,47.70320875161823,100.0
660,0,40.58570347056016,40.58570347056016,100.0
660,1,11.491367752149042,11.491367752149042,100.0
660,2,47.92292877729079,47.92292877729079,100.0
670,0,32.53637884788579,32.53637884788579,100.0
670,1,30.231653405745273,30.231653405745273,100.0
670,2,37.231967746368944,37.231967746368944,100.0
680,0,30.754005228943036,30.754005228943036,100.0
680,1,16.30927119388488,16.30927119388488,100.0
680,2,52.93672357717208,52.93672357717208,100.0
690,0,12.691766577172462,12.691766577172462,100.0
690,1,14.296233588875602,14.296233588875602,100.0
690,2,73.01199983395193,73.01199983395193,100.0
700,0,63.34125346376476,63.34125346376476,100.0
700,1,15.760419791734057,15.760419791734057,100.0
700,2,20.898326744501198,20.898326744501198,100.0
710,0,11.989239495219124,11.989239495219124,100.0
710,1,52.650765538955845,52.650765538955845,100.0
710,2,35.359994965825024,35.359994965825024,100.0
720,0,14.69129869249497,14.69129869249497,100.0
720,1,17.18952866017163,17.18952866017163,100.0
720,2,68.1191726473334,68.1191726473334,100.0
730,0,60.65229464164991,60.65229464164991,100.0
730,1,13.46019543261593,13.46019543261593,100.0
730,2,25.887509925734165,25.887509925734165,100.0
740,0,18.15707254324176,18.15707254324176,100.0
740,1,26.162494617362004,26.162494617362004,100.0
740,2,55.68043283939623,55.68043283939623,100.0
750,0,11.222641018282172,11.222641018282172,100.0
750,1,11.73672284606174,11.73672284606174,100.0
750,2,77.04063613565609,77.04063613565609,100.0
760,0,8.229024229099513,8.229024229099513,100.0
760,1,46.00032980042008,46.00032980042008,100.0
760,2,45.77064597048041,45.77064597048041,100.0
770,0,28.978934768948715,28.978934768948715,100.0
770,1,29.108204214252602,29.108204214252602,100.0
770,2,41.91286101679868,41.91286101679868,100.0
780,0,35.85635861530248,35.85635861530248,100.0
780,1,45.23229439246146,45.23229439246146,100.0
780,2,18.91134699223606,18.91134699223606,100.0
790,0,22.08293843315141,22.08293843315141,100.0
790,1,45.981882774204315,45.981882774204315,100.0
790,2,31.935178792644287,31.935178792644287,100.0
800,0,32.51803732865968,32.51803732865968,100.0
800,1,39.937101987571296,39.937101987571296,100.0
800,2,27.54486068376903,27.54486068376903,100.0
810,0,11.975027429505557,11.975027429505557,100.0
810,1,12.675440437803905,12.675440437803905,100.0
810,2,75.34953213269054,75.34953213269054,100.0
820,0,33.56755687634295,33.56755687634295,100.0
820,1,17.375005133173406,17.375005133173406,100.0
820,2,49.057437990483656,49.057437990483656,100.0
830,0,18.83302347297425,18.83302347297425,100.0
830,1,29.904403585953705,29.904403585953705,100.0
830,2,51.26257294107205,51.26257294107205,100.0
840,0,15.466463720362606,15.466463720362606,100.0
840,1,45.19119657538248,45.19119657538248,100.0
840,2,39.34233970425491,39.34233970425491,100.0
850,0,19.101889795024896,19.101889795024896,100.0
850,1,26.450273450134908,26.450273450134908,100.0
850,2,54.4478367548402,54.4478367548402,100.0
860,0,19.72387801152023,19.72387801152023,100.0
860,1,46.712206319064585,46.712206319064585,100.0
860,2,33.56391566941518,33.56391566941518,100.0
870,0,12.156513681538266,12.156513681538266,100.0
870,1,18.167862933619197,18.167862933619197,100.0
870,2,69.67562338484254,69.67562338484254,100.0
880,0,18.067789113393058,18.067789113393058,100.0
880,1,62.81234678579493,62.81234678579493,100.0
880,2,19.119864100812016,19.119864100812016,100.0
890,0,25.72526247419281,25.72526247419281,100.0
890,1,62.05651245199915,62.05651245199915,100.0
890,2,12.218225073808044,12.218225073808044,100.0
900,0,17.874498005036394,17.874498005036394,100.0
900,1,26.31133219248309,26.31133219248309,100.0
900,2,55.81416980248053,55.81416980248053,100.0
910,0,20.902305752587015,20.902305752587015,100.0
910,1,18.870207259075872,18.870207259075872,100.0
910,2,60.227486988337105,60.227486988337105,100.0
920,0,26.3680358566168,26.3680358566168,100.0
920,1,35.53634746348499,35.53634746348499,100.0
920,2,38.09561667989821,38.09561667989821,100.0
930,0,10.77432342035014,10.77432342035014,100.0
930,1,20.899677144759206,20.899677144759206,100.0
930,2,68.32599943489065,68.32599943489065,100.0
940,0,33.728897250987075,33.728897250987075,100.0
940,1,48.83063927920923,48.83063927920923,100.0
940,2,17.440463469803706,17.440463469803706,100.0
950,0,13.788036907480425,13.788036907480425,100.0
950,1,67.21292135092705,67.21292135092705,100.0
950,2,18.99904174159254,18.99904174159254,100.0
960,0,15.532387931304353,15.532387931304353,100.0
960,1,29.217195326878127,29.217195326878127,100.0
960,2,55.25041674181752,55.25041674181752,100.0
970,0,9.874005639681387,9.874005639681387,100.0
970,1,30.47628373314945,30.47628373314945,100.0
970,2,59.64971062716916,59.64971062716916,100.0
980,0,19.644384438214104,19.644384438214104,100.0
980,1,11.057369768003609,11.057369768003609,100.0
980,2,69.29824579378229,69.29824579378229,100.0
990,0,18.431214245601648,18.431214245601648,100.0
990,1,17.5479157381125,17.5479157381125,100.0
990,2,64.02087001628584,64.02087001628584,100.0
1000,0,19.44247991185144,19.44247991185144,100.0
1000,1,36.00457920459936,36.00457920459936,100.0
1000,2,44.55294088354919,44.55294088354919,100.0
1010,0,25.45818301191172,25.45818301191172,100.0
1010,1,24.602334923890034,24.602334923890034,100.0
1010,2,49.939482064198245,49.939482064198245,100.0
1020,0,51.80861613175497,51.80861613175497,100.0
1020,1,24.24209290713301,24.24209290713301,100.0
1020,2,23.949290961112034,23.949290961112034,100.0
1030,0,29.669196086997125,29.669196086997125,100.0
1030,1,21.337962970038138,21.337962970038138,100.0
1030,2,48.99284094296475,48.99284094296475,100.0
1040,0,18.795160071878776,18.795160071878776,100.0
1040,1,44.092447981933056,44.092447981933056,100.0
1040,2,37.11239194618818,37.11239194618818,100.0
1050,0,12.977864094342747,12.977864094342747,100.0
1050,1,13.446968861551023,13.446968861551023,100.0
1050,2,73.57516704410622,73.57516704410622,100.0
1060,0,32.30049627033983,32.30049627033983,100.0
1060,1,13.284679685894885,13.284679685894885,100.0
1060,2,54.4148240437653,54.4148240437653,100.0
1070,0,10.293952844677523,10.293952844677523,100.0
1070,1,19.435871039014383,19.435871039014383,100.0
1070,2,70.27017611630811,70.27017611630811,100.0
1080,0,23.879850092107258,23.879850092107258,100.0
1080,1,28.43587808473338,28.43587808473338,100.0
1080,2,47.68427182315936,47.68427182315936,100.0
1090,0,14.793007807750309,14.793007807750309,100.0
1090,1,33.23844751039665,33.23844751039665,100.0
1090,2,51.96854468185305,51.96854468185305,100.0
1100,0,44.329647395359096,44.329647395359096,100.0
1100,1,23.314013177255937,23.314013177255937,100.0
1100,2,32.35633942738497,32.35633942738497,100.0
1110,0,11.155379945093923,11.155379945093923,100.0
1110,1,12.071318877892741,12.071318877892741,100.0
1110,2,76.77330117701334,76.77330117701334,100.0
1120,0,16.958830932954267,16.958830932954267,100.0
1120,1,62.022533205581,62.022533205581,100.0
1120,2,21.018635861464734,21.018635861464734,100.0
1130,0,10.501019426355636,10.501019426355636,100.0
1130,1,38.10178745078283,38.10178745078283,100.0
1130,2,51.39719312286153,51.39719312286153,100.0
1140,0,56.939709418171745,56.939709418171745,100.0
1140,1,23.788763702682594,23.788763702682594,100.0
1140,2,19.27152687914566,19.27152687914566,100.0
1150,0,31.42991652253549,31.42991652253549,100.0
1150,1,34.30194289889681,34.30194289889681,100.0
1150,2,34.2681405785677,34.2681405785677,100.0
1160,0,36.80666151181977,36.80666151181977,100.0
1160,1,24.593536772369575,24.593536772369575,100.0
1160,2,38.599801715810656,38.599801715810656,100.0
1170,0,13.31501582479471,13.31501582479471,100.0
1170,1,14.037051851974786,14.037051851974786,100.0
1170,2,72.6479323232305,72.6479323232305,100.0
1180,0,17.286256640188732,17.286256640188732,100.0
1180,1,66.46694377978318,66.46694377978318,100.0
1180,2,16.246799580028092,16.246799580028092,100.0
1190,0,32.98156907180039,32.98156907180039,100.0
1190,1,47.26316528537487,47.26316528537487,100.0
1190,2,19.755265642824746,19.755265642824746,100.0
1200,0,18.764914293956423,18.764914293956423,100.0
1200,1,19.979845993740707,19.979845993740707,100.0
1200,2,61.25523971230287,61.25523971230287,100.0
1210,0,35.754491825004905,35.754491825004905,100.0
1210,1,38.736748441349874,38.736748441349874,100.0
1210,2,25.508759733645224,25.508759733645224,100.0
1220,0,19.48668871630118,19.48668871630118,100.0
1220,1,13.358658990605548,13.358658990605548,100.0
1220,2,67.15465229309326,67.15465229309326,100.0
1230,0,23.0661438311332,23.0661438311332,100.0
1230,1,21.376293878445853,21.376293878445853,100.0
1230,2,55.55756229042095,55.55756229042095,100.0
1240,0,14.40738577289243,14.40738577289243,100.0
1240,1,22.968289306350385,22.968289306350385,100.0
1240,2,62.62432492075718,62.62432492075718,100.0
1250,0,20.1513873005204,20.1513873005204,100.0
1250,1,57.47357955575666,57.47357955575666,100.0
1250,2,22.37503314372294,22.37503314372294,100.0
1260,0,33.27054306631664,33.27054306631664,100.0
1260,1,35.969868471188896,35.969868471188896,100.0
1260,2,30.75958846249447,30.75958846249447,100.0
1270,0,44.60455226510873,44.60455226510873,100.0
1270,1,10.756011133240655,10.756011133240655,100.0
1270,2,44.63943660165063,44.63943660165063,100.0
1280,0,33.56091314172689,33.56091314172689,100.0
1280,1,38.61523305466088,38.61523305466088,100.0
1280,2,27.82385380361223,27.82385380361223,100.0
1290,0,10.626870871134114,10.626870871134114,100.0
1290,1,21.421483593111347,21.421483593111347,100.0
1290,2,67.95164553575454,67.95164553575454,100.0
1300,0,15.599259787361758,15.599259787361758,100.0
1300,1,38.14021770768776,38.14021770768776,100.0
1300,2,46.26052250495048,46.26052250495048,100.0
1310,0,14.038640492959603,14.038640492959603,100.0
1310,1,53.02189753425587,53.02189753425587,100.0
1310,2,32.93946197278452,32.93946197278452,100.0
1320,0,54.66135623150873,54.66135623150873,100.0
1320,1,20.76417846623485,20.76417846623485,100.0
1320,2,24.57446530225644,24.57446530225644,100.0
1330,0,38.664444512926146,38.664444512926146,100.0
1330,1,34.7218773431083,34.7218773431083,100.0
1330,2,26.613678143965558,26.613678143965558,100.0
1340,0,15.477001620750583,15.477001620750583,100.0
1340,1,73.25503991278266,73.25503991278266,100.0
1340,2,11.267958466466753,11.267958466466753,100.0
1350,0,10.927306722086188,10.927306722086188,100.0
1350,1,32.95573190503497,32.95573190503497,100.0
1350,2,56.11696137287885,56.11696137287885,100.0
1360,0,44.59237315255863,44.59237315255863,100.0
1360,1,10.929933117951231,10.929933117951231,100.0
1360,2,44.47769372949015,44.47769372949015,100.0
1370,0,43.92697952319831,43.92697952319831,100.0
1370,1,32.33370423466751,32.33370423466751,100.0
1370,2,23.739316242134176,23.739316242134176,100.0
1380,0,32.23059847558754,32.23059847558754,100.0
1380,1,24.99146544512303,24.99146544512303,100.0
1380,2,42.77793607928943,42.77793607928943,100.0
1390,0,41.60202818071312,41.60202818071312,100.0
1390,1,8.283206394440791,8.283206394440791,100.0
1390,2,50.114765424846084,50.114765424846084,100.0
1400,0,15.396039061953557,15.396039061953557,100.0
1400,1,21.302902608835485,21.302902608835485,100.0
1400,2,63.30105832921096,63.30105832921096,100.0
1410,0,11.910958697744597,11.910958697744597,100.0
1410,1,13.785552821899168,13.785552821899168,100.0
1410,2,74.30348848035622,74.30348848035622,100.0
1420,0,38.967625685409715,38.967625685409715,100.0
1420,1,37.8017392725455,37.8017392725455,100.0
1420,2,23.230635042044785,23.230635042044785,100.0
1430,0,22.4553092452872,22.4553092452872,100.0
1430,1,37.862506014115624,37.862506014115624,100.0
1430,2,39.68218474059717,39.68218474059717,100.0
1440,0,65.10080876678165,65.10080876678165,100.0
1440,1,22.86030572306976,22.86030572306976,100.0
1440,2,12.038885510148575,12.038885510148575,100.0
1450,0,22.33519561260486,22.33519561260486,100.0
1450,1,45.53698305607135,45.53698305607135,100.0
1450,2,32.127821331323794,32.127821331323794,100.0
1460,0,12.453873053251854,12.453873053251854,100.0
1460,1,53.8394225614234,53.8394225614234,100.0
1460,2,33.70670438532475,33.70670438532475,100.0
1470,0,13.661610279147803,13.661610279147803,100.0
1470,1,14.934532418123913,14.934532418123913,100.0
1470,2,71.40385730272828,71.40385730272828,100.0
1480,0,49.240882127254345,49.240882127254345,100.0
1480,1,29.913125867664398,29.913125867664398,100.0
1480,2,20.845992005081264,20.845992005081264,100.0
1490,0,39.77416710760159,39.77416710760159,100.0
1490,1,25.94298631190805,25.94298631190805,100.0
1490,2,34.28284658049035,34.28284658049035,100.0
1500,0,9.296196768981064,9.296196768981064,100.0
1500,1,54.06831676880125,54.06831676880125,100.0
1500,2,36.635486462217685,36.635486462217685,100.0
1510,0,26.651828561055098,26.651828561055098,100.0
1510,1,34.60300612184397,34.60300612184397,100.0
1510,2,38.74516531710094,38.74516531710094,100.0
1520,0,36.117537345827486,36.117537345827486,100.0
1520,1,22.07912587974718,22.07912587974718,100.0
1520,2,41.80333677442533,41.80333677442533,100.0
1530,0,21.58605727566937,21.58605727566937,100.0
1530,1,24.2430616008074,24.2430616008074,100.0
1530,2,54.17088112352323,54.17088112352323,100.0
1540,0,67.06088931384676,67.06088931384676,100.0
1540,1,21.18501680848487,21.18501680848487,100.0
1540,2,11.75409387766838,11.75409387766838,100.0
1550,0,14.418353542490644,14.418353542490644,100.0
1550,1,70.13413176125628,70.13413176125628,100.0
1550,2,15.447514696253087,15.447514696253087,100.0
1560,0,15.792330879569391,15.792330879569391,100.0
1560,1,34.03499189489929,34.03499189489929,100.0
1560,2,50.17267722553132,50.17267722553132,100.0
1570,0,49.632394244409376,49.632394244409376,100.0
1570,1,40.60859027205433,40.60859027205433,100.0
1570,2,9.759015483536297,9.759015483536297,100.0
1580,0,18.68396388914996,18.68396388914996,100.0
1580,1,41.33552228724093,41.33552228724093,100.0
1580,2,39.98051382360911,39.98051382360911,100.0
1590,0,11.268671336844722,11.268671336844722,100.0
1590,1,13.325790946816262,13.325790946816262,100.0
1590,2,75.40553771633903,75.40553771633903,100.0
1600,0,66.86567307344242,66.86567307344242,100.0
1600,1,15.678101512105169,15.678101512105169,100.0
1600,2,17.456225414452412,17.456225414452412,100.0
1610,0,15.657032181155575,15.657032181155575,100.0
1610,1,34.64656854974037,34.64656854974037,100.0
1610,2,49.696399269104056,49.696399269104056,100.0
1620,0,28.901022988994335,28.901022988994335,100.0
1620,1,35.24939640292452,35.24939640292452,100.0
1620,2,35.84958060808115,35.84958060808115,100.0
1630,0,26.212599244895777,26.212599244895777,100.0
1630,1,45.40485034328973,45.40485034328973,100.0
1630,2,28.3825504118145,28.3825504118145,100.0
1640,0,21.46729009889218,21.46729009889218,100.0
1640,1,12.508051179610119,12.508051179610119,100.0
1640,2,66.0246587214977,66.0246587214977,100.0
1650,0,14.638624834345148,14.638624834345148,100.0
1650,1,14.45958788950112,14.45958788950112,100.0
1650,2,70.90178727615374,70.90178727615374,100.0
1660,0,54.09091614349764,54.09091614349764,100.0
1660,1,22.38121788452612,22.38121788452612,100.0
1660,2,23.527865971976244,23.527865971976244,100.0
1670,0,15.469385803942364,15.469385803942364,100.0
1670,1,50.46159509788991,50.46159509788991,100.0
1670,2,34.06901909816773,34.06901909816773,100.0
1680,0,63.951472600432545,63.951472600432545,100.0
1680,1,23.86055148560655,23.86055148560655,100.0
1680,2,12.187975913960898,12.187975913960898,100.0
1690,0,52.402680502354585,52.402680502354585,100.0
1690,1,22.42753433147639,22.42753433147639,100.0
1690,2,25.169785166169028,25.169785166169028,100.0
1700,0,28.70897010604804,28.70897010604804,100.0
1700,1,50.96614763138368,50.96614763138368,100.0
1700,2,20.324882262568288,20.324882262568288,100.0
1710,0,12.629120295994065,12.629120295994065,100.0
1710,1,21.55820632997383,21.55820632997383,100.0
1710,2,65.81267337403212,65.81267337403212,100.0
1720,0,56.53731989610198,56.53731989610198,100.0
1720,1,15.158004366958572,15.158004366958572,100.0
1720,2,28.304675736939437,28.304675736939437,100.0
1730,0,10.811104778141905,10.811104778141905,100.0
1730,1,32.09142070820839,32.09142070820839,100.0
1730,2,57.0974745136497,57.0974745136497,100.0
1740,0,39.05078502496519,39.05078502496519,100.0
1740,1,43.946146170826324,43.946146170826324,100.0
1740,2,17.00306880420849,17.00306880420849,100.0
1750,0,13.757295332083267,13.757295332083267,100.0
1750,1,34.608305798162235,34.608305798162235,100.0
1750,2,51.63439886975449,51.63439886975449,100.0
1760,0,21.08118843291346,21.08118843291346,100.0
1760,1,33.11928271099976,33.11928271099976,100.0
1760,2,45.79952885608677,45.79952885608677,100.0
1770,0,19.049758473582948,19.049758473582948,100.0
1770,1,18.116507917008953,18.116507917008953,100.0
1770,2,62.83373360940809,62.83373360940809,100.0
1780,0,35.806094759179004,35.806094759179004,100.0
1780,1,12.867077934468837,12.867077934468837,100.0
1780,2,51.326827306352165,51.326827306352165,100.0
1790,0,13.925727453925113,13.925727453925113,100.0
1790,1,25.52722796892004,25.52722796892004,100.0
1790,2,60.54704457715485,60.54704457715485,100.0
1800,0,21.557753236545803,21.557753236545803,100.0
1800,1,16.37749115371542,16.37749115371542,100.0
1800,2,62.064755609738775,62.064755609738775,100.0
1810,0,12.547602374595323,12.547602374595323,100.0
1810,1,17.172958329337575,17.172958329337575,100.0
1810,2,70.2794392960671,70.2794392960671,100.0
1820,0,19.28298976890155,19.28298976890155,100.0
1820,1,20.07681165871695,20.07681165871695,100.0
1820,2,60.6401985723815,60.6401985723815,100.0
1830,0,14.33004050560893,14.33004050560893,100.0
1830,1,14.955127930757037,14.955127930757037,100.0
1830,2,70.71483156363404,70.71483156363404,100.0
1840,0,35.7578795746397,35.7578795746397,100.0
1840,1,51.522250330451556,51.522250330451556,100.0
1840,2,12.719870094908742,12.719870094908742,100.0
1850,0,42.80475856884229,42.80475856884229,100.0
1850,1,24.632785000643956,24.632785000643956,100.0
1850,2,32.562456430513755,32.562456430513755,100.0
1860,0,58.118387469610425,58.118387469610425,100.0
1860,1,12.041345593921665,12.041345593921665,100.0
1860,2,29.840266936467906,29.840266936467906,100.0
1870,0,58.22212355421702,58.22212355421702,100.0
1870,1,16.271719547249887,16.271719547249887,100.0
1870,2,25.506156898533096,25.506156898533096,100.0
1880,0,14.944028899521847,14.944028899521847,100.0
1880,1,63.92754900892942,63.92754900892942,100.0
1880,2,21.128422091548746,21.128422091548746,100.0
1890,0,10.270816952724736,10.270816952724736,100.0
1890,1,19.56063934945509,19.56063934945509,100.0
1890,2,70.16854369782017,70.16854369782017,100.0
1900,0,19.939293192274842,19.939293192274842,100.0
1900,1,44.975289149890344,44.975289149890344,100.0
1900,2,35.085417657834824,35.085417657834824,100.0
1910,0,20.14593807389392,20.14593807389392,100.0
1910,1,42.68042611517188,42.68042611517188,100.0
1910,2,37.173635810934194,37.173635810934194,100.0
1920,0,15.575565423020077,15.575565423020077,100.0
1920,1,41.58998675733181,41.58998675733181,100.0
1920,2,42.83444781964811,42.83444781964811,100.0
1930,0,37.601885941115775,37.601885941115775,100.0
1930,1,33.52850693460757,33.52850693460757,100.0
1930,2,28.86960712427665,28.86960712427665,100.0
1940,0,22.41220843004591,22.41220843004591,100.0
1940,1,45.704235804172185,45.704235804172185,100.0
1940,2,31.883555765781907,31.883555765781907,100.0
1950,0,11.628932202371004,11.628932202371004,100.0
1950,1,11.048339464514873,11.048339464514873,100.0
1950,2,77.32272833311413,77.32272833311413,100.0
1960,0,39.61106926061152,39.61106926061152,100.0
1960,1,14.086796899158175,14.086796899158175,100.0
1960,2,46.302133840230304,46.302133840230304,100.0
1970,0,32.31133150205082,32.31133150205082,100.0
1970,1,48.48345788393173,48.48345788393173,100.0
1970,2,19.20521061401745,19.20521061401745,100.0
1980,0,27.075707814470164,27.075707814470164,100.0
1980,1,19.940492924281084,19.940492924281084,100.0
1980,2,52.983799261248755,52.983799261248755,100.0
1990,0,35.930911068064226,35.930911068064226,100.0
1990,1,18.236471301108107,18.236471301108107,100.0
1990,2,45.83261763082767,45.83261763082767,100.0
2000,0,27.38383410252735,27.38383410252735,100.0
2000,1,44.0957239309086,44.0957239309086,100.0
2000,2,28.520441966564043,28.520441966564043,100.0
2010,0,15.77334310186133,15.77334310186133,100.0
2010,1,21.09016485996026,21.09016485996026,100.0
2010,2,63.1364920381784,63.1364920381784,100.0
2020,0,22.670212098974876,22.670212098974876,100.0
2020,1,42.91895631794216,42.91895631794216,100.0
2020,2,34.410831583082974,34.410831583082974,100.0
2030,0,10.93580883840128,10.93580883840128,100.0
2030,1,42.013419543985975,42.013419543985975,100.0
2030,2,47.05077161761274,47.05077161761274,100.0
2040,0,63.0024546695239,63.0024546695239,100.0
2040,1,21.60962070333639,21.60962070333639,100.0
2040,2,15.387924627139713,15.387924627139713,100.0
2050,0,41.96081042374675,41.96081042374675,100.0
2050,1,27.1067238014203,27.1067238014203,100.0
2050,2,30.932465774832945,30.932465774832945,100.0
2060,0,52.585486630868274,52.585486630868274,100.0
2060,1,22.379278521995264,22.379278521995264,100.0
2060,2,25.03523484713646,25.03523484713646,100.0
2070,0,22.446996311521968,22.446996311521968,100.0
2070,1,21.411099599429487,21.411099599429487,100.0
2070,2,56.141904089048545,56.141904089048545,100.0
2080,0,25.554000404392845,25.554000404392845,100.0
2080,1,24.53584011107305,24.53584011107305,100.0
2080,2,49.91015948453409,49.91015948453409,100.0
2090,0,23.01407760029132,23.01407760029132,100.0
2090,1,22.52753502193866,22.52753502193866,100.0
2090,2,54.45838737777002,54.45838737777002,100.0
2100,0,46.23108069082117,46.23108069082117,100.0
2100,1,38.29544281348289,38.29544281348289,100.0
2100,2,15.473476495695943,15.473476495695943,100.0
2110,0,15.365829076702786,15.365829076702786,100.0
2110,1,26.679440140117816,26.679440140117816,100.0
2110,2,57.95473078317941,57.95473078317941,100.0
2120,0,21.165531823758176,21.165531823758176,100.0
2120,1,23.238337372260627,23.238337372260627,100.0
2120,2,55.596130803981204,55.596130803981204,100.0
2130,0,14.224233847930423,14.224233847930423,100.0
2130,1,20.07693848225101,20.07693848225101,100.0
2130,2,65.69882766981857,65.69882766981857,100.0
2140,0,36.35220276620235,36.35220276620235,100.0
2140,1,33.969454700820144,33.969454700820144,100.0
2140,2,29.678342532977513,29.678342532977513,100.0
2150,0,8.531505058527445,8.531505058527445,100.0
2150,1,41.605410533754814,41.605410533754814,100.0
2150,2,49.86308440771775,49.86308440771775,100.0
2160,0,22.98651731541192,22.98651731541192,100.0
2160,1,42.60922009637016,42.60922009637016,100.0
2160,2,34.40426258821792,34.40426258821792,100.0
2170,0,34.34203283351721,34.34203283351721,100.0
2170,1,48.07470835171229,48.07470835171229,100.0
2170,2,17.58325881477049,17.58325881477049,100.0
2180,0,33.486557012231806,33.486557012231806,100.0
2180,1,41.40232084443491,41.40232084443491,100.0
2180,2,25.111122143333287,25.111122143333287,100.0
2190,0,12.883192961164863,12.883192961164863,100.0
2190,1,12.660382242148113,12.660382242148113,100.0
2190,2,74.45642479668703,74.45642479668703,100.0
2200,0,26.466680495410465,26.466680495410465,100.0
2200,1,34.66649976945044,34.66649976945044,100.0
2200,2,38.86681973513909,38.86681973513909,100.0
2210,0,13.083474777720081,13.083474777720081,100.0
2210,1,22.683814836174285,22.683814836174285,100.0
2210,2,64.23271038610562,64.23271038610562,100.0
2220,0,28.02895444191329,28.02895444191329,100.0
2220,1,20.005843339160453,20.005843339160453,100.0
2220,2,51.96520221892625,51.96520221892625,100.0
2230,0,13.69249591500987,13.69249591500987,100.0
2230,1,56.32843457465187,56.32843457465187,100.0
2230,2,29.979069510338256,29.979069510338256,100.0
2240,0,42.25415972503058,42.25415972503058,100.0
2240,1,9.002947290243343,9.002947290243343,100.0
2240,2,48.74289298472608,48.74289298472608,100.0
2250,0,18.439683739364856,18.439683739364856,100.0
2250,1,18.957072103220433,18.957072103220433,100.0
2250,2,62.603244157414714,62.603244157414714,100.0
2260,0,10.748569113597762,10.748569113597762,100.0
2260,1,58.573021460230215,58.573021460230215,100.0
2260,2,30.67840942617204,30.67840942617204,100.0
2270,0,13.952128366110832,13.952128366110832,100.0
2270,1,64.13807937083963,64.13807937083963,100.0
2270,2,21.909792263049532,21.909792263049532,100.0
2280,0,51.758558949890165,51.758558949890165,100.0
2280,1,33.16148796762642,33.16148796762642,100.0
2280,2,15.079953082483419,15.079953082483419,100.0
2290,0,52.099911613156124,52.099911613156124,100.0
2290,1,35.23721595868916,35.23721595868916,100.0
2290,2,12.662872428154708,12.662872428154708,100.0
2300,0,22.355994020309993,22.355994020309993,100.0
2300,1,16.12077314065025,16.12077314065025,100.0
2300,2,61.52323283903976,61.52323283903976,100.0
2310,0,11.248001925072684,11.248001925072684,100.0
2310,1,14.566951917041433,14.566951917041433,100.0
2310,2,74.18504615788589,74.18504615788589,100.0
2320,0,25.116275618369745,25.116275618369745,100.0
2320,1,28.10750053616737,28.10750053616737,100.0
2320,2,46.77622384546289,46.77622384546289,100.0
2330,0,27.949091364295164,27.949091364295164,100.0
2330,1,47.86889279743026,47.86889279743026,100.0
2330,2,24.182015838274577,24.182015838274577,100.0
2340,0,28.645987782276737,28.645987782276737,100.0
2340,1,33.20518608853569,33.20518608853569,100.0
2340,2,38.148826129187576,38.148826129187576,100.0
2350,0,54.728329508910434,54.728329508910434,100.0
2350,1,9.676119360628267,9.676119360628267,100.0
2350,2,35.5955511304613,35.5955511304613,100.0
2360,0,23.697219304084992,23.697219304084992,100.0
2360,1,48.730596315115534,48.730596315115534,100.0
2360,2,27.57218438079947,27.57218438079947,100.0
2370,0,12.6952532444719,12.6952532444719,100.0
2370,1,13.497223207656772,13.497223207656772,100.0
2370,2,73.80752354787133,73.80752354787133,100.0
2380,0,9.210306916651453,9.210306916651453,100.0
2380,1,35.07354157171715,35.07354157171715,100.0
2380,2,55.71615151163141,55.71615151163141,100.0
2390,0,11.25662429503776,11.25662429503776,100.0
2390,1,37.58929442507166,37.58929442507166,100.0
2390,2,51.15408127989058,51.15408127989058,100.0
2400,0,33.073978127047795,33.073978127047795,100.0
2400,1,15.088210326392112,15.088210326392112,100.0
2400,2,51.8378115465601,51.8378115465601,100.0
2410,0,23.481648625537208,23.481648625537208,100.0
2410,1,16.40310279329194,16.40310279329194,100.0
2410,2,60.11524858117085,60.11524858117085,100.0
2420,0,64.86769837595459,64.86769837595459,100.0
2420,1,19.66063949601841,19.66063949601841,100.0
2420,2,15.471662128027003,15.471662128027003,100.0
2430,0,15.3758803628513,15.3758803628513,100.0
2430,1,15.639587126148054,15.639587126148054,100.0
2430,2,68.98453251100064,68.98453251100064,100.0
2440,0,19.990135730960024,19.990135730960024,100.0
2440,1,40.145158046482514,40.145158046482514,100.0
2440,2,39.86470622255746,39.86470622255746,100.0
2450,0,9.338146381292068,9.338146381292068,100.0
2450,1,49.83986892809858,49.83986892809858,100.0
2450,2,40.82198469060934,40.82198469060934,100.0
2460,0,37.62522406047272,37.62522406047272,100.0
2460,1,41.17286189605747,41.17286189605747,100.0
2460,2,21.201914043469817,21.201914043469817,100.0
2470,0,12.047495647437833,12.047495647437833,100.0
2470,1,51.16342254500965,51.16342254500965,100.0
2470,2,36.78908180755253,36.78908180755253,100.0
2480,0,45.06394501556688,45.06394501556688,100.0
2480,1,16.157381352031276,16.157381352031276,100.0
2480,2,38.77867363240185,38.77867363240185,100.0
2490,0,15.556595931845568,15.556595931845568,100.0
2490,1,16.005626863967695,16.005626863967695,100.0
2490,2,68.43777720418674,68.43777720418674,100.0
2500,0,31.772995687439458,31.772995687439458,100.0
2500,1,29.808144226408253,29.808144226408253,100.0
2500,2,38.41886008615228,38.41886008615228,100.0
2510,0,13.387675312957306,13.387675312957306,100.0
2510,1,41.42588549705456,41.42588549705456,100.0
2510,2,45.18643918998814,45.18643918998814,100.0
2520,0,26.604539512050685,26.604539512050685,100.0
2520,1,14.889006608369733,14.889006608369733,100.0
2520,2,58.50645387957959,58.50645387957959,100.0
2530,0,19.583692705125152,19.583692705125152,100.0
2530,1,56.03634663620143,56.03634663620143,100.0
2530,2,24.37996065867342,24.37996065867342,100.0
2540,0,30.71152017117934,30.71152017117934,100.0
2540,1,14.627159260510519,14.627159260510519,100.0
2540,2,54.66132056831013,54.66132056831013,100.0
2550,0,11.113539010407004,11.113539010407004,100.0
2550,1,11.83645817722497,11.83645817722497,100.0
2550,2,77.05000281236802,77.05000281236802,100.0
2560,0,34.554711260301715,34.554711260301715,100.0
2560,1,29.506551411154806,29.506551411154806,100.0
2560,2,35.938737328543475,35.938737328543475,100.0
2570,0,34.28147345783362,34.28147345783362,100.0
2570,1,43.68318031692004,43.68318031692004,100.0
2570,2,22.035346225246347,22.035346225246347,100.0
2580,0,15.397711370269374,15.397711370269374,100.0
2580,1,55.20496018811827,55.20496018811827,100.0
2580,2,29.39732844161236,29.39732844161236,100.0
2590,0,18.84462490601573,18.84462490601573,100.0
2590,1,38.09755865187693,38.09755865187693,100.0
2590,2,43.057816442107345,43.057816442107345,100.0
2600,0,38.56668705941899,38.56668705941899,100.0
2600,1,18.79564095705456,18.79564095705456,100.0
2600,2,42.63767198352647,42.63767198352647,100.0
2610,0,16.739020143380596,16.739020143380596,100.0
2610,1,16.5697105221193,16.5697105221193,100.0
2610,2,66.6912693345001,66.6912693345001,100.0
2620,0,14.852354151443286,14.852354151443286,100.0
2620,1,46.36029688042021,46.36029688042021,100.0
2620,2,38.78734896813651,38.78734896813651,100.0
2630,0,18.019205749288737,18.019205749288737,100.0
2630,1,41.64785349323171,41.64785349323171,100.0
2630,2,40.33294075747955,40.33294075747955,100.0
2640,0,30.456215519682406,30.456215519682406,100.0
2640,1,27.854881755675404,27.854881755675404,100.0
2640,2,41.68890272464218,41.68890272464218,100.0
2650,0,38.09813724502719,38.09813724502719,100.0
2650,1,18.62159450540252,18.62159450540252,100.0
2650,2,43.280268249570305,43.280268249570305,100.0
2660,0,50.76720394624557,50.76720394624557,100.0
2660,1,35.87620530592667,35.87620530592667,100.0
2660,2,13.356590747827768,13.356590747827768,100.0
2670,0,11.803976717008295,11.803976717008295,100.0
2670,1,14.940271925859832,14.940271925859832,100.0
2670,2,73.25575135713187,73.25575135713187,100.0
2680,0,37.9831272981815,37.9831272981815,100.0
2680,1,26.3840074218692,26.3840074218692,100.0
2680,2,35.63286527994931,35.63286527994931,100.0
2690,0,38.71782367186384,38.71782367186384,100.0
2690,1,21.17316166994354,21.17316166994354,100.0
2690,2,40.10901465819263,40.10901465819263,100.0
2700,0,32.84626082230341,32.84626082230341,100.0
2700,1,14.47210566813869,14.47210566813869,100.0
2700,2,52.6816335095579,52.6816335095579,100.0
2710,0,27.38489963842607,27.38489963842607,100.0
2710,1,46.43446448284019,46.43446448284019,100.0
2710,2,26.18063587873374,26.18063587873374,100.0
2720,0,15.771772563056318,15.771772563056318,100.0
2720,1,37.51514509292115,37.51514509292115,100.0
2720,2,46.71308234402253,46.71308234402253,100.0
2730,0,14.587498880071855,14.587498880071855,100.0
2730,1,19.52076687976871,19.52076687976871,100.0
2730,2,65.89173424015944,65.89173424015944,100.0
2740,0,33.21874732591789,33.21874732591789,100.0
2740,1,28.91962651876881,28.91962651876881,100.0
2740,2,37.8616261553133,37.8616261553133,100.0
2750,0,36.04497602209634,36.04497602209634,100.0
2750,1,42.622922892657705,42.622922892657705,100.0
2750,2,21.332101085245963,21.332101085245963,100.0
2760,0,10.410231998985834,10.410231998985834,100.0
2760,1,46.467550585286396,46.467550585286396,100.0
2760,2,43.12221741572777,43.12221741572777,100.0
2770,0,34.915537783777594,34.915537783777594,100.0
2770,1,40.93783286010246,40.93783286010246,100.0
2770,2,24.14662935611994,24.14662935611994,100.0
2780,0,27.93481848127931,27.93481848127931,100.0
2780,1,60.1169753026377,60.1169753026377,100.0
2780,2,11.948206216082982,11.948206216082982,100.0
2790,0,17.36695446648189,17.36695446648189,100.0
2790,1,15.945272052854472,15.945272052854472,100.0
2790,2,66.68777348066365,66.68777348066365,100.0
2800,0,35.58255164701306,35.58255164701306,100.0
2800,1,46.41987163282201,46.41987163282201,100.0
2800,2,17.997576720164936,17.997576720164936,100.0
2810,0,39.78177792789433,39.78177792789433,100.0
2810,1,15.230478054152208,15.230478054152208,100.0
2810,2,44.98774401795346,44.98774401795346,100.0
2820,0,29.61047928474429,29.61047928474429,100.0
2820,1,19.05050675155751,19.05050675155751,100.0
2820,2,51.33901396369821,51.33901396369821,100.0
2830,0,17.699733315138044,17.699733315138044,100.0
2830,1,15.442617402558097,15.442617402558097,100.0
2830,2,66.85764928230385,66.85764928230385,100.0
2840,0,39.414022715766244,39.414022715766244,100.0
2840,1,48.53326437862299,48.53326437862299,100.0
2840,2,12.052712905610772,12.052712905610772,100.0
2850,0,9.759906751197883,9.759906751197883,100.0
2850,1,25.674434396621475,25.674434396621475,100.0
2850,2,64.56565885218065,64.56565885218065,100.0
2860,0,24.197858957541886,24.197858957541886,100.0
2860,1,31.674709118333432,31.674709118333432,100.0
2860,2,44.127431924124686,44.127431924124686,100.0
2870,0,22.9825883509443,22.9825883509443,100.0
2870,1,24.57294234590446,24.57294234590446,100.0
2870,2,52.444469303151244,52.444469303151244,100.0
2880,0,33.726635188618644,33.726635188618644,100.0
2880,1,11.388097359447107,11.388097359447107,100.0
2880,2,54.88526745193426,54.88526745193426,100.0
2890,0,38.00457728513221,38.00457728513221,100.0
2890,1,44.750752966554096,44.750752966554096,100.0
2890,2,17.244669748313697,17.244669748313697,100.0
2900,0,25.10165215828213,25.10165215828213,100.0
2900,1,16.53130473130049,16.53130473130049,100.0
2900,2,58.367043110417384,58.367043110417384,100.0
2910,0,11.495261636224383,11.495261636224383,100.0
2910,1,12.290137904193974,12.290137904193974,100.0
2910,2,76.21460045958165,76.21460045958165,100.0
2920,0,16.202745031361083,16.202745031361083,100.0
2920,1,37.55084012186386,37.55084012186386,100.0
2920,2,46.24641484677505,46.24641484677505,100.0
2930,0,38.81065332366156,38.81065332366156,100.0
2930,1,47.32874120953663,47.32874120953663,100.0
2930,2,13.860605466801811,13.860605466801811,100.0
2940,0,39.866134769260306,39.866134769260306,100.0
2940,1,36.488932978598235,36.488932978598235,100.0
2940,2,23.64493225214146,23.64493225214146,100.0
2950,0,36.89076302318162,36.89076302318162,100.0
2950,1,40.055821150308255,40.055821150308255,100.0
2950,2,23.053415826510136,23.053415826510136,100.0
2960,0,18.409508526792024,18.409508526792024,100.0
2960,1,41.04554125767778,41.04554125767778,100.0
2960,2,40.54495021553019,40.54495021553019,100.0
2970,0,13.652350135653704,13.652350135653704,100.0
2970,1,17.591741237719486,17.591741237719486,100.0
2970,2,68.75590862662682,68.75590862662682,100.0
2980,0,9.231887008889323,9.231887008889323,100.0
2980,1,47.21151431081452,47.21151431081452,100.0
2980,2,43.55659868029616,43.55659868029616,100.0
2990,0,25.684145148388733,25.684145148388733,100.0
2990,1,25.00913268680689,25.00913268680689,100.0
2990,2,49.306722164804384,49.306722164804384,100.0
3000,0,29.176904770953982,29.176904770953982,100.0
3000,1,21.17251627474595,21.17251627474595,100.0
3000,2,49.650578954300066,49.650578954300066,100.0
3010,0,28.106345348788743,28.106345348788743,100.0
3010,1,34.10214793530431,34.10214793530431,100.0
3010,2,37.79150671590695,37.79150671590695,100.0
3020,0,44.95005092528598,44.95005092528598,100.0
3020,1,21.84839922742718,21.84839922742718,100.0
3020,2,33.20154984728684,33.20154984728684,100.0
3030,0,13.05825198558839,13.05825198558839,100.0
3030,1,14.134114333724824,14.134114333724824,100.0
3030,2,72.8076336806868,72.8076336806868,100.0
3040,0,38.06566705030933,38.06566705030933,100.0
3040,1,47.27521083693094,47.27521083693094,100.0
3040,2,14.659122112759725,14.659122112759725,100.0
3050,0,26.825283179570782,26.825283179570782,100.0
3050,1,37.183408933197015,37.183408933197015,100.0
3050,2,35.9913078872322,35.9913078872322,100.0
3060,0,17.331610677764466,17.331610677764466,100.0
3060,1,37.36831793076571,37.36831793076571,100.0
3060,2,45.30007139146982,45.30007139146982,100.0
3070,0,23.62471201661363,23.62471201661363,100.0
3070,1,61.35566950423959,61.35566950423959,100.0
3070,2,15.019618479146787,15.019618479146787,100.0
3080,0,31.52516890846375,31.52516890846375,100.0
3080,1,51.87938285445581,51.87938285445581,100.0
3080,2,16.595448237080436,16.595448237080436,100.0
3090,0,10.692882399019396,10.692882399019396,100.0
3090,1,14.8179459395822,14.8179459395822,100.0
3090,2,74.4891716613984,74.4891716613984,100.0
3100,0,31.739825858768356,31.739825858768356,100.0
3100,1,46.16549928239489,46.16549928239489,100.0
3100,2,22.094674858836758,22.094674858836758,100.0
3110,0,28.84582151514418,28.84582151514418,100.0
3110,1,11.216248909780075,11.216248909780075,100.0
3110,2,59.93792957507574,59.93792957507574,100.0
3120,0,24.872272563354418,24.872272563354418,100.0
3120,1,54.94580776710356,54.94580776710356,100.0
3120,2,20.18191966954201,20.18191966954201,100.0
3130,0,19.47845482255604,19.47845482255604,100.0
3130,1,13.57378893429371,13.57378893429371,100.0
3130,2,66.94775624315025,66.94775624315025,100.0
3140,0,14.172162490541023,14.172162490541023,100.0
3140,1,66.23565486741,66.23565486741,100.0
3140,2,19.59218264204898,19.59218264204898,100.0
3150,0,9.643535704263915,9.643535704263915,100.0
3150,1,24.22046442809044,24.22046442809044,100.0
3150,2,66.13599986764565,66.13599986764565,100.0
3160,0,37.43891940224703,37.43891940224703,100.0
3160,1,26.014686272958098,26.014686272958098,100.0
3160,2,36.546394324794875,36.546394324794875,100.0
3170,0,38.080919101527485,38.080919101527485,100.0
3170,1,32.219000345215235,32.219000345215235,100.0
3170,2,29.70008055325728,29.70008055325728,100.0
3180,0,39.93077866724518,39.93077866724518,100.0
3180,1,14.562862851467806,14.562862851467806,100.0
3180,2,45.506358481287016,45.506358481287016,100.0
3190,0,10.888019983671029,10.888019983671029,100.0
3190,1,27.974626248013575,27.974626248013575,100.0
3190,2,61.13735376831539,61.13735376831539,100.0
3200,0,49.21079258279933,49.21079258279933,100.0
3200,1,26.399806311124095,26.399806311124095,100.0
3200,2,24.389401106076573,24.389401106076573,100.0
3210,0,12.652212352732034,12.652212352732034,100.0
3210,1,14.373061854581001,14.373061854581001,100.0
3210,2,72.97472579268697,72.97472579268697,100.0
3220,0,62.167877213660304,62.167877213660304,100.0
3220,1,21.658200759803645,21.658200759803645,100.0
3220,2,16.17392202653604,16.17392202653604,100.0
3230,0,10.132704622787141,10.132704622787141,100.0
3230,1,56.232474996646964,56.232474996646964,100.0
3230,2,33.634820380565905,33.634820380565905,100.0
3240,0,34.19125047759323,34.19125047759323,100.0
3240,1,14.739001617780985,14.739001617780985,100.0
3240,2,51.069747904625785,51.069747904625785,100.0
3250,0,10.380035165357905,10.380035165357905,100.0
3250,1,48.181241500473305,48.181241500473305,100.0
3250,2,41.43872333416879,41.43872333416879,100.0
3260,0,11.819248561742512,11.819248561742512,100.0
3260,1,44.62886047107306,44.62886047107306,100.0
3260,2,43.55189096718442,43.55189096718442,100.0
3270,0,11.041813976507207,11.041813976507207,100.0
3270,1,11.948923994889725,11.948923994889725,100.0
3270,2,77.00926202860306,77.00926202860306,100.0
3280,0,31.29035097244101,31.29035097244101,100.0
3280,1,47.13973480362614,47.13973480362614,100.0
3280,2,21.56991422393285,21.56991422393285,100.0
3290,0,33.5965809060831,33.5965809060831,100.0
3290,1,28.789027670099372,28.789027670099372,100.0
3290,2,37.61439142381753,37.61439142381753,100.0
3300,0,9.251066972535142,9.251066972535142,100.0
3300,1,49.92847198365076,49.92847198365076,100.0
3300,2,40.820461043814106,40.820461043814106,100.0
3310,0,20.470631878302676,20.470631878302676,100.0
3310,1,26.806171026495118,26.806171026495118,100.0
3310,2,52.72319709520221,52.72319709520221,100.0
3320,0,27.757378752405582,27.757378752405582,100.0
3320,1,45.67490610288612,45.67490610288612,100.0
3320,2,26.5677151447083,26.5677151447083,100.0
3330,0,12.019003379346781,12.019003379346781,100.0
3330,1,16.955214400300626,16.955214400300626,100.0
3330,2,71.0257822203526,71.0257822203526,100.0
3340,0,35.52034074279059,35.52034074279059,100.0
3340,1,31.803238718118333,31.803238718118333,100.0
3340,2,32.67642053909107,32.67642053909107,100.0
3350,0,35.17022513890096,35.17022513890096,100.0
3350,1,30.2362906030484,30.2362906030484,100.0
3350,2,34.59348425805065,34.59348425805065,100.0
3360,0,30.890450228748755,30.890450228748755,100.0
3360,1,40.28669994488351,40.28669994488351,100.0
3360,2,28.822849826367737,28.822849826367737,100.0
3370,0,20.88623968778707,20.88623968778707,100.0
3370,1,43.93552150523619,43.93552150523619,100.0
3370,2,35.17823880697675,35.17823880697675,100.0
3380,0,61.51925612680736,61.51925612680736,100.0
3380,1,15.368454653411964,15.368454653411964,100.0
3380,2,23.112289219780678,23.112289219780678,100.0
3390,0,14.14949663919771,14.14949663919771,100.0
3390,1,18.517315797592403,18.517315797592403,100.0
3390,2,67.33318756320989,67.33318756320989,100.0
3400,0,53.95793375476355,53.95793375476355,100.0
3400,1,31.064452061622326,31.064452061622326,100.0
3400,2,14.977614183614133,14.977614183614133,100.0
3410,0,13.659073952043327,13.659073952043327,100.0
3410,1,62.68359847474141,62.68359847474141,100.0
3410,2,23.657327573215255,23.657327573215255,100.0
3420,0,41.80197873821271,41.80197873821271,100.0
3420,1,35.74655903788121,35.74655903788121,100.0
3420,2,22.451462223906077,22.451462223906077,100.0
3430,0,53.13703268264878,53.13703268264878,100.0
3430,1,16.804998428424224,16.804998428424224,100.0
3430,2,30.057968888927007,30.057968888927007,100.0
3440,0,28.138425417493956,28.138425417493956,100.0
3440,1,40.24931963762009,40.24931963762009,100.0
3440,2,31.612254944885947,31.612254944885947,100.0
3450,0,11.001601595247818,11.001601595247818,100.0
3450,1,19.69642056439394,19.69642056439394,100.0
3450,2,69.30197784035825,69.30197784035825,100.0
3460,0,38.138256533808104,38.138256533808104,100.0
3460,1,21.02127014168101,21.02127014168101,100.0
3460,2,40.84047332451088,40.84047332451088,100.0
3470,0,25.7319549397377,25.7319549397377,100.0
3470,1,52.42166257773816,52.42166257773816,100.0
3470,2,21.84638248252414,21.84638248252414,100.0
3480,0,24.478867378516725,24.478867378516725,100.0
3480,1,11.309176520564117,11.309176520564117,100.0
3480,2,64.21195610091915,64.21195610091915,100.0
3490,0,49.55996085363344,49.55996085363344,100.0
3490,1,31.930023005184843,31.930023005184843,100.0
3490,2,18.510016141181712,18.510016141181712,100.0
3500,0,17.73212648646628,17.73212648646628,100.0
3500,1,28.144451408687093,28.144451408687093,100.0
3500,2,54.12342210484662,54.12342210484662,100.0
3510,0,11.34805215801005,11.34805215801005,100.0
3510,1,12.932942719591495,12.932942719591495,100.0
3510,2,75.71900512239847,75.71900512239847,100.0
3520,0,14.945375847564904,14.945375847564904,100.0
3520,1,16.331981586760694,16.331981586760694,100.0
3520,2,68.72264256567439,68.72264256567439,100.0
3530,0,24.822544204557033,24.822544204557033,100.0
3530,1,57.01917455096856,57.01917455096856,100.0
3530,2,18.158281244474423,18.158281244474423,100.0
3540,0,27.105813097988786,27.105813097988786,100.0
3540,1,25.651480204808685,25.651480204808685,100.0
3540,2,47.242706697202536,47.242706697202536,100.0
3550,0,60.18964220000886,60.18964220000886,100.0
3550,1,16.764627548226834,16.764627548226834,100.0
3550,2,23.04573025176431,23.04573025176431,100.0
3560,0,36.086549293255274,36.086549293255274,100.0
3560,1,23.497075191766502,23.497075191766502,100.0
3560,2,40.41637551497821,40.41637551497821,100.0
3570,0,16.853807610799105,16.853807610799105,100.0
3570,1,10.674494811464433,10.674494811464433,100.0
3570,2,72.47169757773648,72.47169757773648,100.0
3580,0,42.052621747353896,42.052621747353896,100.0
3580,1,26.40701917716875,26.40701917716875,100.0
3580,2,31.540359075477355,31.540359075477355,100.0
3590,0,44.806440883946195,44.806440883946195,100.0
3590,1,33.85721533111378,33.85721533111378,100.0
3590,2,21.33634378494004,21.33634378494004,100.0
3600,0,22.787861199613786,22.787861199613786,100.0
3600,1,57.0745545906282,57.0745545906282,100.0
3600,2,20.137584209758014,20.137584209758014,100.0
3610,0,26.89650758841489,26.89650758841489,100.0
3610,1,20.27509516824605,20.27509516824605,100.0
3610,2,52.828397243339055,52.828397243339055,100.0
3620,0,19.424563018114906,19.424563018114906,100.0
3620,1,29.45327764420181,29.45327764420181,100.0
3620,2,51.12215933768328,51.12215933768328,100.0
3630,0,11.425498022748869,11.425498022748869,100.0
3630,1,18.347017864674328,18.347017864674328,100.0
3630,2,70.2274841125768,70.2274841125768,100.0
3640,0,38.43182572804885,38.43182572804885,100.0
3640,1,32.47351573851437,32.47351573851437,100.0
3640,2,29.094658533436785,29.094658533436785,100.0
3650,0,57.50949095541495,57.50949095541495,100.0
3650,1,14.982883075640089,14.982883075640089,100.0
3650,2,27.507625968944975,27.507625968944975,100.0
3660,0,19.99030361964245,19.99030361964245,100.0
3660,1,54.04040620363485,54.04040620363485,100.0
3660,2,25.96929017672271,25.96929017672271,100.0
3670,0,30.024430422090703,30.024430422090703,100.0
3670,1,25.581236886221724,25.581236886221724,100.0
3670,2,44.39433269168757,44.39433269168757,100.0
3680,0,37.122472324795176,37.122472324795176,100.0
3680,1,38.46901426798434,38.46901426798434,100.0
3680,2,24.408513407220493,24.408513407220493,100.0
3690,0,14.449324463860725,14.449324463860725,100.0
3690,1,15.925161305966801,15.925161305966801,100.0
3690,2,69.62551423017248,69.62551423017248,100.0
3700,0,35.792398442539564,35.792398442539564,100.0
3700,1,43.98596545554069,43.98596545554069,100.0
3700,2,20.22163610191975,20.22163610191975,100.0
3710,0,16.06379567010771,16.06379567010771,100.0
3710,1,24.735804592422134,24.735804592422134,100.0
3710,2,59.200399737470164,59.200399737470164,100.0
3720,0,19.053093466850534,19.053093466850534,100.0
3720,1,41.53441359208312,41.53441359208312,100.0
3720,2,39.41249294106636,39.41249294106636,100.0
3730,0,18.026415995223132,18.026415995223132,100.0
3730,1,43.44900335014927,43.44900335014927,100.0
3730,2,38.52458065462761,38.52458065462761,100.0
3740,0,25.497308909101772,25.497308909101772,100.0
3740,1,25.753402290740297,25.753402290740297,100.0
3740,2,48.749288800157935,48.749288800157935,100.0
3750,0,11.959503781533849,11.959503781533849,100.0
3750,1,16.654365576547757,16.654365576547757,100.0
3750,2,71.38613064191838,71.38613064191838,100.0
3760,0,14.81082138159204,14.81082138159204,100.0
3760,1,24.14234475276685,24.14234475276685,100.0
3760,2,61.04683386564111,61.04683386564111,100.0
3770,0,26.406966161661206,26.406966161661206,100.0
3770,1,29.871350146113425,29.871350146113425,100.0
3770,2,43.72168369222537,43.72168369222537,100.0
3780,0,20.713988118731667,20.713988118731667,100.0
3780,1,41.14967177294325,41.14967177294325,100.0
3780,2,38.136340108325086,38.136340108325086,100.0
3790,0,11.858180810457513,11.858180810457513,100.0
3790,1,29.787857600710705,29.787857600710705,100.0
3790,2,58.35396158883178,58.35396158883178,100.0
3800,0,45.06112169535509,45.06112169535509,100.0
3800,1,24.041995555590727,24.041995555590727,100.0
3800,2,30.89688274905418,30.89688274905418,100.0
3810,0,19.573165991024787,19.573165991024787,100.0
3810,1,19.01267945756416,19.01267945756416,100.0
3810,2,61.41415455141105,61.41415455141105,100.0
3820,0,9.820148905434783,9.820148905434783,100.0
3820,1,45.42292676058207,45.42292676058207,100.0
3820,2,44.756924333983136,44.756924333983136,100.0
3830,0,13.579994765593906,13.579994765593906,100.0
3830,1,43.5177085798907,43.5177085798907,100.0
3830,2,42.902296654515396,42.902296654515396,100.0
3840,0,65.03017445293243,65.03017445293243,100.0
3840,1,16.77355889297797,16.77355889297797,100.0
3840,2,18.1962666540896,18.1962666540896,100.0
3850,0,16.636890534791533,16.636890534791533,100.0
3850,1,16.42992526809836,16.42992526809836,100.0
3850,2,66.93318419711011,66.93318419711011,100.0
3860,0,26.72608959115693,26.72608959115693,100.0
3860,1,51.398511680626356,51.398511680626356,100.0
3860,2,21.875398728216712,21.875398728216712,100.0
3870,0,10.79628579248603,10.79628579248603,100.0
3870,1,14.273620194331071,14.273620194331071,100.0
3870,2,74.9300940131829,74.9300940131829,100.0
3880,0,42.709479299167434,42.709479299167434,100.0
3880,1,33.66603390492129,33.66603390492129,100.0
3880,2,23.624486795911267,23.624486795911267,100.0
3890,0,60.802492016886234,60.802492016886234,100.0
3890,1,15.998944214818152,15.998944214818152,100.0
3890,2,23.198563768295603,23.198563768295603,100.0
3900,0,40.98172901148239,40.98172901148239,100.0
3900,1,32.05088592938303,32.05088592938303,100.0
3900,2,26.96738505913458,26.96738505913458,100.0
3910,0,49.22163524141417,49.22163524141417,100.0
3910,1,21.452399295699863,21.452399295699863,100.0
3910,2,29.32596546288598,29.32596546288598,100.0
3920,0,44.29546744213221,44.29546744213221,100.0
3920,1,14.993608734240995,14.993608734240995,100.0
3920,2,40.7109238236268,40.7109238236268,100.0
3930,0,19.046805440534566,19.046805440534566,100.0
3930,1,16.486123110740046,16.486123110740046,100.0
3930,2,64.46707144872539,64.46707144872539,100.0
3940,0,16.0718216861542,16.0718216861542,100.0
3940,1,32.457115421413434,32.457115421413434,100.0
3940,2,51.471062892432364,51.471062892432364,100.0
3950,0,62.642555354441534,62.642555354441534,100.0
3950,1,17.87763972303137,17.87763972303137,100.0
3950,2,19.4798049225271,19.4798049225271,100.0
3960,0,30.58488407253586,30.58488407253586,100.0
3960,1,40.650762264877685,40.650762264877685,100.0
3960,2,28.76435366258645,28.76435366258645,100.0
3970,0,28.605034598870798,28.605034598870798,100.0
3970,1,19.89659047956242,19.89659047956242,100.0
3970,2,51.49837492156678,51.49837492156678,100.0
3980,0,12.420030327371883,12.420030327371883,100.0
3980,1,67.89167182620768,67.89167182620768,100.0
3980,2,19.688297846420433,19.688297846420433,100.0
3990,0,9.85486395242691,9.85486395242691,100.0
3990,1,35.319796176520356,35.319796176520356,100.0
3990,2,54.82533987105273,54.82533987105273,100.0
4000,0,58.10221033431201,58.10221033431201,100.0
4000,1,11.419807488088535,11.419807488088535,100.0
4000,2,30.477982177599454,30.477982177599454,100.0
4010,0,16.039554249334344,16.039554249334344,100.0
4010,1,20.42296726140676,20.42296726140676,100.0
4010,2,63.5374784892589,63.5374784892589,100.0
4020,0,53.934851838770015,53.934851838770015,100.0
4020,1,17.596132162613813,17.596132162613813,100.0
4020,2,28.469015998616165,28.469015998616165,100.0
4030,0,24.559130666416053,24.559130666416053,100.0
4030,1,35.60843646385003,35.60843646385003,100.0
4030,2,39.83243286973392,39.83243286973392,100.0
4040,0,29.047683143895874,29.047683143895874,100.0
4040,1,50.385752294150834,50.385752294150834,100.0
4040,2,20.566564561953292,20.566564561953292,100.0
4050,0,12.841194143612134,12.841194143612134,100.0
4050,1,12.870276821955487,12.870276821955487,100.0
4050,2,74.28852903443239,74.28852903443239,100.0
4060,0,14.422870475256111,14.422870475256111,100.0
4060,1,45.144796308812055,45.144796308812055,100.0
4060,2,40.432333215931834,40.432333215931834,100.0
4070,0,11.744879875941512,11.744879875941512,100.0
4070,1,69.53955827083865,69.53955827083865,100.0
4070,2,18.715561853219835,18.715561853219835,100.0
4080,0,12.818462714628204,12.818462714628204,100.0
4080,1,57.58057686223948,57.58057686223948,100.0
4080,2,29.600960423132317,29.600960423132317,100.0
4090,0,30.57812450614505,30.57812450614505,100.0
4090,1,11.879398525625456,11.879398525625456,100.0
4090,2,57.542476968229494,57.542476968229494,100.0
4100,0,45.75748322101104,45.75748322101104,100.0
4100,1,12.416333675311506,12.416333675311506,100.0
4100,2,41.82618310367746,41.82618310367746,100.0
4110,0,11.036592523128279,11.036592523128279,100.0
4110,1,11.581694296258956,11.581694296258956,100.0
4110,2,77.38171318061276,77.38171318061276,100.0
4120,0,40.16454478869419,40.16454478869419,100.0
4120,1,31.250797451319183,31.250797451319183,100.0
4120,2,28.584657759986637,28.584657759986637,100.0
4130,0,47.02820438381543,47.02820438381543,100.0
4130,1,29.994446445680484,29.994446445680484,100.0
4130,2,22.977349170504095,22.977349170504095,100.0
4140,0,15.10183913633889,15.10183913633889,100.0
4140,1,25.83105293607037,25.83105293607037,100.0
4140,2,59.06710792759075,59.06710792759075,100.0
4150,0,35.04294132803928,35.04294132803928,100.0
4150,1,31.58362527993317,31.58362527993317,100.0
4150,2,33.37343339202754,33.37343339202754,100.0
4160,0,26.103116573962055,26.103116573962055,100.0
4160,1,17.969008866284234,17.969008866284234,100.0
4160,2,55.92787455975371,55.92787455975371,100.0
4170,0,11.023819670792399,11.023819670792399,100.0
4170,1,11.802114770245923,11.802114770245923,100.0
4170,2,77.17406555896169,77.17406555896169,100.0
4180,0,54.07793750786294,54.07793750786294,100.0
4180,1,22.44591933305209,22.44591933305209,100.0
4180,2,23.476143159084984,23.476143159084984,100.0
4190,0,43.6967730911179,43.6967730911179,100.0
4190,1,24.817608730604825,24.817608730604825,100.0
4190,2,31.485618178277274,31.485618178277274,100.0
4200,0,27.23868297263705,27.23868297263705,100.0
4200,1,25.708499458628335,25.708499458628335,100.0
4200,2,47.05281756873462,47.05281756873462,100.0
4210,0,11.463130850721326,11.463130850721326,100.0
4210,1,52.8032459405013,52.8032459405013,100.0
4210,2,35.73362320877738,35.73362320877738,100.0
4220,0,29.070549755781137,29.070549755781137,100.0
4220,1,40.54807166098106,40.54807166098106,100.0
4220,2,30.38137858323781,30.38137858323781,100.0
4230,0,11.537780438143363,11.537780438143363,100.0
4230,1,14.891506144888805,14.891506144888805,100.0
4230,2,73.57071341696783,73.57071341696783,100.0
4240,0,29.486660350086506,29.486660350086506,100.0
4240,1,52.98934379033234,52.98934379033234,100.0
4240,2,17.52399585958116,17.52399585958116,100.0
4250,0,24.762847016301688,24.762847016301688,100.0
4250,1,20.698566417209758,20.698566417209758,100.0
4250,2,54.538586566488554,54.538586566488554,100.0
4260,0,54.84249188446434,54.84249188446434,100.0
4260,1,34.437845515129624,34.437845515129624,100.0
4260,2,10.719662600406043,10.719662600406043,100.0
4270,0,13.929506007631337,13.929506007631337,100.0
4270,1,26.266769995469957,26.266769995469957,100.0
4270,2,59.803723996898704,59.803723996898704,100.0
4280,0,50.469670478716075,50.469670478716075,100.0
4280,1,32.851150271336884,32.851150271336884,100.0
4280,2,16.679179249947037,16.679179249947037,100.0
4290,0,14.437044646209735,14.437044646209735,100.0
4290,1,11.411354228891547,11.411354228891547,100.0
4290,2,74.15160112489872,74.15160112489872,100.0
4300,0,33.34693058041573,33.34693058041573,100.0
4300,1,32.02224692392805,32.02224692392805,100.0
4300,2,34.630822495656226,34.630822495656226,100.0
4310,0,16.657741703012537,16.657741703012537,100.0
4310,1,34.70745868540923,34.70745868540923,100.0
4310,2,48.63479961157823,48.63479961157823,100.0
4320,0,36.56371181072284,36.56371181072284,100.0
4320,1,30.002636321992938,30.002636321992938,100.0
4320,2,33.433651867284226,33.433651867284226,100.0
4330,0,17.07357347691188,17.07357347691188,100.0
4330,1,15.090688269377777,15.090688269377777,100.0
4330,2,67.83573825371035,67.83573825371035,100.0
4340,0,10.340189499942591,10.340189499942591,100.0
4340,1,42.22344166709443,42.22344166709443,100.0
4340,2,47.43636883296297,47.43636883296297,100.0
4350,0,11.44797990483313,11.44797990483313,100.0
4350,1,11.809973373605477,11.809973373605477,100.0
4350,2,76.7420467215614,76.7420467215614,100.0
4360,0,34.96599426963967,34.96599426963967,100.0
4360,1,18.03216772086499,18.03216772086499,100.0
4360,2,47.00183800949533,47.00183800949533,100.0
4370,0,13.994127547040462,13.994127547040462,100.0
4370,1,21.793005561075372,21.793005561075372,100.0
4370,2,64.21286689188418,64.21286689188418,100.0
4380,0,56.77040739858368,56.77040739858368,100.0
4380,1,16.80297412914561,16.80297412914561,100.0
4380,2,26.426618472270714,26.426618472270714,100.0
4390,0,21.34265440851839,21.34265440851839,100.0
4390,1,52.45428163779311,52.45428163779311,100.0
4390,2,26.2030639536885,26.2030639536885,100.0
4400,0,22.52301222451952,22.52301222451952,100.0
4400,1,50.14861609875416,50.14861609875416,100.0
4400,2,27.32837167672633,27.32837167672633,100.0
4410,0,11.804399584478896,11.804399584478896,100.0
4410,1,13.743600373775674,13.743600373775674,100.0
4410,2,74.45200004174544,74.45200004174544,100.0
4420,0,47.962116842115655,47.962116842115655,100.0
4420,1,26.883304339086433,26.883304339086433,100.0
4420,2,25.154578818797923,25.154578818797923,100.0
4430,0,7.884471509530272,7.884471509530272,100.0
4430,1,38.782064795442686,38.782064795442686,100.0
4430,2,53.33346369502705,53.33346369502705,100.0
4440,0,16.13613365926931,16.13613365926931,100.0
4440,1,23.22965583775412,23.22965583775412,100.0
4440,2,60.63421050297658,60.63421050297658,100.0
4450,0,46.962819609716014,46.962819609716014,100.0
4450,1,24.72481780025884,24.72481780025884,100.0
4450,2,28.312362590025153,28.312362590025153,100.0
4460,0,25.313665783069073,25.313665783069073,100.0
4460,1,33.51304762133882,33.51304762133882,100.0
4460,2,41.17328659559211,41.17328659559211,100.0
4470,0,14.113351386149672,14.113351386149672,100.0
4470,1,14.62823466080162,14.62823466080162,100.0
4470,2,71.25841395304872,71.25841395304872,100.0
4480,0,48.0349993271057,48.0349993271057,100.0
4480,1,29.01106561003643,29.01106561003643,100.0
4480,2,22.95393506285787,22.95393506285787,100.0
4490,0,43.51584882578407,43.51584882578407,100.0
4490,1,9.340179863973514,9.340179863973514,100.0
4490,2,47.14397131024242,47.14397131024242,100.0
4500,0,23.463482092964185,23.463482092964185,100.0
4500,1,17.039409916537902,17.039409916537902,100.0
4500,2,59.49710799049791,59.49710799049791,100.0
4510,0,57.63086098347402,57.63086098347402,100.0
4510,1,15.928529446762038,15.928529446762038,100.0
4510,2,26.440609569763936,26.440609569763936,100.0
4520,0,25.542448198242408,25.542448198242408,100.0
4520,1,21.487468508676756,21.487468508676756,100.0
4520,2,52.97008329308085,52.97008329308085,100.0
4530,0,10.484026485314105,10.484026485314105,100.0
4530,1,20.542122188220997,20.542122188220997,100.0
4530,2,68.9738513264649,68.9738513264649,100.0
4540,0,35.80842980012375,35.80842980012375,100.0
4540,1,39.37121430977845,39.37121430977845,100.0
4540,2,24.820355890097794,24.820355890097794,100.0
4550,0,51.541864635118,51.541864635118,100.0
4550,1,21.25947413374554,21.25947413374554,100.0
4550,2,27.19866123113645,27.19866123113645,100.0
4560,0,13.288913285086451,13.288913285086451,100.0
4560,1,21.552662942344476,21.552662942344476,100.0
4560,2,65.15842377256908,65.15842377256908,100.0
4570,0,23.61207375714233,23.61207375714233,100.0
4570,1,34.32178478468554,34.32178478468554,100.0
4570,2,42.066141458172126,42.066141458172126,100.0
4580,0,11.419376414077732,11.419376414077732,100.0
4580,1,52.8558711676245,52.8558711676245,100.0
4580,2,35.72475241829776,35.72475241829776,100.0
4590,0,14.154496431128502,14.154496431128502,100.0
4590,1,16.54827794210087,16.54827794210087,100.0
4590,2,69.29722562677063,69.29722562677063,100.0
4600,0,21.373405120928894,21.373405120928894,100.0
4600,1,49.60129739172998,49.60129739172998,100.0
4600,2,29.025297487341128,29.025297487341128,100.0
4610,0,22.028630202011655,22.028630202011655,100.0
4610,1,57.752012216758665,57.752012216758665,100.0
4610,2,20.219357581229698,20.219357581229698,100.0
4620,0,39.30231223477228,39.30231223477228,100.0
4620,1,33.1495498394785,33.1495498394785,100.0
4620,2,27.548137925749227,27.548137925749227,100.0
4630,0,12.676248700123383,12.676248700123383,100.0
4630,1,59.632688971496904,59.632688971496904,100.0
4630,2,27.69106232837972,27.69106232837972,100.0
4640,0,66.89366090935158,66.89366090935158,100.0
4640,1,18.016349438189586,18.016349438189586,100.0
4640,2,15.089989652458838,15.089989652458838,100.0
4650,0,13.270095543204125,13.270095543204125,100.0
4650,1,12.017353394448754,12.017353394448754,100.0
4650,2,74.71255106234713,74.71255106234713,100.0
4660,0,10.050868022300596,10.050868022300596,100.0
4660,1,63.94357007516112,63.94357007516112,100.0
4660,2,26.005561902538282,26.005561902538282,100.0
4670,0,23.7516847636387,23.7516847636387,100.0
4670,1,19.085346328851585,19.085346328851585,100.0
4670,2,57.162968907509715,57.162968907509715,100.0
4680,0,36.00937426370568,36.00937426370568,100.0
4680,1,34.39175935317146,34.39175935317146,100.0
4680,2,29.598866383122864,29.598866383122864,100.0
4690,0,37.596539029558954,37.596539029558954,100.0
4690,1,52.855224742966996,52.855224742966996,100.0
4690,2,9.548236227474058,9.548236227474058,100.0
4700,0,25.617862322375302,25.617862322375302,100.0
4700,1,11.324508764990044,11.324508764990044,100.0
4700,2,63.057628912634655,63.057628912634655,100.0
4710,0,14.563615502529412,14.563615502529412,100.0
4710,1,12.467788582875171,12.467788582875171,100.0
4710,2,72.96859591459541,72.96859591459541,100.0
4720,0,28.88975652645089,28.88975652645089,100.0
4720,1,55.73872109530256,55.73872109530256,100.0
4720,2,15.371522378246558,15.371522378246558,100.0
4730,0,34.21530034453972,34.21530034453972,100.0
4730,1,30.979774926502262,30.979774926502262,100.0
4730,2,34.80492472895803,34.80492472895803,100.0
4740,0,46.342876151296906,46.342876151296906,100.0
4740,1,40.9033467038294,40.9033467038294,100.0
4740,2,12.753777144873682,12.753777144873682,100.0
4750,0,35.65997825223721,35.65997825223721,100.0
4750,1,35.808689910041956,35.808689910041956,100.0
4750,2,28.531331837720845,28.531331837720845,100.0
4760,0,34.402277255413274,34.402277255413274,100.0
4760,1,36.452426416343684,36.452426416343684,100.0
4760,2,29.145296328243024,29.145296328243024,100.0
4770,0,11.771108763386612,11.771108763386612,100.0
4770,1,11.470975054453174,11.470975054453174,100.0
4770,2,76.75791618216022,76.75791618216022,100.0
4780,0,20.625070348419026,20.625070348419026,100.0
4780,1,17.715330565358062,17.715330565358062,100.0
4780,2,61.65959908622292,61.65959908622292,100.0
4790,0,14.10930519881545,14.10930519881545,100.0
4790,1,29.687244989113537,29.687244989113537,100.0
4790,2,56.203449812071014,56.203449812071014,100.0
4800,0,47.44869633121556,47.44869633121556,100.0
4800,1,23.360794498339565,23.360794498339565,100.0
4800,2,29.190509170444873,29.190509170444873,100.0
4810,0,24.453269710431545,24.453269710431545,100.0
4810,1,31.307094724818597,31.307094724818597,100.0
4810,2,44.23963556474986,44.23963556474986,100.0
4820,0,9.541980225078163,9.541980225078163,100.0
4820,1,49.156361505186105,49.156361505186105,100.0
4820,2,41.301658269735725,41.301658269735725,100.0
4830,0,14.229547082364371,14.229547082364371,100.0
4830,1,13.285373082999548,13.285373082999548,100.0
4830,2,72.48507983463608,72.48507983463608,100.0
4840,0,37.12274660108682,37.12274660108682,100.0
4840,1,39.44883289367051,39.44883289367051,100.0
4840,2,23.42842050524268,23.42842050524268,100.0
4850,0,51.45151663542599,51.45151663542599,100.0
4850,1,22.038329986439386,22.038329986439386,100.0
4850,2,26.51015337813462,26.51015337813462,100.0
4860,0,25.33569097265768,25.33569097265768,100.0
4860,1,40.866132199767506,40.866132199767506,100.0
4860,2,33.79817682757482,33.79817682757482,100.0
4870,0,51.48343509759861,51.48343509759861,100.0
4870,1,21.070242573032445,21.070242573032445,100.0
4870,2,27.446322329368954,27.446322329368954,100.0
4880,0,51.58605088550862,51.58605088550862,100.0
4880,1,12.872172743841146,12.872172743841146,100.0
4880,2,35.54177637065023,35.54177637065023,100.0
4890,0,24.859254703996758,24.859254703996758,100.0
4890,1,25.810318566132185,25.810318566132185,100.0
4890,2,49.330426729871064,49.330426729871064,100.0
4900,0,14.808711288092924,14.808711288092924,100.0
4900,1,45.843217333375506,45.843217333375506,100.0
4900,2,39.34807137853157,39.34807137853157,100.0
4910,0,16.15743761484624,16.15743761484624,100.0
4910,1,32.81863601333711,32.81863601333711,100.0
4910,2,51.02392637181664,51.02392637181664,100.0
4920,0,36.52338791268682,36.52338791268682,100.0
4920,1,26.916993515982924,26.916993515982924,100.0
4920,2,36.559618571330255,36.559618571330255,100.0
4930,0,40.23854604329674,40.23854604329674,100.0
4930,1,25.640255761834744,25.640255761834744,100.0
4930,2,34.121198194868505,34.121198194868505,100.0
4940,0,35.7809500744553,35.7809500744553,100.0
4940,1,23.757879462156307,23.757879462156307,100.0
4940,2,40.4611704633884,40.4611704633884,100.0
4950,0,11.127383904665265,11.127383904665265,100.0
4950,1,10.829052077269516,10.829052077269516,100.0
4950,2,78.04356401806521,78.04356401806521,100.0
4960,0,15.718134156117394,15.718134156117394,100.0
4960,1,24.124739915021845,24.124739915021845,100.0
4960,2,60.157125928860765,60.157125928860765,100.0
4970,0,40.78082456854295,40.78082456854295,100.0
4970,1,40.11762097126417,40.11762097126417,100.0
4970,2,19.101554460192887,19.101554460192887,100.0
4980,0,36.59110637041867,36.59110637041867,100.0
4980,1,26.90848931161635,26.90848931161635,100.0
4980,2,36.50040431796497,36.50040431796497,100.0
4990,0,15.184813010219845,15.184813010219845,100.0
4990,1,15.181138808141833,15.181138808141833,100.0
4990,2,69.63404818163832,69.63404818163832,100.0
5000,0,46.15863576460865,46.15863576460865,100.0
5000,1,10.397848148337117,10.397848148337117,100.0
5000,2,43.44351608705425,43.44351608705425,100.0
5010,0,16.607791588858724,16.607791588858724,100.0
5010,1,14.547160312947256,14.547160312947256,100.0
5010,2,68.84504809819401,68.84504809819401,100.0
5020,0,11.874107096559658,11.874107096559658,100.0
5020,1,44.47297974106357,44.47297974106357,100.0
5020,2,43.65291316237677,43.65291316237677,100.0
5030,0,7.65095055386044,7.65095055386044,100.0
5030,1,46.706159207031504,46.706159207031504,100.0
5030,2,45.64289023910806,45.64289023910806,100.0
5040,0,21.047200046987452,21.047200046987452,100.0
5040,1,50.01215109062126,50.01215109062126,100.0
5040,2,28.9406488623913,28.9406488623913,100.0
5050,0,11.936531814352538,11.936531814352538,100.0
5050,1,54.47057168097692,54.47057168097692,100.0
5050,2,33.592896504670534,33.592896504670534,100.0
5060,0,21.350428830871174,21.350428830871174,100.0
5060,1,39.643475322701875,39.643475322701875,100.0
5060,2,39.006095846426945,39.006095846426945,100.0
5070,0,11.963256918562337,11.963256918562337,100.0
5070,1,16.334520258740344,16.334520258740344,100.0
5070,2,71.70222282269732,71.70222282269732,100.0
5080,0,19.592905909605097,19.592905909605097,100.0
5080,1,21.029730305392967,21.029730305392967,100.0
5080,2,59.37736378500195,59.37736378500195,100.0
5090,0,21.29914741593749,21.29914741593749,100.0
5090,1,25.15532210664614,25.15532210664614,100.0
5090,2,53.54553047741637,53.54553047741637,100.0
5100,0,37.08297542746771,37.08297542746771,100.0
5100,1,44.91968610792597,44.91968610792597,100.0
5100,2,17.99733846460632,17.99733846460632,100.0
5110,0,15.331361245937927,15.331361245937927,100.0
5110,1,60.05959607246552,60.05959607246552,100.0
5110,2,24.609042681596556,24.609042681596556,100.0
5120,0,43.76612991454106,43.76612991454106,100.0
5120,1,28.760568424907156,28.760568424907156,100.0
5120,2,27.473301660551797,27.473301660551797,100.0
5130,0,21.722196569448315,21.722196569448315,100.0
5130,1,22.678663473544262,22.678663473544262,100.0
5130,2,55.599139957007424,55.599139957007424,100.0
5140,0,47.30050008556572,47.30050008556572,100.0
5140,1,11.567026177902074,11.567026177902074,100.0
5140,2,41.132473736532205,41.132473736532205,100.0
5150,0,29.20740299803291,29.20740299803291,100.0
5150,1,37.52389493720105,37.52389493720105,100.0
5150,2,33.26870206476604,33.26870206476604,100.0
5160,0,48.406687057044074,48.406687057044074,100.0
5160,1,39.0543751864989,39.0543751864989,100.0
5160,2,12.538937756457031,12.538937756457031,100.0
5170,0,15.937200298252552,15.937200298252552,100.0
5170,1,52.24929550657348,52.24929550657348,100.0
5170,2,31.813504195173977,31.813504195173977,100.0
5180,0,35.976774940726,35.976774940726,100.0
5180,1,18.337820557654723,18.337820557654723,100.0
5180,2,45.68540450161928,45.68540450161928,100.0
5190,0,15.956409440811301,15.956409440811301,100.0
5190,1,19.64584223086951,19.64584223086951,100.0
5190,2,64.3977483283192,64.3977483283192,100.0
5200,0,44.446915509188464,44.446915509188464,100.0
5200,1,13.848485857315962,13.848485857315962,100.0
5200,2,41.704598633495586,41.704598633495586,100.0
5210,0,14.701980514480613,14.701980514480613,100.0
5210,1,39.314111099896884,39.314111099896884,100.0
5210,2,45.98390838562249,45.98390838562249,100.0
5220,0,39.7988860359592,39.7988860359592,100.0
5220,1,22.839923086023013,22.839923086023013,100.0
5220,2,37.361190878017794,37.361190878017794,100.0
5230,0,16.76916776176943,16.76916776176943,100.0
5230,1,57.07959480212635,57.07959480212635,100.0
5230,2,26.151237436104207,26.151237436104207,100.0
5240,0,26.520546138059796,26.520546138059796,100.0
5240,1,25.151259719201533,25.151259719201533,100.0
5240,2,48.328194142738674,48.328194142738674,100.0
5250,0,12.125143191731738,12.125143191731738,100.0
5250,1,12.074949309072245,12.074949309072245,100.0
5250,2,75.79990749919602,75.79990749919602,100.0
5260,0,38.73576754899284,38.73576754899284,100.0
5260,1,36.93357739461203,36.93357739461203,100.0
5260,2,24.330655056395134,24.330655056395134,100.0
5270,0,30.25712156635812,30.25712156635812,100.0
5270,1,58.02000876302483,58.02000876302483,100.0
5270,2,11.722869670617051,11.722869670617051,100.0
5280,0,28.137961411297997,28.137961411297997,100.0
5280,1,34.46373613129492,34.46373613129492,100.0
5280,2,37.39830245740709,37.39830245740709,100.0
5290,0,11.447188142840483,11.447188142840483,100.0
5290,1,35.34323597884212,35.34323597884212,100.0
5290,2,53.20957587831741,53.20957587831741,100.0
5300,0,43.14521193450339,43.14521193450339,100.0
5300,1,14.616248612246594,14.616248612246594,100.0
5300,2,42.23853945325002,42.23853945325002,100.0
5310,0,12.939744134309267,12.939744134309267,100.0
5310,1,14.563772897268013,14.563772897268013,100.0
5310,2,72.49648296842271,72.49648296842271,100.0
5320,0,20.749940221354098,20.749940221354098,100.0
5320,1,25.223580345207765,25.223580345207765,100.0
5320,2,54.02647943343815,54.02647943343815,100.0
5330,0,30.18578687159396,30.18578687159396,100.0
5330,1,13.531187478856491,13.531187478856491,100.0
5330,2,56.28302564954954,56.28302564954954,100.0
5340,0,49.29556813812515,49.29556813812515,100.0
5340,1,12.226806027686042,12.226806027686042,100.0
5340,2,38.47762583418881,38.47762583418881,100.0
5350,0,62.04993722169546,62.04993722169546,100.0
5350,1,13.771431994665859,13.771431994665859,100.0
5350,2,24.178630783638685,24.178630783638685,100.0
5360,0,11.387954629176326,11.387954629176326,100.0
5360,1,27.452065112318248,27.452065112318248,100.0
5360,2,61.15998025850543,61.15998025850543,100.0
5370,0,11.312143601853073,11.312143601853073,100.0
5370,1,11.443459557552517,11.443459557552517,100.0
5370,2,77.2443968405944,77.2443968405944,100.0
5380,0,52.821908679747665,52.821908679747665,100.0
5380,1,33.1406981574002,33.1406981574002,100.0
5380,2,14.037393162852146,14.037393162852146,100.0
5390,0,25.90339605068769,25.90339605068769,100.0
5390,1,27.718432888258054,27.718432888258054,100.0
5390,2,46.37817106105426,46.37817106105426,100.0
5400,0,27.840715714179225,27.840715714179225,100.0
5400,1,37.40468314054905,37.40468314054905,100.0
5400,2,34.75460114527172,34.75460114527172,100.0
5410,0,20.306948356119257,20.306948356119257,100.0
5410,1,20.662306894452573,20.662306894452573,100.0
5410,2,59.030744749428166,59.030744749428166,100.0
5420,0,32.30891597224585,32.30891597224585,100.0
5420,1,31.711853895112185,31.711853895112185,100.0
5420,2,35.97923013264197,35.97923013264197,100.0
5430,0,15.700733925739963,15.700733925739963,100.0
5430,1,16.332567872702512,16.332567872702512,100.0
5430,2,67.96669820155753,67.96669820155753,100.0
5440,0,33.974244071198534,33.974244071198534,100.0
5440,1,25.9783235386895,25.9783235386895,100.0
5440,2,40.04743239011198,40.04743239011198,100.0
5450,0,21.83326152995124,21.83326152995124,100.0
5450,1,60.29291116318108,60.29291116318108,100.0
5450,2,17.873827306867675,17.873827306867675,100.0
5460,0,54.25918325106945,54.25918325106945,100.0
5460,1,20.812249762777345,20.812249762777345,100.0
5460,2,24.928566986153207,24.928566986153207,100.0
5470,0,32.51673497055669,32.51673497055669,100.0
5470,1,18.50008309092439,18.50008309092439,100.0
5470,2,48.98318193851892,48.98318193851892,100.0
5480,0,28.195397447639543,28.195397447639543,100.0
5480,1,25.98425542079798,25.98425542079798,100.0
5480,2,45.820347131562485,45.820347131562485,100.0
5490,0,13.326585236427624,13.326585236427624,100.0
5490,1,11.72614251401343,11.72614251401343,100.0
5490,2,74.94727224955895,74.94727224955895,100.0
5500,0,14.370313240791067,14.370313240791067,100.0
5500,1,67.66939628055016,67.66939628055016,100.0
5500,2,17.960290478658774,17.960290478658774,100.0
5510,0,37.05315841389351,37.05315841389351,100.0
5510,1,20.084357397201792,20.084357397201792,100.0
5510,2,42.862484188904695,42.862484188904695,100.0
5520,0,46.49420250634181,46.49420250634181,100.0
5520,1,18.773429673950805,18.773429673950805,100.0
5520,2,34.73236781970739,34.73236781970739,100.0
5530,0,23.05090139371567,23.05090139371567,100.0
5530,1,59.41271883686182,59.41271883686182,100.0
5530,2,17.536379769422517,17.536379769422517,100.0
5540,0,68.78777869280115,68.78777869280115,100.0
5540,1,20.249036172783036,20.249036172783036,100.0
5540,2,10.963185134415816,10.963185134415816,100.0
5550,0,13.017174173144857,13.017174173144857,100.0
5550,1,13.4435072552127,13.4435072552127,100.0
5550,2,73.53931857164245,73.53931857164245,100.0
5560,0,10.493124019258047,10.493124019258047,100.0
5560,1,56.82247383221121,56.82247383221121,100.0
5560,2,32.68440214853075,32.68440214853075,100.0
5570,0,21.378913619716965,21.378913619716965,100.0
5570,1,42.87377320036039,42.87377320036039,100.0
5570,2,35.74731317992265,35.74731317992265,100.0
5580,0,38.792607367475945,38.792607367475945,100.0
5580,1,27.357925343329754,27.357925343329754,100.0
5580,2,33.84946728919431,33.84946728919431,100.0
5590,0,14.347574077214704,14.347574077214704,100.0
5590,1,54.70953351881468,54.70953351881468,100.0
5590,2,30.942892403970625,30.942892403970625,100.0
5600,0,16.476075664610118,16.476075664610118,100.0
5600,1,44.00822938094862,44.00822938094862,100.0
5600,2,39.515694954441265,39.515694954441265,100.0
5610,0,10.88523805614772,10.88523805614772,100.0
5610,1,11.236932829500152,11.236932829500152,100.0
5610,2,77.87782911435211,77.87782911435211,100.0
5620,0,13.775974880895781,13.775974880895781,100.0
5620,1,13.890640703050423,13.890640703050423,100.0
5620,2,72.33338441605379,72.33338441605379,100.0
5630,0,62.84005709727417,62.84005709727417,100.0
5630,1,14.178028690781247,14.178028690781247,100.0
5630,2,22.981914211944584,22.981914211944584,100.0
5640,0,19.02841724250433,19.02841724250433,100.0
5640,1,21.82800079031806,21.82800079031806,100.0
5640,2,59.14358196717762,59.14358196717762,100.0
5650,0,18.59983142091894,18.59983142091894,100.0
5650,1,31.65909425126631,31.65909425126631,100.0
5650,2,49.74107432781475,49.74107432781475,100.0
5660,0,41.73956143091683,41.73956143091683,100.0
5660,1,29.633059795367057,29.633059795367057,100.0
5660,2,28.627378773716117,28.627378773716117,100.0
5670,0,11.215793677683395,11.215793677683395,100.0
5670,1,11.715997360465863,11.715997360465863,100.0
5670,2,77.06820896185074,77.06820896185074,100.0
5680,0,34.80258016050442,34.80258016050442,100.0
5680,1,41.59715530298956,41.59715530298956,100.0
5680,2,23.600264536506028,23.600264536506028,100.0
5690,0,22.45244513689487,22.45244513689487,100.0
5690,1,65.4338200217443,65.4338200217443,100.0
5690,2,12.113734841360838,12.113734841360838,100.0
5700,0,33.30642198147829,33.30642198147829,100.0
5700,1,45.18278819698099,45.18278819698099,100.0
5700,2,21.510789821540726,21.510789821540726,100.0
5710,0,10.959297093354156,10.959297093354156,100.0
5710,1,40.286492215949536,40.286492215949536,100.0
5710,2,48.75421069069631,48.75421069069631,100.0
5720,0,38.6097501084185,38.6097501084185,100.0
5720,1,13.618099173397983,13.618099173397983,100.0
5720,2,47.77215071818351,47.77215071818351,100.0
5730,0,12.400295297134752,12.400295297134752,100.0
5730,1,16.17364709514298,16.17364709514298,100.0
5730,2,71.42605760772227,71.42605760772227,100.0
5740,0,40.43227969250328,40.43227969250328,100.0
5740,1,44.01784206774895,44.01784206774895,100.0
5740,2,15.549878239747772,15.549878239747772,100.0
5750,0,42.28654103665728,42.28654103665728,100.0
5750,1,22.47563118955801,22.47563118955801,100.0
5750,2,35.23782777378471,35.23782777378471,100.0
5760,0,37.871022918550935,37.871022918550935,100.0
5760,1,17.804446862794038,17.804446862794038,100.0
5760,2,44.324530218655035,44.324530218655035,100.0
5770,0,35.616765272269845,35.616765272269845,100.0
5770,1,32.9654544728148,32.9654544728148,100.0
5770,2,31.417780254915357,31.417780254915357,100.0
5780,0,14.049187195869639,14.049187195869639,100.0
5780,1,66.86995327314361,66.86995327314361,100.0
5780,2,19.08085953098677,19.08085953098677,100.0
5790,0,12.5306170699174,12.5306170699174,100.0
5790,1,24.24461579610617,24.24461579610617,100.0
5790,2,63.22476713397644,63.22476713397644,100.0
5800,0,16.28722413736927,16.28722413736927,100.0
5800,1,29.706689445890227,29.706689445890227,100.0
5800,2,54.00608641674051,54.00608641674051,100.0
5810,0,45.05624553319744,45.05624553319744,100.0
5810,1,9.55319799868213,9.55319799868213,100.0
5810,2,45.39055646812042,45.39055646812042,100.0
5820,0,25.28770374717066,25.28770374717066,100.0
5820,1,28.531309092505253,28.531309092505253,100.0
5820,2,46.18098716032408,46.18098716032408,100.0
5830,0,15.66524852488555,15.66524852488555,100.0
5830,1,55.39044306170568,55.39044306170568,100.0
5830,2,28.944308413408752,28.944308413408752,100.0
5840,0,16.986464921953573,16.986464921953573,100.0
5840,1,17.617254572380357,17.617254572380357,100.0
5840,2,65.39628050566607,65.39628050566607,100.0
5850,0,11.478722826310548,11.478722826310548,100.0
5850,1,12.567403917679169,12.567403917679169,100.0
5850,2,75.9538732560103,75.9538732560103,100.0
5860,0,16.633186851545947,16.633186851545947,100.0
5860,1,16.993757082181364,16.993757082181364,100.0
5860,2,66.37305606627268,66.37305606627268,100.0
5870,0,43.46734284802121,43.46734284802121,100.0
5870,1,8.205563921002062,8.205563921002062,100.0
5870,2,48.327093230976736,48.327093230976736,100.0
5880,0,26.609610129854133,26.609610129854133,100.0
5880,1,56.153488109523245,56.153488109523245,100.0
5880,2,17.23690176062262,17.23690176062262,100.0
5890,0,30.97165487850632,30.97165487850632,100.0
5890,1,34.60446668209642,34.60446668209642,100.0
5890,2,34.423878439397264,34.423878439397264,100.0
5900,0,14.977416170450494,14.977416170450494,100.0
5900,1,49.709165122771594,49.709165122771594,100.0
5900,2,35.31341870677791,35.31341870677791,100.0
5910,0,13.459738712929878,13.459738712929878,100.0
5910,1,14.544775623551152,14.544775623551152,100.0
5910,2,71.99548566351898,71.99548566351898,100.0
5920,0,16.324749857673947,16.324749857673947,100.0
5920,1,19.068569089490357,19.068569089490357,100.0
5920,2,64.6066810528357,64.6066810528357,100.0
5930,0,40.603722004444734,40.603722004444734,100.0
5930,1,43.29688284508118,43.29688284508118,100.0
5930,2,16.09939515047408,16.09939515047408,100.0
5940,0,27.695415322392293,27.695415322392293,100.0
5940,1,30.709476072027268,30.709476072027268,100.0
5940,2,41.595108605580435,41.595108605580435,100.0
5950,0,39.84125139996987,39.84125139996987,100.0
5950,1,11.981590100114643,11.981590100114643,100.0
5950,2,48.17715849991548,48.17715849991548,100.0
5960,0,11.162800495230112,11.162800495230112,100.0
5960,1,26.738836624610407,26.738836624610407,100.0
5960,2,62.098362880159485,62.098362880159485,100.0
5970,0,13.023011645848026,13.023011645848026,100.0
5970,1,11.394305245733792,11.394305245733792,100.0
5970,2,75.5826831084182,75.5826831084182,100.0
5980,0,31.248600735055305,31.248600735055305,100.0
5980,1,37.52201984076826,37.52201984076826,100.0
5980,2,31.229379424176447,31.229379424176447,100.0
5990,0,30.231038360786556,30.231038360786556,100.0
5990,1,33.424850339435395,33.424850339435395,100.0
5990,2,36.34411129977805,36.34411129977805,100.0
6000,0,21.496027162269684,21.496027162269684,100.0
6000,1,25.769316742685493,25.769316742685493,100.0
6000,2,52.73465609504482,52.73465609504482,100.0
6010,0,27.034554706037945,27.034554706037945,100.0
6010,1,27.0694475764364,27.0694475764364,100.0
6010,2,45.89599771752565,45.89599771752565,100.0
6020,0,17.520520575872908,17.520520575872908,100.0
6020,1,16.801040373616438,16.801040373616438,100.0
6020,2,65.67843905051066,65.67843905051066,100.0
6030,0,12.511044177173117,12.511044177173117,100.0
6030,1,11.514613522040058,11.514613522040058,100.0
6030,2,75.97434230078683,75.97434230078683,100.0
6040,0,42.59029369405483,42.59029369405483,100.0
6040,1,30.31138845693937,30.31138845693937,100.0
6040,2,27.098317849005817,27.098317849005817,100.0
6050,0,37.698423414025086,37.698423414025086,100.0
6050,1,19.432018210670503,19.432018210670503,100.0
6050,2,42.869558375304415,42.869558375304415,100.0
6060,0,18.06613845825099,18.06613845825099,100.0
6060,1,68.08068721948577,68.08068721948577,100.0
6060,2,13.85317432226324,13.85317432226324,100.0
6070,0,18.876481696183774,18.876481696183774,100.0
6070,1,43.98848022980517,43.98848022980517,100.0
6070,2,37.13503807401105,37.13503807401105,100.0
6080,0,24.484081739931586,24.484081739931586,100.0
6080,1,39.56582091555471,39.56582091555471,100.0
6080,2,35.9500973445137,35.9500973445137,100.0
6090,0,12.284641152727144,12.284641152727144,100.0
6090,1,13.723065896862185,13.723065896862185,100.0
6090,2,73.99229295041067,73.99229295041067,100.0
6100,0,36.22540238140404,36.22540238140404,100.0
6100,1,27.51517831795957,27.51517831795957,100.0
6100,2,36.2594193006364,36.2594193006364,100.0
6110,0,31.540482102641143,31.540482102641143,100.0
6110,1,11.169060987416774,11.169060987416774,100.0
6110,2,57.29045690994208,57.29045690994208,100.0
6120,0,43.308545054384275,43.308545054384275,100.0
6120,1,44.23606319489162,44.23606319489162,100.0
6120,2,12.455391750724095,12.455391750724095,100.0
6130,0,14.94934669113597,14.94934669113597,100.0
6130,1,56.6310390868192,56.6310390868192,100.0
6130,2,28.41961422204483,28.41961422204483,100.0
6140,0,28.43804941292606,28.43804941292606,100.0
6140,1,34.48223323583864,34.48223323583864,100.0
6140,2,37.0797173512353,37.0797173512353,100.0
6150,0,14.944945078167956,14.944945078167956,100.0
6150,1,11.346702609009505,11.346702609009505,100.0
6150,2,73.70835231282254,73.70835231282254,100.0
6160,0,40.35704873116078,40.35704873116078,100.0
6160,1,24.62040865284887,24.62040865284887,100.0
6160,2,35.02254261599035,35.02254261599035,100.0
6170,0,46.85324484539696,46.85324484539696,100.0
6170,1,34.73046082949596,34.73046082949596,100.0
6170,2,18.41629432510708,18.41629432510708,100.0
6180,0,14.679176962897811,14.679176962897811,100.0
6180,1,26.942534930553812,26.942534930553812,100.0
6180,2,58.37828810654838,58.37828810654838,100.0
6190,0,22.735693208111616,22.735693208111616,100.0
6190,1,17.749758511055095,17.749758511055095,100.0
6190,2,59.51454828083329,59.51454828083329,100.0
6200,0,13.924572149533121,13.924572149533121,100.0
6200,1,42.1229907554967,42.1229907554967,100.0
6200,2,43.95243709497018,43.95243709497018,100.0
6210,0,13.26667900769795,13.26667900769795,100.0
6210,1,14.272298306458566,14.272298306458566,100.0
6210,2,72.46102268584349,72.46102268584349,100.0
6220,0,31.988737399295573,31.988737399295573,100.0
6220,1,50.09195606122232,50.09195606122232,100.0
6220,2,17.91930653948212,17.91930653948212,100.0
6230,0,20.50773492523587,20.50773492523587,100.0
6230,1,17.45512626552616,17.45512626552616,100.0
6230,2,62.037138809237966,62.037138809237966,100.0
6240,0,20.92113225062161,20.92113225062161,100.0
6240,1,14.319455615715167,14.319455615715167,100.0
6240,2,64.75941213366323,64.75941213366323,100.0
6250,0,17.687764341151055,17.687764341151055,100.0
6250,1,52.773722909343604,52.773722909343604,100.0
6250,2,29.538512749505347,29.538512749505347,100.0
6260,0,22.881207304009596,22.881207304009596,100.0
6260,1,27.46337435250964,27.46337435250964,100.0
6260,2,49.65541834348076,49.65541834348076,100.0
6270,0,11.934698571874574,11.934698571874574,100.0
6270,1,11.288262512914253,11.288262512914253,100.0
6270,2,76.77703891521116,76.77703891521116,100.0
6280,0,46.04407696928936,46.04407696928936,100.0
6280,1,38.68736691763946,38.68736691763946,100.0
6280,2,15.268556113071188,15.268556113071188,100.0
6290,0,19.095357285255947,19.095357285255947,100.0
6290,1,42.21906129165484,42.21906129165484,100.0
6290,2,38.685581423089204,38.685581423089204,100.0
6300,0,13.22016440645331,13.22016440645331,100.0
6300,1,47.937264373107666,47.937264373107666,100.0
6300,2,38.84257122043902,38.84257122043902,100.0
6310,0,26.796674590920688,26.796674590920688,100.0
6310,1,22.22960954371418,22.22960954371418,100.0
6310,2,50.97371586536513,50.97371586536513,100.0
6320,0,25.059054204350993,25.059054204350993,100.0
6320,1,46.134682861362876,46.134682861362876,100.0
6320,2,28.806262934286124,28.806262934286124,100.0
6330,0,12.649631388166602,12.649631388166602,100.0
6330,1,13.141288585094637,13.141288585094637,100.0
6330,2,74.20908002673876,74.20908002673876,100.0
6340,0,19.198596411142745,19.198596411142745,100.0
6340,1,34.67097796115413,34.67097796115413,100.0
6340,2,46.13042562770312,46.13042562770312,100.0
6350,0,42.35840407936168,42.35840407936168,100.0
6350,1,19.575164806028297,19.575164806028297,100.0
6350,2,38.06643111461002,38.06643111461002,100.0
6360,0,19.865133768039527,19.865133768039527,100.0
6360,1,18.972867432632622,18.972867432632622,100.0
6360,2,61.161998799327854,61.161998799327854,100.0
6370,0,21.21803592585897,21.21803592585897,100.0
6370,1,20.341864368406746,20.341864368406746,100.0
6370,2,58.44009970573428,58.44009970573428,100.0
6380,0,50.85449999627133,50.85449999627133,100.0
6380,1,36.872839638112865,36.872839638112865,100.0
6380,2,12.272660365615819,12.272660365615819,100.0
6390,0,11.36703446990579,11.36703446990579,100.0
6390,1,25.715318949183104,25.715318949183104,100.0
6390,2,62.917646580911104,62.917646580911104,100.0
6400,0,47.65626261091364,47.65626261091364,100.0
6400,1,15.918371033014262,15.918371033014262,100.0
6400,2,36.425366356072104,36.425366356072104,100.0
6410,0,14.657795119930658,14.657795119930658,100.0
6410,1,66.64803978060574,66.64803978060574,100.0
6410,2,18.6941650994636,18.6941650994636,100.0
6420,0,27.215022574890472,27.215022574890472,100.0
6420,1,43.89630865195387,43.89630865195387,100.0
6420,2,28.888668773155658,28.888668773155658,100.0
6430,0,47.186109833890725,47.186109833890725,100.0
6430,1,37.777384991392026,37.777384991392026,100.0
6430,2,15.036505174717234,15.036505174717234,100.0
6440,0,44.88616217959708,44.88616217959708,100.0
6440,1,45.01277827662397,45.01277827662397,100.0
6440,2,10.101059543778959,10.101059543778959,100.0
6450,0,9.345140342365246,9.345140342365246,100.0
6450,1,33.58410734821301,33.58410734821301,100.0
6450,2,57.07075230942175,57.07075230942175,100.0
6460,0,63.72189163475883,63.72189163475883,100.0
6460,1,15.029151129325813,15.029151129325813,100.0
6460,2,21.248957235915363,21.248957235915363,100.0
6470,0,67.05239607699095,67.05239607699095,100.0
6470,1,14.34108369360461,14.34108369360461,100.0
6470,2,18.606520229404445,18.606520229404445,100.0
6480,0,26.23077999240218,26.23077999240218,100.0
6480,1,43.6205482677076,43.6205482677076,100.0
6480,2,30.148671739890226,30.148671739890226,100.0
6490,0,16.64156414843049,16.64156414843049,100.0
6490,1,41.16230345120132,41.16230345120132,100.0
6490,2,42.196132400368185,42.196132400368185,100.0
6500,0,31.211681270895795,31.211681270895795,100.0
6500,1,30.388259823557107,30.388259823557107,100.0
6500,2,38.40005890554709,38.40005890554709,100.0
6510,0,11.211170179699664,11.211170179699664,100.0
6510,1,12.292737932610487,12.292737932610487,100.0
6510,2,76.49609188768986,76.49609188768986,100.0
6520,0,54.529934683987534,54.529934683987534,100.0
6520,1,34.561947643418904,34.561947643418904,100.0
6520,2,10.908117672593567,10.908117672593567,100.0
6530,0,36.56812992988612,36.56812992988612,100.0
6530,1,19.886494798151382,19.886494798151382,100.0
6530,2,43.5453752719625,43.5453752719625,100.0
6540,0,48.305776613223706,48.305776613223706,100.0
6540,1,11.940490445323302,11.940490445323302,100.0
6540,2,39.75373294145299,39.75373294145299,100.0
6550,0,35.74285300597337,35.74285300597337,100.0
6550,1,17.804970489641033,17.804970489641033,100.0
6550,2,46.4521765043856,46.4521765043856,100.0
6560,0,27.144136596769147,27.144136596769147,100.0
6560,1,11.250259259721613,11.250259259721613,100.0
6560,2,61.60560414350924,61.60560414350924,100.0
6570,0,11.059128548833312,11.059128548833312,100.0
6570,1,11.667121218446761,11.667121218446761,100.0
6570,2,77.27375023271993,77.27375023271993,100.0
6580,0,35.054728070738605,35.054728070738605,100.0
6580,1,11.263655929193071,11.263655929193071,100.0
6580,2,53.68161600006833,53.68161600006833,100.0
6590,0,23.935065084078825,23.935065084078825,100.0
6590,1,19.832139101572682,19.832139101572682,100.0
6590,2,56.23279581434849,56.23279581434849,100.0
6600,0,27.253498360283835,27.253498360283835,100.0
6600,1,18.2232222953407,18.2232222953407,100.0
6600,2,54.52327934437547,54.52327934437547,100.0
6610,0,43.39350402423821,43.39350402423821,100.0
6610,1,29.059674392190544,29.059674392190544,100.0
6610,2,27.54682158357125,27.54682158357125,100.0
6620,0,20.015818424245815,20.015818424245815,100.0
6620,1,23.561017863002746,23.561017863002746,100.0
6620,2,56.423163712751446,56.423163712751446,100.0
6630,0,13.217514166948794,13.217514166948794,100.0
6630,1,16.940498847834686,16.940498847834686,100.0
6630,2,69.84198698521652,69.84198698521652,100.0
6640,0,33.48205049700347,33.48205049700347,100.0
6640,1,27.98376227321922,27.98376227321922,100.0
6640,2,38.53418722977732,38.53418722977732,100.0
6650,0,17.300106861413937,17.300106861413937,100.0
6650,1,55.67536496379659,55.67536496379659,100.0
6650,2,27.02452817478947,27.02452817478947,100.0
6660,0,12.63856818585909,12.63856818585909,100.0
6660,1,60.60146234174412,60.60146234174412,100.0
6660,2,26.759969472396794,26.759969472396794,100.0
6670,0,15.979493647137616,15.979493647137616,100.0
6670,1,56.25489934277979,56.25489934277979,100.0
6670,2,27.7656070100826,27.7656070100826,100.0
6680,0,39.1425865226011,39.1425865226011,100.0
6680,1,29.013043553725016,29.013043553725016,100.0
6680,2,31.844369923673888,31.844369923673888,100.0
6690,0,16.585033752964264,16.585033752964264,100.0
6690,1,20.685892923906763,20.685892923906763,100.0
6690,2,62.72907332312897,62.72907332312897,100.0
6700,0,44.99765831331268,44.99765831331268,100.0
6700,1,11.789023811061176,11.789023811061176,100.0
6700,2,43.21331787562614,43.21331787562614,100.0
6710,0,24.71656437251404,24.71656437251404,100.0
6710,1,11.332707174771702,11.332707174771702,100.0
6710,2,63.95072845271426,63.95072845271426,100.0
6720,0,49.2251839039768,49.2251839039768,100.0
6720,1,35.87530295570719,35.87530295570719,100.0
6720,2,14.899513140316001,14.899513140316001,100.0
6730,0,25.720654208728284,25.720654208728284,100.0
6730,1,45.567327043018494,45.567327043018494,100.0
6730,2,28.712018748253225,28.712018748253225,100.0
6740,0,39.231793893696235,39.231793893696235,100.0
6740,1,32.177958126199236,32.177958126199236,100.0
6740,2,28.59024798010454,28.59024798010454,100.0
6750,0,16.510563106968547,16.510563106968547,100.0
6750,1,13.18816008471406,13.18816008471406,100.0
6750,2,70.3012768083174,70.3012768083174,100.0
6760,0,21.158659206969368,21.158659206969368,100.0
6760,1,31.82204513425807,31.82204513425807,100.0
6760,2,47.01929565877256,47.01929565877256,100.0
6770,0,39.10602650226045,39.10602650226045,100.0
6770,1,9.324940742040976,9.324940742040976,100.0
6770,2,51.56903275569857,51.56903275569857,100.0
6780,0,45.70914843669342,45.70914843669342,100.0
6780,1,20.05927939946655,20.05927939946655,100.0
6780,2,34.231572163840035,34.231572163840035,100.0
6790,0,42.960673908768214,42.960673908768214,100.0
6790,1,33.70451323107959,33.70451323107959,100.0
6790,2,23.33481286015221,23.33481286015221,100.0
6800,0,24.532809694324975,24.532809694324975,100.0
6800,1,45.11905487217466,45.11905487217466,100.0
6800,2,30.34813543350036,30.34813543350036,100.0
6810,0,10.817395661955878,10.817395661955878,100.0
6810,1,13.104035813180047,13.104035813180047,100.0
6810,2,76.07856852486408,76.07856852486408,100.0
6820,0,15.773238518779772,15.773238518779772,100.0
6820,1,23.16287317338404,23.16287317338404,100.0
6820,2,61.06388830783619,61.06388830783619,100.0
6830,0,39.90061719457421,39.90061719457421,100.0
6830,1,23.93643984056181,23.93643984056181,100.0
6830,2,36.16294296486399,36.16294296486399,100.0
6840,0,45.495517656768236,45.495517656768236,100.0
6840,1,12.512717855895195,12.512717855895195,100.0
6840,2,41.99176448733656,41.99176448733656,100.0
6850,0,22.78737544662195,22.78737544662195,100.0
6850,1,41.41915195303936,41.41915195303936,100.0
6850,2,35.793472600338696,35.793472600338696,100.0
6860,0,34.320845135574466,34.320845135574466,100.0
6860,1,41.82700364995884,41.82700364995884,100.0
6860,2,23.852151214466687,23.852151214466687,100.0
6870,0,12.918597916313415,12.918597916313415,100.0
6870,1,11.677969072523762,11.677969072523762,100.0
6870,2,75.40343301116283,75.40343301116283,100.0
6880,0,13.809995587652999,13.809995587652999,100.0
6880,1,25.013825464947303,25.013825464947303,100.0
6880,2,61.176178947399706,61.176178947399706,100.0
6890,0,17.678018464197777,17.678018464197777,100.0
6890,1,30.548130882779446,30.548130882779446,100.0
6890,2,51.77385065302278,51.77385065302278,100.0
6900,0,16.252500660433398,16.252500660433398,100.0
6900,1,15.635856443526903,15.635856443526903,100.0
6900,2,68.1116428960397,68.1116428960397,100.0
6910,0,36.44694296623695,36.44694296623695,100.0
6910,1,49.2718414403211,49.2718414403211,100.0
6910,2,14.281215593441946,14.281215593441946,100.0
6920,0,37.0938441760791,37.0938441760791,100.0
6920,1,44.368173416515816,44.368173416515816,100.0
6920,2,18.53798240740507,18.53798240740507,100.0
6930,0,17.177685971499884,17.177685971499884,100.0
6930,1,15.16947649067722,15.16947649067722,100.0
6930,2,67.65283753782289,67.65283753782289,100.0
6940,0,56.870185262957776,56.870185262957776,100.0
6940,1,13.701769081209017,13.701769081209017,100.0
6940,2,29.428045655833206,29.428045655833206,100.0
6950,0,29.558763225549722,29.558763225549722,100.0
6950,1,50.53913830770834,50.53913830770834,100.0
6950,2,19.90209846674193,19.90209846674193,100.0
6960,0,26.196408308691865,26.196408308691865,100.0
6960,1,19.19014450152848,19.19014450152848,100.0
6960,2,54.61344718977965,54.61344718977965,100.0
6970,0,41.63468277740282,41.63468277740282,100.0
6970,1,30.31052547131261,30.31052547131261,100.0
6970,2,28.054791751284576,28.054791751284576,100.0
6980,0,18.095414949506928,18.095414949506928,100.0
6980,1,40.50653434844269,40.50653434844269,100.0
6980,2,41.398050702050384,41.398050702050384,100.0
6990,0,12.141992372785184,12.141992372785184,100.0
6990,1,13.87438178650789,13.87438178650789,100.0
6990,2,73.98362584070694,73.98362584070694,100.0
7000,0,16.978792111711105,16.978792111711105,100.0
7000,1,14.487280726040778,14.487280726040778,100.0
7000,2,68.53392716224812,68.53392716224812,100.0
7010,0,29.89293370492161,29.89293370492161,100.0
7010,1,16.047792761019114,16.047792761019114,100.0
7010,2,54.05927353405927,54.05927353405927,100.0
7020,0,51.02632010356949,51.02632010356949,100.0
7020,1,13.06076912974479,13.06076912974479,100.0
7020,2,35.91291076668573,35.91291076668573,100.0
7030,0,46.76561817100687,46.76561817100687,100.0
7030,1,27.842377869292868,27.842377869292868,100.0
7030,2,25.392003959700265,25.392003959700265,100.0
7040,0,36.57846930773182,36.57846930773182,100.0
7040,1,25.80291208996186,25.80291208996186,100.0
7040,2,37.61861860230632,37.61861860230632,100.0
7050,0,11.301804194876558,11.301804194876558,100.0
7050,1,14.74563211971042,14.74563211971042,100.0
7050,2,73.95256368541303,73.95256368541303,100.0
7060,0,19.012182014462724,19.012182014462724,100.0
7060,1,60.79082131798458,60.79082131798458,100.0
7060,2,20.196996667552696,20.196996667552696,100.0
7070,0,28.316498490800157,28.316498490800157,100.0
7070,1,33.63881023258885,33.63881023258885,100.0
7070,2,38.04469127661099,38.04469127661099,100.0
7080,0,59.61720299357596,59.61720299357596,100.0
7080,1,21.821328900957827,21.821328900957827,100.0
7080,2,18.561468105466222,18.561468105466222,100.0
7090,0,17.778758123453088,17.778758123453088,100.0
7090,1,61.59096614022602,61.59096614022602,100.0
7090,2,20.630275736320897,20.630275736320897,100.0
7100,0,32.14187636148152,32.14187636148152,100.0
7100,1,26.20348498112343,26.20348498112343,100.0
7100,2,41.65463865739505,41.65463865739505,100.0
7110,0,12.87385231338662,12.87385231338662,100.0
7110,1,13.076015461159878,13.076015461159878,100.0
7110,2,74.0501322254535,74.0501322254535,100.0
7120,0,22.88123366803231,22.88123366803231,100.0
7120,1,42.21215690846274,42.21215690846274,100.0
7120,2,34.90660942350496,34.90660942350496,100.0
7130,0,11.207527813721939,11.207527813721939,100.0
7130,1,15.735810858370023,15.735810858370023,100.0
7130,2,73.05666132790805,73.05666132790805,100.0
7140,0,29.58607844251594,29.58607844251594,100.0
7140,1,46.300767429355396,46.300767429355396,100.0
7140,2,24.11315412812867,24.11315412812867,100.0
7150,0,12.369114054575666,12.369114054575666,100.0
7150,1,38.07568691501595,38.07568691501595,100.0
7150,2,49.55519903040839,49.55519903040839,100.0
7160,0,13.375770236861253,13.375770236861253,100.0
7160,1,42.0833189067487,42.0833189067487,100.0
7160,2,44.54091085639004,44.54091085639004,100.0
7170,0,12.942916986366798,12.942916986366798,100.0
7170,1,14.355392359955776,14.355392359955776,100.0
7170,2,72.70169065367742,72.70169065367742,100.0
7180,0,51.37143598102604,51.37143598102604,100.0
7180,1,12.334157758390246,12.334157758390246,100.0
7180,2,36.29440626058373,36.29440626058373,100.0
7190,0,13.333769490971214,13.333769490971214,100.0
7190,1,67.03770235150863,67.03770235150863,100.0
7190,2,19.628528157520165,19.628528157520165,100.0
7200,0,30.474467719839478,30.474467719839478,100.0
7200,1,23.80714178779184,23.80714178779184,100.0
7200,2,45.71839049236869,45.71839049236869,100.0
7210,0,27.145150095883412,27.145150095883412,100.0
7210,1,30.872735259441896,30.872735259441896,100.0
7210,2,41.98211464467469,41.98211464467469,100.0
7220,0,12.294319761462129,12.294319761462129,100.0
7220,1,69.32906719454004,69.32906719454004,100.0
7220,2,18.376613043997832,18.376613043997832,100.0
7230,0,7.1459998679210655,7.1459998679210655,100.0
7230,1,45.488493834200206,45.488493834200206,100.0
7230,2,47.365506297878724,47.365506297878724,100.0
7240,0,12.744201316478204,12.744201316478204,100.0
7240,1,17.08690968564397,17.08690968564397,100.0
7240,2,70.16888899787783,70.16888899787783,100.0
7250,0,54.58964847833055,54.58964847833055,100.0
7250,1,25.377903626354065,25.377903626354065,100.0
7250,2,20.032447895315386,20.032447895315386,100.0
7260,0,42.79682994553473,42.79682994553473,100.0
7260,1,28.242491727349357,28.242491727349357,100.0
7260,2,28.960678327115914,28.960678327115914,100.0
7270,0,42.29656183338989,42.29656183338989,100.0
7270,1,17.9893489330045,17.9893489330045,100.0
7270,2,39.714089233605606,39.714089233605606,100.0
7280,0,47.20316820690852,47.20316820690852,100.0
7280,1,21.85141107183058,21.85141107183058,100.0
7280,2,30.945420721260895,30.945420721260895,100.0
7290,0,19.58769142451728,19.58769142451728,100.0
7290,1,18.50647194358767,18.50647194358767,100.0
7290,2,61.90583663189505,61.90583663189505,100.0
7300,0,48.005205237548026,48.005205237548026,100.0
7300,1,22.782245529271083,22.782245529271083,100.0
7300,2,29.212549233180894,29.212549233180894,100.0
7310,0,37.02453920234642,37.02453920234642,100.0
7310,1,39.37095243137042,39.37095243137042,100.0
7310,2,23.60450836628316,23.60450836628316,100.0
7320,0,10.416576021850123,10.416576021850123,100.0
7320,1,44.27863071190059,44.27863071190059,100.0
7320,2,45.304793266249284,45.304793266249284,100.0
7330,0,41.661973009802196,41.661973009802196,100.0
7330,1,11.866493781334917,11.866493781334917,100.0
7330,2,46.47153320886289,46.47153320886289,100.0
7340,0,11.31757611023095,11.31757611023095,100.0
7340,1,44.0694931383824,44.0694931383824,100.0
7340,2,44.61293075138664,44.61293075138664,100.0
7350,0,16.05050165315846,16.05050165315846,100.0
7350,1,10.995412290925238,10.995412290925238,100.0
7350,2,72.9540860559163,72.9540860559163,100.0
7360,0,45.6600319203582,45.6600319203582,100.0
7360,1,30.823617855661222,30.823617855661222,100.0
7360,2,23.516350223980584,23.516350223980584,100.0
7370,0,26.204712811265633,26.204712811265633,100.0
7370,1,36.42836537444827,36.42836537444827,100.0
7370,2,37.366921814286094,37.366921814286094,100.0
7380,0,37.57750542542584,37.57750542542584,100.0
7380,1,13.058111016149313,13.058111016149313,100.0
7380,2,49.36438355842485,49.36438355842485,100.0
7390,0,18.210234007799713,18.210234007799713,100.0
7390,1,62.17498045692663,62.17498045692663,100.0
7390,2,19.614785535273665,19.614785535273665,100.0
7400,0,33.198457100639516,33.198457100639516,100.0
7400,1,38.74036864281212,38.74036864281212,100.0
7400,2,28.061174256548355,28.061174256548355,100.0
7410,0,12.329652238626602,12.329652238626602,100.0
7410,1,11.220573830167828,11.220573830167828,100.0
7410,2,76.44977393120557,76.44977393120557,100.0
7420,0,25.857960154055714,25.857960154055714,100.0
7420,1,26.611966474175308,26.611966474175308,100.0
7420,2,47.530073371768985,47.530073371768985,100.0
7430,0,43.37702572562313,43.37702572562313,100.0
7430,1,31.214116464090058,31.214116464090058,100.0
7430,2,25.408857810286804,25.408857810286804,100.0
7440,0,15.845915551319745,15.845915551319745,100.0
7440,1,51.95860259394299,51.95860259394299,100.0
7440,2,32.19548185473727,32.19548185473727,100.0
7450,0,22.14126366208,22.14126366208,100.0
7450,1,21.004349919718774,21.004349919718774,100.0
7450,2,56.85438641820123,56.85438641820123,100.0
7460,0,13.507361469007037,13.507361469007037,100.0
7460,1,39.25496929580248,39.25496929580248,100.0
7460,2,47.23766923519048,47.23766923519048,100.0
7470,0,12.109246143875225,12.109246143875225,100.0
7470,1,12.087447483901125,12.087447483901125,100.0
7470,2,75.80330637222364,75.80330637222364,100.0
7480,0,16.353679880779715,16.353679880779715,100.0
7480,1,56.427786301739026,56.427786301739026,100.0
7480,2,27.218533817481262,27.218533817481262,100.0
7490,0,8.750236145203184,8.750236145203184,100.0
7490,1,35.97830307955867,35.97830307955867,100.0
7490,2,55.27146077523815,55.27146077523815,100.0
7500,0,37.33378806041353,37.33378806041353,100.0
7500,1,18.335493339495045,18.335493339495045,100.0
7500,2,44.33071860009142,44.33071860009142,100.0
7510,0,61.3142388169902,61.3142388169902,100.0
7510,1,19.388279833063194,19.388279833063194,100.0
7510,2,19.29748134994661,19.29748134994661,100.0
7520,0,14.250151618697496,14.250151618697496,100.0
7520,1,39.06163825843992,39.06163825843992,100.0
7520,2,46.68821012286258,46.68821012286258,100.0
7530,0,11.247080667278544,11.247080667278544,100.0
7530,1,14.192256126783068,14.192256126783068,100.0
7530,2,74.5606632059384,74.5606632059384,100.0
7540,0,30.81436650121498,30.81436650121498,100.0
7540,1,20.372439538963974,20.372439538963974,100.0
7540,2,48.813193959821035,48.813193959821035,100.0
7550,0,32.68483642899755,32.68483642899755,100.0
7550,1,27.650859283549874,27.650859283549874,100.0
7550,2,39.66430428745258,39.66430428745258,100.0
7560,0,21.729444248090626,21.729444248090626,100.0
7560,1,21.65197315484619,21.65197315484619,100.0
7560,2,56.61858259706318,56.61858259706318,100.0
7570,0,58.94437876937937,58.94437876937937,100.0
7570,1,18.560881930072597,18.560881930072597,100.0
7570,2,22.49473930054804,22.49473930054804,100.0
7580,0,21.243178672475363,21.243178672475363,100.0
7580,1,31.978490178654845,31.978490178654845,100.0
7580,2,46.77833114886979,46.77833114886979,100.0
7590,0,13.594086515618942,13.594086515618942,100.0
7590,1,13.37059400284892,13.37059400284892,100.0
7590,2,73.03531948153214,73.03531948153214,100.0
7600,0,25.629426103288584,25.629426103288584,100.0
7600,1,35.53521352221286,35.53521352221286,100.0
7600,2,38.835360374498556,38.835360374498556,100.0
7610,0,28.941604414668536,28.941604414668536,100.0
7610,1,33.28527177267983,33.28527177267983,100.0
7610,2,37.77312381265165,37.77312381265165,100.0
7620,0,25.919196826371373,25.919196826371373,100.0
7620,1,20.102425409730184,20.102425409730184,100.0
7620,2,53.97837776389844,53.97837776389844,100.0
7630,0,38.573792344637546,38.573792344637546,100.0
7630,1,34.017227043797966,34.017227043797966,100.0
7630,2,27.408980611564488,27.408980611564488,100.0
7640,0,12.55388131252791,12.55388131252791,100.0
7640,1,21.741246092602584,21.741246092602584,100.0
7640,2,65.70487259486951,65.70487259486951,100.0
7650,0,12.979204293003527,12.979204293003527,100.0
7650,1,20.018580805457795,20.018580805457795,100.0
7650,2,67.00221490153868,67.00221490153868,100.0
7660,0,19.170631704899275,19.170631704899275,100.0
7660,1,13.330332160139202,13.330332160139202,100.0
7660,2,67.49903613496151,67.49903613496151,100.0
7670,0,55.387194808827864,55.387194808827864,100.0
7670,1,10.927866592950204,10.927866592950204,100.0
7670,2,33.684938598221926,33.684938598221926,100.0
7680,0,27.179743803744955,27.179743803744955,100.0
7680,1,22.26371160165457,22.26371160165457,100.0
7680,2,50.556544594600474,50.556544594600474,100.0
7690,0,42.47555002629525,42.47555002629525,100.0
7690,1,18.85960299720328,18.85960299720328,100.0
7690,2,38.66484697650147,38.66484697650147,100.0
7700,0,16.087853642491325,16.087853642491325,100.0
7700,1,16.59724786359238,16.59724786359238,100.0
7700,2,67.3148984939163,67.3148984939163,100.0
7710,0,15.739000288680028,15.739000288680028,100.0
7710,1,16.346040055259056,16.346040055259056,100.0
7710,2,67.91495965606093,67.91495965606093,100.0
7720,0,72.71774189238558,72.71774189238558,100.0
7720,1,14.295724622004325,14.295724622004325,100.0
7720,2,12.986533485610103,12.986533485610103,100.0
7730,0,14.387152175379065,14.387152175379065,100.0
7730,1,23.75700274579874,23.75700274579874,100.0
7730,2,61.85584507882219,61.85584507882219,100.0
7740,0,17.83331090087559,17.83331090087559,100.0
7740,1,31.105111876939667,31.105111876939667,100.0
7740,2,51.06157722218475,51.06157722218475,100.0
7750,0,20.342878488181494,20.342878488181494,100.0
7750,1,29.014004200483402,29.014004200483402,100.0
7750,2,50.643117311335104,50.643117311335104,100.0
7760,0,14.732588251185572,14.732588251185572,100.0
7760,1,25.03871414544465,25.03871414544465,100.0
7760,2,60.228697603369774,60.228697603369774,100.0
7770,0,11.986401152717143,11.986401152717143,100.0
7770,1,14.442120676613602,14.442120676613602,100.0
7770,2,73.57147817066925,73.57147817066925,100.0
7780,0,51.558652742461554,51.558652742461554,100.0
7780,1,19.85902452133051,19.85902452133051,100.0
7780,2,28.58232273620793,28.58232273620793,100.0
7790,0,47.10257307046648,47.10257307046648,100.0
7790,1,37.73823309399651,37.73823309399651,100.0
7790,2,15.159193835537007,15.159193835537007,100.0
7800,0,26.648211424296136,26.648211424296136,100.0
7800,1,39.14542679883365,39.14542679883365,100.0
7800,2,34.20636177687022,34.20636177687022,100.0
7810,0,12.713477556408911,12.713477556408911,100.0
7810,1,60.241868882955885,60.241868882955885,100.0
7810,2,27.0446535606352,27.0446535606352,100.0
7820,0,45.854371999323675,45.854371999323675,100.0
7820,1,10.356874060559633,10.356874060559633,100.0
7820,2,43.788753940116706,43.788753940116706,100.0
7830,0,26.30941320808858,26.30941320808858,100.0
7830,1,26.393124498147674,26.393124498147674,100.0
7830,2,47.29746229376375,47.29746229376375,100.0
7840,0,27.78478451778763,27.78478451778763,100.0
7840,1,30.082924712998338,30.082924712998338,100.0
7840,2,42.13229076921404,42.13229076921404,100.0
7850,0,37.73703190514,37.73703190514,100.0
7850,1,14.910409752320358,14.910409752320358,100.0
7850,2,47.352558342539645,47.352558342539645,100.0
7860,0,14.926474830151118,14.926474830151118,100.0
7860,1,15.417926327264608,15.417926327264608,100.0
7860,2,69.65559884258428,69.65559884258428,100.0
7870,0,22.52601261918221,22.52601261918221,100.0
7870,1,19.55765415749682,19.55765415749682,100.0
7870,2,57.91633322332097,57.91633322332097,100.0
7880,0,25.657817120624653,25.657817120624653,100.0
7880,1,12.966817327630045,12.966817327630045,100.0
7880,2,61.3753655517453,61.3753655517453,100.0
7890,0,10.963748473778052,10.963748473778052,100.0
7890,1,11.759832704548803,11.759832704548803,100.0
7890,2,77.27641882167315,77.27641882167315,100.0
7900,0,16.353054351917297,16.353054351917297,100.0
7900,1,35.754953976855205,35.754953976855205,100.0
7900,2,47.891991671227494,47.891991671227494,100.0
7910,0,24.455886273065826,24.455886273065826,100.0
7910,1,47.755098086783235,47.755098086783235,100.0
7910,2,27.789015640150943,27.789015640150943,100.0
7920,0,23.30433300730646,23.30433300730646,100.0
7920,1,10.320711806305425,10.320711806305425,100.0
7920,2,66.3749551863881,66.3749551863881,100.0
7930,0,28.536796427682752,28.536796427682752,100.0
7930,1,34.17690775354711,34.17690775354711,100.0
7930,2,37.28629581877014,37.28629581877014,100.0
7940,0,26.148290851467443,26.148290851467443,100.0
7940,1,31.847514492364944,31.847514492364944,100.0
7940,2,42.00419465616761,42.00419465616761,100.0
7950,0,12.443512243144829,12.443512243144829,100.0
7950,1,11.606722258159195,11.606722258159195,100.0
7950,2,75.94976549869598,75.94976549869598,100.0
7960,0,60.31524995878008,60.31524995878008,100.0
7960,1,17.038352598842593,17.038352598842593,100.0
7960,2,22.646397442377335,22.646397442377335,100.0
7970,0,63.06043320155521,63.06043320155521,100.0
7970,1,13.958440625391924,13.958440625391924,100.0
7970,2,22.981126173052864,22.981126173052864,100.0
7980,0,27.090209218140753,27.090209218140753,100.0
7980,1,42.30287733928146,42.30287733928146,100.0
7980,2,30.606913442577792,30.606913442577792,100.0
7990,0,18.939347337173093,18.939347337173093,100.0
7990,1,16.285261065678895,16.285261065678895,100.0
7990,2,64.77539159714803,64.77539159714803,100.0
8000,0,21.793137864993177,21.793137864993177,100.0
8000,1,15.605503074069283,15.605503074069283,100.0
8000,2,62.60135906093755,62.60135906093755,100.0
8010,0,12.691737328923608,12.691737328923608,100.0
8010,1,13.629485964230895,13.629485964230895,100.0
8010,2,73.67877670684551,73.67877670684551,100.0
8020,0,48.4126488222041,48.4126488222041,100.0
8020,1,20.384704180555595,20.384704180555595,100.0
8020,2,31.202646997240308,31.202646997240308,100.0
8030,0,19.677512909793148,19.677512909793148,100.0
8030,1,20.073875986803102,20.073875986803102,100.0
8030,2,60.24861110340376,60.24861110340376,100.0
8040,0,61.28640448976452,61.28640448976452,100.0
8040,1,25.80579566412819,25.80579566412819,100.0
8040,2,12.907799846107284,12.907799846107284,100.0
8050,0,42.57530531525527,42.57530531525527,100.0
8050,1,16.06875185520899,16.06875185520899,100.0
8050,2,41.35594282953575,41.35594282953575,100.0
8060,0,46.59281821276383,46.59281821276383,100.0
8060,1,18.07611250701002,18.07611250701002,100.0
8060,2,35.33106928022615,35.33106928022615,100.0
8070,0,13.74785907831405,13.74785907831405,100.0
8070,1,13.80820577339144,13.80820577339144,100.0
8070,2,72.4439351482945,72.4439351482945,100.0
8080,0,41.820364424969725,41.820364424969725,100.0
8080,1,8.614826691197864,8.614826691197864,100.0
8080,2,49.56480888383241,49.56480888383241,100.0
8090,0,56.420612376875845,56.420612376875845,100.0
8090,1,32.15401190870884,32.15401190870884,100.0
8090,2,11.425375714415312,11.425375714415312,100.0
8100,0,35.85858412737078,35.85858412737078,100.0
8100,1,18.096984674949855,18.096984674949855,100.0
8100,2,46.04443119767936,46.04443119767936,100.0
8110,0,26.090038912642676,26.090038912642676,100.0
8110,1,10.879346872622644,10.879346872622644,100.0
8110,2,63.03061421473468,63.03061421473468,100.0
8120,0,30.368210587065914,30.368210587065914,100.0
8120,1,32.931975012177745,32.931975012177745,100.0
8120,2,36.69981440075634,36.69981440075634,100.0
8130,0,17.893398864010432,17.893398864010432,100.0
8130,1,17.903338480728415,17.903338480728415,100.0
8130,2,64.20326265526116,64.20326265526116,100.0
8140,0,41.463063751072426,41.463063751072426,100.0
8140,1,38.95056528374601,38.95056528374601,100.0
8140,2,19.586370965181573,19.586370965181573,100.0
8150,0,28.82662351031364,28.82662351031364,100.0
8150,1,45.74134932451104,45.74134932451104,100.0
8150,2,25.43202716517533,25.43202716517533,100.0
8160,0,31.850441130048658,31.850441130048658,100.0
8160,1,23.32113030626627,23.32113030626627,100.0
8160,2,44.828428563685065,44.828428563685065,100.0
8170,0,42.233207844127755,42.233207844127755,100.0
8170,1,30.539249346060064,30.539249346060064,100.0
8170,2,27.22754280981217,27.22754280981217,100.0
8180,0,20.226803266874356,20.226803266874356,100.0
8180,1,15.176846423034245,15.176846423034245,100.0
8180,2,64.5963503100914,64.5963503100914,100.0
8190,0,16.081505928786516,16.081505928786516,100.0
8190,1,17.324462333321016,17.324462333321016,100.0
8190,2,66.59403173789246,66.59403173789246,100.0
8200,0,68.24054108017825,68.24054108017825,100.0
8200,1,18.687824593595572,18.687824593595572,100.0
8200,2,13.071634326226192,13.071634326226192,100.0
8210,0,32.155240393459195,32.155240393459195,100.0
8210,1,30.539440823628976,30.539440823628976,100.0
8210,2,37.305318782911826,37.305318782911826,100.0
8220,0,50.32097169180191,50.32097169180191,100.0
8220,1,24.382419723788924,24.382419723788924,100.0
8220,2,25.29660858440917,25.29660858440917,100.0
8230,0,10.311133238612761,10.311133238612761,100.0
8230,1,35.59481466460987,35.59481466460987,100.0
8230,2,54.094052096777375,54.094052096777375,100.0
8240,0,44.526444612387394,44.526444612387394,100.0
8240,1,20.897261189399995,20.897261189399995,100.0
8240,2,34.57629419821261,34.57629419821261,100.0
8250,0,14.621149199311107,14.621149199311107,100.0
8250,1,12.74490076995464,12.74490076995464,100.0
8250,2,72.63395003073427,72.63395003073427,100.0
8260,0,36.82283667392534,36.82283667392534,100.0
8260,1,28.094395533965372,28.094395533965372,100.0
8260,2,35.08276779210927,35.08276779210927,100.0
8270,0,33.13855884507396,33.13855884507396,100.0
8270,1,16.093290300844817,16.093290300844817,100.0
8270,2,50.76815085408122,50.76815085408122,100.0
8280,0,15.753612080836438,15.753612080836438,100.0
8280,1,23.096836488709783,23.096836488709783,100.0
8280,2,61.149551430453776,61.149551430453776,100.0
8290,0,36.13835723697809,36.13835723697809,100.0
8290,1,47.49083211348005,47.49083211348005,100.0
8290,2,16.370810649541873,16.370810649541873,100.0
8300,0,34.28518605780683,34.28518605780683,100.0
8300,1,21.663588833184416,21.663588833184416,100.0
8300,2,44.051225109008755,44.051225109008755,100.0
8310,0,11.09597198753967,11.09597198753967,100.0
8310,1,12.475892092163729,12.475892092163729,100.0
8310,2,76.4281359202966,76.4281359202966,100.0
8320,0,24.234593170028045,24.234593170028045,100.0
8320,1,23.023353663028157,23.023353663028157,100.0
8320,2,52.742053166943805,52.742053166943805,100.0
8330,0,17.61487903240124,17.61487903240124,100.0
8330,1,30.473596751690835,30.473596751690835,100.0
8330,2,51.911524215907924,51.911524215907924,100.0
8340,0,16.127135107582173,16.127135107582173,100.0
8340,1,71.29139681409339,71.29139681409339,100.0
8340,2,12.581468078324448,12.581468078324448,100.0
8350,0,13.230200585116167,13.230200585116167,100.0
8350,1,68.01150788995757,68.01150788995757,100.0
8350,2,18.758291524926268,18.758291524926268,100.0
8360,0,69.53080879881726,69.53080879881726,100.0
8360,1,17.44606648020126,17.44606648020126,100.0
8360,2,13.02312472098149,13.02312472098149,100.0
8370,0,11.187546962331973,11.187546962331973,100.0
8370,1,11.308914084478488,11.308914084478488,100.0
8370,2,77.50353895318955,77.50353895318955,100.0
8380,0,29.94842652119796,29.94842652119796,100.0
8380,1,40.061377674220935,40.061377674220935,100.0
8380,2,29.990195804581116,29.990195804581116,100.0
8390,0,40.71880227475788,40.71880227475788,100.0
8390,1,16.93327941583125,16.93327941583125,100.0
8390,2,42.34791830941088,42.34791830941088,100.0
8400,0,42.85939656769362,42.85939656769362,100.0
8400,1,25.67325357753849,25.67325357753849,100.0
8400,2,31.467349854767885,31.467349854767885,100.0
8410,0,11.79283394510536,11.79283394510536,100.0
8410,1,62.46072041981503,62.46072041981503,100.0
8410,2,25.746445635079606,25.746445635079606,100.0
8420,0,42.92401959979064,42.92401959979064,100.0
8420,1,44.05920196577138,44.05920196577138,100.0
8420,2,13.016778434437978,13.016778434437978,100.0
8430,0,9.934617741714717,9.934617741714717,100.0
8430,1,22.528770088690834,22.528770088690834,100.0
8430,2,67.53661216959446,67.53661216959446,100.0
8440,0,22.97620410830942,22.97620410830942,100.0
8440,1,45.786207179537115,45.786207179537115,100.0
8440,2,31.237588712153475,31.237588712153475,100.0
8450,0,30.664962124283957,30.664962124283957,100.0
8450,1,47.727962120426376,47.727962120426376,100.0
8450,2,21.607075755289678,21.607075755289678,100.0
8460,0,21.531356604723413,21.531356604723413,100.0
8460,1,35.61279644653041,35.61279644653041,100.0
8460,2,42.85584694874618,42.85584694874618,100.0
8470,0,12.359897084656936,12.359897084656936,100.0
8470,1,48.520514920811586,48.520514920811586,100.0
8470,2,39.11958799453149,39.11958799453149,100.0
8480,0,35.89511486073487,35.89511486073487,100.0
8480,1,27.903342714352767,27.903342714352767,100.0
8480,2,36.20154242491236,36.20154242491236,100.0
8490,0,14.222333949605387,14.222333949605387,100.0
8490,1,14.59676132993202,14.59676132993202,100.0
8490,2,71.1809047204626,71.1809047204626,100.0
8500,0,31.956064753857756,31.956064753857756,100.0
8500,1,13.569248801538425,13.569248801538425,100.0
8500,2,54.47468644460381,54.47468644460381,100.0
8510,0,11.002314195844377,11.002314195844377,100.0
8510,1,48.04807391218883,48.04807391218883,100.0
8510,2,40.949611891966796,40.949611891966796,100.0
8520,0,64.40642346589337,64.40642346589337,100.0
8520,1,25.201885556871577,25.201885556871577,100.0
8520,2,10.391690977235047,10.391690977235047,100.0
8530,0,16.126718158014693,16.126718158014693,100.0
8530,1,40.81389314553911,40.81389314553911,100.0
8530,2,43.05938869644619,43.05938869644619,100.0
8540,0,43.56363089994425,43.56363089994425,100.0
8540,1,25.734065380305193,25.734065380305193,100.0
8540,2,30.702303719750564,30.702303719750564,100.0
8550,0,11.677886951840366,11.677886951840366,100.0
8550,1,12.246073423207985,12.246073423207985,100.0
8550,2,76.07603962495165,76.07603962495165,100.0
8560,0,57.04890807446728,57.04890807446728,100.0
8560,1,14.444109692120168,14.444109692120168,100.0
8560,2,28.506982233412565,28.506982233412565,100.0
8570,0,52.7477303267047,52.7477303267047,100.0
8570,1,11.86409118085024,11.86409118085024,100.0
8570,2,35.38817849244506,35.38817849244506,100.0
8580,0,27.172225099072634,27.172225099072634,100.0
8580,1,23.181955817473856,23.181955817473856,100.0
8580,2,49.64581908345352,49.64581908345352,100.0
8590,0,22.402643768643774,22.402643768643774,100.0
8590,1,59.275048158342955,59.275048158342955,100.0
8590,2,18.32230807301327,18.32230807301327,100.0
8600,0,19.833541473704706,19.833541473704706,100.0
8600,1,59.1061516631895,59.1061516631895,100.0
8600,2,21.060306863105797,21.060306863105797,100.0
8610,0,11.447542535572989,11.447542535572989,100.0
8610,1,14.11445259166196,14.11445259166196,100.0
8610,2,74.43800487276505,74.43800487276505,100.0
8620,0,32.931252184721544,32.931252184721544,100.0
8620,1,33.79031384828498,33.79031384828498,100.0
8620,2,33.27843396699347,33.27843396699347,100.0
8630,0,11.119712551333704,11.119712551333704,100.0
8630,1,26.1451500080713,26.1451500080713,100.0
8630,2,62.73513744059499,62.73513744059499,100.0
8640,0,13.871906661063637,13.871906661063637,100.0
8640,1,21.16871098395091,21.16871098395091,100.0
8640,2,64.95938235498546,64.95938235498546,100.0
8650,0,56.06944837400968,56.06944837400968,100.0
8650,1,14.287412367557673,14.287412367557673,100.0
8650,2,29.643139258432644,29.643139258432644,100.0
8660,0,45.92037853922036,45.92037853922036,100.0
8660,1,27.3620223220032,27.3620223220032,100.0
8660,2,26.717599138776443,26.717599138776443,100.0
8670,0,11.124530298107874,11.124530298107874,100.0
8670,1,11.137670226394771,11.137670226394771,100.0
8670,2,77.73779947549735,77.73779947549735,100.0
8680,0,42.894639966500506,42.894639966500506,100.0
8680,1,45.628121632696605,45.628121632696605,100.0
8680,2,11.477238400802896,11.477238400802896,100.0
8690,0,8.839607274925449,8.839607274925449,100.0
8690,1,54.93516439928903,54.93516439928903,100.0
8690,2,36.22522832578552,36.22522832578552,100.0
8700,0,30.268182535939193,30.268182535939193,100.0
8700,1,15.429708787882829,15.429708787882829,100.0
8700,2,54.30210867617799,54.30210867617799,100.0
8710,0,18.524772733316443,18.524772733316443,100.0
8710,1,36.21264090744686,36.21264090744686,100.0
8710,2,45.26258635923669,45.26258635923669,100.0
8720,0,17.630620136698752,17.630620136698752,100.0
8720,1,47.20902893175342,47.20902893175342,100.0
8720,2,35.16035093154783,35.16035093154783,100.0
8730,0,16.098884343674293,16.098884343674293,100.0
8730,1,16.775951122413552,16.775951122413552,100.0
8730,2,67.12516453391216,67.12516453391216,100.0
8740,0,62.11050030330022,62.11050030330022,100.0
8740,1,21.849626599149836,21.849626599149836,100.0
8740,2,16.039873097549957,16.039873097549957,100.0
8750,0,31.911016522377324,31.911016522377324,100.0
8750,1,33.11388651867273,33.11388651867273,100.0
8750,2,34.97509695894995,34.97509695894995,100.0
8760,0,31.795006963532053,31.795006963532053,100.0
8760,1,25.292259166643877,25.292259166643877,100.0
8760,2,42.91273386982407,42.91273386982407,100.0
8770,0,23.46120317020224,23.46120317020224,100.0
8770,1,23.534518658211997,23.534518658211997,100.0
8770,2,53.00427817158576,53.00427817158576,100.0
8780,0,12.83118518872007,12.83118518872007,100.0
8780,1,29.432615927185513,29.432615927185513,100.0
8780,2,57.736198884094414,57.736198884094414,100.0
8790,0,11.359278881838765,11.359278881838765,100.0
8790,1,12.558180163402314,12.558180163402314,100.0
8790,2,76.08254095475893,76.08254095475893,100.0
8800,0,18.238376419494596,18.238376419494596,100.0
8800,1,38.201039914789725,38.201039914789725,100.0
8800,2,43.560583665715676,43.560583665715676,100.0
8810,0,20.83442638403059,20.83442638403059,100.0
8810,1,46.32781330462081,46.32781330462081,100.0
8810,2,32.837760311348596,32.837760311348596,100.0
8820,0,12.093414076635419,12.093414076635419,100.0
8820,1,16.897422366803575,16.897422366803575,100.0
8820,2,71.009163556561,71.009163556561,100.0
8830,0,15.942107534018751,15.942107534018751,100.0
8830,1,50.335831715498294,50.335831715498294,100.0
8830,2,33.72206075048296,33.72206075048296,100.0
8840,0,26.090778881010873,26.090778881010873,100.0
8840,1,38.79743007066867,38.79743007066867,100.0
8840,2,35.11179104832047,35.11179104832047,100.0
8850,0,14.563384705181049,14.563384705181049,100.0
8850,1,16.118834013226973,16.118834013226973,100.0
8850,2,69.31778128159198,69.31778128159198,100.0
8860,0,32.59716595511877,32.59716595511877,100.0
8860,1,16.158594812468095,16.158594812468095,100.0
8860,2,51.24423923241315,51.24423923241315,100.0
8870,0,22.794082273810155,22.794082273810155,100.0
8870,1,39.58961010600166,39.58961010600166,100.0
8870,2,37.616307620188195,37.616307620188195,100.0
8880,0,20.740370669126417,20.740370669126417,100.0
8880,1,23.748726816378486,23.748726816378486,100.0
8880,2,55.5109025144951,55.5109025144951,100.0
8890,0,13.050672213880976,13.050672213880976,100.0
8890,1,23.24361768429208,23.24361768429208,100.0
8890,2,63.70571010182695,63.70571010182695,100.0
8900,0,35.4528937028559,35.4528937028559,100.0
8900,1,36.67172148725461,36.67172148725461,100.0
8900,2,27.875384809889503,27.875384809889503,100.0
8910,0,13.874435169127528,13.874435169127528,100.0
8910,1,14.860484551338018,14.860484551338018,100.0
8910,2,71.26508027953446,71.26508027953446,100.0
8920,0,16.53344620970675,16.53344620970675,100.0
8920,1,52.4496066731822,52.4496066731822,100.0
8920,2,31.016947117111055,31.016947117111055,100.0
8930,0,58.331768088321326,58.331768088321326,100.0
8930,1,23.845563707932325,23.845563707932325,100.0
8930,2,17.82266820374636,17.82266820374636,100.0
8940,0,28.297671759559385,28.297671759559385,100.0
8940,1,19.259560526910967,19.259560526910967,100.0
8940,2,52.44276771352965,52.44276771352965,100.0
8950,0,32.713694209628166,32.713694209628166,100.0
8950,1,16.523841303587922,16.523841303587922,100.0
8950,2,50.76246448678391,50.76246448678391,100.0
8960,0,15.043264543076052,15.043264543076052,100.0
8960,1,48.48066373298805,48.48066373298805,100.0
8960,2,36.4760717239359,36.4760717239359,100.0
8970,0,11.526149328843669,11.526149328843669,100.0
8970,1,13.49465839431912,13.49465839431912,100.0
8970,2,74.97919227683721,74.97919227683721,100.0
8980,0,18.119042938745594,18.119042938745594,100.0
8980,1,40.62291781785644,40.62291781785644,100.0
8980,2,41.258039243397974,41.258039243397974,100.0
8990,0,18.09466630966952,18.09466630966952,100.0
8990,1,28.892895172199985,28.892895172199985,100.0
8990,2,53.0124385181305,53.0124385181305,100.0
9000,0,33.586081866349446,33.586081866349446,100.0
9000,1,15.285272950801614,15.285272950801614,100.0
9000,2,51.12864518284894,51.12864518284894,100.0
9010,0,8.570787010786091,8.570787010786091,100.0
9010,1,42.38274236779311,42.38274236779311,100.0
9010,2,49.0464706214208,49.0464706214208,100.0
9020,0,61.09767258117552,61.09767258117552,100.0
9020,1,17.456219237170504,17.456219237170504,100.0
9020,2,21.446108181653976,21.446108181653976,100.0
9030,0,13.366516873201123,13.366516873201123,100.0
9030,1,13.525239587396037,13.525239587396037,100.0
9030,2,73.10824353940285,73.10824353940285,100.0
9040,0,17.25329410028684,17.25329410028684,100.0
9040,1,67.80491122778011,67.80491122778011,100.0
9040,2,14.941794671933062,14.941794671933062,100.0
9050,0,27.10417339453558,27.10417339453558,100.0
9050,1,17.141497558358292,17.141497558358292,100.0
9050,2,55.75432904710613,55.75432904710613,100.0
9060,0,13.20394691092616,13.20394691092616,100.0
9060,1,59.27032311920387,59.27032311920387,100.0
9060,2,27.52572996986997,27.52572996986997,100.0
9070,0,27.964880466644342,27.964880466644342,100.0
9070,1,17.349012286288723,17.349012286288723,100.0
9070,2,54.68610724706694,54.68610724706694,100.0
9080,0,29.583880562728936,29.583880562728936,100.0
9080,1,28.377553849122485,28.377553849122485,100.0
9080,2,42.03856558814858,42.03856558814858,100.0
9090,0,11.829640597593446,11.829640597593446,100.0
9090,1,12.639678061878978,12.639678061878978,100.0
9090,2,75.53068134052758,75.53068134052758,100.0
9100,0,51.28520930480814,51.28520930480814,100.0
9100,1,16.35692158461541,16.35692158461541,100.0
9100,2,32.357869110576445,32.357869110576445,100.0
9110,0,25.666480500158855,25.666480500158855,100.0
9110,1,58.13896763631856,58.13896763631856,100.0
9110,2,16.194551863522584,16.194551863522584,100.0
9120,0,19.272353184968388,19.272353184968388,100.0
9120,1,45.869238161563594,45.869238161563594,100.0
9120,2,34.85840865346802,34.85840865346802,100.0
9130,0,10.297962044566013,10.297962044566013,100.0
9130,1,47.79450034673095,47.79450034673095,100.0
9130,2,41.907537608703045,41.907537608703045,100.0
9140,0,47.817438957796085,47.817438957796085,100.0
9140,1,9.546934544073574,9.546934544073574,100.0
9140,2,42.635626498130335,42.635626498130335,100.0
9150,0,12.231880860648744,12.231880860648744,100.0
9150,1,12.3911048407503,12.3911048407503,100.0
9150,2,75.37701429860097,75.37701429860097,100.0
9160,0,63.584540964206816,63.584540964206816,100.0
9160,1,24.59993979272312,24.59993979272312,100.0
9160,2,11.815519243070073,11.815519243070073,100.0
9170,0,67.54477785379457,67.54477785379457,100.0
9170,1,19.655765254188605,19.655765254188605,100.0
9170,2,12.799456892016819,12.799456892016819,100.0
9180,0,39.600279285827256,39.600279285827256,100.0
9180,1,28.98153362337659,28.98153362337659,100.0
9180,2,31.418187090796163,31.418187090796163,100.0
9190,0,16.699800138393943,16.699800138393943,100.0
9190,1,36.68472379491097,36.68472379491097,100.0
9190,2,46.61547606669508,46.61547606669508,100.0
9200,0,47.21174983402226,47.21174983402226,100.0
9200,1,13.252744513838655,13.252744513838655,100.0
9200,2,39.53550565213909,39.53550565213909,100.0
9210,0,13.034251955960565,13.034251955960565,100.0
9210,1,12.345995864129568,12.345995864129568,100.0
9210,2,74.61975217990987,74.61975217990987,100.0
9220,0,9.160388245272472,9.160388245272472,100.0
9220,1,30.611413818855304,30.611413818855304,100.0
9220,2,60.22819793587223,60.22819793587223,100.0
9230,0,29.03164916040051,29.03164916040051,100.0
9230,1,23.74685083064881,23.74685083064881,100.0
9230,2,47.22150000895067,47.22150000895067,100.0
9240,0,24.27443192068036,24.27443192068036,100.0
9240,1,61.68660368770742,61.68660368770742,100.0
9240,2,14.038964391612229,14.038964391612229,100.0
9250,0,44.39010216487091,44.39010216487091,100.0
9250,1,36.99871908740048,36.99871908740048,100.0
9250,2,18.61117874772861,18.61117874772861,100.0
9260,0,21.280468856702036,21.280468856702036,100.0
9260,1,56.91297863252055,56.91297863252055,100.0
9260,2,21.80655251077741,21.80655251077741,100.0
9270,0,14.755022615949386,14.755022615949386,100.0
9270,1,15.749043575394056,15.749043575394056,100.0
9270,2,69.49593380865656,69.49593380865656,100.0
9280,0,31.64522489534279,31.64522489534279,100.0
9280,1,35.46669800258543,35.46669800258543,100.0
9280,2,32.888077102071776,32.888077102071776,100.0
9290,0,11.953496063927824,11.953496063927824,100.0
9290,1,12.452146643769165,12.452146643769165,100.0
9290,2,75.59435729230302,75.59435729230302,100.0
9300,0,43.41001375740276,43.41001375740276,100.0
9300,1,25.053138892905764,25.053138892905764,100.0
9300,2,31.53684734969148,31.53684734969148,100.0
9310,0,16.078950454598573,16.078950454598573,100.0
9310,1,44.36947163890067,44.36947163890067,100.0
9310,2,39.551577906500754,39.551577906500754,100.0
9320,0,21.43445711946707,21.43445711946707,100.0
9320,1,13.958828384986202,13.958828384986202,100.0
9320,2,64.60671449554674,64.60671449554674,100.0
9330,0,12.260498268730801,12.260498268730801,100.0
9330,1,11.99710798124729,11.99710798124729,100.0
9330,2,75.7423937500219,75.7423937500219,100.0
9340,0,33.946205695708436,33.946205695708436,100.0
9340,1,34.8895332784192,34.8895332784192,100.0
9340,2,31.164261025872364,31.164261025872364,100.0
9350,0,33.54199242732148,33.54199242732148,100.0
9350,1,36.10469847246986,36.10469847246986,100.0
9350,2,30.35330910020866,30.35330910020866,100.0
9360,0,34.392099605422125,34.392099605422125,100.0
9360,1,37.54044149304693,37.54044149304693,100.0
9360,2,28.067458901530944,28.067458901530944,100.0
9370,0,39.14777660702807,39.14777660702807,100.0
9370,1,28.00647684772063,28.00647684772063,100.0
9370,2,32.845746545251295,32.845746545251295,100.0
9380,0,31.13855725443877,31.13855725443877,100.0
9380,1,38.182461266348746,38.182461266348746,100.0
9380,2,30.678981479212474,30.678981479212474,100.0
9390,0,14.563746331803149,14.563746331803149,100.0
9390,1,13.370974462907418,13.370974462907418,100.0
9390,2,72.06527920528943,72.06527920528943,100.0
9400,0,10.042572071035186,10.042572071035186,100.0
9400,1,46.132744827769095,46.132744827769095,100.0
9400,2,43.824683101195724,43.824683101195724,100.0
9410,0,52.44728003712885,52.44728003712885,100.0
9410,1,21.687922312831205,21.687922312831205,100.0
9410,2,25.86479765003994,25.86479765003994,100.0
9420,0,37.15480744783008,37.15480744783008,100.0
9420,1,31.926678614132687,31.926678614132687,100.0
9420,2,30.91851393803724,30.91851393803724,100.0
9430,0,35.23775919814224,35.23775919814224,100.0
9430,1,39.98090666591098,39.98090666591098,100.0
9430,2,24.78133413594677,24.78133413594677,100.0
9440,0,18.818513436594316,18.818513436594316,100.0
9440,1,16.466743993946974,16.466743993946974,100.0
9440,2,64.71474256945872,64.71474256945872,100.0
9450,0,11.655305553217925,11.655305553217925,100.0
9450,1,11.879257216961028,11.879257216961028,100.0
9450,2,76.46543722982105,76.46543722982105,100.0
9460,0,27.74039680102928,27.74039680102928,100.0
9460,1,45.208285311898116,45.208285311898116,100.0
9460,2,27.0513178870726,27.0513178870726,100.0
9470,0,31.158842436666966,31.158842436666966,100.0
9470,1,32.71696372589087,32.71696372589087,100.0
9470,2,36.124193837442164,36.124193837442164,100.0
9480,0,38.54943204850775,38.54943204850775,100.0
9480,1,43.391207528408096,43.391207528408096,100.0
9480,2,18.05936042308416,18.05936042308416,100.0
9490,0,63.765527014263654,63.765527014263654,100.0
9490,1,19.43605780347147,19.43605780347147,100.0
9490,2,16.79841518226487,16.79841518226487,100.0
9500,0,14.1001268351567,14.1001268351567,100.0
9500,1,15.752804159327095,15.752804159327095,100.0
9500,2,70.1470690055162,70.1470690055162,100.0
9510,0,13.155264822156324,13.155264822156324,100.0
9510,1,12.361314390683608,12.361314390683608,100.0
9510,2,74.48342078716007,74.48342078716007,100.0
9520,0,36.447270335656754,36.447270335656754,100.0
9520,1,21.14509127000167,21.14509127000167,100.0
9520,2,42.40763839434158,42.40763839434158,100.0
9530,0,20.164267013967205,20.164267013967205,100.0
9530,1,14.244283042599672,14.244283042599672,100.0
9530,2,65.59144994343312,65.59144994343312,100.0
9540,0,38.07352890037515,38.07352890037515,100.0
9540,1,38.8361210921556,38.8361210921556,100.0
9540,2,23.090350007469247,23.090350007469247,100.0
9550,0,16.72532623442536,16.72532623442536,100.0
9550,1,11.09384626690121,11.09384626690121,100.0
9550,2,72.18082749867344,72.18082749867344,100.0
9560,0,22.15651360354145,22.15651360354145,100.0
9560,1,13.401952915734688,13.401952915734688,100.0
9560,2,64.44153348072386,64.44153348072386,100.0
9570,0,14.45403025592931,14.45403025592931,100.0
9570,1,15.586673954729,15.586673954729,100.0
9570,2,69.9592957893417,69.9592957893417,100.0
9580,0,20.350948637564635,20.350948637564635,100.0
9580,1,19.433822185447415,19.433822185447415,100.0
9580,2,60.21522917698795,60.21522917698795,100.0
9590,0,48.107687513833966,48.107687513833966,100.0
9590,1,40.234481418265794,40.234481418265794,100.0
9590,2,11.657831067900242,11.657831067900242,100.0
9600,0,28.72182440190276,28.72182440190276,100.0
9600,1,47.15963971174939,47.15963971174939,100.0
9600,2,24.118535886347843,24.118535886347843,100.0
9610,0,26.228012673405516,26.228012673405516,100.0
9610,1,23.6116432428155,23.6116432428155,100.0
9610,2,50.160344083778995,50.160344083778995,100.0
9620,0,56.5072944862938,56.5072944862938,100.0
9620,1,21.62071491335446,21.62071491335446,100.0
9620,2,21.871990600351747,21.871990600351747,100.0
9630,0,11.214329562213443,11.214329562213443,100.0
9630,1,11.736684536771762,11.736684536771762,100.0
9630,2,77.0489859010148,77.0489859010148,100.0
9640,0,46.666248752971384,46.666248752971384,100.0
9640,1,33.772928289950904,33.772928289950904,100.0
9640,2,19.56082295707772,19.56082295707772,100.0
9650,0,28.086541635489905,28.086541635489905,100.0
9650,1,51.91440607696754,51.91440607696754,100.0
9650,2,19.999052287542558,19.999052287542558,100.0
9660,0,13.448200005829507,13.448200005829507,100.0
9660,1,29.661429143016328,29.661429143016328,100.0
9660,2,56.890370851154174,56.890370851154174,100.0
9670,0,18.824020664917647,18.824020664917647,100.0
9670,1,17.188310714933678,17.188310714933678,100.0
9670,2,63.987668620148675,63.987668620148675,100.0
9680,0,41.612596210111384,41.612596210111384,100.0
9680,1,9.647179378276526,9.647179378276526,100.0
9680,2,48.74022441161208,48.74022441161208,100.0
9690,0,22.520215021245946,22.520215021245946,100.0
9690,1,20.11445613263654,20.11445613263654,100.0
9690,2,57.365328846117514,57.365328846117514,100.0
9700,0,48.02424582459383,48.02424582459383,100.0
9700,1,23.82800779846902,23.82800779846902,100.0
9700,2,28.147746376937143,28.147746376937143,100.0
9710,0,9.424237272105412,9.424237272105412,100.0
9710,1,45.549861561701185,45.549861561701185,100.0
9710,2,45.025901166193414,45.025901166193414,100.0
9720,0,51.44735579504348,51.44735579504348,100.0
9720,1,29.15252463538508,29.15252463538508,100.0
9720,2,19.400119569571434,19.400119569571434,100.0
9730,0,15.656781127198519,15.656781127198519,100.0
9730,1,50.789376407157825,50.789376407157825,100.0
9730,2,33.553842465643655,33.553842465643655,100.0
9740,0,16.306658905890156,16.306658905890156,100.0
9740,1,61.57718531207518,61.57718531207518,100.0
9740,2,22.116155782034657,22.116155782034657,100.0
9750,0,12.283549551121103,12.283549551121103,100.0
9750,1,13.9229783972578,13.9229783972578,100.0
9750,2,73.7934720516211,73.7934720516211,100.0
9760,0,37.05083905369762,37.05083905369762,100.0
9760,1,39.17079144113662,39.17079144113662,100.0
9760,2,23.77836950516576,23.77836950516576,100.0
9770,0,22.80444599367773,22.80444599367773,100.0
9770,1,31.1430105974955,31.1430105974955,100.0
9770,2,46.05254340882677,46.05254340882677,100.0
9780,0,54.33312405171845,54.33312405171845,100.0
9780,1,15.18893091205964,15.18893091205964,100.0
9780,2,30.477945036221914,30.477945036221914,100.0
9790,0,38.310357119132156,38.310357119132156,100.0
9790,1,19.25063621857147,19.25063621857147,100.0
9790,2,42.43900666229637,42.43900666229637,100.0
9800,0,39.80790169819426,39.80790169819426,100.0
9800,1,8.04805997502416,8.04805997502416,100.0
9800,2,52.14403832678158,52.14403832678158,100.0
9810,0,15.604718956240474,15.604718956240474,100.0
9810,1,46.3854326703809,46.3854326703809,100.0
9810,2,38.00984837337864,38.00984837337864,100.0
9820,0,25.6201957264128,25.6201957264128,100.0
9820,1,32.738908729921604,32.738908729921604,100.0
9820,2,41.640895543665614,41.640895543665614,100.0
9830,0,21.7896037668776,21.7896037668776,100.0
9830,1,31.734415318284775,31.734415318284775,100.0
9830,2,46.47598091483763,46.47598091483763,100.0
9840,0,14.377419362452033,14.377419362452033,100.0
9840,1,37.83868300517833,37.83868300517833,100.0
9840,2,47.783897632369644,47.783897632369644,100.0
9850,0,10.409587866861097,10.409587866861097,100.0
9850,1,31.158404815696322,31.158404815696322,100.0
9850,2,58.43200731744259,58.43200731744259,100.0
9860,0,14.665164523011825,14.665164523011825,100.0
9860,1,58.65814442347443,58.65814442347443,100.0
9860,2,26.67669105351374,26.67669105351374,100.0
9870,0,17.278888874524075,17.278888874524075,100.0
9870,1,10.53167084633663,10.53167084633663,100.0
9870,2,72.18944027913929,72.18944027913929,100.0
9880,0,50.79338455890301,50.79338455890301,100.0
9880,1,30.989555607016335,30.989555607016335,100.0
9880,2,18.21705983408067,18.21705983408067,100.0
9890,0,15.92994868862984,15.92994868862984,100.0
9890,1,35.926390962075594,35.926390962075594,100.0
9890,2,48.14366034929456,48.14366034929456,100.0
9900,0,27.82116563022826,27.82116563022826,100.0
9900,1,35.2720858316211,35.2720858316211,100.0
9900,2,36.906748538150644,36.906748538150644,100.0
9910,0,60.61721095677291,60.61721095677291,100.0
9910,1,20.583151277153448,20.583151277153448,100.0
9910,2,18.79963776607366,18.79963776607366,100.0
9920,0,39.92224718897705,39.92224718897705,100.0
9920,1,21.936025418354824,21.936025418354824,100.0
9920,2,38.141727392668116,38.141727392668116,100.0
9930,0,10.56536756612618,10.56536756612618,100.0
9930,1,18.699318830313523,18.699318830313523,100.0
9930,2,70.7353136035603,70.7353136035603,100.0
9940,0,17.41998248547833,17.41998248547833,100.0
9940,1,39.4247465903847,39.4247465903847,100.0
9940,2,43.15527092413697,43.15527092413697,100.0
9950,0,25.10385335314299,25.10385335314299,100.0
9950,1,17.041220622101203,17.041220622101203,100.0
9950,2,57.854926024755805,57.854926024755805,100.0
9960,0,27.913524991086113,27.913524991086113,100.0
9960,1,51.64583711495676,51.64583711495676,100.0
9960,2,20.440637893957128,20.440637893957128,100.0
9970,0,26.825525777961918,26.825525777961918,100.0
9970,1,52.98891312143663,52.98891312143663,100.0
9970,2,20.18556110060146,20.18556110060146,100.0
9980,0,15.713855949765968,15.713855949765968,100.0
9980,1,52.252749786368646,52.252749786368646,100.0
9980,2,32.03339426386539,32.03339426386539,100.0
9990,0,22.036498671224255,22.036498671224255,100.0
9990,1,10.492745583375891,10.492745583375891,100.0
9990,2,67.47075574539984,67.47075574539984,100.0
