timestamp_ms,ue_id,slice,thr_mbps,btx,bfs_pct,tdp,effective_lost_pcts,rsh_pct
510,11,MTC,0.2048,15872,0.00,0,98.39,26.67
510,12,MTC,0.2048,15872,0.00,0,98.39,26.67
510,13,MTC,0.2048,15872,0.00,0,98.39,26.67
510,14,MTC,0.2048,15872,0.00,0,98.39,26.67
510,15,MTC,0.2048,15872,0.00,0,98.39,26.67
510,16,MTC,0.2048,15872,0.00,0,98.39,26.67
510,17,MTC,0.2048,15872,0.00,0,98.39,26.67
510,18,MTC,0.2048,15872,0.00,0,98.39,26.67
510,19,MTC,0.2048,15872,0.00,0,98.39,26.67
510,20,MTC,0.2048,15872,0.00,0,98.39,26.67
510,1,eMBB,0.0000,24448,0.00,0,100.00,33.33
510,2,eMBB,0.0000,24448,0.00,0,100.00,33.33
510,3,eMBB,0.0000,24448,0.00,0,100.00,33.33
510,4,eMBB,0.0000,24448,0.00,0,100.00,33.33
510,5,eMBB,0.0000,24448,0.00,0,100.00,33.33
510,6,URLLC,0.1248,312,0.00,0,50.00,40.00
510,7,URLLC,0.1248,312,0.00,0,50.00,40.00
510,8,URLLC,0.1248,312,0.00,0,50.00,40.00
510,9,URLLC,0.1248,312,0.00,0,50.00,40.00
510,10,URLLC,0.1248,312,0.00,0,50.00,40.00
520,11,MTC,1.2288,16000,0.00,0,90.40,27.81
520,12,MTC,1.2288,16000,0.00,0,90.40,27.81
520,13,MTC,1.2288,16000,0.00,0,90.40,27.81
520,14,MTC,1.2288,16000,0.00,0,90.40,27.81
520,15,MTC,1.2288,16000,0.00,0,90.40,27.81
520,16,MTC,1.2288,16000,0.00,0,90.40,27.81
520,17,MTC,1.2288,16000,0.00,0,90.40,27.81
520,18,MTC,1.2288,16000,0.00,0,90.40,27.81
520,19,MTC,1.2288,16000,0.00,0,90.40,27.81
520,20,MTC,1.2288,16000,0.00,0,90.40,27.81
520,1,eMBB,2.4448,25976,0.00,0,88.24,31.61
520,2,eMBB,2.4448,25976,0.00,0,88.24,31.61
520,3,eMBB,2.4448,25976,0.00,0,88.24,31.61
520,4,eMBB,2.4448,25976,0.00,0,88.24,31.61
520,5,eMBB,2.4448,25976,0.00,0,88.24,31.61
520,6,URLLC,0.3120,390,0.00,0,0.00,40.57
520,7,URLLC,0.3120,390,0.00,0,0.00,40.57
520,8,URLLC,0.3120,390,0.00,0,0.00,40.57
520,9,URLLC,0.3120,390,0.00,0,0.00,40.57
520,10,URLLC,0.3120,390,0.00,0,0.00,40.57
530,11,MTC,1.2288,16000,0.00,0,90.40,26.54
530,12,MTC,1.2288,16000,0.00,0,90.40,26.54
530,13,MTC,1.2288,16000,0.00,0,90.40,26.54
530,14,MTC,1.2288,16000,0.00,0,90.40,26.54
530,15,MTC,1.1264,16000,0.00,0,91.20,26.54
530,16,MTC,1.1264,16000,0.00,0,91.20,26.54
530,17,MTC,0.5120,16000,0.00,0,96.00,26.54
530,18,MTC,1.2288,16000,0.00,0,90.40,26.54
530,19,MTC,1.2288,16000,0.00,0,90.40,26.54
530,20,MTC,1.2288,16000,0.00,0,90.40,26.54
530,1,eMBB,2.4448,24448,0.00,0,87.50,30.11
530,2,eMBB,2.4448,24448,0.00,0,87.50,30.11
530,3,eMBB,3.6672,24448,0.00,0,81.25,30.11
530,4,eMBB,3.6672,24448,0.00,0,81.25,30.11
530,5,eMBB,2.4448,24448,0.00,0,87.50,30.11
530,6,URLLC,0.3120,390,0.00,0,0.00,43.35
530,7,URLLC,0.3120,390,0.00,0,0.00,43.35
530,8,URLLC,0.3120,390,0.00,0,0.00,43.35
530,9,URLLC,0.3120,390,0.00,0,0.00,43.35
530,10,URLLC,0.3120,390,0.00,0,0.00,43.35
540,11,MTC,1.1264,16000,0.00,0,91.20,29.85
540,12,MTC,1.1264,16000,0.00,0,91.20,29.85
540,13,MTC,1.2288,16000,0.00,0,90.40,29.85
540,14,MTC,1.2288,16000,0.00,0,90.40,29.85
540,15,MTC,1.3312,16000,0.00,0,89.60,29.85
540,16,MTC,1.3312,16000,0.00,0,89.60,29.85
540,17,MTC,1.6384,16000,0.00,0,87.20,29.85
540,18,MTC,1.1264,16000,0.00,0,91.20,29.85
540,19,MTC,1.2288,16000,0.00,0,90.40,29.85
540,20,MTC,1.1264,16000,0.00,0,91.20,29.85
540,1,eMBB,3.6672,25976,0.00,0,82.35,34.83
540,2,eMBB,3.6672,25976,0.00,0,82.35,34.83
540,3,eMBB,2.4448,25976,0.00,0,88.24,34.83
540,4,eMBB,2.4448,25976,0.00,0,88.24,34.83
540,5,eMBB,3.6672,25976,0.00,0,82.35,34.83
540,6,URLLC,0.3120,390,0.00,0,0.00,35.32
540,7,URLLC,0.3120,390,0.00,0,0.00,35.32
540,8,URLLC,0.3120,390,0.00,0,0.00,35.32
540,9,URLLC,0.3120,390,0.00,0,0.00,35.32
540,10,URLLC,0.3120,390,0.00,0,0.00,35.32
550,11,MTC,1.1264,16000,0.00,0,91.20,28.42
550,12,MTC,1.1264,16000,0.00,0,91.20,28.42
550,13,MTC,1.0240,16000,0.00,0,92.00,28.42
550,14,MTC,1.1264,16000,0.00,0,91.20,28.42
550,15,MTC,1.0240,16000,0.00,0,92.00,28.42
550,16,MTC,1.0240,16000,0.00,0,92.00,28.42
550,17,MTC,1.3312,16000,0.00,0,89.60,28.42
550,18,MTC,1.1264,16000,0.00,0,91.20,28.42
550,19,MTC,1.0240,16000,0.00,0,92.00,28.42
550,20,MTC,1.1264,16000,0.00,0,91.20,28.42
550,1,eMBB,2.4448,25976,0.00,0,88.24,28.64
550,2,eMBB,2.4448,25976,0.00,0,88.24,28.64
550,3,eMBB,2.4448,25976,0.00,0,88.24,28.64
550,4,eMBB,2.4448,25976,0.00,0,88.24,28.64
550,5,eMBB,2.4448,25976,0.00,0,88.24,28.64
550,6,URLLC,0.3120,390,0.00,0,0.00,42.94
550,7,URLLC,0.3120,390,0.00,0,0.00,42.94
550,8,URLLC,0.3120,390,0.00,0,0.00,42.94
550,9,URLLC,0.3120,390,0.00,0,0.00,42.94
550,10,URLLC,0.3120,390,0.00,0,0.00,42.94
560,11,MTC,1.3312,16000,0.00,0,89.60,29.86
560,12,MTC,1.3312,16000,0.00,0,89.60,29.86
560,13,MTC,1.2288,16000,0.00,0,90.40,29.86
560,14,MTC,1.1264,16000,0.00,0,91.20,29.86
560,15,MTC,1.2288,16000,0.00,0,90.40,29.86
560,16,MTC,1.2288,16000,0.00,0,90.40,29.86
560,17,MTC,1.3312,16000,0.00,0,89.60,29.86
560,18,MTC,1.3312,16000,0.00,0,89.60,29.86
560,19,MTC,1.2288,16000,0.00,0,90.40,29.86
560,20,MTC,1.2288,16000,0.00,0,90.40,29.86
560,1,eMBB,2.4448,24448,0.00,0,87.50,42.35
560,2,eMBB,2.4448,24448,0.00,0,87.50,42.35
560,3,eMBB,2.4448,24448,0.00,0,87.50,42.35
560,4,eMBB,2.4448,24448,0.00,0,87.50,42.35
560,5,eMBB,2.4448,24448,0.00,0,87.50,42.35
560,6,URLLC,0.3120,390,0.00,0,0.00,27.78
560,7,URLLC,0.3120,390,0.00,0,0.00,27.78
560,8,URLLC,0.3120,390,0.00,0,0.00,27.78
560,9,URLLC,0.3120,390,0.00,0,0.00,27.78
560,10,URLLC,0.3120,390,0.00,0,0.00,27.78
570,11,MTC,1.2288,16000,0.00,0,90.40,33.17
570,12,MTC,1.2288,16000,0.00,0,90.40,33.17
570,13,MTC,1.3312,16000,0.00,0,89.60,33.17
570,14,MTC,1.3312,16000,0.00,0,89.60,33.17
570,15,MTC,1.3312,16000,0.00,0,89.60,33.17
570,16,MTC,1.3312,16000,0.00,0,89.60,33.17
570,17,MTC,1.3312,16000,0.00,0,89.60,33.17
570,18,MTC,1.3312,16000,0.00,0,89.60,33.17
570,19,MTC,1.4336,16000,0.00,0,88.80,33.17
570,20,MTC,1.4336,16000,0.00,0,88.80,33.17
570,1,eMBB,3.6672,25976,0.00,0,82.35,40.17
570,2,eMBB,3.6672,25976,0.00,0,82.35,40.17
570,3,eMBB,3.6672,25976,0.00,0,82.35,40.17
570,4,eMBB,3.6672,25976,0.00,0,82.35,40.17
570,5,eMBB,3.6672,25976,0.00,0,82.35,40.17
570,6,URLLC,0.3120,390,0.00,0,0.00,26.67
570,7,URLLC,0.3120,390,0.00,0,0.00,26.67
570,8,URLLC,0.3120,390,0.00,0,0.00,26.67
570,9,URLLC,0.3120,390,0.00,0,0.00,26.67
570,10,URLLC,0.3120,390,0.00,0,0.00,26.67
580,11,MTC,1.3312,16000,0.00,0,89.60,23.01
580,12,MTC,1.3312,16000,0.00,0,89.60,23.01
580,13,MTC,1.2288,16000,0.00,0,90.40,23.01
580,14,MTC,1.2288,16000,0.00,0,90.40,23.01
580,15,MTC,1.2288,16000,0.00,0,90.40,23.01
580,16,MTC,1.2288,16000,0.00,0,90.40,23.01
580,17,MTC,1.2288,16000,0.00,0,90.40,23.01
580,18,MTC,1.2288,16000,0.00,0,90.40,23.01
580,19,MTC,1.1264,16000,0.00,0,91.20,23.01
580,20,MTC,1.2288,16000,0.00,0,90.40,23.01
580,1,eMBB,3.6672,25976,0.00,0,82.35,30.73
580,2,eMBB,3.6672,25976,0.00,0,82.35,30.73
580,3,eMBB,3.6672,25976,0.00,0,82.35,30.73
580,4,eMBB,3.6672,25976,0.00,0,82.35,30.73
580,5,eMBB,3.6672,25976,0.00,0,82.35,30.73
580,6,URLLC,0.3120,390,0.00,0,0.00,46.26
580,7,URLLC,0.3120,390,0.00,0,0.00,46.26
580,8,URLLC,0.3120,390,0.00,0,0.00,46.26
580,9,URLLC,0.3120,390,0.00,0,0.00,46.26
580,10,URLLC,0.3120,390,0.00,0,0.00,46.26
590,11,MTC,1.0240,16000,0.00,0,92.00,18.22
590,12,MTC,1.0240,16000,0.00,0,92.00,18.22
590,13,MTC,1.0240,16000,0.00,0,92.00,18.22
590,14,MTC,1.0240,16000,0.00,0,92.00,18.22
590,15,MTC,1.0240,16000,0.00,0,92.00,18.22
590,16,MTC,1.0240,16000,0.00,0,92.00,18.22
590,17,MTC,1.1264,16000,0.00,0,91.20,18.22
590,18,MTC,1.0240,16000,0.00,0,92.00,18.22
590,19,MTC,1.0240,16000,0.00,0,92.00,18.22
590,20,MTC,0.9216,16000,0.00,0,92.80,18.22
590,1,eMBB,2.4448,24448,0.00,0,87.50,30.32
590,2,eMBB,2.4448,24448,0.00,0,87.50,30.32
590,3,eMBB,3.6672,24448,0.00,0,81.25,30.32
590,4,eMBB,3.6672,24448,0.00,0,81.25,30.32
590,5,eMBB,3.6672,24448,0.00,0,81.25,30.32
590,6,URLLC,0.3120,390,0.00,0,0.00,51.46
590,7,URLLC,0.3120,390,0.00,0,0.00,51.46
590,8,URLLC,0.3120,390,0.00,0,0.00,51.46
590,9,URLLC,0.3120,390,0.00,0,0.00,51.46
590,10,URLLC,0.3120,390,0.00,0,0.00,51.46
600,11,MTC,0.9216,16000,0.00,0,92.80,21.35
600,12,MTC,0.9216,16000,0.00,0,92.80,21.35
600,13,MTC,1.0240,16000,0.00,0,92.00,21.35
600,14,MTC,1.0240,16000,0.00,0,92.00,21.35
600,15,MTC,0.9216,16000,0.00,0,92.80,21.35
600,16,MTC,1.0240,16000,0.00,0,92.00,21.35
600,17,MTC,0.9216,16000,0.00,0,92.80,21.35
600,18,MTC,0.9216,16000,0.00,0,92.80,21.35
600,19,MTC,1.0240,16000,0.00,0,92.00,21.35
600,20,MTC,1.0240,16000,0.00,0,92.00,21.35
600,1,eMBB,4.8896,25976,0.00,0,76.47,49.42
600,2,eMBB,4.8896,25976,0.00,0,76.47,49.42
600,3,eMBB,3.6672,25976,0.00,0,82.35,49.42
600,4,eMBB,3.6672,25976,0.00,0,82.35,49.42
600,5,eMBB,3.6672,25976,0.00,0,82.35,49.42
600,6,URLLC,0.3120,390,0.00,0,0.00,29.23
600,7,URLLC,0.3120,390,0.00,0,0.00,29.23
600,8,URLLC,0.3120,390,0.00,0,0.00,29.23
600,9,URLLC,0.3120,390,0.00,0,0.00,29.23
600,10,URLLC,0.3120,390,0.00,0,0.00,29.23
610,11,MTC,1.4336,16000,0.00,0,88.80,36.33
610,12,MTC,1.4336,16000,0.00,0,88.80,36.33
610,13,MTC,1.3312,16000,0.00,0,89.60,36.33
610,14,MTC,1.3312,16000,0.00,0,89.60,36.33
610,15,MTC,1.5360,16000,0.00,0,88.00,36.33
610,16,MTC,1.4336,16000,0.00,0,88.80,36.33
610,17,MTC,1.4336,16000,0.00,0,88.80,36.33
610,18,MTC,1.4336,16000,0.00,0,88.80,36.33
610,19,MTC,1.4336,16000,0.00,0,88.80,36.33
610,20,MTC,1.4336,16000,0.00,0,88.80,36.33
610,1,eMBB,2.4448,25976,0.00,0,88.24,27.95
610,2,eMBB,3.6672,25976,0.00,0,82.35,27.95
610,3,eMBB,2.4448,25976,0.00,0,88.24,27.95
610,4,eMBB,3.6672,25976,0.00,0,82.35,27.95
610,5,eMBB,3.6672,25976,0.00,0,82.35,27.95
610,6,URLLC,0.3120,390,0.00,0,0.00,35.72
610,7,URLLC,0.3120,390,0.00,0,0.00,35.72
610,8,URLLC,0.3120,390,0.00,0,0.00,35.72
610,9,URLLC,0.3120,390,0.00,0,0.00,35.72
610,10,URLLC,0.3120,390,0.00,0,0.00,35.72
620,11,MTC,1.6384,16000,0.00,0,87.20,30.98
620,12,MTC,1.6384,16000,0.00,0,87.20,30.98
620,13,MTC,1.6384,16000,0.00,0,87.20,30.98
620,14,MTC,1.6384,16000,0.00,0,87.20,30.98
620,15,MTC,1.5360,16000,0.00,0,88.00,30.98
620,16,MTC,1.5360,16000,0.00,0,88.00,30.98
620,17,MTC,1.5360,16000,0.00,0,88.00,30.98
620,18,MTC,1.5360,16000,0.00,0,88.00,30.98
620,19,MTC,1.5360,16000,0.00,0,88.00,30.98
620,20,MTC,1.5360,16000,0.00,0,88.00,30.98
620,1,eMBB,3.6672,24448,0.00,0,81.25,30.03
620,2,eMBB,2.4448,24448,0.00,0,87.50,30.03
620,3,eMBB,3.6672,24448,0.00,0,81.25,30.03
620,4,eMBB,2.4448,24448,0.00,0,87.50,30.03
620,5,eMBB,2.4448,24448,0.00,0,87.50,30.03
620,6,URLLC,0.3120,390,0.00,0,0.00,39.00
620,7,URLLC,0.3120,390,0.00,0,0.00,39.00
620,8,URLLC,0.3120,390,0.00,0,0.00,39.00
620,9,URLLC,0.3120,390,0.00,0,0.00,39.00
620,10,URLLC,0.3120,390,0.00,0,0.00,39.00
630,11,MTC,1.3312,16000,0.00,0,89.60,28.59
630,12,MTC,1.3312,16000,0.00,0,89.60,28.59
630,13,MTC,1.4336,16000,0.00,0,88.80,28.59
630,14,MTC,1.4336,16000,0.00,0,88.80,28.59
630,15,MTC,1.4336,16000,0.00,0,88.80,28.59
630,16,MTC,1.4336,16000,0.00,0,88.80,28.59
630,17,MTC,1.0240,16000,0.00,0,92.00,28.59
630,18,MTC,1.4336,16000,0.00,0,88.80,28.59
630,19,MTC,1.4336,16000,0.00,0,88.80,28.59
630,20,MTC,1.4336,16000,0.00,0,88.80,28.59
630,1,eMBB,2.4448,25976,0.00,0,88.24,28.71
630,2,eMBB,2.4448,25976,0.00,0,88.24,28.71
630,3,eMBB,2.4448,25976,0.00,0,88.24,28.71
630,4,eMBB,2.4448,25976,0.00,0,88.24,28.71
630,5,eMBB,2.4448,25976,0.00,0,88.24,28.71
630,6,URLLC,0.3120,390,0.00,0,0.00,42.69
630,7,URLLC,0.3120,390,0.00,0,0.00,42.69
630,8,URLLC,0.3120,390,0.00,0,0.00,42.69
630,9,URLLC,0.3120,390,0.00,0,0.00,42.69
630,10,URLLC,0.3120,390,0.00,0,0.00,42.69
640,11,MTC,1.2288,16000,0.00,0,90.40,36.66
640,12,MTC,1.2288,16000,0.00,0,90.40,36.66
640,13,MTC,1.1264,16000,0.00,0,91.20,36.66
640,14,MTC,1.1264,16000,0.00,0,91.20,36.66
640,15,MTC,1.2288,16000,0.00,0,90.40,36.66
640,16,MTC,1.2288,16000,0.00,0,90.40,36.66
640,17,MTC,1.6384,16000,0.00,0,87.20,36.66
640,18,MTC,1.2288,16000,0.00,0,90.40,36.66
640,19,MTC,1.2288,16000,0.00,0,90.40,36.66
640,20,MTC,1.2288,16000,0.00,0,90.40,36.66
640,1,eMBB,2.4448,25976,0.00,0,88.24,39.25
640,2,eMBB,2.4448,25976,0.00,0,88.24,39.25
640,3,eMBB,2.4448,25976,0.00,0,88.24,39.25
640,4,eMBB,2.4448,25976,0.00,0,88.24,39.25
640,5,eMBB,2.4448,25976,0.00,0,88.24,39.25
640,6,URLLC,0.3120,390,0.00,0,0.00,24.09
640,7,URLLC,0.3120,390,0.00,0,0.00,24.09
640,8,URLLC,0.3120,390,0.00,0,0.00,24.09
640,9,URLLC,0.3120,390,0.00,0,0.00,24.09
640,10,URLLC,0.3120,390,0.00,0,0.00,24.09
650,11,MTC,1.0240,16000,0.00,0,92.00,21.29
650,12,MTC,1.0240,16000,0.00,0,92.00,21.29
650,13,MTC,1.1264,16000,0.00,0,91.20,21.29
650,14,MTC,1.1264,16000,0.00,0,91.20,21.29
650,15,MTC,0.9216,16000,0.00,0,92.80,21.29
650,16,MTC,0.9216,16000,0.00,0,92.80,21.29
650,17,MTC,1.0240,16000,0.00,0,92.00,21.29
650,18,MTC,1.1264,16000,0.00,0,91.20,21.29
650,19,MTC,1.0240,16000,0.00,0,92.00,21.29
650,20,MTC,1.0240,16000,0.00,0,92.00,21.29
650,1,eMBB,3.6672,24448,0.00,0,81.25,42.54
650,2,eMBB,3.6672,24448,0.00,0,81.25,42.54
650,3,eMBB,3.6672,24448,0.00,0,81.25,42.54
650,4,eMBB,3.6672,24448,0.00,0,81.25,42.54
650,5,eMBB,3.6672,24448,0.00,0,81.25,42.54
650,6,URLLC,0.3120,390,0.00,0,0.00,36.17
650,7,URLLC,0.3120,390,0.00,0,0.00,36.17
650,8,URLLC,0.3120,390,0.00,0,0.00,36.17
650,9,URLLC,0.3120,390,0.00,0,0.00,36.17
650,10,URLLC,0.3120,390,0.00,0,0.00,36.17
660,11,MTC,1.4336,16000,0.00,0,88.80,34.62
660,12,MTC,1.4336,16000,0.00,0,88.80,34.62
660,13,MTC,1.4336,16000,0.00,0,88.80,34.62
660,14,MTC,1.4336,16000,0.00,0,88.80,34.62
660,15,MTC,1.5360,16000,0.00,0,88.00,34.62
660,16,MTC,1.5360,16000,0.00,0,88.00,34.62
660,17,MTC,0.6144,16000,0.00,0,95.20,34.62
660,18,MTC,1.4336,16000,0.00,0,88.80,34.62
660,19,MTC,1.4336,16000,0.00,0,88.80,34.62
660,20,MTC,1.5360,16000,0.00,0,88.00,34.62
660,1,eMBB,2.4448,25976,0.00,0,88.24,23.12
660,2,eMBB,2.4448,25976,0.00,0,88.24,23.12
660,3,eMBB,2.4448,25976,0.00,0,88.24,23.12
660,4,eMBB,2.4448,25976,0.00,0,88.24,23.12
660,5,eMBB,2.4448,25976,0.00,0,88.24,23.12
660,6,URLLC,0.3120,390,0.00,0,0.00,42.26
660,7,URLLC,0.3120,390,0.00,0,0.00,42.26
660,8,URLLC,0.3120,390,0.00,0,0.00,42.26
660,9,URLLC,0.3120,390,0.00,0,0.00,42.26
660,10,URLLC,0.3120,390,0.00,0,0.00,42.26
670,11,MTC,1.4336,16000,0.00,0,88.80,32.16
670,12,MTC,1.4336,16000,0.00,0,88.80,32.16
670,13,MTC,1.4336,16000,0.00,0,88.80,32.16
670,14,MTC,1.4336,16000,0.00,0,88.80,32.16
670,15,MTC,1.4336,16000,0.00,0,88.80,32.16
670,16,MTC,1.4336,16000,0.00,0,88.80,32.16
670,17,MTC,1.5360,16000,0.00,0,88.00,32.16
670,18,MTC,1.3312,16000,0.00,0,89.60,32.16
670,19,MTC,1.4336,16000,0.00,0,88.80,32.16
670,20,MTC,1.3312,16000,0.00,0,89.60,32.16
670,1,eMBB,2.4448,25976,0.00,0,88.24,25.96
670,2,eMBB,2.4448,25976,0.00,0,88.24,25.96
670,3,eMBB,2.4448,25976,0.00,0,88.24,25.96
670,4,eMBB,2.4448,25976,0.00,0,88.24,25.96
670,5,eMBB,2.4448,25976,0.00,0,88.24,25.96
670,6,URLLC,0.3120,390,0.00,0,0.00,41.88
670,7,URLLC,0.3120,390,0.00,0,0.00,41.88
670,8,URLLC,0.3120,390,0.00,0,0.00,41.88
670,9,URLLC,0.3120,390,0.00,0,0.00,41.88
670,10,URLLC,0.3120,390,0.00,0,0.00,41.88
680,11,MTC,1.5360,16000,0.00,0,88.00,35.42
680,12,MTC,1.5360,16000,0.00,0,88.00,35.42
680,13,MTC,1.5360,16000,0.00,0,88.00,35.42
680,14,MTC,1.5360,16000,0.00,0,88.00,35.42
680,15,MTC,1.4336,16000,0.00,0,88.80,35.42
680,16,MTC,1.5360,16000,0.00,0,88.00,35.42
680,17,MTC,2.2528,16000,0.00,0,82.40,35.42
680,18,MTC,1.6384,16000,0.00,0,87.20,35.42
680,19,MTC,1.5360,16000,0.00,0,88.00,35.42
680,20,MTC,1.5360,16000,0.00,0,88.00,35.42
680,1,eMBB,1.2224,24448,0.00,0,93.75,21.55
680,2,eMBB,1.2224,24448,0.00,0,93.75,21.55
680,3,eMBB,1.2224,24448,0.00,0,93.75,21.55
680,4,eMBB,1.2224,24448,0.00,0,93.75,21.55
680,5,eMBB,1.2224,24448,0.00,0,93.75,21.55
680,6,URLLC,0.3120,390,0.00,0,0.00,43.02
680,7,URLLC,0.3120,390,0.00,0,0.00,43.02
680,8,URLLC,0.3120,390,0.00,0,0.00,43.02
680,9,URLLC,0.3120,390,0.00,0,0.00,43.02
680,10,URLLC,0.3120,390,0.00,0,0.00,43.02
690,11,MTC,1.4336,16000,0.00,0,88.80,24.53
690,12,MTC,1.4336,16000,0.00,0,88.80,24.53
690,13,MTC,1.3312,16000,0.00,0,89.60,24.53
690,14,MTC,1.3312,16000,0.00,0,89.60,24.53
690,15,MTC,1.4336,16000,0.00,0,88.80,24.53
690,16,MTC,1.3312,16000,0.00,0,89.60,24.53
690,17,MTC,0.6144,16000,0.00,0,95.20,24.53
690,18,MTC,1.2288,16000,0.00,0,90.40,24.53
690,19,MTC,1.3312,16000,0.00,0,89.60,24.53
690,20,MTC,1.3312,16000,0.00,0,89.60,24.53
690,1,eMBB,3.6672,25976,0.00,0,82.35,36.76
690,2,eMBB,3.6672,25976,0.00,0,82.35,36.76
690,3,eMBB,3.6672,25976,0.00,0,82.35,36.76
690,4,eMBB,3.6672,25976,0.00,0,82.35,36.76
690,5,eMBB,3.6672,25976,0.00,0,82.35,36.76
690,6,URLLC,0.3120,390,0.00,0,0.00,38.71
690,7,URLLC,0.3120,390,0.00,0,0.00,38.71
690,8,URLLC,0.3120,390,0.00,0,0.00,38.71
690,9,URLLC,0.3120,390,0.00,0,0.00,38.71
690,10,URLLC,0.3120,390,0.00,0,0.00,38.71
700,11,MTC,0.9216,16000,0.00,0,92.80,28.67
700,12,MTC,0.9216,16000,0.00,0,92.80,28.67
700,13,MTC,0.9216,16000,0.00,0,92.80,28.67
700,14,MTC,1.0240,16000,0.00,0,92.00,28.67
700,15,MTC,1.0240,16000,0.00,0,92.00,28.67
700,16,MTC,1.0240,16000,0.00,0,92.00,28.67
700,17,MTC,1.7408,16000,0.00,0,86.40,28.67
700,18,MTC,1.1264,16000,0.00,0,91.20,28.67
700,19,MTC,1.0240,16000,0.00,0,92.00,28.67
700,20,MTC,1.1264,16000,0.00,0,91.20,28.67
700,1,eMBB,2.4448,25976,0.00,0,88.24,34.15
700,2,eMBB,2.4448,25976,0.00,0,88.24,34.15
700,3,eMBB,2.4448,25976,0.00,0,88.24,34.15
700,4,eMBB,2.4448,25976,0.00,0,88.24,34.15
700,5,eMBB,2.4448,25976,0.00,0,88.24,34.15
700,6,URLLC,0.3120,390,0.00,0,0.00,37.18
700,7,URLLC,0.3120,390,0.00,0,0.00,37.18
700,8,URLLC,0.3120,390,0.00,0,0.00,37.18
700,9,URLLC,0.3120,390,0.00,0,0.00,37.18
700,10,URLLC,0.3120,390,0.00,0,0.00,37.18
710,11,MTC,1.0240,16000,0.00,0,92.00,20.82
710,12,MTC,1.0240,16000,0.00,0,92.00,20.82
710,13,MTC,1.0240,16000,0.00,0,92.00,20.82
710,14,MTC,1.0240,16000,0.00,0,92.00,20.82
710,15,MTC,1.0240,16000,0.00,0,92.00,20.82
710,16,MTC,1.0240,16000,0.00,0,92.00,20.82
710,17,MTC,1.0240,16000,0.00,0,92.00,20.82
710,18,MTC,0.9216,16000,0.00,0,92.80,20.82
710,19,MTC,1.0240,16000,0.00,0,92.00,20.82
710,20,MTC,0.9216,16000,0.00,0,92.80,20.82
710,1,eMBB,2.4448,24448,0.00,0,87.50,23.46
710,2,eMBB,2.4448,24448,0.00,0,87.50,23.46
710,3,eMBB,2.4448,24448,0.00,0,87.50,23.46
710,4,eMBB,2.4448,24448,0.00,0,87.50,23.46
710,5,eMBB,2.4448,24448,0.00,0,87.50,23.46
710,6,URLLC,0.2496,390,0.00,0,20.00,55.71
710,7,URLLC,0.2496,390,0.00,0,20.00,55.71
710,8,URLLC,0.2496,390,0.00,0,20.00,55.71
710,9,URLLC,0.2496,390,0.00,0,20.00,55.71
710,10,URLLC,0.2496,390,0.00,0,20.00,55.71
720,11,MTC,1.3312,16000,0.00,0,89.60,33.26
720,12,MTC,1.4336,16000,0.00,0,88.80,33.26
720,13,MTC,1.4336,16000,0.00,0,88.80,33.26
720,14,MTC,1.3312,16000,0.00,0,89.60,33.26
720,15,MTC,1.3312,16000,0.00,0,89.60,33.26
720,16,MTC,1.3312,16000,0.00,0,89.60,33.26
720,17,MTC,1.3312,16000,0.00,0,89.60,33.26
720,18,MTC,1.4336,16000,0.00,0,88.80,33.26
720,19,MTC,1.3312,16000,0.00,0,89.60,33.26
720,20,MTC,1.3312,16000,0.00,0,89.60,33.26
720,1,eMBB,2.4448,25976,0.00,0,88.24,37.15
720,2,eMBB,2.4448,25976,0.00,0,88.24,37.15
720,3,eMBB,2.4448,25976,0.00,0,88.24,37.15
720,4,eMBB,2.4448,25976,0.00,0,88.24,37.15
720,5,eMBB,2.4448,25976,0.00,0,88.24,37.15
720,6,URLLC,0.3744,390,0.00,0,0.00,29.59
720,7,URLLC,0.3744,390,0.00,0,0.00,29.59
720,8,URLLC,0.3744,390,0.00,0,0.00,29.59
720,9,URLLC,0.3744,390,0.00,0,0.00,29.59
720,10,URLLC,0.3744,390,0.00,0,0.00,29.59
730,11,MTC,1.4336,16000,0.00,0,88.80,28.27
730,12,MTC,1.3312,16000,0.00,0,89.60,28.27
730,13,MTC,1.3312,16000,0.00,0,89.60,28.27
730,14,MTC,1.3312,16000,0.00,0,89.60,28.27
730,15,MTC,1.4336,16000,0.00,0,88.80,28.27
730,16,MTC,1.4336,16000,0.00,0,88.80,28.27
730,17,MTC,1.4336,16000,0.00,0,88.80,28.27
730,18,MTC,1.3312,16000,0.00,0,89.60,28.27
730,19,MTC,1.4336,16000,0.00,0,88.80,28.27
730,20,MTC,1.4336,16000,0.00,0,88.80,28.27
730,1,eMBB,3.6672,25976,0.00,0,82.35,35.97
730,2,eMBB,3.6672,25976,0.00,0,82.35,35.97
730,3,eMBB,3.6672,25976,0.00,0,82.35,35.97
730,4,eMBB,3.6672,25976,0.00,0,82.35,35.97
730,5,eMBB,3.6672,25976,0.00,0,82.35,35.97
730,6,URLLC,0.3120,390,0.00,0,0.00,35.76
730,7,URLLC,0.3120,390,0.00,0,0.00,35.76
730,8,URLLC,0.3120,390,0.00,0,0.00,35.76
730,9,URLLC,0.3120,390,0.00,0,0.00,35.76
730,10,URLLC,0.3120,390,0.00,0,0.00,35.76
740,11,MTC,1.1264,16000,0.00,0,91.20,21.50
740,12,MTC,1.1264,16000,0.00,0,91.20,21.50
740,13,MTC,1.1264,16000,0.00,0,91.20,21.50
740,14,MTC,1.2288,16000,0.00,0,90.40,21.50
740,15,MTC,1.0240,16000,0.00,0,92.00,21.50
740,16,MTC,1.1264,16000,0.00,0,91.20,21.50
740,17,MTC,0.8192,16000,0.00,0,93.60,21.50
740,18,MTC,1.1264,16000,0.00,0,91.20,21.50
740,19,MTC,1.0240,16000,0.00,0,92.00,21.50
740,20,MTC,1.1264,16000,0.00,0,91.20,21.50
740,1,eMBB,3.6672,24448,0.00,0,81.25,39.17
740,2,eMBB,3.6672,24448,0.00,0,81.25,39.17
740,3,eMBB,3.6672,24448,0.00,0,81.25,39.17
740,4,eMBB,3.6672,24448,0.00,0,81.25,39.17
740,5,eMBB,3.6672,24448,0.00,0,81.25,39.17
740,6,URLLC,0.3120,390,0.00,0,0.00,39.32
740,7,URLLC,0.3120,390,0.00,0,0.00,39.32
740,8,URLLC,0.3120,390,0.00,0,0.00,39.32
740,9,URLLC,0.3120,390,0.00,0,0.00,39.32
740,10,URLLC,0.3120,390,0.00,0,0.00,39.32
750,11,MTC,1.2288,16000,0.00,0,90.40,39.62
750,12,MTC,1.2288,16000,0.00,0,90.40,39.62
750,13,MTC,1.2288,16000,0.00,0,90.40,39.62
750,14,MTC,1.2288,16000,0.00,0,90.40,39.62
750,15,MTC,1.3312,16000,0.00,0,89.60,39.62
750,16,MTC,1.2288,16000,0.00,0,90.40,39.62
750,17,MTC,1.2288,16000,0.00,0,90.40,39.62
750,18,MTC,1.2288,16000,0.00,0,90.40,39.62
750,19,MTC,1.3312,16000,0.00,0,89.60,39.62
750,20,MTC,1.2288,16000,0.00,0,90.40,39.62
750,1,eMBB,2.4448,25976,0.00,0,88.24,30.26
750,2,eMBB,2.4448,25976,0.00,0,88.24,30.26
750,3,eMBB,2.4448,25976,0.00,0,88.24,30.26
750,4,eMBB,2.4448,25976,0.00,0,88.24,30.26
750,5,eMBB,2.4448,25976,0.00,0,88.24,30.26
750,6,URLLC,0.2496,390,0.00,0,20.00,30.12
750,7,URLLC,0.2496,390,0.00,0,20.00,30.12
750,8,URLLC,0.2496,390,0.00,0,20.00,30.12
750,9,URLLC,0.2496,390,0.00,0,20.00,30.12
750,10,URLLC,0.2496,390,0.00,0,20.00,30.12
760,11,MTC,1.2288,16000,0.00,0,90.40,30.41
760,12,MTC,1.3312,16000,0.00,0,89.60,30.41
760,13,MTC,1.4336,16000,0.00,0,88.80,30.41
760,14,MTC,1.3312,16000,0.00,0,89.60,30.41
760,15,MTC,1.3312,16000,0.00,0,89.60,30.41
760,16,MTC,1.3312,16000,0.00,0,89.60,30.41
760,17,MTC,1.6384,16000,0.00,0,87.20,30.41
760,18,MTC,1.2288,16000,0.00,0,90.40,30.41
760,19,MTC,1.3312,16000,0.00,0,89.60,30.41
760,20,MTC,1.3312,16000,0.00,0,89.60,30.41
760,1,eMBB,2.4448,25976,0.00,0,88.24,31.50
760,2,eMBB,2.4448,25976,0.00,0,88.24,31.50
760,3,eMBB,2.4448,25976,0.00,0,88.24,31.50
760,4,eMBB,2.4448,25976,0.00,0,88.24,31.50
760,5,eMBB,2.4448,25976,0.00,0,88.24,31.50
760,6,URLLC,0.3744,390,0.00,0,0.00,38.09
760,7,URLLC,0.3744,390,0.00,0,0.00,38.09
760,8,URLLC,0.3744,390,0.00,0,0.00,38.09
760,9,URLLC,0.3744,390,0.00,0,0.00,38.09
760,10,URLLC,0.3744,390,0.00,0,0.00,38.09
770,11,MTC,1.1264,16000,0.00,0,91.20,20.41
770,12,MTC,1.1264,16000,0.00,0,91.20,20.41
770,13,MTC,1.0240,16000,0.00,0,92.00,20.41
770,14,MTC,1.1264,16000,0.00,0,91.20,20.41
770,15,MTC,1.1264,16000,0.00,0,91.20,20.41
770,16,MTC,1.0240,16000,0.00,0,92.00,20.41
770,17,MTC,0.9216,16000,0.00,0,92.80,20.41
770,18,MTC,1.2288,16000,0.00,0,90.40,20.41
770,19,MTC,1.1264,16000,0.00,0,91.20,20.41
770,20,MTC,1.1264,16000,0.00,0,91.20,20.41
770,1,eMBB,3.6672,24448,0.00,0,81.25,42.81
770,2,eMBB,3.6672,24448,0.00,0,81.25,42.81
770,3,eMBB,3.6672,24448,0.00,0,81.25,42.81
770,4,eMBB,3.6672,24448,0.00,0,81.25,42.81
770,5,eMBB,3.6672,24448,0.00,0,81.25,42.81
770,6,URLLC,0.3120,390,0.00,0,0.00,36.79
770,7,URLLC,0.3120,390,0.00,0,0.00,36.79
770,8,URLLC,0.3120,390,0.00,0,0.00,36.79
770,9,URLLC,0.3120,390,0.00,0,0.00,36.79
770,10,URLLC,0.3120,390,0.00,0,0.00,36.79
780,11,MTC,0.8192,16000,0.00,0,93.60,22.29
780,12,MTC,0.8192,16000,0.00,0,93.60,22.29
780,13,MTC,0.8192,16000,0.00,0,93.60,22.29
780,14,MTC,0.7168,16000,0.00,0,94.40,22.29
780,15,MTC,0.8192,16000,0.00,0,93.60,22.29
780,16,MTC,0.8192,16000,0.00,0,93.60,22.29
780,17,MTC,1.0240,16000,0.00,0,92.00,22.29
780,18,MTC,0.7168,16000,0.00,0,94.40,22.29
780,19,MTC,0.8192,16000,0.00,0,93.60,22.29
780,20,MTC,0.7168,16000,0.00,0,94.40,22.29
780,1,eMBB,2.4448,25976,0.00,0,88.24,41.30
780,2,eMBB,2.4448,25976,0.00,0,88.24,41.30
780,3,eMBB,2.4448,25976,0.00,0,88.24,41.30
780,4,eMBB,2.4448,25976,0.00,0,88.24,41.30
780,5,eMBB,2.4448,25976,0.00,0,88.24,41.30
780,6,URLLC,0.3120,390,0.00,0,0.00,36.41
780,7,URLLC,0.3120,390,0.00,0,0.00,36.41
780,8,URLLC,0.3120,390,0.00,0,0.00,36.41
780,9,URLLC,0.3120,390,0.00,0,0.00,36.41
780,10,URLLC,0.3120,390,0.00,0,0.00,36.41
790,11,MTC,1.2288,16000,0.00,0,90.40,28.48
790,12,MTC,1.1264,16000,0.00,0,91.20,28.48
790,13,MTC,1.2288,16000,0.00,0,90.40,28.48
790,14,MTC,1.2288,16000,0.00,0,90.40,28.48
790,15,MTC,1.2288,16000,0.00,0,90.40,28.48
790,16,MTC,1.2288,16000,0.00,0,90.40,28.48
790,17,MTC,0.6144,16000,0.00,0,95.20,28.48
790,18,MTC,1.2288,16000,0.00,0,90.40,28.48
790,19,MTC,1.2288,16000,0.00,0,90.40,28.48
790,20,MTC,1.2288,16000,0.00,0,90.40,28.48
790,1,eMBB,3.6672,25976,0.00,0,82.35,38.30
790,2,eMBB,3.6672,25976,0.00,0,82.35,38.30
790,3,eMBB,3.6672,25976,0.00,0,82.35,38.30
790,4,eMBB,3.6672,25976,0.00,0,82.35,38.30
790,5,eMBB,3.6672,25976,0.00,0,82.35,38.30
790,6,URLLC,0.3120,390,0.00,0,0.00,33.21
790,7,URLLC,0.3120,390,0.00,0,0.00,33.21
790,8,URLLC,0.3120,390,0.00,0,0.00,33.21
790,9,URLLC,0.3120,390,0.00,0,0.00,33.21
790,10,URLLC,0.3120,390,0.00,0,0.00,33.21
800,11,MTC,1.0240,16000,0.00,0,92.00,25.97
800,12,MTC,1.1264,16000,0.00,0,91.20,25.97
800,13,MTC,1.1264,16000,0.00,0,91.20,25.97
800,14,MTC,1.1264,16000,0.00,0,91.20,25.97
800,15,MTC,1.0240,16000,0.00,0,92.00,25.97
800,16,MTC,1.1264,16000,0.00,0,91.20,25.97
800,17,MTC,1.5360,16000,0.00,0,88.00,25.97
800,18,MTC,1.0240,16000,0.00,0,92.00,25.97
800,19,MTC,1.0240,16000,0.00,0,92.00,25.97
800,20,MTC,1.1264,16000,0.00,0,91.20,25.97
800,1,eMBB,3.6672,24448,0.00,0,81.25,42.31
800,2,eMBB,3.6672,24448,0.00,0,81.25,42.31
800,3,eMBB,3.6672,24448,0.00,0,81.25,42.31
800,4,eMBB,3.6672,24448,0.00,0,81.25,42.31
800,5,eMBB,3.6672,24448,0.00,0,81.25,42.31
800,6,URLLC,0.3120,390,0.00,0,0.00,31.72
800,7,URLLC,0.3120,390,0.00,0,0.00,31.72
800,8,URLLC,0.3120,390,0.00,0,0.00,31.72
800,9,URLLC,0.3120,390,0.00,0,0.00,31.72
800,10,URLLC,0.3120,390,0.00,0,0.00,31.72
810,11,MTC,1.0240,16000,0.00,0,92.00,30.70
810,12,MTC,0.9216,16000,0.00,0,92.80,30.70
810,13,MTC,0.9216,16000,0.00,0,92.80,30.70
810,14,MTC,0.9216,16000,0.00,0,92.80,30.70
810,15,MTC,1.0240,16000,0.00,0,92.00,30.70
810,16,MTC,0.9216,16000,0.00,0,92.80,30.70
810,17,MTC,1.1264,16000,0.00,0,91.20,30.70
810,18,MTC,1.0240,16000,0.00,0,92.00,30.70
810,19,MTC,1.0240,16000,0.00,0,92.00,30.70
810,20,MTC,0.9216,16000,0.00,0,92.80,30.70
810,1,eMBB,2.4448,25976,0.00,0,88.24,38.59
810,2,eMBB,2.4448,25976,0.00,0,88.24,38.59
810,3,eMBB,2.4448,25976,0.00,0,88.24,38.59
810,4,eMBB,2.4448,25976,0.00,0,88.24,38.59
810,5,eMBB,2.4448,25976,0.00,0,88.24,38.59
810,6,URLLC,0.3120,390,0.00,0,0.00,30.71
810,7,URLLC,0.3120,390,0.00,0,0.00,30.71
810,8,URLLC,0.3120,390,0.00,0,0.00,30.71
810,9,URLLC,0.3120,390,0.00,0,0.00,30.71
810,10,URLLC,0.3120,390,0.00,0,0.00,30.71
820,11,MTC,1.5360,16000,0.00,0,88.00,44.84
820,12,MTC,1.5360,16000,0.00,0,88.00,44.84
820,13,MTC,1.5360,16000,0.00,0,88.00,44.84
820,14,MTC,1.6384,16000,0.00,0,87.20,44.84
820,15,MTC,1.5360,16000,0.00,0,88.00,44.84
820,16,MTC,1.5360,16000,0.00,0,88.00,44.84
820,17,MTC,1.5360,16000,0.00,0,88.00,44.84
820,18,MTC,1.5360,16000,0.00,0,88.00,44.84
820,19,MTC,1.5360,16000,0.00,0,88.00,44.84
820,20,MTC,1.5360,16000,0.00,0,88.00,44.84
820,1,eMBB,2.4448,25976,0.00,0,88.24,23.05
820,2,eMBB,2.4448,25976,0.00,0,88.24,23.05
820,3,eMBB,2.4448,25976,0.00,0,88.24,23.05
820,4,eMBB,2.4448,25976,0.00,0,88.24,23.05
820,5,eMBB,2.4448,25976,0.00,0,88.24,23.05
820,6,URLLC,0.3120,390,0.00,0,0.00,32.10
820,7,URLLC,0.3120,390,0.00,0,0.00,32.10
820,8,URLLC,0.3120,390,0.00,0,0.00,32.10
820,9,URLLC,0.3120,390,0.00,0,0.00,32.10
820,10,URLLC,0.3120,390,0.00,0,0.00,32.10
830,11,MTC,1.2288,16000,0.00,0,90.40,20.13
830,12,MTC,1.3312,16000,0.00,0,89.60,20.13
830,13,MTC,1.2288,16000,0.00,0,90.40,20.13
830,14,MTC,1.1264,16000,0.00,0,91.20,20.13
830,15,MTC,1.1264,16000,0.00,0,91.20,20.13
830,16,MTC,1.2288,16000,0.00,0,90.40,20.13
830,17,MTC,1.3312,16000,0.00,0,89.60,20.13
830,18,MTC,1.2288,16000,0.00,0,90.40,20.13
830,19,MTC,1.1264,16000,0.00,0,91.20,20.13
830,20,MTC,1.3312,16000,0.00,0,89.60,20.13
830,1,eMBB,3.6672,24448,0.00,0,81.25,53.06
830,2,eMBB,3.6672,24448,0.00,0,81.25,53.06
830,3,eMBB,3.6672,24448,0.00,0,81.25,53.06
830,4,eMBB,3.6672,24448,0.00,0,81.25,53.06
830,5,eMBB,3.6672,24448,0.00,0,81.25,53.06
830,6,URLLC,0.3120,390,0.00,0,0.00,26.81
830,7,URLLC,0.3120,390,0.00,0,0.00,26.81
830,8,URLLC,0.3120,390,0.00,0,0.00,26.81
830,9,URLLC,0.3120,390,0.00,0,0.00,26.81
830,10,URLLC,0.3120,390,0.00,0,0.00,26.81
840,11,MTC,1.1264,16000,0.00,0,91.20,25.38
840,12,MTC,1.1264,16000,0.00,0,91.20,25.38
840,13,MTC,1.1264,16000,0.00,0,91.20,25.38
840,14,MTC,1.1264,16000,0.00,0,91.20,25.38
840,15,MTC,1.1264,16000,0.00,0,91.20,25.38
840,16,MTC,1.1264,16000,0.00,0,91.20,25.38
840,17,MTC,1.1264,16000,0.00,0,91.20,25.38
840,18,MTC,1.1264,16000,0.00,0,91.20,25.38
840,19,MTC,1.1264,16000,0.00,0,91.20,25.38
840,20,MTC,1.1264,16000,0.00,0,91.20,25.38
840,1,eMBB,3.6672,25976,0.00,0,82.35,33.92
840,2,eMBB,3.6672,25976,0.00,0,82.35,33.92
840,3,eMBB,3.6672,25976,0.00,0,82.35,33.92
840,4,eMBB,3.6672,25976,0.00,0,82.35,33.92
840,5,eMBB,3.6672,25976,0.00,0,82.35,33.92
840,6,URLLC,0.3120,390,0.00,0,0.00,40.70
840,7,URLLC,0.3120,390,0.00,0,0.00,40.70
840,8,URLLC,0.3120,390,0.00,0,0.00,40.70
840,9,URLLC,0.3120,390,0.00,0,0.00,40.70
840,10,URLLC,0.3120,390,0.00,0,0.00,40.70
850,11,MTC,1.1264,16000,0.00,0,91.20,35.69
850,12,MTC,1.1264,16000,0.00,0,91.20,35.69
850,13,MTC,1.2288,16000,0.00,0,90.40,35.69
850,14,MTC,1.1264,16000,0.00,0,91.20,35.69
850,15,MTC,1.2288,16000,0.00,0,90.40,35.69
850,16,MTC,1.2288,16000,0.00,0,90.40,35.69
850,17,MTC,1.1264,16000,0.00,0,91.20,35.69
850,18,MTC,1.1264,16000,0.00,0,91.20,35.69
850,19,MTC,1.2288,16000,0.00,0,90.40,35.69
850,20,MTC,1.1264,16000,0.00,0,91.20,35.69
850,1,eMBB,2.4448,25976,0.00,0,88.24,34.54
850,2,eMBB,2.4448,25976,0.00,0,88.24,34.54
850,3,eMBB,2.4448,25976,0.00,0,88.24,34.54
850,4,eMBB,2.4448,25976,0.00,0,88.24,34.54
850,5,eMBB,2.4448,25976,0.00,0,88.24,34.54
850,6,URLLC,0.3120,390,0.00,0,0.00,29.77
850,7,URLLC,0.3120,390,0.00,0,0.00,29.77
850,8,URLLC,0.3120,390,0.00,0,0.00,29.77
850,9,URLLC,0.3120,390,0.00,0,0.00,29.77
850,10,URLLC,0.3120,390,0.00,0,0.00,29.77
860,11,MTC,1.5360,16000,0.00,0,88.00,30.22
860,12,MTC,1.4336,16000,0.00,0,88.80,30.22
860,13,MTC,1.3312,16000,0.00,0,89.60,30.22
860,14,MTC,1.4336,16000,0.00,0,88.80,30.22
860,15,MTC,1.4336,16000,0.00,0,88.80,30.22
860,16,MTC,1.4336,16000,0.00,0,88.80,30.22
860,17,MTC,1.4336,16000,0.00,0,88.80,30.22
860,18,MTC,1.4336,16000,0.00,0,88.80,30.22
860,19,MTC,1.4336,16000,0.00,0,88.80,30.22
860,20,MTC,1.4336,16000,0.00,0,88.80,30.22
860,1,eMBB,3.6672,24448,0.00,0,81.25,35.08
860,2,eMBB,3.6672,24448,0.00,0,81.25,35.08
860,3,eMBB,3.6672,24448,0.00,0,81.25,35.08
860,4,eMBB,3.6672,24448,0.00,0,81.25,35.08
860,5,eMBB,3.6672,24448,0.00,0,81.25,35.08
860,6,URLLC,0.3120,390,0.00,0,0.00,34.70
860,7,URLLC,0.3120,390,0.00,0,0.00,34.70
860,8,URLLC,0.3120,390,0.00,0,0.00,34.70
860,9,URLLC,0.3120,390,0.00,0,0.00,34.70
860,10,URLLC,0.3120,390,0.00,0,0.00,34.70
870,11,MTC,1.0240,16000,0.00,0,92.00,21.36
870,12,MTC,1.1264,16000,0.00,0,91.20,21.36
870,13,MTC,1.1264,16000,0.00,0,91.20,21.36
870,14,MTC,1.1264,16000,0.00,0,91.20,21.36
870,15,MTC,1.1264,16000,0.00,0,91.20,21.36
870,16,MTC,1.1264,16000,0.00,0,91.20,21.36
870,17,MTC,0.9216,16000,0.00,0,92.80,21.36
870,18,MTC,1.1264,16000,0.00,0,91.20,21.36
870,19,MTC,1.1264,16000,0.00,0,91.20,21.36
870,20,MTC,1.1264,16000,0.00,0,91.20,21.36
870,1,eMBB,3.6672,25976,0.00,0,82.35,40.22
870,2,eMBB,3.6672,25976,0.00,0,82.35,40.22
870,3,eMBB,3.6672,25976,0.00,0,82.35,40.22
870,4,eMBB,3.6672,25976,0.00,0,82.35,40.22
870,5,eMBB,3.6672,25976,0.00,0,82.35,40.22
870,6,URLLC,0.3120,390,0.00,0,0.00,38.42
870,7,URLLC,0.3120,390,0.00,0,0.00,38.42
870,8,URLLC,0.3120,390,0.00,0,0.00,38.42
870,9,URLLC,0.3120,390,0.00,0,0.00,38.42
870,10,URLLC,0.3120,390,0.00,0,0.00,38.42
880,11,MTC,0.9216,16000,0.00,0,92.80,20.35
880,12,MTC,0.9216,16000,0.00,0,92.80,20.35
880,13,MTC,0.9216,16000,0.00,0,92.80,20.35
880,14,MTC,0.9216,16000,0.00,0,92.80,20.35
880,15,MTC,0.8192,16000,0.00,0,93.60,20.35
880,16,MTC,0.8192,16000,0.00,0,93.60,20.35
880,17,MTC,0.8192,16000,0.00,0,93.60,20.35
880,18,MTC,0.9216,16000,0.00,0,92.80,20.35
880,19,MTC,0.9216,16000,0.00,0,92.80,20.35
880,20,MTC,0.8192,16000,0.00,0,93.60,20.35
880,1,eMBB,2.4448,25976,0.00,0,88.24,38.34
880,2,eMBB,2.4448,25976,0.00,0,88.24,38.34
880,3,eMBB,2.4448,25976,0.00,0,88.24,38.34
880,4,eMBB,2.4448,25976,0.00,0,88.24,38.34
880,5,eMBB,2.4448,25976,0.00,0,88.24,38.34
880,6,URLLC,0.3120,390,0.00,0,0.00,41.31
880,7,URLLC,0.3120,390,0.00,0,0.00,41.31
880,8,URLLC,0.3120,390,0.00,0,0.00,41.31
880,9,URLLC,0.3120,390,0.00,0,0.00,41.31
880,10,URLLC,0.3120,390,0.00,0,0.00,41.31
890,11,MTC,1.1264,16000,0.00,0,91.20,31.61
890,12,MTC,1.1264,16000,0.00,0,91.20,31.61
890,13,MTC,1.1264,16000,0.00,0,91.20,31.61
890,14,MTC,1.1264,16000,0.00,0,91.20,31.61
890,15,MTC,1.1264,16000,0.00,0,91.20,31.61
890,16,MTC,1.1264,16000,0.00,0,91.20,31.61
890,17,MTC,1.3312,16000,0.00,0,89.60,31.61
890,18,MTC,1.0240,16000,0.00,0,92.00,31.61
890,19,MTC,1.0240,16000,0.00,0,92.00,31.61
890,20,MTC,1.1264,16000,0.00,0,91.20,31.61
890,1,eMBB,3.6672,24448,0.00,0,81.25,41.85
890,2,eMBB,3.6672,24448,0.00,0,81.25,41.85
890,3,eMBB,3.6672,24448,0.00,0,81.25,41.85
890,4,eMBB,3.6672,24448,0.00,0,81.25,41.85
890,5,eMBB,3.6672,24448,0.00,0,81.25,41.85
890,6,URLLC,0.3120,390,0.00,0,0.00,26.54
890,7,URLLC,0.3120,390,0.00,0,0.00,26.54
890,8,URLLC,0.3120,390,0.00,0,0.00,26.54
890,9,URLLC,0.3120,390,0.00,0,0.00,26.54
890,10,URLLC,0.3120,390,0.00,0,0.00,26.54
900,11,MTC,1.0240,16000,0.00,0,92.00,20.60
900,12,MTC,0.9216,16000,0.00,0,92.80,20.60
900,13,MTC,1.0240,16000,0.00,0,92.00,20.60
900,14,MTC,1.0240,16000,0.00,0,92.00,20.60
900,15,MTC,1.0240,16000,0.00,0,92.00,20.60
900,16,MTC,1.0240,16000,0.00,0,92.00,20.60
900,17,MTC,0.6144,16000,0.00,0,95.20,20.60
900,18,MTC,1.1264,16000,0.00,0,91.20,20.60
900,19,MTC,1.0240,16000,0.00,0,92.00,20.60
900,20,MTC,1.0240,16000,0.00,0,92.00,20.60
900,1,eMBB,3.6672,25976,0.00,0,82.35,49.18
900,2,eMBB,3.6672,25976,0.00,0,82.35,49.18
900,3,eMBB,3.6672,25976,0.00,0,82.35,49.18
900,4,eMBB,3.6672,25976,0.00,0,82.35,49.18
900,5,eMBB,3.6672,25976,0.00,0,82.35,49.18
900,6,URLLC,0.3120,390,0.00,0,0.00,30.22
900,7,URLLC,0.3120,390,0.00,0,0.00,30.22
900,8,URLLC,0.3120,390,0.00,0,0.00,30.22
900,9,URLLC,0.3120,390,0.00,0,0.00,30.22
900,10,URLLC,0.3120,390,0.00,0,0.00,30.22
910,11,MTC,0.9216,16000,0.00,0,92.80,27.62
910,12,MTC,0.9216,16000,0.00,0,92.80,27.62
910,13,MTC,0.9216,16000,0.00,0,92.80,27.62
910,14,MTC,0.9216,16000,0.00,0,92.80,27.62
910,15,MTC,0.9216,16000,0.00,0,92.80,27.62
910,16,MTC,0.9216,16000,0.00,0,92.80,27.62
910,17,MTC,0.9216,16000,0.00,0,92.80,27.62
910,18,MTC,0.8192,16000,0.00,0,93.60,27.62
910,19,MTC,0.9216,16000,0.00,0,92.80,27.62
910,20,MTC,0.9216,16000,0.00,0,92.80,27.62
910,1,eMBB,3.6672,25976,0.00,0,82.35,38.48
910,2,eMBB,3.6672,25976,0.00,0,82.35,38.48
910,3,eMBB,3.6672,25976,0.00,0,82.35,38.48
910,4,eMBB,3.6672,25976,0.00,0,82.35,38.48
910,5,eMBB,3.6672,25976,0.00,0,82.35,38.48
910,6,URLLC,0.2496,390,0.00,0,20.00,33.90
910,7,URLLC,0.2496,390,0.00,0,20.00,33.90
910,8,URLLC,0.2496,390,0.00,0,20.00,33.90
910,9,URLLC,0.2496,390,0.00,0,20.00,33.90
910,10,URLLC,0.2496,390,0.00,0,20.00,33.90
920,11,MTC,1.3312,16000,0.00,0,89.60,36.59
920,12,MTC,1.3312,16000,0.00,0,89.60,36.59
920,13,MTC,1.3312,16000,0.00,0,89.60,36.59
920,14,MTC,1.3312,16000,0.00,0,89.60,36.59
920,15,MTC,1.3312,16000,0.00,0,89.60,36.59
920,16,MTC,1.3312,16000,0.00,0,89.60,36.59
920,17,MTC,1.5360,16000,0.00,0,88.00,36.59
920,18,MTC,1.4336,16000,0.00,0,88.80,36.59
920,19,MTC,1.4336,16000,0.00,0,88.80,36.59
920,20,MTC,1.3312,16000,0.00,0,89.60,36.59
920,1,eMBB,2.4448,24448,0.00,0,87.50,30.75
920,2,eMBB,2.4448,24448,0.00,0,87.50,30.75
920,3,eMBB,2.4448,24448,0.00,0,87.50,30.75
920,4,eMBB,2.4448,24448,0.00,0,87.50,30.75
920,5,eMBB,2.4448,24448,0.00,0,87.50,30.75
920,6,URLLC,0.3744,390,0.00,0,0.00,32.66
920,7,URLLC,0.3744,390,0.00,0,0.00,32.66
920,8,URLLC,0.3744,390,0.00,0,0.00,32.66
920,9,URLLC,0.3744,390,0.00,0,0.00,32.66
920,10,URLLC,0.3744,390,0.00,0,0.00,32.66
930,11,MTC,1.1264,16000,0.00,0,91.20,22.37
930,12,MTC,1.1264,16000,0.00,0,91.20,22.37
930,13,MTC,1.1264,16000,0.00,0,91.20,22.37
930,14,MTC,1.1264,16000,0.00,0,91.20,22.37
930,15,MTC,1.1264,16000,0.00,0,91.20,22.37
930,16,MTC,1.0240,16000,0.00,0,92.00,22.37
930,17,MTC,1.3312,16000,0.00,0,89.60,22.37
930,18,MTC,1.0240,16000,0.00,0,92.00,22.37
930,19,MTC,1.0240,16000,0.00,0,92.00,22.37
930,20,MTC,1.0240,16000,0.00,0,92.00,22.37
930,1,eMBB,3.6672,25976,0.00,0,82.35,47.50
930,2,eMBB,2.4448,25976,0.00,0,88.24,47.50
930,3,eMBB,2.4448,25976,0.00,0,88.24,47.50
930,4,eMBB,3.6672,25976,0.00,0,82.35,47.50
930,5,eMBB,3.6672,25976,0.00,0,82.35,47.50
930,6,URLLC,0.3120,390,0.00,0,0.00,30.13
930,7,URLLC,0.3120,390,0.00,0,0.00,30.13
930,8,URLLC,0.3120,390,0.00,0,0.00,30.13
930,9,URLLC,0.3120,390,0.00,0,0.00,30.13
930,10,URLLC,0.3120,390,0.00,0,0.00,30.13
940,11,MTC,1.0240,16000,0.00,0,92.00,20.08
940,12,MTC,1.0240,16000,0.00,0,92.00,20.08
940,13,MTC,1.0240,16000,0.00,0,92.00,20.08
940,14,MTC,1.0240,16000,0.00,0,92.00,20.08
940,15,MTC,1.0240,16000,0.00,0,92.00,20.08
940,16,MTC,1.1264,16000,0.00,0,91.20,20.08
940,17,MTC,0.6144,16000,0.00,0,95.20,20.08
940,18,MTC,1.1264,16000,0.00,0,91.20,20.08
940,19,MTC,1.0240,16000,0.00,0,92.00,20.08
940,20,MTC,1.1264,16000,0.00,0,91.20,20.08
940,1,eMBB,2.4448,25976,0.00,0,88.24,29.42
940,2,eMBB,3.6672,25976,0.00,0,82.35,29.42
940,3,eMBB,3.6672,25976,0.00,0,82.35,29.42
940,4,eMBB,2.4448,25976,0.00,0,88.24,29.42
940,5,eMBB,2.4448,25976,0.00,0,88.24,29.42
940,6,URLLC,0.3120,390,0.00,0,0.00,50.50
940,7,URLLC,0.3120,390,0.00,0,0.00,50.50
940,8,URLLC,0.3120,390,0.00,0,0.00,50.50
940,9,URLLC,0.3120,390,0.00,0,0.00,50.50
940,10,URLLC,0.3120,390,0.00,0,0.00,50.50
950,11,MTC,1.0240,16000,0.00,0,92.00,25.93
950,12,MTC,1.0240,16000,0.00,0,92.00,25.93
950,13,MTC,1.0240,16000,0.00,0,92.00,25.93
950,14,MTC,1.0240,16000,0.00,0,92.00,25.93
950,15,MTC,1.0240,16000,0.00,0,92.00,25.93
950,16,MTC,1.0240,16000,0.00,0,92.00,25.93
950,17,MTC,1.5360,16000,0.00,0,88.00,25.93
950,18,MTC,1.0240,16000,0.00,0,92.00,25.93
950,19,MTC,1.0240,16000,0.00,0,92.00,25.93
950,20,MTC,1.0240,16000,0.00,0,92.00,25.93
950,1,eMBB,3.6672,24448,0.00,0,81.25,36.56
950,2,eMBB,3.6672,24448,0.00,0,81.25,36.56
950,3,eMBB,3.6672,24448,0.00,0,81.25,36.56
950,4,eMBB,3.6672,24448,0.00,0,81.25,36.56
950,5,eMBB,3.6672,24448,0.00,0,81.25,36.56
950,6,URLLC,0.3120,390,0.00,0,0.00,37.51
950,7,URLLC,0.3120,390,0.00,0,0.00,37.51
950,8,URLLC,0.3120,390,0.00,0,0.00,37.51
950,9,URLLC,0.3120,390,0.00,0,0.00,37.51
950,10,URLLC,0.3120,390,0.00,0,0.00,37.51
960,11,MTC,1.3312,16000,0.00,0,89.60,27.22
960,12,MTC,1.3312,16000,0.00,0,89.60,27.22
960,13,MTC,1.4336,16000,0.00,0,88.80,27.22
960,14,MTC,1.3312,16000,0.00,0,89.60,27.22
960,15,MTC,1.4336,16000,0.00,0,88.80,27.22
960,16,MTC,1.4336,16000,0.00,0,88.80,27.22
960,17,MTC,1.3312,16000,0.00,0,89.60,27.22
960,18,MTC,1.3312,16000,0.00,0,89.60,27.22
960,19,MTC,1.4336,16000,0.00,0,88.80,27.22
960,20,MTC,1.4336,16000,0.00,0,88.80,27.22
960,1,eMBB,2.4448,25976,0.00,0,88.24,23.26
960,2,eMBB,2.4448,25976,0.00,0,88.24,23.26
960,3,eMBB,2.4448,25976,0.00,0,88.24,23.26
960,4,eMBB,2.4448,25976,0.00,0,88.24,23.26
960,5,eMBB,2.4448,25976,0.00,0,88.24,23.26
960,6,URLLC,0.3120,390,0.00,0,0.00,49.53
960,7,URLLC,0.3120,390,0.00,0,0.00,49.53
960,8,URLLC,0.3120,390,0.00,0,0.00,49.53
960,9,URLLC,0.3120,390,0.00,0,0.00,49.53
960,10,URLLC,0.3120,390,0.00,0,0.00,49.53
970,11,MTC,0.9216,16000,0.00,0,92.80,19.90
970,12,MTC,0.9216,16000,0.00,0,92.80,19.90
970,13,MTC,0.8192,16000,0.00,0,93.60,19.90
970,14,MTC,0.8192,16000,0.00,0,93.60,19.90
970,15,MTC,0.8192,16000,0.00,0,93.60,19.90
970,16,MTC,0.8192,16000,0.00,0,93.60,19.90
970,17,MTC,0.9216,16000,0.00,0,92.80,19.90
970,18,MTC,0.9216,16000,0.00,0,92.80,19.90
970,19,MTC,0.8192,16000,0.00,0,93.60,19.90
970,20,MTC,0.8192,16000,0.00,0,93.60,19.90
970,1,eMBB,3.6672,25976,0.00,0,82.35,53.52
970,2,eMBB,3.6672,25976,0.00,0,82.35,53.52
970,3,eMBB,3.6672,25976,0.00,0,82.35,53.52
970,4,eMBB,3.6672,25976,0.00,0,82.35,53.52
970,5,eMBB,3.6672,25976,0.00,0,82.35,53.52
970,6,URLLC,0.3120,390,0.00,0,0.00,26.57
970,7,URLLC,0.3120,390,0.00,0,0.00,26.57
970,8,URLLC,0.3120,390,0.00,0,0.00,26.57
970,9,URLLC,0.3120,390,0.00,0,0.00,26.57
970,10,URLLC,0.3120,390,0.00,0,0.00,26.57
980,11,MTC,1.0240,16000,0.00,0,92.00,21.51
980,12,MTC,1.0240,16000,0.00,0,92.00,21.51
980,13,MTC,1.0240,16000,0.00,0,92.00,21.51
980,14,MTC,1.1264,16000,0.00,0,91.20,21.51
980,15,MTC,1.0240,16000,0.00,0,92.00,21.51
980,16,MTC,1.0240,16000,0.00,0,92.00,21.51
980,17,MTC,1.0240,16000,0.00,0,92.00,21.51
980,18,MTC,0.9216,16000,0.00,0,92.80,21.51
980,19,MTC,1.1264,16000,0.00,0,91.20,21.51
980,20,MTC,1.0240,16000,0.00,0,92.00,21.51
980,1,eMBB,3.6672,24448,0.00,0,81.25,29.40
980,2,eMBB,3.6672,24448,0.00,0,81.25,29.40
980,3,eMBB,3.6672,24448,0.00,0,81.25,29.40
980,4,eMBB,3.6672,24448,0.00,0,81.25,29.40
980,5,eMBB,3.6672,24448,0.00,0,81.25,29.40
980,6,URLLC,0.3120,390,0.00,0,0.00,49.09
980,7,URLLC,0.3120,390,0.00,0,0.00,49.09
980,8,URLLC,0.3120,390,0.00,0,0.00,49.09
980,9,URLLC,0.3120,390,0.00,0,0.00,49.09
980,10,URLLC,0.3120,390,0.00,0,0.00,49.09
990,11,MTC,1.5360,16000,0.00,0,88.00,35.20
990,12,MTC,1.4336,16000,0.00,0,88.80,35.20
990,13,MTC,1.5360,16000,0.00,0,88.00,35.20
990,14,MTC,1.4336,16000,0.00,0,88.80,35.20
990,15,MTC,1.5360,16000,0.00,0,88.00,35.20
990,16,MTC,1.6384,16000,0.00,0,87.20,35.20
990,17,MTC,1.5360,16000,0.00,0,88.00,35.20
990,18,MTC,1.6384,16000,0.00,0,87.20,35.20
990,19,MTC,1.4336,16000,0.00,0,88.80,35.20
990,20,MTC,1.6384,16000,0.00,0,87.20,35.20
990,1,eMBB,2.4448,25976,0.00,0,88.24,23.71
990,2,eMBB,2.4448,25976,0.00,0,88.24,23.71
990,3,eMBB,2.4448,25976,0.00,0,88.24,23.71
990,4,eMBB,2.4448,25976,0.00,0,88.24,23.71
990,5,eMBB,2.4448,25976,0.00,0,88.24,23.71
990,6,URLLC,0.3120,390,0.00,0,0.00,41.09
990,7,URLLC,0.3120,390,0.00,0,0.00,41.09
990,8,URLLC,0.3120,390,0.00,0,0.00,41.09
990,9,URLLC,0.3120,390,0.00,0,0.00,41.09
990,10,URLLC,0.3120,390,0.00,0,0.00,41.09
1000,11,MTC,1.6384,16000,0.00,0,87.20,34.28
1000,12,MTC,1.6384,16000,0.00,0,87.20,34.28
1000,13,MTC,1.6384,16000,0.00,0,87.20,34.28
1000,14,MTC,1.6384,16000,0.00,0,87.20,34.28
1000,15,MTC,1.6384,16000,0.00,0,87.20,34.28
1000,16,MTC,1.5360,16000,0.00,0,88.00,34.28
1000,17,MTC,1.6384,16000,0.00,0,87.20,34.28
1000,18,MTC,1.6384,16000,0.00,0,87.20,34.28
1000,19,MTC,1.6384,16000,0.00,0,87.20,34.28
1000,20,MTC,1.5360,16000,0.00,0,88.00,34.28
1000,1,eMBB,3.6672,25976,0.00,0,82.35,41.31
1000,2,eMBB,3.6672,25976,0.00,0,82.35,41.31
1000,3,eMBB,3.6672,25976,0.00,0,82.35,41.31
1000,4,eMBB,3.6672,25976,0.00,0,82.35,41.31
1000,5,eMBB,3.6672,25976,0.00,0,82.35,41.31
1000,6,URLLC,0.3120,390,0.00,0,0.00,24.41
1000,7,URLLC,0.3120,390,0.00,0,0.00,24.41
1000,8,URLLC,0.3120,390,0.00,0,0.00,24.41
1000,9,URLLC,0.3120,390,0.00,0,0.00,24.41
1000,10,URLLC,0.3120,390,0.00,0,0.00,24.41
1010,11,MTC,0.9216,16000,0.00,0,92.80,19.83
1010,12,MTC,1.0240,16000,0.00,0,92.00,19.83
1010,13,MTC,0.9216,16000,0.00,0,92.80,19.83
1010,14,MTC,1.0240,16000,0.00,0,92.00,19.83
1010,15,MTC,1.0240,16000,0.00,0,92.00,19.83
1010,16,MTC,0.9216,16000,0.00,0,92.80,19.83
1010,17,MTC,0.9216,16000,0.00,0,92.80,19.83
1010,18,MTC,0.9216,16000,0.00,0,92.80,19.83
1010,19,MTC,1.0240,16000,0.00,0,92.00,19.83
1010,20,MTC,1.0240,16000,0.00,0,92.00,19.83
1010,1,eMBB,3.6672,24448,0.00,0,81.25,47.08
1010,2,eMBB,2.4448,24448,0.00,0,87.50,47.08
1010,3,eMBB,2.4448,24448,0.00,0,87.50,47.08
1010,4,eMBB,3.6672,24448,0.00,0,81.25,47.08
1010,5,eMBB,3.6672,24448,0.00,0,81.25,47.08
1010,6,URLLC,0.3120,390,0.00,0,0.00,33.09
1010,7,URLLC,0.3120,390,0.00,0,0.00,33.09
1010,8,URLLC,0.3120,390,0.00,0,0.00,33.09
1010,9,URLLC,0.3120,390,0.00,0,0.00,33.09
1010,10,URLLC,0.3120,390,0.00,0,0.00,33.09
1020,11,MTC,1.1264,16000,0.00,0,91.20,27.65
1020,12,MTC,1.1264,16000,0.00,0,91.20,27.65
1020,13,MTC,1.2288,16000,0.00,0,90.40,27.65
1020,14,MTC,1.1264,16000,0.00,0,91.20,27.65
1020,15,MTC,1.1264,16000,0.00,0,91.20,27.65
1020,16,MTC,1.2288,16000,0.00,0,90.40,27.65
1020,17,MTC,0.9216,16000,0.00,0,92.80,27.65
1020,18,MTC,1.1264,16000,0.00,0,91.20,27.65
1020,19,MTC,1.1264,16000,0.00,0,91.20,27.65
1020,20,MTC,1.1264,16000,0.00,0,91.20,27.65
1020,1,eMBB,3.6672,25976,0.00,0,82.35,34.03
1020,2,eMBB,3.6672,25976,0.00,0,82.35,34.03
1020,3,eMBB,3.6672,25976,0.00,0,82.35,34.03
1020,4,eMBB,3.6672,25976,0.00,0,82.35,34.03
1020,5,eMBB,2.4448,25976,0.00,0,88.24,34.03
1020,6,URLLC,0.3120,390,0.00,0,0.00,38.32
1020,7,URLLC,0.3120,390,0.00,0,0.00,38.32
1020,8,URLLC,0.3120,390,0.00,0,0.00,38.32
1020,9,URLLC,0.3120,390,0.00,0,0.00,38.32
1020,10,URLLC,0.3120,390,0.00,0,0.00,38.32
1030,11,MTC,1.2288,16000,0.00,0,90.40,33.84
1030,12,MTC,1.1264,16000,0.00,0,91.20,33.84
1030,13,MTC,1.1264,16000,0.00,0,91.20,33.84
1030,14,MTC,1.1264,16000,0.00,0,91.20,33.84
1030,15,MTC,1.1264,16000,0.00,0,91.20,33.84
1030,16,MTC,1.1264,16000,0.00,0,91.20,33.84
1030,17,MTC,1.4336,16000,0.00,0,88.80,33.84
1030,18,MTC,1.2288,16000,0.00,0,90.40,33.84
1030,19,MTC,1.1264,16000,0.00,0,91.20,33.84
1030,20,MTC,1.1264,16000,0.00,0,91.20,33.84
1030,1,eMBB,2.4448,25976,0.00,0,88.24,34.27
1030,2,eMBB,2.4448,25976,0.00,0,88.24,34.27
1030,3,eMBB,2.4448,25976,0.00,0,88.24,34.27
1030,4,eMBB,2.4448,25976,0.00,0,88.24,34.27
1030,5,eMBB,3.6672,25976,0.00,0,82.35,34.27
1030,6,URLLC,0.3120,390,0.00,0,0.00,31.89
1030,7,URLLC,0.3120,390,0.00,0,0.00,31.89
1030,8,URLLC,0.3120,390,0.00,0,0.00,31.89
1030,9,URLLC,0.3120,390,0.00,0,0.00,31.89
1030,10,URLLC,0.3120,390,0.00,0,0.00,31.89
1040,11,MTC,1.2288,16000,0.00,0,90.40,21.31
1040,12,MTC,1.2288,16000,0.00,0,90.40,21.31
1040,13,MTC,1.1264,16000,0.00,0,91.20,21.31
1040,14,MTC,1.2288,16000,0.00,0,90.40,21.31
1040,15,MTC,1.2288,16000,0.00,0,90.40,21.31
1040,16,MTC,1.1264,16000,0.00,0,91.20,21.31
1040,17,MTC,1.1264,16000,0.00,0,91.20,21.31
1040,18,MTC,1.1264,16000,0.00,0,91.20,21.31
1040,19,MTC,1.2288,16000,0.00,0,90.40,21.31
1040,20,MTC,1.1264,16000,0.00,0,91.20,21.31
1040,1,eMBB,3.6672,24448,0.00,0,81.25,38.67
1040,2,eMBB,3.6672,24448,0.00,0,81.25,38.67
1040,3,eMBB,3.6672,24448,0.00,0,81.25,38.67
1040,4,eMBB,3.6672,24448,0.00,0,81.25,38.67
1040,5,eMBB,2.4448,24448,0.00,0,87.50,38.67
1040,6,URLLC,0.3120,390,0.00,0,0.00,40.02
1040,7,URLLC,0.3120,390,0.00,0,0.00,40.02
1040,8,URLLC,0.3120,390,0.00,0,0.00,40.02
1040,9,URLLC,0.3120,390,0.00,0,0.00,40.02
1040,10,URLLC,0.3120,390,0.00,0,0.00,40.02
1050,11,MTC,1.2288,16000,0.00,0,90.40,30.91
1050,12,MTC,1.2288,16000,0.00,0,90.40,30.91
1050,13,MTC,1.3312,16000,0.00,0,89.60,30.91
1050,14,MTC,1.2288,16000,0.00,0,90.40,30.91
1050,15,MTC,1.2288,16000,0.00,0,90.40,30.91
1050,16,MTC,1.3312,16000,0.00,0,89.60,30.91
1050,17,MTC,1.3312,16000,0.00,0,89.60,30.91
1050,18,MTC,1.3312,16000,0.00,0,89.60,30.91
1050,19,MTC,1.2288,16000,0.00,0,90.40,30.91
1050,20,MTC,1.3312,16000,0.00,0,89.60,30.91
1050,1,eMBB,2.4448,25976,0.00,0,88.24,39.41
1050,2,eMBB,3.6672,25976,0.00,0,82.35,39.41
1050,3,eMBB,3.6672,25976,0.00,0,82.35,39.41
1050,4,eMBB,2.4448,25976,0.00,0,88.24,39.41
1050,5,eMBB,3.6672,25976,0.00,0,82.35,39.41
1050,6,URLLC,0.3120,390,0.00,0,0.00,29.69
1050,7,URLLC,0.3120,390,0.00,0,0.00,29.69
1050,8,URLLC,0.3120,390,0.00,0,0.00,29.69
1050,9,URLLC,0.3120,390,0.00,0,0.00,29.69
1050,10,URLLC,0.3120,390,0.00,0,0.00,29.69
1060,11,MTC,1.1264,16000,0.00,0,91.20,24.79
1060,12,MTC,1.2288,16000,0.00,0,90.40,24.79
1060,13,MTC,1.1264,16000,0.00,0,91.20,24.79
1060,14,MTC,1.1264,16000,0.00,0,91.20,24.79
1060,15,MTC,1.1264,16000,0.00,0,91.20,24.79
1060,16,MTC,1.1264,16000,0.00,0,91.20,24.79
1060,17,MTC,1.0240,16000,0.00,0,92.00,24.79
1060,18,MTC,1.1264,16000,0.00,0,91.20,24.79
1060,19,MTC,1.1264,16000,0.00,0,91.20,24.79
1060,20,MTC,1.1264,16000,0.00,0,91.20,24.79
1060,1,eMBB,3.6672,25976,0.00,0,82.35,30.55
1060,2,eMBB,3.6672,25976,0.00,0,82.35,30.55
1060,3,eMBB,3.6672,25976,0.00,0,82.35,30.55
1060,4,eMBB,3.6672,25976,0.00,0,82.35,30.55
1060,5,eMBB,3.6672,25976,0.00,0,82.35,30.55
1060,6,URLLC,0.3120,390,0.00,0,0.00,44.65
1060,7,URLLC,0.3120,390,0.00,0,0.00,44.65
1060,8,URLLC,0.3120,390,0.00,0,0.00,44.65
1060,9,URLLC,0.3120,390,0.00,0,0.00,44.65
1060,10,URLLC,0.3120,390,0.00,0,0.00,44.65
1070,11,MTC,1.2288,16000,0.00,0,90.40,31.29
1070,12,MTC,1.2288,16000,0.00,0,90.40,31.29
1070,13,MTC,1.2288,16000,0.00,0,90.40,31.29
1070,14,MTC,1.2288,16000,0.00,0,90.40,31.29
1070,15,MTC,1.2288,16000,0.00,0,90.40,31.29
1070,16,MTC,1.2288,16000,0.00,0,90.40,31.29
1070,17,MTC,1.2288,16000,0.00,0,90.40,31.29
1070,18,MTC,1.2288,16000,0.00,0,90.40,31.29
1070,19,MTC,1.2288,16000,0.00,0,90.40,31.29
1070,20,MTC,1.2288,16000,0.00,0,90.40,31.29
1070,1,eMBB,2.4448,24448,0.00,0,87.50,24.82
1070,2,eMBB,2.4448,24448,0.00,0,87.50,24.82
1070,3,eMBB,2.4448,24448,0.00,0,87.50,24.82
1070,4,eMBB,2.4448,24448,0.00,0,87.50,24.82
1070,5,eMBB,2.4448,24448,0.00,0,87.50,24.82
1070,6,URLLC,0.3120,390,0.00,0,0.00,43.89
1070,7,URLLC,0.3120,390,0.00,0,0.00,43.89
1070,8,URLLC,0.3120,390,0.00,0,0.00,43.89
1070,9,URLLC,0.3120,390,0.00,0,0.00,43.89
1070,10,URLLC,0.3120,390,0.00,0,0.00,43.89
1080,11,MTC,1.3312,16000,0.00,0,89.60,26.53
1080,12,MTC,1.2288,16000,0.00,0,90.40,26.53
1080,13,MTC,1.2288,16000,0.00,0,90.40,26.53
1080,14,MTC,1.3312,16000,0.00,0,89.60,26.53
1080,15,MTC,1.3312,16000,0.00,0,89.60,26.53
1080,16,MTC,1.2288,16000,0.00,0,90.40,26.53
1080,17,MTC,1.4336,16000,0.00,0,88.80,26.53
1080,18,MTC,1.2288,16000,0.00,0,90.40,26.53
1080,19,MTC,1.3312,16000,0.00,0,89.60,26.53
1080,20,MTC,1.2288,16000,0.00,0,90.40,26.53
1080,1,eMBB,2.4448,25976,0.00,0,88.24,28.62
1080,2,eMBB,2.4448,25976,0.00,0,88.24,28.62
1080,3,eMBB,2.4448,25976,0.00,0,88.24,28.62
1080,4,eMBB,2.4448,25976,0.00,0,88.24,28.62
1080,5,eMBB,2.4448,25976,0.00,0,88.24,28.62
1080,6,URLLC,0.3120,390,0.00,0,0.00,44.85
1080,7,URLLC,0.3120,390,0.00,0,0.00,44.85
1080,8,URLLC,0.3120,390,0.00,0,0.00,44.85
1080,9,URLLC,0.3120,390,0.00,0,0.00,44.85
1080,10,URLLC,0.3120,390,0.00,0,0.00,44.85
1090,11,MTC,1.2288,16000,0.00,0,90.40,40.90
1090,12,MTC,1.2288,16000,0.00,0,90.40,40.90
1090,13,MTC,1.3312,16000,0.00,0,89.60,40.90
1090,14,MTC,1.2288,16000,0.00,0,90.40,40.90
1090,15,MTC,1.2288,16000,0.00,0,90.40,40.90
1090,16,MTC,1.3312,16000,0.00,0,89.60,40.90
1090,17,MTC,1.2288,16000,0.00,0,90.40,40.90
1090,18,MTC,1.3312,16000,0.00,0,89.60,40.90
1090,19,MTC,1.2288,16000,0.00,0,90.40,40.90
1090,20,MTC,1.3312,16000,0.00,0,89.60,40.90
1090,1,eMBB,1.2224,25976,0.00,0,94.12,30.91
1090,2,eMBB,1.2224,25976,0.00,0,94.12,30.91
1090,3,eMBB,1.2224,25976,0.00,0,94.12,30.91
1090,4,eMBB,1.2224,25976,0.00,0,94.12,30.91
1090,5,eMBB,1.2224,25976,0.00,0,94.12,30.91
1090,6,URLLC,0.3120,390,0.00,0,0.00,28.19
1090,7,URLLC,0.3120,390,0.00,0,0.00,28.19
1090,8,URLLC,0.3120,390,0.00,0,0.00,28.19
1090,9,URLLC,0.3120,390,0.00,0,0.00,28.19
1090,10,URLLC,0.3120,390,0.00,0,0.00,28.19
1100,11,MTC,1.7408,16000,0.00,0,86.40,37.64
1100,12,MTC,1.8432,16000,0.00,0,85.60,37.64
1100,13,MTC,1.7408,16000,0.00,0,86.40,37.64
1100,14,MTC,1.7408,16000,0.00,0,86.40,37.64
1100,15,MTC,1.7408,16000,0.00,0,86.40,37.64
1100,16,MTC,1.7408,16000,0.00,0,86.40,37.64
1100,17,MTC,1.7408,16000,0.00,0,86.40,37.64
1100,18,MTC,1.7408,16000,0.00,0,86.40,37.64
1100,19,MTC,1.7408,16000,0.00,0,86.40,37.64
1100,20,MTC,1.7408,16000,0.00,0,86.40,37.64
1100,1,eMBB,3.6672,24448,0.00,0,81.25,27.79
1100,2,eMBB,2.4448,24448,0.00,0,87.50,27.79
1100,3,eMBB,2.4448,24448,0.00,0,87.50,27.79
1100,4,eMBB,3.6672,24448,0.00,0,81.25,27.79
1100,5,eMBB,2.4448,24448,0.00,0,87.50,27.79
1100,6,URLLC,0.3120,390,0.00,0,0.00,34.58
1100,7,URLLC,0.3120,390,0.00,0,0.00,34.58
1100,8,URLLC,0.3120,390,0.00,0,0.00,34.58
1100,9,URLLC,0.3120,390,0.00,0,0.00,34.58
1100,10,URLLC,0.3120,390,0.00,0,0.00,34.58
1110,11,MTC,1.2288,16000,0.00,0,90.40,26.90
1110,12,MTC,1.0240,16000,0.00,0,92.00,26.90
1110,13,MTC,1.0240,16000,0.00,0,92.00,26.90
1110,14,MTC,1.0240,16000,0.00,0,92.00,26.90
1110,15,MTC,1.1264,16000,0.00,0,91.20,26.90
1110,16,MTC,1.1264,16000,0.00,0,91.20,26.90
1110,17,MTC,1.1264,16000,0.00,0,91.20,26.90
1110,18,MTC,1.1264,16000,0.00,0,91.20,26.90
1110,19,MTC,1.2288,16000,0.00,0,90.40,26.90
1110,20,MTC,1.1264,16000,0.00,0,91.20,26.90
1110,1,eMBB,2.4448,25976,0.00,0,88.24,40.52
1110,2,eMBB,2.4448,25976,0.00,0,88.24,40.52
1110,3,eMBB,2.4448,25976,0.00,0,88.24,40.52
1110,4,eMBB,2.4448,25976,0.00,0,88.24,40.52
1110,5,eMBB,2.4448,25976,0.00,0,88.24,40.52
1110,6,URLLC,0.2496,390,0.00,0,20.00,32.58
1110,7,URLLC,0.2496,390,0.00,0,20.00,32.58
1110,8,URLLC,0.2496,390,0.00,0,20.00,32.58
1110,9,URLLC,0.2496,390,0.00,0,20.00,32.58
1110,10,URLLC,0.2496,390,0.00,0,20.00,32.58
1120,11,MTC,1.5360,16000,0.00,0,88.00,36.01
1120,12,MTC,1.5360,16000,0.00,0,88.00,36.01
1120,13,MTC,1.5360,16000,0.00,0,88.00,36.01
1120,14,MTC,1.6384,16000,0.00,0,87.20,36.01
1120,15,MTC,1.5360,16000,0.00,0,88.00,36.01
1120,16,MTC,1.5360,16000,0.00,0,88.00,36.01
1120,17,MTC,0.8192,16000,0.00,0,93.60,36.01
1120,18,MTC,1.5360,16000,0.00,0,88.00,36.01
1120,19,MTC,1.4336,16000,0.00,0,88.80,36.01
1120,20,MTC,1.5360,16000,0.00,0,88.00,36.01
1120,1,eMBB,2.4448,25976,0.00,0,88.24,27.20
1120,2,eMBB,3.6672,25976,0.00,0,82.35,27.20
1120,3,eMBB,3.6672,25976,0.00,0,82.35,27.20
1120,4,eMBB,2.4448,25976,0.00,0,88.24,27.20
1120,5,eMBB,3.6672,25976,0.00,0,82.35,27.20
1120,6,URLLC,0.3744,390,0.00,0,0.00,36.80
1120,7,URLLC,0.3744,390,0.00,0,0.00,36.80
1120,8,URLLC,0.3744,390,0.00,0,0.00,36.80
1120,9,URLLC,0.3744,390,0.00,0,0.00,36.80
1120,10,URLLC,0.3744,390,0.00,0,0.00,36.80
1130,11,MTC,1.5360,16000,0.00,0,88.00,36.06
1130,12,MTC,1.5360,16000,0.00,0,88.00,36.06
1130,13,MTC,1.5360,16000,0.00,0,88.00,36.06
1130,14,MTC,1.5360,16000,0.00,0,88.00,36.06
1130,15,MTC,1.4336,16000,0.00,0,88.80,36.06
1130,16,MTC,1.5360,16000,0.00,0,88.00,36.06
1130,17,MTC,2.2528,16000,0.00,0,82.40,36.06
1130,18,MTC,1.5360,16000,0.00,0,88.00,36.06
1130,19,MTC,1.5360,16000,0.00,0,88.00,36.06
1130,20,MTC,1.5360,16000,0.00,0,88.00,36.06
1130,1,eMBB,2.4448,24448,0.00,0,87.50,23.34
1130,2,eMBB,1.2224,24448,0.00,0,93.75,23.34
1130,3,eMBB,1.2224,24448,0.00,0,93.75,23.34
1130,4,eMBB,1.2224,24448,0.00,0,93.75,23.34
1130,5,eMBB,1.2224,24448,0.00,0,93.75,23.34
1130,6,URLLC,0.3120,390,0.00,0,0.00,40.60
1130,7,URLLC,0.3120,390,0.00,0,0.00,40.60
1130,8,URLLC,0.3120,390,0.00,0,0.00,40.60
1130,9,URLLC,0.3120,390,0.00,0,0.00,40.60
1130,10,URLLC,0.3120,390,0.00,0,0.00,40.60
1140,11,MTC,1.7408,16000,0.00,0,86.40,37.68
1140,12,MTC,1.7408,16000,0.00,0,86.40,37.68
1140,13,MTC,1.8432,16000,0.00,0,85.60,37.68
1140,14,MTC,1.7408,16000,0.00,0,86.40,37.68
1140,15,MTC,1.8432,16000,0.00,0,85.60,37.68
1140,16,MTC,1.7408,16000,0.00,0,86.40,37.68
1140,17,MTC,0.6144,16000,0.00,0,95.20,37.68
1140,18,MTC,1.8432,16000,0.00,0,85.60,37.68
1140,19,MTC,1.8432,16000,0.00,0,85.60,37.68
1140,20,MTC,1.8432,16000,0.00,0,85.60,37.68
1140,1,eMBB,1.2224,25976,0.00,0,94.12,25.92
1140,2,eMBB,2.4448,25976,0.00,0,88.24,25.92
1140,3,eMBB,2.4448,25976,0.00,0,88.24,25.92
1140,4,eMBB,2.4448,25976,0.00,0,88.24,25.92
1140,5,eMBB,2.4448,25976,0.00,0,88.24,25.92
1140,6,URLLC,0.3120,390,0.00,0,0.00,36.41
1140,7,URLLC,0.3120,390,0.00,0,0.00,36.41
1140,8,URLLC,0.3120,390,0.00,0,0.00,36.41
1140,9,URLLC,0.3120,390,0.00,0,0.00,36.41
1140,10,URLLC,0.3120,390,0.00,0,0.00,36.41
1150,11,MTC,1.2288,16000,0.00,0,90.40,35.31
1150,12,MTC,1.3312,16000,0.00,0,89.60,35.31
1150,13,MTC,1.2288,16000,0.00,0,90.40,35.31
1150,14,MTC,1.2288,16000,0.00,0,90.40,35.31
1150,15,MTC,1.2288,16000,0.00,0,90.40,35.31
1150,16,MTC,1.3312,16000,0.00,0,89.60,35.31
1150,17,MTC,2.3552,16000,0.00,0,81.60,35.31
1150,18,MTC,1.2288,16000,0.00,0,90.40,35.31
1150,19,MTC,1.2288,16000,0.00,0,90.40,35.31
1150,20,MTC,1.2288,16000,0.00,0,90.40,35.31
1150,1,eMBB,2.4448,25976,0.00,0,88.24,37.68
1150,2,eMBB,2.4448,25976,0.00,0,88.24,37.68
1150,3,eMBB,2.4448,25976,0.00,0,88.24,37.68
1150,4,eMBB,2.4448,25976,0.00,0,88.24,37.68
1150,5,eMBB,2.4448,25976,0.00,0,88.24,37.68
1150,6,URLLC,0.2496,390,0.00,0,20.00,27.01
1150,7,URLLC,0.2496,390,0.00,0,20.00,27.01
1150,8,URLLC,0.2496,390,0.00,0,20.00,27.01
1150,9,URLLC,0.2496,390,0.00,0,20.00,27.01
1150,10,URLLC,0.2496,390,0.00,0,20.00,27.01
1160,11,MTC,1.6384,16000,0.00,0,87.20,46.42
1160,12,MTC,1.6384,16000,0.00,0,87.20,46.42
1160,13,MTC,1.5360,16000,0.00,0,88.00,46.42
1160,14,MTC,1.6384,16000,0.00,0,87.20,46.42
1160,15,MTC,1.5360,16000,0.00,0,88.00,46.42
1160,16,MTC,1.5360,16000,0.00,0,88.00,46.42
1160,17,MTC,0.9216,16000,0.00,0,92.80,46.42
1160,18,MTC,1.6384,16000,0.00,0,87.20,46.42
1160,19,MTC,1.5360,16000,0.00,0,88.00,46.42
1160,20,MTC,1.6384,16000,0.00,0,87.20,46.42
1160,1,eMBB,2.4448,24448,0.00,0,87.50,25.01
1160,2,eMBB,2.4448,24448,0.00,0,87.50,25.01
1160,3,eMBB,2.4448,24448,0.00,0,87.50,25.01
1160,4,eMBB,2.4448,24448,0.00,0,87.50,25.01
1160,5,eMBB,2.4448,24448,0.00,0,87.50,25.01
1160,6,URLLC,0.3744,390,0.00,0,0.00,28.57
1160,7,URLLC,0.3744,390,0.00,0,0.00,28.57
1160,8,URLLC,0.3744,390,0.00,0,0.00,28.57
1160,9,URLLC,0.3744,390,0.00,0,0.00,28.57
1160,10,URLLC,0.3744,390,0.00,0,0.00,28.57
1170,11,MTC,1.7408,16000,0.00,0,86.40,48.86
1170,12,MTC,1.8432,16000,0.00,0,85.60,48.86
1170,13,MTC,1.9456,16000,0.00,0,84.80,48.86
1170,14,MTC,1.8432,16000,0.00,0,85.60,48.86
1170,15,MTC,1.9456,16000,0.00,0,84.80,48.86
1170,16,MTC,1.8432,16000,0.00,0,85.60,48.86
1170,17,MTC,2.5600,16000,0.00,0,80.00,48.86
1170,18,MTC,1.7408,16000,0.00,0,86.40,48.86
1170,19,MTC,1.8432,16000,0.00,0,85.60,48.86
1170,20,MTC,1.7408,16000,0.00,0,86.40,48.86
1170,1,eMBB,2.4448,25976,0.00,0,88.24,24.37
1170,2,eMBB,1.2224,25976,0.00,0,94.12,24.37
1170,3,eMBB,1.2224,25976,0.00,0,94.12,24.37
1170,4,eMBB,1.2224,25976,0.00,0,94.12,24.37
1170,5,eMBB,1.2224,25976,0.00,0,94.12,24.37
1170,6,URLLC,0.3120,390,0.00,0,0.00,26.77
1170,7,URLLC,0.3120,390,0.00,0,0.00,26.77
1170,8,URLLC,0.3120,390,0.00,0,0.00,26.77
1170,9,URLLC,0.3120,390,0.00,0,0.00,26.77
1170,10,URLLC,0.3120,390,0.00,0,0.00,26.77
1180,11,MTC,1.4336,16000,0.00,0,88.80,21.82
1180,12,MTC,1.3312,16000,0.00,0,89.60,21.82
1180,13,MTC,1.3312,16000,0.00,0,89.60,21.82
1180,14,MTC,1.3312,16000,0.00,0,89.60,21.82
1180,15,MTC,1.4336,16000,0.00,0,88.80,21.82
1180,16,MTC,1.4336,16000,0.00,0,88.80,21.82
1180,17,MTC,1.4336,16000,0.00,0,88.80,21.82
1180,18,MTC,1.4336,16000,0.00,0,88.80,21.82
1180,19,MTC,1.4336,16000,0.00,0,88.80,21.82
1180,20,MTC,1.4336,16000,0.00,0,88.80,21.82
1180,1,eMBB,2.4448,25976,0.00,0,88.24,29.39
1180,2,eMBB,2.4448,25976,0.00,0,88.24,29.39
1180,3,eMBB,2.4448,25976,0.00,0,88.24,29.39
1180,4,eMBB,3.6672,25976,0.00,0,82.35,29.39
1180,5,eMBB,2.4448,25976,0.00,0,88.24,29.39
1180,6,URLLC,0.2496,390,0.00,0,20.00,48.79
1180,7,URLLC,0.2496,390,0.00,0,20.00,48.79
1180,8,URLLC,0.2496,390,0.00,0,20.00,48.79
1180,9,URLLC,0.2496,390,0.00,0,20.00,48.79
1180,10,URLLC,0.2496,390,0.00,0,20.00,48.79
1190,11,MTC,1.2288,16000,0.00,0,90.40,28.40
1190,12,MTC,1.2288,16000,0.00,0,90.40,28.40
1190,13,MTC,1.1264,16000,0.00,0,91.20,28.40
1190,14,MTC,1.1264,16000,0.00,0,91.20,28.40
1190,15,MTC,1.0240,16000,0.00,0,92.00,28.40
1190,16,MTC,1.1264,16000,0.00,0,91.20,28.40
1190,17,MTC,0.5120,16000,0.00,0,96.00,28.40
1190,18,MTC,1.0240,16000,0.00,0,92.00,28.40
1190,19,MTC,1.1264,16000,0.00,0,91.20,28.40
1190,20,MTC,1.1264,16000,0.00,0,91.20,28.40
1190,1,eMBB,1.2224,24448,0.00,0,93.75,24.00
1190,2,eMBB,2.4448,24448,0.00,0,87.50,24.00
1190,3,eMBB,2.4448,24448,0.00,0,87.50,24.00
1190,4,eMBB,1.2224,24448,0.00,0,93.75,24.00
1190,5,eMBB,2.4448,24448,0.00,0,87.50,24.00
1190,6,URLLC,0.3744,390,0.00,0,0.00,47.60
1190,7,URLLC,0.3744,390,0.00,0,0.00,47.60
1190,8,URLLC,0.3744,390,0.00,0,0.00,47.60
1190,9,URLLC,0.3744,390,0.00,0,0.00,47.60
1190,10,URLLC,0.3744,390,0.00,0,0.00,47.60
1200,11,MTC,1.4336,16000,0.00,0,88.80,35.41
1200,12,MTC,1.4336,16000,0.00,0,88.80,35.41
1200,13,MTC,1.5360,16000,0.00,0,88.00,35.41
1200,14,MTC,1.5360,16000,0.00,0,88.00,35.41
1200,15,MTC,1.4336,16000,0.00,0,88.80,35.41
1200,16,MTC,1.3312,16000,0.00,0,89.60,35.41
1200,17,MTC,1.5360,16000,0.00,0,88.00,35.41
1200,18,MTC,1.5360,16000,0.00,0,88.00,35.41
1200,19,MTC,1.4336,16000,0.00,0,88.80,35.41
1200,20,MTC,1.4336,16000,0.00,0,88.80,35.41
1200,1,eMBB,2.4448,25976,0.00,0,88.24,24.91
1200,2,eMBB,2.4448,25976,0.00,0,88.24,24.91
1200,3,eMBB,2.4448,25976,0.00,0,88.24,24.91
1200,4,eMBB,2.4448,25976,0.00,0,88.24,24.91
1200,5,eMBB,2.4448,25976,0.00,0,88.24,24.91
1200,6,URLLC,0.3120,390,0.00,0,0.00,39.69
1200,7,URLLC,0.3120,390,0.00,0,0.00,39.69
1200,8,URLLC,0.3120,390,0.00,0,0.00,39.69
1200,9,URLLC,0.3120,390,0.00,0,0.00,39.69
1200,10,URLLC,0.3120,390,0.00,0,0.00,39.69
1210,11,MTC,1.3312,16000,0.00,0,89.60,40.76
1210,12,MTC,1.4336,16000,0.00,0,88.80,40.76
1210,13,MTC,1.3312,16000,0.00,0,89.60,40.76
1210,14,MTC,1.3312,16000,0.00,0,89.60,40.76
1210,15,MTC,1.4336,16000,0.00,0,88.80,40.76
1210,16,MTC,1.4336,16000,0.00,0,88.80,40.76
1210,17,MTC,1.8432,16000,0.00,0,85.60,40.76
1210,18,MTC,1.4336,16000,0.00,0,88.80,40.76
1210,19,MTC,1.4336,16000,0.00,0,88.80,40.76
1210,20,MTC,1.4336,16000,0.00,0,88.80,40.76
1210,1,eMBB,2.4448,25976,0.00,0,88.24,30.21
1210,2,eMBB,2.4448,25976,0.00,0,88.24,30.21
1210,3,eMBB,2.4448,25976,0.00,0,88.24,30.21
1210,4,eMBB,2.4448,25976,0.00,0,88.24,30.21
1210,5,eMBB,2.4448,25976,0.00,0,88.24,30.21
1210,6,URLLC,0.2496,390,0.00,0,20.00,29.03
1210,7,URLLC,0.2496,390,0.00,0,20.00,29.03
1210,8,URLLC,0.2496,390,0.00,0,20.00,29.03
1210,9,URLLC,0.2496,390,0.00,0,20.00,29.03
1210,10,URLLC,0.2496,390,0.00,0,20.00,29.03
1220,11,MTC,1.5360,16000,0.00,0,88.00,34.52
1220,12,MTC,1.5360,16000,0.00,0,88.00,34.52
1220,13,MTC,1.5360,16000,0.00,0,88.00,34.52
1220,14,MTC,1.5360,16000,0.00,0,88.00,34.52
1220,15,MTC,1.5360,16000,0.00,0,88.00,34.52
1220,16,MTC,1.6384,16000,0.00,0,87.20,34.52
1220,17,MTC,0.7168,16000,0.00,0,94.40,34.52
1220,18,MTC,1.5360,16000,0.00,0,88.00,34.52
1220,19,MTC,1.4336,16000,0.00,0,88.80,34.52
1220,20,MTC,1.5360,16000,0.00,0,88.00,34.52
1220,1,eMBB,2.4448,24448,0.00,0,87.50,34.98
1220,2,eMBB,2.4448,24448,0.00,0,87.50,34.98
1220,3,eMBB,2.4448,24448,0.00,0,87.50,34.98
1220,4,eMBB,2.4448,24448,0.00,0,87.50,34.98
1220,5,eMBB,2.4448,24448,0.00,0,87.50,34.98
1220,6,URLLC,0.3744,390,0.00,0,0.00,30.50
1220,7,URLLC,0.3744,390,0.00,0,0.00,30.50
1220,8,URLLC,0.3744,390,0.00,0,0.00,30.50
1220,9,URLLC,0.3744,390,0.00,0,0.00,30.50
1220,10,URLLC,0.3744,390,0.00,0,0.00,30.50
1230,11,MTC,1.0240,16000,0.00,0,92.00,24.95
1230,12,MTC,1.0240,16000,0.00,0,92.00,24.95
1230,13,MTC,1.0240,16000,0.00,0,92.00,24.95
1230,14,MTC,1.0240,16000,0.00,0,92.00,24.95
1230,15,MTC,1.0240,16000,0.00,0,92.00,24.95
1230,16,MTC,0.9216,16000,0.00,0,92.80,24.95
1230,17,MTC,1.8432,16000,0.00,0,85.60,24.95
1230,18,MTC,1.0240,16000,0.00,0,92.00,24.95
1230,19,MTC,1.1264,16000,0.00,0,91.20,24.95
1230,20,MTC,0.9216,16000,0.00,0,92.80,24.95
1230,1,eMBB,2.4448,25976,0.00,0,88.24,26.21
1230,2,eMBB,2.4448,25976,0.00,0,88.24,26.21
1230,3,eMBB,2.4448,25976,0.00,0,88.24,26.21
1230,4,eMBB,2.4448,25976,0.00,0,88.24,26.21
1230,5,eMBB,2.4448,25976,0.00,0,88.24,26.21
1230,6,URLLC,0.3120,390,0.00,0,0.00,48.84
1230,7,URLLC,0.3120,390,0.00,0,0.00,48.84
1230,8,URLLC,0.3120,390,0.00,0,0.00,48.84
1230,9,URLLC,0.3120,390,0.00,0,0.00,48.84
1230,10,URLLC,0.3120,390,0.00,0,0.00,48.84
1240,11,MTC,1.4336,16000,0.00,0,88.80,32.44
1240,12,MTC,1.4336,16000,0.00,0,88.80,32.44
1240,13,MTC,1.4336,16000,0.00,0,88.80,32.44
1240,14,MTC,1.4336,16000,0.00,0,88.80,32.44
1240,15,MTC,1.4336,16000,0.00,0,88.80,32.44
1240,16,MTC,1.4336,16000,0.00,0,88.80,32.44
1240,17,MTC,1.4336,16000,0.00,0,88.80,32.44
1240,18,MTC,1.4336,16000,0.00,0,88.80,32.44
1240,19,MTC,1.3312,16000,0.00,0,89.60,32.44
1240,20,MTC,1.5360,16000,0.00,0,88.00,32.44
1240,1,eMBB,3.6672,25976,0.00,0,82.35,40.11
1240,2,eMBB,2.4448,25976,0.00,0,88.24,40.11
1240,3,eMBB,2.4448,25976,0.00,0,88.24,40.11
1240,4,eMBB,2.4448,25976,0.00,0,88.24,40.11
1240,5,eMBB,2.4448,25976,0.00,0,88.24,40.11
1240,6,URLLC,0.3120,390,0.00,0,0.00,27.45
1240,7,URLLC,0.3120,390,0.00,0,0.00,27.45
1240,8,URLLC,0.3120,390,0.00,0,0.00,27.45
1240,9,URLLC,0.3120,390,0.00,0,0.00,27.45
1240,10,URLLC,0.3120,390,0.00,0,0.00,27.45
1250,11,MTC,1.1264,16000,0.00,0,91.20,24.97
1250,12,MTC,1.0240,16000,0.00,0,92.00,24.97
1250,13,MTC,1.0240,16000,0.00,0,92.00,24.97
1250,14,MTC,1.0240,16000,0.00,0,92.00,24.97
1250,15,MTC,1.0240,16000,0.00,0,92.00,24.97
1250,16,MTC,1.1264,16000,0.00,0,91.20,24.97
1250,17,MTC,1.1264,16000,0.00,0,91.20,24.97
1250,18,MTC,1.0240,16000,0.00,0,92.00,24.97
1250,19,MTC,1.1264,16000,0.00,0,91.20,24.97
1250,20,MTC,1.0240,16000,0.00,0,92.00,24.97
1250,1,eMBB,2.4448,24448,0.00,0,87.50,46.82
1250,2,eMBB,3.6672,24448,0.00,0,81.25,46.82
1250,3,eMBB,3.6672,24448,0.00,0,81.25,46.82
1250,4,eMBB,3.6672,24448,0.00,0,81.25,46.82
1250,5,eMBB,3.6672,24448,0.00,0,81.25,46.82
1250,6,URLLC,0.3120,390,0.00,0,0.00,28.21
1250,7,URLLC,0.3120,390,0.00,0,0.00,28.21
1250,8,URLLC,0.3120,390,0.00,0,0.00,28.21
1250,9,URLLC,0.3120,390,0.00,0,0.00,28.21
1250,10,URLLC,0.3120,390,0.00,0,0.00,28.21
1260,11,MTC,1.4336,16000,0.00,0,88.80,38.53
1260,12,MTC,1.4336,16000,0.00,0,88.80,38.53
1260,13,MTC,1.5360,16000,0.00,0,88.00,38.53
1260,14,MTC,1.5360,16000,0.00,0,88.00,38.53
1260,15,MTC,1.5360,16000,0.00,0,88.00,38.53
1260,16,MTC,1.4336,16000,0.00,0,88.80,38.53
1260,17,MTC,1.4336,16000,0.00,0,88.80,38.53
1260,18,MTC,1.4336,16000,0.00,0,88.80,38.53
1260,19,MTC,1.4336,16000,0.00,0,88.80,38.53
1260,20,MTC,1.4336,16000,0.00,0,88.80,38.53
1260,1,eMBB,3.6672,25976,0.00,0,82.35,34.62
1260,2,eMBB,3.6672,25976,0.00,0,82.35,34.62
1260,3,eMBB,3.6672,25976,0.00,0,82.35,34.62
1260,4,eMBB,3.6672,25976,0.00,0,82.35,34.62
1260,5,eMBB,3.6672,25976,0.00,0,82.35,34.62
1260,6,URLLC,0.3120,390,0.00,0,0.00,26.85
1260,7,URLLC,0.3120,390,0.00,0,0.00,26.85
1260,8,URLLC,0.3120,390,0.00,0,0.00,26.85
1260,9,URLLC,0.3120,390,0.00,0,0.00,26.85
1260,10,URLLC,0.3120,390,0.00,0,0.00,26.85
1270,11,MTC,1.2288,16000,0.00,0,90.40,24.31
1270,12,MTC,1.3312,16000,0.00,0,89.60,24.31
1270,13,MTC,1.2288,16000,0.00,0,90.40,24.31
1270,14,MTC,1.2288,16000,0.00,0,90.40,24.31
1270,15,MTC,1.2288,16000,0.00,0,90.40,24.31
1270,16,MTC,1.2288,16000,0.00,0,90.40,24.31
1270,17,MTC,1.2288,16000,0.00,0,90.40,24.31
1270,18,MTC,1.2288,16000,0.00,0,90.40,24.31
1270,19,MTC,1.2288,16000,0.00,0,90.40,24.31
1270,20,MTC,1.2288,16000,0.00,0,90.40,24.31
1270,1,eMBB,3.6672,25976,0.00,0,82.35,41.34
1270,2,eMBB,3.6672,25976,0.00,0,82.35,41.34
1270,3,eMBB,3.6672,25976,0.00,0,82.35,41.34
1270,4,eMBB,3.6672,25976,0.00,0,82.35,41.34
1270,5,eMBB,3.6672,25976,0.00,0,82.35,41.34
1270,6,URLLC,0.3120,390,0.00,0,0.00,34.34
1270,7,URLLC,0.3120,390,0.00,0,0.00,34.34
1270,8,URLLC,0.3120,390,0.00,0,0.00,34.34
1270,9,URLLC,0.3120,390,0.00,0,0.00,34.34
1270,10,URLLC,0.3120,390,0.00,0,0.00,34.34
1280,11,MTC,1.4336,16000,0.00,0,88.80,29.40
1280,12,MTC,1.2288,16000,0.00,0,90.40,29.40
1280,13,MTC,1.3312,16000,0.00,0,89.60,29.40
1280,14,MTC,1.3312,16000,0.00,0,89.60,29.40
1280,15,MTC,1.2288,16000,0.00,0,90.40,29.40
1280,16,MTC,1.3312,16000,0.00,0,89.60,29.40
1280,17,MTC,1.3312,16000,0.00,0,89.60,29.40
1280,18,MTC,1.3312,16000,0.00,0,89.60,29.40
1280,19,MTC,1.3312,16000,0.00,0,89.60,29.40
1280,20,MTC,1.4336,16000,0.00,0,88.80,29.40
1280,1,eMBB,2.4448,24448,0.00,0,87.50,24.31
1280,2,eMBB,2.4448,24448,0.00,0,87.50,24.31
1280,3,eMBB,2.4448,24448,0.00,0,87.50,24.31
1280,4,eMBB,2.4448,24448,0.00,0,87.50,24.31
1280,5,eMBB,2.4448,24448,0.00,0,87.50,24.31
1280,6,URLLC,0.2496,390,0.00,0,20.00,46.29
1280,7,URLLC,0.2496,390,0.00,0,20.00,46.29
1280,8,URLLC,0.2496,390,0.00,0,20.00,46.29
1280,9,URLLC,0.2496,390,0.00,0,20.00,46.29
1280,10,URLLC,0.2496,390,0.00,0,20.00,46.29
1290,11,MTC,1.6384,16000,0.00,0,87.20,45.89
1290,12,MTC,1.8432,16000,0.00,0,85.60,45.89
1290,13,MTC,1.8432,16000,0.00,0,85.60,45.89
1290,14,MTC,1.8432,16000,0.00,0,85.60,45.89
1290,15,MTC,1.8432,16000,0.00,0,85.60,45.89
1290,16,MTC,1.7408,16000,0.00,0,86.40,45.89
1290,17,MTC,1.8432,16000,0.00,0,85.60,45.89
1290,18,MTC,1.7408,16000,0.00,0,86.40,45.89
1290,19,MTC,1.8432,16000,0.00,0,85.60,45.89
1290,20,MTC,1.6384,16000,0.00,0,87.20,45.89
1290,1,eMBB,2.4448,25976,0.00,0,88.24,27.08
1290,2,eMBB,2.4448,25976,0.00,0,88.24,27.08
1290,3,eMBB,2.4448,25976,0.00,0,88.24,27.08
1290,4,eMBB,2.4448,25976,0.00,0,88.24,27.08
1290,5,eMBB,2.4448,25976,0.00,0,88.24,27.08
1290,6,URLLC,0.3744,390,0.00,0,0.00,27.03
1290,7,URLLC,0.3744,390,0.00,0,0.00,27.03
1290,8,URLLC,0.3744,390,0.00,0,0.00,27.03
1290,9,URLLC,0.3744,390,0.00,0,0.00,27.03
1290,10,URLLC,0.3744,390,0.00,0,0.00,27.03
1300,11,MTC,1.5360,16000,0.00,0,88.00,23.94
1300,12,MTC,1.4336,16000,0.00,0,88.80,23.94
1300,13,MTC,1.4336,16000,0.00,0,88.80,23.94
1300,14,MTC,1.3312,16000,0.00,0,89.60,23.94
1300,15,MTC,1.4336,16000,0.00,0,88.80,23.94
1300,16,MTC,1.5360,16000,0.00,0,88.00,23.94
1300,17,MTC,0.9216,16000,0.00,0,92.80,23.94
1300,18,MTC,1.5360,16000,0.00,0,88.00,23.94
1300,19,MTC,1.4336,16000,0.00,0,88.80,23.94
1300,20,MTC,1.5360,16000,0.00,0,88.00,23.94
1300,1,eMBB,2.4448,25976,0.00,0,88.24,33.18
1300,2,eMBB,2.4448,25976,0.00,0,88.24,33.18
1300,3,eMBB,2.4448,25976,0.00,0,88.24,33.18
1300,4,eMBB,2.4448,25976,0.00,0,88.24,33.18
1300,5,eMBB,2.4448,25976,0.00,0,88.24,33.18
1300,6,URLLC,0.3120,390,0.00,0,0.00,42.88
1300,7,URLLC,0.3120,390,0.00,0,0.00,42.88
1300,8,URLLC,0.3120,390,0.00,0,0.00,42.88
1300,9,URLLC,0.3120,390,0.00,0,0.00,42.88
1300,10,URLLC,0.3120,390,0.00,0,0.00,42.88
1310,11,MTC,1.2288,16000,0.00,0,90.40,31.88
1310,12,MTC,1.2288,16000,0.00,0,90.40,31.88
1310,13,MTC,1.1264,16000,0.00,0,91.20,31.88
1310,14,MTC,1.2288,16000,0.00,0,90.40,31.88
1310,15,MTC,1.2288,16000,0.00,0,90.40,31.88
1310,16,MTC,1.2288,16000,0.00,0,90.40,31.88
1310,17,MTC,1.4336,16000,0.00,0,88.80,31.88
1310,18,MTC,1.2288,16000,0.00,0,90.40,31.88
1310,19,MTC,1.2288,16000,0.00,0,90.40,31.88
1310,20,MTC,1.2288,16000,0.00,0,90.40,31.88
1310,1,eMBB,3.6672,24448,0.00,0,81.25,33.71
1310,2,eMBB,2.4448,24448,0.00,0,87.50,33.71
1310,3,eMBB,2.4448,24448,0.00,0,87.50,33.71
1310,4,eMBB,2.4448,24448,0.00,0,87.50,33.71
1310,5,eMBB,2.4448,24448,0.00,0,87.50,33.71
1310,6,URLLC,0.3120,390,0.00,0,0.00,34.41
1310,7,URLLC,0.3120,390,0.00,0,0.00,34.41
1310,8,URLLC,0.3120,390,0.00,0,0.00,34.41
1310,9,URLLC,0.3120,390,0.00,0,0.00,34.41
1310,10,URLLC,0.3120,390,0.00,0,0.00,34.41
1320,11,MTC,1.0240,16000,0.00,0,92.00,22.79
1320,12,MTC,1.1264,16000,0.00,0,91.20,22.79
1320,13,MTC,1.1264,16000,0.00,0,91.20,22.79
1320,14,MTC,1.2288,16000,0.00,0,90.40,22.79
1320,15,MTC,1.1264,16000,0.00,0,91.20,22.79
1320,16,MTC,1.0240,16000,0.00,0,92.00,22.79
1320,17,MTC,1.3312,16000,0.00,0,89.60,22.79
1320,18,MTC,1.0240,16000,0.00,0,92.00,22.79
1320,19,MTC,1.0240,16000,0.00,0,92.00,22.79
1320,20,MTC,1.0240,16000,0.00,0,92.00,22.79
1320,1,eMBB,2.4448,25976,0.00,0,88.24,37.15
1320,2,eMBB,3.6672,25976,0.00,0,82.35,37.15
1320,3,eMBB,3.6672,25976,0.00,0,82.35,37.15
1320,4,eMBB,3.6672,25976,0.00,0,82.35,37.15
1320,5,eMBB,3.6672,25976,0.00,0,82.35,37.15
1320,6,URLLC,0.3120,390,0.00,0,0.00,40.06
1320,7,URLLC,0.3120,390,0.00,0,0.00,40.06
1320,8,URLLC,0.3120,390,0.00,0,0.00,40.06
1320,9,URLLC,0.3120,390,0.00,0,0.00,40.06
1320,10,URLLC,0.3120,390,0.00,0,0.00,40.06
1330,11,MTC,1.0240,16000,0.00,0,92.00,20.82
1330,12,MTC,1.0240,16000,0.00,0,92.00,20.82
1330,13,MTC,1.0240,16000,0.00,0,92.00,20.82
1330,14,MTC,0.9216,16000,0.00,0,92.80,20.82
1330,15,MTC,1.0240,16000,0.00,0,92.00,20.82
1330,16,MTC,1.0240,16000,0.00,0,92.00,20.82
1330,17,MTC,0.7168,16000,0.00,0,94.40,20.82
1330,18,MTC,1.1264,16000,0.00,0,91.20,20.82
1330,19,MTC,1.0240,16000,0.00,0,92.00,20.82
1330,20,MTC,1.0240,16000,0.00,0,92.00,20.82
1330,1,eMBB,2.4448,25976,0.00,0,88.24,24.82
1330,2,eMBB,2.4448,25976,0.00,0,88.24,24.82
1330,3,eMBB,2.4448,25976,0.00,0,88.24,24.82
1330,4,eMBB,2.4448,25976,0.00,0,88.24,24.82
1330,5,eMBB,2.4448,25976,0.00,0,88.24,24.82
1330,6,URLLC,0.3120,390,0.00,0,0.00,54.35
1330,7,URLLC,0.3120,390,0.00,0,0.00,54.35
1330,8,URLLC,0.3120,390,0.00,0,0.00,54.35
1330,9,URLLC,0.3120,390,0.00,0,0.00,54.35
1330,10,URLLC,0.3120,390,0.00,0,0.00,54.35
1340,11,MTC,1.2288,16000,0.00,0,90.40,34.10
1340,12,MTC,1.2288,16000,0.00,0,90.40,34.10
1340,13,MTC,1.2288,16000,0.00,0,90.40,34.10
1340,14,MTC,1.2288,16000,0.00,0,90.40,34.10
1340,15,MTC,1.1264,16000,0.00,0,91.20,34.10
1340,16,MTC,1.2288,16000,0.00,0,90.40,34.10
1340,17,MTC,1.5360,16000,0.00,0,88.00,34.10
1340,18,MTC,1.1264,16000,0.00,0,91.20,34.10
1340,19,MTC,1.1264,16000,0.00,0,91.20,34.10
1340,20,MTC,1.2288,16000,0.00,0,90.40,34.10
1340,1,eMBB,2.4448,24448,0.00,0,87.50,29.03
1340,2,eMBB,2.4448,24448,0.00,0,87.50,29.03
1340,3,eMBB,2.4448,24448,0.00,0,87.50,29.03
1340,4,eMBB,2.4448,24448,0.00,0,87.50,29.03
1340,5,eMBB,2.4448,24448,0.00,0,87.50,29.03
1340,6,URLLC,0.3120,390,0.00,0,0.00,36.86
1340,7,URLLC,0.3120,390,0.00,0,0.00,36.86
1340,8,URLLC,0.3120,390,0.00,0,0.00,36.86
1340,9,URLLC,0.3120,390,0.00,0,0.00,36.86
1340,10,URLLC,0.3120,390,0.00,0,0.00,36.86
1350,11,MTC,1.4336,16000,0.00,0,88.80,29.34
1350,12,MTC,1.4336,16000,0.00,0,88.80,29.34
1350,13,MTC,1.4336,16000,0.00,0,88.80,29.34
1350,14,MTC,1.4336,16000,0.00,0,88.80,29.34
1350,15,MTC,1.5360,16000,0.00,0,88.00,29.34
1350,16,MTC,1.4336,16000,0.00,0,88.80,29.34
1350,17,MTC,1.0240,16000,0.00,0,92.00,29.34
1350,18,MTC,1.4336,16000,0.00,0,88.80,29.34
1350,19,MTC,1.5360,16000,0.00,0,88.00,29.34
1350,20,MTC,1.4336,16000,0.00,0,88.80,29.34
1350,1,eMBB,2.4448,25976,0.00,0,88.24,30.36
1350,2,eMBB,2.4448,25976,0.00,0,88.24,30.36
1350,3,eMBB,2.4448,25976,0.00,0,88.24,30.36
1350,4,eMBB,2.4448,25976,0.00,0,88.24,30.36
1350,5,eMBB,2.4448,25976,0.00,0,88.24,30.36
1350,6,URLLC,0.3120,390,0.00,0,0.00,40.29
1350,7,URLLC,0.3120,390,0.00,0,0.00,40.29
1350,8,URLLC,0.3120,390,0.00,0,0.00,40.29
1350,9,URLLC,0.3120,390,0.00,0,0.00,40.29
1350,10,URLLC,0.3120,390,0.00,0,0.00,40.29
1360,11,MTC,1.3312,16000,0.00,0,89.60,33.53
1360,12,MTC,1.2288,16000,0.00,0,90.40,33.53
1360,13,MTC,1.3312,16000,0.00,0,89.60,33.53
1360,14,MTC,1.3312,16000,0.00,0,89.60,33.53
1360,15,MTC,1.3312,16000,0.00,0,89.60,33.53
1360,16,MTC,1.3312,16000,0.00,0,89.60,33.53
1360,17,MTC,1.3312,16000,0.00,0,89.60,33.53
1360,18,MTC,1.3312,16000,0.00,0,89.60,33.53
1360,19,MTC,1.2288,16000,0.00,0,90.40,33.53
1360,20,MTC,1.3312,16000,0.00,0,89.60,33.53
1360,1,eMBB,3.6672,25976,0.00,0,82.35,36.69
1360,2,eMBB,2.4448,25976,0.00,0,88.24,36.69
1360,3,eMBB,3.6672,25976,0.00,0,82.35,36.69
1360,4,eMBB,3.6672,25976,0.00,0,82.35,36.69
1360,5,eMBB,2.4448,25976,0.00,0,88.24,36.69
1360,6,URLLC,0.3120,390,0.00,0,0.00,29.78
1360,7,URLLC,0.3120,390,0.00,0,0.00,29.78
1360,8,URLLC,0.3120,390,0.00,0,0.00,29.78
1360,9,URLLC,0.3120,390,0.00,0,0.00,29.78
1360,10,URLLC,0.3120,390,0.00,0,0.00,29.78
1370,11,MTC,0.8192,16000,0.00,0,93.60,19.99
1370,12,MTC,0.8192,16000,0.00,0,93.60,19.99
1370,13,MTC,0.8192,16000,0.00,0,93.60,19.99
1370,14,MTC,0.8192,16000,0.00,0,93.60,19.99
1370,15,MTC,0.8192,16000,0.00,0,93.60,19.99
1370,16,MTC,0.7168,16000,0.00,0,94.40,19.99
1370,17,MTC,1.1264,16000,0.00,0,91.20,19.99
1370,18,MTC,0.8192,16000,0.00,0,93.60,19.99
1370,19,MTC,0.9216,16000,0.00,0,92.80,19.99
1370,20,MTC,0.8192,16000,0.00,0,93.60,19.99
1370,1,eMBB,2.4448,24448,0.00,0,87.50,33.26
1370,2,eMBB,2.4448,24448,0.00,0,87.50,33.26
1370,3,eMBB,2.4448,24448,0.00,0,87.50,33.26
1370,4,eMBB,2.4448,24448,0.00,0,87.50,33.26
1370,5,eMBB,2.4448,24448,0.00,0,87.50,33.26
1370,6,URLLC,0.3120,390,0.00,0,0.00,46.75
1370,7,URLLC,0.3120,390,0.00,0,0.00,46.75
1370,8,URLLC,0.3120,390,0.00,0,0.00,46.75
1370,9,URLLC,0.3120,390,0.00,0,0.00,46.75
1370,10,URLLC,0.3120,390,0.00,0,0.00,46.75
1380,11,MTC,1.1264,16000,0.00,0,91.20,37.95
1380,12,MTC,1.1264,16000,0.00,0,91.20,37.95
1380,13,MTC,1.1264,16000,0.00,0,91.20,37.95
1380,14,MTC,1.1264,16000,0.00,0,91.20,37.95
1380,15,MTC,1.0240,16000,0.00,0,92.00,37.95
1380,16,MTC,1.1264,16000,0.00,0,91.20,37.95
1380,17,MTC,1.2288,16000,0.00,0,90.40,37.95
1380,18,MTC,1.1264,16000,0.00,0,91.20,37.95
1380,19,MTC,1.0240,16000,0.00,0,92.00,37.95
1380,20,MTC,1.1264,16000,0.00,0,91.20,37.95
1380,1,eMBB,2.4448,25976,0.00,0,88.24,33.40
1380,2,eMBB,3.6672,25976,0.00,0,82.35,33.40
1380,3,eMBB,2.4448,25976,0.00,0,88.24,33.40
1380,4,eMBB,2.4448,25976,0.00,0,88.24,33.40
1380,5,eMBB,3.6672,25976,0.00,0,82.35,33.40
1380,6,URLLC,0.3120,390,0.00,0,0.00,28.65
1380,7,URLLC,0.3120,390,0.00,0,0.00,28.65
1380,8,URLLC,0.3120,390,0.00,0,0.00,28.65
1380,9,URLLC,0.3120,390,0.00,0,0.00,28.65
1380,10,URLLC,0.3120,390,0.00,0,0.00,28.65
1390,11,MTC,1.5360,16000,0.00,0,88.00,34.67
1390,12,MTC,1.5360,16000,0.00,0,88.00,34.67
1390,13,MTC,1.5360,16000,0.00,0,88.00,34.67
1390,14,MTC,1.5360,16000,0.00,0,88.00,34.67
1390,15,MTC,1.6384,16000,0.00,0,87.20,34.67
1390,16,MTC,1.6384,16000,0.00,0,87.20,34.67
1390,17,MTC,1.5360,16000,0.00,0,88.00,34.67
1390,18,MTC,1.5360,16000,0.00,0,88.00,34.67
1390,19,MTC,1.5360,16000,0.00,0,88.00,34.67
1390,20,MTC,1.5360,16000,0.00,0,88.00,34.67
1390,1,eMBB,2.4448,25976,0.00,0,88.24,32.92
1390,2,eMBB,2.4448,25976,0.00,0,88.24,32.92
1390,3,eMBB,2.4448,25976,0.00,0,88.24,32.92
1390,4,eMBB,2.4448,25976,0.00,0,88.24,32.92
1390,5,eMBB,2.4448,25976,0.00,0,88.24,32.92
1390,6,URLLC,0.3120,390,0.00,0,0.00,32.40
1390,7,URLLC,0.3120,390,0.00,0,0.00,32.40
1390,8,URLLC,0.3120,390,0.00,0,0.00,32.40
1390,9,URLLC,0.3120,390,0.00,0,0.00,32.40
1390,10,URLLC,0.3120,390,0.00,0,0.00,32.40
1400,11,MTC,1.4336,16000,0.00,0,88.80,30.89
1400,12,MTC,1.4336,16000,0.00,0,88.80,30.89
1400,13,MTC,1.4336,16000,0.00,0,88.80,30.89
1400,14,MTC,1.4336,16000,0.00,0,88.80,30.89
1400,15,MTC,1.4336,16000,0.00,0,88.80,30.89
1400,16,MTC,1.4336,16000,0.00,0,88.80,30.89
1400,17,MTC,1.5360,16000,0.00,0,88.00,30.89
1400,18,MTC,1.4336,16000,0.00,0,88.80,30.89
1400,19,MTC,1.5360,16000,0.00,0,88.00,30.89
1400,20,MTC,1.4336,16000,0.00,0,88.80,30.89
1400,1,eMBB,3.6672,24448,0.00,0,81.25,44.88
1400,2,eMBB,3.6672,24448,0.00,0,81.25,44.88
1400,3,eMBB,3.6672,24448,0.00,0,81.25,44.88
1400,4,eMBB,3.6672,24448,0.00,0,81.25,44.88
1400,5,eMBB,3.6672,24448,0.00,0,81.25,44.88
1400,6,URLLC,0.3120,390,0.00,0,0.00,24.22
1400,7,URLLC,0.3120,390,0.00,0,0.00,24.22
1400,8,URLLC,0.3120,390,0.00,0,0.00,24.22
1400,9,URLLC,0.3120,390,0.00,0,0.00,24.22
1400,10,URLLC,0.3120,390,0.00,0,0.00,24.22
1410,11,MTC,1.1264,16000,0.00,0,91.20,24.79
1410,12,MTC,1.2288,16000,0.00,0,90.40,24.79
1410,13,MTC,1.1264,16000,0.00,0,91.20,24.79
1410,14,MTC,1.2288,16000,0.00,0,90.40,24.79
1410,15,MTC,1.1264,16000,0.00,0,91.20,24.79
1410,16,MTC,1.1264,16000,0.00,0,91.20,24.79
1410,17,MTC,1.1264,16000,0.00,0,91.20,24.79
1410,18,MTC,1.2288,16000,0.00,0,90.40,24.79
1410,19,MTC,1.1264,16000,0.00,0,91.20,24.79
1410,20,MTC,1.2288,16000,0.00,0,90.40,24.79
1410,1,eMBB,3.6672,25976,0.00,0,82.35,43.74
1410,2,eMBB,3.6672,25976,0.00,0,82.35,43.74
1410,3,eMBB,3.6672,25976,0.00,0,82.35,43.74
1410,4,eMBB,3.6672,25976,0.00,0,82.35,43.74
1410,5,eMBB,3.6672,25976,0.00,0,82.35,43.74
1410,6,URLLC,0.3120,390,0.00,0,0.00,31.48
1410,7,URLLC,0.3120,390,0.00,0,0.00,31.48
1410,8,URLLC,0.3120,390,0.00,0,0.00,31.48
1410,9,URLLC,0.3120,390,0.00,0,0.00,31.48
1410,10,URLLC,0.3120,390,0.00,0,0.00,31.48
1420,11,MTC,1.5360,16000,0.00,0,88.00,34.71
1420,12,MTC,1.4336,16000,0.00,0,88.80,34.71
1420,13,MTC,1.5360,16000,0.00,0,88.00,34.71
1420,14,MTC,1.4336,16000,0.00,0,88.80,34.71
1420,15,MTC,1.5360,16000,0.00,0,88.00,34.71
1420,16,MTC,1.5360,16000,0.00,0,88.00,34.71
1420,17,MTC,1.5360,16000,0.00,0,88.00,34.71
1420,18,MTC,1.4336,16000,0.00,0,88.80,34.71
1420,19,MTC,1.5360,16000,0.00,0,88.00,34.71
1420,20,MTC,1.4336,16000,0.00,0,88.80,34.71
1420,1,eMBB,2.4448,25976,0.00,0,88.24,25.36
1420,2,eMBB,2.4448,25976,0.00,0,88.24,25.36
1420,3,eMBB,2.4448,25976,0.00,0,88.24,25.36
1420,4,eMBB,2.4448,25976,0.00,0,88.24,25.36
1420,5,eMBB,2.4448,25976,0.00,0,88.24,25.36
1420,6,URLLC,0.3120,390,0.00,0,0.00,39.93
1420,7,URLLC,0.3120,390,0.00,0,0.00,39.93
1420,8,URLLC,0.3120,390,0.00,0,0.00,39.93
1420,9,URLLC,0.3120,390,0.00,0,0.00,39.93
1420,10,URLLC,0.3120,390,0.00,0,0.00,39.93
1430,11,MTC,1.4336,16000,0.00,0,88.80,30.10
1430,12,MTC,1.4336,16000,0.00,0,88.80,30.10
1430,13,MTC,1.5360,16000,0.00,0,88.00,30.10
1430,14,MTC,1.4336,16000,0.00,0,88.80,30.10
1430,15,MTC,1.4336,16000,0.00,0,88.80,30.10
1430,16,MTC,1.4336,16000,0.00,0,88.80,30.10
1430,17,MTC,1.4336,16000,0.00,0,88.80,30.10
1430,18,MTC,1.5360,16000,0.00,0,88.00,30.10
1430,19,MTC,1.4336,16000,0.00,0,88.80,30.10
1430,20,MTC,1.5360,16000,0.00,0,88.00,30.10
1430,1,eMBB,3.6672,24448,0.00,0,81.25,36.20
1430,2,eMBB,3.6672,24448,0.00,0,81.25,36.20
1430,3,eMBB,3.6672,24448,0.00,0,81.25,36.20
1430,4,eMBB,3.6672,24448,0.00,0,81.25,36.20
1430,5,eMBB,3.6672,24448,0.00,0,81.25,36.20
1430,6,URLLC,0.3120,390,0.00,0,0.00,33.70
1430,7,URLLC,0.3120,390,0.00,0,0.00,33.70
1430,8,URLLC,0.3120,390,0.00,0,0.00,33.70
1430,9,URLLC,0.3120,390,0.00,0,0.00,33.70
1430,10,URLLC,0.3120,390,0.00,0,0.00,33.70
1440,11,MTC,1.2288,16000,0.00,0,90.40,30.33
1440,12,MTC,1.3312,16000,0.00,0,89.60,30.33
1440,13,MTC,1.1264,16000,0.00,0,91.20,30.33
1440,14,MTC,1.3312,16000,0.00,0,89.60,30.33
1440,15,MTC,1.2288,16000,0.00,0,90.40,30.33
1440,16,MTC,1.2288,16000,0.00,0,90.40,30.33
1440,17,MTC,0.9216,16000,0.00,0,92.80,30.33
1440,18,MTC,1.2288,16000,0.00,0,90.40,30.33
1440,19,MTC,1.2288,16000,0.00,0,90.40,30.33
1440,20,MTC,1.1264,16000,0.00,0,91.20,30.33
1440,1,eMBB,3.6672,25976,0.00,0,82.35,43.31
1440,2,eMBB,2.4448,25976,0.00,0,88.24,43.31
1440,3,eMBB,2.4448,25976,0.00,0,88.24,43.31
1440,4,eMBB,2.4448,25976,0.00,0,88.24,43.31
1440,5,eMBB,2.4448,25976,0.00,0,88.24,43.31
1440,6,URLLC,0.3120,390,0.00,0,0.00,26.37
1440,7,URLLC,0.3120,390,0.00,0,0.00,26.37
1440,8,URLLC,0.3120,390,0.00,0,0.00,26.37
1440,9,URLLC,0.3120,390,0.00,0,0.00,26.37
1440,10,URLLC,0.3120,390,0.00,0,0.00,26.37
1450,11,MTC,0.8192,16000,0.00,0,93.60,28.74
1450,12,MTC,0.7168,16000,0.00,0,94.40,28.74
1450,13,MTC,0.9216,16000,0.00,0,92.80,28.74
1450,14,MTC,0.7168,16000,0.00,0,94.40,28.74
1450,15,MTC,0.8192,16000,0.00,0,93.60,28.74
1450,16,MTC,0.8192,16000,0.00,0,93.60,28.74
1450,17,MTC,1.1264,16000,0.00,0,91.20,28.74
1450,18,MTC,0.8192,16000,0.00,0,93.60,28.74
1450,19,MTC,0.8192,16000,0.00,0,93.60,28.74
1450,20,MTC,0.9216,16000,0.00,0,92.80,28.74
1450,1,eMBB,1.2224,25976,0.00,0,94.12,37.22
1450,2,eMBB,2.4448,25976,0.00,0,88.24,37.22
1450,3,eMBB,2.4448,25976,0.00,0,88.24,37.22
1450,4,eMBB,2.4448,25976,0.00,0,88.24,37.22
1450,5,eMBB,2.4448,25976,0.00,0,88.24,37.22
1450,6,URLLC,0.3120,390,0.00,0,0.00,34.04
1450,7,URLLC,0.3120,390,0.00,0,0.00,34.04
1450,8,URLLC,0.3120,390,0.00,0,0.00,34.04
1450,9,URLLC,0.3120,390,0.00,0,0.00,34.04
1450,10,URLLC,0.3120,390,0.00,0,0.00,34.04
1460,11,MTC,1.3312,16000,0.00,0,89.60,27.04
1460,12,MTC,1.2288,16000,0.00,0,90.40,27.04
1460,13,MTC,1.2288,16000,0.00,0,90.40,27.04
1460,14,MTC,1.3312,16000,0.00,0,89.60,27.04
1460,15,MTC,1.2288,16000,0.00,0,90.40,27.04
1460,16,MTC,1.3312,16000,0.00,0,89.60,27.04
1460,17,MTC,1.2288,16000,0.00,0,90.40,27.04
1460,18,MTC,1.2288,16000,0.00,0,90.40,27.04
1460,19,MTC,1.2288,16000,0.00,0,90.40,27.04
1460,20,MTC,1.2288,16000,0.00,0,90.40,27.04
1460,1,eMBB,3.6672,24448,0.00,0,81.25,35.91
1460,2,eMBB,3.6672,24448,0.00,0,81.25,35.91
1460,3,eMBB,3.6672,24448,0.00,0,81.25,35.91
1460,4,eMBB,3.6672,24448,0.00,0,81.25,35.91
1460,5,eMBB,3.6672,24448,0.00,0,81.25,35.91
1460,6,URLLC,0.3120,390,0.00,0,0.00,37.06
1460,7,URLLC,0.3120,390,0.00,0,0.00,37.06
1460,8,URLLC,0.3120,390,0.00,0,0.00,37.06
1460,9,URLLC,0.3120,390,0.00,0,0.00,37.06
1460,10,URLLC,0.3120,390,0.00,0,0.00,37.06
1470,11,MTC,1.3312,16000,0.00,0,89.60,41.80
1470,12,MTC,1.5360,16000,0.00,0,88.00,41.80
1470,13,MTC,1.4336,16000,0.00,0,88.80,41.80
1470,14,MTC,1.4336,16000,0.00,0,88.80,41.80
1470,15,MTC,1.5360,16000,0.00,0,88.00,41.80
1470,16,MTC,1.3312,16000,0.00,0,89.60,41.80
1470,17,MTC,1.0240,16000,0.00,0,92.00,41.80
1470,18,MTC,1.4336,16000,0.00,0,88.80,41.80
1470,19,MTC,1.4336,16000,0.00,0,88.80,41.80
1470,20,MTC,1.3312,16000,0.00,0,89.60,41.80
1470,1,eMBB,2.4448,25976,0.00,0,88.24,29.35
1470,2,eMBB,2.4448,25976,0.00,0,88.24,29.35
1470,3,eMBB,2.4448,25976,0.00,0,88.24,29.35
1470,4,eMBB,2.4448,25976,0.00,0,88.24,29.35
1470,5,eMBB,2.4448,25976,0.00,0,88.24,29.35
1470,6,URLLC,0.3120,390,0.00,0,0.00,28.85
1470,7,URLLC,0.3120,390,0.00,0,0.00,28.85
1470,8,URLLC,0.3120,390,0.00,0,0.00,28.85
1470,9,URLLC,0.3120,390,0.00,0,0.00,28.85
1470,10,URLLC,0.3120,390,0.00,0,0.00,28.85
1480,11,MTC,1.1264,16000,0.00,0,91.20,21.24
1480,12,MTC,0.9216,16000,0.00,0,92.80,21.24
1480,13,MTC,1.0240,16000,0.00,0,92.00,21.24
1480,14,MTC,1.0240,16000,0.00,0,92.00,21.24
1480,15,MTC,1.0240,16000,0.00,0,92.00,21.24
1480,16,MTC,1.1264,16000,0.00,0,91.20,21.24
1480,17,MTC,1.4336,16000,0.00,0,88.80,21.24
1480,18,MTC,1.1264,16000,0.00,0,91.20,21.24
1480,19,MTC,1.0240,16000,0.00,0,92.00,21.24
1480,20,MTC,1.1264,16000,0.00,0,91.20,21.24
1480,1,eMBB,2.4448,25976,0.00,0,88.24,48.61
1480,2,eMBB,2.4448,25976,0.00,0,88.24,48.61
1480,3,eMBB,2.4448,25976,0.00,0,88.24,48.61
1480,4,eMBB,2.4448,25976,0.00,0,88.24,48.61
1480,5,eMBB,2.4448,25976,0.00,0,88.24,48.61
1480,6,URLLC,0.3120,390,0.00,0,0.00,30.15
1480,7,URLLC,0.3120,390,0.00,0,0.00,30.15
1480,8,URLLC,0.3120,390,0.00,0,0.00,30.15
1480,9,URLLC,0.3120,390,0.00,0,0.00,30.15
1480,10,URLLC,0.3120,390,0.00,0,0.00,30.15
1490,11,MTC,1.0240,16000,0.00,0,92.00,23.12
1490,12,MTC,1.1264,16000,0.00,0,91.20,23.12
1490,13,MTC,1.0240,16000,0.00,0,92.00,23.12
1490,14,MTC,1.0240,16000,0.00,0,92.00,23.12
1490,15,MTC,1.0240,16000,0.00,0,92.00,23.12
1490,16,MTC,1.0240,16000,0.00,0,92.00,23.12
1490,17,MTC,1.0240,16000,0.00,0,92.00,23.12
1490,18,MTC,0.9216,16000,0.00,0,92.80,23.12
1490,19,MTC,1.0240,16000,0.00,0,92.00,23.12
1490,20,MTC,1.0240,16000,0.00,0,92.00,23.12
1490,1,eMBB,4.8896,24448,0.00,0,75.00,40.58
1490,2,eMBB,3.6672,24448,0.00,0,81.25,40.58
1490,3,eMBB,4.8896,24448,0.00,0,75.00,40.58
1490,4,eMBB,4.8896,24448,0.00,0,75.00,40.58
1490,5,eMBB,3.6672,24448,0.00,0,81.25,40.58
1490,6,URLLC,0.3120,390,0.00,0,0.00,36.30
1490,7,URLLC,0.3120,390,0.00,0,0.00,36.30
1490,8,URLLC,0.3120,390,0.00,0,0.00,36.30
1490,9,URLLC,0.3120,390,0.00,0,0.00,36.30
1490,10,URLLC,0.3120,390,0.00,0,0.00,36.30
1500,11,MTC,1.7408,16000,0.00,0,86.40,45.70
1500,12,MTC,1.7408,16000,0.00,0,86.40,45.70
1500,13,MTC,1.7408,16000,0.00,0,86.40,45.70
1500,14,MTC,1.7408,16000,0.00,0,86.40,45.70
1500,15,MTC,1.7408,16000,0.00,0,86.40,45.70
1500,16,MTC,1.7408,16000,0.00,0,86.40,45.70
1500,17,MTC,1.7408,16000,0.00,0,86.40,45.70
1500,18,MTC,1.8432,16000,0.00,0,85.60,45.70
1500,19,MTC,1.7408,16000,0.00,0,86.40,45.70
1500,20,MTC,1.7408,16000,0.00,0,86.40,45.70
1500,1,eMBB,2.4448,25976,0.00,0,88.24,23.38
1500,2,eMBB,3.6672,25976,0.00,0,82.35,23.38
1500,3,eMBB,2.4448,25976,0.00,0,88.24,23.38
1500,4,eMBB,2.4448,25976,0.00,0,88.24,23.38
1500,5,eMBB,3.6672,25976,0.00,0,82.35,23.38
1500,6,URLLC,0.3120,390,0.00,0,0.00,30.92
1500,7,URLLC,0.3120,390,0.00,0,0.00,30.92
1500,8,URLLC,0.3120,390,0.00,0,0.00,30.92
1500,9,URLLC,0.3120,390,0.00,0,0.00,30.92
1500,10,URLLC,0.3120,390,0.00,0,0.00,30.92
1510,11,MTC,1.7408,16000,0.00,0,86.40,38.22
1510,12,MTC,1.8432,16000,0.00,0,85.60,38.22
1510,13,MTC,1.8432,16000,0.00,0,85.60,38.22
1510,14,MTC,1.8432,16000,0.00,0,85.60,38.22
1510,15,MTC,1.8432,16000,0.00,0,85.60,38.22
1510,16,MTC,1.8432,16000,0.00,0,85.60,38.22
1510,17,MTC,1.8432,16000,0.00,0,85.60,38.22
1510,18,MTC,1.7408,16000,0.00,0,86.40,38.22
1510,19,MTC,1.9456,16000,0.00,0,84.80,38.22
1510,20,MTC,1.8432,16000,0.00,0,85.60,38.22
1510,1,eMBB,2.4448,25976,0.00,0,88.24,27.99
1510,2,eMBB,1.2224,25976,0.00,0,94.12,27.99
1510,3,eMBB,2.4448,25976,0.00,0,88.24,27.99
1510,4,eMBB,2.4448,25976,0.00,0,88.24,27.99
1510,5,eMBB,1.2224,25976,0.00,0,94.12,27.99
1510,6,URLLC,0.3120,390,0.00,0,0.00,33.79
1510,7,URLLC,0.3120,390,0.00,0,0.00,33.79
1510,8,URLLC,0.3120,390,0.00,0,0.00,33.79
1510,9,URLLC,0.3120,390,0.00,0,0.00,33.79
1510,10,URLLC,0.3120,390,0.00,0,0.00,33.79
1520,11,MTC,1.6384,16000,0.00,0,87.20,37.87
1520,12,MTC,1.5360,16000,0.00,0,88.00,37.87
1520,13,MTC,1.5360,16000,0.00,0,88.00,37.87
1520,14,MTC,1.6384,16000,0.00,0,87.20,37.87
1520,15,MTC,1.6384,16000,0.00,0,87.20,37.87
1520,16,MTC,1.5360,16000,0.00,0,88.00,37.87
1520,17,MTC,1.5360,16000,0.00,0,88.00,37.87
1520,18,MTC,1.6384,16000,0.00,0,87.20,37.87
1520,19,MTC,1.5360,16000,0.00,0,88.00,37.87
1520,20,MTC,1.5360,16000,0.00,0,88.00,37.87
1520,1,eMBB,1.2224,24448,0.00,0,93.75,27.49
1520,2,eMBB,2.4448,24448,0.00,0,87.50,27.49
1520,3,eMBB,1.2224,24448,0.00,0,93.75,27.49
1520,4,eMBB,1.2224,24448,0.00,0,93.75,27.49
1520,5,eMBB,2.4448,24448,0.00,0,87.50,27.49
1520,6,URLLC,0.3120,390,0.00,0,0.00,34.64
1520,7,URLLC,0.3120,390,0.00,0,0.00,34.64
1520,8,URLLC,0.3120,390,0.00,0,0.00,34.64
1520,9,URLLC,0.3120,390,0.00,0,0.00,34.64
1520,10,URLLC,0.3120,390,0.00,0,0.00,34.64
1530,11,MTC,1.7408,16000,0.00,0,86.40,38.51
1530,12,MTC,1.8432,16000,0.00,0,85.60,38.51
1530,13,MTC,1.8432,16000,0.00,0,85.60,38.51
1530,14,MTC,1.7408,16000,0.00,0,86.40,38.51
1530,15,MTC,1.7408,16000,0.00,0,86.40,38.51
1530,16,MTC,1.8432,16000,0.00,0,85.60,38.51
1530,17,MTC,1.8432,16000,0.00,0,85.60,38.51
1530,18,MTC,1.7408,16000,0.00,0,86.40,38.51
1530,19,MTC,1.7408,16000,0.00,0,86.40,38.51
1530,20,MTC,1.8432,16000,0.00,0,85.60,38.51
1530,1,eMBB,2.4448,25976,0.00,0,88.24,22.94
1530,2,eMBB,2.4448,25976,0.00,0,88.24,22.94
1530,3,eMBB,2.4448,25976,0.00,0,88.24,22.94
1530,4,eMBB,2.4448,25976,0.00,0,88.24,22.94
1530,5,eMBB,2.4448,25976,0.00,0,88.24,22.94
1530,6,URLLC,0.3120,390,0.00,0,0.00,38.55
1530,7,URLLC,0.3120,390,0.00,0,0.00,38.55
1530,8,URLLC,0.3120,390,0.00,0,0.00,38.55
1530,9,URLLC,0.3120,390,0.00,0,0.00,38.55
1530,10,URLLC,0.3120,390,0.00,0,0.00,38.55
1540,11,MTC,1.4336,16000,0.00,0,88.80,24.48
1540,12,MTC,1.3312,16000,0.00,0,89.60,24.48
1540,13,MTC,1.3312,16000,0.00,0,89.60,24.48
1540,14,MTC,1.3312,16000,0.00,0,89.60,24.48
1540,15,MTC,1.3312,16000,0.00,0,89.60,24.48
1540,16,MTC,1.3312,16000,0.00,0,89.60,24.48
1540,17,MTC,1.0240,16000,0.00,0,92.00,24.48
1540,18,MTC,1.4336,16000,0.00,0,88.80,24.48
1540,19,MTC,1.3312,16000,0.00,0,89.60,24.48
1540,20,MTC,1.3312,16000,0.00,0,89.60,24.48
1540,1,eMBB,3.6672,25976,0.00,0,82.35,42.95
1540,2,eMBB,3.6672,25976,0.00,0,82.35,42.95
1540,3,eMBB,3.6672,25976,0.00,0,82.35,42.95
1540,4,eMBB,3.6672,25976,0.00,0,82.35,42.95
1540,5,eMBB,3.6672,25976,0.00,0,82.35,42.95
1540,6,URLLC,0.3120,390,0.00,0,0.00,32.58
1540,7,URLLC,0.3120,390,0.00,0,0.00,32.58
1540,8,URLLC,0.3120,390,0.00,0,0.00,32.58
1540,9,URLLC,0.3120,390,0.00,0,0.00,32.58
1540,10,URLLC,0.3120,390,0.00,0,0.00,32.58
1550,11,MTC,1.1264,16000,0.00,0,91.20,30.93
1550,12,MTC,1.1264,16000,0.00,0,91.20,30.93
1550,13,MTC,1.1264,16000,0.00,0,91.20,30.93
1550,14,MTC,1.1264,16000,0.00,0,91.20,30.93
1550,15,MTC,1.1264,16000,0.00,0,91.20,30.93
1550,16,MTC,1.1264,16000,0.00,0,91.20,30.93
1550,17,MTC,1.5360,16000,0.00,0,88.00,30.93
1550,18,MTC,1.1264,16000,0.00,0,91.20,30.93
1550,19,MTC,1.2288,16000,0.00,0,90.40,30.93
1550,20,MTC,1.1264,16000,0.00,0,91.20,30.93
1550,1,eMBB,2.4448,24448,0.00,0,87.50,38.26
1550,2,eMBB,2.4448,24448,0.00,0,87.50,38.26
1550,3,eMBB,2.4448,24448,0.00,0,87.50,38.26
1550,4,eMBB,2.4448,24448,0.00,0,87.50,38.26
1550,5,eMBB,2.4448,24448,0.00,0,87.50,38.26
1550,6,URLLC,0.3120,390,0.00,0,0.00,30.82
1550,7,URLLC,0.3120,390,0.00,0,0.00,30.82
1550,8,URLLC,0.3120,390,0.00,0,0.00,30.82
1550,9,URLLC,0.3120,390,0.00,0,0.00,30.82
1550,10,URLLC,0.3120,390,0.00,0,0.00,30.82
1560,11,MTC,1.7408,16000,0.00,0,86.40,42.98
1560,12,MTC,1.7408,16000,0.00,0,86.40,42.98
1560,13,MTC,1.8432,16000,0.00,0,85.60,42.98
1560,14,MTC,1.8432,16000,0.00,0,85.60,42.98
1560,15,MTC,1.7408,16000,0.00,0,86.40,42.98
1560,16,MTC,1.8432,16000,0.00,0,85.60,42.98
1560,17,MTC,1.7408,16000,0.00,0,86.40,42.98
1560,18,MTC,1.7408,16000,0.00,0,86.40,42.98
1560,19,MTC,1.7408,16000,0.00,0,86.40,42.98
1560,20,MTC,1.8432,16000,0.00,0,85.60,42.98
1560,1,eMBB,3.6672,25976,0.00,0,82.35,22.73
1560,2,eMBB,2.4448,25976,0.00,0,88.24,22.73
1560,3,eMBB,3.6672,25976,0.00,0,82.35,22.73
1560,4,eMBB,3.6672,25976,0.00,0,82.35,22.73
1560,5,eMBB,2.4448,25976,0.00,0,88.24,22.73
1560,6,URLLC,0.3120,390,0.00,0,0.00,34.29
1560,7,URLLC,0.3120,390,0.00,0,0.00,34.29
1560,8,URLLC,0.3120,390,0.00,0,0.00,34.29
1560,9,URLLC,0.3120,390,0.00,0,0.00,34.29
1560,10,URLLC,0.3120,390,0.00,0,0.00,34.29
1570,11,MTC,1.9456,16000,0.00,0,84.80,44.92
1570,12,MTC,1.9456,16000,0.00,0,84.80,44.92
1570,13,MTC,1.9456,16000,0.00,0,84.80,44.92
1570,14,MTC,1.9456,16000,0.00,0,84.80,44.92
1570,15,MTC,2.0480,16000,0.00,0,84.00,44.92
1570,16,MTC,1.8432,16000,0.00,0,85.60,44.92
1570,17,MTC,1.9456,16000,0.00,0,84.80,44.92
1570,18,MTC,1.9456,16000,0.00,0,84.80,44.92
1570,19,MTC,1.9456,16000,0.00,0,84.80,44.92
1570,20,MTC,1.9456,16000,0.00,0,84.80,44.92
1570,1,eMBB,1.2224,25976,0.00,0,94.12,28.90
1570,2,eMBB,2.4448,25976,0.00,0,88.24,28.90
1570,3,eMBB,1.2224,25976,0.00,0,94.12,28.90
1570,4,eMBB,1.2224,25976,0.00,0,94.12,28.90
1570,5,eMBB,2.4448,25976,0.00,0,88.24,28.90
1570,6,URLLC,0.3120,390,0.00,0,0.00,26.19
1570,7,URLLC,0.3120,390,0.00,0,0.00,26.19
1570,8,URLLC,0.3120,390,0.00,0,0.00,26.19
1570,9,URLLC,0.3120,390,0.00,0,0.00,26.19
1570,10,URLLC,0.3120,390,0.00,0,0.00,26.19
1580,11,MTC,1.3312,16000,0.00,0,89.60,27.25
1580,12,MTC,1.3312,16000,0.00,0,89.60,27.25
1580,13,MTC,1.3312,16000,0.00,0,89.60,27.25
1580,14,MTC,1.3312,16000,0.00,0,89.60,27.25
1580,15,MTC,1.3312,16000,0.00,0,89.60,27.25
1580,16,MTC,1.4336,16000,0.00,0,88.80,27.25
1580,17,MTC,1.3312,16000,0.00,0,89.60,27.25
1580,18,MTC,1.3312,16000,0.00,0,89.60,27.25
1580,19,MTC,1.3312,16000,0.00,0,89.60,27.25
1580,20,MTC,1.3312,16000,0.00,0,89.60,27.25
1580,1,eMBB,3.6672,24448,0.00,0,81.25,38.92
1580,2,eMBB,2.4448,24448,0.00,0,87.50,38.92
1580,3,eMBB,3.6672,24448,0.00,0,81.25,38.92
1580,4,eMBB,3.6672,24448,0.00,0,81.25,38.92
1580,5,eMBB,2.4448,24448,0.00,0,87.50,38.92
1580,6,URLLC,0.3120,390,0.00,0,0.00,33.84
1580,7,URLLC,0.3120,390,0.00,0,0.00,33.84
1580,8,URLLC,0.3120,390,0.00,0,0.00,33.84
1580,9,URLLC,0.3120,390,0.00,0,0.00,33.84
1580,10,URLLC,0.3120,390,0.00,0,0.00,33.84
1590,11,MTC,1.2288,16000,0.00,0,90.40,27.73
1590,12,MTC,1.3312,16000,0.00,0,89.60,27.73
1590,13,MTC,1.2288,16000,0.00,0,90.40,27.73
1590,14,MTC,1.2288,16000,0.00,0,90.40,27.73
1590,15,MTC,1.2288,16000,0.00,0,90.40,27.73
1590,16,MTC,1.2288,16000,0.00,0,90.40,27.73
1590,17,MTC,0.9216,16000,0.00,0,92.80,27.73
1590,18,MTC,1.3312,16000,0.00,0,89.60,27.73
1590,19,MTC,1.2288,16000,0.00,0,90.40,27.73
1590,20,MTC,1.2288,16000,0.00,0,90.40,27.73
1590,1,eMBB,2.4448,25976,0.00,0,88.24,38.49
1590,2,eMBB,3.6672,25976,0.00,0,82.35,38.49
1590,3,eMBB,3.6672,25976,0.00,0,82.35,38.49
1590,4,eMBB,3.6672,25976,0.00,0,82.35,38.49
1590,5,eMBB,3.6672,25976,0.00,0,82.35,38.49
1590,6,URLLC,0.3120,390,0.00,0,0.00,33.78
1590,7,URLLC,0.3120,390,0.00,0,0.00,33.78
1590,8,URLLC,0.3120,390,0.00,0,0.00,33.78
1590,9,URLLC,0.3120,390,0.00,0,0.00,33.78
1590,10,URLLC,0.3120,390,0.00,0,0.00,33.78
1600,11,MTC,0.8192,16000,0.00,0,93.60,22.24
1600,12,MTC,0.8192,16000,0.00,0,93.60,22.24
1600,13,MTC,0.8192,16000,0.00,0,93.60,22.24
1600,14,MTC,0.8192,16000,0.00,0,93.60,22.24
1600,15,MTC,0.8192,16000,0.00,0,93.60,22.24
1600,16,MTC,0.7168,16000,0.00,0,94.40,22.24
1600,17,MTC,1.1264,16000,0.00,0,91.20,22.24
1600,18,MTC,0.7168,16000,0.00,0,94.40,22.24
1600,19,MTC,0.9216,16000,0.00,0,92.80,22.24
1600,20,MTC,0.7168,16000,0.00,0,94.40,22.24
1600,1,eMBB,3.6672,25976,0.00,0,82.35,52.51
1600,2,eMBB,3.6672,25976,0.00,0,82.35,52.51
1600,3,eMBB,2.4448,25976,0.00,0,88.24,52.51
1600,4,eMBB,2.4448,25976,0.00,0,88.24,52.51
1600,5,eMBB,3.6672,25976,0.00,0,82.35,52.51
1600,6,URLLC,0.3120,390,0.00,0,0.00,25.25
1600,7,URLLC,0.3120,390,0.00,0,0.00,25.25
1600,8,URLLC,0.3120,390,0.00,0,0.00,25.25
1600,9,URLLC,0.3120,390,0.00,0,0.00,25.25
1600,10,URLLC,0.3120,390,0.00,0,0.00,25.25
1610,11,MTC,1.0240,16000,0.00,0,92.00,21.16
1610,12,MTC,0.9216,16000,0.00,0,92.80,21.16
1610,13,MTC,1.0240,16000,0.00,0,92.00,21.16
1610,14,MTC,0.9216,16000,0.00,0,92.80,21.16
1610,15,MTC,0.9216,16000,0.00,0,92.80,21.16
1610,16,MTC,1.0240,16000,0.00,0,92.00,21.16
1610,17,MTC,0.9216,16000,0.00,0,92.80,21.16
1610,18,MTC,1.0240,16000,0.00,0,92.00,21.16
1610,19,MTC,0.9216,16000,0.00,0,92.80,21.16
1610,20,MTC,1.0240,16000,0.00,0,92.00,21.16
1610,1,eMBB,3.6672,24448,0.00,0,81.25,40.49
1610,2,eMBB,3.6672,24448,0.00,0,81.25,40.49
1610,3,eMBB,4.8896,24448,0.00,0,75.00,40.49
1610,4,eMBB,3.6672,24448,0.00,0,81.25,40.49
1610,5,eMBB,3.6672,24448,0.00,0,81.25,40.49
1610,6,URLLC,0.3120,390,0.00,0,0.00,38.35
1610,7,URLLC,0.3120,390,0.00,0,0.00,38.35
1610,8,URLLC,0.3120,390,0.00,0,0.00,38.35
1610,9,URLLC,0.3120,390,0.00,0,0.00,38.35
1610,10,URLLC,0.3120,390,0.00,0,0.00,38.35
1620,11,MTC,1.0240,16000,0.00,0,92.00,23.62
1620,12,MTC,1.0240,16000,0.00,0,92.00,23.62
1620,13,MTC,1.0240,16000,0.00,0,92.00,23.62
1620,14,MTC,1.0240,16000,0.00,0,92.00,23.62
1620,15,MTC,1.0240,16000,0.00,0,92.00,23.62
1620,16,MTC,1.1264,16000,0.00,0,91.20,23.62
1620,17,MTC,1.1264,16000,0.00,0,91.20,23.62
1620,18,MTC,1.0240,16000,0.00,0,92.00,23.62
1620,19,MTC,1.0240,16000,0.00,0,92.00,23.62
1620,20,MTC,1.1264,16000,0.00,0,91.20,23.62
1620,1,eMBB,4.8896,25976,0.00,0,76.47,41.70
1620,2,eMBB,3.6672,25976,0.00,0,82.35,41.70
1620,3,eMBB,3.6672,25976,0.00,0,82.35,41.70
1620,4,eMBB,4.8896,25976,0.00,0,76.47,41.70
1620,5,eMBB,3.6672,25976,0.00,0,82.35,41.70
1620,6,URLLC,0.3120,390,0.00,0,0.00,34.68
1620,7,URLLC,0.3120,390,0.00,0,0.00,34.68
1620,8,URLLC,0.3120,390,0.00,0,0.00,34.68
1620,9,URLLC,0.3120,390,0.00,0,0.00,34.68
1620,10,URLLC,0.3120,390,0.00,0,0.00,34.68
1630,11,MTC,1.1264,16000,0.00,0,91.20,21.97
1630,12,MTC,1.1264,16000,0.00,0,91.20,21.97
1630,13,MTC,1.1264,16000,0.00,0,91.20,21.97
1630,14,MTC,1.2288,16000,0.00,0,90.40,21.97
1630,15,MTC,1.1264,16000,0.00,0,91.20,21.97
1630,16,MTC,1.0240,16000,0.00,0,92.00,21.97
1630,17,MTC,1.1264,16000,0.00,0,91.20,21.97
1630,18,MTC,1.1264,16000,0.00,0,91.20,21.97
1630,19,MTC,1.1264,16000,0.00,0,91.20,21.97
1630,20,MTC,1.1264,16000,0.00,0,91.20,21.97
1630,1,eMBB,2.4448,25976,0.00,0,88.24,31.33
1630,2,eMBB,3.6672,25976,0.00,0,82.35,31.33
1630,3,eMBB,2.4448,25976,0.00,0,88.24,31.33
1630,4,eMBB,2.4448,25976,0.00,0,88.24,31.33
1630,5,eMBB,3.6672,25976,0.00,0,82.35,31.33
1630,6,URLLC,0.3120,390,0.00,0,0.00,46.70
1630,7,URLLC,0.3120,390,0.00,0,0.00,46.70
1630,8,URLLC,0.3120,390,0.00,0,0.00,46.70
1630,9,URLLC,0.3120,390,0.00,0,0.00,46.70
1630,10,URLLC,0.3120,390,0.00,0,0.00,46.70
1640,11,MTC,1.3312,16000,0.00,0,89.60,25.43
1640,12,MTC,1.3312,16000,0.00,0,89.60,25.43
1640,13,MTC,1.2288,16000,0.00,0,90.40,25.43
1640,14,MTC,1.2288,16000,0.00,0,90.40,25.43
1640,15,MTC,1.3312,16000,0.00,0,89.60,25.43
1640,16,MTC,1.3312,16000,0.00,0,89.60,25.43
1640,17,MTC,1.2288,16000,0.00,0,90.40,25.43
1640,18,MTC,1.2288,16000,0.00,0,90.40,25.43
1640,19,MTC,1.2288,16000,0.00,0,90.40,25.43
1640,20,MTC,1.2288,16000,0.00,0,90.40,25.43
1640,1,eMBB,3.6672,24448,0.00,0,81.25,29.99
1640,2,eMBB,3.6672,24448,0.00,0,81.25,29.99
1640,3,eMBB,3.6672,24448,0.00,0,81.25,29.99
1640,4,eMBB,3.6672,24448,0.00,0,81.25,29.99
1640,5,eMBB,3.6672,24448,0.00,0,81.25,29.99
1640,6,URLLC,0.3120,390,0.00,0,0.00,44.58
1640,7,URLLC,0.3120,390,0.00,0,0.00,44.58
1640,8,URLLC,0.3120,390,0.00,0,0.00,44.58
1640,9,URLLC,0.3120,390,0.00,0,0.00,44.58
1640,10,URLLC,0.3120,390,0.00,0,0.00,44.58
1650,11,MTC,1.2288,16000,0.00,0,90.40,25.74
1650,12,MTC,1.2288,16000,0.00,0,90.40,25.74
1650,13,MTC,1.3312,16000,0.00,0,89.60,25.74
1650,14,MTC,1.3312,16000,0.00,0,89.60,25.74
1650,15,MTC,1.3312,16000,0.00,0,89.60,25.74
1650,16,MTC,1.2288,16000,0.00,0,90.40,25.74
1650,17,MTC,0.8192,16000,0.00,0,93.60,25.74
1650,18,MTC,1.3312,16000,0.00,0,89.60,25.74
1650,19,MTC,1.3312,16000,0.00,0,89.60,25.74
1650,20,MTC,1.2288,16000,0.00,0,90.40,25.74
1650,1,eMBB,3.6672,25976,0.00,0,82.35,35.61
1650,2,eMBB,2.4448,25976,0.00,0,88.24,35.61
1650,3,eMBB,3.6672,25976,0.00,0,82.35,35.61
1650,4,eMBB,3.6672,25976,0.00,0,82.35,35.61
1650,5,eMBB,2.4448,25976,0.00,0,88.24,35.61
1650,6,URLLC,0.3120,390,0.00,0,0.00,38.65
1650,7,URLLC,0.3120,390,0.00,0,0.00,38.65
1650,8,URLLC,0.3120,390,0.00,0,0.00,38.65
1650,9,URLLC,0.3120,390,0.00,0,0.00,38.65
1650,10,URLLC,0.3120,390,0.00,0,0.00,38.65
1660,11,MTC,1.1264,16000,0.00,0,91.20,29.78
1660,12,MTC,1.1264,16000,0.00,0,91.20,29.78
1660,13,MTC,1.1264,16000,0.00,0,91.20,29.78
1660,14,MTC,1.1264,16000,0.00,0,91.20,29.78
1660,15,MTC,1.1264,16000,0.00,0,91.20,29.78
1660,16,MTC,1.2288,16000,0.00,0,90.40,29.78
1660,17,MTC,1.6384,16000,0.00,0,87.20,29.78
1660,18,MTC,1.1264,16000,0.00,0,91.20,29.78
1660,19,MTC,1.1264,16000,0.00,0,91.20,29.78
1660,20,MTC,1.2288,16000,0.00,0,90.40,29.78
1660,1,eMBB,2.4448,25976,0.00,0,88.24,41.38
1660,2,eMBB,3.6672,25976,0.00,0,82.35,41.38
1660,3,eMBB,2.4448,25976,0.00,0,88.24,41.38
1660,4,eMBB,2.4448,25976,0.00,0,88.24,41.38
1660,5,eMBB,3.6672,25976,0.00,0,82.35,41.38
1660,6,URLLC,0.3120,390,0.00,0,0.00,28.84
1660,7,URLLC,0.3120,390,0.00,0,0.00,28.84
1660,8,URLLC,0.3120,390,0.00,0,0.00,28.84
1660,9,URLLC,0.3120,390,0.00,0,0.00,28.84
1660,10,URLLC,0.3120,390,0.00,0,0.00,28.84
1670,11,MTC,1.4336,16000,0.00,0,88.80,42.17
1670,12,MTC,1.5360,16000,0.00,0,88.00,42.17
1670,13,MTC,1.4336,16000,0.00,0,88.80,42.17
1670,14,MTC,1.4336,16000,0.00,0,88.80,42.17
1670,15,MTC,1.4336,16000,0.00,0,88.80,42.17
1670,16,MTC,1.3312,16000,0.00,0,89.60,42.17
1670,17,MTC,0.7168,16000,0.00,0,94.40,42.17
1670,18,MTC,1.5360,16000,0.00,0,88.00,42.17
1670,19,MTC,1.4336,16000,0.00,0,88.80,42.17
1670,20,MTC,1.3312,16000,0.00,0,89.60,42.17
1670,1,eMBB,2.4448,24448,0.00,0,87.50,28.90
1670,2,eMBB,2.4448,24448,0.00,0,87.50,28.90
1670,3,eMBB,2.4448,24448,0.00,0,87.50,28.90
1670,4,eMBB,2.4448,24448,0.00,0,87.50,28.90
1670,5,eMBB,2.4448,24448,0.00,0,87.50,28.90
1670,6,URLLC,0.3120,390,0.00,0,0.00,28.92
1670,7,URLLC,0.3120,390,0.00,0,0.00,28.92
1670,8,URLLC,0.3120,390,0.00,0,0.00,28.92
1670,9,URLLC,0.3120,390,0.00,0,0.00,28.92
1670,10,URLLC,0.3120,390,0.00,0,0.00,28.92
1680,11,MTC,1.1264,16000,0.00,0,91.20,26.97
1680,12,MTC,1.1264,16000,0.00,0,91.20,26.97
1680,13,MTC,1.1264,16000,0.00,0,91.20,26.97
1680,14,MTC,1.0240,16000,0.00,0,92.00,26.97
1680,15,MTC,1.0240,16000,0.00,0,92.00,26.97
1680,16,MTC,1.1264,16000,0.00,0,91.20,26.97
1680,17,MTC,1.8432,16000,0.00,0,85.60,26.97
1680,18,MTC,1.0240,16000,0.00,0,92.00,26.97
1680,19,MTC,1.1264,16000,0.00,0,91.20,26.97
1680,20,MTC,1.1264,16000,0.00,0,91.20,26.97
1680,1,eMBB,2.4448,25976,0.00,0,88.24,36.86
1680,2,eMBB,2.4448,25976,0.00,0,88.24,36.86
1680,3,eMBB,2.4448,25976,0.00,0,88.24,36.86
1680,4,eMBB,2.4448,25976,0.00,0,88.24,36.86
1680,5,eMBB,2.4448,25976,0.00,0,88.24,36.86
1680,6,URLLC,0.3120,390,0.00,0,0.00,36.17
1680,7,URLLC,0.3120,390,0.00,0,0.00,36.17
1680,8,URLLC,0.3120,390,0.00,0,0.00,36.17
1680,9,URLLC,0.3120,390,0.00,0,0.00,36.17
1680,10,URLLC,0.3120,390,0.00,0,0.00,36.17
1690,11,MTC,0.9216,16000,0.00,0,92.80,21.00
1690,12,MTC,0.9216,16000,0.00,0,92.80,21.00
1690,13,MTC,0.9216,16000,0.00,0,92.80,21.00
1690,14,MTC,1.0240,16000,0.00,0,92.00,21.00
1690,15,MTC,1.0240,16000,0.00,0,92.00,21.00
1690,16,MTC,0.9216,16000,0.00,0,92.80,21.00
1690,17,MTC,0.9216,16000,0.00,0,92.80,21.00
1690,18,MTC,0.9216,16000,0.00,0,92.80,21.00
1690,19,MTC,0.9216,16000,0.00,0,92.80,21.00
1690,20,MTC,0.9216,16000,0.00,0,92.80,21.00
1690,1,eMBB,3.6672,25976,0.00,0,82.35,38.25
1690,2,eMBB,3.6672,25976,0.00,0,82.35,38.25
1690,3,eMBB,3.6672,25976,0.00,0,82.35,38.25
1690,4,eMBB,3.6672,25976,0.00,0,82.35,38.25
1690,5,eMBB,3.6672,25976,0.00,0,82.35,38.25
1690,6,URLLC,0.3120,390,0.00,0,0.00,40.75
1690,7,URLLC,0.3120,390,0.00,0,0.00,40.75
1690,8,URLLC,0.3120,390,0.00,0,0.00,40.75
1690,9,URLLC,0.3120,390,0.00,0,0.00,40.75
1690,10,URLLC,0.3120,390,0.00,0,0.00,40.75
1700,11,MTC,1.0240,16000,0.00,0,92.00,27.28
1700,12,MTC,1.0240,16000,0.00,0,92.00,27.28
1700,13,MTC,1.0240,16000,0.00,0,92.00,27.28
1700,14,MTC,0.9216,16000,0.00,0,92.80,27.28
1700,15,MTC,0.9216,16000,0.00,0,92.80,27.28
1700,16,MTC,1.0240,16000,0.00,0,92.00,27.28
1700,17,MTC,0.7168,16000,0.00,0,94.40,27.28
1700,18,MTC,1.0240,16000,0.00,0,92.00,27.28
1700,19,MTC,1.1264,16000,0.00,0,91.20,27.28
1700,20,MTC,1.0240,16000,0.00,0,92.00,27.28
1700,1,eMBB,2.4448,24448,0.00,0,87.50,37.99
1700,2,eMBB,2.4448,24448,0.00,0,87.50,37.99
1700,3,eMBB,2.4448,24448,0.00,0,87.50,37.99
1700,4,eMBB,2.4448,24448,0.00,0,87.50,37.99
1700,5,eMBB,2.4448,24448,0.00,0,87.50,37.99
1700,6,URLLC,0.3120,390,0.00,0,0.00,34.73
1700,7,URLLC,0.3120,390,0.00,0,0.00,34.73
1700,8,URLLC,0.3120,390,0.00,0,0.00,34.73
1700,9,URLLC,0.3120,390,0.00,0,0.00,34.73
1700,10,URLLC,0.3120,390,0.00,0,0.00,34.73
1710,11,MTC,0.9216,16000,0.00,0,92.80,31.60
1710,12,MTC,0.9216,16000,0.00,0,92.80,31.60
1710,13,MTC,0.9216,16000,0.00,0,92.80,31.60
1710,14,MTC,1.0240,16000,0.00,0,92.00,31.60
1710,15,MTC,1.0240,16000,0.00,0,92.00,31.60
1710,16,MTC,0.9216,16000,0.00,0,92.80,31.60
1710,17,MTC,1.3312,16000,0.00,0,89.60,31.60
1710,18,MTC,0.9216,16000,0.00,0,92.80,31.60
1710,19,MTC,0.9216,16000,0.00,0,92.80,31.60
1710,20,MTC,1.0240,16000,0.00,0,92.00,31.60
1710,1,eMBB,2.4448,25976,0.00,0,88.24,31.74
1710,2,eMBB,2.4448,25976,0.00,0,88.24,31.74
1710,3,eMBB,2.4448,25976,0.00,0,88.24,31.74
1710,4,eMBB,2.4448,25976,0.00,0,88.24,31.74
1710,5,eMBB,2.4448,25976,0.00,0,88.24,31.74
1710,6,URLLC,0.2496,390,0.00,0,20.00,36.66
1710,7,URLLC,0.2496,390,0.00,0,20.00,36.66
1710,8,URLLC,0.2496,390,0.00,0,20.00,36.66
1710,9,URLLC,0.2496,390,0.00,0,20.00,36.66
1710,10,URLLC,0.2496,390,0.00,0,20.00,36.66
1720,11,MTC,1.5360,16000,0.00,0,88.00,32.50
1720,12,MTC,1.5360,16000,0.00,0,88.00,32.50
1720,13,MTC,1.6384,16000,0.00,0,87.20,32.50
1720,14,MTC,1.5360,16000,0.00,0,88.00,32.50
1720,15,MTC,1.4336,16000,0.00,0,88.80,32.50
1720,16,MTC,1.5360,16000,0.00,0,88.00,32.50
1720,17,MTC,1.4336,16000,0.00,0,88.80,32.50
1720,18,MTC,1.6384,16000,0.00,0,87.20,32.50
1720,19,MTC,1.4336,16000,0.00,0,88.80,32.50
1720,20,MTC,1.4336,16000,0.00,0,88.80,32.50
1720,1,eMBB,2.4448,25976,0.00,0,88.24,29.91
1720,2,eMBB,2.4448,25976,0.00,0,88.24,29.91
1720,3,eMBB,2.4448,25976,0.00,0,88.24,29.91
1720,4,eMBB,2.4448,25976,0.00,0,88.24,29.91
1720,5,eMBB,2.4448,25976,0.00,0,88.24,29.91
1720,6,URLLC,0.3744,390,0.00,0,0.00,37.59
1720,7,URLLC,0.3744,390,0.00,0,0.00,37.59
1720,8,URLLC,0.3744,390,0.00,0,0.00,37.59
1720,9,URLLC,0.3744,390,0.00,0,0.00,37.59
1720,10,URLLC,0.3744,390,0.00,0,0.00,37.59
1730,11,MTC,1.7408,16000,0.00,0,86.40,40.15
1730,12,MTC,1.7408,16000,0.00,0,86.40,40.15
1730,13,MTC,1.6384,16000,0.00,0,87.20,40.15
1730,14,MTC,1.7408,16000,0.00,0,86.40,40.15
1730,15,MTC,1.8432,16000,0.00,0,85.60,40.15
1730,16,MTC,1.8432,16000,0.00,0,85.60,40.15
1730,17,MTC,1.7408,16000,0.00,0,86.40,40.15
1730,18,MTC,1.7408,16000,0.00,0,86.40,40.15
1730,19,MTC,1.8432,16000,0.00,0,85.60,40.15
1730,20,MTC,1.8432,16000,0.00,0,85.60,40.15
1730,1,eMBB,2.4448,24448,0.00,0,87.50,23.19
1730,2,eMBB,2.4448,24448,0.00,0,87.50,23.19
1730,3,eMBB,2.4448,24448,0.00,0,87.50,23.19
1730,4,eMBB,2.4448,24448,0.00,0,87.50,23.19
1730,5,eMBB,2.4448,24448,0.00,0,87.50,23.19
1730,6,URLLC,0.3120,390,0.00,0,0.00,36.66
1730,7,URLLC,0.3120,390,0.00,0,0.00,36.66
1730,8,URLLC,0.3120,390,0.00,0,0.00,36.66
1730,9,URLLC,0.3120,390,0.00,0,0.00,36.66
1730,10,URLLC,0.3120,390,0.00,0,0.00,36.66
1740,11,MTC,1.6384,16000,0.00,0,87.20,26.21
1740,12,MTC,1.6384,16000,0.00,0,87.20,26.21
1740,13,MTC,1.6384,16000,0.00,0,87.20,26.21
1740,14,MTC,1.5360,16000,0.00,0,88.00,26.21
1740,15,MTC,1.5360,16000,0.00,0,88.00,26.21
1740,16,MTC,1.5360,16000,0.00,0,88.00,26.21
1740,17,MTC,1.6384,16000,0.00,0,87.20,26.21
1740,18,MTC,1.5360,16000,0.00,0,88.00,26.21
1740,19,MTC,1.5360,16000,0.00,0,88.00,26.21
1740,20,MTC,1.5360,16000,0.00,0,88.00,26.21
1740,1,eMBB,2.4448,25976,0.00,0,88.24,21.71
1740,2,eMBB,2.4448,25976,0.00,0,88.24,21.71
1740,3,eMBB,2.4448,25976,0.00,0,88.24,21.71
1740,4,eMBB,2.4448,25976,0.00,0,88.24,21.71
1740,5,eMBB,2.4448,25976,0.00,0,88.24,21.71
1740,6,URLLC,0.3120,390,0.00,0,0.00,52.08
1740,7,URLLC,0.3120,390,0.00,0,0.00,52.08
1740,8,URLLC,0.3120,390,0.00,0,0.00,52.08
1740,9,URLLC,0.3120,390,0.00,0,0.00,52.08
1740,10,URLLC,0.3120,390,0.00,0,0.00,52.08
1750,11,MTC,1.4336,16000,0.00,0,88.80,28.48
1750,12,MTC,1.3312,16000,0.00,0,89.60,28.48
1750,13,MTC,1.4336,16000,0.00,0,88.80,28.48
1750,14,MTC,1.4336,16000,0.00,0,88.80,28.48
1750,15,MTC,1.4336,16000,0.00,0,88.80,28.48
1750,16,MTC,1.4336,16000,0.00,0,88.80,28.48
1750,17,MTC,1.4336,16000,0.00,0,88.80,28.48
1750,18,MTC,1.4336,16000,0.00,0,88.80,28.48
1750,19,MTC,1.4336,16000,0.00,0,88.80,28.48
1750,20,MTC,1.4336,16000,0.00,0,88.80,28.48
1750,1,eMBB,2.4448,25976,0.00,0,88.24,30.97
1750,2,eMBB,2.4448,25976,0.00,0,88.24,30.97
1750,3,eMBB,2.4448,25976,0.00,0,88.24,30.97
1750,4,eMBB,2.4448,25976,0.00,0,88.24,30.97
1750,5,eMBB,2.4448,25976,0.00,0,88.24,30.97
1750,6,URLLC,0.3120,390,0.00,0,0.00,40.55
1750,7,URLLC,0.3120,390,0.00,0,0.00,40.55
1750,8,URLLC,0.3120,390,0.00,0,0.00,40.55
1750,9,URLLC,0.3120,390,0.00,0,0.00,40.55
1750,10,URLLC,0.3120,390,0.00,0,0.00,40.55
1760,11,MTC,1.3312,16000,0.00,0,89.60,26.60
1760,12,MTC,1.4336,16000,0.00,0,88.80,26.60
1760,13,MTC,1.4336,16000,0.00,0,88.80,26.60
1760,14,MTC,1.3312,16000,0.00,0,89.60,26.60
1760,15,MTC,1.3312,16000,0.00,0,89.60,26.60
1760,16,MTC,1.3312,16000,0.00,0,89.60,26.60
1760,17,MTC,1.3312,16000,0.00,0,89.60,26.60
1760,18,MTC,1.4336,16000,0.00,0,88.80,26.60
1760,19,MTC,1.3312,16000,0.00,0,89.60,26.60
1760,20,MTC,1.3312,16000,0.00,0,89.60,26.60
1760,1,eMBB,3.6672,24448,0.00,0,81.25,31.27
1760,2,eMBB,3.6672,24448,0.00,0,81.25,31.27
1760,3,eMBB,3.6672,24448,0.00,0,81.25,31.27
1760,4,eMBB,3.6672,24448,0.00,0,81.25,31.27
1760,5,eMBB,3.6672,24448,0.00,0,81.25,31.27
1760,6,URLLC,0.3120,390,0.00,0,0.00,42.13
1760,7,URLLC,0.3120,390,0.00,0,0.00,42.13
1760,8,URLLC,0.3120,390,0.00,0,0.00,42.13
1760,9,URLLC,0.3120,390,0.00,0,0.00,42.13
1760,10,URLLC,0.3120,390,0.00,0,0.00,42.13
1770,11,MTC,1.3312,16000,0.00,0,89.60,29.52
1770,12,MTC,1.4336,16000,0.00,0,88.80,29.52
1770,13,MTC,1.3312,16000,0.00,0,89.60,29.52
1770,14,MTC,1.4336,16000,0.00,0,88.80,29.52
1770,15,MTC,1.4336,16000,0.00,0,88.80,29.52
1770,16,MTC,1.4336,16000,0.00,0,88.80,29.52
1770,17,MTC,1.4336,16000,0.00,0,88.80,29.52
1770,18,MTC,1.3312,16000,0.00,0,89.60,29.52
1770,19,MTC,1.4336,16000,0.00,0,88.80,29.52
1770,20,MTC,1.4336,16000,0.00,0,88.80,29.52
1770,1,eMBB,2.4448,25976,0.00,0,88.24,26.55
1770,2,eMBB,2.4448,25976,0.00,0,88.24,26.55
1770,3,eMBB,2.4448,25976,0.00,0,88.24,26.55
1770,4,eMBB,2.4448,25976,0.00,0,88.24,26.55
1770,5,eMBB,2.4448,25976,0.00,0,88.24,26.55
1770,6,URLLC,0.3120,390,0.00,0,0.00,43.93
1770,7,URLLC,0.3120,390,0.00,0,0.00,43.93
1770,8,URLLC,0.3120,390,0.00,0,0.00,43.93
1770,9,URLLC,0.3120,390,0.00,0,0.00,43.93
1770,10,URLLC,0.3120,390,0.00,0,0.00,43.93
1780,11,MTC,1.1264,16000,0.00,0,91.20,18.07
1780,12,MTC,1.0240,16000,0.00,0,92.00,18.07
1780,13,MTC,1.1264,16000,0.00,0,91.20,18.07
1780,14,MTC,1.1264,16000,0.00,0,91.20,18.07
1780,15,MTC,1.1264,16000,0.00,0,91.20,18.07
1780,16,MTC,1.1264,16000,0.00,0,91.20,18.07
1780,17,MTC,1.1264,16000,0.00,0,91.20,18.07
1780,18,MTC,1.1264,16000,0.00,0,91.20,18.07
1780,19,MTC,1.1264,16000,0.00,0,91.20,18.07
1780,20,MTC,1.1264,16000,0.00,0,91.20,18.07
1780,1,eMBB,3.6672,25976,0.00,0,82.35,30.96
1780,2,eMBB,3.6672,25976,0.00,0,82.35,30.96
1780,3,eMBB,3.6672,25976,0.00,0,82.35,30.96
1780,4,eMBB,3.6672,25976,0.00,0,82.35,30.96
1780,5,eMBB,3.6672,25976,0.00,0,82.35,30.96
1780,6,URLLC,0.3120,390,0.00,0,0.00,50.97
1780,7,URLLC,0.3120,390,0.00,0,0.00,50.97
1780,8,URLLC,0.3120,390,0.00,0,0.00,50.97
1780,9,URLLC,0.3120,390,0.00,0,0.00,50.97
1780,10,URLLC,0.3120,390,0.00,0,0.00,50.97
1790,11,MTC,1.4336,16000,0.00,0,88.80,34.47
1790,12,MTC,1.5360,16000,0.00,0,88.00,34.47
1790,13,MTC,1.4336,16000,0.00,0,88.80,34.47
1790,14,MTC,1.5360,16000,0.00,0,88.00,34.47
1790,15,MTC,1.5360,16000,0.00,0,88.00,34.47
1790,16,MTC,1.4336,16000,0.00,0,88.80,34.47
1790,17,MTC,1.4336,16000,0.00,0,88.80,34.47
1790,18,MTC,1.4336,16000,0.00,0,88.80,34.47
1790,19,MTC,1.4336,16000,0.00,0,88.80,34.47
1790,20,MTC,1.4336,16000,0.00,0,88.80,34.47
1790,1,eMBB,2.4448,24448,0.00,0,87.50,28.24
1790,2,eMBB,2.4448,24448,0.00,0,87.50,28.24
1790,3,eMBB,2.4448,24448,0.00,0,87.50,28.24
1790,4,eMBB,2.4448,24448,0.00,0,87.50,28.24
1790,5,eMBB,2.4448,24448,0.00,0,87.50,28.24
1790,6,URLLC,0.3120,390,0.00,0,0.00,37.29
1790,7,URLLC,0.3120,390,0.00,0,0.00,37.29
1790,8,URLLC,0.3120,390,0.00,0,0.00,37.29
1790,9,URLLC,0.3120,390,0.00,0,0.00,37.29
1790,10,URLLC,0.3120,390,0.00,0,0.00,37.29
1800,11,MTC,1.9456,16000,0.00,0,84.80,45.33
1800,12,MTC,1.8432,16000,0.00,0,85.60,45.33
1800,13,MTC,1.9456,16000,0.00,0,84.80,45.33
1800,14,MTC,1.8432,16000,0.00,0,85.60,45.33
1800,15,MTC,1.7408,16000,0.00,0,86.40,45.33
1800,16,MTC,1.9456,16000,0.00,0,84.80,45.33
1800,17,MTC,0.9216,16000,0.00,0,92.80,45.33
1800,18,MTC,1.9456,16000,0.00,0,84.80,45.33
1800,19,MTC,1.9456,16000,0.00,0,84.80,45.33
1800,20,MTC,1.9456,16000,0.00,0,84.80,45.33
1800,1,eMBB,2.4448,25976,0.00,0,88.24,29.38
1800,2,eMBB,2.4448,25976,0.00,0,88.24,29.38
1800,3,eMBB,2.4448,25976,0.00,0,88.24,29.38
1800,4,eMBB,2.4448,25976,0.00,0,88.24,29.38
1800,5,eMBB,2.4448,25976,0.00,0,88.24,29.38
1800,6,URLLC,0.3120,390,0.00,0,0.00,25.29
1800,7,URLLC,0.3120,390,0.00,0,0.00,25.29
1800,8,URLLC,0.3120,390,0.00,0,0.00,25.29
1800,9,URLLC,0.3120,390,0.00,0,0.00,25.29
1800,10,URLLC,0.3120,390,0.00,0,0.00,25.29
1810,11,MTC,1.5360,16000,0.00,0,88.00,36.64
1810,12,MTC,1.5360,16000,0.00,0,88.00,36.64
1810,13,MTC,1.5360,16000,0.00,0,88.00,36.64
1810,14,MTC,1.5360,16000,0.00,0,88.00,36.64
1810,15,MTC,1.6384,16000,0.00,0,87.20,36.64
1810,16,MTC,1.5360,16000,0.00,0,88.00,36.64
1810,17,MTC,1.6384,16000,0.00,0,87.20,36.64
1810,18,MTC,1.5360,16000,0.00,0,88.00,36.64
1810,19,MTC,1.5360,16000,0.00,0,88.00,36.64
1810,20,MTC,1.5360,16000,0.00,0,88.00,36.64
1810,1,eMBB,2.4448,25976,0.00,0,88.24,29.51
1810,2,eMBB,2.4448,25976,0.00,0,88.24,29.51
1810,3,eMBB,2.4448,25976,0.00,0,88.24,29.51
1810,4,eMBB,2.4448,25976,0.00,0,88.24,29.51
1810,5,eMBB,2.4448,25976,0.00,0,88.24,29.51
1810,6,URLLC,0.3120,390,0.00,0,0.00,33.85
1810,7,URLLC,0.3120,390,0.00,0,0.00,33.85
1810,8,URLLC,0.3120,390,0.00,0,0.00,33.85
1810,9,URLLC,0.3120,390,0.00,0,0.00,33.85
1810,10,URLLC,0.3120,390,0.00,0,0.00,33.85
1820,11,MTC,1.2288,16000,0.00,0,90.40,27.42
1820,12,MTC,1.3312,16000,0.00,0,89.60,27.42
1820,13,MTC,1.2288,16000,0.00,0,90.40,27.42
1820,14,MTC,1.2288,16000,0.00,0,90.40,27.42
1820,15,MTC,1.2288,16000,0.00,0,90.40,27.42
1820,16,MTC,1.1264,16000,0.00,0,91.20,27.42
1820,17,MTC,2.1504,16000,0.00,0,83.20,27.42
1820,18,MTC,1.2288,16000,0.00,0,90.40,27.42
1820,19,MTC,1.2288,16000,0.00,0,90.40,27.42
1820,20,MTC,1.1264,16000,0.00,0,91.20,27.42
1820,1,eMBB,2.4448,24448,0.00,0,87.50,32.89
1820,2,eMBB,2.4448,24448,0.00,0,87.50,32.89
1820,3,eMBB,2.4448,24448,0.00,0,87.50,32.89
1820,4,eMBB,2.4448,24448,0.00,0,87.50,32.89
1820,5,eMBB,2.4448,24448,0.00,0,87.50,32.89
1820,6,URLLC,0.3120,390,0.00,0,0.00,39.69
1820,7,URLLC,0.3120,390,0.00,0,0.00,39.69
1820,8,URLLC,0.3120,390,0.00,0,0.00,39.69
1820,9,URLLC,0.3120,390,0.00,0,0.00,39.69
1820,10,URLLC,0.3120,390,0.00,0,0.00,39.69
1830,11,MTC,1.6384,16000,0.00,0,87.20,40.30
1830,12,MTC,1.5360,16000,0.00,0,88.00,40.30
1830,13,MTC,1.5360,16000,0.00,0,88.00,40.30
1830,14,MTC,1.6384,16000,0.00,0,87.20,40.30
1830,15,MTC,1.6384,16000,0.00,0,87.20,40.30
1830,16,MTC,1.6384,16000,0.00,0,87.20,40.30
1830,17,MTC,1.0240,16000,0.00,0,92.00,40.30
1830,18,MTC,1.6384,16000,0.00,0,87.20,40.30
1830,19,MTC,1.6384,16000,0.00,0,87.20,40.30
1830,20,MTC,1.7408,16000,0.00,0,86.40,40.30
1830,1,eMBB,3.6672,25976,0.00,0,82.35,33.62
1830,2,eMBB,3.6672,25976,0.00,0,82.35,33.62
1830,3,eMBB,3.6672,25976,0.00,0,82.35,33.62
1830,4,eMBB,3.6672,25976,0.00,0,82.35,33.62
1830,5,eMBB,3.6672,25976,0.00,0,82.35,33.62
1830,6,URLLC,0.3120,390,0.00,0,0.00,26.08
1830,7,URLLC,0.3120,390,0.00,0,0.00,26.08
1830,8,URLLC,0.3120,390,0.00,0,0.00,26.08
1830,9,URLLC,0.3120,390,0.00,0,0.00,26.08
1830,10,URLLC,0.3120,390,0.00,0,0.00,26.08
1840,11,MTC,1.5360,16000,0.00,0,88.00,35.72
1840,12,MTC,1.4336,16000,0.00,0,88.80,35.72
1840,13,MTC,1.5360,16000,0.00,0,88.00,35.72
1840,14,MTC,1.5360,16000,0.00,0,88.00,35.72
1840,15,MTC,1.4336,16000,0.00,0,88.80,35.72
1840,16,MTC,1.5360,16000,0.00,0,88.00,35.72
1840,17,MTC,2.0480,16000,0.00,0,84.00,35.72
1840,18,MTC,1.5360,16000,0.00,0,88.00,35.72
1840,19,MTC,1.4336,16000,0.00,0,88.80,35.72
1840,20,MTC,1.4336,16000,0.00,0,88.80,35.72
1840,1,eMBB,2.4448,25976,0.00,0,88.24,28.92
1840,2,eMBB,1.2224,25976,0.00,0,94.12,28.92
1840,3,eMBB,2.4448,25976,0.00,0,88.24,28.92
1840,4,eMBB,2.4448,25976,0.00,0,88.24,28.92
1840,5,eMBB,1.2224,25976,0.00,0,94.12,28.92
1840,6,URLLC,0.3120,390,0.00,0,0.00,35.35
1840,7,URLLC,0.3120,390,0.00,0,0.00,35.35
1840,8,URLLC,0.3120,390,0.00,0,0.00,35.35
1840,9,URLLC,0.3120,390,0.00,0,0.00,35.35
1840,10,URLLC,0.3120,390,0.00,0,0.00,35.35
1850,11,MTC,1.6384,16000,0.00,0,87.20,36.70
1850,12,MTC,1.7408,16000,0.00,0,86.40,36.70
1850,13,MTC,1.6384,16000,0.00,0,87.20,36.70
1850,14,MTC,1.6384,16000,0.00,0,87.20,36.70
1850,15,MTC,1.7408,16000,0.00,0,86.40,36.70
1850,16,MTC,1.6384,16000,0.00,0,87.20,36.70
1850,17,MTC,1.6384,16000,0.00,0,87.20,36.70
1850,18,MTC,1.6384,16000,0.00,0,87.20,36.70
1850,19,MTC,1.7408,16000,0.00,0,86.40,36.70
1850,20,MTC,1.6384,16000,0.00,0,87.20,36.70
1850,1,eMBB,2.4448,24448,0.00,0,87.50,28.48
1850,2,eMBB,3.6672,24448,0.00,0,81.25,28.48
1850,3,eMBB,2.4448,24448,0.00,0,87.50,28.48
1850,4,eMBB,2.4448,24448,0.00,0,87.50,28.48
1850,5,eMBB,3.6672,24448,0.00,0,81.25,28.48
1850,6,URLLC,0.3120,390,0.00,0,0.00,34.82
1850,7,URLLC,0.3120,390,0.00,0,0.00,34.82
1850,8,URLLC,0.3120,390,0.00,0,0.00,34.82
1850,9,URLLC,0.3120,390,0.00,0,0.00,34.82
1850,10,URLLC,0.3120,390,0.00,0,0.00,34.82
1860,11,MTC,1.1264,16000,0.00,0,91.20,19.72
1860,12,MTC,1.1264,16000,0.00,0,91.20,19.72
1860,13,MTC,1.1264,16000,0.00,0,91.20,19.72
1860,14,MTC,1.1264,16000,0.00,0,91.20,19.72
1860,15,MTC,1.1264,16000,0.00,0,91.20,19.72
1860,16,MTC,1.1264,16000,0.00,0,91.20,19.72
1860,17,MTC,1.1264,16000,0.00,0,91.20,19.72
1860,18,MTC,1.1264,16000,0.00,0,91.20,19.72
1860,19,MTC,1.0240,16000,0.00,0,92.00,19.72
1860,20,MTC,1.1264,16000,0.00,0,91.20,19.72
1860,1,eMBB,3.6672,25976,0.00,0,82.35,49.89
1860,2,eMBB,3.6672,25976,0.00,0,82.35,49.89
1860,3,eMBB,3.6672,25976,0.00,0,82.35,49.89
1860,4,eMBB,3.6672,25976,0.00,0,82.35,49.89
1860,5,eMBB,3.6672,25976,0.00,0,82.35,49.89
1860,6,URLLC,0.3120,390,0.00,0,0.00,30.38
1860,7,URLLC,0.3120,390,0.00,0,0.00,30.38
1860,8,URLLC,0.3120,390,0.00,0,0.00,30.38
1860,9,URLLC,0.3120,390,0.00,0,0.00,30.38
1860,10,URLLC,0.3120,390,0.00,0,0.00,30.38
1870,11,MTC,1.4336,16000,0.00,0,88.80,36.91
1870,12,MTC,1.4336,16000,0.00,0,88.80,36.91
1870,13,MTC,1.4336,16000,0.00,0,88.80,36.91
1870,14,MTC,1.4336,16000,0.00,0,88.80,36.91
1870,15,MTC,1.4336,16000,0.00,0,88.80,36.91
1870,16,MTC,1.4336,16000,0.00,0,88.80,36.91
1870,17,MTC,0.6144,16000,0.00,0,95.20,36.91
1870,18,MTC,1.4336,16000,0.00,0,88.80,36.91
1870,19,MTC,1.5360,16000,0.00,0,88.00,36.91
1870,20,MTC,1.4336,16000,0.00,0,88.80,36.91
1870,1,eMBB,2.4448,25976,0.00,0,88.24,26.39
1870,2,eMBB,2.4448,25976,0.00,0,88.24,26.39
1870,3,eMBB,2.4448,25976,0.00,0,88.24,26.39
1870,4,eMBB,2.4448,25976,0.00,0,88.24,26.39
1870,5,eMBB,2.4448,25976,0.00,0,88.24,26.39
1870,6,URLLC,0.3120,390,0.00,0,0.00,36.70
1870,7,URLLC,0.3120,390,0.00,0,0.00,36.70
1870,8,URLLC,0.3120,390,0.00,0,0.00,36.70
1870,9,URLLC,0.3120,390,0.00,0,0.00,36.70
1870,10,URLLC,0.3120,390,0.00,0,0.00,36.70
1880,11,MTC,1.4336,16000,0.00,0,88.80,31.15
1880,12,MTC,1.3312,16000,0.00,0,89.60,31.15
1880,13,MTC,1.4336,16000,0.00,0,88.80,31.15
1880,14,MTC,1.4336,16000,0.00,0,88.80,31.15
1880,15,MTC,1.4336,16000,0.00,0,88.80,31.15
1880,16,MTC,1.4336,16000,0.00,0,88.80,31.15
1880,17,MTC,2.2528,16000,0.00,0,82.40,31.15
1880,18,MTC,1.3312,16000,0.00,0,89.60,31.15
1880,19,MTC,1.3312,16000,0.00,0,89.60,31.15
1880,20,MTC,1.4336,16000,0.00,0,88.80,31.15
1880,1,eMBB,2.4448,24448,0.00,0,87.50,26.88
1880,2,eMBB,2.4448,24448,0.00,0,87.50,26.88
1880,3,eMBB,2.4448,24448,0.00,0,87.50,26.88
1880,4,eMBB,2.4448,24448,0.00,0,87.50,26.88
1880,5,eMBB,2.4448,24448,0.00,0,87.50,26.88
1880,6,URLLC,0.3120,390,0.00,0,0.00,41.97
1880,7,URLLC,0.3120,390,0.00,0,0.00,41.97
1880,8,URLLC,0.3120,390,0.00,0,0.00,41.97
1880,9,URLLC,0.3120,390,0.00,0,0.00,41.97
1880,10,URLLC,0.3120,390,0.00,0,0.00,41.97
1890,11,MTC,1.5360,16000,0.00,0,88.00,31.43
1890,12,MTC,1.5360,16000,0.00,0,88.00,31.43
1890,13,MTC,1.4336,16000,0.00,0,88.80,31.43
1890,14,MTC,1.4336,16000,0.00,0,88.80,31.43
1890,15,MTC,1.4336,16000,0.00,0,88.80,31.43
1890,16,MTC,1.4336,16000,0.00,0,88.80,31.43
1890,17,MTC,1.4336,16000,0.00,0,88.80,31.43
1890,18,MTC,1.5360,16000,0.00,0,88.00,31.43
1890,19,MTC,1.5360,16000,0.00,0,88.00,31.43
1890,20,MTC,1.4336,16000,0.00,0,88.80,31.43
1890,1,eMBB,3.6672,25976,0.00,0,82.35,36.91
1890,2,eMBB,3.6672,25976,0.00,0,82.35,36.91
1890,3,eMBB,3.6672,25976,0.00,0,82.35,36.91
1890,4,eMBB,3.6672,25976,0.00,0,82.35,36.91
1890,5,eMBB,3.6672,25976,0.00,0,82.35,36.91
1890,6,URLLC,0.3120,390,0.00,0,0.00,31.67
1890,7,URLLC,0.3120,390,0.00,0,0.00,31.67
1890,8,URLLC,0.3120,390,0.00,0,0.00,31.67
1890,9,URLLC,0.3120,390,0.00,0,0.00,31.67
1890,10,URLLC,0.3120,390,0.00,0,0.00,31.67
1900,11,MTC,1.5360,16000,0.00,0,88.00,31.43
1900,12,MTC,1.5360,16000,0.00,0,88.00,31.43
1900,13,MTC,1.6384,16000,0.00,0,87.20,31.43
1900,14,MTC,1.5360,16000,0.00,0,88.00,31.43
1900,15,MTC,1.5360,16000,0.00,0,88.00,31.43
1900,16,MTC,1.5360,16000,0.00,0,88.00,31.43
1900,17,MTC,1.5360,16000,0.00,0,88.00,31.43
1900,18,MTC,1.5360,16000,0.00,0,88.00,31.43
1900,19,MTC,1.5360,16000,0.00,0,88.00,31.43
1900,20,MTC,1.5360,16000,0.00,0,88.00,31.43
1900,1,eMBB,2.4448,25976,0.00,0,88.24,23.65
1900,2,eMBB,2.4448,25976,0.00,0,88.24,23.65
1900,3,eMBB,2.4448,25976,0.00,0,88.24,23.65
1900,4,eMBB,2.4448,25976,0.00,0,88.24,23.65
1900,5,eMBB,2.4448,25976,0.00,0,88.24,23.65
1900,6,URLLC,0.3120,390,0.00,0,0.00,44.92
1900,7,URLLC,0.3120,390,0.00,0,0.00,44.92
1900,8,URLLC,0.3120,390,0.00,0,0.00,44.92
1900,9,URLLC,0.3120,390,0.00,0,0.00,44.92
1900,10,URLLC,0.3120,390,0.00,0,0.00,44.92
1910,11,MTC,1.1264,16000,0.00,0,91.20,21.22
1910,12,MTC,1.2288,16000,0.00,0,90.40,21.22
1910,13,MTC,1.1264,16000,0.00,0,91.20,21.22
1910,14,MTC,1.1264,16000,0.00,0,91.20,21.22
1910,15,MTC,1.1264,16000,0.00,0,91.20,21.22
1910,16,MTC,1.2288,16000,0.00,0,90.40,21.22
1910,17,MTC,1.2288,16000,0.00,0,90.40,21.22
1910,18,MTC,1.2288,16000,0.00,0,90.40,21.22
1910,19,MTC,1.2288,16000,0.00,0,90.40,21.22
1910,20,MTC,1.3312,16000,0.00,0,89.60,21.22
1910,1,eMBB,3.6672,24448,0.00,0,81.25,41.93
1910,2,eMBB,3.6672,24448,0.00,0,81.25,41.93
1910,3,eMBB,3.6672,24448,0.00,0,81.25,41.93
1910,4,eMBB,3.6672,24448,0.00,0,81.25,41.93
1910,5,eMBB,3.6672,24448,0.00,0,81.25,41.93
1910,6,URLLC,0.3120,390,0.00,0,0.00,36.84
1910,7,URLLC,0.3120,390,0.00,0,0.00,36.84
1910,8,URLLC,0.3120,390,0.00,0,0.00,36.84
1910,9,URLLC,0.3120,390,0.00,0,0.00,36.84
1910,10,URLLC,0.3120,390,0.00,0,0.00,36.84
1920,11,MTC,1.2288,16000,0.00,0,90.40,31.26
1920,12,MTC,1.2288,16000,0.00,0,90.40,31.26
1920,13,MTC,1.3312,16000,0.00,0,89.60,31.26
1920,14,MTC,1.3312,16000,0.00,0,89.60,31.26
1920,15,MTC,1.3312,16000,0.00,0,89.60,31.26
1920,16,MTC,1.2288,16000,0.00,0,90.40,31.26
1920,17,MTC,1.2288,16000,0.00,0,90.40,31.26
1920,18,MTC,1.2288,16000,0.00,0,90.40,31.26
1920,19,MTC,1.2288,16000,0.00,0,90.40,31.26
1920,20,MTC,1.2288,16000,0.00,0,90.40,31.26
1920,1,eMBB,2.4448,25976,0.00,0,88.24,27.73
1920,2,eMBB,2.4448,25976,0.00,0,88.24,27.73
1920,3,eMBB,2.4448,25976,0.00,0,88.24,27.73
1920,4,eMBB,2.4448,25976,0.00,0,88.24,27.73
1920,5,eMBB,2.4448,25976,0.00,0,88.24,27.73
1920,6,URLLC,0.2496,390,0.00,0,20.00,41.01
1920,7,URLLC,0.2496,390,0.00,0,20.00,41.01
1920,8,URLLC,0.2496,390,0.00,0,20.00,41.01
1920,9,URLLC,0.2496,390,0.00,0,20.00,41.01
1920,10,URLLC,0.2496,390,0.00,0,20.00,41.01
1930,11,MTC,1.2288,16000,0.00,0,90.40,26.64
1930,12,MTC,1.2288,16000,0.00,0,90.40,26.64
1930,13,MTC,1.2288,16000,0.00,0,90.40,26.64
1930,14,MTC,1.1264,16000,0.00,0,91.20,26.64
1930,15,MTC,1.1264,16000,0.00,0,91.20,26.64
1930,16,MTC,1.2288,16000,0.00,0,90.40,26.64
1930,17,MTC,1.2288,16000,0.00,0,90.40,26.64
1930,18,MTC,1.2288,16000,0.00,0,90.40,26.64
1930,19,MTC,1.2288,16000,0.00,0,90.40,26.64
1930,20,MTC,1.1264,16000,0.00,0,91.20,26.64
1930,1,eMBB,2.4448,25976,0.00,0,88.24,27.08
1930,2,eMBB,2.4448,25976,0.00,0,88.24,27.08
1930,3,eMBB,2.4448,25976,0.00,0,88.24,27.08
1930,4,eMBB,2.4448,25976,0.00,0,88.24,27.08
1930,5,eMBB,2.4448,25976,0.00,0,88.24,27.08
1930,6,URLLC,0.3744,390,0.00,0,0.00,46.28
1930,7,URLLC,0.3744,390,0.00,0,0.00,46.28
1930,8,URLLC,0.3744,390,0.00,0,0.00,46.28
1930,9,URLLC,0.3744,390,0.00,0,0.00,46.28
1930,10,URLLC,0.3744,390,0.00,0,0.00,46.28
1940,11,MTC,1.6384,16000,0.00,0,87.20,34.07
1940,12,MTC,1.6384,16000,0.00,0,87.20,34.07
1940,13,MTC,1.5360,16000,0.00,0,88.00,34.07
1940,14,MTC,1.6384,16000,0.00,0,87.20,34.07
1940,15,MTC,1.6384,16000,0.00,0,87.20,34.07
1940,16,MTC,1.5360,16000,0.00,0,88.00,34.07
1940,17,MTC,1.6384,16000,0.00,0,87.20,34.07
1940,18,MTC,1.5360,16000,0.00,0,88.00,34.07
1940,19,MTC,1.5360,16000,0.00,0,88.00,34.07
1940,20,MTC,1.6384,16000,0.00,0,87.20,34.07
1940,1,eMBB,2.4448,24448,0.00,0,87.50,24.89
1940,2,eMBB,2.4448,24448,0.00,0,87.50,24.89
1940,3,eMBB,2.4448,24448,0.00,0,87.50,24.89
1940,4,eMBB,2.4448,24448,0.00,0,87.50,24.89
1940,5,eMBB,2.4448,24448,0.00,0,87.50,24.89
1940,6,URLLC,0.3120,390,0.00,0,0.00,41.03
1940,7,URLLC,0.3120,390,0.00,0,0.00,41.03
1940,8,URLLC,0.3120,390,0.00,0,0.00,41.03
1940,9,URLLC,0.3120,390,0.00,0,0.00,41.03
1940,10,URLLC,0.3120,390,0.00,0,0.00,41.03
1950,11,MTC,1.2288,16000,0.00,0,90.40,24.42
1950,12,MTC,1.2288,16000,0.00,0,90.40,24.42
1950,13,MTC,1.2288,16000,0.00,0,90.40,24.42
1950,14,MTC,1.3312,16000,0.00,0,89.60,24.42
1950,15,MTC,1.3312,16000,0.00,0,89.60,24.42
1950,16,MTC,1.3312,16000,0.00,0,89.60,24.42
1950,17,MTC,1.2288,16000,0.00,0,90.40,24.42
1950,18,MTC,1.3312,16000,0.00,0,89.60,24.42
1950,19,MTC,1.3312,16000,0.00,0,89.60,24.42
1950,20,MTC,1.2288,16000,0.00,0,90.40,24.42
1950,1,eMBB,3.6672,25976,0.00,0,82.35,40.45
1950,2,eMBB,3.6672,25976,0.00,0,82.35,40.45
1950,3,eMBB,3.6672,25976,0.00,0,82.35,40.45
1950,4,eMBB,3.6672,25976,0.00,0,82.35,40.45
1950,5,eMBB,3.6672,25976,0.00,0,82.35,40.45
1950,6,URLLC,0.3120,390,0.00,0,0.00,35.12
1950,7,URLLC,0.3120,390,0.00,0,0.00,35.12
1950,8,URLLC,0.3120,390,0.00,0,0.00,35.12
1950,9,URLLC,0.3120,390,0.00,0,0.00,35.12
1950,10,URLLC,0.3120,390,0.00,0,0.00,35.12
1960,11,MTC,1.4336,16000,0.00,0,88.80,37.01
1960,12,MTC,1.4336,16000,0.00,0,88.80,37.01
1960,13,MTC,1.5360,16000,0.00,0,88.00,37.01
1960,14,MTC,1.4336,16000,0.00,0,88.80,37.01
1960,15,MTC,1.4336,16000,0.00,0,88.80,37.01
1960,16,MTC,1.4336,16000,0.00,0,88.80,37.01
1960,17,MTC,0.7168,16000,0.00,0,94.40,37.01
1960,18,MTC,1.4336,16000,0.00,0,88.80,37.01
1960,19,MTC,1.4336,16000,0.00,0,88.80,37.01
1960,20,MTC,1.4336,16000,0.00,0,88.80,37.01
1960,1,eMBB,3.6672,25976,0.00,0,82.35,36.19
1960,2,eMBB,2.4448,25976,0.00,0,88.24,36.19
1960,3,eMBB,3.6672,25976,0.00,0,82.35,36.19
1960,4,eMBB,3.6672,25976,0.00,0,82.35,36.19
1960,5,eMBB,2.4448,25976,0.00,0,88.24,36.19
1960,6,URLLC,0.3120,390,0.00,0,0.00,26.79
1960,7,URLLC,0.3120,390,0.00,0,0.00,26.79
1960,8,URLLC,0.3120,390,0.00,0,0.00,26.79
1960,9,URLLC,0.3120,390,0.00,0,0.00,26.79
1960,10,URLLC,0.3120,390,0.00,0,0.00,26.79
1970,11,MTC,1.3312,16000,0.00,0,89.60,29.75
1970,12,MTC,1.3312,16000,0.00,0,89.60,29.75
1970,13,MTC,1.2288,16000,0.00,0,90.40,29.75
1970,14,MTC,1.2288,16000,0.00,0,90.40,29.75
1970,15,MTC,1.2288,16000,0.00,0,90.40,29.75
1970,16,MTC,1.2288,16000,0.00,0,90.40,29.75
1970,17,MTC,1.4336,16000,0.00,0,88.80,29.75
1970,18,MTC,1.2288,16000,0.00,0,90.40,29.75
1970,19,MTC,1.2288,16000,0.00,0,90.40,29.75
1970,20,MTC,1.2288,16000,0.00,0,90.40,29.75
1970,1,eMBB,2.4448,24448,0.00,0,87.50,35.70
1970,2,eMBB,3.6672,24448,0.00,0,81.25,35.70
1970,3,eMBB,2.4448,24448,0.00,0,87.50,35.70
1970,4,eMBB,2.4448,24448,0.00,0,87.50,35.70
1970,5,eMBB,3.6672,24448,0.00,0,81.25,35.70
1970,6,URLLC,0.3120,390,0.00,0,0.00,34.55
1970,7,URLLC,0.3120,390,0.00,0,0.00,34.55
1970,8,URLLC,0.3120,390,0.00,0,0.00,34.55
1970,9,URLLC,0.3120,390,0.00,0,0.00,34.55
1970,10,URLLC,0.3120,390,0.00,0,0.00,34.55
1980,11,MTC,0.9216,16000,0.00,0,92.80,25.58
1980,12,MTC,0.8192,16000,0.00,0,93.60,25.58
1980,13,MTC,0.9216,16000,0.00,0,92.80,25.58
1980,14,MTC,1.0240,16000,0.00,0,92.00,25.58
1980,15,MTC,0.9216,16000,0.00,0,92.80,25.58
1980,16,MTC,1.0240,16000,0.00,0,92.00,25.58
1980,17,MTC,1.4336,16000,0.00,0,88.80,25.58
1980,18,MTC,0.9216,16000,0.00,0,92.80,25.58
1980,19,MTC,0.9216,16000,0.00,0,92.80,25.58
1980,20,MTC,1.0240,16000,0.00,0,92.00,25.58
1980,1,eMBB,2.4448,25976,0.00,0,88.24,39.04
1980,2,eMBB,2.4448,25976,0.00,0,88.24,39.04
1980,3,eMBB,2.4448,25976,0.00,0,88.24,39.04
1980,4,eMBB,2.4448,25976,0.00,0,88.24,39.04
1980,5,eMBB,2.4448,25976,0.00,0,88.24,39.04
1980,6,URLLC,0.3120,390,0.00,0,0.00,35.38
1980,7,URLLC,0.3120,390,0.00,0,0.00,35.38
1980,8,URLLC,0.3120,390,0.00,0,0.00,35.38
1980,9,URLLC,0.3120,390,0.00,0,0.00,35.38
1980,10,URLLC,0.3120,390,0.00,0,0.00,35.38
1990,11,MTC,1.1264,16000,0.00,0,91.20,28.65
1990,12,MTC,1.2288,16000,0.00,0,90.40,28.65
1990,13,MTC,1.2288,16000,0.00,0,90.40,28.65
1990,14,MTC,1.0240,16000,0.00,0,92.00,28.65
1990,15,MTC,1.1264,16000,0.00,0,91.20,28.65
1990,16,MTC,1.1264,16000,0.00,0,91.20,28.65
1990,17,MTC,0.9216,16000,0.00,0,92.80,28.65
1990,18,MTC,1.2288,16000,0.00,0,90.40,28.65
1990,19,MTC,1.2288,16000,0.00,0,90.40,28.65
1990,20,MTC,1.1264,16000,0.00,0,91.20,28.65
1990,1,eMBB,2.4448,25976,0.00,0,88.24,31.84
1990,2,eMBB,2.4448,25976,0.00,0,88.24,31.84
1990,3,eMBB,2.4448,25976,0.00,0,88.24,31.84
1990,4,eMBB,2.4448,25976,0.00,0,88.24,31.84
1990,5,eMBB,2.4448,25976,0.00,0,88.24,31.84
1990,6,URLLC,0.3120,390,0.00,0,0.00,39.50
1990,7,URLLC,0.3120,390,0.00,0,0.00,39.50
1990,8,URLLC,0.3120,390,0.00,0,0.00,39.50
1990,9,URLLC,0.3120,390,0.00,0,0.00,39.50
1990,10,URLLC,0.3120,390,0.00,0,0.00,39.50
2000,11,MTC,1.3312,16000,0.00,0,89.60,32.71
2000,12,MTC,1.2288,16000,0.00,0,90.40,32.71
2000,13,MTC,1.2288,16000,0.00,0,90.40,32.71
2000,14,MTC,1.3312,16000,0.00,0,89.60,32.71
2000,15,MTC,1.3312,16000,0.00,0,89.60,32.71
2000,16,MTC,1.3312,16000,0.00,0,89.60,32.71
2000,17,MTC,1.5360,16000,0.00,0,88.00,32.71
2000,18,MTC,1.3312,16000,0.00,0,89.60,32.71
2000,19,MTC,1.2288,16000,0.00,0,90.40,32.71
2000,20,MTC,1.3312,16000,0.00,0,89.60,32.71
2000,1,eMBB,2.4448,24448,0.00,0,87.50,30.79
2000,2,eMBB,2.4448,24448,0.00,0,87.50,30.79
2000,3,eMBB,2.4448,24448,0.00,0,87.50,30.79
2000,4,eMBB,3.6672,24448,0.00,0,81.25,30.79
2000,5,eMBB,2.4448,24448,0.00,0,87.50,30.79
2000,6,URLLC,0.3120,390,0.00,0,0.00,36.50
2000,7,URLLC,0.3120,390,0.00,0,0.00,36.50
2000,8,URLLC,0.3120,390,0.00,0,0.00,36.50
2000,9,URLLC,0.3120,390,0.00,0,0.00,36.50
2000,10,URLLC,0.3120,390,0.00,0,0.00,36.50
2010,11,MTC,0.9216,16000,0.00,0,92.80,23.24
2010,12,MTC,1.0240,16000,0.00,0,92.00,23.24
2010,13,MTC,1.0240,16000,0.00,0,92.00,23.24
2010,14,MTC,0.9216,16000,0.00,0,92.80,23.24
2010,15,MTC,0.9216,16000,0.00,0,92.80,23.24
2010,16,MTC,0.9216,16000,0.00,0,92.80,23.24
2010,17,MTC,1.0240,16000,0.00,0,92.00,23.24
2010,18,MTC,0.9216,16000,0.00,0,92.80,23.24
2010,19,MTC,0.9216,16000,0.00,0,92.80,23.24
2010,20,MTC,0.9216,16000,0.00,0,92.80,23.24
2010,1,eMBB,3.6672,25976,0.00,0,82.35,51.17
2010,2,eMBB,3.6672,25976,0.00,0,82.35,51.17
2010,3,eMBB,3.6672,25976,0.00,0,82.35,51.17
2010,4,eMBB,2.4448,25976,0.00,0,88.24,51.17
2010,5,eMBB,3.6672,25976,0.00,0,82.35,51.17
2010,6,URLLC,0.3120,390,0.00,0,0.00,25.58
2010,7,URLLC,0.3120,390,0.00,0,0.00,25.58
2010,8,URLLC,0.3120,390,0.00,0,0.00,25.58
2010,9,URLLC,0.3120,390,0.00,0,0.00,25.58
2010,10,URLLC,0.3120,390,0.00,0,0.00,25.58
2020,11,MTC,1.6384,16000,0.00,0,87.20,45.08
2020,12,MTC,1.6384,16000,0.00,0,87.20,45.08
2020,13,MTC,1.5360,16000,0.00,0,88.00,45.08
2020,14,MTC,1.7408,16000,0.00,0,86.40,45.08
2020,15,MTC,1.7408,16000,0.00,0,86.40,45.08
2020,16,MTC,1.6384,16000,0.00,0,87.20,45.08
2020,17,MTC,1.5360,16000,0.00,0,88.00,45.08
2020,18,MTC,1.5360,16000,0.00,0,88.00,45.08
2020,19,MTC,1.7408,16000,0.00,0,86.40,45.08
2020,20,MTC,1.6384,16000,0.00,0,87.20,45.08
2020,1,eMBB,2.4448,25976,0.00,0,88.24,26.57
2020,2,eMBB,2.4448,25976,0.00,0,88.24,26.57
2020,3,eMBB,2.4448,25976,0.00,0,88.24,26.57
2020,4,eMBB,2.4448,25976,0.00,0,88.24,26.57
2020,5,eMBB,2.4448,25976,0.00,0,88.24,26.57
2020,6,URLLC,0.3120,390,0.00,0,0.00,28.35
2020,7,URLLC,0.3120,390,0.00,0,0.00,28.35
2020,8,URLLC,0.3120,390,0.00,0,0.00,28.35
2020,9,URLLC,0.3120,390,0.00,0,0.00,28.35
2020,10,URLLC,0.3120,390,0.00,0,0.00,28.35
2030,11,MTC,1.1264,16000,0.00,0,91.20,21.58
2030,12,MTC,1.1264,16000,0.00,0,91.20,21.58
2030,13,MTC,1.1264,16000,0.00,0,91.20,21.58
2030,14,MTC,1.1264,16000,0.00,0,91.20,21.58
2030,15,MTC,1.1264,16000,0.00,0,91.20,21.58
2030,16,MTC,1.1264,16000,0.00,0,91.20,21.58
2030,17,MTC,1.2288,16000,0.00,0,90.40,21.58
2030,18,MTC,1.1264,16000,0.00,0,91.20,21.58
2030,19,MTC,1.1264,16000,0.00,0,91.20,21.58
2030,20,MTC,1.1264,16000,0.00,0,91.20,21.58
2030,1,eMBB,3.6672,24448,0.00,0,81.25,53.15
2030,2,eMBB,3.6672,24448,0.00,0,81.25,53.15
2030,3,eMBB,3.6672,24448,0.00,0,81.25,53.15
2030,4,eMBB,3.6672,24448,0.00,0,81.25,53.15
2030,5,eMBB,3.6672,24448,0.00,0,81.25,53.15
2030,6,URLLC,0.3120,390,0.00,0,0.00,25.27
2030,7,URLLC,0.3120,390,0.00,0,0.00,25.27
2030,8,URLLC,0.3120,390,0.00,0,0.00,25.27
2030,9,URLLC,0.3120,390,0.00,0,0.00,25.27
2030,10,URLLC,0.3120,390,0.00,0,0.00,25.27
2040,11,MTC,1.6384,16000,0.00,0,87.20,41.06
2040,12,MTC,1.5360,16000,0.00,0,88.00,41.06
2040,13,MTC,1.5360,16000,0.00,0,88.00,41.06
2040,14,MTC,1.5360,16000,0.00,0,88.00,41.06
2040,15,MTC,1.5360,16000,0.00,0,88.00,41.06
2040,16,MTC,1.5360,16000,0.00,0,88.00,41.06
2040,17,MTC,1.6384,16000,0.00,0,87.20,41.06
2040,18,MTC,1.6384,16000,0.00,0,87.20,41.06
2040,19,MTC,1.5360,16000,0.00,0,88.00,41.06
2040,20,MTC,1.5360,16000,0.00,0,88.00,41.06
2040,1,eMBB,3.6672,25976,0.00,0,82.35,27.93
2040,2,eMBB,2.4448,25976,0.00,0,88.24,27.93
2040,3,eMBB,3.6672,25976,0.00,0,82.35,27.93
2040,4,eMBB,3.6672,25976,0.00,0,82.35,27.93
2040,5,eMBB,2.4448,25976,0.00,0,88.24,27.93
2040,6,URLLC,0.3120,390,0.00,0,0.00,31.01
2040,7,URLLC,0.3120,390,0.00,0,0.00,31.01
2040,8,URLLC,0.3120,390,0.00,0,0.00,31.01
2040,9,URLLC,0.3120,390,0.00,0,0.00,31.01
2040,10,URLLC,0.3120,390,0.00,0,0.00,31.01
2050,11,MTC,1.5360,16000,0.00,0,88.00,32.25
2050,12,MTC,1.6384,16000,0.00,0,87.20,32.25
2050,13,MTC,1.6384,16000,0.00,0,87.20,32.25
2050,14,MTC,1.5360,16000,0.00,0,88.00,32.25
2050,15,MTC,1.5360,16000,0.00,0,88.00,32.25
2050,16,MTC,1.6384,16000,0.00,0,87.20,32.25
2050,17,MTC,1.5360,16000,0.00,0,88.00,32.25
2050,18,MTC,1.6384,16000,0.00,0,87.20,32.25
2050,19,MTC,1.5360,16000,0.00,0,88.00,32.25
2050,20,MTC,1.6384,16000,0.00,0,87.20,32.25
2050,1,eMBB,2.4448,25976,0.00,0,88.24,31.75
2050,2,eMBB,3.6672,25976,0.00,0,82.35,31.75
2050,3,eMBB,2.4448,25976,0.00,0,88.24,31.75
2050,4,eMBB,2.4448,25976,0.00,0,88.24,31.75
2050,5,eMBB,3.6672,25976,0.00,0,82.35,31.75
2050,6,URLLC,0.3120,390,0.00,0,0.00,36.00
2050,7,URLLC,0.3120,390,0.00,0,0.00,36.00
2050,8,URLLC,0.3120,390,0.00,0,0.00,36.00
2050,9,URLLC,0.3120,390,0.00,0,0.00,36.00
2050,10,URLLC,0.3120,390,0.00,0,0.00,36.00
2060,11,MTC,1.7408,16000,0.00,0,86.40,40.55
2060,12,MTC,1.7408,16000,0.00,0,86.40,40.55
2060,13,MTC,1.7408,16000,0.00,0,86.40,40.55
2060,14,MTC,1.7408,16000,0.00,0,86.40,40.55
2060,15,MTC,1.7408,16000,0.00,0,86.40,40.55
2060,16,MTC,1.7408,16000,0.00,0,86.40,40.55
2060,17,MTC,1.7408,16000,0.00,0,86.40,40.55
2060,18,MTC,1.7408,16000,0.00,0,86.40,40.55
2060,19,MTC,1.7408,16000,0.00,0,86.40,40.55
2060,20,MTC,1.7408,16000,0.00,0,86.40,40.55
2060,1,eMBB,2.4448,24448,0.00,0,87.50,27.52
2060,2,eMBB,2.4448,24448,0.00,0,87.50,27.52
2060,3,eMBB,2.4448,24448,0.00,0,87.50,27.52
2060,4,eMBB,2.4448,24448,0.00,0,87.50,27.52
2060,5,eMBB,2.4448,24448,0.00,0,87.50,27.52
2060,6,URLLC,0.3120,390,0.00,0,0.00,31.93
2060,7,URLLC,0.3120,390,0.00,0,0.00,31.93
2060,8,URLLC,0.3120,390,0.00,0,0.00,31.93
2060,9,URLLC,0.3120,390,0.00,0,0.00,31.93
2060,10,URLLC,0.3120,390,0.00,0,0.00,31.93
2070,11,MTC,1.5360,16000,0.00,0,88.00,34.83
2070,12,MTC,1.5360,16000,0.00,0,88.00,34.83
2070,13,MTC,1.6384,16000,0.00,0,87.20,34.83
2070,14,MTC,1.5360,16000,0.00,0,88.00,34.83
2070,15,MTC,1.5360,16000,0.00,0,88.00,34.83
2070,16,MTC,1.5360,16000,0.00,0,88.00,34.83
2070,17,MTC,1.5360,16000,0.00,0,88.00,34.83
2070,18,MTC,1.5360,16000,0.00,0,88.00,34.83
2070,19,MTC,1.5360,16000,0.00,0,88.00,34.83
2070,20,MTC,1.5360,16000,0.00,0,88.00,34.83
2070,1,eMBB,2.4448,25976,0.00,0,88.24,24.05
2070,2,eMBB,1.2224,25976,0.00,0,94.12,24.05
2070,3,eMBB,2.4448,25976,0.00,0,88.24,24.05
2070,4,eMBB,2.4448,25976,0.00,0,88.24,24.05
2070,5,eMBB,1.2224,25976,0.00,0,94.12,24.05
2070,6,URLLC,0.3120,390,0.00,0,0.00,41.12
2070,7,URLLC,0.3120,390,0.00,0,0.00,41.12
2070,8,URLLC,0.3120,390,0.00,0,0.00,41.12
2070,9,URLLC,0.3120,390,0.00,0,0.00,41.12
2070,10,URLLC,0.3120,390,0.00,0,0.00,41.12
2080,11,MTC,1.4336,16000,0.00,0,88.80,40.40
2080,12,MTC,1.4336,16000,0.00,0,88.80,40.40
2080,13,MTC,1.4336,16000,0.00,0,88.80,40.40
2080,14,MTC,1.4336,16000,0.00,0,88.80,40.40
2080,15,MTC,1.3312,16000,0.00,0,89.60,40.40
2080,16,MTC,1.4336,16000,0.00,0,88.80,40.40
2080,17,MTC,1.4336,16000,0.00,0,88.80,40.40
2080,18,MTC,1.4336,16000,0.00,0,88.80,40.40
2080,19,MTC,1.4336,16000,0.00,0,88.80,40.40
2080,20,MTC,1.4336,16000,0.00,0,88.80,40.40
2080,1,eMBB,1.2224,25976,0.00,0,94.12,31.24
2080,2,eMBB,2.4448,25976,0.00,0,88.24,31.24
2080,3,eMBB,1.2224,25976,0.00,0,94.12,31.24
2080,4,eMBB,1.2224,25976,0.00,0,94.12,31.24
2080,5,eMBB,2.4448,25976,0.00,0,88.24,31.24
2080,6,URLLC,0.2496,390,0.00,0,20.00,28.36
2080,7,URLLC,0.2496,390,0.00,0,20.00,28.36
2080,8,URLLC,0.2496,390,0.00,0,20.00,28.36
2080,9,URLLC,0.2496,390,0.00,0,20.00,28.36
2080,10,URLLC,0.2496,390,0.00,0,20.00,28.36
2090,11,MTC,1.5360,16000,0.00,0,88.00,33.84
2090,12,MTC,1.5360,16000,0.00,0,88.00,33.84
2090,13,MTC,1.4336,16000,0.00,0,88.80,33.84
2090,14,MTC,1.5360,16000,0.00,0,88.00,33.84
2090,15,MTC,1.5360,16000,0.00,0,88.00,33.84
2090,16,MTC,1.5360,16000,0.00,0,88.00,33.84
2090,17,MTC,1.6384,16000,0.00,0,87.20,33.84
2090,18,MTC,1.5360,16000,0.00,0,88.00,33.84
2090,19,MTC,1.5360,16000,0.00,0,88.00,33.84
2090,20,MTC,1.5360,16000,0.00,0,88.00,33.84
2090,1,eMBB,3.6672,24448,0.00,0,81.25,33.91
2090,2,eMBB,2.4448,24448,0.00,0,87.50,33.91
2090,3,eMBB,3.6672,24448,0.00,0,81.25,33.91
2090,4,eMBB,3.6672,24448,0.00,0,81.25,33.91
2090,5,eMBB,2.4448,24448,0.00,0,87.50,33.91
2090,6,URLLC,0.3744,390,0.00,0,0.00,32.26
2090,7,URLLC,0.3744,390,0.00,0,0.00,32.26
2090,8,URLLC,0.3744,390,0.00,0,0.00,32.26
2090,9,URLLC,0.3744,390,0.00,0,0.00,32.26
2090,10,URLLC,0.3744,390,0.00,0,0.00,32.26
2100,11,MTC,1.5360,16000,0.00,0,88.00,28.65
2100,12,MTC,1.5360,16000,0.00,0,88.00,28.65
2100,13,MTC,1.5360,16000,0.00,0,88.00,28.65
2100,14,MTC,1.5360,16000,0.00,0,88.00,28.65
2100,15,MTC,1.5360,16000,0.00,0,88.00,28.65
2100,16,MTC,1.4336,16000,0.00,0,88.80,28.65
2100,17,MTC,1.4336,16000,0.00,0,88.80,28.65
2100,18,MTC,1.5360,16000,0.00,0,88.00,28.65
2100,19,MTC,1.5360,16000,0.00,0,88.00,28.65
2100,20,MTC,1.5360,16000,0.00,0,88.00,28.65
2100,1,eMBB,2.4448,25976,0.00,0,88.24,23.51
2100,2,eMBB,2.4448,25976,0.00,0,88.24,23.51
2100,3,eMBB,2.4448,25976,0.00,0,88.24,23.51
2100,4,eMBB,2.4448,25976,0.00,0,88.24,23.51
2100,5,eMBB,2.4448,25976,0.00,0,88.24,23.51
2100,6,URLLC,0.3120,390,0.00,0,0.00,47.84
2100,7,URLLC,0.3120,390,0.00,0,0.00,47.84
2100,8,URLLC,0.3120,390,0.00,0,0.00,47.84
2100,9,URLLC,0.3120,390,0.00,0,0.00,47.84
2100,10,URLLC,0.3120,390,0.00,0,0.00,47.84
2110,11,MTC,1.5360,16000,0.00,0,88.00,32.19
2110,12,MTC,1.4336,16000,0.00,0,88.80,32.19
2110,13,MTC,1.5360,16000,0.00,0,88.00,32.19
2110,14,MTC,1.4336,16000,0.00,0,88.80,32.19
2110,15,MTC,1.5360,16000,0.00,0,88.00,32.19
2110,16,MTC,1.5360,16000,0.00,0,88.00,32.19
2110,17,MTC,0.8192,16000,0.00,0,93.60,32.19
2110,18,MTC,1.4336,16000,0.00,0,88.80,32.19
2110,19,MTC,1.4336,16000,0.00,0,88.80,32.19
2110,20,MTC,1.4336,16000,0.00,0,88.80,32.19
2110,1,eMBB,1.2224,25976,0.00,0,94.12,22.43
2110,2,eMBB,2.4448,25976,0.00,0,88.24,22.43
2110,3,eMBB,1.2224,25976,0.00,0,94.12,22.43
2110,4,eMBB,1.2224,25976,0.00,0,94.12,22.43
2110,5,eMBB,2.4448,25976,0.00,0,88.24,22.43
2110,6,URLLC,0.2496,390,0.00,0,20.00,45.38
2110,7,URLLC,0.2496,390,0.00,0,20.00,45.38
2110,8,URLLC,0.2496,390,0.00,0,20.00,45.38
2110,9,URLLC,0.2496,390,0.00,0,20.00,45.38
2110,10,URLLC,0.2496,390,0.00,0,20.00,45.38
2120,11,MTC,1.1264,16000,0.00,0,91.20,27.14
2120,12,MTC,1.2288,16000,0.00,0,90.40,27.14
2120,13,MTC,1.1264,16000,0.00,0,91.20,27.14
2120,14,MTC,1.2288,16000,0.00,0,90.40,27.14
2120,15,MTC,1.1264,16000,0.00,0,91.20,27.14
2120,16,MTC,1.1264,16000,0.00,0,91.20,27.14
2120,17,MTC,1.8432,16000,0.00,0,85.60,27.14
2120,18,MTC,1.1264,16000,0.00,0,91.20,27.14
2120,19,MTC,1.2288,16000,0.00,0,90.40,27.14
2120,20,MTC,1.2288,16000,0.00,0,90.40,27.14
2120,1,eMBB,3.6672,24448,0.00,0,81.25,38.29
2120,2,eMBB,3.6672,24448,0.00,0,81.25,38.29
2120,3,eMBB,3.6672,24448,0.00,0,81.25,38.29
2120,4,eMBB,3.6672,24448,0.00,0,81.25,38.29
2120,5,eMBB,3.6672,24448,0.00,0,81.25,38.29
2120,6,URLLC,0.3744,390,0.00,0,0.00,34.57
2120,7,URLLC,0.3744,390,0.00,0,0.00,34.57
2120,8,URLLC,0.3744,390,0.00,0,0.00,34.57
2120,9,URLLC,0.3744,390,0.00,0,0.00,34.57
2120,10,URLLC,0.3744,390,0.00,0,0.00,34.57
2130,11,MTC,1.0240,16000,0.00,0,92.00,25.71
2130,12,MTC,0.9216,16000,0.00,0,92.80,25.71
2130,13,MTC,1.0240,16000,0.00,0,92.00,25.71
2130,14,MTC,1.0240,16000,0.00,0,92.00,25.71
2130,15,MTC,1.1264,16000,0.00,0,91.20,25.71
2130,16,MTC,1.0240,16000,0.00,0,92.00,25.71
2130,17,MTC,1.0240,16000,0.00,0,92.00,25.71
2130,18,MTC,1.1264,16000,0.00,0,91.20,25.71
2130,19,MTC,1.0240,16000,0.00,0,92.00,25.71
2130,20,MTC,0.9216,16000,0.00,0,92.80,25.71
2130,1,eMBB,3.6672,25976,0.00,0,82.35,45.63
2130,2,eMBB,2.4448,25976,0.00,0,88.24,45.63
2130,3,eMBB,3.6672,25976,0.00,0,82.35,45.63
2130,4,eMBB,3.6672,25976,0.00,0,82.35,45.63
2130,5,eMBB,2.4448,25976,0.00,0,88.24,45.63
2130,6,URLLC,0.3120,390,0.00,0,0.00,28.66
2130,7,URLLC,0.3120,390,0.00,0,0.00,28.66
2130,8,URLLC,0.3120,390,0.00,0,0.00,28.66
2130,9,URLLC,0.3120,390,0.00,0,0.00,28.66
2130,10,URLLC,0.3120,390,0.00,0,0.00,28.66
2140,11,MTC,1.4336,16000,0.00,0,88.80,41.40
2140,12,MTC,1.5360,16000,0.00,0,88.00,41.40
2140,13,MTC,1.5360,16000,0.00,0,88.00,41.40
2140,14,MTC,1.4336,16000,0.00,0,88.80,41.40
2140,15,MTC,1.4336,16000,0.00,0,88.80,41.40
2140,16,MTC,1.4336,16000,0.00,0,88.80,41.40
2140,17,MTC,1.5360,16000,0.00,0,88.00,41.40
2140,18,MTC,1.4336,16000,0.00,0,88.80,41.40
2140,19,MTC,1.4336,16000,0.00,0,88.80,41.40
2140,20,MTC,1.5360,16000,0.00,0,88.00,41.40
2140,1,eMBB,2.4448,25976,0.00,0,88.24,25.75
2140,2,eMBB,2.4448,25976,0.00,0,88.24,25.75
2140,3,eMBB,2.4448,25976,0.00,0,88.24,25.75
2140,4,eMBB,2.4448,25976,0.00,0,88.24,25.75
2140,5,eMBB,2.4448,25976,0.00,0,88.24,25.75
2140,6,URLLC,0.2496,390,0.00,0,20.00,32.86
2140,7,URLLC,0.2496,390,0.00,0,20.00,32.86
2140,8,URLLC,0.2496,390,0.00,0,20.00,32.86
2140,9,URLLC,0.2496,390,0.00,0,20.00,32.86
2140,10,URLLC,0.2496,390,0.00,0,20.00,32.86
2150,11,MTC,1.3312,16000,0.00,0,89.60,31.58
2150,12,MTC,1.2288,16000,0.00,0,90.40,31.58
2150,13,MTC,1.2288,16000,0.00,0,90.40,31.58
2150,14,MTC,1.2288,16000,0.00,0,90.40,31.58
2150,15,MTC,1.2288,16000,0.00,0,90.40,31.58
2150,16,MTC,1.3312,16000,0.00,0,89.60,31.58
2150,17,MTC,1.1264,16000,0.00,0,91.20,31.58
2150,18,MTC,1.2288,16000,0.00,0,90.40,31.58
2150,19,MTC,1.2288,16000,0.00,0,90.40,31.58
2150,20,MTC,1.2288,16000,0.00,0,90.40,31.58
2150,1,eMBB,1.2224,24448,0.00,0,93.75,22.82
2150,2,eMBB,2.4448,24448,0.00,0,87.50,22.82
2150,3,eMBB,1.2224,24448,0.00,0,93.75,22.82
2150,4,eMBB,1.2224,24448,0.00,0,93.75,22.82
2150,5,eMBB,2.4448,24448,0.00,0,87.50,22.82
2150,6,URLLC,0.3744,390,0.00,0,0.00,45.60
2150,7,URLLC,0.3744,390,0.00,0,0.00,45.60
2150,8,URLLC,0.3744,390,0.00,0,0.00,45.60
2150,9,URLLC,0.3744,390,0.00,0,0.00,45.60
2150,10,URLLC,0.3744,390,0.00,0,0.00,45.60
2160,11,MTC,1.1264,16000,0.00,0,91.20,22.18
2160,12,MTC,1.2288,16000,0.00,0,90.40,22.18
2160,13,MTC,1.1264,16000,0.00,0,91.20,22.18
2160,14,MTC,1.2288,16000,0.00,0,90.40,22.18
2160,15,MTC,1.1264,16000,0.00,0,91.20,22.18
2160,16,MTC,1.1264,16000,0.00,0,91.20,22.18
2160,17,MTC,1.1264,16000,0.00,0,91.20,22.18
2160,18,MTC,1.1264,16000,0.00,0,91.20,22.18
2160,19,MTC,1.1264,16000,0.00,0,91.20,22.18
2160,20,MTC,1.2288,16000,0.00,0,90.40,22.18
2160,1,eMBB,2.4448,25976,0.00,0,88.24,31.22
2160,2,eMBB,2.4448,25976,0.00,0,88.24,31.22
2160,3,eMBB,2.4448,25976,0.00,0,88.24,31.22
2160,4,eMBB,2.4448,25976,0.00,0,88.24,31.22
2160,5,eMBB,2.4448,25976,0.00,0,88.24,31.22
2160,6,URLLC,0.3120,390,0.00,0,0.00,46.60
2160,7,URLLC,0.3120,390,0.00,0,0.00,46.60
2160,8,URLLC,0.3120,390,0.00,0,0.00,46.60
2160,9,URLLC,0.3120,390,0.00,0,0.00,46.60
2160,10,URLLC,0.3120,390,0.00,0,0.00,46.60
2170,11,MTC,1.5360,16000,0.00,0,88.00,37.79
2170,12,MTC,1.5360,16000,0.00,0,88.00,37.79
2170,13,MTC,1.6384,16000,0.00,0,87.20,37.79
2170,14,MTC,1.5360,16000,0.00,0,88.00,37.79
2170,15,MTC,1.6384,16000,0.00,0,87.20,37.79
2170,16,MTC,1.6384,16000,0.00,0,87.20,37.79
2170,17,MTC,1.6384,16000,0.00,0,87.20,37.79
2170,18,MTC,1.6384,16000,0.00,0,87.20,37.79
2170,19,MTC,1.6384,16000,0.00,0,87.20,37.79
2170,20,MTC,1.5360,16000,0.00,0,88.00,37.79
2170,1,eMBB,2.4448,25976,0.00,0,88.24,25.83
2170,2,eMBB,2.4448,25976,0.00,0,88.24,25.83
2170,3,eMBB,2.4448,25976,0.00,0,88.24,25.83
2170,4,eMBB,2.4448,25976,0.00,0,88.24,25.83
2170,5,eMBB,2.4448,25976,0.00,0,88.24,25.83
2170,6,URLLC,0.3120,390,0.00,0,0.00,36.38
2170,7,URLLC,0.3120,390,0.00,0,0.00,36.38
2170,8,URLLC,0.3120,390,0.00,0,0.00,36.38
2170,9,URLLC,0.3120,390,0.00,0,0.00,36.38
2170,10,URLLC,0.3120,390,0.00,0,0.00,36.38
2180,11,MTC,1.1264,16000,0.00,0,91.20,22.76
2180,12,MTC,1.1264,16000,0.00,0,91.20,22.76
2180,13,MTC,1.0240,16000,0.00,0,92.00,22.76
2180,14,MTC,1.1264,16000,0.00,0,91.20,22.76
2180,15,MTC,1.1264,16000,0.00,0,91.20,22.76
2180,16,MTC,1.1264,16000,0.00,0,91.20,22.76
2180,17,MTC,0.8192,16000,0.00,0,93.60,22.76
2180,18,MTC,1.1264,16000,0.00,0,91.20,22.76
2180,19,MTC,1.0240,16000,0.00,0,92.00,22.76
2180,20,MTC,1.0240,16000,0.00,0,92.00,22.76
2180,1,eMBB,2.4448,24448,0.00,0,87.50,35.47
2180,2,eMBB,2.4448,24448,0.00,0,87.50,35.47
2180,3,eMBB,2.4448,24448,0.00,0,87.50,35.47
2180,4,eMBB,2.4448,24448,0.00,0,87.50,35.47
2180,5,eMBB,2.4448,24448,0.00,0,87.50,35.47
2180,6,URLLC,0.3120,390,0.00,0,0.00,41.77
2180,7,URLLC,0.3120,390,0.00,0,0.00,41.77
2180,8,URLLC,0.3120,390,0.00,0,0.00,41.77
2180,9,URLLC,0.3120,390,0.00,0,0.00,41.77
2180,10,URLLC,0.3120,390,0.00,0,0.00,41.77
2190,11,MTC,1.3312,16000,0.00,0,89.60,30.31
2190,12,MTC,1.2288,16000,0.00,0,90.40,30.31
2190,13,MTC,1.2288,16000,0.00,0,90.40,30.31
2190,14,MTC,1.2288,16000,0.00,0,90.40,30.31
2190,15,MTC,1.2288,16000,0.00,0,90.40,30.31
2190,16,MTC,1.1264,16000,0.00,0,91.20,30.31
2190,17,MTC,1.5360,16000,0.00,0,88.00,30.31
2190,18,MTC,1.1264,16000,0.00,0,91.20,30.31
2190,19,MTC,1.2288,16000,0.00,0,90.40,30.31
2190,20,MTC,1.2288,16000,0.00,0,90.40,30.31
2190,1,eMBB,2.4448,25976,0.00,0,88.24,27.31
2190,2,eMBB,2.4448,25976,0.00,0,88.24,27.31
2190,3,eMBB,2.4448,25976,0.00,0,88.24,27.31
2190,4,eMBB,2.4448,25976,0.00,0,88.24,27.31
2190,5,eMBB,2.4448,25976,0.00,0,88.24,27.31
2190,6,URLLC,0.3120,390,0.00,0,0.00,42.38
2190,7,URLLC,0.3120,390,0.00,0,0.00,42.38
2190,8,URLLC,0.3120,390,0.00,0,0.00,42.38
2190,9,URLLC,0.3120,390,0.00,0,0.00,42.38
2190,10,URLLC,0.3120,390,0.00,0,0.00,42.38
2200,11,MTC,1.3312,16000,0.00,0,89.60,36.49
2200,12,MTC,1.4336,16000,0.00,0,88.80,36.49
2200,13,MTC,1.4336,16000,0.00,0,88.80,36.49
2200,14,MTC,1.4336,16000,0.00,0,88.80,36.49
2200,15,MTC,1.4336,16000,0.00,0,88.80,36.49
2200,16,MTC,1.4336,16000,0.00,0,88.80,36.49
2200,17,MTC,1.1264,16000,0.00,0,91.20,36.49
2200,18,MTC,1.4336,16000,0.00,0,88.80,36.49
2200,19,MTC,1.4336,16000,0.00,0,88.80,36.49
2200,20,MTC,1.4336,16000,0.00,0,88.80,36.49
2200,1,eMBB,3.6672,25976,0.00,0,82.35,37.42
2200,2,eMBB,2.4448,25976,0.00,0,88.24,37.42
2200,3,eMBB,3.6672,25976,0.00,0,82.35,37.42
2200,4,eMBB,3.6672,25976,0.00,0,82.35,37.42
2200,5,eMBB,2.4448,25976,0.00,0,88.24,37.42
2200,6,URLLC,0.3120,390,0.00,0,0.00,26.10
2200,7,URLLC,0.3120,390,0.00,0,0.00,26.10
2200,8,URLLC,0.3120,390,0.00,0,0.00,26.10
2200,9,URLLC,0.3120,390,0.00,0,0.00,26.10
2200,10,URLLC,0.3120,390,0.00,0,0.00,26.10
2210,11,MTC,0.9216,16000,0.00,0,92.80,19.09
2210,12,MTC,0.9216,16000,0.00,0,92.80,19.09
2210,13,MTC,0.9216,16000,0.00,0,92.80,19.09
2210,14,MTC,1.0240,16000,0.00,0,92.00,19.09
2210,15,MTC,1.0240,16000,0.00,0,92.00,19.09
2210,16,MTC,1.0240,16000,0.00,0,92.00,19.09
2210,17,MTC,1.2288,16000,0.00,0,90.40,19.09
2210,18,MTC,1.0240,16000,0.00,0,92.00,19.09
2210,19,MTC,0.9216,16000,0.00,0,92.80,19.09
2210,20,MTC,0.9216,16000,0.00,0,92.80,19.09
2210,1,eMBB,2.4448,24448,0.00,0,87.50,39.68
2210,2,eMBB,3.6672,24448,0.00,0,81.25,39.68
2210,3,eMBB,2.4448,24448,0.00,0,87.50,39.68
2210,4,eMBB,2.4448,24448,0.00,0,87.50,39.68
2210,5,eMBB,3.6672,24448,0.00,0,81.25,39.68
2210,6,URLLC,0.3120,390,0.00,0,0.00,41.23
2210,7,URLLC,0.3120,390,0.00,0,0.00,41.23
2210,8,URLLC,0.3120,390,0.00,0,0.00,41.23
2210,9,URLLC,0.3120,390,0.00,0,0.00,41.23
2210,10,URLLC,0.3120,390,0.00,0,0.00,41.23
2220,11,MTC,1.1264,16000,0.00,0,91.20,25.26
2220,12,MTC,1.1264,16000,0.00,0,91.20,25.26
2220,13,MTC,1.2288,16000,0.00,0,90.40,25.26
2220,14,MTC,1.1264,16000,0.00,0,91.20,25.26
2220,15,MTC,1.1264,16000,0.00,0,91.20,25.26
2220,16,MTC,1.1264,16000,0.00,0,91.20,25.26
2220,17,MTC,1.1264,16000,0.00,0,91.20,25.26
2220,18,MTC,1.1264,16000,0.00,0,91.20,25.26
2220,19,MTC,1.1264,16000,0.00,0,91.20,25.26
2220,20,MTC,1.1264,16000,0.00,0,91.20,25.26
2220,1,eMBB,3.6672,25976,0.00,0,82.35,34.34
2220,2,eMBB,3.6672,25976,0.00,0,82.35,34.34
2220,3,eMBB,3.6672,25976,0.00,0,82.35,34.34
2220,4,eMBB,3.6672,25976,0.00,0,82.35,34.34
2220,5,eMBB,3.6672,25976,0.00,0,82.35,34.34
2220,6,URLLC,0.3120,390,0.00,0,0.00,40.40
2220,7,URLLC,0.3120,390,0.00,0,0.00,40.40
2220,8,URLLC,0.3120,390,0.00,0,0.00,40.40
2220,9,URLLC,0.3120,390,0.00,0,0.00,40.40
2220,10,URLLC,0.3120,390,0.00,0,0.00,40.40
2230,11,MTC,1.0240,16000,0.00,0,92.00,19.80
2230,12,MTC,1.0240,16000,0.00,0,92.00,19.80
2230,13,MTC,0.9216,16000,0.00,0,92.80,19.80
2230,14,MTC,0.9216,16000,0.00,0,92.80,19.80
2230,15,MTC,0.9216,16000,0.00,0,92.80,19.80
2230,16,MTC,1.0240,16000,0.00,0,92.00,19.80
2230,17,MTC,1.0240,16000,0.00,0,92.00,19.80
2230,18,MTC,1.0240,16000,0.00,0,92.00,19.80
2230,19,MTC,1.0240,16000,0.00,0,92.00,19.80
2230,20,MTC,1.0240,16000,0.00,0,92.00,19.80
2230,1,eMBB,3.6672,25976,0.00,0,82.35,49.01
2230,2,eMBB,3.6672,25976,0.00,0,82.35,49.01
2230,3,eMBB,3.6672,25976,0.00,0,82.35,49.01
2230,4,eMBB,3.6672,25976,0.00,0,82.35,49.01
2230,5,eMBB,3.6672,25976,0.00,0,82.35,49.01
2230,6,URLLC,0.3120,390,0.00,0,0.00,31.19
2230,7,URLLC,0.3120,390,0.00,0,0.00,31.19
2230,8,URLLC,0.3120,390,0.00,0,0.00,31.19
2230,9,URLLC,0.3120,390,0.00,0,0.00,31.19
2230,10,URLLC,0.3120,390,0.00,0,0.00,31.19
2240,11,MTC,1.2288,16000,0.00,0,90.40,28.16
2240,12,MTC,1.1264,16000,0.00,0,91.20,28.16
2240,13,MTC,1.2288,16000,0.00,0,90.40,28.16
2240,14,MTC,1.2288,16000,0.00,0,90.40,28.16
2240,15,MTC,1.2288,16000,0.00,0,90.40,28.16
2240,16,MTC,1.1264,16000,0.00,0,91.20,28.16
2240,17,MTC,1.2288,16000,0.00,0,90.40,28.16
2240,18,MTC,1.2288,16000,0.00,0,90.40,28.16
2240,19,MTC,1.2288,16000,0.00,0,90.40,28.16
2240,20,MTC,1.2288,16000,0.00,0,90.40,28.16
2240,1,eMBB,3.6672,24448,0.00,0,81.25,34.14
2240,2,eMBB,3.6672,24448,0.00,0,81.25,34.14
2240,3,eMBB,3.6672,24448,0.00,0,81.25,34.14
2240,4,eMBB,3.6672,24448,0.00,0,81.25,34.14
2240,5,eMBB,3.6672,24448,0.00,0,81.25,34.14
2240,6,URLLC,0.3120,390,0.00,0,0.00,37.70
2240,7,URLLC,0.3120,390,0.00,0,0.00,37.70
2240,8,URLLC,0.3120,390,0.00,0,0.00,37.70
2240,9,URLLC,0.3120,390,0.00,0,0.00,37.70
2240,10,URLLC,0.3120,390,0.00,0,0.00,37.70
2250,11,MTC,1.3312,16000,0.00,0,89.60,26.16
2250,12,MTC,1.3312,16000,0.00,0,89.60,26.16
2250,13,MTC,1.3312,16000,0.00,0,89.60,26.16
2250,14,MTC,1.3312,16000,0.00,0,89.60,26.16
2250,15,MTC,1.3312,16000,0.00,0,89.60,26.16
2250,16,MTC,1.3312,16000,0.00,0,89.60,26.16
2250,17,MTC,1.2288,16000,0.00,0,90.40,26.16
2250,18,MTC,1.2288,16000,0.00,0,90.40,26.16
2250,19,MTC,1.3312,16000,0.00,0,89.60,26.16
2250,20,MTC,1.3312,16000,0.00,0,89.60,26.16
2250,1,eMBB,3.6672,25976,0.00,0,82.35,28.55
2250,2,eMBB,3.6672,25976,0.00,0,82.35,28.55
2250,3,eMBB,3.6672,25976,0.00,0,82.35,28.55
2250,4,eMBB,3.6672,25976,0.00,0,82.35,28.55
2250,5,eMBB,3.6672,25976,0.00,0,82.35,28.55
2250,6,URLLC,0.3120,390,0.00,0,0.00,45.29
2250,7,URLLC,0.3120,390,0.00,0,0.00,45.29
2250,8,URLLC,0.3120,390,0.00,0,0.00,45.29
2250,9,URLLC,0.3120,390,0.00,0,0.00,45.29
2250,10,URLLC,0.3120,390,0.00,0,0.00,45.29
2260,11,MTC,1.1264,16000,0.00,0,91.20,22.52
2260,12,MTC,1.2288,16000,0.00,0,90.40,22.52
2260,13,MTC,1.2288,16000,0.00,0,90.40,22.52
2260,14,MTC,1.2288,16000,0.00,0,90.40,22.52
2260,15,MTC,1.1264,16000,0.00,0,91.20,22.52
2260,16,MTC,1.1264,16000,0.00,0,91.20,22.52
2260,17,MTC,0.9216,16000,0.00,0,92.80,22.52
2260,18,MTC,1.1264,16000,0.00,0,91.20,22.52
2260,19,MTC,1.1264,16000,0.00,0,91.20,22.52
2260,20,MTC,1.1264,16000,0.00,0,91.20,22.52
2260,1,eMBB,3.6672,25976,0.00,0,82.35,38.29
2260,2,eMBB,2.4448,25976,0.00,0,88.24,38.29
2260,3,eMBB,3.6672,25976,0.00,0,82.35,38.29
2260,4,eMBB,3.6672,25976,0.00,0,82.35,38.29
2260,5,eMBB,3.6672,25976,0.00,0,82.35,38.29
2260,6,URLLC,0.3120,390,0.00,0,0.00,39.19
2260,7,URLLC,0.3120,390,0.00,0,0.00,39.19
2260,8,URLLC,0.3120,390,0.00,0,0.00,39.19
2260,9,URLLC,0.3120,390,0.00,0,0.00,39.19
2260,10,URLLC,0.3120,390,0.00,0,0.00,39.19
2270,11,MTC,1.1264,16000,0.00,0,91.20,26.10
2270,12,MTC,1.2288,16000,0.00,0,90.40,26.10
2270,13,MTC,1.0240,16000,0.00,0,92.00,26.10
2270,14,MTC,1.1264,16000,0.00,0,91.20,26.10
2270,15,MTC,1.2288,16000,0.00,0,90.40,26.10
2270,16,MTC,1.2288,16000,0.00,0,90.40,26.10
2270,17,MTC,0.9216,16000,0.00,0,92.80,26.10
2270,18,MTC,1.2288,16000,0.00,0,90.40,26.10
2270,19,MTC,1.1264,16000,0.00,0,91.20,26.10
2270,20,MTC,1.1264,16000,0.00,0,91.20,26.10
2270,1,eMBB,2.4448,24448,0.00,0,87.50,23.31
2270,2,eMBB,2.4448,24448,0.00,0,87.50,23.31
2270,3,eMBB,2.4448,24448,0.00,0,87.50,23.31
2270,4,eMBB,2.4448,24448,0.00,0,87.50,23.31
2270,5,eMBB,2.4448,24448,0.00,0,87.50,23.31
2270,6,URLLC,0.3120,390,0.00,0,0.00,50.59
2270,7,URLLC,0.3120,390,0.00,0,0.00,50.59
2270,8,URLLC,0.3120,390,0.00,0,0.00,50.59
2270,9,URLLC,0.3120,390,0.00,0,0.00,50.59
2270,10,URLLC,0.3120,390,0.00,0,0.00,50.59
2280,11,MTC,1.3312,16000,0.00,0,89.60,31.88
2280,12,MTC,1.2288,16000,0.00,0,90.40,31.88
2280,13,MTC,1.3312,16000,0.00,0,89.60,31.88
2280,14,MTC,1.3312,16000,0.00,0,89.60,31.88
2280,15,MTC,1.2288,16000,0.00,0,90.40,31.88
2280,16,MTC,1.2288,16000,0.00,0,90.40,31.88
2280,17,MTC,1.6384,16000,0.00,0,87.20,31.88
2280,18,MTC,1.2288,16000,0.00,0,90.40,31.88
2280,19,MTC,1.3312,16000,0.00,0,89.60,31.88
2280,20,MTC,1.3312,16000,0.00,0,89.60,31.88
2280,1,eMBB,2.4448,25976,0.00,0,88.24,36.98
2280,2,eMBB,3.6672,25976,0.00,0,82.35,36.98
2280,3,eMBB,2.4448,25976,0.00,0,88.24,36.98
2280,4,eMBB,2.4448,25976,0.00,0,88.24,36.98
2280,5,eMBB,2.4448,25976,0.00,0,88.24,36.98
2280,6,URLLC,0.3120,390,0.00,0,0.00,31.14
2280,7,URLLC,0.3120,390,0.00,0,0.00,31.14
2280,8,URLLC,0.3120,390,0.00,0,0.00,31.14
2280,9,URLLC,0.3120,390,0.00,0,0.00,31.14
2280,10,URLLC,0.3120,390,0.00,0,0.00,31.14
2290,11,MTC,1.3312,16000,0.00,0,89.60,36.81
2290,12,MTC,1.3312,16000,0.00,0,89.60,36.81
2290,13,MTC,1.4336,16000,0.00,0,88.80,36.81
2290,14,MTC,1.3312,16000,0.00,0,89.60,36.81
2290,15,MTC,1.4336,16000,0.00,0,88.80,36.81
2290,16,MTC,1.4336,16000,0.00,0,88.80,36.81
2290,17,MTC,1.4336,16000,0.00,0,88.80,36.81
2290,18,MTC,1.4336,16000,0.00,0,88.80,36.81
2290,19,MTC,1.3312,16000,0.00,0,89.60,36.81
2290,20,MTC,1.3312,16000,0.00,0,89.60,36.81
2290,1,eMBB,2.4448,25976,0.00,0,88.24,31.34
2290,2,eMBB,2.4448,25976,0.00,0,88.24,31.34
2290,3,eMBB,2.4448,25976,0.00,0,88.24,31.34
2290,4,eMBB,2.4448,25976,0.00,0,88.24,31.34
2290,5,eMBB,2.4448,25976,0.00,0,88.24,31.34
2290,6,URLLC,0.3120,390,0.00,0,0.00,31.85
2290,7,URLLC,0.3120,390,0.00,0,0.00,31.85
2290,8,URLLC,0.3120,390,0.00,0,0.00,31.85
2290,9,URLLC,0.3120,390,0.00,0,0.00,31.85
2290,10,URLLC,0.3120,390,0.00,0,0.00,31.85
2300,11,MTC,1.1264,16000,0.00,0,91.20,21.93
2300,12,MTC,1.0240,16000,0.00,0,92.00,21.93
2300,13,MTC,1.0240,16000,0.00,0,92.00,21.93
2300,14,MTC,1.0240,16000,0.00,0,92.00,21.93
2300,15,MTC,1.0240,16000,0.00,0,92.00,21.93
2300,16,MTC,1.0240,16000,0.00,0,92.00,21.93
2300,17,MTC,1.1264,16000,0.00,0,91.20,21.93
2300,18,MTC,1.0240,16000,0.00,0,92.00,21.93
2300,19,MTC,1.0240,16000,0.00,0,92.00,21.93
2300,20,MTC,1.0240,16000,0.00,0,92.00,21.93
2300,1,eMBB,2.4448,24448,0.00,0,87.50,29.06
2300,2,eMBB,2.4448,24448,0.00,0,87.50,29.06
2300,3,eMBB,2.4448,24448,0.00,0,87.50,29.06
2300,4,eMBB,2.4448,24448,0.00,0,87.50,29.06
2300,5,eMBB,2.4448,24448,0.00,0,87.50,29.06
2300,6,URLLC,0.3120,390,0.00,0,0.00,49.00
2300,7,URLLC,0.3120,390,0.00,0,0.00,49.00
2300,8,URLLC,0.3120,390,0.00,0,0.00,49.00
2300,9,URLLC,0.3120,390,0.00,0,0.00,49.00
2300,10,URLLC,0.3120,390,0.00,0,0.00,49.00
2310,11,MTC,0.9216,16000,0.00,0,92.80,18.42
2310,12,MTC,1.0240,16000,0.00,0,92.00,18.42
2310,13,MTC,0.9216,16000,0.00,0,92.80,18.42
2310,14,MTC,0.9216,16000,0.00,0,92.80,18.42
2310,15,MTC,0.9216,16000,0.00,0,92.80,18.42
2310,16,MTC,0.9216,16000,0.00,0,92.80,18.42
2310,17,MTC,0.9216,16000,0.00,0,92.80,18.42
2310,18,MTC,0.9216,16000,0.00,0,92.80,18.42
2310,19,MTC,1.0240,16000,0.00,0,92.00,18.42
2310,20,MTC,0.9216,16000,0.00,0,92.80,18.42
2310,1,eMBB,3.6672,25976,0.00,0,82.35,43.25
2310,2,eMBB,3.6672,25976,0.00,0,82.35,43.25
2310,3,eMBB,3.6672,25976,0.00,0,82.35,43.25
2310,4,eMBB,3.6672,25976,0.00,0,82.35,43.25
2310,5,eMBB,3.6672,25976,0.00,0,82.35,43.25
2310,6,URLLC,0.3120,390,0.00,0,0.00,38.33
2310,7,URLLC,0.3120,390,0.00,0,0.00,38.33
2310,8,URLLC,0.3120,390,0.00,0,0.00,38.33
2310,9,URLLC,0.3120,390,0.00,0,0.00,38.33
2310,10,URLLC,0.3120,390,0.00,0,0.00,38.33
2320,11,MTC,1.1264,16000,0.00,0,91.20,23.55
2320,12,MTC,1.1264,16000,0.00,0,91.20,23.55
2320,13,MTC,1.2288,16000,0.00,0,90.40,23.55
2320,14,MTC,1.1264,16000,0.00,0,91.20,23.55
2320,15,MTC,1.1264,16000,0.00,0,91.20,23.55
2320,16,MTC,1.1264,16000,0.00,0,91.20,23.55
2320,17,MTC,1.1264,16000,0.00,0,91.20,23.55
2320,18,MTC,1.1264,16000,0.00,0,91.20,23.55
2320,19,MTC,1.1264,16000,0.00,0,91.20,23.55
2320,20,MTC,1.2288,16000,0.00,0,90.40,23.55
2320,1,eMBB,3.6672,25976,0.00,0,82.35,27.00
2320,2,eMBB,2.4448,25976,0.00,0,88.24,27.00
2320,3,eMBB,3.6672,25976,0.00,0,82.35,27.00
2320,4,eMBB,3.6672,25976,0.00,0,82.35,27.00
2320,5,eMBB,3.6672,25976,0.00,0,82.35,27.00
2320,6,URLLC,0.3120,390,0.00,0,0.00,49.45
2320,7,URLLC,0.3120,390,0.00,0,0.00,49.45
2320,8,URLLC,0.3120,390,0.00,0,0.00,49.45
2320,9,URLLC,0.3120,390,0.00,0,0.00,49.45
2320,10,URLLC,0.3120,390,0.00,0,0.00,49.45
2330,11,MTC,1.2288,16000,0.00,0,90.40,29.49
2330,12,MTC,1.2288,16000,0.00,0,90.40,29.49
2330,13,MTC,1.1264,16000,0.00,0,91.20,29.49
2330,14,MTC,1.3312,16000,0.00,0,89.60,29.49
2330,15,MTC,1.2288,16000,0.00,0,90.40,29.49
2330,16,MTC,1.2288,16000,0.00,0,90.40,29.49
2330,17,MTC,1.3312,16000,0.00,0,89.60,29.49
2330,18,MTC,1.3312,16000,0.00,0,89.60,29.49
2330,19,MTC,1.2288,16000,0.00,0,90.40,29.49
2330,20,MTC,1.2288,16000,0.00,0,90.40,29.49
2330,1,eMBB,2.4448,24448,0.00,0,87.50,27.13
2330,2,eMBB,2.4448,24448,0.00,0,87.50,27.13
2330,3,eMBB,2.4448,24448,0.00,0,87.50,27.13
2330,4,eMBB,2.4448,24448,0.00,0,87.50,27.13
2330,5,eMBB,2.4448,24448,0.00,0,87.50,27.13
2330,6,URLLC,0.3120,390,0.00,0,0.00,43.38
2330,7,URLLC,0.3120,390,0.00,0,0.00,43.38
2330,8,URLLC,0.3120,390,0.00,0,0.00,43.38
2330,9,URLLC,0.3120,390,0.00,0,0.00,43.38
2330,10,URLLC,0.3120,390,0.00,0,0.00,43.38
2340,11,MTC,1.4336,16000,0.00,0,88.80,28.03
2340,12,MTC,1.4336,16000,0.00,0,88.80,28.03
2340,13,MTC,1.4336,16000,0.00,0,88.80,28.03
2340,14,MTC,1.3312,16000,0.00,0,89.60,28.03
2340,15,MTC,1.3312,16000,0.00,0,89.60,28.03
2340,16,MTC,1.4336,16000,0.00,0,88.80,28.03
2340,17,MTC,1.0240,16000,0.00,0,92.00,28.03
2340,18,MTC,1.3312,16000,0.00,0,89.60,28.03
2340,19,MTC,1.3312,16000,0.00,0,89.60,28.03
2340,20,MTC,1.4336,16000,0.00,0,88.80,28.03
2340,1,eMBB,2.4448,25976,0.00,0,88.24,33.23
2340,2,eMBB,3.6672,25976,0.00,0,82.35,33.23
2340,3,eMBB,2.4448,25976,0.00,0,88.24,33.23
2340,4,eMBB,2.4448,25976,0.00,0,88.24,33.23
2340,5,eMBB,2.4448,25976,0.00,0,88.24,33.23
2340,6,URLLC,0.3120,390,0.00,0,0.00,38.74
2340,7,URLLC,0.3120,390,0.00,0,0.00,38.74
2340,8,URLLC,0.3120,390,0.00,0,0.00,38.74
2340,9,URLLC,0.3120,390,0.00,0,0.00,38.74
2340,10,URLLC,0.3120,390,0.00,0,0.00,38.74
2350,11,MTC,1.0240,16000,0.00,0,92.00,29.19
2350,12,MTC,1.0240,16000,0.00,0,92.00,29.19
2350,13,MTC,1.0240,16000,0.00,0,92.00,29.19
2350,14,MTC,1.0240,16000,0.00,0,92.00,29.19
2350,15,MTC,1.0240,16000,0.00,0,92.00,29.19
2350,16,MTC,1.0240,16000,0.00,0,92.00,29.19
2350,17,MTC,1.4336,16000,0.00,0,88.80,29.19
2350,18,MTC,1.0240,16000,0.00,0,92.00,29.19
2350,19,MTC,1.1264,16000,0.00,0,91.20,29.19
2350,20,MTC,1.0240,16000,0.00,0,92.00,29.19
2350,1,eMBB,2.4448,25976,0.00,0,88.24,36.75
2350,2,eMBB,2.4448,25976,0.00,0,88.24,36.75
2350,3,eMBB,2.4448,25976,0.00,0,88.24,36.75
2350,4,eMBB,2.4448,25976,0.00,0,88.24,36.75
2350,5,eMBB,2.4448,25976,0.00,0,88.24,36.75
2350,6,URLLC,0.3120,390,0.00,0,0.00,34.06
2350,7,URLLC,0.3120,390,0.00,0,0.00,34.06
2350,8,URLLC,0.3120,390,0.00,0,0.00,34.06
2350,9,URLLC,0.3120,390,0.00,0,0.00,34.06
2350,10,URLLC,0.3120,390,0.00,0,0.00,34.06
2360,11,MTC,1.8432,16000,0.00,0,85.60,47.77
2360,12,MTC,1.8432,16000,0.00,0,85.60,47.77
2360,13,MTC,1.8432,16000,0.00,0,85.60,47.77
2360,14,MTC,1.8432,16000,0.00,0,85.60,47.77
2360,15,MTC,1.8432,16000,0.00,0,85.60,47.77
2360,16,MTC,1.8432,16000,0.00,0,85.60,47.77
2360,17,MTC,0.8192,16000,0.00,0,93.60,47.77
2360,18,MTC,1.8432,16000,0.00,0,85.60,47.77
2360,19,MTC,1.7408,16000,0.00,0,86.40,47.77
2360,20,MTC,1.8432,16000,0.00,0,85.60,47.77
2360,1,eMBB,2.4448,24448,0.00,0,87.50,25.21
2360,2,eMBB,2.4448,24448,0.00,0,87.50,25.21
2360,3,eMBB,2.4448,24448,0.00,0,87.50,25.21
2360,4,eMBB,2.4448,24448,0.00,0,87.50,25.21
2360,5,eMBB,2.4448,24448,0.00,0,87.50,25.21
2360,6,URLLC,0.3120,390,0.00,0,0.00,27.02
2360,7,URLLC,0.3120,390,0.00,0,0.00,27.02
2360,8,URLLC,0.3120,390,0.00,0,0.00,27.02
2360,9,URLLC,0.3120,390,0.00,0,0.00,27.02
2360,10,URLLC,0.3120,390,0.00,0,0.00,27.02
2370,11,MTC,1.5360,16000,0.00,0,88.00,39.63
2370,12,MTC,1.5360,16000,0.00,0,88.00,39.63
2370,13,MTC,1.6384,16000,0.00,0,87.20,39.63
2370,14,MTC,1.5360,16000,0.00,0,88.00,39.63
2370,15,MTC,1.6384,16000,0.00,0,87.20,39.63
2370,16,MTC,1.5360,16000,0.00,0,88.00,39.63
2370,17,MTC,2.5600,16000,0.00,0,80.00,39.63
2370,18,MTC,1.5360,16000,0.00,0,88.00,39.63
2370,19,MTC,1.6384,16000,0.00,0,87.20,39.63
2370,20,MTC,1.5360,16000,0.00,0,88.00,39.63
2370,1,eMBB,2.4448,25976,0.00,0,88.24,32.93
2370,2,eMBB,2.4448,25976,0.00,0,88.24,32.93
2370,3,eMBB,2.4448,25976,0.00,0,88.24,32.93
2370,4,eMBB,2.4448,25976,0.00,0,88.24,32.93
2370,5,eMBB,2.4448,25976,0.00,0,88.24,32.93
2370,6,URLLC,0.3120,390,0.00,0,0.00,27.44
2370,7,URLLC,0.3120,390,0.00,0,0.00,27.44
2370,8,URLLC,0.3120,390,0.00,0,0.00,27.44
2370,9,URLLC,0.3120,390,0.00,0,0.00,27.44
2370,10,URLLC,0.3120,390,0.00,0,0.00,27.44
2380,11,MTC,1.1264,16000,0.00,0,91.20,37.17
2380,12,MTC,1.1264,16000,0.00,0,91.20,37.17
2380,13,MTC,1.1264,16000,0.00,0,91.20,37.17
2380,14,MTC,1.1264,16000,0.00,0,91.20,37.17
2380,15,MTC,1.1264,16000,0.00,0,91.20,37.17
2380,16,MTC,1.2288,16000,0.00,0,90.40,37.17
2380,17,MTC,1.1264,16000,0.00,0,91.20,37.17
2380,18,MTC,1.1264,16000,0.00,0,91.20,37.17
2380,19,MTC,1.1264,16000,0.00,0,91.20,37.17
2380,20,MTC,1.1264,16000,0.00,0,91.20,37.17
2380,1,eMBB,2.4448,25976,0.00,0,88.24,30.92
2380,2,eMBB,2.4448,25976,0.00,0,88.24,30.92
2380,3,eMBB,2.4448,25976,0.00,0,88.24,30.92
2380,4,eMBB,2.4448,25976,0.00,0,88.24,30.92
2380,5,eMBB,2.4448,25976,0.00,0,88.24,30.92
2380,6,URLLC,0.2496,390,0.00,0,20.00,31.91
2380,7,URLLC,0.2496,390,0.00,0,20.00,31.91
2380,8,URLLC,0.2496,390,0.00,0,20.00,31.91
2380,9,URLLC,0.2496,390,0.00,0,20.00,31.91
2380,10,URLLC,0.2496,390,0.00,0,20.00,31.91
2390,11,MTC,1.8432,16000,0.00,0,85.60,44.91
2390,12,MTC,1.8432,16000,0.00,0,85.60,44.91
2390,13,MTC,1.8432,16000,0.00,0,85.60,44.91
2390,14,MTC,1.9456,16000,0.00,0,84.80,44.91
2390,15,MTC,1.7408,16000,0.00,0,86.40,44.91
2390,16,MTC,1.8432,16000,0.00,0,85.60,44.91
2390,17,MTC,1.6384,16000,0.00,0,87.20,44.91
2390,18,MTC,1.8432,16000,0.00,0,85.60,44.91
2390,19,MTC,1.8432,16000,0.00,0,85.60,44.91
2390,20,MTC,1.8432,16000,0.00,0,85.60,44.91
2390,1,eMBB,2.4448,24448,0.00,0,87.50,21.73
2390,2,eMBB,1.2224,24448,0.00,0,93.75,21.73
2390,3,eMBB,1.2224,24448,0.00,0,93.75,21.73
2390,4,eMBB,2.4448,24448,0.00,0,87.50,21.73
2390,5,eMBB,1.2224,24448,0.00,0,93.75,21.73
2390,6,URLLC,0.3744,390,0.00,0,0.00,33.36
2390,7,URLLC,0.3744,390,0.00,0,0.00,33.36
2390,8,URLLC,0.3744,390,0.00,0,0.00,33.36
2390,9,URLLC,0.3744,390,0.00,0,0.00,33.36
2390,10,URLLC,0.3744,390,0.00,0,0.00,33.36
2400,11,MTC,1.4336,16000,0.00,0,88.80,35.07
2400,12,MTC,1.4336,16000,0.00,0,88.80,35.07
2400,13,MTC,1.3312,16000,0.00,0,89.60,35.07
2400,14,MTC,1.3312,16000,0.00,0,89.60,35.07
2400,15,MTC,1.4336,16000,0.00,0,88.80,35.07
2400,16,MTC,1.3312,16000,0.00,0,89.60,35.07
2400,17,MTC,1.6384,16000,0.00,0,87.20,35.07
2400,18,MTC,1.4336,16000,0.00,0,88.80,35.07
2400,19,MTC,1.4336,16000,0.00,0,88.80,35.07
2400,20,MTC,1.5360,16000,0.00,0,88.00,35.07
2400,1,eMBB,1.2224,25976,0.00,0,94.12,21.46
2400,2,eMBB,2.4448,25976,0.00,0,88.24,21.46
2400,3,eMBB,2.4448,25976,0.00,0,88.24,21.46
2400,4,eMBB,1.2224,25976,0.00,0,94.12,21.46
2400,5,eMBB,2.4448,25976,0.00,0,88.24,21.46
2400,6,URLLC,0.3120,390,0.00,0,0.00,43.46
2400,7,URLLC,0.3120,390,0.00,0,0.00,43.46
2400,8,URLLC,0.3120,390,0.00,0,0.00,43.46
2400,9,URLLC,0.3120,390,0.00,0,0.00,43.46
2400,10,URLLC,0.3120,390,0.00,0,0.00,43.46
2410,11,MTC,1.4336,16000,0.00,0,88.80,20.84
2410,12,MTC,1.3312,16000,0.00,0,89.60,20.84
2410,13,MTC,1.4336,16000,0.00,0,88.80,20.84
2410,14,MTC,1.3312,16000,0.00,0,89.60,20.84
2410,15,MTC,1.3312,16000,0.00,0,89.60,20.84
2410,16,MTC,1.3312,16000,0.00,0,89.60,20.84
2410,17,MTC,1.3312,16000,0.00,0,89.60,20.84
2410,18,MTC,1.3312,16000,0.00,0,89.60,20.84
2410,19,MTC,1.4336,16000,0.00,0,88.80,20.84
2410,20,MTC,1.3312,16000,0.00,0,89.60,20.84
2410,1,eMBB,2.4448,25976,0.00,0,88.24,25.69
2410,2,eMBB,2.4448,25976,0.00,0,88.24,25.69
2410,3,eMBB,2.4448,25976,0.00,0,88.24,25.69
2410,4,eMBB,2.4448,25976,0.00,0,88.24,25.69
2410,5,eMBB,2.4448,25976,0.00,0,88.24,25.69
2410,6,URLLC,0.3120,390,0.00,0,0.00,53.46
2410,7,URLLC,0.3120,390,0.00,0,0.00,53.46
2410,8,URLLC,0.3120,390,0.00,0,0.00,53.46
2410,9,URLLC,0.3120,390,0.00,0,0.00,53.46
2410,10,URLLC,0.3120,390,0.00,0,0.00,53.46
2420,11,MTC,1.1264,16000,0.00,0,91.20,23.16
2420,12,MTC,1.2288,16000,0.00,0,90.40,23.16
2420,13,MTC,1.1264,16000,0.00,0,91.20,23.16
2420,14,MTC,1.1264,16000,0.00,0,91.20,23.16
2420,15,MTC,1.2288,16000,0.00,0,90.40,23.16
2420,16,MTC,1.2288,16000,0.00,0,90.40,23.16
2420,17,MTC,0.8192,16000,0.00,0,93.60,23.16
2420,18,MTC,1.1264,16000,0.00,0,91.20,23.16
2420,19,MTC,1.1264,16000,0.00,0,91.20,23.16
2420,20,MTC,1.1264,16000,0.00,0,91.20,23.16
2420,1,eMBB,3.6672,24448,0.00,0,81.25,41.12
2420,2,eMBB,3.6672,24448,0.00,0,81.25,41.12
2420,3,eMBB,3.6672,24448,0.00,0,81.25,41.12
2420,4,eMBB,3.6672,24448,0.00,0,81.25,41.12
2420,5,eMBB,3.6672,24448,0.00,0,81.25,41.12
2420,6,URLLC,0.3120,390,0.00,0,0.00,35.72
2420,7,URLLC,0.3120,390,0.00,0,0.00,35.72
2420,8,URLLC,0.3120,390,0.00,0,0.00,35.72
2420,9,URLLC,0.3120,390,0.00,0,0.00,35.72
2420,10,URLLC,0.3120,390,0.00,0,0.00,35.72
2430,11,MTC,1.3312,16000,0.00,0,89.60,34.83
2430,12,MTC,1.3312,16000,0.00,0,89.60,34.83
2430,13,MTC,1.2288,16000,0.00,0,90.40,34.83
2430,14,MTC,1.3312,16000,0.00,0,89.60,34.83
2430,15,MTC,1.2288,16000,0.00,0,90.40,34.83
2430,16,MTC,1.3312,16000,0.00,0,89.60,34.83
2430,17,MTC,1.6384,16000,0.00,0,87.20,34.83
2430,18,MTC,1.3312,16000,0.00,0,89.60,34.83
2430,19,MTC,1.3312,16000,0.00,0,89.60,34.83
2430,20,MTC,1.3312,16000,0.00,0,89.60,34.83
2430,1,eMBB,2.4448,25976,0.00,0,88.24,27.10
2430,2,eMBB,2.4448,25976,0.00,0,88.24,27.10
2430,3,eMBB,2.4448,25976,0.00,0,88.24,27.10
2430,4,eMBB,2.4448,25976,0.00,0,88.24,27.10
2430,5,eMBB,2.4448,25976,0.00,0,88.24,27.10
2430,6,URLLC,0.3120,390,0.00,0,0.00,38.07
2430,7,URLLC,0.3120,390,0.00,0,0.00,38.07
2430,8,URLLC,0.3120,390,0.00,0,0.00,38.07
2430,9,URLLC,0.3120,390,0.00,0,0.00,38.07
2430,10,URLLC,0.3120,390,0.00,0,0.00,38.07
2440,11,MTC,1.1264,16000,0.00,0,91.20,22.87
2440,12,MTC,1.0240,16000,0.00,0,92.00,22.87
2440,13,MTC,1.2288,16000,0.00,0,90.40,22.87
2440,14,MTC,1.1264,16000,0.00,0,91.20,22.87
2440,15,MTC,1.1264,16000,0.00,0,91.20,22.87
2440,16,MTC,1.0240,16000,0.00,0,92.00,22.87
2440,17,MTC,0.8192,16000,0.00,0,93.60,22.87
2440,18,MTC,1.1264,16000,0.00,0,91.20,22.87
2440,19,MTC,1.0240,16000,0.00,0,92.00,22.87
2440,20,MTC,1.0240,16000,0.00,0,92.00,22.87
2440,1,eMBB,2.4448,25976,0.00,0,88.24,35.78
2440,2,eMBB,2.4448,25976,0.00,0,88.24,35.78
2440,3,eMBB,2.4448,25976,0.00,0,88.24,35.78
2440,4,eMBB,2.4448,25976,0.00,0,88.24,35.78
2440,5,eMBB,2.4448,25976,0.00,0,88.24,35.78
2440,6,URLLC,0.2496,390,0.00,0,20.00,41.35
2440,7,URLLC,0.2496,390,0.00,0,20.00,41.35
2440,8,URLLC,0.2496,390,0.00,0,20.00,41.35
2440,9,URLLC,0.2496,390,0.00,0,20.00,41.35
2440,10,URLLC,0.2496,390,0.00,0,20.00,41.35
2450,11,MTC,1.0240,16000,0.00,0,92.00,34.31
2450,12,MTC,1.0240,16000,0.00,0,92.00,34.31
2450,13,MTC,1.0240,16000,0.00,0,92.00,34.31
2450,14,MTC,1.0240,16000,0.00,0,92.00,34.31
2450,15,MTC,1.0240,16000,0.00,0,92.00,34.31
2450,16,MTC,1.0240,16000,0.00,0,92.00,34.31
2450,17,MTC,1.3312,16000,0.00,0,89.60,34.31
2450,18,MTC,1.0240,16000,0.00,0,92.00,34.31
2450,19,MTC,1.1264,16000,0.00,0,91.20,34.31
2450,20,MTC,1.1264,16000,0.00,0,91.20,34.31
2450,1,eMBB,2.4448,24448,0.00,0,87.50,39.71
2450,2,eMBB,2.4448,24448,0.00,0,87.50,39.71
2450,3,eMBB,2.4448,24448,0.00,0,87.50,39.71
2450,4,eMBB,2.4448,24448,0.00,0,87.50,39.71
2450,5,eMBB,2.4448,24448,0.00,0,87.50,39.71
2450,6,URLLC,0.3744,390,0.00,0,0.00,25.98
2450,7,URLLC,0.3744,390,0.00,0,0.00,25.98
2450,8,URLLC,0.3744,390,0.00,0,0.00,25.98
2450,9,URLLC,0.3744,390,0.00,0,0.00,25.98
2450,10,URLLC,0.3744,390,0.00,0,0.00,25.98
2460,11,MTC,1.6384,16000,0.00,0,87.20,35.92
2460,12,MTC,1.6384,16000,0.00,0,87.20,35.92
2460,13,MTC,1.5360,16000,0.00,0,88.00,35.92
2460,14,MTC,1.6384,16000,0.00,0,87.20,35.92
2460,15,MTC,1.6384,16000,0.00,0,87.20,35.92
2460,16,MTC,1.6384,16000,0.00,0,87.20,35.92
2460,17,MTC,1.6384,16000,0.00,0,87.20,35.92
2460,18,MTC,1.5360,16000,0.00,0,88.00,35.92
2460,19,MTC,1.6384,16000,0.00,0,87.20,35.92
2460,20,MTC,1.5360,16000,0.00,0,88.00,35.92
2460,1,eMBB,2.4448,25976,0.00,0,88.24,32.05
2460,2,eMBB,2.4448,25976,0.00,0,88.24,32.05
2460,3,eMBB,2.4448,25976,0.00,0,88.24,32.05
2460,4,eMBB,3.6672,25976,0.00,0,82.35,32.05
2460,5,eMBB,2.4448,25976,0.00,0,88.24,32.05
2460,6,URLLC,0.3120,390,0.00,0,0.00,32.03
2460,7,URLLC,0.3120,390,0.00,0,0.00,32.03
2460,8,URLLC,0.3120,390,0.00,0,0.00,32.03
2460,9,URLLC,0.3120,390,0.00,0,0.00,32.03
2460,10,URLLC,0.3120,390,0.00,0,0.00,32.03
2470,11,MTC,1.5360,16000,0.00,0,88.00,41.55
2470,12,MTC,1.5360,16000,0.00,0,88.00,41.55
2470,13,MTC,1.5360,16000,0.00,0,88.00,41.55
2470,14,MTC,1.5360,16000,0.00,0,88.00,41.55
2470,15,MTC,1.5360,16000,0.00,0,88.00,41.55
2470,16,MTC,1.5360,16000,0.00,0,88.00,41.55
2470,17,MTC,1.5360,16000,0.00,0,88.00,41.55
2470,18,MTC,1.6384,16000,0.00,0,87.20,41.55
2470,19,MTC,1.5360,16000,0.00,0,88.00,41.55
2470,20,MTC,1.5360,16000,0.00,0,88.00,41.55
2470,1,eMBB,2.4448,25976,0.00,0,88.24,31.66
2470,2,eMBB,2.4448,25976,0.00,0,88.24,31.66
2470,3,eMBB,2.4448,25976,0.00,0,88.24,31.66
2470,4,eMBB,1.2224,25976,0.00,0,94.12,31.66
2470,5,eMBB,2.4448,25976,0.00,0,88.24,31.66
2470,6,URLLC,0.3120,390,0.00,0,0.00,26.79
2470,7,URLLC,0.3120,390,0.00,0,0.00,26.79
2470,8,URLLC,0.3120,390,0.00,0,0.00,26.79
2470,9,URLLC,0.3120,390,0.00,0,0.00,26.79
2470,10,URLLC,0.3120,390,0.00,0,0.00,26.79
2480,11,MTC,1.6384,16000,0.00,0,87.20,41.84
2480,12,MTC,1.7408,16000,0.00,0,86.40,41.84
2480,13,MTC,1.7408,16000,0.00,0,86.40,41.84
2480,14,MTC,1.6384,16000,0.00,0,87.20,41.84
2480,15,MTC,1.6384,16000,0.00,0,87.20,41.84
2480,16,MTC,1.6384,16000,0.00,0,87.20,41.84
2480,17,MTC,1.6384,16000,0.00,0,87.20,41.84
2480,18,MTC,1.6384,16000,0.00,0,87.20,41.84
2480,19,MTC,1.6384,16000,0.00,0,87.20,41.84
2480,20,MTC,1.7408,16000,0.00,0,86.40,41.84
2480,1,eMBB,2.4448,24448,0.00,0,87.50,24.97
2480,2,eMBB,2.4448,24448,0.00,0,87.50,24.97
2480,3,eMBB,2.4448,24448,0.00,0,87.50,24.97
2480,4,eMBB,2.4448,24448,0.00,0,87.50,24.97
2480,5,eMBB,2.4448,24448,0.00,0,87.50,24.97
2480,6,URLLC,0.3120,390,0.00,0,0.00,33.18
2480,7,URLLC,0.3120,390,0.00,0,0.00,33.18
2480,8,URLLC,0.3120,390,0.00,0,0.00,33.18
2480,9,URLLC,0.3120,390,0.00,0,0.00,33.18
2480,10,URLLC,0.3120,390,0.00,0,0.00,33.18
2490,11,MTC,1.1264,16000,0.00,0,91.20,20.94
2490,12,MTC,1.0240,16000,0.00,0,92.00,20.94
2490,13,MTC,1.1264,16000,0.00,0,91.20,20.94
2490,14,MTC,1.1264,16000,0.00,0,91.20,20.94
2490,15,MTC,1.1264,16000,0.00,0,91.20,20.94
2490,16,MTC,1.1264,16000,0.00,0,91.20,20.94
2490,17,MTC,1.1264,16000,0.00,0,91.20,20.94
2490,18,MTC,1.1264,16000,0.00,0,91.20,20.94
2490,19,MTC,1.1264,16000,0.00,0,91.20,20.94
2490,20,MTC,1.0240,16000,0.00,0,92.00,20.94
2490,1,eMBB,2.4448,25976,0.00,0,88.24,34.05
2490,2,eMBB,2.4448,25976,0.00,0,88.24,34.05
2490,3,eMBB,2.4448,25976,0.00,0,88.24,34.05
2490,4,eMBB,2.4448,25976,0.00,0,88.24,34.05
2490,5,eMBB,2.4448,25976,0.00,0,88.24,34.05
2490,6,URLLC,0.2496,390,0.00,0,20.00,45.00
2490,7,URLLC,0.2496,390,0.00,0,20.00,45.00
2490,8,URLLC,0.2496,390,0.00,0,20.00,45.00
2490,9,URLLC,0.2496,390,0.00,0,20.00,45.00
2490,10,URLLC,0.2496,390,0.00,0,20.00,45.00
2500,11,MTC,1.3312,16000,0.00,0,89.60,34.93
2500,12,MTC,1.3312,16000,0.00,0,89.60,34.93
2500,13,MTC,1.3312,16000,0.00,0,89.60,34.93
2500,14,MTC,1.3312,16000,0.00,0,89.60,34.93
2500,15,MTC,1.3312,16000,0.00,0,89.60,34.93
2500,16,MTC,1.3312,16000,0.00,0,89.60,34.93
2500,17,MTC,1.4336,16000,0.00,0,88.80,34.93
2500,18,MTC,1.3312,16000,0.00,0,89.60,34.93
2500,19,MTC,1.3312,16000,0.00,0,89.60,34.93
2500,20,MTC,1.4336,16000,0.00,0,88.80,34.93
2500,1,eMBB,3.6672,25976,0.00,0,82.35,36.26
2500,2,eMBB,2.4448,25976,0.00,0,88.24,36.26
2500,3,eMBB,3.6672,25976,0.00,0,82.35,36.26
2500,4,eMBB,3.6672,25976,0.00,0,82.35,36.26
2500,5,eMBB,2.4448,25976,0.00,0,88.24,36.26
2500,6,URLLC,0.3744,390,0.00,0,0.00,28.81
2500,7,URLLC,0.3744,390,0.00,0,0.00,28.81
2500,8,URLLC,0.3744,390,0.00,0,0.00,28.81
2500,9,URLLC,0.3744,390,0.00,0,0.00,28.81
2500,10,URLLC,0.3744,390,0.00,0,0.00,28.81
2510,11,MTC,1.6384,16000,0.00,0,87.20,38.13
2510,12,MTC,1.7408,16000,0.00,0,86.40,38.13
2510,13,MTC,1.6384,16000,0.00,0,87.20,38.13
2510,14,MTC,1.6384,16000,0.00,0,87.20,38.13
2510,15,MTC,1.6384,16000,0.00,0,87.20,38.13
2510,16,MTC,1.6384,16000,0.00,0,87.20,38.13
2510,17,MTC,1.6384,16000,0.00,0,87.20,38.13
2510,18,MTC,1.6384,16000,0.00,0,87.20,38.13
2510,19,MTC,1.6384,16000,0.00,0,87.20,38.13
2510,20,MTC,1.6384,16000,0.00,0,87.20,38.13
2510,1,eMBB,2.4448,24448,0.00,0,87.50,29.22
2510,2,eMBB,3.6672,24448,0.00,0,81.25,29.22
2510,3,eMBB,2.4448,24448,0.00,0,87.50,29.22
2510,4,eMBB,2.4448,24448,0.00,0,87.50,29.22
2510,5,eMBB,3.6672,24448,0.00,0,81.25,29.22
2510,6,URLLC,0.3120,390,0.00,0,0.00,32.66
2510,7,URLLC,0.3120,390,0.00,0,0.00,32.66
2510,8,URLLC,0.3120,390,0.00,0,0.00,32.66
2510,9,URLLC,0.3120,390,0.00,0,0.00,32.66
2510,10,URLLC,0.3120,390,0.00,0,0.00,32.66
2520,11,MTC,1.3312,16000,0.00,0,89.60,19.82
2520,12,MTC,1.3312,16000,0.00,0,89.60,19.82
2520,13,MTC,1.3312,16000,0.00,0,89.60,19.82
2520,14,MTC,1.3312,16000,0.00,0,89.60,19.82
2520,15,MTC,1.3312,16000,0.00,0,89.60,19.82
2520,16,MTC,1.3312,16000,0.00,0,89.60,19.82
2520,17,MTC,1.3312,16000,0.00,0,89.60,19.82
2520,18,MTC,1.3312,16000,0.00,0,89.60,19.82
2520,19,MTC,1.3312,16000,0.00,0,89.60,19.82
2520,20,MTC,1.3312,16000,0.00,0,89.60,19.82
2520,1,eMBB,2.4448,25976,0.00,0,88.24,26.31
2520,2,eMBB,2.4448,25976,0.00,0,88.24,26.31
2520,3,eMBB,2.4448,25976,0.00,0,88.24,26.31
2520,4,eMBB,2.4448,25976,0.00,0,88.24,26.31
2520,5,eMBB,2.4448,25976,0.00,0,88.24,26.31
2520,6,URLLC,0.3120,390,0.00,0,0.00,53.87
2520,7,URLLC,0.3120,390,0.00,0,0.00,53.87
2520,8,URLLC,0.3120,390,0.00,0,0.00,53.87
2520,9,URLLC,0.3120,390,0.00,0,0.00,53.87
2520,10,URLLC,0.3120,390,0.00,0,0.00,53.87
2530,11,MTC,1.6384,16000,0.00,0,87.20,40.15
2530,12,MTC,1.5360,16000,0.00,0,88.00,40.15
2530,13,MTC,1.6384,16000,0.00,0,87.20,40.15
2530,14,MTC,1.6384,16000,0.00,0,87.20,40.15
2530,15,MTC,1.6384,16000,0.00,0,87.20,40.15
2530,16,MTC,1.6384,16000,0.00,0,87.20,40.15
2530,17,MTC,1.6384,16000,0.00,0,87.20,40.15
2530,18,MTC,1.6384,16000,0.00,0,87.20,40.15
2530,19,MTC,1.6384,16000,0.00,0,87.20,40.15
2530,20,MTC,1.6384,16000,0.00,0,87.20,40.15
2530,1,eMBB,2.4448,25976,0.00,0,88.24,27.37
2530,2,eMBB,2.4448,25976,0.00,0,88.24,27.37
2530,3,eMBB,2.4448,25976,0.00,0,88.24,27.37
2530,4,eMBB,2.4448,25976,0.00,0,88.24,27.37
2530,5,eMBB,2.4448,25976,0.00,0,88.24,27.37
2530,6,URLLC,0.3120,390,0.00,0,0.00,32.48
2530,7,URLLC,0.3120,390,0.00,0,0.00,32.48
2530,8,URLLC,0.3120,390,0.00,0,0.00,32.48
2530,9,URLLC,0.3120,390,0.00,0,0.00,32.48
2530,10,URLLC,0.3120,390,0.00,0,0.00,32.48
2540,11,MTC,1.4336,16000,0.00,0,88.80,26.00
2540,12,MTC,1.4336,16000,0.00,0,88.80,26.00
2540,13,MTC,1.4336,16000,0.00,0,88.80,26.00
2540,14,MTC,1.4336,16000,0.00,0,88.80,26.00
2540,15,MTC,1.4336,16000,0.00,0,88.80,26.00
2540,16,MTC,1.3312,16000,0.00,0,89.60,26.00
2540,17,MTC,1.3312,16000,0.00,0,89.60,26.00
2540,18,MTC,1.4336,16000,0.00,0,88.80,26.00
2540,19,MTC,1.4336,16000,0.00,0,88.80,26.00
2540,20,MTC,1.3312,16000,0.00,0,89.60,26.00
2540,1,eMBB,3.6672,24448,0.00,0,81.25,40.28
2540,2,eMBB,3.6672,24448,0.00,0,81.25,40.28
2540,3,eMBB,3.6672,24448,0.00,0,81.25,40.28
2540,4,eMBB,3.6672,24448,0.00,0,81.25,40.28
2540,5,eMBB,3.6672,24448,0.00,0,81.25,40.28
2540,6,URLLC,0.3120,390,0.00,0,0.00,33.73
2540,7,URLLC,0.3120,390,0.00,0,0.00,33.73
2540,8,URLLC,0.3120,390,0.00,0,0.00,33.73
2540,9,URLLC,0.3120,390,0.00,0,0.00,33.73
2540,10,URLLC,0.3120,390,0.00,0,0.00,33.73
2550,11,MTC,1.6384,16000,0.00,0,87.20,43.85
2550,12,MTC,1.7408,16000,0.00,0,86.40,43.85
2550,13,MTC,1.6384,16000,0.00,0,87.20,43.85
2550,14,MTC,1.6384,16000,0.00,0,87.20,43.85
2550,15,MTC,1.6384,16000,0.00,0,87.20,43.85
2550,16,MTC,1.7408,16000,0.00,0,86.40,43.85
2550,17,MTC,1.6384,16000,0.00,0,87.20,43.85
2550,18,MTC,1.6384,16000,0.00,0,87.20,43.85
2550,19,MTC,1.6384,16000,0.00,0,87.20,43.85
2550,20,MTC,1.7408,16000,0.00,0,86.40,43.85
2550,1,eMBB,2.4448,25976,0.00,0,88.24,28.22
2550,2,eMBB,2.4448,25976,0.00,0,88.24,28.22
2550,3,eMBB,2.4448,25976,0.00,0,88.24,28.22
2550,4,eMBB,2.4448,25976,0.00,0,88.24,28.22
2550,5,eMBB,2.4448,25976,0.00,0,88.24,28.22
2550,6,URLLC,0.3120,390,0.00,0,0.00,27.93
2550,7,URLLC,0.3120,390,0.00,0,0.00,27.93
2550,8,URLLC,0.3120,390,0.00,0,0.00,27.93
2550,9,URLLC,0.3120,390,0.00,0,0.00,27.93
2550,10,URLLC,0.3120,390,0.00,0,0.00,27.93
2560,11,MTC,1.8432,16000,0.00,0,85.60,34.86
2560,12,MTC,1.7408,16000,0.00,0,86.40,34.86
2560,13,MTC,1.7408,16000,0.00,0,86.40,34.86
2560,14,MTC,1.8432,16000,0.00,0,85.60,34.86
2560,15,MTC,1.7408,16000,0.00,0,86.40,34.86
2560,16,MTC,1.7408,16000,0.00,0,86.40,34.86
2560,17,MTC,1.8432,16000,0.00,0,85.60,34.86
2560,18,MTC,1.8432,16000,0.00,0,85.60,34.86
2560,19,MTC,1.7408,16000,0.00,0,86.40,34.86
2560,20,MTC,1.7408,16000,0.00,0,86.40,34.86
2560,1,eMBB,2.4448,25976,0.00,0,88.24,25.10
2560,2,eMBB,2.4448,25976,0.00,0,88.24,25.10
2560,3,eMBB,2.4448,25976,0.00,0,88.24,25.10
2560,4,eMBB,2.4448,25976,0.00,0,88.24,25.10
2560,5,eMBB,2.4448,25976,0.00,0,88.24,25.10
2560,6,URLLC,0.3120,390,0.00,0,0.00,40.04
2560,7,URLLC,0.3120,390,0.00,0,0.00,40.04
2560,8,URLLC,0.3120,390,0.00,0,0.00,40.04
2560,9,URLLC,0.3120,390,0.00,0,0.00,40.04
2560,10,URLLC,0.3120,390,0.00,0,0.00,40.04
2570,11,MTC,1.1264,16000,0.00,0,91.20,22.53
2570,12,MTC,1.1264,16000,0.00,0,91.20,22.53
2570,13,MTC,1.2288,16000,0.00,0,90.40,22.53
2570,14,MTC,1.1264,16000,0.00,0,91.20,22.53
2570,15,MTC,1.2288,16000,0.00,0,90.40,22.53
2570,16,MTC,1.2288,16000,0.00,0,90.40,22.53
2570,17,MTC,1.2288,16000,0.00,0,90.40,22.53
2570,18,MTC,1.2288,16000,0.00,0,90.40,22.53
2570,19,MTC,1.2288,16000,0.00,0,90.40,22.53
2570,20,MTC,1.2288,16000,0.00,0,90.40,22.53
2570,1,eMBB,3.6672,24448,0.00,0,81.25,48.84
2570,2,eMBB,3.6672,24448,0.00,0,81.25,48.84
2570,3,eMBB,3.6672,24448,0.00,0,81.25,48.84
2570,4,eMBB,3.6672,24448,0.00,0,81.25,48.84
2570,5,eMBB,3.6672,24448,0.00,0,81.25,48.84
2570,6,URLLC,0.3120,390,0.00,0,0.00,28.63
2570,7,URLLC,0.3120,390,0.00,0,0.00,28.63
2570,8,URLLC,0.3120,390,0.00,0,0.00,28.63
2570,9,URLLC,0.3120,390,0.00,0,0.00,28.63
2570,10,URLLC,0.3120,390,0.00,0,0.00,28.63
2580,11,MTC,1.1264,16000,0.00,0,91.20,28.98
2580,12,MTC,1.2288,16000,0.00,0,90.40,28.98
2580,13,MTC,1.2288,16000,0.00,0,90.40,28.98
2580,14,MTC,1.2288,16000,0.00,0,90.40,28.98
2580,15,MTC,1.2288,16000,0.00,0,90.40,28.98
2580,16,MTC,1.2288,16000,0.00,0,90.40,28.98
2580,17,MTC,1.1264,16000,0.00,0,91.20,28.98
2580,18,MTC,1.1264,16000,0.00,0,91.20,28.98
2580,19,MTC,1.1264,16000,0.00,0,91.20,28.98
2580,20,MTC,1.0240,16000,0.00,0,92.00,28.98
2580,1,eMBB,2.4448,25976,0.00,0,88.24,24.25
2580,2,eMBB,2.4448,25976,0.00,0,88.24,24.25
2580,3,eMBB,2.4448,25976,0.00,0,88.24,24.25
2580,4,eMBB,2.4448,25976,0.00,0,88.24,24.25
2580,5,eMBB,2.4448,25976,0.00,0,88.24,24.25
2580,6,URLLC,0.3120,390,0.00,0,0.00,46.78
2580,7,URLLC,0.3120,390,0.00,0,0.00,46.78
2580,8,URLLC,0.3120,390,0.00,0,0.00,46.78
2580,9,URLLC,0.3120,390,0.00,0,0.00,46.78
2580,10,URLLC,0.3120,390,0.00,0,0.00,46.78
2590,11,MTC,1.1264,16000,0.00,0,91.20,17.47
2590,12,MTC,1.0240,16000,0.00,0,92.00,17.47
2590,13,MTC,1.0240,16000,0.00,0,92.00,17.47
2590,14,MTC,1.0240,16000,0.00,0,92.00,17.47
2590,15,MTC,1.0240,16000,0.00,0,92.00,17.47
2590,16,MTC,1.0240,16000,0.00,0,92.00,17.47
2590,17,MTC,0.7168,16000,0.00,0,94.40,17.47
2590,18,MTC,1.1264,16000,0.00,0,91.20,17.47
2590,19,MTC,1.1264,16000,0.00,0,91.20,17.47
2590,20,MTC,1.1264,16000,0.00,0,91.20,17.47
2590,1,eMBB,3.6672,25976,0.00,0,82.35,38.61
2590,2,eMBB,3.6672,25976,0.00,0,82.35,38.61
2590,3,eMBB,3.6672,25976,0.00,0,82.35,38.61
2590,4,eMBB,3.6672,25976,0.00,0,82.35,38.61
2590,5,eMBB,3.6672,25976,0.00,0,82.35,38.61
2590,6,URLLC,0.3120,390,0.00,0,0.00,43.92
2590,7,URLLC,0.3120,390,0.00,0,0.00,43.92
2590,8,URLLC,0.3120,390,0.00,0,0.00,43.92
2590,9,URLLC,0.3120,390,0.00,0,0.00,43.92
2590,10,URLLC,0.3120,390,0.00,0,0.00,43.92
2600,11,MTC,1.5360,16000,0.00,0,88.00,45.21
2600,12,MTC,1.5360,16000,0.00,0,88.00,45.21
2600,13,MTC,1.5360,16000,0.00,0,88.00,45.21
2600,14,MTC,1.6384,16000,0.00,0,87.20,45.21
2600,15,MTC,1.5360,16000,0.00,0,88.00,45.21
2600,16,MTC,1.6384,16000,0.00,0,87.20,45.21
2600,17,MTC,1.9456,16000,0.00,0,84.80,45.21
2600,18,MTC,1.5360,16000,0.00,0,88.00,45.21
2600,19,MTC,1.5360,16000,0.00,0,88.00,45.21
2600,20,MTC,1.6384,16000,0.00,0,87.20,45.21
2600,1,eMBB,2.4448,24448,0.00,0,87.50,23.48
2600,2,eMBB,2.4448,24448,0.00,0,87.50,23.48
2600,3,eMBB,2.4448,24448,0.00,0,87.50,23.48
2600,4,eMBB,2.4448,24448,0.00,0,87.50,23.48
2600,5,eMBB,2.4448,24448,0.00,0,87.50,23.48
2600,6,URLLC,0.3120,390,0.00,0,0.00,31.32
2600,7,URLLC,0.3120,390,0.00,0,0.00,31.32
2600,8,URLLC,0.3120,390,0.00,0,0.00,31.32
2600,9,URLLC,0.3120,390,0.00,0,0.00,31.32
2600,10,URLLC,0.3120,390,0.00,0,0.00,31.32
2610,11,MTC,1.4336,16000,0.00,0,88.80,21.84
2610,12,MTC,1.4336,16000,0.00,0,88.80,21.84
2610,13,MTC,1.4336,16000,0.00,0,88.80,21.84
2610,14,MTC,1.3312,16000,0.00,0,89.60,21.84
2610,15,MTC,1.4336,16000,0.00,0,88.80,21.84
2610,16,MTC,1.3312,16000,0.00,0,89.60,21.84
2610,17,MTC,1.3312,16000,0.00,0,89.60,21.84
2610,18,MTC,1.3312,16000,0.00,0,89.60,21.84
2610,19,MTC,1.3312,16000,0.00,0,89.60,21.84
2610,20,MTC,1.3312,16000,0.00,0,89.60,21.84
2610,1,eMBB,3.6672,25976,0.00,0,82.35,37.21
2610,2,eMBB,2.4448,25976,0.00,0,88.24,37.21
2610,3,eMBB,3.6672,25976,0.00,0,82.35,37.21
2610,4,eMBB,3.6672,25976,0.00,0,82.35,37.21
2610,5,eMBB,2.4448,25976,0.00,0,88.24,37.21
2610,6,URLLC,0.3120,390,0.00,0,0.00,40.96
2610,7,URLLC,0.3120,390,0.00,0,0.00,40.96
2610,8,URLLC,0.3120,390,0.00,0,0.00,40.96
2610,9,URLLC,0.3120,390,0.00,0,0.00,40.96
2610,10,URLLC,0.3120,390,0.00,0,0.00,40.96
2620,11,MTC,1.1264,16000,0.00,0,91.20,31.84
2620,12,MTC,1.2288,16000,0.00,0,90.40,31.84
2620,13,MTC,1.1264,16000,0.00,0,91.20,31.84
2620,14,MTC,1.2288,16000,0.00,0,90.40,31.84
2620,15,MTC,1.1264,16000,0.00,0,91.20,31.84
2620,16,MTC,1.1264,16000,0.00,0,91.20,31.84
2620,17,MTC,1.2288,16000,0.00,0,90.40,31.84
2620,18,MTC,1.1264,16000,0.00,0,91.20,31.84
2620,19,MTC,1.1264,16000,0.00,0,91.20,31.84
2620,20,MTC,1.1264,16000,0.00,0,91.20,31.84
2620,1,eMBB,2.4448,25976,0.00,0,88.24,37.17
2620,2,eMBB,3.6672,25976,0.00,0,82.35,37.17
2620,3,eMBB,2.4448,25976,0.00,0,88.24,37.17
2620,4,eMBB,2.4448,25976,0.00,0,88.24,37.17
2620,5,eMBB,3.6672,25976,0.00,0,82.35,37.17
2620,6,URLLC,0.3120,390,0.00,0,0.00,30.99
2620,7,URLLC,0.3120,390,0.00,0,0.00,30.99
2620,8,URLLC,0.3120,390,0.00,0,0.00,30.99
2620,9,URLLC,0.3120,390,0.00,0,0.00,30.99
2620,10,URLLC,0.3120,390,0.00,0,0.00,30.99
2630,11,MTC,1.3312,16000,0.00,0,89.60,22.12
2630,12,MTC,1.2288,16000,0.00,0,90.40,22.12
2630,13,MTC,1.3312,16000,0.00,0,89.60,22.12
2630,14,MTC,1.2288,16000,0.00,0,90.40,22.12
2630,15,MTC,1.3312,16000,0.00,0,89.60,22.12
2630,16,MTC,1.3312,16000,0.00,0,89.60,22.12
2630,17,MTC,1.3312,16000,0.00,0,89.60,22.12
2630,18,MTC,1.3312,16000,0.00,0,89.60,22.12
2630,19,MTC,1.3312,16000,0.00,0,89.60,22.12
2630,20,MTC,1.3312,16000,0.00,0,89.60,22.12
2630,1,eMBB,2.4448,24448,0.00,0,87.50,22.23
2630,2,eMBB,2.4448,24448,0.00,0,87.50,22.23
2630,3,eMBB,2.4448,24448,0.00,0,87.50,22.23
2630,4,eMBB,2.4448,24448,0.00,0,87.50,22.23
2630,5,eMBB,2.4448,24448,0.00,0,87.50,22.23
2630,6,URLLC,0.3120,390,0.00,0,0.00,55.65
2630,7,URLLC,0.3120,390,0.00,0,0.00,55.65
2630,8,URLLC,0.3120,390,0.00,0,0.00,55.65
2630,9,URLLC,0.3120,390,0.00,0,0.00,55.65
2630,10,URLLC,0.3120,390,0.00,0,0.00,55.65
2640,11,MTC,1.4336,16000,0.00,0,88.80,34.77
2640,12,MTC,1.4336,16000,0.00,0,88.80,34.77
2640,13,MTC,1.4336,16000,0.00,0,88.80,34.77
2640,14,MTC,1.5360,16000,0.00,0,88.00,34.77
2640,15,MTC,1.5360,16000,0.00,0,88.00,34.77
2640,16,MTC,1.5360,16000,0.00,0,88.00,34.77
2640,17,MTC,1.4336,16000,0.00,0,88.80,34.77
2640,18,MTC,1.5360,16000,0.00,0,88.00,34.77
2640,19,MTC,1.5360,16000,0.00,0,88.00,34.77
2640,20,MTC,1.4336,16000,0.00,0,88.80,34.77
2640,1,eMBB,3.6672,25976,0.00,0,82.35,40.32
2640,2,eMBB,3.6672,25976,0.00,0,82.35,40.32
2640,3,eMBB,3.6672,25976,0.00,0,82.35,40.32
2640,4,eMBB,3.6672,25976,0.00,0,82.35,40.32
2640,5,eMBB,3.6672,25976,0.00,0,82.35,40.32
2640,6,URLLC,0.3120,390,0.00,0,0.00,24.91
2640,7,URLLC,0.3120,390,0.00,0,0.00,24.91
2640,8,URLLC,0.3120,390,0.00,0,0.00,24.91
2640,9,URLLC,0.3120,390,0.00,0,0.00,24.91
2640,10,URLLC,0.3120,390,0.00,0,0.00,24.91
2650,11,MTC,1.3312,16000,0.00,0,89.60,27.24
2650,12,MTC,1.3312,16000,0.00,0,89.60,27.24
2650,13,MTC,1.2288,16000,0.00,0,90.40,27.24
2650,14,MTC,1.2288,16000,0.00,0,90.40,27.24
2650,15,MTC,1.2288,16000,0.00,0,90.40,27.24
2650,16,MTC,1.1264,16000,0.00,0,91.20,27.24
2650,17,MTC,0.7168,16000,0.00,0,94.40,27.24
2650,18,MTC,1.2288,16000,0.00,0,90.40,27.24
2650,19,MTC,1.2288,16000,0.00,0,90.40,27.24
2650,20,MTC,1.3312,16000,0.00,0,89.60,27.24
2650,1,eMBB,2.4448,25976,0.00,0,88.24,27.81
2650,2,eMBB,2.4448,25976,0.00,0,88.24,27.81
2650,3,eMBB,2.4448,25976,0.00,0,88.24,27.81
2650,4,eMBB,2.4448,25976,0.00,0,88.24,27.81
2650,5,eMBB,2.4448,25976,0.00,0,88.24,27.81
2650,6,URLLC,0.3120,390,0.00,0,0.00,44.95
2650,7,URLLC,0.3120,390,0.00,0,0.00,44.95
2650,8,URLLC,0.3120,390,0.00,0,0.00,44.95
2650,9,URLLC,0.3120,390,0.00,0,0.00,44.95
2650,10,URLLC,0.3120,390,0.00,0,0.00,44.95
2660,11,MTC,0.8192,16000,0.00,0,93.60,18.53
2660,12,MTC,0.8192,16000,0.00,0,93.60,18.53
2660,13,MTC,0.8192,16000,0.00,0,93.60,18.53
2660,14,MTC,0.9216,16000,0.00,0,92.80,18.53
2660,15,MTC,0.9216,16000,0.00,0,92.80,18.53
2660,16,MTC,0.9216,16000,0.00,0,92.80,18.53
2660,17,MTC,1.4336,16000,0.00,0,88.80,18.53
2660,18,MTC,0.8192,16000,0.00,0,93.60,18.53
2660,19,MTC,0.8192,16000,0.00,0,93.60,18.53
2660,20,MTC,0.8192,16000,0.00,0,93.60,18.53
2660,1,eMBB,3.6672,24448,0.00,0,81.25,44.41
2660,2,eMBB,3.6672,24448,0.00,0,81.25,44.41
2660,3,eMBB,3.6672,24448,0.00,0,81.25,44.41
2660,4,eMBB,3.6672,24448,0.00,0,81.25,44.41
2660,5,eMBB,3.6672,24448,0.00,0,81.25,44.41
2660,6,URLLC,0.3120,390,0.00,0,0.00,37.05
2660,7,URLLC,0.3120,390,0.00,0,0.00,37.05
2660,8,URLLC,0.3120,390,0.00,0,0.00,37.05
2660,9,URLLC,0.3120,390,0.00,0,0.00,37.05
2660,10,URLLC,0.3120,390,0.00,0,0.00,37.05
2670,11,MTC,1.1264,16000,0.00,0,91.20,24.86
2670,12,MTC,1.1264,16000,0.00,0,91.20,24.86
2670,13,MTC,1.1264,16000,0.00,0,91.20,24.86
2670,14,MTC,1.0240,16000,0.00,0,92.00,24.86
2670,15,MTC,1.0240,16000,0.00,0,92.00,24.86
2670,16,MTC,1.0240,16000,0.00,0,92.00,24.86
2670,17,MTC,1.0240,16000,0.00,0,92.00,24.86
2670,18,MTC,1.1264,16000,0.00,0,91.20,24.86
2670,19,MTC,1.1264,16000,0.00,0,91.20,24.86
2670,20,MTC,1.1264,16000,0.00,0,91.20,24.86
2670,1,eMBB,3.6672,25976,0.00,0,82.35,36.72
2670,2,eMBB,3.6672,25976,0.00,0,82.35,36.72
2670,3,eMBB,3.6672,25976,0.00,0,82.35,36.72
2670,4,eMBB,3.6672,25976,0.00,0,82.35,36.72
2670,5,eMBB,3.6672,25976,0.00,0,82.35,36.72
2670,6,URLLC,0.3120,390,0.00,0,0.00,38.43
2670,7,URLLC,0.3120,390,0.00,0,0.00,38.43
2670,8,URLLC,0.3120,390,0.00,0,0.00,38.43
2670,9,URLLC,0.3120,390,0.00,0,0.00,38.43
2670,10,URLLC,0.3120,390,0.00,0,0.00,38.43
2680,11,MTC,0.9216,16000,0.00,0,92.80,24.38
2680,12,MTC,0.9216,16000,0.00,0,92.80,24.38
2680,13,MTC,1.0240,16000,0.00,0,92.00,24.38
2680,14,MTC,1.0240,16000,0.00,0,92.00,24.38
2680,15,MTC,0.9216,16000,0.00,0,92.80,24.38
2680,16,MTC,1.0240,16000,0.00,0,92.00,24.38
2680,17,MTC,1.0240,16000,0.00,0,92.00,24.38
2680,18,MTC,0.9216,16000,0.00,0,92.80,24.38
2680,19,MTC,1.0240,16000,0.00,0,92.00,24.38
2680,20,MTC,0.9216,16000,0.00,0,92.80,24.38
2680,1,eMBB,3.6672,25976,0.00,0,82.35,49.81
2680,2,eMBB,3.6672,25976,0.00,0,82.35,49.81
2680,3,eMBB,3.6672,25976,0.00,0,82.35,49.81
2680,4,eMBB,3.6672,25976,0.00,0,82.35,49.81
2680,5,eMBB,3.6672,25976,0.00,0,82.35,49.81
2680,6,URLLC,0.3120,390,0.00,0,0.00,25.81
2680,7,URLLC,0.3120,390,0.00,0,0.00,25.81
2680,8,URLLC,0.3120,390,0.00,0,0.00,25.81
2680,9,URLLC,0.3120,390,0.00,0,0.00,25.81
2680,10,URLLC,0.3120,390,0.00,0,0.00,25.81
2690,11,MTC,1.1264,16000,0.00,0,91.20,19.51
2690,12,MTC,1.0240,16000,0.00,0,92.00,19.51
2690,13,MTC,1.0240,16000,0.00,0,92.00,19.51
2690,14,MTC,1.1264,16000,0.00,0,91.20,19.51
2690,15,MTC,1.1264,16000,0.00,0,91.20,19.51
2690,16,MTC,1.1264,16000,0.00,0,91.20,19.51
2690,17,MTC,1.0240,16000,0.00,0,92.00,19.51
2690,18,MTC,1.1264,16000,0.00,0,91.20,19.51
2690,19,MTC,1.0240,16000,0.00,0,92.00,19.51
2690,20,MTC,1.1264,16000,0.00,0,91.20,19.51
2690,1,eMBB,3.6672,24448,0.00,0,81.25,25.65
2690,2,eMBB,2.4448,24448,0.00,0,87.50,25.65
2690,3,eMBB,3.6672,24448,0.00,0,81.25,25.65
2690,4,eMBB,3.6672,24448,0.00,0,81.25,25.65
2690,5,eMBB,2.4448,24448,0.00,0,87.50,25.65
2690,6,URLLC,0.3120,390,0.00,0,0.00,54.84
2690,7,URLLC,0.3120,390,0.00,0,0.00,54.84
2690,8,URLLC,0.3120,390,0.00,0,0.00,54.84
2690,9,URLLC,0.3120,390,0.00,0,0.00,54.84
2690,10,URLLC,0.3120,390,0.00,0,0.00,54.84
2700,11,MTC,1.3312,16000,0.00,0,89.60,24.92
2700,12,MTC,1.3312,16000,0.00,0,89.60,24.92
2700,13,MTC,1.3312,16000,0.00,0,89.60,24.92
2700,14,MTC,1.3312,16000,0.00,0,89.60,24.92
2700,15,MTC,1.3312,16000,0.00,0,89.60,24.92
2700,16,MTC,1.3312,16000,0.00,0,89.60,24.92
2700,17,MTC,1.1264,16000,0.00,0,91.20,24.92
2700,18,MTC,1.3312,16000,0.00,0,89.60,24.92
2700,19,MTC,1.3312,16000,0.00,0,89.60,24.92
2700,20,MTC,1.3312,16000,0.00,0,89.60,24.92
2700,1,eMBB,2.4448,25976,0.00,0,88.24,22.27
2700,2,eMBB,3.6672,25976,0.00,0,82.35,22.27
2700,3,eMBB,2.4448,25976,0.00,0,88.24,22.27
2700,4,eMBB,2.4448,25976,0.00,0,88.24,22.27
2700,5,eMBB,3.6672,25976,0.00,0,82.35,22.27
2700,6,URLLC,0.3120,390,0.00,0,0.00,52.81
2700,7,URLLC,0.3120,390,0.00,0,0.00,52.81
2700,8,URLLC,0.3120,390,0.00,0,0.00,52.81
2700,9,URLLC,0.3120,390,0.00,0,0.00,52.81
2700,10,URLLC,0.3120,390,0.00,0,0.00,52.81
2710,11,MTC,1.5360,16000,0.00,0,88.00,43.86
2710,12,MTC,1.6384,16000,0.00,0,87.20,43.86
2710,13,MTC,1.5360,16000,0.00,0,88.00,43.86
2710,14,MTC,1.4336,16000,0.00,0,88.80,43.86
2710,15,MTC,1.5360,16000,0.00,0,88.00,43.86
2710,16,MTC,1.5360,16000,0.00,0,88.00,43.86
2710,17,MTC,1.8432,16000,0.00,0,85.60,43.86
2710,18,MTC,1.5360,16000,0.00,0,88.00,43.86
2710,19,MTC,1.5360,16000,0.00,0,88.00,43.86
2710,20,MTC,1.4336,16000,0.00,0,88.80,43.86
2710,1,eMBB,1.2224,25976,0.00,0,94.12,24.55
2710,2,eMBB,1.2224,25976,0.00,0,94.12,24.55
2710,3,eMBB,1.2224,25976,0.00,0,94.12,24.55
2710,4,eMBB,1.2224,25976,0.00,0,94.12,24.55
2710,5,eMBB,1.2224,25976,0.00,0,94.12,24.55
2710,6,URLLC,0.3120,390,0.00,0,0.00,31.59
2710,7,URLLC,0.3120,390,0.00,0,0.00,31.59
2710,8,URLLC,0.3120,390,0.00,0,0.00,31.59
2710,9,URLLC,0.3120,390,0.00,0,0.00,31.59
2710,10,URLLC,0.3120,390,0.00,0,0.00,31.59
2720,11,MTC,1.9456,16000,0.00,0,84.80,45.22
2720,12,MTC,1.9456,16000,0.00,0,84.80,45.22
2720,13,MTC,2.0480,16000,0.00,0,84.00,45.22
2720,14,MTC,2.0480,16000,0.00,0,84.00,45.22
2720,15,MTC,1.9456,16000,0.00,0,84.80,45.22
2720,16,MTC,2.0480,16000,0.00,0,84.00,45.22
2720,17,MTC,1.9456,16000,0.00,0,84.80,45.22
2720,18,MTC,2.0480,16000,0.00,0,84.00,45.22
2720,19,MTC,2.0480,16000,0.00,0,84.00,45.22
2720,20,MTC,2.0480,16000,0.00,0,84.00,45.22
2720,1,eMBB,2.4448,24448,0.00,0,87.50,26.72
2720,2,eMBB,2.4448,24448,0.00,0,87.50,26.72
2720,3,eMBB,2.4448,24448,0.00,0,87.50,26.72
2720,4,eMBB,2.4448,24448,0.00,0,87.50,26.72
2720,5,eMBB,2.4448,24448,0.00,0,87.50,26.72
2720,6,URLLC,0.3120,390,0.00,0,0.00,28.06
2720,7,URLLC,0.3120,390,0.00,0,0.00,28.06
2720,8,URLLC,0.3120,390,0.00,0,0.00,28.06
2720,9,URLLC,0.3120,390,0.00,0,0.00,28.06
2720,10,URLLC,0.3120,390,0.00,0,0.00,28.06
2730,11,MTC,1.7408,16000,0.00,0,86.40,43.81
2730,12,MTC,1.7408,16000,0.00,0,86.40,43.81
2730,13,MTC,1.7408,16000,0.00,0,86.40,43.81
2730,14,MTC,1.7408,16000,0.00,0,86.40,43.81
2730,15,MTC,1.7408,16000,0.00,0,86.40,43.81
2730,16,MTC,1.6384,16000,0.00,0,87.20,43.81
2730,17,MTC,1.7408,16000,0.00,0,86.40,43.81
2730,18,MTC,1.6384,16000,0.00,0,87.20,43.81
2730,19,MTC,1.6384,16000,0.00,0,87.20,43.81
2730,20,MTC,1.7408,16000,0.00,0,86.40,43.81
2730,1,eMBB,2.4448,25976,0.00,0,88.24,26.78
2730,2,eMBB,2.4448,25976,0.00,0,88.24,26.78
2730,3,eMBB,2.4448,25976,0.00,0,88.24,26.78
2730,4,eMBB,2.4448,25976,0.00,0,88.24,26.78
2730,5,eMBB,2.4448,25976,0.00,0,88.24,26.78
2730,6,URLLC,0.3120,390,0.00,0,0.00,29.42
2730,7,URLLC,0.3120,390,0.00,0,0.00,29.42
2730,8,URLLC,0.3120,390,0.00,0,0.00,29.42
2730,9,URLLC,0.3120,390,0.00,0,0.00,29.42
2730,10,URLLC,0.3120,390,0.00,0,0.00,29.42
2740,11,MTC,1.3312,16000,0.00,0,89.60,23.06
2740,12,MTC,1.3312,16000,0.00,0,89.60,23.06
2740,13,MTC,1.3312,16000,0.00,0,89.60,23.06
2740,14,MTC,1.3312,16000,0.00,0,89.60,23.06
2740,15,MTC,1.3312,16000,0.00,0,89.60,23.06
2740,16,MTC,1.3312,16000,0.00,0,89.60,23.06
2740,17,MTC,1.3312,16000,0.00,0,89.60,23.06
2740,18,MTC,1.4336,16000,0.00,0,88.80,23.06
2740,19,MTC,1.4336,16000,0.00,0,88.80,23.06
2740,20,MTC,1.3312,16000,0.00,0,89.60,23.06
2740,1,eMBB,3.6672,25976,0.00,0,82.35,36.29
2740,2,eMBB,2.4448,25976,0.00,0,88.24,36.29
2740,3,eMBB,3.6672,25976,0.00,0,82.35,36.29
2740,4,eMBB,3.6672,25976,0.00,0,82.35,36.29
2740,5,eMBB,2.4448,25976,0.00,0,88.24,36.29
2740,6,URLLC,0.3120,390,0.00,0,0.00,40.64
2740,7,URLLC,0.3120,390,0.00,0,0.00,40.64
2740,8,URLLC,0.3120,390,0.00,0,0.00,40.64
2740,9,URLLC,0.3120,390,0.00,0,0.00,40.64
2740,10,URLLC,0.3120,390,0.00,0,0.00,40.64
2750,11,MTC,1.4336,16000,0.00,0,88.80,27.47
2750,12,MTC,1.4336,16000,0.00,0,88.80,27.47
2750,13,MTC,1.3312,16000,0.00,0,89.60,27.47
2750,14,MTC,1.3312,16000,0.00,0,89.60,27.47
2750,15,MTC,1.4336,16000,0.00,0,88.80,27.47
2750,16,MTC,1.3312,16000,0.00,0,89.60,27.47
2750,17,MTC,1.3312,16000,0.00,0,89.60,27.47
2750,18,MTC,1.2288,16000,0.00,0,90.40,27.47
2750,19,MTC,1.3312,16000,0.00,0,89.60,27.47
2750,20,MTC,1.3312,16000,0.00,0,89.60,27.47
2750,1,eMBB,2.4448,24448,0.00,0,87.50,24.48
2750,2,eMBB,3.6672,24448,0.00,0,81.25,24.48
2750,3,eMBB,2.4448,24448,0.00,0,87.50,24.48
2750,4,eMBB,2.4448,24448,0.00,0,87.50,24.48
2750,5,eMBB,3.6672,24448,0.00,0,81.25,24.48
2750,6,URLLC,0.3120,390,0.00,0,0.00,48.04
2750,7,URLLC,0.3120,390,0.00,0,0.00,48.04
2750,8,URLLC,0.3120,390,0.00,0,0.00,48.04
2750,9,URLLC,0.3120,390,0.00,0,0.00,48.04
2750,10,URLLC,0.3120,390,0.00,0,0.00,48.04
2760,11,MTC,1.7408,16000,0.00,0,86.40,39.83
2760,12,MTC,1.7408,16000,0.00,0,86.40,39.83
2760,13,MTC,1.8432,16000,0.00,0,85.60,39.83
2760,14,MTC,1.8432,16000,0.00,0,85.60,39.83
2760,15,MTC,1.8432,16000,0.00,0,85.60,39.83
2760,16,MTC,1.8432,16000,0.00,0,85.60,39.83
2760,17,MTC,0.9216,16000,0.00,0,92.80,39.83
2760,18,MTC,1.8432,16000,0.00,0,85.60,39.83
2760,19,MTC,1.7408,16000,0.00,0,86.40,39.83
2760,20,MTC,1.8432,16000,0.00,0,85.60,39.83
2760,1,eMBB,2.4448,25976,0.00,0,88.24,21.95
2760,2,eMBB,2.4448,25976,0.00,0,88.24,21.95
2760,3,eMBB,2.4448,25976,0.00,0,88.24,21.95
2760,4,eMBB,2.4448,25976,0.00,0,88.24,21.95
2760,5,eMBB,1.2224,25976,0.00,0,94.12,21.95
2760,6,URLLC,0.3120,390,0.00,0,0.00,38.22
2760,7,URLLC,0.3120,390,0.00,0,0.00,38.22
2760,8,URLLC,0.3120,390,0.00,0,0.00,38.22
2760,9,URLLC,0.3120,390,0.00,0,0.00,38.22
2760,10,URLLC,0.3120,390,0.00,0,0.00,38.22
2770,11,MTC,1.4336,16000,0.00,0,88.80,30.65
2770,12,MTC,1.4336,16000,0.00,0,88.80,30.65
2770,13,MTC,1.3312,16000,0.00,0,89.60,30.65
2770,14,MTC,1.3312,16000,0.00,0,89.60,30.65
2770,15,MTC,1.3312,16000,0.00,0,89.60,30.65
2770,16,MTC,1.4336,16000,0.00,0,88.80,30.65
2770,17,MTC,1.7408,16000,0.00,0,86.40,30.65
2770,18,MTC,1.4336,16000,0.00,0,88.80,30.65
2770,19,MTC,1.4336,16000,0.00,0,88.80,30.65
2770,20,MTC,1.4336,16000,0.00,0,88.80,30.65
2770,1,eMBB,2.4448,25976,0.00,0,88.24,31.65
2770,2,eMBB,2.4448,25976,0.00,0,88.24,31.65
2770,3,eMBB,2.4448,25976,0.00,0,88.24,31.65
2770,4,eMBB,2.4448,25976,0.00,0,88.24,31.65
2770,5,eMBB,2.4448,25976,0.00,0,88.24,31.65
2770,6,URLLC,0.3120,390,0.00,0,0.00,37.70
2770,7,URLLC,0.3120,390,0.00,0,0.00,37.70
2770,8,URLLC,0.3120,390,0.00,0,0.00,37.70
2770,9,URLLC,0.3120,390,0.00,0,0.00,37.70
2770,10,URLLC,0.3120,390,0.00,0,0.00,37.70
2780,11,MTC,0.9216,16000,0.00,0,92.80,27.07
2780,12,MTC,1.0240,16000,0.00,0,92.00,27.07
2780,13,MTC,1.0240,16000,0.00,0,92.00,27.07
2780,14,MTC,1.0240,16000,0.00,0,92.00,27.07
2780,15,MTC,1.0240,16000,0.00,0,92.00,27.07
2780,16,MTC,0.9216,16000,0.00,0,92.80,27.07
2780,17,MTC,1.5360,16000,0.00,0,88.00,27.07
2780,18,MTC,0.9216,16000,0.00,0,92.80,27.07
2780,19,MTC,0.9216,16000,0.00,0,92.80,27.07
2780,20,MTC,0.9216,16000,0.00,0,92.80,27.07
2780,1,eMBB,2.4448,24448,0.00,0,87.50,43.33
2780,2,eMBB,2.4448,24448,0.00,0,87.50,43.33
2780,3,eMBB,2.4448,24448,0.00,0,87.50,43.33
2780,4,eMBB,2.4448,24448,0.00,0,87.50,43.33
2780,5,eMBB,3.6672,24448,0.00,0,81.25,43.33
2780,6,URLLC,0.3120,390,0.00,0,0.00,29.60
2780,7,URLLC,0.3120,390,0.00,0,0.00,29.60
2780,8,URLLC,0.3120,390,0.00,0,0.00,29.60
2780,9,URLLC,0.3120,390,0.00,0,0.00,29.60
2780,10,URLLC,0.3120,390,0.00,0,0.00,29.60
2790,11,MTC,1.1264,16000,0.00,0,91.20,22.67
2790,12,MTC,1.1264,16000,0.00,0,91.20,22.67
2790,13,MTC,1.1264,16000,0.00,0,91.20,22.67
2790,14,MTC,1.1264,16000,0.00,0,91.20,22.67
2790,15,MTC,1.1264,16000,0.00,0,91.20,22.67
2790,16,MTC,1.1264,16000,0.00,0,91.20,22.67
2790,17,MTC,1.1264,16000,0.00,0,91.20,22.67
2790,18,MTC,1.1264,16000,0.00,0,91.20,22.67
2790,19,MTC,1.1264,16000,0.00,0,91.20,22.67
2790,20,MTC,1.1264,16000,0.00,0,91.20,22.67
2790,1,eMBB,2.4448,25976,0.00,0,88.24,27.51
2790,2,eMBB,2.4448,25976,0.00,0,88.24,27.51
2790,3,eMBB,2.4448,25976,0.00,0,88.24,27.51
2790,4,eMBB,2.4448,25976,0.00,0,88.24,27.51
2790,5,eMBB,2.4448,25976,0.00,0,88.24,27.51
2790,6,URLLC,0.2496,390,0.00,0,20.00,49.81
2790,7,URLLC,0.2496,390,0.00,0,20.00,49.81
2790,8,URLLC,0.2496,390,0.00,0,20.00,49.81
2790,9,URLLC,0.2496,390,0.00,0,20.00,49.81
2790,10,URLLC,0.2496,390,0.00,0,20.00,49.81
2800,11,MTC,1.5360,16000,0.00,0,88.00,39.37
2800,12,MTC,1.4336,16000,0.00,0,88.80,39.37
2800,13,MTC,1.5360,16000,0.00,0,88.00,39.37
2800,14,MTC,1.4336,16000,0.00,0,88.80,39.37
2800,15,MTC,1.4336,16000,0.00,0,88.80,39.37
2800,16,MTC,1.5360,16000,0.00,0,88.00,39.37
2800,17,MTC,1.4336,16000,0.00,0,88.80,39.37
2800,18,MTC,1.5360,16000,0.00,0,88.00,39.37
2800,19,MTC,1.5360,16000,0.00,0,88.00,39.37
2800,20,MTC,1.4336,16000,0.00,0,88.80,39.37
2800,1,eMBB,3.6672,25976,0.00,0,82.35,35.50
2800,2,eMBB,3.6672,25976,0.00,0,82.35,35.50
2800,3,eMBB,3.6672,25976,0.00,0,82.35,35.50
2800,4,eMBB,3.6672,25976,0.00,0,82.35,35.50
2800,5,eMBB,2.4448,25976,0.00,0,88.24,35.50
2800,6,URLLC,0.3744,390,0.00,0,0.00,25.13
2800,7,URLLC,0.3744,390,0.00,0,0.00,25.13
2800,8,URLLC,0.3744,390,0.00,0,0.00,25.13
2800,9,URLLC,0.3744,390,0.00,0,0.00,25.13
2800,10,URLLC,0.3744,390,0.00,0,0.00,25.13
2810,11,MTC,1.5360,16000,0.00,0,88.00,29.06
2810,12,MTC,1.5360,16000,0.00,0,88.00,29.06
2810,13,MTC,1.5360,16000,0.00,0,88.00,29.06
2810,14,MTC,1.6384,16000,0.00,0,87.20,29.06
2810,15,MTC,1.5360,16000,0.00,0,88.00,29.06
2810,16,MTC,1.5360,16000,0.00,0,88.00,29.06
2810,17,MTC,1.6384,16000,0.00,0,87.20,29.06
2810,18,MTC,1.5360,16000,0.00,0,88.00,29.06
2810,19,MTC,1.5360,16000,0.00,0,88.00,29.06
2810,20,MTC,1.6384,16000,0.00,0,87.20,29.06
2810,1,eMBB,2.4448,24448,0.00,0,87.50,22.56
2810,2,eMBB,2.4448,24448,0.00,0,87.50,22.56
2810,3,eMBB,2.4448,24448,0.00,0,87.50,22.56
2810,4,eMBB,2.4448,24448,0.00,0,87.50,22.56
2810,5,eMBB,2.4448,24448,0.00,0,87.50,22.56
2810,6,URLLC,0.3120,390,0.00,0,0.00,48.38
2810,7,URLLC,0.3120,390,0.00,0,0.00,48.38
2810,8,URLLC,0.3120,390,0.00,0,0.00,48.38
2810,9,URLLC,0.3120,390,0.00,0,0.00,48.38
2810,10,URLLC,0.3120,390,0.00,0,0.00,48.38
2820,11,MTC,1.0240,16000,0.00,0,92.00,20.67
2820,12,MTC,1.0240,16000,0.00,0,92.00,20.67
2820,13,MTC,1.0240,16000,0.00,0,92.00,20.67
2820,14,MTC,1.0240,16000,0.00,0,92.00,20.67
2820,15,MTC,1.1264,16000,0.00,0,91.20,20.67
2820,16,MTC,1.1264,16000,0.00,0,91.20,20.67
2820,17,MTC,1.0240,16000,0.00,0,92.00,20.67
2820,18,MTC,1.1264,16000,0.00,0,91.20,20.67
2820,19,MTC,1.0240,16000,0.00,0,92.00,20.67
2820,20,MTC,1.0240,16000,0.00,0,92.00,20.67
2820,1,eMBB,2.4448,25976,0.00,0,88.24,42.77
2820,2,eMBB,2.4448,25976,0.00,0,88.24,42.77
2820,3,eMBB,2.4448,25976,0.00,0,88.24,42.77
2820,4,eMBB,2.4448,25976,0.00,0,88.24,42.77
2820,5,eMBB,3.6672,25976,0.00,0,82.35,42.77
2820,6,URLLC,0.3120,390,0.00,0,0.00,36.56
2820,7,URLLC,0.3120,390,0.00,0,0.00,36.56
2820,8,URLLC,0.3120,390,0.00,0,0.00,36.56
2820,9,URLLC,0.3120,390,0.00,0,0.00,36.56
2820,10,URLLC,0.3120,390,0.00,0,0.00,36.56
2830,11,MTC,1.3312,16000,0.00,0,89.60,29.93
2830,12,MTC,1.3312,16000,0.00,0,89.60,29.93
2830,13,MTC,1.3312,16000,0.00,0,89.60,29.93
2830,14,MTC,1.3312,16000,0.00,0,89.60,29.93
2830,15,MTC,1.3312,16000,0.00,0,89.60,29.93
2830,16,MTC,1.2288,16000,0.00,0,90.40,29.93
2830,17,MTC,1.3312,16000,0.00,0,89.60,29.93
2830,18,MTC,1.2288,16000,0.00,0,90.40,29.93
2830,19,MTC,1.3312,16000,0.00,0,89.60,29.93
2830,20,MTC,1.3312,16000,0.00,0,89.60,29.93
2830,1,eMBB,3.6672,25976,0.00,0,82.35,27.92
2830,2,eMBB,3.6672,25976,0.00,0,82.35,27.92
2830,3,eMBB,3.6672,25976,0.00,0,82.35,27.92
2830,4,eMBB,3.6672,25976,0.00,0,82.35,27.92
2830,5,eMBB,3.6672,25976,0.00,0,82.35,27.92
2830,6,URLLC,0.3120,390,0.00,0,0.00,42.15
2830,7,URLLC,0.3120,390,0.00,0,0.00,42.15
2830,8,URLLC,0.3120,390,0.00,0,0.00,42.15
2830,9,URLLC,0.3120,390,0.00,0,0.00,42.15
2830,10,URLLC,0.3120,390,0.00,0,0.00,42.15
2840,11,MTC,1.3312,16000,0.00,0,89.60,22.61
2840,12,MTC,1.3312,16000,0.00,0,89.60,22.61
2840,13,MTC,1.2288,16000,0.00,0,90.40,22.61
2840,14,MTC,1.2288,16000,0.00,0,90.40,22.61
2840,15,MTC,1.2288,16000,0.00,0,90.40,22.61
2840,16,MTC,1.2288,16000,0.00,0,90.40,22.61
2840,17,MTC,1.2288,16000,0.00,0,90.40,22.61
2840,18,MTC,1.2288,16000,0.00,0,90.40,22.61
2840,19,MTC,1.3312,16000,0.00,0,89.60,22.61
2840,20,MTC,1.2288,16000,0.00,0,90.40,22.61
2840,1,eMBB,2.4448,24448,0.00,0,87.50,29.30
2840,2,eMBB,2.4448,24448,0.00,0,87.50,29.30
2840,3,eMBB,2.4448,24448,0.00,0,87.50,29.30
2840,4,eMBB,2.4448,24448,0.00,0,87.50,29.30
2840,5,eMBB,2.4448,24448,0.00,0,87.50,29.30
2840,6,URLLC,0.2496,390,0.00,0,20.00,48.09
2840,7,URLLC,0.2496,390,0.00,0,20.00,48.09
2840,8,URLLC,0.2496,390,0.00,0,20.00,48.09
2840,9,URLLC,0.2496,390,0.00,0,20.00,48.09
2840,10,URLLC,0.2496,390,0.00,0,20.00,48.09
2850,11,MTC,0.9216,16000,0.00,0,92.80,21.38
2850,12,MTC,0.9216,16000,0.00,0,92.80,21.38
2850,13,MTC,1.0240,16000,0.00,0,92.00,21.38
2850,14,MTC,0.9216,16000,0.00,0,92.80,21.38
2850,15,MTC,0.9216,16000,0.00,0,92.80,21.38
2850,16,MTC,1.0240,16000,0.00,0,92.00,21.38
2850,17,MTC,0.9216,16000,0.00,0,92.80,21.38
2850,18,MTC,1.0240,16000,0.00,0,92.00,21.38
2850,19,MTC,0.9216,16000,0.00,0,92.80,21.38
2850,20,MTC,1.0240,16000,0.00,0,92.00,21.38
2850,1,eMBB,3.6672,25976,0.00,0,82.35,46.55
2850,2,eMBB,3.6672,25976,0.00,0,82.35,46.55
2850,3,eMBB,3.6672,25976,0.00,0,82.35,46.55
2850,4,eMBB,3.6672,25976,0.00,0,82.35,46.55
2850,5,eMBB,3.6672,25976,0.00,0,82.35,46.55
2850,6,URLLC,0.3744,390,0.00,0,0.00,32.07
2850,7,URLLC,0.3744,390,0.00,0,0.00,32.07
2850,8,URLLC,0.3744,390,0.00,0,0.00,32.07
2850,9,URLLC,0.3744,390,0.00,0,0.00,32.07
2850,10,URLLC,0.3744,390,0.00,0,0.00,32.07
2860,11,MTC,1.1264,16000,0.00,0,91.20,27.36
2860,12,MTC,1.2288,16000,0.00,0,90.40,27.36
2860,13,MTC,1.1264,16000,0.00,0,91.20,27.36
2860,14,MTC,1.2288,16000,0.00,0,90.40,27.36
2860,15,MTC,1.2288,16000,0.00,0,90.40,27.36
2860,16,MTC,1.1264,16000,0.00,0,91.20,27.36
2860,17,MTC,1.2288,16000,0.00,0,90.40,27.36
2860,18,MTC,1.1264,16000,0.00,0,91.20,27.36
2860,19,MTC,1.1264,16000,0.00,0,91.20,27.36
2860,20,MTC,1.1264,16000,0.00,0,91.20,27.36
2860,1,eMBB,3.6672,25976,0.00,0,82.35,42.70
2860,2,eMBB,3.6672,25976,0.00,0,82.35,42.70
2860,3,eMBB,3.6672,25976,0.00,0,82.35,42.70
2860,4,eMBB,3.6672,25976,0.00,0,82.35,42.70
2860,5,eMBB,3.6672,25976,0.00,0,82.35,42.70
2860,6,URLLC,0.3120,390,0.00,0,0.00,29.95
2860,7,URLLC,0.3120,390,0.00,0,0.00,29.95
2860,8,URLLC,0.3120,390,0.00,0,0.00,29.95
2860,9,URLLC,0.3120,390,0.00,0,0.00,29.95
2860,10,URLLC,0.3120,390,0.00,0,0.00,29.95
2870,11,MTC,1.1264,16000,0.00,0,91.20,31.37
2870,12,MTC,1.0240,16000,0.00,0,92.00,31.37
2870,13,MTC,1.1264,16000,0.00,0,91.20,31.37
2870,14,MTC,1.1264,16000,0.00,0,91.20,31.37
2870,15,MTC,1.1264,16000,0.00,0,91.20,31.37
2870,16,MTC,1.1264,16000,0.00,0,91.20,31.37
2870,17,MTC,1.0240,16000,0.00,0,92.00,31.37
2870,18,MTC,1.1264,16000,0.00,0,91.20,31.37
2870,19,MTC,1.1264,16000,0.00,0,91.20,31.37
2870,20,MTC,1.1264,16000,0.00,0,91.20,31.37
2870,1,eMBB,2.4448,24448,0.00,0,87.50,25.35
2870,2,eMBB,2.4448,24448,0.00,0,87.50,25.35
2870,3,eMBB,2.4448,24448,0.00,0,87.50,25.35
2870,4,eMBB,2.4448,24448,0.00,0,87.50,25.35
2870,5,eMBB,2.4448,24448,0.00,0,87.50,25.35
2870,6,URLLC,0.3120,390,0.00,0,0.00,43.27
2870,7,URLLC,0.3120,390,0.00,0,0.00,43.27
2870,8,URLLC,0.3120,390,0.00,0,0.00,43.27
2870,9,URLLC,0.3120,390,0.00,0,0.00,43.27
2870,10,URLLC,0.3120,390,0.00,0,0.00,43.27
2880,11,MTC,1.2288,16000,0.00,0,90.40,31.23
2880,12,MTC,1.2288,16000,0.00,0,90.40,31.23
2880,13,MTC,1.1264,16000,0.00,0,91.20,31.23
2880,14,MTC,1.2288,16000,0.00,0,90.40,31.23
2880,15,MTC,1.2288,16000,0.00,0,90.40,31.23
2880,16,MTC,1.2288,16000,0.00,0,90.40,31.23
2880,17,MTC,1.2288,16000,0.00,0,90.40,31.23
2880,18,MTC,1.2288,16000,0.00,0,90.40,31.23
2880,19,MTC,1.2288,16000,0.00,0,90.40,31.23
2880,20,MTC,1.2288,16000,0.00,0,90.40,31.23
2880,1,eMBB,1.2224,25976,0.00,0,94.12,21.47
2880,2,eMBB,2.4448,25976,0.00,0,88.24,21.47
2880,3,eMBB,2.4448,25976,0.00,0,88.24,21.47
2880,4,eMBB,1.2224,25976,0.00,0,94.12,21.47
2880,5,eMBB,1.2224,25976,0.00,0,94.12,21.47
2880,6,URLLC,0.3120,390,0.00,0,0.00,47.30
2880,7,URLLC,0.3120,390,0.00,0,0.00,47.30
2880,8,URLLC,0.3120,390,0.00,0,0.00,47.30
2880,9,URLLC,0.3120,390,0.00,0,0.00,47.30
2880,10,URLLC,0.3120,390,0.00,0,0.00,47.30
2890,11,MTC,1.0240,16000,0.00,0,92.00,21.63
2890,12,MTC,1.1264,16000,0.00,0,91.20,21.63
2890,13,MTC,1.1264,16000,0.00,0,91.20,21.63
2890,14,MTC,1.0240,16000,0.00,0,92.00,21.63
2890,15,MTC,1.0240,16000,0.00,0,92.00,21.63
2890,16,MTC,1.0240,16000,0.00,0,92.00,21.63
2890,17,MTC,1.0240,16000,0.00,0,92.00,21.63
2890,18,MTC,1.0240,16000,0.00,0,92.00,21.63
2890,19,MTC,1.1264,16000,0.00,0,91.20,21.63
2890,20,MTC,1.1264,16000,0.00,0,91.20,21.63
2890,1,eMBB,3.6672,25976,0.00,0,82.35,49.99
2890,2,eMBB,2.4448,25976,0.00,0,88.24,49.99
2890,3,eMBB,2.4448,25976,0.00,0,88.24,49.99
2890,4,eMBB,3.6672,25976,0.00,0,82.35,49.99
2890,5,eMBB,3.6672,25976,0.00,0,82.35,49.99
2890,6,URLLC,0.3120,390,0.00,0,0.00,28.38
2890,7,URLLC,0.3120,390,0.00,0,0.00,28.38
2890,8,URLLC,0.3120,390,0.00,0,0.00,28.38
2890,9,URLLC,0.3120,390,0.00,0,0.00,28.38
2890,10,URLLC,0.3120,390,0.00,0,0.00,28.38
2900,11,MTC,1.4336,16000,0.00,0,88.80,37.48
2900,12,MTC,1.3312,16000,0.00,0,89.60,37.48
2900,13,MTC,1.4336,16000,0.00,0,88.80,37.48
2900,14,MTC,1.4336,16000,0.00,0,88.80,37.48
2900,15,MTC,1.3312,16000,0.00,0,89.60,37.48
2900,16,MTC,1.4336,16000,0.00,0,88.80,37.48
2900,17,MTC,0.8192,16000,0.00,0,93.60,37.48
2900,18,MTC,1.4336,16000,0.00,0,88.80,37.48
2900,19,MTC,1.3312,16000,0.00,0,89.60,37.48
2900,20,MTC,1.3312,16000,0.00,0,89.60,37.48
2900,1,eMBB,3.6672,24448,0.00,0,81.25,33.61
2900,2,eMBB,3.6672,24448,0.00,0,81.25,33.61
2900,3,eMBB,3.6672,24448,0.00,0,81.25,33.61
2900,4,eMBB,3.6672,24448,0.00,0,81.25,33.61
2900,5,eMBB,3.6672,24448,0.00,0,81.25,33.61
2900,6,URLLC,0.3120,390,0.00,0,0.00,28.90
2900,7,URLLC,0.3120,390,0.00,0,0.00,28.90
2900,8,URLLC,0.3120,390,0.00,0,0.00,28.90
2900,9,URLLC,0.3120,390,0.00,0,0.00,28.90
2900,10,URLLC,0.3120,390,0.00,0,0.00,28.90
2910,11,MTC,1.4336,16000,0.00,0,88.80,34.79
2910,12,MTC,1.4336,16000,0.00,0,88.80,34.79
2910,13,MTC,1.3312,16000,0.00,0,89.60,34.79
2910,14,MTC,1.3312,16000,0.00,0,89.60,34.79
2910,15,MTC,1.4336,16000,0.00,0,88.80,34.79
2910,16,MTC,1.4336,16000,0.00,0,88.80,34.79
2910,17,MTC,1.7408,16000,0.00,0,86.40,34.79
2910,18,MTC,1.4336,16000,0.00,0,88.80,34.79
2910,19,MTC,1.4336,16000,0.00,0,88.80,34.79
2910,20,MTC,1.4336,16000,0.00,0,88.80,34.79
2910,1,eMBB,2.4448,25976,0.00,0,88.24,35.30
2910,2,eMBB,2.4448,25976,0.00,0,88.24,35.30
2910,3,eMBB,2.4448,25976,0.00,0,88.24,35.30
2910,4,eMBB,2.4448,25976,0.00,0,88.24,35.30
2910,5,eMBB,2.4448,25976,0.00,0,88.24,35.30
2910,6,URLLC,0.3120,390,0.00,0,0.00,29.91
2910,7,URLLC,0.3120,390,0.00,0,0.00,29.91
2910,8,URLLC,0.3120,390,0.00,0,0.00,29.91
2910,9,URLLC,0.3120,390,0.00,0,0.00,29.91
2910,10,URLLC,0.3120,390,0.00,0,0.00,29.91
2920,11,MTC,1.2288,16000,0.00,0,90.40,33.41
2920,12,MTC,1.3312,16000,0.00,0,89.60,33.41
2920,13,MTC,1.3312,16000,0.00,0,89.60,33.41
2920,14,MTC,1.3312,16000,0.00,0,89.60,33.41
2920,15,MTC,1.3312,16000,0.00,0,89.60,33.41
2920,16,MTC,1.3312,16000,0.00,0,89.60,33.41
2920,17,MTC,1.5360,16000,0.00,0,88.00,33.41
2920,18,MTC,1.3312,16000,0.00,0,89.60,33.41
2920,19,MTC,1.3312,16000,0.00,0,89.60,33.41
2920,20,MTC,1.3312,16000,0.00,0,89.60,33.41
2920,1,eMBB,2.4448,25976,0.00,0,88.24,21.92
2920,2,eMBB,2.4448,25976,0.00,0,88.24,21.92
2920,3,eMBB,2.4448,25976,0.00,0,88.24,21.92
2920,4,eMBB,2.4448,25976,0.00,0,88.24,21.92
2920,5,eMBB,2.4448,25976,0.00,0,88.24,21.92
2920,6,URLLC,0.3120,390,0.00,0,0.00,44.66
2920,7,URLLC,0.3120,390,0.00,0,0.00,44.66
2920,8,URLLC,0.3120,390,0.00,0,0.00,44.66
2920,9,URLLC,0.3120,390,0.00,0,0.00,44.66
2920,10,URLLC,0.3120,390,0.00,0,0.00,44.66
2930,11,MTC,1.4336,16000,0.00,0,88.80,30.09
2930,12,MTC,1.4336,16000,0.00,0,88.80,30.09
2930,13,MTC,1.5360,16000,0.00,0,88.00,30.09
2930,14,MTC,1.5360,16000,0.00,0,88.00,30.09
2930,15,MTC,1.4336,16000,0.00,0,88.80,30.09
2930,16,MTC,1.4336,16000,0.00,0,88.80,30.09
2930,17,MTC,1.2288,16000,0.00,0,90.40,30.09
2930,18,MTC,1.4336,16000,0.00,0,88.80,30.09
2930,19,MTC,1.4336,16000,0.00,0,88.80,30.09
2930,20,MTC,1.4336,16000,0.00,0,88.80,30.09
2930,1,eMBB,2.4448,24448,0.00,0,87.50,43.31
2930,2,eMBB,2.4448,24448,0.00,0,87.50,43.31
2930,3,eMBB,2.4448,24448,0.00,0,87.50,43.31
2930,4,eMBB,2.4448,24448,0.00,0,87.50,43.31
2930,5,eMBB,2.4448,24448,0.00,0,87.50,43.31
2930,6,URLLC,0.3120,390,0.00,0,0.00,26.60
2930,7,URLLC,0.3120,390,0.00,0,0.00,26.60
2930,8,URLLC,0.3120,390,0.00,0,0.00,26.60
2930,9,URLLC,0.3120,390,0.00,0,0.00,26.60
2930,10,URLLC,0.3120,390,0.00,0,0.00,26.60
2940,11,MTC,1.1264,16000,0.00,0,91.20,21.85
2940,12,MTC,1.0240,16000,0.00,0,92.00,21.85
2940,13,MTC,0.9216,16000,0.00,0,92.80,21.85
2940,14,MTC,0.9216,16000,0.00,0,92.80,21.85
2940,15,MTC,1.0240,16000,0.00,0,92.00,21.85
2940,16,MTC,1.0240,16000,0.00,0,92.00,21.85
2940,17,MTC,1.3312,16000,0.00,0,89.60,21.85
2940,18,MTC,1.0240,16000,0.00,0,92.00,21.85
2940,19,MTC,0.9216,16000,0.00,0,92.80,21.85
2940,20,MTC,1.0240,16000,0.00,0,92.00,21.85
2940,1,eMBB,3.6672,25976,0.00,0,82.35,36.97
2940,2,eMBB,3.6672,25976,0.00,0,82.35,36.97
2940,3,eMBB,3.6672,25976,0.00,0,82.35,36.97
2940,4,eMBB,3.6672,25976,0.00,0,82.35,36.97
2940,5,eMBB,3.6672,25976,0.00,0,82.35,36.97
2940,6,URLLC,0.3120,390,0.00,0,0.00,41.18
2940,7,URLLC,0.3120,390,0.00,0,0.00,41.18
2940,8,URLLC,0.3120,390,0.00,0,0.00,41.18
2940,9,URLLC,0.3120,390,0.00,0,0.00,41.18
2940,10,URLLC,0.3120,390,0.00,0,0.00,41.18
2950,11,MTC,1.2288,16000,0.00,0,90.40,37.00
2950,12,MTC,1.2288,16000,0.00,0,90.40,37.00
2950,13,MTC,1.2288,16000,0.00,0,90.40,37.00
2950,14,MTC,1.3312,16000,0.00,0,89.60,37.00
2950,15,MTC,1.3312,16000,0.00,0,89.60,37.00
2950,16,MTC,1.2288,16000,0.00,0,90.40,37.00
2950,17,MTC,1.2288,16000,0.00,0,90.40,37.00
2950,18,MTC,1.2288,16000,0.00,0,90.40,37.00
2950,19,MTC,1.3312,16000,0.00,0,89.60,37.00
2950,20,MTC,1.2288,16000,0.00,0,90.40,37.00
2950,1,eMBB,2.4448,25976,0.00,0,88.24,33.74
2950,2,eMBB,2.4448,25976,0.00,0,88.24,33.74
2950,3,eMBB,2.4448,25976,0.00,0,88.24,33.74
2950,4,eMBB,2.4448,25976,0.00,0,88.24,33.74
2950,5,eMBB,2.4448,25976,0.00,0,88.24,33.74
2950,6,URLLC,0.3120,390,0.00,0,0.00,29.26
2950,7,URLLC,0.3120,390,0.00,0,0.00,29.26
2950,8,URLLC,0.3120,390,0.00,0,0.00,29.26
2950,9,URLLC,0.3120,390,0.00,0,0.00,29.26
2950,10,URLLC,0.3120,390,0.00,0,0.00,29.26
2960,11,MTC,1.0240,16000,0.00,0,92.00,18.89
2960,12,MTC,1.0240,16000,0.00,0,92.00,18.89
2960,13,MTC,1.1264,16000,0.00,0,91.20,18.89
2960,14,MTC,1.0240,16000,0.00,0,92.00,18.89
2960,15,MTC,1.0240,16000,0.00,0,92.00,18.89
2960,16,MTC,1.1264,16000,0.00,0,91.20,18.89
2960,17,MTC,1.0240,16000,0.00,0,92.00,18.89
2960,18,MTC,1.1264,16000,0.00,0,91.20,18.89
2960,19,MTC,1.0240,16000,0.00,0,92.00,18.89
2960,20,MTC,1.1264,16000,0.00,0,91.20,18.89
2960,1,eMBB,3.6672,24448,0.00,0,81.25,39.31
2960,2,eMBB,3.6672,24448,0.00,0,81.25,39.31
2960,3,eMBB,3.6672,24448,0.00,0,81.25,39.31
2960,4,eMBB,3.6672,24448,0.00,0,81.25,39.31
2960,5,eMBB,3.6672,24448,0.00,0,81.25,39.31
2960,6,URLLC,0.3120,390,0.00,0,0.00,41.80
2960,7,URLLC,0.3120,390,0.00,0,0.00,41.80
2960,8,URLLC,0.3120,390,0.00,0,0.00,41.80
2960,9,URLLC,0.3120,390,0.00,0,0.00,41.80
2960,10,URLLC,0.3120,390,0.00,0,0.00,41.80
2970,11,MTC,1.1264,16000,0.00,0,91.20,27.32
2970,12,MTC,1.1264,16000,0.00,0,91.20,27.32
2970,13,MTC,1.1264,16000,0.00,0,91.20,27.32
2970,14,MTC,1.1264,16000,0.00,0,91.20,27.32
2970,15,MTC,1.1264,16000,0.00,0,91.20,27.32
2970,16,MTC,1.1264,16000,0.00,0,91.20,27.32
2970,17,MTC,0.9216,16000,0.00,0,92.80,27.32
2970,18,MTC,1.1264,16000,0.00,0,91.20,27.32
2970,19,MTC,1.1264,16000,0.00,0,91.20,27.32
2970,20,MTC,1.0240,16000,0.00,0,92.00,27.32
2970,1,eMBB,3.6672,25976,0.00,0,82.35,44.08
2970,2,eMBB,3.6672,25976,0.00,0,82.35,44.08
2970,3,eMBB,3.6672,25976,0.00,0,82.35,44.08
2970,4,eMBB,3.6672,25976,0.00,0,82.35,44.08
2970,5,eMBB,3.6672,25976,0.00,0,82.35,44.08
2970,6,URLLC,0.3120,390,0.00,0,0.00,28.60
2970,7,URLLC,0.3120,390,0.00,0,0.00,28.60
2970,8,URLLC,0.3120,390,0.00,0,0.00,28.60
2970,9,URLLC,0.3120,390,0.00,0,0.00,28.60
2970,10,URLLC,0.3120,390,0.00,0,0.00,28.60
2980,11,MTC,1.1264,16000,0.00,0,91.20,27.43
2980,12,MTC,1.1264,16000,0.00,0,91.20,27.43
2980,13,MTC,1.1264,16000,0.00,0,91.20,27.43
2980,14,MTC,1.1264,16000,0.00,0,91.20,27.43
2980,15,MTC,1.1264,16000,0.00,0,91.20,27.43
2980,16,MTC,1.1264,16000,0.00,0,91.20,27.43
2980,17,MTC,1.4336,16000,0.00,0,88.80,27.43
2980,18,MTC,1.1264,16000,0.00,0,91.20,27.43
2980,19,MTC,1.2288,16000,0.00,0,90.40,27.43
2980,20,MTC,1.2288,16000,0.00,0,90.40,27.43
2980,1,eMBB,2.4448,25976,0.00,0,88.24,23.90
2980,2,eMBB,2.4448,25976,0.00,0,88.24,23.90
2980,3,eMBB,2.4448,25976,0.00,0,88.24,23.90
2980,4,eMBB,2.4448,25976,0.00,0,88.24,23.90
2980,5,eMBB,2.4448,25976,0.00,0,88.24,23.90
2980,6,URLLC,0.3120,390,0.00,0,0.00,48.67
2980,7,URLLC,0.3120,390,0.00,0,0.00,48.67
2980,8,URLLC,0.3120,390,0.00,0,0.00,48.67
2980,9,URLLC,0.3120,390,0.00,0,0.00,48.67
2980,10,URLLC,0.3120,390,0.00,0,0.00,48.67
2990,11,MTC,1.7408,16000,0.00,0,86.40,38.21
2990,12,MTC,1.7408,16000,0.00,0,86.40,38.21
2990,13,MTC,1.7408,16000,0.00,0,86.40,38.21
2990,14,MTC,1.7408,16000,0.00,0,86.40,38.21
2990,15,MTC,1.6384,16000,0.00,0,87.20,38.21
2990,16,MTC,1.6384,16000,0.00,0,87.20,38.21
2990,17,MTC,0.8192,16000,0.00,0,93.60,38.21
2990,18,MTC,1.7408,16000,0.00,0,86.40,38.21
2990,19,MTC,1.6384,16000,0.00,0,87.20,38.21
2990,20,MTC,1.6384,16000,0.00,0,87.20,38.21
2990,1,eMBB,2.4448,24448,0.00,0,87.50,33.85
2990,2,eMBB,2.4448,24448,0.00,0,87.50,33.85
2990,3,eMBB,2.4448,24448,0.00,0,87.50,33.85
2990,4,eMBB,2.4448,24448,0.00,0,87.50,33.85
2990,5,eMBB,2.4448,24448,0.00,0,87.50,33.85
2990,6,URLLC,0.3120,390,0.00,0,0.00,27.94
2990,7,URLLC,0.3120,390,0.00,0,0.00,27.94
2990,8,URLLC,0.3120,390,0.00,0,0.00,27.94
2990,9,URLLC,0.3120,390,0.00,0,0.00,27.94
2990,10,URLLC,0.3120,390,0.00,0,0.00,27.94
3000,11,MTC,0.7168,16000,0.00,0,94.40,18.03
3000,12,MTC,0.7168,16000,0.00,0,94.40,18.03
3000,13,MTC,0.7168,16000,0.00,0,94.40,18.03
3000,14,MTC,0.7168,16000,0.00,0,94.40,18.03
3000,15,MTC,0.7168,16000,0.00,0,94.40,18.03
3000,16,MTC,0.7168,16000,0.00,0,94.40,18.03
3000,17,MTC,1.2288,16000,0.00,0,90.40,18.03
3000,18,MTC,0.7168,16000,0.00,0,94.40,18.03
3000,19,MTC,0.7168,16000,0.00,0,94.40,18.03
3000,20,MTC,0.7168,16000,0.00,0,94.40,18.03
3000,1,eMBB,3.6672,25976,0.00,0,82.35,42.19
3000,2,eMBB,3.6672,25976,0.00,0,82.35,42.19
3000,3,eMBB,3.6672,25976,0.00,0,82.35,42.19
3000,4,eMBB,3.6672,25976,0.00,0,82.35,42.19
3000,5,eMBB,3.6672,25976,0.00,0,82.35,42.19
3000,6,URLLC,0.3120,390,0.00,0,0.00,39.78
3000,7,URLLC,0.3120,390,0.00,0,0.00,39.78
3000,8,URLLC,0.3120,390,0.00,0,0.00,39.78
3000,9,URLLC,0.3120,390,0.00,0,0.00,39.78
3000,10,URLLC,0.3120,390,0.00,0,0.00,39.78
3010,11,MTC,1.1264,16000,0.00,0,91.20,33.52
3010,12,MTC,1.1264,16000,0.00,0,91.20,33.52
3010,13,MTC,1.1264,16000,0.00,0,91.20,33.52
3010,14,MTC,1.1264,16000,0.00,0,91.20,33.52
3010,15,MTC,1.2288,16000,0.00,0,90.40,33.52
3010,16,MTC,1.1264,16000,0.00,0,91.20,33.52
3010,17,MTC,0.8192,16000,0.00,0,93.60,33.52
3010,18,MTC,1.1264,16000,0.00,0,91.20,33.52
3010,19,MTC,1.1264,16000,0.00,0,91.20,33.52
3010,20,MTC,1.2288,16000,0.00,0,90.40,33.52
3010,1,eMBB,2.4448,25976,0.00,0,88.24,36.47
3010,2,eMBB,2.4448,25976,0.00,0,88.24,36.47
3010,3,eMBB,2.4448,25976,0.00,0,88.24,36.47
3010,4,eMBB,2.4448,25976,0.00,0,88.24,36.47
3010,5,eMBB,2.4448,25976,0.00,0,88.24,36.47
3010,6,URLLC,0.3120,390,0.00,0,0.00,30.01
3010,7,URLLC,0.3120,390,0.00,0,0.00,30.01
3010,8,URLLC,0.3120,390,0.00,0,0.00,30.01
3010,9,URLLC,0.3120,390,0.00,0,0.00,30.01
3010,10,URLLC,0.3120,390,0.00,0,0.00,30.01
3020,11,MTC,1.3312,16000,0.00,0,89.60,39.32
3020,12,MTC,1.3312,16000,0.00,0,89.60,39.32
3020,13,MTC,1.3312,16000,0.00,0,89.60,39.32
3020,14,MTC,1.3312,16000,0.00,0,89.60,39.32
3020,15,MTC,1.3312,16000,0.00,0,89.60,39.32
3020,16,MTC,1.3312,16000,0.00,0,89.60,39.32
3020,17,MTC,1.9456,16000,0.00,0,84.80,39.32
3020,18,MTC,1.3312,16000,0.00,0,89.60,39.32
3020,19,MTC,1.3312,16000,0.00,0,89.60,39.32
3020,20,MTC,1.2288,16000,0.00,0,90.40,39.32
3020,1,eMBB,2.4448,24448,0.00,0,87.50,33.41
3020,2,eMBB,2.4448,24448,0.00,0,87.50,33.41
3020,3,eMBB,2.4448,24448,0.00,0,87.50,33.41
3020,4,eMBB,2.4448,24448,0.00,0,87.50,33.41
3020,5,eMBB,2.4448,24448,0.00,0,87.50,33.41
3020,6,URLLC,0.3120,390,0.00,0,0.00,27.27
3020,7,URLLC,0.3120,390,0.00,0,0.00,27.27
3020,8,URLLC,0.3120,390,0.00,0,0.00,27.27
3020,9,URLLC,0.3120,390,0.00,0,0.00,27.27
3020,10,URLLC,0.3120,390,0.00,0,0.00,27.27
3030,11,MTC,1.4336,16000,0.00,0,88.80,27.70
3030,12,MTC,1.4336,16000,0.00,0,88.80,27.70
3030,13,MTC,1.4336,16000,0.00,0,88.80,27.70
3030,14,MTC,1.4336,16000,0.00,0,88.80,27.70
3030,15,MTC,1.4336,16000,0.00,0,88.80,27.70
3030,16,MTC,1.4336,16000,0.00,0,88.80,27.70
3030,17,MTC,1.5360,16000,0.00,0,88.00,27.70
3030,18,MTC,1.3312,16000,0.00,0,89.60,27.70
3030,19,MTC,1.5360,16000,0.00,0,88.00,27.70
3030,20,MTC,1.5360,16000,0.00,0,88.00,27.70
3030,1,eMBB,2.4448,25976,0.00,0,88.24,33.06
3030,2,eMBB,3.6672,25976,0.00,0,82.35,33.06
3030,3,eMBB,2.4448,25976,0.00,0,88.24,33.06
3030,4,eMBB,3.6672,25976,0.00,0,82.35,33.06
3030,5,eMBB,2.4448,25976,0.00,0,88.24,33.06
3030,6,URLLC,0.3120,390,0.00,0,0.00,39.24
3030,7,URLLC,0.3120,390,0.00,0,0.00,39.24
3030,8,URLLC,0.3120,390,0.00,0,0.00,39.24
3030,9,URLLC,0.3120,390,0.00,0,0.00,39.24
3030,10,URLLC,0.3120,390,0.00,0,0.00,39.24
3040,11,MTC,1.3312,16000,0.00,0,89.60,28.86
3040,12,MTC,1.2288,16000,0.00,0,90.40,28.86
3040,13,MTC,1.2288,16000,0.00,0,90.40,28.86
3040,14,MTC,1.2288,16000,0.00,0,90.40,28.86
3040,15,MTC,1.2288,16000,0.00,0,90.40,28.86
3040,16,MTC,1.3312,16000,0.00,0,89.60,28.86
3040,17,MTC,1.2288,16000,0.00,0,90.40,28.86
3040,18,MTC,1.3312,16000,0.00,0,89.60,28.86
3040,19,MTC,1.2288,16000,0.00,0,90.40,28.86
3040,20,MTC,1.2288,16000,0.00,0,90.40,28.86
3040,1,eMBB,4.8896,25976,0.00,0,76.47,45.44
3040,2,eMBB,3.6672,25976,0.00,0,82.35,45.44
3040,3,eMBB,4.8896,25976,0.00,0,76.47,45.44
3040,4,eMBB,3.6672,25976,0.00,0,82.35,45.44
3040,5,eMBB,3.6672,25976,0.00,0,82.35,45.44
3040,6,URLLC,0.3120,390,0.00,0,0.00,25.70
3040,7,URLLC,0.3120,390,0.00,0,0.00,25.70
3040,8,URLLC,0.3120,390,0.00,0,0.00,25.70
3040,9,URLLC,0.3120,390,0.00,0,0.00,25.70
3040,10,URLLC,0.3120,390,0.00,0,0.00,25.70
3050,11,MTC,1.1264,16000,0.00,0,91.20,20.23
3050,12,MTC,1.2288,16000,0.00,0,90.40,20.23
3050,13,MTC,1.2288,16000,0.00,0,90.40,20.23
3050,14,MTC,1.2288,16000,0.00,0,90.40,20.23
3050,15,MTC,1.2288,16000,0.00,0,90.40,20.23
3050,16,MTC,1.1264,16000,0.00,0,91.20,20.23
3050,17,MTC,1.1264,16000,0.00,0,91.20,20.23
3050,18,MTC,1.1264,16000,0.00,0,91.20,20.23
3050,19,MTC,1.1264,16000,0.00,0,91.20,20.23
3050,20,MTC,1.1264,16000,0.00,0,91.20,20.23
3050,1,eMBB,2.4448,24448,0.00,0,87.50,27.62
3050,2,eMBB,2.4448,24448,0.00,0,87.50,27.62
3050,3,eMBB,2.4448,24448,0.00,0,87.50,27.62
3050,4,eMBB,2.4448,24448,0.00,0,87.50,27.62
3050,5,eMBB,3.6672,24448,0.00,0,81.25,27.62
3050,6,URLLC,0.3120,390,0.00,0,0.00,52.15
3050,7,URLLC,0.3120,390,0.00,0,0.00,52.15
3050,8,URLLC,0.3120,390,0.00,0,0.00,52.15
3050,9,URLLC,0.3120,390,0.00,0,0.00,52.15
3050,10,URLLC,0.3120,390,0.00,0,0.00,52.15
3060,11,MTC,1.4336,16000,0.00,0,88.80,31.13
3060,12,MTC,1.3312,16000,0.00,0,89.60,31.13
3060,13,MTC,1.3312,16000,0.00,0,89.60,31.13
3060,14,MTC,1.4336,16000,0.00,0,88.80,31.13
3060,15,MTC,1.4336,16000,0.00,0,88.80,31.13
3060,16,MTC,1.4336,16000,0.00,0,88.80,31.13
3060,17,MTC,1.4336,16000,0.00,0,88.80,31.13
3060,18,MTC,1.5360,16000,0.00,0,88.00,31.13
3060,19,MTC,1.4336,16000,0.00,0,88.80,31.13
3060,20,MTC,1.4336,16000,0.00,0,88.80,31.13
3060,1,eMBB,3.6672,25976,0.00,0,82.35,27.69
3060,2,eMBB,3.6672,25976,0.00,0,82.35,27.69
3060,3,eMBB,3.6672,25976,0.00,0,82.35,27.69
3060,4,eMBB,3.6672,25976,0.00,0,82.35,27.69
3060,5,eMBB,2.4448,25976,0.00,0,88.24,27.69
3060,6,URLLC,0.3120,390,0.00,0,0.00,41.18
3060,7,URLLC,0.3120,390,0.00,0,0.00,41.18
3060,8,URLLC,0.3120,390,0.00,0,0.00,41.18
3060,9,URLLC,0.3120,390,0.00,0,0.00,41.18
3060,10,URLLC,0.3120,390,0.00,0,0.00,41.18
3070,11,MTC,1.4336,16000,0.00,0,88.80,31.37
3070,12,MTC,1.5360,16000,0.00,0,88.00,31.37
3070,13,MTC,1.5360,16000,0.00,0,88.00,31.37
3070,14,MTC,1.4336,16000,0.00,0,88.80,31.37
3070,15,MTC,1.4336,16000,0.00,0,88.80,31.37
3070,16,MTC,1.4336,16000,0.00,0,88.80,31.37
3070,17,MTC,1.4336,16000,0.00,0,88.80,31.37
3070,18,MTC,1.4336,16000,0.00,0,88.80,31.37
3070,19,MTC,1.5360,16000,0.00,0,88.00,31.37
3070,20,MTC,1.4336,16000,0.00,0,88.80,31.37
3070,1,eMBB,2.4448,25976,0.00,0,88.24,36.93
3070,2,eMBB,2.4448,25976,0.00,0,88.24,36.93
3070,3,eMBB,2.4448,25976,0.00,0,88.24,36.93
3070,4,eMBB,2.4448,25976,0.00,0,88.24,36.93
3070,5,eMBB,3.6672,25976,0.00,0,82.35,36.93
3070,6,URLLC,0.3120,390,0.00,0,0.00,31.70
3070,7,URLLC,0.3120,390,0.00,0,0.00,31.70
3070,8,URLLC,0.3120,390,0.00,0,0.00,31.70
3070,9,URLLC,0.3120,390,0.00,0,0.00,31.70
3070,10,URLLC,0.3120,390,0.00,0,0.00,31.70
3080,11,MTC,1.0240,16000,0.00,0,92.00,21.82
3080,12,MTC,1.0240,16000,0.00,0,92.00,21.82
3080,13,MTC,1.0240,16000,0.00,0,92.00,21.82
3080,14,MTC,1.0240,16000,0.00,0,92.00,21.82
3080,15,MTC,1.0240,16000,0.00,0,92.00,21.82
3080,16,MTC,1.0240,16000,0.00,0,92.00,21.82
3080,17,MTC,1.0240,16000,0.00,0,92.00,21.82
3080,18,MTC,0.9216,16000,0.00,0,92.80,21.82
3080,19,MTC,0.9216,16000,0.00,0,92.80,21.82
3080,20,MTC,1.0240,16000,0.00,0,92.00,21.82
3080,1,eMBB,3.6672,24448,0.00,0,81.25,49.26
3080,2,eMBB,3.6672,24448,0.00,0,81.25,49.26
3080,3,eMBB,3.6672,24448,0.00,0,81.25,49.26
3080,4,eMBB,3.6672,24448,0.00,0,81.25,49.26
3080,5,eMBB,3.6672,24448,0.00,0,81.25,49.26
3080,6,URLLC,0.3120,390,0.00,0,0.00,28.93
3080,7,URLLC,0.3120,390,0.00,0,0.00,28.93
3080,8,URLLC,0.3120,390,0.00,0,0.00,28.93
3080,9,URLLC,0.3120,390,0.00,0,0.00,28.93
3080,10,URLLC,0.3120,390,0.00,0,0.00,28.93
3090,11,MTC,1.6384,16000,0.00,0,87.20,43.10
3090,12,MTC,1.6384,16000,0.00,0,87.20,43.10
3090,13,MTC,1.6384,16000,0.00,0,87.20,43.10
3090,14,MTC,1.6384,16000,0.00,0,87.20,43.10
3090,15,MTC,1.6384,16000,0.00,0,87.20,43.10
3090,16,MTC,1.6384,16000,0.00,0,87.20,43.10
3090,17,MTC,1.5360,16000,0.00,0,88.00,43.10
3090,18,MTC,1.6384,16000,0.00,0,87.20,43.10
3090,19,MTC,1.6384,16000,0.00,0,87.20,43.10
3090,20,MTC,1.6384,16000,0.00,0,87.20,43.10
3090,1,eMBB,2.4448,25976,0.00,0,88.24,26.77
3090,2,eMBB,2.4448,25976,0.00,0,88.24,26.77
3090,3,eMBB,2.4448,25976,0.00,0,88.24,26.77
3090,4,eMBB,2.4448,25976,0.00,0,88.24,26.77
3090,5,eMBB,2.4448,25976,0.00,0,88.24,26.77
3090,6,URLLC,0.3120,390,0.00,0,0.00,30.12
3090,7,URLLC,0.3120,390,0.00,0,0.00,30.12
3090,8,URLLC,0.3120,390,0.00,0,0.00,30.12
3090,9,URLLC,0.3120,390,0.00,0,0.00,30.12
3090,10,URLLC,0.3120,390,0.00,0,0.00,30.12
3100,11,MTC,1.1264,16000,0.00,0,91.20,19.04
3100,12,MTC,1.1264,16000,0.00,0,91.20,19.04
3100,13,MTC,1.1264,16000,0.00,0,91.20,19.04
3100,14,MTC,1.1264,16000,0.00,0,91.20,19.04
3100,15,MTC,1.1264,16000,0.00,0,91.20,19.04
3100,16,MTC,1.1264,16000,0.00,0,91.20,19.04
3100,17,MTC,1.2288,16000,0.00,0,90.40,19.04
3100,18,MTC,1.2288,16000,0.00,0,90.40,19.04
3100,19,MTC,1.1264,16000,0.00,0,91.20,19.04
3100,20,MTC,1.1264,16000,0.00,0,91.20,19.04
3100,1,eMBB,3.6672,25976,0.00,0,82.35,36.63
3100,2,eMBB,3.6672,25976,0.00,0,82.35,36.63
3100,3,eMBB,3.6672,25976,0.00,0,82.35,36.63
3100,4,eMBB,3.6672,25976,0.00,0,82.35,36.63
3100,5,eMBB,3.6672,25976,0.00,0,82.35,36.63
3100,6,URLLC,0.3120,390,0.00,0,0.00,44.33
3100,7,URLLC,0.3120,390,0.00,0,0.00,44.33
3100,8,URLLC,0.3120,390,0.00,0,0.00,44.33
3100,9,URLLC,0.3120,390,0.00,0,0.00,44.33
3100,10,URLLC,0.3120,390,0.00,0,0.00,44.33
3110,11,MTC,1.1264,16000,0.00,0,91.20,31.17
3110,12,MTC,1.1264,16000,0.00,0,91.20,31.17
3110,13,MTC,1.1264,16000,0.00,0,91.20,31.17
3110,14,MTC,1.1264,16000,0.00,0,91.20,31.17
3110,15,MTC,1.1264,16000,0.00,0,91.20,31.17
3110,16,MTC,1.1264,16000,0.00,0,91.20,31.17
3110,17,MTC,1.1264,16000,0.00,0,91.20,31.17
3110,18,MTC,1.1264,16000,0.00,0,91.20,31.17
3110,19,MTC,1.1264,16000,0.00,0,91.20,31.17
3110,20,MTC,1.1264,16000,0.00,0,91.20,31.17
3110,1,eMBB,2.4448,24448,0.00,0,87.50,34.19
3110,2,eMBB,2.4448,24448,0.00,0,87.50,34.19
3110,3,eMBB,2.4448,24448,0.00,0,87.50,34.19
3110,4,eMBB,2.4448,24448,0.00,0,87.50,34.19
3110,5,eMBB,2.4448,24448,0.00,0,87.50,34.19
3110,6,URLLC,0.3120,390,0.00,0,0.00,34.64
3110,7,URLLC,0.3120,390,0.00,0,0.00,34.64
3110,8,URLLC,0.3120,390,0.00,0,0.00,34.64
3110,9,URLLC,0.3120,390,0.00,0,0.00,34.64
3110,10,URLLC,0.3120,390,0.00,0,0.00,34.64
3120,11,MTC,1.5360,16000,0.00,0,88.00,31.85
3120,12,MTC,1.5360,16000,0.00,0,88.00,31.85
3120,13,MTC,1.5360,16000,0.00,0,88.00,31.85
3120,14,MTC,1.5360,16000,0.00,0,88.00,31.85
3120,15,MTC,1.5360,16000,0.00,0,88.00,31.85
3120,16,MTC,1.4336,16000,0.00,0,88.80,31.85
3120,17,MTC,1.5360,16000,0.00,0,88.00,31.85
3120,18,MTC,1.4336,16000,0.00,0,88.80,31.85
3120,19,MTC,1.5360,16000,0.00,0,88.00,31.85
3120,20,MTC,1.5360,16000,0.00,0,88.00,31.85
3120,1,eMBB,3.6672,25976,0.00,0,82.35,32.76
3120,2,eMBB,3.6672,25976,0.00,0,82.35,32.76
3120,3,eMBB,3.6672,25976,0.00,0,82.35,32.76
3120,4,eMBB,3.6672,25976,0.00,0,82.35,32.76
3120,5,eMBB,2.4448,25976,0.00,0,88.24,32.76
3120,6,URLLC,0.3120,390,0.00,0,0.00,35.39
3120,7,URLLC,0.3120,390,0.00,0,0.00,35.39
3120,8,URLLC,0.3120,390,0.00,0,0.00,35.39
3120,9,URLLC,0.3120,390,0.00,0,0.00,35.39
3120,10,URLLC,0.3120,390,0.00,0,0.00,35.39
3130,11,MTC,1.1264,16000,0.00,0,91.20,21.15
3130,12,MTC,1.1264,16000,0.00,0,91.20,21.15
3130,13,MTC,1.1264,16000,0.00,0,91.20,21.15
3130,14,MTC,1.1264,16000,0.00,0,91.20,21.15
3130,15,MTC,1.1264,16000,0.00,0,91.20,21.15
3130,16,MTC,1.3312,16000,0.00,0,89.60,21.15
3130,17,MTC,0.8192,16000,0.00,0,93.60,21.15
3130,18,MTC,1.2288,16000,0.00,0,90.40,21.15
3130,19,MTC,1.2288,16000,0.00,0,90.40,21.15
3130,20,MTC,1.2288,16000,0.00,0,90.40,21.15
3130,1,eMBB,2.4448,25976,0.00,0,88.24,32.92
3130,2,eMBB,2.4448,25976,0.00,0,88.24,32.92
3130,3,eMBB,2.4448,25976,0.00,0,88.24,32.92
3130,4,eMBB,2.4448,25976,0.00,0,88.24,32.92
3130,5,eMBB,3.6672,25976,0.00,0,82.35,32.92
3130,6,URLLC,0.3120,390,0.00,0,0.00,45.93
3130,7,URLLC,0.3120,390,0.00,0,0.00,45.93
3130,8,URLLC,0.3120,390,0.00,0,0.00,45.93
3130,9,URLLC,0.3120,390,0.00,0,0.00,45.93
3130,10,URLLC,0.3120,390,0.00,0,0.00,45.93
3140,11,MTC,0.9216,16000,0.00,0,92.80,19.61
3140,12,MTC,0.9216,16000,0.00,0,92.80,19.61
3140,13,MTC,0.9216,16000,0.00,0,92.80,19.61
3140,14,MTC,0.9216,16000,0.00,0,92.80,19.61
3140,15,MTC,0.9216,16000,0.00,0,92.80,19.61
3140,16,MTC,0.8192,16000,0.00,0,93.60,19.61
3140,17,MTC,1.0240,16000,0.00,0,92.00,19.61
3140,18,MTC,0.9216,16000,0.00,0,92.80,19.61
3140,19,MTC,0.9216,16000,0.00,0,92.80,19.61
3140,20,MTC,0.8192,16000,0.00,0,93.60,19.61
3140,1,eMBB,3.6672,24448,0.00,0,81.25,35.02
3140,2,eMBB,3.6672,24448,0.00,0,81.25,35.02
3140,3,eMBB,3.6672,24448,0.00,0,81.25,35.02
3140,4,eMBB,3.6672,24448,0.00,0,81.25,35.02
3140,5,eMBB,3.6672,24448,0.00,0,81.25,35.02
3140,6,URLLC,0.3120,390,0.00,0,0.00,45.37
3140,7,URLLC,0.3120,390,0.00,0,0.00,45.37
3140,8,URLLC,0.3120,390,0.00,0,0.00,45.37
3140,9,URLLC,0.3120,390,0.00,0,0.00,45.37
3140,10,URLLC,0.3120,390,0.00,0,0.00,45.37
3150,11,MTC,1.5360,16000,0.00,0,88.00,43.48
3150,12,MTC,1.5360,16000,0.00,0,88.00,43.48
3150,13,MTC,1.5360,16000,0.00,0,88.00,43.48
3150,14,MTC,1.5360,16000,0.00,0,88.00,43.48
3150,15,MTC,1.5360,16000,0.00,0,88.00,43.48
3150,16,MTC,1.5360,16000,0.00,0,88.00,43.48
3150,17,MTC,0.8192,16000,0.00,0,93.60,43.48
3150,18,MTC,1.4336,16000,0.00,0,88.80,43.48
3150,19,MTC,1.4336,16000,0.00,0,88.80,43.48
3150,20,MTC,1.5360,16000,0.00,0,88.00,43.48
3150,1,eMBB,2.4448,25976,0.00,0,88.24,26.07
3150,2,eMBB,2.4448,25976,0.00,0,88.24,26.07
3150,3,eMBB,1.2224,25976,0.00,0,94.12,26.07
3150,4,eMBB,2.4448,25976,0.00,0,88.24,26.07
3150,5,eMBB,1.2224,25976,0.00,0,94.12,26.07
3150,6,URLLC,0.3120,390,0.00,0,0.00,30.45
3150,7,URLLC,0.3120,390,0.00,0,0.00,30.45
3150,8,URLLC,0.3120,390,0.00,0,0.00,30.45
3150,9,URLLC,0.3120,390,0.00,0,0.00,30.45
3150,10,URLLC,0.3120,390,0.00,0,0.00,30.45
3160,11,MTC,1.4336,16000,0.00,0,88.80,33.97
3160,12,MTC,1.4336,16000,0.00,0,88.80,33.97
3160,13,MTC,1.4336,16000,0.00,0,88.80,33.97
3160,14,MTC,1.4336,16000,0.00,0,88.80,33.97
3160,15,MTC,1.4336,16000,0.00,0,88.80,33.97
3160,16,MTC,1.4336,16000,0.00,0,88.80,33.97
3160,17,MTC,2.3552,16000,0.00,0,81.60,33.97
3160,18,MTC,1.5360,16000,0.00,0,88.00,33.97
3160,19,MTC,1.4336,16000,0.00,0,88.80,33.97
3160,20,MTC,1.5360,16000,0.00,0,88.00,33.97
3160,1,eMBB,2.4448,25976,0.00,0,88.24,34.42
3160,2,eMBB,2.4448,25976,0.00,0,88.24,34.42
3160,3,eMBB,3.6672,25976,0.00,0,82.35,34.42
3160,4,eMBB,2.4448,25976,0.00,0,88.24,34.42
3160,5,eMBB,2.4448,25976,0.00,0,88.24,34.42
3160,6,URLLC,0.3120,390,0.00,0,0.00,31.61
3160,7,URLLC,0.3120,390,0.00,0,0.00,31.61
3160,8,URLLC,0.3120,390,0.00,0,0.00,31.61
3160,9,URLLC,0.3120,390,0.00,0,0.00,31.61
3160,10,URLLC,0.3120,390,0.00,0,0.00,31.61
3170,11,MTC,1.7408,16000,0.00,0,86.40,40.30
3170,12,MTC,1.6384,16000,0.00,0,87.20,40.30
3170,13,MTC,1.6384,16000,0.00,0,87.20,40.30
3170,14,MTC,1.7408,16000,0.00,0,86.40,40.30
3170,15,MTC,1.7408,16000,0.00,0,86.40,40.30
3170,16,MTC,1.6384,16000,0.00,0,87.20,40.30
3170,17,MTC,1.7408,16000,0.00,0,86.40,40.30
3170,18,MTC,1.6384,16000,0.00,0,87.20,40.30
3170,19,MTC,1.7408,16000,0.00,0,86.40,40.30
3170,20,MTC,1.6384,16000,0.00,0,87.20,40.30
3170,1,eMBB,2.4448,24448,0.00,0,87.50,29.38
3170,2,eMBB,2.4448,24448,0.00,0,87.50,29.38
3170,3,eMBB,2.4448,24448,0.00,0,87.50,29.38
3170,4,eMBB,2.4448,24448,0.00,0,87.50,29.38
3170,5,eMBB,3.6672,24448,0.00,0,81.25,29.38
3170,6,URLLC,0.3120,390,0.00,0,0.00,30.31
3170,7,URLLC,0.3120,390,0.00,0,0.00,30.31
3170,8,URLLC,0.3120,390,0.00,0,0.00,30.31
3170,9,URLLC,0.3120,390,0.00,0,0.00,30.31
3170,10,URLLC,0.3120,390,0.00,0,0.00,30.31
3180,11,MTC,1.4336,16000,0.00,0,88.80,30.88
3180,12,MTC,1.5360,16000,0.00,0,88.00,30.88
3180,13,MTC,1.5360,16000,0.00,0,88.00,30.88
3180,14,MTC,1.4336,16000,0.00,0,88.80,30.88
3180,15,MTC,1.4336,16000,0.00,0,88.80,30.88
3180,16,MTC,1.5360,16000,0.00,0,88.00,30.88
3180,17,MTC,1.4336,16000,0.00,0,88.80,30.88
3180,18,MTC,1.5360,16000,0.00,0,88.00,30.88
3180,19,MTC,1.4336,16000,0.00,0,88.80,30.88
3180,20,MTC,1.4336,16000,0.00,0,88.80,30.88
3180,1,eMBB,2.4448,25976,0.00,0,88.24,29.64
3180,2,eMBB,2.4448,25976,0.00,0,88.24,29.64
3180,3,eMBB,2.4448,25976,0.00,0,88.24,29.64
3180,4,eMBB,2.4448,25976,0.00,0,88.24,29.64
3180,5,eMBB,2.4448,25976,0.00,0,88.24,29.64
3180,6,URLLC,0.2496,390,0.00,0,20.00,39.48
3180,7,URLLC,0.2496,390,0.00,0,20.00,39.48
3180,8,URLLC,0.2496,390,0.00,0,20.00,39.48
3180,9,URLLC,0.2496,390,0.00,0,20.00,39.48
3180,10,URLLC,0.2496,390,0.00,0,20.00,39.48
3190,11,MTC,1.3312,16000,0.00,0,89.60,29.20
3190,12,MTC,1.3312,16000,0.00,0,89.60,29.20
3190,13,MTC,1.3312,16000,0.00,0,89.60,29.20
3190,14,MTC,1.3312,16000,0.00,0,89.60,29.20
3190,15,MTC,1.3312,16000,0.00,0,89.60,29.20
3190,16,MTC,1.3312,16000,0.00,0,89.60,29.20
3190,17,MTC,1.3312,16000,0.00,0,89.60,29.20
3190,18,MTC,1.3312,16000,0.00,0,89.60,29.20
3190,19,MTC,1.4336,16000,0.00,0,88.80,29.20
3190,20,MTC,1.4336,16000,0.00,0,88.80,29.20
3190,1,eMBB,2.4448,25976,0.00,0,88.24,35.44
3190,2,eMBB,2.4448,25976,0.00,0,88.24,35.44
3190,3,eMBB,2.4448,25976,0.00,0,88.24,35.44
3190,4,eMBB,2.4448,25976,0.00,0,88.24,35.44
3190,5,eMBB,2.4448,25976,0.00,0,88.24,35.44
3190,6,URLLC,0.3744,390,0.00,0,0.00,35.36
3190,7,URLLC,0.3744,390,0.00,0,0.00,35.36
3190,8,URLLC,0.3744,390,0.00,0,0.00,35.36
3190,9,URLLC,0.3744,390,0.00,0,0.00,35.36
3190,10,URLLC,0.3744,390,0.00,0,0.00,35.36
3200,11,MTC,1.4336,16000,0.00,0,88.80,30.47
3200,12,MTC,1.5360,16000,0.00,0,88.00,30.47
3200,13,MTC,1.5360,16000,0.00,0,88.00,30.47
3200,14,MTC,1.5360,16000,0.00,0,88.00,30.47
3200,15,MTC,1.4336,16000,0.00,0,88.80,30.47
3200,16,MTC,1.5360,16000,0.00,0,88.00,30.47
3200,17,MTC,0.9216,16000,0.00,0,92.80,30.47
3200,18,MTC,1.5360,16000,0.00,0,88.00,30.47
3200,19,MTC,1.4336,16000,0.00,0,88.80,30.47
3200,20,MTC,1.4336,16000,0.00,0,88.80,30.47
3200,1,eMBB,3.6672,24448,0.00,0,81.25,26.51
3200,2,eMBB,3.6672,24448,0.00,0,81.25,26.51
3200,3,eMBB,3.6672,24448,0.00,0,81.25,26.51
3200,4,eMBB,3.6672,24448,0.00,0,81.25,26.51
3200,5,eMBB,3.6672,24448,0.00,0,81.25,26.51
3200,6,URLLC,0.3120,390,0.00,0,0.00,43.02
3200,7,URLLC,0.3120,390,0.00,0,0.00,43.02
3200,8,URLLC,0.3120,390,0.00,0,0.00,43.02
3200,9,URLLC,0.3120,390,0.00,0,0.00,43.02
3200,10,URLLC,0.3120,390,0.00,0,0.00,43.02
3210,11,MTC,1.1264,16000,0.00,0,91.20,35.59
3210,12,MTC,1.0240,16000,0.00,0,92.00,35.59
3210,13,MTC,1.0240,16000,0.00,0,92.00,35.59
3210,14,MTC,1.1264,16000,0.00,0,91.20,35.59
3210,15,MTC,1.1264,16000,0.00,0,91.20,35.59
3210,16,MTC,1.0240,16000,0.00,0,92.00,35.59
3210,17,MTC,1.6384,16000,0.00,0,87.20,35.59
3210,18,MTC,1.0240,16000,0.00,0,92.00,35.59
3210,19,MTC,1.0240,16000,0.00,0,92.00,35.59
3210,20,MTC,1.0240,16000,0.00,0,92.00,35.59
3210,1,eMBB,1.2224,25976,0.00,0,94.12,33.18
3210,2,eMBB,1.2224,25976,0.00,0,94.12,33.18
3210,3,eMBB,1.2224,25976,0.00,0,94.12,33.18
3210,4,eMBB,1.2224,25976,0.00,0,94.12,33.18
3210,5,eMBB,1.2224,25976,0.00,0,94.12,33.18
3210,6,URLLC,0.2496,390,0.00,0,20.00,31.23
3210,7,URLLC,0.2496,390,0.00,0,20.00,31.23
3210,8,URLLC,0.2496,390,0.00,0,20.00,31.23
3210,9,URLLC,0.2496,390,0.00,0,20.00,31.23
3210,10,URLLC,0.2496,390,0.00,0,20.00,31.23
3220,11,MTC,1.2288,16000,0.00,0,90.40,30.11
3220,12,MTC,1.2288,16000,0.00,0,90.40,30.11
3220,13,MTC,1.2288,16000,0.00,0,90.40,30.11
3220,14,MTC,1.1264,16000,0.00,0,91.20,30.11
3220,15,MTC,1.3312,16000,0.00,0,89.60,30.11
3220,16,MTC,1.2288,16000,0.00,0,90.40,30.11
3220,17,MTC,0.8192,16000,0.00,0,93.60,30.11
3220,18,MTC,1.2288,16000,0.00,0,90.40,30.11
3220,19,MTC,1.3312,16000,0.00,0,89.60,30.11
3220,20,MTC,1.3312,16000,0.00,0,89.60,30.11
3220,1,eMBB,2.4448,25976,0.00,0,88.24,33.41
3220,2,eMBB,2.4448,25976,0.00,0,88.24,33.41
3220,3,eMBB,2.4448,25976,0.00,0,88.24,33.41
3220,4,eMBB,2.4448,25976,0.00,0,88.24,33.41
3220,5,eMBB,2.4448,25976,0.00,0,88.24,33.41
3220,6,URLLC,0.3744,390,0.00,0,0.00,36.48
3220,7,URLLC,0.3744,390,0.00,0,0.00,36.48
3220,8,URLLC,0.3744,390,0.00,0,0.00,36.48
3220,9,URLLC,0.3744,390,0.00,0,0.00,36.48
3220,10,URLLC,0.3744,390,0.00,0,0.00,36.48
3230,11,MTC,1.2288,16000,0.00,0,90.40,30.87
3230,12,MTC,1.2288,16000,0.00,0,90.40,30.87
3230,13,MTC,1.2288,16000,0.00,0,90.40,30.87
3230,14,MTC,1.2288,16000,0.00,0,90.40,30.87
3230,15,MTC,1.1264,16000,0.00,0,91.20,30.87
3230,16,MTC,1.2288,16000,0.00,0,90.40,30.87
3230,17,MTC,1.6384,16000,0.00,0,87.20,30.87
3230,18,MTC,1.2288,16000,0.00,0,90.40,30.87
3230,19,MTC,1.1264,16000,0.00,0,91.20,30.87
3230,20,MTC,1.1264,16000,0.00,0,91.20,30.87
3230,1,eMBB,3.6672,24448,0.00,0,81.25,39.65
3230,2,eMBB,3.6672,24448,0.00,0,81.25,39.65
3230,3,eMBB,3.6672,24448,0.00,0,81.25,39.65
3230,4,eMBB,3.6672,24448,0.00,0,81.25,39.65
3230,5,eMBB,3.6672,24448,0.00,0,81.25,39.65
3230,6,URLLC,0.3120,390,0.00,0,0.00,29.49
3230,7,URLLC,0.3120,390,0.00,0,0.00,29.49
3230,8,URLLC,0.3120,390,0.00,0,0.00,29.49
3230,9,URLLC,0.3120,390,0.00,0,0.00,29.49
3230,10,URLLC,0.3120,390,0.00,0,0.00,29.49
3240,11,MTC,1.1264,16000,0.00,0,91.20,22.80
3240,12,MTC,1.1264,16000,0.00,0,91.20,22.80
3240,13,MTC,1.1264,16000,0.00,0,91.20,22.80
3240,14,MTC,1.1264,16000,0.00,0,91.20,22.80
3240,15,MTC,1.1264,16000,0.00,0,91.20,22.80
3240,16,MTC,1.0240,16000,0.00,0,92.00,22.80
3240,17,MTC,1.1264,16000,0.00,0,91.20,22.80
3240,18,MTC,1.1264,16000,0.00,0,91.20,22.80
3240,19,MTC,1.1264,16000,0.00,0,91.20,22.80
3240,20,MTC,1.1264,16000,0.00,0,91.20,22.80
3240,1,eMBB,3.6672,25976,0.00,0,82.35,48.42
3240,2,eMBB,3.6672,25976,0.00,0,82.35,48.42
3240,3,eMBB,3.6672,25976,0.00,0,82.35,48.42
3240,4,eMBB,3.6672,25976,0.00,0,82.35,48.42
3240,5,eMBB,3.6672,25976,0.00,0,82.35,48.42
3240,6,URLLC,0.3120,390,0.00,0,0.00,28.78
3240,7,URLLC,0.3120,390,0.00,0,0.00,28.78
3240,8,URLLC,0.3120,390,0.00,0,0.00,28.78
3240,9,URLLC,0.3120,390,0.00,0,0.00,28.78
3240,10,URLLC,0.3120,390,0.00,0,0.00,28.78
3250,11,MTC,1.1264,16000,0.00,0,91.20,23.58
3250,12,MTC,1.1264,16000,0.00,0,91.20,23.58
3250,13,MTC,1.0240,16000,0.00,0,92.00,23.58
3250,14,MTC,1.1264,16000,0.00,0,91.20,23.58
3250,15,MTC,1.1264,16000,0.00,0,91.20,23.58
3250,16,MTC,1.1264,16000,0.00,0,91.20,23.58
3250,17,MTC,1.0240,16000,0.00,0,92.00,23.58
3250,18,MTC,1.0240,16000,0.00,0,92.00,23.58
3250,19,MTC,1.0240,16000,0.00,0,92.00,23.58
3250,20,MTC,1.1264,16000,0.00,0,91.20,23.58
3250,1,eMBB,3.6672,25976,0.00,0,82.35,38.85
3250,2,eMBB,3.6672,25976,0.00,0,82.35,38.85
3250,3,eMBB,3.6672,25976,0.00,0,82.35,38.85
3250,4,eMBB,3.6672,25976,0.00,0,82.35,38.85
3250,5,eMBB,3.6672,25976,0.00,0,82.35,38.85
3250,6,URLLC,0.3120,390,0.00,0,0.00,37.56
3250,7,URLLC,0.3120,390,0.00,0,0.00,37.56
3250,8,URLLC,0.3120,390,0.00,0,0.00,37.56
3250,9,URLLC,0.3120,390,0.00,0,0.00,37.56
3250,10,URLLC,0.3120,390,0.00,0,0.00,37.56
3260,11,MTC,1.0240,16000,0.00,0,92.00,21.99
3260,12,MTC,1.0240,16000,0.00,0,92.00,21.99
3260,13,MTC,1.1264,16000,0.00,0,91.20,21.99
3260,14,MTC,1.0240,16000,0.00,0,92.00,21.99
3260,15,MTC,1.0240,16000,0.00,0,92.00,21.99
3260,16,MTC,1.0240,16000,0.00,0,92.00,21.99
3260,17,MTC,0.8192,16000,0.00,0,93.60,21.99
3260,18,MTC,1.0240,16000,0.00,0,92.00,21.99
3260,19,MTC,1.1264,16000,0.00,0,91.20,21.99
3260,20,MTC,1.0240,16000,0.00,0,92.00,21.99
3260,1,eMBB,3.6672,24448,0.00,0,81.25,46.53
3260,2,eMBB,3.6672,24448,0.00,0,81.25,46.53
3260,3,eMBB,3.6672,24448,0.00,0,81.25,46.53
3260,4,eMBB,3.6672,24448,0.00,0,81.25,46.53
3260,5,eMBB,3.6672,24448,0.00,0,81.25,46.53
3260,6,URLLC,0.3120,390,0.00,0,0.00,31.48
3260,7,URLLC,0.3120,390,0.00,0,0.00,31.48
3260,8,URLLC,0.3120,390,0.00,0,0.00,31.48
3260,9,URLLC,0.3120,390,0.00,0,0.00,31.48
3260,10,URLLC,0.3120,390,0.00,0,0.00,31.48
3270,11,MTC,0.9216,16000,0.00,0,92.80,23.07
3270,12,MTC,0.9216,16000,0.00,0,92.80,23.07
3270,13,MTC,0.8192,16000,0.00,0,93.60,23.07
3270,14,MTC,0.9216,16000,0.00,0,92.80,23.07
3270,15,MTC,0.9216,16000,0.00,0,92.80,23.07
3270,16,MTC,0.9216,16000,0.00,0,92.80,23.07
3270,17,MTC,1.0240,16000,0.00,0,92.00,23.07
3270,18,MTC,0.9216,16000,0.00,0,92.80,23.07
3270,19,MTC,0.9216,16000,0.00,0,92.80,23.07
3270,20,MTC,0.9216,16000,0.00,0,92.80,23.07
3270,1,eMBB,3.6672,25976,0.00,0,82.35,42.72
3270,2,eMBB,3.6672,25976,0.00,0,82.35,42.72
3270,3,eMBB,3.6672,25976,0.00,0,82.35,42.72
3270,4,eMBB,3.6672,25976,0.00,0,82.35,42.72
3270,5,eMBB,3.6672,25976,0.00,0,82.35,42.72
3270,6,URLLC,0.3120,390,0.00,0,0.00,34.21
3270,7,URLLC,0.3120,390,0.00,0,0.00,34.21
3270,8,URLLC,0.3120,390,0.00,0,0.00,34.21
3270,9,URLLC,0.3120,390,0.00,0,0.00,34.21
3270,10,URLLC,0.3120,390,0.00,0,0.00,34.21
3280,11,MTC,0.9216,16000,0.00,0,92.80,25.27
3280,12,MTC,0.9216,16000,0.00,0,92.80,25.27
3280,13,MTC,1.0240,16000,0.00,0,92.00,25.27
3280,14,MTC,0.9216,16000,0.00,0,92.80,25.27
3280,15,MTC,1.0240,16000,0.00,0,92.00,25.27
3280,16,MTC,1.1264,16000,0.00,0,91.20,25.27
3280,17,MTC,0.8192,16000,0.00,0,93.60,25.27
3280,18,MTC,1.0240,16000,0.00,0,92.00,25.27
3280,19,MTC,1.0240,16000,0.00,0,92.00,25.27
3280,20,MTC,1.0240,16000,0.00,0,92.00,25.27
3280,1,eMBB,3.6672,25976,0.00,0,82.35,42.92
3280,2,eMBB,3.6672,25976,0.00,0,82.35,42.92
3280,3,eMBB,3.6672,25976,0.00,0,82.35,42.92
3280,4,eMBB,3.6672,25976,0.00,0,82.35,42.92
3280,5,eMBB,3.6672,25976,0.00,0,82.35,42.92
3280,6,URLLC,0.3120,390,0.00,0,0.00,31.81
3280,7,URLLC,0.3120,390,0.00,0,0.00,31.81
3280,8,URLLC,0.3120,390,0.00,0,0.00,31.81
3280,9,URLLC,0.3120,390,0.00,0,0.00,31.81
3280,10,URLLC,0.3120,390,0.00,0,0.00,31.81
3290,11,MTC,0.9216,16000,0.00,0,92.80,23.21
3290,12,MTC,0.9216,16000,0.00,0,92.80,23.21
3290,13,MTC,0.8192,16000,0.00,0,93.60,23.21
3290,14,MTC,0.9216,16000,0.00,0,92.80,23.21
3290,15,MTC,0.9216,16000,0.00,0,92.80,23.21
3290,16,MTC,0.8192,16000,0.00,0,93.60,23.21
3290,17,MTC,1.2288,16000,0.00,0,90.40,23.21
3290,18,MTC,0.9216,16000,0.00,0,92.80,23.21
3290,19,MTC,0.9216,16000,0.00,0,92.80,23.21
3290,20,MTC,0.9216,16000,0.00,0,92.80,23.21
3290,1,eMBB,3.6672,24448,0.00,0,81.25,45.91
3290,2,eMBB,3.6672,24448,0.00,0,81.25,45.91
3290,3,eMBB,3.6672,24448,0.00,0,81.25,45.91
3290,4,eMBB,3.6672,24448,0.00,0,81.25,45.91
3290,5,eMBB,3.6672,24448,0.00,0,81.25,45.91
3290,6,URLLC,0.3120,390,0.00,0,0.00,30.88
3290,7,URLLC,0.3120,390,0.00,0,0.00,30.88
3290,8,URLLC,0.3120,390,0.00,0,0.00,30.88
3290,9,URLLC,0.3120,390,0.00,0,0.00,30.88
3290,10,URLLC,0.3120,390,0.00,0,0.00,30.88
3300,11,MTC,1.3312,16000,0.00,0,89.60,30.53
3300,12,MTC,1.2288,16000,0.00,0,90.40,30.53
3300,13,MTC,1.3312,16000,0.00,0,89.60,30.53
3300,14,MTC,1.3312,16000,0.00,0,89.60,30.53
3300,15,MTC,1.2288,16000,0.00,0,90.40,30.53
3300,16,MTC,1.3312,16000,0.00,0,89.60,30.53
3300,17,MTC,1.2288,16000,0.00,0,90.40,30.53
3300,18,MTC,1.3312,16000,0.00,0,89.60,30.53
3300,19,MTC,1.2288,16000,0.00,0,90.40,30.53
3300,20,MTC,1.2288,16000,0.00,0,90.40,30.53
3300,1,eMBB,3.6672,25976,0.00,0,82.35,36.16
3300,2,eMBB,3.6672,25976,0.00,0,82.35,36.16
3300,3,eMBB,3.6672,25976,0.00,0,82.35,36.16
3300,4,eMBB,3.6672,25976,0.00,0,82.35,36.16
3300,5,eMBB,3.6672,25976,0.00,0,82.35,36.16
3300,6,URLLC,0.3120,390,0.00,0,0.00,33.31
3300,7,URLLC,0.3120,390,0.00,0,0.00,33.31
3300,8,URLLC,0.3120,390,0.00,0,0.00,33.31
3300,9,URLLC,0.3120,390,0.00,0,0.00,33.31
3300,10,URLLC,0.3120,390,0.00,0,0.00,33.31
3310,11,MTC,1.2288,16000,0.00,0,90.40,28.95
3310,12,MTC,1.2288,16000,0.00,0,90.40,28.95
3310,13,MTC,1.2288,16000,0.00,0,90.40,28.95
3310,14,MTC,1.2288,16000,0.00,0,90.40,28.95
3310,15,MTC,1.2288,16000,0.00,0,90.40,28.95
3310,16,MTC,1.1264,16000,0.00,0,91.20,28.95
3310,17,MTC,1.2288,16000,0.00,0,90.40,28.95
3310,18,MTC,1.1264,16000,0.00,0,91.20,28.95
3310,19,MTC,1.2288,16000,0.00,0,90.40,28.95
3310,20,MTC,1.2288,16000,0.00,0,90.40,28.95
3310,1,eMBB,2.4448,25976,0.00,0,88.24,40.70
3310,2,eMBB,3.6672,25976,0.00,0,82.35,40.70
3310,3,eMBB,2.4448,25976,0.00,0,88.24,40.70
3310,4,eMBB,2.4448,25976,0.00,0,88.24,40.70
3310,5,eMBB,2.4448,25976,0.00,0,88.24,40.70
3310,6,URLLC,0.2496,390,0.00,0,20.00,30.35
3310,7,URLLC,0.2496,390,0.00,0,20.00,30.35
3310,8,URLLC,0.2496,390,0.00,0,20.00,30.35
3310,9,URLLC,0.2496,390,0.00,0,20.00,30.35
3310,10,URLLC,0.2496,390,0.00,0,20.00,30.35
3320,11,MTC,0.9216,16000,0.00,0,92.80,18.58
3320,12,MTC,0.9216,16000,0.00,0,92.80,18.58
3320,13,MTC,0.9216,16000,0.00,0,92.80,18.58
3320,14,MTC,0.9216,16000,0.00,0,92.80,18.58
3320,15,MTC,0.9216,16000,0.00,0,92.80,18.58
3320,16,MTC,0.9216,16000,0.00,0,92.80,18.58
3320,17,MTC,0.9216,16000,0.00,0,92.80,18.58
3320,18,MTC,0.9216,16000,0.00,0,92.80,18.58
3320,19,MTC,0.8192,16000,0.00,0,93.60,18.58
3320,20,MTC,0.9216,16000,0.00,0,92.80,18.58
3320,1,eMBB,4.8896,24448,0.00,0,75.00,47.27
3320,2,eMBB,3.6672,24448,0.00,0,81.25,47.27
3320,3,eMBB,4.8896,24448,0.00,0,75.00,47.27
3320,4,eMBB,4.8896,24448,0.00,0,75.00,47.27
3320,5,eMBB,4.8896,24448,0.00,0,75.00,47.27
3320,6,URLLC,0.3744,390,0.00,0,0.00,34.15
3320,7,URLLC,0.3744,390,0.00,0,0.00,34.15
3320,8,URLLC,0.3744,390,0.00,0,0.00,34.15
3320,9,URLLC,0.3744,390,0.00,0,0.00,34.15
3320,10,URLLC,0.3744,390,0.00,0,0.00,34.15
3330,11,MTC,1.2288,16000,0.00,0,90.40,35.16
3330,12,MTC,1.2288,16000,0.00,0,90.40,35.16
3330,13,MTC,1.2288,16000,0.00,0,90.40,35.16
3330,14,MTC,1.2288,16000,0.00,0,90.40,35.16
3330,15,MTC,1.3312,16000,0.00,0,89.60,35.16
3330,16,MTC,1.2288,16000,0.00,0,90.40,35.16
3330,17,MTC,0.4096,16000,0.00,0,96.80,35.16
3330,18,MTC,1.3312,16000,0.00,0,89.60,35.16
3330,19,MTC,1.3312,16000,0.00,0,89.60,35.16
3330,20,MTC,1.3312,16000,0.00,0,89.60,35.16
3330,1,eMBB,3.6672,25976,0.00,0,82.35,40.10
3330,2,eMBB,3.6672,25976,0.00,0,82.35,40.10
3330,3,eMBB,3.6672,25976,0.00,0,82.35,40.10
3330,4,eMBB,3.6672,25976,0.00,0,82.35,40.10
3330,5,eMBB,3.6672,25976,0.00,0,82.35,40.10
3330,6,URLLC,0.3120,390,0.00,0,0.00,24.74
3330,7,URLLC,0.3120,390,0.00,0,0.00,24.74
3330,8,URLLC,0.3120,390,0.00,0,0.00,24.74
3330,9,URLLC,0.3120,390,0.00,0,0.00,24.74
3330,10,URLLC,0.3120,390,0.00,0,0.00,24.74
3340,11,MTC,0.8192,16000,0.00,0,93.60,23.02
3340,12,MTC,0.9216,16000,0.00,0,92.80,23.02
3340,13,MTC,0.8192,16000,0.00,0,93.60,23.02
3340,14,MTC,0.8192,16000,0.00,0,93.60,23.02
3340,15,MTC,0.8192,16000,0.00,0,93.60,23.02
3340,16,MTC,0.9216,16000,0.00,0,92.80,23.02
3340,17,MTC,1.7408,16000,0.00,0,86.40,23.02
3340,18,MTC,0.8192,16000,0.00,0,93.60,23.02
3340,19,MTC,0.8192,16000,0.00,0,93.60,23.02
3340,20,MTC,0.8192,16000,0.00,0,93.60,23.02
3340,1,eMBB,2.4448,25976,0.00,0,88.24,49.56
3340,2,eMBB,3.6672,25976,0.00,0,82.35,49.56
3340,3,eMBB,2.4448,25976,0.00,0,88.24,49.56
3340,4,eMBB,2.4448,25976,0.00,0,88.24,49.56
3340,5,eMBB,2.4448,25976,0.00,0,88.24,49.56
3340,6,URLLC,0.3120,390,0.00,0,0.00,27.42
3340,7,URLLC,0.3120,390,0.00,0,0.00,27.42
3340,8,URLLC,0.3120,390,0.00,0,0.00,27.42
3340,9,URLLC,0.3120,390,0.00,0,0.00,27.42
3340,10,URLLC,0.3120,390,0.00,0,0.00,27.42
3350,11,MTC,1.2288,16000,0.00,0,90.40,30.20
3350,12,MTC,1.1264,16000,0.00,0,91.20,30.20
3350,13,MTC,1.2288,16000,0.00,0,90.40,30.20
3350,14,MTC,1.2288,16000,0.00,0,90.40,30.20
3350,15,MTC,1.2288,16000,0.00,0,90.40,30.20
3350,16,MTC,1.1264,16000,0.00,0,91.20,30.20
3350,17,MTC,1.1264,16000,0.00,0,91.20,30.20
3350,18,MTC,1.2288,16000,0.00,0,90.40,30.20
3350,19,MTC,1.1264,16000,0.00,0,91.20,30.20
3350,20,MTC,1.1264,16000,0.00,0,91.20,30.20
3350,1,eMBB,4.8896,24448,0.00,0,75.00,43.07
3350,2,eMBB,3.6672,24448,0.00,0,81.25,43.07
3350,3,eMBB,4.8896,24448,0.00,0,75.00,43.07
3350,4,eMBB,4.8896,24448,0.00,0,75.00,43.07
3350,5,eMBB,4.8896,24448,0.00,0,75.00,43.07
3350,6,URLLC,0.3120,390,0.00,0,0.00,26.72
3350,7,URLLC,0.3120,390,0.00,0,0.00,26.72
3350,8,URLLC,0.3120,390,0.00,0,0.00,26.72
3350,9,URLLC,0.3120,390,0.00,0,0.00,26.72
3350,10,URLLC,0.3120,390,0.00,0,0.00,26.72
3360,11,MTC,1.4336,16000,0.00,0,88.80,34.21
3360,12,MTC,1.5360,16000,0.00,0,88.00,34.21
3360,13,MTC,1.4336,16000,0.00,0,88.80,34.21
3360,14,MTC,1.4336,16000,0.00,0,88.80,34.21
3360,15,MTC,1.4336,16000,0.00,0,88.80,34.21
3360,16,MTC,1.5360,16000,0.00,0,88.00,34.21
3360,17,MTC,1.5360,16000,0.00,0,88.00,34.21
3360,18,MTC,1.4336,16000,0.00,0,88.80,34.21
3360,19,MTC,1.6384,16000,0.00,0,87.20,34.21
3360,20,MTC,1.5360,16000,0.00,0,88.00,34.21
3360,1,eMBB,2.4448,25976,0.00,0,88.24,32.37
3360,2,eMBB,2.4448,25976,0.00,0,88.24,32.37
3360,3,eMBB,2.4448,25976,0.00,0,88.24,32.37
3360,4,eMBB,2.4448,25976,0.00,0,88.24,32.37
3360,5,eMBB,2.4448,25976,0.00,0,88.24,32.37
3360,6,URLLC,0.3120,390,0.00,0,0.00,33.42
3360,7,URLLC,0.3120,390,0.00,0,0.00,33.42
3360,8,URLLC,0.3120,390,0.00,0,0.00,33.42
3360,9,URLLC,0.3120,390,0.00,0,0.00,33.42
3360,10,URLLC,0.3120,390,0.00,0,0.00,33.42
3370,11,MTC,1.4336,16000,0.00,0,88.80,37.00
3370,12,MTC,1.3312,16000,0.00,0,89.60,37.00
3370,13,MTC,1.3312,16000,0.00,0,89.60,37.00
3370,14,MTC,1.3312,16000,0.00,0,89.60,37.00
3370,15,MTC,1.3312,16000,0.00,0,89.60,37.00
3370,16,MTC,1.3312,16000,0.00,0,89.60,37.00
3370,17,MTC,1.3312,16000,0.00,0,89.60,37.00
3370,18,MTC,1.3312,16000,0.00,0,89.60,37.00
3370,19,MTC,1.2288,16000,0.00,0,90.40,37.00
3370,20,MTC,1.3312,16000,0.00,0,89.60,37.00
3370,1,eMBB,2.4448,25976,0.00,0,88.24,25.92
3370,2,eMBB,2.4448,25976,0.00,0,88.24,25.92
3370,3,eMBB,2.4448,25976,0.00,0,88.24,25.92
3370,4,eMBB,2.4448,25976,0.00,0,88.24,25.92
3370,5,eMBB,2.4448,25976,0.00,0,88.24,25.92
3370,6,URLLC,0.2496,390,0.00,0,20.00,37.08
3370,7,URLLC,0.2496,390,0.00,0,20.00,37.08
3370,8,URLLC,0.2496,390,0.00,0,20.00,37.08
3370,9,URLLC,0.2496,390,0.00,0,20.00,37.08
3370,10,URLLC,0.2496,390,0.00,0,20.00,37.08
3380,11,MTC,1.2288,16000,0.00,0,90.40,35.34
3380,12,MTC,1.2288,16000,0.00,0,90.40,35.34
3380,13,MTC,1.3312,16000,0.00,0,89.60,35.34
3380,14,MTC,1.3312,16000,0.00,0,89.60,35.34
3380,15,MTC,1.2288,16000,0.00,0,90.40,35.34
3380,16,MTC,1.3312,16000,0.00,0,89.60,35.34
3380,17,MTC,1.2288,16000,0.00,0,90.40,35.34
3380,18,MTC,1.2288,16000,0.00,0,90.40,35.34
3380,19,MTC,1.3312,16000,0.00,0,89.60,35.34
3380,20,MTC,1.2288,16000,0.00,0,90.40,35.34
3380,1,eMBB,2.4448,24448,0.00,0,87.50,31.11
3380,2,eMBB,2.4448,24448,0.00,0,87.50,31.11
3380,3,eMBB,2.4448,24448,0.00,0,87.50,31.11
3380,4,eMBB,2.4448,24448,0.00,0,87.50,31.11
3380,5,eMBB,2.4448,24448,0.00,0,87.50,31.11
3380,6,URLLC,0.3744,390,0.00,0,0.00,33.55
3380,7,URLLC,0.3744,390,0.00,0,0.00,33.55
3380,8,URLLC,0.3744,390,0.00,0,0.00,33.55
3380,9,URLLC,0.3744,390,0.00,0,0.00,33.55
3380,10,URLLC,0.3744,390,0.00,0,0.00,33.55
3390,11,MTC,1.1264,16000,0.00,0,91.20,18.52
3390,12,MTC,1.1264,16000,0.00,0,91.20,18.52
3390,13,MTC,1.1264,16000,0.00,0,91.20,18.52
3390,14,MTC,1.0240,16000,0.00,0,92.00,18.52
3390,15,MTC,1.1264,16000,0.00,0,91.20,18.52
3390,16,MTC,1.0240,16000,0.00,0,92.00,18.52
3390,17,MTC,1.1264,16000,0.00,0,91.20,18.52
3390,18,MTC,1.2288,16000,0.00,0,90.40,18.52
3390,19,MTC,1.1264,16000,0.00,0,91.20,18.52
3390,20,MTC,1.2288,16000,0.00,0,90.40,18.52
3390,1,eMBB,3.6672,25976,0.00,0,82.35,42.60
3390,2,eMBB,3.6672,25976,0.00,0,82.35,42.60
3390,3,eMBB,3.6672,25976,0.00,0,82.35,42.60
3390,4,eMBB,3.6672,25976,0.00,0,82.35,42.60
3390,5,eMBB,2.4448,25976,0.00,0,88.24,42.60
3390,6,URLLC,0.3120,390,0.00,0,0.00,38.88
3390,7,URLLC,0.3120,390,0.00,0,0.00,38.88
3390,8,URLLC,0.3120,390,0.00,0,0.00,38.88
3390,9,URLLC,0.3120,390,0.00,0,0.00,38.88
3390,10,URLLC,0.3120,390,0.00,0,0.00,38.88
3400,11,MTC,1.2288,16000,0.00,0,90.40,30.13
3400,12,MTC,1.2288,16000,0.00,0,90.40,30.13
3400,13,MTC,1.2288,16000,0.00,0,90.40,30.13
3400,14,MTC,1.3312,16000,0.00,0,89.60,30.13
3400,15,MTC,1.3312,16000,0.00,0,89.60,30.13
3400,16,MTC,1.3312,16000,0.00,0,89.60,30.13
3400,17,MTC,1.2288,16000,0.00,0,90.40,30.13
3400,18,MTC,1.2288,16000,0.00,0,90.40,30.13
3400,19,MTC,1.2288,16000,0.00,0,90.40,30.13
3400,20,MTC,1.1264,16000,0.00,0,91.20,30.13
3400,1,eMBB,2.4448,25976,0.00,0,88.24,35.31
3400,2,eMBB,2.4448,25976,0.00,0,88.24,35.31
3400,3,eMBB,2.4448,25976,0.00,0,88.24,35.31
3400,4,eMBB,2.4448,25976,0.00,0,88.24,35.31
3400,5,eMBB,3.6672,25976,0.00,0,82.35,35.31
3400,6,URLLC,0.3120,390,0.00,0,0.00,34.56
3400,7,URLLC,0.3120,390,0.00,0,0.00,34.56
3400,8,URLLC,0.3120,390,0.00,0,0.00,34.56
3400,9,URLLC,0.3120,390,0.00,0,0.00,34.56
3400,10,URLLC,0.3120,390,0.00,0,0.00,34.56
3410,11,MTC,1.4336,16000,0.00,0,88.80,26.02
3410,12,MTC,1.4336,16000,0.00,0,88.80,26.02
3410,13,MTC,1.3312,16000,0.00,0,89.60,26.02
3410,14,MTC,1.3312,16000,0.00,0,89.60,26.02
3410,15,MTC,1.3312,16000,0.00,0,89.60,26.02
3410,16,MTC,1.3312,16000,0.00,0,89.60,26.02
3410,17,MTC,1.4336,16000,0.00,0,88.80,26.02
3410,18,MTC,1.3312,16000,0.00,0,89.60,26.02
3410,19,MTC,1.4336,16000,0.00,0,88.80,26.02
3410,20,MTC,1.4336,16000,0.00,0,88.80,26.02
3410,1,eMBB,3.6672,24448,0.00,0,81.25,25.18
3410,2,eMBB,3.6672,24448,0.00,0,81.25,25.18
3410,3,eMBB,3.6672,24448,0.00,0,81.25,25.18
3410,4,eMBB,3.6672,24448,0.00,0,81.25,25.18
3410,5,eMBB,3.6672,24448,0.00,0,81.25,25.18
3410,6,URLLC,0.3120,390,0.00,0,0.00,48.80
3410,7,URLLC,0.3120,390,0.00,0,0.00,48.80
3410,8,URLLC,0.3120,390,0.00,0,0.00,48.80
3410,9,URLLC,0.3120,390,0.00,0,0.00,48.80
3410,10,URLLC,0.3120,390,0.00,0,0.00,48.80
3420,11,MTC,1.8432,16000,0.00,0,85.60,45.96
3420,12,MTC,1.7408,16000,0.00,0,86.40,45.96
3420,13,MTC,1.9456,16000,0.00,0,84.80,45.96
3420,14,MTC,1.8432,16000,0.00,0,85.60,45.96
3420,15,MTC,1.8432,16000,0.00,0,85.60,45.96
3420,16,MTC,1.8432,16000,0.00,0,85.60,45.96
3420,17,MTC,1.8432,16000,0.00,0,85.60,45.96
3420,18,MTC,1.9456,16000,0.00,0,84.80,45.96
3420,19,MTC,1.7408,16000,0.00,0,86.40,45.96
3420,20,MTC,1.8432,16000,0.00,0,85.60,45.96
3420,1,eMBB,2.4448,25976,0.00,0,88.24,24.60
3420,2,eMBB,2.4448,25976,0.00,0,88.24,24.60
3420,3,eMBB,2.4448,25976,0.00,0,88.24,24.60
3420,4,eMBB,2.4448,25976,0.00,0,88.24,24.60
3420,5,eMBB,2.4448,25976,0.00,0,88.24,24.60
3420,6,URLLC,0.3120,390,0.00,0,0.00,29.44
3420,7,URLLC,0.3120,390,0.00,0,0.00,29.44
3420,8,URLLC,0.3120,390,0.00,0,0.00,29.44
3420,9,URLLC,0.3120,390,0.00,0,0.00,29.44
3420,10,URLLC,0.3120,390,0.00,0,0.00,29.44
3430,11,MTC,1.2288,16000,0.00,0,90.40,19.98
3430,12,MTC,1.3312,16000,0.00,0,89.60,19.98
3430,13,MTC,1.2288,16000,0.00,0,90.40,19.98
3430,14,MTC,1.2288,16000,0.00,0,90.40,19.98
3430,15,MTC,1.3312,16000,0.00,0,89.60,19.98
3430,16,MTC,1.2288,16000,0.00,0,90.40,19.98
3430,17,MTC,1.2288,16000,0.00,0,90.40,19.98
3430,18,MTC,1.1264,16000,0.00,0,91.20,19.98
3430,19,MTC,1.3312,16000,0.00,0,89.60,19.98
3430,20,MTC,1.2288,16000,0.00,0,90.40,19.98
3430,1,eMBB,1.2224,25976,0.00,0,94.12,23.04
3430,2,eMBB,1.2224,25976,0.00,0,94.12,23.04
3430,3,eMBB,1.2224,25976,0.00,0,94.12,23.04
3430,4,eMBB,2.4448,25976,0.00,0,88.24,23.04
3430,5,eMBB,1.2224,25976,0.00,0,94.12,23.04
3430,6,URLLC,0.3120,390,0.00,0,0.00,56.98
3430,7,URLLC,0.3120,390,0.00,0,0.00,56.98
3430,8,URLLC,0.3120,390,0.00,0,0.00,56.98
3430,9,URLLC,0.3120,390,0.00,0,0.00,56.98
3430,10,URLLC,0.3120,390,0.00,0,0.00,56.98
3440,11,MTC,1.1264,16000,0.00,0,91.20,22.39
3440,12,MTC,1.1264,16000,0.00,0,91.20,22.39
3440,13,MTC,1.2288,16000,0.00,0,90.40,22.39
3440,14,MTC,1.1264,16000,0.00,0,91.20,22.39
3440,15,MTC,1.1264,16000,0.00,0,91.20,22.39
3440,16,MTC,1.1264,16000,0.00,0,91.20,22.39
3440,17,MTC,1.2288,16000,0.00,0,90.40,22.39
3440,18,MTC,1.1264,16000,0.00,0,91.20,22.39
3440,19,MTC,1.1264,16000,0.00,0,91.20,22.39
3440,20,MTC,1.2288,16000,0.00,0,90.40,22.39
3440,1,eMBB,3.6672,24448,0.00,0,81.25,38.55
3440,2,eMBB,3.6672,24448,0.00,0,81.25,38.55
3440,3,eMBB,3.6672,24448,0.00,0,81.25,38.55
3440,4,eMBB,2.4448,24448,0.00,0,87.50,38.55
3440,5,eMBB,3.6672,24448,0.00,0,81.25,38.55
3440,6,URLLC,0.3120,390,0.00,0,0.00,39.06
3440,7,URLLC,0.3120,390,0.00,0,0.00,39.06
3440,8,URLLC,0.3120,390,0.00,0,0.00,39.06
3440,9,URLLC,0.3120,390,0.00,0,0.00,39.06
3440,10,URLLC,0.3120,390,0.00,0,0.00,39.06
3450,11,MTC,1.2288,16000,0.00,0,90.40,27.06
3450,12,MTC,1.2288,16000,0.00,0,90.40,27.06
3450,13,MTC,1.2288,16000,0.00,0,90.40,27.06
3450,14,MTC,1.3312,16000,0.00,0,89.60,27.06
3450,15,MTC,1.2288,16000,0.00,0,90.40,27.06
3450,16,MTC,1.2288,16000,0.00,0,90.40,27.06
3450,17,MTC,1.2288,16000,0.00,0,90.40,27.06
3450,18,MTC,1.3312,16000,0.00,0,89.60,27.06
3450,19,MTC,1.2288,16000,0.00,0,90.40,27.06
3450,20,MTC,1.2288,16000,0.00,0,90.40,27.06
3450,1,eMBB,3.6672,25976,0.00,0,82.35,28.49
3450,2,eMBB,3.6672,25976,0.00,0,82.35,28.49
3450,3,eMBB,3.6672,25976,0.00,0,82.35,28.49
3450,4,eMBB,3.6672,25976,0.00,0,82.35,28.49
3450,5,eMBB,3.6672,25976,0.00,0,82.35,28.49
3450,6,URLLC,0.3120,390,0.00,0,0.00,44.44
3450,7,URLLC,0.3120,390,0.00,0,0.00,44.44
3450,8,URLLC,0.3120,390,0.00,0,0.00,44.44
3450,9,URLLC,0.3120,390,0.00,0,0.00,44.44
3450,10,URLLC,0.3120,390,0.00,0,0.00,44.44
3460,11,MTC,1.2288,16000,0.00,0,90.40,22.51
3460,12,MTC,1.1264,16000,0.00,0,91.20,22.51
3460,13,MTC,1.1264,16000,0.00,0,91.20,22.51
3460,14,MTC,1.0240,16000,0.00,0,92.00,22.51
3460,15,MTC,1.1264,16000,0.00,0,91.20,22.51
3460,16,MTC,1.2288,16000,0.00,0,90.40,22.51
3460,17,MTC,1.1264,16000,0.00,0,91.20,22.51
3460,18,MTC,1.1264,16000,0.00,0,91.20,22.51
3460,19,MTC,1.1264,16000,0.00,0,91.20,22.51
3460,20,MTC,1.1264,16000,0.00,0,91.20,22.51
3460,1,eMBB,3.6672,25976,0.00,0,82.35,46.20
3460,2,eMBB,3.6672,25976,0.00,0,82.35,46.20
3460,3,eMBB,3.6672,25976,0.00,0,82.35,46.20
3460,4,eMBB,3.6672,25976,0.00,0,82.35,46.20
3460,5,eMBB,3.6672,25976,0.00,0,82.35,46.20
3460,6,URLLC,0.3120,390,0.00,0,0.00,31.28
3460,7,URLLC,0.3120,390,0.00,0,0.00,31.28
3460,8,URLLC,0.3120,390,0.00,0,0.00,31.28
3460,9,URLLC,0.3120,390,0.00,0,0.00,31.28
3460,10,URLLC,0.3120,390,0.00,0,0.00,31.28
3470,11,MTC,1.1264,16000,0.00,0,91.20,30.83
3470,12,MTC,1.2288,16000,0.00,0,90.40,30.83
3470,13,MTC,1.1264,16000,0.00,0,91.20,30.83
3470,14,MTC,1.3312,16000,0.00,0,89.60,30.83
3470,15,MTC,1.2288,16000,0.00,0,90.40,30.83
3470,16,MTC,1.1264,16000,0.00,0,91.20,30.83
3470,17,MTC,0.9216,16000,0.00,0,92.80,30.83
3470,18,MTC,1.2288,16000,0.00,0,90.40,30.83
3470,19,MTC,1.2288,16000,0.00,0,90.40,30.83
3470,20,MTC,1.1264,16000,0.00,0,91.20,30.83
3470,1,eMBB,3.6672,24448,0.00,0,81.25,44.47
3470,2,eMBB,3.6672,24448,0.00,0,81.25,44.47
3470,3,eMBB,3.6672,24448,0.00,0,81.25,44.47
3470,4,eMBB,3.6672,24448,0.00,0,81.25,44.47
3470,5,eMBB,3.6672,24448,0.00,0,81.25,44.47
3470,6,URLLC,0.3120,390,0.00,0,0.00,24.70
3470,7,URLLC,0.3120,390,0.00,0,0.00,24.70
3470,8,URLLC,0.3120,390,0.00,0,0.00,24.70
3470,9,URLLC,0.3120,390,0.00,0,0.00,24.70
3470,10,URLLC,0.3120,390,0.00,0,0.00,24.70
3480,11,MTC,1.0240,16000,0.00,0,92.00,23.07
3480,12,MTC,1.0240,16000,0.00,0,92.00,23.07
3480,13,MTC,1.1264,16000,0.00,0,91.20,23.07
3480,14,MTC,0.9216,16000,0.00,0,92.80,23.07
3480,15,MTC,1.0240,16000,0.00,0,92.00,23.07
3480,16,MTC,1.0240,16000,0.00,0,92.00,23.07
3480,17,MTC,1.2288,16000,0.00,0,90.40,23.07
3480,18,MTC,1.0240,16000,0.00,0,92.00,23.07
3480,19,MTC,1.0240,16000,0.00,0,92.00,23.07
3480,20,MTC,1.1264,16000,0.00,0,91.20,23.07
3480,1,eMBB,3.6672,25976,0.00,0,82.35,48.83
3480,2,eMBB,3.6672,25976,0.00,0,82.35,48.83
3480,3,eMBB,3.6672,25976,0.00,0,82.35,48.83
3480,4,eMBB,3.6672,25976,0.00,0,82.35,48.83
3480,5,eMBB,3.6672,25976,0.00,0,82.35,48.83
3480,6,URLLC,0.3120,390,0.00,0,0.00,28.09
3480,7,URLLC,0.3120,390,0.00,0,0.00,28.09
3480,8,URLLC,0.3120,390,0.00,0,0.00,28.09
3480,9,URLLC,0.3120,390,0.00,0,0.00,28.09
3480,10,URLLC,0.3120,390,0.00,0,0.00,28.09
3490,11,MTC,1.0240,16000,0.00,0,92.00,23.74
3490,12,MTC,1.0240,16000,0.00,0,92.00,23.74
3490,13,MTC,0.9216,16000,0.00,0,92.80,23.74
3490,14,MTC,1.0240,16000,0.00,0,92.00,23.74
3490,15,MTC,1.0240,16000,0.00,0,92.00,23.74
3490,16,MTC,1.1264,16000,0.00,0,91.20,23.74
3490,17,MTC,1.0240,16000,0.00,0,92.00,23.74
3490,18,MTC,1.0240,16000,0.00,0,92.00,23.74
3490,19,MTC,1.0240,16000,0.00,0,92.00,23.74
3490,20,MTC,1.0240,16000,0.00,0,92.00,23.74
3490,1,eMBB,3.6672,25976,0.00,0,82.35,45.37
3490,2,eMBB,3.6672,25976,0.00,0,82.35,45.37
3490,3,eMBB,4.8896,25976,0.00,0,76.47,45.37
3490,4,eMBB,4.8896,25976,0.00,0,76.47,45.37
3490,5,eMBB,3.6672,25976,0.00,0,82.35,45.37
3490,6,URLLC,0.3120,390,0.00,0,0.00,30.88
3490,7,URLLC,0.3120,390,0.00,0,0.00,30.88
3490,8,URLLC,0.3120,390,0.00,0,0.00,30.88
3490,9,URLLC,0.3120,390,0.00,0,0.00,30.88
3490,10,URLLC,0.3120,390,0.00,0,0.00,30.88
3500,11,MTC,1.4336,16000,0.00,0,88.80,45.78
3500,12,MTC,1.4336,16000,0.00,0,88.80,45.78
3500,13,MTC,1.5360,16000,0.00,0,88.00,45.78
3500,14,MTC,1.5360,16000,0.00,0,88.00,45.78
3500,15,MTC,1.4336,16000,0.00,0,88.80,45.78
3500,16,MTC,1.4336,16000,0.00,0,88.80,45.78
3500,17,MTC,1.5360,16000,0.00,0,88.00,45.78
3500,18,MTC,1.4336,16000,0.00,0,88.80,45.78
3500,19,MTC,1.5360,16000,0.00,0,88.00,45.78
3500,20,MTC,1.4336,16000,0.00,0,88.80,45.78
3500,1,eMBB,2.4448,24448,0.00,0,87.50,22.78
3500,2,eMBB,2.4448,24448,0.00,0,87.50,22.78
3500,3,eMBB,2.4448,24448,0.00,0,87.50,22.78
3500,4,eMBB,2.4448,24448,0.00,0,87.50,22.78
3500,5,eMBB,2.4448,24448,0.00,0,87.50,22.78
3500,6,URLLC,0.3120,390,0.00,0,0.00,31.44
3500,7,URLLC,0.3120,390,0.00,0,0.00,31.44
3500,8,URLLC,0.3120,390,0.00,0,0.00,31.44
3500,9,URLLC,0.3120,390,0.00,0,0.00,31.44
3500,10,URLLC,0.3120,390,0.00,0,0.00,31.44
3510,11,MTC,1.1264,16000,0.00,0,91.20,21.52
3510,12,MTC,1.1264,16000,0.00,0,91.20,21.52
3510,13,MTC,1.1264,16000,0.00,0,91.20,21.52
3510,14,MTC,1.1264,16000,0.00,0,91.20,21.52
3510,15,MTC,1.1264,16000,0.00,0,91.20,21.52
3510,16,MTC,1.1264,16000,0.00,0,91.20,21.52
3510,17,MTC,1.1264,16000,0.00,0,91.20,21.52
3510,18,MTC,1.1264,16000,0.00,0,91.20,21.52
3510,19,MTC,1.0240,16000,0.00,0,92.00,21.52
3510,20,MTC,1.0240,16000,0.00,0,92.00,21.52
3510,1,eMBB,3.6672,25976,0.00,0,82.35,42.90
3510,2,eMBB,3.6672,25976,0.00,0,82.35,42.90
3510,3,eMBB,2.4448,25976,0.00,0,88.24,42.90
3510,4,eMBB,2.4448,25976,0.00,0,88.24,42.90
3510,5,eMBB,3.6672,25976,0.00,0,82.35,42.90
3510,6,URLLC,0.3120,390,0.00,0,0.00,35.58
3510,7,URLLC,0.3120,390,0.00,0,0.00,35.58
3510,8,URLLC,0.3120,390,0.00,0,0.00,35.58
3510,9,URLLC,0.3120,390,0.00,0,0.00,35.58
3510,10,URLLC,0.3120,390,0.00,0,0.00,35.58
3520,11,MTC,1.2288,16000,0.00,0,90.40,26.58
3520,12,MTC,1.2288,16000,0.00,0,90.40,26.58
3520,13,MTC,1.1264,16000,0.00,0,91.20,26.58
3520,14,MTC,1.1264,16000,0.00,0,91.20,26.58
3520,15,MTC,1.1264,16000,0.00,0,91.20,26.58
3520,16,MTC,1.2288,16000,0.00,0,90.40,26.58
3520,17,MTC,1.2288,16000,0.00,0,90.40,26.58
3520,18,MTC,1.1264,16000,0.00,0,91.20,26.58
3520,19,MTC,1.2288,16000,0.00,0,90.40,26.58
3520,20,MTC,1.3312,16000,0.00,0,89.60,26.58
3520,1,eMBB,3.6672,25976,0.00,0,82.35,34.58
3520,2,eMBB,3.6672,25976,0.00,0,82.35,34.58
3520,3,eMBB,3.6672,25976,0.00,0,82.35,34.58
3520,4,eMBB,3.6672,25976,0.00,0,82.35,34.58
3520,5,eMBB,3.6672,25976,0.00,0,82.35,34.58
3520,6,URLLC,0.3120,390,0.00,0,0.00,38.84
3520,7,URLLC,0.3120,390,0.00,0,0.00,38.84
3520,8,URLLC,0.3120,390,0.00,0,0.00,38.84
3520,9,URLLC,0.3120,390,0.00,0,0.00,38.84
3520,10,URLLC,0.3120,390,0.00,0,0.00,38.84
3530,11,MTC,1.0240,16000,0.00,0,92.00,26.80
3530,12,MTC,1.0240,16000,0.00,0,92.00,26.80
3530,13,MTC,1.1264,16000,0.00,0,91.20,26.80
3530,14,MTC,1.1264,16000,0.00,0,91.20,26.80
3530,15,MTC,1.1264,16000,0.00,0,91.20,26.80
3530,16,MTC,1.0240,16000,0.00,0,92.00,26.80
3530,17,MTC,1.0240,16000,0.00,0,92.00,26.80
3530,18,MTC,1.1264,16000,0.00,0,91.20,26.80
3530,19,MTC,1.0240,16000,0.00,0,92.00,26.80
3530,20,MTC,1.0240,16000,0.00,0,92.00,26.80
3530,1,eMBB,2.4448,24448,0.00,0,87.50,28.63
3530,2,eMBB,2.4448,24448,0.00,0,87.50,28.63
3530,3,eMBB,2.4448,24448,0.00,0,87.50,28.63
3530,4,eMBB,2.4448,24448,0.00,0,87.50,28.63
3530,5,eMBB,2.4448,24448,0.00,0,87.50,28.63
3530,6,URLLC,0.2496,390,0.00,0,20.00,44.57
3530,7,URLLC,0.2496,390,0.00,0,20.00,44.57
3530,8,URLLC,0.2496,390,0.00,0,20.00,44.57
3530,9,URLLC,0.2496,390,0.00,0,20.00,44.57
3530,10,URLLC,0.2496,390,0.00,0,20.00,44.57
3540,11,MTC,1.1264,16000,0.00,0,91.20,21.39
3540,12,MTC,1.1264,16000,0.00,0,91.20,21.39
3540,13,MTC,1.1264,16000,0.00,0,91.20,21.39
3540,14,MTC,1.0240,16000,0.00,0,92.00,21.39
3540,15,MTC,1.1264,16000,0.00,0,91.20,21.39
3540,16,MTC,1.1264,16000,0.00,0,91.20,21.39
3540,17,MTC,0.5120,16000,0.00,0,96.00,21.39
3540,18,MTC,1.1264,16000,0.00,0,91.20,21.39
3540,19,MTC,1.2288,16000,0.00,0,90.40,21.39
3540,20,MTC,1.1264,16000,0.00,0,91.20,21.39
3540,1,eMBB,2.4448,25976,0.00,0,88.24,27.37
3540,2,eMBB,2.4448,25976,0.00,0,88.24,27.37
3540,3,eMBB,2.4448,25976,0.00,0,88.24,27.37
3540,4,eMBB,2.4448,25976,0.00,0,88.24,27.37
3540,5,eMBB,2.4448,25976,0.00,0,88.24,27.37
3540,6,URLLC,0.3744,390,0.00,0,0.00,51.24
3540,7,URLLC,0.3744,390,0.00,0,0.00,51.24
3540,8,URLLC,0.3744,390,0.00,0,0.00,51.24
3540,9,URLLC,0.3744,390,0.00,0,0.00,51.24
3540,10,URLLC,0.3744,390,0.00,0,0.00,51.24
3550,11,MTC,1.0240,16000,0.00,0,92.00,28.35
3550,12,MTC,1.0240,16000,0.00,0,92.00,28.35
3550,13,MTC,1.0240,16000,0.00,0,92.00,28.35
3550,14,MTC,1.1264,16000,0.00,0,91.20,28.35
3550,15,MTC,1.0240,16000,0.00,0,92.00,28.35
3550,16,MTC,1.0240,16000,0.00,0,92.00,28.35
3550,17,MTC,1.6384,16000,0.00,0,87.20,28.35
3550,18,MTC,1.0240,16000,0.00,0,92.00,28.35
3550,19,MTC,0.9216,16000,0.00,0,92.80,28.35
3550,20,MTC,0.9216,16000,0.00,0,92.80,28.35
3550,1,eMBB,2.4448,25976,0.00,0,88.24,38.21
3550,2,eMBB,2.4448,25976,0.00,0,88.24,38.21
3550,3,eMBB,2.4448,25976,0.00,0,88.24,38.21
3550,4,eMBB,2.4448,25976,0.00,0,88.24,38.21
3550,5,eMBB,2.4448,25976,0.00,0,88.24,38.21
3550,6,URLLC,0.2496,390,0.00,0,20.00,33.44
3550,7,URLLC,0.2496,390,0.00,0,20.00,33.44
3550,8,URLLC,0.2496,390,0.00,0,20.00,33.44
3550,9,URLLC,0.2496,390,0.00,0,20.00,33.44
3550,10,URLLC,0.2496,390,0.00,0,20.00,33.44
3560,11,MTC,1.1264,16000,0.00,0,91.20,25.69
3560,12,MTC,1.1264,16000,0.00,0,91.20,25.69
3560,13,MTC,1.1264,16000,0.00,0,91.20,25.69
3560,14,MTC,1.1264,16000,0.00,0,91.20,25.69
3560,15,MTC,1.1264,16000,0.00,0,91.20,25.69
3560,16,MTC,1.1264,16000,0.00,0,91.20,25.69
3560,17,MTC,0.6144,16000,0.00,0,95.20,25.69
3560,18,MTC,1.1264,16000,0.00,0,91.20,25.69
3560,19,MTC,1.1264,16000,0.00,0,91.20,25.69
3560,20,MTC,1.2288,16000,0.00,0,90.40,25.69
3560,1,eMBB,3.6672,24448,0.00,0,81.25,48.37
3560,2,eMBB,3.6672,24448,0.00,0,81.25,48.37
3560,3,eMBB,4.8896,24448,0.00,0,75.00,48.37
3560,4,eMBB,4.8896,24448,0.00,0,75.00,48.37
3560,5,eMBB,3.6672,24448,0.00,0,81.25,48.37
3560,6,URLLC,0.3744,390,0.00,0,0.00,25.94
3560,7,URLLC,0.3744,390,0.00,0,0.00,25.94
3560,8,URLLC,0.3744,390,0.00,0,0.00,25.94
3560,9,URLLC,0.3744,390,0.00,0,0.00,25.94
3560,10,URLLC,0.3744,390,0.00,0,0.00,25.94
3570,11,MTC,0.9216,16000,0.00,0,92.80,21.12
3570,12,MTC,0.9216,16000,0.00,0,92.80,21.12
3570,13,MTC,0.9216,16000,0.00,0,92.80,21.12
3570,14,MTC,0.9216,16000,0.00,0,92.80,21.12
3570,15,MTC,0.9216,16000,0.00,0,92.80,21.12
3570,16,MTC,0.9216,16000,0.00,0,92.80,21.12
3570,17,MTC,1.5360,16000,0.00,0,88.00,21.12
3570,18,MTC,0.9216,16000,0.00,0,92.80,21.12
3570,19,MTC,0.9216,16000,0.00,0,92.80,21.12
3570,20,MTC,0.9216,16000,0.00,0,92.80,21.12
3570,1,eMBB,3.6672,25976,0.00,0,82.35,37.20
3570,2,eMBB,3.6672,25976,0.00,0,82.35,37.20
3570,3,eMBB,2.4448,25976,0.00,0,88.24,37.20
3570,4,eMBB,2.4448,25976,0.00,0,88.24,37.20
3570,5,eMBB,3.6672,25976,0.00,0,82.35,37.20
3570,6,URLLC,0.3120,390,0.00,0,0.00,41.68
3570,7,URLLC,0.3120,390,0.00,0,0.00,41.68
3570,8,URLLC,0.3120,390,0.00,0,0.00,41.68
3570,9,URLLC,0.3120,390,0.00,0,0.00,41.68
3570,10,URLLC,0.3120,390,0.00,0,0.00,41.68
3580,11,MTC,1.1264,16000,0.00,0,91.20,26.53
3580,12,MTC,1.1264,16000,0.00,0,91.20,26.53
3580,13,MTC,1.1264,16000,0.00,0,91.20,26.53
3580,14,MTC,1.1264,16000,0.00,0,91.20,26.53
3580,15,MTC,1.1264,16000,0.00,0,91.20,26.53
3580,16,MTC,1.1264,16000,0.00,0,91.20,26.53
3580,17,MTC,0.7168,16000,0.00,0,94.40,26.53
3580,18,MTC,1.1264,16000,0.00,0,91.20,26.53
3580,19,MTC,1.1264,16000,0.00,0,91.20,26.53
3580,20,MTC,1.1264,16000,0.00,0,91.20,26.53
3580,1,eMBB,2.4448,25976,0.00,0,88.24,28.29
3580,2,eMBB,2.4448,25976,0.00,0,88.24,28.29
3580,3,eMBB,2.4448,25976,0.00,0,88.24,28.29
3580,4,eMBB,2.4448,25976,0.00,0,88.24,28.29
3580,5,eMBB,2.4448,25976,0.00,0,88.24,28.29
3580,6,URLLC,0.3120,390,0.00,0,0.00,45.18
3580,7,URLLC,0.3120,390,0.00,0,0.00,45.18
3580,8,URLLC,0.3120,390,0.00,0,0.00,45.18
3580,9,URLLC,0.3120,390,0.00,0,0.00,45.18
3580,10,URLLC,0.3120,390,0.00,0,0.00,45.18
3590,11,MTC,1.1264,16000,0.00,0,91.20,23.58
3590,12,MTC,1.0240,16000,0.00,0,92.00,23.58
3590,13,MTC,1.1264,16000,0.00,0,91.20,23.58
3590,14,MTC,1.0240,16000,0.00,0,92.00,23.58
3590,15,MTC,1.0240,16000,0.00,0,92.00,23.58
3590,16,MTC,1.0240,16000,0.00,0,92.00,23.58
3590,17,MTC,1.4336,16000,0.00,0,88.80,23.58
3590,18,MTC,1.1264,16000,0.00,0,91.20,23.58
3590,19,MTC,1.1264,16000,0.00,0,91.20,23.58
3590,20,MTC,1.0240,16000,0.00,0,92.00,23.58
3590,1,eMBB,3.6672,24448,0.00,0,81.25,31.21
3590,2,eMBB,3.6672,24448,0.00,0,81.25,31.21
3590,3,eMBB,3.6672,24448,0.00,0,81.25,31.21
3590,4,eMBB,3.6672,24448,0.00,0,81.25,31.21
3590,5,eMBB,2.4448,24448,0.00,0,87.50,31.21
3590,6,URLLC,0.3120,390,0.00,0,0.00,45.21
3590,7,URLLC,0.3120,390,0.00,0,0.00,45.21
3590,8,URLLC,0.3120,390,0.00,0,0.00,45.21
3590,9,URLLC,0.3120,390,0.00,0,0.00,45.21
3590,10,URLLC,0.3120,390,0.00,0,0.00,45.21
3600,11,MTC,1.4336,16000,0.00,0,88.80,40.52
3600,12,MTC,1.4336,16000,0.00,0,88.80,40.52
3600,13,MTC,1.4336,16000,0.00,0,88.80,40.52
3600,14,MTC,1.4336,16000,0.00,0,88.80,40.52
3600,15,MTC,1.5360,16000,0.00,0,88.00,40.52
3600,16,MTC,1.4336,16000,0.00,0,88.80,40.52
3600,17,MTC,1.4336,16000,0.00,0,88.80,40.52
3600,18,MTC,1.4336,16000,0.00,0,88.80,40.52
3600,19,MTC,1.4336,16000,0.00,0,88.80,40.52
3600,20,MTC,1.5360,16000,0.00,0,88.00,40.52
3600,1,eMBB,1.2224,25976,0.00,0,94.12,22.95
3600,2,eMBB,1.2224,25976,0.00,0,94.12,22.95
3600,3,eMBB,1.2224,25976,0.00,0,94.12,22.95
3600,4,eMBB,1.2224,25976,0.00,0,94.12,22.95
3600,5,eMBB,2.4448,25976,0.00,0,88.24,22.95
3600,6,URLLC,0.3120,390,0.00,0,0.00,36.53
3600,7,URLLC,0.3120,390,0.00,0,0.00,36.53
3600,8,URLLC,0.3120,390,0.00,0,0.00,36.53
3600,9,URLLC,0.3120,390,0.00,0,0.00,36.53
3600,10,URLLC,0.3120,390,0.00,0,0.00,36.53
3610,11,MTC,1.3312,16000,0.00,0,89.60,19.13
3610,12,MTC,1.3312,16000,0.00,0,89.60,19.13
3610,13,MTC,1.3312,16000,0.00,0,89.60,19.13
3610,14,MTC,1.3312,16000,0.00,0,89.60,19.13
3610,15,MTC,1.3312,16000,0.00,0,89.60,19.13
3610,16,MTC,1.3312,16000,0.00,0,89.60,19.13
3610,17,MTC,1.3312,16000,0.00,0,89.60,19.13
3610,18,MTC,1.3312,16000,0.00,0,89.60,19.13
3610,19,MTC,1.2288,16000,0.00,0,90.40,19.13
3610,20,MTC,1.2288,16000,0.00,0,90.40,19.13
3610,1,eMBB,3.6672,25976,0.00,0,82.35,27.08
3610,2,eMBB,3.6672,25976,0.00,0,82.35,27.08
3610,3,eMBB,3.6672,25976,0.00,0,82.35,27.08
3610,4,eMBB,3.6672,25976,0.00,0,82.35,27.08
3610,5,eMBB,3.6672,25976,0.00,0,82.35,27.08
3610,6,URLLC,0.3120,390,0.00,0,0.00,53.79
3610,7,URLLC,0.3120,390,0.00,0,0.00,53.79
3610,8,URLLC,0.3120,390,0.00,0,0.00,53.79
3610,9,URLLC,0.3120,390,0.00,0,0.00,53.79
3610,10,URLLC,0.3120,390,0.00,0,0.00,53.79
3620,11,MTC,0.9216,16000,0.00,0,92.80,19.53
3620,12,MTC,1.0240,16000,0.00,0,92.00,19.53
3620,13,MTC,1.0240,16000,0.00,0,92.00,19.53
3620,14,MTC,0.9216,16000,0.00,0,92.80,19.53
3620,15,MTC,0.9216,16000,0.00,0,92.80,19.53
3620,16,MTC,0.9216,16000,0.00,0,92.80,19.53
3620,17,MTC,0.9216,16000,0.00,0,92.80,19.53
3620,18,MTC,1.0240,16000,0.00,0,92.00,19.53
3620,19,MTC,0.9216,16000,0.00,0,92.80,19.53
3620,20,MTC,1.0240,16000,0.00,0,92.00,19.53
3620,1,eMBB,2.4448,24448,0.00,0,87.50,25.72
3620,2,eMBB,2.4448,24448,0.00,0,87.50,25.72
3620,3,eMBB,2.4448,24448,0.00,0,87.50,25.72
3620,4,eMBB,2.4448,24448,0.00,0,87.50,25.72
3620,5,eMBB,2.4448,24448,0.00,0,87.50,25.72
3620,6,URLLC,0.3120,390,0.00,0,0.00,54.75
3620,7,URLLC,0.3120,390,0.00,0,0.00,54.75
3620,8,URLLC,0.3120,390,0.00,0,0.00,54.75
3620,9,URLLC,0.3120,390,0.00,0,0.00,54.75
3620,10,URLLC,0.3120,390,0.00,0,0.00,54.75
3630,11,MTC,1.4336,16000,0.00,0,88.80,41.00
3630,12,MTC,1.4336,16000,0.00,0,88.80,41.00
3630,13,MTC,1.4336,16000,0.00,0,88.80,41.00
3630,14,MTC,1.5360,16000,0.00,0,88.00,41.00
3630,15,MTC,1.5360,16000,0.00,0,88.00,41.00
3630,16,MTC,1.5360,16000,0.00,0,88.00,41.00
3630,17,MTC,1.5360,16000,0.00,0,88.00,41.00
3630,18,MTC,1.4336,16000,0.00,0,88.80,41.00
3630,19,MTC,1.5360,16000,0.00,0,88.00,41.00
3630,20,MTC,1.4336,16000,0.00,0,88.80,41.00
3630,1,eMBB,2.4448,25976,0.00,0,88.24,26.12
3630,2,eMBB,2.4448,25976,0.00,0,88.24,26.12
3630,3,eMBB,2.4448,25976,0.00,0,88.24,26.12
3630,4,eMBB,2.4448,25976,0.00,0,88.24,26.12
3630,5,eMBB,2.4448,25976,0.00,0,88.24,26.12
3630,6,URLLC,0.2496,390,0.00,0,20.00,32.88
3630,7,URLLC,0.2496,390,0.00,0,20.00,32.88
3630,8,URLLC,0.2496,390,0.00,0,20.00,32.88
3630,9,URLLC,0.2496,390,0.00,0,20.00,32.88
3630,10,URLLC,0.2496,390,0.00,0,20.00,32.88
3640,11,MTC,1.5360,16000,0.00,0,88.00,33.05
3640,12,MTC,1.5360,16000,0.00,0,88.00,33.05
3640,13,MTC,1.5360,16000,0.00,0,88.00,33.05
3640,14,MTC,1.4336,16000,0.00,0,88.80,33.05
3640,15,MTC,1.5360,16000,0.00,0,88.00,33.05
3640,16,MTC,1.4336,16000,0.00,0,88.80,33.05
3640,17,MTC,1.1264,16000,0.00,0,91.20,33.05
3640,18,MTC,1.5360,16000,0.00,0,88.00,33.05
3640,19,MTC,1.5360,16000,0.00,0,88.00,33.05
3640,20,MTC,1.6384,16000,0.00,0,87.20,33.05
3640,1,eMBB,2.4448,25976,0.00,0,88.24,40.94
3640,2,eMBB,2.4448,25976,0.00,0,88.24,40.94
3640,3,eMBB,2.4448,25976,0.00,0,88.24,40.94
3640,4,eMBB,2.4448,25976,0.00,0,88.24,40.94
3640,5,eMBB,2.4448,25976,0.00,0,88.24,40.94
3640,6,URLLC,0.3744,390,0.00,0,0.00,26.02
3640,7,URLLC,0.3744,390,0.00,0,0.00,26.02
3640,8,URLLC,0.3744,390,0.00,0,0.00,26.02
3640,9,URLLC,0.3744,390,0.00,0,0.00,26.02
3640,10,URLLC,0.3744,390,0.00,0,0.00,26.02
3650,11,MTC,1.2288,16000,0.00,0,90.40,25.58
3650,12,MTC,1.2288,16000,0.00,0,90.40,25.58
3650,13,MTC,1.1264,16000,0.00,0,91.20,25.58
3650,14,MTC,1.2288,16000,0.00,0,90.40,25.58
3650,15,MTC,1.1264,16000,0.00,0,91.20,25.58
3650,16,MTC,1.2288,16000,0.00,0,90.40,25.58
3650,17,MTC,1.2288,16000,0.00,0,90.40,25.58
3650,18,MTC,1.1264,16000,0.00,0,91.20,25.58
3650,19,MTC,1.1264,16000,0.00,0,91.20,25.58
3650,20,MTC,1.1264,16000,0.00,0,91.20,25.58
3650,1,eMBB,3.6672,24448,0.00,0,81.25,30.90
3650,2,eMBB,2.4448,24448,0.00,0,87.50,30.90
3650,3,eMBB,3.6672,24448,0.00,0,81.25,30.90
3650,4,eMBB,3.6672,24448,0.00,0,81.25,30.90
3650,5,eMBB,2.4448,24448,0.00,0,87.50,30.90
3650,6,URLLC,0.3120,390,0.00,0,0.00,43.52
3650,7,URLLC,0.3120,390,0.00,0,0.00,43.52
3650,8,URLLC,0.3120,390,0.00,0,0.00,43.52
3650,9,URLLC,0.3120,390,0.00,0,0.00,43.52
3650,10,URLLC,0.3120,390,0.00,0,0.00,43.52
3660,11,MTC,0.9216,16000,0.00,0,92.80,20.53
3660,12,MTC,0.8192,16000,0.00,0,93.60,20.53
3660,13,MTC,0.8192,16000,0.00,0,93.60,20.53
3660,14,MTC,0.9216,16000,0.00,0,92.80,20.53
3660,15,MTC,0.8192,16000,0.00,0,93.60,20.53
3660,16,MTC,0.8192,16000,0.00,0,93.60,20.53
3660,17,MTC,1.2288,16000,0.00,0,90.40,20.53
3660,18,MTC,0.8192,16000,0.00,0,93.60,20.53
3660,19,MTC,0.9216,16000,0.00,0,92.80,20.53
3660,20,MTC,0.9216,16000,0.00,0,92.80,20.53
3660,1,eMBB,3.6672,25976,0.00,0,82.35,50.26
3660,2,eMBB,3.6672,25976,0.00,0,82.35,50.26
3660,3,eMBB,3.6672,25976,0.00,0,82.35,50.26
3660,4,eMBB,3.6672,25976,0.00,0,82.35,50.26
3660,5,eMBB,3.6672,25976,0.00,0,82.35,50.26
3660,6,URLLC,0.3120,390,0.00,0,0.00,29.21
3660,7,URLLC,0.3120,390,0.00,0,0.00,29.21
3660,8,URLLC,0.3120,390,0.00,0,0.00,29.21
3660,9,URLLC,0.3120,390,0.00,0,0.00,29.21
3660,10,URLLC,0.3120,390,0.00,0,0.00,29.21
3670,11,MTC,1.0240,16000,0.00,0,92.00,25.53
3670,12,MTC,1.1264,16000,0.00,0,91.20,25.53
3670,13,MTC,1.2288,16000,0.00,0,90.40,25.53
3670,14,MTC,1.1264,16000,0.00,0,91.20,25.53
3670,15,MTC,1.2288,16000,0.00,0,90.40,25.53
3670,16,MTC,1.1264,16000,0.00,0,91.20,25.53
3670,17,MTC,0.7168,16000,0.00,0,94.40,25.53
3670,18,MTC,1.2288,16000,0.00,0,90.40,25.53
3670,19,MTC,1.1264,16000,0.00,0,91.20,25.53
3670,20,MTC,1.0240,16000,0.00,0,92.00,25.53
3670,1,eMBB,2.4448,25976,0.00,0,88.24,30.76
3670,2,eMBB,3.6672,25976,0.00,0,82.35,30.76
3670,3,eMBB,2.4448,25976,0.00,0,88.24,30.76
3670,4,eMBB,2.4448,25976,0.00,0,88.24,30.76
3670,5,eMBB,3.6672,25976,0.00,0,82.35,30.76
3670,6,URLLC,0.3120,390,0.00,0,0.00,43.71
3670,7,URLLC,0.3120,390,0.00,0,0.00,43.71
3670,8,URLLC,0.3120,390,0.00,0,0.00,43.71
3670,9,URLLC,0.3120,390,0.00,0,0.00,43.71
3670,10,URLLC,0.3120,390,0.00,0,0.00,43.71
3680,11,MTC,1.1264,16000,0.00,0,91.20,30.89
3680,12,MTC,1.1264,16000,0.00,0,91.20,30.89
3680,13,MTC,1.0240,16000,0.00,0,92.00,30.89
3680,14,MTC,1.0240,16000,0.00,0,92.00,30.89
3680,15,MTC,1.0240,16000,0.00,0,92.00,30.89
3680,16,MTC,1.1264,16000,0.00,0,91.20,30.89
3680,17,MTC,1.4336,16000,0.00,0,88.80,30.89
3680,18,MTC,1.0240,16000,0.00,0,92.00,30.89
3680,19,MTC,1.0240,16000,0.00,0,92.00,30.89
3680,20,MTC,1.1264,16000,0.00,0,91.20,30.89
3680,1,eMBB,3.6672,24448,0.00,0,81.25,43.70
3680,2,eMBB,3.6672,24448,0.00,0,81.25,43.70
3680,3,eMBB,3.6672,24448,0.00,0,81.25,43.70
3680,4,eMBB,3.6672,24448,0.00,0,81.25,43.70
3680,5,eMBB,3.6672,24448,0.00,0,81.25,43.70
3680,6,URLLC,0.2496,390,0.00,0,20.00,25.42
3680,7,URLLC,0.2496,390,0.00,0,20.00,25.42
3680,8,URLLC,0.2496,390,0.00,0,20.00,25.42
3680,9,URLLC,0.2496,390,0.00,0,20.00,25.42
3680,10,URLLC,0.2496,390,0.00,0,20.00,25.42
3690,11,MTC,1.1264,16000,0.00,0,91.20,22.86
3690,12,MTC,1.0240,16000,0.00,0,92.00,22.86
3690,13,MTC,1.0240,16000,0.00,0,92.00,22.86
3690,14,MTC,1.1264,16000,0.00,0,91.20,22.86
3690,15,MTC,1.0240,16000,0.00,0,92.00,22.86
3690,16,MTC,1.1264,16000,0.00,0,91.20,22.86
3690,17,MTC,1.1264,16000,0.00,0,91.20,22.86
3690,18,MTC,1.0240,16000,0.00,0,92.00,22.86
3690,19,MTC,1.1264,16000,0.00,0,91.20,22.86
3690,20,MTC,1.1264,16000,0.00,0,91.20,22.86
3690,1,eMBB,3.6672,25976,0.00,0,82.35,43.29
3690,2,eMBB,3.6672,25976,0.00,0,82.35,43.29
3690,3,eMBB,3.6672,25976,0.00,0,82.35,43.29
3690,4,eMBB,3.6672,25976,0.00,0,82.35,43.29
3690,5,eMBB,3.6672,25976,0.00,0,82.35,43.29
3690,6,URLLC,0.3744,390,0.00,0,0.00,33.85
3690,7,URLLC,0.3744,390,0.00,0,0.00,33.85
3690,8,URLLC,0.3744,390,0.00,0,0.00,33.85
3690,9,URLLC,0.3744,390,0.00,0,0.00,33.85
3690,10,URLLC,0.3744,390,0.00,0,0.00,33.85
3700,11,MTC,0.9216,16000,0.00,0,92.80,22.50
3700,12,MTC,0.9216,16000,0.00,0,92.80,22.50
3700,13,MTC,1.0240,16000,0.00,0,92.00,22.50
3700,14,MTC,0.9216,16000,0.00,0,92.80,22.50
3700,15,MTC,0.9216,16000,0.00,0,92.80,22.50
3700,16,MTC,0.9216,16000,0.00,0,92.80,22.50
3700,17,MTC,0.9216,16000,0.00,0,92.80,22.50
3700,18,MTC,1.0240,16000,0.00,0,92.00,22.50
3700,19,MTC,0.9216,16000,0.00,0,92.80,22.50
3700,20,MTC,0.9216,16000,0.00,0,92.80,22.50
3700,1,eMBB,3.6672,25976,0.00,0,82.35,39.50
3700,2,eMBB,2.4448,25976,0.00,0,88.24,39.50
3700,3,eMBB,3.6672,25976,0.00,0,82.35,39.50
3700,4,eMBB,3.6672,25976,0.00,0,82.35,39.50
3700,5,eMBB,2.4448,25976,0.00,0,88.24,39.50
3700,6,URLLC,0.3120,390,0.00,0,0.00,38.00
3700,7,URLLC,0.3120,390,0.00,0,0.00,38.00
3700,8,URLLC,0.3120,390,0.00,0,0.00,38.00
3700,9,URLLC,0.3120,390,0.00,0,0.00,38.00
3700,10,URLLC,0.3120,390,0.00,0,0.00,38.00
3710,11,MTC,1.7408,16000,0.00,0,86.40,48.23
3710,12,MTC,1.8432,16000,0.00,0,85.60,48.23
3710,13,MTC,1.7408,16000,0.00,0,86.40,48.23
3710,14,MTC,1.7408,16000,0.00,0,86.40,48.23
3710,15,MTC,1.8432,16000,0.00,0,85.60,48.23
3710,16,MTC,1.7408,16000,0.00,0,86.40,48.23
3710,17,MTC,1.7408,16000,0.00,0,86.40,48.23
3710,18,MTC,1.8432,16000,0.00,0,85.60,48.23
3710,19,MTC,1.8432,16000,0.00,0,85.60,48.23
3710,20,MTC,1.7408,16000,0.00,0,86.40,48.23
3710,1,eMBB,2.4448,24448,0.00,0,87.50,23.55
3710,2,eMBB,2.4448,24448,0.00,0,87.50,23.55
3710,3,eMBB,2.4448,24448,0.00,0,87.50,23.55
3710,4,eMBB,2.4448,24448,0.00,0,87.50,23.55
3710,5,eMBB,2.4448,24448,0.00,0,87.50,23.55
3710,6,URLLC,0.3120,390,0.00,0,0.00,28.22
3710,7,URLLC,0.3120,390,0.00,0,0.00,28.22
3710,8,URLLC,0.3120,390,0.00,0,0.00,28.22
3710,9,URLLC,0.3120,390,0.00,0,0.00,28.22
3710,10,URLLC,0.3120,390,0.00,0,0.00,28.22
3720,11,MTC,1.2288,16000,0.00,0,90.40,20.38
3720,12,MTC,1.2288,16000,0.00,0,90.40,20.38
3720,13,MTC,1.2288,16000,0.00,0,90.40,20.38
3720,14,MTC,1.2288,16000,0.00,0,90.40,20.38
3720,15,MTC,1.2288,16000,0.00,0,90.40,20.38
3720,16,MTC,1.2288,16000,0.00,0,90.40,20.38
3720,17,MTC,1.2288,16000,0.00,0,90.40,20.38
3720,18,MTC,1.1264,16000,0.00,0,91.20,20.38
3720,19,MTC,1.2288,16000,0.00,0,90.40,20.38
3720,20,MTC,1.2288,16000,0.00,0,90.40,20.38
3720,1,eMBB,2.4448,25976,0.00,0,88.24,46.99
3720,2,eMBB,3.6672,25976,0.00,0,82.35,46.99
3720,3,eMBB,2.4448,25976,0.00,0,88.24,46.99
3720,4,eMBB,2.4448,25976,0.00,0,88.24,46.99
3720,5,eMBB,3.6672,25976,0.00,0,82.35,46.99
3720,6,URLLC,0.3120,390,0.00,0,0.00,32.63
3720,7,URLLC,0.3120,390,0.00,0,0.00,32.63
3720,8,URLLC,0.3120,390,0.00,0,0.00,32.63
3720,9,URLLC,0.3120,390,0.00,0,0.00,32.63
3720,10,URLLC,0.3120,390,0.00,0,0.00,32.63
3730,11,MTC,0.9216,16000,0.00,0,92.80,20.19
3730,12,MTC,0.9216,16000,0.00,0,92.80,20.19
3730,13,MTC,0.9216,16000,0.00,0,92.80,20.19
3730,14,MTC,1.0240,16000,0.00,0,92.00,20.19
3730,15,MTC,0.8192,16000,0.00,0,93.60,20.19
3730,16,MTC,0.9216,16000,0.00,0,92.80,20.19
3730,17,MTC,1.0240,16000,0.00,0,92.00,20.19
3730,18,MTC,0.9216,16000,0.00,0,92.80,20.19
3730,19,MTC,0.9216,16000,0.00,0,92.80,20.19
3730,20,MTC,0.9216,16000,0.00,0,92.80,20.19
3730,1,eMBB,3.6672,25976,0.00,0,82.35,44.02
3730,2,eMBB,3.6672,25976,0.00,0,82.35,44.02
3730,3,eMBB,3.6672,25976,0.00,0,82.35,44.02
3730,4,eMBB,4.8896,25976,0.00,0,76.47,44.02
3730,5,eMBB,3.6672,25976,0.00,0,82.35,44.02
3730,6,URLLC,0.3120,390,0.00,0,0.00,35.78
3730,7,URLLC,0.3120,390,0.00,0,0.00,35.78
3730,8,URLLC,0.3120,390,0.00,0,0.00,35.78
3730,9,URLLC,0.3120,390,0.00,0,0.00,35.78
3730,10,URLLC,0.3120,390,0.00,0,0.00,35.78
3740,11,MTC,1.1264,16000,0.00,0,91.20,23.77
3740,12,MTC,1.1264,16000,0.00,0,91.20,23.77
3740,13,MTC,1.1264,16000,0.00,0,91.20,23.77
3740,14,MTC,1.1264,16000,0.00,0,91.20,23.77
3740,15,MTC,1.1264,16000,0.00,0,91.20,23.77
3740,16,MTC,1.1264,16000,0.00,0,91.20,23.77
3740,17,MTC,0.9216,16000,0.00,0,92.80,23.77
3740,18,MTC,1.1264,16000,0.00,0,91.20,23.77
3740,19,MTC,1.1264,16000,0.00,0,91.20,23.77
3740,20,MTC,1.1264,16000,0.00,0,91.20,23.77
3740,1,eMBB,3.6672,24448,0.00,0,81.25,30.51
3740,2,eMBB,3.6672,24448,0.00,0,81.25,30.51
3740,3,eMBB,3.6672,24448,0.00,0,81.25,30.51
3740,4,eMBB,2.4448,24448,0.00,0,87.50,30.51
3740,5,eMBB,3.6672,24448,0.00,0,81.25,30.51
3740,6,URLLC,0.3120,390,0.00,0,0.00,45.72
3740,7,URLLC,0.3120,390,0.00,0,0.00,45.72
3740,8,URLLC,0.3120,390,0.00,0,0.00,45.72
3740,9,URLLC,0.3120,390,0.00,0,0.00,45.72
3740,10,URLLC,0.3120,390,0.00,0,0.00,45.72
3750,11,MTC,1.5360,16000,0.00,0,88.00,45.06
3750,12,MTC,1.5360,16000,0.00,0,88.00,45.06
3750,13,MTC,1.6384,16000,0.00,0,87.20,45.06
3750,14,MTC,1.4336,16000,0.00,0,88.80,45.06
3750,15,MTC,1.6384,16000,0.00,0,87.20,45.06
3750,16,MTC,1.5360,16000,0.00,0,88.00,45.06
3750,17,MTC,1.4336,16000,0.00,0,88.80,45.06
3750,18,MTC,1.6384,16000,0.00,0,87.20,45.06
3750,19,MTC,1.4336,16000,0.00,0,88.80,45.06
3750,20,MTC,1.5360,16000,0.00,0,88.00,45.06
3750,1,eMBB,2.4448,25976,0.00,0,88.24,23.01
3750,2,eMBB,2.4448,25976,0.00,0,88.24,23.01
3750,3,eMBB,2.4448,25976,0.00,0,88.24,23.01
3750,4,eMBB,2.4448,25976,0.00,0,88.24,23.01
3750,5,eMBB,2.4448,25976,0.00,0,88.24,23.01
3750,6,URLLC,0.3120,390,0.00,0,0.00,31.93
3750,7,URLLC,0.3120,390,0.00,0,0.00,31.93
3750,8,URLLC,0.3120,390,0.00,0,0.00,31.93
3750,9,URLLC,0.3120,390,0.00,0,0.00,31.93
3750,10,URLLC,0.3120,390,0.00,0,0.00,31.93
3760,11,MTC,1.2288,16000,0.00,0,90.40,23.87
3760,12,MTC,1.2288,16000,0.00,0,90.40,23.87
3760,13,MTC,1.1264,16000,0.00,0,91.20,23.87
3760,14,MTC,1.2288,16000,0.00,0,90.40,23.87
3760,15,MTC,1.1264,16000,0.00,0,91.20,23.87
3760,16,MTC,1.2288,16000,0.00,0,90.40,23.87
3760,17,MTC,1.4336,16000,0.00,0,88.80,23.87
3760,18,MTC,1.1264,16000,0.00,0,91.20,23.87
3760,19,MTC,1.3312,16000,0.00,0,89.60,23.87
3760,20,MTC,1.1264,16000,0.00,0,91.20,23.87
3760,1,eMBB,2.4448,25976,0.00,0,88.24,27.54
3760,2,eMBB,1.2224,25976,0.00,0,94.12,27.54
3760,3,eMBB,2.4448,25976,0.00,0,88.24,27.54
3760,4,eMBB,2.4448,25976,0.00,0,88.24,27.54
3760,5,eMBB,1.2224,25976,0.00,0,94.12,27.54
3760,6,URLLC,0.3120,390,0.00,0,0.00,48.59
3760,7,URLLC,0.3120,390,0.00,0,0.00,48.59
3760,8,URLLC,0.3120,390,0.00,0,0.00,48.59
3760,9,URLLC,0.3120,390,0.00,0,0.00,48.59
3760,10,URLLC,0.3120,390,0.00,0,0.00,48.59
3770,11,MTC,0.9216,16000,0.00,0,92.80,26.59
3770,12,MTC,0.9216,16000,0.00,0,92.80,26.59
3770,13,MTC,1.0240,16000,0.00,0,92.00,26.59
3770,14,MTC,0.9216,16000,0.00,0,92.80,26.59
3770,15,MTC,1.0240,16000,0.00,0,92.00,26.59
3770,16,MTC,0.9216,16000,0.00,0,92.80,26.59
3770,17,MTC,1.0240,16000,0.00,0,92.00,26.59
3770,18,MTC,0.9216,16000,0.00,0,92.80,26.59
3770,19,MTC,0.9216,16000,0.00,0,92.80,26.59
3770,20,MTC,1.0240,16000,0.00,0,92.00,26.59
3770,1,eMBB,2.4448,24448,0.00,0,87.50,41.28
3770,2,eMBB,3.6672,24448,0.00,0,81.25,41.28
3770,3,eMBB,2.4448,24448,0.00,0,87.50,41.28
3770,4,eMBB,2.4448,24448,0.00,0,87.50,41.28
3770,5,eMBB,2.4448,24448,0.00,0,87.50,41.28
3770,6,URLLC,0.3120,390,0.00,0,0.00,32.13
3770,7,URLLC,0.3120,390,0.00,0,0.00,32.13
3770,8,URLLC,0.3120,390,0.00,0,0.00,32.13
3770,9,URLLC,0.3120,390,0.00,0,0.00,32.13
3770,10,URLLC,0.3120,390,0.00,0,0.00,32.13
3780,11,MTC,1.0240,16000,0.00,0,92.00,21.33
3780,12,MTC,1.1264,16000,0.00,0,91.20,21.33
3780,13,MTC,1.0240,16000,0.00,0,92.00,21.33
3780,14,MTC,1.1264,16000,0.00,0,91.20,21.33
3780,15,MTC,1.0240,16000,0.00,0,92.00,21.33
3780,16,MTC,1.0240,16000,0.00,0,92.00,21.33
3780,17,MTC,1.0240,16000,0.00,0,92.00,21.33
3780,18,MTC,1.1264,16000,0.00,0,91.20,21.33
3780,19,MTC,1.0240,16000,0.00,0,92.00,21.33
3780,20,MTC,1.0240,16000,0.00,0,92.00,21.33
3780,1,eMBB,3.6672,25976,0.00,0,82.35,38.42
3780,2,eMBB,3.6672,25976,0.00,0,82.35,38.42
3780,3,eMBB,3.6672,25976,0.00,0,82.35,38.42
3780,4,eMBB,3.6672,25976,0.00,0,82.35,38.42
3780,5,eMBB,4.8896,25976,0.00,0,76.47,38.42
3780,6,URLLC,0.3120,390,0.00,0,0.00,40.25
3780,7,URLLC,0.3120,390,0.00,0,0.00,40.25
3780,8,URLLC,0.3120,390,0.00,0,0.00,40.25
3780,9,URLLC,0.3120,390,0.00,0,0.00,40.25
3780,10,URLLC,0.3120,390,0.00,0,0.00,40.25
3790,11,MTC,1.0240,16000,0.00,0,92.00,28.58
3790,12,MTC,1.0240,16000,0.00,0,92.00,28.58
3790,13,MTC,1.0240,16000,0.00,0,92.00,28.58
3790,14,MTC,1.0240,16000,0.00,0,92.00,28.58
3790,15,MTC,1.1264,16000,0.00,0,91.20,28.58
3790,16,MTC,1.0240,16000,0.00,0,92.00,28.58
3790,17,MTC,1.0240,16000,0.00,0,92.00,28.58
3790,18,MTC,1.1264,16000,0.00,0,91.20,28.58
3790,19,MTC,1.0240,16000,0.00,0,92.00,28.58
3790,20,MTC,1.1264,16000,0.00,0,91.20,28.58
3790,1,eMBB,2.4448,25976,0.00,0,88.24,33.01
3790,2,eMBB,2.4448,25976,0.00,0,88.24,33.01
3790,3,eMBB,2.4448,25976,0.00,0,88.24,33.01
3790,4,eMBB,2.4448,25976,0.00,0,88.24,33.01
3790,5,eMBB,2.4448,25976,0.00,0,88.24,33.01
3790,6,URLLC,0.3120,390,0.00,0,0.00,38.41
3790,7,URLLC,0.3120,390,0.00,0,0.00,38.41
3790,8,URLLC,0.3120,390,0.00,0,0.00,38.41
3790,9,URLLC,0.3120,390,0.00,0,0.00,38.41
3790,10,URLLC,0.3120,390,0.00,0,0.00,38.41
3800,11,MTC,1.2288,16000,0.00,0,90.40,18.76
3800,12,MTC,1.1264,16000,0.00,0,91.20,18.76
3800,13,MTC,1.2288,16000,0.00,0,90.40,18.76
3800,14,MTC,1.1264,16000,0.00,0,91.20,18.76
3800,15,MTC,1.0240,16000,0.00,0,92.00,18.76
3800,16,MTC,1.1264,16000,0.00,0,91.20,18.76
3800,17,MTC,1.1264,16000,0.00,0,91.20,18.76
3800,18,MTC,1.0240,16000,0.00,0,92.00,18.76
3800,19,MTC,1.1264,16000,0.00,0,91.20,18.76
3800,20,MTC,1.1264,16000,0.00,0,91.20,18.76
3800,1,eMBB,3.6672,24448,0.00,0,81.25,34.19
3800,2,eMBB,3.6672,24448,0.00,0,81.25,34.19
3800,3,eMBB,3.6672,24448,0.00,0,81.25,34.19
3800,4,eMBB,3.6672,24448,0.00,0,81.25,34.19
3800,5,eMBB,3.6672,24448,0.00,0,81.25,34.19
3800,6,URLLC,0.3120,390,0.00,0,0.00,47.05
3800,7,URLLC,0.3120,390,0.00,0,0.00,47.05
3800,8,URLLC,0.3120,390,0.00,0,0.00,47.05
3800,9,URLLC,0.3120,390,0.00,0,0.00,47.05
3800,10,URLLC,0.3120,390,0.00,0,0.00,47.05
3810,11,MTC,1.2288,16000,0.00,0,90.40,31.11
3810,12,MTC,1.2288,16000,0.00,0,90.40,31.11
3810,13,MTC,1.2288,16000,0.00,0,90.40,31.11
3810,14,MTC,1.3312,16000,0.00,0,89.60,31.11
3810,15,MTC,1.3312,16000,0.00,0,89.60,31.11
3810,16,MTC,1.2288,16000,0.00,0,90.40,31.11
3810,17,MTC,0.7168,16000,0.00,0,94.40,31.11
3810,18,MTC,1.3312,16000,0.00,0,89.60,31.11
3810,19,MTC,1.3312,16000,0.00,0,89.60,31.11
3810,20,MTC,1.2288,16000,0.00,0,90.40,31.11
3810,1,eMBB,3.6672,25976,0.00,0,82.35,36.19
3810,2,eMBB,3.6672,25976,0.00,0,82.35,36.19
3810,3,eMBB,3.6672,25976,0.00,0,82.35,36.19
3810,4,eMBB,3.6672,25976,0.00,0,82.35,36.19
3810,5,eMBB,3.6672,25976,0.00,0,82.35,36.19
3810,6,URLLC,0.3120,390,0.00,0,0.00,32.70
3810,7,URLLC,0.3120,390,0.00,0,0.00,32.70
3810,8,URLLC,0.3120,390,0.00,0,0.00,32.70
3810,9,URLLC,0.3120,390,0.00,0,0.00,32.70
3810,10,URLLC,0.3120,390,0.00,0,0.00,32.70
3820,11,MTC,1.4336,16000,0.00,0,88.80,36.91
3820,12,MTC,1.4336,16000,0.00,0,88.80,36.91
3820,13,MTC,1.4336,16000,0.00,0,88.80,36.91
3820,14,MTC,1.4336,16000,0.00,0,88.80,36.91
3820,15,MTC,1.4336,16000,0.00,0,88.80,36.91
3820,16,MTC,1.5360,16000,0.00,0,88.00,36.91
3820,17,MTC,2.0480,16000,0.00,0,84.00,36.91
3820,18,MTC,1.3312,16000,0.00,0,89.60,36.91
3820,19,MTC,1.4336,16000,0.00,0,88.80,36.91
3820,20,MTC,1.4336,16000,0.00,0,88.80,36.91
3820,1,eMBB,2.4448,25976,0.00,0,88.24,27.81
3820,2,eMBB,2.4448,25976,0.00,0,88.24,27.81
3820,3,eMBB,2.4448,25976,0.00,0,88.24,27.81
3820,4,eMBB,2.4448,25976,0.00,0,88.24,27.81
3820,5,eMBB,1.2224,25976,0.00,0,94.12,27.81
3820,6,URLLC,0.3120,390,0.00,0,0.00,35.28
3820,7,URLLC,0.3120,390,0.00,0,0.00,35.28
3820,8,URLLC,0.3120,390,0.00,0,0.00,35.28
3820,9,URLLC,0.3120,390,0.00,0,0.00,35.28
3820,10,URLLC,0.3120,390,0.00,0,0.00,35.28
3830,11,MTC,1.4336,16000,0.00,0,88.80,32.22
3830,12,MTC,1.4336,16000,0.00,0,88.80,32.22
3830,13,MTC,1.4336,16000,0.00,0,88.80,32.22
3830,14,MTC,1.4336,16000,0.00,0,88.80,32.22
3830,15,MTC,1.3312,16000,0.00,0,89.60,32.22
3830,16,MTC,1.3312,16000,0.00,0,89.60,32.22
3830,17,MTC,1.3312,16000,0.00,0,89.60,32.22
3830,18,MTC,1.4336,16000,0.00,0,88.80,32.22
3830,19,MTC,1.4336,16000,0.00,0,88.80,32.22
3830,20,MTC,1.3312,16000,0.00,0,89.60,32.22
3830,1,eMBB,2.4448,24448,0.00,0,87.50,32.59
3830,2,eMBB,2.4448,24448,0.00,0,87.50,32.59
3830,3,eMBB,2.4448,24448,0.00,0,87.50,32.59
3830,4,eMBB,2.4448,24448,0.00,0,87.50,32.59
3830,5,eMBB,2.4448,24448,0.00,0,87.50,32.59
3830,6,URLLC,0.3120,390,0.00,0,0.00,35.18
3830,7,URLLC,0.3120,390,0.00,0,0.00,35.18
3830,8,URLLC,0.3120,390,0.00,0,0.00,35.18
3830,9,URLLC,0.3120,390,0.00,0,0.00,35.18
3830,10,URLLC,0.3120,390,0.00,0,0.00,35.18
3840,11,MTC,1.4336,16000,0.00,0,88.80,27.49
3840,12,MTC,1.4336,16000,0.00,0,88.80,27.49
3840,13,MTC,1.4336,16000,0.00,0,88.80,27.49
3840,14,MTC,1.4336,16000,0.00,0,88.80,27.49
3840,15,MTC,1.5360,16000,0.00,0,88.00,27.49
3840,16,MTC,1.5360,16000,0.00,0,88.00,27.49
3840,17,MTC,1.5360,16000,0.00,0,88.00,27.49
3840,18,MTC,1.5360,16000,0.00,0,88.00,27.49
3840,19,MTC,1.4336,16000,0.00,0,88.80,27.49
3840,20,MTC,1.5360,16000,0.00,0,88.00,27.49
3840,1,eMBB,2.4448,25976,0.00,0,88.24,26.23
3840,2,eMBB,2.4448,25976,0.00,0,88.24,26.23
3840,3,eMBB,2.4448,25976,0.00,0,88.24,26.23
3840,4,eMBB,2.4448,25976,0.00,0,88.24,26.23
3840,5,eMBB,3.6672,25976,0.00,0,82.35,26.23
3840,6,URLLC,0.3120,390,0.00,0,0.00,46.27
3840,7,URLLC,0.3120,390,0.00,0,0.00,46.27
3840,8,URLLC,0.3120,390,0.00,0,0.00,46.27
3840,9,URLLC,0.3120,390,0.00,0,0.00,46.27
3840,10,URLLC,0.3120,390,0.00,0,0.00,46.27
3850,11,MTC,1.2288,16000,0.00,0,90.40,29.01
3850,12,MTC,1.2288,16000,0.00,0,90.40,29.01
3850,13,MTC,1.2288,16000,0.00,0,90.40,29.01
3850,14,MTC,1.2288,16000,0.00,0,90.40,29.01
3850,15,MTC,1.1264,16000,0.00,0,91.20,29.01
3850,16,MTC,1.1264,16000,0.00,0,91.20,29.01
3850,17,MTC,1.2288,16000,0.00,0,90.40,29.01
3850,18,MTC,1.1264,16000,0.00,0,91.20,29.01
3850,19,MTC,1.2288,16000,0.00,0,90.40,29.01
3850,20,MTC,1.2288,16000,0.00,0,90.40,29.01
3850,1,eMBB,2.4448,25976,0.00,0,88.24,40.55
3850,2,eMBB,2.4448,25976,0.00,0,88.24,40.55
3850,3,eMBB,2.4448,25976,0.00,0,88.24,40.55
3850,4,eMBB,2.4448,25976,0.00,0,88.24,40.55
3850,5,eMBB,2.4448,25976,0.00,0,88.24,40.55
3850,6,URLLC,0.3120,390,0.00,0,0.00,30.43
3850,7,URLLC,0.3120,390,0.00,0,0.00,30.43
3850,8,URLLC,0.3120,390,0.00,0,0.00,30.43
3850,9,URLLC,0.3120,390,0.00,0,0.00,30.43
3850,10,URLLC,0.3120,390,0.00,0,0.00,30.43
3860,11,MTC,1.4336,16000,0.00,0,88.80,36.11
3860,12,MTC,1.4336,16000,0.00,0,88.80,36.11
3860,13,MTC,1.5360,16000,0.00,0,88.00,36.11
3860,14,MTC,1.4336,16000,0.00,0,88.80,36.11
3860,15,MTC,1.5360,16000,0.00,0,88.00,36.11
3860,16,MTC,1.5360,16000,0.00,0,88.00,36.11
3860,17,MTC,1.1264,16000,0.00,0,91.20,36.11
3860,18,MTC,1.5360,16000,0.00,0,88.00,36.11
3860,19,MTC,1.4336,16000,0.00,0,88.80,36.11
3860,20,MTC,1.4336,16000,0.00,0,88.80,36.11
3860,1,eMBB,3.6672,24448,0.00,0,81.25,39.46
3860,2,eMBB,3.6672,24448,0.00,0,81.25,39.46
3860,3,eMBB,3.6672,24448,0.00,0,81.25,39.46
3860,4,eMBB,3.6672,24448,0.00,0,81.25,39.46
3860,5,eMBB,3.6672,24448,0.00,0,81.25,39.46
3860,6,URLLC,0.3120,390,0.00,0,0.00,24.43
3860,7,URLLC,0.3120,390,0.00,0,0.00,24.43
3860,8,URLLC,0.3120,390,0.00,0,0.00,24.43
3860,9,URLLC,0.3120,390,0.00,0,0.00,24.43
3860,10,URLLC,0.3120,390,0.00,0,0.00,24.43
3870,11,MTC,1.6384,16000,0.00,0,87.20,42.52
3870,12,MTC,1.6384,16000,0.00,0,87.20,42.52
3870,13,MTC,1.5360,16000,0.00,0,88.00,42.52
3870,14,MTC,1.5360,16000,0.00,0,88.00,42.52
3870,15,MTC,1.5360,16000,0.00,0,88.00,42.52
3870,16,MTC,1.5360,16000,0.00,0,88.00,42.52
3870,17,MTC,1.8432,16000,0.00,0,85.60,42.52
3870,18,MTC,1.5360,16000,0.00,0,88.00,42.52
3870,19,MTC,1.6384,16000,0.00,0,87.20,42.52
3870,20,MTC,1.5360,16000,0.00,0,88.00,42.52
3870,1,eMBB,2.4448,25976,0.00,0,88.24,23.08
3870,2,eMBB,2.4448,25976,0.00,0,88.24,23.08
3870,3,eMBB,2.4448,25976,0.00,0,88.24,23.08
3870,4,eMBB,2.4448,25976,0.00,0,88.24,23.08
3870,5,eMBB,2.4448,25976,0.00,0,88.24,23.08
3870,6,URLLC,0.3120,390,0.00,0,0.00,34.40
3870,7,URLLC,0.3120,390,0.00,0,0.00,34.40
3870,8,URLLC,0.3120,390,0.00,0,0.00,34.40
3870,9,URLLC,0.3120,390,0.00,0,0.00,34.40
3870,10,URLLC,0.3120,390,0.00,0,0.00,34.40
3880,11,MTC,1.6384,16000,0.00,0,87.20,37.10
3880,12,MTC,1.6384,16000,0.00,0,87.20,37.10
3880,13,MTC,1.7408,16000,0.00,0,86.40,37.10
3880,14,MTC,1.7408,16000,0.00,0,86.40,37.10
3880,15,MTC,1.7408,16000,0.00,0,86.40,37.10
3880,16,MTC,1.7408,16000,0.00,0,86.40,37.10
3880,17,MTC,1.7408,16000,0.00,0,86.40,37.10
3880,18,MTC,1.7408,16000,0.00,0,86.40,37.10
3880,19,MTC,1.7408,16000,0.00,0,86.40,37.10
3880,20,MTC,1.8432,16000,0.00,0,85.60,37.10
3880,1,eMBB,2.4448,25976,0.00,0,88.24,34.14
3880,2,eMBB,2.4448,25976,0.00,0,88.24,34.14
3880,3,eMBB,2.4448,25976,0.00,0,88.24,34.14
3880,4,eMBB,2.4448,25976,0.00,0,88.24,34.14
3880,5,eMBB,2.4448,25976,0.00,0,88.24,34.14
3880,6,URLLC,0.3120,390,0.00,0,0.00,28.76
3880,7,URLLC,0.3120,390,0.00,0,0.00,28.76
3880,8,URLLC,0.3120,390,0.00,0,0.00,28.76
3880,9,URLLC,0.3120,390,0.00,0,0.00,28.76
3880,10,URLLC,0.3120,390,0.00,0,0.00,28.76
3890,11,MTC,1.6384,16000,0.00,0,87.20,30.11
3890,12,MTC,1.6384,16000,0.00,0,87.20,30.11
3890,13,MTC,1.5360,16000,0.00,0,88.00,30.11
3890,14,MTC,1.6384,16000,0.00,0,87.20,30.11
3890,15,MTC,1.5360,16000,0.00,0,88.00,30.11
3890,16,MTC,1.5360,16000,0.00,0,88.00,30.11
3890,17,MTC,1.5360,16000,0.00,0,88.00,30.11
3890,18,MTC,1.5360,16000,0.00,0,88.00,30.11
3890,19,MTC,1.5360,16000,0.00,0,88.00,30.11
3890,20,MTC,1.5360,16000,0.00,0,88.00,30.11
3890,1,eMBB,2.4448,24448,0.00,0,87.50,24.06
3890,2,eMBB,2.4448,24448,0.00,0,87.50,24.06
3890,3,eMBB,2.4448,24448,0.00,0,87.50,24.06
3890,4,eMBB,2.4448,24448,0.00,0,87.50,24.06
3890,5,eMBB,2.4448,24448,0.00,0,87.50,24.06
3890,6,URLLC,0.3120,390,0.00,0,0.00,45.83
3890,7,URLLC,0.3120,390,0.00,0,0.00,45.83
3890,8,URLLC,0.3120,390,0.00,0,0.00,45.83
3890,9,URLLC,0.3120,390,0.00,0,0.00,45.83
3890,10,URLLC,0.3120,390,0.00,0,0.00,45.83
3900,11,MTC,1.7408,16000,0.00,0,86.40,42.95
3900,12,MTC,1.7408,16000,0.00,0,86.40,42.95
3900,13,MTC,1.8432,16000,0.00,0,85.60,42.95
3900,14,MTC,1.7408,16000,0.00,0,86.40,42.95
3900,15,MTC,1.8432,16000,0.00,0,85.60,42.95
3900,16,MTC,1.7408,16000,0.00,0,86.40,42.95
3900,17,MTC,1.8432,16000,0.00,0,85.60,42.95
3900,18,MTC,1.8432,16000,0.00,0,85.60,42.95
3900,19,MTC,1.7408,16000,0.00,0,86.40,42.95
3900,20,MTC,1.7408,16000,0.00,0,86.40,42.95
3900,1,eMBB,2.4448,25976,0.00,0,88.24,28.61
3900,2,eMBB,2.4448,25976,0.00,0,88.24,28.61
3900,3,eMBB,2.4448,25976,0.00,0,88.24,28.61
3900,4,eMBB,2.4448,25976,0.00,0,88.24,28.61
3900,5,eMBB,2.4448,25976,0.00,0,88.24,28.61
3900,6,URLLC,0.3120,390,0.00,0,0.00,28.44
3900,7,URLLC,0.3120,390,0.00,0,0.00,28.44
3900,8,URLLC,0.3120,390,0.00,0,0.00,28.44
3900,9,URLLC,0.3120,390,0.00,0,0.00,28.44
3900,10,URLLC,0.3120,390,0.00,0,0.00,28.44
3910,11,MTC,1.5360,16000,0.00,0,88.00,31.01
3910,12,MTC,1.5360,16000,0.00,0,88.00,31.01
3910,13,MTC,1.4336,16000,0.00,0,88.80,31.01
3910,14,MTC,1.4336,16000,0.00,0,88.80,31.01
3910,15,MTC,1.5360,16000,0.00,0,88.00,31.01
3910,16,MTC,1.5360,16000,0.00,0,88.00,31.01
3910,17,MTC,1.5360,16000,0.00,0,88.00,31.01
3910,18,MTC,1.5360,16000,0.00,0,88.00,31.01
3910,19,MTC,1.5360,16000,0.00,0,88.00,31.01
3910,20,MTC,1.5360,16000,0.00,0,88.00,31.01
3910,1,eMBB,3.6672,25976,0.00,0,82.35,35.85
3910,2,eMBB,3.6672,25976,0.00,0,82.35,35.85
3910,3,eMBB,3.6672,25976,0.00,0,82.35,35.85
3910,4,eMBB,3.6672,25976,0.00,0,82.35,35.85
3910,5,eMBB,2.4448,25976,0.00,0,88.24,35.85
3910,6,URLLC,0.3120,390,0.00,0,0.00,33.14
3910,7,URLLC,0.3120,390,0.00,0,0.00,33.14
3910,8,URLLC,0.3120,390,0.00,0,0.00,33.14
3910,9,URLLC,0.3120,390,0.00,0,0.00,33.14
3910,10,URLLC,0.3120,390,0.00,0,0.00,33.14
3920,11,MTC,1.1264,16000,0.00,0,91.20,22.67
3920,12,MTC,1.2288,16000,0.00,0,90.40,22.67
3920,13,MTC,1.1264,16000,0.00,0,91.20,22.67
3920,14,MTC,1.2288,16000,0.00,0,90.40,22.67
3920,15,MTC,1.1264,16000,0.00,0,91.20,22.67
3920,16,MTC,1.2288,16000,0.00,0,90.40,22.67
3920,17,MTC,1.1264,16000,0.00,0,91.20,22.67
3920,18,MTC,1.1264,16000,0.00,0,91.20,22.67
3920,19,MTC,1.1264,16000,0.00,0,91.20,22.67
3920,20,MTC,1.2288,16000,0.00,0,90.40,22.67
3920,1,eMBB,3.6672,24448,0.00,0,81.25,40.74
3920,2,eMBB,3.6672,24448,0.00,0,81.25,40.74
3920,3,eMBB,3.6672,24448,0.00,0,81.25,40.74
3920,4,eMBB,3.6672,24448,0.00,0,81.25,40.74
3920,5,eMBB,4.8896,24448,0.00,0,75.00,40.74
3920,6,URLLC,0.3120,390,0.00,0,0.00,36.59
3920,7,URLLC,0.3120,390,0.00,0,0.00,36.59
3920,8,URLLC,0.3120,390,0.00,0,0.00,36.59
3920,9,URLLC,0.3120,390,0.00,0,0.00,36.59
3920,10,URLLC,0.3120,390,0.00,0,0.00,36.59
3930,11,MTC,1.3312,16000,0.00,0,89.60,27.02
3930,12,MTC,1.2288,16000,0.00,0,90.40,27.02
3930,13,MTC,1.3312,16000,0.00,0,89.60,27.02
3930,14,MTC,1.3312,16000,0.00,0,89.60,27.02
3930,15,MTC,1.3312,16000,0.00,0,89.60,27.02
3930,16,MTC,1.3312,16000,0.00,0,89.60,27.02
3930,17,MTC,1.3312,16000,0.00,0,89.60,27.02
3930,18,MTC,1.3312,16000,0.00,0,89.60,27.02
3930,19,MTC,1.3312,16000,0.00,0,89.60,27.02
3930,20,MTC,1.2288,16000,0.00,0,90.40,27.02
3930,1,eMBB,2.4448,25976,0.00,0,88.24,22.74
3930,2,eMBB,2.4448,25976,0.00,0,88.24,22.74
3930,3,eMBB,2.4448,25976,0.00,0,88.24,22.74
3930,4,eMBB,2.4448,25976,0.00,0,88.24,22.74
3930,5,eMBB,2.4448,25976,0.00,0,88.24,22.74
3930,6,URLLC,0.3120,390,0.00,0,0.00,50.25
3930,7,URLLC,0.3120,390,0.00,0,0.00,50.25
3930,8,URLLC,0.3120,390,0.00,0,0.00,50.25
3930,9,URLLC,0.3120,390,0.00,0,0.00,50.25
3930,10,URLLC,0.3120,390,0.00,0,0.00,50.25
3940,11,MTC,1.1264,16000,0.00,0,91.20,20.60
3940,12,MTC,1.1264,16000,0.00,0,91.20,20.60
3940,13,MTC,1.1264,16000,0.00,0,91.20,20.60
3940,14,MTC,1.1264,16000,0.00,0,91.20,20.60
3940,15,MTC,1.1264,16000,0.00,0,91.20,20.60
3940,16,MTC,1.1264,16000,0.00,0,91.20,20.60
3940,17,MTC,1.1264,16000,0.00,0,91.20,20.60
3940,18,MTC,1.0240,16000,0.00,0,92.00,20.60
3940,19,MTC,1.1264,16000,0.00,0,91.20,20.60
3940,20,MTC,1.1264,16000,0.00,0,91.20,20.60
3940,1,eMBB,3.6672,25976,0.00,0,82.35,47.36
3940,2,eMBB,3.6672,25976,0.00,0,82.35,47.36
3940,3,eMBB,3.6672,25976,0.00,0,82.35,47.36
3940,4,eMBB,3.6672,25976,0.00,0,82.35,47.36
3940,5,eMBB,3.6672,25976,0.00,0,82.35,47.36
3940,6,URLLC,0.3120,390,0.00,0,0.00,32.04
3940,7,URLLC,0.3120,390,0.00,0,0.00,32.04
3940,8,URLLC,0.3120,390,0.00,0,0.00,32.04
3940,9,URLLC,0.3120,390,0.00,0,0.00,32.04
3940,10,URLLC,0.3120,390,0.00,0,0.00,32.04
3950,11,MTC,1.0240,16000,0.00,0,92.00,27.13
3950,12,MTC,0.9216,16000,0.00,0,92.80,27.13
3950,13,MTC,1.0240,16000,0.00,0,92.00,27.13
3950,14,MTC,0.9216,16000,0.00,0,92.80,27.13
3950,15,MTC,0.9216,16000,0.00,0,92.80,27.13
3950,16,MTC,0.9216,16000,0.00,0,92.80,27.13
3950,17,MTC,0.9216,16000,0.00,0,92.80,27.13
3950,18,MTC,1.0240,16000,0.00,0,92.00,27.13
3950,19,MTC,1.0240,16000,0.00,0,92.00,27.13
3950,20,MTC,0.9216,16000,0.00,0,92.80,27.13
3950,1,eMBB,2.4448,24448,0.00,0,87.50,27.84
3950,2,eMBB,2.4448,24448,0.00,0,87.50,27.84
3950,3,eMBB,2.4448,24448,0.00,0,87.50,27.84
3950,4,eMBB,3.6672,24448,0.00,0,81.25,27.84
3950,5,eMBB,2.4448,24448,0.00,0,87.50,27.84
3950,6,URLLC,0.2496,390,0.00,0,20.00,45.02
3950,7,URLLC,0.2496,390,0.00,0,20.00,45.02
3950,8,URLLC,0.2496,390,0.00,0,20.00,45.02
3950,9,URLLC,0.2496,390,0.00,0,20.00,45.02
3950,10,URLLC,0.2496,390,0.00,0,20.00,45.02
3960,11,MTC,1.4336,16000,0.00,0,88.80,43.81
3960,12,MTC,1.5360,16000,0.00,0,88.00,43.81
3960,13,MTC,1.5360,16000,0.00,0,88.00,43.81
3960,14,MTC,1.5360,16000,0.00,0,88.00,43.81
3960,15,MTC,1.5360,16000,0.00,0,88.00,43.81
3960,16,MTC,1.5360,16000,0.00,0,88.00,43.81
3960,17,MTC,0.8192,16000,0.00,0,93.60,43.81
3960,18,MTC,1.5360,16000,0.00,0,88.00,43.81
3960,19,MTC,1.5360,16000,0.00,0,88.00,43.81
3960,20,MTC,1.5360,16000,0.00,0,88.00,43.81
3960,1,eMBB,2.4448,25976,0.00,0,88.24,21.34
3960,2,eMBB,2.4448,25976,0.00,0,88.24,21.34
3960,3,eMBB,2.4448,25976,0.00,0,88.24,21.34
3960,4,eMBB,1.2224,25976,0.00,0,94.12,21.34
3960,5,eMBB,2.4448,25976,0.00,0,88.24,21.34
3960,6,URLLC,0.3744,390,0.00,0,0.00,34.85
3960,7,URLLC,0.3744,390,0.00,0,0.00,34.85
3960,8,URLLC,0.3744,390,0.00,0,0.00,34.85
3960,9,URLLC,0.3744,390,0.00,0,0.00,34.85
3960,10,URLLC,0.3744,390,0.00,0,0.00,34.85
3970,11,MTC,1.3312,16000,0.00,0,89.60,24.15
3970,12,MTC,1.3312,16000,0.00,0,89.60,24.15
3970,13,MTC,1.2288,16000,0.00,0,90.40,24.15
3970,14,MTC,1.3312,16000,0.00,0,89.60,24.15
3970,15,MTC,1.3312,16000,0.00,0,89.60,24.15
3970,16,MTC,1.3312,16000,0.00,0,89.60,24.15
3970,17,MTC,1.9456,16000,0.00,0,84.80,24.15
3970,18,MTC,1.2288,16000,0.00,0,90.40,24.15
3970,19,MTC,1.2288,16000,0.00,0,90.40,24.15
3970,20,MTC,1.3312,16000,0.00,0,89.60,24.15
3970,1,eMBB,2.4448,25976,0.00,0,88.24,27.03
3970,2,eMBB,2.4448,25976,0.00,0,88.24,27.03
3970,3,eMBB,2.4448,25976,0.00,0,88.24,27.03
3970,4,eMBB,2.4448,25976,0.00,0,88.24,27.03
3970,5,eMBB,2.4448,25976,0.00,0,88.24,27.03
3970,6,URLLC,0.3120,390,0.00,0,0.00,48.83
3970,7,URLLC,0.3120,390,0.00,0,0.00,48.83
3970,8,URLLC,0.3120,390,0.00,0,0.00,48.83
3970,9,URLLC,0.3120,390,0.00,0,0.00,48.83
3970,10,URLLC,0.3120,390,0.00,0,0.00,48.83
3980,11,MTC,1.2288,16000,0.00,0,90.40,23.15
3980,12,MTC,1.2288,16000,0.00,0,90.40,23.15
3980,13,MTC,1.2288,16000,0.00,0,90.40,23.15
3980,14,MTC,1.1264,16000,0.00,0,91.20,23.15
3980,15,MTC,1.1264,16000,0.00,0,91.20,23.15
3980,16,MTC,1.1264,16000,0.00,0,91.20,23.15
3980,17,MTC,0.9216,16000,0.00,0,92.80,23.15
3980,18,MTC,1.2288,16000,0.00,0,90.40,23.15
3980,19,MTC,1.2288,16000,0.00,0,90.40,23.15
3980,20,MTC,1.2288,16000,0.00,0,90.40,23.15
3980,1,eMBB,3.6672,24448,0.00,0,81.25,39.55
3980,2,eMBB,2.4448,24448,0.00,0,87.50,39.55
3980,3,eMBB,3.6672,24448,0.00,0,81.25,39.55
3980,4,eMBB,3.6672,24448,0.00,0,81.25,39.55
3980,5,eMBB,2.4448,24448,0.00,0,87.50,39.55
3980,6,URLLC,0.3120,390,0.00,0,0.00,37.30
3980,7,URLLC,0.3120,390,0.00,0,0.00,37.30
3980,8,URLLC,0.3120,390,0.00,0,0.00,37.30
3980,9,URLLC,0.3120,390,0.00,0,0.00,37.30
3980,10,URLLC,0.3120,390,0.00,0,0.00,37.30
3990,11,MTC,1.2288,16000,0.00,0,90.40,31.84
3990,12,MTC,1.1264,16000,0.00,0,91.20,31.84
3990,13,MTC,1.2288,16000,0.00,0,90.40,31.84
3990,14,MTC,1.2288,16000,0.00,0,90.40,31.84
3990,15,MTC,1.2288,16000,0.00,0,90.40,31.84
3990,16,MTC,1.2288,16000,0.00,0,90.40,31.84
3990,17,MTC,0.9216,16000,0.00,0,92.80,31.84
3990,18,MTC,1.2288,16000,0.00,0,90.40,31.84
3990,19,MTC,1.2288,16000,0.00,0,90.40,31.84
3990,20,MTC,1.1264,16000,0.00,0,91.20,31.84
3990,1,eMBB,2.4448,25976,0.00,0,88.24,31.66
3990,2,eMBB,3.6672,25976,0.00,0,82.35,31.66
3990,3,eMBB,2.4448,25976,0.00,0,88.24,31.66
3990,4,eMBB,2.4448,25976,0.00,0,88.24,31.66
3990,5,eMBB,3.6672,25976,0.00,0,82.35,31.66
3990,6,URLLC,0.3120,390,0.00,0,0.00,36.50
3990,7,URLLC,0.3120,390,0.00,0,0.00,36.50
3990,8,URLLC,0.3120,390,0.00,0,0.00,36.50
3990,9,URLLC,0.3120,390,0.00,0,0.00,36.50
3990,10,URLLC,0.3120,390,0.00,0,0.00,36.50
4000,11,MTC,1.0240,16000,0.00,0,92.00,28.35
4000,12,MTC,1.1264,16000,0.00,0,91.20,28.35
4000,13,MTC,1.0240,16000,0.00,0,92.00,28.35
4000,14,MTC,1.1264,16000,0.00,0,91.20,28.35
4000,15,MTC,1.2288,16000,0.00,0,90.40,28.35
4000,16,MTC,1.1264,16000,0.00,0,91.20,28.35
4000,17,MTC,1.7408,16000,0.00,0,86.40,28.35
4000,18,MTC,1.1264,16000,0.00,0,91.20,28.35
4000,19,MTC,1.0240,16000,0.00,0,92.00,28.35
4000,20,MTC,1.1264,16000,0.00,0,91.20,28.35
4000,1,eMBB,2.4448,25976,0.00,0,88.24,25.45
4000,2,eMBB,1.2224,25976,0.00,0,94.12,25.45
4000,3,eMBB,1.2224,25976,0.00,0,94.12,25.45
4000,4,eMBB,2.4448,25976,0.00,0,88.24,25.45
4000,5,eMBB,1.2224,25976,0.00,0,94.12,25.45
4000,6,URLLC,0.3120,390,0.00,0,0.00,46.19
4000,7,URLLC,0.3120,390,0.00,0,0.00,46.19
4000,8,URLLC,0.3120,390,0.00,0,0.00,46.19
4000,9,URLLC,0.3120,390,0.00,0,0.00,46.19
4000,10,URLLC,0.3120,390,0.00,0,0.00,46.19
4010,11,MTC,1.1264,16000,0.00,0,91.20,20.39
4010,12,MTC,1.1264,16000,0.00,0,91.20,20.39
4010,13,MTC,1.1264,16000,0.00,0,91.20,20.39
4010,14,MTC,1.1264,16000,0.00,0,91.20,20.39
4010,15,MTC,1.0240,16000,0.00,0,92.00,20.39
4010,16,MTC,1.1264,16000,0.00,0,91.20,20.39
4010,17,MTC,1.0240,16000,0.00,0,92.00,20.39
4010,18,MTC,1.0240,16000,0.00,0,92.00,20.39
4010,19,MTC,1.1264,16000,0.00,0,91.20,20.39
4010,20,MTC,1.1264,16000,0.00,0,91.20,20.39
4010,1,eMBB,3.6672,24448,0.00,0,81.25,50.78
4010,2,eMBB,4.8896,24448,0.00,0,75.00,50.78
4010,3,eMBB,4.8896,24448,0.00,0,75.00,50.78
4010,4,eMBB,3.6672,24448,0.00,0,81.25,50.78
4010,5,eMBB,3.6672,24448,0.00,0,81.25,50.78
4010,6,URLLC,0.3120,390,0.00,0,0.00,28.83
4010,7,URLLC,0.3120,390,0.00,0,0.00,28.83
4010,8,URLLC,0.3120,390,0.00,0,0.00,28.83
4010,9,URLLC,0.3120,390,0.00,0,0.00,28.83
4010,10,URLLC,0.3120,390,0.00,0,0.00,28.83
