timestamp,sliceId,dedicatedPRB,minPRB,maxPRB
510,0,11.500481341974137,11.500481341974137,100.0
510,1,17.085653444279664,17.085653444279664,100.0
510,2,71.4138652137462,71.4138652137462,100.0
520,0,10.852480094766578,10.852480094766578,100.0
520,1,43.406805387003395,43.406805387003395,100.0
520,2,45.74071451823002,45.74071451823002,100.0
530,0,14.163474815651501,14.163474815651501,100.0
530,1,32.78655510536022,32.78655510536022,100.0
530,2,53.04997007898828,53.04997007898828,100.0
540,0,43.09455646893313,43.09455646893313,100.0
540,1,33.607163845465344,33.607163845465344,100.0
540,2,23.298279685601525,23.298279685601525,100.0
550,0,41.03704589082436,41.03704589082436,100.0
550,1,16.315989785801502,16.315989785801502,100.0
550,2,42.64696432337413,42.64696432337413,100.0
560,0,56.07258372317322,56.07258372317322,100.0
560,1,33.95531052005955,33.95531052005955,100.0
560,2,9.972105756767242,9.972105756767242,100.0
570,0,33.415132194483306,33.415132194483306,100.0
570,1,10.261508022415738,10.261508022415738,100.0
570,2,56.323359783100955,56.323359783100955,100.0
580,0,44.92723448435327,44.92723448435327,100.0
580,1,42.208088800617254,42.208088800617254,100.0
580,2,12.86467671502948,12.86467671502948,100.0
590,0,57.58165173017497,57.58165173017497,100.0
590,1,22.220885298362372,22.220885298362372,100.0
590,2,20.197462971462667,20.197462971462667,100.0
600,0,15.24546400543876,15.24546400543876,100.0
600,1,66.81277689599709,66.81277689599709,100.0
600,2,17.94175909856414,17.94175909856414,100.0
610,0,50.5475709589259,50.5475709589259,100.0
610,1,33.79189747861626,33.79189747861626,100.0
610,2,15.660531562457832,15.660531562457832,100.0
620,0,31.486723141314517,31.486723141314517,100.0
620,1,20.653482585808757,20.653482585808757,100.0
620,2,47.85979427287674,47.85979427287674,100.0
630,0,18.310546427136515,18.310546427136515,100.0
630,1,17.789458847810568,17.789458847810568,100.0
630,2,63.89999472505292,63.89999472505292,100.0
640,0,43.90322912470532,43.90322912470532,100.0
640,1,7.814465269294114,7.814465269294114,100.0
640,2,48.282305606000556,48.282305606000556,100.0
650,0,27.31811061735478,27.31811061735478,100.0
650,1,57.3247117141949,57.3247117141949,100.0
650,2,15.357177668450325,15.357177668450325,100.0
660,0,54.30175791130885,54.30175791130885,100.0
660,1,27.805047514685004,27.805047514685004,100.0
660,2,17.893194574006156,17.893194574006156,100.0
670,0,61.18353688828104,61.18353688828104,100.0
670,1,22.540099079419065,22.540099079419065,100.0
670,2,16.276364032299906,16.276364032299906,100.0
680,0,9.146527493212586,9.146527493212586,100.0
680,1,41.41365597051763,41.41365597051763,100.0
680,2,49.43981653626978,49.43981653626978,100.0
690,0,23.32951029861364,23.32951029861364,100.0
690,1,20.495026121184033,20.495026121184033,100.0
690,2,56.175463580202326,56.175463580202326,100.0
700,0,18.691220919306737,18.691220919306737,100.0
700,1,41.799671214874465,41.799671214874465,100.0
700,2,39.50910786581879,39.50910786581879,100.0
710,0,25.797388575479246,25.797388575479246,100.0
710,1,34.0884423059438,34.0884423059438,100.0
710,2,40.114169118576946,40.114169118576946,100.0
720,0,45.69397501548553,45.69397501548553,100.0
720,1,40.291492042611964,40.291492042611964,100.0
720,2,14.01453294190251,14.01453294190251,100.0
730,0,36.074997647205684,36.074997647205684,100.0
730,1,34.9065636142329,34.9065636142329,100.0
730,2,29.018438738561418,29.018438738561418,100.0
740,0,48.20882411198906,48.20882411198906,100.0
740,1,17.307436591266438,17.307436591266438,100.0
740,2,34.483739296744496,34.483739296744496,100.0
750,0,13.997683340083261,13.997683340083261,100.0
750,1,13.064813060999006,13.064813060999006,100.0
750,2,72.93750359891774,72.93750359891774,100.0
760,0,40.35235841538524,40.35235841538524,100.0
760,1,17.670970329241502,17.670970329241502,100.0
760,2,41.97667125537326,41.97667125537326,100.0
770,0,30.048896607366444,30.048896607366444,100.0
770,1,39.26400370449074,39.26400370449074,100.0
770,2,30.687099688142816,30.687099688142816,100.0
780,0,56.1755942184506,56.1755942184506,100.0
780,1,27.127324931992746,27.127324931992746,100.0
780,2,16.697080849556666,16.697080849556666,100.0
790,0,24.063990969047314,24.063990969047314,100.0
790,1,58.27734070937319,58.27734070937319,100.0
790,2,17.6586683215795,17.6586683215795,100.0
800,0,34.95586338688858,34.95586338688858,100.0
800,1,32.56038231812682,32.56038231812682,100.0
800,2,32.4837542949846,32.4837542949846,100.0
810,0,12.533904793071898,12.533904793071898,100.0
810,1,12.850744508472939,12.850744508472939,100.0
810,2,74.61535069845516,74.61535069845516,100.0
820,0,17.377037253631933,17.377037253631933,100.0
820,1,69.03792876051374,69.03792876051374,100.0
820,2,13.58503398585433,13.58503398585433,100.0
830,0,15.699823007037539,15.699823007037539,100.0
830,1,69.05261775514224,69.05261775514224,100.0
830,2,15.247559237820237,15.247559237820237,100.0
840,0,22.15729394426627,22.15729394426627,100.0
840,1,27.739335368059077,27.739335368059077,100.0
840,2,50.103370687674655,50.103370687674655,100.0
850,0,20.83337893793301,20.83337893793301,100.0
850,1,63.790629352997755,63.790629352997755,100.0
850,2,15.375991709069247,15.375991709069247,100.0
860,0,54.59573886761604,54.59573886761604,100.0
860,1,19.634550857536418,19.634550857536418,100.0
860,2,25.76971027484754,25.76971027484754,100.0
870,0,13.831129541198695,13.831129541198695,100.0
870,1,11.534535513332814,11.534535513332814,100.0
870,2,74.63433494546851,74.63433494546851,100.0
880,0,45.006828403676415,45.006828403676415,100.0
880,1,44.880504576068354,44.880504576068354,100.0
880,2,10.112667020255232,10.112667020255232,100.0
890,0,30.694906909260823,30.694906909260823,100.0
890,1,22.702214507752775,22.702214507752775,100.0
890,2,46.602878582986406,46.602878582986406,100.0
900,0,16.38864596710689,16.38864596710689,100.0
900,1,52.79809899725218,52.79809899725218,100.0
900,2,30.813255035640925,30.813255035640925,100.0
910,0,14.826098990113618,14.826098990113618,100.0
910,1,56.525282708172995,56.525282708172995,100.0
910,2,28.648618301713384,28.648618301713384,100.0
920,0,21.296436400970357,21.296436400970357,100.0
920,1,40.51798375029802,40.51798375029802,100.0
920,2,38.18557984873163,38.18557984873163,100.0
930,0,14.104969853404361,14.104969853404361,100.0
930,1,10.978088138880882,10.978088138880882,100.0
930,2,74.91694200771477,74.91694200771477,100.0
940,0,34.15462322584808,34.15462322584808,100.0
940,1,49.96621331152678,49.96621331152678,100.0
940,2,15.87916346262515,15.87916346262515,100.0
950,0,15.225894214341446,15.225894214341446,100.0
950,1,44.370023411442894,44.370023411442894,100.0
950,2,40.40408237421566,40.40408237421566,100.0
960,0,46.53266796125596,46.53266796125596,100.0
960,1,21.950158067892048,21.950158067892048,100.0
960,2,31.51717397085198,31.51717397085198,100.0
970,0,11.037481786668423,11.037481786668423,100.0
970,1,55.524020235656415,55.524020235656415,100.0
970,2,33.438497977675155,33.438497977675155,100.0
980,0,12.502552255537463,12.502552255537463,100.0
980,1,54.82471889438707,54.82471889438707,100.0
980,2,32.67272885007548,32.67272885007548,100.0
990,0,11.555901095771194,11.555901095771194,100.0
990,1,11.580628045571496,11.580628045571496,100.0
990,2,76.86347085865731,76.86347085865731,100.0
1000,0,45.39979590456594,45.39979590456594,100.0
1000,1,19.5301361387521,19.5301361387521,100.0
1000,2,35.07006795668195,35.07006795668195,100.0
1010,0,63.01191685953449,63.01191685953449,100.0
1010,1,11.738242332949778,11.738242332949778,100.0
1010,2,25.249840807515728,25.249840807515728,100.0
1020,0,54.289475247274275,54.289475247274275,100.0
1020,1,34.21334241812595,34.21334241812595,100.0
1020,2,11.497182334599788,11.497182334599788,100.0
1030,0,13.382345786441652,13.382345786441652,100.0
1030,1,58.69288966916986,58.69288966916986,100.0
1030,2,27.92476454438849,27.92476454438849,100.0
1040,0,13.311070296757558,13.311070296757558,100.0
1040,1,37.577532728085004,37.577532728085004,100.0
1040,2,49.11139697515745,49.11139697515745,100.0
1050,0,14.38653718482534,14.38653718482534,100.0
1050,1,10.693339208863614,10.693339208863614,100.0
1050,2,74.92012360631105,74.92012360631105,100.0
1060,0,30.957246999175496,30.957246999175496,100.0
1060,1,35.18283733302313,35.18283733302313,100.0
1060,2,33.85991566780138,33.85991566780138,100.0
1070,0,42.41317775937209,42.41317775937209,100.0
1070,1,41.2900537644502,41.2900537644502,100.0
1070,2,16.296768476177714,16.296768476177714,100.0
1080,0,15.615707179352142,15.615707179352142,100.0
1080,1,63.76445625258922,63.76445625258922,100.0
1080,2,20.619836568058638,20.619836568058638,100.0
1090,0,24.46276974430121,24.46276974430121,100.0
1090,1,62.78902306954372,62.78902306954372,100.0
1090,2,12.748207186155083,12.748207186155083,100.0
1100,0,33.12166309093958,33.12166309093958,100.0
1100,1,47.09258688418675,47.09258688418675,100.0
1100,2,19.785750024873664,19.785750024873664,100.0
1110,0,15.246352944697328,15.246352944697328,100.0
1110,1,10.855917418813595,10.855917418813595,100.0
1110,2,73.89772963648907,73.89772963648907,100.0
1120,0,47.368516909799006,47.368516909799006,100.0
1120,1,32.19223382796055,32.19223382796055,100.0
1120,2,20.43924926224045,20.43924926224045,100.0
1130,0,40.35809292298141,40.35809292298141,100.0
1130,1,49.88774517971344,49.88774517971344,100.0
1130,2,9.754161897305147,9.754161897305147,100.0
1140,0,20.279825770309756,20.279825770309756,100.0
1140,1,48.07154106352064,48.07154106352064,100.0
1140,2,31.648633166169603,31.648633166169603,100.0
1150,0,46.073261231836916,46.073261231836916,100.0
1150,1,31.24902748968031,31.24902748968031,100.0
1150,2,22.677711278482775,22.677711278482775,100.0
1160,0,39.34281238438786,39.34281238438786,100.0
1160,1,28.913100416394467,28.913100416394467,100.0
1160,2,31.744087199217685,31.744087199217685,100.0
1170,0,10.802587279289222,10.802587279289222,100.0
1170,1,10.923790245659305,10.923790245659305,100.0
1170,2,78.27362247505147,78.27362247505147,100.0
1180,0,38.566512087190894,38.566512087190894,100.0
1180,1,38.956647144356815,38.956647144356815,100.0
1180,2,22.476840768452274,22.476840768452274,100.0
1190,0,30.49615760606289,30.49615760606289,100.0
1190,1,18.75975876531588,18.75975876531588,100.0
1190,2,50.74408362862124,50.74408362862124,100.0
1200,0,32.46640965211602,32.46640965211602,100.0
1200,1,38.308798132158,38.308798132158,100.0
1200,2,29.22479221572597,29.22479221572597,100.0
1210,0,22.46481966853414,22.46481966853414,100.0
1210,1,41.84355441470898,41.84355441470898,100.0
1210,2,35.691625916756884,35.691625916756884,100.0
1220,0,37.40041914358278,37.40041914358278,100.0
1220,1,16.107325656145537,16.107325656145537,100.0
1220,2,46.492255200271686,46.492255200271686,100.0
1230,0,14.004288026967007,14.004288026967007,100.0
1230,1,11.161177649530318,11.161177649530318,100.0
1230,2,74.83453432350268,74.83453432350268,100.0
1240,0,30.062143128775336,30.062143128775336,100.0
1240,1,46.83252968829203,46.83252968829203,100.0
1240,2,23.10532718293262,23.10532718293262,100.0
1250,0,30.066629959713577,30.066629959713577,100.0
1250,1,51.1100175566245,51.1100175566245,100.0
1250,2,18.823352483661925,18.823352483661925,100.0
1260,0,68.7901707524581,68.7901707524581,100.0
1260,1,17.1903415927992,17.1903415927992,100.0
1260,2,14.019487654742695,14.019487654742695,100.0
1270,0,58.91744033094468,58.91744033094468,100.0
1270,1,24.112257606334886,24.112257606334886,100.0
1270,2,16.97030206272043,16.97030206272043,100.0
1280,0,46.29924369121742,46.29924369121742,100.0
1280,1,15.46000153435039,15.46000153435039,100.0
1280,2,38.240754774432204,38.240754774432204,100.0
1290,0,16.359351661413342,16.359351661413342,100.0
1290,1,12.334486169723942,12.334486169723942,100.0
1290,2,71.30616216886271,71.30616216886271,100.0
1300,0,20.941494309169265,20.941494309169265,100.0
1300,1,15.497275873715049,15.497275873715049,100.0
1300,2,63.561229817115695,63.561229817115695,100.0
1310,0,21.65387828612242,21.65387828612242,100.0
1310,1,18.30564161508578,18.30564161508578,100.0
1310,2,60.040480098791804,60.040480098791804,100.0
1320,0,18.044280194732334,18.044280194732334,100.0
1320,1,37.680582969517815,37.680582969517815,100.0
1320,2,44.27513683574985,44.27513683574985,100.0
1330,0,48.23184444490745,48.23184444490745,100.0
1330,1,16.211233569013963,16.211233569013963,100.0
1330,2,35.55692198607858,35.55692198607858,100.0
1340,0,43.969864620972345,43.969864620972345,100.0
1340,1,24.300649696655352,24.300649696655352,100.0
1340,2,31.72948568237231,31.72948568237231,100.0
1350,0,12.202659790387695,12.202659790387695,100.0
1350,1,12.1849780025313,12.1849780025313,100.0
1350,2,75.612362207081,75.612362207081,100.0
1360,0,45.61580605716075,45.61580605716075,100.0
1360,1,43.38297875617431,43.38297875617431,100.0
1360,2,11.001215186664918,11.001215186664918,100.0
1370,0,65.78510325152807,65.78510325152807,100.0
1370,1,14.359246912423265,14.359246912423265,100.0
1370,2,19.855649836048663,19.855649836048663,100.0
1380,0,44.70064428647123,44.70064428647123,100.0
1380,1,22.737948571710685,22.737948571710685,100.0
1380,2,32.56140714181808,32.56140714181808,100.0
1390,0,38.242870510688576,38.242870510688576,100.0
1390,1,28.61558012997316,28.61558012997316,100.0
1390,2,33.14154935933825,33.14154935933825,100.0
1400,0,34.94610075426101,34.94610075426101,100.0
1400,1,43.625252191950935,43.625252191950935,100.0
1400,2,21.428647053788055,21.428647053788055,100.0
1410,0,11.70993135017234,11.70993135017234,100.0
1410,1,11.194255009905108,11.194255009905108,100.0
1410,2,77.09581363992257,77.09581363992257,100.0
1420,0,40.44970039150591,40.44970039150591,100.0
1420,1,10.457037835460532,10.457037835460532,100.0
1420,2,49.09326177303356,49.09326177303356,100.0
1430,0,22.147625522237053,22.147625522237053,100.0
1430,1,28.876438409071724,28.876438409071724,100.0
1430,2,48.975936068691226,48.975936068691226,100.0
1440,0,43.93572261283851,43.93572261283851,100.0
1440,1,23.63046813366391,23.63046813366391,100.0
1440,2,32.43380925349758,32.43380925349758,100.0
1450,0,64.4254664740877,64.4254664740877,100.0
1450,1,26.140632109908164,26.140632109908164,100.0
1450,2,9.433901416004131,9.433901416004131,100.0
1460,0,36.63364075281841,36.63364075281841,100.0
1460,1,19.014660625990953,19.014660625990953,100.0
1460,2,44.351698621190636,44.351698621190636,100.0
1470,0,14.937630348509995,14.937630348509995,100.0
1470,1,11.279976378251876,11.279976378251876,100.0
1470,2,73.78239327323813,73.78239327323813,100.0
1480,0,67.02668580464531,67.02668580464531,100.0
1480,1,20.612250161047804,20.612250161047804,100.0
1480,2,12.361064034306887,12.361064034306887,100.0
1490,0,31.658000719716046,31.658000719716046,100.0
1490,1,44.62644705681876,44.62644705681876,100.0
1490,2,23.715552223465195,23.715552223465195,100.0
1500,0,38.13971835491183,38.13971835491183,100.0
1500,1,39.61640612847969,39.61640612847969,100.0
1500,2,22.243875516608487,22.243875516608487,100.0
1510,0,61.089752382569586,61.089752382569586,100.0
1510,1,29.803812469472106,29.803812469472106,100.0
1510,2,9.106435147958308,9.106435147958308,100.0
1520,0,37.59326256222757,37.59326256222757,100.0
1520,1,51.768602285977884,51.768602285977884,100.0
1520,2,10.63813515179456,10.63813515179456,100.0
1530,0,20.952992439516425,20.952992439516425,100.0
1530,1,11.875822546193115,11.875822546193115,100.0
1530,2,67.17118501429046,67.17118501429046,100.0
1540,0,34.48537959089466,34.48537959089466,100.0
1540,1,28.867995149327076,28.867995149327076,100.0
1540,2,36.64662525977827,36.64662525977827,100.0
1550,0,41.254050289639274,41.254050289639274,100.0
1550,1,51.44745326633618,51.44745326633618,100.0
1550,2,7.2984964440245355,7.2984964440245355,100.0
1560,0,49.400561961160996,49.400561961160996,100.0
1560,1,40.8394108162555,40.8394108162555,100.0
1560,2,9.760027222583508,9.760027222583508,100.0
1570,0,27.20346657686537,27.20346657686537,100.0
1570,1,30.565373947557443,30.565373947557443,100.0
1570,2,42.231159475577186,42.231159475577186,100.0
1580,0,34.95810706104808,34.95810706104808,100.0
1580,1,43.86479837613209,43.86479837613209,100.0
1580,2,21.17709456281982,21.17709456281982,100.0
1590,0,12.495069426576334,12.495069426576334,100.0
1590,1,13.03607913252209,13.03607913252209,100.0
1590,2,74.46885144090157,74.46885144090157,100.0
1600,0,44.66454935906936,44.66454935906936,100.0
1600,1,36.72512858261618,36.72512858261618,100.0
1600,2,18.61032205831447,18.61032205831447,100.0
1610,0,15.353813981494783,15.353813981494783,100.0
1610,1,46.618123725296165,46.618123725296165,100.0
1610,2,38.028062293209054,38.028062293209054,100.0
1620,0,48.064075268257135,48.064075268257135,100.0
1620,1,18.986402870314837,18.986402870314837,100.0
1620,2,32.94952186142804,32.94952186142804,100.0
1630,0,25.637042051576454,25.637042051576454,100.0
1630,1,41.829558482240486,41.829558482240486,100.0
1630,2,32.533399466183056,32.533399466183056,100.0
1640,0,38.927706616934714,38.927706616934714,100.0
1640,1,31.42445738285807,31.42445738285807,100.0
1640,2,29.647836000207217,29.647836000207217,100.0
1650,0,12.064727452279268,12.064727452279268,100.0
1650,1,11.903659305644172,11.903659305644172,100.0
1650,2,76.03161324207656,76.03161324207656,100.0
1660,0,40.937473722783004,40.937473722783004,100.0
1660,1,31.980326595200992,31.980326595200992,100.0
1660,2,27.082199682016007,27.082199682016007,100.0
1670,0,58.64785448029105,58.64785448029105,100.0
1670,1,21.403224510443657,21.403224510443657,100.0
1670,2,19.9489210092653,19.9489210092653,100.0
1680,0,46.08735415655871,46.08735415655871,100.0
1680,1,38.668500635734254,38.668500635734254,100.0
1680,2,15.244145207707025,15.244145207707025,100.0
1690,0,54.06821778254884,54.06821778254884,100.0
1690,1,23.921424963562295,23.921424963562295,100.0
1690,2,22.01035725388886,22.01035725388886,100.0
1700,0,37.11503552844574,37.11503552844574,100.0
1700,1,29.06196648463446,29.06196648463446,100.0
1700,2,33.82299798691981,33.82299798691981,100.0
1710,0,15.773216152969313,15.773216152969313,100.0
1710,1,15.412617325258072,15.412617325258072,100.0
1710,2,68.81416652177262,68.81416652177262,100.0
1720,0,51.04246722684393,51.04246722684393,100.0
1720,1,28.956881996835765,28.956881996835765,100.0
1720,2,20.000650776320292,20.000650776320292,100.0
1730,0,60.34015871399411,60.34015871399411,100.0
1730,1,28.95066907216131,28.95066907216131,100.0
1730,2,10.70917221384458,10.70917221384458,100.0
1740,0,35.27922279307354,35.27922279307354,100.0
1740,1,32.79269554217866,32.79269554217866,100.0
1740,2,31.928081664747804,31.928081664747804,100.0
1750,0,21.015271006010735,21.015271006010735,100.0
1750,1,49.07275446239064,49.07275446239064,100.0
1750,2,29.911974531598617,29.911974531598617,100.0
1760,0,25.065895697959935,25.065895697959935,100.0
1760,1,27.17859603536421,27.17859603536421,100.0
1760,2,47.75550826667585,47.75550826667585,100.0
1770,0,11.73545800828639,11.73545800828639,100.0
1770,1,21.246792058238604,21.246792058238604,100.0
1770,2,67.01774993347502,67.01774993347502,100.0
1780,0,52.293270931910406,52.293270931910406,100.0
1780,1,25.472572084508638,25.472572084508638,100.0
1780,2,22.234156983580966,22.234156983580966,100.0
1790,0,18.00968783554137,18.00968783554137,100.0
1790,1,24.077597412703717,24.077597412703717,100.0
1790,2,57.91271475175491,57.91271475175491,100.0
1800,0,22.879264480704027,22.879264480704027,100.0
1800,1,45.489812439841174,45.489812439841174,100.0
1800,2,31.63092307945481,31.63092307945481,100.0
1810,0,72.2897871367114,72.2897871367114,100.0
1810,1,11.58690100307706,11.58690100307706,100.0
1810,2,16.123311860211544,16.123311860211544,100.0
1820,0,48.16573850822283,48.16573850822283,100.0
1820,1,30.861315283736314,30.861315283736314,100.0
1820,2,20.97294620804085,20.97294620804085,100.0
1830,0,11.382854964048752,11.382854964048752,100.0
1830,1,11.831119837398644,11.831119837398644,100.0
1830,2,76.78602519855261,76.78602519855261,100.0
1840,0,29.65593925635044,29.65593925635044,100.0
1840,1,19.368756075596373,19.368756075596373,100.0
1840,2,50.97530466805319,50.97530466805319,100.0
1850,0,45.88530079361875,45.88530079361875,100.0
1850,1,30.91030111575813,30.91030111575813,100.0
1850,2,23.204398090623123,23.204398090623123,100.0
1860,0,26.76701819253024,26.76701819253024,100.0
1860,1,50.11478843986023,50.11478843986023,100.0
1860,2,23.118193367609546,23.118193367609546,100.0
1870,0,31.73906649876002,31.73906649876002,100.0
1870,1,22.602688623140487,22.602688623140487,100.0
1870,2,45.6582448780995,45.6582448780995,100.0
1880,0,42.45376512089219,42.45376512089219,100.0
1880,1,33.240157926411925,33.240157926411925,100.0
1880,2,24.30607695269588,24.30607695269588,100.0
1890,0,13.200935497218286,13.200935497218286,100.0
1890,1,11.788619277548774,11.788619277548774,100.0
1890,2,75.01044522523294,75.01044522523294,100.0
1900,0,27.220661314060823,27.220661314060823,100.0
1900,1,28.815642082675186,28.815642082675186,100.0
1900,2,43.96369660326398,43.96369660326398,100.0
1910,0,30.830942198962262,30.830942198962262,100.0
1910,1,34.00414921485916,34.00414921485916,100.0
1910,2,35.16490858617857,35.16490858617857,100.0
1920,0,61.36706041403712,61.36706041403712,100.0
1920,1,20.64172340979163,20.64172340979163,100.0
1920,2,17.99121617617125,17.99121617617125,100.0
1930,0,13.353596662476686,13.353596662476686,100.0
1930,1,43.271278819317445,43.271278819317445,100.0
1930,2,43.37512451820587,43.37512451820587,100.0
1940,0,36.81610418644852,36.81610418644852,100.0
1940,1,30.596736090290026,30.596736090290026,100.0
1940,2,32.58715972326146,32.58715972326146,100.0
1950,0,17.261857501319835,17.261857501319835,100.0
1950,1,10.72419034819627,10.72419034819627,100.0
1950,2,72.0139521504839,72.0139521504839,100.0
1960,0,30.945731215447946,30.945731215447946,100.0
1960,1,50.04587288589693,50.04587288589693,100.0
1960,2,19.008395898655124,19.008395898655124,100.0
1970,0,26.309947900723767,26.309947900723767,100.0
1970,1,34.10318715773107,34.10318715773107,100.0
1970,2,39.58686494154517,39.58686494154517,100.0
1980,0,36.40429782772503,36.40429782772503,100.0
1980,1,45.38211301783281,45.38211301783281,100.0
1980,2,18.213589154442168,18.213589154442168,100.0
1990,0,46.595952170573504,46.595952170573504,100.0
1990,1,44.22177055835464,44.22177055835464,100.0
1990,2,9.18227727107186,9.18227727107186,100.0
2000,0,17.20328835805572,17.20328835805572,100.0
2000,1,32.40150503752386,32.40150503752386,100.0
2000,2,50.39520660442043,50.39520660442043,100.0
2010,0,16.760284024809796,16.760284024809796,100.0
2010,1,15.20859007020659,15.20859007020659,100.0
2010,2,68.03112590498361,68.03112590498361,100.0
2020,0,38.6106506290331,38.6106506290331,100.0
2020,1,37.911355898809546,37.911355898809546,100.0
2020,2,23.477993472157358,23.477993472157358,100.0
2030,0,34.69787945977282,34.69787945977282,100.0
2030,1,49.27811081259123,49.27811081259123,100.0
2030,2,16.024009727635946,16.024009727635946,100.0
2040,0,56.640821287052454,56.640821287052454,100.0
2040,1,12.756411347934367,12.756411347934367,100.0
2040,2,30.60276736501318,30.60276736501318,100.0
2050,0,38.5083458204148,38.5083458204148,100.0
2050,1,50.972372089500276,50.972372089500276,100.0
2050,2,10.519282090084934,10.519282090084934,100.0
2060,0,57.0979671622837,57.0979671622837,100.0
2060,1,32.58763282377952,32.58763282377952,100.0
2060,2,10.314400013936789,10.314400013936789,100.0
2070,0,39.31850292008249,39.31850292008249,100.0
2070,1,8.499130913405995,8.499130913405995,100.0
2070,2,52.18236616651152,52.18236616651152,100.0
2080,0,68.13273394355863,68.13273394355863,100.0
2080,1,16.776473445634014,16.776473445634014,100.0
2080,2,15.090792610807355,15.090792610807355,100.0
2090,0,25.112103017777216,25.112103017777216,100.0
2090,1,33.23673844872722,33.23673844872722,100.0
2090,2,41.65115853349556,41.65115853349556,100.0
2100,0,46.69285858141065,46.69285858141065,100.0
2100,1,14.077914680818122,14.077914680818122,100.0
2100,2,39.22922673777124,39.22922673777124,100.0
2110,0,46.493529470662594,46.493529470662594,100.0
2110,1,17.243211316785118,17.243211316785118,100.0
2110,2,36.263259212552285,36.263259212552285,100.0
2120,0,16.718346754649172,16.718346754649172,100.0
2120,1,56.35844315330416,56.35844315330416,100.0
2120,2,26.923210092046666,26.923210092046666,100.0
2130,0,11.28977283640872,11.28977283640872,100.0
2130,1,11.740796629998815,11.740796629998815,100.0
2130,2,76.96943053359247,76.96943053359247,100.0
2140,0,65.8686997822656,65.8686997822656,100.0
2140,1,23.36372742737007,23.36372742737007,100.0
2140,2,10.767572790364339,10.767572790364339,100.0
2150,0,25.56861717852548,25.56861717852548,100.0
2150,1,56.43075966313117,56.43075966313117,100.0
2150,2,18.00062315834335,18.00062315834335,100.0
2160,0,56.514777686503194,56.514777686503194,100.0
2160,1,28.870593130302247,28.870593130302247,100.0
2160,2,14.61462918319455,14.61462918319455,100.0
2170,0,44.95110564150062,44.95110564150062,100.0
2170,1,38.775082349065904,38.775082349065904,100.0
2170,2,16.273812009433474,16.273812009433474,100.0
2180,0,46.209240881689134,46.209240881689134,100.0
2180,1,40.59034931921412,40.59034931921412,100.0
2180,2,13.200409799096748,13.200409799096748,100.0
2190,0,13.850329867224964,13.850329867224964,100.0
2190,1,10.754998892020492,10.754998892020492,100.0
2190,2,75.39467124075455,75.39467124075455,100.0
2200,0,32.88370517936569,32.88370517936569,100.0
2200,1,33.37616804600979,33.37616804600979,100.0
2200,2,33.74012677462452,33.74012677462452,100.0
2210,0,9.83240001600494,9.83240001600494,100.0
2210,1,47.77405433405574,47.77405433405574,100.0
2210,2,42.39354564993932,42.39354564993932,100.0
2220,0,40.31658270301116,40.31658270301116,100.0
2220,1,41.99530533873834,41.99530533873834,100.0
2220,2,17.688111958250516,17.688111958250516,100.0
2230,0,23.638545187269997,23.638545187269997,100.0
2230,1,53.957596702487024,53.957596702487024,100.0
2230,2,22.40385811024299,22.40385811024299,100.0
2240,0,46.056035764137306,46.056035764137306,100.0
2240,1,44.40686758197923,44.40686758197923,100.0
2240,2,9.537096653883468,9.537096653883468,100.0
2250,0,36.6205344577669,36.6205344577669,100.0
2250,1,11.668799931184088,11.668799931184088,100.0
2250,2,51.71066561104901,51.71066561104901,100.0
2260,0,20.760614733954807,20.760614733954807,100.0
2260,1,60.03106286804214,60.03106286804214,100.0
2260,2,19.208322398003048,19.208322398003048,100.0
2270,0,21.10074584295712,21.10074584295712,100.0
2270,1,44.957132964785515,44.957132964785515,100.0
2270,2,33.94212119225736,33.94212119225736,100.0
2280,0,20.303177590140354,20.303177590140354,100.0
2280,1,36.73710773072975,36.73710773072975,100.0
2280,2,42.9597146791299,42.9597146791299,100.0
2290,0,60.110134054368395,60.110134054368395,100.0
2290,1,14.026430501851255,14.026430501851255,100.0
2290,2,25.863435443780354,25.863435443780354,100.0
2300,0,31.20479600657774,31.20479600657774,100.0
2300,1,38.860362413771746,38.860362413771746,100.0
2300,2,29.934841579650527,29.934841579650527,100.0
2310,0,13.318840968527693,13.318840968527693,100.0
2310,1,10.48157718231357,10.48157718231357,100.0
2310,2,76.19958184915873,76.19958184915873,100.0
2320,0,31.66118377589032,31.66118377589032,100.0
2320,1,13.826034343258828,13.826034343258828,100.0
2320,2,54.51278188085086,54.51278188085086,100.0
2330,0,47.04968623265161,47.04968623265161,100.0
2330,1,39.703747524634956,39.703747524634956,100.0
2330,2,13.246566242713431,13.246566242713431,100.0
2340,0,46.317787392790386,46.317787392790386,100.0
2340,1,8.456378675507862,8.456378675507862,100.0
2340,2,45.22583393170176,45.22583393170176,100.0
2350,0,24.429935996190146,24.429935996190146,100.0
2350,1,13.959233255862433,13.959233255862433,100.0
2350,2,61.61083074794743,61.61083074794743,100.0
2360,0,21.76815942346123,21.76815942346123,100.0
2360,1,24.22813591408184,24.22813591408184,100.0
2360,2,54.00370466245693,54.00370466245693,100.0
2370,0,12.470579105654286,12.470579105654286,100.0
2370,1,12.55392886084108,12.55392886084108,100.0
2370,2,74.97549203350464,74.97549203350464,100.0
2380,0,27.638129350748613,27.638129350748613,100.0
2380,1,23.560029818222645,23.560029818222645,100.0
2380,2,48.801840831028755,48.801840831028755,100.0
2390,0,30.073711469649112,30.073711469649112,100.0
2390,1,28.68623065299189,28.68623065299189,100.0
2390,2,41.24005787735901,41.24005787735901,100.0
2400,0,32.466055931764735,32.466055931764735,100.0
2400,1,54.0913004969839,54.0913004969839,100.0
2400,2,13.442643571251361,13.442643571251361,100.0
2410,0,45.43947676564923,45.43947676564923,100.0
2410,1,32.8261562321017,32.8261562321017,100.0
2410,2,21.734367002249076,21.734367002249076,100.0
2420,0,21.443942068863198,21.443942068863198,100.0
2420,1,38.28651145855976,38.28651145855976,100.0
2420,2,40.26954647257705,40.26954647257705,100.0
2430,0,20.57809753198804,20.57809753198804,100.0
2430,1,11.183969776176065,11.183969776176065,100.0
2430,2,68.2379326918359,68.2379326918359,100.0
2440,0,48.300136734259155,48.300136734259155,100.0
2440,1,9.041175679550884,9.041175679550884,100.0
2440,2,42.65868758618997,42.65868758618997,100.0
2450,0,62.30272107846484,62.30272107846484,100.0
2450,1,22.5349179055206,22.5349179055206,100.0
2450,2,15.162361016014566,15.162361016014566,100.0
2460,0,33.878197292230276,33.878197292230276,100.0
2460,1,55.206543624729775,55.206543624729775,100.0
2460,2,10.915259083039954,10.915259083039954,100.0
2470,0,33.49633093626082,33.49633093626082,100.0
2470,1,27.028215877228444,27.028215877228444,100.0
2470,2,39.47545318651073,39.47545318651073,100.0
2480,0,48.14477520834169,48.14477520834169,100.0
2480,1,15.72475570522816,15.72475570522816,100.0
2480,2,36.13046908643015,36.13046908643015,100.0
2490,0,12.640373212489987,12.640373212489987,100.0
2490,1,12.774809987444241,12.774809987444241,100.0
2490,2,74.58481680006577,74.58481680006577,100.0
2500,0,34.250969202327894,34.250969202327894,100.0
2500,1,38.61401630221701,38.61401630221701,100.0
2500,2,27.135014495455113,27.135014495455113,100.0
2510,0,53.55740541546711,53.55740541546711,100.0
2510,1,22.404333101544605,22.404333101544605,100.0
2510,2,24.038261482988286,24.038261482988286,100.0
2520,0,37.963956279164954,37.963956279164954,100.0
2520,1,35.6273658817095,35.6273658817095,100.0
2520,2,26.408677839125545,26.408677839125545,100.0
2530,0,63.74871163878648,63.74871163878648,100.0
2530,1,25.489820138228858,25.489820138228858,100.0
2530,2,10.761468222984666,10.761468222984666,100.0
2540,0,20.207726556441095,20.207726556441095,100.0
2540,1,40.82109781760436,40.82109781760436,100.0
2540,2,38.971175625954544,38.971175625954544,100.0
2550,0,11.293725901803732,11.293725901803732,100.0
2550,1,11.308494550335384,11.308494550335384,100.0
2550,2,77.39777954786089,77.39777954786089,100.0
2560,0,42.39518843181985,42.39518843181985,100.0
2560,1,41.70309517145711,41.70309517145711,100.0
2560,2,15.901716396723046,15.901716396723046,100.0
2570,0,50.46005041932672,50.46005041932672,100.0
2570,1,20.33057760814813,20.33057760814813,100.0
2570,2,29.20937197252516,29.20937197252516,100.0
2580,0,57.158575751994576,57.158575751994576,100.0
2580,1,27.50543814792409,27.50543814792409,100.0
2580,2,15.335986100081339,15.335986100081339,100.0
2590,0,24.730290200100946,24.730290200100946,100.0
2590,1,52.25531218744106,52.25531218744106,100.0
2590,2,23.014397612457998,23.014397612457998,100.0
2600,0,20.311393145737583,20.311393145737583,100.0
2600,1,32.863495131886204,32.863495131886204,100.0
2600,2,46.825111722376214,46.825111722376214,100.0
2610,0,27.375211275006116,27.375211275006116,100.0
2610,1,9.308202750964655,9.308202750964655,100.0
2610,2,63.31658597402922,63.31658597402922,100.0
2620,0,30.83498767009428,30.83498767009428,100.0
2620,1,13.539378167441866,13.539378167441866,100.0
2620,2,55.62563416246387,55.62563416246387,100.0
2630,0,49.154653804605005,49.154653804605005,100.0
2630,1,20.607119203238298,20.607119203238298,100.0
2630,2,30.238226992156697,30.238226992156697,100.0
2640,0,63.062953014013246,63.062953014013246,100.0
2640,1,16.65370795799826,16.65370795799826,100.0
2640,2,20.283339027988482,20.283339027988482,100.0
2650,0,58.40555058219965,58.40555058219965,100.0
2650,1,21.601899452144796,21.601899452144796,100.0
2650,2,19.992549965655563,19.992549965655563,100.0
2660,0,53.56936342186965,53.56936342186965,100.0
2660,1,38.044387237678976,38.044387237678976,100.0
2660,2,8.386249340451371,8.386249340451371,100.0
2670,0,37.085900758000655,37.085900758000655,100.0
2670,1,9.125855281293465,9.125855281293465,100.0
2670,2,53.78824396070587,53.78824396070587,100.0
2680,0,52.24092771518612,52.24092771518612,100.0
2680,1,32.5871169218689,32.5871169218689,100.0
2680,2,15.171955362944987,15.171955362944987,100.0
2690,0,19.891091010938794,19.891091010938794,100.0
2690,1,31.58394658785276,31.58394658785276,100.0
2690,2,48.52496240120845,48.52496240120845,100.0
2700,0,53.261972896164814,53.261972896164814,100.0
2700,1,32.88095342142828,32.88095342142828,100.0
2700,2,13.857073682406917,13.857073682406917,100.0
2710,0,41.68694284263337,41.68694284263337,100.0
2710,1,47.29608095921696,47.29608095921696,100.0
2710,2,11.016976198149678,11.016976198149678,100.0
2720,0,35.86804605756098,35.86804605756098,100.0
2720,1,26.2549226599264,26.2549226599264,100.0
2720,2,37.877031282512625,37.877031282512625,100.0
2730,0,20.500079370264167,20.500079370264167,100.0
2730,1,15.408791836748048,15.408791836748048,100.0
2730,2,64.09112879298779,64.09112879298779,100.0
2740,0,61.11062279916367,61.11062279916367,100.0
2740,1,19.239508106362198,19.239508106362198,100.0
2740,2,19.64986909447414,19.64986909447414,100.0
2750,0,59.95565587850441,59.95565587850441,100.0
2750,1,29.74083607712673,29.74083607712673,100.0
2750,2,10.303508044368856,10.303508044368856,100.0
2760,0,42.30704217846066,42.30704217846066,100.0
2760,1,49.65817210958194,49.65817210958194,100.0
2760,2,8.034785711957399,8.034785711957399,100.0
2770,0,41.302927150095925,41.302927150095925,100.0
2770,1,12.988947456765201,12.988947456765201,100.0
2770,2,45.70812539313887,45.70812539313887,100.0
2780,0,43.00372384440823,43.00372384440823,100.0
2780,1,45.375789695884485,45.375789695884485,100.0
2780,2,11.620486459707283,11.620486459707283,100.0
2790,0,15.225508562118275,15.225508562118275,100.0
2790,1,13.056527445227712,13.056527445227712,100.0
2790,2,71.71796399265402,71.71796399265402,100.0
2800,0,50.593995853419635,50.593995853419635,100.0
2800,1,21.198141432728796,21.198141432728796,100.0
2800,2,28.207862713851572,28.207862713851572,100.0
2810,0,17.863593858564197,17.863593858564197,100.0
2810,1,68.66904972286734,68.66904972286734,100.0
2810,2,13.46735641856846,13.46735641856846,100.0
2820,0,58.138017386110505,58.138017386110505,100.0
2820,1,15.10366281041485,15.10366281041485,100.0
2820,2,26.758319803474645,26.758319803474645,100.0
2830,0,24.061165911600447,24.061165911600447,100.0
2830,1,43.36986221737936,43.36986221737936,100.0
2830,2,32.5689718710202,32.5689718710202,100.0
2840,0,42.96758929663949,42.96758929663949,100.0
2840,1,34.63570149052019,34.63570149052019,100.0
2840,2,22.39670921284033,22.39670921284033,100.0
2850,0,11.629781978305372,11.629781978305372,100.0
2850,1,11.339838575612255,11.339838575612255,100.0
2850,2,77.03037944608238,77.03037944608238,100.0
2860,0,27.130105242777386,27.130105242777386,100.0
2860,1,62.66464299547919,62.66464299547919,100.0
2860,2,10.205251761743416,10.205251761743416,100.0
2870,0,26.975964983119333,26.975964983119333,100.0
2870,1,54.4092342249874,54.4092342249874,100.0
2870,2,18.614800791893256,18.614800791893256,100.0
2880,0,46.10941555297799,46.10941555297799,100.0
2880,1,36.57651385497719,36.57651385497719,100.0
2880,2,17.314070592044814,17.314070592044814,100.0
2890,0,10.853093752847819,10.853093752847819,100.0
2890,1,46.46591027558943,46.46591027558943,100.0
2890,2,42.680995971562766,42.680995971562766,100.0
2900,0,30.386616431948266,30.386616431948266,100.0
2900,1,39.10246199572532,39.10246199572532,100.0
2900,2,30.510921572326417,30.510921572326417,100.0
2910,0,13.793802334666324,13.793802334666324,100.0
2910,1,11.131139653680382,11.131139653680382,100.0
2910,2,75.0750580116533,75.0750580116533,100.0
2920,0,59.50287787127686,59.50287787127686,100.0
2920,1,28.716843545947373,28.716843545947373,100.0
2920,2,11.780278582775777,11.780278582775777,100.0
2930,0,48.36102424071604,48.36102424071604,100.0
2930,1,22.4543108543574,22.4543108543574,100.0
2930,2,29.184664904926557,29.184664904926557,100.0
2940,0,24.413212971218186,24.413212971218186,100.0
2940,1,32.54436092574762,32.54436092574762,100.0
2940,2,43.0424261030342,43.0424261030342,100.0
2950,0,22.6847534856865,22.6847534856865,100.0
2950,1,66.95936330806794,66.95936330806794,100.0
2950,2,10.355883206245576,10.355883206245576,100.0
2960,0,28.353029663996526,28.353029663996526,100.0
2960,1,37.19684822920023,37.19684822920023,100.0
2960,2,34.45012210680324,34.45012210680324,100.0
2970,0,17.049688845890422,17.049688845890422,100.0
2970,1,11.867883067490835,11.867883067490835,100.0
2970,2,71.08242808661875,71.08242808661875,100.0
2980,0,13.862256890961207,13.862256890961207,100.0
2980,1,69.55598320663363,69.55598320663363,100.0
2980,2,16.581759902405175,16.581759902405175,100.0
2990,0,43.90275876671621,43.90275876671621,100.0
2990,1,31.11443910473884,31.11443910473884,100.0
2990,2,24.982802128544954,24.982802128544954,100.0
3000,0,42.21872561940985,42.21872561940985,100.0
3000,1,46.367994472739994,46.367994472739994,100.0
3000,2,11.413279907850155,11.413279907850155,100.0
3010,0,43.83206084077896,43.83206084077896,100.0
3010,1,32.077356713023484,32.077356713023484,100.0
3010,2,24.090582446197555,24.090582446197555,100.0
3020,0,43.151717483572824,43.151717483572824,100.0
3020,1,9.611275505262011,9.611275505262011,100.0
3020,2,47.23700701116517,47.23700701116517,100.0
3030,0,19.097168336928867,19.097168336928867,100.0
3030,1,16.145440041364157,16.145440041364157,100.0
3030,2,64.75739162170697,64.75739162170697,100.0
3040,0,41.67736216618269,41.67736216618269,100.0
3040,1,42.55083636107637,42.55083636107637,100.0
3040,2,15.771801472740933,15.771801472740933,100.0
3050,0,21.111164465610663,21.111164465610663,100.0
3050,1,60.30171128514387,60.30171128514387,100.0
3050,2,18.587124249245484,18.587124249245484,100.0
3060,0,26.951931956435605,26.951931956435605,100.0
3060,1,35.696157461799814,35.696157461799814,100.0
3060,2,37.35191058176458,37.35191058176458,100.0
3070,0,26.24755586734071,26.24755586734071,100.0
3070,1,18.54700493170442,18.54700493170442,100.0
3070,2,55.20543920095488,55.20543920095488,100.0
3080,0,44.32914370979104,44.32914370979104,100.0
3080,1,37.931370257063584,37.931370257063584,100.0
3080,2,17.73948603314536,17.73948603314536,100.0
3090,0,29.888106066303727,29.888106066303727,100.0
3090,1,9.616921094922743,9.616921094922743,100.0
3090,2,60.49497283877353,60.49497283877353,100.0
3100,0,40.37848047464742,40.37848047464742,100.0
3100,1,50.133595206493354,50.133595206493354,100.0
3100,2,9.487924318859237,9.487924318859237,100.0
3110,0,21.818399415916634,21.818399415916634,100.0
3110,1,68.38441499844889,68.38441499844889,100.0
3110,2,9.797185585634477,9.797185585634477,100.0
3120,0,27.281597738458156,27.281597738458156,100.0
3120,1,57.50839762835197,57.50839762835197,100.0
3120,2,15.210004633189863,15.210004633189863,100.0
3130,0,56.545260595612504,56.545260595612504,100.0
3130,1,21.541729141127597,21.541729141127597,100.0
3130,2,21.9130102632599,21.9130102632599,100.0
3140,0,62.026977461625485,62.026977461625485,100.0
3140,1,24.81711275545945,24.81711275545945,100.0
3140,2,13.155909782915066,13.155909782915066,100.0
3150,0,21.666456058249135,21.666456058249135,100.0
3150,1,9.752510734434297,9.752510734434297,100.0
3150,2,68.58103320731657,68.58103320731657,100.0
3160,0,53.25428341622237,53.25428341622237,100.0
3160,1,31.350064173023384,31.350064173023384,100.0
3160,2,15.39565241075426,15.39565241075426,100.0
3170,0,36.9141456805722,36.9141456805722,100.0
3170,1,46.04013938928901,46.04013938928901,100.0
3170,2,17.045714930138796,17.045714930138796,100.0
3180,0,45.8064710550488,45.8064710550488,100.0
3180,1,39.122055487396906,39.122055487396906,100.0
3180,2,15.071473457554301,15.071473457554301,100.0
3190,0,52.292653602829006,52.292653602829006,100.0
3190,1,39.205848260239286,39.205848260239286,100.0
3190,2,8.50149813693171,8.50149813693171,100.0
3200,0,47.20539145550178,47.20539145550178,100.0
3200,1,29.620897443199723,29.620897443199723,100.0
3200,2,23.173711101298505,23.173711101298505,100.0
3210,0,13.591025837309513,13.591025837309513,100.0
3210,1,11.059454165207486,11.059454165207486,100.0
3210,2,75.349519997483,75.349519997483,100.0
3220,0,26.878374886296825,26.878374886296825,100.0
3220,1,29.672905431758057,29.672905431758057,100.0
3220,2,43.44871968194512,43.44871968194512,100.0
3230,0,33.413880286918584,33.413880286918584,100.0
3230,1,48.94147695330916,48.94147695330916,100.0
3230,2,17.64464275977226,17.64464275977226,100.0
3240,0,69.93323401507912,69.93323401507912,100.0
3240,1,11.240142988685104,11.240142988685104,100.0
3240,2,18.826622996235763,18.826622996235763,100.0
3250,0,19.986463982114486,19.986463982114486,100.0
3250,1,56.96631673105229,56.96631673105229,100.0
3250,2,23.047219286833226,23.047219286833226,100.0
3260,0,46.95381825927184,46.95381825927184,100.0
3260,1,33.16030975426267,33.16030975426267,100.0
3260,2,19.885871986465496,19.885871986465496,100.0
3270,0,37.021710752697686,37.021710752697686,100.0
3270,1,8.124073313618114,8.124073313618114,100.0
3270,2,54.854215933684195,54.854215933684195,100.0
3280,0,40.20703270131577,40.20703270131577,100.0
3280,1,34.41775859785087,34.41775859785087,100.0
3280,2,25.37520870083337,25.37520870083337,100.0
3290,0,30.476158507932993,30.476158507932993,100.0
3290,1,43.27846952166527,43.27846952166527,100.0
3290,2,26.24537197040172,26.24537197040172,100.0
3300,0,73.41611450561712,73.41611450561712,100.0
3300,1,15.216454007583529,15.216454007583529,100.0
3300,2,11.36743148679936,11.36743148679936,100.0
3310,0,54.331856567602564,54.331856567602564,100.0
3310,1,24.76315556710879,24.76315556710879,100.0
3310,2,20.904987865288653,20.904987865288653,100.0
3320,0,55.31978576078599,55.31978576078599,100.0
3320,1,14.225122147255338,14.225122147255338,100.0
3320,2,30.45509209195868,30.45509209195868,100.0
3330,0,13.526766131380022,13.526766131380022,100.0
3330,1,13.742692576225151,13.742692576225151,100.0
3330,2,72.73054129239483,72.73054129239483,100.0
3340,0,39.35753786928352,39.35753786928352,100.0
3340,1,35.733141064867546,35.733141064867546,100.0
3340,2,24.909321065848935,24.909321065848935,100.0
3350,0,35.378464737022306,35.378464737022306,100.0
3350,1,54.94766400885008,54.94766400885008,100.0
3350,2,9.67387125412763,9.67387125412763,100.0
3360,0,20.998682968579597,20.998682968579597,100.0
3360,1,59.1894526918817,59.1894526918817,100.0
3360,2,19.811864339538705,19.811864339538705,100.0
3370,0,53.8551272443051,53.8551272443051,100.0
3370,1,10.925823778266105,10.925823778266105,100.0
3370,2,35.2190489774288,35.2190489774288,100.0
3380,0,19.32248186990145,19.32248186990145,100.0
3380,1,43.68375308479367,43.68375308479367,100.0
3380,2,36.993765045304876,36.993765045304876,100.0
3390,0,17.94153902725322,17.94153902725322,100.0
3390,1,17.316540826051174,17.316540826051174,100.0
3390,2,64.74192014669562,64.74192014669562,100.0
3400,0,43.300462174674365,43.300462174674365,100.0
3400,1,44.500374790506086,44.500374790506086,100.0
3400,2,12.199163034819545,12.199163034819545,100.0
3410,0,42.44166432359101,42.44166432359101,100.0
3410,1,35.43380017334332,35.43380017334332,100.0
3410,2,22.12453550306567,22.12453550306567,100.0
3420,0,38.98939704453671,38.98939704453671,100.0
3420,1,52.03037061765373,52.03037061765373,100.0
3420,2,8.980232337809568,8.980232337809568,100.0
3430,0,40.41331776615353,40.41331776615353,100.0
3430,1,16.938304901089435,16.938304901089435,100.0
3430,2,42.64837733275703,42.64837733275703,100.0
3440,0,19.52184399747101,19.52184399747101,100.0
3440,1,46.18118792003016,46.18118792003016,100.0
3440,2,34.29696808249883,34.29696808249883,100.0
3450,0,12.358722456434993,12.358722456434993,100.0
3450,1,14.856493224482003,14.856493224482003,100.0
3450,2,72.784784319083,72.784784319083,100.0
3460,0,25.987963738795006,25.987963738795006,100.0
3460,1,50.54608366592325,50.54608366592325,100.0
3460,2,23.465952595281752,23.465952595281752,100.0
3470,0,40.41960821473972,40.41960821473972,100.0
3470,1,44.81378319624748,44.81378319624748,100.0
3470,2,14.766608589012801,14.766608589012801,100.0
3480,0,17.005401400789804,17.005401400789804,100.0
3480,1,29.14688138833221,29.14688138833221,100.0
3480,2,53.84771721087799,53.84771721087799,100.0
3490,0,28.794546755987554,28.794546755987554,100.0
3490,1,50.964667684007615,50.964667684007615,100.0
3490,2,20.24078556000484,20.24078556000484,100.0
3500,0,41.72249412798239,41.72249412798239,100.0
3500,1,12.877494665364924,12.877494665364924,100.0
3500,2,45.4000112066527,45.4000112066527,100.0
3510,0,12.104806068033042,12.104806068033042,100.0
3510,1,11.724239764225226,11.724239764225226,100.0
3510,2,76.17095416774174,76.17095416774174,100.0
3520,0,43.38259371568192,43.38259371568192,100.0
3520,1,47.164293808170015,47.164293808170015,100.0
3520,2,9.45311247614806,9.45311247614806,100.0
3530,0,30.518289781426667,30.518289781426667,100.0
3530,1,35.898916091912014,35.898916091912014,100.0
3530,2,33.58279412666131,33.58279412666131,100.0
3540,0,47.44137355036514,47.44137355036514,100.0
3540,1,33.902141108472705,33.902141108472705,100.0
3540,2,18.656485341162153,18.656485341162153,100.0
3550,0,47.11472562460842,47.11472562460842,100.0
3550,1,26.80251279736281,26.80251279736281,100.0
3550,2,26.08276157802878,26.08276157802878,100.0
3560,0,51.85464058547085,51.85464058547085,100.0
3560,1,27.93120437614698,27.93120437614698,100.0
3560,2,20.214155038382188,20.214155038382188,100.0
3570,0,12.593431499240518,12.593431499240518,100.0
3570,1,11.89497191167042,11.89497191167042,100.0
3570,2,75.51159658908905,75.51159658908905,100.0
3580,0,25.781803744923177,25.781803744923177,100.0
3580,1,50.23535692580865,50.23535692580865,100.0
3580,2,23.982839329268167,23.982839329268167,100.0
3590,0,35.12850333221557,35.12850333221557,100.0
3590,1,13.894720709714864,13.894720709714864,100.0
3590,2,50.976775958069574,50.976775958069574,100.0
3600,0,53.23164710327255,53.23164710327255,100.0
3600,1,30.0538359842995,30.0538359842995,100.0
3600,2,16.714516912427946,16.714516912427946,100.0
3610,0,40.479199134173555,40.479199134173555,100.0
3610,1,49.24325605214872,49.24325605214872,100.0
3610,2,10.277544813677707,10.277544813677707,100.0
3620,0,51.97647916403733,51.97647916403733,100.0
3620,1,18.405856587020228,18.405856587020228,100.0
3620,2,29.617664248942443,29.617664248942443,100.0
3630,0,19.96747039863706,19.96747039863706,100.0
3630,1,15.340723735260786,15.340723735260786,100.0
3630,2,64.69180586610214,64.69180586610214,100.0
3640,0,48.8977650347071,48.8977650347071,100.0
3640,1,40.301981151488455,40.301981151488455,100.0
3640,2,10.800253813804444,10.800253813804444,100.0
3650,0,11.50363563039494,11.50363563039494,100.0
3650,1,47.59778504378766,47.59778504378766,100.0
3650,2,40.8985793258174,40.8985793258174,100.0
3660,0,23.23486653256891,23.23486653256891,100.0
3660,1,48.82416633155729,48.82416633155729,100.0
3660,2,27.9409671358738,27.9409671358738,100.0
3670,0,54.16315419935126,54.16315419935126,100.0
3670,1,9.233163515466964,9.233163515466964,100.0
3670,2,36.60368228518178,36.60368228518178,100.0
3680,0,31.06092882913919,31.06092882913919,100.0
3680,1,14.907230892632734,14.907230892632734,100.0
3680,2,54.031840278228074,54.031840278228074,100.0
3690,0,12.215464511625495,12.215464511625495,100.0
3690,1,12.140304282842578,12.140304282842578,100.0
3690,2,75.64423120553192,75.64423120553192,100.0
3700,0,52.40782427273568,52.40782427273568,100.0
3700,1,15.42014813996944,15.42014813996944,100.0
3700,2,32.172027587294885,32.172027587294885,100.0
3710,0,29.206645330899523,29.206645330899523,100.0
3710,1,57.55473111750339,57.55473111750339,100.0
3710,2,13.238623551597092,13.238623551597092,100.0
3720,0,29.2255324378974,29.2255324378974,100.0
3720,1,41.648283311699565,41.648283311699565,100.0
3720,2,29.126184250403046,29.126184250403046,100.0
3730,0,36.251284852695505,36.251284852695505,100.0
3730,1,48.054963486431085,48.054963486431085,100.0
3730,2,15.693751660873417,15.693751660873417,100.0
3740,0,54.28542156161627,54.28542156161627,100.0
3740,1,28.06877917544729,28.06877917544729,100.0
3740,2,17.645799262936443,17.645799262936443,100.0
3750,0,29.767750022785716,29.767750022785716,100.0
3750,1,10.490926033902506,10.490926033902506,100.0
3750,2,59.74132394331178,59.74132394331178,100.0
3760,0,58.97457322128474,58.97457322128474,100.0
3760,1,17.430145513900012,17.430145513900012,100.0
3760,2,23.595281264815252,23.595281264815252,100.0
3770,0,59.197222871924126,59.197222871924126,100.0
3770,1,24.279133655881292,24.279133655881292,100.0
3770,2,16.52364347219458,16.52364347219458,100.0
3780,0,41.32651503388857,41.32651503388857,100.0
3780,1,36.290178327786975,36.290178327786975,100.0
3780,2,22.383306638324463,22.383306638324463,100.0
3790,0,27.24300933014316,27.24300933014316,100.0
3790,1,58.9506955467748,58.9506955467748,100.0
3790,2,13.80629512308205,13.80629512308205,100.0
3800,0,26.736671327071797,26.736671327071797,100.0
3800,1,51.48827568470787,51.48827568470787,100.0
3800,2,21.77505298822034,21.77505298822034,100.0
3810,0,23.69186928501241,23.69186928501241,100.0
3810,1,9.944892975418961,9.944892975418961,100.0
3810,2,66.36323773956863,66.36323773956863,100.0
3820,0,18.95876155778757,18.95876155778757,100.0
3820,1,65.15855232316918,65.15855232316918,100.0
3820,2,15.88268611904326,15.88268611904326,100.0
3830,0,30.80223674117539,30.80223674117539,100.0
3830,1,47.9422120361256,47.9422120361256,100.0
3830,2,21.25555122269901,21.25555122269901,100.0
3840,0,39.02911179008142,39.02911179008142,100.0
3840,1,27.6762166653509,27.6762166653509,100.0
3840,2,33.294671544567684,33.294671544567684,100.0
3850,0,23.586063490188412,23.586063490188412,100.0
3850,1,54.73094214803101,54.73094214803101,100.0
3850,2,21.68299436178057,21.68299436178057,100.0
3860,0,28.212250618069646,28.212250618069646,100.0
3860,1,52.0025196508041,52.0025196508041,100.0
3860,2,19.785229731126254,19.785229731126254,100.0
3870,0,12.147270232818496,12.147270232818496,100.0
3870,1,14.148743820179769,14.148743820179769,100.0
3870,2,73.70398594700174,73.70398594700174,100.0
3880,0,18.48926198638215,18.48926198638215,100.0
3880,1,68.74362178913641,68.74362178913641,100.0
3880,2,12.76711622448144,12.76711622448144,100.0
3890,0,24.388802602502093,24.388802602502093,100.0
3890,1,47.13984095877382,47.13984095877382,100.0
3890,2,28.471356438724094,28.471356438724094,100.0
3900,0,43.897352541899956,43.897352541899956,100.0
3900,1,36.73995013461174,36.73995013461174,100.0
3900,2,19.362697323488305,19.362697323488305,100.0
3910,0,24.32020235962449,24.32020235962449,100.0
3910,1,50.56865975784726,50.56865975784726,100.0
3910,2,25.111137882528254,25.111137882528254,100.0
3920,0,42.639041594435476,42.639041594435476,100.0
3920,1,42.08596293487739,42.08596293487739,100.0
3920,2,15.274995470687136,15.274995470687136,100.0
3930,0,31.441716050079243,31.441716050079243,100.0
3930,1,10.034974390843932,10.034974390843932,100.0
3930,2,58.52330955907682,58.52330955907682,100.0
3940,0,23.511983688336926,23.511983688336926,100.0
3940,1,54.506180394592796,54.506180394592796,100.0
3940,2,21.981835917070274,21.981835917070274,100.0
3950,0,28.076754220457328,28.076754220457328,100.0
3950,1,43.68068787462088,43.68068787462088,100.0
3950,2,28.24255790492178,28.24255790492178,100.0
3960,0,16.22680169841506,16.22680169841506,100.0
3960,1,68.65531509602638,68.65531509602638,100.0
3960,2,15.117883205558561,15.117883205558561,100.0
3970,0,24.196457026146152,24.196457026146152,100.0
3970,1,45.968764911960825,45.968764911960825,100.0
3970,2,29.834778061893015,29.834778061893015,100.0
3980,0,20.70191928239497,20.70191928239497,100.0
3980,1,38.1779359392716,38.1779359392716,100.0
3980,2,41.12014477833343,41.12014477833343,100.0
3990,0,24.850013791811364,24.850013791811364,100.0
3990,1,9.687946815805294,9.687946815805294,100.0
3990,2,65.46203939238335,65.46203939238335,100.0
4000,0,41.092783324704065,41.092783324704065,100.0
4000,1,15.1792570877187,15.1792570877187,100.0
4000,2,43.72795958757723,43.72795958757723,100.0
4010,0,40.20145538802084,40.20145538802084,100.0
4010,1,14.041206317198936,14.041206317198936,100.0
4010,2,45.75733829478023,45.75733829478023,100.0
4020,0,42.150916331290624,42.150916331290624,100.0
4020,1,13.11352498959502,13.11352498959502,100.0
4020,2,44.73555867911437,44.73555867911437,100.0
4030,0,19.54578457117875,19.54578457117875,100.0
4030,1,27.28298896586299,27.28298896586299,100.0
4030,2,53.17122646295825,53.17122646295825,100.0
4040,0,46.429491492040356,46.429491492040356,100.0
4040,1,20.077985226815166,20.077985226815166,100.0
4040,2,33.49252328114448,33.49252328114448,100.0
4050,0,12.484453111637604,12.484453111637604,100.0
4050,1,12.251566664114844,12.251566664114844,100.0
4050,2,75.26398022424756,75.26398022424756,100.0
4060,0,36.66405657990197,36.66405657990197,100.0
4060,1,22.62671138612103,22.62671138612103,100.0
4060,2,40.709232033977,40.709232033977,100.0
4070,0,22.506991706825005,22.506991706825005,100.0
4070,1,21.16574439906523,21.16574439906523,100.0
4070,2,56.32726389410977,56.32726389410977,100.0
4080,0,17.870870262210452,17.870870262210452,100.0
4080,1,39.07210722060018,39.07210722060018,100.0
4080,2,43.057022517189374,43.057022517189374,100.0
4090,0,30.18735750602656,30.18735750602656,100.0
4090,1,15.048843859384617,15.048843859384617,100.0
4090,2,54.763798634588824,54.763798634588824,100.0
4100,0,31.383869163865196,31.383869163865196,100.0
4100,1,28.989259203979913,28.989259203979913,100.0
4100,2,39.626871632154895,39.626871632154895,100.0
4110,0,12.562545474970966,12.562545474970966,100.0
4110,1,11.659170086949029,11.659170086949029,100.0
4110,2,75.77828443808001,75.77828443808001,100.0
4120,0,26.69942111720062,26.69942111720062,100.0
4120,1,61.51127110797171,61.51127110797171,100.0
4120,2,11.789307774827678,11.789307774827678,100.0
4130,0,31.496304774551675,31.496304774551675,100.0
4130,1,39.771296156619876,39.771296156619876,100.0
4130,2,28.732399068828446,28.732399068828446,100.0
4140,0,51.97218847495252,51.97218847495252,100.0
4140,1,32.741066697093224,32.741066697093224,100.0
4140,2,15.286744827954255,15.286744827954255,100.0
4150,0,44.404590371696386,44.404590371696386,100.0
4150,1,31.736133211175922,31.736133211175922,100.0
4150,2,23.8592764171277,23.8592764171277,100.0
4160,0,48.0849090585651,48.0849090585651,100.0
4160,1,38.126265373884024,38.126265373884024,100.0
4160,2,13.788825567550866,13.788825567550866,100.0
4170,0,14.254180580717613,14.254180580717613,100.0
4170,1,13.069893162194612,13.069893162194612,100.0
4170,2,72.67592625708778,72.67592625708778,100.0
4180,0,48.646864680515826,48.646864680515826,100.0
4180,1,20.341541994408942,20.341541994408942,100.0
4180,2,31.011593325075232,31.011593325075232,100.0
4190,0,43.50319260964592,43.50319260964592,100.0
4190,1,38.1574301982052,38.1574301982052,100.0
4190,2,18.33937719214888,18.33937719214888,100.0
4200,0,13.119219684351313,13.119219684351313,100.0
4200,1,31.369355521038973,31.369355521038973,100.0
4200,2,55.51142479460971,55.51142479460971,100.0
4210,0,15.335098373331816,15.335098373331816,100.0
4210,1,42.489448363078616,42.489448363078616,100.0
4210,2,42.17545326358957,42.17545326358957,100.0
4220,0,17.206244847353688,17.206244847353688,100.0
4220,1,59.507741776237744,59.507741776237744,100.0
4220,2,23.28601337640857,23.28601337640857,100.0
4230,0,10.862167414142819,10.862167414142819,100.0
4230,1,13.617828048628564,13.617828048628564,100.0
4230,2,75.52000453722863,75.52000453722863,100.0
4240,0,45.908017458196355,45.908017458196355,100.0
4240,1,46.65028730411895,46.65028730411895,100.0
4240,2,7.4416952376847005,7.4416952376847005,100.0
4250,0,46.46854766800166,46.46854766800166,100.0
4250,1,36.875897603332305,36.875897603332305,100.0
4250,2,16.65555472866604,16.65555472866604,100.0
4260,0,64.43651160089952,64.43651160089952,100.0
4260,1,26.101007935091385,26.101007935091385,100.0
4260,2,9.46248046400911,9.46248046400911,100.0
4270,0,66.49433777797238,66.49433777797238,100.0
4270,1,20.681338922925114,20.681338922925114,100.0
4270,2,12.824323299102518,12.824323299102518,100.0
4280,0,31.136536310798636,31.136536310798636,100.0
4280,1,22.429087811950748,22.429087811950748,100.0
4280,2,46.43437587725061,46.43437587725061,100.0
4290,0,16.233235781712775,16.233235781712775,100.0
4290,1,15.126756206452214,15.126756206452214,100.0
4290,2,68.64000801183502,68.64000801183502,100.0
4300,0,43.51926161152583,43.51926161152583,100.0
4300,1,46.94476739667378,46.94476739667378,100.0
4300,2,9.535970991800392,9.535970991800392,100.0
4310,0,52.11013396088203,52.11013396088203,100.0
4310,1,22.082840508902173,22.082840508902173,100.0
4310,2,25.80702553021579,25.80702553021579,100.0
4320,0,24.74035125637376,24.74035125637376,100.0
4320,1,34.31736023820675,34.31736023820675,100.0
4320,2,40.942288505419484,40.942288505419484,100.0
4330,0,13.742531578085943,13.742531578085943,100.0
4330,1,31.535298320220704,31.535298320220704,100.0
4330,2,54.72217010169336,54.72217010169336,100.0
4340,0,32.663876142418424,32.663876142418424,100.0
4340,1,19.15036951409918,19.15036951409918,100.0
4340,2,48.185754343482394,48.185754343482394,100.0
4350,0,14.568885168750882,14.568885168750882,100.0
4350,1,13.903949846770164,13.903949846770164,100.0
4350,2,71.52716498447896,71.52716498447896,100.0
4360,0,29.974648004717473,29.974648004717473,100.0
4360,1,51.253876668305274,51.253876668305274,100.0
4360,2,18.77147532697725,18.77147532697725,100.0
4370,0,43.42487477419106,43.42487477419106,100.0
4370,1,46.99320326583547,46.99320326583547,100.0
4370,2,9.581921959973466,9.581921959973466,100.0
4380,0,34.95649745653427,34.95649745653427,100.0
4380,1,42.69819127107045,42.69819127107045,100.0
4380,2,22.34531127239529,22.34531127239529,100.0
4390,0,24.20165099752048,24.20165099752048,100.0
4390,1,35.98401846624312,35.98401846624312,100.0
4390,2,39.81433053623639,39.81433053623639,100.0
4400,0,74.75598917219483,74.75598917219483,100.0
4400,1,13.724429544273391,13.724429544273391,100.0
4400,2,11.519581283531787,11.519581283531787,100.0
4410,0,19.00566802542986,19.00566802542986,100.0
4410,1,12.121059807368685,12.121059807368685,100.0
4410,2,68.87327216720146,68.87327216720146,100.0
4420,0,24.10871066366182,24.10871066366182,100.0
4420,1,29.356283214753976,29.356283214753976,100.0
4420,2,46.535006121584196,46.535006121584196,100.0
4430,0,38.425686552033426,38.425686552033426,100.0
4430,1,18.437197553327998,18.437197553327998,100.0
4430,2,43.13711589463858,43.13711589463858,100.0
4440,0,44.14920141726875,44.14920141726875,100.0
4440,1,34.81094790705485,34.81094790705485,100.0
4440,2,21.0398506756764,21.0398506756764,100.0
4450,0,54.64812892333762,54.64812892333762,100.0
4450,1,31.09155750465496,31.09155750465496,100.0
4450,2,14.26031357200742,14.26031357200742,100.0
4460,0,49.68705846875663,49.68705846875663,100.0
4460,1,14.03077828329184,14.03077828329184,100.0
4460,2,36.28216324795154,36.28216324795154,100.0
4470,0,12.271805043203917,12.271805043203917,100.0
4470,1,12.14779204639109,12.14779204639109,100.0
4470,2,75.580402910405,75.580402910405,100.0
4480,0,55.34857576030889,55.34857576030889,100.0
4480,1,33.20036755185781,33.20036755185781,100.0
4480,2,11.451056687833294,11.451056687833294,100.0
4490,0,56.01952055882278,56.01952055882278,100.0
4490,1,29.021921818739884,29.021921818739884,100.0
4490,2,14.958557622437338,14.958557622437338,100.0
4500,0,18.647258294255384,18.647258294255384,100.0
4500,1,62.949911897463416,62.949911897463416,100.0
4500,2,18.40282980828119,18.40282980828119,100.0
4510,0,63.61667953443374,63.61667953443374,100.0
4510,1,19.94797224253172,19.94797224253172,100.0
4510,2,16.435348223034552,16.435348223034552,100.0
4520,0,28.168627430114913,28.168627430114913,100.0
4520,1,30.719265046443322,30.719265046443322,100.0
4520,2,41.11210752344177,41.11210752344177,100.0
4530,0,11.342783362688701,11.342783362688701,100.0
4530,1,11.158388090634269,11.158388090634269,100.0
4530,2,77.49882854667703,77.49882854667703,100.0
4540,0,30.04576676955766,30.04576676955766,100.0
4540,1,49.43676058820338,49.43676058820338,100.0
4540,2,20.517472642238967,20.517472642238967,100.0
4550,0,18.788850191615502,18.788850191615502,100.0
4550,1,38.47233024363534,38.47233024363534,100.0
4550,2,42.73881956474915,42.73881956474915,100.0
4560,0,52.19134779711963,52.19134779711963,100.0
4560,1,11.587783136053512,11.587783136053512,100.0
4560,2,36.22086906682685,36.22086906682685,100.0
4570,0,65.17444480425644,65.17444480425644,100.0
4570,1,17.722748912623203,17.722748912623203,100.0
4570,2,17.10280628312036,17.10280628312036,100.0
4580,0,67.22230920099291,67.22230920099291,100.0
4580,1,15.111004763392188,15.111004763392188,100.0
4580,2,17.666686035614894,17.666686035614894,100.0
4590,0,12.358672678987698,12.358672678987698,100.0
4590,1,11.705315176747519,11.705315176747519,100.0
4590,2,75.93601214426478,75.93601214426478,100.0
4600,0,33.048049195122275,33.048049195122275,100.0
4600,1,34.350634907118035,34.350634907118035,100.0
4600,2,32.60131589775968,32.60131589775968,100.0
4610,0,34.52138379653387,34.52138379653387,100.0
4610,1,13.722831598565602,13.722831598565602,100.0
4610,2,51.75578460490053,51.75578460490053,100.0
4620,0,39.17480309548745,39.17480309548745,100.0
4620,1,33.49575140751382,33.49575140751382,100.0
4620,2,27.329445496998733,27.329445496998733,100.0
4630,0,24.818222104376048,24.818222104376048,100.0
4630,1,62.55612799188025,62.55612799188025,100.0
4630,2,12.625649903743714,12.625649903743714,100.0
4640,0,36.34441703396411,36.34441703396411,100.0
4640,1,27.936846367078427,27.936846367078427,100.0
4640,2,35.71873659895745,35.71873659895745,100.0
4650,0,11.636996303671374,11.636996303671374,100.0
4650,1,11.896285516759757,11.896285516759757,100.0
4650,2,76.46671817956886,76.46671817956886,100.0
4660,0,52.333837107260116,52.333837107260116,100.0
4660,1,32.69577766518197,32.69577766518197,100.0
4660,2,14.970385227557909,14.970385227557909,100.0
4670,0,26.460856613504184,26.460856613504184,100.0
4670,1,58.04605912725032,58.04605912725032,100.0
4670,2,15.493084259245492,15.493084259245492,100.0
4680,0,58.40553320818158,58.40553320818158,100.0
4680,1,30.73986821873381,30.73986821873381,100.0
4680,2,10.854598573084614,10.854598573084614,100.0
4690,0,39.106777282441286,39.106777282441286,100.0
4690,1,15.221184664759646,15.221184664759646,100.0
4690,2,45.672038052799074,45.672038052799074,100.0
4700,0,47.64362066315331,47.64362066315331,100.0
4700,1,31.999380833828916,31.999380833828916,100.0
4700,2,20.356998503017778,20.356998503017778,100.0
4710,0,17.461094135495024,17.461094135495024,100.0
4710,1,10.177247003060822,10.177247003060822,100.0
4710,2,72.36165886144416,72.36165886144416,100.0
4720,0,28.229636369695584,28.229636369695584,100.0
4720,1,59.795377182050046,59.795377182050046,100.0
4720,2,11.974986448254366,11.974986448254366,100.0
4730,0,23.0395891426452,23.0395891426452,100.0
4730,1,54.031669146104,54.031669146104,100.0
4730,2,22.928741711250794,22.928741711250794,100.0
4740,0,32.36582847288958,32.36582847288958,100.0
4740,1,33.520626229322176,33.520626229322176,100.0
4740,2,34.11354529778824,34.11354529778824,100.0
4750,0,20.573182678683146,20.573182678683146,100.0
4750,1,55.18441170491176,55.18441170491176,100.0
4750,2,24.242405616405087,24.242405616405087,100.0
4760,0,35.2130039358989,35.2130039358989,100.0
4760,1,50.53031598124122,50.53031598124122,100.0
4760,2,14.25668008285989,14.25668008285989,100.0
4770,0,12.814736367753163,12.814736367753163,100.0
4770,1,12.65056869500581,12.65056869500581,100.0
4770,2,74.53469493724103,74.53469493724103,100.0
4780,0,28.341090004063485,28.341090004063485,100.0
4780,1,22.347121640591077,22.347121640591077,100.0
4780,2,49.311788355345435,49.311788355345435,100.0
4790,0,18.6833692553172,18.6833692553172,100.0
4790,1,40.20204247935655,40.20204247935655,100.0
4790,2,41.114588265326255,41.114588265326255,100.0
4800,0,36.64464734915714,36.64464734915714,100.0
4800,1,35.356204267711924,35.356204267711924,100.0
4800,2,27.999148383130944,27.999148383130944,100.0
4810,0,51.90376604536387,51.90376604536387,100.0
4810,1,23.02003652292929,23.02003652292929,100.0
4810,2,25.076197431706852,25.076197431706852,100.0
4820,0,40.217521450467345,40.217521450467345,100.0
4820,1,16.293006230679456,16.293006230679456,100.0
4820,2,43.48947231885319,43.48947231885319,100.0
4830,0,19.692777294319374,19.692777294319374,100.0
4830,1,11.763063207814424,11.763063207814424,100.0
4830,2,68.5441594978662,68.5441594978662,100.0
4840,0,37.022575165807275,37.022575165807275,100.0
4840,1,36.263999655566124,36.263999655566124,100.0
4840,2,26.713425178626597,26.713425178626597,100.0
4850,0,8.894702396971432,8.894702396971432,100.0
4850,1,40.849771112036905,40.849771112036905,100.0
4850,2,50.25552649099166,50.25552649099166,100.0
4860,0,48.80674820891608,48.80674820891608,100.0
4860,1,17.909001892888497,17.909001892888497,100.0
4860,2,33.28424989819541,33.28424989819541,100.0
4870,0,67.14449222783998,67.14449222783998,100.0
4870,1,20.680332428363645,20.680332428363645,100.0
4870,2,12.175175343796377,12.175175343796377,100.0
4880,0,37.41062644558853,37.41062644558853,100.0
4880,1,33.14221793185074,33.14221793185074,100.0
4880,2,29.447155622560732,29.447155622560732,100.0
4890,0,11.577441948754077,11.577441948754077,100.0
4890,1,11.697030914726868,11.697030914726868,100.0
4890,2,76.72552713651906,76.72552713651906,100.0
4900,0,53.73159851679756,53.73159851679756,100.0
4900,1,30.57534442835465,30.57534442835465,100.0
4900,2,15.693057054847781,15.693057054847781,100.0
4910,0,51.145420054913245,51.145420054913245,100.0
4910,1,36.310610731062155,36.310610731062155,100.0
4910,2,12.543969214024598,12.543969214024598,100.0
4920,0,44.58402132828466,44.58402132828466,100.0
4920,1,37.04334703165505,37.04334703165505,100.0
4920,2,18.3726316400603,18.3726316400603,100.0
4930,0,53.91999295293698,53.91999295293698,100.0
4930,1,28.806961712988937,28.806961712988937,100.0
4930,2,17.27304533407408,17.27304533407408,100.0
4940,0,17.77851751683578,17.77851751683578,100.0
4940,1,15.4105244791762,15.4105244791762,100.0
4940,2,66.81095800398803,66.81095800398803,100.0
4950,0,15.224243814857086,15.224243814857086,100.0
4950,1,12.568503116642063,12.568503116642063,100.0
4950,2,72.20725306850085,72.20725306850085,100.0
4960,0,20.92196050790572,20.92196050790572,100.0
4960,1,20.92902309780197,20.92902309780197,100.0
4960,2,58.14901639429232,58.14901639429232,100.0
4970,0,41.84619635955296,41.84619635955296,100.0
4970,1,21.48445198501874,21.48445198501874,100.0
4970,2,36.66935165542831,36.66935165542831,100.0
4980,0,65.39130404364471,65.39130404364471,100.0
4980,1,15.092859850008178,15.092859850008178,100.0
4980,2,19.515836106347127,19.515836106347127,100.0
4990,0,30.90992307215371,30.90992307215371,100.0
4990,1,45.70113510469364,45.70113510469364,100.0
4990,2,23.38894182315264,23.38894182315264,100.0
5000,0,20.672857643348824,20.672857643348824,100.0
5000,1,63.10771570171333,63.10771570171333,100.0
5000,2,16.219426654937855,16.219426654937855,100.0
5010,0,12.058666528764435,12.058666528764435,100.0
5010,1,10.810927072637718,10.810927072637718,100.0
5010,2,77.13040639859786,77.13040639859786,100.0
5020,0,19.017903413711426,19.017903413711426,100.0
5020,1,34.16626777072697,34.16626777072697,100.0
5020,2,46.81582881556161,46.81582881556161,100.0
5030,0,37.02562426538349,37.02562426538349,100.0
5030,1,41.76479307902517,41.76479307902517,100.0
5030,2,21.209582655591337,21.209582655591337,100.0
5040,0,61.90223382660529,61.90223382660529,100.0
5040,1,14.730333022497799,14.730333022497799,100.0
5040,2,23.36743315089691,23.36743315089691,100.0
5050,0,26.508044677304245,26.508044677304245,100.0
5050,1,53.1237351478975,53.1237351478975,100.0
5050,2,20.368220174798253,20.368220174798253,100.0
5060,0,23.671871449659548,23.671871449659548,100.0
5060,1,35.312210469883105,35.312210469883105,100.0
5060,2,41.015918080457354,41.015918080457354,100.0
5070,0,13.122034114515374,13.122034114515374,100.0
5070,1,12.518915309721724,12.518915309721724,100.0
5070,2,74.3590505757629,74.3590505757629,100.0
5080,0,40.30822036505031,40.30822036505031,100.0
5080,1,29.0396587400868,29.0396587400868,100.0
5080,2,30.652120894862882,30.652120894862882,100.0
5090,0,24.804530819879687,24.804530819879687,100.0
5090,1,42.44485942906719,42.44485942906719,100.0
5090,2,32.75060975105311,32.75060975105311,100.0
5100,0,32.35311787435345,32.35311787435345,100.0
5100,1,34.010241867510416,34.010241867510416,100.0
5100,2,33.63664025813613,33.63664025813613,100.0
5110,0,26.7174621929914,26.7174621929914,100.0
5110,1,36.52698108700436,36.52698108700436,100.0
5110,2,36.75555672000424,36.75555672000424,100.0
5120,0,38.11540025105231,38.11540025105231,100.0
5120,1,37.98660199039545,37.98660199039545,100.0
5120,2,23.89799775855225,23.89799775855225,100.0
5130,0,19.00512362332523,19.00512362332523,100.0
5130,1,11.0011011705863,11.0011011705863,100.0
5130,2,69.99377520608847,69.99377520608847,100.0
5140,0,38.866044797258056,38.866044797258056,100.0
5140,1,30.12751462597932,30.12751462597932,100.0
5140,2,31.00644057676263,31.00644057676263,100.0
5150,0,18.744547164482025,18.744547164482025,100.0
5150,1,61.33935440897349,61.33935440897349,100.0
5150,2,19.916098426544483,19.916098426544483,100.0
5160,0,47.919872245346404,47.919872245346404,100.0
5160,1,39.31853844857603,39.31853844857603,100.0
5160,2,12.761589306077564,12.761589306077564,100.0
5170,0,10.085415214596871,10.085415214596871,100.0
5170,1,63.719625551865064,63.719625551865064,100.0
5170,2,26.19495923353806,26.19495923353806,100.0
5180,0,29.123181078223926,29.123181078223926,100.0
5180,1,34.50460433627835,34.50460433627835,100.0
5180,2,36.37221458549772,36.37221458549772,100.0
5190,0,12.996401289626352,12.996401289626352,100.0
5190,1,13.569887715959336,13.569887715959336,100.0
5190,2,73.43371099441433,73.43371099441433,100.0
5200,0,59.8390300904797,59.8390300904797,100.0
5200,1,11.81521393904469,11.81521393904469,100.0
5200,2,28.345755970475604,28.345755970475604,100.0
5210,0,12.079711416511095,12.079711416511095,100.0
5210,1,72.9661818482356,72.9661818482356,100.0
5210,2,14.954106735253292,14.954106735253292,100.0
5220,0,32.7580510096908,32.7580510096908,100.0
5220,1,43.165939671936385,43.165939671936385,100.0
5220,2,24.0760093183728,24.0760093183728,100.0
5230,0,48.99554225140826,48.99554225140826,100.0
5230,1,40.563430582618345,40.563430582618345,100.0
5230,2,10.441027165973393,10.441027165973393,100.0
5240,0,23.065269707325093,23.065269707325093,100.0
5240,1,46.82059018590989,46.82059018590989,100.0
5240,2,30.114140106765014,30.114140106765014,100.0
5250,0,13.098560302782206,13.098560302782206,100.0
5250,1,11.96501468248731,11.96501468248731,100.0
5250,2,74.93642501473049,74.93642501473049,100.0
5260,0,36.87690747849911,36.87690747849911,100.0
5260,1,17.090755987065965,17.090755987065965,100.0
5260,2,46.03233653443493,46.03233653443493,100.0
5270,0,40.77899374864248,40.77899374864248,100.0
5270,1,10.566602031986795,10.566602031986795,100.0
5270,2,48.65440421937073,48.65440421937073,100.0
5280,0,14.840808512462175,14.840808512462175,100.0
5280,1,47.769687370735106,47.769687370735106,100.0
5280,2,37.389504116802726,37.389504116802726,100.0
5290,0,8.422419130572429,8.422419130572429,100.0
5290,1,49.82277011115326,49.82277011115326,100.0
5290,2,41.754810758274324,41.754810758274324,100.0
5300,0,43.21362812347263,43.21362812347263,100.0
5300,1,41.86956501786928,41.86956501786928,100.0
5300,2,14.916806858658097,14.916806858658097,100.0
5310,0,12.415064241782044,12.415064241782044,100.0
5310,1,11.426478734938474,11.426478734938474,100.0
5310,2,76.15845702327948,76.15845702327948,100.0
5320,0,40.31885669502779,40.31885669502779,100.0
5320,1,37.16324249660205,37.16324249660205,100.0
5320,2,22.517900808370154,22.517900808370154,100.0
5330,0,65.6509643535218,65.6509643535218,100.0
5330,1,22.32735127818457,22.32735127818457,100.0
5330,2,12.021684368293634,12.021684368293634,100.0
5340,0,19.024308735928408,19.024308735928408,100.0
5340,1,60.95414750135922,60.95414750135922,100.0
5340,2,20.021543762712376,20.021543762712376,100.0
5350,0,65.72750124929203,65.72750124929203,100.0
5350,1,18.16588956093909,18.16588956093909,100.0
5350,2,16.106609189768882,16.106609189768882,100.0
5360,0,13.123992775925425,13.123992775925425,100.0
5360,1,33.67139172564843,33.67139172564843,100.0
5360,2,53.20461549842616,53.20461549842616,100.0
5370,0,11.724225519916784,11.724225519916784,100.0
5370,1,11.208941185791158,11.208941185791158,100.0
5370,2,77.06683329429205,77.06683329429205,100.0
5380,0,41.33856543547179,41.33856543547179,100.0
5380,1,36.01176211380651,36.01176211380651,100.0
5380,2,22.64967245072169,22.64967245072169,100.0
5390,0,54.816924020244215,54.816924020244215,100.0
5390,1,20.77511574762061,20.77511574762061,100.0
5390,2,24.407960232135174,24.407960232135174,100.0
5400,0,55.28423817426634,55.28423817426634,100.0
5400,1,13.490478744767362,13.490478744767362,100.0
5400,2,31.225283080966292,31.225283080966292,100.0
5410,0,15.858937730047892,15.858937730047892,100.0
5410,1,49.73445521356892,49.73445521356892,100.0
5410,2,34.406607056383194,34.406607056383194,100.0
5420,0,39.11605578143181,39.11605578143181,100.0
5420,1,38.42420365950535,38.42420365950535,100.0
5420,2,22.459740559062823,22.459740559062823,100.0
5430,0,15.133346207644191,15.133346207644191,100.0
5430,1,12.119002315187192,12.119002315187192,100.0
5430,2,72.74765147716863,72.74765147716863,100.0
5440,0,36.57598056427404,36.57598056427404,100.0
5440,1,41.511067301466205,41.511067301466205,100.0
5440,2,21.91295213425976,21.91295213425976,100.0
5450,0,38.72099189073089,38.72099189073089,100.0
5450,1,45.06115225035247,45.06115225035247,100.0
5450,2,16.217855858916646,16.217855858916646,100.0
5460,0,33.138755741531924,33.138755741531924,100.0
5460,1,38.74623057941654,38.74623057941654,100.0
5460,2,28.115013679051547,28.115013679051547,100.0
5470,0,9.444003646297185,9.444003646297185,100.0
5470,1,40.23007733086118,40.23007733086118,100.0
5470,2,50.32591902284164,50.32591902284164,100.0
5480,0,35.99432998374581,35.99432998374581,100.0
5480,1,45.67671645209176,45.67671645209176,100.0
5480,2,18.32895356416244,18.32895356416244,100.0
5490,0,12.596707686013794,12.596707686013794,100.0
5490,1,13.10652794863493,13.10652794863493,100.0
5490,2,74.29676436535128,74.29676436535128,100.0
5500,0,33.8483499909995,33.8483499909995,100.0
5500,1,44.81988812138295,44.81988812138295,100.0
5500,2,21.33176188761755,21.33176188761755,100.0
5510,0,21.169920428455374,21.169920428455374,100.0
5510,1,54.816701974969426,54.816701974969426,100.0
5510,2,24.013377596575207,24.013377596575207,100.0
5520,0,46.048237448181766,46.048237448181766,100.0
5520,1,42.182656257950725,42.182656257950725,100.0
5520,2,11.769106293867512,11.769106293867512,100.0
5530,0,43.161155461688644,43.161155461688644,100.0
5530,1,20.04079059235393,20.04079059235393,100.0
5530,2,36.798053945957435,36.798053945957435,100.0
5540,0,15.010122619194746,15.010122619194746,100.0
5540,1,64.89567295575449,64.89567295575449,100.0
5540,2,20.094204425050766,20.094204425050766,100.0
5550,0,11.569250592309913,11.569250592309913,100.0
5550,1,11.187174194488547,11.187174194488547,100.0
5550,2,77.24357521320154,77.24357521320154,100.0
5560,0,28.12200511868241,28.12200511868241,100.0
5560,1,34.37178702122768,34.37178702122768,100.0
5560,2,37.50620786008991,37.50620786008991,100.0
5570,0,18.665426430077684,18.665426430077684,100.0
5570,1,54.428722329789906,54.428722329789906,100.0
5570,2,26.90585124013241,26.90585124013241,100.0
5580,0,36.119183604656065,36.119183604656065,100.0
5580,1,21.309004647026647,21.309004647026647,100.0
5580,2,42.571811748317295,42.571811748317295,100.0
5590,0,71.99076274840117,71.99076274840117,100.0
5590,1,16.791192031101776,16.791192031101776,100.0
5590,2,11.218045220497064,11.218045220497064,100.0
5600,0,48.62080940248124,48.62080940248124,100.0
5600,1,38.52016046812751,38.52016046812751,100.0
5600,2,12.859030129391247,12.859030129391247,100.0
5610,0,29.102947028004735,29.102947028004735,100.0
5610,1,10.665630333753787,10.665630333753787,100.0
5610,2,60.23142263824147,60.23142263824147,100.0
5620,0,42.92758142561982,42.92758142561982,100.0
5620,1,47.16726593948411,47.16726593948411,100.0
5620,2,9.905152634896062,9.905152634896062,100.0
5630,0,56.41599077452108,56.41599077452108,100.0
5630,1,19.89118866267769,19.89118866267769,100.0
5630,2,23.69282056280125,23.69282056280125,100.0
5640,0,30.913824827670826,30.913824827670826,100.0
5640,1,34.323789943743336,34.323789943743336,100.0
5640,2,34.76238522858585,34.76238522858585,100.0
5650,0,23.051120432509062,23.051120432509062,100.0
5650,1,18.926845532086226,18.926845532086226,100.0
5650,2,58.022034035404715,58.022034035404715,100.0
5660,0,41.900224001823005,41.900224001823005,100.0
5660,1,31.044540908490898,31.044540908490898,100.0
5660,2,27.055235089686096,27.055235089686096,100.0
5670,0,11.14457480241167,11.14457480241167,100.0
5670,1,11.08701299358664,11.08701299358664,100.0
5670,2,77.76841220400169,77.76841220400169,100.0
5680,0,70.14116749386841,70.14116749386841,100.0
5680,1,15.672799473105165,15.672799473105165,100.0
5680,2,14.186033033026439,14.186033033026439,100.0
5690,0,26.461150228916008,26.461150228916008,100.0
5690,1,46.06193513900719,46.06193513900719,100.0
5690,2,27.47691463207681,27.47691463207681,100.0
5700,0,45.416544420417296,45.416544420417296,100.0
5700,1,20.05167314808387,20.05167314808387,100.0
5700,2,34.53178243149883,34.53178243149883,100.0
5710,0,19.99533633204953,19.99533633204953,100.0
5710,1,19.555308254084697,19.555308254084697,100.0
5710,2,60.44935541386577,60.44935541386577,100.0
5720,0,49.25790465485026,49.25790465485026,100.0
5720,1,14.484365388500816,14.484365388500816,100.0
5720,2,36.25772995664892,36.25772995664892,100.0
5730,0,42.41650483245108,42.41650483245108,100.0
5730,1,15.653519879050315,15.653519879050315,100.0
5730,2,41.929975288498596,41.929975288498596,100.0
5740,0,53.24388387771942,53.24388387771942,100.0
5740,1,19.568722202187335,19.568722202187335,100.0
5740,2,27.187393920093232,27.187393920093232,100.0
5750,0,38.98638655035678,38.98638655035678,100.0
5750,1,49.57974772455497,49.57974772455497,100.0
5750,2,11.433865725088255,11.433865725088255,100.0
5760,0,17.35261677342999,17.35261677342999,100.0
5760,1,51.44971833432641,51.44971833432641,100.0
5760,2,31.197664892243605,31.197664892243605,100.0
5770,0,39.071512093574654,39.071512093574654,100.0
5770,1,37.06494017457731,37.06494017457731,100.0
5770,2,23.863547731848037,23.863547731848037,100.0
5780,0,40.440121549091785,40.440121549091785,100.0
5780,1,47.36403952531923,47.36403952531923,100.0
5780,2,12.195838925588989,12.195838925588989,100.0
5790,0,13.132812778123087,13.132812778123087,100.0
5790,1,11.53363783156582,11.53363783156582,100.0
5790,2,75.33354939031109,75.33354939031109,100.0
5800,0,16.184274873425906,16.184274873425906,100.0
5800,1,46.54298703298473,46.54298703298473,100.0
5800,2,37.27273809358936,37.27273809358936,100.0
5810,0,16.330141322165304,16.330141322165304,100.0
5810,1,50.258192381006936,50.258192381006936,100.0
5810,2,33.41166629682776,33.41166629682776,100.0
5820,0,26.935952177372318,26.935952177372318,100.0
5820,1,43.97218733851524,43.97218733851524,100.0
5820,2,29.091860484112438,29.091860484112438,100.0
5830,0,58.199797983759794,58.199797983759794,100.0
5830,1,31.01055165558465,31.01055165558465,100.0
5830,2,10.789650360655555,10.789650360655555,100.0
5840,0,17.598565468647436,17.598565468647436,100.0
5840,1,40.27632213216846,40.27632213216846,100.0
5840,2,42.1251123991841,42.1251123991841,100.0
5850,0,15.90003217727212,15.90003217727212,100.0
5850,1,11.40992100365889,11.40992100365889,100.0
5850,2,72.69004681906898,72.69004681906898,100.0
5860,0,33.50054286674896,33.50054286674896,100.0
5860,1,37.38430462372729,37.38430462372729,100.0
5860,2,29.11515250952376,29.11515250952376,100.0
5870,0,51.226103396155956,51.226103396155956,100.0
5870,1,27.07373216367192,27.07373216367192,100.0
5870,2,21.700164440172134,21.700164440172134,100.0
5880,0,12.716826774734614,12.716826774734614,100.0
5880,1,20.193193037637553,20.193193037637553,100.0
5880,2,67.08998018762783,67.08998018762783,100.0
5890,0,13.722965852107846,13.722965852107846,100.0
5890,1,53.80382971457104,53.80382971457104,100.0
5890,2,32.473204433321115,32.473204433321115,100.0
5900,0,39.22689381587844,39.22689381587844,100.0
5900,1,18.635151283899248,18.635151283899248,100.0
5900,2,42.13795490022231,42.13795490022231,100.0
5910,0,18.11546271377143,18.11546271377143,100.0
5910,1,16.4079339611764,16.4079339611764,100.0
5910,2,65.47660332505217,65.47660332505217,100.0
5920,0,64.28252308182186,64.28252308182186,100.0
5920,1,9.881968508023249,9.881968508023249,100.0
5920,2,25.835508410154883,25.835508410154883,100.0
5930,0,42.84549352080626,42.84549352080626,100.0
5930,1,27.491596289386333,27.491596289386333,100.0
5930,2,29.662910189807416,29.662910189807416,100.0
5940,0,53.45069955448785,53.45069955448785,100.0
5940,1,34.48132692655637,34.48132692655637,100.0
5940,2,12.067973518955794,12.067973518955794,100.0
5950,0,34.08211931236663,34.08211931236663,100.0
5950,1,44.35812522369841,44.35812522369841,100.0
5950,2,21.559755463934955,21.559755463934955,100.0
5960,0,28.0307742792481,28.0307742792481,100.0
5960,1,31.301198835714032,31.301198835714032,100.0
5960,2,40.668026885037875,40.668026885037875,100.0
5970,0,16.559016897919186,16.559016897919186,100.0
5970,1,10.791042051924562,10.791042051924562,100.0
5970,2,72.64994105015626,72.64994105015626,100.0
5980,0,21.83991708042988,21.83991708042988,100.0
5980,1,22.110218540236808,22.110218540236808,100.0
5980,2,56.049864379333314,56.049864379333314,100.0
5990,0,43.85426901822861,43.85426901822861,100.0
5990,1,46.04702879016252,46.04702879016252,100.0
5990,2,10.098702191608854,10.098702191608854,100.0
6000,0,41.26374292325495,41.26374292325495,100.0
6000,1,39.63452094315519,39.63452094315519,100.0
6000,2,19.10173613358987,19.10173613358987,100.0
6010,0,17.68135651668922,17.68135651668922,100.0
6010,1,25.197245609094455,25.197245609094455,100.0
6010,2,57.12139787421633,57.12139787421633,100.0
6020,0,28.679678336452348,28.679678336452348,100.0
6020,1,43.74387491637239,43.74387491637239,100.0
6020,2,27.57644674717526,27.57644674717526,100.0
6030,0,25.12868857304202,25.12868857304202,100.0
6030,1,10.723127091878142,10.723127091878142,100.0
6030,2,64.14818433507983,64.14818433507983,100.0
6040,0,26.35355143111641,26.35355143111641,100.0
6040,1,19.717661345973163,19.717661345973163,100.0
6040,2,53.92878722291042,53.92878722291042,100.0
6050,0,53.331327663541614,53.331327663541614,100.0
6050,1,29.31931982904066,29.31931982904066,100.0
6050,2,17.349352507417724,17.349352507417724,100.0
6060,0,41.09630610182594,41.09630610182594,100.0
6060,1,33.882713597884,33.882713597884,100.0
6060,2,25.02098030029006,25.02098030029006,100.0
6070,0,25.81547811217158,25.81547811217158,100.0
6070,1,45.68469504843925,45.68469504843925,100.0
6070,2,28.499826839389158,28.499826839389158,100.0
6080,0,12.383091332674292,12.383091332674292,100.0
6080,1,63.008131279881106,63.008131279881106,100.0
6080,2,24.6087773874446,24.6087773874446,100.0
6090,0,11.043124236632822,11.043124236632822,100.0
6090,1,12.260226210683898,12.260226210683898,100.0
6090,2,76.69664955268328,76.69664955268328,100.0
6100,0,17.522552971138307,17.522552971138307,100.0
6100,1,33.79490220689459,33.79490220689459,100.0
6100,2,48.6825448219671,48.6825448219671,100.0
6110,0,33.057940607581095,33.057940607581095,100.0
6110,1,32.02039790039908,32.02039790039908,100.0
6110,2,34.92166149201982,34.92166149201982,100.0
6120,0,41.82611293496586,41.82611293496586,100.0
6120,1,23.297524779991676,23.297524779991676,100.0
6120,2,34.87636228504247,34.87636228504247,100.0
6130,0,44.57904911372276,44.57904911372276,100.0
6130,1,32.821104414371774,32.821104414371774,100.0
6130,2,22.599846471905465,22.599846471905465,100.0
6140,0,34.32111942026143,34.32111942026143,100.0
6140,1,37.85673798595405,37.85673798595405,100.0
6140,2,27.82214259378452,27.82214259378452,100.0
6150,0,11.794876552026544,11.794876552026544,100.0
6150,1,11.343415422338568,11.343415422338568,100.0
6150,2,76.8617080256349,76.8617080256349,100.0
6160,0,40.85790056348534,40.85790056348534,100.0
6160,1,23.030189787854674,23.030189787854674,100.0
6160,2,36.11190964865998,36.11190964865998,100.0
6170,0,26.04188767189729,26.04188767189729,100.0
6170,1,42.93752121677408,42.93752121677408,100.0
6170,2,31.020591111328628,31.020591111328628,100.0
6180,0,39.97880996840513,39.97880996840513,100.0
6180,1,16.455459230871618,16.455459230871618,100.0
6180,2,43.56573080072326,43.56573080072326,100.0
6190,0,47.287798603625106,47.287798603625106,100.0
6190,1,36.447732523009044,36.447732523009044,100.0
6190,2,16.264468873365846,16.264468873365846,100.0
6200,0,39.93664186355367,39.93664186355367,100.0
6200,1,20.1902404804323,20.1902404804323,100.0
6200,2,39.87311765601404,39.87311765601404,100.0
6210,0,12.273484789815098,12.273484789815098,100.0
6210,1,10.859381711422857,10.859381711422857,100.0
6210,2,76.86713349876204,76.86713349876204,100.0
6220,0,69.13993779721442,69.13993779721442,100.0
6220,1,19.348735829519338,19.348735829519338,100.0
6220,2,11.511326373266254,11.511326373266254,100.0
6230,0,46.59033225826572,46.59033225826572,100.0
6230,1,24.152449951904764,24.152449951904764,100.0
6230,2,29.25721778982952,29.25721778982952,100.0
6240,0,29.003598519150696,29.003598519150696,100.0
6240,1,28.524055239350343,28.524055239350343,100.0
6240,2,42.472346241498954,42.472346241498954,100.0
6250,0,69.29412627893386,69.29412627893386,100.0
6250,1,17.327128810196072,17.327128810196072,100.0
6250,2,13.37874491087008,13.37874491087008,100.0
6260,0,65.35098600121911,65.35098600121911,100.0
6260,1,21.32796722705401,21.32796722705401,100.0
6260,2,13.321046771726877,13.321046771726877,100.0
6270,0,14.362537706915921,14.362537706915921,100.0
6270,1,11.98003276552673,11.98003276552673,100.0
6270,2,73.65742952755735,73.65742952755735,100.0
6280,0,36.59784895331389,36.59784895331389,100.0
6280,1,12.87734806697651,12.87734806697651,100.0
6280,2,50.52480297970959,50.52480297970959,100.0
6290,0,54.84318060994543,54.84318060994543,100.0
6290,1,24.72510173962352,24.72510173962352,100.0
6290,2,20.43171765043105,20.43171765043105,100.0
6300,0,72.53169256077156,72.53169256077156,100.0
6300,1,15.498016822448276,15.498016822448276,100.0
6300,2,11.970290616780153,11.970290616780153,100.0
6310,0,52.22749628664669,52.22749628664669,100.0
6310,1,9.308346357799044,9.308346357799044,100.0
6310,2,38.46415735555426,38.46415735555426,100.0
6320,0,10.21946166971472,10.21946166971472,100.0
6320,1,43.45370110336248,43.45370110336248,100.0
6320,2,46.3268372269228,46.3268372269228,100.0
6330,0,13.643433381596964,13.643433381596964,100.0
6330,1,11.904001011207242,11.904001011207242,100.0
6330,2,74.45256560719578,74.45256560719578,100.0
6340,0,30.09932890510589,30.09932890510589,100.0
6340,1,22.341816497993,22.341816497993,100.0
6340,2,47.55885459690112,47.55885459690112,100.0
6350,0,8.846503573957149,8.846503573957149,100.0
6350,1,53.329462891407516,53.329462891407516,100.0
6350,2,37.82403353463532,37.82403353463532,100.0
6360,0,33.519529314779845,33.519529314779845,100.0
6360,1,37.80430493575738,37.80430493575738,100.0
6360,2,28.67616574946278,28.67616574946278,100.0
6370,0,28.359134389519248,28.359134389519248,100.0
6370,1,45.55910342796719,45.55910342796719,100.0
6370,2,26.08176218251358,26.08176218251358,100.0
6380,0,39.4995779869295,39.4995779869295,100.0
6380,1,20.20265779433204,20.20265779433204,100.0
6380,2,40.29776421873844,40.29776421873844,100.0
6390,0,11.494717943691493,11.494717943691493,100.0
6390,1,12.760087948629165,12.760087948629165,100.0
6390,2,75.74519410767935,75.74519410767935,100.0
6400,0,46.795749753565,46.795749753565,100.0
6400,1,30.578541823241345,30.578541823241345,100.0
6400,2,22.62570842319366,22.62570842319366,100.0
6410,0,39.270455800796576,39.270455800796576,100.0
6410,1,30.41093241183918,30.41093241183918,100.0
6410,2,30.31861178736425,30.31861178736425,100.0
6420,0,59.45013794111206,59.45013794111206,100.0
6420,1,9.653094448462825,9.653094448462825,100.0
6420,2,30.896767610425112,30.896767610425112,100.0
6430,0,40.114150943984875,40.114150943984875,100.0
6430,1,46.048873803879985,46.048873803879985,100.0
6430,2,13.83697525213515,13.83697525213515,100.0
6440,0,60.070716739985855,60.070716739985855,100.0
6440,1,19.909435374326097,19.909435374326097,100.0
6440,2,20.019847885688055,20.019847885688055,100.0
6450,0,21.4485838653861,21.4485838653861,100.0
6450,1,10.134197628152913,10.134197628152913,100.0
6450,2,68.417218506461,68.417218506461,100.0
6460,0,15.03274508614562,15.03274508614562,100.0
6460,1,15.64437459078051,15.64437459078051,100.0
6460,2,69.32288032307387,69.32288032307387,100.0
6470,0,17.667160345156166,17.667160345156166,100.0
6470,1,21.838667665187575,21.838667665187575,100.0
6470,2,60.494171989656266,60.494171989656266,100.0
6480,0,55.13065776127678,55.13065776127678,100.0
6480,1,23.111433608652717,23.111433608652717,100.0
6480,2,21.757908630070492,21.757908630070492,100.0
6490,0,43.10841661054397,43.10841661054397,100.0
6490,1,15.155605057713476,15.155605057713476,100.0
6490,2,41.73597833174255,41.73597833174255,100.0
6500,0,15.961087894813678,15.961087894813678,100.0
6500,1,53.93981552443036,53.93981552443036,100.0
6500,2,30.099096580755962,30.099096580755962,100.0
6510,0,19.08830706102322,19.08830706102322,100.0
6510,1,11.804490447899472,11.804490447899472,100.0
6510,2,69.10720249107732,69.10720249107732,100.0
6520,0,21.613910233242226,21.613910233242226,100.0
6520,1,62.68697518855847,62.68697518855847,100.0
6520,2,15.699114578199296,15.699114578199296,100.0
6530,0,53.15526054157937,53.15526054157937,100.0
6530,1,30.127889461029607,30.127889461029607,100.0
6530,2,16.71684999739103,16.71684999739103,100.0
6540,0,24.201345090141235,24.201345090141235,100.0
6540,1,36.391249085544494,36.391249085544494,100.0
6540,2,39.40740582431428,39.40740582431428,100.0
6550,0,40.38611043996384,40.38611043996384,100.0
6550,1,27.45566318998176,27.45566318998176,100.0
6550,2,32.15822637005438,32.15822637005438,100.0
6560,0,12.456162422775519,12.456162422775519,100.0
6560,1,36.855987988572736,36.855987988572736,100.0
6560,2,50.687849588651744,50.687849588651744,100.0
6570,0,11.23543795521762,11.23543795521762,100.0
6570,1,11.714898462720214,11.714898462720214,100.0
6570,2,77.04966358206215,77.04966358206215,100.0
6580,0,14.978281637021668,14.978281637021668,100.0
6580,1,47.717301078804574,47.717301078804574,100.0
6580,2,37.30441728417376,37.30441728417376,100.0
6590,0,34.855280627501415,34.855280627501415,100.0
6590,1,28.165433569339076,28.165433569339076,100.0
6590,2,36.979285803159506,36.979285803159506,100.0
6600,0,68.19346789861375,68.19346789861375,100.0
6600,1,15.824348574337593,15.824348574337593,100.0
6600,2,15.98218352704867,15.98218352704867,100.0
6610,0,18.631382364121144,18.631382364121144,100.0
6610,1,71.2413086682015,71.2413086682015,100.0
6610,2,10.12730896767736,10.12730896767736,100.0
6620,0,32.15117481213088,32.15117481213088,100.0
6620,1,45.15798794737795,45.15798794737795,100.0
6620,2,22.690837240491167,22.690837240491167,100.0
6630,0,14.679765675967325,14.679765675967325,100.0
6630,1,10.856165524095987,10.856165524095987,100.0
6630,2,74.46406879993668,74.46406879993668,100.0
6640,0,10.588897745530378,10.588897745530378,100.0
6640,1,27.462241077736753,27.462241077736753,100.0
6640,2,61.94886117673287,61.94886117673287,100.0
6650,0,15.379445123636303,15.379445123636303,100.0
6650,1,58.03535182503242,58.03535182503242,100.0
6650,2,26.58520305133127,26.58520305133127,100.0
6660,0,21.13637828519982,21.13637828519982,100.0
6660,1,18.13337980843439,18.13337980843439,100.0
6660,2,60.73024190636579,60.73024190636579,100.0
6670,0,64.28102946144737,64.28102946144737,100.0
6670,1,17.55454180422649,17.55454180422649,100.0
6670,2,18.164428734326144,18.164428734326144,100.0
6680,0,14.42785766339078,14.42785766339078,100.0
6680,1,32.035811571498776,32.035811571498776,100.0
6680,2,53.53633076511045,53.53633076511045,100.0
6690,0,15.568903229295763,15.568903229295763,100.0
6690,1,13.07296365557249,13.07296365557249,100.0
6690,2,71.35813311513175,71.35813311513175,100.0
6700,0,26.935628416126434,26.935628416126434,100.0
6700,1,32.299317702314944,32.299317702314944,100.0
6700,2,40.76505388155863,40.76505388155863,100.0
6710,0,40.87671097437668,40.87671097437668,100.0
6710,1,27.536813705912124,27.536813705912124,100.0
6710,2,31.586475319711194,31.586475319711194,100.0
6720,0,33.70048384267612,33.70048384267612,100.0
6720,1,38.17461095618373,38.17461095618373,100.0
6720,2,28.124905201140166,28.124905201140166,100.0
6730,0,28.529861498429987,28.529861498429987,100.0
6730,1,48.67089937644907,48.67089937644907,100.0
6730,2,22.799239125120945,22.799239125120945,100.0
6740,0,36.25647505380984,36.25647505380984,100.0
6740,1,43.93390152298225,43.93390152298225,100.0
6740,2,19.80962342320791,19.80962342320791,100.0
6750,0,11.35307653297093,11.35307653297093,100.0
6750,1,11.335126486911419,11.335126486911419,100.0
6750,2,77.31179698011765,77.31179698011765,100.0
6760,0,66.74814396991773,66.74814396991773,100.0
6760,1,19.240029766278802,19.240029766278802,100.0
6760,2,14.011826263803473,14.011826263803473,100.0
6770,0,50.916754331885336,50.916754331885336,100.0
6770,1,36.509647885632276,36.509647885632276,100.0
6770,2,12.573597782482393,12.573597782482393,100.0
6780,0,44.79232127435794,44.79232127435794,100.0
6780,1,24.535844680627182,24.535844680627182,100.0
6780,2,30.67183404501489,30.67183404501489,100.0
6790,0,15.535358737078342,15.535358737078342,100.0
6790,1,32.80766064037558,32.80766064037558,100.0
6790,2,51.65698062254609,51.65698062254609,100.0
6800,0,11.251642002199814,11.251642002199814,100.0
6800,1,61.113802562327116,61.113802562327116,100.0
6800,2,27.634555435473068,27.634555435473068,100.0
6810,0,11.228729444342097,11.228729444342097,100.0
6810,1,11.567964765277457,11.567964765277457,100.0
6810,2,77.20330579038045,77.20330579038045,100.0
6820,0,39.97714679749422,39.97714679749422,100.0
6820,1,25.43400312402876,25.43400312402876,100.0
6820,2,34.588850078477016,34.588850078477016,100.0
6830,0,28.260611357537258,28.260611357537258,100.0
6830,1,21.34765050158601,21.34765050158601,100.0
6830,2,50.39173814087673,50.39173814087673,100.0
6840,0,15.832564634744362,15.832564634744362,100.0
6840,1,54.93605757333467,54.93605757333467,100.0
6840,2,29.231377791920966,29.231377791920966,100.0
6850,0,42.87980035224056,42.87980035224056,100.0
6850,1,39.122205690457434,39.122205690457434,100.0
6850,2,17.997993957302008,17.997993957302008,100.0
6860,0,61.234605402368736,61.234605402368736,100.0
6860,1,9.658309476484375,9.658309476484375,100.0
6860,2,29.107085121146888,29.107085121146888,100.0
6870,0,15.768278643734988,15.768278643734988,100.0
6870,1,17.61225857309499,17.61225857309499,100.0
6870,2,66.61946278317002,66.61946278317002,100.0
6880,0,35.47450195375475,35.47450195375475,100.0
6880,1,50.53019398933214,50.53019398933214,100.0
6880,2,13.99530405691311,13.99530405691311,100.0
6890,0,13.525919348818375,13.525919348818375,100.0
6890,1,33.33981067601176,33.33981067601176,100.0
6890,2,53.134269975169865,53.134269975169865,100.0
6900,0,52.688480411400754,52.688480411400754,100.0
6900,1,15.819859668470535,15.819859668470535,100.0
6900,2,31.49165992012872,31.49165992012872,100.0
6910,0,40.86900477191743,40.86900477191743,100.0
6910,1,11.650330504183302,11.650330504183302,100.0
6910,2,47.48066472389926,47.48066472389926,100.0
6920,0,23.35988308926316,23.35988308926316,100.0
6920,1,19.963837423743353,19.963837423743353,100.0
6920,2,56.67627948699349,56.67627948699349,100.0
6930,0,12.013825624104788,12.013825624104788,100.0
6930,1,24.39524924969864,24.39524924969864,100.0
6930,2,63.590925126196574,63.590925126196574,100.0
6940,0,50.22194642528049,50.22194642528049,100.0
6940,1,14.236614788626795,14.236614788626795,100.0
6940,2,35.54143878609272,35.54143878609272,100.0
6950,0,45.85472832664684,45.85472832664684,100.0
6950,1,44.15548292850056,44.15548292850056,100.0
6950,2,9.98978874485258,9.98978874485258,100.0
6960,0,26.72497547234093,26.72497547234093,100.0
6960,1,45.459815067489274,45.459815067489274,100.0
6960,2,27.815209460169804,27.815209460169804,100.0
6970,0,48.559173868570795,48.559173868570795,100.0
6970,1,30.06738549444003,30.06738549444003,100.0
6970,2,21.373440636989177,21.373440636989177,100.0
6980,0,21.244972995468185,21.244972995468185,100.0
6980,1,35.39425559972037,35.39425559972037,100.0
6980,2,43.360771404811445,43.360771404811445,100.0
6990,0,14.307354042087905,14.307354042087905,100.0
6990,1,11.431728643251112,11.431728643251112,100.0
6990,2,74.26091731466099,74.26091731466099,100.0
7000,0,14.722019108274543,14.722019108274543,100.0
7000,1,36.05741383325339,36.05741383325339,100.0
7000,2,49.22056705847206,49.22056705847206,100.0
7010,0,38.885604765361606,38.885604765361606,100.0
7010,1,37.50769189919056,37.50769189919056,100.0
7010,2,23.606703335447836,23.606703335447836,100.0
7020,0,26.284865964243437,26.284865964243437,100.0
7020,1,14.759457162996636,14.759457162996636,100.0
7020,2,58.95567687275993,58.95567687275993,100.0
7030,0,61.668105060709145,61.668105060709145,100.0
7030,1,22.05927849687126,22.05927849687126,100.0
7030,2,16.272616442419594,16.272616442419594,100.0
7040,0,47.390181126179186,47.390181126179186,100.0
7040,1,39.68442992688336,39.68442992688336,100.0
7040,2,12.925388946937447,12.925388946937447,100.0
7050,0,21.25298252874626,21.25298252874626,100.0
7050,1,10.546554529937541,10.546554529937541,100.0
7050,2,68.2004629413162,68.2004629413162,100.0
7060,0,40.856289257169585,40.856289257169585,100.0
7060,1,44.84556402795587,44.84556402795587,100.0
7060,2,14.298146714874557,14.298146714874557,100.0
7070,0,13.258989852515246,13.258989852515246,100.0
7070,1,69.48722216457836,69.48722216457836,100.0
7070,2,17.253787982906406,17.253787982906406,100.0
7080,0,29.48115772734015,29.48115772734015,100.0
7080,1,59.026012051340516,59.026012051340516,100.0
7080,2,11.49283022131933,11.49283022131933,100.0
7090,0,25.79987369051842,25.79987369051842,100.0
7090,1,30.539158147760055,30.539158147760055,100.0
7090,2,43.66096816172152,43.66096816172152,100.0
7100,0,15.361344371962446,15.361344371962446,100.0
7100,1,56.651691563183505,56.651691563183505,100.0
7100,2,27.986964064854053,27.986964064854053,100.0
7110,0,14.401498539486154,14.401498539486154,100.0
7110,1,14.730273293087878,14.730273293087878,100.0
7110,2,70.86822816742597,70.86822816742597,100.0
7120,0,26.544095511081895,26.544095511081895,100.0
7120,1,16.75040675412687,16.75040675412687,100.0
7120,2,56.705497734791244,56.705497734791244,100.0
7130,0,44.21998872230477,44.21998872230477,100.0
7130,1,36.778491456347346,36.778491456347346,100.0
7130,2,19.001519821347873,19.001519821347873,100.0
7140,0,64.32968702275511,64.32968702275511,100.0
7140,1,17.097854958771318,17.097854958771318,100.0
7140,2,18.57245801847357,18.57245801847357,100.0
7150,0,46.73798693643448,46.73798693643448,100.0
7150,1,28.438096471180984,28.438096471180984,100.0
7150,2,24.823916592384528,24.823916592384528,100.0
7160,0,23.357277753347162,23.357277753347162,100.0
7160,1,59.69195271329719,59.69195271329719,100.0
7160,2,16.950769533355643,16.950769533355643,100.0
7170,0,12.601089879257993,12.601089879257993,100.0
7170,1,13.427177065839116,13.427177065839116,100.0
7170,2,73.9717330549029,73.9717330549029,100.0
7180,0,14.024579585817538,14.024579585817538,100.0
7180,1,15.166570732765052,15.166570732765052,100.0
7180,2,70.80884968141741,70.80884968141741,100.0
7190,0,32.38357812923752,32.38357812923752,100.0
7190,1,13.89138274981475,13.89138274981475,100.0
7190,2,53.725039120947734,53.725039120947734,100.0
7200,0,48.49412169801787,48.49412169801787,100.0
7200,1,18.001327631118645,18.001327631118645,100.0
7200,2,33.50455067086349,33.50455067086349,100.0
7210,0,23.664439261276954,23.664439261276954,100.0
7210,1,56.08518747323292,56.08518747323292,100.0
7210,2,20.250373265490122,20.250373265490122,100.0
7220,0,60.43101967866333,60.43101967866333,100.0
7220,1,23.283465413101272,23.283465413101272,100.0
7220,2,16.285514908235402,16.285514908235402,100.0
7230,0,20.87547072332273,20.87547072332273,100.0
7230,1,11.2314133763322,11.2314133763322,100.0
7230,2,67.89311590034508,67.89311590034508,100.0
7240,0,51.37311329672901,51.37311329672901,100.0
7240,1,27.704248153166937,27.704248153166937,100.0
7240,2,20.922638550104054,20.922638550104054,100.0
7250,0,44.2833357582274,44.2833357582274,100.0
7250,1,31.419887001900516,31.419887001900516,100.0
7250,2,24.296777239872096,24.296777239872096,100.0
7260,0,25.1388360723457,25.1388360723457,100.0
7260,1,32.52416257358527,32.52416257358527,100.0
7260,2,42.337001354069024,42.337001354069024,100.0
7270,0,23.29816755456618,23.29816755456618,100.0
7270,1,42.93634096596766,42.93634096596766,100.0
7270,2,33.76549147946615,33.76549147946615,100.0
7280,0,42.79451542381322,42.79451542381322,100.0
7280,1,38.25676150915518,38.25676150915518,100.0
7280,2,18.948723067031604,18.948723067031604,100.0
7290,0,11.584398465592209,11.584398465592209,100.0
7290,1,13.62332571282074,13.62332571282074,100.0
7290,2,74.79227582158705,74.79227582158705,100.0
7300,0,26.780501887109054,26.780501887109054,100.0
7300,1,15.904944496679626,15.904944496679626,100.0
7300,2,57.31455361621131,57.31455361621131,100.0
7310,0,29.256604061626522,29.256604061626522,100.0
7310,1,15.99084372898609,15.99084372898609,100.0
7310,2,54.75255220938738,54.75255220938738,100.0
7320,0,50.05820705235663,50.05820705235663,100.0
7320,1,13.796301306077224,13.796301306077224,100.0
7320,2,36.145491641566146,36.145491641566146,100.0
7330,0,49.04371281773959,49.04371281773959,100.0
7330,1,22.95466334064416,22.95466334064416,100.0
7330,2,28.00162384161625,28.00162384161625,100.0
7340,0,26.566020145019507,26.566020145019507,100.0
7340,1,48.19434842846581,48.19434842846581,100.0
7340,2,25.2396314265147,25.2396314265147,100.0
7350,0,14.203957152054503,14.203957152054503,100.0
7350,1,13.276195525544503,13.276195525544503,100.0
7350,2,72.51984732240099,72.51984732240099,100.0
7360,0,18.60051222812002,18.60051222812002,100.0
7360,1,17.834550680546847,17.834550680546847,100.0
7360,2,63.56493709133314,63.56493709133314,100.0
7370,0,52.97675057255484,52.97675057255484,100.0
7370,1,17.714287717382454,17.714287717382454,100.0
7370,2,29.308961710062697,29.308961710062697,100.0
7380,0,43.23151447383664,43.23151447383664,100.0
7380,1,25.02968036279855,25.02968036279855,100.0
7380,2,31.73880516336482,31.73880516336482,100.0
7390,0,24.50186178651478,24.50186178651478,100.0
7390,1,38.064015148373855,38.064015148373855,100.0
7390,2,37.43412306511137,37.43412306511137,100.0
7400,0,24.415028893947998,24.415028893947998,100.0
7400,1,30.6549545828294,30.6549545828294,100.0
7400,2,44.9300165232226,44.9300165232226,100.0
7410,0,15.04611686107387,15.04611686107387,100.0
7410,1,11.883774025569501,11.883774025569501,100.0
7410,2,73.07010911335664,73.07010911335664,100.0
7420,0,56.81733558396645,56.81733558396645,100.0
7420,1,24.00083914760377,24.00083914760377,100.0
7420,2,19.181825268429783,19.181825268429783,100.0
7430,0,54.45297344680486,54.45297344680486,100.0
7430,1,28.44656808114187,28.44656808114187,100.0
7430,2,17.100458472053262,17.100458472053262,100.0
7440,0,45.177182440485105,45.177182440485105,100.0
7440,1,26.40584157814983,26.40584157814983,100.0
7440,2,28.416975981365066,28.416975981365066,100.0
7450,0,20.765131502851645,20.765131502851645,100.0
7450,1,28.270497273085855,28.270497273085855,100.0
7450,2,50.964371224062496,50.964371224062496,100.0
7460,0,44.63684185592976,44.63684185592976,100.0
7460,1,44.63559007854243,44.63559007854243,100.0
7460,2,10.72756806552782,10.72756806552782,100.0
7470,0,45.28629690007303,45.28629690007303,100.0
7470,1,6.9284605744840135,6.9284605744840135,100.0
7470,2,47.785242525442946,47.785242525442946,100.0
7480,0,50.33537567641076,50.33537567641076,100.0
7480,1,35.46149565912915,35.46149565912915,100.0
7480,2,14.203128664460094,14.203128664460094,100.0
7490,0,23.77217023860917,23.77217023860917,100.0
7490,1,24.100583786337328,24.100583786337328,100.0
7490,2,52.127245975053505,52.127245975053505,100.0
7500,0,9.514297695553774,9.514297695553774,100.0
7500,1,23.998618038995442,23.998618038995442,100.0
7500,2,66.48708426545079,66.48708426545079,100.0
7510,0,42.98803816567195,42.98803816567195,100.0
7510,1,10.791521871650604,10.791521871650604,100.0
7510,2,46.22043996267745,46.22043996267745,100.0
7520,0,51.70978761305203,51.70978761305203,100.0
7520,1,23.354723165359957,23.354723165359957,100.0
7520,2,24.93548922158802,24.93548922158802,100.0
7530,0,13.162241979400454,13.162241979400454,100.0
7530,1,12.146000858989309,12.146000858989309,100.0
7530,2,74.69175716161024,74.69175716161024,100.0
7540,0,52.986369676324486,52.986369676324486,100.0
7540,1,10.923811455206256,10.923811455206256,100.0
7540,2,36.08981886846926,36.08981886846926,100.0
7550,0,67.48877022042906,67.48877022042906,100.0
7550,1,19.4646061497911,19.4646061497911,100.0
7550,2,13.04662362977985,13.04662362977985,100.0
7560,0,49.83209235354599,49.83209235354599,100.0
7560,1,8.291170909197122,8.291170909197122,100.0
7560,2,41.87673673725689,41.87673673725689,100.0
7570,0,71.06952153521374,71.06952153521374,100.0
7570,1,13.348349534877999,13.348349534877999,100.0
7570,2,15.58212892990826,15.58212892990826,100.0
7580,0,45.685967576140804,45.685967576140804,100.0
7580,1,19.663632441172112,19.663632441172112,100.0
7580,2,34.6503999826871,34.6503999826871,100.0
7590,0,11.015484345428005,11.015484345428005,100.0
7590,1,11.057004037328824,11.057004037328824,100.0
7590,2,77.92751161724318,77.92751161724318,100.0
7600,0,17.939539352319482,17.939539352319482,100.0
7600,1,30.455249892700515,30.455249892700515,100.0
7600,2,51.605210754980014,51.605210754980014,100.0
7610,0,31.842997990590238,31.842997990590238,100.0
7610,1,9.615955112213664,9.615955112213664,100.0
7610,2,58.541046897196104,58.541046897196104,100.0
7620,0,71.48180330087818,71.48180330087818,100.0
7620,1,15.832679733876276,15.832679733876276,100.0
7620,2,12.685516965245538,12.685516965245538,100.0
7630,0,11.342769848302668,11.342769848302668,100.0
7630,1,41.07324787276638,41.07324787276638,100.0
7630,2,47.58398227893096,47.58398227893096,100.0
7640,0,19.504775578778265,19.504775578778265,100.0
7640,1,52.08077996290703,52.08077996290703,100.0
7640,2,28.414444458314698,28.414444458314698,100.0
7650,0,11.539816213612438,11.539816213612438,100.0
7650,1,13.430417943904875,13.430417943904875,100.0
7650,2,75.02976584248269,75.02976584248269,100.0
7660,0,37.89810363165116,37.89810363165116,100.0
7660,1,45.54708357450984,45.54708357450984,100.0
7660,2,16.554812793838998,16.554812793838998,100.0
7670,0,35.78251259667171,35.78251259667171,100.0
7670,1,36.787330629309665,36.787330629309665,100.0
7670,2,27.430156774018634,27.430156774018634,100.0
7680,0,31.650993660343502,31.650993660343502,100.0
7680,1,40.30731460469135,40.30731460469135,100.0
7680,2,28.041691734965152,28.041691734965152,100.0
7690,0,41.648337097573155,41.648337097573155,100.0
7690,1,44.13630777061466,44.13630777061466,100.0
7690,2,14.215355131812183,14.215355131812183,100.0
7700,0,26.978136301821205,26.978136301821205,100.0
7700,1,24.482781743195872,24.482781743195872,100.0
7700,2,48.53908195498293,48.53908195498293,100.0
7710,0,13.262363384650472,13.262363384650472,100.0
7710,1,12.642591966663641,12.642591966663641,100.0
7710,2,74.0950446486859,74.0950446486859,100.0
7720,0,15.242566268193075,15.242566268193075,100.0
7720,1,23.059479438014268,23.059479438014268,100.0
7720,2,61.697954293792655,61.697954293792655,100.0
7730,0,39.67419513571296,39.67419513571296,100.0
7730,1,12.111797241551624,12.111797241551624,100.0
7730,2,48.21400762273543,48.21400762273543,100.0
7740,0,25.449103945337693,25.449103945337693,100.0
7740,1,60.26053747077235,60.26053747077235,100.0
7740,2,14.290358583889962,14.290358583889962,100.0
7750,0,43.77562705231317,43.77562705231317,100.0
7750,1,44.394648119733105,44.394648119733105,100.0
7750,2,11.82972482795372,11.82972482795372,100.0
7760,0,24.093145261681837,24.093145261681837,100.0
7760,1,49.680918247451366,49.680918247451366,100.0
7760,2,26.225936490866804,26.225936490866804,100.0
7770,0,14.176763523718233,14.176763523718233,100.0
7770,1,14.583851423140057,14.583851423140057,100.0
7770,2,71.23938505314172,71.23938505314172,100.0
7780,0,35.81311605293783,35.81311605293783,100.0
7780,1,49.54561661672337,49.54561661672337,100.0
7780,2,14.641267330338803,14.641267330338803,100.0
7790,0,32.86522330234335,32.86522330234335,100.0
7790,1,34.955847908099535,34.955847908099535,100.0
7790,2,32.17892878955711,32.17892878955711,100.0
7800,0,23.180744432435613,23.180744432435613,100.0
7800,1,16.725334290950364,16.725334290950364,100.0
7800,2,60.093921276614026,60.093921276614026,100.0
7810,0,36.77126263992738,36.77126263992738,100.0
7810,1,44.282404132031154,44.282404132031154,100.0
7810,2,18.946333228041475,18.946333228041475,100.0
7820,0,18.667038594538298,18.667038594538298,100.0
7820,1,19.285965218030213,19.285965218030213,100.0
7820,2,62.0469961874315,62.0469961874315,100.0
7830,0,12.812510426515693,12.812510426515693,100.0
7830,1,17.37603033035876,17.37603033035876,100.0
7830,2,69.81145924312555,69.81145924312555,100.0
7840,0,18.99202575585822,18.99202575585822,100.0
7840,1,63.75905537508546,63.75905537508546,100.0
7840,2,17.24891886905631,17.24891886905631,100.0
7850,0,67.76758876130836,67.76758876130836,100.0
7850,1,17.291240309104445,17.291240309104445,100.0
7850,2,14.941170929587205,14.941170929587205,100.0
7860,0,40.08375579779702,40.08375579779702,100.0
7860,1,22.287531563862466,22.287531563862466,100.0
7860,2,37.62871263834052,37.62871263834052,100.0
7870,0,27.34124115161324,27.34124115161324,100.0
7870,1,33.56233232407444,33.56233232407444,100.0
7870,2,39.09642652431233,39.09642652431233,100.0
7880,0,38.42360561275967,38.42360561275967,100.0
7880,1,37.38705178527947,37.38705178527947,100.0
7880,2,24.18934260196086,24.18934260196086,100.0
7890,0,13.643437054478111,13.643437054478111,100.0
7890,1,10.898297149489931,10.898297149489931,100.0
7890,2,75.45826579603197,75.45826579603197,100.0
7900,0,28.052960803807466,28.052960803807466,100.0
7900,1,32.939676882056794,32.939676882056794,100.0
7900,2,39.00736231413575,39.00736231413575,100.0
7910,0,33.316075000243934,33.316075000243934,100.0
7910,1,35.63604898592067,35.63604898592067,100.0
7910,2,31.047876013835413,31.047876013835413,100.0
7920,0,47.73286292429863,47.73286292429863,100.0
7920,1,41.78431383259608,41.78431383259608,100.0
7920,2,10.482823243105303,10.482823243105303,100.0
7930,0,22.981596784189865,22.981596784189865,100.0
7930,1,17.023534467914548,17.023534467914548,100.0
7930,2,59.994868747895595,59.994868747895595,100.0
7940,0,11.974590373474985,11.974590373474985,100.0
7940,1,25.322282203351985,25.322282203351985,100.0
7940,2,62.70312742317302,62.70312742317302,100.0
7950,0,12.635735956347444,12.635735956347444,100.0
7950,1,14.12497815393381,14.12497815393381,100.0
7950,2,73.23928588971874,73.23928588971874,100.0
7960,0,19.931918121451506,19.931918121451506,100.0
7960,1,50.780690960639674,50.780690960639674,100.0
7960,2,29.287390917908816,29.287390917908816,100.0
7970,0,25.95012651942563,25.95012651942563,100.0
7970,1,35.33017941951992,35.33017941951992,100.0
7970,2,38.71969406105445,38.71969406105445,100.0
7980,0,42.40436830671319,42.40436830671319,100.0
7980,1,43.18908487194647,43.18908487194647,100.0
7980,2,14.406546821340346,14.406546821340346,100.0
7990,0,10.833272218965048,10.833272218965048,100.0
7990,1,58.91273211419805,58.91273211419805,100.0
7990,2,30.253995666836904,30.253995666836904,100.0
8000,0,51.8810068890639,51.8810068890639,100.0
8000,1,40.0095835509125,40.0095835509125,100.0
8000,2,8.109409560023602,8.109409560023602,100.0
8010,0,16.94837984537042,16.94837984537042,100.0
8010,1,26.297160834716554,26.297160834716554,100.0
8010,2,56.75445931991302,56.75445931991302,100.0
8020,0,48.45395913739104,48.45395913739104,100.0
8020,1,11.216840034807896,11.216840034807896,100.0
8020,2,40.329200827801074,40.329200827801074,100.0
8030,0,15.809898689669444,15.809898689669444,100.0
8030,1,63.121023799332164,63.121023799332164,100.0
8030,2,21.069077510998387,21.069077510998387,100.0
8040,0,45.991932484650484,45.991932484650484,100.0
8040,1,39.091849838961615,39.091849838961615,100.0
8040,2,14.916217676387895,14.916217676387895,100.0
8050,0,32.18221808735263,32.18221808735263,100.0
8050,1,25.806302966503747,25.806302966503747,100.0
8050,2,42.01147894614362,42.01147894614362,100.0
8060,0,21.787381565294357,21.787381565294357,100.0
8060,1,23.500399704385806,23.500399704385806,100.0
8060,2,54.71221873031984,54.71221873031984,100.0
8070,0,15.074358656214423,15.074358656214423,100.0
8070,1,12.711135358907855,12.711135358907855,100.0
8070,2,72.21450598487773,72.21450598487773,100.0
8080,0,16.40587957907253,16.40587957907253,100.0
8080,1,47.67675734367232,47.67675734367232,100.0
8080,2,35.917363077255146,35.917363077255146,100.0
8090,0,39.033443868241704,39.033443868241704,100.0
8090,1,32.270025410659564,32.270025410659564,100.0
8090,2,28.69653072109873,28.69653072109873,100.0
8100,0,53.123320684074685,53.123320684074685,100.0
8100,1,37.48721988063565,37.48721988063565,100.0
8100,2,9.389459435289666,9.389459435289666,100.0
8110,0,40.447116349392395,40.447116349392395,100.0
8110,1,49.75251392990596,49.75251392990596,100.0
8110,2,9.800369720701637,9.800369720701637,100.0
8120,0,42.23912294027697,42.23912294027697,100.0
8120,1,43.59826631848141,43.59826631848141,100.0
8120,2,14.162610741241636,14.162610741241636,100.0
8130,0,10.741013447885422,10.741013447885422,100.0
8130,1,13.900157703540117,13.900157703540117,100.0
8130,2,75.35882884857446,75.35882884857446,100.0
8140,0,25.63549787061155,25.63549787061155,100.0
8140,1,33.856147420444344,33.856147420444344,100.0
8140,2,40.50835470894411,40.50835470894411,100.0
8150,0,56.855424007723634,56.855424007723634,100.0
8150,1,32.14014792093231,32.14014792093231,100.0
8150,2,11.004428071344051,11.004428071344051,100.0
8160,0,26.744360079165215,26.744360079165215,100.0
8160,1,31.86056802221376,31.86056802221376,100.0
8160,2,41.395071898621026,41.395071898621026,100.0
8170,0,38.484786925117476,38.484786925117476,100.0
8170,1,46.528770916317384,46.528770916317384,100.0
8170,2,14.986442158565133,14.986442158565133,100.0
8180,0,58.88353836825439,58.88353836825439,100.0
8180,1,15.603102410823922,15.603102410823922,100.0
8180,2,25.513359220921682,25.513359220921682,100.0
8190,0,14.522674481674139,14.522674481674139,100.0
8190,1,13.919422894011587,13.919422894011587,100.0
8190,2,71.55790262431427,71.55790262431427,100.0
8200,0,17.910481729124328,17.910481729124328,100.0
8200,1,48.4721239926047,48.4721239926047,100.0
8200,2,33.61739427827098,33.61739427827098,100.0
8210,0,44.69418861705584,44.69418861705584,100.0
8210,1,40.451209415481074,40.451209415481074,100.0
8210,2,14.854601967463093,14.854601967463093,100.0
8220,0,59.249106692865915,59.249106692865915,100.0
8220,1,16.21618279110781,16.21618279110781,100.0
8220,2,24.53471051602628,24.53471051602628,100.0
8230,0,63.724048984331546,63.724048984331546,100.0
8230,1,22.612647018564108,22.612647018564108,100.0
8230,2,13.663303997104334,13.663303997104334,100.0
8240,0,29.480738085234044,29.480738085234044,100.0
8240,1,28.676820022669038,28.676820022669038,100.0
8240,2,41.842441892096915,41.842441892096915,100.0
8250,0,23.418735436407,23.418735436407,100.0
8250,1,22.284601953000504,22.284601953000504,100.0
8250,2,54.29666261059249,54.29666261059249,100.0
8260,0,25.616390990219063,25.616390990219063,100.0
8260,1,13.162957902243233,13.162957902243233,100.0
8260,2,61.220651107537705,61.220651107537705,100.0
8270,0,22.160221761518972,22.160221761518972,100.0
8270,1,19.743294529239193,19.743294529239193,100.0
8270,2,58.096483709241845,58.096483709241845,100.0
8280,0,58.19196582046414,58.19196582046414,100.0
8280,1,16.134070487795267,16.134070487795267,100.0
8280,2,25.673963691740596,25.673963691740596,100.0
8290,0,25.367192392653383,25.367192392653383,100.0
8290,1,51.73510882372908,51.73510882372908,100.0
8290,2,22.897698783617532,22.897698783617532,100.0
8300,0,33.5857048234385,33.5857048234385,100.0
8300,1,33.05378307928071,33.05378307928071,100.0
8300,2,33.36051209728079,33.36051209728079,100.0
8310,0,12.568586648179997,12.568586648179997,100.0
8310,1,11.481239429712678,11.481239429712678,100.0
8310,2,75.95017392210734,75.95017392210734,100.0
8320,0,55.09202851564602,55.09202851564602,100.0
8320,1,14.958367605960415,14.958367605960415,100.0
8320,2,29.94960387839357,29.94960387839357,100.0
8330,0,39.06697094066829,39.06697094066829,100.0
8330,1,46.25933908323925,46.25933908323925,100.0
8330,2,14.673689976092472,14.673689976092472,100.0
8340,0,66.54446847634674,66.54446847634674,100.0
8340,1,10.65020920092783,10.65020920092783,100.0
8340,2,22.805322322725445,22.805322322725445,100.0
8350,0,61.39792586890941,61.39792586890941,100.0
8350,1,23.920661278254016,23.920661278254016,100.0
8350,2,14.68141285283657,14.68141285283657,100.0
8360,0,32.71550720388882,32.71550720388882,100.0
8360,1,51.491280351231495,51.491280351231495,100.0
8360,2,15.793212444879694,15.793212444879694,100.0
8370,0,16.974961236914226,16.974961236914226,100.0
8370,1,11.604443843359407,11.604443843359407,100.0
8370,2,71.42059491972637,71.42059491972637,100.0
8380,0,56.45441798043615,56.45441798043615,100.0
8380,1,26.43051226198908,26.43051226198908,100.0
8380,2,17.115069757574776,17.115069757574776,100.0
8390,0,43.57606011734404,43.57606011734404,100.0
8390,1,43.480738417368165,43.480738417368165,100.0
8390,2,12.943201465287796,12.943201465287796,100.0
8400,0,58.3525548906066,58.3525548906066,100.0
8400,1,31.166885970353388,31.166885970353388,100.0
8400,2,10.480559139040018,10.480559139040018,100.0
8410,0,38.44083212101204,38.44083212101204,100.0
8410,1,41.199039258846504,41.199039258846504,100.0
8410,2,20.36012862014146,20.36012862014146,100.0
8420,0,22.260799153233602,22.260799153233602,100.0
8420,1,36.21175180187613,36.21175180187613,100.0
8420,2,41.52744904489027,41.52744904489027,100.0
8430,0,18.85659987909591,18.85659987909591,100.0
8430,1,10.703167208810308,10.703167208810308,100.0
8430,2,70.44023291209378,70.44023291209378,100.0
8440,0,53.11158227931162,53.11158227931162,100.0
8440,1,34.44973904168253,34.44973904168253,100.0
8440,2,12.438678679005848,12.438678679005848,100.0
8450,0,57.12725712042976,57.12725712042976,100.0
8450,1,21.569991620402508,21.569991620402508,100.0
8450,2,21.302751259167728,21.302751259167728,100.0
8460,0,22.490084386638017,22.490084386638017,100.0
8460,1,17.401651659850042,17.401651659850042,100.0
8460,2,60.108263953511944,60.108263953511944,100.0
8470,0,45.28207188986329,45.28207188986329,100.0
8470,1,27.367281548975793,27.367281548975793,100.0
8470,2,27.350646561160914,27.350646561160914,100.0
8480,0,14.920512715311737,14.920512715311737,100.0
8480,1,47.51889214216959,47.51889214216959,100.0
8480,2,37.56059514251868,37.56059514251868,100.0
8490,0,13.724020096314755,13.724020096314755,100.0
8490,1,12.730472513897768,12.730472513897768,100.0
8490,2,73.54550738978747,73.54550738978747,100.0
8500,0,25.16415104401351,25.16415104401351,100.0
8500,1,35.088475074109546,35.088475074109546,100.0
8500,2,39.74737388187695,39.74737388187695,100.0
8510,0,13.696782567607704,13.696782567607704,100.0
8510,1,48.19669276515206,48.19669276515206,100.0
8510,2,38.10652466724025,38.10652466724025,100.0
8520,0,16.314525581732433,16.314525581732433,100.0
8520,1,17.13993395406678,17.13993395406678,100.0
8520,2,66.5455404642008,66.5455404642008,100.0
8530,0,54.13853655379574,54.13853655379574,100.0
8530,1,23.03985856459977,23.03985856459977,100.0
8530,2,22.82160488160449,22.82160488160449,100.0
8540,0,42.536233641771304,42.536233641771304,100.0
8540,1,10.530534798319824,10.530534798319824,100.0
8540,2,46.933231559908876,46.933231559908876,100.0
8550,0,37.67564266406294,37.67564266406294,100.0
8550,1,28.892277697992068,28.892277697992068,100.0
8550,2,33.43207963794499,33.43207963794499,100.0
8560,0,9.195025770533755,9.195025770533755,100.0
8560,1,59.854442027037514,59.854442027037514,100.0
8560,2,30.950532202428732,30.950532202428732,100.0
8570,0,12.016824465599786,12.016824465599786,100.0
8570,1,61.26250193760151,61.26250193760151,100.0
8570,2,26.72067359679871,26.72067359679871,100.0
8580,0,47.22400306087295,47.22400306087295,100.0
8580,1,18.860756515828147,18.860756515828147,100.0
8580,2,33.91524042329891,33.91524042329891,100.0
8590,0,44.85225335512003,44.85225335512003,100.0
8590,1,26.92553319521834,26.92553319521834,100.0
8590,2,28.22221344966164,28.22221344966164,100.0
8600,0,12.604627456037528,12.604627456037528,100.0
8600,1,57.3214871417041,57.3214871417041,100.0
8600,2,30.073885402258377,30.073885402258377,100.0
8610,0,10.972241036469503,10.972241036469503,100.0
8610,1,11.160401115654226,11.160401115654226,100.0
8610,2,77.86735784787628,77.86735784787628,100.0
8620,0,42.5358301796607,42.5358301796607,100.0
8620,1,32.90451686328264,32.90451686328264,100.0
8620,2,24.559652957056674,24.559652957056674,100.0
8630,0,27.82192169440258,27.82192169440258,100.0
8630,1,40.64380145769883,40.64380145769883,100.0
8630,2,31.534276847898614,31.534276847898614,100.0
8640,0,55.746826599384605,55.746826599384605,100.0
8640,1,17.021314050581996,17.021314050581996,100.0
8640,2,27.231859350033403,27.231859350033403,100.0
8650,0,17.258947597308385,17.258947597308385,100.0
8650,1,43.490688666103026,43.490688666103026,100.0
8650,2,39.25036373658858,39.25036373658858,100.0
8660,0,31.09754469822065,31.09754469822065,100.0
8660,1,54.291060322514795,54.291060322514795,100.0
8660,2,14.611394979264569,14.611394979264569,100.0
8670,0,29.41753716579586,29.41753716579586,100.0
8670,1,9.448420403351005,9.448420403351005,100.0
8670,2,61.13404243085313,61.13404243085313,100.0
8680,0,36.404017415245846,36.404017415245846,100.0
8680,1,34.337797470605544,34.337797470605544,100.0
8680,2,29.258185114148606,29.258185114148606,100.0
8690,0,54.77489348723221,54.77489348723221,100.0
8690,1,15.521550301710976,15.521550301710976,100.0
8690,2,29.703556211056814,29.703556211056814,100.0
8700,0,24.134423997303898,24.134423997303898,100.0
8700,1,55.20957520720493,55.20957520720493,100.0
8700,2,20.656000795491174,20.656000795491174,100.0
8710,0,21.55865737004793,21.55865737004793,100.0
8710,1,24.373916724337953,24.373916724337953,100.0
8710,2,54.06742590561412,54.06742590561412,100.0
8720,0,21.073301629812406,21.073301629812406,100.0
8720,1,58.044799017067504,58.044799017067504,100.0
8720,2,20.881899353120104,20.881899353120104,100.0
8730,0,11.149122248785615,11.149122248785615,100.0
8730,1,10.920340140469714,10.920340140469714,100.0
8730,2,77.93053761074468,77.93053761074468,100.0
8740,0,15.36410883277554,15.36410883277554,100.0
8740,1,67.94997300950727,67.94997300950727,100.0
8740,2,16.685918157717193,16.685918157717193,100.0
8750,0,61.13344388687466,61.13344388687466,100.0
8750,1,9.185781752191462,9.185781752191462,100.0
8750,2,29.68077436093389,29.68077436093389,100.0
8760,0,19.211376701766902,19.211376701766902,100.0
8760,1,32.63487866255557,32.63487866255557,100.0
8760,2,48.153744635677526,48.153744635677526,100.0
8770,0,27.12697137534924,27.12697137534924,100.0
8770,1,44.307014491178734,44.307014491178734,100.0
8770,2,28.566014133472024,28.566014133472024,100.0
8780,0,49.22018298171407,49.22018298171407,100.0
8780,1,35.652193947135295,35.652193947135295,100.0
8780,2,15.127623071150634,15.127623071150634,100.0
8790,0,10.69904336266747,10.69904336266747,100.0
8790,1,12.756374006375715,12.756374006375715,100.0
8790,2,76.54458263095681,76.54458263095681,100.0
8800,0,58.29703047058635,58.29703047058635,100.0
8800,1,24.872241907929713,24.872241907929713,100.0
8800,2,16.83072762148393,16.83072762148393,100.0
8810,0,31.48035471009002,31.48035471009002,100.0
8810,1,37.41245451053867,37.41245451053867,100.0
8810,2,31.107190779371308,31.107190779371308,100.0
8820,0,15.691942424613684,15.691942424613684,100.0
8820,1,19.41255046797495,19.41255046797495,100.0
8820,2,64.89550710741138,64.89550710741138,100.0
8830,0,50.19754487322097,50.19754487322097,100.0
8830,1,29.370686803434726,29.370686803434726,100.0
8830,2,20.431768323344315,20.431768323344315,100.0
8840,0,41.33453222061121,41.33453222061121,100.0
8840,1,35.1087211025154,35.1087211025154,100.0
8840,2,23.556746676873384,23.556746676873384,100.0
8850,0,11.669663799207907,11.669663799207907,100.0
8850,1,11.725620190789538,11.725620190789538,100.0
8850,2,76.60471601000256,76.60471601000256,100.0
8860,0,54.13522781554465,54.13522781554465,100.0
8860,1,16.296493416627833,16.296493416627833,100.0
8860,2,29.568278767827522,29.568278767827522,100.0
8870,0,44.66791867601783,44.66791867601783,100.0
8870,1,43.80186901401973,43.80186901401973,100.0
8870,2,11.53021230996245,11.53021230996245,100.0
8880,0,37.88403658732318,37.88403658732318,100.0
8880,1,20.009982845100577,20.009982845100577,100.0
8880,2,42.10598056757625,42.10598056757625,100.0
8890,0,17.80880653643953,17.80880653643953,100.0
8890,1,68.00596930079983,68.00596930079983,100.0
8890,2,14.185224162760635,14.185224162760635,100.0
8900,0,23.762992813056112,23.762992813056112,100.0
8900,1,39.871778548291516,39.871778548291516,100.0
8900,2,36.36522863865238,36.36522863865238,100.0
8910,0,12.306719946109986,12.306719946109986,100.0
8910,1,12.210887881998366,12.210887881998366,100.0
8910,2,75.48239217189165,75.48239217189165,100.0
8920,0,35.45606642559772,35.45606642559772,100.0
8920,1,41.08036600365706,41.08036600365706,100.0
8920,2,23.46356757074521,23.46356757074521,100.0
8930,0,29.000614843712945,29.000614843712945,100.0
8930,1,51.34380180126177,51.34380180126177,100.0
8930,2,19.6555833550253,19.6555833550253,100.0
8940,0,36.84388287658135,36.84388287658135,100.0
8940,1,47.032327123078346,47.032327123078346,100.0
8940,2,16.123790000340303,16.123790000340303,100.0
8950,0,34.822511435291474,34.822511435291474,100.0
8950,1,22.285170712070347,22.285170712070347,100.0
8950,2,42.89231785263819,42.89231785263819,100.0
8960,0,39.12632197894003,39.12632197894003,100.0
8960,1,13.600566949166874,13.600566949166874,100.0
8960,2,47.27311107189311,47.27311107189311,100.0
8970,0,19.199052441582555,19.199052441582555,100.0
8970,1,10.637566488602237,10.637566488602237,100.0
8970,2,70.16338106981522,70.16338106981522,100.0
8980,0,48.889996616655715,48.889996616655715,100.0
8980,1,24.3652829790337,24.3652829790337,100.0
8980,2,26.74472040431058,26.74472040431058,100.0
8990,0,59.15061634637898,59.15061634637898,100.0
8990,1,11.12484288342221,11.12484288342221,100.0
8990,2,29.724540770198814,29.724540770198814,100.0
9000,0,49.01356927667284,49.01356927667284,100.0
9000,1,25.650641093776166,25.650641093776166,100.0
9000,2,25.335789629550998,25.335789629550998,100.0
9010,0,25.60398620881382,25.60398620881382,100.0
9010,1,16.251750814498802,16.251750814498802,100.0
9010,2,58.144262976687386,58.144262976687386,100.0
9020,0,30.05504116916473,30.05504116916473,100.0
9020,1,54.65777270105778,54.65777270105778,100.0
9020,2,15.287186129777503,15.287186129777503,100.0
9030,0,19.47463052467619,19.47463052467619,100.0
9030,1,14.028950275983492,14.028950275983492,100.0
9030,2,66.49641919934032,66.49641919934032,100.0
9040,0,57.748226628294,57.748226628294,100.0
9040,1,27.5990862552645,27.5990862552645,100.0
9040,2,14.65268711644151,14.65268711644151,100.0
9050,0,53.27640380737041,53.27640380737041,100.0
9050,1,19.083748496553007,19.083748496553007,100.0
9050,2,27.639847696076593,27.639847696076593,100.0
9060,0,37.6670963979722,37.6670963979722,100.0
9060,1,11.225617283557915,11.225617283557915,100.0
9060,2,51.10728631846988,51.10728631846988,100.0
9070,0,42.62663017920598,42.62663017920598,100.0
9070,1,26.19569598849222,26.19569598849222,100.0
9070,2,31.177673832301807,31.177673832301807,100.0
9080,0,8.538617089025728,8.538617089025728,100.0
9080,1,43.25085440046602,43.25085440046602,100.0
9080,2,48.210528510508254,48.210528510508254,100.0
9090,0,11.651300401151245,11.651300401151245,100.0
9090,1,10.851683007087273,10.851683007087273,100.0
9090,2,77.49701659176148,77.49701659176148,100.0
9100,0,37.669532565067826,37.669532565067826,100.0
9100,1,32.520556601069714,32.520556601069714,100.0
9100,2,29.809910833862464,29.809910833862464,100.0
9110,0,29.344596071763966,29.344596071763966,100.0
9110,1,35.066166246937186,35.066166246937186,100.0
9110,2,35.589237681298854,35.589237681298854,100.0
9120,0,29.60594783841578,29.60594783841578,100.0
9120,1,32.539022472097514,32.539022472097514,100.0
9120,2,37.855029689486706,37.855029689486706,100.0
9130,0,52.27364813383305,52.27364813383305,100.0
9130,1,8.353791378251678,8.353791378251678,100.0
9130,2,39.37256048791527,39.37256048791527,100.0
9140,0,50.252082924559225,50.252082924559225,100.0
9140,1,10.533662459499329,10.533662459499329,100.0
9140,2,39.21425461594144,39.21425461594144,100.0
9150,0,14.411119630251015,14.411119630251015,100.0
9150,1,16.2728503079521,16.2728503079521,100.0
9150,2,69.31603006179688,69.31603006179688,100.0
9160,0,15.694579692482963,15.694579692482963,100.0
9160,1,67.4144575477183,67.4144575477183,100.0
9160,2,16.89096275979873,16.89096275979873,100.0
9170,0,28.703071460778133,28.703071460778133,100.0
9170,1,34.954547292966225,34.954547292966225,100.0
9170,2,36.34238124625564,36.34238124625564,100.0
9180,0,55.48070420465317,55.48070420465317,100.0
9180,1,26.963289301032532,26.963289301032532,100.0
9180,2,17.55600649431429,17.55600649431429,100.0
9190,0,33.0357844297447,33.0357844297447,100.0
9190,1,28.002902383089562,28.002902383089562,100.0
9190,2,38.961313187165736,38.961313187165736,100.0
9200,0,20.40405690250178,20.40405690250178,100.0
9200,1,51.30367615868,51.30367615868,100.0
9200,2,28.292266938818226,28.292266938818226,100.0
9210,0,12.091328343651337,12.091328343651337,100.0
9210,1,12.354705218326856,12.354705218326856,100.0
9210,2,75.55396643802182,75.55396643802182,100.0
9220,0,50.172859670262426,50.172859670262426,100.0
9220,1,14.258961102310725,14.258961102310725,100.0
9220,2,35.568179227426846,35.568179227426846,100.0
9230,0,13.837376077439204,13.837376077439204,100.0
9230,1,49.79662680758323,49.79662680758323,100.0
9230,2,36.365997114977574,36.365997114977574,100.0
9240,0,19.427070111043516,19.427070111043516,100.0
9240,1,46.50647080569036,46.50647080569036,100.0
9240,2,34.066459083266125,34.066459083266125,100.0
9250,0,53.24360059313528,53.24360059313528,100.0
9250,1,27.895267131793332,27.895267131793332,100.0
9250,2,18.861132275071384,18.861132275071384,100.0
9260,0,28.495288915486377,28.495288915486377,100.0
9260,1,24.19480318475523,24.19480318475523,100.0
9260,2,47.3099078997584,47.3099078997584,100.0
9270,0,15.054281395112037,15.054281395112037,100.0
9270,1,21.656492633845218,21.656492633845218,100.0
9270,2,63.289225971042754,63.289225971042754,100.0
9280,0,50.04455690572331,50.04455690572331,100.0
9280,1,10.109979461752335,10.109979461752335,100.0
9280,2,39.84546363252435,39.84546363252435,100.0
9290,0,52.44894269749826,52.44894269749826,100.0
9290,1,33.546535767526954,33.546535767526954,100.0
9290,2,14.00452153497479,14.00452153497479,100.0
9300,0,13.111558382577032,13.111558382577032,100.0
9300,1,32.13608904590123,32.13608904590123,100.0
9300,2,54.75235257152173,54.75235257152173,100.0
9310,0,31.803942269386127,31.803942269386127,100.0
9310,1,42.72560954303894,42.72560954303894,100.0
9310,2,25.470448187574934,25.470448187574934,100.0
9320,0,19.27086862810976,19.27086862810976,100.0
9320,1,39.88915228357421,39.88915228357421,100.0
9320,2,40.83997908831603,40.83997908831603,100.0
9330,0,12.209389420640477,12.209389420640477,100.0
9330,1,11.730361997163378,11.730361997163378,100.0
9330,2,76.06024858219614,76.06024858219614,100.0
9340,0,49.213674368404774,49.213674368404774,100.0
9340,1,19.286055457303988,19.286055457303988,100.0
9340,2,31.500270174291238,31.500270174291238,100.0
9350,0,24.056493008020087,24.056493008020087,100.0
9350,1,28.1368123195105,28.1368123195105,100.0
9350,2,47.806694672469405,47.806694672469405,100.0
9360,0,40.27947045877449,40.27947045877449,100.0
9360,1,37.462350694458536,37.462350694458536,100.0
9360,2,22.258178846766967,22.258178846766967,100.0
9370,0,52.80578046569261,52.80578046569261,100.0
9370,1,9.791678215108421,9.791678215108421,100.0
9370,2,37.402541319198974,37.402541319198974,100.0
9380,0,31.347021000604375,31.347021000604375,100.0
9380,1,32.88795997858397,32.88795997858397,100.0
9380,2,35.76501902081166,35.76501902081166,100.0
9390,0,14.1222602313367,14.1222602313367,100.0
9390,1,13.55642635397424,13.55642635397424,100.0
9390,2,72.32131341468906,72.32131341468906,100.0
9400,0,26.260591431011477,26.260591431011477,100.0
9400,1,33.4402038645567,33.4402038645567,100.0
9400,2,40.299204704431816,40.299204704431816,100.0
9410,0,26.612046458430168,26.612046458430168,100.0
9410,1,40.486799916592396,40.486799916592396,100.0
9410,2,32.90115362497744,32.90115362497744,100.0
9420,0,38.72885359036047,38.72885359036047,100.0
9420,1,38.092491376738856,38.092491376738856,100.0
9420,2,23.178655032900675,23.178655032900675,100.0
9430,0,68.0385173618155,68.0385173618155,100.0
9430,1,18.66581944498595,18.66581944498595,100.0
9430,2,13.295663193198571,13.295663193198571,100.0
9440,0,37.441061805717226,37.441061805717226,100.0
9440,1,20.778353164679746,20.778353164679746,100.0
9440,2,41.78058502960303,41.78058502960303,100.0
9450,0,14.738438997828585,14.738438997828585,100.0
9450,1,11.510679978295764,11.510679978295764,100.0
9450,2,73.75088102387566,73.75088102387566,100.0
9460,0,30.168512137593158,30.168512137593158,100.0
9460,1,24.495552953476388,24.495552953476388,100.0
9460,2,45.33593490893046,45.33593490893046,100.0
9470,0,16.893190957149866,16.893190957149866,100.0
9470,1,55.01969425912332,55.01969425912332,100.0
9470,2,28.08711478372682,28.08711478372682,100.0
9480,0,19.69117101265804,19.69117101265804,100.0
9480,1,30.91285392329984,30.91285392329984,100.0
9480,2,49.39597506404212,49.39597506404212,100.0
9490,0,31.447085629055948,31.447085629055948,100.0
9490,1,38.28323609213989,38.28323609213989,100.0
9490,2,30.269678278804175,30.269678278804175,100.0
9500,0,31.396994265239908,31.396994265239908,100.0
9500,1,43.5947670465955,43.5947670465955,100.0
9500,2,25.008238688164592,25.008238688164592,100.0
9510,0,19.63514380775676,19.63514380775676,100.0
9510,1,11.028741089671849,11.028741089671849,100.0
9510,2,69.3361151025714,69.3361151025714,100.0
9520,0,28.063258060838002,28.063258060838002,100.0
9520,1,31.461080336831664,31.461080336831664,100.0
9520,2,40.475661602330334,40.475661602330334,100.0
9530,0,56.60575936849579,56.60575936849579,100.0
9530,1,14.738645606482786,14.738645606482786,100.0
9530,2,28.655595025021423,28.655595025021423,100.0
9540,0,25.107596272423788,25.107596272423788,100.0
9540,1,34.81048805984435,34.81048805984435,100.0
9540,2,40.081915667731856,40.081915667731856,100.0
9550,0,10.483898450524295,10.483898450524295,100.0
9550,1,55.388936787208166,55.388936787208166,100.0
9550,2,34.12716476226755,34.12716476226755,100.0
9560,0,34.14861540639122,34.14861540639122,100.0
9560,1,16.518632693818784,16.518632693818784,100.0
9560,2,49.33275189978999,49.33275189978999,100.0
9570,0,29.505766985373842,29.505766985373842,100.0
9570,1,17.682334161779796,17.682334161779796,100.0
9570,2,52.81189885284636,52.81189885284636,100.0
9580,0,41.129983991833505,41.129983991833505,100.0
9580,1,16.867884223989826,16.867884223989826,100.0
9580,2,42.00213178417667,42.00213178417667,100.0
9590,0,17.001258268874103,17.001258268874103,100.0
9590,1,55.51345385666656,55.51345385666656,100.0
9590,2,27.485287874459335,27.485287874459335,100.0
9600,0,17.84687100249453,17.84687100249453,100.0
9600,1,43.55388680138076,43.55388680138076,100.0
9600,2,38.5992421961247,38.5992421961247,100.0
9610,0,10.66611145353683,10.66611145353683,100.0
9610,1,28.6278043208216,28.6278043208216,100.0
9610,2,60.706084225641575,60.706084225641575,100.0
9620,0,23.21783620379746,23.21783620379746,100.0
9620,1,44.28142982221201,44.28142982221201,100.0
9620,2,32.50073397399053,32.50073397399053,100.0
9630,0,11.135202727765789,11.135202727765789,100.0
9630,1,11.256283112874458,11.256283112874458,100.0
9630,2,77.60851415935976,77.60851415935976,100.0
9640,0,49.02212066562146,49.02212066562146,100.0
9640,1,14.986124063929914,14.986124063929914,100.0
9640,2,35.991755270448635,35.991755270448635,100.0
9650,0,49.449145093129836,49.449145093129836,100.0
9650,1,20.530866020419698,20.530866020419698,100.0
9650,2,30.01998888645047,30.01998888645047,100.0
9660,0,16.02464443008956,16.02464443008956,100.0
9660,1,19.76835748855986,19.76835748855986,100.0
9660,2,64.20699808135059,64.20699808135059,100.0
9670,0,15.02165060708098,15.02165060708098,100.0
9670,1,12.018383188625528,12.018383188625528,100.0
9670,2,72.9599662042935,72.9599662042935,100.0
9680,0,34.96988957820239,34.96988957820239,100.0
9680,1,38.218659965337274,38.218659965337274,100.0
9680,2,26.81145045646034,26.81145045646034,100.0
9690,0,12.646793910356477,12.646793910356477,100.0
9690,1,11.415830021331042,11.415830021331042,100.0
9690,2,75.93737606831249,75.93737606831249,100.0
9700,0,55.23469508290587,55.23469508290587,100.0
9700,1,17.837395882678646,17.837395882678646,100.0
9700,2,26.92790903441548,26.92790903441548,100.0
9710,0,39.03249424659851,39.03249424659851,100.0
9710,1,22.045183862859403,22.045183862859403,100.0
9710,2,38.922321890542094,38.922321890542094,100.0
9720,0,11.436428331715605,11.436428331715605,100.0
9720,1,50.82529525330044,50.82529525330044,100.0
9720,2,37.738276414983964,37.738276414983964,100.0
9730,0,16.113021480738148,16.113021480738148,100.0
9730,1,50.85486760449099,50.85486760449099,100.0
9730,2,33.03211091477086,33.03211091477086,100.0
9740,0,72.54089168369451,72.54089168369451,100.0
9740,1,13.796531089615922,13.796531089615922,100.0
9740,2,13.662577226689566,13.662577226689566,100.0
9750,0,15.524233795960058,15.524233795960058,100.0
9750,1,13.778900949691375,13.778900949691375,100.0
9750,2,70.69686525434858,70.69686525434858,100.0
9760,0,37.87082271820714,37.87082271820714,100.0
9760,1,36.246569070068006,36.246569070068006,100.0
9760,2,25.882608211724857,25.882608211724857,100.0
9770,0,15.377519824644889,15.377519824644889,100.0
9770,1,46.556922500877334,46.556922500877334,100.0
9770,2,38.06555767447779,38.06555767447779,100.0
9780,0,19.19635294335609,19.19635294335609,100.0
9780,1,39.7219427441484,39.7219427441484,100.0
9780,2,41.08170431249552,41.08170431249552,100.0
9790,0,36.21112468878627,36.21112468878627,100.0
9790,1,36.35980928034258,36.35980928034258,100.0
9790,2,27.429066030871148,27.429066030871148,100.0
9800,0,38.11017386915617,38.11017386915617,100.0
9800,1,35.347078728086274,35.347078728086274,100.0
9800,2,26.542747402757556,26.542747402757556,100.0
9810,0,16.299461368874006,16.299461368874006,100.0
9810,1,11.664556898770995,11.664556898770995,100.0
9810,2,72.035981732355,72.035981732355,100.0
9820,0,69.56267483426531,69.56267483426531,100.0
9820,1,16.360280568809692,16.360280568809692,100.0
9820,2,14.077044596924996,14.077044596924996,100.0
9830,0,38.5185947927234,38.5185947927234,100.0
9830,1,39.95443458851673,39.95443458851673,100.0
9830,2,21.526970618759876,21.526970618759876,100.0
9840,0,54.255685126464556,54.255685126464556,100.0
9840,1,15.4771131981783,15.4771131981783,100.0
9840,2,30.267201675357143,30.267201675357143,100.0
9850,0,10.554305842236767,10.554305842236767,100.0
9850,1,41.933407347559864,41.933407347559864,100.0
9850,2,47.51228681020336,47.51228681020336,100.0
9860,0,12.044425357399986,12.044425357399986,100.0
9860,1,39.83585908266949,39.83585908266949,100.0
9860,2,48.119715559930526,48.119715559930526,100.0
9870,0,21.37006999998139,21.37006999998139,100.0
9870,1,10.637002315853792,10.637002315853792,100.0
9870,2,67.99292768416481,67.99292768416481,100.0
9880,0,40.81302378742727,40.81302378742727,100.0
9880,1,29.745785781543855,29.745785781543855,100.0
9880,2,29.44119043102888,29.44119043102888,100.0
9890,0,38.60234410111017,38.60234410111017,100.0
9890,1,39.10067551250275,39.10067551250275,100.0
9890,2,22.296980386387087,22.296980386387087,100.0
9900,0,18.483095952093826,18.483095952093826,100.0
9900,1,65.80499123221875,65.80499123221875,100.0
9900,2,15.711912815687423,15.711912815687423,100.0
9910,0,42.106075692025044,42.106075692025044,100.0
9910,1,48.427476008649755,48.427476008649755,100.0
9910,2,9.466448299325199,9.466448299325199,100.0
9920,0,29.148695824886133,29.148695824886133,100.0
9920,1,18.228973323974554,18.228973323974554,100.0
9920,2,52.622330851139324,52.622330851139324,100.0
9930,0,11.59638613882879,11.59638613882879,100.0
9930,1,16.1604745250278,16.1604745250278,100.0
9930,2,72.2431393361434,72.2431393361434,100.0
9940,0,50.32322454828942,50.32322454828942,100.0
9940,1,28.611647086894788,28.611647086894788,100.0
9940,2,21.065128364815813,21.065128364815813,100.0
9950,0,29.478963363165057,29.478963363165057,100.0
9950,1,37.331858423099796,37.331858423099796,100.0
9950,2,33.18917821373515,33.18917821373515,100.0
9960,0,40.51010443982253,40.51010443982253,100.0
9960,1,31.912276329090396,31.912276329090396,100.0
9960,2,27.57761923108707,27.57761923108707,100.0
9970,0,32.41090006429312,32.41090006429312,100.0
9970,1,43.375193007957655,43.375193007957655,100.0
9970,2,24.213906927749214,24.213906927749214,100.0
9980,0,38.29573898394966,38.29573898394966,100.0
9980,1,31.09628294270788,31.09628294270788,100.0
9980,2,30.60797807334247,30.60797807334247,100.0
9990,0,11.410878356472502,11.410878356472502,100.0
9990,1,13.311478012404788,13.311478012404788,100.0
9990,2,75.27764363112271,75.27764363112271,100.0
