timestamp,sliceId,dedicatedPRB,minPRB,maxPRB
510,0,8.576161409570856,8.576161409570856,100.0
510,1,36.10903170711461,36.10903170711461,100.0
510,2,55.314806883314525,55.314806883314525,100.0
520,0,58.790471559995794,58.790471559995794,100.0
520,1,17.79955074080311,17.79955074080311,100.0
520,2,23.409977699201086,23.409977699201086,100.0
530,0,27.83506922012689,27.83506922012689,100.0
530,1,12.092824546396821,12.092824546396821,100.0
530,2,60.0721062334763,60.0721062334763,100.0
540,0,44.13506663206228,44.13506663206228,100.0
540,1,46.08041700053598,46.08041700053598,100.0
540,2,9.784516367401746,9.784516367401746,100.0
550,0,24.605260223998915,24.605260223998915,100.0
550,1,13.116815131626957,13.116815131626957,100.0
550,2,62.277924644374124,62.277924644374124,100.0
560,0,65.56821564333764,65.56821564333764,100.0
560,1,15.354712663023479,15.354712663023479,100.0
560,2,19.077071693638885,19.077071693638885,100.0
570,0,12.72421009638628,12.72421009638628,100.0
570,1,12.380630950571927,12.380630950571927,100.0
570,2,74.8951589530418,74.8951589530418,100.0
580,0,40.90361926615591,40.90361926615591,100.0
580,1,47.403907888664456,47.403907888664456,100.0
580,2,11.69247284517963,11.69247284517963,100.0
590,0,44.88457873251978,44.88457873251978,100.0
590,1,32.88769709350333,32.88769709350333,100.0
590,2,22.227724173976895,22.227724173976895,100.0
600,0,61.87992807251549,61.87992807251549,100.0
600,1,27.33029044760025,27.33029044760025,100.0
600,2,10.789781479884265,10.789781479884265,100.0
610,0,21.134727076778514,21.134727076778514,100.0
610,1,62.488950733667934,62.488950733667934,100.0
610,2,16.37632218955355,16.37632218955355,100.0
620,0,51.31118330103518,51.31118330103518,100.0
620,1,27.436950935059667,27.436950935059667,100.0
620,2,21.25186576390516,21.25186576390516,100.0
630,0,11.551596812181126,11.551596812181126,100.0
630,1,11.38935627208783,11.38935627208783,100.0
630,2,77.05904691573106,77.05904691573106,100.0
640,0,54.04709203998108,54.04709203998108,100.0
640,1,31.211873567946324,31.211873567946324,100.0
640,2,14.74103439207259,14.74103439207259,100.0
650,0,56.52192180645351,56.52192180645351,100.0
650,1,15.362768684737746,15.362768684737746,100.0
650,2,28.115309508808746,28.115309508808746,100.0
660,0,68.4493791312492,68.4493791312492,100.0
660,1,16.143119135731407,16.143119135731407,100.0
660,2,15.407501733019402,15.407501733019402,100.0
670,0,55.84219640017013,55.84219640017013,100.0
670,1,33.865339074791734,33.865339074791734,100.0
670,2,10.292464525038152,10.292464525038152,100.0
680,0,41.282336598029154,41.282336598029154,100.0
680,1,43.262781082491976,43.262781082491976,100.0
680,2,15.454882319478877,15.454882319478877,100.0
690,0,19.075050490402678,19.075050490402678,100.0
690,1,17.484193230124536,17.484193230124536,100.0
690,2,63.44075627947279,63.44075627947279,100.0
700,0,47.44362879147927,47.44362879147927,100.0
700,1,43.85638769387018,43.85638769387018,100.0
700,2,8.69998351465054,8.69998351465054,100.0
710,0,14.943876264403233,14.943876264403233,100.0
710,1,16.128721495732933,16.128721495732933,100.0
710,2,68.92740223986384,68.92740223986384,100.0
720,0,43.9130414695651,43.9130414695651,100.0
720,1,45.6116884657558,45.6116884657558,100.0
720,2,10.475270064679105,10.475270064679105,100.0
730,0,35.15486037394721,35.15486037394721,100.0
730,1,38.851281304015096,38.851281304015096,100.0
730,2,25.99385832203768,25.99385832203768,100.0
740,0,74.39641431713349,74.39641431713349,100.0
740,1,12.000601533453265,12.000601533453265,100.0
740,2,13.602984149413244,13.602984149413244,100.0
750,0,14.638649200883815,14.638649200883815,100.0
750,1,15.199147625230298,15.199147625230298,100.0
750,2,70.16220317388589,70.16220317388589,100.0
760,0,34.56865734193388,34.56865734193388,100.0
760,1,24.72577015751919,24.72577015751919,100.0
760,2,40.705572500546936,40.705572500546936,100.0
770,0,35.381236179604045,35.381236179604045,100.0
770,1,14.45038836674703,14.45038836674703,100.0
770,2,50.16837545364893,50.16837545364893,100.0
780,0,37.97097289201325,37.97097289201325,100.0
780,1,32.21721929668178,32.21721929668178,100.0
780,2,29.811807811304973,29.811807811304973,100.0
790,0,30.91353943525116,30.91353943525116,100.0
790,1,32.88288268144568,32.88288268144568,100.0
790,2,36.203577883303154,36.203577883303154,100.0
800,0,22.265391971501654,22.265391971501654,100.0
800,1,32.83810542102472,32.83810542102472,100.0
800,2,44.89650260747363,44.89650260747363,100.0
810,0,11.284976135150329,11.284976135150329,100.0
810,1,12.51263522687076,12.51263522687076,100.0
810,2,76.20238863797891,76.20238863797891,100.0
820,0,53.164521210993975,53.164521210993975,100.0
820,1,23.00875304586196,23.00875304586196,100.0
820,2,23.826725743144078,23.826725743144078,100.0
830,0,21.29291218162385,21.29291218162385,100.0
830,1,17.139264197931446,17.139264197931446,100.0
830,2,61.567823620444706,61.567823620444706,100.0
840,0,38.696782353357875,38.696782353357875,100.0
840,1,20.814523288273186,20.814523288273186,100.0
840,2,40.48869435836895,40.48869435836895,100.0
850,0,67.41409718261079,67.41409718261079,100.0
850,1,15.71838796262056,15.71838796262056,100.0
850,2,16.867514854768665,16.867514854768665,100.0
860,0,18.21776809426957,18.21776809426957,100.0
860,1,22.87988489133792,22.87988489133792,100.0
860,2,58.90234701439251,58.90234701439251,100.0
870,0,11.569088580009264,11.569088580009264,100.0
870,1,20.83872995860523,20.83872995860523,100.0
870,2,67.59218146138551,67.59218146138551,100.0
880,0,52.65330706631961,52.65330706631961,100.0
880,1,36.13776185214577,36.13776185214577,100.0
880,2,11.208931081534626,11.208931081534626,100.0
890,0,61.359943319642326,61.359943319642326,100.0
890,1,11.413534285509785,11.413534285509785,100.0
890,2,27.22652239484788,27.22652239484788,100.0
900,0,65.5068622753461,65.5068622753461,100.0
900,1,15.348097932761796,15.348097932761796,100.0
900,2,19.14503979189211,19.14503979189211,100.0
910,0,30.150264071942512,30.150264071942512,100.0
910,1,35.233605976403595,35.233605976403595,100.0
910,2,34.6161299516539,34.6161299516539,100.0
920,0,36.85349010756123,36.85349010756123,100.0
920,1,30.230689893631858,30.230689893631858,100.0
920,2,32.91581999880692,32.91581999880692,100.0
930,0,14.864900142286771,14.864900142286771,100.0
930,1,11.240462783255325,11.240462783255325,100.0
930,2,73.8946370744579,73.8946370744579,100.0
940,0,49.40450732554838,49.40450732554838,100.0
940,1,27.88949852980268,27.88949852980268,100.0
940,2,22.705994144648944,22.705994144648944,100.0
950,0,54.43074060773898,54.43074060773898,100.0
950,1,23.708419172889894,23.708419172889894,100.0
950,2,21.860840219371134,21.860840219371134,100.0
960,0,22.259293022640758,22.259293022640758,100.0
960,1,47.91467716371269,47.91467716371269,100.0
960,2,29.82602981364656,29.82602981364656,100.0
970,0,29.87366595152214,29.87366595152214,100.0
970,1,48.23145809862632,48.23145809862632,100.0
970,2,21.894875949851546,21.894875949851546,100.0
980,0,16.984548388286512,16.984548388286512,100.0
980,1,62.94190912493056,62.94190912493056,100.0
980,2,20.073542486782927,20.073542486782927,100.0
990,0,35.774899776450894,35.774899776450894,100.0
990,1,35.20234007789434,35.20234007789434,100.0
990,2,29.022760145654775,29.022760145654775,100.0
1000,0,62.794892623704236,62.794892623704236,100.0
1000,1,16.13401928358889,16.13401928358889,100.0
1000,2,21.07108809270688,21.07108809270688,100.0
1010,0,34.58513756109529,34.58513756109529,100.0
1010,1,36.95692928155065,36.95692928155065,100.0
1010,2,28.45793315735407,28.45793315735407,100.0
1020,0,24.798383902168272,24.798383902168272,100.0
1020,1,25.544899477121742,25.544899477121742,100.0
1020,2,49.65671662070999,49.65671662070999,100.0
1030,0,31.555659500337114,31.555659500337114,100.0
1030,1,12.668150623844094,12.668150623844094,100.0
1030,2,55.7761898758188,55.7761898758188,100.0
1040,0,60.27993536194948,60.27993536194948,100.0
1040,1,13.040170465170581,13.040170465170581,100.0
1040,2,26.679894172879937,26.679894172879937,100.0
1050,0,19.586460253777393,19.586460253777393,100.0
1050,1,15.485218985929789,15.485218985929789,100.0
1050,2,64.92832076029282,64.92832076029282,100.0
1060,0,62.4458108373262,62.4458108373262,100.0
1060,1,18.359092439414177,18.359092439414177,100.0
1060,2,19.195096723259628,19.195096723259628,100.0
1070,0,36.13745432714883,36.13745432714883,100.0
1070,1,48.57482665856765,48.57482665856765,100.0
1070,2,15.287719014283516,15.287719014283516,100.0
1080,0,14.893301736355516,14.893301736355516,100.0
1080,1,29.32694192421686,29.32694192421686,100.0
1080,2,55.77975633942762,55.77975633942762,100.0
1090,0,31.413461815711823,31.413461815711823,100.0
1090,1,24.346314218409198,24.346314218409198,100.0
1090,2,44.24022396587898,44.24022396587898,100.0
1100,0,58.350811631418665,58.350811631418665,100.0
1100,1,10.89985193226143,10.89985193226143,100.0
1100,2,30.74933643631991,30.74933643631991,100.0
1110,0,19.20088791935739,19.20088791935739,100.0
1110,1,17.3508976717994,17.3508976717994,100.0
1110,2,63.44821440884322,63.44821440884322,100.0
1120,0,38.76028003560907,38.76028003560907,100.0
1120,1,24.427310063514064,24.427310063514064,100.0
1120,2,36.81240990087687,36.81240990087687,100.0
1130,0,52.07043902667504,52.07043902667504,100.0
1130,1,15.562694495994878,15.562694495994878,100.0
1130,2,32.36686647733008,32.36686647733008,100.0
1140,0,70.39672006744705,70.39672006744705,100.0
1140,1,15.779067106129501,15.779067106129501,100.0
1140,2,13.824212826423457,13.824212826423457,100.0
1150,0,51.32934825463854,51.32934825463854,100.0
1150,1,35.112225772736586,35.112225772736586,100.0
1150,2,13.55842597262487,13.55842597262487,100.0
1160,0,42.12875563980097,42.12875563980097,100.0
1160,1,27.678614352393417,27.678614352393417,100.0
1160,2,30.192630007805626,30.192630007805626,100.0
1170,0,10.887414839594765,10.887414839594765,100.0
1170,1,12.996999848224815,12.996999848224815,100.0
1170,2,76.11558531218043,76.11558531218043,100.0
1180,0,57.18335665856078,57.18335665856078,100.0
1180,1,15.429188891528048,15.429188891528048,100.0
1180,2,27.387454449911175,27.387454449911175,100.0
1190,0,26.96036443275334,26.96036443275334,100.0
1190,1,16.069195430693274,16.069195430693274,100.0
1190,2,56.97044013655339,56.97044013655339,100.0
1200,0,40.263098487505324,40.263098487505324,100.0
1200,1,44.30673088785069,44.30673088785069,100.0
1200,2,15.430170624643983,15.430170624643983,100.0
1210,0,56.957877893179145,56.957877893179145,100.0
1210,1,18.57283196424364,18.57283196424364,100.0
1210,2,24.46929014257722,24.46929014257722,100.0
1220,0,27.10353916854915,27.10353916854915,100.0
1220,1,39.7857892408111,39.7857892408111,100.0
1220,2,33.11067159063976,33.11067159063976,100.0
1230,0,21.88118852393954,21.88118852393954,100.0
1230,1,19.91324782408298,19.91324782408298,100.0
1230,2,58.20556365197748,58.20556365197748,100.0
1240,0,55.317423629357954,55.317423629357954,100.0
1240,1,17.68125614941712,17.68125614941712,100.0
1240,2,27.001320221224933,27.001320221224933,100.0
1250,0,58.967552732507144,58.967552732507144,100.0
1250,1,22.570667731363685,22.570667731363685,100.0
1250,2,18.46177953612918,18.46177953612918,100.0
1260,0,26.30483906081224,26.30483906081224,100.0
1260,1,53.37549774293188,53.37549774293188,100.0
1260,2,20.31966319625589,20.31966319625589,100.0
1270,0,75.72329270536773,75.72329270536773,100.0
1270,1,11.517567549070145,11.517567549070145,100.0
1270,2,12.759139745562125,12.759139745562125,100.0
1280,0,24.90430773502977,24.90430773502977,100.0
1280,1,30.422853356684353,30.422853356684353,100.0
1280,2,44.672838908285875,44.672838908285875,100.0
1290,0,19.89449191864879,19.89449191864879,100.0
1290,1,12.631031056122112,12.631031056122112,100.0
1290,2,67.47447702522909,67.47447702522909,100.0
1300,0,47.37540360278762,47.37540360278762,100.0
1300,1,15.358728379348726,15.358728379348726,100.0
1300,2,37.26586801786366,37.26586801786366,100.0
1310,0,42.20138741730249,42.20138741730249,100.0
1310,1,34.436624837565525,34.436624837565525,100.0
1310,2,23.36198774513197,23.36198774513197,100.0
1320,0,11.920203847227507,11.920203847227507,100.0
1320,1,67.47971502550982,67.47971502550982,100.0
1320,2,20.600081127262683,20.600081127262683,100.0
1330,0,36.87939857137885,36.87939857137885,100.0
1330,1,42.479323731685255,42.479323731685255,100.0
1330,2,20.641277696935887,20.641277696935887,100.0
1340,0,55.21575043705893,55.21575043705893,100.0
1340,1,17.93792077523391,17.93792077523391,100.0
1340,2,26.846328787707158,26.846328787707158,100.0
1350,0,15.334614412471586,15.334614412471586,100.0
1350,1,15.690434546039034,15.690434546039034,100.0
1350,2,68.97495104148939,68.97495104148939,100.0
1360,0,73.41169287921784,73.41169287921784,100.0
1360,1,12.409842550369747,12.409842550369747,100.0
1360,2,14.178464570412421,14.178464570412421,100.0
1370,0,42.585643875443594,42.585643875443594,100.0
1370,1,34.71180421736608,34.71180421736608,100.0
1370,2,22.702551907190337,22.702551907190337,100.0
1380,0,28.897428732597657,28.897428732597657,100.0
1380,1,27.311299685849672,27.311299685849672,100.0
1380,2,43.79127158155267,43.79127158155267,100.0
1390,0,20.73077526850706,20.73077526850706,100.0
1390,1,42.857947587995056,42.857947587995056,100.0
1390,2,36.411277143497884,36.411277143497884,100.0
1400,0,26.766926590449437,26.766926590449437,100.0
1400,1,42.55256017938309,42.55256017938309,100.0
1400,2,30.680513230167485,30.680513230167485,100.0
1410,0,11.870278633622258,11.870278633622258,100.0
1410,1,10.982573923391318,10.982573923391318,100.0
1410,2,77.14714744298642,77.14714744298642,100.0
1420,0,25.988723225309023,25.988723225309023,100.0
1420,1,45.13190566154908,45.13190566154908,100.0
1420,2,28.87937111314191,28.87937111314191,100.0
1430,0,18.730352780708518,18.730352780708518,100.0
1430,1,27.97543895021153,27.97543895021153,100.0
1430,2,53.29420826907996,53.29420826907996,100.0
1440,0,43.121567903726756,43.121567903726756,100.0
1440,1,28.28799083369123,28.28799083369123,100.0
1440,2,28.590441262582004,28.590441262582004,100.0
1450,0,54.83071294110579,54.83071294110579,100.0
1450,1,17.225888528225727,17.225888528225727,100.0
1450,2,27.943398530668496,27.943398530668496,100.0
1460,0,70.13326660786487,70.13326660786487,100.0
1460,1,15.227453992929005,15.227453992929005,100.0
1460,2,14.639279399206117,14.639279399206117,100.0
1470,0,11.705234464476053,11.705234464476053,100.0
1470,1,12.029737744505544,12.029737744505544,100.0
1470,2,76.2650277910184,76.2650277910184,100.0
1480,0,27.47975894766097,27.47975894766097,100.0
1480,1,31.16002932431049,31.16002932431049,100.0
1480,2,41.36021172802854,41.36021172802854,100.0
1490,0,13.073123255941665,13.073123255941665,100.0
1490,1,27.671680090726465,27.671680090726465,100.0
1490,2,59.255196653331865,59.255196653331865,100.0
1500,0,25.08342628474064,25.08342628474064,100.0
1500,1,19.87102880718614,19.87102880718614,100.0
1500,2,55.04554490807322,55.04554490807322,100.0
1510,0,52.67087201735243,52.67087201735243,100.0
1510,1,31.69472511004237,31.69472511004237,100.0
1510,2,15.634402872605198,15.634402872605198,100.0
1520,0,51.755071200992035,51.755071200992035,100.0
1520,1,25.498585631934628,25.498585631934628,100.0
1520,2,22.746343167073338,22.746343167073338,100.0
1530,0,11.655026985867888,11.655026985867888,100.0
1530,1,11.026087781165526,11.026087781165526,100.0
1530,2,77.3188852329666,77.3188852329666,100.0
1540,0,32.71735790590137,32.71735790590137,100.0
1540,1,42.34535181406478,42.34535181406478,100.0
1540,2,24.93729028003384,24.93729028003384,100.0
1550,0,30.40165791841642,30.40165791841642,100.0
1550,1,33.692278553984636,33.692278553984636,100.0
1550,2,35.906063527598945,35.906063527598945,100.0
1560,0,48.217696742402026,48.217696742402026,100.0
1560,1,35.09281973123476,35.09281973123476,100.0
1560,2,16.68948352636321,16.68948352636321,100.0
1570,0,42.56481224192879,42.56481224192879,100.0
1570,1,31.054534866369526,31.054534866369526,100.0
1570,2,26.380652891701683,26.380652891701683,100.0
1580,0,55.28798526326404,55.28798526326404,100.0
1580,1,23.314715045908592,23.314715045908592,100.0
1580,2,21.397299690827364,21.397299690827364,100.0
1590,0,14.633546799673326,14.633546799673326,100.0
1590,1,11.229020316720122,11.229020316720122,100.0
1590,2,74.13743288360655,74.13743288360655,100.0
1600,0,64.48444827559234,64.48444827559234,100.0
1600,1,18.5572046048238,18.5572046048238,100.0
1600,2,16.958347119583856,16.958347119583856,100.0
1610,0,60.56208932846572,60.56208932846572,100.0
1610,1,15.6387229573179,15.6387229573179,100.0
1610,2,23.799187714216384,23.799187714216384,100.0
1620,0,47.98676914739034,47.98676914739034,100.0
1620,1,20.404672000195788,20.404672000195788,100.0
1620,2,31.608558852413875,31.608558852413875,100.0
1630,0,33.58516513934139,33.58516513934139,100.0
1630,1,22.271384818324737,22.271384818324737,100.0
1630,2,44.143450042333875,44.143450042333875,100.0
1640,0,57.64823027321282,57.64823027321282,100.0
1640,1,15.248124049049135,15.248124049049135,100.0
1640,2,27.103645677738037,27.103645677738037,100.0
1650,0,11.836189234585312,11.836189234585312,100.0
1650,1,11.995666608474437,11.995666608474437,100.0
1650,2,76.16814415694026,76.16814415694026,100.0
1660,0,25.238175360789235,25.238175360789235,100.0
1660,1,55.465564575992175,55.465564575992175,100.0
1660,2,19.2962600632186,19.2962600632186,100.0
1670,0,17.818709410225463,17.818709410225463,100.0
1670,1,25.870802285362487,25.870802285362487,100.0
1670,2,56.310488304412054,56.310488304412054,100.0
1680,0,36.054390097371446,36.054390097371446,100.0
1680,1,32.32784933949041,32.32784933949041,100.0
1680,2,31.61776056313814,31.61776056313814,100.0
1690,0,31.490727911315425,31.490727911315425,100.0
1690,1,28.66232644125582,28.66232644125582,100.0
1690,2,39.84694564742876,39.84694564742876,100.0
1700,0,61.47045435046859,61.47045435046859,100.0
1700,1,18.288192924890616,18.288192924890616,100.0
1700,2,20.241352724640787,20.241352724640787,100.0
1710,0,15.433051613538584,15.433051613538584,100.0
1710,1,17.560902489883244,17.560902489883244,100.0
1710,2,67.00604589657817,67.00604589657817,100.0
1720,0,27.447788838707627,27.447788838707627,100.0
1720,1,57.969101960279104,57.969101960279104,100.0
1720,2,14.583109201013267,14.583109201013267,100.0
1730,0,33.7252270765813,33.7252270765813,100.0
1730,1,55.07975353422814,55.07975353422814,100.0
1730,2,11.195019389190575,11.195019389190575,100.0
1740,0,31.519002040145498,31.519002040145498,100.0
1740,1,30.55280360393862,30.55280360393862,100.0
1740,2,37.92819435591588,37.92819435591588,100.0
1750,0,19.039640402682355,19.039640402682355,100.0
1750,1,64.37487831547134,64.37487831547134,100.0
1750,2,16.58548128184632,16.58548128184632,100.0
1760,0,11.104271229734115,11.104271229734115,100.0
1760,1,46.88429166753664,46.88429166753664,100.0
1760,2,42.011437102729246,42.011437102729246,100.0
1770,0,20.675448657410993,20.675448657410993,100.0
1770,1,32.40398345611598,32.40398345611598,100.0
1770,2,46.920567886473016,46.920567886473016,100.0
1780,0,34.74936782859498,34.74936782859498,100.0
1780,1,16.888024244524203,16.888024244524203,100.0
1780,2,48.36260792688081,48.36260792688081,100.0
1790,0,32.87737319812148,32.87737319812148,100.0
1790,1,43.79342679968868,43.79342679968868,100.0
1790,2,23.32920000218985,23.32920000218985,100.0
1800,0,36.01459542007413,36.01459542007413,100.0
1800,1,18.518487811094975,18.518487811094975,100.0
1800,2,45.46691676883089,45.46691676883089,100.0
1810,0,21.68497803454641,21.68497803454641,100.0
1810,1,21.4898267146983,21.4898267146983,100.0
1810,2,56.825195250755286,56.825195250755286,100.0
1820,0,58.69530712798456,58.69530712798456,100.0
1820,1,16.248475677623954,16.248475677623954,100.0
1820,2,25.056217194391483,25.056217194391483,100.0
1830,0,23.17178331954743,23.17178331954743,100.0
1830,1,15.717297245477113,15.717297245477113,100.0
1830,2,61.110919434975465,61.110919434975465,100.0
1840,0,21.847888328538158,21.847888328538158,100.0
1840,1,49.0938390466871,49.0938390466871,100.0
1840,2,29.058272624774737,29.058272624774737,100.0
1850,0,21.090601169680227,21.090601169680227,100.0
1850,1,66.31405858515839,66.31405858515839,100.0
1850,2,12.595340245161395,12.595340245161395,100.0
1860,0,47.399193644109275,47.399193644109275,100.0
1860,1,25.71301101101123,25.71301101101123,100.0
1860,2,26.8877953448795,26.8877953448795,100.0
1870,0,41.78081391788347,41.78081391788347,100.0
1870,1,20.14055571574266,20.14055571574266,100.0
1870,2,38.07863036637388,38.07863036637388,100.0
1880,0,58.15259649385561,58.15259649385561,100.0
1880,1,29.238433023712634,29.238433023712634,100.0
1880,2,12.608970482431742,12.608970482431742,100.0
1890,0,20.67158027057468,20.67158027057468,100.0
1890,1,23.457435727002014,23.457435727002014,100.0
1890,2,55.870984002423306,55.870984002423306,100.0
1900,0,66.64879196051061,66.64879196051061,100.0
1900,1,21.959108901688168,21.959108901688168,100.0
1900,2,11.392099137801239,11.392099137801239,100.0
1910,0,50.71860799947145,50.71860799947145,100.0
1910,1,29.609763035776997,29.609763035776997,100.0
1910,2,19.671628964751545,19.671628964751545,100.0
1920,0,32.21330343440482,32.21330343440482,100.0
1920,1,49.83097261260657,49.83097261260657,100.0
1920,2,17.95572395298862,17.95572395298862,100.0
1930,0,30.37208392344094,30.37208392344094,100.0
1930,1,17.579217365682815,17.579217365682815,100.0
1930,2,52.04869871087625,52.04869871087625,100.0
1940,0,42.98210032041475,42.98210032041475,100.0
1940,1,42.66621734419751,42.66621734419751,100.0
1940,2,14.351682335387741,14.351682335387741,100.0
1950,0,18.01620954014084,18.01620954014084,100.0
1950,1,23.69956581800902,23.69956581800902,100.0
1950,2,58.284224641850145,58.284224641850145,100.0
1960,0,26.618238648056142,26.618238648056142,100.0
1960,1,23.95144884185306,23.95144884185306,100.0
1960,2,49.43031251009079,49.43031251009079,100.0
1970,0,55.71038180387313,55.71038180387313,100.0
1970,1,29.191065890285095,29.191065890285095,100.0
1970,2,15.09855230584177,15.09855230584177,100.0
1980,0,27.35920268775218,27.35920268775218,100.0
1980,1,32.759307756516556,32.759307756516556,100.0
1980,2,39.88148955573125,39.88148955573125,100.0
1990,0,49.82351060772714,49.82351060772714,100.0
1990,1,22.2233164866335,22.2233164866335,100.0
1990,2,27.953172905639367,27.953172905639367,100.0
2000,0,32.5877646540672,32.5877646540672,100.0
2000,1,35.599192655016104,35.599192655016104,100.0
2000,2,31.813042690916692,31.813042690916692,100.0
2010,0,14.04336448918701,14.04336448918701,100.0
2010,1,40.788811281459054,40.788811281459054,100.0
2010,2,45.16782422935393,45.16782422935393,100.0
2020,0,38.283378784397875,38.283378784397875,100.0
2020,1,19.916940943417725,19.916940943417725,100.0
2020,2,41.79968027218441,41.79968027218441,100.0
2030,0,50.44922088771504,50.44922088771504,100.0
2030,1,13.743314707409764,13.743314707409764,100.0
2030,2,35.80746440487519,35.80746440487519,100.0
2040,0,47.71162096135933,47.71162096135933,100.0
2040,1,36.56799201590824,36.56799201590824,100.0
2040,2,15.720387022732435,15.720387022732435,100.0
2050,0,14.055447847665931,14.055447847665931,100.0
2050,1,72.59964408721657,72.59964408721657,100.0
2050,2,13.344908065117494,13.344908065117494,100.0
2060,0,23.509586426472158,23.509586426472158,100.0
2060,1,14.267416909924755,14.267416909924755,100.0
2060,2,62.22299666360309,62.22299666360309,100.0
2070,0,11.441388964482503,11.441388964482503,100.0
2070,1,12.116709666107338,12.116709666107338,100.0
2070,2,76.44190136941017,76.44190136941017,100.0
2080,0,56.3472396609246,56.3472396609246,100.0
2080,1,18.206955378278895,18.206955378278895,100.0
2080,2,25.445804960796515,25.445804960796515,100.0
2090,0,59.93654702479827,59.93654702479827,100.0
2090,1,14.511229852500515,14.511229852500515,100.0
2090,2,25.55222312270121,25.55222312270121,100.0
2100,0,44.47855695506663,44.47855695506663,100.0
2100,1,18.69203577972568,18.69203577972568,100.0
2100,2,36.829407265207706,36.829407265207706,100.0
2110,0,21.177349785090165,21.177349785090165,100.0
2110,1,67.62001234285572,67.62001234285572,100.0
2110,2,11.202637872054106,11.202637872054106,100.0
2120,0,67.5267012880295,67.5267012880295,100.0
2120,1,19.855183804195608,19.855183804195608,100.0
2120,2,12.618114907774894,12.618114907774894,100.0
2130,0,14.370919131464344,14.370919131464344,100.0
2130,1,11.797062443605741,11.797062443605741,100.0
2130,2,73.83201842492991,73.83201842492991,100.0
2140,0,54.119212254928286,54.119212254928286,100.0
2140,1,16.34521779219191,16.34521779219191,100.0
2140,2,29.535569952879804,29.535569952879804,100.0
2150,0,46.725548007387765,46.725548007387765,100.0
2150,1,16.361795998117188,16.361795998117188,100.0
2150,2,36.91265599449504,36.91265599449504,100.0
2160,0,38.35324971774702,38.35324971774702,100.0
2160,1,28.699677506461263,28.699677506461263,100.0
2160,2,32.947072775791725,32.947072775791725,100.0
2170,0,34.14177961437998,34.14177961437998,100.0
2170,1,20.107506977394635,20.107506977394635,100.0
2170,2,45.75071340822538,45.75071340822538,100.0
2180,0,17.40081662293404,17.40081662293404,100.0
2180,1,33.74046400617645,33.74046400617645,100.0
2180,2,48.85871937088952,48.85871937088952,100.0
2190,0,14.0310146975338,14.0310146975338,100.0
2190,1,12.571955318349778,12.571955318349778,100.0
2190,2,73.39702998411643,73.39702998411643,100.0
2200,0,28.46101830236326,28.46101830236326,100.0
2200,1,61.143035669633285,61.143035669633285,100.0
2200,2,10.395946028003456,10.395946028003456,100.0
2210,0,32.73914862177592,32.73914862177592,100.0
2210,1,15.872526080436764,15.872526080436764,100.0
2210,2,51.38832529778732,51.38832529778732,100.0
2220,0,19.088000998163203,19.088000998163203,100.0
2220,1,22.768688188646287,22.768688188646287,100.0
2220,2,58.14331081319051,58.14331081319051,100.0
2230,0,14.532552829576971,14.532552829576971,100.0
2230,1,39.81720114070282,39.81720114070282,100.0
2230,2,45.6502460297202,45.6502460297202,100.0
2240,0,58.57569786218881,58.57569786218881,100.0
2240,1,21.963572343043285,21.963572343043285,100.0
2240,2,19.460729794767904,19.460729794767904,100.0
2250,0,12.886743684739542,12.886743684739542,100.0
2250,1,14.043784796037448,14.043784796037448,100.0
2250,2,73.06947151922301,73.06947151922301,100.0
2260,0,35.36595243515598,35.36595243515598,100.0
2260,1,16.82422237516409,16.82422237516409,100.0
2260,2,47.80982518967992,47.80982518967992,100.0
2270,0,67.90358804512466,67.90358804512466,100.0
2270,1,10.396218342653768,10.396218342653768,100.0
2270,2,21.70019361222158,21.70019361222158,100.0
2280,0,52.412296628652314,52.412296628652314,100.0
2280,1,39.127594296545816,39.127594296545816,100.0
2280,2,8.460109074801876,8.460109074801876,100.0
2290,0,44.519382953102706,44.519382953102706,100.0
2290,1,32.2041462295677,32.2041462295677,100.0
2290,2,23.2764708173296,23.2764708173296,100.0
2300,0,37.2898293051201,37.2898293051201,100.0
2300,1,24.400117714480754,24.400117714480754,100.0
2300,2,38.31005298039915,38.31005298039915,100.0
2310,0,14.411585768888843,14.411585768888843,100.0
2310,1,27.50925812277757,27.50925812277757,100.0
2310,2,58.0791561083336,58.0791561083336,100.0
2320,0,27.205185592096782,27.205185592096782,100.0
2320,1,52.720278606569636,52.720278606569636,100.0
2320,2,20.074535801333592,20.074535801333592,100.0
2330,0,22.451577118348364,22.451577118348364,100.0
2330,1,26.819771234159546,26.819771234159546,100.0
2330,2,50.72865164749209,50.72865164749209,100.0
2340,0,35.67256014169709,35.67256014169709,100.0
2340,1,38.804105932120756,38.804105932120756,100.0
2340,2,25.52333392618215,25.52333392618215,100.0
2350,0,20.87923255031158,20.87923255031158,100.0
2350,1,16.614828658017032,16.614828658017032,100.0
2350,2,62.505938791671376,62.505938791671376,100.0
2360,0,25.17849418936187,25.17849418936187,100.0
2360,1,33.72078580757086,33.72078580757086,100.0
2360,2,41.10072000306727,41.10072000306727,100.0
2370,0,14.324779631628392,14.324779631628392,100.0
2370,1,13.259195924306733,13.259195924306733,100.0
2370,2,72.41602444406487,72.41602444406487,100.0
2380,0,56.502403528726376,56.502403528726376,100.0
2380,1,20.3140316266812,20.3140316266812,100.0
2380,2,23.183564844592432,23.183564844592432,100.0
2390,0,28.637572844372443,28.637572844372443,100.0
2390,1,49.658527354318196,49.658527354318196,100.0
2390,2,21.70389980130936,21.70389980130936,100.0
2400,0,72.00691996356313,72.00691996356313,100.0
2400,1,14.530977376119283,14.530977376119283,100.0
2400,2,13.462102660317596,13.462102660317596,100.0
2410,0,68.69239992072079,68.69239992072079,100.0
2410,1,11.900812279615119,11.900812279615119,100.0
2410,2,19.40678779966409,19.40678779966409,100.0
2420,0,33.89381489455901,33.89381489455901,100.0
2420,1,51.452524073035775,51.452524073035775,100.0
2420,2,14.653661032405212,14.653661032405212,100.0
2430,0,36.31043195744835,36.31043195744835,100.0
2430,1,22.313831858557062,22.313831858557062,100.0
2430,2,41.37573618399459,41.37573618399459,100.0
2440,0,33.22758171588339,33.22758171588339,100.0
2440,1,51.92986910303262,51.92986910303262,100.0
2440,2,14.842549181083998,14.842549181083998,100.0
2450,0,49.15660650142358,49.15660650142358,100.0
2450,1,16.73110763173635,16.73110763173635,100.0
2450,2,34.11228586684007,34.11228586684007,100.0
2460,0,49.58936395662439,49.58936395662439,100.0
2460,1,15.345567541613041,15.345567541613041,100.0
2460,2,35.06506850176257,35.06506850176257,100.0
2470,0,26.87495390931981,26.87495390931981,100.0
2470,1,33.830509877334656,33.830509877334656,100.0
2470,2,39.294536213345545,39.294536213345545,100.0
2480,0,42.252405190469794,42.252405190469794,100.0
2480,1,23.16521238893884,23.16521238893884,100.0
2480,2,34.58238242059136,34.58238242059136,100.0
2490,0,11.462279739079936,11.462279739079936,100.0
2490,1,11.11517561327381,11.11517561327381,100.0
2490,2,77.42254464764625,77.42254464764625,100.0
2500,0,71.7285597952359,71.7285597952359,100.0
2500,1,14.012421265246727,14.012421265246727,100.0
2500,2,14.259018939517375,14.259018939517375,100.0
2510,0,18.72853988294052,18.72853988294052,100.0
2510,1,45.67868052117463,45.67868052117463,100.0
2510,2,35.59277959588484,35.59277959588484,100.0
2520,0,12.124963814966906,12.124963814966906,100.0
2520,1,24.40150931694572,24.40150931694572,100.0
2520,2,63.47352686808737,63.47352686808737,100.0
2530,0,39.85598643346107,39.85598643346107,100.0
2530,1,15.126172259005315,15.126172259005315,100.0
2530,2,45.017841307533615,45.017841307533615,100.0
2540,0,21.991310295726645,21.991310295726645,100.0
2540,1,24.963748062086285,24.963748062086285,100.0
2540,2,53.04494164218707,53.04494164218707,100.0
2550,0,8.636380922720143,8.636380922720143,100.0
2550,1,33.63681691635874,33.63681691635874,100.0
2550,2,57.72680216092112,57.72680216092112,100.0
2560,0,52.72344566643699,52.72344566643699,100.0
2560,1,18.75984878129857,18.75984878129857,100.0
2560,2,28.516705552264447,28.516705552264447,100.0
2570,0,23.667440818694274,23.667440818694274,100.0
2570,1,20.75869680096955,20.75869680096955,100.0
2570,2,55.573862380336166,55.573862380336166,100.0
2580,0,22.37516094865504,22.37516094865504,100.0
2580,1,12.748727465713335,12.748727465713335,100.0
2580,2,64.87611158563162,64.87611158563162,100.0
2590,0,30.388456248632007,30.388456248632007,100.0
2590,1,39.49559450604889,39.49559450604889,100.0
2590,2,30.11594924531911,30.11594924531911,100.0
2600,0,45.69583260887906,45.69583260887906,100.0
2600,1,12.835395006521082,12.835395006521082,100.0
2600,2,41.46877238459987,41.46877238459987,100.0
2610,0,26.601888888153947,26.601888888153947,100.0
2610,1,19.18521815713572,19.18521815713572,100.0
2610,2,54.212892954710334,54.212892954710334,100.0
2620,0,34.51192711118705,34.51192711118705,100.0
2620,1,30.77070178851612,30.77070178851612,100.0
2620,2,34.717371100296845,34.717371100296845,100.0
2630,0,23.305136474696013,23.305136474696013,100.0
2630,1,15.655154211900054,15.655154211900054,100.0
2630,2,61.03970931340393,61.03970931340393,100.0
2640,0,15.552625933573475,15.552625933573475,100.0
2640,1,42.53170011801751,42.53170011801751,100.0
2640,2,41.915673948409015,41.915673948409015,100.0
2650,0,13.08513067565893,13.08513067565893,100.0
2650,1,22.039973328040194,22.039973328040194,100.0
2650,2,64.87489599630088,64.87489599630088,100.0
2660,0,48.97925970126052,48.97925970126052,100.0
2660,1,14.976917068558693,14.976917068558693,100.0
2660,2,36.04382323018079,36.04382323018079,100.0
2670,0,14.365916793408662,14.365916793408662,100.0
2670,1,15.736820049741956,15.736820049741956,100.0
2670,2,69.89726315684938,69.89726315684938,100.0
2680,0,51.541801981608515,51.541801981608515,100.0
2680,1,21.186794230814787,21.186794230814787,100.0
2680,2,27.2714037875767,27.2714037875767,100.0
2690,0,25.260374670119955,25.260374670119955,100.0
2690,1,45.768912497714396,45.768912497714396,100.0
2690,2,28.970712832165646,28.970712832165646,100.0
2700,0,53.00606790014398,53.00606790014398,100.0
2700,1,28.54400180945163,28.54400180945163,100.0
2700,2,18.44993029040438,18.44993029040438,100.0
2710,0,38.398454981389726,38.398454981389726,100.0
2710,1,9.661718060976977,9.661718060976977,100.0
2710,2,51.93982695763331,51.93982695763331,100.0
2720,0,67.49376203516051,67.49376203516051,100.0
2720,1,14.395617516772111,14.395617516772111,100.0
2720,2,18.11062044806738,18.11062044806738,100.0
2730,0,23.97415757542203,23.97415757542203,100.0
2730,1,15.452308481229368,15.452308481229368,100.0
2730,2,60.5735339433486,60.5735339433486,100.0
2740,0,35.94914088932527,35.94914088932527,100.0
2740,1,32.719806605106804,32.719806605106804,100.0
2740,2,31.331052505567925,31.331052505567925,100.0
2750,0,52.829410155383684,52.829410155383684,100.0
2750,1,26.290548552156185,26.290548552156185,100.0
2750,2,20.880041292460135,20.880041292460135,100.0
2760,0,27.062147231465637,27.062147231465637,100.0
2760,1,37.19732684200021,37.19732684200021,100.0
2760,2,35.74052592653416,35.74052592653416,100.0
2770,0,43.57820671092768,43.57820671092768,100.0
2770,1,41.98237373775092,41.98237373775092,100.0
2770,2,14.439419551321395,14.439419551321395,100.0
2780,0,53.96170500334737,53.96170500334737,100.0
2780,1,17.336887454957587,17.336887454957587,100.0
2780,2,28.70140754169505,28.70140754169505,100.0
2790,0,12.363960937444208,12.363960937444208,100.0
2790,1,14.172286025476888,14.172286025476888,100.0
2790,2,73.4637530370789,73.4637530370789,100.0
2800,0,24.778918466623896,24.778918466623896,100.0
2800,1,16.292610742655455,16.292610742655455,100.0
2800,2,58.92847079072065,58.92847079072065,100.0
2810,0,32.71122756714357,32.71122756714357,100.0
2810,1,44.202149255203615,44.202149255203615,100.0
2810,2,23.086623177652818,23.086623177652818,100.0
2820,0,52.290087178510724,52.290087178510724,100.0
2820,1,19.32336149553457,19.32336149553457,100.0
2820,2,28.386551325954706,28.386551325954706,100.0
2830,0,35.36968736481983,35.36968736481983,100.0
2830,1,32.923444065711244,32.923444065711244,100.0
2830,2,31.70686856946893,31.70686856946893,100.0
2840,0,54.858570118532256,54.858570118532256,100.0
2840,1,18.017194197418533,18.017194197418533,100.0
2840,2,27.124235684049207,27.124235684049207,100.0
2850,0,12.646209424774652,12.646209424774652,100.0
2850,1,12.529084462024038,12.529084462024038,100.0
2850,2,74.82470611320132,74.82470611320132,100.0
2860,0,61.90469074555032,61.90469074555032,100.0
2860,1,20.771510467061546,20.771510467061546,100.0
2860,2,17.32379878738814,17.32379878738814,100.0
2870,0,35.15037330883117,35.15037330883117,100.0
2870,1,22.373230786990465,22.373230786990465,100.0
2870,2,42.47639590417836,42.47639590417836,100.0
2880,0,14.208071903159661,14.208071903159661,100.0
2880,1,16.855397884879785,16.855397884879785,100.0
2880,2,68.93653021196057,68.93653021196057,100.0
2890,0,56.003900375505346,56.003900375505346,100.0
2890,1,30.695103823919727,30.695103823919727,100.0
2890,2,13.300995800574933,13.300995800574933,100.0
2900,0,53.99023394638984,53.99023394638984,100.0
2900,1,31.75607974834691,31.75607974834691,100.0
2900,2,14.25368630526324,14.25368630526324,100.0
2910,0,18.617441461932728,18.617441461932728,100.0
2910,1,17.73914628788938,17.73914628788938,100.0
2910,2,63.64341225017789,63.64341225017789,100.0
2920,0,36.12308769564338,36.12308769564338,100.0
2920,1,52.399670325280404,52.399670325280404,100.0
2920,2,11.47724197907622,11.47724197907622,100.0
2930,0,51.2245992230702,51.2245992230702,100.0
2930,1,19.19485940091995,19.19485940091995,100.0
2930,2,29.580541376009865,29.580541376009865,100.0
2940,0,40.340882773758,40.340882773758,100.0
2940,1,32.72588076224268,32.72588076224268,100.0
2940,2,26.933236463999332,26.933236463999332,100.0
2950,0,58.63023579368474,58.63023579368474,100.0
2950,1,19.617199617868998,19.617199617868998,100.0
2950,2,21.752564588446273,21.752564588446273,100.0
2960,0,40.639664098625936,40.639664098625936,100.0
2960,1,19.719467673999,19.719467673999,100.0
2960,2,39.64086822737507,39.64086822737507,100.0
2970,0,12.241308269506188,12.241308269506188,100.0
2970,1,13.856840856044677,13.856840856044677,100.0
2970,2,73.90185087444914,73.90185087444914,100.0
2980,0,33.20125332276896,33.20125332276896,100.0
2980,1,48.30585449531928,48.30585449531928,100.0
2980,2,18.492892181911763,18.492892181911763,100.0
2990,0,65.46743657036018,65.46743657036018,100.0
2990,1,16.16561259390937,16.16561259390937,100.0
2990,2,18.36695083573045,18.36695083573045,100.0
3000,0,51.871172563190036,51.871172563190036,100.0
3000,1,27.466812662053787,27.466812662053787,100.0
3000,2,20.662014774756194,20.662014774756194,100.0
3010,0,19.611403413725778,19.611403413725778,100.0
3010,1,43.051316213429466,43.051316213429466,100.0
3010,2,37.337280372844766,37.337280372844766,100.0
3020,0,41.34640727128168,41.34640727128168,100.0
3020,1,12.806368622047506,12.806368622047506,100.0
3020,2,45.847224106670815,45.847224106670815,100.0
3030,0,12.582976838643381,12.582976838643381,100.0
3030,1,12.082312292524925,12.082312292524925,100.0
3030,2,75.33471086883169,75.33471086883169,100.0
3040,0,38.6680209530496,38.6680209530496,100.0
3040,1,51.87583302705065,51.87583302705065,100.0
3040,2,9.456146019899759,9.456146019899759,100.0
3050,0,38.117893107077236,38.117893107077236,100.0
3050,1,27.667115120322578,27.667115120322578,100.0
3050,2,34.214991772600186,34.214991772600186,100.0
3060,0,54.347191375914406,54.347191375914406,100.0
3060,1,12.902548633480516,12.902548633480516,100.0
3060,2,32.75025999060507,32.75025999060507,100.0
3070,0,33.87974832940059,33.87974832940059,100.0
3070,1,26.228431212082036,26.228431212082036,100.0
3070,2,39.89182045851739,39.89182045851739,100.0
3080,0,42.370635901413145,42.370635901413145,100.0
3080,1,43.08507213883378,43.08507213883378,100.0
3080,2,14.544291959753075,14.544291959753075,100.0
3090,0,13.090244262469056,13.090244262469056,100.0
3090,1,12.893988023170646,12.893988023170646,100.0
3090,2,74.0157677143603,74.0157677143603,100.0
3100,0,35.134153391877064,35.134153391877064,100.0
3100,1,39.828862517810066,39.828862517810066,100.0
3100,2,25.03698409031288,25.03698409031288,100.0
3110,0,71.47295142735402,71.47295142735402,100.0
3110,1,14.07963370582887,14.07963370582887,100.0
3110,2,14.447414866817127,14.447414866817127,100.0
3120,0,38.99356047283054,38.99356047283054,100.0
3120,1,40.67248711613768,40.67248711613768,100.0
3120,2,20.333952411031778,20.333952411031778,100.0
3130,0,25.055870771171122,25.055870771171122,100.0
3130,1,24.773644320452405,24.773644320452405,100.0
3130,2,50.17048490837648,50.17048490837648,100.0
3140,0,43.505789720670904,43.505789720670904,100.0
3140,1,28.13881358652245,28.13881358652245,100.0
3140,2,28.35539669280664,28.35539669280664,100.0
3150,0,15.792182369793743,15.792182369793743,100.0
3150,1,16.12019144489355,16.12019144489355,100.0
3150,2,68.08762618531273,68.08762618531273,100.0
3160,0,34.885005671906896,34.885005671906896,100.0
3160,1,53.78694356544891,53.78694356544891,100.0
3160,2,11.32805076264421,11.32805076264421,100.0
3170,0,37.29230949625011,37.29230949625011,100.0
3170,1,14.605363744292244,14.605363744292244,100.0
3170,2,48.10232675945764,48.10232675945764,100.0
3180,0,11.513702621332495,11.513702621332495,100.0
3180,1,44.39770700667912,44.39770700667912,100.0
3180,2,44.08859037198839,44.08859037198839,100.0
3190,0,26.965117951391367,26.965117951391367,100.0
3190,1,51.124050189506775,51.124050189506775,100.0
3190,2,21.910831859101865,21.910831859101865,100.0
3200,0,18.610703744974693,18.610703744974693,100.0
3200,1,46.361146007867696,46.361146007867696,100.0
3200,2,35.02815024715763,35.02815024715763,100.0
3210,0,10.737034811615898,10.737034811615898,100.0
3210,1,18.408997593532177,18.408997593532177,100.0
3210,2,70.85396759485192,70.85396759485192,100.0
3220,0,69.86688889836464,69.86688889836464,100.0
3220,1,12.75334704259136,12.75334704259136,100.0
3220,2,17.37976405904401,17.37976405904401,100.0
3230,0,63.59915517154203,63.59915517154203,100.0
3230,1,22.03315420695826,22.03315420695826,100.0
3230,2,14.367690621499701,14.367690621499701,100.0
3240,0,19.21610817223938,19.21610817223938,100.0
3240,1,32.36315913083748,32.36315913083748,100.0
3240,2,48.420732696923146,48.420732696923146,100.0
3250,0,9.393219150674375,9.393219150674375,100.0
3250,1,53.262839487755755,53.262839487755755,100.0
3250,2,37.34394136156987,37.34394136156987,100.0
3260,0,37.23902103705245,37.23902103705245,100.0
3260,1,17.619666043900907,17.619666043900907,100.0
3260,2,45.141312919046634,45.141312919046634,100.0
3270,0,20.146171339952417,20.146171339952417,100.0
3270,1,18.902307839629255,18.902307839629255,100.0
3270,2,60.951520820418324,60.951520820418324,100.0
3280,0,41.918691649334164,41.918691649334164,100.0
3280,1,26.597675254652238,26.597675254652238,100.0
3280,2,31.48363309601359,31.48363309601359,100.0
3290,0,24.830435421182546,24.830435421182546,100.0
3290,1,50.67716350186321,50.67716350186321,100.0
3290,2,24.492401076954238,24.492401076954238,100.0
3300,0,26.366124928570567,26.366124928570567,100.0
3300,1,30.562171289456092,30.562171289456092,100.0
3300,2,43.07170378197334,43.07170378197334,100.0
3310,0,49.825492558457874,49.825492558457874,100.0
3310,1,31.41264515865172,31.41264515865172,100.0
3310,2,18.761862282890394,18.761862282890394,100.0
3320,0,53.97611629677348,53.97611629677348,100.0
3320,1,21.897864477498057,21.897864477498057,100.0
3320,2,24.12601922572846,24.12601922572846,100.0
3330,0,16.37893805214608,16.37893805214608,100.0
3330,1,13.236579154068853,13.236579154068853,100.0
3330,2,70.38448279378507,70.38448279378507,100.0
3340,0,41.2924138661821,41.2924138661821,100.0
3340,1,23.66721543660458,23.66721543660458,100.0
3340,2,35.04037069721331,35.04037069721331,100.0
3350,0,49.35532356995231,49.35532356995231,100.0
3350,1,31.679304381624785,31.679304381624785,100.0
3350,2,18.9653720484229,18.9653720484229,100.0
3360,0,39.81328182415644,39.81328182415644,100.0
3360,1,22.3874428190805,22.3874428190805,100.0
3360,2,37.799275356763054,37.799275356763054,100.0
3370,0,23.371649435720894,23.371649435720894,100.0
3370,1,39.0981866045495,39.0981866045495,100.0
3370,2,37.53016395972963,37.53016395972963,100.0
3380,0,40.13176683784783,40.13176683784783,100.0
3380,1,14.129739046083106,14.129739046083106,100.0
3380,2,45.73849411606907,45.73849411606907,100.0
3390,0,14.327406740288525,14.327406740288525,100.0
3390,1,16.767038197401348,16.767038197401348,100.0
3390,2,68.90555506231013,68.90555506231013,100.0
3400,0,50.93403784796995,50.93403784796995,100.0
3400,1,17.6492723445339,17.6492723445339,100.0
3400,2,31.416689807496155,31.416689807496155,100.0
3410,0,21.027241562652808,21.027241562652808,100.0
3410,1,16.210056870481043,16.210056870481043,100.0
3410,2,62.762701566866156,62.762701566866156,100.0
3420,0,33.93404157176841,33.93404157176841,100.0
3420,1,16.982861010463264,16.982861010463264,100.0
3420,2,49.08309741776832,49.08309741776832,100.0
3430,0,10.281003455008737,10.281003455008737,100.0
3430,1,60.6983153481235,60.6983153481235,100.0
3430,2,29.02068119686776,29.02068119686776,100.0
3440,0,37.994257613463425,37.994257613463425,100.0
3440,1,41.550395034397894,41.550395034397894,100.0
3440,2,20.455347352138688,20.455347352138688,100.0
3450,0,13.419633540073042,13.419633540073042,100.0
3450,1,21.351657420823706,21.351657420823706,100.0
3450,2,65.22870903910326,65.22870903910326,100.0
3460,0,35.721877937220285,35.721877937220285,100.0
3460,1,19.107561247175102,19.107561247175102,100.0
3460,2,45.17056081560461,45.17056081560461,100.0
3470,0,28.901817438895925,28.901817438895925,100.0
3470,1,42.744914409083876,42.744914409083876,100.0
3470,2,28.35326815202019,28.35326815202019,100.0
3480,0,30.2741357372583,30.2741357372583,100.0
3480,1,39.04090655677871,39.04090655677871,100.0
3480,2,30.68495770596299,30.68495770596299,100.0
3490,0,21.19763627737428,21.19763627737428,100.0
3490,1,45.198865149105046,45.198865149105046,100.0
3490,2,33.60349857352068,33.60349857352068,100.0
3500,0,54.22523210667959,54.22523210667959,100.0
3500,1,30.917403909942763,30.917403909942763,100.0
3500,2,14.857363983377653,14.857363983377653,100.0
3510,0,11.914567195987358,11.914567195987358,100.0
3510,1,11.50070186682495,11.50070186682495,100.0
3510,2,76.5847309371877,76.5847309371877,100.0
3520,0,17.868999675632637,17.868999675632637,100.0
3520,1,36.93477761596145,36.93477761596145,100.0
3520,2,45.19622270840592,45.19622270840592,100.0
3530,0,24.37452987886659,24.37452987886659,100.0
3530,1,27.14311881946606,27.14311881946606,100.0
3530,2,48.48235130166734,48.48235130166734,100.0
3540,0,52.72427885686783,52.72427885686783,100.0
3540,1,14.008284492479348,14.008284492479348,100.0
3540,2,33.267436650652826,33.267436650652826,100.0
3550,0,17.33321103151827,17.33321103151827,100.0
3550,1,43.04266056843499,43.04266056843499,100.0
3550,2,39.62412840004676,39.62412840004676,100.0
3560,0,50.28236780721891,50.28236780721891,100.0
3560,1,16.3387505195473,16.3387505195473,100.0
3560,2,33.37888167323379,33.37888167323379,100.0
3570,0,12.716934963923517,12.716934963923517,100.0
3570,1,17.354629065999738,17.354629065999738,100.0
3570,2,69.92843597007675,69.92843597007675,100.0
3580,0,33.74089265925441,33.74089265925441,100.0
3580,1,24.2554055476112,24.2554055476112,100.0
3580,2,42.00370179313438,42.00370179313438,100.0
3590,0,22.10390869335343,22.10390869335343,100.0
3590,1,19.631460472106916,19.631460472106916,100.0
3590,2,58.26463083453965,58.26463083453965,100.0
3600,0,24.26537333617468,24.26537333617468,100.0
3600,1,57.845472713886316,57.845472713886316,100.0
3600,2,17.88915394993901,17.88915394993901,100.0
3610,0,73.98092189913697,73.98092189913697,100.0
3610,1,11.306675823954695,11.306675823954695,100.0
3610,2,14.712402276908335,14.712402276908335,100.0
3620,0,47.62725315361724,47.62725315361724,100.0
3620,1,34.24859101631763,34.24859101631763,100.0
3620,2,18.124155830065142,18.124155830065142,100.0
3630,0,16.319877090592392,16.319877090592392,100.0
3630,1,19.61302474908008,19.61302474908008,100.0
3630,2,64.06709816032753,64.06709816032753,100.0
3640,0,62.67326918168865,62.67326918168865,100.0
3640,1,28.031598451574418,28.031598451574418,100.0
3640,2,9.295132366736938,9.295132366736938,100.0
3650,0,56.14186596018956,56.14186596018956,100.0
3650,1,34.6027964528203,34.6027964528203,100.0
3650,2,9.255337586990136,9.255337586990136,100.0
3660,0,34.307092330631505,34.307092330631505,100.0
3660,1,31.477835236741853,31.477835236741853,100.0
3660,2,34.21507243262665,34.21507243262665,100.0
3670,0,68.94606911215602,68.94606911215602,100.0
3670,1,19.389744153763207,19.389744153763207,100.0
3670,2,11.664186734080777,11.664186734080777,100.0
3680,0,57.221931088692656,57.221931088692656,100.0
3680,1,26.9319545139112,26.9319545139112,100.0
3680,2,15.846114397396141,15.846114397396141,100.0
3690,0,17.316212993101836,17.316212993101836,100.0
3690,1,13.795221454209244,13.795221454209244,100.0
3690,2,68.88856555268892,68.88856555268892,100.0
3700,0,23.213731478470166,23.213731478470166,100.0
3700,1,38.42435387543208,38.42435387543208,100.0
3700,2,38.36191464609776,38.36191464609776,100.0
3710,0,48.05886500808191,48.05886500808191,100.0
3710,1,11.539510755057808,11.539510755057808,100.0
3710,2,40.40162423686027,40.40162423686027,100.0
3720,0,22.353871497470973,22.353871497470973,100.0
3720,1,13.84929512413782,13.84929512413782,100.0
3720,2,63.796833378391206,63.796833378391206,100.0
3730,0,20.066226303607934,20.066226303607934,100.0
3730,1,18.751519513460615,18.751519513460615,100.0
3730,2,61.18225418293146,61.18225418293146,100.0
3740,0,35.8086433095921,35.8086433095921,100.0
3740,1,26.58698432630796,26.58698432630796,100.0
3740,2,37.604372364099945,37.604372364099945,100.0
3750,0,18.852735614671666,18.852735614671666,100.0
3750,1,11.613944249392022,11.613944249392022,100.0
3750,2,69.53332013593632,69.53332013593632,100.0
3760,0,63.67956126287686,63.67956126287686,100.0
3760,1,26.175532787515678,26.175532787515678,100.0
3760,2,10.144905949607475,10.144905949607475,100.0
3770,0,10.738062775409778,10.738062775409778,100.0
3770,1,33.57956634788623,33.57956634788623,100.0
3770,2,55.68237087670399,55.68237087670399,100.0
3780,0,33.73662302728436,33.73662302728436,100.0
3780,1,21.81733447239326,21.81733447239326,100.0
3780,2,44.44604250032238,44.44604250032238,100.0
3790,0,34.83017843807498,34.83017843807498,100.0
3790,1,35.039185596831416,35.039185596831416,100.0
3790,2,30.13063596509361,30.13063596509361,100.0
3800,0,21.588318792415034,21.588318792415034,100.0
3800,1,45.31608909745026,45.31608909745026,100.0
3800,2,33.09559211013471,33.09559211013471,100.0
3810,0,25.70654437118925,25.70654437118925,100.0
3810,1,15.131154199474265,15.131154199474265,100.0
3810,2,59.16230142933648,59.16230142933648,100.0
3820,0,46.7751914755,46.7751914755,100.0
3820,1,29.6292772529697,29.6292772529697,100.0
3820,2,23.595531271530295,23.595531271530295,100.0
3830,0,43.36945472031701,43.36945472031701,100.0
3830,1,11.711596866424442,11.711596866424442,100.0
3830,2,44.918948413258555,44.918948413258555,100.0
3840,0,50.49297556659966,50.49297556659966,100.0
3840,1,38.51935815387138,38.51935815387138,100.0
3840,2,10.987666279528966,10.987666279528966,100.0
3850,0,23.078777045480372,23.078777045480372,100.0
3850,1,61.08556040553902,61.08556040553902,100.0
3850,2,15.835662548980611,15.835662548980611,100.0
3860,0,43.87608317966524,43.87608317966524,100.0
3860,1,25.005436078795473,25.005436078795473,100.0
3860,2,31.118480741539294,31.118480741539294,100.0
3870,0,12.07968376710331,12.07968376710331,100.0
3870,1,11.706448345350438,11.706448345350438,100.0
3870,2,76.21386788754626,76.21386788754626,100.0
3880,0,57.108360867417716,57.108360867417716,100.0
3880,1,11.994316610704685,11.994316610704685,100.0
3880,2,30.8973225218776,30.8973225218776,100.0
3890,0,40.36961963179178,40.36961963179178,100.0
3890,1,29.358762705250545,29.358762705250545,100.0
3890,2,30.271617662957684,30.271617662957684,100.0
3900,0,44.50949479512881,44.50949479512881,100.0
3900,1,24.049368934762875,24.049368934762875,100.0
3900,2,31.441136270108323,31.441136270108323,100.0
3910,0,54.21286396683248,54.21286396683248,100.0
3910,1,10.597203964603057,10.597203964603057,100.0
3910,2,35.18993206856446,35.18993206856446,100.0
3920,0,31.006805146697186,31.006805146697186,100.0
3920,1,31.666834719033098,31.666834719033098,100.0
3920,2,37.32636013426972,37.32636013426972,100.0
3930,0,20.632390420451742,20.632390420451742,100.0
3930,1,20.047311156132157,20.047311156132157,100.0
3930,2,59.320298423416105,59.320298423416105,100.0
3940,0,37.36675250265541,37.36675250265541,100.0
3940,1,27.30288293648333,27.30288293648333,100.0
3940,2,35.330364560861256,35.330364560861256,100.0
3950,0,39.09132212838276,39.09132212838276,100.0
3950,1,16.971203022777296,16.971203022777296,100.0
3950,2,43.93747484883995,43.93747484883995,100.0
3960,0,32.06841264588768,32.06841264588768,100.0
3960,1,17.231795170391987,17.231795170391987,100.0
3960,2,50.69979218372033,50.69979218372033,100.0
3970,0,16.087033137493886,16.087033137493886,100.0
3970,1,16.289145035692638,16.289145035692638,100.0
3970,2,67.62382182681348,67.62382182681348,100.0
3980,0,17.48364879847352,17.48364879847352,100.0
3980,1,26.005655707902864,26.005655707902864,100.0
3980,2,56.51069549362362,56.51069549362362,100.0
3990,0,11.496031280409765,11.496031280409765,100.0
3990,1,10.84560217093062,10.84560217093062,100.0
3990,2,77.65836654865961,77.65836654865961,100.0
4000,0,22.879377852437926,22.879377852437926,100.0
4000,1,13.101975042089562,13.101975042089562,100.0
4000,2,64.01864710547251,64.01864710547251,100.0
4010,0,36.07349398633961,36.07349398633961,100.0
4010,1,20.033911550156894,20.033911550156894,100.0
4010,2,43.89259446350351,43.89259446350351,100.0
4020,0,30.150674157993933,30.150674157993933,100.0
4020,1,32.16134410427857,32.16134410427857,100.0
4020,2,37.6879817377275,37.6879817377275,100.0
4030,0,25.507726826921402,25.507726826921402,100.0
4030,1,28.13844353776418,28.13844353776418,100.0
4030,2,46.353829635314426,46.353829635314426,100.0
4040,0,37.86312566349703,37.86312566349703,100.0
4040,1,12.603837612948057,12.603837612948057,100.0
4040,2,49.53303672355491,49.53303672355491,100.0
4050,0,22.974918907065085,22.974918907065085,100.0
4050,1,15.238887479084125,15.238887479084125,100.0
4050,2,61.78619361385079,61.78619361385079,100.0
4060,0,44.482934131573074,44.482934131573074,100.0
4060,1,46.011533283308346,46.011533283308346,100.0
4060,2,9.505532585118585,9.505532585118585,100.0
4070,0,20.621317675922604,20.621317675922604,100.0
4070,1,38.798737028866256,38.798737028866256,100.0
4070,2,40.57994529521113,40.57994529521113,100.0
4080,0,14.106247903703448,14.106247903703448,100.0
4080,1,42.14458453099414,42.14458453099414,100.0
4080,2,43.74916756530242,43.74916756530242,100.0
4090,0,57.775035928835294,57.775035928835294,100.0
4090,1,19.872648625936694,19.872648625936694,100.0
4090,2,22.35231544522802,22.35231544522802,100.0
4100,0,27.820411756708957,27.820411756708957,100.0
4100,1,35.08930356537307,35.08930356537307,100.0
4100,2,37.090284677917964,37.090284677917964,100.0
4110,0,13.45865758316798,13.45865758316798,100.0
4110,1,13.069295563411663,13.069295563411663,100.0
4110,2,73.47204685342035,73.47204685342035,100.0
4120,0,54.53353903236755,54.53353903236755,100.0
4120,1,22.13633100845599,22.13633100845599,100.0
4120,2,23.330129959176453,23.330129959176453,100.0
4130,0,70.06457866637872,70.06457866637872,100.0
4130,1,14.326604461629922,14.326604461629922,100.0
4130,2,15.608816871991364,15.608816871991364,100.0
4140,0,60.0764828629734,60.0764828629734,100.0
4140,1,24.888908538174963,24.888908538174963,100.0
4140,2,15.03460859885164,15.03460859885164,100.0
4150,0,27.342662146604845,27.342662146604845,100.0
4150,1,31.49350444570194,31.49350444570194,100.0
4150,2,41.163833407693225,41.163833407693225,100.0
4160,0,37.09387237774075,37.09387237774075,100.0
4160,1,44.17550468752459,44.17550468752459,100.0
4160,2,18.73062293473467,18.73062293473467,100.0
4170,0,16.946767155941426,16.946767155941426,100.0
4170,1,15.663750953816013,15.663750953816013,100.0
4170,2,67.38948189024256,67.38948189024256,100.0
4180,0,43.534973274400194,43.534973274400194,100.0
4180,1,19.902023849423113,19.902023849423113,100.0
4180,2,36.56300287617669,36.56300287617669,100.0
4190,0,57.04706992259264,57.04706992259264,100.0
4190,1,8.990325000866893,8.990325000866893,100.0
4190,2,33.96260507654048,33.96260507654048,100.0
4200,0,33.85705762970176,33.85705762970176,100.0
4200,1,23.368609214341923,23.368609214341923,100.0
4200,2,42.77433315595632,42.77433315595632,100.0
4210,0,44.19000232226134,44.19000232226134,100.0
4210,1,30.454779630406957,30.454779630406957,100.0
4210,2,25.3552180473317,25.3552180473317,100.0
4220,0,58.62259678917305,58.62259678917305,100.0
4220,1,10.06398860461721,10.06398860461721,100.0
4220,2,31.313414606209744,31.313414606209744,100.0
4230,0,28.45383518606187,28.45383518606187,100.0
4230,1,12.033214904077147,12.033214904077147,100.0
4230,2,59.51294990986099,59.51294990986099,100.0
4240,0,39.000673251278364,39.000673251278364,100.0
4240,1,12.101328752149602,12.101328752149602,100.0
4240,2,48.89799799657204,48.89799799657204,100.0
4250,0,42.99839301881431,42.99839301881431,100.0
4250,1,21.727381370795634,21.727381370795634,100.0
4250,2,35.27422561039006,35.27422561039006,100.0
4260,0,65.824719072933,65.824719072933,100.0
4260,1,19.714386032039343,19.714386032039343,100.0
4260,2,14.460894895027653,14.460894895027653,100.0
4270,0,67.1917840839802,67.1917840839802,100.0
4270,1,15.362866929968263,15.362866929968263,100.0
4270,2,17.445348986051542,17.445348986051542,100.0
4280,0,47.41208746095926,47.41208746095926,100.0
4280,1,13.570487458306399,13.570487458306399,100.0
4280,2,39.017425080734334,39.017425080734334,100.0
4290,0,14.722162577993068,14.722162577993068,100.0
4290,1,17.23620300578678,17.23620300578678,100.0
4290,2,68.04163441622015,68.04163441622015,100.0
4300,0,32.82966411007621,32.82966411007621,100.0
4300,1,35.07378617682668,35.07378617682668,100.0
4300,2,32.09654971309712,32.09654971309712,100.0
4310,0,49.22788924776388,49.22788924776388,100.0
4310,1,17.653297414172517,17.653297414172517,100.0
4310,2,33.118813338063596,33.118813338063596,100.0
4320,0,56.0699727202976,56.0699727202976,100.0
4320,1,18.182432764340266,18.182432764340266,100.0
4320,2,25.74759451536214,25.74759451536214,100.0
4330,0,45.125210160451765,45.125210160451765,100.0
4330,1,15.887888582838466,15.887888582838466,100.0
4330,2,38.986901256709764,38.986901256709764,100.0
4340,0,23.57143315777835,23.57143315777835,100.0
4340,1,43.087799083749324,43.087799083749324,100.0
4340,2,33.34076775847233,33.34076775847233,100.0
4350,0,21.36553097571661,21.36553097571661,100.0
4350,1,28.560890264948043,28.560890264948043,100.0
4350,2,50.07357875933535,50.07357875933535,100.0
4360,0,38.18489242277357,38.18489242277357,100.0
4360,1,42.368210105941664,42.368210105941664,100.0
4360,2,19.446897471284778,19.446897471284778,100.0
4370,0,74.08936287706393,74.08936287706393,100.0
4370,1,14.519322574903418,14.519322574903418,100.0
4370,2,11.39131454803265,11.39131454803265,100.0
4380,0,34.744272672943346,34.744272672943346,100.0
4380,1,13.217346427655052,13.217346427655052,100.0
4380,2,52.0383808994016,52.0383808994016,100.0
4390,0,46.58995913220912,46.58995913220912,100.0
4390,1,28.95330837780693,28.95330837780693,100.0
4390,2,24.456732489983956,24.456732489983956,100.0
4400,0,49.03576599238142,49.03576599238142,100.0
4400,1,31.278149793390742,31.278149793390742,100.0
4400,2,19.686084214227847,19.686084214227847,100.0
4410,0,16.547373076118532,16.547373076118532,100.0
4410,1,14.660498202839708,14.660498202839708,100.0
4410,2,68.79212872104176,68.79212872104176,100.0
4420,0,39.539655318399774,39.539655318399774,100.0
4420,1,13.692256848667325,13.692256848667325,100.0
4420,2,46.76808783293291,46.76808783293291,100.0
4430,0,18.449829413931923,18.449829413931923,100.0
4430,1,18.671494229173298,18.671494229173298,100.0
4430,2,62.87867635689478,62.87867635689478,100.0
4440,0,23.401074741929907,23.401074741929907,100.0
4440,1,40.78217568529802,40.78217568529802,100.0
4440,2,35.81674957277207,35.81674957277207,100.0
4450,0,65.17940161718771,65.17940161718771,100.0
4450,1,14.911714393183068,14.911714393183068,100.0
4450,2,19.90888398962923,19.90888398962923,100.0
4460,0,33.191602851119626,33.191602851119626,100.0
4460,1,22.165829357030038,22.165829357030038,100.0
4460,2,44.64256779185033,44.64256779185033,100.0
4470,0,8.826914178976224,8.826914178976224,100.0
4470,1,41.961814256149324,41.961814256149324,100.0
4470,2,49.211271564874465,49.211271564874465,100.0
4480,0,36.19163088000319,36.19163088000319,100.0
4480,1,14.097521892501799,14.097521892501799,100.0
4480,2,49.71084722749502,49.71084722749502,100.0
4490,0,57.088003753648174,57.088003753648174,100.0
4490,1,16.30441564863201,16.30441564863201,100.0
4490,2,26.60758059771982,26.60758059771982,100.0
4500,0,66.81315091865329,66.81315091865329,100.0
4500,1,12.966397018509253,12.966397018509253,100.0
4500,2,20.220452062837442,20.220452062837442,100.0
4510,0,51.79936135257906,51.79936135257906,100.0
4510,1,33.593110077634,33.593110077634,100.0
4510,2,14.607528569786929,14.607528569786929,100.0
4520,0,36.68798479336332,36.68798479336332,100.0
4520,1,28.382565100236217,28.382565100236217,100.0
4520,2,34.92945010640046,34.92945010640046,100.0
4530,0,12.378050488261051,12.378050488261051,100.0
4530,1,13.686967212249417,13.686967212249417,100.0
4530,2,73.93498229948953,73.93498229948953,100.0
4540,0,12.234121751921057,12.234121751921057,100.0
4540,1,26.64943128769483,26.64943128769483,100.0
4540,2,61.11644696038412,61.11644696038412,100.0
4550,0,60.64598619953053,60.64598619953053,100.0
4550,1,12.361257241221113,12.361257241221113,100.0
4550,2,26.992756559248367,26.992756559248367,100.0
4560,0,48.25257998152713,48.25257998152713,100.0
4560,1,27.58254218793589,27.58254218793589,100.0
4560,2,24.164877830536984,24.164877830536984,100.0
4570,0,30.672380619621396,30.672380619621396,100.0
4570,1,43.49148228026309,43.49148228026309,100.0
4570,2,25.836137100115508,25.836137100115508,100.0
4580,0,44.747107081382545,44.747107081382545,100.0
4580,1,13.433412798579006,13.433412798579006,100.0
4580,2,41.81948012003845,41.81948012003845,100.0
4590,0,25.99781773859781,25.99781773859781,100.0
4590,1,27.418122602175455,27.418122602175455,100.0
4590,2,46.58405965922673,46.58405965922673,100.0
4600,0,36.67339404680008,36.67339404680008,100.0
4600,1,21.595388412601274,21.595388412601274,100.0
4600,2,41.731217540598635,41.731217540598635,100.0
4610,0,16.23369191798992,16.23369191798992,100.0
4610,1,61.68632780455921,61.68632780455921,100.0
4610,2,22.07998027745088,22.07998027745088,100.0
4620,0,48.257837129268694,48.257837129268694,100.0
4620,1,22.037576681604467,22.037576681604467,100.0
4620,2,29.704586189126836,29.704586189126836,100.0
4630,0,41.45287603206396,41.45287603206396,100.0
4630,1,33.712976013292916,33.712976013292916,100.0
4630,2,24.83414795464313,24.83414795464313,100.0
4640,0,51.28258862016152,51.28258862016152,100.0
4640,1,26.114411900591968,26.114411900591968,100.0
4640,2,22.602999479246513,22.602999479246513,100.0
4650,0,11.594183204339778,11.594183204339778,100.0
4650,1,12.909019252290227,12.909019252290227,100.0
4650,2,75.49679754337,75.49679754337,100.0
4660,0,55.80684649877649,55.80684649877649,100.0
4660,1,16.291472840738088,16.291472840738088,100.0
4660,2,27.901680660485432,27.901680660485432,100.0
4670,0,60.97764463807579,60.97764463807579,100.0
4670,1,22.343529073992936,22.343529073992936,100.0
4670,2,16.678826287931283,16.678826287931283,100.0
4680,0,43.71891473136078,43.71891473136078,100.0
4680,1,9.438361518983575,9.438361518983575,100.0
4680,2,46.842723749655626,46.842723749655626,100.0
4690,0,40.51198076561578,40.51198076561578,100.0
4690,1,11.498705434176442,11.498705434176442,100.0
4690,2,47.989313800207775,47.989313800207775,100.0
4700,0,50.95639437665959,50.95639437665959,100.0
4700,1,9.484823355832397,9.484823355832397,100.0
4700,2,39.55878226750803,39.55878226750803,100.0
4710,0,18.825350904940482,18.825350904940482,100.0
4710,1,22.045276683649675,22.045276683649675,100.0
4710,2,59.12937241140984,59.12937241140984,100.0
4720,0,42.60747475332076,42.60747475332076,100.0
4720,1,18.566529074189457,18.566529074189457,100.0
4720,2,38.82599617248979,38.82599617248979,100.0
4730,0,53.97509516271758,53.97509516271758,100.0
4730,1,18.152773372636265,18.152773372636265,100.0
4730,2,27.87213146464616,27.87213146464616,100.0
4740,0,54.757759136633354,54.757759136633354,100.0
4740,1,19.67988410120861,19.67988410120861,100.0
4740,2,25.56235676215803,25.56235676215803,100.0
4750,0,28.022201198859904,28.022201198859904,100.0
4750,1,19.011800741078304,19.011800741078304,100.0
4750,2,52.9659980600618,52.9659980600618,100.0
4760,0,27.64427421415058,27.64427421415058,100.0
4760,1,47.283059870086646,47.283059870086646,100.0
4760,2,25.07266591576277,25.07266591576277,100.0
4770,0,12.191750579799317,12.191750579799317,100.0
4770,1,16.301159183615272,16.301159183615272,100.0
4770,2,71.50709023658541,71.50709023658541,100.0
4780,0,37.23213528237224,37.23213528237224,100.0
4780,1,27.07979454097671,27.07979454097671,100.0
4780,2,35.68807017665105,35.68807017665105,100.0
4790,0,26.096090380807386,26.096090380807386,100.0
4790,1,42.91536542932032,42.91536542932032,100.0
4790,2,30.988544189872304,30.988544189872304,100.0
4800,0,29.034684649803445,29.034684649803445,100.0
4800,1,51.025507559769856,51.025507559769856,100.0
4800,2,19.939807790426716,19.939807790426716,100.0
4810,0,62.97979447819899,62.97979447819899,100.0
4810,1,15.26375228578055,15.26375228578055,100.0
4810,2,21.756453236020455,21.756453236020455,100.0
4820,0,17.892321374742675,17.892321374742675,100.0
4820,1,56.25344929982808,56.25344929982808,100.0
4820,2,25.854229325429262,25.854229325429262,100.0
4830,0,26.780156836646622,26.780156836646622,100.0
4830,1,18.337011377043055,18.337011377043055,100.0
4830,2,54.88283178631033,54.88283178631033,100.0
4840,0,36.18505925946171,36.18505925946171,100.0
4840,1,38.05718977369613,38.05718977369613,100.0
4840,2,25.757750966842156,25.757750966842156,100.0
4850,0,46.70999712441477,46.70999712441477,100.0
4850,1,30.070257629663246,30.070257629663246,100.0
4850,2,23.219745245921985,23.219745245921985,100.0
4860,0,50.097024223276506,50.097024223276506,100.0
4860,1,17.001994343610935,17.001994343610935,100.0
4860,2,32.90098143311257,32.90098143311257,100.0
4870,0,55.453557471362735,55.453557471362735,100.0
4870,1,26.772370569596994,26.772370569596994,100.0
4870,2,17.77407195904027,17.77407195904027,100.0
4880,0,65.85032598290445,65.85032598290445,100.0
4880,1,13.514624743056771,13.514624743056771,100.0
4880,2,20.63504927403878,20.63504927403878,100.0
4890,0,19.406570699140914,19.406570699140914,100.0
4890,1,15.83523369373201,15.83523369373201,100.0
4890,2,64.75819560712709,64.75819560712709,100.0
4900,0,33.62446018277435,33.62446018277435,100.0
4900,1,25.405733137302498,25.405733137302498,100.0
4900,2,40.969806679923146,40.969806679923146,100.0
4910,0,12.16665564184758,12.16665564184758,100.0
4910,1,46.630065519312254,46.630065519312254,100.0
4910,2,41.20327883884018,41.20327883884018,100.0
4920,0,59.043447228697275,59.043447228697275,100.0
4920,1,17.479091543503785,17.479091543503785,100.0
4920,2,23.477461227798948,23.477461227798948,100.0
4930,0,20.870451524556852,20.870451524556852,100.0
4930,1,56.25344508685942,56.25344508685942,100.0
4930,2,22.87610338858374,22.87610338858374,100.0
4940,0,34.01802104942403,34.01802104942403,100.0
4940,1,23.74248286959,23.74248286959,100.0
4940,2,42.23949608098597,42.23949608098597,100.0
4950,0,13.102121616293545,13.102121616293545,100.0
4950,1,17.071770406360557,17.071770406360557,100.0
4950,2,69.8261079773459,69.8261079773459,100.0
4960,0,27.075984042385542,27.075984042385542,100.0
4960,1,47.97386342130107,47.97386342130107,100.0
4960,2,24.950152536313396,24.950152536313396,100.0
4970,0,25.02740963451291,25.02740963451291,100.0
4970,1,53.13723160553443,53.13723160553443,100.0
4970,2,21.83535875995266,21.83535875995266,100.0
4980,0,61.291889575569705,61.291889575569705,100.0
4980,1,19.81975443881353,19.81975443881353,100.0
4980,2,18.888355985616773,18.888355985616773,100.0
4990,0,22.10988248539767,22.10988248539767,100.0
4990,1,20.086584247806723,20.086584247806723,100.0
4990,2,57.80353326679561,57.80353326679561,100.0
5000,0,16.960880813663817,16.960880813663817,100.0
5000,1,58.39809772716509,58.39809772716509,100.0
5000,2,24.641021459171103,24.641021459171103,100.0
5010,0,30.412637126027963,30.412637126027963,100.0
5010,1,38.68478173716807,38.68478173716807,100.0
5010,2,30.902581136803963,30.902581136803963,100.0
5020,0,34.08186395142494,34.08186395142494,100.0
5020,1,33.596181564583446,33.596181564583446,100.0
5020,2,32.32195448399161,32.32195448399161,100.0
5030,0,31.81871919436861,31.81871919436861,100.0
5030,1,13.756202021925207,13.756202021925207,100.0
5030,2,54.425078783706184,54.425078783706184,100.0
5040,0,45.073182584657154,45.073182584657154,100.0
5040,1,35.06470648641321,35.06470648641321,100.0
5040,2,19.86211092892965,19.86211092892965,100.0
5050,0,34.56822374805936,34.56822374805936,100.0
5050,1,33.00629486143206,33.00629486143206,100.0
5050,2,32.42548139050858,32.42548139050858,100.0
5060,0,56.75724397917029,56.75724397917029,100.0
5060,1,21.99299954795641,21.99299954795641,100.0
5060,2,21.249756472873305,21.249756472873305,100.0
5070,0,14.831683786244012,14.831683786244012,100.0
5070,1,16.852319613779603,16.852319613779603,100.0
5070,2,68.31599659997639,68.31599659997639,100.0
5080,0,65.99540418588691,65.99540418588691,100.0
5080,1,14.981318534283547,14.981318534283547,100.0
5080,2,19.02327727982953,19.02327727982953,100.0
5090,0,50.63279565829458,50.63279565829458,100.0
5090,1,23.266389408588807,23.266389408588807,100.0
5090,2,26.100814933116617,26.100814933116617,100.0
5100,0,65.10402137628381,65.10402137628381,100.0
5100,1,17.65563203570367,17.65563203570367,100.0
5100,2,17.240346588012507,17.240346588012507,100.0
5110,0,63.098351409125875,63.098351409125875,100.0
5110,1,25.27151481395828,25.27151481395828,100.0
5110,2,11.630133776915837,11.630133776915837,100.0
5120,0,42.26528183866052,42.26528183866052,100.0
5120,1,27.222390408625362,27.222390408625362,100.0
5120,2,30.512327752714114,30.512327752714114,100.0
5130,0,10.837174266217001,10.837174266217001,100.0
5130,1,16.653095484647963,16.653095484647963,100.0
5130,2,72.50973024913505,72.50973024913505,100.0
5140,0,13.021561160775905,13.021561160775905,100.0
5140,1,53.92631503602562,53.92631503602562,100.0
5140,2,33.05212380319847,33.05212380319847,100.0
5150,0,53.645005198817984,53.645005198817984,100.0
5150,1,11.611408990465131,11.611408990465131,100.0
5150,2,34.74358581071689,34.74358581071689,100.0
5160,0,29.712098827320908,29.712098827320908,100.0
5160,1,9.686583180713924,9.686583180713924,100.0
5160,2,60.601317991965175,60.601317991965175,100.0
5170,0,47.64723688001156,47.64723688001156,100.0
5170,1,31.30115612567046,31.30115612567046,100.0
5170,2,21.051606994317986,21.051606994317986,100.0
5180,0,38.48913219210452,38.48913219210452,100.0
5180,1,31.68762977376448,31.68762977376448,100.0
5180,2,29.823238034131005,29.823238034131005,100.0
5190,0,11.50412585202906,11.50412585202906,100.0
5190,1,13.498041435059704,13.498041435059704,100.0
5190,2,74.99783271291123,74.99783271291123,100.0
5200,0,52.96731606297793,52.96731606297793,100.0
5200,1,9.86868648368425,9.86868648368425,100.0
5200,2,37.16399745333782,37.16399745333782,100.0
5210,0,73.39264174147955,73.39264174147955,100.0
5210,1,14.229827681090546,14.229827681090546,100.0
5210,2,12.37753057742991,12.37753057742991,100.0
5220,0,23.859460869007183,23.859460869007183,100.0
5220,1,57.75458098391071,57.75458098391071,100.0
5220,2,18.385958147082114,18.385958147082114,100.0
5230,0,23.451113642236532,23.451113642236532,100.0
5230,1,51.901103090072674,51.901103090072674,100.0
5230,2,24.647783267690805,24.647783267690805,100.0
5240,0,19.49404818304132,19.49404818304132,100.0
5240,1,57.50787398889259,57.50787398889259,100.0
5240,2,22.998077828066098,22.998077828066098,100.0
5250,0,31.610119379162864,31.610119379162864,100.0
5250,1,34.453104186433876,34.453104186433876,100.0
5250,2,33.936776434403264,33.936776434403264,100.0
5260,0,70.75624473419936,70.75624473419936,100.0
5260,1,15.469884968302802,15.469884968302802,100.0
5260,2,13.773870297497846,13.773870297497846,100.0
5270,0,55.471976527042244,55.471976527042244,100.0
5270,1,21.26052139577735,21.26052139577735,100.0
5270,2,23.26750207718041,23.26750207718041,100.0
5280,0,43.06670267701024,43.06670267701024,100.0
5280,1,34.36330847044735,34.36330847044735,100.0
5280,2,22.56998885254241,22.56998885254241,100.0
5290,0,62.60553927073546,62.60553927073546,100.0
5290,1,21.314555447703082,21.314555447703082,100.0
5290,2,16.07990528156146,16.07990528156146,100.0
5300,0,44.917813386006294,44.917813386006294,100.0
5300,1,30.10896688283734,30.10896688283734,100.0
5300,2,24.97321973115637,24.97321973115637,100.0
5310,0,12.918190509636782,12.918190509636782,100.0
5310,1,13.115079347643238,13.115079347643238,100.0
5310,2,73.96673014271998,73.96673014271998,100.0
5320,0,14.39098012949262,14.39098012949262,100.0
5320,1,59.76046976037884,59.76046976037884,100.0
5320,2,25.848550110128542,25.848550110128542,100.0
5330,0,45.354451957962226,45.354451957962226,100.0
5330,1,34.281787177351134,34.281787177351134,100.0
5330,2,20.363760864686633,20.363760864686633,100.0
5340,0,51.348539140528096,51.348539140528096,100.0
5340,1,11.453292574006896,11.453292574006896,100.0
5340,2,37.198168285465016,37.198168285465016,100.0
5350,0,69.89264235034514,69.89264235034514,100.0
5350,1,11.569586448524646,11.569586448524646,100.0
5350,2,18.53777120113022,18.53777120113022,100.0
5360,0,32.18608131465576,32.18608131465576,100.0
5360,1,21.162160621434605,21.162160621434605,100.0
5360,2,46.651758063909625,46.651758063909625,100.0
5370,0,12.21687727590928,12.21687727590928,100.0
5370,1,11.892271109162172,11.892271109162172,100.0
5370,2,75.89085161492855,75.89085161492855,100.0
5380,0,31.191433700398225,31.191433700398225,100.0
5380,1,31.967971946692725,31.967971946692725,100.0
5380,2,36.84059435290906,36.84059435290906,100.0
5390,0,21.635467541375554,21.635467541375554,100.0
5390,1,46.39165377876519,46.39165377876519,100.0
5390,2,31.972878679859257,31.972878679859257,100.0
5400,0,31.274322969410917,31.274322969410917,100.0
5400,1,33.33020027520116,33.33020027520116,100.0
5400,2,35.39547675538794,35.39547675538794,100.0
5410,0,25.952590699075195,25.952590699075195,100.0
5410,1,13.497399782725886,13.497399782725886,100.0
5410,2,60.55000951819892,60.55000951819892,100.0
5420,0,27.943121243206008,27.943121243206008,100.0
5420,1,11.883380162937536,11.883380162937536,100.0
5420,2,60.17349859385646,60.17349859385646,100.0
5430,0,15.815167912350269,15.815167912350269,100.0
5430,1,12.497980468348413,12.497980468348413,100.0
5430,2,71.68685161930132,71.68685161930132,100.0
5440,0,26.209098478118754,26.209098478118754,100.0
5440,1,21.230991093553946,21.230991093553946,100.0
5440,2,52.55991042832729,52.55991042832729,100.0
5450,0,41.71720416264077,41.71720416264077,100.0
5450,1,20.159716642422985,20.159716642422985,100.0
5450,2,38.123079194936246,38.123079194936246,100.0
5460,0,22.370514510578897,22.370514510578897,100.0
5460,1,36.85927295170092,36.85927295170092,100.0
5460,2,40.77021253772019,40.77021253772019,100.0
5470,0,28.720793437944813,28.720793437944813,100.0
5470,1,59.37426968901828,59.37426968901828,100.0
5470,2,11.904936873036906,11.904936873036906,100.0
5480,0,14.598925312508932,14.598925312508932,100.0
5480,1,25.87022963533648,25.87022963533648,100.0
5480,2,59.53084505215459,59.53084505215459,100.0
5490,0,13.833357137803254,13.833357137803254,100.0
5490,1,14.249741878373385,14.249741878373385,100.0
5490,2,71.91690098382337,71.91690098382337,100.0
5500,0,34.28696127438051,34.28696127438051,100.0
5500,1,33.47767963120483,33.47767963120483,100.0
5500,2,32.23535909441466,32.23535909441466,100.0
5510,0,50.822017752312455,50.822017752312455,100.0
5510,1,21.095700988617804,21.095700988617804,100.0
5510,2,28.082281259069752,28.082281259069752,100.0
5520,0,53.75703855780245,53.75703855780245,100.0
5520,1,24.103711762975877,24.103711762975877,100.0
5520,2,22.139249679221667,22.139249679221667,100.0
5530,0,14.669071526858488,14.669071526858488,100.0
5530,1,26.641424057577336,26.641424057577336,100.0
5530,2,58.68950441556419,58.68950441556419,100.0
5540,0,44.24208288391894,44.24208288391894,100.0
5540,1,33.646717160923664,33.646717160923664,100.0
5540,2,22.111199955157414,22.111199955157414,100.0
5550,0,18.379747017004583,18.379747017004583,100.0
5550,1,17.946616368650304,17.946616368650304,100.0
5550,2,63.67363661434512,63.67363661434512,100.0
5560,0,25.10359484814978,25.10359484814978,100.0
5560,1,61.85712227519177,61.85712227519177,100.0
5560,2,13.039282876658447,13.039282876658447,100.0
5570,0,14.435291311620196,14.435291311620196,100.0
5570,1,23.59755376167147,23.59755376167147,100.0
5570,2,61.96715492670833,61.96715492670833,100.0
5580,0,29.6046584205439,29.6046584205439,100.0
5580,1,21.772006695994712,21.772006695994712,100.0
5580,2,48.62333488346139,48.62333488346139,100.0
5590,0,43.01315275759158,43.01315275759158,100.0
5590,1,26.12043470606295,26.12043470606295,100.0
5590,2,30.86641253634548,30.86641253634548,100.0
5600,0,33.13810794496022,33.13810794496022,100.0
5600,1,33.732775907927284,33.732775907927284,100.0
5600,2,33.129116147112484,33.129116147112484,100.0
5610,0,10.839222950908873,10.839222950908873,100.0
5610,1,21.36626836634858,21.36626836634858,100.0
5610,2,67.79450868274253,67.79450868274253,100.0
5620,0,44.928316102323606,44.928316102323606,100.0
5620,1,27.102683263226123,27.102683263226123,100.0
5620,2,27.969000634450257,27.969000634450257,100.0
5630,0,38.57938421902801,38.57938421902801,100.0
5630,1,17.716539343603653,17.716539343603653,100.0
5630,2,43.70407643736835,43.70407643736835,100.0
5640,0,56.35872939030485,56.35872939030485,100.0
5640,1,18.782412492413755,18.782412492413755,100.0
5640,2,24.8588581172814,24.8588581172814,100.0
5650,0,24.42103424962497,24.42103424962497,100.0
5650,1,36.811775409231586,36.811775409231586,100.0
5650,2,38.76719034114344,38.76719034114344,100.0
5660,0,46.82972531844852,46.82972531844852,100.0
5660,1,36.75919929028479,36.75919929028479,100.0
5660,2,16.411075391266696,16.411075391266696,100.0
5670,0,16.70005200747635,16.70005200747635,100.0
5670,1,11.80227446135183,11.80227446135183,100.0
5670,2,71.49767353117183,71.49767353117183,100.0
5680,0,50.379692879311435,50.379692879311435,100.0
5680,1,12.551979775131091,12.551979775131091,100.0
5680,2,37.06832734555748,37.06832734555748,100.0
5690,0,61.55603857904478,61.55603857904478,100.0
5690,1,27.30168100838527,27.30168100838527,100.0
5690,2,11.142280412569965,11.142280412569965,100.0
5700,0,22.604295200722394,22.604295200722394,100.0
5700,1,43.61975400430104,43.61975400430104,100.0
5700,2,33.77595079497657,33.77595079497657,100.0
5710,0,22.362377151544976,22.362377151544976,100.0
5710,1,31.076578342724627,31.076578342724627,100.0
5710,2,46.56104450573041,46.56104450573041,100.0
5720,0,51.194190994632336,51.194190994632336,100.0
5720,1,24.28305685000932,24.28305685000932,100.0
5720,2,24.52275215535834,24.52275215535834,100.0
5730,0,17.601074705430683,17.601074705430683,100.0
5730,1,11.298980446892532,11.298980446892532,100.0
5730,2,71.0999448476768,71.0999448476768,100.0
5740,0,28.014897163174453,28.014897163174453,100.0
5740,1,48.454619552991154,48.454619552991154,100.0
5740,2,23.530483283834393,23.530483283834393,100.0
5750,0,30.059229588464902,30.059229588464902,100.0
5750,1,41.07876773803728,41.07876773803728,100.0
5750,2,28.862002673497827,28.862002673497827,100.0
5760,0,53.35568492186107,53.35568492186107,100.0
5760,1,21.755927227746945,21.755927227746945,100.0
5760,2,24.88838785039199,24.88838785039199,100.0
5770,0,52.25953215311441,52.25953215311441,100.0
5770,1,17.062763019397902,17.062763019397902,100.0
5770,2,30.67770482748769,30.67770482748769,100.0
5780,0,17.085417588921683,17.085417588921683,100.0
5780,1,24.048049273720224,24.048049273720224,100.0
5780,2,58.86653313735809,58.86653313735809,100.0
5790,0,11.369965911213251,11.369965911213251,100.0
5790,1,11.315937425028805,11.315937425028805,100.0
5790,2,77.31409666375794,77.31409666375794,100.0
5800,0,52.86919568204739,52.86919568204739,100.0
5800,1,38.093365512300096,38.093365512300096,100.0
5800,2,9.037438805652517,9.037438805652517,100.0
5810,0,44.684584581730476,44.684584581730476,100.0
5810,1,10.572696116665954,10.572696116665954,100.0
5810,2,44.742719301603564,44.742719301603564,100.0
5820,0,52.80208266720238,52.80208266720238,100.0
5820,1,30.52282046159008,30.52282046159008,100.0
5820,2,16.675096871207536,16.675096871207536,100.0
5830,0,54.943140728721,54.943140728721,100.0
5830,1,15.993452668492372,15.993452668492372,100.0
5830,2,29.06340660278664,29.06340660278664,100.0
5840,0,54.093453191256714,54.093453191256714,100.0
5840,1,28.076931052495297,28.076931052495297,100.0
5840,2,17.829615756248003,17.829615756248003,100.0
5850,0,14.955763483055385,14.955763483055385,100.0
5850,1,14.48806233864281,14.48806233864281,100.0
5850,2,70.55617417830182,70.55617417830182,100.0
5860,0,70.5899908767594,70.5899908767594,100.0
5860,1,11.547687424843627,11.547687424843627,100.0
5860,2,17.86232169839698,17.86232169839698,100.0
5870,0,13.546029090565654,13.546029090565654,100.0
5870,1,44.797253604200556,44.797253604200556,100.0
5870,2,41.6567173052338,41.6567173052338,100.0
5880,0,58.167521699791514,58.167521699791514,100.0
5880,1,28.402710780110656,28.402710780110656,100.0
5880,2,13.42976752009784,13.42976752009784,100.0
5890,0,34.553729210934186,34.553729210934186,100.0
5890,1,17.35495067474781,17.35495067474781,100.0
5890,2,48.09132011431801,48.09132011431801,100.0
5900,0,38.74408520215092,38.74408520215092,100.0
5900,1,38.1134477703976,38.1134477703976,100.0
5900,2,23.14246702745149,23.14246702745149,100.0
5910,0,25.163985924114296,25.163985924114296,100.0
5910,1,11.467961696279772,11.467961696279772,100.0
5910,2,63.36805237960594,63.36805237960594,100.0
5920,0,10.92451091423609,10.92451091423609,100.0
5920,1,17.941350215093394,17.941350215093394,100.0
5920,2,71.13413887067051,71.13413887067051,100.0
5930,0,34.47455502857727,34.47455502857727,100.0
5930,1,29.63741941933814,29.63741941933814,100.0
5930,2,35.8880255520846,35.8880255520846,100.0
5940,0,31.803027502259717,31.803027502259717,100.0
5940,1,54.03057749622185,54.03057749622185,100.0
5940,2,14.166395001518426,14.166395001518426,100.0
5950,0,33.83544000241059,33.83544000241059,100.0
5950,1,48.73134726773384,48.73134726773384,100.0
5950,2,17.43321272985558,17.43321272985558,100.0
5960,0,19.452281304068837,19.452281304068837,100.0
5960,1,15.257125462638927,15.257125462638927,100.0
5960,2,65.29059323329224,65.29059323329224,100.0
5970,0,12.169039283763738,12.169039283763738,100.0
5970,1,11.680744812914178,11.680744812914178,100.0
5970,2,76.15021590332208,76.15021590332208,100.0
5980,0,26.616974352704915,26.616974352704915,100.0
5980,1,15.89782241049636,15.89782241049636,100.0
5980,2,57.48520323679873,57.48520323679873,100.0
5990,0,59.65358231395652,59.65358231395652,100.0
5990,1,16.543481958072096,16.543481958072096,100.0
5990,2,23.802935727971388,23.802935727971388,100.0
6000,0,21.261716361788867,21.261716361788867,100.0
6000,1,44.31573146288331,44.31573146288331,100.0
6000,2,34.42255217532782,34.42255217532782,100.0
6010,0,47.8558537853847,47.8558537853847,100.0
6010,1,15.425587965712847,15.425587965712847,100.0
6010,2,36.71855824890246,36.71855824890246,100.0
6020,0,28.567128060607498,28.567128060607498,100.0
6020,1,36.42590520715175,36.42590520715175,100.0
6020,2,35.006966732240755,35.006966732240755,100.0
6030,0,13.447946259869854,13.447946259869854,100.0
6030,1,13.338535947020702,13.338535947020702,100.0
6030,2,73.21351779310945,73.21351779310945,100.0
6040,0,46.00506711344134,46.00506711344134,100.0
6040,1,37.198362501408354,37.198362501408354,100.0
6040,2,16.796570385150293,16.796570385150293,100.0
6050,0,56.30332877762382,56.30332877762382,100.0
6050,1,24.56062703860158,24.56062703860158,100.0
6050,2,19.136044183774604,19.136044183774604,100.0
6060,0,67.02276277059124,67.02276277059124,100.0
6060,1,18.291228303951325,18.291228303951325,100.0
6060,2,14.686008925457426,14.686008925457426,100.0
6070,0,49.48740139827911,49.48740139827911,100.0
6070,1,30.699218323412907,30.699218323412907,100.0
6070,2,19.813380278307978,19.813380278307978,100.0
6080,0,34.10510534307161,34.10510534307161,100.0
6080,1,40.722394716692584,40.722394716692584,100.0
6080,2,25.17249994023582,25.17249994023582,100.0
6090,0,11.85478665230182,11.85478665230182,100.0
6090,1,13.230398530330373,13.230398530330373,100.0
6090,2,74.91481481736781,74.91481481736781,100.0
6100,0,36.78006041217121,36.78006041217121,100.0
6100,1,18.688685362363334,18.688685362363334,100.0
6100,2,44.53125422546546,44.53125422546546,100.0
6110,0,32.879194982706416,32.879194982706416,100.0
6110,1,54.63397825480051,54.63397825480051,100.0
6110,2,12.486826762493074,12.486826762493074,100.0
6120,0,61.92704404879661,61.92704404879661,100.0
6120,1,19.306550094944036,19.306550094944036,100.0
6120,2,18.76640585625935,18.76640585625935,100.0
6130,0,37.2509588002785,37.2509588002785,100.0
6130,1,15.652416403217872,15.652416403217872,100.0
6130,2,47.09662479650363,47.09662479650363,100.0
6140,0,41.769011636559554,41.769011636559554,100.0
6140,1,10.785499000372448,10.785499000372448,100.0
6140,2,47.44548936306799,47.44548936306799,100.0
6150,0,18.760458953621022,18.760458953621022,100.0
6150,1,12.50031486796472,12.50031486796472,100.0
6150,2,68.73922617841426,68.73922617841426,100.0
6160,0,44.25869029152615,44.25869029152615,100.0
6160,1,45.753946676213616,45.753946676213616,100.0
6160,2,9.987363032260228,9.987363032260228,100.0
6170,0,46.62553697790033,46.62553697790033,100.0
6170,1,30.60857502438979,30.60857502438979,100.0
6170,2,22.76588799770987,22.76588799770987,100.0
6180,0,58.58466430130023,58.58466430130023,100.0
6180,1,30.77872335536309,30.77872335536309,100.0
6180,2,10.636612343336695,10.636612343336695,100.0
6190,0,39.17779079326247,39.17779079326247,100.0
6190,1,20.686565913603914,20.686565913603914,100.0
6190,2,40.13564329313362,40.13564329313362,100.0
6200,0,37.14684622569892,37.14684622569892,100.0
6200,1,52.183006569840785,52.183006569840785,100.0
6200,2,10.670147204460278,10.670147204460278,100.0
6210,0,18.21129485015523,18.21129485015523,100.0
6210,1,15.75402705524149,15.75402705524149,100.0
6210,2,66.03467809460328,66.03467809460328,100.0
6220,0,21.867018700961886,21.867018700961886,100.0
6220,1,51.050062338325084,51.050062338325084,100.0
6220,2,27.082918960713037,27.082918960713037,100.0
6230,0,37.02367842808635,37.02367842808635,100.0
6230,1,30.948856684765797,30.948856684765797,100.0
6230,2,32.02746488714785,32.02746488714785,100.0
6240,0,19.54699370213894,19.54699370213894,100.0
6240,1,14.439468892505786,14.439468892505786,100.0
6240,2,66.01353740535527,66.01353740535527,100.0
6250,0,19.444213835879868,19.444213835879868,100.0
6250,1,24.89484089229366,24.89484089229366,100.0
6250,2,55.66094527182648,55.66094527182648,100.0
6260,0,29.17669538362575,29.17669538362575,100.0
6260,1,44.17458560844081,44.17458560844081,100.0
6260,2,26.648719007933448,26.648719007933448,100.0
6270,0,19.174099153512397,19.174099153512397,100.0
6270,1,13.8013205166025,13.8013205166025,100.0
6270,2,67.02458032988511,67.02458032988511,100.0
6280,0,24.69663799404042,24.69663799404042,100.0
6280,1,19.470972877505567,19.470972877505567,100.0
6280,2,55.83238912845402,55.83238912845402,100.0
6290,0,30.939714976505496,30.939714976505496,100.0
6290,1,20.945856039507984,20.945856039507984,100.0
6290,2,48.11442898398652,48.11442898398652,100.0
6300,0,59.32646135225945,59.32646135225945,100.0
6300,1,24.31158063255241,24.31158063255241,100.0
6300,2,16.36195801518814,16.36195801518814,100.0
6310,0,20.143959131969655,20.143959131969655,100.0
6310,1,69.39265289500304,69.39265289500304,100.0
6310,2,10.463387973027304,10.463387973027304,100.0
6320,0,23.698948040823012,23.698948040823012,100.0
6320,1,36.285283356977835,36.285283356977835,100.0
6320,2,40.01576860219916,40.01576860219916,100.0
6330,0,10.80118422397155,10.80118422397155,100.0
6330,1,34.01506630843194,34.01506630843194,100.0
6330,2,55.18374946759651,55.18374946759651,100.0
6340,0,30.585861959124355,30.585861959124355,100.0
6340,1,11.36788972112646,11.36788972112646,100.0
6340,2,58.046248319749196,58.046248319749196,100.0
6350,0,30.286008558499823,30.286008558499823,100.0
6350,1,57.202704636157044,57.202704636157044,100.0
6350,2,12.511286805343142,12.511286805343142,100.0
6360,0,32.309698433435365,32.309698433435365,100.0
6360,1,15.036613184319014,15.036613184319014,100.0
6360,2,52.65368838224562,52.65368838224562,100.0
6370,0,31.164230102496475,31.164230102496475,100.0
6370,1,46.77558027492278,46.77558027492278,100.0
6370,2,22.060189622580733,22.060189622580733,100.0
6380,0,53.9289993952058,53.9289993952058,100.0
6380,1,16.398229977780794,16.398229977780794,100.0
6380,2,29.672770627013396,29.672770627013396,100.0
6390,0,14.826068598945536,14.826068598945536,100.0
6390,1,15.216029362550573,15.216029362550573,100.0
6390,2,69.95790203850389,69.95790203850389,100.0
6400,0,28.29459874154813,28.29459874154813,100.0
6400,1,34.83596067680921,34.83596067680921,100.0
6400,2,36.869440581642664,36.869440581642664,100.0
6410,0,26.13151764820837,26.13151764820837,100.0
6410,1,34.35745287111969,34.35745287111969,100.0
6410,2,39.51102948067194,39.51102948067194,100.0
6420,0,35.563073092925556,35.563073092925556,100.0
6420,1,23.163723489408007,23.163723489408007,100.0
6420,2,41.27320341766644,41.27320341766644,100.0
6430,0,14.725007368621924,14.725007368621924,100.0
6430,1,49.2475301848753,49.2475301848753,100.0
6430,2,36.02746244650278,36.02746244650278,100.0
6440,0,15.36054157725791,15.36054157725791,100.0
6440,1,32.09611018829951,32.09611018829951,100.0
6440,2,52.54334823444259,52.54334823444259,100.0
6450,0,17.18528598352288,17.18528598352288,100.0
6450,1,11.861894019920877,11.861894019920877,100.0
6450,2,70.95281999655624,70.95281999655624,100.0
6460,0,39.79475425481998,39.79475425481998,100.0
6460,1,49.06379499911295,49.06379499911295,100.0
6460,2,11.14145074606708,11.14145074606708,100.0
6470,0,68.41766195190081,68.41766195190081,100.0
6470,1,17.06462217097955,17.06462217097955,100.0
6470,2,14.517715877119647,14.517715877119647,100.0
6480,0,37.076761474153244,37.076761474153244,100.0
6480,1,33.872480702341164,33.872480702341164,100.0
6480,2,29.05075782350559,29.05075782350559,100.0
6490,0,12.576953433274166,12.576953433274166,100.0
6490,1,37.79405049128555,37.79405049128555,100.0
6490,2,49.62899607544028,49.62899607544028,100.0
6500,0,52.56312027970801,52.56312027970801,100.0
6500,1,13.36937229253296,13.36937229253296,100.0
6500,2,34.06750742775904,34.06750742775904,100.0
6510,0,11.825477300689016,11.825477300689016,100.0
6510,1,18.539633962428717,18.539633962428717,100.0
6510,2,69.63488873688227,69.63488873688227,100.0
6520,0,50.27486905416138,50.27486905416138,100.0
6520,1,36.41739435550298,36.41739435550298,100.0
6520,2,13.30773659033564,13.30773659033564,100.0
6530,0,16.27243524238616,16.27243524238616,100.0
6530,1,15.12166036794134,15.12166036794134,100.0
6530,2,68.6059043896725,68.6059043896725,100.0
6540,0,18.422990230571244,18.422990230571244,100.0
6540,1,60.68813190241264,60.68813190241264,100.0
6540,2,20.888877867016113,20.888877867016113,100.0
6550,0,31.980500974242137,31.980500974242137,100.0
6550,1,13.451982528393335,13.451982528393335,100.0
6550,2,54.56751649736452,54.56751649736452,100.0
6560,0,30.783616036356708,30.783616036356708,100.0
6560,1,12.782105203877691,12.782105203877691,100.0
6560,2,56.4342787597656,56.4342787597656,100.0
6570,0,13.456922754509847,13.456922754509847,100.0
6570,1,17.71472366964554,17.71472366964554,100.0
6570,2,68.82835357584462,68.82835357584462,100.0
6580,0,60.7354252930872,60.7354252930872,100.0
6580,1,28.161655382386897,28.161655382386897,100.0
6580,2,11.10291932452591,11.10291932452591,100.0
6590,0,64.73512999774198,64.73512999774198,100.0
6590,1,18.48681607609741,18.48681607609741,100.0
6590,2,16.77805392616062,16.77805392616062,100.0
6600,0,39.3277889822667,39.3277889822667,100.0
6600,1,27.97603440644837,27.97603440644837,100.0
6600,2,32.69617661128493,32.69617661128493,100.0
6610,0,25.451120932328443,25.451120932328443,100.0
6610,1,23.166826418531485,23.166826418531485,100.0
6610,2,51.38205264914008,51.38205264914008,100.0
6620,0,10.789382938393649,10.789382938393649,100.0
6620,1,52.43302139596309,52.43302139596309,100.0
6620,2,36.77759566564326,36.77759566564326,100.0
6630,0,10.804616529362017,10.804616529362017,100.0
6630,1,20.207823015924863,20.207823015924863,100.0
6630,2,68.98756045471313,68.98756045471313,100.0
6640,0,48.34750240432976,48.34750240432976,100.0
6640,1,19.607041881892048,19.607041881892048,100.0
6640,2,32.045455713778196,32.045455713778196,100.0
6650,0,9.315354780613767,9.315354780613767,100.0
6650,1,55.594611628354194,55.594611628354194,100.0
6650,2,35.09003359103204,35.09003359103204,100.0
6660,0,38.35530706687687,38.35530706687687,100.0
6660,1,20.20760328969918,20.20760328969918,100.0
6660,2,41.43708964342396,41.43708964342396,100.0
6670,0,24.475453805119137,24.475453805119137,100.0
6670,1,48.503146115585324,48.503146115585324,100.0
6670,2,27.02140007929554,27.02140007929554,100.0
6680,0,17.64157340938186,17.64157340938186,100.0
6680,1,20.58647060533496,20.58647060533496,100.0
6680,2,61.77195598528318,61.77195598528318,100.0
6690,0,9.555643815190336,9.555643815190336,100.0
6690,1,38.24852200592477,38.24852200592477,100.0
6690,2,52.195834178884894,52.195834178884894,100.0
6700,0,22.353140271713997,22.353140271713997,100.0
6700,1,52.775050313071084,52.775050313071084,100.0
6700,2,24.871809415214912,24.871809415214912,100.0
6710,0,12.251474883521087,12.251474883521087,100.0
6710,1,23.993850446623675,23.993850446623675,100.0
6710,2,63.75467466985524,63.75467466985524,100.0
6720,0,53.567780605090434,53.567780605090434,100.0
6720,1,17.486064104973394,17.486064104973394,100.0
6720,2,28.946155289936183,28.946155289936183,100.0
6730,0,48.209727111916074,48.209727111916074,100.0
6730,1,16.194760681220863,16.194760681220863,100.0
6730,2,35.59551220686308,35.59551220686308,100.0
6740,0,35.711921254245766,35.711921254245766,100.0
6740,1,21.78007746594625,21.78007746594625,100.0
6740,2,42.50800127980799,42.50800127980799,100.0
6750,0,16.1624756807214,16.1624756807214,100.0
6750,1,21.227623967580016,21.227623967580016,100.0
6750,2,62.60990035169859,62.60990035169859,100.0
6760,0,44.21907616869349,44.21907616869349,100.0
6760,1,15.571848497285243,15.571848497285243,100.0
6760,2,40.20907533402128,40.20907533402128,100.0
6770,0,41.557869468993246,41.557869468993246,100.0
6770,1,34.87620980343183,34.87620980343183,100.0
6770,2,23.565920727574927,23.565920727574927,100.0
6780,0,33.31222427282208,33.31222427282208,100.0
6780,1,25.01881288469072,25.01881288469072,100.0
6780,2,41.668962842487204,41.668962842487204,100.0
6790,0,36.29637731527438,36.29637731527438,100.0
6790,1,26.420312446828078,26.420312446828078,100.0
6790,2,37.28331023789755,37.28331023789755,100.0
6800,0,26.833002577015215,26.833002577015215,100.0
6800,1,30.675963610842345,30.675963610842345,100.0
6800,2,42.49103381214245,42.49103381214245,100.0
6810,0,12.596041202948468,12.596041202948468,100.0
6810,1,15.129476431202072,15.129476431202072,100.0
6810,2,72.27448236584947,72.27448236584947,100.0
6820,0,12.716153568165133,12.716153568165133,100.0
6820,1,40.75113590441523,40.75113590441523,100.0
6820,2,46.53271052741964,46.53271052741964,100.0
6830,0,72.20205857248963,72.20205857248963,100.0
6830,1,15.514407318043247,15.514407318043247,100.0
6830,2,12.283534109467125,12.283534109467125,100.0
6840,0,28.43282962591602,28.43282962591602,100.0
6840,1,20.93320541876875,20.93320541876875,100.0
6840,2,50.63396495531522,50.63396495531522,100.0
6850,0,26.372935295379,26.372935295379,100.0
6850,1,49.47259229259651,49.47259229259651,100.0
6850,2,24.15447241202448,24.15447241202448,100.0
6860,0,38.83183831947075,38.83183831947075,100.0
6860,1,27.774388631330805,27.774388631330805,100.0
6860,2,33.39377304919845,33.39377304919845,100.0
6870,0,13.426341915639965,13.426341915639965,100.0
6870,1,17.08112971435451,17.08112971435451,100.0
6870,2,69.49252837000553,69.49252837000553,100.0
6880,0,44.3527016573258,44.3527016573258,100.0
6880,1,37.96128020014844,37.96128020014844,100.0
6880,2,17.686018142525775,17.686018142525775,100.0
6890,0,24.701158516497962,24.701158516497962,100.0
6890,1,45.344617181094335,45.344617181094335,100.0
6890,2,29.954224302407713,29.954224302407713,100.0
6900,0,19.749540580246304,19.749540580246304,100.0
6900,1,22.340246793658054,22.340246793658054,100.0
6900,2,57.91021262609565,57.91021262609565,100.0
6910,0,33.30192538804076,33.30192538804076,100.0
6910,1,30.617444365460823,30.617444365460823,100.0
6910,2,36.08063024649843,36.08063024649843,100.0
6920,0,61.27347007651912,61.27347007651912,100.0
6920,1,22.492087556539524,22.492087556539524,100.0
6920,2,16.234442366941355,16.234442366941355,100.0
6930,0,11.467430713601946,11.467430713601946,100.0
6930,1,12.194220404597196,12.194220404597196,100.0
6930,2,76.33834888180087,76.33834888180087,100.0
6940,0,14.874051999987739,14.874051999987739,100.0
6940,1,63.2584047704864,63.2584047704864,100.0
6940,2,21.867543229525868,21.867543229525868,100.0
6950,0,40.857154743685854,40.857154743685854,100.0
6950,1,32.45612386832385,32.45612386832385,100.0
6950,2,26.68672138799031,26.68672138799031,100.0
6960,0,15.158860060385118,15.158860060385118,100.0
6960,1,36.97472142413264,36.97472142413264,100.0
6960,2,47.866418515482245,47.866418515482245,100.0
6970,0,63.53762347904858,63.53762347904858,100.0
6970,1,19.13521365253343,19.13521365253343,100.0
6970,2,17.327162868417993,17.327162868417993,100.0
6980,0,32.84515965484974,32.84515965484974,100.0
6980,1,20.89225258762913,20.89225258762913,100.0
6980,2,46.26258775752113,46.26258775752113,100.0
6990,0,14.843443714481165,14.843443714481165,100.0
6990,1,20.285164870368533,20.285164870368533,100.0
6990,2,64.8713914151503,64.8713914151503,100.0
7000,0,30.26900547589509,30.26900547589509,100.0
7000,1,25.818872610451344,25.818872610451344,100.0
7000,2,43.912121913653564,43.912121913653564,100.0
7010,0,37.270417068243944,37.270417068243944,100.0
7010,1,17.896833003884176,17.896833003884176,100.0
7010,2,44.83274992787189,44.83274992787189,100.0
7020,0,35.43459928006405,35.43459928006405,100.0
7020,1,45.6974902911517,45.6974902911517,100.0
7020,2,18.867910428784256,18.867910428784256,100.0
7030,0,25.106427313619918,25.106427313619918,100.0
7030,1,27.86179968493657,27.86179968493657,100.0
7030,2,47.031773001443504,47.031773001443504,100.0
7040,0,15.870880894016858,15.870880894016858,100.0
7040,1,26.739658043449065,26.739658043449065,100.0
7040,2,57.389461062534075,57.389461062534075,100.0
7050,0,10.941767653678141,10.941767653678141,100.0
7050,1,24.16640936064442,24.16640936064442,100.0
7050,2,64.89182298567744,64.89182298567744,100.0
7060,0,57.74662184334773,57.74662184334773,100.0
7060,1,20.57617822825488,20.57617822825488,100.0
7060,2,21.677199928397396,21.677199928397396,100.0
7070,0,54.156129194235525,54.156129194235525,100.0
7070,1,34.782114298474355,34.782114298474355,100.0
7070,2,11.061756507290124,11.061756507290124,100.0
7080,0,44.98368990287263,44.98368990287263,100.0
7080,1,29.59748230191733,29.59748230191733,100.0
7080,2,25.418827795210042,25.418827795210042,100.0
7090,0,8.885008397489917,8.885008397489917,100.0
7090,1,58.384087538695695,58.384087538695695,100.0
7090,2,32.7309040638144,32.7309040638144,100.0
7100,0,22.55763589097071,22.55763589097071,100.0
7100,1,31.090827049918524,31.090827049918524,100.0
7100,2,46.35153705911076,46.35153705911076,100.0
7110,0,21.531901262636588,21.531901262636588,100.0
7110,1,12.579927617119832,12.579927617119832,100.0
7110,2,65.88817112024358,65.88817112024358,100.0
7120,0,16.01060731432887,16.01060731432887,100.0
7120,1,22.579389486034025,22.579389486034025,100.0
7120,2,61.41000319963712,61.41000319963712,100.0
7130,0,67.69855681663533,67.69855681663533,100.0
7130,1,17.611420744200853,17.611420744200853,100.0
7130,2,14.690022439163814,14.690022439163814,100.0
7140,0,15.237075392002492,15.237075392002492,100.0
7140,1,35.102629727370356,35.102629727370356,100.0
7140,2,49.66029488062716,49.66029488062716,100.0
7150,0,69.03483112631493,69.03483112631493,100.0
7150,1,12.624701638010603,12.624701638010603,100.0
7150,2,18.34046723567447,18.34046723567447,100.0
7160,0,15.509635683382763,15.509635683382763,100.0
7160,1,20.020167384473332,20.020167384473332,100.0
7160,2,64.4701969321439,64.4701969321439,100.0
7170,0,12.548506812961305,12.548506812961305,100.0
7170,1,13.814029752505524,13.814029752505524,100.0
7170,2,73.63746343453317,73.63746343453317,100.0
7180,0,21.573180184940945,21.573180184940945,100.0
7180,1,27.96785211080492,27.96785211080492,100.0
7180,2,50.458967704254135,50.458967704254135,100.0
7190,0,30.788010486328766,30.788010486328766,100.0
7190,1,33.22851265720073,33.22851265720073,100.0
7190,2,35.98347685647052,35.98347685647052,100.0
7200,0,36.28193239309977,36.28193239309977,100.0
7200,1,18.459867409258177,18.459867409258177,100.0
7200,2,45.258200197642054,45.258200197642054,100.0
7210,0,24.999159826987373,24.999159826987373,100.0
7210,1,44.91479509286835,44.91479509286835,100.0
7210,2,30.08604508014427,30.08604508014427,100.0
7220,0,35.970499783228064,35.970499783228064,100.0
7220,1,20.636664984029508,20.636664984029508,100.0
7220,2,43.392835232742435,43.392835232742435,100.0
7230,0,8.955201252914307,8.955201252914307,100.0
7230,1,37.91493938659612,37.91493938659612,100.0
7230,2,53.129859360489576,53.129859360489576,100.0
7240,0,15.683376540063781,15.683376540063781,100.0
7240,1,69.20792574423602,69.20792574423602,100.0
7240,2,15.10869771570021,15.10869771570021,100.0
7250,0,66.49546395400561,66.49546395400561,100.0
7250,1,17.686639844136547,17.686639844136547,100.0
7250,2,15.817896201857835,15.817896201857835,100.0
7260,0,69.75805004504234,69.75805004504234,100.0
7260,1,15.172262589311607,15.172262589311607,100.0
7260,2,15.069687365646041,15.069687365646041,100.0
7270,0,47.27488702473818,47.27488702473818,100.0
7270,1,41.100001062471655,41.100001062471655,100.0
7270,2,11.625111912790167,11.625111912790167,100.0
7280,0,47.4824540838416,47.4824540838416,100.0
7280,1,34.47290660457724,34.47290660457724,100.0
7280,2,18.044639311581168,18.044639311581168,100.0
7290,0,13.816329482285314,13.816329482285314,100.0
7290,1,14.501863536104626,14.501863536104626,100.0
7290,2,71.68180698161007,71.68180698161007,100.0
7300,0,30.233951326541806,30.233951326541806,100.0
7300,1,42.56530568558108,42.56530568558108,100.0
7300,2,27.200742987877103,27.200742987877103,100.0
7310,0,34.60711088137557,34.60711088137557,100.0
7310,1,12.611245220654526,12.611245220654526,100.0
7310,2,52.78164389796991,52.78164389796991,100.0
7320,0,55.40596474051199,55.40596474051199,100.0
7320,1,31.967477942753074,31.967477942753074,100.0
7320,2,12.62655731673493,12.62655731673493,100.0
7330,0,26.024645963260284,26.024645963260284,100.0
7330,1,39.02758161585298,39.02758161585298,100.0
7330,2,34.94777242088675,34.94777242088675,100.0
7340,0,62.86186384570268,62.86186384570268,100.0
7340,1,13.337824107321778,13.337824107321778,100.0
7340,2,23.80031204697555,23.80031204697555,100.0
7350,0,12.859728743593893,12.859728743593893,100.0
7350,1,17.956202020317015,17.956202020317015,100.0
7350,2,69.18406923608909,69.18406923608909,100.0
7360,0,52.735725611600984,52.735725611600984,100.0
7360,1,14.626056155965026,14.626056155965026,100.0
7360,2,32.638218232434,32.638218232434,100.0
7370,0,71.87568288675836,71.87568288675836,100.0
7370,1,15.602169148092909,15.602169148092909,100.0
7370,2,12.522147965148742,12.522147965148742,100.0
7380,0,48.07386320448363,48.07386320448363,100.0
7380,1,10.188476618345792,10.188476618345792,100.0
7380,2,41.73766017717059,41.73766017717059,100.0
7390,0,17.351581496232487,17.351581496232487,100.0
7390,1,29.473596493259652,29.473596493259652,100.0
7390,2,53.17482201050786,53.17482201050786,100.0
7400,0,68.92276240939337,68.92276240939337,100.0
7400,1,15.769264526033371,15.769264526033371,100.0
7400,2,15.307973064573268,15.307973064573268,100.0
7410,0,12.935211568513155,12.935211568513155,100.0
7410,1,20.75145192911378,20.75145192911378,100.0
7410,2,66.31333650237306,66.31333650237306,100.0
7420,0,67.35399438343275,67.35399438343275,100.0
7420,1,19.919565848144472,19.919565848144472,100.0
7420,2,12.726439768422782,12.726439768422782,100.0
7430,0,13.485443801584498,13.485443801584498,100.0
7430,1,14.130631697575351,14.130631697575351,100.0
7430,2,72.38392450084015,72.38392450084015,100.0
7440,0,25.008695085355352,25.008695085355352,100.0
7440,1,18.33297191918871,18.33297191918871,100.0
7440,2,56.65833299545594,56.65833299545594,100.0
7450,0,60.53025703946153,60.53025703946153,100.0
7450,1,28.197002048756538,28.197002048756538,100.0
7450,2,11.272740911781934,11.272740911781934,100.0
7460,0,24.137512515381143,24.137512515381143,100.0
7460,1,50.072652629708216,50.072652629708216,100.0
7460,2,25.789834854910644,25.789834854910644,100.0
7470,0,11.069281649379645,11.069281649379645,100.0
7470,1,23.452017761373625,23.452017761373625,100.0
7470,2,65.47870058924674,65.47870058924674,100.0
7480,0,68.42623138598314,68.42623138598314,100.0
7480,1,17.70016219321051,17.70016219321051,100.0
7480,2,13.873606420806361,13.873606420806361,100.0
7490,0,71.25655745181788,71.25655745181788,100.0
7490,1,17.785480353170062,17.785480353170062,100.0
7490,2,10.957962195012051,10.957962195012051,100.0
7500,0,32.56267347369429,32.56267347369429,100.0
7500,1,49.45791127271331,49.45791127271331,100.0
7500,2,17.9794152535924,17.9794152535924,100.0
7510,0,24.95828871419286,24.95828871419286,100.0
7510,1,48.91059616873654,48.91059616873654,100.0
7510,2,26.131115117070614,26.131115117070614,100.0
7520,0,40.34714085833775,40.34714085833775,100.0
7520,1,45.708030696620554,45.708030696620554,100.0
7520,2,13.944828445041699,13.944828445041699,100.0
7530,0,23.162425436648356,23.162425436648356,100.0
7530,1,23.407814678146014,23.407814678146014,100.0
7530,2,53.42975988520563,53.42975988520563,100.0
7540,0,18.035526716346876,18.035526716346876,100.0
7540,1,69.1040791349205,69.1040791349205,100.0
7540,2,12.860394148732643,12.860394148732643,100.0
7550,0,20.62369227500232,20.62369227500232,100.0
7550,1,59.866733555966675,59.866733555966675,100.0
7550,2,19.509574169031012,19.509574169031012,100.0
7560,0,25.664453657067938,25.664453657067938,100.0
7560,1,47.736170382250144,47.736170382250144,100.0
7560,2,26.599375960681932,26.599375960681932,100.0
7570,0,16.330623045892494,16.330623045892494,100.0
7570,1,32.48118991018165,32.48118991018165,100.0
7570,2,51.18818704392587,51.18818704392587,100.0
7580,0,50.66909672248629,50.66909672248629,100.0
7580,1,18.005072857735886,18.005072857735886,100.0
7580,2,31.325830419777823,31.325830419777823,100.0
7590,0,11.220810442374477,11.220810442374477,100.0
7590,1,12.855643811182176,12.855643811182176,100.0
7590,2,75.92354574644334,75.92354574644334,100.0
7600,0,14.59670632775348,14.59670632775348,100.0
7600,1,13.539734660278919,13.539734660278919,100.0
7600,2,71.86355901196761,71.86355901196761,100.0
7610,0,59.03733952285371,59.03733952285371,100.0
7610,1,19.50433651074796,19.50433651074796,100.0
7610,2,21.45832396639832,21.45832396639832,100.0
7620,0,22.87248565582752,22.87248565582752,100.0
7620,1,23.05810063711827,23.05810063711827,100.0
7620,2,54.06941370705422,54.06941370705422,100.0
7630,0,60.43458724057892,60.43458724057892,100.0
7630,1,25.530968244405262,25.530968244405262,100.0
7630,2,14.034444515015831,14.034444515015831,100.0
7640,0,39.43288853641887,39.43288853641887,100.0
7640,1,16.746166377008883,16.746166377008883,100.0
7640,2,43.82094508657225,43.82094508657225,100.0
7650,0,11.611774701045029,11.611774701045029,100.0
7650,1,11.323603043637515,11.323603043637515,100.0
7650,2,77.06462225531746,77.06462225531746,100.0
7660,0,31.40868138785236,31.40868138785236,100.0
7660,1,43.50763189194527,43.50763189194527,100.0
7660,2,25.083686720202376,25.083686720202376,100.0
7670,0,20.44700949032694,20.44700949032694,100.0
7670,1,41.40214668263187,41.40214668263187,100.0
7670,2,38.150843827041186,38.150843827041186,100.0
7680,0,11.827286615853394,11.827286615853394,100.0
7680,1,32.13978765120252,32.13978765120252,100.0
7680,2,56.03292573294409,56.03292573294409,100.0
7690,0,44.179803850916116,44.179803850916116,100.0
7690,1,35.24707127754237,35.24707127754237,100.0
7690,2,20.573124871541516,20.573124871541516,100.0
7700,0,27.586507702849566,27.586507702849566,100.0
7700,1,40.20755516738001,40.20755516738001,100.0
7700,2,32.20593712977043,32.20593712977043,100.0
7710,0,12.866494951340965,12.866494951340965,100.0
7710,1,12.865517187346597,12.865517187346597,100.0
7710,2,74.26798786131245,74.26798786131245,100.0
7720,0,39.54773517817565,39.54773517817565,100.0
7720,1,40.568675251017424,40.568675251017424,100.0
7720,2,19.88358957080693,19.88358957080693,100.0
7730,0,57.7211238333804,57.7211238333804,100.0
7730,1,8.4102934949211,8.4102934949211,100.0
7730,2,33.8685826716985,33.8685826716985,100.0
7740,0,26.748626179685075,26.748626179685075,100.0
7740,1,27.06443543700498,27.06443543700498,100.0
7740,2,46.18693838330994,46.18693838330994,100.0
7750,0,43.822801868605325,43.822801868605325,100.0
7750,1,30.112630527657725,30.112630527657725,100.0
7750,2,26.064567603736954,26.064567603736954,100.0
7760,0,63.80263079830348,63.80263079830348,100.0
7760,1,22.92358740947369,22.92358740947369,100.0
7760,2,13.273781792222831,13.273781792222831,100.0
7770,0,21.93671008348162,21.93671008348162,100.0
7770,1,10.611281512860705,10.611281512860705,100.0
7770,2,67.45200840365767,67.45200840365767,100.0
7780,0,29.877308106089124,29.877308106089124,100.0
7780,1,37.374299248235836,37.374299248235836,100.0
7780,2,32.74839264567504,32.74839264567504,100.0
7790,0,48.12632398386676,48.12632398386676,100.0
7790,1,27.22045860602179,27.22045860602179,100.0
7790,2,24.653217410111456,24.653217410111456,100.0
7800,0,27.540886811754888,27.540886811754888,100.0
7800,1,54.184777000493426,54.184777000493426,100.0
7800,2,18.2743361877517,18.2743361877517,100.0
7810,0,33.893431978067774,33.893431978067774,100.0
7810,1,13.690009199578451,13.690009199578451,100.0
7810,2,52.41655882235378,52.41655882235378,100.0
7820,0,15.18832768213053,15.18832768213053,100.0
7820,1,38.412572882069774,38.412572882069774,100.0
7820,2,46.39909943579969,46.39909943579969,100.0
7830,0,11.49192027885801,11.49192027885801,100.0
7830,1,11.621269568115787,11.621269568115787,100.0
7830,2,76.8868101530262,76.8868101530262,100.0
7840,0,18.69552458347612,18.69552458347612,100.0
7840,1,68.53656313150867,68.53656313150867,100.0
7840,2,12.767912285015198,12.767912285015198,100.0
7850,0,34.10141954663818,34.10141954663818,100.0
7850,1,23.200772365522297,23.200772365522297,100.0
7850,2,42.69780808783951,42.69780808783951,100.0
7860,0,28.54168120402339,28.54168120402339,100.0
7860,1,41.0923893671335,41.0923893671335,100.0
7860,2,30.36592942884311,30.36592942884311,100.0
7870,0,23.956659009747234,23.956659009747234,100.0
7870,1,16.963771641748924,16.963771641748924,100.0
7870,2,59.079569348503846,59.079569348503846,100.0
7880,0,55.016395664274675,55.016395664274675,100.0
7880,1,23.795828484313407,23.795828484313407,100.0
7880,2,21.187775851411924,21.187775851411924,100.0
7890,0,14.223756481708838,14.223756481708838,100.0
7890,1,15.571287836404657,15.571287836404657,100.0
7890,2,70.2049556818865,70.2049556818865,100.0
7900,0,27.419625765466115,27.419625765466115,100.0
7900,1,38.09801564522219,38.09801564522219,100.0
7900,2,34.48235858931171,34.48235858931171,100.0
7910,0,25.316441652980913,25.316441652980913,100.0
7910,1,61.11365024181904,61.11365024181904,100.0
7910,2,13.569908105200051,13.569908105200051,100.0
7920,0,71.33521984253626,71.33521984253626,100.0
7920,1,14.274407196648886,14.274407196648886,100.0
7920,2,14.39037296081484,14.39037296081484,100.0
7930,0,44.933629012069844,44.933629012069844,100.0
7930,1,26.871887340026145,26.871887340026145,100.0
7930,2,28.19448364790401,28.19448364790401,100.0
7940,0,36.81170519937895,36.81170519937895,100.0
7940,1,19.94900603741165,19.94900603741165,100.0
7940,2,43.23928876320941,43.23928876320941,100.0
7950,0,17.55890445112175,17.55890445112175,100.0
7950,1,15.63583558377985,15.63583558377985,100.0
7950,2,66.8052599650984,66.8052599650984,100.0
7960,0,66.07327922229453,66.07327922229453,100.0
7960,1,21.099462850978696,21.099462850978696,100.0
7960,2,12.827257926726766,12.827257926726766,100.0
7970,0,25.169949656540595,25.169949656540595,100.0
7970,1,39.48110567183066,39.48110567183066,100.0
7970,2,35.34894467162876,35.34894467162876,100.0
7980,0,59.41264033753537,59.41264033753537,100.0
7980,1,18.787934625584,18.787934625584,100.0
7980,2,21.79942503688064,21.79942503688064,100.0
7990,0,47.68745943157119,47.68745943157119,100.0
7990,1,11.972987980487696,11.972987980487696,100.0
7990,2,40.33955258794112,40.33955258794112,100.0
8000,0,52.34096028935371,52.34096028935371,100.0
8000,1,30.94038346642532,30.94038346642532,100.0
8000,2,16.718656244220977,16.718656244220977,100.0
8010,0,16.699998160237445,16.699998160237445,100.0
8010,1,18.88568718680721,18.88568718680721,100.0
8010,2,64.41431465295535,64.41431465295535,100.0
8020,0,28.562571246018198,28.562571246018198,100.0
8020,1,34.97620867686407,34.97620867686407,100.0
8020,2,36.46122007711774,36.46122007711774,100.0
8030,0,64.62250829196681,64.62250829196681,100.0
8030,1,21.916682887783985,21.916682887783985,100.0
8030,2,13.460808820249209,13.460808820249209,100.0
8040,0,32.36070070621801,32.36070070621801,100.0
8040,1,14.85399667977895,14.85399667977895,100.0
8040,2,52.78530261400305,52.78530261400305,100.0
8050,0,47.00193631158625,47.00193631158625,100.0
8050,1,32.89568585699687,32.89568585699687,100.0
8050,2,20.102377831416895,20.102377831416895,100.0
8060,0,71.48434346857907,71.48434346857907,100.0
8060,1,11.527600948924656,11.527600948924656,100.0
8060,2,16.988055582496273,16.988055582496273,100.0
8070,0,23.922740678531287,23.922740678531287,100.0
8070,1,22.48769660202727,22.48769660202727,100.0
8070,2,53.58956271944144,53.58956271944144,100.0
8080,0,28.46041359007228,28.46041359007228,100.0
8080,1,45.208296605436644,45.208296605436644,100.0
8080,2,26.33128980449108,26.33128980449108,100.0
8090,0,59.04646583662434,59.04646583662434,100.0
8090,1,17.64944499764208,17.64944499764208,100.0
8090,2,23.304089165733576,23.304089165733576,100.0
8100,0,36.46969024491077,36.46969024491077,100.0
8100,1,21.569485543694913,21.569485543694913,100.0
8100,2,41.96082421139432,41.96082421139432,100.0
8110,0,41.08326280074485,41.08326280074485,100.0
8110,1,8.822884094380834,8.822884094380834,100.0
8110,2,50.09385310487432,50.09385310487432,100.0
8120,0,59.50543696829802,59.50543696829802,100.0
8120,1,13.527247691173159,13.527247691173159,100.0
8120,2,26.96731534052882,26.96731534052882,100.0
8130,0,14.888190796474653,14.888190796474653,100.0
8130,1,16.17367427885938,16.17367427885938,100.0
8130,2,68.93813492466597,68.93813492466597,100.0
8140,0,48.54108680951287,48.54108680951287,100.0
8140,1,11.921423948078854,11.921423948078854,100.0
8140,2,39.53748924240828,39.53748924240828,100.0
8150,0,24.385016989224027,24.385016989224027,100.0
8150,1,29.620783088759932,29.620783088759932,100.0
8150,2,45.99419992201605,45.99419992201605,100.0
8160,0,45.21821384933969,45.21821384933969,100.0
8160,1,45.98568045855687,45.98568045855687,100.0
8160,2,8.796105692103435,8.796105692103435,100.0
8170,0,51.620274434143596,51.620274434143596,100.0
8170,1,22.455579277944143,22.455579277944143,100.0
8170,2,25.924146287912265,25.924146287912265,100.0
8180,0,33.14272000656943,33.14272000656943,100.0
8180,1,34.6234985847789,34.6234985847789,100.0
8180,2,32.23378140865167,32.23378140865167,100.0
8190,0,16.62368400754202,16.62368400754202,100.0
8190,1,14.436474289176354,14.436474289176354,100.0
8190,2,68.93984170328163,68.93984170328163,100.0
8200,0,18.5910590726731,18.5910590726731,100.0
8200,1,17.89655193321293,17.89655193321293,100.0
8200,2,63.51238899411397,63.51238899411397,100.0
8210,0,23.44128586820297,23.44128586820297,100.0
8210,1,32.160763296038084,32.160763296038084,100.0
8210,2,44.397950835758955,44.397950835758955,100.0
8220,0,67.99467919948825,67.99467919948825,100.0
8220,1,18.543742312662786,18.543742312662786,100.0
8220,2,13.46157848784898,13.46157848784898,100.0
8230,0,24.27276889322216,24.27276889322216,100.0
8230,1,52.4740191135419,52.4740191135419,100.0
8230,2,23.253211993235944,23.253211993235944,100.0
8240,0,51.05972792320578,51.05972792320578,100.0
8240,1,33.32949040759932,33.32949040759932,100.0
8240,2,15.610781669194903,15.610781669194903,100.0
8250,0,11.64706620942693,11.64706620942693,100.0
8250,1,12.977920707818136,12.977920707818136,100.0
8250,2,75.37501308275493,75.37501308275493,100.0
8260,0,18.876403800550637,18.876403800550637,100.0
8260,1,48.961732964291784,48.961732964291784,100.0
8260,2,32.16186323515759,32.16186323515759,100.0
8270,0,57.55456657824439,57.55456657824439,100.0
8270,1,19.392232503775137,19.392232503775137,100.0
8270,2,23.05320091798047,23.05320091798047,100.0
8280,0,44.97958476487922,44.97958476487922,100.0
8280,1,33.60762277818751,33.60762277818751,100.0
8280,2,21.41279245693326,21.41279245693326,100.0
8290,0,42.28023253331312,42.28023253331312,100.0
8290,1,34.804615716495405,34.804615716495405,100.0
8290,2,22.915151750191477,22.915151750191477,100.0
8300,0,39.649831361806534,39.649831361806534,100.0
8300,1,9.7974728731852,9.7974728731852,100.0
8300,2,50.552695765008274,50.552695765008274,100.0
8310,0,12.371338969635714,12.371338969635714,100.0
8310,1,11.910707779845593,11.910707779845593,100.0
8310,2,75.7179532505187,75.7179532505187,100.0
8320,0,68.91212310244484,68.91212310244484,100.0
8320,1,16.848526349601602,16.848526349601602,100.0
8320,2,14.239350547953567,14.239350547953567,100.0
8330,0,49.53581873685003,49.53581873685003,100.0
8330,1,10.028768132278019,10.028768132278019,100.0
8330,2,40.43541313087194,40.43541313087194,100.0
8340,0,56.680505704218454,56.680505704218454,100.0
8340,1,13.17389744087353,13.17389744087353,100.0
8340,2,30.145596854908014,30.145596854908014,100.0
8350,0,74.39188792859971,74.39188792859971,100.0
8350,1,11.297490506967314,11.297490506967314,100.0
8350,2,14.310621564432974,14.310621564432974,100.0
8360,0,67.5283138697093,67.5283138697093,100.0
8360,1,18.57343172525026,18.57343172525026,100.0
8360,2,13.898254405040442,13.898254405040442,100.0
8370,0,11.613568394281447,11.613568394281447,100.0
8370,1,13.062537209055023,13.062537209055023,100.0
8370,2,75.32389439666353,75.32389439666353,100.0
8380,0,32.44440017704725,32.44440017704725,100.0
8380,1,28.846566048767396,28.846566048767396,100.0
8380,2,38.70903377418535,38.70903377418535,100.0
8390,0,23.930100133955396,23.930100133955396,100.0
8390,1,53.524249539985824,53.524249539985824,100.0
8390,2,22.545650326058773,22.545650326058773,100.0
8400,0,31.323353758528,31.323353758528,100.0
8400,1,21.881841632187424,21.881841632187424,100.0
8400,2,46.79480460928458,46.79480460928458,100.0
8410,0,52.15720239601658,52.15720239601658,100.0
8410,1,8.743044873488143,8.743044873488143,100.0
8410,2,39.099752730495275,39.099752730495275,100.0
8420,0,47.65909701991733,47.65909701991733,100.0
8420,1,30.5262762467051,30.5262762467051,100.0
8420,2,21.814626733377576,21.814626733377576,100.0
8430,0,18.45448257901345,18.45448257901345,100.0
8430,1,12.719621756999391,12.719621756999391,100.0
8430,2,68.82589566398715,68.82589566398715,100.0
8440,0,11.470044915004198,11.470044915004198,100.0
8440,1,66.23687563552822,66.23687563552822,100.0
8440,2,22.29307944946758,22.29307944946758,100.0
8450,0,39.5581114706018,39.5581114706018,100.0
8450,1,38.021797226687255,38.021797226687255,100.0
8450,2,22.420091302710937,22.420091302710937,100.0
8460,0,43.22026876414799,43.22026876414799,100.0
8460,1,46.44037202781977,46.44037202781977,100.0
8460,2,10.339359208032235,10.339359208032235,100.0
8470,0,68.13898053523789,68.13898053523789,100.0
8470,1,15.409895199767734,15.409895199767734,100.0
8470,2,16.451124264994384,16.451124264994384,100.0
8480,0,35.29132118658593,35.29132118658593,100.0
8480,1,53.269663647705535,53.269663647705535,100.0
8480,2,11.439015165708534,11.439015165708534,100.0
8490,0,11.828322621838938,11.828322621838938,100.0
8490,1,24.97843548054657,24.97843548054657,100.0
8490,2,63.19324189761449,63.19324189761449,100.0
8500,0,69.34402550180764,69.34402550180764,100.0
8500,1,12.786445454668026,12.786445454668026,100.0
8500,2,17.869529043524334,17.869529043524334,100.0
8510,0,24.32093058362599,24.32093058362599,100.0
8510,1,39.10264826930016,39.10264826930016,100.0
8510,2,36.57642114707384,36.57642114707384,100.0
8520,0,52.184263693859556,52.184263693859556,100.0
8520,1,16.26673678693529,16.26673678693529,100.0
8520,2,31.54899951920516,31.54899951920516,100.0
8530,0,25.180152796079902,25.180152796079902,100.0
8530,1,15.025791964145451,15.025791964145451,100.0
8530,2,59.79405523977464,59.79405523977464,100.0
8540,0,46.100626064377366,46.100626064377366,100.0
8540,1,31.786152598614525,31.786152598614525,100.0
8540,2,22.113221337008113,22.113221337008113,100.0
8550,0,10.745531154825867,10.745531154825867,100.0
8550,1,14.811157849656503,14.811157849656503,100.0
8550,2,74.44331099551763,74.44331099551763,100.0
8560,0,17.699681593443835,17.699681593443835,100.0
8560,1,53.32350716669861,53.32350716669861,100.0
8560,2,28.976811239857557,28.976811239857557,100.0
8570,0,73.04537166297978,73.04537166297978,100.0
8570,1,15.314425620713964,15.314425620713964,100.0
8570,2,11.640202716306256,11.640202716306256,100.0
8580,0,32.130031642298526,32.130031642298526,100.0
8580,1,41.46615305426201,41.46615305426201,100.0
8580,2,26.403815303439476,26.403815303439476,100.0
8590,0,31.805328510985735,31.805328510985735,100.0
8590,1,51.9434152087116,51.9434152087116,100.0
8590,2,16.251256280302663,16.251256280302663,100.0
8600,0,36.85072997926244,36.85072997926244,100.0
8600,1,36.79373823747318,36.79373823747318,100.0
8600,2,26.355531783264386,26.355531783264386,100.0
8610,0,11.12449963810116,11.12449963810116,100.0
8610,1,22.449755624231393,22.449755624231393,100.0
8610,2,66.42574473766744,66.42574473766744,100.0
8620,0,28.219359321021898,28.219359321021898,100.0
8620,1,44.900874060977756,44.900874060977756,100.0
8620,2,26.87976661800035,26.87976661800035,100.0
8630,0,17.832116562406732,17.832116562406732,100.0
8630,1,70.22288484025945,70.22288484025945,100.0
8630,2,11.94499859733381,11.94499859733381,100.0
8640,0,50.083602958832984,50.083602958832984,100.0
8640,1,13.548769972368715,13.548769972368715,100.0
8640,2,36.3676270687983,36.3676270687983,100.0
8650,0,32.71703480963215,32.71703480963215,100.0
8650,1,42.69816169346218,42.69816169346218,100.0
8650,2,24.584803496905657,24.584803496905657,100.0
8660,0,37.137846304541824,37.137846304541824,100.0
8660,1,44.77587428198197,44.77587428198197,100.0
8660,2,18.0862794134762,18.0862794134762,100.0
8670,0,12.894976788388867,12.894976788388867,100.0
8670,1,16.891084936128124,16.891084936128124,100.0
8670,2,70.21393827548302,70.21393827548302,100.0
8680,0,10.818857768948456,10.818857768948456,100.0
8680,1,54.7522189247868,54.7522189247868,100.0
8680,2,34.42892330626474,34.42892330626474,100.0
8690,0,33.20494423750041,33.20494423750041,100.0
8690,1,40.95441555136807,40.95441555136807,100.0
8690,2,25.84064021113151,25.84064021113151,100.0
8700,0,54.3169540399985,54.3169540399985,100.0
8700,1,20.31129025135467,20.31129025135467,100.0
8700,2,25.371755708646837,25.371755708646837,100.0
8710,0,47.721579289228174,47.721579289228174,100.0
8710,1,37.23050450237933,37.23050450237933,100.0
8710,2,15.04791620839249,15.04791620839249,100.0
8720,0,65.63031870742715,65.63031870742715,100.0
8720,1,12.147630243411864,12.147630243411864,100.0
8720,2,22.222051049160992,22.222051049160992,100.0
8730,0,19.965742925684253,19.965742925684253,100.0
8730,1,15.79798190385838,15.79798190385838,100.0
8730,2,64.23627517045738,64.23627517045738,100.0
8740,0,42.636782459781244,42.636782459781244,100.0
8740,1,9.964597800143725,9.964597800143725,100.0
8740,2,47.39861974007503,47.39861974007503,100.0
8750,0,21.264189626411394,21.264189626411394,100.0
8750,1,30.767343958227034,30.767343958227034,100.0
8750,2,47.96846641536158,47.96846641536158,100.0
8760,0,43.92406828387488,43.92406828387488,100.0
8760,1,48.01834132095184,48.01834132095184,100.0
8760,2,8.057590395173289,8.057590395173289,100.0
8770,0,17.910117489973914,17.910117489973914,100.0
8770,1,52.7706686066176,52.7706686066176,100.0
8770,2,29.319213903408496,29.319213903408496,100.0
8780,0,14.00349650302865,14.00349650302865,100.0
8780,1,20.69143026508602,20.69143026508602,100.0
8780,2,65.30507323188533,65.30507323188533,100.0
8790,0,10.774824042297029,10.774824042297029,100.0
8790,1,12.214965783402862,12.214965783402862,100.0
8790,2,77.01021017430011,77.01021017430011,100.0
8800,0,40.960664488507895,40.960664488507895,100.0
8800,1,19.82196760750721,19.82196760750721,100.0
8800,2,39.21736790398489,39.21736790398489,100.0
8810,0,23.785277780090535,23.785277780090535,100.0
8810,1,26.781795143563507,26.781795143563507,100.0
8810,2,49.43292707634596,49.43292707634596,100.0
8820,0,17.20212673238223,17.20212673238223,100.0
8820,1,28.452192133919553,28.452192133919553,100.0
8820,2,54.34568113369822,54.34568113369822,100.0
8830,0,28.43748322074805,28.43748322074805,100.0
8830,1,21.979210092351117,21.979210092351117,100.0
8830,2,49.58330668690084,49.58330668690084,100.0
8840,0,67.51080387095249,67.51080387095249,100.0
8840,1,15.446340402902111,15.446340402902111,100.0
8840,2,17.042855726145394,17.042855726145394,100.0
8850,0,13.332643296822944,13.332643296822944,100.0
8850,1,13.077558442736393,13.077558442736393,100.0
8850,2,73.58979826044067,73.58979826044067,100.0
8860,0,40.80564430666126,40.80564430666126,100.0
8860,1,42.89056908786561,42.89056908786561,100.0
8860,2,16.303786605473142,16.303786605473142,100.0
8870,0,11.387316678173786,11.387316678173786,100.0
8870,1,39.6810720025408,39.6810720025408,100.0
8870,2,48.93161131928541,48.93161131928541,100.0
8880,0,64.60941492649516,64.60941492649516,100.0
8880,1,21.268731952425,21.268731952425,100.0
8880,2,14.121853121079836,14.121853121079836,100.0
8890,0,52.773539394052285,52.773539394052285,100.0
8890,1,31.680780537970982,31.680780537970982,100.0
8890,2,15.545680067976736,15.545680067976736,100.0
8900,0,70.69864295554456,70.69864295554456,100.0
8900,1,11.699249578784869,11.699249578784869,100.0
8900,2,17.602107465670585,17.602107465670585,100.0
8910,0,13.236500995109687,13.236500995109687,100.0
8910,1,12.816267460204974,12.816267460204974,100.0
8910,2,73.94723154468534,73.94723154468534,100.0
8920,0,66.3071058639027,66.3071058639027,100.0
8920,1,17.08605716099727,17.08605716099727,100.0
8920,2,16.606836975100027,16.606836975100027,100.0
8930,0,27.590834946783634,27.590834946783634,100.0
8930,1,36.73925462698757,36.73925462698757,100.0
8930,2,35.66991042622881,35.66991042622881,100.0
8940,0,37.9036653138904,37.9036653138904,100.0
8940,1,52.23504598263143,52.23504598263143,100.0
8940,2,9.861288703478172,9.861288703478172,100.0
8950,0,60.23397399203962,60.23397399203962,100.0
8950,1,13.976244501089447,13.976244501089447,100.0
8950,2,25.789781506870934,25.789781506870934,100.0
8960,0,35.19335638758224,35.19335638758224,100.0
8960,1,46.01414254210548,46.01414254210548,100.0
8960,2,18.792501070312277,18.792501070312277,100.0
8970,0,8.641151417571647,8.641151417571647,100.0
8970,1,36.236088100017,36.236088100017,100.0
8970,2,55.12276048241135,55.12276048241135,100.0
8980,0,28.29111897195463,28.29111897195463,100.0
8980,1,42.57449809088899,42.57449809088899,100.0
8980,2,29.134382937156378,29.134382937156378,100.0
8990,0,39.05207317259512,39.05207317259512,100.0
8990,1,18.00030193474033,18.00030193474033,100.0
8990,2,42.94762489266455,42.94762489266455,100.0
9000,0,26.804547333879704,26.804547333879704,100.0
9000,1,23.96340061907764,23.96340061907764,100.0
9000,2,49.23205204704266,49.23205204704266,100.0
9010,0,15.25180107345469,15.25180107345469,100.0
9010,1,44.920160734625135,44.920160734625135,100.0
9010,2,39.82803819192017,39.82803819192017,100.0
9020,0,49.018954356004,49.018954356004,100.0
9020,1,31.123034219957063,31.123034219957063,100.0
9020,2,19.85801142403894,19.85801142403894,100.0
9030,0,11.636375285347258,11.636375285347258,100.0
9030,1,11.685157695015283,11.685157695015283,100.0
9030,2,76.67846701963747,76.67846701963747,100.0
9040,0,17.87767268985771,17.87767268985771,100.0
9040,1,36.448144049354916,36.448144049354916,100.0
9040,2,45.67418326078737,45.67418326078737,100.0
9050,0,54.92055473835307,54.92055473835307,100.0
9050,1,24.29126057144166,24.29126057144166,100.0
9050,2,20.788184690205263,20.788184690205263,100.0
9060,0,53.43341837653016,53.43341837653016,100.0
9060,1,24.661297342355383,24.661297342355383,100.0
9060,2,21.905284281114454,21.905284281114454,100.0
9070,0,44.52102929592477,44.52102929592477,100.0
9070,1,44.10342992957381,44.10342992957381,100.0
9070,2,11.375540774501422,11.375540774501422,100.0
9080,0,45.11900602364498,45.11900602364498,100.0
9080,1,29.89278178986768,29.89278178986768,100.0
9080,2,24.98821218648733,24.98821218648733,100.0
9090,0,15.98422954162121,15.98422954162121,100.0
9090,1,21.403709592239963,21.403709592239963,100.0
9090,2,62.61206086613883,62.61206086613883,100.0
9100,0,67.45239137427961,67.45239137427961,100.0
9100,1,15.781255393325333,15.781255393325333,100.0
9100,2,16.766353232395062,16.766353232395062,100.0
9110,0,35.41155130318331,35.41155130318331,100.0
9110,1,25.605646347394746,25.605646347394746,100.0
9110,2,38.982802349421945,38.982802349421945,100.0
9120,0,12.34420147061783,12.34420147061783,100.0
9120,1,68.4629695712192,68.4629695712192,100.0
9120,2,19.192828958162966,19.192828958162966,100.0
9130,0,44.87750629120383,44.87750629120383,100.0
9130,1,16.7087283143466,16.7087283143466,100.0
9130,2,38.41376539444957,38.41376539444957,100.0
9140,0,41.40997168867701,41.40997168867701,100.0
9140,1,46.892192548936215,46.892192548936215,100.0
9140,2,11.697835762386784,11.697835762386784,100.0
9150,0,18.24104016702283,18.24104016702283,100.0
9150,1,21.05015931567305,21.05015931567305,100.0
9150,2,60.70880051730413,60.70880051730413,100.0
9160,0,34.379301914514876,34.379301914514876,100.0
9160,1,23.46522185140702,23.46522185140702,100.0
9160,2,42.1554762340781,42.1554762340781,100.0
9170,0,22.04182599020928,22.04182599020928,100.0
9170,1,55.005555189116926,55.005555189116926,100.0
9170,2,22.952618820673784,22.952618820673784,100.0
9180,0,50.235642476852846,50.235642476852846,100.0
9180,1,15.988818116122458,15.988818116122458,100.0
9180,2,33.7755394070247,33.7755394070247,100.0
9190,0,40.49311090369015,40.49311090369015,100.0
9190,1,29.635655706853974,29.635655706853974,100.0
9190,2,29.871233389455874,29.871233389455874,100.0
9200,0,49.04644372920139,49.04644372920139,100.0
9200,1,12.590166237093753,12.590166237093753,100.0
9200,2,38.36339003370485,38.36339003370485,100.0
9210,0,16.451132701947202,16.451132701947202,100.0
9210,1,12.844706249421872,12.844706249421872,100.0
9210,2,70.70416104863092,70.70416104863092,100.0
9220,0,51.095568357795706,51.095568357795706,100.0
9220,1,38.34017610816741,38.34017610816741,100.0
9220,2,10.564255534036882,10.564255534036882,100.0
9230,0,62.38741385577688,62.38741385577688,100.0
9230,1,16.8694643851003,16.8694643851003,100.0
9230,2,20.743121759122825,20.743121759122825,100.0
9240,0,13.127531095499338,13.127531095499338,100.0
9240,1,37.268261005291656,37.268261005291656,100.0
9240,2,49.604207899209015,49.604207899209015,100.0
9250,0,47.49155496290579,47.49155496290579,100.0
9250,1,44.05136827077924,44.05136827077924,100.0
9250,2,8.45707676631497,8.45707676631497,100.0
9260,0,59.25722602134342,59.25722602134342,100.0
9260,1,15.236476255075324,15.236476255075324,100.0
9260,2,25.506297723581262,25.506297723581262,100.0
9270,0,13.934703789992225,13.934703789992225,100.0
9270,1,12.107394154973619,12.107394154973619,100.0
9270,2,73.95790205503415,73.95790205503415,100.0
9280,0,51.133032874042094,51.133032874042094,100.0
9280,1,39.75923500389807,39.75923500389807,100.0
9280,2,9.107732122059838,9.107732122059838,100.0
9290,0,14.20704500695989,14.20704500695989,100.0
9290,1,18.80590541178118,18.80590541178118,100.0
9290,2,66.98704958125894,66.98704958125894,100.0
9300,0,41.58339816568503,41.58339816568503,100.0
9300,1,37.29365471134861,37.29365471134861,100.0
9300,2,21.12294712296637,21.12294712296637,100.0
9310,0,34.92615869007169,34.92615869007169,100.0
9310,1,25.370686465206845,25.370686465206845,100.0
9310,2,39.703154844721475,39.703154844721475,100.0
9320,0,19.55904448747421,19.55904448747421,100.0
9320,1,38.96785110561549,38.96785110561549,100.0
9320,2,41.4731044069103,41.4731044069103,100.0
9330,0,13.786934127966537,13.786934127966537,100.0
9330,1,32.80150253979709,32.80150253979709,100.0
9330,2,53.41156333223637,53.41156333223637,100.0
9340,0,13.183557877665079,13.183557877665079,100.0
9340,1,55.58025725373824,55.58025725373824,100.0
9340,2,31.236184868596688,31.236184868596688,100.0
9350,0,46.92072155991122,46.92072155991122,100.0
9350,1,37.67592051089317,37.67592051089317,100.0
9350,2,15.403357929195607,15.403357929195607,100.0
9360,0,57.01758475114607,57.01758475114607,100.0
9360,1,8.786332216262316,8.786332216262316,100.0
9360,2,34.196083032591616,34.196083032591616,100.0
9370,0,37.38461006083372,37.38461006083372,100.0
9370,1,42.06342134390047,42.06342134390047,100.0
9370,2,20.551968595265812,20.551968595265812,100.0
9380,0,44.94257809123218,44.94257809123218,100.0
9380,1,10.404631522410675,10.404631522410675,100.0
9380,2,44.65279038635714,44.65279038635714,100.0
9390,0,13.81490366997085,13.81490366997085,100.0
9390,1,16.411138615779528,16.411138615779528,100.0
9390,2,69.77395771424962,69.77395771424962,100.0
9400,0,43.21538927616852,43.21538927616852,100.0
9400,1,26.006176108663865,26.006176108663865,100.0
9400,2,30.778434615167622,30.778434615167622,100.0
9410,0,40.170325233376914,40.170325233376914,100.0
9410,1,33.23416500471508,33.23416500471508,100.0
9410,2,26.59550976190801,26.59550976190801,100.0
9420,0,31.089841669018302,31.089841669018302,100.0
9420,1,15.388509997260376,15.388509997260376,100.0
9420,2,53.521648333721316,53.521648333721316,100.0
9430,0,44.202639401736974,44.202639401736974,100.0
9430,1,41.993285053113254,41.993285053113254,100.0
9430,2,13.804075545149777,13.804075545149777,100.0
9440,0,16.4386237131175,16.4386237131175,100.0
9440,1,26.70626734009705,26.70626734009705,100.0
9440,2,56.85510894678545,56.85510894678545,100.0
9450,0,9.732458271739628,9.732458271739628,100.0
9450,1,39.80046564562396,39.80046564562396,100.0
9450,2,50.46707608263642,50.46707608263642,100.0
9460,0,14.069354638517574,14.069354638517574,100.0
9460,1,27.110849116290787,27.110849116290787,100.0
9460,2,58.81979624519165,58.81979624519165,100.0
9470,0,51.23781323935154,51.23781323935154,100.0
9470,1,34.629071586981134,34.629071586981134,100.0
9470,2,14.133115173667345,14.133115173667345,100.0
9480,0,55.03243940816082,55.03243940816082,100.0
9480,1,20.18899778184126,20.18899778184126,100.0
9480,2,24.778562809997922,24.778562809997922,100.0
9490,0,67.2606337176798,67.2606337176798,100.0
9490,1,20.27391228164568,20.27391228164568,100.0
9490,2,12.465454000674523,12.465454000674523,100.0
9500,0,31.294557843175706,31.294557843175706,100.0
9500,1,13.063492154203548,13.063492154203548,100.0
9500,2,55.64195000262075,55.64195000262075,100.0
9510,0,11.919102355401925,11.919102355401925,100.0
9510,1,14.754409713217681,14.754409713217681,100.0
9510,2,73.3264879313804,73.3264879313804,100.0
9520,0,53.307229285416234,53.307229285416234,100.0
9520,1,10.904719560138455,10.904719560138455,100.0
9520,2,35.78805115444531,35.78805115444531,100.0
9530,0,65.29224178669153,65.29224178669153,100.0
9530,1,10.502180727051703,10.502180727051703,100.0
9530,2,24.205577486256775,24.205577486256775,100.0
9540,0,52.325234528858765,52.325234528858765,100.0
9540,1,29.243095091169693,29.243095091169693,100.0
9540,2,18.43167037997154,18.43167037997154,100.0
9550,0,36.43492683333982,36.43492683333982,100.0
9550,1,52.53392781104489,52.53392781104489,100.0
9550,2,11.031145355615296,11.031145355615296,100.0
9560,0,46.94472346852245,46.94472346852245,100.0
9560,1,20.803048867722083,20.803048867722083,100.0
9560,2,32.25222766375547,32.25222766375547,100.0
9570,0,14.293940797925494,14.293940797925494,100.0
9570,1,11.71900020504418,11.71900020504418,100.0
9570,2,73.98705899703033,73.98705899703033,100.0
9580,0,16.27025239794286,16.27025239794286,100.0
9580,1,68.35966163056617,68.35966163056617,100.0
9580,2,15.370085971490976,15.370085971490976,100.0
9590,0,10.892061568376974,10.892061568376974,100.0
9590,1,59.543119072552074,59.543119072552074,100.0
9590,2,29.564819359070942,29.564819359070942,100.0
9600,0,57.52888821419504,57.52888821419504,100.0
9600,1,18.289829918855432,18.289829918855432,100.0
9600,2,24.18128186694954,24.18128186694954,100.0
9610,0,65.51153409704781,65.51153409704781,100.0
9610,1,19.548552337967426,19.548552337967426,100.0
9610,2,14.939913564984758,14.939913564984758,100.0
9620,0,56.77711642494497,56.77711642494497,100.0
9620,1,13.57532857347209,13.57532857347209,100.0
9620,2,29.647555001582937,29.647555001582937,100.0
9630,0,14.66208680482467,14.66208680482467,100.0
9630,1,12.72723942239004,12.72723942239004,100.0
9630,2,72.61067377278529,72.61067377278529,100.0
9640,0,13.094605832909211,13.094605832909211,100.0
9640,1,15.671388739585336,15.671388739585336,100.0
9640,2,71.23400542750545,71.23400542750545,100.0
9650,0,63.20709595429701,63.20709595429701,100.0
9650,1,15.34968182297134,15.34968182297134,100.0
9650,2,21.44322222273165,21.44322222273165,100.0
9660,0,47.09179454828812,47.09179454828812,100.0
9660,1,32.61921095365521,32.61921095365521,100.0
9660,2,20.288994498056674,20.288994498056674,100.0
9670,0,37.150212720468154,37.150212720468154,100.0
9670,1,20.26106947493666,20.26106947493666,100.0
9670,2,42.588717804595184,42.588717804595184,100.0
9680,0,27.25152158134042,27.25152158134042,100.0
9680,1,30.75964440407293,30.75964440407293,100.0
9680,2,41.98883401458666,41.98883401458666,100.0
9690,0,10.818947994847687,10.818947994847687,100.0
9690,1,22.704882714560426,22.704882714560426,100.0
9690,2,66.4761692905919,66.4761692905919,100.0
9700,0,40.899803068741015,40.899803068741015,100.0
9700,1,23.77625719909353,23.77625719909353,100.0
9700,2,35.323939732165464,35.323939732165464,100.0
9710,0,40.69920372981184,40.69920372981184,100.0
9710,1,43.75346726414368,43.75346726414368,100.0
9710,2,15.547329006044484,15.547329006044484,100.0
9720,0,21.46715543178303,21.46715543178303,100.0
9720,1,55.78992580444451,55.78992580444451,100.0
9720,2,22.74291876377246,22.74291876377246,100.0
9730,0,20.246146802213584,20.246146802213584,100.0
9730,1,32.61592095927218,32.61592095927218,100.0
9730,2,47.13793223851424,47.13793223851424,100.0
9740,0,58.19654970781084,58.19654970781084,100.0
9740,1,26.71055555934248,26.71055555934248,100.0
9740,2,15.092894732846673,15.092894732846673,100.0
9750,0,18.931509805898948,18.931509805898948,100.0
9750,1,14.795661006965583,14.795661006965583,100.0
9750,2,66.27282918713547,66.27282918713547,100.0
9760,0,22.668235058663022,22.668235058663022,100.0
9760,1,61.714899534766374,61.714899534766374,100.0
9760,2,15.616865406570607,15.616865406570607,100.0
9770,0,51.04779538015334,51.04779538015334,100.0
9770,1,40.41982849487761,40.41982849487761,100.0
9770,2,8.532376124969046,8.532376124969046,100.0
9780,0,38.45196705285978,38.45196705285978,100.0
9780,1,46.64727419949566,46.64727419949566,100.0
9780,2,14.90075874764456,14.90075874764456,100.0
9790,0,32.38482855960777,32.38482855960777,100.0
9790,1,13.164549862535658,13.164549862535658,100.0
9790,2,54.45062157785658,54.45062157785658,100.0
9800,0,50.82601234354497,50.82601234354497,100.0
9800,1,15.732370254165614,15.732370254165614,100.0
9800,2,33.44161740228943,33.44161740228943,100.0
9810,0,24.041428867731987,24.041428867731987,100.0
9810,1,25.09709402066257,25.09709402066257,100.0
9810,2,50.861477111605446,50.861477111605446,100.0
9820,0,44.37224539300226,44.37224539300226,100.0
9820,1,29.36336784064021,29.36336784064021,100.0
9820,2,26.26438676635752,26.26438676635752,100.0
9830,0,16.62704697532993,16.62704697532993,100.0
9830,1,30.90641980679189,30.90641980679189,100.0
9830,2,52.46653321787819,52.46653321787819,100.0
9840,0,38.481477563904186,38.481477563904186,100.0
9840,1,12.687864787755663,12.687864787755663,100.0
9840,2,48.83065764834014,48.83065764834014,100.0
9850,0,22.133297663521983,22.133297663521983,100.0
9850,1,22.624624908823645,22.624624908823645,100.0
9850,2,55.242077427654365,55.242077427654365,100.0
9860,0,18.35795797734533,18.35795797734533,100.0
9860,1,55.228392755609626,55.228392755609626,100.0
9860,2,26.41364926704505,26.41364926704505,100.0
9870,0,29.847367270231523,29.847367270231523,100.0
9870,1,33.54718962354238,33.54718962354238,100.0
9870,2,36.605443106226105,36.605443106226105,100.0
9880,0,33.05528472778178,33.05528472778178,100.0
9880,1,34.58551352511285,34.58551352511285,100.0
9880,2,32.359201747105374,32.359201747105374,100.0
9890,0,63.70306879565586,63.70306879565586,100.0
9890,1,18.19176999012131,18.19176999012131,100.0
9890,2,18.105161214222836,18.105161214222836,100.0
9900,0,47.37836707642918,47.37836707642918,100.0
9900,1,43.63510171655823,43.63510171655823,100.0
9900,2,8.986531207012586,8.986531207012586,100.0
9910,0,30.516232949928384,30.516232949928384,100.0
9910,1,42.26575642693941,42.26575642693941,100.0
9910,2,27.218010623132205,27.218010623132205,100.0
9920,0,65.64966298641627,65.64966298641627,100.0
9920,1,15.726227881612157,15.726227881612157,100.0
9920,2,18.624109131971583,18.624109131971583,100.0
9930,0,18.45874345967125,18.45874345967125,100.0
9930,1,11.794590831628541,11.794590831628541,100.0
9930,2,69.7466657087002,69.7466657087002,100.0
9940,0,36.60746545427867,36.60746545427867,100.0
9940,1,24.696704653875816,24.696704653875816,100.0
9940,2,38.69582989184552,38.69582989184552,100.0
9950,0,31.26368926899196,31.26368926899196,100.0
9950,1,32.783728737426166,32.783728737426166,100.0
9950,2,35.95258199358187,35.95258199358187,100.0
9960,0,60.40859726396462,60.40859726396462,100.0
9960,1,27.81012824852651,27.81012824852651,100.0
9960,2,11.781274487508863,11.781274487508863,100.0
9970,0,46.37924703899708,46.37924703899708,100.0
9970,1,39.87285834426835,39.87285834426835,100.0
9970,2,13.747894616734566,13.747894616734566,100.0
9980,0,57.74946269984351,57.74946269984351,100.0
9980,1,25.877396688701005,25.877396688701005,100.0
9980,2,16.373140611455483,16.373140611455483,100.0
9990,0,19.2458602993786,19.2458602993786,100.0
9990,1,11.103022049498358,11.103022049498358,100.0
9990,2,69.65111765112304,69.65111765112304,100.0
