timestamp,sliceId,dedicatedPRB,minPRB,maxPRB
510,0,35.29972995674948,35.29972995674948,100.0
510,1,12.160329281946433,12.160329281946433,100.0
510,2,52.53994076130408,52.53994076130408,100.0
520,0,17.835368267416243,17.835368267416243,100.0
520,1,64.13587689980663,64.13587689980663,100.0
520,2,18.02875483277713,18.02875483277713,100.0
530,0,14.743554134750369,14.743554134750369,100.0
530,1,61.890916918426676,61.890916918426676,100.0
530,2,23.365528946822963,23.365528946822963,100.0
540,0,37.319236480153684,37.319236480153684,100.0
540,1,20.27686972593355,20.27686972593355,100.0
540,2,42.403893793912765,42.403893793912765,100.0
550,0,29.87260899149279,29.87260899149279,100.0
550,1,58.48148575771385,58.48148575771385,100.0
550,2,11.645905250793364,11.645905250793364,100.0
560,0,10.079685835062115,10.079685835062115,100.0
560,1,53.42215803262682,53.42215803262682,100.0
560,2,36.498156132311074,36.498156132311074,100.0
570,0,42.17472587438677,42.17472587438677,100.0
570,1,8.628900161581733,8.628900161581733,100.0
570,2,49.1963739640315,49.1963739640315,100.0
580,0,21.277644827571923,21.277644827571923,100.0
580,1,30.85188980101954,30.85188980101954,100.0
580,2,47.87046537140855,47.87046537140855,100.0
590,0,33.57123372481926,33.57123372481926,100.0
590,1,17.29316290357478,17.29316290357478,100.0
590,2,49.13560337160597,49.13560337160597,100.0
600,0,28.45114132855815,28.45114132855815,100.0
600,1,48.2446074366265,48.2446074366265,100.0
600,2,23.30425123481536,23.30425123481536,100.0
610,0,16.574334280228456,16.574334280228456,100.0
610,1,26.91092193247984,26.91092193247984,100.0
610,2,56.5147437872917,56.5147437872917,100.0
620,0,9.106430128285261,9.106430128285261,100.0
620,1,44.547350981827236,44.547350981827236,100.0
620,2,46.3462188898875,46.3462188898875,100.0
630,0,34.14819219521325,34.14819219521325,100.0
630,1,9.72771374840041,9.72771374840041,100.0
630,2,56.12409405638634,56.12409405638634,100.0
640,0,35.829271846109165,35.829271846109165,100.0
640,1,46.57857551996048,46.57857551996048,100.0
640,2,17.59215263393036,17.59215263393036,100.0
650,0,20.035352935369072,20.035352935369072,100.0
650,1,47.53204511318261,47.53204511318261,100.0
650,2,32.432601951448326,32.432601951448326,100.0
660,0,14.437500058518694,14.437500058518694,100.0
660,1,70.00807949225401,70.00807949225401,100.0
660,2,15.554420449227294,15.554420449227294,100.0
670,0,39.344553233618385,39.344553233618385,100.0
670,1,18.58858921054863,18.58858921054863,100.0
670,2,42.066857555832975,42.066857555832975,100.0
680,0,18.319195755408888,18.319195755408888,100.0
680,1,22.95462660850011,22.95462660850011,100.0
680,2,58.726177636091,58.726177636091,100.0
690,0,21.473025854945362,21.473025854945362,100.0
690,1,59.36433911634542,59.36433911634542,100.0
690,2,19.162635028709214,19.162635028709214,100.0
700,0,41.77471525843414,41.77471525843414,100.0
700,1,25.8290764599315,25.8290764599315,100.0
700,2,32.39620828163436,32.39620828163436,100.0
710,0,41.60700916811461,41.60700916811461,100.0
710,1,28.519861406038245,28.519861406038245,100.0
710,2,29.873129425847132,29.873129425847132,100.0
720,0,12.332878060087662,12.332878060087662,100.0
720,1,48.75467018881029,48.75467018881029,100.0
720,2,38.91245175110205,38.91245175110205,100.0
730,0,38.85809034761943,38.85809034761943,100.0
730,1,20.222844670815814,20.222844670815814,100.0
730,2,40.91906498156475,40.91906498156475,100.0
740,0,21.34380662365291,21.34380662365291,100.0
740,1,29.601582275296767,29.601582275296767,100.0
740,2,49.05461110105032,49.05461110105032,100.0
750,0,18.239392542208165,18.239392542208165,100.0
750,1,15.818756400919726,15.818756400919726,100.0
750,2,65.94185105687211,65.94185105687211,100.0
760,0,11.033523376555335,11.033523376555335,100.0
760,1,28.470157669924813,28.470157669924813,100.0
760,2,60.496318953519854,60.496318953519854,100.0
770,0,9.667993515793112,9.667993515793112,100.0
770,1,58.22951505864998,58.22951505864998,100.0
770,2,32.10249142555689,32.10249142555689,100.0
780,0,42.626465157393646,42.626465157393646,100.0
780,1,21.6114755587865,21.6114755587865,100.0
780,2,35.76205928381986,35.76205928381986,100.0
790,0,21.025628522551802,21.025628522551802,100.0
790,1,55.91440694855581,55.91440694855581,100.0
790,2,23.059964528892394,23.059964528892394,100.0
800,0,15.332588903891848,15.332588903891848,100.0
800,1,65.79804351235592,65.79804351235592,100.0
800,2,18.869367583752236,18.869367583752236,100.0
810,0,50.690880477195854,50.690880477195854,100.0
810,1,11.878263877205626,11.878263877205626,100.0
810,2,37.43085564559852,37.43085564559852,100.0
820,0,62.84864800025297,62.84864800025297,100.0
820,1,25.147268390377324,25.147268390377324,100.0
820,2,12.004083609369708,12.004083609369708,100.0
830,0,13.306210221787143,13.306210221787143,100.0
830,1,33.887164076229865,33.887164076229865,100.0
830,2,52.80662570198299,52.80662570198299,100.0
840,0,38.659633556434514,38.659633556434514,100.0
840,1,50.31648146610862,50.31648146610862,100.0
840,2,11.023884977456868,11.023884977456868,100.0
850,0,30.520086644037548,30.520086644037548,100.0
850,1,22.37428847830883,22.37428847830883,100.0
850,2,47.105624877653625,47.105624877653625,100.0
860,0,24.274591243831097,24.274591243831097,100.0
860,1,38.7980331885672,38.7980331885672,100.0
860,2,36.9273755676017,36.9273755676017,100.0
870,0,29.207024585067494,29.207024585067494,100.0
870,1,15.86180059919324,15.86180059919324,100.0
870,2,54.93117481573927,54.93117481573927,100.0
880,0,26.294329779779307,26.294329779779307,100.0
880,1,36.98520496053481,36.98520496053481,100.0
880,2,36.72046525968589,36.72046525968589,100.0
890,0,22.349644403533237,22.349644403533237,100.0
890,1,27.608344263550787,27.608344263550787,100.0
890,2,50.04201133291597,50.04201133291597,100.0
900,0,30.188482010877234,30.188482010877234,100.0
900,1,49.8527611725112,49.8527611725112,100.0
900,2,19.95875681661157,19.95875681661157,100.0
910,0,28.658288358268706,28.658288358268706,100.0
910,1,39.49302686438307,39.49302686438307,100.0
910,2,31.848684777348225,31.848684777348225,100.0
920,0,30.58553023865111,30.58553023865111,100.0
920,1,14.839797565478024,14.839797565478024,100.0
920,2,54.574672195870875,54.574672195870875,100.0
930,0,36.04616623506527,36.04616623506527,100.0
930,1,22.445699464954743,22.445699464954743,100.0
930,2,41.50813429998,41.50813429998,100.0
940,0,58.801091038327705,58.801091038327705,100.0
940,1,25.88301534936838,25.88301534936838,100.0
940,2,15.31589361230391,15.31589361230391,100.0
950,0,10.1636715150128,10.1636715150128,100.0
950,1,42.89981387713445,42.89981387713445,100.0
950,2,46.93651460785275,46.93651460785275,100.0
960,0,18.292774555212336,18.292774555212336,100.0
960,1,27.65223419039005,27.65223419039005,100.0
960,2,54.05499125439761,54.05499125439761,100.0
970,0,45.881349143735086,45.881349143735086,100.0
970,1,37.986101205008744,37.986101205008744,100.0
970,2,16.132549651256156,16.132549651256156,100.0
980,0,37.40197034696139,37.40197034696139,100.0
980,1,12.735433117279621,12.735433117279621,100.0
980,2,49.86259653575899,49.86259653575899,100.0
990,0,38.93129212482274,38.93129212482274,100.0
990,1,38.15209591293854,38.15209591293854,100.0
990,2,22.916611962238715,22.916611962238715,100.0
1000,0,22.756762659994077,22.756762659994077,100.0
1000,1,31.015783251231632,31.015783251231632,100.0
1000,2,46.227454088774294,46.227454088774294,100.0
1010,0,13.615612237128804,13.615612237128804,100.0
1010,1,13.765444082713744,13.765444082713744,100.0
1010,2,72.61894368015746,72.61894368015746,100.0
1020,0,25.686910021128078,25.686910021128078,100.0
1020,1,47.824970668899134,47.824970668899134,100.0
1020,2,26.488119309972785,26.488119309972785,100.0
1030,0,42.17812972148893,42.17812972148893,100.0
1030,1,33.3005679939136,33.3005679939136,100.0
1030,2,24.521302284597464,24.521302284597464,100.0
1040,0,36.83390766858975,36.83390766858975,100.0
1040,1,12.243569936603187,12.243569936603187,100.0
1040,2,50.92252239480706,50.92252239480706,100.0
1050,0,25.12547956551093,25.12547956551093,100.0
1050,1,25.64646717454899,25.64646717454899,100.0
1050,2,49.22805325994009,49.22805325994009,100.0
1060,0,27.364451565662094,27.364451565662094,100.0
1060,1,36.33015526427404,36.33015526427404,100.0
1060,2,36.30539317006388,36.30539317006388,100.0
1070,0,43.409308183915115,43.409308183915115,100.0
1070,1,19.16841496179755,19.16841496179755,100.0
1070,2,37.42227685428733,37.42227685428733,100.0
1080,0,33.76350328000204,33.76350328000204,100.0
1080,1,26.376195954548383,26.376195954548383,100.0
1080,2,39.86030076544958,39.86030076544958,100.0
1090,0,25.939806718823778,25.939806718823778,100.0
1090,1,11.783250100749699,11.783250100749699,100.0
1090,2,62.27694318042653,62.27694318042653,100.0
1100,0,14.216900317641517,14.216900317641517,100.0
1100,1,22.530247374844155,22.530247374844155,100.0
1100,2,63.25285230751433,63.25285230751433,100.0
1110,0,46.10006945271905,46.10006945271905,100.0
1110,1,41.782990181102534,41.782990181102534,100.0
1110,2,12.116940366178424,12.116940366178424,100.0
1120,0,20.221041217413937,20.221041217413937,100.0
1120,1,58.44671459563215,58.44671459563215,100.0
1120,2,21.332244186953915,21.332244186953915,100.0
1130,0,19.290081642713304,19.290081642713304,100.0
1130,1,33.66851259810204,33.66851259810204,100.0
1130,2,47.04140575918465,47.04140575918465,100.0
1140,0,54.71416236257848,54.71416236257848,100.0
1140,1,30.319244920526835,30.319244920526835,100.0
1140,2,14.966592716894688,14.966592716894688,100.0
1150,0,23.525973139381307,23.525973139381307,100.0
1150,1,57.28262737069095,57.28262737069095,100.0
1150,2,19.191399489927726,19.191399489927726,100.0
1160,0,18.47827362892202,18.47827362892202,100.0
1160,1,57.555024834209036,57.555024834209036,100.0
1160,2,23.966701536868943,23.966701536868943,100.0
1170,0,16.93681036388595,16.93681036388595,100.0
1170,1,20.650358323282607,20.650358323282607,100.0
1170,2,62.41283131283145,62.41283131283145,100.0
1180,0,22.615392939976687,22.615392939976687,100.0
1180,1,47.82452211248401,47.82452211248401,100.0
1180,2,29.560084947539302,29.560084947539302,100.0
1190,0,48.03807187972613,48.03807187972613,100.0
1190,1,7.504742820473862,7.504742820473862,100.0
1190,2,44.4571852998,44.4571852998,100.0
1200,0,15.808119060245732,15.808119060245732,100.0
1200,1,49.19075481962199,49.19075481962199,100.0
1200,2,35.001126120132284,35.001126120132284,100.0
1210,0,9.306414994668161,9.306414994668161,100.0
1210,1,44.70188029702229,44.70188029702229,100.0
1210,2,45.99170470830954,45.99170470830954,100.0
1220,0,53.037579171010876,53.037579171010876,100.0
1220,1,24.291484453019322,24.291484453019322,100.0
1220,2,22.670936375969802,22.670936375969802,100.0
1230,0,13.666892027207888,13.666892027207888,100.0
1230,1,32.918155581577096,32.918155581577096,100.0
1230,2,53.41495239121502,53.41495239121502,100.0
1240,0,49.655814203302874,49.655814203302874,100.0
1240,1,16.622791669235706,16.622791669235706,100.0
1240,2,33.72139412746143,33.72139412746143,100.0
1250,0,45.729014194438086,45.729014194438086,100.0
1250,1,22.03845926039459,22.03845926039459,100.0
1250,2,32.23252654516732,32.23252654516732,100.0
1260,0,36.21824345312423,36.21824345312423,100.0
1260,1,30.640083589506638,30.640083589506638,100.0
1260,2,33.14167295736913,33.14167295736913,100.0
1270,0,59.31812167967983,59.31812167967983,100.0
1270,1,24.583381767499034,24.583381767499034,100.0
1270,2,16.098496552821143,16.098496552821143,100.0
1280,0,41.38793041028416,41.38793041028416,100.0
1280,1,19.482931209365766,19.482931209365766,100.0
1280,2,39.129138380350064,39.129138380350064,100.0
1290,0,14.183275610578598,14.183275610578598,100.0
1290,1,24.79670789560505,24.79670789560505,100.0
1290,2,61.02001649381636,61.02001649381636,100.0
1300,0,27.039460183441978,27.039460183441978,100.0
1300,1,32.15618544136343,32.15618544136343,100.0
1300,2,40.80435437519459,40.80435437519459,100.0
1310,0,22.93724552975645,22.93724552975645,100.0
1310,1,33.05130686338617,33.05130686338617,100.0
1310,2,44.011447606857374,44.011447606857374,100.0
1320,0,24.811689199404917,24.811689199404917,100.0
1320,1,42.34948775428736,42.34948775428736,100.0
1320,2,32.83882304630771,32.83882304630771,100.0
1330,0,21.813046889082987,21.813046889082987,100.0
1330,1,22.960893034362936,22.960893034362936,100.0
1330,2,55.22606007655407,55.22606007655407,100.0
1340,0,29.622644621650483,29.622644621650483,100.0
1340,1,58.96468220960745,58.96468220960745,100.0
1340,2,11.412673168742058,11.412673168742058,100.0
1350,0,38.69174233096921,38.69174233096921,100.0
1350,1,7.990877817828084,7.990877817828084,100.0
1350,2,53.31737985120271,53.31737985120271,100.0
1360,0,22.864296245037362,22.864296245037362,100.0
1360,1,18.5647186750931,18.5647186750931,100.0
1360,2,58.57098507986953,58.57098507986953,100.0
1370,0,71.42175667898039,71.42175667898039,100.0
1370,1,14.885952510855638,14.885952510855638,100.0
1370,2,13.692290810163977,13.692290810163977,100.0
1380,0,13.341123131187244,13.341123131187244,100.0
1380,1,16.175174787709246,16.175174787709246,100.0
1380,2,70.48370208110352,70.48370208110352,100.0
1390,0,57.3815405891384,57.3815405891384,100.0
1390,1,28.252397965417725,28.252397965417725,100.0
1390,2,14.366061445443881,14.366061445443881,100.0
1400,0,22.904090734409973,22.904090734409973,100.0
1400,1,36.296294364831674,36.296294364831674,100.0
1400,2,40.79961490075835,40.79961490075835,100.0
1410,0,47.398522932039825,47.398522932039825,100.0
1410,1,29.410230981867347,29.410230981867347,100.0
1410,2,23.191246086092825,23.191246086092825,100.0
1420,0,61.65843314852943,61.65843314852943,100.0
1420,1,23.14819704857361,23.14819704857361,100.0
1420,2,15.19336980289696,15.19336980289696,100.0
1430,0,39.201684916708174,39.201684916708174,100.0
1430,1,15.63638513606896,15.63638513606896,100.0
1430,2,45.16192994722287,45.16192994722287,100.0
1440,0,46.38956090014359,46.38956090014359,100.0
1440,1,37.64505141938753,37.64505141938753,100.0
1440,2,15.96538768046889,15.96538768046889,100.0
1450,0,34.97097075335488,34.97097075335488,100.0
1450,1,40.64152660867145,40.64152660867145,100.0
1450,2,24.387502637973675,24.387502637973675,100.0
1460,0,34.55450406897974,34.55450406897974,100.0
1460,1,9.712568985107376,9.712568985107376,100.0
1460,2,55.73292694591289,55.73292694591289,100.0
1470,0,21.212489389480083,21.212489389480083,100.0
1470,1,21.444205044450676,21.444205044450676,100.0
1470,2,57.34330556606925,57.34330556606925,100.0
1480,0,26.832437143349157,26.832437143349157,100.0
1480,1,50.7431526468181,50.7431526468181,100.0
1480,2,22.42441020983274,22.42441020983274,100.0
1490,0,27.66820748009683,27.66820748009683,100.0
1490,1,59.81465388456321,59.81465388456321,100.0
1490,2,12.517138635339967,12.517138635339967,100.0
1500,0,17.636989049519514,17.636989049519514,100.0
1500,1,30.849360538050647,30.849360538050647,100.0
1500,2,51.51365041242985,51.51365041242985,100.0
1510,0,18.101372140936736,18.101372140936736,100.0
1510,1,44.23895285182098,44.23895285182098,100.0
1510,2,37.65967500724227,37.65967500724227,100.0
1520,0,46.65404411778812,46.65404411778812,100.0
1520,1,34.4593671905771,34.4593671905771,100.0
1520,2,18.88658869163477,18.88658869163477,100.0
1530,0,18.648704779980953,18.648704779980953,100.0
1530,1,36.928540448509494,36.928540448509494,100.0
1530,2,44.42275477150955,44.42275477150955,100.0
1540,0,23.9328881408261,23.9328881408261,100.0
1540,1,14.223362288346426,14.223362288346426,100.0
1540,2,61.84374957082748,61.84374957082748,100.0
1550,0,37.51638804784822,37.51638804784822,100.0
1550,1,30.88434776761649,30.88434776761649,100.0
1550,2,31.599264184535297,31.599264184535297,100.0
1560,0,15.63543435384748,15.63543435384748,100.0
1560,1,30.08845935378819,30.08845935378819,100.0
1560,2,54.27610629236433,54.27610629236433,100.0
1570,0,16.492549142458724,16.492549142458724,100.0
1570,1,44.75232243785023,44.75232243785023,100.0
1570,2,38.755128419691054,38.755128419691054,100.0
1580,0,18.12380944707567,18.12380944707567,100.0
1580,1,19.265128671424772,19.265128671424772,100.0
1580,2,62.61106188149955,62.61106188149955,100.0
1590,0,69.4642431073838,69.4642431073838,100.0
1590,1,18.533326522782176,18.533326522782176,100.0
1590,2,12.002430369834022,12.002430369834022,100.0
1600,0,37.83502735361825,37.83502735361825,100.0
1600,1,30.015536987556345,30.015536987556345,100.0
1600,2,32.14943565882542,32.14943565882542,100.0
1610,0,21.84533988262919,21.84533988262919,100.0
1610,1,53.46981687285967,53.46981687285967,100.0
1610,2,24.68484324451114,24.68484324451114,100.0
1620,0,31.52002070364453,31.52002070364453,100.0
1620,1,37.50559456410602,37.50559456410602,100.0
1620,2,30.97438473224946,30.97438473224946,100.0
1630,0,9.455840394495082,9.455840394495082,100.0
1630,1,39.83418286231652,39.83418286231652,100.0
1630,2,50.70997674318841,50.70997674318841,100.0
1640,0,62.979441576141326,62.979441576141326,100.0
1640,1,14.784679952453256,14.784679952453256,100.0
1640,2,22.23587847140542,22.23587847140542,100.0
1650,0,16.763807078435875,16.763807078435875,100.0
1650,1,25.05582488130661,25.05582488130661,100.0
1650,2,58.18036804025751,58.18036804025751,100.0
1660,0,10.396009913152525,10.396009913152525,100.0
1660,1,50.768659400961845,50.768659400961845,100.0
1660,2,38.83533068588564,38.83533068588564,100.0
1670,0,9.03497167142995,9.03497167142995,100.0
1670,1,35.75424178856129,35.75424178856129,100.0
1670,2,55.21078654000876,55.21078654000876,100.0
1680,0,14.57798679814627,14.57798679814627,100.0
1680,1,69.07261905500566,69.07261905500566,100.0
1680,2,16.349394146848077,16.349394146848077,100.0
1690,0,23.778726751662266,23.778726751662266,100.0
1690,1,61.98764203705298,61.98764203705298,100.0
1690,2,14.233631211284765,14.233631211284765,100.0
1700,0,24.268415676485123,24.268415676485123,100.0
1700,1,25.84127973271788,25.84127973271788,100.0
1700,2,49.890304590796994,49.890304590796994,100.0
1710,0,7.886811445839579,7.886811445839579,100.0
1710,1,37.2445628427703,37.2445628427703,100.0
1710,2,54.868625711390116,54.868625711390116,100.0
1720,0,53.37458498058156,53.37458498058156,100.0
1720,1,29.39267790976215,29.39267790976215,100.0
1720,2,17.232737109656288,17.232737109656288,100.0
1730,0,8.686783444564563,8.686783444564563,100.0
1730,1,52.688619010140236,52.688619010140236,100.0
1730,2,38.62459754529521,38.62459754529521,100.0
1740,0,20.810807108426435,20.810807108426435,100.0
1740,1,57.32368443567645,57.32368443567645,100.0
1740,2,21.86550845589712,21.86550845589712,100.0
1750,0,53.41670747468734,53.41670747468734,100.0
1750,1,27.07398927583752,27.07398927583752,100.0
1750,2,19.50930324947515,19.50930324947515,100.0
1760,0,18.74115334344989,18.74115334344989,100.0
1760,1,43.01203127565636,43.01203127565636,100.0
1760,2,38.24681538089376,38.24681538089376,100.0
1770,0,36.7322432208447,36.7322432208447,100.0
1770,1,11.957433250003751,11.957433250003751,100.0
1770,2,51.310323529151546,51.310323529151546,100.0
1780,0,50.55740006972448,50.55740006972448,100.0
1780,1,33.371021364055906,33.371021364055906,100.0
1780,2,16.071578566219603,16.071578566219603,100.0
1790,0,9.783648497994541,9.783648497994541,100.0
1790,1,29.75687798055848,29.75687798055848,100.0
1790,2,60.45947352144698,60.45947352144698,100.0
1800,0,22.038029815442087,22.038029815442087,100.0
1800,1,43.62509312757085,43.62509312757085,100.0
1800,2,34.336877056987056,34.336877056987056,100.0
1810,0,20.626633553618763,20.626633553618763,100.0
1810,1,66.10501006070088,66.10501006070088,100.0
1810,2,13.268356385680361,13.268356385680361,100.0
1820,0,42.069374598408444,42.069374598408444,100.0
1820,1,36.903944415832136,36.903944415832136,100.0
1820,2,21.02668098575943,21.02668098575943,100.0
1830,0,19.15475478331447,19.15475478331447,100.0
1830,1,16.655579610137963,16.655579610137963,100.0
1830,2,64.18966560654756,64.18966560654756,100.0
1840,0,32.26612713025587,32.26612713025587,100.0
1840,1,27.19616594907442,27.19616594907442,100.0
1840,2,40.53770692066971,40.53770692066971,100.0
1850,0,17.184450536186915,17.184450536186915,100.0
1850,1,69.90771802709061,69.90771802709061,100.0
1850,2,12.907831436722466,12.907831436722466,100.0
1860,0,14.050514768082012,14.050514768082012,100.0
1860,1,19.410610713914313,19.410610713914313,100.0
1860,2,66.53887451800368,66.53887451800368,100.0
1870,0,46.19412741683783,46.19412741683783,100.0
1870,1,42.16095989230955,42.16095989230955,100.0
1870,2,11.64491269085262,11.64491269085262,100.0
1880,0,26.316976303030987,26.316976303030987,100.0
1880,1,44.85941472940586,44.85941472940586,100.0
1880,2,28.823608967563157,28.823608967563157,100.0
1890,0,29.61942127631781,29.61942127631781,100.0
1890,1,36.68139514012865,36.68139514012865,100.0
1890,2,33.69918358355355,33.69918358355355,100.0
1900,0,26.346221094096727,26.346221094096727,100.0
1900,1,39.36901893681229,39.36901893681229,100.0
1900,2,34.28475996909098,34.28475996909098,100.0
1910,0,39.92335881480239,39.92335881480239,100.0
1910,1,17.96066328182494,17.96066328182494,100.0
1910,2,42.115977903372666,42.115977903372666,100.0
1920,0,50.17296097558196,50.17296097558196,100.0
1920,1,20.448123175592425,20.448123175592425,100.0
1920,2,29.37891584882562,29.37891584882562,100.0
1930,0,50.239999256380855,50.239999256380855,100.0
1930,1,40.12925073778237,40.12925073778237,100.0
1930,2,9.630750005836779,9.630750005836779,100.0
1940,0,13.17406218158817,13.17406218158817,100.0
1940,1,26.749555191567193,26.749555191567193,100.0
1940,2,60.07638262684464,60.07638262684464,100.0
1950,0,21.65576563295423,21.65576563295423,100.0
1950,1,43.722375885934255,43.722375885934255,100.0
1950,2,34.621858481111516,34.621858481111516,100.0
1960,0,20.056630102828365,20.056630102828365,100.0
1960,1,60.76598032446654,60.76598032446654,100.0
1960,2,19.1773895727051,19.1773895727051,100.0
1970,0,35.5905981055666,35.5905981055666,100.0
1970,1,16.721764863575938,16.721764863575938,100.0
1970,2,47.68763703085747,47.68763703085747,100.0
1980,0,41.26257297514446,41.26257297514446,100.0
1980,1,25.0866937963386,25.0866937963386,100.0
1980,2,33.65073322851694,33.65073322851694,100.0
1990,0,53.53870063220113,53.53870063220113,100.0
1990,1,25.640949627254763,25.640949627254763,100.0
1990,2,20.820349740544106,20.820349740544106,100.0
2000,0,9.413133065711808,9.413133065711808,100.0
2000,1,51.75419512980821,51.75419512980821,100.0
2000,2,38.83267180447997,38.83267180447997,100.0
2010,0,31.52895390885598,31.52895390885598,100.0
2010,1,20.32827004164317,20.32827004164317,100.0
2010,2,48.14277604950085,48.14277604950085,100.0
2020,0,40.55315117205856,40.55315117205856,100.0
2020,1,31.247250312225926,31.247250312225926,100.0
2020,2,28.199598515715525,28.199598515715525,100.0
2030,0,33.57396325097453,33.57396325097453,100.0
2030,1,38.080331739527566,38.080331739527566,100.0
2030,2,28.3457050094979,28.3457050094979,100.0
2040,0,15.210299139066056,15.210299139066056,100.0
2040,1,11.942499009342383,11.942499009342383,100.0
2040,2,72.84720185159156,72.84720185159156,100.0
2050,0,33.00033575664433,33.00033575664433,100.0
2050,1,32.71258143212823,32.71258143212823,100.0
2050,2,34.287082811227435,34.287082811227435,100.0
2060,0,35.05880868282637,35.05880868282637,100.0
2060,1,54.85646783973694,54.85646783973694,100.0
2060,2,10.084723477436693,10.084723477436693,100.0
2070,0,36.12889024492222,36.12889024492222,100.0
2070,1,38.954143558493634,38.954143558493634,100.0
2070,2,24.916966196584134,24.916966196584134,100.0
2080,0,35.03815206983176,35.03815206983176,100.0
2080,1,52.04960306860876,52.04960306860876,100.0
2080,2,12.912244861559468,12.912244861559468,100.0
2090,0,12.174819017544964,12.174819017544964,100.0
2090,1,51.3166359848066,51.3166359848066,100.0
2090,2,36.50854499764844,36.50854499764844,100.0
2100,0,48.03780122978652,48.03780122978652,100.0
2100,1,32.80175530774843,32.80175530774843,100.0
2100,2,19.160443462465054,19.160443462465054,100.0
2110,0,31.254895398525285,31.254895398525285,100.0
2110,1,34.258861755861254,34.258861755861254,100.0
2110,2,34.48624284561347,34.48624284561347,100.0
2120,0,52.1127952751311,52.1127952751311,100.0
2120,1,30.157947088947246,30.157947088947246,100.0
2120,2,17.72925763592166,17.72925763592166,100.0
2130,0,15.163047873039858,15.163047873039858,100.0
2130,1,52.95793531065722,52.95793531065722,100.0
2130,2,31.879016816302926,31.879016816302926,100.0
2140,0,11.463158039951828,11.463158039951828,100.0
2140,1,35.663746128197886,35.663746128197886,100.0
2140,2,52.87309583185028,52.87309583185028,100.0
2150,0,57.37739853375935,57.37739853375935,100.0
2150,1,22.89822382253372,22.89822382253372,100.0
2150,2,19.724377643706937,19.724377643706937,100.0
2160,0,59.075292048192466,59.075292048192466,100.0
2160,1,12.660597801373088,12.660597801373088,100.0
2160,2,28.264110150434462,28.264110150434462,100.0
2170,0,44.29707311963853,44.29707311963853,100.0
2170,1,14.631698027382189,14.631698027382189,100.0
2170,2,41.07122885297926,41.07122885297926,100.0
2180,0,25.83405501884286,25.83405501884286,100.0
2180,1,9.93891987208496,9.93891987208496,100.0
2180,2,64.22702510907217,64.22702510907217,100.0
2190,0,13.80861504932746,13.80861504932746,100.0
2190,1,22.785713248723102,22.785713248723102,100.0
2190,2,63.40567170194944,63.40567170194944,100.0
2200,0,17.971860610688786,17.971860610688786,100.0
2200,1,63.51026486846474,63.51026486846474,100.0
2200,2,18.517874520846483,18.517874520846483,100.0
2210,0,73.16651641878263,73.16651641878263,100.0
2210,1,13.640120976569973,13.640120976569973,100.0
2210,2,13.193362604647394,13.193362604647394,100.0
2220,0,65.37987648324021,65.37987648324021,100.0
2220,1,19.378650947069172,19.378650947069172,100.0
2220,2,15.24147256969062,15.24147256969062,100.0
2230,0,35.73176094529791,35.73176094529791,100.0
2230,1,27.892031885074175,27.892031885074175,100.0
2230,2,36.376207169627925,36.376207169627925,100.0
2240,0,28.24090623076913,28.24090623076913,100.0
2240,1,48.769521605673674,48.769521605673674,100.0
2240,2,22.989572163557195,22.989572163557195,100.0
2250,0,54.77863127031849,54.77863127031849,100.0
2250,1,15.298834273588591,15.298834273588591,100.0
2250,2,29.92253445609292,29.92253445609292,100.0
2260,0,26.8135543873745,26.8135543873745,100.0
2260,1,23.10790952251484,23.10790952251484,100.0
2260,2,50.07853609011066,50.07853609011066,100.0
2270,0,30.636843881260532,30.636843881260532,100.0
2270,1,36.861013387967326,36.861013387967326,100.0
2270,2,32.50214273077215,32.50214273077215,100.0
2280,0,34.3681925781948,34.3681925781948,100.0
2280,1,14.389214686717072,14.389214686717072,100.0
2280,2,51.24259273508813,51.24259273508813,100.0
2290,0,20.69693344081862,20.69693344081862,100.0
2290,1,23.98163127832994,23.98163127832994,100.0
2290,2,55.32143528085144,55.32143528085144,100.0
2300,0,53.62330154607867,53.62330154607867,100.0
2300,1,31.520271733334802,31.520271733334802,100.0
2300,2,14.856426720586526,14.856426720586526,100.0
2310,0,33.79560923267124,33.79560923267124,100.0
2310,1,25.585253877894292,25.585253877894292,100.0
2310,2,40.61913688943448,40.61913688943448,100.0
2320,0,45.59979508681857,45.59979508681857,100.0
2320,1,27.68749644702374,27.68749644702374,100.0
2320,2,26.712708466157697,26.712708466157697,100.0
2330,0,18.227676645862047,18.227676645862047,100.0
2330,1,41.61796368206828,41.61796368206828,100.0
2330,2,40.15435967206968,40.15435967206968,100.0
2340,0,55.07313546066563,55.07313546066563,100.0
2340,1,11.168310264827785,11.168310264827785,100.0
2340,2,33.75855427450657,33.75855427450657,100.0
2350,0,33.36996159810213,33.36996159810213,100.0
2350,1,33.253964032524436,33.253964032524436,100.0
2350,2,33.376074369373434,33.376074369373434,100.0
2360,0,26.37298169738428,26.37298169738428,100.0
2360,1,42.55290917283842,42.55290917283842,100.0
2360,2,31.074109129777298,31.074109129777298,100.0
2370,0,37.80664780584949,37.80664780584949,100.0
2370,1,19.353308718164463,19.353308718164463,100.0
2370,2,42.84004347598606,42.84004347598606,100.0
2380,0,40.650982300338576,40.650982300338576,100.0
2380,1,16.767798357269918,16.767798357269918,100.0
2380,2,42.581219342391506,42.581219342391506,100.0
2390,0,54.880481114578714,54.880481114578714,100.0
2390,1,13.138484998934844,13.138484998934844,100.0
2390,2,31.981033886486443,31.981033886486443,100.0
2400,0,23.739826522393905,23.739826522393905,100.0
2400,1,58.35844022127815,58.35844022127815,100.0
2400,2,17.901733256327933,17.901733256327933,100.0
2410,0,22.8650436206821,22.8650436206821,100.0
2410,1,65.2155877174376,65.2155877174376,100.0
2410,2,11.919368661880304,11.919368661880304,100.0
2420,0,26.48798325524427,26.48798325524427,100.0
2420,1,61.30047337883162,61.30047337883162,100.0
2420,2,12.211543365924113,12.211543365924113,100.0
2430,0,10.420137920052106,10.420137920052106,100.0
2430,1,39.68195333901608,39.68195333901608,100.0
2430,2,49.897908740931825,49.897908740931825,100.0
2440,0,47.8419459261258,47.8419459261258,100.0
2440,1,25.5548851552336,25.5548851552336,100.0
2440,2,26.60316891864059,26.60316891864059,100.0
2450,0,51.40893993668855,51.40893993668855,100.0
2450,1,16.28914280212397,16.28914280212397,100.0
2450,2,32.30191726118748,32.30191726118748,100.0
2460,0,46.266707026727865,46.266707026727865,100.0
2460,1,19.59726777493752,19.59726777493752,100.0
2460,2,34.13602519833461,34.13602519833461,100.0
2470,0,25.705908510636817,25.705908510636817,100.0
2470,1,56.96635935045521,56.96635935045521,100.0
2470,2,17.327732138907972,17.327732138907972,100.0
2480,0,51.2587824530533,51.2587824530533,100.0
2480,1,20.517332875317354,20.517332875317354,100.0
2480,2,28.223884671629357,28.223884671629357,100.0
2490,0,40.428913755287475,40.428913755287475,100.0
2490,1,28.06754511195322,28.06754511195322,100.0
2490,2,31.503541132759306,31.503541132759306,100.0
2500,0,19.14979574776713,19.14979574776713,100.0
2500,1,30.46454891792213,30.46454891792213,100.0
2500,2,50.385655334310755,50.385655334310755,100.0
2510,0,39.510807079431196,39.510807079431196,100.0
2510,1,20.19600937643159,20.19600937643159,100.0
2510,2,40.293183544137214,40.293183544137214,100.0
2520,0,51.19416300775974,51.19416300775974,100.0
2520,1,33.08938189642346,33.08938189642346,100.0
2520,2,15.716455095816789,15.716455095816789,100.0
2530,0,37.27790014276888,37.27790014276888,100.0
2530,1,18.303444962619526,18.303444962619526,100.0
2530,2,44.4186548946116,44.4186548946116,100.0
2540,0,20.43434149575298,20.43434149575298,100.0
2540,1,33.23095352424945,33.23095352424945,100.0
2540,2,46.33470497999757,46.33470497999757,100.0
2550,0,26.386536613996043,26.386536613996043,100.0
2550,1,40.31479672573497,40.31479672573497,100.0
2550,2,33.298666660268985,33.298666660268985,100.0
2560,0,29.249921238829685,29.249921238829685,100.0
2560,1,34.97993006942913,34.97993006942913,100.0
2560,2,35.770148691741184,35.770148691741184,100.0
2570,0,16.919918638963125,16.919918638963125,100.0
2570,1,25.025768995451593,25.025768995451593,100.0
2570,2,58.05431236558529,58.05431236558529,100.0
2580,0,43.786957331393076,43.786957331393076,100.0
2580,1,36.74263160671517,36.74263160671517,100.0
2580,2,19.47041106189175,19.47041106189175,100.0
2590,0,52.024340835268056,52.024340835268056,100.0
2590,1,14.641053178180636,14.641053178180636,100.0
2590,2,33.33460598655132,33.33460598655132,100.0
2600,0,32.70908953389501,32.70908953389501,100.0
2600,1,24.82584649379587,24.82584649379587,100.0
2600,2,42.46506397230913,42.46506397230913,100.0
2610,0,44.311881192004634,44.311881192004634,100.0
2610,1,27.743623277060554,27.743623277060554,100.0
2610,2,27.944495530934805,27.944495530934805,100.0
2620,0,19.301565872769974,19.301565872769974,100.0
2620,1,20.644269792203463,20.644269792203463,100.0
2620,2,60.05416433502657,60.05416433502657,100.0
2630,0,35.97876797511998,35.97876797511998,100.0
2630,1,37.35632473338307,37.35632473338307,100.0
2630,2,26.66490729149696,26.66490729149696,100.0
2640,0,13.44572487752776,13.44572487752776,100.0
2640,1,67.66992807109618,67.66992807109618,100.0
2640,2,18.88434705137606,18.88434705137606,100.0
2650,0,54.47795400806418,54.47795400806418,100.0
2650,1,28.62065738348013,28.62065738348013,100.0
2650,2,16.901388608455704,16.901388608455704,100.0
2660,0,25.886900075262442,25.886900075262442,100.0
2660,1,55.21394716089964,55.21394716089964,100.0
2660,2,18.899152763837908,18.899152763837908,100.0
2670,0,38.71037019576608,38.71037019576608,100.0
2670,1,41.79928126603794,41.79928126603794,100.0
2670,2,19.490348538195974,19.490348538195974,100.0
2680,0,38.53955392213292,38.53955392213292,100.0
2680,1,39.20476156326183,39.20476156326183,100.0
2680,2,22.25568451460525,22.25568451460525,100.0
2690,0,35.20842944693408,35.20842944693408,100.0
2690,1,14.393619712237978,14.393619712237978,100.0
2690,2,50.397950840827946,50.397950840827946,100.0
2700,0,53.34553252046664,53.34553252046664,100.0
2700,1,20.5280588214953,20.5280588214953,100.0
2700,2,26.126408658038052,26.126408658038052,100.0
2710,0,41.82772245918221,41.82772245918221,100.0
2710,1,43.39679753937648,43.39679753937648,100.0
2710,2,14.775480001441318,14.775480001441318,100.0
2720,0,50.01801481863958,50.01801481863958,100.0
2720,1,15.265799555032638,15.265799555032638,100.0
2720,2,34.716185626327785,34.716185626327785,100.0
2730,0,21.775367663338745,21.775367663338745,100.0
2730,1,54.52636036026964,54.52636036026964,100.0
2730,2,23.69827197639162,23.69827197639162,100.0
2740,0,40.23226554610761,40.23226554610761,100.0
2740,1,47.28090210801808,47.28090210801808,100.0
2740,2,12.486832345874307,12.486832345874307,100.0
2750,0,33.28219959428613,33.28219959428613,100.0
2750,1,46.78572229455029,46.78572229455029,100.0
2750,2,19.932078111163584,19.932078111163584,100.0
2760,0,9.691010631591315,9.691010631591315,100.0
2760,1,37.55647562667406,37.55647562667406,100.0
2760,2,52.75251374173463,52.75251374173463,100.0
2770,0,34.3268302903028,34.3268302903028,100.0
2770,1,26.739300543399942,26.739300543399942,100.0
2770,2,38.93386916629726,38.93386916629726,100.0
2780,0,47.22527654766233,47.22527654766233,100.0
2780,1,19.24978329141968,19.24978329141968,100.0
2780,2,33.524940160918,33.524940160918,100.0
2790,0,17.385814630020217,17.385814630020217,100.0
2790,1,24.17462116319432,24.17462116319432,100.0
2790,2,58.43956420678546,58.43956420678546,100.0
2800,0,29.780881316260665,29.780881316260665,100.0
2800,1,58.13138843939787,58.13138843939787,100.0
2800,2,12.087730244341474,12.087730244341474,100.0
2810,0,45.73519161134158,45.73519161134158,100.0
2810,1,34.12645024980724,34.12645024980724,100.0
2810,2,20.138358138851192,20.138358138851192,100.0
2820,0,44.01972028776414,44.01972028776414,100.0
2820,1,14.433432723662559,14.433432723662559,100.0
2820,2,41.54684698857331,41.54684698857331,100.0
2830,0,45.78551598020836,45.78551598020836,100.0
2830,1,45.915117824204515,45.915117824204515,100.0
2830,2,8.299366195587139,8.299366195587139,100.0
2840,0,29.090422588186737,29.090422588186737,100.0
2840,1,20.325488442529807,20.325488442529807,100.0
2840,2,50.58408896928346,50.58408896928346,100.0
2850,0,19.661936836509682,19.661936836509682,100.0
2850,1,48.58187503054336,48.58187503054336,100.0
2850,2,31.75618813294695,31.75618813294695,100.0
2860,0,35.023094780934606,35.023094780934606,100.0
2860,1,27.147416885863983,27.147416885863983,100.0
2860,2,37.82948833320141,37.82948833320141,100.0
2870,0,32.39172483331279,32.39172483331279,100.0
2870,1,24.44342609670434,24.44342609670434,100.0
2870,2,43.16484906998288,43.16484906998288,100.0
2880,0,20.382128727743527,20.382128727743527,100.0
2880,1,22.056978904815395,22.056978904815395,100.0
2880,2,57.56089236744108,57.56089236744108,100.0
2890,0,47.623467776757735,47.623467776757735,100.0
2890,1,18.151433442088766,18.151433442088766,100.0
2890,2,34.2250987811535,34.2250987811535,100.0
2900,0,55.41947759826643,55.41947759826643,100.0
2900,1,32.89661283592184,32.89661283592184,100.0
2900,2,11.68390956581172,11.68390956581172,100.0
2910,0,24.120854299929466,24.120854299929466,100.0
2910,1,18.28877279611156,18.28877279611156,100.0
2910,2,57.59037290395897,57.59037290395897,100.0
2920,0,46.34439672830885,46.34439672830885,100.0
2920,1,38.139011071058526,38.139011071058526,100.0
2920,2,15.516592200632633,15.516592200632633,100.0
2930,0,36.13794328126997,36.13794328126997,100.0
2930,1,15.64631375757373,15.64631375757373,100.0
2930,2,48.21574296115631,48.21574296115631,100.0
2940,0,32.68335563893442,32.68335563893442,100.0
2940,1,16.34399105330655,16.34399105330655,100.0
2940,2,50.97265330775903,50.97265330775903,100.0
2950,0,27.236022203764815,27.236022203764815,100.0
2950,1,44.06753116404993,44.06753116404993,100.0
2950,2,28.696446632185246,28.696446632185246,100.0
2960,0,24.61282616455861,24.61282616455861,100.0
2960,1,17.744640725101526,17.744640725101526,100.0
2960,2,57.64253311033987,57.64253311033987,100.0
2970,0,25.786491980194892,25.786491980194892,100.0
2970,1,15.207371293570812,15.207371293570812,100.0
2970,2,59.0061367262343,59.0061367262343,100.0
2980,0,17.136228763548047,17.136228763548047,100.0
2980,1,57.729346786029254,57.729346786029254,100.0
2980,2,25.1344244504227,25.1344244504227,100.0
2990,0,24.096424156819367,24.096424156819367,100.0
2990,1,16.26530506726593,16.26530506726593,100.0
2990,2,59.638270775914705,59.638270775914705,100.0
3000,0,16.309980730095912,16.309980730095912,100.0
3000,1,15.50562240660497,15.50562240660497,100.0
3000,2,68.18439686329911,68.18439686329911,100.0
3010,0,40.559357734833085,40.559357734833085,100.0
3010,1,24.68472636759575,24.68472636759575,100.0
3010,2,34.75591589757116,34.75591589757116,100.0
3020,0,36.39659433776772,36.39659433776772,100.0
3020,1,11.981584057944982,11.981584057944982,100.0
3020,2,51.6218216042873,51.6218216042873,100.0
3030,0,20.069305000671037,20.069305000671037,100.0
3030,1,52.775829849420084,52.775829849420084,100.0
3030,2,27.15486514990888,27.15486514990888,100.0
3040,0,22.601166898041004,22.601166898041004,100.0
3040,1,43.008839475694174,43.008839475694174,100.0
3040,2,34.389993626264825,34.389993626264825,100.0
3050,0,19.383577007405915,19.383577007405915,100.0
3050,1,48.43150844997929,48.43150844997929,100.0
3050,2,32.1849145426148,32.1849145426148,100.0
3060,0,45.97503632748752,45.97503632748752,100.0
3060,1,10.90041752096659,10.90041752096659,100.0
3060,2,43.12454615154589,43.12454615154589,100.0
3070,0,30.81251239916928,30.81251239916928,100.0
3070,1,12.46868911229134,12.46868911229134,100.0
3070,2,56.71879848853938,56.71879848853938,100.0
3080,0,50.36606554482912,50.36606554482912,100.0
3080,1,22.90150328419014,22.90150328419014,100.0
3080,2,26.732431170980746,26.732431170980746,100.0
3090,0,27.784650362117368,27.784650362117368,100.0
3090,1,26.734868026142717,26.734868026142717,100.0
3090,2,45.480481611739926,45.480481611739926,100.0
3100,0,41.88466200504304,41.88466200504304,100.0
3100,1,35.0985334853998,35.0985334853998,100.0
3100,2,23.016804509557158,23.016804509557158,100.0
3110,0,19.777679033105102,19.777679033105102,100.0
3110,1,20.927280201581,20.927280201581,100.0
3110,2,59.2950407653139,59.2950407653139,100.0
3120,0,61.80443913277498,61.80443913277498,100.0
3120,1,13.096065654400451,13.096065654400451,100.0
3120,2,25.099495212824568,25.099495212824568,100.0
3130,0,17.64707391744055,17.64707391744055,100.0
3130,1,12.675355561412676,12.675355561412676,100.0
3130,2,69.67757052114678,69.67757052114678,100.0
3140,0,29.464159850876804,29.464159850876804,100.0
3140,1,36.289533293047604,36.289533293047604,100.0
3140,2,34.2463068560756,34.2463068560756,100.0
3150,0,13.414299693147736,13.414299693147736,100.0
3150,1,21.82171164302103,21.82171164302103,100.0
3150,2,64.76398866383124,64.76398866383124,100.0
3160,0,19.806017638020162,19.806017638020162,100.0
3160,1,58.26945436540611,58.26945436540611,100.0
3160,2,21.92452799657373,21.92452799657373,100.0
3170,0,34.54926711679776,34.54926711679776,100.0
3170,1,27.40078051107177,27.40078051107177,100.0
3170,2,38.049952372130484,38.049952372130484,100.0
3180,0,44.519772341162664,44.519772341162664,100.0
3180,1,9.465797719982003,9.465797719982003,100.0
3180,2,46.01442993885534,46.01442993885534,100.0
3190,0,22.942936123277725,22.942936123277725,100.0
3190,1,44.371835331818076,44.371835331818076,100.0
3190,2,32.6852285449042,32.6852285449042,100.0
3200,0,27.721012787724238,27.721012787724238,100.0
3200,1,31.139752338775217,31.139752338775217,100.0
3200,2,41.139234873500556,41.139234873500556,100.0
3210,0,19.520217946957928,19.520217946957928,100.0
3210,1,10.578383225764133,10.578383225764133,100.0
3210,2,69.90139882727794,69.90139882727794,100.0
3220,0,34.80393433731138,34.80393433731138,100.0
3220,1,27.344007078365518,27.344007078365518,100.0
3220,2,37.852058584323096,37.852058584323096,100.0
3230,0,27.497746831144788,27.497746831144788,100.0
3230,1,49.83243461055676,49.83243461055676,100.0
3230,2,22.669818558298463,22.669818558298463,100.0
3240,0,25.05029061169537,25.05029061169537,100.0
3240,1,33.233324589816085,33.233324589816085,100.0
3240,2,41.716384798488555,41.716384798488555,100.0
3250,0,36.144379483955824,36.144379483955824,100.0
3250,1,27.084096313026468,27.084096313026468,100.0
3250,2,36.771524203017705,36.771524203017705,100.0
3260,0,36.860465560169544,36.860465560169544,100.0
3260,1,17.949737097149228,17.949737097149228,100.0
3260,2,45.189797342681224,45.189797342681224,100.0
3270,0,14.039845390795328,14.039845390795328,100.0
3270,1,15.649680031110286,15.649680031110286,100.0
3270,2,70.31047457809439,70.31047457809439,100.0
3280,0,9.671877784888231,9.671877784888231,100.0
3280,1,41.08146138293257,41.08146138293257,100.0
3280,2,49.24666083217921,49.24666083217921,100.0
3290,0,16.007598290237222,16.007598290237222,100.0
3290,1,56.70465142019724,56.70465142019724,100.0
3290,2,27.287750289565547,27.287750289565547,100.0
3300,0,26.851700132893424,26.851700132893424,100.0
3300,1,20.44626493441956,20.44626493441956,100.0
3300,2,52.70203493268701,52.70203493268701,100.0
3310,0,34.43144078405421,34.43144078405421,100.0
3310,1,31.520195579095965,31.520195579095965,100.0
3310,2,34.048363636849835,34.048363636849835,100.0
3320,0,13.804217867576988,13.804217867576988,100.0
3320,1,42.30073906948178,42.30073906948178,100.0
3320,2,43.89504306294123,43.89504306294123,100.0
3330,0,27.202964468345016,27.202964468345016,100.0
3330,1,14.11463575845817,14.11463575845817,100.0
3330,2,58.68239977319681,58.68239977319681,100.0
3340,0,27.297459043979384,27.297459043979384,100.0
3340,1,16.07203653698454,16.07203653698454,100.0
3340,2,56.63050441903608,56.63050441903608,100.0
3350,0,72.94128583521235,72.94128583521235,100.0
3350,1,12.813265280695838,12.813265280695838,100.0
3350,2,14.245448884091816,14.245448884091816,100.0
3360,0,35.76089919835091,35.76089919835091,100.0
3360,1,30.73990106293977,30.73990106293977,100.0
3360,2,33.499199738709315,33.499199738709315,100.0
3370,0,45.86021450214969,45.86021450214969,100.0
3370,1,31.475779275735626,31.475779275735626,100.0
3370,2,22.66400622211469,22.66400622211469,100.0
3380,0,33.70960550781417,33.70960550781417,100.0
3380,1,33.73055240696554,33.73055240696554,100.0
3380,2,32.5598420852203,32.5598420852203,100.0
3390,0,28.022021865459624,28.022021865459624,100.0
3390,1,52.82341846268936,52.82341846268936,100.0
3390,2,19.154559671851015,19.154559671851015,100.0
3400,0,49.66512830281245,49.66512830281245,100.0
3400,1,28.99955010526427,28.99955010526427,100.0
3400,2,21.335321591923282,21.335321591923282,100.0
3410,0,14.488035888773384,14.488035888773384,100.0
3410,1,65.98461295529098,65.98461295529098,100.0
3410,2,19.527351155935634,19.527351155935634,100.0
3420,0,17.635361901901746,17.635361901901746,100.0
3420,1,18.627837913006267,18.627837913006267,100.0
3420,2,63.73680018509198,63.73680018509198,100.0
3430,0,40.875962010974504,40.875962010974504,100.0
3430,1,45.00383716789195,45.00383716789195,100.0
3430,2,14.12020082113354,14.12020082113354,100.0
3440,0,40.51655304301205,40.51655304301205,100.0
3440,1,25.095293696273146,25.095293696273146,100.0
3440,2,34.38815326071481,34.38815326071481,100.0
3450,0,16.227817359024993,16.227817359024993,100.0
3450,1,21.81601064231169,21.81601064231169,100.0
3450,2,61.95617199866332,61.95617199866332,100.0
3460,0,11.966531896512416,11.966531896512416,100.0
3460,1,44.24262418340672,44.24262418340672,100.0
3460,2,43.79084392008087,43.79084392008087,100.0
3470,0,67.58563949862668,67.58563949862668,100.0
3470,1,19.24850209790328,19.24850209790328,100.0
3470,2,13.165858403470038,13.165858403470038,100.0
3480,0,52.95342751161968,52.95342751161968,100.0
3480,1,11.081541828957556,11.081541828957556,100.0
3480,2,35.965030659422766,35.965030659422766,100.0
3490,0,18.7417319781211,18.7417319781211,100.0
3490,1,49.752509556634,49.752509556634,100.0
3490,2,31.5057584652449,31.5057584652449,100.0
3500,0,46.31272477475207,46.31272477475207,100.0
3500,1,8.971733785649826,8.971733785649826,100.0
3500,2,44.7155414395981,44.7155414395981,100.0
3510,0,12.195249992495233,12.195249992495233,100.0
3510,1,49.9677863773516,49.9677863773516,100.0
3510,2,37.83696363015317,37.83696363015317,100.0
3520,0,24.873498514347897,24.873498514347897,100.0
3520,1,15.922936323166894,15.922936323166894,100.0
3520,2,59.20356516248522,59.20356516248522,100.0
3530,0,45.18082269831427,45.18082269831427,100.0
3530,1,30.33351791015979,30.33351791015979,100.0
3530,2,24.485659391525946,24.485659391525946,100.0
3540,0,66.92333031701713,66.92333031701713,100.0
3540,1,17.87329038055787,17.87329038055787,100.0
3540,2,15.203379302424999,15.203379302424999,100.0
3550,0,25.975458226070657,25.975458226070657,100.0
3550,1,12.44984846922283,12.44984846922283,100.0
3550,2,61.57469330470651,61.57469330470651,100.0
3560,0,54.74229271982093,54.74229271982093,100.0
3560,1,19.157315073699333,19.157315073699333,100.0
3560,2,26.100392206479743,26.100392206479743,100.0
3570,0,34.85713327910491,34.85713327910491,100.0
3570,1,32.801552472185826,32.801552472185826,100.0
3570,2,32.341314248709274,32.341314248709274,100.0
3580,0,39.9955848006967,39.9955848006967,100.0
3580,1,30.84389837280801,30.84389837280801,100.0
3580,2,29.160516826495297,29.160516826495297,100.0
3590,0,45.09868624805702,45.09868624805702,100.0
3590,1,18.498284448309935,18.498284448309935,100.0
3590,2,36.40302930363305,36.40302930363305,100.0
3600,0,61.97076180238126,61.97076180238126,100.0
3600,1,13.21840243789589,13.21840243789589,100.0
3600,2,24.810835759722867,24.810835759722867,100.0
3610,0,14.420772079064392,14.420772079064392,100.0
3610,1,27.753361018266354,27.753361018266354,100.0
3610,2,57.825866902669254,57.825866902669254,100.0
3620,0,38.01791223574472,38.01791223574472,100.0
3620,1,33.3351850052014,33.3351850052014,100.0
3620,2,28.646902759053894,28.646902759053894,100.0
3630,0,42.050731159808194,42.050731159808194,100.0
3630,1,11.186680479207663,11.186680479207663,100.0
3630,2,46.76258836098415,46.76258836098415,100.0
3640,0,14.948776697921124,14.948776697921124,100.0
3640,1,54.650419045162536,54.650419045162536,100.0
3640,2,30.40080425691634,30.40080425691634,100.0
3650,0,49.756585567502675,49.756585567502675,100.0
3650,1,27.55060019359197,27.55060019359197,100.0
3650,2,22.692814238905356,22.692814238905356,100.0
3660,0,41.868145246378795,41.868145246378795,100.0
3660,1,25.950343180013153,25.950343180013153,100.0
3660,2,32.18151157360806,32.18151157360806,100.0
3670,0,18.960099488442385,18.960099488442385,100.0
3670,1,51.0336626639149,51.0336626639149,100.0
3670,2,30.00623784764271,30.00623784764271,100.0
3680,0,14.358817592592684,14.358817592592684,100.0
3680,1,62.87519484963459,62.87519484963459,100.0
3680,2,22.765987557772725,22.765987557772725,100.0
3690,0,22.355792316280628,22.355792316280628,100.0
3690,1,14.351022665213032,14.351022665213032,100.0
3690,2,63.29318501850635,63.29318501850635,100.0
3700,0,19.0323791422971,19.0323791422971,100.0
3700,1,21.406618046201693,21.406618046201693,100.0
3700,2,59.56100281150122,59.56100281150122,100.0
3710,0,27.970874292599124,27.970874292599124,100.0
3710,1,14.6925578219245,14.6925578219245,100.0
3710,2,57.33656788547638,57.33656788547638,100.0
3720,0,35.09732661160358,35.09732661160358,100.0
3720,1,46.18851438210208,46.18851438210208,100.0
3720,2,18.714159006294338,18.714159006294338,100.0
3730,0,15.794045912642012,15.794045912642012,100.0
3730,1,15.265427179425467,15.265427179425467,100.0
3730,2,68.94052690793254,68.94052690793254,100.0
3740,0,70.06012975341386,70.06012975341386,100.0
3740,1,12.036614706514309,12.036614706514309,100.0
3740,2,17.903255540071843,17.903255540071843,100.0
3750,0,43.77236639394888,43.77236639394888,100.0
3750,1,10.932272017246556,10.932272017246556,100.0
3750,2,45.29536158880456,45.29536158880456,100.0
3760,0,17.05913449652944,17.05913449652944,100.0
3760,1,50.23462384775323,50.23462384775323,100.0
3760,2,32.706241655717335,32.706241655717335,100.0
3770,0,16.900523057630647,16.900523057630647,100.0
3770,1,60.874614046230214,60.874614046230214,100.0
3770,2,22.22486289613915,22.22486289613915,100.0
3780,0,22.654228879603014,22.654228879603014,100.0
3780,1,15.070183402324913,15.070183402324913,100.0
3780,2,62.27558771807207,62.27558771807207,100.0
3790,0,26.64455613868301,26.64455613868301,100.0
3790,1,39.0838845450199,39.0838845450199,100.0
3790,2,34.271559316297086,34.271559316297086,100.0
3800,0,36.732105321882244,36.732105321882244,100.0
3800,1,30.716499708949197,30.716499708949197,100.0
3800,2,32.551394969168555,32.551394969168555,100.0
3810,0,46.44885304930536,46.44885304930536,100.0
3810,1,26.187540653182502,26.187540653182502,100.0
3810,2,27.363606297512145,27.363606297512145,100.0
3820,0,14.205273948983574,14.205273948983574,100.0
3820,1,63.738187715335194,63.738187715335194,100.0
3820,2,22.056538335681232,22.056538335681232,100.0
3830,0,10.41838953194127,10.41838953194127,100.0
3830,1,61.160308235021034,61.160308235021034,100.0
3830,2,28.421302233037704,28.421302233037704,100.0
3840,0,15.4598119423882,15.4598119423882,100.0
3840,1,21.20611683163881,21.20611683163881,100.0
3840,2,63.334071225973,63.334071225973,100.0
3850,0,45.768690422621304,45.768690422621304,100.0
3850,1,18.064541944327985,18.064541944327985,100.0
3850,2,36.1667676330507,36.1667676330507,100.0
3860,0,32.889750986214,32.889750986214,100.0
3860,1,24.954978541635604,24.954978541635604,100.0
3860,2,42.1552704721504,42.1552704721504,100.0
3870,0,46.689004089943076,46.689004089943076,100.0
3870,1,7.368213199253066,7.368213199253066,100.0
3870,2,45.942782710803854,45.942782710803854,100.0
3880,0,64.17422688629124,64.17422688629124,100.0
3880,1,13.54253879032597,13.54253879032597,100.0
3880,2,22.283234323382796,22.283234323382796,100.0
3890,0,13.911421498505305,13.911421498505305,100.0
3890,1,36.14807583885402,36.14807583885402,100.0
3890,2,49.940502662640675,49.940502662640675,100.0
3900,0,50.839909721486265,50.839909721486265,100.0
3900,1,13.207696496545122,13.207696496545122,100.0
3900,2,35.9523937819686,35.9523937819686,100.0
3910,0,46.4165604106003,46.4165604106003,100.0
3910,1,28.779322202869896,28.779322202869896,100.0
3910,2,24.804117386529807,24.804117386529807,100.0
3920,0,44.59886878190541,44.59886878190541,100.0
3920,1,11.375642998413053,11.375642998413053,100.0
3920,2,44.02548821968154,44.02548821968154,100.0
3930,0,42.66715014972297,42.66715014972297,100.0
3930,1,19.743883947906255,19.743883947906255,100.0
3930,2,37.58896590237078,37.58896590237078,100.0
3940,0,25.71649495952848,25.71649495952848,100.0
3940,1,49.32487626719277,49.32487626719277,100.0
3940,2,24.95862877327876,24.95862877327876,100.0
3950,0,20.65820017977222,20.65820017977222,100.0
3950,1,24.530982381077806,24.530982381077806,100.0
3950,2,54.81081743914997,54.81081743914997,100.0
3960,0,23.089332098851642,23.089332098851642,100.0
3960,1,54.204201777727015,54.204201777727015,100.0
3960,2,22.70646612342134,22.70646612342134,100.0
3970,0,42.068334442276935,42.068334442276935,100.0
3970,1,14.738762389809928,14.738762389809928,100.0
3970,2,43.19290316791314,43.19290316791314,100.0
3980,0,40.87957034342002,40.87957034342002,100.0
3980,1,27.73449748880991,27.73449748880991,100.0
3980,2,31.38593216777008,31.38593216777008,100.0
3990,0,34.36655845503103,34.36655845503103,100.0
3990,1,34.03245719816299,34.03245719816299,100.0
3990,2,31.600984346805983,31.600984346805983,100.0
4000,0,59.71805789518726,59.71805789518726,100.0
4000,1,29.520999747077553,29.520999747077553,100.0
4000,2,10.760942357735193,10.760942357735193,100.0
4010,0,42.13102842133977,42.13102842133977,100.0
4010,1,27.215363508132945,27.215363508132945,100.0
4010,2,30.653608070527294,30.653608070527294,100.0
4020,0,28.76191365929845,28.76191365929845,100.0
4020,1,34.695789860486734,34.695789860486734,100.0
4020,2,36.54229648021482,36.54229648021482,100.0
4030,0,31.402836644421733,31.402836644421733,100.0
4030,1,56.59843322854825,56.59843322854825,100.0
4030,2,11.99873012703002,11.99873012703002,100.0
4040,0,18.257223890133528,18.257223890133528,100.0
4040,1,26.962977046202635,26.962977046202635,100.0
4040,2,54.77979906366384,54.77979906366384,100.0
4050,0,32.34133938934174,32.34133938934174,100.0
4050,1,27.911661194719166,27.911661194719166,100.0
4050,2,39.74699941593908,39.74699941593908,100.0
4060,0,34.266801794701166,34.266801794701166,100.0
4060,1,31.649826253624823,31.649826253624823,100.0
4060,2,34.08337195167401,34.08337195167401,100.0
4070,0,77.0591490503814,77.0591490503814,100.0
4070,1,11.54095171913172,11.54095171913172,100.0
4070,2,11.39989923048689,11.39989923048689,100.0
4080,0,45.797596631992334,45.797596631992334,100.0
4080,1,29.176119099988668,29.176119099988668,100.0
4080,2,25.026284268019,25.026284268019,100.0
4090,0,40.54578017275825,40.54578017275825,100.0
4090,1,10.365016493001482,10.365016493001482,100.0
4090,2,49.089203334240274,49.089203334240274,100.0
4100,0,38.9029020234679,38.9029020234679,100.0
4100,1,49.884060328641404,49.884060328641404,100.0
4100,2,11.213037647890706,11.213037647890706,100.0
4110,0,13.689189266306013,13.689189266306013,100.0
4110,1,29.591875326122967,29.591875326122967,100.0
4110,2,56.718935407571024,56.718935407571024,100.0
4120,0,20.277992721510874,20.277992721510874,100.0
4120,1,17.603456373353158,17.603456373353158,100.0
4120,2,62.11855090513597,62.11855090513597,100.0
4130,0,42.554557511000745,42.554557511000745,100.0
4130,1,25.025954130416174,25.025954130416174,100.0
4130,2,32.41948835858308,32.41948835858308,100.0
4140,0,50.45908096593956,50.45908096593956,100.0
4140,1,36.92727513489287,36.92727513489287,100.0
4140,2,12.61364389916757,12.61364389916757,100.0
4150,0,13.200344768848312,13.200344768848312,100.0
4150,1,14.470633250131984,14.470633250131984,100.0
4150,2,72.32902198101971,72.32902198101971,100.0
4160,0,20.10714892017375,20.10714892017375,100.0
4160,1,66.70765474240363,66.70765474240363,100.0
4160,2,13.185196337422623,13.185196337422623,100.0
4170,0,43.22254043475131,43.22254043475131,100.0
4170,1,11.896779733771362,11.896779733771362,100.0
4170,2,44.88067983147733,44.88067983147733,100.0
4180,0,54.05893153278587,54.05893153278587,100.0
4180,1,20.568278589484624,20.568278589484624,100.0
4180,2,25.372789877729506,25.372789877729506,100.0
4190,0,31.318824360792714,31.318824360792714,100.0
4190,1,31.33288318986438,31.33288318986438,100.0
4190,2,37.34829244934291,37.34829244934291,100.0
4200,0,72.9282610137078,72.9282610137078,100.0
4200,1,14.09658754898157,14.09658754898157,100.0
4200,2,12.97515143731063,12.97515143731063,100.0
4210,0,33.08486849509412,33.08486849509412,100.0
4210,1,20.909212527153976,20.909212527153976,100.0
4210,2,46.005918977751904,46.005918977751904,100.0
4220,0,49.808765857002015,49.808765857002015,100.0
4220,1,15.154194514520785,15.154194514520785,100.0
4220,2,35.03703962847719,35.03703962847719,100.0
4230,0,37.44775339323798,37.44775339323798,100.0
4230,1,34.686074641487394,34.686074641487394,100.0
4230,2,27.86617196527463,27.86617196527463,100.0
4240,0,13.480575391809793,13.480575391809793,100.0
4240,1,72.0628269142871,72.0628269142871,100.0
4240,2,14.45659769390311,14.45659769390311,100.0
4250,0,37.232879410842145,37.232879410842145,100.0
4250,1,14.055206565527682,14.055206565527682,100.0
4250,2,48.71191402363018,48.71191402363018,100.0
4260,0,64.63911892422111,64.63911892422111,100.0
4260,1,23.820348034244343,23.820348034244343,100.0
4260,2,11.54053304153455,11.54053304153455,100.0
4270,0,38.72498697597129,38.72498697597129,100.0
4270,1,39.33739703434565,39.33739703434565,100.0
4270,2,21.937615989683042,21.937615989683042,100.0
4280,0,43.16316424106832,43.16316424106832,100.0
4280,1,18.222808656274548,18.222808656274548,100.0
4280,2,38.61402710265714,38.61402710265714,100.0
4290,0,38.81434727808114,38.81434727808114,100.0
4290,1,25.54436168508531,25.54436168508531,100.0
4290,2,35.641291036833564,35.641291036833564,100.0
4300,0,68.24159305465504,68.24159305465504,100.0
4300,1,16.35980122104423,16.35980122104423,100.0
4300,2,15.398605724300735,15.398605724300735,100.0
4310,0,44.614256755404455,44.614256755404455,100.0
4310,1,39.824827510008085,39.824827510008085,100.0
4310,2,15.56091573458747,15.56091573458747,100.0
4320,0,64.12766875013864,64.12766875013864,100.0
4320,1,16.27013327105308,16.27013327105308,100.0
4320,2,19.602197978808288,19.602197978808288,100.0
4330,0,46.95968572174292,46.95968572174292,100.0
4330,1,22.46570929241311,22.46570929241311,100.0
4330,2,30.574604985843955,30.574604985843955,100.0
4340,0,67.02456699221439,67.02456699221439,100.0
4340,1,13.258498037539834,13.258498037539834,100.0
4340,2,19.716934970245774,19.716934970245774,100.0
4350,0,19.50944217387494,19.50944217387494,100.0
4350,1,42.229216033166736,42.229216033166736,100.0
4350,2,38.261341792958326,38.261341792958326,100.0
4360,0,13.858384261309345,13.858384261309345,100.0
4360,1,57.32830064872173,57.32830064872173,100.0
4360,2,28.81331508996892,28.81331508996892,100.0
4370,0,32.14601680435184,32.14601680435184,100.0
4370,1,37.84181881408731,37.84181881408731,100.0
4370,2,30.012164381560847,30.012164381560847,100.0
4380,0,37.5060863829845,37.5060863829845,100.0
4380,1,43.49472732796835,43.49472732796835,100.0
4380,2,18.999186289047152,18.999186289047152,100.0
4390,0,27.22832551732244,27.22832551732244,100.0
4390,1,20.23037748694415,20.23037748694415,100.0
4390,2,52.54129699573341,52.54129699573341,100.0
4400,0,41.15381893182456,41.15381893182456,100.0
4400,1,24.44240713182446,24.44240713182446,100.0
4400,2,34.40377393635099,34.40377393635099,100.0
4410,0,38.762653051248286,38.762653051248286,100.0
4410,1,30.598456871923858,30.598456871923858,100.0
4410,2,30.638890076827856,30.638890076827856,100.0
4420,0,36.407862784301194,36.407862784301194,100.0
4420,1,9.060694036527147,9.060694036527147,100.0
4420,2,54.53144317917166,54.53144317917166,100.0
4430,0,59.613970114104674,59.613970114104674,100.0
4430,1,19.248918839182807,19.248918839182807,100.0
4430,2,21.137111046712526,21.137111046712526,100.0
4440,0,18.61400241110193,18.61400241110193,100.0
4440,1,20.641047643746756,20.641047643746756,100.0
4440,2,60.74494994515132,60.74494994515132,100.0
4450,0,26.665378157704854,26.665378157704854,100.0
4450,1,42.56384608027311,42.56384608027311,100.0
4450,2,30.77077576202203,30.77077576202203,100.0
4460,0,23.31875057778751,23.31875057778751,100.0
4460,1,17.451859964542503,17.451859964542503,100.0
4460,2,59.22938945766998,59.22938945766998,100.0
4470,0,21.420241077289493,21.420241077289493,100.0
4470,1,45.69020746595736,45.69020746595736,100.0
4470,2,32.88955145675316,32.88955145675316,100.0
4480,0,52.301822623053695,52.301822623053695,100.0
4480,1,22.375294417278063,22.375294417278063,100.0
4480,2,25.32288295966824,25.32288295966824,100.0
4490,0,22.12616631209608,22.12616631209608,100.0
4490,1,51.359745272076815,51.359745272076815,100.0
4490,2,26.514088415827104,26.514088415827104,100.0
4500,0,35.5375094991224,35.5375094991224,100.0
4500,1,42.90761074236319,42.90761074236319,100.0
4500,2,21.554879758514414,21.554879758514414,100.0
4510,0,19.191484212755583,19.191484212755583,100.0
4510,1,26.51402609133956,26.51402609133956,100.0
4510,2,54.29448969590486,54.29448969590486,100.0
4520,0,27.358078590639128,27.358078590639128,100.0
4520,1,59.10184657639533,59.10184657639533,100.0
4520,2,13.540074832965542,13.540074832965542,100.0
4530,0,24.12987432067968,24.12987432067968,100.0
4530,1,26.110728921441456,26.110728921441456,100.0
4530,2,49.75939675787887,49.75939675787887,100.0
4540,0,66.02917130240584,66.02917130240584,100.0
4540,1,22.859066755121148,22.859066755121148,100.0
4540,2,11.111761942473017,11.111761942473017,100.0
4550,0,32.13141668412747,32.13141668412747,100.0
4550,1,12.464345094735863,12.464345094735863,100.0
4550,2,55.40423822113666,55.40423822113666,100.0
4560,0,47.06120898647233,47.06120898647233,100.0
4560,1,32.04768425701609,32.04768425701609,100.0
4560,2,20.891106756511586,20.891106756511586,100.0
4570,0,32.33774663789508,32.33774663789508,100.0
4570,1,43.12897127921425,43.12897127921425,100.0
4570,2,24.533282082890683,24.533282082890683,100.0
4580,0,30.38794664520249,30.38794664520249,100.0
4580,1,10.363251753403057,10.363251753403057,100.0
4580,2,59.248801601394455,59.248801601394455,100.0
4590,0,14.90272714872854,14.90272714872854,100.0
4590,1,29.670065063397878,29.670065063397878,100.0
4590,2,55.42720778787359,55.42720778787359,100.0
4600,0,11.008379254416807,11.008379254416807,100.0
4600,1,48.49903119910716,48.49903119910716,100.0
4600,2,40.49258954647604,40.49258954647604,100.0
4610,0,49.82680499011609,49.82680499011609,100.0
4610,1,16.87437929411576,16.87437929411576,100.0
4610,2,33.29881571576817,33.29881571576817,100.0
4620,0,48.33585575148046,48.33585575148046,100.0
4620,1,17.002291788580482,17.002291788580482,100.0
4620,2,34.66185245993907,34.66185245993907,100.0
4630,0,39.11239159531903,39.11239159531903,100.0
4630,1,16.98841099370005,16.98841099370005,100.0
4630,2,43.89919741098093,43.89919741098093,100.0
4640,0,33.976574331348154,33.976574331348154,100.0
4640,1,37.72083741085459,37.72083741085459,100.0
4640,2,28.302588257797268,28.302588257797268,100.0
4650,0,15.24996719500924,15.24996719500924,100.0
4650,1,27.28090937453394,27.28090937453394,100.0
4650,2,57.469123430456825,57.469123430456825,100.0
4660,0,36.28605159231825,36.28605159231825,100.0
4660,1,33.49339899978178,33.49339899978178,100.0
4660,2,30.220549407899966,30.220549407899966,100.0
4670,0,58.27259231387198,58.27259231387198,100.0
4670,1,21.555752373682633,21.555752373682633,100.0
4670,2,20.17165531244539,20.17165531244539,100.0
4680,0,30.409396916111277,30.409396916111277,100.0
4680,1,54.22652613025053,54.22652613025053,100.0
4680,2,15.364076953638211,15.364076953638211,100.0
4690,0,19.24599029022358,19.24599029022358,100.0
4690,1,55.191869098485355,55.191869098485355,100.0
4690,2,25.562140611291056,25.562140611291056,100.0
4700,0,15.4157500882356,15.4157500882356,100.0
4700,1,22.01456062184927,22.01456062184927,100.0
4700,2,62.56968928991514,62.56968928991514,100.0
4710,0,53.792950003464945,53.792950003464945,100.0
4710,1,28.857096245644158,28.857096245644158,100.0
4710,2,17.349953750890904,17.349953750890904,100.0
4720,0,23.875539364594918,23.875539364594918,100.0
4720,1,61.69839880918904,61.69839880918904,100.0
4720,2,14.426061826216044,14.426061826216044,100.0
4730,0,14.42424409862383,14.42424409862383,100.0
4730,1,24.748840992571367,24.748840992571367,100.0
4730,2,60.826914908804795,60.826914908804795,100.0
4740,0,34.03283288051044,34.03283288051044,100.0
4740,1,43.272416004135366,43.272416004135366,100.0
4740,2,22.694751115354183,22.694751115354183,100.0
4750,0,15.90180975294189,15.90180975294189,100.0
4750,1,50.461078407188275,50.461078407188275,100.0
4750,2,33.637111839869846,33.637111839869846,100.0
4760,0,17.255113364861995,17.255113364861995,100.0
4760,1,20.698951705035295,20.698951705035295,100.0
4760,2,62.04593493010271,62.04593493010271,100.0
4770,0,34.233340038338824,34.233340038338824,100.0
4770,1,37.053587837919736,37.053587837919736,100.0
4770,2,28.71307212374145,28.71307212374145,100.0
4780,0,28.706425445366662,28.706425445366662,100.0
4780,1,61.130983380476565,61.130983380476565,100.0
4780,2,10.162591174156768,10.162591174156768,100.0
4790,0,64.52361685255738,64.52361685255738,100.0
4790,1,19.673074013732986,19.673074013732986,100.0
4790,2,15.803309133709648,15.803309133709648,100.0
4800,0,9.011440117475573,9.011440117475573,100.0
4800,1,42.914424577647026,42.914424577647026,100.0
4800,2,48.0741353048774,48.0741353048774,100.0
4810,0,32.13226962587854,32.13226962587854,100.0
4810,1,32.531052562676344,32.531052562676344,100.0
4810,2,35.336677811445114,35.336677811445114,100.0
4820,0,18.96710627317427,18.96710627317427,100.0
4820,1,24.48995836976376,24.48995836976376,100.0
4820,2,56.54293535706197,56.54293535706197,100.0
4830,0,34.81597009530357,34.81597009530357,100.0
4830,1,43.29909100031804,43.29909100031804,100.0
4830,2,21.88493890437838,21.88493890437838,100.0
4840,0,35.229013721955525,35.229013721955525,100.0
4840,1,27.124667337668644,27.124667337668644,100.0
4840,2,37.64631894037582,37.64631894037582,100.0
4850,0,27.16497406671749,27.16497406671749,100.0
4850,1,49.79124837736633,49.79124837736633,100.0
4850,2,23.043777555916193,23.043777555916193,100.0
4860,0,55.1643584205145,55.1643584205145,100.0
4860,1,28.759323804186376,28.759323804186376,100.0
4860,2,16.07631777529912,16.07631777529912,100.0
4870,0,44.162763493130385,44.162763493130385,100.0
4870,1,12.117112656069116,12.117112656069116,100.0
4870,2,43.720123850800505,43.720123850800505,100.0
4880,0,61.72871609781119,61.72871609781119,100.0
4880,1,20.93212387574584,20.93212387574584,100.0
4880,2,17.33916002644298,17.33916002644298,100.0
4890,0,32.477812970860995,32.477812970860995,100.0
4890,1,48.88147062808636,48.88147062808636,100.0
4890,2,18.640716401052643,18.640716401052643,100.0
4900,0,63.094040808531815,63.094040808531815,100.0
4900,1,27.199845871823786,27.199845871823786,100.0
4900,2,9.706113319644398,9.706113319644398,100.0
4910,0,26.716669837671432,26.716669837671432,100.0
4910,1,36.98278829540992,36.98278829540992,100.0
4910,2,36.30054186691866,36.30054186691866,100.0
4920,0,50.81403053468513,50.81403053468513,100.0
4920,1,37.32729910583332,37.32729910583332,100.0
4920,2,11.858670359481557,11.858670359481557,100.0
4930,0,22.090443678922384,22.090443678922384,100.0
4930,1,45.685939087800165,45.685939087800165,100.0
4930,2,32.22361723327744,32.22361723327744,100.0
4940,0,47.036327210812836,47.036327210812836,100.0
4940,1,36.509429172294276,36.509429172294276,100.0
4940,2,16.45424361689289,16.45424361689289,100.0
4950,0,41.05755871398296,41.05755871398296,100.0
4950,1,20.341832319740245,20.341832319740245,100.0
4950,2,38.6006089662768,38.6006089662768,100.0
4960,0,65.80328662933492,65.80328662933492,100.0
4960,1,15.332335610493859,15.332335610493859,100.0
4960,2,18.864377760171223,18.864377760171223,100.0
4970,0,27.5535153243687,27.5535153243687,100.0
4970,1,32.17935102126408,32.17935102126408,100.0
4970,2,40.26713365436721,40.26713365436721,100.0
4980,0,38.28694455445367,38.28694455445367,100.0
4980,1,33.821989142937,33.821989142937,100.0
4980,2,27.891066302609342,27.891066302609342,100.0
4990,0,29.069697273355573,29.069697273355573,100.0
4990,1,17.885390736046013,17.885390736046013,100.0
4990,2,53.04491199059842,53.04491199059842,100.0
5000,0,56.87931558848921,56.87931558848921,100.0
5000,1,21.807915452546606,21.807915452546606,100.0
5000,2,21.312768958964195,21.312768958964195,100.0
5010,0,44.73807515076265,44.73807515076265,100.0
5010,1,16.949993828185942,16.949993828185942,100.0
5010,2,38.31193102105141,38.31193102105141,100.0
5020,0,49.30826342934732,49.30826342934732,100.0
5020,1,21.295488267973703,21.295488267973703,100.0
5020,2,29.396248302678984,29.396248302678984,100.0
5030,0,24.927126004643483,24.927126004643483,100.0
5030,1,53.44922557738878,53.44922557738878,100.0
5030,2,21.623648417967726,21.623648417967726,100.0
5040,0,26.569585600607347,26.569585600607347,100.0
5040,1,42.716167574551925,42.716167574551925,100.0
5040,2,30.714246824840735,30.714246824840735,100.0
5050,0,50.033275253129084,50.033275253129084,100.0
5050,1,28.66767395446018,28.66767395446018,100.0
5050,2,21.299050792410746,21.299050792410746,100.0
5060,0,70.10623075261489,70.10623075261489,100.0
5060,1,11.027196480322536,11.027196480322536,100.0
5060,2,18.86657276706259,18.86657276706259,100.0
5070,0,35.1673515884883,35.1673515884883,100.0
5070,1,16.56105135814193,16.56105135814193,100.0
5070,2,48.27159705336976,48.27159705336976,100.0
5080,0,22.44019346841923,22.44019346841923,100.0
5080,1,20.14386301389496,20.14386301389496,100.0
5080,2,57.41594351768582,57.41594351768582,100.0
5090,0,24.595753440693436,24.595753440693436,100.0
5090,1,60.56529465208321,60.56529465208321,100.0
5090,2,14.838951907223352,14.838951907223352,100.0
5100,0,38.10605947307536,38.10605947307536,100.0
5100,1,19.385467199110753,19.385467199110753,100.0
5100,2,42.50847332781388,42.50847332781388,100.0
5110,0,45.61145842542769,45.61145842542769,100.0
5110,1,29.166988741532684,29.166988741532684,100.0
5110,2,25.221552833039627,25.221552833039627,100.0
5120,0,27.644231126433876,27.644231126433876,100.0
5120,1,17.039377689360748,17.039377689360748,100.0
5120,2,55.31639118420537,55.31639118420537,100.0
5130,0,32.691726634902956,32.691726634902956,100.0
5130,1,18.742822468671623,18.742822468671623,100.0
5130,2,48.56545089642542,48.56545089642542,100.0
5140,0,28.365758173600785,28.365758173600785,100.0
5140,1,22.00166740528506,22.00166740528506,100.0
5140,2,49.63257442111416,49.63257442111416,100.0
5150,0,10.459459287380438,10.459459287380438,100.0
5150,1,58.90479470764597,58.90479470764597,100.0
5150,2,30.6357460049736,30.6357460049736,100.0
5160,0,57.79548691592641,57.79548691592641,100.0
5160,1,23.639700099220043,23.639700099220043,100.0
5160,2,18.564812984853553,18.564812984853553,100.0
5170,0,40.34865852027565,40.34865852027565,100.0
5170,1,13.316116721556703,13.316116721556703,100.0
5170,2,46.335224758167655,46.335224758167655,100.0
5180,0,58.52319802060426,58.52319802060426,100.0
5180,1,18.17922767713688,18.17922767713688,100.0
5180,2,23.297574302258862,23.297574302258862,100.0
5190,0,43.07963254877244,43.07963254877244,100.0
5190,1,13.174666973967819,13.174666973967819,100.0
5190,2,43.745700477259746,43.745700477259746,100.0
5200,0,27.436224098772318,27.436224098772318,100.0
5200,1,45.024040377417876,45.024040377417876,100.0
5200,2,27.539735523809817,27.539735523809817,100.0
5210,0,27.480913714497884,27.480913714497884,100.0
5210,1,49.096054091608046,49.096054091608046,100.0
5210,2,23.423032193894077,23.423032193894077,100.0
5220,0,32.51529460415499,32.51529460415499,100.0
5220,1,22.748980144750373,22.748980144750373,100.0
5220,2,44.735725251094635,44.735725251094635,100.0
5230,0,60.767991118690055,60.767991118690055,100.0
5230,1,23.714386511892616,23.714386511892616,100.0
5230,2,15.517622369417339,15.517622369417339,100.0
5240,0,27.58286203160687,27.58286203160687,100.0
5240,1,29.158394865147308,29.158394865147308,100.0
5240,2,43.25874310324582,43.25874310324582,100.0
5250,0,44.16669327162697,44.16669327162697,100.0
5250,1,30.74084733395112,30.74084733395112,100.0
5250,2,25.09245939442191,25.09245939442191,100.0
5260,0,24.72017208406238,24.72017208406238,100.0
5260,1,29.77282780056702,29.77282780056702,100.0
5260,2,45.5070001153706,45.5070001153706,100.0
5270,0,36.78469739144489,36.78469739144489,100.0
5270,1,15.64666276134579,15.64666276134579,100.0
5270,2,47.56863984720932,47.56863984720932,100.0
5280,0,46.08604783511729,46.08604783511729,100.0
5280,1,44.34043674323824,44.34043674323824,100.0
5280,2,9.573515421644466,9.573515421644466,100.0
5290,0,37.40888859278182,37.40888859278182,100.0
5290,1,33.51851547070321,33.51851547070321,100.0
5290,2,29.072595936514983,29.072595936514983,100.0
5300,0,48.75941767618375,48.75941767618375,100.0
5300,1,19.714209819520946,19.714209819520946,100.0
5300,2,31.526372504295303,31.526372504295303,100.0
5310,0,56.76246893711835,56.76246893711835,100.0
5310,1,8.91697229476752,8.91697229476752,100.0
5310,2,34.32055876811414,34.32055876811414,100.0
5320,0,23.3344053160324,23.3344053160324,100.0
5320,1,59.585240764522396,59.585240764522396,100.0
5320,2,17.08035391944521,17.08035391944521,100.0
5330,0,36.4054999661966,36.4054999661966,100.0
5330,1,25.548686277466125,25.548686277466125,100.0
5330,2,38.04581375633728,38.04581375633728,100.0
5340,0,32.58424508338448,32.58424508338448,100.0
5340,1,16.826884501040517,16.826884501040517,100.0
5340,2,50.588870415574995,50.588870415574995,100.0
5350,0,31.369987009312272,31.369987009312272,100.0
5350,1,21.177266741009845,21.177266741009845,100.0
5350,2,47.452746249677894,47.452746249677894,100.0
5360,0,12.21397781103289,12.21397781103289,100.0
5360,1,39.6770245124966,39.6770245124966,100.0
5360,2,48.108997676470516,48.108997676470516,100.0
5370,0,9.05049088779126,9.05049088779126,100.0
5370,1,40.14105273624074,40.14105273624074,100.0
5370,2,50.80845637596799,50.80845637596799,100.0
5380,0,46.51128310781153,46.51128310781153,100.0
5380,1,9.177634850735547,9.177634850735547,100.0
5380,2,44.31108204145293,44.31108204145293,100.0
5390,0,36.723122513112415,36.723122513112415,100.0
5390,1,31.95218798449248,31.95218798449248,100.0
5390,2,31.324689502395103,31.324689502395103,100.0
5400,0,65.55447042125941,65.55447042125941,100.0
5400,1,22.245677494848064,22.245677494848064,100.0
5400,2,12.199852083892532,12.199852083892532,100.0
5410,0,52.92464190924476,52.92464190924476,100.0
5410,1,21.355937785596893,21.355937785596893,100.0
5410,2,25.71942030515835,25.71942030515835,100.0
5420,0,20.68590664981591,20.68590664981591,100.0
5420,1,26.090345349915783,26.090345349915783,100.0
5420,2,53.22374800026831,53.22374800026831,100.0
5430,0,29.87413947471224,29.87413947471224,100.0
5430,1,13.357390109099162,13.357390109099162,100.0
5430,2,56.7684704161886,56.7684704161886,100.0
5440,0,33.129218546742464,33.129218546742464,100.0
5440,1,38.18184558489018,38.18184558489018,100.0
5440,2,28.68893586836735,28.68893586836735,100.0
5450,0,23.390870300478745,23.390870300478745,100.0
5450,1,58.48401288557522,58.48401288557522,100.0
5450,2,18.125116813946025,18.125116813946025,100.0
5460,0,43.067782032139995,43.067782032139995,100.0
5460,1,22.120930832113853,22.120930832113853,100.0
5460,2,34.81128713574616,34.81128713574616,100.0
5470,0,47.5699097735623,47.5699097735623,100.0
5470,1,16.58771299545273,16.58771299545273,100.0
5470,2,35.842377230984965,35.842377230984965,100.0
5480,0,36.665476217781006,36.665476217781006,100.0
5480,1,36.19951495248604,36.19951495248604,100.0
5480,2,27.13500882973296,27.13500882973296,100.0
5490,0,38.292895856900024,38.292895856900024,100.0
5490,1,26.76447514408399,26.76447514408399,100.0
5490,2,34.94262899901599,34.94262899901599,100.0
5500,0,68.18236326664291,68.18236326664291,100.0
5500,1,17.37336294434726,17.37336294434726,100.0
5500,2,14.444273789009834,14.444273789009834,100.0
5510,0,29.30149359073543,29.30149359073543,100.0
5510,1,54.644464654062574,54.644464654062574,100.0
5510,2,16.054041755202007,16.054041755202007,100.0
5520,0,37.54527149769468,37.54527149769468,100.0
5520,1,45.713125129066555,45.713125129066555,100.0
5520,2,16.74160337323876,16.74160337323876,100.0
5530,0,54.209144365531245,54.209144365531245,100.0
5530,1,12.049751432203708,12.049751432203708,100.0
5530,2,33.741104202265056,33.741104202265056,100.0
5540,0,53.101535953397295,53.101535953397295,100.0
5540,1,23.5337777942934,23.5337777942934,100.0
5540,2,23.364686252309312,23.364686252309312,100.0
5550,0,9.361362645044599,9.361362645044599,100.0
5550,1,38.885815344943055,38.885815344943055,100.0
5550,2,51.75282201001236,51.75282201001236,100.0
5560,0,32.330910660947225,32.330910660947225,100.0
5560,1,31.605320473048298,31.605320473048298,100.0
5560,2,36.06376886600448,36.06376886600448,100.0
5570,0,30.818646763045887,30.818646763045887,100.0
5570,1,39.41274403528229,39.41274403528229,100.0
5570,2,29.768609201671826,29.768609201671826,100.0
5580,0,12.458465740140094,12.458465740140094,100.0
5580,1,25.492110245829085,25.492110245829085,100.0
5580,2,62.04942401403082,62.04942401403082,100.0
5590,0,38.4720139136367,38.4720139136367,100.0
5590,1,47.61548718956658,47.61548718956658,100.0
5590,2,13.912498896796722,13.912498896796722,100.0
5600,0,26.80708804853569,26.80708804853569,100.0
5600,1,48.394177414005966,48.394177414005966,100.0
5600,2,24.79873453745835,24.79873453745835,100.0
5610,0,16.552680518707685,16.552680518707685,100.0
5610,1,12.884483286075127,12.884483286075127,100.0
5610,2,70.56283619521719,70.56283619521719,100.0
5620,0,22.446773154613023,22.446773154613023,100.0
5620,1,56.890172006875595,56.890172006875595,100.0
5620,2,20.663054838511393,20.663054838511393,100.0
5630,0,47.1698159897612,47.1698159897612,100.0
5630,1,27.91867244763997,27.91867244763997,100.0
5630,2,24.911511562598832,24.911511562598832,100.0
5640,0,40.43606598399912,40.43606598399912,100.0
5640,1,30.053439294677357,30.053439294677357,100.0
5640,2,29.51049472132353,29.51049472132353,100.0
5650,0,23.97821263703022,23.97821263703022,100.0
5650,1,24.41076159537527,24.41076159537527,100.0
5650,2,51.61102576759451,51.61102576759451,100.0
5660,0,13.938441044905739,13.938441044905739,100.0
5660,1,24.394193839659934,24.394193839659934,100.0
5660,2,61.667365115434336,61.667365115434336,100.0
5670,0,53.94232105302093,53.94232105302093,100.0
5670,1,27.659579474748753,27.659579474748753,100.0
5670,2,18.39809947223031,18.39809947223031,100.0
5680,0,53.28128356348844,53.28128356348844,100.0
5680,1,21.550516953328597,21.550516953328597,100.0
5680,2,25.168199483182978,25.168199483182978,100.0
5690,0,33.92107495067372,33.92107495067372,100.0
5690,1,26.58882900782026,26.58882900782026,100.0
5690,2,39.49009604150603,39.49009604150603,100.0
5700,0,42.520926922125355,42.520926922125355,100.0
5700,1,32.685881744108634,32.685881744108634,100.0
5700,2,24.79319133376601,24.79319133376601,100.0
5710,0,22.222205293250777,22.222205293250777,100.0
5710,1,50.07372497876973,50.07372497876973,100.0
5710,2,27.704069727979487,27.704069727979487,100.0
5720,0,36.02440835435492,36.02440835435492,100.0
5720,1,39.427057601058365,39.427057601058365,100.0
5720,2,24.548534044586706,24.548534044586706,100.0
5730,0,9.241037869804586,9.241037869804586,100.0
5730,1,38.362829033541765,38.362829033541765,100.0
5730,2,52.39613309665365,52.39613309665365,100.0
5740,0,19.943935224342013,19.943935224342013,100.0
5740,1,67.25992159051243,67.25992159051243,100.0
5740,2,12.796143185145542,12.796143185145542,100.0
5750,0,54.87100848191421,54.87100848191421,100.0
5750,1,15.488993670921136,15.488993670921136,100.0
5750,2,29.63999784716465,29.63999784716465,100.0
5760,0,26.623464850049327,26.623464850049327,100.0
5760,1,20.01062227574393,20.01062227574393,100.0
5760,2,53.36591287420674,53.36591287420674,100.0
5770,0,41.23341181418206,41.23341181418206,100.0
5770,1,25.17584528591016,25.17584528591016,100.0
5770,2,33.59074289990778,33.59074289990778,100.0
5780,0,52.45493877120274,52.45493877120274,100.0
5780,1,22.342412747802367,22.342412747802367,100.0
5780,2,25.20264848099489,25.20264848099489,100.0
5790,0,28.97740038434578,28.97740038434578,100.0
5790,1,33.66546259015033,33.66546259015033,100.0
5790,2,37.35713702550389,37.35713702550389,100.0
5800,0,15.027611361169438,15.027611361169438,100.0
5800,1,54.73286858219196,54.73286858219196,100.0
5800,2,30.239520056638604,30.239520056638604,100.0
5810,0,8.709381569512233,8.709381569512233,100.0
5810,1,46.190273459316955,46.190273459316955,100.0
5810,2,45.10034497117082,45.10034497117082,100.0
5820,0,66.23415136308412,66.23415136308412,100.0
5820,1,16.39551616393157,16.39551616393157,100.0
5820,2,17.370332472984295,17.370332472984295,100.0
5830,0,62.87012687474943,62.87012687474943,100.0
5830,1,17.64689085704841,17.64689085704841,100.0
5830,2,19.482982268202157,19.482982268202157,100.0
5840,0,29.256651081044332,29.256651081044332,100.0
5840,1,43.4384492834262,43.4384492834262,100.0
5840,2,27.304899635529456,27.304899635529456,100.0
5850,0,19.041582894080616,19.041582894080616,100.0
5850,1,48.42816144696722,48.42816144696722,100.0
5850,2,32.53025565895216,32.53025565895216,100.0
5860,0,42.78800465194704,42.78800465194704,100.0
5860,1,10.275215859243222,10.275215859243222,100.0
5860,2,46.93677948880974,46.93677948880974,100.0
5870,0,32.871045104708706,32.871045104708706,100.0
5870,1,46.36303427471822,46.36303427471822,100.0
5870,2,20.765920620573077,20.765920620573077,100.0
5880,0,52.86013481375671,52.86013481375671,100.0
5880,1,32.10554257899914,32.10554257899914,100.0
5880,2,15.034322607244158,15.034322607244158,100.0
5890,0,16.728291777335635,16.728291777335635,100.0
5890,1,52.433491513851685,52.433491513851685,100.0
5890,2,30.838216708812688,30.838216708812688,100.0
5900,0,35.382552575401924,35.382552575401924,100.0
5900,1,39.247841499131056,39.247841499131056,100.0
5900,2,25.36960592546702,25.36960592546702,100.0
5910,0,46.376625309600406,46.376625309600406,100.0
5910,1,18.30048643123158,18.30048643123158,100.0
5910,2,35.322888259168025,35.322888259168025,100.0
5920,0,35.71475933940968,35.71475933940968,100.0
5920,1,46.006518829594725,46.006518829594725,100.0
5920,2,18.278721830995597,18.278721830995597,100.0
5930,0,54.860010495955194,54.860010495955194,100.0
5930,1,26.617352690182706,26.617352690182706,100.0
5930,2,18.522636813862093,18.522636813862093,100.0
5940,0,45.60919370015028,45.60919370015028,100.0
5940,1,12.359401851079406,12.359401851079406,100.0
5940,2,42.03140444877032,42.03140444877032,100.0
5950,0,40.31312612341003,40.31312612341003,100.0
5950,1,22.683234407939622,22.683234407939622,100.0
5950,2,37.003639468650356,37.003639468650356,100.0
5960,0,48.573249857675,48.573249857675,100.0
5960,1,8.969372343642389,8.969372343642389,100.0
5960,2,42.45737779868261,42.45737779868261,100.0
5970,0,47.77388249391869,47.77388249391869,100.0
5970,1,24.916920594751925,24.916920594751925,100.0
5970,2,27.309196911329387,27.309196911329387,100.0
5980,0,21.55975093923524,21.55975093923524,100.0
5980,1,40.7587594591573,40.7587594591573,100.0
5980,2,37.681489601607474,37.681489601607474,100.0
5990,0,52.36775158341017,52.36775158341017,100.0
5990,1,13.25962324838255,13.25962324838255,100.0
5990,2,34.372625168207286,34.372625168207286,100.0
6000,0,51.92418371149036,51.92418371149036,100.0
6000,1,19.87766983800471,19.87766983800471,100.0
6000,2,28.19814645050494,28.19814645050494,100.0
6010,0,32.17615479841704,32.17615479841704,100.0
6010,1,51.36435369785782,51.36435369785782,100.0
6010,2,16.459491503725147,16.459491503725147,100.0
6020,0,24.344368824271807,24.344368824271807,100.0
6020,1,39.12197752130472,39.12197752130472,100.0
6020,2,36.533653654423475,36.533653654423475,100.0
6030,0,12.796432303453564,12.796432303453564,100.0
6030,1,50.28656707303849,50.28656707303849,100.0
6030,2,36.91700062350795,36.91700062350795,100.0
6040,0,64.31882174614458,64.31882174614458,100.0
6040,1,17.421681942431018,17.421681942431018,100.0
6040,2,18.25949631142442,18.25949631142442,100.0
6050,0,21.99201533366168,21.99201533366168,100.0
6050,1,46.945657988446214,46.945657988446214,100.0
6050,2,31.06232667789211,31.06232667789211,100.0
6060,0,53.00084845749588,53.00084845749588,100.0
6060,1,11.853119453674926,11.853119453674926,100.0
6060,2,35.1460320888292,35.1460320888292,100.0
6070,0,61.46686417755524,61.46686417755524,100.0
6070,1,15.072969681431402,15.072969681431402,100.0
6070,2,23.460166141013367,23.460166141013367,100.0
6080,0,11.621896769856042,11.621896769856042,100.0
6080,1,14.816673526655775,14.816673526655775,100.0
6080,2,73.56142970348817,73.56142970348817,100.0
6090,0,31.234101291444325,31.234101291444325,100.0
6090,1,18.80672800386558,18.80672800386558,100.0
6090,2,49.959170704690095,49.959170704690095,100.0
6100,0,16.44763027611416,16.44763027611416,100.0
6100,1,24.23585328993005,24.23585328993005,100.0
6100,2,59.31651643395579,59.31651643395579,100.0
6110,0,29.50793343006165,29.50793343006165,100.0
6110,1,14.011377885596845,14.011377885596845,100.0
6110,2,56.48068868434151,56.48068868434151,100.0
6120,0,28.505926795194164,28.505926795194164,100.0
6120,1,48.34783031220603,48.34783031220603,100.0
6120,2,23.146242892599815,23.146242892599815,100.0
6130,0,14.864286466026464,14.864286466026464,100.0
6130,1,67.7981999681371,67.7981999681371,100.0
6130,2,17.33751356583644,17.33751356583644,100.0
6140,0,45.216280942060266,45.216280942060266,100.0
6140,1,28.138950325691916,28.138950325691916,100.0
6140,2,26.644768732247808,26.644768732247808,100.0
6150,0,10.593969801684135,10.593969801684135,100.0
6150,1,46.738337715787196,46.738337715787196,100.0
6150,2,42.66769248252867,42.66769248252867,100.0
6160,0,59.26770005587891,59.26770005587891,100.0
6160,1,13.357165960414974,13.357165960414974,100.0
6160,2,27.375133983706114,27.375133983706114,100.0
6170,0,30.91391351328753,30.91391351328753,100.0
6170,1,17.15010485285389,17.15010485285389,100.0
6170,2,51.93598163385859,51.93598163385859,100.0
6180,0,26.26321414409349,26.26321414409349,100.0
6180,1,36.48553697446662,36.48553697446662,100.0
6180,2,37.2512488814399,37.2512488814399,100.0
6190,0,29.840745521958617,29.840745521958617,100.0
6190,1,21.873918450503105,21.873918450503105,100.0
6190,2,48.28533602753828,48.28533602753828,100.0
6200,0,31.57834306318662,31.57834306318662,100.0
6200,1,11.020481137480662,11.020481137480662,100.0
6200,2,57.40117579933271,57.40117579933271,100.0
6210,0,50.579279596177926,50.579279596177926,100.0
6210,1,23.726416718214633,23.726416718214633,100.0
6210,2,25.694303685607427,25.694303685607427,100.0
6220,0,39.023489577612914,39.023489577612914,100.0
6220,1,29.33297004390046,29.33297004390046,100.0
6220,2,31.64354037848663,31.64354037848663,100.0
6230,0,35.018757873042375,35.018757873042375,100.0
6230,1,56.71084256996765,56.71084256996765,100.0
6230,2,8.270399556989974,8.270399556989974,100.0
6240,0,30.038438969836363,30.038438969836363,100.0
6240,1,16.499850870612235,16.499850870612235,100.0
6240,2,53.4617101595514,53.4617101595514,100.0
6250,0,37.34564043973352,37.34564043973352,100.0
6250,1,18.466054733786333,18.466054733786333,100.0
6250,2,44.18830482648015,44.18830482648015,100.0
6260,0,58.705612646443406,58.705612646443406,100.0
6260,1,11.16114658972675,11.16114658972675,100.0
6260,2,30.133240763829843,30.133240763829843,100.0
6270,0,34.25597044935727,34.25597044935727,100.0
6270,1,21.309127214724242,21.309127214724242,100.0
6270,2,44.43490233591849,44.43490233591849,100.0
6280,0,8.391688852988562,8.391688852988562,100.0
6280,1,43.73956812678961,43.73956812678961,100.0
6280,2,47.86874302022182,47.86874302022182,100.0
6290,0,47.485893091066814,47.485893091066814,100.0
6290,1,34.31104628314257,34.31104628314257,100.0
6290,2,18.203060625790606,18.203060625790606,100.0
6300,0,33.78210099518988,33.78210099518988,100.0
6300,1,10.226728861664206,10.226728861664206,100.0
6300,2,55.99117014314592,55.99117014314592,100.0
6310,0,23.735116045197053,23.735116045197053,100.0
6310,1,51.64404085598308,51.64404085598308,100.0
6310,2,24.620843098819872,24.620843098819872,100.0
6320,0,14.332558879115847,14.332558879115847,100.0
6320,1,45.141438068695834,45.141438068695834,100.0
6320,2,40.52600305218832,40.52600305218832,100.0
6330,0,24.719889774798716,24.719889774798716,100.0
6330,1,17.623795830645896,17.623795830645896,100.0
6330,2,57.65631439455539,57.65631439455539,100.0
6340,0,38.10177934683733,38.10177934683733,100.0
6340,1,21.946748927549127,21.946748927549127,100.0
6340,2,39.95147172561354,39.95147172561354,100.0
6350,0,69.14658781899304,69.14658781899304,100.0
6350,1,21.028123275287523,21.028123275287523,100.0
6350,2,9.825288905719443,9.825288905719443,100.0
6360,0,10.245363533258411,10.245363533258411,100.0
6360,1,32.51887359768128,32.51887359768128,100.0
6360,2,57.235762869060316,57.235762869060316,100.0
6370,0,21.07187049764592,21.07187049764592,100.0
6370,1,35.89317665744855,35.89317665744855,100.0
6370,2,43.034952844905526,43.034952844905526,100.0
6380,0,31.816417474340327,31.816417474340327,100.0
6380,1,47.200944502074925,47.200944502074925,100.0
6380,2,20.982638023584748,20.982638023584748,100.0
6390,0,40.177897957449794,40.177897957449794,100.0
6390,1,20.85991460781741,20.85991460781741,100.0
6390,2,38.962187434732805,38.962187434732805,100.0
6400,0,53.06818143267888,53.06818143267888,100.0
6400,1,24.82683495833462,24.82683495833462,100.0
6400,2,22.104983608986505,22.104983608986505,100.0
6410,0,39.6441452280768,39.6441452280768,100.0
6410,1,10.552063535294105,10.552063535294105,100.0
6410,2,49.80379123662909,49.80379123662909,100.0
6420,0,62.76160908960405,62.76160908960405,100.0
6420,1,12.787314637703473,12.787314637703473,100.0
6420,2,24.45107627269247,24.45107627269247,100.0
6430,0,28.322732856413786,28.322732856413786,100.0
6430,1,24.77841954794198,24.77841954794198,100.0
6430,2,46.89884759564424,46.89884759564424,100.0
6440,0,45.635989380891594,45.635989380891594,100.0
6440,1,11.385513573363912,11.385513573363912,100.0
6440,2,42.97849704574449,42.97849704574449,100.0
6450,0,22.272176219240368,22.272176219240368,100.0
6450,1,13.821088311411401,13.821088311411401,100.0
6450,2,63.90673546934824,63.90673546934824,100.0
6460,0,41.6934606695523,41.6934606695523,100.0
6460,1,14.915019255692597,14.915019255692597,100.0
6460,2,43.391520074755114,43.391520074755114,100.0
6470,0,26.304374655857316,26.304374655857316,100.0
6470,1,24.839952646000537,24.839952646000537,100.0
6470,2,48.85567269814214,48.85567269814214,100.0
6480,0,59.508803527244226,59.508803527244226,100.0
6480,1,31.28429103003857,31.28429103003857,100.0
6480,2,9.20690544271721,9.20690544271721,100.0
6490,0,32.880549541471744,32.880549541471744,100.0
6490,1,17.282536997381044,17.282536997381044,100.0
6490,2,49.83691346114721,49.83691346114721,100.0
6500,0,41.26020930687676,41.26020930687676,100.0
6500,1,25.88625766697332,25.88625766697332,100.0
6500,2,32.85353302614992,32.85353302614992,100.0
6510,0,30.026600993313156,30.026600993313156,100.0
6510,1,37.62754243647062,37.62754243647062,100.0
6510,2,32.345856570216235,32.345856570216235,100.0
6520,0,40.21964100671971,40.21964100671971,100.0
6520,1,34.427794772032996,34.427794772032996,100.0
6520,2,25.3525642212473,25.3525642212473,100.0
6530,0,28.31105446638328,28.31105446638328,100.0
6530,1,56.60000833707832,56.60000833707832,100.0
6530,2,15.088937196538396,15.088937196538396,100.0
6540,0,37.089796986493425,37.089796986493425,100.0
6540,1,23.676042206149024,23.676042206149024,100.0
6540,2,39.234160807357554,39.234160807357554,100.0
6550,0,36.8736705276378,36.8736705276378,100.0
6550,1,40.605216910410135,40.605216910410135,100.0
6550,2,22.521112561952073,22.521112561952073,100.0
6560,0,50.644952366106324,50.644952366106324,100.0
6560,1,18.80480172785218,18.80480172785218,100.0
6560,2,30.55024590604149,30.55024590604149,100.0
6570,0,31.150184678676656,31.150184678676656,100.0
6570,1,31.80626435025814,31.80626435025814,100.0
6570,2,37.0435509710652,37.0435509710652,100.0
6580,0,52.27353566526437,52.27353566526437,100.0
6580,1,26.833573155676614,26.833573155676614,100.0
6580,2,20.89289117905902,20.89289117905902,100.0
6590,0,23.598840310714333,23.598840310714333,100.0
6590,1,17.63623509497492,17.63623509497492,100.0
6590,2,58.76492459431074,58.76492459431074,100.0
6600,0,53.02835383508092,53.02835383508092,100.0
6600,1,34.43520000255707,34.43520000255707,100.0
6600,2,12.536446162362013,12.536446162362013,100.0
6610,0,14.371617680495577,14.371617680495577,100.0
6610,1,64.04826459177559,64.04826459177559,100.0
6610,2,21.58011772772883,21.58011772772883,100.0
6620,0,21.637004922101198,21.637004922101198,100.0
6620,1,30.411092274846652,30.411092274846652,100.0
6620,2,47.95190280305215,47.95190280305215,100.0
6630,0,20.187551735468183,20.187551735468183,100.0
6630,1,34.2225122776221,34.2225122776221,100.0
6630,2,45.589935986909715,45.589935986909715,100.0
6640,0,23.249327607281554,23.249327607281554,100.0
6640,1,44.711851474384,44.711851474384,100.0
6640,2,32.03882091833445,32.03882091833445,100.0
6650,0,32.88616284766807,32.88616284766807,100.0
6650,1,29.510026354600345,29.510026354600345,100.0
6650,2,37.60381079773158,37.60381079773158,100.0
6660,0,16.047348020979715,16.047348020979715,100.0
6660,1,20.84737521002943,20.84737521002943,100.0
6660,2,63.10527676899085,63.10527676899085,100.0
6670,0,34.32279204295588,34.32279204295588,100.0
6670,1,32.70175976855786,32.70175976855786,100.0
6670,2,32.97544818848627,32.97544818848627,100.0
6680,0,53.457907350201594,53.457907350201594,100.0
6680,1,8.192677457936123,8.192677457936123,100.0
6680,2,38.34941519186228,38.34941519186228,100.0
6690,0,52.88090938428466,52.88090938428466,100.0
6690,1,13.44687658686465,13.44687658686465,100.0
6690,2,33.67221402885069,33.67221402885069,100.0
6700,0,14.553840514621422,14.553840514621422,100.0
6700,1,32.16893750922535,32.16893750922535,100.0
6700,2,53.27722197615322,53.27722197615322,100.0
6710,0,36.81205242006498,36.81205242006498,100.0
6710,1,17.464103552028725,17.464103552028725,100.0
6710,2,45.7238440279063,45.7238440279063,100.0
6720,0,51.14699818678129,51.14699818678129,100.0
6720,1,14.51923371525948,14.51923371525948,100.0
6720,2,34.33376809795923,34.33376809795923,100.0
6730,0,35.370844185199225,35.370844185199225,100.0
6730,1,27.789499036567626,27.789499036567626,100.0
6730,2,36.839656778233156,36.839656778233156,100.0
6740,0,15.173078782570283,15.173078782570283,100.0
6740,1,14.58128025598015,14.58128025598015,100.0
6740,2,70.24564096144957,70.24564096144957,100.0
6750,0,37.866046750981376,37.866046750981376,100.0
6750,1,38.407171274464865,38.407171274464865,100.0
6750,2,23.72678197455374,23.72678197455374,100.0
6760,0,29.686021261819263,29.686021261819263,100.0
6760,1,28.238942547822234,28.238942547822234,100.0
6760,2,42.07503619035852,42.07503619035852,100.0
6770,0,34.02970950154893,34.02970950154893,100.0
6770,1,46.427722940076436,46.427722940076436,100.0
6770,2,19.542567558374632,19.542567558374632,100.0
6780,0,10.17222109653115,10.17222109653115,100.0
6780,1,39.23203585960031,39.23203585960031,100.0
6780,2,50.595743043868545,50.595743043868545,100.0
6790,0,28.50067490359576,28.50067490359576,100.0
6790,1,61.38211416259275,61.38211416259275,100.0
6790,2,10.117210933811501,10.117210933811501,100.0
6800,0,26.785762955379234,26.785762955379234,100.0
6800,1,15.036538337260888,15.036538337260888,100.0
6800,2,58.17769870735988,58.17769870735988,100.0
6810,0,24.946116906987246,24.946116906987246,100.0
6810,1,39.55580102211551,39.55580102211551,100.0
6810,2,35.49808207089724,35.49808207089724,100.0
6820,0,38.26799245532501,38.26799245532501,100.0
6820,1,43.91213819524067,43.91213819524067,100.0
6820,2,17.819869349434324,17.819869349434324,100.0
6830,0,40.804056900323076,40.804056900323076,100.0
6830,1,29.746663921994948,29.746663921994948,100.0
6830,2,29.449279177681976,29.449279177681976,100.0
6840,0,41.08895179373924,41.08895179373924,100.0
6840,1,35.201932517271025,35.201932517271025,100.0
6840,2,23.709115688989733,23.709115688989733,100.0
6850,0,33.640371284264816,33.640371284264816,100.0
6850,1,11.428434099404774,11.428434099404774,100.0
6850,2,54.931194616330416,54.931194616330416,100.0
6860,0,54.992825919829954,54.992825919829954,100.0
6860,1,27.538508848498083,27.538508848498083,100.0
6860,2,17.468665231671967,17.468665231671967,100.0
6870,0,21.244097299292385,21.244097299292385,100.0
6870,1,17.6366980581558,17.6366980581558,100.0
6870,2,61.11920464255183,61.11920464255183,100.0
6880,0,28.76098488242629,28.76098488242629,100.0
6880,1,20.36684148816305,20.36684148816305,100.0
6880,2,50.87217362941067,50.87217362941067,100.0
6890,0,62.17348385409458,62.17348385409458,100.0
6890,1,16.686324901860967,16.686324901860967,100.0
6890,2,21.140191244044466,21.140191244044466,100.0
6900,0,63.13625412662701,63.13625412662701,100.0
6900,1,16.717573012966668,16.717573012966668,100.0
6900,2,20.146172860406324,20.146172860406324,100.0
6910,0,25.110188061143578,25.110188061143578,100.0
6910,1,40.818388887681664,40.818388887681664,100.0
6910,2,34.07142305117476,34.07142305117476,100.0
6920,0,39.580980777168506,39.580980777168506,100.0
6920,1,49.40657642171239,49.40657642171239,100.0
6920,2,11.012442801119118,11.012442801119118,100.0
6930,0,40.31430759517654,40.31430759517654,100.0
6930,1,8.487303499485687,8.487303499485687,100.0
6930,2,51.19838890533778,51.19838890533778,100.0
6940,0,14.969961236684265,14.969961236684265,100.0
6940,1,18.631645980148782,18.631645980148782,100.0
6940,2,66.39839278316695,66.39839278316695,100.0
6950,0,47.85527537383045,47.85527537383045,100.0
6950,1,33.6409559314937,33.6409559314937,100.0
6950,2,18.50376869467584,18.50376869467584,100.0
6960,0,15.517159329891953,15.517159329891953,100.0
6960,1,45.63623882954138,45.63623882954138,100.0
6960,2,38.84660184056668,38.84660184056668,100.0
6970,0,54.40030898557821,54.40030898557821,100.0
6970,1,8.675314916335864,8.675314916335864,100.0
6970,2,36.92437609808593,36.92437609808593,100.0
6980,0,9.838641943433597,9.838641943433597,100.0
6980,1,67.55442582476634,67.55442582476634,100.0
6980,2,22.606932231800073,22.606932231800073,100.0
6990,0,48.71218342263728,48.71218342263728,100.0
6990,1,17.84870065902128,17.84870065902128,100.0
6990,2,33.439115918341436,33.439115918341436,100.0
7000,0,46.82181382468264,46.82181382468264,100.0
7000,1,23.500146921580075,23.500146921580075,100.0
7000,2,29.678039253737293,29.678039253737293,100.0
7010,0,20.391193544612136,20.391193544612136,100.0
7010,1,57.84429154567611,57.84429154567611,100.0
7010,2,21.764514909711767,21.764514909711767,100.0
7020,0,53.77225818383871,53.77225818383871,100.0
7020,1,14.094054632957215,14.094054632957215,100.0
7020,2,32.13368718320408,32.13368718320408,100.0
7030,0,49.78870302931092,49.78870302931092,100.0
7030,1,18.715405759595402,18.715405759595402,100.0
7030,2,31.495891211093678,31.495891211093678,100.0
7040,0,47.384349282191415,47.384349282191415,100.0
7040,1,40.70117624169304,40.70117624169304,100.0
7040,2,11.91447447611555,11.91447447611555,100.0
7050,0,18.505500206486044,18.505500206486044,100.0
7050,1,34.57796159934661,34.57796159934661,100.0
7050,2,46.916538194167344,46.916538194167344,100.0
7060,0,50.70519588054745,50.70519588054745,100.0
7060,1,22.61935649675872,22.61935649675872,100.0
7060,2,26.675447622693827,26.675447622693827,100.0
7070,0,62.51238141955032,62.51238141955032,100.0
7070,1,11.908609084537048,11.908609084537048,100.0
7070,2,25.57900949591263,25.57900949591263,100.0
7080,0,39.07768815314039,39.07768815314039,100.0
7080,1,36.81702943498787,36.81702943498787,100.0
7080,2,24.105282411871727,24.105282411871727,100.0
7090,0,8.84900031375301,8.84900031375301,100.0
7090,1,55.229651140773626,55.229651140773626,100.0
7090,2,35.921348545473364,35.921348545473364,100.0
7100,0,74.33307051597974,74.33307051597974,100.0
7100,1,13.666235544517452,13.666235544517452,100.0
7100,2,12.000693939502803,12.000693939502803,100.0
7110,0,31.986817890710462,31.986817890710462,100.0
7110,1,12.372601405468995,12.372601405468995,100.0
7110,2,55.640580703820554,55.640580703820554,100.0
7120,0,45.51789137974128,45.51789137974128,100.0
7120,1,37.44179751439932,37.44179751439932,100.0
7120,2,17.0403111058594,17.0403111058594,100.0
7130,0,39.33635834468286,39.33635834468286,100.0
7130,1,21.619787235580635,21.619787235580635,100.0
7130,2,39.043854419736505,39.043854419736505,100.0
7140,0,33.805149440988394,33.805149440988394,100.0
7140,1,52.29412119607944,52.29412119607944,100.0
7140,2,13.900729362932177,13.900729362932177,100.0
7150,0,31.214672133258333,31.214672133258333,100.0
7150,1,23.385761967878004,23.385761967878004,100.0
7150,2,45.39956589886367,45.39956589886367,100.0
7160,0,40.31815806811881,40.31815806811881,100.0
7160,1,32.48587732202658,32.48587732202658,100.0
7160,2,27.195964609854617,27.195964609854617,100.0
7170,0,20.85216723803322,20.85216723803322,100.0
7170,1,14.908231492189087,14.908231492189087,100.0
7170,2,64.2396012697777,64.2396012697777,100.0
7180,0,20.48513028545337,20.48513028545337,100.0
7180,1,16.893361655009716,16.893361655009716,100.0
7180,2,62.62150805953692,62.62150805953692,100.0
7190,0,37.65842853470316,37.65842853470316,100.0
7190,1,14.150763324271448,14.150763324271448,100.0
7190,2,48.19080814102538,48.19080814102538,100.0
7200,0,20.14248540480707,20.14248540480707,100.0
7200,1,22.608595293231485,22.608595293231485,100.0
7200,2,57.24891930196144,57.24891930196144,100.0
7210,0,10.703644716357676,10.703644716357676,100.0
7210,1,39.56053770807535,39.56053770807535,100.0
7210,2,49.73581757556697,49.73581757556697,100.0
7220,0,31.584098916963434,31.584098916963434,100.0
7220,1,18.70160262029722,18.70160262029722,100.0
7220,2,49.71429846273935,49.71429846273935,100.0
7230,0,40.88951057307276,40.88951057307276,100.0
7230,1,14.05886347411812,14.05886347411812,100.0
7230,2,45.05162595280912,45.05162595280912,100.0
7240,0,29.21608128996785,29.21608128996785,100.0
7240,1,23.203538577064812,23.203538577064812,100.0
7240,2,47.58038013296735,47.58038013296735,100.0
7250,0,28.972525758619465,28.972525758619465,100.0
7250,1,11.947224705351058,11.947224705351058,100.0
7250,2,59.080249536029484,59.080249536029484,100.0
7260,0,20.912349586939605,20.912349586939605,100.0
7260,1,37.56491212218998,37.56491212218998,100.0
7260,2,41.522738290870414,41.522738290870414,100.0
7270,0,43.685990108363846,43.685990108363846,100.0
7270,1,27.453428795602925,27.453428795602925,100.0
7270,2,28.860581096033233,28.860581096033233,100.0
7280,0,13.490168923401033,13.490168923401033,100.0
7280,1,42.09936175112675,42.09936175112675,100.0
7280,2,44.41046932547222,44.41046932547222,100.0
7290,0,26.751849689921603,26.751849689921603,100.0
7290,1,39.36014436263044,39.36014436263044,100.0
7290,2,33.88800594744796,33.88800594744796,100.0
7300,0,17.947535345049634,17.947535345049634,100.0
7300,1,40.649934688708825,40.649934688708825,100.0
7300,2,41.402529966241545,41.402529966241545,100.0
7310,0,41.74529173779559,41.74529173779559,100.0
7310,1,43.60194755145743,43.60194755145743,100.0
7310,2,14.652760710746984,14.652760710746984,100.0
7320,0,18.628256328551313,18.628256328551313,100.0
7320,1,23.849723101941372,23.849723101941372,100.0
7320,2,57.52202056950731,57.52202056950731,100.0
7330,0,16.587282397372825,16.587282397372825,100.0
7330,1,21.338018184578875,21.338018184578875,100.0
7330,2,62.074699418048304,62.074699418048304,100.0
7340,0,35.0817354832545,35.0817354832545,100.0
7340,1,26.699730101886544,26.699730101886544,100.0
7340,2,38.21853441485896,38.21853441485896,100.0
7350,0,45.207209982967306,45.207209982967306,100.0
7350,1,23.99064258946792,23.99064258946792,100.0
7350,2,30.802147427564787,30.802147427564787,100.0
7360,0,11.62921375334682,11.62921375334682,100.0
7360,1,37.33453817450784,37.33453817450784,100.0
7360,2,51.03624807214534,51.03624807214534,100.0
7370,0,44.23922968159498,44.23922968159498,100.0
7370,1,21.675668121766062,21.675668121766062,100.0
7370,2,34.085102196638964,34.085102196638964,100.0
7380,0,20.73397972823339,20.73397972823339,100.0
7380,1,31.85411411838226,31.85411411838226,100.0
7380,2,47.41190615338436,47.41190615338436,100.0
7390,0,45.79114025659391,45.79114025659391,100.0
7390,1,10.734833680922968,10.734833680922968,100.0
7390,2,43.47402606248311,43.47402606248311,100.0
7400,0,19.840004816494456,19.840004816494456,100.0
7400,1,43.35182322962691,43.35182322962691,100.0
7400,2,36.808171953878634,36.808171953878634,100.0
7410,0,14.263067423358752,14.263067423358752,100.0
7410,1,31.325168446511174,31.325168446511174,100.0
7410,2,54.41176413013007,54.41176413013007,100.0
7420,0,29.345901656283125,29.345901656283125,100.0
7420,1,24.229308797282577,24.229308797282577,100.0
7420,2,46.424789546434305,46.424789546434305,100.0
7430,0,23.585764291296012,23.585764291296012,100.0
7430,1,64.45724653324531,64.45724653324531,100.0
7430,2,11.956989175458672,11.956989175458672,100.0
7440,0,20.34104557428143,20.34104557428143,100.0
7440,1,17.469121733967988,17.469121733967988,100.0
7440,2,62.18983269175058,62.18983269175058,100.0
7450,0,51.3692379616087,51.3692379616087,100.0
7450,1,35.97221750927655,35.97221750927655,100.0
7450,2,12.658544529114765,12.658544529114765,100.0
7460,0,18.29171202112785,18.29171202112785,100.0
7460,1,23.283186228587414,23.283186228587414,100.0
7460,2,58.42510175028474,58.42510175028474,100.0
7470,0,26.845457046548145,26.845457046548145,100.0
7470,1,12.59800000547914,12.59800000547914,100.0
7470,2,60.556542947972716,60.556542947972716,100.0
7480,0,22.10734044847132,22.10734044847132,100.0
7480,1,15.008174556998416,15.008174556998416,100.0
7480,2,62.88448499453027,62.88448499453027,100.0
7490,0,50.075146537243164,50.075146537243164,100.0
7490,1,23.786150089512425,23.786150089512425,100.0
7490,2,26.138703373244404,26.138703373244404,100.0
7500,0,16.549771160825152,16.549771160825152,100.0
7500,1,50.47988950394367,50.47988950394367,100.0
7500,2,32.97033933523118,32.97033933523118,100.0
7510,0,41.3926409859582,41.3926409859582,100.0
7510,1,12.098682174636638,12.098682174636638,100.0
7510,2,46.508676839405155,46.508676839405155,100.0
7520,0,24.031049010379864,24.031049010379864,100.0
7520,1,42.101249248927495,42.101249248927495,100.0
7520,2,33.86770174069264,33.86770174069264,100.0
7530,0,39.128227864721374,39.128227864721374,100.0
7530,1,39.162064400763526,39.162064400763526,100.0
7530,2,21.709707734515092,21.709707734515092,100.0
7540,0,33.31624520638067,33.31624520638067,100.0
7540,1,23.003037398330076,23.003037398330076,100.0
7540,2,43.68071739528926,43.68071739528926,100.0
7550,0,46.924671833270466,46.924671833270466,100.0
7550,1,10.563252463597243,10.563252463597243,100.0
7550,2,42.5120757031323,42.5120757031323,100.0
7560,0,38.68914766519419,38.68914766519419,100.0
7560,1,15.715667214131459,15.715667214131459,100.0
7560,2,45.59518512067434,45.59518512067434,100.0
7570,0,52.11087202009044,52.11087202009044,100.0
7570,1,19.513955404613846,19.513955404613846,100.0
7570,2,28.37517257529572,28.37517257529572,100.0
7580,0,28.186071999194922,28.186071999194922,100.0
7580,1,27.208753115068767,27.208753115068767,100.0
7580,2,44.60517488573632,44.60517488573632,100.0
7590,0,31.20149706955475,31.20149706955475,100.0
7590,1,34.77657703172688,34.77657703172688,100.0
7590,2,34.02192589871837,34.02192589871837,100.0
7600,0,41.304356389495496,41.304356389495496,100.0
7600,1,12.115459076383983,12.115459076383983,100.0
7600,2,46.58018453412052,46.58018453412052,100.0
7610,0,36.36736417489181,36.36736417489181,100.0
7610,1,12.462069188644383,12.462069188644383,100.0
7610,2,51.170566636463796,51.170566636463796,100.0
7620,0,30.093482226726152,30.093482226726152,100.0
7620,1,23.184220363674342,23.184220363674342,100.0
7620,2,46.7222974095995,46.7222974095995,100.0
7630,0,64.73358523826562,64.73358523826562,100.0
7630,1,21.19438839680071,21.19438839680071,100.0
7630,2,14.072026364933683,14.072026364933683,100.0
7640,0,26.58795054511387,26.58795054511387,100.0
7640,1,18.499309800864935,18.499309800864935,100.0
7640,2,54.9127396540212,54.9127396540212,100.0
7650,0,29.86777152766055,29.86777152766055,100.0
7650,1,30.1316762000788,30.1316762000788,100.0
7650,2,40.000552272260656,40.000552272260656,100.0
7660,0,30.066923519803435,30.066923519803435,100.0
7660,1,36.54797515764807,36.54797515764807,100.0
7660,2,33.38510132254849,33.38510132254849,100.0
7670,0,12.833443698731836,12.833443698731836,100.0
7670,1,13.76909513128217,13.76909513128217,100.0
7670,2,73.39746116998599,73.39746116998599,100.0
7680,0,67.98028872809986,67.98028872809986,100.0
7680,1,12.771365333769491,12.771365333769491,100.0
7680,2,19.24834593813064,19.24834593813064,100.0
7690,0,25.336598813173655,25.336598813173655,100.0
7690,1,32.686890040308434,32.686890040308434,100.0
7690,2,41.9765111465179,41.9765111465179,100.0
7700,0,42.331767201816675,42.331767201816675,100.0
7700,1,17.634821562396446,17.634821562396446,100.0
7700,2,40.03341123578688,40.03341123578688,100.0
7710,0,22.087102401456328,22.087102401456328,100.0
7710,1,29.249664503268647,29.249664503268647,100.0
7710,2,48.66323309527502,48.66323309527502,100.0
7720,0,69.15402182732431,69.15402182732431,100.0
7720,1,14.597865033868878,14.597865033868878,100.0
7720,2,16.24811313880681,16.24811313880681,100.0
7730,0,47.30487938940009,47.30487938940009,100.0
7730,1,25.920573990393315,25.920573990393315,100.0
7730,2,26.774546620206607,26.774546620206607,100.0
7740,0,45.133201243792584,45.133201243792584,100.0
7740,1,27.632065969949455,27.632065969949455,100.0
7740,2,27.234732786257958,27.234732786257958,100.0
7750,0,56.28998354645459,56.28998354645459,100.0
7750,1,23.367971969573823,23.367971969573823,100.0
7750,2,20.342044483971584,20.342044483971584,100.0
7760,0,21.11403110010306,21.11403110010306,100.0
7760,1,64.99811468094711,64.99811468094711,100.0
7760,2,13.887854218949844,13.887854218949844,100.0
7770,0,18.68652207002338,18.68652207002338,100.0
7770,1,36.016217063036606,36.016217063036606,100.0
7770,2,45.29726086694002,45.29726086694002,100.0
7780,0,44.14327847781168,44.14327847781168,100.0
7780,1,33.07155684095027,33.07155684095027,100.0
7780,2,22.78516468123806,22.78516468123806,100.0
7790,0,17.17784147805652,17.17784147805652,100.0
7790,1,33.01495339007767,33.01495339007767,100.0
7790,2,49.807205131865814,49.807205131865814,100.0
7800,0,10.74232799238066,10.74232799238066,100.0
7800,1,37.48972939009581,37.48972939009581,100.0
7800,2,51.76794261752353,51.76794261752353,100.0
7810,0,16.43418888201699,16.43418888201699,100.0
7810,1,59.52902737887391,59.52902737887391,100.0
7810,2,24.036783739109104,24.036783739109104,100.0
7820,0,25.75773569291285,25.75773569291285,100.0
7820,1,51.244558339072334,51.244558339072334,100.0
7820,2,22.99770596801483,22.99770596801483,100.0
7830,0,32.86717747039762,32.86717747039762,100.0
7830,1,21.703566857142466,21.703566857142466,100.0
7830,2,45.42925567245992,45.42925567245992,100.0
7840,0,37.76721548619717,37.76721548619717,100.0
7840,1,31.47612045554643,31.47612045554643,100.0
7840,2,30.7566640582564,30.7566640582564,100.0
7850,0,39.434018761338976,39.434018761338976,100.0
7850,1,27.121595879912302,27.121595879912302,100.0
7850,2,33.444385358748725,33.444385358748725,100.0
7860,0,25.11581784776522,25.11581784776522,100.0
7860,1,35.744945197752216,35.744945197752216,100.0
7860,2,39.13923695448257,39.13923695448257,100.0
7870,0,28.04483026180766,28.04483026180766,100.0
7870,1,61.05763187996857,61.05763187996857,100.0
7870,2,10.897537858223776,10.897537858223776,100.0
7880,0,13.646304293729639,13.646304293729639,100.0
7880,1,45.08222488096715,45.08222488096715,100.0
7880,2,41.2714708253032,41.2714708253032,100.0
7890,0,17.28245715159396,17.28245715159396,100.0
7890,1,25.298144921812526,25.298144921812526,100.0
7890,2,57.41939792659352,57.41939792659352,100.0
7900,0,38.05505060697718,38.05505060697718,100.0
7900,1,37.806285746132076,37.806285746132076,100.0
7900,2,24.138663646890752,24.138663646890752,100.0
7910,0,23.71375632215894,23.71375632215894,100.0
7910,1,52.3096071119151,52.3096071119151,100.0
7910,2,23.976636565925958,23.976636565925958,100.0
7920,0,21.736808094920683,21.736808094920683,100.0
7920,1,12.613925266346682,12.613925266346682,100.0
7920,2,65.64926663873264,65.64926663873264,100.0
7930,0,38.3422598895121,38.3422598895121,100.0
7930,1,42.58047263412054,42.58047263412054,100.0
7930,2,19.07726747636737,19.07726747636737,100.0
7940,0,61.51312547373823,61.51312547373823,100.0
7940,1,25.456947377693005,25.456947377693005,100.0
7940,2,13.02992714856876,13.02992714856876,100.0
7950,0,17.423985135409115,17.423985135409115,100.0
7950,1,22.45165776895312,22.45165776895312,100.0
7950,2,60.12435709563776,60.12435709563776,100.0
7960,0,45.62285418083446,45.62285418083446,100.0
7960,1,39.8399218434366,39.8399218434366,100.0
7960,2,14.537223975728953,14.537223975728953,100.0
7970,0,27.10674150991058,27.10674150991058,100.0
7970,1,39.35751991327016,39.35751991327016,100.0
7970,2,33.535738576819256,33.535738576819256,100.0
7980,0,20.573336953577464,20.573336953577464,100.0
7980,1,58.42311407002009,58.42311407002009,100.0
7980,2,21.003548976402453,21.003548976402453,100.0
7990,0,12.40829108563908,12.40829108563908,100.0
7990,1,51.78908205339985,51.78908205339985,100.0
7990,2,35.80262686096107,35.80262686096107,100.0
8000,0,59.16186186792832,59.16186186792832,100.0
8000,1,9.741882612820872,9.741882612820872,100.0
8000,2,31.096255519250803,31.096255519250803,100.0
8010,0,24.48608789988104,24.48608789988104,100.0
8010,1,47.509873850746885,47.509873850746885,100.0
8010,2,28.004038249372076,28.004038249372076,100.0
8020,0,47.274133584816475,47.274133584816475,100.0
8020,1,17.617892385168098,17.617892385168098,100.0
8020,2,35.107974030015434,35.107974030015434,100.0
8030,0,44.50999124624497,44.50999124624497,100.0
8030,1,35.567133819242876,35.567133819242876,100.0
8030,2,19.922874934512162,19.922874934512162,100.0
8040,0,43.588946813692594,43.588946813692594,100.0
8040,1,48.020572001710434,48.020572001710434,100.0
8040,2,8.390481184596975,8.390481184596975,100.0
8050,0,19.638392288226417,19.638392288226417,100.0
8050,1,16.809598910039806,16.809598910039806,100.0
8050,2,63.552008801733784,63.552008801733784,100.0
8060,0,32.214662657096824,32.214662657096824,100.0
8060,1,34.17545023341857,34.17545023341857,100.0
8060,2,33.6098871094846,33.6098871094846,100.0
8070,0,18.251444251701322,18.251444251701322,100.0
8070,1,19.0854830861321,19.0854830861321,100.0
8070,2,62.66307266216658,62.66307266216658,100.0
8080,0,20.258554193304875,20.258554193304875,100.0
8080,1,13.191842299100978,13.191842299100978,100.0
8080,2,66.54960350759414,66.54960350759414,100.0
8090,0,43.38304538629452,43.38304538629452,100.0
8090,1,17.190981015306264,17.190981015306264,100.0
8090,2,39.42597359839922,39.42597359839922,100.0
8100,0,36.740095737912114,36.740095737912114,100.0
8100,1,41.634967953793854,41.634967953793854,100.0
8100,2,21.62493630829404,21.62493630829404,100.0
8110,0,25.215570014401976,25.215570014401976,100.0
8110,1,47.02001193230805,47.02001193230805,100.0
8110,2,27.764418053289962,27.764418053289962,100.0
8120,0,33.90393677452496,33.90393677452496,100.0
8120,1,24.90109705656891,24.90109705656891,100.0
8120,2,41.194966168906134,41.194966168906134,100.0
8130,0,55.08125339229887,55.08125339229887,100.0
8130,1,9.357224298305555,9.357224298305555,100.0
8130,2,35.561522309395585,35.561522309395585,100.0
8140,0,9.081498857690228,9.081498857690228,100.0
8140,1,37.39976098417695,37.39976098417695,100.0
8140,2,53.51874015813283,53.51874015813283,100.0
8150,0,22.25130049614414,22.25130049614414,100.0
8150,1,15.13329212419707,15.13329212419707,100.0
8150,2,62.61540737965879,62.61540737965879,100.0
8160,0,52.09813098012926,52.09813098012926,100.0
8160,1,24.24955166531601,24.24955166531601,100.0
8160,2,23.65231735455473,23.65231735455473,100.0
8170,0,34.053568452872284,34.053568452872284,100.0
8170,1,27.899069904595642,27.899069904595642,100.0
8170,2,38.04736164253208,38.04736164253208,100.0
8180,0,11.547338729918513,11.547338729918513,100.0
8180,1,38.554404168039454,38.554404168039454,100.0
8180,2,49.898257102042045,49.898257102042045,100.0
8190,0,60.40723419405036,60.40723419405036,100.0
8190,1,12.887779801793005,12.887779801793005,100.0
8190,2,26.704986004156645,26.704986004156645,100.0
8200,0,22.963572721527306,22.963572721527306,100.0
8200,1,30.1151761913254,30.1151761913254,100.0
8200,2,46.9212510871473,46.9212510871473,100.0
8210,0,25.95710260482047,25.95710260482047,100.0
8210,1,30.007837813517547,30.007837813517547,100.0
8210,2,44.035059581662,44.035059581662,100.0
8220,0,23.290549941466676,23.290549941466676,100.0
8220,1,43.89685029947648,43.89685029947648,100.0
8220,2,32.81259975905685,32.81259975905685,100.0
8230,0,36.68947143566553,36.68947143566553,100.0
8230,1,33.483244880301505,33.483244880301505,100.0
8230,2,29.827283684032956,29.827283684032956,100.0
8240,0,41.55732059977716,41.55732059977716,100.0
8240,1,43.65024528517541,43.65024528517541,100.0
8240,2,14.792434115047426,14.792434115047426,100.0
8250,0,30.665469695186065,30.665469695186065,100.0
8250,1,28.24748198700459,28.24748198700459,100.0
8250,2,41.08704831780934,41.08704831780934,100.0
8260,0,23.63877091090442,23.63877091090442,100.0
8260,1,33.97266317911317,33.97266317911317,100.0
8260,2,42.388565909982425,42.388565909982425,100.0
8270,0,67.62018700373548,67.62018700373548,100.0
8270,1,17.00154821924434,17.00154821924434,100.0
8270,2,15.37826477702017,15.37826477702017,100.0
8280,0,28.262622053781588,28.262622053781588,100.0
8280,1,23.264876445905543,23.264876445905543,100.0
8280,2,48.47250150031287,48.47250150031287,100.0
8290,0,45.59097411626979,45.59097411626979,100.0
8290,1,14.306103542440846,14.306103542440846,100.0
8290,2,40.102922341289364,40.102922341289364,100.0
8300,0,67.66951534582107,67.66951534582107,100.0
8300,1,12.680427017516546,12.680427017516546,100.0
8300,2,19.650057636662392,19.650057636662392,100.0
8310,0,19.15056801443419,19.15056801443419,100.0
8310,1,16.00712945697648,16.00712945697648,100.0
8310,2,64.84230252858934,64.84230252858934,100.0
8320,0,70.45721585799481,70.45721585799481,100.0
8320,1,11.795513620714443,11.795513620714443,100.0
8320,2,17.747270521290755,17.747270521290755,100.0
8330,0,26.106128494823338,26.106128494823338,100.0
8330,1,49.76253188211336,49.76253188211336,100.0
8330,2,24.131339623063308,24.131339623063308,100.0
8340,0,42.74800781384964,42.74800781384964,100.0
8340,1,47.01853883117611,47.01853883117611,100.0
8340,2,10.23345335497426,10.23345335497426,100.0
8350,0,27.084500235427956,27.084500235427956,100.0
8350,1,26.784817364573087,26.784817364573087,100.0
8350,2,46.13068239999897,46.13068239999897,100.0
8360,0,18.751139366428994,18.751139366428994,100.0
8360,1,27.766936085530112,27.766936085530112,100.0
8360,2,53.481924548040894,53.481924548040894,100.0
8370,0,40.00939232714792,40.00939232714792,100.0
8370,1,22.12571366397672,22.12571366397672,100.0
8370,2,37.86489400887536,37.86489400887536,100.0
8380,0,62.57224339198941,62.57224339198941,100.0
8380,1,24.26739486659945,24.26739486659945,100.0
8380,2,13.160361741411144,13.160361741411144,100.0
8390,0,51.2260567830506,51.2260567830506,100.0
8390,1,12.979179891906792,12.979179891906792,100.0
8390,2,35.79476332504261,35.79476332504261,100.0
8400,0,20.24591278144682,20.24591278144682,100.0
8400,1,18.185849424325944,18.185849424325944,100.0
8400,2,61.56823779422723,61.56823779422723,100.0
8410,0,29.172088838325337,29.172088838325337,100.0
8410,1,28.450776662476233,28.450776662476233,100.0
8410,2,42.37713449919843,42.37713449919843,100.0
8420,0,67.39233371359363,67.39233371359363,100.0
8420,1,16.954048525657885,16.954048525657885,100.0
8420,2,15.653617760748489,15.653617760748489,100.0
8430,0,14.006590291281709,14.006590291281709,100.0
8430,1,40.01006067356021,40.01006067356021,100.0
8430,2,45.98334903515808,45.98334903515808,100.0
8440,0,48.11422980968001,48.11422980968001,100.0
8440,1,20.32001275356655,20.32001275356655,100.0
8440,2,31.56575743675345,31.56575743675345,100.0
8450,0,14.114405572182495,14.114405572182495,100.0
8450,1,46.66245157332049,46.66245157332049,100.0
8450,2,39.22314285449702,39.22314285449702,100.0
8460,0,23.839170069666476,23.839170069666476,100.0
8460,1,23.273817743872176,23.273817743872176,100.0
8460,2,52.88701218646135,52.88701218646135,100.0
8470,0,47.77123537267573,47.77123537267573,100.0
8470,1,32.0313979913887,32.0313979913887,100.0
8470,2,20.197366635935563,20.197366635935563,100.0
8480,0,41.60652089055331,41.60652089055331,100.0
8480,1,42.267668465193495,42.267668465193495,100.0
8480,2,16.1258106442532,16.1258106442532,100.0
8490,0,32.805275087873746,32.805275087873746,100.0
8490,1,19.292354204343372,19.292354204343372,100.0
8490,2,47.902370707782886,47.902370707782886,100.0
8500,0,30.539861510124606,30.539861510124606,100.0
8500,1,46.356716469729555,46.356716469729555,100.0
8500,2,23.103422020145835,23.103422020145835,100.0
8510,0,15.450645083057529,15.450645083057529,100.0
8510,1,14.136837584735046,14.136837584735046,100.0
8510,2,70.41251733220743,70.41251733220743,100.0
8520,0,41.42250836597896,41.42250836597896,100.0
8520,1,29.092087619568723,29.092087619568723,100.0
8520,2,29.485404014452328,29.485404014452328,100.0
8530,0,36.10564914822539,36.10564914822539,100.0
8530,1,20.91177289630895,20.91177289630895,100.0
8530,2,42.98257795546566,42.98257795546566,100.0
8540,0,33.12006388113522,33.12006388113522,100.0
8540,1,53.025365626290885,53.025365626290885,100.0
8540,2,13.85457049257389,13.85457049257389,100.0
8550,0,38.26416792202447,38.26416792202447,100.0
8550,1,10.0247452539502,10.0247452539502,100.0
8550,2,51.71108682402532,51.71108682402532,100.0
8560,0,35.2920086607261,35.2920086607261,100.0
8560,1,26.269961451973106,26.269961451973106,100.0
8560,2,38.4380298873008,38.4380298873008,100.0
8570,0,72.02158972127832,72.02158972127832,100.0
8570,1,12.16683063761283,12.16683063761283,100.0
8570,2,15.811579641108848,15.811579641108848,100.0
8580,0,29.825699657079426,29.825699657079426,100.0
8580,1,22.394597698326198,22.394597698326198,100.0
8580,2,47.77970264459438,47.77970264459438,100.0
8590,0,55.33235889979391,55.33235889979391,100.0
8590,1,29.721901238243536,29.721901238243536,100.0
8590,2,14.945739861962554,14.945739861962554,100.0
8600,0,56.281581796833834,56.281581796833834,100.0
8600,1,33.66885257255055,33.66885257255055,100.0
8600,2,10.049565630615607,10.049565630615607,100.0
8610,0,35.693735549811,35.693735549811,100.0
8610,1,24.04784355911053,24.04784355911053,100.0
8610,2,40.25842089107848,40.25842089107848,100.0
8620,0,60.49756478497367,60.49756478497367,100.0
8620,1,26.807774613659397,26.807774613659397,100.0
8620,2,12.69466060136693,12.69466060136693,100.0
8630,0,54.542220129853256,54.542220129853256,100.0
8630,1,18.849243085248972,18.849243085248972,100.0
8630,2,26.608536784897773,26.608536784897773,100.0
8640,0,35.759420797543385,35.759420797543385,100.0
8640,1,18.07042160254462,18.07042160254462,100.0
8640,2,46.170157599911995,46.170157599911995,100.0
8650,0,39.851596083884075,39.851596083884075,100.0
8650,1,27.907201736951304,27.907201736951304,100.0
8650,2,32.241202179164624,32.241202179164624,100.0
8660,0,69.26886682342051,69.26886682342051,100.0
8660,1,15.270258013534157,15.270258013534157,100.0
8660,2,15.460875163045323,15.460875163045323,100.0
8670,0,40.616934778511485,40.616934778511485,100.0
8670,1,41.31554722899264,41.31554722899264,100.0
8670,2,18.06751799249587,18.06751799249587,100.0
8680,0,44.63160233598991,44.63160233598991,100.0
8680,1,39.308461161163834,39.308461161163834,100.0
8680,2,16.059936502846263,16.059936502846263,100.0
8690,0,32.03311806849189,32.03311806849189,100.0
8690,1,41.724103188528225,41.724103188528225,100.0
8690,2,26.242778742979883,26.242778742979883,100.0
8700,0,41.546912372761184,41.546912372761184,100.0
8700,1,22.622343205595268,22.622343205595268,100.0
8700,2,35.83074442164354,35.83074442164354,100.0
8710,0,32.40463971038507,32.40463971038507,100.0
8710,1,49.585880820313974,49.585880820313974,100.0
8710,2,18.00947946930096,18.00947946930096,100.0
8720,0,39.69624295100239,39.69624295100239,100.0
8720,1,27.514173549182765,27.514173549182765,100.0
8720,2,32.78958349981484,32.78958349981484,100.0
8730,0,50.61728553864759,50.61728553864759,100.0
8730,1,8.019369923206582,8.019369923206582,100.0
8730,2,41.363344538145824,41.363344538145824,100.0
8740,0,34.371251158742446,34.371251158742446,100.0
8740,1,25.698571805982102,25.698571805982102,100.0
8740,2,39.93017703527546,39.93017703527546,100.0
8750,0,17.55734256460868,17.55734256460868,100.0
8750,1,35.57540446982415,35.57540446982415,100.0
8750,2,46.86725296556718,46.86725296556718,100.0
8760,0,24.210134438766566,24.210134438766566,100.0
8760,1,17.069525653533884,17.069525653533884,100.0
8760,2,58.72033990769955,58.72033990769955,100.0
8770,0,43.79636857149355,43.79636857149355,100.0
8770,1,9.752493885139344,9.752493885139344,100.0
8770,2,46.451137543367096,46.451137543367096,100.0
8780,0,14.37012707651645,14.37012707651645,100.0
8780,1,72.32642172037599,72.32642172037599,100.0
8780,2,13.303451203107555,13.303451203107555,100.0
8790,0,30.486910673828294,30.486910673828294,100.0
8790,1,26.76220379306251,26.76220379306251,100.0
8790,2,42.75088553310919,42.75088553310919,100.0
8800,0,37.38219523493443,37.38219523493443,100.0
8800,1,27.928998673456217,27.928998673456217,100.0
8800,2,34.68880609160935,34.68880609160935,100.0
8810,0,49.022234069142264,49.022234069142264,100.0
8810,1,15.665765607450943,15.665765607450943,100.0
8810,2,35.31200032340679,35.31200032340679,100.0
8820,0,44.980468497083706,44.980468497083706,100.0
8820,1,9.947076263587977,9.947076263587977,100.0
8820,2,45.07245523932832,45.07245523932832,100.0
8830,0,17.021167923388468,17.021167923388468,100.0
8830,1,54.25104848569771,54.25104848569771,100.0
8830,2,28.727783590913837,28.727783590913837,100.0
8840,0,23.863905725146534,23.863905725146534,100.0
8840,1,58.29009383459406,58.29009383459406,100.0
8840,2,17.84600044025941,17.84600044025941,100.0
8850,0,31.253071757534666,31.253071757534666,100.0
8850,1,38.778255318322394,38.778255318322394,100.0
8850,2,29.968672924142954,29.968672924142954,100.0
8860,0,18.480817378934713,18.480817378934713,100.0
8860,1,62.44802029187015,62.44802029187015,100.0
8860,2,19.07116232919514,19.07116232919514,100.0
8870,0,45.621726713495164,45.621726713495164,100.0
8870,1,22.116172015212403,22.116172015212403,100.0
8870,2,32.26210127129244,32.26210127129244,100.0
8880,0,24.94199477916234,24.94199477916234,100.0
8880,1,46.75886368936473,46.75886368936473,100.0
8880,2,28.299141531472934,28.299141531472934,100.0
8890,0,9.604013866985685,9.604013866985685,100.0
8890,1,53.41756041848318,53.41756041848318,100.0
8890,2,36.97842571453115,36.97842571453115,100.0
8900,0,35.206051218337855,35.206051218337855,100.0
8900,1,23.127521994775652,23.127521994775652,100.0
8900,2,41.666426786886504,41.666426786886504,100.0
8910,0,35.596750219825154,35.596750219825154,100.0
8910,1,25.79706891529101,25.79706891529101,100.0
8910,2,38.60618086488385,38.60618086488385,100.0
8920,0,24.0127234774084,24.0127234774084,100.0
8920,1,54.66148805215786,54.66148805215786,100.0
8920,2,21.325788470433746,21.325788470433746,100.0
8930,0,46.60630710703867,46.60630710703867,100.0
8930,1,46.80077110020097,46.80077110020097,100.0
8930,2,6.59292179276037,6.59292179276037,100.0
8940,0,15.694783660647122,15.694783660647122,100.0
8940,1,24.852421689640604,24.852421689640604,100.0
8940,2,59.45279464971228,59.45279464971228,100.0
8950,0,19.810485224428344,19.810485224428344,100.0
8950,1,55.98817394787577,55.98817394787577,100.0
8950,2,24.20134082769588,24.20134082769588,100.0
8960,0,31.49146744280522,31.49146744280522,100.0
8960,1,46.092009601471645,46.092009601471645,100.0
8960,2,22.416522955723128,22.416522955723128,100.0
8970,0,58.865946410681204,58.865946410681204,100.0
8970,1,19.04102546371257,19.04102546371257,100.0
8970,2,22.09302812560623,22.09302812560623,100.0
8980,0,28.27810653506249,28.27810653506249,100.0
8980,1,42.773509307367306,42.773509307367306,100.0
8980,2,28.94838415757021,28.94838415757021,100.0
8990,0,39.44462141891377,39.44462141891377,100.0
8990,1,18.953983325760788,18.953983325760788,100.0
8990,2,41.60139525532543,41.60139525532543,100.0
9000,0,21.975551993387626,21.975551993387626,100.0
9000,1,33.89795969548836,33.89795969548836,100.0
9000,2,44.12648831112402,44.12648831112402,100.0
9010,0,22.3859028332993,22.3859028332993,100.0
9010,1,37.075222478531266,37.075222478531266,100.0
9010,2,40.53887468816943,40.53887468816943,100.0
9020,0,25.895132326043214,25.895132326043214,100.0
9020,1,32.32640615750338,32.32640615750338,100.0
9020,2,41.778461516453405,41.778461516453405,100.0
9030,0,43.51143046040079,43.51143046040079,100.0
9030,1,20.665577462211594,20.665577462211594,100.0
9030,2,35.822992077387624,35.822992077387624,100.0
9040,0,12.927433478348545,12.927433478348545,100.0
9040,1,37.69550952913473,37.69550952913473,100.0
9040,2,49.37705699251672,49.37705699251672,100.0
9050,0,11.672614518871903,11.672614518871903,100.0
9050,1,18.107369705188614,18.107369705188614,100.0
9050,2,70.22001577593949,70.22001577593949,100.0
9060,0,19.770550471391633,19.770550471391633,100.0
9060,1,17.482232776284086,17.482232776284086,100.0
9060,2,62.747216752324285,62.747216752324285,100.0
9070,0,18.556964094002208,18.556964094002208,100.0
9070,1,59.4737766590487,59.4737766590487,100.0
9070,2,21.96925924694909,21.96925924694909,100.0
9080,0,54.46873764048211,54.46873764048211,100.0
9080,1,33.1018575035088,33.1018575035088,100.0
9080,2,12.42940485600908,12.42940485600908,100.0
9090,0,27.493871531004892,27.493871531004892,100.0
9090,1,28.329536514661598,28.329536514661598,100.0
9090,2,44.17659195433351,44.17659195433351,100.0
9100,0,17.29348089463678,17.29348089463678,100.0
9100,1,61.342157001075115,61.342157001075115,100.0
9100,2,21.364362104288105,21.364362104288105,100.0
9110,0,54.2609019070231,54.2609019070231,100.0
9110,1,35.54517306293089,35.54517306293089,100.0
9110,2,10.193925030046003,10.193925030046003,100.0
9120,0,54.525730127370565,54.525730127370565,100.0
9120,1,21.291665457226628,21.291665457226628,100.0
9120,2,24.182604415402803,24.182604415402803,100.0
9130,0,59.05889937842833,59.05889937842833,100.0
9130,1,16.210395572012136,16.210395572012136,100.0
9130,2,24.730705049559532,24.730705049559532,100.0
9140,0,19.465879634706262,19.465879634706262,100.0
9140,1,41.66569877128951,41.66569877128951,100.0
9140,2,38.868421594004225,38.868421594004225,100.0
9150,0,27.596435018897576,27.596435018897576,100.0
9150,1,26.120988873188672,26.120988873188672,100.0
9150,2,46.28257610791376,46.28257610791376,100.0
9160,0,37.89565782096867,37.89565782096867,100.0
9160,1,20.68349500008582,20.68349500008582,100.0
9160,2,41.4208471789455,41.4208471789455,100.0
9170,0,11.086236607149958,11.086236607149958,100.0
9170,1,27.146035035647838,27.146035035647838,100.0
9170,2,61.7677283572022,61.7677283572022,100.0
9180,0,26.709139694796825,26.709139694796825,100.0
9180,1,29.04420819965166,29.04420819965166,100.0
9180,2,44.24665210555152,44.24665210555152,100.0
9190,0,39.84948665431366,39.84948665431366,100.0
9190,1,20.86719465727036,20.86719465727036,100.0
9190,2,39.28331868841598,39.28331868841598,100.0
9200,0,35.411384267485126,35.411384267485126,100.0
9200,1,15.186670963436194,15.186670963436194,100.0
9200,2,49.401944769078696,49.401944769078696,100.0
9210,0,73.04043049272765,73.04043049272765,100.0
9210,1,13.774889417579308,13.774889417579308,100.0
9210,2,13.18468008969304,13.18468008969304,100.0
9220,0,7.16301157616485,7.16301157616485,100.0
9220,1,47.7247174601899,47.7247174601899,100.0
9220,2,45.11227096364525,45.11227096364525,100.0
9230,0,29.59479318255586,29.59479318255586,100.0
9230,1,48.43331910284958,48.43331910284958,100.0
9230,2,21.97188771459456,21.97188771459456,100.0
9240,0,50.78611482814578,50.78611482814578,100.0
9240,1,17.90787620573529,17.90787620573529,100.0
9240,2,31.30600896611893,31.30600896611893,100.0
9250,0,38.0129688856256,38.0129688856256,100.0
9250,1,34.777590297661945,34.777590297661945,100.0
9250,2,27.209440816712455,27.209440816712455,100.0
9260,0,48.250182809155746,48.250182809155746,100.0
9260,1,35.60203769334092,35.60203769334092,100.0
9260,2,16.147779497503333,16.147779497503333,100.0
9270,0,38.86009100254158,38.86009100254158,100.0
9270,1,8.749127843879577,8.749127843879577,100.0
9270,2,52.390781153578835,52.390781153578835,100.0
9280,0,14.501002631731458,14.501002631731458,100.0
9280,1,47.95916918508094,47.95916918508094,100.0
9280,2,37.539828183187595,37.539828183187595,100.0
9290,0,28.64134486126898,28.64134486126898,100.0
9290,1,35.159673966737614,35.159673966737614,100.0
9290,2,36.19898117199341,36.19898117199341,100.0
9300,0,45.10007415990769,45.10007415990769,100.0
9300,1,10.052127507241906,10.052127507241906,100.0
9300,2,44.8477983328504,44.8477983328504,100.0
9310,0,10.853943858449401,10.853943858449401,100.0
9310,1,42.754172984213895,42.754172984213895,100.0
9310,2,46.39188315733669,46.39188315733669,100.0
9320,0,53.812887529199436,53.812887529199436,100.0
9320,1,24.424139500921594,24.424139500921594,100.0
9320,2,21.762972969878973,21.762972969878973,100.0
9330,0,25.431776743946582,25.431776743946582,100.0
9330,1,16.253268017858215,16.253268017858215,100.0
9330,2,58.314955238195196,58.314955238195196,100.0
9340,0,63.402795139190246,63.402795139190246,100.0
9340,1,12.674926014162319,12.674926014162319,100.0
9340,2,23.922278846647426,23.922278846647426,100.0
9350,0,31.09259121227874,31.09259121227874,100.0
9350,1,22.02385947173095,22.02385947173095,100.0
9350,2,46.883549315990294,46.883549315990294,100.0
9360,0,52.25090787437933,52.25090787437933,100.0
9360,1,34.09323638928509,34.09323638928509,100.0
9360,2,13.655855736335583,13.655855736335583,100.0
9370,0,33.13896606677299,33.13896606677299,100.0
9370,1,28.92617251017459,28.92617251017459,100.0
9370,2,37.93486142305243,37.93486142305243,100.0
9380,0,18.8981313492509,18.8981313492509,100.0
9380,1,23.425360270312844,23.425360270312844,100.0
9380,2,57.67650838043627,57.67650838043627,100.0
9390,0,34.405996444397665,34.405996444397665,100.0
9390,1,35.36351016036882,35.36351016036882,100.0
9390,2,30.23049339523351,30.23049339523351,100.0
9400,0,60.28237578093171,60.28237578093171,100.0
9400,1,24.388923079488244,24.388923079488244,100.0
9400,2,15.328701139580042,15.328701139580042,100.0
9410,0,38.850571037408905,38.850571037408905,100.0
9410,1,11.784056018785044,11.784056018785044,100.0
9410,2,49.36537294380606,49.36537294380606,100.0
9420,0,10.732219579987072,10.732219579987072,100.0
9420,1,50.32469250256403,50.32469250256403,100.0
9420,2,38.9430879174489,38.9430879174489,100.0
9430,0,9.651085002479803,9.651085002479803,100.0
9430,1,24.55643097662506,24.55643097662506,100.0
9430,2,65.79248402089513,65.79248402089513,100.0
9440,0,28.243698441961108,28.243698441961108,100.0
9440,1,26.689913630092587,26.689913630092587,100.0
9440,2,45.06638792794631,45.06638792794631,100.0
9450,0,69.28393805754467,69.28393805754467,100.0
9450,1,15.587621574380925,15.587621574380925,100.0
9450,2,15.128440368074406,15.128440368074406,100.0
9460,0,15.472467538231328,15.472467538231328,100.0
9460,1,44.33021127297033,44.33021127297033,100.0
9460,2,40.19732118879835,40.19732118879835,100.0
9470,0,19.445886063805904,19.445886063805904,100.0
9470,1,62.54356325670582,62.54356325670582,100.0
9470,2,18.010550679488276,18.010550679488276,100.0
9480,0,25.812524820794604,25.812524820794604,100.0
9480,1,33.23628916536603,33.23628916536603,100.0
9480,2,40.95118601383936,40.95118601383936,100.0
9490,0,48.63493928431384,48.63493928431384,100.0
9490,1,41.24586159279976,41.24586159279976,100.0
9490,2,10.119199122886398,10.119199122886398,100.0
9500,0,29.97571732180946,29.97571732180946,100.0
9500,1,33.24909345365618,33.24909345365618,100.0
9500,2,36.77518922453436,36.77518922453436,100.0
9510,0,17.823252349338947,17.823252349338947,100.0
9510,1,11.571705573378793,11.571705573378793,100.0
9510,2,70.60504207728226,70.60504207728226,100.0
9520,0,41.72404239570609,41.72404239570609,100.0
9520,1,24.426334661617197,24.426334661617197,100.0
9520,2,33.84962294267672,33.84962294267672,100.0
9530,0,62.650368362613776,62.650368362613776,100.0
9530,1,14.342124680135438,14.342124680135438,100.0
9530,2,23.00750695725079,23.00750695725079,100.0
9540,0,27.011553385872705,27.011553385872705,100.0
9540,1,32.3751731494269,32.3751731494269,100.0
9540,2,40.6132734647004,40.6132734647004,100.0
9550,0,39.94652832126108,39.94652832126108,100.0
9550,1,9.970909899344795,9.970909899344795,100.0
9550,2,50.08256177939413,50.08256177939413,100.0
9560,0,21.34501153089795,21.34501153089795,100.0
9560,1,15.709443749396879,15.709443749396879,100.0
9560,2,62.94554471970518,62.94554471970518,100.0
9570,0,33.31769724172267,33.31769724172267,100.0
9570,1,29.402354963387022,29.402354963387022,100.0
9570,2,37.2799477948903,37.2799477948903,100.0
9580,0,32.817258457098866,32.817258457098866,100.0
9580,1,19.16110308942548,19.16110308942548,100.0
9580,2,48.02163845347565,48.02163845347565,100.0
9590,0,46.1159573263659,46.1159573263659,100.0
9590,1,12.829272591045457,12.829272591045457,100.0
9590,2,41.05477008258864,41.05477008258864,100.0
9600,0,56.1247728896507,56.1247728896507,100.0
9600,1,27.33345359364453,27.33345359364453,100.0
9600,2,16.541773516704765,16.541773516704765,100.0
9610,0,57.13636360174779,57.13636360174779,100.0
9610,1,16.06579585212724,16.06579585212724,100.0
9610,2,26.797840546124966,26.797840546124966,100.0
9620,0,30.552730219791812,30.552730219791812,100.0
9620,1,21.7585775469549,21.7585775469549,100.0
9620,2,47.68869223325329,47.68869223325329,100.0
9630,0,36.62826362428454,36.62826362428454,100.0
9630,1,21.117429995742167,21.117429995742167,100.0
9630,2,42.2543063799733,42.2543063799733,100.0
9640,0,19.596107070449065,19.596107070449065,100.0
9640,1,61.2737796579933,61.2737796579933,100.0
9640,2,19.130113271557633,19.130113271557633,100.0
9650,0,61.02829963289149,61.02829963289149,100.0
9650,1,25.822259958876657,25.822259958876657,100.0
9650,2,13.149440408231856,13.149440408231856,100.0
9660,0,30.660191874043797,30.660191874043797,100.0
9660,1,12.567234916262048,12.567234916262048,100.0
9660,2,56.772573209694166,56.772573209694166,100.0
9670,0,59.621999706307705,59.621999706307705,100.0
9670,1,23.072796298481357,23.072796298481357,100.0
9670,2,17.30520399521094,17.30520399521094,100.0
9680,0,46.61790672159671,46.61790672159671,100.0
9680,1,24.738029501589843,24.738029501589843,100.0
9680,2,28.64406377681345,28.64406377681345,100.0
9690,0,34.248063633477905,34.248063633477905,100.0
9690,1,21.819824207221785,21.819824207221785,100.0
9690,2,43.93211215930031,43.93211215930031,100.0
9700,0,30.504049832243098,30.504049832243098,100.0
9700,1,24.802554220084392,24.802554220084392,100.0
9700,2,44.693395947672514,44.693395947672514,100.0
9710,0,15.168929459748293,15.168929459748293,100.0
9710,1,54.16970416844647,54.16970416844647,100.0
9710,2,30.661366371805236,30.661366371805236,100.0
9720,0,11.955763492578358,11.955763492578358,100.0
9720,1,74.48050032840372,74.48050032840372,100.0
9720,2,13.563736179017924,13.563736179017924,100.0
9730,0,19.610313650388054,19.610313650388054,100.0
9730,1,42.8870223418657,42.8870223418657,100.0
9730,2,37.50266400774626,37.50266400774626,100.0
9740,0,31.232756849367295,31.232756849367295,100.0
9740,1,35.092681914236934,35.092681914236934,100.0
9740,2,33.674561236395775,33.674561236395775,100.0
9750,0,49.33630922591622,49.33630922591622,100.0
9750,1,9.821179749132765,9.821179749132765,100.0
9750,2,40.84251102495103,40.84251102495103,100.0
9760,0,33.453951693299885,33.453951693299885,100.0
9760,1,17.36377806123666,17.36377806123666,100.0
9760,2,49.18227024546346,49.18227024546346,100.0
9770,0,21.230633446568756,21.230633446568756,100.0
9770,1,35.95116782785236,35.95116782785236,100.0
9770,2,42.818198725578895,42.818198725578895,100.0
9780,0,46.48264563692345,46.48264563692345,100.0
9780,1,38.67275984952817,38.67275984952817,100.0
9780,2,14.844594513548378,14.844594513548378,100.0
9790,0,17.444038887492276,17.444038887492276,100.0
9790,1,37.969648099166065,37.969648099166065,100.0
9790,2,44.58631301334166,44.58631301334166,100.0
9800,0,50.899946708892955,50.899946708892955,100.0
9800,1,33.23354397975646,33.23354397975646,100.0
9800,2,15.866509311350585,15.866509311350585,100.0
9810,0,14.270441741856022,14.270441741856022,100.0
9810,1,17.83135661210875,17.83135661210875,100.0
9810,2,67.89820164603523,67.89820164603523,100.0
9820,0,47.525251302469115,47.525251302469115,100.0
9820,1,10.758451583184351,10.758451583184351,100.0
9820,2,41.71629711434653,41.71629711434653,100.0
9830,0,17.513162536940605,17.513162536940605,100.0
9830,1,38.57550036151922,38.57550036151922,100.0
9830,2,43.911337101540184,43.911337101540184,100.0
9840,0,73.9555221774921,73.9555221774921,100.0
9840,1,13.229423483414784,13.229423483414784,100.0
9840,2,12.815054339093104,12.815054339093104,100.0
9850,0,50.93835244540257,50.93835244540257,100.0
9850,1,17.18353346420599,17.18353346420599,100.0
9850,2,31.878114090391435,31.878114090391435,100.0
9860,0,10.567119012782051,10.567119012782051,100.0
9860,1,42.65347733006315,42.65347733006315,100.0
9860,2,46.77940365715481,46.77940365715481,100.0
9870,0,25.865698539486708,25.865698539486708,100.0
9870,1,20.93008884624768,20.93008884624768,100.0
9870,2,53.204212614265614,53.204212614265614,100.0
9880,0,7.319495136295591,7.319495136295591,100.0
9880,1,48.424377259536165,48.424377259536165,100.0
9880,2,44.256127604168256,44.256127604168256,100.0
9890,0,10.84736027400712,10.84736027400712,100.0
9890,1,26.236765048473202,26.236765048473202,100.0
9890,2,62.91587467751968,62.91587467751968,100.0
9900,0,44.15518187243421,44.15518187243421,100.0
9900,1,29.367002411749237,29.367002411749237,100.0
9900,2,26.47781571581656,26.47781571581656,100.0
9910,0,19.15980771433005,19.15980771433005,100.0
9910,1,39.12245395253503,39.12245395253503,100.0
9910,2,41.71773833313492,41.71773833313492,100.0
9920,0,30.747660953391087,30.747660953391087,100.0
9920,1,21.107622782962835,21.107622782962835,100.0
9920,2,48.14471626364608,48.14471626364608,100.0
9930,0,33.900109445661954,33.900109445661954,100.0
9930,1,26.64803078533813,26.64803078533813,100.0
9930,2,39.451859768999924,39.451859768999924,100.0
9940,0,47.761839411811366,47.761839411811366,100.0
9940,1,10.597420422425554,10.597420422425554,100.0
9940,2,41.64074016576308,41.64074016576308,100.0
9950,0,51.906384796961355,51.906384796961355,100.0
9950,1,29.856804585706183,29.856804585706183,100.0
9950,2,18.23681061733246,18.23681061733246,100.0
9960,0,19.586429923368495,19.586429923368495,100.0
9960,1,41.614920078962534,41.614920078962534,100.0
9960,2,38.798649997668974,38.798649997668974,100.0
9970,0,24.39356644243041,24.39356644243041,100.0
9970,1,29.168542116040314,29.168542116040314,100.0
9970,2,46.43789144152928,46.43789144152928,100.0
9980,0,51.186963306875676,51.186963306875676,100.0
9980,1,22.837345517769577,22.837345517769577,100.0
9980,2,25.975691175354758,25.975691175354758,100.0
9990,0,41.069764170779294,41.069764170779294,100.0
9990,1,24.76890047519899,24.76890047519899,100.0
9990,2,34.16133535402172,34.16133535402172,100.0
