timestamp,sliceId,dedicatedPRB,minPRB,maxPRB
510,0,19.239784945735433,19.239784945735433,100.0
510,1,11.528545020911972,11.528545020911972,100.0
510,2,69.2316700333526,69.2316700333526,100.0
520,0,21.097091008427306,21.097091008427306,100.0
520,1,31.617654196756558,31.617654196756558,100.0
520,2,47.28525479481614,47.28525479481614,100.0
530,0,53.03860544469299,53.03860544469299,100.0
530,1,26.227062391637446,26.227062391637446,100.0
530,2,20.73433216366957,20.73433216366957,100.0
540,0,29.51519616627084,29.51519616627084,100.0
540,1,47.63548364420265,47.63548364420265,100.0
540,2,22.849320189526505,22.849320189526505,100.0
550,0,8.187822247437184,8.187822247437184,100.0
550,1,37.58208323394369,37.58208323394369,100.0
550,2,54.23009451861913,54.23009451861913,100.0
560,0,44.81787180608311,44.81787180608311,100.0
560,1,20.64906807564722,20.64906807564722,100.0
560,2,34.533060118269674,34.533060118269674,100.0
570,0,13.92127063603171,13.92127063603171,100.0
570,1,15.320883643499272,15.320883643499272,100.0
570,2,70.75784572046902,70.75784572046902,100.0
580,0,15.879307046258567,15.879307046258567,100.0
580,1,60.26548164622418,60.26548164622418,100.0
580,2,23.85521130751726,23.85521130751726,100.0
590,0,34.34747629727076,34.34747629727076,100.0
590,1,50.711332994503685,50.711332994503685,100.0
590,2,14.941190708225548,14.941190708225548,100.0
600,0,40.22574386107195,40.22574386107195,100.0
600,1,17.215211284626957,17.215211284626957,100.0
600,2,42.55904485430109,42.55904485430109,100.0
610,0,43.36876058669184,43.36876058669184,100.0
610,1,18.422621431301817,18.422621431301817,100.0
610,2,38.208617982006345,38.208617982006345,100.0
620,0,39.265669377366,39.265669377366,100.0
620,1,35.22415562226298,35.22415562226298,100.0
620,2,25.51017500037102,25.51017500037102,100.0
630,0,13.97556513047172,13.97556513047172,100.0
630,1,14.440839784200229,14.440839784200229,100.0
630,2,71.58359508532806,71.58359508532806,100.0
640,0,48.368133579443786,48.368133579443786,100.0
640,1,16.187798956134316,16.187798956134316,100.0
640,2,35.444067464421906,35.444067464421906,100.0
650,0,32.536974603674174,32.536974603674174,100.0
650,1,22.128069576690436,22.128069576690436,100.0
650,2,45.33495581963539,45.33495581963539,100.0
660,0,25.38281363607457,25.38281363607457,100.0
660,1,26.767202291924185,26.767202291924185,100.0
660,2,47.84998407200124,47.84998407200124,100.0
670,0,17.33120399084967,17.33120399084967,100.0
670,1,44.66347510315552,44.66347510315552,100.0
670,2,38.005320905994814,38.005320905994814,100.0
680,0,43.07397336033498,43.07397336033498,100.0
680,1,44.12304497351326,44.12304497351326,100.0
680,2,12.802981666151766,12.802981666151766,100.0
690,0,11.208622970436597,11.208622970436597,100.0
690,1,11.79511093096264,11.79511093096264,100.0
690,2,76.99626609860077,76.99626609860077,100.0
700,0,21.88543878759529,21.88543878759529,100.0
700,1,33.31440513706043,33.31440513706043,100.0
700,2,44.80015607534428,44.80015607534428,100.0
710,0,48.76435176285538,48.76435176285538,100.0
710,1,38.38274401290632,38.38274401290632,100.0
710,2,12.852904224238298,12.852904224238298,100.0
720,0,21.094914208324976,21.094914208324976,100.0
720,1,20.87816227321545,20.87816227321545,100.0
720,2,58.02692351845958,58.02692351845958,100.0
730,0,23.025390115004313,23.025390115004313,100.0
730,1,30.689183991417924,30.689183991417924,100.0
730,2,46.28542589357777,46.28542589357777,100.0
740,0,33.72824186661483,33.72824186661483,100.0
740,1,21.912935916830566,21.912935916830566,100.0
740,2,44.358822216554614,44.358822216554614,100.0
750,0,11.414035983944084,11.414035983944084,100.0
750,1,11.535595745400055,11.535595745400055,100.0
750,2,77.05036827065585,77.05036827065585,100.0
760,0,24.201351706424276,24.201351706424276,100.0
760,1,59.08561221914606,59.08561221914606,100.0
760,2,16.713036074429663,16.713036074429663,100.0
770,0,53.30337220136953,53.30337220136953,100.0
770,1,11.846891495566448,11.846891495566448,100.0
770,2,34.84973630306404,34.84973630306404,100.0
780,0,19.14099230975198,19.14099230975198,100.0
780,1,65.3492385402524,65.3492385402524,100.0
780,2,15.509769149995625,15.509769149995625,100.0
790,0,43.47659274440573,43.47659274440573,100.0
790,1,25.73728264953803,25.73728264953803,100.0
790,2,30.786124606056248,30.786124606056248,100.0
800,0,14.060128429974354,14.060128429974354,100.0
800,1,71.32071440664525,71.32071440664525,100.0
800,2,14.619157163380395,14.619157163380395,100.0
810,0,10.644332625081274,10.644332625081274,100.0
810,1,15.577168319761045,15.577168319761045,100.0
810,2,73.77849905515768,73.77849905515768,100.0
820,0,45.48424855555679,45.48424855555679,100.0
820,1,31.613231368755297,31.613231368755297,100.0
820,2,22.902520075687903,22.902520075687903,100.0
830,0,23.85035110847867,23.85035110847867,100.0
830,1,38.30483101132997,38.30483101132997,100.0
830,2,37.84481788019138,37.84481788019138,100.0
840,0,23.790052406179903,23.790052406179903,100.0
840,1,39.25386624556984,39.25386624556984,100.0
840,2,36.95608134825025,36.95608134825025,100.0
850,0,28.750779640835816,28.750779640835816,100.0
850,1,55.034830396782276,55.034830396782276,100.0
850,2,16.214389962381922,16.214389962381922,100.0
860,0,20.902081027581094,20.902081027581094,100.0
860,1,55.06897789585289,55.06897789585289,100.0
860,2,24.028941076566028,24.028941076566028,100.0
870,0,14.520903478796171,14.520903478796171,100.0
870,1,11.700432503906779,11.700432503906779,100.0
870,2,73.77866401729705,73.77866401729705,100.0
880,0,63.3368315522436,63.3368315522436,100.0
880,1,18.90851259468166,18.90851259468166,100.0
880,2,17.75465585307475,17.75465585307475,100.0
890,0,15.885334164814024,15.885334164814024,100.0
890,1,17.755072711539015,17.755072711539015,100.0
890,2,66.35959312364696,66.35959312364696,100.0
900,0,39.18027655911739,39.18027655911739,100.0
900,1,38.44965519556528,38.44965519556528,100.0
900,2,22.370068245317327,22.370068245317327,100.0
910,0,13.888705678424266,13.888705678424266,100.0
910,1,57.55702914562551,57.55702914562551,100.0
910,2,28.554265175950217,28.554265175950217,100.0
920,0,29.81266417682204,29.81266417682204,100.0
920,1,24.13118508551087,24.13118508551087,100.0
920,2,46.056150737667096,46.056150737667096,100.0
930,0,13.465029536179852,13.465029536179852,100.0
930,1,14.73282697191875,14.73282697191875,100.0
930,2,71.8021434919014,71.8021434919014,100.0
940,0,28.40810392136351,28.40810392136351,100.0
940,1,16.991160625139003,16.991160625139003,100.0
940,2,54.600735453497485,54.600735453497485,100.0
950,0,17.769929818949066,17.769929818949066,100.0
950,1,19.63402894729927,19.63402894729927,100.0
950,2,62.59604123375166,62.59604123375166,100.0
960,0,41.840537179661865,41.840537179661865,100.0
960,1,35.15092305073188,35.15092305073188,100.0
960,2,23.008539769606255,23.008539769606255,100.0
970,0,35.306467961448135,35.306467961448135,100.0
970,1,34.387029288223694,34.387029288223694,100.0
970,2,30.306502750328175,30.306502750328175,100.0
980,0,17.839624117963936,17.839624117963936,100.0
980,1,58.143347227458456,58.143347227458456,100.0
980,2,24.017028654577615,24.017028654577615,100.0
990,0,11.301355385095588,11.301355385095588,100.0
990,1,16.03228431160459,16.03228431160459,100.0
990,2,72.66636030329983,72.66636030329983,100.0
1000,0,15.246158791386991,15.246158791386991,100.0
1000,1,71.13892346475782,71.13892346475782,100.0
1000,2,13.614917743855193,13.614917743855193,100.0
1010,0,12.810245716885266,12.810245716885266,100.0
1010,1,50.35026070433748,50.35026070433748,100.0
1010,2,36.83949357877725,36.83949357877725,100.0
1020,0,16.584138015313595,16.584138015313595,100.0
1020,1,19.49787285303541,19.49787285303541,100.0
1020,2,63.917989131651,63.917989131651,100.0
1030,0,42.13378839395139,42.13378839395139,100.0
1030,1,42.72754750130884,42.72754750130884,100.0
1030,2,15.138664104739757,15.138664104739757,100.0
1040,0,31.357761384181558,31.357761384181558,100.0
1040,1,36.33485558367977,36.33485558367977,100.0
1040,2,32.307383032138674,32.307383032138674,100.0
1050,0,14.981053561552606,14.981053561552606,100.0
1050,1,15.8329652062491,15.8329652062491,100.0
1050,2,69.18598123219829,69.18598123219829,100.0
1060,0,31.03047972397291,31.03047972397291,100.0
1060,1,40.94060986368133,40.94060986368133,100.0
1060,2,28.028910412345766,28.028910412345766,100.0
1070,0,18.035566930031447,18.035566930031447,100.0
1070,1,56.80677453379538,56.80677453379538,100.0
1070,2,25.157658536173177,25.157658536173177,100.0
1080,0,20.109371321187268,20.109371321187268,100.0
1080,1,35.313735784656345,35.313735784656345,100.0
1080,2,44.576892894156394,44.576892894156394,100.0
1090,0,14.341310392327703,14.341310392327703,100.0
1090,1,71.99874444566473,71.99874444566473,100.0
1090,2,13.659945162007576,13.659945162007576,100.0
1100,0,36.664902699697315,36.664902699697315,100.0
1100,1,49.06265628869196,49.06265628869196,100.0
1100,2,14.272441011610725,14.272441011610725,100.0
1110,0,20.02625562694122,20.02625562694122,100.0
1110,1,14.71980670996893,14.71980670996893,100.0
1110,2,65.25393766308984,65.25393766308984,100.0
1120,0,14.263900193599472,14.263900193599472,100.0
1120,1,21.216676702852038,21.216676702852038,100.0
1120,2,64.5194231035485,64.5194231035485,100.0
1130,0,28.144038436348236,28.144038436348236,100.0
1130,1,29.916769275723038,29.916769275723038,100.0
1130,2,41.939192287928726,41.939192287928726,100.0
1140,0,15.05426585382195,15.05426585382195,100.0
1140,1,16.698183252775888,16.698183252775888,100.0
1140,2,68.24755089340216,68.24755089340216,100.0
1150,0,18.96400300885715,18.96400300885715,100.0
1150,1,16.538505893185114,16.538505893185114,100.0
1150,2,64.49749109795773,64.49749109795773,100.0
1160,0,32.43475651541525,32.43475651541525,100.0
1160,1,16.24257876738558,16.24257876738558,100.0
1160,2,51.32266471719916,51.32266471719916,100.0
1170,0,12.439625593396416,12.439625593396416,100.0
1170,1,12.254230311622072,12.254230311622072,100.0
1170,2,75.30614409498152,75.30614409498152,100.0
1180,0,32.03147190139628,32.03147190139628,100.0
1180,1,9.971023606042534,9.971023606042534,100.0
1180,2,57.99750449256118,57.99750449256118,100.0
1190,0,57.057800832540494,57.057800832540494,100.0
1190,1,15.87847731807214,15.87847731807214,100.0
1190,2,27.063721849387374,27.063721849387374,100.0
1200,0,13.222816981127794,13.222816981127794,100.0
1200,1,15.373169093716383,15.373169093716383,100.0
1200,2,71.40401392515582,71.40401392515582,100.0
1210,0,11.636047617568627,11.636047617568627,100.0
1210,1,69.25929456913615,69.25929456913615,100.0
1210,2,19.104657813295237,19.104657813295237,100.0
1220,0,46.470858206739116,46.470858206739116,100.0
1220,1,32.25564347635042,32.25564347635042,100.0
1220,2,21.273498316910473,21.273498316910473,100.0
1230,0,11.707010988652105,11.707010988652105,100.0
1230,1,12.331271156303805,12.331271156303805,100.0
1230,2,75.9617178550441,75.9617178550441,100.0
1240,0,19.71366292007451,19.71366292007451,100.0
1240,1,51.20757337175973,51.20757337175973,100.0
1240,2,29.07876370816575,29.07876370816575,100.0
1250,0,17.482948400052422,17.482948400052422,100.0
1250,1,16.162339218903774,16.162339218903774,100.0
1250,2,66.3547123810438,66.3547123810438,100.0
1260,0,35.432865648647905,35.432865648647905,100.0
1260,1,21.38661786618551,21.38661786618551,100.0
1260,2,43.18051648516658,43.18051648516658,100.0
1270,0,15.296672347013807,15.296672347013807,100.0
1270,1,25.072881593292134,25.072881593292134,100.0
1270,2,59.63044605969405,59.63044605969405,100.0
1280,0,33.73000849818787,33.73000849818787,100.0
1280,1,29.369586320471296,29.369586320471296,100.0
1280,2,36.90040518134084,36.90040518134084,100.0
1290,0,25.437002872139335,25.437002872139335,100.0
1290,1,22.259908914404203,22.259908914404203,100.0
1290,2,52.30308821345646,52.30308821345646,100.0
1300,0,20.33733486230089,20.33733486230089,100.0
1300,1,53.763042937922165,53.763042937922165,100.0
1300,2,25.899622199776946,25.899622199776946,100.0
1310,0,43.6417496633189,43.6417496633189,100.0
1310,1,37.37335937050289,37.37335937050289,100.0
1310,2,18.984890966178224,18.984890966178224,100.0
1320,0,21.698881772294012,21.698881772294012,100.0
1320,1,13.769289598710568,13.769289598710568,100.0
1320,2,64.53182862899543,64.53182862899543,100.0
1330,0,21.417341268378067,21.417341268378067,100.0
1330,1,39.40735311842886,39.40735311842886,100.0
1330,2,39.17530561319308,39.17530561319308,100.0
1340,0,21.739032464786803,21.739032464786803,100.0
1340,1,33.12546591994487,33.12546591994487,100.0
1340,2,45.135501615268325,45.135501615268325,100.0
1350,0,16.313414619553942,16.313414619553942,100.0
1350,1,16.20489477538798,16.20489477538798,100.0
1350,2,67.48169060505808,67.48169060505808,100.0
1360,0,14.22624962186263,14.22624962186263,100.0
1360,1,37.47829490395383,37.47829490395383,100.0
1360,2,48.295455474183555,48.295455474183555,100.0
1370,0,45.30071372111901,45.30071372111901,100.0
1370,1,41.8331282871752,41.8331282871752,100.0
1370,2,12.866157991705792,12.866157991705792,100.0
1380,0,69.65182423008619,69.65182423008619,100.0
1380,1,14.169409675026365,14.169409675026365,100.0
1380,2,16.17876609488745,16.17876609488745,100.0
1390,0,32.069396489547294,32.069396489547294,100.0
1390,1,47.70664112999724,47.70664112999724,100.0
1390,2,20.223962380455472,20.223962380455472,100.0
1400,0,49.24043332995258,49.24043332995258,100.0
1400,1,31.57273387208543,31.57273387208543,100.0
1400,2,19.18683279796198,19.18683279796198,100.0
1410,0,12.231751887670383,12.231751887670383,100.0
1410,1,13.754298191037147,13.754298191037147,100.0
1410,2,74.01394992129246,74.01394992129246,100.0
1420,0,74.02056609897215,74.02056609897215,100.0
1420,1,11.60180879603799,11.60180879603799,100.0
1420,2,14.377625104989859,14.377625104989859,100.0
1430,0,10.477229799784691,10.477229799784691,100.0
1430,1,43.99431271279164,43.99431271279164,100.0
1430,2,45.52845748742367,45.52845748742367,100.0
1440,0,14.81350209291137,14.81350209291137,100.0
1440,1,25.237202089380766,25.237202089380766,100.0
1440,2,59.949295817707856,59.949295817707856,100.0
1450,0,32.235866761138645,32.235866761138645,100.0
1450,1,33.553699034796544,33.553699034796544,100.0
1450,2,34.2104342040648,34.2104342040648,100.0
1460,0,14.675951682009778,14.675951682009778,100.0
1460,1,73.15142069996159,73.15142069996159,100.0
1460,2,12.17262761802863,12.17262761802863,100.0
1470,0,14.09601919330832,14.09601919330832,100.0
1470,1,22.01325853018632,22.01325853018632,100.0
1470,2,63.890722276505365,63.890722276505365,100.0
1480,0,46.01999044169606,46.01999044169606,100.0
1480,1,17.724527660974665,17.724527660974665,100.0
1480,2,36.255481897329275,36.255481897329275,100.0
1490,0,42.840079509111526,42.840079509111526,100.0
1490,1,19.482778415125583,19.482778415125583,100.0
1490,2,37.6771420757629,37.6771420757629,100.0
1500,0,26.94410068312764,26.94410068312764,100.0
1500,1,46.2743272535534,46.2743272535534,100.0
1500,2,26.781572063318954,26.781572063318954,100.0
1510,0,15.673152868350037,15.673152868350037,100.0
1510,1,14.402490233394222,14.402490233394222,100.0
1510,2,69.92435689825574,69.92435689825574,100.0
1520,0,17.120617319473677,17.120617319473677,100.0
1520,1,33.64654552465128,33.64654552465128,100.0
1520,2,49.23283715587505,49.23283715587505,100.0
1530,0,11.349897777369335,11.349897777369335,100.0
1530,1,11.167676434402717,11.167676434402717,100.0
1530,2,77.48242578822794,77.48242578822794,100.0
1540,0,35.45448244276647,35.45448244276647,100.0
1540,1,27.29064888135336,27.29064888135336,100.0
1540,2,37.254868675880175,37.254868675880175,100.0
1550,0,38.64702021219399,38.64702021219399,100.0
1550,1,36.398796645784024,36.398796645784024,100.0
1550,2,24.954183142021975,24.954183142021975,100.0
1560,0,24.63856817186526,24.63856817186526,100.0
1560,1,33.04358065217582,33.04358065217582,100.0
1560,2,42.31785117595893,42.31785117595893,100.0
1570,0,51.29011649153231,51.29011649153231,100.0
1570,1,21.17905235893672,21.17905235893672,100.0
1570,2,27.530831149530965,27.530831149530965,100.0
1580,0,34.28920546816841,34.28920546816841,100.0
1580,1,20.085337196812663,20.085337196812663,100.0
1580,2,45.62545733501893,45.62545733501893,100.0
1590,0,11.613303554026302,11.613303554026302,100.0
1590,1,11.807751930521798,11.807751930521798,100.0
1590,2,76.5789445154519,76.5789445154519,100.0
1600,0,34.179383992669884,34.179383992669884,100.0
1600,1,30.828113431754815,30.828113431754815,100.0
1600,2,34.99250257557531,34.99250257557531,100.0
1610,0,17.610599918753582,17.610599918753582,100.0
1610,1,63.36196962851385,63.36196962851385,100.0
1610,2,19.027430452732563,19.027430452732563,100.0
1620,0,11.457863813301877,11.457863813301877,100.0
1620,1,29.91852830036768,29.91852830036768,100.0
1620,2,58.62360788633044,58.62360788633044,100.0
1630,0,17.32707180779622,17.32707180779622,100.0
1630,1,30.908754131344907,30.908754131344907,100.0
1630,2,51.76417406085888,51.76417406085888,100.0
1640,0,37.965307435742496,37.965307435742496,100.0
1640,1,31.030472604485,31.030472604485,100.0
1640,2,31.004219959772506,31.004219959772506,100.0
1650,0,22.81114146955259,22.81114146955259,100.0
1650,1,23.117274067334247,23.117274067334247,100.0
1650,2,54.07158446311316,54.07158446311316,100.0
1660,0,16.09100196925859,16.09100196925859,100.0
1660,1,39.542216770118856,39.542216770118856,100.0
1660,2,44.36678126062255,44.36678126062255,100.0
1670,0,16.011206167428742,16.011206167428742,100.0
1670,1,16.896958114038885,16.896958114038885,100.0
1670,2,67.09183571853238,67.09183571853238,100.0
1680,0,39.6124372613877,39.6124372613877,100.0
1680,1,48.47809803896398,48.47809803896398,100.0
1680,2,11.909464699648337,11.909464699648337,100.0
1690,0,25.508587597484496,25.508587597484496,100.0
1690,1,20.07361782298092,20.07361782298092,100.0
1690,2,54.417794579534586,54.417794579534586,100.0
1700,0,18.715183839067727,18.715183839067727,100.0
1700,1,11.178802971903343,11.178802971903343,100.0
1700,2,70.10601318902893,70.10601318902893,100.0
1710,0,17.87493940694412,17.87493940694412,100.0
1710,1,15.89072964563583,15.89072964563583,100.0
1710,2,66.23433094742006,66.23433094742006,100.0
1720,0,23.813822285206708,23.813822285206708,100.0
1720,1,53.78389887944095,53.78389887944095,100.0
1720,2,22.402278835352345,22.402278835352345,100.0
1730,0,44.41501963151296,44.41501963151296,100.0
1730,1,23.038889185005562,23.038889185005562,100.0
1730,2,32.54609118348149,32.54609118348149,100.0
1740,0,16.948591973559417,16.948591973559417,100.0
1740,1,54.1074441998443,54.1074441998443,100.0
1740,2,28.943963826596292,28.943963826596292,100.0
1750,0,13.532336847865142,13.532336847865142,100.0
1750,1,57.202049101310074,57.202049101310074,100.0
1750,2,29.26561405082479,29.26561405082479,100.0
1760,0,45.75669584320457,45.75669584320457,100.0
1760,1,19.088035757066304,19.088035757066304,100.0
1760,2,35.15526839972913,35.15526839972913,100.0
1770,0,14.741052333417148,14.741052333417148,100.0
1770,1,16.218731615093155,16.218731615093155,100.0
1770,2,69.0402160514897,69.0402160514897,100.0
1780,0,32.42753453888148,32.42753453888148,100.0
1780,1,45.27800401688086,45.27800401688086,100.0
1780,2,22.29446144423767,22.29446144423767,100.0
1790,0,27.5266892506233,27.5266892506233,100.0
1790,1,62.29346552835571,62.29346552835571,100.0
1790,2,10.179845221021006,10.179845221021006,100.0
1800,0,33.117451157993315,33.117451157993315,100.0
1800,1,15.318283635181626,15.318283635181626,100.0
1800,2,51.56426520682507,51.56426520682507,100.0
1810,0,16.907827617845157,16.907827617845157,100.0
1810,1,21.187794173365123,21.187794173365123,100.0
1810,2,61.90437820878972,61.90437820878972,100.0
1820,0,36.73933882899071,36.73933882899071,100.0
1820,1,34.116032587120834,34.116032587120834,100.0
1820,2,29.144628583888455,29.144628583888455,100.0
1830,0,12.052947335152918,12.052947335152918,100.0
1830,1,12.570481140329068,12.570481140329068,100.0
1830,2,75.376571524518,75.376571524518,100.0
1840,0,26.50044687041356,26.50044687041356,100.0
1840,1,43.897618969811674,43.897618969811674,100.0
1840,2,29.60193415977478,29.60193415977478,100.0
1850,0,34.76102110055113,34.76102110055113,100.0
1850,1,34.81335567556717,34.81335567556717,100.0
1850,2,30.425623223881697,30.425623223881697,100.0
1860,0,42.99231691595967,42.99231691595967,100.0
1860,1,30.323023893859556,30.323023893859556,100.0
1860,2,26.68465919018077,26.68465919018077,100.0
1870,0,35.76244573248737,35.76244573248737,100.0
1870,1,31.88134927455118,31.88134927455118,100.0
1870,2,32.35620499296146,32.35620499296146,100.0
1880,0,24.827501236639886,24.827501236639886,100.0
1880,1,34.94498720722984,34.94498720722984,100.0
1880,2,40.227511556130274,40.227511556130274,100.0
1890,0,13.756371028441244,13.756371028441244,100.0
1890,1,13.837439006793254,13.837439006793254,100.0
1890,2,72.4061899647655,72.4061899647655,100.0
1900,0,26.541410974848628,26.541410974848628,100.0
1900,1,16.806158210077047,16.806158210077047,100.0
1900,2,56.652430815074325,56.652430815074325,100.0
1910,0,45.35946219180757,45.35946219180757,100.0
1910,1,45.47495955786051,45.47495955786051,100.0
1910,2,9.165578250331913,9.165578250331913,100.0
1920,0,24.560112643287802,24.560112643287802,100.0
1920,1,24.212115434373537,24.212115434373537,100.0
1920,2,51.22777192233866,51.22777192233866,100.0
1930,0,48.73609089418277,48.73609089418277,100.0
1930,1,20.234804421243265,20.234804421243265,100.0
1930,2,31.02910468457396,31.02910468457396,100.0
1940,0,20.400985537394785,20.400985537394785,100.0
1940,1,58.50495896094162,58.50495896094162,100.0
1940,2,21.094055501663593,21.094055501663593,100.0
1950,0,13.008888686471066,13.008888686471066,100.0
1950,1,11.745963715884143,11.745963715884143,100.0
1950,2,75.24514759764477,75.24514759764477,100.0
1960,0,29.183371019872702,29.183371019872702,100.0
1960,1,55.70700363750575,55.70700363750575,100.0
1960,2,15.109625342621555,15.109625342621555,100.0
1970,0,24.245012190244896,24.245012190244896,100.0
1970,1,48.907724694161395,48.907724694161395,100.0
1970,2,26.847263115593712,26.847263115593712,100.0
1980,0,15.26575665740274,15.26575665740274,100.0
1980,1,26.335267516616273,26.335267516616273,100.0
1980,2,58.39897582598098,58.39897582598098,100.0
1990,0,37.00014504038257,37.00014504038257,100.0
1990,1,38.662603212656464,38.662603212656464,100.0
1990,2,24.33725174696097,24.33725174696097,100.0
2000,0,23.19011530719811,23.19011530719811,100.0
2000,1,52.43945633505495,52.43945633505495,100.0
2000,2,24.370428357746942,24.370428357746942,100.0
2010,0,11.622886769920585,11.622886769920585,100.0
2010,1,14.36765160889753,14.36765160889753,100.0
2010,2,74.0094616211819,74.0094616211819,100.0
2020,0,50.27282134659294,50.27282134659294,100.0
2020,1,19.565201298415776,19.565201298415776,100.0
2020,2,30.161977354991283,30.161977354991283,100.0
2030,0,19.475368422578924,19.475368422578924,100.0
2030,1,38.949576694617974,38.949576694617974,100.0
2030,2,41.575054882803116,41.575054882803116,100.0
2040,0,33.71559494548828,33.71559494548828,100.0
2040,1,26.059494526843547,26.059494526843547,100.0
2040,2,40.22491052766817,40.22491052766817,100.0
2050,0,23.36703983422696,23.36703983422696,100.0
2050,1,30.230879436713053,30.230879436713053,100.0
2050,2,46.40208072905999,46.40208072905999,100.0
2060,0,25.907753611736645,25.907753611736645,100.0
2060,1,39.98288544723826,39.98288544723826,100.0
2060,2,34.1093609410251,34.1093609410251,100.0
2070,0,14.346652268911894,14.346652268911894,100.0
2070,1,14.33600903109892,14.33600903109892,100.0
2070,2,71.31733869998918,71.31733869998918,100.0
2080,0,29.71319339037393,29.71319339037393,100.0
2080,1,34.900410335561574,34.900410335561574,100.0
2080,2,35.38639627406449,35.38639627406449,100.0
2090,0,58.94835360626476,58.94835360626476,100.0
2090,1,15.262865573703058,15.262865573703058,100.0
2090,2,25.788780820032187,25.788780820032187,100.0
2100,0,29.071559403969676,29.071559403969676,100.0
2100,1,31.871108502133627,31.871108502133627,100.0
2100,2,39.057332093896704,39.057332093896704,100.0
2110,0,38.161124951997806,38.161124951997806,100.0
2110,1,17.64078830381225,17.64078830381225,100.0
2110,2,44.19808674418994,44.19808674418994,100.0
2120,0,16.252501432123953,16.252501432123953,100.0
2120,1,35.685953419882516,35.685953419882516,100.0
2120,2,48.06154514799354,48.06154514799354,100.0
2130,0,11.15104595813051,11.15104595813051,100.0
2130,1,11.325648220250962,11.325648220250962,100.0
2130,2,77.52330582161852,77.52330582161852,100.0
2140,0,47.34284193144981,47.34284193144981,100.0
2140,1,26.927910204226578,26.927910204226578,100.0
2140,2,25.72924786432361,25.72924786432361,100.0
2150,0,43.44730874152174,43.44730874152174,100.0
2150,1,28.30504475525758,28.30504475525758,100.0
2150,2,28.247646503220686,28.247646503220686,100.0
2160,0,15.219264067804891,15.219264067804891,100.0
2160,1,61.821055945605806,61.821055945605806,100.0
2160,2,22.959679986589308,22.959679986589308,100.0
2170,0,18.418812235299768,18.418812235299768,100.0
2170,1,44.949354001540456,44.949354001540456,100.0
2170,2,36.631833763159776,36.631833763159776,100.0
2180,0,17.419179472588837,17.419179472588837,100.0
2180,1,36.012438348777394,36.012438348777394,100.0
2180,2,46.56838217863378,46.56838217863378,100.0
2190,0,12.038245083191459,12.038245083191459,100.0
2190,1,11.797546410770353,11.797546410770353,100.0
2190,2,76.1642085060382,76.1642085060382,100.0
2200,0,44.284805134417205,44.284805134417205,100.0
2200,1,31.640689787523325,31.640689787523325,100.0
2200,2,24.074505078059474,24.074505078059474,100.0
2210,0,18.614222953310858,18.614222953310858,100.0
2210,1,53.402818088836376,53.402818088836376,100.0
2210,2,27.982958957852773,27.982958957852773,100.0
2220,0,27.29281414742951,27.29281414742951,100.0
2220,1,27.067580091254502,27.067580091254502,100.0
2220,2,45.63960576131599,45.63960576131599,100.0
2230,0,30.37515416723828,30.37515416723828,100.0
2230,1,25.449974869136188,25.449974869136188,100.0
2230,2,44.174870963625544,44.174870963625544,100.0
2240,0,27.11478302015415,27.11478302015415,100.0
2240,1,47.6343370281608,47.6343370281608,100.0
2240,2,25.25087995168504,25.25087995168504,100.0
2250,0,12.64448291723931,12.64448291723931,100.0
2250,1,15.268903489906826,15.268903489906826,100.0
2250,2,72.08661359285387,72.08661359285387,100.0
2260,0,25.566067875022604,25.566067875022604,100.0
2260,1,35.51983362042096,35.51983362042096,100.0
2260,2,38.914098504556435,38.914098504556435,100.0
2270,0,14.63534414259035,14.63534414259035,100.0
2270,1,42.0075734522553,42.0075734522553,100.0
2270,2,43.357082405154344,43.357082405154344,100.0
2280,0,40.665104034290756,40.665104034290756,100.0
2280,1,15.183864445321744,15.183864445321744,100.0
2280,2,44.151031520387505,44.151031520387505,100.0
2290,0,13.776944667337709,13.776944667337709,100.0
2290,1,43.687758595136,43.687758595136,100.0
2290,2,42.53529673752629,42.53529673752629,100.0
2300,0,42.82453898205866,42.82453898205866,100.0
2300,1,18.420406338408498,18.420406338408498,100.0
2300,2,38.755054679532854,38.755054679532854,100.0
2310,0,15.42593325083414,15.42593325083414,100.0
2310,1,16.249605852768497,16.249605852768497,100.0
2310,2,68.32446089639738,68.32446089639738,100.0
2320,0,34.908011584760175,34.908011584760175,100.0
2320,1,26.6973832434358,26.6973832434358,100.0
2320,2,38.39460517180402,38.39460517180402,100.0
2330,0,34.92057063484352,34.92057063484352,100.0
2330,1,23.448145608866128,23.448145608866128,100.0
2330,2,41.63128375629036,41.63128375629036,100.0
2340,0,10.04602314233809,10.04602314233809,100.0
2340,1,38.77351324062859,38.77351324062859,100.0
2340,2,51.180463617033325,51.180463617033325,100.0
2350,0,47.58082086890636,47.58082086890636,100.0
2350,1,39.45425697790511,39.45425697790511,100.0
2350,2,12.964922153188526,12.964922153188526,100.0
2360,0,11.313124170665958,11.313124170665958,100.0
2360,1,28.64941241658771,28.64941241658771,100.0
2360,2,60.03746341274634,60.03746341274634,100.0
2370,0,13.196347554055249,13.196347554055249,100.0
2370,1,12.0776858046878,12.0776858046878,100.0
2370,2,74.72596664125695,74.72596664125695,100.0
2380,0,16.498314650074033,16.498314650074033,100.0
2380,1,48.34395657538653,48.34395657538653,100.0
2380,2,35.157728774539436,35.157728774539436,100.0
2390,0,47.24245046533918,47.24245046533918,100.0
2390,1,32.03942486278486,32.03942486278486,100.0
2390,2,20.71812467187596,20.71812467187596,100.0
2400,0,24.947678224307104,24.947678224307104,100.0
2400,1,57.124249206891506,57.124249206891506,100.0
2400,2,17.92807256880139,17.92807256880139,100.0
2410,0,40.6764814340041,40.6764814340041,100.0
2410,1,31.33508664541288,31.33508664541288,100.0
2410,2,27.988431920583025,27.988431920583025,100.0
2420,0,25.073316774548715,25.073316774548715,100.0
2420,1,37.65884250576752,37.65884250576752,100.0
2420,2,37.26784071968377,37.26784071968377,100.0
2430,0,14.263429770308122,14.263429770308122,100.0
2430,1,17.612759094022916,17.612759094022916,100.0
2430,2,68.12381113566896,68.12381113566896,100.0
2440,0,42.49870848317352,42.49870848317352,100.0
2440,1,19.638982577458382,19.638982577458382,100.0
2440,2,37.8623089393681,37.8623089393681,100.0
2450,0,20.608821733092793,20.608821733092793,100.0
2450,1,52.94440849037778,52.94440849037778,100.0
2450,2,26.446769776529422,26.446769776529422,100.0
2460,0,13.730311827176292,13.730311827176292,100.0
2460,1,58.06863607491435,58.06863607491435,100.0
2460,2,28.20105209790937,28.20105209790937,100.0
2470,0,23.82985803985364,23.82985803985364,100.0
2470,1,24.9375017731475,24.9375017731475,100.0
2470,2,51.232640186998864,51.232640186998864,100.0
2480,0,33.448841781961185,33.448841781961185,100.0
2480,1,34.95462241236099,34.95462241236099,100.0
2480,2,31.59653580567782,31.59653580567782,100.0
2490,0,13.720950145677385,13.720950145677385,100.0
2490,1,12.056627590974072,12.056627590974072,100.0
2490,2,74.22242226334855,74.22242226334855,100.0
2500,0,73.35281078634404,73.35281078634404,100.0
2500,1,15.09510919557829,15.09510919557829,100.0
2500,2,11.552080018077673,11.552080018077673,100.0
2510,0,23.00140805899986,23.00140805899986,100.0
2510,1,38.81926484644178,38.81926484644178,100.0
2510,2,38.17932709455834,38.17932709455834,100.0
2520,0,49.077169460262645,49.077169460262645,100.0
2520,1,19.201774999877692,19.201774999877692,100.0
2520,2,31.721055539859666,31.721055539859666,100.0
2530,0,23.611513270673086,23.611513270673086,100.0
2530,1,30.924812155597962,30.924812155597962,100.0
2530,2,45.463674573728944,45.463674573728944,100.0
2540,0,25.910395088280268,25.910395088280268,100.0
2540,1,55.55007593679145,55.55007593679145,100.0
2540,2,18.539528974928267,18.539528974928267,100.0
2550,0,12.512525399415361,12.512525399415361,100.0
2550,1,12.350658984288101,12.350658984288101,100.0
2550,2,75.13681561629653,75.13681561629653,100.0
2560,0,22.13264909712671,22.13264909712671,100.0
2560,1,37.604163294698985,37.604163294698985,100.0
2560,2,40.26318760817432,40.26318760817432,100.0
2570,0,22.023515576707155,22.023515576707155,100.0
2570,1,37.72510877510573,37.72510877510573,100.0
2570,2,40.251375648187114,40.251375648187114,100.0
2580,0,66.89826466390213,66.89826466390213,100.0
2580,1,17.798372922082688,17.798372922082688,100.0
2580,2,15.303362414015195,15.303362414015195,100.0
2590,0,25.659519120664836,25.659519120664836,100.0
2590,1,28.36250946985941,28.36250946985941,100.0
2590,2,45.97797140947576,45.97797140947576,100.0
2600,0,20.46818110834396,20.46818110834396,100.0
2600,1,39.60586033301715,39.60586033301715,100.0
2600,2,39.925958558638904,39.925958558638904,100.0
2610,0,11.23166303942475,11.23166303942475,100.0
2610,1,12.884745257509604,12.884745257509604,100.0
2610,2,75.88359170306565,75.88359170306565,100.0
2620,0,24.841505056624072,24.841505056624072,100.0
2620,1,25.653135755022888,25.653135755022888,100.0
2620,2,49.50535918835305,49.50535918835305,100.0
2630,0,68.06670154266006,68.06670154266006,100.0
2630,1,15.368843353341658,15.368843353341658,100.0
2630,2,16.564455103998295,16.564455103998295,100.0
2640,0,52.51651575135195,52.51651575135195,100.0
2640,1,22.82238802304234,22.82238802304234,100.0
2640,2,24.661096225605714,24.661096225605714,100.0
2650,0,12.02672473156189,12.02672473156189,100.0
2650,1,75.665766354268,75.665766354268,100.0
2650,2,12.307508914170104,12.307508914170104,100.0
2660,0,52.99496470220929,52.99496470220929,100.0
2660,1,29.574216839410848,29.574216839410848,100.0
2660,2,17.430818458379854,17.430818458379854,100.0
2670,0,10.94188130772562,10.94188130772562,100.0
2670,1,11.187303924314872,11.187303924314872,100.0
2670,2,77.8708147679595,77.8708147679595,100.0
2680,0,14.595043486798359,14.595043486798359,100.0
2680,1,28.307509611218673,28.307509611218673,100.0
2680,2,57.09744690198298,57.09744690198298,100.0
2690,0,18.43885664911122,18.43885664911122,100.0
2690,1,20.608672223084223,20.608672223084223,100.0
2690,2,60.95247112780455,60.95247112780455,100.0
2700,0,25.361836523474462,25.361836523474462,100.0
2700,1,26.34860320656601,26.34860320656601,100.0
2700,2,48.28956026995952,48.28956026995952,100.0
2710,0,62.776117440976975,62.776117440976975,100.0
2710,1,25.959927033378925,25.959927033378925,100.0
2710,2,11.263955525644109,11.263955525644109,100.0
2720,0,47.656686320325406,47.656686320325406,100.0
2720,1,15.051048066329297,15.051048066329297,100.0
2720,2,37.292265613345286,37.292265613345286,100.0
2730,0,12.952698509609037,12.952698509609037,100.0
2730,1,19.4530243451527,19.4530243451527,100.0
2730,2,67.59427714523827,67.59427714523827,100.0
2740,0,35.048120051143876,35.048120051143876,100.0
2740,1,17.277853635909036,17.277853635909036,100.0
2740,2,47.674026312947085,47.674026312947085,100.0
2750,0,22.38920255848181,22.38920255848181,100.0
2750,1,59.36010655637332,59.36010655637332,100.0
2750,2,18.25069088514488,18.25069088514488,100.0
2760,0,26.402105251472474,26.402105251472474,100.0
2760,1,61.2381526935427,61.2381526935427,100.0
2760,2,12.359742054984839,12.359742054984839,100.0
2770,0,46.36560497019537,46.36560497019537,100.0
2770,1,37.113176016121464,37.113176016121464,100.0
2770,2,16.521219013683165,16.521219013683165,100.0
2780,0,54.23960003384399,54.23960003384399,100.0
2780,1,26.381465853080442,26.381465853080442,100.0
2780,2,19.37893411307558,19.37893411307558,100.0
2790,0,21.626974924985205,21.626974924985205,100.0
2790,1,27.280935671957813,27.280935671957813,100.0
2790,2,51.09208940305698,51.09208940305698,100.0
2800,0,37.64326669550373,37.64326669550373,100.0
2800,1,14.346714507862277,14.346714507862277,100.0
2800,2,48.01001879663399,48.01001879663399,100.0
2810,0,32.02843439455633,32.02843439455633,100.0
2810,1,35.50233602743559,35.50233602743559,100.0
2810,2,32.46922957800808,32.46922957800808,100.0
2820,0,33.31046549431206,33.31046549431206,100.0
2820,1,39.34933113309128,39.34933113309128,100.0
2820,2,27.340203372596665,27.340203372596665,100.0
2830,0,62.33757209900016,62.33757209900016,100.0
2830,1,28.047395595085167,28.047395595085167,100.0
2830,2,9.615032305914681,9.615032305914681,100.0
2840,0,8.644821507133534,8.644821507133534,100.0
2840,1,42.62931585944637,42.62931585944637,100.0
2840,2,48.72586263342009,48.72586263342009,100.0
2850,0,19.395674523438377,19.395674523438377,100.0
2850,1,11.453350281239032,11.453350281239032,100.0
2850,2,69.1509751953226,69.1509751953226,100.0
2860,0,19.03226745877458,19.03226745877458,100.0
2860,1,21.00218002426513,21.00218002426513,100.0
2860,2,59.965552516960294,59.965552516960294,100.0
2870,0,26.565544231628795,26.565544231628795,100.0
2870,1,51.95209447508471,51.95209447508471,100.0
2870,2,21.482361293286488,21.482361293286488,100.0
2880,0,9.634914795207106,9.634914795207106,100.0
2880,1,46.13008161960877,46.13008161960877,100.0
2880,2,44.23500358518414,44.23500358518414,100.0
2890,0,55.09755126500839,55.09755126500839,100.0
2890,1,29.274454657516845,29.274454657516845,100.0
2890,2,15.627994077474755,15.627994077474755,100.0
2900,0,33.209348321529916,33.209348321529916,100.0
2900,1,39.76461398543881,39.76461398543881,100.0
2900,2,27.02603769303127,27.02603769303127,100.0
2910,0,12.01280762160165,12.01280762160165,100.0
2910,1,11.584773631715711,11.584773631715711,100.0
2910,2,76.40241874668264,76.40241874668264,100.0
2920,0,26.754160160071972,26.754160160071972,100.0
2920,1,23.69962838188389,23.69962838188389,100.0
2920,2,49.546211458044134,49.546211458044134,100.0
2930,0,64.1398559937508,64.1398559937508,100.0
2930,1,12.64016488417949,12.64016488417949,100.0
2930,2,23.219979122069702,23.219979122069702,100.0
2940,0,26.12125050538617,26.12125050538617,100.0
2940,1,14.844060394508846,14.844060394508846,100.0
2940,2,59.034689100104984,59.034689100104984,100.0
2950,0,22.74181561168406,22.74181561168406,100.0
2950,1,45.19948295157127,45.19948295157127,100.0
2950,2,32.05870143674468,32.05870143674468,100.0
2960,0,22.541366397301392,22.541366397301392,100.0
2960,1,66.23439807467238,66.23439807467238,100.0
2960,2,11.224235528026217,11.224235528026217,100.0
2970,0,11.294302451707166,11.294302451707166,100.0
2970,1,17.91059188982843,17.91059188982843,100.0
2970,2,70.79510565846441,70.79510565846441,100.0
2980,0,16.309976443734868,16.309976443734868,100.0
2980,1,69.70396266460546,69.70396266460546,100.0
2980,2,13.986060891659683,13.986060891659683,100.0
2990,0,23.920756146995284,23.920756146995284,100.0
2990,1,55.89251956052511,55.89251956052511,100.0
2990,2,20.186724292479592,20.186724292479592,100.0
3000,0,14.641114887666756,14.641114887666756,100.0
3000,1,41.96476319490102,41.96476319490102,100.0
3000,2,43.39412191743223,43.39412191743223,100.0
3010,0,29.280951072992906,29.280951072992906,100.0
3010,1,49.110642896587144,49.110642896587144,100.0
3010,2,21.608406030419957,21.608406030419957,100.0
3020,0,36.897016945004715,36.897016945004715,100.0
3020,1,42.639199784949454,42.639199784949454,100.0
3020,2,20.463783270045827,20.463783270045827,100.0
3030,0,12.310774670086563,12.310774670086563,100.0
3030,1,16.591137285348825,16.591137285348825,100.0
3030,2,71.0980880445646,71.0980880445646,100.0
3040,0,68.43227469736797,68.43227469736797,100.0
3040,1,13.800013293193688,13.800013293193688,100.0
3040,2,17.767712009438355,17.767712009438355,100.0
3050,0,32.20915211178166,32.20915211178166,100.0
3050,1,33.88278630859194,33.88278630859194,100.0
3050,2,33.9080615796264,33.9080615796264,100.0
3060,0,30.035039608935666,30.035039608935666,100.0
3060,1,16.388333193596086,16.388333193596086,100.0
3060,2,53.576627197468255,53.576627197468255,100.0
3070,0,16.056880613246165,16.056880613246165,100.0
3070,1,54.713632981341775,54.713632981341775,100.0
3070,2,29.229486405412054,29.229486405412054,100.0
3080,0,20.606163058276746,20.606163058276746,100.0
3080,1,16.35712684393704,16.35712684393704,100.0
3080,2,63.03671009778622,63.03671009778622,100.0
3090,0,11.387404741229249,11.387404741229249,100.0
3090,1,10.824284263429206,10.824284263429206,100.0
3090,2,77.78831099534155,77.78831099534155,100.0
3100,0,10.062815179203218,10.062815179203218,100.0
3100,1,44.50595844820317,44.50595844820317,100.0
3100,2,45.43122637259362,45.43122637259362,100.0
3110,0,14.520350668889392,14.520350668889392,100.0
3110,1,50.50831716622307,50.50831716622307,100.0
3110,2,34.971332164887535,34.971332164887535,100.0
3120,0,12.680352730590208,12.680352730590208,100.0
3120,1,70.08710696766099,70.08710696766099,100.0
3120,2,17.232540301748806,17.232540301748806,100.0
3130,0,36.01688656630122,36.01688656630122,100.0
3130,1,19.977017390461384,19.977017390461384,100.0
3130,2,44.006096043237406,44.006096043237406,100.0
3140,0,33.05392054428939,33.05392054428939,100.0
3140,1,32.42383061625181,32.42383061625181,100.0
3140,2,34.522248839458804,34.522248839458804,100.0
3150,0,11.841860243708094,11.841860243708094,100.0
3150,1,11.799603671212871,11.799603671212871,100.0
3150,2,76.35853608507904,76.35853608507904,100.0
3160,0,31.340679434799462,31.340679434799462,100.0
3160,1,49.71404277084442,49.71404277084442,100.0
3160,2,18.945277794356112,18.945277794356112,100.0
3170,0,36.87941302821925,36.87941302821925,100.0
3170,1,11.264661676301882,11.264661676301882,100.0
3170,2,51.855925295478876,51.855925295478876,100.0
3180,0,23.201598265633113,23.201598265633113,100.0
3180,1,23.22097488063415,23.22097488063415,100.0
3180,2,53.577426853732746,53.577426853732746,100.0
3190,0,23.218609165892705,23.218609165892705,100.0
3190,1,40.9779904849321,40.9779904849321,100.0
3190,2,35.8034003491752,35.8034003491752,100.0
3200,0,31.441984441840187,31.441984441840187,100.0
3200,1,25.51997065135948,25.51997065135948,100.0
3200,2,43.03804490680033,43.03804490680033,100.0
3210,0,12.927302027509427,12.927302027509427,100.0
3210,1,13.417238731824629,13.417238731824629,100.0
3210,2,73.65545924066595,73.65545924066595,100.0
3220,0,26.360505769990816,26.360505769990816,100.0
3220,1,40.442925764264345,40.442925764264345,100.0
3220,2,33.19656846574484,33.19656846574484,100.0
3230,0,21.118390470524954,21.118390470524954,100.0
3230,1,22.22229601452204,22.22229601452204,100.0
3230,2,56.659313514953006,56.659313514953006,100.0
3240,0,52.90805606793114,52.90805606793114,100.0
3240,1,19.833130329866243,19.833130329866243,100.0
3240,2,27.258813602202608,27.258813602202608,100.0
3250,0,58.85754791914128,58.85754791914128,100.0
3250,1,28.236501819259846,28.236501819259846,100.0
3250,2,12.905950261598868,12.905950261598868,100.0
3260,0,21.18024391648394,21.18024391648394,100.0
3260,1,45.0853390898234,45.0853390898234,100.0
3260,2,33.73441699369266,33.73441699369266,100.0
3270,0,11.860055611805748,11.860055611805748,100.0
3270,1,11.865166289919843,11.865166289919843,100.0
3270,2,76.27477809827441,76.27477809827441,100.0
3280,0,45.422089409833085,45.422089409833085,100.0
3280,1,9.221238174458088,9.221238174458088,100.0
3280,2,45.35667241570883,45.35667241570883,100.0
3290,0,36.95433922374685,36.95433922374685,100.0
3290,1,42.28838313169378,42.28838313169378,100.0
3290,2,20.75727764455937,20.75727764455937,100.0
3300,0,21.482222774484658,21.482222774484658,100.0
3300,1,38.72357177528701,38.72357177528701,100.0
3300,2,39.794205450228326,39.794205450228326,100.0
3310,0,72.3315190735497,72.3315190735497,100.0
3310,1,13.520305184863407,13.520305184863407,100.0
3310,2,14.148175741586897,14.148175741586897,100.0
3320,0,22.452020882917168,22.452020882917168,100.0
3320,1,54.756289909212065,54.756289909212065,100.0
3320,2,22.791689207870775,22.791689207870775,100.0
3330,0,11.076570296134925,11.076570296134925,100.0
3330,1,13.983237811676846,13.983237811676846,100.0
3330,2,74.94019189218822,74.94019189218822,100.0
3340,0,55.80571907214997,55.80571907214997,100.0
3340,1,17.187270832850075,17.187270832850075,100.0
3340,2,27.007010094999963,27.007010094999963,100.0
3350,0,15.838359190858803,15.838359190858803,100.0
3350,1,47.27848518246936,47.27848518246936,100.0
3350,2,36.883155626671844,36.883155626671844,100.0
3360,0,16.500843803695282,16.500843803695282,100.0
3360,1,53.436676284757525,53.436676284757525,100.0
3360,2,30.062479911547197,30.062479911547197,100.0
3370,0,61.20172776963456,61.20172776963456,100.0
3370,1,12.706382984626973,12.706382984626973,100.0
3370,2,26.09188924573847,26.09188924573847,100.0
3380,0,25.809869267065906,25.809869267065906,100.0
3380,1,45.67083673441657,45.67083673441657,100.0
3380,2,28.519293998517544,28.519293998517544,100.0
3390,0,10.042835040172687,10.042835040172687,100.0
3390,1,17.607899389074312,17.607899389074312,100.0
3390,2,72.34926557075299,72.34926557075299,100.0
3400,0,18.065130239021578,18.065130239021578,100.0
3400,1,37.573036660661245,37.573036660661245,100.0
3400,2,44.36183310031719,44.36183310031719,100.0
3410,0,56.26713122762285,56.26713122762285,100.0
3410,1,29.95414037830606,29.95414037830606,100.0
3410,2,13.778728394071097,13.778728394071097,100.0
3420,0,35.81313535968293,35.81313535968293,100.0
3420,1,52.318547171100874,52.318547171100874,100.0
3420,2,11.868317469216198,11.868317469216198,100.0
3430,0,15.8707021019134,15.8707021019134,100.0
3430,1,36.596305169229716,36.596305169229716,100.0
3430,2,47.532992728856875,47.532992728856875,100.0
3440,0,37.665164984966445,37.665164984966445,100.0
3440,1,33.11411668928822,33.11411668928822,100.0
3440,2,29.22071832574533,29.22071832574533,100.0
3450,0,14.91994258243516,14.91994258243516,100.0
3450,1,20.897838042338666,20.897838042338666,100.0
3450,2,64.18221937522617,64.18221937522617,100.0
3460,0,32.52428494499745,32.52428494499745,100.0
3460,1,55.8356708990846,55.8356708990846,100.0
3460,2,11.64004415591794,11.64004415591794,100.0
3470,0,14.5010657905789,14.5010657905789,100.0
3470,1,24.81465120503826,24.81465120503826,100.0
3470,2,60.684283004382834,60.684283004382834,100.0
3480,0,33.971992649555105,33.971992649555105,100.0
3480,1,14.454323273667885,14.454323273667885,100.0
3480,2,51.573684076777006,51.573684076777006,100.0
3490,0,40.146274867819805,40.146274867819805,100.0
3490,1,48.107832966635364,48.107832966635364,100.0
3490,2,11.745892165544838,11.745892165544838,100.0
3500,0,45.24680292984521,45.24680292984521,100.0
3500,1,23.529582313587632,23.529582313587632,100.0
3500,2,31.22361475656716,31.22361475656716,100.0
3510,0,15.288931350802493,15.288931350802493,100.0
3510,1,15.661179760649066,15.661179760649066,100.0
3510,2,69.04988888854844,69.04988888854844,100.0
3520,0,20.89459188342011,20.89459188342011,100.0
3520,1,47.10251901998489,47.10251901998489,100.0
3520,2,32.002889096595,32.002889096595,100.0
3530,0,19.686640069022324,19.686640069022324,100.0
3530,1,29.026744184179403,29.026744184179403,100.0
3530,2,51.28661574679827,51.28661574679827,100.0
3540,0,26.665337890677282,26.665337890677282,100.0
3540,1,47.44375405850926,47.44375405850926,100.0
3540,2,25.89090805081346,25.89090805081346,100.0
3550,0,74.55740981294234,74.55740981294234,100.0
3550,1,12.09969292285596,12.09969292285596,100.0
3550,2,13.342897264201719,13.342897264201719,100.0
3560,0,27.586794209076785,27.586794209076785,100.0
3560,1,16.559657003810646,16.559657003810646,100.0
3560,2,55.85354878711256,55.85354878711256,100.0
3570,0,17.892444138678943,17.892444138678943,100.0
3570,1,17.952784303904153,17.952784303904153,100.0
3570,2,64.15477155741691,64.15477155741691,100.0
3580,0,27.608199202240108,27.608199202240108,100.0
3580,1,43.21764700325297,43.21764700325297,100.0
3580,2,29.174153794506914,29.174153794506914,100.0
3590,0,8.810388787453178,8.810388787453178,100.0
3590,1,54.94921216070243,54.94921216070243,100.0
3590,2,36.240399051844406,36.240399051844406,100.0
3600,0,51.99877455020332,51.99877455020332,100.0
3600,1,15.362752322166262,15.362752322166262,100.0
3600,2,32.63847312763041,32.63847312763041,100.0
3610,0,56.470468539364695,56.470468539364695,100.0
3610,1,26.557358971750144,26.557358971750144,100.0
3610,2,16.972172488885157,16.972172488885157,100.0
3620,0,27.72609631863506,27.72609631863506,100.0
3620,1,56.946453757225854,56.946453757225854,100.0
3620,2,15.327449924139081,15.327449924139081,100.0
3630,0,12.031942838387653,12.031942838387653,100.0
3630,1,15.375583896502393,15.375583896502393,100.0
3630,2,72.59247326510994,72.59247326510994,100.0
3640,0,9.403875628577433,9.403875628577433,100.0
3640,1,35.98442406111677,35.98442406111677,100.0
3640,2,54.6117003103058,54.6117003103058,100.0
3650,0,34.66843637061075,34.66843637061075,100.0
3650,1,50.19964278225872,50.19964278225872,100.0
3650,2,15.131920847130528,15.131920847130528,100.0
3660,0,50.386768298099895,50.386768298099895,100.0
3660,1,16.11690717334162,16.11690717334162,100.0
3660,2,33.49632452855849,33.49632452855849,100.0
3670,0,38.32509060282049,38.32509060282049,100.0
3670,1,45.55496182548037,45.55496182548037,100.0
3670,2,16.119947571699143,16.119947571699143,100.0
3680,0,37.40443344205033,37.40443344205033,100.0
3680,1,38.78677769092979,38.78677769092979,100.0
3680,2,23.80878886701988,23.80878886701988,100.0
3690,0,15.100153067006335,15.100153067006335,100.0
3690,1,14.545964995963637,14.545964995963637,100.0
3690,2,70.35388193703002,70.35388193703002,100.0
3700,0,29.78001633263921,29.78001633263921,100.0
3700,1,58.52579392837032,58.52579392837032,100.0
3700,2,11.694189738990477,11.694189738990477,100.0
3710,0,28.3988551522852,28.3988551522852,100.0
3710,1,53.407029352965296,53.407029352965296,100.0
3710,2,18.194115494749507,18.194115494749507,100.0
3720,0,25.796920455476908,25.796920455476908,100.0
3720,1,30.3463506778894,30.3463506778894,100.0
3720,2,43.856728866633695,43.856728866633695,100.0
3730,0,51.61491461520177,51.61491461520177,100.0
3730,1,33.202501818408855,33.202501818408855,100.0
3730,2,15.182583566389383,15.182583566389383,100.0
3740,0,36.20917608226722,36.20917608226722,100.0
3740,1,46.33488588631281,46.33488588631281,100.0
3740,2,17.455938031419983,17.455938031419983,100.0
3750,0,15.974077398403294,15.974077398403294,100.0
3750,1,20.680279954357456,20.680279954357456,100.0
3750,2,63.34564264723925,63.34564264723925,100.0
3760,0,33.12985494677115,33.12985494677115,100.0
3760,1,28.670623032235827,28.670623032235827,100.0
3760,2,38.19952202099302,38.19952202099302,100.0
3770,0,57.72863080167199,57.72863080167199,100.0
3770,1,24.678527454653217,24.678527454653217,100.0
3770,2,17.592841743674796,17.592841743674796,100.0
3780,0,25.189663220275122,25.189663220275122,100.0
3780,1,18.438546651216562,18.438546651216562,100.0
3780,2,56.371790128508316,56.371790128508316,100.0
3790,0,33.238214801827894,33.238214801827894,100.0
3790,1,49.594425652014564,49.594425652014564,100.0
3790,2,17.16735954615754,17.16735954615754,100.0
3800,0,16.986943274374124,16.986943274374124,100.0
3800,1,63.72986883656926,63.72986883656926,100.0
3800,2,19.28318788905663,19.28318788905663,100.0
3810,0,13.585472886085842,13.585472886085842,100.0
3810,1,10.734497584867652,10.734497584867652,100.0
3810,2,75.68002952904651,75.68002952904651,100.0
3820,0,43.09889557160824,43.09889557160824,100.0
3820,1,41.08264574215737,41.08264574215737,100.0
3820,2,15.818458686234393,15.818458686234393,100.0
3830,0,64.86604877347848,64.86604877347848,100.0
3830,1,14.607233946439058,14.607233946439058,100.0
3830,2,20.52671728008247,20.52671728008247,100.0
3840,0,30.223241823141976,30.223241823141976,100.0
3840,1,55.76616758268082,55.76616758268082,100.0
3840,2,14.010590594177197,14.010590594177197,100.0
3850,0,41.44304843214645,41.44304843214645,100.0
3850,1,20.458608310025326,20.458608310025326,100.0
3850,2,38.09834325782824,38.09834325782824,100.0
3860,0,28.590267058377062,28.590267058377062,100.0
3860,1,17.15630737580626,17.15630737580626,100.0
3860,2,54.25342556581667,54.25342556581667,100.0
3870,0,25.1180972577909,25.1180972577909,100.0
3870,1,15.67602230689019,15.67602230689019,100.0
3870,2,59.20588043531892,59.20588043531892,100.0
3880,0,17.95810179980224,17.95810179980224,100.0
3880,1,57.48319196503395,57.48319196503395,100.0
3880,2,24.55870623516381,24.55870623516381,100.0
3890,0,18.659928173181754,18.659928173181754,100.0
3890,1,65.11193852607812,65.11193852607812,100.0
3890,2,16.228133300740136,16.228133300740136,100.0
3900,0,24.377857759956377,24.377857759956377,100.0
3900,1,24.26361706417436,24.26361706417436,100.0
3900,2,51.35852517586926,51.35852517586926,100.0
3910,0,21.236257406284228,21.236257406284228,100.0
3910,1,39.46462086476733,39.46462086476733,100.0
3910,2,39.29912172894844,39.29912172894844,100.0
3920,0,28.28981106986822,28.28981106986822,100.0
3920,1,52.50460499683128,52.50460499683128,100.0
3920,2,19.205583933300513,19.205583933300513,100.0
3930,0,12.805714113652556,12.805714113652556,100.0
3930,1,21.411474068708095,21.411474068708095,100.0
3930,2,65.78281181763936,65.78281181763936,100.0
3940,0,40.37660516764558,40.37660516764558,100.0
3940,1,30.28094340905721,30.28094340905721,100.0
3940,2,29.342451423297216,29.342451423297216,100.0
3950,0,11.632525449440227,11.632525449440227,100.0
3950,1,32.84941431052361,32.84941431052361,100.0
3950,2,55.518060240036164,55.518060240036164,100.0
3960,0,34.519813819422474,34.519813819422474,100.0
3960,1,45.143383381130484,45.143383381130484,100.0
3960,2,20.33680279944705,20.33680279944705,100.0
3970,0,19.868026517641127,19.868026517641127,100.0
3970,1,18.11278673393329,18.11278673393329,100.0
3970,2,62.01918674842559,62.01918674842559,100.0
3980,0,26.15867398356164,26.15867398356164,100.0
3980,1,57.210178432752365,57.210178432752365,100.0
3980,2,16.63114758368599,16.63114758368599,100.0
3990,0,10.167324917617028,10.167324917617028,100.0
3990,1,29.785305547005862,29.785305547005862,100.0
3990,2,60.0473695353771,60.0473695353771,100.0
4000,0,36.59607709447885,36.59607709447885,100.0
4000,1,38.65922054058483,38.65922054058483,100.0
4000,2,24.744702364936323,24.744702364936323,100.0
4010,0,19.357094206360735,19.357094206360735,100.0
4010,1,43.28437446239262,43.28437446239262,100.0
4010,2,37.35853133124665,37.35853133124665,100.0
4020,0,42.53982724638253,42.53982724638253,100.0
4020,1,18.10136390703919,18.10136390703919,100.0
4020,2,39.35880884657829,39.35880884657829,100.0
4030,0,19.418180953188767,19.418180953188767,100.0
4030,1,23.920785761569604,23.920785761569604,100.0
4030,2,56.661033285241636,56.661033285241636,100.0
4040,0,41.804160576679706,41.804160576679706,100.0
4040,1,23.610317179182104,23.610317179182104,100.0
4040,2,34.58552224413819,34.58552224413819,100.0
4050,0,11.211419511927279,11.211419511927279,100.0
4050,1,12.336051023611772,12.336051023611772,100.0
4050,2,76.45252946446095,76.45252946446095,100.0
4060,0,47.705551464404465,47.705551464404465,100.0
4060,1,16.26744555335497,16.26744555335497,100.0
4060,2,36.02700298224057,36.02700298224057,100.0
4070,0,43.669022337008684,43.669022337008684,100.0
4070,1,9.837343222224208,9.837343222224208,100.0
4070,2,46.49363444076711,46.49363444076711,100.0
4080,0,53.18265775589395,53.18265775589395,100.0
4080,1,20.92887203402896,20.92887203402896,100.0
4080,2,25.888470210077095,25.888470210077095,100.0
4090,0,19.657944025797082,19.657944025797082,100.0
4090,1,58.856037415011855,58.856037415011855,100.0
4090,2,21.48601855919107,21.48601855919107,100.0
4100,0,41.08843441119207,41.08843441119207,100.0
4100,1,36.81716991452691,36.81716991452691,100.0
4100,2,22.09439567428103,22.09439567428103,100.0
4110,0,12.248016238666432,12.248016238666432,100.0
4110,1,16.553497271732866,16.553497271732866,100.0
4110,2,71.19848648960071,71.19848648960071,100.0
4120,0,46.20877590700774,46.20877590700774,100.0
4120,1,10.98832228243023,10.98832228243023,100.0
4120,2,42.80290181056202,42.80290181056202,100.0
4130,0,17.568194111472277,17.568194111472277,100.0
4130,1,40.12118127686764,40.12118127686764,100.0
4130,2,42.31062461166009,42.31062461166009,100.0
4140,0,27.353780117428382,27.353780117428382,100.0
4140,1,46.605127306114966,46.605127306114966,100.0
4140,2,26.041092576456652,26.041092576456652,100.0
4150,0,9.244959029883628,9.244959029883628,100.0
4150,1,41.07150057403487,41.07150057403487,100.0
4150,2,49.6835403960815,49.6835403960815,100.0
4160,0,23.71517964527814,23.71517964527814,100.0
4160,1,62.82024553769362,62.82024553769362,100.0
4160,2,13.464574817028248,13.464574817028248,100.0
4170,0,13.996439485697252,13.996439485697252,100.0
4170,1,14.623461202825894,14.623461202825894,100.0
4170,2,71.38009931147685,71.38009931147685,100.0
4180,0,31.14327556299764,31.14327556299764,100.0
4180,1,50.49471294622548,50.49471294622548,100.0
4180,2,18.362011490776897,18.362011490776897,100.0
4190,0,41.31110306918009,41.31110306918009,100.0
4190,1,30.819153298401403,30.819153298401403,100.0
4190,2,27.869743632418505,27.869743632418505,100.0
4200,0,11.03775409199254,11.03775409199254,100.0
4200,1,46.57941125664838,46.57941125664838,100.0
4200,2,42.38283465135908,42.38283465135908,100.0
4210,0,65.14831962561927,65.14831962561927,100.0
4210,1,23.62205920982802,23.62205920982802,100.0
4210,2,11.229621164552718,11.229621164552718,100.0
4220,0,24.15251696471048,24.15251696471048,100.0
4220,1,37.98448603176689,37.98448603176689,100.0
4220,2,37.862997003522636,37.862997003522636,100.0
4230,0,14.32791083591577,14.32791083591577,100.0
4230,1,14.047595983896969,14.047595983896969,100.0
4230,2,71.62449318018727,71.62449318018727,100.0
4240,0,28.92547507311855,28.92547507311855,100.0
4240,1,36.13155042702576,36.13155042702576,100.0
4240,2,34.94297449985568,34.94297449985568,100.0
4250,0,30.274339592918825,30.274339592918825,100.0
4250,1,57.69699867558201,57.69699867558201,100.0
4250,2,12.028661731499172,12.028661731499172,100.0
4260,0,26.334771367445047,26.334771367445047,100.0
4260,1,43.099648493160686,43.099648493160686,100.0
4260,2,30.56558013939427,30.56558013939427,100.0
4270,0,45.285780856254256,45.285780856254256,100.0
4270,1,32.90875187660494,32.90875187660494,100.0
4270,2,21.805467267140813,21.805467267140813,100.0
4280,0,18.24893573590619,18.24893573590619,100.0
4280,1,56.07083794124992,56.07083794124992,100.0
4280,2,25.68022632284389,25.68022632284389,100.0
4290,0,17.354091824155283,17.354091824155283,100.0
4290,1,18.515662911456097,18.515662911456097,100.0
4290,2,64.13024526438862,64.13024526438862,100.0
4300,0,18.061588353727874,18.061588353727874,100.0
4300,1,61.000654671092434,61.000654671092434,100.0
4300,2,20.9377569751797,20.9377569751797,100.0
4310,0,68.37284052920806,68.37284052920806,100.0
4310,1,15.290430624455423,15.290430624455423,100.0
4310,2,16.336728846336527,16.336728846336527,100.0
4320,0,52.26219952705726,52.26219952705726,100.0
4320,1,30.64115101603642,30.64115101603642,100.0
4320,2,17.096649456906327,17.096649456906327,100.0
4330,0,39.06553350638112,39.06553350638112,100.0
4330,1,26.005890881652547,26.005890881652547,100.0
4330,2,34.92857561196633,34.92857561196633,100.0
4340,0,41.60808085018892,41.60808085018892,100.0
4340,1,30.61056037765495,30.61056037765495,100.0
4340,2,27.78135877215613,27.78135877215613,100.0
4350,0,18.75118159131059,18.75118159131059,100.0
4350,1,19.127312256244995,19.127312256244995,100.0
4350,2,62.12150615244442,62.12150615244442,100.0
4360,0,20.432796463177098,20.432796463177098,100.0
4360,1,35.846187654293146,35.846187654293146,100.0
4360,2,43.72101588252976,43.72101588252976,100.0
4370,0,13.70664015080584,13.70664015080584,100.0
4370,1,67.76175351299568,67.76175351299568,100.0
4370,2,18.531606336198482,18.531606336198482,100.0
4380,0,38.532331462223624,38.532331462223624,100.0
4380,1,14.62754150101257,14.62754150101257,100.0
4380,2,46.8401270367638,46.8401270367638,100.0
4390,0,49.62727120703656,49.62727120703656,100.0
4390,1,20.356191442935604,20.356191442935604,100.0
4390,2,30.01653735002784,30.01653735002784,100.0
4400,0,19.447165537904993,19.447165537904993,100.0
4400,1,51.34800393286301,51.34800393286301,100.0
4400,2,29.204830529232005,29.204830529232005,100.0
4410,0,12.727461791001303,12.727461791001303,100.0
4410,1,13.599497356184417,13.599497356184417,100.0
4410,2,73.67304085281428,73.67304085281428,100.0
4420,0,20.899354277172925,20.899354277172925,100.0
4420,1,13.212848325583549,13.212848325583549,100.0
4420,2,65.88779739724353,65.88779739724353,100.0
4430,0,17.485014291071536,17.485014291071536,100.0
4430,1,24.953298730240913,24.953298730240913,100.0
4430,2,57.561686978687554,57.561686978687554,100.0
4440,0,17.48161491473812,17.48161491473812,100.0
4440,1,19.00024422474826,19.00024422474826,100.0
4440,2,63.51814086051362,63.51814086051362,100.0
4450,0,31.607443747675923,31.607443747675923,100.0
4450,1,51.543273617487486,51.543273617487486,100.0
4450,2,16.849282634836605,16.849282634836605,100.0
4460,0,35.64505196299269,35.64505196299269,100.0
4460,1,41.695744582532626,41.695744582532626,100.0
4460,2,22.659203454474692,22.659203454474692,100.0
4470,0,11.343677229339649,11.343677229339649,100.0
4470,1,13.557165679099487,13.557165679099487,100.0
4470,2,75.09915709156087,75.09915709156087,100.0
4480,0,22.13660120141947,22.13660120141947,100.0
4480,1,20.674886612203245,20.674886612203245,100.0
4480,2,57.18851218637728,57.18851218637728,100.0
4490,0,16.55293410032373,16.55293410032373,100.0
4490,1,40.86322163336432,40.86322163336432,100.0
4490,2,42.58384426631195,42.58384426631195,100.0
4500,0,23.104471940876508,23.104471940876508,100.0
4500,1,55.11423681079929,55.11423681079929,100.0
4500,2,21.78129124832419,21.78129124832419,100.0
4510,0,54.51681779072415,54.51681779072415,100.0
4510,1,37.532058188009934,37.532058188009934,100.0
4510,2,7.951124021265916,7.951124021265916,100.0
4520,0,35.54223276231063,35.54223276231063,100.0
4520,1,54.33844754179,54.33844754179,100.0
4520,2,10.119319695899355,10.119319695899355,100.0
4530,0,11.226064103348316,11.226064103348316,100.0
4530,1,21.211636165660945,21.211636165660945,100.0
4530,2,67.56229973099074,67.56229973099074,100.0
4540,0,68.47180452043325,68.47180452043325,100.0
4540,1,12.516615828471497,12.516615828471497,100.0
4540,2,19.01157965109525,19.01157965109525,100.0
4550,0,36.292101064594405,36.292101064594405,100.0
4550,1,24.245230094397698,24.245230094397698,100.0
4550,2,39.46266884100789,39.46266884100789,100.0
4560,0,46.51871902623714,46.51871902623714,100.0
4560,1,26.60706125078109,26.60706125078109,100.0
4560,2,26.874219722981774,26.874219722981774,100.0
4570,0,29.80980964993779,29.80980964993779,100.0
4570,1,42.82987012203698,42.82987012203698,100.0
4570,2,27.36032022802523,27.36032022802523,100.0
4580,0,27.666922291210067,27.666922291210067,100.0
4580,1,59.87166889414374,59.87166889414374,100.0
4580,2,12.461408814646198,12.461408814646198,100.0
4590,0,13.012347640422481,13.012347640422481,100.0
4590,1,16.144056540146202,16.144056540146202,100.0
4590,2,70.84359581943133,70.84359581943133,100.0
4600,0,19.34321079168869,19.34321079168869,100.0
4600,1,37.16278868617269,37.16278868617269,100.0
4600,2,43.49400052213862,43.49400052213862,100.0
4610,0,16.420930553656746,16.420930553656746,100.0
4610,1,18.590102144422175,18.590102144422175,100.0
4610,2,64.98896730192108,64.98896730192108,100.0
4620,0,48.717399169349434,48.717399169349434,100.0
4620,1,35.52965555283799,35.52965555283799,100.0
4620,2,15.752945277812582,15.752945277812582,100.0
4630,0,48.12137774018426,48.12137774018426,100.0
4630,1,29.48418923215352,29.48418923215352,100.0
4630,2,22.394433027662224,22.394433027662224,100.0
4640,0,16.384043699857212,16.384043699857212,100.0
4640,1,37.48955474354019,37.48955474354019,100.0
4640,2,46.126401556602616,46.126401556602616,100.0
4650,0,10.696495378933948,10.696495378933948,100.0
4650,1,11.529047372153817,11.529047372153817,100.0
4650,2,77.77445724891223,77.77445724891223,100.0
4660,0,68.8798599613292,68.8798599613292,100.0
4660,1,14.075566466181838,14.075566466181838,100.0
4660,2,17.044573572488964,17.044573572488964,100.0
4670,0,12.174742664999478,12.174742664999478,100.0
4670,1,67.5927661264832,67.5927661264832,100.0
4670,2,20.232491208517324,20.232491208517324,100.0
4680,0,51.63524703212363,51.63524703212363,100.0
4680,1,15.873001713002854,15.873001713002854,100.0
4680,2,32.491751254873506,32.491751254873506,100.0
4690,0,35.01861534447743,35.01861534447743,100.0
4690,1,22.07655357912156,22.07655357912156,100.0
4690,2,42.90483107640101,42.90483107640101,100.0
4700,0,14.498668851335811,14.498668851335811,100.0
4700,1,48.241341737132444,48.241341737132444,100.0
4700,2,37.25998941153174,37.25998941153174,100.0
4710,0,25.804740359173795,25.804740359173795,100.0
4710,1,27.41598519477938,27.41598519477938,100.0
4710,2,46.77927444604683,46.77927444604683,100.0
4720,0,14.41091870592266,14.41091870592266,100.0
4720,1,16.4071305457061,16.4071305457061,100.0
4720,2,69.18195074837125,69.18195074837125,100.0
4730,0,40.64077591336164,40.64077591336164,100.0
4730,1,48.13341943321211,48.13341943321211,100.0
4730,2,11.225804653426255,11.225804653426255,100.0
4740,0,21.54860453470286,21.54860453470286,100.0
4740,1,42.756757606799546,42.756757606799546,100.0
4740,2,35.694637858497586,35.694637858497586,100.0
4750,0,29.145637241931237,29.145637241931237,100.0
4750,1,35.51066509340232,35.51066509340232,100.0
4750,2,35.34369766466645,35.34369766466645,100.0
4760,0,28.14876079048426,28.14876079048426,100.0
4760,1,47.16394336874837,47.16394336874837,100.0
4760,2,24.68729584076737,24.68729584076737,100.0
4770,0,17.090989613293655,17.090989613293655,100.0
4770,1,18.76098492555806,18.76098492555806,100.0
4770,2,64.14802546114828,64.14802546114828,100.0
4780,0,52.80236548887608,52.80236548887608,100.0
4780,1,37.93369390212612,37.93369390212612,100.0
4780,2,9.263940608997807,9.263940608997807,100.0
4790,0,29.448525402841724,29.448525402841724,100.0
4790,1,42.60492525388927,42.60492525388927,100.0
4790,2,27.946549343269005,27.946549343269005,100.0
4800,0,14.908053465910855,14.908053465910855,100.0
4800,1,45.55261873917291,45.55261873917291,100.0
4800,2,39.53932779491625,39.53932779491625,100.0
4810,0,66.42245945307357,66.42245945307357,100.0
4810,1,21.78586390952172,21.78586390952172,100.0
4810,2,11.791676637404723,11.791676637404723,100.0
4820,0,46.52149752715189,46.52149752715189,100.0
4820,1,39.14710667911942,39.14710667911942,100.0
4820,2,14.331395793728674,14.331395793728674,100.0
4830,0,10.98505590302456,10.98505590302456,100.0
4830,1,13.626195349084696,13.626195349084696,100.0
4830,2,75.38874874789076,75.38874874789076,100.0
4840,0,61.769823972227364,61.769823972227364,100.0
4840,1,12.038943525812714,12.038943525812714,100.0
4840,2,26.191232501959927,26.191232501959927,100.0
4850,0,39.661461291970284,39.661461291970284,100.0
4850,1,27.10337556243442,27.10337556243442,100.0
4850,2,33.23516314559531,33.23516314559531,100.0
4860,0,66.16261282136571,66.16261282136571,100.0
4860,1,18.740029561321535,18.740029561321535,100.0
4860,2,15.097357617312765,15.097357617312765,100.0
4870,0,43.89945330132126,43.89945330132126,100.0
4870,1,18.515541106412797,18.515541106412797,100.0
4870,2,37.58500559226596,37.58500559226596,100.0
4880,0,46.838326190567905,46.838326190567905,100.0
4880,1,23.252757564506112,23.252757564506112,100.0
4880,2,29.908916244925983,29.908916244925983,100.0
4890,0,11.862194134236475,11.862194134236475,100.0
4890,1,11.104159827549417,11.104159827549417,100.0
4890,2,77.03364603821412,77.03364603821412,100.0
4900,0,19.793241273079527,19.793241273079527,100.0
4900,1,65.57089913371314,65.57089913371314,100.0
4900,2,14.635859593207329,14.635859593207329,100.0
4910,0,34.109654578669726,34.109654578669726,100.0
4910,1,40.84373524309057,40.84373524309057,100.0
4910,2,25.04661017823972,25.04661017823972,100.0
4920,0,37.70528754528086,37.70528754528086,100.0
4920,1,33.890476216988105,33.890476216988105,100.0
4920,2,28.404236237731023,28.404236237731023,100.0
4930,0,17.182335535290147,17.182335535290147,100.0
4930,1,62.446139119398936,62.446139119398936,100.0
4930,2,20.371525345310914,20.371525345310914,100.0
4940,0,51.981391381330944,51.981391381330944,100.0
4940,1,19.98900354409266,19.98900354409266,100.0
4940,2,28.029605074576402,28.029605074576402,100.0
4950,0,11.570813305013768,11.570813305013768,100.0
4950,1,11.796788830727449,11.796788830727449,100.0
4950,2,76.63239786425879,76.63239786425879,100.0
4960,0,35.26552508977147,35.26552508977147,100.0
4960,1,49.512999541400845,49.512999541400845,100.0
4960,2,15.221475368827694,15.221475368827694,100.0
4970,0,44.77588319872435,44.77588319872435,100.0
4970,1,33.328021999226806,33.328021999226806,100.0
4970,2,21.896094802048836,21.896094802048836,100.0
4980,0,21.718984056410736,21.718984056410736,100.0
4980,1,47.32690040640286,47.32690040640286,100.0
4980,2,30.95411553718641,30.95411553718641,100.0
4990,0,15.853995577371045,15.853995577371045,100.0
4990,1,21.617556042333522,21.617556042333522,100.0
4990,2,62.528448380295444,62.528448380295444,100.0
5000,0,48.71295473940831,48.71295473940831,100.0
5000,1,35.74128811241881,35.74128811241881,100.0
5000,2,15.545757148172894,15.545757148172894,100.0
5010,0,10.294301471996544,10.294301471996544,100.0
5010,1,20.37231717562636,20.37231717562636,100.0
5010,2,69.3333813523771,69.3333813523771,100.0
5020,0,41.34115359826362,41.34115359826362,100.0
5020,1,42.035780650883495,42.035780650883495,100.0
5020,2,16.623065750852874,16.623065750852874,100.0
5030,0,51.542993493530375,51.542993493530375,100.0
5030,1,26.179660533450004,26.179660533450004,100.0
5030,2,22.277345973019617,22.277345973019617,100.0
5040,0,48.42472161944132,48.42472161944132,100.0
5040,1,20.608650970080575,20.608650970080575,100.0
5040,2,30.966627410478115,30.966627410478115,100.0
5050,0,36.00554618516513,36.00554618516513,100.0
5050,1,45.91750731476541,45.91750731476541,100.0
5050,2,18.076946500069475,18.076946500069475,100.0
5060,0,12.24733007102171,12.24733007102171,100.0
5060,1,38.61276084493472,38.61276084493472,100.0
5060,2,49.13990908404357,49.13990908404357,100.0
5070,0,15.392489219086853,15.392489219086853,100.0
5070,1,17.05249234377235,17.05249234377235,100.0
5070,2,67.55501843714079,67.55501843714079,100.0
5080,0,21.482960369589527,21.482960369589527,100.0
5080,1,46.185664612041364,46.185664612041364,100.0
5080,2,32.331375018369116,32.331375018369116,100.0
5090,0,37.063885394396245,37.063885394396245,100.0
5090,1,36.986551143861064,36.986551143861064,100.0
5090,2,25.94956346174269,25.94956346174269,100.0
5100,0,43.71801818761026,43.71801818761026,100.0
5100,1,37.897475384721155,37.897475384721155,100.0
5100,2,18.384506427668583,18.384506427668583,100.0
5110,0,22.465554260308544,22.465554260308544,100.0
5110,1,43.237580993857684,43.237580993857684,100.0
5110,2,34.29686474583377,34.29686474583377,100.0
5120,0,48.760608914382686,48.760608914382686,100.0
5120,1,31.354710810513048,31.354710810513048,100.0
5120,2,19.884680275104273,19.884680275104273,100.0
5130,0,11.4608014203309,11.4608014203309,100.0
5130,1,11.694238634117509,11.694238634117509,100.0
5130,2,76.8449599455516,76.8449599455516,100.0
5140,0,53.66464753093126,53.66464753093126,100.0
5140,1,27.497685240842234,27.497685240842234,100.0
5140,2,18.8376672282265,18.8376672282265,100.0
5150,0,39.55219754530647,39.55219754530647,100.0
5150,1,20.15931349040587,20.15931349040587,100.0
5150,2,40.28848896428766,40.28848896428766,100.0
5160,0,31.301248129484716,31.301248129484716,100.0
5160,1,41.32607185687259,41.32607185687259,100.0
5160,2,27.372680013642707,27.372680013642707,100.0
5170,0,50.254821045831875,50.254821045831875,100.0
5170,1,29.064450896474437,29.064450896474437,100.0
5170,2,20.68072805769368,20.68072805769368,100.0
5180,0,49.515644964968644,49.515644964968644,100.0
5180,1,17.71726236448943,17.71726236448943,100.0
5180,2,32.76709267054191,32.76709267054191,100.0
5190,0,12.505002895555911,12.505002895555911,100.0
5190,1,11.817740527023817,11.817740527023817,100.0
5190,2,75.67725657742028,75.67725657742028,100.0
5200,0,40.31717067910625,40.31717067910625,100.0
5200,1,46.009361727239884,46.009361727239884,100.0
5200,2,13.673467593653863,13.673467593653863,100.0
5210,0,50.05168868816837,50.05168868816837,100.0
5210,1,20.70425617512668,20.70425617512668,100.0
5210,2,29.24405513670495,29.24405513670495,100.0
5220,0,25.97491994209334,25.97491994209334,100.0
5220,1,37.49797949834306,37.49797949834306,100.0
5220,2,36.52710055956361,36.52710055956361,100.0
5230,0,37.45251589471588,37.45251589471588,100.0
5230,1,41.93375657850007,41.93375657850007,100.0
5230,2,20.613727526784047,20.613727526784047,100.0
5240,0,24.112106236109746,24.112106236109746,100.0
5240,1,52.03963281198194,52.03963281198194,100.0
5240,2,23.848260951908326,23.848260951908326,100.0
5250,0,12.143660751855718,12.143660751855718,100.0
5250,1,15.345798203177793,15.345798203177793,100.0
5250,2,72.51054104496649,72.51054104496649,100.0
5260,0,50.28158616950914,50.28158616950914,100.0
5260,1,31.813672477503573,31.813672477503573,100.0
5260,2,17.904741352987287,17.904741352987287,100.0
5270,0,15.971426201120572,15.971426201120572,100.0
5270,1,32.32190836335578,32.32190836335578,100.0
5270,2,51.70666543552365,51.70666543552365,100.0
5280,0,68.95485038860316,68.95485038860316,100.0
5280,1,20.75967907599174,20.75967907599174,100.0
5280,2,10.28547053540511,10.28547053540511,100.0
5290,0,45.54247342881139,45.54247342881139,100.0
5290,1,32.578007257977184,32.578007257977184,100.0
5290,2,21.879519313211425,21.879519313211425,100.0
5300,0,51.498728775546454,51.498728775546454,100.0
5300,1,36.019408254636836,36.019408254636836,100.0
5300,2,12.481862969816717,12.481862969816717,100.0
5310,0,19.417063521764934,19.417063521764934,100.0
5310,1,14.366485799619069,14.366485799619069,100.0
5310,2,66.21645067861598,66.21645067861598,100.0
5320,0,71.51849180044117,71.51849180044117,100.0
5320,1,13.150294312545554,13.150294312545554,100.0
5320,2,15.33121388701327,15.33121388701327,100.0
5330,0,35.91519617721328,35.91519617721328,100.0
5330,1,32.60416110515325,32.60416110515325,100.0
5330,2,31.480642717633465,31.480642717633465,100.0
5340,0,40.00831734795348,40.00831734795348,100.0
5340,1,19.819144332632213,19.819144332632213,100.0
5340,2,40.17253831941431,40.17253831941431,100.0
5350,0,18.43342887034576,18.43342887034576,100.0
5350,1,17.213518365526866,17.213518365526866,100.0
5350,2,64.35305276412737,64.35305276412737,100.0
5360,0,10.508483086236904,10.508483086236904,100.0
5360,1,44.357597002631096,44.357597002631096,100.0
5360,2,45.13391991113201,45.13391991113201,100.0
5370,0,22.43458227176534,22.43458227176534,100.0
5370,1,21.819804496490715,21.819804496490715,100.0
5370,2,55.74561323174395,55.74561323174395,100.0
5380,0,40.69211934472029,40.69211934472029,100.0
5380,1,47.418177839221634,47.418177839221634,100.0
5380,2,11.889702816058083,11.889702816058083,100.0
5390,0,42.51160836063374,42.51160836063374,100.0
5390,1,33.32735727701013,33.32735727701013,100.0
5390,2,24.16103436235614,24.16103436235614,100.0
5400,0,57.47488246888878,57.47488246888878,100.0
5400,1,22.468940096382074,22.468940096382074,100.0
5400,2,20.05617743472915,20.05617743472915,100.0
5410,0,25.78740027110272,25.78740027110272,100.0
5410,1,49.42965065343809,49.42965065343809,100.0
5410,2,24.78294907545919,24.78294907545919,100.0
5420,0,14.827025578568396,14.827025578568396,100.0
5420,1,28.563443573262454,28.563443573262454,100.0
5420,2,56.60953084816916,56.60953084816916,100.0
5430,0,11.360098765136984,11.360098765136984,100.0
5430,1,10.90051622762327,10.90051622762327,100.0
5430,2,77.73938500723975,77.73938500723975,100.0
5440,0,37.92865658964067,37.92865658964067,100.0
5440,1,22.42240250127162,22.42240250127162,100.0
5440,2,39.64894090908772,39.64894090908772,100.0
5450,0,15.833944588343726,15.833944588343726,100.0
5450,1,46.409629379635724,46.409629379635724,100.0
5450,2,37.756426032020556,37.756426032020556,100.0
5460,0,33.40899219754972,33.40899219754972,100.0
5460,1,15.153109902056613,15.153109902056613,100.0
5460,2,51.43789790039367,51.43789790039367,100.0
5470,0,57.68704322724011,57.68704322724011,100.0
5470,1,32.64722524928802,32.64722524928802,100.0
5470,2,9.665731523471873,9.665731523471873,100.0
5480,0,37.00132210363019,37.00132210363019,100.0
5480,1,40.951479330989585,40.951479330989585,100.0
5480,2,22.04719856538023,22.04719856538023,100.0
5490,0,16.81719916022694,16.81719916022694,100.0
5490,1,19.376226919842786,19.376226919842786,100.0
5490,2,63.806573919930266,63.806573919930266,100.0
5500,0,16.596782654108846,16.596782654108846,100.0
5500,1,57.49220893740002,57.49220893740002,100.0
5500,2,25.91100840849113,25.91100840849113,100.0
5510,0,24.876051529447043,24.876051529447043,100.0
5510,1,47.19645092193358,47.19645092193358,100.0
5510,2,27.927497548619378,27.927497548619378,100.0
5520,0,18.034160825150227,18.034160825150227,100.0
5520,1,65.22857964706354,65.22857964706354,100.0
5520,2,16.73725952778623,16.73725952778623,100.0
5530,0,28.48027847489941,28.48027847489941,100.0
5530,1,54.63258532806607,54.63258532806607,100.0
5530,2,16.88713619703451,16.88713619703451,100.0
5540,0,12.759494773282412,12.759494773282412,100.0
5540,1,69.67135536240106,69.67135536240106,100.0
5540,2,17.569149864316543,17.569149864316543,100.0
5550,0,14.625513413300506,14.625513413300506,100.0
5550,1,27.136938648910636,27.136938648910636,100.0
5550,2,58.23754793778886,58.23754793778886,100.0
5560,0,44.79965191175747,44.79965191175747,100.0
5560,1,43.16122485518585,43.16122485518585,100.0
5560,2,12.039123233056683,12.039123233056683,100.0
5570,0,15.759758767890336,15.759758767890336,100.0
5570,1,13.371946642870954,13.371946642870954,100.0
5570,2,70.86829458923873,70.86829458923873,100.0
5580,0,51.76766653405417,51.76766653405417,100.0
5580,1,28.03374128663187,28.03374128663187,100.0
5580,2,20.198592179313966,20.198592179313966,100.0
5590,0,54.62114439123384,54.62114439123384,100.0
5590,1,19.67590897664165,19.67590897664165,100.0
5590,2,25.70294663212451,25.70294663212451,100.0
5600,0,26.80799280414935,26.80799280414935,100.0
5600,1,53.83451823185431,53.83451823185431,100.0
5600,2,19.357488963996335,19.357488963996335,100.0
5610,0,24.75432372519651,24.75432372519651,100.0
5610,1,23.03784656025948,23.03784656025948,100.0
5610,2,52.207829714544005,52.207829714544005,100.0
5620,0,21.851242678636744,21.851242678636744,100.0
5620,1,27.73017754605992,27.73017754605992,100.0
5620,2,50.41857977530334,50.41857977530334,100.0
5630,0,18.703231126804205,18.703231126804205,100.0
5630,1,35.88447509383406,35.88447509383406,100.0
5630,2,45.412293779361725,45.412293779361725,100.0
5640,0,14.93160508597286,14.93160508597286,100.0
5640,1,66.93064276328793,66.93064276328793,100.0
5640,2,18.13775215073921,18.13775215073921,100.0
5650,0,48.12353966612624,48.12353966612624,100.0
5650,1,24.57615226941934,24.57615226941934,100.0
5650,2,27.300308064454427,27.300308064454427,100.0
5660,0,45.40613994623473,45.40613994623473,100.0
5660,1,13.579967542383004,13.579967542383004,100.0
5660,2,41.01389251138228,41.01389251138228,100.0
5670,0,22.45470016433078,22.45470016433078,100.0
5670,1,19.936827712509313,19.936827712509313,100.0
5670,2,57.608472123159906,57.608472123159906,100.0
5680,0,34.72013314167062,34.72013314167062,100.0
5680,1,41.86503109576983,41.86503109576983,100.0
5680,2,23.41483576255956,23.41483576255956,100.0
5690,0,34.47287142749585,34.47287142749585,100.0
5690,1,13.993469425041717,13.993469425041717,100.0
5690,2,51.533659147462444,51.533659147462444,100.0
5700,0,30.045059631977182,30.045059631977182,100.0
5700,1,47.37830394465537,47.37830394465537,100.0
5700,2,22.576636423367432,22.576636423367432,100.0
5710,0,50.01786303844216,50.01786303844216,100.0
5710,1,11.05571214853429,11.05571214853429,100.0
5710,2,38.926424813023544,38.926424813023544,100.0
5720,0,25.220313831004443,25.220313831004443,100.0
5720,1,17.8445492567645,17.8445492567645,100.0
5720,2,56.93513691223105,56.93513691223105,100.0
5730,0,15.407196873262905,15.407196873262905,100.0
5730,1,13.981180561187914,13.981180561187914,100.0
5730,2,70.6116225655492,70.6116225655492,100.0
5740,0,41.07403126921558,41.07403126921558,100.0
5740,1,36.86955827428331,36.86955827428331,100.0
5740,2,22.056410456501112,22.056410456501112,100.0
5750,0,58.917253825083336,58.917253825083336,100.0
5750,1,16.369752388419744,16.369752388419744,100.0
5750,2,24.712993786496916,24.712993786496916,100.0
5760,0,26.32757007791311,26.32757007791311,100.0
5760,1,62.68482132205063,62.68482132205063,100.0
5760,2,10.987608600036253,10.987608600036253,100.0
5770,0,37.627820684227615,37.627820684227615,100.0
5770,1,27.73413900109328,27.73413900109328,100.0
5770,2,34.6380403146791,34.6380403146791,100.0
5780,0,53.26594171172654,53.26594171172654,100.0
5780,1,13.673338347578026,13.673338347578026,100.0
5780,2,33.06071994069543,33.06071994069543,100.0
5790,0,17.7184179788018,17.7184179788018,100.0
5790,1,22.441096096446703,22.441096096446703,100.0
5790,2,59.840485924751505,59.840485924751505,100.0
5800,0,27.727825955875122,27.727825955875122,100.0
5800,1,47.51728361431212,47.51728361431212,100.0
5800,2,24.75489042981276,24.75489042981276,100.0
5810,0,36.00763536677133,36.00763536677133,100.0
5810,1,45.828290395220264,45.828290395220264,100.0
5810,2,18.1640742380084,18.1640742380084,100.0
5820,0,28.848836518568998,28.848836518568998,100.0
5820,1,34.71119030588986,34.71119030588986,100.0
5820,2,36.439973175541134,36.439973175541134,100.0
5830,0,66.18333101870707,66.18333101870707,100.0
5830,1,22.676044800625725,22.676044800625725,100.0
5830,2,11.140624180667222,11.140624180667222,100.0
5840,0,14.957282850135961,14.957282850135961,100.0
5840,1,73.90570079169511,73.90570079169511,100.0
5840,2,11.137016358168927,11.137016358168927,100.0
5850,0,16.280331288219003,16.280331288219003,100.0
5850,1,16.514248356846554,16.514248356846554,100.0
5850,2,67.20542035493445,67.20542035493445,100.0
5860,0,29.388805469729647,29.388805469729647,100.0
5860,1,27.579238021047814,27.579238021047814,100.0
5860,2,43.03195650922253,43.03195650922253,100.0
5870,0,35.57493367113562,35.57493367113562,100.0
5870,1,28.61106112827635,28.61106112827635,100.0
5870,2,35.81400520058803,35.81400520058803,100.0
5880,0,29.11625052503169,29.11625052503169,100.0
5880,1,11.965292602352246,11.965292602352246,100.0
5880,2,58.91845687261606,58.91845687261606,100.0
5890,0,18.96782232190997,18.96782232190997,100.0
5890,1,50.46334537110613,50.46334537110613,100.0
5890,2,30.5688323069839,30.5688323069839,100.0
5900,0,22.194349700837847,22.194349700837847,100.0
5900,1,49.170902973482185,49.170902973482185,100.0
5900,2,28.634747325679967,28.634747325679967,100.0
5910,0,13.152695298167988,13.152695298167988,100.0
5910,1,15.763116802527913,15.763116802527913,100.0
5910,2,71.0841878993041,71.0841878993041,100.0
5920,0,26.003388341198562,26.003388341198562,100.0
5920,1,22.477549428650796,22.477549428650796,100.0
5920,2,51.51906223015064,51.51906223015064,100.0
5930,0,39.50461774502241,39.50461774502241,100.0
5930,1,47.19058411106671,47.19058411106671,100.0
5930,2,13.304798143910881,13.304798143910881,100.0
5940,0,48.718998080950506,48.718998080950506,100.0
5940,1,33.45115638637481,33.45115638637481,100.0
5940,2,17.829845532674685,17.829845532674685,100.0
5950,0,11.336633600397686,11.336633600397686,100.0
5950,1,46.6245249477965,46.6245249477965,100.0
5950,2,42.0388414518058,42.0388414518058,100.0
5960,0,10.101256217395989,10.101256217395989,100.0
5960,1,45.86719821542767,45.86719821542767,100.0
5960,2,44.03154556717633,44.03154556717633,100.0
5970,0,13.331895195068933,13.331895195068933,100.0
5970,1,10.759752286703298,10.759752286703298,100.0
5970,2,75.90835251822777,75.90835251822777,100.0
5980,0,48.97281889725246,48.97281889725246,100.0
5980,1,25.21564015813011,25.21564015813011,100.0
5980,2,25.811540944617434,25.811540944617434,100.0
5990,0,42.9544980001821,42.9544980001821,100.0
5990,1,25.53086464577073,25.53086464577073,100.0
5990,2,31.51463735404717,31.51463735404717,100.0
6000,0,36.06292592109366,36.06292592109366,100.0
6000,1,39.68090284523943,39.68090284523943,100.0
6000,2,24.256171233666915,24.256171233666915,100.0
6010,0,41.45251670480688,41.45251670480688,100.0
6010,1,31.282403071255597,31.282403071255597,100.0
6010,2,27.265080223937527,27.265080223937527,100.0
6020,0,60.49127786628101,60.49127786628101,100.0
6020,1,12.537294255727932,12.537294255727932,100.0
6020,2,26.971427877991065,26.971427877991065,100.0
6030,0,16.19467544059815,16.19467544059815,100.0
6030,1,15.064830849928995,15.064830849928995,100.0
6030,2,68.74049370947286,68.74049370947286,100.0
6040,0,44.20320578976994,44.20320578976994,100.0
6040,1,37.58749163770215,37.58749163770215,100.0
6040,2,18.209302572527914,18.209302572527914,100.0
6050,0,51.47992130663581,51.47992130663581,100.0
6050,1,15.251873687491962,15.251873687491962,100.0
6050,2,33.26820500587222,33.26820500587222,100.0
6060,0,45.628357908321725,45.628357908321725,100.0
6060,1,31.44771358914079,31.44771358914079,100.0
6060,2,22.92392850253749,22.92392850253749,100.0
6070,0,59.957968643595784,59.957968643595784,100.0
6070,1,18.593377481169117,18.593377481169117,100.0
6070,2,21.448653875235106,21.448653875235106,100.0
6080,0,41.21489795669011,41.21489795669011,100.0
6080,1,36.32668172773336,36.32668172773336,100.0
6080,2,22.45842031557653,22.45842031557653,100.0
6090,0,11.816897475347858,11.816897475347858,100.0
6090,1,12.0771008311092,12.0771008311092,100.0
6090,2,76.10600169354294,76.10600169354294,100.0
6100,0,30.882120337167347,30.882120337167347,100.0
6100,1,45.174531242640676,45.174531242640676,100.0
6100,2,23.94334842019198,23.94334842019198,100.0
6110,0,30.163936985308755,30.163936985308755,100.0
6110,1,24.014266694268454,24.014266694268454,100.0
6110,2,45.8217963204228,45.8217963204228,100.0
6120,0,10.271010634383213,10.271010634383213,100.0
6120,1,48.073482224392926,48.073482224392926,100.0
6120,2,41.655507141223865,41.655507141223865,100.0
6130,0,60.69843288316168,60.69843288316168,100.0
6130,1,24.682355636544425,24.682355636544425,100.0
6130,2,14.619211480293897,14.619211480293897,100.0
6140,0,17.081220725475355,17.081220725475355,100.0
6140,1,49.53566038481452,49.53566038481452,100.0
6140,2,33.38311888971013,33.38311888971013,100.0
6150,0,11.718031105604384,11.718031105604384,100.0
6150,1,11.796242064255571,11.796242064255571,100.0
6150,2,76.48572683014004,76.48572683014004,100.0
6160,0,28.912466003705184,28.912466003705184,100.0
6160,1,29.439345024704895,29.439345024704895,100.0
6160,2,41.648188971589924,41.648188971589924,100.0
6170,0,40.9089156307488,40.9089156307488,100.0
6170,1,33.432483247001706,33.432483247001706,100.0
6170,2,25.658601122249486,25.658601122249486,100.0
6180,0,11.553634903416302,11.553634903416302,100.0
6180,1,54.5950201055724,54.5950201055724,100.0
6180,2,33.851344991011295,33.851344991011295,100.0
6190,0,57.19351274129942,57.19351274129942,100.0
6190,1,22.705451882189358,22.705451882189358,100.0
6190,2,20.101035376511224,20.101035376511224,100.0
6200,0,13.127141376145932,13.127141376145932,100.0
6200,1,32.53078231810922,32.53078231810922,100.0
6200,2,54.342076305744854,54.342076305744854,100.0
6210,0,11.46566300098003,11.46566300098003,100.0
6210,1,12.310067215256788,12.310067215256788,100.0
6210,2,76.22426978376319,76.22426978376319,100.0
6220,0,56.038320771414305,56.038320771414305,100.0
6220,1,21.4336915680316,21.4336915680316,100.0
6220,2,22.52798766055409,22.52798766055409,100.0
6230,0,17.411035082261684,17.411035082261684,100.0
6230,1,52.76638799508824,52.76638799508824,100.0
6230,2,29.822576922650086,29.822576922650086,100.0
6240,0,22.755084550075253,22.755084550075253,100.0
6240,1,44.773116537773205,44.773116537773205,100.0
6240,2,32.47179891215154,32.47179891215154,100.0
6250,0,42.60128793093496,42.60128793093496,100.0
6250,1,21.087170740044108,21.087170740044108,100.0
6250,2,36.31154132902094,36.31154132902094,100.0
6260,0,47.49212318567292,47.49212318567292,100.0
6260,1,10.582018436421146,10.582018436421146,100.0
6260,2,41.92585837790594,41.92585837790594,100.0
6270,0,31.501443469968155,31.501443469968155,100.0
6270,1,31.841506327701524,31.841506327701524,100.0
6270,2,36.657050202330325,36.657050202330325,100.0
6280,0,14.005078469033844,14.005078469033844,100.0
6280,1,57.84485479917472,57.84485479917472,100.0
6280,2,28.15006673179145,28.15006673179145,100.0
6290,0,24.83484813930696,24.83484813930696,100.0
6290,1,21.251341934950517,21.251341934950517,100.0
6290,2,53.91380992574252,53.91380992574252,100.0
6300,0,29.401619114289012,29.401619114289012,100.0
6300,1,50.630276314450384,50.630276314450384,100.0
6300,2,19.968104571260596,19.968104571260596,100.0
6310,0,14.037371785093683,14.037371785093683,100.0
6310,1,14.812449932770527,14.812449932770527,100.0
6310,2,71.1501782821358,71.1501782821358,100.0
6320,0,47.898642766261915,47.898642766261915,100.0
6320,1,10.175130906340907,10.175130906340907,100.0
6320,2,41.92622632739718,41.92622632739718,100.0
6330,0,13.85929024975965,13.85929024975965,100.0
6330,1,15.94046649511002,15.94046649511002,100.0
6330,2,70.20024325513033,70.20024325513033,100.0
6340,0,64.27648133964485,64.27648133964485,100.0
6340,1,12.025183381292305,12.025183381292305,100.0
6340,2,23.698335279062853,23.698335279062853,100.0
6350,0,17.043164458145377,17.043164458145377,100.0
6350,1,41.85223891286331,41.85223891286331,100.0
6350,2,41.10459662899132,41.10459662899132,100.0
6360,0,44.83066602904908,44.83066602904908,100.0
6360,1,29.75292513531648,29.75292513531648,100.0
6360,2,25.416408835634442,25.416408835634442,100.0
6370,0,29.881619773496958,29.881619773496958,100.0
6370,1,58.5630055202384,58.5630055202384,100.0
6370,2,11.555374706264645,11.555374706264645,100.0
6380,0,70.61601294526291,70.61601294526291,100.0
6380,1,17.7584997490362,17.7584997490362,100.0
6380,2,11.625487305700904,11.625487305700904,100.0
6390,0,11.355473522052835,11.355473522052835,100.0
6390,1,11.396733952482213,11.396733952482213,100.0
6390,2,77.24779252546496,77.24779252546496,100.0
6400,0,55.71461945886036,55.71461945886036,100.0
6400,1,31.78941429030765,31.78941429030765,100.0
6400,2,12.495966250831994,12.495966250831994,100.0
6410,0,16.80629481714475,16.80629481714475,100.0
6410,1,38.06199937017887,38.06199937017887,100.0
6410,2,45.13170581267639,45.13170581267639,100.0
6420,0,45.70564955102359,45.70564955102359,100.0
6420,1,46.95433018955613,46.95433018955613,100.0
6420,2,7.340020259420278,7.340020259420278,100.0
6430,0,53.903107400183124,53.903107400183124,100.0
6430,1,30.008582179545375,30.008582179545375,100.0
6430,2,16.08831042027151,16.08831042027151,100.0
6440,0,32.724975613444215,32.724975613444215,100.0
6440,1,25.764256884660895,25.764256884660895,100.0
6440,2,41.51076750189489,41.51076750189489,100.0
6450,0,17.861888001992774,17.861888001992774,100.0
6450,1,18.59442095558002,18.59442095558002,100.0
6450,2,63.543691042427206,63.543691042427206,100.0
6460,0,45.23255535059218,45.23255535059218,100.0
6460,1,30.088852268966264,30.088852268966264,100.0
6460,2,24.67859238044155,24.67859238044155,100.0
6470,0,20.33590787889644,20.33590787889644,100.0
6470,1,53.90274370349738,53.90274370349738,100.0
6470,2,25.761348417606182,25.761348417606182,100.0
6480,0,15.837042744525592,15.837042744525592,100.0
6480,1,65.5978009834581,65.5978009834581,100.0
6480,2,18.565156272016306,18.565156272016306,100.0
6490,0,40.030611224116996,40.030611224116996,100.0
6490,1,33.295361005626994,33.295361005626994,100.0
6490,2,26.674027770256004,26.674027770256004,100.0
6500,0,64.74019564057264,64.74019564057264,100.0
6500,1,17.92169672701136,17.92169672701136,100.0
6500,2,17.338107632415998,17.338107632415998,100.0
6510,0,19.393862530802267,19.393862530802267,100.0
6510,1,13.797273762491875,13.797273762491875,100.0
6510,2,66.80886370670586,66.80886370670586,100.0
6520,0,36.179960188838876,36.179960188838876,100.0
6520,1,13.005754201991296,13.005754201991296,100.0
6520,2,50.81428560916983,50.81428560916983,100.0
6530,0,42.09202007545147,42.09202007545147,100.0
6530,1,47.1076091612546,47.1076091612546,100.0
6530,2,10.800370763293927,10.800370763293927,100.0
6540,0,46.4510113235729,46.4510113235729,100.0
6540,1,26.048340115761636,26.048340115761636,100.0
6540,2,27.500648560665468,27.500648560665468,100.0
6550,0,22.269279073583238,22.269279073583238,100.0
6550,1,35.17751975070354,35.17751975070354,100.0
6550,2,42.55320117571323,42.55320117571323,100.0
6560,0,27.83219520496598,27.83219520496598,100.0
6560,1,56.39581410778229,56.39581410778229,100.0
6560,2,15.77199068725173,15.77199068725173,100.0
6570,0,10.684516582353444,10.684516582353444,100.0
6570,1,13.295152492132603,13.295152492132603,100.0
6570,2,76.02033092551396,76.02033092551396,100.0
6580,0,34.09251534926315,34.09251534926315,100.0
6580,1,26.756007170119517,26.756007170119517,100.0
6580,2,39.15147748061732,39.15147748061732,100.0
6590,0,24.372811192312287,24.372811192312287,100.0
6590,1,43.81513697497081,43.81513697497081,100.0
6590,2,31.812051832716893,31.812051832716893,100.0
6600,0,58.44384673823176,58.44384673823176,100.0
6600,1,31.01913978627634,31.01913978627634,100.0
6600,2,10.537013475491907,10.537013475491907,100.0
6610,0,60.02271367962274,60.02271367962274,100.0
6610,1,12.885656569407885,12.885656569407885,100.0
6610,2,27.091629750969386,27.091629750969386,100.0
6620,0,43.123639120673054,43.123639120673054,100.0
6620,1,34.315733594142905,34.315733594142905,100.0
6620,2,22.56062728518405,22.56062728518405,100.0
6630,0,11.885855663058868,11.885855663058868,100.0
6630,1,11.971508628753647,11.971508628753647,100.0
6630,2,76.14263570818748,76.14263570818748,100.0
6640,0,16.026587101522203,16.026587101522203,100.0
6640,1,49.35856639770081,49.35856639770081,100.0
6640,2,34.61484650077698,34.61484650077698,100.0
6650,0,26.788270844178403,26.788270844178403,100.0
6650,1,29.53789942140674,29.53789942140674,100.0
6650,2,43.67382973441486,43.67382973441486,100.0
6660,0,69.48568499431931,69.48568499431931,100.0
6660,1,12.42538922183635,12.42538922183635,100.0
6660,2,18.08892578384434,18.08892578384434,100.0
6670,0,50.81316123214077,50.81316123214077,100.0
6670,1,16.387484229901077,16.387484229901077,100.0
6670,2,32.79935453795816,32.79935453795816,100.0
6680,0,38.19953433968657,38.19953433968657,100.0
6680,1,12.694768196473879,12.694768196473879,100.0
6680,2,49.105697463839554,49.105697463839554,100.0
6690,0,11.54900543245801,11.54900543245801,100.0
6690,1,11.521593218632896,11.521593218632896,100.0
6690,2,76.9294013489091,76.9294013489091,100.0
6700,0,50.77818157763389,50.77818157763389,100.0
6700,1,28.86536147351627,28.86536147351627,100.0
6700,2,20.356456948849846,20.356456948849846,100.0
6710,0,42.72289576169612,42.72289576169612,100.0
6710,1,17.041687914909552,17.041687914909552,100.0
6710,2,40.235416323394325,40.235416323394325,100.0
6720,0,35.34525487173563,35.34525487173563,100.0
6720,1,47.17405206916657,47.17405206916657,100.0
6720,2,17.48069305909781,17.48069305909781,100.0
6730,0,36.28639299851019,36.28639299851019,100.0
6730,1,29.316089749297948,29.316089749297948,100.0
6730,2,34.397517252191875,34.397517252191875,100.0
6740,0,49.14233550713969,49.14233550713969,100.0
6740,1,39.46410782003541,39.46410782003541,100.0
6740,2,11.393556672824905,11.393556672824905,100.0
6750,0,12.915881239495617,12.915881239495617,100.0
6750,1,13.061016051876296,13.061016051876296,100.0
6750,2,74.0231027086281,74.0231027086281,100.0
6760,0,45.02637179855344,45.02637179855344,100.0
6760,1,24.463323241556733,24.463323241556733,100.0
6760,2,30.510304959889815,30.510304959889815,100.0
6770,0,17.67022127372672,17.67022127372672,100.0
6770,1,28.85132641912093,28.85132641912093,100.0
6770,2,53.478452307152345,53.478452307152345,100.0
6780,0,18.608990400170626,18.608990400170626,100.0
6780,1,51.75122459649999,51.75122459649999,100.0
6780,2,29.63978500332939,29.63978500332939,100.0
6790,0,22.35955544080765,22.35955544080765,100.0
6790,1,27.14207132661558,27.14207132661558,100.0
6790,2,50.498373232576775,50.498373232576775,100.0
6800,0,25.593933930724884,25.593933930724884,100.0
6800,1,30.64939692491822,30.64939692491822,100.0
6800,2,43.756669144356906,43.756669144356906,100.0
6810,0,13.312458557798207,13.312458557798207,100.0
6810,1,13.610281706889493,13.610281706889493,100.0
6810,2,73.07725973531231,73.07725973531231,100.0
6820,0,62.40539303274086,62.40539303274086,100.0
6820,1,17.536005037399384,17.536005037399384,100.0
6820,2,20.05860192985976,20.05860192985976,100.0
6830,0,70.09331342238441,70.09331342238441,100.0
6830,1,16.037019990046254,16.037019990046254,100.0
6830,2,13.869666587569329,13.869666587569329,100.0
6840,0,18.523526538646536,18.523526538646536,100.0
6840,1,40.91207330600016,40.91207330600016,100.0
6840,2,40.5644001553533,40.5644001553533,100.0
6850,0,11.653877269204187,11.653877269204187,100.0
6850,1,55.48413812432823,55.48413812432823,100.0
6850,2,32.86198460646758,32.86198460646758,100.0
6860,0,42.24423155406759,42.24423155406759,100.0
6860,1,46.17534164435821,46.17534164435821,100.0
6860,2,11.580426801574195,11.580426801574195,100.0
6870,0,11.98542348819905,11.98542348819905,100.0
6870,1,14.937342160994483,14.937342160994483,100.0
6870,2,73.07723435080648,73.07723435080648,100.0
6880,0,34.71842540784102,34.71842540784102,100.0
6880,1,56.52493778054839,56.52493778054839,100.0
6880,2,8.756636811610582,8.756636811610582,100.0
6890,0,49.07049099004202,49.07049099004202,100.0
6890,1,20.557841830532674,20.557841830532674,100.0
6890,2,30.371667179425316,30.371667179425316,100.0
6900,0,14.006058149958298,14.006058149958298,100.0
6900,1,13.85218628335792,13.85218628335792,100.0
6900,2,72.14175556668378,72.14175556668378,100.0
6910,0,36.30252959677044,36.30252959677044,100.0
6910,1,35.16319025371203,35.16319025371203,100.0
6910,2,28.534280149517517,28.534280149517517,100.0
6920,0,57.23191033577503,57.23191033577503,100.0
6920,1,12.534475643794682,12.534475643794682,100.0
6920,2,30.233614020430295,30.233614020430295,100.0
6930,0,11.048282349592698,11.048282349592698,100.0
6930,1,15.181396829519949,15.181396829519949,100.0
6930,2,73.77032082088736,73.77032082088736,100.0
6940,0,16.648681106270917,16.648681106270917,100.0
6940,1,60.41562521490824,60.41562521490824,100.0
6940,2,22.93569367882084,22.93569367882084,100.0
6950,0,13.090364674943977,13.090364674943977,100.0
6950,1,67.57848816602443,67.57848816602443,100.0
6950,2,19.33114715903159,19.33114715903159,100.0
6960,0,51.844754451937945,51.844754451937945,100.0
6960,1,28.051312922528414,28.051312922528414,100.0
6960,2,20.103932625533638,20.103932625533638,100.0
6970,0,52.224698031285186,52.224698031285186,100.0
6970,1,22.040520504410214,22.040520504410214,100.0
6970,2,25.734781464304596,25.734781464304596,100.0
6980,0,28.29582818845741,28.29582818845741,100.0
6980,1,60.14787850692541,60.14787850692541,100.0
6980,2,11.556293304617183,11.556293304617183,100.0
6990,0,12.06572715524388,12.06572715524388,100.0
6990,1,11.795115036800514,11.795115036800514,100.0
6990,2,76.1391578079556,76.1391578079556,100.0
7000,0,32.008082846812755,32.008082846812755,100.0
7000,1,24.081795846249047,24.081795846249047,100.0
7000,2,43.910121306938194,43.910121306938194,100.0
7010,0,16.315267193775487,16.315267193775487,100.0
7010,1,22.460790617280857,22.460790617280857,100.0
7010,2,61.22394218894366,61.22394218894366,100.0
7020,0,27.68951788313042,27.68951788313042,100.0
7020,1,52.480178352341454,52.480178352341454,100.0
7020,2,19.83030376452811,19.83030376452811,100.0
7030,0,30.272559140875156,30.272559140875156,100.0
7030,1,32.772193367286974,32.772193367286974,100.0
7030,2,36.955247491837866,36.955247491837866,100.0
7040,0,38.44076298157668,38.44076298157668,100.0
7040,1,33.18482418484099,33.18482418484099,100.0
7040,2,28.374412833582337,28.374412833582337,100.0
7050,0,12.655744463323682,12.655744463323682,100.0
7050,1,12.87171033110804,12.87171033110804,100.0
7050,2,74.47254520556828,74.47254520556828,100.0
7060,0,8.927198647223673,8.927198647223673,100.0
7060,1,45.479573898570266,45.479573898570266,100.0
7060,2,45.59322745420607,45.59322745420607,100.0
7070,0,58.33074517015155,58.33074517015155,100.0
7070,1,26.88552631903524,26.88552631903524,100.0
7070,2,14.783728510813207,14.783728510813207,100.0
7080,0,44.55753692195597,44.55753692195597,100.0
7080,1,33.44881131542873,33.44881131542873,100.0
7080,2,21.993651762615304,21.993651762615304,100.0
7090,0,36.01743164981092,36.01743164981092,100.0
7090,1,45.1085596044617,45.1085596044617,100.0
7090,2,18.874008745727373,18.874008745727373,100.0
7100,0,12.456239243120143,12.456239243120143,100.0
7100,1,46.45433652488057,46.45433652488057,100.0
7100,2,41.08942423199928,41.08942423199928,100.0
7110,0,14.419092461125057,14.419092461125057,100.0
7110,1,14.254872674758728,14.254872674758728,100.0
7110,2,71.32603486411622,71.32603486411622,100.0
7120,0,37.02083358788471,37.02083358788471,100.0
7120,1,52.1769547202964,52.1769547202964,100.0
7120,2,10.802211691818894,10.802211691818894,100.0
7130,0,47.320962585054396,47.320962585054396,100.0
7130,1,18.51300934743463,18.51300934743463,100.0
7130,2,34.166028067510986,34.166028067510986,100.0
7140,0,50.88067379619486,50.88067379619486,100.0
7140,1,29.478948435212327,29.478948435212327,100.0
7140,2,19.640377768592803,19.640377768592803,100.0
7150,0,33.77097583506552,33.77097583506552,100.0
7150,1,32.92513402553802,32.92513402553802,100.0
7150,2,33.30389013939647,33.30389013939647,100.0
7160,0,27.711488052548965,27.711488052548965,100.0
7160,1,54.19659953632935,54.19659953632935,100.0
7160,2,18.091912411121687,18.091912411121687,100.0
7170,0,10.392884696172212,10.392884696172212,100.0
7170,1,22.772134259837802,22.772134259837802,100.0
7170,2,66.83498104399,66.83498104399,100.0
7180,0,17.93523462146746,17.93523462146746,100.0
7180,1,56.66211617786274,56.66211617786274,100.0
7180,2,25.402649200669806,25.402649200669806,100.0
7190,0,26.184755153509975,26.184755153509975,100.0
7190,1,37.07027682948969,37.07027682948969,100.0
7190,2,36.74496801700033,36.74496801700033,100.0
7200,0,14.99790294297975,14.99790294297975,100.0
7200,1,15.244525931688724,15.244525931688724,100.0
7200,2,69.75757112533152,69.75757112533152,100.0
7210,0,41.99167909887168,41.99167909887168,100.0
7210,1,28.936886721970108,28.936886721970108,100.0
7210,2,29.071434179158228,29.071434179158228,100.0
7220,0,18.215876512686258,18.215876512686258,100.0
7220,1,37.24040674140707,37.24040674140707,100.0
7220,2,44.54371674590668,44.54371674590668,100.0
7230,0,10.748430729170073,10.748430729170073,100.0
7230,1,11.503659374853882,11.503659374853882,100.0
7230,2,77.74790989597605,77.74790989597605,100.0
7240,0,34.67389087650426,34.67389087650426,100.0
7240,1,38.13547534559431,38.13547534559431,100.0
7240,2,27.190633777901446,27.190633777901446,100.0
7250,0,43.40986598988781,43.40986598988781,100.0
7250,1,35.36118096525304,35.36118096525304,100.0
7250,2,21.228953044859153,21.228953044859153,100.0
7260,0,59.84285445327525,59.84285445327525,100.0
7260,1,30.46598997257305,30.46598997257305,100.0
7260,2,9.6911555741517,9.6911555741517,100.0
7270,0,28.931628384109924,28.931628384109924,100.0
7270,1,32.13169279365174,32.13169279365174,100.0
7270,2,38.936678822238335,38.936678822238335,100.0
7280,0,15.4335349306228,15.4335349306228,100.0
7280,1,62.68926264781517,62.68926264781517,100.0
7280,2,21.877202421562032,21.877202421562032,100.0
7290,0,16.18809804597139,16.18809804597139,100.0
7290,1,12.560060349709875,12.560060349709875,100.0
7290,2,71.25184160431873,71.25184160431873,100.0
7300,0,10.997940274070922,10.997940274070922,100.0
7300,1,48.46194245300993,48.46194245300993,100.0
7300,2,40.54011727291915,40.54011727291915,100.0
7310,0,38.5591566303013,38.5591566303013,100.0
7310,1,31.425486056161805,31.425486056161805,100.0
7310,2,30.01535731353689,30.01535731353689,100.0
7320,0,48.19878372097147,48.19878372097147,100.0
7320,1,20.86674448488045,20.86674448488045,100.0
7320,2,30.934471794148077,30.934471794148077,100.0
7330,0,36.273538288732915,36.273538288732915,100.0
7330,1,35.09443026310796,35.09443026310796,100.0
7330,2,28.63203144815913,28.63203144815913,100.0
7340,0,17.830008352424777,17.830008352424777,100.0
7340,1,41.44645731959874,41.44645731959874,100.0
7340,2,40.72353432797649,40.72353432797649,100.0
7350,0,12.145500440427053,12.145500440427053,100.0
7350,1,14.204109830459752,14.204109830459752,100.0
7350,2,73.6503897291132,73.6503897291132,100.0
7360,0,63.949077786933195,63.949077786933195,100.0
7360,1,24.644175830056884,24.644175830056884,100.0
7360,2,11.406746383009917,11.406746383009917,100.0
7370,0,14.442857149092514,14.442857149092514,100.0
7370,1,61.5788017978077,61.5788017978077,100.0
7370,2,23.97834105309978,23.97834105309978,100.0
7380,0,22.602418821715485,22.602418821715485,100.0
7380,1,63.711683388260724,63.711683388260724,100.0
7380,2,13.685897790023787,13.685897790023787,100.0
7390,0,25.756353258929703,25.756353258929703,100.0
7390,1,47.97269595946913,47.97269595946913,100.0
7390,2,26.270950781601176,26.270950781601176,100.0
7400,0,25.31775187861821,25.31775187861821,100.0
7400,1,39.26683514568084,39.26683514568084,100.0
7400,2,35.41541297570095,35.41541297570095,100.0
7410,0,13.119814713979219,13.119814713979219,100.0
7410,1,13.162919716073295,13.162919716073295,100.0
7410,2,73.71726556994749,73.71726556994749,100.0
7420,0,33.83956316524866,33.83956316524866,100.0
7420,1,43.45794048361118,43.45794048361118,100.0
7420,2,22.702496351140155,22.702496351140155,100.0
7430,0,57.34815385457765,57.34815385457765,100.0
7430,1,20.88079845222442,20.88079845222442,100.0
7430,2,21.771047693197932,21.771047693197932,100.0
7440,0,26.313630562317247,26.313630562317247,100.0
7440,1,52.42443165161866,52.42443165161866,100.0
7440,2,21.261937786064095,21.261937786064095,100.0
7450,0,59.91369133150738,59.91369133150738,100.0
7450,1,20.005351591493,20.005351591493,100.0
7450,2,20.080957076999624,20.080957076999624,100.0
7460,0,47.227942845935765,47.227942845935765,100.0
7460,1,42.35224131323338,42.35224131323338,100.0
7460,2,10.41981584083085,10.41981584083085,100.0
7470,0,13.770855554032742,13.770855554032742,100.0
7470,1,12.13440897381735,12.13440897381735,100.0
7470,2,74.0947354721499,74.0947354721499,100.0
7480,0,25.364130333820263,25.364130333820263,100.0
7480,1,17.08601318349807,17.08601318349807,100.0
7480,2,57.54985648268167,57.54985648268167,100.0
7490,0,20.43366711402543,20.43366711402543,100.0
7490,1,12.91291464275613,12.91291464275613,100.0
7490,2,66.65341824321844,66.65341824321844,100.0
7500,0,18.27396032112602,18.27396032112602,100.0
7500,1,64.4577729759462,64.4577729759462,100.0
7500,2,17.268266702927775,17.268266702927775,100.0
7510,0,17.567544567305603,17.567544567305603,100.0
7510,1,17.51413549277193,17.51413549277193,100.0
7510,2,64.91831993992247,64.91831993992247,100.0
7520,0,28.777147058928943,28.777147058928943,100.0
7520,1,35.815640196125685,35.815640196125685,100.0
7520,2,35.40721274494537,35.40721274494537,100.0
7530,0,12.384050235600547,12.384050235600547,100.0
7530,1,14.028835174878084,14.028835174878084,100.0
7530,2,73.58711458952138,73.58711458952138,100.0
7540,0,70.15797390791252,70.15797390791252,100.0
7540,1,13.026368559281334,13.026368559281334,100.0
7540,2,16.815657532806153,16.815657532806153,100.0
7550,0,44.930564276495225,44.930564276495225,100.0
7550,1,43.484640744262585,43.484640744262585,100.0
7550,2,11.584794979242188,11.584794979242188,100.0
7560,0,41.77863865263371,41.77863865263371,100.0
7560,1,41.11242502210138,41.11242502210138,100.0
7560,2,17.10893632526492,17.10893632526492,100.0
7570,0,27.10121492039069,27.10121492039069,100.0
7570,1,47.61451316643823,47.61451316643823,100.0
7570,2,25.28427191317108,25.28427191317108,100.0
7580,0,13.89713140967478,13.89713140967478,100.0
7580,1,53.39095734773308,53.39095734773308,100.0
7580,2,32.711911242592144,32.711911242592144,100.0
7590,0,14.57901296524099,14.57901296524099,100.0
7590,1,14.112347114212549,14.112347114212549,100.0
7590,2,71.30863992054647,71.30863992054647,100.0
7600,0,35.417580078785264,35.417580078785264,100.0
7600,1,32.99574470635924,32.99574470635924,100.0
7600,2,31.586675214855493,31.586675214855493,100.0
7610,0,18.959596788657652,18.959596788657652,100.0
7610,1,54.3588947213218,54.3588947213218,100.0
7610,2,26.68150849002054,26.68150849002054,100.0
7620,0,45.15770339796929,45.15770339796929,100.0
7620,1,43.61182573492016,43.61182573492016,100.0
7620,2,11.230470867110547,11.230470867110547,100.0
7630,0,13.316343444027925,13.316343444027925,100.0
7630,1,31.203486822877334,31.203486822877334,100.0
7630,2,55.48016973309474,55.48016973309474,100.0
7640,0,33.12406189261522,33.12406189261522,100.0
7640,1,36.77458302400565,36.77458302400565,100.0
7640,2,30.101355083379122,30.101355083379122,100.0
7650,0,15.749193045921233,15.749193045921233,100.0
7650,1,16.687083210468014,16.687083210468014,100.0
7650,2,67.56372374361075,67.56372374361075,100.0
7660,0,26.112613849638745,26.112613849638745,100.0
7660,1,53.81292421940571,53.81292421940571,100.0
7660,2,20.074461930955557,20.074461930955557,100.0
7670,0,46.253340590094695,46.253340590094695,100.0
7670,1,26.0104603604774,26.0104603604774,100.0
7670,2,27.736199049427913,27.736199049427913,100.0
7680,0,8.724705399539737,8.724705399539737,100.0
7680,1,45.79078535176438,45.79078535176438,100.0
7680,2,45.484509248695886,45.484509248695886,100.0
7690,0,24.848400411931078,24.848400411931078,100.0
7690,1,63.63934932597369,63.63934932597369,100.0
7690,2,11.512250262095236,11.512250262095236,100.0
7700,0,29.95910512504264,29.95910512504264,100.0
7700,1,37.31896631002492,37.31896631002492,100.0
7700,2,32.72192856493243,32.72192856493243,100.0
7710,0,19.630815548656074,19.630815548656074,100.0
7710,1,16.984143293373286,16.984143293373286,100.0
7710,2,63.38504115797065,63.38504115797065,100.0
7720,0,23.782461985951304,23.782461985951304,100.0
7720,1,46.557866301340354,46.557866301340354,100.0
7720,2,29.659671712708334,29.659671712708334,100.0
7730,0,10.211408207531294,10.211408207531294,100.0
7730,1,48.95417828833447,48.95417828833447,100.0
7730,2,40.83441350413424,40.83441350413424,100.0
7740,0,20.52183106274164,20.52183106274164,100.0
7740,1,51.14542390628486,51.14542390628486,100.0
7740,2,28.3327450309735,28.3327450309735,100.0
7750,0,25.060520221649714,25.060520221649714,100.0
7750,1,60.427894111535295,60.427894111535295,100.0
7750,2,14.511585666814986,14.511585666814986,100.0
7760,0,30.558122997085412,30.558122997085412,100.0
7760,1,45.81669498189076,45.81669498189076,100.0
7760,2,23.62518202102382,23.62518202102382,100.0
7770,0,11.34171507140312,11.34171507140312,100.0
7770,1,13.403449250007862,13.403449250007862,100.0
7770,2,75.254835678589,75.254835678589,100.0
7780,0,37.483270094116165,37.483270094116165,100.0
7780,1,53.02674861105901,53.02674861105901,100.0
7780,2,9.489981294824815,9.489981294824815,100.0
7790,0,23.07525316596246,23.07525316596246,100.0
7790,1,46.61710166305911,46.61710166305911,100.0
7790,2,30.307645170978425,30.307645170978425,100.0
7800,0,57.6887177240207,57.6887177240207,100.0
7800,1,26.36921315362386,26.36921315362386,100.0
7800,2,15.942069122355443,15.942069122355443,100.0
7810,0,11.655911188110553,11.655911188110553,100.0
7810,1,32.249905724859744,32.249905724859744,100.0
7810,2,56.094183087029705,56.094183087029705,100.0
7820,0,12.711330071768973,12.711330071768973,100.0
7820,1,34.840053983357286,34.840053983357286,100.0
7820,2,52.448615944873744,52.448615944873744,100.0
7830,0,14.584374199012457,14.584374199012457,100.0
7830,1,17.174169461943176,17.174169461943176,100.0
7830,2,68.24145633904438,68.24145633904438,100.0
7840,0,51.520479335307236,51.520479335307236,100.0
7840,1,11.946926303192484,11.946926303192484,100.0
7840,2,36.53259436150027,36.53259436150027,100.0
7850,0,36.31456783024288,36.31456783024288,100.0
7850,1,22.317150301103702,22.317150301103702,100.0
7850,2,41.368281868653426,41.368281868653426,100.0
7860,0,29.299999413961782,29.299999413961782,100.0
7860,1,39.51737157853712,39.51737157853712,100.0
7860,2,31.182629007501088,31.182629007501088,100.0
7870,0,49.55285609963065,49.55285609963065,100.0
7870,1,20.77869705538976,20.77869705538976,100.0
7870,2,29.668446844979595,29.668446844979595,100.0
7880,0,48.020974309379376,48.020974309379376,100.0
7880,1,11.853326033402253,11.853326033402253,100.0
7880,2,40.12569965721837,40.12569965721837,100.0
7890,0,27.448868495424804,27.448868495424804,100.0
7890,1,29.545719825728124,29.545719825728124,100.0
7890,2,43.00541167884707,43.00541167884707,100.0
7900,0,10.781020539896266,10.781020539896266,100.0
7900,1,47.38507474639643,47.38507474639643,100.0
7900,2,41.83390471370731,41.83390471370731,100.0
7910,0,33.30854858393077,33.30854858393077,100.0
7910,1,42.083543729718556,42.083543729718556,100.0
7910,2,24.60790768635067,24.60790768635067,100.0
7920,0,23.492604291621376,23.492604291621376,100.0
7920,1,25.31551144840992,25.31551144840992,100.0
7920,2,51.1918842599687,51.1918842599687,100.0
7930,0,11.793108024393218,11.793108024393218,100.0
7930,1,37.74551917511025,37.74551917511025,100.0
7930,2,50.46137280049653,50.46137280049653,100.0
7940,0,10.605056043095187,10.605056043095187,100.0
7940,1,63.969185767931215,63.969185767931215,100.0
7940,2,25.425758188973607,25.425758188973607,100.0
7950,0,12.944596201906341,12.944596201906341,100.0
7950,1,12.648029739889232,12.648029739889232,100.0
7950,2,74.40737405820443,74.40737405820443,100.0
7960,0,26.388791634477194,26.388791634477194,100.0
7960,1,40.80673988531568,40.80673988531568,100.0
7960,2,32.804468480207134,32.804468480207134,100.0
7970,0,71.65622751677736,71.65622751677736,100.0
7970,1,15.458066377757792,15.458066377757792,100.0
7970,2,12.885706105464854,12.885706105464854,100.0
7980,0,35.5359288002321,35.5359288002321,100.0
7980,1,46.81774687841255,46.81774687841255,100.0
7980,2,17.64632432135534,17.64632432135534,100.0
7990,0,53.84769779651669,53.84769779651669,100.0
7990,1,32.67994746947099,32.67994746947099,100.0
7990,2,13.47235473401232,13.47235473401232,100.0
8000,0,50.895660895878066,50.895660895878066,100.0
8000,1,18.52250022689923,18.52250022689923,100.0
8000,2,30.5818388772227,30.5818388772227,100.0
8010,0,19.662562279902904,19.662562279902904,100.0
8010,1,18.106597191236176,18.106597191236176,100.0
8010,2,62.23084052886093,62.23084052886093,100.0
8020,0,17.35993232118922,17.35993232118922,100.0
8020,1,16.904414841077458,16.904414841077458,100.0
8020,2,65.73565283773331,65.73565283773331,100.0
8030,0,17.0610557514795,17.0610557514795,100.0
8030,1,25.29881733490108,25.29881733490108,100.0
8030,2,57.64012691361942,57.64012691361942,100.0
8040,0,11.857891869154773,11.857891869154773,100.0
8040,1,60.05836154241829,60.05836154241829,100.0
8040,2,28.083746588426933,28.083746588426933,100.0
8050,0,22.020205919204557,22.020205919204557,100.0
8050,1,58.83305198461378,58.83305198461378,100.0
8050,2,19.14674209618166,19.14674209618166,100.0
8060,0,25.047388389750203,25.047388389750203,100.0
8060,1,60.64880296802736,60.64880296802736,100.0
8060,2,14.303808642222435,14.303808642222435,100.0
8070,0,13.836073132253931,13.836073132253931,100.0
8070,1,12.290519311071769,12.290519311071769,100.0
8070,2,73.8734075566743,73.8734075566743,100.0
8080,0,23.420227857781516,23.420227857781516,100.0
8080,1,15.573656917777177,15.573656917777177,100.0
8080,2,61.00611522444132,61.00611522444132,100.0
8090,0,32.170681374479045,32.170681374479045,100.0
8090,1,16.282124756252102,16.282124756252102,100.0
8090,2,51.547193869268845,51.547193869268845,100.0
8100,0,40.211403668800564,40.211403668800564,100.0
8100,1,24.65666836955333,24.65666836955333,100.0
8100,2,35.1319279616461,35.1319279616461,100.0
8110,0,26.15688734781682,26.15688734781682,100.0
8110,1,55.14523992867796,55.14523992867796,100.0
8110,2,18.69787272350523,18.69787272350523,100.0
8120,0,18.862526909988013,18.862526909988013,100.0
8120,1,28.11141830158795,28.11141830158795,100.0
8120,2,53.026054788424034,53.026054788424034,100.0
8130,0,15.791942544294951,15.791942544294951,100.0
8130,1,17.245527464824264,17.245527464824264,100.0
8130,2,66.96252999088078,66.96252999088078,100.0
8140,0,31.146640781866687,31.146640781866687,100.0
8140,1,56.969410568443244,56.969410568443244,100.0
8140,2,11.883948649690064,11.883948649690064,100.0
8150,0,16.88622706016908,16.88622706016908,100.0
8150,1,36.60762130454222,36.60762130454222,100.0
8150,2,46.50615163528869,46.50615163528869,100.0
8160,0,36.154387174896044,36.154387174896044,100.0
8160,1,23.652832584227834,23.652832584227834,100.0
8160,2,40.19278024087611,40.19278024087611,100.0
8170,0,21.711010312371226,21.711010312371226,100.0
8170,1,62.42645157679918,62.42645157679918,100.0
8170,2,15.862538110829602,15.862538110829602,100.0
8180,0,38.07601031257159,38.07601031257159,100.0
8180,1,19.737797706671273,19.737797706671273,100.0
8180,2,42.186191980757144,42.186191980757144,100.0
8190,0,11.373267036879199,11.373267036879199,100.0
8190,1,11.66736102479011,11.66736102479011,100.0
8190,2,76.95937193833069,76.95937193833069,100.0
8200,0,12.073523213976456,12.073523213976456,100.0
8200,1,62.621138388924976,62.621138388924976,100.0
8200,2,25.30533839709857,25.30533839709857,100.0
8210,0,20.147894363540566,20.147894363540566,100.0
8210,1,40.49690009680122,40.49690009680122,100.0
8210,2,39.355205539658215,39.355205539658215,100.0
8220,0,45.76528121369336,45.76528121369336,100.0
8220,1,22.667260277454755,22.667260277454755,100.0
8220,2,31.56745850885188,31.56745850885188,100.0
8230,0,30.647929064530544,30.647929064530544,100.0
8230,1,57.5829836892018,57.5829836892018,100.0
8230,2,11.769087246267663,11.769087246267663,100.0
8240,0,18.933404992579764,18.933404992579764,100.0
8240,1,27.89088320496444,27.89088320496444,100.0
8240,2,53.17571180245581,53.17571180245581,100.0
8250,0,12.228827414274502,12.228827414274502,100.0
8250,1,12.031421364608434,12.031421364608434,100.0
8250,2,75.73975122111706,75.73975122111706,100.0
8260,0,8.609540856292277,8.609540856292277,100.0
8260,1,42.70792987769079,42.70792987769079,100.0
8260,2,48.68252926601695,48.68252926601695,100.0
8270,0,26.807403024954944,26.807403024954944,100.0
8270,1,56.673827578579406,56.673827578579406,100.0
8270,2,16.51876939646565,16.51876939646565,100.0
8280,0,35.3309300926143,35.3309300926143,100.0
8280,1,31.090998112796363,31.090998112796363,100.0
8280,2,33.578071794589334,33.578071794589334,100.0
8290,0,45.96493704448374,45.96493704448374,100.0
8290,1,32.23698292895638,32.23698292895638,100.0
8290,2,21.798080026559884,21.798080026559884,100.0
8300,0,29.806309235172357,29.806309235172357,100.0
8300,1,37.66415073229913,37.66415073229913,100.0
8300,2,32.52954003252852,32.52954003252852,100.0
8310,0,14.728980627151758,14.728980627151758,100.0
8310,1,17.264327217905,17.264327217905,100.0
8310,2,68.00669215494325,68.00669215494325,100.0
8320,0,49.27728054060218,49.27728054060218,100.0
8320,1,37.62011611699936,37.62011611699936,100.0
8320,2,13.102603342398456,13.102603342398456,100.0
8330,0,39.90684262706108,39.90684262706108,100.0
8330,1,47.595054875049264,47.595054875049264,100.0
8330,2,12.498102497889663,12.498102497889663,100.0
8340,0,26.174609055423787,26.174609055423787,100.0
8340,1,47.861967038112695,47.861967038112695,100.0
8340,2,25.96342390646351,25.96342390646351,100.0
8350,0,9.438680240203285,9.438680240203285,100.0
8350,1,46.2293136848328,46.2293136848328,100.0
8350,2,44.332006074963914,44.332006074963914,100.0
8360,0,25.11805021733386,25.11805021733386,100.0
8360,1,33.720094153231486,33.720094153231486,100.0
8360,2,41.16185562943467,41.16185562943467,100.0
8370,0,11.80363872468186,11.80363872468186,100.0
8370,1,11.139439560209537,11.139439560209537,100.0
8370,2,77.0569217151086,77.0569217151086,100.0
8380,0,17.060527793524546,17.060527793524546,100.0
8380,1,58.899574778729225,58.899574778729225,100.0
8380,2,24.039897427746226,24.039897427746226,100.0
8390,0,23.508129727575827,23.508129727575827,100.0
8390,1,60.53586075281645,60.53586075281645,100.0
8390,2,15.956009519607711,15.956009519607711,100.0
8400,0,59.077200032329245,59.077200032329245,100.0
8400,1,13.354550322650837,13.354550322650837,100.0
8400,2,27.56824964501992,27.56824964501992,100.0
8410,0,23.050684976131055,23.050684976131055,100.0
8410,1,37.69086666289731,37.69086666289731,100.0
8410,2,39.25844836097165,39.25844836097165,100.0
8420,0,26.04137891424154,26.04137891424154,100.0
8420,1,59.14391606225586,59.14391606225586,100.0
8420,2,14.814705023502611,14.814705023502611,100.0
8430,0,10.58100630485217,10.58100630485217,100.0
8430,1,15.953920369176998,15.953920369176998,100.0
8430,2,73.46507332597083,73.46507332597083,100.0
8440,0,46.608748531163684,46.608748531163684,100.0
8440,1,37.001126001639946,37.001126001639946,100.0
8440,2,16.39012546719637,16.39012546719637,100.0
8450,0,41.278936730495076,41.278936730495076,100.0
8450,1,35.597648566200334,35.597648566200334,100.0
8450,2,23.12341470330459,23.12341470330459,100.0
8460,0,20.088760547531763,20.088760547531763,100.0
8460,1,23.678585470975452,23.678585470975452,100.0
8460,2,56.23265398149279,56.23265398149279,100.0
8470,0,41.33684519180041,41.33684519180041,100.0
8470,1,22.870910287027595,22.870910287027595,100.0
8470,2,35.792244521171995,35.792244521171995,100.0
8480,0,22.361358936348893,22.361358936348893,100.0
8480,1,45.30758422987071,45.30758422987071,100.0
8480,2,32.331056833780394,32.331056833780394,100.0
8490,0,13.295375186368277,13.295375186368277,100.0
8490,1,13.975491009477892,13.975491009477892,100.0
8490,2,72.72913380415383,72.72913380415383,100.0
8500,0,34.18439476063255,34.18439476063255,100.0
8500,1,41.640464857584675,41.640464857584675,100.0
8500,2,24.17514038178277,24.17514038178277,100.0
8510,0,8.082137808138752,8.082137808138752,100.0
8510,1,40.9495482013234,40.9495482013234,100.0
8510,2,50.96831399053785,50.96831399053785,100.0
8520,0,21.948117984902836,21.948117984902836,100.0
8520,1,23.487429111502863,23.487429111502863,100.0
8520,2,54.564452903594294,54.564452903594294,100.0
8530,0,48.06824067551562,48.06824067551562,100.0
8530,1,42.5797201001931,42.5797201001931,100.0
8530,2,9.352039224291289,9.352039224291289,100.0
8540,0,63.76900539707393,63.76900539707393,100.0
8540,1,25.623280631442576,25.623280631442576,100.0
8540,2,10.607713971483495,10.607713971483495,100.0
8550,0,13.73877838957966,13.73877838957966,100.0
8550,1,12.652378712786295,12.652378712786295,100.0
8550,2,73.60884289763405,73.60884289763405,100.0
8560,0,34.117193692399766,34.117193692399766,100.0
8560,1,41.98975033536483,41.98975033536483,100.0
8560,2,23.89305597223541,23.89305597223541,100.0
8570,0,19.455283505603216,19.455283505603216,100.0
8570,1,62.947949511345726,62.947949511345726,100.0
8570,2,17.596766983051065,17.596766983051065,100.0
8580,0,24.792567147222375,24.792567147222375,100.0
8580,1,51.623646868888486,51.623646868888486,100.0
8580,2,23.583785983889143,23.583785983889143,100.0
8590,0,61.72112377221629,61.72112377221629,100.0
8590,1,25.44851532803275,25.44851532803275,100.0
8590,2,12.830360899750959,12.830360899750959,100.0
8600,0,45.02233512639263,45.02233512639263,100.0
8600,1,9.092591675928128,9.092591675928128,100.0
8600,2,45.88507319767923,45.88507319767923,100.0
8610,0,12.001547446064613,12.001547446064613,100.0
8610,1,12.474002140905656,12.474002140905656,100.0
8610,2,75.52445041302973,75.52445041302973,100.0
8620,0,28.641273315573123,28.641273315573123,100.0
8620,1,29.222254377762642,29.222254377762642,100.0
8620,2,42.13647230666424,42.13647230666424,100.0
8630,0,17.562656275130568,17.562656275130568,100.0
8630,1,59.352111331031686,59.352111331031686,100.0
8630,2,23.085232393837746,23.085232393837746,100.0
8640,0,37.86336462380939,37.86336462380939,100.0
8640,1,51.559331416699436,51.559331416699436,100.0
8640,2,10.577303959491182,10.577303959491182,100.0
8650,0,57.706826984535084,57.706826984535084,100.0
8650,1,32.36670617485373,32.36670617485373,100.0
8650,2,9.92646684061117,9.92646684061117,100.0
8660,0,24.508340095201543,24.508340095201543,100.0
8660,1,32.008809655382606,32.008809655382606,100.0
8660,2,43.48285024941586,43.48285024941586,100.0
8670,0,13.053726104185145,13.053726104185145,100.0
8670,1,13.030289356083308,13.030289356083308,100.0
8670,2,73.91598453973155,73.91598453973155,100.0
8680,0,48.68892395985401,48.68892395985401,100.0
8680,1,25.641876053633055,25.641876053633055,100.0
8680,2,25.669199986512947,25.669199986512947,100.0
8690,0,33.959522256785185,33.959522256785185,100.0
8690,1,47.52973682150266,47.52973682150266,100.0
8690,2,18.51074092171216,18.51074092171216,100.0
8700,0,36.410449878719795,36.410449878719795,100.0
8700,1,40.59960719689368,40.59960719689368,100.0
8700,2,22.989942924386533,22.989942924386533,100.0
8710,0,22.189368579782478,22.189368579782478,100.0
8710,1,38.73795090523272,38.73795090523272,100.0
8710,2,39.07268051498482,39.07268051498482,100.0
8720,0,67.39803087507629,67.39803087507629,100.0
8720,1,16.506421548662043,16.506421548662043,100.0
8720,2,16.09554757626168,16.09554757626168,100.0
8730,0,11.680242410940302,11.680242410940302,100.0
8730,1,18.59316222006311,18.59316222006311,100.0
8730,2,69.72659536899658,69.72659536899658,100.0
8740,0,26.93970746599951,26.93970746599951,100.0
8740,1,55.75920472427555,55.75920472427555,100.0
8740,2,17.301087809724937,17.301087809724937,100.0
8750,0,48.82247535071599,48.82247535071599,100.0
8750,1,17.50440737768898,17.50440737768898,100.0
8750,2,33.67311727159503,33.67311727159503,100.0
8760,0,51.41945070216608,51.41945070216608,100.0
8760,1,35.0896460392959,35.0896460392959,100.0
8760,2,13.490903258538026,13.490903258538026,100.0
8770,0,58.82167700593561,58.82167700593561,100.0
8770,1,17.96372004073795,17.96372004073795,100.0
8770,2,23.214602953326445,23.214602953326445,100.0
8780,0,18.25774698031512,18.25774698031512,100.0
8780,1,46.37059587494427,46.37059587494427,100.0
8780,2,35.37165714474061,35.37165714474061,100.0
8790,0,11.922338578924926,11.922338578924926,100.0
8790,1,12.54622758846787,12.54622758846787,100.0
8790,2,75.53143383260719,75.53143383260719,100.0
8800,0,9.248495672379947,9.248495672379947,100.0
8800,1,44.68991642012355,44.68991642012355,100.0
8800,2,46.061587907496495,46.061587907496495,100.0
8810,0,15.438803846411925,15.438803846411925,100.0
8810,1,25.61124962841001,25.61124962841001,100.0
8810,2,58.94994652517806,58.94994652517806,100.0
8820,0,43.44512578445232,43.44512578445232,100.0
8820,1,15.976181380268764,15.976181380268764,100.0
8820,2,40.57869283527892,40.57869283527892,100.0
8830,0,44.45560351330679,44.45560351330679,100.0
8830,1,21.99521197628751,21.99521197628751,100.0
8830,2,33.549184510405695,33.549184510405695,100.0
8840,0,42.207102520816235,42.207102520816235,100.0
8840,1,22.798001686106,22.798001686106,100.0
8840,2,34.99489579307777,34.99489579307777,100.0
8850,0,12.6886815434801,12.6886815434801,100.0
8850,1,12.56243840411341,12.56243840411341,100.0
8850,2,74.74888005240649,74.74888005240649,100.0
8860,0,29.142291656070523,29.142291656070523,100.0
8860,1,48.235242472773066,48.235242472773066,100.0
8860,2,22.62246587115643,22.62246587115643,100.0
8870,0,30.714320666210597,30.714320666210597,100.0
8870,1,37.422737691728884,37.422737691728884,100.0
8870,2,31.862941642060523,31.862941642060523,100.0
8880,0,11.881636288168934,11.881636288168934,100.0
8880,1,48.82422211179877,48.82422211179877,100.0
8880,2,39.2941416000323,39.2941416000323,100.0
8890,0,43.23902440969964,43.23902440969964,100.0
8890,1,33.734398352034674,33.734398352034674,100.0
8890,2,23.026577238265684,23.026577238265684,100.0
8900,0,9.446448625389078,9.446448625389078,100.0
8900,1,52.56610053437319,52.56610053437319,100.0
8900,2,37.98745084023773,37.98745084023773,100.0
8910,0,21.56682555323859,21.56682555323859,100.0
8910,1,37.2217293149447,37.2217293149447,100.0
8910,2,41.21144513181671,41.21144513181671,100.0
8920,0,49.513127613142224,49.513127613142224,100.0
8920,1,26.018861494664865,26.018861494664865,100.0
8920,2,24.468010892192922,24.468010892192922,100.0
8930,0,51.22542878315291,51.22542878315291,100.0
8930,1,34.89143751008578,34.89143751008578,100.0
8930,2,13.883133706761322,13.883133706761322,100.0
8940,0,18.104808690894046,18.104808690894046,100.0
8940,1,43.485273046403755,43.485273046403755,100.0
8940,2,38.409918262702206,38.409918262702206,100.0
8950,0,36.40376610092992,36.40376610092992,100.0
8950,1,45.34245653996172,45.34245653996172,100.0
8950,2,18.253777359108348,18.253777359108348,100.0
8960,0,45.22547347962283,45.22547347962283,100.0
8960,1,34.361650389642385,34.361650389642385,100.0
8960,2,20.412876130734784,20.412876130734784,100.0
8970,0,15.781360491784133,15.781360491784133,100.0
8970,1,20.797126506785737,20.797126506785737,100.0
8970,2,63.42151300143013,63.42151300143013,100.0
8980,0,14.60341858578965,14.60341858578965,100.0
8980,1,37.61005355428172,37.61005355428172,100.0
8980,2,47.786527859928626,47.786527859928626,100.0
8990,0,44.77103384226793,44.77103384226793,100.0
8990,1,14.614300367134891,14.614300367134891,100.0
8990,2,40.614665790597186,40.614665790597186,100.0
9000,0,35.54616039242886,35.54616039242886,100.0
9000,1,39.43464931312831,39.43464931312831,100.0
9000,2,25.019190294442822,25.019190294442822,100.0
9010,0,15.641171455691847,15.641171455691847,100.0
9010,1,36.722132594210635,36.722132594210635,100.0
9010,2,47.63669595009751,47.63669595009751,100.0
9020,0,15.05316697290053,15.05316697290053,100.0
9020,1,50.43983207010382,50.43983207010382,100.0
9020,2,34.507000956995654,34.507000956995654,100.0
9030,0,12.345895549708617,12.345895549708617,100.0
9030,1,15.896071039362287,15.896071039362287,100.0
9030,2,71.7580334109291,71.7580334109291,100.0
9040,0,22.396097916672037,22.396097916672037,100.0
9040,1,58.488254432347745,58.488254432347745,100.0
9040,2,19.115647650980232,19.115647650980232,100.0
9050,0,28.494959352282102,28.494959352282102,100.0
9050,1,49.775294370853054,49.775294370853054,100.0
9050,2,21.729746276864848,21.729746276864848,100.0
9060,0,37.12369955724286,37.12369955724286,100.0
9060,1,53.759142740226686,53.759142740226686,100.0
9060,2,9.117157702530454,9.117157702530454,100.0
9070,0,50.88406820336289,50.88406820336289,100.0
9070,1,35.710167758647074,35.710167758647074,100.0
9070,2,13.405764037990034,13.405764037990034,100.0
9080,0,16.177021382560287,16.177021382560287,100.0
9080,1,58.69036328335956,58.69036328335956,100.0
9080,2,25.132615334080157,25.132615334080157,100.0
9090,0,11.924936568730782,11.924936568730782,100.0
9090,1,15.132115335159435,15.132115335159435,100.0
9090,2,72.94294809610979,72.94294809610979,100.0
9100,0,50.634710324160096,50.634710324160096,100.0
9100,1,12.023941550827903,12.023941550827903,100.0
9100,2,37.341348125012004,37.341348125012004,100.0
9110,0,17.52654055704486,17.52654055704486,100.0
9110,1,52.50354183898196,52.50354183898196,100.0
9110,2,29.969917603973183,29.969917603973183,100.0
9120,0,43.25416182830887,43.25416182830887,100.0
9120,1,33.84164763593093,33.84164763593093,100.0
9120,2,22.904190535760208,22.904190535760208,100.0
9130,0,21.124633883706558,21.124633883706558,100.0
9130,1,30.725452826506412,30.725452826506412,100.0
9130,2,48.14991328978702,48.14991328978702,100.0
9140,0,15.385528347196074,15.385528347196074,100.0
9140,1,73.09496129908776,73.09496129908776,100.0
9140,2,11.519510353716168,11.519510353716168,100.0
9150,0,9.213501683017808,9.213501683017808,100.0
9150,1,42.091936116778605,42.091936116778605,100.0
9150,2,48.69456220020359,48.69456220020359,100.0
9160,0,17.18542022136866,17.18542022136866,100.0
9160,1,28.037682199397583,28.037682199397583,100.0
9160,2,54.776897579233754,54.776897579233754,100.0
9170,0,17.513257164016434,17.513257164016434,100.0
9170,1,64.2818014995711,64.2818014995711,100.0
9170,2,18.204941336412475,18.204941336412475,100.0
9180,0,59.8342722709006,59.8342722709006,100.0
9180,1,25.92458245132755,25.92458245132755,100.0
9180,2,14.24114527777184,14.24114527777184,100.0
9190,0,17.209609660626928,17.209609660626928,100.0
9190,1,68.47724692284164,68.47724692284164,100.0
9190,2,14.313143416531423,14.313143416531423,100.0
9200,0,56.550078406830494,56.550078406830494,100.0
9200,1,30.258004636607193,30.258004636607193,100.0
9200,2,13.191916956562311,13.191916956562311,100.0
9210,0,12.105508341166507,12.105508341166507,100.0
9210,1,11.181086948548002,11.181086948548002,100.0
9210,2,76.7134047102855,76.7134047102855,100.0
9220,0,51.59755801742586,51.59755801742586,100.0
9220,1,36.481810419963054,36.481810419963054,100.0
9220,2,11.920631562611096,11.920631562611096,100.0
9230,0,20.90514330369085,20.90514330369085,100.0
9230,1,21.73794776314951,21.73794776314951,100.0
9230,2,57.356908933159644,57.356908933159644,100.0
9240,0,35.58031448215475,35.58031448215475,100.0
9240,1,20.61713483655427,20.61713483655427,100.0
9240,2,43.80255068129098,43.80255068129098,100.0
9250,0,15.933500759654788,15.933500759654788,100.0
9250,1,27.019201740120536,27.019201740120536,100.0
9250,2,57.04729750022468,57.04729750022468,100.0
9260,0,13.8040544904819,13.8040544904819,100.0
9260,1,57.002198076603804,57.002198076603804,100.0
9260,2,29.193747432914304,29.193747432914304,100.0
9270,0,12.117108779373625,12.117108779373625,100.0
9270,1,11.413635280121929,11.413635280121929,100.0
9270,2,76.46925594050444,76.46925594050444,100.0
9280,0,29.824447784737345,29.824447784737345,100.0
9280,1,52.40763802840998,52.40763802840998,100.0
9280,2,17.76791418685269,17.76791418685269,100.0
9290,0,13.01418262320283,13.01418262320283,100.0
9290,1,15.29739911806392,15.29739911806392,100.0
9290,2,71.68841825873325,71.68841825873325,100.0
9300,0,12.82965304933662,12.82965304933662,100.0
9300,1,56.01248971330308,56.01248971330308,100.0
9300,2,31.157857237360293,31.157857237360293,100.0
9310,0,27.234609033024952,27.234609033024952,100.0
9310,1,27.10837265230337,27.10837265230337,100.0
9310,2,45.65701831467168,45.65701831467168,100.0
9320,0,10.30603385401719,10.30603385401719,100.0
9320,1,37.90733306360553,37.90733306360553,100.0
9320,2,51.786633082377286,51.786633082377286,100.0
9330,0,20.319985012077378,20.319985012077378,100.0
9330,1,18.84002578586614,18.84002578586614,100.0
9330,2,60.83998920205648,60.83998920205648,100.0
9340,0,50.69504602545821,50.69504602545821,100.0
9340,1,26.959161442119523,26.959161442119523,100.0
9340,2,22.34579253242227,22.34579253242227,100.0
9350,0,40.57907850548043,40.57907850548043,100.0
9350,1,20.537088951578735,20.537088951578735,100.0
9350,2,38.88383254294084,38.88383254294084,100.0
9360,0,9.48982218207655,9.48982218207655,100.0
9360,1,43.92518312796181,43.92518312796181,100.0
9360,2,46.58499468996164,46.58499468996164,100.0
9370,0,56.30284480462676,56.30284480462676,100.0
9370,1,17.357870779172135,17.357870779172135,100.0
9370,2,26.339284416201114,26.339284416201114,100.0
9380,0,53.479461386873325,53.479461386873325,100.0
9380,1,29.45245878284745,29.45245878284745,100.0
9380,2,17.068079830279224,17.068079830279224,100.0
9390,0,12.274802630595293,12.274802630595293,100.0
9390,1,12.283461659983166,12.283461659983166,100.0
9390,2,75.44173570942154,75.44173570942154,100.0
9400,0,18.99722683019902,18.99722683019902,100.0
9400,1,29.929524633908667,29.929524633908667,100.0
9400,2,51.07324853589231,51.07324853589231,100.0
9410,0,15.527905722165853,15.527905722165853,100.0
9410,1,16.317503439162817,16.317503439162817,100.0
9410,2,68.15459083867134,68.15459083867134,100.0
9420,0,33.75743828781038,33.75743828781038,100.0
9420,1,23.146075898313406,23.146075898313406,100.0
9420,2,43.096485813876214,43.096485813876214,100.0
9430,0,10.302242442834885,10.302242442834885,100.0
9430,1,23.913475960218843,23.913475960218843,100.0
9430,2,65.78428159694627,65.78428159694627,100.0
9440,0,27.75139160733751,27.75139160733751,100.0
9440,1,60.77885089623255,60.77885089623255,100.0
9440,2,11.469757496429937,11.469757496429937,100.0
9450,0,10.337312116481904,10.337312116481904,100.0
9450,1,16.976414951751252,16.976414951751252,100.0
9450,2,72.68627293176684,72.68627293176684,100.0
9460,0,25.601452919456896,25.601452919456896,100.0
9460,1,20.010224669225902,20.010224669225902,100.0
9460,2,54.388322411317205,54.388322411317205,100.0
9470,0,25.765472444614666,25.765472444614666,100.0
9470,1,15.512567186174847,15.512567186174847,100.0
9470,2,58.72196036921049,58.72196036921049,100.0
9480,0,21.743262390284094,21.743262390284094,100.0
9480,1,33.37867455461491,33.37867455461491,100.0
9480,2,44.878063055100995,44.878063055100995,100.0
9490,0,58.49548768882779,58.49548768882779,100.0
9490,1,14.780758192635812,14.780758192635812,100.0
9490,2,26.7237541185364,26.7237541185364,100.0
9500,0,29.09533893112271,29.09533893112271,100.0
9500,1,12.260559059712412,12.260559059712412,100.0
9500,2,58.644102009164875,58.644102009164875,100.0
9510,0,20.27790511434718,20.27790511434718,100.0
9510,1,21.095667671241923,21.095667671241923,100.0
9510,2,58.626427214410896,58.626427214410896,100.0
9520,0,49.201257645651594,49.201257645651594,100.0
9520,1,17.705966555894122,17.705966555894122,100.0
9520,2,33.09277579845427,33.09277579845427,100.0
9530,0,30.325734266655203,30.325734266655203,100.0
9530,1,31.518158913653405,31.518158913653405,100.0
9530,2,38.1561068196914,38.1561068196914,100.0
9540,0,21.15105399419729,21.15105399419729,100.0
9540,1,49.243831635966224,49.243831635966224,100.0
9540,2,29.605114369836482,29.605114369836482,100.0
9550,0,17.407165597571765,17.407165597571765,100.0
9550,1,59.398776434803494,59.398776434803494,100.0
9550,2,23.194057967624744,23.194057967624744,100.0
9560,0,11.538421489953011,11.538421489953011,100.0
9560,1,37.965319283376054,37.965319283376054,100.0
9560,2,50.49625922667094,50.49625922667094,100.0
9570,0,12.270546071215161,12.270546071215161,100.0
9570,1,12.072203928565688,12.072203928565688,100.0
9570,2,75.65725000021915,75.65725000021915,100.0
9580,0,23.19890137532587,23.19890137532587,100.0
9580,1,20.148585690861637,20.148585690861637,100.0
9580,2,56.652512933812496,56.652512933812496,100.0
9590,0,53.58266189408523,53.58266189408523,100.0
9590,1,34.59508830020822,34.59508830020822,100.0
9590,2,11.822249805706557,11.822249805706557,100.0
9600,0,37.37530229810721,37.37530229810721,100.0
9600,1,21.059795889623114,21.059795889623114,100.0
9600,2,41.564901812269675,41.564901812269675,100.0
9610,0,40.744107314016695,40.744107314016695,100.0
9610,1,28.136254543052335,28.136254543052335,100.0
9610,2,31.119638142930977,31.119638142930977,100.0
9620,0,29.170962020914637,29.170962020914637,100.0
9620,1,53.82988396243864,53.82988396243864,100.0
9620,2,16.999154016646724,16.999154016646724,100.0
9630,0,12.227415448616533,12.227415448616533,100.0
9630,1,12.229930833222685,12.229930833222685,100.0
9630,2,75.54265371816078,75.54265371816078,100.0
9640,0,32.141178018994644,32.141178018994644,100.0
9640,1,30.36910842121993,30.36910842121993,100.0
9640,2,37.48971355978543,37.48971355978543,100.0
9650,0,24.82341135944998,24.82341135944998,100.0
9650,1,49.027162253111825,49.027162253111825,100.0
9650,2,26.1494263874382,26.1494263874382,100.0
9660,0,42.79154569747175,42.79154569747175,100.0
9660,1,41.76071205031498,41.76071205031498,100.0
9660,2,15.447742252213276,15.447742252213276,100.0
9670,0,23.951580871986398,23.951580871986398,100.0
9670,1,57.63702304579659,57.63702304579659,100.0
9670,2,18.411396082217017,18.411396082217017,100.0
9680,0,17.61305528287326,17.61305528287326,100.0
9680,1,18.71769156975658,18.71769156975658,100.0
9680,2,63.66925314737016,63.66925314737016,100.0
9690,0,12.039460462971448,12.039460462971448,100.0
9690,1,13.768484827612626,13.768484827612626,100.0
9690,2,74.19205470941593,74.19205470941593,100.0
9700,0,9.33538829855923,9.33538829855923,100.0
9700,1,43.079626352696124,43.079626352696124,100.0
9700,2,47.584985348744645,47.584985348744645,100.0
9710,0,23.49293573121792,23.49293573121792,100.0
9710,1,50.98313611203496,50.98313611203496,100.0
9710,2,25.523928156747118,25.523928156747118,100.0
9720,0,41.0624352044942,41.0624352044942,100.0
9720,1,9.45310089011902,9.45310089011902,100.0
9720,2,49.484463905386775,49.484463905386775,100.0
9730,0,15.567564836769149,15.567564836769149,100.0
9730,1,38.41031924452247,38.41031924452247,100.0
9730,2,46.02211591870839,46.02211591870839,100.0
9740,0,23.89815474819023,23.89815474819023,100.0
9740,1,14.133684825042733,14.133684825042733,100.0
9740,2,61.96816042676705,61.96816042676705,100.0
9750,0,13.775319681873166,13.775319681873166,100.0
9750,1,14.377352891826042,14.377352891826042,100.0
9750,2,71.8473274263008,71.8473274263008,100.0
9760,0,48.26964129819606,48.26964129819606,100.0
9760,1,33.79875353652976,33.79875353652976,100.0
9760,2,17.931605165274174,17.931605165274174,100.0
9770,0,34.761441501332946,34.761441501332946,100.0
9770,1,42.52628075268232,42.52628075268232,100.0
9770,2,22.71227774598474,22.71227774598474,100.0
9780,0,30.29426999221097,30.29426999221097,100.0
9780,1,47.45084410827175,47.45084410827175,100.0
9780,2,22.254885899517284,22.254885899517284,100.0
9790,0,26.84570143696434,26.84570143696434,100.0
9790,1,41.0971891105445,41.0971891105445,100.0
9790,2,32.05710945249115,32.05710945249115,100.0
9800,0,18.317378149323996,18.317378149323996,100.0
9800,1,38.83915105415029,38.83915105415029,100.0
9800,2,42.843470796525715,42.843470796525715,100.0
9810,0,11.093552117888056,11.093552117888056,100.0
9810,1,11.071326099953124,11.071326099953124,100.0
9810,2,77.83512178215882,77.83512178215882,100.0
9820,0,43.88299916062956,43.88299916062956,100.0
9820,1,29.814587137111765,29.814587137111765,100.0
9820,2,26.302413702258683,26.302413702258683,100.0
9830,0,43.88690577128185,43.88690577128185,100.0
9830,1,34.8354816389805,34.8354816389805,100.0
9830,2,21.27761258973765,21.27761258973765,100.0
9840,0,16.876791692965625,16.876791692965625,100.0
9840,1,34.24353028193753,34.24353028193753,100.0
9840,2,48.87967802509685,48.87967802509685,100.0
9850,0,21.734717279009292,21.734717279009292,100.0
9850,1,37.6542338608839,37.6542338608839,100.0
9850,2,40.611048860106806,40.611048860106806,100.0
9860,0,34.49638076688298,34.49638076688298,100.0
9860,1,42.93006379587387,42.93006379587387,100.0
9860,2,22.573555437243158,22.573555437243158,100.0
9870,0,12.520098820500717,12.520098820500717,100.0
9870,1,12.456442127385811,12.456442127385811,100.0
9870,2,75.02345905211347,75.02345905211347,100.0
9880,0,41.79774340811211,41.79774340811211,100.0
9880,1,44.01494763477265,44.01494763477265,100.0
9880,2,14.187308957115244,14.187308957115244,100.0
9890,0,63.488764051208776,63.488764051208776,100.0
9890,1,23.06355309846979,23.06355309846979,100.0
9890,2,13.447682850321435,13.447682850321435,100.0
9900,0,46.61434734547918,46.61434734547918,100.0
9900,1,20.61040076238269,20.61040076238269,100.0
9900,2,32.77525189213813,32.77525189213813,100.0
9910,0,55.07638163486982,55.07638163486982,100.0
9910,1,31.639064231791984,31.639064231791984,100.0
9910,2,13.284554133338203,13.284554133338203,100.0
9920,0,14.511778587466084,14.511778587466084,100.0
9920,1,65.87232601406716,65.87232601406716,100.0
9920,2,19.615895398466773,19.615895398466773,100.0
9930,0,12.691166969619557,12.691166969619557,100.0
9930,1,12.307384085517295,12.307384085517295,100.0
9930,2,75.00144894486316,75.00144894486316,100.0
9940,0,25.571663372203513,25.571663372203513,100.0
9940,1,46.35571512022116,46.35571512022116,100.0
9940,2,28.072621507575334,28.072621507575334,100.0
9950,0,8.063004407767204,8.063004407767204,100.0
9950,1,43.60625545748435,43.60625545748435,100.0
9950,2,48.33074013474845,48.33074013474845,100.0
9960,0,18.531412735371685,18.531412735371685,100.0
9960,1,25.842601345352424,25.842601345352424,100.0
9960,2,55.6259859192759,55.6259859192759,100.0
9970,0,22.298557886552352,22.298557886552352,100.0
9970,1,15.884112959552377,15.884112959552377,100.0
9970,2,61.81732915389527,61.81732915389527,100.0
9980,0,28.05735922956652,28.05735922956652,100.0
9980,1,42.28615091755768,42.28615091755768,100.0
9980,2,29.6564898528758,29.6564898528758,100.0
9990,0,13.523845066259907,13.523845066259907,100.0
9990,1,12.68803090217569,12.68803090217569,100.0
9990,2,73.78812403156441,73.78812403156441,100.0
