timestamp,sliceId,dedicatedPRB,minPRB,maxPRB
510,0,11.504908759706241,11.504908759706241,100.0
510,1,11.207323166652369,11.207323166652369,100.0
510,2,77.28776807364139,77.28776807364139,100.0
520,0,39.09669379461673,39.09669379461673,100.0
520,1,47.43754976143327,47.43754976143327,100.0
520,2,13.465756443950003,13.465756443950003,100.0
530,0,32.45592931911322,32.45592931911322,100.0
530,1,33.45592849169212,33.45592849169212,100.0
530,2,34.088142189194656,34.088142189194656,100.0
540,0,68.40598910772403,68.40598910772403,100.0
540,1,18.314325753324376,18.314325753324376,100.0
540,2,13.27968513895161,13.27968513895161,100.0
550,0,15.109684335705106,15.109684335705106,100.0
550,1,38.80300908052308,38.80300908052308,100.0
550,2,46.08730658377182,46.08730658377182,100.0
560,0,19.67694032678249,19.67694032678249,100.0
560,1,13.993462554558977,13.993462554558977,100.0
560,2,66.32959711865854,66.32959711865854,100.0
570,0,10.63332704184974,10.63332704184974,100.0
570,1,12.399809175201387,12.399809175201387,100.0
570,2,76.96686378294888,76.96686378294888,100.0
580,0,14.624096345565976,14.624096345565976,100.0
580,1,15.081312610042758,15.081312610042758,100.0
580,2,70.29459104439127,70.29459104439127,100.0
590,0,33.660772527837175,33.660772527837175,100.0
590,1,32.43043892367067,32.43043892367067,100.0
590,2,33.90878854849215,33.90878854849215,100.0
600,0,25.610354993644457,25.610354993644457,100.0
600,1,42.35475142853383,42.35475142853383,100.0
600,2,32.03489357782171,32.03489357782171,100.0
610,0,57.23128616056544,57.23128616056544,100.0
610,1,32.329901091838636,32.329901091838636,100.0
610,2,10.438812747595922,10.438812747595922,100.0
620,0,13.6407947884834,13.6407947884834,100.0
620,1,73.01738398210563,73.01738398210563,100.0
620,2,13.34182122941098,13.34182122941098,100.0
630,0,11.46298969681254,11.46298969681254,100.0
630,1,15.358264565739335,15.358264565739335,100.0
630,2,73.17874573744812,73.17874573744812,100.0
640,0,41.490343327282936,41.490343327282936,100.0
640,1,15.222083534832787,15.222083534832787,100.0
640,2,43.287573137884266,43.287573137884266,100.0
650,0,67.46687953014408,67.46687953014408,100.0
650,1,14.441369302047635,14.441369302047635,100.0
650,2,18.091751167808276,18.091751167808276,100.0
660,0,39.24060154761311,39.24060154761311,100.0
660,1,15.464814601816448,15.464814601816448,100.0
660,2,45.29458385057044,45.29458385057044,100.0
670,0,53.71044835099096,53.71044835099096,100.0
670,1,27.844247615726438,27.844247615726438,100.0
670,2,18.445304033282603,18.445304033282603,100.0
680,0,54.732745697611804,54.732745697611804,100.0
680,1,18.007736174458564,18.007736174458564,100.0
680,2,27.259518127929628,27.259518127929628,100.0
690,0,12.855140887409933,12.855140887409933,100.0
690,1,14.944182009006113,14.944182009006113,100.0
690,2,72.20067710358396,72.20067710358396,100.0
700,0,26.858927543340222,26.858927543340222,100.0
700,1,19.431791093950824,19.431791093950824,100.0
700,2,53.70928136270895,53.70928136270895,100.0
710,0,51.41396987490646,51.41396987490646,100.0
710,1,9.00753397052823,9.00753397052823,100.0
710,2,39.57849615456531,39.57849615456531,100.0
720,0,26.97252501259591,26.97252501259591,100.0
720,1,23.590015854785378,23.590015854785378,100.0
720,2,49.43745913261871,49.43745913261871,100.0
730,0,46.94996884530204,46.94996884530204,100.0
730,1,20.217712096278436,20.217712096278436,100.0
730,2,32.832319058419515,32.832319058419515,100.0
740,0,50.928839772011735,50.928839772011735,100.0
740,1,22.934774249889756,22.934774249889756,100.0
740,2,26.13638597809851,26.13638597809851,100.0
750,0,11.361809762405604,11.361809762405604,100.0
750,1,11.186789371687933,11.186789371687933,100.0
750,2,77.45140086590648,77.45140086590648,100.0
760,0,14.454823135728473,14.454823135728473,100.0
760,1,54.77612132127938,54.77612132127938,100.0
760,2,30.769055542992152,30.769055542992152,100.0
770,0,36.43110950504712,36.43110950504712,100.0
770,1,30.726654155602922,30.726654155602922,100.0
770,2,32.84223633934995,32.84223633934995,100.0
780,0,28.50719010068767,28.50719010068767,100.0
780,1,42.073162528344746,42.073162528344746,100.0
780,2,29.41964737096759,29.41964737096759,100.0
790,0,29.726644292629885,29.726644292629885,100.0
790,1,26.13445377440658,26.13445377440658,100.0
790,2,44.138901932963535,44.138901932963535,100.0
800,0,40.19508374125576,40.19508374125576,100.0
800,1,31.885869383593246,31.885869383593246,100.0
800,2,27.919046875150983,27.919046875150983,100.0
810,0,14.217749169638589,14.217749169638589,100.0
810,1,16.06578687829112,16.06578687829112,100.0
810,2,69.7164639520703,69.7164639520703,100.0
820,0,40.10591753093038,40.10591753093038,100.0
820,1,31.138334485135676,31.138334485135676,100.0
820,2,28.755747983933944,28.755747983933944,100.0
830,0,53.37234949415524,53.37234949415524,100.0
830,1,14.797802159980858,14.797802159980858,100.0
830,2,31.829848345863905,31.829848345863905,100.0
840,0,49.979566315803254,49.979566315803254,100.0
840,1,23.83623567849041,23.83623567849041,100.0
840,2,26.18419800570635,26.18419800570635,100.0
850,0,41.654423573551945,41.654423573551945,100.0
850,1,19.943451441489458,19.943451441489458,100.0
850,2,38.402124984958604,38.402124984958604,100.0
860,0,36.839313292100414,36.839313292100414,100.0
860,1,35.82221587121438,35.82221587121438,100.0
860,2,27.338470836685207,27.338470836685207,100.0
870,0,17.76683286830111,17.76683286830111,100.0
870,1,16.819506668206227,16.819506668206227,100.0
870,2,65.41366046349266,65.41366046349266,100.0
880,0,55.615637048911935,55.615637048911935,100.0
880,1,13.12293262578152,13.12293262578152,100.0
880,2,31.26143032530655,31.26143032530655,100.0
890,0,25.136764438731667,25.136764438731667,100.0
890,1,19.550606385098426,19.550606385098426,100.0
890,2,55.312629176169914,55.312629176169914,100.0
900,0,35.20569939718563,35.20569939718563,100.0
900,1,31.901919742082068,31.901919742082068,100.0
900,2,32.8923808607323,32.8923808607323,100.0
910,0,56.976462988005984,56.976462988005984,100.0
910,1,33.62949333621934,33.62949333621934,100.0
910,2,9.394043675774693,9.394043675774693,100.0
920,0,41.03301638607442,41.03301638607442,100.0
920,1,22.06127567735307,22.06127567735307,100.0
920,2,36.90570793657251,36.90570793657251,100.0
930,0,11.314339286248952,11.314339286248952,100.0
930,1,10.81437232612179,10.81437232612179,100.0
930,2,77.87128838762925,77.87128838762925,100.0
940,0,45.30026035548436,45.30026035548436,100.0
940,1,25.13851075539594,25.13851075539594,100.0
940,2,29.561228889119697,29.561228889119697,100.0
950,0,23.80087672380153,23.80087672380153,100.0
950,1,33.424673010271775,33.424673010271775,100.0
950,2,42.7744502659267,42.7744502659267,100.0
960,0,33.000141924379705,33.000141924379705,100.0
960,1,41.91482894003388,41.91482894003388,100.0
960,2,25.085029135586407,25.085029135586407,100.0
970,0,45.60260147498039,45.60260147498039,100.0
970,1,16.9927407784336,16.9927407784336,100.0
970,2,37.40465774658601,37.40465774658601,100.0
980,0,37.71032601864628,37.71032601864628,100.0
980,1,28.2583756786413,28.2583756786413,100.0
980,2,34.03129830271242,34.03129830271242,100.0
990,0,14.093843222368822,14.093843222368822,100.0
990,1,13.820942930600788,13.820942930600788,100.0
990,2,72.08521384703039,72.08521384703039,100.0
1000,0,32.59710782013713,32.59710782013713,100.0
1000,1,52.81519215426137,52.81519215426137,100.0
1000,2,14.587700025601503,14.587700025601503,100.0
1010,0,49.752505473534484,49.752505473534484,100.0
1010,1,7.731769104947424,7.731769104947424,100.0
1010,2,42.515725421518106,42.515725421518106,100.0
1020,0,50.84635657197244,50.84635657197244,100.0
1020,1,14.978691276439662,14.978691276439662,100.0
1020,2,34.17495215158791,34.17495215158791,100.0
1030,0,64.69313093596779,64.69313093596779,100.0
1030,1,19.6432446560801,19.6432446560801,100.0
1030,2,15.66362440795211,15.66362440795211,100.0
1040,0,43.22710677705282,43.22710677705282,100.0
1040,1,11.356460190935499,11.356460190935499,100.0
1040,2,45.416433032011675,45.416433032011675,100.0
1050,0,13.934492742378826,13.934492742378826,100.0
1050,1,15.868249495970579,15.868249495970579,100.0
1050,2,70.19725776165059,70.19725776165059,100.0
1060,0,34.73771176948004,34.73771176948004,100.0
1060,1,48.213206032380235,48.213206032380235,100.0
1060,2,17.04908219813973,17.04908219813973,100.0
1070,0,37.30528318401839,37.30528318401839,100.0
1070,1,13.342542935362278,13.342542935362278,100.0
1070,2,49.35217388061934,49.35217388061934,100.0
1080,0,50.85775544555191,50.85775544555191,100.0
1080,1,12.654026105202615,12.654026105202615,100.0
1080,2,36.48821844924548,36.48821844924548,100.0
1090,0,57.216130029051534,57.216130029051534,100.0
1090,1,10.247132887584282,10.247132887584282,100.0
1090,2,32.53673708336419,32.53673708336419,100.0
1100,0,72.24422553603492,72.24422553603492,100.0
1100,1,13.982339480512548,13.982339480512548,100.0
1100,2,13.773434983452542,13.773434983452542,100.0
1110,0,13.249905075457614,13.249905075457614,100.0
1110,1,14.730511502288046,14.730511502288046,100.0
1110,2,72.01958342225434,72.01958342225434,100.0
1120,0,21.677611538472775,21.677611538472775,100.0
1120,1,27.7276088207277,27.7276088207277,100.0
1120,2,50.59477964079952,50.59477964079952,100.0
1130,0,21.091064669630814,21.091064669630814,100.0
1130,1,44.58029202229812,44.58029202229812,100.0
1130,2,34.32864330807108,34.32864330807108,100.0
1140,0,26.01322020101805,26.01322020101805,100.0
1140,1,42.25863621011959,42.25863621011959,100.0
1140,2,31.728143588862352,31.728143588862352,100.0
1150,0,43.933756937983624,43.933756937983624,100.0
1150,1,42.95444011787265,42.95444011787265,100.0
1150,2,13.111802944143724,13.111802944143724,100.0
1160,0,64.40394747851978,64.40394747851978,100.0
1160,1,22.509587015337665,22.509587015337665,100.0
1160,2,13.086465506142552,13.086465506142552,100.0
1170,0,15.025698031889101,15.025698031889101,100.0
1170,1,17.612045006376594,17.612045006376594,100.0
1170,2,67.3622569617343,67.3622569617343,100.0
1180,0,52.585050721816096,52.585050721816096,100.0
1180,1,21.28322045740133,21.28322045740133,100.0
1180,2,26.13172882078257,26.13172882078257,100.0
1190,0,12.68636624876521,12.68636624876521,100.0
1190,1,23.30527364565407,23.30527364565407,100.0
1190,2,64.00836010558073,64.00836010558073,100.0
1200,0,57.36005852473139,57.36005852473139,100.0
1200,1,18.91708955937461,18.91708955937461,100.0
1200,2,23.722851915894,23.722851915894,100.0
1210,0,30.974089228676938,30.974089228676938,100.0
1210,1,35.94231442929478,35.94231442929478,100.0
1210,2,33.08359634202828,33.08359634202828,100.0
1220,0,56.62928212443054,56.62928212443054,100.0
1220,1,22.09618497287935,22.09618497287935,100.0
1220,2,21.274532902690115,21.274532902690115,100.0
1230,0,11.49148137098666,11.49148137098666,100.0
1230,1,12.055871563876199,12.055871563876199,100.0
1230,2,76.45264706513714,76.45264706513714,100.0
1240,0,34.027864522225656,34.027864522225656,100.0
1240,1,30.27238459798426,30.27238459798426,100.0
1240,2,35.699750879790074,35.699750879790074,100.0
1250,0,17.64354832189822,17.64354832189822,100.0
1250,1,41.617732023132326,41.617732023132326,100.0
1250,2,40.73871965496945,40.73871965496945,100.0
1260,0,42.35923381970132,42.35923381970132,100.0
1260,1,28.05531056704443,28.05531056704443,100.0
1260,2,29.585455613254258,29.585455613254258,100.0
1270,0,36.127235450761866,36.127235450761866,100.0
1270,1,18.46917276836912,18.46917276836912,100.0
1270,2,45.40359178086901,45.40359178086901,100.0
1280,0,46.24863870235529,46.24863870235529,100.0
1280,1,9.006033335708347,9.006033335708347,100.0
1280,2,44.74532796193637,44.74532796193637,100.0
1290,0,11.220175740295463,11.220175740295463,100.0
1290,1,12.233473714199217,12.233473714199217,100.0
1290,2,76.54635054550532,76.54635054550532,100.0
1300,0,35.77718420145268,35.77718420145268,100.0
1300,1,13.746484647190915,13.746484647190915,100.0
1300,2,50.476331151356405,50.476331151356405,100.0
1310,0,19.586988309997682,19.586988309997682,100.0
1310,1,50.05683520722827,50.05683520722827,100.0
1310,2,30.356176482774057,30.356176482774057,100.0
1320,0,32.78905404519182,32.78905404519182,100.0
1320,1,53.44282301850731,53.44282301850731,100.0
1320,2,13.768122936300875,13.768122936300875,100.0
1330,0,20.321064899023657,20.321064899023657,100.0
1330,1,25.734904064747997,25.734904064747997,100.0
1330,2,53.944031036228345,53.944031036228345,100.0
1340,0,37.70523681364137,37.70523681364137,100.0
1340,1,26.669497291233263,26.669497291233263,100.0
1340,2,35.625265895125374,35.625265895125374,100.0
1350,0,10.860071405761436,10.860071405761436,100.0
1350,1,12.045648384535115,12.045648384535115,100.0
1350,2,77.09428020970344,77.09428020970344,100.0
1360,0,24.45805876390971,24.45805876390971,100.0
1360,1,23.52846495090261,23.52846495090261,100.0
1360,2,52.013476285187686,52.013476285187686,100.0
1370,0,50.47215090204459,50.47215090204459,100.0
1370,1,15.83875610464203,15.83875610464203,100.0
1370,2,33.68909299331339,33.68909299331339,100.0
1380,0,14.909638220914992,14.909638220914992,100.0
1380,1,48.771893598172035,48.771893598172035,100.0
1380,2,36.31846818091298,36.31846818091298,100.0
1390,0,55.30829436537628,55.30829436537628,100.0
1390,1,13.309483675793357,13.309483675793357,100.0
1390,2,31.382221958830375,31.382221958830375,100.0
1400,0,51.270407336910864,51.270407336910864,100.0
1400,1,36.12913847625664,36.12913847625664,100.0
1400,2,12.600454186832504,12.600454186832504,100.0
1410,0,12.421013278182768,12.421013278182768,100.0
1410,1,11.89794095367552,11.89794095367552,100.0
1410,2,75.68104576814171,75.68104576814171,100.0
1420,0,57.657894436379145,57.657894436379145,100.0
1420,1,24.080175912191574,24.080175912191574,100.0
1420,2,18.261929651429288,18.261929651429288,100.0
1430,0,41.58526345300942,41.58526345300942,100.0
1430,1,34.27879712940701,34.27879712940701,100.0
1430,2,24.135939417583575,24.135939417583575,100.0
1440,0,48.75423983205333,48.75423983205333,100.0
1440,1,16.501876881000594,16.501876881000594,100.0
1440,2,34.74388328694607,34.74388328694607,100.0
1450,0,55.005869510481716,55.005869510481716,100.0
1450,1,22.90869021488683,22.90869021488683,100.0
1450,2,22.085440274631456,22.085440274631456,100.0
1460,0,31.13875917134486,31.13875917134486,100.0
1460,1,43.17630982676683,43.17630982676683,100.0
1460,2,25.684931001888305,25.684931001888305,100.0
1470,0,11.772740690745396,11.772740690745396,100.0
1470,1,12.786123989348386,12.786123989348386,100.0
1470,2,75.44113531990621,75.44113531990621,100.0
1480,0,43.65854967436088,43.65854967436088,100.0
1480,1,31.215933829880054,31.215933829880054,100.0
1480,2,25.125516495759072,25.125516495759072,100.0
1490,0,28.156504533785487,28.156504533785487,100.0
1490,1,45.22952536029629,45.22952536029629,100.0
1490,2,26.613970105918217,26.613970105918217,100.0
1500,0,17.475699755604595,17.475699755604595,100.0
1500,1,66.20964384006247,66.20964384006247,100.0
1500,2,16.31465640433294,16.31465640433294,100.0
1510,0,26.96755792152296,26.96755792152296,100.0
1510,1,21.568370736839523,21.568370736839523,100.0
1510,2,51.46407134163753,51.46407134163753,100.0
1520,0,61.95664423872302,61.95664423872302,100.0
1520,1,20.536654308396187,20.536654308396187,100.0
1520,2,17.506701452880797,17.506701452880797,100.0
1530,0,14.368655459568103,14.368655459568103,100.0
1530,1,13.772184955200897,13.772184955200897,100.0
1530,2,71.859159585231,71.859159585231,100.0
1540,0,60.99664706916431,60.99664706916431,100.0
1540,1,16.85357736659304,16.85357736659304,100.0
1540,2,22.14977556424265,22.14977556424265,100.0
1550,0,31.294062662923555,31.294062662923555,100.0
1550,1,31.274429380765596,31.274429380765596,100.0
1550,2,37.43150795631085,37.43150795631085,100.0
1560,0,48.945001327126214,48.945001327126214,100.0
1560,1,17.826971155695603,17.826971155695603,100.0
1560,2,33.22802751717819,33.22802751717819,100.0
1570,0,34.945817554716626,34.945817554716626,100.0
1570,1,34.30870276444194,34.30870276444194,100.0
1570,2,30.74547968084143,30.74547968084143,100.0
1580,0,28.615658404992594,28.615658404992594,100.0
1580,1,59.32828275058194,59.32828275058194,100.0
1580,2,12.056058844425467,12.056058844425467,100.0
1590,0,11.273006658991244,11.273006658991244,100.0
1590,1,11.674718665940551,11.674718665940551,100.0
1590,2,77.0522746750682,77.0522746750682,100.0
1600,0,23.955937262542523,23.955937262542523,100.0
1600,1,60.21770417181453,60.21770417181453,100.0
1600,2,15.826358565642943,15.826358565642943,100.0
1610,0,37.119244533054605,37.119244533054605,100.0
1610,1,17.07652495053,17.07652495053,100.0
1610,2,45.80423051641541,45.80423051641541,100.0
1620,0,31.219913256916698,31.219913256916698,100.0
1620,1,32.93198011378223,32.93198011378223,100.0
1620,2,35.84810662930107,35.84810662930107,100.0
1630,0,31.864690094483112,31.864690094483112,100.0
1630,1,40.20557159779942,40.20557159779942,100.0
1630,2,27.92973830771748,27.92973830771748,100.0
1640,0,23.9096497543705,23.9096497543705,100.0
1640,1,18.700081664186712,18.700081664186712,100.0
1640,2,57.39026858144278,57.39026858144278,100.0
1650,0,11.145652777368989,11.145652777368989,100.0
1650,1,11.068069584602846,11.068069584602846,100.0
1650,2,77.78627763802817,77.78627763802817,100.0
1660,0,51.28354028568949,51.28354028568949,100.0
1660,1,25.423054899876917,25.423054899876917,100.0
1660,2,23.293404814433597,23.293404814433597,100.0
1670,0,23.36108915565261,23.36108915565261,100.0
1670,1,57.22838285879468,57.22838285879468,100.0
1670,2,19.41052798555272,19.41052798555272,100.0
1680,0,40.32196675675657,40.32196675675657,100.0
1680,1,45.77711614572469,45.77711614572469,100.0
1680,2,13.900917097518745,13.900917097518745,100.0
1690,0,58.678639085440906,58.678639085440906,100.0
1690,1,11.436684713188482,11.436684713188482,100.0
1690,2,29.884676201370603,29.884676201370603,100.0
1700,0,21.849443002271336,21.849443002271336,100.0
1700,1,37.53814653093695,37.53814653093695,100.0
1700,2,40.612410466791715,40.612410466791715,100.0
1710,0,11.358322717429822,11.358322717429822,100.0
1710,1,11.66246586275855,11.66246586275855,100.0
1710,2,76.97921141981163,76.97921141981163,100.0
1720,0,61.38103348351226,61.38103348351226,100.0
1720,1,28.659306771760434,28.659306771760434,100.0
1720,2,9.959659744727304,9.959659744727304,100.0
1730,0,33.712800843173255,33.712800843173255,100.0
1730,1,40.350139619914216,40.350139619914216,100.0
1730,2,25.937059536912532,25.937059536912532,100.0
1740,0,52.1548257832239,52.1548257832239,100.0
1740,1,24.69732122306486,24.69732122306486,100.0
1740,2,23.147852993711236,23.147852993711236,100.0
1750,0,32.44153348381622,32.44153348381622,100.0
1750,1,45.14029180409283,45.14029180409283,100.0
1750,2,22.418174712090945,22.418174712090945,100.0
1760,0,25.335604325639977,25.335604325639977,100.0
1760,1,46.73737930900838,46.73737930900838,100.0
1760,2,27.92701636535163,27.92701636535163,100.0
1770,0,11.252207793167438,11.252207793167438,100.0
1770,1,12.839231414304534,12.839231414304534,100.0
1770,2,75.90856079252804,75.90856079252804,100.0
1780,0,31.385638894229217,31.385638894229217,100.0
1780,1,14.84670882588241,14.84670882588241,100.0
1780,2,53.76765227988838,53.76765227988838,100.0
1790,0,32.25854943316296,32.25854943316296,100.0
1790,1,31.991654873867564,31.991654873867564,100.0
1790,2,35.74979569296947,35.74979569296947,100.0
1800,0,52.06668071401296,52.06668071401296,100.0
1800,1,9.300437405761711,9.300437405761711,100.0
1800,2,38.632881880225334,38.632881880225334,100.0
1810,0,42.66425931325004,42.66425931325004,100.0
1810,1,43.244644012271124,43.244644012271124,100.0
1810,2,14.091096674478843,14.091096674478843,100.0
1820,0,59.57641445700678,59.57641445700678,100.0
1820,1,27.767409015519718,27.767409015519718,100.0
1820,2,12.656176527473503,12.656176527473503,100.0
1830,0,10.91567003052373,10.91567003052373,100.0
1830,1,12.189352902096019,12.189352902096019,100.0
1830,2,76.89497706738025,76.89497706738025,100.0
1840,0,29.04596455234178,29.04596455234178,100.0
1840,1,33.555889296962924,33.555889296962924,100.0
1840,2,37.3981461506953,37.3981461506953,100.0
1850,0,53.70954965525498,53.70954965525498,100.0
1850,1,27.338406514754084,27.338406514754084,100.0
1850,2,18.952043829990938,18.952043829990938,100.0
1860,0,23.381795058053363,23.381795058053363,100.0
1860,1,29.83183463652317,29.83183463652317,100.0
1860,2,46.78637030542347,46.78637030542347,100.0
1870,0,20.91032335392438,20.91032335392438,100.0
1870,1,16.56670747987394,16.56670747987394,100.0
1870,2,62.52296916620168,62.52296916620168,100.0
1880,0,57.111365857535446,57.111365857535446,100.0
1880,1,11.20500540467812,11.20500540467812,100.0
1880,2,31.683628737786425,31.683628737786425,100.0
1890,0,12.9456428970054,12.9456428970054,100.0
1890,1,19.77755490429609,19.77755490429609,100.0
1890,2,67.27680219869852,67.27680219869852,100.0
1900,0,24.823521883829287,24.823521883829287,100.0
1900,1,38.77974035162638,38.77974035162638,100.0
1900,2,36.39673776454434,36.39673776454434,100.0
1910,0,40.20484086430056,40.20484086430056,100.0
1910,1,28.83404069529175,28.83404069529175,100.0
1910,2,30.9611184404077,30.9611184404077,100.0
1920,0,23.56601031885338,23.56601031885338,100.0
1920,1,55.49996954016525,55.49996954016525,100.0
1920,2,20.934020140981367,20.934020140981367,100.0
1930,0,41.08729347348962,41.08729347348962,100.0
1930,1,30.1202748813222,30.1202748813222,100.0
1930,2,28.79243164518817,28.79243164518817,100.0
1940,0,31.89049239912337,31.89049239912337,100.0
1940,1,14.145688762025868,14.145688762025868,100.0
1940,2,53.96381883885076,53.96381883885076,100.0
1950,0,10.793123186391256,10.793123186391256,100.0
1950,1,11.159188433358658,11.159188433358658,100.0
1950,2,78.0476883802501,78.0476883802501,100.0
1960,0,54.503258519897955,54.503258519897955,100.0
1960,1,22.535919266285276,22.535919266285276,100.0
1960,2,22.960822213816773,22.960822213816773,100.0
1970,0,27.926049055977543,27.926049055977543,100.0
1970,1,57.77930720066763,57.77930720066763,100.0
1970,2,14.294643743354845,14.294643743354845,100.0
1980,0,47.78597157025381,47.78597157025381,100.0
1980,1,22.2293823445004,22.2293823445004,100.0
1980,2,29.984646085245785,29.984646085245785,100.0
1990,0,17.370633931059036,17.370633931059036,100.0
1990,1,11.76221648479806,11.76221648479806,100.0
1990,2,70.86714958414291,70.86714958414291,100.0
2000,0,23.978735571507553,23.978735571507553,100.0
2000,1,25.675293290266776,25.675293290266776,100.0
2000,2,50.34597113822568,50.34597113822568,100.0
2010,0,12.616387975731582,12.616387975731582,100.0
2010,1,11.124575312956935,11.124575312956935,100.0
2010,2,76.25903671131148,76.25903671131148,100.0
2020,0,37.994929115843355,37.994929115843355,100.0
2020,1,15.300126650936372,15.300126650936372,100.0
2020,2,46.70494423322028,46.70494423322028,100.0
2030,0,59.83041368233211,59.83041368233211,100.0
2030,1,22.19742017702798,22.19742017702798,100.0
2030,2,17.97216614063992,17.97216614063992,100.0
2040,0,12.689429972521532,12.689429972521532,100.0
2040,1,19.366070200737028,19.366070200737028,100.0
2040,2,67.94449982674145,67.94449982674145,100.0
2050,0,21.289057456243928,21.289057456243928,100.0
2050,1,33.20880428217276,33.20880428217276,100.0
2050,2,45.50213826158331,45.50213826158331,100.0
2060,0,33.67987491841093,33.67987491841093,100.0
2060,1,36.82938047859791,36.82938047859791,100.0
2060,2,29.490744602991153,29.490744602991153,100.0
2070,0,11.81709358850821,11.81709358850821,100.0
2070,1,14.273283573173327,14.273283573173327,100.0
2070,2,73.90962283831847,73.90962283831847,100.0
2080,0,27.07687382057278,27.07687382057278,100.0
2080,1,32.30388789365548,32.30388789365548,100.0
2080,2,40.619238285771736,40.619238285771736,100.0
2090,0,31.015420030656077,31.015420030656077,100.0
2090,1,39.748385547004865,39.748385547004865,100.0
2090,2,29.23619442233906,29.23619442233906,100.0
2100,0,40.74438163384663,40.74438163384663,100.0
2100,1,24.393173334521048,24.393173334521048,100.0
2100,2,34.86244503163232,34.86244503163232,100.0
2110,0,18.903415946017024,18.903415946017024,100.0
2110,1,62.155623110961,62.155623110961,100.0
2110,2,18.94096094302198,18.94096094302198,100.0
2120,0,14.445355988336253,14.445355988336253,100.0
2120,1,54.32740571260899,54.32740571260899,100.0
2120,2,31.22723829905475,31.22723829905475,100.0
2130,0,11.382057864128484,11.382057864128484,100.0
2130,1,12.783475204600817,12.783475204600817,100.0
2130,2,75.83446693127071,75.83446693127071,100.0
2140,0,29.139696894170154,29.139696894170154,100.0
2140,1,44.462082351767926,44.462082351767926,100.0
2140,2,26.398220754061924,26.398220754061924,100.0
2150,0,22.549709219451568,22.549709219451568,100.0
2150,1,35.128517634600556,35.128517634600556,100.0
2150,2,42.32177314594788,42.32177314594788,100.0
2160,0,31.487861965283194,31.487861965283194,100.0
2160,1,13.356930955894924,13.356930955894924,100.0
2160,2,55.15520707882189,55.15520707882189,100.0
2170,0,60.311146018751074,60.311146018751074,100.0
2170,1,19.65175077694846,19.65175077694846,100.0
2170,2,20.037103204300468,20.037103204300468,100.0
2180,0,19.899498644135697,19.899498644135697,100.0
2180,1,34.47904706071681,34.47904706071681,100.0
2180,2,45.62145429514751,45.62145429514751,100.0
2190,0,11.783803441667398,11.783803441667398,100.0
2190,1,11.624498391761588,11.624498391761588,100.0
2190,2,76.591698166571,76.591698166571,100.0
2200,0,36.19768526253457,36.19768526253457,100.0
2200,1,28.743892344502115,28.743892344502115,100.0
2200,2,35.05842239296332,35.05842239296332,100.0
2210,0,35.18696439908224,35.18696439908224,100.0
2210,1,12.407628739350505,12.407628739350505,100.0
2210,2,52.40540686156726,52.40540686156726,100.0
2220,0,27.302800870775872,27.302800870775872,100.0
2220,1,39.16560184137767,39.16560184137767,100.0
2220,2,33.53159728784645,33.53159728784645,100.0
2230,0,18.5539196148101,18.5539196148101,100.0
2230,1,51.802357230544736,51.802357230544736,100.0
2230,2,29.643723154645173,29.643723154645173,100.0
2240,0,17.309597778708337,17.309597778708337,100.0
2240,1,42.6534689099451,42.6534689099451,100.0
2240,2,40.03693331134656,40.03693331134656,100.0
2250,0,12.04467482754756,12.04467482754756,100.0
2250,1,13.400275369244472,13.400275369244472,100.0
2250,2,74.55504980320798,74.55504980320798,100.0
2260,0,39.18227937343548,39.18227937343548,100.0
2260,1,41.31789131116386,41.31789131116386,100.0
2260,2,19.49982931540067,19.49982931540067,100.0
2270,0,14.668278263207945,14.668278263207945,100.0
2270,1,47.728834539447675,47.728834539447675,100.0
2270,2,37.60288719734439,37.60288719734439,100.0
2280,0,31.429620497168287,31.429620497168287,100.0
2280,1,17.003732558376417,17.003732558376417,100.0
2280,2,51.56664694445531,51.56664694445531,100.0
2290,0,39.84176095702438,39.84176095702438,100.0
2290,1,22.881078722716342,22.881078722716342,100.0
2290,2,37.277160320259284,37.277160320259284,100.0
2300,0,67.83605668370602,67.83605668370602,100.0
2300,1,18.420225364966345,18.420225364966345,100.0
2300,2,13.743717951327646,13.743717951327646,100.0
2310,0,13.923511830438251,13.923511830438251,100.0
2310,1,16.215443408895563,16.215443408895563,100.0
2310,2,69.86104476066619,69.86104476066619,100.0
2320,0,18.915376424111045,18.915376424111045,100.0
2320,1,58.83943944325385,58.83943944325385,100.0
2320,2,22.245184132635107,22.245184132635107,100.0
2330,0,56.70820118169101,56.70820118169101,100.0
2330,1,15.338701439988705,15.338701439988705,100.0
2330,2,27.95309737832029,27.95309737832029,100.0
2340,0,17.986713822619585,17.986713822619585,100.0
2340,1,50.54508727409228,50.54508727409228,100.0
2340,2,31.468198903288137,31.468198903288137,100.0
2350,0,44.897937795285955,44.897937795285955,100.0
2350,1,29.387425215831588,29.387425215831588,100.0
2350,2,25.71463698888247,25.71463698888247,100.0
2360,0,57.810481597164,57.810481597164,100.0
2360,1,12.307137875398515,12.307137875398515,100.0
2360,2,29.88238052743749,29.88238052743749,100.0
2370,0,11.787132819039275,11.787132819039275,100.0
2370,1,15.26495499307286,15.26495499307286,100.0
2370,2,72.94791218788787,72.94791218788787,100.0
2380,0,67.10347230513713,67.10347230513713,100.0
2380,1,15.951835352969487,15.951835352969487,100.0
2380,2,16.944692341893386,16.944692341893386,100.0
2390,0,35.60137466098707,35.60137466098707,100.0
2390,1,42.5962371581358,42.5962371581358,100.0
2390,2,21.80238818087715,21.80238818087715,100.0
2400,0,65.08381517517033,65.08381517517033,100.0
2400,1,18.800844546213536,18.800844546213536,100.0
2400,2,16.11534027861613,16.11534027861613,100.0
2410,0,22.245216988025337,22.245216988025337,100.0
2410,1,53.40416961726233,53.40416961726233,100.0
2410,2,24.350613394712333,24.350613394712333,100.0
2420,0,50.193222597480705,50.193222597480705,100.0
2420,1,32.37483788375853,32.37483788375853,100.0
2420,2,17.431939518760775,17.431939518760775,100.0
2430,0,13.043156458836554,13.043156458836554,100.0
2430,1,12.482053211678535,12.482053211678535,100.0
2430,2,74.4747903294849,74.4747903294849,100.0
2440,0,42.055588745390885,42.055588745390885,100.0
2440,1,35.66920184074757,35.66920184074757,100.0
2440,2,22.275209413861546,22.275209413861546,100.0
2450,0,67.36180459982452,67.36180459982452,100.0
2450,1,11.694474889655504,11.694474889655504,100.0
2450,2,20.943720510519963,20.943720510519963,100.0
2460,0,13.119363551779642,13.119363551779642,100.0
2460,1,61.37065808216481,61.37065808216481,100.0
2460,2,25.50997836605556,25.50997836605556,100.0
2470,0,33.33245086194185,33.33245086194185,100.0
2470,1,18.30876352560225,18.30876352560225,100.0
2470,2,48.35878561245591,48.35878561245591,100.0
2480,0,48.004617028210895,48.004617028210895,100.0
2480,1,33.669725743826234,33.669725743826234,100.0
2480,2,18.325657227962882,18.325657227962882,100.0
2490,0,15.359096414873981,15.359096414873981,100.0
2490,1,13.96472046386016,13.96472046386016,100.0
2490,2,70.67618312126585,70.67618312126585,100.0
2500,0,56.854957017749186,56.854957017749186,100.0
2500,1,18.53264088059931,18.53264088059931,100.0
2500,2,24.612402101651497,24.612402101651497,100.0
2510,0,24.68584426887766,24.68584426887766,100.0
2510,1,43.00630233862334,43.00630233862334,100.0
2510,2,32.307853392499,32.307853392499,100.0
2520,0,25.072771050218414,25.072771050218414,100.0
2520,1,19.820080225178685,19.820080225178685,100.0
2520,2,55.10714872460291,55.10714872460291,100.0
2530,0,27.79016973237798,27.79016973237798,100.0
2530,1,42.84108131065756,42.84108131065756,100.0
2530,2,29.368748956964474,29.368748956964474,100.0
2540,0,26.36832825866362,26.36832825866362,100.0
2540,1,35.88752683811604,35.88752683811604,100.0
2540,2,37.744144903220345,37.744144903220345,100.0
2550,0,12.191811897836102,12.191811897836102,100.0
2550,1,13.263017145780282,13.263017145780282,100.0
2550,2,74.54517095638363,74.54517095638363,100.0
2560,0,23.399985495494043,23.399985495494043,100.0
2560,1,38.4127299052573,38.4127299052573,100.0
2560,2,38.18728459924864,38.18728459924864,100.0
2570,0,19.877746255624725,19.877746255624725,100.0
2570,1,44.631763697032326,44.631763697032326,100.0
2570,2,35.49049004734295,35.49049004734295,100.0
2580,0,26.217316392364896,26.217316392364896,100.0
2580,1,60.53634867829769,60.53634867829769,100.0
2580,2,13.246334929337412,13.246334929337412,100.0
2590,0,27.182099322507224,27.182099322507224,100.0
2590,1,37.189806293818215,37.189806293818215,100.0
2590,2,35.62809438367457,35.62809438367457,100.0
2600,0,33.824754073879035,33.824754073879035,100.0
2600,1,38.0288320770049,38.0288320770049,100.0
2600,2,28.14641384911607,28.14641384911607,100.0
2610,0,13.085200553985823,13.085200553985823,100.0
2610,1,11.206009998894096,11.206009998894096,100.0
2610,2,75.70878944712007,75.70878944712007,100.0
2620,0,48.554105426747334,48.554105426747334,100.0
2620,1,22.543091293692953,22.543091293692953,100.0
2620,2,28.90280327955971,28.90280327955971,100.0
2630,0,75.15425088192032,75.15425088192032,100.0
2630,1,13.227205378420164,13.227205378420164,100.0
2630,2,11.618543739659524,11.618543739659524,100.0
2640,0,30.031438935171707,30.031438935171707,100.0
2640,1,13.765965385373297,13.765965385373297,100.0
2640,2,56.202595679454994,56.202595679454994,100.0
2650,0,47.05963597291618,47.05963597291618,100.0
2650,1,12.211135941861555,12.211135941861555,100.0
2650,2,40.72922808522226,40.72922808522226,100.0
2660,0,24.515273209282498,24.515273209282498,100.0
2660,1,56.85013298644623,56.85013298644623,100.0
2660,2,18.634593804271276,18.634593804271276,100.0
2670,0,11.782746705817795,11.782746705817795,100.0
2670,1,11.531474830356018,11.531474830356018,100.0
2670,2,76.6857784638262,76.6857784638262,100.0
2680,0,21.126708300903594,21.126708300903594,100.0
2680,1,25.919483556807272,25.919483556807272,100.0
2680,2,52.95380814228914,52.95380814228914,100.0
2690,0,46.769138185856775,46.769138185856775,100.0
2690,1,19.533704002543587,19.533704002543587,100.0
2690,2,33.697157811599645,33.697157811599645,100.0
2700,0,70.63965297176686,70.63965297176686,100.0
2700,1,12.445788725503618,12.445788725503618,100.0
2700,2,16.914558302729525,16.914558302729525,100.0
2710,0,43.90328568087361,43.90328568087361,100.0
2710,1,10.502114012723942,10.502114012723942,100.0
2710,2,45.59460030640245,45.59460030640245,100.0
2720,0,35.37766227365801,35.37766227365801,100.0
2720,1,27.79316575170257,27.79316575170257,100.0
2720,2,36.82917197463942,36.82917197463942,100.0
2730,0,10.969339585442338,10.969339585442338,100.0
2730,1,11.940264198623899,11.940264198623899,100.0
2730,2,77.09039621593377,77.09039621593377,100.0
2740,0,42.70379959877169,42.70379959877169,100.0
2740,1,11.228286791934309,11.228286791934309,100.0
2740,2,46.067913609293996,46.067913609293996,100.0
2750,0,26.39317777873915,26.39317777873915,100.0
2750,1,33.79885047982699,33.79885047982699,100.0
2750,2,39.80797174143385,39.80797174143385,100.0
2760,0,44.60171929558544,44.60171929558544,100.0
2760,1,33.481167012007404,33.481167012007404,100.0
2760,2,21.91711369240716,21.91711369240716,100.0
2770,0,41.80223202586731,41.80223202586731,100.0
2770,1,14.56401047054613,14.56401047054613,100.0
2770,2,43.63375750358655,43.63375750358655,100.0
2780,0,68.16146469584557,68.16146469584557,100.0
2780,1,15.186418881500652,15.186418881500652,100.0
2780,2,16.65211642265379,16.65211642265379,100.0
2790,0,17.823208562745577,17.823208562745577,100.0
2790,1,21.71998308621383,21.71998308621383,100.0
2790,2,60.45680835104059,60.45680835104059,100.0
2800,0,54.36145657148054,54.36145657148054,100.0
2800,1,24.82712148190934,24.82712148190934,100.0
2800,2,20.811421946610125,20.811421946610125,100.0
2810,0,64.40232237853417,64.40232237853417,100.0
2810,1,16.73870041877118,16.73870041877118,100.0
2810,2,18.858977202694657,18.858977202694657,100.0
2820,0,29.811689850084743,29.811689850084743,100.0
2820,1,14.997151891342606,14.997151891342606,100.0
2820,2,55.19115825857265,55.19115825857265,100.0
2830,0,26.98440444603006,26.98440444603006,100.0
2830,1,28.091543500185313,28.091543500185313,100.0
2830,2,44.92405205378464,44.92405205378464,100.0
2840,0,17.634608748304625,17.634608748304625,100.0
2840,1,64.78766149628471,64.78766149628471,100.0
2840,2,17.577729755410665,17.577729755410665,100.0
2850,0,11.110311115812596,11.110311115812596,100.0
2850,1,11.15779723656677,11.15779723656677,100.0
2850,2,77.73189164762061,77.73189164762061,100.0
2860,0,14.933514738029121,14.933514738029121,100.0
2860,1,33.6980979528334,33.6980979528334,100.0
2860,2,51.368387309137475,51.368387309137475,100.0
2870,0,46.68285419148717,46.68285419148717,100.0
2870,1,16.963167750992703,16.963167750992703,100.0
2870,2,36.35397805752013,36.35397805752013,100.0
2880,0,35.74726470684407,35.74726470684407,100.0
2880,1,46.013656265335165,46.013656265335165,100.0
2880,2,18.239079027820768,18.239079027820768,100.0
2890,0,15.365419917072382,15.365419917072382,100.0
2890,1,51.03816875359114,51.03816875359114,100.0
2890,2,33.596411329336476,33.596411329336476,100.0
2900,0,45.307302571475496,45.307302571475496,100.0
2900,1,15.825953583454297,15.825953583454297,100.0
2900,2,38.86674384507022,38.86674384507022,100.0
2910,0,11.569304107041734,11.569304107041734,100.0
2910,1,12.419213470285296,12.419213470285296,100.0
2910,2,76.01148242267297,76.01148242267297,100.0
2920,0,62.25314114270073,62.25314114270073,100.0
2920,1,22.13415394391914,22.13415394391914,100.0
2920,2,15.612704913380131,15.612704913380131,100.0
2930,0,62.49159172575808,62.49159172575808,100.0
2930,1,26.74822163746276,26.74822163746276,100.0
2930,2,10.760186636779169,10.760186636779169,100.0
2940,0,56.971493422635,56.971493422635,100.0
2940,1,22.07225755779012,22.07225755779012,100.0
2940,2,20.956249019574884,20.956249019574884,100.0
2950,0,60.72356068663885,60.72356068663885,100.0
2950,1,22.51956281205127,22.51956281205127,100.0
2950,2,16.756876501309883,16.756876501309883,100.0
2960,0,13.940639842452393,13.940639842452393,100.0
2960,1,14.586635720293216,14.586635720293216,100.0
2960,2,71.47272443725439,71.47272443725439,100.0
2970,0,12.633686544962664,12.633686544962664,100.0
2970,1,11.01096362903153,11.01096362903153,100.0
2970,2,76.35534982600582,76.35534982600582,100.0
2980,0,52.41332880378104,52.41332880378104,100.0
2980,1,8.901453408565963,8.901453408565963,100.0
2980,2,38.685217787652995,38.685217787652995,100.0
2990,0,32.80826078889397,32.80826078889397,100.0
2990,1,10.46852041082205,10.46852041082205,100.0
2990,2,56.72321880028398,56.72321880028398,100.0
3000,0,26.208965001899042,26.208965001899042,100.0
3000,1,44.15612969929922,44.15612969929922,100.0
3000,2,29.634905298801744,29.634905298801744,100.0
3010,0,56.72765217572751,56.72765217572751,100.0
3010,1,21.660752701680668,21.660752701680668,100.0
3010,2,21.61159512259182,21.61159512259182,100.0
3020,0,48.983696149349285,48.983696149349285,100.0
3020,1,30.08891513454191,30.08891513454191,100.0
3020,2,20.927388716108812,20.927388716108812,100.0
3030,0,15.594483424334216,15.594483424334216,100.0
3030,1,15.684196855155594,15.684196855155594,100.0
3030,2,68.7213197205102,68.7213197205102,100.0
3040,0,52.10127487769457,52.10127487769457,100.0
3040,1,8.67703277512783,8.67703277512783,100.0
3040,2,39.221692347177594,39.221692347177594,100.0
3050,0,59.885204296145176,59.885204296145176,100.0
3050,1,23.967528741698725,23.967528741698725,100.0
3050,2,16.147266962156095,16.147266962156095,100.0
3060,0,43.93408963885314,43.93408963885314,100.0
3060,1,46.313006378000736,46.313006378000736,100.0
3060,2,9.752903983146133,9.752903983146133,100.0
3070,0,51.336596752737506,51.336596752737506,100.0
3070,1,23.483740163488427,23.483740163488427,100.0
3070,2,25.179663083774063,25.179663083774063,100.0
3080,0,45.950535016469615,45.950535016469615,100.0
3080,1,37.19976453716211,37.19976453716211,100.0
3080,2,16.849700446368274,16.849700446368274,100.0
3090,0,10.694102657279533,10.694102657279533,100.0
3090,1,16.180450466780137,16.180450466780137,100.0
3090,2,73.12544687594034,73.12544687594034,100.0
3100,0,46.479516995684754,46.479516995684754,100.0
3100,1,8.029872243233784,8.029872243233784,100.0
3100,2,45.49061076108147,45.49061076108147,100.0
3110,0,19.101639737811407,19.101639737811407,100.0
3110,1,14.153250022007564,14.153250022007564,100.0
3110,2,66.74511024018102,66.74511024018102,100.0
3120,0,35.20564199996949,35.20564199996949,100.0
3120,1,22.52420466731584,22.52420466731584,100.0
3120,2,42.270153332714685,42.270153332714685,100.0
3130,0,16.70208059447025,16.70208059447025,100.0
3130,1,52.926883911660106,52.926883911660106,100.0
3130,2,30.371035493869652,30.371035493869652,100.0
3140,0,66.08055162566085,66.08055162566085,100.0
3140,1,16.76422291191548,16.76422291191548,100.0
3140,2,17.15522546242369,17.15522546242369,100.0
3150,0,14.160428633006198,14.160428633006198,100.0
3150,1,14.060397544834045,14.060397544834045,100.0
3150,2,71.77917382215976,71.77917382215976,100.0
3160,0,15.32911726632869,15.32911726632869,100.0
3160,1,44.7627972033693,44.7627972033693,100.0
3160,2,39.908085530302,39.908085530302,100.0
3170,0,44.957868052601995,44.957868052601995,100.0
3170,1,8.305610351537975,8.305610351537975,100.0
3170,2,46.73652159586004,46.73652159586004,100.0
3180,0,35.869566643424925,35.869566643424925,100.0
3180,1,42.81476005855646,42.81476005855646,100.0
3180,2,21.315673298018616,21.315673298018616,100.0
3190,0,46.278938946185356,46.278938946185356,100.0
3190,1,8.160884186242342,8.160884186242342,100.0
3190,2,45.5601768675723,45.5601768675723,100.0
3200,0,42.443346224457606,42.443346224457606,100.0
3200,1,38.25654478236758,38.25654478236758,100.0
3200,2,19.30010899317483,19.30010899317483,100.0
3210,0,11.224871003167973,11.224871003167973,100.0
3210,1,11.945460395382403,11.945460395382403,100.0
3210,2,76.82966860144963,76.82966860144963,100.0
3220,0,29.98885802065149,29.98885802065149,100.0
3220,1,37.257260427433444,37.257260427433444,100.0
3220,2,32.75388155191507,32.75388155191507,100.0
3230,0,38.79135618978442,38.79135618978442,100.0
3230,1,45.06524060402953,45.06524060402953,100.0
3230,2,16.143403206186044,16.143403206186044,100.0
3240,0,53.63339979412793,53.63339979412793,100.0
3240,1,12.860004677184339,12.860004677184339,100.0
3240,2,33.506595528687726,33.506595528687726,100.0
3250,0,55.7880651881962,55.7880651881962,100.0
3250,1,31.37773713359743,31.37773713359743,100.0
3250,2,12.83419767820638,12.83419767820638,100.0
3260,0,37.70477686950354,37.70477686950354,100.0
3260,1,46.3059627114645,46.3059627114645,100.0
3260,2,15.98926041903196,15.98926041903196,100.0
3270,0,11.791022183273235,11.791022183273235,100.0
3270,1,12.647314704476825,12.647314704476825,100.0
3270,2,75.56166311224993,75.56166311224993,100.0
3280,0,27.29024436643965,27.29024436643965,100.0
3280,1,40.09802010121115,40.09802010121115,100.0
3280,2,32.61173553234919,32.61173553234919,100.0
3290,0,53.76649482514906,53.76649482514906,100.0
3290,1,36.55950309706944,36.55950309706944,100.0
3290,2,9.674002077781505,9.674002077781505,100.0
3300,0,35.31357865782218,35.31357865782218,100.0
3300,1,45.77703753706453,45.77703753706453,100.0
3300,2,18.909383805113286,18.909383805113286,100.0
3310,0,59.867038710049435,59.867038710049435,100.0
3310,1,21.291454823430733,21.291454823430733,100.0
3310,2,18.841506466519828,18.841506466519828,100.0
3320,0,39.2869132944671,39.2869132944671,100.0
3320,1,36.95532256147433,36.95532256147433,100.0
3320,2,23.757764144058573,23.757764144058573,100.0
3330,0,12.757988926164558,12.757988926164558,100.0
3330,1,12.483719895910946,12.483719895910946,100.0
3330,2,74.75829117792449,74.75829117792449,100.0
3340,0,45.786820734508915,45.786820734508915,100.0
3340,1,37.62770087758998,37.62770087758998,100.0
3340,2,16.585478387901105,16.585478387901105,100.0
3350,0,44.22161195203814,44.22161195203814,100.0
3350,1,31.41161154357913,31.41161154357913,100.0
3350,2,24.366776504382738,24.366776504382738,100.0
3360,0,23.14258323417994,23.14258323417994,100.0
3360,1,28.90342493837421,28.90342493837421,100.0
3360,2,47.953991827445854,47.953991827445854,100.0
3370,0,17.728816524630883,17.728816524630883,100.0
3370,1,62.45178393454197,62.45178393454197,100.0
3370,2,19.819399540827153,19.819399540827153,100.0
3380,0,60.16415708066021,60.16415708066021,100.0
3380,1,17.900459733560442,17.900459733560442,100.0
3380,2,21.93538318577934,21.93538318577934,100.0
3390,0,13.93328622925401,13.93328622925401,100.0
3390,1,12.29093290496192,12.29093290496192,100.0
3390,2,73.77578086578407,73.77578086578407,100.0
3400,0,36.99359917398708,36.99359917398708,100.0
3400,1,40.04410968281393,40.04410968281393,100.0
3400,2,22.96229114319899,22.96229114319899,100.0
3410,0,55.61662300946578,55.61662300946578,100.0
3410,1,29.027728552225756,29.027728552225756,100.0
3410,2,15.355648438308473,15.355648438308473,100.0
3420,0,42.19263997798415,42.19263997798415,100.0
3420,1,28.289754085663805,28.289754085663805,100.0
3420,2,29.517605936352037,29.517605936352037,100.0
3430,0,65.14939285489884,65.14939285489884,100.0
3430,1,16.796351043776085,16.796351043776085,100.0
3430,2,18.054256101325095,18.054256101325095,100.0
3440,0,67.00649559515863,67.00649559515863,100.0
3440,1,20.399517110048933,20.399517110048933,100.0
3440,2,12.593987294792445,12.593987294792445,100.0
3450,0,17.72436686245952,17.72436686245952,100.0
3450,1,16.861618412025972,16.861618412025972,100.0
3450,2,65.41401472551452,65.41401472551452,100.0
3460,0,19.001331500791654,19.001331500791654,100.0
3460,1,51.76583017097825,51.76583017097825,100.0
3460,2,29.23283832823011,29.23283832823011,100.0
3470,0,47.772083134282724,47.772083134282724,100.0
3470,1,18.714389946886577,18.714389946886577,100.0
3470,2,33.51352691883069,33.51352691883069,100.0
3480,0,66.67778096541956,66.67778096541956,100.0
3480,1,13.80626600064003,13.80626600064003,100.0
3480,2,19.515953033940427,19.515953033940427,100.0
3490,0,55.30645219580597,55.30645219580597,100.0
3490,1,17.407237326811934,17.407237326811934,100.0
3490,2,27.286310477382102,27.286310477382102,100.0
3500,0,49.227321317237134,49.227321317237134,100.0
3500,1,28.560246331973666,28.560246331973666,100.0
3500,2,22.2124323507892,22.2124323507892,100.0
3510,0,14.671728403258278,14.671728403258278,100.0
3510,1,12.576990756202145,12.576990756202145,100.0
3510,2,72.75128084053958,72.75128084053958,100.0
3520,0,59.4469489505256,59.4469489505256,100.0
3520,1,20.260592278170257,20.260592278170257,100.0
3520,2,20.292458771304148,20.292458771304148,100.0
3530,0,32.659489151708925,32.659489151708925,100.0
3530,1,35.73232879838887,35.73232879838887,100.0
3530,2,31.60818204990221,31.60818204990221,100.0
3540,0,53.9570228207167,53.9570228207167,100.0
3540,1,30.11136808188788,30.11136808188788,100.0
3540,2,15.931609097395416,15.931609097395416,100.0
3550,0,28.142257931859593,28.142257931859593,100.0
3550,1,25.965831995351774,25.965831995351774,100.0
3550,2,45.891910072788626,45.891910072788626,100.0
3560,0,31.864859145071208,31.864859145071208,100.0
3560,1,16.726078469571725,16.726078469571725,100.0
3560,2,51.409062385357075,51.409062385357075,100.0
3570,0,12.402668682212619,12.402668682212619,100.0
3570,1,11.599522890876658,11.599522890876658,100.0
3570,2,75.99780842691072,75.99780842691072,100.0
3580,0,23.055526525615296,23.055526525615296,100.0
3580,1,13.407250280367869,13.407250280367869,100.0
3580,2,63.537223194016846,63.537223194016846,100.0
3590,0,59.0258995290583,59.0258995290583,100.0
3590,1,21.16647824205588,21.16647824205588,100.0
3590,2,19.807622228885823,19.807622228885823,100.0
3600,0,52.69646798187668,52.69646798187668,100.0
3600,1,14.15521641430384,14.15521641430384,100.0
3600,2,33.14831560381948,33.14831560381948,100.0
3610,0,37.32698631094831,37.32698631094831,100.0
3610,1,24.994954338562568,24.994954338562568,100.0
3610,2,37.67805935048913,37.67805935048913,100.0
3620,0,21.844425839606743,21.844425839606743,100.0
3620,1,12.731540463963528,12.731540463963528,100.0
3620,2,65.42403369642975,65.42403369642975,100.0
3630,0,11.56520794612039,11.56520794612039,100.0
3630,1,11.108319703339982,11.108319703339982,100.0
3630,2,77.32647235053962,77.32647235053962,100.0
3640,0,65.09548896385712,65.09548896385712,100.0
3640,1,18.570772261433763,18.570772261433763,100.0
3640,2,16.33373877470913,16.33373877470913,100.0
3650,0,49.755772735151226,49.755772735151226,100.0
3650,1,25.089109201383398,25.089109201383398,100.0
3650,2,25.155118063465366,25.155118063465366,100.0
3660,0,46.32764877243359,46.32764877243359,100.0
3660,1,22.448943491148558,22.448943491148558,100.0
3660,2,31.22340773641786,31.22340773641786,100.0
3670,0,71.09078803620451,71.09078803620451,100.0
3670,1,16.45468011966827,16.45468011966827,100.0
3670,2,12.45453184412722,12.45453184412722,100.0
3680,0,32.677080439398395,32.677080439398395,100.0
3680,1,52.64462214113163,52.64462214113163,100.0
3680,2,14.678297419469983,14.678297419469983,100.0
3690,0,12.29009150482244,12.29009150482244,100.0
3690,1,11.564387021469358,11.564387021469358,100.0
3690,2,76.1455214737082,76.1455214737082,100.0
3700,0,29.893382589782018,29.893382589782018,100.0
3700,1,25.53914209774721,25.53914209774721,100.0
3700,2,44.56747531247077,44.56747531247077,100.0
3710,0,46.43715920280728,46.43715920280728,100.0
3710,1,28.34876576930288,28.34876576930288,100.0
3710,2,25.214075027889837,25.214075027889837,100.0
3720,0,22.840667956110313,22.840667956110313,100.0
3720,1,17.186707630403188,17.186707630403188,100.0
3720,2,59.97262441348651,59.97262441348651,100.0
3730,0,39.63269239122712,39.63269239122712,100.0
3730,1,25.347421172531,25.347421172531,100.0
3730,2,35.01988643624189,35.01988643624189,100.0
3740,0,14.425570536754655,14.425570536754655,100.0
3740,1,22.09991171048959,22.09991171048959,100.0
3740,2,63.474517752755766,63.474517752755766,100.0
3750,0,11.495898295458183,11.495898295458183,100.0
3750,1,10.84137969597556,10.84137969597556,100.0
3750,2,77.66272200856625,77.66272200856625,100.0
3760,0,26.02326666332105,26.02326666332105,100.0
3760,1,39.10730803259901,39.10730803259901,100.0
3760,2,34.86942530407995,34.86942530407995,100.0
3770,0,50.44334385618864,50.44334385618864,100.0
3770,1,20.020942335548767,20.020942335548767,100.0
3770,2,29.5357138082626,29.5357138082626,100.0
3780,0,40.382442155799595,40.382442155799595,100.0
3780,1,44.68288911116608,44.68288911116608,100.0
3780,2,14.934668733034338,14.934668733034338,100.0
3790,0,27.580192031800976,27.580192031800976,100.0
3790,1,33.11052982135115,33.11052982135115,100.0
3790,2,39.309278146847866,39.309278146847866,100.0
3800,0,37.346334112001635,37.346334112001635,100.0
3800,1,24.886417657546332,24.886417657546332,100.0
3800,2,37.76724823045204,37.76724823045204,100.0
3810,0,12.42516442666284,12.42516442666284,100.0
3810,1,12.311630591050921,12.311630591050921,100.0
3810,2,75.26320498228625,75.26320498228625,100.0
3820,0,55.70209075892735,55.70209075892735,100.0
3820,1,9.473781880663761,9.473781880663761,100.0
3820,2,34.8241273604089,34.8241273604089,100.0
3830,0,57.73213033757726,57.73213033757726,100.0
3830,1,15.247979058304612,15.247979058304612,100.0
3830,2,27.019890604118128,27.019890604118128,100.0
3840,0,53.32192953356809,53.32192953356809,100.0
3840,1,28.040130844474003,28.040130844474003,100.0
3840,2,18.637939621957905,18.637939621957905,100.0
3850,0,61.69486921387114,61.69486921387114,100.0
3850,1,17.175280208323464,17.175280208323464,100.0
3850,2,21.1298505778054,21.1298505778054,100.0
3860,0,38.32258640274953,38.32258640274953,100.0
3860,1,46.515763616891206,46.515763616891206,100.0
3860,2,15.161649980359265,15.161649980359265,100.0
3870,0,14.454164865920264,14.454164865920264,100.0
3870,1,14.511679647284033,14.511679647284033,100.0
3870,2,71.03415548679571,71.03415548679571,100.0
3880,0,7.909939356887119,7.909939356887119,100.0
3880,1,50.065804849260246,50.065804849260246,100.0
3880,2,42.024255793852646,42.024255793852646,100.0
3890,0,13.703495594390859,13.703495594390859,100.0
3890,1,24.97745795120457,24.97745795120457,100.0
3890,2,61.31904645440457,61.31904645440457,100.0
3900,0,26.297086760540534,26.297086760540534,100.0
3900,1,29.618597287702404,29.618597287702404,100.0
3900,2,44.08431595175706,44.08431595175706,100.0
3910,0,42.08096735891905,42.08096735891905,100.0
3910,1,29.75503147351528,29.75503147351528,100.0
3910,2,28.16400116756568,28.16400116756568,100.0
3920,0,43.12428385931259,43.12428385931259,100.0
3920,1,36.48063264671129,36.48063264671129,100.0
3920,2,20.395083493976127,20.395083493976127,100.0
3930,0,12.8745100445884,12.8745100445884,100.0
3930,1,13.145312620194833,13.145312620194833,100.0
3930,2,73.98017733521677,73.98017733521677,100.0
3940,0,31.13470007677215,31.13470007677215,100.0
3940,1,28.499008717020295,28.499008717020295,100.0
3940,2,40.36629120620756,40.36629120620756,100.0
3950,0,28.214877894735512,28.214877894735512,100.0
3950,1,32.73721185486561,32.73721185486561,100.0
3950,2,39.04791025039887,39.04791025039887,100.0
3960,0,47.465942334140564,47.465942334140564,100.0
3960,1,26.859811777905062,26.859811777905062,100.0
3960,2,25.67424588795437,25.67424588795437,100.0
3970,0,23.743591401528423,23.743591401528423,100.0
3970,1,16.234791430168396,16.234791430168396,100.0
3970,2,60.02161716830319,60.02161716830319,100.0
3980,0,21.547754366580058,21.547754366580058,100.0
3980,1,26.12193156707446,26.12193156707446,100.0
3980,2,52.330314066345494,52.330314066345494,100.0
3990,0,12.867889956000859,12.867889956000859,100.0
3990,1,12.80800159288272,12.80800159288272,100.0
3990,2,74.32410845111642,74.32410845111642,100.0
4000,0,49.79919868343129,49.79919868343129,100.0
4000,1,22.423983816697017,22.423983816697017,100.0
4000,2,27.776817499871708,27.776817499871708,100.0
4010,0,41.47883173215484,41.47883173215484,100.0
4010,1,21.762041111837817,21.762041111837817,100.0
4010,2,36.759127156007345,36.759127156007345,100.0
4020,0,21.874800127617032,21.874800127617032,100.0
4020,1,54.2822906650629,54.2822906650629,100.0
4020,2,23.842909207320073,23.842909207320073,100.0
4030,0,23.48600454629082,23.48600454629082,100.0
4030,1,28.94893541076985,28.94893541076985,100.0
4030,2,47.56506004293933,47.56506004293933,100.0
4040,0,40.55840090744452,40.55840090744452,100.0
4040,1,8.918202175423238,8.918202175423238,100.0
4040,2,50.523396917132246,50.523396917132246,100.0
4050,0,11.30074931150658,11.30074931150658,100.0
4050,1,18.68947754937877,18.68947754937877,100.0
4050,2,70.00977313911466,70.00977313911466,100.0
4060,0,51.670183361932786,51.670183361932786,100.0
4060,1,29.383955972575706,29.383955972575706,100.0
4060,2,18.945860665491516,18.945860665491516,100.0
4070,0,40.340580714098756,40.340580714098756,100.0
4070,1,14.985225558353399,14.985225558353399,100.0
4070,2,44.67419372754785,44.67419372754785,100.0
4080,0,55.799204967745354,55.799204967745354,100.0
4080,1,24.694676042327803,24.694676042327803,100.0
4080,2,19.50611898992685,19.50611898992685,100.0
4090,0,31.308571260306756,31.308571260306756,100.0
4090,1,48.209960665684754,48.209960665684754,100.0
4090,2,20.48146807400849,20.48146807400849,100.0
4100,0,28.31265202125575,28.31265202125575,100.0
4100,1,22.246614806934208,22.246614806934208,100.0
4100,2,49.440733171810045,49.440733171810045,100.0
4110,0,11.163650713387701,11.163650713387701,100.0
4110,1,11.298645388129632,11.298645388129632,100.0
4110,2,77.53770389848268,77.53770389848268,100.0
4120,0,19.243196163737604,19.243196163737604,100.0
4120,1,52.73724269357768,52.73724269357768,100.0
4120,2,28.01956114268472,28.01956114268472,100.0
4130,0,38.23361658128127,38.23361658128127,100.0
4130,1,30.824108672330425,30.824108672330425,100.0
4130,2,30.94227474638831,30.94227474638831,100.0
4140,0,24.171782263588852,24.171782263588852,100.0
4140,1,44.774084680564535,44.774084680564535,100.0
4140,2,31.054133055846616,31.054133055846616,100.0
4150,0,26.729291178169834,26.729291178169834,100.0
4150,1,16.705094829357332,16.705094829357332,100.0
4150,2,56.56561399247284,56.56561399247284,100.0
4160,0,49.61831595840815,49.61831595840815,100.0
4160,1,38.22318565998609,38.22318565998609,100.0
4160,2,12.158498381605767,12.158498381605767,100.0
4170,0,14.31736080147724,14.31736080147724,100.0
4170,1,21.769705865654224,21.769705865654224,100.0
4170,2,63.91293333286854,63.91293333286854,100.0
4180,0,28.09358053483761,28.09358053483761,100.0
4180,1,11.898957883419254,11.898957883419254,100.0
4180,2,60.00746158174314,60.00746158174314,100.0
4190,0,26.251699185318405,26.251699185318405,100.0
4190,1,52.442341729382214,52.442341729382214,100.0
4190,2,21.30595908529937,21.30595908529937,100.0
4200,0,58.587176981518716,58.587176981518716,100.0
4200,1,21.695645358329195,21.695645358329195,100.0
4200,2,19.717177660152082,19.717177660152082,100.0
4210,0,38.18594984054282,38.18594984054282,100.0
4210,1,8.054024385773934,8.054024385773934,100.0
4210,2,53.76002577368325,53.76002577368325,100.0
4220,0,50.06841860425225,50.06841860425225,100.0
4220,1,28.623828570286737,28.623828570286737,100.0
4220,2,21.30775282546101,21.30775282546101,100.0
4230,0,12.40753458327896,12.40753458327896,100.0
4230,1,12.76302913904578,12.76302913904578,100.0
4230,2,74.82943627767527,74.82943627767527,100.0
4240,0,25.86131127829308,25.86131127829308,100.0
4240,1,24.592459552337296,24.592459552337296,100.0
4240,2,49.546229169369624,49.546229169369624,100.0
4250,0,33.85377064429761,33.85377064429761,100.0
4250,1,32.72340723902946,32.72340723902946,100.0
4250,2,33.422822116672926,33.422822116672926,100.0
4260,0,44.523794084097275,44.523794084097275,100.0
4260,1,26.540658085552195,26.540658085552195,100.0
4260,2,28.93554783035053,28.93554783035053,100.0
4270,0,37.517083520468105,37.517083520468105,100.0
4270,1,43.219886219400784,43.219886219400784,100.0
4270,2,19.263030260131124,19.263030260131124,100.0
4280,0,52.154690518852654,52.154690518852654,100.0
4280,1,8.708136243054716,8.708136243054716,100.0
4280,2,39.13717323809263,39.13717323809263,100.0
4290,0,12.952826990189525,12.952826990189525,100.0
4290,1,12.932958902451707,12.932958902451707,100.0
4290,2,74.11421410735876,74.11421410735876,100.0
4300,0,42.659238656634116,42.659238656634116,100.0
4300,1,45.953430159280735,45.953430159280735,100.0
4300,2,11.387331184085152,11.387331184085152,100.0
4310,0,25.61165420654733,25.61165420654733,100.0
4310,1,38.25816875717743,38.25816875717743,100.0
4310,2,36.13017703627525,36.13017703627525,100.0
4320,0,17.867078989001207,17.867078989001207,100.0
4320,1,17.786806318365652,17.786806318365652,100.0
4320,2,64.34611469263314,64.34611469263314,100.0
4330,0,36.54893345068213,36.54893345068213,100.0
4330,1,23.810584841630405,23.810584841630405,100.0
4330,2,39.64048170768747,39.64048170768747,100.0
4340,0,35.99818144428489,35.99818144428489,100.0
4340,1,34.44339021959052,34.44339021959052,100.0
4340,2,29.558428336124603,29.558428336124603,100.0
4350,0,13.113523644952267,13.113523644952267,100.0
4350,1,12.779225710914153,12.779225710914153,100.0
4350,2,74.10725064413359,74.10725064413359,100.0
4360,0,59.579506876394426,59.579506876394426,100.0
4360,1,10.190567699576828,10.190567699576828,100.0
4360,2,30.229925424028742,30.229925424028742,100.0
4370,0,53.80081789555532,53.80081789555532,100.0
4370,1,27.519737400982404,27.519737400982404,100.0
4370,2,18.679444703462288,18.679444703462288,100.0
4380,0,40.49447730345015,40.49447730345015,100.0
4380,1,48.22354774874372,48.22354774874372,100.0
4380,2,11.281974947806146,11.281974947806146,100.0
4390,0,71.6469185603229,71.6469185603229,100.0
4390,1,12.375692292494952,12.375692292494952,100.0
4390,2,15.97738914718214,15.97738914718214,100.0
4400,0,49.96270061311341,49.96270061311341,100.0
4400,1,25.478745955147552,25.478745955147552,100.0
4400,2,24.55855343173903,24.55855343173903,100.0
4410,0,12.611508434295086,12.611508434295086,100.0
4410,1,12.109225050512574,12.109225050512574,100.0
4410,2,75.27926651519235,75.27926651519235,100.0
4420,0,24.39773577058259,24.39773577058259,100.0
4420,1,29.963192603592088,29.963192603592088,100.0
4420,2,45.63907162582533,45.63907162582533,100.0
4430,0,12.986974148419295,12.986974148419295,100.0
4430,1,28.62790774443491,28.62790774443491,100.0
4430,2,58.38511810714581,58.38511810714581,100.0
4440,0,58.56264077726514,58.56264077726514,100.0
4440,1,18.165687596154008,18.165687596154008,100.0
4440,2,23.271671626580858,23.271671626580858,100.0
4450,0,53.2784545805791,53.2784545805791,100.0
4450,1,12.949103247774332,12.949103247774332,100.0
4450,2,33.77244217164655,33.77244217164655,100.0
4460,0,47.47272579858347,47.47272579858347,100.0
4460,1,14.11659386586695,14.11659386586695,100.0
4460,2,38.41068033554959,38.41068033554959,100.0
4470,0,11.305624770457348,11.305624770457348,100.0
4470,1,11.812221287373387,11.812221287373387,100.0
4470,2,76.88215394216927,76.88215394216927,100.0
4480,0,37.57335681636992,37.57335681636992,100.0
4480,1,36.07857488326411,36.07857488326411,100.0
4480,2,26.348068300365952,26.348068300365952,100.0
4490,0,59.85345023982688,59.85345023982688,100.0
4490,1,13.719914966825952,13.719914966825952,100.0
4490,2,26.426634793347176,26.426634793347176,100.0
4500,0,48.6147980817156,48.6147980817156,100.0
4500,1,10.918135086868253,10.918135086868253,100.0
4500,2,40.46706683141615,40.46706683141615,100.0
4510,0,53.90289490988172,53.90289490988172,100.0
4510,1,10.696534975841049,10.696534975841049,100.0
4510,2,35.400570114277244,35.400570114277244,100.0
4520,0,51.53372464017538,51.53372464017538,100.0
4520,1,22.891589742293355,22.891589742293355,100.0
4520,2,25.574685617531266,25.574685617531266,100.0
4530,0,11.540828001585654,11.540828001585654,100.0
4530,1,11.549285917889861,11.549285917889861,100.0
4530,2,76.90988608052449,76.90988608052449,100.0
4540,0,40.54253636629659,40.54253636629659,100.0
4540,1,10.275245139213121,10.275245139213121,100.0
4540,2,49.182218494490286,49.182218494490286,100.0
4550,0,56.94857958893035,56.94857958893035,100.0
4550,1,23.97867780666679,23.97867780666679,100.0
4550,2,19.072742604402855,19.072742604402855,100.0
4560,0,59.1210950851644,59.1210950851644,100.0
4560,1,17.19713272561822,17.19713272561822,100.0
4560,2,23.68177218921738,23.68177218921738,100.0
4570,0,50.034038964646676,50.034038964646676,100.0
4570,1,26.621350352848367,26.621350352848367,100.0
4570,2,23.344610682504957,23.344610682504957,100.0
4580,0,31.5406769275126,31.5406769275126,100.0
4580,1,29.212960499992846,29.212960499992846,100.0
4580,2,39.24636257249455,39.24636257249455,100.0
4590,0,14.930756719010784,14.930756719010784,100.0
4590,1,13.787764865350157,13.787764865350157,100.0
4590,2,71.28147841563906,71.28147841563906,100.0
4600,0,35.035240546584575,35.035240546584575,100.0
4600,1,31.431926526597458,31.431926526597458,100.0
4600,2,33.53283292681796,33.53283292681796,100.0
4610,0,68.66239073235928,68.66239073235928,100.0
4610,1,17.26320576904182,17.26320576904182,100.0
4610,2,14.074403498598908,14.074403498598908,100.0
4620,0,49.05830002265507,49.05830002265507,100.0
4620,1,26.633278275988676,26.633278275988676,100.0
4620,2,24.30842170135625,24.30842170135625,100.0
4630,0,35.39966754587259,35.39966754587259,100.0
4630,1,39.908177679207405,39.908177679207405,100.0
4630,2,24.692154774920002,24.692154774920002,100.0
4640,0,55.1234714645742,55.1234714645742,100.0
4640,1,33.15324676760299,33.15324676760299,100.0
4640,2,11.723281767822806,11.723281767822806,100.0
4650,0,11.050101592721138,11.050101592721138,100.0
4650,1,12.565847790809748,12.565847790809748,100.0
4650,2,76.38405061646911,76.38405061646911,100.0
4660,0,62.962841895495266,62.962841895495266,100.0
4660,1,22.01862444610953,22.01862444610953,100.0
4660,2,15.018533658395212,15.018533658395212,100.0
4670,0,25.127485972607204,25.127485972607204,100.0
4670,1,23.737111063183583,23.737111063183583,100.0
4670,2,51.135402964209206,51.135402964209206,100.0
4680,0,31.35372307100174,31.35372307100174,100.0
4680,1,13.757265502769297,13.757265502769297,100.0
4680,2,54.88901142622896,54.88901142622896,100.0
4690,0,63.77933802364104,63.77933802364104,100.0
4690,1,18.600793144854368,18.600793144854368,100.0
4690,2,17.61986883150459,17.61986883150459,100.0
4700,0,19.294794107730144,19.294794107730144,100.0
4700,1,35.448087860203856,35.448087860203856,100.0
4700,2,45.257118032065996,45.257118032065996,100.0
4710,0,10.948808174632475,10.948808174632475,100.0
4710,1,11.039331789215488,11.039331789215488,100.0
4710,2,78.01186003615203,78.01186003615203,100.0
4720,0,50.03334554076386,50.03334554076386,100.0
4720,1,15.551923416265549,15.551923416265549,100.0
4720,2,34.41473104297059,34.41473104297059,100.0
4730,0,60.819158629701334,60.819158629701334,100.0
4730,1,15.277159313782777,15.277159313782777,100.0
4730,2,23.903682056515898,23.903682056515898,100.0
4740,0,34.364828579598395,34.364828579598395,100.0
4740,1,25.00914836309045,25.00914836309045,100.0
4740,2,40.62602305731116,40.62602305731116,100.0
4750,0,51.02990423860192,51.02990423860192,100.0
4750,1,38.85494323040313,38.85494323040313,100.0
4750,2,10.115152530994951,10.115152530994951,100.0
4760,0,23.653421221480762,23.653421221480762,100.0
4760,1,39.20898459012472,39.20898459012472,100.0
4760,2,37.137594188394516,37.137594188394516,100.0
4770,0,14.088930422458265,14.088930422458265,100.0
4770,1,13.163417071696108,13.163417071696108,100.0
4770,2,72.74765250584562,72.74765250584562,100.0
4780,0,48.61846454875099,48.61846454875099,100.0
4780,1,39.928946213700115,39.928946213700115,100.0
4780,2,11.452589237548896,11.452589237548896,100.0
4790,0,54.62080327772516,54.62080327772516,100.0
4790,1,17.196936806922245,17.196936806922245,100.0
4790,2,28.182259915352603,28.182259915352603,100.0
4800,0,45.5540955580564,45.5540955580564,100.0
4800,1,21.434099583883732,21.434099583883732,100.0
4800,2,33.01180485805987,33.01180485805987,100.0
4810,0,35.16785337796246,35.16785337796246,100.0
4810,1,21.079394502172523,21.079394502172523,100.0
4810,2,43.75275211986502,43.75275211986502,100.0
4820,0,42.260193334340805,42.260193334340805,100.0
4820,1,40.35145954633816,40.35145954633816,100.0
4820,2,17.388347119321022,17.388347119321022,100.0
4830,0,11.77548220645767,11.77548220645767,100.0
4830,1,12.662386796935365,12.662386796935365,100.0
4830,2,75.56213099660695,75.56213099660695,100.0
4840,0,32.4821951471411,32.4821951471411,100.0
4840,1,36.405423106870785,36.405423106870785,100.0
4840,2,31.112381745988117,31.112381745988117,100.0
4850,0,63.21831224535297,63.21831224535297,100.0
4850,1,21.75458800846164,21.75458800846164,100.0
4850,2,15.027099746185394,15.027099746185394,100.0
4860,0,34.94443344444075,34.94443344444075,100.0
4860,1,9.368399445908091,9.368399445908091,100.0
4860,2,55.687167109651156,55.687167109651156,100.0
4870,0,37.03596699659367,37.03596699659367,100.0
4870,1,28.228419940271092,28.228419940271092,100.0
4870,2,34.73561306313523,34.73561306313523,100.0
4880,0,66.56088897281445,66.56088897281445,100.0
4880,1,20.275690284271505,20.275690284271505,100.0
4880,2,13.163420742914028,13.163420742914028,100.0
4890,0,16.238585947108326,16.238585947108326,100.0
4890,1,13.424051036863327,13.424051036863327,100.0
4890,2,70.33736301602835,70.33736301602835,100.0
4900,0,36.70719287419293,36.70719287419293,100.0
4900,1,11.987028042494329,11.987028042494329,100.0
4900,2,51.30577908331274,51.30577908331274,100.0
4910,0,60.383683976215806,60.383683976215806,100.0
4910,1,16.74323833883709,16.74323833883709,100.0
4910,2,22.873077684947102,22.873077684947102,100.0
4920,0,45.54252817107017,45.54252817107017,100.0
4920,1,12.291482804052167,12.291482804052167,100.0
4920,2,42.16598902487767,42.16598902487767,100.0
4930,0,68.53892333617662,68.53892333617662,100.0
4930,1,14.279197755953438,14.279197755953438,100.0
4930,2,17.181878907869933,17.181878907869933,100.0
4940,0,62.13361469193536,62.13361469193536,100.0
4940,1,8.92362650383981,8.92362650383981,100.0
4940,2,28.942758804224844,28.942758804224844,100.0
4950,0,12.378627572980383,12.378627572980383,100.0
4950,1,15.84468971217084,15.84468971217084,100.0
4950,2,71.77668271484877,71.77668271484877,100.0
4960,0,28.081663907158077,28.081663907158077,100.0
4960,1,31.940061808546478,31.940061808546478,100.0
4960,2,39.97827428429546,39.97827428429546,100.0
4970,0,48.75838050269001,48.75838050269001,100.0
4970,1,29.234633843971018,29.234633843971018,100.0
4970,2,22.00698565333898,22.00698565333898,100.0
4980,0,58.74829070417976,58.74829070417976,100.0
4980,1,9.12866194390856,9.12866194390856,100.0
4980,2,32.12304735191168,32.12304735191168,100.0
4990,0,63.95843981988598,63.95843981988598,100.0
4990,1,12.838688420468008,12.838688420468008,100.0
4990,2,23.20287175964601,23.20287175964601,100.0
5000,0,35.24774602411808,35.24774602411808,100.0
5000,1,54.80717230494272,54.80717230494272,100.0
5000,2,9.945081670939196,9.945081670939196,100.0
5010,0,11.439809621993348,11.439809621993348,100.0
5010,1,12.98238984267153,12.98238984267153,100.0
5010,2,75.57780053533513,75.57780053533513,100.0
5020,0,46.76574818989602,46.76574818989602,100.0
5020,1,11.403143727130724,11.403143727130724,100.0
5020,2,41.83110808297326,41.83110808297326,100.0
5030,0,35.510735938972395,35.510735938972395,100.0
5030,1,29.57297600358539,29.57297600358539,100.0
5030,2,34.91628805744221,34.91628805744221,100.0
5040,0,12.928704550693984,12.928704550693984,100.0
5040,1,68.49006176654602,68.49006176654602,100.0
5040,2,18.58123368276,18.58123368276,100.0
5050,0,56.451593508936185,56.451593508936185,100.0
5050,1,9.698870184807443,9.698870184807443,100.0
5050,2,33.84953630625638,33.84953630625638,100.0
5060,0,33.346725048000266,33.346725048000266,100.0
5060,1,19.41487402113859,19.41487402113859,100.0
5060,2,47.23840093086113,47.23840093086113,100.0
5070,0,10.935277950627173,10.935277950627173,100.0
5070,1,11.59864094843394,11.59864094843394,100.0
5070,2,77.4660811009389,77.4660811009389,100.0
5080,0,45.64341246097402,45.64341246097402,100.0
5080,1,43.32207333721417,43.32207333721417,100.0
5080,2,11.034514201811797,11.034514201811797,100.0
5090,0,10.963716538701686,10.963716538701686,100.0
5090,1,49.54021172964575,49.54021172964575,100.0
5090,2,39.49607173165256,39.49607173165256,100.0
5100,0,55.69763747396266,55.69763747396266,100.0
5100,1,29.348152942089374,29.348152942089374,100.0
5100,2,14.954209583947979,14.954209583947979,100.0
5110,0,37.52428077121744,37.52428077121744,100.0
5110,1,34.3887041669944,34.3887041669944,100.0
5110,2,28.087015061788172,28.087015061788172,100.0
5120,0,19.946170594148672,19.946170594148672,100.0
5120,1,13.03629604691846,13.03629604691846,100.0
5120,2,67.01753335893287,67.01753335893287,100.0
5130,0,11.478134483926127,11.478134483926127,100.0
5130,1,10.75281404486529,10.75281404486529,100.0
5130,2,77.76905147120858,77.76905147120858,100.0
5140,0,23.815450334460717,23.815450334460717,100.0
5140,1,39.853967994683146,39.853967994683146,100.0
5140,2,36.33058167085614,36.33058167085614,100.0
5150,0,60.58591859607625,60.58591859607625,100.0
5150,1,14.697699796920272,14.697699796920272,100.0
5150,2,24.71638160700348,24.71638160700348,100.0
5160,0,31.13426532013915,31.13426532013915,100.0
5160,1,32.475766946389385,32.475766946389385,100.0
5160,2,36.389967733471465,36.389967733471465,100.0
5170,0,39.17466480505076,39.17466480505076,100.0
5170,1,48.580911480098216,48.580911480098216,100.0
5170,2,12.244423714851033,12.244423714851033,100.0
5180,0,17.479047190379234,17.479047190379234,100.0
5180,1,51.4765643194854,51.4765643194854,100.0
5180,2,31.044388490135383,31.044388490135383,100.0
5190,0,10.688940518403607,10.688940518403607,100.0
5190,1,12.213007475597633,12.213007475597633,100.0
5190,2,77.09805200599877,77.09805200599877,100.0
5200,0,51.39182035981301,51.39182035981301,100.0
5200,1,19.358113374926337,19.358113374926337,100.0
5200,2,29.25006626526066,29.25006626526066,100.0
5210,0,44.97180324801819,44.97180324801819,100.0
5210,1,11.931570228561492,11.931570228561492,100.0
5210,2,43.09662652342032,43.09662652342032,100.0
5220,0,11.228860197300513,11.228860197300513,100.0
5220,1,38.027419631214286,38.027419631214286,100.0
5220,2,50.74372017148521,50.74372017148521,100.0
5230,0,47.66505793313837,47.66505793313837,100.0
5230,1,24.26288840501285,24.26288840501285,100.0
5230,2,28.072053661848784,28.072053661848784,100.0
5240,0,31.427129976791456,31.427129976791456,100.0
5240,1,15.288196949133523,15.288196949133523,100.0
5240,2,53.28467307407503,53.28467307407503,100.0
5250,0,10.795292356432693,10.795292356432693,100.0
5250,1,14.393149823592038,14.393149823592038,100.0
5250,2,74.81155781997528,74.81155781997528,100.0
5260,0,46.87049680500682,46.87049680500682,100.0
5260,1,15.488380489235986,15.488380489235986,100.0
5260,2,37.64112270575719,37.64112270575719,100.0
5270,0,71.14142856350824,71.14142856350824,100.0
5270,1,11.515956377216732,11.515956377216732,100.0
5270,2,17.34261505927503,17.34261505927503,100.0
5280,0,49.85110363145006,49.85110363145006,100.0
5280,1,14.429107396587659,14.429107396587659,100.0
5280,2,35.71978897196229,35.71978897196229,100.0
5290,0,43.64740289836309,43.64740289836309,100.0
5290,1,21.70696539488403,21.70696539488403,100.0
5290,2,34.64563170675289,34.64563170675289,100.0
5300,0,45.55694152086775,45.55694152086775,100.0
5300,1,43.15856322365485,43.15856322365485,100.0
5300,2,11.284495255477394,11.284495255477394,100.0
5310,0,12.709321625126806,12.709321625126806,100.0
5310,1,19.87564218016773,19.87564218016773,100.0
5310,2,67.41503619470546,67.41503619470546,100.0
5320,0,33.9447359528375,33.9447359528375,100.0
5320,1,17.559734891281025,17.559734891281025,100.0
5320,2,48.49552915588148,48.49552915588148,100.0
5330,0,53.13055363962083,53.13055363962083,100.0
5330,1,32.41009875671541,32.41009875671541,100.0
5330,2,14.459347603663764,14.459347603663764,100.0
5340,0,51.04996004878516,51.04996004878516,100.0
5340,1,16.50372911756248,16.50372911756248,100.0
5340,2,32.44631083365236,32.44631083365236,100.0
5350,0,9.12427422712409,9.12427422712409,100.0
5350,1,41.78716646115746,41.78716646115746,100.0
5350,2,49.08855931171845,49.08855931171845,100.0
5360,0,37.03304590446903,37.03304590446903,100.0
5360,1,34.94447703166767,34.94447703166767,100.0
5360,2,28.022477063863317,28.022477063863317,100.0
5370,0,11.651980345114655,11.651980345114655,100.0
5370,1,16.557071426776517,16.557071426776517,100.0
5370,2,71.79094822810883,71.79094822810883,100.0
5380,0,70.88447314982669,70.88447314982669,100.0
5380,1,10.88436125858439,10.88436125858439,100.0
5380,2,18.231165591588933,18.231165591588933,100.0
5390,0,46.91687006196591,46.91687006196591,100.0
5390,1,8.23502236534512,8.23502236534512,100.0
5390,2,44.848107572688974,44.848107572688974,100.0
5400,0,37.17993887006142,37.17993887006142,100.0
5400,1,10.896912720364353,10.896912720364353,100.0
5400,2,51.923148409574225,51.923148409574225,100.0
5410,0,32.792455385278494,32.792455385278494,100.0
5410,1,29.670122713461694,29.670122713461694,100.0
5410,2,37.53742190125982,37.53742190125982,100.0
5420,0,50.31532188390191,50.31532188390191,100.0
5420,1,41.58645992990472,41.58645992990472,100.0
5420,2,8.098218186193371,8.098218186193371,100.0
5430,0,11.929504089574886,11.929504089574886,100.0
5430,1,12.112296577929392,12.112296577929392,100.0
5430,2,75.95819933249574,75.95819933249574,100.0
5440,0,32.10523376165706,32.10523376165706,100.0
5440,1,30.412207877502777,30.412207877502777,100.0
5440,2,37.48255836084017,37.48255836084017,100.0
5450,0,36.44021400063549,36.44021400063549,100.0
5450,1,45.185780307142515,45.185780307142515,100.0
5450,2,18.374005692222003,18.374005692222003,100.0
5460,0,16.296057130621598,16.296057130621598,100.0
5460,1,29.882089917663123,29.882089917663123,100.0
5460,2,53.82185295171528,53.82185295171528,100.0
5470,0,35.43062390500463,35.43062390500463,100.0
5470,1,14.082675079223192,14.082675079223192,100.0
5470,2,50.486701015772184,50.486701015772184,100.0
5480,0,58.568932646091284,58.568932646091284,100.0
5480,1,19.711537840922773,19.711537840922773,100.0
5480,2,21.71952951298594,21.71952951298594,100.0
5490,0,13.155753686930897,13.155753686930897,100.0
5490,1,13.551688410868406,13.551688410868406,100.0
5490,2,73.2925579022007,73.2925579022007,100.0
5500,0,42.32452173057807,42.32452173057807,100.0
5500,1,40.80132432636201,40.80132432636201,100.0
5500,2,16.87415394305992,16.87415394305992,100.0
5510,0,51.136171329263306,51.136171329263306,100.0
5510,1,28.028029512336122,28.028029512336122,100.0
5510,2,20.835799158400572,20.835799158400572,100.0
5520,0,58.36676956578412,58.36676956578412,100.0
5520,1,10.084994527499113,10.084994527499113,100.0
5520,2,31.548235906716783,31.548235906716783,100.0
5530,0,43.73882620192272,43.73882620192272,100.0
5530,1,25.258056904476106,25.258056904476106,100.0
5530,2,31.003116893601174,31.003116893601174,100.0
5540,0,25.67022566438128,25.67022566438128,100.0
5540,1,38.79559501607345,38.79559501607345,100.0
5540,2,35.53417931954528,35.53417931954528,100.0
5550,0,11.329856267900057,11.329856267900057,100.0
5550,1,11.543902397986201,11.543902397986201,100.0
5550,2,77.12624133411374,77.12624133411374,100.0
5560,0,36.54526904514068,36.54526904514068,100.0
5560,1,25.156601705606406,25.156601705606406,100.0
5560,2,38.29812924925291,38.29812924925291,100.0
5570,0,32.543240265765846,32.543240265765846,100.0
5570,1,17.28509578338669,17.28509578338669,100.0
5570,2,50.17166395084745,50.17166395084745,100.0
5580,0,18.5193440937755,18.5193440937755,100.0
5580,1,13.793268667369386,13.793268667369386,100.0
5580,2,67.68738723885512,67.68738723885512,100.0
5590,0,49.81289071045971,49.81289071045971,100.0
5590,1,28.561658868344615,28.561658868344615,100.0
5590,2,21.625450421195673,21.625450421195673,100.0
5600,0,37.52006462720268,37.52006462720268,100.0
5600,1,24.978454850088838,24.978454850088838,100.0
5600,2,37.50148052270849,37.50148052270849,100.0
5610,0,11.188166290897424,11.188166290897424,100.0
5610,1,11.725985899696218,11.725985899696218,100.0
5610,2,77.08584780940636,77.08584780940636,100.0
5620,0,36.11464342570736,36.11464342570736,100.0
5620,1,40.84603505734765,40.84603505734765,100.0
5620,2,23.039321516944984,23.039321516944984,100.0
5630,0,34.32456484442313,34.32456484442313,100.0
5630,1,35.4933755808471,35.4933755808471,100.0
5630,2,30.182059574729774,30.182059574729774,100.0
5640,0,10.644780191471384,10.644780191471384,100.0
5640,1,41.581820375192905,41.581820375192905,100.0
5640,2,47.773399433335726,47.773399433335726,100.0
5650,0,51.2898526264928,51.2898526264928,100.0
5650,1,21.40094093663288,21.40094093663288,100.0
5650,2,27.309206436874312,27.309206436874312,100.0
5660,0,26.50250173070674,26.50250173070674,100.0
5660,1,11.57441746203363,11.57441746203363,100.0
5660,2,61.92308080725964,61.92308080725964,100.0
5670,0,12.9357947092245,12.9357947092245,100.0
5670,1,10.832031246524586,10.832031246524586,100.0
5670,2,76.23217404425093,76.23217404425093,100.0
5680,0,55.667187224339465,55.667187224339465,100.0
5680,1,22.162714236398358,22.162714236398358,100.0
5680,2,22.170098539262185,22.170098539262185,100.0
5690,0,58.770321389344915,58.770321389344915,100.0
5690,1,27.740345316368714,27.740345316368714,100.0
5690,2,13.489333294286382,13.489333294286382,100.0
5700,0,24.163579381534664,24.163579381534664,100.0
5700,1,12.430323292459592,12.430323292459592,100.0
5700,2,63.40609732600575,63.40609732600575,100.0
5710,0,32.9992151017542,32.9992151017542,100.0
5710,1,23.0544101970692,23.0544101970692,100.0
5710,2,43.946374701176595,43.946374701176595,100.0
5720,0,24.327307651569647,24.327307651569647,100.0
5720,1,58.40008988756501,58.40008988756501,100.0
5720,2,17.27260246086535,17.27260246086535,100.0
5730,0,11.37682938326701,11.37682938326701,100.0
5730,1,10.794404785973482,10.794404785973482,100.0
5730,2,77.82876583075952,77.82876583075952,100.0
5740,0,45.830837636800005,45.830837636800005,100.0
5740,1,12.507706050732558,12.507706050732558,100.0
5740,2,41.66145631246744,41.66145631246744,100.0
5750,0,27.812155369328533,27.812155369328533,100.0
5750,1,48.525565668275654,48.525565668275654,100.0
5750,2,23.66227896239582,23.66227896239582,100.0
5760,0,32.511133156944396,32.511133156944396,100.0
5760,1,28.581776304919153,28.581776304919153,100.0
5760,2,38.90709053813645,38.90709053813645,100.0
5770,0,50.34687930640084,50.34687930640084,100.0
5770,1,17.811548109218485,17.811548109218485,100.0
5770,2,31.84157258438067,31.84157258438067,100.0
5780,0,43.44316324374632,43.44316324374632,100.0
5780,1,18.45376276934942,18.45376276934942,100.0
5780,2,38.10307398690426,38.10307398690426,100.0
5790,0,10.881793397066593,10.881793397066593,100.0
5790,1,11.07197871789955,11.07197871789955,100.0
5790,2,78.04622788503386,78.04622788503386,100.0
5800,0,49.017341145415585,49.017341145415585,100.0
5800,1,20.82727701009674,20.82727701009674,100.0
5800,2,30.155381844487678,30.155381844487678,100.0
5810,0,52.414782936398254,52.414782936398254,100.0
5810,1,29.437363418094105,29.437363418094105,100.0
5810,2,18.147853645507645,18.147853645507645,100.0
5820,0,33.190762067423925,33.190762067423925,100.0
5820,1,11.253558847537128,11.253558847537128,100.0
5820,2,55.555679085038946,55.555679085038946,100.0
5830,0,53.046756396430425,53.046756396430425,100.0
5830,1,18.439925257537386,18.439925257537386,100.0
5830,2,28.513318346032197,28.513318346032197,100.0
5840,0,35.85305001722469,35.85305001722469,100.0
5840,1,39.778223656409914,39.778223656409914,100.0
5840,2,24.368726326365394,24.368726326365394,100.0
5850,0,10.835062239144321,10.835062239144321,100.0
5850,1,11.7434965806906,11.7434965806906,100.0
5850,2,77.42144118016509,77.42144118016509,100.0
5860,0,59.350257072422295,59.350257072422295,100.0
5860,1,17.085109596527477,17.085109596527477,100.0
5860,2,23.56463333105023,23.56463333105023,100.0
5870,0,31.511911800182197,31.511911800182197,100.0
5870,1,33.03908050923679,33.03908050923679,100.0
5870,2,35.44900769058102,35.44900769058102,100.0
5880,0,34.87054566307199,34.87054566307199,100.0
5880,1,27.889067015889847,27.889067015889847,100.0
5880,2,37.24038732103817,37.24038732103817,100.0
5890,0,44.9242959885633,44.9242959885633,100.0
5890,1,34.85007903956308,34.85007903956308,100.0
5890,2,20.225624971873625,20.225624971873625,100.0
5900,0,53.01838944652604,53.01838944652604,100.0
5900,1,35.86869419114562,35.86869419114562,100.0
5900,2,11.112916362328354,11.112916362328354,100.0
5910,0,11.878151325707874,11.878151325707874,100.0
5910,1,12.352582778344237,12.352582778344237,100.0
5910,2,75.7692658959479,75.7692658959479,100.0
5920,0,28.627429007396753,28.627429007396753,100.0
5920,1,53.827006304301364,53.827006304301364,100.0
5920,2,17.545564688301894,17.545564688301894,100.0
5930,0,28.45241265811069,28.45241265811069,100.0
5930,1,53.63586530824257,53.63586530824257,100.0
5930,2,17.911722033646743,17.911722033646743,100.0
5940,0,17.102304562468078,17.102304562468078,100.0
5940,1,27.967479284469977,27.967479284469977,100.0
5940,2,54.93021615306194,54.93021615306194,100.0
5950,0,24.147990524141964,24.147990524141964,100.0
5950,1,13.97371438905502,13.97371438905502,100.0
5950,2,61.87829508680303,61.87829508680303,100.0
5960,0,26.184189556211628,26.184189556211628,100.0
5960,1,24.889434589031616,24.889434589031616,100.0
5960,2,48.92637585475676,48.92637585475676,100.0
5970,0,12.245056229124671,12.245056229124671,100.0
5970,1,12.579568535727208,12.579568535727208,100.0
5970,2,75.17537523514811,75.17537523514811,100.0
5980,0,34.06809702557959,34.06809702557959,100.0
5980,1,31.32482596928886,31.32482596928886,100.0
5980,2,34.60707700513154,34.60707700513154,100.0
5990,0,40.452572362834324,40.452572362834324,100.0
5990,1,22.705991870765562,22.705991870765562,100.0
5990,2,36.84143576640012,36.84143576640012,100.0
6000,0,44.1201252376093,44.1201252376093,100.0
6000,1,34.54677651786906,34.54677651786906,100.0
6000,2,21.33309824452163,21.33309824452163,100.0
6010,0,27.40509038163772,27.40509038163772,100.0
6010,1,26.165336955028412,26.165336955028412,100.0
6010,2,46.42957266333387,46.42957266333387,100.0
6020,0,43.14729493985836,43.14729493985836,100.0
6020,1,8.902890447745602,8.902890447745602,100.0
6020,2,47.94981461239604,47.94981461239604,100.0
6030,0,11.774451135107123,11.774451135107123,100.0
6030,1,11.694396525718547,11.694396525718547,100.0
6030,2,76.53115233917434,76.53115233917434,100.0
6040,0,19.124165898545225,19.124165898545225,100.0
6040,1,33.96039135212537,33.96039135212537,100.0
6040,2,46.915442749329415,46.915442749329415,100.0
6050,0,40.21457238459409,40.21457238459409,100.0
6050,1,20.705776009934173,20.705776009934173,100.0
6050,2,39.079651605471746,39.079651605471746,100.0
6060,0,33.23204179112383,33.23204179112383,100.0
6060,1,37.56452289752751,37.56452289752751,100.0
6060,2,29.20343531134867,29.20343531134867,100.0
6070,0,27.737526695072965,27.737526695072965,100.0
6070,1,35.99233996500924,35.99233996500924,100.0
6070,2,36.270133339917784,36.270133339917784,100.0
6080,0,56.037509111968994,56.037509111968994,100.0
6080,1,27.97886507381805,27.97886507381805,100.0
6080,2,15.98362581421297,15.98362581421297,100.0
6090,0,12.182915511761957,12.182915511761957,100.0
6090,1,13.35524354540237,13.35524354540237,100.0
6090,2,74.46184094283566,74.46184094283566,100.0
6100,0,17.43077254811748,17.43077254811748,100.0
6100,1,53.311741444845204,53.311741444845204,100.0
6100,2,29.25748600703732,29.25748600703732,100.0
6110,0,24.23314710985822,24.23314710985822,100.0
6110,1,45.76661411278046,45.76661411278046,100.0
6110,2,30.000238777361314,30.000238777361314,100.0
6120,0,54.551454957034174,54.551454957034174,100.0
6120,1,29.026969322554418,29.026969322554418,100.0
6120,2,16.421575720411422,16.421575720411422,100.0
6130,0,26.82384565956935,26.82384565956935,100.0
6130,1,41.985201468885634,41.985201468885634,100.0
6130,2,31.19095287154502,31.19095287154502,100.0
6140,0,45.429541884102726,45.429541884102726,100.0
6140,1,18.18648550107009,18.18648550107009,100.0
6140,2,36.38397261482718,36.38397261482718,100.0
6150,0,11.161774671488821,11.161774671488821,100.0
6150,1,11.394872479018993,11.394872479018993,100.0
6150,2,77.44335284949219,77.44335284949219,100.0
6160,0,68.09091843190959,68.09091843190959,100.0
6160,1,13.636077739761213,13.636077739761213,100.0
6160,2,18.273003828329216,18.273003828329216,100.0
6170,0,43.77041795301703,43.77041795301703,100.0
6170,1,31.83938062302661,31.83938062302661,100.0
6170,2,24.390201423956356,24.390201423956356,100.0
6180,0,41.896480609407135,41.896480609407135,100.0
6180,1,27.932708877953573,27.932708877953573,100.0
6180,2,30.170810512639306,30.170810512639306,100.0
6190,0,27.585552895205506,27.585552895205506,100.0
6190,1,22.755999595771296,22.755999595771296,100.0
6190,2,49.65844750902319,49.65844750902319,100.0
6200,0,70.6320615897114,70.6320615897114,100.0
6200,1,12.726822261743118,12.726822261743118,100.0
6200,2,16.641116148545485,16.641116148545485,100.0
6210,0,18.10984499433271,18.10984499433271,100.0
6210,1,19.7835591870274,19.7835591870274,100.0
6210,2,62.10659581863989,62.10659581863989,100.0
6220,0,62.7054357597163,62.7054357597163,100.0
6220,1,25.23076989128223,25.23076989128223,100.0
6220,2,12.063794349001475,12.063794349001475,100.0
6230,0,36.060445889721684,36.060445889721684,100.0
6230,1,32.31743019980555,32.31743019980555,100.0
6230,2,31.622123910472773,31.622123910472773,100.0
6240,0,60.19745932853945,60.19745932853945,100.0
6240,1,22.788822610960562,22.788822610960562,100.0
6240,2,17.013718060499993,17.013718060499993,100.0
6250,0,59.74008936413367,59.74008936413367,100.0
6250,1,14.830626061246377,14.830626061246377,100.0
6250,2,25.429284574619953,25.429284574619953,100.0
6260,0,55.18175617112604,55.18175617112604,100.0
6260,1,30.78038301287309,30.78038301287309,100.0
6260,2,14.037860816000872,14.037860816000872,100.0
6270,0,11.668560962924312,11.668560962924312,100.0
6270,1,11.38136293668941,11.38136293668941,100.0
6270,2,76.95007610038628,76.95007610038628,100.0
6280,0,38.44534850699418,38.44534850699418,100.0
6280,1,15.160866967936942,15.160866967936942,100.0
6280,2,46.39378452506888,46.39378452506888,100.0
6290,0,31.619395530895073,31.619395530895073,100.0
6290,1,20.5740536000968,20.5740536000968,100.0
6290,2,47.80655086900813,47.80655086900813,100.0
6300,0,35.06279488521819,35.06279488521819,100.0
6300,1,25.981106802889574,25.981106802889574,100.0
6300,2,38.95609831189224,38.95609831189224,100.0
6310,0,51.60759960598887,51.60759960598887,100.0
6310,1,38.521144839758,38.521144839758,100.0
6310,2,9.871255554253146,9.871255554253146,100.0
6320,0,47.94002277694069,47.94002277694069,100.0
6320,1,24.388887100638392,24.388887100638392,100.0
6320,2,27.671090122420917,27.671090122420917,100.0
6330,0,10.595786057588704,10.595786057588704,100.0
6330,1,14.758824253288502,14.758824253288502,100.0
6330,2,74.6453896891228,74.6453896891228,100.0
6340,0,23.161825692837244,23.161825692837244,100.0
6340,1,63.744027878874235,63.744027878874235,100.0
6340,2,13.094146428288521,13.094146428288521,100.0
6350,0,35.712851179578955,35.712851179578955,100.0
6350,1,19.268226327662248,19.268226327662248,100.0
6350,2,45.0189224927588,45.0189224927588,100.0
6360,0,30.682740459874147,30.682740459874147,100.0
6360,1,41.48737612177745,41.48737612177745,100.0
6360,2,27.829883418348413,27.829883418348413,100.0
6370,0,36.79007454700503,36.79007454700503,100.0
6370,1,29.938578426251695,29.938578426251695,100.0
6370,2,33.271347026743285,33.271347026743285,100.0
6380,0,29.104767062840093,29.104767062840093,100.0
6380,1,52.81259024065233,52.81259024065233,100.0
6380,2,18.082642696507584,18.082642696507584,100.0
6390,0,11.445704591935199,11.445704591935199,100.0
6390,1,11.387645577914787,11.387645577914787,100.0
6390,2,77.16664983015,77.16664983015,100.0
6400,0,26.939362457551596,26.939362457551596,100.0
6400,1,51.122752795064855,51.122752795064855,100.0
6400,2,21.937884747383546,21.937884747383546,100.0
6410,0,25.70897227283271,25.70897227283271,100.0
6410,1,17.79328840107609,17.79328840107609,100.0
6410,2,56.4977393260912,56.4977393260912,100.0
6420,0,55.508840138022975,55.508840138022975,100.0
6420,1,20.496323455259095,20.496323455259095,100.0
6420,2,23.99483640671794,23.99483640671794,100.0
6430,0,23.104213409776257,23.104213409776257,100.0
6430,1,15.339487072586,15.339487072586,100.0
6430,2,61.55629951763775,61.55629951763775,100.0
6440,0,28.08465336201826,28.08465336201826,100.0
6440,1,54.44997130197209,54.44997130197209,100.0
6440,2,17.465375336009657,17.465375336009657,100.0
6450,0,11.359573150650638,11.359573150650638,100.0
6450,1,11.799168420472233,11.799168420472233,100.0
6450,2,76.84125842887714,76.84125842887714,100.0
6460,0,25.984853795719165,25.984853795719165,100.0
6460,1,32.04365877957303,32.04365877957303,100.0
6460,2,41.971487424707796,41.971487424707796,100.0
6470,0,18.217447764471746,18.217447764471746,100.0
6470,1,24.91747734786398,24.91747734786398,100.0
6470,2,56.86507488766427,56.86507488766427,100.0
6480,0,45.39929971895443,45.39929971895443,100.0
6480,1,14.4920210709087,14.4920210709087,100.0
6480,2,40.10867921013686,40.10867921013686,100.0
6490,0,21.037457689352852,21.037457689352852,100.0
6490,1,41.764621633768776,41.764621633768776,100.0
6490,2,37.19792067687837,37.19792067687837,100.0
6500,0,59.263664828520504,59.263664828520504,100.0
6500,1,20.603933436325388,20.603933436325388,100.0
6500,2,20.132401735154122,20.132401735154122,100.0
6510,0,12.33945544073076,12.33945544073076,100.0
6510,1,11.924894155280551,11.924894155280551,100.0
6510,2,75.73565040398869,75.73565040398869,100.0
6520,0,11.52700006551005,11.52700006551005,100.0
6520,1,27.60516669031584,27.60516669031584,100.0
6520,2,60.86783324417412,60.86783324417412,100.0
6530,0,36.34399521521489,36.34399521521489,100.0
6530,1,50.91149955317198,50.91149955317198,100.0
6530,2,12.744505231613124,12.744505231613124,100.0
6540,0,19.193808469314106,19.193808469314106,100.0
6540,1,44.10552362263022,44.10552362263022,100.0
6540,2,36.70066790805568,36.70066790805568,100.0
6550,0,57.31807793280864,57.31807793280864,100.0
6550,1,22.04337193048381,22.04337193048381,100.0
6550,2,20.63855013670756,20.63855013670756,100.0
6560,0,75.93962308409351,75.93962308409351,100.0
6560,1,11.90491951435367,11.90491951435367,100.0
6560,2,12.155457401552807,12.155457401552807,100.0
6570,0,11.76107004155164,11.76107004155164,100.0
6570,1,11.535782171505799,11.535782171505799,100.0
6570,2,76.70314778694257,76.70314778694257,100.0
6580,0,34.06452749058767,34.06452749058767,100.0
6580,1,43.499740512198784,43.499740512198784,100.0
6580,2,22.435731997213548,22.435731997213548,100.0
6590,0,27.05271088821879,27.05271088821879,100.0
6590,1,12.520385900108739,12.520385900108739,100.0
6590,2,60.42690321167247,60.42690321167247,100.0
6600,0,52.980982714337,52.980982714337,100.0
6600,1,10.674681060283012,10.674681060283012,100.0
6600,2,36.34433622538,36.34433622538,100.0
6610,0,16.953952588435463,16.953952588435463,100.0
6610,1,46.62976168306414,46.62976168306414,100.0
6610,2,36.41628572850039,36.41628572850039,100.0
6620,0,28.905294127619,28.905294127619,100.0
6620,1,53.3852526571881,53.3852526571881,100.0
6620,2,17.709453215192898,17.709453215192898,100.0
6630,0,11.399520040274856,11.399520040274856,100.0
6630,1,11.741238015619745,11.741238015619745,100.0
6630,2,76.85924194410539,76.85924194410539,100.0
6640,0,65.50500433712591,65.50500433712591,100.0
6640,1,16.262264246616905,16.262264246616905,100.0
6640,2,18.23273141625719,18.23273141625719,100.0
6650,0,38.45897444697638,38.45897444697638,100.0
6650,1,44.59464105055012,44.59464105055012,100.0
6650,2,16.946384502473506,16.946384502473506,100.0
6660,0,57.64894395420493,57.64894395420493,100.0
6660,1,31.640379328790953,31.640379328790953,100.0
6660,2,10.710676717004123,10.710676717004123,100.0
6670,0,54.797508447888355,54.797508447888355,100.0
6670,1,23.95810873287218,23.95810873287218,100.0
6670,2,21.244382819239465,21.244382819239465,100.0
6680,0,39.24539558447593,39.24539558447593,100.0
6680,1,51.50090085665562,51.50090085665562,100.0
6680,2,9.25370355886845,9.25370355886845,100.0
6690,0,12.49521421903176,12.49521421903176,100.0
6690,1,12.759075201967518,12.759075201967518,100.0
6690,2,74.74571057900073,74.74571057900073,100.0
6700,0,21.979232806167246,21.979232806167246,100.0
6700,1,40.31209704500487,40.31209704500487,100.0
6700,2,37.70867014882789,37.70867014882789,100.0
6710,0,47.650245022599265,47.650245022599265,100.0
6710,1,32.49007037892468,32.49007037892468,100.0
6710,2,19.85968459847605,19.85968459847605,100.0
6720,0,62.986257163923064,62.986257163923064,100.0
6720,1,23.40875549625531,23.40875549625531,100.0
6720,2,13.604987339821617,13.604987339821617,100.0
6730,0,27.021153742864847,27.021153742864847,100.0
6730,1,17.336424439650322,17.336424439650322,100.0
6730,2,55.64242181748483,55.64242181748483,100.0
6740,0,36.52162177882392,36.52162177882392,100.0
6740,1,25.191669012867006,25.191669012867006,100.0
6740,2,38.28670920830907,38.28670920830907,100.0
6750,0,11.095302680149187,11.095302680149187,100.0
6750,1,11.10552098742109,11.10552098742109,100.0
6750,2,77.79917633242972,77.79917633242972,100.0
6760,0,45.54025808350091,45.54025808350091,100.0
6760,1,12.805162560022948,12.805162560022948,100.0
6760,2,41.65457935647614,41.65457935647614,100.0
6770,0,31.066070476988276,31.066070476988276,100.0
6770,1,10.653692019655065,10.653692019655065,100.0
6770,2,58.28023750335666,58.28023750335666,100.0
6780,0,65.40897682998272,65.40897682998272,100.0
6780,1,9.668489753557918,9.668489753557918,100.0
6780,2,24.922533416459363,24.922533416459363,100.0
6790,0,49.9082617622561,49.9082617622561,100.0
6790,1,22.646968879399505,22.646968879399505,100.0
6790,2,27.444769358344402,27.444769358344402,100.0
6800,0,32.85988477326213,32.85988477326213,100.0
6800,1,43.86616376423703,43.86616376423703,100.0
6800,2,23.273951462500836,23.273951462500836,100.0
6810,0,12.539971501828356,12.539971501828356,100.0
6810,1,11.175079913544849,11.175079913544849,100.0
6810,2,76.2849485846268,76.2849485846268,100.0
6820,0,29.84257695503483,29.84257695503483,100.0
6820,1,46.399528396081934,46.399528396081934,100.0
6820,2,23.757894648883234,23.757894648883234,100.0
6830,0,11.622321623004646,11.622321623004646,100.0
6830,1,41.223257585258146,41.223257585258146,100.0
6830,2,47.15442079173721,47.15442079173721,100.0
6840,0,49.44696315734559,49.44696315734559,100.0
6840,1,9.691492527662309,9.691492527662309,100.0
6840,2,40.86154431499209,40.86154431499209,100.0
6850,0,44.61478372573099,44.61478372573099,100.0
6850,1,23.806580911646318,23.806580911646318,100.0
6850,2,31.578635362622702,31.578635362622702,100.0
6860,0,54.31591653253752,54.31591653253752,100.0
6860,1,20.69033620421895,20.69033620421895,100.0
6860,2,24.993747263243513,24.993747263243513,100.0
6870,0,13.715585328488663,13.715585328488663,100.0
6870,1,13.303976382270749,13.303976382270749,100.0
6870,2,72.9804382892406,72.9804382892406,100.0
6880,0,12.308823400881664,12.308823400881664,100.0
6880,1,67.15413656820442,67.15413656820442,100.0
6880,2,20.537040030913914,20.537040030913914,100.0
6890,0,57.3813206550589,57.3813206550589,100.0
6890,1,27.629289249006273,27.629289249006273,100.0
6890,2,14.98939009593484,14.98939009593484,100.0
6900,0,69.79301698859496,69.79301698859496,100.0
6900,1,12.39843821220032,12.39843821220032,100.0
6900,2,17.80854479920473,17.80854479920473,100.0
6910,0,29.528182795312617,29.528182795312617,100.0
6910,1,47.781316631166334,47.781316631166334,100.0
6910,2,22.690500573521057,22.690500573521057,100.0
6920,0,38.96103027767828,38.96103027767828,100.0
6920,1,41.41177341278136,41.41177341278136,100.0
6920,2,19.627196309540363,19.627196309540363,100.0
6930,0,11.441540344151617,11.441540344151617,100.0
6930,1,11.830024241302866,11.830024241302866,100.0
6930,2,76.72843541454552,76.72843541454552,100.0
6940,0,31.069481381787245,31.069481381787245,100.0
6940,1,39.47306362068584,39.47306362068584,100.0
6940,2,29.457454997526924,29.457454997526924,100.0
6950,0,51.14303171471081,51.14303171471081,100.0
6950,1,26.59430094643689,26.59430094643689,100.0
6950,2,22.262667338852307,22.262667338852307,100.0
6960,0,58.14407048589618,58.14407048589618,100.0
6960,1,13.833681475849884,13.833681475849884,100.0
6960,2,28.022248038253935,28.022248038253935,100.0
6970,0,45.90032768755086,45.90032768755086,100.0
6970,1,13.235977690092444,13.235977690092444,100.0
6970,2,40.863694622356704,40.863694622356704,100.0
6980,0,53.637982811884974,53.637982811884974,100.0
6980,1,34.21427608746891,34.21427608746891,100.0
6980,2,12.14774110064612,12.14774110064612,100.0
6990,0,10.845364933114727,10.845364933114727,100.0
6990,1,13.069804422618933,13.069804422618933,100.0
6990,2,76.08483064426635,76.08483064426635,100.0
7000,0,43.67912390783651,43.67912390783651,100.0
7000,1,9.20270557747435,9.20270557747435,100.0
7000,2,47.11817051468915,47.11817051468915,100.0
7010,0,18.01093639770602,18.01093639770602,100.0
7010,1,22.89086950311493,22.89086950311493,100.0
7010,2,59.09819409917905,59.09819409917905,100.0
7020,0,60.89399709240608,60.89399709240608,100.0
7020,1,12.331838655880931,12.331838655880931,100.0
7020,2,26.774164251712985,26.774164251712985,100.0
7030,0,50.54440763197815,50.54440763197815,100.0
7030,1,23.294351166064477,23.294351166064477,100.0
7030,2,26.161241201957374,26.161241201957374,100.0
7040,0,35.27622768295165,35.27622768295165,100.0
7040,1,29.685922014810938,29.685922014810938,100.0
7040,2,35.03785030223742,35.03785030223742,100.0
7050,0,10.691666220865411,10.691666220865411,100.0
7050,1,15.557194977148278,15.557194977148278,100.0
7050,2,73.75113880198631,73.75113880198631,100.0
7060,0,30.358710653662374,30.358710653662374,100.0
7060,1,27.611647960472258,27.611647960472258,100.0
7060,2,42.02964138586537,42.02964138586537,100.0
7070,0,42.555578319226065,42.555578319226065,100.0
7070,1,17.83297074098632,17.83297074098632,100.0
7070,2,39.61145093978762,39.61145093978762,100.0
7080,0,52.07879360026244,52.07879360026244,100.0
7080,1,28.99917159248899,28.99917159248899,100.0
7080,2,18.922034807248583,18.922034807248583,100.0
7090,0,34.54716709907352,34.54716709907352,100.0
7090,1,47.54186716193159,47.54186716193159,100.0
7090,2,17.91096573899489,17.91096573899489,100.0
7100,0,28.525296671364785,28.525296671364785,100.0
7100,1,38.13173831014327,38.13173831014327,100.0
7100,2,33.342965018491945,33.342965018491945,100.0
7110,0,13.399156286611905,13.399156286611905,100.0
7110,1,13.907507321893029,13.907507321893029,100.0
7110,2,72.69333639149507,72.69333639149507,100.0
7120,0,25.148312250082487,25.148312250082487,100.0
7120,1,42.791350619930554,42.791350619930554,100.0
7120,2,32.06033712998696,32.06033712998696,100.0
7130,0,42.508898613082394,42.508898613082394,100.0
7130,1,37.18056606181847,37.18056606181847,100.0
7130,2,20.310535325099142,20.310535325099142,100.0
7140,0,16.921878082645843,16.921878082645843,100.0
7140,1,23.71249754026161,23.71249754026161,100.0
7140,2,59.365624377092544,59.365624377092544,100.0
7150,0,71.7644441809462,71.7644441809462,100.0
7150,1,13.192834913988136,13.192834913988136,100.0
7150,2,15.042720905065663,15.042720905065663,100.0
7160,0,49.50917386212326,49.50917386212326,100.0
7160,1,31.5499900402807,31.5499900402807,100.0
7160,2,18.940836097596044,18.940836097596044,100.0
7170,0,12.425008651583141,12.425008651583141,100.0
7170,1,12.03961359238611,12.03961359238611,100.0
7170,2,75.53537775603075,75.53537775603075,100.0
7180,0,38.03034384669296,38.03034384669296,100.0
7180,1,31.986213821926096,31.986213821926096,100.0
7180,2,29.98344233138095,29.98344233138095,100.0
7190,0,71.19083187570043,71.19083187570043,100.0
7190,1,17.117953400563753,17.117953400563753,100.0
7190,2,11.691214723735833,11.691214723735833,100.0
7200,0,14.225171875115796,14.225171875115796,100.0
7200,1,56.4932181064706,56.4932181064706,100.0
7200,2,29.281610018413605,29.281610018413605,100.0
7210,0,34.11227415553573,34.11227415553573,100.0
7210,1,39.066347106645395,39.066347106645395,100.0
7210,2,26.821378737818886,26.821378737818886,100.0
7220,0,36.94297762828106,36.94297762828106,100.0
7220,1,36.083940446083325,36.083940446083325,100.0
7220,2,26.97308192563561,26.97308192563561,100.0
7230,0,11.408337818040852,11.408337818040852,100.0
7230,1,13.015546546097283,13.015546546097283,100.0
7230,2,75.57611563586187,75.57611563586187,100.0
7240,0,11.393971605398985,11.393971605398985,100.0
7240,1,46.52856169479425,46.52856169479425,100.0
7240,2,42.07746669980676,42.07746669980676,100.0
7250,0,39.500081276312706,39.500081276312706,100.0
7250,1,32.911396038121424,32.911396038121424,100.0
7250,2,27.58852268556588,27.58852268556588,100.0
7260,0,51.17395239977138,51.17395239977138,100.0
7260,1,11.79065205980911,11.79065205980911,100.0
7260,2,37.03539554041952,37.03539554041952,100.0
7270,0,26.06494997560681,26.06494997560681,100.0
7270,1,28.93992725917765,28.93992725917765,100.0
7270,2,44.99512276521554,44.99512276521554,100.0
7280,0,37.828683621564224,37.828683621564224,100.0
7280,1,41.81119658684737,41.81119658684737,100.0
7280,2,20.360119791588406,20.360119791588406,100.0
7290,0,11.579899709337955,11.579899709337955,100.0
7290,1,12.009543045676864,12.009543045676864,100.0
7290,2,76.41055724498517,76.41055724498517,100.0
7300,0,43.11197212918451,43.11197212918451,100.0
7300,1,39.67254226671537,39.67254226671537,100.0
7300,2,17.215485604100124,17.215485604100124,100.0
7310,0,45.50848558276029,45.50848558276029,100.0
7310,1,30.68511053218642,30.68511053218642,100.0
7310,2,23.806403885053292,23.806403885053292,100.0
7320,0,39.76380561730678,39.76380561730678,100.0
7320,1,50.770783213186746,50.770783213186746,100.0
7320,2,9.465411169506487,9.465411169506487,100.0
7330,0,58.977824514264974,58.977824514264974,100.0
7330,1,12.935379750717036,12.935379750717036,100.0
7330,2,28.086795735017983,28.086795735017983,100.0
7340,0,62.60075014127968,62.60075014127968,100.0
7340,1,18.268092085256242,18.268092085256242,100.0
7340,2,19.131157773464075,19.131157773464075,100.0
7350,0,13.256387818780619,13.256387818780619,100.0
7350,1,15.77772864043764,15.77772864043764,100.0
7350,2,70.96588354078175,70.96588354078175,100.0
7360,0,54.057867992418906,54.057867992418906,100.0
7360,1,15.030053050719797,15.030053050719797,100.0
7360,2,30.912078956861293,30.912078956861293,100.0
7370,0,32.15590805093464,32.15590805093464,100.0
7370,1,17.691089775833206,17.691089775833206,100.0
7370,2,50.15300217323215,50.15300217323215,100.0
7380,0,57.45208973935449,57.45208973935449,100.0
7380,1,14.32614864620132,14.32614864620132,100.0
7380,2,28.221761614444183,28.221761614444183,100.0
7390,0,41.265700349790016,41.265700349790016,100.0
7390,1,8.778620956526078,8.778620956526078,100.0
7390,2,49.95567869368392,49.95567869368392,100.0
7400,0,24.586119345981732,24.586119345981732,100.0
7400,1,29.492631032176224,29.492631032176224,100.0
7400,2,45.921249621842044,45.921249621842044,100.0
7410,0,11.708156943926163,11.708156943926163,100.0
7410,1,11.134664810489813,11.134664810489813,100.0
7410,2,77.15717824558402,77.15717824558402,100.0
7420,0,42.5190615132588,42.5190615132588,100.0
7420,1,11.760602380327551,11.760602380327551,100.0
7420,2,45.720336106413654,45.720336106413654,100.0
7430,0,44.09229025344216,44.09229025344216,100.0
7430,1,20.86397210791183,20.86397210791183,100.0
7430,2,35.043737638646014,35.043737638646014,100.0
7440,0,45.813531065432635,45.813531065432635,100.0
7440,1,9.376264850205903,9.376264850205903,100.0
7440,2,44.810204084361466,44.810204084361466,100.0
7450,0,55.9683004739977,55.9683004739977,100.0
7450,1,20.454915942287787,20.454915942287787,100.0
7450,2,23.57678358371452,23.57678358371452,100.0
7460,0,53.57993505272771,53.57993505272771,100.0
7460,1,18.225137379709242,18.225137379709242,100.0
7460,2,28.19492756756305,28.19492756756305,100.0
7470,0,12.747728530389757,12.747728530389757,100.0
7470,1,11.593608829556493,11.593608829556493,100.0
7470,2,75.65866264005375,75.65866264005375,100.0
7480,0,53.03829704330034,53.03829704330034,100.0
7480,1,13.828968052143404,13.828968052143404,100.0
7480,2,33.13273490455626,33.13273490455626,100.0
7490,0,65.96276323174952,65.96276323174952,100.0
7490,1,19.974011838677427,19.974011838677427,100.0
7490,2,14.06322492957306,14.06322492957306,100.0
7500,0,41.40804772245711,41.40804772245711,100.0
7500,1,42.501443410368225,42.501443410368225,100.0
7500,2,16.090508867174666,16.090508867174666,100.0
7510,0,16.198093084740588,16.198093084740588,100.0
7510,1,19.449947075184046,19.449947075184046,100.0
7510,2,64.35195984007537,64.35195984007537,100.0
7520,0,55.328135998055885,55.328135998055885,100.0
7520,1,25.670643168712214,25.670643168712214,100.0
7520,2,19.001220833231898,19.001220833231898,100.0
7530,0,14.620129202125366,14.620129202125366,100.0
7530,1,15.569974678123064,15.569974678123064,100.0
7530,2,69.80989611975158,69.80989611975158,100.0
7540,0,19.866240795371866,19.866240795371866,100.0
7540,1,15.74341203429034,15.74341203429034,100.0
7540,2,64.39034717033779,64.39034717033779,100.0
7550,0,52.48448781108742,52.48448781108742,100.0
7550,1,10.839095901764765,10.839095901764765,100.0
7550,2,36.67641628714782,36.67641628714782,100.0
7560,0,18.348957534673207,18.348957534673207,100.0
7560,1,39.207072923287775,39.207072923287775,100.0
7560,2,42.443969542039035,42.443969542039035,100.0
7570,0,56.445421448687874,56.445421448687874,100.0
7570,1,23.518385002296082,23.518385002296082,100.0
7570,2,20.036193549016033,20.036193549016033,100.0
7580,0,49.013017999490394,49.013017999490394,100.0
7580,1,36.53720732819768,36.53720732819768,100.0
7580,2,14.449774672311927,14.449774672311927,100.0
7590,0,11.04801201554507,11.04801201554507,100.0
7590,1,11.55706722970424,11.55706722970424,100.0
7590,2,77.3949207547507,77.3949207547507,100.0
7600,0,15.655081728289142,15.655081728289142,100.0
7600,1,69.87905372437301,69.87905372437301,100.0
7600,2,14.465864547337844,14.465864547337844,100.0
7610,0,59.68677333316935,59.68677333316935,100.0
7610,1,13.514461193735213,13.514461193735213,100.0
7610,2,26.798765473095443,26.798765473095443,100.0
7620,0,51.73051639525718,51.73051639525718,100.0
7620,1,10.185679652703215,10.185679652703215,100.0
7620,2,38.083803952039595,38.083803952039595,100.0
7630,0,23.24597089144504,23.24597089144504,100.0
7630,1,23.559216857623724,23.559216857623724,100.0
7630,2,53.194812250931236,53.194812250931236,100.0
7640,0,57.36536398609169,57.36536398609169,100.0
7640,1,22.272258750809577,22.272258750809577,100.0
7640,2,20.362377263098743,20.362377263098743,100.0
7650,0,11.97746743714734,11.97746743714734,100.0
7650,1,12.972445596023796,12.972445596023796,100.0
7650,2,75.05008696682887,75.05008696682887,100.0
7660,0,30.416725950557183,30.416725950557183,100.0
7660,1,17.773921244813025,17.773921244813025,100.0
7660,2,51.809352804629796,51.809352804629796,100.0
7670,0,22.143263766098443,22.143263766098443,100.0
7670,1,15.626458691062222,15.626458691062222,100.0
7670,2,62.23027754283933,62.23027754283933,100.0
7680,0,62.811330242604434,62.811330242604434,100.0
7680,1,20.379113945446726,20.379113945446726,100.0
7680,2,16.809555811948837,16.809555811948837,100.0
7690,0,46.56935789347344,46.56935789347344,100.0
7690,1,43.091733196219266,43.091733196219266,100.0
7690,2,10.338908910307278,10.338908910307278,100.0
7700,0,16.651150534704602,16.651150534704602,100.0
7700,1,13.467819667326841,13.467819667326841,100.0
7700,2,69.88102979796857,69.88102979796857,100.0
7710,0,12.466045511568426,12.466045511568426,100.0
7710,1,11.700589855018288,11.700589855018288,100.0
7710,2,75.8333646334133,75.8333646334133,100.0
7720,0,55.627738863105634,55.627738863105634,100.0
7720,1,34.85942263273358,34.85942263273358,100.0
7720,2,9.512838504160793,9.512838504160793,100.0
7730,0,34.98653672167098,34.98653672167098,100.0
7730,1,16.246039462092785,16.246039462092785,100.0
7730,2,48.76742381623623,48.76742381623623,100.0
7740,0,42.89665334335081,42.89665334335081,100.0
7740,1,17.75470807764289,17.75470807764289,100.0
7740,2,39.34863857900631,39.34863857900631,100.0
7750,0,35.38179472390823,35.38179472390823,100.0
7750,1,15.841329500957684,15.841329500957684,100.0
7750,2,48.776875775134094,48.776875775134094,100.0
7760,0,56.80825068181509,56.80825068181509,100.0
7760,1,14.373327602759442,14.373327602759442,100.0
7760,2,28.81842171542548,28.81842171542548,100.0
7770,0,15.501578978527602,15.501578978527602,100.0
7770,1,13.932389575872921,13.932389575872921,100.0
7770,2,70.56603144559948,70.56603144559948,100.0
7780,0,60.25779811526832,60.25779811526832,100.0
7780,1,15.114097596971106,15.114097596971106,100.0
7780,2,24.628104287760564,24.628104287760564,100.0
7790,0,16.316623055977995,16.316623055977995,100.0
7790,1,33.77148739548005,33.77148739548005,100.0
7790,2,49.91188954854195,49.91188954854195,100.0
7800,0,54.66883078139526,54.66883078139526,100.0
7800,1,19.84298282681704,19.84298282681704,100.0
7800,2,25.488186391787714,25.488186391787714,100.0
7810,0,67.71170184253711,67.71170184253711,100.0
7810,1,15.436183957014189,15.436183957014189,100.0
7810,2,16.852114200448703,16.852114200448703,100.0
7820,0,44.4571502784753,44.4571502784753,100.0
7820,1,23.09956024224012,23.09956024224012,100.0
7820,2,32.44328947928459,32.44328947928459,100.0
7830,0,12.040381093167301,12.040381093167301,100.0
7830,1,16.15011466405972,16.15011466405972,100.0
7830,2,71.80950424277299,71.80950424277299,100.0
7840,0,18.52440529876252,18.52440529876252,100.0
7840,1,17.933406775267542,17.933406775267542,100.0
7840,2,63.54218792596994,63.54218792596994,100.0
7850,0,31.948417240565412,31.948417240565412,100.0
7850,1,46.35895312874525,46.35895312874525,100.0
7850,2,21.692629630689336,21.692629630689336,100.0
7860,0,57.09317655406747,57.09317655406747,100.0
7860,1,19.94683896087086,19.94683896087086,100.0
7860,2,22.959984485061664,22.959984485061664,100.0
7870,0,47.19703815510854,47.19703815510854,100.0
7870,1,8.27810951347713,8.27810951347713,100.0
7870,2,44.52485233141433,44.52485233141433,100.0
7880,0,20.618181419757008,20.618181419757008,100.0
7880,1,58.64440367101685,58.64440367101685,100.0
7880,2,20.737414909226146,20.737414909226146,100.0
7890,0,11.212351093665065,11.212351093665065,100.0
7890,1,11.341141017951188,11.341141017951188,100.0
7890,2,77.44650788838375,77.44650788838375,100.0
7900,0,21.48359005312327,21.48359005312327,100.0
7900,1,40.988658497496154,40.988658497496154,100.0
7900,2,37.52775144938058,37.52775144938058,100.0
7910,0,52.32028036502352,52.32028036502352,100.0
7910,1,26.83216025585333,26.83216025585333,100.0
7910,2,20.847559379123158,20.847559379123158,100.0
7920,0,64.20329769797965,64.20329769797965,100.0
7920,1,20.193588841531785,20.193588841531785,100.0
7920,2,15.60311346048856,15.60311346048856,100.0
7930,0,34.06276917990531,34.06276917990531,100.0
7930,1,35.206514927024806,35.206514927024806,100.0
7930,2,30.73071589306988,30.73071589306988,100.0
7940,0,48.90169571065743,48.90169571065743,100.0
7940,1,30.89490454084207,30.89490454084207,100.0
7940,2,20.2033997485005,20.2033997485005,100.0
7950,0,12.194881489389651,12.194881489389651,100.0
7950,1,11.647597495184153,11.647597495184153,100.0
7950,2,76.1575210154262,76.1575210154262,100.0
7960,0,17.961247330121363,17.961247330121363,100.0
7960,1,59.1115181138271,59.1115181138271,100.0
7960,2,22.927234556051534,22.927234556051534,100.0
7970,0,41.81993351570625,41.81993351570625,100.0
7970,1,37.82654261430815,37.82654261430815,100.0
7970,2,20.353523869985597,20.353523869985597,100.0
7980,0,62.097333711918324,62.097333711918324,100.0
7980,1,9.451653017821883,9.451653017821883,100.0
7980,2,28.451013270259796,28.451013270259796,100.0
7990,0,38.11341017877219,38.11341017877219,100.0
7990,1,15.46569887607897,15.46569887607897,100.0
7990,2,46.42089094514884,46.42089094514884,100.0
8000,0,42.760170300206624,42.760170300206624,100.0
8000,1,17.38066156240596,17.38066156240596,100.0
8000,2,39.859168137387414,39.859168137387414,100.0
8010,0,11.268525863971872,11.268525863971872,100.0
8010,1,11.342645403291218,11.342645403291218,100.0
8010,2,77.3888287327369,77.3888287327369,100.0
8020,0,12.563192085368993,12.563192085368993,100.0
8020,1,73.19419051426802,73.19419051426802,100.0
8020,2,14.242617400362995,14.242617400362995,100.0
8030,0,26.65483714356678,26.65483714356678,100.0
8030,1,20.310299081954184,20.310299081954184,100.0
8030,2,53.034863774479035,53.034863774479035,100.0
8040,0,63.298719185720444,63.298719185720444,100.0
8040,1,14.927247270689165,14.927247270689165,100.0
8040,2,21.774033543590406,21.774033543590406,100.0
8050,0,20.24734928436165,20.24734928436165,100.0
8050,1,21.076306479808295,21.076306479808295,100.0
8050,2,58.67634423583006,58.67634423583006,100.0
8060,0,50.32415319502296,50.32415319502296,100.0
8060,1,8.252436921475438,8.252436921475438,100.0
8060,2,41.42340988350161,41.42340988350161,100.0
8070,0,11.061022501953305,11.061022501953305,100.0
8070,1,13.50195893703956,13.50195893703956,100.0
8070,2,75.43701856100714,75.43701856100714,100.0
8080,0,41.57105382027576,41.57105382027576,100.0
8080,1,34.30679856608917,34.30679856608917,100.0
8080,2,24.122147613635068,24.122147613635068,100.0
8090,0,63.157952176739116,63.157952176739116,100.0
8090,1,23.599299832648672,23.599299832648672,100.0
8090,2,13.24274799061221,13.24274799061221,100.0
8100,0,35.45129703910073,35.45129703910073,100.0
8100,1,43.141932067325364,43.141932067325364,100.0
8100,2,21.406770893573906,21.406770893573906,100.0
8110,0,49.39502176221309,49.39502176221309,100.0
8110,1,42.44442277831225,42.44442277831225,100.0
8110,2,8.160555459474642,8.160555459474642,100.0
8120,0,31.399361667157393,31.399361667157393,100.0
8120,1,24.34222973188411,24.34222973188411,100.0
8120,2,44.258408600958504,44.258408600958504,100.0
8130,0,11.541985511631484,11.541985511631484,100.0
8130,1,11.519391104023686,11.519391104023686,100.0
8130,2,76.93862338434484,76.93862338434484,100.0
8140,0,34.7844698772877,34.7844698772877,100.0
8140,1,48.41974036440465,48.41974036440465,100.0
8140,2,16.795789758307645,16.795789758307645,100.0
8150,0,64.66524678391875,64.66524678391875,100.0
8150,1,19.622102207052322,19.622102207052322,100.0
8150,2,15.712651009028916,15.712651009028916,100.0
8160,0,40.65982345664668,40.65982345664668,100.0
8160,1,30.290952109846515,30.290952109846515,100.0
8160,2,29.049224433506808,29.049224433506808,100.0
8170,0,52.53739680957112,52.53739680957112,100.0
8170,1,28.171092775787578,28.171092775787578,100.0
8170,2,19.291510414641294,19.291510414641294,100.0
8180,0,21.67259348709811,21.67259348709811,100.0
8180,1,13.66811909286353,13.66811909286353,100.0
8180,2,64.65928742003835,64.65928742003835,100.0
8190,0,14.396156726757612,14.396156726757612,100.0
8190,1,13.85638884385563,13.85638884385563,100.0
8190,2,71.74745442938676,71.74745442938676,100.0
8200,0,21.74248792284703,21.74248792284703,100.0
8200,1,50.292049594533275,50.292049594533275,100.0
8200,2,27.965462482619703,27.965462482619703,100.0
8210,0,38.98346557411873,38.98346557411873,100.0
8210,1,39.93616267379751,39.93616267379751,100.0
8210,2,21.080371752083735,21.080371752083735,100.0
8220,0,32.7352100900734,32.7352100900734,100.0
8220,1,48.21115525659311,48.21115525659311,100.0
8220,2,19.053634653333493,19.053634653333493,100.0
8230,0,52.07932007889866,52.07932007889866,100.0
8230,1,22.92938503725772,22.92938503725772,100.0
8230,2,24.991294883843622,24.991294883843622,100.0
8240,0,56.880754987549,56.880754987549,100.0
8240,1,23.068267966997542,23.068267966997542,100.0
8240,2,20.05097704545345,20.05097704545345,100.0
8250,0,13.075507257524812,13.075507257524812,100.0
8250,1,16.574436736030904,16.574436736030904,100.0
8250,2,70.35005600644428,70.35005600644428,100.0
8260,0,35.921460138280324,35.921460138280324,100.0
8260,1,27.471675868793255,27.471675868793255,100.0
8260,2,36.60686399292642,36.60686399292642,100.0
8270,0,17.34961723355765,17.34961723355765,100.0
8270,1,16.196652673697706,16.196652673697706,100.0
8270,2,66.45373009274465,66.45373009274465,100.0
8280,0,40.56304205282128,40.56304205282128,100.0
8280,1,48.317944348142476,48.317944348142476,100.0
8280,2,11.11901359903623,11.11901359903623,100.0
8290,0,41.44059019621461,41.44059019621461,100.0
8290,1,8.045110884414878,8.045110884414878,100.0
8290,2,50.51429891937052,50.51429891937052,100.0
8300,0,45.95504975176891,45.95504975176891,100.0
8300,1,31.46656800464535,31.46656800464535,100.0
8300,2,22.578382243585736,22.578382243585736,100.0
8310,0,15.33304191579579,15.33304191579579,100.0
8310,1,15.333779467391103,15.333779467391103,100.0
8310,2,69.3331786168131,69.3331786168131,100.0
8320,0,46.109350980659144,46.109350980659144,100.0
8320,1,30.358633320033928,30.358633320033928,100.0
8320,2,23.532015699306932,23.532015699306932,100.0
8330,0,64.08939604334144,64.08939604334144,100.0
8330,1,12.069152354133434,12.069152354133434,100.0
8330,2,23.84145160252513,23.84145160252513,100.0
8340,0,24.73009904221853,24.73009904221853,100.0
8340,1,32.37591939633568,32.37591939633568,100.0
8340,2,42.893981561445784,42.893981561445784,100.0
8350,0,55.73704899190155,55.73704899190155,100.0
8350,1,14.563652088769519,14.563652088769519,100.0
8350,2,29.699298919328925,29.699298919328925,100.0
8360,0,34.71673423376045,34.71673423376045,100.0
8360,1,33.95121635997606,33.95121635997606,100.0
8360,2,31.332049406263497,31.332049406263497,100.0
8370,0,14.021837706531912,14.021837706531912,100.0
8370,1,13.700007291997762,13.700007291997762,100.0
8370,2,72.27815500147032,72.27815500147032,100.0
8380,0,12.60214970331501,12.60214970331501,100.0
8380,1,76.29690158218054,76.29690158218054,100.0
8380,2,11.10094871450445,11.10094871450445,100.0
8390,0,23.248473563858198,23.248473563858198,100.0
8390,1,40.384044042099354,40.384044042099354,100.0
8390,2,36.36748239404245,36.36748239404245,100.0
8400,0,62.982576023527116,62.982576023527116,100.0
8400,1,26.239564870980537,26.239564870980537,100.0
8400,2,10.777859105492345,10.777859105492345,100.0
8410,0,45.83616697441385,45.83616697441385,100.0
8410,1,13.163987434393032,13.163987434393032,100.0
8410,2,40.999845591193115,40.999845591193115,100.0
8420,0,49.83900816348563,49.83900816348563,100.0
8420,1,30.59015401153834,30.59015401153834,100.0
8420,2,19.57083782497604,19.57083782497604,100.0
8430,0,10.964586236905925,10.964586236905925,100.0
8430,1,15.532451278069287,15.532451278069287,100.0
8430,2,73.5029624850248,73.5029624850248,100.0
8440,0,41.298285888299375,41.298285888299375,100.0
8440,1,38.866944067291236,38.866944067291236,100.0
8440,2,19.834770044409392,19.834770044409392,100.0
8450,0,35.32714836586515,35.32714836586515,100.0
8450,1,28.278457444732336,28.278457444732336,100.0
8450,2,36.39439418940252,36.39439418940252,100.0
8460,0,61.23543880655027,61.23543880655027,100.0
8460,1,16.15931673835169,16.15931673835169,100.0
8460,2,22.605244455098045,22.605244455098045,100.0
8470,0,44.994236296102436,44.994236296102436,100.0
8470,1,31.504505868351806,31.504505868351806,100.0
8470,2,23.501257835545747,23.501257835545747,100.0
8480,0,45.058661233824225,45.058661233824225,100.0
8480,1,28.72602022886933,28.72602022886933,100.0
8480,2,26.21531853730645,26.21531853730645,100.0
8490,0,13.246872939721696,13.246872939721696,100.0
8490,1,12.606861962239812,12.606861962239812,100.0
8490,2,74.14626509803848,74.14626509803848,100.0
8500,0,40.43101971961346,40.43101971961346,100.0
8500,1,28.482837187075482,28.482837187075482,100.0
8500,2,31.08614309331107,31.08614309331107,100.0
8510,0,47.798475972871024,47.798475972871024,100.0
8510,1,18.521711808663817,18.521711808663817,100.0
8510,2,33.679812218465166,33.679812218465166,100.0
8520,0,46.53478121364345,46.53478121364345,100.0
8520,1,32.48429587679558,32.48429587679558,100.0
8520,2,20.980922909560967,20.980922909560967,100.0
8530,0,20.7884209203841,20.7884209203841,100.0
8530,1,32.06317233858302,32.06317233858302,100.0
8530,2,47.14840674103288,47.14840674103288,100.0
8540,0,49.656807973233455,49.656807973233455,100.0
8540,1,7.820128546114115,7.820128546114115,100.0
8540,2,42.52306348065244,42.52306348065244,100.0
8550,0,13.32200775865984,13.32200775865984,100.0
8550,1,12.60971747839471,12.60971747839471,100.0
8550,2,74.06827476294546,74.06827476294546,100.0
8560,0,58.41559810741577,58.41559810741577,100.0
8560,1,15.690928336320484,15.690928336320484,100.0
8560,2,25.893473556263746,25.893473556263746,100.0
8570,0,39.74641530715169,39.74641530715169,100.0
8570,1,25.381207527341616,25.381207527341616,100.0
8570,2,34.87237716550669,34.87237716550669,100.0
8580,0,74.24346059398718,74.24346059398718,100.0
8580,1,12.054060788282605,12.054060788282605,100.0
8580,2,13.70247861773021,13.70247861773021,100.0
8590,0,65.96575059514734,65.96575059514734,100.0
8590,1,17.738630337755563,17.738630337755563,100.0
8590,2,16.295619067097093,16.295619067097093,100.0
8600,0,45.269622994317274,45.269622994317274,100.0
8600,1,32.62728649406947,32.62728649406947,100.0
8600,2,22.10309051161325,22.10309051161325,100.0
8610,0,11.169497334079955,11.169497334079955,100.0
8610,1,10.825346664763181,10.825346664763181,100.0
8610,2,78.00515600115688,78.00515600115688,100.0
8620,0,54.26828196060719,54.26828196060719,100.0
8620,1,12.670629371161477,12.670629371161477,100.0
8620,2,33.06108866823133,33.06108866823133,100.0
8630,0,23.36182937453553,23.36182937453553,100.0
8630,1,55.598261863826494,55.598261863826494,100.0
8630,2,21.039908761637975,21.039908761637975,100.0
8640,0,26.6813442532369,26.6813442532369,100.0
8640,1,17.682670425281007,17.682670425281007,100.0
8640,2,55.635985321482096,55.635985321482096,100.0
8650,0,41.51423423888267,41.51423423888267,100.0
8650,1,17.456097064587723,17.456097064587723,100.0
8650,2,41.02966869652961,41.02966869652961,100.0
8660,0,26.26972079670995,26.26972079670995,100.0
8660,1,43.64885381187415,43.64885381187415,100.0
8660,2,30.081425391415905,30.081425391415905,100.0
8670,0,12.614708811714367,12.614708811714367,100.0
8670,1,14.147551694216093,14.147551694216093,100.0
8670,2,73.23773949406954,73.23773949406954,100.0
8680,0,31.944953590101903,31.944953590101903,100.0
8680,1,41.11051299207032,41.11051299207032,100.0
8680,2,26.944533417827788,26.944533417827788,100.0
8690,0,49.822523959095705,49.822523959095705,100.0
8690,1,27.311020369252482,27.311020369252482,100.0
8690,2,22.866455671651806,22.866455671651806,100.0
8700,0,14.979703639233335,14.979703639233335,100.0
8700,1,46.908387074230355,46.908387074230355,100.0
8700,2,38.11190928653632,38.11190928653632,100.0
8710,0,49.617723136795185,49.617723136795185,100.0
8710,1,35.339169516950086,35.339169516950086,100.0
8710,2,15.043107346254741,15.043107346254741,100.0
8720,0,44.54866812840366,44.54866812840366,100.0
8720,1,10.482304038603754,10.482304038603754,100.0
8720,2,44.96902783299259,44.96902783299259,100.0
8730,0,11.68980378563844,11.68980378563844,100.0
8730,1,11.884095018597248,11.884095018597248,100.0
8730,2,76.4261011957643,76.4261011957643,100.0
8740,0,18.04794915504615,18.04794915504615,100.0
8740,1,26.943751967150458,26.943751967150458,100.0
8740,2,55.008298877803384,55.008298877803384,100.0
8750,0,68.04327872807131,68.04327872807131,100.0
8750,1,18.485563611276675,18.485563611276675,100.0
8750,2,13.47115766065202,13.47115766065202,100.0
8760,0,74.42394116065957,74.42394116065957,100.0
8760,1,10.520042171734223,10.520042171734223,100.0
8760,2,15.056016667606215,15.056016667606215,100.0
8770,0,51.59007790789533,51.59007790789533,100.0
8770,1,34.28695527623363,34.28695527623363,100.0
8770,2,14.122966815871049,14.122966815871049,100.0
8780,0,68.9609619341737,68.9609619341737,100.0
8780,1,12.318027682824507,12.318027682824507,100.0
8780,2,18.72101038300181,18.72101038300181,100.0
8790,0,14.83186775439966,14.83186775439966,100.0
8790,1,14.77444181925642,14.77444181925642,100.0
8790,2,70.39369042634392,70.39369042634392,100.0
8800,0,21.07922478302577,21.07922478302577,100.0
8800,1,18.156876537973726,18.156876537973726,100.0
8800,2,60.763898679000505,60.763898679000505,100.0
8810,0,54.64980658778722,54.64980658778722,100.0
8810,1,9.03822381336604,9.03822381336604,100.0
8810,2,36.311969598846744,36.311969598846744,100.0
8820,0,20.906311543272487,20.906311543272487,100.0
8820,1,22.496982867679876,22.496982867679876,100.0
8820,2,56.59670558904764,56.59670558904764,100.0
8830,0,53.202965087674755,53.202965087674755,100.0
8830,1,23.143960151330106,23.143960151330106,100.0
8830,2,23.653074760995143,23.653074760995143,100.0
8840,0,45.81822010616006,45.81822010616006,100.0
8840,1,40.297967186940134,40.297967186940134,100.0
8840,2,13.883812706899807,13.883812706899807,100.0
8850,0,12.762135532627545,12.762135532627545,100.0
8850,1,13.884415862388359,13.884415862388359,100.0
8850,2,73.3534486049841,73.3534486049841,100.0
8860,0,46.80069564747922,46.80069564747922,100.0
8860,1,42.15228170891921,42.15228170891921,100.0
8860,2,11.047022643601553,11.047022643601553,100.0
8870,0,21.93927121762151,21.93927121762151,100.0
8870,1,60.913526549423146,60.913526549423146,100.0
8870,2,17.147202232955344,17.147202232955344,100.0
8880,0,69.19600914615054,69.19600914615054,100.0
8880,1,15.528562815252053,15.528562815252053,100.0
8880,2,15.275428038597408,15.275428038597408,100.0
8890,0,19.759917675725408,19.759917675725408,100.0
8890,1,32.22139565977575,32.22139565977575,100.0
8890,2,48.018686664498844,48.018686664498844,100.0
8900,0,60.79330381492943,60.79330381492943,100.0
8900,1,19.62716198037619,19.62716198037619,100.0
8900,2,19.579534204694376,19.579534204694376,100.0
8910,0,12.642303875133079,12.642303875133079,100.0
8910,1,11.919154580873927,11.919154580873927,100.0
8910,2,75.43854154399298,75.43854154399298,100.0
8920,0,55.169795353517145,55.169795353517145,100.0
8920,1,18.399788227100718,18.399788227100718,100.0
8920,2,26.43041641938213,26.43041641938213,100.0
8930,0,71.74469228139702,71.74469228139702,100.0
8930,1,10.866697948392597,10.866697948392597,100.0
8930,2,17.38860977021039,17.38860977021039,100.0
8940,0,22.05075956994186,22.05075956994186,100.0
8940,1,66.58634567758257,66.58634567758257,100.0
8940,2,11.362894752475574,11.362894752475574,100.0
8950,0,59.51341471466915,59.51341471466915,100.0
8950,1,23.368568220310216,23.368568220310216,100.0
8950,2,17.11801706502063,17.11801706502063,100.0
8960,0,40.076491628207016,40.076491628207016,100.0
8960,1,13.524822612740536,13.524822612740536,100.0
8960,2,46.39868575905244,46.39868575905244,100.0
8970,0,16.2860451413598,16.2860451413598,100.0
8970,1,18.748818318004506,18.748818318004506,100.0
8970,2,64.9651365406357,64.9651365406357,100.0
8980,0,66.02801295482905,66.02801295482905,100.0
8980,1,17.291196371807427,17.291196371807427,100.0
8980,2,16.68079067336353,16.68079067336353,100.0
8990,0,39.017971269276906,39.017971269276906,100.0
8990,1,11.170799119710559,11.170799119710559,100.0
8990,2,49.81122961101253,49.81122961101253,100.0
9000,0,68.74211525953908,68.74211525953908,100.0
9000,1,15.879507088006786,15.879507088006786,100.0
9000,2,15.378377652454128,15.378377652454128,100.0
9010,0,29.369456599698474,29.369456599698474,100.0
9010,1,10.814967165065879,10.814967165065879,100.0
9010,2,59.81557623523565,59.81557623523565,100.0
9020,0,27.78724405677091,27.78724405677091,100.0
9020,1,45.38145678622648,45.38145678622648,100.0
9020,2,26.83129915700262,26.83129915700262,100.0
9030,0,13.073398339422965,13.073398339422965,100.0
9030,1,11.01216095112552,11.01216095112552,100.0
9030,2,75.91444070945153,75.91444070945153,100.0
9040,0,51.518411527983076,51.518411527983076,100.0
9040,1,36.00054979645288,36.00054979645288,100.0
9040,2,12.48103867556405,12.48103867556405,100.0
9050,0,64.74897047032225,64.74897047032225,100.0
9050,1,20.573623071988997,20.573623071988997,100.0
9050,2,14.677406457688766,14.677406457688766,100.0
9060,0,56.4762759384362,56.4762759384362,100.0
9060,1,19.000393751209877,19.000393751209877,100.0
9060,2,24.523330310353924,24.523330310353924,100.0
9070,0,42.55419679385764,42.55419679385764,100.0
9070,1,18.971144205090155,18.971144205090155,100.0
9070,2,38.47465900105221,38.47465900105221,100.0
9080,0,46.19091511965052,46.19091511965052,100.0
9080,1,42.55029542685635,42.55029542685635,100.0
9080,2,11.25878945349311,11.25878945349311,100.0
9090,0,11.057703393640509,11.057703393640509,100.0
9090,1,12.453902175331732,12.453902175331732,100.0
9090,2,76.48839443102776,76.48839443102776,100.0
9100,0,34.41664941541166,34.41664941541166,100.0
9100,1,50.83431220048753,50.83431220048753,100.0
9100,2,14.749038384100816,14.749038384100816,100.0
9110,0,27.89871615019924,27.89871615019924,100.0
9110,1,20.35853810048779,20.35853810048779,100.0
9110,2,51.74274574931298,51.74274574931298,100.0
9120,0,52.28288746889701,52.28288746889701,100.0
9120,1,8.651892218262706,8.651892218262706,100.0
9120,2,39.065220312840296,39.065220312840296,100.0
9130,0,23.29298039761389,23.29298039761389,100.0
9130,1,13.67136755781122,13.67136755781122,100.0
9130,2,63.035652044574896,63.035652044574896,100.0
9140,0,25.41644686442566,25.41644686442566,100.0
9140,1,52.77408524680276,52.77408524680276,100.0
9140,2,21.80946788877159,21.80946788877159,100.0
9150,0,11.739440432580365,11.739440432580365,100.0
9150,1,12.171602311408067,12.171602311408067,100.0
9150,2,76.08895725601157,76.08895725601157,100.0
9160,0,27.663164606636375,27.663164606636375,100.0
9160,1,34.50731000445977,34.50731000445977,100.0
9160,2,37.82952538890386,37.82952538890386,100.0
9170,0,26.587228461489705,26.587228461489705,100.0
9170,1,51.77925908302844,51.77925908302844,100.0
9170,2,21.63351245548186,21.63351245548186,100.0
9180,0,30.02220977188251,30.02220977188251,100.0
9180,1,43.01767520689733,43.01767520689733,100.0
9180,2,26.960115021220165,26.960115021220165,100.0
9190,0,48.52155347714371,48.52155347714371,100.0
9190,1,9.711875639808024,9.711875639808024,100.0
9190,2,41.766570883048274,41.766570883048274,100.0
9200,0,20.339756060169183,20.339756060169183,100.0
9200,1,18.995706612093464,18.995706612093464,100.0
9200,2,60.66453732773734,60.66453732773734,100.0
9210,0,12.111093091211197,12.111093091211197,100.0
9210,1,11.997282229406345,11.997282229406345,100.0
9210,2,75.89162467938246,75.89162467938246,100.0
9220,0,35.23208519040823,35.23208519040823,100.0
9220,1,33.27607410765723,33.27607410765723,100.0
9220,2,31.491840701934535,31.491840701934535,100.0
9230,0,17.668430178649764,17.668430178649764,100.0
9230,1,60.37303199093198,60.37303199093198,100.0
9230,2,21.958537830418255,21.958537830418255,100.0
9240,0,11.120263052648458,11.120263052648458,100.0
9240,1,43.44192813658474,43.44192813658474,100.0
9240,2,45.437808810766796,45.437808810766796,100.0
9250,0,42.76302813437354,42.76302813437354,100.0
9250,1,12.512778486443226,12.512778486443226,100.0
9250,2,44.724193379183234,44.724193379183234,100.0
9260,0,36.47814595917699,36.47814595917699,100.0
9260,1,33.75770661405868,33.75770661405868,100.0
9260,2,29.764147426764342,29.764147426764342,100.0
9270,0,11.134877163352956,11.134877163352956,100.0
9270,1,11.18973912103546,11.18973912103546,100.0
9270,2,77.67538371561159,77.67538371561159,100.0
9280,0,64.42411528678795,64.42411528678795,100.0
9280,1,18.748883118729793,18.748883118729793,100.0
9280,2,16.827001594482255,16.827001594482255,100.0
9290,0,42.66971685949894,42.66971685949894,100.0
9290,1,32.65001238471248,32.65001238471248,100.0
9290,2,24.680270755788587,24.680270755788587,100.0
9300,0,59.60242273552847,59.60242273552847,100.0
9300,1,17.008113974743427,17.008113974743427,100.0
9300,2,23.389463289728106,23.389463289728106,100.0
9310,0,14.091989753444887,14.091989753444887,100.0
9310,1,12.728145819614875,12.728145819614875,100.0
9310,2,73.17986442694024,73.17986442694024,100.0
9320,0,61.72721221663642,61.72721221663642,100.0
9320,1,21.634650836056917,21.634650836056917,100.0
9320,2,16.638136947306666,16.638136947306666,100.0
9330,0,18.093137799855118,18.093137799855118,100.0
9330,1,21.17540494576081,21.17540494576081,100.0
9330,2,60.73145725438408,60.73145725438408,100.0
9340,0,41.242514544033085,41.242514544033085,100.0
9340,1,27.082704756263603,27.082704756263603,100.0
9340,2,31.67478069970331,31.67478069970331,100.0
9350,0,69.01866593561373,69.01866593561373,100.0
9350,1,18.477397791849302,18.477397791849302,100.0
9350,2,12.503936272536976,12.503936272536976,100.0
9360,0,34.75459431143122,34.75459431143122,100.0
9360,1,20.76987242522538,20.76987242522538,100.0
9360,2,44.4755332633434,44.4755332633434,100.0
9370,0,45.25616684270821,45.25616684270821,100.0
9370,1,26.96756975979856,26.96756975979856,100.0
9370,2,27.776263397493235,27.776263397493235,100.0
9380,0,73.82308659822282,73.82308659822282,100.0
9380,1,10.480052196578812,10.480052196578812,100.0
9380,2,15.696861205198385,15.696861205198385,100.0
9390,0,12.886642200738265,12.886642200738265,100.0
9390,1,13.125787972038044,13.125787972038044,100.0
9390,2,73.9875698272237,73.9875698272237,100.0
9400,0,15.736023665858095,15.736023665858095,100.0
9400,1,45.757939564045294,45.757939564045294,100.0
9400,2,38.506036770096614,38.506036770096614,100.0
9410,0,48.68886039490912,48.68886039490912,100.0
9410,1,35.56693869012767,35.56693869012767,100.0
9410,2,15.744200914963201,15.744200914963201,100.0
9420,0,55.99466995900404,55.99466995900404,100.0
9420,1,14.781273800714734,14.781273800714734,100.0
9420,2,29.224056240281232,29.224056240281232,100.0
9430,0,16.446676956106213,16.446676956106213,100.0
9430,1,48.81753452411999,48.81753452411999,100.0
9430,2,34.735788519773806,34.735788519773806,100.0
9440,0,15.712178299474497,15.712178299474497,100.0
9440,1,30.944660701529962,30.944660701529962,100.0
9440,2,53.34316099899554,53.34316099899554,100.0
9450,0,10.892494648521147,10.892494648521147,100.0
9450,1,10.904174299965835,10.904174299965835,100.0
9450,2,78.20333105151303,78.20333105151303,100.0
9460,0,44.6571359490369,44.6571359490369,100.0
9460,1,30.39777718027281,30.39777718027281,100.0
9460,2,24.945086870690293,24.945086870690293,100.0
9470,0,26.567766730246124,26.567766730246124,100.0
9470,1,11.241610260303885,11.241610260303885,100.0
9470,2,62.19062300944999,62.19062300944999,100.0
9480,0,67.5368033403902,67.5368033403902,100.0
9480,1,12.465426196572649,12.465426196572649,100.0
9480,2,19.997770463037153,19.997770463037153,100.0
9490,0,61.03014070645828,61.03014070645828,100.0
9490,1,18.089442711878544,18.089442711878544,100.0
9490,2,20.880416581663177,20.880416581663177,100.0
9500,0,27.052959696825052,27.052959696825052,100.0
9500,1,45.45990556777873,45.45990556777873,100.0
9500,2,27.487134735396218,27.487134735396218,100.0
9510,0,11.64973181165647,11.64973181165647,100.0
9510,1,12.762949380802263,12.762949380802263,100.0
9510,2,75.58731880754127,75.58731880754127,100.0
9520,0,60.05285684552003,60.05285684552003,100.0
9520,1,14.046353145792576,14.046353145792576,100.0
9520,2,25.9007900086874,25.9007900086874,100.0
9530,0,54.009364816896046,54.009364816896046,100.0
9530,1,22.033758939729083,22.033758939729083,100.0
9530,2,23.95687624337488,23.95687624337488,100.0
9540,0,26.868308600671938,26.868308600671938,100.0
9540,1,17.34263951064502,17.34263951064502,100.0
9540,2,55.78905188868304,55.78905188868304,100.0
9550,0,40.38434821344705,40.38434821344705,100.0
9550,1,23.58547742230046,23.58547742230046,100.0
9550,2,36.030174364252495,36.030174364252495,100.0
9560,0,37.023687942452185,37.023687942452185,100.0
9560,1,10.444613329127035,10.444613329127035,100.0
9560,2,52.531698728420785,52.531698728420785,100.0
9570,0,11.805567398459315,11.805567398459315,100.0
9570,1,11.854989852855912,11.854989852855912,100.0
9570,2,76.33944274868477,76.33944274868477,100.0
9580,0,34.89856682948898,34.89856682948898,100.0
9580,1,33.514358906966116,33.514358906966116,100.0
9580,2,31.587074263544896,31.587074263544896,100.0
9590,0,47.25896691784037,47.25896691784037,100.0
9590,1,20.608475525629668,20.608475525629668,100.0
9590,2,32.13255755652996,32.13255755652996,100.0
9600,0,71.9920224300027,71.9920224300027,100.0
9600,1,12.505667603117052,12.505667603117052,100.0
9600,2,15.502309966880254,15.502309966880254,100.0
9610,0,43.069022807941046,43.069022807941046,100.0
9610,1,10.335930505923509,10.335930505923509,100.0
9610,2,46.59504668613545,46.59504668613545,100.0
9620,0,41.56944332429433,41.56944332429433,100.0
9620,1,10.00618370183504,10.00618370183504,100.0
9620,2,48.42437297387062,48.42437297387062,100.0
9630,0,11.641227910304659,11.641227910304659,100.0
9630,1,11.453635660620147,11.453635660620147,100.0
9630,2,76.9051364290752,76.9051364290752,100.0
9640,0,29.853262860105495,29.853262860105495,100.0
9640,1,13.781912164061543,13.781912164061543,100.0
9640,2,56.364824975832974,56.364824975832974,100.0
9650,0,20.302387844947418,20.302387844947418,100.0
9650,1,25.57184009942542,25.57184009942542,100.0
9650,2,54.125772055627166,54.125772055627166,100.0
9660,0,34.23876616696917,34.23876616696917,100.0
9660,1,41.59713435214364,41.59713435214364,100.0
9660,2,24.164099480887195,24.164099480887195,100.0
9670,0,18.290115951934276,18.290115951934276,100.0
9670,1,50.53431894741001,50.53431894741001,100.0
9670,2,31.175565100655717,31.175565100655717,100.0
9680,0,43.97225801322291,43.97225801322291,100.0
9680,1,37.94270035182232,37.94270035182232,100.0
9680,2,18.08504163495478,18.08504163495478,100.0
9690,0,10.71062476636206,10.71062476636206,100.0
9690,1,13.797917731172351,13.797917731172351,100.0
9690,2,75.4914575024656,75.4914575024656,100.0
9700,0,53.98463531113872,53.98463531113872,100.0
9700,1,15.908722711990888,15.908722711990888,100.0
9700,2,30.106641976870407,30.106641976870407,100.0
9710,0,20.151313385474054,20.151313385474054,100.0
9710,1,61.60016626647025,61.60016626647025,100.0
9710,2,18.2485203480557,18.2485203480557,100.0
9720,0,16.458111003017677,16.458111003017677,100.0
9720,1,54.754638048267346,54.754638048267346,100.0
9720,2,28.787250948714988,28.787250948714988,100.0
9730,0,55.99930524735842,55.99930524735842,100.0
9730,1,22.551907937512645,22.551907937512645,100.0
9730,2,21.448786815128933,21.448786815128933,100.0
9740,0,27.73810232162183,27.73810232162183,100.0
9740,1,21.332186000004132,21.332186000004132,100.0
9740,2,50.929711678374034,50.929711678374034,100.0
9750,0,12.58256511226827,12.58256511226827,100.0
9750,1,11.427431966676545,11.427431966676545,100.0
9750,2,75.99000292105518,75.99000292105518,100.0
9760,0,56.97476299057806,56.97476299057806,100.0
9760,1,12.326868491628685,12.326868491628685,100.0
9760,2,30.698368517793266,30.698368517793266,100.0
9770,0,49.743110013026026,49.743110013026026,100.0
9770,1,16.030150094195314,16.030150094195314,100.0
9770,2,34.22673989277866,34.22673989277866,100.0
9780,0,24.30637413775056,24.30637413775056,100.0
9780,1,16.746634584268154,16.746634584268154,100.0
9780,2,58.94699127798128,58.94699127798128,100.0
9790,0,64.71489287323263,64.71489287323263,100.0
9790,1,14.883224343540528,14.883224343540528,100.0
9790,2,20.401882783226842,20.401882783226842,100.0
9800,0,37.83247125889312,37.83247125889312,100.0
9800,1,22.527028001234395,22.527028001234395,100.0
9800,2,39.64050073987248,39.64050073987248,100.0
9810,0,11.811345940564038,11.811345940564038,100.0
9810,1,11.335526474116994,11.335526474116994,100.0
9810,2,76.85312758531897,76.85312758531897,100.0
9820,0,50.465460112482944,50.465460112482944,100.0
9820,1,39.446197847480704,39.446197847480704,100.0
9820,2,10.088342040036352,10.088342040036352,100.0
9830,0,25.142480040202525,25.142480040202525,100.0
9830,1,18.166450832804017,18.166450832804017,100.0
9830,2,56.691069126993455,56.691069126993455,100.0
9840,0,24.416935408229016,24.416935408229016,100.0
9840,1,37.4396455920192,37.4396455920192,100.0
9840,2,38.143418999751795,38.143418999751795,100.0
9850,0,25.44828931506912,25.44828931506912,100.0
9850,1,52.01541055359934,52.01541055359934,100.0
9850,2,22.536300131331544,22.536300131331544,100.0
9860,0,26.756243104974136,26.756243104974136,100.0
9860,1,42.638493835738494,42.638493835738494,100.0
9860,2,30.605263059287356,30.605263059287356,100.0
9870,0,11.56221305133629,11.56221305133629,100.0
9870,1,18.544480850582723,18.544480850582723,100.0
9870,2,69.89330609808098,69.89330609808098,100.0
9880,0,36.21475222268525,36.21475222268525,100.0
9880,1,32.369273096565834,32.369273096565834,100.0
9880,2,31.41597468074891,31.41597468074891,100.0
9890,0,63.837867114823474,63.837867114823474,100.0
9890,1,23.04455368754829,23.04455368754829,100.0
9890,2,13.117579197628244,13.117579197628244,100.0
9900,0,42.541960719123054,42.541960719123054,100.0
9900,1,20.41716958894622,20.41716958894622,100.0
9900,2,37.04086969193073,37.04086969193073,100.0
9910,0,14.742976543463687,14.742976543463687,100.0
9910,1,35.45921450140629,35.45921450140629,100.0
9910,2,49.79780895513003,49.79780895513003,100.0
9920,0,50.474427999894836,50.474427999894836,100.0
9920,1,23.327689055163045,23.327689055163045,100.0
9920,2,26.197882944942112,26.197882944942112,100.0
9930,0,13.487990252031032,13.487990252031032,100.0
9930,1,15.389715361024333,15.389715361024333,100.0
9930,2,71.12229438694463,71.12229438694463,100.0
9940,0,25.757055548520828,25.757055548520828,100.0
9940,1,23.125263805272407,23.125263805272407,100.0
9940,2,51.117680646206765,51.117680646206765,100.0
9950,0,55.32407445121714,55.32407445121714,100.0
9950,1,18.45034695697759,18.45034695697759,100.0
9950,2,26.22557859180527,26.22557859180527,100.0
9960,0,55.65220969833484,55.65220969833484,100.0
9960,1,14.773490983828461,14.773490983828461,100.0
9960,2,29.574299317836694,29.574299317836694,100.0
9970,0,45.23660318746965,45.23660318746965,100.0
9970,1,44.18714182436662,44.18714182436662,100.0
9970,2,10.576254988163726,10.576254988163726,100.0
9980,0,54.99476834344418,54.99476834344418,100.0
9980,1,30.00796517931293,30.00796517931293,100.0
9980,2,14.9972664772429,14.9972664772429,100.0
9990,0,11.305847022128674,11.305847022128674,100.0
9990,1,11.488306774510344,11.488306774510344,100.0
9990,2,77.20584620336098,77.20584620336098,100.0
