timestamp,sliceId,dedicatedPRB,minPRB,maxPRB
510,0,27.38261368572409,27.38261368572409,100.0
510,1,41.19013889736086,41.19013889736086,100.0
510,2,31.42724741691505,31.42724741691505,100.0
520,0,33.202179800794184,33.202179800794184,100.0
520,1,27.35942978378069,27.35942978378069,100.0
520,2,39.438390415425125,39.438390415425125,100.0
530,0,31.826932720736036,31.826932720736036,100.0
530,1,28.750663878899115,28.750663878899115,100.0
530,2,39.42240340036485,39.42240340036485,100.0
540,0,28.185770651778235,28.185770651778235,100.0
540,1,53.33789396102166,53.33789396102166,100.0
540,2,18.47633538720011,18.47633538720011,100.0
550,0,22.1660586604813,22.1660586604813,100.0
550,1,25.554979777483478,25.554979777483478,100.0
550,2,52.27896156203523,52.27896156203523,100.0
560,0,23.15625431775211,23.15625431775211,100.0
560,1,32.51469615063725,32.51469615063725,100.0
560,2,44.329049531610636,44.329049531610636,100.0
570,0,21.59009432913357,21.59009432913357,100.0
570,1,40.60403010074701,40.60403010074701,100.0
570,2,37.805875570119426,37.805875570119426,100.0
580,0,21.629315026282132,21.629315026282132,100.0
580,1,34.09974075294656,34.09974075294656,100.0
580,2,44.270944220771305,44.270944220771305,100.0
590,0,20.72382620059317,20.72382620059317,100.0
590,1,39.03049726499186,39.03049726499186,100.0
590,2,40.24567653441497,40.24567653441497,100.0
600,0,24.376827805644673,24.376827805644673,100.0
600,1,28.115027346620092,28.115027346620092,100.0
600,2,47.50814484773523,47.50814484773523,100.0
610,0,22.787377585030505,22.787377585030505,100.0
610,1,27.68257860438735,27.68257860438735,100.0
610,2,49.53004381058215,49.53004381058215,100.0
620,0,23.108101657495776,23.108101657495776,100.0
620,1,26.905931239459203,26.905931239459203,100.0
620,2,49.98596710304502,49.98596710304502,100.0
630,0,23.50964781015565,23.50964781015565,100.0
630,1,29.03680135157634,29.03680135157634,100.0
630,2,47.45355083826801,47.45355083826801,100.0
640,0,21.834451423155414,21.834451423155414,100.0
640,1,40.04015344632555,40.04015344632555,100.0
640,2,38.125395130519045,38.125395130519045,100.0
650,0,21.895507395583603,21.895507395583603,100.0
650,1,38.486878610319174,38.486878610319174,100.0
650,2,39.61761399409722,39.61761399409722,100.0
660,0,22.65813120734412,22.65813120734412,100.0
660,1,34.64792122153272,34.64792122153272,100.0
660,2,42.69394757112316,42.69394757112316,100.0
670,0,23.644196552522402,23.644196552522402,100.0
670,1,31.310779710186054,31.310779710186054,100.0
670,2,45.045023737291544,45.045023737291544,100.0
680,0,22.98547839794008,22.98547839794008,100.0
680,1,35.38921491859167,35.38921491859167,100.0
680,2,41.62530668346826,41.62530668346826,100.0
690,0,23.21160447620776,23.21160447620776,100.0
690,1,37.35359172989934,37.35359172989934,100.0
690,2,39.4348037938929,39.4348037938929,100.0
700,0,21.260814256114823,21.260814256114823,100.0
700,1,42.65609004821592,42.65609004821592,100.0
700,2,36.08309569566926,36.08309569566926,100.0
710,0,22.881589322164903,22.881589322164903,100.0
710,1,33.73925770835308,33.73925770835308,100.0
710,2,43.379152969482014,43.379152969482014,100.0
720,0,23.355425149419887,23.355425149419887,100.0
720,1,36.03358048383449,36.03358048383449,100.0
720,2,40.61099436674562,40.61099436674562,100.0
730,0,24.18946082702689,24.18946082702689,100.0
730,1,28.979112401934827,28.979112401934827,100.0
730,2,46.83142677103829,46.83142677103829,100.0
740,0,21.04403344659062,21.04403344659062,100.0
740,1,43.23146424998035,43.23146424998035,100.0
740,2,35.72450230342903,35.72450230342903,100.0
750,0,23.099357264143933,23.099357264143933,100.0
750,1,42.64960526935579,42.64960526935579,100.0
750,2,34.25103746650028,34.25103746650028,100.0
760,0,21.69646001614554,21.69646001614554,100.0
760,1,37.75764735168327,37.75764735168327,100.0
760,2,40.545892632171196,40.545892632171196,100.0
770,0,22.540630904938357,22.540630904938357,100.0
770,1,37.378412817911986,37.378412817911986,100.0
770,2,40.08095627714966,40.08095627714966,100.0
780,0,21.676589971373055,21.676589971373055,100.0
780,1,40.34929391525466,40.34929391525466,100.0
780,2,37.97411611337228,37.97411611337228,100.0
790,0,20.644861200155674,20.644861200155674,100.0
790,1,43.86211598337094,43.86211598337094,100.0
790,2,35.49302281647338,35.49302281647338,100.0
800,0,23.04136010682935,23.04136010682935,100.0
800,1,34.671771940117644,34.671771940117644,100.0
800,2,42.286867953053004,42.286867953053004,100.0
810,0,24.178492482345543,24.178492482345543,100.0
810,1,37.395260493336515,37.395260493336515,100.0
810,2,38.42624702431793,38.42624702431793,100.0
820,0,21.463935078449005,21.463935078449005,100.0
820,1,40.78103869197132,40.78103869197132,100.0
820,2,37.75502622957968,37.75502622957968,100.0
830,0,24.336610619902395,24.336610619902395,100.0
830,1,27.68742089144182,27.68742089144182,100.0
830,2,47.97596848865579,47.97596848865579,100.0
840,0,20.853099481906806,20.853099481906806,100.0
840,1,42.561169687885375,42.561169687885375,100.0
840,2,36.58573083020782,36.58573083020782,100.0
850,0,22.25467561256298,22.25467561256298,100.0
850,1,38.77507192971877,38.77507192971877,100.0
850,2,38.97025245771825,38.97025245771825,100.0
860,0,24.5626860888502,24.5626860888502,100.0
860,1,34.85097397523419,34.85097397523419,100.0
860,2,40.58633993591562,40.58633993591562,100.0
870,0,21.354727713170586,21.354727713170586,100.0
870,1,44.27957250720049,44.27957250720049,100.0
870,2,34.365699779628926,34.365699779628926,100.0
880,0,23.26188817938732,23.26188817938732,100.0
880,1,34.051882488816375,34.051882488816375,100.0
880,2,42.686229331796305,42.686229331796305,100.0
890,0,20.984765893793654,20.984765893793654,100.0
890,1,43.697186778142004,43.697186778142004,100.0
890,2,35.31804732806434,35.31804732806434,100.0
900,0,20.780997067439618,20.780997067439618,100.0
900,1,39.15933225861119,39.15933225861119,100.0
900,2,40.0596706739492,40.0596706739492,100.0
910,0,22.739921424269077,22.739921424269077,100.0
910,1,39.152417244098295,39.152417244098295,100.0
910,2,38.10766133163263,38.10766133163263,100.0
920,0,22.625203213144843,22.625203213144843,100.0
920,1,30.01829709336341,30.01829709336341,100.0
920,2,47.35649969349174,47.35649969349174,100.0
930,0,21.821992040725934,21.821992040725934,100.0
930,1,39.92440625731321,39.92440625731321,100.0
930,2,38.25360170196087,38.25360170196087,100.0
940,0,23.782892234001025,23.782892234001025,100.0
940,1,35.193659164222716,35.193659164222716,100.0
940,2,41.023448601776266,41.023448601776266,100.0
950,0,24.483014270382903,24.483014270382903,100.0
950,1,28.997708106805554,28.997708106805554,100.0
950,2,46.51927762281154,46.51927762281154,100.0
960,0,22.036176742084372,22.036176742084372,100.0
960,1,33.02956182745412,33.02956182745412,100.0
960,2,44.93426143046151,44.93426143046151,100.0
970,0,24.095085611171875,24.095085611171875,100.0
970,1,28.635737563128654,28.635737563128654,100.0
970,2,47.269176825699475,47.269176825699475,100.0
980,0,22.031907105957746,22.031907105957746,100.0
980,1,31.872699727131614,31.872699727131614,100.0
980,2,46.09539316691064,46.09539316691064,100.0
990,0,22.663112602281238,22.663112602281238,100.0
990,1,40.62630816225617,40.62630816225617,100.0
990,2,36.710579235462596,36.710579235462596,100.0
1000,0,21.562040066223982,21.562040066223982,100.0
1000,1,36.15730053977756,36.15730053977756,100.0
1000,2,42.280659393998455,42.280659393998455,100.0
1010,0,24.544416850636285,24.544416850636285,100.0
1010,1,30.922633202806278,30.922633202806278,100.0
1010,2,44.53294994655744,44.53294994655744,100.0
1020,0,20.84456908801608,20.84456908801608,100.0
1020,1,43.02178537675777,43.02178537675777,100.0
1020,2,36.13364553522615,36.13364553522615,100.0
1030,0,25.347760428534304,25.347760428534304,100.0
1030,1,29.935230403942125,29.935230403942125,100.0
1030,2,44.717009167523564,44.717009167523564,100.0
1040,0,21.85617149153638,21.85617149153638,100.0
1040,1,34.67671643285838,34.67671643285838,100.0
1040,2,43.46711207560524,43.46711207560524,100.0
1050,0,20.735287970489686,20.735287970489686,100.0
1050,1,41.76348671391917,41.76348671391917,100.0
1050,2,37.50122531559115,37.50122531559115,100.0
1060,0,24.442719118546282,24.442719118546282,100.0
1060,1,30.697833603731766,30.697833603731766,100.0
1060,2,44.85944727772195,44.85944727772195,100.0
1070,0,21.401500629308845,21.401500629308845,100.0
1070,1,40.07344267479566,40.07344267479566,100.0
1070,2,38.52505669589549,38.52505669589549,100.0
1080,0,22.93871680407301,22.93871680407301,100.0
1080,1,30.087374661805065,30.087374661805065,100.0
1080,2,46.973908534121925,46.973908534121925,100.0
1090,0,24.190682802780834,24.190682802780834,100.0
1090,1,33.30983071571434,33.30983071571434,100.0
1090,2,42.499486481504825,42.499486481504825,100.0
1100,0,22.2661448943824,22.2661448943824,100.0
1100,1,36.166556383423064,36.166556383423064,100.0
1100,2,41.567298722194536,41.567298722194536,100.0
1110,0,24.62456807272632,24.62456807272632,100.0
1110,1,32.772551388442686,32.772551388442686,100.0
1110,2,42.602880538830995,42.602880538830995,100.0
1120,0,22.05974071278923,22.05974071278923,100.0
1120,1,35.26738293460659,35.26738293460659,100.0
1120,2,42.67287635260419,42.67287635260419,100.0
1130,0,21.485548299265673,21.485548299265673,100.0
1130,1,38.86111075306007,38.86111075306007,100.0
1130,2,39.65334094767426,39.65334094767426,100.0
1140,0,24.36112651953915,24.36112651953915,100.0
1140,1,30.363974326459658,30.363974326459658,100.0
1140,2,45.27489915400118,45.27489915400118,100.0
1150,0,21.34163755008986,21.34163755008986,100.0
1150,1,46.62019480437791,46.62019480437791,100.0
1150,2,32.03816764553224,32.03816764553224,100.0
1160,0,24.071930443959424,24.071930443959424,100.0
1160,1,34.212089639391785,34.212089639391785,100.0
1160,2,41.71597991664879,41.71597991664879,100.0
1170,0,23.490262308748015,23.490262308748015,100.0
1170,1,26.210281698467668,26.210281698467668,100.0
1170,2,50.29945599278432,50.29945599278432,100.0
1180,0,24.47131201019262,24.47131201019262,100.0
1180,1,35.072982988670944,35.072982988670944,100.0
1180,2,40.45570500113644,40.45570500113644,100.0
1190,0,23.013193886002455,23.013193886002455,100.0
1190,1,27.184631590017645,27.184631590017645,100.0
1190,2,49.8021745239799,49.8021745239799,100.0
1200,0,22.26152735330455,22.26152735330455,100.0
1200,1,34.26286647104436,34.26286647104436,100.0
1200,2,43.47560617565109,43.47560617565109,100.0
1210,0,23.24821629705348,23.24821629705348,100.0
1210,1,31.00133221819896,31.00133221819896,100.0
1210,2,45.75045148474756,45.75045148474756,100.0
1220,0,23.37422721275381,23.37422721275381,100.0
1220,1,42.69949206143142,42.69949206143142,100.0
1220,2,33.92628072581478,33.92628072581478,100.0
1230,0,20.799125160000763,20.799125160000763,100.0
1230,1,40.218386048930235,40.218386048930235,100.0
1230,2,38.982488791068995,38.982488791068995,100.0
1240,0,21.90343458418387,21.90343458418387,100.0
1240,1,38.06928525632998,38.06928525632998,100.0
1240,2,40.02728015948615,40.02728015948615,100.0
1250,0,20.28587538107923,20.28587538107923,100.0
1250,1,43.92206390733867,43.92206390733867,100.0
1250,2,35.79206071158211,35.79206071158211,100.0
1260,0,25.29714045871315,25.29714045871315,100.0
1260,1,30.451306244252653,30.451306244252653,100.0
1260,2,44.25155329703419,44.25155329703419,100.0
1270,0,24.477737785243452,24.477737785243452,100.0
1270,1,37.71023091147207,37.71023091147207,100.0
1270,2,37.812031303284485,37.812031303284485,100.0
1280,0,20.970557493690826,20.970557493690826,100.0
1280,1,42.04688862308233,42.04688862308233,100.0
1280,2,36.98255388322684,36.98255388322684,100.0
1290,0,24.676606205981958,24.676606205981958,100.0
1290,1,27.7687816332998,27.7687816332998,100.0
1290,2,47.55461216071825,47.55461216071825,100.0
1300,0,22.134886053157217,22.134886053157217,100.0
1300,1,41.50816622566482,41.50816622566482,100.0
1300,2,36.35694772117797,36.35694772117797,100.0
1310,0,23.797438284806255,23.797438284806255,100.0
1310,1,27.051297511211057,27.051297511211057,100.0
1310,2,49.15126420398268,49.15126420398268,100.0
1320,0,21.64803285605865,21.64803285605865,100.0
1320,1,37.4711582849786,37.4711582849786,100.0
1320,2,40.880808858962745,40.880808858962745,100.0
1330,0,21.85328665382837,21.85328665382837,100.0
1330,1,41.72216512382231,41.72216512382231,100.0
1330,2,36.42454822234933,36.42454822234933,100.0
1340,0,21.983021903938972,21.983021903938972,100.0
1340,1,44.590885202787426,44.590885202787426,100.0
1340,2,33.4260928932736,33.4260928932736,100.0
1350,0,23.703911917317257,23.703911917317257,100.0
1350,1,28.87969745159914,28.87969745159914,100.0
1350,2,47.4163906310836,47.4163906310836,100.0
1360,0,21.351402086565276,21.351402086565276,100.0
1360,1,42.72490415296451,42.72490415296451,100.0
1360,2,35.92369376047021,35.92369376047021,100.0
1370,0,23.570053143488224,23.570053143488224,100.0
1370,1,27.292100038655725,27.292100038655725,100.0
1370,2,49.13784681785605,49.13784681785605,100.0
1380,0,22.18540431983795,22.18540431983795,100.0
1380,1,40.33348020190822,40.33348020190822,100.0
1380,2,37.48111547825383,37.48111547825383,100.0
1390,0,21.641165659540334,21.641165659540334,100.0
1390,1,43.92868083598734,43.92868083598734,100.0
1390,2,34.43015350447233,34.43015350447233,100.0
1400,0,22.927808424252117,22.927808424252117,100.0
1400,1,37.516674642170614,37.516674642170614,100.0
1400,2,39.555516933577266,39.555516933577266,100.0
1410,0,26.40047925901265,26.40047925901265,100.0
1410,1,31.28810724518067,31.28810724518067,100.0
1410,2,42.31141349580668,42.31141349580668,100.0
1420,0,21.55519740149484,21.55519740149484,100.0
1420,1,38.686196077451825,38.686196077451825,100.0
1420,2,39.75860652105332,39.75860652105332,100.0
1430,0,26.29034144880552,26.29034144880552,100.0
1430,1,31.532793685636445,31.532793685636445,100.0
1430,2,42.17686486555803,42.17686486555803,100.0
1440,0,20.631913338525997,20.631913338525997,100.0
1440,1,44.39649441169816,44.39649441169816,100.0
1440,2,34.97159224977585,34.97159224977585,100.0
1450,0,22.266458576639085,22.266458576639085,100.0
1450,1,39.07449679561164,39.07449679561164,100.0
1450,2,38.65904462774928,38.65904462774928,100.0
1460,0,21.51057606161364,21.51057606161364,100.0
1460,1,39.17537854724157,39.17537854724157,100.0
1460,2,39.314045391144795,39.314045391144795,100.0
1470,0,22.69973187745157,22.69973187745157,100.0
1470,1,38.48745868996715,38.48745868996715,100.0
1470,2,38.81280943258128,38.81280943258128,100.0
1480,0,21.872932732441374,21.872932732441374,100.0
1480,1,43.4658749040187,43.4658749040187,100.0
1480,2,34.661192363539925,34.661192363539925,100.0
1490,0,25.213808610920395,25.213808610920395,100.0
1490,1,28.549244351188875,28.549244351188875,100.0
1490,2,46.23694703789073,46.23694703789073,100.0
1500,0,23.152789938774887,23.152789938774887,100.0
1500,1,27.43440918155114,27.43440918155114,100.0
1500,2,49.41280087967397,49.41280087967397,100.0
1510,0,23.89633125199587,23.89633125199587,100.0
1510,1,37.73566306292814,37.73566306292814,100.0
1510,2,38.368005685075985,38.368005685075985,100.0
1520,0,22.339932074335717,22.339932074335717,100.0
1520,1,27.543381550928387,27.543381550928387,100.0
1520,2,50.116686374735906,50.116686374735906,100.0
1530,0,24.858111220796964,24.858111220796964,100.0
1530,1,27.15123011865871,27.15123011865871,100.0
1530,2,47.99065866054433,47.99065866054433,100.0
1540,0,22.547158397068156,22.547158397068156,100.0
1540,1,36.29376137413819,36.29376137413819,100.0
1540,2,41.159080228793655,41.159080228793655,100.0
1550,0,23.53118258874004,23.53118258874004,100.0
1550,1,29.907774640038333,29.907774640038333,100.0
1550,2,46.56104277122163,46.56104277122163,100.0
1560,0,22.35980003952276,22.35980003952276,100.0
1560,1,34.91348505869888,34.91348505869888,100.0
1560,2,42.726714901778365,42.726714901778365,100.0
1570,0,22.949750622965166,22.949750622965166,100.0
1570,1,28.76275445508162,28.76275445508162,100.0
1570,2,48.28749492195321,48.28749492195321,100.0
1580,0,23.9120117541617,23.9120117541617,100.0
1580,1,28.445773786455103,28.445773786455103,100.0
1580,2,47.6422144593832,47.6422144593832,100.0
1590,0,23.428966448688527,23.428966448688527,100.0
1590,1,41.20359458013176,41.20359458013176,100.0
1590,2,35.36743897117971,35.36743897117971,100.0
1600,0,21.86657887174786,21.86657887174786,100.0
1600,1,42.834896040319066,42.834896040319066,100.0
1600,2,35.29852508793308,35.29852508793308,100.0
1610,0,23.621940662193495,23.621940662193495,100.0
1610,1,35.770816643929074,35.770816643929074,100.0
1610,2,40.60724269387743,40.60724269387743,100.0
1620,0,20.868907459120216,20.868907459120216,100.0
1620,1,37.9603593817864,37.9603593817864,100.0
1620,2,41.170733159093395,41.170733159093395,100.0
1630,0,23.01889239921034,23.01889239921034,100.0
1630,1,30.73668780700871,30.73668780700871,100.0
1630,2,46.244419793780956,46.244419793780956,100.0
1640,0,22.569760354801318,22.569760354801318,100.0
1640,1,35.09014806492352,35.09014806492352,100.0
1640,2,42.34009158027517,42.34009158027517,100.0
1650,0,23.80104068252508,23.80104068252508,100.0
1650,1,26.725277538438046,26.725277538438046,100.0
1650,2,49.47368177903687,49.47368177903687,100.0
1660,0,24.36840875647385,24.36840875647385,100.0
1660,1,29.583714008774653,29.583714008774653,100.0
1660,2,46.047877234751496,46.047877234751496,100.0
1670,0,23.07519108914697,23.07519108914697,100.0
1670,1,27.244170398739918,27.244170398739918,100.0
1670,2,49.68063851211311,49.68063851211311,100.0
1680,0,23.09034235353642,23.09034235353642,100.0
1680,1,38.22521021351261,38.22521021351261,100.0
1680,2,38.68444743295096,38.68444743295096,100.0
1690,0,20.855298458486374,20.855298458486374,100.0
1690,1,41.6143220653057,41.6143220653057,100.0
1690,2,37.53037947620793,37.53037947620793,100.0
1700,0,22.07858569660398,22.07858569660398,100.0
1700,1,38.74243623299943,38.74243623299943,100.0
1700,2,39.17897807039658,39.17897807039658,100.0
1710,0,23.49147260602772,23.49147260602772,100.0
1710,1,30.398798846533982,30.398798846533982,100.0
1710,2,46.1097285474383,46.1097285474383,100.0
1720,0,23.650700483243583,23.650700483243583,100.0
1720,1,28.479210946793227,28.479210946793227,100.0
1720,2,47.870088569963194,47.870088569963194,100.0
1730,0,22.366653782979224,22.366653782979224,100.0
1730,1,38.93187164260748,38.93187164260748,100.0
1730,2,38.70147457441329,38.70147457441329,100.0
1740,0,24.56522330411793,24.56522330411793,100.0
1740,1,26.46212792301192,26.46212792301192,100.0
1740,2,48.97264877287015,48.97264877287015,100.0
1750,0,24.006000975094345,24.006000975094345,100.0
1750,1,30.68915352932252,30.68915352932252,100.0
1750,2,45.30484549558313,45.30484549558313,100.0
1760,0,21.787759584741785,21.787759584741785,100.0
1760,1,37.394052094376256,37.394052094376256,100.0
1760,2,40.81818832088195,40.81818832088195,100.0
1770,0,22.788496202298052,22.788496202298052,100.0
1770,1,33.84520242364732,33.84520242364732,100.0
1770,2,43.36630137405463,43.36630137405463,100.0
1780,0,27.24965532076252,27.24965532076252,100.0
1780,1,26.408282833400136,26.408282833400136,100.0
1780,2,46.342061845837335,46.342061845837335,100.0
1790,0,25.56038543459166,25.56038543459166,100.0
1790,1,37.194459039033234,37.194459039033234,100.0
1790,2,37.24515552637511,37.24515552637511,100.0
1800,0,22.491880629773718,22.491880629773718,100.0
1800,1,40.66839753180276,40.66839753180276,100.0
1800,2,36.83972183842352,36.83972183842352,100.0
1810,0,26.028358689099313,26.028358689099313,100.0
1810,1,30.47950486705606,30.47950486705606,100.0
1810,2,43.49213644384463,43.49213644384463,100.0
1820,0,22.409993644804015,22.409993644804015,100.0
1820,1,40.597782870878504,40.597782870878504,100.0
1820,2,36.992223484317485,36.992223484317485,100.0
1830,0,23.69865043855663,23.69865043855663,100.0
1830,1,35.884717579516845,35.884717579516845,100.0
1830,2,40.41663198192652,40.41663198192652,100.0
1840,0,21.951761384099978,21.951761384099978,100.0
1840,1,32.7366005410213,32.7366005410213,100.0
1840,2,45.311638074878715,45.311638074878715,100.0
1850,0,24.852553970649964,24.852553970649964,100.0
1850,1,26.36236514254524,26.36236514254524,100.0
1850,2,48.78508088680479,48.78508088680479,100.0
1860,0,22.963486790973707,22.963486790973707,100.0
1860,1,44.520884310629505,44.520884310629505,100.0
1860,2,32.515628898396784,32.515628898396784,100.0
1870,0,23.715637566213715,23.715637566213715,100.0
1870,1,25.824871439700548,25.824871439700548,100.0
1870,2,50.45949099408573,50.45949099408573,100.0
1880,0,21.156201978525246,21.156201978525246,100.0
1880,1,41.71624837543221,41.71624837543221,100.0
1880,2,37.12754964604255,37.12754964604255,100.0
1890,0,23.81462500845425,23.81462500845425,100.0
1890,1,30.610326626828815,30.610326626828815,100.0
1890,2,45.57504836471694,45.57504836471694,100.0
1900,0,22.46467954226478,22.46467954226478,100.0
1900,1,41.46519988802052,41.46519988802052,100.0
1900,2,36.0701205697147,36.0701205697147,100.0
1910,0,22.424939004941855,22.424939004941855,100.0
1910,1,34.24729097203814,34.24729097203814,100.0
1910,2,43.327770023020015,43.327770023020015,100.0
1920,0,21.89082870436551,21.89082870436551,100.0
1920,1,32.768450562154314,32.768450562154314,100.0
1920,2,45.34072073348017,45.34072073348017,100.0
1930,0,25.349073534741308,25.349073534741308,100.0
1930,1,30.397588519776797,30.397588519776797,100.0
1930,2,44.25333794548189,44.25333794548189,100.0
1940,0,23.090201571292095,23.090201571292095,100.0
1940,1,28.25956723691821,28.25956723691821,100.0
1940,2,48.65023119178969,48.65023119178969,100.0
1950,0,23.398083191836616,23.398083191836616,100.0
1950,1,32.196982343113966,32.196982343113966,100.0
1950,2,44.404934465049415,44.404934465049415,100.0
1960,0,23.20709631253654,23.20709631253654,100.0
1960,1,30.853641888777044,30.853641888777044,100.0
1960,2,45.93926179868642,45.93926179868642,100.0
1970,0,22.200572502873364,22.200572502873364,100.0
1970,1,37.926577534184965,37.926577534184965,100.0
1970,2,39.87284996294167,39.87284996294167,100.0
1980,0,23.922954317179435,23.922954317179435,100.0
1980,1,31.190017450380964,31.190017450380964,100.0
1980,2,44.887028232439604,44.887028232439604,100.0
1990,0,21.222112284613786,21.222112284613786,100.0
1990,1,43.5741902313675,43.5741902313675,100.0
1990,2,35.20369748401871,35.20369748401871,100.0
2000,0,22.613103561760997,22.613103561760997,100.0
2000,1,39.622851744119316,39.622851744119316,100.0
2000,2,37.76404469411968,37.76404469411968,100.0
2010,0,20.883371473458258,20.883371473458258,100.0
2010,1,44.01640068424949,44.01640068424949,100.0
2010,2,35.100227842292256,35.100227842292256,100.0
2020,0,22.922332008555262,22.922332008555262,100.0
2020,1,32.38839787145375,32.38839787145375,100.0
2020,2,44.68927011999099,44.68927011999099,100.0
2030,0,22.34311752636021,22.34311752636021,100.0
2030,1,41.28343916653177,41.28343916653177,100.0
2030,2,36.373443307108026,36.373443307108026,100.0
2040,0,20.62576826015448,20.62576826015448,100.0
2040,1,42.07873650363423,42.07873650363423,100.0
2040,2,37.29549523621129,37.29549523621129,100.0
2050,0,24.51806984101878,24.51806984101878,100.0
2050,1,32.82490741148738,32.82490741148738,100.0
2050,2,42.65702274749383,42.65702274749383,100.0
2060,0,20.717404847216066,20.717404847216066,100.0
2060,1,44.541420203225435,44.541420203225435,100.0
2060,2,34.7411749495585,34.7411749495585,100.0
2070,0,23.669043616280373,23.669043616280373,100.0
2070,1,31.430877323017015,31.430877323017015,100.0
2070,2,44.900079060702616,44.900079060702616,100.0
2080,0,23.560527427309914,23.560527427309914,100.0
2080,1,33.32804510101578,33.32804510101578,100.0
2080,2,43.111427471674304,43.111427471674304,100.0
2090,0,23.56469800915023,23.56469800915023,100.0
2090,1,29.40870264488664,29.40870264488664,100.0
2090,2,47.02659934596312,47.02659934596312,100.0
2100,0,25.94028132107884,25.94028132107884,100.0
2100,1,30.43116841955442,30.43116841955442,100.0
2100,2,43.62855025936674,43.62855025936674,100.0
2110,0,21.48717615666141,21.48717615666141,100.0
2110,1,46.89633367017294,46.89633367017294,100.0
2110,2,31.616490173165644,31.616490173165644,100.0
2120,0,23.188710830783236,23.188710830783236,100.0
2120,1,26.475679892747184,26.475679892747184,100.0
2120,2,50.335609276469576,50.335609276469576,100.0
2130,0,22.56385558328447,22.56385558328447,100.0
2130,1,28.206634447028627,28.206634447028627,100.0
2130,2,49.2295099696869,49.2295099696869,100.0
2140,0,21.137101318786964,21.137101318786964,100.0
2140,1,43.119515699447426,43.119515699447426,100.0
2140,2,35.74338298176561,35.74338298176561,100.0
2150,0,21.37916251018218,21.37916251018218,100.0
2150,1,41.17797897205433,41.17797897205433,100.0
2150,2,37.44285851776349,37.44285851776349,100.0
2160,0,21.742848160188004,21.742848160188004,100.0
2160,1,34.93843433130739,34.93843433130739,100.0
2160,2,43.318717508504605,43.318717508504605,100.0
2170,0,22.867655852010973,22.867655852010973,100.0
2170,1,38.61896147287308,38.61896147287308,100.0
2170,2,38.51338267511594,38.51338267511594,100.0
2180,0,21.226993037283428,21.226993037283428,100.0
2180,1,38.74741315097482,38.74741315097482,100.0
2180,2,40.02559381174175,40.02559381174175,100.0
2190,0,20.39008953801834,20.39008953801834,100.0
2190,1,43.397779830989776,43.397779830989776,100.0
2190,2,36.21213063099188,36.21213063099188,100.0
2200,0,21.333051804536908,21.333051804536908,100.0
2200,1,43.91220143360027,43.91220143360027,100.0
2200,2,34.75474676186282,34.75474676186282,100.0
2210,0,25.33036295326208,25.33036295326208,100.0
2210,1,27.999825477391525,27.999825477391525,100.0
2210,2,46.66981156934639,46.66981156934639,100.0
2220,0,20.483252220045074,20.483252220045074,100.0
2220,1,41.550978927717686,41.550978927717686,100.0
2220,2,37.96576885223723,37.96576885223723,100.0
2230,0,22.230871877611953,22.230871877611953,100.0
2230,1,32.432497362293034,32.432497362293034,100.0
2230,2,45.33663076009501,45.33663076009501,100.0
2240,0,24.619594776622733,24.619594776622733,100.0
2240,1,31.413677539215808,31.413677539215808,100.0
2240,2,43.96672768416146,43.96672768416146,100.0
2250,0,25.900386338111975,25.900386338111975,100.0
2250,1,33.424265664445855,33.424265664445855,100.0
2250,2,40.67534799744217,40.67534799744217,100.0
2260,0,22.938998133639682,22.938998133639682,100.0
2260,1,31.18751891320785,31.18751891320785,100.0
2260,2,45.87348295315247,45.87348295315247,100.0
2270,0,26.841488430091726,26.841488430091726,100.0
2270,1,30.196300512529927,30.196300512529927,100.0
2270,2,42.96221105737835,42.96221105737835,100.0
2280,0,24.21795196035751,24.21795196035751,100.0
2280,1,29.086200031136716,29.086200031136716,100.0
2280,2,46.69584800850578,46.69584800850578,100.0
2290,0,22.663897593532052,22.663897593532052,100.0
2290,1,39.224083529652596,39.224083529652596,100.0
2290,2,38.112018876815355,38.112018876815355,100.0
2300,0,24.471791768143873,24.471791768143873,100.0
2300,1,26.51061212590794,26.51061212590794,100.0
2300,2,49.01759610594819,49.01759610594819,100.0
2310,0,25.421871446876242,25.421871446876242,100.0
2310,1,27.66709928381596,27.66709928381596,100.0
2310,2,46.9110292693078,46.9110292693078,100.0
2320,0,23.026580046177926,23.026580046177926,100.0
2320,1,32.42831023281344,32.42831023281344,100.0
2320,2,44.54510972100863,44.54510972100863,100.0
2330,0,21.801788401561353,21.801788401561353,100.0
2330,1,38.92893024846222,38.92893024846222,100.0
2330,2,39.269281349976424,39.269281349976424,100.0
2340,0,22.111370457104023,22.111370457104023,100.0
2340,1,36.797787254444856,36.797787254444856,100.0
2340,2,41.09084228845112,41.09084228845112,100.0
2350,0,21.82605765867822,21.82605765867822,100.0
2350,1,40.12242401430566,40.12242401430566,100.0
2350,2,38.05151832701612,38.05151832701612,100.0
2360,0,25.86456391641135,25.86456391641135,100.0
2360,1,35.03942289642617,35.03942289642617,100.0
2360,2,39.096013187162484,39.096013187162484,100.0
2370,0,23.17317678132414,23.17317678132414,100.0
2370,1,34.657483653522974,34.657483653522974,100.0
2370,2,42.16933956515289,42.16933956515289,100.0
2380,0,26.490037526756293,26.490037526756293,100.0
2380,1,31.062289375438123,31.062289375438123,100.0
2380,2,42.44767309780559,42.44767309780559,100.0
2390,0,21.341002029033547,21.341002029033547,100.0
2390,1,46.502736700874024,46.502736700874024,100.0
2390,2,32.15626127009243,32.15626127009243,100.0
2400,0,24.604266773977994,24.604266773977994,100.0
2400,1,35.419390403533235,35.419390403533235,100.0
2400,2,39.976342822488775,39.976342822488775,100.0
2410,0,21.58082919068208,21.58082919068208,100.0
2410,1,37.045805933128825,37.045805933128825,100.0
2410,2,41.373364876189086,41.373364876189086,100.0
2420,0,23.34453355379022,23.34453355379022,100.0
2420,1,41.1329047425781,41.1329047425781,100.0
2420,2,35.52256170363168,35.52256170363168,100.0
2430,0,25.61062433442467,25.61062433442467,100.0
2430,1,30.903842617082304,30.903842617082304,100.0
2430,2,43.485533048493025,43.485533048493025,100.0
2440,0,23.185824736147325,23.185824736147325,100.0
2440,1,34.4502983902298,34.4502983902298,100.0
2440,2,42.363876873622885,42.363876873622885,100.0
2450,0,24.87625903291833,24.87625903291833,100.0
2450,1,31.718245231978027,31.718245231978027,100.0
2450,2,43.40549573510364,43.40549573510364,100.0
2460,0,22.06100594178017,22.06100594178017,100.0
2460,1,41.14197762958369,41.14197762958369,100.0
2460,2,36.797016428636134,36.797016428636134,100.0
2470,0,21.38319550769852,21.38319550769852,100.0
2470,1,43.96909619985603,43.96909619985603,100.0
2470,2,34.64770829244545,34.64770829244545,100.0
2480,0,24.72416662326271,24.72416662326271,100.0
2480,1,27.034227259921405,27.034227259921405,100.0
2480,2,48.24160611681588,48.24160611681588,100.0
2490,0,21.85375104271055,21.85375104271055,100.0
2490,1,39.76969095228268,39.76969095228268,100.0
2490,2,38.376558005006764,38.376558005006764,100.0
2500,0,21.644109173324726,21.644109173324726,100.0
2500,1,36.72622060176893,36.72622060176893,100.0
2500,2,41.62967022490634,41.62967022490634,100.0
2510,0,24.419123593571566,24.419123593571566,100.0
2510,1,29.5673088643226,29.5673088643226,100.0
2510,2,46.01356754210583,46.01356754210583,100.0
2520,0,23.452374326496322,23.452374326496322,100.0
2520,1,33.234726496628966,33.234726496628966,100.0
2520,2,43.312899176874716,43.312899176874716,100.0
2530,0,24.282652954069274,24.282652954069274,100.0
2530,1,30.692481448859592,30.692481448859592,100.0
2530,2,45.024865597071134,45.024865597071134,100.0
2540,0,22.50720623845676,22.50720623845676,100.0
2540,1,35.05954030451414,35.05954030451414,100.0
2540,2,42.4332534570291,42.4332534570291,100.0
2550,0,24.857095472919557,24.857095472919557,100.0
2550,1,27.50341243840726,27.50341243840726,100.0
2550,2,47.63949208867318,47.63949208867318,100.0
2560,0,21.521157214123143,21.521157214123143,100.0
2560,1,39.32791787663431,39.32791787663431,100.0
2560,2,39.15092490924255,39.15092490924255,100.0
2570,0,22.98417058104659,22.98417058104659,100.0
2570,1,29.807475815800828,29.807475815800828,100.0
2570,2,47.20835360315259,47.20835360315259,100.0
2580,0,23.746898314036784,23.746898314036784,100.0
2580,1,40.77223140320316,40.77223140320316,100.0
2580,2,35.48087028276006,35.48087028276006,100.0
2590,0,21.714726530695998,21.714726530695998,100.0
2590,1,44.726116855951155,44.726116855951155,100.0
2590,2,33.55915661335285,33.55915661335285,100.0
2600,0,27.563023109819824,27.563023109819824,100.0
2600,1,31.740690050129665,31.740690050129665,100.0
2600,2,40.69628684005051,40.69628684005051,100.0
2610,0,20.931228396154207,20.931228396154207,100.0
2610,1,45.87046354838063,45.87046354838063,100.0
2610,2,33.19830805546516,33.19830805546516,100.0
2620,0,21.21637070081427,21.21637070081427,100.0
2620,1,39.90074444865414,39.90074444865414,100.0
2620,2,38.882884850531596,38.882884850531596,100.0
2630,0,21.895944725850757,21.895944725850757,100.0
2630,1,44.06924660043403,44.06924660043403,100.0
2630,2,34.034808673715204,34.034808673715204,100.0
2640,0,23.136110331931096,23.136110331931096,100.0
2640,1,27.11589624857822,27.11589624857822,100.0
2640,2,49.74799341949068,49.74799341949068,100.0
2650,0,25.775902745851393,25.775902745851393,100.0
2650,1,29.604655512496063,29.604655512496063,100.0
2650,2,44.619441741652544,44.619441741652544,100.0
2660,0,21.01377540072368,21.01377540072368,100.0
2660,1,40.20809862361931,40.20809862361931,100.0
2660,2,38.77812597565701,38.77812597565701,100.0
2670,0,22.839420539706044,22.839420539706044,100.0
2670,1,31.4988259540688,31.4988259540688,100.0
2670,2,45.66175350622516,45.66175350622516,100.0
2680,0,24.23491626799215,24.23491626799215,100.0
2680,1,28.046226542835818,28.046226542835818,100.0
2680,2,47.718857189172034,47.718857189172034,100.0
2690,0,22.00707730048777,22.00707730048777,100.0
2690,1,37.08543654625868,37.08543654625868,100.0
2690,2,40.90748615325355,40.90748615325355,100.0
2700,0,24.973598379782867,24.973598379782867,100.0
2700,1,27.71343620151156,27.71343620151156,100.0
2700,2,47.31296541870557,47.31296541870557,100.0
2710,0,21.41423353368957,21.41423353368957,100.0
2710,1,42.38412587848019,42.38412587848019,100.0
2710,2,36.20164058783025,36.20164058783025,100.0
2720,0,20.855993125998626,20.855993125998626,100.0
2720,1,39.70608275012446,39.70608275012446,100.0
2720,2,39.43792412387692,39.43792412387692,100.0
2730,0,22.599797274855543,22.599797274855543,100.0
2730,1,34.51472342562364,34.51472342562364,100.0
2730,2,42.88547929952081,42.88547929952081,100.0
2740,0,23.497352664040854,23.497352664040854,100.0
2740,1,31.70815269120958,31.70815269120958,100.0
2740,2,44.79449464474956,44.79449464474956,100.0
2750,0,21.885207439647672,21.885207439647672,100.0
2750,1,36.105713817748025,36.105713817748025,100.0
2750,2,42.0090787426043,42.0090787426043,100.0
2760,0,25.234817464376736,25.234817464376736,100.0
2760,1,26.32950882024417,26.32950882024417,100.0
2760,2,48.43567371537911,48.43567371537911,100.0
2770,0,22.298079298204634,22.298079298204634,100.0
2770,1,45.258581957084175,45.258581957084175,100.0
2770,2,32.44333874471119,32.44333874471119,100.0
2780,0,22.963787906386322,22.963787906386322,100.0
2780,1,32.57531194577399,32.57531194577399,100.0
2780,2,44.460900147839695,44.460900147839695,100.0
2790,0,22.57474657192713,22.57474657192713,100.0
2790,1,36.34069391161431,36.34069391161431,100.0
2790,2,41.08455951645856,41.08455951645856,100.0
2800,0,23.55313924613207,23.55313924613207,100.0
2800,1,31.12771691339725,31.12771691339725,100.0
2800,2,45.31914384047068,45.31914384047068,100.0
2810,0,21.17076145503619,21.17076145503619,100.0
2810,1,38.537369540311914,38.537369540311914,100.0
2810,2,40.29186900465191,40.29186900465191,100.0
2820,0,24.809859476168235,24.809859476168235,100.0
2820,1,26.267100404238896,26.267100404238896,100.0
2820,2,48.92304011959287,48.92304011959287,100.0
2830,0,23.84410016484995,23.84410016484995,100.0
2830,1,41.35967678107229,41.35967678107229,100.0
2830,2,34.79622305407777,34.79622305407777,100.0
2840,0,20.62735148114038,20.62735148114038,100.0
2840,1,42.52941797726577,42.52941797726577,100.0
2840,2,36.843230541593854,36.843230541593854,100.0
2850,0,23.433554218830782,23.433554218830782,100.0
2850,1,27.10300123204518,27.10300123204518,100.0
2850,2,49.463444549124034,49.463444549124034,100.0
2860,0,22.935152022326044,22.935152022326044,100.0
2860,1,33.22422250559205,33.22422250559205,100.0
2860,2,43.8406254720819,43.8406254720819,100.0
2870,0,23.55206183554957,23.55206183554957,100.0
2870,1,33.10311603251409,33.10311603251409,100.0
2870,2,43.34482213193633,43.34482213193633,100.0
2880,0,26.254775766010958,26.254775766010958,100.0
2880,1,31.417254414331243,31.417254414331243,100.0
2880,2,42.3279698196578,42.3279698196578,100.0
2890,0,23.726701316281122,23.726701316281122,100.0
2890,1,30.74547826139944,30.74547826139944,100.0
2890,2,45.527820422319444,45.527820422319444,100.0
2900,0,23.66156006603994,23.66156006603994,100.0
2900,1,32.859375688916735,32.859375688916735,100.0
2900,2,43.47906424504333,43.47906424504333,100.0
2910,0,25.66214372031786,25.66214372031786,100.0
2910,1,31.21619274805541,31.21619274805541,100.0
2910,2,43.12166353162672,43.12166353162672,100.0
2920,0,20.688499551786016,20.688499551786016,100.0
2920,1,45.0197028694155,45.0197028694155,100.0
2920,2,34.29179757879849,34.29179757879849,100.0
2930,0,23.647457115551536,23.647457115551536,100.0
2930,1,32.03200758077984,32.03200758077984,100.0
2930,2,44.32053530366863,44.32053530366863,100.0
2940,0,21.704445716672616,21.704445716672616,100.0
2940,1,46.60533086092125,46.60533086092125,100.0
2940,2,31.690223422406135,31.690223422406135,100.0
2950,0,23.946908630441705,23.946908630441705,100.0
2950,1,33.31626021208762,33.31626021208762,100.0
2950,2,42.736831157470675,42.736831157470675,100.0
2960,0,22.969455738843347,22.969455738843347,100.0
2960,1,35.643616945190104,35.643616945190104,100.0
2960,2,41.386927315966545,41.386927315966545,100.0
2970,0,23.543181505629693,23.543181505629693,100.0
2970,1,26.888220172642196,26.888220172642196,100.0
2970,2,49.56859832172811,49.56859832172811,100.0
2980,0,22.4950208608538,22.4950208608538,100.0
2980,1,44.059169380152916,44.059169380152916,100.0
2980,2,33.445809758993285,33.445809758993285,100.0
2990,0,22.974045568841344,22.974045568841344,100.0
2990,1,27.022263326604477,27.022263326604477,100.0
2990,2,50.00369110455418,50.00369110455418,100.0
3000,0,21.862452690158047,21.862452690158047,100.0
3000,1,42.07301679761151,42.07301679761151,100.0
3000,2,36.06453051223044,36.06453051223044,100.0
3010,0,22.576097311381872,22.576097311381872,100.0
3010,1,36.49310143173325,36.49310143173325,100.0
3010,2,40.93080125688488,40.93080125688488,100.0
3020,0,20.729633381317562,20.729633381317562,100.0
3020,1,46.08541969346685,46.08541969346685,100.0
3020,2,33.18494692521559,33.18494692521559,100.0
3030,0,22.526259287394254,22.526259287394254,100.0
3030,1,37.52357692749989,37.52357692749989,100.0
3030,2,39.95016378510586,39.95016378510586,100.0
3040,0,23.33843596697296,23.33843596697296,100.0
3040,1,34.9371050027411,34.9371050027411,100.0
3040,2,41.72445903028595,41.72445903028595,100.0
3050,0,22.091395925743697,22.091395925743697,100.0
3050,1,33.235114578200985,33.235114578200985,100.0
3050,2,44.67348949605532,44.67348949605532,100.0
3060,0,24.45469552504498,24.45469552504498,100.0
3060,1,28.07016545229761,28.07016545229761,100.0
3060,2,47.47513902265742,47.47513902265742,100.0
3070,0,22.76674087990063,22.76674087990063,100.0
3070,1,33.51797566571758,33.51797566571758,100.0
3070,2,43.71528345438179,43.71528345438179,100.0
3080,0,23.161648089852505,23.161648089852505,100.0
3080,1,33.190974037458176,33.190974037458176,100.0
3080,2,43.64737787268932,43.64737787268932,100.0
3090,0,20.65886553713187,20.65886553713187,100.0
3090,1,42.99867579110188,42.99867579110188,100.0
3090,2,36.34245867176625,36.34245867176625,100.0
3100,0,20.598935137637977,20.598935137637977,100.0
3100,1,41.227525492871884,41.227525492871884,100.0
3100,2,38.173539369490136,38.173539369490136,100.0
3110,0,24.7701017979928,24.7701017979928,100.0
3110,1,28.818044577605928,28.818044577605928,100.0
3110,2,46.411853624401274,46.411853624401274,100.0
3120,0,22.528806648070056,22.528806648070056,100.0
3120,1,38.57304845816406,38.57304845816406,100.0
3120,2,38.89814489376588,38.89814489376588,100.0
3130,0,22.743313172827172,22.743313172827172,100.0
3130,1,30.023747026923527,30.023747026923527,100.0
3130,2,47.232939800249305,47.232939800249305,100.0
3140,0,23.576146187090423,23.576146187090423,100.0
3140,1,31.172506218662267,31.172506218662267,100.0
3140,2,45.25134759424731,45.25134759424731,100.0
3150,0,21.084416930822332,21.084416930822332,100.0
3150,1,42.15343926283231,42.15343926283231,100.0
3150,2,36.76214380634536,36.76214380634536,100.0
3160,0,22.683333131646336,22.683333131646336,100.0
3160,1,41.30144406071486,41.30144406071486,100.0
3160,2,36.015222807638814,36.015222807638814,100.0
3170,0,21.382470369917765,21.382470369917765,100.0
3170,1,38.23923722150654,38.23923722150654,100.0
3170,2,40.378292408575696,40.378292408575696,100.0
3180,0,21.961778018289614,21.961778018289614,100.0
3180,1,33.82484698343317,33.82484698343317,100.0
3180,2,44.213374998277224,44.213374998277224,100.0
3190,0,21.663706114433953,21.663706114433953,100.0
3190,1,42.06937557824406,42.06937557824406,100.0
3190,2,36.266918307321994,36.266918307321994,100.0
3200,0,23.460075081250288,23.460075081250288,100.0
3200,1,28.663036913000152,28.663036913000152,100.0
3200,2,47.876888005749564,47.876888005749564,100.0
3210,0,23.821856412549323,23.821856412549323,100.0
3210,1,29.236952233369607,29.236952233369607,100.0
3210,2,46.94119135408107,46.94119135408107,100.0
3220,0,23.298314174144362,23.298314174144362,100.0
3220,1,40.35638353169332,40.35638353169332,100.0
3220,2,36.345302294162316,36.345302294162316,100.0
3230,0,22.58435825304057,22.58435825304057,100.0
3230,1,42.787908277098,42.787908277098,100.0
3230,2,34.62773346986143,34.62773346986143,100.0
3240,0,22.07164935578885,22.07164935578885,100.0
3240,1,33.16408235933926,33.16408235933926,100.0
3240,2,44.76426828487188,44.76426828487188,100.0
3250,0,23.982782233760545,23.982782233760545,100.0
3250,1,28.715169771593207,28.715169771593207,100.0
3250,2,47.302047994646244,47.302047994646244,100.0
3260,0,20.825582662198062,20.825582662198062,100.0
3260,1,40.391572867745175,40.391572867745175,100.0
3260,2,38.78284447005676,38.78284447005676,100.0
3270,0,21.78527382483143,21.78527382483143,100.0
3270,1,44.51128985379727,44.51128985379727,100.0
3270,2,33.70343632137129,33.70343632137129,100.0
3280,0,21.096685408262356,21.096685408262356,100.0
3280,1,41.29955196008633,41.29955196008633,100.0
3280,2,37.60376263165131,37.60376263165131,100.0
3290,0,23.14163124597907,23.14163124597907,100.0
3290,1,28.79999282611014,28.79999282611014,100.0
3290,2,48.05837592791079,48.05837592791079,100.0
3300,0,23.74531908382825,23.74531908382825,100.0
3300,1,31.22402195457581,31.22402195457581,100.0
3300,2,45.03065896159595,45.03065896159595,100.0
3310,0,22.253152910225673,22.253152910225673,100.0
3310,1,42.156319460979105,42.156319460979105,100.0
3310,2,35.59052762879522,35.59052762879522,100.0
3320,0,23.041232150604802,23.041232150604802,100.0
3320,1,30.46528581778703,30.46528581778703,100.0
3320,2,46.49348203160816,46.49348203160816,100.0
3330,0,23.543557128406263,23.543557128406263,100.0
3330,1,37.194720063390044,37.194720063390044,100.0
3330,2,39.2617228082037,39.2617228082037,100.0
3340,0,22.96534821302223,22.96534821302223,100.0
3340,1,28.56683231909074,28.56683231909074,100.0
3340,2,48.467819467887026,48.467819467887026,100.0
3350,0,20.896520152736432,20.896520152736432,100.0
3350,1,42.55645479666863,42.55645479666863,100.0
3350,2,36.54702505059493,36.54702505059493,100.0
3360,0,22.430823491587688,22.430823491587688,100.0
3360,1,30.375733223371554,30.375733223371554,100.0
3360,2,47.19344328504075,47.19344328504075,100.0
3370,0,25.137764728265637,25.137764728265637,100.0
3370,1,27.64170361061582,27.64170361061582,100.0
3370,2,47.22053166111854,47.22053166111854,100.0
3380,0,22.762567686795986,22.762567686795986,100.0
3380,1,29.8875627191359,29.8875627191359,100.0
3380,2,47.34986959406811,47.34986959406811,100.0
3390,0,25.442121425968644,25.442121425968644,100.0
3390,1,28.699040695640726,28.699040695640726,100.0
3390,2,45.85883787839064,45.85883787839064,100.0
3400,0,24.820763950412857,24.820763950412857,100.0
3400,1,30.52358784931449,30.52358784931449,100.0
3400,2,44.65564820027265,44.65564820027265,100.0
3410,0,21.906279298557305,21.906279298557305,100.0
3410,1,46.48619394387812,46.48619394387812,100.0
3410,2,31.607526757564575,31.607526757564575,100.0
3420,0,20.09872642368086,20.09872642368086,100.0
3420,1,43.81356826016112,43.81356826016112,100.0
3420,2,36.08770531615802,36.08770531615802,100.0
3430,0,20.952674350233007,20.952674350233007,100.0
3430,1,42.51126268365817,42.51126268365817,100.0
3430,2,36.53606296610883,36.53606296610883,100.0
3440,0,26.527272207576463,26.527272207576463,100.0
3440,1,31.29590593653122,31.29590593653122,100.0
3440,2,42.176821855892314,42.176821855892314,100.0
3450,0,21.88664777329058,21.88664777329058,100.0
3450,1,36.24301636665176,36.24301636665176,100.0
3450,2,41.870335860057665,41.870335860057665,100.0
3460,0,22.48876109917267,22.48876109917267,100.0
3460,1,41.35357147487119,41.35357147487119,100.0
3460,2,36.15766742595614,36.15766742595614,100.0
3470,0,23.977751679955222,23.977751679955222,100.0
3470,1,29.459239220431936,29.459239220431936,100.0
3470,2,46.563009099612835,46.563009099612835,100.0
3480,0,21.483876312814612,21.483876312814612,100.0
3480,1,43.887337514015485,43.887337514015485,100.0
3480,2,34.628786173169914,34.628786173169914,100.0
3490,0,23.37600902396589,23.37600902396589,100.0
3490,1,38.7363890635004,38.7363890635004,100.0
3490,2,37.88760191253371,37.88760191253371,100.0
3500,0,22.129084225479147,22.129084225479147,100.0
3500,1,42.72778703933341,42.72778703933341,100.0
3500,2,35.143128735187446,35.143128735187446,100.0
3510,0,22.053046800464237,22.053046800464237,100.0
3510,1,42.3565536964925,42.3565536964925,100.0
3510,2,35.590399503043265,35.590399503043265,100.0
3520,0,20.725061206717566,20.725061206717566,100.0
3520,1,41.442940066525416,41.442940066525416,100.0
3520,2,37.83199872675702,37.83199872675702,100.0
3530,0,26.81480369213145,26.81480369213145,100.0
3530,1,29.538274388856074,29.538274388856074,100.0
3530,2,43.646921919012485,43.646921919012485,100.0
3540,0,23.18741327293553,23.18741327293553,100.0
3540,1,32.61466497450656,32.61466497450656,100.0
3540,2,44.1979217525579,44.1979217525579,100.0
3550,0,23.161406803387074,23.161406803387074,100.0
3550,1,26.567270594472102,26.567270594472102,100.0
3550,2,50.27132260214082,50.27132260214082,100.0
3560,0,23.148695501607456,23.148695501607456,100.0
3560,1,42.28907745128756,42.28907745128756,100.0
3560,2,34.56222704710499,34.56222704710499,100.0
3570,0,21.153457747856272,21.153457747856272,100.0
3570,1,41.48531252454662,41.48531252454662,100.0
3570,2,37.3612297275971,37.3612297275971,100.0
3580,0,25.452330025001384,25.452330025001384,100.0
3580,1,32.27996024712762,32.27996024712762,100.0
3580,2,42.26770972787099,42.26770972787099,100.0
3590,0,22.91923787607467,22.91923787607467,100.0
3590,1,36.86620994904985,36.86620994904985,100.0
3590,2,40.214552174875465,40.214552174875465,100.0
3600,0,23.117468922281667,23.117468922281667,100.0
3600,1,39.48698158422837,39.48698158422837,100.0
3600,2,37.395549493489966,37.395549493489966,100.0
3610,0,22.073709998752427,22.073709998752427,100.0
3610,1,42.20494128261404,42.20494128261404,100.0
3610,2,35.721348718633536,35.721348718633536,100.0
3620,0,23.24142225223239,23.24142225223239,100.0
3620,1,34.53315751666411,34.53315751666411,100.0
3620,2,42.22542023110349,42.22542023110349,100.0
3630,0,21.565864461654854,21.565864461654854,100.0
3630,1,35.08182546489893,35.08182546489893,100.0
3630,2,43.35231007344621,43.35231007344621,100.0
3640,0,29.600772593304868,29.600772593304868,100.0
3640,1,32.68353585071206,32.68353585071206,100.0
3640,2,37.715691555983064,37.715691555983064,100.0
3650,0,21.433602887925467,21.433602887925467,100.0
3650,1,39.53912396164139,39.53912396164139,100.0
3650,2,39.027273150433146,39.027273150433146,100.0
3660,0,21.84592901719592,21.84592901719592,100.0
3660,1,40.67135325590362,40.67135325590362,100.0
3660,2,37.48271772690046,37.48271772690046,100.0
3670,0,22.694247933616975,22.694247933616975,100.0
3670,1,30.934904058632952,30.934904058632952,100.0
3670,2,46.37084800775008,46.37084800775008,100.0
3680,0,24.40862990646221,24.40862990646221,100.0
3680,1,32.51231009431218,32.51231009431218,100.0
3680,2,43.079059999225606,43.079059999225606,100.0
3690,0,24.14620283385604,24.14620283385604,100.0
3690,1,34.39283649849655,34.39283649849655,100.0
3690,2,41.46096066764741,41.46096066764741,100.0
3700,0,26.926457001828684,26.926457001828684,100.0
3700,1,37.24400103568478,37.24400103568478,100.0
3700,2,35.82954196248653,35.82954196248653,100.0
3710,0,23.467904831830545,23.467904831830545,100.0
3710,1,29.11771852948406,29.11771852948406,100.0
3710,2,47.4143766386854,47.4143766386854,100.0
3720,0,24.511717178657452,24.511717178657452,100.0
3720,1,30.884960147258404,30.884960147258404,100.0
3720,2,44.60332267408415,44.60332267408415,100.0
3730,0,25.840543947226585,25.840543947226585,100.0
3730,1,30.315514653400232,30.315514653400232,100.0
3730,2,43.84394139937318,43.84394139937318,100.0
3740,0,20.88003229896167,20.88003229896167,100.0
3740,1,44.489447130463525,44.489447130463525,100.0
3740,2,34.63052057057481,34.63052057057481,100.0
3750,0,23.08775855175813,23.08775855175813,100.0
3750,1,37.1845443479359,37.1845443479359,100.0
3750,2,39.72769710030597,39.72769710030597,100.0
3760,0,22.307299951220386,22.307299951220386,100.0
3760,1,28.9961676168152,28.9961676168152,100.0
3760,2,48.69653243196442,48.69653243196442,100.0
3770,0,23.917637440463242,23.917637440463242,100.0
3770,1,34.36320274642232,34.36320274642232,100.0
3770,2,41.719159813114445,41.719159813114445,100.0
3780,0,21.962012716404622,21.962012716404622,100.0
3780,1,30.59112359598911,30.59112359598911,100.0
3780,2,47.44686368760627,47.44686368760627,100.0
3790,0,25.10079613785252,25.10079613785252,100.0
3790,1,38.0518479542588,38.0518479542588,100.0
3790,2,36.8473559078887,36.8473559078887,100.0
3800,0,26.413876715456553,26.413876715456553,100.0
3800,1,31.40097791975084,31.40097791975084,100.0
3800,2,42.18514536479261,42.18514536479261,100.0
3810,0,26.91629717051802,26.91629717051802,100.0
3810,1,29.13788027100245,29.13788027100245,100.0
3810,2,43.94582255847952,43.94582255847952,100.0
3820,0,22.51844726412836,22.51844726412836,100.0
3820,1,38.84829836795633,38.84829836795633,100.0
3820,2,38.633254367915306,38.633254367915306,100.0
3830,0,21.641633363884498,21.641633363884498,100.0
3830,1,40.86344625191152,40.86344625191152,100.0
3830,2,37.494920384203986,37.494920384203986,100.0
3840,0,22.5701172134464,22.5701172134464,100.0
3840,1,30.8340124548239,30.8340124548239,100.0
3840,2,46.59587033172969,46.59587033172969,100.0
3850,0,21.927077542657603,21.927077542657603,100.0
3850,1,40.20536201883898,40.20536201883898,100.0
3850,2,37.86756043850341,37.86756043850341,100.0
3860,0,24.14972986294701,24.14972986294701,100.0
3860,1,27.72518432685204,27.72518432685204,100.0
3860,2,48.12508581020094,48.12508581020094,100.0
3870,0,23.82784893179962,23.82784893179962,100.0
3870,1,28.59752161075455,28.59752161075455,100.0
3870,2,47.57462945744583,47.57462945744583,100.0
3880,0,22.938805041967946,22.938805041967946,100.0
3880,1,37.44728603180374,37.44728603180374,100.0
3880,2,39.61390892622832,39.61390892622832,100.0
3890,0,22.402771777153365,22.402771777153365,100.0
3890,1,33.700305306782596,33.700305306782596,100.0
3890,2,43.896922916064035,43.896922916064035,100.0
3900,0,23.244250522868942,23.244250522868942,100.0
3900,1,31.379715852368488,31.379715852368488,100.0
3900,2,45.37603362476258,45.37603362476258,100.0
3910,0,24.87647066342025,24.87647066342025,100.0
3910,1,36.112259223683495,36.112259223683495,100.0
3910,2,39.011270112896256,39.011270112896256,100.0
3920,0,23.902734059583008,23.902734059583008,100.0
3920,1,27.367958447078166,27.367958447078166,100.0
3920,2,48.72930749333882,48.72930749333882,100.0
3930,0,23.144274247172806,23.144274247172806,100.0
3930,1,27.216731136031203,27.216731136031203,100.0
3930,2,49.638994616796,49.638994616796,100.0
3940,0,24.055368960969545,24.055368960969545,100.0
3940,1,30.14295938998955,30.14295938998955,100.0
3940,2,45.80167164904091,45.80167164904091,100.0
3950,0,21.647664669936287,21.647664669936287,100.0
3950,1,43.16711057070554,43.16711057070554,100.0
3950,2,35.185224759358185,35.185224759358185,100.0
3960,0,21.445790150698112,21.445790150698112,100.0
3960,1,36.23535582422239,36.23535582422239,100.0
3960,2,42.3188540250795,42.3188540250795,100.0
3970,0,23.77279439384219,23.77279439384219,100.0
3970,1,34.47150280640061,34.47150280640061,100.0
3970,2,41.7557027997572,41.7557027997572,100.0
3980,0,25.758507826414366,25.758507826414366,100.0
3980,1,26.634772367345406,26.634772367345406,100.0
3980,2,47.60671980624023,47.60671980624023,100.0
3990,0,22.22772511969105,22.22772511969105,100.0
3990,1,33.67231997415573,33.67231997415573,100.0
3990,2,44.09995490615322,44.09995490615322,100.0
4000,0,21.843068227937163,21.843068227937163,100.0
4000,1,45.1611605930006,45.1611605930006,100.0
4000,2,32.995771179062245,32.995771179062245,100.0
4010,0,21.782680197583154,21.782680197583154,100.0
4010,1,37.16040270735751,37.16040270735751,100.0
4010,2,41.05691709505934,41.05691709505934,100.0
4020,0,23.83052194828116,23.83052194828116,100.0
4020,1,31.086617210527667,31.086617210527667,100.0
4020,2,45.08286084119118,45.08286084119118,100.0
4030,0,22.75158306210841,22.75158306210841,100.0
4030,1,46.58022846902328,46.58022846902328,100.0
4030,2,30.66818846886831,30.66818846886831,100.0
4040,0,20.52628824470552,20.52628824470552,100.0
4040,1,41.562552471857664,41.562552471857664,100.0
4040,2,37.911159283436824,37.911159283436824,100.0
4050,0,21.215859791249443,21.215859791249443,100.0
4050,1,37.26112254475075,37.26112254475075,100.0
4050,2,41.52301766399981,41.52301766399981,100.0
4060,0,21.62431908210609,21.62431908210609,100.0
4060,1,37.18801102767749,37.18801102767749,100.0
4060,2,41.18766989021642,41.18766989021642,100.0
4070,0,22.696218304244045,22.696218304244045,100.0
4070,1,35.266053639104896,35.266053639104896,100.0
4070,2,42.037728056651055,42.037728056651055,100.0
4080,0,24.09922297533919,24.09922297533919,100.0
4080,1,26.861095948662992,26.861095948662992,100.0
4080,2,49.03968107599782,49.03968107599782,100.0
4090,0,23.908396634103703,23.908396634103703,100.0
4090,1,32.46348283138235,32.46348283138235,100.0
4090,2,43.62812053451394,43.62812053451394,100.0
4100,0,24.926208604708386,24.926208604708386,100.0
4100,1,30.10767054162848,30.10767054162848,100.0
4100,2,44.96612085366314,44.96612085366314,100.0
4110,0,27.072139457502175,27.072139457502175,100.0
4110,1,32.98865530086934,32.98865530086934,100.0
4110,2,39.939205241628486,39.939205241628486,100.0
4120,0,22.446859379380722,22.446859379380722,100.0
4120,1,34.381460430984546,34.381460430984546,100.0
4120,2,43.17168018963473,43.17168018963473,100.0
4130,0,23.710996413982716,23.710996413982716,100.0
4130,1,27.868874039832427,27.868874039832427,100.0
4130,2,48.42012954618486,48.42012954618486,100.0
4140,0,22.704893330482427,22.704893330482427,100.0
4140,1,36.60984235907099,36.60984235907099,100.0
4140,2,40.685264310446584,40.685264310446584,100.0
4150,0,22.804244795727115,22.804244795727115,100.0
4150,1,32.122727206483596,32.122727206483596,100.0
4150,2,45.073027997789296,45.073027997789296,100.0
4160,0,24.887556012035077,24.887556012035077,100.0
4160,1,27.28792445652975,27.28792445652975,100.0
4160,2,47.82451953143518,47.82451953143518,100.0
4170,0,28.58348675951376,28.58348675951376,100.0
4170,1,26.803600995809866,26.803600995809866,100.0
4170,2,44.61291224467637,44.61291224467637,100.0
4180,0,23.037822239738308,23.037822239738308,100.0
4180,1,26.316411769601615,26.316411769601615,100.0
4180,2,50.645765990660074,50.645765990660074,100.0
4190,0,23.880608936785244,23.880608936785244,100.0
4190,1,40.12663210119701,40.12663210119701,100.0
4190,2,35.992758962017746,35.992758962017746,100.0
4200,0,22.218808929447817,22.218808929447817,100.0
4200,1,37.40485454399079,37.40485454399079,100.0
4200,2,40.376336526561396,40.376336526561396,100.0
4210,0,23.724718213206618,23.724718213206618,100.0
4210,1,30.157193039173364,30.157193039173364,100.0
4210,2,46.118088747620014,46.118088747620014,100.0
4220,0,21.18665470993971,21.18665470993971,100.0
4220,1,44.80749123495405,44.80749123495405,100.0
4220,2,34.00585405510624,34.00585405510624,100.0
4230,0,23.444668318930944,23.444668318930944,100.0
4230,1,27.413680892253854,27.413680892253854,100.0
4230,2,49.1416507888152,49.1416507888152,100.0
4240,0,21.63190240364937,21.63190240364937,100.0
4240,1,36.04932462723451,36.04932462723451,100.0
4240,2,42.31877296911611,42.31877296911611,100.0
4250,0,22.141257670151095,22.141257670151095,100.0
4250,1,40.982335414477085,40.982335414477085,100.0
4250,2,36.876406915371824,36.876406915371824,100.0
4260,0,23.11415654707436,23.11415654707436,100.0
4260,1,38.89817904402654,38.89817904402654,100.0
4260,2,37.9876644088991,37.9876644088991,100.0
4270,0,23.22487383185958,23.22487383185958,100.0
4270,1,28.90378301546237,28.90378301546237,100.0
4270,2,47.87134315267805,47.87134315267805,100.0
4280,0,23.650367247158364,23.650367247158364,100.0
4280,1,34.76599453864133,34.76599453864133,100.0
4280,2,41.583638214200306,41.583638214200306,100.0
4290,0,22.83545442216092,22.83545442216092,100.0
4290,1,48.97652651193427,48.97652651193427,100.0
4290,2,28.18801906590481,28.18801906590481,100.0
4300,0,23.990250725525325,23.990250725525325,100.0
4300,1,31.700890875866115,31.700890875866115,100.0
4300,2,44.30885839860856,44.30885839860856,100.0
4310,0,23.76327448518327,23.76327448518327,100.0
4310,1,29.505819997731138,29.505819997731138,100.0
4310,2,46.7309055170856,46.7309055170856,100.0
4320,0,23.622523359469778,23.622523359469778,100.0
4320,1,40.98442579569218,40.98442579569218,100.0
4320,2,35.39305084483804,35.39305084483804,100.0
4330,0,23.234007067728456,23.234007067728456,100.0
4330,1,27.161645253556877,27.161645253556877,100.0
4330,2,49.604347678714674,49.604347678714674,100.0
4340,0,25.08616139670924,25.08616139670924,100.0
4340,1,26.508116364483037,26.508116364483037,100.0
4340,2,48.40572223880772,48.40572223880772,100.0
4350,0,21.51958706842756,21.51958706842756,100.0
4350,1,43.076059213517894,43.076059213517894,100.0
4350,2,35.40435371805455,35.40435371805455,100.0
4360,0,22.856247539721718,22.856247539721718,100.0
4360,1,30.22867670412533,30.22867670412533,100.0
4360,2,46.91507575615296,46.91507575615296,100.0
4370,0,24.636299022249112,24.636299022249112,100.0
4370,1,26.70473272936689,26.70473272936689,100.0
4370,2,48.65896824838401,48.65896824838401,100.0
4380,0,24.017441445960415,24.017441445960415,100.0
4380,1,35.37542473341407,35.37542473341407,100.0
4380,2,40.60713382062552,40.60713382062552,100.0
4390,0,24.326179170363393,24.326179170363393,100.0
4390,1,27.110782261675887,27.110782261675887,100.0
4390,2,48.56303856796072,48.56303856796072,100.0
4400,0,20.70012378953913,20.70012378953913,100.0
4400,1,42.8894197959851,42.8894197959851,100.0
4400,2,36.410456414475775,36.410456414475775,100.0
4410,0,22.914481446444128,22.914481446444128,100.0
4410,1,31.930296331871983,31.930296331871983,100.0
4410,2,45.155222221683886,45.155222221683886,100.0
4420,0,24.629674061971535,24.629674061971535,100.0
4420,1,29.28479894703118,29.28479894703118,100.0
4420,2,46.08552699099728,46.08552699099728,100.0
4430,0,23.55848597841709,23.55848597841709,100.0
4430,1,27.766482710394325,27.766482710394325,100.0
4430,2,48.67503131118859,48.67503131118859,100.0
4440,0,23.343217098612147,23.343217098612147,100.0
4440,1,42.06684563595399,42.06684563595399,100.0
4440,2,34.58993726543386,34.58993726543386,100.0
4450,0,22.095309788030292,22.095309788030292,100.0
4450,1,28.696046715757962,28.696046715757962,100.0
4450,2,49.20864349621175,49.20864349621175,100.0
4460,0,21.941809914418283,21.941809914418283,100.0
4460,1,36.756442077333936,36.756442077333936,100.0
4460,2,41.30174800824779,41.30174800824779,100.0
4470,0,25.084687852488706,25.084687852488706,100.0
4470,1,33.400692254631736,33.400692254631736,100.0
4470,2,41.51461989287956,41.51461989287956,100.0
4480,0,23.363490351881023,23.363490351881023,100.0
4480,1,30.305814586557705,30.305814586557705,100.0
4480,2,46.330695061561265,46.330695061561265,100.0
4490,0,22.999805060160543,22.999805060160543,100.0
4490,1,31.687899269242436,31.687899269242436,100.0
4490,2,45.31229567059702,45.31229567059702,100.0
4500,0,22.049495390688094,22.049495390688094,100.0
4500,1,33.75035840240114,33.75035840240114,100.0
4500,2,44.200146206910766,44.200146206910766,100.0
4510,0,23.537491357972673,23.537491357972673,100.0
4510,1,32.19240340455407,32.19240340455407,100.0
4510,2,44.27010523747326,44.27010523747326,100.0
4520,0,20.827000633717603,20.827000633717603,100.0
4520,1,42.22999957425333,42.22999957425333,100.0
4520,2,36.94299979202907,36.94299979202907,100.0
4530,0,25.956515852271465,25.956515852271465,100.0
4530,1,27.356896662704784,27.356896662704784,100.0
4530,2,46.68658748502376,46.68658748502376,100.0
4540,0,26.859927633119284,26.859927633119284,100.0
4540,1,25.653796936688344,25.653796936688344,100.0
4540,2,47.486275430192364,47.486275430192364,100.0
4550,0,21.939710818146967,21.939710818146967,100.0
4550,1,33.38703550633909,33.38703550633909,100.0
4550,2,44.67325367551395,44.67325367551395,100.0
4560,0,22.61296612364987,22.61296612364987,100.0
4560,1,34.2693131797528,34.2693131797528,100.0
4560,2,43.11772069659733,43.11772069659733,100.0
4570,0,22.151941788761537,22.151941788761537,100.0
4570,1,34.104050468825,34.104050468825,100.0
4570,2,43.74400774241346,43.74400774241346,100.0
4580,0,23.374940940643928,23.374940940643928,100.0
4580,1,28.663424058169753,28.663424058169753,100.0
4580,2,47.96163500118632,47.96163500118632,100.0
4590,0,23.80087431179249,23.80087431179249,100.0
4590,1,36.295969762485434,36.295969762485434,100.0
4590,2,39.903155925722075,39.903155925722075,100.0
4600,0,25.327415161582778,25.327415161582778,100.0
4600,1,32.44593988881368,32.44593988881368,100.0
4600,2,42.22664494960354,42.22664494960354,100.0
4610,0,27.35192640378668,27.35192640378668,100.0
4610,1,28.15864359046012,28.15864359046012,100.0
4610,2,44.4894300057532,44.4894300057532,100.0
4620,0,23.93278855107564,23.93278855107564,100.0
4620,1,43.597248037748884,43.597248037748884,100.0
4620,2,32.469963411175485,32.469963411175485,100.0
4630,0,22.15050638904918,22.15050638904918,100.0
4630,1,35.84722201377557,35.84722201377557,100.0
4630,2,42.002271597175245,42.002271597175245,100.0
4640,0,23.74252350813863,23.74252350813863,100.0
4640,1,31.055588440772848,31.055588440772848,100.0
4640,2,45.20188805108852,45.20188805108852,100.0
4650,0,21.759961773133483,21.759961773133483,100.0
4650,1,34.42679421796383,34.42679421796383,100.0
4650,2,43.81324400890269,43.81324400890269,100.0
4660,0,24.868530401902984,24.868530401902984,100.0
4660,1,26.376317978927823,26.376317978927823,100.0
4660,2,48.75515161916919,48.75515161916919,100.0
4670,0,23.510706505651743,23.510706505651743,100.0
4670,1,43.869129498150976,43.869129498150976,100.0
4670,2,32.620163996197284,32.620163996197284,100.0
4680,0,21.919267873354983,21.919267873354983,100.0
4680,1,40.548571762863496,40.548571762863496,100.0
4680,2,37.53216036378153,37.53216036378153,100.0
4690,0,24.47642653301575,24.47642653301575,100.0
4690,1,38.09894920187564,38.09894920187564,100.0
4690,2,37.424624265108605,37.424624265108605,100.0
4700,0,23.58533738796511,23.58533738796511,100.0
4700,1,31.3625010354722,31.3625010354722,100.0
4700,2,45.05216157656269,45.05216157656269,100.0
4710,0,23.624503342950064,23.624503342950064,100.0
4710,1,30.11538016626903,30.11538016626903,100.0
4710,2,46.26011649078091,46.26011649078091,100.0
4720,0,23.31574518580028,23.31574518580028,100.0
4720,1,35.95076611249497,35.95076611249497,100.0
4720,2,40.73348870170475,40.73348870170475,100.0
4730,0,24.14649346794977,24.14649346794977,100.0
4730,1,26.92241736492256,26.92241736492256,100.0
4730,2,48.93108916712767,48.93108916712767,100.0
4740,0,25.779015217571526,25.779015217571526,100.0
4740,1,31.864276422475378,31.864276422475378,100.0
4740,2,42.356708359953096,42.356708359953096,100.0
4750,0,22.08950204908067,22.08950204908067,100.0
4750,1,46.55988494300153,46.55988494300153,100.0
4750,2,31.3506130079178,31.3506130079178,100.0
4760,0,23.121014147668717,23.121014147668717,100.0
4760,1,27.86269444917595,27.86269444917595,100.0
4760,2,49.016291403155336,49.016291403155336,100.0
4770,0,21.299408612959652,21.299408612959652,100.0
4770,1,39.05200981947563,39.05200981947563,100.0
4770,2,39.64858156756472,39.64858156756472,100.0
4780,0,23.291539416708172,23.291539416708172,100.0
4780,1,30.13751672860411,30.13751672860411,100.0
4780,2,46.57094385468773,46.57094385468773,100.0
4790,0,22.98235548093992,22.98235548093992,100.0
4790,1,32.5415923133632,32.5415923133632,100.0
4790,2,44.476052205696874,44.476052205696874,100.0
4800,0,22.508702920643962,22.508702920643962,100.0
4800,1,38.44242199786545,38.44242199786545,100.0
4800,2,39.048875081490586,39.048875081490586,100.0
4810,0,23.148687171687204,23.148687171687204,100.0
4810,1,34.10280055187016,34.10280055187016,100.0
4810,2,42.74851227644263,42.74851227644263,100.0
4820,0,23.356894536532423,23.356894536532423,100.0
4820,1,31.226801185208142,31.226801185208142,100.0
4820,2,45.41630427825944,45.41630427825944,100.0
4830,0,23.43542349990705,23.43542349990705,100.0
4830,1,38.64486775435493,38.64486775435493,100.0
4830,2,37.91970874573802,37.91970874573802,100.0
4840,0,21.928400477921308,21.928400477921308,100.0
4840,1,38.839706774540836,38.839706774540836,100.0
4840,2,39.23189274753786,39.23189274753786,100.0
4850,0,22.853280962262748,22.853280962262748,100.0
4850,1,28.49519784733831,28.49519784733831,100.0
4850,2,48.65152119039894,48.65152119039894,100.0
4860,0,23.96472541413886,23.96472541413886,100.0
4860,1,26.965429359424263,26.965429359424263,100.0
4860,2,49.06984522643687,49.06984522643687,100.0
4870,0,22.7370646619672,22.7370646619672,100.0
4870,1,38.267021647048175,38.267021647048175,100.0
4870,2,38.995913690984636,38.995913690984636,100.0
4880,0,23.553823797673978,23.553823797673978,100.0
4880,1,43.35678437660929,43.35678437660929,100.0
4880,2,33.08939182571673,33.08939182571673,100.0
4890,0,24.117624596020477,24.117624596020477,100.0
4890,1,31.53268860611369,31.53268860611369,100.0
4890,2,44.349686797865836,44.349686797865836,100.0
4900,0,26.00568644592774,26.00568644592774,100.0
4900,1,31.950042932311224,31.950042932311224,100.0
4900,2,42.04427062176104,42.04427062176104,100.0
4910,0,22.742137662542053,22.742137662542053,100.0
4910,1,40.283292962148465,40.283292962148465,100.0
4910,2,36.97456937530949,36.97456937530949,100.0
4920,0,24.063273410071684,24.063273410071684,100.0
4920,1,31.357801236446736,31.357801236446736,100.0
4920,2,44.57892535348159,44.57892535348159,100.0
4930,0,21.999076223239577,21.999076223239577,100.0
4930,1,41.28782420354303,41.28782420354303,100.0
4930,2,36.71309957321739,36.71309957321739,100.0
4940,0,23.799536165026485,23.799536165026485,100.0
4940,1,25.8716909658978,25.8716909658978,100.0
4940,2,50.32877286907572,50.32877286907572,100.0
4950,0,21.27630190644304,21.27630190644304,100.0
4950,1,42.36626256510213,42.36626256510213,100.0
4950,2,36.35743552845482,36.35743552845482,100.0
4960,0,22.60168040337599,22.60168040337599,100.0
4960,1,37.291610118122634,37.291610118122634,100.0
4960,2,40.10670947850138,40.10670947850138,100.0
4970,0,20.858143246254134,20.858143246254134,100.0
4970,1,45.01576618628628,45.01576618628628,100.0
4970,2,34.126090567459585,34.126090567459585,100.0
4980,0,22.832624503526482,22.832624503526482,100.0
4980,1,31.050346182217382,31.050346182217382,100.0
4980,2,46.117029314256136,46.117029314256136,100.0
4990,0,22.19178109459742,22.19178109459742,100.0
4990,1,42.29718445642307,42.29718445642307,100.0
4990,2,35.51103444897951,35.51103444897951,100.0
5000,0,23.45410965519108,23.45410965519108,100.0
5000,1,30.728914683506158,30.728914683506158,100.0
5000,2,45.816975661302756,45.816975661302756,100.0
5010,0,20.829580617693882,20.829580617693882,100.0
5010,1,43.60096656885334,43.60096656885334,100.0
5010,2,35.56945281345278,35.56945281345278,100.0
5020,0,24.753299218938057,24.753299218938057,100.0
5020,1,35.310854554028694,35.310854554028694,100.0
5020,2,39.93584622703325,39.93584622703325,100.0
5030,0,24.11234226556158,24.11234226556158,100.0
5030,1,28.897499717196855,28.897499717196855,100.0
5030,2,46.99015801724157,46.99015801724157,100.0
5040,0,23.55639660213293,23.55639660213293,100.0
5040,1,36.25726197294447,36.25726197294447,100.0
5040,2,40.186341424922595,40.186341424922595,100.0
5050,0,23.58691869511161,23.58691869511161,100.0
5050,1,30.326362665237916,30.326362665237916,100.0
5050,2,46.08671863965047,46.08671863965047,100.0
5060,0,28.406772262600565,28.406772262600565,100.0
5060,1,26.991498070767683,26.991498070767683,100.0
5060,2,44.601729666631755,44.601729666631755,100.0
5070,0,24.637209046126003,24.637209046126003,100.0
5070,1,27.866684273791453,27.866684273791453,100.0
5070,2,47.49610668008255,47.49610668008255,100.0
5080,0,24.074500686552017,24.074500686552017,100.0
5080,1,27.36385271085081,27.36385271085081,100.0
5080,2,48.56164660259717,48.56164660259717,100.0
5090,0,23.313600687288318,23.313600687288318,100.0
5090,1,37.17288310772323,37.17288310772323,100.0
5090,2,39.513516204988456,39.513516204988456,100.0
5100,0,27.188788289325387,27.188788289325387,100.0
5100,1,28.648264472625527,28.648264472625527,100.0
5100,2,44.162947238049085,44.162947238049085,100.0
5110,0,21.643268928192676,21.643268928192676,100.0
5110,1,39.17387934258558,39.17387934258558,100.0
5110,2,39.182851729221746,39.182851729221746,100.0
5120,0,22.997139478586423,22.997139478586423,100.0
5120,1,40.669172147484275,40.669172147484275,100.0
5120,2,36.3336883739293,36.3336883739293,100.0
5130,0,23.29111289580091,23.29111289580091,100.0
5130,1,35.18699510749115,35.18699510749115,100.0
5130,2,41.52189199670794,41.52189199670794,100.0
5140,0,21.47510157174205,21.47510157174205,100.0
5140,1,38.36302665773586,38.36302665773586,100.0
5140,2,40.1618717705221,40.1618717705221,100.0
5150,0,21.50588634822091,21.50588634822091,100.0
5150,1,39.4769957248717,39.4769957248717,100.0
5150,2,39.017117926907396,39.017117926907396,100.0
5160,0,20.953361092715948,20.953361092715948,100.0
5160,1,43.31880713710133,43.31880713710133,100.0
5160,2,35.72783177018272,35.72783177018272,100.0
5170,0,25.483238605015778,25.483238605015778,100.0
5170,1,29.40641011237225,29.40641011237225,100.0
5170,2,45.11035128261198,45.11035128261198,100.0
5180,0,22.6662414043128,22.6662414043128,100.0
5180,1,34.55227987023161,34.55227987023161,100.0
5180,2,42.78147872545559,42.78147872545559,100.0
5190,0,24.3777612565658,24.3777612565658,100.0
5190,1,28.36841536364347,28.36841536364347,100.0
5190,2,47.25382337979073,47.25382337979073,100.0
5200,0,23.32708818868623,23.32708818868623,100.0
5200,1,30.44024333952166,30.44024333952166,100.0
5200,2,46.23266847179212,46.23266847179212,100.0
5210,0,22.588529797068094,22.588529797068094,100.0
5210,1,30.193897076630254,30.193897076630254,100.0
5210,2,47.21757312630165,47.21757312630165,100.0
5220,0,20.94262193378214,20.94262193378214,100.0
5220,1,43.07446301057322,43.07446301057322,100.0
5220,2,35.98291505564464,35.98291505564464,100.0
5230,0,24.904126524855975,24.904126524855975,100.0
5230,1,29.30993855052737,29.30993855052737,100.0
5230,2,45.785934924616654,45.785934924616654,100.0
5240,0,24.149129411404544,24.149129411404544,100.0
5240,1,36.38704901933904,36.38704901933904,100.0
5240,2,39.46382156925641,39.46382156925641,100.0
5250,0,21.96836410383857,21.96836410383857,100.0
5250,1,40.03017790336295,40.03017790336295,100.0
5250,2,38.00145799279848,38.00145799279848,100.0
5260,0,22.55934972420157,22.55934972420157,100.0
5260,1,35.18123638971712,35.18123638971712,100.0
5260,2,42.259413886081305,42.259413886081305,100.0
5270,0,22.48514609304759,22.48514609304759,100.0
5270,1,38.213661563791824,38.213661563791824,100.0
5270,2,39.30119234316059,39.30119234316059,100.0
5280,0,22.142681647341114,22.142681647341114,100.0
5280,1,43.38711372680947,43.38711372680947,100.0
5280,2,34.47020462584942,34.47020462584942,100.0
5290,0,23.8333725788284,23.8333725788284,100.0
5290,1,33.33528214363109,33.33528214363109,100.0
5290,2,42.831345277540514,42.831345277540514,100.0
5300,0,24.185010953584086,24.185010953584086,100.0
5300,1,41.05441549236994,41.05441549236994,100.0
5300,2,34.76057355404597,34.76057355404597,100.0
5310,0,21.35876486267812,21.35876486267812,100.0
5310,1,40.97072107516241,40.97072107516241,100.0
5310,2,37.67051406215947,37.67051406215947,100.0
5320,0,22.31058002994411,22.31058002994411,100.0
5320,1,33.325012156287706,33.325012156287706,100.0
5320,2,44.36440781376819,44.36440781376819,100.0
5330,0,26.218147679544256,26.218147679544256,100.0
5330,1,27.573299741743018,27.573299741743018,100.0
5330,2,46.20855257871273,46.20855257871273,100.0
5340,0,21.72304080363925,21.72304080363925,100.0
5340,1,40.54624321465302,40.54624321465302,100.0
5340,2,37.73071598170774,37.73071598170774,100.0
5350,0,23.091777716180918,23.091777716180918,100.0
5350,1,37.82107592499291,37.82107592499291,100.0
5350,2,39.087146358826175,39.087146358826175,100.0
5360,0,21.14858566818451,21.14858566818451,100.0
5360,1,44.07284193944892,44.07284193944892,100.0
5360,2,34.77857239236658,34.77857239236658,100.0
5370,0,22.721926720851858,22.721926720851858,100.0
5370,1,36.157433971888075,36.157433971888075,100.0
5370,2,41.120639307260056,41.120639307260056,100.0
5380,0,21.73712950714122,21.73712950714122,100.0
5380,1,40.45232009222115,40.45232009222115,100.0
5380,2,37.81055040063763,37.81055040063763,100.0
5390,0,22.971218959750512,22.971218959750512,100.0
5390,1,29.402091664280466,29.402091664280466,100.0
5390,2,47.62668937596903,47.62668937596903,100.0
5400,0,23.462786228464118,23.462786228464118,100.0
5400,1,37.58495588519334,37.58495588519334,100.0
5400,2,38.952257886342544,38.952257886342544,100.0
5410,0,23.162842050836822,23.162842050836822,100.0
5410,1,36.95141581594314,36.95141581594314,100.0
5410,2,39.885742133220035,39.885742133220035,100.0
5420,0,27.707469466396585,27.707469466396585,100.0
5420,1,28.699284687245928,28.699284687245928,100.0
5420,2,43.59324584635749,43.59324584635749,100.0
5430,0,26.306901744430938,26.306901744430938,100.0
5430,1,44.163050918823764,44.163050918823764,100.0
5430,2,29.5300473367453,29.5300473367453,100.0
5440,0,25.024344648412733,25.024344648412733,100.0
5440,1,27.083913704132957,27.083913704132957,100.0
5440,2,47.8917416474543,47.8917416474543,100.0
5450,0,22.752808338790995,22.752808338790995,100.0
5450,1,27.75849851627688,27.75849851627688,100.0
5450,2,49.488693144932135,49.488693144932135,100.0
5460,0,23.406247754335084,23.406247754335084,100.0
5460,1,28.53572054157434,28.53572054157434,100.0
5460,2,48.058031704090574,48.058031704090574,100.0
5470,0,20.877482043794622,20.877482043794622,100.0
5470,1,41.20943807766647,41.20943807766647,100.0
5470,2,37.913079878538916,37.913079878538916,100.0
5480,0,21.522418918036227,21.522418918036227,100.0
5480,1,42.841859993958934,42.841859993958934,100.0
5480,2,35.63572108800484,35.63572108800484,100.0
5490,0,21.722403017493484,21.722403017493484,100.0
5490,1,38.80289639792238,38.80289639792238,100.0
5490,2,39.47470058458414,39.47470058458414,100.0
5500,0,23.993480446928427,23.993480446928427,100.0
5500,1,35.26540016679121,35.26540016679121,100.0
5500,2,40.741119386280374,40.741119386280374,100.0
5510,0,22.17860391472729,22.17860391472729,100.0
5510,1,44.70252281767474,44.70252281767474,100.0
5510,2,33.11887326759796,33.11887326759796,100.0
5520,0,24.268660476518747,24.268660476518747,100.0
5520,1,30.313792586153777,30.313792586153777,100.0
5520,2,45.41754693732748,45.41754693732748,100.0
5530,0,23.931940697383652,23.931940697383652,100.0
5530,1,31.60217634473946,31.60217634473946,100.0
5530,2,44.46588295787689,44.46588295787689,100.0
5540,0,25.532389911819863,25.532389911819863,100.0
5540,1,32.468794409332496,32.468794409332496,100.0
5540,2,41.99881567884764,41.99881567884764,100.0
5550,0,21.184697467368615,21.184697467368615,100.0
5550,1,39.043235567658144,39.043235567658144,100.0
5550,2,39.77206696497325,39.77206696497325,100.0
5560,0,21.359490015297688,21.359490015297688,100.0
5560,1,38.83611716912666,38.83611716912666,100.0
5560,2,39.80439281557565,39.80439281557565,100.0
5570,0,23.40047935285312,23.40047935285312,100.0
5570,1,43.18484420163365,43.18484420163365,100.0
5570,2,33.41467644551322,33.41467644551322,100.0
5580,0,20.768229016857784,20.768229016857784,100.0
5580,1,40.92613984342805,40.92613984342805,100.0
5580,2,38.305631139714166,38.305631139714166,100.0
5590,0,22.800849725686316,22.800849725686316,100.0
5590,1,29.66386565559256,29.66386565559256,100.0
5590,2,47.53528461872113,47.53528461872113,100.0
5600,0,22.194844123344566,22.194844123344566,100.0
5600,1,34.746473098983,34.746473098983,100.0
5600,2,43.05868277767244,43.05868277767244,100.0
5610,0,23.065145530073842,23.065145530073842,100.0
5610,1,32.92169826426233,32.92169826426233,100.0
5610,2,44.013156205663826,44.013156205663826,100.0
5620,0,22.055307109894393,22.055307109894393,100.0
5620,1,36.217216223193944,36.217216223193944,100.0
5620,2,41.72747666691167,41.72747666691167,100.0
5630,0,23.380928850453873,23.380928850453873,100.0
5630,1,33.28396410241414,33.28396410241414,100.0
5630,2,43.335107047131984,43.335107047131984,100.0
5640,0,21.687685973354043,21.687685973354043,100.0
5640,1,43.31480343920424,43.31480343920424,100.0
5640,2,34.997510587441724,34.997510587441724,100.0
5650,0,21.86552703534133,21.86552703534133,100.0
5650,1,35.08398871300973,35.08398871300973,100.0
5650,2,43.05048425164894,43.05048425164894,100.0
5660,0,22.04616164232009,22.04616164232009,100.0
5660,1,40.57104506253375,40.57104506253375,100.0
5660,2,37.38279329514616,37.38279329514616,100.0
5670,0,23.67788814551949,23.67788814551949,100.0
5670,1,35.97580279687104,35.97580279687104,100.0
5670,2,40.34630905760947,40.34630905760947,100.0
5680,0,23.119352200802943,23.119352200802943,100.0
5680,1,40.306486903987626,40.306486903987626,100.0
5680,2,36.57416089520943,36.57416089520943,100.0
5690,0,21.86592610006319,21.86592610006319,100.0
5690,1,31.32767294911497,31.32767294911497,100.0
5690,2,46.80640095082184,46.80640095082184,100.0
5700,0,22.852914387535623,22.852914387535623,100.0
5700,1,37.46362189499268,37.46362189499268,100.0
5700,2,39.6834637174717,39.6834637174717,100.0
5710,0,21.850240254949433,21.850240254949433,100.0
5710,1,37.45758843654114,37.45758843654114,100.0
5710,2,40.69217130850944,40.69217130850944,100.0
5720,0,21.812669681679832,21.812669681679832,100.0
5720,1,37.76358891567963,37.76358891567963,100.0
5720,2,40.42374140264054,40.42374140264054,100.0
5730,0,22.010836931394017,22.010836931394017,100.0
5730,1,43.81604331954051,43.81604331954051,100.0
5730,2,34.17311974906547,34.17311974906547,100.0
5740,0,21.4407050896083,21.4407050896083,100.0
5740,1,37.05532579501815,37.05532579501815,100.0
5740,2,41.50396911537354,41.50396911537354,100.0
5750,0,22.32655359854452,22.32655359854452,100.0
5750,1,32.91364963295657,32.91364963295657,100.0
5750,2,44.7597967684989,44.7597967684989,100.0
5760,0,21.90953012428099,21.90953012428099,100.0
5760,1,34.79142677526139,34.79142677526139,100.0
5760,2,43.299043100457624,43.299043100457624,100.0
5770,0,21.382707114420896,21.382707114420896,100.0
5770,1,44.787745929978385,44.787745929978385,100.0
5770,2,33.82954695560073,33.82954695560073,100.0
5780,0,23.294370535210984,23.294370535210984,100.0
5780,1,31.31915970534529,31.31915970534529,100.0
5780,2,45.38646975944372,45.38646975944372,100.0
5790,0,24.710786971961994,24.710786971961994,100.0
5790,1,34.05932781295256,34.05932781295256,100.0
5790,2,41.22988521508545,41.22988521508545,100.0
5800,0,21.159401392399047,21.159401392399047,100.0
5800,1,45.15861502662558,45.15861502662558,100.0
5800,2,33.68198358097538,33.68198358097538,100.0
5810,0,24.120964643302564,24.120964643302564,100.0
5810,1,28.778353864959044,28.778353864959044,100.0
5810,2,47.10068149173839,47.10068149173839,100.0
5820,0,22.152530987064473,22.152530987064473,100.0
5820,1,41.78152815319713,41.78152815319713,100.0
5820,2,36.0659408597384,36.0659408597384,100.0
5830,0,21.74466164744672,21.74466164744672,100.0
5830,1,40.29041307616673,40.29041307616673,100.0
5830,2,37.96492527638655,37.96492527638655,100.0
5840,0,24.52359835851088,24.52359835851088,100.0
5840,1,28.008543985108574,28.008543985108574,100.0
5840,2,47.46785765638054,47.46785765638054,100.0
5850,0,22.48160064906453,22.48160064906453,100.0
5850,1,31.82532641975857,31.82532641975857,100.0
5850,2,45.6930729311769,45.6930729311769,100.0
5860,0,22.909806988595268,22.909806988595268,100.0
5860,1,31.06253599019957,31.06253599019957,100.0
5860,2,46.027657021205165,46.027657021205165,100.0
5870,0,22.847662057012506,22.847662057012506,100.0
5870,1,34.452539399246064,34.452539399246064,100.0
5870,2,42.69979854374144,42.69979854374144,100.0
5880,0,20.451274172177015,20.451274172177015,100.0
5880,1,42.93721873035641,42.93721873035641,100.0
5880,2,36.61150709746657,36.61150709746657,100.0
5890,0,24.10648158033924,24.10648158033924,100.0
5890,1,30.49327575860919,30.49327575860919,100.0
5890,2,45.40024266105157,45.40024266105157,100.0
5900,0,22.351595428223252,22.351595428223252,100.0
5900,1,28.83251378869457,28.83251378869457,100.0
5900,2,48.815890783082175,48.815890783082175,100.0
5910,0,23.298896926987265,23.298896926987265,100.0
5910,1,29.518308212802257,29.518308212802257,100.0
5910,2,47.18279486021048,47.18279486021048,100.0
5920,0,23.02936644013237,23.02936644013237,100.0
5920,1,27.86583359018875,27.86583359018875,100.0
5920,2,49.10479996967888,49.10479996967888,100.0
5930,0,24.507121280924455,24.507121280924455,100.0
5930,1,30.841418682917766,30.841418682917766,100.0
5930,2,44.65146003615778,44.65146003615778,100.0
5940,0,21.51904630018175,21.51904630018175,100.0
5940,1,35.862962997989264,35.862962997989264,100.0
5940,2,42.617990701828994,42.617990701828994,100.0
5950,0,21.142685814212413,21.142685814212413,100.0
5950,1,40.803215696839224,40.803215696839224,100.0
5950,2,38.05409848894838,38.05409848894838,100.0
5960,0,22.72237516225696,22.72237516225696,100.0
5960,1,34.32250759556229,34.32250759556229,100.0
5960,2,42.955117242180755,42.955117242180755,100.0
5970,0,22.621577253483256,22.621577253483256,100.0
5970,1,34.660315772484026,34.660315772484026,100.0
5970,2,42.718106974032715,42.718106974032715,100.0
5980,0,22.12921181700199,22.12921181700199,100.0
5980,1,40.25654082778245,40.25654082778245,100.0
5980,2,37.61424735521556,37.61424735521556,100.0
5990,0,24.140540213683582,24.140540213683582,100.0
5990,1,26.395613541566927,26.395613541566927,100.0
5990,2,49.46384624474949,49.46384624474949,100.0
6000,0,21.754847257745556,21.754847257745556,100.0
6000,1,34.65691403115635,34.65691403115635,100.0
6000,2,43.5882387110981,43.5882387110981,100.0
6010,0,22.18922166284019,22.18922166284019,100.0
6010,1,40.588739741022174,40.588739741022174,100.0
6010,2,37.22203859613764,37.22203859613764,100.0
6020,0,23.397162681809814,23.397162681809814,100.0
6020,1,28.269014343432776,28.269014343432776,100.0
6020,2,48.33382297475742,48.33382297475742,100.0
6030,0,25.68127397157746,25.68127397157746,100.0
6030,1,26.972577909409413,26.972577909409413,100.0
6030,2,47.34614811901312,47.34614811901312,100.0
6040,0,22.051935694912174,22.051935694912174,100.0
6040,1,33.1890534174457,33.1890534174457,100.0
6040,2,44.75901088764212,44.75901088764212,100.0
6050,0,21.97727299046003,21.97727299046003,100.0
6050,1,39.93217151138813,39.93217151138813,100.0
6050,2,38.09055549815184,38.09055549815184,100.0
6060,0,26.25572331892497,26.25572331892497,100.0
6060,1,27.87946270424454,27.87946270424454,100.0
6060,2,45.8648139768305,45.8648139768305,100.0
6070,0,24.533115072860273,24.533115072860273,100.0
6070,1,39.27918493965462,39.27918493965462,100.0
6070,2,36.187699987485104,36.187699987485104,100.0
6080,0,22.185093614810246,22.185093614810246,100.0
6080,1,29.201957359472765,29.201957359472765,100.0
6080,2,48.612949025716986,48.612949025716986,100.0
6090,0,22.081939226402238,22.081939226402238,100.0
6090,1,41.19096336647847,41.19096336647847,100.0
6090,2,36.72709740711929,36.72709740711929,100.0
6100,0,21.640869370365746,21.640869370365746,100.0
6100,1,39.98551211284818,39.98551211284818,100.0
6100,2,38.37361851678608,38.37361851678608,100.0
6110,0,20.909425084374703,20.909425084374703,100.0
6110,1,43.409249717767814,43.409249717767814,100.0
6110,2,35.68132519785748,35.68132519785748,100.0
6120,0,22.154429535797398,22.154429535797398,100.0
6120,1,34.59119022702899,34.59119022702899,100.0
6120,2,43.25438023717361,43.25438023717361,100.0
6130,0,24.72557185637508,24.72557185637508,100.0
6130,1,29.887201398670697,29.887201398670697,100.0
6130,2,45.387226744954226,45.387226744954226,100.0
6140,0,22.330911067512556,22.330911067512556,100.0
6140,1,33.375011459771464,33.375011459771464,100.0
6140,2,44.294077472715976,44.294077472715976,100.0
6150,0,23.97329361214814,23.97329361214814,100.0
6150,1,37.301528097510136,37.301528097510136,100.0
6150,2,38.72517829034173,38.72517829034173,100.0
6160,0,22.817551163070465,22.817551163070465,100.0
6160,1,34.1821268118029,34.1821268118029,100.0
6160,2,43.00032202512663,43.00032202512663,100.0
6170,0,21.366555660242582,21.366555660242582,100.0
6170,1,39.41530219312634,39.41530219312634,100.0
6170,2,39.21814214663108,39.21814214663108,100.0
6180,0,23.32422116526212,23.32422116526212,100.0
6180,1,29.181597071196364,29.181597071196364,100.0
6180,2,47.49418176354152,47.49418176354152,100.0
6190,0,21.740315627192096,21.740315627192096,100.0
6190,1,37.77986808227114,37.77986808227114,100.0
6190,2,40.47981629053676,40.47981629053676,100.0
6200,0,24.19056008668087,24.19056008668087,100.0
6200,1,34.80633464044529,34.80633464044529,100.0
6200,2,41.00310527287384,41.00310527287384,100.0
6210,0,23.385935663179463,23.385935663179463,100.0
6210,1,29.8774800479925,29.8774800479925,100.0
6210,2,46.736584288828034,46.736584288828034,100.0
6220,0,24.184355342644874,24.184355342644874,100.0
6220,1,32.88978940488704,32.88978940488704,100.0
6220,2,42.92585525246808,42.92585525246808,100.0
6230,0,21.836080275810094,21.836080275810094,100.0
6230,1,39.30382395714503,39.30382395714503,100.0
6230,2,38.860095767044875,38.860095767044875,100.0
6240,0,20.903638939397798,20.903638939397798,100.0
6240,1,41.59595575153266,41.59595575153266,100.0
6240,2,37.50040530906954,37.50040530906954,100.0
6250,0,22.253389729181638,22.253389729181638,100.0
6250,1,33.89198898322153,33.89198898322153,100.0
6250,2,43.85462128759683,43.85462128759683,100.0
6260,0,24.386811107053276,24.386811107053276,100.0
6260,1,30.431813963776165,30.431813963776165,100.0
6260,2,45.18137492917056,45.18137492917056,100.0
6270,0,23.828510992278336,23.828510992278336,100.0
6270,1,27.973412168263657,27.973412168263657,100.0
6270,2,48.19807683945801,48.19807683945801,100.0
6280,0,23.306326747760153,23.306326747760153,100.0
6280,1,30.36369381096304,30.36369381096304,100.0
6280,2,46.329979441276805,46.329979441276805,100.0
6290,0,25.112626395271505,25.112626395271505,100.0
6290,1,30.171656258031692,30.171656258031692,100.0
6290,2,44.715717346696806,44.715717346696806,100.0
6300,0,22.100335564045285,22.100335564045285,100.0
6300,1,32.90231997156454,32.90231997156454,100.0
6300,2,44.99734446439018,44.99734446439018,100.0
6310,0,24.221874187047813,24.221874187047813,100.0
6310,1,26.65884327678275,26.65884327678275,100.0
6310,2,49.119282536169436,49.119282536169436,100.0
6320,0,25.952770712108688,25.952770712108688,100.0
6320,1,31.01112619783858,31.01112619783858,100.0
6320,2,43.036103090052734,43.036103090052734,100.0
6330,0,22.695580209940193,22.695580209940193,100.0
6330,1,37.76130166709375,37.76130166709375,100.0
6330,2,39.543118122966064,39.543118122966064,100.0
6340,0,26.58465545384824,26.58465545384824,100.0
6340,1,30.27177984052274,30.27177984052274,100.0
6340,2,43.143564705629025,43.143564705629025,100.0
6350,0,24.119252328615286,24.119252328615286,100.0
6350,1,26.494293321313968,26.494293321313968,100.0
6350,2,49.38645435007075,49.38645435007075,100.0
6360,0,21.594187740441043,21.594187740441043,100.0
6360,1,39.45568171411734,39.45568171411734,100.0
6360,2,38.95013054544162,38.95013054544162,100.0
6370,0,26.313724366537027,26.313724366537027,100.0
6370,1,30.00637149993382,30.00637149993382,100.0
6370,2,43.67990413352915,43.67990413352915,100.0
6380,0,21.358438761843953,21.358438761843953,100.0
6380,1,42.654863936078925,42.654863936078925,100.0
6380,2,35.98669730207713,35.98669730207713,100.0
6390,0,22.494296316940872,22.494296316940872,100.0
6390,1,26.720247124068553,26.720247124068553,100.0
6390,2,50.785456558990575,50.785456558990575,100.0
6400,0,24.674358224388477,24.674358224388477,100.0
6400,1,32.1613098187436,32.1613098187436,100.0
6400,2,43.164331956867926,43.164331956867926,100.0
6410,0,21.0962233894276,21.0962233894276,100.0
6410,1,43.04340599571421,43.04340599571421,100.0
6410,2,35.8603706148582,35.8603706148582,100.0
6420,0,21.576615351898702,21.576615351898702,100.0
6420,1,39.11571839914807,39.11571839914807,100.0
6420,2,39.30766624895322,39.30766624895322,100.0
6430,0,24.504784100259634,24.504784100259634,100.0
6430,1,28.000524066508643,28.000524066508643,100.0
6430,2,47.49469183323172,47.49469183323172,100.0
6440,0,24.657861487741844,24.657861487741844,100.0
6440,1,30.727320680032342,30.727320680032342,100.0
6440,2,44.61481783222581,44.61481783222581,100.0
6450,0,24.094182443532148,24.094182443532148,100.0
6450,1,29.063341580721293,29.063341580721293,100.0
6450,2,46.84247597574657,46.84247597574657,100.0
6460,0,23.90250485020923,23.90250485020923,100.0
6460,1,27.535350384189766,27.535350384189766,100.0
6460,2,48.562144765601,48.562144765601,100.0
6470,0,24.235273097774403,24.235273097774403,100.0
6470,1,28.29277476466047,28.29277476466047,100.0
6470,2,47.47195213756512,47.47195213756512,100.0
6480,0,25.996142063025097,25.996142063025097,100.0
6480,1,37.05654415616119,37.05654415616119,100.0
6480,2,36.947313780813715,36.947313780813715,100.0
6490,0,25.82878023198979,25.82878023198979,100.0
6490,1,28.27246833075881,28.27246833075881,100.0
6490,2,45.8987514372514,45.8987514372514,100.0
6500,0,21.262903766273524,21.262903766273524,100.0
6500,1,39.57278123688347,39.57278123688347,100.0
6500,2,39.16431499684301,39.16431499684301,100.0
6510,0,25.92896193788463,25.92896193788463,100.0
6510,1,27.862419739225615,27.862419739225615,100.0
6510,2,46.208618322889755,46.208618322889755,100.0
6520,0,23.892539625948224,23.892539625948224,100.0
6520,1,33.968248770004465,33.968248770004465,100.0
6520,2,42.13921160404732,42.13921160404732,100.0
6530,0,21.27151311988668,21.27151311988668,100.0
6530,1,39.31568810429884,39.31568810429884,100.0
6530,2,39.41279877581448,39.41279877581448,100.0
6540,0,21.482201976524156,21.482201976524156,100.0
6540,1,35.009506744102055,35.009506744102055,100.0
6540,2,43.50829127937379,43.50829127937379,100.0
6550,0,22.457554589673645,22.457554589673645,100.0
6550,1,35.758794730838986,35.758794730838986,100.0
6550,2,41.78365067948737,41.78365067948737,100.0
6560,0,29.89724876420581,29.89724876420581,100.0
6560,1,28.412054340102564,28.412054340102564,100.0
6560,2,41.69069689569162,41.69069689569162,100.0
6570,0,20.585424237327064,20.585424237327064,100.0
6570,1,40.902453678600395,40.902453678600395,100.0
6570,2,38.512122084072544,38.512122084072544,100.0
6580,0,25.878649908844036,25.878649908844036,100.0
6580,1,37.47927555748013,37.47927555748013,100.0
6580,2,36.64207453367583,36.64207453367583,100.0
6590,0,21.514239922404826,21.514239922404826,100.0
6590,1,40.41144287490306,40.41144287490306,100.0
6590,2,38.074317202692114,38.074317202692114,100.0
6600,0,28.237883575144252,28.237883575144252,100.0
6600,1,26.39106052560189,26.39106052560189,100.0
6600,2,45.37105589925386,45.37105589925386,100.0
6610,0,24.844971694723416,24.844971694723416,100.0
6610,1,27.588829255451458,27.588829255451458,100.0
6610,2,47.56619904982513,47.56619904982513,100.0
6620,0,21.9911224509714,21.9911224509714,100.0
6620,1,34.00236069611766,34.00236069611766,100.0
6620,2,44.00651685291094,44.00651685291094,100.0
6630,0,22.434440645261212,22.434440645261212,100.0
6630,1,36.04016503896179,36.04016503896179,100.0
6630,2,41.525394315777,41.525394315777,100.0
6640,0,20.759727093923054,20.759727093923054,100.0
6640,1,43.4986062804403,43.4986062804403,100.0
6640,2,35.74166662563665,35.74166662563665,100.0
6650,0,24.155665017534265,24.155665017534265,100.0
6650,1,31.883027192791975,31.883027192791975,100.0
6650,2,43.96130778967377,43.96130778967377,100.0
6660,0,22.317360563401245,22.317360563401245,100.0
6660,1,34.83726784171944,34.83726784171944,100.0
6660,2,42.84537159487932,42.84537159487932,100.0
6670,0,20.99349886701123,20.99349886701123,100.0
6670,1,46.41338506976964,46.41338506976964,100.0
6670,2,32.59311606321913,32.59311606321913,100.0
6680,0,22.797017116078617,22.797017116078617,100.0
6680,1,35.56104434277941,35.56104434277941,100.0
6680,2,41.64193854114197,41.64193854114197,100.0
6690,0,23.656244862810627,23.656244862810627,100.0
6690,1,29.768934621408032,29.768934621408032,100.0
6690,2,46.57482051578134,46.57482051578134,100.0
6700,0,20.641540052721997,20.641540052721997,100.0
6700,1,42.48982550054282,42.48982550054282,100.0
6700,2,36.868634446735186,36.868634446735186,100.0
6710,0,23.390686914346176,23.390686914346176,100.0
6710,1,29.775012290267135,29.775012290267135,100.0
6710,2,46.834300795386696,46.834300795386696,100.0
6720,0,22.312381937589347,22.312381937589347,100.0
6720,1,36.172964337337234,36.172964337337234,100.0
6720,2,41.51465372507342,41.51465372507342,100.0
6730,0,23.206005898889874,23.206005898889874,100.0
6730,1,34.59233528931357,34.59233528931357,100.0
6730,2,42.20165881179656,42.20165881179656,100.0
6740,0,24.06224043509496,24.06224043509496,100.0
6740,1,41.64859643643701,41.64859643643701,100.0
6740,2,34.28916312846803,34.28916312846803,100.0
6750,0,21.870888637718945,21.870888637718945,100.0
6750,1,41.25096069939374,41.25096069939374,100.0
6750,2,36.87815066288733,36.87815066288733,100.0
6760,0,22.795794139189567,22.795794139189567,100.0
6760,1,27.171681494193077,27.171681494193077,100.0
6760,2,50.03252436661736,50.03252436661736,100.0
6770,0,28.501497148332838,28.501497148332838,100.0
6770,1,27.55946495924434,27.55946495924434,100.0
6770,2,43.93903789242282,43.93903789242282,100.0
6780,0,23.5498262820572,23.5498262820572,100.0
6780,1,26.64835444069624,26.64835444069624,100.0
6780,2,49.80181927724656,49.80181927724656,100.0
6790,0,20.997131621844822,20.997131621844822,100.0
6790,1,43.993696807260555,43.993696807260555,100.0
6790,2,35.00917157089462,35.00917157089462,100.0
6800,0,21.592640104252965,21.592640104252965,100.0
6800,1,38.67815024338025,38.67815024338025,100.0
6800,2,39.729209652366784,39.729209652366784,100.0
6810,0,22.447228687109043,22.447228687109043,100.0
6810,1,38.287122001625114,38.287122001625114,100.0
6810,2,39.26564931126585,39.26564931126585,100.0
6820,0,24.05445008038088,24.05445008038088,100.0
6820,1,38.60310356471768,38.60310356471768,100.0
6820,2,37.34244635490144,37.34244635490144,100.0
6830,0,25.508609965076968,25.508609965076968,100.0
6830,1,26.02855879811286,26.02855879811286,100.0
6830,2,48.462831236810175,48.462831236810175,100.0
6840,0,23.11269790318417,23.11269790318417,100.0
6840,1,37.72460734812797,37.72460734812797,100.0
6840,2,39.16269474868786,39.16269474868786,100.0
6850,0,24.080696772358827,24.080696772358827,100.0
6850,1,26.67262494022959,26.67262494022959,100.0
6850,2,49.24667828741159,49.24667828741159,100.0
6860,0,21.617195097996497,21.617195097996497,100.0
6860,1,37.83906597851297,37.83906597851297,100.0
6860,2,40.54373892349054,40.54373892349054,100.0
6870,0,27.985118300097124,27.985118300097124,100.0
6870,1,32.134875363406756,32.134875363406756,100.0
6870,2,39.88000633649612,39.88000633649612,100.0
6880,0,23.80433971435278,23.80433971435278,100.0
6880,1,33.05957789024801,33.05957789024801,100.0
6880,2,43.136082395399214,43.136082395399214,100.0
6890,0,21.00611933175062,21.00611933175062,100.0
6890,1,44.97362209191963,44.97362209191963,100.0
6890,2,34.020258576329745,34.020258576329745,100.0
6900,0,22.654347982632725,22.654347982632725,100.0
6900,1,33.230488246747406,33.230488246747406,100.0
6900,2,44.11516377061987,44.11516377061987,100.0
6910,0,25.018722849938076,25.018722849938076,100.0
6910,1,28.21842812201408,28.21842812201408,100.0
6910,2,46.762849028047846,46.762849028047846,100.0
6920,0,21.159367423470197,21.159367423470197,100.0
6920,1,40.92161036593509,40.92161036593509,100.0
6920,2,37.91902221059471,37.91902221059471,100.0
6930,0,25.264003838817708,25.264003838817708,100.0
6930,1,29.157218192818146,29.157218192818146,100.0
6930,2,45.57877796836415,45.57877796836415,100.0
6940,0,25.468931290350373,25.468931290350373,100.0
6940,1,27.68984841530781,27.68984841530781,100.0
6940,2,46.841220294341824,46.841220294341824,100.0
6950,0,24.583219614915574,24.583219614915574,100.0
6950,1,29.922366859741594,29.922366859741594,100.0
6950,2,45.49441352534284,45.49441352534284,100.0
6960,0,23.27751930066928,23.27751930066928,100.0
6960,1,33.296014807149966,33.296014807149966,100.0
6960,2,43.42646589218075,43.42646589218075,100.0
6970,0,25.953205037510568,25.953205037510568,100.0
6970,1,26.863647497745806,26.863647497745806,100.0
6970,2,47.18314746474363,47.18314746474363,100.0
6980,0,22.370050734990212,22.370050734990212,100.0
6980,1,31.000360051602566,31.000360051602566,100.0
6980,2,46.62958921340722,46.62958921340722,100.0
6990,0,27.687610835937104,27.687610835937104,100.0
6990,1,28.183407809830456,28.183407809830456,100.0
6990,2,44.12898135423244,44.12898135423244,100.0
7000,0,23.819119719214964,23.819119719214964,100.0
7000,1,25.55309006565275,25.55309006565275,100.0
7000,2,50.627790215132286,50.627790215132286,100.0
7010,0,23.515621404359855,23.515621404359855,100.0
7010,1,32.647529629687945,32.647529629687945,100.0
7010,2,43.8368489659522,43.8368489659522,100.0
7020,0,23.946772486303168,23.946772486303168,100.0
7020,1,35.039286603533796,35.039286603533796,100.0
7020,2,41.013940910163036,41.013940910163036,100.0
7030,0,23.662732345805274,23.662732345805274,100.0
7030,1,35.32139234081767,35.32139234081767,100.0
7030,2,41.01587531337705,41.01587531337705,100.0
7040,0,23.47877107778879,23.47877107778879,100.0
7040,1,28.709903633504965,28.709903633504965,100.0
7040,2,47.81132528870624,47.81132528870624,100.0
7050,0,29.757625837052963,29.757625837052963,100.0
7050,1,28.213664369628223,28.213664369628223,100.0
7050,2,42.02870979331881,42.02870979331881,100.0
7060,0,21.677042000861874,21.677042000861874,100.0
7060,1,41.40219038450036,41.40219038450036,100.0
7060,2,36.92076761463776,36.92076761463776,100.0
7070,0,23.274056795640227,23.274056795640227,100.0
7070,1,33.54314972102749,33.54314972102749,100.0
7070,2,43.18279348333229,43.18279348333229,100.0
7080,0,21.66383224059951,21.66383224059951,100.0
7080,1,44.292456418681894,44.292456418681894,100.0
7080,2,34.043711340718595,34.043711340718595,100.0
7090,0,22.809274054625202,22.809274054625202,100.0
7090,1,37.06549989420468,37.06549989420468,100.0
7090,2,40.12522605117012,40.12522605117012,100.0
7100,0,22.85880971976325,22.85880971976325,100.0
7100,1,37.30185732568524,37.30185732568524,100.0
7100,2,39.83933295455151,39.83933295455151,100.0
7110,0,21.526090791070573,21.526090791070573,100.0
7110,1,40.469176389110785,40.469176389110785,100.0
7110,2,38.00473281981864,38.00473281981864,100.0
7120,0,22.557824796611975,22.557824796611975,100.0
7120,1,37.041286472886355,37.041286472886355,100.0
7120,2,40.40088873050166,40.40088873050166,100.0
7130,0,22.494470182257245,22.494470182257245,100.0
7130,1,30.99080659609258,30.99080659609258,100.0
7130,2,46.51472322165017,46.51472322165017,100.0
7140,0,24.47109745380559,24.47109745380559,100.0
7140,1,26.706697319814676,26.706697319814676,100.0
7140,2,48.82220522637974,48.82220522637974,100.0
7150,0,22.725336438964653,22.725336438964653,100.0
7150,1,41.90646161578489,41.90646161578489,100.0
7150,2,35.36820194525046,35.36820194525046,100.0
7160,0,23.751834998679644,23.751834998679644,100.0
7160,1,26.86707807680423,26.86707807680423,100.0
7160,2,49.381086924516126,49.381086924516126,100.0
7170,0,24.724555571918373,24.724555571918373,100.0
7170,1,29.872178059764288,29.872178059764288,100.0
7170,2,45.40326636831735,45.40326636831735,100.0
7180,0,23.63912739359066,23.63912739359066,100.0
7180,1,40.103112645058744,40.103112645058744,100.0
7180,2,36.2577599613506,36.2577599613506,100.0
7190,0,24.069662139472836,24.069662139472836,100.0
7190,1,28.396508045425943,28.396508045425943,100.0
7190,2,47.53382981510122,47.53382981510122,100.0
7200,0,21.345817856561133,21.345817856561133,100.0
7200,1,39.45596823253011,39.45596823253011,100.0
7200,2,39.19821391090875,39.19821391090875,100.0
7210,0,21.30335372765926,21.30335372765926,100.0
7210,1,43.78286304274491,43.78286304274491,100.0
7210,2,34.913783229595836,34.913783229595836,100.0
7220,0,23.613161978156665,23.613161978156665,100.0
7220,1,40.197896908475215,40.197896908475215,100.0
7220,2,36.188941113368124,36.188941113368124,100.0
7230,0,22.08493144198643,22.08493144198643,100.0
7230,1,42.86550533804224,42.86550533804224,100.0
7230,2,35.04956321997134,35.04956321997134,100.0
7240,0,22.978698450114575,22.978698450114575,100.0
7240,1,26.82949693595567,26.82949693595567,100.0
7240,2,50.19180461392976,50.19180461392976,100.0
7250,0,26.594638617114647,26.594638617114647,100.0
7250,1,26.08925249295817,26.08925249295817,100.0
7250,2,47.316108889927186,47.316108889927186,100.0
7260,0,22.40272884122899,22.40272884122899,100.0
7260,1,33.31392101913693,33.31392101913693,100.0
7260,2,44.28335013963409,44.28335013963409,100.0
7270,0,22.47810243940032,22.47810243940032,100.0
7270,1,40.12963196386339,40.12963196386339,100.0
7270,2,37.3922655967363,37.3922655967363,100.0
7280,0,24.24372071223736,24.24372071223736,100.0
7280,1,31.582496975597902,31.582496975597902,100.0
7280,2,44.17378231216475,44.17378231216475,100.0
7290,0,20.671434801915947,20.671434801915947,100.0
7290,1,42.993985814737655,42.993985814737655,100.0
7290,2,36.3345793833464,36.3345793833464,100.0
7300,0,21.672109776335187,21.672109776335187,100.0
7300,1,42.76922108384469,42.76922108384469,100.0
7300,2,35.55866913982013,35.55866913982013,100.0
7310,0,22.310216546282483,22.310216546282483,100.0
7310,1,35.11470359946648,35.11470359946648,100.0
7310,2,42.575079854251044,42.575079854251044,100.0
7320,0,22.068409522029867,22.068409522029867,100.0
7320,1,41.68689355456439,41.68689355456439,100.0
7320,2,36.24469692340574,36.24469692340574,100.0
7330,0,20.916798376436105,20.916798376436105,100.0
7330,1,42.91096598372806,42.91096598372806,100.0
7330,2,36.17223563983584,36.17223563983584,100.0
7340,0,23.711628946159625,23.711628946159625,100.0
7340,1,27.41953846292121,27.41953846292121,100.0
7340,2,48.86883259091917,48.86883259091917,100.0
7350,0,23.868401736167716,23.868401736167716,100.0
7350,1,36.59919028145263,36.59919028145263,100.0
7350,2,39.53240798237965,39.53240798237965,100.0
7360,0,23.24641137814112,23.24641137814112,100.0
7360,1,32.20469698316746,32.20469698316746,100.0
7360,2,44.54889163869142,44.54889163869142,100.0
7370,0,21.945746004228504,21.945746004228504,100.0
7370,1,33.280467364836724,33.280467364836724,100.0
7370,2,44.77378663093477,44.77378663093477,100.0
7380,0,22.23482781500348,22.23482781500348,100.0
7380,1,33.85450636044209,33.85450636044209,100.0
7380,2,43.91066582455443,43.91066582455443,100.0
7390,0,21.4042172305496,21.4042172305496,100.0
7390,1,45.28807043119945,45.28807043119945,100.0
7390,2,33.30771233825096,33.30771233825096,100.0
7400,0,21.15806360955007,21.15806360955007,100.0
7400,1,38.31940409358418,38.31940409358418,100.0
7400,2,40.52253229686574,40.52253229686574,100.0
7410,0,22.553896352270648,22.553896352270648,100.0
7410,1,34.11997045282722,34.11997045282722,100.0
7410,2,43.326133194902134,43.326133194902134,100.0
7420,0,21.006394628268723,21.006394628268723,100.0
7420,1,42.05089766096658,42.05089766096658,100.0
7420,2,36.94270771076471,36.94270771076471,100.0
7430,0,22.69022329937065,22.69022329937065,100.0
7430,1,43.80208485009166,43.80208485009166,100.0
7430,2,33.50769185053769,33.50769185053769,100.0
7440,0,22.763042468383432,22.763042468383432,100.0
7440,1,31.197003956272297,31.197003956272297,100.0
7440,2,46.03995357534428,46.03995357534428,100.0
7450,0,24.226810566969384,24.226810566969384,100.0
7450,1,29.0915282504202,29.0915282504202,100.0
7450,2,46.68166118261041,46.68166118261041,100.0
7460,0,22.811673210936636,22.811673210936636,100.0
7460,1,41.472852152123934,41.472852152123934,100.0
7460,2,35.71547463693944,35.71547463693944,100.0
7470,0,21.360774809928465,21.360774809928465,100.0
7470,1,40.304479466983445,40.304479466983445,100.0
7470,2,38.33474572308809,38.33474572308809,100.0
7480,0,22.646071207016373,22.646071207016373,100.0
7480,1,33.145294730014726,33.145294730014726,100.0
7480,2,44.208634062968905,44.208634062968905,100.0
7490,0,26.49733866033567,26.49733866033567,100.0
7490,1,29.186937395395862,29.186937395395862,100.0
7490,2,44.31572394426846,44.31572394426846,100.0
7500,0,20.83315836096244,20.83315836096244,100.0
7500,1,41.90734637636231,41.90734637636231,100.0
7500,2,37.259495262675244,37.259495262675244,100.0
7510,0,23.512206984600272,23.512206984600272,100.0
7510,1,27.008011963026625,27.008011963026625,100.0
7510,2,49.479781052373106,49.479781052373106,100.0
7520,0,24.606140655385996,24.606140655385996,100.0
7520,1,28.344108092283214,28.344108092283214,100.0
7520,2,47.04975125233079,47.04975125233079,100.0
7530,0,22.746623998269342,22.746623998269342,100.0
7530,1,37.97978276793575,37.97978276793575,100.0
7530,2,39.2735932337949,39.2735932337949,100.0
7540,0,23.14365551640597,23.14365551640597,100.0
7540,1,28.000578782476143,28.000578782476143,100.0
7540,2,48.85576570111789,48.85576570111789,100.0
7550,0,23.401096687144506,23.401096687144506,100.0
7550,1,34.42580618264489,34.42580618264489,100.0
7550,2,42.17309713021061,42.17309713021061,100.0
7560,0,23.703046948483024,23.703046948483024,100.0
7560,1,28.632757790044117,28.632757790044117,100.0
7560,2,47.66419526147287,47.66419526147287,100.0
7570,0,23.00584465859321,23.00584465859321,100.0
7570,1,31.84792373814105,31.84792373814105,100.0
7570,2,45.14623160326573,45.14623160326573,100.0
7580,0,23.303303790754516,23.303303790754516,100.0
7580,1,27.612569275560585,27.612569275560585,100.0
7580,2,49.0841269336849,49.0841269336849,100.0
7590,0,21.806696873895216,21.806696873895216,100.0
7590,1,36.20307418888915,36.20307418888915,100.0
7590,2,41.990228937215626,41.990228937215626,100.0
7600,0,22.393094751430024,22.393094751430024,100.0
7600,1,32.05614842873724,32.05614842873724,100.0
7600,2,45.55075681983274,45.55075681983274,100.0
7610,0,22.271272807888533,22.271272807888533,100.0
7610,1,44.36321008898598,44.36321008898598,100.0
7610,2,33.365517103125484,33.365517103125484,100.0
7620,0,22.582745021994118,22.582745021994118,100.0
7620,1,34.53190213070177,34.53190213070177,100.0
7620,2,42.88535284730411,42.88535284730411,100.0
7630,0,23.907675548548074,23.907675548548074,100.0
7630,1,32.1559236433753,32.1559236433753,100.0
7630,2,43.93640080807662,43.93640080807662,100.0
7640,0,28.80522944142762,28.80522944142762,100.0
7640,1,29.730832734846942,29.730832734846942,100.0
7640,2,41.463937823725445,41.463937823725445,100.0
7650,0,22.102707541253338,22.102707541253338,100.0
7650,1,31.91920935196365,31.91920935196365,100.0
7650,2,45.97808310678301,45.97808310678301,100.0
7660,0,22.145736386742488,22.145736386742488,100.0
7660,1,42.22150241024822,42.22150241024822,100.0
7660,2,35.6327612030093,35.6327612030093,100.0
7670,0,22.294121736938667,22.294121736938667,100.0
7670,1,31.96444742704388,31.96444742704388,100.0
7670,2,45.74143083601746,45.74143083601746,100.0
7680,0,23.16501429074555,23.16501429074555,100.0
7680,1,26.378050371605987,26.378050371605987,100.0
7680,2,50.45693533764847,50.45693533764847,100.0
7690,0,22.713286448041625,22.713286448041625,100.0
7690,1,45.37672946784356,45.37672946784356,100.0
7690,2,31.909984084114807,31.909984084114807,100.0
7700,0,25.063809607250963,25.063809607250963,100.0
7700,1,33.521971223173196,33.521971223173196,100.0
7700,2,41.41421916957584,41.41421916957584,100.0
7710,0,22.46482685376735,22.46482685376735,100.0
7710,1,26.931762923561386,26.931762923561386,100.0
7710,2,50.603410222671265,50.603410222671265,100.0
7720,0,25.17384218498796,25.17384218498796,100.0
7720,1,28.453530681244153,28.453530681244153,100.0
7720,2,46.37262713376788,46.37262713376788,100.0
7730,0,23.69622453807951,23.69622453807951,100.0
7730,1,29.315526319780833,29.315526319780833,100.0
7730,2,46.98824914213965,46.98824914213965,100.0
7740,0,23.73208270452523,23.73208270452523,100.0
7740,1,27.595679477946323,27.595679477946323,100.0
7740,2,48.67223781752845,48.67223781752845,100.0
7750,0,22.39334571635511,22.39334571635511,100.0
7750,1,35.778955345574595,35.778955345574595,100.0
7750,2,41.8276989380703,41.8276989380703,100.0
7760,0,23.582729885879566,23.582729885879566,100.0
7760,1,31.541070635460244,31.541070635460244,100.0
7760,2,44.87619947866019,44.87619947866019,100.0
7770,0,22.067178560583546,22.067178560583546,100.0
7770,1,35.995575079349045,35.995575079349045,100.0
7770,2,41.93724636006741,41.93724636006741,100.0
7780,0,23.57417334056372,23.57417334056372,100.0
7780,1,27.145450081828947,27.145450081828947,100.0
7780,2,49.280376577607335,49.280376577607335,100.0
7790,0,22.417502748202388,22.417502748202388,100.0
7790,1,30.423760211932215,30.423760211932215,100.0
7790,2,47.15873703986539,47.15873703986539,100.0
7800,0,23.68806571724581,23.68806571724581,100.0
7800,1,31.963434997602597,31.963434997602597,100.0
7800,2,44.3484992851516,44.3484992851516,100.0
7810,0,22.916739572367966,22.916739572367966,100.0
7810,1,30.334860518220015,30.334860518220015,100.0
7810,2,46.74839990941202,46.74839990941202,100.0
7820,0,23.137909973071036,23.137909973071036,100.0
7820,1,31.286313222774115,31.286313222774115,100.0
7820,2,45.57577680415485,45.57577680415485,100.0
7830,0,24.31630481546348,24.31630481546348,100.0
7830,1,32.47735771430759,32.47735771430759,100.0
7830,2,43.20633747022894,43.20633747022894,100.0
7840,0,21.84270949696344,21.84270949696344,100.0
7840,1,39.94661459105802,39.94661459105802,100.0
7840,2,38.210675911978534,38.210675911978534,100.0
7850,0,23.55937128870439,23.55937128870439,100.0
7850,1,26.950188091762083,26.950188091762083,100.0
7850,2,49.49044061953353,49.49044061953353,100.0
7860,0,21.634111477693622,21.634111477693622,100.0
7860,1,42.512928794949936,42.512928794949936,100.0
7860,2,35.85295972735644,35.85295972735644,100.0
7870,0,23.700650861758206,23.700650861758206,100.0
7870,1,27.93184555273887,27.93184555273887,100.0
7870,2,48.367503585502924,48.367503585502924,100.0
7880,0,22.2248593307242,22.2248593307242,100.0
7880,1,36.213501292133856,36.213501292133856,100.0
7880,2,41.561639377141944,41.561639377141944,100.0
7890,0,25.15414492911611,25.15414492911611,100.0
7890,1,26.307147189578245,26.307147189578245,100.0
7890,2,48.53870788130564,48.53870788130564,100.0
7900,0,23.154707357398042,23.154707357398042,100.0
7900,1,27.922262017874207,27.922262017874207,100.0
7900,2,48.92303062472775,48.92303062472775,100.0
7910,0,24.26482235501753,24.26482235501753,100.0
7910,1,27.25769079401091,27.25769079401091,100.0
7910,2,48.477486850971566,48.477486850971566,100.0
7920,0,22.937179654489533,22.937179654489533,100.0
7920,1,37.768912659457335,37.768912659457335,100.0
7920,2,39.29390768605313,39.29390768605313,100.0
7930,0,21.490760440018203,21.490760440018203,100.0
7930,1,42.571558092364775,42.571558092364775,100.0
7930,2,35.937681467617026,35.937681467617026,100.0
7940,0,23.965556335587795,23.965556335587795,100.0
7940,1,33.11609523020639,33.11609523020639,100.0
7940,2,42.91834843420582,42.91834843420582,100.0
7950,0,23.10583714065369,23.10583714065369,100.0
7950,1,44.124760087132046,44.124760087132046,100.0
7950,2,32.76940277221427,32.76940277221427,100.0
7960,0,23.659012516456286,23.659012516456286,100.0
7960,1,37.322560759208024,37.322560759208024,100.0
7960,2,39.01842672433569,39.01842672433569,100.0
7970,0,24.736343978366293,24.736343978366293,100.0
7970,1,28.281871154016052,28.281871154016052,100.0
7970,2,46.981784867617655,46.981784867617655,100.0
7980,0,23.735989189934642,23.735989189934642,100.0
7980,1,25.487076108845013,25.487076108845013,100.0
7980,2,50.77693470122034,50.77693470122034,100.0
7990,0,25.33583129594576,25.33583129594576,100.0
7990,1,30.433728123495708,30.433728123495708,100.0
7990,2,44.230440580558536,44.230440580558536,100.0
8000,0,23.024984346128786,23.024984346128786,100.0
8000,1,38.88367912114678,38.88367912114678,100.0
8000,2,38.09133653272444,38.09133653272444,100.0
8010,0,23.547217467817077,23.547217467817077,100.0
8010,1,27.857449615521034,27.857449615521034,100.0
8010,2,48.59533291666189,48.59533291666189,100.0
8020,0,24.48542429845172,24.48542429845172,100.0
8020,1,31.64973765071733,31.64973765071733,100.0
8020,2,43.864838050830954,43.864838050830954,100.0
8030,0,21.174170796748676,21.174170796748676,100.0
8030,1,41.96421633435528,41.96421633435528,100.0
8030,2,36.861612868896046,36.861612868896046,100.0
8040,0,23.550451090741397,23.550451090741397,100.0
8040,1,28.71646053468122,28.71646053468122,100.0
8040,2,47.733088374577385,47.733088374577385,100.0
8050,0,22.094846178859985,22.094846178859985,100.0
8050,1,37.362881198664155,37.362881198664155,100.0
8050,2,40.54227262247586,40.54227262247586,100.0
8060,0,22.278648762095802,22.278648762095802,100.0
8060,1,37.0898354248651,37.0898354248651,100.0
8060,2,40.6315158130391,40.6315158130391,100.0
8070,0,22.61911578355952,22.61911578355952,100.0
8070,1,45.46531474695665,45.46531474695665,100.0
8070,2,31.915569469483835,31.915569469483835,100.0
8080,0,21.256825289792072,21.256825289792072,100.0
8080,1,35.64522275879004,35.64522275879004,100.0
8080,2,43.0979519514179,43.0979519514179,100.0
8090,0,20.986230324775207,20.986230324775207,100.0
8090,1,42.324949931290725,42.324949931290725,100.0
8090,2,36.68881974393407,36.68881974393407,100.0
8100,0,23.31434418478988,23.31434418478988,100.0
8100,1,33.403541410328636,33.403541410328636,100.0
8100,2,43.28211440488148,43.28211440488148,100.0
8110,0,23.50966730695476,23.50966730695476,100.0
8110,1,32.16701414392666,32.16701414392666,100.0
8110,2,44.32331854911858,44.32331854911858,100.0
8120,0,22.70199976208189,22.70199976208189,100.0
8120,1,29.045903726787607,29.045903726787607,100.0
8120,2,48.25209651113051,48.25209651113051,100.0
8130,0,21.666473242515522,21.666473242515522,100.0
8130,1,41.495271166796364,41.495271166796364,100.0
8130,2,36.83825559068812,36.83825559068812,100.0
8140,0,23.435150704809665,23.435150704809665,100.0
8140,1,32.20689199115163,32.20689199115163,100.0
8140,2,44.357957304038706,44.357957304038706,100.0
8150,0,23.437454603360006,23.437454603360006,100.0
8150,1,32.08906407519292,32.08906407519292,100.0
8150,2,44.473481321447075,44.473481321447075,100.0
8160,0,21.403621950921103,21.403621950921103,100.0
8160,1,37.80580457653042,37.80580457653042,100.0
8160,2,40.790573472548466,40.790573472548466,100.0
8170,0,23.45666904532327,23.45666904532327,100.0
8170,1,33.07953774839384,33.07953774839384,100.0
8170,2,43.46379320628289,43.46379320628289,100.0
8180,0,23.638236274852467,23.638236274852467,100.0
8180,1,31.095210140380402,31.095210140380402,100.0
8180,2,45.26655358476713,45.26655358476713,100.0
8190,0,21.83876102357944,21.83876102357944,100.0
8190,1,43.74339037020562,43.74339037020562,100.0
8190,2,34.41784860621494,34.41784860621494,100.0
8200,0,21.982321997716138,21.982321997716138,100.0
8200,1,38.76685302551653,38.76685302551653,100.0
8200,2,39.250824976767326,39.250824976767326,100.0
8210,0,24.893217429999247,24.893217429999247,100.0
8210,1,26.932951969526552,26.932951969526552,100.0
8210,2,48.1738306004742,48.1738306004742,100.0
8220,0,22.247648752190194,22.247648752190194,100.0
8220,1,45.29173497108131,45.29173497108131,100.0
8220,2,32.460616276728494,32.460616276728494,100.0
8230,0,22.06740553848809,22.06740553848809,100.0
8230,1,30.098774767771392,30.098774767771392,100.0
8230,2,47.83381969374052,47.83381969374052,100.0
8240,0,24.563861798975058,24.563861798975058,100.0
8240,1,32.43034249227407,32.43034249227407,100.0
8240,2,43.005795708750874,43.005795708750874,100.0
8250,0,22.11280880178187,22.11280880178187,100.0
8250,1,40.57566460465385,40.57566460465385,100.0
8250,2,37.31152659356427,37.31152659356427,100.0
8260,0,23.019160686675857,23.019160686675857,100.0
8260,1,31.922998513038927,31.922998513038927,100.0
8260,2,45.05784080028522,45.05784080028522,100.0
8270,0,23.444894555846286,23.444894555846286,100.0
8270,1,27.98240013112714,27.98240013112714,100.0
8270,2,48.57270531302658,48.57270531302658,100.0
8280,0,24.84034671860414,24.84034671860414,100.0
8280,1,29.358227693990813,29.358227693990813,100.0
8280,2,45.80142558740505,45.80142558740505,100.0
8290,0,23.981764142918436,23.981764142918436,100.0
8290,1,32.398391874552175,32.398391874552175,100.0
8290,2,43.61984398252939,43.61984398252939,100.0
8300,0,21.224702831344082,21.224702831344082,100.0
8300,1,39.6191313096187,39.6191313096187,100.0
8300,2,39.15616585903721,39.15616585903721,100.0
8310,0,24.232675060522613,24.232675060522613,100.0
8310,1,37.88673449696652,37.88673449696652,100.0
8310,2,37.88059044251087,37.88059044251087,100.0
8320,0,26.874871617785743,26.874871617785743,100.0
8320,1,45.96909127793622,45.96909127793622,100.0
8320,2,27.156037104278024,27.156037104278024,100.0
8330,0,22.143923144969072,22.143923144969072,100.0
8330,1,26.6143795373068,26.6143795373068,100.0
8330,2,51.24169731772413,51.24169731772413,100.0
8340,0,22.870155209313292,22.870155209313292,100.0
8340,1,38.606233923813015,38.606233923813015,100.0
8340,2,38.52361086687369,38.52361086687369,100.0
8350,0,25.197092320428354,25.197092320428354,100.0
8350,1,29.238596852897995,29.238596852897995,100.0
8350,2,45.56431082667365,45.56431082667365,100.0
8360,0,28.754056115332432,28.754056115332432,100.0
8360,1,29.009752395755918,29.009752395755918,100.0
8360,2,42.23619148891165,42.23619148891165,100.0
8370,0,22.980168360482526,22.980168360482526,100.0
8370,1,29.922412452172793,29.922412452172793,100.0
8370,2,47.09741918734468,47.09741918734468,100.0
8380,0,23.529752634207124,23.529752634207124,100.0
8380,1,42.34196667722845,42.34196667722845,100.0
8380,2,34.12828068856443,34.12828068856443,100.0
8390,0,22.126370472576575,22.126370472576575,100.0
8390,1,43.75978718803747,43.75978718803747,100.0
8390,2,34.11384233938595,34.11384233938595,100.0
8400,0,22.93363776554655,22.93363776554655,100.0
8400,1,32.72676538076038,32.72676538076038,100.0
8400,2,44.33959685369307,44.33959685369307,100.0
8410,0,24.553659920441614,24.553659920441614,100.0
8410,1,32.508686269459986,32.508686269459986,100.0
8410,2,42.9376538100984,42.9376538100984,100.0
8420,0,21.54029751884141,21.54029751884141,100.0
8420,1,43.908049689266264,43.908049689266264,100.0
8420,2,34.55165279189234,34.55165279189234,100.0
8430,0,26.584202224460036,26.584202224460036,100.0
8430,1,33.70784902687019,33.70784902687019,100.0
8430,2,39.70794874866977,39.70794874866977,100.0
8440,0,20.337453833414585,20.337453833414585,100.0
8440,1,43.34210099991911,43.34210099991911,100.0
8440,2,36.3204451666663,36.3204451666663,100.0
8450,0,21.16588103190108,21.16588103190108,100.0
8450,1,37.725631287723324,37.725631287723324,100.0
8450,2,41.108487680375596,41.108487680375596,100.0
8460,0,27.72277933765147,27.72277933765147,100.0
8460,1,31.825232575476896,31.825232575476896,100.0
8460,2,40.45198808687163,40.45198808687163,100.0
8470,0,23.682768046612388,23.682768046612388,100.0
8470,1,37.94205587808565,37.94205587808565,100.0
8470,2,38.375176075301965,38.375176075301965,100.0
8480,0,22.352833607649448,22.352833607649448,100.0
8480,1,38.18388290361605,38.18388290361605,100.0
8480,2,39.463283488734504,39.463283488734504,100.0
8490,0,22.558112074092676,22.558112074092676,100.0
8490,1,30.765708550460637,30.765708550460637,100.0
8490,2,46.67617937544669,46.67617937544669,100.0
8500,0,26.144104525296996,26.144104525296996,100.0
8500,1,27.407850053106447,27.407850053106447,100.0
8500,2,46.44804542159657,46.44804542159657,100.0
8510,0,22.954960787874207,22.954960787874207,100.0
8510,1,42.814641076915564,42.814641076915564,100.0
8510,2,34.23039813521023,34.23039813521023,100.0
8520,0,22.03156718474349,22.03156718474349,100.0
8520,1,34.402338282460555,34.402338282460555,100.0
8520,2,43.56609453279596,43.56609453279596,100.0
8530,0,23.178219274800487,23.178219274800487,100.0
8530,1,30.868397568053997,30.868397568053997,100.0
8530,2,45.95338315714552,45.95338315714552,100.0
8540,0,28.015277258264206,28.015277258264206,100.0
8540,1,28.618449962720334,28.618449962720334,100.0
8540,2,43.366272779015475,43.366272779015475,100.0
8550,0,23.21237609672517,23.21237609672517,100.0
8550,1,30.040385463499852,30.040385463499852,100.0
8550,2,46.74723843977498,46.74723843977498,100.0
8560,0,24.04045246463906,24.04045246463906,100.0
8560,1,39.292229807085164,39.292229807085164,100.0
8560,2,36.66731772827577,36.66731772827577,100.0
8570,0,22.386364829540906,22.386364829540906,100.0
8570,1,31.765099619568048,31.765099619568048,100.0
8570,2,45.84853555089105,45.84853555089105,100.0
8580,0,23.27407550925781,23.27407550925781,100.0
8580,1,28.452733879076348,28.452733879076348,100.0
8580,2,48.27319061166585,48.27319061166585,100.0
8590,0,23.255164475459328,23.255164475459328,100.0
8590,1,27.141894961442958,27.141894961442958,100.0
8590,2,49.60294056309771,49.60294056309771,100.0
8600,0,21.98555278463045,21.98555278463045,100.0
8600,1,31.234892384587347,31.234892384587347,100.0
8600,2,46.7795548307822,46.7795548307822,100.0
8610,0,25.435100745294058,25.435100745294058,100.0
8610,1,28.527648195033134,28.527648195033134,100.0
8610,2,46.03725105967282,46.03725105967282,100.0
8620,0,24.084318485696617,24.084318485696617,100.0
8620,1,40.587127430318034,40.587127430318034,100.0
8620,2,35.32855408398535,35.32855408398535,100.0
8630,0,22.40118372887507,22.40118372887507,100.0
8630,1,39.638915995745286,39.638915995745286,100.0
8630,2,37.959900275379646,37.959900275379646,100.0
8640,0,24.023155964569764,24.023155964569764,100.0
8640,1,28.621158716744468,28.621158716744468,100.0
8640,2,47.35568531868577,47.35568531868577,100.0
8650,0,22.44865764968293,22.44865764968293,100.0
8650,1,33.92847673987936,33.92847673987936,100.0
8650,2,43.622865610437714,43.622865610437714,100.0
8660,0,22.306841132537244,22.306841132537244,100.0
8660,1,39.00710072368209,39.00710072368209,100.0
8660,2,38.68605814378066,38.68605814378066,100.0
8670,0,23.496979065977996,23.496979065977996,100.0
8670,1,43.521232631930914,43.521232631930914,100.0
8670,2,32.9817883020911,32.9817883020911,100.0
8680,0,21.04212146579088,21.04212146579088,100.0
8680,1,38.22488117927705,38.22488117927705,100.0
8680,2,40.732997354932074,40.732997354932074,100.0
8690,0,25.29428135822385,25.29428135822385,100.0
8690,1,26.378308111982363,26.378308111982363,100.0
8690,2,48.327410529793795,48.327410529793795,100.0
8700,0,23.788852767738415,23.788852767738415,100.0
8700,1,30.65272471419175,30.65272471419175,100.0
8700,2,45.55842251806983,45.55842251806983,100.0
8710,0,21.644823051906936,21.644823051906936,100.0
8710,1,39.012646584259116,39.012646584259116,100.0
8710,2,39.34253036383395,39.34253036383395,100.0
8720,0,24.799864149230043,24.799864149230043,100.0
8720,1,28.541750437159997,28.541750437159997,100.0
8720,2,46.65838541360996,46.65838541360996,100.0
8730,0,23.031189809171096,23.031189809171096,100.0
8730,1,26.858998613672014,26.858998613672014,100.0
8730,2,50.109811577156904,50.109811577156904,100.0
8740,0,23.694991114627246,23.694991114627246,100.0
8740,1,29.306793671880282,29.306793671880282,100.0
8740,2,46.99821521349247,46.99821521349247,100.0
8750,0,25.007429602530244,25.007429602530244,100.0
8750,1,37.6390663757875,37.6390663757875,100.0
8750,2,37.35350402168225,37.35350402168225,100.0
8760,0,26.857993999277063,26.857993999277063,100.0
8760,1,31.90962079089445,31.90962079089445,100.0
8760,2,41.232385209828486,41.232385209828486,100.0
8770,0,21.222065103251868,21.222065103251868,100.0
8770,1,43.058061581865324,43.058061581865324,100.0
8770,2,35.7198733148828,35.7198733148828,100.0
8780,0,23.909151210463794,23.909151210463794,100.0
8780,1,27.111802991113628,27.111802991113628,100.0
8780,2,48.979045798422575,48.979045798422575,100.0
8790,0,20.979636636880272,20.979636636880272,100.0
8790,1,42.160539707410706,42.160539707410706,100.0
8790,2,36.85982365570902,36.85982365570902,100.0
8800,0,21.207451462994285,21.207451462994285,100.0
8800,1,43.536459683501086,43.536459683501086,100.0
8800,2,35.25608885350464,35.25608885350464,100.0
8810,0,25.148045687361133,25.148045687361133,100.0
8810,1,34.38596982651402,34.38596982651402,100.0
8810,2,40.46598448612485,40.46598448612485,100.0
8820,0,21.70072768605976,21.70072768605976,100.0
8820,1,38.09266968976875,38.09266968976875,100.0
8820,2,40.206602624171495,40.206602624171495,100.0
8830,0,22.815945477474344,22.815945477474344,100.0
8830,1,30.810300239486555,30.810300239486555,100.0
8830,2,46.373754283039105,46.373754283039105,100.0
8840,0,23.4815942091234,23.4815942091234,100.0
8840,1,32.154073212268074,32.154073212268074,100.0
8840,2,44.364332578608526,44.364332578608526,100.0
8850,0,24.89853448154688,24.89853448154688,100.0
8850,1,32.968767853470574,32.968767853470574,100.0
8850,2,42.13269766498256,42.13269766498256,100.0
8860,0,22.566405883804126,22.566405883804126,100.0
8860,1,43.153854467533684,43.153854467533684,100.0
8860,2,34.2797396486622,34.2797396486622,100.0
8870,0,23.40357944746127,23.40357944746127,100.0
8870,1,35.88134276481738,35.88134276481738,100.0
8870,2,40.715077787721356,40.715077787721356,100.0
8880,0,23.18947542681108,23.18947542681108,100.0
8880,1,30.271045200295944,30.271045200295944,100.0
8880,2,46.53947937289298,46.53947937289298,100.0
8890,0,25.110549819563023,25.110549819563023,100.0
8890,1,27.612132427586662,27.612132427586662,100.0
8890,2,47.27731775285032,47.27731775285032,100.0
8900,0,24.998446696753515,24.998446696753515,100.0
8900,1,26.881506442289364,26.881506442289364,100.0
8900,2,48.120046860957125,48.120046860957125,100.0
8910,0,24.1904130816926,24.1904130816926,100.0
8910,1,33.188969507437456,33.188969507437456,100.0
8910,2,42.62061741086994,42.62061741086994,100.0
8920,0,22.860500880013902,22.860500880013902,100.0
8920,1,26.650541392670778,26.650541392670778,100.0
8920,2,50.488957727315324,50.488957727315324,100.0
8930,0,22.961577436736846,22.961577436736846,100.0
8930,1,40.92728520310645,40.92728520310645,100.0
8930,2,36.11113736015671,36.11113736015671,100.0
8940,0,23.462337948935502,23.462337948935502,100.0
8940,1,33.14739155925403,33.14739155925403,100.0
8940,2,43.390270491810476,43.390270491810476,100.0
8950,0,22.1117418074162,22.1117418074162,100.0
8950,1,32.27551072017255,32.27551072017255,100.0
8950,2,45.61274747241125,45.61274747241125,100.0
8960,0,22.17521851536187,22.17521851536187,100.0
8960,1,48.01002344321046,48.01002344321046,100.0
8960,2,29.81475804142767,29.81475804142767,100.0
8970,0,23.3740950048673,23.3740950048673,100.0
8970,1,25.903917255732612,25.903917255732612,100.0
8970,2,50.7219877394001,50.7219877394001,100.0
8980,0,23.05420747657343,23.05420747657343,100.0
8980,1,27.94199945424846,27.94199945424846,100.0
8980,2,49.00379306917811,49.00379306917811,100.0
8990,0,23.047143270744424,23.047143270744424,100.0
8990,1,37.83200313511185,37.83200313511185,100.0
8990,2,39.12085359414373,39.12085359414373,100.0
9000,0,23.283420565840547,23.283420565840547,100.0
9000,1,29.335806230472183,29.335806230472183,100.0
9000,2,47.38077320368726,47.38077320368726,100.0
9010,0,23.245333447186194,23.245333447186194,100.0
9010,1,33.528228549274786,33.528228549274786,100.0
9010,2,43.22643800353902,43.22643800353902,100.0
9020,0,21.19253941405417,21.19253941405417,100.0
9020,1,43.52459124467171,43.52459124467171,100.0
9020,2,35.28286934127413,35.28286934127413,100.0
9030,0,23.12250254839911,23.12250254839911,100.0
9030,1,35.21923549526286,35.21923549526286,100.0
9030,2,41.65826195633804,41.65826195633804,100.0
9040,0,23.56785062207815,23.56785062207815,100.0
9040,1,33.038413694927165,33.038413694927165,100.0
9040,2,43.39373568299468,43.39373568299468,100.0
9050,0,25.156609306044338,25.156609306044338,100.0
9050,1,32.64408425761548,32.64408425761548,100.0
9050,2,42.19930643634019,42.19930643634019,100.0
9060,0,24.046982173908777,24.046982173908777,100.0
9060,1,26.34508546261688,26.34508546261688,100.0
9060,2,49.60793236347434,49.60793236347434,100.0
9070,0,23.07667395215945,23.07667395215945,100.0
9070,1,37.73158842981188,37.73158842981188,100.0
9070,2,39.19173761802867,39.19173761802867,100.0
9080,0,23.56950769972943,23.56950769972943,100.0
9080,1,30.24313533319065,30.24313533319065,100.0
9080,2,46.187356967079914,46.187356967079914,100.0
9090,0,26.024136681461112,26.024136681461112,100.0
9090,1,26.035820610520265,26.035820610520265,100.0
9090,2,47.94004270801862,47.94004270801862,100.0
9100,0,23.134124280094394,23.134124280094394,100.0
9100,1,28.841435166613127,28.841435166613127,100.0
9100,2,48.02444055329248,48.02444055329248,100.0
9110,0,22.02834624271749,22.02834624271749,100.0
9110,1,35.96908013480321,35.96908013480321,100.0
9110,2,42.002573622479304,42.002573622479304,100.0
9120,0,22.432257975135972,22.432257975135972,100.0
9120,1,28.088871687576127,28.088871687576127,100.0
9120,2,49.4788703372879,49.4788703372879,100.0
9130,0,22.320199550635216,22.320199550635216,100.0
9130,1,38.02491236908349,38.02491236908349,100.0
9130,2,39.654888080281296,39.654888080281296,100.0
9140,0,22.46297060200297,22.46297060200297,100.0
9140,1,39.480066018495954,39.480066018495954,100.0
9140,2,38.05696337950108,38.05696337950108,100.0
9150,0,23.490166988409467,23.490166988409467,100.0
9150,1,27.452808195383337,27.452808195383337,100.0
9150,2,49.05702481620719,49.05702481620719,100.0
9160,0,22.389842007560436,22.389842007560436,100.0
9160,1,31.46468908645939,31.46468908645939,100.0
9160,2,46.145468905980174,46.145468905980174,100.0
9170,0,23.578507625050037,23.578507625050037,100.0
9170,1,36.615263613079705,36.615263613079705,100.0
9170,2,39.80622876187026,39.80622876187026,100.0
9180,0,26.89085778064129,26.89085778064129,100.0
9180,1,31.666456169906603,31.666456169906603,100.0
9180,2,41.4426860494521,41.4426860494521,100.0
9190,0,22.61644116109338,22.61644116109338,100.0
9190,1,27.811370228424597,27.811370228424597,100.0
9190,2,49.57218861048202,49.57218861048202,100.0
9200,0,21.490638236188314,21.490638236188314,100.0
9200,1,39.507588737129275,39.507588737129275,100.0
9200,2,39.001773026682415,39.001773026682415,100.0
9210,0,21.02700957028214,21.02700957028214,100.0
9210,1,42.584339071247044,42.584339071247044,100.0
9210,2,36.38865135847082,36.38865135847082,100.0
9220,0,20.900378975155558,20.900378975155558,100.0
9220,1,41.25505642898988,41.25505642898988,100.0
9220,2,37.84456459585455,37.84456459585455,100.0
9230,0,22.25539122452648,22.25539122452648,100.0
9230,1,36.06423663154861,36.06423663154861,100.0
9230,2,41.68037214392492,41.68037214392492,100.0
9240,0,20.871964401754017,20.871964401754017,100.0
9240,1,42.643013755903716,42.643013755903716,100.0
9240,2,36.48502184234227,36.48502184234227,100.0
9250,0,26.613380896840678,26.613380896840678,100.0
9250,1,38.61502010720591,38.61502010720591,100.0
9250,2,34.771598995953404,34.771598995953404,100.0
9260,0,23.408132910442696,23.408132910442696,100.0
9260,1,26.435315222890793,26.435315222890793,100.0
9260,2,50.15655186666651,50.15655186666651,100.0
9270,0,22.4269428827057,22.4269428827057,100.0
9270,1,35.775247540782004,35.775247540782004,100.0
9270,2,41.79780957651229,41.79780957651229,100.0
9280,0,22.853683176430174,22.853683176430174,100.0
9280,1,25.90835056851516,25.90835056851516,100.0
9280,2,51.23796625505468,51.23796625505468,100.0
9290,0,22.861744973002956,22.861744973002956,100.0
9290,1,32.81262016404255,32.81262016404255,100.0
9290,2,44.325634862954495,44.325634862954495,100.0
9300,0,24.186846658692723,24.186846658692723,100.0
9300,1,26.984710443037624,26.984710443037624,100.0
9300,2,48.82844289826965,48.82844289826965,100.0
9310,0,23.26520657743761,23.26520657743761,100.0
9310,1,33.22827340403646,33.22827340403646,100.0
9310,2,43.50652001852593,43.50652001852593,100.0
9320,0,23.388195202868527,23.388195202868527,100.0
9320,1,35.20034604424741,35.20034604424741,100.0
9320,2,41.41145875288406,41.41145875288406,100.0
9330,0,21.640784470270408,21.640784470270408,100.0
9330,1,35.70599672514943,35.70599672514943,100.0
9330,2,42.65321880458015,42.65321880458015,100.0
9340,0,21.67747984672678,21.67747984672678,100.0
9340,1,43.05589546029284,43.05589546029284,100.0
9340,2,35.26662469298039,35.26662469298039,100.0
9350,0,22.281702960936663,22.281702960936663,100.0
9350,1,37.19132762012013,37.19132762012013,100.0
9350,2,40.52696941894321,40.52696941894321,100.0
9360,0,24.649624174041136,24.649624174041136,100.0
9360,1,37.59662235956876,37.59662235956876,100.0
9360,2,37.753753466390094,37.753753466390094,100.0
9370,0,22.208725394320506,22.208725394320506,100.0
9370,1,38.95366702447403,38.95366702447403,100.0
9370,2,38.83760758120547,38.83760758120547,100.0
9380,0,24.484148783820114,24.484148783820114,100.0
9380,1,27.24793229345196,27.24793229345196,100.0
9380,2,48.26791892272793,48.26791892272793,100.0
9390,0,20.6028623588744,20.6028623588744,100.0
9390,1,43.14938257718152,43.14938257718152,100.0
9390,2,36.24775506394408,36.24775506394408,100.0
9400,0,24.353911692505598,24.353911692505598,100.0
9400,1,30.2596920210717,30.2596920210717,100.0
9400,2,45.38639628642271,45.38639628642271,100.0
9410,0,23.495156113203407,23.495156113203407,100.0
9410,1,49.56644472829006,49.56644472829006,100.0
9410,2,26.93839915850653,26.93839915850653,100.0
9420,0,23.982677346628183,23.982677346628183,100.0
9420,1,25.759956204374667,25.759956204374667,100.0
9420,2,50.25736644899715,50.25736644899715,100.0
9430,0,22.836268828697104,22.836268828697104,100.0
9430,1,40.43517367411814,40.43517367411814,100.0
9430,2,36.72855749718475,36.72855749718475,100.0
9440,0,23.39789442920527,23.39789442920527,100.0
9440,1,29.56772090737152,29.56772090737152,100.0
9440,2,47.034384663423204,47.034384663423204,100.0
9450,0,24.734922197802696,24.734922197802696,100.0
9450,1,33.61850513747223,33.61850513747223,100.0
9450,2,41.64657266472507,41.64657266472507,100.0
9460,0,21.675177722886744,21.675177722886744,100.0
9460,1,38.904716595428766,38.904716595428766,100.0
9460,2,39.42010568168449,39.42010568168449,100.0
9470,0,22.485495084339874,22.485495084339874,100.0
9470,1,30.145270043344773,30.145270043344773,100.0
9470,2,47.36923487231535,47.36923487231535,100.0
9480,0,23.507708276504513,23.507708276504513,100.0
9480,1,41.87688362441796,41.87688362441796,100.0
9480,2,34.61540809907753,34.61540809907753,100.0
9490,0,23.070769690061734,23.070769690061734,100.0
9490,1,32.1242850798359,32.1242850798359,100.0
9490,2,44.80494523010237,44.80494523010237,100.0
9500,0,21.47386538604586,21.47386538604586,100.0
9500,1,40.58989800128997,40.58989800128997,100.0
9500,2,37.93623661266418,37.93623661266418,100.0
9510,0,22.819136640869587,22.819136640869587,100.0
9510,1,42.900978144350866,42.900978144350866,100.0
9510,2,34.279885214779554,34.279885214779554,100.0
9520,0,20.61587565153656,20.61587565153656,100.0
9520,1,41.68110970324725,41.68110970324725,100.0
9520,2,37.7030146452162,37.7030146452162,100.0
9530,0,23.864986059021266,23.864986059021266,100.0
9530,1,27.328390681975634,27.328390681975634,100.0
9530,2,48.8066232590031,48.8066232590031,100.0
9540,0,22.435051414411834,22.435051414411834,100.0
9540,1,28.08565324949418,28.08565324949418,100.0
9540,2,49.47929533609398,49.47929533609398,100.0
9550,0,22.984980255554248,22.984980255554248,100.0
9550,1,29.15866136826143,29.15866136826143,100.0
9550,2,47.856358376184325,47.856358376184325,100.0
9560,0,22.673296136023584,22.673296136023584,100.0
9560,1,38.1581162838704,38.1581162838704,100.0
9560,2,39.16858758010602,39.16858758010602,100.0
9570,0,22.24918225590277,22.24918225590277,100.0
9570,1,35.329271213391934,35.329271213391934,100.0
9570,2,42.4215465307053,42.4215465307053,100.0
9580,0,22.301357216393193,22.301357216393193,100.0
9580,1,34.40505667508378,34.40505667508378,100.0
9580,2,43.29358610852302,43.29358610852302,100.0
9590,0,24.350459233043427,24.350459233043427,100.0
9590,1,27.045417916798698,27.045417916798698,100.0
9590,2,48.604122850157886,48.604122850157886,100.0
9600,0,21.994438741597428,21.994438741597428,100.0
9600,1,42.97326335309283,42.97326335309283,100.0
9600,2,35.03229790530974,35.03229790530974,100.0
9610,0,21.794223153778688,21.794223153778688,100.0
9610,1,40.3636975214887,40.3636975214887,100.0
9610,2,37.842079324732616,37.842079324732616,100.0
9620,0,23.980905992790767,23.980905992790767,100.0
9620,1,27.09208277264369,27.09208277264369,100.0
9620,2,48.92701123456554,48.92701123456554,100.0
9630,0,21.91822231600557,21.91822231600557,100.0
9630,1,40.18171778637975,40.18171778637975,100.0
9630,2,37.90005989761468,37.90005989761468,100.0
9640,0,24.921757668863282,24.921757668863282,100.0
9640,1,28.202802247250112,28.202802247250112,100.0
9640,2,46.8754400838866,46.8754400838866,100.0
9650,0,26.31235283623006,26.31235283623006,100.0
9650,1,26.33221241229674,26.33221241229674,100.0
9650,2,47.355434751473204,47.355434751473204,100.0
9660,0,21.511394991992894,21.511394991992894,100.0
9660,1,42.589706409771445,42.589706409771445,100.0
9660,2,35.89889859823566,35.89889859823566,100.0
9670,0,23.959121335904936,23.959121335904936,100.0
9670,1,26.29739860211009,26.29739860211009,100.0
9670,2,49.743480061984975,49.743480061984975,100.0
9680,0,22.7615333249699,22.7615333249699,100.0
9680,1,30.919815629042258,30.919815629042258,100.0
9680,2,46.31865104598785,46.31865104598785,100.0
9690,0,22.775544038023966,22.775544038023966,100.0
9690,1,42.652530658494335,42.652530658494335,100.0
9690,2,34.5719253034817,34.5719253034817,100.0
9700,0,24.49201565008012,24.49201565008012,100.0
9700,1,32.22374907257771,32.22374907257771,100.0
9700,2,43.28423527734216,43.28423527734216,100.0
9710,0,23.572208668632168,23.572208668632168,100.0
9710,1,30.86939834119111,30.86939834119111,100.0
9710,2,45.55839299017672,45.55839299017672,100.0
9720,0,24.99136598154789,24.99136598154789,100.0
9720,1,29.95444567873151,29.95444567873151,100.0
9720,2,45.0541883397206,45.0541883397206,100.0
9730,0,28.409064414907537,28.409064414907537,100.0
9730,1,25.60739940019775,25.60739940019775,100.0
9730,2,45.98353618489471,45.98353618489471,100.0
9740,0,21.94847521984179,21.94847521984179,100.0
9740,1,38.46509907488771,38.46509907488771,100.0
9740,2,39.5864257052705,39.5864257052705,100.0
9750,0,21.025168169350266,21.025168169350266,100.0
9750,1,44.792133724490846,44.792133724490846,100.0
9750,2,34.18269810615888,34.18269810615888,100.0
9760,0,20.55664702478441,20.55664702478441,100.0
9760,1,44.340244068574044,44.340244068574044,100.0
9760,2,35.103108906641545,35.103108906641545,100.0
9770,0,23.218890631814393,23.218890631814393,100.0
9770,1,37.04650702823328,37.04650702823328,100.0
9770,2,39.73460233995233,39.73460233995233,100.0
9780,0,26.693479050100166,26.693479050100166,100.0
9780,1,35.851598168509,35.851598168509,100.0
9780,2,37.454922781390835,37.454922781390835,100.0
9790,0,23.632428659227788,23.632428659227788,100.0
9790,1,29.291587201269444,29.291587201269444,100.0
9790,2,47.07598413950277,47.07598413950277,100.0
9800,0,21.43413120834036,21.43413120834036,100.0
9800,1,40.74694806316234,40.74694806316234,100.0
9800,2,37.818920728497304,37.818920728497304,100.0
9810,0,24.25887964621961,24.25887964621961,100.0
9810,1,28.484127560239315,28.484127560239315,100.0
9810,2,47.25699279354108,47.25699279354108,100.0
9820,0,20.842834551307416,20.842834551307416,100.0
9820,1,40.4969890689805,40.4969890689805,100.0
9820,2,38.660176379712084,38.660176379712084,100.0
9830,0,21.550025004906555,21.550025004906555,100.0
9830,1,42.985867597353,42.985867597353,100.0
9830,2,35.46410739774044,35.46410739774044,100.0
9840,0,21.44014713751486,21.44014713751486,100.0
9840,1,43.74943267517993,43.74943267517993,100.0
9840,2,34.810420187305205,34.810420187305205,100.0
9850,0,22.92762625978435,22.92762625978435,100.0
9850,1,32.68945822413427,32.68945822413427,100.0
9850,2,44.382915516081376,44.382915516081376,100.0
9860,0,22.85112653929839,22.85112653929839,100.0
9860,1,35.428141434953226,35.428141434953226,100.0
9860,2,41.72073202574839,41.72073202574839,100.0
9870,0,23.189099632956317,23.189099632956317,100.0
9870,1,35.412833876201496,35.412833876201496,100.0
9870,2,41.39806649084219,41.39806649084219,100.0
9880,0,20.890837440549454,20.890837440549454,100.0
9880,1,41.59395156216411,41.59395156216411,100.0
9880,2,37.515210997286445,37.515210997286445,100.0
9890,0,21.560138962278756,21.560138962278756,100.0
9890,1,38.13036778079043,38.13036778079043,100.0
9890,2,40.309493256930814,40.309493256930814,100.0
9900,0,22.327743716377217,22.327743716377217,100.0
9900,1,29.398130988924592,29.398130988924592,100.0
9900,2,48.27412529469819,48.27412529469819,100.0
9910,0,26.740787384843216,26.740787384843216,100.0
9910,1,27.635885848655217,27.635885848655217,100.0
9910,2,45.62332676650158,45.62332676650158,100.0
9920,0,22.042644805523466,22.042644805523466,100.0
9920,1,36.38081786342552,36.38081786342552,100.0
9920,2,41.576537331051014,41.576537331051014,100.0
9930,0,22.150331966763794,22.150331966763794,100.0
9930,1,40.41819544379185,40.41819544379185,100.0
9930,2,37.431472589444354,37.431472589444354,100.0
9940,0,25.820544755865054,25.820544755865054,100.0
9940,1,32.5480182531649,32.5480182531649,100.0
9940,2,41.63143699097006,41.63143699097006,100.0
9950,0,23.01790980184079,23.01790980184079,100.0
9950,1,30.465961838549994,30.465961838549994,100.0
9950,2,46.51612835960922,46.51612835960922,100.0
9960,0,23.07765492466785,23.07765492466785,100.0
9960,1,26.13247347078803,26.13247347078803,100.0
9960,2,50.78987160454411,50.78987160454411,100.0
9970,0,23.334628386332597,23.334628386332597,100.0
9970,1,40.132182653512494,40.132182653512494,100.0
9970,2,36.53318896015492,36.53318896015492,100.0
9980,0,21.78127974239282,21.78127974239282,100.0
9980,1,44.065207247072316,44.065207247072316,100.0
9980,2,34.153513010534866,34.153513010534866,100.0
9990,0,23.409511873863778,23.409511873863778,100.0
9990,1,38.865812375826295,38.865812375826295,100.0
9990,2,37.72467575030993,37.72467575030993,100.0
