callId,timeMs,scenario,slot,bwpId,beamId,sliceId,rnti,bufQueueSize,dlTbSizeBefore,hasDemand,demandPassed,rbgAllocated,uniqueRbgs,tbSizeBytes,mcs,rank,numRbPerRbg,reason
1,503,normal,0,0,65535_65535,0,1,3069,0,0,1,0,0,0,15,1,1,pre_allocation
1,503,normal,0,0,65535_65535,0,1,3069,35,1,1,1,1,35,15,1,1,allocated
1,503,normal,0,0,65535_65535,0,2,3069,0,0,1,0,0,0,15,1,1,pre_allocation
1,503,normal,0,0,65535_65535,0,2,3069,35,1,1,1,1,35,15,1,1,allocated
1,503,normal,0,0,65535_65535,0,3,3069,0,0,1,0,0,0,15,1,1,pre_allocation
1,503,normal,0,0,65535_65535,0,3,3069,35,1,1,1,1,35,15,1,1,allocated
1,503,normal,0,0,65535_65535,0,4,3069,0,0,1,0,0,0,15,1,1,pre_allocation
1,503,normal,0,0,65535_65535,0,4,3069,35,1,1,1,1,35,15,1,1,allocated
1,503,normal,0,0,65535_65535,0,5,3069,0,0,1,0,0,0,15,1,1,pre_allocation
1,503,normal,0,0,65535_65535,0,5,3069,35,1,1,1,1,35,15,1,1,allocated
1,503,normal,0,0,65535_65535,0,1,3069,35,0,1,0,1,0,15,1,1,pre_allocation
1,503,normal,0,0,65535_65535,0,1,3069,74,1,1,1,2,74,15,1,1,allocated
1,503,normal,0,0,65535_65535,0,2,3069,35,0,1,0,1,0,15,1,1,pre_allocation
1,503,normal,0,0,65535_65535,0,2,3069,74,1,1,1,2,74,15,1,1,allocated
1,503,normal,0,0,65535_65535,0,3,3069,35,0,1,0,1,0,15,1,1,pre_allocation
1,503,normal,0,0,65535_65535,0,3,3069,74,1,1,1,2,74,15,1,1,allocated
1,503,normal,0,0,65535_65535,0,4,3069,35,0,1,0,1,0,15,1,1,pre_allocation
1,503,normal,0,0,65535_65535,0,4,3069,74,1,1,1,2,74,15,1,1,allocated
1,503,normal,0,0,65535_65535,0,5,3069,35,0,1,0,1,0,15,1,1,pre_allocation
1,503,normal,0,0,65535_65535,0,5,3069,74,1,1,1,2,74,15,1,1,allocated
1,503,normal,0,0,65535_65535,0,1,3069,74,0,1,0,2,0,15,1,1,pre_allocation
1,503,normal,0,0,65535_65535,0,1,3069,112,1,1,1,3,112,15,1,1,allocated
1,503,normal,0,0,65535_65535,0,2,3069,74,0,1,0,2,0,15,1,1,pre_allocation
1,503,normal,0,0,65535_65535,0,2,3069,112,1,1,1,3,112,15,1,1,allocated
1,503,normal,0,0,65535_65535,0,3,3069,74,0,1,0,2,0,15,1,1,pre_allocation
1,503,normal,0,0,65535_65535,0,3,3069,112,1,1,1,3,112,15,1,1,allocated
1,503,normal,0,0,65535_65535,0,4,3069,74,0,1,0,2,0,15,1,1,pre_allocation
1,503,normal,0,0,65535_65535,0,4,3069,112,1,1,1,3,112,15,1,1,allocated
1,503,normal,0,0,65535_65535,0,5,3069,74,0,1,0,2,0,15,1,1,pre_allocation
1,503,normal,0,0,65535_65535,0,5,3069,112,1,1,1,3,112,15,1,1,allocated
1,503,normal,0,0,65535_65535,0,1,3069,112,0,1,0,3,0,15,1,1,pre_allocation
1,503,normal,0,0,65535_65535,0,1,3069,151,1,1,1,4,151,15,1,1,allocated
1,503,normal,0,0,65535_65535,0,2,3069,112,0,1,0,3,0,15,1,1,pre_allocation
1,503,normal,0,0,65535_65535,0,2,3069,151,1,1,1,4,151,15,1,1,allocated
1,503,normal,0,0,65535_65535,0,3,3069,112,0,1,0,3,0,15,1,1,pre_allocation
1,503,normal,0,0,65535_65535,0,3,3069,151,1,1,1,4,151,15,1,1,allocated
1,503,normal,0,0,65535_65535,0,4,3069,112,0,1,0,3,0,15,1,1,pre_allocation
1,503,normal,0,0,65535_65535,0,4,3069,151,1,1,1,4,151,15,1,1,allocated
1,503,normal,0,0,65535_65535,0,5,3069,112,0,1,0,3,0,15,1,1,pre_allocation
1,503,normal,0,0,65535_65535,0,5,3069,151,1,1,1,4,151,15,1,1,allocated
1,503,normal,0,0,65535_65535,0,1,3069,151,0,1,0,4,0,15,1,1,pre_allocation
1,503,normal,0,0,65535_65535,0,1,3069,190,1,1,1,5,190,15,1,1,allocated
1,503,normal,0,0,65535_65535,0,2,3069,151,0,1,0,4,0,15,1,1,pre_allocation
1,503,normal,0,0,65535_65535,0,2,3069,190,1,1,1,5,190,15,1,1,allocated
1,503,normal,0,0,65535_65535,0,3,3069,151,0,1,0,4,0,15,1,1,pre_allocation
1,503,normal,0,0,65535_65535,0,3,3069,190,1,1,1,5,190,15,1,1,allocated
1,503,normal,0,0,65535_65535,0,4,3069,151,0,1,0,4,0,15,1,1,pre_allocation
1,503,normal,0,0,65535_65535,0,4,3069,190,1,1,1,5,190,15,1,1,allocated
1,503,normal,0,0,65535_65535,0,5,3069,151,0,1,0,4,0,15,1,1,pre_allocation
1,503,normal,0,0,65535_65535,0,5,3069,190,1,1,1,5,190,15,1,1,allocated
1,503,normal,0,0,65535_65535,0,1,3069,190,0,1,0,5,0,15,1,1,pre_allocation
1,503,normal,0,0,65535_65535,0,1,3069,228,1,1,1,6,228,15,1,1,allocated
1,503,normal,0,0,65535_65535,0,2,3069,190,0,1,0,5,0,15,1,1,pre_allocation
1,503,normal,0,0,65535_65535,0,2,3069,228,1,1,1,6,228,15,1,1,allocated
1,503,normal,0,0,65535_65535,0,3,3069,190,0,1,0,5,0,15,1,1,pre_allocation
1,503,normal,0,0,65535_65535,0,3,3069,228,1,1,1,6,228,15,1,1,allocated
1,503,normal,0,0,65535_65535,0,4,3069,190,0,1,0,5,0,15,1,1,pre_allocation
1,503,normal,0,0,65535_65535,0,4,3069,228,1,1,1,6,228,15,1,1,allocated
1,503,normal,0,0,65535_65535,0,5,3069,190,0,1,0,5,0,15,1,1,pre_allocation
1,503,normal,0,0,65535_65535,0,5,3069,228,1,1,1,6,228,15,1,1,allocated
1,503,normal,0,0,65535_65535,0,1,3069,228,0,1,0,6,0,15,1,1,pre_allocation
1,503,normal,0,0,65535_65535,0,1,3069,267,1,1,1,7,267,15,1,1,allocated
1,503,normal,0,0,65535_65535,0,2,3069,228,0,1,0,6,0,15,1,1,pre_allocation
1,503,normal,0,0,65535_65535,0,2,3069,267,1,1,1,7,267,15,1,1,allocated
1,503,normal,0,0,65535_65535,0,3,3069,228,0,1,0,6,0,15,1,1,pre_allocation
1,503,normal,0,0,65535_65535,0,3,3069,267,1,1,1,7,267,15,1,1,allocated
1,503,normal,0,0,65535_65535,0,4,3069,228,0,1,0,6,0,15,1,1,pre_allocation
1,503,normal,0,0,65535_65535,0,4,3069,267,1,1,1,7,267,15,1,1,allocated
1,503,normal,0,0,65535_65535,0,5,3069,228,0,1,0,6,0,15,1,1,pre_allocation
1,503,normal,0,0,65535_65535,0,5,3069,267,1,1,1,7,267,15,1,1,allocated
1,503,normal,0,0,65535_65535,0,1,3069,267,0,1,0,7,0,15,1,1,pre_allocation
1,503,normal,0,0,65535_65535,0,1,3069,305,1,1,1,8,305,15,1,1,allocated
1,503,normal,0,0,65535_65535,0,2,3069,267,0,1,0,7,0,15,1,1,pre_allocation
1,503,normal,0,0,65535_65535,0,2,3069,305,1,1,1,8,305,15,1,1,allocated
1,503,normal,0,0,65535_65535,0,3,3069,267,0,1,0,7,0,15,1,1,pre_allocation
1,503,normal,0,0,65535_65535,0,3,3069,305,1,1,1,8,305,15,1,1,allocated
1,503,normal,0,0,65535_65535,0,4,3069,267,0,1,0,7,0,15,1,1,pre_allocation
1,503,normal,0,0,65535_65535,0,4,3069,305,1,1,1,8,305,15,1,1,allocated
1,503,normal,0,0,65535_65535,0,5,3069,267,0,1,0,7,0,15,1,1,pre_allocation
1,503,normal,0,0,65535_65535,0,5,3069,305,1,1,1,8,305,15,1,1,allocated
1,503,normal,0,0,65535_65535,0,1,3069,305,0,1,0,8,0,15,1,1,pre_allocation
1,503,normal,0,0,65535_65535,0,1,3069,344,1,1,1,9,344,15,1,1,allocated
1,503,normal,0,0,65535_65535,0,2,3069,305,0,1,0,8,0,15,1,1,pre_allocation
1,503,normal,0,0,65535_65535,0,2,3069,344,1,1,1,9,344,15,1,1,allocated
1,503,normal,0,0,65535_65535,0,3,3069,305,0,1,0,8,0,15,1,1,pre_allocation
1,503,normal,0,0,65535_65535,0,3,3069,344,1,1,1,9,344,15,1,1,allocated
1,503,normal,0,0,65535_65535,0,4,3069,305,0,1,0,8,0,15,1,1,pre_allocation
1,503,normal,0,0,65535_65535,0,4,3069,344,1,1,1,9,344,15,1,1,allocated
1,503,normal,0,0,65535_65535,0,5,3069,305,0,1,0,8,0,15,1,1,pre_allocation
1,503,normal,0,0,65535_65535,0,5,3069,344,1,1,1,9,344,15,1,1,allocated
1,503,normal,0,0,65535_65535,0,1,3069,344,0,1,0,9,0,15,1,1,pre_allocation
1,503,normal,0,0,65535_65535,0,1,3069,383,1,1,1,10,383,15,1,1,allocated
1,503,normal,0,0,65535_65535,0,2,3069,344,0,1,0,9,0,15,1,1,pre_allocation
1,503,normal,0,0,65535_65535,0,2,3069,383,1,1,1,10,383,15,1,1,allocated
1,503,normal,0,0,65535_65535,0,3,3069,344,0,1,0,9,0,15,1,1,pre_allocation
1,503,normal,0,0,65535_65535,0,3,3069,383,1,1,1,10,383,15,1,1,allocated
1,503,normal,0,0,65535_65535,0,4,3069,344,0,1,0,9,0,15,1,1,pre_allocation
1,503,normal,0,0,65535_65535,0,4,3069,383,1,1,1,10,383,15,1,1,allocated
1,503,normal,0,0,65535_65535,0,5,3069,344,0,1,0,9,0,15,1,1,pre_allocation
1,503,normal,0,0,65535_65535,0,5,3069,383,1,1,1,10,383,15,1,1,allocated
1,503,normal,0,0,65535_65535,0,1,3069,383,0,1,0,10,0,15,1,1,pre_allocation
1,503,normal,0,0,65535_65535,0,1,3069,421,1,1,1,11,421,15,1,1,allocated
1,503,normal,0,0,65535_65535,0,2,3069,383,0,1,0,10,0,15,1,1,pre_allocation
1,503,normal,0,0,65535_65535,0,2,3069,421,1,1,1,11,421,15,1,1,allocated
1,503,normal,0,0,65535_65535,0,3,3069,383,0,1,0,10,0,15,1,1,pre_allocation
1,503,normal,0,0,65535_65535,0,3,3069,421,1,1,1,11,421,15,1,1,allocated
1,503,normal,0,0,65535_65535,0,4,3069,383,0,1,0,10,0,15,1,1,pre_allocation
1,503,normal,0,0,65535_65535,0,4,3069,421,1,1,1,11,421,15,1,1,allocated
1,503,normal,0,0,65535_65535,0,5,3069,383,0,1,0,10,0,15,1,1,pre_allocation
1,503,normal,0,0,65535_65535,0,5,3069,421,1,1,1,11,421,15,1,1,allocated
1,503,normal,0,0,65535_65535,0,1,3069,421,0,1,0,11,0,15,1,1,pre_allocation
1,503,normal,0,0,65535_65535,0,1,3069,460,1,1,1,12,460,15,1,1,allocated
1,503,normal,0,0,65535_65535,0,2,3069,421,0,1,0,11,0,15,1,1,pre_allocation
1,503,normal,0,0,65535_65535,0,2,3069,460,1,1,1,12,460,15,1,1,allocated
1,503,normal,0,0,65535_65535,0,3,3069,421,0,1,0,11,0,15,1,1,pre_allocation
1,503,normal,0,0,65535_65535,0,3,3069,460,1,1,1,12,460,15,1,1,allocated
1,503,normal,0,0,65535_65535,0,4,3069,421,0,1,0,11,0,15,1,1,pre_allocation
1,503,normal,0,0,65535_65535,0,4,3069,460,1,1,1,12,460,15,1,1,allocated
1,503,normal,0,0,65535_65535,0,5,3069,421,0,1,0,11,0,15,1,1,pre_allocation
1,503,normal,0,0,65535_65535,0,5,3069,460,1,1,1,12,460,15,1,1,allocated
1,503,normal,0,0,65535_65535,0,1,3069,460,0,1,0,12,0,15,1,1,pre_allocation
1,503,normal,0,0,65535_65535,0,1,3069,498,1,1,1,13,498,15,1,1,allocated
1,503,normal,0,0,65535_65535,0,2,3069,460,0,1,0,12,0,15,1,1,pre_allocation
1,503,normal,0,0,65535_65535,0,2,3069,498,1,1,1,13,498,15,1,1,allocated
1,503,normal,0,0,65535_65535,0,3,3069,460,0,1,0,12,0,15,1,1,pre_allocation
1,503,normal,0,0,65535_65535,0,3,3069,498,1,1,1,13,498,15,1,1,allocated
1,503,normal,0,0,65535_65535,0,4,3069,460,0,1,0,12,0,15,1,1,pre_allocation
1,503,normal,0,0,65535_65535,0,4,3069,498,1,1,1,13,498,15,1,1,allocated
1,503,normal,0,0,65535_65535,0,5,3069,460,0,1,0,12,0,15,1,1,pre_allocation
1,503,normal,0,0,65535_65535,0,5,3069,498,1,1,1,13,498,15,1,1,allocated
1,503,normal,0,0,65535_65535,0,1,3069,498,0,1,0,13,0,15,1,1,pre_allocation
1,503,normal,0,0,65535_65535,0,1,3069,537,1,1,1,14,537,15,1,1,allocated
1,503,normal,0,0,65535_65535,0,2,3069,498,0,1,0,13,0,15,1,1,pre_allocation
1,503,normal,0,0,65535_65535,0,2,3069,537,1,1,1,14,537,15,1,1,allocated
1,503,normal,0,0,65535_65535,0,3,3069,498,0,1,0,13,0,15,1,1,pre_allocation
1,503,normal,0,0,65535_65535,0,3,3069,537,1,1,1,14,537,15,1,1,allocated
1,503,normal,0,0,65535_65535,0,4,3069,498,0,1,0,13,0,15,1,1,pre_allocation
1,503,normal,0,0,65535_65535,0,4,3069,537,1,1,1,14,537,15,1,1,allocated
1,503,normal,0,0,65535_65535,0,5,3069,498,0,1,0,13,0,15,1,1,pre_allocation
1,503,normal,0,0,65535_65535,0,5,3069,537,1,1,1,14,537,15,1,1,allocated
1,503,normal,0,0,65535_65535,0,1,3069,537,0,1,0,14,0,15,1,1,pre_allocation
1,503,normal,0,0,65535_65535,0,1,3069,576,1,1,1,15,576,15,1,1,allocated
1,503,normal,0,0,65535_65535,0,2,3069,537,0,1,0,14,0,15,1,1,pre_allocation
1,503,normal,0,0,65535_65535,0,2,3069,576,1,1,1,15,576,15,1,1,allocated
1,503,normal,0,0,65535_65535,0,3,3069,537,0,1,0,14,0,15,1,1,pre_allocation
1,503,normal,0,0,65535_65535,0,3,3069,576,1,1,1,15,576,15,1,1,allocated
1,503,normal,0,0,65535_65535,0,4,3069,537,0,1,0,14,0,15,1,1,pre_allocation
1,503,normal,0,0,65535_65535,0,4,3069,576,1,1,1,15,576,15,1,1,allocated
1,503,normal,0,0,65535_65535,0,5,3069,537,0,1,0,14,0,15,1,1,pre_allocation
1,503,normal,0,0,65535_65535,0,5,3069,576,1,1,1,15,576,15,1,1,allocated
1,503,normal,0,0,65535_65535,0,1,3069,576,0,1,0,15,0,15,1,1,pre_allocation
1,503,normal,0,0,65535_65535,0,1,3069,614,1,1,1,16,614,15,1,1,allocated
1,503,normal,0,0,65535_65535,0,2,3069,576,0,1,0,15,0,15,1,1,pre_allocation
1,503,normal,0,0,65535_65535,0,2,3069,614,1,1,1,16,614,15,1,1,allocated
1,503,normal,0,0,65535_65535,0,3,3069,576,0,1,0,15,0,15,1,1,pre_allocation
1,503,normal,0,0,65535_65535,0,3,3069,614,1,1,1,16,614,15,1,1,allocated
1,503,normal,0,0,65535_65535,0,4,3069,576,0,1,0,15,0,15,1,1,pre_allocation
1,503,normal,0,0,65535_65535,0,4,3069,614,1,1,1,16,614,15,1,1,allocated
1,503,normal,0,0,65535_65535,0,5,3069,576,0,1,0,15,0,15,1,1,pre_allocation
1,503,normal,0,0,65535_65535,0,5,3069,614,1,1,1,16,614,15,1,1,allocated
1,503,normal,0,0,65535_65535,0,1,3069,614,0,1,0,16,0,15,1,1,pre_allocation
1,503,normal,0,0,65535_65535,0,1,3069,653,1,1,1,17,653,15,1,1,allocated
1,503,normal,0,0,65535_65535,0,2,3069,614,0,1,0,16,0,15,1,1,pre_allocation
1,503,normal,0,0,65535_65535,0,2,3069,653,1,1,1,17,653,15,1,1,allocated
1,503,normal,0,0,65535_65535,0,3,3069,614,0,1,0,16,0,15,1,1,pre_allocation
1,503,normal,0,0,65535_65535,0,3,3069,653,1,1,1,17,653,15,1,1,allocated
1,503,normal,0,0,65535_65535,0,4,3069,614,0,1,0,16,0,15,1,1,pre_allocation
1,503,normal,0,0,65535_65535,0,4,3069,653,1,1,1,17,653,15,1,1,allocated
1,503,normal,0,0,65535_65535,0,5,3069,614,0,1,0,16,0,15,1,1,pre_allocation
1,503,normal,0,0,65535_65535,0,5,3069,653,1,1,1,17,653,15,1,1,allocated
1,503,normal,0,0,65535_65535,0,1,3069,653,0,1,0,17,0,15,1,1,pre_allocation
1,503,normal,0,0,65535_65535,0,1,3069,691,1,1,1,18,691,15,1,1,allocated
1,503,normal,0,0,65535_65535,0,2,3069,653,0,1,0,17,0,15,1,1,pre_allocation
1,503,normal,0,0,65535_65535,0,2,3069,691,1,1,1,18,691,15,1,1,allocated
1,503,normal,0,0,65535_65535,0,3,3069,653,0,1,0,17,0,15,1,1,pre_allocation
1,503,normal,0,0,65535_65535,0,3,3069,691,1,1,1,18,691,15,1,1,allocated
1,503,normal,0,0,65535_65535,0,4,3069,653,0,1,0,17,0,15,1,1,pre_allocation
1,503,normal,0,0,65535_65535,0,4,3069,691,1,1,1,18,691,15,1,1,allocated
1,503,normal,0,0,65535_65535,0,5,3069,653,0,1,0,17,0,15,1,1,pre_allocation
1,503,normal,0,0,65535_65535,0,5,3069,691,1,1,1,18,691,15,1,1,allocated
1,503,normal,0,0,65535_65535,0,1,3069,691,0,1,0,18,0,15,1,1,pre_allocation
1,503,normal,0,0,65535_65535,0,1,3069,730,1,1,1,19,730,15,1,1,allocated
1,503,normal,0,0,65535_65535,0,2,3069,691,0,1,0,18,0,15,1,1,pre_allocation
1,503,normal,0,0,65535_65535,0,2,3069,730,1,1,1,19,730,15,1,1,allocated
1,503,normal,0,0,65535_65535,0,3,3069,691,0,1,0,18,0,15,1,1,pre_allocation
1,503,normal,0,0,65535_65535,0,3,3069,730,1,1,1,19,730,15,1,1,allocated
1,503,normal,0,0,65535_65535,0,4,3069,691,0,1,0,18,0,15,1,1,pre_allocation
1,503,normal,0,0,65535_65535,0,4,3069,730,1,1,1,19,730,15,1,1,allocated
1,503,normal,0,0,65535_65535,0,5,3069,691,0,1,0,18,0,15,1,1,pre_allocation
1,503,normal,0,0,65535_65535,0,5,3069,730,1,1,1,19,730,15,1,1,allocated
1,503,normal,0,0,65535_65535,0,1,3069,730,0,1,0,19,0,15,1,1,pre_allocation
1,503,normal,0,0,65535_65535,0,1,3069,769,1,1,1,20,769,15,1,1,allocated
1,503,normal,0,0,65535_65535,0,2,3069,730,0,1,0,19,0,15,1,1,pre_allocation
1,503,normal,0,0,65535_65535,0,2,3069,769,1,1,1,20,769,15,1,1,allocated
1,503,normal,0,0,65535_65535,0,3,3069,730,0,1,0,19,0,15,1,1,pre_allocation
1,503,normal,0,0,65535_65535,0,3,3069,769,1,1,1,20,769,15,1,1,allocated
1,503,normal,0,0,65535_65535,0,4,3069,730,0,1,0,19,0,15,1,1,pre_allocation
1,503,normal,0,0,65535_65535,0,4,3069,769,1,1,1,20,769,15,1,1,allocated
1,503,normal,0,0,65535_65535,0,5,3069,730,0,1,0,19,0,15,1,1,pre_allocation
1,503,normal,0,0,65535_65535,0,5,3069,769,1,1,1,20,769,15,1,1,allocated
1,503,normal,0,0,65535_65535,0,1,3069,769,0,1,0,20,0,15,1,1,pre_allocation
1,503,normal,0,0,65535_65535,0,1,3069,807,1,1,1,21,807,15,1,1,allocated
1,503,normal,0,0,65535_65535,0,2,3069,769,0,1,0,20,0,15,1,1,pre_allocation
1,503,normal,0,0,65535_65535,0,2,3069,807,1,1,1,21,807,15,1,1,allocated
1,503,normal,0,0,65535_65535,0,3,3069,769,0,1,0,20,0,15,1,1,pre_allocation
1,503,normal,0,0,65535_65535,0,3,3069,807,1,1,1,21,807,15,1,1,allocated
1,503,normal,0,0,65535_65535,0,4,3069,769,0,1,0,20,0,15,1,1,pre_allocation
1,503,normal,0,0,65535_65535,0,4,3069,807,1,1,1,21,807,15,1,1,allocated
1,503,normal,0,0,65535_65535,0,5,3069,769,0,1,0,20,0,15,1,1,pre_allocation
1,503,normal,0,0,65535_65535,0,5,3069,807,1,1,1,21,807,15,1,1,allocated
1,503,normal,0,0,65535_65535,0,1,3069,807,0,1,0,21,0,15,1,1,pre_allocation
1,503,normal,0,0,65535_65535,0,1,3069,846,1,1,1,22,846,15,1,1,allocated
1,503,normal,0,0,65535_65535,0,2,3069,807,0,1,0,21,0,15,1,1,pre_allocation
1,503,normal,0,0,65535_65535,0,2,3069,846,1,1,1,22,846,15,1,1,allocated
1,503,normal,0,0,65535_65535,0,3,3069,807,0,1,0,21,0,15,1,1,pre_allocation
1,503,normal,0,0,65535_65535,0,3,3069,846,1,1,1,22,846,15,1,1,allocated
1,503,normal,0,0,65535_65535,0,4,3069,807,0,1,0,21,0,15,1,1,pre_allocation
1,503,normal,0,0,65535_65535,0,4,3069,846,1,1,1,22,846,15,1,1,allocated
1,503,normal,0,0,65535_65535,0,5,3069,807,0,1,0,21,0,15,1,1,pre_allocation
1,503,normal,0,0,65535_65535,0,5,3069,846,1,1,1,22,846,15,1,1,allocated
1,503,normal,0,0,65535_65535,0,1,3069,846,0,1,0,22,0,15,1,1,pre_allocation
1,503,normal,0,0,65535_65535,0,1,3069,885,1,1,1,23,885,15,1,1,allocated
1,503,normal,0,0,65535_65535,0,2,3069,846,0,1,0,22,0,15,1,1,pre_allocation
1,503,normal,0,0,65535_65535,0,2,3069,885,1,1,1,23,885,15,1,1,allocated
1,503,normal,0,0,65535_65535,0,3,3069,846,0,1,0,22,0,15,1,1,pre_allocation
1,503,normal,0,0,65535_65535,0,3,3069,885,1,1,1,23,885,15,1,1,allocated
1,503,normal,0,0,65535_65535,0,4,3069,846,0,1,0,22,0,15,1,1,pre_allocation
1,503,normal,0,0,65535_65535,0,4,3069,885,1,1,1,23,885,15,1,1,allocated
1,503,normal,0,0,65535_65535,0,5,3069,846,0,1,0,22,0,15,1,1,pre_allocation
1,503,normal,0,0,65535_65535,0,5,3069,885,1,1,1,23,885,15,1,1,allocated
1,503,normal,0,0,65535_65535,0,1,3069,885,0,1,0,23,0,15,1,1,pre_allocation
1,503,normal,0,0,65535_65535,0,1,3069,923,1,1,1,24,923,15,1,1,allocated
1,503,normal,0,0,65535_65535,0,2,3069,885,0,1,0,23,0,15,1,1,pre_allocation
1,503,normal,0,0,65535_65535,0,2,3069,923,1,1,1,24,923,15,1,1,allocated
1,503,normal,0,0,65535_65535,0,3,3069,885,0,1,0,23,0,15,1,1,pre_allocation
1,503,normal,0,0,65535_65535,0,3,3069,923,1,1,1,24,923,15,1,1,allocated
1,503,normal,0,0,65535_65535,0,4,3069,885,0,1,0,23,0,15,1,1,pre_allocation
1,503,normal,0,0,65535_65535,0,4,3069,923,1,1,1,24,923,15,1,1,allocated
1,503,normal,0,0,65535_65535,0,5,3069,885,0,1,0,23,0,15,1,1,pre_allocation
1,503,normal,0,0,65535_65535,0,5,3069,923,1,1,1,24,923,15,1,1,allocated
1,503,normal,0,0,65535_65535,0,1,3069,923,0,1,0,24,0,15,1,1,pre_allocation
1,503,normal,0,0,65535_65535,0,1,3069,962,1,1,1,25,962,15,1,1,allocated
1,503,normal,0,0,65535_65535,0,2,3069,923,0,1,0,24,0,15,1,1,pre_allocation
1,503,normal,0,0,65535_65535,0,2,3069,962,1,1,1,25,962,15,1,1,allocated
1,503,normal,0,0,65535_65535,0,3,3069,923,0,1,0,24,0,15,1,1,pre_allocation
1,503,normal,0,0,65535_65535,0,3,3069,962,1,1,1,25,962,15,1,1,allocated
1,503,normal,0,0,65535_65535,0,4,3069,923,0,1,0,24,0,15,1,1,pre_allocation
1,503,normal,0,0,65535_65535,0,4,3069,962,1,1,1,25,962,15,1,1,allocated
1,503,normal,0,0,65535_65535,0,5,3069,923,0,1,0,24,0,15,1,1,pre_allocation
1,503,normal,0,0,65535_65535,0,5,3069,962,1,1,1,25,962,15,1,1,allocated
1,503,normal,0,0,65535_65535,0,1,3069,962,0,1,0,25,0,15,1,1,pre_allocation
1,503,normal,0,0,65535_65535,0,1,3069,1000,1,1,1,26,1000,15,1,1,allocated
1,503,normal,0,0,65535_65535,0,2,3069,962,0,1,0,25,0,15,1,1,pre_allocation
1,503,normal,0,0,65535_65535,0,2,3069,1000,1,1,1,26,1000,15,1,1,allocated
1,503,normal,0,0,65535_65535,0,3,3069,962,0,1,0,25,0,15,1,1,pre_allocation
1,503,normal,0,0,65535_65535,0,3,3069,1000,1,1,1,26,1000,15,1,1,allocated
1,503,normal,0,0,65535_65535,0,4,3069,962,0,1,0,25,0,15,1,1,pre_allocation
1,503,normal,0,0,65535_65535,0,4,3069,1000,1,1,1,26,1000,15,1,1,allocated
1,503,normal,0,0,65535_65535,0,5,3069,962,0,1,0,25,0,15,1,1,pre_allocation
1,503,normal,0,0,65535_65535,0,5,3069,1000,1,1,1,26,1000,15,1,1,allocated
1,503,normal,0,0,65535_65535,0,1,3069,1000,0,1,0,26,0,15,1,1,pre_allocation
1,503,normal,0,0,65535_65535,0,1,3069,1039,1,1,1,27,1039,15,1,1,allocated
1,503,normal,0,0,65535_65535,0,2,3069,1000,0,1,0,26,0,15,1,1,pre_allocation
1,503,normal,0,0,65535_65535,0,2,3069,1039,1,1,1,27,1039,15,1,1,allocated
1,503,normal,0,0,65535_65535,0,3,3069,1000,0,1,0,26,0,15,1,1,pre_allocation
1,503,normal,0,0,65535_65535,0,3,3069,1039,1,1,1,27,1039,15,1,1,allocated
1,503,normal,0,0,65535_65535,0,4,3069,1000,0,1,0,26,0,15,1,1,pre_allocation
1,503,normal,0,0,65535_65535,0,4,3069,1039,1,1,1,27,1039,15,1,1,allocated
1,503,normal,0,0,65535_65535,0,5,3069,1000,0,1,0,26,0,15,1,1,pre_allocation
1,503,normal,0,0,65535_65535,0,5,3069,1039,1,1,1,27,1039,15,1,1,allocated
1,503,normal,0,0,65535_65535,0,1,3069,1039,0,1,0,27,0,15,1,1,pre_allocation
1,503,normal,0,0,65535_65535,0,1,3069,1078,1,1,1,28,1078,15,1,1,allocated
1,503,normal,0,0,65535_65535,0,2,3069,1039,0,1,0,27,0,15,1,1,pre_allocation
1,503,normal,0,0,65535_65535,0,2,3069,1078,1,1,1,28,1078,15,1,1,allocated
1,503,normal,0,0,65535_65535,0,3,3069,1039,0,1,0,27,0,15,1,1,pre_allocation
1,503,normal,0,0,65535_65535,0,3,3069,1078,1,1,1,28,1078,15,1,1,allocated
1,503,normal,0,0,65535_65535,0,4,3069,1039,0,1,0,27,0,15,1,1,pre_allocation
1,503,normal,0,0,65535_65535,0,4,3069,1078,1,1,1,28,1078,15,1,1,allocated
1,503,normal,0,0,65535_65535,0,5,3069,1039,0,1,0,27,0,15,1,1,pre_allocation
1,503,normal,0,0,65535_65535,0,5,3069,1078,1,1,1,28,1078,15,1,1,allocated
1,503,normal,0,0,65535_65535,0,1,3069,1078,0,1,0,28,0,15,1,1,pre_allocation
1,503,normal,0,0,65535_65535,0,1,3069,1116,1,1,1,29,1116,15,1,1,allocated
1,503,normal,0,0,65535_65535,0,2,3069,1078,0,1,0,28,0,15,1,1,pre_allocation
1,503,normal,0,0,65535_65535,0,2,3069,1116,1,1,1,29,1116,15,1,1,allocated
1,503,normal,0,0,65535_65535,0,3,3069,1078,0,1,0,28,0,15,1,1,pre_allocation
1,503,normal,0,0,65535_65535,0,3,3069,1116,1,1,1,29,1116,15,1,1,allocated
1,503,normal,0,0,65535_65535,0,4,3069,1078,0,1,0,28,0,15,1,1,pre_allocation
1,503,normal,0,0,65535_65535,0,4,3069,1116,1,1,1,29,1116,15,1,1,allocated
1,503,normal,0,0,65535_65535,0,5,3069,1078,0,1,0,28,0,15,1,1,pre_allocation
1,503,normal,0,0,65535_65535,0,5,3069,1116,1,1,1,29,1116,15,1,1,allocated
1,503,normal,0,0,65535_65535,0,1,3069,1116,0,1,0,29,0,15,1,1,pre_allocation
1,503,normal,0,0,65535_65535,0,1,3069,1155,1,1,1,30,1155,15,1,1,allocated
1,503,normal,0,0,65535_65535,0,2,3069,1116,0,1,0,29,0,15,1,1,pre_allocation
1,503,normal,0,0,65535_65535,0,2,3069,1155,1,1,1,30,1155,15,1,1,allocated
1,503,normal,0,0,65535_65535,0,3,3069,1116,0,1,0,29,0,15,1,1,pre_allocation
1,503,normal,0,0,65535_65535,0,3,3069,1155,1,1,1,30,1155,15,1,1,allocated
1,503,normal,0,0,65535_65535,0,4,3069,1116,0,1,0,29,0,15,1,1,pre_allocation
1,503,normal,0,0,65535_65535,0,4,3069,1155,1,1,1,30,1155,15,1,1,allocated
1,503,normal,0,0,65535_65535,0,5,3069,1116,0,1,0,29,0,15,1,1,pre_allocation
1,503,normal,0,0,65535_65535,0,5,3069,1155,1,1,1,30,1155,15,1,1,allocated
1,503,normal,0,0,65535_65535,0,1,3069,1155,0,1,0,30,0,15,1,1,pre_allocation
1,503,normal,0,0,65535_65535,0,1,3069,1193,1,1,1,31,1193,15,1,1,allocated
1,503,normal,0,0,65535_65535,0,2,3069,1155,0,1,0,30,0,15,1,1,pre_allocation
1,503,normal,0,0,65535_65535,0,2,3069,1193,1,1,1,31,1193,15,1,1,allocated
1,503,normal,0,0,65535_65535,0,3,3069,1155,0,1,0,30,0,15,1,1,pre_allocation
1,503,normal,0,0,65535_65535,0,3,3069,1193,1,1,1,31,1193,15,1,1,allocated
1,503,normal,0,0,65535_65535,0,4,3069,1155,0,1,0,30,0,15,1,1,pre_allocation
1,503,normal,0,0,65535_65535,0,4,3069,1193,1,1,1,31,1193,15,1,1,allocated
1,503,normal,0,0,65535_65535,0,5,3069,1155,0,1,0,30,0,15,1,1,pre_allocation
1,503,normal,0,0,65535_65535,0,5,3069,1193,1,1,1,31,1193,15,1,1,allocated
1,503,normal,0,0,65535_65535,0,1,3069,1193,0,1,0,31,0,15,1,1,pre_allocation
1,503,normal,0,0,65535_65535,0,1,3069,1232,1,1,1,32,1232,15,1,1,allocated
1,503,normal,0,0,65535_65535,0,2,3069,1193,0,1,0,31,0,15,1,1,pre_allocation
1,503,normal,0,0,65535_65535,0,2,3069,1232,1,1,1,32,1232,15,1,1,allocated
1,503,normal,0,0,65535_65535,0,3,3069,1193,0,1,0,31,0,15,1,1,pre_allocation
1,503,normal,0,0,65535_65535,0,3,3069,1232,1,1,1,32,1232,15,1,1,allocated
1,503,normal,0,0,65535_65535,0,4,3069,1193,0,1,0,31,0,15,1,1,pre_allocation
1,503,normal,0,0,65535_65535,0,4,3069,1232,1,1,1,32,1232,15,1,1,allocated
1,503,normal,0,0,65535_65535,0,5,3069,1193,0,1,0,31,0,15,1,1,pre_allocation
1,503,normal,0,0,65535_65535,0,5,3069,1232,1,1,1,32,1232,15,1,1,allocated
1,503,normal,0,0,65535_65535,0,1,3069,1232,0,1,0,32,0,15,1,1,pre_allocation
1,503,normal,0,0,65535_65535,0,1,3069,1271,1,1,1,33,1271,15,1,1,allocated
1,503,normal,0,0,65535_65535,0,2,3069,1232,0,1,0,32,0,15,1,1,pre_allocation
1,503,normal,0,0,65535_65535,0,2,3069,1271,1,1,1,33,1271,15,1,1,allocated
1,503,normal,0,0,65535_65535,0,3,3069,1232,0,1,0,32,0,15,1,1,pre_allocation
1,503,normal,0,0,65535_65535,0,3,3069,1271,1,1,1,33,1271,15,1,1,allocated
1,503,normal,0,0,65535_65535,0,4,3069,1232,0,1,0,32,0,15,1,1,pre_allocation
1,503,normal,0,0,65535_65535,0,4,3069,1271,1,1,1,33,1271,15,1,1,allocated
1,503,normal,0,0,65535_65535,0,5,3069,1232,0,1,0,32,0,15,1,1,pre_allocation
1,503,normal,0,0,65535_65535,0,5,3069,1271,1,1,1,33,1271,15,1,1,allocated
1,503,normal,0,0,65535_65535,0,1,3069,1271,0,1,0,33,0,15,1,1,pre_allocation
1,503,normal,0,0,65535_65535,0,1,3069,1309,1,1,1,34,1309,15,1,1,allocated
1,503,normal,0,0,65535_65535,0,2,3069,1271,0,1,0,33,0,15,1,1,pre_allocation
1,503,normal,0,0,65535_65535,0,2,3069,1309,1,1,1,34,1309,15,1,1,allocated
1,503,normal,0,0,65535_65535,0,3,3069,1271,0,1,0,33,0,15,1,1,pre_allocation
1,503,normal,0,0,65535_65535,0,3,3069,1309,1,1,1,34,1309,15,1,1,allocated
1,503,normal,0,0,65535_65535,0,4,3069,1271,0,1,0,33,0,15,1,1,pre_allocation
1,503,normal,0,0,65535_65535,0,4,3069,1309,1,1,1,34,1309,15,1,1,allocated
1,503,normal,0,0,65535_65535,0,5,3069,1271,0,1,0,33,0,15,1,1,pre_allocation
1,503,normal,0,0,65535_65535,0,5,3069,1309,1,1,1,34,1309,15,1,1,allocated
1,503,normal,0,0,65535_65535,0,1,3069,1309,0,1,0,34,0,15,1,1,pre_allocation
1,503,normal,0,0,65535_65535,0,1,3069,1348,1,1,1,35,1348,15,1,1,allocated
1,503,normal,0,0,65535_65535,0,2,3069,1309,0,1,0,34,0,15,1,1,pre_allocation
1,503,normal,0,0,65535_65535,0,2,3069,1348,1,1,1,35,1348,15,1,1,allocated
1,503,normal,0,0,65535_65535,0,3,3069,1309,0,1,0,34,0,15,1,1,pre_allocation
1,503,normal,0,0,65535_65535,0,3,3069,1348,1,1,1,35,1348,15,1,1,allocated
1,503,normal,0,0,65535_65535,0,4,3069,1309,0,1,0,34,0,15,1,1,pre_allocation
1,503,normal,0,0,65535_65535,0,4,3069,1348,1,1,1,35,1348,15,1,1,allocated
1,503,normal,0,0,65535_65535,0,5,3069,1309,0,1,0,34,0,15,1,1,pre_allocation
1,503,normal,0,0,65535_65535,0,5,3069,1348,1,1,1,35,1348,15,1,1,allocated
1,503,normal,0,0,65535_65535,0,1,3069,1348,0,1,0,35,0,15,1,1,pre_allocation
1,503,normal,0,0,65535_65535,0,1,3069,1386,1,1,1,36,1386,15,1,1,allocated
1,503,normal,0,0,65535_65535,0,2,3069,1348,0,1,0,35,0,15,1,1,pre_allocation
1,503,normal,0,0,65535_65535,0,2,3069,1386,1,1,1,36,1386,15,1,1,allocated
1,503,normal,0,0,65535_65535,0,3,3069,1348,0,1,0,35,0,15,1,1,pre_allocation
1,503,normal,0,0,65535_65535,0,3,3069,1386,1,1,1,36,1386,15,1,1,allocated
1,503,normal,0,0,65535_65535,0,4,3069,1348,0,1,0,35,0,15,1,1,pre_allocation
1,503,normal,0,0,65535_65535,0,4,3069,1386,1,1,1,36,1386,15,1,1,allocated
1,503,normal,0,0,65535_65535,0,5,3069,1348,0,1,0,35,0,15,1,1,pre_allocation
1,503,normal,0,0,65535_65535,0,5,3069,1386,1,1,1,36,1386,15,1,1,allocated
1,503,normal,0,0,65535_65535,0,1,3069,1386,0,1,0,36,0,15,1,1,pre_allocation
1,503,normal,0,0,65535_65535,0,1,3069,1425,1,1,1,37,1425,15,1,1,allocated
1,503,normal,0,0,65535_65535,0,2,3069,1386,0,1,0,36,0,15,1,1,pre_allocation
1,503,normal,0,0,65535_65535,0,2,3069,1425,1,1,1,37,1425,15,1,1,allocated
1,503,normal,0,0,65535_65535,0,3,3069,1386,0,1,0,36,0,15,1,1,pre_allocation
1,503,normal,0,0,65535_65535,0,3,3069,1425,1,1,1,37,1425,15,1,1,allocated
1,503,normal,0,0,65535_65535,0,4,3069,1386,0,1,0,36,0,15,1,1,pre_allocation
1,503,normal,0,0,65535_65535,0,4,3069,1425,1,1,1,37,1425,15,1,1,allocated
1,503,normal,0,0,65535_65535,0,5,3069,1386,0,1,0,36,0,15,1,1,pre_allocation
1,503,normal,0,0,65535_65535,0,5,3069,1425,1,1,1,37,1425,15,1,1,allocated
1,503,normal,0,0,65535_65535,0,1,3069,1425,0,1,0,37,0,15,1,1,pre_allocation
1,503,normal,0,0,65535_65535,0,1,3069,1464,1,1,1,38,1464,15,1,1,allocated
1,503,normal,0,0,65535_65535,0,2,3069,1425,0,1,0,37,0,15,1,1,pre_allocation
1,503,normal,0,0,65535_65535,0,2,3069,1464,1,1,1,38,1464,15,1,1,allocated
1,503,normal,0,0,65535_65535,0,3,3069,1425,0,1,0,37,0,15,1,1,pre_allocation
1,503,normal,0,0,65535_65535,0,3,3069,1464,1,1,1,38,1464,15,1,1,allocated
1,503,normal,0,0,65535_65535,0,4,3069,1425,0,1,0,37,0,15,1,1,pre_allocation
1,503,normal,0,0,65535_65535,0,4,3069,1464,1,1,1,38,1464,15,1,1,allocated
1,503,normal,0,0,65535_65535,0,5,3069,1425,0,1,0,37,0,15,1,1,pre_allocation
1,503,normal,0,0,65535_65535,0,5,3069,1464,1,1,1,38,1464,15,1,1,allocated
1,503,normal,0,0,65535_65535,0,1,3069,1464,0,1,0,38,0,15,1,1,pre_allocation
1,503,normal,0,0,65535_65535,0,1,3069,1502,1,1,1,39,1502,15,1,1,allocated
1,503,normal,0,0,65535_65535,0,2,3069,1464,0,1,0,38,0,15,1,1,pre_allocation
1,503,normal,0,0,65535_65535,0,2,3069,1502,1,1,1,39,1502,15,1,1,allocated
1,503,normal,0,0,65535_65535,0,3,3069,1464,0,1,0,38,0,15,1,1,pre_allocation
1,503,normal,0,0,65535_65535,0,3,3069,1502,1,1,1,39,1502,15,1,1,allocated
1,503,normal,0,0,65535_65535,0,4,3069,1464,0,1,0,38,0,15,1,1,pre_allocation
1,503,normal,0,0,65535_65535,0,4,3069,1502,1,1,1,39,1502,15,1,1,allocated
1,503,normal,0,0,65535_65535,0,5,3069,1464,0,1,0,38,0,15,1,1,pre_allocation
1,503,normal,0,0,65535_65535,0,5,3069,1502,1,1,1,39,1502,15,1,1,allocated
1,503,normal,0,0,65535_65535,0,1,3069,1502,0,1,0,39,0,15,1,1,pre_allocation
1,503,normal,0,0,65535_65535,0,1,3069,1538,1,1,1,40,1538,15,1,1,allocated
1,503,normal,0,0,65535_65535,0,2,3069,1502,0,1,0,39,0,15,1,1,pre_allocation
1,503,normal,0,0,65535_65535,0,2,3069,1538,1,1,1,40,1538,15,1,1,allocated
1,503,normal,0,0,65535_65535,0,3,3069,1502,0,1,0,39,0,15,1,1,pre_allocation
1,503,normal,0,0,65535_65535,0,3,3069,1538,1,1,1,40,1538,15,1,1,allocated
1,503,normal,0,0,65535_65535,0,4,3069,1502,0,1,0,39,0,15,1,1,pre_allocation
1,503,normal,0,0,65535_65535,0,4,3069,1538,1,1,1,40,1538,15,1,1,allocated
1,503,normal,0,0,65535_65535,0,5,3069,1502,0,1,0,39,0,15,1,1,pre_allocation
1,503,normal,0,0,65535_65535,0,5,3069,1538,1,1,1,40,1538,15,1,1,allocated
1,503,normal,0,0,65535_65535,0,1,3069,1538,0,1,0,40,0,15,1,1,pre_allocation
1,503,normal,0,0,65535_65535,0,1,3069,1577,1,1,1,41,1577,15,1,1,allocated
1,503,normal,0,0,65535_65535,0,2,3069,1538,0,1,0,40,0,15,1,1,pre_allocation
1,503,normal,0,0,65535_65535,0,2,3069,1577,1,1,1,41,1577,15,1,1,allocated
1,503,normal,0,0,65535_65535,0,3,3069,1538,0,1,0,40,0,15,1,1,pre_allocation
1,503,normal,0,0,65535_65535,0,3,3069,1577,1,1,1,41,1577,15,1,1,allocated
1,503,normal,0,0,65535_65535,0,4,3069,1538,0,1,0,40,0,15,1,1,pre_allocation
1,503,normal,0,0,65535_65535,0,4,3069,1577,1,1,1,41,1577,15,1,1,allocated
1,503,normal,0,0,65535_65535,0,5,3069,1538,0,1,0,40,0,15,1,1,pre_allocation
1,503,normal,0,0,65535_65535,0,5,3069,1577,1,1,1,41,1577,15,1,1,allocated
1,503,normal,0,0,65535_65535,0,1,3069,1577,0,1,0,41,0,15,1,1,pre_allocation
1,503,normal,0,0,65535_65535,0,1,3069,1615,1,1,1,42,1615,15,1,1,allocated
1,503,normal,0,0,65535_65535,0,2,3069,1577,0,1,0,41,0,15,1,1,pre_allocation
1,503,normal,0,0,65535_65535,0,2,3069,1615,1,1,1,42,1615,15,1,1,allocated
1,503,normal,0,0,65535_65535,0,3,3069,1577,0,1,0,41,0,15,1,1,pre_allocation
1,503,normal,0,0,65535_65535,0,3,3069,1615,1,1,1,42,1615,15,1,1,allocated
1,503,normal,0,0,65535_65535,0,4,3069,1577,0,1,0,41,0,15,1,1,pre_allocation
1,503,normal,0,0,65535_65535,0,4,3069,1615,1,1,1,42,1615,15,1,1,allocated
1,503,normal,0,0,65535_65535,0,5,3069,1577,0,1,0,41,0,15,1,1,pre_allocation
1,503,normal,0,0,65535_65535,0,5,3069,1615,1,1,1,42,1615,15,1,1,allocated
1,503,normal,0,0,65535_65535,0,1,3069,1615,0,1,0,42,0,15,1,1,pre_allocation
1,503,normal,0,0,65535_65535,0,1,3069,1654,1,1,1,43,1654,15,1,1,allocated
1,503,normal,0,0,65535_65535,0,2,3069,1615,0,1,0,42,0,15,1,1,pre_allocation
1,503,normal,0,0,65535_65535,0,2,3069,1654,1,1,1,43,1654,15,1,1,allocated
1,503,normal,0,0,65535_65535,0,3,3069,1615,0,1,0,42,0,15,1,1,pre_allocation
1,503,normal,0,0,65535_65535,0,3,3069,1654,1,1,1,43,1654,15,1,1,allocated
1,503,normal,0,0,65535_65535,0,4,3069,1615,0,1,0,42,0,15,1,1,pre_allocation
1,503,normal,0,0,65535_65535,0,4,3069,1654,1,1,1,43,1654,15,1,1,allocated
1,503,normal,0,0,65535_65535,0,5,3069,1615,0,1,0,42,0,15,1,1,pre_allocation
1,503,normal,0,0,65535_65535,0,5,3069,1654,1,1,1,43,1654,15,1,1,allocated
1,503,normal,0,0,65535_65535,0,1,3069,1654,0,1,0,43,0,15,1,1,pre_allocation
1,503,normal,0,0,65535_65535,0,1,3069,1692,1,1,1,44,1692,15,1,1,allocated
1,503,normal,0,0,65535_65535,0,2,3069,1654,0,1,0,43,0,15,1,1,pre_allocation
1,503,normal,0,0,65535_65535,0,2,3069,1692,1,1,1,44,1692,15,1,1,allocated
1,503,normal,0,0,65535_65535,0,3,3069,1654,0,1,0,43,0,15,1,1,pre_allocation
1,503,normal,0,0,65535_65535,0,3,3069,1692,1,1,1,44,1692,15,1,1,allocated
1,503,normal,0,0,65535_65535,0,4,3069,1654,0,1,0,43,0,15,1,1,pre_allocation
1,503,normal,0,0,65535_65535,0,4,3069,1692,1,1,1,44,1692,15,1,1,allocated
1,503,normal,0,0,65535_65535,0,5,3069,1654,0,1,0,43,0,15,1,1,pre_allocation
1,503,normal,0,0,65535_65535,0,5,3069,1692,1,1,1,44,1692,15,1,1,allocated
1,503,normal,0,0,65535_65535,0,1,3069,1692,0,1,0,44,0,15,1,1,pre_allocation
1,503,normal,0,0,65535_65535,0,1,3069,1731,1,1,1,45,1731,15,1,1,allocated
1,503,normal,0,0,65535_65535,0,2,3069,1692,0,1,0,44,0,15,1,1,pre_allocation
1,503,normal,0,0,65535_65535,0,2,3069,1731,1,1,1,45,1731,15,1,1,allocated
1,503,normal,0,0,65535_65535,0,3,3069,1692,0,1,0,44,0,15,1,1,pre_allocation
1,503,normal,0,0,65535_65535,0,3,3069,1731,1,1,1,45,1731,15,1,1,allocated
1,503,normal,0,0,65535_65535,0,4,3069,1692,0,1,0,44,0,15,1,1,pre_allocation
1,503,normal,0,0,65535_65535,0,4,3069,1731,1,1,1,45,1731,15,1,1,allocated
1,503,normal,0,0,65535_65535,0,5,3069,1692,0,1,0,44,0,15,1,1,pre_allocation
1,503,normal,0,0,65535_65535,0,5,3069,1731,1,1,1,45,1731,15,1,1,allocated
1,503,normal,0,0,65535_65535,0,1,3069,1731,0,1,0,45,0,15,1,1,pre_allocation
1,503,normal,0,0,65535_65535,0,1,3069,1770,1,1,1,46,1770,15,1,1,allocated
1,503,normal,0,0,65535_65535,0,2,3069,1731,0,1,0,45,0,15,1,1,pre_allocation
1,503,normal,0,0,65535_65535,0,2,3069,1770,1,1,1,46,1770,15,1,1,allocated
1,503,normal,0,0,65535_65535,0,3,3069,1731,0,1,0,45,0,15,1,1,pre_allocation
1,503,normal,0,0,65535_65535,0,3,3069,1770,1,1,1,46,1770,15,1,1,allocated
1,503,normal,0,0,65535_65535,0,4,3069,1731,0,1,0,45,0,15,1,1,pre_allocation
1,503,normal,0,0,65535_65535,0,4,3069,1770,1,1,1,46,1770,15,1,1,allocated
1,503,normal,0,0,65535_65535,0,5,3069,1731,0,1,0,45,0,15,1,1,pre_allocation
1,503,normal,0,0,65535_65535,0,5,3069,1770,1,1,1,46,1770,15,1,1,allocated
1,503,normal,0,0,65535_65535,0,1,3069,1770,0,1,0,46,0,15,1,1,pre_allocation
1,503,normal,0,0,65535_65535,0,1,3069,1808,1,1,1,47,1808,15,1,1,allocated
1,503,normal,0,0,65535_65535,0,2,3069,1770,0,1,0,46,0,15,1,1,pre_allocation
1,503,normal,0,0,65535_65535,0,2,3069,1808,1,1,1,47,1808,15,1,1,allocated
1,503,normal,0,0,65535_65535,0,3,3069,1770,0,1,0,46,0,15,1,1,pre_allocation
1,503,normal,0,0,65535_65535,0,3,3069,1808,1,1,1,47,1808,15,1,1,allocated
1,503,normal,0,0,65535_65535,0,4,3069,1770,0,1,0,46,0,15,1,1,pre_allocation
1,503,normal,0,0,65535_65535,0,4,3069,1808,1,1,1,47,1808,15,1,1,allocated
1,503,normal,0,0,65535_65535,0,5,3069,1770,0,1,0,46,0,15,1,1,pre_allocation
1,503,normal,0,0,65535_65535,0,5,3069,1808,1,1,1,47,1808,15,1,1,allocated
1,503,normal,0,0,65535_65535,0,1,3069,1808,0,1,0,47,0,15,1,1,pre_allocation
1,503,normal,0,0,65535_65535,0,1,3069,1847,1,1,1,48,1847,15,1,1,allocated
1,503,normal,0,0,65535_65535,0,2,3069,1808,0,1,0,47,0,15,1,1,pre_allocation
1,503,normal,0,0,65535_65535,0,2,3069,1847,1,1,1,48,1847,15,1,1,allocated
1,503,normal,0,0,65535_65535,0,3,3069,1808,0,1,0,47,0,15,1,1,pre_allocation
1,503,normal,0,0,65535_65535,0,3,3069,1847,1,1,1,48,1847,15,1,1,allocated
1,503,normal,0,0,65535_65535,0,4,3069,1808,0,1,0,47,0,15,1,1,pre_allocation
1,503,normal,0,0,65535_65535,0,4,3069,1847,1,1,1,48,1847,15,1,1,allocated
1,503,normal,0,0,65535_65535,0,5,3069,1808,0,1,0,47,0,15,1,1,pre_allocation
1,503,normal,0,0,65535_65535,0,5,3069,1847,1,1,1,48,1847,15,1,1,allocated
1,503,normal,0,0,65535_65535,0,1,3069,1847,0,1,0,48,0,15,1,1,pre_allocation
1,503,normal,0,0,65535_65535,0,1,3069,1885,1,1,1,49,1885,15,1,1,allocated
1,503,normal,0,0,65535_65535,0,2,3069,1847,0,1,0,48,0,15,1,1,pre_allocation
1,503,normal,0,0,65535_65535,0,2,3069,1885,1,1,1,49,1885,15,1,1,allocated
1,503,normal,0,0,65535_65535,0,3,3069,1847,0,1,0,48,0,15,1,1,pre_allocation
1,503,normal,0,0,65535_65535,0,3,3069,1885,1,1,1,49,1885,15,1,1,allocated
1,503,normal,0,0,65535_65535,0,4,3069,1847,0,1,0,48,0,15,1,1,pre_allocation
1,503,normal,0,0,65535_65535,0,4,3069,1885,1,1,1,49,1885,15,1,1,allocated
1,503,normal,0,0,65535_65535,0,5,3069,1847,0,1,0,48,0,15,1,1,pre_allocation
1,503,normal,0,0,65535_65535,0,5,3069,1885,1,1,1,49,1885,15,1,1,allocated
1,503,normal,0,0,65535_65535,0,1,3069,1885,0,1,0,49,0,15,1,1,pre_allocation
1,503,normal,0,0,65535_65535,0,1,3069,1924,1,1,1,50,1924,15,1,1,allocated
1,503,normal,0,0,65535_65535,0,2,3069,1885,0,1,0,49,0,15,1,1,pre_allocation
1,503,normal,0,0,65535_65535,0,2,3069,1924,1,1,1,50,1924,15,1,1,allocated
1,503,normal,0,0,65535_65535,0,3,3069,1885,0,1,0,49,0,15,1,1,pre_allocation
1,503,normal,0,0,65535_65535,0,3,3069,1924,1,1,1,50,1924,15,1,1,allocated
1,503,normal,0,0,65535_65535,0,4,3069,1885,0,1,0,49,0,15,1,1,pre_allocation
1,503,normal,0,0,65535_65535,0,4,3069,1924,1,1,1,50,1924,15,1,1,allocated
1,503,normal,0,0,65535_65535,0,5,3069,1885,0,1,0,49,0,15,1,1,pre_allocation
1,503,normal,0,0,65535_65535,0,5,3069,1924,1,1,1,50,1924,15,1,1,allocated
1,503,normal,0,0,65535_65535,0,1,3069,1924,0,1,0,50,0,15,1,1,pre_allocation
1,503,normal,0,0,65535_65535,0,1,3069,1963,1,1,1,51,1963,15,1,1,allocated
1,503,normal,0,0,65535_65535,0,2,3069,1924,0,1,0,50,0,15,1,1,pre_allocation
1,503,normal,0,0,65535_65535,0,2,3069,1963,1,1,1,51,1963,15,1,1,allocated
1,503,normal,0,0,65535_65535,0,3,3069,1924,0,1,0,50,0,15,1,1,pre_allocation
1,503,normal,0,0,65535_65535,0,3,3069,1963,1,1,1,51,1963,15,1,1,allocated
1,503,normal,0,0,65535_65535,0,4,3069,1924,0,1,0,50,0,15,1,1,pre_allocation
1,503,normal,0,0,65535_65535,0,4,3069,1963,1,1,1,51,1963,15,1,1,allocated
1,503,normal,0,0,65535_65535,0,5,3069,1924,0,1,0,50,0,15,1,1,pre_allocation
1,503,normal,0,0,65535_65535,0,5,3069,1963,1,1,1,51,1963,15,1,1,allocated
1,503,normal,0,0,65535_65535,0,1,3069,1963,0,1,0,51,0,15,1,1,pre_allocation
1,503,normal,0,0,65535_65535,0,1,3069,2001,1,1,1,52,2001,15,1,1,allocated
1,503,normal,0,0,65535_65535,0,2,3069,1963,0,1,0,51,0,15,1,1,pre_allocation
1,503,normal,0,0,65535_65535,0,2,3069,2001,1,1,1,52,2001,15,1,1,allocated
1,503,normal,0,0,65535_65535,0,3,3069,1963,0,1,0,51,0,15,1,1,pre_allocation
1,503,normal,0,0,65535_65535,0,3,3069,2001,1,1,1,52,2001,15,1,1,allocated
1,503,normal,0,0,65535_65535,0,4,3069,1963,0,1,0,51,0,15,1,1,pre_allocation
1,503,normal,0,0,65535_65535,0,4,3069,2001,1,1,1,52,2001,15,1,1,allocated
1,503,normal,0,0,65535_65535,0,5,3069,1963,0,1,0,51,0,15,1,1,pre_allocation
1,503,normal,0,0,65535_65535,0,5,3069,2001,1,1,1,52,2001,15,1,1,allocated
1,503,normal,0,0,65535_65535,0,1,3069,2001,0,1,0,52,0,15,1,1,pre_allocation
1,503,normal,0,0,65535_65535,0,1,3069,2040,1,1,1,53,2040,15,1,1,allocated
1,503,normal,0,0,65535_65535,0,2,3069,2001,0,1,0,52,0,15,1,1,pre_allocation
1,503,normal,0,0,65535_65535,0,2,3069,2040,1,1,1,53,2040,15,1,1,allocated
1,503,normal,0,0,65535_65535,0,3,3069,2001,0,1,0,52,0,15,1,1,pre_allocation
1,503,normal,0,0,65535_65535,0,3,3069,2040,1,1,1,53,2040,15,1,1,allocated
1,503,normal,0,0,65535_65535,0,4,3069,2001,0,1,0,52,0,15,1,1,pre_allocation
1,503,normal,0,0,65535_65535,0,4,3069,2040,1,1,1,53,2040,15,1,1,allocated
1,503,normal,0,0,65535_65535,0,5,3069,2001,0,1,0,52,0,15,1,1,pre_allocation
1,503,normal,0,0,65535_65535,0,5,3069,2040,1,1,1,53,2040,15,1,1,allocated
1,503,normal,0,0,65535_65535,0,1,3069,2040,0,1,0,53,0,15,1,1,pre_allocation
1,503,normal,0,0,65535_65535,0,1,3069,2078,1,1,1,54,2078,15,1,1,allocated
76,601,normal,0,0,65535_65535,0,1,76449,0,0,1,0,0,0,28,1,1,pre_allocation
76,601,normal,0,0,65535_65535,0,1,76449,12,1,1,1,1,12,28,1,1,allocated
76,601,normal,0,0,65535_65535,0,2,78220,0,0,1,0,0,0,28,1,1,pre_allocation
76,601,normal,0,0,65535_65535,0,2,78220,12,1,1,1,1,12,28,1,1,allocated
76,601,normal,0,0,65535_65535,0,3,78220,0,0,1,0,0,0,28,1,1,pre_allocation
76,601,normal,0,0,65535_65535,0,3,78220,12,1,1,1,1,12,28,1,1,allocated
76,601,normal,0,0,65535_65535,0,4,78673,0,0,1,0,0,0,28,1,1,pre_allocation
76,601,normal,0,0,65535_65535,0,4,78673,12,1,1,1,1,12,28,1,1,allocated
76,601,normal,0,0,65535_65535,0,5,79447,0,0,1,0,0,0,28,1,1,pre_allocation
76,601,normal,0,0,65535_65535,0,5,79447,12,1,1,1,1,12,28,1,1,allocated
76,601,normal,0,0,65535_65535,0,1,76449,12,0,1,0,1,0,28,1,1,pre_allocation
76,601,normal,0,0,65535_65535,0,1,76449,27,1,1,1,2,27,28,1,1,allocated
76,601,normal,0,0,65535_65535,0,2,78220,12,0,1,0,1,0,28,1,1,pre_allocation
76,601,normal,0,0,65535_65535,0,2,78220,27,1,1,1,2,27,28,1,1,allocated
76,601,normal,0,0,65535_65535,0,3,78220,12,0,1,0,1,0,28,1,1,pre_allocation
76,601,normal,0,0,65535_65535,0,3,78220,27,1,1,1,2,27,28,1,1,allocated
76,601,normal,0,0,65535_65535,0,4,78673,12,0,1,0,1,0,28,1,1,pre_allocation
76,601,normal,0,0,65535_65535,0,4,78673,27,1,1,1,2,27,28,1,1,allocated
76,601,normal,0,0,65535_65535,0,5,79447,12,0,1,0,1,0,28,1,1,pre_allocation
76,601,normal,0,0,65535_65535,0,5,79447,27,1,1,1,2,27,28,1,1,allocated
76,601,normal,0,0,65535_65535,0,1,76449,27,0,1,0,2,0,28,1,1,pre_allocation
76,601,normal,0,0,65535_65535,0,1,76449,42,1,1,1,3,42,28,1,1,allocated
76,601,normal,0,0,65535_65535,0,2,78220,27,0,1,0,2,0,28,1,1,pre_allocation
76,601,normal,0,0,65535_65535,0,2,78220,42,1,1,1,3,42,28,1,1,allocated
76,601,normal,0,0,65535_65535,0,3,78220,27,0,1,0,2,0,28,1,1,pre_allocation
76,601,normal,0,0,65535_65535,0,3,78220,42,1,1,1,3,42,28,1,1,allocated
76,601,normal,0,0,65535_65535,0,4,78673,27,0,1,0,2,0,28,1,1,pre_allocation
76,601,normal,0,0,65535_65535,0,4,78673,42,1,1,1,3,42,28,1,1,allocated
76,601,normal,0,0,65535_65535,0,5,79447,27,0,1,0,2,0,28,1,1,pre_allocation
76,601,normal,0,0,65535_65535,0,5,79447,42,1,1,1,3,42,28,1,1,allocated
76,601,normal,0,0,65535_65535,0,1,76449,42,0,1,0,3,0,28,1,1,pre_allocation
76,601,normal,0,0,65535_65535,0,1,76449,57,1,1,1,4,57,28,1,1,allocated
76,601,normal,0,0,65535_65535,0,2,78220,42,0,1,0,3,0,28,1,1,pre_allocation
76,601,normal,0,0,65535_65535,0,2,78220,57,1,1,1,4,57,28,1,1,allocated
76,601,normal,0,0,65535_65535,0,3,78220,42,0,1,0,3,0,28,1,1,pre_allocation
76,601,normal,0,0,65535_65535,0,3,78220,57,1,1,1,4,57,28,1,1,allocated
76,601,normal,0,0,65535_65535,0,4,78673,42,0,1,0,3,0,28,1,1,pre_allocation
76,601,normal,0,0,65535_65535,0,4,78673,57,1,1,1,4,57,28,1,1,allocated
76,601,normal,0,0,65535_65535,0,5,79447,42,0,1,0,3,0,28,1,1,pre_allocation
76,601,normal,0,0,65535_65535,0,5,79447,57,1,1,1,4,57,28,1,1,allocated
76,601,normal,0,0,65535_65535,0,1,76449,57,0,1,0,4,0,28,1,1,pre_allocation
76,601,normal,0,0,65535_65535,0,1,76449,72,1,1,1,5,72,28,1,1,allocated
76,601,normal,0,0,65535_65535,0,2,78220,57,0,1,0,4,0,28,1,1,pre_allocation
76,601,normal,0,0,65535_65535,0,2,78220,72,1,1,1,5,72,28,1,1,allocated
76,601,normal,0,0,65535_65535,0,3,78220,57,0,1,0,4,0,28,1,1,pre_allocation
76,601,normal,0,0,65535_65535,0,3,78220,72,1,1,1,5,72,28,1,1,allocated
76,601,normal,0,0,65535_65535,0,4,78673,57,0,1,0,4,0,28,1,1,pre_allocation
76,601,normal,0,0,65535_65535,0,4,78673,72,1,1,1,5,72,28,1,1,allocated
76,601,normal,0,0,65535_65535,0,5,79447,57,0,1,0,4,0,28,1,1,pre_allocation
76,601,normal,0,0,65535_65535,0,5,79447,72,1,1,1,5,72,28,1,1,allocated
76,601,normal,0,0,65535_65535,0,1,76449,72,0,1,0,5,0,28,1,1,pre_allocation
76,601,normal,0,0,65535_65535,0,1,76449,88,1,1,1,6,88,28,1,1,allocated
76,601,normal,0,0,65535_65535,0,2,78220,72,0,1,0,5,0,28,1,1,pre_allocation
76,601,normal,0,0,65535_65535,0,2,78220,88,1,1,1,6,88,28,1,1,allocated
76,601,normal,0,0,65535_65535,0,3,78220,72,0,1,0,5,0,28,1,1,pre_allocation
76,601,normal,0,0,65535_65535,0,3,78220,88,1,1,1,6,88,28,1,1,allocated
76,601,normal,0,0,65535_65535,0,4,78673,72,0,1,0,5,0,28,1,1,pre_allocation
76,601,normal,0,0,65535_65535,0,4,78673,88,1,1,1,6,88,28,1,1,allocated
76,601,normal,0,0,65535_65535,0,5,79447,72,0,1,0,5,0,28,1,1,pre_allocation
76,601,normal,0,0,65535_65535,0,5,79447,88,1,1,1,6,88,28,1,1,allocated
76,601,normal,0,0,65535_65535,0,1,76449,88,0,1,0,6,0,28,1,1,pre_allocation
76,601,normal,0,0,65535_65535,0,1,76449,103,1,1,1,7,103,28,1,1,allocated
76,601,normal,0,0,65535_65535,0,2,78220,88,0,1,0,6,0,28,1,1,pre_allocation
76,601,normal,0,0,65535_65535,0,2,78220,103,1,1,1,7,103,28,1,1,allocated
76,601,normal,0,0,65535_65535,0,3,78220,88,0,1,0,6,0,28,1,1,pre_allocation
76,601,normal,0,0,65535_65535,0,3,78220,103,1,1,1,7,103,28,1,1,allocated
76,601,normal,0,0,65535_65535,0,4,78673,88,0,1,0,6,0,28,1,1,pre_allocation
76,601,normal,0,0,65535_65535,0,4,78673,103,1,1,1,7,103,28,1,1,allocated
76,601,normal,0,0,65535_65535,0,5,79447,88,0,1,0,6,0,28,1,1,pre_allocation
76,601,normal,0,0,65535_65535,0,5,79447,103,1,1,1,7,103,28,1,1,allocated
76,601,normal,0,0,65535_65535,0,1,76449,103,0,1,0,7,0,28,1,1,pre_allocation
76,601,normal,0,0,65535_65535,0,1,76449,118,1,1,1,8,118,28,1,1,allocated
76,601,normal,0,0,65535_65535,0,2,78220,103,0,1,0,7,0,28,1,1,pre_allocation
76,601,normal,0,0,65535_65535,0,2,78220,118,1,1,1,8,118,28,1,1,allocated
76,601,normal,0,0,65535_65535,0,3,78220,103,0,1,0,7,0,28,1,1,pre_allocation
76,601,normal,0,0,65535_65535,0,3,78220,118,1,1,1,8,118,28,1,1,allocated
76,601,normal,0,0,65535_65535,0,4,78673,103,0,1,0,7,0,28,1,1,pre_allocation
76,601,normal,0,0,65535_65535,0,4,78673,118,1,1,1,8,118,28,1,1,allocated
76,601,normal,0,0,65535_65535,0,5,79447,103,0,1,0,7,0,28,1,1,pre_allocation
76,601,normal,0,0,65535_65535,0,5,79447,118,1,1,1,8,118,28,1,1,allocated
76,601,normal,0,0,65535_65535,0,1,76449,118,0,1,0,8,0,28,1,1,pre_allocation
76,601,normal,0,0,65535_65535,0,1,76449,133,1,1,1,9,133,28,1,1,allocated
76,601,normal,0,0,65535_65535,0,2,78220,118,0,1,0,8,0,28,1,1,pre_allocation
76,601,normal,0,0,65535_65535,0,2,78220,133,1,1,1,9,133,28,1,1,allocated
76,601,normal,0,0,65535_65535,0,3,78220,118,0,1,0,8,0,28,1,1,pre_allocation
76,601,normal,0,0,65535_65535,0,3,78220,133,1,1,1,9,133,28,1,1,allocated
76,601,normal,0,0,65535_65535,0,4,78673,118,0,1,0,8,0,28,1,1,pre_allocation
76,601,normal,0,0,65535_65535,0,4,78673,133,1,1,1,9,133,28,1,1,allocated
76,601,normal,0,0,65535_65535,0,5,79447,118,0,1,0,8,0,28,1,1,pre_allocation
76,601,normal,0,0,65535_65535,0,5,79447,133,1,1,1,9,133,28,1,1,allocated
76,601,normal,0,0,65535_65535,0,1,76449,133,0,1,0,9,0,28,1,1,pre_allocation
76,601,normal,0,0,65535_65535,0,1,76449,148,1,1,1,10,148,28,1,1,allocated
76,601,normal,0,0,65535_65535,0,2,78220,133,0,1,0,9,0,28,1,1,pre_allocation
76,601,normal,0,0,65535_65535,0,2,78220,148,1,1,1,10,148,28,1,1,allocated
76,601,normal,0,0,65535_65535,0,3,78220,133,0,1,0,9,0,28,1,1,pre_allocation
76,601,normal,0,0,65535_65535,0,3,78220,148,1,1,1,10,148,28,1,1,allocated
76,601,normal,0,0,65535_65535,0,4,78673,133,0,1,0,9,0,28,1,1,pre_allocation
76,601,normal,0,0,65535_65535,0,4,78673,148,1,1,1,10,148,28,1,1,allocated
76,601,normal,0,0,65535_65535,0,5,79447,133,0,1,0,9,0,28,1,1,pre_allocation
76,601,normal,0,0,65535_65535,0,5,79447,148,1,1,1,10,148,28,1,1,allocated
76,601,normal,0,0,65535_65535,0,1,76449,148,0,1,0,10,0,28,1,1,pre_allocation
76,601,normal,0,0,65535_65535,0,1,76449,163,1,1,1,11,163,28,1,1,allocated
76,601,normal,0,0,65535_65535,0,2,78220,148,0,1,0,10,0,28,1,1,pre_allocation
76,601,normal,0,0,65535_65535,0,2,78220,163,1,1,1,11,163,28,1,1,allocated
76,601,normal,0,0,65535_65535,0,3,78220,148,0,1,0,10,0,28,1,1,pre_allocation
76,601,normal,0,0,65535_65535,0,3,78220,163,1,1,1,11,163,28,1,1,allocated
76,601,normal,0,0,65535_65535,0,4,78673,148,0,1,0,10,0,28,1,1,pre_allocation
76,601,normal,0,0,65535_65535,0,4,78673,163,1,1,1,11,163,28,1,1,allocated
76,601,normal,0,0,65535_65535,0,5,79447,148,0,1,0,10,0,28,1,1,pre_allocation
76,601,normal,0,0,65535_65535,0,5,79447,163,1,1,1,11,163,28,1,1,allocated
76,601,normal,0,0,65535_65535,0,1,76449,163,0,1,0,11,0,28,1,1,pre_allocation
76,601,normal,0,0,65535_65535,0,1,76449,179,1,1,1,12,179,28,1,1,allocated
76,601,normal,0,0,65535_65535,0,2,78220,163,0,1,0,11,0,28,1,1,pre_allocation
76,601,normal,0,0,65535_65535,0,2,78220,179,1,1,1,12,179,28,1,1,allocated
76,601,normal,0,0,65535_65535,0,3,78220,163,0,1,0,11,0,28,1,1,pre_allocation
76,601,normal,0,0,65535_65535,0,3,78220,179,1,1,1,12,179,28,1,1,allocated
76,601,normal,0,0,65535_65535,0,4,78673,163,0,1,0,11,0,28,1,1,pre_allocation
76,601,normal,0,0,65535_65535,0,4,78673,179,1,1,1,12,179,28,1,1,allocated
76,601,normal,0,0,65535_65535,0,5,79447,163,0,1,0,11,0,28,1,1,pre_allocation
76,601,normal,0,0,65535_65535,0,5,79447,179,1,1,1,12,179,28,1,1,allocated
76,601,normal,0,0,65535_65535,0,1,76449,179,0,1,0,12,0,28,1,1,pre_allocation
76,601,normal,0,0,65535_65535,0,1,76449,194,1,1,1,13,194,28,1,1,allocated
76,601,normal,0,0,65535_65535,0,2,78220,179,0,1,0,12,0,28,1,1,pre_allocation
76,601,normal,0,0,65535_65535,0,2,78220,194,1,1,1,13,194,28,1,1,allocated
76,601,normal,0,0,65535_65535,0,3,78220,179,0,1,0,12,0,28,1,1,pre_allocation
76,601,normal,0,0,65535_65535,0,3,78220,194,1,1,1,13,194,28,1,1,allocated
76,601,normal,0,0,65535_65535,0,4,78673,179,0,1,0,12,0,28,1,1,pre_allocation
76,601,normal,0,0,65535_65535,0,4,78673,194,1,1,1,13,194,28,1,1,allocated
76,601,normal,0,0,65535_65535,0,5,79447,179,0,1,0,12,0,28,1,1,pre_allocation
76,601,normal,0,0,65535_65535,0,5,79447,194,1,1,1,13,194,28,1,1,allocated
76,601,normal,0,0,65535_65535,0,1,76449,194,0,1,0,13,0,28,1,1,pre_allocation
76,601,normal,0,0,65535_65535,0,1,76449,209,1,1,1,14,209,28,1,1,allocated
76,601,normal,0,0,65535_65535,0,2,78220,194,0,1,0,13,0,28,1,1,pre_allocation
76,601,normal,0,0,65535_65535,0,2,78220,209,1,1,1,14,209,28,1,1,allocated
76,601,normal,0,0,65535_65535,0,3,78220,194,0,1,0,13,0,28,1,1,pre_allocation
76,601,normal,0,0,65535_65535,0,3,78220,209,1,1,1,14,209,28,1,1,allocated
76,601,normal,0,0,65535_65535,0,4,78673,194,0,1,0,13,0,28,1,1,pre_allocation
76,601,normal,0,0,65535_65535,0,4,78673,209,1,1,1,14,209,28,1,1,allocated
76,601,normal,0,0,65535_65535,0,5,79447,194,0,1,0,13,0,28,1,1,pre_allocation
76,601,normal,0,0,65535_65535,0,5,79447,209,1,1,1,14,209,28,1,1,allocated
76,601,normal,0,0,65535_65535,0,1,76449,209,0,1,0,14,0,28,1,1,pre_allocation
76,601,normal,0,0,65535_65535,0,1,76449,224,1,1,1,15,224,28,1,1,allocated
76,601,normal,0,0,65535_65535,1,7,87,0,0,1,0,0,0,15,1,1,pre_allocation
76,601,normal,0,0,65535_65535,1,7,87,2,1,1,1,1,2,15,1,1,allocated
76,601,normal,0,0,65535_65535,1,8,87,0,0,1,0,0,0,28,1,1,pre_allocation
76,601,normal,0,0,65535_65535,1,8,87,12,1,1,1,1,12,28,1,1,allocated
76,601,normal,0,0,65535_65535,1,9,87,0,0,1,0,0,0,28,1,1,pre_allocation
76,601,normal,0,0,65535_65535,1,9,87,12,1,1,1,1,12,28,1,1,allocated
76,601,normal,0,0,65535_65535,1,10,87,0,0,1,0,0,0,28,1,1,pre_allocation
76,601,normal,0,0,65535_65535,1,10,87,12,1,1,1,1,12,28,1,1,allocated
76,601,normal,0,0,65535_65535,1,7,87,2,0,1,0,1,0,15,1,1,pre_allocation
76,601,normal,0,0,65535_65535,1,7,87,8,1,1,1,2,8,15,1,1,allocated
76,601,normal,0,0,65535_65535,1,8,87,12,0,1,0,1,0,28,1,1,pre_allocation
76,601,normal,0,0,65535_65535,1,8,87,27,1,1,1,2,27,28,1,1,allocated
76,601,normal,0,0,65535_65535,1,9,87,12,0,1,0,1,0,28,1,1,pre_allocation
76,601,normal,0,0,65535_65535,1,9,87,27,1,1,1,2,27,28,1,1,allocated
76,601,normal,0,0,65535_65535,1,10,87,12,0,1,0,1,0,28,1,1,pre_allocation
76,601,normal,0,0,65535_65535,1,10,87,27,1,1,1,2,27,28,1,1,allocated
76,601,normal,0,0,65535_65535,1,7,87,8,0,1,0,2,0,15,1,1,pre_allocation
76,601,normal,0,0,65535_65535,1,7,87,14,1,1,1,3,14,15,1,1,allocated
76,601,normal,0,0,65535_65535,1,8,87,27,0,1,0,2,0,28,1,1,pre_allocation
76,601,normal,0,0,65535_65535,1,8,87,42,1,1,1,3,42,28,1,1,allocated
76,601,normal,0,0,65535_65535,1,9,87,27,0,1,0,2,0,28,1,1,pre_allocation
76,601,normal,0,0,65535_65535,1,9,87,42,1,1,1,3,42,28,1,1,allocated
76,601,normal,0,0,65535_65535,1,10,87,27,0,1,0,2,0,28,1,1,pre_allocation
76,601,normal,0,0,65535_65535,1,10,87,42,1,1,1,3,42,28,1,1,allocated
76,601,normal,0,0,65535_65535,1,7,87,14,0,1,0,3,0,15,1,1,pre_allocation
76,601,normal,0,0,65535_65535,1,7,87,20,1,1,1,4,20,15,1,1,allocated
76,601,normal,0,0,65535_65535,1,8,87,42,0,1,0,3,0,28,1,1,pre_allocation
76,601,normal,0,0,65535_65535,1,8,87,57,1,1,1,4,57,28,1,1,allocated
76,601,normal,0,0,65535_65535,1,9,87,42,0,1,0,3,0,28,1,1,pre_allocation
76,601,normal,0,0,65535_65535,1,9,87,57,1,1,1,4,57,28,1,1,allocated
76,601,normal,0,0,65535_65535,1,10,87,42,0,1,0,3,0,28,1,1,pre_allocation
76,601,normal,0,0,65535_65535,1,10,87,57,1,1,1,4,57,28,1,1,allocated
76,601,normal,0,0,65535_65535,1,7,87,20,0,1,0,4,0,15,1,1,pre_allocation
76,601,normal,0,0,65535_65535,1,7,87,26,1,1,1,5,26,15,1,1,allocated
76,601,normal,0,0,65535_65535,1,8,87,57,0,1,0,4,0,28,1,1,pre_allocation
76,601,normal,0,0,65535_65535,1,8,87,72,1,1,1,5,72,28,1,1,allocated
76,601,normal,0,0,65535_65535,1,9,87,57,0,1,0,4,0,28,1,1,pre_allocation
76,601,normal,0,0,65535_65535,1,9,87,72,1,1,1,5,72,28,1,1,allocated
76,601,normal,0,0,65535_65535,1,10,87,57,0,1,0,4,0,28,1,1,pre_allocation
76,601,normal,0,0,65535_65535,1,10,87,72,1,1,1,5,72,28,1,1,allocated
76,601,normal,0,0,65535_65535,1,7,87,26,0,1,0,5,0,15,1,1,pre_allocation
76,601,normal,0,0,65535_65535,1,7,87,32,1,1,1,6,32,15,1,1,allocated
76,601,normal,0,0,65535_65535,1,8,87,72,0,1,0,5,0,28,1,1,pre_allocation
76,601,normal,0,0,65535_65535,1,8,87,88,1,1,1,6,88,28,1,1,allocated
76,601,normal,0,0,65535_65535,1,9,87,72,0,1,0,5,0,28,1,1,pre_allocation
76,601,normal,0,0,65535_65535,1,9,87,88,1,1,1,6,88,28,1,1,allocated
76,601,normal,0,0,65535_65535,1,10,87,72,0,1,0,5,0,28,1,1,pre_allocation
76,601,normal,0,0,65535_65535,1,10,87,88,1,1,1,6,88,28,1,1,allocated
76,601,normal,0,0,65535_65535,1,7,87,32,0,1,0,6,0,15,1,1,pre_allocation
76,601,normal,0,0,65535_65535,1,7,87,38,1,1,1,7,38,15,1,1,allocated
76,601,normal,0,0,65535_65535,1,8,87,88,0,1,0,6,0,28,1,1,pre_allocation
76,601,normal,0,0,65535_65535,1,8,87,103,1,1,1,7,103,28,1,1,allocated
76,601,normal,0,0,65535_65535,1,9,87,88,0,1,0,6,0,28,1,1,pre_allocation
76,601,normal,0,0,65535_65535,1,9,87,103,1,1,1,7,103,28,1,1,allocated
76,601,normal,0,0,65535_65535,1,10,87,88,0,1,0,6,0,28,1,1,pre_allocation
76,601,normal,0,0,65535_65535,1,10,87,103,1,1,1,7,103,28,1,1,allocated
76,601,normal,0,0,65535_65535,1,7,87,38,0,1,0,7,0,15,1,1,pre_allocation
76,601,normal,0,0,65535_65535,1,7,87,44,1,1,1,8,44,15,1,1,allocated
76,601,normal,0,0,65535_65535,1,8,87,103,0,1,0,7,0,28,1,1,pre_allocation
76,601,normal,0,0,65535_65535,1,8,87,118,1,1,1,8,118,28,1,1,allocated
76,601,normal,0,0,65535_65535,1,9,87,103,0,1,0,7,0,28,1,1,pre_allocation
76,601,normal,0,0,65535_65535,1,9,87,118,1,1,1,8,118,28,1,1,allocated
76,601,normal,0,0,65535_65535,1,10,87,103,0,1,0,7,0,28,1,1,pre_allocation
76,601,normal,0,0,65535_65535,1,10,87,118,1,1,1,8,118,28,1,1,allocated
76,601,normal,0,0,65535_65535,1,7,87,44,0,1,0,8,0,15,1,1,pre_allocation
76,601,normal,0,0,65535_65535,1,7,87,50,1,1,1,9,50,15,1,1,allocated
76,601,normal,0,0,65535_65535,1,8,87,118,0,1,0,8,0,28,1,1,pre_allocation
76,601,normal,0,0,65535_65535,1,8,87,133,1,1,1,9,133,28,1,1,allocated
76,601,normal,0,0,65535_65535,1,9,87,118,0,1,0,8,0,28,1,1,pre_allocation
76,601,normal,0,0,65535_65535,1,9,87,133,1,1,1,9,133,28,1,1,allocated
76,601,normal,0,0,65535_65535,1,10,87,118,0,1,0,8,0,28,1,1,pre_allocation
76,601,normal,0,0,65535_65535,1,10,87,133,1,1,1,9,133,28,1,1,allocated
76,601,normal,0,0,65535_65535,1,7,87,50,0,1,0,9,0,15,1,1,pre_allocation
76,601,normal,0,0,65535_65535,1,7,87,56,1,1,1,10,56,15,1,1,allocated
76,601,normal,0,0,65535_65535,1,8,87,133,0,1,0,9,0,28,1,1,pre_allocation
76,601,normal,0,0,65535_65535,1,8,87,148,1,1,1,10,148,28,1,1,allocated
76,601,normal,0,0,65535_65535,1,9,87,133,0,1,0,9,0,28,1,1,pre_allocation
76,601,normal,0,0,65535_65535,1,9,87,148,1,1,1,10,148,28,1,1,allocated
76,601,normal,0,0,65535_65535,1,10,87,133,0,1,0,9,0,28,1,1,pre_allocation
76,601,normal,0,0,65535_65535,1,10,87,148,1,1,1,10,148,28,1,1,allocated
76,601,normal,0,0,65535_65535,1,7,87,56,0,1,0,10,0,15,1,1,pre_allocation
76,601,normal,0,0,65535_65535,1,7,87,62,1,1,1,11,62,15,1,1,allocated
76,601,normal,0,0,65535_65535,1,8,87,148,0,1,0,10,0,28,1,1,pre_allocation
76,601,normal,0,0,65535_65535,1,8,87,163,1,1,1,11,163,28,1,1,allocated
76,601,normal,0,0,65535_65535,1,9,87,148,0,1,0,10,0,28,1,1,pre_allocation
76,601,normal,0,0,65535_65535,1,9,87,163,1,1,1,11,163,28,1,1,allocated
76,601,normal,0,0,65535_65535,1,10,87,148,0,1,0,10,0,28,1,1,pre_allocation
76,601,normal,0,0,65535_65535,1,10,87,163,1,1,1,11,163,28,1,1,allocated
76,601,normal,0,0,65535_65535,1,7,87,62,0,1,0,11,0,15,1,1,pre_allocation
76,601,normal,0,0,65535_65535,1,7,87,68,1,1,1,12,68,15,1,1,allocated
76,601,normal,0,0,65535_65535,1,8,87,163,0,1,0,11,0,28,1,1,pre_allocation
76,601,normal,0,0,65535_65535,1,8,87,179,1,1,1,12,179,28,1,1,allocated
76,601,normal,0,0,65535_65535,1,9,87,163,0,1,0,11,0,28,1,1,pre_allocation
76,601,normal,0,0,65535_65535,1,9,87,179,1,1,1,12,179,28,1,1,allocated
76,601,normal,0,0,65535_65535,1,10,87,163,0,1,0,11,0,28,1,1,pre_allocation
76,601,normal,0,0,65535_65535,1,10,87,179,1,1,1,12,179,28,1,1,allocated
76,601,normal,0,0,65535_65535,1,7,87,68,0,1,0,12,0,15,1,1,pre_allocation
76,601,normal,0,0,65535_65535,1,7,87,74,1,1,1,13,74,15,1,1,allocated
76,601,normal,0,0,65535_65535,1,8,87,179,0,1,0,12,0,28,1,1,pre_allocation
76,601,normal,0,0,65535_65535,1,8,87,194,1,1,1,13,194,28,1,1,allocated
76,601,normal,0,0,65535_65535,1,9,87,179,0,1,0,12,0,28,1,1,pre_allocation
76,601,normal,0,0,65535_65535,1,9,87,194,1,1,1,13,194,28,1,1,allocated
76,601,normal,0,0,65535_65535,1,10,87,179,0,1,0,12,0,28,1,1,pre_allocation
76,601,normal,0,0,65535_65535,1,10,87,194,1,1,1,13,194,28,1,1,allocated
76,601,normal,0,0,65535_65535,1,7,87,74,0,1,0,13,0,15,1,1,pre_allocation
76,601,normal,0,0,65535_65535,1,7,87,80,1,1,1,14,80,15,1,1,allocated
76,601,normal,0,0,65535_65535,1,8,87,194,0,1,0,13,0,28,1,1,pre_allocation
76,601,normal,0,0,65535_65535,1,8,87,209,1,1,1,14,209,28,1,1,allocated
76,601,normal,0,0,65535_65535,1,9,87,194,0,1,0,13,0,28,1,1,pre_allocation
76,601,normal,0,0,65535_65535,1,9,87,209,1,1,1,14,209,28,1,1,allocated
76,601,normal,0,0,65535_65535,1,10,87,194,0,1,0,13,0,28,1,1,pre_allocation
76,601,normal,0,0,65535_65535,1,10,87,209,1,1,1,14,209,28,1,1,allocated
76,601,normal,0,0,65535_65535,1,7,87,80,0,1,0,14,0,15,1,1,pre_allocation
76,601,normal,0,0,65535_65535,1,7,87,86,1,1,1,15,86,15,1,1,allocated
76,601,normal,0,0,65535_65535,1,8,87,209,0,1,0,14,0,28,1,1,pre_allocation
76,601,normal,0,0,65535_65535,1,8,87,224,1,1,1,15,224,28,1,1,allocated
76,601,normal,0,0,65535_65535,1,9,87,209,0,1,0,14,0,28,1,1,pre_allocation
76,601,normal,0,0,65535_65535,1,9,87,224,1,1,1,15,224,28,1,1,allocated
76,601,normal,0,0,65535_65535,1,10,87,209,0,1,0,14,0,28,1,1,pre_allocation
76,601,normal,0,0,65535_65535,1,10,87,224,1,1,1,15,224,28,1,1,allocated
76,601,normal,0,0,65535_65535,1,7,87,86,0,1,0,15,0,15,1,1,pre_allocation
76,601,normal,0,0,65535_65535,1,7,87,92,1,1,1,16,92,15,1,1,allocated
76,601,normal,0,0,65535_65535,1,8,87,224,0,1,0,15,0,28,1,1,pre_allocation
76,601,normal,0,0,65535_65535,1,8,87,239,1,1,1,16,239,28,1,1,allocated
76,601,normal,0,0,65535_65535,1,9,87,224,0,1,0,15,0,28,1,1,pre_allocation
76,601,normal,0,0,65535_65535,1,9,87,239,1,1,1,16,239,28,1,1,allocated
76,601,normal,0,0,65535_65535,1,10,87,224,0,1,0,15,0,28,1,1,pre_allocation
76,601,normal,0,0,65535_65535,1,10,87,239,1,1,1,16,239,28,1,1,allocated
76,601,normal,0,0,65535_65535,1,7,87,92,0,1,0,16,0,15,1,1,pre_allocation
76,601,normal,0,0,65535_65535,1,7,87,97,1,1,1,17,97,15,1,1,allocated
76,601,normal,0,0,65535_65535,1,8,87,239,0,1,0,16,0,28,1,1,pre_allocation
76,601,normal,0,0,65535_65535,1,8,87,255,1,1,1,17,255,28,1,1,allocated
76,601,normal,0,0,65535_65535,1,9,87,239,0,1,0,16,0,28,1,1,pre_allocation
76,601,normal,0,0,65535_65535,1,9,87,255,1,1,1,17,255,28,1,1,allocated
76,601,normal,0,0,65535_65535,1,10,87,239,0,1,0,16,0,28,1,1,pre_allocation
76,601,normal,0,0,65535_65535,1,10,87,255,1,1,1,17,255,28,1,1,allocated
76,601,normal,0,0,65535_65535,1,7,87,97,0,1,0,17,0,15,1,1,pre_allocation
76,601,normal,0,0,65535_65535,1,7,87,103,1,1,1,18,103,15,1,1,allocated
76,601,normal,0,0,65535_65535,1,8,87,255,0,1,0,17,0,28,1,1,pre_allocation
76,601,normal,0,0,65535_65535,1,8,87,270,1,1,1,18,270,28,1,1,allocated
76,601,normal,0,0,65535_65535,1,9,87,255,0,1,0,17,0,28,1,1,pre_allocation
76,601,normal,0,0,65535_65535,1,9,87,270,1,1,1,18,270,28,1,1,allocated
76,601,normal,0,0,65535_65535,1,10,87,255,0,1,0,17,0,28,1,1,pre_allocation
76,601,normal,0,0,65535_65535,1,10,87,270,1,1,1,18,270,28,1,1,allocated
76,601,normal,0,0,65535_65535,1,7,87,103,0,1,0,18,0,15,1,1,pre_allocation
76,601,normal,0,0,65535_65535,1,7,87,109,1,1,1,19,109,15,1,1,allocated
76,601,normal,0,0,65535_65535,1,8,87,270,0,1,0,18,0,28,1,1,pre_allocation
76,601,normal,0,0,65535_65535,1,8,87,285,1,1,1,19,285,28,1,1,allocated
76,601,normal,0,0,65535_65535,1,9,87,270,0,1,0,18,0,28,1,1,pre_allocation
76,601,normal,0,0,65535_65535,1,9,87,285,1,1,1,19,285,28,1,1,allocated
76,601,normal,0,0,65535_65535,1,10,87,270,0,1,0,18,0,28,1,1,pre_allocation
76,601,normal,0,0,65535_65535,1,10,87,285,1,1,1,19,285,28,1,1,allocated
76,601,normal,0,0,65535_65535,1,7,87,109,0,1,0,19,0,15,1,1,pre_allocation
76,601,normal,0,0,65535_65535,1,7,87,115,1,1,1,20,115,15,1,1,allocated
76,601,normal,0,0,65535_65535,1,8,87,285,0,1,0,19,0,28,1,1,pre_allocation
76,601,normal,0,0,65535_65535,1,8,87,300,1,1,1,20,300,28,1,1,allocated
76,601,normal,0,0,65535_65535,1,9,87,285,0,1,0,19,0,28,1,1,pre_allocation
76,601,normal,0,0,65535_65535,1,9,87,300,1,1,1,20,300,28,1,1,allocated
76,601,normal,0,0,65535_65535,1,10,87,285,0,1,0,19,0,28,1,1,pre_allocation
76,601,normal,0,0,65535_65535,1,10,87,300,1,1,1,20,300,28,1,1,allocated
76,601,normal,0,0,65535_65535,1,7,87,115,0,1,0,20,0,15,1,1,pre_allocation
76,601,normal,0,0,65535_65535,1,7,87,121,1,1,1,21,121,15,1,1,allocated
76,601,normal,0,0,65535_65535,1,8,87,300,0,1,0,20,0,28,1,1,pre_allocation
76,601,normal,0,0,65535_65535,1,8,87,315,1,1,1,21,315,28,1,1,allocated
76,601,normal,0,0,65535_65535,1,9,87,300,0,1,0,20,0,28,1,1,pre_allocation
76,601,normal,0,0,65535_65535,1,9,87,315,1,1,1,21,315,28,1,1,allocated
76,601,normal,0,0,65535_65535,1,10,87,300,0,1,0,20,0,28,1,1,pre_allocation
76,601,normal,0,0,65535_65535,1,10,87,315,1,1,1,21,315,28,1,1,allocated
76,601,normal,0,0,65535_65535,1,7,87,121,0,1,0,21,0,15,1,1,pre_allocation
76,601,normal,0,0,65535_65535,1,7,87,127,1,1,1,22,127,15,1,1,allocated
76,601,normal,0,0,65535_65535,1,8,87,315,0,1,0,21,0,28,1,1,pre_allocation
76,601,normal,0,0,65535_65535,1,8,87,330,1,1,1,22,330,28,1,1,allocated
76,601,normal,0,0,65535_65535,1,9,87,315,0,1,0,21,0,28,1,1,pre_allocation
76,601,normal,0,0,65535_65535,1,9,87,330,1,1,1,22,330,28,1,1,allocated
76,601,normal,0,0,65535_65535,1,10,87,315,0,1,0,21,0,28,1,1,pre_allocation
76,601,normal,0,0,65535_65535,1,10,87,330,1,1,1,22,330,28,1,1,allocated
76,601,normal,0,0,65535_65535,1,7,87,127,0,1,0,22,0,15,1,1,pre_allocation
76,601,normal,0,0,65535_65535,1,7,87,133,1,1,1,23,133,15,1,1,allocated
76,601,normal,0,0,65535_65535,1,8,87,330,0,1,0,22,0,28,1,1,pre_allocation
76,601,normal,0,0,65535_65535,1,8,87,346,1,1,1,23,346,28,1,1,allocated
76,601,normal,0,0,65535_65535,1,9,87,330,0,1,0,22,0,28,1,1,pre_allocation
76,601,normal,0,0,65535_65535,1,9,87,346,1,1,1,23,346,28,1,1,allocated
76,601,normal,0,0,65535_65535,1,10,87,330,0,1,0,22,0,28,1,1,pre_allocation
76,601,normal,0,0,65535_65535,1,10,87,346,1,1,1,23,346,28,1,1,allocated
76,601,normal,0,0,65535_65535,1,7,87,133,0,1,0,23,0,15,1,1,pre_allocation
76,601,normal,0,0,65535_65535,1,7,87,139,1,1,1,24,139,15,1,1,allocated
76,601,normal,0,0,65535_65535,1,8,87,346,0,1,0,23,0,28,1,1,pre_allocation
76,601,normal,0,0,65535_65535,1,8,87,361,1,1,1,24,361,28,1,1,allocated
76,601,normal,0,0,65535_65535,1,9,87,346,0,1,0,23,0,28,1,1,pre_allocation
76,601,normal,0,0,65535_65535,1,9,87,361,1,1,1,24,361,28,1,1,allocated
76,601,normal,0,0,65535_65535,1,10,87,346,0,1,0,23,0,28,1,1,pre_allocation
76,601,normal,0,0,65535_65535,1,10,87,361,1,1,1,24,361,28,1,1,allocated
76,601,normal,0,0,65535_65535,1,7,87,139,0,1,0,24,0,15,1,1,pre_allocation
76,601,normal,0,0,65535_65535,1,7,87,145,1,1,1,25,145,15,1,1,allocated
76,601,normal,0,0,65535_65535,1,8,87,361,0,1,0,24,0,28,1,1,pre_allocation
76,601,normal,0,0,65535_65535,1,8,87,376,1,1,1,25,376,28,1,1,allocated
76,601,normal,0,0,65535_65535,1,9,87,361,0,1,0,24,0,28,1,1,pre_allocation
76,601,normal,0,0,65535_65535,1,9,87,376,1,1,1,25,376,28,1,1,allocated
76,601,normal,0,0,65535_65535,1,10,87,361,0,1,0,24,0,28,1,1,pre_allocation
76,601,normal,0,0,65535_65535,1,10,87,376,1,1,1,25,376,28,1,1,allocated
76,601,normal,0,0,65535_65535,1,7,87,145,0,1,0,25,0,15,1,1,pre_allocation
76,601,normal,0,0,65535_65535,1,7,87,151,1,1,1,26,151,15,1,1,allocated
76,601,normal,0,0,65535_65535,1,8,87,376,0,1,0,25,0,28,1,1,pre_allocation
76,601,normal,0,0,65535_65535,1,8,87,391,1,1,1,26,391,28,1,1,allocated
76,601,normal,0,0,65535_65535,1,9,87,376,0,1,0,25,0,28,1,1,pre_allocation
76,601,normal,0,0,65535_65535,1,9,87,391,1,1,1,26,391,28,1,1,allocated
76,601,normal,0,0,65535_65535,1,10,87,376,0,1,0,25,0,28,1,1,pre_allocation
76,601,normal,0,0,65535_65535,1,10,87,391,1,1,1,26,391,28,1,1,allocated
76,601,normal,0,0,65535_65535,1,7,87,151,0,1,0,26,0,15,1,1,pre_allocation
76,601,normal,0,0,65535_65535,1,7,87,157,1,1,1,27,157,15,1,1,allocated
76,601,normal,0,0,65535_65535,1,8,87,391,0,1,0,26,0,28,1,1,pre_allocation
76,601,normal,0,0,65535_65535,1,8,87,406,1,1,1,27,406,28,1,1,allocated
76,601,normal,0,0,65535_65535,2,22,280,0,0,1,0,0,0,15,1,1,pre_allocation
76,601,normal,0,0,65535_65535,2,22,280,2,1,1,1,1,2,15,1,1,allocated
76,601,normal,0,0,65535_65535,2,21,401,0,0,1,0,0,0,15,1,1,pre_allocation
76,601,normal,0,0,65535_65535,2,21,401,2,1,1,1,1,2,15,1,1,allocated
76,601,normal,0,0,65535_65535,2,22,280,2,0,1,0,1,0,15,1,1,pre_allocation
76,601,normal,0,0,65535_65535,2,22,280,8,1,1,1,2,8,15,1,1,allocated
76,601,normal,0,0,65535_65535,2,21,401,2,0,1,0,1,0,15,1,1,pre_allocation
76,601,normal,0,0,65535_65535,2,21,401,8,1,1,1,2,8,15,1,1,allocated
76,601,normal,0,0,65535_65535,2,22,280,8,0,1,0,2,0,15,1,1,pre_allocation
76,601,normal,0,0,65535_65535,2,22,280,14,1,1,1,3,14,15,1,1,allocated
76,601,normal,0,0,65535_65535,2,21,401,8,0,1,0,2,0,15,1,1,pre_allocation
76,601,normal,0,0,65535_65535,2,21,401,14,1,1,1,3,14,15,1,1,allocated
76,601,normal,0,0,65535_65535,2,22,280,14,0,1,0,3,0,15,1,1,pre_allocation
76,601,normal,0,0,65535_65535,2,22,280,20,1,1,1,4,20,15,1,1,allocated
76,601,normal,0,0,65535_65535,2,21,401,14,0,1,0,3,0,15,1,1,pre_allocation
76,601,normal,0,0,65535_65535,2,21,401,20,1,1,1,4,20,15,1,1,allocated
76,601,normal,0,0,65535_65535,2,22,280,20,0,1,0,4,0,15,1,1,pre_allocation
76,601,normal,0,0,65535_65535,2,22,280,26,1,1,1,5,26,15,1,1,allocated
76,601,normal,0,0,65535_65535,2,21,401,20,0,1,0,4,0,15,1,1,pre_allocation
76,601,normal,0,0,65535_65535,2,21,401,26,1,1,1,5,26,15,1,1,allocated
76,601,normal,0,0,65535_65535,2,22,280,26,0,1,0,5,0,15,1,1,pre_allocation
76,601,normal,0,0,65535_65535,2,22,280,32,1,1,1,6,32,15,1,1,allocated
76,601,normal,0,0,65535_65535,2,21,401,26,0,1,0,5,0,15,1,1,pre_allocation
76,601,normal,0,0,65535_65535,2,21,401,32,1,1,1,6,32,15,1,1,allocated
76,601,normal,0,0,65535_65535,2,22,280,32,0,1,0,6,0,15,1,1,pre_allocation
76,601,normal,0,0,65535_65535,2,22,280,38,1,1,1,7,38,15,1,1,allocated
76,601,normal,0,0,65535_65535,2,21,401,32,0,1,0,6,0,15,1,1,pre_allocation
76,601,normal,0,0,65535_65535,2,21,401,38,1,1,1,7,38,15,1,1,allocated
76,601,normal,0,0,65535_65535,2,22,280,38,0,1,0,7,0,15,1,1,pre_allocation
76,601,normal,0,0,65535_65535,2,22,280,44,1,1,1,8,44,15,1,1,allocated
76,601,normal,0,0,65535_65535,2,21,401,38,0,1,0,7,0,15,1,1,pre_allocation
76,601,normal,0,0,65535_65535,2,21,401,44,1,1,1,8,44,15,1,1,allocated
76,601,normal,0,0,65535_65535,2,22,280,44,0,1,0,8,0,15,1,1,pre_allocation
76,601,normal,0,0,65535_65535,2,22,280,50,1,1,1,9,50,15,1,1,allocated
76,601,normal,0,0,65535_65535,2,21,401,44,0,1,0,8,0,15,1,1,pre_allocation
76,601,normal,0,0,65535_65535,2,21,401,50,1,1,1,9,50,15,1,1,allocated
76,601,normal,0,0,65535_65535,2,22,280,50,0,1,0,9,0,15,1,1,pre_allocation
76,601,normal,0,0,65535_65535,2,22,280,56,1,1,1,10,56,15,1,1,allocated
76,601,normal,0,0,65535_65535,2,21,401,50,0,1,0,9,0,15,1,1,pre_allocation
76,601,normal,0,0,65535_65535,2,21,401,56,1,1,1,10,56,15,1,1,allocated
76,601,normal,0,0,65535_65535,2,22,280,56,0,1,0,10,0,15,1,1,pre_allocation
76,601,normal,0,0,65535_65535,2,22,280,62,1,1,1,11,62,15,1,1,allocated
76,601,normal,0,0,65535_65535,2,21,401,56,0,1,0,10,0,15,1,1,pre_allocation
76,601,normal,0,0,65535_65535,2,21,401,62,1,1,1,11,62,15,1,1,allocated
76,601,normal,0,0,65535_65535,2,22,280,62,0,1,0,11,0,15,1,1,pre_allocation
76,601,normal,0,0,65535_65535,2,22,280,68,1,1,1,12,68,15,1,1,allocated
76,601,normal,0,0,65535_65535,2,21,401,62,0,1,0,11,0,15,1,1,pre_allocation
76,601,normal,0,0,65535_65535,2,21,401,68,1,1,1,12,68,15,1,1,allocated
76,601,normal,0,0,65535_65535,2,22,280,68,0,1,0,12,0,15,1,1,pre_allocation
76,601,normal,0,0,65535_65535,2,22,280,74,1,1,1,13,74,15,1,1,allocated
76,601,normal,0,0,65535_65535,2,21,401,68,0,1,0,12,0,15,1,1,pre_allocation
76,601,normal,0,0,65535_65535,2,21,401,74,1,1,1,13,74,15,1,1,allocated
76,601,normal,0,0,65535_65535,2,22,280,74,0,1,0,13,0,15,1,1,pre_allocation
76,601,normal,0,0,65535_65535,2,22,280,80,1,1,1,14,80,15,1,1,allocated
76,601,normal,0,0,65535_65535,2,21,401,74,0,1,0,13,0,15,1,1,pre_allocation
76,601,normal,0,0,65535_65535,2,21,401,80,1,1,1,14,80,15,1,1,allocated
76,601,normal,0,0,65535_65535,2,22,280,80,0,1,0,14,0,15,1,1,pre_allocation
76,601,normal,0,0,65535_65535,2,22,280,86,1,1,1,15,86,15,1,1,allocated
76,601,normal,0,0,65535_65535,2,21,401,80,0,1,0,14,0,15,1,1,pre_allocation
76,601,normal,0,0,65535_65535,2,21,401,86,1,1,1,15,86,15,1,1,allocated
76,601,normal,0,0,65535_65535,2,22,280,86,0,1,0,15,0,15,1,1,pre_allocation
76,601,normal,0,0,65535_65535,2,22,280,92,1,1,1,16,92,15,1,1,allocated
76,601,normal,0,0,65535_65535,2,21,401,86,0,1,0,15,0,15,1,1,pre_allocation
76,601,normal,0,0,65535_65535,2,21,401,92,1,1,1,16,92,15,1,1,allocated
76,601,normal,0,0,65535_65535,2,22,280,92,0,1,0,16,0,15,1,1,pre_allocation
76,601,normal,0,0,65535_65535,2,22,280,97,1,1,1,17,97,15,1,1,allocated
76,601,normal,0,0,65535_65535,2,21,401,92,0,1,0,16,0,15,1,1,pre_allocation
76,601,normal,0,0,65535_65535,2,21,401,97,1,1,1,17,97,15,1,1,allocated
76,601,normal,0,0,65535_65535,2,22,280,97,0,1,0,17,0,15,1,1,pre_allocation
76,601,normal,0,0,65535_65535,2,22,280,103,1,1,1,18,103,15,1,1,allocated
76,601,normal,0,0,65535_65535,2,21,401,97,0,1,0,17,0,15,1,1,pre_allocation
76,601,normal,0,0,65535_65535,2,21,401,103,1,1,1,18,103,15,1,1,allocated
76,601,normal,0,0,65535_65535,2,22,280,103,0,1,0,18,0,15,1,1,pre_allocation
76,601,normal,0,0,65535_65535,2,22,280,109,1,1,1,19,109,15,1,1,allocated
76,601,normal,0,0,65535_65535,2,21,401,103,0,1,0,18,0,15,1,1,pre_allocation
76,601,normal,0,0,65535_65535,2,21,401,109,1,1,1,19,109,15,1,1,allocated
76,601,normal,0,0,65535_65535,2,22,280,109,0,1,0,19,0,15,1,1,pre_allocation
76,601,normal,0,0,65535_65535,2,22,280,115,1,1,1,20,115,15,1,1,allocated
76,601,normal,0,0,65535_65535,2,21,401,109,0,1,0,19,0,15,1,1,pre_allocation
76,601,normal,0,0,65535_65535,2,21,401,115,1,1,1,20,115,15,1,1,allocated
76,601,normal,0,0,65535_65535,2,22,280,115,0,1,0,20,0,15,1,1,pre_allocation
76,601,normal,0,0,65535_65535,2,22,280,121,1,1,1,21,121,15,1,1,allocated
76,601,normal,0,0,65535_65535,2,21,401,115,0,1,0,20,0,15,1,1,pre_allocation
76,601,normal,0,0,65535_65535,2,21,401,121,1,1,1,21,121,15,1,1,allocated
76,601,normal,0,0,65535_65535,2,22,280,121,0,1,0,21,0,15,1,1,pre_allocation
76,601,normal,0,0,65535_65535,2,22,280,127,1,1,1,22,127,15,1,1,allocated
76,601,normal,0,0,65535_65535,2,21,401,121,0,1,0,21,0,15,1,1,pre_allocation
76,601,normal,0,0,65535_65535,2,21,401,127,1,1,1,22,127,15,1,1,allocated
76,601,normal,0,0,65535_65535,2,22,280,127,0,1,0,22,0,15,1,1,pre_allocation
76,601,normal,0,0,65535_65535,2,22,280,133,1,1,1,23,133,15,1,1,allocated
76,601,normal,0,0,65535_65535,2,21,401,127,0,1,0,22,0,15,1,1,pre_allocation
76,601,normal,0,0,65535_65535,2,21,401,133,1,1,1,23,133,15,1,1,allocated
76,601,normal,0,0,65535_65535,2,22,280,133,0,1,0,23,0,15,1,1,pre_allocation
76,601,normal,0,0,65535_65535,2,22,280,139,1,1,1,24,139,15,1,1,allocated
76,601,normal,0,0,65535_65535,2,21,401,133,0,1,0,23,0,15,1,1,pre_allocation
76,601,normal,0,0,65535_65535,2,21,401,139,1,1,1,24,139,15,1,1,allocated
76,601,normal,0,0,65535_65535,2,22,280,139,0,1,0,24,0,15,1,1,pre_allocation
76,601,normal,0,0,65535_65535,2,22,280,145,1,1,1,25,145,15,1,1,allocated
76,601,normal,0,0,65535_65535,2,21,401,139,0,1,0,24,0,15,1,1,pre_allocation
76,601,normal,0,0,65535_65535,2,21,401,145,1,1,1,25,145,15,1,1,allocated
76,601,normal,0,0,65535_65535,2,22,280,145,0,1,0,25,0,15,1,1,pre_allocation
76,601,normal,0,0,65535_65535,2,22,280,151,1,1,1,26,151,15,1,1,allocated
76,601,normal,0,0,65535_65535,2,21,401,145,0,1,0,25,0,15,1,1,pre_allocation
76,601,normal,0,0,65535_65535,2,21,401,151,1,1,1,26,151,15,1,1,allocated
76,601,normal,0,0,65535_65535,2,22,280,151,0,1,0,26,0,15,1,1,pre_allocation
76,601,normal,0,0,65535_65535,2,22,280,157,1,1,1,27,157,15,1,1,allocated
76,601,normal,0,0,65535_65535,2,21,401,151,0,1,0,26,0,15,1,1,pre_allocation
76,601,normal,0,0,65535_65535,2,21,401,157,1,1,1,27,157,15,1,1,allocated
76,601,normal,0,0,65535_65535,2,22,280,157,0,1,0,27,0,15,1,1,pre_allocation
76,601,normal,0,0,65535_65535,2,22,280,163,1,1,1,28,163,15,1,1,allocated
76,601,normal,0,0,65535_65535,2,21,401,157,0,1,0,27,0,15,1,1,pre_allocation
76,601,normal,0,0,65535_65535,2,21,401,163,1,1,1,28,163,15,1,1,allocated
76,601,normal,0,0,65535_65535,2,22,280,163,0,1,0,28,0,15,1,1,pre_allocation
76,601,normal,0,0,65535_65535,2,22,280,169,1,1,1,29,169,15,1,1,allocated
76,601,normal,0,0,65535_65535,2,21,401,163,0,1,0,28,0,15,1,1,pre_allocation
76,601,normal,0,0,65535_65535,2,21,401,169,1,1,1,29,169,15,1,1,allocated
76,601,normal,0,0,65535_65535,2,22,280,169,0,1,0,29,0,15,1,1,pre_allocation
76,601,normal,0,0,65535_65535,2,22,280,175,1,1,1,30,175,15,1,1,allocated
76,601,normal,0,0,65535_65535,2,21,401,169,0,1,0,29,0,15,1,1,pre_allocation
76,601,normal,0,0,65535_65535,2,21,401,175,1,1,1,30,175,15,1,1,allocated
76,601,normal,0,0,65535_65535,2,22,280,175,0,1,0,30,0,15,1,1,pre_allocation
76,601,normal,0,0,65535_65535,2,22,280,181,1,1,1,31,181,15,1,1,allocated
76,601,normal,0,0,65535_65535,2,21,401,175,0,1,0,30,0,15,1,1,pre_allocation
76,601,normal,0,0,65535_65535,2,21,401,181,1,1,1,31,181,15,1,1,allocated
76,601,normal,0,0,65535_65535,2,22,280,181,0,1,0,31,0,15,1,1,pre_allocation
76,601,normal,0,0,65535_65535,2,22,280,187,1,1,1,32,187,15,1,1,allocated
76,601,normal,0,0,65535_65535,2,21,401,181,0,1,0,31,0,15,1,1,pre_allocation
76,601,normal,0,0,65535_65535,2,21,401,187,1,1,1,32,187,15,1,1,allocated
76,601,normal,0,0,65535_65535,2,22,280,187,0,1,0,32,0,15,1,1,pre_allocation
76,601,normal,0,0,65535_65535,2,22,280,193,1,1,1,33,193,15,1,1,allocated
76,601,normal,0,0,65535_65535,2,21,401,187,0,1,0,32,0,15,1,1,pre_allocation
76,601,normal,0,0,65535_65535,2,21,401,193,1,1,1,33,193,15,1,1,allocated
76,601,normal,0,0,65535_65535,2,22,280,193,0,1,0,33,0,15,1,1,pre_allocation
76,601,normal,0,0,65535_65535,2,22,280,198,1,1,1,34,198,15,1,1,allocated
76,601,normal,0,0,65535_65535,2,21,401,193,0,1,0,33,0,15,1,1,pre_allocation
76,601,normal,0,0,65535_65535,2,21,401,198,1,1,1,34,198,15,1,1,allocated
76,601,normal,0,0,65535_65535,2,22,280,198,0,1,0,34,0,15,1,1,pre_allocation
76,601,normal,0,0,65535_65535,2,22,280,204,1,1,1,35,204,15,1,1,allocated
76,601,normal,0,0,65535_65535,2,21,401,198,0,1,0,34,0,15,1,1,pre_allocation
76,601,normal,0,0,65535_65535,2,21,401,204,1,1,1,35,204,15,1,1,allocated
76,601,normal,0,0,65535_65535,2,22,280,204,0,1,0,35,0,15,1,1,pre_allocation
76,601,normal,0,0,65535_65535,2,22,280,210,1,1,1,36,210,15,1,1,allocated
76,601,normal,0,0,65535_65535,2,21,401,204,0,1,0,35,0,15,1,1,pre_allocation
76,601,normal,0,0,65535_65535,2,21,401,210,1,1,1,36,210,15,1,1,allocated
76,601,normal,0,0,65535_65535,2,22,280,210,0,1,0,36,0,15,1,1,pre_allocation
76,601,normal,0,0,65535_65535,2,22,280,216,1,1,1,37,216,15,1,1,allocated
76,601,normal,0,0,65535_65535,2,21,401,210,0,1,0,36,0,15,1,1,pre_allocation
76,601,normal,0,0,65535_65535,2,21,401,216,1,1,1,37,216,15,1,1,allocated
76,601,normal,0,0,65535_65535,2,22,280,216,0,1,0,37,0,15,1,1,pre_allocation
76,601,normal,0,0,65535_65535,2,22,280,222,1,1,1,38,222,15,1,1,allocated
76,601,normal,0,0,65535_65535,2,21,401,216,0,1,0,37,0,15,1,1,pre_allocation
76,601,normal,0,0,65535_65535,2,21,401,222,1,1,1,38,222,15,1,1,allocated
76,601,normal,0,0,65535_65535,2,22,280,222,0,1,0,38,0,15,1,1,pre_allocation
76,601,normal,0,0,65535_65535,2,22,280,228,1,1,1,39,228,15,1,1,allocated
76,601,normal,0,0,65535_65535,2,21,401,222,0,1,0,38,0,15,1,1,pre_allocation
76,601,normal,0,0,65535_65535,2,21,401,228,1,1,1,39,228,15,1,1,allocated
76,601,normal,0,0,65535_65535,2,22,280,228,0,1,0,39,0,15,1,1,pre_allocation
76,601,normal,0,0,65535_65535,2,22,280,234,1,1,1,40,234,15,1,1,allocated
76,601,normal,0,0,65535_65535,2,21,401,228,0,1,0,39,0,15,1,1,pre_allocation
76,601,normal,0,0,65535_65535,2,21,401,234,1,1,1,40,234,15,1,1,allocated
76,601,normal,0,0,65535_65535,2,22,280,234,0,1,0,40,0,15,1,1,pre_allocation
76,601,normal,0,0,65535_65535,2,22,280,240,1,1,1,41,240,15,1,1,allocated
76,601,normal,0,0,65535_65535,2,21,401,234,0,1,0,40,0,15,1,1,pre_allocation
76,601,normal,0,0,65535_65535,2,21,401,240,1,1,1,41,240,15,1,1,allocated
76,601,normal,0,0,65535_65535,2,22,280,240,0,1,0,41,0,15,1,1,pre_allocation
76,601,normal,0,0,65535_65535,2,22,280,246,1,1,1,42,246,15,1,1,allocated
76,601,normal,0,0,65535_65535,2,21,401,240,0,1,0,41,0,15,1,1,pre_allocation
76,601,normal,0,0,65535_65535,2,21,401,246,1,1,1,42,246,15,1,1,allocated
76,601,normal,0,0,65535_65535,2,22,280,246,0,1,0,42,0,15,1,1,pre_allocation
76,601,normal,0,0,65535_65535,2,22,280,252,1,1,1,43,252,15,1,1,allocated
76,601,normal,0,0,65535_65535,2,21,401,246,0,1,0,42,0,15,1,1,pre_allocation
76,601,normal,0,0,65535_65535,2,21,401,252,1,1,1,43,252,15,1,1,allocated
76,601,normal,0,0,65535_65535,2,22,280,252,0,1,0,43,0,15,1,1,pre_allocation
76,601,normal,0,0,65535_65535,2,22,280,258,1,1,1,44,258,15,1,1,allocated
76,601,normal,0,0,65535_65535,2,21,401,252,0,1,0,43,0,15,1,1,pre_allocation
76,601,normal,0,0,65535_65535,2,21,401,258,1,1,1,44,258,15,1,1,allocated
76,601,normal,0,0,65535_65535,2,22,280,258,0,1,0,44,0,15,1,1,pre_allocation
76,601,normal,0,0,65535_65535,2,22,280,264,1,1,1,45,264,15,1,1,allocated
188,699,normal,0,0,65535_65535,0,4,128080,0,0,1,0,0,0,28,1,1,pre_allocation
188,699,normal,0,0,65535_65535,0,4,128080,19,1,1,1,1,19,28,1,1,allocated
188,699,normal,0,0,65535_65535,0,5,128610,0,0,1,0,0,0,28,1,1,pre_allocation
188,699,normal,0,0,65535_65535,0,5,128610,19,1,1,1,1,19,28,1,1,allocated
188,699,normal,0,0,65535_65535,0,1,125541,0,0,1,0,0,0,28,1,1,pre_allocation
188,699,normal,0,0,65535_65535,0,1,125541,19,1,1,1,1,19,28,1,1,allocated
188,699,normal,0,0,65535_65535,0,2,127404,0,0,1,0,0,0,28,1,1,pre_allocation
188,699,normal,0,0,65535_65535,0,2,127404,19,1,1,1,1,19,28,1,1,allocated
188,699,normal,0,0,65535_65535,0,3,127411,0,0,1,0,0,0,28,1,1,pre_allocation
188,699,normal,0,0,65535_65535,0,3,127411,19,1,1,1,1,19,28,1,1,allocated
188,699,normal,0,0,65535_65535,0,4,128080,19,0,1,0,1,0,28,1,1,pre_allocation
188,699,normal,0,0,65535_65535,0,4,128080,42,1,1,1,2,42,28,1,1,allocated
188,699,normal,0,0,65535_65535,0,5,128610,19,0,1,0,1,0,28,1,1,pre_allocation
188,699,normal,0,0,65535_65535,0,5,128610,42,1,1,1,2,42,28,1,1,allocated
188,699,normal,0,0,65535_65535,0,1,125541,19,0,1,0,1,0,28,1,1,pre_allocation
188,699,normal,0,0,65535_65535,0,1,125541,42,1,1,1,2,42,28,1,1,allocated
188,699,normal,0,0,65535_65535,0,2,127404,19,0,1,0,1,0,28,1,1,pre_allocation
188,699,normal,0,0,65535_65535,0,2,127404,42,1,1,1,2,42,28,1,1,allocated
188,699,normal,0,0,65535_65535,0,3,127411,19,0,1,0,1,0,28,1,1,pre_allocation
188,699,normal,0,0,65535_65535,0,3,127411,42,1,1,1,2,42,28,1,1,allocated
188,699,normal,0,0,65535_65535,0,4,128080,42,0,1,0,2,0,28,1,1,pre_allocation
188,699,normal,0,0,65535_65535,0,4,128080,65,1,1,1,3,65,28,1,1,allocated
188,699,normal,0,0,65535_65535,0,5,128610,42,0,1,0,2,0,28,1,1,pre_allocation
188,699,normal,0,0,65535_65535,0,5,128610,65,1,1,1,3,65,28,1,1,allocated
188,699,normal,0,0,65535_65535,0,1,125541,42,0,1,0,2,0,28,1,1,pre_allocation
188,699,normal,0,0,65535_65535,0,1,125541,65,1,1,1,3,65,28,1,1,allocated
188,699,normal,0,0,65535_65535,0,2,127404,42,0,1,0,2,0,28,1,1,pre_allocation
188,699,normal,0,0,65535_65535,0,2,127404,65,1,1,1,3,65,28,1,1,allocated
188,699,normal,0,0,65535_65535,0,3,127411,42,0,1,0,2,0,28,1,1,pre_allocation
188,699,normal,0,0,65535_65535,0,3,127411,65,1,1,1,3,65,28,1,1,allocated
188,699,normal,0,0,65535_65535,0,4,128080,65,0,1,0,3,0,28,1,1,pre_allocation
188,699,normal,0,0,65535_65535,0,4,128080,88,1,1,1,4,88,28,1,1,allocated
188,699,normal,0,0,65535_65535,0,5,128610,65,0,1,0,3,0,28,1,1,pre_allocation
188,699,normal,0,0,65535_65535,0,5,128610,88,1,1,1,4,88,28,1,1,allocated
188,699,normal,0,0,65535_65535,0,1,125541,65,0,1,0,3,0,28,1,1,pre_allocation
188,699,normal,0,0,65535_65535,0,1,125541,88,1,1,1,4,88,28,1,1,allocated
188,699,normal,0,0,65535_65535,0,2,127404,65,0,1,0,3,0,28,1,1,pre_allocation
188,699,normal,0,0,65535_65535,0,2,127404,88,1,1,1,4,88,28,1,1,allocated
188,699,normal,0,0,65535_65535,0,3,127411,65,0,1,0,3,0,28,1,1,pre_allocation
188,699,normal,0,0,65535_65535,0,3,127411,88,1,1,1,4,88,28,1,1,allocated
188,699,normal,0,0,65535_65535,0,4,128080,88,0,1,0,4,0,28,1,1,pre_allocation
188,699,normal,0,0,65535_65535,0,4,128080,110,1,1,1,5,110,28,1,1,allocated
188,699,normal,0,0,65535_65535,0,5,128610,88,0,1,0,4,0,28,1,1,pre_allocation
188,699,normal,0,0,65535_65535,0,5,128610,110,1,1,1,5,110,28,1,1,allocated
188,699,normal,0,0,65535_65535,0,1,125541,88,0,1,0,4,0,28,1,1,pre_allocation
188,699,normal,0,0,65535_65535,0,1,125541,110,1,1,1,5,110,28,1,1,allocated
188,699,normal,0,0,65535_65535,0,2,127404,88,0,1,0,4,0,28,1,1,pre_allocation
188,699,normal,0,0,65535_65535,0,2,127404,110,1,1,1,5,110,28,1,1,allocated
188,699,normal,0,0,65535_65535,0,3,127411,88,0,1,0,4,0,28,1,1,pre_allocation
188,699,normal,0,0,65535_65535,0,3,127411,110,1,1,1,5,110,28,1,1,allocated
188,699,normal,0,0,65535_65535,0,4,128080,110,0,1,0,5,0,28,1,1,pre_allocation
188,699,normal,0,0,65535_65535,0,4,128080,133,1,1,1,6,133,28,1,1,allocated
188,699,normal,0,0,65535_65535,0,5,128610,110,0,1,0,5,0,28,1,1,pre_allocation
188,699,normal,0,0,65535_65535,0,5,128610,133,1,1,1,6,133,28,1,1,allocated
188,699,normal,0,0,65535_65535,0,1,125541,110,0,1,0,5,0,28,1,1,pre_allocation
188,699,normal,0,0,65535_65535,0,1,125541,133,1,1,1,6,133,28,1,1,allocated
188,699,normal,0,0,65535_65535,0,2,127404,110,0,1,0,5,0,28,1,1,pre_allocation
188,699,normal,0,0,65535_65535,0,2,127404,133,1,1,1,6,133,28,1,1,allocated
188,699,normal,0,0,65535_65535,0,3,127411,110,0,1,0,5,0,28,1,1,pre_allocation
188,699,normal,0,0,65535_65535,0,3,127411,133,1,1,1,6,133,28,1,1,allocated
188,699,normal,0,0,65535_65535,0,4,128080,133,0,1,0,6,0,28,1,1,pre_allocation
188,699,normal,0,0,65535_65535,0,4,128080,156,1,1,1,7,156,28,1,1,allocated
188,699,normal,0,0,65535_65535,0,5,128610,133,0,1,0,6,0,28,1,1,pre_allocation
188,699,normal,0,0,65535_65535,0,5,128610,156,1,1,1,7,156,28,1,1,allocated
188,699,normal,0,0,65535_65535,0,1,125541,133,0,1,0,6,0,28,1,1,pre_allocation
188,699,normal,0,0,65535_65535,0,1,125541,156,1,1,1,7,156,28,1,1,allocated
188,699,normal,0,0,65535_65535,0,2,127404,133,0,1,0,6,0,28,1,1,pre_allocation
188,699,normal,0,0,65535_65535,0,2,127404,156,1,1,1,7,156,28,1,1,allocated
188,699,normal,0,0,65535_65535,0,3,127411,133,0,1,0,6,0,28,1,1,pre_allocation
188,699,normal,0,0,65535_65535,0,3,127411,156,1,1,1,7,156,28,1,1,allocated
188,699,normal,0,0,65535_65535,0,4,128080,156,0,1,0,7,0,28,1,1,pre_allocation
188,699,normal,0,0,65535_65535,0,4,128080,179,1,1,1,8,179,28,1,1,allocated
188,699,normal,0,0,65535_65535,0,5,128610,156,0,1,0,7,0,28,1,1,pre_allocation
188,699,normal,0,0,65535_65535,0,5,128610,179,1,1,1,8,179,28,1,1,allocated
188,699,normal,0,0,65535_65535,0,1,125541,156,0,1,0,7,0,28,1,1,pre_allocation
188,699,normal,0,0,65535_65535,0,1,125541,179,1,1,1,8,179,28,1,1,allocated
188,699,normal,0,0,65535_65535,0,2,127404,156,0,1,0,7,0,28,1,1,pre_allocation
188,699,normal,0,0,65535_65535,0,2,127404,179,1,1,1,8,179,28,1,1,allocated
188,699,normal,0,0,65535_65535,0,3,127411,156,0,1,0,7,0,28,1,1,pre_allocation
188,699,normal,0,0,65535_65535,0,3,127411,179,1,1,1,8,179,28,1,1,allocated
188,699,normal,0,0,65535_65535,0,4,128080,179,0,1,0,8,0,28,1,1,pre_allocation
188,699,normal,0,0,65535_65535,0,4,128080,201,1,1,1,9,201,28,1,1,allocated
188,699,normal,0,0,65535_65535,0,5,128610,179,0,1,0,8,0,28,1,1,pre_allocation
188,699,normal,0,0,65535_65535,0,5,128610,201,1,1,1,9,201,28,1,1,allocated
188,699,normal,0,0,65535_65535,0,1,125541,179,0,1,0,8,0,28,1,1,pre_allocation
188,699,normal,0,0,65535_65535,0,1,125541,201,1,1,1,9,201,28,1,1,allocated
188,699,normal,0,0,65535_65535,0,2,127404,179,0,1,0,8,0,28,1,1,pre_allocation
188,699,normal,0,0,65535_65535,0,2,127404,201,1,1,1,9,201,28,1,1,allocated
188,699,normal,0,0,65535_65535,0,3,127411,179,0,1,0,8,0,28,1,1,pre_allocation
188,699,normal,0,0,65535_65535,0,3,127411,201,1,1,1,9,201,28,1,1,allocated
188,699,normal,0,0,65535_65535,0,4,128080,201,0,1,0,9,0,28,1,1,pre_allocation
188,699,normal,0,0,65535_65535,0,4,128080,224,1,1,1,10,224,28,1,1,allocated
188,699,normal,0,0,65535_65535,0,5,128610,201,0,1,0,9,0,28,1,1,pre_allocation
188,699,normal,0,0,65535_65535,0,5,128610,224,1,1,1,10,224,28,1,1,allocated
188,699,normal,0,0,65535_65535,0,1,125541,201,0,1,0,9,0,28,1,1,pre_allocation
188,699,normal,0,0,65535_65535,0,1,125541,224,1,1,1,10,224,28,1,1,allocated
188,699,normal,0,0,65535_65535,0,2,127404,201,0,1,0,9,0,28,1,1,pre_allocation
188,699,normal,0,0,65535_65535,0,2,127404,224,1,1,1,10,224,28,1,1,allocated
188,699,normal,0,0,65535_65535,0,3,127411,201,0,1,0,9,0,28,1,1,pre_allocation
188,699,normal,0,0,65535_65535,0,3,127411,224,1,1,1,10,224,28,1,1,allocated
188,699,normal,0,0,65535_65535,0,4,128080,224,0,1,0,10,0,28,1,1,pre_allocation
188,699,normal,0,0,65535_65535,0,4,128080,247,1,1,1,11,247,28,1,1,allocated
188,699,normal,0,0,65535_65535,0,5,128610,224,0,1,0,10,0,28,1,1,pre_allocation
188,699,normal,0,0,65535_65535,0,5,128610,247,1,1,1,11,247,28,1,1,allocated
188,699,normal,0,0,65535_65535,0,1,125541,224,0,1,0,10,0,28,1,1,pre_allocation
188,699,normal,0,0,65535_65535,0,1,125541,247,1,1,1,11,247,28,1,1,allocated
188,699,normal,0,0,65535_65535,0,2,127404,224,0,1,0,10,0,28,1,1,pre_allocation
188,699,normal,0,0,65535_65535,0,2,127404,247,1,1,1,11,247,28,1,1,allocated
188,699,normal,0,0,65535_65535,0,3,127411,224,0,1,0,10,0,28,1,1,pre_allocation
188,699,normal,0,0,65535_65535,0,3,127411,247,1,1,1,11,247,28,1,1,allocated
188,699,normal,0,0,65535_65535,0,4,128080,247,0,1,0,11,0,28,1,1,pre_allocation
188,699,normal,0,0,65535_65535,0,4,128080,270,1,1,1,12,270,28,1,1,allocated
188,699,normal,0,0,65535_65535,0,5,128610,247,0,1,0,11,0,28,1,1,pre_allocation
188,699,normal,0,0,65535_65535,0,5,128610,270,1,1,1,12,270,28,1,1,allocated
188,699,normal,0,0,65535_65535,0,1,125541,247,0,1,0,11,0,28,1,1,pre_allocation
188,699,normal,0,0,65535_65535,0,1,125541,270,1,1,1,12,270,28,1,1,allocated
188,699,normal,0,0,65535_65535,0,2,127404,247,0,1,0,11,0,28,1,1,pre_allocation
188,699,normal,0,0,65535_65535,0,2,127404,270,1,1,1,12,270,28,1,1,allocated
188,699,normal,0,0,65535_65535,0,3,127411,247,0,1,0,11,0,28,1,1,pre_allocation
188,699,normal,0,0,65535_65535,0,3,127411,270,1,1,1,12,270,28,1,1,allocated
188,699,normal,0,0,65535_65535,0,4,128080,270,0,1,0,12,0,28,1,1,pre_allocation
188,699,normal,0,0,65535_65535,0,4,128080,293,1,1,1,13,293,28,1,1,allocated
188,699,normal,0,0,65535_65535,0,5,128610,270,0,1,0,12,0,28,1,1,pre_allocation
188,699,normal,0,0,65535_65535,0,5,128610,293,1,1,1,13,293,28,1,1,allocated
188,699,normal,0,0,65535_65535,0,1,125541,270,0,1,0,12,0,28,1,1,pre_allocation
188,699,normal,0,0,65535_65535,0,1,125541,293,1,1,1,13,293,28,1,1,allocated
188,699,normal,0,0,65535_65535,0,2,127404,270,0,1,0,12,0,28,1,1,pre_allocation
188,699,normal,0,0,65535_65535,0,2,127404,293,1,1,1,13,293,28,1,1,allocated
188,699,normal,0,0,65535_65535,0,3,127411,270,0,1,0,12,0,28,1,1,pre_allocation
188,699,normal,0,0,65535_65535,0,3,127411,293,1,1,1,13,293,28,1,1,allocated
188,699,normal,0,0,65535_65535,0,4,128080,293,0,1,0,13,0,28,1,1,pre_allocation
188,699,normal,0,0,65535_65535,0,4,128080,315,1,1,1,14,315,28,1,1,allocated
188,699,normal,0,0,65535_65535,0,5,128610,293,0,1,0,13,0,28,1,1,pre_allocation
188,699,normal,0,0,65535_65535,0,5,128610,315,1,1,1,14,315,28,1,1,allocated
188,699,normal,0,0,65535_65535,0,1,125541,293,0,1,0,13,0,28,1,1,pre_allocation
188,699,normal,0,0,65535_65535,0,1,125541,315,1,1,1,14,315,28,1,1,allocated
188,699,normal,0,0,65535_65535,0,2,127404,293,0,1,0,13,0,28,1,1,pre_allocation
188,699,normal,0,0,65535_65535,0,2,127404,315,1,1,1,14,315,28,1,1,allocated
188,699,normal,0,0,65535_65535,0,3,127411,293,0,1,0,13,0,28,1,1,pre_allocation
188,699,normal,0,0,65535_65535,0,3,127411,315,1,1,1,14,315,28,1,1,allocated
188,699,normal,0,0,65535_65535,0,4,128080,315,0,1,0,14,0,28,1,1,pre_allocation
188,699,normal,0,0,65535_65535,0,4,128080,338,1,1,1,15,338,28,1,1,allocated
188,699,normal,0,0,65535_65535,0,5,128610,315,0,1,0,14,0,28,1,1,pre_allocation
188,699,normal,0,0,65535_65535,0,5,128610,338,1,1,1,15,338,28,1,1,allocated
188,699,normal,0,0,65535_65535,0,1,125541,315,0,1,0,14,0,28,1,1,pre_allocation
188,699,normal,0,0,65535_65535,0,1,125541,338,1,1,1,15,338,28,1,1,allocated
188,699,normal,0,0,65535_65535,0,2,127404,315,0,1,0,14,0,28,1,1,pre_allocation
188,699,normal,0,0,65535_65535,0,2,127404,338,1,1,1,15,338,28,1,1,allocated
188,699,normal,0,0,65535_65535,0,3,127411,315,0,1,0,14,0,28,1,1,pre_allocation
188,699,normal,0,0,65535_65535,0,3,127411,338,1,1,1,15,338,28,1,1,allocated
188,699,normal,0,0,65535_65535,0,4,128080,338,0,1,0,15,0,28,1,1,pre_allocation
188,699,normal,0,0,65535_65535,0,4,128080,361,1,1,1,16,361,28,1,1,allocated
188,699,normal,0,0,65535_65535,0,5,128610,338,0,1,0,15,0,28,1,1,pre_allocation
188,699,normal,0,0,65535_65535,0,5,128610,361,1,1,1,16,361,28,1,1,allocated
188,699,normal,0,0,65535_65535,0,1,125541,338,0,1,0,15,0,28,1,1,pre_allocation
188,699,normal,0,0,65535_65535,0,1,125541,361,1,1,1,16,361,28,1,1,allocated
188,699,normal,0,0,65535_65535,0,2,127404,338,0,1,0,15,0,28,1,1,pre_allocation
188,699,normal,0,0,65535_65535,0,2,127404,361,1,1,1,16,361,28,1,1,allocated
188,699,normal,0,0,65535_65535,0,3,127411,338,0,1,0,15,0,28,1,1,pre_allocation
188,699,normal,0,0,65535_65535,0,3,127411,361,1,1,1,16,361,28,1,1,allocated
188,699,normal,0,0,65535_65535,0,4,128080,361,0,1,0,16,0,28,1,1,pre_allocation
188,699,normal,0,0,65535_65535,0,4,128080,384,1,1,1,17,384,28,1,1,allocated
188,699,normal,0,0,65535_65535,0,5,128610,361,0,1,0,16,0,28,1,1,pre_allocation
188,699,normal,0,0,65535_65535,0,5,128610,384,1,1,1,17,384,28,1,1,allocated
188,699,normal,0,0,65535_65535,0,1,125541,361,0,1,0,16,0,28,1,1,pre_allocation
188,699,normal,0,0,65535_65535,0,1,125541,384,1,1,1,17,384,28,1,1,allocated
188,699,normal,0,0,65535_65535,0,2,127404,361,0,1,0,16,0,28,1,1,pre_allocation
188,699,normal,0,0,65535_65535,0,2,127404,384,1,1,1,17,384,28,1,1,allocated
188,699,normal,0,0,65535_65535,0,3,127411,361,0,1,0,16,0,28,1,1,pre_allocation
188,699,normal,0,0,65535_65535,0,3,127411,384,1,1,1,17,384,28,1,1,allocated
188,699,normal,0,0,65535_65535,0,4,128080,384,0,1,0,17,0,28,1,1,pre_allocation
188,699,normal,0,0,65535_65535,0,4,128080,406,1,1,1,18,406,28,1,1,allocated
188,699,normal,0,0,65535_65535,0,5,128610,384,0,1,0,17,0,28,1,1,pre_allocation
188,699,normal,0,0,65535_65535,0,5,128610,406,1,1,1,18,406,28,1,1,allocated
188,699,normal,0,0,65535_65535,0,1,125541,384,0,1,0,17,0,28,1,1,pre_allocation
188,699,normal,0,0,65535_65535,0,1,125541,406,1,1,1,18,406,28,1,1,allocated
188,699,normal,0,0,65535_65535,0,2,127404,384,0,1,0,17,0,28,1,1,pre_allocation
188,699,normal,0,0,65535_65535,0,2,127404,406,1,1,1,18,406,28,1,1,allocated
188,699,normal,0,0,65535_65535,0,3,127411,384,0,1,0,17,0,28,1,1,pre_allocation
188,699,normal,0,0,65535_65535,0,3,127411,406,1,1,1,18,406,28,1,1,allocated
188,699,normal,0,0,65535_65535,0,4,128080,406,0,1,0,18,0,28,1,1,pre_allocation
188,699,normal,0,0,65535_65535,0,4,128080,429,1,1,1,19,429,28,1,1,allocated
188,699,normal,0,0,65535_65535,0,5,128610,406,0,1,0,18,0,28,1,1,pre_allocation
188,699,normal,0,0,65535_65535,0,5,128610,429,1,1,1,19,429,28,1,1,allocated
188,699,normal,0,0,65535_65535,0,1,125541,406,0,1,0,18,0,28,1,1,pre_allocation
188,699,normal,0,0,65535_65535,0,1,125541,429,1,1,1,19,429,28,1,1,allocated
188,699,normal,0,0,65535_65535,0,2,127404,406,0,1,0,18,0,28,1,1,pre_allocation
188,699,normal,0,0,65535_65535,0,2,127404,429,1,1,1,19,429,28,1,1,allocated
188,699,normal,0,0,65535_65535,0,3,127411,406,0,1,0,18,0,28,1,1,pre_allocation
188,699,normal,0,0,65535_65535,0,3,127411,429,1,1,1,19,429,28,1,1,allocated
188,699,normal,0,0,65535_65535,0,4,128080,429,0,1,0,19,0,28,1,1,pre_allocation
188,699,normal,0,0,65535_65535,0,4,128080,452,1,1,1,20,452,28,1,1,allocated
188,699,normal,0,0,65535_65535,0,5,128610,429,0,1,0,19,0,28,1,1,pre_allocation
188,699,normal,0,0,65535_65535,0,5,128610,452,1,1,1,20,452,28,1,1,allocated
188,699,normal,0,0,65535_65535,0,1,125541,429,0,1,0,19,0,28,1,1,pre_allocation
188,699,normal,0,0,65535_65535,0,1,125541,452,1,1,1,20,452,28,1,1,allocated
188,699,normal,0,0,65535_65535,0,2,127404,429,0,1,0,19,0,28,1,1,pre_allocation
188,699,normal,0,0,65535_65535,0,2,127404,452,1,1,1,20,452,28,1,1,allocated
188,699,normal,0,0,65535_65535,0,3,127411,429,0,1,0,19,0,28,1,1,pre_allocation
188,699,normal,0,0,65535_65535,0,3,127411,452,1,1,1,20,452,28,1,1,allocated
188,699,normal,0,0,65535_65535,0,4,128080,452,0,1,0,20,0,28,1,1,pre_allocation
188,699,normal,0,0,65535_65535,0,4,128080,475,1,1,1,21,475,28,1,1,allocated
188,699,normal,0,0,65535_65535,0,5,128610,452,0,1,0,20,0,28,1,1,pre_allocation
188,699,normal,0,0,65535_65535,0,5,128610,475,1,1,1,21,475,28,1,1,allocated
188,699,normal,0,0,65535_65535,0,1,125541,452,0,1,0,20,0,28,1,1,pre_allocation
188,699,normal,0,0,65535_65535,0,1,125541,475,1,1,1,21,475,28,1,1,allocated
188,699,normal,0,0,65535_65535,0,2,127404,452,0,1,0,20,0,28,1,1,pre_allocation
188,699,normal,0,0,65535_65535,0,2,127404,475,1,1,1,21,475,28,1,1,allocated
188,699,normal,0,0,65535_65535,0,3,127411,452,0,1,0,20,0,28,1,1,pre_allocation
188,699,normal,0,0,65535_65535,0,3,127411,475,1,1,1,21,475,28,1,1,allocated
188,699,normal,0,0,65535_65535,0,4,128080,475,0,1,0,21,0,28,1,1,pre_allocation
188,699,normal,0,0,65535_65535,0,4,128080,497,1,1,1,22,497,28,1,1,allocated
188,699,normal,0,0,65535_65535,0,5,128610,475,0,1,0,21,0,28,1,1,pre_allocation
188,699,normal,0,0,65535_65535,0,5,128610,497,1,1,1,22,497,28,1,1,allocated
188,699,normal,0,0,65535_65535,0,1,125541,475,0,1,0,21,0,28,1,1,pre_allocation
188,699,normal,0,0,65535_65535,0,1,125541,497,1,1,1,22,497,28,1,1,allocated
188,699,normal,0,0,65535_65535,0,2,127404,475,0,1,0,21,0,28,1,1,pre_allocation
188,699,normal,0,0,65535_65535,0,2,127404,497,1,1,1,22,497,28,1,1,allocated
188,699,normal,0,0,65535_65535,0,3,127411,475,0,1,0,21,0,28,1,1,pre_allocation
188,699,normal,0,0,65535_65535,0,3,127411,497,1,1,1,22,497,28,1,1,allocated
188,699,normal,0,0,65535_65535,0,4,128080,497,0,1,0,22,0,28,1,1,pre_allocation
188,699,normal,0,0,65535_65535,0,4,128080,520,1,1,1,23,520,28,1,1,allocated
188,699,normal,0,0,65535_65535,0,5,128610,497,0,1,0,22,0,28,1,1,pre_allocation
188,699,normal,0,0,65535_65535,0,5,128610,520,1,1,1,23,520,28,1,1,allocated
188,699,normal,0,0,65535_65535,0,1,125541,497,0,1,0,22,0,28,1,1,pre_allocation
188,699,normal,0,0,65535_65535,0,1,125541,520,1,1,1,23,520,28,1,1,allocated
188,699,normal,0,0,65535_65535,0,2,127404,497,0,1,0,22,0,28,1,1,pre_allocation
188,699,normal,0,0,65535_65535,0,2,127404,520,1,1,1,23,520,28,1,1,allocated
188,699,normal,0,0,65535_65535,0,3,127411,497,0,1,0,22,0,28,1,1,pre_allocation
188,699,normal,0,0,65535_65535,0,3,127411,520,1,1,1,23,520,28,1,1,allocated
188,699,normal,0,0,65535_65535,0,4,128080,520,0,1,0,23,0,28,1,1,pre_allocation
188,699,normal,0,0,65535_65535,0,4,128080,543,1,1,1,24,543,28,1,1,allocated
188,699,normal,0,0,65535_65535,0,5,128610,520,0,1,0,23,0,28,1,1,pre_allocation
188,699,normal,0,0,65535_65535,0,5,128610,543,1,1,1,24,543,28,1,1,allocated
188,699,normal,0,0,65535_65535,0,1,125541,520,0,1,0,23,0,28,1,1,pre_allocation
188,699,normal,0,0,65535_65535,0,1,125541,543,1,1,1,24,543,28,1,1,allocated
188,699,normal,0,0,65535_65535,0,2,127404,520,0,1,0,23,0,28,1,1,pre_allocation
188,699,normal,0,0,65535_65535,0,2,127404,543,1,1,1,24,543,28,1,1,allocated
188,699,normal,0,0,65535_65535,0,3,127411,520,0,1,0,23,0,28,1,1,pre_allocation
188,699,normal,0,0,65535_65535,0,3,127411,543,1,1,1,24,543,28,1,1,allocated
188,699,normal,0,0,65535_65535,0,4,128080,543,0,1,0,24,0,28,1,1,pre_allocation
188,699,normal,0,0,65535_65535,0,4,128080,566,1,1,1,25,566,28,1,1,allocated
188,699,normal,0,0,65535_65535,0,5,128610,543,0,1,0,24,0,28,1,1,pre_allocation
188,699,normal,0,0,65535_65535,0,5,128610,566,1,1,1,25,566,28,1,1,allocated
188,699,normal,0,0,65535_65535,0,1,125541,543,0,1,0,24,0,28,1,1,pre_allocation
188,699,normal,0,0,65535_65535,0,1,125541,566,1,1,1,25,566,28,1,1,allocated
188,699,normal,0,0,65535_65535,0,2,127404,543,0,1,0,24,0,28,1,1,pre_allocation
188,699,normal,0,0,65535_65535,0,2,127404,566,1,1,1,25,566,28,1,1,allocated
188,699,normal,0,0,65535_65535,1,10,87,0,0,1,0,0,0,28,1,1,pre_allocation
188,699,normal,0,0,65535_65535,1,10,87,19,1,1,1,1,19,28,1,1,allocated
188,699,normal,0,0,65535_65535,1,9,87,0,0,1,0,0,0,28,1,1,pre_allocation
188,699,normal,0,0,65535_65535,1,9,87,19,1,1,1,1,19,28,1,1,allocated
188,699,normal,0,0,65535_65535,1,8,87,0,0,1,0,0,0,28,1,1,pre_allocation
188,699,normal,0,0,65535_65535,1,8,87,19,1,1,1,1,19,28,1,1,allocated
188,699,normal,0,0,65535_65535,1,10,87,19,0,1,0,1,0,28,1,1,pre_allocation
188,699,normal,0,0,65535_65535,1,10,87,42,1,1,1,2,42,28,1,1,allocated
188,699,normal,0,0,65535_65535,1,9,87,19,0,1,0,1,0,28,1,1,pre_allocation
188,699,normal,0,0,65535_65535,1,9,87,42,1,1,1,2,42,28,1,1,allocated
188,699,normal,0,0,65535_65535,1,8,87,19,0,1,0,1,0,28,1,1,pre_allocation
188,699,normal,0,0,65535_65535,1,8,87,42,1,1,1,2,42,28,1,1,allocated
188,699,normal,0,0,65535_65535,1,10,87,42,0,1,0,2,0,28,1,1,pre_allocation
188,699,normal,0,0,65535_65535,1,10,87,65,1,1,1,3,65,28,1,1,allocated
188,699,normal,0,0,65535_65535,1,9,87,42,0,1,0,2,0,28,1,1,pre_allocation
188,699,normal,0,0,65535_65535,1,9,87,65,1,1,1,3,65,28,1,1,allocated
188,699,normal,0,0,65535_65535,1,8,87,42,0,1,0,2,0,28,1,1,pre_allocation
188,699,normal,0,0,65535_65535,1,8,87,65,1,1,1,3,65,28,1,1,allocated
188,699,normal,0,0,65535_65535,1,10,87,65,0,1,0,3,0,28,1,1,pre_allocation
188,699,normal,0,0,65535_65535,1,10,87,88,1,1,1,4,88,28,1,1,allocated
188,699,normal,0,0,65535_65535,1,9,87,65,0,1,0,3,0,28,1,1,pre_allocation
188,699,normal,0,0,65535_65535,1,9,87,88,1,1,1,4,88,28,1,1,allocated
188,699,normal,0,0,65535_65535,1,8,87,65,0,1,0,3,0,28,1,1,pre_allocation
188,699,normal,0,0,65535_65535,1,8,87,88,1,1,1,4,88,28,1,1,allocated
188,699,normal,0,0,65535_65535,1,10,87,88,0,1,0,4,0,28,1,1,pre_allocation
188,699,normal,0,0,65535_65535,1,10,87,110,1,1,1,5,110,28,1,1,allocated
188,699,normal,0,0,65535_65535,1,9,87,88,0,1,0,4,0,28,1,1,pre_allocation
188,699,normal,0,0,65535_65535,1,9,87,110,1,1,1,5,110,28,1,1,allocated
188,699,normal,0,0,65535_65535,1,8,87,88,0,1,0,4,0,28,1,1,pre_allocation
188,699,normal,0,0,65535_65535,1,8,87,110,1,1,1,5,110,28,1,1,allocated
188,699,normal,0,0,65535_65535,1,10,87,110,0,1,0,5,0,28,1,1,pre_allocation
188,699,normal,0,0,65535_65535,1,10,87,133,1,1,1,6,133,28,1,1,allocated
188,699,normal,0,0,65535_65535,1,9,87,110,0,1,0,5,0,28,1,1,pre_allocation
188,699,normal,0,0,65535_65535,1,9,87,133,1,1,1,6,133,28,1,1,allocated
188,699,normal,0,0,65535_65535,1,8,87,110,0,1,0,5,0,28,1,1,pre_allocation
188,699,normal,0,0,65535_65535,1,8,87,133,1,1,1,6,133,28,1,1,allocated
188,699,normal,0,0,65535_65535,1,10,87,133,0,1,0,6,0,28,1,1,pre_allocation
188,699,normal,0,0,65535_65535,1,10,87,156,1,1,1,7,156,28,1,1,allocated
188,699,normal,0,0,65535_65535,1,9,87,133,0,1,0,6,0,28,1,1,pre_allocation
188,699,normal,0,0,65535_65535,1,9,87,156,1,1,1,7,156,28,1,1,allocated
188,699,normal,0,0,65535_65535,1,8,87,133,0,1,0,6,0,28,1,1,pre_allocation
188,699,normal,0,0,65535_65535,1,8,87,156,1,1,1,7,156,28,1,1,allocated
188,699,normal,0,0,65535_65535,1,10,87,156,0,1,0,7,0,28,1,1,pre_allocation
188,699,normal,0,0,65535_65535,1,10,87,179,1,1,1,8,179,28,1,1,allocated
188,699,normal,0,0,65535_65535,1,9,87,156,0,1,0,7,0,28,1,1,pre_allocation
188,699,normal,0,0,65535_65535,1,9,87,179,1,1,1,8,179,28,1,1,allocated
188,699,normal,0,0,65535_65535,1,8,87,156,0,1,0,7,0,28,1,1,pre_allocation
188,699,normal,0,0,65535_65535,1,8,87,179,1,1,1,8,179,28,1,1,allocated
188,699,normal,0,0,65535_65535,1,10,87,179,0,1,0,8,0,28,1,1,pre_allocation
188,699,normal,0,0,65535_65535,1,10,87,201,1,1,1,9,201,28,1,1,allocated
188,699,normal,0,0,65535_65535,1,9,87,179,0,1,0,8,0,28,1,1,pre_allocation
188,699,normal,0,0,65535_65535,1,9,87,201,1,1,1,9,201,28,1,1,allocated
188,699,normal,0,0,65535_65535,1,8,87,179,0,1,0,8,0,28,1,1,pre_allocation
188,699,normal,0,0,65535_65535,1,8,87,201,1,1,1,9,201,28,1,1,allocated
188,699,normal,0,0,65535_65535,1,10,87,201,0,1,0,9,0,28,1,1,pre_allocation
188,699,normal,0,0,65535_65535,1,10,87,224,1,1,1,10,224,28,1,1,allocated
188,699,normal,0,0,65535_65535,1,9,87,201,0,1,0,9,0,28,1,1,pre_allocation
188,699,normal,0,0,65535_65535,1,9,87,224,1,1,1,10,224,28,1,1,allocated
188,699,normal,0,0,65535_65535,1,8,87,201,0,1,0,9,0,28,1,1,pre_allocation
188,699,normal,0,0,65535_65535,1,8,87,224,1,1,1,10,224,28,1,1,allocated
188,699,normal,0,0,65535_65535,1,10,87,224,0,1,0,10,0,28,1,1,pre_allocation
188,699,normal,0,0,65535_65535,1,10,87,247,1,1,1,11,247,28,1,1,allocated
188,699,normal,0,0,65535_65535,1,9,87,224,0,1,0,10,0,28,1,1,pre_allocation
188,699,normal,0,0,65535_65535,1,9,87,247,1,1,1,11,247,28,1,1,allocated
188,699,normal,0,0,65535_65535,1,8,87,224,0,1,0,10,0,28,1,1,pre_allocation
188,699,normal,0,0,65535_65535,1,8,87,247,1,1,1,11,247,28,1,1,allocated
188,699,normal,0,0,65535_65535,1,10,87,247,0,1,0,11,0,28,1,1,pre_allocation
188,699,normal,0,0,65535_65535,1,10,87,270,1,1,1,12,270,28,1,1,allocated
188,699,normal,0,0,65535_65535,1,9,87,247,0,1,0,11,0,28,1,1,pre_allocation
188,699,normal,0,0,65535_65535,1,9,87,270,1,1,1,12,270,28,1,1,allocated
188,699,normal,0,0,65535_65535,1,8,87,247,0,1,0,11,0,28,1,1,pre_allocation
188,699,normal,0,0,65535_65535,1,8,87,270,1,1,1,12,270,28,1,1,allocated
188,699,normal,0,0,65535_65535,1,10,87,270,0,1,0,12,0,28,1,1,pre_allocation
188,699,normal,0,0,65535_65535,1,10,87,293,1,1,1,13,293,28,1,1,allocated
188,699,normal,0,0,65535_65535,1,9,87,270,0,1,0,12,0,28,1,1,pre_allocation
188,699,normal,0,0,65535_65535,1,9,87,293,1,1,1,13,293,28,1,1,allocated
188,699,normal,0,0,65535_65535,1,8,87,270,0,1,0,12,0,28,1,1,pre_allocation
188,699,normal,0,0,65535_65535,1,8,87,293,1,1,1,13,293,28,1,1,allocated
188,699,normal,0,0,65535_65535,1,10,87,293,0,1,0,13,0,28,1,1,pre_allocation
188,699,normal,0,0,65535_65535,1,10,87,315,1,1,1,14,315,28,1,1,allocated
188,699,normal,0,0,65535_65535,1,9,87,293,0,1,0,13,0,28,1,1,pre_allocation
188,699,normal,0,0,65535_65535,1,9,87,315,1,1,1,14,315,28,1,1,allocated
188,699,normal,0,0,65535_65535,1,8,87,293,0,1,0,13,0,28,1,1,pre_allocation
188,699,normal,0,0,65535_65535,1,8,87,315,1,1,1,14,315,28,1,1,allocated
188,699,normal,0,0,65535_65535,1,10,87,315,0,1,0,14,0,28,1,1,pre_allocation
188,699,normal,0,0,65535_65535,1,10,87,338,1,1,1,15,338,28,1,1,allocated
188,699,normal,0,0,65535_65535,1,9,87,315,0,1,0,14,0,28,1,1,pre_allocation
188,699,normal,0,0,65535_65535,1,9,87,338,1,1,1,15,338,28,1,1,allocated
188,699,normal,0,0,65535_65535,1,8,87,315,0,1,0,14,0,28,1,1,pre_allocation
188,699,normal,0,0,65535_65535,1,8,87,338,1,1,1,15,338,28,1,1,allocated
188,699,normal,0,0,65535_65535,1,10,87,338,0,1,0,15,0,28,1,1,pre_allocation
188,699,normal,0,0,65535_65535,1,10,87,361,1,1,1,16,361,28,1,1,allocated
188,699,normal,0,0,65535_65535,1,9,87,338,0,1,0,15,0,28,1,1,pre_allocation
188,699,normal,0,0,65535_65535,1,9,87,361,1,1,1,16,361,28,1,1,allocated
188,699,normal,0,0,65535_65535,1,8,87,338,0,1,0,15,0,28,1,1,pre_allocation
188,699,normal,0,0,65535_65535,1,8,87,361,1,1,1,16,361,28,1,1,allocated
188,699,normal,0,0,65535_65535,1,10,87,361,0,1,0,16,0,28,1,1,pre_allocation
188,699,normal,0,0,65535_65535,1,10,87,384,1,1,1,17,384,28,1,1,allocated
188,699,normal,0,0,65535_65535,1,9,87,361,0,1,0,16,0,28,1,1,pre_allocation
188,699,normal,0,0,65535_65535,1,9,87,384,1,1,1,17,384,28,1,1,allocated
188,699,normal,0,0,65535_65535,1,8,87,361,0,1,0,16,0,28,1,1,pre_allocation
188,699,normal,0,0,65535_65535,1,8,87,384,1,1,1,17,384,28,1,1,allocated
188,699,normal,0,0,65535_65535,1,10,87,384,0,1,0,17,0,28,1,1,pre_allocation
188,699,normal,0,0,65535_65535,1,10,87,406,1,1,1,18,406,28,1,1,allocated
188,699,normal,0,0,65535_65535,1,9,87,384,0,1,0,17,0,28,1,1,pre_allocation
188,699,normal,0,0,65535_65535,1,9,87,406,1,1,1,18,406,28,1,1,allocated
188,699,normal,0,0,65535_65535,2,11,137,0,0,1,0,0,0,8,1,1,pre_allocation
188,699,normal,0,0,65535_65535,2,11,137,0,1,1,1,1,0,8,1,1,allocated
188,699,normal,0,0,65535_65535,2,13,137,0,0,1,0,0,0,10,1,1,pre_allocation
188,699,normal,0,0,65535_65535,2,13,137,1,1,1,1,1,1,10,1,1,allocated
188,699,normal,0,0,65535_65535,2,26,137,0,0,1,0,0,0,28,1,1,pre_allocation
188,699,normal,0,0,65535_65535,2,26,137,19,1,1,1,1,19,28,1,1,allocated
188,699,normal,0,0,65535_65535,2,12,137,0,0,1,0,0,0,28,1,1,pre_allocation
188,699,normal,0,0,65535_65535,2,12,137,19,1,1,1,1,19,28,1,1,allocated
188,699,normal,0,0,65535_65535,2,24,137,0,0,1,0,0,0,28,1,1,pre_allocation
188,699,normal,0,0,65535_65535,2,24,137,19,1,1,1,1,19,28,1,1,allocated
188,699,normal,0,0,65535_65535,2,11,137,0,0,1,0,1,0,8,1,1,pre_allocation
188,699,normal,0,0,65535_65535,2,11,137,4,1,1,1,2,4,8,1,1,allocated
188,699,normal,0,0,65535_65535,2,13,137,1,0,1,0,1,0,10,1,1,pre_allocation
188,699,normal,0,0,65535_65535,2,13,137,6,1,1,1,2,6,10,1,1,allocated
188,699,normal,0,0,65535_65535,2,26,137,19,0,1,0,1,0,28,1,1,pre_allocation
188,699,normal,0,0,65535_65535,2,26,137,42,1,1,1,2,42,28,1,1,allocated
188,699,normal,0,0,65535_65535,2,12,137,19,0,1,0,1,0,28,1,1,pre_allocation
188,699,normal,0,0,65535_65535,2,12,137,42,1,1,1,2,42,28,1,1,allocated
188,699,normal,0,0,65535_65535,2,24,137,19,0,1,0,1,0,28,1,1,pre_allocation
188,699,normal,0,0,65535_65535,2,24,137,42,1,1,1,2,42,28,1,1,allocated
188,699,normal,0,0,65535_65535,2,11,137,4,0,1,0,2,0,8,1,1,pre_allocation
188,699,normal,0,0,65535_65535,2,11,137,7,1,1,1,3,7,8,1,1,allocated
188,699,normal,0,0,65535_65535,2,13,137,6,0,1,0,2,0,10,1,1,pre_allocation
188,699,normal,0,0,65535_65535,2,13,137,11,1,1,1,3,11,10,1,1,allocated
188,699,normal,0,0,65535_65535,2,26,137,42,0,1,0,2,0,28,1,1,pre_allocation
188,699,normal,0,0,65535_65535,2,26,137,65,1,1,1,3,65,28,1,1,allocated
188,699,normal,0,0,65535_65535,2,12,137,42,0,1,0,2,0,28,1,1,pre_allocation
188,699,normal,0,0,65535_65535,2,12,137,65,1,1,1,3,65,28,1,1,allocated
188,699,normal,0,0,65535_65535,2,24,137,42,0,1,0,2,0,28,1,1,pre_allocation
188,699,normal,0,0,65535_65535,2,24,137,65,1,1,1,3,65,28,1,1,allocated
188,699,normal,0,0,65535_65535,2,11,137,7,0,1,0,3,0,8,1,1,pre_allocation
188,699,normal,0,0,65535_65535,2,11,137,11,1,1,1,4,11,8,1,1,allocated
188,699,normal,0,0,65535_65535,2,13,137,11,0,1,0,3,0,10,1,1,pre_allocation
188,699,normal,0,0,65535_65535,2,13,137,16,1,1,1,4,16,10,1,1,allocated
188,699,normal,0,0,65535_65535,2,26,137,65,0,1,0,3,0,28,1,1,pre_allocation
188,699,normal,0,0,65535_65535,2,26,137,88,1,1,1,4,88,28,1,1,allocated
188,699,normal,0,0,65535_65535,2,12,137,65,0,1,0,3,0,28,1,1,pre_allocation
188,699,normal,0,0,65535_65535,2,12,137,88,1,1,1,4,88,28,1,1,allocated
188,699,normal,0,0,65535_65535,2,24,137,65,0,1,0,3,0,28,1,1,pre_allocation
188,699,normal,0,0,65535_65535,2,24,137,88,1,1,1,4,88,28,1,1,allocated
188,699,normal,0,0,65535_65535,2,11,137,11,0,1,0,4,0,8,1,1,pre_allocation
188,699,normal,0,0,65535_65535,2,11,137,15,1,1,1,5,15,8,1,1,allocated
188,699,normal,0,0,65535_65535,2,13,137,16,0,1,0,4,0,10,1,1,pre_allocation
188,699,normal,0,0,65535_65535,2,13,137,21,1,1,1,5,21,10,1,1,allocated
188,699,normal,0,0,65535_65535,2,26,137,88,0,1,0,4,0,28,1,1,pre_allocation
188,699,normal,0,0,65535_65535,2,26,137,110,1,1,1,5,110,28,1,1,allocated
188,699,normal,0,0,65535_65535,2,12,137,88,0,1,0,4,0,28,1,1,pre_allocation
188,699,normal,0,0,65535_65535,2,12,137,110,1,1,1,5,110,28,1,1,allocated
188,699,normal,0,0,65535_65535,2,24,137,88,0,1,0,4,0,28,1,1,pre_allocation
188,699,normal,0,0,65535_65535,2,24,137,110,1,1,1,5,110,28,1,1,allocated
188,699,normal,0,0,65535_65535,2,11,137,15,0,1,0,5,0,8,1,1,pre_allocation
188,699,normal,0,0,65535_65535,2,11,137,18,1,1,1,6,18,8,1,1,allocated
188,699,normal,0,0,65535_65535,2,13,137,21,0,1,0,5,0,10,1,1,pre_allocation
188,699,normal,0,0,65535_65535,2,13,137,26,1,1,1,6,26,10,1,1,allocated
188,699,normal,0,0,65535_65535,2,26,137,110,0,1,0,5,0,28,1,1,pre_allocation
188,699,normal,0,0,65535_65535,2,26,137,133,1,1,1,6,133,28,1,1,allocated
188,699,normal,0,0,65535_65535,2,12,137,110,0,1,0,5,0,28,1,1,pre_allocation
188,699,normal,0,0,65535_65535,2,12,137,133,1,1,1,6,133,28,1,1,allocated
188,699,normal,0,0,65535_65535,2,24,137,110,0,1,0,5,0,28,1,1,pre_allocation
188,699,normal,0,0,65535_65535,2,24,137,133,1,1,1,6,133,28,1,1,allocated
188,699,normal,0,0,65535_65535,2,11,137,18,0,1,0,6,0,8,1,1,pre_allocation
188,699,normal,0,0,65535_65535,2,11,137,22,1,1,1,7,22,8,1,1,allocated
188,699,normal,0,0,65535_65535,2,13,137,26,0,1,0,6,0,10,1,1,pre_allocation
188,699,normal,0,0,65535_65535,2,13,137,31,1,1,1,7,31,10,1,1,allocated
188,699,normal,0,0,65535_65535,2,26,137,133,0,1,0,6,0,28,1,1,pre_allocation
188,699,normal,0,0,65535_65535,2,26,137,156,1,1,1,7,156,28,1,1,allocated
188,699,normal,0,0,65535_65535,2,12,137,133,0,1,0,6,0,28,1,1,pre_allocation
188,699,normal,0,0,65535_65535,2,12,137,156,1,1,1,7,156,28,1,1,allocated
188,699,normal,0,0,65535_65535,2,24,137,133,0,1,0,6,0,28,1,1,pre_allocation
188,699,normal,0,0,65535_65535,2,24,137,156,1,1,1,7,156,28,1,1,allocated
188,699,normal,0,0,65535_65535,2,11,137,22,0,1,0,7,0,8,1,1,pre_allocation
188,699,normal,0,0,65535_65535,2,11,137,26,1,1,1,8,26,8,1,1,allocated
188,699,normal,0,0,65535_65535,2,13,137,31,0,1,0,7,0,10,1,1,pre_allocation
188,699,normal,0,0,65535_65535,2,13,137,36,1,1,1,8,36,10,1,1,allocated
188,699,normal,0,0,65535_65535,2,26,137,156,0,1,0,7,0,28,1,1,pre_allocation
188,699,normal,0,0,65535_65535,2,26,137,179,1,1,1,8,179,28,1,1,allocated
188,699,normal,0,0,65535_65535,2,12,137,156,0,1,0,7,0,28,1,1,pre_allocation
188,699,normal,0,0,65535_65535,2,12,137,179,1,1,1,8,179,28,1,1,allocated
188,699,normal,0,0,65535_65535,2,24,137,156,0,1,0,7,0,28,1,1,pre_allocation
188,699,normal,0,0,65535_65535,2,24,137,179,1,1,1,8,179,28,1,1,allocated
188,699,normal,0,0,65535_65535,2,11,137,26,0,1,0,8,0,8,1,1,pre_allocation
188,699,normal,0,0,65535_65535,2,11,137,29,1,1,1,9,29,8,1,1,allocated
188,699,normal,0,0,65535_65535,2,13,137,36,0,1,0,8,0,10,1,1,pre_allocation
188,699,normal,0,0,65535_65535,2,13,137,41,1,1,1,9,41,10,1,1,allocated
188,699,normal,0,0,65535_65535,2,26,137,179,0,1,0,8,0,28,1,1,pre_allocation
188,699,normal,0,0,65535_65535,2,26,137,201,1,1,1,9,201,28,1,1,allocated
188,699,normal,0,0,65535_65535,2,12,137,179,0,1,0,8,0,28,1,1,pre_allocation
188,699,normal,0,0,65535_65535,2,12,137,201,1,1,1,9,201,28,1,1,allocated
188,699,normal,0,0,65535_65535,2,24,137,179,0,1,0,8,0,28,1,1,pre_allocation
188,699,normal,0,0,65535_65535,2,24,137,201,1,1,1,9,201,28,1,1,allocated
188,699,normal,0,0,65535_65535,2,11,137,29,0,1,0,9,0,8,1,1,pre_allocation
188,699,normal,0,0,65535_65535,2,11,137,33,1,1,1,10,33,8,1,1,allocated
188,699,normal,0,0,65535_65535,2,13,137,41,0,1,0,9,0,10,1,1,pre_allocation
188,699,normal,0,0,65535_65535,2,13,137,46,1,1,1,10,46,10,1,1,allocated
188,699,normal,0,0,65535_65535,2,26,137,201,0,1,0,9,0,28,1,1,pre_allocation
188,699,normal,0,0,65535_65535,2,26,137,224,1,1,1,10,224,28,1,1,allocated
188,699,normal,0,0,65535_65535,2,12,137,201,0,1,0,9,0,28,1,1,pre_allocation
188,699,normal,0,0,65535_65535,2,12,137,224,1,1,1,10,224,28,1,1,allocated
188,699,normal,0,0,65535_65535,2,24,137,201,0,1,0,9,0,28,1,1,pre_allocation
188,699,normal,0,0,65535_65535,2,24,137,224,1,1,1,10,224,28,1,1,allocated
188,699,normal,0,0,65535_65535,2,11,137,33,0,1,0,10,0,8,1,1,pre_allocation
188,699,normal,0,0,65535_65535,2,11,137,36,1,1,1,11,36,8,1,1,allocated
188,699,normal,0,0,65535_65535,2,13,137,46,0,1,0,10,0,10,1,1,pre_allocation
188,699,normal,0,0,65535_65535,2,13,137,51,1,1,1,11,51,10,1,1,allocated
188,699,normal,0,0,65535_65535,2,26,137,224,0,1,0,10,0,28,1,1,pre_allocation
188,699,normal,0,0,65535_65535,2,26,137,247,1,1,1,11,247,28,1,1,allocated
188,699,normal,0,0,65535_65535,2,12,137,224,0,1,0,10,0,28,1,1,pre_allocation
188,699,normal,0,0,65535_65535,2,12,137,247,1,1,1,11,247,28,1,1,allocated
188,699,normal,0,0,65535_65535,2,24,137,224,0,1,0,10,0,28,1,1,pre_allocation
188,699,normal,0,0,65535_65535,2,24,137,247,1,1,1,11,247,28,1,1,allocated
188,699,normal,0,0,65535_65535,2,11,137,36,0,1,0,11,0,8,1,1,pre_allocation
188,699,normal,0,0,65535_65535,2,11,137,40,1,1,1,12,40,8,1,1,allocated
188,699,normal,0,0,65535_65535,2,13,137,51,0,1,0,11,0,10,1,1,pre_allocation
188,699,normal,0,0,65535_65535,2,13,137,56,1,1,1,12,56,10,1,1,allocated
188,699,normal,0,0,65535_65535,2,26,137,247,0,1,0,11,0,28,1,1,pre_allocation
188,699,normal,0,0,65535_65535,2,26,137,270,1,1,1,12,270,28,1,1,allocated
188,699,normal,0,0,65535_65535,2,12,137,247,0,1,0,11,0,28,1,1,pre_allocation
188,699,normal,0,0,65535_65535,2,12,137,270,1,1,1,12,270,28,1,1,allocated
188,699,normal,0,0,65535_65535,2,24,137,247,0,1,0,11,0,28,1,1,pre_allocation
188,699,normal,0,0,65535_65535,2,24,137,270,1,1,1,12,270,28,1,1,allocated
188,699,normal,0,0,65535_65535,2,11,137,40,0,1,0,12,0,8,1,1,pre_allocation
188,699,normal,0,0,65535_65535,2,11,137,44,1,1,1,13,44,8,1,1,allocated
188,699,normal,0,0,65535_65535,2,13,137,56,0,1,0,12,0,10,1,1,pre_allocation
188,699,normal,0,0,65535_65535,2,13,137,61,1,1,1,13,61,10,1,1,allocated
188,699,normal,0,0,65535_65535,2,26,137,270,0,1,0,12,0,28,1,1,pre_allocation
188,699,normal,0,0,65535_65535,2,26,137,293,1,1,1,13,293,28,1,1,allocated
188,699,normal,0,0,65535_65535,2,12,137,270,0,1,0,12,0,28,1,1,pre_allocation
188,699,normal,0,0,65535_65535,2,12,137,293,1,1,1,13,293,28,1,1,allocated
188,699,normal,0,0,65535_65535,2,24,137,270,0,1,0,12,0,28,1,1,pre_allocation
188,699,normal,0,0,65535_65535,2,24,137,293,1,1,1,13,293,28,1,1,allocated
188,699,normal,0,0,65535_65535,2,11,137,44,0,1,0,13,0,8,1,1,pre_allocation
188,699,normal,0,0,65535_65535,2,11,137,47,1,1,1,14,47,8,1,1,allocated
188,699,normal,0,0,65535_65535,2,13,137,61,0,1,0,13,0,10,1,1,pre_allocation
188,699,normal,0,0,65535_65535,2,13,137,66,1,1,1,14,66,10,1,1,allocated
188,699,normal,0,0,65535_65535,2,26,137,293,0,1,0,13,0,28,1,1,pre_allocation
188,699,normal,0,0,65535_65535,2,26,137,315,1,1,1,14,315,28,1,1,allocated
188,699,normal,0,0,65535_65535,2,12,137,293,0,1,0,13,0,28,1,1,pre_allocation
188,699,normal,0,0,65535_65535,2,12,137,315,1,1,1,14,315,28,1,1,allocated
188,699,normal,0,0,65535_65535,2,24,137,293,0,1,0,13,0,28,1,1,pre_allocation
188,699,normal,0,0,65535_65535,2,24,137,315,1,1,1,14,315,28,1,1,allocated
188,699,normal,0,0,65535_65535,2,11,137,47,0,1,0,14,0,8,1,1,pre_allocation
188,699,normal,0,0,65535_65535,2,11,137,51,1,1,1,15,51,8,1,1,allocated
188,699,normal,0,0,65535_65535,2,13,137,66,0,1,0,14,0,10,1,1,pre_allocation
188,699,normal,0,0,65535_65535,2,13,137,71,1,1,1,15,71,10,1,1,allocated
188,699,normal,0,0,65535_65535,2,26,137,315,0,1,0,14,0,28,1,1,pre_allocation
188,699,normal,0,0,65535_65535,2,26,137,338,1,1,1,15,338,28,1,1,allocated
188,699,normal,0,0,65535_65535,2,12,137,315,0,1,0,14,0,28,1,1,pre_allocation
188,699,normal,0,0,65535_65535,2,12,137,338,1,1,1,15,338,28,1,1,allocated
188,699,normal,0,0,65535_65535,2,24,137,315,0,1,0,14,0,28,1,1,pre_allocation
188,699,normal,0,0,65535_65535,2,24,137,338,1,1,1,15,338,28,1,1,allocated
188,699,normal,0,0,65535_65535,2,11,137,51,0,1,0,15,0,8,1,1,pre_allocation
188,699,normal,0,0,65535_65535,2,11,137,55,1,1,1,16,55,8,1,1,allocated
188,699,normal,0,0,65535_65535,2,13,137,71,0,1,0,15,0,10,1,1,pre_allocation
188,699,normal,0,0,65535_65535,2,13,137,76,1,1,1,16,76,10,1,1,allocated
188,699,normal,0,0,65535_65535,2,26,137,338,0,1,0,15,0,28,1,1,pre_allocation
188,699,normal,0,0,65535_65535,2,26,137,361,1,1,1,16,361,28,1,1,allocated
188,699,normal,0,0,65535_65535,2,12,137,338,0,1,0,15,0,28,1,1,pre_allocation
188,699,normal,0,0,65535_65535,2,12,137,361,1,1,1,16,361,28,1,1,allocated
188,699,normal,0,0,65535_65535,2,24,137,338,0,1,0,15,0,28,1,1,pre_allocation
188,699,normal,0,0,65535_65535,2,24,137,361,1,1,1,16,361,28,1,1,allocated
188,699,normal,0,0,65535_65535,2,11,137,55,0,1,0,16,0,8,1,1,pre_allocation
188,699,normal,0,0,65535_65535,2,11,137,58,1,1,1,17,58,8,1,1,allocated
188,699,normal,0,0,65535_65535,2,13,137,76,0,1,0,16,0,10,1,1,pre_allocation
188,699,normal,0,0,65535_65535,2,13,137,81,1,1,1,17,81,10,1,1,allocated
188,699,normal,0,0,65535_65535,2,26,137,361,0,1,0,16,0,28,1,1,pre_allocation
188,699,normal,0,0,65535_65535,2,26,137,384,1,1,1,17,384,28,1,1,allocated
188,699,normal,0,0,65535_65535,2,12,137,361,0,1,0,16,0,28,1,1,pre_allocation
188,699,normal,0,0,65535_65535,2,12,137,384,1,1,1,17,384,28,1,1,allocated
188,699,normal,0,0,65535_65535,2,24,137,361,0,1,0,16,0,28,1,1,pre_allocation
188,699,normal,0,0,65535_65535,2,24,137,384,1,1,1,17,384,28,1,1,allocated
188,699,normal,0,0,65535_65535,2,11,137,58,0,1,0,17,0,8,1,1,pre_allocation
188,699,normal,0,0,65535_65535,2,11,137,62,1,1,1,18,62,8,1,1,allocated
188,699,normal,0,0,65535_65535,2,13,137,81,0,1,0,17,0,10,1,1,pre_allocation
188,699,normal,0,0,65535_65535,2,13,137,86,1,1,1,18,86,10,1,1,allocated
188,699,normal,0,0,65535_65535,2,26,137,384,0,1,0,17,0,28,1,1,pre_allocation
188,699,normal,0,0,65535_65535,2,26,137,406,1,1,1,18,406,28,1,1,allocated
188,699,normal,0,0,65535_65535,2,12,137,384,0,1,0,17,0,28,1,1,pre_allocation
188,699,normal,0,0,65535_65535,2,12,137,406,1,1,1,18,406,28,1,1,allocated
300,797,normal,0,0,65535_65535,0,1,145378,0,0,1,0,0,0,28,1,1,pre_allocation
300,797,normal,0,0,65535_65535,0,1,145378,42,1,1,1,1,42,28,1,1,allocated
300,797,normal,0,0,65535_65535,0,2,149891,0,0,1,0,0,0,28,1,1,pre_allocation
300,797,normal,0,0,65535_65535,0,2,149891,42,1,1,1,1,42,28,1,1,allocated
300,797,normal,0,0,65535_65535,0,3,150009,0,0,1,0,0,0,28,1,1,pre_allocation
300,797,normal,0,0,65535_65535,0,3,150009,42,1,1,1,1,42,28,1,1,allocated
300,797,normal,0,0,65535_65535,0,4,150849,0,0,1,0,0,0,28,1,1,pre_allocation
300,797,normal,0,0,65535_65535,0,4,150849,42,1,1,1,1,42,28,1,1,allocated
300,797,normal,0,0,65535_65535,0,5,151609,0,0,1,0,0,0,28,1,1,pre_allocation
300,797,normal,0,0,65535_65535,0,5,151609,42,1,1,1,1,42,28,1,1,allocated
300,797,normal,0,0,65535_65535,0,1,145378,42,0,1,0,1,0,28,1,1,pre_allocation
300,797,normal,0,0,65535_65535,0,1,145378,88,1,1,1,2,88,28,1,1,allocated
300,797,normal,0,0,65535_65535,0,2,149891,42,0,1,0,1,0,28,1,1,pre_allocation
300,797,normal,0,0,65535_65535,0,2,149891,88,1,1,1,2,88,28,1,1,allocated
300,797,normal,0,0,65535_65535,0,3,150009,42,0,1,0,1,0,28,1,1,pre_allocation
300,797,normal,0,0,65535_65535,0,3,150009,88,1,1,1,2,88,28,1,1,allocated
300,797,normal,0,0,65535_65535,0,4,150849,42,0,1,0,1,0,28,1,1,pre_allocation
300,797,normal,0,0,65535_65535,0,4,150849,88,1,1,1,2,88,28,1,1,allocated
300,797,normal,0,0,65535_65535,0,5,151609,42,0,1,0,1,0,28,1,1,pre_allocation
300,797,normal,0,0,65535_65535,0,5,151609,88,1,1,1,2,88,28,1,1,allocated
300,797,normal,0,0,65535_65535,0,1,145378,88,0,1,0,2,0,28,1,1,pre_allocation
300,797,normal,0,0,65535_65535,0,1,145378,133,1,1,1,3,133,28,1,1,allocated
300,797,normal,0,0,65535_65535,0,2,149891,88,0,1,0,2,0,28,1,1,pre_allocation
300,797,normal,0,0,65535_65535,0,2,149891,133,1,1,1,3,133,28,1,1,allocated
300,797,normal,0,0,65535_65535,0,3,150009,88,0,1,0,2,0,28,1,1,pre_allocation
300,797,normal,0,0,65535_65535,0,3,150009,133,1,1,1,3,133,28,1,1,allocated
300,797,normal,0,0,65535_65535,0,4,150849,88,0,1,0,2,0,28,1,1,pre_allocation
300,797,normal,0,0,65535_65535,0,4,150849,133,1,1,1,3,133,28,1,1,allocated
300,797,normal,0,0,65535_65535,0,5,151609,88,0,1,0,2,0,28,1,1,pre_allocation
300,797,normal,0,0,65535_65535,0,5,151609,133,1,1,1,3,133,28,1,1,allocated
300,797,normal,0,0,65535_65535,0,1,145378,133,0,1,0,3,0,28,1,1,pre_allocation
300,797,normal,0,0,65535_65535,0,1,145378,179,1,1,1,4,179,28,1,1,allocated
300,797,normal,0,0,65535_65535,0,2,149891,133,0,1,0,3,0,28,1,1,pre_allocation
300,797,normal,0,0,65535_65535,0,2,149891,179,1,1,1,4,179,28,1,1,allocated
300,797,normal,0,0,65535_65535,0,3,150009,133,0,1,0,3,0,28,1,1,pre_allocation
300,797,normal,0,0,65535_65535,0,3,150009,179,1,1,1,4,179,28,1,1,allocated
300,797,normal,0,0,65535_65535,0,4,150849,133,0,1,0,3,0,28,1,1,pre_allocation
300,797,normal,0,0,65535_65535,0,4,150849,179,1,1,1,4,179,28,1,1,allocated
300,797,normal,0,0,65535_65535,0,5,151609,133,0,1,0,3,0,28,1,1,pre_allocation
300,797,normal,0,0,65535_65535,0,5,151609,179,1,1,1,4,179,28,1,1,allocated
300,797,normal,0,0,65535_65535,0,1,145378,179,0,1,0,4,0,28,1,1,pre_allocation
300,797,normal,0,0,65535_65535,0,1,145378,224,1,1,1,5,224,28,1,1,allocated
300,797,normal,0,0,65535_65535,0,2,149891,179,0,1,0,4,0,28,1,1,pre_allocation
300,797,normal,0,0,65535_65535,0,2,149891,224,1,1,1,5,224,28,1,1,allocated
300,797,normal,0,0,65535_65535,0,3,150009,179,0,1,0,4,0,28,1,1,pre_allocation
300,797,normal,0,0,65535_65535,0,3,150009,224,1,1,1,5,224,28,1,1,allocated
300,797,normal,0,0,65535_65535,0,4,150849,179,0,1,0,4,0,28,1,1,pre_allocation
300,797,normal,0,0,65535_65535,0,4,150849,224,1,1,1,5,224,28,1,1,allocated
300,797,normal,0,0,65535_65535,0,5,151609,179,0,1,0,4,0,28,1,1,pre_allocation
300,797,normal,0,0,65535_65535,0,5,151609,224,1,1,1,5,224,28,1,1,allocated
300,797,normal,0,0,65535_65535,0,1,145378,224,0,1,0,5,0,28,1,1,pre_allocation
300,797,normal,0,0,65535_65535,0,1,145378,270,1,1,1,6,270,28,1,1,allocated
300,797,normal,0,0,65535_65535,0,2,149891,224,0,1,0,5,0,28,1,1,pre_allocation
300,797,normal,0,0,65535_65535,0,2,149891,270,1,1,1,6,270,28,1,1,allocated
300,797,normal,0,0,65535_65535,0,3,150009,224,0,1,0,5,0,28,1,1,pre_allocation
300,797,normal,0,0,65535_65535,0,3,150009,270,1,1,1,6,270,28,1,1,allocated
300,797,normal,0,0,65535_65535,0,4,150849,224,0,1,0,5,0,28,1,1,pre_allocation
300,797,normal,0,0,65535_65535,0,4,150849,270,1,1,1,6,270,28,1,1,allocated
300,797,normal,0,0,65535_65535,0,5,151609,224,0,1,0,5,0,28,1,1,pre_allocation
300,797,normal,0,0,65535_65535,0,5,151609,270,1,1,1,6,270,28,1,1,allocated
300,797,normal,0,0,65535_65535,0,1,145378,270,0,1,0,6,0,28,1,1,pre_allocation
300,797,normal,0,0,65535_65535,0,1,145378,315,1,1,1,7,315,28,1,1,allocated
300,797,normal,0,0,65535_65535,0,2,149891,270,0,1,0,6,0,28,1,1,pre_allocation
300,797,normal,0,0,65535_65535,0,2,149891,315,1,1,1,7,315,28,1,1,allocated
300,797,normal,0,0,65535_65535,0,3,150009,270,0,1,0,6,0,28,1,1,pre_allocation
300,797,normal,0,0,65535_65535,0,3,150009,315,1,1,1,7,315,28,1,1,allocated
300,797,normal,0,0,65535_65535,0,4,150849,270,0,1,0,6,0,28,1,1,pre_allocation
300,797,normal,0,0,65535_65535,0,4,150849,315,1,1,1,7,315,28,1,1,allocated
300,797,normal,0,0,65535_65535,0,5,151609,270,0,1,0,6,0,28,1,1,pre_allocation
300,797,normal,0,0,65535_65535,0,5,151609,315,1,1,1,7,315,28,1,1,allocated
300,797,normal,0,0,65535_65535,0,1,145378,315,0,1,0,7,0,28,1,1,pre_allocation
300,797,normal,0,0,65535_65535,0,1,145378,361,1,1,1,8,361,28,1,1,allocated
300,797,normal,0,0,65535_65535,0,2,149891,315,0,1,0,7,0,28,1,1,pre_allocation
300,797,normal,0,0,65535_65535,0,2,149891,361,1,1,1,8,361,28,1,1,allocated
300,797,normal,0,0,65535_65535,0,3,150009,315,0,1,0,7,0,28,1,1,pre_allocation
300,797,normal,0,0,65535_65535,0,3,150009,361,1,1,1,8,361,28,1,1,allocated
300,797,normal,0,0,65535_65535,0,4,150849,315,0,1,0,7,0,28,1,1,pre_allocation
300,797,normal,0,0,65535_65535,0,4,150849,361,1,1,1,8,361,28,1,1,allocated
300,797,normal,0,0,65535_65535,0,5,151609,315,0,1,0,7,0,28,1,1,pre_allocation
300,797,normal,0,0,65535_65535,0,5,151609,361,1,1,1,8,361,28,1,1,allocated
300,797,normal,0,0,65535_65535,0,1,145378,361,0,1,0,8,0,28,1,1,pre_allocation
300,797,normal,0,0,65535_65535,0,1,145378,406,1,1,1,9,406,28,1,1,allocated
300,797,normal,0,0,65535_65535,0,2,149891,361,0,1,0,8,0,28,1,1,pre_allocation
300,797,normal,0,0,65535_65535,0,2,149891,406,1,1,1,9,406,28,1,1,allocated
300,797,normal,0,0,65535_65535,0,3,150009,361,0,1,0,8,0,28,1,1,pre_allocation
300,797,normal,0,0,65535_65535,0,3,150009,406,1,1,1,9,406,28,1,1,allocated
300,797,normal,0,0,65535_65535,0,4,150849,361,0,1,0,8,0,28,1,1,pre_allocation
300,797,normal,0,0,65535_65535,0,4,150849,406,1,1,1,9,406,28,1,1,allocated
300,797,normal,0,0,65535_65535,0,5,151609,361,0,1,0,8,0,28,1,1,pre_allocation
300,797,normal,0,0,65535_65535,0,5,151609,406,1,1,1,9,406,28,1,1,allocated
300,797,normal,0,0,65535_65535,0,1,145378,406,0,1,0,9,0,28,1,1,pre_allocation
300,797,normal,0,0,65535_65535,0,1,145378,452,1,1,1,10,452,28,1,1,allocated
300,797,normal,0,0,65535_65535,0,2,149891,406,0,1,0,9,0,28,1,1,pre_allocation
300,797,normal,0,0,65535_65535,0,2,149891,452,1,1,1,10,452,28,1,1,allocated
300,797,normal,0,0,65535_65535,0,3,150009,406,0,1,0,9,0,28,1,1,pre_allocation
300,797,normal,0,0,65535_65535,0,3,150009,452,1,1,1,10,452,28,1,1,allocated
300,797,normal,0,0,65535_65535,0,4,150849,406,0,1,0,9,0,28,1,1,pre_allocation
300,797,normal,0,0,65535_65535,0,4,150849,452,1,1,1,10,452,28,1,1,allocated
300,797,normal,0,0,65535_65535,0,5,151609,406,0,1,0,9,0,28,1,1,pre_allocation
300,797,normal,0,0,65535_65535,0,5,151609,452,1,1,1,10,452,28,1,1,allocated
300,797,normal,0,0,65535_65535,0,1,145378,452,0,1,0,10,0,28,1,1,pre_allocation
300,797,normal,0,0,65535_65535,0,1,145378,497,1,1,1,11,497,28,1,1,allocated
300,797,normal,0,0,65535_65535,0,2,149891,452,0,1,0,10,0,28,1,1,pre_allocation
300,797,normal,0,0,65535_65535,0,2,149891,497,1,1,1,11,497,28,1,1,allocated
300,797,normal,0,0,65535_65535,0,3,150009,452,0,1,0,10,0,28,1,1,pre_allocation
300,797,normal,0,0,65535_65535,0,3,150009,497,1,1,1,11,497,28,1,1,allocated
300,797,normal,0,0,65535_65535,0,4,150849,452,0,1,0,10,0,28,1,1,pre_allocation
300,797,normal,0,0,65535_65535,0,4,150849,497,1,1,1,11,497,28,1,1,allocated
300,797,normal,0,0,65535_65535,0,5,151609,452,0,1,0,10,0,28,1,1,pre_allocation
300,797,normal,0,0,65535_65535,0,5,151609,497,1,1,1,11,497,28,1,1,allocated
300,797,normal,0,0,65535_65535,0,1,145378,497,0,1,0,11,0,28,1,1,pre_allocation
300,797,normal,0,0,65535_65535,0,1,145378,543,1,1,1,12,543,28,1,1,allocated
300,797,normal,0,0,65535_65535,0,2,149891,497,0,1,0,11,0,28,1,1,pre_allocation
300,797,normal,0,0,65535_65535,0,2,149891,543,1,1,1,12,543,28,1,1,allocated
300,797,normal,0,0,65535_65535,0,3,150009,497,0,1,0,11,0,28,1,1,pre_allocation
300,797,normal,0,0,65535_65535,0,3,150009,543,1,1,1,12,543,28,1,1,allocated
300,797,normal,0,0,65535_65535,0,4,150849,497,0,1,0,11,0,28,1,1,pre_allocation
300,797,normal,0,0,65535_65535,0,4,150849,543,1,1,1,12,543,28,1,1,allocated
300,797,normal,0,0,65535_65535,0,5,151609,497,0,1,0,11,0,28,1,1,pre_allocation
300,797,normal,0,0,65535_65535,0,5,151609,543,1,1,1,12,543,28,1,1,allocated
300,797,normal,0,0,65535_65535,0,1,145378,543,0,1,0,12,0,28,1,1,pre_allocation
300,797,normal,0,0,65535_65535,0,1,145378,589,1,1,1,13,589,28,1,1,allocated
300,797,normal,0,0,65535_65535,0,2,149891,543,0,1,0,12,0,28,1,1,pre_allocation
300,797,normal,0,0,65535_65535,0,2,149891,589,1,1,1,13,589,28,1,1,allocated
300,797,normal,0,0,65535_65535,0,3,150009,543,0,1,0,12,0,28,1,1,pre_allocation
300,797,normal,0,0,65535_65535,0,3,150009,589,1,1,1,13,589,28,1,1,allocated
300,797,normal,0,0,65535_65535,0,4,150849,543,0,1,0,12,0,28,1,1,pre_allocation
300,797,normal,0,0,65535_65535,0,4,150849,589,1,1,1,13,589,28,1,1,allocated
300,797,normal,0,0,65535_65535,0,5,151609,543,0,1,0,12,0,28,1,1,pre_allocation
300,797,normal,0,0,65535_65535,0,5,151609,589,1,1,1,13,589,28,1,1,allocated
300,797,normal,0,0,65535_65535,0,1,145378,589,0,1,0,13,0,28,1,1,pre_allocation
300,797,normal,0,0,65535_65535,0,1,145378,634,1,1,1,14,634,28,1,1,allocated
300,797,normal,0,0,65535_65535,0,2,149891,589,0,1,0,13,0,28,1,1,pre_allocation
300,797,normal,0,0,65535_65535,0,2,149891,634,1,1,1,14,634,28,1,1,allocated
300,797,normal,0,0,65535_65535,0,3,150009,589,0,1,0,13,0,28,1,1,pre_allocation
300,797,normal,0,0,65535_65535,0,3,150009,634,1,1,1,14,634,28,1,1,allocated
300,797,normal,0,0,65535_65535,0,4,150849,589,0,1,0,13,0,28,1,1,pre_allocation
300,797,normal,0,0,65535_65535,0,4,150849,634,1,1,1,14,634,28,1,1,allocated
300,797,normal,0,0,65535_65535,0,5,151609,589,0,1,0,13,0,28,1,1,pre_allocation
300,797,normal,0,0,65535_65535,0,5,151609,634,1,1,1,14,634,28,1,1,allocated
300,797,normal,0,0,65535_65535,0,1,145378,634,0,1,0,14,0,28,1,1,pre_allocation
300,797,normal,0,0,65535_65535,0,1,145378,680,1,1,1,15,680,28,1,1,allocated
300,797,normal,0,0,65535_65535,1,8,87,0,0,1,0,0,0,28,1,1,pre_allocation
300,797,normal,0,0,65535_65535,1,8,87,42,1,1,1,1,42,28,1,1,allocated
300,797,normal,0,0,65535_65535,1,9,87,0,0,1,0,0,0,28,1,1,pre_allocation
300,797,normal,0,0,65535_65535,1,9,87,42,1,1,1,1,42,28,1,1,allocated
300,797,normal,0,0,65535_65535,1,10,87,0,0,1,0,0,0,28,1,1,pre_allocation
300,797,normal,0,0,65535_65535,1,10,87,42,1,1,1,1,42,28,1,1,allocated
300,797,normal,0,0,65535_65535,1,8,87,42,0,1,0,1,0,28,1,1,pre_allocation
300,797,normal,0,0,65535_65535,1,8,87,88,1,1,1,2,88,28,1,1,allocated
300,797,normal,0,0,65535_65535,1,9,87,42,0,1,0,1,0,28,1,1,pre_allocation
300,797,normal,0,0,65535_65535,1,9,87,88,1,1,1,2,88,28,1,1,allocated
300,797,normal,0,0,65535_65535,1,10,87,42,0,1,0,1,0,28,1,1,pre_allocation
300,797,normal,0,0,65535_65535,1,10,87,88,1,1,1,2,88,28,1,1,allocated
300,797,normal,0,0,65535_65535,1,8,87,88,0,1,0,2,0,28,1,1,pre_allocation
300,797,normal,0,0,65535_65535,1,8,87,133,1,1,1,3,133,28,1,1,allocated
300,797,normal,0,0,65535_65535,1,9,87,88,0,1,0,2,0,28,1,1,pre_allocation
300,797,normal,0,0,65535_65535,1,9,87,133,1,1,1,3,133,28,1,1,allocated
300,797,normal,0,0,65535_65535,1,10,87,88,0,1,0,2,0,28,1,1,pre_allocation
300,797,normal,0,0,65535_65535,1,10,87,133,1,1,1,3,133,28,1,1,allocated
300,797,normal,0,0,65535_65535,1,8,87,133,0,1,0,3,0,28,1,1,pre_allocation
300,797,normal,0,0,65535_65535,1,8,87,179,1,1,1,4,179,28,1,1,allocated
300,797,normal,0,0,65535_65535,1,9,87,133,0,1,0,3,0,28,1,1,pre_allocation
300,797,normal,0,0,65535_65535,1,9,87,179,1,1,1,4,179,28,1,1,allocated
300,797,normal,0,0,65535_65535,1,10,87,133,0,1,0,3,0,28,1,1,pre_allocation
300,797,normal,0,0,65535_65535,1,10,87,179,1,1,1,4,179,28,1,1,allocated
300,797,normal,0,0,65535_65535,1,8,87,179,0,1,0,4,0,28,1,1,pre_allocation
300,797,normal,0,0,65535_65535,1,8,87,224,1,1,1,5,224,28,1,1,allocated
300,797,normal,0,0,65535_65535,1,9,87,179,0,1,0,4,0,28,1,1,pre_allocation
300,797,normal,0,0,65535_65535,1,9,87,224,1,1,1,5,224,28,1,1,allocated
300,797,normal,0,0,65535_65535,1,10,87,179,0,1,0,4,0,28,1,1,pre_allocation
300,797,normal,0,0,65535_65535,1,10,87,224,1,1,1,5,224,28,1,1,allocated
300,797,normal,0,0,65535_65535,1,8,87,224,0,1,0,5,0,28,1,1,pre_allocation
300,797,normal,0,0,65535_65535,1,8,87,270,1,1,1,6,270,28,1,1,allocated
300,797,normal,0,0,65535_65535,1,9,87,224,0,1,0,5,0,28,1,1,pre_allocation
300,797,normal,0,0,65535_65535,1,9,87,270,1,1,1,6,270,28,1,1,allocated
300,797,normal,0,0,65535_65535,1,10,87,224,0,1,0,5,0,28,1,1,pre_allocation
300,797,normal,0,0,65535_65535,1,10,87,270,1,1,1,6,270,28,1,1,allocated
300,797,normal,0,0,65535_65535,1,8,87,270,0,1,0,6,0,28,1,1,pre_allocation
300,797,normal,0,0,65535_65535,1,8,87,315,1,1,1,7,315,28,1,1,allocated
300,797,normal,0,0,65535_65535,1,9,87,270,0,1,0,6,0,28,1,1,pre_allocation
300,797,normal,0,0,65535_65535,1,9,87,315,1,1,1,7,315,28,1,1,allocated
300,797,normal,0,0,65535_65535,1,10,87,270,0,1,0,6,0,28,1,1,pre_allocation
300,797,normal,0,0,65535_65535,1,10,87,315,1,1,1,7,315,28,1,1,allocated
300,797,normal,0,0,65535_65535,1,8,87,315,0,1,0,7,0,28,1,1,pre_allocation
300,797,normal,0,0,65535_65535,1,8,87,361,1,1,1,8,361,28,1,1,allocated
300,797,normal,0,0,65535_65535,1,9,87,315,0,1,0,7,0,28,1,1,pre_allocation
300,797,normal,0,0,65535_65535,1,9,87,361,1,1,1,8,361,28,1,1,allocated
300,797,normal,0,0,65535_65535,1,10,87,315,0,1,0,7,0,28,1,1,pre_allocation
300,797,normal,0,0,65535_65535,1,10,87,361,1,1,1,8,361,28,1,1,allocated
300,797,normal,0,0,65535_65535,1,8,87,361,0,1,0,8,0,28,1,1,pre_allocation
300,797,normal,0,0,65535_65535,1,8,87,406,1,1,1,9,406,28,1,1,allocated
300,797,normal,0,0,65535_65535,1,9,87,361,0,1,0,8,0,28,1,1,pre_allocation
300,797,normal,0,0,65535_65535,1,9,87,406,1,1,1,9,406,28,1,1,allocated
300,797,normal,0,0,65535_65535,1,10,87,361,0,1,0,8,0,28,1,1,pre_allocation
300,797,normal,0,0,65535_65535,1,10,87,406,1,1,1,9,406,28,1,1,allocated
300,797,normal,0,0,65535_65535,1,8,87,406,0,1,0,9,0,28,1,1,pre_allocation
300,797,normal,0,0,65535_65535,1,8,87,452,1,1,1,10,452,28,1,1,allocated
300,797,normal,0,0,65535_65535,1,9,87,406,0,1,0,9,0,28,1,1,pre_allocation
300,797,normal,0,0,65535_65535,1,9,87,452,1,1,1,10,452,28,1,1,allocated
300,797,normal,0,0,65535_65535,1,10,87,406,0,1,0,9,0,28,1,1,pre_allocation
300,797,normal,0,0,65535_65535,1,10,87,452,1,1,1,10,452,28,1,1,allocated
300,797,normal,0,0,65535_65535,1,8,87,452,0,1,0,10,0,28,1,1,pre_allocation
300,797,normal,0,0,65535_65535,1,8,87,497,1,1,1,11,497,28,1,1,allocated
300,797,normal,0,0,65535_65535,1,9,87,452,0,1,0,10,0,28,1,1,pre_allocation
300,797,normal,0,0,65535_65535,1,9,87,497,1,1,1,11,497,28,1,1,allocated
300,797,normal,0,0,65535_65535,1,10,87,452,0,1,0,10,0,28,1,1,pre_allocation
300,797,normal,0,0,65535_65535,1,10,87,497,1,1,1,11,497,28,1,1,allocated
300,797,normal,0,0,65535_65535,1,8,87,497,0,1,0,11,0,28,1,1,pre_allocation
300,797,normal,0,0,65535_65535,1,8,87,543,1,1,1,12,543,28,1,1,allocated
300,797,normal,0,0,65535_65535,1,9,87,497,0,1,0,11,0,28,1,1,pre_allocation
300,797,normal,0,0,65535_65535,1,9,87,543,1,1,1,12,543,28,1,1,allocated
300,797,normal,0,0,65535_65535,1,10,87,497,0,1,0,11,0,28,1,1,pre_allocation
300,797,normal,0,0,65535_65535,1,10,87,543,1,1,1,12,543,28,1,1,allocated
300,797,normal,0,0,65535_65535,1,8,87,543,0,1,0,12,0,28,1,1,pre_allocation
300,797,normal,0,0,65535_65535,1,8,87,589,1,1,1,13,589,28,1,1,allocated
300,797,normal,0,0,65535_65535,1,9,87,543,0,1,0,12,0,28,1,1,pre_allocation
300,797,normal,0,0,65535_65535,1,9,87,589,1,1,1,13,589,28,1,1,allocated
300,797,normal,0,0,65535_65535,1,10,87,543,0,1,0,12,0,28,1,1,pre_allocation
300,797,normal,0,0,65535_65535,1,10,87,589,1,1,1,13,589,28,1,1,allocated
300,797,normal,0,0,65535_65535,1,8,87,589,0,1,0,13,0,28,1,1,pre_allocation
300,797,normal,0,0,65535_65535,1,8,87,634,1,1,1,14,634,28,1,1,allocated
300,797,normal,0,0,65535_65535,1,9,87,589,0,1,0,13,0,28,1,1,pre_allocation
300,797,normal,0,0,65535_65535,1,9,87,634,1,1,1,14,634,28,1,1,allocated
300,797,normal,0,0,65535_65535,1,10,87,589,0,1,0,13,0,28,1,1,pre_allocation
300,797,normal,0,0,65535_65535,1,10,87,634,1,1,1,14,634,28,1,1,allocated
300,797,normal,0,0,65535_65535,1,8,87,634,0,1,0,14,0,28,1,1,pre_allocation
300,797,normal,0,0,65535_65535,1,8,87,680,1,1,1,15,680,28,1,1,allocated
300,797,normal,0,0,65535_65535,1,9,87,634,0,1,0,14,0,28,1,1,pre_allocation
300,797,normal,0,0,65535_65535,1,9,87,680,1,1,1,15,680,28,1,1,allocated
300,797,normal,0,0,65535_65535,1,10,87,634,0,1,0,14,0,28,1,1,pre_allocation
300,797,normal,0,0,65535_65535,1,10,87,680,1,1,1,15,680,28,1,1,allocated
300,797,normal,0,0,65535_65535,1,8,87,680,0,1,0,15,0,28,1,1,pre_allocation
300,797,normal,0,0,65535_65535,1,8,87,725,1,1,1,16,725,28,1,1,allocated
300,797,normal,0,0,65535_65535,1,9,87,680,0,1,0,15,0,28,1,1,pre_allocation
300,797,normal,0,0,65535_65535,1,9,87,725,1,1,1,16,725,28,1,1,allocated
300,797,normal,0,0,65535_65535,1,10,87,680,0,1,0,15,0,28,1,1,pre_allocation
300,797,normal,0,0,65535_65535,1,10,87,725,1,1,1,16,725,28,1,1,allocated
300,797,normal,0,0,65535_65535,1,8,87,725,0,1,0,16,0,28,1,1,pre_allocation
300,797,normal,0,0,65535_65535,1,8,87,771,1,1,1,17,771,28,1,1,allocated
300,797,normal,0,0,65535_65535,1,9,87,725,0,1,0,16,0,28,1,1,pre_allocation
300,797,normal,0,0,65535_65535,1,9,87,771,1,1,1,17,771,28,1,1,allocated
300,797,normal,0,0,65535_65535,1,10,87,725,0,1,0,16,0,28,1,1,pre_allocation
300,797,normal,0,0,65535_65535,1,10,87,771,1,1,1,17,771,28,1,1,allocated
300,797,normal,0,0,65535_65535,1,8,87,771,0,1,0,17,0,28,1,1,pre_allocation
300,797,normal,0,0,65535_65535,1,8,87,816,1,1,1,18,816,28,1,1,allocated
300,797,normal,0,0,65535_65535,1,9,87,771,0,1,0,17,0,28,1,1,pre_allocation
300,797,normal,0,0,65535_65535,1,9,87,816,1,1,1,18,816,28,1,1,allocated
300,797,normal,0,0,65535_65535,1,10,87,771,0,1,0,17,0,28,1,1,pre_allocation
300,797,normal,0,0,65535_65535,1,10,87,816,1,1,1,18,816,28,1,1,allocated
300,797,normal,0,0,65535_65535,1,8,87,816,0,1,0,18,0,28,1,1,pre_allocation
300,797,normal,0,0,65535_65535,1,8,87,862,1,1,1,19,862,28,1,1,allocated
300,797,normal,0,0,65535_65535,1,9,87,816,0,1,0,18,0,28,1,1,pre_allocation
300,797,normal,0,0,65535_65535,1,9,87,862,1,1,1,19,862,28,1,1,allocated
300,797,normal,0,0,65535_65535,1,10,87,816,0,1,0,18,0,28,1,1,pre_allocation
300,797,normal,0,0,65535_65535,1,10,87,862,1,1,1,19,862,28,1,1,allocated
300,797,normal,0,0,65535_65535,1,8,87,862,0,1,0,19,0,28,1,1,pre_allocation
300,797,normal,0,0,65535_65535,1,8,87,907,1,1,1,20,907,28,1,1,allocated
300,797,normal,0,0,65535_65535,1,9,87,862,0,1,0,19,0,28,1,1,pre_allocation
300,797,normal,0,0,65535_65535,1,9,87,907,1,1,1,20,907,28,1,1,allocated
300,797,normal,0,0,65535_65535,1,10,87,862,0,1,0,19,0,28,1,1,pre_allocation
300,797,normal,0,0,65535_65535,1,10,87,907,1,1,1,20,907,28,1,1,allocated
300,797,normal,0,0,65535_65535,1,8,87,907,0,1,0,20,0,28,1,1,pre_allocation
300,797,normal,0,0,65535_65535,1,8,87,953,1,1,1,21,953,28,1,1,allocated
300,797,normal,0,0,65535_65535,1,9,87,907,0,1,0,20,0,28,1,1,pre_allocation
300,797,normal,0,0,65535_65535,1,9,87,953,1,1,1,21,953,28,1,1,allocated
300,797,normal,0,0,65535_65535,1,10,87,907,0,1,0,20,0,28,1,1,pre_allocation
300,797,normal,0,0,65535_65535,1,10,87,953,1,1,1,21,953,28,1,1,allocated
300,797,normal,0,0,65535_65535,1,8,87,953,0,1,0,21,0,28,1,1,pre_allocation
300,797,normal,0,0,65535_65535,1,8,87,998,1,1,1,22,998,28,1,1,allocated
300,797,normal,0,0,65535_65535,1,9,87,953,0,1,0,21,0,28,1,1,pre_allocation
300,797,normal,0,0,65535_65535,1,9,87,998,1,1,1,22,998,28,1,1,allocated
300,797,normal,0,0,65535_65535,1,10,87,953,0,1,0,21,0,28,1,1,pre_allocation
300,797,normal,0,0,65535_65535,1,10,87,998,1,1,1,22,998,28,1,1,allocated
300,797,normal,0,0,65535_65535,1,8,87,998,0,1,0,22,0,28,1,1,pre_allocation
300,797,normal,0,0,65535_65535,1,8,87,1044,1,1,1,23,1044,28,1,1,allocated
300,797,normal,0,0,65535_65535,1,9,87,998,0,1,0,22,0,28,1,1,pre_allocation
300,797,normal,0,0,65535_65535,1,9,87,1044,1,1,1,23,1044,28,1,1,allocated
300,797,normal,0,0,65535_65535,1,10,87,998,0,1,0,22,0,28,1,1,pre_allocation
300,797,normal,0,0,65535_65535,1,10,87,1044,1,1,1,23,1044,28,1,1,allocated
300,797,normal,0,0,65535_65535,1,8,87,1044,0,1,0,23,0,28,1,1,pre_allocation
300,797,normal,0,0,65535_65535,1,8,87,1089,1,1,1,24,1089,28,1,1,allocated
300,797,normal,0,0,65535_65535,1,9,87,1044,0,1,0,23,0,28,1,1,pre_allocation
300,797,normal,0,0,65535_65535,1,9,87,1089,1,1,1,24,1089,28,1,1,allocated
300,797,normal,0,0,65535_65535,1,10,87,1044,0,1,0,23,0,28,1,1,pre_allocation
300,797,normal,0,0,65535_65535,1,10,87,1089,1,1,1,24,1089,28,1,1,allocated
300,797,normal,0,0,65535_65535,1,8,87,1089,0,1,0,24,0,28,1,1,pre_allocation
300,797,normal,0,0,65535_65535,1,8,87,1135,1,1,1,25,1135,28,1,1,allocated
300,797,normal,0,0,65535_65535,1,9,87,1089,0,1,0,24,0,28,1,1,pre_allocation
300,797,normal,0,0,65535_65535,1,9,87,1135,1,1,1,25,1135,28,1,1,allocated
300,797,normal,0,0,65535_65535,1,10,87,1089,0,1,0,24,0,28,1,1,pre_allocation
300,797,normal,0,0,65535_65535,1,10,87,1135,1,1,1,25,1135,28,1,1,allocated
300,797,normal,0,0,65535_65535,1,8,87,1135,0,1,0,25,0,28,1,1,pre_allocation
300,797,normal,0,0,65535_65535,1,8,87,1181,1,1,1,26,1181,28,1,1,allocated
300,797,normal,0,0,65535_65535,1,9,87,1135,0,1,0,25,0,28,1,1,pre_allocation
300,797,normal,0,0,65535_65535,1,9,87,1181,1,1,1,26,1181,28,1,1,allocated
300,797,normal,0,0,65535_65535,1,10,87,1135,0,1,0,25,0,28,1,1,pre_allocation
300,797,normal,0,0,65535_65535,1,10,87,1181,1,1,1,26,1181,28,1,1,allocated
300,797,normal,0,0,65535_65535,1,8,87,1181,0,1,0,26,0,28,1,1,pre_allocation
300,797,normal,0,0,65535_65535,1,8,87,1226,1,1,1,27,1226,28,1,1,allocated
300,797,normal,0,0,65535_65535,1,9,87,1181,0,1,0,26,0,28,1,1,pre_allocation
300,797,normal,0,0,65535_65535,1,9,87,1226,1,1,1,27,1226,28,1,1,allocated
300,797,normal,0,0,65535_65535,1,10,87,1181,0,1,0,26,0,28,1,1,pre_allocation
300,797,normal,0,0,65535_65535,1,10,87,1226,1,1,1,27,1226,28,1,1,allocated
300,797,normal,0,0,65535_65535,1,8,87,1226,0,1,0,27,0,28,1,1,pre_allocation
300,797,normal,0,0,65535_65535,1,8,87,1272,1,1,1,28,1272,28,1,1,allocated
300,797,normal,0,0,65535_65535,1,9,87,1226,0,1,0,27,0,28,1,1,pre_allocation
300,797,normal,0,0,65535_65535,1,9,87,1272,1,1,1,28,1272,28,1,1,allocated
300,797,normal,0,0,65535_65535,1,10,87,1226,0,1,0,27,0,28,1,1,pre_allocation
300,797,normal,0,0,65535_65535,1,10,87,1272,1,1,1,28,1272,28,1,1,allocated
300,797,normal,0,0,65535_65535,1,8,87,1272,0,1,0,28,0,28,1,1,pre_allocation
300,797,normal,0,0,65535_65535,1,8,87,1317,1,1,1,29,1317,28,1,1,allocated
300,797,normal,0,0,65535_65535,1,9,87,1272,0,1,0,28,0,28,1,1,pre_allocation
300,797,normal,0,0,65535_65535,1,9,87,1317,1,1,1,29,1317,28,1,1,allocated
300,797,normal,0,0,65535_65535,1,10,87,1272,0,1,0,28,0,28,1,1,pre_allocation
300,797,normal,0,0,65535_65535,1,10,87,1317,1,1,1,29,1317,28,1,1,allocated
300,797,normal,0,0,65535_65535,1,8,87,1317,0,1,0,29,0,28,1,1,pre_allocation
300,797,normal,0,0,65535_65535,1,8,87,1363,1,1,1,30,1363,28,1,1,allocated
300,797,normal,0,0,65535_65535,1,9,87,1317,0,1,0,29,0,28,1,1,pre_allocation
300,797,normal,0,0,65535_65535,1,9,87,1363,1,1,1,30,1363,28,1,1,allocated
300,797,normal,0,0,65535_65535,1,10,87,1317,0,1,0,29,0,28,1,1,pre_allocation
300,797,normal,0,0,65535_65535,1,10,87,1363,1,1,1,30,1363,28,1,1,allocated
300,797,normal,0,0,65535_65535,1,8,87,1363,0,1,0,30,0,28,1,1,pre_allocation
300,797,normal,0,0,65535_65535,1,8,87,1408,1,1,1,31,1408,28,1,1,allocated
300,797,normal,0,0,65535_65535,1,9,87,1363,0,1,0,30,0,28,1,1,pre_allocation
300,797,normal,0,0,65535_65535,1,9,87,1408,1,1,1,31,1408,28,1,1,allocated
300,797,normal,0,0,65535_65535,1,10,87,1363,0,1,0,30,0,28,1,1,pre_allocation
300,797,normal,0,0,65535_65535,1,10,87,1408,1,1,1,31,1408,28,1,1,allocated
300,797,normal,0,0,65535_65535,2,21,269,0,0,1,0,0,0,15,1,1,pre_allocation
300,797,normal,0,0,65535_65535,2,21,269,14,1,1,1,1,14,15,1,1,allocated
300,797,normal,0,0,65535_65535,2,21,269,14,0,1,0,1,0,15,1,1,pre_allocation
300,797,normal,0,0,65535_65535,2,21,269,32,1,1,1,2,32,15,1,1,allocated
300,797,normal,0,0,65535_65535,2,21,269,32,0,1,0,2,0,15,1,1,pre_allocation
300,797,normal,0,0,65535_65535,2,21,269,50,1,1,1,3,50,15,1,1,allocated
300,797,normal,0,0,65535_65535,2,21,269,50,0,1,0,3,0,15,1,1,pre_allocation
300,797,normal,0,0,65535_65535,2,21,269,68,1,1,1,4,68,15,1,1,allocated
300,797,normal,0,0,65535_65535,2,21,269,68,0,1,0,4,0,15,1,1,pre_allocation
300,797,normal,0,0,65535_65535,2,21,269,86,1,1,1,5,86,15,1,1,allocated
300,797,normal,0,0,65535_65535,2,21,269,86,0,1,0,5,0,15,1,1,pre_allocation
300,797,normal,0,0,65535_65535,2,21,269,103,1,1,1,6,103,15,1,1,allocated
300,797,normal,0,0,65535_65535,2,21,269,103,0,1,0,6,0,15,1,1,pre_allocation
300,797,normal,0,0,65535_65535,2,21,269,121,1,1,1,7,121,15,1,1,allocated
300,797,normal,0,0,65535_65535,2,21,269,121,0,1,0,7,0,15,1,1,pre_allocation
300,797,normal,0,0,65535_65535,2,21,269,139,1,1,1,8,139,15,1,1,allocated
300,797,normal,0,0,65535_65535,2,21,269,139,0,1,0,8,0,15,1,1,pre_allocation
300,797,normal,0,0,65535_65535,2,21,269,157,1,1,1,9,157,15,1,1,allocated
300,797,normal,0,0,65535_65535,2,21,269,157,0,1,0,9,0,15,1,1,pre_allocation
300,797,normal,0,0,65535_65535,2,21,269,175,1,1,1,10,175,15,1,1,allocated
300,797,normal,0,0,65535_65535,2,21,269,175,0,1,0,10,0,15,1,1,pre_allocation
300,797,normal,0,0,65535_65535,2,21,269,193,1,1,1,11,193,15,1,1,allocated
300,797,normal,0,0,65535_65535,2,21,269,193,0,1,0,11,0,15,1,1,pre_allocation
300,797,normal,0,0,65535_65535,2,21,269,210,1,1,1,12,210,15,1,1,allocated
300,797,normal,0,0,65535_65535,2,21,269,210,0,1,0,12,0,15,1,1,pre_allocation
300,797,normal,0,0,65535_65535,2,21,269,228,1,1,1,13,228,15,1,1,allocated
300,797,normal,0,0,65535_65535,2,21,269,228,0,1,0,13,0,15,1,1,pre_allocation
300,797,normal,0,0,65535_65535,2,21,269,246,1,1,1,14,246,15,1,1,allocated
300,797,normal,0,0,65535_65535,2,21,269,246,0,1,0,14,0,15,1,1,pre_allocation
300,797,normal,0,0,65535_65535,2,21,269,264,1,1,1,15,264,15,1,1,allocated
300,797,normal,0,0,65535_65535,2,21,269,264,0,1,0,15,0,15,1,1,pre_allocation
300,797,normal,0,0,65535_65535,2,21,269,282,1,1,1,16,282,15,1,1,allocated
300,797,normal,0,0,65535_65535,2,21,269,282,0,1,0,16,0,15,1,1,pre_allocation
300,797,normal,0,0,65535_65535,2,21,269,299,1,1,1,17,299,15,1,1,allocated
300,797,normal,0,0,65535_65535,2,21,269,299,0,1,0,17,0,15,1,1,pre_allocation
300,797,normal,0,0,65535_65535,2,21,269,317,1,1,1,18,317,15,1,1,allocated
300,797,normal,0,0,65535_65535,2,21,269,317,0,1,0,18,0,15,1,1,pre_allocation
300,797,normal,0,0,65535_65535,2,21,269,335,1,1,1,19,335,15,1,1,allocated
300,797,normal,0,0,65535_65535,2,21,269,335,0,1,0,19,0,15,1,1,pre_allocation
300,797,normal,0,0,65535_65535,2,21,269,353,1,1,1,20,353,15,1,1,allocated
300,797,normal,0,0,65535_65535,2,21,269,353,0,1,0,20,0,15,1,1,pre_allocation
300,797,normal,0,0,65535_65535,2,21,269,371,1,1,1,21,371,15,1,1,allocated
300,797,normal,0,0,65535_65535,2,21,269,371,0,1,0,21,0,15,1,1,pre_allocation
300,797,normal,0,0,65535_65535,2,21,269,389,1,1,1,22,389,15,1,1,allocated
300,797,normal,0,0,65535_65535,2,21,269,389,0,1,0,22,0,15,1,1,pre_allocation
300,797,normal,0,0,65535_65535,2,21,269,406,1,1,1,23,406,15,1,1,allocated
300,797,normal,0,0,65535_65535,2,21,269,406,0,1,0,23,0,15,1,1,pre_allocation
300,797,normal,0,0,65535_65535,2,21,269,424,1,1,1,24,424,15,1,1,allocated
300,797,normal,0,0,65535_65535,2,21,269,424,0,1,0,24,0,15,1,1,pre_allocation
300,797,normal,0,0,65535_65535,2,21,269,442,1,1,1,25,442,15,1,1,allocated
300,797,normal,0,0,65535_65535,2,21,269,442,0,1,0,25,0,15,1,1,pre_allocation
300,797,normal,0,0,65535_65535,2,21,269,460,1,1,1,26,460,15,1,1,allocated
300,797,normal,0,0,65535_65535,2,21,269,460,0,1,0,26,0,15,1,1,pre_allocation
300,797,normal,0,0,65535_65535,2,21,269,478,1,1,1,27,478,15,1,1,allocated
300,797,normal,0,0,65535_65535,2,21,269,478,0,1,0,27,0,15,1,1,pre_allocation
300,797,normal,0,0,65535_65535,2,21,269,495,1,1,1,28,495,15,1,1,allocated
300,797,normal,0,0,65535_65535,2,21,269,495,0,1,0,28,0,15,1,1,pre_allocation
300,797,normal,0,0,65535_65535,2,21,269,513,1,1,1,29,513,15,1,1,allocated
300,797,normal,0,0,65535_65535,2,21,269,513,0,1,0,29,0,15,1,1,pre_allocation
300,797,normal,0,0,65535_65535,2,21,269,531,1,1,1,30,531,15,1,1,allocated
300,797,normal,0,0,65535_65535,2,21,269,531,0,1,0,30,0,15,1,1,pre_allocation
300,797,normal,0,0,65535_65535,2,21,269,549,1,1,1,31,549,15,1,1,allocated
300,797,normal,0,0,65535_65535,2,21,269,549,0,1,0,31,0,15,1,1,pre_allocation
300,797,normal,0,0,65535_65535,2,21,269,567,1,1,1,32,567,15,1,1,allocated
300,797,normal,0,0,65535_65535,2,21,269,567,0,1,0,32,0,15,1,1,pre_allocation
300,797,normal,0,0,65535_65535,2,21,269,585,1,1,1,33,585,15,1,1,allocated
300,797,normal,0,0,65535_65535,2,21,269,585,0,1,0,33,0,15,1,1,pre_allocation
300,797,normal,0,0,65535_65535,2,21,269,602,1,1,1,34,602,15,1,1,allocated
300,797,normal,0,0,65535_65535,2,21,269,602,0,1,0,34,0,15,1,1,pre_allocation
300,797,normal,0,0,65535_65535,2,21,269,620,1,1,1,35,620,15,1,1,allocated
300,797,normal,0,0,65535_65535,2,21,269,620,0,1,0,35,0,15,1,1,pre_allocation
300,797,normal,0,0,65535_65535,2,21,269,638,1,1,1,36,638,15,1,1,allocated
300,797,normal,0,0,65535_65535,2,21,269,638,0,1,0,36,0,15,1,1,pre_allocation
300,797,normal,0,0,65535_65535,2,21,269,656,1,1,1,37,656,15,1,1,allocated
300,797,normal,0,0,65535_65535,2,21,269,656,0,1,0,37,0,15,1,1,pre_allocation
300,797,normal,0,0,65535_65535,2,21,269,674,1,1,1,38,674,15,1,1,allocated
300,797,normal,0,0,65535_65535,2,21,269,674,0,1,0,38,0,15,1,1,pre_allocation
300,797,normal,0,0,65535_65535,2,21,269,691,1,1,1,39,691,15,1,1,allocated
300,797,normal,0,0,65535_65535,2,21,269,691,0,1,0,39,0,15,1,1,pre_allocation
300,797,normal,0,0,65535_65535,2,21,269,709,1,1,1,40,709,15,1,1,allocated
300,797,normal,0,0,65535_65535,2,21,269,709,0,1,0,40,0,15,1,1,pre_allocation
300,797,normal,0,0,65535_65535,2,21,269,727,1,1,1,41,727,15,1,1,allocated
300,797,normal,0,0,65535_65535,2,21,269,727,0,1,0,41,0,15,1,1,pre_allocation
300,797,normal,0,0,65535_65535,2,21,269,745,1,1,1,42,745,15,1,1,allocated
300,797,normal,0,0,65535_65535,2,21,269,745,0,1,0,42,0,15,1,1,pre_allocation
300,797,normal,0,0,65535_65535,2,21,269,763,1,1,1,43,763,15,1,1,allocated
300,797,normal,0,0,65535_65535,2,21,269,763,0,1,0,43,0,15,1,1,pre_allocation
300,797,normal,0,0,65535_65535,2,21,269,781,1,1,1,44,781,15,1,1,allocated
300,797,normal,0,0,65535_65535,2,21,269,781,0,1,0,44,0,15,1,1,pre_allocation
300,797,normal,0,0,65535_65535,2,21,269,798,1,1,1,45,798,15,1,1,allocated
300,797,normal,0,0,65535_65535,2,21,269,798,0,1,0,45,0,15,1,1,pre_allocation
300,797,normal,0,0,65535_65535,2,21,269,816,1,1,1,46,816,15,1,1,allocated
300,797,normal,0,0,65535_65535,2,21,269,816,0,1,0,46,0,15,1,1,pre_allocation
300,797,normal,0,0,65535_65535,2,21,269,834,1,1,1,47,834,15,1,1,allocated
300,797,normal,0,0,65535_65535,2,21,269,834,0,1,0,47,0,15,1,1,pre_allocation
300,797,normal,0,0,65535_65535,2,21,269,852,1,1,1,48,852,15,1,1,allocated
300,797,normal,0,0,65535_65535,2,21,269,852,0,1,0,48,0,15,1,1,pre_allocation
300,797,normal,0,0,65535_65535,2,21,269,870,1,1,1,49,870,15,1,1,allocated
300,797,normal,0,0,65535_65535,2,21,269,870,0,1,0,49,0,15,1,1,pre_allocation
300,797,normal,0,0,65535_65535,2,21,269,888,1,1,1,50,888,15,1,1,allocated
300,797,normal,0,0,65535_65535,2,21,269,888,0,1,0,50,0,15,1,1,pre_allocation
300,797,normal,0,0,65535_65535,2,21,269,905,1,1,1,51,905,15,1,1,allocated
300,797,normal,0,0,65535_65535,2,21,269,905,0,1,0,51,0,15,1,1,pre_allocation
300,797,normal,0,0,65535_65535,2,21,269,923,1,1,1,52,923,15,1,1,allocated
300,797,normal,0,0,65535_65535,2,21,269,923,0,1,0,52,0,15,1,1,pre_allocation
300,797,normal,0,0,65535_65535,2,21,269,941,1,1,1,53,941,15,1,1,allocated
300,797,normal,0,0,65535_65535,2,21,269,941,0,1,0,53,0,15,1,1,pre_allocation
300,797,normal,0,0,65535_65535,2,21,269,959,1,1,1,54,959,15,1,1,allocated
300,797,normal,0,0,65535_65535,2,21,269,959,0,1,0,54,0,15,1,1,pre_allocation
300,797,normal,0,0,65535_65535,2,21,269,977,1,1,1,55,977,15,1,1,allocated
300,797,normal,0,0,65535_65535,2,21,269,977,0,1,0,55,0,15,1,1,pre_allocation
300,797,normal,0,0,65535_65535,2,21,269,994,1,1,1,56,994,15,1,1,allocated
300,797,normal,0,0,65535_65535,2,21,269,994,0,1,0,56,0,15,1,1,pre_allocation
300,797,normal,0,0,65535_65535,2,21,269,1012,1,1,1,57,1012,15,1,1,allocated
300,797,normal,0,0,65535_65535,2,21,269,1012,0,1,0,57,0,15,1,1,pre_allocation
300,797,normal,0,0,65535_65535,2,21,269,1030,1,1,1,58,1030,15,1,1,allocated
300,797,normal,0,0,65535_65535,2,21,269,1030,0,1,0,58,0,15,1,1,pre_allocation
300,797,normal,0,0,65535_65535,2,21,269,1048,1,1,1,59,1048,15,1,1,allocated
300,797,normal,0,0,65535_65535,2,21,269,1048,0,1,0,59,0,15,1,1,pre_allocation
300,797,normal,0,0,65535_65535,2,21,269,1066,1,1,1,60,1066,15,1,1,allocated
300,797,normal,0,0,65535_65535,2,21,269,1066,0,1,0,60,0,15,1,1,pre_allocation
300,797,normal,0,0,65535_65535,2,21,269,1084,1,1,1,61,1084,15,1,1,allocated
300,797,normal,0,0,65535_65535,2,21,269,1084,0,1,0,61,0,15,1,1,pre_allocation
300,797,normal,0,0,65535_65535,2,21,269,1101,1,1,1,62,1101,15,1,1,allocated
300,797,normal,0,0,65535_65535,2,21,269,1101,0,1,0,62,0,15,1,1,pre_allocation
300,797,normal,0,0,65535_65535,2,21,269,1119,1,1,1,63,1119,15,1,1,allocated
300,797,normal,0,0,65535_65535,2,21,269,1119,0,1,0,63,0,15,1,1,pre_allocation
300,797,normal,0,0,65535_65535,2,21,269,1137,1,1,1,64,1137,15,1,1,allocated
300,797,normal,0,0,65535_65535,2,21,269,1137,0,1,0,64,0,15,1,1,pre_allocation
300,797,normal,0,0,65535_65535,2,21,269,1155,1,1,1,65,1155,15,1,1,allocated
300,797,normal,0,0,65535_65535,2,21,269,1155,0,1,0,65,0,15,1,1,pre_allocation
300,797,normal,0,0,65535_65535,2,21,269,1173,1,1,1,66,1173,15,1,1,allocated
300,797,normal,0,0,65535_65535,2,21,269,1173,0,1,0,66,0,15,1,1,pre_allocation
300,797,normal,0,0,65535_65535,2,21,269,1190,1,1,1,67,1190,15,1,1,allocated
300,797,normal,0,0,65535_65535,2,21,269,1190,0,1,0,67,0,15,1,1,pre_allocation
300,797,normal,0,0,65535_65535,2,21,269,1208,1,1,1,68,1208,15,1,1,allocated
300,797,normal,0,0,65535_65535,2,21,269,1208,0,1,0,68,0,15,1,1,pre_allocation
300,797,normal,0,0,65535_65535,2,21,269,1226,1,1,1,69,1226,15,1,1,allocated
300,797,normal,0,0,65535_65535,2,21,269,1226,0,1,0,69,0,15,1,1,pre_allocation
300,797,normal,0,0,65535_65535,2,21,269,1244,1,1,1,70,1244,15,1,1,allocated
300,797,normal,0,0,65535_65535,2,21,269,1244,0,1,0,70,0,15,1,1,pre_allocation
300,797,normal,0,0,65535_65535,2,21,269,1262,1,1,1,71,1262,15,1,1,allocated
300,797,normal,0,0,65535_65535,2,21,269,1262,0,1,0,71,0,15,1,1,pre_allocation
300,797,normal,0,0,65535_65535,2,21,269,1280,1,1,1,72,1280,15,1,1,allocated
300,797,normal,0,0,65535_65535,2,21,269,1280,0,1,0,72,0,15,1,1,pre_allocation
300,797,normal,0,0,65535_65535,2,21,269,1297,1,1,1,73,1297,15,1,1,allocated
300,797,normal,0,0,65535_65535,2,21,269,1297,0,1,0,73,0,15,1,1,pre_allocation
300,797,normal,0,0,65535_65535,2,21,269,1315,1,1,1,74,1315,15,1,1,allocated
300,797,normal,0,0,65535_65535,2,21,269,1315,0,1,0,74,0,15,1,1,pre_allocation
300,797,normal,0,0,65535_65535,2,21,269,1333,1,1,1,75,1333,15,1,1,allocated
300,797,normal,0,0,65535_65535,2,21,269,1333,0,1,0,75,0,15,1,1,pre_allocation
300,797,normal,0,0,65535_65535,2,21,269,1351,1,1,1,76,1351,15,1,1,allocated
300,797,normal,0,0,65535_65535,2,21,269,1351,0,1,0,76,0,15,1,1,pre_allocation
300,797,normal,0,0,65535_65535,2,21,269,1369,1,1,1,77,1369,15,1,1,allocated
300,797,normal,0,0,65535_65535,2,21,269,1369,0,1,0,77,0,15,1,1,pre_allocation
300,797,normal,0,0,65535_65535,2,21,269,1386,1,1,1,78,1386,15,1,1,allocated
300,797,normal,0,0,65535_65535,2,21,269,1386,0,1,0,78,0,15,1,1,pre_allocation
300,797,normal,0,0,65535_65535,2,21,269,1404,1,1,1,79,1404,15,1,1,allocated
300,797,normal,0,0,65535_65535,2,21,269,1404,0,1,0,79,0,15,1,1,pre_allocation
300,797,normal,0,0,65535_65535,2,21,269,1422,1,1,1,80,1422,15,1,1,allocated
300,797,normal,0,0,65535_65535,2,21,269,1422,0,1,0,80,0,15,1,1,pre_allocation
300,797,normal,0,0,65535_65535,2,21,269,1440,1,1,1,81,1440,15,1,1,allocated
300,797,normal,0,0,65535_65535,2,21,269,1440,0,1,0,81,0,15,1,1,pre_allocation
300,797,normal,0,0,65535_65535,2,21,269,1458,1,1,1,82,1458,15,1,1,allocated
300,797,normal,0,0,65535_65535,2,21,269,1458,0,1,0,82,0,15,1,1,pre_allocation
300,797,normal,0,0,65535_65535,2,21,269,1476,1,1,1,83,1476,15,1,1,allocated
300,797,normal,0,0,65535_65535,2,21,269,1476,0,1,0,83,0,15,1,1,pre_allocation
300,797,normal,0,0,65535_65535,2,21,269,1493,1,1,1,84,1493,15,1,1,allocated
300,797,normal,0,0,65535_65535,2,21,269,1493,0,1,0,84,0,15,1,1,pre_allocation
300,797,normal,0,0,65535_65535,2,21,269,1511,1,1,1,85,1511,15,1,1,allocated
300,797,normal,0,0,65535_65535,2,21,269,1511,0,1,0,85,0,15,1,1,pre_allocation
300,797,normal,0,0,65535_65535,2,21,269,1529,1,1,1,86,1529,15,1,1,allocated
300,797,normal,0,0,65535_65535,2,21,269,1529,0,1,0,86,0,15,1,1,pre_allocation
300,797,normal,0,0,65535_65535,2,21,269,1544,1,1,1,87,1544,15,1,1,allocated
300,797,normal,0,0,65535_65535,2,21,269,1544,0,1,0,87,0,15,1,1,pre_allocation
300,797,normal,0,0,65535_65535,2,21,269,1562,1,1,1,88,1562,15,1,1,allocated
300,797,normal,0,0,65535_65535,2,21,269,1562,0,1,0,88,0,15,1,1,pre_allocation
300,797,normal,0,0,65535_65535,2,21,269,1579,1,1,1,89,1579,15,1,1,allocated
300,797,normal,0,0,65535_65535,2,21,269,1579,0,1,0,89,0,15,1,1,pre_allocation
300,797,normal,0,0,65535_65535,2,21,269,1597,1,1,1,90,1597,15,1,1,allocated
300,797,normal,0,0,65535_65535,2,21,269,1597,0,1,0,90,0,15,1,1,pre_allocation
300,797,normal,0,0,65535_65535,2,21,269,1615,1,1,1,91,1615,15,1,1,allocated
300,797,normal,0,0,65535_65535,2,21,269,1615,0,1,0,91,0,15,1,1,pre_allocation
300,797,normal,0,0,65535_65535,2,21,269,1633,1,1,1,92,1633,15,1,1,allocated
300,797,normal,0,0,65535_65535,2,21,269,1633,0,1,0,92,0,15,1,1,pre_allocation
300,797,normal,0,0,65535_65535,2,21,269,1651,1,1,1,93,1651,15,1,1,allocated
300,797,normal,0,0,65535_65535,2,21,269,1651,0,1,0,93,0,15,1,1,pre_allocation
300,797,normal,0,0,65535_65535,2,21,269,1669,1,1,1,94,1669,15,1,1,allocated
300,797,normal,0,0,65535_65535,2,21,269,1669,0,1,0,94,0,15,1,1,pre_allocation
300,797,normal,0,0,65535_65535,2,21,269,1686,1,1,1,95,1686,15,1,1,allocated
300,797,normal,0,0,65535_65535,2,21,269,1686,0,1,0,95,0,15,1,1,pre_allocation
300,797,normal,0,0,65535_65535,2,21,269,1704,1,1,1,96,1704,15,1,1,allocated
300,797,normal,0,0,65535_65535,2,21,269,1704,0,1,0,96,0,15,1,1,pre_allocation
300,797,normal,0,0,65535_65535,2,21,269,1722,1,1,1,97,1722,15,1,1,allocated
300,797,normal,0,0,65535_65535,2,21,269,1722,0,1,0,97,0,15,1,1,pre_allocation
300,797,normal,0,0,65535_65535,2,21,269,1740,1,1,1,98,1740,15,1,1,allocated
300,797,normal,0,0,65535_65535,2,21,269,1740,0,1,0,98,0,15,1,1,pre_allocation
300,797,normal,0,0,65535_65535,2,21,269,1758,1,1,1,99,1758,15,1,1,allocated
300,797,normal,0,0,65535_65535,2,21,269,1758,0,1,0,99,0,15,1,1,pre_allocation
300,797,normal,0,0,65535_65535,2,21,269,1776,1,1,1,100,1776,15,1,1,allocated
300,797,normal,0,0,65535_65535,2,21,269,1776,0,1,0,100,0,15,1,1,pre_allocation
300,797,normal,0,0,65535_65535,2,21,269,1793,1,1,1,101,1793,15,1,1,allocated
300,797,normal,0,0,65535_65535,2,21,269,1793,0,1,0,101,0,15,1,1,pre_allocation
300,797,normal,0,0,65535_65535,2,21,269,1811,1,1,1,102,1811,15,1,1,allocated
412,895,normal,0,0,65535_65535,0,1,147117,0,0,1,0,0,0,28,1,1,pre_allocation
412,895,normal,0,0,65535_65535,0,1,147117,50,1,1,1,1,50,28,1,1,allocated
412,895,normal,0,0,65535_65535,0,2,153865,0,0,1,0,0,0,28,1,1,pre_allocation
412,895,normal,0,0,65535_65535,0,2,153865,50,1,1,1,1,50,28,1,1,allocated
412,895,normal,0,0,65535_65535,0,3,153984,0,0,1,0,0,0,28,1,1,pre_allocation
412,895,normal,0,0,65535_65535,0,3,153984,50,1,1,1,1,50,28,1,1,allocated
412,895,normal,0,0,65535_65535,0,4,156570,0,0,1,0,0,0,28,1,1,pre_allocation
412,895,normal,0,0,65535_65535,0,4,156570,50,1,1,1,1,50,28,1,1,allocated
412,895,normal,0,0,65535_65535,0,5,158312,0,0,1,0,0,0,28,1,1,pre_allocation
412,895,normal,0,0,65535_65535,0,5,158312,50,1,1,1,1,50,28,1,1,allocated
412,895,normal,0,0,65535_65535,0,1,147117,50,0,1,0,1,0,28,1,1,pre_allocation
412,895,normal,0,0,65535_65535,0,1,147117,103,1,1,1,2,103,28,1,1,allocated
412,895,normal,0,0,65535_65535,0,2,153865,50,0,1,0,1,0,28,1,1,pre_allocation
412,895,normal,0,0,65535_65535,0,2,153865,103,1,1,1,2,103,28,1,1,allocated
412,895,normal,0,0,65535_65535,0,3,153984,50,0,1,0,1,0,28,1,1,pre_allocation
412,895,normal,0,0,65535_65535,0,3,153984,103,1,1,1,2,103,28,1,1,allocated
412,895,normal,0,0,65535_65535,0,4,156570,50,0,1,0,1,0,28,1,1,pre_allocation
412,895,normal,0,0,65535_65535,0,4,156570,103,1,1,1,2,103,28,1,1,allocated
412,895,normal,0,0,65535_65535,0,5,158312,50,0,1,0,1,0,28,1,1,pre_allocation
412,895,normal,0,0,65535_65535,0,5,158312,103,1,1,1,2,103,28,1,1,allocated
412,895,normal,0,0,65535_65535,0,1,147117,103,0,1,0,2,0,28,1,1,pre_allocation
412,895,normal,0,0,65535_65535,0,1,147117,156,1,1,1,3,156,28,1,1,allocated
412,895,normal,0,0,65535_65535,0,2,153865,103,0,1,0,2,0,28,1,1,pre_allocation
412,895,normal,0,0,65535_65535,0,2,153865,156,1,1,1,3,156,28,1,1,allocated
412,895,normal,0,0,65535_65535,0,3,153984,103,0,1,0,2,0,28,1,1,pre_allocation
412,895,normal,0,0,65535_65535,0,3,153984,156,1,1,1,3,156,28,1,1,allocated
412,895,normal,0,0,65535_65535,0,4,156570,103,0,1,0,2,0,28,1,1,pre_allocation
412,895,normal,0,0,65535_65535,0,4,156570,156,1,1,1,3,156,28,1,1,allocated
412,895,normal,0,0,65535_65535,0,5,158312,103,0,1,0,2,0,28,1,1,pre_allocation
412,895,normal,0,0,65535_65535,0,5,158312,156,1,1,1,3,156,28,1,1,allocated
412,895,normal,0,0,65535_65535,0,1,147117,156,0,1,0,3,0,28,1,1,pre_allocation
412,895,normal,0,0,65535_65535,0,1,147117,209,1,1,1,4,209,28,1,1,allocated
412,895,normal,0,0,65535_65535,0,2,153865,156,0,1,0,3,0,28,1,1,pre_allocation
412,895,normal,0,0,65535_65535,0,2,153865,209,1,1,1,4,209,28,1,1,allocated
412,895,normal,0,0,65535_65535,0,3,153984,156,0,1,0,3,0,28,1,1,pre_allocation
412,895,normal,0,0,65535_65535,0,3,153984,209,1,1,1,4,209,28,1,1,allocated
412,895,normal,0,0,65535_65535,0,4,156570,156,0,1,0,3,0,28,1,1,pre_allocation
412,895,normal,0,0,65535_65535,0,4,156570,209,1,1,1,4,209,28,1,1,allocated
412,895,normal,0,0,65535_65535,0,5,158312,156,0,1,0,3,0,28,1,1,pre_allocation
412,895,normal,0,0,65535_65535,0,5,158312,209,1,1,1,4,209,28,1,1,allocated
412,895,normal,0,0,65535_65535,0,1,147117,209,0,1,0,4,0,28,1,1,pre_allocation
412,895,normal,0,0,65535_65535,0,1,147117,262,1,1,1,5,262,28,1,1,allocated
412,895,normal,0,0,65535_65535,0,2,153865,209,0,1,0,4,0,28,1,1,pre_allocation
412,895,normal,0,0,65535_65535,0,2,153865,262,1,1,1,5,262,28,1,1,allocated
412,895,normal,0,0,65535_65535,0,3,153984,209,0,1,0,4,0,28,1,1,pre_allocation
412,895,normal,0,0,65535_65535,0,3,153984,262,1,1,1,5,262,28,1,1,allocated
412,895,normal,0,0,65535_65535,0,4,156570,209,0,1,0,4,0,28,1,1,pre_allocation
412,895,normal,0,0,65535_65535,0,4,156570,262,1,1,1,5,262,28,1,1,allocated
412,895,normal,0,0,65535_65535,0,5,158312,209,0,1,0,4,0,28,1,1,pre_allocation
412,895,normal,0,0,65535_65535,0,5,158312,262,1,1,1,5,262,28,1,1,allocated
412,895,normal,0,0,65535_65535,0,1,147117,262,0,1,0,5,0,28,1,1,pre_allocation
412,895,normal,0,0,65535_65535,0,1,147117,315,1,1,1,6,315,28,1,1,allocated
412,895,normal,0,0,65535_65535,0,2,153865,262,0,1,0,5,0,28,1,1,pre_allocation
412,895,normal,0,0,65535_65535,0,2,153865,315,1,1,1,6,315,28,1,1,allocated
412,895,normal,0,0,65535_65535,0,3,153984,262,0,1,0,5,0,28,1,1,pre_allocation
412,895,normal,0,0,65535_65535,0,3,153984,315,1,1,1,6,315,28,1,1,allocated
412,895,normal,0,0,65535_65535,0,4,156570,262,0,1,0,5,0,28,1,1,pre_allocation
412,895,normal,0,0,65535_65535,0,4,156570,315,1,1,1,6,315,28,1,1,allocated
412,895,normal,0,0,65535_65535,0,5,158312,262,0,1,0,5,0,28,1,1,pre_allocation
412,895,normal,0,0,65535_65535,0,5,158312,315,1,1,1,6,315,28,1,1,allocated
412,895,normal,0,0,65535_65535,0,1,147117,315,0,1,0,6,0,28,1,1,pre_allocation
412,895,normal,0,0,65535_65535,0,1,147117,368,1,1,1,7,368,28,1,1,allocated
412,895,normal,0,0,65535_65535,0,2,153865,315,0,1,0,6,0,28,1,1,pre_allocation
412,895,normal,0,0,65535_65535,0,2,153865,368,1,1,1,7,368,28,1,1,allocated
412,895,normal,0,0,65535_65535,0,3,153984,315,0,1,0,6,0,28,1,1,pre_allocation
412,895,normal,0,0,65535_65535,0,3,153984,368,1,1,1,7,368,28,1,1,allocated
412,895,normal,0,0,65535_65535,0,4,156570,315,0,1,0,6,0,28,1,1,pre_allocation
412,895,normal,0,0,65535_65535,0,4,156570,368,1,1,1,7,368,28,1,1,allocated
412,895,normal,0,0,65535_65535,0,5,158312,315,0,1,0,6,0,28,1,1,pre_allocation
412,895,normal,0,0,65535_65535,0,5,158312,368,1,1,1,7,368,28,1,1,allocated
412,895,normal,0,0,65535_65535,0,1,147117,368,0,1,0,7,0,28,1,1,pre_allocation
412,895,normal,0,0,65535_65535,0,1,147117,422,1,1,1,8,422,28,1,1,allocated
412,895,normal,0,0,65535_65535,0,2,153865,368,0,1,0,7,0,28,1,1,pre_allocation
412,895,normal,0,0,65535_65535,0,2,153865,422,1,1,1,8,422,28,1,1,allocated
412,895,normal,0,0,65535_65535,0,3,153984,368,0,1,0,7,0,28,1,1,pre_allocation
412,895,normal,0,0,65535_65535,0,3,153984,422,1,1,1,8,422,28,1,1,allocated
412,895,normal,0,0,65535_65535,0,4,156570,368,0,1,0,7,0,28,1,1,pre_allocation
412,895,normal,0,0,65535_65535,0,4,156570,422,1,1,1,8,422,28,1,1,allocated
412,895,normal,0,0,65535_65535,0,5,158312,368,0,1,0,7,0,28,1,1,pre_allocation
412,895,normal,0,0,65535_65535,0,5,158312,422,1,1,1,8,422,28,1,1,allocated
412,895,normal,0,0,65535_65535,0,1,147117,422,0,1,0,8,0,28,1,1,pre_allocation
412,895,normal,0,0,65535_65535,0,1,147117,475,1,1,1,9,475,28,1,1,allocated
412,895,normal,0,0,65535_65535,0,2,153865,422,0,1,0,8,0,28,1,1,pre_allocation
412,895,normal,0,0,65535_65535,0,2,153865,475,1,1,1,9,475,28,1,1,allocated
412,895,normal,0,0,65535_65535,0,3,153984,422,0,1,0,8,0,28,1,1,pre_allocation
412,895,normal,0,0,65535_65535,0,3,153984,475,1,1,1,9,475,28,1,1,allocated
412,895,normal,0,0,65535_65535,0,4,156570,422,0,1,0,8,0,28,1,1,pre_allocation
412,895,normal,0,0,65535_65535,0,4,156570,475,1,1,1,9,475,28,1,1,allocated
412,895,normal,0,0,65535_65535,0,5,158312,422,0,1,0,8,0,28,1,1,pre_allocation
412,895,normal,0,0,65535_65535,0,5,158312,475,1,1,1,9,475,28,1,1,allocated
412,895,normal,0,0,65535_65535,0,1,147117,475,0,1,0,9,0,28,1,1,pre_allocation
412,895,normal,0,0,65535_65535,0,1,147117,528,1,1,1,10,528,28,1,1,allocated
412,895,normal,0,0,65535_65535,0,2,153865,475,0,1,0,9,0,28,1,1,pre_allocation
412,895,normal,0,0,65535_65535,0,2,153865,528,1,1,1,10,528,28,1,1,allocated
412,895,normal,0,0,65535_65535,0,3,153984,475,0,1,0,9,0,28,1,1,pre_allocation
412,895,normal,0,0,65535_65535,0,3,153984,528,1,1,1,10,528,28,1,1,allocated
412,895,normal,0,0,65535_65535,0,4,156570,475,0,1,0,9,0,28,1,1,pre_allocation
412,895,normal,0,0,65535_65535,0,4,156570,528,1,1,1,10,528,28,1,1,allocated
412,895,normal,0,0,65535_65535,0,5,158312,475,0,1,0,9,0,28,1,1,pre_allocation
412,895,normal,0,0,65535_65535,0,5,158312,528,1,1,1,10,528,28,1,1,allocated
412,895,normal,0,0,65535_65535,0,1,147117,528,0,1,0,10,0,28,1,1,pre_allocation
412,895,normal,0,0,65535_65535,0,1,147117,581,1,1,1,11,581,28,1,1,allocated
412,895,normal,0,0,65535_65535,0,2,153865,528,0,1,0,10,0,28,1,1,pre_allocation
412,895,normal,0,0,65535_65535,0,2,153865,581,1,1,1,11,581,28,1,1,allocated
412,895,normal,0,0,65535_65535,0,3,153984,528,0,1,0,10,0,28,1,1,pre_allocation
412,895,normal,0,0,65535_65535,0,3,153984,581,1,1,1,11,581,28,1,1,allocated
412,895,normal,0,0,65535_65535,0,4,156570,528,0,1,0,10,0,28,1,1,pre_allocation
412,895,normal,0,0,65535_65535,0,4,156570,581,1,1,1,11,581,28,1,1,allocated
412,895,normal,0,0,65535_65535,0,5,158312,528,0,1,0,10,0,28,1,1,pre_allocation
412,895,normal,0,0,65535_65535,0,5,158312,581,1,1,1,11,581,28,1,1,allocated
412,895,normal,0,0,65535_65535,0,1,147117,581,0,1,0,11,0,28,1,1,pre_allocation
412,895,normal,0,0,65535_65535,0,1,147117,634,1,1,1,12,634,28,1,1,allocated
412,895,normal,0,0,65535_65535,0,2,153865,581,0,1,0,11,0,28,1,1,pre_allocation
412,895,normal,0,0,65535_65535,0,2,153865,634,1,1,1,12,634,28,1,1,allocated
412,895,normal,0,0,65535_65535,0,3,153984,581,0,1,0,11,0,28,1,1,pre_allocation
412,895,normal,0,0,65535_65535,0,3,153984,634,1,1,1,12,634,28,1,1,allocated
412,895,normal,0,0,65535_65535,0,4,156570,581,0,1,0,11,0,28,1,1,pre_allocation
412,895,normal,0,0,65535_65535,0,4,156570,634,1,1,1,12,634,28,1,1,allocated
412,895,normal,0,0,65535_65535,0,5,158312,581,0,1,0,11,0,28,1,1,pre_allocation
412,895,normal,0,0,65535_65535,0,5,158312,634,1,1,1,12,634,28,1,1,allocated
412,895,normal,0,0,65535_65535,0,1,147117,634,0,1,0,12,0,28,1,1,pre_allocation
412,895,normal,0,0,65535_65535,0,1,147117,687,1,1,1,13,687,28,1,1,allocated
412,895,normal,0,0,65535_65535,0,2,153865,634,0,1,0,12,0,28,1,1,pre_allocation
412,895,normal,0,0,65535_65535,0,2,153865,687,1,1,1,13,687,28,1,1,allocated
412,895,normal,0,0,65535_65535,0,3,153984,634,0,1,0,12,0,28,1,1,pre_allocation
412,895,normal,0,0,65535_65535,0,3,153984,687,1,1,1,13,687,28,1,1,allocated
412,895,normal,0,0,65535_65535,0,4,156570,634,0,1,0,12,0,28,1,1,pre_allocation
412,895,normal,0,0,65535_65535,0,4,156570,687,1,1,1,13,687,28,1,1,allocated
412,895,normal,0,0,65535_65535,0,5,158312,634,0,1,0,12,0,28,1,1,pre_allocation
412,895,normal,0,0,65535_65535,0,5,158312,687,1,1,1,13,687,28,1,1,allocated
412,895,normal,0,0,65535_65535,0,1,147117,687,0,1,0,13,0,28,1,1,pre_allocation
412,895,normal,0,0,65535_65535,0,1,147117,740,1,1,1,14,740,28,1,1,allocated
412,895,normal,0,0,65535_65535,0,2,153865,687,0,1,0,13,0,28,1,1,pre_allocation
412,895,normal,0,0,65535_65535,0,2,153865,740,1,1,1,14,740,28,1,1,allocated
412,895,normal,0,0,65535_65535,0,3,153984,687,0,1,0,13,0,28,1,1,pre_allocation
412,895,normal,0,0,65535_65535,0,3,153984,740,1,1,1,14,740,28,1,1,allocated
412,895,normal,0,0,65535_65535,0,4,156570,687,0,1,0,13,0,28,1,1,pre_allocation
412,895,normal,0,0,65535_65535,0,4,156570,740,1,1,1,14,740,28,1,1,allocated
412,895,normal,0,0,65535_65535,0,5,158312,687,0,1,0,13,0,28,1,1,pre_allocation
412,895,normal,0,0,65535_65535,0,5,158312,740,1,1,1,14,740,28,1,1,allocated
412,895,normal,0,0,65535_65535,0,1,147117,740,0,1,0,14,0,28,1,1,pre_allocation
412,895,normal,0,0,65535_65535,0,1,147117,793,1,1,1,15,793,28,1,1,allocated
412,895,normal,0,0,65535_65535,0,2,153865,740,0,1,0,14,0,28,1,1,pre_allocation
412,895,normal,0,0,65535_65535,0,2,153865,793,1,1,1,15,793,28,1,1,allocated
412,895,normal,0,0,65535_65535,0,3,153984,740,0,1,0,14,0,28,1,1,pre_allocation
412,895,normal,0,0,65535_65535,0,3,153984,793,1,1,1,15,793,28,1,1,allocated
412,895,normal,0,0,65535_65535,0,4,156570,740,0,1,0,14,0,28,1,1,pre_allocation
412,895,normal,0,0,65535_65535,0,4,156570,793,1,1,1,15,793,28,1,1,allocated
412,895,normal,0,0,65535_65535,0,5,158312,740,0,1,0,14,0,28,1,1,pre_allocation
412,895,normal,0,0,65535_65535,0,5,158312,793,1,1,1,15,793,28,1,1,allocated
412,895,normal,0,0,65535_65535,0,1,147117,793,0,1,0,15,0,28,1,1,pre_allocation
412,895,normal,0,0,65535_65535,0,1,147117,847,1,1,1,16,847,28,1,1,allocated
412,895,normal,0,0,65535_65535,0,2,153865,793,0,1,0,15,0,28,1,1,pre_allocation
412,895,normal,0,0,65535_65535,0,2,153865,847,1,1,1,16,847,28,1,1,allocated
412,895,normal,0,0,65535_65535,0,3,153984,793,0,1,0,15,0,28,1,1,pre_allocation
412,895,normal,0,0,65535_65535,0,3,153984,847,1,1,1,16,847,28,1,1,allocated
412,895,normal,0,0,65535_65535,0,4,156570,793,0,1,0,15,0,28,1,1,pre_allocation
412,895,normal,0,0,65535_65535,0,4,156570,847,1,1,1,16,847,28,1,1,allocated
412,895,normal,0,0,65535_65535,0,5,158312,793,0,1,0,15,0,28,1,1,pre_allocation
412,895,normal,0,0,65535_65535,0,5,158312,847,1,1,1,16,847,28,1,1,allocated
412,895,normal,0,0,65535_65535,0,1,147117,847,0,1,0,16,0,28,1,1,pre_allocation
412,895,normal,0,0,65535_65535,0,1,147117,900,1,1,1,17,900,28,1,1,allocated
412,895,normal,0,0,65535_65535,0,2,153865,847,0,1,0,16,0,28,1,1,pre_allocation
412,895,normal,0,0,65535_65535,0,2,153865,900,1,1,1,17,900,28,1,1,allocated
412,895,normal,0,0,65535_65535,0,3,153984,847,0,1,0,16,0,28,1,1,pre_allocation
412,895,normal,0,0,65535_65535,0,3,153984,900,1,1,1,17,900,28,1,1,allocated
412,895,normal,0,0,65535_65535,0,4,156570,847,0,1,0,16,0,28,1,1,pre_allocation
412,895,normal,0,0,65535_65535,0,4,156570,900,1,1,1,17,900,28,1,1,allocated
412,895,normal,0,0,65535_65535,1,6,87,0,0,1,0,0,0,15,1,1,pre_allocation
412,895,normal,0,0,65535_65535,1,6,87,17,1,1,1,1,17,15,1,1,allocated
412,895,normal,0,0,65535_65535,1,7,661,0,0,1,0,0,0,15,1,1,pre_allocation
412,895,normal,0,0,65535_65535,1,7,661,17,1,1,1,1,17,15,1,1,allocated
412,895,normal,0,0,65535_65535,1,8,87,0,0,1,0,0,0,28,1,1,pre_allocation
412,895,normal,0,0,65535_65535,1,8,87,50,1,1,1,1,50,28,1,1,allocated
412,895,normal,0,0,65535_65535,1,9,87,0,0,1,0,0,0,28,1,1,pre_allocation
412,895,normal,0,0,65535_65535,1,9,87,50,1,1,1,1,50,28,1,1,allocated
412,895,normal,0,0,65535_65535,1,10,87,0,0,1,0,0,0,28,1,1,pre_allocation
412,895,normal,0,0,65535_65535,1,10,87,50,1,1,1,1,50,28,1,1,allocated
412,895,normal,0,0,65535_65535,1,6,87,17,0,1,0,1,0,15,1,1,pre_allocation
412,895,normal,0,0,65535_65535,1,6,87,38,1,1,1,2,38,15,1,1,allocated
412,895,normal,0,0,65535_65535,1,7,661,17,0,1,0,1,0,15,1,1,pre_allocation
412,895,normal,0,0,65535_65535,1,7,661,38,1,1,1,2,38,15,1,1,allocated
412,895,normal,0,0,65535_65535,1,8,87,50,0,1,0,1,0,28,1,1,pre_allocation
412,895,normal,0,0,65535_65535,1,8,87,103,1,1,1,2,103,28,1,1,allocated
412,895,normal,0,0,65535_65535,1,9,87,50,0,1,0,1,0,28,1,1,pre_allocation
412,895,normal,0,0,65535_65535,1,9,87,103,1,1,1,2,103,28,1,1,allocated
412,895,normal,0,0,65535_65535,1,10,87,50,0,1,0,1,0,28,1,1,pre_allocation
412,895,normal,0,0,65535_65535,1,10,87,103,1,1,1,2,103,28,1,1,allocated
412,895,normal,0,0,65535_65535,1,6,87,38,0,1,0,2,0,15,1,1,pre_allocation
412,895,normal,0,0,65535_65535,1,6,87,59,1,1,1,3,59,15,1,1,allocated
412,895,normal,0,0,65535_65535,1,7,661,38,0,1,0,2,0,15,1,1,pre_allocation
412,895,normal,0,0,65535_65535,1,7,661,59,1,1,1,3,59,15,1,1,allocated
412,895,normal,0,0,65535_65535,1,8,87,103,0,1,0,2,0,28,1,1,pre_allocation
412,895,normal,0,0,65535_65535,1,8,87,156,1,1,1,3,156,28,1,1,allocated
412,895,normal,0,0,65535_65535,1,9,87,103,0,1,0,2,0,28,1,1,pre_allocation
412,895,normal,0,0,65535_65535,1,9,87,156,1,1,1,3,156,28,1,1,allocated
412,895,normal,0,0,65535_65535,1,10,87,103,0,1,0,2,0,28,1,1,pre_allocation
412,895,normal,0,0,65535_65535,1,10,87,156,1,1,1,3,156,28,1,1,allocated
412,895,normal,0,0,65535_65535,1,6,87,59,0,1,0,3,0,15,1,1,pre_allocation
412,895,normal,0,0,65535_65535,1,6,87,80,1,1,1,4,80,15,1,1,allocated
412,895,normal,0,0,65535_65535,1,7,661,59,0,1,0,3,0,15,1,1,pre_allocation
412,895,normal,0,0,65535_65535,1,7,661,80,1,1,1,4,80,15,1,1,allocated
412,895,normal,0,0,65535_65535,1,8,87,156,0,1,0,3,0,28,1,1,pre_allocation
412,895,normal,0,0,65535_65535,1,8,87,209,1,1,1,4,209,28,1,1,allocated
412,895,normal,0,0,65535_65535,1,9,87,156,0,1,0,3,0,28,1,1,pre_allocation
412,895,normal,0,0,65535_65535,1,9,87,209,1,1,1,4,209,28,1,1,allocated
412,895,normal,0,0,65535_65535,1,10,87,156,0,1,0,3,0,28,1,1,pre_allocation
412,895,normal,0,0,65535_65535,1,10,87,209,1,1,1,4,209,28,1,1,allocated
412,895,normal,0,0,65535_65535,1,6,87,80,0,1,0,4,0,15,1,1,pre_allocation
412,895,normal,0,0,65535_65535,1,6,87,100,1,1,1,5,100,15,1,1,allocated
412,895,normal,0,0,65535_65535,1,7,661,80,0,1,0,4,0,15,1,1,pre_allocation
412,895,normal,0,0,65535_65535,1,7,661,100,1,1,1,5,100,15,1,1,allocated
412,895,normal,0,0,65535_65535,1,8,87,209,0,1,0,4,0,28,1,1,pre_allocation
412,895,normal,0,0,65535_65535,1,8,87,262,1,1,1,5,262,28,1,1,allocated
412,895,normal,0,0,65535_65535,1,9,87,209,0,1,0,4,0,28,1,1,pre_allocation
412,895,normal,0,0,65535_65535,1,9,87,262,1,1,1,5,262,28,1,1,allocated
412,895,normal,0,0,65535_65535,1,10,87,209,0,1,0,4,0,28,1,1,pre_allocation
412,895,normal,0,0,65535_65535,1,10,87,262,1,1,1,5,262,28,1,1,allocated
412,895,normal,0,0,65535_65535,1,6,87,100,0,1,0,5,0,15,1,1,pre_allocation
412,895,normal,0,0,65535_65535,1,6,87,121,1,1,1,6,121,15,1,1,allocated
412,895,normal,0,0,65535_65535,1,7,661,100,0,1,0,5,0,15,1,1,pre_allocation
412,895,normal,0,0,65535_65535,1,7,661,121,1,1,1,6,121,15,1,1,allocated
412,895,normal,0,0,65535_65535,1,8,87,262,0,1,0,5,0,28,1,1,pre_allocation
412,895,normal,0,0,65535_65535,1,8,87,315,1,1,1,6,315,28,1,1,allocated
412,895,normal,0,0,65535_65535,1,9,87,262,0,1,0,5,0,28,1,1,pre_allocation
412,895,normal,0,0,65535_65535,1,9,87,315,1,1,1,6,315,28,1,1,allocated
412,895,normal,0,0,65535_65535,1,10,87,262,0,1,0,5,0,28,1,1,pre_allocation
412,895,normal,0,0,65535_65535,1,10,87,315,1,1,1,6,315,28,1,1,allocated
412,895,normal,0,0,65535_65535,1,6,87,121,0,1,0,6,0,15,1,1,pre_allocation
412,895,normal,0,0,65535_65535,1,6,87,142,1,1,1,7,142,15,1,1,allocated
412,895,normal,0,0,65535_65535,1,7,661,121,0,1,0,6,0,15,1,1,pre_allocation
412,895,normal,0,0,65535_65535,1,7,661,142,1,1,1,7,142,15,1,1,allocated
412,895,normal,0,0,65535_65535,1,8,87,315,0,1,0,6,0,28,1,1,pre_allocation
412,895,normal,0,0,65535_65535,1,8,87,368,1,1,1,7,368,28,1,1,allocated
412,895,normal,0,0,65535_65535,1,9,87,315,0,1,0,6,0,28,1,1,pre_allocation
412,895,normal,0,0,65535_65535,1,9,87,368,1,1,1,7,368,28,1,1,allocated
412,895,normal,0,0,65535_65535,1,10,87,315,0,1,0,6,0,28,1,1,pre_allocation
412,895,normal,0,0,65535_65535,1,10,87,368,1,1,1,7,368,28,1,1,allocated
412,895,normal,0,0,65535_65535,1,6,87,142,0,1,0,7,0,15,1,1,pre_allocation
412,895,normal,0,0,65535_65535,1,6,87,163,1,1,1,8,163,15,1,1,allocated
412,895,normal,0,0,65535_65535,1,7,661,142,0,1,0,7,0,15,1,1,pre_allocation
412,895,normal,0,0,65535_65535,1,7,661,163,1,1,1,8,163,15,1,1,allocated
412,895,normal,0,0,65535_65535,1,8,87,368,0,1,0,7,0,28,1,1,pre_allocation
412,895,normal,0,0,65535_65535,1,8,87,422,1,1,1,8,422,28,1,1,allocated
412,895,normal,0,0,65535_65535,1,9,87,368,0,1,0,7,0,28,1,1,pre_allocation
412,895,normal,0,0,65535_65535,1,9,87,422,1,1,1,8,422,28,1,1,allocated
412,895,normal,0,0,65535_65535,1,10,87,368,0,1,0,7,0,28,1,1,pre_allocation
412,895,normal,0,0,65535_65535,1,10,87,422,1,1,1,8,422,28,1,1,allocated
412,895,normal,0,0,65535_65535,1,6,87,163,0,1,0,8,0,15,1,1,pre_allocation
412,895,normal,0,0,65535_65535,1,6,87,184,1,1,1,9,184,15,1,1,allocated
412,895,normal,0,0,65535_65535,1,7,661,163,0,1,0,8,0,15,1,1,pre_allocation
412,895,normal,0,0,65535_65535,1,7,661,184,1,1,1,9,184,15,1,1,allocated
412,895,normal,0,0,65535_65535,1,8,87,422,0,1,0,8,0,28,1,1,pre_allocation
412,895,normal,0,0,65535_65535,1,8,87,475,1,1,1,9,475,28,1,1,allocated
412,895,normal,0,0,65535_65535,1,9,87,422,0,1,0,8,0,28,1,1,pre_allocation
412,895,normal,0,0,65535_65535,1,9,87,475,1,1,1,9,475,28,1,1,allocated
412,895,normal,0,0,65535_65535,1,10,87,422,0,1,0,8,0,28,1,1,pre_allocation
412,895,normal,0,0,65535_65535,1,10,87,475,1,1,1,9,475,28,1,1,allocated
412,895,normal,0,0,65535_65535,1,6,87,184,0,1,0,9,0,15,1,1,pre_allocation
412,895,normal,0,0,65535_65535,1,6,87,204,1,1,1,10,204,15,1,1,allocated
412,895,normal,0,0,65535_65535,1,7,661,184,0,1,0,9,0,15,1,1,pre_allocation
412,895,normal,0,0,65535_65535,1,7,661,204,1,1,1,10,204,15,1,1,allocated
412,895,normal,0,0,65535_65535,1,8,87,475,0,1,0,9,0,28,1,1,pre_allocation
412,895,normal,0,0,65535_65535,1,8,87,528,1,1,1,10,528,28,1,1,allocated
412,895,normal,0,0,65535_65535,1,9,87,475,0,1,0,9,0,28,1,1,pre_allocation
412,895,normal,0,0,65535_65535,1,9,87,528,1,1,1,10,528,28,1,1,allocated
412,895,normal,0,0,65535_65535,1,10,87,475,0,1,0,9,0,28,1,1,pre_allocation
412,895,normal,0,0,65535_65535,1,10,87,528,1,1,1,10,528,28,1,1,allocated
412,895,normal,0,0,65535_65535,1,6,87,204,0,1,0,10,0,15,1,1,pre_allocation
412,895,normal,0,0,65535_65535,1,6,87,225,1,1,1,11,225,15,1,1,allocated
412,895,normal,0,0,65535_65535,1,7,661,204,0,1,0,10,0,15,1,1,pre_allocation
412,895,normal,0,0,65535_65535,1,7,661,225,1,1,1,11,225,15,1,1,allocated
412,895,normal,0,0,65535_65535,1,8,87,528,0,1,0,10,0,28,1,1,pre_allocation
412,895,normal,0,0,65535_65535,1,8,87,581,1,1,1,11,581,28,1,1,allocated
412,895,normal,0,0,65535_65535,1,9,87,528,0,1,0,10,0,28,1,1,pre_allocation
412,895,normal,0,0,65535_65535,1,9,87,581,1,1,1,11,581,28,1,1,allocated
412,895,normal,0,0,65535_65535,1,10,87,528,0,1,0,10,0,28,1,1,pre_allocation
412,895,normal,0,0,65535_65535,1,10,87,581,1,1,1,11,581,28,1,1,allocated
412,895,normal,0,0,65535_65535,1,6,87,225,0,1,0,11,0,15,1,1,pre_allocation
412,895,normal,0,0,65535_65535,1,6,87,246,1,1,1,12,246,15,1,1,allocated
412,895,normal,0,0,65535_65535,1,7,661,225,0,1,0,11,0,15,1,1,pre_allocation
412,895,normal,0,0,65535_65535,1,7,661,246,1,1,1,12,246,15,1,1,allocated
412,895,normal,0,0,65535_65535,1,8,87,581,0,1,0,11,0,28,1,1,pre_allocation
412,895,normal,0,0,65535_65535,1,8,87,634,1,1,1,12,634,28,1,1,allocated
412,895,normal,0,0,65535_65535,1,9,87,581,0,1,0,11,0,28,1,1,pre_allocation
412,895,normal,0,0,65535_65535,1,9,87,634,1,1,1,12,634,28,1,1,allocated
412,895,normal,0,0,65535_65535,1,10,87,581,0,1,0,11,0,28,1,1,pre_allocation
412,895,normal,0,0,65535_65535,1,10,87,634,1,1,1,12,634,28,1,1,allocated
412,895,normal,0,0,65535_65535,1,6,87,246,0,1,0,12,0,15,1,1,pre_allocation
412,895,normal,0,0,65535_65535,1,6,87,267,1,1,1,13,267,15,1,1,allocated
412,895,normal,0,0,65535_65535,1,7,661,246,0,1,0,12,0,15,1,1,pre_allocation
412,895,normal,0,0,65535_65535,1,7,661,267,1,1,1,13,267,15,1,1,allocated
412,895,normal,0,0,65535_65535,1,8,87,634,0,1,0,12,0,28,1,1,pre_allocation
412,895,normal,0,0,65535_65535,1,8,87,687,1,1,1,13,687,28,1,1,allocated
412,895,normal,0,0,65535_65535,1,9,87,634,0,1,0,12,0,28,1,1,pre_allocation
412,895,normal,0,0,65535_65535,1,9,87,687,1,1,1,13,687,28,1,1,allocated
412,895,normal,0,0,65535_65535,1,10,87,634,0,1,0,12,0,28,1,1,pre_allocation
412,895,normal,0,0,65535_65535,1,10,87,687,1,1,1,13,687,28,1,1,allocated
412,895,normal,0,0,65535_65535,1,6,87,267,0,1,0,13,0,15,1,1,pre_allocation
412,895,normal,0,0,65535_65535,1,6,87,288,1,1,1,14,288,15,1,1,allocated
412,895,normal,0,0,65535_65535,1,7,661,267,0,1,0,13,0,15,1,1,pre_allocation
412,895,normal,0,0,65535_65535,1,7,661,288,1,1,1,14,288,15,1,1,allocated
412,895,normal,0,0,65535_65535,1,8,87,687,0,1,0,13,0,28,1,1,pre_allocation
412,895,normal,0,0,65535_65535,1,8,87,740,1,1,1,14,740,28,1,1,allocated
412,895,normal,0,0,65535_65535,1,9,87,687,0,1,0,13,0,28,1,1,pre_allocation
412,895,normal,0,0,65535_65535,1,9,87,740,1,1,1,14,740,28,1,1,allocated
412,895,normal,0,0,65535_65535,1,10,87,687,0,1,0,13,0,28,1,1,pre_allocation
412,895,normal,0,0,65535_65535,1,10,87,740,1,1,1,14,740,28,1,1,allocated
412,895,normal,0,0,65535_65535,1,6,87,288,0,1,0,14,0,15,1,1,pre_allocation
412,895,normal,0,0,65535_65535,1,6,87,308,1,1,1,15,308,15,1,1,allocated
412,895,normal,0,0,65535_65535,1,7,661,288,0,1,0,14,0,15,1,1,pre_allocation
412,895,normal,0,0,65535_65535,1,7,661,308,1,1,1,15,308,15,1,1,allocated
412,895,normal,0,0,65535_65535,1,8,87,740,0,1,0,14,0,28,1,1,pre_allocation
412,895,normal,0,0,65535_65535,1,8,87,793,1,1,1,15,793,28,1,1,allocated
412,895,normal,0,0,65535_65535,1,9,87,740,0,1,0,14,0,28,1,1,pre_allocation
412,895,normal,0,0,65535_65535,1,9,87,793,1,1,1,15,793,28,1,1,allocated
412,895,normal,0,0,65535_65535,1,10,87,740,0,1,0,14,0,28,1,1,pre_allocation
412,895,normal,0,0,65535_65535,1,10,87,793,1,1,1,15,793,28,1,1,allocated
412,895,normal,0,0,65535_65535,1,6,87,308,0,1,0,15,0,15,1,1,pre_allocation
412,895,normal,0,0,65535_65535,1,6,87,329,1,1,1,16,329,15,1,1,allocated
412,895,normal,0,0,65535_65535,1,7,661,308,0,1,0,15,0,15,1,1,pre_allocation
412,895,normal,0,0,65535_65535,1,7,661,329,1,1,1,16,329,15,1,1,allocated
412,895,normal,0,0,65535_65535,1,8,87,793,0,1,0,15,0,28,1,1,pre_allocation
412,895,normal,0,0,65535_65535,1,8,87,847,1,1,1,16,847,28,1,1,allocated
412,895,normal,0,0,65535_65535,1,9,87,793,0,1,0,15,0,28,1,1,pre_allocation
412,895,normal,0,0,65535_65535,1,9,87,847,1,1,1,16,847,28,1,1,allocated
412,895,normal,0,0,65535_65535,1,10,87,793,0,1,0,15,0,28,1,1,pre_allocation
412,895,normal,0,0,65535_65535,1,10,87,847,1,1,1,16,847,28,1,1,allocated
412,895,normal,0,0,65535_65535,1,6,87,329,0,1,0,16,0,15,1,1,pre_allocation
412,895,normal,0,0,65535_65535,1,6,87,350,1,1,1,17,350,15,1,1,allocated
412,895,normal,0,0,65535_65535,1,7,661,329,0,1,0,16,0,15,1,1,pre_allocation
412,895,normal,0,0,65535_65535,1,7,661,350,1,1,1,17,350,15,1,1,allocated
412,895,normal,0,0,65535_65535,1,8,87,847,0,1,0,16,0,28,1,1,pre_allocation
412,895,normal,0,0,65535_65535,1,8,87,900,1,1,1,17,900,28,1,1,allocated
412,895,normal,0,0,65535_65535,1,9,87,847,0,1,0,16,0,28,1,1,pre_allocation
412,895,normal,0,0,65535_65535,1,9,87,900,1,1,1,17,900,28,1,1,allocated
412,895,normal,0,0,65535_65535,1,10,87,847,0,1,0,16,0,28,1,1,pre_allocation
412,895,normal,0,0,65535_65535,1,10,87,900,1,1,1,17,900,28,1,1,allocated
412,895,normal,0,0,65535_65535,1,6,87,350,0,1,0,17,0,15,1,1,pre_allocation
412,895,normal,0,0,65535_65535,1,6,87,371,1,1,1,18,371,15,1,1,allocated
412,895,normal,0,0,65535_65535,1,7,661,350,0,1,0,17,0,15,1,1,pre_allocation
412,895,normal,0,0,65535_65535,1,7,661,371,1,1,1,18,371,15,1,1,allocated
412,895,normal,0,0,65535_65535,1,8,87,900,0,1,0,17,0,28,1,1,pre_allocation
412,895,normal,0,0,65535_65535,1,8,87,953,1,1,1,18,953,28,1,1,allocated
412,895,normal,0,0,65535_65535,1,9,87,900,0,1,0,17,0,28,1,1,pre_allocation
412,895,normal,0,0,65535_65535,1,9,87,953,1,1,1,18,953,28,1,1,allocated
412,895,normal,0,0,65535_65535,1,10,87,900,0,1,0,17,0,28,1,1,pre_allocation
412,895,normal,0,0,65535_65535,1,10,87,953,1,1,1,18,953,28,1,1,allocated
412,895,normal,0,0,65535_65535,1,6,87,371,0,1,0,18,0,15,1,1,pre_allocation
412,895,normal,0,0,65535_65535,1,6,87,392,1,1,1,19,392,15,1,1,allocated
412,895,normal,0,0,65535_65535,1,7,661,371,0,1,0,18,0,15,1,1,pre_allocation
412,895,normal,0,0,65535_65535,1,7,661,392,1,1,1,19,392,15,1,1,allocated
412,895,normal,0,0,65535_65535,1,8,87,953,0,1,0,18,0,28,1,1,pre_allocation
412,895,normal,0,0,65535_65535,1,8,87,1006,1,1,1,19,1006,28,1,1,allocated
412,895,normal,0,0,65535_65535,1,9,87,953,0,1,0,18,0,28,1,1,pre_allocation
412,895,normal,0,0,65535_65535,1,9,87,1006,1,1,1,19,1006,28,1,1,allocated
412,895,normal,0,0,65535_65535,1,10,87,953,0,1,0,18,0,28,1,1,pre_allocation
412,895,normal,0,0,65535_65535,1,10,87,1006,1,1,1,19,1006,28,1,1,allocated
412,895,normal,0,0,65535_65535,1,6,87,392,0,1,0,19,0,15,1,1,pre_allocation
412,895,normal,0,0,65535_65535,1,6,87,412,1,1,1,20,412,15,1,1,allocated
412,895,normal,0,0,65535_65535,1,7,661,392,0,1,0,19,0,15,1,1,pre_allocation
412,895,normal,0,0,65535_65535,1,7,661,412,1,1,1,20,412,15,1,1,allocated
412,895,normal,0,0,65535_65535,1,8,87,1006,0,1,0,19,0,28,1,1,pre_allocation
412,895,normal,0,0,65535_65535,1,8,87,1059,1,1,1,20,1059,28,1,1,allocated
412,895,normal,0,0,65535_65535,1,9,87,1006,0,1,0,19,0,28,1,1,pre_allocation
412,895,normal,0,0,65535_65535,1,9,87,1059,1,1,1,20,1059,28,1,1,allocated
412,895,normal,0,0,65535_65535,1,10,87,1006,0,1,0,19,0,28,1,1,pre_allocation
412,895,normal,0,0,65535_65535,1,10,87,1059,1,1,1,20,1059,28,1,1,allocated
412,895,normal,0,0,65535_65535,1,6,87,412,0,1,0,20,0,15,1,1,pre_allocation
412,895,normal,0,0,65535_65535,1,6,87,433,1,1,1,21,433,15,1,1,allocated
412,895,normal,0,0,65535_65535,1,7,661,412,0,1,0,20,0,15,1,1,pre_allocation
412,895,normal,0,0,65535_65535,1,7,661,433,1,1,1,21,433,15,1,1,allocated
412,895,normal,0,0,65535_65535,1,8,87,1059,0,1,0,20,0,28,1,1,pre_allocation
412,895,normal,0,0,65535_65535,1,8,87,1112,1,1,1,21,1112,28,1,1,allocated
412,895,normal,0,0,65535_65535,1,9,87,1059,0,1,0,20,0,28,1,1,pre_allocation
412,895,normal,0,0,65535_65535,1,9,87,1112,1,1,1,21,1112,28,1,1,allocated
412,895,normal,0,0,65535_65535,1,10,87,1059,0,1,0,20,0,28,1,1,pre_allocation
412,895,normal,0,0,65535_65535,1,10,87,1112,1,1,1,21,1112,28,1,1,allocated
412,895,normal,0,0,65535_65535,1,6,87,433,0,1,0,21,0,15,1,1,pre_allocation
412,895,normal,0,0,65535_65535,1,6,87,454,1,1,1,22,454,15,1,1,allocated
412,895,normal,0,0,65535_65535,1,7,661,433,0,1,0,21,0,15,1,1,pre_allocation
412,895,normal,0,0,65535_65535,1,7,661,454,1,1,1,22,454,15,1,1,allocated
412,895,normal,0,0,65535_65535,1,8,87,1112,0,1,0,21,0,28,1,1,pre_allocation
412,895,normal,0,0,65535_65535,1,8,87,1165,1,1,1,22,1165,28,1,1,allocated
412,895,normal,0,0,65535_65535,1,9,87,1112,0,1,0,21,0,28,1,1,pre_allocation
412,895,normal,0,0,65535_65535,1,9,87,1165,1,1,1,22,1165,28,1,1,allocated
412,895,normal,0,0,65535_65535,1,10,87,1112,0,1,0,21,0,28,1,1,pre_allocation
412,895,normal,0,0,65535_65535,1,10,87,1165,1,1,1,22,1165,28,1,1,allocated
412,895,normal,0,0,65535_65535,1,6,87,454,0,1,0,22,0,15,1,1,pre_allocation
412,895,normal,0,0,65535_65535,1,6,87,475,1,1,1,23,475,15,1,1,allocated
412,895,normal,0,0,65535_65535,1,7,661,454,0,1,0,22,0,15,1,1,pre_allocation
412,895,normal,0,0,65535_65535,1,7,661,475,1,1,1,23,475,15,1,1,allocated
412,895,normal,0,0,65535_65535,1,8,87,1165,0,1,0,22,0,28,1,1,pre_allocation
412,895,normal,0,0,65535_65535,1,8,87,1218,1,1,1,23,1218,28,1,1,allocated
412,895,normal,0,0,65535_65535,1,9,87,1165,0,1,0,22,0,28,1,1,pre_allocation
412,895,normal,0,0,65535_65535,1,9,87,1218,1,1,1,23,1218,28,1,1,allocated
412,895,normal,0,0,65535_65535,1,10,87,1165,0,1,0,22,0,28,1,1,pre_allocation
412,895,normal,0,0,65535_65535,1,10,87,1218,1,1,1,23,1218,28,1,1,allocated
412,895,normal,0,0,65535_65535,1,6,87,475,0,1,0,23,0,15,1,1,pre_allocation
412,895,normal,0,0,65535_65535,1,6,87,495,1,1,1,24,495,15,1,1,allocated
412,895,normal,0,0,65535_65535,1,7,661,475,0,1,0,23,0,15,1,1,pre_allocation
412,895,normal,0,0,65535_65535,1,7,661,495,1,1,1,24,495,15,1,1,allocated
412,895,normal,0,0,65535_65535,1,8,87,1218,0,1,0,23,0,28,1,1,pre_allocation
412,895,normal,0,0,65535_65535,1,8,87,1272,1,1,1,24,1272,28,1,1,allocated
412,895,normal,0,0,65535_65535,1,9,87,1218,0,1,0,23,0,28,1,1,pre_allocation
412,895,normal,0,0,65535_65535,1,9,87,1272,1,1,1,24,1272,28,1,1,allocated
412,895,normal,0,0,65535_65535,1,10,87,1218,0,1,0,23,0,28,1,1,pre_allocation
412,895,normal,0,0,65535_65535,1,10,87,1272,1,1,1,24,1272,28,1,1,allocated
412,895,normal,0,0,65535_65535,1,6,87,495,0,1,0,24,0,15,1,1,pre_allocation
412,895,normal,0,0,65535_65535,1,6,87,516,1,1,1,25,516,15,1,1,allocated
412,895,normal,0,0,65535_65535,1,7,661,495,0,1,0,24,0,15,1,1,pre_allocation
412,895,normal,0,0,65535_65535,1,7,661,516,1,1,1,25,516,15,1,1,allocated
412,895,normal,0,0,65535_65535,1,8,87,1272,0,1,0,24,0,28,1,1,pre_allocation
412,895,normal,0,0,65535_65535,1,8,87,1325,1,1,1,25,1325,28,1,1,allocated
412,895,normal,0,0,65535_65535,1,9,87,1272,0,1,0,24,0,28,1,1,pre_allocation
412,895,normal,0,0,65535_65535,1,9,87,1325,1,1,1,25,1325,28,1,1,allocated
412,895,normal,0,0,65535_65535,1,10,87,1272,0,1,0,24,0,28,1,1,pre_allocation
412,895,normal,0,0,65535_65535,1,10,87,1325,1,1,1,25,1325,28,1,1,allocated
412,895,normal,0,0,65535_65535,1,6,87,516,0,1,0,25,0,15,1,1,pre_allocation
412,895,normal,0,0,65535_65535,1,6,87,537,1,1,1,26,537,15,1,1,allocated
412,895,normal,0,0,65535_65535,1,7,661,516,0,1,0,25,0,15,1,1,pre_allocation
412,895,normal,0,0,65535_65535,1,7,661,537,1,1,1,26,537,15,1,1,allocated
412,895,normal,0,0,65535_65535,1,8,87,1325,0,1,0,25,0,28,1,1,pre_allocation
412,895,normal,0,0,65535_65535,1,8,87,1378,1,1,1,26,1378,28,1,1,allocated
412,895,normal,0,0,65535_65535,1,9,87,1325,0,1,0,25,0,28,1,1,pre_allocation
412,895,normal,0,0,65535_65535,1,9,87,1378,1,1,1,26,1378,28,1,1,allocated
412,895,normal,0,0,65535_65535,1,10,87,1325,0,1,0,25,0,28,1,1,pre_allocation
412,895,normal,0,0,65535_65535,1,10,87,1378,1,1,1,26,1378,28,1,1,allocated
412,895,normal,0,0,65535_65535,1,6,87,537,0,1,0,26,0,15,1,1,pre_allocation
412,895,normal,0,0,65535_65535,1,6,87,558,1,1,1,27,558,15,1,1,allocated
412,895,normal,0,0,65535_65535,1,7,661,537,0,1,0,26,0,15,1,1,pre_allocation
412,895,normal,0,0,65535_65535,1,7,661,558,1,1,1,27,558,15,1,1,allocated
412,895,normal,0,0,65535_65535,1,8,87,1378,0,1,0,26,0,28,1,1,pre_allocation
412,895,normal,0,0,65535_65535,1,8,87,1431,1,1,1,27,1431,28,1,1,allocated
412,895,normal,0,0,65535_65535,2,27,1507,0,0,1,0,0,0,15,1,1,pre_allocation
412,895,normal,0,0,65535_65535,2,27,1507,17,1,1,1,1,17,15,1,1,allocated
412,895,normal,0,0,65535_65535,2,26,137,0,0,1,0,0,0,28,1,1,pre_allocation
412,895,normal,0,0,65535_65535,2,26,137,50,1,1,1,1,50,28,1,1,allocated
412,895,normal,0,0,65535_65535,2,24,137,0,0,1,0,0,0,28,1,1,pre_allocation
412,895,normal,0,0,65535_65535,2,24,137,50,1,1,1,1,50,28,1,1,allocated
412,895,normal,0,0,65535_65535,2,11,137,0,0,1,0,0,0,10,1,1,pre_allocation
412,895,normal,0,0,65535_65535,2,11,137,8,1,1,1,1,8,10,1,1,allocated
412,895,normal,0,0,65535_65535,2,12,137,0,0,1,0,0,0,28,1,1,pre_allocation
412,895,normal,0,0,65535_65535,2,12,137,50,1,1,1,1,50,28,1,1,allocated
412,895,normal,0,0,65535_65535,2,13,137,0,0,1,0,0,0,10,1,1,pre_allocation
412,895,normal,0,0,65535_65535,2,13,137,8,1,1,1,1,8,10,1,1,allocated
412,895,normal,0,0,65535_65535,2,27,1507,17,0,1,0,1,0,15,1,1,pre_allocation
412,895,normal,0,0,65535_65535,2,27,1507,38,1,1,1,2,38,15,1,1,allocated
412,895,normal,0,0,65535_65535,2,26,137,50,0,1,0,1,0,28,1,1,pre_allocation
412,895,normal,0,0,65535_65535,2,26,137,103,1,1,1,2,103,28,1,1,allocated
412,895,normal,0,0,65535_65535,2,24,137,50,0,1,0,1,0,28,1,1,pre_allocation
412,895,normal,0,0,65535_65535,2,24,137,103,1,1,1,2,103,28,1,1,allocated
412,895,normal,0,0,65535_65535,2,11,137,8,0,1,0,1,0,10,1,1,pre_allocation
412,895,normal,0,0,65535_65535,2,11,137,20,1,1,1,2,20,10,1,1,allocated
412,895,normal,0,0,65535_65535,2,12,137,50,0,1,0,1,0,28,1,1,pre_allocation
412,895,normal,0,0,65535_65535,2,12,137,103,1,1,1,2,103,28,1,1,allocated
412,895,normal,0,0,65535_65535,2,13,137,8,0,1,0,1,0,10,1,1,pre_allocation
412,895,normal,0,0,65535_65535,2,13,137,20,1,1,1,2,20,10,1,1,allocated
412,895,normal,0,0,65535_65535,2,27,1507,38,0,1,0,2,0,15,1,1,pre_allocation
412,895,normal,0,0,65535_65535,2,27,1507,59,1,1,1,3,59,15,1,1,allocated
412,895,normal,0,0,65535_65535,2,26,137,103,0,1,0,2,0,28,1,1,pre_allocation
412,895,normal,0,0,65535_65535,2,26,137,156,1,1,1,3,156,28,1,1,allocated
412,895,normal,0,0,65535_65535,2,24,137,103,0,1,0,2,0,28,1,1,pre_allocation
412,895,normal,0,0,65535_65535,2,24,137,156,1,1,1,3,156,28,1,1,allocated
412,895,normal,0,0,65535_65535,2,11,137,20,0,1,0,2,0,10,1,1,pre_allocation
412,895,normal,0,0,65535_65535,2,11,137,31,1,1,1,3,31,10,1,1,allocated
412,895,normal,0,0,65535_65535,2,12,137,103,0,1,0,2,0,28,1,1,pre_allocation
412,895,normal,0,0,65535_65535,2,12,137,156,1,1,1,3,156,28,1,1,allocated
412,895,normal,0,0,65535_65535,2,13,137,20,0,1,0,2,0,10,1,1,pre_allocation
412,895,normal,0,0,65535_65535,2,13,137,31,1,1,1,3,31,10,1,1,allocated
412,895,normal,0,0,65535_65535,2,27,1507,59,0,1,0,3,0,15,1,1,pre_allocation
412,895,normal,0,0,65535_65535,2,27,1507,80,1,1,1,4,80,15,1,1,allocated
412,895,normal,0,0,65535_65535,2,26,137,156,0,1,0,3,0,28,1,1,pre_allocation
412,895,normal,0,0,65535_65535,2,26,137,209,1,1,1,4,209,28,1,1,allocated
412,895,normal,0,0,65535_65535,2,24,137,156,0,1,0,3,0,28,1,1,pre_allocation
412,895,normal,0,0,65535_65535,2,24,137,209,1,1,1,4,209,28,1,1,allocated
412,895,normal,0,0,65535_65535,2,11,137,31,0,1,0,3,0,10,1,1,pre_allocation
412,895,normal,0,0,65535_65535,2,11,137,43,1,1,1,4,43,10,1,1,allocated
412,895,normal,0,0,65535_65535,2,12,137,156,0,1,0,3,0,28,1,1,pre_allocation
412,895,normal,0,0,65535_65535,2,12,137,209,1,1,1,4,209,28,1,1,allocated
412,895,normal,0,0,65535_65535,2,13,137,31,0,1,0,3,0,10,1,1,pre_allocation
412,895,normal,0,0,65535_65535,2,13,137,43,1,1,1,4,43,10,1,1,allocated
412,895,normal,0,0,65535_65535,2,27,1507,80,0,1,0,4,0,15,1,1,pre_allocation
412,895,normal,0,0,65535_65535,2,27,1507,100,1,1,1,5,100,15,1,1,allocated
412,895,normal,0,0,65535_65535,2,26,137,209,0,1,0,4,0,28,1,1,pre_allocation
412,895,normal,0,0,65535_65535,2,26,137,262,1,1,1,5,262,28,1,1,allocated
412,895,normal,0,0,65535_65535,2,24,137,209,0,1,0,4,0,28,1,1,pre_allocation
412,895,normal,0,0,65535_65535,2,24,137,262,1,1,1,5,262,28,1,1,allocated
412,895,normal,0,0,65535_65535,2,11,137,43,0,1,0,4,0,10,1,1,pre_allocation
412,895,normal,0,0,65535_65535,2,11,137,54,1,1,1,5,54,10,1,1,allocated
412,895,normal,0,0,65535_65535,2,12,137,209,0,1,0,4,0,28,1,1,pre_allocation
412,895,normal,0,0,65535_65535,2,12,137,262,1,1,1,5,262,28,1,1,allocated
412,895,normal,0,0,65535_65535,2,13,137,43,0,1,0,4,0,10,1,1,pre_allocation
412,895,normal,0,0,65535_65535,2,13,137,54,1,1,1,5,54,10,1,1,allocated
412,895,normal,0,0,65535_65535,2,27,1507,100,0,1,0,5,0,15,1,1,pre_allocation
412,895,normal,0,0,65535_65535,2,27,1507,121,1,1,1,6,121,15,1,1,allocated
412,895,normal,0,0,65535_65535,2,26,137,262,0,1,0,5,0,28,1,1,pre_allocation
412,895,normal,0,0,65535_65535,2,26,137,315,1,1,1,6,315,28,1,1,allocated
412,895,normal,0,0,65535_65535,2,24,137,262,0,1,0,5,0,28,1,1,pre_allocation
412,895,normal,0,0,65535_65535,2,24,137,315,1,1,1,6,315,28,1,1,allocated
412,895,normal,0,0,65535_65535,2,11,137,54,0,1,0,5,0,10,1,1,pre_allocation
412,895,normal,0,0,65535_65535,2,11,137,66,1,1,1,6,66,10,1,1,allocated
412,895,normal,0,0,65535_65535,2,12,137,262,0,1,0,5,0,28,1,1,pre_allocation
412,895,normal,0,0,65535_65535,2,12,137,315,1,1,1,6,315,28,1,1,allocated
412,895,normal,0,0,65535_65535,2,13,137,54,0,1,0,5,0,10,1,1,pre_allocation
412,895,normal,0,0,65535_65535,2,13,137,66,1,1,1,6,66,10,1,1,allocated
412,895,normal,0,0,65535_65535,2,27,1507,121,0,1,0,6,0,15,1,1,pre_allocation
412,895,normal,0,0,65535_65535,2,27,1507,142,1,1,1,7,142,15,1,1,allocated
412,895,normal,0,0,65535_65535,2,26,137,315,0,1,0,6,0,28,1,1,pre_allocation
412,895,normal,0,0,65535_65535,2,26,137,368,1,1,1,7,368,28,1,1,allocated
412,895,normal,0,0,65535_65535,2,24,137,315,0,1,0,6,0,28,1,1,pre_allocation
412,895,normal,0,0,65535_65535,2,24,137,368,1,1,1,7,368,28,1,1,allocated
412,895,normal,0,0,65535_65535,2,11,137,66,0,1,0,6,0,10,1,1,pre_allocation
412,895,normal,0,0,65535_65535,2,11,137,77,1,1,1,7,77,10,1,1,allocated
412,895,normal,0,0,65535_65535,2,12,137,315,0,1,0,6,0,28,1,1,pre_allocation
412,895,normal,0,0,65535_65535,2,12,137,368,1,1,1,7,368,28,1,1,allocated
412,895,normal,0,0,65535_65535,2,13,137,66,0,1,0,6,0,10,1,1,pre_allocation
412,895,normal,0,0,65535_65535,2,13,137,77,1,1,1,7,77,10,1,1,allocated
412,895,normal,0,0,65535_65535,2,27,1507,142,0,1,0,7,0,15,1,1,pre_allocation
412,895,normal,0,0,65535_65535,2,27,1507,163,1,1,1,8,163,15,1,1,allocated
412,895,normal,0,0,65535_65535,2,26,137,368,0,1,0,7,0,28,1,1,pre_allocation
412,895,normal,0,0,65535_65535,2,26,137,422,1,1,1,8,422,28,1,1,allocated
412,895,normal,0,0,65535_65535,2,24,137,368,0,1,0,7,0,28,1,1,pre_allocation
412,895,normal,0,0,65535_65535,2,24,137,422,1,1,1,8,422,28,1,1,allocated
412,895,normal,0,0,65535_65535,2,11,137,77,0,1,0,7,0,10,1,1,pre_allocation
412,895,normal,0,0,65535_65535,2,11,137,89,1,1,1,8,89,10,1,1,allocated
412,895,normal,0,0,65535_65535,2,12,137,368,0,1,0,7,0,28,1,1,pre_allocation
412,895,normal,0,0,65535_65535,2,12,137,422,1,1,1,8,422,28,1,1,allocated
412,895,normal,0,0,65535_65535,2,13,137,77,0,1,0,7,0,10,1,1,pre_allocation
412,895,normal,0,0,65535_65535,2,13,137,89,1,1,1,8,89,10,1,1,allocated
412,895,normal,0,0,65535_65535,2,27,1507,163,0,1,0,8,0,15,1,1,pre_allocation
412,895,normal,0,0,65535_65535,2,27,1507,184,1,1,1,9,184,15,1,1,allocated
524,993,normal,0,0,65535_65535,0,1,152973,0,0,1,0,0,0,28,1,1,pre_allocation
524,993,normal,0,0,65535_65535,0,1,152973,42,1,1,1,1,42,28,1,1,allocated
524,993,normal,0,0,65535_65535,0,2,161290,0,0,1,0,0,0,28,1,1,pre_allocation
524,993,normal,0,0,65535_65535,0,2,161290,42,1,1,1,1,42,28,1,1,allocated
524,993,normal,0,0,65535_65535,0,3,161409,0,0,1,0,0,0,28,1,1,pre_allocation
524,993,normal,0,0,65535_65535,0,3,161409,42,1,1,1,1,42,28,1,1,allocated
524,993,normal,0,0,65535_65535,0,4,165725,0,0,1,0,0,0,28,1,1,pre_allocation
524,993,normal,0,0,65535_65535,0,4,165725,42,1,1,1,1,42,28,1,1,allocated
524,993,normal,0,0,65535_65535,0,5,169450,0,0,1,0,0,0,28,1,1,pre_allocation
524,993,normal,0,0,65535_65535,0,5,169450,42,1,1,1,1,42,28,1,1,allocated
524,993,normal,0,0,65535_65535,0,1,152973,42,0,1,0,1,0,28,1,1,pre_allocation
524,993,normal,0,0,65535_65535,0,1,152973,88,1,1,1,2,88,28,1,1,allocated
524,993,normal,0,0,65535_65535,0,2,161290,42,0,1,0,1,0,28,1,1,pre_allocation
524,993,normal,0,0,65535_65535,0,2,161290,88,1,1,1,2,88,28,1,1,allocated
524,993,normal,0,0,65535_65535,0,3,161409,42,0,1,0,1,0,28,1,1,pre_allocation
524,993,normal,0,0,65535_65535,0,3,161409,88,1,1,1,2,88,28,1,1,allocated
524,993,normal,0,0,65535_65535,0,4,165725,42,0,1,0,1,0,28,1,1,pre_allocation
524,993,normal,0,0,65535_65535,0,4,165725,88,1,1,1,2,88,28,1,1,allocated
524,993,normal,0,0,65535_65535,0,5,169450,42,0,1,0,1,0,28,1,1,pre_allocation
524,993,normal,0,0,65535_65535,0,5,169450,88,1,1,1,2,88,28,1,1,allocated
524,993,normal,0,0,65535_65535,0,1,152973,88,0,1,0,2,0,28,1,1,pre_allocation
524,993,normal,0,0,65535_65535,0,1,152973,133,1,1,1,3,133,28,1,1,allocated
524,993,normal,0,0,65535_65535,0,2,161290,88,0,1,0,2,0,28,1,1,pre_allocation
524,993,normal,0,0,65535_65535,0,2,161290,133,1,1,1,3,133,28,1,1,allocated
524,993,normal,0,0,65535_65535,0,3,161409,88,0,1,0,2,0,28,1,1,pre_allocation
524,993,normal,0,0,65535_65535,0,3,161409,133,1,1,1,3,133,28,1,1,allocated
524,993,normal,0,0,65535_65535,0,4,165725,88,0,1,0,2,0,28,1,1,pre_allocation
524,993,normal,0,0,65535_65535,0,4,165725,133,1,1,1,3,133,28,1,1,allocated
524,993,normal,0,0,65535_65535,0,5,169450,88,0,1,0,2,0,28,1,1,pre_allocation
524,993,normal,0,0,65535_65535,0,5,169450,133,1,1,1,3,133,28,1,1,allocated
524,993,normal,0,0,65535_65535,0,1,152973,133,0,1,0,3,0,28,1,1,pre_allocation
524,993,normal,0,0,65535_65535,0,1,152973,179,1,1,1,4,179,28,1,1,allocated
524,993,normal,0,0,65535_65535,0,2,161290,133,0,1,0,3,0,28,1,1,pre_allocation
524,993,normal,0,0,65535_65535,0,2,161290,179,1,1,1,4,179,28,1,1,allocated
524,993,normal,0,0,65535_65535,0,3,161409,133,0,1,0,3,0,28,1,1,pre_allocation
524,993,normal,0,0,65535_65535,0,3,161409,179,1,1,1,4,179,28,1,1,allocated
524,993,normal,0,0,65535_65535,0,4,165725,133,0,1,0,3,0,28,1,1,pre_allocation
524,993,normal,0,0,65535_65535,0,4,165725,179,1,1,1,4,179,28,1,1,allocated
524,993,normal,0,0,65535_65535,0,5,169450,133,0,1,0,3,0,28,1,1,pre_allocation
524,993,normal,0,0,65535_65535,0,5,169450,179,1,1,1,4,179,28,1,1,allocated
524,993,normal,0,0,65535_65535,0,1,152973,179,0,1,0,4,0,28,1,1,pre_allocation
524,993,normal,0,0,65535_65535,0,1,152973,224,1,1,1,5,224,28,1,1,allocated
524,993,normal,0,0,65535_65535,0,2,161290,179,0,1,0,4,0,28,1,1,pre_allocation
524,993,normal,0,0,65535_65535,0,2,161290,224,1,1,1,5,224,28,1,1,allocated
524,993,normal,0,0,65535_65535,0,3,161409,179,0,1,0,4,0,28,1,1,pre_allocation
524,993,normal,0,0,65535_65535,0,3,161409,224,1,1,1,5,224,28,1,1,allocated
524,993,normal,0,0,65535_65535,0,4,165725,179,0,1,0,4,0,28,1,1,pre_allocation
524,993,normal,0,0,65535_65535,0,4,165725,224,1,1,1,5,224,28,1,1,allocated
524,993,normal,0,0,65535_65535,0,5,169450,179,0,1,0,4,0,28,1,1,pre_allocation
524,993,normal,0,0,65535_65535,0,5,169450,224,1,1,1,5,224,28,1,1,allocated
524,993,normal,0,0,65535_65535,0,1,152973,224,0,1,0,5,0,28,1,1,pre_allocation
524,993,normal,0,0,65535_65535,0,1,152973,270,1,1,1,6,270,28,1,1,allocated
524,993,normal,0,0,65535_65535,0,2,161290,224,0,1,0,5,0,28,1,1,pre_allocation
524,993,normal,0,0,65535_65535,0,2,161290,270,1,1,1,6,270,28,1,1,allocated
524,993,normal,0,0,65535_65535,0,3,161409,224,0,1,0,5,0,28,1,1,pre_allocation
524,993,normal,0,0,65535_65535,0,3,161409,270,1,1,1,6,270,28,1,1,allocated
524,993,normal,0,0,65535_65535,0,4,165725,224,0,1,0,5,0,28,1,1,pre_allocation
524,993,normal,0,0,65535_65535,0,4,165725,270,1,1,1,6,270,28,1,1,allocated
524,993,normal,0,0,65535_65535,0,5,169450,224,0,1,0,5,0,28,1,1,pre_allocation
524,993,normal,0,0,65535_65535,0,5,169450,270,1,1,1,6,270,28,1,1,allocated
524,993,normal,0,0,65535_65535,0,1,152973,270,0,1,0,6,0,28,1,1,pre_allocation
524,993,normal,0,0,65535_65535,0,1,152973,315,1,1,1,7,315,28,1,1,allocated
524,993,normal,0,0,65535_65535,0,2,161290,270,0,1,0,6,0,28,1,1,pre_allocation
524,993,normal,0,0,65535_65535,0,2,161290,315,1,1,1,7,315,28,1,1,allocated
524,993,normal,0,0,65535_65535,0,3,161409,270,0,1,0,6,0,28,1,1,pre_allocation
524,993,normal,0,0,65535_65535,0,3,161409,315,1,1,1,7,315,28,1,1,allocated
524,993,normal,0,0,65535_65535,0,4,165725,270,0,1,0,6,0,28,1,1,pre_allocation
524,993,normal,0,0,65535_65535,0,4,165725,315,1,1,1,7,315,28,1,1,allocated
524,993,normal,0,0,65535_65535,0,5,169450,270,0,1,0,6,0,28,1,1,pre_allocation
524,993,normal,0,0,65535_65535,0,5,169450,315,1,1,1,7,315,28,1,1,allocated
524,993,normal,0,0,65535_65535,0,1,152973,315,0,1,0,7,0,28,1,1,pre_allocation
524,993,normal,0,0,65535_65535,0,1,152973,361,1,1,1,8,361,28,1,1,allocated
524,993,normal,0,0,65535_65535,0,2,161290,315,0,1,0,7,0,28,1,1,pre_allocation
524,993,normal,0,0,65535_65535,0,2,161290,361,1,1,1,8,361,28,1,1,allocated
524,993,normal,0,0,65535_65535,0,3,161409,315,0,1,0,7,0,28,1,1,pre_allocation
524,993,normal,0,0,65535_65535,0,3,161409,361,1,1,1,8,361,28,1,1,allocated
524,993,normal,0,0,65535_65535,0,4,165725,315,0,1,0,7,0,28,1,1,pre_allocation
524,993,normal,0,0,65535_65535,0,4,165725,361,1,1,1,8,361,28,1,1,allocated
524,993,normal,0,0,65535_65535,0,5,169450,315,0,1,0,7,0,28,1,1,pre_allocation
524,993,normal,0,0,65535_65535,0,5,169450,361,1,1,1,8,361,28,1,1,allocated
524,993,normal,0,0,65535_65535,0,1,152973,361,0,1,0,8,0,28,1,1,pre_allocation
524,993,normal,0,0,65535_65535,0,1,152973,406,1,1,1,9,406,28,1,1,allocated
524,993,normal,0,0,65535_65535,0,2,161290,361,0,1,0,8,0,28,1,1,pre_allocation
524,993,normal,0,0,65535_65535,0,2,161290,406,1,1,1,9,406,28,1,1,allocated
524,993,normal,0,0,65535_65535,0,3,161409,361,0,1,0,8,0,28,1,1,pre_allocation
524,993,normal,0,0,65535_65535,0,3,161409,406,1,1,1,9,406,28,1,1,allocated
524,993,normal,0,0,65535_65535,0,4,165725,361,0,1,0,8,0,28,1,1,pre_allocation
524,993,normal,0,0,65535_65535,0,4,165725,406,1,1,1,9,406,28,1,1,allocated
524,993,normal,0,0,65535_65535,0,5,169450,361,0,1,0,8,0,28,1,1,pre_allocation
524,993,normal,0,0,65535_65535,0,5,169450,406,1,1,1,9,406,28,1,1,allocated
524,993,normal,0,0,65535_65535,0,1,152973,406,0,1,0,9,0,28,1,1,pre_allocation
524,993,normal,0,0,65535_65535,0,1,152973,452,1,1,1,10,452,28,1,1,allocated
524,993,normal,0,0,65535_65535,0,2,161290,406,0,1,0,9,0,28,1,1,pre_allocation
524,993,normal,0,0,65535_65535,0,2,161290,452,1,1,1,10,452,28,1,1,allocated
524,993,normal,0,0,65535_65535,0,3,161409,406,0,1,0,9,0,28,1,1,pre_allocation
524,993,normal,0,0,65535_65535,0,3,161409,452,1,1,1,10,452,28,1,1,allocated
524,993,normal,0,0,65535_65535,0,4,165725,406,0,1,0,9,0,28,1,1,pre_allocation
524,993,normal,0,0,65535_65535,0,4,165725,452,1,1,1,10,452,28,1,1,allocated
524,993,normal,0,0,65535_65535,0,5,169450,406,0,1,0,9,0,28,1,1,pre_allocation
524,993,normal,0,0,65535_65535,0,5,169450,452,1,1,1,10,452,28,1,1,allocated
524,993,normal,0,0,65535_65535,0,1,152973,452,0,1,0,10,0,28,1,1,pre_allocation
524,993,normal,0,0,65535_65535,0,1,152973,497,1,1,1,11,497,28,1,1,allocated
524,993,normal,0,0,65535_65535,0,2,161290,452,0,1,0,10,0,28,1,1,pre_allocation
524,993,normal,0,0,65535_65535,0,2,161290,497,1,1,1,11,497,28,1,1,allocated
524,993,normal,0,0,65535_65535,0,3,161409,452,0,1,0,10,0,28,1,1,pre_allocation
524,993,normal,0,0,65535_65535,0,3,161409,497,1,1,1,11,497,28,1,1,allocated
524,993,normal,0,0,65535_65535,0,4,165725,452,0,1,0,10,0,28,1,1,pre_allocation
524,993,normal,0,0,65535_65535,0,4,165725,497,1,1,1,11,497,28,1,1,allocated
524,993,normal,0,0,65535_65535,0,5,169450,452,0,1,0,10,0,28,1,1,pre_allocation
524,993,normal,0,0,65535_65535,0,5,169450,497,1,1,1,11,497,28,1,1,allocated
524,993,normal,0,0,65535_65535,0,1,152973,497,0,1,0,11,0,28,1,1,pre_allocation
524,993,normal,0,0,65535_65535,0,1,152973,543,1,1,1,12,543,28,1,1,allocated
524,993,normal,0,0,65535_65535,0,2,161290,497,0,1,0,11,0,28,1,1,pre_allocation
524,993,normal,0,0,65535_65535,0,2,161290,543,1,1,1,12,543,28,1,1,allocated
524,993,normal,0,0,65535_65535,0,3,161409,497,0,1,0,11,0,28,1,1,pre_allocation
524,993,normal,0,0,65535_65535,0,3,161409,543,1,1,1,12,543,28,1,1,allocated
524,993,normal,0,0,65535_65535,0,4,165725,497,0,1,0,11,0,28,1,1,pre_allocation
524,993,normal,0,0,65535_65535,0,4,165725,543,1,1,1,12,543,28,1,1,allocated
524,993,normal,0,0,65535_65535,0,5,169450,497,0,1,0,11,0,28,1,1,pre_allocation
524,993,normal,0,0,65535_65535,0,5,169450,543,1,1,1,12,543,28,1,1,allocated
524,993,normal,0,0,65535_65535,0,1,152973,543,0,1,0,12,0,28,1,1,pre_allocation
524,993,normal,0,0,65535_65535,0,1,152973,589,1,1,1,13,589,28,1,1,allocated
524,993,normal,0,0,65535_65535,0,2,161290,543,0,1,0,12,0,28,1,1,pre_allocation
524,993,normal,0,0,65535_65535,0,2,161290,589,1,1,1,13,589,28,1,1,allocated
524,993,normal,0,0,65535_65535,0,3,161409,543,0,1,0,12,0,28,1,1,pre_allocation
524,993,normal,0,0,65535_65535,0,3,161409,589,1,1,1,13,589,28,1,1,allocated
524,993,normal,0,0,65535_65535,0,4,165725,543,0,1,0,12,0,28,1,1,pre_allocation
524,993,normal,0,0,65535_65535,0,4,165725,589,1,1,1,13,589,28,1,1,allocated
524,993,normal,0,0,65535_65535,0,5,169450,543,0,1,0,12,0,28,1,1,pre_allocation
524,993,normal,0,0,65535_65535,0,5,169450,589,1,1,1,13,589,28,1,1,allocated
524,993,normal,0,0,65535_65535,0,1,152973,589,0,1,0,13,0,28,1,1,pre_allocation
524,993,normal,0,0,65535_65535,0,1,152973,634,1,1,1,14,634,28,1,1,allocated
524,993,normal,0,0,65535_65535,0,2,161290,589,0,1,0,13,0,28,1,1,pre_allocation
524,993,normal,0,0,65535_65535,0,2,161290,634,1,1,1,14,634,28,1,1,allocated
524,993,normal,0,0,65535_65535,0,3,161409,589,0,1,0,13,0,28,1,1,pre_allocation
524,993,normal,0,0,65535_65535,0,3,161409,634,1,1,1,14,634,28,1,1,allocated
524,993,normal,0,0,65535_65535,0,4,165725,589,0,1,0,13,0,28,1,1,pre_allocation
524,993,normal,0,0,65535_65535,0,4,165725,634,1,1,1,14,634,28,1,1,allocated
524,993,normal,0,0,65535_65535,0,5,169450,589,0,1,0,13,0,28,1,1,pre_allocation
524,993,normal,0,0,65535_65535,0,5,169450,634,1,1,1,14,634,28,1,1,allocated
524,993,normal,0,0,65535_65535,0,1,152973,634,0,1,0,14,0,28,1,1,pre_allocation
524,993,normal,0,0,65535_65535,0,1,152973,680,1,1,1,15,680,28,1,1,allocated
524,993,normal,0,0,65535_65535,0,2,161290,634,0,1,0,14,0,28,1,1,pre_allocation
524,993,normal,0,0,65535_65535,0,2,161290,680,1,1,1,15,680,28,1,1,allocated
524,993,normal,0,0,65535_65535,0,3,161409,634,0,1,0,14,0,28,1,1,pre_allocation
524,993,normal,0,0,65535_65535,0,3,161409,680,1,1,1,15,680,28,1,1,allocated
524,993,normal,0,0,65535_65535,0,4,165725,634,0,1,0,14,0,28,1,1,pre_allocation
524,993,normal,0,0,65535_65535,0,4,165725,680,1,1,1,15,680,28,1,1,allocated
524,993,normal,0,0,65535_65535,0,5,169450,634,0,1,0,14,0,28,1,1,pre_allocation
524,993,normal,0,0,65535_65535,0,5,169450,680,1,1,1,15,680,28,1,1,allocated
524,993,normal,0,0,65535_65535,0,1,152973,680,0,1,0,15,0,28,1,1,pre_allocation
524,993,normal,0,0,65535_65535,0,1,152973,725,1,1,1,16,725,28,1,1,allocated
524,993,normal,0,0,65535_65535,0,2,161290,680,0,1,0,15,0,28,1,1,pre_allocation
524,993,normal,0,0,65535_65535,0,2,161290,725,1,1,1,16,725,28,1,1,allocated
524,993,normal,0,0,65535_65535,0,3,161409,680,0,1,0,15,0,28,1,1,pre_allocation
524,993,normal,0,0,65535_65535,0,3,161409,725,1,1,1,16,725,28,1,1,allocated
524,993,normal,0,0,65535_65535,0,4,165725,680,0,1,0,15,0,28,1,1,pre_allocation
524,993,normal,0,0,65535_65535,0,4,165725,725,1,1,1,16,725,28,1,1,allocated
524,993,normal,0,0,65535_65535,0,5,169450,680,0,1,0,15,0,28,1,1,pre_allocation
524,993,normal,0,0,65535_65535,0,5,169450,725,1,1,1,16,725,28,1,1,allocated
524,993,normal,0,0,65535_65535,0,1,152973,725,0,1,0,16,0,28,1,1,pre_allocation
524,993,normal,0,0,65535_65535,0,1,152973,771,1,1,1,17,771,28,1,1,allocated
524,993,normal,0,0,65535_65535,0,2,161290,725,0,1,0,16,0,28,1,1,pre_allocation
524,993,normal,0,0,65535_65535,0,2,161290,771,1,1,1,17,771,28,1,1,allocated
524,993,normal,0,0,65535_65535,0,3,161409,725,0,1,0,16,0,28,1,1,pre_allocation
524,993,normal,0,0,65535_65535,0,3,161409,771,1,1,1,17,771,28,1,1,allocated
524,993,normal,0,0,65535_65535,0,4,165725,725,0,1,0,16,0,28,1,1,pre_allocation
524,993,normal,0,0,65535_65535,0,4,165725,771,1,1,1,17,771,28,1,1,allocated
524,993,normal,0,0,65535_65535,0,5,169450,725,0,1,0,16,0,28,1,1,pre_allocation
524,993,normal,0,0,65535_65535,0,5,169450,771,1,1,1,17,771,28,1,1,allocated
524,993,normal,0,0,65535_65535,0,1,152973,771,0,1,0,17,0,28,1,1,pre_allocation
524,993,normal,0,0,65535_65535,0,1,152973,816,1,1,1,18,816,28,1,1,allocated
524,993,normal,0,0,65535_65535,0,2,161290,771,0,1,0,17,0,28,1,1,pre_allocation
524,993,normal,0,0,65535_65535,0,2,161290,816,1,1,1,18,816,28,1,1,allocated
524,993,normal,0,0,65535_65535,0,3,161409,771,0,1,0,17,0,28,1,1,pre_allocation
524,993,normal,0,0,65535_65535,0,3,161409,816,1,1,1,18,816,28,1,1,allocated
524,993,normal,0,0,65535_65535,0,4,165725,771,0,1,0,17,0,28,1,1,pre_allocation
524,993,normal,0,0,65535_65535,0,4,165725,816,1,1,1,18,816,28,1,1,allocated
524,993,normal,0,0,65535_65535,0,5,169450,771,0,1,0,17,0,28,1,1,pre_allocation
524,993,normal,0,0,65535_65535,0,5,169450,816,1,1,1,18,816,28,1,1,allocated
524,993,normal,0,0,65535_65535,0,1,152973,816,0,1,0,18,0,28,1,1,pre_allocation
524,993,normal,0,0,65535_65535,0,1,152973,862,1,1,1,19,862,28,1,1,allocated
524,993,normal,0,0,65535_65535,0,2,161290,816,0,1,0,18,0,28,1,1,pre_allocation
524,993,normal,0,0,65535_65535,0,2,161290,862,1,1,1,19,862,28,1,1,allocated
524,993,normal,0,0,65535_65535,0,3,161409,816,0,1,0,18,0,28,1,1,pre_allocation
524,993,normal,0,0,65535_65535,0,3,161409,862,1,1,1,19,862,28,1,1,allocated
524,993,normal,0,0,65535_65535,0,4,165725,816,0,1,0,18,0,28,1,1,pre_allocation
524,993,normal,0,0,65535_65535,0,4,165725,862,1,1,1,19,862,28,1,1,allocated
524,993,normal,0,0,65535_65535,0,5,169450,816,0,1,0,18,0,28,1,1,pre_allocation
524,993,normal,0,0,65535_65535,0,5,169450,862,1,1,1,19,862,28,1,1,allocated
524,993,normal,0,0,65535_65535,0,1,152973,862,0,1,0,19,0,28,1,1,pre_allocation
524,993,normal,0,0,65535_65535,0,1,152973,907,1,1,1,20,907,28,1,1,allocated
524,993,normal,0,0,65535_65535,0,2,161290,862,0,1,0,19,0,28,1,1,pre_allocation
524,993,normal,0,0,65535_65535,0,2,161290,907,1,1,1,20,907,28,1,1,allocated
524,993,normal,0,0,65535_65535,0,3,161409,862,0,1,0,19,0,28,1,1,pre_allocation
524,993,normal,0,0,65535_65535,0,3,161409,907,1,1,1,20,907,28,1,1,allocated
524,993,normal,0,0,65535_65535,0,4,165725,862,0,1,0,19,0,28,1,1,pre_allocation
524,993,normal,0,0,65535_65535,0,4,165725,907,1,1,1,20,907,28,1,1,allocated
524,993,normal,0,0,65535_65535,0,5,169450,862,0,1,0,19,0,28,1,1,pre_allocation
524,993,normal,0,0,65535_65535,0,5,169450,907,1,1,1,20,907,28,1,1,allocated
524,993,normal,0,0,65535_65535,0,1,152973,907,0,1,0,20,0,28,1,1,pre_allocation
524,993,normal,0,0,65535_65535,0,1,152973,953,1,1,1,21,953,28,1,1,allocated
524,993,normal,0,0,65535_65535,0,2,161290,907,0,1,0,20,0,28,1,1,pre_allocation
524,993,normal,0,0,65535_65535,0,2,161290,953,1,1,1,21,953,28,1,1,allocated
524,993,normal,0,0,65535_65535,0,3,161409,907,0,1,0,20,0,28,1,1,pre_allocation
524,993,normal,0,0,65535_65535,0,3,161409,953,1,1,1,21,953,28,1,1,allocated
524,993,normal,0,0,65535_65535,1,6,1645,0,0,1,0,0,0,15,1,1,pre_allocation
524,993,normal,0,0,65535_65535,1,6,1645,14,1,1,1,1,14,15,1,1,allocated
524,993,normal,0,0,65535_65535,1,8,87,0,0,1,0,0,0,28,1,1,pre_allocation
524,993,normal,0,0,65535_65535,1,8,87,42,1,1,1,1,42,28,1,1,allocated
524,993,normal,0,0,65535_65535,1,9,87,0,0,1,0,0,0,28,1,1,pre_allocation
524,993,normal,0,0,65535_65535,1,9,87,42,1,1,1,1,42,28,1,1,allocated
524,993,normal,0,0,65535_65535,1,10,87,0,0,1,0,0,0,28,1,1,pre_allocation
524,993,normal,0,0,65535_65535,1,10,87,42,1,1,1,1,42,28,1,1,allocated
524,993,normal,0,0,65535_65535,1,6,1645,14,0,1,0,1,0,15,1,1,pre_allocation
524,993,normal,0,0,65535_65535,1,6,1645,32,1,1,1,2,32,15,1,1,allocated
524,993,normal,0,0,65535_65535,1,8,87,42,0,1,0,1,0,28,1,1,pre_allocation
524,993,normal,0,0,65535_65535,1,8,87,88,1,1,1,2,88,28,1,1,allocated
524,993,normal,0,0,65535_65535,1,9,87,42,0,1,0,1,0,28,1,1,pre_allocation
524,993,normal,0,0,65535_65535,1,9,87,88,1,1,1,2,88,28,1,1,allocated
524,993,normal,0,0,65535_65535,1,10,87,42,0,1,0,1,0,28,1,1,pre_allocation
524,993,normal,0,0,65535_65535,1,10,87,88,1,1,1,2,88,28,1,1,allocated
524,993,normal,0,0,65535_65535,1,6,1645,32,0,1,0,2,0,15,1,1,pre_allocation
524,993,normal,0,0,65535_65535,1,6,1645,50,1,1,1,3,50,15,1,1,allocated
524,993,normal,0,0,65535_65535,1,8,87,88,0,1,0,2,0,28,1,1,pre_allocation
524,993,normal,0,0,65535_65535,1,8,87,133,1,1,1,3,133,28,1,1,allocated
524,993,normal,0,0,65535_65535,1,9,87,88,0,1,0,2,0,28,1,1,pre_allocation
524,993,normal,0,0,65535_65535,1,9,87,133,1,1,1,3,133,28,1,1,allocated
524,993,normal,0,0,65535_65535,1,10,87,88,0,1,0,2,0,28,1,1,pre_allocation
524,993,normal,0,0,65535_65535,1,10,87,133,1,1,1,3,133,28,1,1,allocated
524,993,normal,0,0,65535_65535,1,6,1645,50,0,1,0,3,0,15,1,1,pre_allocation
524,993,normal,0,0,65535_65535,1,6,1645,68,1,1,1,4,68,15,1,1,allocated
524,993,normal,0,0,65535_65535,1,8,87,133,0,1,0,3,0,28,1,1,pre_allocation
524,993,normal,0,0,65535_65535,1,8,87,179,1,1,1,4,179,28,1,1,allocated
524,993,normal,0,0,65535_65535,1,9,87,133,0,1,0,3,0,28,1,1,pre_allocation
524,993,normal,0,0,65535_65535,1,9,87,179,1,1,1,4,179,28,1,1,allocated
524,993,normal,0,0,65535_65535,1,10,87,133,0,1,0,3,0,28,1,1,pre_allocation
524,993,normal,0,0,65535_65535,1,10,87,179,1,1,1,4,179,28,1,1,allocated
524,993,normal,0,0,65535_65535,1,6,1645,68,0,1,0,4,0,15,1,1,pre_allocation
524,993,normal,0,0,65535_65535,1,6,1645,86,1,1,1,5,86,15,1,1,allocated
524,993,normal,0,0,65535_65535,1,8,87,179,0,1,0,4,0,28,1,1,pre_allocation
524,993,normal,0,0,65535_65535,1,8,87,224,1,1,1,5,224,28,1,1,allocated
524,993,normal,0,0,65535_65535,1,9,87,179,0,1,0,4,0,28,1,1,pre_allocation
524,993,normal,0,0,65535_65535,1,9,87,224,1,1,1,5,224,28,1,1,allocated
524,993,normal,0,0,65535_65535,1,10,87,179,0,1,0,4,0,28,1,1,pre_allocation
524,993,normal,0,0,65535_65535,1,10,87,224,1,1,1,5,224,28,1,1,allocated
524,993,normal,0,0,65535_65535,1,6,1645,86,0,1,0,5,0,15,1,1,pre_allocation
524,993,normal,0,0,65535_65535,1,6,1645,103,1,1,1,6,103,15,1,1,allocated
524,993,normal,0,0,65535_65535,1,8,87,224,0,1,0,5,0,28,1,1,pre_allocation
524,993,normal,0,0,65535_65535,1,8,87,270,1,1,1,6,270,28,1,1,allocated
524,993,normal,0,0,65535_65535,1,9,87,224,0,1,0,5,0,28,1,1,pre_allocation
524,993,normal,0,0,65535_65535,1,9,87,270,1,1,1,6,270,28,1,1,allocated
524,993,normal,0,0,65535_65535,1,10,87,224,0,1,0,5,0,28,1,1,pre_allocation
524,993,normal,0,0,65535_65535,1,10,87,270,1,1,1,6,270,28,1,1,allocated
524,993,normal,0,0,65535_65535,1,6,1645,103,0,1,0,6,0,15,1,1,pre_allocation
524,993,normal,0,0,65535_65535,1,6,1645,121,1,1,1,7,121,15,1,1,allocated
524,993,normal,0,0,65535_65535,1,8,87,270,0,1,0,6,0,28,1,1,pre_allocation
524,993,normal,0,0,65535_65535,1,8,87,315,1,1,1,7,315,28,1,1,allocated
524,993,normal,0,0,65535_65535,1,9,87,270,0,1,0,6,0,28,1,1,pre_allocation
524,993,normal,0,0,65535_65535,1,9,87,315,1,1,1,7,315,28,1,1,allocated
524,993,normal,0,0,65535_65535,1,10,87,270,0,1,0,6,0,28,1,1,pre_allocation
524,993,normal,0,0,65535_65535,1,10,87,315,1,1,1,7,315,28,1,1,allocated
524,993,normal,0,0,65535_65535,1,6,1645,121,0,1,0,7,0,15,1,1,pre_allocation
524,993,normal,0,0,65535_65535,1,6,1645,139,1,1,1,8,139,15,1,1,allocated
524,993,normal,0,0,65535_65535,1,8,87,315,0,1,0,7,0,28,1,1,pre_allocation
524,993,normal,0,0,65535_65535,1,8,87,361,1,1,1,8,361,28,1,1,allocated
524,993,normal,0,0,65535_65535,1,9,87,315,0,1,0,7,0,28,1,1,pre_allocation
524,993,normal,0,0,65535_65535,1,9,87,361,1,1,1,8,361,28,1,1,allocated
524,993,normal,0,0,65535_65535,1,10,87,315,0,1,0,7,0,28,1,1,pre_allocation
524,993,normal,0,0,65535_65535,1,10,87,361,1,1,1,8,361,28,1,1,allocated
524,993,normal,0,0,65535_65535,1,6,1645,139,0,1,0,8,0,15,1,1,pre_allocation
524,993,normal,0,0,65535_65535,1,6,1645,157,1,1,1,9,157,15,1,1,allocated
524,993,normal,0,0,65535_65535,1,8,87,361,0,1,0,8,0,28,1,1,pre_allocation
524,993,normal,0,0,65535_65535,1,8,87,406,1,1,1,9,406,28,1,1,allocated
524,993,normal,0,0,65535_65535,1,9,87,361,0,1,0,8,0,28,1,1,pre_allocation
524,993,normal,0,0,65535_65535,1,9,87,406,1,1,1,9,406,28,1,1,allocated
524,993,normal,0,0,65535_65535,1,10,87,361,0,1,0,8,0,28,1,1,pre_allocation
524,993,normal,0,0,65535_65535,1,10,87,406,1,1,1,9,406,28,1,1,allocated
524,993,normal,0,0,65535_65535,1,6,1645,157,0,1,0,9,0,15,1,1,pre_allocation
524,993,normal,0,0,65535_65535,1,6,1645,175,1,1,1,10,175,15,1,1,allocated
524,993,normal,0,0,65535_65535,1,8,87,406,0,1,0,9,0,28,1,1,pre_allocation
524,993,normal,0,0,65535_65535,1,8,87,452,1,1,1,10,452,28,1,1,allocated
524,993,normal,0,0,65535_65535,1,9,87,406,0,1,0,9,0,28,1,1,pre_allocation
524,993,normal,0,0,65535_65535,1,9,87,452,1,1,1,10,452,28,1,1,allocated
524,993,normal,0,0,65535_65535,1,10,87,406,0,1,0,9,0,28,1,1,pre_allocation
524,993,normal,0,0,65535_65535,1,10,87,452,1,1,1,10,452,28,1,1,allocated
524,993,normal,0,0,65535_65535,1,6,1645,175,0,1,0,10,0,15,1,1,pre_allocation
524,993,normal,0,0,65535_65535,1,6,1645,193,1,1,1,11,193,15,1,1,allocated
524,993,normal,0,0,65535_65535,1,8,87,452,0,1,0,10,0,28,1,1,pre_allocation
524,993,normal,0,0,65535_65535,1,8,87,497,1,1,1,11,497,28,1,1,allocated
524,993,normal,0,0,65535_65535,1,9,87,452,0,1,0,10,0,28,1,1,pre_allocation
524,993,normal,0,0,65535_65535,1,9,87,497,1,1,1,11,497,28,1,1,allocated
524,993,normal,0,0,65535_65535,1,10,87,452,0,1,0,10,0,28,1,1,pre_allocation
524,993,normal,0,0,65535_65535,1,10,87,497,1,1,1,11,497,28,1,1,allocated
524,993,normal,0,0,65535_65535,1,6,1645,193,0,1,0,11,0,15,1,1,pre_allocation
524,993,normal,0,0,65535_65535,1,6,1645,210,1,1,1,12,210,15,1,1,allocated
524,993,normal,0,0,65535_65535,1,8,87,497,0,1,0,11,0,28,1,1,pre_allocation
524,993,normal,0,0,65535_65535,1,8,87,543,1,1,1,12,543,28,1,1,allocated
524,993,normal,0,0,65535_65535,1,9,87,497,0,1,0,11,0,28,1,1,pre_allocation
524,993,normal,0,0,65535_65535,1,9,87,543,1,1,1,12,543,28,1,1,allocated
524,993,normal,0,0,65535_65535,1,10,87,497,0,1,0,11,0,28,1,1,pre_allocation
524,993,normal,0,0,65535_65535,1,10,87,543,1,1,1,12,543,28,1,1,allocated
524,993,normal,0,0,65535_65535,1,6,1645,210,0,1,0,12,0,15,1,1,pre_allocation
524,993,normal,0,0,65535_65535,1,6,1645,228,1,1,1,13,228,15,1,1,allocated
524,993,normal,0,0,65535_65535,1,8,87,543,0,1,0,12,0,28,1,1,pre_allocation
524,993,normal,0,0,65535_65535,1,8,87,589,1,1,1,13,589,28,1,1,allocated
524,993,normal,0,0,65535_65535,1,9,87,543,0,1,0,12,0,28,1,1,pre_allocation
524,993,normal,0,0,65535_65535,1,9,87,589,1,1,1,13,589,28,1,1,allocated
524,993,normal,0,0,65535_65535,1,10,87,543,0,1,0,12,0,28,1,1,pre_allocation
524,993,normal,0,0,65535_65535,1,10,87,589,1,1,1,13,589,28,1,1,allocated
524,993,normal,0,0,65535_65535,1,6,1645,228,0,1,0,13,0,15,1,1,pre_allocation
524,993,normal,0,0,65535_65535,1,6,1645,246,1,1,1,14,246,15,1,1,allocated
524,993,normal,0,0,65535_65535,1,8,87,589,0,1,0,13,0,28,1,1,pre_allocation
524,993,normal,0,0,65535_65535,1,8,87,634,1,1,1,14,634,28,1,1,allocated
524,993,normal,0,0,65535_65535,1,9,87,589,0,1,0,13,0,28,1,1,pre_allocation
524,993,normal,0,0,65535_65535,1,9,87,634,1,1,1,14,634,28,1,1,allocated
524,993,normal,0,0,65535_65535,1,10,87,589,0,1,0,13,0,28,1,1,pre_allocation
524,993,normal,0,0,65535_65535,1,10,87,634,1,1,1,14,634,28,1,1,allocated
524,993,normal,0,0,65535_65535,1,6,1645,246,0,1,0,14,0,15,1,1,pre_allocation
524,993,normal,0,0,65535_65535,1,6,1645,264,1,1,1,15,264,15,1,1,allocated
524,993,normal,0,0,65535_65535,1,8,87,634,0,1,0,14,0,28,1,1,pre_allocation
524,993,normal,0,0,65535_65535,1,8,87,680,1,1,1,15,680,28,1,1,allocated
524,993,normal,0,0,65535_65535,1,9,87,634,0,1,0,14,0,28,1,1,pre_allocation
524,993,normal,0,0,65535_65535,1,9,87,680,1,1,1,15,680,28,1,1,allocated
524,993,normal,0,0,65535_65535,1,10,87,634,0,1,0,14,0,28,1,1,pre_allocation
524,993,normal,0,0,65535_65535,1,10,87,680,1,1,1,15,680,28,1,1,allocated
524,993,normal,0,0,65535_65535,1,6,1645,264,0,1,0,15,0,15,1,1,pre_allocation
524,993,normal,0,0,65535_65535,1,6,1645,282,1,1,1,16,282,15,1,1,allocated
524,993,normal,0,0,65535_65535,1,8,87,680,0,1,0,15,0,28,1,1,pre_allocation
524,993,normal,0,0,65535_65535,1,8,87,725,1,1,1,16,725,28,1,1,allocated
524,993,normal,0,0,65535_65535,1,9,87,680,0,1,0,15,0,28,1,1,pre_allocation
524,993,normal,0,0,65535_65535,1,9,87,725,1,1,1,16,725,28,1,1,allocated
524,993,normal,0,0,65535_65535,1,10,87,680,0,1,0,15,0,28,1,1,pre_allocation
524,993,normal,0,0,65535_65535,1,10,87,725,1,1,1,16,725,28,1,1,allocated
524,993,normal,0,0,65535_65535,1,6,1645,282,0,1,0,16,0,15,1,1,pre_allocation
524,993,normal,0,0,65535_65535,1,6,1645,299,1,1,1,17,299,15,1,1,allocated
524,993,normal,0,0,65535_65535,1,8,87,725,0,1,0,16,0,28,1,1,pre_allocation
524,993,normal,0,0,65535_65535,1,8,87,771,1,1,1,17,771,28,1,1,allocated
524,993,normal,0,0,65535_65535,1,9,87,725,0,1,0,16,0,28,1,1,pre_allocation
524,993,normal,0,0,65535_65535,1,9,87,771,1,1,1,17,771,28,1,1,allocated
524,993,normal,0,0,65535_65535,1,10,87,725,0,1,0,16,0,28,1,1,pre_allocation
524,993,normal,0,0,65535_65535,1,10,87,771,1,1,1,17,771,28,1,1,allocated
524,993,normal,0,0,65535_65535,1,6,1645,299,0,1,0,17,0,15,1,1,pre_allocation
524,993,normal,0,0,65535_65535,1,6,1645,317,1,1,1,18,317,15,1,1,allocated
524,993,normal,0,0,65535_65535,1,8,87,771,0,1,0,17,0,28,1,1,pre_allocation
524,993,normal,0,0,65535_65535,1,8,87,816,1,1,1,18,816,28,1,1,allocated
524,993,normal,0,0,65535_65535,1,9,87,771,0,1,0,17,0,28,1,1,pre_allocation
524,993,normal,0,0,65535_65535,1,9,87,816,1,1,1,18,816,28,1,1,allocated
524,993,normal,0,0,65535_65535,1,10,87,771,0,1,0,17,0,28,1,1,pre_allocation
524,993,normal,0,0,65535_65535,1,10,87,816,1,1,1,18,816,28,1,1,allocated
524,993,normal,0,0,65535_65535,1,6,1645,317,0,1,0,18,0,15,1,1,pre_allocation
524,993,normal,0,0,65535_65535,1,6,1645,335,1,1,1,19,335,15,1,1,allocated
524,993,normal,0,0,65535_65535,1,8,87,816,0,1,0,18,0,28,1,1,pre_allocation
524,993,normal,0,0,65535_65535,1,8,87,862,1,1,1,19,862,28,1,1,allocated
524,993,normal,0,0,65535_65535,1,9,87,816,0,1,0,18,0,28,1,1,pre_allocation
524,993,normal,0,0,65535_65535,1,9,87,862,1,1,1,19,862,28,1,1,allocated
524,993,normal,0,0,65535_65535,1,10,87,816,0,1,0,18,0,28,1,1,pre_allocation
524,993,normal,0,0,65535_65535,1,10,87,862,1,1,1,19,862,28,1,1,allocated
524,993,normal,0,0,65535_65535,1,6,1645,335,0,1,0,19,0,15,1,1,pre_allocation
524,993,normal,0,0,65535_65535,1,6,1645,353,1,1,1,20,353,15,1,1,allocated
524,993,normal,0,0,65535_65535,1,8,87,862,0,1,0,19,0,28,1,1,pre_allocation
524,993,normal,0,0,65535_65535,1,8,87,907,1,1,1,20,907,28,1,1,allocated
524,993,normal,0,0,65535_65535,1,9,87,862,0,1,0,19,0,28,1,1,pre_allocation
524,993,normal,0,0,65535_65535,1,9,87,907,1,1,1,20,907,28,1,1,allocated
524,993,normal,0,0,65535_65535,1,10,87,862,0,1,0,19,0,28,1,1,pre_allocation
524,993,normal,0,0,65535_65535,1,10,87,907,1,1,1,20,907,28,1,1,allocated
524,993,normal,0,0,65535_65535,1,6,1645,353,0,1,0,20,0,15,1,1,pre_allocation
524,993,normal,0,0,65535_65535,1,6,1645,371,1,1,1,21,371,15,1,1,allocated
524,993,normal,0,0,65535_65535,1,8,87,907,0,1,0,20,0,28,1,1,pre_allocation
524,993,normal,0,0,65535_65535,1,8,87,953,1,1,1,21,953,28,1,1,allocated
524,993,normal,0,0,65535_65535,1,9,87,907,0,1,0,20,0,28,1,1,pre_allocation
524,993,normal,0,0,65535_65535,1,9,87,953,1,1,1,21,953,28,1,1,allocated
524,993,normal,0,0,65535_65535,1,10,87,907,0,1,0,20,0,28,1,1,pre_allocation
524,993,normal,0,0,65535_65535,1,10,87,953,1,1,1,21,953,28,1,1,allocated
524,993,normal,0,0,65535_65535,1,6,1645,371,0,1,0,21,0,15,1,1,pre_allocation
524,993,normal,0,0,65535_65535,1,6,1645,389,1,1,1,22,389,15,1,1,allocated
524,993,normal,0,0,65535_65535,1,8,87,953,0,1,0,21,0,28,1,1,pre_allocation
524,993,normal,0,0,65535_65535,1,8,87,998,1,1,1,22,998,28,1,1,allocated
524,993,normal,0,0,65535_65535,1,9,87,953,0,1,0,21,0,28,1,1,pre_allocation
524,993,normal,0,0,65535_65535,1,9,87,998,1,1,1,22,998,28,1,1,allocated
524,993,normal,0,0,65535_65535,1,10,87,953,0,1,0,21,0,28,1,1,pre_allocation
524,993,normal,0,0,65535_65535,1,10,87,998,1,1,1,22,998,28,1,1,allocated
524,993,normal,0,0,65535_65535,1,6,1645,389,0,1,0,22,0,15,1,1,pre_allocation
524,993,normal,0,0,65535_65535,1,6,1645,406,1,1,1,23,406,15,1,1,allocated
524,993,normal,0,0,65535_65535,1,8,87,998,0,1,0,22,0,28,1,1,pre_allocation
524,993,normal,0,0,65535_65535,1,8,87,1044,1,1,1,23,1044,28,1,1,allocated
524,993,normal,0,0,65535_65535,1,9,87,998,0,1,0,22,0,28,1,1,pre_allocation
524,993,normal,0,0,65535_65535,1,9,87,1044,1,1,1,23,1044,28,1,1,allocated
524,993,normal,0,0,65535_65535,1,10,87,998,0,1,0,22,0,28,1,1,pre_allocation
524,993,normal,0,0,65535_65535,1,10,87,1044,1,1,1,23,1044,28,1,1,allocated
524,993,normal,0,0,65535_65535,1,6,1645,406,0,1,0,23,0,15,1,1,pre_allocation
524,993,normal,0,0,65535_65535,1,6,1645,424,1,1,1,24,424,15,1,1,allocated
524,993,normal,0,0,65535_65535,1,8,87,1044,0,1,0,23,0,28,1,1,pre_allocation
524,993,normal,0,0,65535_65535,1,8,87,1089,1,1,1,24,1089,28,1,1,allocated
524,993,normal,0,0,65535_65535,1,9,87,1044,0,1,0,23,0,28,1,1,pre_allocation
524,993,normal,0,0,65535_65535,1,9,87,1089,1,1,1,24,1089,28,1,1,allocated
524,993,normal,0,0,65535_65535,1,10,87,1044,0,1,0,23,0,28,1,1,pre_allocation
524,993,normal,0,0,65535_65535,1,10,87,1089,1,1,1,24,1089,28,1,1,allocated
524,993,normal,0,0,65535_65535,1,6,1645,424,0,1,0,24,0,15,1,1,pre_allocation
524,993,normal,0,0,65535_65535,1,6,1645,442,1,1,1,25,442,15,1,1,allocated
524,993,normal,0,0,65535_65535,1,8,87,1089,0,1,0,24,0,28,1,1,pre_allocation
524,993,normal,0,0,65535_65535,1,8,87,1135,1,1,1,25,1135,28,1,1,allocated
524,993,normal,0,0,65535_65535,1,9,87,1089,0,1,0,24,0,28,1,1,pre_allocation
524,993,normal,0,0,65535_65535,1,9,87,1135,1,1,1,25,1135,28,1,1,allocated
524,993,normal,0,0,65535_65535,1,10,87,1089,0,1,0,24,0,28,1,1,pre_allocation
524,993,normal,0,0,65535_65535,1,10,87,1135,1,1,1,25,1135,28,1,1,allocated
524,993,normal,0,0,65535_65535,1,6,1645,442,0,1,0,25,0,15,1,1,pre_allocation
524,993,normal,0,0,65535_65535,1,6,1645,460,1,1,1,26,460,15,1,1,allocated
524,993,normal,0,0,65535_65535,1,8,87,1135,0,1,0,25,0,28,1,1,pre_allocation
524,993,normal,0,0,65535_65535,1,8,87,1181,1,1,1,26,1181,28,1,1,allocated
524,993,normal,0,0,65535_65535,1,9,87,1135,0,1,0,25,0,28,1,1,pre_allocation
524,993,normal,0,0,65535_65535,1,9,87,1181,1,1,1,26,1181,28,1,1,allocated
524,993,normal,0,0,65535_65535,1,10,87,1135,0,1,0,25,0,28,1,1,pre_allocation
524,993,normal,0,0,65535_65535,1,10,87,1181,1,1,1,26,1181,28,1,1,allocated
524,993,normal,0,0,65535_65535,1,6,1645,460,0,1,0,26,0,15,1,1,pre_allocation
524,993,normal,0,0,65535_65535,1,6,1645,478,1,1,1,27,478,15,1,1,allocated
524,993,normal,0,0,65535_65535,1,8,87,1181,0,1,0,26,0,28,1,1,pre_allocation
524,993,normal,0,0,65535_65535,1,8,87,1226,1,1,1,27,1226,28,1,1,allocated
524,993,normal,0,0,65535_65535,1,9,87,1181,0,1,0,26,0,28,1,1,pre_allocation
524,993,normal,0,0,65535_65535,1,9,87,1226,1,1,1,27,1226,28,1,1,allocated
524,993,normal,0,0,65535_65535,1,10,87,1181,0,1,0,26,0,28,1,1,pre_allocation
524,993,normal,0,0,65535_65535,1,10,87,1226,1,1,1,27,1226,28,1,1,allocated
524,993,normal,0,0,65535_65535,1,6,1645,478,0,1,0,27,0,15,1,1,pre_allocation
524,993,normal,0,0,65535_65535,1,6,1645,495,1,1,1,28,495,15,1,1,allocated
524,993,normal,0,0,65535_65535,1,8,87,1226,0,1,0,27,0,28,1,1,pre_allocation
524,993,normal,0,0,65535_65535,1,8,87,1272,1,1,1,28,1272,28,1,1,allocated
524,993,normal,0,0,65535_65535,1,9,87,1226,0,1,0,27,0,28,1,1,pre_allocation
524,993,normal,0,0,65535_65535,1,9,87,1272,1,1,1,28,1272,28,1,1,allocated
524,993,normal,0,0,65535_65535,1,10,87,1226,0,1,0,27,0,28,1,1,pre_allocation
524,993,normal,0,0,65535_65535,1,10,87,1272,1,1,1,28,1272,28,1,1,allocated
524,993,normal,0,0,65535_65535,1,6,1645,495,0,1,0,28,0,15,1,1,pre_allocation
524,993,normal,0,0,65535_65535,1,6,1645,513,1,1,1,29,513,15,1,1,allocated
524,993,normal,0,0,65535_65535,1,8,87,1272,0,1,0,28,0,28,1,1,pre_allocation
524,993,normal,0,0,65535_65535,1,8,87,1317,1,1,1,29,1317,28,1,1,allocated
524,993,normal,0,0,65535_65535,1,9,87,1272,0,1,0,28,0,28,1,1,pre_allocation
524,993,normal,0,0,65535_65535,1,9,87,1317,1,1,1,29,1317,28,1,1,allocated
524,993,normal,0,0,65535_65535,1,10,87,1272,0,1,0,28,0,28,1,1,pre_allocation
524,993,normal,0,0,65535_65535,1,10,87,1317,1,1,1,29,1317,28,1,1,allocated
524,993,normal,0,0,65535_65535,1,6,1645,513,0,1,0,29,0,15,1,1,pre_allocation
524,993,normal,0,0,65535_65535,1,6,1645,531,1,1,1,30,531,15,1,1,allocated
524,993,normal,0,0,65535_65535,1,8,87,1317,0,1,0,29,0,28,1,1,pre_allocation
524,993,normal,0,0,65535_65535,1,8,87,1363,1,1,1,30,1363,28,1,1,allocated
524,993,normal,0,0,65535_65535,1,9,87,1317,0,1,0,29,0,28,1,1,pre_allocation
524,993,normal,0,0,65535_65535,1,9,87,1363,1,1,1,30,1363,28,1,1,allocated
524,993,normal,0,0,65535_65535,1,10,87,1317,0,1,0,29,0,28,1,1,pre_allocation
524,993,normal,0,0,65535_65535,1,10,87,1363,1,1,1,30,1363,28,1,1,allocated
524,993,normal,0,0,65535_65535,1,6,1645,531,0,1,0,30,0,15,1,1,pre_allocation
524,993,normal,0,0,65535_65535,1,6,1645,549,1,1,1,31,549,15,1,1,allocated
524,993,normal,0,0,65535_65535,1,8,87,1363,0,1,0,30,0,28,1,1,pre_allocation
524,993,normal,0,0,65535_65535,1,8,87,1408,1,1,1,31,1408,28,1,1,allocated
524,993,normal,0,0,65535_65535,1,9,87,1363,0,1,0,30,0,28,1,1,pre_allocation
524,993,normal,0,0,65535_65535,1,9,87,1408,1,1,1,31,1408,28,1,1,allocated
524,993,normal,0,0,65535_65535,1,10,87,1363,0,1,0,30,0,28,1,1,pre_allocation
524,993,normal,0,0,65535_65535,1,10,87,1408,1,1,1,31,1408,28,1,1,allocated
524,993,normal,0,0,65535_65535,1,6,1645,549,0,1,0,31,0,15,1,1,pre_allocation
524,993,normal,0,0,65535_65535,1,6,1645,567,1,1,1,32,567,15,1,1,allocated
524,993,normal,0,0,65535_65535,1,8,87,1408,0,1,0,31,0,28,1,1,pre_allocation
524,993,normal,0,0,65535_65535,1,8,87,1454,1,1,1,32,1454,28,1,1,allocated
524,993,normal,0,0,65535_65535,1,9,87,1408,0,1,0,31,0,28,1,1,pre_allocation
524,993,normal,0,0,65535_65535,1,9,87,1454,1,1,1,32,1454,28,1,1,allocated
524,993,normal,0,0,65535_65535,1,10,87,1408,0,1,0,31,0,28,1,1,pre_allocation
524,993,normal,0,0,65535_65535,1,10,87,1454,1,1,1,32,1454,28,1,1,allocated
524,993,normal,0,0,65535_65535,1,6,1645,567,0,1,0,32,0,15,1,1,pre_allocation
524,993,normal,0,0,65535_65535,1,6,1645,585,1,1,1,33,585,15,1,1,allocated
524,993,normal,0,0,65535_65535,1,8,87,1454,0,1,0,32,0,28,1,1,pre_allocation
524,993,normal,0,0,65535_65535,1,8,87,1499,1,1,1,33,1499,28,1,1,allocated
524,993,normal,0,0,65535_65535,1,9,87,1454,0,1,0,32,0,28,1,1,pre_allocation
524,993,normal,0,0,65535_65535,1,9,87,1499,1,1,1,33,1499,28,1,1,allocated
524,993,normal,0,0,65535_65535,1,10,87,1454,0,1,0,32,0,28,1,1,pre_allocation
524,993,normal,0,0,65535_65535,1,10,87,1499,1,1,1,33,1499,28,1,1,allocated
524,993,normal,0,0,65535_65535,1,6,1645,585,0,1,0,33,0,15,1,1,pre_allocation
524,993,normal,0,0,65535_65535,1,6,1645,602,1,1,1,34,602,15,1,1,allocated
524,993,normal,0,0,65535_65535,1,8,87,1499,0,1,0,33,0,28,1,1,pre_allocation
524,993,normal,0,0,65535_65535,1,8,87,1542,1,1,1,34,1542,28,1,1,allocated
524,993,normal,0,0,65535_65535,1,9,87,1499,0,1,0,33,0,28,1,1,pre_allocation
524,993,normal,0,0,65535_65535,1,9,87,1542,1,1,1,34,1542,28,1,1,allocated
524,993,normal,0,0,65535_65535,1,10,87,1499,0,1,0,33,0,28,1,1,pre_allocation
524,993,normal,0,0,65535_65535,1,10,87,1542,1,1,1,34,1542,28,1,1,allocated
524,993,normal,0,0,65535_65535,1,6,1645,602,0,1,0,34,0,15,1,1,pre_allocation
524,993,normal,0,0,65535_65535,1,6,1645,620,1,1,1,35,620,15,1,1,allocated
524,993,normal,0,0,65535_65535,1,8,87,1542,0,1,0,34,0,28,1,1,pre_allocation
524,993,normal,0,0,65535_65535,1,8,87,1587,1,1,1,35,1587,28,1,1,allocated
524,993,normal,0,0,65535_65535,1,9,87,1542,0,1,0,34,0,28,1,1,pre_allocation
524,993,normal,0,0,65535_65535,1,9,87,1587,1,1,1,35,1587,28,1,1,allocated
524,993,normal,0,0,65535_65535,1,10,87,1542,0,1,0,34,0,28,1,1,pre_allocation
524,993,normal,0,0,65535_65535,1,10,87,1587,1,1,1,35,1587,28,1,1,allocated
524,993,normal,0,0,65535_65535,1,6,1645,620,0,1,0,35,0,15,1,1,pre_allocation
524,993,normal,0,0,65535_65535,1,6,1645,638,1,1,1,36,638,15,1,1,allocated
524,993,normal,0,0,65535_65535,1,8,87,1587,0,1,0,35,0,28,1,1,pre_allocation
524,993,normal,0,0,65535_65535,1,8,87,1633,1,1,1,36,1633,28,1,1,allocated
524,993,normal,0,0,65535_65535,1,9,87,1587,0,1,0,35,0,28,1,1,pre_allocation
524,993,normal,0,0,65535_65535,1,9,87,1633,1,1,1,36,1633,28,1,1,allocated
524,993,normal,0,0,65535_65535,1,10,87,1587,0,1,0,35,0,28,1,1,pre_allocation
524,993,normal,0,0,65535_65535,1,10,87,1633,1,1,1,36,1633,28,1,1,allocated
524,993,normal,0,0,65535_65535,1,6,1645,638,0,1,0,36,0,15,1,1,pre_allocation
524,993,normal,0,0,65535_65535,1,6,1645,656,1,1,1,37,656,15,1,1,allocated
524,993,normal,0,0,65535_65535,1,8,87,1633,0,1,0,36,0,28,1,1,pre_allocation
524,993,normal,0,0,65535_65535,1,8,87,1678,1,1,1,37,1678,28,1,1,allocated
524,993,normal,0,0,65535_65535,1,9,87,1633,0,1,0,36,0,28,1,1,pre_allocation
524,993,normal,0,0,65535_65535,1,9,87,1678,1,1,1,37,1678,28,1,1,allocated
524,993,normal,0,0,65535_65535,1,10,87,1633,0,1,0,36,0,28,1,1,pre_allocation
524,993,normal,0,0,65535_65535,1,10,87,1678,1,1,1,37,1678,28,1,1,allocated
524,993,normal,0,0,65535_65535,1,6,1645,656,0,1,0,37,0,15,1,1,pre_allocation
524,993,normal,0,0,65535_65535,1,6,1645,674,1,1,1,38,674,15,1,1,allocated
524,993,normal,0,0,65535_65535,1,8,87,1678,0,1,0,37,0,28,1,1,pre_allocation
524,993,normal,0,0,65535_65535,1,8,87,1724,1,1,1,38,1724,28,1,1,allocated
524,993,normal,0,0,65535_65535,1,9,87,1678,0,1,0,37,0,28,1,1,pre_allocation
524,993,normal,0,0,65535_65535,1,9,87,1724,1,1,1,38,1724,28,1,1,allocated
524,993,normal,0,0,65535_65535,1,10,87,1678,0,1,0,37,0,28,1,1,pre_allocation
524,993,normal,0,0,65535_65535,1,10,87,1724,1,1,1,38,1724,28,1,1,allocated
524,993,normal,0,0,65535_65535,1,6,1645,674,0,1,0,38,0,15,1,1,pre_allocation
524,993,normal,0,0,65535_65535,1,6,1645,691,1,1,1,39,691,15,1,1,allocated
524,993,normal,0,0,65535_65535,1,8,87,1724,0,1,0,38,0,28,1,1,pre_allocation
524,993,normal,0,0,65535_65535,1,8,87,1770,1,1,1,39,1770,28,1,1,allocated
524,993,normal,0,0,65535_65535,1,9,87,1724,0,1,0,38,0,28,1,1,pre_allocation
524,993,normal,0,0,65535_65535,1,9,87,1770,1,1,1,39,1770,28,1,1,allocated
524,993,normal,0,0,65535_65535,1,10,87,1724,0,1,0,38,0,28,1,1,pre_allocation
524,993,normal,0,0,65535_65535,1,10,87,1770,1,1,1,39,1770,28,1,1,allocated
524,993,normal,0,0,65535_65535,1,6,1645,691,0,1,0,39,0,15,1,1,pre_allocation
524,993,normal,0,0,65535_65535,1,6,1645,709,1,1,1,40,709,15,1,1,allocated
524,993,normal,0,0,65535_65535,1,8,87,1770,0,1,0,39,0,28,1,1,pre_allocation
524,993,normal,0,0,65535_65535,1,8,87,1815,1,1,1,40,1815,28,1,1,allocated
524,993,normal,0,0,65535_65535,1,9,87,1770,0,1,0,39,0,28,1,1,pre_allocation
524,993,normal,0,0,65535_65535,1,9,87,1815,1,1,1,40,1815,28,1,1,allocated
524,993,normal,0,0,65535_65535,1,10,87,1770,0,1,0,39,0,28,1,1,pre_allocation
524,993,normal,0,0,65535_65535,1,10,87,1815,1,1,1,40,1815,28,1,1,allocated
524,993,normal,0,0,65535_65535,1,6,1645,709,0,1,0,40,0,15,1,1,pre_allocation
524,993,normal,0,0,65535_65535,1,6,1645,727,1,1,1,41,727,15,1,1,allocated
524,993,normal,0,0,65535_65535,1,8,87,1815,0,1,0,40,0,28,1,1,pre_allocation
524,993,normal,0,0,65535_65535,1,8,87,1861,1,1,1,41,1861,28,1,1,allocated
524,993,normal,0,0,65535_65535,1,9,87,1815,0,1,0,40,0,28,1,1,pre_allocation
524,993,normal,0,0,65535_65535,1,9,87,1861,1,1,1,41,1861,28,1,1,allocated
636,1091,normal,0,0,65535_65535,0,1,177755,0,0,1,0,0,0,28,1,1,pre_allocation
636,1091,normal,0,0,65535_65535,0,1,177755,42,1,1,1,1,42,28,1,1,allocated
636,1091,normal,0,0,65535_65535,0,2,187498,0,0,1,0,0,0,28,1,1,pre_allocation
636,1091,normal,0,0,65535_65535,0,2,187498,42,1,1,1,1,42,28,1,1,allocated
636,1091,normal,0,0,65535_65535,0,3,188387,0,0,1,0,0,0,28,1,1,pre_allocation
636,1091,normal,0,0,65535_65535,0,3,188387,42,1,1,1,1,42,28,1,1,allocated
636,1091,normal,0,0,65535_65535,0,4,194055,0,0,1,0,0,0,28,1,1,pre_allocation
636,1091,normal,0,0,65535_65535,0,4,194055,42,1,1,1,1,42,28,1,1,allocated
636,1091,normal,0,0,65535_65535,0,5,199110,0,0,1,0,0,0,28,1,1,pre_allocation
636,1091,normal,0,0,65535_65535,0,5,199110,42,1,1,1,1,42,28,1,1,allocated
636,1091,normal,0,0,65535_65535,0,1,177755,42,0,1,0,1,0,28,1,1,pre_allocation
636,1091,normal,0,0,65535_65535,0,1,177755,88,1,1,1,2,88,28,1,1,allocated
636,1091,normal,0,0,65535_65535,0,2,187498,42,0,1,0,1,0,28,1,1,pre_allocation
636,1091,normal,0,0,65535_65535,0,2,187498,88,1,1,1,2,88,28,1,1,allocated
636,1091,normal,0,0,65535_65535,0,3,188387,42,0,1,0,1,0,28,1,1,pre_allocation
636,1091,normal,0,0,65535_65535,0,3,188387,88,1,1,1,2,88,28,1,1,allocated
636,1091,normal,0,0,65535_65535,0,4,194055,42,0,1,0,1,0,28,1,1,pre_allocation
636,1091,normal,0,0,65535_65535,0,4,194055,88,1,1,1,2,88,28,1,1,allocated
636,1091,normal,0,0,65535_65535,0,5,199110,42,0,1,0,1,0,28,1,1,pre_allocation
636,1091,normal,0,0,65535_65535,0,5,199110,88,1,1,1,2,88,28,1,1,allocated
636,1091,normal,0,0,65535_65535,0,1,177755,88,0,1,0,2,0,28,1,1,pre_allocation
636,1091,normal,0,0,65535_65535,0,1,177755,133,1,1,1,3,133,28,1,1,allocated
636,1091,normal,0,0,65535_65535,0,2,187498,88,0,1,0,2,0,28,1,1,pre_allocation
636,1091,normal,0,0,65535_65535,0,2,187498,133,1,1,1,3,133,28,1,1,allocated
636,1091,normal,0,0,65535_65535,0,3,188387,88,0,1,0,2,0,28,1,1,pre_allocation
636,1091,normal,0,0,65535_65535,0,3,188387,133,1,1,1,3,133,28,1,1,allocated
636,1091,normal,0,0,65535_65535,0,4,194055,88,0,1,0,2,0,28,1,1,pre_allocation
636,1091,normal,0,0,65535_65535,0,4,194055,133,1,1,1,3,133,28,1,1,allocated
636,1091,normal,0,0,65535_65535,0,5,199110,88,0,1,0,2,0,28,1,1,pre_allocation
636,1091,normal,0,0,65535_65535,0,5,199110,133,1,1,1,3,133,28,1,1,allocated
636,1091,normal,0,0,65535_65535,0,1,177755,133,0,1,0,3,0,28,1,1,pre_allocation
636,1091,normal,0,0,65535_65535,0,1,177755,179,1,1,1,4,179,28,1,1,allocated
636,1091,normal,0,0,65535_65535,0,2,187498,133,0,1,0,3,0,28,1,1,pre_allocation
636,1091,normal,0,0,65535_65535,0,2,187498,179,1,1,1,4,179,28,1,1,allocated
636,1091,normal,0,0,65535_65535,0,3,188387,133,0,1,0,3,0,28,1,1,pre_allocation
636,1091,normal,0,0,65535_65535,0,3,188387,179,1,1,1,4,179,28,1,1,allocated
636,1091,normal,0,0,65535_65535,0,4,194055,133,0,1,0,3,0,28,1,1,pre_allocation
636,1091,normal,0,0,65535_65535,0,4,194055,179,1,1,1,4,179,28,1,1,allocated
636,1091,normal,0,0,65535_65535,0,5,199110,133,0,1,0,3,0,28,1,1,pre_allocation
636,1091,normal,0,0,65535_65535,0,5,199110,179,1,1,1,4,179,28,1,1,allocated
636,1091,normal,0,0,65535_65535,0,1,177755,179,0,1,0,4,0,28,1,1,pre_allocation
636,1091,normal,0,0,65535_65535,0,1,177755,224,1,1,1,5,224,28,1,1,allocated
636,1091,normal,0,0,65535_65535,0,2,187498,179,0,1,0,4,0,28,1,1,pre_allocation
636,1091,normal,0,0,65535_65535,0,2,187498,224,1,1,1,5,224,28,1,1,allocated
636,1091,normal,0,0,65535_65535,0,3,188387,179,0,1,0,4,0,28,1,1,pre_allocation
636,1091,normal,0,0,65535_65535,0,3,188387,224,1,1,1,5,224,28,1,1,allocated
636,1091,normal,0,0,65535_65535,0,4,194055,179,0,1,0,4,0,28,1,1,pre_allocation
636,1091,normal,0,0,65535_65535,0,4,194055,224,1,1,1,5,224,28,1,1,allocated
636,1091,normal,0,0,65535_65535,0,5,199110,179,0,1,0,4,0,28,1,1,pre_allocation
636,1091,normal,0,0,65535_65535,0,5,199110,224,1,1,1,5,224,28,1,1,allocated
636,1091,normal,0,0,65535_65535,0,1,177755,224,0,1,0,5,0,28,1,1,pre_allocation
636,1091,normal,0,0,65535_65535,0,1,177755,270,1,1,1,6,270,28,1,1,allocated
636,1091,normal,0,0,65535_65535,0,2,187498,224,0,1,0,5,0,28,1,1,pre_allocation
636,1091,normal,0,0,65535_65535,0,2,187498,270,1,1,1,6,270,28,1,1,allocated
636,1091,normal,0,0,65535_65535,0,3,188387,224,0,1,0,5,0,28,1,1,pre_allocation
636,1091,normal,0,0,65535_65535,0,3,188387,270,1,1,1,6,270,28,1,1,allocated
636,1091,normal,0,0,65535_65535,0,4,194055,224,0,1,0,5,0,28,1,1,pre_allocation
636,1091,normal,0,0,65535_65535,0,4,194055,270,1,1,1,6,270,28,1,1,allocated
636,1091,normal,0,0,65535_65535,0,5,199110,224,0,1,0,5,0,28,1,1,pre_allocation
636,1091,normal,0,0,65535_65535,0,5,199110,270,1,1,1,6,270,28,1,1,allocated
636,1091,normal,0,0,65535_65535,0,1,177755,270,0,1,0,6,0,28,1,1,pre_allocation
636,1091,normal,0,0,65535_65535,0,1,177755,315,1,1,1,7,315,28,1,1,allocated
636,1091,normal,0,0,65535_65535,0,2,187498,270,0,1,0,6,0,28,1,1,pre_allocation
636,1091,normal,0,0,65535_65535,0,2,187498,315,1,1,1,7,315,28,1,1,allocated
636,1091,normal,0,0,65535_65535,0,3,188387,270,0,1,0,6,0,28,1,1,pre_allocation
636,1091,normal,0,0,65535_65535,0,3,188387,315,1,1,1,7,315,28,1,1,allocated
636,1091,normal,0,0,65535_65535,0,4,194055,270,0,1,0,6,0,28,1,1,pre_allocation
636,1091,normal,0,0,65535_65535,0,4,194055,315,1,1,1,7,315,28,1,1,allocated
636,1091,normal,0,0,65535_65535,0,5,199110,270,0,1,0,6,0,28,1,1,pre_allocation
636,1091,normal,0,0,65535_65535,0,5,199110,315,1,1,1,7,315,28,1,1,allocated
636,1091,normal,0,0,65535_65535,0,1,177755,315,0,1,0,7,0,28,1,1,pre_allocation
636,1091,normal,0,0,65535_65535,0,1,177755,361,1,1,1,8,361,28,1,1,allocated
636,1091,normal,0,0,65535_65535,0,2,187498,315,0,1,0,7,0,28,1,1,pre_allocation
636,1091,normal,0,0,65535_65535,0,2,187498,361,1,1,1,8,361,28,1,1,allocated
636,1091,normal,0,0,65535_65535,0,3,188387,315,0,1,0,7,0,28,1,1,pre_allocation
636,1091,normal,0,0,65535_65535,0,3,188387,361,1,1,1,8,361,28,1,1,allocated
636,1091,normal,0,0,65535_65535,0,4,194055,315,0,1,0,7,0,28,1,1,pre_allocation
636,1091,normal,0,0,65535_65535,0,4,194055,361,1,1,1,8,361,28,1,1,allocated
636,1091,normal,0,0,65535_65535,0,5,199110,315,0,1,0,7,0,28,1,1,pre_allocation
636,1091,normal,0,0,65535_65535,0,5,199110,361,1,1,1,8,361,28,1,1,allocated
636,1091,normal,0,0,65535_65535,0,1,177755,361,0,1,0,8,0,28,1,1,pre_allocation
636,1091,normal,0,0,65535_65535,0,1,177755,406,1,1,1,9,406,28,1,1,allocated
636,1091,normal,0,0,65535_65535,0,2,187498,361,0,1,0,8,0,28,1,1,pre_allocation
636,1091,normal,0,0,65535_65535,0,2,187498,406,1,1,1,9,406,28,1,1,allocated
636,1091,normal,0,0,65535_65535,0,3,188387,361,0,1,0,8,0,28,1,1,pre_allocation
636,1091,normal,0,0,65535_65535,0,3,188387,406,1,1,1,9,406,28,1,1,allocated
636,1091,normal,0,0,65535_65535,0,4,194055,361,0,1,0,8,0,28,1,1,pre_allocation
636,1091,normal,0,0,65535_65535,0,4,194055,406,1,1,1,9,406,28,1,1,allocated
636,1091,normal,0,0,65535_65535,0,5,199110,361,0,1,0,8,0,28,1,1,pre_allocation
636,1091,normal,0,0,65535_65535,0,5,199110,406,1,1,1,9,406,28,1,1,allocated
636,1091,normal,0,0,65535_65535,0,1,177755,406,0,1,0,9,0,28,1,1,pre_allocation
636,1091,normal,0,0,65535_65535,0,1,177755,452,1,1,1,10,452,28,1,1,allocated
636,1091,normal,0,0,65535_65535,0,2,187498,406,0,1,0,9,0,28,1,1,pre_allocation
636,1091,normal,0,0,65535_65535,0,2,187498,452,1,1,1,10,452,28,1,1,allocated
636,1091,normal,0,0,65535_65535,0,3,188387,406,0,1,0,9,0,28,1,1,pre_allocation
636,1091,normal,0,0,65535_65535,0,3,188387,452,1,1,1,10,452,28,1,1,allocated
636,1091,normal,0,0,65535_65535,0,4,194055,406,0,1,0,9,0,28,1,1,pre_allocation
636,1091,normal,0,0,65535_65535,0,4,194055,452,1,1,1,10,452,28,1,1,allocated
636,1091,normal,0,0,65535_65535,0,5,199110,406,0,1,0,9,0,28,1,1,pre_allocation
636,1091,normal,0,0,65535_65535,0,5,199110,452,1,1,1,10,452,28,1,1,allocated
636,1091,normal,0,0,65535_65535,0,1,177755,452,0,1,0,10,0,28,1,1,pre_allocation
636,1091,normal,0,0,65535_65535,0,1,177755,497,1,1,1,11,497,28,1,1,allocated
636,1091,normal,0,0,65535_65535,0,2,187498,452,0,1,0,10,0,28,1,1,pre_allocation
636,1091,normal,0,0,65535_65535,0,2,187498,497,1,1,1,11,497,28,1,1,allocated
636,1091,normal,0,0,65535_65535,0,3,188387,452,0,1,0,10,0,28,1,1,pre_allocation
636,1091,normal,0,0,65535_65535,0,3,188387,497,1,1,1,11,497,28,1,1,allocated
636,1091,normal,0,0,65535_65535,0,4,194055,452,0,1,0,10,0,28,1,1,pre_allocation
636,1091,normal,0,0,65535_65535,0,4,194055,497,1,1,1,11,497,28,1,1,allocated
636,1091,normal,0,0,65535_65535,0,5,199110,452,0,1,0,10,0,28,1,1,pre_allocation
636,1091,normal,0,0,65535_65535,0,5,199110,497,1,1,1,11,497,28,1,1,allocated
636,1091,normal,0,0,65535_65535,0,1,177755,497,0,1,0,11,0,28,1,1,pre_allocation
636,1091,normal,0,0,65535_65535,0,1,177755,543,1,1,1,12,543,28,1,1,allocated
636,1091,normal,0,0,65535_65535,0,2,187498,497,0,1,0,11,0,28,1,1,pre_allocation
636,1091,normal,0,0,65535_65535,0,2,187498,543,1,1,1,12,543,28,1,1,allocated
636,1091,normal,0,0,65535_65535,0,3,188387,497,0,1,0,11,0,28,1,1,pre_allocation
636,1091,normal,0,0,65535_65535,0,3,188387,543,1,1,1,12,543,28,1,1,allocated
636,1091,normal,0,0,65535_65535,0,4,194055,497,0,1,0,11,0,28,1,1,pre_allocation
636,1091,normal,0,0,65535_65535,0,4,194055,543,1,1,1,12,543,28,1,1,allocated
636,1091,normal,0,0,65535_65535,0,5,199110,497,0,1,0,11,0,28,1,1,pre_allocation
636,1091,normal,0,0,65535_65535,0,5,199110,543,1,1,1,12,543,28,1,1,allocated
636,1091,normal,0,0,65535_65535,0,1,177755,543,0,1,0,12,0,28,1,1,pre_allocation
636,1091,normal,0,0,65535_65535,0,1,177755,589,1,1,1,13,589,28,1,1,allocated
636,1091,normal,0,0,65535_65535,0,2,187498,543,0,1,0,12,0,28,1,1,pre_allocation
636,1091,normal,0,0,65535_65535,0,2,187498,589,1,1,1,13,589,28,1,1,allocated
636,1091,normal,0,0,65535_65535,0,3,188387,543,0,1,0,12,0,28,1,1,pre_allocation
636,1091,normal,0,0,65535_65535,0,3,188387,589,1,1,1,13,589,28,1,1,allocated
636,1091,normal,0,0,65535_65535,0,4,194055,543,0,1,0,12,0,28,1,1,pre_allocation
636,1091,normal,0,0,65535_65535,0,4,194055,589,1,1,1,13,589,28,1,1,allocated
636,1091,normal,0,0,65535_65535,0,5,199110,543,0,1,0,12,0,28,1,1,pre_allocation
636,1091,normal,0,0,65535_65535,0,5,199110,589,1,1,1,13,589,28,1,1,allocated
636,1091,normal,0,0,65535_65535,0,1,177755,589,0,1,0,13,0,28,1,1,pre_allocation
636,1091,normal,0,0,65535_65535,0,1,177755,634,1,1,1,14,634,28,1,1,allocated
636,1091,normal,0,0,65535_65535,0,2,187498,589,0,1,0,13,0,28,1,1,pre_allocation
636,1091,normal,0,0,65535_65535,0,2,187498,634,1,1,1,14,634,28,1,1,allocated
636,1091,normal,0,0,65535_65535,0,3,188387,589,0,1,0,13,0,28,1,1,pre_allocation
636,1091,normal,0,0,65535_65535,0,3,188387,634,1,1,1,14,634,28,1,1,allocated
636,1091,normal,0,0,65535_65535,0,4,194055,589,0,1,0,13,0,28,1,1,pre_allocation
636,1091,normal,0,0,65535_65535,0,4,194055,634,1,1,1,14,634,28,1,1,allocated
636,1091,normal,0,0,65535_65535,0,5,199110,589,0,1,0,13,0,28,1,1,pre_allocation
636,1091,normal,0,0,65535_65535,0,5,199110,634,1,1,1,14,634,28,1,1,allocated
636,1091,normal,0,0,65535_65535,0,1,177755,634,0,1,0,14,0,28,1,1,pre_allocation
636,1091,normal,0,0,65535_65535,0,1,177755,680,1,1,1,15,680,28,1,1,allocated
636,1091,normal,0,0,65535_65535,0,2,187498,634,0,1,0,14,0,28,1,1,pre_allocation
636,1091,normal,0,0,65535_65535,0,2,187498,680,1,1,1,15,680,28,1,1,allocated
636,1091,normal,0,0,65535_65535,0,3,188387,634,0,1,0,14,0,28,1,1,pre_allocation
636,1091,normal,0,0,65535_65535,0,3,188387,680,1,1,1,15,680,28,1,1,allocated
636,1091,normal,0,0,65535_65535,0,4,194055,634,0,1,0,14,0,28,1,1,pre_allocation
636,1091,normal,0,0,65535_65535,0,4,194055,680,1,1,1,15,680,28,1,1,allocated
636,1091,normal,0,0,65535_65535,0,5,199110,634,0,1,0,14,0,28,1,1,pre_allocation
636,1091,normal,0,0,65535_65535,0,5,199110,680,1,1,1,15,680,28,1,1,allocated
636,1091,normal,0,0,65535_65535,0,1,177755,680,0,1,0,15,0,28,1,1,pre_allocation
636,1091,normal,0,0,65535_65535,0,1,177755,725,1,1,1,16,725,28,1,1,allocated
636,1091,normal,0,0,65535_65535,0,2,187498,680,0,1,0,15,0,28,1,1,pre_allocation
636,1091,normal,0,0,65535_65535,0,2,187498,725,1,1,1,16,725,28,1,1,allocated
636,1091,normal,0,0,65535_65535,0,3,188387,680,0,1,0,15,0,28,1,1,pre_allocation
636,1091,normal,0,0,65535_65535,0,3,188387,725,1,1,1,16,725,28,1,1,allocated
636,1091,normal,0,0,65535_65535,0,4,194055,680,0,1,0,15,0,28,1,1,pre_allocation
636,1091,normal,0,0,65535_65535,0,4,194055,725,1,1,1,16,725,28,1,1,allocated
636,1091,normal,0,0,65535_65535,0,5,199110,680,0,1,0,15,0,28,1,1,pre_allocation
636,1091,normal,0,0,65535_65535,0,5,199110,725,1,1,1,16,725,28,1,1,allocated
636,1091,normal,0,0,65535_65535,0,1,177755,725,0,1,0,16,0,28,1,1,pre_allocation
636,1091,normal,0,0,65535_65535,0,1,177755,771,1,1,1,17,771,28,1,1,allocated
636,1091,normal,0,0,65535_65535,0,2,187498,725,0,1,0,16,0,28,1,1,pre_allocation
636,1091,normal,0,0,65535_65535,0,2,187498,771,1,1,1,17,771,28,1,1,allocated
636,1091,normal,0,0,65535_65535,0,3,188387,725,0,1,0,16,0,28,1,1,pre_allocation
636,1091,normal,0,0,65535_65535,0,3,188387,771,1,1,1,17,771,28,1,1,allocated
636,1091,normal,0,0,65535_65535,0,4,194055,725,0,1,0,16,0,28,1,1,pre_allocation
636,1091,normal,0,0,65535_65535,0,4,194055,771,1,1,1,17,771,28,1,1,allocated
636,1091,normal,0,0,65535_65535,1,6,1235,0,0,1,0,0,0,15,1,1,pre_allocation
636,1091,normal,0,0,65535_65535,1,6,1235,14,1,1,1,1,14,15,1,1,allocated
636,1091,normal,0,0,65535_65535,1,8,87,0,0,1,0,0,0,28,1,1,pre_allocation
636,1091,normal,0,0,65535_65535,1,8,87,42,1,1,1,1,42,28,1,1,allocated
636,1091,normal,0,0,65535_65535,1,9,87,0,0,1,0,0,0,28,1,1,pre_allocation
636,1091,normal,0,0,65535_65535,1,9,87,42,1,1,1,1,42,28,1,1,allocated
636,1091,normal,0,0,65535_65535,1,10,87,0,0,1,0,0,0,28,1,1,pre_allocation
636,1091,normal,0,0,65535_65535,1,10,87,42,1,1,1,1,42,28,1,1,allocated
636,1091,normal,0,0,65535_65535,1,6,1235,14,0,1,0,1,0,15,1,1,pre_allocation
636,1091,normal,0,0,65535_65535,1,6,1235,32,1,1,1,2,32,15,1,1,allocated
636,1091,normal,0,0,65535_65535,1,8,87,42,0,1,0,1,0,28,1,1,pre_allocation
636,1091,normal,0,0,65535_65535,1,8,87,88,1,1,1,2,88,28,1,1,allocated
636,1091,normal,0,0,65535_65535,1,9,87,42,0,1,0,1,0,28,1,1,pre_allocation
636,1091,normal,0,0,65535_65535,1,9,87,88,1,1,1,2,88,28,1,1,allocated
636,1091,normal,0,0,65535_65535,1,10,87,42,0,1,0,1,0,28,1,1,pre_allocation
636,1091,normal,0,0,65535_65535,1,10,87,88,1,1,1,2,88,28,1,1,allocated
636,1091,normal,0,0,65535_65535,1,6,1235,32,0,1,0,2,0,15,1,1,pre_allocation
636,1091,normal,0,0,65535_65535,1,6,1235,50,1,1,1,3,50,15,1,1,allocated
636,1091,normal,0,0,65535_65535,1,8,87,88,0,1,0,2,0,28,1,1,pre_allocation
636,1091,normal,0,0,65535_65535,1,8,87,133,1,1,1,3,133,28,1,1,allocated
636,1091,normal,0,0,65535_65535,1,9,87,88,0,1,0,2,0,28,1,1,pre_allocation
636,1091,normal,0,0,65535_65535,1,9,87,133,1,1,1,3,133,28,1,1,allocated
636,1091,normal,0,0,65535_65535,1,10,87,88,0,1,0,2,0,28,1,1,pre_allocation
636,1091,normal,0,0,65535_65535,1,10,87,133,1,1,1,3,133,28,1,1,allocated
636,1091,normal,0,0,65535_65535,1,6,1235,50,0,1,0,3,0,15,1,1,pre_allocation
636,1091,normal,0,0,65535_65535,1,6,1235,68,1,1,1,4,68,15,1,1,allocated
636,1091,normal,0,0,65535_65535,1,8,87,133,0,1,0,3,0,28,1,1,pre_allocation
636,1091,normal,0,0,65535_65535,1,8,87,179,1,1,1,4,179,28,1,1,allocated
636,1091,normal,0,0,65535_65535,1,9,87,133,0,1,0,3,0,28,1,1,pre_allocation
636,1091,normal,0,0,65535_65535,1,9,87,179,1,1,1,4,179,28,1,1,allocated
636,1091,normal,0,0,65535_65535,1,10,87,133,0,1,0,3,0,28,1,1,pre_allocation
636,1091,normal,0,0,65535_65535,1,10,87,179,1,1,1,4,179,28,1,1,allocated
636,1091,normal,0,0,65535_65535,1,6,1235,68,0,1,0,4,0,15,1,1,pre_allocation
636,1091,normal,0,0,65535_65535,1,6,1235,86,1,1,1,5,86,15,1,1,allocated
636,1091,normal,0,0,65535_65535,1,8,87,179,0,1,0,4,0,28,1,1,pre_allocation
636,1091,normal,0,0,65535_65535,1,8,87,224,1,1,1,5,224,28,1,1,allocated
636,1091,normal,0,0,65535_65535,1,9,87,179,0,1,0,4,0,28,1,1,pre_allocation
636,1091,normal,0,0,65535_65535,1,9,87,224,1,1,1,5,224,28,1,1,allocated
636,1091,normal,0,0,65535_65535,1,10,87,179,0,1,0,4,0,28,1,1,pre_allocation
636,1091,normal,0,0,65535_65535,1,10,87,224,1,1,1,5,224,28,1,1,allocated
636,1091,normal,0,0,65535_65535,1,6,1235,86,0,1,0,5,0,15,1,1,pre_allocation
636,1091,normal,0,0,65535_65535,1,6,1235,103,1,1,1,6,103,15,1,1,allocated
636,1091,normal,0,0,65535_65535,1,8,87,224,0,1,0,5,0,28,1,1,pre_allocation
636,1091,normal,0,0,65535_65535,1,8,87,270,1,1,1,6,270,28,1,1,allocated
636,1091,normal,0,0,65535_65535,1,9,87,224,0,1,0,5,0,28,1,1,pre_allocation
636,1091,normal,0,0,65535_65535,1,9,87,270,1,1,1,6,270,28,1,1,allocated
636,1091,normal,0,0,65535_65535,1,10,87,224,0,1,0,5,0,28,1,1,pre_allocation
636,1091,normal,0,0,65535_65535,1,10,87,270,1,1,1,6,270,28,1,1,allocated
636,1091,normal,0,0,65535_65535,1,6,1235,103,0,1,0,6,0,15,1,1,pre_allocation
636,1091,normal,0,0,65535_65535,1,6,1235,121,1,1,1,7,121,15,1,1,allocated
636,1091,normal,0,0,65535_65535,1,8,87,270,0,1,0,6,0,28,1,1,pre_allocation
636,1091,normal,0,0,65535_65535,1,8,87,315,1,1,1,7,315,28,1,1,allocated
636,1091,normal,0,0,65535_65535,1,9,87,270,0,1,0,6,0,28,1,1,pre_allocation
636,1091,normal,0,0,65535_65535,1,9,87,315,1,1,1,7,315,28,1,1,allocated
636,1091,normal,0,0,65535_65535,1,10,87,270,0,1,0,6,0,28,1,1,pre_allocation
636,1091,normal,0,0,65535_65535,1,10,87,315,1,1,1,7,315,28,1,1,allocated
636,1091,normal,0,0,65535_65535,1,6,1235,121,0,1,0,7,0,15,1,1,pre_allocation
636,1091,normal,0,0,65535_65535,1,6,1235,139,1,1,1,8,139,15,1,1,allocated
636,1091,normal,0,0,65535_65535,1,8,87,315,0,1,0,7,0,28,1,1,pre_allocation
636,1091,normal,0,0,65535_65535,1,8,87,361,1,1,1,8,361,28,1,1,allocated
636,1091,normal,0,0,65535_65535,1,9,87,315,0,1,0,7,0,28,1,1,pre_allocation
636,1091,normal,0,0,65535_65535,1,9,87,361,1,1,1,8,361,28,1,1,allocated
636,1091,normal,0,0,65535_65535,1,10,87,315,0,1,0,7,0,28,1,1,pre_allocation
636,1091,normal,0,0,65535_65535,1,10,87,361,1,1,1,8,361,28,1,1,allocated
636,1091,normal,0,0,65535_65535,1,6,1235,139,0,1,0,8,0,15,1,1,pre_allocation
636,1091,normal,0,0,65535_65535,1,6,1235,157,1,1,1,9,157,15,1,1,allocated
636,1091,normal,0,0,65535_65535,1,8,87,361,0,1,0,8,0,28,1,1,pre_allocation
636,1091,normal,0,0,65535_65535,1,8,87,406,1,1,1,9,406,28,1,1,allocated
636,1091,normal,0,0,65535_65535,1,9,87,361,0,1,0,8,0,28,1,1,pre_allocation
636,1091,normal,0,0,65535_65535,1,9,87,406,1,1,1,9,406,28,1,1,allocated
636,1091,normal,0,0,65535_65535,1,10,87,361,0,1,0,8,0,28,1,1,pre_allocation
636,1091,normal,0,0,65535_65535,1,10,87,406,1,1,1,9,406,28,1,1,allocated
636,1091,normal,0,0,65535_65535,1,6,1235,157,0,1,0,9,0,15,1,1,pre_allocation
636,1091,normal,0,0,65535_65535,1,6,1235,175,1,1,1,10,175,15,1,1,allocated
636,1091,normal,0,0,65535_65535,1,8,87,406,0,1,0,9,0,28,1,1,pre_allocation
636,1091,normal,0,0,65535_65535,1,8,87,452,1,1,1,10,452,28,1,1,allocated
636,1091,normal,0,0,65535_65535,1,9,87,406,0,1,0,9,0,28,1,1,pre_allocation
636,1091,normal,0,0,65535_65535,1,9,87,452,1,1,1,10,452,28,1,1,allocated
636,1091,normal,0,0,65535_65535,1,10,87,406,0,1,0,9,0,28,1,1,pre_allocation
636,1091,normal,0,0,65535_65535,1,10,87,452,1,1,1,10,452,28,1,1,allocated
636,1091,normal,0,0,65535_65535,1,6,1235,175,0,1,0,10,0,15,1,1,pre_allocation
636,1091,normal,0,0,65535_65535,1,6,1235,193,1,1,1,11,193,15,1,1,allocated
636,1091,normal,0,0,65535_65535,1,8,87,452,0,1,0,10,0,28,1,1,pre_allocation
636,1091,normal,0,0,65535_65535,1,8,87,497,1,1,1,11,497,28,1,1,allocated
636,1091,normal,0,0,65535_65535,1,9,87,452,0,1,0,10,0,28,1,1,pre_allocation
636,1091,normal,0,0,65535_65535,1,9,87,497,1,1,1,11,497,28,1,1,allocated
636,1091,normal,0,0,65535_65535,1,10,87,452,0,1,0,10,0,28,1,1,pre_allocation
636,1091,normal,0,0,65535_65535,1,10,87,497,1,1,1,11,497,28,1,1,allocated
636,1091,normal,0,0,65535_65535,1,6,1235,193,0,1,0,11,0,15,1,1,pre_allocation
636,1091,normal,0,0,65535_65535,1,6,1235,210,1,1,1,12,210,15,1,1,allocated
636,1091,normal,0,0,65535_65535,1,8,87,497,0,1,0,11,0,28,1,1,pre_allocation
636,1091,normal,0,0,65535_65535,1,8,87,543,1,1,1,12,543,28,1,1,allocated
636,1091,normal,0,0,65535_65535,1,9,87,497,0,1,0,11,0,28,1,1,pre_allocation
636,1091,normal,0,0,65535_65535,1,9,87,543,1,1,1,12,543,28,1,1,allocated
636,1091,normal,0,0,65535_65535,1,10,87,497,0,1,0,11,0,28,1,1,pre_allocation
636,1091,normal,0,0,65535_65535,1,10,87,543,1,1,1,12,543,28,1,1,allocated
636,1091,normal,0,0,65535_65535,1,6,1235,210,0,1,0,12,0,15,1,1,pre_allocation
636,1091,normal,0,0,65535_65535,1,6,1235,228,1,1,1,13,228,15,1,1,allocated
636,1091,normal,0,0,65535_65535,1,8,87,543,0,1,0,12,0,28,1,1,pre_allocation
636,1091,normal,0,0,65535_65535,1,8,87,589,1,1,1,13,589,28,1,1,allocated
636,1091,normal,0,0,65535_65535,1,9,87,543,0,1,0,12,0,28,1,1,pre_allocation
636,1091,normal,0,0,65535_65535,1,9,87,589,1,1,1,13,589,28,1,1,allocated
636,1091,normal,0,0,65535_65535,1,10,87,543,0,1,0,12,0,28,1,1,pre_allocation
636,1091,normal,0,0,65535_65535,1,10,87,589,1,1,1,13,589,28,1,1,allocated
636,1091,normal,0,0,65535_65535,1,6,1235,228,0,1,0,13,0,15,1,1,pre_allocation
636,1091,normal,0,0,65535_65535,1,6,1235,246,1,1,1,14,246,15,1,1,allocated
636,1091,normal,0,0,65535_65535,1,8,87,589,0,1,0,13,0,28,1,1,pre_allocation
636,1091,normal,0,0,65535_65535,1,8,87,634,1,1,1,14,634,28,1,1,allocated
636,1091,normal,0,0,65535_65535,1,9,87,589,0,1,0,13,0,28,1,1,pre_allocation
636,1091,normal,0,0,65535_65535,1,9,87,634,1,1,1,14,634,28,1,1,allocated
636,1091,normal,0,0,65535_65535,1,10,87,589,0,1,0,13,0,28,1,1,pre_allocation
636,1091,normal,0,0,65535_65535,1,10,87,634,1,1,1,14,634,28,1,1,allocated
636,1091,normal,0,0,65535_65535,1,6,1235,246,0,1,0,14,0,15,1,1,pre_allocation
636,1091,normal,0,0,65535_65535,1,6,1235,264,1,1,1,15,264,15,1,1,allocated
636,1091,normal,0,0,65535_65535,1,8,87,634,0,1,0,14,0,28,1,1,pre_allocation
636,1091,normal,0,0,65535_65535,1,8,87,680,1,1,1,15,680,28,1,1,allocated
636,1091,normal,0,0,65535_65535,1,9,87,634,0,1,0,14,0,28,1,1,pre_allocation
636,1091,normal,0,0,65535_65535,1,9,87,680,1,1,1,15,680,28,1,1,allocated
636,1091,normal,0,0,65535_65535,1,10,87,634,0,1,0,14,0,28,1,1,pre_allocation
636,1091,normal,0,0,65535_65535,1,10,87,680,1,1,1,15,680,28,1,1,allocated
636,1091,normal,0,0,65535_65535,1,6,1235,264,0,1,0,15,0,15,1,1,pre_allocation
636,1091,normal,0,0,65535_65535,1,6,1235,282,1,1,1,16,282,15,1,1,allocated
636,1091,normal,0,0,65535_65535,1,8,87,680,0,1,0,15,0,28,1,1,pre_allocation
636,1091,normal,0,0,65535_65535,1,8,87,725,1,1,1,16,725,28,1,1,allocated
636,1091,normal,0,0,65535_65535,1,9,87,680,0,1,0,15,0,28,1,1,pre_allocation
636,1091,normal,0,0,65535_65535,1,9,87,725,1,1,1,16,725,28,1,1,allocated
636,1091,normal,0,0,65535_65535,1,10,87,680,0,1,0,15,0,28,1,1,pre_allocation
636,1091,normal,0,0,65535_65535,1,10,87,725,1,1,1,16,725,28,1,1,allocated
636,1091,normal,0,0,65535_65535,1,6,1235,282,0,1,0,16,0,15,1,1,pre_allocation
636,1091,normal,0,0,65535_65535,1,6,1235,299,1,1,1,17,299,15,1,1,allocated
636,1091,normal,0,0,65535_65535,1,8,87,725,0,1,0,16,0,28,1,1,pre_allocation
636,1091,normal,0,0,65535_65535,1,8,87,771,1,1,1,17,771,28,1,1,allocated
636,1091,normal,0,0,65535_65535,1,9,87,725,0,1,0,16,0,28,1,1,pre_allocation
636,1091,normal,0,0,65535_65535,1,9,87,771,1,1,1,17,771,28,1,1,allocated
636,1091,normal,0,0,65535_65535,2,27,137,0,0,1,0,0,0,15,1,1,pre_allocation
636,1091,normal,0,0,65535_65535,2,27,137,14,1,1,1,1,14,15,1,1,allocated
636,1091,normal,0,0,65535_65535,2,26,137,0,0,1,0,0,0,28,1,1,pre_allocation
636,1091,normal,0,0,65535_65535,2,26,137,42,1,1,1,1,42,28,1,1,allocated
636,1091,normal,0,0,65535_65535,2,24,137,0,0,1,0,0,0,28,1,1,pre_allocation
636,1091,normal,0,0,65535_65535,2,24,137,42,1,1,1,1,42,28,1,1,allocated
636,1091,normal,0,0,65535_65535,2,11,137,0,0,1,0,0,0,8,1,1,pre_allocation
636,1091,normal,0,0,65535_65535,2,11,137,4,1,1,1,1,4,8,1,1,allocated
636,1091,normal,0,0,65535_65535,2,12,137,0,0,1,0,0,0,28,1,1,pre_allocation
636,1091,normal,0,0,65535_65535,2,12,137,42,1,1,1,1,42,28,1,1,allocated
636,1091,normal,0,0,65535_65535,2,13,137,0,0,1,0,0,0,10,1,1,pre_allocation
636,1091,normal,0,0,65535_65535,2,13,137,6,1,1,1,1,6,10,1,1,allocated
636,1091,normal,0,0,65535_65535,2,27,137,14,0,1,0,1,0,15,1,1,pre_allocation
636,1091,normal,0,0,65535_65535,2,27,137,32,1,1,1,2,32,15,1,1,allocated
636,1091,normal,0,0,65535_65535,2,26,137,42,0,1,0,1,0,28,1,1,pre_allocation
636,1091,normal,0,0,65535_65535,2,26,137,88,1,1,1,2,88,28,1,1,allocated
636,1091,normal,0,0,65535_65535,2,24,137,42,0,1,0,1,0,28,1,1,pre_allocation
636,1091,normal,0,0,65535_65535,2,24,137,88,1,1,1,2,88,28,1,1,allocated
636,1091,normal,0,0,65535_65535,2,11,137,4,0,1,0,1,0,8,1,1,pre_allocation
636,1091,normal,0,0,65535_65535,2,11,137,11,1,1,1,2,11,8,1,1,allocated
636,1091,normal,0,0,65535_65535,2,12,137,42,0,1,0,1,0,28,1,1,pre_allocation
636,1091,normal,0,0,65535_65535,2,12,137,88,1,1,1,2,88,28,1,1,allocated
636,1091,normal,0,0,65535_65535,2,13,137,6,0,1,0,1,0,10,1,1,pre_allocation
636,1091,normal,0,0,65535_65535,2,13,137,16,1,1,1,2,16,10,1,1,allocated
636,1091,normal,0,0,65535_65535,2,27,137,32,0,1,0,2,0,15,1,1,pre_allocation
636,1091,normal,0,0,65535_65535,2,27,137,50,1,1,1,3,50,15,1,1,allocated
636,1091,normal,0,0,65535_65535,2,26,137,88,0,1,0,2,0,28,1,1,pre_allocation
636,1091,normal,0,0,65535_65535,2,26,137,133,1,1,1,3,133,28,1,1,allocated
636,1091,normal,0,0,65535_65535,2,24,137,88,0,1,0,2,0,28,1,1,pre_allocation
636,1091,normal,0,0,65535_65535,2,24,137,133,1,1,1,3,133,28,1,1,allocated
636,1091,normal,0,0,65535_65535,2,11,137,11,0,1,0,2,0,8,1,1,pre_allocation
636,1091,normal,0,0,65535_65535,2,11,137,18,1,1,1,3,18,8,1,1,allocated
636,1091,normal,0,0,65535_65535,2,12,137,88,0,1,0,2,0,28,1,1,pre_allocation
636,1091,normal,0,0,65535_65535,2,12,137,133,1,1,1,3,133,28,1,1,allocated
636,1091,normal,0,0,65535_65535,2,13,137,16,0,1,0,2,0,10,1,1,pre_allocation
636,1091,normal,0,0,65535_65535,2,13,137,26,1,1,1,3,26,10,1,1,allocated
636,1091,normal,0,0,65535_65535,2,27,137,50,0,1,0,3,0,15,1,1,pre_allocation
636,1091,normal,0,0,65535_65535,2,27,137,68,1,1,1,4,68,15,1,1,allocated
636,1091,normal,0,0,65535_65535,2,26,137,133,0,1,0,3,0,28,1,1,pre_allocation
636,1091,normal,0,0,65535_65535,2,26,137,179,1,1,1,4,179,28,1,1,allocated
636,1091,normal,0,0,65535_65535,2,24,137,133,0,1,0,3,0,28,1,1,pre_allocation
636,1091,normal,0,0,65535_65535,2,24,137,179,1,1,1,4,179,28,1,1,allocated
636,1091,normal,0,0,65535_65535,2,11,137,18,0,1,0,3,0,8,1,1,pre_allocation
636,1091,normal,0,0,65535_65535,2,11,137,26,1,1,1,4,26,8,1,1,allocated
636,1091,normal,0,0,65535_65535,2,12,137,133,0,1,0,3,0,28,1,1,pre_allocation
636,1091,normal,0,0,65535_65535,2,12,137,179,1,1,1,4,179,28,1,1,allocated
636,1091,normal,0,0,65535_65535,2,13,137,26,0,1,0,3,0,10,1,1,pre_allocation
636,1091,normal,0,0,65535_65535,2,13,137,36,1,1,1,4,36,10,1,1,allocated
636,1091,normal,0,0,65535_65535,2,27,137,68,0,1,0,4,0,15,1,1,pre_allocation
636,1091,normal,0,0,65535_65535,2,27,137,86,1,1,1,5,86,15,1,1,allocated
636,1091,normal,0,0,65535_65535,2,26,137,179,0,1,0,4,0,28,1,1,pre_allocation
636,1091,normal,0,0,65535_65535,2,26,137,224,1,1,1,5,224,28,1,1,allocated
636,1091,normal,0,0,65535_65535,2,24,137,179,0,1,0,4,0,28,1,1,pre_allocation
636,1091,normal,0,0,65535_65535,2,24,137,224,1,1,1,5,224,28,1,1,allocated
636,1091,normal,0,0,65535_65535,2,11,137,26,0,1,0,4,0,8,1,1,pre_allocation
636,1091,normal,0,0,65535_65535,2,11,137,33,1,1,1,5,33,8,1,1,allocated
636,1091,normal,0,0,65535_65535,2,12,137,179,0,1,0,4,0,28,1,1,pre_allocation
636,1091,normal,0,0,65535_65535,2,12,137,224,1,1,1,5,224,28,1,1,allocated
636,1091,normal,0,0,65535_65535,2,13,137,36,0,1,0,4,0,10,1,1,pre_allocation
636,1091,normal,0,0,65535_65535,2,13,137,46,1,1,1,5,46,10,1,1,allocated
636,1091,normal,0,0,65535_65535,2,27,137,86,0,1,0,5,0,15,1,1,pre_allocation
636,1091,normal,0,0,65535_65535,2,27,137,103,1,1,1,6,103,15,1,1,allocated
636,1091,normal,0,0,65535_65535,2,26,137,224,0,1,0,5,0,28,1,1,pre_allocation
636,1091,normal,0,0,65535_65535,2,26,137,270,1,1,1,6,270,28,1,1,allocated
636,1091,normal,0,0,65535_65535,2,24,137,224,0,1,0,5,0,28,1,1,pre_allocation
636,1091,normal,0,0,65535_65535,2,24,137,270,1,1,1,6,270,28,1,1,allocated
636,1091,normal,0,0,65535_65535,2,11,137,33,0,1,0,5,0,8,1,1,pre_allocation
636,1091,normal,0,0,65535_65535,2,11,137,40,1,1,1,6,40,8,1,1,allocated
636,1091,normal,0,0,65535_65535,2,12,137,224,0,1,0,5,0,28,1,1,pre_allocation
636,1091,normal,0,0,65535_65535,2,12,137,270,1,1,1,6,270,28,1,1,allocated
636,1091,normal,0,0,65535_65535,2,13,137,46,0,1,0,5,0,10,1,1,pre_allocation
636,1091,normal,0,0,65535_65535,2,13,137,56,1,1,1,6,56,10,1,1,allocated
636,1091,normal,0,0,65535_65535,2,27,137,103,0,1,0,6,0,15,1,1,pre_allocation
636,1091,normal,0,0,65535_65535,2,27,137,121,1,1,1,7,121,15,1,1,allocated
636,1091,normal,0,0,65535_65535,2,26,137,270,0,1,0,6,0,28,1,1,pre_allocation
636,1091,normal,0,0,65535_65535,2,26,137,315,1,1,1,7,315,28,1,1,allocated
636,1091,normal,0,0,65535_65535,2,24,137,270,0,1,0,6,0,28,1,1,pre_allocation
636,1091,normal,0,0,65535_65535,2,24,137,315,1,1,1,7,315,28,1,1,allocated
636,1091,normal,0,0,65535_65535,2,11,137,40,0,1,0,6,0,8,1,1,pre_allocation
636,1091,normal,0,0,65535_65535,2,11,137,47,1,1,1,7,47,8,1,1,allocated
636,1091,normal,0,0,65535_65535,2,12,137,270,0,1,0,6,0,28,1,1,pre_allocation
636,1091,normal,0,0,65535_65535,2,12,137,315,1,1,1,7,315,28,1,1,allocated
636,1091,normal,0,0,65535_65535,2,13,137,56,0,1,0,6,0,10,1,1,pre_allocation
636,1091,normal,0,0,65535_65535,2,13,137,66,1,1,1,7,66,10,1,1,allocated
636,1091,normal,0,0,65535_65535,2,27,137,121,0,1,0,7,0,15,1,1,pre_allocation
636,1091,normal,0,0,65535_65535,2,27,137,139,1,1,1,8,139,15,1,1,allocated
636,1091,normal,0,0,65535_65535,2,26,137,315,0,1,0,7,0,28,1,1,pre_allocation
636,1091,normal,0,0,65535_65535,2,26,137,361,1,1,1,8,361,28,1,1,allocated
636,1091,normal,0,0,65535_65535,2,24,137,315,0,1,0,7,0,28,1,1,pre_allocation
636,1091,normal,0,0,65535_65535,2,24,137,361,1,1,1,8,361,28,1,1,allocated
636,1091,normal,0,0,65535_65535,2,11,137,47,0,1,0,7,0,8,1,1,pre_allocation
636,1091,normal,0,0,65535_65535,2,11,137,55,1,1,1,8,55,8,1,1,allocated
636,1091,normal,0,0,65535_65535,2,12,137,315,0,1,0,7,0,28,1,1,pre_allocation
636,1091,normal,0,0,65535_65535,2,12,137,361,1,1,1,8,361,28,1,1,allocated
636,1091,normal,0,0,65535_65535,2,13,137,66,0,1,0,7,0,10,1,1,pre_allocation
636,1091,normal,0,0,65535_65535,2,13,137,76,1,1,1,8,76,10,1,1,allocated
636,1091,normal,0,0,65535_65535,2,27,137,139,0,1,0,8,0,15,1,1,pre_allocation
636,1091,normal,0,0,65535_65535,2,27,137,157,1,1,1,9,157,15,1,1,allocated
636,1091,normal,0,0,65535_65535,2,26,137,361,0,1,0,8,0,28,1,1,pre_allocation
636,1091,normal,0,0,65535_65535,2,26,137,406,1,1,1,9,406,28,1,1,allocated
636,1091,normal,0,0,65535_65535,2,24,137,361,0,1,0,8,0,28,1,1,pre_allocation
636,1091,normal,0,0,65535_65535,2,24,137,406,1,1,1,9,406,28,1,1,allocated
636,1091,normal,0,0,65535_65535,2,11,137,55,0,1,0,8,0,8,1,1,pre_allocation
636,1091,normal,0,0,65535_65535,2,11,137,62,1,1,1,9,62,8,1,1,allocated
636,1091,normal,0,0,65535_65535,2,12,137,361,0,1,0,8,0,28,1,1,pre_allocation
636,1091,normal,0,0,65535_65535,2,12,137,406,1,1,1,9,406,28,1,1,allocated
636,1091,normal,0,0,65535_65535,2,13,137,76,0,1,0,8,0,10,1,1,pre_allocation
636,1091,normal,0,0,65535_65535,2,13,137,86,1,1,1,9,86,10,1,1,allocated
636,1091,normal,0,0,65535_65535,2,27,137,157,0,1,0,9,0,15,1,1,pre_allocation
636,1091,normal,0,0,65535_65535,2,27,137,175,1,1,1,10,175,15,1,1,allocated
636,1091,normal,0,0,65535_65535,2,26,137,406,0,1,0,9,0,28,1,1,pre_allocation
636,1091,normal,0,0,65535_65535,2,26,137,452,1,1,1,10,452,28,1,1,allocated
636,1091,normal,0,0,65535_65535,2,24,137,406,0,1,0,9,0,28,1,1,pre_allocation
636,1091,normal,0,0,65535_65535,2,24,137,452,1,1,1,10,452,28,1,1,allocated
636,1091,normal,0,0,65535_65535,2,11,137,62,0,1,0,9,0,8,1,1,pre_allocation
636,1091,normal,0,0,65535_65535,2,11,137,69,1,1,1,10,69,8,1,1,allocated
636,1091,normal,0,0,65535_65535,2,12,137,406,0,1,0,9,0,28,1,1,pre_allocation
636,1091,normal,0,0,65535_65535,2,12,137,452,1,1,1,10,452,28,1,1,allocated
636,1091,normal,0,0,65535_65535,2,13,137,86,0,1,0,9,0,10,1,1,pre_allocation
636,1091,normal,0,0,65535_65535,2,13,137,96,1,1,1,10,96,10,1,1,allocated
636,1091,normal,0,0,65535_65535,2,27,137,175,0,1,0,10,0,15,1,1,pre_allocation
636,1091,normal,0,0,65535_65535,2,27,137,193,1,1,1,11,193,15,1,1,allocated
636,1091,normal,0,0,65535_65535,2,26,137,452,0,1,0,10,0,28,1,1,pre_allocation
636,1091,normal,0,0,65535_65535,2,26,137,497,1,1,1,11,497,28,1,1,allocated
636,1091,normal,0,0,65535_65535,2,24,137,452,0,1,0,10,0,28,1,1,pre_allocation
636,1091,normal,0,0,65535_65535,2,24,137,497,1,1,1,11,497,28,1,1,allocated
636,1091,normal,0,0,65535_65535,2,11,137,69,0,1,0,10,0,8,1,1,pre_allocation
636,1091,normal,0,0,65535_65535,2,11,137,76,1,1,1,11,76,8,1,1,allocated
636,1091,normal,0,0,65535_65535,2,12,137,452,0,1,0,10,0,28,1,1,pre_allocation
636,1091,normal,0,0,65535_65535,2,12,137,497,1,1,1,11,497,28,1,1,allocated
636,1091,normal,0,0,65535_65535,2,13,137,96,0,1,0,10,0,10,1,1,pre_allocation
636,1091,normal,0,0,65535_65535,2,13,137,105,1,1,1,11,105,10,1,1,allocated
636,1091,normal,0,0,65535_65535,2,27,137,193,0,1,0,11,0,15,1,1,pre_allocation
636,1091,normal,0,0,65535_65535,2,27,137,210,1,1,1,12,210,15,1,1,allocated
636,1091,normal,0,0,65535_65535,2,26,137,497,0,1,0,11,0,28,1,1,pre_allocation
636,1091,normal,0,0,65535_65535,2,26,137,543,1,1,1,12,543,28,1,1,allocated
636,1091,normal,0,0,65535_65535,2,24,137,497,0,1,0,11,0,28,1,1,pre_allocation
636,1091,normal,0,0,65535_65535,2,24,137,543,1,1,1,12,543,28,1,1,allocated
636,1091,normal,0,0,65535_65535,2,11,137,76,0,1,0,11,0,8,1,1,pre_allocation
636,1091,normal,0,0,65535_65535,2,11,137,84,1,1,1,12,84,8,1,1,allocated
636,1091,normal,0,0,65535_65535,2,12,137,497,0,1,0,11,0,28,1,1,pre_allocation
636,1091,normal,0,0,65535_65535,2,12,137,543,1,1,1,12,543,28,1,1,allocated
636,1091,normal,0,0,65535_65535,2,13,137,105,0,1,0,11,0,10,1,1,pre_allocation
636,1091,normal,0,0,65535_65535,2,13,137,115,1,1,1,12,115,10,1,1,allocated
636,1091,normal,0,0,65535_65535,2,27,137,210,0,1,0,12,0,15,1,1,pre_allocation
636,1091,normal,0,0,65535_65535,2,27,137,228,1,1,1,13,228,15,1,1,allocated
636,1091,normal,0,0,65535_65535,2,26,137,543,0,1,0,12,0,28,1,1,pre_allocation
636,1091,normal,0,0,65535_65535,2,26,137,589,1,1,1,13,589,28,1,1,allocated
636,1091,normal,0,0,65535_65535,2,24,137,543,0,1,0,12,0,28,1,1,pre_allocation
636,1091,normal,0,0,65535_65535,2,24,137,589,1,1,1,13,589,28,1,1,allocated
636,1091,normal,0,0,65535_65535,2,11,137,84,0,1,0,12,0,8,1,1,pre_allocation
636,1091,normal,0,0,65535_65535,2,11,137,91,1,1,1,13,91,8,1,1,allocated
636,1091,normal,0,0,65535_65535,2,12,137,543,0,1,0,12,0,28,1,1,pre_allocation
636,1091,normal,0,0,65535_65535,2,12,137,589,1,1,1,13,589,28,1,1,allocated
636,1091,normal,0,0,65535_65535,2,13,137,115,0,1,0,12,0,10,1,1,pre_allocation
636,1091,normal,0,0,65535_65535,2,13,137,125,1,1,1,13,125,10,1,1,allocated
636,1091,normal,0,0,65535_65535,2,27,137,228,0,1,0,13,0,15,1,1,pre_allocation
636,1091,normal,0,0,65535_65535,2,27,137,246,1,1,1,14,246,15,1,1,allocated
636,1091,normal,0,0,65535_65535,2,26,137,589,0,1,0,13,0,28,1,1,pre_allocation
636,1091,normal,0,0,65535_65535,2,26,137,634,1,1,1,14,634,28,1,1,allocated
636,1091,normal,0,0,65535_65535,2,24,137,589,0,1,0,13,0,28,1,1,pre_allocation
636,1091,normal,0,0,65535_65535,2,24,137,634,1,1,1,14,634,28,1,1,allocated
636,1091,normal,0,0,65535_65535,2,11,137,91,0,1,0,13,0,8,1,1,pre_allocation
636,1091,normal,0,0,65535_65535,2,11,137,98,1,1,1,14,98,8,1,1,allocated
636,1091,normal,0,0,65535_65535,2,12,137,589,0,1,0,13,0,28,1,1,pre_allocation
636,1091,normal,0,0,65535_65535,2,12,137,634,1,1,1,14,634,28,1,1,allocated
636,1091,normal,0,0,65535_65535,2,13,137,125,0,1,0,13,0,10,1,1,pre_allocation
636,1091,normal,0,0,65535_65535,2,13,137,135,1,1,1,14,135,10,1,1,allocated
636,1091,normal,0,0,65535_65535,2,27,137,246,0,1,0,14,0,15,1,1,pre_allocation
636,1091,normal,0,0,65535_65535,2,27,137,264,1,1,1,15,264,15,1,1,allocated
636,1091,normal,0,0,65535_65535,2,26,137,634,0,1,0,14,0,28,1,1,pre_allocation
636,1091,normal,0,0,65535_65535,2,26,137,680,1,1,1,15,680,28,1,1,allocated
636,1091,normal,0,0,65535_65535,2,24,137,634,0,1,0,14,0,28,1,1,pre_allocation
636,1091,normal,0,0,65535_65535,2,24,137,680,1,1,1,15,680,28,1,1,allocated
636,1091,normal,0,0,65535_65535,2,11,137,98,0,1,0,14,0,8,1,1,pre_allocation
636,1091,normal,0,0,65535_65535,2,11,137,105,1,1,1,15,105,8,1,1,allocated
636,1091,normal,0,0,65535_65535,2,12,137,634,0,1,0,14,0,28,1,1,pre_allocation
636,1091,normal,0,0,65535_65535,2,12,137,680,1,1,1,15,680,28,1,1,allocated
636,1091,normal,0,0,65535_65535,2,13,137,135,0,1,0,14,0,10,1,1,pre_allocation
636,1091,normal,0,0,65535_65535,2,13,137,145,1,1,1,15,145,10,1,1,allocated
636,1091,normal,0,0,65535_65535,2,27,137,264,0,1,0,15,0,15,1,1,pre_allocation
636,1091,normal,0,0,65535_65535,2,27,137,282,1,1,1,16,282,15,1,1,allocated
636,1091,normal,0,0,65535_65535,2,26,137,680,0,1,0,15,0,28,1,1,pre_allocation
636,1091,normal,0,0,65535_65535,2,26,137,725,1,1,1,16,725,28,1,1,allocated
636,1091,normal,0,0,65535_65535,2,24,137,680,0,1,0,15,0,28,1,1,pre_allocation
636,1091,normal,0,0,65535_65535,2,24,137,725,1,1,1,16,725,28,1,1,allocated
636,1091,normal,0,0,65535_65535,2,11,137,105,0,1,0,15,0,8,1,1,pre_allocation
636,1091,normal,0,0,65535_65535,2,11,137,113,1,1,1,16,113,8,1,1,allocated
636,1091,normal,0,0,65535_65535,2,12,137,680,0,1,0,15,0,28,1,1,pre_allocation
636,1091,normal,0,0,65535_65535,2,12,137,725,1,1,1,16,725,28,1,1,allocated
636,1091,normal,0,0,65535_65535,2,13,137,145,0,1,0,15,0,10,1,1,pre_allocation
636,1091,normal,0,0,65535_65535,2,13,137,155,1,1,1,16,155,10,1,1,allocated
636,1091,normal,0,0,65535_65535,2,27,137,282,0,1,0,16,0,15,1,1,pre_allocation
636,1091,normal,0,0,65535_65535,2,27,137,299,1,1,1,17,299,15,1,1,allocated
636,1091,normal,0,0,65535_65535,2,26,137,725,0,1,0,16,0,28,1,1,pre_allocation
636,1091,normal,0,0,65535_65535,2,26,137,771,1,1,1,17,771,28,1,1,allocated
636,1091,normal,0,0,65535_65535,2,24,137,725,0,1,0,16,0,28,1,1,pre_allocation
636,1091,normal,0,0,65535_65535,2,24,137,771,1,1,1,17,771,28,1,1,allocated
636,1091,normal,0,0,65535_65535,2,11,137,113,0,1,0,16,0,8,1,1,pre_allocation
636,1091,normal,0,0,65535_65535,2,11,137,120,1,1,1,17,120,8,1,1,allocated
636,1091,normal,0,0,65535_65535,2,12,137,725,0,1,0,16,0,28,1,1,pre_allocation
636,1091,normal,0,0,65535_65535,2,12,137,771,1,1,1,17,771,28,1,1,allocated
636,1091,normal,0,0,65535_65535,2,13,137,155,0,1,0,16,0,10,1,1,pre_allocation
636,1091,normal,0,0,65535_65535,2,13,137,165,1,1,1,17,165,10,1,1,allocated
636,1091,normal,0,0,65535_65535,2,27,137,299,0,1,0,17,0,15,1,1,pre_allocation
636,1091,normal,0,0,65535_65535,2,27,137,317,1,1,1,18,317,15,1,1,allocated
636,1091,normal,0,0,65535_65535,2,26,137,771,0,1,0,17,0,28,1,1,pre_allocation
636,1091,normal,0,0,65535_65535,2,26,137,816,1,1,1,18,816,28,1,1,allocated
636,1091,normal,0,0,65535_65535,2,24,137,771,0,1,0,17,0,28,1,1,pre_allocation
636,1091,normal,0,0,65535_65535,2,24,137,816,1,1,1,18,816,28,1,1,allocated
636,1091,normal,0,0,65535_65535,2,11,137,120,0,1,0,17,0,8,1,1,pre_allocation
636,1091,normal,0,0,65535_65535,2,11,137,127,1,1,1,18,127,8,1,1,allocated
636,1091,normal,0,0,65535_65535,2,12,137,771,0,1,0,17,0,28,1,1,pre_allocation
636,1091,normal,0,0,65535_65535,2,12,137,816,1,1,1,18,816,28,1,1,allocated
636,1091,normal,0,0,65535_65535,2,13,137,165,0,1,0,17,0,10,1,1,pre_allocation
636,1091,normal,0,0,65535_65535,2,13,137,175,1,1,1,18,175,10,1,1,allocated
636,1091,normal,0,0,65535_65535,2,27,137,317,0,1,0,18,0,15,1,1,pre_allocation
636,1091,normal,0,0,65535_65535,2,27,137,335,1,1,1,19,335,15,1,1,allocated
636,1091,normal,0,0,65535_65535,2,26,137,816,0,1,0,18,0,28,1,1,pre_allocation
636,1091,normal,0,0,65535_65535,2,26,137,862,1,1,1,19,862,28,1,1,allocated
636,1091,normal,0,0,65535_65535,2,24,137,816,0,1,0,18,0,28,1,1,pre_allocation
636,1091,normal,0,0,65535_65535,2,24,137,862,1,1,1,19,862,28,1,1,allocated
636,1091,normal,0,0,65535_65535,2,11,137,127,0,1,0,18,0,8,1,1,pre_allocation
636,1091,normal,0,0,65535_65535,2,11,137,134,1,1,1,19,134,8,1,1,allocated
636,1091,normal,0,0,65535_65535,2,12,137,816,0,1,0,18,0,28,1,1,pre_allocation
636,1091,normal,0,0,65535_65535,2,12,137,862,1,1,1,19,862,28,1,1,allocated
636,1091,normal,0,0,65535_65535,2,13,137,175,0,1,0,18,0,10,1,1,pre_allocation
636,1091,normal,0,0,65535_65535,2,13,137,185,1,1,1,19,185,10,1,1,allocated
636,1091,normal,0,0,65535_65535,2,27,137,335,0,1,0,19,0,15,1,1,pre_allocation
636,1091,normal,0,0,65535_65535,2,27,137,353,1,1,1,20,353,15,1,1,allocated
748,1189,normal,0,0,65535_65535,0,4,176699,0,0,1,0,0,0,28,1,1,pre_allocation
748,1189,normal,0,0,65535_65535,0,4,176699,42,1,1,1,1,42,28,1,1,allocated
748,1189,normal,0,0,65535_65535,0,5,181444,0,0,1,0,0,0,28,1,1,pre_allocation
748,1189,normal,0,0,65535_65535,0,5,181444,42,1,1,1,1,42,28,1,1,allocated
748,1189,normal,0,0,65535_65535,0,3,171395,0,0,1,0,0,0,28,1,1,pre_allocation
748,1189,normal,0,0,65535_65535,0,3,171395,42,1,1,1,1,42,28,1,1,allocated
748,1189,normal,0,0,65535_65535,0,2,170478,0,0,1,0,0,0,28,1,1,pre_allocation
748,1189,normal,0,0,65535_65535,0,2,170478,42,1,1,1,1,42,28,1,1,allocated
748,1189,normal,0,0,65535_65535,0,1,160102,0,0,1,0,0,0,28,1,1,pre_allocation
748,1189,normal,0,0,65535_65535,0,1,160102,42,1,1,1,1,42,28,1,1,allocated
748,1189,normal,0,0,65535_65535,0,4,176699,42,0,1,0,1,0,28,1,1,pre_allocation
748,1189,normal,0,0,65535_65535,0,4,176699,88,1,1,1,2,88,28,1,1,allocated
748,1189,normal,0,0,65535_65535,0,5,181444,42,0,1,0,1,0,28,1,1,pre_allocation
748,1189,normal,0,0,65535_65535,0,5,181444,88,1,1,1,2,88,28,1,1,allocated
748,1189,normal,0,0,65535_65535,0,3,171395,42,0,1,0,1,0,28,1,1,pre_allocation
748,1189,normal,0,0,65535_65535,0,3,171395,88,1,1,1,2,88,28,1,1,allocated
748,1189,normal,0,0,65535_65535,0,2,170478,42,0,1,0,1,0,28,1,1,pre_allocation
748,1189,normal,0,0,65535_65535,0,2,170478,88,1,1,1,2,88,28,1,1,allocated
748,1189,normal,0,0,65535_65535,0,1,160102,42,0,1,0,1,0,28,1,1,pre_allocation
748,1189,normal,0,0,65535_65535,0,1,160102,88,1,1,1,2,88,28,1,1,allocated
748,1189,normal,0,0,65535_65535,0,4,176699,88,0,1,0,2,0,28,1,1,pre_allocation
748,1189,normal,0,0,65535_65535,0,4,176699,133,1,1,1,3,133,28,1,1,allocated
748,1189,normal,0,0,65535_65535,0,5,181444,88,0,1,0,2,0,28,1,1,pre_allocation
748,1189,normal,0,0,65535_65535,0,5,181444,133,1,1,1,3,133,28,1,1,allocated
748,1189,normal,0,0,65535_65535,0,3,171395,88,0,1,0,2,0,28,1,1,pre_allocation
748,1189,normal,0,0,65535_65535,0,3,171395,133,1,1,1,3,133,28,1,1,allocated
748,1189,normal,0,0,65535_65535,0,2,170478,88,0,1,0,2,0,28,1,1,pre_allocation
748,1189,normal,0,0,65535_65535,0,2,170478,133,1,1,1,3,133,28,1,1,allocated
748,1189,normal,0,0,65535_65535,0,1,160102,88,0,1,0,2,0,28,1,1,pre_allocation
748,1189,normal,0,0,65535_65535,0,1,160102,133,1,1,1,3,133,28,1,1,allocated
748,1189,normal,0,0,65535_65535,0,4,176699,133,0,1,0,3,0,28,1,1,pre_allocation
748,1189,normal,0,0,65535_65535,0,4,176699,179,1,1,1,4,179,28,1,1,allocated
748,1189,normal,0,0,65535_65535,0,5,181444,133,0,1,0,3,0,28,1,1,pre_allocation
748,1189,normal,0,0,65535_65535,0,5,181444,179,1,1,1,4,179,28,1,1,allocated
748,1189,normal,0,0,65535_65535,0,3,171395,133,0,1,0,3,0,28,1,1,pre_allocation
748,1189,normal,0,0,65535_65535,0,3,171395,179,1,1,1,4,179,28,1,1,allocated
748,1189,normal,0,0,65535_65535,0,2,170478,133,0,1,0,3,0,28,1,1,pre_allocation
748,1189,normal,0,0,65535_65535,0,2,170478,179,1,1,1,4,179,28,1,1,allocated
748,1189,normal,0,0,65535_65535,0,1,160102,133,0,1,0,3,0,28,1,1,pre_allocation
748,1189,normal,0,0,65535_65535,0,1,160102,179,1,1,1,4,179,28,1,1,allocated
748,1189,normal,0,0,65535_65535,0,4,176699,179,0,1,0,4,0,28,1,1,pre_allocation
748,1189,normal,0,0,65535_65535,0,4,176699,224,1,1,1,5,224,28,1,1,allocated
748,1189,normal,0,0,65535_65535,0,5,181444,179,0,1,0,4,0,28,1,1,pre_allocation
748,1189,normal,0,0,65535_65535,0,5,181444,224,1,1,1,5,224,28,1,1,allocated
748,1189,normal,0,0,65535_65535,0,3,171395,179,0,1,0,4,0,28,1,1,pre_allocation
748,1189,normal,0,0,65535_65535,0,3,171395,224,1,1,1,5,224,28,1,1,allocated
748,1189,normal,0,0,65535_65535,0,2,170478,179,0,1,0,4,0,28,1,1,pre_allocation
748,1189,normal,0,0,65535_65535,0,2,170478,224,1,1,1,5,224,28,1,1,allocated
748,1189,normal,0,0,65535_65535,0,1,160102,179,0,1,0,4,0,28,1,1,pre_allocation
748,1189,normal,0,0,65535_65535,0,1,160102,224,1,1,1,5,224,28,1,1,allocated
748,1189,normal,0,0,65535_65535,0,4,176699,224,0,1,0,5,0,28,1,1,pre_allocation
748,1189,normal,0,0,65535_65535,0,4,176699,270,1,1,1,6,270,28,1,1,allocated
748,1189,normal,0,0,65535_65535,0,5,181444,224,0,1,0,5,0,28,1,1,pre_allocation
748,1189,normal,0,0,65535_65535,0,5,181444,270,1,1,1,6,270,28,1,1,allocated
748,1189,normal,0,0,65535_65535,0,3,171395,224,0,1,0,5,0,28,1,1,pre_allocation
748,1189,normal,0,0,65535_65535,0,3,171395,270,1,1,1,6,270,28,1,1,allocated
748,1189,normal,0,0,65535_65535,0,2,170478,224,0,1,0,5,0,28,1,1,pre_allocation
748,1189,normal,0,0,65535_65535,0,2,170478,270,1,1,1,6,270,28,1,1,allocated
748,1189,normal,0,0,65535_65535,0,1,160102,224,0,1,0,5,0,28,1,1,pre_allocation
748,1189,normal,0,0,65535_65535,0,1,160102,270,1,1,1,6,270,28,1,1,allocated
748,1189,normal,0,0,65535_65535,0,4,176699,270,0,1,0,6,0,28,1,1,pre_allocation
748,1189,normal,0,0,65535_65535,0,4,176699,315,1,1,1,7,315,28,1,1,allocated
748,1189,normal,0,0,65535_65535,0,5,181444,270,0,1,0,6,0,28,1,1,pre_allocation
748,1189,normal,0,0,65535_65535,0,5,181444,315,1,1,1,7,315,28,1,1,allocated
748,1189,normal,0,0,65535_65535,0,3,171395,270,0,1,0,6,0,28,1,1,pre_allocation
748,1189,normal,0,0,65535_65535,0,3,171395,315,1,1,1,7,315,28,1,1,allocated
748,1189,normal,0,0,65535_65535,0,2,170478,270,0,1,0,6,0,28,1,1,pre_allocation
748,1189,normal,0,0,65535_65535,0,2,170478,315,1,1,1,7,315,28,1,1,allocated
748,1189,normal,0,0,65535_65535,0,1,160102,270,0,1,0,6,0,28,1,1,pre_allocation
748,1189,normal,0,0,65535_65535,0,1,160102,315,1,1,1,7,315,28,1,1,allocated
748,1189,normal,0,0,65535_65535,0,4,176699,315,0,1,0,7,0,28,1,1,pre_allocation
748,1189,normal,0,0,65535_65535,0,4,176699,361,1,1,1,8,361,28,1,1,allocated
748,1189,normal,0,0,65535_65535,0,5,181444,315,0,1,0,7,0,28,1,1,pre_allocation
748,1189,normal,0,0,65535_65535,0,5,181444,361,1,1,1,8,361,28,1,1,allocated
748,1189,normal,0,0,65535_65535,0,3,171395,315,0,1,0,7,0,28,1,1,pre_allocation
748,1189,normal,0,0,65535_65535,0,3,171395,361,1,1,1,8,361,28,1,1,allocated
748,1189,normal,0,0,65535_65535,0,2,170478,315,0,1,0,7,0,28,1,1,pre_allocation
748,1189,normal,0,0,65535_65535,0,2,170478,361,1,1,1,8,361,28,1,1,allocated
748,1189,normal,0,0,65535_65535,0,1,160102,315,0,1,0,7,0,28,1,1,pre_allocation
748,1189,normal,0,0,65535_65535,0,1,160102,361,1,1,1,8,361,28,1,1,allocated
748,1189,normal,0,0,65535_65535,0,4,176699,361,0,1,0,8,0,28,1,1,pre_allocation
748,1189,normal,0,0,65535_65535,0,4,176699,406,1,1,1,9,406,28,1,1,allocated
748,1189,normal,0,0,65535_65535,0,5,181444,361,0,1,0,8,0,28,1,1,pre_allocation
748,1189,normal,0,0,65535_65535,0,5,181444,406,1,1,1,9,406,28,1,1,allocated
748,1189,normal,0,0,65535_65535,0,3,171395,361,0,1,0,8,0,28,1,1,pre_allocation
748,1189,normal,0,0,65535_65535,0,3,171395,406,1,1,1,9,406,28,1,1,allocated
748,1189,normal,0,0,65535_65535,0,2,170478,361,0,1,0,8,0,28,1,1,pre_allocation
748,1189,normal,0,0,65535_65535,0,2,170478,406,1,1,1,9,406,28,1,1,allocated
748,1189,normal,0,0,65535_65535,0,1,160102,361,0,1,0,8,0,28,1,1,pre_allocation
748,1189,normal,0,0,65535_65535,0,1,160102,406,1,1,1,9,406,28,1,1,allocated
748,1189,normal,0,0,65535_65535,0,4,176699,406,0,1,0,9,0,28,1,1,pre_allocation
748,1189,normal,0,0,65535_65535,0,4,176699,452,1,1,1,10,452,28,1,1,allocated
748,1189,normal,0,0,65535_65535,0,5,181444,406,0,1,0,9,0,28,1,1,pre_allocation
748,1189,normal,0,0,65535_65535,0,5,181444,452,1,1,1,10,452,28,1,1,allocated
748,1189,normal,0,0,65535_65535,0,3,171395,406,0,1,0,9,0,28,1,1,pre_allocation
748,1189,normal,0,0,65535_65535,0,3,171395,452,1,1,1,10,452,28,1,1,allocated
748,1189,normal,0,0,65535_65535,0,2,170478,406,0,1,0,9,0,28,1,1,pre_allocation
748,1189,normal,0,0,65535_65535,0,2,170478,452,1,1,1,10,452,28,1,1,allocated
748,1189,normal,0,0,65535_65535,0,1,160102,406,0,1,0,9,0,28,1,1,pre_allocation
748,1189,normal,0,0,65535_65535,0,1,160102,452,1,1,1,10,452,28,1,1,allocated
748,1189,normal,0,0,65535_65535,0,4,176699,452,0,1,0,10,0,28,1,1,pre_allocation
748,1189,normal,0,0,65535_65535,0,4,176699,497,1,1,1,11,497,28,1,1,allocated
748,1189,normal,0,0,65535_65535,0,5,181444,452,0,1,0,10,0,28,1,1,pre_allocation
748,1189,normal,0,0,65535_65535,0,5,181444,497,1,1,1,11,497,28,1,1,allocated
748,1189,normal,0,0,65535_65535,0,3,171395,452,0,1,0,10,0,28,1,1,pre_allocation
748,1189,normal,0,0,65535_65535,0,3,171395,497,1,1,1,11,497,28,1,1,allocated
748,1189,normal,0,0,65535_65535,0,2,170478,452,0,1,0,10,0,28,1,1,pre_allocation
748,1189,normal,0,0,65535_65535,0,2,170478,497,1,1,1,11,497,28,1,1,allocated
748,1189,normal,0,0,65535_65535,0,1,160102,452,0,1,0,10,0,28,1,1,pre_allocation
748,1189,normal,0,0,65535_65535,0,1,160102,497,1,1,1,11,497,28,1,1,allocated
748,1189,normal,0,0,65535_65535,0,4,176699,497,0,1,0,11,0,28,1,1,pre_allocation
748,1189,normal,0,0,65535_65535,0,4,176699,543,1,1,1,12,543,28,1,1,allocated
748,1189,normal,0,0,65535_65535,0,5,181444,497,0,1,0,11,0,28,1,1,pre_allocation
748,1189,normal,0,0,65535_65535,0,5,181444,543,1,1,1,12,543,28,1,1,allocated
748,1189,normal,0,0,65535_65535,0,3,171395,497,0,1,0,11,0,28,1,1,pre_allocation
748,1189,normal,0,0,65535_65535,0,3,171395,543,1,1,1,12,543,28,1,1,allocated
748,1189,normal,0,0,65535_65535,0,2,170478,497,0,1,0,11,0,28,1,1,pre_allocation
748,1189,normal,0,0,65535_65535,0,2,170478,543,1,1,1,12,543,28,1,1,allocated
748,1189,normal,0,0,65535_65535,0,1,160102,497,0,1,0,11,0,28,1,1,pre_allocation
748,1189,normal,0,0,65535_65535,0,1,160102,543,1,1,1,12,543,28,1,1,allocated
748,1189,normal,0,0,65535_65535,0,4,176699,543,0,1,0,12,0,28,1,1,pre_allocation
748,1189,normal,0,0,65535_65535,0,4,176699,589,1,1,1,13,589,28,1,1,allocated
748,1189,normal,0,0,65535_65535,0,5,181444,543,0,1,0,12,0,28,1,1,pre_allocation
748,1189,normal,0,0,65535_65535,0,5,181444,589,1,1,1,13,589,28,1,1,allocated
748,1189,normal,0,0,65535_65535,0,3,171395,543,0,1,0,12,0,28,1,1,pre_allocation
748,1189,normal,0,0,65535_65535,0,3,171395,589,1,1,1,13,589,28,1,1,allocated
748,1189,normal,0,0,65535_65535,0,2,170478,543,0,1,0,12,0,28,1,1,pre_allocation
748,1189,normal,0,0,65535_65535,0,2,170478,589,1,1,1,13,589,28,1,1,allocated
748,1189,normal,0,0,65535_65535,0,1,160102,543,0,1,0,12,0,28,1,1,pre_allocation
748,1189,normal,0,0,65535_65535,0,1,160102,589,1,1,1,13,589,28,1,1,allocated
748,1189,normal,0,0,65535_65535,0,4,176699,589,0,1,0,13,0,28,1,1,pre_allocation
748,1189,normal,0,0,65535_65535,0,4,176699,634,1,1,1,14,634,28,1,1,allocated
748,1189,normal,0,0,65535_65535,0,5,181444,589,0,1,0,13,0,28,1,1,pre_allocation
748,1189,normal,0,0,65535_65535,0,5,181444,634,1,1,1,14,634,28,1,1,allocated
748,1189,normal,0,0,65535_65535,0,3,171395,589,0,1,0,13,0,28,1,1,pre_allocation
748,1189,normal,0,0,65535_65535,0,3,171395,634,1,1,1,14,634,28,1,1,allocated
748,1189,normal,0,0,65535_65535,0,2,170478,589,0,1,0,13,0,28,1,1,pre_allocation
748,1189,normal,0,0,65535_65535,0,2,170478,634,1,1,1,14,634,28,1,1,allocated
748,1189,normal,0,0,65535_65535,0,1,160102,589,0,1,0,13,0,28,1,1,pre_allocation
748,1189,normal,0,0,65535_65535,0,1,160102,634,1,1,1,14,634,28,1,1,allocated
748,1189,normal,0,0,65535_65535,0,4,176699,634,0,1,0,14,0,28,1,1,pre_allocation
748,1189,normal,0,0,65535_65535,0,4,176699,680,1,1,1,15,680,28,1,1,allocated
748,1189,normal,0,0,65535_65535,0,5,181444,634,0,1,0,14,0,28,1,1,pre_allocation
748,1189,normal,0,0,65535_65535,0,5,181444,680,1,1,1,15,680,28,1,1,allocated
748,1189,normal,0,0,65535_65535,0,3,171395,634,0,1,0,14,0,28,1,1,pre_allocation
748,1189,normal,0,0,65535_65535,0,3,171395,680,1,1,1,15,680,28,1,1,allocated
748,1189,normal,0,0,65535_65535,0,2,170478,634,0,1,0,14,0,28,1,1,pre_allocation
748,1189,normal,0,0,65535_65535,0,2,170478,680,1,1,1,15,680,28,1,1,allocated
748,1189,normal,0,0,65535_65535,0,1,160102,634,0,1,0,14,0,28,1,1,pre_allocation
748,1189,normal,0,0,65535_65535,0,1,160102,680,1,1,1,15,680,28,1,1,allocated
748,1189,normal,0,0,65535_65535,0,4,176699,680,0,1,0,15,0,28,1,1,pre_allocation
748,1189,normal,0,0,65535_65535,0,4,176699,725,1,1,1,16,725,28,1,1,allocated
748,1189,normal,0,0,65535_65535,0,5,181444,680,0,1,0,15,0,28,1,1,pre_allocation
748,1189,normal,0,0,65535_65535,0,5,181444,725,1,1,1,16,725,28,1,1,allocated
748,1189,normal,0,0,65535_65535,0,3,171395,680,0,1,0,15,0,28,1,1,pre_allocation
748,1189,normal,0,0,65535_65535,0,3,171395,725,1,1,1,16,725,28,1,1,allocated
748,1189,normal,0,0,65535_65535,0,2,170478,680,0,1,0,15,0,28,1,1,pre_allocation
748,1189,normal,0,0,65535_65535,0,2,170478,725,1,1,1,16,725,28,1,1,allocated
748,1189,normal,0,0,65535_65535,0,1,160102,680,0,1,0,15,0,28,1,1,pre_allocation
748,1189,normal,0,0,65535_65535,0,1,160102,725,1,1,1,16,725,28,1,1,allocated
748,1189,normal,0,0,65535_65535,0,4,176699,725,0,1,0,16,0,28,1,1,pre_allocation
748,1189,normal,0,0,65535_65535,0,4,176699,771,1,1,1,17,771,28,1,1,allocated
748,1189,normal,0,0,65535_65535,0,5,181444,725,0,1,0,16,0,28,1,1,pre_allocation
748,1189,normal,0,0,65535_65535,0,5,181444,771,1,1,1,17,771,28,1,1,allocated
748,1189,normal,0,0,65535_65535,0,3,171395,725,0,1,0,16,0,28,1,1,pre_allocation
748,1189,normal,0,0,65535_65535,0,3,171395,771,1,1,1,17,771,28,1,1,allocated
748,1189,normal,0,0,65535_65535,0,2,170478,725,0,1,0,16,0,28,1,1,pre_allocation
748,1189,normal,0,0,65535_65535,0,2,170478,771,1,1,1,17,771,28,1,1,allocated
748,1189,normal,0,0,65535_65535,0,1,160102,725,0,1,0,16,0,28,1,1,pre_allocation
748,1189,normal,0,0,65535_65535,0,1,160102,771,1,1,1,17,771,28,1,1,allocated
748,1189,normal,0,0,65535_65535,0,4,176699,771,0,1,0,17,0,28,1,1,pre_allocation
748,1189,normal,0,0,65535_65535,0,4,176699,816,1,1,1,18,816,28,1,1,allocated
748,1189,normal,0,0,65535_65535,0,5,181444,771,0,1,0,17,0,28,1,1,pre_allocation
748,1189,normal,0,0,65535_65535,0,5,181444,816,1,1,1,18,816,28,1,1,allocated
748,1189,normal,0,0,65535_65535,0,3,171395,771,0,1,0,17,0,28,1,1,pre_allocation
748,1189,normal,0,0,65535_65535,0,3,171395,816,1,1,1,18,816,28,1,1,allocated
748,1189,normal,0,0,65535_65535,0,2,170478,771,0,1,0,17,0,28,1,1,pre_allocation
748,1189,normal,0,0,65535_65535,0,2,170478,816,1,1,1,18,816,28,1,1,allocated
748,1189,normal,0,0,65535_65535,0,1,160102,771,0,1,0,17,0,28,1,1,pre_allocation
748,1189,normal,0,0,65535_65535,0,1,160102,816,1,1,1,18,816,28,1,1,allocated
748,1189,normal,0,0,65535_65535,0,4,176699,816,0,1,0,18,0,28,1,1,pre_allocation
748,1189,normal,0,0,65535_65535,0,4,176699,862,1,1,1,19,862,28,1,1,allocated
748,1189,normal,0,0,65535_65535,0,5,181444,816,0,1,0,18,0,28,1,1,pre_allocation
748,1189,normal,0,0,65535_65535,0,5,181444,862,1,1,1,19,862,28,1,1,allocated
748,1189,normal,0,0,65535_65535,0,3,171395,816,0,1,0,18,0,28,1,1,pre_allocation
748,1189,normal,0,0,65535_65535,0,3,171395,862,1,1,1,19,862,28,1,1,allocated
748,1189,normal,0,0,65535_65535,0,2,170478,816,0,1,0,18,0,28,1,1,pre_allocation
748,1189,normal,0,0,65535_65535,0,2,170478,862,1,1,1,19,862,28,1,1,allocated
748,1189,normal,0,0,65535_65535,0,1,160102,816,0,1,0,18,0,28,1,1,pre_allocation
748,1189,normal,0,0,65535_65535,0,1,160102,862,1,1,1,19,862,28,1,1,allocated
748,1189,normal,0,0,65535_65535,0,4,176699,862,0,1,0,19,0,28,1,1,pre_allocation
748,1189,normal,0,0,65535_65535,0,4,176699,907,1,1,1,20,907,28,1,1,allocated
748,1189,normal,0,0,65535_65535,0,5,181444,862,0,1,0,19,0,28,1,1,pre_allocation
748,1189,normal,0,0,65535_65535,0,5,181444,907,1,1,1,20,907,28,1,1,allocated
748,1189,normal,0,0,65535_65535,0,3,171395,862,0,1,0,19,0,28,1,1,pre_allocation
748,1189,normal,0,0,65535_65535,0,3,171395,907,1,1,1,20,907,28,1,1,allocated
748,1189,normal,0,0,65535_65535,0,2,170478,862,0,1,0,19,0,28,1,1,pre_allocation
748,1189,normal,0,0,65535_65535,0,2,170478,907,1,1,1,20,907,28,1,1,allocated
748,1189,normal,0,0,65535_65535,0,1,160102,862,0,1,0,19,0,28,1,1,pre_allocation
748,1189,normal,0,0,65535_65535,0,1,160102,907,1,1,1,20,907,28,1,1,allocated
748,1189,normal,0,0,65535_65535,0,4,176699,907,0,1,0,20,0,28,1,1,pre_allocation
748,1189,normal,0,0,65535_65535,0,4,176699,953,1,1,1,21,953,28,1,1,allocated
748,1189,normal,0,0,65535_65535,0,5,181444,907,0,1,0,20,0,28,1,1,pre_allocation
748,1189,normal,0,0,65535_65535,0,5,181444,953,1,1,1,21,953,28,1,1,allocated
748,1189,normal,0,0,65535_65535,0,3,171395,907,0,1,0,20,0,28,1,1,pre_allocation
748,1189,normal,0,0,65535_65535,0,3,171395,953,1,1,1,21,953,28,1,1,allocated
748,1189,normal,0,0,65535_65535,0,2,170478,907,0,1,0,20,0,28,1,1,pre_allocation
748,1189,normal,0,0,65535_65535,0,2,170478,953,1,1,1,21,953,28,1,1,allocated
748,1189,normal,0,0,65535_65535,0,1,160102,907,0,1,0,20,0,28,1,1,pre_allocation
748,1189,normal,0,0,65535_65535,0,1,160102,953,1,1,1,21,953,28,1,1,allocated
748,1189,normal,0,0,65535_65535,0,4,176699,953,0,1,0,21,0,28,1,1,pre_allocation
748,1189,normal,0,0,65535_65535,0,4,176699,998,1,1,1,22,998,28,1,1,allocated
748,1189,normal,0,0,65535_65535,0,5,181444,953,0,1,0,21,0,28,1,1,pre_allocation
748,1189,normal,0,0,65535_65535,0,5,181444,998,1,1,1,22,998,28,1,1,allocated
748,1189,normal,0,0,65535_65535,0,3,171395,953,0,1,0,21,0,28,1,1,pre_allocation
748,1189,normal,0,0,65535_65535,0,3,171395,998,1,1,1,22,998,28,1,1,allocated
748,1189,normal,0,0,65535_65535,0,2,170478,953,0,1,0,21,0,28,1,1,pre_allocation
748,1189,normal,0,0,65535_65535,0,2,170478,998,1,1,1,22,998,28,1,1,allocated
748,1189,normal,0,0,65535_65535,0,1,160102,953,0,1,0,21,0,28,1,1,pre_allocation
748,1189,normal,0,0,65535_65535,0,1,160102,998,1,1,1,22,998,28,1,1,allocated
748,1189,normal,0,0,65535_65535,0,4,176699,998,0,1,0,22,0,28,1,1,pre_allocation
748,1189,normal,0,0,65535_65535,0,4,176699,1044,1,1,1,23,1044,28,1,1,allocated
748,1189,normal,0,0,65535_65535,0,5,181444,998,0,1,0,22,0,28,1,1,pre_allocation
748,1189,normal,0,0,65535_65535,0,5,181444,1044,1,1,1,23,1044,28,1,1,allocated
748,1189,normal,0,0,65535_65535,0,3,171395,998,0,1,0,22,0,28,1,1,pre_allocation
748,1189,normal,0,0,65535_65535,0,3,171395,1044,1,1,1,23,1044,28,1,1,allocated
748,1189,normal,0,0,65535_65535,0,2,170478,998,0,1,0,22,0,28,1,1,pre_allocation
748,1189,normal,0,0,65535_65535,0,2,170478,1044,1,1,1,23,1044,28,1,1,allocated
748,1189,normal,0,0,65535_65535,0,1,160102,998,0,1,0,22,0,28,1,1,pre_allocation
748,1189,normal,0,0,65535_65535,0,1,160102,1044,1,1,1,23,1044,28,1,1,allocated
748,1189,normal,0,0,65535_65535,0,4,176699,1044,0,1,0,23,0,28,1,1,pre_allocation
748,1189,normal,0,0,65535_65535,0,4,176699,1089,1,1,1,24,1089,28,1,1,allocated
748,1189,normal,0,0,65535_65535,0,5,181444,1044,0,1,0,23,0,28,1,1,pre_allocation
748,1189,normal,0,0,65535_65535,0,5,181444,1089,1,1,1,24,1089,28,1,1,allocated
748,1189,normal,0,0,65535_65535,0,3,171395,1044,0,1,0,23,0,28,1,1,pre_allocation
748,1189,normal,0,0,65535_65535,0,3,171395,1089,1,1,1,24,1089,28,1,1,allocated
748,1189,normal,0,0,65535_65535,0,2,170478,1044,0,1,0,23,0,28,1,1,pre_allocation
748,1189,normal,0,0,65535_65535,0,2,170478,1089,1,1,1,24,1089,28,1,1,allocated
748,1189,normal,0,0,65535_65535,0,1,160102,1044,0,1,0,23,0,28,1,1,pre_allocation
748,1189,normal,0,0,65535_65535,0,1,160102,1089,1,1,1,24,1089,28,1,1,allocated
748,1189,normal,0,0,65535_65535,0,4,176699,1089,0,1,0,24,0,28,1,1,pre_allocation
748,1189,normal,0,0,65535_65535,0,4,176699,1135,1,1,1,25,1135,28,1,1,allocated
748,1189,normal,0,0,65535_65535,0,5,181444,1089,0,1,0,24,0,28,1,1,pre_allocation
748,1189,normal,0,0,65535_65535,0,5,181444,1135,1,1,1,25,1135,28,1,1,allocated
748,1189,normal,0,0,65535_65535,0,3,171395,1089,0,1,0,24,0,28,1,1,pre_allocation
748,1189,normal,0,0,65535_65535,0,3,171395,1135,1,1,1,25,1135,28,1,1,allocated
748,1189,normal,0,0,65535_65535,0,2,170478,1089,0,1,0,24,0,28,1,1,pre_allocation
748,1189,normal,0,0,65535_65535,0,2,170478,1135,1,1,1,25,1135,28,1,1,allocated
748,1189,normal,0,0,65535_65535,0,1,160102,1089,0,1,0,24,0,28,1,1,pre_allocation
748,1189,normal,0,0,65535_65535,0,1,160102,1135,1,1,1,25,1135,28,1,1,allocated
748,1189,normal,0,0,65535_65535,0,4,176699,1135,0,1,0,25,0,28,1,1,pre_allocation
748,1189,normal,0,0,65535_65535,0,4,176699,1181,1,1,1,26,1181,28,1,1,allocated
748,1189,normal,0,0,65535_65535,0,5,181444,1135,0,1,0,25,0,28,1,1,pre_allocation
748,1189,normal,0,0,65535_65535,0,5,181444,1181,1,1,1,26,1181,28,1,1,allocated
748,1189,normal,0,0,65535_65535,0,3,171395,1135,0,1,0,25,0,28,1,1,pre_allocation
748,1189,normal,0,0,65535_65535,0,3,171395,1181,1,1,1,26,1181,28,1,1,allocated
748,1189,normal,0,0,65535_65535,0,2,170478,1135,0,1,0,25,0,28,1,1,pre_allocation
748,1189,normal,0,0,65535_65535,0,2,170478,1181,1,1,1,26,1181,28,1,1,allocated
748,1189,normal,0,0,65535_65535,0,1,160102,1135,0,1,0,25,0,28,1,1,pre_allocation
748,1189,normal,0,0,65535_65535,0,1,160102,1181,1,1,1,26,1181,28,1,1,allocated
748,1189,normal,0,0,65535_65535,0,4,176699,1181,0,1,0,26,0,28,1,1,pre_allocation
748,1189,normal,0,0,65535_65535,0,4,176699,1226,1,1,1,27,1226,28,1,1,allocated
748,1189,normal,0,0,65535_65535,0,5,181444,1181,0,1,0,26,0,28,1,1,pre_allocation
748,1189,normal,0,0,65535_65535,0,5,181444,1226,1,1,1,27,1226,28,1,1,allocated
748,1189,normal,0,0,65535_65535,0,3,171395,1181,0,1,0,26,0,28,1,1,pre_allocation
748,1189,normal,0,0,65535_65535,0,3,171395,1226,1,1,1,27,1226,28,1,1,allocated
748,1189,normal,0,0,65535_65535,0,2,170478,1181,0,1,0,26,0,28,1,1,pre_allocation
748,1189,normal,0,0,65535_65535,0,2,170478,1226,1,1,1,27,1226,28,1,1,allocated
748,1189,normal,0,0,65535_65535,0,1,160102,1181,0,1,0,26,0,28,1,1,pre_allocation
748,1189,normal,0,0,65535_65535,0,1,160102,1226,1,1,1,27,1226,28,1,1,allocated
748,1189,normal,0,0,65535_65535,0,4,176699,1226,0,1,0,27,0,28,1,1,pre_allocation
748,1189,normal,0,0,65535_65535,0,4,176699,1272,1,1,1,28,1272,28,1,1,allocated
748,1189,normal,0,0,65535_65535,0,5,181444,1226,0,1,0,27,0,28,1,1,pre_allocation
748,1189,normal,0,0,65535_65535,0,5,181444,1272,1,1,1,28,1272,28,1,1,allocated
748,1189,normal,0,0,65535_65535,0,3,171395,1226,0,1,0,27,0,28,1,1,pre_allocation
748,1189,normal,0,0,65535_65535,0,3,171395,1272,1,1,1,28,1272,28,1,1,allocated
748,1189,normal,0,0,65535_65535,0,2,170478,1226,0,1,0,27,0,28,1,1,pre_allocation
748,1189,normal,0,0,65535_65535,0,2,170478,1272,1,1,1,28,1272,28,1,1,allocated
748,1189,normal,0,0,65535_65535,0,1,160102,1226,0,1,0,27,0,28,1,1,pre_allocation
748,1189,normal,0,0,65535_65535,0,1,160102,1272,1,1,1,28,1272,28,1,1,allocated
748,1189,normal,0,0,65535_65535,0,4,176699,1272,0,1,0,28,0,28,1,1,pre_allocation
748,1189,normal,0,0,65535_65535,0,4,176699,1317,1,1,1,29,1317,28,1,1,allocated
748,1189,normal,0,0,65535_65535,0,5,181444,1272,0,1,0,28,0,28,1,1,pre_allocation
748,1189,normal,0,0,65535_65535,0,5,181444,1317,1,1,1,29,1317,28,1,1,allocated
748,1189,normal,0,0,65535_65535,0,3,171395,1272,0,1,0,28,0,28,1,1,pre_allocation
748,1189,normal,0,0,65535_65535,0,3,171395,1317,1,1,1,29,1317,28,1,1,allocated
748,1189,normal,0,0,65535_65535,0,2,170478,1272,0,1,0,28,0,28,1,1,pre_allocation
748,1189,normal,0,0,65535_65535,0,2,170478,1317,1,1,1,29,1317,28,1,1,allocated
748,1189,normal,0,0,65535_65535,0,1,160102,1272,0,1,0,28,0,28,1,1,pre_allocation
748,1189,normal,0,0,65535_65535,0,1,160102,1317,1,1,1,29,1317,28,1,1,allocated
748,1189,normal,0,0,65535_65535,0,4,176699,1317,0,1,0,29,0,28,1,1,pre_allocation
748,1189,normal,0,0,65535_65535,0,4,176699,1363,1,1,1,30,1363,28,1,1,allocated
748,1189,normal,0,0,65535_65535,0,5,181444,1317,0,1,0,29,0,28,1,1,pre_allocation
748,1189,normal,0,0,65535_65535,0,5,181444,1363,1,1,1,30,1363,28,1,1,allocated
748,1189,normal,0,0,65535_65535,0,3,171395,1317,0,1,0,29,0,28,1,1,pre_allocation
748,1189,normal,0,0,65535_65535,0,3,171395,1363,1,1,1,30,1363,28,1,1,allocated
748,1189,normal,0,0,65535_65535,0,2,170478,1317,0,1,0,29,0,28,1,1,pre_allocation
748,1189,normal,0,0,65535_65535,0,2,170478,1363,1,1,1,30,1363,28,1,1,allocated
748,1189,normal,0,0,65535_65535,0,1,160102,1317,0,1,0,29,0,28,1,1,pre_allocation
748,1189,normal,0,0,65535_65535,0,1,160102,1363,1,1,1,30,1363,28,1,1,allocated
748,1189,normal,0,0,65535_65535,0,4,176699,1363,0,1,0,30,0,28,1,1,pre_allocation
748,1189,normal,0,0,65535_65535,0,4,176699,1408,1,1,1,31,1408,28,1,1,allocated
748,1189,normal,0,0,65535_65535,0,5,181444,1363,0,1,0,30,0,28,1,1,pre_allocation
748,1189,normal,0,0,65535_65535,0,5,181444,1408,1,1,1,31,1408,28,1,1,allocated
748,1189,normal,0,0,65535_65535,0,3,171395,1363,0,1,0,30,0,28,1,1,pre_allocation
748,1189,normal,0,0,65535_65535,0,3,171395,1408,1,1,1,31,1408,28,1,1,allocated
748,1189,normal,0,0,65535_65535,0,2,170478,1363,0,1,0,30,0,28,1,1,pre_allocation
748,1189,normal,0,0,65535_65535,0,2,170478,1408,1,1,1,31,1408,28,1,1,allocated
748,1189,normal,0,0,65535_65535,0,1,160102,1363,0,1,0,30,0,28,1,1,pre_allocation
748,1189,normal,0,0,65535_65535,0,1,160102,1408,1,1,1,31,1408,28,1,1,allocated
748,1189,normal,0,0,65535_65535,0,4,176699,1408,0,1,0,31,0,28,1,1,pre_allocation
748,1189,normal,0,0,65535_65535,0,4,176699,1454,1,1,1,32,1454,28,1,1,allocated
748,1189,normal,0,0,65535_65535,0,5,181444,1408,0,1,0,31,0,28,1,1,pre_allocation
748,1189,normal,0,0,65535_65535,0,5,181444,1454,1,1,1,32,1454,28,1,1,allocated
748,1189,normal,0,0,65535_65535,0,3,171395,1408,0,1,0,31,0,28,1,1,pre_allocation
748,1189,normal,0,0,65535_65535,0,3,171395,1454,1,1,1,32,1454,28,1,1,allocated
748,1189,normal,0,0,65535_65535,0,2,170478,1408,0,1,0,31,0,28,1,1,pre_allocation
748,1189,normal,0,0,65535_65535,0,2,170478,1454,1,1,1,32,1454,28,1,1,allocated
748,1189,normal,0,0,65535_65535,0,1,160102,1408,0,1,0,31,0,28,1,1,pre_allocation
748,1189,normal,0,0,65535_65535,0,1,160102,1454,1,1,1,32,1454,28,1,1,allocated
748,1189,normal,0,0,65535_65535,0,4,176699,1454,0,1,0,32,0,28,1,1,pre_allocation
748,1189,normal,0,0,65535_65535,0,4,176699,1499,1,1,1,33,1499,28,1,1,allocated
748,1189,normal,0,0,65535_65535,0,5,181444,1454,0,1,0,32,0,28,1,1,pre_allocation
748,1189,normal,0,0,65535_65535,0,5,181444,1499,1,1,1,33,1499,28,1,1,allocated
748,1189,normal,0,0,65535_65535,0,3,171395,1454,0,1,0,32,0,28,1,1,pre_allocation
748,1189,normal,0,0,65535_65535,0,3,171395,1499,1,1,1,33,1499,28,1,1,allocated
748,1189,normal,0,0,65535_65535,0,2,170478,1454,0,1,0,32,0,28,1,1,pre_allocation
748,1189,normal,0,0,65535_65535,0,2,170478,1499,1,1,1,33,1499,28,1,1,allocated
748,1189,normal,0,0,65535_65535,0,1,160102,1454,0,1,0,32,0,28,1,1,pre_allocation
748,1189,normal,0,0,65535_65535,0,1,160102,1499,1,1,1,33,1499,28,1,1,allocated
748,1189,normal,0,0,65535_65535,0,4,176699,1499,0,1,0,33,0,28,1,1,pre_allocation
748,1189,normal,0,0,65535_65535,0,4,176699,1542,1,1,1,34,1542,28,1,1,allocated
748,1189,normal,0,0,65535_65535,0,5,181444,1499,0,1,0,33,0,28,1,1,pre_allocation
748,1189,normal,0,0,65535_65535,0,5,181444,1542,1,1,1,34,1542,28,1,1,allocated
748,1189,normal,0,0,65535_65535,0,3,171395,1499,0,1,0,33,0,28,1,1,pre_allocation
748,1189,normal,0,0,65535_65535,0,3,171395,1542,1,1,1,34,1542,28,1,1,allocated
748,1189,normal,0,0,65535_65535,0,2,170478,1499,0,1,0,33,0,28,1,1,pre_allocation
748,1189,normal,0,0,65535_65535,0,2,170478,1542,1,1,1,34,1542,28,1,1,allocated
748,1189,normal,0,0,65535_65535,0,1,160102,1499,0,1,0,33,0,28,1,1,pre_allocation
748,1189,normal,0,0,65535_65535,0,1,160102,1542,1,1,1,34,1542,28,1,1,allocated
748,1189,normal,0,0,65535_65535,0,4,176699,1542,0,1,0,34,0,28,1,1,pre_allocation
748,1189,normal,0,0,65535_65535,0,4,176699,1587,1,1,1,35,1587,28,1,1,allocated
748,1189,normal,0,0,65535_65535,0,5,181444,1542,0,1,0,34,0,28,1,1,pre_allocation
748,1189,normal,0,0,65535_65535,0,5,181444,1587,1,1,1,35,1587,28,1,1,allocated
748,1189,normal,0,0,65535_65535,0,3,171395,1542,0,1,0,34,0,28,1,1,pre_allocation
748,1189,normal,0,0,65535_65535,0,3,171395,1587,1,1,1,35,1587,28,1,1,allocated
748,1189,normal,0,0,65535_65535,0,2,170478,1542,0,1,0,34,0,28,1,1,pre_allocation
748,1189,normal,0,0,65535_65535,0,2,170478,1587,1,1,1,35,1587,28,1,1,allocated
748,1189,normal,0,0,65535_65535,0,1,160102,1542,0,1,0,34,0,28,1,1,pre_allocation
748,1189,normal,0,0,65535_65535,0,1,160102,1587,1,1,1,35,1587,28,1,1,allocated
748,1189,normal,0,0,65535_65535,0,4,176699,1587,0,1,0,35,0,28,1,1,pre_allocation
748,1189,normal,0,0,65535_65535,0,4,176699,1633,1,1,1,36,1633,28,1,1,allocated
748,1189,normal,0,0,65535_65535,0,5,181444,1587,0,1,0,35,0,28,1,1,pre_allocation
748,1189,normal,0,0,65535_65535,0,5,181444,1633,1,1,1,36,1633,28,1,1,allocated
748,1189,normal,0,0,65535_65535,0,3,171395,1587,0,1,0,35,0,28,1,1,pre_allocation
748,1189,normal,0,0,65535_65535,0,3,171395,1633,1,1,1,36,1633,28,1,1,allocated
748,1189,normal,0,0,65535_65535,0,2,170478,1587,0,1,0,35,0,28,1,1,pre_allocation
748,1189,normal,0,0,65535_65535,0,2,170478,1633,1,1,1,36,1633,28,1,1,allocated
748,1189,normal,0,0,65535_65535,0,1,160102,1587,0,1,0,35,0,28,1,1,pre_allocation
748,1189,normal,0,0,65535_65535,0,1,160102,1633,1,1,1,36,1633,28,1,1,allocated
748,1189,normal,0,0,65535_65535,0,4,176699,1633,0,1,0,36,0,28,1,1,pre_allocation
748,1189,normal,0,0,65535_65535,0,4,176699,1678,1,1,1,37,1678,28,1,1,allocated
748,1189,normal,0,0,65535_65535,0,5,181444,1633,0,1,0,36,0,28,1,1,pre_allocation
748,1189,normal,0,0,65535_65535,0,5,181444,1678,1,1,1,37,1678,28,1,1,allocated
748,1189,normal,0,0,65535_65535,0,3,171395,1633,0,1,0,36,0,28,1,1,pre_allocation
748,1189,normal,0,0,65535_65535,0,3,171395,1678,1,1,1,37,1678,28,1,1,allocated
748,1189,normal,0,0,65535_65535,0,2,170478,1633,0,1,0,36,0,28,1,1,pre_allocation
748,1189,normal,0,0,65535_65535,0,2,170478,1678,1,1,1,37,1678,28,1,1,allocated
748,1189,normal,0,0,65535_65535,0,1,160102,1633,0,1,0,36,0,28,1,1,pre_allocation
748,1189,normal,0,0,65535_65535,0,1,160102,1678,1,1,1,37,1678,28,1,1,allocated
748,1189,normal,0,0,65535_65535,0,4,176699,1678,0,1,0,37,0,28,1,1,pre_allocation
748,1189,normal,0,0,65535_65535,0,4,176699,1724,1,1,1,38,1724,28,1,1,allocated
748,1189,normal,0,0,65535_65535,0,5,181444,1678,0,1,0,37,0,28,1,1,pre_allocation
748,1189,normal,0,0,65535_65535,0,5,181444,1724,1,1,1,38,1724,28,1,1,allocated
748,1189,normal,0,0,65535_65535,0,3,171395,1678,0,1,0,37,0,28,1,1,pre_allocation
748,1189,normal,0,0,65535_65535,0,3,171395,1724,1,1,1,38,1724,28,1,1,allocated
748,1189,normal,0,0,65535_65535,0,2,170478,1678,0,1,0,37,0,28,1,1,pre_allocation
748,1189,normal,0,0,65535_65535,0,2,170478,1724,1,1,1,38,1724,28,1,1,allocated
748,1189,normal,0,0,65535_65535,0,1,160102,1678,0,1,0,37,0,28,1,1,pre_allocation
748,1189,normal,0,0,65535_65535,0,1,160102,1724,1,1,1,38,1724,28,1,1,allocated
748,1189,normal,0,0,65535_65535,0,4,176699,1724,0,1,0,38,0,28,1,1,pre_allocation
748,1189,normal,0,0,65535_65535,0,4,176699,1770,1,1,1,39,1770,28,1,1,allocated
748,1189,normal,0,0,65535_65535,0,5,181444,1724,0,1,0,38,0,28,1,1,pre_allocation
748,1189,normal,0,0,65535_65535,0,5,181444,1770,1,1,1,39,1770,28,1,1,allocated
748,1189,normal,0,0,65535_65535,1,10,87,0,0,1,0,0,0,28,1,1,pre_allocation
748,1189,normal,0,0,65535_65535,1,10,87,42,1,1,1,1,42,28,1,1,allocated
748,1189,normal,0,0,65535_65535,1,9,87,0,0,1,0,0,0,28,1,1,pre_allocation
748,1189,normal,0,0,65535_65535,1,9,87,42,1,1,1,1,42,28,1,1,allocated
748,1189,normal,0,0,65535_65535,1,8,87,0,0,1,0,0,0,28,1,1,pre_allocation
748,1189,normal,0,0,65535_65535,1,8,87,42,1,1,1,1,42,28,1,1,allocated
748,1189,normal,0,0,65535_65535,1,10,87,42,0,1,0,1,0,28,1,1,pre_allocation
748,1189,normal,0,0,65535_65535,1,10,87,88,1,1,1,2,88,28,1,1,allocated
748,1189,normal,0,0,65535_65535,1,9,87,42,0,1,0,1,0,28,1,1,pre_allocation
748,1189,normal,0,0,65535_65535,1,9,87,88,1,1,1,2,88,28,1,1,allocated
748,1189,normal,0,0,65535_65535,1,8,87,42,0,1,0,1,0,28,1,1,pre_allocation
748,1189,normal,0,0,65535_65535,1,8,87,88,1,1,1,2,88,28,1,1,allocated
748,1189,normal,0,0,65535_65535,1,10,87,88,0,1,0,2,0,28,1,1,pre_allocation
748,1189,normal,0,0,65535_65535,1,10,87,133,1,1,1,3,133,28,1,1,allocated
748,1189,normal,0,0,65535_65535,1,9,87,88,0,1,0,2,0,28,1,1,pre_allocation
748,1189,normal,0,0,65535_65535,1,9,87,133,1,1,1,3,133,28,1,1,allocated
748,1189,normal,0,0,65535_65535,1,8,87,88,0,1,0,2,0,28,1,1,pre_allocation
748,1189,normal,0,0,65535_65535,1,8,87,133,1,1,1,3,133,28,1,1,allocated
748,1189,normal,0,0,65535_65535,1,10,87,133,0,1,0,3,0,28,1,1,pre_allocation
748,1189,normal,0,0,65535_65535,1,10,87,179,1,1,1,4,179,28,1,1,allocated
748,1189,normal,0,0,65535_65535,1,9,87,133,0,1,0,3,0,28,1,1,pre_allocation
748,1189,normal,0,0,65535_65535,1,9,87,179,1,1,1,4,179,28,1,1,allocated
748,1189,normal,0,0,65535_65535,1,8,87,133,0,1,0,3,0,28,1,1,pre_allocation
748,1189,normal,0,0,65535_65535,1,8,87,179,1,1,1,4,179,28,1,1,allocated
748,1189,normal,0,0,65535_65535,1,10,87,179,0,1,0,4,0,28,1,1,pre_allocation
748,1189,normal,0,0,65535_65535,1,10,87,224,1,1,1,5,224,28,1,1,allocated
748,1189,normal,0,0,65535_65535,1,9,87,179,0,1,0,4,0,28,1,1,pre_allocation
748,1189,normal,0,0,65535_65535,1,9,87,224,1,1,1,5,224,28,1,1,allocated
748,1189,normal,0,0,65535_65535,1,8,87,179,0,1,0,4,0,28,1,1,pre_allocation
748,1189,normal,0,0,65535_65535,1,8,87,224,1,1,1,5,224,28,1,1,allocated
748,1189,normal,0,0,65535_65535,1,10,87,224,0,1,0,5,0,28,1,1,pre_allocation
748,1189,normal,0,0,65535_65535,1,10,87,270,1,1,1,6,270,28,1,1,allocated
748,1189,normal,0,0,65535_65535,1,9,87,224,0,1,0,5,0,28,1,1,pre_allocation
748,1189,normal,0,0,65535_65535,1,9,87,270,1,1,1,6,270,28,1,1,allocated
748,1189,normal,0,0,65535_65535,1,8,87,224,0,1,0,5,0,28,1,1,pre_allocation
748,1189,normal,0,0,65535_65535,1,8,87,270,1,1,1,6,270,28,1,1,allocated
748,1189,normal,0,0,65535_65535,1,10,87,270,0,1,0,6,0,28,1,1,pre_allocation
748,1189,normal,0,0,65535_65535,1,10,87,315,1,1,1,7,315,28,1,1,allocated
748,1189,normal,0,0,65535_65535,1,9,87,270,0,1,0,6,0,28,1,1,pre_allocation
748,1189,normal,0,0,65535_65535,1,9,87,315,1,1,1,7,315,28,1,1,allocated
748,1189,normal,0,0,65535_65535,1,8,87,270,0,1,0,6,0,28,1,1,pre_allocation
748,1189,normal,0,0,65535_65535,1,8,87,315,1,1,1,7,315,28,1,1,allocated
748,1189,normal,0,0,65535_65535,1,10,87,315,0,1,0,7,0,28,1,1,pre_allocation
748,1189,normal,0,0,65535_65535,1,10,87,361,1,1,1,8,361,28,1,1,allocated
748,1189,normal,0,0,65535_65535,1,9,87,315,0,1,0,7,0,28,1,1,pre_allocation
748,1189,normal,0,0,65535_65535,1,9,87,361,1,1,1,8,361,28,1,1,allocated
748,1189,normal,0,0,65535_65535,1,8,87,315,0,1,0,7,0,28,1,1,pre_allocation
748,1189,normal,0,0,65535_65535,1,8,87,361,1,1,1,8,361,28,1,1,allocated
748,1189,normal,0,0,65535_65535,1,10,87,361,0,1,0,8,0,28,1,1,pre_allocation
748,1189,normal,0,0,65535_65535,1,10,87,406,1,1,1,9,406,28,1,1,allocated
748,1189,normal,0,0,65535_65535,1,9,87,361,0,1,0,8,0,28,1,1,pre_allocation
748,1189,normal,0,0,65535_65535,1,9,87,406,1,1,1,9,406,28,1,1,allocated
748,1189,normal,0,0,65535_65535,1,8,87,361,0,1,0,8,0,28,1,1,pre_allocation
748,1189,normal,0,0,65535_65535,1,8,87,406,1,1,1,9,406,28,1,1,allocated
748,1189,normal,0,0,65535_65535,1,10,87,406,0,1,0,9,0,28,1,1,pre_allocation
748,1189,normal,0,0,65535_65535,1,10,87,452,1,1,1,10,452,28,1,1,allocated
748,1189,normal,0,0,65535_65535,1,9,87,406,0,1,0,9,0,28,1,1,pre_allocation
748,1189,normal,0,0,65535_65535,1,9,87,452,1,1,1,10,452,28,1,1,allocated
748,1189,normal,0,0,65535_65535,1,8,87,406,0,1,0,9,0,28,1,1,pre_allocation
748,1189,normal,0,0,65535_65535,1,8,87,452,1,1,1,10,452,28,1,1,allocated
748,1189,normal,0,0,65535_65535,1,10,87,452,0,1,0,10,0,28,1,1,pre_allocation
748,1189,normal,0,0,65535_65535,1,10,87,497,1,1,1,11,497,28,1,1,allocated
748,1189,normal,0,0,65535_65535,1,9,87,452,0,1,0,10,0,28,1,1,pre_allocation
748,1189,normal,0,0,65535_65535,1,9,87,497,1,1,1,11,497,28,1,1,allocated
748,1189,normal,0,0,65535_65535,1,8,87,452,0,1,0,10,0,28,1,1,pre_allocation
748,1189,normal,0,0,65535_65535,1,8,87,497,1,1,1,11,497,28,1,1,allocated
748,1189,normal,0,0,65535_65535,1,10,87,497,0,1,0,11,0,28,1,1,pre_allocation
748,1189,normal,0,0,65535_65535,1,10,87,543,1,1,1,12,543,28,1,1,allocated
748,1189,normal,0,0,65535_65535,1,9,87,497,0,1,0,11,0,28,1,1,pre_allocation
748,1189,normal,0,0,65535_65535,1,9,87,543,1,1,1,12,543,28,1,1,allocated
748,1189,normal,0,0,65535_65535,1,8,87,497,0,1,0,11,0,28,1,1,pre_allocation
748,1189,normal,0,0,65535_65535,1,8,87,543,1,1,1,12,543,28,1,1,allocated
748,1189,normal,0,0,65535_65535,1,10,87,543,0,1,0,12,0,28,1,1,pre_allocation
748,1189,normal,0,0,65535_65535,1,10,87,589,1,1,1,13,589,28,1,1,allocated
748,1189,normal,0,0,65535_65535,1,9,87,543,0,1,0,12,0,28,1,1,pre_allocation
748,1189,normal,0,0,65535_65535,1,9,87,589,1,1,1,13,589,28,1,1,allocated
748,1189,normal,0,0,65535_65535,1,8,87,543,0,1,0,12,0,28,1,1,pre_allocation
748,1189,normal,0,0,65535_65535,1,8,87,589,1,1,1,13,589,28,1,1,allocated
748,1189,normal,0,0,65535_65535,1,10,87,589,0,1,0,13,0,28,1,1,pre_allocation
748,1189,normal,0,0,65535_65535,1,10,87,634,1,1,1,14,634,28,1,1,allocated
748,1189,normal,0,0,65535_65535,1,9,87,589,0,1,0,13,0,28,1,1,pre_allocation
748,1189,normal,0,0,65535_65535,1,9,87,634,1,1,1,14,634,28,1,1,allocated
748,1189,normal,0,0,65535_65535,1,8,87,589,0,1,0,13,0,28,1,1,pre_allocation
748,1189,normal,0,0,65535_65535,1,8,87,634,1,1,1,14,634,28,1,1,allocated
748,1189,normal,0,0,65535_65535,1,10,87,634,0,1,0,14,0,28,1,1,pre_allocation
748,1189,normal,0,0,65535_65535,1,10,87,680,1,1,1,15,680,28,1,1,allocated
748,1189,normal,0,0,65535_65535,1,9,87,634,0,1,0,14,0,28,1,1,pre_allocation
748,1189,normal,0,0,65535_65535,1,9,87,680,1,1,1,15,680,28,1,1,allocated
748,1189,normal,0,0,65535_65535,1,8,87,634,0,1,0,14,0,28,1,1,pre_allocation
748,1189,normal,0,0,65535_65535,1,8,87,680,1,1,1,15,680,28,1,1,allocated
748,1189,normal,0,0,65535_65535,1,10,87,680,0,1,0,15,0,28,1,1,pre_allocation
748,1189,normal,0,0,65535_65535,1,10,87,725,1,1,1,16,725,28,1,1,allocated
748,1189,normal,0,0,65535_65535,1,9,87,680,0,1,0,15,0,28,1,1,pre_allocation
748,1189,normal,0,0,65535_65535,1,9,87,725,1,1,1,16,725,28,1,1,allocated
748,1189,normal,0,0,65535_65535,1,8,87,680,0,1,0,15,0,28,1,1,pre_allocation
748,1189,normal,0,0,65535_65535,1,8,87,725,1,1,1,16,725,28,1,1,allocated
748,1189,normal,0,0,65535_65535,1,10,87,725,0,1,0,16,0,28,1,1,pre_allocation
748,1189,normal,0,0,65535_65535,1,10,87,771,1,1,1,17,771,28,1,1,allocated
748,1189,normal,0,0,65535_65535,1,9,87,725,0,1,0,16,0,28,1,1,pre_allocation
748,1189,normal,0,0,65535_65535,1,9,87,771,1,1,1,17,771,28,1,1,allocated
748,1189,normal,0,0,65535_65535,1,8,87,725,0,1,0,16,0,28,1,1,pre_allocation
748,1189,normal,0,0,65535_65535,1,8,87,771,1,1,1,17,771,28,1,1,allocated
748,1189,normal,0,0,65535_65535,1,10,87,771,0,1,0,17,0,28,1,1,pre_allocation
748,1189,normal,0,0,65535_65535,1,10,87,816,1,1,1,18,816,28,1,1,allocated
748,1189,normal,0,0,65535_65535,1,9,87,771,0,1,0,17,0,28,1,1,pre_allocation
748,1189,normal,0,0,65535_65535,1,9,87,816,1,1,1,18,816,28,1,1,allocated
748,1189,normal,0,0,65535_65535,1,8,87,771,0,1,0,17,0,28,1,1,pre_allocation
748,1189,normal,0,0,65535_65535,1,8,87,816,1,1,1,18,816,28,1,1,allocated
748,1189,normal,0,0,65535_65535,1,10,87,816,0,1,0,18,0,28,1,1,pre_allocation
748,1189,normal,0,0,65535_65535,1,10,87,862,1,1,1,19,862,28,1,1,allocated
748,1189,normal,0,0,65535_65535,1,9,87,816,0,1,0,18,0,28,1,1,pre_allocation
748,1189,normal,0,0,65535_65535,1,9,87,862,1,1,1,19,862,28,1,1,allocated
748,1189,normal,0,0,65535_65535,1,8,87,816,0,1,0,18,0,28,1,1,pre_allocation
748,1189,normal,0,0,65535_65535,1,8,87,862,1,1,1,19,862,28,1,1,allocated
748,1189,normal,0,0,65535_65535,1,10,87,862,0,1,0,19,0,28,1,1,pre_allocation
748,1189,normal,0,0,65535_65535,1,10,87,907,1,1,1,20,907,28,1,1,allocated
748,1189,normal,0,0,65535_65535,1,9,87,862,0,1,0,19,0,28,1,1,pre_allocation
748,1189,normal,0,0,65535_65535,1,9,87,907,1,1,1,20,907,28,1,1,allocated
748,1189,normal,0,0,65535_65535,1,8,87,862,0,1,0,19,0,28,1,1,pre_allocation
748,1189,normal,0,0,65535_65535,1,8,87,907,1,1,1,20,907,28,1,1,allocated
748,1189,normal,0,0,65535_65535,1,10,87,907,0,1,0,20,0,28,1,1,pre_allocation
748,1189,normal,0,0,65535_65535,1,10,87,953,1,1,1,21,953,28,1,1,allocated
748,1189,normal,0,0,65535_65535,1,9,87,907,0,1,0,20,0,28,1,1,pre_allocation
748,1189,normal,0,0,65535_65535,1,9,87,953,1,1,1,21,953,28,1,1,allocated
748,1189,normal,0,0,65535_65535,1,8,87,907,0,1,0,20,0,28,1,1,pre_allocation
748,1189,normal,0,0,65535_65535,1,8,87,953,1,1,1,21,953,28,1,1,allocated
748,1189,normal,0,0,65535_65535,1,10,87,953,0,1,0,21,0,28,1,1,pre_allocation
748,1189,normal,0,0,65535_65535,1,10,87,998,1,1,1,22,998,28,1,1,allocated
748,1189,normal,0,0,65535_65535,1,9,87,953,0,1,0,21,0,28,1,1,pre_allocation
748,1189,normal,0,0,65535_65535,1,9,87,998,1,1,1,22,998,28,1,1,allocated
748,1189,normal,0,0,65535_65535,1,8,87,953,0,1,0,21,0,28,1,1,pre_allocation
748,1189,normal,0,0,65535_65535,1,8,87,998,1,1,1,22,998,28,1,1,allocated
748,1189,normal,0,0,65535_65535,1,10,87,998,0,1,0,22,0,28,1,1,pre_allocation
748,1189,normal,0,0,65535_65535,1,10,87,1044,1,1,1,23,1044,28,1,1,allocated
748,1189,normal,0,0,65535_65535,1,9,87,998,0,1,0,22,0,28,1,1,pre_allocation
748,1189,normal,0,0,65535_65535,1,9,87,1044,1,1,1,23,1044,28,1,1,allocated
748,1189,normal,0,0,65535_65535,1,8,87,998,0,1,0,22,0,28,1,1,pre_allocation
748,1189,normal,0,0,65535_65535,1,8,87,1044,1,1,1,23,1044,28,1,1,allocated
748,1189,normal,0,0,65535_65535,1,10,87,1044,0,1,0,23,0,28,1,1,pre_allocation
748,1189,normal,0,0,65535_65535,1,10,87,1089,1,1,1,24,1089,28,1,1,allocated
748,1189,normal,0,0,65535_65535,1,9,87,1044,0,1,0,23,0,28,1,1,pre_allocation
748,1189,normal,0,0,65535_65535,1,9,87,1089,1,1,1,24,1089,28,1,1,allocated
748,1189,normal,0,0,65535_65535,1,8,87,1044,0,1,0,23,0,28,1,1,pre_allocation
748,1189,normal,0,0,65535_65535,1,8,87,1089,1,1,1,24,1089,28,1,1,allocated
748,1189,normal,0,0,65535_65535,1,10,87,1089,0,1,0,24,0,28,1,1,pre_allocation
748,1189,normal,0,0,65535_65535,1,10,87,1135,1,1,1,25,1135,28,1,1,allocated
748,1189,normal,0,0,65535_65535,1,9,87,1089,0,1,0,24,0,28,1,1,pre_allocation
748,1189,normal,0,0,65535_65535,1,9,87,1135,1,1,1,25,1135,28,1,1,allocated
860,1287,normal,0,0,65535_65535,0,1,166517,0,0,1,0,0,0,28,1,1,pre_allocation
860,1287,normal,0,0,65535_65535,0,1,166517,42,1,1,1,1,42,28,1,1,allocated
860,1287,normal,0,0,65535_65535,0,2,177932,0,0,1,0,0,0,28,1,1,pre_allocation
860,1287,normal,0,0,65535_65535,0,2,177932,42,1,1,1,1,42,28,1,1,allocated
860,1287,normal,0,0,65535_65535,0,3,179027,0,0,1,0,0,0,28,1,1,pre_allocation
860,1287,normal,0,0,65535_65535,0,3,179027,42,1,1,1,1,42,28,1,1,allocated
860,1287,normal,0,0,65535_65535,0,4,185480,0,0,1,0,0,0,28,1,1,pre_allocation
860,1287,normal,0,0,65535_65535,0,4,185480,42,1,1,1,1,42,28,1,1,allocated
860,1287,normal,0,0,65535_65535,0,5,191440,0,0,1,0,0,0,28,1,1,pre_allocation
860,1287,normal,0,0,65535_65535,0,5,191440,42,1,1,1,1,42,28,1,1,allocated
860,1287,normal,0,0,65535_65535,0,1,166517,42,0,1,0,1,0,28,1,1,pre_allocation
860,1287,normal,0,0,65535_65535,0,1,166517,88,1,1,1,2,88,28,1,1,allocated
860,1287,normal,0,0,65535_65535,0,2,177932,42,0,1,0,1,0,28,1,1,pre_allocation
860,1287,normal,0,0,65535_65535,0,2,177932,88,1,1,1,2,88,28,1,1,allocated
860,1287,normal,0,0,65535_65535,0,3,179027,42,0,1,0,1,0,28,1,1,pre_allocation
860,1287,normal,0,0,65535_65535,0,3,179027,88,1,1,1,2,88,28,1,1,allocated
860,1287,normal,0,0,65535_65535,0,4,185480,42,0,1,0,1,0,28,1,1,pre_allocation
860,1287,normal,0,0,65535_65535,0,4,185480,88,1,1,1,2,88,28,1,1,allocated
860,1287,normal,0,0,65535_65535,0,5,191440,42,0,1,0,1,0,28,1,1,pre_allocation
860,1287,normal,0,0,65535_65535,0,5,191440,88,1,1,1,2,88,28,1,1,allocated
860,1287,normal,0,0,65535_65535,0,1,166517,88,0,1,0,2,0,28,1,1,pre_allocation
860,1287,normal,0,0,65535_65535,0,1,166517,133,1,1,1,3,133,28,1,1,allocated
860,1287,normal,0,0,65535_65535,0,2,177932,88,0,1,0,2,0,28,1,1,pre_allocation
860,1287,normal,0,0,65535_65535,0,2,177932,133,1,1,1,3,133,28,1,1,allocated
860,1287,normal,0,0,65535_65535,0,3,179027,88,0,1,0,2,0,28,1,1,pre_allocation
860,1287,normal,0,0,65535_65535,0,3,179027,133,1,1,1,3,133,28,1,1,allocated
860,1287,normal,0,0,65535_65535,0,4,185480,88,0,1,0,2,0,28,1,1,pre_allocation
860,1287,normal,0,0,65535_65535,0,4,185480,133,1,1,1,3,133,28,1,1,allocated
860,1287,normal,0,0,65535_65535,0,5,191440,88,0,1,0,2,0,28,1,1,pre_allocation
860,1287,normal,0,0,65535_65535,0,5,191440,133,1,1,1,3,133,28,1,1,allocated
860,1287,normal,0,0,65535_65535,0,1,166517,133,0,1,0,3,0,28,1,1,pre_allocation
860,1287,normal,0,0,65535_65535,0,1,166517,179,1,1,1,4,179,28,1,1,allocated
860,1287,normal,0,0,65535_65535,0,2,177932,133,0,1,0,3,0,28,1,1,pre_allocation
860,1287,normal,0,0,65535_65535,0,2,177932,179,1,1,1,4,179,28,1,1,allocated
860,1287,normal,0,0,65535_65535,0,3,179027,133,0,1,0,3,0,28,1,1,pre_allocation
860,1287,normal,0,0,65535_65535,0,3,179027,179,1,1,1,4,179,28,1,1,allocated
860,1287,normal,0,0,65535_65535,0,4,185480,133,0,1,0,3,0,28,1,1,pre_allocation
860,1287,normal,0,0,65535_65535,0,4,185480,179,1,1,1,4,179,28,1,1,allocated
860,1287,normal,0,0,65535_65535,0,5,191440,133,0,1,0,3,0,28,1,1,pre_allocation
860,1287,normal,0,0,65535_65535,0,5,191440,179,1,1,1,4,179,28,1,1,allocated
860,1287,normal,0,0,65535_65535,0,1,166517,179,0,1,0,4,0,28,1,1,pre_allocation
860,1287,normal,0,0,65535_65535,0,1,166517,224,1,1,1,5,224,28,1,1,allocated
860,1287,normal,0,0,65535_65535,0,2,177932,179,0,1,0,4,0,28,1,1,pre_allocation
860,1287,normal,0,0,65535_65535,0,2,177932,224,1,1,1,5,224,28,1,1,allocated
860,1287,normal,0,0,65535_65535,0,3,179027,179,0,1,0,4,0,28,1,1,pre_allocation
860,1287,normal,0,0,65535_65535,0,3,179027,224,1,1,1,5,224,28,1,1,allocated
860,1287,normal,0,0,65535_65535,0,4,185480,179,0,1,0,4,0,28,1,1,pre_allocation
860,1287,normal,0,0,65535_65535,0,4,185480,224,1,1,1,5,224,28,1,1,allocated
860,1287,normal,0,0,65535_65535,0,5,191440,179,0,1,0,4,0,28,1,1,pre_allocation
860,1287,normal,0,0,65535_65535,0,5,191440,224,1,1,1,5,224,28,1,1,allocated
860,1287,normal,0,0,65535_65535,0,1,166517,224,0,1,0,5,0,28,1,1,pre_allocation
860,1287,normal,0,0,65535_65535,0,1,166517,270,1,1,1,6,270,28,1,1,allocated
860,1287,normal,0,0,65535_65535,0,2,177932,224,0,1,0,5,0,28,1,1,pre_allocation
860,1287,normal,0,0,65535_65535,0,2,177932,270,1,1,1,6,270,28,1,1,allocated
860,1287,normal,0,0,65535_65535,0,3,179027,224,0,1,0,5,0,28,1,1,pre_allocation
860,1287,normal,0,0,65535_65535,0,3,179027,270,1,1,1,6,270,28,1,1,allocated
860,1287,normal,0,0,65535_65535,0,4,185480,224,0,1,0,5,0,28,1,1,pre_allocation
860,1287,normal,0,0,65535_65535,0,4,185480,270,1,1,1,6,270,28,1,1,allocated
860,1287,normal,0,0,65535_65535,0,5,191440,224,0,1,0,5,0,28,1,1,pre_allocation
860,1287,normal,0,0,65535_65535,0,5,191440,270,1,1,1,6,270,28,1,1,allocated
860,1287,normal,0,0,65535_65535,0,1,166517,270,0,1,0,6,0,28,1,1,pre_allocation
860,1287,normal,0,0,65535_65535,0,1,166517,315,1,1,1,7,315,28,1,1,allocated
860,1287,normal,0,0,65535_65535,0,2,177932,270,0,1,0,6,0,28,1,1,pre_allocation
860,1287,normal,0,0,65535_65535,0,2,177932,315,1,1,1,7,315,28,1,1,allocated
860,1287,normal,0,0,65535_65535,0,3,179027,270,0,1,0,6,0,28,1,1,pre_allocation
860,1287,normal,0,0,65535_65535,0,3,179027,315,1,1,1,7,315,28,1,1,allocated
860,1287,normal,0,0,65535_65535,0,4,185480,270,0,1,0,6,0,28,1,1,pre_allocation
860,1287,normal,0,0,65535_65535,0,4,185480,315,1,1,1,7,315,28,1,1,allocated
860,1287,normal,0,0,65535_65535,0,5,191440,270,0,1,0,6,0,28,1,1,pre_allocation
860,1287,normal,0,0,65535_65535,0,5,191440,315,1,1,1,7,315,28,1,1,allocated
860,1287,normal,0,0,65535_65535,0,1,166517,315,0,1,0,7,0,28,1,1,pre_allocation
860,1287,normal,0,0,65535_65535,0,1,166517,361,1,1,1,8,361,28,1,1,allocated
860,1287,normal,0,0,65535_65535,0,2,177932,315,0,1,0,7,0,28,1,1,pre_allocation
860,1287,normal,0,0,65535_65535,0,2,177932,361,1,1,1,8,361,28,1,1,allocated
860,1287,normal,0,0,65535_65535,0,3,179027,315,0,1,0,7,0,28,1,1,pre_allocation
860,1287,normal,0,0,65535_65535,0,3,179027,361,1,1,1,8,361,28,1,1,allocated
860,1287,normal,0,0,65535_65535,0,4,185480,315,0,1,0,7,0,28,1,1,pre_allocation
860,1287,normal,0,0,65535_65535,0,4,185480,361,1,1,1,8,361,28,1,1,allocated
860,1287,normal,0,0,65535_65535,0,5,191440,315,0,1,0,7,0,28,1,1,pre_allocation
860,1287,normal,0,0,65535_65535,0,5,191440,361,1,1,1,8,361,28,1,1,allocated
860,1287,normal,0,0,65535_65535,0,1,166517,361,0,1,0,8,0,28,1,1,pre_allocation
860,1287,normal,0,0,65535_65535,0,1,166517,406,1,1,1,9,406,28,1,1,allocated
860,1287,normal,0,0,65535_65535,0,2,177932,361,0,1,0,8,0,28,1,1,pre_allocation
860,1287,normal,0,0,65535_65535,0,2,177932,406,1,1,1,9,406,28,1,1,allocated
860,1287,normal,0,0,65535_65535,0,3,179027,361,0,1,0,8,0,28,1,1,pre_allocation
860,1287,normal,0,0,65535_65535,0,3,179027,406,1,1,1,9,406,28,1,1,allocated
860,1287,normal,0,0,65535_65535,0,4,185480,361,0,1,0,8,0,28,1,1,pre_allocation
860,1287,normal,0,0,65535_65535,0,4,185480,406,1,1,1,9,406,28,1,1,allocated
860,1287,normal,0,0,65535_65535,0,5,191440,361,0,1,0,8,0,28,1,1,pre_allocation
860,1287,normal,0,0,65535_65535,0,5,191440,406,1,1,1,9,406,28,1,1,allocated
860,1287,normal,0,0,65535_65535,0,1,166517,406,0,1,0,9,0,28,1,1,pre_allocation
860,1287,normal,0,0,65535_65535,0,1,166517,452,1,1,1,10,452,28,1,1,allocated
860,1287,normal,0,0,65535_65535,0,2,177932,406,0,1,0,9,0,28,1,1,pre_allocation
860,1287,normal,0,0,65535_65535,0,2,177932,452,1,1,1,10,452,28,1,1,allocated
860,1287,normal,0,0,65535_65535,0,3,179027,406,0,1,0,9,0,28,1,1,pre_allocation
860,1287,normal,0,0,65535_65535,0,3,179027,452,1,1,1,10,452,28,1,1,allocated
860,1287,normal,0,0,65535_65535,0,4,185480,406,0,1,0,9,0,28,1,1,pre_allocation
860,1287,normal,0,0,65535_65535,0,4,185480,452,1,1,1,10,452,28,1,1,allocated
860,1287,normal,0,0,65535_65535,0,5,191440,406,0,1,0,9,0,28,1,1,pre_allocation
860,1287,normal,0,0,65535_65535,0,5,191440,452,1,1,1,10,452,28,1,1,allocated
860,1287,normal,0,0,65535_65535,0,1,166517,452,0,1,0,10,0,28,1,1,pre_allocation
860,1287,normal,0,0,65535_65535,0,1,166517,497,1,1,1,11,497,28,1,1,allocated
860,1287,normal,0,0,65535_65535,0,2,177932,452,0,1,0,10,0,28,1,1,pre_allocation
860,1287,normal,0,0,65535_65535,0,2,177932,497,1,1,1,11,497,28,1,1,allocated
860,1287,normal,0,0,65535_65535,0,3,179027,452,0,1,0,10,0,28,1,1,pre_allocation
860,1287,normal,0,0,65535_65535,0,3,179027,497,1,1,1,11,497,28,1,1,allocated
860,1287,normal,0,0,65535_65535,0,4,185480,452,0,1,0,10,0,28,1,1,pre_allocation
860,1287,normal,0,0,65535_65535,0,4,185480,497,1,1,1,11,497,28,1,1,allocated
860,1287,normal,0,0,65535_65535,0,5,191440,452,0,1,0,10,0,28,1,1,pre_allocation
860,1287,normal,0,0,65535_65535,0,5,191440,497,1,1,1,11,497,28,1,1,allocated
860,1287,normal,0,0,65535_65535,0,1,166517,497,0,1,0,11,0,28,1,1,pre_allocation
860,1287,normal,0,0,65535_65535,0,1,166517,543,1,1,1,12,543,28,1,1,allocated
860,1287,normal,0,0,65535_65535,0,2,177932,497,0,1,0,11,0,28,1,1,pre_allocation
860,1287,normal,0,0,65535_65535,0,2,177932,543,1,1,1,12,543,28,1,1,allocated
860,1287,normal,0,0,65535_65535,0,3,179027,497,0,1,0,11,0,28,1,1,pre_allocation
860,1287,normal,0,0,65535_65535,0,3,179027,543,1,1,1,12,543,28,1,1,allocated
860,1287,normal,0,0,65535_65535,1,8,87,0,0,1,0,0,0,28,1,1,pre_allocation
860,1287,normal,0,0,65535_65535,1,8,87,42,1,1,1,1,42,28,1,1,allocated
860,1287,normal,0,0,65535_65535,1,9,87,0,0,1,0,0,0,28,1,1,pre_allocation
860,1287,normal,0,0,65535_65535,1,9,87,42,1,1,1,1,42,28,1,1,allocated
860,1287,normal,0,0,65535_65535,1,10,87,0,0,1,0,0,0,28,1,1,pre_allocation
860,1287,normal,0,0,65535_65535,1,10,87,42,1,1,1,1,42,28,1,1,allocated
860,1287,normal,0,0,65535_65535,1,8,87,42,0,1,0,1,0,28,1,1,pre_allocation
860,1287,normal,0,0,65535_65535,1,8,87,88,1,1,1,2,88,28,1,1,allocated
860,1287,normal,0,0,65535_65535,1,9,87,42,0,1,0,1,0,28,1,1,pre_allocation
860,1287,normal,0,0,65535_65535,1,9,87,88,1,1,1,2,88,28,1,1,allocated
860,1287,normal,0,0,65535_65535,1,10,87,42,0,1,0,1,0,28,1,1,pre_allocation
860,1287,normal,0,0,65535_65535,1,10,87,88,1,1,1,2,88,28,1,1,allocated
860,1287,normal,0,0,65535_65535,1,8,87,88,0,1,0,2,0,28,1,1,pre_allocation
860,1287,normal,0,0,65535_65535,1,8,87,133,1,1,1,3,133,28,1,1,allocated
860,1287,normal,0,0,65535_65535,1,9,87,88,0,1,0,2,0,28,1,1,pre_allocation
860,1287,normal,0,0,65535_65535,1,9,87,133,1,1,1,3,133,28,1,1,allocated
860,1287,normal,0,0,65535_65535,1,10,87,88,0,1,0,2,0,28,1,1,pre_allocation
860,1287,normal,0,0,65535_65535,1,10,87,133,1,1,1,3,133,28,1,1,allocated
860,1287,normal,0,0,65535_65535,1,8,87,133,0,1,0,3,0,28,1,1,pre_allocation
860,1287,normal,0,0,65535_65535,1,8,87,179,1,1,1,4,179,28,1,1,allocated
860,1287,normal,0,0,65535_65535,1,9,87,133,0,1,0,3,0,28,1,1,pre_allocation
860,1287,normal,0,0,65535_65535,1,9,87,179,1,1,1,4,179,28,1,1,allocated
860,1287,normal,0,0,65535_65535,1,10,87,133,0,1,0,3,0,28,1,1,pre_allocation
860,1287,normal,0,0,65535_65535,1,10,87,179,1,1,1,4,179,28,1,1,allocated
860,1287,normal,0,0,65535_65535,1,8,87,179,0,1,0,4,0,28,1,1,pre_allocation
860,1287,normal,0,0,65535_65535,1,8,87,224,1,1,1,5,224,28,1,1,allocated
860,1287,normal,0,0,65535_65535,1,9,87,179,0,1,0,4,0,28,1,1,pre_allocation
860,1287,normal,0,0,65535_65535,1,9,87,224,1,1,1,5,224,28,1,1,allocated
860,1287,normal,0,0,65535_65535,1,10,87,179,0,1,0,4,0,28,1,1,pre_allocation
860,1287,normal,0,0,65535_65535,1,10,87,224,1,1,1,5,224,28,1,1,allocated
860,1287,normal,0,0,65535_65535,1,8,87,224,0,1,0,5,0,28,1,1,pre_allocation
860,1287,normal,0,0,65535_65535,1,8,87,270,1,1,1,6,270,28,1,1,allocated
860,1287,normal,0,0,65535_65535,1,9,87,224,0,1,0,5,0,28,1,1,pre_allocation
860,1287,normal,0,0,65535_65535,1,9,87,270,1,1,1,6,270,28,1,1,allocated
860,1287,normal,0,0,65535_65535,1,10,87,224,0,1,0,5,0,28,1,1,pre_allocation
860,1287,normal,0,0,65535_65535,1,10,87,270,1,1,1,6,270,28,1,1,allocated
860,1287,normal,0,0,65535_65535,1,8,87,270,0,1,0,6,0,28,1,1,pre_allocation
860,1287,normal,0,0,65535_65535,1,8,87,315,1,1,1,7,315,28,1,1,allocated
860,1287,normal,0,0,65535_65535,1,9,87,270,0,1,0,6,0,28,1,1,pre_allocation
860,1287,normal,0,0,65535_65535,1,9,87,315,1,1,1,7,315,28,1,1,allocated
860,1287,normal,0,0,65535_65535,1,10,87,270,0,1,0,6,0,28,1,1,pre_allocation
860,1287,normal,0,0,65535_65535,1,10,87,315,1,1,1,7,315,28,1,1,allocated
860,1287,normal,0,0,65535_65535,1,8,87,315,0,1,0,7,0,28,1,1,pre_allocation
860,1287,normal,0,0,65535_65535,1,8,87,361,1,1,1,8,361,28,1,1,allocated
860,1287,normal,0,0,65535_65535,1,9,87,315,0,1,0,7,0,28,1,1,pre_allocation
860,1287,normal,0,0,65535_65535,1,9,87,361,1,1,1,8,361,28,1,1,allocated
860,1287,normal,0,0,65535_65535,1,10,87,315,0,1,0,7,0,28,1,1,pre_allocation
860,1287,normal,0,0,65535_65535,1,10,87,361,1,1,1,8,361,28,1,1,allocated
860,1287,normal,0,0,65535_65535,1,8,87,361,0,1,0,8,0,28,1,1,pre_allocation
860,1287,normal,0,0,65535_65535,1,8,87,406,1,1,1,9,406,28,1,1,allocated
860,1287,normal,0,0,65535_65535,1,9,87,361,0,1,0,8,0,28,1,1,pre_allocation
860,1287,normal,0,0,65535_65535,1,9,87,406,1,1,1,9,406,28,1,1,allocated
860,1287,normal,0,0,65535_65535,1,10,87,361,0,1,0,8,0,28,1,1,pre_allocation
860,1287,normal,0,0,65535_65535,1,10,87,406,1,1,1,9,406,28,1,1,allocated
860,1287,normal,0,0,65535_65535,1,8,87,406,0,1,0,9,0,28,1,1,pre_allocation
860,1287,normal,0,0,65535_65535,1,8,87,452,1,1,1,10,452,28,1,1,allocated
860,1287,normal,0,0,65535_65535,1,9,87,406,0,1,0,9,0,28,1,1,pre_allocation
860,1287,normal,0,0,65535_65535,1,9,87,452,1,1,1,10,452,28,1,1,allocated
860,1287,normal,0,0,65535_65535,1,10,87,406,0,1,0,9,0,28,1,1,pre_allocation
860,1287,normal,0,0,65535_65535,1,10,87,452,1,1,1,10,452,28,1,1,allocated
860,1287,normal,0,0,65535_65535,1,8,87,452,0,1,0,10,0,28,1,1,pre_allocation
860,1287,normal,0,0,65535_65535,1,8,87,497,1,1,1,11,497,28,1,1,allocated
860,1287,normal,0,0,65535_65535,1,9,87,452,0,1,0,10,0,28,1,1,pre_allocation
860,1287,normal,0,0,65535_65535,1,9,87,497,1,1,1,11,497,28,1,1,allocated
860,1287,normal,0,0,65535_65535,1,10,87,452,0,1,0,10,0,28,1,1,pre_allocation
860,1287,normal,0,0,65535_65535,1,10,87,497,1,1,1,11,497,28,1,1,allocated
860,1287,normal,0,0,65535_65535,1,8,87,497,0,1,0,11,0,28,1,1,pre_allocation
860,1287,normal,0,0,65535_65535,1,8,87,543,1,1,1,12,543,28,1,1,allocated
860,1287,normal,0,0,65535_65535,1,9,87,497,0,1,0,11,0,28,1,1,pre_allocation
860,1287,normal,0,0,65535_65535,1,9,87,543,1,1,1,12,543,28,1,1,allocated
860,1287,normal,0,0,65535_65535,1,10,87,497,0,1,0,11,0,28,1,1,pre_allocation
860,1287,normal,0,0,65535_65535,1,10,87,543,1,1,1,12,543,28,1,1,allocated
860,1287,normal,0,0,65535_65535,1,8,87,543,0,1,0,12,0,28,1,1,pre_allocation
860,1287,normal,0,0,65535_65535,1,8,87,589,1,1,1,13,589,28,1,1,allocated
860,1287,normal,0,0,65535_65535,1,9,87,543,0,1,0,12,0,28,1,1,pre_allocation
860,1287,normal,0,0,65535_65535,1,9,87,589,1,1,1,13,589,28,1,1,allocated
860,1287,normal,0,0,65535_65535,1,10,87,543,0,1,0,12,0,28,1,1,pre_allocation
860,1287,normal,0,0,65535_65535,1,10,87,589,1,1,1,13,589,28,1,1,allocated
860,1287,normal,0,0,65535_65535,1,8,87,589,0,1,0,13,0,28,1,1,pre_allocation
860,1287,normal,0,0,65535_65535,1,8,87,634,1,1,1,14,634,28,1,1,allocated
860,1287,normal,0,0,65535_65535,1,9,87,589,0,1,0,13,0,28,1,1,pre_allocation
860,1287,normal,0,0,65535_65535,1,9,87,634,1,1,1,14,634,28,1,1,allocated
860,1287,normal,0,0,65535_65535,1,10,87,589,0,1,0,13,0,28,1,1,pre_allocation
860,1287,normal,0,0,65535_65535,1,10,87,634,1,1,1,14,634,28,1,1,allocated
860,1287,normal,0,0,65535_65535,1,8,87,634,0,1,0,14,0,28,1,1,pre_allocation
860,1287,normal,0,0,65535_65535,1,8,87,680,1,1,1,15,680,28,1,1,allocated
860,1287,normal,0,0,65535_65535,1,9,87,634,0,1,0,14,0,28,1,1,pre_allocation
860,1287,normal,0,0,65535_65535,1,9,87,680,1,1,1,15,680,28,1,1,allocated
860,1287,normal,0,0,65535_65535,1,10,87,634,0,1,0,14,0,28,1,1,pre_allocation
860,1287,normal,0,0,65535_65535,1,10,87,680,1,1,1,15,680,28,1,1,allocated
860,1287,normal,0,0,65535_65535,1,8,87,680,0,1,0,15,0,28,1,1,pre_allocation
860,1287,normal,0,0,65535_65535,1,8,87,725,1,1,1,16,725,28,1,1,allocated
860,1287,normal,0,0,65535_65535,1,9,87,680,0,1,0,15,0,28,1,1,pre_allocation
860,1287,normal,0,0,65535_65535,1,9,87,725,1,1,1,16,725,28,1,1,allocated
860,1287,normal,0,0,65535_65535,1,10,87,680,0,1,0,15,0,28,1,1,pre_allocation
860,1287,normal,0,0,65535_65535,1,10,87,725,1,1,1,16,725,28,1,1,allocated
860,1287,normal,0,0,65535_65535,1,8,87,725,0,1,0,16,0,28,1,1,pre_allocation
860,1287,normal,0,0,65535_65535,1,8,87,771,1,1,1,17,771,28,1,1,allocated
860,1287,normal,0,0,65535_65535,1,9,87,725,0,1,0,16,0,28,1,1,pre_allocation
860,1287,normal,0,0,65535_65535,1,9,87,771,1,1,1,17,771,28,1,1,allocated
860,1287,normal,0,0,65535_65535,1,10,87,725,0,1,0,16,0,28,1,1,pre_allocation
860,1287,normal,0,0,65535_65535,1,10,87,771,1,1,1,17,771,28,1,1,allocated
860,1287,normal,0,0,65535_65535,1,8,87,771,0,1,0,17,0,28,1,1,pre_allocation
860,1287,normal,0,0,65535_65535,1,8,87,816,1,1,1,18,816,28,1,1,allocated
860,1287,normal,0,0,65535_65535,1,9,87,771,0,1,0,17,0,28,1,1,pre_allocation
860,1287,normal,0,0,65535_65535,1,9,87,816,1,1,1,18,816,28,1,1,allocated
860,1287,normal,0,0,65535_65535,1,10,87,771,0,1,0,17,0,28,1,1,pre_allocation
860,1287,normal,0,0,65535_65535,1,10,87,816,1,1,1,18,816,28,1,1,allocated
860,1287,normal,0,0,65535_65535,1,8,87,816,0,1,0,18,0,28,1,1,pre_allocation
860,1287,normal,0,0,65535_65535,1,8,87,862,1,1,1,19,862,28,1,1,allocated
860,1287,normal,0,0,65535_65535,1,9,87,816,0,1,0,18,0,28,1,1,pre_allocation
860,1287,normal,0,0,65535_65535,1,9,87,862,1,1,1,19,862,28,1,1,allocated
860,1287,normal,0,0,65535_65535,1,10,87,816,0,1,0,18,0,28,1,1,pre_allocation
860,1287,normal,0,0,65535_65535,1,10,87,862,1,1,1,19,862,28,1,1,allocated
860,1287,normal,0,0,65535_65535,1,8,87,862,0,1,0,19,0,28,1,1,pre_allocation
860,1287,normal,0,0,65535_65535,1,8,87,907,1,1,1,20,907,28,1,1,allocated
860,1287,normal,0,0,65535_65535,1,9,87,862,0,1,0,19,0,28,1,1,pre_allocation
860,1287,normal,0,0,65535_65535,1,9,87,907,1,1,1,20,907,28,1,1,allocated
860,1287,normal,0,0,65535_65535,1,10,87,862,0,1,0,19,0,28,1,1,pre_allocation
860,1287,normal,0,0,65535_65535,1,10,87,907,1,1,1,20,907,28,1,1,allocated
860,1287,normal,0,0,65535_65535,1,8,87,907,0,1,0,20,0,28,1,1,pre_allocation
860,1287,normal,0,0,65535_65535,1,8,87,953,1,1,1,21,953,28,1,1,allocated
860,1287,normal,0,0,65535_65535,1,9,87,907,0,1,0,20,0,28,1,1,pre_allocation
860,1287,normal,0,0,65535_65535,1,9,87,953,1,1,1,21,953,28,1,1,allocated
860,1287,normal,0,0,65535_65535,1,10,87,907,0,1,0,20,0,28,1,1,pre_allocation
860,1287,normal,0,0,65535_65535,1,10,87,953,1,1,1,21,953,28,1,1,allocated
860,1287,normal,0,0,65535_65535,1,8,87,953,0,1,0,21,0,28,1,1,pre_allocation
860,1287,normal,0,0,65535_65535,1,8,87,998,1,1,1,22,998,28,1,1,allocated
860,1287,normal,0,0,65535_65535,1,9,87,953,0,1,0,21,0,28,1,1,pre_allocation
860,1287,normal,0,0,65535_65535,1,9,87,998,1,1,1,22,998,28,1,1,allocated
860,1287,normal,0,0,65535_65535,1,10,87,953,0,1,0,21,0,28,1,1,pre_allocation
860,1287,normal,0,0,65535_65535,1,10,87,998,1,1,1,22,998,28,1,1,allocated
860,1287,normal,0,0,65535_65535,1,8,87,998,0,1,0,22,0,28,1,1,pre_allocation
860,1287,normal,0,0,65535_65535,1,8,87,1044,1,1,1,23,1044,28,1,1,allocated
860,1287,normal,0,0,65535_65535,1,9,87,998,0,1,0,22,0,28,1,1,pre_allocation
860,1287,normal,0,0,65535_65535,1,9,87,1044,1,1,1,23,1044,28,1,1,allocated
860,1287,normal,0,0,65535_65535,1,10,87,998,0,1,0,22,0,28,1,1,pre_allocation
860,1287,normal,0,0,65535_65535,1,10,87,1044,1,1,1,23,1044,28,1,1,allocated
860,1287,normal,0,0,65535_65535,1,8,87,1044,0,1,0,23,0,28,1,1,pre_allocation
860,1287,normal,0,0,65535_65535,1,8,87,1089,1,1,1,24,1089,28,1,1,allocated
860,1287,normal,0,0,65535_65535,1,9,87,1044,0,1,0,23,0,28,1,1,pre_allocation
860,1287,normal,0,0,65535_65535,1,9,87,1089,1,1,1,24,1089,28,1,1,allocated
860,1287,normal,0,0,65535_65535,1,10,87,1044,0,1,0,23,0,28,1,1,pre_allocation
860,1287,normal,0,0,65535_65535,1,10,87,1089,1,1,1,24,1089,28,1,1,allocated
860,1287,normal,0,0,65535_65535,1,8,87,1089,0,1,0,24,0,28,1,1,pre_allocation
860,1287,normal,0,0,65535_65535,1,8,87,1135,1,1,1,25,1135,28,1,1,allocated
860,1287,normal,0,0,65535_65535,1,9,87,1089,0,1,0,24,0,28,1,1,pre_allocation
860,1287,normal,0,0,65535_65535,1,9,87,1135,1,1,1,25,1135,28,1,1,allocated
860,1287,normal,0,0,65535_65535,1,10,87,1089,0,1,0,24,0,28,1,1,pre_allocation
860,1287,normal,0,0,65535_65535,1,10,87,1135,1,1,1,25,1135,28,1,1,allocated
860,1287,normal,0,0,65535_65535,1,8,87,1135,0,1,0,25,0,28,1,1,pre_allocation
860,1287,normal,0,0,65535_65535,1,8,87,1181,1,1,1,26,1181,28,1,1,allocated
860,1287,normal,0,0,65535_65535,1,9,87,1135,0,1,0,25,0,28,1,1,pre_allocation
860,1287,normal,0,0,65535_65535,1,9,87,1181,1,1,1,26,1181,28,1,1,allocated
860,1287,normal,0,0,65535_65535,1,10,87,1135,0,1,0,25,0,28,1,1,pre_allocation
860,1287,normal,0,0,65535_65535,1,10,87,1181,1,1,1,26,1181,28,1,1,allocated
860,1287,normal,0,0,65535_65535,1,8,87,1181,0,1,0,26,0,28,1,1,pre_allocation
860,1287,normal,0,0,65535_65535,1,8,87,1226,1,1,1,27,1226,28,1,1,allocated
860,1287,normal,0,0,65535_65535,1,9,87,1181,0,1,0,26,0,28,1,1,pre_allocation
860,1287,normal,0,0,65535_65535,1,9,87,1226,1,1,1,27,1226,28,1,1,allocated
860,1287,normal,0,0,65535_65535,1,10,87,1181,0,1,0,26,0,28,1,1,pre_allocation
860,1287,normal,0,0,65535_65535,1,10,87,1226,1,1,1,27,1226,28,1,1,allocated
860,1287,normal,0,0,65535_65535,1,8,87,1226,0,1,0,27,0,28,1,1,pre_allocation
860,1287,normal,0,0,65535_65535,1,8,87,1272,1,1,1,28,1272,28,1,1,allocated
860,1287,normal,0,0,65535_65535,1,9,87,1226,0,1,0,27,0,28,1,1,pre_allocation
860,1287,normal,0,0,65535_65535,1,9,87,1272,1,1,1,28,1272,28,1,1,allocated
860,1287,normal,0,0,65535_65535,1,10,87,1226,0,1,0,27,0,28,1,1,pre_allocation
860,1287,normal,0,0,65535_65535,1,10,87,1272,1,1,1,28,1272,28,1,1,allocated
860,1287,normal,0,0,65535_65535,1,8,87,1272,0,1,0,28,0,28,1,1,pre_allocation
860,1287,normal,0,0,65535_65535,1,8,87,1317,1,1,1,29,1317,28,1,1,allocated
860,1287,normal,0,0,65535_65535,1,9,87,1272,0,1,0,28,0,28,1,1,pre_allocation
860,1287,normal,0,0,65535_65535,1,9,87,1317,1,1,1,29,1317,28,1,1,allocated
860,1287,normal,0,0,65535_65535,1,10,87,1272,0,1,0,28,0,28,1,1,pre_allocation
860,1287,normal,0,0,65535_65535,1,10,87,1317,1,1,1,29,1317,28,1,1,allocated
860,1287,normal,0,0,65535_65535,1,8,87,1317,0,1,0,29,0,28,1,1,pre_allocation
860,1287,normal,0,0,65535_65535,1,8,87,1363,1,1,1,30,1363,28,1,1,allocated
860,1287,normal,0,0,65535_65535,1,9,87,1317,0,1,0,29,0,28,1,1,pre_allocation
860,1287,normal,0,0,65535_65535,1,9,87,1363,1,1,1,30,1363,28,1,1,allocated
860,1287,normal,0,0,65535_65535,1,10,87,1317,0,1,0,29,0,28,1,1,pre_allocation
860,1287,normal,0,0,65535_65535,1,10,87,1363,1,1,1,30,1363,28,1,1,allocated
860,1287,normal,0,0,65535_65535,1,8,87,1363,0,1,0,30,0,28,1,1,pre_allocation
860,1287,normal,0,0,65535_65535,1,8,87,1408,1,1,1,31,1408,28,1,1,allocated
860,1287,normal,0,0,65535_65535,1,9,87,1363,0,1,0,30,0,28,1,1,pre_allocation
860,1287,normal,0,0,65535_65535,1,9,87,1408,1,1,1,31,1408,28,1,1,allocated
860,1287,normal,0,0,65535_65535,1,10,87,1363,0,1,0,30,0,28,1,1,pre_allocation
860,1287,normal,0,0,65535_65535,1,10,87,1408,1,1,1,31,1408,28,1,1,allocated
860,1287,normal,0,0,65535_65535,2,26,137,0,0,1,0,0,0,28,1,1,pre_allocation
860,1287,normal,0,0,65535_65535,2,26,137,42,1,1,1,1,42,28,1,1,allocated
860,1287,normal,0,0,65535_65535,2,24,137,0,0,1,0,0,0,28,1,1,pre_allocation
860,1287,normal,0,0,65535_65535,2,24,137,42,1,1,1,1,42,28,1,1,allocated
860,1287,normal,0,0,65535_65535,2,12,137,0,0,1,0,0,0,28,1,1,pre_allocation
860,1287,normal,0,0,65535_65535,2,12,137,42,1,1,1,1,42,28,1,1,allocated
860,1287,normal,0,0,65535_65535,2,13,137,0,0,1,0,0,0,10,1,1,pre_allocation
860,1287,normal,0,0,65535_65535,2,13,137,6,1,1,1,1,6,10,1,1,allocated
860,1287,normal,0,0,65535_65535,2,11,137,0,0,1,0,0,0,8,1,1,pre_allocation
860,1287,normal,0,0,65535_65535,2,11,137,4,1,1,1,1,4,8,1,1,allocated
860,1287,normal,0,0,65535_65535,2,26,137,42,0,1,0,1,0,28,1,1,pre_allocation
860,1287,normal,0,0,65535_65535,2,26,137,88,1,1,1,2,88,28,1,1,allocated
860,1287,normal,0,0,65535_65535,2,24,137,42,0,1,0,1,0,28,1,1,pre_allocation
860,1287,normal,0,0,65535_65535,2,24,137,88,1,1,1,2,88,28,1,1,allocated
860,1287,normal,0,0,65535_65535,2,12,137,42,0,1,0,1,0,28,1,1,pre_allocation
860,1287,normal,0,0,65535_65535,2,12,137,88,1,1,1,2,88,28,1,1,allocated
860,1287,normal,0,0,65535_65535,2,13,137,6,0,1,0,1,0,10,1,1,pre_allocation
860,1287,normal,0,0,65535_65535,2,13,137,16,1,1,1,2,16,10,1,1,allocated
860,1287,normal,0,0,65535_65535,2,11,137,4,0,1,0,1,0,8,1,1,pre_allocation
860,1287,normal,0,0,65535_65535,2,11,137,11,1,1,1,2,11,8,1,1,allocated
860,1287,normal,0,0,65535_65535,2,26,137,88,0,1,0,2,0,28,1,1,pre_allocation
860,1287,normal,0,0,65535_65535,2,26,137,133,1,1,1,3,133,28,1,1,allocated
860,1287,normal,0,0,65535_65535,2,24,137,88,0,1,0,2,0,28,1,1,pre_allocation
860,1287,normal,0,0,65535_65535,2,24,137,133,1,1,1,3,133,28,1,1,allocated
860,1287,normal,0,0,65535_65535,2,12,137,88,0,1,0,2,0,28,1,1,pre_allocation
860,1287,normal,0,0,65535_65535,2,12,137,133,1,1,1,3,133,28,1,1,allocated
860,1287,normal,0,0,65535_65535,2,13,137,16,0,1,0,2,0,10,1,1,pre_allocation
860,1287,normal,0,0,65535_65535,2,13,137,26,1,1,1,3,26,10,1,1,allocated
860,1287,normal,0,0,65535_65535,2,11,137,11,0,1,0,2,0,8,1,1,pre_allocation
860,1287,normal,0,0,65535_65535,2,11,137,18,1,1,1,3,18,8,1,1,allocated
860,1287,normal,0,0,65535_65535,2,26,137,133,0,1,0,3,0,28,1,1,pre_allocation
860,1287,normal,0,0,65535_65535,2,26,137,179,1,1,1,4,179,28,1,1,allocated
860,1287,normal,0,0,65535_65535,2,24,137,133,0,1,0,3,0,28,1,1,pre_allocation
860,1287,normal,0,0,65535_65535,2,24,137,179,1,1,1,4,179,28,1,1,allocated
860,1287,normal,0,0,65535_65535,2,12,137,133,0,1,0,3,0,28,1,1,pre_allocation
860,1287,normal,0,0,65535_65535,2,12,137,179,1,1,1,4,179,28,1,1,allocated
860,1287,normal,0,0,65535_65535,2,13,137,26,0,1,0,3,0,10,1,1,pre_allocation
860,1287,normal,0,0,65535_65535,2,13,137,36,1,1,1,4,36,10,1,1,allocated
860,1287,normal,0,0,65535_65535,2,11,137,18,0,1,0,3,0,8,1,1,pre_allocation
860,1287,normal,0,0,65535_65535,2,11,137,26,1,1,1,4,26,8,1,1,allocated
860,1287,normal,0,0,65535_65535,2,26,137,179,0,1,0,4,0,28,1,1,pre_allocation
860,1287,normal,0,0,65535_65535,2,26,137,224,1,1,1,5,224,28,1,1,allocated
860,1287,normal,0,0,65535_65535,2,24,137,179,0,1,0,4,0,28,1,1,pre_allocation
860,1287,normal,0,0,65535_65535,2,24,137,224,1,1,1,5,224,28,1,1,allocated
860,1287,normal,0,0,65535_65535,2,12,137,179,0,1,0,4,0,28,1,1,pre_allocation
860,1287,normal,0,0,65535_65535,2,12,137,224,1,1,1,5,224,28,1,1,allocated
860,1287,normal,0,0,65535_65535,2,13,137,36,0,1,0,4,0,10,1,1,pre_allocation
860,1287,normal,0,0,65535_65535,2,13,137,46,1,1,1,5,46,10,1,1,allocated
860,1287,normal,0,0,65535_65535,2,11,137,26,0,1,0,4,0,8,1,1,pre_allocation
860,1287,normal,0,0,65535_65535,2,11,137,33,1,1,1,5,33,8,1,1,allocated
860,1287,normal,0,0,65535_65535,2,26,137,224,0,1,0,5,0,28,1,1,pre_allocation
860,1287,normal,0,0,65535_65535,2,26,137,270,1,1,1,6,270,28,1,1,allocated
860,1287,normal,0,0,65535_65535,2,24,137,224,0,1,0,5,0,28,1,1,pre_allocation
860,1287,normal,0,0,65535_65535,2,24,137,270,1,1,1,6,270,28,1,1,allocated
860,1287,normal,0,0,65535_65535,2,12,137,224,0,1,0,5,0,28,1,1,pre_allocation
860,1287,normal,0,0,65535_65535,2,12,137,270,1,1,1,6,270,28,1,1,allocated
860,1287,normal,0,0,65535_65535,2,13,137,46,0,1,0,5,0,10,1,1,pre_allocation
860,1287,normal,0,0,65535_65535,2,13,137,56,1,1,1,6,56,10,1,1,allocated
860,1287,normal,0,0,65535_65535,2,11,137,33,0,1,0,5,0,8,1,1,pre_allocation
860,1287,normal,0,0,65535_65535,2,11,137,40,1,1,1,6,40,8,1,1,allocated
860,1287,normal,0,0,65535_65535,2,26,137,270,0,1,0,6,0,28,1,1,pre_allocation
860,1287,normal,0,0,65535_65535,2,26,137,315,1,1,1,7,315,28,1,1,allocated
860,1287,normal,0,0,65535_65535,2,24,137,270,0,1,0,6,0,28,1,1,pre_allocation
860,1287,normal,0,0,65535_65535,2,24,137,315,1,1,1,7,315,28,1,1,allocated
860,1287,normal,0,0,65535_65535,2,12,137,270,0,1,0,6,0,28,1,1,pre_allocation
860,1287,normal,0,0,65535_65535,2,12,137,315,1,1,1,7,315,28,1,1,allocated
860,1287,normal,0,0,65535_65535,2,13,137,56,0,1,0,6,0,10,1,1,pre_allocation
860,1287,normal,0,0,65535_65535,2,13,137,66,1,1,1,7,66,10,1,1,allocated
860,1287,normal,0,0,65535_65535,2,11,137,40,0,1,0,6,0,8,1,1,pre_allocation
860,1287,normal,0,0,65535_65535,2,11,137,47,1,1,1,7,47,8,1,1,allocated
860,1287,normal,0,0,65535_65535,2,26,137,315,0,1,0,7,0,28,1,1,pre_allocation
860,1287,normal,0,0,65535_65535,2,26,137,361,1,1,1,8,361,28,1,1,allocated
860,1287,normal,0,0,65535_65535,2,24,137,315,0,1,0,7,0,28,1,1,pre_allocation
860,1287,normal,0,0,65535_65535,2,24,137,361,1,1,1,8,361,28,1,1,allocated
860,1287,normal,0,0,65535_65535,2,12,137,315,0,1,0,7,0,28,1,1,pre_allocation
860,1287,normal,0,0,65535_65535,2,12,137,361,1,1,1,8,361,28,1,1,allocated
860,1287,normal,0,0,65535_65535,2,13,137,66,0,1,0,7,0,10,1,1,pre_allocation
860,1287,normal,0,0,65535_65535,2,13,137,76,1,1,1,8,76,10,1,1,allocated
860,1287,normal,0,0,65535_65535,2,11,137,47,0,1,0,7,0,8,1,1,pre_allocation
860,1287,normal,0,0,65535_65535,2,11,137,55,1,1,1,8,55,8,1,1,allocated
860,1287,normal,0,0,65535_65535,2,26,137,361,0,1,0,8,0,28,1,1,pre_allocation
860,1287,normal,0,0,65535_65535,2,26,137,406,1,1,1,9,406,28,1,1,allocated
860,1287,normal,0,0,65535_65535,2,24,137,361,0,1,0,8,0,28,1,1,pre_allocation
860,1287,normal,0,0,65535_65535,2,24,137,406,1,1,1,9,406,28,1,1,allocated
860,1287,normal,0,0,65535_65535,2,12,137,361,0,1,0,8,0,28,1,1,pre_allocation
860,1287,normal,0,0,65535_65535,2,12,137,406,1,1,1,9,406,28,1,1,allocated
860,1287,normal,0,0,65535_65535,2,13,137,76,0,1,0,8,0,10,1,1,pre_allocation
860,1287,normal,0,0,65535_65535,2,13,137,86,1,1,1,9,86,10,1,1,allocated
860,1287,normal,0,0,65535_65535,2,11,137,55,0,1,0,8,0,8,1,1,pre_allocation
860,1287,normal,0,0,65535_65535,2,11,137,62,1,1,1,9,62,8,1,1,allocated
860,1287,normal,0,0,65535_65535,2,26,137,406,0,1,0,9,0,28,1,1,pre_allocation
860,1287,normal,0,0,65535_65535,2,26,137,452,1,1,1,10,452,28,1,1,allocated
860,1287,normal,0,0,65535_65535,2,24,137,406,0,1,0,9,0,28,1,1,pre_allocation
860,1287,normal,0,0,65535_65535,2,24,137,452,1,1,1,10,452,28,1,1,allocated
860,1287,normal,0,0,65535_65535,2,12,137,406,0,1,0,9,0,28,1,1,pre_allocation
860,1287,normal,0,0,65535_65535,2,12,137,452,1,1,1,10,452,28,1,1,allocated
860,1287,normal,0,0,65535_65535,2,13,137,86,0,1,0,9,0,10,1,1,pre_allocation
860,1287,normal,0,0,65535_65535,2,13,137,96,1,1,1,10,96,10,1,1,allocated
860,1287,normal,0,0,65535_65535,2,11,137,62,0,1,0,9,0,8,1,1,pre_allocation
860,1287,normal,0,0,65535_65535,2,11,137,69,1,1,1,10,69,8,1,1,allocated
860,1287,normal,0,0,65535_65535,2,26,137,452,0,1,0,10,0,28,1,1,pre_allocation
860,1287,normal,0,0,65535_65535,2,26,137,497,1,1,1,11,497,28,1,1,allocated
860,1287,normal,0,0,65535_65535,2,24,137,452,0,1,0,10,0,28,1,1,pre_allocation
860,1287,normal,0,0,65535_65535,2,24,137,497,1,1,1,11,497,28,1,1,allocated
860,1287,normal,0,0,65535_65535,2,12,137,452,0,1,0,10,0,28,1,1,pre_allocation
860,1287,normal,0,0,65535_65535,2,12,137,497,1,1,1,11,497,28,1,1,allocated
860,1287,normal,0,0,65535_65535,2,13,137,96,0,1,0,10,0,10,1,1,pre_allocation
860,1287,normal,0,0,65535_65535,2,13,137,105,1,1,1,11,105,10,1,1,allocated
860,1287,normal,0,0,65535_65535,2,11,137,69,0,1,0,10,0,8,1,1,pre_allocation
860,1287,normal,0,0,65535_65535,2,11,137,76,1,1,1,11,76,8,1,1,allocated
860,1287,normal,0,0,65535_65535,2,26,137,497,0,1,0,11,0,28,1,1,pre_allocation
860,1287,normal,0,0,65535_65535,2,26,137,543,1,1,1,12,543,28,1,1,allocated
860,1287,normal,0,0,65535_65535,2,24,137,497,0,1,0,11,0,28,1,1,pre_allocation
860,1287,normal,0,0,65535_65535,2,24,137,543,1,1,1,12,543,28,1,1,allocated
860,1287,normal,0,0,65535_65535,2,12,137,497,0,1,0,11,0,28,1,1,pre_allocation
860,1287,normal,0,0,65535_65535,2,12,137,543,1,1,1,12,543,28,1,1,allocated
860,1287,normal,0,0,65535_65535,2,13,137,105,0,1,0,11,0,10,1,1,pre_allocation
860,1287,normal,0,0,65535_65535,2,13,137,115,1,1,1,12,115,10,1,1,allocated
860,1287,normal,0,0,65535_65535,2,11,137,76,0,1,0,11,0,8,1,1,pre_allocation
860,1287,normal,0,0,65535_65535,2,11,137,84,1,1,1,12,84,8,1,1,allocated
860,1287,normal,0,0,65535_65535,2,26,137,543,0,1,0,12,0,28,1,1,pre_allocation
860,1287,normal,0,0,65535_65535,2,26,137,589,1,1,1,13,589,28,1,1,allocated
860,1287,normal,0,0,65535_65535,2,24,137,543,0,1,0,12,0,28,1,1,pre_allocation
860,1287,normal,0,0,65535_65535,2,24,137,589,1,1,1,13,589,28,1,1,allocated
860,1287,normal,0,0,65535_65535,2,12,137,543,0,1,0,12,0,28,1,1,pre_allocation
860,1287,normal,0,0,65535_65535,2,12,137,589,1,1,1,13,589,28,1,1,allocated
860,1287,normal,0,0,65535_65535,2,13,137,115,0,1,0,12,0,10,1,1,pre_allocation
860,1287,normal,0,0,65535_65535,2,13,137,125,1,1,1,13,125,10,1,1,allocated
860,1287,normal,0,0,65535_65535,2,11,137,84,0,1,0,12,0,8,1,1,pre_allocation
860,1287,normal,0,0,65535_65535,2,11,137,91,1,1,1,13,91,8,1,1,allocated
860,1287,normal,0,0,65535_65535,2,26,137,589,0,1,0,13,0,28,1,1,pre_allocation
860,1287,normal,0,0,65535_65535,2,26,137,634,1,1,1,14,634,28,1,1,allocated
860,1287,normal,0,0,65535_65535,2,24,137,589,0,1,0,13,0,28,1,1,pre_allocation
860,1287,normal,0,0,65535_65535,2,24,137,634,1,1,1,14,634,28,1,1,allocated
860,1287,normal,0,0,65535_65535,2,12,137,589,0,1,0,13,0,28,1,1,pre_allocation
860,1287,normal,0,0,65535_65535,2,12,137,634,1,1,1,14,634,28,1,1,allocated
860,1287,normal,0,0,65535_65535,2,13,137,125,0,1,0,13,0,10,1,1,pre_allocation
860,1287,normal,0,0,65535_65535,2,13,137,135,1,1,1,14,135,10,1,1,allocated
860,1287,normal,0,0,65535_65535,2,11,137,91,0,1,0,13,0,8,1,1,pre_allocation
860,1287,normal,0,0,65535_65535,2,11,137,98,1,1,1,14,98,8,1,1,allocated
860,1287,normal,0,0,65535_65535,2,26,137,634,0,1,0,14,0,28,1,1,pre_allocation
860,1287,normal,0,0,65535_65535,2,26,137,680,1,1,1,15,680,28,1,1,allocated
860,1287,normal,0,0,65535_65535,2,24,137,634,0,1,0,14,0,28,1,1,pre_allocation
860,1287,normal,0,0,65535_65535,2,24,137,680,1,1,1,15,680,28,1,1,allocated
860,1287,normal,0,0,65535_65535,2,12,137,634,0,1,0,14,0,28,1,1,pre_allocation
860,1287,normal,0,0,65535_65535,2,12,137,680,1,1,1,15,680,28,1,1,allocated
860,1287,normal,0,0,65535_65535,2,13,137,135,0,1,0,14,0,10,1,1,pre_allocation
860,1287,normal,0,0,65535_65535,2,13,137,145,1,1,1,15,145,10,1,1,allocated
860,1287,normal,0,0,65535_65535,2,11,137,98,0,1,0,14,0,8,1,1,pre_allocation
860,1287,normal,0,0,65535_65535,2,11,137,105,1,1,1,15,105,8,1,1,allocated
860,1287,normal,0,0,65535_65535,2,26,137,680,0,1,0,15,0,28,1,1,pre_allocation
860,1287,normal,0,0,65535_65535,2,26,137,725,1,1,1,16,725,28,1,1,allocated
860,1287,normal,0,0,65535_65535,2,24,137,680,0,1,0,15,0,28,1,1,pre_allocation
860,1287,normal,0,0,65535_65535,2,24,137,725,1,1,1,16,725,28,1,1,allocated
860,1287,normal,0,0,65535_65535,2,12,137,680,0,1,0,15,0,28,1,1,pre_allocation
860,1287,normal,0,0,65535_65535,2,12,137,725,1,1,1,16,725,28,1,1,allocated
860,1287,normal,0,0,65535_65535,2,13,137,145,0,1,0,15,0,10,1,1,pre_allocation
860,1287,normal,0,0,65535_65535,2,13,137,155,1,1,1,16,155,10,1,1,allocated
860,1287,normal,0,0,65535_65535,2,11,137,105,0,1,0,15,0,8,1,1,pre_allocation
860,1287,normal,0,0,65535_65535,2,11,137,113,1,1,1,16,113,8,1,1,allocated
860,1287,normal,0,0,65535_65535,2,26,137,725,0,1,0,16,0,28,1,1,pre_allocation
860,1287,normal,0,0,65535_65535,2,26,137,771,1,1,1,17,771,28,1,1,allocated
860,1287,normal,0,0,65535_65535,2,24,137,725,0,1,0,16,0,28,1,1,pre_allocation
860,1287,normal,0,0,65535_65535,2,24,137,771,1,1,1,17,771,28,1,1,allocated
860,1287,normal,0,0,65535_65535,2,12,137,725,0,1,0,16,0,28,1,1,pre_allocation
860,1287,normal,0,0,65535_65535,2,12,137,771,1,1,1,17,771,28,1,1,allocated
860,1287,normal,0,0,65535_65535,2,13,137,155,0,1,0,16,0,10,1,1,pre_allocation
860,1287,normal,0,0,65535_65535,2,13,137,165,1,1,1,17,165,10,1,1,allocated
860,1287,normal,0,0,65535_65535,2,11,137,113,0,1,0,16,0,8,1,1,pre_allocation
860,1287,normal,0,0,65535_65535,2,11,137,120,1,1,1,17,120,8,1,1,allocated
860,1287,normal,0,0,65535_65535,2,26,137,771,0,1,0,17,0,28,1,1,pre_allocation
860,1287,normal,0,0,65535_65535,2,26,137,816,1,1,1,18,816,28,1,1,allocated
860,1287,normal,0,0,65535_65535,2,24,137,771,0,1,0,17,0,28,1,1,pre_allocation
860,1287,normal,0,0,65535_65535,2,24,137,816,1,1,1,18,816,28,1,1,allocated
860,1287,normal,0,0,65535_65535,2,12,137,771,0,1,0,17,0,28,1,1,pre_allocation
860,1287,normal,0,0,65535_65535,2,12,137,816,1,1,1,18,816,28,1,1,allocated
860,1287,normal,0,0,65535_65535,2,13,137,165,0,1,0,17,0,10,1,1,pre_allocation
860,1287,normal,0,0,65535_65535,2,13,137,175,1,1,1,18,175,10,1,1,allocated
860,1287,normal,0,0,65535_65535,2,11,137,120,0,1,0,17,0,8,1,1,pre_allocation
860,1287,normal,0,0,65535_65535,2,11,137,127,1,1,1,18,127,8,1,1,allocated
860,1287,normal,0,0,65535_65535,2,26,137,816,0,1,0,18,0,28,1,1,pre_allocation
860,1287,normal,0,0,65535_65535,2,26,137,862,1,1,1,19,862,28,1,1,allocated
860,1287,normal,0,0,65535_65535,2,24,137,816,0,1,0,18,0,28,1,1,pre_allocation
860,1287,normal,0,0,65535_65535,2,24,137,862,1,1,1,19,862,28,1,1,allocated
860,1287,normal,0,0,65535_65535,2,12,137,816,0,1,0,18,0,28,1,1,pre_allocation
860,1287,normal,0,0,65535_65535,2,12,137,862,1,1,1,19,862,28,1,1,allocated
860,1287,normal,0,0,65535_65535,2,13,137,175,0,1,0,18,0,10,1,1,pre_allocation
860,1287,normal,0,0,65535_65535,2,13,137,185,1,1,1,19,185,10,1,1,allocated
860,1287,normal,0,0,65535_65535,2,11,137,127,0,1,0,18,0,8,1,1,pre_allocation
860,1287,normal,0,0,65535_65535,2,11,137,134,1,1,1,19,134,8,1,1,allocated
860,1287,normal,0,0,65535_65535,2,26,137,862,0,1,0,19,0,28,1,1,pre_allocation
860,1287,normal,0,0,65535_65535,2,26,137,907,1,1,1,20,907,28,1,1,allocated
860,1287,normal,0,0,65535_65535,2,24,137,862,0,1,0,19,0,28,1,1,pre_allocation
860,1287,normal,0,0,65535_65535,2,24,137,907,1,1,1,20,907,28,1,1,allocated
860,1287,normal,0,0,65535_65535,2,12,137,862,0,1,0,19,0,28,1,1,pre_allocation
860,1287,normal,0,0,65535_65535,2,12,137,907,1,1,1,20,907,28,1,1,allocated
860,1287,normal,0,0,65535_65535,2,13,137,185,0,1,0,19,0,10,1,1,pre_allocation
860,1287,normal,0,0,65535_65535,2,13,137,195,1,1,1,20,195,10,1,1,allocated
860,1287,normal,0,0,65535_65535,2,11,137,134,0,1,0,19,0,8,1,1,pre_allocation
860,1287,normal,0,0,65535_65535,2,11,137,142,1,1,1,20,142,8,1,1,allocated
860,1287,normal,0,0,65535_65535,2,26,137,907,0,1,0,20,0,28,1,1,pre_allocation
860,1287,normal,0,0,65535_65535,2,26,137,953,1,1,1,21,953,28,1,1,allocated
860,1287,normal,0,0,65535_65535,2,24,137,907,0,1,0,20,0,28,1,1,pre_allocation
860,1287,normal,0,0,65535_65535,2,24,137,953,1,1,1,21,953,28,1,1,allocated
860,1287,normal,0,0,65535_65535,2,12,137,907,0,1,0,20,0,28,1,1,pre_allocation
860,1287,normal,0,0,65535_65535,2,12,137,953,1,1,1,21,953,28,1,1,allocated
860,1287,normal,0,0,65535_65535,2,13,137,195,0,1,0,20,0,10,1,1,pre_allocation
860,1287,normal,0,0,65535_65535,2,13,137,204,1,1,1,21,204,10,1,1,allocated
860,1287,normal,0,0,65535_65535,2,11,137,142,0,1,0,20,0,8,1,1,pre_allocation
860,1287,normal,0,0,65535_65535,2,11,137,149,1,1,1,21,149,8,1,1,allocated
860,1287,normal,0,0,65535_65535,2,26,137,953,0,1,0,21,0,28,1,1,pre_allocation
860,1287,normal,0,0,65535_65535,2,26,137,998,1,1,1,22,998,28,1,1,allocated
860,1287,normal,0,0,65535_65535,2,24,137,953,0,1,0,21,0,28,1,1,pre_allocation
860,1287,normal,0,0,65535_65535,2,24,137,998,1,1,1,22,998,28,1,1,allocated
860,1287,normal,0,0,65535_65535,2,12,137,953,0,1,0,21,0,28,1,1,pre_allocation
860,1287,normal,0,0,65535_65535,2,12,137,998,1,1,1,22,998,28,1,1,allocated
860,1287,normal,0,0,65535_65535,2,13,137,204,0,1,0,21,0,10,1,1,pre_allocation
860,1287,normal,0,0,65535_65535,2,13,137,214,1,1,1,22,214,10,1,1,allocated
860,1287,normal,0,0,65535_65535,2,11,137,149,0,1,0,21,0,8,1,1,pre_allocation
860,1287,normal,0,0,65535_65535,2,11,137,156,1,1,1,22,156,8,1,1,allocated
860,1287,normal,0,0,65535_65535,2,26,137,998,0,1,0,22,0,28,1,1,pre_allocation
860,1287,normal,0,0,65535_65535,2,26,137,1044,1,1,1,23,1044,28,1,1,allocated
860,1287,normal,0,0,65535_65535,2,24,137,998,0,1,0,22,0,28,1,1,pre_allocation
860,1287,normal,0,0,65535_65535,2,24,137,1044,1,1,1,23,1044,28,1,1,allocated
860,1287,normal,0,0,65535_65535,2,12,137,998,0,1,0,22,0,28,1,1,pre_allocation
860,1287,normal,0,0,65535_65535,2,12,137,1044,1,1,1,23,1044,28,1,1,allocated
860,1287,normal,0,0,65535_65535,2,13,137,214,0,1,0,22,0,10,1,1,pre_allocation
860,1287,normal,0,0,65535_65535,2,13,137,224,1,1,1,23,224,10,1,1,allocated
860,1287,normal,0,0,65535_65535,2,11,137,156,0,1,0,22,0,8,1,1,pre_allocation
860,1287,normal,0,0,65535_65535,2,11,137,163,1,1,1,23,163,8,1,1,allocated
972,1385,normal,0,0,65535_65535,0,1,173293,0,0,1,0,0,0,28,1,1,pre_allocation
972,1385,normal,0,0,65535_65535,0,1,173293,42,1,1,1,1,42,28,1,1,allocated
972,1385,normal,0,0,65535_65535,0,2,185082,0,0,1,0,0,0,28,1,1,pre_allocation
972,1385,normal,0,0,65535_65535,0,2,185082,42,1,1,1,1,42,28,1,1,allocated
972,1385,normal,0,0,65535_65535,0,3,186097,0,0,1,0,0,0,28,1,1,pre_allocation
972,1385,normal,0,0,65535_65535,0,3,186097,42,1,1,1,1,42,28,1,1,allocated
972,1385,normal,0,0,65535_65535,0,4,192336,0,0,1,0,0,0,28,1,1,pre_allocation
972,1385,normal,0,0,65535_65535,0,4,192336,42,1,1,1,1,42,28,1,1,allocated
972,1385,normal,0,0,65535_65535,0,5,198129,0,0,1,0,0,0,28,1,1,pre_allocation
972,1385,normal,0,0,65535_65535,0,5,198129,42,1,1,1,1,42,28,1,1,allocated
972,1385,normal,0,0,65535_65535,0,1,173293,42,0,1,0,1,0,28,1,1,pre_allocation
972,1385,normal,0,0,65535_65535,0,1,173293,88,1,1,1,2,88,28,1,1,allocated
972,1385,normal,0,0,65535_65535,0,2,185082,42,0,1,0,1,0,28,1,1,pre_allocation
972,1385,normal,0,0,65535_65535,0,2,185082,88,1,1,1,2,88,28,1,1,allocated
972,1385,normal,0,0,65535_65535,0,3,186097,42,0,1,0,1,0,28,1,1,pre_allocation
972,1385,normal,0,0,65535_65535,0,3,186097,88,1,1,1,2,88,28,1,1,allocated
972,1385,normal,0,0,65535_65535,0,4,192336,42,0,1,0,1,0,28,1,1,pre_allocation
972,1385,normal,0,0,65535_65535,0,4,192336,88,1,1,1,2,88,28,1,1,allocated
972,1385,normal,0,0,65535_65535,0,5,198129,42,0,1,0,1,0,28,1,1,pre_allocation
972,1385,normal,0,0,65535_65535,0,5,198129,88,1,1,1,2,88,28,1,1,allocated
972,1385,normal,0,0,65535_65535,0,1,173293,88,0,1,0,2,0,28,1,1,pre_allocation
972,1385,normal,0,0,65535_65535,0,1,173293,133,1,1,1,3,133,28,1,1,allocated
972,1385,normal,0,0,65535_65535,0,2,185082,88,0,1,0,2,0,28,1,1,pre_allocation
972,1385,normal,0,0,65535_65535,0,2,185082,133,1,1,1,3,133,28,1,1,allocated
972,1385,normal,0,0,65535_65535,0,3,186097,88,0,1,0,2,0,28,1,1,pre_allocation
972,1385,normal,0,0,65535_65535,0,3,186097,133,1,1,1,3,133,28,1,1,allocated
972,1385,normal,0,0,65535_65535,0,4,192336,88,0,1,0,2,0,28,1,1,pre_allocation
972,1385,normal,0,0,65535_65535,0,4,192336,133,1,1,1,3,133,28,1,1,allocated
972,1385,normal,0,0,65535_65535,0,5,198129,88,0,1,0,2,0,28,1,1,pre_allocation
972,1385,normal,0,0,65535_65535,0,5,198129,133,1,1,1,3,133,28,1,1,allocated
972,1385,normal,0,0,65535_65535,0,1,173293,133,0,1,0,3,0,28,1,1,pre_allocation
972,1385,normal,0,0,65535_65535,0,1,173293,179,1,1,1,4,179,28,1,1,allocated
972,1385,normal,0,0,65535_65535,0,2,185082,133,0,1,0,3,0,28,1,1,pre_allocation
972,1385,normal,0,0,65535_65535,0,2,185082,179,1,1,1,4,179,28,1,1,allocated
972,1385,normal,0,0,65535_65535,0,3,186097,133,0,1,0,3,0,28,1,1,pre_allocation
972,1385,normal,0,0,65535_65535,0,3,186097,179,1,1,1,4,179,28,1,1,allocated
972,1385,normal,0,0,65535_65535,0,4,192336,133,0,1,0,3,0,28,1,1,pre_allocation
972,1385,normal,0,0,65535_65535,0,4,192336,179,1,1,1,4,179,28,1,1,allocated
972,1385,normal,0,0,65535_65535,0,5,198129,133,0,1,0,3,0,28,1,1,pre_allocation
972,1385,normal,0,0,65535_65535,0,5,198129,179,1,1,1,4,179,28,1,1,allocated
972,1385,normal,0,0,65535_65535,0,1,173293,179,0,1,0,4,0,28,1,1,pre_allocation
972,1385,normal,0,0,65535_65535,0,1,173293,224,1,1,1,5,224,28,1,1,allocated
972,1385,normal,0,0,65535_65535,0,2,185082,179,0,1,0,4,0,28,1,1,pre_allocation
972,1385,normal,0,0,65535_65535,0,2,185082,224,1,1,1,5,224,28,1,1,allocated
972,1385,normal,0,0,65535_65535,0,3,186097,179,0,1,0,4,0,28,1,1,pre_allocation
972,1385,normal,0,0,65535_65535,0,3,186097,224,1,1,1,5,224,28,1,1,allocated
972,1385,normal,0,0,65535_65535,0,4,192336,179,0,1,0,4,0,28,1,1,pre_allocation
972,1385,normal,0,0,65535_65535,0,4,192336,224,1,1,1,5,224,28,1,1,allocated
972,1385,normal,0,0,65535_65535,0,5,198129,179,0,1,0,4,0,28,1,1,pre_allocation
972,1385,normal,0,0,65535_65535,0,5,198129,224,1,1,1,5,224,28,1,1,allocated
972,1385,normal,0,0,65535_65535,0,1,173293,224,0,1,0,5,0,28,1,1,pre_allocation
972,1385,normal,0,0,65535_65535,0,1,173293,270,1,1,1,6,270,28,1,1,allocated
972,1385,normal,0,0,65535_65535,0,2,185082,224,0,1,0,5,0,28,1,1,pre_allocation
972,1385,normal,0,0,65535_65535,0,2,185082,270,1,1,1,6,270,28,1,1,allocated
972,1385,normal,0,0,65535_65535,0,3,186097,224,0,1,0,5,0,28,1,1,pre_allocation
972,1385,normal,0,0,65535_65535,0,3,186097,270,1,1,1,6,270,28,1,1,allocated
972,1385,normal,0,0,65535_65535,0,4,192336,224,0,1,0,5,0,28,1,1,pre_allocation
972,1385,normal,0,0,65535_65535,0,4,192336,270,1,1,1,6,270,28,1,1,allocated
972,1385,normal,0,0,65535_65535,0,5,198129,224,0,1,0,5,0,28,1,1,pre_allocation
972,1385,normal,0,0,65535_65535,0,5,198129,270,1,1,1,6,270,28,1,1,allocated
972,1385,normal,0,0,65535_65535,0,1,173293,270,0,1,0,6,0,28,1,1,pre_allocation
972,1385,normal,0,0,65535_65535,0,1,173293,315,1,1,1,7,315,28,1,1,allocated
972,1385,normal,0,0,65535_65535,0,2,185082,270,0,1,0,6,0,28,1,1,pre_allocation
972,1385,normal,0,0,65535_65535,0,2,185082,315,1,1,1,7,315,28,1,1,allocated
972,1385,normal,0,0,65535_65535,0,3,186097,270,0,1,0,6,0,28,1,1,pre_allocation
972,1385,normal,0,0,65535_65535,0,3,186097,315,1,1,1,7,315,28,1,1,allocated
972,1385,normal,0,0,65535_65535,0,4,192336,270,0,1,0,6,0,28,1,1,pre_allocation
972,1385,normal,0,0,65535_65535,0,4,192336,315,1,1,1,7,315,28,1,1,allocated
972,1385,normal,0,0,65535_65535,0,5,198129,270,0,1,0,6,0,28,1,1,pre_allocation
972,1385,normal,0,0,65535_65535,0,5,198129,315,1,1,1,7,315,28,1,1,allocated
972,1385,normal,0,0,65535_65535,0,1,173293,315,0,1,0,7,0,28,1,1,pre_allocation
972,1385,normal,0,0,65535_65535,0,1,173293,361,1,1,1,8,361,28,1,1,allocated
972,1385,normal,0,0,65535_65535,0,2,185082,315,0,1,0,7,0,28,1,1,pre_allocation
972,1385,normal,0,0,65535_65535,0,2,185082,361,1,1,1,8,361,28,1,1,allocated
972,1385,normal,0,0,65535_65535,0,3,186097,315,0,1,0,7,0,28,1,1,pre_allocation
972,1385,normal,0,0,65535_65535,0,3,186097,361,1,1,1,8,361,28,1,1,allocated
972,1385,normal,0,0,65535_65535,0,4,192336,315,0,1,0,7,0,28,1,1,pre_allocation
972,1385,normal,0,0,65535_65535,0,4,192336,361,1,1,1,8,361,28,1,1,allocated
972,1385,normal,0,0,65535_65535,0,5,198129,315,0,1,0,7,0,28,1,1,pre_allocation
972,1385,normal,0,0,65535_65535,0,5,198129,361,1,1,1,8,361,28,1,1,allocated
972,1385,normal,0,0,65535_65535,0,1,173293,361,0,1,0,8,0,28,1,1,pre_allocation
972,1385,normal,0,0,65535_65535,0,1,173293,406,1,1,1,9,406,28,1,1,allocated
972,1385,normal,0,0,65535_65535,0,2,185082,361,0,1,0,8,0,28,1,1,pre_allocation
972,1385,normal,0,0,65535_65535,0,2,185082,406,1,1,1,9,406,28,1,1,allocated
972,1385,normal,0,0,65535_65535,0,3,186097,361,0,1,0,8,0,28,1,1,pre_allocation
972,1385,normal,0,0,65535_65535,0,3,186097,406,1,1,1,9,406,28,1,1,allocated
972,1385,normal,0,0,65535_65535,0,4,192336,361,0,1,0,8,0,28,1,1,pre_allocation
972,1385,normal,0,0,65535_65535,0,4,192336,406,1,1,1,9,406,28,1,1,allocated
972,1385,normal,0,0,65535_65535,0,5,198129,361,0,1,0,8,0,28,1,1,pre_allocation
972,1385,normal,0,0,65535_65535,0,5,198129,406,1,1,1,9,406,28,1,1,allocated
972,1385,normal,0,0,65535_65535,0,1,173293,406,0,1,0,9,0,28,1,1,pre_allocation
972,1385,normal,0,0,65535_65535,0,1,173293,452,1,1,1,10,452,28,1,1,allocated
972,1385,normal,0,0,65535_65535,0,2,185082,406,0,1,0,9,0,28,1,1,pre_allocation
972,1385,normal,0,0,65535_65535,0,2,185082,452,1,1,1,10,452,28,1,1,allocated
972,1385,normal,0,0,65535_65535,0,3,186097,406,0,1,0,9,0,28,1,1,pre_allocation
972,1385,normal,0,0,65535_65535,0,3,186097,452,1,1,1,10,452,28,1,1,allocated
972,1385,normal,0,0,65535_65535,0,4,192336,406,0,1,0,9,0,28,1,1,pre_allocation
972,1385,normal,0,0,65535_65535,0,4,192336,452,1,1,1,10,452,28,1,1,allocated
972,1385,normal,0,0,65535_65535,0,5,198129,406,0,1,0,9,0,28,1,1,pre_allocation
972,1385,normal,0,0,65535_65535,0,5,198129,452,1,1,1,10,452,28,1,1,allocated
972,1385,normal,0,0,65535_65535,0,1,173293,452,0,1,0,10,0,28,1,1,pre_allocation
972,1385,normal,0,0,65535_65535,0,1,173293,497,1,1,1,11,497,28,1,1,allocated
972,1385,normal,0,0,65535_65535,0,2,185082,452,0,1,0,10,0,28,1,1,pre_allocation
972,1385,normal,0,0,65535_65535,0,2,185082,497,1,1,1,11,497,28,1,1,allocated
972,1385,normal,0,0,65535_65535,0,3,186097,452,0,1,0,10,0,28,1,1,pre_allocation
972,1385,normal,0,0,65535_65535,0,3,186097,497,1,1,1,11,497,28,1,1,allocated
972,1385,normal,0,0,65535_65535,0,4,192336,452,0,1,0,10,0,28,1,1,pre_allocation
972,1385,normal,0,0,65535_65535,0,4,192336,497,1,1,1,11,497,28,1,1,allocated
972,1385,normal,0,0,65535_65535,0,5,198129,452,0,1,0,10,0,28,1,1,pre_allocation
972,1385,normal,0,0,65535_65535,0,5,198129,497,1,1,1,11,497,28,1,1,allocated
972,1385,normal,0,0,65535_65535,0,1,173293,497,0,1,0,11,0,28,1,1,pre_allocation
972,1385,normal,0,0,65535_65535,0,1,173293,543,1,1,1,12,543,28,1,1,allocated
972,1385,normal,0,0,65535_65535,0,2,185082,497,0,1,0,11,0,28,1,1,pre_allocation
972,1385,normal,0,0,65535_65535,0,2,185082,543,1,1,1,12,543,28,1,1,allocated
972,1385,normal,0,0,65535_65535,0,3,186097,497,0,1,0,11,0,28,1,1,pre_allocation
972,1385,normal,0,0,65535_65535,0,3,186097,543,1,1,1,12,543,28,1,1,allocated
972,1385,normal,0,0,65535_65535,0,4,192336,497,0,1,0,11,0,28,1,1,pre_allocation
972,1385,normal,0,0,65535_65535,0,4,192336,543,1,1,1,12,543,28,1,1,allocated
972,1385,normal,0,0,65535_65535,0,5,198129,497,0,1,0,11,0,28,1,1,pre_allocation
972,1385,normal,0,0,65535_65535,0,5,198129,543,1,1,1,12,543,28,1,1,allocated
972,1385,normal,0,0,65535_65535,0,1,173293,543,0,1,0,12,0,28,1,1,pre_allocation
972,1385,normal,0,0,65535_65535,0,1,173293,589,1,1,1,13,589,28,1,1,allocated
972,1385,normal,0,0,65535_65535,0,2,185082,543,0,1,0,12,0,28,1,1,pre_allocation
972,1385,normal,0,0,65535_65535,0,2,185082,589,1,1,1,13,589,28,1,1,allocated
972,1385,normal,0,0,65535_65535,0,3,186097,543,0,1,0,12,0,28,1,1,pre_allocation
972,1385,normal,0,0,65535_65535,0,3,186097,589,1,1,1,13,589,28,1,1,allocated
972,1385,normal,0,0,65535_65535,0,4,192336,543,0,1,0,12,0,28,1,1,pre_allocation
972,1385,normal,0,0,65535_65535,0,4,192336,589,1,1,1,13,589,28,1,1,allocated
972,1385,normal,0,0,65535_65535,0,5,198129,543,0,1,0,12,0,28,1,1,pre_allocation
972,1385,normal,0,0,65535_65535,0,5,198129,589,1,1,1,13,589,28,1,1,allocated
972,1385,normal,0,0,65535_65535,0,1,173293,589,0,1,0,13,0,28,1,1,pre_allocation
972,1385,normal,0,0,65535_65535,0,1,173293,634,1,1,1,14,634,28,1,1,allocated
972,1385,normal,0,0,65535_65535,0,2,185082,589,0,1,0,13,0,28,1,1,pre_allocation
972,1385,normal,0,0,65535_65535,0,2,185082,634,1,1,1,14,634,28,1,1,allocated
972,1385,normal,0,0,65535_65535,0,3,186097,589,0,1,0,13,0,28,1,1,pre_allocation
972,1385,normal,0,0,65535_65535,0,3,186097,634,1,1,1,14,634,28,1,1,allocated
972,1385,normal,0,0,65535_65535,0,4,192336,589,0,1,0,13,0,28,1,1,pre_allocation
972,1385,normal,0,0,65535_65535,0,4,192336,634,1,1,1,14,634,28,1,1,allocated
972,1385,normal,0,0,65535_65535,0,5,198129,589,0,1,0,13,0,28,1,1,pre_allocation
972,1385,normal,0,0,65535_65535,0,5,198129,634,1,1,1,14,634,28,1,1,allocated
972,1385,normal,0,0,65535_65535,0,1,173293,634,0,1,0,14,0,28,1,1,pre_allocation
972,1385,normal,0,0,65535_65535,0,1,173293,680,1,1,1,15,680,28,1,1,allocated
972,1385,normal,0,0,65535_65535,0,2,185082,634,0,1,0,14,0,28,1,1,pre_allocation
972,1385,normal,0,0,65535_65535,0,2,185082,680,1,1,1,15,680,28,1,1,allocated
972,1385,normal,0,0,65535_65535,0,3,186097,634,0,1,0,14,0,28,1,1,pre_allocation
972,1385,normal,0,0,65535_65535,0,3,186097,680,1,1,1,15,680,28,1,1,allocated
972,1385,normal,0,0,65535_65535,0,4,192336,634,0,1,0,14,0,28,1,1,pre_allocation
972,1385,normal,0,0,65535_65535,0,4,192336,680,1,1,1,15,680,28,1,1,allocated
972,1385,normal,0,0,65535_65535,0,5,198129,634,0,1,0,14,0,28,1,1,pre_allocation
972,1385,normal,0,0,65535_65535,0,5,198129,680,1,1,1,15,680,28,1,1,allocated
972,1385,normal,0,0,65535_65535,0,1,173293,680,0,1,0,15,0,28,1,1,pre_allocation
972,1385,normal,0,0,65535_65535,0,1,173293,725,1,1,1,16,725,28,1,1,allocated
972,1385,normal,0,0,65535_65535,0,2,185082,680,0,1,0,15,0,28,1,1,pre_allocation
972,1385,normal,0,0,65535_65535,0,2,185082,725,1,1,1,16,725,28,1,1,allocated
972,1385,normal,0,0,65535_65535,0,3,186097,680,0,1,0,15,0,28,1,1,pre_allocation
972,1385,normal,0,0,65535_65535,0,3,186097,725,1,1,1,16,725,28,1,1,allocated
972,1385,normal,0,0,65535_65535,0,4,192336,680,0,1,0,15,0,28,1,1,pre_allocation
972,1385,normal,0,0,65535_65535,0,4,192336,725,1,1,1,16,725,28,1,1,allocated
972,1385,normal,0,0,65535_65535,0,5,198129,680,0,1,0,15,0,28,1,1,pre_allocation
972,1385,normal,0,0,65535_65535,0,5,198129,725,1,1,1,16,725,28,1,1,allocated
972,1385,normal,0,0,65535_65535,0,1,173293,725,0,1,0,16,0,28,1,1,pre_allocation
972,1385,normal,0,0,65535_65535,0,1,173293,771,1,1,1,17,771,28,1,1,allocated
972,1385,normal,0,0,65535_65535,0,2,185082,725,0,1,0,16,0,28,1,1,pre_allocation
972,1385,normal,0,0,65535_65535,0,2,185082,771,1,1,1,17,771,28,1,1,allocated
972,1385,normal,0,0,65535_65535,0,3,186097,725,0,1,0,16,0,28,1,1,pre_allocation
972,1385,normal,0,0,65535_65535,0,3,186097,771,1,1,1,17,771,28,1,1,allocated
972,1385,normal,0,0,65535_65535,0,4,192336,725,0,1,0,16,0,28,1,1,pre_allocation
972,1385,normal,0,0,65535_65535,0,4,192336,771,1,1,1,17,771,28,1,1,allocated
972,1385,normal,0,0,65535_65535,0,5,198129,725,0,1,0,16,0,28,1,1,pre_allocation
972,1385,normal,0,0,65535_65535,0,5,198129,771,1,1,1,17,771,28,1,1,allocated
972,1385,normal,0,0,65535_65535,0,1,173293,771,0,1,0,17,0,28,1,1,pre_allocation
972,1385,normal,0,0,65535_65535,0,1,173293,816,1,1,1,18,816,28,1,1,allocated
972,1385,normal,0,0,65535_65535,0,2,185082,771,0,1,0,17,0,28,1,1,pre_allocation
972,1385,normal,0,0,65535_65535,0,2,185082,816,1,1,1,18,816,28,1,1,allocated
972,1385,normal,0,0,65535_65535,0,3,186097,771,0,1,0,17,0,28,1,1,pre_allocation
972,1385,normal,0,0,65535_65535,0,3,186097,816,1,1,1,18,816,28,1,1,allocated
972,1385,normal,0,0,65535_65535,0,4,192336,771,0,1,0,17,0,28,1,1,pre_allocation
972,1385,normal,0,0,65535_65535,0,4,192336,816,1,1,1,18,816,28,1,1,allocated
972,1385,normal,0,0,65535_65535,0,5,198129,771,0,1,0,17,0,28,1,1,pre_allocation
972,1385,normal,0,0,65535_65535,0,5,198129,816,1,1,1,18,816,28,1,1,allocated
972,1385,normal,0,0,65535_65535,0,1,173293,816,0,1,0,18,0,28,1,1,pre_allocation
972,1385,normal,0,0,65535_65535,0,1,173293,862,1,1,1,19,862,28,1,1,allocated
972,1385,normal,0,0,65535_65535,0,2,185082,816,0,1,0,18,0,28,1,1,pre_allocation
972,1385,normal,0,0,65535_65535,0,2,185082,862,1,1,1,19,862,28,1,1,allocated
972,1385,normal,0,0,65535_65535,0,3,186097,816,0,1,0,18,0,28,1,1,pre_allocation
972,1385,normal,0,0,65535_65535,0,3,186097,862,1,1,1,19,862,28,1,1,allocated
972,1385,normal,0,0,65535_65535,0,4,192336,816,0,1,0,18,0,28,1,1,pre_allocation
972,1385,normal,0,0,65535_65535,0,4,192336,862,1,1,1,19,862,28,1,1,allocated
972,1385,normal,0,0,65535_65535,0,5,198129,816,0,1,0,18,0,28,1,1,pre_allocation
972,1385,normal,0,0,65535_65535,0,5,198129,862,1,1,1,19,862,28,1,1,allocated
972,1385,normal,0,0,65535_65535,0,1,173293,862,0,1,0,19,0,28,1,1,pre_allocation
972,1385,normal,0,0,65535_65535,0,1,173293,907,1,1,1,20,907,28,1,1,allocated
972,1385,normal,0,0,65535_65535,0,2,185082,862,0,1,0,19,0,28,1,1,pre_allocation
972,1385,normal,0,0,65535_65535,0,2,185082,907,1,1,1,20,907,28,1,1,allocated
972,1385,normal,0,0,65535_65535,0,3,186097,862,0,1,0,19,0,28,1,1,pre_allocation
972,1385,normal,0,0,65535_65535,0,3,186097,907,1,1,1,20,907,28,1,1,allocated
972,1385,normal,0,0,65535_65535,0,4,192336,862,0,1,0,19,0,28,1,1,pre_allocation
972,1385,normal,0,0,65535_65535,0,4,192336,907,1,1,1,20,907,28,1,1,allocated
972,1385,normal,0,0,65535_65535,0,5,198129,862,0,1,0,19,0,28,1,1,pre_allocation
972,1385,normal,0,0,65535_65535,0,5,198129,907,1,1,1,20,907,28,1,1,allocated
972,1385,normal,0,0,65535_65535,0,1,173293,907,0,1,0,20,0,28,1,1,pre_allocation
972,1385,normal,0,0,65535_65535,0,1,173293,953,1,1,1,21,953,28,1,1,allocated
972,1385,normal,0,0,65535_65535,0,2,185082,907,0,1,0,20,0,28,1,1,pre_allocation
972,1385,normal,0,0,65535_65535,0,2,185082,953,1,1,1,21,953,28,1,1,allocated
972,1385,normal,0,0,65535_65535,0,3,186097,907,0,1,0,20,0,28,1,1,pre_allocation
972,1385,normal,0,0,65535_65535,0,3,186097,953,1,1,1,21,953,28,1,1,allocated
972,1385,normal,0,0,65535_65535,1,8,87,0,0,1,0,0,0,28,1,1,pre_allocation
972,1385,normal,0,0,65535_65535,1,8,87,42,1,1,1,1,42,28,1,1,allocated
972,1385,normal,0,0,65535_65535,1,9,87,0,0,1,0,0,0,28,1,1,pre_allocation
972,1385,normal,0,0,65535_65535,1,9,87,42,1,1,1,1,42,28,1,1,allocated
972,1385,normal,0,0,65535_65535,1,10,87,0,0,1,0,0,0,28,1,1,pre_allocation
972,1385,normal,0,0,65535_65535,1,10,87,42,1,1,1,1,42,28,1,1,allocated
972,1385,normal,0,0,65535_65535,1,8,87,42,0,1,0,1,0,28,1,1,pre_allocation
972,1385,normal,0,0,65535_65535,1,8,87,88,1,1,1,2,88,28,1,1,allocated
972,1385,normal,0,0,65535_65535,1,9,87,42,0,1,0,1,0,28,1,1,pre_allocation
972,1385,normal,0,0,65535_65535,1,9,87,88,1,1,1,2,88,28,1,1,allocated
972,1385,normal,0,0,65535_65535,1,10,87,42,0,1,0,1,0,28,1,1,pre_allocation
972,1385,normal,0,0,65535_65535,1,10,87,88,1,1,1,2,88,28,1,1,allocated
972,1385,normal,0,0,65535_65535,1,8,87,88,0,1,0,2,0,28,1,1,pre_allocation
972,1385,normal,0,0,65535_65535,1,8,87,133,1,1,1,3,133,28,1,1,allocated
972,1385,normal,0,0,65535_65535,1,9,87,88,0,1,0,2,0,28,1,1,pre_allocation
972,1385,normal,0,0,65535_65535,1,9,87,133,1,1,1,3,133,28,1,1,allocated
972,1385,normal,0,0,65535_65535,1,10,87,88,0,1,0,2,0,28,1,1,pre_allocation
972,1385,normal,0,0,65535_65535,1,10,87,133,1,1,1,3,133,28,1,1,allocated
972,1385,normal,0,0,65535_65535,1,8,87,133,0,1,0,3,0,28,1,1,pre_allocation
972,1385,normal,0,0,65535_65535,1,8,87,179,1,1,1,4,179,28,1,1,allocated
972,1385,normal,0,0,65535_65535,1,9,87,133,0,1,0,3,0,28,1,1,pre_allocation
972,1385,normal,0,0,65535_65535,1,9,87,179,1,1,1,4,179,28,1,1,allocated
972,1385,normal,0,0,65535_65535,1,10,87,133,0,1,0,3,0,28,1,1,pre_allocation
972,1385,normal,0,0,65535_65535,1,10,87,179,1,1,1,4,179,28,1,1,allocated
972,1385,normal,0,0,65535_65535,1,8,87,179,0,1,0,4,0,28,1,1,pre_allocation
972,1385,normal,0,0,65535_65535,1,8,87,224,1,1,1,5,224,28,1,1,allocated
972,1385,normal,0,0,65535_65535,1,9,87,179,0,1,0,4,0,28,1,1,pre_allocation
972,1385,normal,0,0,65535_65535,1,9,87,224,1,1,1,5,224,28,1,1,allocated
972,1385,normal,0,0,65535_65535,1,10,87,179,0,1,0,4,0,28,1,1,pre_allocation
972,1385,normal,0,0,65535_65535,1,10,87,224,1,1,1,5,224,28,1,1,allocated
972,1385,normal,0,0,65535_65535,1,8,87,224,0,1,0,5,0,28,1,1,pre_allocation
972,1385,normal,0,0,65535_65535,1,8,87,270,1,1,1,6,270,28,1,1,allocated
972,1385,normal,0,0,65535_65535,1,9,87,224,0,1,0,5,0,28,1,1,pre_allocation
972,1385,normal,0,0,65535_65535,1,9,87,270,1,1,1,6,270,28,1,1,allocated
972,1385,normal,0,0,65535_65535,1,10,87,224,0,1,0,5,0,28,1,1,pre_allocation
972,1385,normal,0,0,65535_65535,1,10,87,270,1,1,1,6,270,28,1,1,allocated
972,1385,normal,0,0,65535_65535,1,8,87,270,0,1,0,6,0,28,1,1,pre_allocation
972,1385,normal,0,0,65535_65535,1,8,87,315,1,1,1,7,315,28,1,1,allocated
972,1385,normal,0,0,65535_65535,1,9,87,270,0,1,0,6,0,28,1,1,pre_allocation
972,1385,normal,0,0,65535_65535,1,9,87,315,1,1,1,7,315,28,1,1,allocated
972,1385,normal,0,0,65535_65535,1,10,87,270,0,1,0,6,0,28,1,1,pre_allocation
972,1385,normal,0,0,65535_65535,1,10,87,315,1,1,1,7,315,28,1,1,allocated
972,1385,normal,0,0,65535_65535,1,8,87,315,0,1,0,7,0,28,1,1,pre_allocation
972,1385,normal,0,0,65535_65535,1,8,87,361,1,1,1,8,361,28,1,1,allocated
972,1385,normal,0,0,65535_65535,1,9,87,315,0,1,0,7,0,28,1,1,pre_allocation
972,1385,normal,0,0,65535_65535,1,9,87,361,1,1,1,8,361,28,1,1,allocated
972,1385,normal,0,0,65535_65535,1,10,87,315,0,1,0,7,0,28,1,1,pre_allocation
972,1385,normal,0,0,65535_65535,1,10,87,361,1,1,1,8,361,28,1,1,allocated
972,1385,normal,0,0,65535_65535,1,8,87,361,0,1,0,8,0,28,1,1,pre_allocation
972,1385,normal,0,0,65535_65535,1,8,87,406,1,1,1,9,406,28,1,1,allocated
972,1385,normal,0,0,65535_65535,1,9,87,361,0,1,0,8,0,28,1,1,pre_allocation
972,1385,normal,0,0,65535_65535,1,9,87,406,1,1,1,9,406,28,1,1,allocated
972,1385,normal,0,0,65535_65535,1,10,87,361,0,1,0,8,0,28,1,1,pre_allocation
972,1385,normal,0,0,65535_65535,1,10,87,406,1,1,1,9,406,28,1,1,allocated
972,1385,normal,0,0,65535_65535,1,8,87,406,0,1,0,9,0,28,1,1,pre_allocation
972,1385,normal,0,0,65535_65535,1,8,87,452,1,1,1,10,452,28,1,1,allocated
972,1385,normal,0,0,65535_65535,1,9,87,406,0,1,0,9,0,28,1,1,pre_allocation
972,1385,normal,0,0,65535_65535,1,9,87,452,1,1,1,10,452,28,1,1,allocated
972,1385,normal,0,0,65535_65535,1,10,87,406,0,1,0,9,0,28,1,1,pre_allocation
972,1385,normal,0,0,65535_65535,1,10,87,452,1,1,1,10,452,28,1,1,allocated
972,1385,normal,0,0,65535_65535,1,8,87,452,0,1,0,10,0,28,1,1,pre_allocation
972,1385,normal,0,0,65535_65535,1,8,87,497,1,1,1,11,497,28,1,1,allocated
972,1385,normal,0,0,65535_65535,1,9,87,452,0,1,0,10,0,28,1,1,pre_allocation
972,1385,normal,0,0,65535_65535,1,9,87,497,1,1,1,11,497,28,1,1,allocated
972,1385,normal,0,0,65535_65535,1,10,87,452,0,1,0,10,0,28,1,1,pre_allocation
972,1385,normal,0,0,65535_65535,1,10,87,497,1,1,1,11,497,28,1,1,allocated
972,1385,normal,0,0,65535_65535,1,8,87,497,0,1,0,11,0,28,1,1,pre_allocation
972,1385,normal,0,0,65535_65535,1,8,87,543,1,1,1,12,543,28,1,1,allocated
972,1385,normal,0,0,65535_65535,1,9,87,497,0,1,0,11,0,28,1,1,pre_allocation
972,1385,normal,0,0,65535_65535,1,9,87,543,1,1,1,12,543,28,1,1,allocated
972,1385,normal,0,0,65535_65535,1,10,87,497,0,1,0,11,0,28,1,1,pre_allocation
972,1385,normal,0,0,65535_65535,1,10,87,543,1,1,1,12,543,28,1,1,allocated
972,1385,normal,0,0,65535_65535,1,8,87,543,0,1,0,12,0,28,1,1,pre_allocation
972,1385,normal,0,0,65535_65535,1,8,87,589,1,1,1,13,589,28,1,1,allocated
972,1385,normal,0,0,65535_65535,1,9,87,543,0,1,0,12,0,28,1,1,pre_allocation
972,1385,normal,0,0,65535_65535,1,9,87,589,1,1,1,13,589,28,1,1,allocated
972,1385,normal,0,0,65535_65535,1,10,87,543,0,1,0,12,0,28,1,1,pre_allocation
972,1385,normal,0,0,65535_65535,1,10,87,589,1,1,1,13,589,28,1,1,allocated
972,1385,normal,0,0,65535_65535,1,8,87,589,0,1,0,13,0,28,1,1,pre_allocation
972,1385,normal,0,0,65535_65535,1,8,87,634,1,1,1,14,634,28,1,1,allocated
972,1385,normal,0,0,65535_65535,1,9,87,589,0,1,0,13,0,28,1,1,pre_allocation
972,1385,normal,0,0,65535_65535,1,9,87,634,1,1,1,14,634,28,1,1,allocated
972,1385,normal,0,0,65535_65535,1,10,87,589,0,1,0,13,0,28,1,1,pre_allocation
972,1385,normal,0,0,65535_65535,1,10,87,634,1,1,1,14,634,28,1,1,allocated
972,1385,normal,0,0,65535_65535,1,8,87,634,0,1,0,14,0,28,1,1,pre_allocation
972,1385,normal,0,0,65535_65535,1,8,87,680,1,1,1,15,680,28,1,1,allocated
972,1385,normal,0,0,65535_65535,1,9,87,634,0,1,0,14,0,28,1,1,pre_allocation
972,1385,normal,0,0,65535_65535,1,9,87,680,1,1,1,15,680,28,1,1,allocated
972,1385,normal,0,0,65535_65535,1,10,87,634,0,1,0,14,0,28,1,1,pre_allocation
972,1385,normal,0,0,65535_65535,1,10,87,680,1,1,1,15,680,28,1,1,allocated
972,1385,normal,0,0,65535_65535,1,8,87,680,0,1,0,15,0,28,1,1,pre_allocation
972,1385,normal,0,0,65535_65535,1,8,87,725,1,1,1,16,725,28,1,1,allocated
972,1385,normal,0,0,65535_65535,1,9,87,680,0,1,0,15,0,28,1,1,pre_allocation
972,1385,normal,0,0,65535_65535,1,9,87,725,1,1,1,16,725,28,1,1,allocated
972,1385,normal,0,0,65535_65535,1,10,87,680,0,1,0,15,0,28,1,1,pre_allocation
972,1385,normal,0,0,65535_65535,1,10,87,725,1,1,1,16,725,28,1,1,allocated
972,1385,normal,0,0,65535_65535,1,8,87,725,0,1,0,16,0,28,1,1,pre_allocation
972,1385,normal,0,0,65535_65535,1,8,87,771,1,1,1,17,771,28,1,1,allocated
972,1385,normal,0,0,65535_65535,1,9,87,725,0,1,0,16,0,28,1,1,pre_allocation
972,1385,normal,0,0,65535_65535,1,9,87,771,1,1,1,17,771,28,1,1,allocated
972,1385,normal,0,0,65535_65535,1,10,87,725,0,1,0,16,0,28,1,1,pre_allocation
972,1385,normal,0,0,65535_65535,1,10,87,771,1,1,1,17,771,28,1,1,allocated
972,1385,normal,0,0,65535_65535,1,8,87,771,0,1,0,17,0,28,1,1,pre_allocation
972,1385,normal,0,0,65535_65535,1,8,87,816,1,1,1,18,816,28,1,1,allocated
972,1385,normal,0,0,65535_65535,1,9,87,771,0,1,0,17,0,28,1,1,pre_allocation
972,1385,normal,0,0,65535_65535,1,9,87,816,1,1,1,18,816,28,1,1,allocated
972,1385,normal,0,0,65535_65535,1,10,87,771,0,1,0,17,0,28,1,1,pre_allocation
972,1385,normal,0,0,65535_65535,1,10,87,816,1,1,1,18,816,28,1,1,allocated
972,1385,normal,0,0,65535_65535,1,8,87,816,0,1,0,18,0,28,1,1,pre_allocation
972,1385,normal,0,0,65535_65535,1,8,87,862,1,1,1,19,862,28,1,1,allocated
972,1385,normal,0,0,65535_65535,1,9,87,816,0,1,0,18,0,28,1,1,pre_allocation
972,1385,normal,0,0,65535_65535,1,9,87,862,1,1,1,19,862,28,1,1,allocated
972,1385,normal,0,0,65535_65535,1,10,87,816,0,1,0,18,0,28,1,1,pre_allocation
972,1385,normal,0,0,65535_65535,1,10,87,862,1,1,1,19,862,28,1,1,allocated
972,1385,normal,0,0,65535_65535,1,8,87,862,0,1,0,19,0,28,1,1,pre_allocation
972,1385,normal,0,0,65535_65535,1,8,87,907,1,1,1,20,907,28,1,1,allocated
972,1385,normal,0,0,65535_65535,1,9,87,862,0,1,0,19,0,28,1,1,pre_allocation
972,1385,normal,0,0,65535_65535,1,9,87,907,1,1,1,20,907,28,1,1,allocated
972,1385,normal,0,0,65535_65535,1,10,87,862,0,1,0,19,0,28,1,1,pre_allocation
972,1385,normal,0,0,65535_65535,1,10,87,907,1,1,1,20,907,28,1,1,allocated
972,1385,normal,0,0,65535_65535,1,8,87,907,0,1,0,20,0,28,1,1,pre_allocation
972,1385,normal,0,0,65535_65535,1,8,87,953,1,1,1,21,953,28,1,1,allocated
972,1385,normal,0,0,65535_65535,1,9,87,907,0,1,0,20,0,28,1,1,pre_allocation
972,1385,normal,0,0,65535_65535,1,9,87,953,1,1,1,21,953,28,1,1,allocated
972,1385,normal,0,0,65535_65535,1,10,87,907,0,1,0,20,0,28,1,1,pre_allocation
972,1385,normal,0,0,65535_65535,1,10,87,953,1,1,1,21,953,28,1,1,allocated
972,1385,normal,0,0,65535_65535,1,8,87,953,0,1,0,21,0,28,1,1,pre_allocation
972,1385,normal,0,0,65535_65535,1,8,87,998,1,1,1,22,998,28,1,1,allocated
972,1385,normal,0,0,65535_65535,1,9,87,953,0,1,0,21,0,28,1,1,pre_allocation
972,1385,normal,0,0,65535_65535,1,9,87,998,1,1,1,22,998,28,1,1,allocated
972,1385,normal,0,0,65535_65535,1,10,87,953,0,1,0,21,0,28,1,1,pre_allocation
972,1385,normal,0,0,65535_65535,1,10,87,998,1,1,1,22,998,28,1,1,allocated
972,1385,normal,0,0,65535_65535,1,8,87,998,0,1,0,22,0,28,1,1,pre_allocation
972,1385,normal,0,0,65535_65535,1,8,87,1044,1,1,1,23,1044,28,1,1,allocated
972,1385,normal,0,0,65535_65535,1,9,87,998,0,1,0,22,0,28,1,1,pre_allocation
972,1385,normal,0,0,65535_65535,1,9,87,1044,1,1,1,23,1044,28,1,1,allocated
972,1385,normal,0,0,65535_65535,1,10,87,998,0,1,0,22,0,28,1,1,pre_allocation
972,1385,normal,0,0,65535_65535,1,10,87,1044,1,1,1,23,1044,28,1,1,allocated
972,1385,normal,0,0,65535_65535,1,8,87,1044,0,1,0,23,0,28,1,1,pre_allocation
972,1385,normal,0,0,65535_65535,1,8,87,1089,1,1,1,24,1089,28,1,1,allocated
972,1385,normal,0,0,65535_65535,1,9,87,1044,0,1,0,23,0,28,1,1,pre_allocation
972,1385,normal,0,0,65535_65535,1,9,87,1089,1,1,1,24,1089,28,1,1,allocated
972,1385,normal,0,0,65535_65535,1,10,87,1044,0,1,0,23,0,28,1,1,pre_allocation
972,1385,normal,0,0,65535_65535,1,10,87,1089,1,1,1,24,1089,28,1,1,allocated
972,1385,normal,0,0,65535_65535,1,8,87,1089,0,1,0,24,0,28,1,1,pre_allocation
972,1385,normal,0,0,65535_65535,1,8,87,1135,1,1,1,25,1135,28,1,1,allocated
972,1385,normal,0,0,65535_65535,1,9,87,1089,0,1,0,24,0,28,1,1,pre_allocation
972,1385,normal,0,0,65535_65535,1,9,87,1135,1,1,1,25,1135,28,1,1,allocated
972,1385,normal,0,0,65535_65535,1,10,87,1089,0,1,0,24,0,28,1,1,pre_allocation
972,1385,normal,0,0,65535_65535,1,10,87,1135,1,1,1,25,1135,28,1,1,allocated
972,1385,normal,0,0,65535_65535,1,8,87,1135,0,1,0,25,0,28,1,1,pre_allocation
972,1385,normal,0,0,65535_65535,1,8,87,1181,1,1,1,26,1181,28,1,1,allocated
972,1385,normal,0,0,65535_65535,1,9,87,1135,0,1,0,25,0,28,1,1,pre_allocation
972,1385,normal,0,0,65535_65535,1,9,87,1181,1,1,1,26,1181,28,1,1,allocated
972,1385,normal,0,0,65535_65535,1,10,87,1135,0,1,0,25,0,28,1,1,pre_allocation
972,1385,normal,0,0,65535_65535,1,10,87,1181,1,1,1,26,1181,28,1,1,allocated
972,1385,normal,0,0,65535_65535,1,8,87,1181,0,1,0,26,0,28,1,1,pre_allocation
972,1385,normal,0,0,65535_65535,1,8,87,1226,1,1,1,27,1226,28,1,1,allocated
972,1385,normal,0,0,65535_65535,1,9,87,1181,0,1,0,26,0,28,1,1,pre_allocation
972,1385,normal,0,0,65535_65535,1,9,87,1226,1,1,1,27,1226,28,1,1,allocated
972,1385,normal,0,0,65535_65535,1,10,87,1181,0,1,0,26,0,28,1,1,pre_allocation
972,1385,normal,0,0,65535_65535,1,10,87,1226,1,1,1,27,1226,28,1,1,allocated
972,1385,normal,0,0,65535_65535,1,8,87,1226,0,1,0,27,0,28,1,1,pre_allocation
972,1385,normal,0,0,65535_65535,1,8,87,1272,1,1,1,28,1272,28,1,1,allocated
972,1385,normal,0,0,65535_65535,1,9,87,1226,0,1,0,27,0,28,1,1,pre_allocation
972,1385,normal,0,0,65535_65535,1,9,87,1272,1,1,1,28,1272,28,1,1,allocated
972,1385,normal,0,0,65535_65535,1,10,87,1226,0,1,0,27,0,28,1,1,pre_allocation
972,1385,normal,0,0,65535_65535,1,10,87,1272,1,1,1,28,1272,28,1,1,allocated
972,1385,normal,0,0,65535_65535,1,8,87,1272,0,1,0,28,0,28,1,1,pre_allocation
972,1385,normal,0,0,65535_65535,1,8,87,1317,1,1,1,29,1317,28,1,1,allocated
972,1385,normal,0,0,65535_65535,1,9,87,1272,0,1,0,28,0,28,1,1,pre_allocation
972,1385,normal,0,0,65535_65535,1,9,87,1317,1,1,1,29,1317,28,1,1,allocated
972,1385,normal,0,0,65535_65535,1,10,87,1272,0,1,0,28,0,28,1,1,pre_allocation
972,1385,normal,0,0,65535_65535,1,10,87,1317,1,1,1,29,1317,28,1,1,allocated
972,1385,normal,0,0,65535_65535,1,8,87,1317,0,1,0,29,0,28,1,1,pre_allocation
972,1385,normal,0,0,65535_65535,1,8,87,1363,1,1,1,30,1363,28,1,1,allocated
972,1385,normal,0,0,65535_65535,1,9,87,1317,0,1,0,29,0,28,1,1,pre_allocation
972,1385,normal,0,0,65535_65535,1,9,87,1363,1,1,1,30,1363,28,1,1,allocated
972,1385,normal,0,0,65535_65535,1,10,87,1317,0,1,0,29,0,28,1,1,pre_allocation
972,1385,normal,0,0,65535_65535,1,10,87,1363,1,1,1,30,1363,28,1,1,allocated
972,1385,normal,0,0,65535_65535,1,8,87,1363,0,1,0,30,0,28,1,1,pre_allocation
972,1385,normal,0,0,65535_65535,1,8,87,1408,1,1,1,31,1408,28,1,1,allocated
972,1385,normal,0,0,65535_65535,1,9,87,1363,0,1,0,30,0,28,1,1,pre_allocation
972,1385,normal,0,0,65535_65535,1,9,87,1408,1,1,1,31,1408,28,1,1,allocated
972,1385,normal,0,0,65535_65535,1,10,87,1363,0,1,0,30,0,28,1,1,pre_allocation
972,1385,normal,0,0,65535_65535,1,10,87,1408,1,1,1,31,1408,28,1,1,allocated
972,1385,normal,0,0,65535_65535,1,8,87,1408,0,1,0,31,0,28,1,1,pre_allocation
972,1385,normal,0,0,65535_65535,1,8,87,1454,1,1,1,32,1454,28,1,1,allocated
972,1385,normal,0,0,65535_65535,1,9,87,1408,0,1,0,31,0,28,1,1,pre_allocation
972,1385,normal,0,0,65535_65535,1,9,87,1454,1,1,1,32,1454,28,1,1,allocated
972,1385,normal,0,0,65535_65535,1,10,87,1408,0,1,0,31,0,28,1,1,pre_allocation
972,1385,normal,0,0,65535_65535,1,10,87,1454,1,1,1,32,1454,28,1,1,allocated
972,1385,normal,0,0,65535_65535,1,8,87,1454,0,1,0,32,0,28,1,1,pre_allocation
972,1385,normal,0,0,65535_65535,1,8,87,1499,1,1,1,33,1499,28,1,1,allocated
972,1385,normal,0,0,65535_65535,1,9,87,1454,0,1,0,32,0,28,1,1,pre_allocation
972,1385,normal,0,0,65535_65535,1,9,87,1499,1,1,1,33,1499,28,1,1,allocated
972,1385,normal,0,0,65535_65535,1,10,87,1454,0,1,0,32,0,28,1,1,pre_allocation
972,1385,normal,0,0,65535_65535,1,10,87,1499,1,1,1,33,1499,28,1,1,allocated
972,1385,normal,0,0,65535_65535,1,8,87,1499,0,1,0,33,0,28,1,1,pre_allocation
972,1385,normal,0,0,65535_65535,1,8,87,1542,1,1,1,34,1542,28,1,1,allocated
972,1385,normal,0,0,65535_65535,1,9,87,1499,0,1,0,33,0,28,1,1,pre_allocation
972,1385,normal,0,0,65535_65535,1,9,87,1542,1,1,1,34,1542,28,1,1,allocated
972,1385,normal,0,0,65535_65535,1,10,87,1499,0,1,0,33,0,28,1,1,pre_allocation
972,1385,normal,0,0,65535_65535,1,10,87,1542,1,1,1,34,1542,28,1,1,allocated
972,1385,normal,0,0,65535_65535,1,8,87,1542,0,1,0,34,0,28,1,1,pre_allocation
972,1385,normal,0,0,65535_65535,1,8,87,1587,1,1,1,35,1587,28,1,1,allocated
972,1385,normal,0,0,65535_65535,1,9,87,1542,0,1,0,34,0,28,1,1,pre_allocation
972,1385,normal,0,0,65535_65535,1,9,87,1587,1,1,1,35,1587,28,1,1,allocated
972,1385,normal,0,0,65535_65535,1,10,87,1542,0,1,0,34,0,28,1,1,pre_allocation
972,1385,normal,0,0,65535_65535,1,10,87,1587,1,1,1,35,1587,28,1,1,allocated
972,1385,normal,0,0,65535_65535,1,8,87,1587,0,1,0,35,0,28,1,1,pre_allocation
972,1385,normal,0,0,65535_65535,1,8,87,1633,1,1,1,36,1633,28,1,1,allocated
972,1385,normal,0,0,65535_65535,1,9,87,1587,0,1,0,35,0,28,1,1,pre_allocation
972,1385,normal,0,0,65535_65535,1,9,87,1633,1,1,1,36,1633,28,1,1,allocated
972,1385,normal,0,0,65535_65535,1,10,87,1587,0,1,0,35,0,28,1,1,pre_allocation
972,1385,normal,0,0,65535_65535,1,10,87,1633,1,1,1,36,1633,28,1,1,allocated
972,1385,normal,0,0,65535_65535,1,8,87,1633,0,1,0,36,0,28,1,1,pre_allocation
972,1385,normal,0,0,65535_65535,1,8,87,1678,1,1,1,37,1678,28,1,1,allocated
972,1385,normal,0,0,65535_65535,1,9,87,1633,0,1,0,36,0,28,1,1,pre_allocation
972,1385,normal,0,0,65535_65535,1,9,87,1678,1,1,1,37,1678,28,1,1,allocated
972,1385,normal,0,0,65535_65535,1,10,87,1633,0,1,0,36,0,28,1,1,pre_allocation
972,1385,normal,0,0,65535_65535,1,10,87,1678,1,1,1,37,1678,28,1,1,allocated
972,1385,normal,0,0,65535_65535,1,8,87,1678,0,1,0,37,0,28,1,1,pre_allocation
972,1385,normal,0,0,65535_65535,1,8,87,1724,1,1,1,38,1724,28,1,1,allocated
972,1385,normal,0,0,65535_65535,1,9,87,1678,0,1,0,37,0,28,1,1,pre_allocation
972,1385,normal,0,0,65535_65535,1,9,87,1724,1,1,1,38,1724,28,1,1,allocated
972,1385,normal,0,0,65535_65535,1,10,87,1678,0,1,0,37,0,28,1,1,pre_allocation
972,1385,normal,0,0,65535_65535,1,10,87,1724,1,1,1,38,1724,28,1,1,allocated
972,1385,normal,0,0,65535_65535,1,8,87,1724,0,1,0,38,0,28,1,1,pre_allocation
972,1385,normal,0,0,65535_65535,1,8,87,1770,1,1,1,39,1770,28,1,1,allocated
972,1385,normal,0,0,65535_65535,1,9,87,1724,0,1,0,38,0,28,1,1,pre_allocation
972,1385,normal,0,0,65535_65535,1,9,87,1770,1,1,1,39,1770,28,1,1,allocated
972,1385,normal,0,0,65535_65535,1,10,87,1724,0,1,0,38,0,28,1,1,pre_allocation
972,1385,normal,0,0,65535_65535,1,10,87,1770,1,1,1,39,1770,28,1,1,allocated
972,1385,normal,0,0,65535_65535,1,8,87,1770,0,1,0,39,0,28,1,1,pre_allocation
972,1385,normal,0,0,65535_65535,1,8,87,1815,1,1,1,40,1815,28,1,1,allocated
972,1385,normal,0,0,65535_65535,1,9,87,1770,0,1,0,39,0,28,1,1,pre_allocation
972,1385,normal,0,0,65535_65535,1,9,87,1815,1,1,1,40,1815,28,1,1,allocated
972,1385,normal,0,0,65535_65535,1,10,87,1770,0,1,0,39,0,28,1,1,pre_allocation
972,1385,normal,0,0,65535_65535,1,10,87,1815,1,1,1,40,1815,28,1,1,allocated
972,1385,normal,0,0,65535_65535,1,8,87,1815,0,1,0,40,0,28,1,1,pre_allocation
972,1385,normal,0,0,65535_65535,1,8,87,1861,1,1,1,41,1861,28,1,1,allocated
972,1385,normal,0,0,65535_65535,1,9,87,1815,0,1,0,40,0,28,1,1,pre_allocation
972,1385,normal,0,0,65535_65535,1,9,87,1861,1,1,1,41,1861,28,1,1,allocated
972,1385,normal,0,0,65535_65535,1,10,87,1815,0,1,0,40,0,28,1,1,pre_allocation
972,1385,normal,0,0,65535_65535,1,10,87,1861,1,1,1,41,1861,28,1,1,allocated
972,1385,normal,0,0,65535_65535,1,8,87,1861,0,1,0,41,0,28,1,1,pre_allocation
972,1385,normal,0,0,65535_65535,1,8,87,1906,1,1,1,42,1906,28,1,1,allocated
972,1385,normal,0,0,65535_65535,1,9,87,1861,0,1,0,41,0,28,1,1,pre_allocation
972,1385,normal,0,0,65535_65535,1,9,87,1906,1,1,1,42,1906,28,1,1,allocated
972,1385,normal,0,0,65535_65535,1,10,87,1861,0,1,0,41,0,28,1,1,pre_allocation
972,1385,normal,0,0,65535_65535,1,10,87,1906,1,1,1,42,1906,28,1,1,allocated
972,1385,normal,0,0,65535_65535,1,8,87,1906,0,1,0,42,0,28,1,1,pre_allocation
972,1385,normal,0,0,65535_65535,1,8,87,1952,1,1,1,43,1952,28,1,1,allocated
972,1385,normal,0,0,65535_65535,1,9,87,1906,0,1,0,42,0,28,1,1,pre_allocation
972,1385,normal,0,0,65535_65535,1,9,87,1952,1,1,1,43,1952,28,1,1,allocated
972,1385,normal,0,0,65535_65535,1,10,87,1906,0,1,0,42,0,28,1,1,pre_allocation
972,1385,normal,0,0,65535_65535,1,10,87,1952,1,1,1,43,1952,28,1,1,allocated
972,1385,normal,0,0,65535_65535,1,8,87,1952,0,1,0,43,0,28,1,1,pre_allocation
972,1385,normal,0,0,65535_65535,1,8,87,1997,1,1,1,44,1997,28,1,1,allocated
972,1385,normal,0,0,65535_65535,1,9,87,1952,0,1,0,43,0,28,1,1,pre_allocation
972,1385,normal,0,0,65535_65535,1,9,87,1997,1,1,1,44,1997,28,1,1,allocated
972,1385,normal,0,0,65535_65535,1,10,87,1952,0,1,0,43,0,28,1,1,pre_allocation
972,1385,normal,0,0,65535_65535,1,10,87,1997,1,1,1,44,1997,28,1,1,allocated
972,1385,normal,0,0,65535_65535,1,8,87,1997,0,1,0,44,0,28,1,1,pre_allocation
972,1385,normal,0,0,65535_65535,1,8,87,2043,1,1,1,45,2043,28,1,1,allocated
972,1385,normal,0,0,65535_65535,1,9,87,1997,0,1,0,44,0,28,1,1,pre_allocation
972,1385,normal,0,0,65535_65535,1,9,87,2043,1,1,1,45,2043,28,1,1,allocated
972,1385,normal,0,0,65535_65535,1,10,87,1997,0,1,0,44,0,28,1,1,pre_allocation
972,1385,normal,0,0,65535_65535,1,10,87,2043,1,1,1,45,2043,28,1,1,allocated
972,1385,normal,0,0,65535_65535,1,8,87,2043,0,1,0,45,0,28,1,1,pre_allocation
972,1385,normal,0,0,65535_65535,1,8,87,2088,1,1,1,46,2088,28,1,1,allocated
972,1385,normal,0,0,65535_65535,1,9,87,2043,0,1,0,45,0,28,1,1,pre_allocation
972,1385,normal,0,0,65535_65535,1,9,87,2088,1,1,1,46,2088,28,1,1,allocated
972,1385,normal,0,0,65535_65535,1,10,87,2043,0,1,0,45,0,28,1,1,pre_allocation
972,1385,normal,0,0,65535_65535,1,10,87,2088,1,1,1,46,2088,28,1,1,allocated
972,1385,normal,0,0,65535_65535,1,8,87,2088,0,1,0,46,0,28,1,1,pre_allocation
972,1385,normal,0,0,65535_65535,1,8,87,2134,1,1,1,47,2134,28,1,1,allocated
972,1385,normal,0,0,65535_65535,1,9,87,2088,0,1,0,46,0,28,1,1,pre_allocation
972,1385,normal,0,0,65535_65535,1,9,87,2134,1,1,1,47,2134,28,1,1,allocated
972,1385,normal,0,0,65535_65535,1,10,87,2088,0,1,0,46,0,28,1,1,pre_allocation
972,1385,normal,0,0,65535_65535,1,10,87,2134,1,1,1,47,2134,28,1,1,allocated
972,1385,normal,0,0,65535_65535,1,8,87,2134,0,1,0,47,0,28,1,1,pre_allocation
972,1385,normal,0,0,65535_65535,1,8,87,2179,1,1,1,48,2179,28,1,1,allocated
972,1385,normal,0,0,65535_65535,1,9,87,2134,0,1,0,47,0,28,1,1,pre_allocation
972,1385,normal,0,0,65535_65535,1,9,87,2179,1,1,1,48,2179,28,1,1,allocated
972,1385,normal,0,0,65535_65535,1,10,87,2134,0,1,0,47,0,28,1,1,pre_allocation
972,1385,normal,0,0,65535_65535,1,10,87,2179,1,1,1,48,2179,28,1,1,allocated
972,1385,normal,0,0,65535_65535,1,8,87,2179,0,1,0,48,0,28,1,1,pre_allocation
972,1385,normal,0,0,65535_65535,1,8,87,2225,1,1,1,49,2225,28,1,1,allocated
972,1385,normal,0,0,65535_65535,1,9,87,2179,0,1,0,48,0,28,1,1,pre_allocation
972,1385,normal,0,0,65535_65535,1,9,87,2225,1,1,1,49,2225,28,1,1,allocated
972,1385,normal,0,0,65535_65535,1,10,87,2179,0,1,0,48,0,28,1,1,pre_allocation
972,1385,normal,0,0,65535_65535,1,10,87,2225,1,1,1,49,2225,28,1,1,allocated
972,1385,normal,0,0,65535_65535,1,8,87,2225,0,1,0,49,0,28,1,1,pre_allocation
972,1385,normal,0,0,65535_65535,1,8,87,2271,1,1,1,50,2271,28,1,1,allocated
972,1385,normal,0,0,65535_65535,1,9,87,2225,0,1,0,49,0,28,1,1,pre_allocation
972,1385,normal,0,0,65535_65535,1,9,87,2271,1,1,1,50,2271,28,1,1,allocated
972,1385,normal,0,0,65535_65535,1,10,87,2225,0,1,0,49,0,28,1,1,pre_allocation
972,1385,normal,0,0,65535_65535,1,10,87,2271,1,1,1,50,2271,28,1,1,allocated
972,1385,normal,0,0,65535_65535,1,8,87,2271,0,1,0,50,0,28,1,1,pre_allocation
972,1385,normal,0,0,65535_65535,1,8,87,2313,1,1,1,51,2313,28,1,1,allocated
972,1385,normal,0,0,65535_65535,1,9,87,2271,0,1,0,50,0,28,1,1,pre_allocation
972,1385,normal,0,0,65535_65535,1,9,87,2313,1,1,1,51,2313,28,1,1,allocated
972,1385,normal,0,0,65535_65535,1,10,87,2271,0,1,0,50,0,28,1,1,pre_allocation
972,1385,normal,0,0,65535_65535,1,10,87,2313,1,1,1,51,2313,28,1,1,allocated
972,1385,normal,0,0,65535_65535,1,8,87,2313,0,1,0,51,0,28,1,1,pre_allocation
972,1385,normal,0,0,65535_65535,1,8,87,2359,1,1,1,52,2359,28,1,1,allocated
972,1385,normal,0,0,65535_65535,1,9,87,2313,0,1,0,51,0,28,1,1,pre_allocation
972,1385,normal,0,0,65535_65535,1,9,87,2359,1,1,1,52,2359,28,1,1,allocated
972,1385,normal,0,0,65535_65535,1,10,87,2313,0,1,0,51,0,28,1,1,pre_allocation
972,1385,normal,0,0,65535_65535,1,10,87,2359,1,1,1,52,2359,28,1,1,allocated
972,1385,normal,0,0,65535_65535,1,8,87,2359,0,1,0,52,0,28,1,1,pre_allocation
972,1385,normal,0,0,65535_65535,1,8,87,2404,1,1,1,53,2404,28,1,1,allocated
972,1385,normal,0,0,65535_65535,1,9,87,2359,0,1,0,52,0,28,1,1,pre_allocation
972,1385,normal,0,0,65535_65535,1,9,87,2404,1,1,1,53,2404,28,1,1,allocated
972,1385,normal,0,0,65535_65535,1,10,87,2359,0,1,0,52,0,28,1,1,pre_allocation
972,1385,normal,0,0,65535_65535,1,10,87,2404,1,1,1,53,2404,28,1,1,allocated
972,1385,normal,0,0,65535_65535,1,8,87,2404,0,1,0,53,0,28,1,1,pre_allocation
972,1385,normal,0,0,65535_65535,1,8,87,2450,1,1,1,54,2450,28,1,1,allocated
972,1385,normal,0,0,65535_65535,1,9,87,2404,0,1,0,53,0,28,1,1,pre_allocation
972,1385,normal,0,0,65535_65535,1,9,87,2450,1,1,1,54,2450,28,1,1,allocated
972,1385,normal,0,0,65535_65535,1,10,87,2404,0,1,0,53,0,28,1,1,pre_allocation
972,1385,normal,0,0,65535_65535,1,10,87,2450,1,1,1,54,2450,28,1,1,allocated
972,1385,normal,0,0,65535_65535,1,8,87,2450,0,1,0,54,0,28,1,1,pre_allocation
972,1385,normal,0,0,65535_65535,1,8,87,2495,1,1,1,55,2495,28,1,1,allocated
1084,1483,normal,0,0,65535_65535,0,1,175384,0,0,1,0,0,0,28,1,1,pre_allocation
1084,1483,normal,0,0,65535_65535,0,1,175384,50,1,1,1,1,50,28,1,1,allocated
1084,1483,normal,0,0,65535_65535,0,2,189513,0,0,1,0,0,0,28,1,1,pre_allocation
1084,1483,normal,0,0,65535_65535,0,2,189513,50,1,1,1,1,50,28,1,1,allocated
1084,1483,normal,0,0,65535_65535,0,3,190731,0,0,1,0,0,0,28,1,1,pre_allocation
1084,1483,normal,0,0,65535_65535,0,3,190731,50,1,1,1,1,50,28,1,1,allocated
1084,1483,normal,0,0,65535_65535,0,4,197911,0,0,1,0,0,0,28,1,1,pre_allocation
1084,1483,normal,0,0,65535_65535,0,4,197911,50,1,1,1,1,50,28,1,1,allocated
1084,1483,normal,0,0,65535_65535,0,5,204845,0,0,1,0,0,0,28,1,1,pre_allocation
1084,1483,normal,0,0,65535_65535,0,5,204845,50,1,1,1,1,50,28,1,1,allocated
1084,1483,normal,0,0,65535_65535,0,1,175384,50,0,1,0,1,0,28,1,1,pre_allocation
1084,1483,normal,0,0,65535_65535,0,1,175384,103,1,1,1,2,103,28,1,1,allocated
1084,1483,normal,0,0,65535_65535,0,2,189513,50,0,1,0,1,0,28,1,1,pre_allocation
1084,1483,normal,0,0,65535_65535,0,2,189513,103,1,1,1,2,103,28,1,1,allocated
1084,1483,normal,0,0,65535_65535,0,3,190731,50,0,1,0,1,0,28,1,1,pre_allocation
1084,1483,normal,0,0,65535_65535,0,3,190731,103,1,1,1,2,103,28,1,1,allocated
1084,1483,normal,0,0,65535_65535,0,4,197911,50,0,1,0,1,0,28,1,1,pre_allocation
1084,1483,normal,0,0,65535_65535,0,4,197911,103,1,1,1,2,103,28,1,1,allocated
1084,1483,normal,0,0,65535_65535,0,5,204845,50,0,1,0,1,0,28,1,1,pre_allocation
1084,1483,normal,0,0,65535_65535,0,5,204845,103,1,1,1,2,103,28,1,1,allocated
1084,1483,normal,0,0,65535_65535,0,1,175384,103,0,1,0,2,0,28,1,1,pre_allocation
1084,1483,normal,0,0,65535_65535,0,1,175384,156,1,1,1,3,156,28,1,1,allocated
1084,1483,normal,0,0,65535_65535,0,2,189513,103,0,1,0,2,0,28,1,1,pre_allocation
1084,1483,normal,0,0,65535_65535,0,2,189513,156,1,1,1,3,156,28,1,1,allocated
1084,1483,normal,0,0,65535_65535,0,3,190731,103,0,1,0,2,0,28,1,1,pre_allocation
1084,1483,normal,0,0,65535_65535,0,3,190731,156,1,1,1,3,156,28,1,1,allocated
1084,1483,normal,0,0,65535_65535,0,4,197911,103,0,1,0,2,0,28,1,1,pre_allocation
1084,1483,normal,0,0,65535_65535,0,4,197911,156,1,1,1,3,156,28,1,1,allocated
1084,1483,normal,0,0,65535_65535,0,5,204845,103,0,1,0,2,0,28,1,1,pre_allocation
1084,1483,normal,0,0,65535_65535,0,5,204845,156,1,1,1,3,156,28,1,1,allocated
1084,1483,normal,0,0,65535_65535,0,1,175384,156,0,1,0,3,0,28,1,1,pre_allocation
1084,1483,normal,0,0,65535_65535,0,1,175384,209,1,1,1,4,209,28,1,1,allocated
1084,1483,normal,0,0,65535_65535,0,2,189513,156,0,1,0,3,0,28,1,1,pre_allocation
1084,1483,normal,0,0,65535_65535,0,2,189513,209,1,1,1,4,209,28,1,1,allocated
1084,1483,normal,0,0,65535_65535,0,3,190731,156,0,1,0,3,0,28,1,1,pre_allocation
1084,1483,normal,0,0,65535_65535,0,3,190731,209,1,1,1,4,209,28,1,1,allocated
1084,1483,normal,0,0,65535_65535,0,4,197911,156,0,1,0,3,0,28,1,1,pre_allocation
1084,1483,normal,0,0,65535_65535,0,4,197911,209,1,1,1,4,209,28,1,1,allocated
1084,1483,normal,0,0,65535_65535,0,5,204845,156,0,1,0,3,0,28,1,1,pre_allocation
1084,1483,normal,0,0,65535_65535,0,5,204845,209,1,1,1,4,209,28,1,1,allocated
1084,1483,normal,0,0,65535_65535,0,1,175384,209,0,1,0,4,0,28,1,1,pre_allocation
1084,1483,normal,0,0,65535_65535,0,1,175384,262,1,1,1,5,262,28,1,1,allocated
1084,1483,normal,0,0,65535_65535,0,2,189513,209,0,1,0,4,0,28,1,1,pre_allocation
1084,1483,normal,0,0,65535_65535,0,2,189513,262,1,1,1,5,262,28,1,1,allocated
1084,1483,normal,0,0,65535_65535,0,3,190731,209,0,1,0,4,0,28,1,1,pre_allocation
1084,1483,normal,0,0,65535_65535,0,3,190731,262,1,1,1,5,262,28,1,1,allocated
1084,1483,normal,0,0,65535_65535,0,4,197911,209,0,1,0,4,0,28,1,1,pre_allocation
1084,1483,normal,0,0,65535_65535,0,4,197911,262,1,1,1,5,262,28,1,1,allocated
1084,1483,normal,0,0,65535_65535,0,5,204845,209,0,1,0,4,0,28,1,1,pre_allocation
1084,1483,normal,0,0,65535_65535,0,5,204845,262,1,1,1,5,262,28,1,1,allocated
1084,1483,normal,0,0,65535_65535,0,1,175384,262,0,1,0,5,0,28,1,1,pre_allocation
1084,1483,normal,0,0,65535_65535,0,1,175384,315,1,1,1,6,315,28,1,1,allocated
1084,1483,normal,0,0,65535_65535,0,2,189513,262,0,1,0,5,0,28,1,1,pre_allocation
1084,1483,normal,0,0,65535_65535,0,2,189513,315,1,1,1,6,315,28,1,1,allocated
1084,1483,normal,0,0,65535_65535,0,3,190731,262,0,1,0,5,0,28,1,1,pre_allocation
1084,1483,normal,0,0,65535_65535,0,3,190731,315,1,1,1,6,315,28,1,1,allocated
1084,1483,normal,0,0,65535_65535,0,4,197911,262,0,1,0,5,0,28,1,1,pre_allocation
1084,1483,normal,0,0,65535_65535,0,4,197911,315,1,1,1,6,315,28,1,1,allocated
1084,1483,normal,0,0,65535_65535,0,5,204845,262,0,1,0,5,0,28,1,1,pre_allocation
1084,1483,normal,0,0,65535_65535,0,5,204845,315,1,1,1,6,315,28,1,1,allocated
1084,1483,normal,0,0,65535_65535,0,1,175384,315,0,1,0,6,0,28,1,1,pre_allocation
1084,1483,normal,0,0,65535_65535,0,1,175384,368,1,1,1,7,368,28,1,1,allocated
1084,1483,normal,0,0,65535_65535,0,2,189513,315,0,1,0,6,0,28,1,1,pre_allocation
1084,1483,normal,0,0,65535_65535,0,2,189513,368,1,1,1,7,368,28,1,1,allocated
1084,1483,normal,0,0,65535_65535,0,3,190731,315,0,1,0,6,0,28,1,1,pre_allocation
1084,1483,normal,0,0,65535_65535,0,3,190731,368,1,1,1,7,368,28,1,1,allocated
1084,1483,normal,0,0,65535_65535,0,4,197911,315,0,1,0,6,0,28,1,1,pre_allocation
1084,1483,normal,0,0,65535_65535,0,4,197911,368,1,1,1,7,368,28,1,1,allocated
1084,1483,normal,0,0,65535_65535,0,5,204845,315,0,1,0,6,0,28,1,1,pre_allocation
1084,1483,normal,0,0,65535_65535,0,5,204845,368,1,1,1,7,368,28,1,1,allocated
1084,1483,normal,0,0,65535_65535,0,1,175384,368,0,1,0,7,0,28,1,1,pre_allocation
1084,1483,normal,0,0,65535_65535,0,1,175384,422,1,1,1,8,422,28,1,1,allocated
1084,1483,normal,0,0,65535_65535,0,2,189513,368,0,1,0,7,0,28,1,1,pre_allocation
1084,1483,normal,0,0,65535_65535,0,2,189513,422,1,1,1,8,422,28,1,1,allocated
1084,1483,normal,0,0,65535_65535,0,3,190731,368,0,1,0,7,0,28,1,1,pre_allocation
1084,1483,normal,0,0,65535_65535,0,3,190731,422,1,1,1,8,422,28,1,1,allocated
1084,1483,normal,0,0,65535_65535,0,4,197911,368,0,1,0,7,0,28,1,1,pre_allocation
1084,1483,normal,0,0,65535_65535,0,4,197911,422,1,1,1,8,422,28,1,1,allocated
1084,1483,normal,0,0,65535_65535,0,5,204845,368,0,1,0,7,0,28,1,1,pre_allocation
1084,1483,normal,0,0,65535_65535,0,5,204845,422,1,1,1,8,422,28,1,1,allocated
1084,1483,normal,0,0,65535_65535,0,1,175384,422,0,1,0,8,0,28,1,1,pre_allocation
1084,1483,normal,0,0,65535_65535,0,1,175384,475,1,1,1,9,475,28,1,1,allocated
1084,1483,normal,0,0,65535_65535,0,2,189513,422,0,1,0,8,0,28,1,1,pre_allocation
1084,1483,normal,0,0,65535_65535,0,2,189513,475,1,1,1,9,475,28,1,1,allocated
1084,1483,normal,0,0,65535_65535,0,3,190731,422,0,1,0,8,0,28,1,1,pre_allocation
1084,1483,normal,0,0,65535_65535,0,3,190731,475,1,1,1,9,475,28,1,1,allocated
1084,1483,normal,0,0,65535_65535,0,4,197911,422,0,1,0,8,0,28,1,1,pre_allocation
1084,1483,normal,0,0,65535_65535,0,4,197911,475,1,1,1,9,475,28,1,1,allocated
1084,1483,normal,0,0,65535_65535,0,5,204845,422,0,1,0,8,0,28,1,1,pre_allocation
1084,1483,normal,0,0,65535_65535,0,5,204845,475,1,1,1,9,475,28,1,1,allocated
1084,1483,normal,0,0,65535_65535,0,1,175384,475,0,1,0,9,0,28,1,1,pre_allocation
1084,1483,normal,0,0,65535_65535,0,1,175384,528,1,1,1,10,528,28,1,1,allocated
1084,1483,normal,0,0,65535_65535,0,2,189513,475,0,1,0,9,0,28,1,1,pre_allocation
1084,1483,normal,0,0,65535_65535,0,2,189513,528,1,1,1,10,528,28,1,1,allocated
1084,1483,normal,0,0,65535_65535,0,3,190731,475,0,1,0,9,0,28,1,1,pre_allocation
1084,1483,normal,0,0,65535_65535,0,3,190731,528,1,1,1,10,528,28,1,1,allocated
1084,1483,normal,0,0,65535_65535,0,4,197911,475,0,1,0,9,0,28,1,1,pre_allocation
1084,1483,normal,0,0,65535_65535,0,4,197911,528,1,1,1,10,528,28,1,1,allocated
1084,1483,normal,0,0,65535_65535,0,5,204845,475,0,1,0,9,0,28,1,1,pre_allocation
1084,1483,normal,0,0,65535_65535,0,5,204845,528,1,1,1,10,528,28,1,1,allocated
1084,1483,normal,0,0,65535_65535,0,1,175384,528,0,1,0,10,0,28,1,1,pre_allocation
1084,1483,normal,0,0,65535_65535,0,1,175384,581,1,1,1,11,581,28,1,1,allocated
1084,1483,normal,0,0,65535_65535,0,2,189513,528,0,1,0,10,0,28,1,1,pre_allocation
1084,1483,normal,0,0,65535_65535,0,2,189513,581,1,1,1,11,581,28,1,1,allocated
1084,1483,normal,0,0,65535_65535,0,3,190731,528,0,1,0,10,0,28,1,1,pre_allocation
1084,1483,normal,0,0,65535_65535,0,3,190731,581,1,1,1,11,581,28,1,1,allocated
1084,1483,normal,0,0,65535_65535,0,4,197911,528,0,1,0,10,0,28,1,1,pre_allocation
1084,1483,normal,0,0,65535_65535,0,4,197911,581,1,1,1,11,581,28,1,1,allocated
1084,1483,normal,0,0,65535_65535,0,5,204845,528,0,1,0,10,0,28,1,1,pre_allocation
1084,1483,normal,0,0,65535_65535,0,5,204845,581,1,1,1,11,581,28,1,1,allocated
1084,1483,normal,0,0,65535_65535,0,1,175384,581,0,1,0,11,0,28,1,1,pre_allocation
1084,1483,normal,0,0,65535_65535,0,1,175384,634,1,1,1,12,634,28,1,1,allocated
1084,1483,normal,0,0,65535_65535,0,2,189513,581,0,1,0,11,0,28,1,1,pre_allocation
1084,1483,normal,0,0,65535_65535,0,2,189513,634,1,1,1,12,634,28,1,1,allocated
1084,1483,normal,0,0,65535_65535,0,3,190731,581,0,1,0,11,0,28,1,1,pre_allocation
1084,1483,normal,0,0,65535_65535,0,3,190731,634,1,1,1,12,634,28,1,1,allocated
1084,1483,normal,0,0,65535_65535,0,4,197911,581,0,1,0,11,0,28,1,1,pre_allocation
1084,1483,normal,0,0,65535_65535,0,4,197911,634,1,1,1,12,634,28,1,1,allocated
1084,1483,normal,0,0,65535_65535,0,5,204845,581,0,1,0,11,0,28,1,1,pre_allocation
1084,1483,normal,0,0,65535_65535,0,5,204845,634,1,1,1,12,634,28,1,1,allocated
1084,1483,normal,0,0,65535_65535,0,1,175384,634,0,1,0,12,0,28,1,1,pre_allocation
1084,1483,normal,0,0,65535_65535,0,1,175384,687,1,1,1,13,687,28,1,1,allocated
1084,1483,normal,0,0,65535_65535,0,2,189513,634,0,1,0,12,0,28,1,1,pre_allocation
1084,1483,normal,0,0,65535_65535,0,2,189513,687,1,1,1,13,687,28,1,1,allocated
1084,1483,normal,0,0,65535_65535,0,3,190731,634,0,1,0,12,0,28,1,1,pre_allocation
1084,1483,normal,0,0,65535_65535,0,3,190731,687,1,1,1,13,687,28,1,1,allocated
1084,1483,normal,0,0,65535_65535,0,4,197911,634,0,1,0,12,0,28,1,1,pre_allocation
1084,1483,normal,0,0,65535_65535,0,4,197911,687,1,1,1,13,687,28,1,1,allocated
1084,1483,normal,0,0,65535_65535,0,5,204845,634,0,1,0,12,0,28,1,1,pre_allocation
1084,1483,normal,0,0,65535_65535,0,5,204845,687,1,1,1,13,687,28,1,1,allocated
1084,1483,normal,0,0,65535_65535,0,1,175384,687,0,1,0,13,0,28,1,1,pre_allocation
1084,1483,normal,0,0,65535_65535,0,1,175384,740,1,1,1,14,740,28,1,1,allocated
1084,1483,normal,0,0,65535_65535,0,2,189513,687,0,1,0,13,0,28,1,1,pre_allocation
1084,1483,normal,0,0,65535_65535,0,2,189513,740,1,1,1,14,740,28,1,1,allocated
1084,1483,normal,0,0,65535_65535,0,3,190731,687,0,1,0,13,0,28,1,1,pre_allocation
1084,1483,normal,0,0,65535_65535,0,3,190731,740,1,1,1,14,740,28,1,1,allocated
1084,1483,normal,0,0,65535_65535,0,4,197911,687,0,1,0,13,0,28,1,1,pre_allocation
1084,1483,normal,0,0,65535_65535,0,4,197911,740,1,1,1,14,740,28,1,1,allocated
1084,1483,normal,0,0,65535_65535,0,5,204845,687,0,1,0,13,0,28,1,1,pre_allocation
1084,1483,normal,0,0,65535_65535,0,5,204845,740,1,1,1,14,740,28,1,1,allocated
1084,1483,normal,0,0,65535_65535,0,1,175384,740,0,1,0,14,0,28,1,1,pre_allocation
1084,1483,normal,0,0,65535_65535,0,1,175384,793,1,1,1,15,793,28,1,1,allocated
1084,1483,normal,0,0,65535_65535,0,2,189513,740,0,1,0,14,0,28,1,1,pre_allocation
1084,1483,normal,0,0,65535_65535,0,2,189513,793,1,1,1,15,793,28,1,1,allocated
1084,1483,normal,0,0,65535_65535,0,3,190731,740,0,1,0,14,0,28,1,1,pre_allocation
1084,1483,normal,0,0,65535_65535,0,3,190731,793,1,1,1,15,793,28,1,1,allocated
1084,1483,normal,0,0,65535_65535,0,4,197911,740,0,1,0,14,0,28,1,1,pre_allocation
1084,1483,normal,0,0,65535_65535,0,4,197911,793,1,1,1,15,793,28,1,1,allocated
1084,1483,normal,0,0,65535_65535,0,5,204845,740,0,1,0,14,0,28,1,1,pre_allocation
1084,1483,normal,0,0,65535_65535,0,5,204845,793,1,1,1,15,793,28,1,1,allocated
1084,1483,normal,0,0,65535_65535,0,1,175384,793,0,1,0,15,0,28,1,1,pre_allocation
1084,1483,normal,0,0,65535_65535,0,1,175384,847,1,1,1,16,847,28,1,1,allocated
1084,1483,normal,0,0,65535_65535,0,2,189513,793,0,1,0,15,0,28,1,1,pre_allocation
1084,1483,normal,0,0,65535_65535,0,2,189513,847,1,1,1,16,847,28,1,1,allocated
1084,1483,normal,0,0,65535_65535,0,3,190731,793,0,1,0,15,0,28,1,1,pre_allocation
1084,1483,normal,0,0,65535_65535,0,3,190731,847,1,1,1,16,847,28,1,1,allocated
1084,1483,normal,0,0,65535_65535,0,4,197911,793,0,1,0,15,0,28,1,1,pre_allocation
1084,1483,normal,0,0,65535_65535,0,4,197911,847,1,1,1,16,847,28,1,1,allocated
1084,1483,normal,0,0,65535_65535,0,5,204845,793,0,1,0,15,0,28,1,1,pre_allocation
1084,1483,normal,0,0,65535_65535,0,5,204845,847,1,1,1,16,847,28,1,1,allocated
1084,1483,normal,0,0,65535_65535,0,1,175384,847,0,1,0,16,0,28,1,1,pre_allocation
1084,1483,normal,0,0,65535_65535,0,1,175384,900,1,1,1,17,900,28,1,1,allocated
1084,1483,normal,0,0,65535_65535,0,2,189513,847,0,1,0,16,0,28,1,1,pre_allocation
1084,1483,normal,0,0,65535_65535,0,2,189513,900,1,1,1,17,900,28,1,1,allocated
1084,1483,normal,0,0,65535_65535,0,3,190731,847,0,1,0,16,0,28,1,1,pre_allocation
1084,1483,normal,0,0,65535_65535,0,3,190731,900,1,1,1,17,900,28,1,1,allocated
1084,1483,normal,0,0,65535_65535,0,4,197911,847,0,1,0,16,0,28,1,1,pre_allocation
1084,1483,normal,0,0,65535_65535,0,4,197911,900,1,1,1,17,900,28,1,1,allocated
1084,1483,normal,0,0,65535_65535,1,7,415,0,0,1,0,0,0,15,1,1,pre_allocation
1084,1483,normal,0,0,65535_65535,1,7,415,17,1,1,1,1,17,15,1,1,allocated
1084,1483,normal,0,0,65535_65535,1,8,87,0,0,1,0,0,0,28,1,1,pre_allocation
1084,1483,normal,0,0,65535_65535,1,8,87,50,1,1,1,1,50,28,1,1,allocated
1084,1483,normal,0,0,65535_65535,1,9,87,0,0,1,0,0,0,28,1,1,pre_allocation
1084,1483,normal,0,0,65535_65535,1,9,87,50,1,1,1,1,50,28,1,1,allocated
1084,1483,normal,0,0,65535_65535,1,10,87,0,0,1,0,0,0,28,1,1,pre_allocation
1084,1483,normal,0,0,65535_65535,1,10,87,50,1,1,1,1,50,28,1,1,allocated
1084,1483,normal,0,0,65535_65535,1,7,415,17,0,1,0,1,0,15,1,1,pre_allocation
1084,1483,normal,0,0,65535_65535,1,7,415,38,1,1,1,2,38,15,1,1,allocated
1084,1483,normal,0,0,65535_65535,1,8,87,50,0,1,0,1,0,28,1,1,pre_allocation
1084,1483,normal,0,0,65535_65535,1,8,87,103,1,1,1,2,103,28,1,1,allocated
1084,1483,normal,0,0,65535_65535,1,9,87,50,0,1,0,1,0,28,1,1,pre_allocation
1084,1483,normal,0,0,65535_65535,1,9,87,103,1,1,1,2,103,28,1,1,allocated
1084,1483,normal,0,0,65535_65535,1,10,87,50,0,1,0,1,0,28,1,1,pre_allocation
1084,1483,normal,0,0,65535_65535,1,10,87,103,1,1,1,2,103,28,1,1,allocated
1084,1483,normal,0,0,65535_65535,1,7,415,38,0,1,0,2,0,15,1,1,pre_allocation
1084,1483,normal,0,0,65535_65535,1,7,415,59,1,1,1,3,59,15,1,1,allocated
1084,1483,normal,0,0,65535_65535,1,8,87,103,0,1,0,2,0,28,1,1,pre_allocation
1084,1483,normal,0,0,65535_65535,1,8,87,156,1,1,1,3,156,28,1,1,allocated
1084,1483,normal,0,0,65535_65535,1,9,87,103,0,1,0,2,0,28,1,1,pre_allocation
1084,1483,normal,0,0,65535_65535,1,9,87,156,1,1,1,3,156,28,1,1,allocated
1084,1483,normal,0,0,65535_65535,1,10,87,103,0,1,0,2,0,28,1,1,pre_allocation
1084,1483,normal,0,0,65535_65535,1,10,87,156,1,1,1,3,156,28,1,1,allocated
1084,1483,normal,0,0,65535_65535,1,7,415,59,0,1,0,3,0,15,1,1,pre_allocation
1084,1483,normal,0,0,65535_65535,1,7,415,80,1,1,1,4,80,15,1,1,allocated
1084,1483,normal,0,0,65535_65535,1,8,87,156,0,1,0,3,0,28,1,1,pre_allocation
1084,1483,normal,0,0,65535_65535,1,8,87,209,1,1,1,4,209,28,1,1,allocated
1084,1483,normal,0,0,65535_65535,1,9,87,156,0,1,0,3,0,28,1,1,pre_allocation
1084,1483,normal,0,0,65535_65535,1,9,87,209,1,1,1,4,209,28,1,1,allocated
1084,1483,normal,0,0,65535_65535,1,10,87,156,0,1,0,3,0,28,1,1,pre_allocation
1084,1483,normal,0,0,65535_65535,1,10,87,209,1,1,1,4,209,28,1,1,allocated
1084,1483,normal,0,0,65535_65535,1,7,415,80,0,1,0,4,0,15,1,1,pre_allocation
1084,1483,normal,0,0,65535_65535,1,7,415,100,1,1,1,5,100,15,1,1,allocated
1084,1483,normal,0,0,65535_65535,1,8,87,209,0,1,0,4,0,28,1,1,pre_allocation
1084,1483,normal,0,0,65535_65535,1,8,87,262,1,1,1,5,262,28,1,1,allocated
1084,1483,normal,0,0,65535_65535,1,9,87,209,0,1,0,4,0,28,1,1,pre_allocation
1084,1483,normal,0,0,65535_65535,1,9,87,262,1,1,1,5,262,28,1,1,allocated
1084,1483,normal,0,0,65535_65535,1,10,87,209,0,1,0,4,0,28,1,1,pre_allocation
1084,1483,normal,0,0,65535_65535,1,10,87,262,1,1,1,5,262,28,1,1,allocated
1084,1483,normal,0,0,65535_65535,1,7,415,100,0,1,0,5,0,15,1,1,pre_allocation
1084,1483,normal,0,0,65535_65535,1,7,415,121,1,1,1,6,121,15,1,1,allocated
1084,1483,normal,0,0,65535_65535,1,8,87,262,0,1,0,5,0,28,1,1,pre_allocation
1084,1483,normal,0,0,65535_65535,1,8,87,315,1,1,1,6,315,28,1,1,allocated
1084,1483,normal,0,0,65535_65535,1,9,87,262,0,1,0,5,0,28,1,1,pre_allocation
1084,1483,normal,0,0,65535_65535,1,9,87,315,1,1,1,6,315,28,1,1,allocated
1084,1483,normal,0,0,65535_65535,1,10,87,262,0,1,0,5,0,28,1,1,pre_allocation
1084,1483,normal,0,0,65535_65535,1,10,87,315,1,1,1,6,315,28,1,1,allocated
1084,1483,normal,0,0,65535_65535,1,7,415,121,0,1,0,6,0,15,1,1,pre_allocation
1084,1483,normal,0,0,65535_65535,1,7,415,142,1,1,1,7,142,15,1,1,allocated
1084,1483,normal,0,0,65535_65535,1,8,87,315,0,1,0,6,0,28,1,1,pre_allocation
1084,1483,normal,0,0,65535_65535,1,8,87,368,1,1,1,7,368,28,1,1,allocated
1084,1483,normal,0,0,65535_65535,1,9,87,315,0,1,0,6,0,28,1,1,pre_allocation
1084,1483,normal,0,0,65535_65535,1,9,87,368,1,1,1,7,368,28,1,1,allocated
1084,1483,normal,0,0,65535_65535,1,10,87,315,0,1,0,6,0,28,1,1,pre_allocation
1084,1483,normal,0,0,65535_65535,1,10,87,368,1,1,1,7,368,28,1,1,allocated
1084,1483,normal,0,0,65535_65535,1,7,415,142,0,1,0,7,0,15,1,1,pre_allocation
1084,1483,normal,0,0,65535_65535,1,7,415,163,1,1,1,8,163,15,1,1,allocated
1084,1483,normal,0,0,65535_65535,1,8,87,368,0,1,0,7,0,28,1,1,pre_allocation
1084,1483,normal,0,0,65535_65535,1,8,87,422,1,1,1,8,422,28,1,1,allocated
1084,1483,normal,0,0,65535_65535,1,9,87,368,0,1,0,7,0,28,1,1,pre_allocation
1084,1483,normal,0,0,65535_65535,1,9,87,422,1,1,1,8,422,28,1,1,allocated
1084,1483,normal,0,0,65535_65535,1,10,87,368,0,1,0,7,0,28,1,1,pre_allocation
1084,1483,normal,0,0,65535_65535,1,10,87,422,1,1,1,8,422,28,1,1,allocated
1084,1483,normal,0,0,65535_65535,1,7,415,163,0,1,0,8,0,15,1,1,pre_allocation
1084,1483,normal,0,0,65535_65535,1,7,415,184,1,1,1,9,184,15,1,1,allocated
1084,1483,normal,0,0,65535_65535,1,8,87,422,0,1,0,8,0,28,1,1,pre_allocation
1084,1483,normal,0,0,65535_65535,1,8,87,475,1,1,1,9,475,28,1,1,allocated
1084,1483,normal,0,0,65535_65535,1,9,87,422,0,1,0,8,0,28,1,1,pre_allocation
1084,1483,normal,0,0,65535_65535,1,9,87,475,1,1,1,9,475,28,1,1,allocated
1084,1483,normal,0,0,65535_65535,1,10,87,422,0,1,0,8,0,28,1,1,pre_allocation
1084,1483,normal,0,0,65535_65535,1,10,87,475,1,1,1,9,475,28,1,1,allocated
1084,1483,normal,0,0,65535_65535,1,7,415,184,0,1,0,9,0,15,1,1,pre_allocation
1084,1483,normal,0,0,65535_65535,1,7,415,204,1,1,1,10,204,15,1,1,allocated
1084,1483,normal,0,0,65535_65535,1,8,87,475,0,1,0,9,0,28,1,1,pre_allocation
1084,1483,normal,0,0,65535_65535,1,8,87,528,1,1,1,10,528,28,1,1,allocated
1084,1483,normal,0,0,65535_65535,1,9,87,475,0,1,0,9,0,28,1,1,pre_allocation
1084,1483,normal,0,0,65535_65535,1,9,87,528,1,1,1,10,528,28,1,1,allocated
1084,1483,normal,0,0,65535_65535,1,10,87,475,0,1,0,9,0,28,1,1,pre_allocation
1084,1483,normal,0,0,65535_65535,1,10,87,528,1,1,1,10,528,28,1,1,allocated
1084,1483,normal,0,0,65535_65535,1,7,415,204,0,1,0,10,0,15,1,1,pre_allocation
1084,1483,normal,0,0,65535_65535,1,7,415,225,1,1,1,11,225,15,1,1,allocated
1084,1483,normal,0,0,65535_65535,1,8,87,528,0,1,0,10,0,28,1,1,pre_allocation
1084,1483,normal,0,0,65535_65535,1,8,87,581,1,1,1,11,581,28,1,1,allocated
1084,1483,normal,0,0,65535_65535,1,9,87,528,0,1,0,10,0,28,1,1,pre_allocation
1084,1483,normal,0,0,65535_65535,1,9,87,581,1,1,1,11,581,28,1,1,allocated
1084,1483,normal,0,0,65535_65535,1,10,87,528,0,1,0,10,0,28,1,1,pre_allocation
1084,1483,normal,0,0,65535_65535,1,10,87,581,1,1,1,11,581,28,1,1,allocated
1084,1483,normal,0,0,65535_65535,1,7,415,225,0,1,0,11,0,15,1,1,pre_allocation
1084,1483,normal,0,0,65535_65535,1,7,415,246,1,1,1,12,246,15,1,1,allocated
1084,1483,normal,0,0,65535_65535,1,8,87,581,0,1,0,11,0,28,1,1,pre_allocation
1084,1483,normal,0,0,65535_65535,1,8,87,634,1,1,1,12,634,28,1,1,allocated
1084,1483,normal,0,0,65535_65535,1,9,87,581,0,1,0,11,0,28,1,1,pre_allocation
1084,1483,normal,0,0,65535_65535,1,9,87,634,1,1,1,12,634,28,1,1,allocated
1084,1483,normal,0,0,65535_65535,1,10,87,581,0,1,0,11,0,28,1,1,pre_allocation
1084,1483,normal,0,0,65535_65535,1,10,87,634,1,1,1,12,634,28,1,1,allocated
1084,1483,normal,0,0,65535_65535,1,7,415,246,0,1,0,12,0,15,1,1,pre_allocation
1084,1483,normal,0,0,65535_65535,1,7,415,267,1,1,1,13,267,15,1,1,allocated
1084,1483,normal,0,0,65535_65535,1,8,87,634,0,1,0,12,0,28,1,1,pre_allocation
1084,1483,normal,0,0,65535_65535,1,8,87,687,1,1,1,13,687,28,1,1,allocated
1084,1483,normal,0,0,65535_65535,1,9,87,634,0,1,0,12,0,28,1,1,pre_allocation
1084,1483,normal,0,0,65535_65535,1,9,87,687,1,1,1,13,687,28,1,1,allocated
1084,1483,normal,0,0,65535_65535,1,10,87,634,0,1,0,12,0,28,1,1,pre_allocation
1084,1483,normal,0,0,65535_65535,1,10,87,687,1,1,1,13,687,28,1,1,allocated
1084,1483,normal,0,0,65535_65535,1,7,415,267,0,1,0,13,0,15,1,1,pre_allocation
1084,1483,normal,0,0,65535_65535,1,7,415,288,1,1,1,14,288,15,1,1,allocated
1084,1483,normal,0,0,65535_65535,1,8,87,687,0,1,0,13,0,28,1,1,pre_allocation
1084,1483,normal,0,0,65535_65535,1,8,87,740,1,1,1,14,740,28,1,1,allocated
1084,1483,normal,0,0,65535_65535,1,9,87,687,0,1,0,13,0,28,1,1,pre_allocation
1084,1483,normal,0,0,65535_65535,1,9,87,740,1,1,1,14,740,28,1,1,allocated
1084,1483,normal,0,0,65535_65535,1,10,87,687,0,1,0,13,0,28,1,1,pre_allocation
1084,1483,normal,0,0,65535_65535,1,10,87,740,1,1,1,14,740,28,1,1,allocated
1084,1483,normal,0,0,65535_65535,1,7,415,288,0,1,0,14,0,15,1,1,pre_allocation
1084,1483,normal,0,0,65535_65535,1,7,415,308,1,1,1,15,308,15,1,1,allocated
1084,1483,normal,0,0,65535_65535,1,8,87,740,0,1,0,14,0,28,1,1,pre_allocation
1084,1483,normal,0,0,65535_65535,1,8,87,793,1,1,1,15,793,28,1,1,allocated
1084,1483,normal,0,0,65535_65535,1,9,87,740,0,1,0,14,0,28,1,1,pre_allocation
1084,1483,normal,0,0,65535_65535,1,9,87,793,1,1,1,15,793,28,1,1,allocated
1084,1483,normal,0,0,65535_65535,1,10,87,740,0,1,0,14,0,28,1,1,pre_allocation
1084,1483,normal,0,0,65535_65535,1,10,87,793,1,1,1,15,793,28,1,1,allocated
1084,1483,normal,0,0,65535_65535,1,7,415,308,0,1,0,15,0,15,1,1,pre_allocation
1084,1483,normal,0,0,65535_65535,1,7,415,329,1,1,1,16,329,15,1,1,allocated
1084,1483,normal,0,0,65535_65535,1,8,87,793,0,1,0,15,0,28,1,1,pre_allocation
1084,1483,normal,0,0,65535_65535,1,8,87,847,1,1,1,16,847,28,1,1,allocated
1084,1483,normal,0,0,65535_65535,1,9,87,793,0,1,0,15,0,28,1,1,pre_allocation
1084,1483,normal,0,0,65535_65535,1,9,87,847,1,1,1,16,847,28,1,1,allocated
1084,1483,normal,0,0,65535_65535,1,10,87,793,0,1,0,15,0,28,1,1,pre_allocation
1084,1483,normal,0,0,65535_65535,1,10,87,847,1,1,1,16,847,28,1,1,allocated
1084,1483,normal,0,0,65535_65535,1,7,415,329,0,1,0,16,0,15,1,1,pre_allocation
1084,1483,normal,0,0,65535_65535,1,7,415,350,1,1,1,17,350,15,1,1,allocated
1084,1483,normal,0,0,65535_65535,1,8,87,847,0,1,0,16,0,28,1,1,pre_allocation
1084,1483,normal,0,0,65535_65535,1,8,87,900,1,1,1,17,900,28,1,1,allocated
1084,1483,normal,0,0,65535_65535,1,9,87,847,0,1,0,16,0,28,1,1,pre_allocation
1084,1483,normal,0,0,65535_65535,1,9,87,900,1,1,1,17,900,28,1,1,allocated
1084,1483,normal,0,0,65535_65535,1,10,87,847,0,1,0,16,0,28,1,1,pre_allocation
1084,1483,normal,0,0,65535_65535,1,10,87,900,1,1,1,17,900,28,1,1,allocated
1084,1483,normal,0,0,65535_65535,1,7,415,350,0,1,0,17,0,15,1,1,pre_allocation
1084,1483,normal,0,0,65535_65535,1,7,415,371,1,1,1,18,371,15,1,1,allocated
1084,1483,normal,0,0,65535_65535,1,8,87,900,0,1,0,17,0,28,1,1,pre_allocation
1084,1483,normal,0,0,65535_65535,1,8,87,953,1,1,1,18,953,28,1,1,allocated
1084,1483,normal,0,0,65535_65535,1,9,87,900,0,1,0,17,0,28,1,1,pre_allocation
1084,1483,normal,0,0,65535_65535,1,9,87,953,1,1,1,18,953,28,1,1,allocated
1084,1483,normal,0,0,65535_65535,1,10,87,900,0,1,0,17,0,28,1,1,pre_allocation
1084,1483,normal,0,0,65535_65535,1,10,87,953,1,1,1,18,953,28,1,1,allocated
1084,1483,normal,0,0,65535_65535,1,7,415,371,0,1,0,18,0,15,1,1,pre_allocation
1084,1483,normal,0,0,65535_65535,1,7,415,392,1,1,1,19,392,15,1,1,allocated
1084,1483,normal,0,0,65535_65535,1,8,87,953,0,1,0,18,0,28,1,1,pre_allocation
1084,1483,normal,0,0,65535_65535,1,8,87,1006,1,1,1,19,1006,28,1,1,allocated
1084,1483,normal,0,0,65535_65535,1,9,87,953,0,1,0,18,0,28,1,1,pre_allocation
1084,1483,normal,0,0,65535_65535,1,9,87,1006,1,1,1,19,1006,28,1,1,allocated
1084,1483,normal,0,0,65535_65535,1,10,87,953,0,1,0,18,0,28,1,1,pre_allocation
1084,1483,normal,0,0,65535_65535,1,10,87,1006,1,1,1,19,1006,28,1,1,allocated
1084,1483,normal,0,0,65535_65535,1,7,415,392,0,1,0,19,0,15,1,1,pre_allocation
1084,1483,normal,0,0,65535_65535,1,7,415,412,1,1,1,20,412,15,1,1,allocated
1084,1483,normal,0,0,65535_65535,1,8,87,1006,0,1,0,19,0,28,1,1,pre_allocation
1084,1483,normal,0,0,65535_65535,1,8,87,1059,1,1,1,20,1059,28,1,1,allocated
1084,1483,normal,0,0,65535_65535,1,9,87,1006,0,1,0,19,0,28,1,1,pre_allocation
1084,1483,normal,0,0,65535_65535,1,9,87,1059,1,1,1,20,1059,28,1,1,allocated
1084,1483,normal,0,0,65535_65535,1,10,87,1006,0,1,0,19,0,28,1,1,pre_allocation
1084,1483,normal,0,0,65535_65535,1,10,87,1059,1,1,1,20,1059,28,1,1,allocated
1084,1483,normal,0,0,65535_65535,1,7,415,412,0,1,0,20,0,15,1,1,pre_allocation
1084,1483,normal,0,0,65535_65535,1,7,415,433,1,1,1,21,433,15,1,1,allocated
1084,1483,normal,0,0,65535_65535,1,8,87,1059,0,1,0,20,0,28,1,1,pre_allocation
1084,1483,normal,0,0,65535_65535,1,8,87,1112,1,1,1,21,1112,28,1,1,allocated
1084,1483,normal,0,0,65535_65535,1,9,87,1059,0,1,0,20,0,28,1,1,pre_allocation
1084,1483,normal,0,0,65535_65535,1,9,87,1112,1,1,1,21,1112,28,1,1,allocated
1084,1483,normal,0,0,65535_65535,1,10,87,1059,0,1,0,20,0,28,1,1,pre_allocation
1084,1483,normal,0,0,65535_65535,1,10,87,1112,1,1,1,21,1112,28,1,1,allocated
1084,1483,normal,0,0,65535_65535,1,7,415,433,0,1,0,21,0,15,1,1,pre_allocation
1084,1483,normal,0,0,65535_65535,1,7,415,454,1,1,1,22,454,15,1,1,allocated
1084,1483,normal,0,0,65535_65535,1,8,87,1112,0,1,0,21,0,28,1,1,pre_allocation
1084,1483,normal,0,0,65535_65535,1,8,87,1165,1,1,1,22,1165,28,1,1,allocated
1084,1483,normal,0,0,65535_65535,1,9,87,1112,0,1,0,21,0,28,1,1,pre_allocation
1084,1483,normal,0,0,65535_65535,1,9,87,1165,1,1,1,22,1165,28,1,1,allocated
1084,1483,normal,0,0,65535_65535,1,10,87,1112,0,1,0,21,0,28,1,1,pre_allocation
1084,1483,normal,0,0,65535_65535,1,10,87,1165,1,1,1,22,1165,28,1,1,allocated
1084,1483,normal,0,0,65535_65535,1,7,415,454,0,1,0,22,0,15,1,1,pre_allocation
1084,1483,normal,0,0,65535_65535,1,7,415,475,1,1,1,23,475,15,1,1,allocated
1084,1483,normal,0,0,65535_65535,1,8,87,1165,0,1,0,22,0,28,1,1,pre_allocation
1084,1483,normal,0,0,65535_65535,1,8,87,1218,1,1,1,23,1218,28,1,1,allocated
1084,1483,normal,0,0,65535_65535,1,9,87,1165,0,1,0,22,0,28,1,1,pre_allocation
1084,1483,normal,0,0,65535_65535,1,9,87,1218,1,1,1,23,1218,28,1,1,allocated
1084,1483,normal,0,0,65535_65535,1,10,87,1165,0,1,0,22,0,28,1,1,pre_allocation
1084,1483,normal,0,0,65535_65535,1,10,87,1218,1,1,1,23,1218,28,1,1,allocated
1084,1483,normal,0,0,65535_65535,1,7,415,475,0,1,0,23,0,15,1,1,pre_allocation
1084,1483,normal,0,0,65535_65535,1,7,415,495,1,1,1,24,495,15,1,1,allocated
1084,1483,normal,0,0,65535_65535,1,8,87,1218,0,1,0,23,0,28,1,1,pre_allocation
1084,1483,normal,0,0,65535_65535,1,8,87,1272,1,1,1,24,1272,28,1,1,allocated
1084,1483,normal,0,0,65535_65535,1,9,87,1218,0,1,0,23,0,28,1,1,pre_allocation
1084,1483,normal,0,0,65535_65535,1,9,87,1272,1,1,1,24,1272,28,1,1,allocated
1084,1483,normal,0,0,65535_65535,1,10,87,1218,0,1,0,23,0,28,1,1,pre_allocation
1084,1483,normal,0,0,65535_65535,1,10,87,1272,1,1,1,24,1272,28,1,1,allocated
1084,1483,normal,0,0,65535_65535,1,7,415,495,0,1,0,24,0,15,1,1,pre_allocation
1084,1483,normal,0,0,65535_65535,1,7,415,516,1,1,1,25,516,15,1,1,allocated
1084,1483,normal,0,0,65535_65535,1,8,87,1272,0,1,0,24,0,28,1,1,pre_allocation
1084,1483,normal,0,0,65535_65535,1,8,87,1325,1,1,1,25,1325,28,1,1,allocated
1084,1483,normal,0,0,65535_65535,1,9,87,1272,0,1,0,24,0,28,1,1,pre_allocation
1084,1483,normal,0,0,65535_65535,1,9,87,1325,1,1,1,25,1325,28,1,1,allocated
1084,1483,normal,0,0,65535_65535,1,10,87,1272,0,1,0,24,0,28,1,1,pre_allocation
1084,1483,normal,0,0,65535_65535,1,10,87,1325,1,1,1,25,1325,28,1,1,allocated
1084,1483,normal,0,0,65535_65535,1,7,415,516,0,1,0,25,0,15,1,1,pre_allocation
1084,1483,normal,0,0,65535_65535,1,7,415,537,1,1,1,26,537,15,1,1,allocated
1084,1483,normal,0,0,65535_65535,1,8,87,1325,0,1,0,25,0,28,1,1,pre_allocation
1084,1483,normal,0,0,65535_65535,1,8,87,1378,1,1,1,26,1378,28,1,1,allocated
1084,1483,normal,0,0,65535_65535,1,9,87,1325,0,1,0,25,0,28,1,1,pre_allocation
1084,1483,normal,0,0,65535_65535,1,9,87,1378,1,1,1,26,1378,28,1,1,allocated
1084,1483,normal,0,0,65535_65535,1,10,87,1325,0,1,0,25,0,28,1,1,pre_allocation
1084,1483,normal,0,0,65535_65535,1,10,87,1378,1,1,1,26,1378,28,1,1,allocated
1084,1483,normal,0,0,65535_65535,1,7,415,537,0,1,0,26,0,15,1,1,pre_allocation
1084,1483,normal,0,0,65535_65535,1,7,415,558,1,1,1,27,558,15,1,1,allocated
1084,1483,normal,0,0,65535_65535,1,8,87,1378,0,1,0,26,0,28,1,1,pre_allocation
1084,1483,normal,0,0,65535_65535,1,8,87,1431,1,1,1,27,1431,28,1,1,allocated
1084,1483,normal,0,0,65535_65535,1,9,87,1378,0,1,0,26,0,28,1,1,pre_allocation
1084,1483,normal,0,0,65535_65535,1,9,87,1431,1,1,1,27,1431,28,1,1,allocated
1084,1483,normal,0,0,65535_65535,1,10,87,1378,0,1,0,26,0,28,1,1,pre_allocation
1084,1483,normal,0,0,65535_65535,1,10,87,1431,1,1,1,27,1431,28,1,1,allocated
1084,1483,normal,0,0,65535_65535,1,7,415,558,0,1,0,27,0,15,1,1,pre_allocation
1084,1483,normal,0,0,65535_65535,1,7,415,579,1,1,1,28,579,15,1,1,allocated
1084,1483,normal,0,0,65535_65535,1,8,87,1431,0,1,0,27,0,28,1,1,pre_allocation
1084,1483,normal,0,0,65535_65535,1,8,87,1484,1,1,1,28,1484,28,1,1,allocated
1084,1483,normal,0,0,65535_65535,1,9,87,1431,0,1,0,27,0,28,1,1,pre_allocation
1084,1483,normal,0,0,65535_65535,1,9,87,1484,1,1,1,28,1484,28,1,1,allocated
1084,1483,normal,0,0,65535_65535,1,10,87,1431,0,1,0,27,0,28,1,1,pre_allocation
1084,1483,normal,0,0,65535_65535,1,10,87,1484,1,1,1,28,1484,28,1,1,allocated
1084,1483,normal,0,0,65535_65535,1,7,415,579,0,1,0,28,0,15,1,1,pre_allocation
1084,1483,normal,0,0,65535_65535,1,7,415,599,1,1,1,29,599,15,1,1,allocated
1084,1483,normal,0,0,65535_65535,1,8,87,1484,0,1,0,28,0,28,1,1,pre_allocation
1084,1483,normal,0,0,65535_65535,1,8,87,1534,1,1,1,29,1534,28,1,1,allocated
1084,1483,normal,0,0,65535_65535,1,9,87,1484,0,1,0,28,0,28,1,1,pre_allocation
1084,1483,normal,0,0,65535_65535,1,9,87,1534,1,1,1,29,1534,28,1,1,allocated
1084,1483,normal,0,0,65535_65535,1,10,87,1484,0,1,0,28,0,28,1,1,pre_allocation
1084,1483,normal,0,0,65535_65535,1,10,87,1534,1,1,1,29,1534,28,1,1,allocated
1084,1483,normal,0,0,65535_65535,1,7,415,599,0,1,0,29,0,15,1,1,pre_allocation
1084,1483,normal,0,0,65535_65535,1,7,415,620,1,1,1,30,620,15,1,1,allocated
1084,1483,normal,0,0,65535_65535,1,8,87,1534,0,1,0,29,0,28,1,1,pre_allocation
1084,1483,normal,0,0,65535_65535,1,8,87,1587,1,1,1,30,1587,28,1,1,allocated
1084,1483,normal,0,0,65535_65535,1,9,87,1534,0,1,0,29,0,28,1,1,pre_allocation
1084,1483,normal,0,0,65535_65535,1,9,87,1587,1,1,1,30,1587,28,1,1,allocated
1084,1483,normal,0,0,65535_65535,1,10,87,1534,0,1,0,29,0,28,1,1,pre_allocation
1084,1483,normal,0,0,65535_65535,1,10,87,1587,1,1,1,30,1587,28,1,1,allocated
1084,1483,normal,0,0,65535_65535,2,26,137,0,0,1,0,0,0,28,1,1,pre_allocation
1084,1483,normal,0,0,65535_65535,2,26,137,50,1,1,1,1,50,28,1,1,allocated
1084,1483,normal,0,0,65535_65535,2,25,870,0,0,1,0,0,0,15,1,1,pre_allocation
1084,1483,normal,0,0,65535_65535,2,25,870,17,1,1,1,1,17,15,1,1,allocated
1084,1483,normal,0,0,65535_65535,2,24,137,0,0,1,0,0,0,28,1,1,pre_allocation
1084,1483,normal,0,0,65535_65535,2,24,137,50,1,1,1,1,50,28,1,1,allocated
1084,1483,normal,0,0,65535_65535,2,21,401,0,0,1,0,0,0,15,1,1,pre_allocation
1084,1483,normal,0,0,65535_65535,2,21,401,17,1,1,1,1,17,15,1,1,allocated
1084,1483,normal,0,0,65535_65535,2,11,137,0,0,1,0,0,0,8,1,1,pre_allocation
1084,1483,normal,0,0,65535_65535,2,11,137,5,1,1,1,1,5,8,1,1,allocated
1084,1483,normal,0,0,65535_65535,2,12,137,0,0,1,0,0,0,28,1,1,pre_allocation
1084,1483,normal,0,0,65535_65535,2,12,137,50,1,1,1,1,50,28,1,1,allocated
1084,1483,normal,0,0,65535_65535,2,13,137,0,0,1,0,0,0,10,1,1,pre_allocation
1084,1483,normal,0,0,65535_65535,2,13,137,8,1,1,1,1,8,10,1,1,allocated
1084,1483,normal,0,0,65535_65535,2,26,137,50,0,1,0,1,0,28,1,1,pre_allocation
1084,1483,normal,0,0,65535_65535,2,26,137,103,1,1,1,2,103,28,1,1,allocated
1084,1483,normal,0,0,65535_65535,2,25,870,17,0,1,0,1,0,15,1,1,pre_allocation
1084,1483,normal,0,0,65535_65535,2,25,870,38,1,1,1,2,38,15,1,1,allocated
1084,1483,normal,0,0,65535_65535,2,24,137,50,0,1,0,1,0,28,1,1,pre_allocation
1084,1483,normal,0,0,65535_65535,2,24,137,103,1,1,1,2,103,28,1,1,allocated
1084,1483,normal,0,0,65535_65535,2,21,401,17,0,1,0,1,0,15,1,1,pre_allocation
1084,1483,normal,0,0,65535_65535,2,21,401,38,1,1,1,2,38,15,1,1,allocated
1084,1483,normal,0,0,65535_65535,2,11,137,5,0,1,0,1,0,8,1,1,pre_allocation
1084,1483,normal,0,0,65535_65535,2,11,137,13,1,1,1,2,13,8,1,1,allocated
1084,1483,normal,0,0,65535_65535,2,12,137,50,0,1,0,1,0,28,1,1,pre_allocation
1084,1483,normal,0,0,65535_65535,2,12,137,103,1,1,1,2,103,28,1,1,allocated
1084,1483,normal,0,0,65535_65535,2,13,137,8,0,1,0,1,0,10,1,1,pre_allocation
1084,1483,normal,0,0,65535_65535,2,13,137,20,1,1,1,2,20,10,1,1,allocated
1084,1483,normal,0,0,65535_65535,2,26,137,103,0,1,0,2,0,28,1,1,pre_allocation
1084,1483,normal,0,0,65535_65535,2,26,137,156,1,1,1,3,156,28,1,1,allocated
1084,1483,normal,0,0,65535_65535,2,25,870,38,0,1,0,2,0,15,1,1,pre_allocation
1084,1483,normal,0,0,65535_65535,2,25,870,59,1,1,1,3,59,15,1,1,allocated
1084,1483,normal,0,0,65535_65535,2,24,137,103,0,1,0,2,0,28,1,1,pre_allocation
1084,1483,normal,0,0,65535_65535,2,24,137,156,1,1,1,3,156,28,1,1,allocated
1084,1483,normal,0,0,65535_65535,2,21,401,38,0,1,0,2,0,15,1,1,pre_allocation
1084,1483,normal,0,0,65535_65535,2,21,401,59,1,1,1,3,59,15,1,1,allocated
1084,1483,normal,0,0,65535_65535,2,11,137,13,0,1,0,2,0,8,1,1,pre_allocation
1084,1483,normal,0,0,65535_65535,2,11,137,22,1,1,1,3,22,8,1,1,allocated
1084,1483,normal,0,0,65535_65535,2,12,137,103,0,1,0,2,0,28,1,1,pre_allocation
1084,1483,normal,0,0,65535_65535,2,12,137,156,1,1,1,3,156,28,1,1,allocated
1084,1483,normal,0,0,65535_65535,2,13,137,20,0,1,0,2,0,10,1,1,pre_allocation
1084,1483,normal,0,0,65535_65535,2,13,137,31,1,1,1,3,31,10,1,1,allocated
1084,1483,normal,0,0,65535_65535,2,26,137,156,0,1,0,3,0,28,1,1,pre_allocation
1084,1483,normal,0,0,65535_65535,2,26,137,209,1,1,1,4,209,28,1,1,allocated
1084,1483,normal,0,0,65535_65535,2,25,870,59,0,1,0,3,0,15,1,1,pre_allocation
1084,1483,normal,0,0,65535_65535,2,25,870,80,1,1,1,4,80,15,1,1,allocated
1084,1483,normal,0,0,65535_65535,2,24,137,156,0,1,0,3,0,28,1,1,pre_allocation
1084,1483,normal,0,0,65535_65535,2,24,137,209,1,1,1,4,209,28,1,1,allocated
1084,1483,normal,0,0,65535_65535,2,21,401,59,0,1,0,3,0,15,1,1,pre_allocation
1084,1483,normal,0,0,65535_65535,2,21,401,80,1,1,1,4,80,15,1,1,allocated
1084,1483,normal,0,0,65535_65535,2,11,137,22,0,1,0,3,0,8,1,1,pre_allocation
1084,1483,normal,0,0,65535_65535,2,11,137,30,1,1,1,4,30,8,1,1,allocated
1084,1483,normal,0,0,65535_65535,2,12,137,156,0,1,0,3,0,28,1,1,pre_allocation
1084,1483,normal,0,0,65535_65535,2,12,137,209,1,1,1,4,209,28,1,1,allocated
1084,1483,normal,0,0,65535_65535,2,13,137,31,0,1,0,3,0,10,1,1,pre_allocation
1084,1483,normal,0,0,65535_65535,2,13,137,43,1,1,1,4,43,10,1,1,allocated
1084,1483,normal,0,0,65535_65535,2,26,137,209,0,1,0,4,0,28,1,1,pre_allocation
1084,1483,normal,0,0,65535_65535,2,26,137,262,1,1,1,5,262,28,1,1,allocated
1084,1483,normal,0,0,65535_65535,2,25,870,80,0,1,0,4,0,15,1,1,pre_allocation
1084,1483,normal,0,0,65535_65535,2,25,870,100,1,1,1,5,100,15,1,1,allocated
1084,1483,normal,0,0,65535_65535,2,24,137,209,0,1,0,4,0,28,1,1,pre_allocation
1084,1483,normal,0,0,65535_65535,2,24,137,262,1,1,1,5,262,28,1,1,allocated
1084,1483,normal,0,0,65535_65535,2,21,401,80,0,1,0,4,0,15,1,1,pre_allocation
1084,1483,normal,0,0,65535_65535,2,21,401,100,1,1,1,5,100,15,1,1,allocated
1084,1483,normal,0,0,65535_65535,2,11,137,30,0,1,0,4,0,8,1,1,pre_allocation
1084,1483,normal,0,0,65535_65535,2,11,137,39,1,1,1,5,39,8,1,1,allocated
1084,1483,normal,0,0,65535_65535,2,12,137,209,0,1,0,4,0,28,1,1,pre_allocation
1084,1483,normal,0,0,65535_65535,2,12,137,262,1,1,1,5,262,28,1,1,allocated
1084,1483,normal,0,0,65535_65535,2,13,137,43,0,1,0,4,0,10,1,1,pre_allocation
1084,1483,normal,0,0,65535_65535,2,13,137,54,1,1,1,5,54,10,1,1,allocated
1084,1483,normal,0,0,65535_65535,2,26,137,262,0,1,0,5,0,28,1,1,pre_allocation
1084,1483,normal,0,0,65535_65535,2,26,137,315,1,1,1,6,315,28,1,1,allocated
1084,1483,normal,0,0,65535_65535,2,25,870,100,0,1,0,5,0,15,1,1,pre_allocation
1084,1483,normal,0,0,65535_65535,2,25,870,121,1,1,1,6,121,15,1,1,allocated
1084,1483,normal,0,0,65535_65535,2,24,137,262,0,1,0,5,0,28,1,1,pre_allocation
1084,1483,normal,0,0,65535_65535,2,24,137,315,1,1,1,6,315,28,1,1,allocated
1084,1483,normal,0,0,65535_65535,2,21,401,100,0,1,0,5,0,15,1,1,pre_allocation
1084,1483,normal,0,0,65535_65535,2,21,401,121,1,1,1,6,121,15,1,1,allocated
1084,1483,normal,0,0,65535_65535,2,11,137,39,0,1,0,5,0,8,1,1,pre_allocation
1084,1483,normal,0,0,65535_65535,2,11,137,47,1,1,1,6,47,8,1,1,allocated
1084,1483,normal,0,0,65535_65535,2,12,137,262,0,1,0,5,0,28,1,1,pre_allocation
1084,1483,normal,0,0,65535_65535,2,12,137,315,1,1,1,6,315,28,1,1,allocated
1084,1483,normal,0,0,65535_65535,2,13,137,54,0,1,0,5,0,10,1,1,pre_allocation
1084,1483,normal,0,0,65535_65535,2,13,137,66,1,1,1,6,66,10,1,1,allocated
1084,1483,normal,0,0,65535_65535,2,26,137,315,0,1,0,6,0,28,1,1,pre_allocation
1084,1483,normal,0,0,65535_65535,2,26,137,368,1,1,1,7,368,28,1,1,allocated
1084,1483,normal,0,0,65535_65535,2,25,870,121,0,1,0,6,0,15,1,1,pre_allocation
1084,1483,normal,0,0,65535_65535,2,25,870,142,1,1,1,7,142,15,1,1,allocated
1084,1483,normal,0,0,65535_65535,2,24,137,315,0,1,0,6,0,28,1,1,pre_allocation
1084,1483,normal,0,0,65535_65535,2,24,137,368,1,1,1,7,368,28,1,1,allocated
1084,1483,normal,0,0,65535_65535,2,21,401,121,0,1,0,6,0,15,1,1,pre_allocation
1084,1483,normal,0,0,65535_65535,2,21,401,142,1,1,1,7,142,15,1,1,allocated
1084,1483,normal,0,0,65535_65535,2,11,137,47,0,1,0,6,0,8,1,1,pre_allocation
1084,1483,normal,0,0,65535_65535,2,11,137,56,1,1,1,7,56,8,1,1,allocated
1084,1483,normal,0,0,65535_65535,2,12,137,315,0,1,0,6,0,28,1,1,pre_allocation
1084,1483,normal,0,0,65535_65535,2,12,137,368,1,1,1,7,368,28,1,1,allocated
1084,1483,normal,0,0,65535_65535,2,13,137,66,0,1,0,6,0,10,1,1,pre_allocation
1084,1483,normal,0,0,65535_65535,2,13,137,77,1,1,1,7,77,10,1,1,allocated
1084,1483,normal,0,0,65535_65535,2,26,137,368,0,1,0,7,0,28,1,1,pre_allocation
1084,1483,normal,0,0,65535_65535,2,26,137,422,1,1,1,8,422,28,1,1,allocated
1084,1483,normal,0,0,65535_65535,2,25,870,142,0,1,0,7,0,15,1,1,pre_allocation
1084,1483,normal,0,0,65535_65535,2,25,870,163,1,1,1,8,163,15,1,1,allocated
1084,1483,normal,0,0,65535_65535,2,24,137,368,0,1,0,7,0,28,1,1,pre_allocation
1084,1483,normal,0,0,65535_65535,2,24,137,422,1,1,1,8,422,28,1,1,allocated
1084,1483,normal,0,0,65535_65535,2,21,401,142,0,1,0,7,0,15,1,1,pre_allocation
1084,1483,normal,0,0,65535_65535,2,21,401,163,1,1,1,8,163,15,1,1,allocated
1084,1483,normal,0,0,65535_65535,2,11,137,56,0,1,0,7,0,8,1,1,pre_allocation
1084,1483,normal,0,0,65535_65535,2,11,137,64,1,1,1,8,64,8,1,1,allocated
1084,1483,normal,0,0,65535_65535,2,12,137,368,0,1,0,7,0,28,1,1,pre_allocation
1084,1483,normal,0,0,65535_65535,2,12,137,422,1,1,1,8,422,28,1,1,allocated
1084,1483,normal,0,0,65535_65535,2,13,137,77,0,1,0,7,0,10,1,1,pre_allocation
1084,1483,normal,0,0,65535_65535,2,13,137,89,1,1,1,8,89,10,1,1,allocated
1084,1483,normal,0,0,65535_65535,2,26,137,422,0,1,0,8,0,28,1,1,pre_allocation
1084,1483,normal,0,0,65535_65535,2,26,137,475,1,1,1,9,475,28,1,1,allocated
1084,1483,normal,0,0,65535_65535,2,25,870,163,0,1,0,8,0,15,1,1,pre_allocation
1084,1483,normal,0,0,65535_65535,2,25,870,184,1,1,1,9,184,15,1,1,allocated
1084,1483,normal,0,0,65535_65535,2,24,137,422,0,1,0,8,0,28,1,1,pre_allocation
1084,1483,normal,0,0,65535_65535,2,24,137,475,1,1,1,9,475,28,1,1,allocated
1084,1483,normal,0,0,65535_65535,2,21,401,163,0,1,0,8,0,15,1,1,pre_allocation
1084,1483,normal,0,0,65535_65535,2,21,401,184,1,1,1,9,184,15,1,1,allocated
1084,1483,normal,0,0,65535_65535,2,11,137,64,0,1,0,8,0,8,1,1,pre_allocation
1084,1483,normal,0,0,65535_65535,2,11,137,73,1,1,1,9,73,8,1,1,allocated
1084,1483,normal,0,0,65535_65535,2,12,137,422,0,1,0,8,0,28,1,1,pre_allocation
1084,1483,normal,0,0,65535_65535,2,12,137,475,1,1,1,9,475,28,1,1,allocated
