callId,timeMs,scenario,slot,bwpId,beamId,sliceId,rnti,bufQueueSize,dlTbSizeBefore,hasDemand,demandPassed,rbgAllocated,uniqueRbgs,tbSizeBytes,mcs,rank,numRbPerRbg,reason
1,503,normal,0,0,65535_65535,0,1,3069,0,0,1,0,0,0,15,1,1,pre_allocation
1,503,normal,0,0,65535_65535,0,1,3069,35,1,1,1,1,35,15,1,1,allocated
1,503,normal,0,0,65535_65535,0,2,3069,0,0,1,0,0,0,15,1,1,pre_allocation
1,503,normal,0,0,65535_65535,0,2,3069,35,1,1,1,1,35,15,1,1,allocated
1,503,normal,0,0,65535_65535,0,3,3069,0,0,1,0,0,0,15,1,1,pre_allocation
1,503,normal,0,0,65535_65535,0,3,3069,35,1,1,1,1,35,15,1,1,allocated
1,503,normal,0,0,65535_65535,0,4,3069,0,0,1,0,0,0,15,1,1,pre_allocation
1,503,normal,0,0,65535_65535,0,4,3069,35,1,1,1,1,35,15,1,1,allocated
1,503,normal,0,0,65535_65535,0,5,3069,0,0,1,0,0,0,15,1,1,pre_allocation
1,503,normal,0,0,65535_65535,0,5,3069,35,1,1,1,1,35,15,1,1,allocated
1,503,normal,0,0,65535_65535,0,1,3069,35,0,1,0,1,0,15,1,1,pre_allocation
1,503,normal,0,0,65535_65535,0,1,3069,74,1,1,1,2,74,15,1,1,allocated
1,503,normal,0,0,65535_65535,0,2,3069,35,0,1,0,1,0,15,1,1,pre_allocation
1,503,normal,0,0,65535_65535,0,2,3069,74,1,1,1,2,74,15,1,1,allocated
1,503,normal,0,0,65535_65535,0,3,3069,35,0,1,0,1,0,15,1,1,pre_allocation
1,503,normal,0,0,65535_65535,0,3,3069,74,1,1,1,2,74,15,1,1,allocated
1,503,normal,0,0,65535_65535,0,4,3069,35,0,1,0,1,0,15,1,1,pre_allocation
1,503,normal,0,0,65535_65535,0,4,3069,74,1,1,1,2,74,15,1,1,allocated
1,503,normal,0,0,65535_65535,0,5,3069,35,0,1,0,1,0,15,1,1,pre_allocation
1,503,normal,0,0,65535_65535,0,5,3069,74,1,1,1,2,74,15,1,1,allocated
1,503,normal,0,0,65535_65535,0,1,3069,74,0,1,0,2,0,15,1,1,pre_allocation
1,503,normal,0,0,65535_65535,0,1,3069,112,1,1,1,3,112,15,1,1,allocated
1,503,normal,0,0,65535_65535,0,2,3069,74,0,1,0,2,0,15,1,1,pre_allocation
1,503,normal,0,0,65535_65535,0,2,3069,112,1,1,1,3,112,15,1,1,allocated
1,503,normal,0,0,65535_65535,0,3,3069,74,0,1,0,2,0,15,1,1,pre_allocation
1,503,normal,0,0,65535_65535,0,3,3069,112,1,1,1,3,112,15,1,1,allocated
1,503,normal,0,0,65535_65535,0,4,3069,74,0,1,0,2,0,15,1,1,pre_allocation
1,503,normal,0,0,65535_65535,0,4,3069,112,1,1,1,3,112,15,1,1,allocated
1,503,normal,0,0,65535_65535,0,5,3069,74,0,1,0,2,0,15,1,1,pre_allocation
1,503,normal,0,0,65535_65535,0,5,3069,112,1,1,1,3,112,15,1,1,allocated
1,503,normal,0,0,65535_65535,0,1,3069,112,0,1,0,3,0,15,1,1,pre_allocation
1,503,normal,0,0,65535_65535,0,1,3069,151,1,1,1,4,151,15,1,1,allocated
1,503,normal,0,0,65535_65535,0,2,3069,112,0,1,0,3,0,15,1,1,pre_allocation
1,503,normal,0,0,65535_65535,0,2,3069,151,1,1,1,4,151,15,1,1,allocated
1,503,normal,0,0,65535_65535,0,3,3069,112,0,1,0,3,0,15,1,1,pre_allocation
1,503,normal,0,0,65535_65535,0,3,3069,151,1,1,1,4,151,15,1,1,allocated
1,503,normal,0,0,65535_65535,0,4,3069,112,0,1,0,3,0,15,1,1,pre_allocation
1,503,normal,0,0,65535_65535,0,4,3069,151,1,1,1,4,151,15,1,1,allocated
1,503,normal,0,0,65535_65535,0,5,3069,112,0,1,0,3,0,15,1,1,pre_allocation
1,503,normal,0,0,65535_65535,0,5,3069,151,1,1,1,4,151,15,1,1,allocated
1,503,normal,0,0,65535_65535,0,1,3069,151,0,1,0,4,0,15,1,1,pre_allocation
1,503,normal,0,0,65535_65535,0,1,3069,190,1,1,1,5,190,15,1,1,allocated
1,503,normal,0,0,65535_65535,0,2,3069,151,0,1,0,4,0,15,1,1,pre_allocation
1,503,normal,0,0,65535_65535,0,2,3069,190,1,1,1,5,190,15,1,1,allocated
1,503,normal,0,0,65535_65535,0,3,3069,151,0,1,0,4,0,15,1,1,pre_allocation
1,503,normal,0,0,65535_65535,0,3,3069,190,1,1,1,5,190,15,1,1,allocated
1,503,normal,0,0,65535_65535,0,4,3069,151,0,1,0,4,0,15,1,1,pre_allocation
1,503,normal,0,0,65535_65535,0,4,3069,190,1,1,1,5,190,15,1,1,allocated
1,503,normal,0,0,65535_65535,0,5,3069,151,0,1,0,4,0,15,1,1,pre_allocation
1,503,normal,0,0,65535_65535,0,5,3069,190,1,1,1,5,190,15,1,1,allocated
1,503,normal,0,0,65535_65535,0,1,3069,190,0,1,0,5,0,15,1,1,pre_allocation
1,503,normal,0,0,65535_65535,0,1,3069,228,1,1,1,6,228,15,1,1,allocated
1,503,normal,0,0,65535_65535,0,2,3069,190,0,1,0,5,0,15,1,1,pre_allocation
1,503,normal,0,0,65535_65535,0,2,3069,228,1,1,1,6,228,15,1,1,allocated
1,503,normal,0,0,65535_65535,0,3,3069,190,0,1,0,5,0,15,1,1,pre_allocation
1,503,normal,0,0,65535_65535,0,3,3069,228,1,1,1,6,228,15,1,1,allocated
1,503,normal,0,0,65535_65535,0,4,3069,190,0,1,0,5,0,15,1,1,pre_allocation
1,503,normal,0,0,65535_65535,0,4,3069,228,1,1,1,6,228,15,1,1,allocated
1,503,normal,0,0,65535_65535,0,5,3069,190,0,1,0,5,0,15,1,1,pre_allocation
1,503,normal,0,0,65535_65535,0,5,3069,228,1,1,1,6,228,15,1,1,allocated
1,503,normal,0,0,65535_65535,0,1,3069,228,0,1,0,6,0,15,1,1,pre_allocation
1,503,normal,0,0,65535_65535,0,1,3069,267,1,1,1,7,267,15,1,1,allocated
1,503,normal,0,0,65535_65535,0,2,3069,228,0,1,0,6,0,15,1,1,pre_allocation
1,503,normal,0,0,65535_65535,0,2,3069,267,1,1,1,7,267,15,1,1,allocated
1,503,normal,0,0,65535_65535,0,3,3069,228,0,1,0,6,0,15,1,1,pre_allocation
1,503,normal,0,0,65535_65535,0,3,3069,267,1,1,1,7,267,15,1,1,allocated
1,503,normal,0,0,65535_65535,0,4,3069,228,0,1,0,6,0,15,1,1,pre_allocation
1,503,normal,0,0,65535_65535,0,4,3069,267,1,1,1,7,267,15,1,1,allocated
1,503,normal,0,0,65535_65535,0,5,3069,228,0,1,0,6,0,15,1,1,pre_allocation
1,503,normal,0,0,65535_65535,0,5,3069,267,1,1,1,7,267,15,1,1,allocated
1,503,normal,0,0,65535_65535,0,1,3069,267,0,1,0,7,0,15,1,1,pre_allocation
1,503,normal,0,0,65535_65535,0,1,3069,305,1,1,1,8,305,15,1,1,allocated
1,503,normal,0,0,65535_65535,0,2,3069,267,0,1,0,7,0,15,1,1,pre_allocation
1,503,normal,0,0,65535_65535,0,2,3069,305,1,1,1,8,305,15,1,1,allocated
1,503,normal,0,0,65535_65535,0,3,3069,267,0,1,0,7,0,15,1,1,pre_allocation
1,503,normal,0,0,65535_65535,0,3,3069,305,1,1,1,8,305,15,1,1,allocated
1,503,normal,0,0,65535_65535,0,4,3069,267,0,1,0,7,0,15,1,1,pre_allocation
1,503,normal,0,0,65535_65535,0,4,3069,305,1,1,1,8,305,15,1,1,allocated
1,503,normal,0,0,65535_65535,0,5,3069,267,0,1,0,7,0,15,1,1,pre_allocation
1,503,normal,0,0,65535_65535,0,5,3069,305,1,1,1,8,305,15,1,1,allocated
1,503,normal,0,0,65535_65535,0,1,3069,305,0,1,0,8,0,15,1,1,pre_allocation
1,503,normal,0,0,65535_65535,0,1,3069,344,1,1,1,9,344,15,1,1,allocated
1,503,normal,0,0,65535_65535,0,2,3069,305,0,1,0,8,0,15,1,1,pre_allocation
1,503,normal,0,0,65535_65535,0,2,3069,344,1,1,1,9,344,15,1,1,allocated
1,503,normal,0,0,65535_65535,0,3,3069,305,0,1,0,8,0,15,1,1,pre_allocation
1,503,normal,0,0,65535_65535,0,3,3069,344,1,1,1,9,344,15,1,1,allocated
1,503,normal,0,0,65535_65535,0,4,3069,305,0,1,0,8,0,15,1,1,pre_allocation
1,503,normal,0,0,65535_65535,0,4,3069,344,1,1,1,9,344,15,1,1,allocated
1,503,normal,0,0,65535_65535,0,5,3069,305,0,1,0,8,0,15,1,1,pre_allocation
1,503,normal,0,0,65535_65535,0,5,3069,344,1,1,1,9,344,15,1,1,allocated
1,503,normal,0,0,65535_65535,0,1,3069,344,0,1,0,9,0,15,1,1,pre_allocation
1,503,normal,0,0,65535_65535,0,1,3069,383,1,1,1,10,383,15,1,1,allocated
1,503,normal,0,0,65535_65535,0,2,3069,344,0,1,0,9,0,15,1,1,pre_allocation
1,503,normal,0,0,65535_65535,0,2,3069,383,1,1,1,10,383,15,1,1,allocated
1,503,normal,0,0,65535_65535,0,3,3069,344,0,1,0,9,0,15,1,1,pre_allocation
1,503,normal,0,0,65535_65535,0,3,3069,383,1,1,1,10,383,15,1,1,allocated
1,503,normal,0,0,65535_65535,0,4,3069,344,0,1,0,9,0,15,1,1,pre_allocation
1,503,normal,0,0,65535_65535,0,4,3069,383,1,1,1,10,383,15,1,1,allocated
1,503,normal,0,0,65535_65535,0,5,3069,344,0,1,0,9,0,15,1,1,pre_allocation
1,503,normal,0,0,65535_65535,0,5,3069,383,1,1,1,10,383,15,1,1,allocated
1,503,normal,0,0,65535_65535,0,1,3069,383,0,1,0,10,0,15,1,1,pre_allocation
1,503,normal,0,0,65535_65535,0,1,3069,421,1,1,1,11,421,15,1,1,allocated
1,503,normal,0,0,65535_65535,0,2,3069,383,0,1,0,10,0,15,1,1,pre_allocation
1,503,normal,0,0,65535_65535,0,2,3069,421,1,1,1,11,421,15,1,1,allocated
1,503,normal,0,0,65535_65535,0,3,3069,383,0,1,0,10,0,15,1,1,pre_allocation
1,503,normal,0,0,65535_65535,0,3,3069,421,1,1,1,11,421,15,1,1,allocated
1,503,normal,0,0,65535_65535,0,4,3069,383,0,1,0,10,0,15,1,1,pre_allocation
1,503,normal,0,0,65535_65535,0,4,3069,421,1,1,1,11,421,15,1,1,allocated
1,503,normal,0,0,65535_65535,0,5,3069,383,0,1,0,10,0,15,1,1,pre_allocation
1,503,normal,0,0,65535_65535,0,5,3069,421,1,1,1,11,421,15,1,1,allocated
1,503,normal,0,0,65535_65535,0,1,3069,421,0,1,0,11,0,15,1,1,pre_allocation
1,503,normal,0,0,65535_65535,0,1,3069,460,1,1,1,12,460,15,1,1,allocated
1,503,normal,0,0,65535_65535,0,2,3069,421,0,1,0,11,0,15,1,1,pre_allocation
1,503,normal,0,0,65535_65535,0,2,3069,460,1,1,1,12,460,15,1,1,allocated
1,503,normal,0,0,65535_65535,0,3,3069,421,0,1,0,11,0,15,1,1,pre_allocation
1,503,normal,0,0,65535_65535,0,3,3069,460,1,1,1,12,460,15,1,1,allocated
1,503,normal,0,0,65535_65535,0,4,3069,421,0,1,0,11,0,15,1,1,pre_allocation
1,503,normal,0,0,65535_65535,0,4,3069,460,1,1,1,12,460,15,1,1,allocated
1,503,normal,0,0,65535_65535,0,5,3069,421,0,1,0,11,0,15,1,1,pre_allocation
1,503,normal,0,0,65535_65535,0,5,3069,460,1,1,1,12,460,15,1,1,allocated
1,503,normal,0,0,65535_65535,0,1,3069,460,0,1,0,12,0,15,1,1,pre_allocation
1,503,normal,0,0,65535_65535,0,1,3069,498,1,1,1,13,498,15,1,1,allocated
1,503,normal,0,0,65535_65535,0,2,3069,460,0,1,0,12,0,15,1,1,pre_allocation
1,503,normal,0,0,65535_65535,0,2,3069,498,1,1,1,13,498,15,1,1,allocated
1,503,normal,0,0,65535_65535,0,3,3069,460,0,1,0,12,0,15,1,1,pre_allocation
1,503,normal,0,0,65535_65535,0,3,3069,498,1,1,1,13,498,15,1,1,allocated
1,503,normal,0,0,65535_65535,0,4,3069,460,0,1,0,12,0,15,1,1,pre_allocation
1,503,normal,0,0,65535_65535,0,4,3069,498,1,1,1,13,498,15,1,1,allocated
1,503,normal,0,0,65535_65535,0,5,3069,460,0,1,0,12,0,15,1,1,pre_allocation
1,503,normal,0,0,65535_65535,0,5,3069,498,1,1,1,13,498,15,1,1,allocated
1,503,normal,0,0,65535_65535,0,1,3069,498,0,1,0,13,0,15,1,1,pre_allocation
1,503,normal,0,0,65535_65535,0,1,3069,537,1,1,1,14,537,15,1,1,allocated
1,503,normal,0,0,65535_65535,0,2,3069,498,0,1,0,13,0,15,1,1,pre_allocation
1,503,normal,0,0,65535_65535,0,2,3069,537,1,1,1,14,537,15,1,1,allocated
1,503,normal,0,0,65535_65535,0,3,3069,498,0,1,0,13,0,15,1,1,pre_allocation
1,503,normal,0,0,65535_65535,0,3,3069,537,1,1,1,14,537,15,1,1,allocated
1,503,normal,0,0,65535_65535,0,4,3069,498,0,1,0,13,0,15,1,1,pre_allocation
1,503,normal,0,0,65535_65535,0,4,3069,537,1,1,1,14,537,15,1,1,allocated
1,503,normal,0,0,65535_65535,0,5,3069,498,0,1,0,13,0,15,1,1,pre_allocation
1,503,normal,0,0,65535_65535,0,5,3069,537,1,1,1,14,537,15,1,1,allocated
1,503,normal,0,0,65535_65535,0,1,3069,537,0,1,0,14,0,15,1,1,pre_allocation
1,503,normal,0,0,65535_65535,0,1,3069,576,1,1,1,15,576,15,1,1,allocated
1,503,normal,0,0,65535_65535,0,2,3069,537,0,1,0,14,0,15,1,1,pre_allocation
1,503,normal,0,0,65535_65535,0,2,3069,576,1,1,1,15,576,15,1,1,allocated
1,503,normal,0,0,65535_65535,0,3,3069,537,0,1,0,14,0,15,1,1,pre_allocation
1,503,normal,0,0,65535_65535,0,3,3069,576,1,1,1,15,576,15,1,1,allocated
1,503,normal,0,0,65535_65535,0,4,3069,537,0,1,0,14,0,15,1,1,pre_allocation
1,503,normal,0,0,65535_65535,0,4,3069,576,1,1,1,15,576,15,1,1,allocated
1,503,normal,0,0,65535_65535,0,5,3069,537,0,1,0,14,0,15,1,1,pre_allocation
1,503,normal,0,0,65535_65535,0,5,3069,576,1,1,1,15,576,15,1,1,allocated
1,503,normal,0,0,65535_65535,0,1,3069,576,0,1,0,15,0,15,1,1,pre_allocation
1,503,normal,0,0,65535_65535,0,1,3069,614,1,1,1,16,614,15,1,1,allocated
1,503,normal,0,0,65535_65535,0,2,3069,576,0,1,0,15,0,15,1,1,pre_allocation
1,503,normal,0,0,65535_65535,0,2,3069,614,1,1,1,16,614,15,1,1,allocated
1,503,normal,0,0,65535_65535,0,3,3069,576,0,1,0,15,0,15,1,1,pre_allocation
1,503,normal,0,0,65535_65535,0,3,3069,614,1,1,1,16,614,15,1,1,allocated
1,503,normal,0,0,65535_65535,0,4,3069,576,0,1,0,15,0,15,1,1,pre_allocation
1,503,normal,0,0,65535_65535,0,4,3069,614,1,1,1,16,614,15,1,1,allocated
1,503,normal,0,0,65535_65535,0,5,3069,576,0,1,0,15,0,15,1,1,pre_allocation
1,503,normal,0,0,65535_65535,0,5,3069,614,1,1,1,16,614,15,1,1,allocated
1,503,normal,0,0,65535_65535,0,1,3069,614,0,1,0,16,0,15,1,1,pre_allocation
1,503,normal,0,0,65535_65535,0,1,3069,653,1,1,1,17,653,15,1,1,allocated
1,503,normal,0,0,65535_65535,0,2,3069,614,0,1,0,16,0,15,1,1,pre_allocation
1,503,normal,0,0,65535_65535,0,2,3069,653,1,1,1,17,653,15,1,1,allocated
1,503,normal,0,0,65535_65535,0,3,3069,614,0,1,0,16,0,15,1,1,pre_allocation
1,503,normal,0,0,65535_65535,0,3,3069,653,1,1,1,17,653,15,1,1,allocated
1,503,normal,0,0,65535_65535,0,4,3069,614,0,1,0,16,0,15,1,1,pre_allocation
1,503,normal,0,0,65535_65535,0,4,3069,653,1,1,1,17,653,15,1,1,allocated
1,503,normal,0,0,65535_65535,0,5,3069,614,0,1,0,16,0,15,1,1,pre_allocation
1,503,normal,0,0,65535_65535,0,5,3069,653,1,1,1,17,653,15,1,1,allocated
1,503,normal,0,0,65535_65535,0,1,3069,653,0,1,0,17,0,15,1,1,pre_allocation
1,503,normal,0,0,65535_65535,0,1,3069,691,1,1,1,18,691,15,1,1,allocated
1,503,normal,0,0,65535_65535,0,2,3069,653,0,1,0,17,0,15,1,1,pre_allocation
1,503,normal,0,0,65535_65535,0,2,3069,691,1,1,1,18,691,15,1,1,allocated
1,503,normal,0,0,65535_65535,0,3,3069,653,0,1,0,17,0,15,1,1,pre_allocation
1,503,normal,0,0,65535_65535,0,3,3069,691,1,1,1,18,691,15,1,1,allocated
1,503,normal,0,0,65535_65535,0,4,3069,653,0,1,0,17,0,15,1,1,pre_allocation
1,503,normal,0,0,65535_65535,0,4,3069,691,1,1,1,18,691,15,1,1,allocated
1,503,normal,0,0,65535_65535,0,5,3069,653,0,1,0,17,0,15,1,1,pre_allocation
1,503,normal,0,0,65535_65535,0,5,3069,691,1,1,1,18,691,15,1,1,allocated
1,503,normal,0,0,65535_65535,0,1,3069,691,0,1,0,18,0,15,1,1,pre_allocation
1,503,normal,0,0,65535_65535,0,1,3069,730,1,1,1,19,730,15,1,1,allocated
1,503,normal,0,0,65535_65535,0,2,3069,691,0,1,0,18,0,15,1,1,pre_allocation
1,503,normal,0,0,65535_65535,0,2,3069,730,1,1,1,19,730,15,1,1,allocated
1,503,normal,0,0,65535_65535,0,3,3069,691,0,1,0,18,0,15,1,1,pre_allocation
1,503,normal,0,0,65535_65535,0,3,3069,730,1,1,1,19,730,15,1,1,allocated
1,503,normal,0,0,65535_65535,0,4,3069,691,0,1,0,18,0,15,1,1,pre_allocation
1,503,normal,0,0,65535_65535,0,4,3069,730,1,1,1,19,730,15,1,1,allocated
1,503,normal,0,0,65535_65535,0,5,3069,691,0,1,0,18,0,15,1,1,pre_allocation
1,503,normal,0,0,65535_65535,0,5,3069,730,1,1,1,19,730,15,1,1,allocated
1,503,normal,0,0,65535_65535,0,1,3069,730,0,1,0,19,0,15,1,1,pre_allocation
1,503,normal,0,0,65535_65535,0,1,3069,769,1,1,1,20,769,15,1,1,allocated
1,503,normal,0,0,65535_65535,0,2,3069,730,0,1,0,19,0,15,1,1,pre_allocation
1,503,normal,0,0,65535_65535,0,2,3069,769,1,1,1,20,769,15,1,1,allocated
1,503,normal,0,0,65535_65535,0,3,3069,730,0,1,0,19,0,15,1,1,pre_allocation
1,503,normal,0,0,65535_65535,0,3,3069,769,1,1,1,20,769,15,1,1,allocated
1,503,normal,0,0,65535_65535,0,4,3069,730,0,1,0,19,0,15,1,1,pre_allocation
1,503,normal,0,0,65535_65535,0,4,3069,769,1,1,1,20,769,15,1,1,allocated
1,503,normal,0,0,65535_65535,0,5,3069,730,0,1,0,19,0,15,1,1,pre_allocation
1,503,normal,0,0,65535_65535,0,5,3069,769,1,1,1,20,769,15,1,1,allocated
1,503,normal,0,0,65535_65535,0,1,3069,769,0,1,0,20,0,15,1,1,pre_allocation
1,503,normal,0,0,65535_65535,0,1,3069,807,1,1,1,21,807,15,1,1,allocated
1,503,normal,0,0,65535_65535,0,2,3069,769,0,1,0,20,0,15,1,1,pre_allocation
1,503,normal,0,0,65535_65535,0,2,3069,807,1,1,1,21,807,15,1,1,allocated
1,503,normal,0,0,65535_65535,0,3,3069,769,0,1,0,20,0,15,1,1,pre_allocation
1,503,normal,0,0,65535_65535,0,3,3069,807,1,1,1,21,807,15,1,1,allocated
1,503,normal,0,0,65535_65535,0,4,3069,769,0,1,0,20,0,15,1,1,pre_allocation
1,503,normal,0,0,65535_65535,0,4,3069,807,1,1,1,21,807,15,1,1,allocated
1,503,normal,0,0,65535_65535,0,5,3069,769,0,1,0,20,0,15,1,1,pre_allocation
1,503,normal,0,0,65535_65535,0,5,3069,807,1,1,1,21,807,15,1,1,allocated
1,503,normal,0,0,65535_65535,0,1,3069,807,0,1,0,21,0,15,1,1,pre_allocation
1,503,normal,0,0,65535_65535,0,1,3069,846,1,1,1,22,846,15,1,1,allocated
1,503,normal,0,0,65535_65535,0,2,3069,807,0,1,0,21,0,15,1,1,pre_allocation
1,503,normal,0,0,65535_65535,0,2,3069,846,1,1,1,22,846,15,1,1,allocated
1,503,normal,0,0,65535_65535,0,3,3069,807,0,1,0,21,0,15,1,1,pre_allocation
1,503,normal,0,0,65535_65535,0,3,3069,846,1,1,1,22,846,15,1,1,allocated
1,503,normal,0,0,65535_65535,0,4,3069,807,0,1,0,21,0,15,1,1,pre_allocation
1,503,normal,0,0,65535_65535,0,4,3069,846,1,1,1,22,846,15,1,1,allocated
1,503,normal,0,0,65535_65535,0,5,3069,807,0,1,0,21,0,15,1,1,pre_allocation
1,503,normal,0,0,65535_65535,0,5,3069,846,1,1,1,22,846,15,1,1,allocated
1,503,normal,0,0,65535_65535,0,1,3069,846,0,1,0,22,0,15,1,1,pre_allocation
1,503,normal,0,0,65535_65535,0,1,3069,885,1,1,1,23,885,15,1,1,allocated
1,503,normal,0,0,65535_65535,0,2,3069,846,0,1,0,22,0,15,1,1,pre_allocation
1,503,normal,0,0,65535_65535,0,2,3069,885,1,1,1,23,885,15,1,1,allocated
1,503,normal,0,0,65535_65535,0,3,3069,846,0,1,0,22,0,15,1,1,pre_allocation
1,503,normal,0,0,65535_65535,0,3,3069,885,1,1,1,23,885,15,1,1,allocated
1,503,normal,0,0,65535_65535,0,4,3069,846,0,1,0,22,0,15,1,1,pre_allocation
1,503,normal,0,0,65535_65535,0,4,3069,885,1,1,1,23,885,15,1,1,allocated
1,503,normal,0,0,65535_65535,0,5,3069,846,0,1,0,22,0,15,1,1,pre_allocation
1,503,normal,0,0,65535_65535,0,5,3069,885,1,1,1,23,885,15,1,1,allocated
1,503,normal,0,0,65535_65535,0,1,3069,885,0,1,0,23,0,15,1,1,pre_allocation
1,503,normal,0,0,65535_65535,0,1,3069,923,1,1,1,24,923,15,1,1,allocated
1,503,normal,0,0,65535_65535,0,2,3069,885,0,1,0,23,0,15,1,1,pre_allocation
1,503,normal,0,0,65535_65535,0,2,3069,923,1,1,1,24,923,15,1,1,allocated
1,503,normal,0,0,65535_65535,0,3,3069,885,0,1,0,23,0,15,1,1,pre_allocation
1,503,normal,0,0,65535_65535,0,3,3069,923,1,1,1,24,923,15,1,1,allocated
1,503,normal,0,0,65535_65535,0,4,3069,885,0,1,0,23,0,15,1,1,pre_allocation
1,503,normal,0,0,65535_65535,0,4,3069,923,1,1,1,24,923,15,1,1,allocated
1,503,normal,0,0,65535_65535,0,5,3069,885,0,1,0,23,0,15,1,1,pre_allocation
1,503,normal,0,0,65535_65535,0,5,3069,923,1,1,1,24,923,15,1,1,allocated
1,503,normal,0,0,65535_65535,0,1,3069,923,0,1,0,24,0,15,1,1,pre_allocation
1,503,normal,0,0,65535_65535,0,1,3069,962,1,1,1,25,962,15,1,1,allocated
1,503,normal,0,0,65535_65535,0,2,3069,923,0,1,0,24,0,15,1,1,pre_allocation
1,503,normal,0,0,65535_65535,0,2,3069,962,1,1,1,25,962,15,1,1,allocated
1,503,normal,0,0,65535_65535,0,3,3069,923,0,1,0,24,0,15,1,1,pre_allocation
1,503,normal,0,0,65535_65535,0,3,3069,962,1,1,1,25,962,15,1,1,allocated
1,503,normal,0,0,65535_65535,0,4,3069,923,0,1,0,24,0,15,1,1,pre_allocation
1,503,normal,0,0,65535_65535,0,4,3069,962,1,1,1,25,962,15,1,1,allocated
1,503,normal,0,0,65535_65535,0,5,3069,923,0,1,0,24,0,15,1,1,pre_allocation
1,503,normal,0,0,65535_65535,0,5,3069,962,1,1,1,25,962,15,1,1,allocated
1,503,normal,0,0,65535_65535,0,1,3069,962,0,1,0,25,0,15,1,1,pre_allocation
1,503,normal,0,0,65535_65535,0,1,3069,1000,1,1,1,26,1000,15,1,1,allocated
1,503,normal,0,0,65535_65535,0,2,3069,962,0,1,0,25,0,15,1,1,pre_allocation
1,503,normal,0,0,65535_65535,0,2,3069,1000,1,1,1,26,1000,15,1,1,allocated
1,503,normal,0,0,65535_65535,0,3,3069,962,0,1,0,25,0,15,1,1,pre_allocation
1,503,normal,0,0,65535_65535,0,3,3069,1000,1,1,1,26,1000,15,1,1,allocated
1,503,normal,0,0,65535_65535,0,4,3069,962,0,1,0,25,0,15,1,1,pre_allocation
1,503,normal,0,0,65535_65535,0,4,3069,1000,1,1,1,26,1000,15,1,1,allocated
1,503,normal,0,0,65535_65535,0,5,3069,962,0,1,0,25,0,15,1,1,pre_allocation
1,503,normal,0,0,65535_65535,0,5,3069,1000,1,1,1,26,1000,15,1,1,allocated
1,503,normal,0,0,65535_65535,0,1,3069,1000,0,1,0,26,0,15,1,1,pre_allocation
1,503,normal,0,0,65535_65535,0,1,3069,1039,1,1,1,27,1039,15,1,1,allocated
1,503,normal,0,0,65535_65535,0,2,3069,1000,0,1,0,26,0,15,1,1,pre_allocation
1,503,normal,0,0,65535_65535,0,2,3069,1039,1,1,1,27,1039,15,1,1,allocated
1,503,normal,0,0,65535_65535,0,3,3069,1000,0,1,0,26,0,15,1,1,pre_allocation
1,503,normal,0,0,65535_65535,0,3,3069,1039,1,1,1,27,1039,15,1,1,allocated
1,503,normal,0,0,65535_65535,0,4,3069,1000,0,1,0,26,0,15,1,1,pre_allocation
1,503,normal,0,0,65535_65535,0,4,3069,1039,1,1,1,27,1039,15,1,1,allocated
1,503,normal,0,0,65535_65535,0,5,3069,1000,0,1,0,26,0,15,1,1,pre_allocation
1,503,normal,0,0,65535_65535,0,5,3069,1039,1,1,1,27,1039,15,1,1,allocated
1,503,normal,0,0,65535_65535,0,1,3069,1039,0,1,0,27,0,15,1,1,pre_allocation
1,503,normal,0,0,65535_65535,0,1,3069,1078,1,1,1,28,1078,15,1,1,allocated
1,503,normal,0,0,65535_65535,0,2,3069,1039,0,1,0,27,0,15,1,1,pre_allocation
1,503,normal,0,0,65535_65535,0,2,3069,1078,1,1,1,28,1078,15,1,1,allocated
1,503,normal,0,0,65535_65535,0,3,3069,1039,0,1,0,27,0,15,1,1,pre_allocation
1,503,normal,0,0,65535_65535,0,3,3069,1078,1,1,1,28,1078,15,1,1,allocated
1,503,normal,0,0,65535_65535,0,4,3069,1039,0,1,0,27,0,15,1,1,pre_allocation
1,503,normal,0,0,65535_65535,0,4,3069,1078,1,1,1,28,1078,15,1,1,allocated
1,503,normal,0,0,65535_65535,0,5,3069,1039,0,1,0,27,0,15,1,1,pre_allocation
1,503,normal,0,0,65535_65535,0,5,3069,1078,1,1,1,28,1078,15,1,1,allocated
1,503,normal,0,0,65535_65535,0,1,3069,1078,0,1,0,28,0,15,1,1,pre_allocation
1,503,normal,0,0,65535_65535,0,1,3069,1116,1,1,1,29,1116,15,1,1,allocated
1,503,normal,0,0,65535_65535,0,2,3069,1078,0,1,0,28,0,15,1,1,pre_allocation
1,503,normal,0,0,65535_65535,0,2,3069,1116,1,1,1,29,1116,15,1,1,allocated
1,503,normal,0,0,65535_65535,0,3,3069,1078,0,1,0,28,0,15,1,1,pre_allocation
1,503,normal,0,0,65535_65535,0,3,3069,1116,1,1,1,29,1116,15,1,1,allocated
1,503,normal,0,0,65535_65535,0,4,3069,1078,0,1,0,28,0,15,1,1,pre_allocation
1,503,normal,0,0,65535_65535,0,4,3069,1116,1,1,1,29,1116,15,1,1,allocated
1,503,normal,0,0,65535_65535,0,5,3069,1078,0,1,0,28,0,15,1,1,pre_allocation
1,503,normal,0,0,65535_65535,0,5,3069,1116,1,1,1,29,1116,15,1,1,allocated
1,503,normal,0,0,65535_65535,0,1,3069,1116,0,1,0,29,0,15,1,1,pre_allocation
1,503,normal,0,0,65535_65535,0,1,3069,1155,1,1,1,30,1155,15,1,1,allocated
1,503,normal,0,0,65535_65535,0,2,3069,1116,0,1,0,29,0,15,1,1,pre_allocation
1,503,normal,0,0,65535_65535,0,2,3069,1155,1,1,1,30,1155,15,1,1,allocated
1,503,normal,0,0,65535_65535,0,3,3069,1116,0,1,0,29,0,15,1,1,pre_allocation
1,503,normal,0,0,65535_65535,0,3,3069,1155,1,1,1,30,1155,15,1,1,allocated
1,503,normal,0,0,65535_65535,0,4,3069,1116,0,1,0,29,0,15,1,1,pre_allocation
1,503,normal,0,0,65535_65535,0,4,3069,1155,1,1,1,30,1155,15,1,1,allocated
1,503,normal,0,0,65535_65535,0,5,3069,1116,0,1,0,29,0,15,1,1,pre_allocation
1,503,normal,0,0,65535_65535,0,5,3069,1155,1,1,1,30,1155,15,1,1,allocated
1,503,normal,0,0,65535_65535,0,1,3069,1155,0,1,0,30,0,15,1,1,pre_allocation
1,503,normal,0,0,65535_65535,0,1,3069,1193,1,1,1,31,1193,15,1,1,allocated
1,503,normal,0,0,65535_65535,0,2,3069,1155,0,1,0,30,0,15,1,1,pre_allocation
1,503,normal,0,0,65535_65535,0,2,3069,1193,1,1,1,31,1193,15,1,1,allocated
1,503,normal,0,0,65535_65535,0,3,3069,1155,0,1,0,30,0,15,1,1,pre_allocation
1,503,normal,0,0,65535_65535,0,3,3069,1193,1,1,1,31,1193,15,1,1,allocated
1,503,normal,0,0,65535_65535,0,4,3069,1155,0,1,0,30,0,15,1,1,pre_allocation
1,503,normal,0,0,65535_65535,0,4,3069,1193,1,1,1,31,1193,15,1,1,allocated
1,503,normal,0,0,65535_65535,0,5,3069,1155,0,1,0,30,0,15,1,1,pre_allocation
1,503,normal,0,0,65535_65535,0,5,3069,1193,1,1,1,31,1193,15,1,1,allocated
1,503,normal,0,0,65535_65535,0,1,3069,1193,0,1,0,31,0,15,1,1,pre_allocation
1,503,normal,0,0,65535_65535,0,1,3069,1232,1,1,1,32,1232,15,1,1,allocated
1,503,normal,0,0,65535_65535,0,2,3069,1193,0,1,0,31,0,15,1,1,pre_allocation
1,503,normal,0,0,65535_65535,0,2,3069,1232,1,1,1,32,1232,15,1,1,allocated
1,503,normal,0,0,65535_65535,0,3,3069,1193,0,1,0,31,0,15,1,1,pre_allocation
1,503,normal,0,0,65535_65535,0,3,3069,1232,1,1,1,32,1232,15,1,1,allocated
1,503,normal,0,0,65535_65535,0,4,3069,1193,0,1,0,31,0,15,1,1,pre_allocation
1,503,normal,0,0,65535_65535,0,4,3069,1232,1,1,1,32,1232,15,1,1,allocated
1,503,normal,0,0,65535_65535,0,5,3069,1193,0,1,0,31,0,15,1,1,pre_allocation
1,503,normal,0,0,65535_65535,0,5,3069,1232,1,1,1,32,1232,15,1,1,allocated
1,503,normal,0,0,65535_65535,0,1,3069,1232,0,1,0,32,0,15,1,1,pre_allocation
1,503,normal,0,0,65535_65535,0,1,3069,1271,1,1,1,33,1271,15,1,1,allocated
1,503,normal,0,0,65535_65535,0,2,3069,1232,0,1,0,32,0,15,1,1,pre_allocation
1,503,normal,0,0,65535_65535,0,2,3069,1271,1,1,1,33,1271,15,1,1,allocated
1,503,normal,0,0,65535_65535,0,3,3069,1232,0,1,0,32,0,15,1,1,pre_allocation
1,503,normal,0,0,65535_65535,0,3,3069,1271,1,1,1,33,1271,15,1,1,allocated
1,503,normal,0,0,65535_65535,0,4,3069,1232,0,1,0,32,0,15,1,1,pre_allocation
1,503,normal,0,0,65535_65535,0,4,3069,1271,1,1,1,33,1271,15,1,1,allocated
1,503,normal,0,0,65535_65535,0,5,3069,1232,0,1,0,32,0,15,1,1,pre_allocation
1,503,normal,0,0,65535_65535,0,5,3069,1271,1,1,1,33,1271,15,1,1,allocated
1,503,normal,0,0,65535_65535,0,1,3069,1271,0,1,0,33,0,15,1,1,pre_allocation
1,503,normal,0,0,65535_65535,0,1,3069,1309,1,1,1,34,1309,15,1,1,allocated
1,503,normal,0,0,65535_65535,0,2,3069,1271,0,1,0,33,0,15,1,1,pre_allocation
1,503,normal,0,0,65535_65535,0,2,3069,1309,1,1,1,34,1309,15,1,1,allocated
1,503,normal,0,0,65535_65535,0,3,3069,1271,0,1,0,33,0,15,1,1,pre_allocation
1,503,normal,0,0,65535_65535,0,3,3069,1309,1,1,1,34,1309,15,1,1,allocated
1,503,normal,0,0,65535_65535,0,4,3069,1271,0,1,0,33,0,15,1,1,pre_allocation
1,503,normal,0,0,65535_65535,0,4,3069,1309,1,1,1,34,1309,15,1,1,allocated
1,503,normal,0,0,65535_65535,0,5,3069,1271,0,1,0,33,0,15,1,1,pre_allocation
1,503,normal,0,0,65535_65535,0,5,3069,1309,1,1,1,34,1309,15,1,1,allocated
1,503,normal,0,0,65535_65535,0,1,3069,1309,0,1,0,34,0,15,1,1,pre_allocation
1,503,normal,0,0,65535_65535,0,1,3069,1348,1,1,1,35,1348,15,1,1,allocated
1,503,normal,0,0,65535_65535,0,2,3069,1309,0,1,0,34,0,15,1,1,pre_allocation
1,503,normal,0,0,65535_65535,0,2,3069,1348,1,1,1,35,1348,15,1,1,allocated
1,503,normal,0,0,65535_65535,0,3,3069,1309,0,1,0,34,0,15,1,1,pre_allocation
1,503,normal,0,0,65535_65535,0,3,3069,1348,1,1,1,35,1348,15,1,1,allocated
1,503,normal,0,0,65535_65535,0,4,3069,1309,0,1,0,34,0,15,1,1,pre_allocation
1,503,normal,0,0,65535_65535,0,4,3069,1348,1,1,1,35,1348,15,1,1,allocated
1,503,normal,0,0,65535_65535,0,5,3069,1309,0,1,0,34,0,15,1,1,pre_allocation
1,503,normal,0,0,65535_65535,0,5,3069,1348,1,1,1,35,1348,15,1,1,allocated
1,503,normal,0,0,65535_65535,0,1,3069,1348,0,1,0,35,0,15,1,1,pre_allocation
1,503,normal,0,0,65535_65535,0,1,3069,1386,1,1,1,36,1386,15,1,1,allocated
1,503,normal,0,0,65535_65535,0,2,3069,1348,0,1,0,35,0,15,1,1,pre_allocation
1,503,normal,0,0,65535_65535,0,2,3069,1386,1,1,1,36,1386,15,1,1,allocated
1,503,normal,0,0,65535_65535,0,3,3069,1348,0,1,0,35,0,15,1,1,pre_allocation
1,503,normal,0,0,65535_65535,0,3,3069,1386,1,1,1,36,1386,15,1,1,allocated
1,503,normal,0,0,65535_65535,0,4,3069,1348,0,1,0,35,0,15,1,1,pre_allocation
1,503,normal,0,0,65535_65535,0,4,3069,1386,1,1,1,36,1386,15,1,1,allocated
1,503,normal,0,0,65535_65535,0,5,3069,1348,0,1,0,35,0,15,1,1,pre_allocation
1,503,normal,0,0,65535_65535,0,5,3069,1386,1,1,1,36,1386,15,1,1,allocated
1,503,normal,0,0,65535_65535,0,1,3069,1386,0,1,0,36,0,15,1,1,pre_allocation
1,503,normal,0,0,65535_65535,0,1,3069,1425,1,1,1,37,1425,15,1,1,allocated
1,503,normal,0,0,65535_65535,0,2,3069,1386,0,1,0,36,0,15,1,1,pre_allocation
1,503,normal,0,0,65535_65535,0,2,3069,1425,1,1,1,37,1425,15,1,1,allocated
1,503,normal,0,0,65535_65535,0,3,3069,1386,0,1,0,36,0,15,1,1,pre_allocation
1,503,normal,0,0,65535_65535,0,3,3069,1425,1,1,1,37,1425,15,1,1,allocated
1,503,normal,0,0,65535_65535,0,4,3069,1386,0,1,0,36,0,15,1,1,pre_allocation
1,503,normal,0,0,65535_65535,0,4,3069,1425,1,1,1,37,1425,15,1,1,allocated
1,503,normal,0,0,65535_65535,0,5,3069,1386,0,1,0,36,0,15,1,1,pre_allocation
1,503,normal,0,0,65535_65535,0,5,3069,1425,1,1,1,37,1425,15,1,1,allocated
1,503,normal,0,0,65535_65535,0,1,3069,1425,0,1,0,37,0,15,1,1,pre_allocation
1,503,normal,0,0,65535_65535,0,1,3069,1464,1,1,1,38,1464,15,1,1,allocated
1,503,normal,0,0,65535_65535,0,2,3069,1425,0,1,0,37,0,15,1,1,pre_allocation
1,503,normal,0,0,65535_65535,0,2,3069,1464,1,1,1,38,1464,15,1,1,allocated
1,503,normal,0,0,65535_65535,0,3,3069,1425,0,1,0,37,0,15,1,1,pre_allocation
1,503,normal,0,0,65535_65535,0,3,3069,1464,1,1,1,38,1464,15,1,1,allocated
1,503,normal,0,0,65535_65535,0,4,3069,1425,0,1,0,37,0,15,1,1,pre_allocation
1,503,normal,0,0,65535_65535,0,4,3069,1464,1,1,1,38,1464,15,1,1,allocated
1,503,normal,0,0,65535_65535,0,5,3069,1425,0,1,0,37,0,15,1,1,pre_allocation
1,503,normal,0,0,65535_65535,0,5,3069,1464,1,1,1,38,1464,15,1,1,allocated
1,503,normal,0,0,65535_65535,0,1,3069,1464,0,1,0,38,0,15,1,1,pre_allocation
1,503,normal,0,0,65535_65535,0,1,3069,1502,1,1,1,39,1502,15,1,1,allocated
1,503,normal,0,0,65535_65535,0,2,3069,1464,0,1,0,38,0,15,1,1,pre_allocation
1,503,normal,0,0,65535_65535,0,2,3069,1502,1,1,1,39,1502,15,1,1,allocated
1,503,normal,0,0,65535_65535,0,3,3069,1464,0,1,0,38,0,15,1,1,pre_allocation
1,503,normal,0,0,65535_65535,0,3,3069,1502,1,1,1,39,1502,15,1,1,allocated
1,503,normal,0,0,65535_65535,0,4,3069,1464,0,1,0,38,0,15,1,1,pre_allocation
1,503,normal,0,0,65535_65535,0,4,3069,1502,1,1,1,39,1502,15,1,1,allocated
1,503,normal,0,0,65535_65535,0,5,3069,1464,0,1,0,38,0,15,1,1,pre_allocation
1,503,normal,0,0,65535_65535,0,5,3069,1502,1,1,1,39,1502,15,1,1,allocated
1,503,normal,0,0,65535_65535,0,1,3069,1502,0,1,0,39,0,15,1,1,pre_allocation
1,503,normal,0,0,65535_65535,0,1,3069,1538,1,1,1,40,1538,15,1,1,allocated
1,503,normal,0,0,65535_65535,0,2,3069,1502,0,1,0,39,0,15,1,1,pre_allocation
1,503,normal,0,0,65535_65535,0,2,3069,1538,1,1,1,40,1538,15,1,1,allocated
1,503,normal,0,0,65535_65535,0,3,3069,1502,0,1,0,39,0,15,1,1,pre_allocation
1,503,normal,0,0,65535_65535,0,3,3069,1538,1,1,1,40,1538,15,1,1,allocated
1,503,normal,0,0,65535_65535,0,4,3069,1502,0,1,0,39,0,15,1,1,pre_allocation
1,503,normal,0,0,65535_65535,0,4,3069,1538,1,1,1,40,1538,15,1,1,allocated
1,503,normal,0,0,65535_65535,0,5,3069,1502,0,1,0,39,0,15,1,1,pre_allocation
1,503,normal,0,0,65535_65535,0,5,3069,1538,1,1,1,40,1538,15,1,1,allocated
1,503,normal,0,0,65535_65535,0,1,3069,1538,0,1,0,40,0,15,1,1,pre_allocation
1,503,normal,0,0,65535_65535,0,1,3069,1577,1,1,1,41,1577,15,1,1,allocated
1,503,normal,0,0,65535_65535,0,2,3069,1538,0,1,0,40,0,15,1,1,pre_allocation
1,503,normal,0,0,65535_65535,0,2,3069,1577,1,1,1,41,1577,15,1,1,allocated
1,503,normal,0,0,65535_65535,0,3,3069,1538,0,1,0,40,0,15,1,1,pre_allocation
1,503,normal,0,0,65535_65535,0,3,3069,1577,1,1,1,41,1577,15,1,1,allocated
1,503,normal,0,0,65535_65535,0,4,3069,1538,0,1,0,40,0,15,1,1,pre_allocation
1,503,normal,0,0,65535_65535,0,4,3069,1577,1,1,1,41,1577,15,1,1,allocated
1,503,normal,0,0,65535_65535,0,5,3069,1538,0,1,0,40,0,15,1,1,pre_allocation
1,503,normal,0,0,65535_65535,0,5,3069,1577,1,1,1,41,1577,15,1,1,allocated
1,503,normal,0,0,65535_65535,0,1,3069,1577,0,1,0,41,0,15,1,1,pre_allocation
1,503,normal,0,0,65535_65535,0,1,3069,1615,1,1,1,42,1615,15,1,1,allocated
1,503,normal,0,0,65535_65535,0,2,3069,1577,0,1,0,41,0,15,1,1,pre_allocation
1,503,normal,0,0,65535_65535,0,2,3069,1615,1,1,1,42,1615,15,1,1,allocated
1,503,normal,0,0,65535_65535,0,3,3069,1577,0,1,0,41,0,15,1,1,pre_allocation
1,503,normal,0,0,65535_65535,0,3,3069,1615,1,1,1,42,1615,15,1,1,allocated
1,503,normal,0,0,65535_65535,0,4,3069,1577,0,1,0,41,0,15,1,1,pre_allocation
1,503,normal,0,0,65535_65535,0,4,3069,1615,1,1,1,42,1615,15,1,1,allocated
1,503,normal,0,0,65535_65535,0,5,3069,1577,0,1,0,41,0,15,1,1,pre_allocation
1,503,normal,0,0,65535_65535,0,5,3069,1615,1,1,1,42,1615,15,1,1,allocated
1,503,normal,0,0,65535_65535,0,1,3069,1615,0,1,0,42,0,15,1,1,pre_allocation
1,503,normal,0,0,65535_65535,0,1,3069,1654,1,1,1,43,1654,15,1,1,allocated
1,503,normal,0,0,65535_65535,0,2,3069,1615,0,1,0,42,0,15,1,1,pre_allocation
1,503,normal,0,0,65535_65535,0,2,3069,1654,1,1,1,43,1654,15,1,1,allocated
1,503,normal,0,0,65535_65535,0,3,3069,1615,0,1,0,42,0,15,1,1,pre_allocation
1,503,normal,0,0,65535_65535,0,3,3069,1654,1,1,1,43,1654,15,1,1,allocated
1,503,normal,0,0,65535_65535,0,4,3069,1615,0,1,0,42,0,15,1,1,pre_allocation
1,503,normal,0,0,65535_65535,0,4,3069,1654,1,1,1,43,1654,15,1,1,allocated
1,503,normal,0,0,65535_65535,0,5,3069,1615,0,1,0,42,0,15,1,1,pre_allocation
1,503,normal,0,0,65535_65535,0,5,3069,1654,1,1,1,43,1654,15,1,1,allocated
1,503,normal,0,0,65535_65535,0,1,3069,1654,0,1,0,43,0,15,1,1,pre_allocation
1,503,normal,0,0,65535_65535,0,1,3069,1692,1,1,1,44,1692,15,1,1,allocated
1,503,normal,0,0,65535_65535,0,2,3069,1654,0,1,0,43,0,15,1,1,pre_allocation
1,503,normal,0,0,65535_65535,0,2,3069,1692,1,1,1,44,1692,15,1,1,allocated
1,503,normal,0,0,65535_65535,0,3,3069,1654,0,1,0,43,0,15,1,1,pre_allocation
1,503,normal,0,0,65535_65535,0,3,3069,1692,1,1,1,44,1692,15,1,1,allocated
1,503,normal,0,0,65535_65535,0,4,3069,1654,0,1,0,43,0,15,1,1,pre_allocation
1,503,normal,0,0,65535_65535,0,4,3069,1692,1,1,1,44,1692,15,1,1,allocated
1,503,normal,0,0,65535_65535,0,5,3069,1654,0,1,0,43,0,15,1,1,pre_allocation
1,503,normal,0,0,65535_65535,0,5,3069,1692,1,1,1,44,1692,15,1,1,allocated
1,503,normal,0,0,65535_65535,0,1,3069,1692,0,1,0,44,0,15,1,1,pre_allocation
1,503,normal,0,0,65535_65535,0,1,3069,1731,1,1,1,45,1731,15,1,1,allocated
1,503,normal,0,0,65535_65535,0,2,3069,1692,0,1,0,44,0,15,1,1,pre_allocation
1,503,normal,0,0,65535_65535,0,2,3069,1731,1,1,1,45,1731,15,1,1,allocated
1,503,normal,0,0,65535_65535,0,3,3069,1692,0,1,0,44,0,15,1,1,pre_allocation
1,503,normal,0,0,65535_65535,0,3,3069,1731,1,1,1,45,1731,15,1,1,allocated
1,503,normal,0,0,65535_65535,0,4,3069,1692,0,1,0,44,0,15,1,1,pre_allocation
1,503,normal,0,0,65535_65535,0,4,3069,1731,1,1,1,45,1731,15,1,1,allocated
1,503,normal,0,0,65535_65535,0,5,3069,1692,0,1,0,44,0,15,1,1,pre_allocation
1,503,normal,0,0,65535_65535,0,5,3069,1731,1,1,1,45,1731,15,1,1,allocated
1,503,normal,0,0,65535_65535,0,1,3069,1731,0,1,0,45,0,15,1,1,pre_allocation
1,503,normal,0,0,65535_65535,0,1,3069,1770,1,1,1,46,1770,15,1,1,allocated
1,503,normal,0,0,65535_65535,0,2,3069,1731,0,1,0,45,0,15,1,1,pre_allocation
1,503,normal,0,0,65535_65535,0,2,3069,1770,1,1,1,46,1770,15,1,1,allocated
1,503,normal,0,0,65535_65535,0,3,3069,1731,0,1,0,45,0,15,1,1,pre_allocation
1,503,normal,0,0,65535_65535,0,3,3069,1770,1,1,1,46,1770,15,1,1,allocated
1,503,normal,0,0,65535_65535,0,4,3069,1731,0,1,0,45,0,15,1,1,pre_allocation
1,503,normal,0,0,65535_65535,0,4,3069,1770,1,1,1,46,1770,15,1,1,allocated
1,503,normal,0,0,65535_65535,0,5,3069,1731,0,1,0,45,0,15,1,1,pre_allocation
1,503,normal,0,0,65535_65535,0,5,3069,1770,1,1,1,46,1770,15,1,1,allocated
1,503,normal,0,0,65535_65535,0,1,3069,1770,0,1,0,46,0,15,1,1,pre_allocation
1,503,normal,0,0,65535_65535,0,1,3069,1808,1,1,1,47,1808,15,1,1,allocated
1,503,normal,0,0,65535_65535,0,2,3069,1770,0,1,0,46,0,15,1,1,pre_allocation
1,503,normal,0,0,65535_65535,0,2,3069,1808,1,1,1,47,1808,15,1,1,allocated
1,503,normal,0,0,65535_65535,0,3,3069,1770,0,1,0,46,0,15,1,1,pre_allocation
1,503,normal,0,0,65535_65535,0,3,3069,1808,1,1,1,47,1808,15,1,1,allocated
1,503,normal,0,0,65535_65535,0,4,3069,1770,0,1,0,46,0,15,1,1,pre_allocation
1,503,normal,0,0,65535_65535,0,4,3069,1808,1,1,1,47,1808,15,1,1,allocated
1,503,normal,0,0,65535_65535,0,5,3069,1770,0,1,0,46,0,15,1,1,pre_allocation
1,503,normal,0,0,65535_65535,0,5,3069,1808,1,1,1,47,1808,15,1,1,allocated
1,503,normal,0,0,65535_65535,0,1,3069,1808,0,1,0,47,0,15,1,1,pre_allocation
1,503,normal,0,0,65535_65535,0,1,3069,1847,1,1,1,48,1847,15,1,1,allocated
1,503,normal,0,0,65535_65535,0,2,3069,1808,0,1,0,47,0,15,1,1,pre_allocation
1,503,normal,0,0,65535_65535,0,2,3069,1847,1,1,1,48,1847,15,1,1,allocated
1,503,normal,0,0,65535_65535,0,3,3069,1808,0,1,0,47,0,15,1,1,pre_allocation
1,503,normal,0,0,65535_65535,0,3,3069,1847,1,1,1,48,1847,15,1,1,allocated
1,503,normal,0,0,65535_65535,0,4,3069,1808,0,1,0,47,0,15,1,1,pre_allocation
1,503,normal,0,0,65535_65535,0,4,3069,1847,1,1,1,48,1847,15,1,1,allocated
1,503,normal,0,0,65535_65535,0,5,3069,1808,0,1,0,47,0,15,1,1,pre_allocation
1,503,normal,0,0,65535_65535,0,5,3069,1847,1,1,1,48,1847,15,1,1,allocated
1,503,normal,0,0,65535_65535,0,1,3069,1847,0,1,0,48,0,15,1,1,pre_allocation
1,503,normal,0,0,65535_65535,0,1,3069,1885,1,1,1,49,1885,15,1,1,allocated
1,503,normal,0,0,65535_65535,0,2,3069,1847,0,1,0,48,0,15,1,1,pre_allocation
1,503,normal,0,0,65535_65535,0,2,3069,1885,1,1,1,49,1885,15,1,1,allocated
1,503,normal,0,0,65535_65535,0,3,3069,1847,0,1,0,48,0,15,1,1,pre_allocation
1,503,normal,0,0,65535_65535,0,3,3069,1885,1,1,1,49,1885,15,1,1,allocated
1,503,normal,0,0,65535_65535,0,4,3069,1847,0,1,0,48,0,15,1,1,pre_allocation
1,503,normal,0,0,65535_65535,0,4,3069,1885,1,1,1,49,1885,15,1,1,allocated
1,503,normal,0,0,65535_65535,0,5,3069,1847,0,1,0,48,0,15,1,1,pre_allocation
1,503,normal,0,0,65535_65535,0,5,3069,1885,1,1,1,49,1885,15,1,1,allocated
1,503,normal,0,0,65535_65535,0,1,3069,1885,0,1,0,49,0,15,1,1,pre_allocation
1,503,normal,0,0,65535_65535,0,1,3069,1924,1,1,1,50,1924,15,1,1,allocated
1,503,normal,0,0,65535_65535,0,2,3069,1885,0,1,0,49,0,15,1,1,pre_allocation
1,503,normal,0,0,65535_65535,0,2,3069,1924,1,1,1,50,1924,15,1,1,allocated
1,503,normal,0,0,65535_65535,0,3,3069,1885,0,1,0,49,0,15,1,1,pre_allocation
1,503,normal,0,0,65535_65535,0,3,3069,1924,1,1,1,50,1924,15,1,1,allocated
1,503,normal,0,0,65535_65535,0,4,3069,1885,0,1,0,49,0,15,1,1,pre_allocation
1,503,normal,0,0,65535_65535,0,4,3069,1924,1,1,1,50,1924,15,1,1,allocated
1,503,normal,0,0,65535_65535,0,5,3069,1885,0,1,0,49,0,15,1,1,pre_allocation
1,503,normal,0,0,65535_65535,0,5,3069,1924,1,1,1,50,1924,15,1,1,allocated
1,503,normal,0,0,65535_65535,0,1,3069,1924,0,1,0,50,0,15,1,1,pre_allocation
1,503,normal,0,0,65535_65535,0,1,3069,1963,1,1,1,51,1963,15,1,1,allocated
1,503,normal,0,0,65535_65535,0,2,3069,1924,0,1,0,50,0,15,1,1,pre_allocation
1,503,normal,0,0,65535_65535,0,2,3069,1963,1,1,1,51,1963,15,1,1,allocated
1,503,normal,0,0,65535_65535,0,3,3069,1924,0,1,0,50,0,15,1,1,pre_allocation
1,503,normal,0,0,65535_65535,0,3,3069,1963,1,1,1,51,1963,15,1,1,allocated
1,503,normal,0,0,65535_65535,0,4,3069,1924,0,1,0,50,0,15,1,1,pre_allocation
1,503,normal,0,0,65535_65535,0,4,3069,1963,1,1,1,51,1963,15,1,1,allocated
1,503,normal,0,0,65535_65535,0,5,3069,1924,0,1,0,50,0,15,1,1,pre_allocation
1,503,normal,0,0,65535_65535,0,5,3069,1963,1,1,1,51,1963,15,1,1,allocated
1,503,normal,0,0,65535_65535,0,1,3069,1963,0,1,0,51,0,15,1,1,pre_allocation
1,503,normal,0,0,65535_65535,0,1,3069,2001,1,1,1,52,2001,15,1,1,allocated
1,503,normal,0,0,65535_65535,0,2,3069,1963,0,1,0,51,0,15,1,1,pre_allocation
1,503,normal,0,0,65535_65535,0,2,3069,2001,1,1,1,52,2001,15,1,1,allocated
1,503,normal,0,0,65535_65535,0,3,3069,1963,0,1,0,51,0,15,1,1,pre_allocation
1,503,normal,0,0,65535_65535,0,3,3069,2001,1,1,1,52,2001,15,1,1,allocated
1,503,normal,0,0,65535_65535,0,4,3069,1963,0,1,0,51,0,15,1,1,pre_allocation
1,503,normal,0,0,65535_65535,0,4,3069,2001,1,1,1,52,2001,15,1,1,allocated
1,503,normal,0,0,65535_65535,0,5,3069,1963,0,1,0,51,0,15,1,1,pre_allocation
1,503,normal,0,0,65535_65535,0,5,3069,2001,1,1,1,52,2001,15,1,1,allocated
1,503,normal,0,0,65535_65535,0,1,3069,2001,0,1,0,52,0,15,1,1,pre_allocation
1,503,normal,0,0,65535_65535,0,1,3069,2040,1,1,1,53,2040,15,1,1,allocated
1,503,normal,0,0,65535_65535,0,2,3069,2001,0,1,0,52,0,15,1,1,pre_allocation
1,503,normal,0,0,65535_65535,0,2,3069,2040,1,1,1,53,2040,15,1,1,allocated
1,503,normal,0,0,65535_65535,0,3,3069,2001,0,1,0,52,0,15,1,1,pre_allocation
1,503,normal,0,0,65535_65535,0,3,3069,2040,1,1,1,53,2040,15,1,1,allocated
1,503,normal,0,0,65535_65535,0,4,3069,2001,0,1,0,52,0,15,1,1,pre_allocation
1,503,normal,0,0,65535_65535,0,4,3069,2040,1,1,1,53,2040,15,1,1,allocated
1,503,normal,0,0,65535_65535,0,5,3069,2001,0,1,0,52,0,15,1,1,pre_allocation
1,503,normal,0,0,65535_65535,0,5,3069,2040,1,1,1,53,2040,15,1,1,allocated
1,503,normal,0,0,65535_65535,0,1,3069,2040,0,1,0,53,0,15,1,1,pre_allocation
1,503,normal,0,0,65535_65535,0,1,3069,2078,1,1,1,54,2078,15,1,1,allocated
93,601,normal,0,0,65535_65535,0,1,71124,0,0,1,0,0,0,28,1,1,pre_allocation
93,601,normal,0,0,65535_65535,0,1,71124,34,1,1,1,1,34,28,1,1,allocated
93,601,normal,0,0,65535_65535,0,2,65633,0,0,1,0,0,0,28,1,1,pre_allocation
93,601,normal,0,0,65535_65535,0,2,65633,34,1,1,1,1,34,28,1,1,allocated
93,601,normal,0,0,65535_65535,0,3,66355,0,0,1,0,0,0,28,1,1,pre_allocation
93,601,normal,0,0,65535_65535,0,3,66355,34,1,1,1,1,34,28,1,1,allocated
93,601,normal,0,0,65535_65535,0,4,67398,0,0,1,0,0,0,28,1,1,pre_allocation
93,601,normal,0,0,65535_65535,0,4,67398,34,1,1,1,1,34,28,1,1,allocated
93,601,normal,0,0,65535_65535,0,5,67800,0,0,1,0,0,0,28,1,1,pre_allocation
93,601,normal,0,0,65535_65535,0,5,67800,34,1,1,1,1,34,28,1,1,allocated
93,601,normal,0,0,65535_65535,0,1,71124,34,0,1,0,1,0,28,1,1,pre_allocation
93,601,normal,0,0,65535_65535,0,1,71124,72,1,1,1,2,72,28,1,1,allocated
93,601,normal,0,0,65535_65535,0,2,65633,34,0,1,0,1,0,28,1,1,pre_allocation
93,601,normal,0,0,65535_65535,0,2,65633,72,1,1,1,2,72,28,1,1,allocated
93,601,normal,0,0,65535_65535,0,3,66355,34,0,1,0,1,0,28,1,1,pre_allocation
93,601,normal,0,0,65535_65535,0,3,66355,72,1,1,1,2,72,28,1,1,allocated
93,601,normal,0,0,65535_65535,0,4,67398,34,0,1,0,1,0,28,1,1,pre_allocation
93,601,normal,0,0,65535_65535,0,4,67398,72,1,1,1,2,72,28,1,1,allocated
93,601,normal,0,0,65535_65535,0,5,67800,34,0,1,0,1,0,28,1,1,pre_allocation
93,601,normal,0,0,65535_65535,0,5,67800,72,1,1,1,2,72,28,1,1,allocated
93,601,normal,0,0,65535_65535,0,1,71124,72,0,1,0,2,0,28,1,1,pre_allocation
93,601,normal,0,0,65535_65535,0,1,71124,110,1,1,1,3,110,28,1,1,allocated
93,601,normal,0,0,65535_65535,0,2,65633,72,0,1,0,2,0,28,1,1,pre_allocation
93,601,normal,0,0,65535_65535,0,2,65633,110,1,1,1,3,110,28,1,1,allocated
93,601,normal,0,0,65535_65535,0,3,66355,72,0,1,0,2,0,28,1,1,pre_allocation
93,601,normal,0,0,65535_65535,0,3,66355,110,1,1,1,3,110,28,1,1,allocated
93,601,normal,0,0,65535_65535,0,4,67398,72,0,1,0,2,0,28,1,1,pre_allocation
93,601,normal,0,0,65535_65535,0,4,67398,110,1,1,1,3,110,28,1,1,allocated
93,601,normal,0,0,65535_65535,0,5,67800,72,0,1,0,2,0,28,1,1,pre_allocation
93,601,normal,0,0,65535_65535,0,5,67800,110,1,1,1,3,110,28,1,1,allocated
93,601,normal,0,0,65535_65535,0,1,71124,110,0,1,0,3,0,28,1,1,pre_allocation
93,601,normal,0,0,65535_65535,0,1,71124,148,1,1,1,4,148,28,1,1,allocated
93,601,normal,0,0,65535_65535,0,2,65633,110,0,1,0,3,0,28,1,1,pre_allocation
93,601,normal,0,0,65535_65535,0,2,65633,148,1,1,1,4,148,28,1,1,allocated
93,601,normal,0,0,65535_65535,0,3,66355,110,0,1,0,3,0,28,1,1,pre_allocation
93,601,normal,0,0,65535_65535,0,3,66355,148,1,1,1,4,148,28,1,1,allocated
93,601,normal,0,0,65535_65535,0,4,67398,110,0,1,0,3,0,28,1,1,pre_allocation
93,601,normal,0,0,65535_65535,0,4,67398,148,1,1,1,4,148,28,1,1,allocated
93,601,normal,0,0,65535_65535,0,5,67800,110,0,1,0,3,0,28,1,1,pre_allocation
93,601,normal,0,0,65535_65535,0,5,67800,148,1,1,1,4,148,28,1,1,allocated
93,601,normal,0,0,65535_65535,0,1,71124,148,0,1,0,4,0,28,1,1,pre_allocation
93,601,normal,0,0,65535_65535,0,1,71124,186,1,1,1,5,186,28,1,1,allocated
93,601,normal,0,0,65535_65535,0,2,65633,148,0,1,0,4,0,28,1,1,pre_allocation
93,601,normal,0,0,65535_65535,0,2,65633,186,1,1,1,5,186,28,1,1,allocated
93,601,normal,0,0,65535_65535,0,3,66355,148,0,1,0,4,0,28,1,1,pre_allocation
93,601,normal,0,0,65535_65535,0,3,66355,186,1,1,1,5,186,28,1,1,allocated
93,601,normal,0,0,65535_65535,0,4,67398,148,0,1,0,4,0,28,1,1,pre_allocation
93,601,normal,0,0,65535_65535,0,4,67398,186,1,1,1,5,186,28,1,1,allocated
93,601,normal,0,0,65535_65535,0,5,67800,148,0,1,0,4,0,28,1,1,pre_allocation
93,601,normal,0,0,65535_65535,0,5,67800,186,1,1,1,5,186,28,1,1,allocated
93,601,normal,0,0,65535_65535,0,1,71124,186,0,1,0,5,0,28,1,1,pre_allocation
93,601,normal,0,0,65535_65535,0,1,71124,224,1,1,1,6,224,28,1,1,allocated
93,601,normal,0,0,65535_65535,0,2,65633,186,0,1,0,5,0,28,1,1,pre_allocation
93,601,normal,0,0,65535_65535,0,2,65633,224,1,1,1,6,224,28,1,1,allocated
93,601,normal,0,0,65535_65535,0,3,66355,186,0,1,0,5,0,28,1,1,pre_allocation
93,601,normal,0,0,65535_65535,0,3,66355,224,1,1,1,6,224,28,1,1,allocated
93,601,normal,0,0,65535_65535,0,4,67398,186,0,1,0,5,0,28,1,1,pre_allocation
93,601,normal,0,0,65535_65535,0,4,67398,224,1,1,1,6,224,28,1,1,allocated
93,601,normal,0,0,65535_65535,0,5,67800,186,0,1,0,5,0,28,1,1,pre_allocation
93,601,normal,0,0,65535_65535,0,5,67800,224,1,1,1,6,224,28,1,1,allocated
93,601,normal,0,0,65535_65535,0,1,71124,224,0,1,0,6,0,28,1,1,pre_allocation
93,601,normal,0,0,65535_65535,0,1,71124,262,1,1,1,7,262,28,1,1,allocated
93,601,normal,0,0,65535_65535,0,2,65633,224,0,1,0,6,0,28,1,1,pre_allocation
93,601,normal,0,0,65535_65535,0,2,65633,262,1,1,1,7,262,28,1,1,allocated
93,601,normal,0,0,65535_65535,0,3,66355,224,0,1,0,6,0,28,1,1,pre_allocation
93,601,normal,0,0,65535_65535,0,3,66355,262,1,1,1,7,262,28,1,1,allocated
93,601,normal,0,0,65535_65535,0,4,67398,224,0,1,0,6,0,28,1,1,pre_allocation
93,601,normal,0,0,65535_65535,0,4,67398,262,1,1,1,7,262,28,1,1,allocated
93,601,normal,0,0,65535_65535,0,5,67800,224,0,1,0,6,0,28,1,1,pre_allocation
93,601,normal,0,0,65535_65535,0,5,67800,262,1,1,1,7,262,28,1,1,allocated
93,601,normal,0,0,65535_65535,0,1,71124,262,0,1,0,7,0,28,1,1,pre_allocation
93,601,normal,0,0,65535_65535,0,1,71124,300,1,1,1,8,300,28,1,1,allocated
93,601,normal,0,0,65535_65535,0,2,65633,262,0,1,0,7,0,28,1,1,pre_allocation
93,601,normal,0,0,65535_65535,0,2,65633,300,1,1,1,8,300,28,1,1,allocated
93,601,normal,0,0,65535_65535,0,3,66355,262,0,1,0,7,0,28,1,1,pre_allocation
93,601,normal,0,0,65535_65535,0,3,66355,300,1,1,1,8,300,28,1,1,allocated
93,601,normal,0,0,65535_65535,0,4,67398,262,0,1,0,7,0,28,1,1,pre_allocation
93,601,normal,0,0,65535_65535,0,4,67398,300,1,1,1,8,300,28,1,1,allocated
93,601,normal,0,0,65535_65535,0,5,67800,262,0,1,0,7,0,28,1,1,pre_allocation
93,601,normal,0,0,65535_65535,0,5,67800,300,1,1,1,8,300,28,1,1,allocated
93,601,normal,0,0,65535_65535,0,1,71124,300,0,1,0,8,0,28,1,1,pre_allocation
93,601,normal,0,0,65535_65535,0,1,71124,338,1,1,1,9,338,28,1,1,allocated
93,601,normal,0,0,65535_65535,0,2,65633,300,0,1,0,8,0,28,1,1,pre_allocation
93,601,normal,0,0,65535_65535,0,2,65633,338,1,1,1,9,338,28,1,1,allocated
93,601,normal,0,0,65535_65535,0,3,66355,300,0,1,0,8,0,28,1,1,pre_allocation
93,601,normal,0,0,65535_65535,0,3,66355,338,1,1,1,9,338,28,1,1,allocated
93,601,normal,0,0,65535_65535,0,4,67398,300,0,1,0,8,0,28,1,1,pre_allocation
93,601,normal,0,0,65535_65535,0,4,67398,338,1,1,1,9,338,28,1,1,allocated
93,601,normal,0,0,65535_65535,0,5,67800,300,0,1,0,8,0,28,1,1,pre_allocation
93,601,normal,0,0,65535_65535,0,5,67800,338,1,1,1,9,338,28,1,1,allocated
93,601,normal,0,0,65535_65535,0,1,71124,338,0,1,0,9,0,28,1,1,pre_allocation
93,601,normal,0,0,65535_65535,0,1,71124,376,1,1,1,10,376,28,1,1,allocated
93,601,normal,0,0,65535_65535,0,2,65633,338,0,1,0,9,0,28,1,1,pre_allocation
93,601,normal,0,0,65535_65535,0,2,65633,376,1,1,1,10,376,28,1,1,allocated
93,601,normal,0,0,65535_65535,0,3,66355,338,0,1,0,9,0,28,1,1,pre_allocation
93,601,normal,0,0,65535_65535,0,3,66355,376,1,1,1,10,376,28,1,1,allocated
93,601,normal,0,0,65535_65535,0,4,67398,338,0,1,0,9,0,28,1,1,pre_allocation
93,601,normal,0,0,65535_65535,0,4,67398,376,1,1,1,10,376,28,1,1,allocated
93,601,normal,0,0,65535_65535,0,5,67800,338,0,1,0,9,0,28,1,1,pre_allocation
93,601,normal,0,0,65535_65535,0,5,67800,376,1,1,1,10,376,28,1,1,allocated
93,601,normal,0,0,65535_65535,0,1,71124,376,0,1,0,10,0,28,1,1,pre_allocation
93,601,normal,0,0,65535_65535,0,1,71124,414,1,1,1,11,414,28,1,1,allocated
93,601,normal,0,0,65535_65535,0,2,65633,376,0,1,0,10,0,28,1,1,pre_allocation
93,601,normal,0,0,65535_65535,0,2,65633,414,1,1,1,11,414,28,1,1,allocated
93,601,normal,0,0,65535_65535,0,3,66355,376,0,1,0,10,0,28,1,1,pre_allocation
93,601,normal,0,0,65535_65535,0,3,66355,414,1,1,1,11,414,28,1,1,allocated
93,601,normal,0,0,65535_65535,0,4,67398,376,0,1,0,10,0,28,1,1,pre_allocation
93,601,normal,0,0,65535_65535,0,4,67398,414,1,1,1,11,414,28,1,1,allocated
93,601,normal,0,0,65535_65535,0,5,67800,376,0,1,0,10,0,28,1,1,pre_allocation
93,601,normal,0,0,65535_65535,0,5,67800,414,1,1,1,11,414,28,1,1,allocated
93,601,normal,0,0,65535_65535,0,1,71124,414,0,1,0,11,0,28,1,1,pre_allocation
93,601,normal,0,0,65535_65535,0,1,71124,452,1,1,1,12,452,28,1,1,allocated
93,601,normal,0,0,65535_65535,0,2,65633,414,0,1,0,11,0,28,1,1,pre_allocation
93,601,normal,0,0,65535_65535,0,2,65633,452,1,1,1,12,452,28,1,1,allocated
93,601,normal,0,0,65535_65535,0,3,66355,414,0,1,0,11,0,28,1,1,pre_allocation
93,601,normal,0,0,65535_65535,0,3,66355,452,1,1,1,12,452,28,1,1,allocated
93,601,normal,0,0,65535_65535,0,4,67398,414,0,1,0,11,0,28,1,1,pre_allocation
93,601,normal,0,0,65535_65535,0,4,67398,452,1,1,1,12,452,28,1,1,allocated
93,601,normal,0,0,65535_65535,0,5,67800,414,0,1,0,11,0,28,1,1,pre_allocation
93,601,normal,0,0,65535_65535,0,5,67800,452,1,1,1,12,452,28,1,1,allocated
93,601,normal,0,0,65535_65535,0,1,71124,452,0,1,0,12,0,28,1,1,pre_allocation
93,601,normal,0,0,65535_65535,0,1,71124,490,1,1,1,13,490,28,1,1,allocated
93,601,normal,0,0,65535_65535,0,2,65633,452,0,1,0,12,0,28,1,1,pre_allocation
93,601,normal,0,0,65535_65535,0,2,65633,490,1,1,1,13,490,28,1,1,allocated
93,601,normal,0,0,65535_65535,0,3,66355,452,0,1,0,12,0,28,1,1,pre_allocation
93,601,normal,0,0,65535_65535,0,3,66355,490,1,1,1,13,490,28,1,1,allocated
93,601,normal,0,0,65535_65535,0,4,67398,452,0,1,0,12,0,28,1,1,pre_allocation
93,601,normal,0,0,65535_65535,0,4,67398,490,1,1,1,13,490,28,1,1,allocated
93,601,normal,0,0,65535_65535,0,5,67800,452,0,1,0,12,0,28,1,1,pre_allocation
93,601,normal,0,0,65535_65535,0,5,67800,490,1,1,1,13,490,28,1,1,allocated
93,601,normal,0,0,65535_65535,0,1,71124,490,0,1,0,13,0,28,1,1,pre_allocation
93,601,normal,0,0,65535_65535,0,1,71124,528,1,1,1,14,528,28,1,1,allocated
93,601,normal,0,0,65535_65535,0,2,65633,490,0,1,0,13,0,28,1,1,pre_allocation
93,601,normal,0,0,65535_65535,0,2,65633,528,1,1,1,14,528,28,1,1,allocated
93,601,normal,0,0,65535_65535,0,3,66355,490,0,1,0,13,0,28,1,1,pre_allocation
93,601,normal,0,0,65535_65535,0,3,66355,528,1,1,1,14,528,28,1,1,allocated
93,601,normal,0,0,65535_65535,0,4,67398,490,0,1,0,13,0,28,1,1,pre_allocation
93,601,normal,0,0,65535_65535,0,4,67398,528,1,1,1,14,528,28,1,1,allocated
93,601,normal,0,0,65535_65535,0,5,67800,490,0,1,0,13,0,28,1,1,pre_allocation
93,601,normal,0,0,65535_65535,0,5,67800,528,1,1,1,14,528,28,1,1,allocated
93,601,normal,0,0,65535_65535,0,1,71124,528,0,1,0,14,0,28,1,1,pre_allocation
93,601,normal,0,0,65535_65535,0,1,71124,566,1,1,1,15,566,28,1,1,allocated
93,601,normal,0,0,65535_65535,0,2,65633,528,0,1,0,14,0,28,1,1,pre_allocation
93,601,normal,0,0,65535_65535,0,2,65633,566,1,1,1,15,566,28,1,1,allocated
93,601,normal,0,0,65535_65535,0,3,66355,528,0,1,0,14,0,28,1,1,pre_allocation
93,601,normal,0,0,65535_65535,0,3,66355,566,1,1,1,15,566,28,1,1,allocated
93,601,normal,0,0,65535_65535,0,4,67398,528,0,1,0,14,0,28,1,1,pre_allocation
93,601,normal,0,0,65535_65535,0,4,67398,566,1,1,1,15,566,28,1,1,allocated
93,601,normal,0,0,65535_65535,0,5,67800,528,0,1,0,14,0,28,1,1,pre_allocation
93,601,normal,0,0,65535_65535,0,5,67800,566,1,1,1,15,566,28,1,1,allocated
93,601,normal,0,0,65535_65535,0,1,71124,566,0,1,0,15,0,28,1,1,pre_allocation
93,601,normal,0,0,65535_65535,0,1,71124,604,1,1,1,16,604,28,1,1,allocated
93,601,normal,0,0,65535_65535,0,2,65633,566,0,1,0,15,0,28,1,1,pre_allocation
93,601,normal,0,0,65535_65535,0,2,65633,604,1,1,1,16,604,28,1,1,allocated
93,601,normal,0,0,65535_65535,0,3,66355,566,0,1,0,15,0,28,1,1,pre_allocation
93,601,normal,0,0,65535_65535,0,3,66355,604,1,1,1,16,604,28,1,1,allocated
93,601,normal,0,0,65535_65535,0,4,67398,566,0,1,0,15,0,28,1,1,pre_allocation
93,601,normal,0,0,65535_65535,0,4,67398,604,1,1,1,16,604,28,1,1,allocated
93,601,normal,0,0,65535_65535,0,5,67800,566,0,1,0,15,0,28,1,1,pre_allocation
93,601,normal,0,0,65535_65535,0,5,67800,604,1,1,1,16,604,28,1,1,allocated
93,601,normal,0,0,65535_65535,0,1,71124,604,0,1,0,16,0,28,1,1,pre_allocation
93,601,normal,0,0,65535_65535,0,1,71124,642,1,1,1,17,642,28,1,1,allocated
93,601,normal,0,0,65535_65535,0,2,65633,604,0,1,0,16,0,28,1,1,pre_allocation
93,601,normal,0,0,65535_65535,0,2,65633,642,1,1,1,17,642,28,1,1,allocated
93,601,normal,0,0,65535_65535,0,3,66355,604,0,1,0,16,0,28,1,1,pre_allocation
93,601,normal,0,0,65535_65535,0,3,66355,642,1,1,1,17,642,28,1,1,allocated
93,601,normal,0,0,65535_65535,0,4,67398,604,0,1,0,16,0,28,1,1,pre_allocation
93,601,normal,0,0,65535_65535,0,4,67398,642,1,1,1,17,642,28,1,1,allocated
93,601,normal,0,0,65535_65535,0,5,67800,604,0,1,0,16,0,28,1,1,pre_allocation
93,601,normal,0,0,65535_65535,0,5,67800,642,1,1,1,17,642,28,1,1,allocated
93,601,normal,0,0,65535_65535,0,1,71124,642,0,1,0,17,0,28,1,1,pre_allocation
93,601,normal,0,0,65535_65535,0,1,71124,680,1,1,1,18,680,28,1,1,allocated
93,601,normal,0,0,65535_65535,0,2,65633,642,0,1,0,17,0,28,1,1,pre_allocation
93,601,normal,0,0,65535_65535,0,2,65633,680,1,1,1,18,680,28,1,1,allocated
93,601,normal,0,0,65535_65535,0,3,66355,642,0,1,0,17,0,28,1,1,pre_allocation
93,601,normal,0,0,65535_65535,0,3,66355,680,1,1,1,18,680,28,1,1,allocated
93,601,normal,0,0,65535_65535,0,4,67398,642,0,1,0,17,0,28,1,1,pre_allocation
93,601,normal,0,0,65535_65535,0,4,67398,680,1,1,1,18,680,28,1,1,allocated
93,601,normal,0,0,65535_65535,0,5,67800,642,0,1,0,17,0,28,1,1,pre_allocation
93,601,normal,0,0,65535_65535,0,5,67800,680,1,1,1,18,680,28,1,1,allocated
93,601,normal,0,0,65535_65535,0,1,71124,680,0,1,0,18,0,28,1,1,pre_allocation
93,601,normal,0,0,65535_65535,0,1,71124,718,1,1,1,19,718,28,1,1,allocated
93,601,normal,0,0,65535_65535,0,2,65633,680,0,1,0,18,0,28,1,1,pre_allocation
93,601,normal,0,0,65535_65535,0,2,65633,718,1,1,1,19,718,28,1,1,allocated
93,601,normal,0,0,65535_65535,0,3,66355,680,0,1,0,18,0,28,1,1,pre_allocation
93,601,normal,0,0,65535_65535,0,3,66355,718,1,1,1,19,718,28,1,1,allocated
93,601,normal,0,0,65535_65535,0,4,67398,680,0,1,0,18,0,28,1,1,pre_allocation
93,601,normal,0,0,65535_65535,0,4,67398,718,1,1,1,19,718,28,1,1,allocated
93,601,normal,0,0,65535_65535,0,5,67800,680,0,1,0,18,0,28,1,1,pre_allocation
93,601,normal,0,0,65535_65535,0,5,67800,718,1,1,1,19,718,28,1,1,allocated
93,601,normal,0,0,65535_65535,0,1,71124,718,0,1,0,19,0,28,1,1,pre_allocation
93,601,normal,0,0,65535_65535,0,1,71124,756,1,1,1,20,756,28,1,1,allocated
93,601,normal,0,0,65535_65535,0,2,65633,718,0,1,0,19,0,28,1,1,pre_allocation
93,601,normal,0,0,65535_65535,0,2,65633,756,1,1,1,20,756,28,1,1,allocated
93,601,normal,0,0,65535_65535,0,3,66355,718,0,1,0,19,0,28,1,1,pre_allocation
93,601,normal,0,0,65535_65535,0,3,66355,756,1,1,1,20,756,28,1,1,allocated
93,601,normal,0,0,65535_65535,0,4,67398,718,0,1,0,19,0,28,1,1,pre_allocation
93,601,normal,0,0,65535_65535,0,4,67398,756,1,1,1,20,756,28,1,1,allocated
93,601,normal,0,0,65535_65535,0,5,67800,718,0,1,0,19,0,28,1,1,pre_allocation
93,601,normal,0,0,65535_65535,0,5,67800,756,1,1,1,20,756,28,1,1,allocated
93,601,normal,0,0,65535_65535,0,1,71124,756,0,1,0,20,0,28,1,1,pre_allocation
93,601,normal,0,0,65535_65535,0,1,71124,793,1,1,1,21,793,28,1,1,allocated
93,601,normal,0,0,65535_65535,0,2,65633,756,0,1,0,20,0,28,1,1,pre_allocation
93,601,normal,0,0,65535_65535,0,2,65633,793,1,1,1,21,793,28,1,1,allocated
93,601,normal,0,0,65535_65535,0,3,66355,756,0,1,0,20,0,28,1,1,pre_allocation
93,601,normal,0,0,65535_65535,0,3,66355,793,1,1,1,21,793,28,1,1,allocated
93,601,normal,0,0,65535_65535,1,6,87,0,0,1,0,0,0,28,1,1,pre_allocation
93,601,normal,0,0,65535_65535,1,6,87,34,1,1,1,1,34,28,1,1,allocated
93,601,normal,0,0,65535_65535,1,7,87,0,0,1,0,0,0,28,1,1,pre_allocation
93,601,normal,0,0,65535_65535,1,7,87,34,1,1,1,1,34,28,1,1,allocated
93,601,normal,0,0,65535_65535,1,9,87,0,0,1,0,0,0,28,1,1,pre_allocation
93,601,normal,0,0,65535_65535,1,9,87,34,1,1,1,1,34,28,1,1,allocated
93,601,normal,0,0,65535_65535,1,10,87,0,0,1,0,0,0,28,1,1,pre_allocation
93,601,normal,0,0,65535_65535,1,10,87,34,1,1,1,1,34,28,1,1,allocated
93,601,normal,0,0,65535_65535,1,6,87,34,0,1,0,1,0,28,1,1,pre_allocation
93,601,normal,0,0,65535_65535,1,6,87,72,1,1,1,2,72,28,1,1,allocated
93,601,normal,0,0,65535_65535,1,7,87,34,0,1,0,1,0,28,1,1,pre_allocation
93,601,normal,0,0,65535_65535,1,7,87,72,1,1,1,2,72,28,1,1,allocated
93,601,normal,0,0,65535_65535,1,9,87,34,0,1,0,1,0,28,1,1,pre_allocation
93,601,normal,0,0,65535_65535,1,9,87,72,1,1,1,2,72,28,1,1,allocated
93,601,normal,0,0,65535_65535,1,10,87,34,0,1,0,1,0,28,1,1,pre_allocation
93,601,normal,0,0,65535_65535,1,10,87,72,1,1,1,2,72,28,1,1,allocated
93,601,normal,0,0,65535_65535,1,6,87,72,0,1,0,2,0,28,1,1,pre_allocation
93,601,normal,0,0,65535_65535,1,6,87,110,1,1,1,3,110,28,1,1,allocated
93,601,normal,0,0,65535_65535,1,7,87,72,0,1,0,2,0,28,1,1,pre_allocation
93,601,normal,0,0,65535_65535,1,7,87,110,1,1,1,3,110,28,1,1,allocated
93,601,normal,0,0,65535_65535,1,9,87,72,0,1,0,2,0,28,1,1,pre_allocation
93,601,normal,0,0,65535_65535,1,9,87,110,1,1,1,3,110,28,1,1,allocated
93,601,normal,0,0,65535_65535,1,10,87,72,0,1,0,2,0,28,1,1,pre_allocation
93,601,normal,0,0,65535_65535,1,10,87,110,1,1,1,3,110,28,1,1,allocated
93,601,normal,0,0,65535_65535,1,6,87,110,0,1,0,3,0,28,1,1,pre_allocation
93,601,normal,0,0,65535_65535,1,6,87,148,1,1,1,4,148,28,1,1,allocated
93,601,normal,0,0,65535_65535,1,7,87,110,0,1,0,3,0,28,1,1,pre_allocation
93,601,normal,0,0,65535_65535,1,7,87,148,1,1,1,4,148,28,1,1,allocated
93,601,normal,0,0,65535_65535,1,9,87,110,0,1,0,3,0,28,1,1,pre_allocation
93,601,normal,0,0,65535_65535,1,9,87,148,1,1,1,4,148,28,1,1,allocated
93,601,normal,0,0,65535_65535,1,10,87,110,0,1,0,3,0,28,1,1,pre_allocation
93,601,normal,0,0,65535_65535,1,10,87,148,1,1,1,4,148,28,1,1,allocated
93,601,normal,0,0,65535_65535,1,6,87,148,0,1,0,4,0,28,1,1,pre_allocation
93,601,normal,0,0,65535_65535,1,6,87,186,1,1,1,5,186,28,1,1,allocated
93,601,normal,0,0,65535_65535,1,7,87,148,0,1,0,4,0,28,1,1,pre_allocation
93,601,normal,0,0,65535_65535,1,7,87,186,1,1,1,5,186,28,1,1,allocated
93,601,normal,0,0,65535_65535,1,9,87,148,0,1,0,4,0,28,1,1,pre_allocation
93,601,normal,0,0,65535_65535,1,9,87,186,1,1,1,5,186,28,1,1,allocated
93,601,normal,0,0,65535_65535,1,10,87,148,0,1,0,4,0,28,1,1,pre_allocation
93,601,normal,0,0,65535_65535,1,10,87,186,1,1,1,5,186,28,1,1,allocated
93,601,normal,0,0,65535_65535,1,6,87,186,0,1,0,5,0,28,1,1,pre_allocation
93,601,normal,0,0,65535_65535,1,6,87,224,1,1,1,6,224,28,1,1,allocated
93,601,normal,0,0,65535_65535,1,7,87,186,0,1,0,5,0,28,1,1,pre_allocation
93,601,normal,0,0,65535_65535,1,7,87,224,1,1,1,6,224,28,1,1,allocated
93,601,normal,0,0,65535_65535,1,9,87,186,0,1,0,5,0,28,1,1,pre_allocation
93,601,normal,0,0,65535_65535,1,9,87,224,1,1,1,6,224,28,1,1,allocated
93,601,normal,0,0,65535_65535,1,10,87,186,0,1,0,5,0,28,1,1,pre_allocation
93,601,normal,0,0,65535_65535,1,10,87,224,1,1,1,6,224,28,1,1,allocated
93,601,normal,0,0,65535_65535,1,6,87,224,0,1,0,6,0,28,1,1,pre_allocation
93,601,normal,0,0,65535_65535,1,6,87,262,1,1,1,7,262,28,1,1,allocated
93,601,normal,0,0,65535_65535,1,7,87,224,0,1,0,6,0,28,1,1,pre_allocation
93,601,normal,0,0,65535_65535,1,7,87,262,1,1,1,7,262,28,1,1,allocated
93,601,normal,0,0,65535_65535,1,9,87,224,0,1,0,6,0,28,1,1,pre_allocation
93,601,normal,0,0,65535_65535,1,9,87,262,1,1,1,7,262,28,1,1,allocated
93,601,normal,0,0,65535_65535,1,10,87,224,0,1,0,6,0,28,1,1,pre_allocation
93,601,normal,0,0,65535_65535,1,10,87,262,1,1,1,7,262,28,1,1,allocated
93,601,normal,0,0,65535_65535,1,6,87,262,0,1,0,7,0,28,1,1,pre_allocation
93,601,normal,0,0,65535_65535,1,6,87,300,1,1,1,8,300,28,1,1,allocated
93,601,normal,0,0,65535_65535,1,7,87,262,0,1,0,7,0,28,1,1,pre_allocation
93,601,normal,0,0,65535_65535,1,7,87,300,1,1,1,8,300,28,1,1,allocated
93,601,normal,0,0,65535_65535,1,9,87,262,0,1,0,7,0,28,1,1,pre_allocation
93,601,normal,0,0,65535_65535,1,9,87,300,1,1,1,8,300,28,1,1,allocated
93,601,normal,0,0,65535_65535,1,10,87,262,0,1,0,7,0,28,1,1,pre_allocation
93,601,normal,0,0,65535_65535,1,10,87,300,1,1,1,8,300,28,1,1,allocated
93,601,normal,0,0,65535_65535,1,6,87,300,0,1,0,8,0,28,1,1,pre_allocation
93,601,normal,0,0,65535_65535,1,6,87,338,1,1,1,9,338,28,1,1,allocated
93,601,normal,0,0,65535_65535,1,7,87,300,0,1,0,8,0,28,1,1,pre_allocation
93,601,normal,0,0,65535_65535,1,7,87,338,1,1,1,9,338,28,1,1,allocated
93,601,normal,0,0,65535_65535,1,9,87,300,0,1,0,8,0,28,1,1,pre_allocation
93,601,normal,0,0,65535_65535,1,9,87,338,1,1,1,9,338,28,1,1,allocated
93,601,normal,0,0,65535_65535,1,10,87,300,0,1,0,8,0,28,1,1,pre_allocation
93,601,normal,0,0,65535_65535,1,10,87,338,1,1,1,9,338,28,1,1,allocated
93,601,normal,0,0,65535_65535,1,6,87,338,0,1,0,9,0,28,1,1,pre_allocation
93,601,normal,0,0,65535_65535,1,6,87,376,1,1,1,10,376,28,1,1,allocated
93,601,normal,0,0,65535_65535,1,7,87,338,0,1,0,9,0,28,1,1,pre_allocation
93,601,normal,0,0,65535_65535,1,7,87,376,1,1,1,10,376,28,1,1,allocated
93,601,normal,0,0,65535_65535,1,9,87,338,0,1,0,9,0,28,1,1,pre_allocation
93,601,normal,0,0,65535_65535,1,9,87,376,1,1,1,10,376,28,1,1,allocated
93,601,normal,0,0,65535_65535,1,10,87,338,0,1,0,9,0,28,1,1,pre_allocation
93,601,normal,0,0,65535_65535,1,10,87,376,1,1,1,10,376,28,1,1,allocated
93,601,normal,0,0,65535_65535,1,6,87,376,0,1,0,10,0,28,1,1,pre_allocation
93,601,normal,0,0,65535_65535,1,6,87,414,1,1,1,11,414,28,1,1,allocated
93,601,normal,0,0,65535_65535,1,7,87,376,0,1,0,10,0,28,1,1,pre_allocation
93,601,normal,0,0,65535_65535,1,7,87,414,1,1,1,11,414,28,1,1,allocated
93,601,normal,0,0,65535_65535,1,9,87,376,0,1,0,10,0,28,1,1,pre_allocation
93,601,normal,0,0,65535_65535,1,9,87,414,1,1,1,11,414,28,1,1,allocated
93,601,normal,0,0,65535_65535,1,10,87,376,0,1,0,10,0,28,1,1,pre_allocation
93,601,normal,0,0,65535_65535,1,10,87,414,1,1,1,11,414,28,1,1,allocated
93,601,normal,0,0,65535_65535,1,6,87,414,0,1,0,11,0,28,1,1,pre_allocation
93,601,normal,0,0,65535_65535,1,6,87,452,1,1,1,12,452,28,1,1,allocated
93,601,normal,0,0,65535_65535,1,7,87,414,0,1,0,11,0,28,1,1,pre_allocation
93,601,normal,0,0,65535_65535,1,7,87,452,1,1,1,12,452,28,1,1,allocated
93,601,normal,0,0,65535_65535,1,9,87,414,0,1,0,11,0,28,1,1,pre_allocation
93,601,normal,0,0,65535_65535,1,9,87,452,1,1,1,12,452,28,1,1,allocated
93,601,normal,0,0,65535_65535,1,10,87,414,0,1,0,11,0,28,1,1,pre_allocation
93,601,normal,0,0,65535_65535,1,10,87,452,1,1,1,12,452,28,1,1,allocated
93,601,normal,0,0,65535_65535,1,6,87,452,0,1,0,12,0,28,1,1,pre_allocation
93,601,normal,0,0,65535_65535,1,6,87,490,1,1,1,13,490,28,1,1,allocated
93,601,normal,0,0,65535_65535,1,7,87,452,0,1,0,12,0,28,1,1,pre_allocation
93,601,normal,0,0,65535_65535,1,7,87,490,1,1,1,13,490,28,1,1,allocated
93,601,normal,0,0,65535_65535,1,9,87,452,0,1,0,12,0,28,1,1,pre_allocation
93,601,normal,0,0,65535_65535,1,9,87,490,1,1,1,13,490,28,1,1,allocated
93,601,normal,0,0,65535_65535,1,10,87,452,0,1,0,12,0,28,1,1,pre_allocation
93,601,normal,0,0,65535_65535,1,10,87,490,1,1,1,13,490,28,1,1,allocated
93,601,normal,0,0,65535_65535,1,6,87,490,0,1,0,13,0,28,1,1,pre_allocation
93,601,normal,0,0,65535_65535,1,6,87,528,1,1,1,14,528,28,1,1,allocated
93,601,normal,0,0,65535_65535,1,7,87,490,0,1,0,13,0,28,1,1,pre_allocation
93,601,normal,0,0,65535_65535,1,7,87,528,1,1,1,14,528,28,1,1,allocated
93,601,normal,0,0,65535_65535,1,9,87,490,0,1,0,13,0,28,1,1,pre_allocation
93,601,normal,0,0,65535_65535,1,9,87,528,1,1,1,14,528,28,1,1,allocated
93,601,normal,0,0,65535_65535,1,10,87,490,0,1,0,13,0,28,1,1,pre_allocation
93,601,normal,0,0,65535_65535,1,10,87,528,1,1,1,14,528,28,1,1,allocated
93,601,normal,0,0,65535_65535,1,6,87,528,0,1,0,14,0,28,1,1,pre_allocation
93,601,normal,0,0,65535_65535,1,6,87,566,1,1,1,15,566,28,1,1,allocated
93,601,normal,0,0,65535_65535,1,7,87,528,0,1,0,14,0,28,1,1,pre_allocation
93,601,normal,0,0,65535_65535,1,7,87,566,1,1,1,15,566,28,1,1,allocated
93,601,normal,0,0,65535_65535,1,9,87,528,0,1,0,14,0,28,1,1,pre_allocation
93,601,normal,0,0,65535_65535,1,9,87,566,1,1,1,15,566,28,1,1,allocated
93,601,normal,0,0,65535_65535,1,10,87,528,0,1,0,14,0,28,1,1,pre_allocation
93,601,normal,0,0,65535_65535,1,10,87,566,1,1,1,15,566,28,1,1,allocated
93,601,normal,0,0,65535_65535,1,6,87,566,0,1,0,15,0,28,1,1,pre_allocation
93,601,normal,0,0,65535_65535,1,6,87,604,1,1,1,16,604,28,1,1,allocated
93,601,normal,0,0,65535_65535,1,7,87,566,0,1,0,15,0,28,1,1,pre_allocation
93,601,normal,0,0,65535_65535,1,7,87,604,1,1,1,16,604,28,1,1,allocated
93,601,normal,0,0,65535_65535,1,9,87,566,0,1,0,15,0,28,1,1,pre_allocation
93,601,normal,0,0,65535_65535,1,9,87,604,1,1,1,16,604,28,1,1,allocated
93,601,normal,0,0,65535_65535,1,10,87,566,0,1,0,15,0,28,1,1,pre_allocation
93,601,normal,0,0,65535_65535,1,10,87,604,1,1,1,16,604,28,1,1,allocated
93,601,normal,0,0,65535_65535,1,6,87,604,0,1,0,16,0,28,1,1,pre_allocation
93,601,normal,0,0,65535_65535,1,6,87,642,1,1,1,17,642,28,1,1,allocated
93,601,normal,0,0,65535_65535,1,7,87,604,0,1,0,16,0,28,1,1,pre_allocation
93,601,normal,0,0,65535_65535,1,7,87,642,1,1,1,17,642,28,1,1,allocated
93,601,normal,0,0,65535_65535,1,9,87,604,0,1,0,16,0,28,1,1,pre_allocation
93,601,normal,0,0,65535_65535,1,9,87,642,1,1,1,17,642,28,1,1,allocated
93,601,normal,0,0,65535_65535,1,10,87,604,0,1,0,16,0,28,1,1,pre_allocation
93,601,normal,0,0,65535_65535,1,10,87,642,1,1,1,17,642,28,1,1,allocated
93,601,normal,0,0,65535_65535,1,6,87,642,0,1,0,17,0,28,1,1,pre_allocation
93,601,normal,0,0,65535_65535,1,6,87,680,1,1,1,18,680,28,1,1,allocated
93,601,normal,0,0,65535_65535,1,7,87,642,0,1,0,17,0,28,1,1,pre_allocation
93,601,normal,0,0,65535_65535,1,7,87,680,1,1,1,18,680,28,1,1,allocated
93,601,normal,0,0,65535_65535,1,9,87,642,0,1,0,17,0,28,1,1,pre_allocation
93,601,normal,0,0,65535_65535,1,9,87,680,1,1,1,18,680,28,1,1,allocated
93,601,normal,0,0,65535_65535,1,10,87,642,0,1,0,17,0,28,1,1,pre_allocation
93,601,normal,0,0,65535_65535,1,10,87,680,1,1,1,18,680,28,1,1,allocated
93,601,normal,0,0,65535_65535,1,6,87,680,0,1,0,18,0,28,1,1,pre_allocation
93,601,normal,0,0,65535_65535,1,6,87,718,1,1,1,19,718,28,1,1,allocated
93,601,normal,0,0,65535_65535,1,7,87,680,0,1,0,18,0,28,1,1,pre_allocation
93,601,normal,0,0,65535_65535,1,7,87,718,1,1,1,19,718,28,1,1,allocated
93,601,normal,0,0,65535_65535,1,9,87,680,0,1,0,18,0,28,1,1,pre_allocation
93,601,normal,0,0,65535_65535,1,9,87,718,1,1,1,19,718,28,1,1,allocated
93,601,normal,0,0,65535_65535,1,10,87,680,0,1,0,18,0,28,1,1,pre_allocation
93,601,normal,0,0,65535_65535,1,10,87,718,1,1,1,19,718,28,1,1,allocated
93,601,normal,0,0,65535_65535,1,6,87,718,0,1,0,19,0,28,1,1,pre_allocation
93,601,normal,0,0,65535_65535,1,6,87,756,1,1,1,20,756,28,1,1,allocated
93,601,normal,0,0,65535_65535,1,7,87,718,0,1,0,19,0,28,1,1,pre_allocation
93,601,normal,0,0,65535_65535,1,7,87,756,1,1,1,20,756,28,1,1,allocated
93,601,normal,0,0,65535_65535,1,9,87,718,0,1,0,19,0,28,1,1,pre_allocation
93,601,normal,0,0,65535_65535,1,9,87,756,1,1,1,20,756,28,1,1,allocated
93,601,normal,0,0,65535_65535,1,10,87,718,0,1,0,19,0,28,1,1,pre_allocation
93,601,normal,0,0,65535_65535,1,10,87,756,1,1,1,20,756,28,1,1,allocated
93,601,normal,0,0,65535_65535,1,6,87,756,0,1,0,20,0,28,1,1,pre_allocation
93,601,normal,0,0,65535_65535,1,6,87,793,1,1,1,21,793,28,1,1,allocated
93,601,normal,0,0,65535_65535,1,7,87,756,0,1,0,20,0,28,1,1,pre_allocation
93,601,normal,0,0,65535_65535,1,7,87,793,1,1,1,21,793,28,1,1,allocated
93,601,normal,0,0,65535_65535,1,9,87,756,0,1,0,20,0,28,1,1,pre_allocation
93,601,normal,0,0,65535_65535,1,9,87,793,1,1,1,21,793,28,1,1,allocated
93,601,normal,0,0,65535_65535,1,10,87,756,0,1,0,20,0,28,1,1,pre_allocation
93,601,normal,0,0,65535_65535,1,10,87,793,1,1,1,21,793,28,1,1,allocated
93,601,normal,0,0,65535_65535,1,6,87,793,0,1,0,21,0,28,1,1,pre_allocation
93,601,normal,0,0,65535_65535,1,6,87,831,1,1,1,22,831,28,1,1,allocated
93,601,normal,0,0,65535_65535,1,7,87,793,0,1,0,21,0,28,1,1,pre_allocation
93,601,normal,0,0,65535_65535,1,7,87,831,1,1,1,22,831,28,1,1,allocated
93,601,normal,0,0,65535_65535,1,9,87,793,0,1,0,21,0,28,1,1,pre_allocation
93,601,normal,0,0,65535_65535,1,9,87,831,1,1,1,22,831,28,1,1,allocated
93,601,normal,0,0,65535_65535,1,10,87,793,0,1,0,21,0,28,1,1,pre_allocation
93,601,normal,0,0,65535_65535,1,10,87,831,1,1,1,22,831,28,1,1,allocated
93,601,normal,0,0,65535_65535,1,6,87,831,0,1,0,22,0,28,1,1,pre_allocation
93,601,normal,0,0,65535_65535,1,6,87,869,1,1,1,23,869,28,1,1,allocated
93,601,normal,0,0,65535_65535,1,7,87,831,0,1,0,22,0,28,1,1,pre_allocation
93,601,normal,0,0,65535_65535,1,7,87,869,1,1,1,23,869,28,1,1,allocated
93,601,normal,0,0,65535_65535,1,9,87,831,0,1,0,22,0,28,1,1,pre_allocation
93,601,normal,0,0,65535_65535,1,9,87,869,1,1,1,23,869,28,1,1,allocated
93,601,normal,0,0,65535_65535,1,10,87,831,0,1,0,22,0,28,1,1,pre_allocation
93,601,normal,0,0,65535_65535,1,10,87,869,1,1,1,23,869,28,1,1,allocated
93,601,normal,0,0,65535_65535,1,6,87,869,0,1,0,23,0,28,1,1,pre_allocation
93,601,normal,0,0,65535_65535,1,6,87,907,1,1,1,24,907,28,1,1,allocated
93,601,normal,0,0,65535_65535,1,7,87,869,0,1,0,23,0,28,1,1,pre_allocation
93,601,normal,0,0,65535_65535,1,7,87,907,1,1,1,24,907,28,1,1,allocated
93,601,normal,0,0,65535_65535,1,9,87,869,0,1,0,23,0,28,1,1,pre_allocation
93,601,normal,0,0,65535_65535,1,9,87,907,1,1,1,24,907,28,1,1,allocated
93,601,normal,0,0,65535_65535,1,10,87,869,0,1,0,23,0,28,1,1,pre_allocation
93,601,normal,0,0,65535_65535,1,10,87,907,1,1,1,24,907,28,1,1,allocated
93,601,normal,0,0,65535_65535,1,6,87,907,0,1,0,24,0,28,1,1,pre_allocation
93,601,normal,0,0,65535_65535,1,6,87,945,1,1,1,25,945,28,1,1,allocated
93,601,normal,0,0,65535_65535,1,7,87,907,0,1,0,24,0,28,1,1,pre_allocation
93,601,normal,0,0,65535_65535,1,7,87,945,1,1,1,25,945,28,1,1,allocated
93,601,normal,0,0,65535_65535,1,9,87,907,0,1,0,24,0,28,1,1,pre_allocation
93,601,normal,0,0,65535_65535,1,9,87,945,1,1,1,25,945,28,1,1,allocated
93,601,normal,0,0,65535_65535,1,10,87,907,0,1,0,24,0,28,1,1,pre_allocation
93,601,normal,0,0,65535_65535,1,10,87,945,1,1,1,25,945,28,1,1,allocated
93,601,normal,0,0,65535_65535,1,6,87,945,0,1,0,25,0,28,1,1,pre_allocation
93,601,normal,0,0,65535_65535,1,6,87,983,1,1,1,26,983,28,1,1,allocated
93,601,normal,0,0,65535_65535,1,7,87,945,0,1,0,25,0,28,1,1,pre_allocation
93,601,normal,0,0,65535_65535,1,7,87,983,1,1,1,26,983,28,1,1,allocated
93,601,normal,0,0,65535_65535,1,9,87,945,0,1,0,25,0,28,1,1,pre_allocation
93,601,normal,0,0,65535_65535,1,9,87,983,1,1,1,26,983,28,1,1,allocated
93,601,normal,0,0,65535_65535,1,10,87,945,0,1,0,25,0,28,1,1,pre_allocation
93,601,normal,0,0,65535_65535,1,10,87,983,1,1,1,26,983,28,1,1,allocated
93,601,normal,0,0,65535_65535,1,6,87,983,0,1,0,26,0,28,1,1,pre_allocation
93,601,normal,0,0,65535_65535,1,6,87,1021,1,1,1,27,1021,28,1,1,allocated
93,601,normal,0,0,65535_65535,1,7,87,983,0,1,0,26,0,28,1,1,pre_allocation
93,601,normal,0,0,65535_65535,1,7,87,1021,1,1,1,27,1021,28,1,1,allocated
93,601,normal,0,0,65535_65535,1,9,87,983,0,1,0,26,0,28,1,1,pre_allocation
93,601,normal,0,0,65535_65535,1,9,87,1021,1,1,1,27,1021,28,1,1,allocated
93,601,normal,0,0,65535_65535,1,10,87,983,0,1,0,26,0,28,1,1,pre_allocation
93,601,normal,0,0,65535_65535,1,10,87,1021,1,1,1,27,1021,28,1,1,allocated
93,601,normal,0,0,65535_65535,1,6,87,1021,0,1,0,27,0,28,1,1,pre_allocation
93,601,normal,0,0,65535_65535,1,6,87,1059,1,1,1,28,1059,28,1,1,allocated
93,601,normal,0,0,65535_65535,1,7,87,1021,0,1,0,27,0,28,1,1,pre_allocation
93,601,normal,0,0,65535_65535,1,7,87,1059,1,1,1,28,1059,28,1,1,allocated
93,601,normal,0,0,65535_65535,1,9,87,1021,0,1,0,27,0,28,1,1,pre_allocation
93,601,normal,0,0,65535_65535,1,9,87,1059,1,1,1,28,1059,28,1,1,allocated
93,601,normal,0,0,65535_65535,1,10,87,1021,0,1,0,27,0,28,1,1,pre_allocation
93,601,normal,0,0,65535_65535,1,10,87,1059,1,1,1,28,1059,28,1,1,allocated
93,601,normal,0,0,65535_65535,1,6,87,1059,0,1,0,28,0,28,1,1,pre_allocation
93,601,normal,0,0,65535_65535,1,6,87,1097,1,1,1,29,1097,28,1,1,allocated
93,601,normal,0,0,65535_65535,1,7,87,1059,0,1,0,28,0,28,1,1,pre_allocation
93,601,normal,0,0,65535_65535,1,7,87,1097,1,1,1,29,1097,28,1,1,allocated
93,601,normal,0,0,65535_65535,1,9,87,1059,0,1,0,28,0,28,1,1,pre_allocation
93,601,normal,0,0,65535_65535,1,9,87,1097,1,1,1,29,1097,28,1,1,allocated
93,601,normal,0,0,65535_65535,1,10,87,1059,0,1,0,28,0,28,1,1,pre_allocation
93,601,normal,0,0,65535_65535,1,10,87,1097,1,1,1,29,1097,28,1,1,allocated
93,601,normal,0,0,65535_65535,1,6,87,1097,0,1,0,29,0,28,1,1,pre_allocation
93,601,normal,0,0,65535_65535,1,6,87,1135,1,1,1,30,1135,28,1,1,allocated
93,601,normal,0,0,65535_65535,1,7,87,1097,0,1,0,29,0,28,1,1,pre_allocation
93,601,normal,0,0,65535_65535,1,7,87,1135,1,1,1,30,1135,28,1,1,allocated
93,601,normal,0,0,65535_65535,1,9,87,1097,0,1,0,29,0,28,1,1,pre_allocation
93,601,normal,0,0,65535_65535,1,9,87,1135,1,1,1,30,1135,28,1,1,allocated
93,601,normal,0,0,65535_65535,1,10,87,1097,0,1,0,29,0,28,1,1,pre_allocation
93,601,normal,0,0,65535_65535,1,10,87,1135,1,1,1,30,1135,28,1,1,allocated
93,601,normal,0,0,65535_65535,1,6,87,1135,0,1,0,30,0,28,1,1,pre_allocation
93,601,normal,0,0,65535_65535,1,6,87,1173,1,1,1,31,1173,28,1,1,allocated
93,601,normal,0,0,65535_65535,1,7,87,1135,0,1,0,30,0,28,1,1,pre_allocation
93,601,normal,0,0,65535_65535,1,7,87,1173,1,1,1,31,1173,28,1,1,allocated
93,601,normal,0,0,65535_65535,1,9,87,1135,0,1,0,30,0,28,1,1,pre_allocation
93,601,normal,0,0,65535_65535,1,9,87,1173,1,1,1,31,1173,28,1,1,allocated
93,601,normal,0,0,65535_65535,1,10,87,1135,0,1,0,30,0,28,1,1,pre_allocation
93,601,normal,0,0,65535_65535,1,10,87,1173,1,1,1,31,1173,28,1,1,allocated
93,601,normal,0,0,65535_65535,1,6,87,1173,0,1,0,31,0,28,1,1,pre_allocation
93,601,normal,0,0,65535_65535,1,6,87,1211,1,1,1,32,1211,28,1,1,allocated
93,601,normal,0,0,65535_65535,1,7,87,1173,0,1,0,31,0,28,1,1,pre_allocation
93,601,normal,0,0,65535_65535,1,7,87,1211,1,1,1,32,1211,28,1,1,allocated
93,601,normal,0,0,65535_65535,1,9,87,1173,0,1,0,31,0,28,1,1,pre_allocation
93,601,normal,0,0,65535_65535,1,9,87,1211,1,1,1,32,1211,28,1,1,allocated
93,601,normal,0,0,65535_65535,1,10,87,1173,0,1,0,31,0,28,1,1,pre_allocation
93,601,normal,0,0,65535_65535,1,10,87,1211,1,1,1,32,1211,28,1,1,allocated
93,601,normal,0,0,65535_65535,1,6,87,1211,0,1,0,32,0,28,1,1,pre_allocation
93,601,normal,0,0,65535_65535,1,6,87,1249,1,1,1,33,1249,28,1,1,allocated
93,601,normal,0,0,65535_65535,1,7,87,1211,0,1,0,32,0,28,1,1,pre_allocation
93,601,normal,0,0,65535_65535,1,7,87,1249,1,1,1,33,1249,28,1,1,allocated
93,601,normal,0,0,65535_65535,1,9,87,1211,0,1,0,32,0,28,1,1,pre_allocation
93,601,normal,0,0,65535_65535,1,9,87,1249,1,1,1,33,1249,28,1,1,allocated
93,601,normal,0,0,65535_65535,1,10,87,1211,0,1,0,32,0,28,1,1,pre_allocation
93,601,normal,0,0,65535_65535,1,10,87,1249,1,1,1,33,1249,28,1,1,allocated
93,601,normal,0,0,65535_65535,1,6,87,1249,0,1,0,33,0,28,1,1,pre_allocation
93,601,normal,0,0,65535_65535,1,6,87,1287,1,1,1,34,1287,28,1,1,allocated
93,601,normal,0,0,65535_65535,1,7,87,1249,0,1,0,33,0,28,1,1,pre_allocation
93,601,normal,0,0,65535_65535,1,7,87,1287,1,1,1,34,1287,28,1,1,allocated
93,601,normal,0,0,65535_65535,1,9,87,1249,0,1,0,33,0,28,1,1,pre_allocation
93,601,normal,0,0,65535_65535,1,9,87,1287,1,1,1,34,1287,28,1,1,allocated
93,601,normal,0,0,65535_65535,1,10,87,1249,0,1,0,33,0,28,1,1,pre_allocation
93,601,normal,0,0,65535_65535,1,10,87,1287,1,1,1,34,1287,28,1,1,allocated
93,601,normal,0,0,65535_65535,1,6,87,1287,0,1,0,34,0,28,1,1,pre_allocation
93,601,normal,0,0,65535_65535,1,6,87,1325,1,1,1,35,1325,28,1,1,allocated
93,601,normal,0,0,65535_65535,1,7,87,1287,0,1,0,34,0,28,1,1,pre_allocation
93,601,normal,0,0,65535_65535,1,7,87,1325,1,1,1,35,1325,28,1,1,allocated
93,601,normal,0,0,65535_65535,1,9,87,1287,0,1,0,34,0,28,1,1,pre_allocation
93,601,normal,0,0,65535_65535,1,9,87,1325,1,1,1,35,1325,28,1,1,allocated
93,601,normal,0,0,65535_65535,1,10,87,1287,0,1,0,34,0,28,1,1,pre_allocation
93,601,normal,0,0,65535_65535,1,10,87,1325,1,1,1,35,1325,28,1,1,allocated
93,601,normal,0,0,65535_65535,1,6,87,1325,0,1,0,35,0,28,1,1,pre_allocation
93,601,normal,0,0,65535_65535,1,6,87,1363,1,1,1,36,1363,28,1,1,allocated
93,601,normal,0,0,65535_65535,1,7,87,1325,0,1,0,35,0,28,1,1,pre_allocation
93,601,normal,0,0,65535_65535,1,7,87,1363,1,1,1,36,1363,28,1,1,allocated
93,601,normal,0,0,65535_65535,1,9,87,1325,0,1,0,35,0,28,1,1,pre_allocation
93,601,normal,0,0,65535_65535,1,9,87,1363,1,1,1,36,1363,28,1,1,allocated
93,601,normal,0,0,65535_65535,1,10,87,1325,0,1,0,35,0,28,1,1,pre_allocation
93,601,normal,0,0,65535_65535,1,10,87,1363,1,1,1,36,1363,28,1,1,allocated
93,601,normal,0,0,65535_65535,1,6,87,1363,0,1,0,36,0,28,1,1,pre_allocation
93,601,normal,0,0,65535_65535,1,6,87,1401,1,1,1,37,1401,28,1,1,allocated
93,601,normal,0,0,65535_65535,1,7,87,1363,0,1,0,36,0,28,1,1,pre_allocation
93,601,normal,0,0,65535_65535,1,7,87,1401,1,1,1,37,1401,28,1,1,allocated
93,601,normal,0,0,65535_65535,1,9,87,1363,0,1,0,36,0,28,1,1,pre_allocation
93,601,normal,0,0,65535_65535,1,9,87,1401,1,1,1,37,1401,28,1,1,allocated
93,601,normal,0,0,65535_65535,1,10,87,1363,0,1,0,36,0,28,1,1,pre_allocation
93,601,normal,0,0,65535_65535,1,10,87,1401,1,1,1,37,1401,28,1,1,allocated
93,601,normal,0,0,65535_65535,1,6,87,1401,0,1,0,37,0,28,1,1,pre_allocation
93,601,normal,0,0,65535_65535,1,6,87,1439,1,1,1,38,1439,28,1,1,allocated
93,601,normal,0,0,65535_65535,1,7,87,1401,0,1,0,37,0,28,1,1,pre_allocation
93,601,normal,0,0,65535_65535,1,7,87,1439,1,1,1,38,1439,28,1,1,allocated
93,601,normal,0,0,65535_65535,1,9,87,1401,0,1,0,37,0,28,1,1,pre_allocation
93,601,normal,0,0,65535_65535,1,9,87,1439,1,1,1,38,1439,28,1,1,allocated
93,601,normal,0,0,65535_65535,1,10,87,1401,0,1,0,37,0,28,1,1,pre_allocation
93,601,normal,0,0,65535_65535,1,10,87,1439,1,1,1,38,1439,28,1,1,allocated
93,601,normal,0,0,65535_65535,1,6,87,1439,0,1,0,38,0,28,1,1,pre_allocation
93,601,normal,0,0,65535_65535,1,6,87,1477,1,1,1,39,1477,28,1,1,allocated
93,601,normal,0,0,65535_65535,1,7,87,1439,0,1,0,38,0,28,1,1,pre_allocation
93,601,normal,0,0,65535_65535,1,7,87,1477,1,1,1,39,1477,28,1,1,allocated
93,601,normal,0,0,65535_65535,1,9,87,1439,0,1,0,38,0,28,1,1,pre_allocation
93,601,normal,0,0,65535_65535,1,9,87,1477,1,1,1,39,1477,28,1,1,allocated
93,601,normal,0,0,65535_65535,1,10,87,1439,0,1,0,38,0,28,1,1,pre_allocation
93,601,normal,0,0,65535_65535,1,10,87,1477,1,1,1,39,1477,28,1,1,allocated
93,601,normal,0,0,65535_65535,1,6,87,1477,0,1,0,39,0,28,1,1,pre_allocation
93,601,normal,0,0,65535_65535,1,6,87,1515,1,1,1,40,1515,28,1,1,allocated
93,601,normal,0,0,65535_65535,1,7,87,1477,0,1,0,39,0,28,1,1,pre_allocation
93,601,normal,0,0,65535_65535,1,7,87,1515,1,1,1,40,1515,28,1,1,allocated
93,601,normal,0,0,65535_65535,1,9,87,1477,0,1,0,39,0,28,1,1,pre_allocation
93,601,normal,0,0,65535_65535,1,9,87,1515,1,1,1,40,1515,28,1,1,allocated
93,601,normal,0,0,65535_65535,1,10,87,1477,0,1,0,39,0,28,1,1,pre_allocation
93,601,normal,0,0,65535_65535,1,10,87,1515,1,1,1,40,1515,28,1,1,allocated
93,601,normal,0,0,65535_65535,1,6,87,1515,0,1,0,40,0,28,1,1,pre_allocation
93,601,normal,0,0,65535_65535,1,6,87,1549,1,1,1,41,1549,28,1,1,allocated
93,601,normal,0,0,65535_65535,1,7,87,1515,0,1,0,40,0,28,1,1,pre_allocation
93,601,normal,0,0,65535_65535,1,7,87,1549,1,1,1,41,1549,28,1,1,allocated
93,601,normal,0,0,65535_65535,1,9,87,1515,0,1,0,40,0,28,1,1,pre_allocation
93,601,normal,0,0,65535_65535,1,9,87,1549,1,1,1,41,1549,28,1,1,allocated
205,699,normal,0,0,65535_65535,0,1,71946,0,0,1,0,0,0,28,1,1,pre_allocation
205,699,normal,0,0,65535_65535,0,1,71946,42,1,1,1,1,42,28,1,1,allocated
205,699,normal,0,0,65535_65535,0,5,58810,0,0,1,0,0,0,28,1,1,pre_allocation
205,699,normal,0,0,65535_65535,0,5,58810,42,1,1,1,1,42,28,1,1,allocated
205,699,normal,0,0,65535_65535,0,4,57482,0,0,1,0,0,0,28,1,1,pre_allocation
205,699,normal,0,0,65535_65535,0,4,57482,42,1,1,1,1,42,28,1,1,allocated
205,699,normal,0,0,65535_65535,0,3,56487,0,0,1,0,0,0,28,1,1,pre_allocation
205,699,normal,0,0,65535_65535,0,3,56487,42,1,1,1,1,42,28,1,1,allocated
205,699,normal,0,0,65535_65535,0,2,55811,0,0,1,0,0,0,28,1,1,pre_allocation
205,699,normal,0,0,65535_65535,0,2,55811,42,1,1,1,1,42,28,1,1,allocated
205,699,normal,0,0,65535_65535,0,1,71946,42,0,1,0,1,0,28,1,1,pre_allocation
205,699,normal,0,0,65535_65535,0,1,71946,88,1,1,1,2,88,28,1,1,allocated
205,699,normal,0,0,65535_65535,0,5,58810,42,0,1,0,1,0,28,1,1,pre_allocation
205,699,normal,0,0,65535_65535,0,5,58810,88,1,1,1,2,88,28,1,1,allocated
205,699,normal,0,0,65535_65535,0,4,57482,42,0,1,0,1,0,28,1,1,pre_allocation
205,699,normal,0,0,65535_65535,0,4,57482,88,1,1,1,2,88,28,1,1,allocated
205,699,normal,0,0,65535_65535,0,3,56487,42,0,1,0,1,0,28,1,1,pre_allocation
205,699,normal,0,0,65535_65535,0,3,56487,88,1,1,1,2,88,28,1,1,allocated
205,699,normal,0,0,65535_65535,0,2,55811,42,0,1,0,1,0,28,1,1,pre_allocation
205,699,normal,0,0,65535_65535,0,2,55811,88,1,1,1,2,88,28,1,1,allocated
205,699,normal,0,0,65535_65535,0,1,71946,88,0,1,0,2,0,28,1,1,pre_allocation
205,699,normal,0,0,65535_65535,0,1,71946,133,1,1,1,3,133,28,1,1,allocated
205,699,normal,0,0,65535_65535,0,5,58810,88,0,1,0,2,0,28,1,1,pre_allocation
205,699,normal,0,0,65535_65535,0,5,58810,133,1,1,1,3,133,28,1,1,allocated
205,699,normal,0,0,65535_65535,0,4,57482,88,0,1,0,2,0,28,1,1,pre_allocation
205,699,normal,0,0,65535_65535,0,4,57482,133,1,1,1,3,133,28,1,1,allocated
205,699,normal,0,0,65535_65535,0,3,56487,88,0,1,0,2,0,28,1,1,pre_allocation
205,699,normal,0,0,65535_65535,0,3,56487,133,1,1,1,3,133,28,1,1,allocated
205,699,normal,0,0,65535_65535,0,2,55811,88,0,1,0,2,0,28,1,1,pre_allocation
205,699,normal,0,0,65535_65535,0,2,55811,133,1,1,1,3,133,28,1,1,allocated
205,699,normal,0,0,65535_65535,0,1,71946,133,0,1,0,3,0,28,1,1,pre_allocation
205,699,normal,0,0,65535_65535,0,1,71946,179,1,1,1,4,179,28,1,1,allocated
205,699,normal,0,0,65535_65535,0,5,58810,133,0,1,0,3,0,28,1,1,pre_allocation
205,699,normal,0,0,65535_65535,0,5,58810,179,1,1,1,4,179,28,1,1,allocated
205,699,normal,0,0,65535_65535,0,4,57482,133,0,1,0,3,0,28,1,1,pre_allocation
205,699,normal,0,0,65535_65535,0,4,57482,179,1,1,1,4,179,28,1,1,allocated
205,699,normal,0,0,65535_65535,0,3,56487,133,0,1,0,3,0,28,1,1,pre_allocation
205,699,normal,0,0,65535_65535,0,3,56487,179,1,1,1,4,179,28,1,1,allocated
205,699,normal,0,0,65535_65535,0,2,55811,133,0,1,0,3,0,28,1,1,pre_allocation
205,699,normal,0,0,65535_65535,0,2,55811,179,1,1,1,4,179,28,1,1,allocated
205,699,normal,0,0,65535_65535,0,1,71946,179,0,1,0,4,0,28,1,1,pre_allocation
205,699,normal,0,0,65535_65535,0,1,71946,224,1,1,1,5,224,28,1,1,allocated
205,699,normal,0,0,65535_65535,0,5,58810,179,0,1,0,4,0,28,1,1,pre_allocation
205,699,normal,0,0,65535_65535,0,5,58810,224,1,1,1,5,224,28,1,1,allocated
205,699,normal,0,0,65535_65535,0,4,57482,179,0,1,0,4,0,28,1,1,pre_allocation
205,699,normal,0,0,65535_65535,0,4,57482,224,1,1,1,5,224,28,1,1,allocated
205,699,normal,0,0,65535_65535,0,3,56487,179,0,1,0,4,0,28,1,1,pre_allocation
205,699,normal,0,0,65535_65535,0,3,56487,224,1,1,1,5,224,28,1,1,allocated
205,699,normal,0,0,65535_65535,0,2,55811,179,0,1,0,4,0,28,1,1,pre_allocation
205,699,normal,0,0,65535_65535,0,2,55811,224,1,1,1,5,224,28,1,1,allocated
205,699,normal,0,0,65535_65535,0,1,71946,224,0,1,0,5,0,28,1,1,pre_allocation
205,699,normal,0,0,65535_65535,0,1,71946,270,1,1,1,6,270,28,1,1,allocated
205,699,normal,0,0,65535_65535,0,5,58810,224,0,1,0,5,0,28,1,1,pre_allocation
205,699,normal,0,0,65535_65535,0,5,58810,270,1,1,1,6,270,28,1,1,allocated
205,699,normal,0,0,65535_65535,0,4,57482,224,0,1,0,5,0,28,1,1,pre_allocation
205,699,normal,0,0,65535_65535,0,4,57482,270,1,1,1,6,270,28,1,1,allocated
205,699,normal,0,0,65535_65535,0,3,56487,224,0,1,0,5,0,28,1,1,pre_allocation
205,699,normal,0,0,65535_65535,0,3,56487,270,1,1,1,6,270,28,1,1,allocated
205,699,normal,0,0,65535_65535,0,2,55811,224,0,1,0,5,0,28,1,1,pre_allocation
205,699,normal,0,0,65535_65535,0,2,55811,270,1,1,1,6,270,28,1,1,allocated
205,699,normal,0,0,65535_65535,0,1,71946,270,0,1,0,6,0,28,1,1,pre_allocation
205,699,normal,0,0,65535_65535,0,1,71946,315,1,1,1,7,315,28,1,1,allocated
205,699,normal,0,0,65535_65535,0,5,58810,270,0,1,0,6,0,28,1,1,pre_allocation
205,699,normal,0,0,65535_65535,0,5,58810,315,1,1,1,7,315,28,1,1,allocated
205,699,normal,0,0,65535_65535,0,4,57482,270,0,1,0,6,0,28,1,1,pre_allocation
205,699,normal,0,0,65535_65535,0,4,57482,315,1,1,1,7,315,28,1,1,allocated
205,699,normal,0,0,65535_65535,0,3,56487,270,0,1,0,6,0,28,1,1,pre_allocation
205,699,normal,0,0,65535_65535,0,3,56487,315,1,1,1,7,315,28,1,1,allocated
205,699,normal,0,0,65535_65535,0,2,55811,270,0,1,0,6,0,28,1,1,pre_allocation
205,699,normal,0,0,65535_65535,0,2,55811,315,1,1,1,7,315,28,1,1,allocated
205,699,normal,0,0,65535_65535,0,1,71946,315,0,1,0,7,0,28,1,1,pre_allocation
205,699,normal,0,0,65535_65535,0,1,71946,361,1,1,1,8,361,28,1,1,allocated
205,699,normal,0,0,65535_65535,0,5,58810,315,0,1,0,7,0,28,1,1,pre_allocation
205,699,normal,0,0,65535_65535,0,5,58810,361,1,1,1,8,361,28,1,1,allocated
205,699,normal,0,0,65535_65535,0,4,57482,315,0,1,0,7,0,28,1,1,pre_allocation
205,699,normal,0,0,65535_65535,0,4,57482,361,1,1,1,8,361,28,1,1,allocated
205,699,normal,0,0,65535_65535,0,3,56487,315,0,1,0,7,0,28,1,1,pre_allocation
205,699,normal,0,0,65535_65535,0,3,56487,361,1,1,1,8,361,28,1,1,allocated
205,699,normal,0,0,65535_65535,0,2,55811,315,0,1,0,7,0,28,1,1,pre_allocation
205,699,normal,0,0,65535_65535,0,2,55811,361,1,1,1,8,361,28,1,1,allocated
205,699,normal,0,0,65535_65535,0,1,71946,361,0,1,0,8,0,28,1,1,pre_allocation
205,699,normal,0,0,65535_65535,0,1,71946,406,1,1,1,9,406,28,1,1,allocated
205,699,normal,0,0,65535_65535,0,5,58810,361,0,1,0,8,0,28,1,1,pre_allocation
205,699,normal,0,0,65535_65535,0,5,58810,406,1,1,1,9,406,28,1,1,allocated
205,699,normal,0,0,65535_65535,0,4,57482,361,0,1,0,8,0,28,1,1,pre_allocation
205,699,normal,0,0,65535_65535,0,4,57482,406,1,1,1,9,406,28,1,1,allocated
205,699,normal,0,0,65535_65535,0,3,56487,361,0,1,0,8,0,28,1,1,pre_allocation
205,699,normal,0,0,65535_65535,0,3,56487,406,1,1,1,9,406,28,1,1,allocated
205,699,normal,0,0,65535_65535,1,9,87,0,0,1,0,0,0,28,1,1,pre_allocation
205,699,normal,0,0,65535_65535,1,9,87,42,1,1,1,1,42,28,1,1,allocated
205,699,normal,0,0,65535_65535,1,10,87,0,0,1,0,0,0,28,1,1,pre_allocation
205,699,normal,0,0,65535_65535,1,10,87,42,1,1,1,1,42,28,1,1,allocated
205,699,normal,0,0,65535_65535,1,7,87,0,0,1,0,0,0,28,1,1,pre_allocation
205,699,normal,0,0,65535_65535,1,7,87,42,1,1,1,1,42,28,1,1,allocated
205,699,normal,0,0,65535_65535,1,6,87,0,0,1,0,0,0,28,1,1,pre_allocation
205,699,normal,0,0,65535_65535,1,6,87,42,1,1,1,1,42,28,1,1,allocated
205,699,normal,0,0,65535_65535,1,9,87,42,0,1,0,1,0,28,1,1,pre_allocation
205,699,normal,0,0,65535_65535,1,9,87,88,1,1,1,2,88,28,1,1,allocated
205,699,normal,0,0,65535_65535,1,10,87,42,0,1,0,1,0,28,1,1,pre_allocation
205,699,normal,0,0,65535_65535,1,10,87,88,1,1,1,2,88,28,1,1,allocated
205,699,normal,0,0,65535_65535,1,7,87,42,0,1,0,1,0,28,1,1,pre_allocation
205,699,normal,0,0,65535_65535,1,7,87,88,1,1,1,2,88,28,1,1,allocated
205,699,normal,0,0,65535_65535,1,6,87,42,0,1,0,1,0,28,1,1,pre_allocation
205,699,normal,0,0,65535_65535,1,6,87,88,1,1,1,2,88,28,1,1,allocated
205,699,normal,0,0,65535_65535,1,9,87,88,0,1,0,2,0,28,1,1,pre_allocation
205,699,normal,0,0,65535_65535,1,9,87,133,1,1,1,3,133,28,1,1,allocated
205,699,normal,0,0,65535_65535,1,10,87,88,0,1,0,2,0,28,1,1,pre_allocation
205,699,normal,0,0,65535_65535,1,10,87,133,1,1,1,3,133,28,1,1,allocated
205,699,normal,0,0,65535_65535,1,7,87,88,0,1,0,2,0,28,1,1,pre_allocation
205,699,normal,0,0,65535_65535,1,7,87,133,1,1,1,3,133,28,1,1,allocated
205,699,normal,0,0,65535_65535,1,6,87,88,0,1,0,2,0,28,1,1,pre_allocation
205,699,normal,0,0,65535_65535,1,6,87,133,1,1,1,3,133,28,1,1,allocated
205,699,normal,0,0,65535_65535,1,9,87,133,0,1,0,3,0,28,1,1,pre_allocation
205,699,normal,0,0,65535_65535,1,9,87,179,1,1,1,4,179,28,1,1,allocated
205,699,normal,0,0,65535_65535,1,10,87,133,0,1,0,3,0,28,1,1,pre_allocation
205,699,normal,0,0,65535_65535,1,10,87,179,1,1,1,4,179,28,1,1,allocated
205,699,normal,0,0,65535_65535,1,7,87,133,0,1,0,3,0,28,1,1,pre_allocation
205,699,normal,0,0,65535_65535,1,7,87,179,1,1,1,4,179,28,1,1,allocated
205,699,normal,0,0,65535_65535,1,6,87,133,0,1,0,3,0,28,1,1,pre_allocation
205,699,normal,0,0,65535_65535,1,6,87,179,1,1,1,4,179,28,1,1,allocated
205,699,normal,0,0,65535_65535,1,9,87,179,0,1,0,4,0,28,1,1,pre_allocation
205,699,normal,0,0,65535_65535,1,9,87,224,1,1,1,5,224,28,1,1,allocated
205,699,normal,0,0,65535_65535,1,10,87,179,0,1,0,4,0,28,1,1,pre_allocation
205,699,normal,0,0,65535_65535,1,10,87,224,1,1,1,5,224,28,1,1,allocated
205,699,normal,0,0,65535_65535,1,7,87,179,0,1,0,4,0,28,1,1,pre_allocation
205,699,normal,0,0,65535_65535,1,7,87,224,1,1,1,5,224,28,1,1,allocated
205,699,normal,0,0,65535_65535,1,6,87,179,0,1,0,4,0,28,1,1,pre_allocation
205,699,normal,0,0,65535_65535,1,6,87,224,1,1,1,5,224,28,1,1,allocated
205,699,normal,0,0,65535_65535,1,9,87,224,0,1,0,5,0,28,1,1,pre_allocation
205,699,normal,0,0,65535_65535,1,9,87,270,1,1,1,6,270,28,1,1,allocated
205,699,normal,0,0,65535_65535,1,10,87,224,0,1,0,5,0,28,1,1,pre_allocation
205,699,normal,0,0,65535_65535,1,10,87,270,1,1,1,6,270,28,1,1,allocated
205,699,normal,0,0,65535_65535,1,7,87,224,0,1,0,5,0,28,1,1,pre_allocation
205,699,normal,0,0,65535_65535,1,7,87,270,1,1,1,6,270,28,1,1,allocated
205,699,normal,0,0,65535_65535,1,6,87,224,0,1,0,5,0,28,1,1,pre_allocation
205,699,normal,0,0,65535_65535,1,6,87,270,1,1,1,6,270,28,1,1,allocated
205,699,normal,0,0,65535_65535,1,9,87,270,0,1,0,6,0,28,1,1,pre_allocation
205,699,normal,0,0,65535_65535,1,9,87,315,1,1,1,7,315,28,1,1,allocated
205,699,normal,0,0,65535_65535,1,10,87,270,0,1,0,6,0,28,1,1,pre_allocation
205,699,normal,0,0,65535_65535,1,10,87,315,1,1,1,7,315,28,1,1,allocated
205,699,normal,0,0,65535_65535,1,7,87,270,0,1,0,6,0,28,1,1,pre_allocation
205,699,normal,0,0,65535_65535,1,7,87,315,1,1,1,7,315,28,1,1,allocated
205,699,normal,0,0,65535_65535,1,6,87,270,0,1,0,6,0,28,1,1,pre_allocation
205,699,normal,0,0,65535_65535,1,6,87,315,1,1,1,7,315,28,1,1,allocated
205,699,normal,0,0,65535_65535,1,9,87,315,0,1,0,7,0,28,1,1,pre_allocation
205,699,normal,0,0,65535_65535,1,9,87,361,1,1,1,8,361,28,1,1,allocated
205,699,normal,0,0,65535_65535,1,10,87,315,0,1,0,7,0,28,1,1,pre_allocation
205,699,normal,0,0,65535_65535,1,10,87,361,1,1,1,8,361,28,1,1,allocated
205,699,normal,0,0,65535_65535,1,7,87,315,0,1,0,7,0,28,1,1,pre_allocation
205,699,normal,0,0,65535_65535,1,7,87,361,1,1,1,8,361,28,1,1,allocated
205,699,normal,0,0,65535_65535,1,6,87,315,0,1,0,7,0,28,1,1,pre_allocation
205,699,normal,0,0,65535_65535,1,6,87,361,1,1,1,8,361,28,1,1,allocated
205,699,normal,0,0,65535_65535,1,9,87,361,0,1,0,8,0,28,1,1,pre_allocation
205,699,normal,0,0,65535_65535,1,9,87,406,1,1,1,9,406,28,1,1,allocated
205,699,normal,0,0,65535_65535,1,10,87,361,0,1,0,8,0,28,1,1,pre_allocation
205,699,normal,0,0,65535_65535,1,10,87,406,1,1,1,9,406,28,1,1,allocated
205,699,normal,0,0,65535_65535,1,7,87,361,0,1,0,8,0,28,1,1,pre_allocation
205,699,normal,0,0,65535_65535,1,7,87,406,1,1,1,9,406,28,1,1,allocated
205,699,normal,0,0,65535_65535,1,6,87,361,0,1,0,8,0,28,1,1,pre_allocation
205,699,normal,0,0,65535_65535,1,6,87,406,1,1,1,9,406,28,1,1,allocated
205,699,normal,0,0,65535_65535,1,9,87,406,0,1,0,9,0,28,1,1,pre_allocation
205,699,normal,0,0,65535_65535,1,9,87,452,1,1,1,10,452,28,1,1,allocated
205,699,normal,0,0,65535_65535,1,10,87,406,0,1,0,9,0,28,1,1,pre_allocation
205,699,normal,0,0,65535_65535,1,10,87,452,1,1,1,10,452,28,1,1,allocated
205,699,normal,0,0,65535_65535,1,7,87,406,0,1,0,9,0,28,1,1,pre_allocation
205,699,normal,0,0,65535_65535,1,7,87,452,1,1,1,10,452,28,1,1,allocated
205,699,normal,0,0,65535_65535,1,6,87,406,0,1,0,9,0,28,1,1,pre_allocation
205,699,normal,0,0,65535_65535,1,6,87,452,1,1,1,10,452,28,1,1,allocated
205,699,normal,0,0,65535_65535,1,9,87,452,0,1,0,10,0,28,1,1,pre_allocation
205,699,normal,0,0,65535_65535,1,9,87,497,1,1,1,11,497,28,1,1,allocated
205,699,normal,0,0,65535_65535,1,10,87,452,0,1,0,10,0,28,1,1,pre_allocation
205,699,normal,0,0,65535_65535,1,10,87,497,1,1,1,11,497,28,1,1,allocated
205,699,normal,0,0,65535_65535,1,7,87,452,0,1,0,10,0,28,1,1,pre_allocation
205,699,normal,0,0,65535_65535,1,7,87,497,1,1,1,11,497,28,1,1,allocated
205,699,normal,0,0,65535_65535,1,6,87,452,0,1,0,10,0,28,1,1,pre_allocation
205,699,normal,0,0,65535_65535,1,6,87,497,1,1,1,11,497,28,1,1,allocated
205,699,normal,0,0,65535_65535,1,9,87,497,0,1,0,11,0,28,1,1,pre_allocation
205,699,normal,0,0,65535_65535,1,9,87,543,1,1,1,12,543,28,1,1,allocated
205,699,normal,0,0,65535_65535,1,10,87,497,0,1,0,11,0,28,1,1,pre_allocation
205,699,normal,0,0,65535_65535,1,10,87,543,1,1,1,12,543,28,1,1,allocated
205,699,normal,0,0,65535_65535,1,7,87,497,0,1,0,11,0,28,1,1,pre_allocation
205,699,normal,0,0,65535_65535,1,7,87,543,1,1,1,12,543,28,1,1,allocated
205,699,normal,0,0,65535_65535,1,6,87,497,0,1,0,11,0,28,1,1,pre_allocation
205,699,normal,0,0,65535_65535,1,6,87,543,1,1,1,12,543,28,1,1,allocated
205,699,normal,0,0,65535_65535,1,9,87,543,0,1,0,12,0,28,1,1,pre_allocation
205,699,normal,0,0,65535_65535,1,9,87,589,1,1,1,13,589,28,1,1,allocated
205,699,normal,0,0,65535_65535,1,10,87,543,0,1,0,12,0,28,1,1,pre_allocation
205,699,normal,0,0,65535_65535,1,10,87,589,1,1,1,13,589,28,1,1,allocated
205,699,normal,0,0,65535_65535,1,7,87,543,0,1,0,12,0,28,1,1,pre_allocation
205,699,normal,0,0,65535_65535,1,7,87,589,1,1,1,13,589,28,1,1,allocated
205,699,normal,0,0,65535_65535,1,6,87,543,0,1,0,12,0,28,1,1,pre_allocation
205,699,normal,0,0,65535_65535,1,6,87,589,1,1,1,13,589,28,1,1,allocated
205,699,normal,0,0,65535_65535,1,9,87,589,0,1,0,13,0,28,1,1,pre_allocation
205,699,normal,0,0,65535_65535,1,9,87,634,1,1,1,14,634,28,1,1,allocated
205,699,normal,0,0,65535_65535,1,10,87,589,0,1,0,13,0,28,1,1,pre_allocation
205,699,normal,0,0,65535_65535,1,10,87,634,1,1,1,14,634,28,1,1,allocated
205,699,normal,0,0,65535_65535,1,7,87,589,0,1,0,13,0,28,1,1,pre_allocation
205,699,normal,0,0,65535_65535,1,7,87,634,1,1,1,14,634,28,1,1,allocated
205,699,normal,0,0,65535_65535,1,6,87,589,0,1,0,13,0,28,1,1,pre_allocation
205,699,normal,0,0,65535_65535,1,6,87,634,1,1,1,14,634,28,1,1,allocated
205,699,normal,0,0,65535_65535,1,9,87,634,0,1,0,14,0,28,1,1,pre_allocation
205,699,normal,0,0,65535_65535,1,9,87,680,1,1,1,15,680,28,1,1,allocated
205,699,normal,0,0,65535_65535,1,10,87,634,0,1,0,14,0,28,1,1,pre_allocation
205,699,normal,0,0,65535_65535,1,10,87,680,1,1,1,15,680,28,1,1,allocated
205,699,normal,0,0,65535_65535,1,7,87,634,0,1,0,14,0,28,1,1,pre_allocation
205,699,normal,0,0,65535_65535,1,7,87,680,1,1,1,15,680,28,1,1,allocated
205,699,normal,0,0,65535_65535,1,6,87,634,0,1,0,14,0,28,1,1,pre_allocation
205,699,normal,0,0,65535_65535,1,6,87,680,1,1,1,15,680,28,1,1,allocated
205,699,normal,0,0,65535_65535,1,9,87,680,0,1,0,15,0,28,1,1,pre_allocation
205,699,normal,0,0,65535_65535,1,9,87,725,1,1,1,16,725,28,1,1,allocated
205,699,normal,0,0,65535_65535,1,10,87,680,0,1,0,15,0,28,1,1,pre_allocation
205,699,normal,0,0,65535_65535,1,10,87,725,1,1,1,16,725,28,1,1,allocated
205,699,normal,0,0,65535_65535,1,7,87,680,0,1,0,15,0,28,1,1,pre_allocation
205,699,normal,0,0,65535_65535,1,7,87,725,1,1,1,16,725,28,1,1,allocated
205,699,normal,0,0,65535_65535,1,6,87,680,0,1,0,15,0,28,1,1,pre_allocation
205,699,normal,0,0,65535_65535,1,6,87,725,1,1,1,16,725,28,1,1,allocated
205,699,normal,0,0,65535_65535,1,9,87,725,0,1,0,16,0,28,1,1,pre_allocation
205,699,normal,0,0,65535_65535,1,9,87,771,1,1,1,17,771,28,1,1,allocated
205,699,normal,0,0,65535_65535,1,10,87,725,0,1,0,16,0,28,1,1,pre_allocation
205,699,normal,0,0,65535_65535,1,10,87,771,1,1,1,17,771,28,1,1,allocated
205,699,normal,0,0,65535_65535,1,7,87,725,0,1,0,16,0,28,1,1,pre_allocation
205,699,normal,0,0,65535_65535,1,7,87,771,1,1,1,17,771,28,1,1,allocated
205,699,normal,0,0,65535_65535,1,6,87,725,0,1,0,16,0,28,1,1,pre_allocation
205,699,normal,0,0,65535_65535,1,6,87,771,1,1,1,17,771,28,1,1,allocated
205,699,normal,0,0,65535_65535,1,9,87,771,0,1,0,17,0,28,1,1,pre_allocation
205,699,normal,0,0,65535_65535,1,9,87,816,1,1,1,18,816,28,1,1,allocated
205,699,normal,0,0,65535_65535,1,10,87,771,0,1,0,17,0,28,1,1,pre_allocation
205,699,normal,0,0,65535_65535,1,10,87,816,1,1,1,18,816,28,1,1,allocated
205,699,normal,0,0,65535_65535,1,7,87,771,0,1,0,17,0,28,1,1,pre_allocation
205,699,normal,0,0,65535_65535,1,7,87,816,1,1,1,18,816,28,1,1,allocated
205,699,normal,0,0,65535_65535,1,6,87,771,0,1,0,17,0,28,1,1,pre_allocation
205,699,normal,0,0,65535_65535,1,6,87,816,1,1,1,18,816,28,1,1,allocated
205,699,normal,0,0,65535_65535,1,9,87,816,0,1,0,18,0,28,1,1,pre_allocation
205,699,normal,0,0,65535_65535,1,9,87,862,1,1,1,19,862,28,1,1,allocated
205,699,normal,0,0,65535_65535,1,10,87,816,0,1,0,18,0,28,1,1,pre_allocation
205,699,normal,0,0,65535_65535,1,10,87,862,1,1,1,19,862,28,1,1,allocated
205,699,normal,0,0,65535_65535,1,7,87,816,0,1,0,18,0,28,1,1,pre_allocation
205,699,normal,0,0,65535_65535,1,7,87,862,1,1,1,19,862,28,1,1,allocated
205,699,normal,0,0,65535_65535,1,6,87,816,0,1,0,18,0,28,1,1,pre_allocation
205,699,normal,0,0,65535_65535,1,6,87,862,1,1,1,19,862,28,1,1,allocated
205,699,normal,0,0,65535_65535,1,9,87,862,0,1,0,19,0,28,1,1,pre_allocation
205,699,normal,0,0,65535_65535,1,9,87,907,1,1,1,20,907,28,1,1,allocated
205,699,normal,0,0,65535_65535,1,10,87,862,0,1,0,19,0,28,1,1,pre_allocation
205,699,normal,0,0,65535_65535,1,10,87,907,1,1,1,20,907,28,1,1,allocated
205,699,normal,0,0,65535_65535,1,7,87,862,0,1,0,19,0,28,1,1,pre_allocation
205,699,normal,0,0,65535_65535,1,7,87,907,1,1,1,20,907,28,1,1,allocated
205,699,normal,0,0,65535_65535,1,6,87,862,0,1,0,19,0,28,1,1,pre_allocation
205,699,normal,0,0,65535_65535,1,6,87,907,1,1,1,20,907,28,1,1,allocated
205,699,normal,0,0,65535_65535,1,9,87,907,0,1,0,20,0,28,1,1,pre_allocation
205,699,normal,0,0,65535_65535,1,9,87,953,1,1,1,21,953,28,1,1,allocated
205,699,normal,0,0,65535_65535,1,10,87,907,0,1,0,20,0,28,1,1,pre_allocation
205,699,normal,0,0,65535_65535,1,10,87,953,1,1,1,21,953,28,1,1,allocated
205,699,normal,0,0,65535_65535,1,7,87,907,0,1,0,20,0,28,1,1,pre_allocation
205,699,normal,0,0,65535_65535,1,7,87,953,1,1,1,21,953,28,1,1,allocated
205,699,normal,0,0,65535_65535,1,6,87,907,0,1,0,20,0,28,1,1,pre_allocation
205,699,normal,0,0,65535_65535,1,6,87,953,1,1,1,21,953,28,1,1,allocated
205,699,normal,0,0,65535_65535,1,9,87,953,0,1,0,21,0,28,1,1,pre_allocation
205,699,normal,0,0,65535_65535,1,9,87,998,1,1,1,22,998,28,1,1,allocated
205,699,normal,0,0,65535_65535,1,10,87,953,0,1,0,21,0,28,1,1,pre_allocation
205,699,normal,0,0,65535_65535,1,10,87,998,1,1,1,22,998,28,1,1,allocated
205,699,normal,0,0,65535_65535,1,7,87,953,0,1,0,21,0,28,1,1,pre_allocation
205,699,normal,0,0,65535_65535,1,7,87,998,1,1,1,22,998,28,1,1,allocated
205,699,normal,0,0,65535_65535,1,6,87,953,0,1,0,21,0,28,1,1,pre_allocation
205,699,normal,0,0,65535_65535,1,6,87,998,1,1,1,22,998,28,1,1,allocated
205,699,normal,0,0,65535_65535,1,9,87,998,0,1,0,22,0,28,1,1,pre_allocation
205,699,normal,0,0,65535_65535,1,9,87,1044,1,1,1,23,1044,28,1,1,allocated
205,699,normal,0,0,65535_65535,1,10,87,998,0,1,0,22,0,28,1,1,pre_allocation
205,699,normal,0,0,65535_65535,1,10,87,1044,1,1,1,23,1044,28,1,1,allocated
205,699,normal,0,0,65535_65535,1,7,87,998,0,1,0,22,0,28,1,1,pre_allocation
205,699,normal,0,0,65535_65535,1,7,87,1044,1,1,1,23,1044,28,1,1,allocated
205,699,normal,0,0,65535_65535,1,6,87,998,0,1,0,22,0,28,1,1,pre_allocation
205,699,normal,0,0,65535_65535,1,6,87,1044,1,1,1,23,1044,28,1,1,allocated
205,699,normal,0,0,65535_65535,1,9,87,1044,0,1,0,23,0,28,1,1,pre_allocation
205,699,normal,0,0,65535_65535,1,9,87,1089,1,1,1,24,1089,28,1,1,allocated
205,699,normal,0,0,65535_65535,1,10,87,1044,0,1,0,23,0,28,1,1,pre_allocation
205,699,normal,0,0,65535_65535,1,10,87,1089,1,1,1,24,1089,28,1,1,allocated
205,699,normal,0,0,65535_65535,1,7,87,1044,0,1,0,23,0,28,1,1,pre_allocation
205,699,normal,0,0,65535_65535,1,7,87,1089,1,1,1,24,1089,28,1,1,allocated
205,699,normal,0,0,65535_65535,1,6,87,1044,0,1,0,23,0,28,1,1,pre_allocation
205,699,normal,0,0,65535_65535,1,6,87,1089,1,1,1,24,1089,28,1,1,allocated
205,699,normal,0,0,65535_65535,1,9,87,1089,0,1,0,24,0,28,1,1,pre_allocation
205,699,normal,0,0,65535_65535,1,9,87,1135,1,1,1,25,1135,28,1,1,allocated
205,699,normal,0,0,65535_65535,1,10,87,1089,0,1,0,24,0,28,1,1,pre_allocation
205,699,normal,0,0,65535_65535,1,10,87,1135,1,1,1,25,1135,28,1,1,allocated
205,699,normal,0,0,65535_65535,1,7,87,1089,0,1,0,24,0,28,1,1,pre_allocation
205,699,normal,0,0,65535_65535,1,7,87,1135,1,1,1,25,1135,28,1,1,allocated
205,699,normal,0,0,65535_65535,1,6,87,1089,0,1,0,24,0,28,1,1,pre_allocation
205,699,normal,0,0,65535_65535,1,6,87,1135,1,1,1,25,1135,28,1,1,allocated
205,699,normal,0,0,65535_65535,1,9,87,1135,0,1,0,25,0,28,1,1,pre_allocation
205,699,normal,0,0,65535_65535,1,9,87,1181,1,1,1,26,1181,28,1,1,allocated
205,699,normal,0,0,65535_65535,1,10,87,1135,0,1,0,25,0,28,1,1,pre_allocation
205,699,normal,0,0,65535_65535,1,10,87,1181,1,1,1,26,1181,28,1,1,allocated
205,699,normal,0,0,65535_65535,1,7,87,1135,0,1,0,25,0,28,1,1,pre_allocation
205,699,normal,0,0,65535_65535,1,7,87,1181,1,1,1,26,1181,28,1,1,allocated
205,699,normal,0,0,65535_65535,1,6,87,1135,0,1,0,25,0,28,1,1,pre_allocation
205,699,normal,0,0,65535_65535,1,6,87,1181,1,1,1,26,1181,28,1,1,allocated
205,699,normal,0,0,65535_65535,1,9,87,1181,0,1,0,26,0,28,1,1,pre_allocation
205,699,normal,0,0,65535_65535,1,9,87,1226,1,1,1,27,1226,28,1,1,allocated
205,699,normal,0,0,65535_65535,1,10,87,1181,0,1,0,26,0,28,1,1,pre_allocation
205,699,normal,0,0,65535_65535,1,10,87,1226,1,1,1,27,1226,28,1,1,allocated
205,699,normal,0,0,65535_65535,1,7,87,1181,0,1,0,26,0,28,1,1,pre_allocation
205,699,normal,0,0,65535_65535,1,7,87,1226,1,1,1,27,1226,28,1,1,allocated
205,699,normal,0,0,65535_65535,1,6,87,1181,0,1,0,26,0,28,1,1,pre_allocation
205,699,normal,0,0,65535_65535,1,6,87,1226,1,1,1,27,1226,28,1,1,allocated
205,699,normal,0,0,65535_65535,1,9,87,1226,0,1,0,27,0,28,1,1,pre_allocation
205,699,normal,0,0,65535_65535,1,9,87,1272,1,1,1,28,1272,28,1,1,allocated
205,699,normal,0,0,65535_65535,1,10,87,1226,0,1,0,27,0,28,1,1,pre_allocation
205,699,normal,0,0,65535_65535,1,10,87,1272,1,1,1,28,1272,28,1,1,allocated
205,699,normal,0,0,65535_65535,1,7,87,1226,0,1,0,27,0,28,1,1,pre_allocation
205,699,normal,0,0,65535_65535,1,7,87,1272,1,1,1,28,1272,28,1,1,allocated
205,699,normal,0,0,65535_65535,1,6,87,1226,0,1,0,27,0,28,1,1,pre_allocation
205,699,normal,0,0,65535_65535,1,6,87,1272,1,1,1,28,1272,28,1,1,allocated
205,699,normal,0,0,65535_65535,1,9,87,1272,0,1,0,28,0,28,1,1,pre_allocation
205,699,normal,0,0,65535_65535,1,9,87,1317,1,1,1,29,1317,28,1,1,allocated
205,699,normal,0,0,65535_65535,1,10,87,1272,0,1,0,28,0,28,1,1,pre_allocation
205,699,normal,0,0,65535_65535,1,10,87,1317,1,1,1,29,1317,28,1,1,allocated
205,699,normal,0,0,65535_65535,1,7,87,1272,0,1,0,28,0,28,1,1,pre_allocation
205,699,normal,0,0,65535_65535,1,7,87,1317,1,1,1,29,1317,28,1,1,allocated
205,699,normal,0,0,65535_65535,1,6,87,1272,0,1,0,28,0,28,1,1,pre_allocation
205,699,normal,0,0,65535_65535,1,6,87,1317,1,1,1,29,1317,28,1,1,allocated
205,699,normal,0,0,65535_65535,1,9,87,1317,0,1,0,29,0,28,1,1,pre_allocation
205,699,normal,0,0,65535_65535,1,9,87,1363,1,1,1,30,1363,28,1,1,allocated
205,699,normal,0,0,65535_65535,1,10,87,1317,0,1,0,29,0,28,1,1,pre_allocation
205,699,normal,0,0,65535_65535,1,10,87,1363,1,1,1,30,1363,28,1,1,allocated
205,699,normal,0,0,65535_65535,1,7,87,1317,0,1,0,29,0,28,1,1,pre_allocation
205,699,normal,0,0,65535_65535,1,7,87,1363,1,1,1,30,1363,28,1,1,allocated
205,699,normal,0,0,65535_65535,1,6,87,1317,0,1,0,29,0,28,1,1,pre_allocation
205,699,normal,0,0,65535_65535,1,6,87,1363,1,1,1,30,1363,28,1,1,allocated
205,699,normal,0,0,65535_65535,1,9,87,1363,0,1,0,30,0,28,1,1,pre_allocation
205,699,normal,0,0,65535_65535,1,9,87,1408,1,1,1,31,1408,28,1,1,allocated
205,699,normal,0,0,65535_65535,1,10,87,1363,0,1,0,30,0,28,1,1,pre_allocation
205,699,normal,0,0,65535_65535,1,10,87,1408,1,1,1,31,1408,28,1,1,allocated
205,699,normal,0,0,65535_65535,1,7,87,1363,0,1,0,30,0,28,1,1,pre_allocation
205,699,normal,0,0,65535_65535,1,7,87,1408,1,1,1,31,1408,28,1,1,allocated
205,699,normal,0,0,65535_65535,1,6,87,1363,0,1,0,30,0,28,1,1,pre_allocation
205,699,normal,0,0,65535_65535,1,6,87,1408,1,1,1,31,1408,28,1,1,allocated
205,699,normal,0,0,65535_65535,1,9,87,1408,0,1,0,31,0,28,1,1,pre_allocation
205,699,normal,0,0,65535_65535,1,9,87,1454,1,1,1,32,1454,28,1,1,allocated
205,699,normal,0,0,65535_65535,1,10,87,1408,0,1,0,31,0,28,1,1,pre_allocation
205,699,normal,0,0,65535_65535,1,10,87,1454,1,1,1,32,1454,28,1,1,allocated
205,699,normal,0,0,65535_65535,1,7,87,1408,0,1,0,31,0,28,1,1,pre_allocation
205,699,normal,0,0,65535_65535,1,7,87,1454,1,1,1,32,1454,28,1,1,allocated
205,699,normal,0,0,65535_65535,1,6,87,1408,0,1,0,31,0,28,1,1,pre_allocation
205,699,normal,0,0,65535_65535,1,6,87,1454,1,1,1,32,1454,28,1,1,allocated
205,699,normal,0,0,65535_65535,1,9,87,1454,0,1,0,32,0,28,1,1,pre_allocation
205,699,normal,0,0,65535_65535,1,9,87,1499,1,1,1,33,1499,28,1,1,allocated
205,699,normal,0,0,65535_65535,1,10,87,1454,0,1,0,32,0,28,1,1,pre_allocation
205,699,normal,0,0,65535_65535,1,10,87,1499,1,1,1,33,1499,28,1,1,allocated
205,699,normal,0,0,65535_65535,1,7,87,1454,0,1,0,32,0,28,1,1,pre_allocation
205,699,normal,0,0,65535_65535,1,7,87,1499,1,1,1,33,1499,28,1,1,allocated
205,699,normal,0,0,65535_65535,1,6,87,1454,0,1,0,32,0,28,1,1,pre_allocation
205,699,normal,0,0,65535_65535,1,6,87,1499,1,1,1,33,1499,28,1,1,allocated
205,699,normal,0,0,65535_65535,1,9,87,1499,0,1,0,33,0,28,1,1,pre_allocation
205,699,normal,0,0,65535_65535,1,9,87,1542,1,1,1,34,1542,28,1,1,allocated
205,699,normal,0,0,65535_65535,1,10,87,1499,0,1,0,33,0,28,1,1,pre_allocation
205,699,normal,0,0,65535_65535,1,10,87,1542,1,1,1,34,1542,28,1,1,allocated
205,699,normal,0,0,65535_65535,1,7,87,1499,0,1,0,33,0,28,1,1,pre_allocation
205,699,normal,0,0,65535_65535,1,7,87,1542,1,1,1,34,1542,28,1,1,allocated
205,699,normal,0,0,65535_65535,1,6,87,1499,0,1,0,33,0,28,1,1,pre_allocation
205,699,normal,0,0,65535_65535,1,6,87,1542,1,1,1,34,1542,28,1,1,allocated
205,699,normal,0,0,65535_65535,1,9,87,1542,0,1,0,34,0,28,1,1,pre_allocation
205,699,normal,0,0,65535_65535,1,9,87,1587,1,1,1,35,1587,28,1,1,allocated
205,699,normal,0,0,65535_65535,1,10,87,1542,0,1,0,34,0,28,1,1,pre_allocation
205,699,normal,0,0,65535_65535,1,10,87,1587,1,1,1,35,1587,28,1,1,allocated
205,699,normal,0,0,65535_65535,1,7,87,1542,0,1,0,34,0,28,1,1,pre_allocation
205,699,normal,0,0,65535_65535,1,7,87,1587,1,1,1,35,1587,28,1,1,allocated
205,699,normal,0,0,65535_65535,1,6,87,1542,0,1,0,34,0,28,1,1,pre_allocation
205,699,normal,0,0,65535_65535,1,6,87,1587,1,1,1,35,1587,28,1,1,allocated
205,699,normal,0,0,65535_65535,1,9,87,1587,0,1,0,35,0,28,1,1,pre_allocation
205,699,normal,0,0,65535_65535,1,9,87,1633,1,1,1,36,1633,28,1,1,allocated
205,699,normal,0,0,65535_65535,1,10,87,1587,0,1,0,35,0,28,1,1,pre_allocation
205,699,normal,0,0,65535_65535,1,10,87,1633,1,1,1,36,1633,28,1,1,allocated
205,699,normal,0,0,65535_65535,1,7,87,1587,0,1,0,35,0,28,1,1,pre_allocation
205,699,normal,0,0,65535_65535,1,7,87,1633,1,1,1,36,1633,28,1,1,allocated
205,699,normal,0,0,65535_65535,1,6,87,1587,0,1,0,35,0,28,1,1,pre_allocation
205,699,normal,0,0,65535_65535,1,6,87,1633,1,1,1,36,1633,28,1,1,allocated
205,699,normal,0,0,65535_65535,1,9,87,1633,0,1,0,36,0,28,1,1,pre_allocation
205,699,normal,0,0,65535_65535,1,9,87,1678,1,1,1,37,1678,28,1,1,allocated
205,699,normal,0,0,65535_65535,1,10,87,1633,0,1,0,36,0,28,1,1,pre_allocation
205,699,normal,0,0,65535_65535,1,10,87,1678,1,1,1,37,1678,28,1,1,allocated
205,699,normal,0,0,65535_65535,1,7,87,1633,0,1,0,36,0,28,1,1,pre_allocation
205,699,normal,0,0,65535_65535,1,7,87,1678,1,1,1,37,1678,28,1,1,allocated
205,699,normal,0,0,65535_65535,1,6,87,1633,0,1,0,36,0,28,1,1,pre_allocation
205,699,normal,0,0,65535_65535,1,6,87,1678,1,1,1,37,1678,28,1,1,allocated
205,699,normal,0,0,65535_65535,1,9,87,1678,0,1,0,37,0,28,1,1,pre_allocation
205,699,normal,0,0,65535_65535,1,9,87,1724,1,1,1,38,1724,28,1,1,allocated
205,699,normal,0,0,65535_65535,1,10,87,1678,0,1,0,37,0,28,1,1,pre_allocation
205,699,normal,0,0,65535_65535,1,10,87,1724,1,1,1,38,1724,28,1,1,allocated
205,699,normal,0,0,65535_65535,1,7,87,1678,0,1,0,37,0,28,1,1,pre_allocation
205,699,normal,0,0,65535_65535,1,7,87,1724,1,1,1,38,1724,28,1,1,allocated
205,699,normal,0,0,65535_65535,1,6,87,1678,0,1,0,37,0,28,1,1,pre_allocation
205,699,normal,0,0,65535_65535,1,6,87,1724,1,1,1,38,1724,28,1,1,allocated
205,699,normal,0,0,65535_65535,1,9,87,1724,0,1,0,38,0,28,1,1,pre_allocation
205,699,normal,0,0,65535_65535,1,9,87,1770,1,1,1,39,1770,28,1,1,allocated
205,699,normal,0,0,65535_65535,1,10,87,1724,0,1,0,38,0,28,1,1,pre_allocation
205,699,normal,0,0,65535_65535,1,10,87,1770,1,1,1,39,1770,28,1,1,allocated
205,699,normal,0,0,65535_65535,1,7,87,1724,0,1,0,38,0,28,1,1,pre_allocation
205,699,normal,0,0,65535_65535,1,7,87,1770,1,1,1,39,1770,28,1,1,allocated
205,699,normal,0,0,65535_65535,1,6,87,1724,0,1,0,38,0,28,1,1,pre_allocation
205,699,normal,0,0,65535_65535,1,6,87,1770,1,1,1,39,1770,28,1,1,allocated
205,699,normal,0,0,65535_65535,1,9,87,1770,0,1,0,39,0,28,1,1,pre_allocation
205,699,normal,0,0,65535_65535,1,9,87,1815,1,1,1,40,1815,28,1,1,allocated
205,699,normal,0,0,65535_65535,1,10,87,1770,0,1,0,39,0,28,1,1,pre_allocation
205,699,normal,0,0,65535_65535,1,10,87,1815,1,1,1,40,1815,28,1,1,allocated
205,699,normal,0,0,65535_65535,1,7,87,1770,0,1,0,39,0,28,1,1,pre_allocation
205,699,normal,0,0,65535_65535,1,7,87,1815,1,1,1,40,1815,28,1,1,allocated
205,699,normal,0,0,65535_65535,1,6,87,1770,0,1,0,39,0,28,1,1,pre_allocation
205,699,normal,0,0,65535_65535,1,6,87,1815,1,1,1,40,1815,28,1,1,allocated
205,699,normal,0,0,65535_65535,2,11,137,0,0,1,0,0,0,28,1,1,pre_allocation
205,699,normal,0,0,65535_65535,2,11,137,42,1,1,1,1,42,28,1,1,allocated
205,699,normal,0,0,65535_65535,2,22,137,0,0,1,0,0,0,28,1,1,pre_allocation
205,699,normal,0,0,65535_65535,2,22,137,42,1,1,1,1,42,28,1,1,allocated
205,699,normal,0,0,65535_65535,2,21,137,0,0,1,0,0,0,28,1,1,pre_allocation
205,699,normal,0,0,65535_65535,2,21,137,42,1,1,1,1,42,28,1,1,allocated
205,699,normal,0,0,65535_65535,2,24,137,0,0,1,0,0,0,28,1,1,pre_allocation
205,699,normal,0,0,65535_65535,2,24,137,42,1,1,1,1,42,28,1,1,allocated
205,699,normal,0,0,65535_65535,2,25,137,0,0,1,0,0,0,28,1,1,pre_allocation
205,699,normal,0,0,65535_65535,2,25,137,42,1,1,1,1,42,28,1,1,allocated
205,699,normal,0,0,65535_65535,2,27,137,0,0,1,0,0,0,28,1,1,pre_allocation
205,699,normal,0,0,65535_65535,2,27,137,42,1,1,1,1,42,28,1,1,allocated
205,699,normal,0,0,65535_65535,2,28,137,0,0,1,0,0,0,28,1,1,pre_allocation
205,699,normal,0,0,65535_65535,2,28,137,42,1,1,1,1,42,28,1,1,allocated
205,699,normal,0,0,65535_65535,2,12,137,0,0,1,0,0,0,28,1,1,pre_allocation
205,699,normal,0,0,65535_65535,2,12,137,42,1,1,1,1,42,28,1,1,allocated
205,699,normal,0,0,65535_65535,2,11,137,42,0,1,0,1,0,28,1,1,pre_allocation
205,699,normal,0,0,65535_65535,2,11,137,88,1,1,1,2,88,28,1,1,allocated
205,699,normal,0,0,65535_65535,2,22,137,42,0,1,0,1,0,28,1,1,pre_allocation
205,699,normal,0,0,65535_65535,2,22,137,88,1,1,1,2,88,28,1,1,allocated
205,699,normal,0,0,65535_65535,2,21,137,42,0,1,0,1,0,28,1,1,pre_allocation
205,699,normal,0,0,65535_65535,2,21,137,88,1,1,1,2,88,28,1,1,allocated
205,699,normal,0,0,65535_65535,2,24,137,42,0,1,0,1,0,28,1,1,pre_allocation
205,699,normal,0,0,65535_65535,2,24,137,88,1,1,1,2,88,28,1,1,allocated
205,699,normal,0,0,65535_65535,2,25,137,42,0,1,0,1,0,28,1,1,pre_allocation
205,699,normal,0,0,65535_65535,2,25,137,88,1,1,1,2,88,28,1,1,allocated
205,699,normal,0,0,65535_65535,2,27,137,42,0,1,0,1,0,28,1,1,pre_allocation
205,699,normal,0,0,65535_65535,2,27,137,88,1,1,1,2,88,28,1,1,allocated
205,699,normal,0,0,65535_65535,2,28,137,42,0,1,0,1,0,28,1,1,pre_allocation
205,699,normal,0,0,65535_65535,2,28,137,88,1,1,1,2,88,28,1,1,allocated
205,699,normal,0,0,65535_65535,2,12,137,42,0,1,0,1,0,28,1,1,pre_allocation
205,699,normal,0,0,65535_65535,2,12,137,88,1,1,1,2,88,28,1,1,allocated
205,699,normal,0,0,65535_65535,2,11,137,88,0,1,0,2,0,28,1,1,pre_allocation
205,699,normal,0,0,65535_65535,2,11,137,133,1,1,1,3,133,28,1,1,allocated
205,699,normal,0,0,65535_65535,2,22,137,88,0,1,0,2,0,28,1,1,pre_allocation
205,699,normal,0,0,65535_65535,2,22,137,133,1,1,1,3,133,28,1,1,allocated
205,699,normal,0,0,65535_65535,2,21,137,88,0,1,0,2,0,28,1,1,pre_allocation
205,699,normal,0,0,65535_65535,2,21,137,133,1,1,1,3,133,28,1,1,allocated
205,699,normal,0,0,65535_65535,2,24,137,88,0,1,0,2,0,28,1,1,pre_allocation
205,699,normal,0,0,65535_65535,2,24,137,133,1,1,1,3,133,28,1,1,allocated
205,699,normal,0,0,65535_65535,2,25,137,88,0,1,0,2,0,28,1,1,pre_allocation
205,699,normal,0,0,65535_65535,2,25,137,133,1,1,1,3,133,28,1,1,allocated
205,699,normal,0,0,65535_65535,2,27,137,88,0,1,0,2,0,28,1,1,pre_allocation
205,699,normal,0,0,65535_65535,2,27,137,133,1,1,1,3,133,28,1,1,allocated
205,699,normal,0,0,65535_65535,2,28,137,88,0,1,0,2,0,28,1,1,pre_allocation
205,699,normal,0,0,65535_65535,2,28,137,133,1,1,1,3,133,28,1,1,allocated
205,699,normal,0,0,65535_65535,2,12,137,88,0,1,0,2,0,28,1,1,pre_allocation
205,699,normal,0,0,65535_65535,2,12,137,133,1,1,1,3,133,28,1,1,allocated
205,699,normal,0,0,65535_65535,2,11,137,133,0,1,0,3,0,28,1,1,pre_allocation
205,699,normal,0,0,65535_65535,2,11,137,179,1,1,1,4,179,28,1,1,allocated
205,699,normal,0,0,65535_65535,2,22,137,133,0,1,0,3,0,28,1,1,pre_allocation
205,699,normal,0,0,65535_65535,2,22,137,179,1,1,1,4,179,28,1,1,allocated
205,699,normal,0,0,65535_65535,2,21,137,133,0,1,0,3,0,28,1,1,pre_allocation
205,699,normal,0,0,65535_65535,2,21,137,179,1,1,1,4,179,28,1,1,allocated
205,699,normal,0,0,65535_65535,2,24,137,133,0,1,0,3,0,28,1,1,pre_allocation
205,699,normal,0,0,65535_65535,2,24,137,179,1,1,1,4,179,28,1,1,allocated
205,699,normal,0,0,65535_65535,2,25,137,133,0,1,0,3,0,28,1,1,pre_allocation
205,699,normal,0,0,65535_65535,2,25,137,179,1,1,1,4,179,28,1,1,allocated
205,699,normal,0,0,65535_65535,2,27,137,133,0,1,0,3,0,28,1,1,pre_allocation
205,699,normal,0,0,65535_65535,2,27,137,179,1,1,1,4,179,28,1,1,allocated
205,699,normal,0,0,65535_65535,2,28,137,133,0,1,0,3,0,28,1,1,pre_allocation
205,699,normal,0,0,65535_65535,2,28,137,179,1,1,1,4,179,28,1,1,allocated
205,699,normal,0,0,65535_65535,2,12,137,133,0,1,0,3,0,28,1,1,pre_allocation
205,699,normal,0,0,65535_65535,2,12,137,179,1,1,1,4,179,28,1,1,allocated
205,699,normal,0,0,65535_65535,2,11,137,179,0,1,0,4,0,28,1,1,pre_allocation
205,699,normal,0,0,65535_65535,2,11,137,224,1,1,1,5,224,28,1,1,allocated
205,699,normal,0,0,65535_65535,2,22,137,179,0,1,0,4,0,28,1,1,pre_allocation
205,699,normal,0,0,65535_65535,2,22,137,224,1,1,1,5,224,28,1,1,allocated
205,699,normal,0,0,65535_65535,2,21,137,179,0,1,0,4,0,28,1,1,pre_allocation
205,699,normal,0,0,65535_65535,2,21,137,224,1,1,1,5,224,28,1,1,allocated
205,699,normal,0,0,65535_65535,2,24,137,179,0,1,0,4,0,28,1,1,pre_allocation
205,699,normal,0,0,65535_65535,2,24,137,224,1,1,1,5,224,28,1,1,allocated
205,699,normal,0,0,65535_65535,2,25,137,179,0,1,0,4,0,28,1,1,pre_allocation
205,699,normal,0,0,65535_65535,2,25,137,224,1,1,1,5,224,28,1,1,allocated
205,699,normal,0,0,65535_65535,2,27,137,179,0,1,0,4,0,28,1,1,pre_allocation
205,699,normal,0,0,65535_65535,2,27,137,224,1,1,1,5,224,28,1,1,allocated
205,699,normal,0,0,65535_65535,2,28,137,179,0,1,0,4,0,28,1,1,pre_allocation
205,699,normal,0,0,65535_65535,2,28,137,224,1,1,1,5,224,28,1,1,allocated
205,699,normal,0,0,65535_65535,2,12,137,179,0,1,0,4,0,28,1,1,pre_allocation
205,699,normal,0,0,65535_65535,2,12,137,224,1,1,1,5,224,28,1,1,allocated
205,699,normal,0,0,65535_65535,2,11,137,224,0,1,0,5,0,28,1,1,pre_allocation
205,699,normal,0,0,65535_65535,2,11,137,270,1,1,1,6,270,28,1,1,allocated
205,699,normal,0,0,65535_65535,2,22,137,224,0,1,0,5,0,28,1,1,pre_allocation
205,699,normal,0,0,65535_65535,2,22,137,270,1,1,1,6,270,28,1,1,allocated
205,699,normal,0,0,65535_65535,2,21,137,224,0,1,0,5,0,28,1,1,pre_allocation
205,699,normal,0,0,65535_65535,2,21,137,270,1,1,1,6,270,28,1,1,allocated
205,699,normal,0,0,65535_65535,2,24,137,224,0,1,0,5,0,28,1,1,pre_allocation
205,699,normal,0,0,65535_65535,2,24,137,270,1,1,1,6,270,28,1,1,allocated
205,699,normal,0,0,65535_65535,2,25,137,224,0,1,0,5,0,28,1,1,pre_allocation
205,699,normal,0,0,65535_65535,2,25,137,270,1,1,1,6,270,28,1,1,allocated
205,699,normal,0,0,65535_65535,2,27,137,224,0,1,0,5,0,28,1,1,pre_allocation
205,699,normal,0,0,65535_65535,2,27,137,270,1,1,1,6,270,28,1,1,allocated
205,699,normal,0,0,65535_65535,2,28,137,224,0,1,0,5,0,28,1,1,pre_allocation
205,699,normal,0,0,65535_65535,2,28,137,270,1,1,1,6,270,28,1,1,allocated
205,699,normal,0,0,65535_65535,2,12,137,224,0,1,0,5,0,28,1,1,pre_allocation
205,699,normal,0,0,65535_65535,2,12,137,270,1,1,1,6,270,28,1,1,allocated
205,699,normal,0,0,65535_65535,2,11,137,270,0,1,0,6,0,28,1,1,pre_allocation
205,699,normal,0,0,65535_65535,2,11,137,315,1,1,1,7,315,28,1,1,allocated
205,699,normal,0,0,65535_65535,2,22,137,270,0,1,0,6,0,28,1,1,pre_allocation
205,699,normal,0,0,65535_65535,2,22,137,315,1,1,1,7,315,28,1,1,allocated
205,699,normal,0,0,65535_65535,2,21,137,270,0,1,0,6,0,28,1,1,pre_allocation
205,699,normal,0,0,65535_65535,2,21,137,315,1,1,1,7,315,28,1,1,allocated
205,699,normal,0,0,65535_65535,2,24,137,270,0,1,0,6,0,28,1,1,pre_allocation
205,699,normal,0,0,65535_65535,2,24,137,315,1,1,1,7,315,28,1,1,allocated
205,699,normal,0,0,65535_65535,2,25,137,270,0,1,0,6,0,28,1,1,pre_allocation
205,699,normal,0,0,65535_65535,2,25,137,315,1,1,1,7,315,28,1,1,allocated
205,699,normal,0,0,65535_65535,2,27,137,270,0,1,0,6,0,28,1,1,pre_allocation
205,699,normal,0,0,65535_65535,2,27,137,315,1,1,1,7,315,28,1,1,allocated
205,699,normal,0,0,65535_65535,2,28,137,270,0,1,0,6,0,28,1,1,pre_allocation
205,699,normal,0,0,65535_65535,2,28,137,315,1,1,1,7,315,28,1,1,allocated
205,699,normal,0,0,65535_65535,2,12,137,270,0,1,0,6,0,28,1,1,pre_allocation
205,699,normal,0,0,65535_65535,2,12,137,315,1,1,1,7,315,28,1,1,allocated
205,699,normal,0,0,65535_65535,2,11,137,315,0,1,0,7,0,28,1,1,pre_allocation
205,699,normal,0,0,65535_65535,2,11,137,361,1,1,1,8,361,28,1,1,allocated
205,699,normal,0,0,65535_65535,2,22,137,315,0,1,0,7,0,28,1,1,pre_allocation
205,699,normal,0,0,65535_65535,2,22,137,361,1,1,1,8,361,28,1,1,allocated
205,699,normal,0,0,65535_65535,2,21,137,315,0,1,0,7,0,28,1,1,pre_allocation
205,699,normal,0,0,65535_65535,2,21,137,361,1,1,1,8,361,28,1,1,allocated
205,699,normal,0,0,65535_65535,2,24,137,315,0,1,0,7,0,28,1,1,pre_allocation
205,699,normal,0,0,65535_65535,2,24,137,361,1,1,1,8,361,28,1,1,allocated
205,699,normal,0,0,65535_65535,2,25,137,315,0,1,0,7,0,28,1,1,pre_allocation
205,699,normal,0,0,65535_65535,2,25,137,361,1,1,1,8,361,28,1,1,allocated
205,699,normal,0,0,65535_65535,2,27,137,315,0,1,0,7,0,28,1,1,pre_allocation
205,699,normal,0,0,65535_65535,2,27,137,361,1,1,1,8,361,28,1,1,allocated
317,797,normal,0,0,65535_65535,0,2,43185,0,0,1,0,0,0,28,1,1,pre_allocation
317,797,normal,0,0,65535_65535,0,2,43185,42,1,1,1,1,42,28,1,1,allocated
317,797,normal,0,0,65535_65535,0,3,44033,0,0,1,0,0,0,28,1,1,pre_allocation
317,797,normal,0,0,65535_65535,0,3,44033,42,1,1,1,1,42,28,1,1,allocated
317,797,normal,0,0,65535_65535,0,4,45025,0,0,1,0,0,0,28,1,1,pre_allocation
317,797,normal,0,0,65535_65535,0,4,45025,42,1,1,1,1,42,28,1,1,allocated
317,797,normal,0,0,65535_65535,0,5,46249,0,0,1,0,0,0,28,1,1,pre_allocation
317,797,normal,0,0,65535_65535,0,5,46249,42,1,1,1,1,42,28,1,1,allocated
317,797,normal,0,0,65535_65535,0,1,67550,0,0,1,0,0,0,26,1,1,pre_allocation
317,797,normal,0,0,65535_65535,0,1,67550,39,1,1,1,1,39,26,1,1,allocated
317,797,normal,0,0,65535_65535,0,2,43185,42,0,1,0,1,0,28,1,1,pre_allocation
317,797,normal,0,0,65535_65535,0,2,43185,88,1,1,1,2,88,28,1,1,allocated
317,797,normal,0,0,65535_65535,0,3,44033,42,0,1,0,1,0,28,1,1,pre_allocation
317,797,normal,0,0,65535_65535,0,3,44033,88,1,1,1,2,88,28,1,1,allocated
317,797,normal,0,0,65535_65535,0,4,45025,42,0,1,0,1,0,28,1,1,pre_allocation
317,797,normal,0,0,65535_65535,0,4,45025,88,1,1,1,2,88,28,1,1,allocated
317,797,normal,0,0,65535_65535,0,5,46249,42,0,1,0,1,0,28,1,1,pre_allocation
317,797,normal,0,0,65535_65535,0,5,46249,88,1,1,1,2,88,28,1,1,allocated
317,797,normal,0,0,65535_65535,0,1,67550,39,0,1,0,1,0,26,1,1,pre_allocation
317,797,normal,0,0,65535_65535,0,1,67550,81,1,1,1,2,81,26,1,1,allocated
317,797,normal,0,0,65535_65535,0,2,43185,88,0,1,0,2,0,28,1,1,pre_allocation
317,797,normal,0,0,65535_65535,0,2,43185,133,1,1,1,3,133,28,1,1,allocated
317,797,normal,0,0,65535_65535,0,3,44033,88,0,1,0,2,0,28,1,1,pre_allocation
317,797,normal,0,0,65535_65535,0,3,44033,133,1,1,1,3,133,28,1,1,allocated
317,797,normal,0,0,65535_65535,0,4,45025,88,0,1,0,2,0,28,1,1,pre_allocation
317,797,normal,0,0,65535_65535,0,4,45025,133,1,1,1,3,133,28,1,1,allocated
317,797,normal,0,0,65535_65535,0,5,46249,88,0,1,0,2,0,28,1,1,pre_allocation
317,797,normal,0,0,65535_65535,0,5,46249,133,1,1,1,3,133,28,1,1,allocated
317,797,normal,0,0,65535_65535,0,1,67550,81,0,1,0,2,0,26,1,1,pre_allocation
317,797,normal,0,0,65535_65535,0,1,67550,123,1,1,1,3,123,26,1,1,allocated
317,797,normal,0,0,65535_65535,0,2,43185,133,0,1,0,3,0,28,1,1,pre_allocation
317,797,normal,0,0,65535_65535,0,2,43185,179,1,1,1,4,179,28,1,1,allocated
317,797,normal,0,0,65535_65535,0,3,44033,133,0,1,0,3,0,28,1,1,pre_allocation
317,797,normal,0,0,65535_65535,0,3,44033,179,1,1,1,4,179,28,1,1,allocated
317,797,normal,0,0,65535_65535,0,4,45025,133,0,1,0,3,0,28,1,1,pre_allocation
317,797,normal,0,0,65535_65535,0,4,45025,179,1,1,1,4,179,28,1,1,allocated
317,797,normal,0,0,65535_65535,0,5,46249,133,0,1,0,3,0,28,1,1,pre_allocation
317,797,normal,0,0,65535_65535,0,5,46249,179,1,1,1,4,179,28,1,1,allocated
317,797,normal,0,0,65535_65535,0,1,67550,123,0,1,0,3,0,26,1,1,pre_allocation
317,797,normal,0,0,65535_65535,0,1,67550,165,1,1,1,4,165,26,1,1,allocated
317,797,normal,0,0,65535_65535,0,2,43185,179,0,1,0,4,0,28,1,1,pre_allocation
317,797,normal,0,0,65535_65535,0,2,43185,224,1,1,1,5,224,28,1,1,allocated
317,797,normal,0,0,65535_65535,0,3,44033,179,0,1,0,4,0,28,1,1,pre_allocation
317,797,normal,0,0,65535_65535,0,3,44033,224,1,1,1,5,224,28,1,1,allocated
317,797,normal,0,0,65535_65535,0,4,45025,179,0,1,0,4,0,28,1,1,pre_allocation
317,797,normal,0,0,65535_65535,0,4,45025,224,1,1,1,5,224,28,1,1,allocated
317,797,normal,0,0,65535_65535,0,5,46249,179,0,1,0,4,0,28,1,1,pre_allocation
317,797,normal,0,0,65535_65535,0,5,46249,224,1,1,1,5,224,28,1,1,allocated
317,797,normal,0,0,65535_65535,0,1,67550,165,0,1,0,4,0,26,1,1,pre_allocation
317,797,normal,0,0,65535_65535,0,1,67550,207,1,1,1,5,207,26,1,1,allocated
317,797,normal,0,0,65535_65535,0,2,43185,224,0,1,0,5,0,28,1,1,pre_allocation
317,797,normal,0,0,65535_65535,0,2,43185,270,1,1,1,6,270,28,1,1,allocated
317,797,normal,0,0,65535_65535,0,3,44033,224,0,1,0,5,0,28,1,1,pre_allocation
317,797,normal,0,0,65535_65535,0,3,44033,270,1,1,1,6,270,28,1,1,allocated
317,797,normal,0,0,65535_65535,0,4,45025,224,0,1,0,5,0,28,1,1,pre_allocation
317,797,normal,0,0,65535_65535,0,4,45025,270,1,1,1,6,270,28,1,1,allocated
317,797,normal,0,0,65535_65535,0,5,46249,224,0,1,0,5,0,28,1,1,pre_allocation
317,797,normal,0,0,65535_65535,0,5,46249,270,1,1,1,6,270,28,1,1,allocated
317,797,normal,0,0,65535_65535,0,1,67550,207,0,1,0,5,0,26,1,1,pre_allocation
317,797,normal,0,0,65535_65535,0,1,67550,249,1,1,1,6,249,26,1,1,allocated
317,797,normal,0,0,65535_65535,0,2,43185,270,0,1,0,6,0,28,1,1,pre_allocation
317,797,normal,0,0,65535_65535,0,2,43185,315,1,1,1,7,315,28,1,1,allocated
317,797,normal,0,0,65535_65535,0,3,44033,270,0,1,0,6,0,28,1,1,pre_allocation
317,797,normal,0,0,65535_65535,0,3,44033,315,1,1,1,7,315,28,1,1,allocated
317,797,normal,0,0,65535_65535,0,4,45025,270,0,1,0,6,0,28,1,1,pre_allocation
317,797,normal,0,0,65535_65535,0,4,45025,315,1,1,1,7,315,28,1,1,allocated
317,797,normal,0,0,65535_65535,0,5,46249,270,0,1,0,6,0,28,1,1,pre_allocation
317,797,normal,0,0,65535_65535,0,5,46249,315,1,1,1,7,315,28,1,1,allocated
317,797,normal,0,0,65535_65535,0,1,67550,249,0,1,0,6,0,26,1,1,pre_allocation
317,797,normal,0,0,65535_65535,0,1,67550,291,1,1,1,7,291,26,1,1,allocated
317,797,normal,0,0,65535_65535,0,2,43185,315,0,1,0,7,0,28,1,1,pre_allocation
317,797,normal,0,0,65535_65535,0,2,43185,361,1,1,1,8,361,28,1,1,allocated
317,797,normal,0,0,65535_65535,0,3,44033,315,0,1,0,7,0,28,1,1,pre_allocation
317,797,normal,0,0,65535_65535,0,3,44033,361,1,1,1,8,361,28,1,1,allocated
317,797,normal,0,0,65535_65535,0,4,45025,315,0,1,0,7,0,28,1,1,pre_allocation
317,797,normal,0,0,65535_65535,0,4,45025,361,1,1,1,8,361,28,1,1,allocated
317,797,normal,0,0,65535_65535,0,5,46249,315,0,1,0,7,0,28,1,1,pre_allocation
317,797,normal,0,0,65535_65535,0,5,46249,361,1,1,1,8,361,28,1,1,allocated
317,797,normal,0,0,65535_65535,0,1,67550,291,0,1,0,7,0,26,1,1,pre_allocation
317,797,normal,0,0,65535_65535,0,1,67550,333,1,1,1,8,333,26,1,1,allocated
317,797,normal,0,0,65535_65535,0,2,43185,361,0,1,0,8,0,28,1,1,pre_allocation
317,797,normal,0,0,65535_65535,0,2,43185,406,1,1,1,9,406,28,1,1,allocated
317,797,normal,0,0,65535_65535,0,3,44033,361,0,1,0,8,0,28,1,1,pre_allocation
317,797,normal,0,0,65535_65535,0,3,44033,406,1,1,1,9,406,28,1,1,allocated
317,797,normal,0,0,65535_65535,0,4,45025,361,0,1,0,8,0,28,1,1,pre_allocation
317,797,normal,0,0,65535_65535,0,4,45025,406,1,1,1,9,406,28,1,1,allocated
317,797,normal,0,0,65535_65535,0,5,46249,361,0,1,0,8,0,28,1,1,pre_allocation
317,797,normal,0,0,65535_65535,0,5,46249,406,1,1,1,9,406,28,1,1,allocated
317,797,normal,0,0,65535_65535,0,1,67550,333,0,1,0,8,0,26,1,1,pre_allocation
317,797,normal,0,0,65535_65535,0,1,67550,375,1,1,1,9,375,26,1,1,allocated
317,797,normal,0,0,65535_65535,0,2,43185,406,0,1,0,9,0,28,1,1,pre_allocation
317,797,normal,0,0,65535_65535,0,2,43185,452,1,1,1,10,452,28,1,1,allocated
317,797,normal,0,0,65535_65535,0,3,44033,406,0,1,0,9,0,28,1,1,pre_allocation
317,797,normal,0,0,65535_65535,0,3,44033,452,1,1,1,10,452,28,1,1,allocated
317,797,normal,0,0,65535_65535,0,4,45025,406,0,1,0,9,0,28,1,1,pre_allocation
317,797,normal,0,0,65535_65535,0,4,45025,452,1,1,1,10,452,28,1,1,allocated
317,797,normal,0,0,65535_65535,0,5,46249,406,0,1,0,9,0,28,1,1,pre_allocation
317,797,normal,0,0,65535_65535,0,5,46249,452,1,1,1,10,452,28,1,1,allocated
317,797,normal,0,0,65535_65535,0,1,67550,375,0,1,0,9,0,26,1,1,pre_allocation
317,797,normal,0,0,65535_65535,0,1,67550,417,1,1,1,10,417,26,1,1,allocated
317,797,normal,0,0,65535_65535,0,2,43185,452,0,1,0,10,0,28,1,1,pre_allocation
317,797,normal,0,0,65535_65535,0,2,43185,497,1,1,1,11,497,28,1,1,allocated
317,797,normal,0,0,65535_65535,0,3,44033,452,0,1,0,10,0,28,1,1,pre_allocation
317,797,normal,0,0,65535_65535,0,3,44033,497,1,1,1,11,497,28,1,1,allocated
317,797,normal,0,0,65535_65535,0,4,45025,452,0,1,0,10,0,28,1,1,pre_allocation
317,797,normal,0,0,65535_65535,0,4,45025,497,1,1,1,11,497,28,1,1,allocated
317,797,normal,0,0,65535_65535,0,5,46249,452,0,1,0,10,0,28,1,1,pre_allocation
317,797,normal,0,0,65535_65535,0,5,46249,497,1,1,1,11,497,28,1,1,allocated
317,797,normal,0,0,65535_65535,0,1,67550,417,0,1,0,10,0,26,1,1,pre_allocation
317,797,normal,0,0,65535_65535,0,1,67550,459,1,1,1,11,459,26,1,1,allocated
317,797,normal,0,0,65535_65535,0,2,43185,497,0,1,0,11,0,28,1,1,pre_allocation
317,797,normal,0,0,65535_65535,0,2,43185,543,1,1,1,12,543,28,1,1,allocated
317,797,normal,0,0,65535_65535,0,3,44033,497,0,1,0,11,0,28,1,1,pre_allocation
317,797,normal,0,0,65535_65535,0,3,44033,543,1,1,1,12,543,28,1,1,allocated
317,797,normal,0,0,65535_65535,0,4,45025,497,0,1,0,11,0,28,1,1,pre_allocation
317,797,normal,0,0,65535_65535,0,4,45025,543,1,1,1,12,543,28,1,1,allocated
317,797,normal,0,0,65535_65535,0,5,46249,497,0,1,0,11,0,28,1,1,pre_allocation
317,797,normal,0,0,65535_65535,0,5,46249,543,1,1,1,12,543,28,1,1,allocated
317,797,normal,0,0,65535_65535,0,1,67550,459,0,1,0,11,0,26,1,1,pre_allocation
317,797,normal,0,0,65535_65535,0,1,67550,501,1,1,1,12,501,26,1,1,allocated
317,797,normal,0,0,65535_65535,0,2,43185,543,0,1,0,12,0,28,1,1,pre_allocation
317,797,normal,0,0,65535_65535,0,2,43185,589,1,1,1,13,589,28,1,1,allocated
317,797,normal,0,0,65535_65535,0,3,44033,543,0,1,0,12,0,28,1,1,pre_allocation
317,797,normal,0,0,65535_65535,0,3,44033,589,1,1,1,13,589,28,1,1,allocated
317,797,normal,0,0,65535_65535,0,4,45025,543,0,1,0,12,0,28,1,1,pre_allocation
317,797,normal,0,0,65535_65535,0,4,45025,589,1,1,1,13,589,28,1,1,allocated
317,797,normal,0,0,65535_65535,0,5,46249,543,0,1,0,12,0,28,1,1,pre_allocation
317,797,normal,0,0,65535_65535,0,5,46249,589,1,1,1,13,589,28,1,1,allocated
317,797,normal,0,0,65535_65535,0,1,67550,501,0,1,0,12,0,26,1,1,pre_allocation
317,797,normal,0,0,65535_65535,0,1,67550,543,1,1,1,13,543,26,1,1,allocated
317,797,normal,0,0,65535_65535,0,2,43185,589,0,1,0,13,0,28,1,1,pre_allocation
317,797,normal,0,0,65535_65535,0,2,43185,634,1,1,1,14,634,28,1,1,allocated
317,797,normal,0,0,65535_65535,0,3,44033,589,0,1,0,13,0,28,1,1,pre_allocation
317,797,normal,0,0,65535_65535,0,3,44033,634,1,1,1,14,634,28,1,1,allocated
317,797,normal,0,0,65535_65535,0,4,45025,589,0,1,0,13,0,28,1,1,pre_allocation
317,797,normal,0,0,65535_65535,0,4,45025,634,1,1,1,14,634,28,1,1,allocated
317,797,normal,0,0,65535_65535,0,5,46249,589,0,1,0,13,0,28,1,1,pre_allocation
317,797,normal,0,0,65535_65535,0,5,46249,634,1,1,1,14,634,28,1,1,allocated
317,797,normal,0,0,65535_65535,0,1,67550,543,0,1,0,13,0,26,1,1,pre_allocation
317,797,normal,0,0,65535_65535,0,1,67550,586,1,1,1,14,586,26,1,1,allocated
317,797,normal,0,0,65535_65535,0,2,43185,634,0,1,0,14,0,28,1,1,pre_allocation
317,797,normal,0,0,65535_65535,0,2,43185,680,1,1,1,15,680,28,1,1,allocated
317,797,normal,0,0,65535_65535,0,3,44033,634,0,1,0,14,0,28,1,1,pre_allocation
317,797,normal,0,0,65535_65535,0,3,44033,680,1,1,1,15,680,28,1,1,allocated
317,797,normal,0,0,65535_65535,0,4,45025,634,0,1,0,14,0,28,1,1,pre_allocation
317,797,normal,0,0,65535_65535,0,4,45025,680,1,1,1,15,680,28,1,1,allocated
317,797,normal,0,0,65535_65535,0,5,46249,634,0,1,0,14,0,28,1,1,pre_allocation
317,797,normal,0,0,65535_65535,0,5,46249,680,1,1,1,15,680,28,1,1,allocated
317,797,normal,0,0,65535_65535,0,1,67550,586,0,1,0,14,0,26,1,1,pre_allocation
317,797,normal,0,0,65535_65535,0,1,67550,628,1,1,1,15,628,26,1,1,allocated
317,797,normal,0,0,65535_65535,0,2,43185,680,0,1,0,15,0,28,1,1,pre_allocation
317,797,normal,0,0,65535_65535,0,2,43185,725,1,1,1,16,725,28,1,1,allocated
317,797,normal,0,0,65535_65535,0,3,44033,680,0,1,0,15,0,28,1,1,pre_allocation
317,797,normal,0,0,65535_65535,0,3,44033,725,1,1,1,16,725,28,1,1,allocated
317,797,normal,0,0,65535_65535,0,4,45025,680,0,1,0,15,0,28,1,1,pre_allocation
317,797,normal,0,0,65535_65535,0,4,45025,725,1,1,1,16,725,28,1,1,allocated
317,797,normal,0,0,65535_65535,0,5,46249,680,0,1,0,15,0,28,1,1,pre_allocation
317,797,normal,0,0,65535_65535,0,5,46249,725,1,1,1,16,725,28,1,1,allocated
317,797,normal,0,0,65535_65535,0,1,67550,628,0,1,0,15,0,26,1,1,pre_allocation
317,797,normal,0,0,65535_65535,0,1,67550,670,1,1,1,16,670,26,1,1,allocated
317,797,normal,0,0,65535_65535,0,2,43185,725,0,1,0,16,0,28,1,1,pre_allocation
317,797,normal,0,0,65535_65535,0,2,43185,771,1,1,1,17,771,28,1,1,allocated
317,797,normal,0,0,65535_65535,0,3,44033,725,0,1,0,16,0,28,1,1,pre_allocation
317,797,normal,0,0,65535_65535,0,3,44033,771,1,1,1,17,771,28,1,1,allocated
317,797,normal,0,0,65535_65535,0,4,45025,725,0,1,0,16,0,28,1,1,pre_allocation
317,797,normal,0,0,65535_65535,0,4,45025,771,1,1,1,17,771,28,1,1,allocated
317,797,normal,0,0,65535_65535,0,5,46249,725,0,1,0,16,0,28,1,1,pre_allocation
317,797,normal,0,0,65535_65535,0,5,46249,771,1,1,1,17,771,28,1,1,allocated
317,797,normal,0,0,65535_65535,0,1,67550,670,0,1,0,16,0,26,1,1,pre_allocation
317,797,normal,0,0,65535_65535,0,1,67550,712,1,1,1,17,712,26,1,1,allocated
317,797,normal,0,0,65535_65535,0,2,43185,771,0,1,0,17,0,28,1,1,pre_allocation
317,797,normal,0,0,65535_65535,0,2,43185,816,1,1,1,18,816,28,1,1,allocated
317,797,normal,0,0,65535_65535,0,3,44033,771,0,1,0,17,0,28,1,1,pre_allocation
317,797,normal,0,0,65535_65535,0,3,44033,816,1,1,1,18,816,28,1,1,allocated
317,797,normal,0,0,65535_65535,0,4,45025,771,0,1,0,17,0,28,1,1,pre_allocation
317,797,normal,0,0,65535_65535,0,4,45025,816,1,1,1,18,816,28,1,1,allocated
317,797,normal,0,0,65535_65535,0,5,46249,771,0,1,0,17,0,28,1,1,pre_allocation
317,797,normal,0,0,65535_65535,0,5,46249,816,1,1,1,18,816,28,1,1,allocated
317,797,normal,0,0,65535_65535,0,1,67550,712,0,1,0,17,0,26,1,1,pre_allocation
317,797,normal,0,0,65535_65535,0,1,67550,754,1,1,1,18,754,26,1,1,allocated
317,797,normal,0,0,65535_65535,0,2,43185,816,0,1,0,18,0,28,1,1,pre_allocation
317,797,normal,0,0,65535_65535,0,2,43185,862,1,1,1,19,862,28,1,1,allocated
317,797,normal,0,0,65535_65535,0,3,44033,816,0,1,0,18,0,28,1,1,pre_allocation
317,797,normal,0,0,65535_65535,0,3,44033,862,1,1,1,19,862,28,1,1,allocated
317,797,normal,0,0,65535_65535,0,4,45025,816,0,1,0,18,0,28,1,1,pre_allocation
317,797,normal,0,0,65535_65535,0,4,45025,862,1,1,1,19,862,28,1,1,allocated
317,797,normal,0,0,65535_65535,0,5,46249,816,0,1,0,18,0,28,1,1,pre_allocation
317,797,normal,0,0,65535_65535,0,5,46249,862,1,1,1,19,862,28,1,1,allocated
317,797,normal,0,0,65535_65535,0,1,67550,754,0,1,0,18,0,26,1,1,pre_allocation
317,797,normal,0,0,65535_65535,0,1,67550,796,1,1,1,19,796,26,1,1,allocated
317,797,normal,0,0,65535_65535,0,2,43185,862,0,1,0,19,0,28,1,1,pre_allocation
317,797,normal,0,0,65535_65535,0,2,43185,907,1,1,1,20,907,28,1,1,allocated
317,797,normal,0,0,65535_65535,0,3,44033,862,0,1,0,19,0,28,1,1,pre_allocation
317,797,normal,0,0,65535_65535,0,3,44033,907,1,1,1,20,907,28,1,1,allocated
317,797,normal,0,0,65535_65535,0,4,45025,862,0,1,0,19,0,28,1,1,pre_allocation
317,797,normal,0,0,65535_65535,0,4,45025,907,1,1,1,20,907,28,1,1,allocated
317,797,normal,0,0,65535_65535,0,5,46249,862,0,1,0,19,0,28,1,1,pre_allocation
317,797,normal,0,0,65535_65535,0,5,46249,907,1,1,1,20,907,28,1,1,allocated
317,797,normal,0,0,65535_65535,0,1,67550,796,0,1,0,19,0,26,1,1,pre_allocation
317,797,normal,0,0,65535_65535,0,1,67550,838,1,1,1,20,838,26,1,1,allocated
317,797,normal,0,0,65535_65535,0,2,43185,907,0,1,0,20,0,28,1,1,pre_allocation
317,797,normal,0,0,65535_65535,0,2,43185,953,1,1,1,21,953,28,1,1,allocated
317,797,normal,0,0,65535_65535,0,3,44033,907,0,1,0,20,0,28,1,1,pre_allocation
317,797,normal,0,0,65535_65535,0,3,44033,953,1,1,1,21,953,28,1,1,allocated
317,797,normal,0,0,65535_65535,0,4,45025,907,0,1,0,20,0,28,1,1,pre_allocation
317,797,normal,0,0,65535_65535,0,4,45025,953,1,1,1,21,953,28,1,1,allocated
317,797,normal,0,0,65535_65535,0,5,46249,907,0,1,0,20,0,28,1,1,pre_allocation
317,797,normal,0,0,65535_65535,0,5,46249,953,1,1,1,21,953,28,1,1,allocated
317,797,normal,0,0,65535_65535,0,1,67550,838,0,1,0,20,0,26,1,1,pre_allocation
317,797,normal,0,0,65535_65535,0,1,67550,880,1,1,1,21,880,26,1,1,allocated
317,797,normal,0,0,65535_65535,0,2,43185,953,0,1,0,21,0,28,1,1,pre_allocation
317,797,normal,0,0,65535_65535,0,2,43185,998,1,1,1,22,998,28,1,1,allocated
317,797,normal,0,0,65535_65535,0,3,44033,953,0,1,0,21,0,28,1,1,pre_allocation
317,797,normal,0,0,65535_65535,0,3,44033,998,1,1,1,22,998,28,1,1,allocated
317,797,normal,0,0,65535_65535,0,4,45025,953,0,1,0,21,0,28,1,1,pre_allocation
317,797,normal,0,0,65535_65535,0,4,45025,998,1,1,1,22,998,28,1,1,allocated
317,797,normal,0,0,65535_65535,0,5,46249,953,0,1,0,21,0,28,1,1,pre_allocation
317,797,normal,0,0,65535_65535,0,5,46249,998,1,1,1,22,998,28,1,1,allocated
317,797,normal,0,0,65535_65535,0,1,67550,880,0,1,0,21,0,26,1,1,pre_allocation
317,797,normal,0,0,65535_65535,0,1,67550,922,1,1,1,22,922,26,1,1,allocated
317,797,normal,0,0,65535_65535,0,2,43185,998,0,1,0,22,0,28,1,1,pre_allocation
317,797,normal,0,0,65535_65535,0,2,43185,1044,1,1,1,23,1044,28,1,1,allocated
317,797,normal,0,0,65535_65535,0,3,44033,998,0,1,0,22,0,28,1,1,pre_allocation
317,797,normal,0,0,65535_65535,0,3,44033,1044,1,1,1,23,1044,28,1,1,allocated
317,797,normal,0,0,65535_65535,0,4,45025,998,0,1,0,22,0,28,1,1,pre_allocation
317,797,normal,0,0,65535_65535,0,4,45025,1044,1,1,1,23,1044,28,1,1,allocated
317,797,normal,0,0,65535_65535,0,5,46249,998,0,1,0,22,0,28,1,1,pre_allocation
317,797,normal,0,0,65535_65535,0,5,46249,1044,1,1,1,23,1044,28,1,1,allocated
317,797,normal,0,0,65535_65535,0,1,67550,922,0,1,0,22,0,26,1,1,pre_allocation
317,797,normal,0,0,65535_65535,0,1,67550,964,1,1,1,23,964,26,1,1,allocated
317,797,normal,0,0,65535_65535,0,2,43185,1044,0,1,0,23,0,28,1,1,pre_allocation
317,797,normal,0,0,65535_65535,0,2,43185,1089,1,1,1,24,1089,28,1,1,allocated
317,797,normal,0,0,65535_65535,0,3,44033,1044,0,1,0,23,0,28,1,1,pre_allocation
317,797,normal,0,0,65535_65535,0,3,44033,1089,1,1,1,24,1089,28,1,1,allocated
317,797,normal,0,0,65535_65535,0,4,45025,1044,0,1,0,23,0,28,1,1,pre_allocation
317,797,normal,0,0,65535_65535,0,4,45025,1089,1,1,1,24,1089,28,1,1,allocated
317,797,normal,0,0,65535_65535,0,5,46249,1044,0,1,0,23,0,28,1,1,pre_allocation
317,797,normal,0,0,65535_65535,0,5,46249,1089,1,1,1,24,1089,28,1,1,allocated
317,797,normal,0,0,65535_65535,0,1,67550,964,0,1,0,23,0,26,1,1,pre_allocation
317,797,normal,0,0,65535_65535,0,1,67550,1006,1,1,1,24,1006,26,1,1,allocated
317,797,normal,0,0,65535_65535,0,2,43185,1089,0,1,0,24,0,28,1,1,pre_allocation
317,797,normal,0,0,65535_65535,0,2,43185,1135,1,1,1,25,1135,28,1,1,allocated
317,797,normal,0,0,65535_65535,0,3,44033,1089,0,1,0,24,0,28,1,1,pre_allocation
317,797,normal,0,0,65535_65535,0,3,44033,1135,1,1,1,25,1135,28,1,1,allocated
317,797,normal,0,0,65535_65535,0,4,45025,1089,0,1,0,24,0,28,1,1,pre_allocation
317,797,normal,0,0,65535_65535,0,4,45025,1135,1,1,1,25,1135,28,1,1,allocated
317,797,normal,0,0,65535_65535,0,5,46249,1089,0,1,0,24,0,28,1,1,pre_allocation
317,797,normal,0,0,65535_65535,0,5,46249,1135,1,1,1,25,1135,28,1,1,allocated
317,797,normal,0,0,65535_65535,0,1,67550,1006,0,1,0,24,0,26,1,1,pre_allocation
317,797,normal,0,0,65535_65535,0,1,67550,1048,1,1,1,25,1048,26,1,1,allocated
317,797,normal,0,0,65535_65535,0,2,43185,1135,0,1,0,25,0,28,1,1,pre_allocation
317,797,normal,0,0,65535_65535,0,2,43185,1181,1,1,1,26,1181,28,1,1,allocated
317,797,normal,0,0,65535_65535,0,3,44033,1135,0,1,0,25,0,28,1,1,pre_allocation
317,797,normal,0,0,65535_65535,0,3,44033,1181,1,1,1,26,1181,28,1,1,allocated
317,797,normal,0,0,65535_65535,0,4,45025,1135,0,1,0,25,0,28,1,1,pre_allocation
317,797,normal,0,0,65535_65535,0,4,45025,1181,1,1,1,26,1181,28,1,1,allocated
317,797,normal,0,0,65535_65535,1,6,87,0,0,1,0,0,0,28,1,1,pre_allocation
317,797,normal,0,0,65535_65535,1,6,87,42,1,1,1,1,42,28,1,1,allocated
317,797,normal,0,0,65535_65535,1,7,87,0,0,1,0,0,0,28,1,1,pre_allocation
317,797,normal,0,0,65535_65535,1,7,87,42,1,1,1,1,42,28,1,1,allocated
317,797,normal,0,0,65535_65535,1,9,87,0,0,1,0,0,0,28,1,1,pre_allocation
317,797,normal,0,0,65535_65535,1,9,87,42,1,1,1,1,42,28,1,1,allocated
317,797,normal,0,0,65535_65535,1,10,87,0,0,1,0,0,0,28,1,1,pre_allocation
317,797,normal,0,0,65535_65535,1,10,87,42,1,1,1,1,42,28,1,1,allocated
317,797,normal,0,0,65535_65535,1,6,87,42,0,1,0,1,0,28,1,1,pre_allocation
317,797,normal,0,0,65535_65535,1,6,87,88,1,1,1,2,88,28,1,1,allocated
317,797,normal,0,0,65535_65535,1,7,87,42,0,1,0,1,0,28,1,1,pre_allocation
317,797,normal,0,0,65535_65535,1,7,87,88,1,1,1,2,88,28,1,1,allocated
317,797,normal,0,0,65535_65535,1,9,87,42,0,1,0,1,0,28,1,1,pre_allocation
317,797,normal,0,0,65535_65535,1,9,87,88,1,1,1,2,88,28,1,1,allocated
317,797,normal,0,0,65535_65535,1,10,87,42,0,1,0,1,0,28,1,1,pre_allocation
317,797,normal,0,0,65535_65535,1,10,87,88,1,1,1,2,88,28,1,1,allocated
317,797,normal,0,0,65535_65535,1,6,87,88,0,1,0,2,0,28,1,1,pre_allocation
317,797,normal,0,0,65535_65535,1,6,87,133,1,1,1,3,133,28,1,1,allocated
317,797,normal,0,0,65535_65535,1,7,87,88,0,1,0,2,0,28,1,1,pre_allocation
317,797,normal,0,0,65535_65535,1,7,87,133,1,1,1,3,133,28,1,1,allocated
317,797,normal,0,0,65535_65535,1,9,87,88,0,1,0,2,0,28,1,1,pre_allocation
317,797,normal,0,0,65535_65535,1,9,87,133,1,1,1,3,133,28,1,1,allocated
317,797,normal,0,0,65535_65535,1,10,87,88,0,1,0,2,0,28,1,1,pre_allocation
317,797,normal,0,0,65535_65535,1,10,87,133,1,1,1,3,133,28,1,1,allocated
317,797,normal,0,0,65535_65535,1,6,87,133,0,1,0,3,0,28,1,1,pre_allocation
317,797,normal,0,0,65535_65535,1,6,87,179,1,1,1,4,179,28,1,1,allocated
317,797,normal,0,0,65535_65535,1,7,87,133,0,1,0,3,0,28,1,1,pre_allocation
317,797,normal,0,0,65535_65535,1,7,87,179,1,1,1,4,179,28,1,1,allocated
317,797,normal,0,0,65535_65535,1,9,87,133,0,1,0,3,0,28,1,1,pre_allocation
317,797,normal,0,0,65535_65535,1,9,87,179,1,1,1,4,179,28,1,1,allocated
317,797,normal,0,0,65535_65535,1,10,87,133,0,1,0,3,0,28,1,1,pre_allocation
317,797,normal,0,0,65535_65535,1,10,87,179,1,1,1,4,179,28,1,1,allocated
317,797,normal,0,0,65535_65535,1,6,87,179,0,1,0,4,0,28,1,1,pre_allocation
317,797,normal,0,0,65535_65535,1,6,87,224,1,1,1,5,224,28,1,1,allocated
317,797,normal,0,0,65535_65535,1,7,87,179,0,1,0,4,0,28,1,1,pre_allocation
317,797,normal,0,0,65535_65535,1,7,87,224,1,1,1,5,224,28,1,1,allocated
317,797,normal,0,0,65535_65535,1,9,87,179,0,1,0,4,0,28,1,1,pre_allocation
317,797,normal,0,0,65535_65535,1,9,87,224,1,1,1,5,224,28,1,1,allocated
317,797,normal,0,0,65535_65535,1,10,87,179,0,1,0,4,0,28,1,1,pre_allocation
317,797,normal,0,0,65535_65535,1,10,87,224,1,1,1,5,224,28,1,1,allocated
317,797,normal,0,0,65535_65535,1,6,87,224,0,1,0,5,0,28,1,1,pre_allocation
317,797,normal,0,0,65535_65535,1,6,87,270,1,1,1,6,270,28,1,1,allocated
317,797,normal,0,0,65535_65535,1,7,87,224,0,1,0,5,0,28,1,1,pre_allocation
317,797,normal,0,0,65535_65535,1,7,87,270,1,1,1,6,270,28,1,1,allocated
317,797,normal,0,0,65535_65535,1,9,87,224,0,1,0,5,0,28,1,1,pre_allocation
317,797,normal,0,0,65535_65535,1,9,87,270,1,1,1,6,270,28,1,1,allocated
317,797,normal,0,0,65535_65535,1,10,87,224,0,1,0,5,0,28,1,1,pre_allocation
317,797,normal,0,0,65535_65535,1,10,87,270,1,1,1,6,270,28,1,1,allocated
317,797,normal,0,0,65535_65535,1,6,87,270,0,1,0,6,0,28,1,1,pre_allocation
317,797,normal,0,0,65535_65535,1,6,87,315,1,1,1,7,315,28,1,1,allocated
317,797,normal,0,0,65535_65535,1,7,87,270,0,1,0,6,0,28,1,1,pre_allocation
317,797,normal,0,0,65535_65535,1,7,87,315,1,1,1,7,315,28,1,1,allocated
317,797,normal,0,0,65535_65535,1,9,87,270,0,1,0,6,0,28,1,1,pre_allocation
317,797,normal,0,0,65535_65535,1,9,87,315,1,1,1,7,315,28,1,1,allocated
317,797,normal,0,0,65535_65535,1,10,87,270,0,1,0,6,0,28,1,1,pre_allocation
317,797,normal,0,0,65535_65535,1,10,87,315,1,1,1,7,315,28,1,1,allocated
317,797,normal,0,0,65535_65535,1,6,87,315,0,1,0,7,0,28,1,1,pre_allocation
317,797,normal,0,0,65535_65535,1,6,87,361,1,1,1,8,361,28,1,1,allocated
317,797,normal,0,0,65535_65535,1,7,87,315,0,1,0,7,0,28,1,1,pre_allocation
317,797,normal,0,0,65535_65535,1,7,87,361,1,1,1,8,361,28,1,1,allocated
317,797,normal,0,0,65535_65535,1,9,87,315,0,1,0,7,0,28,1,1,pre_allocation
317,797,normal,0,0,65535_65535,1,9,87,361,1,1,1,8,361,28,1,1,allocated
317,797,normal,0,0,65535_65535,1,10,87,315,0,1,0,7,0,28,1,1,pre_allocation
317,797,normal,0,0,65535_65535,1,10,87,361,1,1,1,8,361,28,1,1,allocated
317,797,normal,0,0,65535_65535,1,6,87,361,0,1,0,8,0,28,1,1,pre_allocation
317,797,normal,0,0,65535_65535,1,6,87,406,1,1,1,9,406,28,1,1,allocated
317,797,normal,0,0,65535_65535,1,7,87,361,0,1,0,8,0,28,1,1,pre_allocation
317,797,normal,0,0,65535_65535,1,7,87,406,1,1,1,9,406,28,1,1,allocated
317,797,normal,0,0,65535_65535,1,9,87,361,0,1,0,8,0,28,1,1,pre_allocation
317,797,normal,0,0,65535_65535,1,9,87,406,1,1,1,9,406,28,1,1,allocated
317,797,normal,0,0,65535_65535,1,10,87,361,0,1,0,8,0,28,1,1,pre_allocation
317,797,normal,0,0,65535_65535,1,10,87,406,1,1,1,9,406,28,1,1,allocated
317,797,normal,0,0,65535_65535,1,6,87,406,0,1,0,9,0,28,1,1,pre_allocation
317,797,normal,0,0,65535_65535,1,6,87,452,1,1,1,10,452,28,1,1,allocated
317,797,normal,0,0,65535_65535,1,7,87,406,0,1,0,9,0,28,1,1,pre_allocation
317,797,normal,0,0,65535_65535,1,7,87,452,1,1,1,10,452,28,1,1,allocated
317,797,normal,0,0,65535_65535,1,9,87,406,0,1,0,9,0,28,1,1,pre_allocation
317,797,normal,0,0,65535_65535,1,9,87,452,1,1,1,10,452,28,1,1,allocated
317,797,normal,0,0,65535_65535,1,10,87,406,0,1,0,9,0,28,1,1,pre_allocation
317,797,normal,0,0,65535_65535,1,10,87,452,1,1,1,10,452,28,1,1,allocated
317,797,normal,0,0,65535_65535,1,6,87,452,0,1,0,10,0,28,1,1,pre_allocation
317,797,normal,0,0,65535_65535,1,6,87,497,1,1,1,11,497,28,1,1,allocated
317,797,normal,0,0,65535_65535,1,7,87,452,0,1,0,10,0,28,1,1,pre_allocation
317,797,normal,0,0,65535_65535,1,7,87,497,1,1,1,11,497,28,1,1,allocated
317,797,normal,0,0,65535_65535,1,9,87,452,0,1,0,10,0,28,1,1,pre_allocation
317,797,normal,0,0,65535_65535,1,9,87,497,1,1,1,11,497,28,1,1,allocated
317,797,normal,0,0,65535_65535,1,10,87,452,0,1,0,10,0,28,1,1,pre_allocation
317,797,normal,0,0,65535_65535,1,10,87,497,1,1,1,11,497,28,1,1,allocated
317,797,normal,0,0,65535_65535,1,6,87,497,0,1,0,11,0,28,1,1,pre_allocation
317,797,normal,0,0,65535_65535,1,6,87,543,1,1,1,12,543,28,1,1,allocated
317,797,normal,0,0,65535_65535,1,7,87,497,0,1,0,11,0,28,1,1,pre_allocation
317,797,normal,0,0,65535_65535,1,7,87,543,1,1,1,12,543,28,1,1,allocated
317,797,normal,0,0,65535_65535,1,9,87,497,0,1,0,11,0,28,1,1,pre_allocation
317,797,normal,0,0,65535_65535,1,9,87,543,1,1,1,12,543,28,1,1,allocated
317,797,normal,0,0,65535_65535,1,10,87,497,0,1,0,11,0,28,1,1,pre_allocation
317,797,normal,0,0,65535_65535,1,10,87,543,1,1,1,12,543,28,1,1,allocated
317,797,normal,0,0,65535_65535,1,6,87,543,0,1,0,12,0,28,1,1,pre_allocation
317,797,normal,0,0,65535_65535,1,6,87,589,1,1,1,13,589,28,1,1,allocated
317,797,normal,0,0,65535_65535,1,7,87,543,0,1,0,12,0,28,1,1,pre_allocation
317,797,normal,0,0,65535_65535,1,7,87,589,1,1,1,13,589,28,1,1,allocated
317,797,normal,0,0,65535_65535,1,9,87,543,0,1,0,12,0,28,1,1,pre_allocation
317,797,normal,0,0,65535_65535,1,9,87,589,1,1,1,13,589,28,1,1,allocated
317,797,normal,0,0,65535_65535,1,10,87,543,0,1,0,12,0,28,1,1,pre_allocation
317,797,normal,0,0,65535_65535,1,10,87,589,1,1,1,13,589,28,1,1,allocated
317,797,normal,0,0,65535_65535,1,6,87,589,0,1,0,13,0,28,1,1,pre_allocation
317,797,normal,0,0,65535_65535,1,6,87,634,1,1,1,14,634,28,1,1,allocated
317,797,normal,0,0,65535_65535,1,7,87,589,0,1,0,13,0,28,1,1,pre_allocation
317,797,normal,0,0,65535_65535,1,7,87,634,1,1,1,14,634,28,1,1,allocated
317,797,normal,0,0,65535_65535,1,9,87,589,0,1,0,13,0,28,1,1,pre_allocation
317,797,normal,0,0,65535_65535,1,9,87,634,1,1,1,14,634,28,1,1,allocated
317,797,normal,0,0,65535_65535,1,10,87,589,0,1,0,13,0,28,1,1,pre_allocation
317,797,normal,0,0,65535_65535,1,10,87,634,1,1,1,14,634,28,1,1,allocated
317,797,normal,0,0,65535_65535,1,6,87,634,0,1,0,14,0,28,1,1,pre_allocation
317,797,normal,0,0,65535_65535,1,6,87,680,1,1,1,15,680,28,1,1,allocated
317,797,normal,0,0,65535_65535,1,7,87,634,0,1,0,14,0,28,1,1,pre_allocation
317,797,normal,0,0,65535_65535,1,7,87,680,1,1,1,15,680,28,1,1,allocated
317,797,normal,0,0,65535_65535,1,9,87,634,0,1,0,14,0,28,1,1,pre_allocation
317,797,normal,0,0,65535_65535,1,9,87,680,1,1,1,15,680,28,1,1,allocated
317,797,normal,0,0,65535_65535,1,10,87,634,0,1,0,14,0,28,1,1,pre_allocation
317,797,normal,0,0,65535_65535,1,10,87,680,1,1,1,15,680,28,1,1,allocated
317,797,normal,0,0,65535_65535,1,6,87,680,0,1,0,15,0,28,1,1,pre_allocation
317,797,normal,0,0,65535_65535,1,6,87,725,1,1,1,16,725,28,1,1,allocated
317,797,normal,0,0,65535_65535,1,7,87,680,0,1,0,15,0,28,1,1,pre_allocation
317,797,normal,0,0,65535_65535,1,7,87,725,1,1,1,16,725,28,1,1,allocated
317,797,normal,0,0,65535_65535,1,9,87,680,0,1,0,15,0,28,1,1,pre_allocation
317,797,normal,0,0,65535_65535,1,9,87,725,1,1,1,16,725,28,1,1,allocated
317,797,normal,0,0,65535_65535,1,10,87,680,0,1,0,15,0,28,1,1,pre_allocation
317,797,normal,0,0,65535_65535,1,10,87,725,1,1,1,16,725,28,1,1,allocated
317,797,normal,0,0,65535_65535,1,6,87,725,0,1,0,16,0,28,1,1,pre_allocation
317,797,normal,0,0,65535_65535,1,6,87,771,1,1,1,17,771,28,1,1,allocated
317,797,normal,0,0,65535_65535,1,7,87,725,0,1,0,16,0,28,1,1,pre_allocation
317,797,normal,0,0,65535_65535,1,7,87,771,1,1,1,17,771,28,1,1,allocated
317,797,normal,0,0,65535_65535,1,9,87,725,0,1,0,16,0,28,1,1,pre_allocation
317,797,normal,0,0,65535_65535,1,9,87,771,1,1,1,17,771,28,1,1,allocated
317,797,normal,0,0,65535_65535,1,10,87,725,0,1,0,16,0,28,1,1,pre_allocation
317,797,normal,0,0,65535_65535,1,10,87,771,1,1,1,17,771,28,1,1,allocated
317,797,normal,0,0,65535_65535,1,6,87,771,0,1,0,17,0,28,1,1,pre_allocation
317,797,normal,0,0,65535_65535,1,6,87,816,1,1,1,18,816,28,1,1,allocated
317,797,normal,0,0,65535_65535,1,7,87,771,0,1,0,17,0,28,1,1,pre_allocation
317,797,normal,0,0,65535_65535,1,7,87,816,1,1,1,18,816,28,1,1,allocated
317,797,normal,0,0,65535_65535,1,9,87,771,0,1,0,17,0,28,1,1,pre_allocation
317,797,normal,0,0,65535_65535,1,9,87,816,1,1,1,18,816,28,1,1,allocated
317,797,normal,0,0,65535_65535,1,10,87,771,0,1,0,17,0,28,1,1,pre_allocation
317,797,normal,0,0,65535_65535,1,10,87,816,1,1,1,18,816,28,1,1,allocated
317,797,normal,0,0,65535_65535,1,6,87,816,0,1,0,18,0,28,1,1,pre_allocation
317,797,normal,0,0,65535_65535,1,6,87,862,1,1,1,19,862,28,1,1,allocated
317,797,normal,0,0,65535_65535,1,7,87,816,0,1,0,18,0,28,1,1,pre_allocation
317,797,normal,0,0,65535_65535,1,7,87,862,1,1,1,19,862,28,1,1,allocated
317,797,normal,0,0,65535_65535,1,9,87,816,0,1,0,18,0,28,1,1,pre_allocation
317,797,normal,0,0,65535_65535,1,9,87,862,1,1,1,19,862,28,1,1,allocated
317,797,normal,0,0,65535_65535,1,10,87,816,0,1,0,18,0,28,1,1,pre_allocation
317,797,normal,0,0,65535_65535,1,10,87,862,1,1,1,19,862,28,1,1,allocated
317,797,normal,0,0,65535_65535,1,6,87,862,0,1,0,19,0,28,1,1,pre_allocation
317,797,normal,0,0,65535_65535,1,6,87,907,1,1,1,20,907,28,1,1,allocated
317,797,normal,0,0,65535_65535,1,7,87,862,0,1,0,19,0,28,1,1,pre_allocation
317,797,normal,0,0,65535_65535,1,7,87,907,1,1,1,20,907,28,1,1,allocated
317,797,normal,0,0,65535_65535,1,9,87,862,0,1,0,19,0,28,1,1,pre_allocation
317,797,normal,0,0,65535_65535,1,9,87,907,1,1,1,20,907,28,1,1,allocated
317,797,normal,0,0,65535_65535,1,10,87,862,0,1,0,19,0,28,1,1,pre_allocation
317,797,normal,0,0,65535_65535,1,10,87,907,1,1,1,20,907,28,1,1,allocated
317,797,normal,0,0,65535_65535,1,6,87,907,0,1,0,20,0,28,1,1,pre_allocation
317,797,normal,0,0,65535_65535,1,6,87,953,1,1,1,21,953,28,1,1,allocated
317,797,normal,0,0,65535_65535,1,7,87,907,0,1,0,20,0,28,1,1,pre_allocation
317,797,normal,0,0,65535_65535,1,7,87,953,1,1,1,21,953,28,1,1,allocated
317,797,normal,0,0,65535_65535,1,9,87,907,0,1,0,20,0,28,1,1,pre_allocation
317,797,normal,0,0,65535_65535,1,9,87,953,1,1,1,21,953,28,1,1,allocated
317,797,normal,0,0,65535_65535,1,10,87,907,0,1,0,20,0,28,1,1,pre_allocation
317,797,normal,0,0,65535_65535,1,10,87,953,1,1,1,21,953,28,1,1,allocated
317,797,normal,0,0,65535_65535,1,6,87,953,0,1,0,21,0,28,1,1,pre_allocation
317,797,normal,0,0,65535_65535,1,6,87,998,1,1,1,22,998,28,1,1,allocated
317,797,normal,0,0,65535_65535,1,7,87,953,0,1,0,21,0,28,1,1,pre_allocation
317,797,normal,0,0,65535_65535,1,7,87,998,1,1,1,22,998,28,1,1,allocated
317,797,normal,0,0,65535_65535,1,9,87,953,0,1,0,21,0,28,1,1,pre_allocation
317,797,normal,0,0,65535_65535,1,9,87,998,1,1,1,22,998,28,1,1,allocated
317,797,normal,0,0,65535_65535,1,10,87,953,0,1,0,21,0,28,1,1,pre_allocation
317,797,normal,0,0,65535_65535,1,10,87,998,1,1,1,22,998,28,1,1,allocated
317,797,normal,0,0,65535_65535,1,6,87,998,0,1,0,22,0,28,1,1,pre_allocation
317,797,normal,0,0,65535_65535,1,6,87,1044,1,1,1,23,1044,28,1,1,allocated
317,797,normal,0,0,65535_65535,1,7,87,998,0,1,0,22,0,28,1,1,pre_allocation
317,797,normal,0,0,65535_65535,1,7,87,1044,1,1,1,23,1044,28,1,1,allocated
317,797,normal,0,0,65535_65535,1,9,87,998,0,1,0,22,0,28,1,1,pre_allocation
317,797,normal,0,0,65535_65535,1,9,87,1044,1,1,1,23,1044,28,1,1,allocated
317,797,normal,0,0,65535_65535,1,10,87,998,0,1,0,22,0,28,1,1,pre_allocation
317,797,normal,0,0,65535_65535,1,10,87,1044,1,1,1,23,1044,28,1,1,allocated
317,797,normal,0,0,65535_65535,1,6,87,1044,0,1,0,23,0,28,1,1,pre_allocation
317,797,normal,0,0,65535_65535,1,6,87,1089,1,1,1,24,1089,28,1,1,allocated
317,797,normal,0,0,65535_65535,1,7,87,1044,0,1,0,23,0,28,1,1,pre_allocation
317,797,normal,0,0,65535_65535,1,7,87,1089,1,1,1,24,1089,28,1,1,allocated
317,797,normal,0,0,65535_65535,1,9,87,1044,0,1,0,23,0,28,1,1,pre_allocation
317,797,normal,0,0,65535_65535,1,9,87,1089,1,1,1,24,1089,28,1,1,allocated
317,797,normal,0,0,65535_65535,1,10,87,1044,0,1,0,23,0,28,1,1,pre_allocation
317,797,normal,0,0,65535_65535,1,10,87,1089,1,1,1,24,1089,28,1,1,allocated
317,797,normal,0,0,65535_65535,1,6,87,1089,0,1,0,24,0,28,1,1,pre_allocation
317,797,normal,0,0,65535_65535,1,6,87,1135,1,1,1,25,1135,28,1,1,allocated
317,797,normal,0,0,65535_65535,1,7,87,1089,0,1,0,24,0,28,1,1,pre_allocation
317,797,normal,0,0,65535_65535,1,7,87,1135,1,1,1,25,1135,28,1,1,allocated
317,797,normal,0,0,65535_65535,1,9,87,1089,0,1,0,24,0,28,1,1,pre_allocation
317,797,normal,0,0,65535_65535,1,9,87,1135,1,1,1,25,1135,28,1,1,allocated
317,797,normal,0,0,65535_65535,1,10,87,1089,0,1,0,24,0,28,1,1,pre_allocation
317,797,normal,0,0,65535_65535,1,10,87,1135,1,1,1,25,1135,28,1,1,allocated
317,797,normal,0,0,65535_65535,1,6,87,1135,0,1,0,25,0,28,1,1,pre_allocation
317,797,normal,0,0,65535_65535,1,6,87,1181,1,1,1,26,1181,28,1,1,allocated
317,797,normal,0,0,65535_65535,1,7,87,1135,0,1,0,25,0,28,1,1,pre_allocation
317,797,normal,0,0,65535_65535,1,7,87,1181,1,1,1,26,1181,28,1,1,allocated
317,797,normal,0,0,65535_65535,1,9,87,1135,0,1,0,25,0,28,1,1,pre_allocation
317,797,normal,0,0,65535_65535,1,9,87,1181,1,1,1,26,1181,28,1,1,allocated
317,797,normal,0,0,65535_65535,1,10,87,1135,0,1,0,25,0,28,1,1,pre_allocation
317,797,normal,0,0,65535_65535,1,10,87,1181,1,1,1,26,1181,28,1,1,allocated
317,797,normal,0,0,65535_65535,1,6,87,1181,0,1,0,26,0,28,1,1,pre_allocation
317,797,normal,0,0,65535_65535,1,6,87,1226,1,1,1,27,1226,28,1,1,allocated
317,797,normal,0,0,65535_65535,1,7,87,1181,0,1,0,26,0,28,1,1,pre_allocation
317,797,normal,0,0,65535_65535,1,7,87,1226,1,1,1,27,1226,28,1,1,allocated
317,797,normal,0,0,65535_65535,1,9,87,1181,0,1,0,26,0,28,1,1,pre_allocation
317,797,normal,0,0,65535_65535,1,9,87,1226,1,1,1,27,1226,28,1,1,allocated
317,797,normal,0,0,65535_65535,1,10,87,1181,0,1,0,26,0,28,1,1,pre_allocation
317,797,normal,0,0,65535_65535,1,10,87,1226,1,1,1,27,1226,28,1,1,allocated
317,797,normal,0,0,65535_65535,1,6,87,1226,0,1,0,27,0,28,1,1,pre_allocation
317,797,normal,0,0,65535_65535,1,6,87,1272,1,1,1,28,1272,28,1,1,allocated
317,797,normal,0,0,65535_65535,1,7,87,1226,0,1,0,27,0,28,1,1,pre_allocation
317,797,normal,0,0,65535_65535,1,7,87,1272,1,1,1,28,1272,28,1,1,allocated
317,797,normal,0,0,65535_65535,1,9,87,1226,0,1,0,27,0,28,1,1,pre_allocation
317,797,normal,0,0,65535_65535,1,9,87,1272,1,1,1,28,1272,28,1,1,allocated
317,797,normal,0,0,65535_65535,1,10,87,1226,0,1,0,27,0,28,1,1,pre_allocation
317,797,normal,0,0,65535_65535,1,10,87,1272,1,1,1,28,1272,28,1,1,allocated
317,797,normal,0,0,65535_65535,1,6,87,1272,0,1,0,28,0,28,1,1,pre_allocation
317,797,normal,0,0,65535_65535,1,6,87,1317,1,1,1,29,1317,28,1,1,allocated
317,797,normal,0,0,65535_65535,1,7,87,1272,0,1,0,28,0,28,1,1,pre_allocation
317,797,normal,0,0,65535_65535,1,7,87,1317,1,1,1,29,1317,28,1,1,allocated
317,797,normal,0,0,65535_65535,1,9,87,1272,0,1,0,28,0,28,1,1,pre_allocation
317,797,normal,0,0,65535_65535,1,9,87,1317,1,1,1,29,1317,28,1,1,allocated
317,797,normal,0,0,65535_65535,1,10,87,1272,0,1,0,28,0,28,1,1,pre_allocation
317,797,normal,0,0,65535_65535,1,10,87,1317,1,1,1,29,1317,28,1,1,allocated
317,797,normal,0,0,65535_65535,1,6,87,1317,0,1,0,29,0,28,1,1,pre_allocation
317,797,normal,0,0,65535_65535,1,6,87,1363,1,1,1,30,1363,28,1,1,allocated
317,797,normal,0,0,65535_65535,1,7,87,1317,0,1,0,29,0,28,1,1,pre_allocation
317,797,normal,0,0,65535_65535,1,7,87,1363,1,1,1,30,1363,28,1,1,allocated
317,797,normal,0,0,65535_65535,1,9,87,1317,0,1,0,29,0,28,1,1,pre_allocation
317,797,normal,0,0,65535_65535,1,9,87,1363,1,1,1,30,1363,28,1,1,allocated
317,797,normal,0,0,65535_65535,1,10,87,1317,0,1,0,29,0,28,1,1,pre_allocation
317,797,normal,0,0,65535_65535,1,10,87,1363,1,1,1,30,1363,28,1,1,allocated
317,797,normal,0,0,65535_65535,1,6,87,1363,0,1,0,30,0,28,1,1,pre_allocation
317,797,normal,0,0,65535_65535,1,6,87,1408,1,1,1,31,1408,28,1,1,allocated
317,797,normal,0,0,65535_65535,1,7,87,1363,0,1,0,30,0,28,1,1,pre_allocation
317,797,normal,0,0,65535_65535,1,7,87,1408,1,1,1,31,1408,28,1,1,allocated
317,797,normal,0,0,65535_65535,1,9,87,1363,0,1,0,30,0,28,1,1,pre_allocation
317,797,normal,0,0,65535_65535,1,9,87,1408,1,1,1,31,1408,28,1,1,allocated
317,797,normal,0,0,65535_65535,1,10,87,1363,0,1,0,30,0,28,1,1,pre_allocation
317,797,normal,0,0,65535_65535,1,10,87,1408,1,1,1,31,1408,28,1,1,allocated
317,797,normal,0,0,65535_65535,1,6,87,1408,0,1,0,31,0,28,1,1,pre_allocation
317,797,normal,0,0,65535_65535,1,6,87,1454,1,1,1,32,1454,28,1,1,allocated
317,797,normal,0,0,65535_65535,1,7,87,1408,0,1,0,31,0,28,1,1,pre_allocation
317,797,normal,0,0,65535_65535,1,7,87,1454,1,1,1,32,1454,28,1,1,allocated
317,797,normal,0,0,65535_65535,1,9,87,1408,0,1,0,31,0,28,1,1,pre_allocation
317,797,normal,0,0,65535_65535,1,9,87,1454,1,1,1,32,1454,28,1,1,allocated
317,797,normal,0,0,65535_65535,1,10,87,1408,0,1,0,31,0,28,1,1,pre_allocation
317,797,normal,0,0,65535_65535,1,10,87,1454,1,1,1,32,1454,28,1,1,allocated
317,797,normal,0,0,65535_65535,1,6,87,1454,0,1,0,32,0,28,1,1,pre_allocation
317,797,normal,0,0,65535_65535,1,6,87,1499,1,1,1,33,1499,28,1,1,allocated
317,797,normal,0,0,65535_65535,1,7,87,1454,0,1,0,32,0,28,1,1,pre_allocation
317,797,normal,0,0,65535_65535,1,7,87,1499,1,1,1,33,1499,28,1,1,allocated
317,797,normal,0,0,65535_65535,1,9,87,1454,0,1,0,32,0,28,1,1,pre_allocation
317,797,normal,0,0,65535_65535,1,9,87,1499,1,1,1,33,1499,28,1,1,allocated
317,797,normal,0,0,65535_65535,1,10,87,1454,0,1,0,32,0,28,1,1,pre_allocation
317,797,normal,0,0,65535_65535,1,10,87,1499,1,1,1,33,1499,28,1,1,allocated
317,797,normal,0,0,65535_65535,1,6,87,1499,0,1,0,33,0,28,1,1,pre_allocation
317,797,normal,0,0,65535_65535,1,6,87,1542,1,1,1,34,1542,28,1,1,allocated
317,797,normal,0,0,65535_65535,1,7,87,1499,0,1,0,33,0,28,1,1,pre_allocation
317,797,normal,0,0,65535_65535,1,7,87,1542,1,1,1,34,1542,28,1,1,allocated
317,797,normal,0,0,65535_65535,1,9,87,1499,0,1,0,33,0,28,1,1,pre_allocation
317,797,normal,0,0,65535_65535,1,9,87,1542,1,1,1,34,1542,28,1,1,allocated
317,797,normal,0,0,65535_65535,1,10,87,1499,0,1,0,33,0,28,1,1,pre_allocation
317,797,normal,0,0,65535_65535,1,10,87,1542,1,1,1,34,1542,28,1,1,allocated
317,797,normal,0,0,65535_65535,1,6,87,1542,0,1,0,34,0,28,1,1,pre_allocation
317,797,normal,0,0,65535_65535,1,6,87,1587,1,1,1,35,1587,28,1,1,allocated
317,797,normal,0,0,65535_65535,1,7,87,1542,0,1,0,34,0,28,1,1,pre_allocation
317,797,normal,0,0,65535_65535,1,7,87,1587,1,1,1,35,1587,28,1,1,allocated
429,895,normal,0,0,65535_65535,0,1,59437,0,0,1,0,0,0,26,1,1,pre_allocation
429,895,normal,0,0,65535_65535,0,1,59437,39,1,1,1,1,39,26,1,1,allocated
429,895,normal,0,0,65535_65535,0,5,25590,0,0,1,0,0,0,28,1,1,pre_allocation
429,895,normal,0,0,65535_65535,0,5,25590,42,1,1,1,1,42,28,1,1,allocated
429,895,normal,0,0,65535_65535,0,4,24278,0,0,1,0,0,0,28,1,1,pre_allocation
429,895,normal,0,0,65535_65535,0,4,24278,42,1,1,1,1,42,28,1,1,allocated
429,895,normal,0,0,65535_65535,0,3,22618,0,0,1,0,0,0,28,1,1,pre_allocation
429,895,normal,0,0,65535_65535,0,3,22618,42,1,1,1,1,42,28,1,1,allocated
429,895,normal,0,0,65535_65535,0,2,20545,0,0,1,0,0,0,28,1,1,pre_allocation
429,895,normal,0,0,65535_65535,0,2,20545,42,1,1,1,1,42,28,1,1,allocated
429,895,normal,0,0,65535_65535,0,1,59437,39,0,1,0,1,0,26,1,1,pre_allocation
429,895,normal,0,0,65535_65535,0,1,59437,81,1,1,1,2,81,26,1,1,allocated
429,895,normal,0,0,65535_65535,0,5,25590,42,0,1,0,1,0,28,1,1,pre_allocation
429,895,normal,0,0,65535_65535,0,5,25590,88,1,1,1,2,88,28,1,1,allocated
429,895,normal,0,0,65535_65535,0,4,24278,42,0,1,0,1,0,28,1,1,pre_allocation
429,895,normal,0,0,65535_65535,0,4,24278,88,1,1,1,2,88,28,1,1,allocated
429,895,normal,0,0,65535_65535,0,3,22618,42,0,1,0,1,0,28,1,1,pre_allocation
429,895,normal,0,0,65535_65535,0,3,22618,88,1,1,1,2,88,28,1,1,allocated
429,895,normal,0,0,65535_65535,0,2,20545,42,0,1,0,1,0,28,1,1,pre_allocation
429,895,normal,0,0,65535_65535,0,2,20545,88,1,1,1,2,88,28,1,1,allocated
429,895,normal,0,0,65535_65535,0,1,59437,81,0,1,0,2,0,26,1,1,pre_allocation
429,895,normal,0,0,65535_65535,0,1,59437,123,1,1,1,3,123,26,1,1,allocated
429,895,normal,0,0,65535_65535,0,5,25590,88,0,1,0,2,0,28,1,1,pre_allocation
429,895,normal,0,0,65535_65535,0,5,25590,133,1,1,1,3,133,28,1,1,allocated
429,895,normal,0,0,65535_65535,0,4,24278,88,0,1,0,2,0,28,1,1,pre_allocation
429,895,normal,0,0,65535_65535,0,4,24278,133,1,1,1,3,133,28,1,1,allocated
429,895,normal,0,0,65535_65535,0,3,22618,88,0,1,0,2,0,28,1,1,pre_allocation
429,895,normal,0,0,65535_65535,0,3,22618,133,1,1,1,3,133,28,1,1,allocated
429,895,normal,0,0,65535_65535,0,2,20545,88,0,1,0,2,0,28,1,1,pre_allocation
429,895,normal,0,0,65535_65535,0,2,20545,133,1,1,1,3,133,28,1,1,allocated
429,895,normal,0,0,65535_65535,0,1,59437,123,0,1,0,3,0,26,1,1,pre_allocation
429,895,normal,0,0,65535_65535,0,1,59437,165,1,1,1,4,165,26,1,1,allocated
429,895,normal,0,0,65535_65535,0,5,25590,133,0,1,0,3,0,28,1,1,pre_allocation
429,895,normal,0,0,65535_65535,0,5,25590,179,1,1,1,4,179,28,1,1,allocated
429,895,normal,0,0,65535_65535,0,4,24278,133,0,1,0,3,0,28,1,1,pre_allocation
429,895,normal,0,0,65535_65535,0,4,24278,179,1,1,1,4,179,28,1,1,allocated
429,895,normal,0,0,65535_65535,0,3,22618,133,0,1,0,3,0,28,1,1,pre_allocation
429,895,normal,0,0,65535_65535,0,3,22618,179,1,1,1,4,179,28,1,1,allocated
429,895,normal,0,0,65535_65535,0,2,20545,133,0,1,0,3,0,28,1,1,pre_allocation
429,895,normal,0,0,65535_65535,0,2,20545,179,1,1,1,4,179,28,1,1,allocated
429,895,normal,0,0,65535_65535,0,1,59437,165,0,1,0,4,0,26,1,1,pre_allocation
429,895,normal,0,0,65535_65535,0,1,59437,207,1,1,1,5,207,26,1,1,allocated
429,895,normal,0,0,65535_65535,0,5,25590,179,0,1,0,4,0,28,1,1,pre_allocation
429,895,normal,0,0,65535_65535,0,5,25590,224,1,1,1,5,224,28,1,1,allocated
429,895,normal,0,0,65535_65535,0,4,24278,179,0,1,0,4,0,28,1,1,pre_allocation
429,895,normal,0,0,65535_65535,0,4,24278,224,1,1,1,5,224,28,1,1,allocated
429,895,normal,0,0,65535_65535,0,3,22618,179,0,1,0,4,0,28,1,1,pre_allocation
429,895,normal,0,0,65535_65535,0,3,22618,224,1,1,1,5,224,28,1,1,allocated
429,895,normal,0,0,65535_65535,0,2,20545,179,0,1,0,4,0,28,1,1,pre_allocation
429,895,normal,0,0,65535_65535,0,2,20545,224,1,1,1,5,224,28,1,1,allocated
429,895,normal,0,0,65535_65535,0,1,59437,207,0,1,0,5,0,26,1,1,pre_allocation
429,895,normal,0,0,65535_65535,0,1,59437,249,1,1,1,6,249,26,1,1,allocated
429,895,normal,0,0,65535_65535,0,5,25590,224,0,1,0,5,0,28,1,1,pre_allocation
429,895,normal,0,0,65535_65535,0,5,25590,270,1,1,1,6,270,28,1,1,allocated
429,895,normal,0,0,65535_65535,0,4,24278,224,0,1,0,5,0,28,1,1,pre_allocation
429,895,normal,0,0,65535_65535,0,4,24278,270,1,1,1,6,270,28,1,1,allocated
429,895,normal,0,0,65535_65535,0,3,22618,224,0,1,0,5,0,28,1,1,pre_allocation
429,895,normal,0,0,65535_65535,0,3,22618,270,1,1,1,6,270,28,1,1,allocated
429,895,normal,0,0,65535_65535,0,2,20545,224,0,1,0,5,0,28,1,1,pre_allocation
429,895,normal,0,0,65535_65535,0,2,20545,270,1,1,1,6,270,28,1,1,allocated
429,895,normal,0,0,65535_65535,0,1,59437,249,0,1,0,6,0,26,1,1,pre_allocation
429,895,normal,0,0,65535_65535,0,1,59437,291,1,1,1,7,291,26,1,1,allocated
429,895,normal,0,0,65535_65535,0,5,25590,270,0,1,0,6,0,28,1,1,pre_allocation
429,895,normal,0,0,65535_65535,0,5,25590,315,1,1,1,7,315,28,1,1,allocated
429,895,normal,0,0,65535_65535,0,4,24278,270,0,1,0,6,0,28,1,1,pre_allocation
429,895,normal,0,0,65535_65535,0,4,24278,315,1,1,1,7,315,28,1,1,allocated
429,895,normal,0,0,65535_65535,0,3,22618,270,0,1,0,6,0,28,1,1,pre_allocation
429,895,normal,0,0,65535_65535,0,3,22618,315,1,1,1,7,315,28,1,1,allocated
429,895,normal,0,0,65535_65535,0,2,20545,270,0,1,0,6,0,28,1,1,pre_allocation
429,895,normal,0,0,65535_65535,0,2,20545,315,1,1,1,7,315,28,1,1,allocated
429,895,normal,0,0,65535_65535,0,1,59437,291,0,1,0,7,0,26,1,1,pre_allocation
429,895,normal,0,0,65535_65535,0,1,59437,333,1,1,1,8,333,26,1,1,allocated
429,895,normal,0,0,65535_65535,0,5,25590,315,0,1,0,7,0,28,1,1,pre_allocation
429,895,normal,0,0,65535_65535,0,5,25590,361,1,1,1,8,361,28,1,1,allocated
429,895,normal,0,0,65535_65535,0,4,24278,315,0,1,0,7,0,28,1,1,pre_allocation
429,895,normal,0,0,65535_65535,0,4,24278,361,1,1,1,8,361,28,1,1,allocated
429,895,normal,0,0,65535_65535,0,3,22618,315,0,1,0,7,0,28,1,1,pre_allocation
429,895,normal,0,0,65535_65535,0,3,22618,361,1,1,1,8,361,28,1,1,allocated
429,895,normal,0,0,65535_65535,0,2,20545,315,0,1,0,7,0,28,1,1,pre_allocation
429,895,normal,0,0,65535_65535,0,2,20545,361,1,1,1,8,361,28,1,1,allocated
429,895,normal,0,0,65535_65535,0,1,59437,333,0,1,0,8,0,26,1,1,pre_allocation
429,895,normal,0,0,65535_65535,0,1,59437,375,1,1,1,9,375,26,1,1,allocated
429,895,normal,0,0,65535_65535,0,5,25590,361,0,1,0,8,0,28,1,1,pre_allocation
429,895,normal,0,0,65535_65535,0,5,25590,406,1,1,1,9,406,28,1,1,allocated
429,895,normal,0,0,65535_65535,0,4,24278,361,0,1,0,8,0,28,1,1,pre_allocation
429,895,normal,0,0,65535_65535,0,4,24278,406,1,1,1,9,406,28,1,1,allocated
429,895,normal,0,0,65535_65535,0,3,22618,361,0,1,0,8,0,28,1,1,pre_allocation
429,895,normal,0,0,65535_65535,0,3,22618,406,1,1,1,9,406,28,1,1,allocated
429,895,normal,0,0,65535_65535,0,2,20545,361,0,1,0,8,0,28,1,1,pre_allocation
429,895,normal,0,0,65535_65535,0,2,20545,406,1,1,1,9,406,28,1,1,allocated
429,895,normal,0,0,65535_65535,0,1,59437,375,0,1,0,9,0,26,1,1,pre_allocation
429,895,normal,0,0,65535_65535,0,1,59437,417,1,1,1,10,417,26,1,1,allocated
429,895,normal,0,0,65535_65535,0,5,25590,406,0,1,0,9,0,28,1,1,pre_allocation
429,895,normal,0,0,65535_65535,0,5,25590,452,1,1,1,10,452,28,1,1,allocated
429,895,normal,0,0,65535_65535,0,4,24278,406,0,1,0,9,0,28,1,1,pre_allocation
429,895,normal,0,0,65535_65535,0,4,24278,452,1,1,1,10,452,28,1,1,allocated
429,895,normal,0,0,65535_65535,0,3,22618,406,0,1,0,9,0,28,1,1,pre_allocation
429,895,normal,0,0,65535_65535,0,3,22618,452,1,1,1,10,452,28,1,1,allocated
429,895,normal,0,0,65535_65535,0,2,20545,406,0,1,0,9,0,28,1,1,pre_allocation
429,895,normal,0,0,65535_65535,0,2,20545,452,1,1,1,10,452,28,1,1,allocated
429,895,normal,0,0,65535_65535,0,1,59437,417,0,1,0,10,0,26,1,1,pre_allocation
429,895,normal,0,0,65535_65535,0,1,59437,459,1,1,1,11,459,26,1,1,allocated
429,895,normal,0,0,65535_65535,0,5,25590,452,0,1,0,10,0,28,1,1,pre_allocation
429,895,normal,0,0,65535_65535,0,5,25590,497,1,1,1,11,497,28,1,1,allocated
429,895,normal,0,0,65535_65535,0,4,24278,452,0,1,0,10,0,28,1,1,pre_allocation
429,895,normal,0,0,65535_65535,0,4,24278,497,1,1,1,11,497,28,1,1,allocated
429,895,normal,0,0,65535_65535,0,3,22618,452,0,1,0,10,0,28,1,1,pre_allocation
429,895,normal,0,0,65535_65535,0,3,22618,497,1,1,1,11,497,28,1,1,allocated
429,895,normal,0,0,65535_65535,0,2,20545,452,0,1,0,10,0,28,1,1,pre_allocation
429,895,normal,0,0,65535_65535,0,2,20545,497,1,1,1,11,497,28,1,1,allocated
429,895,normal,0,0,65535_65535,0,1,59437,459,0,1,0,11,0,26,1,1,pre_allocation
429,895,normal,0,0,65535_65535,0,1,59437,501,1,1,1,12,501,26,1,1,allocated
429,895,normal,0,0,65535_65535,0,5,25590,497,0,1,0,11,0,28,1,1,pre_allocation
429,895,normal,0,0,65535_65535,0,5,25590,543,1,1,1,12,543,28,1,1,allocated
429,895,normal,0,0,65535_65535,0,4,24278,497,0,1,0,11,0,28,1,1,pre_allocation
429,895,normal,0,0,65535_65535,0,4,24278,543,1,1,1,12,543,28,1,1,allocated
429,895,normal,0,0,65535_65535,0,3,22618,497,0,1,0,11,0,28,1,1,pre_allocation
429,895,normal,0,0,65535_65535,0,3,22618,543,1,1,1,12,543,28,1,1,allocated
429,895,normal,0,0,65535_65535,0,2,20545,497,0,1,0,11,0,28,1,1,pre_allocation
429,895,normal,0,0,65535_65535,0,2,20545,543,1,1,1,12,543,28,1,1,allocated
429,895,normal,0,0,65535_65535,0,1,59437,501,0,1,0,12,0,26,1,1,pre_allocation
429,895,normal,0,0,65535_65535,0,1,59437,543,1,1,1,13,543,26,1,1,allocated
429,895,normal,0,0,65535_65535,0,5,25590,543,0,1,0,12,0,28,1,1,pre_allocation
429,895,normal,0,0,65535_65535,0,5,25590,589,1,1,1,13,589,28,1,1,allocated
429,895,normal,0,0,65535_65535,0,4,24278,543,0,1,0,12,0,28,1,1,pre_allocation
429,895,normal,0,0,65535_65535,0,4,24278,589,1,1,1,13,589,28,1,1,allocated
429,895,normal,0,0,65535_65535,0,3,22618,543,0,1,0,12,0,28,1,1,pre_allocation
429,895,normal,0,0,65535_65535,0,3,22618,589,1,1,1,13,589,28,1,1,allocated
429,895,normal,0,0,65535_65535,0,2,20545,543,0,1,0,12,0,28,1,1,pre_allocation
429,895,normal,0,0,65535_65535,0,2,20545,589,1,1,1,13,589,28,1,1,allocated
429,895,normal,0,0,65535_65535,0,1,59437,543,0,1,0,13,0,26,1,1,pre_allocation
429,895,normal,0,0,65535_65535,0,1,59437,586,1,1,1,14,586,26,1,1,allocated
429,895,normal,0,0,65535_65535,0,5,25590,589,0,1,0,13,0,28,1,1,pre_allocation
429,895,normal,0,0,65535_65535,0,5,25590,634,1,1,1,14,634,28,1,1,allocated
429,895,normal,0,0,65535_65535,0,4,24278,589,0,1,0,13,0,28,1,1,pre_allocation
429,895,normal,0,0,65535_65535,0,4,24278,634,1,1,1,14,634,28,1,1,allocated
429,895,normal,0,0,65535_65535,0,3,22618,589,0,1,0,13,0,28,1,1,pre_allocation
429,895,normal,0,0,65535_65535,0,3,22618,634,1,1,1,14,634,28,1,1,allocated
429,895,normal,0,0,65535_65535,0,2,20545,589,0,1,0,13,0,28,1,1,pre_allocation
429,895,normal,0,0,65535_65535,0,2,20545,634,1,1,1,14,634,28,1,1,allocated
429,895,normal,0,0,65535_65535,0,1,59437,586,0,1,0,14,0,26,1,1,pre_allocation
429,895,normal,0,0,65535_65535,0,1,59437,628,1,1,1,15,628,26,1,1,allocated
429,895,normal,0,0,65535_65535,0,5,25590,634,0,1,0,14,0,28,1,1,pre_allocation
429,895,normal,0,0,65535_65535,0,5,25590,680,1,1,1,15,680,28,1,1,allocated
429,895,normal,0,0,65535_65535,0,4,24278,634,0,1,0,14,0,28,1,1,pre_allocation
429,895,normal,0,0,65535_65535,0,4,24278,680,1,1,1,15,680,28,1,1,allocated
429,895,normal,0,0,65535_65535,0,3,22618,634,0,1,0,14,0,28,1,1,pre_allocation
429,895,normal,0,0,65535_65535,0,3,22618,680,1,1,1,15,680,28,1,1,allocated
429,895,normal,0,0,65535_65535,0,2,20545,634,0,1,0,14,0,28,1,1,pre_allocation
429,895,normal,0,0,65535_65535,0,2,20545,680,1,1,1,15,680,28,1,1,allocated
429,895,normal,0,0,65535_65535,0,1,59437,628,0,1,0,15,0,26,1,1,pre_allocation
429,895,normal,0,0,65535_65535,0,1,59437,670,1,1,1,16,670,26,1,1,allocated
429,895,normal,0,0,65535_65535,0,5,25590,680,0,1,0,15,0,28,1,1,pre_allocation
429,895,normal,0,0,65535_65535,0,5,25590,725,1,1,1,16,725,28,1,1,allocated
429,895,normal,0,0,65535_65535,0,4,24278,680,0,1,0,15,0,28,1,1,pre_allocation
429,895,normal,0,0,65535_65535,0,4,24278,725,1,1,1,16,725,28,1,1,allocated
429,895,normal,0,0,65535_65535,0,3,22618,680,0,1,0,15,0,28,1,1,pre_allocation
429,895,normal,0,0,65535_65535,0,3,22618,725,1,1,1,16,725,28,1,1,allocated
429,895,normal,0,0,65535_65535,0,2,20545,680,0,1,0,15,0,28,1,1,pre_allocation
429,895,normal,0,0,65535_65535,0,2,20545,725,1,1,1,16,725,28,1,1,allocated
429,895,normal,0,0,65535_65535,0,1,59437,670,0,1,0,16,0,26,1,1,pre_allocation
429,895,normal,0,0,65535_65535,0,1,59437,712,1,1,1,17,712,26,1,1,allocated
429,895,normal,0,0,65535_65535,0,5,25590,725,0,1,0,16,0,28,1,1,pre_allocation
429,895,normal,0,0,65535_65535,0,5,25590,771,1,1,1,17,771,28,1,1,allocated
429,895,normal,0,0,65535_65535,0,4,24278,725,0,1,0,16,0,28,1,1,pre_allocation
429,895,normal,0,0,65535_65535,0,4,24278,771,1,1,1,17,771,28,1,1,allocated
429,895,normal,0,0,65535_65535,0,3,22618,725,0,1,0,16,0,28,1,1,pre_allocation
429,895,normal,0,0,65535_65535,0,3,22618,771,1,1,1,17,771,28,1,1,allocated
429,895,normal,0,0,65535_65535,1,10,87,0,0,1,0,0,0,28,1,1,pre_allocation
429,895,normal,0,0,65535_65535,1,10,87,42,1,1,1,1,42,28,1,1,allocated
429,895,normal,0,0,65535_65535,1,9,87,0,0,1,0,0,0,28,1,1,pre_allocation
429,895,normal,0,0,65535_65535,1,9,87,42,1,1,1,1,42,28,1,1,allocated
429,895,normal,0,0,65535_65535,1,7,87,0,0,1,0,0,0,28,1,1,pre_allocation
429,895,normal,0,0,65535_65535,1,7,87,42,1,1,1,1,42,28,1,1,allocated
429,895,normal,0,0,65535_65535,1,6,87,0,0,1,0,0,0,28,1,1,pre_allocation
429,895,normal,0,0,65535_65535,1,6,87,42,1,1,1,1,42,28,1,1,allocated
429,895,normal,0,0,65535_65535,1,10,87,42,0,1,0,1,0,28,1,1,pre_allocation
429,895,normal,0,0,65535_65535,1,10,87,88,1,1,1,2,88,28,1,1,allocated
429,895,normal,0,0,65535_65535,1,9,87,42,0,1,0,1,0,28,1,1,pre_allocation
429,895,normal,0,0,65535_65535,1,9,87,88,1,1,1,2,88,28,1,1,allocated
429,895,normal,0,0,65535_65535,1,7,87,42,0,1,0,1,0,28,1,1,pre_allocation
429,895,normal,0,0,65535_65535,1,7,87,88,1,1,1,2,88,28,1,1,allocated
429,895,normal,0,0,65535_65535,1,6,87,42,0,1,0,1,0,28,1,1,pre_allocation
429,895,normal,0,0,65535_65535,1,6,87,88,1,1,1,2,88,28,1,1,allocated
429,895,normal,0,0,65535_65535,1,10,87,88,0,1,0,2,0,28,1,1,pre_allocation
429,895,normal,0,0,65535_65535,1,10,87,133,1,1,1,3,133,28,1,1,allocated
429,895,normal,0,0,65535_65535,1,9,87,88,0,1,0,2,0,28,1,1,pre_allocation
429,895,normal,0,0,65535_65535,1,9,87,133,1,1,1,3,133,28,1,1,allocated
429,895,normal,0,0,65535_65535,1,7,87,88,0,1,0,2,0,28,1,1,pre_allocation
429,895,normal,0,0,65535_65535,1,7,87,133,1,1,1,3,133,28,1,1,allocated
429,895,normal,0,0,65535_65535,1,6,87,88,0,1,0,2,0,28,1,1,pre_allocation
429,895,normal,0,0,65535_65535,1,6,87,133,1,1,1,3,133,28,1,1,allocated
429,895,normal,0,0,65535_65535,1,10,87,133,0,1,0,3,0,28,1,1,pre_allocation
429,895,normal,0,0,65535_65535,1,10,87,179,1,1,1,4,179,28,1,1,allocated
429,895,normal,0,0,65535_65535,1,9,87,133,0,1,0,3,0,28,1,1,pre_allocation
429,895,normal,0,0,65535_65535,1,9,87,179,1,1,1,4,179,28,1,1,allocated
429,895,normal,0,0,65535_65535,1,7,87,133,0,1,0,3,0,28,1,1,pre_allocation
429,895,normal,0,0,65535_65535,1,7,87,179,1,1,1,4,179,28,1,1,allocated
429,895,normal,0,0,65535_65535,1,6,87,133,0,1,0,3,0,28,1,1,pre_allocation
429,895,normal,0,0,65535_65535,1,6,87,179,1,1,1,4,179,28,1,1,allocated
429,895,normal,0,0,65535_65535,1,10,87,179,0,1,0,4,0,28,1,1,pre_allocation
429,895,normal,0,0,65535_65535,1,10,87,224,1,1,1,5,224,28,1,1,allocated
429,895,normal,0,0,65535_65535,1,9,87,179,0,1,0,4,0,28,1,1,pre_allocation
429,895,normal,0,0,65535_65535,1,9,87,224,1,1,1,5,224,28,1,1,allocated
429,895,normal,0,0,65535_65535,1,7,87,179,0,1,0,4,0,28,1,1,pre_allocation
429,895,normal,0,0,65535_65535,1,7,87,224,1,1,1,5,224,28,1,1,allocated
429,895,normal,0,0,65535_65535,1,6,87,179,0,1,0,4,0,28,1,1,pre_allocation
429,895,normal,0,0,65535_65535,1,6,87,224,1,1,1,5,224,28,1,1,allocated
429,895,normal,0,0,65535_65535,1,10,87,224,0,1,0,5,0,28,1,1,pre_allocation
429,895,normal,0,0,65535_65535,1,10,87,270,1,1,1,6,270,28,1,1,allocated
429,895,normal,0,0,65535_65535,1,9,87,224,0,1,0,5,0,28,1,1,pre_allocation
429,895,normal,0,0,65535_65535,1,9,87,270,1,1,1,6,270,28,1,1,allocated
429,895,normal,0,0,65535_65535,1,7,87,224,0,1,0,5,0,28,1,1,pre_allocation
429,895,normal,0,0,65535_65535,1,7,87,270,1,1,1,6,270,28,1,1,allocated
429,895,normal,0,0,65535_65535,1,6,87,224,0,1,0,5,0,28,1,1,pre_allocation
429,895,normal,0,0,65535_65535,1,6,87,270,1,1,1,6,270,28,1,1,allocated
429,895,normal,0,0,65535_65535,1,10,87,270,0,1,0,6,0,28,1,1,pre_allocation
429,895,normal,0,0,65535_65535,1,10,87,315,1,1,1,7,315,28,1,1,allocated
429,895,normal,0,0,65535_65535,1,9,87,270,0,1,0,6,0,28,1,1,pre_allocation
429,895,normal,0,0,65535_65535,1,9,87,315,1,1,1,7,315,28,1,1,allocated
429,895,normal,0,0,65535_65535,1,7,87,270,0,1,0,6,0,28,1,1,pre_allocation
429,895,normal,0,0,65535_65535,1,7,87,315,1,1,1,7,315,28,1,1,allocated
429,895,normal,0,0,65535_65535,1,6,87,270,0,1,0,6,0,28,1,1,pre_allocation
429,895,normal,0,0,65535_65535,1,6,87,315,1,1,1,7,315,28,1,1,allocated
429,895,normal,0,0,65535_65535,1,10,87,315,0,1,0,7,0,28,1,1,pre_allocation
429,895,normal,0,0,65535_65535,1,10,87,361,1,1,1,8,361,28,1,1,allocated
429,895,normal,0,0,65535_65535,1,9,87,315,0,1,0,7,0,28,1,1,pre_allocation
429,895,normal,0,0,65535_65535,1,9,87,361,1,1,1,8,361,28,1,1,allocated
429,895,normal,0,0,65535_65535,1,7,87,315,0,1,0,7,0,28,1,1,pre_allocation
429,895,normal,0,0,65535_65535,1,7,87,361,1,1,1,8,361,28,1,1,allocated
429,895,normal,0,0,65535_65535,1,6,87,315,0,1,0,7,0,28,1,1,pre_allocation
429,895,normal,0,0,65535_65535,1,6,87,361,1,1,1,8,361,28,1,1,allocated
429,895,normal,0,0,65535_65535,1,10,87,361,0,1,0,8,0,28,1,1,pre_allocation
429,895,normal,0,0,65535_65535,1,10,87,406,1,1,1,9,406,28,1,1,allocated
429,895,normal,0,0,65535_65535,1,9,87,361,0,1,0,8,0,28,1,1,pre_allocation
429,895,normal,0,0,65535_65535,1,9,87,406,1,1,1,9,406,28,1,1,allocated
429,895,normal,0,0,65535_65535,1,7,87,361,0,1,0,8,0,28,1,1,pre_allocation
429,895,normal,0,0,65535_65535,1,7,87,406,1,1,1,9,406,28,1,1,allocated
429,895,normal,0,0,65535_65535,1,6,87,361,0,1,0,8,0,28,1,1,pre_allocation
429,895,normal,0,0,65535_65535,1,6,87,406,1,1,1,9,406,28,1,1,allocated
429,895,normal,0,0,65535_65535,1,10,87,406,0,1,0,9,0,28,1,1,pre_allocation
429,895,normal,0,0,65535_65535,1,10,87,452,1,1,1,10,452,28,1,1,allocated
429,895,normal,0,0,65535_65535,1,9,87,406,0,1,0,9,0,28,1,1,pre_allocation
429,895,normal,0,0,65535_65535,1,9,87,452,1,1,1,10,452,28,1,1,allocated
429,895,normal,0,0,65535_65535,1,7,87,406,0,1,0,9,0,28,1,1,pre_allocation
429,895,normal,0,0,65535_65535,1,7,87,452,1,1,1,10,452,28,1,1,allocated
429,895,normal,0,0,65535_65535,1,6,87,406,0,1,0,9,0,28,1,1,pre_allocation
429,895,normal,0,0,65535_65535,1,6,87,452,1,1,1,10,452,28,1,1,allocated
429,895,normal,0,0,65535_65535,1,10,87,452,0,1,0,10,0,28,1,1,pre_allocation
429,895,normal,0,0,65535_65535,1,10,87,497,1,1,1,11,497,28,1,1,allocated
429,895,normal,0,0,65535_65535,1,9,87,452,0,1,0,10,0,28,1,1,pre_allocation
429,895,normal,0,0,65535_65535,1,9,87,497,1,1,1,11,497,28,1,1,allocated
429,895,normal,0,0,65535_65535,1,7,87,452,0,1,0,10,0,28,1,1,pre_allocation
429,895,normal,0,0,65535_65535,1,7,87,497,1,1,1,11,497,28,1,1,allocated
429,895,normal,0,0,65535_65535,1,6,87,452,0,1,0,10,0,28,1,1,pre_allocation
429,895,normal,0,0,65535_65535,1,6,87,497,1,1,1,11,497,28,1,1,allocated
429,895,normal,0,0,65535_65535,1,10,87,497,0,1,0,11,0,28,1,1,pre_allocation
429,895,normal,0,0,65535_65535,1,10,87,543,1,1,1,12,543,28,1,1,allocated
429,895,normal,0,0,65535_65535,1,9,87,497,0,1,0,11,0,28,1,1,pre_allocation
429,895,normal,0,0,65535_65535,1,9,87,543,1,1,1,12,543,28,1,1,allocated
429,895,normal,0,0,65535_65535,1,7,87,497,0,1,0,11,0,28,1,1,pre_allocation
429,895,normal,0,0,65535_65535,1,7,87,543,1,1,1,12,543,28,1,1,allocated
429,895,normal,0,0,65535_65535,1,6,87,497,0,1,0,11,0,28,1,1,pre_allocation
429,895,normal,0,0,65535_65535,1,6,87,543,1,1,1,12,543,28,1,1,allocated
429,895,normal,0,0,65535_65535,1,10,87,543,0,1,0,12,0,28,1,1,pre_allocation
429,895,normal,0,0,65535_65535,1,10,87,589,1,1,1,13,589,28,1,1,allocated
429,895,normal,0,0,65535_65535,1,9,87,543,0,1,0,12,0,28,1,1,pre_allocation
429,895,normal,0,0,65535_65535,1,9,87,589,1,1,1,13,589,28,1,1,allocated
429,895,normal,0,0,65535_65535,1,7,87,543,0,1,0,12,0,28,1,1,pre_allocation
429,895,normal,0,0,65535_65535,1,7,87,589,1,1,1,13,589,28,1,1,allocated
429,895,normal,0,0,65535_65535,1,6,87,543,0,1,0,12,0,28,1,1,pre_allocation
429,895,normal,0,0,65535_65535,1,6,87,589,1,1,1,13,589,28,1,1,allocated
429,895,normal,0,0,65535_65535,1,10,87,589,0,1,0,13,0,28,1,1,pre_allocation
429,895,normal,0,0,65535_65535,1,10,87,634,1,1,1,14,634,28,1,1,allocated
429,895,normal,0,0,65535_65535,1,9,87,589,0,1,0,13,0,28,1,1,pre_allocation
429,895,normal,0,0,65535_65535,1,9,87,634,1,1,1,14,634,28,1,1,allocated
429,895,normal,0,0,65535_65535,1,7,87,589,0,1,0,13,0,28,1,1,pre_allocation
429,895,normal,0,0,65535_65535,1,7,87,634,1,1,1,14,634,28,1,1,allocated
429,895,normal,0,0,65535_65535,1,6,87,589,0,1,0,13,0,28,1,1,pre_allocation
429,895,normal,0,0,65535_65535,1,6,87,634,1,1,1,14,634,28,1,1,allocated
429,895,normal,0,0,65535_65535,1,10,87,634,0,1,0,14,0,28,1,1,pre_allocation
429,895,normal,0,0,65535_65535,1,10,87,680,1,1,1,15,680,28,1,1,allocated
429,895,normal,0,0,65535_65535,1,9,87,634,0,1,0,14,0,28,1,1,pre_allocation
429,895,normal,0,0,65535_65535,1,9,87,680,1,1,1,15,680,28,1,1,allocated
429,895,normal,0,0,65535_65535,1,7,87,634,0,1,0,14,0,28,1,1,pre_allocation
429,895,normal,0,0,65535_65535,1,7,87,680,1,1,1,15,680,28,1,1,allocated
429,895,normal,0,0,65535_65535,1,6,87,634,0,1,0,14,0,28,1,1,pre_allocation
429,895,normal,0,0,65535_65535,1,6,87,680,1,1,1,15,680,28,1,1,allocated
429,895,normal,0,0,65535_65535,1,10,87,680,0,1,0,15,0,28,1,1,pre_allocation
429,895,normal,0,0,65535_65535,1,10,87,725,1,1,1,16,725,28,1,1,allocated
429,895,normal,0,0,65535_65535,1,9,87,680,0,1,0,15,0,28,1,1,pre_allocation
429,895,normal,0,0,65535_65535,1,9,87,725,1,1,1,16,725,28,1,1,allocated
429,895,normal,0,0,65535_65535,1,7,87,680,0,1,0,15,0,28,1,1,pre_allocation
429,895,normal,0,0,65535_65535,1,7,87,725,1,1,1,16,725,28,1,1,allocated
429,895,normal,0,0,65535_65535,1,6,87,680,0,1,0,15,0,28,1,1,pre_allocation
429,895,normal,0,0,65535_65535,1,6,87,725,1,1,1,16,725,28,1,1,allocated
429,895,normal,0,0,65535_65535,1,10,87,725,0,1,0,16,0,28,1,1,pre_allocation
429,895,normal,0,0,65535_65535,1,10,87,771,1,1,1,17,771,28,1,1,allocated
429,895,normal,0,0,65535_65535,1,9,87,725,0,1,0,16,0,28,1,1,pre_allocation
429,895,normal,0,0,65535_65535,1,9,87,771,1,1,1,17,771,28,1,1,allocated
429,895,normal,0,0,65535_65535,1,7,87,725,0,1,0,16,0,28,1,1,pre_allocation
429,895,normal,0,0,65535_65535,1,7,87,771,1,1,1,17,771,28,1,1,allocated
429,895,normal,0,0,65535_65535,1,6,87,725,0,1,0,16,0,28,1,1,pre_allocation
429,895,normal,0,0,65535_65535,1,6,87,771,1,1,1,17,771,28,1,1,allocated
429,895,normal,0,0,65535_65535,1,10,87,771,0,1,0,17,0,28,1,1,pre_allocation
429,895,normal,0,0,65535_65535,1,10,87,816,1,1,1,18,816,28,1,1,allocated
429,895,normal,0,0,65535_65535,1,9,87,771,0,1,0,17,0,28,1,1,pre_allocation
429,895,normal,0,0,65535_65535,1,9,87,816,1,1,1,18,816,28,1,1,allocated
429,895,normal,0,0,65535_65535,1,7,87,771,0,1,0,17,0,28,1,1,pre_allocation
429,895,normal,0,0,65535_65535,1,7,87,816,1,1,1,18,816,28,1,1,allocated
429,895,normal,0,0,65535_65535,1,6,87,771,0,1,0,17,0,28,1,1,pre_allocation
429,895,normal,0,0,65535_65535,1,6,87,816,1,1,1,18,816,28,1,1,allocated
429,895,normal,0,0,65535_65535,1,10,87,816,0,1,0,18,0,28,1,1,pre_allocation
429,895,normal,0,0,65535_65535,1,10,87,862,1,1,1,19,862,28,1,1,allocated
429,895,normal,0,0,65535_65535,1,9,87,816,0,1,0,18,0,28,1,1,pre_allocation
429,895,normal,0,0,65535_65535,1,9,87,862,1,1,1,19,862,28,1,1,allocated
429,895,normal,0,0,65535_65535,1,7,87,816,0,1,0,18,0,28,1,1,pre_allocation
429,895,normal,0,0,65535_65535,1,7,87,862,1,1,1,19,862,28,1,1,allocated
429,895,normal,0,0,65535_65535,1,6,87,816,0,1,0,18,0,28,1,1,pre_allocation
429,895,normal,0,0,65535_65535,1,6,87,862,1,1,1,19,862,28,1,1,allocated
429,895,normal,0,0,65535_65535,1,10,87,862,0,1,0,19,0,28,1,1,pre_allocation
429,895,normal,0,0,65535_65535,1,10,87,907,1,1,1,20,907,28,1,1,allocated
429,895,normal,0,0,65535_65535,1,9,87,862,0,1,0,19,0,28,1,1,pre_allocation
429,895,normal,0,0,65535_65535,1,9,87,907,1,1,1,20,907,28,1,1,allocated
429,895,normal,0,0,65535_65535,1,7,87,862,0,1,0,19,0,28,1,1,pre_allocation
429,895,normal,0,0,65535_65535,1,7,87,907,1,1,1,20,907,28,1,1,allocated
429,895,normal,0,0,65535_65535,1,6,87,862,0,1,0,19,0,28,1,1,pre_allocation
429,895,normal,0,0,65535_65535,1,6,87,907,1,1,1,20,907,28,1,1,allocated
429,895,normal,0,0,65535_65535,1,10,87,907,0,1,0,20,0,28,1,1,pre_allocation
429,895,normal,0,0,65535_65535,1,10,87,953,1,1,1,21,953,28,1,1,allocated
429,895,normal,0,0,65535_65535,1,9,87,907,0,1,0,20,0,28,1,1,pre_allocation
429,895,normal,0,0,65535_65535,1,9,87,953,1,1,1,21,953,28,1,1,allocated
429,895,normal,0,0,65535_65535,1,7,87,907,0,1,0,20,0,28,1,1,pre_allocation
429,895,normal,0,0,65535_65535,1,7,87,953,1,1,1,21,953,28,1,1,allocated
429,895,normal,0,0,65535_65535,1,6,87,907,0,1,0,20,0,28,1,1,pre_allocation
429,895,normal,0,0,65535_65535,1,6,87,953,1,1,1,21,953,28,1,1,allocated
429,895,normal,0,0,65535_65535,1,10,87,953,0,1,0,21,0,28,1,1,pre_allocation
429,895,normal,0,0,65535_65535,1,10,87,998,1,1,1,22,998,28,1,1,allocated
429,895,normal,0,0,65535_65535,1,9,87,953,0,1,0,21,0,28,1,1,pre_allocation
429,895,normal,0,0,65535_65535,1,9,87,998,1,1,1,22,998,28,1,1,allocated
429,895,normal,0,0,65535_65535,1,7,87,953,0,1,0,21,0,28,1,1,pre_allocation
429,895,normal,0,0,65535_65535,1,7,87,998,1,1,1,22,998,28,1,1,allocated
429,895,normal,0,0,65535_65535,1,6,87,953,0,1,0,21,0,28,1,1,pre_allocation
429,895,normal,0,0,65535_65535,1,6,87,998,1,1,1,22,998,28,1,1,allocated
429,895,normal,0,0,65535_65535,1,10,87,998,0,1,0,22,0,28,1,1,pre_allocation
429,895,normal,0,0,65535_65535,1,10,87,1044,1,1,1,23,1044,28,1,1,allocated
429,895,normal,0,0,65535_65535,1,9,87,998,0,1,0,22,0,28,1,1,pre_allocation
429,895,normal,0,0,65535_65535,1,9,87,1044,1,1,1,23,1044,28,1,1,allocated
429,895,normal,0,0,65535_65535,1,7,87,998,0,1,0,22,0,28,1,1,pre_allocation
429,895,normal,0,0,65535_65535,1,7,87,1044,1,1,1,23,1044,28,1,1,allocated
429,895,normal,0,0,65535_65535,1,6,87,998,0,1,0,22,0,28,1,1,pre_allocation
429,895,normal,0,0,65535_65535,1,6,87,1044,1,1,1,23,1044,28,1,1,allocated
429,895,normal,0,0,65535_65535,1,10,87,1044,0,1,0,23,0,28,1,1,pre_allocation
429,895,normal,0,0,65535_65535,1,10,87,1089,1,1,1,24,1089,28,1,1,allocated
429,895,normal,0,0,65535_65535,1,9,87,1044,0,1,0,23,0,28,1,1,pre_allocation
429,895,normal,0,0,65535_65535,1,9,87,1089,1,1,1,24,1089,28,1,1,allocated
429,895,normal,0,0,65535_65535,1,7,87,1044,0,1,0,23,0,28,1,1,pre_allocation
429,895,normal,0,0,65535_65535,1,7,87,1089,1,1,1,24,1089,28,1,1,allocated
429,895,normal,0,0,65535_65535,1,6,87,1044,0,1,0,23,0,28,1,1,pre_allocation
429,895,normal,0,0,65535_65535,1,6,87,1089,1,1,1,24,1089,28,1,1,allocated
429,895,normal,0,0,65535_65535,1,10,87,1089,0,1,0,24,0,28,1,1,pre_allocation
429,895,normal,0,0,65535_65535,1,10,87,1135,1,1,1,25,1135,28,1,1,allocated
429,895,normal,0,0,65535_65535,1,9,87,1089,0,1,0,24,0,28,1,1,pre_allocation
429,895,normal,0,0,65535_65535,1,9,87,1135,1,1,1,25,1135,28,1,1,allocated
429,895,normal,0,0,65535_65535,1,7,87,1089,0,1,0,24,0,28,1,1,pre_allocation
429,895,normal,0,0,65535_65535,1,7,87,1135,1,1,1,25,1135,28,1,1,allocated
429,895,normal,0,0,65535_65535,1,6,87,1089,0,1,0,24,0,28,1,1,pre_allocation
429,895,normal,0,0,65535_65535,1,6,87,1135,1,1,1,25,1135,28,1,1,allocated
429,895,normal,0,0,65535_65535,1,10,87,1135,0,1,0,25,0,28,1,1,pre_allocation
429,895,normal,0,0,65535_65535,1,10,87,1181,1,1,1,26,1181,28,1,1,allocated
429,895,normal,0,0,65535_65535,1,9,87,1135,0,1,0,25,0,28,1,1,pre_allocation
429,895,normal,0,0,65535_65535,1,9,87,1181,1,1,1,26,1181,28,1,1,allocated
429,895,normal,0,0,65535_65535,1,7,87,1135,0,1,0,25,0,28,1,1,pre_allocation
429,895,normal,0,0,65535_65535,1,7,87,1181,1,1,1,26,1181,28,1,1,allocated
429,895,normal,0,0,65535_65535,1,6,87,1135,0,1,0,25,0,28,1,1,pre_allocation
429,895,normal,0,0,65535_65535,1,6,87,1181,1,1,1,26,1181,28,1,1,allocated
429,895,normal,0,0,65535_65535,1,10,87,1181,0,1,0,26,0,28,1,1,pre_allocation
429,895,normal,0,0,65535_65535,1,10,87,1226,1,1,1,27,1226,28,1,1,allocated
429,895,normal,0,0,65535_65535,1,9,87,1181,0,1,0,26,0,28,1,1,pre_allocation
429,895,normal,0,0,65535_65535,1,9,87,1226,1,1,1,27,1226,28,1,1,allocated
429,895,normal,0,0,65535_65535,1,7,87,1181,0,1,0,26,0,28,1,1,pre_allocation
429,895,normal,0,0,65535_65535,1,7,87,1226,1,1,1,27,1226,28,1,1,allocated
429,895,normal,0,0,65535_65535,1,6,87,1181,0,1,0,26,0,28,1,1,pre_allocation
429,895,normal,0,0,65535_65535,1,6,87,1226,1,1,1,27,1226,28,1,1,allocated
429,895,normal,0,0,65535_65535,1,10,87,1226,0,1,0,27,0,28,1,1,pre_allocation
429,895,normal,0,0,65535_65535,1,10,87,1272,1,1,1,28,1272,28,1,1,allocated
429,895,normal,0,0,65535_65535,1,9,87,1226,0,1,0,27,0,28,1,1,pre_allocation
429,895,normal,0,0,65535_65535,1,9,87,1272,1,1,1,28,1272,28,1,1,allocated
429,895,normal,0,0,65535_65535,1,7,87,1226,0,1,0,27,0,28,1,1,pre_allocation
429,895,normal,0,0,65535_65535,1,7,87,1272,1,1,1,28,1272,28,1,1,allocated
429,895,normal,0,0,65535_65535,1,6,87,1226,0,1,0,27,0,28,1,1,pre_allocation
429,895,normal,0,0,65535_65535,1,6,87,1272,1,1,1,28,1272,28,1,1,allocated
429,895,normal,0,0,65535_65535,1,10,87,1272,0,1,0,28,0,28,1,1,pre_allocation
429,895,normal,0,0,65535_65535,1,10,87,1317,1,1,1,29,1317,28,1,1,allocated
429,895,normal,0,0,65535_65535,1,9,87,1272,0,1,0,28,0,28,1,1,pre_allocation
429,895,normal,0,0,65535_65535,1,9,87,1317,1,1,1,29,1317,28,1,1,allocated
429,895,normal,0,0,65535_65535,1,7,87,1272,0,1,0,28,0,28,1,1,pre_allocation
429,895,normal,0,0,65535_65535,1,7,87,1317,1,1,1,29,1317,28,1,1,allocated
429,895,normal,0,0,65535_65535,1,6,87,1272,0,1,0,28,0,28,1,1,pre_allocation
429,895,normal,0,0,65535_65535,1,6,87,1317,1,1,1,29,1317,28,1,1,allocated
429,895,normal,0,0,65535_65535,1,10,87,1317,0,1,0,29,0,28,1,1,pre_allocation
429,895,normal,0,0,65535_65535,1,10,87,1363,1,1,1,30,1363,28,1,1,allocated
429,895,normal,0,0,65535_65535,1,9,87,1317,0,1,0,29,0,28,1,1,pre_allocation
429,895,normal,0,0,65535_65535,1,9,87,1363,1,1,1,30,1363,28,1,1,allocated
429,895,normal,0,0,65535_65535,1,7,87,1317,0,1,0,29,0,28,1,1,pre_allocation
429,895,normal,0,0,65535_65535,1,7,87,1363,1,1,1,30,1363,28,1,1,allocated
429,895,normal,0,0,65535_65535,1,6,87,1317,0,1,0,29,0,28,1,1,pre_allocation
429,895,normal,0,0,65535_65535,1,6,87,1363,1,1,1,30,1363,28,1,1,allocated
429,895,normal,0,0,65535_65535,1,10,87,1363,0,1,0,30,0,28,1,1,pre_allocation
429,895,normal,0,0,65535_65535,1,10,87,1408,1,1,1,31,1408,28,1,1,allocated
429,895,normal,0,0,65535_65535,1,9,87,1363,0,1,0,30,0,28,1,1,pre_allocation
429,895,normal,0,0,65535_65535,1,9,87,1408,1,1,1,31,1408,28,1,1,allocated
429,895,normal,0,0,65535_65535,1,7,87,1363,0,1,0,30,0,28,1,1,pre_allocation
429,895,normal,0,0,65535_65535,1,7,87,1408,1,1,1,31,1408,28,1,1,allocated
429,895,normal,0,0,65535_65535,1,6,87,1363,0,1,0,30,0,28,1,1,pre_allocation
429,895,normal,0,0,65535_65535,1,6,87,1408,1,1,1,31,1408,28,1,1,allocated
429,895,normal,0,0,65535_65535,1,10,87,1408,0,1,0,31,0,28,1,1,pre_allocation
429,895,normal,0,0,65535_65535,1,10,87,1454,1,1,1,32,1454,28,1,1,allocated
429,895,normal,0,0,65535_65535,1,9,87,1408,0,1,0,31,0,28,1,1,pre_allocation
429,895,normal,0,0,65535_65535,1,9,87,1454,1,1,1,32,1454,28,1,1,allocated
429,895,normal,0,0,65535_65535,1,7,87,1408,0,1,0,31,0,28,1,1,pre_allocation
429,895,normal,0,0,65535_65535,1,7,87,1454,1,1,1,32,1454,28,1,1,allocated
429,895,normal,0,0,65535_65535,1,6,87,1408,0,1,0,31,0,28,1,1,pre_allocation
429,895,normal,0,0,65535_65535,1,6,87,1454,1,1,1,32,1454,28,1,1,allocated
429,895,normal,0,0,65535_65535,1,10,87,1454,0,1,0,32,0,28,1,1,pre_allocation
429,895,normal,0,0,65535_65535,1,10,87,1499,1,1,1,33,1499,28,1,1,allocated
429,895,normal,0,0,65535_65535,1,9,87,1454,0,1,0,32,0,28,1,1,pre_allocation
429,895,normal,0,0,65535_65535,1,9,87,1499,1,1,1,33,1499,28,1,1,allocated
429,895,normal,0,0,65535_65535,1,7,87,1454,0,1,0,32,0,28,1,1,pre_allocation
429,895,normal,0,0,65535_65535,1,7,87,1499,1,1,1,33,1499,28,1,1,allocated
429,895,normal,0,0,65535_65535,1,6,87,1454,0,1,0,32,0,28,1,1,pre_allocation
429,895,normal,0,0,65535_65535,1,6,87,1499,1,1,1,33,1499,28,1,1,allocated
429,895,normal,0,0,65535_65535,1,10,87,1499,0,1,0,33,0,28,1,1,pre_allocation
429,895,normal,0,0,65535_65535,1,10,87,1542,1,1,1,34,1542,28,1,1,allocated
429,895,normal,0,0,65535_65535,2,11,137,0,0,1,0,0,0,28,1,1,pre_allocation
429,895,normal,0,0,65535_65535,2,11,137,42,1,1,1,1,42,28,1,1,allocated
429,895,normal,0,0,65535_65535,2,21,137,0,0,1,0,0,0,28,1,1,pre_allocation
429,895,normal,0,0,65535_65535,2,21,137,42,1,1,1,1,42,28,1,1,allocated
429,895,normal,0,0,65535_65535,2,22,137,0,0,1,0,0,0,28,1,1,pre_allocation
429,895,normal,0,0,65535_65535,2,22,137,42,1,1,1,1,42,28,1,1,allocated
429,895,normal,0,0,65535_65535,2,24,137,0,0,1,0,0,0,28,1,1,pre_allocation
429,895,normal,0,0,65535_65535,2,24,137,42,1,1,1,1,42,28,1,1,allocated
429,895,normal,0,0,65535_65535,2,25,137,0,0,1,0,0,0,28,1,1,pre_allocation
429,895,normal,0,0,65535_65535,2,25,137,42,1,1,1,1,42,28,1,1,allocated
429,895,normal,0,0,65535_65535,2,28,137,0,0,1,0,0,0,28,1,1,pre_allocation
429,895,normal,0,0,65535_65535,2,28,137,42,1,1,1,1,42,28,1,1,allocated
429,895,normal,0,0,65535_65535,2,27,137,0,0,1,0,0,0,28,1,1,pre_allocation
429,895,normal,0,0,65535_65535,2,27,137,42,1,1,1,1,42,28,1,1,allocated
429,895,normal,0,0,65535_65535,2,12,137,0,0,1,0,0,0,28,1,1,pre_allocation
429,895,normal,0,0,65535_65535,2,12,137,42,1,1,1,1,42,28,1,1,allocated
429,895,normal,0,0,65535_65535,2,11,137,42,0,1,0,1,0,28,1,1,pre_allocation
429,895,normal,0,0,65535_65535,2,11,137,88,1,1,1,2,88,28,1,1,allocated
429,895,normal,0,0,65535_65535,2,21,137,42,0,1,0,1,0,28,1,1,pre_allocation
429,895,normal,0,0,65535_65535,2,21,137,88,1,1,1,2,88,28,1,1,allocated
429,895,normal,0,0,65535_65535,2,22,137,42,0,1,0,1,0,28,1,1,pre_allocation
429,895,normal,0,0,65535_65535,2,22,137,88,1,1,1,2,88,28,1,1,allocated
429,895,normal,0,0,65535_65535,2,24,137,42,0,1,0,1,0,28,1,1,pre_allocation
429,895,normal,0,0,65535_65535,2,24,137,88,1,1,1,2,88,28,1,1,allocated
429,895,normal,0,0,65535_65535,2,25,137,42,0,1,0,1,0,28,1,1,pre_allocation
429,895,normal,0,0,65535_65535,2,25,137,88,1,1,1,2,88,28,1,1,allocated
429,895,normal,0,0,65535_65535,2,28,137,42,0,1,0,1,0,28,1,1,pre_allocation
429,895,normal,0,0,65535_65535,2,28,137,88,1,1,1,2,88,28,1,1,allocated
429,895,normal,0,0,65535_65535,2,27,137,42,0,1,0,1,0,28,1,1,pre_allocation
429,895,normal,0,0,65535_65535,2,27,137,88,1,1,1,2,88,28,1,1,allocated
429,895,normal,0,0,65535_65535,2,12,137,42,0,1,0,1,0,28,1,1,pre_allocation
429,895,normal,0,0,65535_65535,2,12,137,88,1,1,1,2,88,28,1,1,allocated
429,895,normal,0,0,65535_65535,2,11,137,88,0,1,0,2,0,28,1,1,pre_allocation
429,895,normal,0,0,65535_65535,2,11,137,133,1,1,1,3,133,28,1,1,allocated
429,895,normal,0,0,65535_65535,2,21,137,88,0,1,0,2,0,28,1,1,pre_allocation
429,895,normal,0,0,65535_65535,2,21,137,133,1,1,1,3,133,28,1,1,allocated
429,895,normal,0,0,65535_65535,2,22,137,88,0,1,0,2,0,28,1,1,pre_allocation
429,895,normal,0,0,65535_65535,2,22,137,133,1,1,1,3,133,28,1,1,allocated
429,895,normal,0,0,65535_65535,2,24,137,88,0,1,0,2,0,28,1,1,pre_allocation
429,895,normal,0,0,65535_65535,2,24,137,133,1,1,1,3,133,28,1,1,allocated
429,895,normal,0,0,65535_65535,2,25,137,88,0,1,0,2,0,28,1,1,pre_allocation
429,895,normal,0,0,65535_65535,2,25,137,133,1,1,1,3,133,28,1,1,allocated
429,895,normal,0,0,65535_65535,2,28,137,88,0,1,0,2,0,28,1,1,pre_allocation
429,895,normal,0,0,65535_65535,2,28,137,133,1,1,1,3,133,28,1,1,allocated
429,895,normal,0,0,65535_65535,2,27,137,88,0,1,0,2,0,28,1,1,pre_allocation
429,895,normal,0,0,65535_65535,2,27,137,133,1,1,1,3,133,28,1,1,allocated
429,895,normal,0,0,65535_65535,2,12,137,88,0,1,0,2,0,28,1,1,pre_allocation
429,895,normal,0,0,65535_65535,2,12,137,133,1,1,1,3,133,28,1,1,allocated
429,895,normal,0,0,65535_65535,2,11,137,133,0,1,0,3,0,28,1,1,pre_allocation
429,895,normal,0,0,65535_65535,2,11,137,179,1,1,1,4,179,28,1,1,allocated
429,895,normal,0,0,65535_65535,2,21,137,133,0,1,0,3,0,28,1,1,pre_allocation
429,895,normal,0,0,65535_65535,2,21,137,179,1,1,1,4,179,28,1,1,allocated
429,895,normal,0,0,65535_65535,2,22,137,133,0,1,0,3,0,28,1,1,pre_allocation
429,895,normal,0,0,65535_65535,2,22,137,179,1,1,1,4,179,28,1,1,allocated
429,895,normal,0,0,65535_65535,2,24,137,133,0,1,0,3,0,28,1,1,pre_allocation
429,895,normal,0,0,65535_65535,2,24,137,179,1,1,1,4,179,28,1,1,allocated
429,895,normal,0,0,65535_65535,2,25,137,133,0,1,0,3,0,28,1,1,pre_allocation
429,895,normal,0,0,65535_65535,2,25,137,179,1,1,1,4,179,28,1,1,allocated
429,895,normal,0,0,65535_65535,2,28,137,133,0,1,0,3,0,28,1,1,pre_allocation
429,895,normal,0,0,65535_65535,2,28,137,179,1,1,1,4,179,28,1,1,allocated
429,895,normal,0,0,65535_65535,2,27,137,133,0,1,0,3,0,28,1,1,pre_allocation
429,895,normal,0,0,65535_65535,2,27,137,179,1,1,1,4,179,28,1,1,allocated
429,895,normal,0,0,65535_65535,2,12,137,133,0,1,0,3,0,28,1,1,pre_allocation
429,895,normal,0,0,65535_65535,2,12,137,179,1,1,1,4,179,28,1,1,allocated
429,895,normal,0,0,65535_65535,2,11,137,179,0,1,0,4,0,28,1,1,pre_allocation
429,895,normal,0,0,65535_65535,2,11,137,224,1,1,1,5,224,28,1,1,allocated
429,895,normal,0,0,65535_65535,2,21,137,179,0,1,0,4,0,28,1,1,pre_allocation
429,895,normal,0,0,65535_65535,2,21,137,224,1,1,1,5,224,28,1,1,allocated
429,895,normal,0,0,65535_65535,2,22,137,179,0,1,0,4,0,28,1,1,pre_allocation
429,895,normal,0,0,65535_65535,2,22,137,224,1,1,1,5,224,28,1,1,allocated
429,895,normal,0,0,65535_65535,2,24,137,179,0,1,0,4,0,28,1,1,pre_allocation
429,895,normal,0,0,65535_65535,2,24,137,224,1,1,1,5,224,28,1,1,allocated
429,895,normal,0,0,65535_65535,2,25,137,179,0,1,0,4,0,28,1,1,pre_allocation
429,895,normal,0,0,65535_65535,2,25,137,224,1,1,1,5,224,28,1,1,allocated
429,895,normal,0,0,65535_65535,2,28,137,179,0,1,0,4,0,28,1,1,pre_allocation
429,895,normal,0,0,65535_65535,2,28,137,224,1,1,1,5,224,28,1,1,allocated
429,895,normal,0,0,65535_65535,2,27,137,179,0,1,0,4,0,28,1,1,pre_allocation
429,895,normal,0,0,65535_65535,2,27,137,224,1,1,1,5,224,28,1,1,allocated
429,895,normal,0,0,65535_65535,2,12,137,179,0,1,0,4,0,28,1,1,pre_allocation
429,895,normal,0,0,65535_65535,2,12,137,224,1,1,1,5,224,28,1,1,allocated
429,895,normal,0,0,65535_65535,2,11,137,224,0,1,0,5,0,28,1,1,pre_allocation
429,895,normal,0,0,65535_65535,2,11,137,270,1,1,1,6,270,28,1,1,allocated
429,895,normal,0,0,65535_65535,2,21,137,224,0,1,0,5,0,28,1,1,pre_allocation
429,895,normal,0,0,65535_65535,2,21,137,270,1,1,1,6,270,28,1,1,allocated
429,895,normal,0,0,65535_65535,2,22,137,224,0,1,0,5,0,28,1,1,pre_allocation
429,895,normal,0,0,65535_65535,2,22,137,270,1,1,1,6,270,28,1,1,allocated
429,895,normal,0,0,65535_65535,2,24,137,224,0,1,0,5,0,28,1,1,pre_allocation
429,895,normal,0,0,65535_65535,2,24,137,270,1,1,1,6,270,28,1,1,allocated
429,895,normal,0,0,65535_65535,2,25,137,224,0,1,0,5,0,28,1,1,pre_allocation
429,895,normal,0,0,65535_65535,2,25,137,270,1,1,1,6,270,28,1,1,allocated
429,895,normal,0,0,65535_65535,2,28,137,224,0,1,0,5,0,28,1,1,pre_allocation
429,895,normal,0,0,65535_65535,2,28,137,270,1,1,1,6,270,28,1,1,allocated
429,895,normal,0,0,65535_65535,2,27,137,224,0,1,0,5,0,28,1,1,pre_allocation
429,895,normal,0,0,65535_65535,2,27,137,270,1,1,1,6,270,28,1,1,allocated
429,895,normal,0,0,65535_65535,2,12,137,224,0,1,0,5,0,28,1,1,pre_allocation
429,895,normal,0,0,65535_65535,2,12,137,270,1,1,1,6,270,28,1,1,allocated
429,895,normal,0,0,65535_65535,2,11,137,270,0,1,0,6,0,28,1,1,pre_allocation
429,895,normal,0,0,65535_65535,2,11,137,315,1,1,1,7,315,28,1,1,allocated
541,993,normal,0,0,65535_65535,0,2,3069,0,0,1,0,0,0,28,1,1,pre_allocation
541,993,normal,0,0,65535_65535,0,2,3069,42,1,1,1,1,42,28,1,1,allocated
541,993,normal,0,0,65535_65535,0,3,3069,0,0,1,0,0,0,28,1,1,pre_allocation
541,993,normal,0,0,65535_65535,0,3,3069,42,1,1,1,1,42,28,1,1,allocated
541,993,normal,0,0,65535_65535,0,4,3069,0,0,1,0,0,0,28,1,1,pre_allocation
541,993,normal,0,0,65535_65535,0,4,3069,42,1,1,1,1,42,28,1,1,allocated
541,993,normal,0,0,65535_65535,0,5,3069,0,0,1,0,0,0,28,1,1,pre_allocation
541,993,normal,0,0,65535_65535,0,5,3069,42,1,1,1,1,42,28,1,1,allocated
541,993,normal,0,0,65535_65535,0,1,34321,0,0,1,0,0,0,26,1,1,pre_allocation
541,993,normal,0,0,65535_65535,0,1,34321,39,1,1,1,1,39,26,1,1,allocated
541,993,normal,0,0,65535_65535,0,2,3069,42,0,1,0,1,0,28,1,1,pre_allocation
541,993,normal,0,0,65535_65535,0,2,3069,88,1,1,1,2,88,28,1,1,allocated
541,993,normal,0,0,65535_65535,0,3,3069,42,0,1,0,1,0,28,1,1,pre_allocation
541,993,normal,0,0,65535_65535,0,3,3069,88,1,1,1,2,88,28,1,1,allocated
541,993,normal,0,0,65535_65535,0,4,3069,42,0,1,0,1,0,28,1,1,pre_allocation
541,993,normal,0,0,65535_65535,0,4,3069,88,1,1,1,2,88,28,1,1,allocated
541,993,normal,0,0,65535_65535,0,5,3069,42,0,1,0,1,0,28,1,1,pre_allocation
541,993,normal,0,0,65535_65535,0,5,3069,88,1,1,1,2,88,28,1,1,allocated
541,993,normal,0,0,65535_65535,0,1,34321,39,0,1,0,1,0,26,1,1,pre_allocation
541,993,normal,0,0,65535_65535,0,1,34321,81,1,1,1,2,81,26,1,1,allocated
541,993,normal,0,0,65535_65535,0,2,3069,88,0,1,0,2,0,28,1,1,pre_allocation
541,993,normal,0,0,65535_65535,0,2,3069,133,1,1,1,3,133,28,1,1,allocated
541,993,normal,0,0,65535_65535,0,3,3069,88,0,1,0,2,0,28,1,1,pre_allocation
541,993,normal,0,0,65535_65535,0,3,3069,133,1,1,1,3,133,28,1,1,allocated
541,993,normal,0,0,65535_65535,0,4,3069,88,0,1,0,2,0,28,1,1,pre_allocation
541,993,normal,0,0,65535_65535,0,4,3069,133,1,1,1,3,133,28,1,1,allocated
541,993,normal,0,0,65535_65535,0,5,3069,88,0,1,0,2,0,28,1,1,pre_allocation
541,993,normal,0,0,65535_65535,0,5,3069,133,1,1,1,3,133,28,1,1,allocated
541,993,normal,0,0,65535_65535,0,1,34321,81,0,1,0,2,0,26,1,1,pre_allocation
541,993,normal,0,0,65535_65535,0,1,34321,123,1,1,1,3,123,26,1,1,allocated
541,993,normal,0,0,65535_65535,0,2,3069,133,0,1,0,3,0,28,1,1,pre_allocation
541,993,normal,0,0,65535_65535,0,2,3069,179,1,1,1,4,179,28,1,1,allocated
541,993,normal,0,0,65535_65535,0,3,3069,133,0,1,0,3,0,28,1,1,pre_allocation
541,993,normal,0,0,65535_65535,0,3,3069,179,1,1,1,4,179,28,1,1,allocated
541,993,normal,0,0,65535_65535,0,4,3069,133,0,1,0,3,0,28,1,1,pre_allocation
541,993,normal,0,0,65535_65535,0,4,3069,179,1,1,1,4,179,28,1,1,allocated
541,993,normal,0,0,65535_65535,0,5,3069,133,0,1,0,3,0,28,1,1,pre_allocation
541,993,normal,0,0,65535_65535,0,5,3069,179,1,1,1,4,179,28,1,1,allocated
541,993,normal,0,0,65535_65535,0,1,34321,123,0,1,0,3,0,26,1,1,pre_allocation
541,993,normal,0,0,65535_65535,0,1,34321,165,1,1,1,4,165,26,1,1,allocated
541,993,normal,0,0,65535_65535,0,2,3069,179,0,1,0,4,0,28,1,1,pre_allocation
541,993,normal,0,0,65535_65535,0,2,3069,224,1,1,1,5,224,28,1,1,allocated
541,993,normal,0,0,65535_65535,0,3,3069,179,0,1,0,4,0,28,1,1,pre_allocation
541,993,normal,0,0,65535_65535,0,3,3069,224,1,1,1,5,224,28,1,1,allocated
541,993,normal,0,0,65535_65535,0,4,3069,179,0,1,0,4,0,28,1,1,pre_allocation
541,993,normal,0,0,65535_65535,0,4,3069,224,1,1,1,5,224,28,1,1,allocated
541,993,normal,0,0,65535_65535,0,5,3069,179,0,1,0,4,0,28,1,1,pre_allocation
541,993,normal,0,0,65535_65535,0,5,3069,224,1,1,1,5,224,28,1,1,allocated
541,993,normal,0,0,65535_65535,0,1,34321,165,0,1,0,4,0,26,1,1,pre_allocation
541,993,normal,0,0,65535_65535,0,1,34321,207,1,1,1,5,207,26,1,1,allocated
541,993,normal,0,0,65535_65535,0,2,3069,224,0,1,0,5,0,28,1,1,pre_allocation
541,993,normal,0,0,65535_65535,0,2,3069,270,1,1,1,6,270,28,1,1,allocated
541,993,normal,0,0,65535_65535,0,3,3069,224,0,1,0,5,0,28,1,1,pre_allocation
541,993,normal,0,0,65535_65535,0,3,3069,270,1,1,1,6,270,28,1,1,allocated
541,993,normal,0,0,65535_65535,0,4,3069,224,0,1,0,5,0,28,1,1,pre_allocation
541,993,normal,0,0,65535_65535,0,4,3069,270,1,1,1,6,270,28,1,1,allocated
541,993,normal,0,0,65535_65535,0,5,3069,224,0,1,0,5,0,28,1,1,pre_allocation
541,993,normal,0,0,65535_65535,0,5,3069,270,1,1,1,6,270,28,1,1,allocated
541,993,normal,0,0,65535_65535,0,1,34321,207,0,1,0,5,0,26,1,1,pre_allocation
541,993,normal,0,0,65535_65535,0,1,34321,249,1,1,1,6,249,26,1,1,allocated
541,993,normal,0,0,65535_65535,0,2,3069,270,0,1,0,6,0,28,1,1,pre_allocation
541,993,normal,0,0,65535_65535,0,2,3069,315,1,1,1,7,315,28,1,1,allocated
541,993,normal,0,0,65535_65535,0,3,3069,270,0,1,0,6,0,28,1,1,pre_allocation
541,993,normal,0,0,65535_65535,0,3,3069,315,1,1,1,7,315,28,1,1,allocated
541,993,normal,0,0,65535_65535,0,4,3069,270,0,1,0,6,0,28,1,1,pre_allocation
541,993,normal,0,0,65535_65535,0,4,3069,315,1,1,1,7,315,28,1,1,allocated
541,993,normal,0,0,65535_65535,0,5,3069,270,0,1,0,6,0,28,1,1,pre_allocation
541,993,normal,0,0,65535_65535,0,5,3069,315,1,1,1,7,315,28,1,1,allocated
541,993,normal,0,0,65535_65535,0,1,34321,249,0,1,0,6,0,26,1,1,pre_allocation
541,993,normal,0,0,65535_65535,0,1,34321,291,1,1,1,7,291,26,1,1,allocated
541,993,normal,0,0,65535_65535,0,2,3069,315,0,1,0,7,0,28,1,1,pre_allocation
541,993,normal,0,0,65535_65535,0,2,3069,361,1,1,1,8,361,28,1,1,allocated
541,993,normal,0,0,65535_65535,0,3,3069,315,0,1,0,7,0,28,1,1,pre_allocation
541,993,normal,0,0,65535_65535,0,3,3069,361,1,1,1,8,361,28,1,1,allocated
541,993,normal,0,0,65535_65535,0,4,3069,315,0,1,0,7,0,28,1,1,pre_allocation
541,993,normal,0,0,65535_65535,0,4,3069,361,1,1,1,8,361,28,1,1,allocated
541,993,normal,0,0,65535_65535,0,5,3069,315,0,1,0,7,0,28,1,1,pre_allocation
541,993,normal,0,0,65535_65535,0,5,3069,361,1,1,1,8,361,28,1,1,allocated
541,993,normal,0,0,65535_65535,0,1,34321,291,0,1,0,7,0,26,1,1,pre_allocation
541,993,normal,0,0,65535_65535,0,1,34321,333,1,1,1,8,333,26,1,1,allocated
541,993,normal,0,0,65535_65535,0,2,3069,361,0,1,0,8,0,28,1,1,pre_allocation
541,993,normal,0,0,65535_65535,0,2,3069,406,1,1,1,9,406,28,1,1,allocated
541,993,normal,0,0,65535_65535,0,3,3069,361,0,1,0,8,0,28,1,1,pre_allocation
541,993,normal,0,0,65535_65535,0,3,3069,406,1,1,1,9,406,28,1,1,allocated
541,993,normal,0,0,65535_65535,0,4,3069,361,0,1,0,8,0,28,1,1,pre_allocation
541,993,normal,0,0,65535_65535,0,4,3069,406,1,1,1,9,406,28,1,1,allocated
541,993,normal,0,0,65535_65535,0,5,3069,361,0,1,0,8,0,28,1,1,pre_allocation
541,993,normal,0,0,65535_65535,0,5,3069,406,1,1,1,9,406,28,1,1,allocated
541,993,normal,0,0,65535_65535,0,1,34321,333,0,1,0,8,0,26,1,1,pre_allocation
541,993,normal,0,0,65535_65535,0,1,34321,375,1,1,1,9,375,26,1,1,allocated
541,993,normal,0,0,65535_65535,0,2,3069,406,0,1,0,9,0,28,1,1,pre_allocation
541,993,normal,0,0,65535_65535,0,2,3069,452,1,1,1,10,452,28,1,1,allocated
541,993,normal,0,0,65535_65535,0,3,3069,406,0,1,0,9,0,28,1,1,pre_allocation
541,993,normal,0,0,65535_65535,0,3,3069,452,1,1,1,10,452,28,1,1,allocated
541,993,normal,0,0,65535_65535,0,4,3069,406,0,1,0,9,0,28,1,1,pre_allocation
541,993,normal,0,0,65535_65535,0,4,3069,452,1,1,1,10,452,28,1,1,allocated
541,993,normal,0,0,65535_65535,0,5,3069,406,0,1,0,9,0,28,1,1,pre_allocation
541,993,normal,0,0,65535_65535,0,5,3069,452,1,1,1,10,452,28,1,1,allocated
541,993,normal,0,0,65535_65535,0,1,34321,375,0,1,0,9,0,26,1,1,pre_allocation
541,993,normal,0,0,65535_65535,0,1,34321,417,1,1,1,10,417,26,1,1,allocated
541,993,normal,0,0,65535_65535,0,2,3069,452,0,1,0,10,0,28,1,1,pre_allocation
541,993,normal,0,0,65535_65535,0,2,3069,497,1,1,1,11,497,28,1,1,allocated
541,993,normal,0,0,65535_65535,0,3,3069,452,0,1,0,10,0,28,1,1,pre_allocation
541,993,normal,0,0,65535_65535,0,3,3069,497,1,1,1,11,497,28,1,1,allocated
541,993,normal,0,0,65535_65535,0,4,3069,452,0,1,0,10,0,28,1,1,pre_allocation
541,993,normal,0,0,65535_65535,0,4,3069,497,1,1,1,11,497,28,1,1,allocated
541,993,normal,0,0,65535_65535,0,5,3069,452,0,1,0,10,0,28,1,1,pre_allocation
541,993,normal,0,0,65535_65535,0,5,3069,497,1,1,1,11,497,28,1,1,allocated
541,993,normal,0,0,65535_65535,0,1,34321,417,0,1,0,10,0,26,1,1,pre_allocation
541,993,normal,0,0,65535_65535,0,1,34321,459,1,1,1,11,459,26,1,1,allocated
541,993,normal,0,0,65535_65535,0,2,3069,497,0,1,0,11,0,28,1,1,pre_allocation
541,993,normal,0,0,65535_65535,0,2,3069,543,1,1,1,12,543,28,1,1,allocated
541,993,normal,0,0,65535_65535,0,3,3069,497,0,1,0,11,0,28,1,1,pre_allocation
541,993,normal,0,0,65535_65535,0,3,3069,543,1,1,1,12,543,28,1,1,allocated
541,993,normal,0,0,65535_65535,0,4,3069,497,0,1,0,11,0,28,1,1,pre_allocation
541,993,normal,0,0,65535_65535,0,4,3069,543,1,1,1,12,543,28,1,1,allocated
541,993,normal,0,0,65535_65535,0,5,3069,497,0,1,0,11,0,28,1,1,pre_allocation
541,993,normal,0,0,65535_65535,0,5,3069,543,1,1,1,12,543,28,1,1,allocated
541,993,normal,0,0,65535_65535,0,1,34321,459,0,1,0,11,0,26,1,1,pre_allocation
541,993,normal,0,0,65535_65535,0,1,34321,501,1,1,1,12,501,26,1,1,allocated
541,993,normal,0,0,65535_65535,0,2,3069,543,0,1,0,12,0,28,1,1,pre_allocation
541,993,normal,0,0,65535_65535,0,2,3069,589,1,1,1,13,589,28,1,1,allocated
541,993,normal,0,0,65535_65535,0,3,3069,543,0,1,0,12,0,28,1,1,pre_allocation
541,993,normal,0,0,65535_65535,0,3,3069,589,1,1,1,13,589,28,1,1,allocated
541,993,normal,0,0,65535_65535,0,4,3069,543,0,1,0,12,0,28,1,1,pre_allocation
541,993,normal,0,0,65535_65535,0,4,3069,589,1,1,1,13,589,28,1,1,allocated
541,993,normal,0,0,65535_65535,0,5,3069,543,0,1,0,12,0,28,1,1,pre_allocation
541,993,normal,0,0,65535_65535,0,5,3069,589,1,1,1,13,589,28,1,1,allocated
541,993,normal,0,0,65535_65535,0,1,34321,501,0,1,0,12,0,26,1,1,pre_allocation
541,993,normal,0,0,65535_65535,0,1,34321,543,1,1,1,13,543,26,1,1,allocated
541,993,normal,0,0,65535_65535,0,2,3069,589,0,1,0,13,0,28,1,1,pre_allocation
541,993,normal,0,0,65535_65535,0,2,3069,634,1,1,1,14,634,28,1,1,allocated
541,993,normal,0,0,65535_65535,0,3,3069,589,0,1,0,13,0,28,1,1,pre_allocation
541,993,normal,0,0,65535_65535,0,3,3069,634,1,1,1,14,634,28,1,1,allocated
541,993,normal,0,0,65535_65535,0,4,3069,589,0,1,0,13,0,28,1,1,pre_allocation
541,993,normal,0,0,65535_65535,0,4,3069,634,1,1,1,14,634,28,1,1,allocated
541,993,normal,0,0,65535_65535,0,5,3069,589,0,1,0,13,0,28,1,1,pre_allocation
541,993,normal,0,0,65535_65535,0,5,3069,634,1,1,1,14,634,28,1,1,allocated
541,993,normal,0,0,65535_65535,0,1,34321,543,0,1,0,13,0,26,1,1,pre_allocation
541,993,normal,0,0,65535_65535,0,1,34321,586,1,1,1,14,586,26,1,1,allocated
541,993,normal,0,0,65535_65535,0,2,3069,634,0,1,0,14,0,28,1,1,pre_allocation
541,993,normal,0,0,65535_65535,0,2,3069,680,1,1,1,15,680,28,1,1,allocated
541,993,normal,0,0,65535_65535,0,3,3069,634,0,1,0,14,0,28,1,1,pre_allocation
541,993,normal,0,0,65535_65535,0,3,3069,680,1,1,1,15,680,28,1,1,allocated
541,993,normal,0,0,65535_65535,0,4,3069,634,0,1,0,14,0,28,1,1,pre_allocation
541,993,normal,0,0,65535_65535,0,4,3069,680,1,1,1,15,680,28,1,1,allocated
541,993,normal,0,0,65535_65535,0,5,3069,634,0,1,0,14,0,28,1,1,pre_allocation
541,993,normal,0,0,65535_65535,0,5,3069,680,1,1,1,15,680,28,1,1,allocated
541,993,normal,0,0,65535_65535,0,1,34321,586,0,1,0,14,0,26,1,1,pre_allocation
541,993,normal,0,0,65535_65535,0,1,34321,628,1,1,1,15,628,26,1,1,allocated
541,993,normal,0,0,65535_65535,0,2,3069,680,0,1,0,15,0,28,1,1,pre_allocation
541,993,normal,0,0,65535_65535,0,2,3069,725,1,1,1,16,725,28,1,1,allocated
541,993,normal,0,0,65535_65535,0,3,3069,680,0,1,0,15,0,28,1,1,pre_allocation
541,993,normal,0,0,65535_65535,0,3,3069,725,1,1,1,16,725,28,1,1,allocated
541,993,normal,0,0,65535_65535,0,4,3069,680,0,1,0,15,0,28,1,1,pre_allocation
541,993,normal,0,0,65535_65535,0,4,3069,725,1,1,1,16,725,28,1,1,allocated
541,993,normal,0,0,65535_65535,0,5,3069,680,0,1,0,15,0,28,1,1,pre_allocation
541,993,normal,0,0,65535_65535,0,5,3069,725,1,1,1,16,725,28,1,1,allocated
541,993,normal,0,0,65535_65535,0,1,34321,628,0,1,0,15,0,26,1,1,pre_allocation
541,993,normal,0,0,65535_65535,0,1,34321,670,1,1,1,16,670,26,1,1,allocated
541,993,normal,0,0,65535_65535,0,2,3069,725,0,1,0,16,0,28,1,1,pre_allocation
541,993,normal,0,0,65535_65535,0,2,3069,771,1,1,1,17,771,28,1,1,allocated
541,993,normal,0,0,65535_65535,0,3,3069,725,0,1,0,16,0,28,1,1,pre_allocation
541,993,normal,0,0,65535_65535,0,3,3069,771,1,1,1,17,771,28,1,1,allocated
541,993,normal,0,0,65535_65535,0,4,3069,725,0,1,0,16,0,28,1,1,pre_allocation
541,993,normal,0,0,65535_65535,0,4,3069,771,1,1,1,17,771,28,1,1,allocated
541,993,normal,0,0,65535_65535,0,5,3069,725,0,1,0,16,0,28,1,1,pre_allocation
541,993,normal,0,0,65535_65535,0,5,3069,771,1,1,1,17,771,28,1,1,allocated
541,993,normal,0,0,65535_65535,0,1,34321,670,0,1,0,16,0,26,1,1,pre_allocation
541,993,normal,0,0,65535_65535,0,1,34321,712,1,1,1,17,712,26,1,1,allocated
541,993,normal,0,0,65535_65535,0,2,3069,771,0,1,0,17,0,28,1,1,pre_allocation
541,993,normal,0,0,65535_65535,0,2,3069,816,1,1,1,18,816,28,1,1,allocated
541,993,normal,0,0,65535_65535,0,3,3069,771,0,1,0,17,0,28,1,1,pre_allocation
541,993,normal,0,0,65535_65535,0,3,3069,816,1,1,1,18,816,28,1,1,allocated
541,993,normal,0,0,65535_65535,0,4,3069,771,0,1,0,17,0,28,1,1,pre_allocation
541,993,normal,0,0,65535_65535,0,4,3069,816,1,1,1,18,816,28,1,1,allocated
541,993,normal,0,0,65535_65535,0,5,3069,771,0,1,0,17,0,28,1,1,pre_allocation
541,993,normal,0,0,65535_65535,0,5,3069,816,1,1,1,18,816,28,1,1,allocated
541,993,normal,0,0,65535_65535,0,1,34321,712,0,1,0,17,0,26,1,1,pre_allocation
541,993,normal,0,0,65535_65535,0,1,34321,754,1,1,1,18,754,26,1,1,allocated
541,993,normal,0,0,65535_65535,0,2,3069,816,0,1,0,18,0,28,1,1,pre_allocation
541,993,normal,0,0,65535_65535,0,2,3069,862,1,1,1,19,862,28,1,1,allocated
541,993,normal,0,0,65535_65535,0,3,3069,816,0,1,0,18,0,28,1,1,pre_allocation
541,993,normal,0,0,65535_65535,0,3,3069,862,1,1,1,19,862,28,1,1,allocated
541,993,normal,0,0,65535_65535,0,4,3069,816,0,1,0,18,0,28,1,1,pre_allocation
541,993,normal,0,0,65535_65535,0,4,3069,862,1,1,1,19,862,28,1,1,allocated
541,993,normal,0,0,65535_65535,0,5,3069,816,0,1,0,18,0,28,1,1,pre_allocation
541,993,normal,0,0,65535_65535,0,5,3069,862,1,1,1,19,862,28,1,1,allocated
541,993,normal,0,0,65535_65535,0,1,34321,754,0,1,0,18,0,26,1,1,pre_allocation
541,993,normal,0,0,65535_65535,0,1,34321,796,1,1,1,19,796,26,1,1,allocated
541,993,normal,0,0,65535_65535,0,2,3069,862,0,1,0,19,0,28,1,1,pre_allocation
541,993,normal,0,0,65535_65535,0,2,3069,907,1,1,1,20,907,28,1,1,allocated
541,993,normal,0,0,65535_65535,0,3,3069,862,0,1,0,19,0,28,1,1,pre_allocation
541,993,normal,0,0,65535_65535,0,3,3069,907,1,1,1,20,907,28,1,1,allocated
541,993,normal,0,0,65535_65535,0,4,3069,862,0,1,0,19,0,28,1,1,pre_allocation
541,993,normal,0,0,65535_65535,0,4,3069,907,1,1,1,20,907,28,1,1,allocated
541,993,normal,0,0,65535_65535,0,5,3069,862,0,1,0,19,0,28,1,1,pre_allocation
541,993,normal,0,0,65535_65535,0,5,3069,907,1,1,1,20,907,28,1,1,allocated
541,993,normal,0,0,65535_65535,0,1,34321,796,0,1,0,19,0,26,1,1,pre_allocation
541,993,normal,0,0,65535_65535,0,1,34321,838,1,1,1,20,838,26,1,1,allocated
541,993,normal,0,0,65535_65535,0,2,3069,907,0,1,0,20,0,28,1,1,pre_allocation
541,993,normal,0,0,65535_65535,0,2,3069,953,1,1,1,21,953,28,1,1,allocated
541,993,normal,0,0,65535_65535,0,3,3069,907,0,1,0,20,0,28,1,1,pre_allocation
541,993,normal,0,0,65535_65535,0,3,3069,953,1,1,1,21,953,28,1,1,allocated
541,993,normal,0,0,65535_65535,0,4,3069,907,0,1,0,20,0,28,1,1,pre_allocation
541,993,normal,0,0,65535_65535,0,4,3069,953,1,1,1,21,953,28,1,1,allocated
541,993,normal,0,0,65535_65535,0,5,3069,907,0,1,0,20,0,28,1,1,pre_allocation
541,993,normal,0,0,65535_65535,0,5,3069,953,1,1,1,21,953,28,1,1,allocated
541,993,normal,0,0,65535_65535,0,1,34321,838,0,1,0,20,0,26,1,1,pre_allocation
541,993,normal,0,0,65535_65535,0,1,34321,880,1,1,1,21,880,26,1,1,allocated
541,993,normal,0,0,65535_65535,0,2,3069,953,0,1,0,21,0,28,1,1,pre_allocation
541,993,normal,0,0,65535_65535,0,2,3069,998,1,1,1,22,998,28,1,1,allocated
541,993,normal,0,0,65535_65535,0,3,3069,953,0,1,0,21,0,28,1,1,pre_allocation
541,993,normal,0,0,65535_65535,0,3,3069,998,1,1,1,22,998,28,1,1,allocated
541,993,normal,0,0,65535_65535,0,4,3069,953,0,1,0,21,0,28,1,1,pre_allocation
541,993,normal,0,0,65535_65535,0,4,3069,998,1,1,1,22,998,28,1,1,allocated
541,993,normal,0,0,65535_65535,0,5,3069,953,0,1,0,21,0,28,1,1,pre_allocation
541,993,normal,0,0,65535_65535,0,5,3069,998,1,1,1,22,998,28,1,1,allocated
541,993,normal,0,0,65535_65535,0,1,34321,880,0,1,0,21,0,26,1,1,pre_allocation
541,993,normal,0,0,65535_65535,0,1,34321,922,1,1,1,22,922,26,1,1,allocated
541,993,normal,0,0,65535_65535,0,2,3069,998,0,1,0,22,0,28,1,1,pre_allocation
541,993,normal,0,0,65535_65535,0,2,3069,1044,1,1,1,23,1044,28,1,1,allocated
541,993,normal,0,0,65535_65535,0,3,3069,998,0,1,0,22,0,28,1,1,pre_allocation
541,993,normal,0,0,65535_65535,0,3,3069,1044,1,1,1,23,1044,28,1,1,allocated
541,993,normal,0,0,65535_65535,0,4,3069,998,0,1,0,22,0,28,1,1,pre_allocation
541,993,normal,0,0,65535_65535,0,4,3069,1044,1,1,1,23,1044,28,1,1,allocated
541,993,normal,0,0,65535_65535,0,5,3069,998,0,1,0,22,0,28,1,1,pre_allocation
541,993,normal,0,0,65535_65535,0,5,3069,1044,1,1,1,23,1044,28,1,1,allocated
541,993,normal,0,0,65535_65535,0,1,34321,922,0,1,0,22,0,26,1,1,pre_allocation
541,993,normal,0,0,65535_65535,0,1,34321,964,1,1,1,23,964,26,1,1,allocated
541,993,normal,0,0,65535_65535,0,2,3069,1044,0,1,0,23,0,28,1,1,pre_allocation
541,993,normal,0,0,65535_65535,0,2,3069,1089,1,1,1,24,1089,28,1,1,allocated
541,993,normal,0,0,65535_65535,0,3,3069,1044,0,1,0,23,0,28,1,1,pre_allocation
541,993,normal,0,0,65535_65535,0,3,3069,1089,1,1,1,24,1089,28,1,1,allocated
541,993,normal,0,0,65535_65535,0,4,3069,1044,0,1,0,23,0,28,1,1,pre_allocation
541,993,normal,0,0,65535_65535,0,4,3069,1089,1,1,1,24,1089,28,1,1,allocated
541,993,normal,0,0,65535_65535,0,5,3069,1044,0,1,0,23,0,28,1,1,pre_allocation
541,993,normal,0,0,65535_65535,0,5,3069,1089,1,1,1,24,1089,28,1,1,allocated
541,993,normal,0,0,65535_65535,0,1,34321,964,0,1,0,23,0,26,1,1,pre_allocation
541,993,normal,0,0,65535_65535,0,1,34321,1006,1,1,1,24,1006,26,1,1,allocated
541,993,normal,0,0,65535_65535,0,2,3069,1089,0,1,0,24,0,28,1,1,pre_allocation
541,993,normal,0,0,65535_65535,0,2,3069,1135,1,1,1,25,1135,28,1,1,allocated
541,993,normal,0,0,65535_65535,0,3,3069,1089,0,1,0,24,0,28,1,1,pre_allocation
541,993,normal,0,0,65535_65535,0,3,3069,1135,1,1,1,25,1135,28,1,1,allocated
541,993,normal,0,0,65535_65535,0,4,3069,1089,0,1,0,24,0,28,1,1,pre_allocation
541,993,normal,0,0,65535_65535,0,4,3069,1135,1,1,1,25,1135,28,1,1,allocated
541,993,normal,0,0,65535_65535,0,5,3069,1089,0,1,0,24,0,28,1,1,pre_allocation
541,993,normal,0,0,65535_65535,0,5,3069,1135,1,1,1,25,1135,28,1,1,allocated
541,993,normal,0,0,65535_65535,0,1,34321,1006,0,1,0,24,0,26,1,1,pre_allocation
541,993,normal,0,0,65535_65535,0,1,34321,1048,1,1,1,25,1048,26,1,1,allocated
541,993,normal,0,0,65535_65535,0,2,3069,1135,0,1,0,25,0,28,1,1,pre_allocation
541,993,normal,0,0,65535_65535,0,2,3069,1181,1,1,1,26,1181,28,1,1,allocated
541,993,normal,0,0,65535_65535,1,6,87,0,0,1,0,0,0,28,1,1,pre_allocation
541,993,normal,0,0,65535_65535,1,6,87,42,1,1,1,1,42,28,1,1,allocated
541,993,normal,0,0,65535_65535,1,7,87,0,0,1,0,0,0,28,1,1,pre_allocation
541,993,normal,0,0,65535_65535,1,7,87,42,1,1,1,1,42,28,1,1,allocated
541,993,normal,0,0,65535_65535,1,9,87,0,0,1,0,0,0,28,1,1,pre_allocation
541,993,normal,0,0,65535_65535,1,9,87,42,1,1,1,1,42,28,1,1,allocated
541,993,normal,0,0,65535_65535,1,10,87,0,0,1,0,0,0,28,1,1,pre_allocation
541,993,normal,0,0,65535_65535,1,10,87,42,1,1,1,1,42,28,1,1,allocated
541,993,normal,0,0,65535_65535,1,6,87,42,0,1,0,1,0,28,1,1,pre_allocation
541,993,normal,0,0,65535_65535,1,6,87,88,1,1,1,2,88,28,1,1,allocated
541,993,normal,0,0,65535_65535,1,7,87,42,0,1,0,1,0,28,1,1,pre_allocation
541,993,normal,0,0,65535_65535,1,7,87,88,1,1,1,2,88,28,1,1,allocated
541,993,normal,0,0,65535_65535,1,9,87,42,0,1,0,1,0,28,1,1,pre_allocation
541,993,normal,0,0,65535_65535,1,9,87,88,1,1,1,2,88,28,1,1,allocated
541,993,normal,0,0,65535_65535,1,10,87,42,0,1,0,1,0,28,1,1,pre_allocation
541,993,normal,0,0,65535_65535,1,10,87,88,1,1,1,2,88,28,1,1,allocated
541,993,normal,0,0,65535_65535,1,6,87,88,0,1,0,2,0,28,1,1,pre_allocation
541,993,normal,0,0,65535_65535,1,6,87,133,1,1,1,3,133,28,1,1,allocated
541,993,normal,0,0,65535_65535,1,7,87,88,0,1,0,2,0,28,1,1,pre_allocation
541,993,normal,0,0,65535_65535,1,7,87,133,1,1,1,3,133,28,1,1,allocated
541,993,normal,0,0,65535_65535,1,9,87,88,0,1,0,2,0,28,1,1,pre_allocation
541,993,normal,0,0,65535_65535,1,9,87,133,1,1,1,3,133,28,1,1,allocated
541,993,normal,0,0,65535_65535,1,10,87,88,0,1,0,2,0,28,1,1,pre_allocation
541,993,normal,0,0,65535_65535,1,10,87,133,1,1,1,3,133,28,1,1,allocated
541,993,normal,0,0,65535_65535,1,6,87,133,0,1,0,3,0,28,1,1,pre_allocation
541,993,normal,0,0,65535_65535,1,6,87,179,1,1,1,4,179,28,1,1,allocated
541,993,normal,0,0,65535_65535,1,7,87,133,0,1,0,3,0,28,1,1,pre_allocation
541,993,normal,0,0,65535_65535,1,7,87,179,1,1,1,4,179,28,1,1,allocated
541,993,normal,0,0,65535_65535,1,9,87,133,0,1,0,3,0,28,1,1,pre_allocation
541,993,normal,0,0,65535_65535,1,9,87,179,1,1,1,4,179,28,1,1,allocated
541,993,normal,0,0,65535_65535,1,10,87,133,0,1,0,3,0,28,1,1,pre_allocation
541,993,normal,0,0,65535_65535,1,10,87,179,1,1,1,4,179,28,1,1,allocated
541,993,normal,0,0,65535_65535,1,6,87,179,0,1,0,4,0,28,1,1,pre_allocation
541,993,normal,0,0,65535_65535,1,6,87,224,1,1,1,5,224,28,1,1,allocated
541,993,normal,0,0,65535_65535,1,7,87,179,0,1,0,4,0,28,1,1,pre_allocation
541,993,normal,0,0,65535_65535,1,7,87,224,1,1,1,5,224,28,1,1,allocated
541,993,normal,0,0,65535_65535,1,9,87,179,0,1,0,4,0,28,1,1,pre_allocation
541,993,normal,0,0,65535_65535,1,9,87,224,1,1,1,5,224,28,1,1,allocated
541,993,normal,0,0,65535_65535,1,10,87,179,0,1,0,4,0,28,1,1,pre_allocation
541,993,normal,0,0,65535_65535,1,10,87,224,1,1,1,5,224,28,1,1,allocated
541,993,normal,0,0,65535_65535,1,6,87,224,0,1,0,5,0,28,1,1,pre_allocation
541,993,normal,0,0,65535_65535,1,6,87,270,1,1,1,6,270,28,1,1,allocated
541,993,normal,0,0,65535_65535,1,7,87,224,0,1,0,5,0,28,1,1,pre_allocation
541,993,normal,0,0,65535_65535,1,7,87,270,1,1,1,6,270,28,1,1,allocated
541,993,normal,0,0,65535_65535,1,9,87,224,0,1,0,5,0,28,1,1,pre_allocation
541,993,normal,0,0,65535_65535,1,9,87,270,1,1,1,6,270,28,1,1,allocated
541,993,normal,0,0,65535_65535,1,10,87,224,0,1,0,5,0,28,1,1,pre_allocation
541,993,normal,0,0,65535_65535,1,10,87,270,1,1,1,6,270,28,1,1,allocated
541,993,normal,0,0,65535_65535,1,6,87,270,0,1,0,6,0,28,1,1,pre_allocation
541,993,normal,0,0,65535_65535,1,6,87,315,1,1,1,7,315,28,1,1,allocated
541,993,normal,0,0,65535_65535,1,7,87,270,0,1,0,6,0,28,1,1,pre_allocation
541,993,normal,0,0,65535_65535,1,7,87,315,1,1,1,7,315,28,1,1,allocated
541,993,normal,0,0,65535_65535,1,9,87,270,0,1,0,6,0,28,1,1,pre_allocation
541,993,normal,0,0,65535_65535,1,9,87,315,1,1,1,7,315,28,1,1,allocated
541,993,normal,0,0,65535_65535,1,10,87,270,0,1,0,6,0,28,1,1,pre_allocation
541,993,normal,0,0,65535_65535,1,10,87,315,1,1,1,7,315,28,1,1,allocated
541,993,normal,0,0,65535_65535,1,6,87,315,0,1,0,7,0,28,1,1,pre_allocation
541,993,normal,0,0,65535_65535,1,6,87,361,1,1,1,8,361,28,1,1,allocated
541,993,normal,0,0,65535_65535,1,7,87,315,0,1,0,7,0,28,1,1,pre_allocation
541,993,normal,0,0,65535_65535,1,7,87,361,1,1,1,8,361,28,1,1,allocated
541,993,normal,0,0,65535_65535,1,9,87,315,0,1,0,7,0,28,1,1,pre_allocation
541,993,normal,0,0,65535_65535,1,9,87,361,1,1,1,8,361,28,1,1,allocated
541,993,normal,0,0,65535_65535,1,10,87,315,0,1,0,7,0,28,1,1,pre_allocation
541,993,normal,0,0,65535_65535,1,10,87,361,1,1,1,8,361,28,1,1,allocated
541,993,normal,0,0,65535_65535,1,6,87,361,0,1,0,8,0,28,1,1,pre_allocation
541,993,normal,0,0,65535_65535,1,6,87,406,1,1,1,9,406,28,1,1,allocated
541,993,normal,0,0,65535_65535,1,7,87,361,0,1,0,8,0,28,1,1,pre_allocation
541,993,normal,0,0,65535_65535,1,7,87,406,1,1,1,9,406,28,1,1,allocated
541,993,normal,0,0,65535_65535,1,9,87,361,0,1,0,8,0,28,1,1,pre_allocation
541,993,normal,0,0,65535_65535,1,9,87,406,1,1,1,9,406,28,1,1,allocated
541,993,normal,0,0,65535_65535,1,10,87,361,0,1,0,8,0,28,1,1,pre_allocation
541,993,normal,0,0,65535_65535,1,10,87,406,1,1,1,9,406,28,1,1,allocated
541,993,normal,0,0,65535_65535,1,6,87,406,0,1,0,9,0,28,1,1,pre_allocation
541,993,normal,0,0,65535_65535,1,6,87,452,1,1,1,10,452,28,1,1,allocated
541,993,normal,0,0,65535_65535,1,7,87,406,0,1,0,9,0,28,1,1,pre_allocation
541,993,normal,0,0,65535_65535,1,7,87,452,1,1,1,10,452,28,1,1,allocated
541,993,normal,0,0,65535_65535,1,9,87,406,0,1,0,9,0,28,1,1,pre_allocation
541,993,normal,0,0,65535_65535,1,9,87,452,1,1,1,10,452,28,1,1,allocated
541,993,normal,0,0,65535_65535,1,10,87,406,0,1,0,9,0,28,1,1,pre_allocation
541,993,normal,0,0,65535_65535,1,10,87,452,1,1,1,10,452,28,1,1,allocated
541,993,normal,0,0,65535_65535,1,6,87,452,0,1,0,10,0,28,1,1,pre_allocation
541,993,normal,0,0,65535_65535,1,6,87,497,1,1,1,11,497,28,1,1,allocated
541,993,normal,0,0,65535_65535,1,7,87,452,0,1,0,10,0,28,1,1,pre_allocation
541,993,normal,0,0,65535_65535,1,7,87,497,1,1,1,11,497,28,1,1,allocated
541,993,normal,0,0,65535_65535,1,9,87,452,0,1,0,10,0,28,1,1,pre_allocation
541,993,normal,0,0,65535_65535,1,9,87,497,1,1,1,11,497,28,1,1,allocated
541,993,normal,0,0,65535_65535,1,10,87,452,0,1,0,10,0,28,1,1,pre_allocation
541,993,normal,0,0,65535_65535,1,10,87,497,1,1,1,11,497,28,1,1,allocated
541,993,normal,0,0,65535_65535,1,6,87,497,0,1,0,11,0,28,1,1,pre_allocation
541,993,normal,0,0,65535_65535,1,6,87,543,1,1,1,12,543,28,1,1,allocated
541,993,normal,0,0,65535_65535,1,7,87,497,0,1,0,11,0,28,1,1,pre_allocation
541,993,normal,0,0,65535_65535,1,7,87,543,1,1,1,12,543,28,1,1,allocated
541,993,normal,0,0,65535_65535,1,9,87,497,0,1,0,11,0,28,1,1,pre_allocation
541,993,normal,0,0,65535_65535,1,9,87,543,1,1,1,12,543,28,1,1,allocated
541,993,normal,0,0,65535_65535,1,10,87,497,0,1,0,11,0,28,1,1,pre_allocation
541,993,normal,0,0,65535_65535,1,10,87,543,1,1,1,12,543,28,1,1,allocated
541,993,normal,0,0,65535_65535,1,6,87,543,0,1,0,12,0,28,1,1,pre_allocation
541,993,normal,0,0,65535_65535,1,6,87,589,1,1,1,13,589,28,1,1,allocated
541,993,normal,0,0,65535_65535,1,7,87,543,0,1,0,12,0,28,1,1,pre_allocation
541,993,normal,0,0,65535_65535,1,7,87,589,1,1,1,13,589,28,1,1,allocated
541,993,normal,0,0,65535_65535,1,9,87,543,0,1,0,12,0,28,1,1,pre_allocation
541,993,normal,0,0,65535_65535,1,9,87,589,1,1,1,13,589,28,1,1,allocated
541,993,normal,0,0,65535_65535,1,10,87,543,0,1,0,12,0,28,1,1,pre_allocation
541,993,normal,0,0,65535_65535,1,10,87,589,1,1,1,13,589,28,1,1,allocated
541,993,normal,0,0,65535_65535,1,6,87,589,0,1,0,13,0,28,1,1,pre_allocation
541,993,normal,0,0,65535_65535,1,6,87,634,1,1,1,14,634,28,1,1,allocated
541,993,normal,0,0,65535_65535,1,7,87,589,0,1,0,13,0,28,1,1,pre_allocation
541,993,normal,0,0,65535_65535,1,7,87,634,1,1,1,14,634,28,1,1,allocated
541,993,normal,0,0,65535_65535,1,9,87,589,0,1,0,13,0,28,1,1,pre_allocation
541,993,normal,0,0,65535_65535,1,9,87,634,1,1,1,14,634,28,1,1,allocated
541,993,normal,0,0,65535_65535,1,10,87,589,0,1,0,13,0,28,1,1,pre_allocation
541,993,normal,0,0,65535_65535,1,10,87,634,1,1,1,14,634,28,1,1,allocated
541,993,normal,0,0,65535_65535,1,6,87,634,0,1,0,14,0,28,1,1,pre_allocation
541,993,normal,0,0,65535_65535,1,6,87,680,1,1,1,15,680,28,1,1,allocated
541,993,normal,0,0,65535_65535,1,7,87,634,0,1,0,14,0,28,1,1,pre_allocation
541,993,normal,0,0,65535_65535,1,7,87,680,1,1,1,15,680,28,1,1,allocated
541,993,normal,0,0,65535_65535,1,9,87,634,0,1,0,14,0,28,1,1,pre_allocation
541,993,normal,0,0,65535_65535,1,9,87,680,1,1,1,15,680,28,1,1,allocated
541,993,normal,0,0,65535_65535,1,10,87,634,0,1,0,14,0,28,1,1,pre_allocation
541,993,normal,0,0,65535_65535,1,10,87,680,1,1,1,15,680,28,1,1,allocated
541,993,normal,0,0,65535_65535,1,6,87,680,0,1,0,15,0,28,1,1,pre_allocation
541,993,normal,0,0,65535_65535,1,6,87,725,1,1,1,16,725,28,1,1,allocated
541,993,normal,0,0,65535_65535,1,7,87,680,0,1,0,15,0,28,1,1,pre_allocation
541,993,normal,0,0,65535_65535,1,7,87,725,1,1,1,16,725,28,1,1,allocated
541,993,normal,0,0,65535_65535,1,9,87,680,0,1,0,15,0,28,1,1,pre_allocation
541,993,normal,0,0,65535_65535,1,9,87,725,1,1,1,16,725,28,1,1,allocated
541,993,normal,0,0,65535_65535,1,10,87,680,0,1,0,15,0,28,1,1,pre_allocation
541,993,normal,0,0,65535_65535,1,10,87,725,1,1,1,16,725,28,1,1,allocated
541,993,normal,0,0,65535_65535,1,6,87,725,0,1,0,16,0,28,1,1,pre_allocation
541,993,normal,0,0,65535_65535,1,6,87,771,1,1,1,17,771,28,1,1,allocated
541,993,normal,0,0,65535_65535,1,7,87,725,0,1,0,16,0,28,1,1,pre_allocation
541,993,normal,0,0,65535_65535,1,7,87,771,1,1,1,17,771,28,1,1,allocated
541,993,normal,0,0,65535_65535,1,9,87,725,0,1,0,16,0,28,1,1,pre_allocation
541,993,normal,0,0,65535_65535,1,9,87,771,1,1,1,17,771,28,1,1,allocated
541,993,normal,0,0,65535_65535,1,10,87,725,0,1,0,16,0,28,1,1,pre_allocation
541,993,normal,0,0,65535_65535,1,10,87,771,1,1,1,17,771,28,1,1,allocated
541,993,normal,0,0,65535_65535,1,6,87,771,0,1,0,17,0,28,1,1,pre_allocation
541,993,normal,0,0,65535_65535,1,6,87,816,1,1,1,18,816,28,1,1,allocated
541,993,normal,0,0,65535_65535,1,7,87,771,0,1,0,17,0,28,1,1,pre_allocation
541,993,normal,0,0,65535_65535,1,7,87,816,1,1,1,18,816,28,1,1,allocated
541,993,normal,0,0,65535_65535,1,9,87,771,0,1,0,17,0,28,1,1,pre_allocation
541,993,normal,0,0,65535_65535,1,9,87,816,1,1,1,18,816,28,1,1,allocated
541,993,normal,0,0,65535_65535,1,10,87,771,0,1,0,17,0,28,1,1,pre_allocation
541,993,normal,0,0,65535_65535,1,10,87,816,1,1,1,18,816,28,1,1,allocated
541,993,normal,0,0,65535_65535,1,6,87,816,0,1,0,18,0,28,1,1,pre_allocation
541,993,normal,0,0,65535_65535,1,6,87,862,1,1,1,19,862,28,1,1,allocated
541,993,normal,0,0,65535_65535,1,7,87,816,0,1,0,18,0,28,1,1,pre_allocation
541,993,normal,0,0,65535_65535,1,7,87,862,1,1,1,19,862,28,1,1,allocated
541,993,normal,0,0,65535_65535,1,9,87,816,0,1,0,18,0,28,1,1,pre_allocation
541,993,normal,0,0,65535_65535,1,9,87,862,1,1,1,19,862,28,1,1,allocated
541,993,normal,0,0,65535_65535,1,10,87,816,0,1,0,18,0,28,1,1,pre_allocation
541,993,normal,0,0,65535_65535,1,10,87,862,1,1,1,19,862,28,1,1,allocated
541,993,normal,0,0,65535_65535,1,6,87,862,0,1,0,19,0,28,1,1,pre_allocation
541,993,normal,0,0,65535_65535,1,6,87,907,1,1,1,20,907,28,1,1,allocated
541,993,normal,0,0,65535_65535,1,7,87,862,0,1,0,19,0,28,1,1,pre_allocation
541,993,normal,0,0,65535_65535,1,7,87,907,1,1,1,20,907,28,1,1,allocated
541,993,normal,0,0,65535_65535,1,9,87,862,0,1,0,19,0,28,1,1,pre_allocation
541,993,normal,0,0,65535_65535,1,9,87,907,1,1,1,20,907,28,1,1,allocated
541,993,normal,0,0,65535_65535,1,10,87,862,0,1,0,19,0,28,1,1,pre_allocation
541,993,normal,0,0,65535_65535,1,10,87,907,1,1,1,20,907,28,1,1,allocated
541,993,normal,0,0,65535_65535,1,6,87,907,0,1,0,20,0,28,1,1,pre_allocation
541,993,normal,0,0,65535_65535,1,6,87,953,1,1,1,21,953,28,1,1,allocated
541,993,normal,0,0,65535_65535,1,7,87,907,0,1,0,20,0,28,1,1,pre_allocation
541,993,normal,0,0,65535_65535,1,7,87,953,1,1,1,21,953,28,1,1,allocated
541,993,normal,0,0,65535_65535,1,9,87,907,0,1,0,20,0,28,1,1,pre_allocation
541,993,normal,0,0,65535_65535,1,9,87,953,1,1,1,21,953,28,1,1,allocated
541,993,normal,0,0,65535_65535,1,10,87,907,0,1,0,20,0,28,1,1,pre_allocation
541,993,normal,0,0,65535_65535,1,10,87,953,1,1,1,21,953,28,1,1,allocated
541,993,normal,0,0,65535_65535,1,6,87,953,0,1,0,21,0,28,1,1,pre_allocation
541,993,normal,0,0,65535_65535,1,6,87,998,1,1,1,22,998,28,1,1,allocated
541,993,normal,0,0,65535_65535,1,7,87,953,0,1,0,21,0,28,1,1,pre_allocation
541,993,normal,0,0,65535_65535,1,7,87,998,1,1,1,22,998,28,1,1,allocated
541,993,normal,0,0,65535_65535,1,9,87,953,0,1,0,21,0,28,1,1,pre_allocation
541,993,normal,0,0,65535_65535,1,9,87,998,1,1,1,22,998,28,1,1,allocated
541,993,normal,0,0,65535_65535,1,10,87,953,0,1,0,21,0,28,1,1,pre_allocation
541,993,normal,0,0,65535_65535,1,10,87,998,1,1,1,22,998,28,1,1,allocated
541,993,normal,0,0,65535_65535,1,6,87,998,0,1,0,22,0,28,1,1,pre_allocation
541,993,normal,0,0,65535_65535,1,6,87,1044,1,1,1,23,1044,28,1,1,allocated
541,993,normal,0,0,65535_65535,1,7,87,998,0,1,0,22,0,28,1,1,pre_allocation
541,993,normal,0,0,65535_65535,1,7,87,1044,1,1,1,23,1044,28,1,1,allocated
541,993,normal,0,0,65535_65535,1,9,87,998,0,1,0,22,0,28,1,1,pre_allocation
541,993,normal,0,0,65535_65535,1,9,87,1044,1,1,1,23,1044,28,1,1,allocated
541,993,normal,0,0,65535_65535,1,10,87,998,0,1,0,22,0,28,1,1,pre_allocation
541,993,normal,0,0,65535_65535,1,10,87,1044,1,1,1,23,1044,28,1,1,allocated
541,993,normal,0,0,65535_65535,1,6,87,1044,0,1,0,23,0,28,1,1,pre_allocation
541,993,normal,0,0,65535_65535,1,6,87,1089,1,1,1,24,1089,28,1,1,allocated
541,993,normal,0,0,65535_65535,1,7,87,1044,0,1,0,23,0,28,1,1,pre_allocation
541,993,normal,0,0,65535_65535,1,7,87,1089,1,1,1,24,1089,28,1,1,allocated
541,993,normal,0,0,65535_65535,1,9,87,1044,0,1,0,23,0,28,1,1,pre_allocation
541,993,normal,0,0,65535_65535,1,9,87,1089,1,1,1,24,1089,28,1,1,allocated
541,993,normal,0,0,65535_65535,1,10,87,1044,0,1,0,23,0,28,1,1,pre_allocation
541,993,normal,0,0,65535_65535,1,10,87,1089,1,1,1,24,1089,28,1,1,allocated
541,993,normal,0,0,65535_65535,1,6,87,1089,0,1,0,24,0,28,1,1,pre_allocation
541,993,normal,0,0,65535_65535,1,6,87,1135,1,1,1,25,1135,28,1,1,allocated
541,993,normal,0,0,65535_65535,1,7,87,1089,0,1,0,24,0,28,1,1,pre_allocation
541,993,normal,0,0,65535_65535,1,7,87,1135,1,1,1,25,1135,28,1,1,allocated
541,993,normal,0,0,65535_65535,1,9,87,1089,0,1,0,24,0,28,1,1,pre_allocation
541,993,normal,0,0,65535_65535,1,9,87,1135,1,1,1,25,1135,28,1,1,allocated
541,993,normal,0,0,65535_65535,1,10,87,1089,0,1,0,24,0,28,1,1,pre_allocation
541,993,normal,0,0,65535_65535,1,10,87,1135,1,1,1,25,1135,28,1,1,allocated
541,993,normal,0,0,65535_65535,1,6,87,1135,0,1,0,25,0,28,1,1,pre_allocation
541,993,normal,0,0,65535_65535,1,6,87,1181,1,1,1,26,1181,28,1,1,allocated
541,993,normal,0,0,65535_65535,1,7,87,1135,0,1,0,25,0,28,1,1,pre_allocation
541,993,normal,0,0,65535_65535,1,7,87,1181,1,1,1,26,1181,28,1,1,allocated
541,993,normal,0,0,65535_65535,1,9,87,1135,0,1,0,25,0,28,1,1,pre_allocation
541,993,normal,0,0,65535_65535,1,9,87,1181,1,1,1,26,1181,28,1,1,allocated
541,993,normal,0,0,65535_65535,1,10,87,1135,0,1,0,25,0,28,1,1,pre_allocation
541,993,normal,0,0,65535_65535,1,10,87,1181,1,1,1,26,1181,28,1,1,allocated
541,993,normal,0,0,65535_65535,1,6,87,1181,0,1,0,26,0,28,1,1,pre_allocation
541,993,normal,0,0,65535_65535,1,6,87,1226,1,1,1,27,1226,28,1,1,allocated
541,993,normal,0,0,65535_65535,1,7,87,1181,0,1,0,26,0,28,1,1,pre_allocation
541,993,normal,0,0,65535_65535,1,7,87,1226,1,1,1,27,1226,28,1,1,allocated
541,993,normal,0,0,65535_65535,1,9,87,1181,0,1,0,26,0,28,1,1,pre_allocation
541,993,normal,0,0,65535_65535,1,9,87,1226,1,1,1,27,1226,28,1,1,allocated
541,993,normal,0,0,65535_65535,1,10,87,1181,0,1,0,26,0,28,1,1,pre_allocation
541,993,normal,0,0,65535_65535,1,10,87,1226,1,1,1,27,1226,28,1,1,allocated
541,993,normal,0,0,65535_65535,1,6,87,1226,0,1,0,27,0,28,1,1,pre_allocation
541,993,normal,0,0,65535_65535,1,6,87,1272,1,1,1,28,1272,28,1,1,allocated
541,993,normal,0,0,65535_65535,1,7,87,1226,0,1,0,27,0,28,1,1,pre_allocation
541,993,normal,0,0,65535_65535,1,7,87,1272,1,1,1,28,1272,28,1,1,allocated
541,993,normal,0,0,65535_65535,1,9,87,1226,0,1,0,27,0,28,1,1,pre_allocation
541,993,normal,0,0,65535_65535,1,9,87,1272,1,1,1,28,1272,28,1,1,allocated
541,993,normal,0,0,65535_65535,1,10,87,1226,0,1,0,27,0,28,1,1,pre_allocation
541,993,normal,0,0,65535_65535,1,10,87,1272,1,1,1,28,1272,28,1,1,allocated
541,993,normal,0,0,65535_65535,1,6,87,1272,0,1,0,28,0,28,1,1,pre_allocation
541,993,normal,0,0,65535_65535,1,6,87,1317,1,1,1,29,1317,28,1,1,allocated
541,993,normal,0,0,65535_65535,1,7,87,1272,0,1,0,28,0,28,1,1,pre_allocation
541,993,normal,0,0,65535_65535,1,7,87,1317,1,1,1,29,1317,28,1,1,allocated
541,993,normal,0,0,65535_65535,1,9,87,1272,0,1,0,28,0,28,1,1,pre_allocation
541,993,normal,0,0,65535_65535,1,9,87,1317,1,1,1,29,1317,28,1,1,allocated
541,993,normal,0,0,65535_65535,1,10,87,1272,0,1,0,28,0,28,1,1,pre_allocation
541,993,normal,0,0,65535_65535,1,10,87,1317,1,1,1,29,1317,28,1,1,allocated
541,993,normal,0,0,65535_65535,1,6,87,1317,0,1,0,29,0,28,1,1,pre_allocation
541,993,normal,0,0,65535_65535,1,6,87,1363,1,1,1,30,1363,28,1,1,allocated
541,993,normal,0,0,65535_65535,1,7,87,1317,0,1,0,29,0,28,1,1,pre_allocation
541,993,normal,0,0,65535_65535,1,7,87,1363,1,1,1,30,1363,28,1,1,allocated
541,993,normal,0,0,65535_65535,1,9,87,1317,0,1,0,29,0,28,1,1,pre_allocation
541,993,normal,0,0,65535_65535,1,9,87,1363,1,1,1,30,1363,28,1,1,allocated
541,993,normal,0,0,65535_65535,1,10,87,1317,0,1,0,29,0,28,1,1,pre_allocation
541,993,normal,0,0,65535_65535,1,10,87,1363,1,1,1,30,1363,28,1,1,allocated
541,993,normal,0,0,65535_65535,1,6,87,1363,0,1,0,30,0,28,1,1,pre_allocation
541,993,normal,0,0,65535_65535,1,6,87,1408,1,1,1,31,1408,28,1,1,allocated
541,993,normal,0,0,65535_65535,1,7,87,1363,0,1,0,30,0,28,1,1,pre_allocation
541,993,normal,0,0,65535_65535,1,7,87,1408,1,1,1,31,1408,28,1,1,allocated
541,993,normal,0,0,65535_65535,1,9,87,1363,0,1,0,30,0,28,1,1,pre_allocation
541,993,normal,0,0,65535_65535,1,9,87,1408,1,1,1,31,1408,28,1,1,allocated
541,993,normal,0,0,65535_65535,1,10,87,1363,0,1,0,30,0,28,1,1,pre_allocation
541,993,normal,0,0,65535_65535,1,10,87,1408,1,1,1,31,1408,28,1,1,allocated
541,993,normal,0,0,65535_65535,1,6,87,1408,0,1,0,31,0,28,1,1,pre_allocation
541,993,normal,0,0,65535_65535,1,6,87,1454,1,1,1,32,1454,28,1,1,allocated
541,993,normal,0,0,65535_65535,1,7,87,1408,0,1,0,31,0,28,1,1,pre_allocation
541,993,normal,0,0,65535_65535,1,7,87,1454,1,1,1,32,1454,28,1,1,allocated
541,993,normal,0,0,65535_65535,1,9,87,1408,0,1,0,31,0,28,1,1,pre_allocation
541,993,normal,0,0,65535_65535,1,9,87,1454,1,1,1,32,1454,28,1,1,allocated
541,993,normal,0,0,65535_65535,1,10,87,1408,0,1,0,31,0,28,1,1,pre_allocation
541,993,normal,0,0,65535_65535,1,10,87,1454,1,1,1,32,1454,28,1,1,allocated
541,993,normal,0,0,65535_65535,1,6,87,1454,0,1,0,32,0,28,1,1,pre_allocation
541,993,normal,0,0,65535_65535,1,6,87,1499,1,1,1,33,1499,28,1,1,allocated
541,993,normal,0,0,65535_65535,1,7,87,1454,0,1,0,32,0,28,1,1,pre_allocation
541,993,normal,0,0,65535_65535,1,7,87,1499,1,1,1,33,1499,28,1,1,allocated
541,993,normal,0,0,65535_65535,1,9,87,1454,0,1,0,32,0,28,1,1,pre_allocation
541,993,normal,0,0,65535_65535,1,9,87,1499,1,1,1,33,1499,28,1,1,allocated
541,993,normal,0,0,65535_65535,1,10,87,1454,0,1,0,32,0,28,1,1,pre_allocation
541,993,normal,0,0,65535_65535,1,10,87,1499,1,1,1,33,1499,28,1,1,allocated
541,993,normal,0,0,65535_65535,1,6,87,1499,0,1,0,33,0,28,1,1,pre_allocation
541,993,normal,0,0,65535_65535,1,6,87,1542,1,1,1,34,1542,28,1,1,allocated
541,993,normal,0,0,65535_65535,1,7,87,1499,0,1,0,33,0,28,1,1,pre_allocation
541,993,normal,0,0,65535_65535,1,7,87,1542,1,1,1,34,1542,28,1,1,allocated
541,993,normal,0,0,65535_65535,1,9,87,1499,0,1,0,33,0,28,1,1,pre_allocation
541,993,normal,0,0,65535_65535,1,9,87,1542,1,1,1,34,1542,28,1,1,allocated
541,993,normal,0,0,65535_65535,1,10,87,1499,0,1,0,33,0,28,1,1,pre_allocation
541,993,normal,0,0,65535_65535,1,10,87,1542,1,1,1,34,1542,28,1,1,allocated
541,993,normal,0,0,65535_65535,1,6,87,1542,0,1,0,34,0,28,1,1,pre_allocation
541,993,normal,0,0,65535_65535,1,6,87,1587,1,1,1,35,1587,28,1,1,allocated
541,993,normal,0,0,65535_65535,1,7,87,1542,0,1,0,34,0,28,1,1,pre_allocation
541,993,normal,0,0,65535_65535,1,7,87,1587,1,1,1,35,1587,28,1,1,allocated
541,993,normal,0,0,65535_65535,1,9,87,1542,0,1,0,34,0,28,1,1,pre_allocation
541,993,normal,0,0,65535_65535,1,9,87,1587,1,1,1,35,1587,28,1,1,allocated
541,993,normal,0,0,65535_65535,1,10,87,1542,0,1,0,34,0,28,1,1,pre_allocation
541,993,normal,0,0,65535_65535,1,10,87,1587,1,1,1,35,1587,28,1,1,allocated
653,1091,normal,0,0,65535_65535,0,1,9174,0,0,1,0,0,0,28,1,1,pre_allocation
653,1091,normal,0,0,65535_65535,0,1,9174,42,1,1,1,1,42,28,1,1,allocated
653,1091,normal,0,0,65535_65535,0,2,8354,0,0,1,0,0,0,28,1,1,pre_allocation
653,1091,normal,0,0,65535_65535,0,2,8354,42,1,1,1,1,42,28,1,1,allocated
653,1091,normal,0,0,65535_65535,0,3,8220,0,0,1,0,0,0,28,1,1,pre_allocation
653,1091,normal,0,0,65535_65535,0,3,8220,42,1,1,1,1,42,28,1,1,allocated
653,1091,normal,0,0,65535_65535,0,4,8264,0,0,1,0,0,0,28,1,1,pre_allocation
653,1091,normal,0,0,65535_65535,0,4,8264,42,1,1,1,1,42,28,1,1,allocated
653,1091,normal,0,0,65535_65535,0,5,8217,0,0,1,0,0,0,28,1,1,pre_allocation
653,1091,normal,0,0,65535_65535,0,5,8217,42,1,1,1,1,42,28,1,1,allocated
653,1091,normal,0,0,65535_65535,0,1,9174,42,0,1,0,1,0,28,1,1,pre_allocation
653,1091,normal,0,0,65535_65535,0,1,9174,88,1,1,1,2,88,28,1,1,allocated
653,1091,normal,0,0,65535_65535,0,2,8354,42,0,1,0,1,0,28,1,1,pre_allocation
653,1091,normal,0,0,65535_65535,0,2,8354,88,1,1,1,2,88,28,1,1,allocated
653,1091,normal,0,0,65535_65535,0,3,8220,42,0,1,0,1,0,28,1,1,pre_allocation
653,1091,normal,0,0,65535_65535,0,3,8220,88,1,1,1,2,88,28,1,1,allocated
653,1091,normal,0,0,65535_65535,0,4,8264,42,0,1,0,1,0,28,1,1,pre_allocation
653,1091,normal,0,0,65535_65535,0,4,8264,88,1,1,1,2,88,28,1,1,allocated
653,1091,normal,0,0,65535_65535,0,5,8217,42,0,1,0,1,0,28,1,1,pre_allocation
653,1091,normal,0,0,65535_65535,0,5,8217,88,1,1,1,2,88,28,1,1,allocated
653,1091,normal,0,0,65535_65535,0,1,9174,88,0,1,0,2,0,28,1,1,pre_allocation
653,1091,normal,0,0,65535_65535,0,1,9174,133,1,1,1,3,133,28,1,1,allocated
653,1091,normal,0,0,65535_65535,0,2,8354,88,0,1,0,2,0,28,1,1,pre_allocation
653,1091,normal,0,0,65535_65535,0,2,8354,133,1,1,1,3,133,28,1,1,allocated
653,1091,normal,0,0,65535_65535,0,3,8220,88,0,1,0,2,0,28,1,1,pre_allocation
653,1091,normal,0,0,65535_65535,0,3,8220,133,1,1,1,3,133,28,1,1,allocated
653,1091,normal,0,0,65535_65535,0,4,8264,88,0,1,0,2,0,28,1,1,pre_allocation
653,1091,normal,0,0,65535_65535,0,4,8264,133,1,1,1,3,133,28,1,1,allocated
653,1091,normal,0,0,65535_65535,0,5,8217,88,0,1,0,2,0,28,1,1,pre_allocation
653,1091,normal,0,0,65535_65535,0,5,8217,133,1,1,1,3,133,28,1,1,allocated
653,1091,normal,0,0,65535_65535,0,1,9174,133,0,1,0,3,0,28,1,1,pre_allocation
653,1091,normal,0,0,65535_65535,0,1,9174,179,1,1,1,4,179,28,1,1,allocated
653,1091,normal,0,0,65535_65535,0,2,8354,133,0,1,0,3,0,28,1,1,pre_allocation
653,1091,normal,0,0,65535_65535,0,2,8354,179,1,1,1,4,179,28,1,1,allocated
653,1091,normal,0,0,65535_65535,0,3,8220,133,0,1,0,3,0,28,1,1,pre_allocation
653,1091,normal,0,0,65535_65535,0,3,8220,179,1,1,1,4,179,28,1,1,allocated
653,1091,normal,0,0,65535_65535,0,4,8264,133,0,1,0,3,0,28,1,1,pre_allocation
653,1091,normal,0,0,65535_65535,0,4,8264,179,1,1,1,4,179,28,1,1,allocated
653,1091,normal,0,0,65535_65535,0,5,8217,133,0,1,0,3,0,28,1,1,pre_allocation
653,1091,normal,0,0,65535_65535,0,5,8217,179,1,1,1,4,179,28,1,1,allocated
653,1091,normal,0,0,65535_65535,0,1,9174,179,0,1,0,4,0,28,1,1,pre_allocation
653,1091,normal,0,0,65535_65535,0,1,9174,224,1,1,1,5,224,28,1,1,allocated
653,1091,normal,0,0,65535_65535,0,2,8354,179,0,1,0,4,0,28,1,1,pre_allocation
653,1091,normal,0,0,65535_65535,0,2,8354,224,1,1,1,5,224,28,1,1,allocated
653,1091,normal,0,0,65535_65535,0,3,8220,179,0,1,0,4,0,28,1,1,pre_allocation
653,1091,normal,0,0,65535_65535,0,3,8220,224,1,1,1,5,224,28,1,1,allocated
653,1091,normal,0,0,65535_65535,0,4,8264,179,0,1,0,4,0,28,1,1,pre_allocation
653,1091,normal,0,0,65535_65535,0,4,8264,224,1,1,1,5,224,28,1,1,allocated
653,1091,normal,0,0,65535_65535,0,5,8217,179,0,1,0,4,0,28,1,1,pre_allocation
653,1091,normal,0,0,65535_65535,0,5,8217,224,1,1,1,5,224,28,1,1,allocated
653,1091,normal,0,0,65535_65535,0,1,9174,224,0,1,0,5,0,28,1,1,pre_allocation
653,1091,normal,0,0,65535_65535,0,1,9174,270,1,1,1,6,270,28,1,1,allocated
653,1091,normal,0,0,65535_65535,0,2,8354,224,0,1,0,5,0,28,1,1,pre_allocation
653,1091,normal,0,0,65535_65535,0,2,8354,270,1,1,1,6,270,28,1,1,allocated
653,1091,normal,0,0,65535_65535,0,3,8220,224,0,1,0,5,0,28,1,1,pre_allocation
653,1091,normal,0,0,65535_65535,0,3,8220,270,1,1,1,6,270,28,1,1,allocated
653,1091,normal,0,0,65535_65535,0,4,8264,224,0,1,0,5,0,28,1,1,pre_allocation
653,1091,normal,0,0,65535_65535,0,4,8264,270,1,1,1,6,270,28,1,1,allocated
653,1091,normal,0,0,65535_65535,0,5,8217,224,0,1,0,5,0,28,1,1,pre_allocation
653,1091,normal,0,0,65535_65535,0,5,8217,270,1,1,1,6,270,28,1,1,allocated
653,1091,normal,0,0,65535_65535,0,1,9174,270,0,1,0,6,0,28,1,1,pre_allocation
653,1091,normal,0,0,65535_65535,0,1,9174,315,1,1,1,7,315,28,1,1,allocated
653,1091,normal,0,0,65535_65535,0,2,8354,270,0,1,0,6,0,28,1,1,pre_allocation
653,1091,normal,0,0,65535_65535,0,2,8354,315,1,1,1,7,315,28,1,1,allocated
653,1091,normal,0,0,65535_65535,0,3,8220,270,0,1,0,6,0,28,1,1,pre_allocation
653,1091,normal,0,0,65535_65535,0,3,8220,315,1,1,1,7,315,28,1,1,allocated
653,1091,normal,0,0,65535_65535,0,4,8264,270,0,1,0,6,0,28,1,1,pre_allocation
653,1091,normal,0,0,65535_65535,0,4,8264,315,1,1,1,7,315,28,1,1,allocated
653,1091,normal,0,0,65535_65535,0,5,8217,270,0,1,0,6,0,28,1,1,pre_allocation
653,1091,normal,0,0,65535_65535,0,5,8217,315,1,1,1,7,315,28,1,1,allocated
653,1091,normal,0,0,65535_65535,0,1,9174,315,0,1,0,7,0,28,1,1,pre_allocation
653,1091,normal,0,0,65535_65535,0,1,9174,361,1,1,1,8,361,28,1,1,allocated
653,1091,normal,0,0,65535_65535,0,2,8354,315,0,1,0,7,0,28,1,1,pre_allocation
653,1091,normal,0,0,65535_65535,0,2,8354,361,1,1,1,8,361,28,1,1,allocated
653,1091,normal,0,0,65535_65535,0,3,8220,315,0,1,0,7,0,28,1,1,pre_allocation
653,1091,normal,0,0,65535_65535,0,3,8220,361,1,1,1,8,361,28,1,1,allocated
653,1091,normal,0,0,65535_65535,0,4,8264,315,0,1,0,7,0,28,1,1,pre_allocation
653,1091,normal,0,0,65535_65535,0,4,8264,361,1,1,1,8,361,28,1,1,allocated
653,1091,normal,0,0,65535_65535,0,5,8217,315,0,1,0,7,0,28,1,1,pre_allocation
653,1091,normal,0,0,65535_65535,0,5,8217,361,1,1,1,8,361,28,1,1,allocated
653,1091,normal,0,0,65535_65535,0,1,9174,361,0,1,0,8,0,28,1,1,pre_allocation
653,1091,normal,0,0,65535_65535,0,1,9174,406,1,1,1,9,406,28,1,1,allocated
653,1091,normal,0,0,65535_65535,0,2,8354,361,0,1,0,8,0,28,1,1,pre_allocation
653,1091,normal,0,0,65535_65535,0,2,8354,406,1,1,1,9,406,28,1,1,allocated
653,1091,normal,0,0,65535_65535,0,3,8220,361,0,1,0,8,0,28,1,1,pre_allocation
653,1091,normal,0,0,65535_65535,0,3,8220,406,1,1,1,9,406,28,1,1,allocated
653,1091,normal,0,0,65535_65535,0,4,8264,361,0,1,0,8,0,28,1,1,pre_allocation
653,1091,normal,0,0,65535_65535,0,4,8264,406,1,1,1,9,406,28,1,1,allocated
653,1091,normal,0,0,65535_65535,1,6,87,0,0,1,0,0,0,28,1,1,pre_allocation
653,1091,normal,0,0,65535_65535,1,6,87,42,1,1,1,1,42,28,1,1,allocated
653,1091,normal,0,0,65535_65535,1,7,87,0,0,1,0,0,0,28,1,1,pre_allocation
653,1091,normal,0,0,65535_65535,1,7,87,42,1,1,1,1,42,28,1,1,allocated
653,1091,normal,0,0,65535_65535,1,9,87,0,0,1,0,0,0,28,1,1,pre_allocation
653,1091,normal,0,0,65535_65535,1,9,87,42,1,1,1,1,42,28,1,1,allocated
653,1091,normal,0,0,65535_65535,1,10,87,0,0,1,0,0,0,28,1,1,pre_allocation
653,1091,normal,0,0,65535_65535,1,10,87,42,1,1,1,1,42,28,1,1,allocated
653,1091,normal,0,0,65535_65535,1,6,87,42,0,1,0,1,0,28,1,1,pre_allocation
653,1091,normal,0,0,65535_65535,1,6,87,88,1,1,1,2,88,28,1,1,allocated
653,1091,normal,0,0,65535_65535,1,7,87,42,0,1,0,1,0,28,1,1,pre_allocation
653,1091,normal,0,0,65535_65535,1,7,87,88,1,1,1,2,88,28,1,1,allocated
653,1091,normal,0,0,65535_65535,1,9,87,42,0,1,0,1,0,28,1,1,pre_allocation
653,1091,normal,0,0,65535_65535,1,9,87,88,1,1,1,2,88,28,1,1,allocated
653,1091,normal,0,0,65535_65535,1,10,87,42,0,1,0,1,0,28,1,1,pre_allocation
653,1091,normal,0,0,65535_65535,1,10,87,88,1,1,1,2,88,28,1,1,allocated
653,1091,normal,0,0,65535_65535,1,6,87,88,0,1,0,2,0,28,1,1,pre_allocation
653,1091,normal,0,0,65535_65535,1,6,87,133,1,1,1,3,133,28,1,1,allocated
653,1091,normal,0,0,65535_65535,1,7,87,88,0,1,0,2,0,28,1,1,pre_allocation
653,1091,normal,0,0,65535_65535,1,7,87,133,1,1,1,3,133,28,1,1,allocated
653,1091,normal,0,0,65535_65535,1,9,87,88,0,1,0,2,0,28,1,1,pre_allocation
653,1091,normal,0,0,65535_65535,1,9,87,133,1,1,1,3,133,28,1,1,allocated
653,1091,normal,0,0,65535_65535,1,10,87,88,0,1,0,2,0,28,1,1,pre_allocation
653,1091,normal,0,0,65535_65535,1,10,87,133,1,1,1,3,133,28,1,1,allocated
653,1091,normal,0,0,65535_65535,1,6,87,133,0,1,0,3,0,28,1,1,pre_allocation
653,1091,normal,0,0,65535_65535,1,6,87,179,1,1,1,4,179,28,1,1,allocated
653,1091,normal,0,0,65535_65535,1,7,87,133,0,1,0,3,0,28,1,1,pre_allocation
653,1091,normal,0,0,65535_65535,1,7,87,179,1,1,1,4,179,28,1,1,allocated
653,1091,normal,0,0,65535_65535,1,9,87,133,0,1,0,3,0,28,1,1,pre_allocation
653,1091,normal,0,0,65535_65535,1,9,87,179,1,1,1,4,179,28,1,1,allocated
653,1091,normal,0,0,65535_65535,1,10,87,133,0,1,0,3,0,28,1,1,pre_allocation
653,1091,normal,0,0,65535_65535,1,10,87,179,1,1,1,4,179,28,1,1,allocated
653,1091,normal,0,0,65535_65535,1,6,87,179,0,1,0,4,0,28,1,1,pre_allocation
653,1091,normal,0,0,65535_65535,1,6,87,224,1,1,1,5,224,28,1,1,allocated
653,1091,normal,0,0,65535_65535,1,7,87,179,0,1,0,4,0,28,1,1,pre_allocation
653,1091,normal,0,0,65535_65535,1,7,87,224,1,1,1,5,224,28,1,1,allocated
653,1091,normal,0,0,65535_65535,1,9,87,179,0,1,0,4,0,28,1,1,pre_allocation
653,1091,normal,0,0,65535_65535,1,9,87,224,1,1,1,5,224,28,1,1,allocated
653,1091,normal,0,0,65535_65535,1,10,87,179,0,1,0,4,0,28,1,1,pre_allocation
653,1091,normal,0,0,65535_65535,1,10,87,224,1,1,1,5,224,28,1,1,allocated
653,1091,normal,0,0,65535_65535,1,6,87,224,0,1,0,5,0,28,1,1,pre_allocation
653,1091,normal,0,0,65535_65535,1,6,87,270,1,1,1,6,270,28,1,1,allocated
653,1091,normal,0,0,65535_65535,1,7,87,224,0,1,0,5,0,28,1,1,pre_allocation
653,1091,normal,0,0,65535_65535,1,7,87,270,1,1,1,6,270,28,1,1,allocated
653,1091,normal,0,0,65535_65535,1,9,87,224,0,1,0,5,0,28,1,1,pre_allocation
653,1091,normal,0,0,65535_65535,1,9,87,270,1,1,1,6,270,28,1,1,allocated
653,1091,normal,0,0,65535_65535,1,10,87,224,0,1,0,5,0,28,1,1,pre_allocation
653,1091,normal,0,0,65535_65535,1,10,87,270,1,1,1,6,270,28,1,1,allocated
653,1091,normal,0,0,65535_65535,1,6,87,270,0,1,0,6,0,28,1,1,pre_allocation
653,1091,normal,0,0,65535_65535,1,6,87,315,1,1,1,7,315,28,1,1,allocated
653,1091,normal,0,0,65535_65535,1,7,87,270,0,1,0,6,0,28,1,1,pre_allocation
653,1091,normal,0,0,65535_65535,1,7,87,315,1,1,1,7,315,28,1,1,allocated
653,1091,normal,0,0,65535_65535,1,9,87,270,0,1,0,6,0,28,1,1,pre_allocation
653,1091,normal,0,0,65535_65535,1,9,87,315,1,1,1,7,315,28,1,1,allocated
653,1091,normal,0,0,65535_65535,1,10,87,270,0,1,0,6,0,28,1,1,pre_allocation
653,1091,normal,0,0,65535_65535,1,10,87,315,1,1,1,7,315,28,1,1,allocated
653,1091,normal,0,0,65535_65535,1,6,87,315,0,1,0,7,0,28,1,1,pre_allocation
653,1091,normal,0,0,65535_65535,1,6,87,361,1,1,1,8,361,28,1,1,allocated
653,1091,normal,0,0,65535_65535,1,7,87,315,0,1,0,7,0,28,1,1,pre_allocation
653,1091,normal,0,0,65535_65535,1,7,87,361,1,1,1,8,361,28,1,1,allocated
653,1091,normal,0,0,65535_65535,1,9,87,315,0,1,0,7,0,28,1,1,pre_allocation
653,1091,normal,0,0,65535_65535,1,9,87,361,1,1,1,8,361,28,1,1,allocated
653,1091,normal,0,0,65535_65535,1,10,87,315,0,1,0,7,0,28,1,1,pre_allocation
653,1091,normal,0,0,65535_65535,1,10,87,361,1,1,1,8,361,28,1,1,allocated
653,1091,normal,0,0,65535_65535,1,6,87,361,0,1,0,8,0,28,1,1,pre_allocation
653,1091,normal,0,0,65535_65535,1,6,87,406,1,1,1,9,406,28,1,1,allocated
653,1091,normal,0,0,65535_65535,1,7,87,361,0,1,0,8,0,28,1,1,pre_allocation
653,1091,normal,0,0,65535_65535,1,7,87,406,1,1,1,9,406,28,1,1,allocated
653,1091,normal,0,0,65535_65535,1,9,87,361,0,1,0,8,0,28,1,1,pre_allocation
653,1091,normal,0,0,65535_65535,1,9,87,406,1,1,1,9,406,28,1,1,allocated
653,1091,normal,0,0,65535_65535,1,10,87,361,0,1,0,8,0,28,1,1,pre_allocation
653,1091,normal,0,0,65535_65535,1,10,87,406,1,1,1,9,406,28,1,1,allocated
653,1091,normal,0,0,65535_65535,1,6,87,406,0,1,0,9,0,28,1,1,pre_allocation
653,1091,normal,0,0,65535_65535,1,6,87,452,1,1,1,10,452,28,1,1,allocated
653,1091,normal,0,0,65535_65535,1,7,87,406,0,1,0,9,0,28,1,1,pre_allocation
653,1091,normal,0,0,65535_65535,1,7,87,452,1,1,1,10,452,28,1,1,allocated
653,1091,normal,0,0,65535_65535,1,9,87,406,0,1,0,9,0,28,1,1,pre_allocation
653,1091,normal,0,0,65535_65535,1,9,87,452,1,1,1,10,452,28,1,1,allocated
653,1091,normal,0,0,65535_65535,1,10,87,406,0,1,0,9,0,28,1,1,pre_allocation
653,1091,normal,0,0,65535_65535,1,10,87,452,1,1,1,10,452,28,1,1,allocated
653,1091,normal,0,0,65535_65535,1,6,87,452,0,1,0,10,0,28,1,1,pre_allocation
653,1091,normal,0,0,65535_65535,1,6,87,497,1,1,1,11,497,28,1,1,allocated
653,1091,normal,0,0,65535_65535,1,7,87,452,0,1,0,10,0,28,1,1,pre_allocation
653,1091,normal,0,0,65535_65535,1,7,87,497,1,1,1,11,497,28,1,1,allocated
653,1091,normal,0,0,65535_65535,1,9,87,452,0,1,0,10,0,28,1,1,pre_allocation
653,1091,normal,0,0,65535_65535,1,9,87,497,1,1,1,11,497,28,1,1,allocated
653,1091,normal,0,0,65535_65535,1,10,87,452,0,1,0,10,0,28,1,1,pre_allocation
653,1091,normal,0,0,65535_65535,1,10,87,497,1,1,1,11,497,28,1,1,allocated
653,1091,normal,0,0,65535_65535,1,6,87,497,0,1,0,11,0,28,1,1,pre_allocation
653,1091,normal,0,0,65535_65535,1,6,87,543,1,1,1,12,543,28,1,1,allocated
653,1091,normal,0,0,65535_65535,1,7,87,497,0,1,0,11,0,28,1,1,pre_allocation
653,1091,normal,0,0,65535_65535,1,7,87,543,1,1,1,12,543,28,1,1,allocated
653,1091,normal,0,0,65535_65535,1,9,87,497,0,1,0,11,0,28,1,1,pre_allocation
653,1091,normal,0,0,65535_65535,1,9,87,543,1,1,1,12,543,28,1,1,allocated
653,1091,normal,0,0,65535_65535,1,10,87,497,0,1,0,11,0,28,1,1,pre_allocation
653,1091,normal,0,0,65535_65535,1,10,87,543,1,1,1,12,543,28,1,1,allocated
653,1091,normal,0,0,65535_65535,1,6,87,543,0,1,0,12,0,28,1,1,pre_allocation
653,1091,normal,0,0,65535_65535,1,6,87,589,1,1,1,13,589,28,1,1,allocated
653,1091,normal,0,0,65535_65535,1,7,87,543,0,1,0,12,0,28,1,1,pre_allocation
653,1091,normal,0,0,65535_65535,1,7,87,589,1,1,1,13,589,28,1,1,allocated
653,1091,normal,0,0,65535_65535,1,9,87,543,0,1,0,12,0,28,1,1,pre_allocation
653,1091,normal,0,0,65535_65535,1,9,87,589,1,1,1,13,589,28,1,1,allocated
653,1091,normal,0,0,65535_65535,1,10,87,543,0,1,0,12,0,28,1,1,pre_allocation
653,1091,normal,0,0,65535_65535,1,10,87,589,1,1,1,13,589,28,1,1,allocated
653,1091,normal,0,0,65535_65535,1,6,87,589,0,1,0,13,0,28,1,1,pre_allocation
653,1091,normal,0,0,65535_65535,1,6,87,634,1,1,1,14,634,28,1,1,allocated
653,1091,normal,0,0,65535_65535,1,7,87,589,0,1,0,13,0,28,1,1,pre_allocation
653,1091,normal,0,0,65535_65535,1,7,87,634,1,1,1,14,634,28,1,1,allocated
653,1091,normal,0,0,65535_65535,1,9,87,589,0,1,0,13,0,28,1,1,pre_allocation
653,1091,normal,0,0,65535_65535,1,9,87,634,1,1,1,14,634,28,1,1,allocated
653,1091,normal,0,0,65535_65535,1,10,87,589,0,1,0,13,0,28,1,1,pre_allocation
653,1091,normal,0,0,65535_65535,1,10,87,634,1,1,1,14,634,28,1,1,allocated
653,1091,normal,0,0,65535_65535,1,6,87,634,0,1,0,14,0,28,1,1,pre_allocation
653,1091,normal,0,0,65535_65535,1,6,87,680,1,1,1,15,680,28,1,1,allocated
653,1091,normal,0,0,65535_65535,1,7,87,634,0,1,0,14,0,28,1,1,pre_allocation
653,1091,normal,0,0,65535_65535,1,7,87,680,1,1,1,15,680,28,1,1,allocated
653,1091,normal,0,0,65535_65535,1,9,87,634,0,1,0,14,0,28,1,1,pre_allocation
653,1091,normal,0,0,65535_65535,1,9,87,680,1,1,1,15,680,28,1,1,allocated
653,1091,normal,0,0,65535_65535,1,10,87,634,0,1,0,14,0,28,1,1,pre_allocation
653,1091,normal,0,0,65535_65535,1,10,87,680,1,1,1,15,680,28,1,1,allocated
653,1091,normal,0,0,65535_65535,1,6,87,680,0,1,0,15,0,28,1,1,pre_allocation
653,1091,normal,0,0,65535_65535,1,6,87,725,1,1,1,16,725,28,1,1,allocated
653,1091,normal,0,0,65535_65535,1,7,87,680,0,1,0,15,0,28,1,1,pre_allocation
653,1091,normal,0,0,65535_65535,1,7,87,725,1,1,1,16,725,28,1,1,allocated
653,1091,normal,0,0,65535_65535,1,9,87,680,0,1,0,15,0,28,1,1,pre_allocation
653,1091,normal,0,0,65535_65535,1,9,87,725,1,1,1,16,725,28,1,1,allocated
653,1091,normal,0,0,65535_65535,1,10,87,680,0,1,0,15,0,28,1,1,pre_allocation
653,1091,normal,0,0,65535_65535,1,10,87,725,1,1,1,16,725,28,1,1,allocated
653,1091,normal,0,0,65535_65535,1,6,87,725,0,1,0,16,0,28,1,1,pre_allocation
653,1091,normal,0,0,65535_65535,1,6,87,771,1,1,1,17,771,28,1,1,allocated
653,1091,normal,0,0,65535_65535,1,7,87,725,0,1,0,16,0,28,1,1,pre_allocation
653,1091,normal,0,0,65535_65535,1,7,87,771,1,1,1,17,771,28,1,1,allocated
653,1091,normal,0,0,65535_65535,1,9,87,725,0,1,0,16,0,28,1,1,pre_allocation
653,1091,normal,0,0,65535_65535,1,9,87,771,1,1,1,17,771,28,1,1,allocated
653,1091,normal,0,0,65535_65535,1,10,87,725,0,1,0,16,0,28,1,1,pre_allocation
653,1091,normal,0,0,65535_65535,1,10,87,771,1,1,1,17,771,28,1,1,allocated
653,1091,normal,0,0,65535_65535,1,6,87,771,0,1,0,17,0,28,1,1,pre_allocation
653,1091,normal,0,0,65535_65535,1,6,87,816,1,1,1,18,816,28,1,1,allocated
653,1091,normal,0,0,65535_65535,1,7,87,771,0,1,0,17,0,28,1,1,pre_allocation
653,1091,normal,0,0,65535_65535,1,7,87,816,1,1,1,18,816,28,1,1,allocated
653,1091,normal,0,0,65535_65535,1,9,87,771,0,1,0,17,0,28,1,1,pre_allocation
653,1091,normal,0,0,65535_65535,1,9,87,816,1,1,1,18,816,28,1,1,allocated
653,1091,normal,0,0,65535_65535,1,10,87,771,0,1,0,17,0,28,1,1,pre_allocation
653,1091,normal,0,0,65535_65535,1,10,87,816,1,1,1,18,816,28,1,1,allocated
653,1091,normal,0,0,65535_65535,1,6,87,816,0,1,0,18,0,28,1,1,pre_allocation
653,1091,normal,0,0,65535_65535,1,6,87,862,1,1,1,19,862,28,1,1,allocated
653,1091,normal,0,0,65535_65535,1,7,87,816,0,1,0,18,0,28,1,1,pre_allocation
653,1091,normal,0,0,65535_65535,1,7,87,862,1,1,1,19,862,28,1,1,allocated
653,1091,normal,0,0,65535_65535,1,9,87,816,0,1,0,18,0,28,1,1,pre_allocation
653,1091,normal,0,0,65535_65535,1,9,87,862,1,1,1,19,862,28,1,1,allocated
653,1091,normal,0,0,65535_65535,1,10,87,816,0,1,0,18,0,28,1,1,pre_allocation
653,1091,normal,0,0,65535_65535,1,10,87,862,1,1,1,19,862,28,1,1,allocated
653,1091,normal,0,0,65535_65535,1,6,87,862,0,1,0,19,0,28,1,1,pre_allocation
653,1091,normal,0,0,65535_65535,1,6,87,907,1,1,1,20,907,28,1,1,allocated
653,1091,normal,0,0,65535_65535,1,7,87,862,0,1,0,19,0,28,1,1,pre_allocation
653,1091,normal,0,0,65535_65535,1,7,87,907,1,1,1,20,907,28,1,1,allocated
653,1091,normal,0,0,65535_65535,1,9,87,862,0,1,0,19,0,28,1,1,pre_allocation
653,1091,normal,0,0,65535_65535,1,9,87,907,1,1,1,20,907,28,1,1,allocated
653,1091,normal,0,0,65535_65535,1,10,87,862,0,1,0,19,0,28,1,1,pre_allocation
653,1091,normal,0,0,65535_65535,1,10,87,907,1,1,1,20,907,28,1,1,allocated
653,1091,normal,0,0,65535_65535,1,6,87,907,0,1,0,20,0,28,1,1,pre_allocation
653,1091,normal,0,0,65535_65535,1,6,87,953,1,1,1,21,953,28,1,1,allocated
653,1091,normal,0,0,65535_65535,1,7,87,907,0,1,0,20,0,28,1,1,pre_allocation
653,1091,normal,0,0,65535_65535,1,7,87,953,1,1,1,21,953,28,1,1,allocated
653,1091,normal,0,0,65535_65535,1,9,87,907,0,1,0,20,0,28,1,1,pre_allocation
653,1091,normal,0,0,65535_65535,1,9,87,953,1,1,1,21,953,28,1,1,allocated
653,1091,normal,0,0,65535_65535,1,10,87,907,0,1,0,20,0,28,1,1,pre_allocation
653,1091,normal,0,0,65535_65535,1,10,87,953,1,1,1,21,953,28,1,1,allocated
653,1091,normal,0,0,65535_65535,1,6,87,953,0,1,0,21,0,28,1,1,pre_allocation
653,1091,normal,0,0,65535_65535,1,6,87,998,1,1,1,22,998,28,1,1,allocated
653,1091,normal,0,0,65535_65535,1,7,87,953,0,1,0,21,0,28,1,1,pre_allocation
653,1091,normal,0,0,65535_65535,1,7,87,998,1,1,1,22,998,28,1,1,allocated
653,1091,normal,0,0,65535_65535,1,9,87,953,0,1,0,21,0,28,1,1,pre_allocation
653,1091,normal,0,0,65535_65535,1,9,87,998,1,1,1,22,998,28,1,1,allocated
653,1091,normal,0,0,65535_65535,1,10,87,953,0,1,0,21,0,28,1,1,pre_allocation
653,1091,normal,0,0,65535_65535,1,10,87,998,1,1,1,22,998,28,1,1,allocated
653,1091,normal,0,0,65535_65535,1,6,87,998,0,1,0,22,0,28,1,1,pre_allocation
653,1091,normal,0,0,65535_65535,1,6,87,1044,1,1,1,23,1044,28,1,1,allocated
653,1091,normal,0,0,65535_65535,1,7,87,998,0,1,0,22,0,28,1,1,pre_allocation
653,1091,normal,0,0,65535_65535,1,7,87,1044,1,1,1,23,1044,28,1,1,allocated
653,1091,normal,0,0,65535_65535,1,9,87,998,0,1,0,22,0,28,1,1,pre_allocation
653,1091,normal,0,0,65535_65535,1,9,87,1044,1,1,1,23,1044,28,1,1,allocated
653,1091,normal,0,0,65535_65535,1,10,87,998,0,1,0,22,0,28,1,1,pre_allocation
653,1091,normal,0,0,65535_65535,1,10,87,1044,1,1,1,23,1044,28,1,1,allocated
653,1091,normal,0,0,65535_65535,1,6,87,1044,0,1,0,23,0,28,1,1,pre_allocation
653,1091,normal,0,0,65535_65535,1,6,87,1089,1,1,1,24,1089,28,1,1,allocated
653,1091,normal,0,0,65535_65535,2,28,137,0,0,1,0,0,0,28,1,1,pre_allocation
653,1091,normal,0,0,65535_65535,2,28,137,42,1,1,1,1,42,28,1,1,allocated
653,1091,normal,0,0,65535_65535,2,27,137,0,0,1,0,0,0,28,1,1,pre_allocation
653,1091,normal,0,0,65535_65535,2,27,137,42,1,1,1,1,42,28,1,1,allocated
653,1091,normal,0,0,65535_65535,2,25,137,0,0,1,0,0,0,28,1,1,pre_allocation
653,1091,normal,0,0,65535_65535,2,25,137,42,1,1,1,1,42,28,1,1,allocated
653,1091,normal,0,0,65535_65535,2,24,137,0,0,1,0,0,0,28,1,1,pre_allocation
653,1091,normal,0,0,65535_65535,2,24,137,42,1,1,1,1,42,28,1,1,allocated
653,1091,normal,0,0,65535_65535,2,22,137,0,0,1,0,0,0,28,1,1,pre_allocation
653,1091,normal,0,0,65535_65535,2,22,137,42,1,1,1,1,42,28,1,1,allocated
653,1091,normal,0,0,65535_65535,2,21,137,0,0,1,0,0,0,28,1,1,pre_allocation
653,1091,normal,0,0,65535_65535,2,21,137,42,1,1,1,1,42,28,1,1,allocated
653,1091,normal,0,0,65535_65535,2,11,137,0,0,1,0,0,0,28,1,1,pre_allocation
653,1091,normal,0,0,65535_65535,2,11,137,42,1,1,1,1,42,28,1,1,allocated
653,1091,normal,0,0,65535_65535,2,12,137,0,0,1,0,0,0,28,1,1,pre_allocation
653,1091,normal,0,0,65535_65535,2,12,137,42,1,1,1,1,42,28,1,1,allocated
653,1091,normal,0,0,65535_65535,2,28,137,42,0,1,0,1,0,28,1,1,pre_allocation
653,1091,normal,0,0,65535_65535,2,28,137,88,1,1,1,2,88,28,1,1,allocated
653,1091,normal,0,0,65535_65535,2,27,137,42,0,1,0,1,0,28,1,1,pre_allocation
653,1091,normal,0,0,65535_65535,2,27,137,88,1,1,1,2,88,28,1,1,allocated
653,1091,normal,0,0,65535_65535,2,25,137,42,0,1,0,1,0,28,1,1,pre_allocation
653,1091,normal,0,0,65535_65535,2,25,137,88,1,1,1,2,88,28,1,1,allocated
653,1091,normal,0,0,65535_65535,2,24,137,42,0,1,0,1,0,28,1,1,pre_allocation
653,1091,normal,0,0,65535_65535,2,24,137,88,1,1,1,2,88,28,1,1,allocated
653,1091,normal,0,0,65535_65535,2,22,137,42,0,1,0,1,0,28,1,1,pre_allocation
653,1091,normal,0,0,65535_65535,2,22,137,88,1,1,1,2,88,28,1,1,allocated
653,1091,normal,0,0,65535_65535,2,21,137,42,0,1,0,1,0,28,1,1,pre_allocation
653,1091,normal,0,0,65535_65535,2,21,137,88,1,1,1,2,88,28,1,1,allocated
653,1091,normal,0,0,65535_65535,2,11,137,42,0,1,0,1,0,28,1,1,pre_allocation
653,1091,normal,0,0,65535_65535,2,11,137,88,1,1,1,2,88,28,1,1,allocated
653,1091,normal,0,0,65535_65535,2,12,137,42,0,1,0,1,0,28,1,1,pre_allocation
653,1091,normal,0,0,65535_65535,2,12,137,88,1,1,1,2,88,28,1,1,allocated
653,1091,normal,0,0,65535_65535,2,28,137,88,0,1,0,2,0,28,1,1,pre_allocation
653,1091,normal,0,0,65535_65535,2,28,137,133,1,1,1,3,133,28,1,1,allocated
653,1091,normal,0,0,65535_65535,2,27,137,88,0,1,0,2,0,28,1,1,pre_allocation
653,1091,normal,0,0,65535_65535,2,27,137,133,1,1,1,3,133,28,1,1,allocated
653,1091,normal,0,0,65535_65535,2,25,137,88,0,1,0,2,0,28,1,1,pre_allocation
653,1091,normal,0,0,65535_65535,2,25,137,133,1,1,1,3,133,28,1,1,allocated
653,1091,normal,0,0,65535_65535,2,24,137,88,0,1,0,2,0,28,1,1,pre_allocation
653,1091,normal,0,0,65535_65535,2,24,137,133,1,1,1,3,133,28,1,1,allocated
653,1091,normal,0,0,65535_65535,2,22,137,88,0,1,0,2,0,28,1,1,pre_allocation
653,1091,normal,0,0,65535_65535,2,22,137,133,1,1,1,3,133,28,1,1,allocated
653,1091,normal,0,0,65535_65535,2,21,137,88,0,1,0,2,0,28,1,1,pre_allocation
653,1091,normal,0,0,65535_65535,2,21,137,133,1,1,1,3,133,28,1,1,allocated
653,1091,normal,0,0,65535_65535,2,11,137,88,0,1,0,2,0,28,1,1,pre_allocation
653,1091,normal,0,0,65535_65535,2,11,137,133,1,1,1,3,133,28,1,1,allocated
653,1091,normal,0,0,65535_65535,2,12,137,88,0,1,0,2,0,28,1,1,pre_allocation
653,1091,normal,0,0,65535_65535,2,12,137,133,1,1,1,3,133,28,1,1,allocated
653,1091,normal,0,0,65535_65535,2,28,137,133,0,1,0,3,0,28,1,1,pre_allocation
653,1091,normal,0,0,65535_65535,2,28,137,179,1,1,1,4,179,28,1,1,allocated
653,1091,normal,0,0,65535_65535,2,27,137,133,0,1,0,3,0,28,1,1,pre_allocation
653,1091,normal,0,0,65535_65535,2,27,137,179,1,1,1,4,179,28,1,1,allocated
653,1091,normal,0,0,65535_65535,2,25,137,133,0,1,0,3,0,28,1,1,pre_allocation
653,1091,normal,0,0,65535_65535,2,25,137,179,1,1,1,4,179,28,1,1,allocated
653,1091,normal,0,0,65535_65535,2,24,137,133,0,1,0,3,0,28,1,1,pre_allocation
653,1091,normal,0,0,65535_65535,2,24,137,179,1,1,1,4,179,28,1,1,allocated
653,1091,normal,0,0,65535_65535,2,22,137,133,0,1,0,3,0,28,1,1,pre_allocation
653,1091,normal,0,0,65535_65535,2,22,137,179,1,1,1,4,179,28,1,1,allocated
653,1091,normal,0,0,65535_65535,2,21,137,133,0,1,0,3,0,28,1,1,pre_allocation
653,1091,normal,0,0,65535_65535,2,21,137,179,1,1,1,4,179,28,1,1,allocated
653,1091,normal,0,0,65535_65535,2,11,137,133,0,1,0,3,0,28,1,1,pre_allocation
653,1091,normal,0,0,65535_65535,2,11,137,179,1,1,1,4,179,28,1,1,allocated
653,1091,normal,0,0,65535_65535,2,12,137,133,0,1,0,3,0,28,1,1,pre_allocation
653,1091,normal,0,0,65535_65535,2,12,137,179,1,1,1,4,179,28,1,1,allocated
653,1091,normal,0,0,65535_65535,2,28,137,179,0,1,0,4,0,28,1,1,pre_allocation
653,1091,normal,0,0,65535_65535,2,28,137,224,1,1,1,5,224,28,1,1,allocated
653,1091,normal,0,0,65535_65535,2,27,137,179,0,1,0,4,0,28,1,1,pre_allocation
653,1091,normal,0,0,65535_65535,2,27,137,224,1,1,1,5,224,28,1,1,allocated
653,1091,normal,0,0,65535_65535,2,25,137,179,0,1,0,4,0,28,1,1,pre_allocation
653,1091,normal,0,0,65535_65535,2,25,137,224,1,1,1,5,224,28,1,1,allocated
653,1091,normal,0,0,65535_65535,2,24,137,179,0,1,0,4,0,28,1,1,pre_allocation
653,1091,normal,0,0,65535_65535,2,24,137,224,1,1,1,5,224,28,1,1,allocated
653,1091,normal,0,0,65535_65535,2,22,137,179,0,1,0,4,0,28,1,1,pre_allocation
653,1091,normal,0,0,65535_65535,2,22,137,224,1,1,1,5,224,28,1,1,allocated
653,1091,normal,0,0,65535_65535,2,21,137,179,0,1,0,4,0,28,1,1,pre_allocation
653,1091,normal,0,0,65535_65535,2,21,137,224,1,1,1,5,224,28,1,1,allocated
653,1091,normal,0,0,65535_65535,2,11,137,179,0,1,0,4,0,28,1,1,pre_allocation
653,1091,normal,0,0,65535_65535,2,11,137,224,1,1,1,5,224,28,1,1,allocated
653,1091,normal,0,0,65535_65535,2,12,137,179,0,1,0,4,0,28,1,1,pre_allocation
653,1091,normal,0,0,65535_65535,2,12,137,224,1,1,1,5,224,28,1,1,allocated
653,1091,normal,0,0,65535_65535,2,28,137,224,0,1,0,5,0,28,1,1,pre_allocation
653,1091,normal,0,0,65535_65535,2,28,137,270,1,1,1,6,270,28,1,1,allocated
653,1091,normal,0,0,65535_65535,2,27,137,224,0,1,0,5,0,28,1,1,pre_allocation
653,1091,normal,0,0,65535_65535,2,27,137,270,1,1,1,6,270,28,1,1,allocated
653,1091,normal,0,0,65535_65535,2,25,137,224,0,1,0,5,0,28,1,1,pre_allocation
653,1091,normal,0,0,65535_65535,2,25,137,270,1,1,1,6,270,28,1,1,allocated
653,1091,normal,0,0,65535_65535,2,24,137,224,0,1,0,5,0,28,1,1,pre_allocation
653,1091,normal,0,0,65535_65535,2,24,137,270,1,1,1,6,270,28,1,1,allocated
653,1091,normal,0,0,65535_65535,2,22,137,224,0,1,0,5,0,28,1,1,pre_allocation
653,1091,normal,0,0,65535_65535,2,22,137,270,1,1,1,6,270,28,1,1,allocated
653,1091,normal,0,0,65535_65535,2,21,137,224,0,1,0,5,0,28,1,1,pre_allocation
653,1091,normal,0,0,65535_65535,2,21,137,270,1,1,1,6,270,28,1,1,allocated
653,1091,normal,0,0,65535_65535,2,11,137,224,0,1,0,5,0,28,1,1,pre_allocation
653,1091,normal,0,0,65535_65535,2,11,137,270,1,1,1,6,270,28,1,1,allocated
653,1091,normal,0,0,65535_65535,2,12,137,224,0,1,0,5,0,28,1,1,pre_allocation
653,1091,normal,0,0,65535_65535,2,12,137,270,1,1,1,6,270,28,1,1,allocated
653,1091,normal,0,0,65535_65535,2,28,137,270,0,1,0,6,0,28,1,1,pre_allocation
653,1091,normal,0,0,65535_65535,2,28,137,315,1,1,1,7,315,28,1,1,allocated
653,1091,normal,0,0,65535_65535,2,27,137,270,0,1,0,6,0,28,1,1,pre_allocation
653,1091,normal,0,0,65535_65535,2,27,137,315,1,1,1,7,315,28,1,1,allocated
653,1091,normal,0,0,65535_65535,2,25,137,270,0,1,0,6,0,28,1,1,pre_allocation
653,1091,normal,0,0,65535_65535,2,25,137,315,1,1,1,7,315,28,1,1,allocated
653,1091,normal,0,0,65535_65535,2,24,137,270,0,1,0,6,0,28,1,1,pre_allocation
653,1091,normal,0,0,65535_65535,2,24,137,315,1,1,1,7,315,28,1,1,allocated
653,1091,normal,0,0,65535_65535,2,22,137,270,0,1,0,6,0,28,1,1,pre_allocation
653,1091,normal,0,0,65535_65535,2,22,137,315,1,1,1,7,315,28,1,1,allocated
653,1091,normal,0,0,65535_65535,2,21,137,270,0,1,0,6,0,28,1,1,pre_allocation
653,1091,normal,0,0,65535_65535,2,21,137,315,1,1,1,7,315,28,1,1,allocated
653,1091,normal,0,0,65535_65535,2,11,137,270,0,1,0,6,0,28,1,1,pre_allocation
653,1091,normal,0,0,65535_65535,2,11,137,315,1,1,1,7,315,28,1,1,allocated
653,1091,normal,0,0,65535_65535,2,12,137,270,0,1,0,6,0,28,1,1,pre_allocation
653,1091,normal,0,0,65535_65535,2,12,137,315,1,1,1,7,315,28,1,1,allocated
653,1091,normal,0,0,65535_65535,2,28,137,315,0,1,0,7,0,28,1,1,pre_allocation
653,1091,normal,0,0,65535_65535,2,28,137,361,1,1,1,8,361,28,1,1,allocated
653,1091,normal,0,0,65535_65535,2,27,137,315,0,1,0,7,0,28,1,1,pre_allocation
653,1091,normal,0,0,65535_65535,2,27,137,361,1,1,1,8,361,28,1,1,allocated
653,1091,normal,0,0,65535_65535,2,25,137,315,0,1,0,7,0,28,1,1,pre_allocation
653,1091,normal,0,0,65535_65535,2,25,137,361,1,1,1,8,361,28,1,1,allocated
653,1091,normal,0,0,65535_65535,2,24,137,315,0,1,0,7,0,28,1,1,pre_allocation
653,1091,normal,0,0,65535_65535,2,24,137,361,1,1,1,8,361,28,1,1,allocated
653,1091,normal,0,0,65535_65535,2,22,137,315,0,1,0,7,0,28,1,1,pre_allocation
653,1091,normal,0,0,65535_65535,2,22,137,361,1,1,1,8,361,28,1,1,allocated
653,1091,normal,0,0,65535_65535,2,21,137,315,0,1,0,7,0,28,1,1,pre_allocation
653,1091,normal,0,0,65535_65535,2,21,137,361,1,1,1,8,361,28,1,1,allocated
653,1091,normal,0,0,65535_65535,2,11,137,315,0,1,0,7,0,28,1,1,pre_allocation
653,1091,normal,0,0,65535_65535,2,11,137,361,1,1,1,8,361,28,1,1,allocated
653,1091,normal,0,0,65535_65535,2,12,137,315,0,1,0,7,0,28,1,1,pre_allocation
653,1091,normal,0,0,65535_65535,2,12,137,361,1,1,1,8,361,28,1,1,allocated
653,1091,normal,0,0,65535_65535,2,28,137,361,0,1,0,8,0,28,1,1,pre_allocation
653,1091,normal,0,0,65535_65535,2,28,137,406,1,1,1,9,406,28,1,1,allocated
653,1091,normal,0,0,65535_65535,2,27,137,361,0,1,0,8,0,28,1,1,pre_allocation
653,1091,normal,0,0,65535_65535,2,27,137,406,1,1,1,9,406,28,1,1,allocated
653,1091,normal,0,0,65535_65535,2,25,137,361,0,1,0,8,0,28,1,1,pre_allocation
653,1091,normal,0,0,65535_65535,2,25,137,406,1,1,1,9,406,28,1,1,allocated
653,1091,normal,0,0,65535_65535,2,24,137,361,0,1,0,8,0,28,1,1,pre_allocation
653,1091,normal,0,0,65535_65535,2,24,137,406,1,1,1,9,406,28,1,1,allocated
653,1091,normal,0,0,65535_65535,2,22,137,361,0,1,0,8,0,28,1,1,pre_allocation
653,1091,normal,0,0,65535_65535,2,22,137,406,1,1,1,9,406,28,1,1,allocated
653,1091,normal,0,0,65535_65535,2,21,137,361,0,1,0,8,0,28,1,1,pre_allocation
653,1091,normal,0,0,65535_65535,2,21,137,406,1,1,1,9,406,28,1,1,allocated
653,1091,normal,0,0,65535_65535,2,11,137,361,0,1,0,8,0,28,1,1,pre_allocation
653,1091,normal,0,0,65535_65535,2,11,137,406,1,1,1,9,406,28,1,1,allocated
653,1091,normal,0,0,65535_65535,2,12,137,361,0,1,0,8,0,28,1,1,pre_allocation
653,1091,normal,0,0,65535_65535,2,12,137,406,1,1,1,9,406,28,1,1,allocated
653,1091,normal,0,0,65535_65535,2,28,137,406,0,1,0,9,0,28,1,1,pre_allocation
653,1091,normal,0,0,65535_65535,2,28,137,452,1,1,1,10,452,28,1,1,allocated
653,1091,normal,0,0,65535_65535,2,27,137,406,0,1,0,9,0,28,1,1,pre_allocation
653,1091,normal,0,0,65535_65535,2,27,137,452,1,1,1,10,452,28,1,1,allocated
653,1091,normal,0,0,65535_65535,2,25,137,406,0,1,0,9,0,28,1,1,pre_allocation
653,1091,normal,0,0,65535_65535,2,25,137,452,1,1,1,10,452,28,1,1,allocated
653,1091,normal,0,0,65535_65535,2,24,137,406,0,1,0,9,0,28,1,1,pre_allocation
653,1091,normal,0,0,65535_65535,2,24,137,452,1,1,1,10,452,28,1,1,allocated
653,1091,normal,0,0,65535_65535,2,22,137,406,0,1,0,9,0,28,1,1,pre_allocation
653,1091,normal,0,0,65535_65535,2,22,137,452,1,1,1,10,452,28,1,1,allocated
653,1091,normal,0,0,65535_65535,2,21,137,406,0,1,0,9,0,28,1,1,pre_allocation
653,1091,normal,0,0,65535_65535,2,21,137,452,1,1,1,10,452,28,1,1,allocated
653,1091,normal,0,0,65535_65535,2,11,137,406,0,1,0,9,0,28,1,1,pre_allocation
653,1091,normal,0,0,65535_65535,2,11,137,452,1,1,1,10,452,28,1,1,allocated
653,1091,normal,0,0,65535_65535,2,12,137,406,0,1,0,9,0,28,1,1,pre_allocation
653,1091,normal,0,0,65535_65535,2,12,137,452,1,1,1,10,452,28,1,1,allocated
653,1091,normal,0,0,65535_65535,2,28,137,452,0,1,0,10,0,28,1,1,pre_allocation
653,1091,normal,0,0,65535_65535,2,28,137,497,1,1,1,11,497,28,1,1,allocated
653,1091,normal,0,0,65535_65535,2,27,137,452,0,1,0,10,0,28,1,1,pre_allocation
653,1091,normal,0,0,65535_65535,2,27,137,497,1,1,1,11,497,28,1,1,allocated
653,1091,normal,0,0,65535_65535,2,25,137,452,0,1,0,10,0,28,1,1,pre_allocation
653,1091,normal,0,0,65535_65535,2,25,137,497,1,1,1,11,497,28,1,1,allocated
653,1091,normal,0,0,65535_65535,2,24,137,452,0,1,0,10,0,28,1,1,pre_allocation
653,1091,normal,0,0,65535_65535,2,24,137,497,1,1,1,11,497,28,1,1,allocated
653,1091,normal,0,0,65535_65535,2,22,137,452,0,1,0,10,0,28,1,1,pre_allocation
653,1091,normal,0,0,65535_65535,2,22,137,497,1,1,1,11,497,28,1,1,allocated
653,1091,normal,0,0,65535_65535,2,21,137,452,0,1,0,10,0,28,1,1,pre_allocation
653,1091,normal,0,0,65535_65535,2,21,137,497,1,1,1,11,497,28,1,1,allocated
653,1091,normal,0,0,65535_65535,2,11,137,452,0,1,0,10,0,28,1,1,pre_allocation
653,1091,normal,0,0,65535_65535,2,11,137,497,1,1,1,11,497,28,1,1,allocated
653,1091,normal,0,0,65535_65535,2,12,137,452,0,1,0,10,0,28,1,1,pre_allocation
653,1091,normal,0,0,65535_65535,2,12,137,497,1,1,1,11,497,28,1,1,allocated
653,1091,normal,0,0,65535_65535,2,28,137,497,0,1,0,11,0,28,1,1,pre_allocation
653,1091,normal,0,0,65535_65535,2,28,137,543,1,1,1,12,543,28,1,1,allocated
653,1091,normal,0,0,65535_65535,2,27,137,497,0,1,0,11,0,28,1,1,pre_allocation
653,1091,normal,0,0,65535_65535,2,27,137,543,1,1,1,12,543,28,1,1,allocated
653,1091,normal,0,0,65535_65535,2,25,137,497,0,1,0,11,0,28,1,1,pre_allocation
653,1091,normal,0,0,65535_65535,2,25,137,543,1,1,1,12,543,28,1,1,allocated
653,1091,normal,0,0,65535_65535,2,24,137,497,0,1,0,11,0,28,1,1,pre_allocation
653,1091,normal,0,0,65535_65535,2,24,137,543,1,1,1,12,543,28,1,1,allocated
653,1091,normal,0,0,65535_65535,2,22,137,497,0,1,0,11,0,28,1,1,pre_allocation
653,1091,normal,0,0,65535_65535,2,22,137,543,1,1,1,12,543,28,1,1,allocated
653,1091,normal,0,0,65535_65535,2,21,137,497,0,1,0,11,0,28,1,1,pre_allocation
653,1091,normal,0,0,65535_65535,2,21,137,543,1,1,1,12,543,28,1,1,allocated
653,1091,normal,0,0,65535_65535,2,11,137,497,0,1,0,11,0,28,1,1,pre_allocation
653,1091,normal,0,0,65535_65535,2,11,137,543,1,1,1,12,543,28,1,1,allocated
653,1091,normal,0,0,65535_65535,2,12,137,497,0,1,0,11,0,28,1,1,pre_allocation
653,1091,normal,0,0,65535_65535,2,12,137,543,1,1,1,12,543,28,1,1,allocated
653,1091,normal,0,0,65535_65535,2,28,137,543,0,1,0,12,0,28,1,1,pre_allocation
653,1091,normal,0,0,65535_65535,2,28,137,589,1,1,1,13,589,28,1,1,allocated
653,1091,normal,0,0,65535_65535,2,27,137,543,0,1,0,12,0,28,1,1,pre_allocation
653,1091,normal,0,0,65535_65535,2,27,137,589,1,1,1,13,589,28,1,1,allocated
653,1091,normal,0,0,65535_65535,2,25,137,543,0,1,0,12,0,28,1,1,pre_allocation
653,1091,normal,0,0,65535_65535,2,25,137,589,1,1,1,13,589,28,1,1,allocated
653,1091,normal,0,0,65535_65535,2,24,137,543,0,1,0,12,0,28,1,1,pre_allocation
653,1091,normal,0,0,65535_65535,2,24,137,589,1,1,1,13,589,28,1,1,allocated
653,1091,normal,0,0,65535_65535,2,22,137,543,0,1,0,12,0,28,1,1,pre_allocation
653,1091,normal,0,0,65535_65535,2,22,137,589,1,1,1,13,589,28,1,1,allocated
653,1091,normal,0,0,65535_65535,2,21,137,543,0,1,0,12,0,28,1,1,pre_allocation
653,1091,normal,0,0,65535_65535,2,21,137,589,1,1,1,13,589,28,1,1,allocated
653,1091,normal,0,0,65535_65535,2,11,137,543,0,1,0,12,0,28,1,1,pre_allocation
653,1091,normal,0,0,65535_65535,2,11,137,589,1,1,1,13,589,28,1,1,allocated
653,1091,normal,0,0,65535_65535,2,12,137,543,0,1,0,12,0,28,1,1,pre_allocation
653,1091,normal,0,0,65535_65535,2,12,137,589,1,1,1,13,589,28,1,1,allocated
653,1091,normal,0,0,65535_65535,2,28,137,589,0,1,0,13,0,28,1,1,pre_allocation
653,1091,normal,0,0,65535_65535,2,28,137,634,1,1,1,14,634,28,1,1,allocated
653,1091,normal,0,0,65535_65535,2,27,137,589,0,1,0,13,0,28,1,1,pre_allocation
653,1091,normal,0,0,65535_65535,2,27,137,634,1,1,1,14,634,28,1,1,allocated
653,1091,normal,0,0,65535_65535,2,25,137,589,0,1,0,13,0,28,1,1,pre_allocation
653,1091,normal,0,0,65535_65535,2,25,137,634,1,1,1,14,634,28,1,1,allocated
653,1091,normal,0,0,65535_65535,2,24,137,589,0,1,0,13,0,28,1,1,pre_allocation
653,1091,normal,0,0,65535_65535,2,24,137,634,1,1,1,14,634,28,1,1,allocated
653,1091,normal,0,0,65535_65535,2,22,137,589,0,1,0,13,0,28,1,1,pre_allocation
653,1091,normal,0,0,65535_65535,2,22,137,634,1,1,1,14,634,28,1,1,allocated
653,1091,normal,0,0,65535_65535,2,21,137,589,0,1,0,13,0,28,1,1,pre_allocation
653,1091,normal,0,0,65535_65535,2,21,137,634,1,1,1,14,634,28,1,1,allocated
653,1091,normal,0,0,65535_65535,2,11,137,589,0,1,0,13,0,28,1,1,pre_allocation
653,1091,normal,0,0,65535_65535,2,11,137,634,1,1,1,14,634,28,1,1,allocated
653,1091,normal,0,0,65535_65535,2,12,137,589,0,1,0,13,0,28,1,1,pre_allocation
653,1091,normal,0,0,65535_65535,2,12,137,634,1,1,1,14,634,28,1,1,allocated
653,1091,normal,0,0,65535_65535,2,28,137,634,0,1,0,14,0,28,1,1,pre_allocation
653,1091,normal,0,0,65535_65535,2,28,137,680,1,1,1,15,680,28,1,1,allocated
653,1091,normal,0,0,65535_65535,2,27,137,634,0,1,0,14,0,28,1,1,pre_allocation
653,1091,normal,0,0,65535_65535,2,27,137,680,1,1,1,15,680,28,1,1,allocated
653,1091,normal,0,0,65535_65535,2,25,137,634,0,1,0,14,0,28,1,1,pre_allocation
653,1091,normal,0,0,65535_65535,2,25,137,680,1,1,1,15,680,28,1,1,allocated
653,1091,normal,0,0,65535_65535,2,24,137,634,0,1,0,14,0,28,1,1,pre_allocation
653,1091,normal,0,0,65535_65535,2,24,137,680,1,1,1,15,680,28,1,1,allocated
653,1091,normal,0,0,65535_65535,2,22,137,634,0,1,0,14,0,28,1,1,pre_allocation
653,1091,normal,0,0,65535_65535,2,22,137,680,1,1,1,15,680,28,1,1,allocated
653,1091,normal,0,0,65535_65535,2,21,137,634,0,1,0,14,0,28,1,1,pre_allocation
653,1091,normal,0,0,65535_65535,2,21,137,680,1,1,1,15,680,28,1,1,allocated
653,1091,normal,0,0,65535_65535,2,11,137,634,0,1,0,14,0,28,1,1,pre_allocation
653,1091,normal,0,0,65535_65535,2,11,137,680,1,1,1,15,680,28,1,1,allocated
653,1091,normal,0,0,65535_65535,2,12,137,634,0,1,0,14,0,28,1,1,pre_allocation
653,1091,normal,0,0,65535_65535,2,12,137,680,1,1,1,15,680,28,1,1,allocated
653,1091,normal,0,0,65535_65535,2,28,137,680,0,1,0,15,0,28,1,1,pre_allocation
653,1091,normal,0,0,65535_65535,2,28,137,725,1,1,1,16,725,28,1,1,allocated
653,1091,normal,0,0,65535_65535,2,27,137,680,0,1,0,15,0,28,1,1,pre_allocation
653,1091,normal,0,0,65535_65535,2,27,137,725,1,1,1,16,725,28,1,1,allocated
653,1091,normal,0,0,65535_65535,2,25,137,680,0,1,0,15,0,28,1,1,pre_allocation
653,1091,normal,0,0,65535_65535,2,25,137,725,1,1,1,16,725,28,1,1,allocated
653,1091,normal,0,0,65535_65535,2,24,137,680,0,1,0,15,0,28,1,1,pre_allocation
653,1091,normal,0,0,65535_65535,2,24,137,725,1,1,1,16,725,28,1,1,allocated
653,1091,normal,0,0,65535_65535,2,22,137,680,0,1,0,15,0,28,1,1,pre_allocation
653,1091,normal,0,0,65535_65535,2,22,137,725,1,1,1,16,725,28,1,1,allocated
653,1091,normal,0,0,65535_65535,2,21,137,680,0,1,0,15,0,28,1,1,pre_allocation
653,1091,normal,0,0,65535_65535,2,21,137,725,1,1,1,16,725,28,1,1,allocated
653,1091,normal,0,0,65535_65535,2,11,137,680,0,1,0,15,0,28,1,1,pre_allocation
653,1091,normal,0,0,65535_65535,2,11,137,725,1,1,1,16,725,28,1,1,allocated
653,1091,normal,0,0,65535_65535,2,12,137,680,0,1,0,15,0,28,1,1,pre_allocation
653,1091,normal,0,0,65535_65535,2,12,137,725,1,1,1,16,725,28,1,1,allocated
653,1091,normal,0,0,65535_65535,2,28,137,725,0,1,0,16,0,28,1,1,pre_allocation
653,1091,normal,0,0,65535_65535,2,28,137,771,1,1,1,17,771,28,1,1,allocated
765,1189,normal,0,0,65535_65535,0,1,15421,0,0,1,0,0,0,28,1,1,pre_allocation
765,1189,normal,0,0,65535_65535,0,1,15421,42,1,1,1,1,42,28,1,1,allocated
765,1189,normal,0,0,65535_65535,0,2,12518,0,0,1,0,0,0,28,1,1,pre_allocation
765,1189,normal,0,0,65535_65535,0,2,12518,42,1,1,1,1,42,28,1,1,allocated
765,1189,normal,0,0,65535_65535,0,3,12186,0,0,1,0,0,0,28,1,1,pre_allocation
765,1189,normal,0,0,65535_65535,0,3,12186,42,1,1,1,1,42,28,1,1,allocated
765,1189,normal,0,0,65535_65535,0,4,12383,0,0,1,0,0,0,28,1,1,pre_allocation
765,1189,normal,0,0,65535_65535,0,4,12383,42,1,1,1,1,42,28,1,1,allocated
765,1189,normal,0,0,65535_65535,0,5,12573,0,0,1,0,0,0,28,1,1,pre_allocation
765,1189,normal,0,0,65535_65535,0,5,12573,42,1,1,1,1,42,28,1,1,allocated
765,1189,normal,0,0,65535_65535,0,1,15421,42,0,1,0,1,0,28,1,1,pre_allocation
765,1189,normal,0,0,65535_65535,0,1,15421,88,1,1,1,2,88,28,1,1,allocated
765,1189,normal,0,0,65535_65535,0,2,12518,42,0,1,0,1,0,28,1,1,pre_allocation
765,1189,normal,0,0,65535_65535,0,2,12518,88,1,1,1,2,88,28,1,1,allocated
765,1189,normal,0,0,65535_65535,0,3,12186,42,0,1,0,1,0,28,1,1,pre_allocation
765,1189,normal,0,0,65535_65535,0,3,12186,88,1,1,1,2,88,28,1,1,allocated
765,1189,normal,0,0,65535_65535,0,4,12383,42,0,1,0,1,0,28,1,1,pre_allocation
765,1189,normal,0,0,65535_65535,0,4,12383,88,1,1,1,2,88,28,1,1,allocated
765,1189,normal,0,0,65535_65535,0,5,12573,42,0,1,0,1,0,28,1,1,pre_allocation
765,1189,normal,0,0,65535_65535,0,5,12573,88,1,1,1,2,88,28,1,1,allocated
765,1189,normal,0,0,65535_65535,0,1,15421,88,0,1,0,2,0,28,1,1,pre_allocation
765,1189,normal,0,0,65535_65535,0,1,15421,133,1,1,1,3,133,28,1,1,allocated
765,1189,normal,0,0,65535_65535,0,2,12518,88,0,1,0,2,0,28,1,1,pre_allocation
765,1189,normal,0,0,65535_65535,0,2,12518,133,1,1,1,3,133,28,1,1,allocated
765,1189,normal,0,0,65535_65535,0,3,12186,88,0,1,0,2,0,28,1,1,pre_allocation
765,1189,normal,0,0,65535_65535,0,3,12186,133,1,1,1,3,133,28,1,1,allocated
765,1189,normal,0,0,65535_65535,0,4,12383,88,0,1,0,2,0,28,1,1,pre_allocation
765,1189,normal,0,0,65535_65535,0,4,12383,133,1,1,1,3,133,28,1,1,allocated
765,1189,normal,0,0,65535_65535,0,5,12573,88,0,1,0,2,0,28,1,1,pre_allocation
765,1189,normal,0,0,65535_65535,0,5,12573,133,1,1,1,3,133,28,1,1,allocated
765,1189,normal,0,0,65535_65535,0,1,15421,133,0,1,0,3,0,28,1,1,pre_allocation
765,1189,normal,0,0,65535_65535,0,1,15421,179,1,1,1,4,179,28,1,1,allocated
765,1189,normal,0,0,65535_65535,0,2,12518,133,0,1,0,3,0,28,1,1,pre_allocation
765,1189,normal,0,0,65535_65535,0,2,12518,179,1,1,1,4,179,28,1,1,allocated
765,1189,normal,0,0,65535_65535,0,3,12186,133,0,1,0,3,0,28,1,1,pre_allocation
765,1189,normal,0,0,65535_65535,0,3,12186,179,1,1,1,4,179,28,1,1,allocated
765,1189,normal,0,0,65535_65535,0,4,12383,133,0,1,0,3,0,28,1,1,pre_allocation
765,1189,normal,0,0,65535_65535,0,4,12383,179,1,1,1,4,179,28,1,1,allocated
765,1189,normal,0,0,65535_65535,0,5,12573,133,0,1,0,3,0,28,1,1,pre_allocation
765,1189,normal,0,0,65535_65535,0,5,12573,179,1,1,1,4,179,28,1,1,allocated
765,1189,normal,0,0,65535_65535,0,1,15421,179,0,1,0,4,0,28,1,1,pre_allocation
765,1189,normal,0,0,65535_65535,0,1,15421,224,1,1,1,5,224,28,1,1,allocated
765,1189,normal,0,0,65535_65535,0,2,12518,179,0,1,0,4,0,28,1,1,pre_allocation
765,1189,normal,0,0,65535_65535,0,2,12518,224,1,1,1,5,224,28,1,1,allocated
765,1189,normal,0,0,65535_65535,0,3,12186,179,0,1,0,4,0,28,1,1,pre_allocation
765,1189,normal,0,0,65535_65535,0,3,12186,224,1,1,1,5,224,28,1,1,allocated
765,1189,normal,0,0,65535_65535,0,4,12383,179,0,1,0,4,0,28,1,1,pre_allocation
765,1189,normal,0,0,65535_65535,0,4,12383,224,1,1,1,5,224,28,1,1,allocated
765,1189,normal,0,0,65535_65535,0,5,12573,179,0,1,0,4,0,28,1,1,pre_allocation
765,1189,normal,0,0,65535_65535,0,5,12573,224,1,1,1,5,224,28,1,1,allocated
765,1189,normal,0,0,65535_65535,0,1,15421,224,0,1,0,5,0,28,1,1,pre_allocation
765,1189,normal,0,0,65535_65535,0,1,15421,270,1,1,1,6,270,28,1,1,allocated
765,1189,normal,0,0,65535_65535,0,2,12518,224,0,1,0,5,0,28,1,1,pre_allocation
765,1189,normal,0,0,65535_65535,0,2,12518,270,1,1,1,6,270,28,1,1,allocated
765,1189,normal,0,0,65535_65535,0,3,12186,224,0,1,0,5,0,28,1,1,pre_allocation
765,1189,normal,0,0,65535_65535,0,3,12186,270,1,1,1,6,270,28,1,1,allocated
765,1189,normal,0,0,65535_65535,0,4,12383,224,0,1,0,5,0,28,1,1,pre_allocation
765,1189,normal,0,0,65535_65535,0,4,12383,270,1,1,1,6,270,28,1,1,allocated
765,1189,normal,0,0,65535_65535,0,5,12573,224,0,1,0,5,0,28,1,1,pre_allocation
765,1189,normal,0,0,65535_65535,0,5,12573,270,1,1,1,6,270,28,1,1,allocated
765,1189,normal,0,0,65535_65535,0,1,15421,270,0,1,0,6,0,28,1,1,pre_allocation
765,1189,normal,0,0,65535_65535,0,1,15421,315,1,1,1,7,315,28,1,1,allocated
765,1189,normal,0,0,65535_65535,0,2,12518,270,0,1,0,6,0,28,1,1,pre_allocation
765,1189,normal,0,0,65535_65535,0,2,12518,315,1,1,1,7,315,28,1,1,allocated
765,1189,normal,0,0,65535_65535,0,3,12186,270,0,1,0,6,0,28,1,1,pre_allocation
765,1189,normal,0,0,65535_65535,0,3,12186,315,1,1,1,7,315,28,1,1,allocated
765,1189,normal,0,0,65535_65535,0,4,12383,270,0,1,0,6,0,28,1,1,pre_allocation
765,1189,normal,0,0,65535_65535,0,4,12383,315,1,1,1,7,315,28,1,1,allocated
765,1189,normal,0,0,65535_65535,0,5,12573,270,0,1,0,6,0,28,1,1,pre_allocation
765,1189,normal,0,0,65535_65535,0,5,12573,315,1,1,1,7,315,28,1,1,allocated
765,1189,normal,0,0,65535_65535,0,1,15421,315,0,1,0,7,0,28,1,1,pre_allocation
765,1189,normal,0,0,65535_65535,0,1,15421,361,1,1,1,8,361,28,1,1,allocated
765,1189,normal,0,0,65535_65535,0,2,12518,315,0,1,0,7,0,28,1,1,pre_allocation
765,1189,normal,0,0,65535_65535,0,2,12518,361,1,1,1,8,361,28,1,1,allocated
765,1189,normal,0,0,65535_65535,0,3,12186,315,0,1,0,7,0,28,1,1,pre_allocation
765,1189,normal,0,0,65535_65535,0,3,12186,361,1,1,1,8,361,28,1,1,allocated
765,1189,normal,0,0,65535_65535,0,4,12383,315,0,1,0,7,0,28,1,1,pre_allocation
765,1189,normal,0,0,65535_65535,0,4,12383,361,1,1,1,8,361,28,1,1,allocated
765,1189,normal,0,0,65535_65535,0,5,12573,315,0,1,0,7,0,28,1,1,pre_allocation
765,1189,normal,0,0,65535_65535,0,5,12573,361,1,1,1,8,361,28,1,1,allocated
765,1189,normal,0,0,65535_65535,0,1,15421,361,0,1,0,8,0,28,1,1,pre_allocation
765,1189,normal,0,0,65535_65535,0,1,15421,406,1,1,1,9,406,28,1,1,allocated
765,1189,normal,0,0,65535_65535,0,2,12518,361,0,1,0,8,0,28,1,1,pre_allocation
765,1189,normal,0,0,65535_65535,0,2,12518,406,1,1,1,9,406,28,1,1,allocated
765,1189,normal,0,0,65535_65535,0,3,12186,361,0,1,0,8,0,28,1,1,pre_allocation
765,1189,normal,0,0,65535_65535,0,3,12186,406,1,1,1,9,406,28,1,1,allocated
765,1189,normal,0,0,65535_65535,0,4,12383,361,0,1,0,8,0,28,1,1,pre_allocation
765,1189,normal,0,0,65535_65535,0,4,12383,406,1,1,1,9,406,28,1,1,allocated
765,1189,normal,0,0,65535_65535,0,5,12573,361,0,1,0,8,0,28,1,1,pre_allocation
765,1189,normal,0,0,65535_65535,0,5,12573,406,1,1,1,9,406,28,1,1,allocated
765,1189,normal,0,0,65535_65535,0,1,15421,406,0,1,0,9,0,28,1,1,pre_allocation
765,1189,normal,0,0,65535_65535,0,1,15421,452,1,1,1,10,452,28,1,1,allocated
765,1189,normal,0,0,65535_65535,0,2,12518,406,0,1,0,9,0,28,1,1,pre_allocation
765,1189,normal,0,0,65535_65535,0,2,12518,452,1,1,1,10,452,28,1,1,allocated
765,1189,normal,0,0,65535_65535,0,3,12186,406,0,1,0,9,0,28,1,1,pre_allocation
765,1189,normal,0,0,65535_65535,0,3,12186,452,1,1,1,10,452,28,1,1,allocated
765,1189,normal,0,0,65535_65535,0,4,12383,406,0,1,0,9,0,28,1,1,pre_allocation
765,1189,normal,0,0,65535_65535,0,4,12383,452,1,1,1,10,452,28,1,1,allocated
765,1189,normal,0,0,65535_65535,0,5,12573,406,0,1,0,9,0,28,1,1,pre_allocation
765,1189,normal,0,0,65535_65535,0,5,12573,452,1,1,1,10,452,28,1,1,allocated
765,1189,normal,0,0,65535_65535,0,1,15421,452,0,1,0,10,0,28,1,1,pre_allocation
765,1189,normal,0,0,65535_65535,0,1,15421,497,1,1,1,11,497,28,1,1,allocated
765,1189,normal,0,0,65535_65535,0,2,12518,452,0,1,0,10,0,28,1,1,pre_allocation
765,1189,normal,0,0,65535_65535,0,2,12518,497,1,1,1,11,497,28,1,1,allocated
765,1189,normal,0,0,65535_65535,0,3,12186,452,0,1,0,10,0,28,1,1,pre_allocation
765,1189,normal,0,0,65535_65535,0,3,12186,497,1,1,1,11,497,28,1,1,allocated
765,1189,normal,0,0,65535_65535,0,4,12383,452,0,1,0,10,0,28,1,1,pre_allocation
765,1189,normal,0,0,65535_65535,0,4,12383,497,1,1,1,11,497,28,1,1,allocated
765,1189,normal,0,0,65535_65535,0,5,12573,452,0,1,0,10,0,28,1,1,pre_allocation
765,1189,normal,0,0,65535_65535,0,5,12573,497,1,1,1,11,497,28,1,1,allocated
765,1189,normal,0,0,65535_65535,0,1,15421,497,0,1,0,11,0,28,1,1,pre_allocation
765,1189,normal,0,0,65535_65535,0,1,15421,543,1,1,1,12,543,28,1,1,allocated
765,1189,normal,0,0,65535_65535,0,2,12518,497,0,1,0,11,0,28,1,1,pre_allocation
765,1189,normal,0,0,65535_65535,0,2,12518,543,1,1,1,12,543,28,1,1,allocated
765,1189,normal,0,0,65535_65535,0,3,12186,497,0,1,0,11,0,28,1,1,pre_allocation
765,1189,normal,0,0,65535_65535,0,3,12186,543,1,1,1,12,543,28,1,1,allocated
765,1189,normal,0,0,65535_65535,0,4,12383,497,0,1,0,11,0,28,1,1,pre_allocation
765,1189,normal,0,0,65535_65535,0,4,12383,543,1,1,1,12,543,28,1,1,allocated
765,1189,normal,0,0,65535_65535,0,5,12573,497,0,1,0,11,0,28,1,1,pre_allocation
765,1189,normal,0,0,65535_65535,0,5,12573,543,1,1,1,12,543,28,1,1,allocated
765,1189,normal,0,0,65535_65535,0,1,15421,543,0,1,0,12,0,28,1,1,pre_allocation
765,1189,normal,0,0,65535_65535,0,1,15421,589,1,1,1,13,589,28,1,1,allocated
765,1189,normal,0,0,65535_65535,0,2,12518,543,0,1,0,12,0,28,1,1,pre_allocation
765,1189,normal,0,0,65535_65535,0,2,12518,589,1,1,1,13,589,28,1,1,allocated
765,1189,normal,0,0,65535_65535,0,3,12186,543,0,1,0,12,0,28,1,1,pre_allocation
765,1189,normal,0,0,65535_65535,0,3,12186,589,1,1,1,13,589,28,1,1,allocated
765,1189,normal,0,0,65535_65535,0,4,12383,543,0,1,0,12,0,28,1,1,pre_allocation
765,1189,normal,0,0,65535_65535,0,4,12383,589,1,1,1,13,589,28,1,1,allocated
765,1189,normal,0,0,65535_65535,0,5,12573,543,0,1,0,12,0,28,1,1,pre_allocation
765,1189,normal,0,0,65535_65535,0,5,12573,589,1,1,1,13,589,28,1,1,allocated
765,1189,normal,0,0,65535_65535,0,1,15421,589,0,1,0,13,0,28,1,1,pre_allocation
765,1189,normal,0,0,65535_65535,0,1,15421,634,1,1,1,14,634,28,1,1,allocated
765,1189,normal,0,0,65535_65535,0,2,12518,589,0,1,0,13,0,28,1,1,pre_allocation
765,1189,normal,0,0,65535_65535,0,2,12518,634,1,1,1,14,634,28,1,1,allocated
765,1189,normal,0,0,65535_65535,0,3,12186,589,0,1,0,13,0,28,1,1,pre_allocation
765,1189,normal,0,0,65535_65535,0,3,12186,634,1,1,1,14,634,28,1,1,allocated
765,1189,normal,0,0,65535_65535,0,4,12383,589,0,1,0,13,0,28,1,1,pre_allocation
765,1189,normal,0,0,65535_65535,0,4,12383,634,1,1,1,14,634,28,1,1,allocated
765,1189,normal,0,0,65535_65535,0,5,12573,589,0,1,0,13,0,28,1,1,pre_allocation
765,1189,normal,0,0,65535_65535,0,5,12573,634,1,1,1,14,634,28,1,1,allocated
765,1189,normal,0,0,65535_65535,0,1,15421,634,0,1,0,14,0,28,1,1,pre_allocation
765,1189,normal,0,0,65535_65535,0,1,15421,680,1,1,1,15,680,28,1,1,allocated
765,1189,normal,0,0,65535_65535,0,2,12518,634,0,1,0,14,0,28,1,1,pre_allocation
765,1189,normal,0,0,65535_65535,0,2,12518,680,1,1,1,15,680,28,1,1,allocated
765,1189,normal,0,0,65535_65535,0,3,12186,634,0,1,0,14,0,28,1,1,pre_allocation
765,1189,normal,0,0,65535_65535,0,3,12186,680,1,1,1,15,680,28,1,1,allocated
765,1189,normal,0,0,65535_65535,0,4,12383,634,0,1,0,14,0,28,1,1,pre_allocation
765,1189,normal,0,0,65535_65535,0,4,12383,680,1,1,1,15,680,28,1,1,allocated
765,1189,normal,0,0,65535_65535,0,5,12573,634,0,1,0,14,0,28,1,1,pre_allocation
765,1189,normal,0,0,65535_65535,0,5,12573,680,1,1,1,15,680,28,1,1,allocated
765,1189,normal,0,0,65535_65535,0,1,15421,680,0,1,0,15,0,28,1,1,pre_allocation
765,1189,normal,0,0,65535_65535,0,1,15421,725,1,1,1,16,725,28,1,1,allocated
765,1189,normal,0,0,65535_65535,0,2,12518,680,0,1,0,15,0,28,1,1,pre_allocation
765,1189,normal,0,0,65535_65535,0,2,12518,725,1,1,1,16,725,28,1,1,allocated
765,1189,normal,0,0,65535_65535,0,3,12186,680,0,1,0,15,0,28,1,1,pre_allocation
765,1189,normal,0,0,65535_65535,0,3,12186,725,1,1,1,16,725,28,1,1,allocated
765,1189,normal,0,0,65535_65535,0,4,12383,680,0,1,0,15,0,28,1,1,pre_allocation
765,1189,normal,0,0,65535_65535,0,4,12383,725,1,1,1,16,725,28,1,1,allocated
765,1189,normal,0,0,65535_65535,0,5,12573,680,0,1,0,15,0,28,1,1,pre_allocation
765,1189,normal,0,0,65535_65535,0,5,12573,725,1,1,1,16,725,28,1,1,allocated
765,1189,normal,0,0,65535_65535,0,1,15421,725,0,1,0,16,0,28,1,1,pre_allocation
765,1189,normal,0,0,65535_65535,0,1,15421,771,1,1,1,17,771,28,1,1,allocated
765,1189,normal,0,0,65535_65535,0,2,12518,725,0,1,0,16,0,28,1,1,pre_allocation
765,1189,normal,0,0,65535_65535,0,2,12518,771,1,1,1,17,771,28,1,1,allocated
765,1189,normal,0,0,65535_65535,0,3,12186,725,0,1,0,16,0,28,1,1,pre_allocation
765,1189,normal,0,0,65535_65535,0,3,12186,771,1,1,1,17,771,28,1,1,allocated
765,1189,normal,0,0,65535_65535,0,4,12383,725,0,1,0,16,0,28,1,1,pre_allocation
765,1189,normal,0,0,65535_65535,0,4,12383,771,1,1,1,17,771,28,1,1,allocated
765,1189,normal,0,0,65535_65535,0,5,12573,725,0,1,0,16,0,28,1,1,pre_allocation
765,1189,normal,0,0,65535_65535,0,5,12573,771,1,1,1,17,771,28,1,1,allocated
765,1189,normal,0,0,65535_65535,0,1,15421,771,0,1,0,17,0,28,1,1,pre_allocation
765,1189,normal,0,0,65535_65535,0,1,15421,816,1,1,1,18,816,28,1,1,allocated
765,1189,normal,0,0,65535_65535,0,2,12518,771,0,1,0,17,0,28,1,1,pre_allocation
765,1189,normal,0,0,65535_65535,0,2,12518,816,1,1,1,18,816,28,1,1,allocated
765,1189,normal,0,0,65535_65535,0,3,12186,771,0,1,0,17,0,28,1,1,pre_allocation
765,1189,normal,0,0,65535_65535,0,3,12186,816,1,1,1,18,816,28,1,1,allocated
765,1189,normal,0,0,65535_65535,0,4,12383,771,0,1,0,17,0,28,1,1,pre_allocation
765,1189,normal,0,0,65535_65535,0,4,12383,816,1,1,1,18,816,28,1,1,allocated
765,1189,normal,0,0,65535_65535,0,5,12573,771,0,1,0,17,0,28,1,1,pre_allocation
765,1189,normal,0,0,65535_65535,0,5,12573,816,1,1,1,18,816,28,1,1,allocated
765,1189,normal,0,0,65535_65535,0,1,15421,816,0,1,0,18,0,28,1,1,pre_allocation
765,1189,normal,0,0,65535_65535,0,1,15421,862,1,1,1,19,862,28,1,1,allocated
765,1189,normal,0,0,65535_65535,0,2,12518,816,0,1,0,18,0,28,1,1,pre_allocation
765,1189,normal,0,0,65535_65535,0,2,12518,862,1,1,1,19,862,28,1,1,allocated
765,1189,normal,0,0,65535_65535,0,3,12186,816,0,1,0,18,0,28,1,1,pre_allocation
765,1189,normal,0,0,65535_65535,0,3,12186,862,1,1,1,19,862,28,1,1,allocated
765,1189,normal,0,0,65535_65535,0,4,12383,816,0,1,0,18,0,28,1,1,pre_allocation
765,1189,normal,0,0,65535_65535,0,4,12383,862,1,1,1,19,862,28,1,1,allocated
765,1189,normal,0,0,65535_65535,0,5,12573,816,0,1,0,18,0,28,1,1,pre_allocation
765,1189,normal,0,0,65535_65535,0,5,12573,862,1,1,1,19,862,28,1,1,allocated
765,1189,normal,0,0,65535_65535,0,1,15421,862,0,1,0,19,0,28,1,1,pre_allocation
765,1189,normal,0,0,65535_65535,0,1,15421,907,1,1,1,20,907,28,1,1,allocated
765,1189,normal,0,0,65535_65535,0,2,12518,862,0,1,0,19,0,28,1,1,pre_allocation
765,1189,normal,0,0,65535_65535,0,2,12518,907,1,1,1,20,907,28,1,1,allocated
765,1189,normal,0,0,65535_65535,0,3,12186,862,0,1,0,19,0,28,1,1,pre_allocation
765,1189,normal,0,0,65535_65535,0,3,12186,907,1,1,1,20,907,28,1,1,allocated
765,1189,normal,0,0,65535_65535,0,4,12383,862,0,1,0,19,0,28,1,1,pre_allocation
765,1189,normal,0,0,65535_65535,0,4,12383,907,1,1,1,20,907,28,1,1,allocated
765,1189,normal,0,0,65535_65535,0,5,12573,862,0,1,0,19,0,28,1,1,pre_allocation
765,1189,normal,0,0,65535_65535,0,5,12573,907,1,1,1,20,907,28,1,1,allocated
765,1189,normal,0,0,65535_65535,0,1,15421,907,0,1,0,20,0,28,1,1,pre_allocation
765,1189,normal,0,0,65535_65535,0,1,15421,953,1,1,1,21,953,28,1,1,allocated
765,1189,normal,0,0,65535_65535,0,2,12518,907,0,1,0,20,0,28,1,1,pre_allocation
765,1189,normal,0,0,65535_65535,0,2,12518,953,1,1,1,21,953,28,1,1,allocated
765,1189,normal,0,0,65535_65535,0,3,12186,907,0,1,0,20,0,28,1,1,pre_allocation
765,1189,normal,0,0,65535_65535,0,3,12186,953,1,1,1,21,953,28,1,1,allocated
765,1189,normal,0,0,65535_65535,0,4,12383,907,0,1,0,20,0,28,1,1,pre_allocation
765,1189,normal,0,0,65535_65535,0,4,12383,953,1,1,1,21,953,28,1,1,allocated
765,1189,normal,0,0,65535_65535,0,5,12573,907,0,1,0,20,0,28,1,1,pre_allocation
765,1189,normal,0,0,65535_65535,0,5,12573,953,1,1,1,21,953,28,1,1,allocated
765,1189,normal,0,0,65535_65535,0,1,15421,953,0,1,0,21,0,28,1,1,pre_allocation
765,1189,normal,0,0,65535_65535,0,1,15421,998,1,1,1,22,998,28,1,1,allocated
765,1189,normal,0,0,65535_65535,1,6,87,0,0,1,0,0,0,28,1,1,pre_allocation
765,1189,normal,0,0,65535_65535,1,6,87,42,1,1,1,1,42,28,1,1,allocated
765,1189,normal,0,0,65535_65535,1,7,87,0,0,1,0,0,0,28,1,1,pre_allocation
765,1189,normal,0,0,65535_65535,1,7,87,42,1,1,1,1,42,28,1,1,allocated
765,1189,normal,0,0,65535_65535,1,9,87,0,0,1,0,0,0,28,1,1,pre_allocation
765,1189,normal,0,0,65535_65535,1,9,87,42,1,1,1,1,42,28,1,1,allocated
765,1189,normal,0,0,65535_65535,1,10,87,0,0,1,0,0,0,28,1,1,pre_allocation
765,1189,normal,0,0,65535_65535,1,10,87,42,1,1,1,1,42,28,1,1,allocated
765,1189,normal,0,0,65535_65535,1,6,87,42,0,1,0,1,0,28,1,1,pre_allocation
765,1189,normal,0,0,65535_65535,1,6,87,88,1,1,1,2,88,28,1,1,allocated
765,1189,normal,0,0,65535_65535,1,7,87,42,0,1,0,1,0,28,1,1,pre_allocation
765,1189,normal,0,0,65535_65535,1,7,87,88,1,1,1,2,88,28,1,1,allocated
765,1189,normal,0,0,65535_65535,1,9,87,42,0,1,0,1,0,28,1,1,pre_allocation
765,1189,normal,0,0,65535_65535,1,9,87,88,1,1,1,2,88,28,1,1,allocated
765,1189,normal,0,0,65535_65535,1,10,87,42,0,1,0,1,0,28,1,1,pre_allocation
765,1189,normal,0,0,65535_65535,1,10,87,88,1,1,1,2,88,28,1,1,allocated
765,1189,normal,0,0,65535_65535,1,6,87,88,0,1,0,2,0,28,1,1,pre_allocation
765,1189,normal,0,0,65535_65535,1,6,87,133,1,1,1,3,133,28,1,1,allocated
765,1189,normal,0,0,65535_65535,1,7,87,88,0,1,0,2,0,28,1,1,pre_allocation
765,1189,normal,0,0,65535_65535,1,7,87,133,1,1,1,3,133,28,1,1,allocated
765,1189,normal,0,0,65535_65535,1,9,87,88,0,1,0,2,0,28,1,1,pre_allocation
765,1189,normal,0,0,65535_65535,1,9,87,133,1,1,1,3,133,28,1,1,allocated
765,1189,normal,0,0,65535_65535,1,10,87,88,0,1,0,2,0,28,1,1,pre_allocation
765,1189,normal,0,0,65535_65535,1,10,87,133,1,1,1,3,133,28,1,1,allocated
765,1189,normal,0,0,65535_65535,1,6,87,133,0,1,0,3,0,28,1,1,pre_allocation
765,1189,normal,0,0,65535_65535,1,6,87,179,1,1,1,4,179,28,1,1,allocated
765,1189,normal,0,0,65535_65535,1,7,87,133,0,1,0,3,0,28,1,1,pre_allocation
765,1189,normal,0,0,65535_65535,1,7,87,179,1,1,1,4,179,28,1,1,allocated
765,1189,normal,0,0,65535_65535,1,9,87,133,0,1,0,3,0,28,1,1,pre_allocation
765,1189,normal,0,0,65535_65535,1,9,87,179,1,1,1,4,179,28,1,1,allocated
765,1189,normal,0,0,65535_65535,1,10,87,133,0,1,0,3,0,28,1,1,pre_allocation
765,1189,normal,0,0,65535_65535,1,10,87,179,1,1,1,4,179,28,1,1,allocated
765,1189,normal,0,0,65535_65535,1,6,87,179,0,1,0,4,0,28,1,1,pre_allocation
765,1189,normal,0,0,65535_65535,1,6,87,224,1,1,1,5,224,28,1,1,allocated
765,1189,normal,0,0,65535_65535,1,7,87,179,0,1,0,4,0,28,1,1,pre_allocation
765,1189,normal,0,0,65535_65535,1,7,87,224,1,1,1,5,224,28,1,1,allocated
765,1189,normal,0,0,65535_65535,1,9,87,179,0,1,0,4,0,28,1,1,pre_allocation
765,1189,normal,0,0,65535_65535,1,9,87,224,1,1,1,5,224,28,1,1,allocated
765,1189,normal,0,0,65535_65535,1,10,87,179,0,1,0,4,0,28,1,1,pre_allocation
765,1189,normal,0,0,65535_65535,1,10,87,224,1,1,1,5,224,28,1,1,allocated
765,1189,normal,0,0,65535_65535,1,6,87,224,0,1,0,5,0,28,1,1,pre_allocation
765,1189,normal,0,0,65535_65535,1,6,87,270,1,1,1,6,270,28,1,1,allocated
765,1189,normal,0,0,65535_65535,1,7,87,224,0,1,0,5,0,28,1,1,pre_allocation
765,1189,normal,0,0,65535_65535,1,7,87,270,1,1,1,6,270,28,1,1,allocated
765,1189,normal,0,0,65535_65535,1,9,87,224,0,1,0,5,0,28,1,1,pre_allocation
765,1189,normal,0,0,65535_65535,1,9,87,270,1,1,1,6,270,28,1,1,allocated
765,1189,normal,0,0,65535_65535,1,10,87,224,0,1,0,5,0,28,1,1,pre_allocation
765,1189,normal,0,0,65535_65535,1,10,87,270,1,1,1,6,270,28,1,1,allocated
765,1189,normal,0,0,65535_65535,1,6,87,270,0,1,0,6,0,28,1,1,pre_allocation
765,1189,normal,0,0,65535_65535,1,6,87,315,1,1,1,7,315,28,1,1,allocated
765,1189,normal,0,0,65535_65535,1,7,87,270,0,1,0,6,0,28,1,1,pre_allocation
765,1189,normal,0,0,65535_65535,1,7,87,315,1,1,1,7,315,28,1,1,allocated
765,1189,normal,0,0,65535_65535,1,9,87,270,0,1,0,6,0,28,1,1,pre_allocation
765,1189,normal,0,0,65535_65535,1,9,87,315,1,1,1,7,315,28,1,1,allocated
765,1189,normal,0,0,65535_65535,1,10,87,270,0,1,0,6,0,28,1,1,pre_allocation
765,1189,normal,0,0,65535_65535,1,10,87,315,1,1,1,7,315,28,1,1,allocated
765,1189,normal,0,0,65535_65535,1,6,87,315,0,1,0,7,0,28,1,1,pre_allocation
765,1189,normal,0,0,65535_65535,1,6,87,361,1,1,1,8,361,28,1,1,allocated
765,1189,normal,0,0,65535_65535,1,7,87,315,0,1,0,7,0,28,1,1,pre_allocation
765,1189,normal,0,0,65535_65535,1,7,87,361,1,1,1,8,361,28,1,1,allocated
765,1189,normal,0,0,65535_65535,1,9,87,315,0,1,0,7,0,28,1,1,pre_allocation
765,1189,normal,0,0,65535_65535,1,9,87,361,1,1,1,8,361,28,1,1,allocated
765,1189,normal,0,0,65535_65535,1,10,87,315,0,1,0,7,0,28,1,1,pre_allocation
765,1189,normal,0,0,65535_65535,1,10,87,361,1,1,1,8,361,28,1,1,allocated
765,1189,normal,0,0,65535_65535,1,6,87,361,0,1,0,8,0,28,1,1,pre_allocation
765,1189,normal,0,0,65535_65535,1,6,87,406,1,1,1,9,406,28,1,1,allocated
765,1189,normal,0,0,65535_65535,1,7,87,361,0,1,0,8,0,28,1,1,pre_allocation
765,1189,normal,0,0,65535_65535,1,7,87,406,1,1,1,9,406,28,1,1,allocated
765,1189,normal,0,0,65535_65535,1,9,87,361,0,1,0,8,0,28,1,1,pre_allocation
765,1189,normal,0,0,65535_65535,1,9,87,406,1,1,1,9,406,28,1,1,allocated
765,1189,normal,0,0,65535_65535,1,10,87,361,0,1,0,8,0,28,1,1,pre_allocation
765,1189,normal,0,0,65535_65535,1,10,87,406,1,1,1,9,406,28,1,1,allocated
765,1189,normal,0,0,65535_65535,1,6,87,406,0,1,0,9,0,28,1,1,pre_allocation
765,1189,normal,0,0,65535_65535,1,6,87,452,1,1,1,10,452,28,1,1,allocated
765,1189,normal,0,0,65535_65535,1,7,87,406,0,1,0,9,0,28,1,1,pre_allocation
765,1189,normal,0,0,65535_65535,1,7,87,452,1,1,1,10,452,28,1,1,allocated
765,1189,normal,0,0,65535_65535,1,9,87,406,0,1,0,9,0,28,1,1,pre_allocation
765,1189,normal,0,0,65535_65535,1,9,87,452,1,1,1,10,452,28,1,1,allocated
765,1189,normal,0,0,65535_65535,1,10,87,406,0,1,0,9,0,28,1,1,pre_allocation
765,1189,normal,0,0,65535_65535,1,10,87,452,1,1,1,10,452,28,1,1,allocated
765,1189,normal,0,0,65535_65535,1,6,87,452,0,1,0,10,0,28,1,1,pre_allocation
765,1189,normal,0,0,65535_65535,1,6,87,497,1,1,1,11,497,28,1,1,allocated
765,1189,normal,0,0,65535_65535,1,7,87,452,0,1,0,10,0,28,1,1,pre_allocation
765,1189,normal,0,0,65535_65535,1,7,87,497,1,1,1,11,497,28,1,1,allocated
765,1189,normal,0,0,65535_65535,1,9,87,452,0,1,0,10,0,28,1,1,pre_allocation
765,1189,normal,0,0,65535_65535,1,9,87,497,1,1,1,11,497,28,1,1,allocated
765,1189,normal,0,0,65535_65535,1,10,87,452,0,1,0,10,0,28,1,1,pre_allocation
765,1189,normal,0,0,65535_65535,1,10,87,497,1,1,1,11,497,28,1,1,allocated
765,1189,normal,0,0,65535_65535,1,6,87,497,0,1,0,11,0,28,1,1,pre_allocation
765,1189,normal,0,0,65535_65535,1,6,87,543,1,1,1,12,543,28,1,1,allocated
765,1189,normal,0,0,65535_65535,1,7,87,497,0,1,0,11,0,28,1,1,pre_allocation
765,1189,normal,0,0,65535_65535,1,7,87,543,1,1,1,12,543,28,1,1,allocated
765,1189,normal,0,0,65535_65535,1,9,87,497,0,1,0,11,0,28,1,1,pre_allocation
765,1189,normal,0,0,65535_65535,1,9,87,543,1,1,1,12,543,28,1,1,allocated
765,1189,normal,0,0,65535_65535,1,10,87,497,0,1,0,11,0,28,1,1,pre_allocation
765,1189,normal,0,0,65535_65535,1,10,87,543,1,1,1,12,543,28,1,1,allocated
765,1189,normal,0,0,65535_65535,1,6,87,543,0,1,0,12,0,28,1,1,pre_allocation
765,1189,normal,0,0,65535_65535,1,6,87,589,1,1,1,13,589,28,1,1,allocated
765,1189,normal,0,0,65535_65535,1,7,87,543,0,1,0,12,0,28,1,1,pre_allocation
765,1189,normal,0,0,65535_65535,1,7,87,589,1,1,1,13,589,28,1,1,allocated
765,1189,normal,0,0,65535_65535,1,9,87,543,0,1,0,12,0,28,1,1,pre_allocation
765,1189,normal,0,0,65535_65535,1,9,87,589,1,1,1,13,589,28,1,1,allocated
765,1189,normal,0,0,65535_65535,1,10,87,543,0,1,0,12,0,28,1,1,pre_allocation
765,1189,normal,0,0,65535_65535,1,10,87,589,1,1,1,13,589,28,1,1,allocated
765,1189,normal,0,0,65535_65535,1,6,87,589,0,1,0,13,0,28,1,1,pre_allocation
765,1189,normal,0,0,65535_65535,1,6,87,634,1,1,1,14,634,28,1,1,allocated
765,1189,normal,0,0,65535_65535,1,7,87,589,0,1,0,13,0,28,1,1,pre_allocation
765,1189,normal,0,0,65535_65535,1,7,87,634,1,1,1,14,634,28,1,1,allocated
765,1189,normal,0,0,65535_65535,1,9,87,589,0,1,0,13,0,28,1,1,pre_allocation
765,1189,normal,0,0,65535_65535,1,9,87,634,1,1,1,14,634,28,1,1,allocated
765,1189,normal,0,0,65535_65535,1,10,87,589,0,1,0,13,0,28,1,1,pre_allocation
765,1189,normal,0,0,65535_65535,1,10,87,634,1,1,1,14,634,28,1,1,allocated
765,1189,normal,0,0,65535_65535,1,6,87,634,0,1,0,14,0,28,1,1,pre_allocation
765,1189,normal,0,0,65535_65535,1,6,87,680,1,1,1,15,680,28,1,1,allocated
765,1189,normal,0,0,65535_65535,1,7,87,634,0,1,0,14,0,28,1,1,pre_allocation
765,1189,normal,0,0,65535_65535,1,7,87,680,1,1,1,15,680,28,1,1,allocated
765,1189,normal,0,0,65535_65535,1,9,87,634,0,1,0,14,0,28,1,1,pre_allocation
765,1189,normal,0,0,65535_65535,1,9,87,680,1,1,1,15,680,28,1,1,allocated
765,1189,normal,0,0,65535_65535,1,10,87,634,0,1,0,14,0,28,1,1,pre_allocation
765,1189,normal,0,0,65535_65535,1,10,87,680,1,1,1,15,680,28,1,1,allocated
765,1189,normal,0,0,65535_65535,1,6,87,680,0,1,0,15,0,28,1,1,pre_allocation
765,1189,normal,0,0,65535_65535,1,6,87,725,1,1,1,16,725,28,1,1,allocated
765,1189,normal,0,0,65535_65535,1,7,87,680,0,1,0,15,0,28,1,1,pre_allocation
765,1189,normal,0,0,65535_65535,1,7,87,725,1,1,1,16,725,28,1,1,allocated
765,1189,normal,0,0,65535_65535,1,9,87,680,0,1,0,15,0,28,1,1,pre_allocation
765,1189,normal,0,0,65535_65535,1,9,87,725,1,1,1,16,725,28,1,1,allocated
765,1189,normal,0,0,65535_65535,1,10,87,680,0,1,0,15,0,28,1,1,pre_allocation
765,1189,normal,0,0,65535_65535,1,10,87,725,1,1,1,16,725,28,1,1,allocated
765,1189,normal,0,0,65535_65535,1,6,87,725,0,1,0,16,0,28,1,1,pre_allocation
765,1189,normal,0,0,65535_65535,1,6,87,771,1,1,1,17,771,28,1,1,allocated
765,1189,normal,0,0,65535_65535,1,7,87,725,0,1,0,16,0,28,1,1,pre_allocation
765,1189,normal,0,0,65535_65535,1,7,87,771,1,1,1,17,771,28,1,1,allocated
765,1189,normal,0,0,65535_65535,1,9,87,725,0,1,0,16,0,28,1,1,pre_allocation
765,1189,normal,0,0,65535_65535,1,9,87,771,1,1,1,17,771,28,1,1,allocated
765,1189,normal,0,0,65535_65535,1,10,87,725,0,1,0,16,0,28,1,1,pre_allocation
765,1189,normal,0,0,65535_65535,1,10,87,771,1,1,1,17,771,28,1,1,allocated
765,1189,normal,0,0,65535_65535,1,6,87,771,0,1,0,17,0,28,1,1,pre_allocation
765,1189,normal,0,0,65535_65535,1,6,87,816,1,1,1,18,816,28,1,1,allocated
765,1189,normal,0,0,65535_65535,1,7,87,771,0,1,0,17,0,28,1,1,pre_allocation
765,1189,normal,0,0,65535_65535,1,7,87,816,1,1,1,18,816,28,1,1,allocated
765,1189,normal,0,0,65535_65535,1,9,87,771,0,1,0,17,0,28,1,1,pre_allocation
765,1189,normal,0,0,65535_65535,1,9,87,816,1,1,1,18,816,28,1,1,allocated
765,1189,normal,0,0,65535_65535,1,10,87,771,0,1,0,17,0,28,1,1,pre_allocation
765,1189,normal,0,0,65535_65535,1,10,87,816,1,1,1,18,816,28,1,1,allocated
765,1189,normal,0,0,65535_65535,1,6,87,816,0,1,0,18,0,28,1,1,pre_allocation
765,1189,normal,0,0,65535_65535,1,6,87,862,1,1,1,19,862,28,1,1,allocated
765,1189,normal,0,0,65535_65535,1,7,87,816,0,1,0,18,0,28,1,1,pre_allocation
765,1189,normal,0,0,65535_65535,1,7,87,862,1,1,1,19,862,28,1,1,allocated
765,1189,normal,0,0,65535_65535,1,9,87,816,0,1,0,18,0,28,1,1,pre_allocation
765,1189,normal,0,0,65535_65535,1,9,87,862,1,1,1,19,862,28,1,1,allocated
765,1189,normal,0,0,65535_65535,1,10,87,816,0,1,0,18,0,28,1,1,pre_allocation
765,1189,normal,0,0,65535_65535,1,10,87,862,1,1,1,19,862,28,1,1,allocated
765,1189,normal,0,0,65535_65535,1,6,87,862,0,1,0,19,0,28,1,1,pre_allocation
765,1189,normal,0,0,65535_65535,1,6,87,907,1,1,1,20,907,28,1,1,allocated
765,1189,normal,0,0,65535_65535,1,7,87,862,0,1,0,19,0,28,1,1,pre_allocation
765,1189,normal,0,0,65535_65535,1,7,87,907,1,1,1,20,907,28,1,1,allocated
765,1189,normal,0,0,65535_65535,1,9,87,862,0,1,0,19,0,28,1,1,pre_allocation
765,1189,normal,0,0,65535_65535,1,9,87,907,1,1,1,20,907,28,1,1,allocated
765,1189,normal,0,0,65535_65535,1,10,87,862,0,1,0,19,0,28,1,1,pre_allocation
765,1189,normal,0,0,65535_65535,1,10,87,907,1,1,1,20,907,28,1,1,allocated
765,1189,normal,0,0,65535_65535,1,6,87,907,0,1,0,20,0,28,1,1,pre_allocation
765,1189,normal,0,0,65535_65535,1,6,87,953,1,1,1,21,953,28,1,1,allocated
765,1189,normal,0,0,65535_65535,1,7,87,907,0,1,0,20,0,28,1,1,pre_allocation
765,1189,normal,0,0,65535_65535,1,7,87,953,1,1,1,21,953,28,1,1,allocated
765,1189,normal,0,0,65535_65535,1,9,87,907,0,1,0,20,0,28,1,1,pre_allocation
765,1189,normal,0,0,65535_65535,1,9,87,953,1,1,1,21,953,28,1,1,allocated
765,1189,normal,0,0,65535_65535,1,10,87,907,0,1,0,20,0,28,1,1,pre_allocation
765,1189,normal,0,0,65535_65535,1,10,87,953,1,1,1,21,953,28,1,1,allocated
765,1189,normal,0,0,65535_65535,1,6,87,953,0,1,0,21,0,28,1,1,pre_allocation
765,1189,normal,0,0,65535_65535,1,6,87,998,1,1,1,22,998,28,1,1,allocated
765,1189,normal,0,0,65535_65535,1,7,87,953,0,1,0,21,0,28,1,1,pre_allocation
765,1189,normal,0,0,65535_65535,1,7,87,998,1,1,1,22,998,28,1,1,allocated
765,1189,normal,0,0,65535_65535,1,9,87,953,0,1,0,21,0,28,1,1,pre_allocation
765,1189,normal,0,0,65535_65535,1,9,87,998,1,1,1,22,998,28,1,1,allocated
765,1189,normal,0,0,65535_65535,1,10,87,953,0,1,0,21,0,28,1,1,pre_allocation
765,1189,normal,0,0,65535_65535,1,10,87,998,1,1,1,22,998,28,1,1,allocated
765,1189,normal,0,0,65535_65535,1,6,87,998,0,1,0,22,0,28,1,1,pre_allocation
765,1189,normal,0,0,65535_65535,1,6,87,1044,1,1,1,23,1044,28,1,1,allocated
765,1189,normal,0,0,65535_65535,1,7,87,998,0,1,0,22,0,28,1,1,pre_allocation
765,1189,normal,0,0,65535_65535,1,7,87,1044,1,1,1,23,1044,28,1,1,allocated
765,1189,normal,0,0,65535_65535,1,9,87,998,0,1,0,22,0,28,1,1,pre_allocation
765,1189,normal,0,0,65535_65535,1,9,87,1044,1,1,1,23,1044,28,1,1,allocated
765,1189,normal,0,0,65535_65535,1,10,87,998,0,1,0,22,0,28,1,1,pre_allocation
765,1189,normal,0,0,65535_65535,1,10,87,1044,1,1,1,23,1044,28,1,1,allocated
765,1189,normal,0,0,65535_65535,1,6,87,1044,0,1,0,23,0,28,1,1,pre_allocation
765,1189,normal,0,0,65535_65535,1,6,87,1089,1,1,1,24,1089,28,1,1,allocated
765,1189,normal,0,0,65535_65535,1,7,87,1044,0,1,0,23,0,28,1,1,pre_allocation
765,1189,normal,0,0,65535_65535,1,7,87,1089,1,1,1,24,1089,28,1,1,allocated
765,1189,normal,0,0,65535_65535,1,9,87,1044,0,1,0,23,0,28,1,1,pre_allocation
765,1189,normal,0,0,65535_65535,1,9,87,1089,1,1,1,24,1089,28,1,1,allocated
765,1189,normal,0,0,65535_65535,1,10,87,1044,0,1,0,23,0,28,1,1,pre_allocation
765,1189,normal,0,0,65535_65535,1,10,87,1089,1,1,1,24,1089,28,1,1,allocated
765,1189,normal,0,0,65535_65535,1,6,87,1089,0,1,0,24,0,28,1,1,pre_allocation
765,1189,normal,0,0,65535_65535,1,6,87,1135,1,1,1,25,1135,28,1,1,allocated
765,1189,normal,0,0,65535_65535,1,7,87,1089,0,1,0,24,0,28,1,1,pre_allocation
765,1189,normal,0,0,65535_65535,1,7,87,1135,1,1,1,25,1135,28,1,1,allocated
765,1189,normal,0,0,65535_65535,1,9,87,1089,0,1,0,24,0,28,1,1,pre_allocation
765,1189,normal,0,0,65535_65535,1,9,87,1135,1,1,1,25,1135,28,1,1,allocated
765,1189,normal,0,0,65535_65535,1,10,87,1089,0,1,0,24,0,28,1,1,pre_allocation
765,1189,normal,0,0,65535_65535,1,10,87,1135,1,1,1,25,1135,28,1,1,allocated
765,1189,normal,0,0,65535_65535,1,6,87,1135,0,1,0,25,0,28,1,1,pre_allocation
765,1189,normal,0,0,65535_65535,1,6,87,1181,1,1,1,26,1181,28,1,1,allocated
765,1189,normal,0,0,65535_65535,1,7,87,1135,0,1,0,25,0,28,1,1,pre_allocation
765,1189,normal,0,0,65535_65535,1,7,87,1181,1,1,1,26,1181,28,1,1,allocated
765,1189,normal,0,0,65535_65535,1,9,87,1135,0,1,0,25,0,28,1,1,pre_allocation
765,1189,normal,0,0,65535_65535,1,9,87,1181,1,1,1,26,1181,28,1,1,allocated
765,1189,normal,0,0,65535_65535,1,10,87,1135,0,1,0,25,0,28,1,1,pre_allocation
765,1189,normal,0,0,65535_65535,1,10,87,1181,1,1,1,26,1181,28,1,1,allocated
765,1189,normal,0,0,65535_65535,1,6,87,1181,0,1,0,26,0,28,1,1,pre_allocation
765,1189,normal,0,0,65535_65535,1,6,87,1226,1,1,1,27,1226,28,1,1,allocated
765,1189,normal,0,0,65535_65535,1,7,87,1181,0,1,0,26,0,28,1,1,pre_allocation
765,1189,normal,0,0,65535_65535,1,7,87,1226,1,1,1,27,1226,28,1,1,allocated
765,1189,normal,0,0,65535_65535,1,9,87,1181,0,1,0,26,0,28,1,1,pre_allocation
765,1189,normal,0,0,65535_65535,1,9,87,1226,1,1,1,27,1226,28,1,1,allocated
765,1189,normal,0,0,65535_65535,1,10,87,1181,0,1,0,26,0,28,1,1,pre_allocation
765,1189,normal,0,0,65535_65535,1,10,87,1226,1,1,1,27,1226,28,1,1,allocated
765,1189,normal,0,0,65535_65535,1,6,87,1226,0,1,0,27,0,28,1,1,pre_allocation
765,1189,normal,0,0,65535_65535,1,6,87,1272,1,1,1,28,1272,28,1,1,allocated
765,1189,normal,0,0,65535_65535,1,7,87,1226,0,1,0,27,0,28,1,1,pre_allocation
765,1189,normal,0,0,65535_65535,1,7,87,1272,1,1,1,28,1272,28,1,1,allocated
765,1189,normal,0,0,65535_65535,1,9,87,1226,0,1,0,27,0,28,1,1,pre_allocation
765,1189,normal,0,0,65535_65535,1,9,87,1272,1,1,1,28,1272,28,1,1,allocated
765,1189,normal,0,0,65535_65535,1,10,87,1226,0,1,0,27,0,28,1,1,pre_allocation
765,1189,normal,0,0,65535_65535,1,10,87,1272,1,1,1,28,1272,28,1,1,allocated
765,1189,normal,0,0,65535_65535,1,6,87,1272,0,1,0,28,0,28,1,1,pre_allocation
765,1189,normal,0,0,65535_65535,1,6,87,1317,1,1,1,29,1317,28,1,1,allocated
765,1189,normal,0,0,65535_65535,1,7,87,1272,0,1,0,28,0,28,1,1,pre_allocation
765,1189,normal,0,0,65535_65535,1,7,87,1317,1,1,1,29,1317,28,1,1,allocated
765,1189,normal,0,0,65535_65535,1,9,87,1272,0,1,0,28,0,28,1,1,pre_allocation
765,1189,normal,0,0,65535_65535,1,9,87,1317,1,1,1,29,1317,28,1,1,allocated
765,1189,normal,0,0,65535_65535,1,10,87,1272,0,1,0,28,0,28,1,1,pre_allocation
765,1189,normal,0,0,65535_65535,1,10,87,1317,1,1,1,29,1317,28,1,1,allocated
765,1189,normal,0,0,65535_65535,1,6,87,1317,0,1,0,29,0,28,1,1,pre_allocation
765,1189,normal,0,0,65535_65535,1,6,87,1363,1,1,1,30,1363,28,1,1,allocated
765,1189,normal,0,0,65535_65535,1,7,87,1317,0,1,0,29,0,28,1,1,pre_allocation
765,1189,normal,0,0,65535_65535,1,7,87,1363,1,1,1,30,1363,28,1,1,allocated
765,1189,normal,0,0,65535_65535,1,9,87,1317,0,1,0,29,0,28,1,1,pre_allocation
765,1189,normal,0,0,65535_65535,1,9,87,1363,1,1,1,30,1363,28,1,1,allocated
765,1189,normal,0,0,65535_65535,1,10,87,1317,0,1,0,29,0,28,1,1,pre_allocation
765,1189,normal,0,0,65535_65535,1,10,87,1363,1,1,1,30,1363,28,1,1,allocated
765,1189,normal,0,0,65535_65535,1,6,87,1363,0,1,0,30,0,28,1,1,pre_allocation
765,1189,normal,0,0,65535_65535,1,6,87,1408,1,1,1,31,1408,28,1,1,allocated
765,1189,normal,0,0,65535_65535,1,7,87,1363,0,1,0,30,0,28,1,1,pre_allocation
765,1189,normal,0,0,65535_65535,1,7,87,1408,1,1,1,31,1408,28,1,1,allocated
765,1189,normal,0,0,65535_65535,1,9,87,1363,0,1,0,30,0,28,1,1,pre_allocation
765,1189,normal,0,0,65535_65535,1,9,87,1408,1,1,1,31,1408,28,1,1,allocated
765,1189,normal,0,0,65535_65535,1,10,87,1363,0,1,0,30,0,28,1,1,pre_allocation
765,1189,normal,0,0,65535_65535,1,10,87,1408,1,1,1,31,1408,28,1,1,allocated
765,1189,normal,0,0,65535_65535,1,6,87,1408,0,1,0,31,0,28,1,1,pre_allocation
765,1189,normal,0,0,65535_65535,1,6,87,1454,1,1,1,32,1454,28,1,1,allocated
765,1189,normal,0,0,65535_65535,1,7,87,1408,0,1,0,31,0,28,1,1,pre_allocation
765,1189,normal,0,0,65535_65535,1,7,87,1454,1,1,1,32,1454,28,1,1,allocated
765,1189,normal,0,0,65535_65535,1,9,87,1408,0,1,0,31,0,28,1,1,pre_allocation
765,1189,normal,0,0,65535_65535,1,9,87,1454,1,1,1,32,1454,28,1,1,allocated
765,1189,normal,0,0,65535_65535,1,10,87,1408,0,1,0,31,0,28,1,1,pre_allocation
765,1189,normal,0,0,65535_65535,1,10,87,1454,1,1,1,32,1454,28,1,1,allocated
765,1189,normal,0,0,65535_65535,1,6,87,1454,0,1,0,32,0,28,1,1,pre_allocation
765,1189,normal,0,0,65535_65535,1,6,87,1499,1,1,1,33,1499,28,1,1,allocated
765,1189,normal,0,0,65535_65535,1,7,87,1454,0,1,0,32,0,28,1,1,pre_allocation
765,1189,normal,0,0,65535_65535,1,7,87,1499,1,1,1,33,1499,28,1,1,allocated
765,1189,normal,0,0,65535_65535,1,9,87,1454,0,1,0,32,0,28,1,1,pre_allocation
765,1189,normal,0,0,65535_65535,1,9,87,1499,1,1,1,33,1499,28,1,1,allocated
765,1189,normal,0,0,65535_65535,1,10,87,1454,0,1,0,32,0,28,1,1,pre_allocation
765,1189,normal,0,0,65535_65535,1,10,87,1499,1,1,1,33,1499,28,1,1,allocated
765,1189,normal,0,0,65535_65535,1,6,87,1499,0,1,0,33,0,28,1,1,pre_allocation
765,1189,normal,0,0,65535_65535,1,6,87,1542,1,1,1,34,1542,28,1,1,allocated
765,1189,normal,0,0,65535_65535,1,7,87,1499,0,1,0,33,0,28,1,1,pre_allocation
765,1189,normal,0,0,65535_65535,1,7,87,1542,1,1,1,34,1542,28,1,1,allocated
765,1189,normal,0,0,65535_65535,1,9,87,1499,0,1,0,33,0,28,1,1,pre_allocation
765,1189,normal,0,0,65535_65535,1,9,87,1542,1,1,1,34,1542,28,1,1,allocated
765,1189,normal,0,0,65535_65535,1,10,87,1499,0,1,0,33,0,28,1,1,pre_allocation
765,1189,normal,0,0,65535_65535,1,10,87,1542,1,1,1,34,1542,28,1,1,allocated
765,1189,normal,0,0,65535_65535,1,6,87,1542,0,1,0,34,0,28,1,1,pre_allocation
765,1189,normal,0,0,65535_65535,1,6,87,1587,1,1,1,35,1587,28,1,1,allocated
765,1189,normal,0,0,65535_65535,1,7,87,1542,0,1,0,34,0,28,1,1,pre_allocation
765,1189,normal,0,0,65535_65535,1,7,87,1587,1,1,1,35,1587,28,1,1,allocated
765,1189,normal,0,0,65535_65535,1,9,87,1542,0,1,0,34,0,28,1,1,pre_allocation
765,1189,normal,0,0,65535_65535,1,9,87,1587,1,1,1,35,1587,28,1,1,allocated
765,1189,normal,0,0,65535_65535,1,10,87,1542,0,1,0,34,0,28,1,1,pre_allocation
765,1189,normal,0,0,65535_65535,1,10,87,1587,1,1,1,35,1587,28,1,1,allocated
765,1189,normal,0,0,65535_65535,1,6,87,1587,0,1,0,35,0,28,1,1,pre_allocation
765,1189,normal,0,0,65535_65535,1,6,87,1633,1,1,1,36,1633,28,1,1,allocated
765,1189,normal,0,0,65535_65535,1,7,87,1587,0,1,0,35,0,28,1,1,pre_allocation
765,1189,normal,0,0,65535_65535,1,7,87,1633,1,1,1,36,1633,28,1,1,allocated
765,1189,normal,0,0,65535_65535,1,9,87,1587,0,1,0,35,0,28,1,1,pre_allocation
765,1189,normal,0,0,65535_65535,1,9,87,1633,1,1,1,36,1633,28,1,1,allocated
765,1189,normal,0,0,65535_65535,1,10,87,1587,0,1,0,35,0,28,1,1,pre_allocation
765,1189,normal,0,0,65535_65535,1,10,87,1633,1,1,1,36,1633,28,1,1,allocated
765,1189,normal,0,0,65535_65535,1,6,87,1633,0,1,0,36,0,28,1,1,pre_allocation
765,1189,normal,0,0,65535_65535,1,6,87,1678,1,1,1,37,1678,28,1,1,allocated
765,1189,normal,0,0,65535_65535,1,7,87,1633,0,1,0,36,0,28,1,1,pre_allocation
765,1189,normal,0,0,65535_65535,1,7,87,1678,1,1,1,37,1678,28,1,1,allocated
765,1189,normal,0,0,65535_65535,1,9,87,1633,0,1,0,36,0,28,1,1,pre_allocation
765,1189,normal,0,0,65535_65535,1,9,87,1678,1,1,1,37,1678,28,1,1,allocated
765,1189,normal,0,0,65535_65535,1,10,87,1633,0,1,0,36,0,28,1,1,pre_allocation
765,1189,normal,0,0,65535_65535,1,10,87,1678,1,1,1,37,1678,28,1,1,allocated
765,1189,normal,0,0,65535_65535,1,6,87,1678,0,1,0,37,0,28,1,1,pre_allocation
765,1189,normal,0,0,65535_65535,1,6,87,1724,1,1,1,38,1724,28,1,1,allocated
765,1189,normal,0,0,65535_65535,1,7,87,1678,0,1,0,37,0,28,1,1,pre_allocation
765,1189,normal,0,0,65535_65535,1,7,87,1724,1,1,1,38,1724,28,1,1,allocated
765,1189,normal,0,0,65535_65535,1,9,87,1678,0,1,0,37,0,28,1,1,pre_allocation
765,1189,normal,0,0,65535_65535,1,9,87,1724,1,1,1,38,1724,28,1,1,allocated
765,1189,normal,0,0,65535_65535,1,10,87,1678,0,1,0,37,0,28,1,1,pre_allocation
765,1189,normal,0,0,65535_65535,1,10,87,1724,1,1,1,38,1724,28,1,1,allocated
765,1189,normal,0,0,65535_65535,1,6,87,1724,0,1,0,38,0,28,1,1,pre_allocation
765,1189,normal,0,0,65535_65535,1,6,87,1770,1,1,1,39,1770,28,1,1,allocated
765,1189,normal,0,0,65535_65535,1,7,87,1724,0,1,0,38,0,28,1,1,pre_allocation
765,1189,normal,0,0,65535_65535,1,7,87,1770,1,1,1,39,1770,28,1,1,allocated
765,1189,normal,0,0,65535_65535,1,9,87,1724,0,1,0,38,0,28,1,1,pre_allocation
765,1189,normal,0,0,65535_65535,1,9,87,1770,1,1,1,39,1770,28,1,1,allocated
765,1189,normal,0,0,65535_65535,1,10,87,1724,0,1,0,38,0,28,1,1,pre_allocation
765,1189,normal,0,0,65535_65535,1,10,87,1770,1,1,1,39,1770,28,1,1,allocated
765,1189,normal,0,0,65535_65535,1,6,87,1770,0,1,0,39,0,28,1,1,pre_allocation
765,1189,normal,0,0,65535_65535,1,6,87,1815,1,1,1,40,1815,28,1,1,allocated
765,1189,normal,0,0,65535_65535,1,7,87,1770,0,1,0,39,0,28,1,1,pre_allocation
765,1189,normal,0,0,65535_65535,1,7,87,1815,1,1,1,40,1815,28,1,1,allocated
765,1189,normal,0,0,65535_65535,1,9,87,1770,0,1,0,39,0,28,1,1,pre_allocation
765,1189,normal,0,0,65535_65535,1,9,87,1815,1,1,1,40,1815,28,1,1,allocated
765,1189,normal,0,0,65535_65535,1,10,87,1770,0,1,0,39,0,28,1,1,pre_allocation
765,1189,normal,0,0,65535_65535,1,10,87,1815,1,1,1,40,1815,28,1,1,allocated
877,1287,normal,0,0,65535_65535,0,1,21974,0,0,1,0,0,0,26,1,1,pre_allocation
877,1287,normal,0,0,65535_65535,0,1,21974,39,1,1,1,1,39,26,1,1,allocated
877,1287,normal,0,0,65535_65535,0,5,9715,0,0,1,0,0,0,28,1,1,pre_allocation
877,1287,normal,0,0,65535_65535,0,5,9715,42,1,1,1,1,42,28,1,1,allocated
877,1287,normal,0,0,65535_65535,0,4,8521,0,0,1,0,0,0,28,1,1,pre_allocation
877,1287,normal,0,0,65535_65535,0,4,8521,42,1,1,1,1,42,28,1,1,allocated
877,1287,normal,0,0,65535_65535,0,3,7865,0,0,1,0,0,0,28,1,1,pre_allocation
877,1287,normal,0,0,65535_65535,0,3,7865,42,1,1,1,1,42,28,1,1,allocated
877,1287,normal,0,0,65535_65535,0,2,6901,0,0,1,0,0,0,28,1,1,pre_allocation
877,1287,normal,0,0,65535_65535,0,2,6901,42,1,1,1,1,42,28,1,1,allocated
877,1287,normal,0,0,65535_65535,0,1,21974,39,0,1,0,1,0,26,1,1,pre_allocation
877,1287,normal,0,0,65535_65535,0,1,21974,81,1,1,1,2,81,26,1,1,allocated
877,1287,normal,0,0,65535_65535,0,5,9715,42,0,1,0,1,0,28,1,1,pre_allocation
877,1287,normal,0,0,65535_65535,0,5,9715,88,1,1,1,2,88,28,1,1,allocated
877,1287,normal,0,0,65535_65535,0,4,8521,42,0,1,0,1,0,28,1,1,pre_allocation
877,1287,normal,0,0,65535_65535,0,4,8521,88,1,1,1,2,88,28,1,1,allocated
877,1287,normal,0,0,65535_65535,0,3,7865,42,0,1,0,1,0,28,1,1,pre_allocation
877,1287,normal,0,0,65535_65535,0,3,7865,88,1,1,1,2,88,28,1,1,allocated
877,1287,normal,0,0,65535_65535,0,2,6901,42,0,1,0,1,0,28,1,1,pre_allocation
877,1287,normal,0,0,65535_65535,0,2,6901,88,1,1,1,2,88,28,1,1,allocated
877,1287,normal,0,0,65535_65535,0,1,21974,81,0,1,0,2,0,26,1,1,pre_allocation
877,1287,normal,0,0,65535_65535,0,1,21974,123,1,1,1,3,123,26,1,1,allocated
877,1287,normal,0,0,65535_65535,0,5,9715,88,0,1,0,2,0,28,1,1,pre_allocation
877,1287,normal,0,0,65535_65535,0,5,9715,133,1,1,1,3,133,28,1,1,allocated
877,1287,normal,0,0,65535_65535,0,4,8521,88,0,1,0,2,0,28,1,1,pre_allocation
877,1287,normal,0,0,65535_65535,0,4,8521,133,1,1,1,3,133,28,1,1,allocated
877,1287,normal,0,0,65535_65535,0,3,7865,88,0,1,0,2,0,28,1,1,pre_allocation
877,1287,normal,0,0,65535_65535,0,3,7865,133,1,1,1,3,133,28,1,1,allocated
877,1287,normal,0,0,65535_65535,0,2,6901,88,0,1,0,2,0,28,1,1,pre_allocation
877,1287,normal,0,0,65535_65535,0,2,6901,133,1,1,1,3,133,28,1,1,allocated
877,1287,normal,0,0,65535_65535,0,1,21974,123,0,1,0,3,0,26,1,1,pre_allocation
877,1287,normal,0,0,65535_65535,0,1,21974,165,1,1,1,4,165,26,1,1,allocated
877,1287,normal,0,0,65535_65535,0,5,9715,133,0,1,0,3,0,28,1,1,pre_allocation
877,1287,normal,0,0,65535_65535,0,5,9715,179,1,1,1,4,179,28,1,1,allocated
877,1287,normal,0,0,65535_65535,0,4,8521,133,0,1,0,3,0,28,1,1,pre_allocation
877,1287,normal,0,0,65535_65535,0,4,8521,179,1,1,1,4,179,28,1,1,allocated
877,1287,normal,0,0,65535_65535,0,3,7865,133,0,1,0,3,0,28,1,1,pre_allocation
877,1287,normal,0,0,65535_65535,0,3,7865,179,1,1,1,4,179,28,1,1,allocated
877,1287,normal,0,0,65535_65535,0,2,6901,133,0,1,0,3,0,28,1,1,pre_allocation
877,1287,normal,0,0,65535_65535,0,2,6901,179,1,1,1,4,179,28,1,1,allocated
877,1287,normal,0,0,65535_65535,0,1,21974,165,0,1,0,4,0,26,1,1,pre_allocation
877,1287,normal,0,0,65535_65535,0,1,21974,207,1,1,1,5,207,26,1,1,allocated
877,1287,normal,0,0,65535_65535,0,5,9715,179,0,1,0,4,0,28,1,1,pre_allocation
877,1287,normal,0,0,65535_65535,0,5,9715,224,1,1,1,5,224,28,1,1,allocated
877,1287,normal,0,0,65535_65535,0,4,8521,179,0,1,0,4,0,28,1,1,pre_allocation
877,1287,normal,0,0,65535_65535,0,4,8521,224,1,1,1,5,224,28,1,1,allocated
877,1287,normal,0,0,65535_65535,0,3,7865,179,0,1,0,4,0,28,1,1,pre_allocation
877,1287,normal,0,0,65535_65535,0,3,7865,224,1,1,1,5,224,28,1,1,allocated
877,1287,normal,0,0,65535_65535,0,2,6901,179,0,1,0,4,0,28,1,1,pre_allocation
877,1287,normal,0,0,65535_65535,0,2,6901,224,1,1,1,5,224,28,1,1,allocated
877,1287,normal,0,0,65535_65535,0,1,21974,207,0,1,0,5,0,26,1,1,pre_allocation
877,1287,normal,0,0,65535_65535,0,1,21974,249,1,1,1,6,249,26,1,1,allocated
877,1287,normal,0,0,65535_65535,0,5,9715,224,0,1,0,5,0,28,1,1,pre_allocation
877,1287,normal,0,0,65535_65535,0,5,9715,270,1,1,1,6,270,28,1,1,allocated
877,1287,normal,0,0,65535_65535,0,4,8521,224,0,1,0,5,0,28,1,1,pre_allocation
877,1287,normal,0,0,65535_65535,0,4,8521,270,1,1,1,6,270,28,1,1,allocated
877,1287,normal,0,0,65535_65535,0,3,7865,224,0,1,0,5,0,28,1,1,pre_allocation
877,1287,normal,0,0,65535_65535,0,3,7865,270,1,1,1,6,270,28,1,1,allocated
877,1287,normal,0,0,65535_65535,0,2,6901,224,0,1,0,5,0,28,1,1,pre_allocation
877,1287,normal,0,0,65535_65535,0,2,6901,270,1,1,1,6,270,28,1,1,allocated
877,1287,normal,0,0,65535_65535,0,1,21974,249,0,1,0,6,0,26,1,1,pre_allocation
877,1287,normal,0,0,65535_65535,0,1,21974,291,1,1,1,7,291,26,1,1,allocated
877,1287,normal,0,0,65535_65535,0,5,9715,270,0,1,0,6,0,28,1,1,pre_allocation
877,1287,normal,0,0,65535_65535,0,5,9715,315,1,1,1,7,315,28,1,1,allocated
877,1287,normal,0,0,65535_65535,0,4,8521,270,0,1,0,6,0,28,1,1,pre_allocation
877,1287,normal,0,0,65535_65535,0,4,8521,315,1,1,1,7,315,28,1,1,allocated
877,1287,normal,0,0,65535_65535,0,3,7865,270,0,1,0,6,0,28,1,1,pre_allocation
877,1287,normal,0,0,65535_65535,0,3,7865,315,1,1,1,7,315,28,1,1,allocated
877,1287,normal,0,0,65535_65535,0,2,6901,270,0,1,0,6,0,28,1,1,pre_allocation
877,1287,normal,0,0,65535_65535,0,2,6901,315,1,1,1,7,315,28,1,1,allocated
877,1287,normal,0,0,65535_65535,0,1,21974,291,0,1,0,7,0,26,1,1,pre_allocation
877,1287,normal,0,0,65535_65535,0,1,21974,333,1,1,1,8,333,26,1,1,allocated
877,1287,normal,0,0,65535_65535,0,5,9715,315,0,1,0,7,0,28,1,1,pre_allocation
877,1287,normal,0,0,65535_65535,0,5,9715,361,1,1,1,8,361,28,1,1,allocated
877,1287,normal,0,0,65535_65535,0,4,8521,315,0,1,0,7,0,28,1,1,pre_allocation
877,1287,normal,0,0,65535_65535,0,4,8521,361,1,1,1,8,361,28,1,1,allocated
877,1287,normal,0,0,65535_65535,0,3,7865,315,0,1,0,7,0,28,1,1,pre_allocation
877,1287,normal,0,0,65535_65535,0,3,7865,361,1,1,1,8,361,28,1,1,allocated
877,1287,normal,0,0,65535_65535,0,2,6901,315,0,1,0,7,0,28,1,1,pre_allocation
877,1287,normal,0,0,65535_65535,0,2,6901,361,1,1,1,8,361,28,1,1,allocated
877,1287,normal,0,0,65535_65535,0,1,21974,333,0,1,0,8,0,26,1,1,pre_allocation
877,1287,normal,0,0,65535_65535,0,1,21974,375,1,1,1,9,375,26,1,1,allocated
877,1287,normal,0,0,65535_65535,0,5,9715,361,0,1,0,8,0,28,1,1,pre_allocation
877,1287,normal,0,0,65535_65535,0,5,9715,406,1,1,1,9,406,28,1,1,allocated
877,1287,normal,0,0,65535_65535,0,4,8521,361,0,1,0,8,0,28,1,1,pre_allocation
877,1287,normal,0,0,65535_65535,0,4,8521,406,1,1,1,9,406,28,1,1,allocated
877,1287,normal,0,0,65535_65535,0,3,7865,361,0,1,0,8,0,28,1,1,pre_allocation
877,1287,normal,0,0,65535_65535,0,3,7865,406,1,1,1,9,406,28,1,1,allocated
877,1287,normal,0,0,65535_65535,0,2,6901,361,0,1,0,8,0,28,1,1,pre_allocation
877,1287,normal,0,0,65535_65535,0,2,6901,406,1,1,1,9,406,28,1,1,allocated
877,1287,normal,0,0,65535_65535,0,1,21974,375,0,1,0,9,0,26,1,1,pre_allocation
877,1287,normal,0,0,65535_65535,0,1,21974,417,1,1,1,10,417,26,1,1,allocated
877,1287,normal,0,0,65535_65535,0,5,9715,406,0,1,0,9,0,28,1,1,pre_allocation
877,1287,normal,0,0,65535_65535,0,5,9715,452,1,1,1,10,452,28,1,1,allocated
877,1287,normal,0,0,65535_65535,0,4,8521,406,0,1,0,9,0,28,1,1,pre_allocation
877,1287,normal,0,0,65535_65535,0,4,8521,452,1,1,1,10,452,28,1,1,allocated
877,1287,normal,0,0,65535_65535,0,3,7865,406,0,1,0,9,0,28,1,1,pre_allocation
877,1287,normal,0,0,65535_65535,0,3,7865,452,1,1,1,10,452,28,1,1,allocated
877,1287,normal,0,0,65535_65535,0,2,6901,406,0,1,0,9,0,28,1,1,pre_allocation
877,1287,normal,0,0,65535_65535,0,2,6901,452,1,1,1,10,452,28,1,1,allocated
877,1287,normal,0,0,65535_65535,0,1,21974,417,0,1,0,10,0,26,1,1,pre_allocation
877,1287,normal,0,0,65535_65535,0,1,21974,459,1,1,1,11,459,26,1,1,allocated
877,1287,normal,0,0,65535_65535,0,5,9715,452,0,1,0,10,0,28,1,1,pre_allocation
877,1287,normal,0,0,65535_65535,0,5,9715,497,1,1,1,11,497,28,1,1,allocated
877,1287,normal,0,0,65535_65535,0,4,8521,452,0,1,0,10,0,28,1,1,pre_allocation
877,1287,normal,0,0,65535_65535,0,4,8521,497,1,1,1,11,497,28,1,1,allocated
877,1287,normal,0,0,65535_65535,0,3,7865,452,0,1,0,10,0,28,1,1,pre_allocation
877,1287,normal,0,0,65535_65535,0,3,7865,497,1,1,1,11,497,28,1,1,allocated
877,1287,normal,0,0,65535_65535,0,2,6901,452,0,1,0,10,0,28,1,1,pre_allocation
877,1287,normal,0,0,65535_65535,0,2,6901,497,1,1,1,11,497,28,1,1,allocated
877,1287,normal,0,0,65535_65535,0,1,21974,459,0,1,0,11,0,26,1,1,pre_allocation
877,1287,normal,0,0,65535_65535,0,1,21974,501,1,1,1,12,501,26,1,1,allocated
877,1287,normal,0,0,65535_65535,0,5,9715,497,0,1,0,11,0,28,1,1,pre_allocation
877,1287,normal,0,0,65535_65535,0,5,9715,543,1,1,1,12,543,28,1,1,allocated
877,1287,normal,0,0,65535_65535,0,4,8521,497,0,1,0,11,0,28,1,1,pre_allocation
877,1287,normal,0,0,65535_65535,0,4,8521,543,1,1,1,12,543,28,1,1,allocated
877,1287,normal,0,0,65535_65535,0,3,7865,497,0,1,0,11,0,28,1,1,pre_allocation
877,1287,normal,0,0,65535_65535,0,3,7865,543,1,1,1,12,543,28,1,1,allocated
877,1287,normal,0,0,65535_65535,0,2,6901,497,0,1,0,11,0,28,1,1,pre_allocation
877,1287,normal,0,0,65535_65535,0,2,6901,543,1,1,1,12,543,28,1,1,allocated
877,1287,normal,0,0,65535_65535,0,1,21974,501,0,1,0,12,0,26,1,1,pre_allocation
877,1287,normal,0,0,65535_65535,0,1,21974,543,1,1,1,13,543,26,1,1,allocated
877,1287,normal,0,0,65535_65535,0,5,9715,543,0,1,0,12,0,28,1,1,pre_allocation
877,1287,normal,0,0,65535_65535,0,5,9715,589,1,1,1,13,589,28,1,1,allocated
877,1287,normal,0,0,65535_65535,0,4,8521,543,0,1,0,12,0,28,1,1,pre_allocation
877,1287,normal,0,0,65535_65535,0,4,8521,589,1,1,1,13,589,28,1,1,allocated
877,1287,normal,0,0,65535_65535,0,3,7865,543,0,1,0,12,0,28,1,1,pre_allocation
877,1287,normal,0,0,65535_65535,0,3,7865,589,1,1,1,13,589,28,1,1,allocated
877,1287,normal,0,0,65535_65535,0,2,6901,543,0,1,0,12,0,28,1,1,pre_allocation
877,1287,normal,0,0,65535_65535,0,2,6901,589,1,1,1,13,589,28,1,1,allocated
877,1287,normal,0,0,65535_65535,0,1,21974,543,0,1,0,13,0,26,1,1,pre_allocation
877,1287,normal,0,0,65535_65535,0,1,21974,586,1,1,1,14,586,26,1,1,allocated
877,1287,normal,0,0,65535_65535,0,5,9715,589,0,1,0,13,0,28,1,1,pre_allocation
877,1287,normal,0,0,65535_65535,0,5,9715,634,1,1,1,14,634,28,1,1,allocated
877,1287,normal,0,0,65535_65535,0,4,8521,589,0,1,0,13,0,28,1,1,pre_allocation
877,1287,normal,0,0,65535_65535,0,4,8521,634,1,1,1,14,634,28,1,1,allocated
877,1287,normal,0,0,65535_65535,0,3,7865,589,0,1,0,13,0,28,1,1,pre_allocation
877,1287,normal,0,0,65535_65535,0,3,7865,634,1,1,1,14,634,28,1,1,allocated
877,1287,normal,0,0,65535_65535,0,2,6901,589,0,1,0,13,0,28,1,1,pre_allocation
877,1287,normal,0,0,65535_65535,0,2,6901,634,1,1,1,14,634,28,1,1,allocated
877,1287,normal,0,0,65535_65535,0,1,21974,586,0,1,0,14,0,26,1,1,pre_allocation
877,1287,normal,0,0,65535_65535,0,1,21974,628,1,1,1,15,628,26,1,1,allocated
877,1287,normal,0,0,65535_65535,1,10,87,0,0,1,0,0,0,28,1,1,pre_allocation
877,1287,normal,0,0,65535_65535,1,10,87,42,1,1,1,1,42,28,1,1,allocated
877,1287,normal,0,0,65535_65535,1,9,87,0,0,1,0,0,0,28,1,1,pre_allocation
877,1287,normal,0,0,65535_65535,1,9,87,42,1,1,1,1,42,28,1,1,allocated
877,1287,normal,0,0,65535_65535,1,7,87,0,0,1,0,0,0,28,1,1,pre_allocation
877,1287,normal,0,0,65535_65535,1,7,87,42,1,1,1,1,42,28,1,1,allocated
877,1287,normal,0,0,65535_65535,1,6,87,0,0,1,0,0,0,28,1,1,pre_allocation
877,1287,normal,0,0,65535_65535,1,6,87,42,1,1,1,1,42,28,1,1,allocated
877,1287,normal,0,0,65535_65535,1,10,87,42,0,1,0,1,0,28,1,1,pre_allocation
877,1287,normal,0,0,65535_65535,1,10,87,88,1,1,1,2,88,28,1,1,allocated
877,1287,normal,0,0,65535_65535,1,9,87,42,0,1,0,1,0,28,1,1,pre_allocation
877,1287,normal,0,0,65535_65535,1,9,87,88,1,1,1,2,88,28,1,1,allocated
877,1287,normal,0,0,65535_65535,1,7,87,42,0,1,0,1,0,28,1,1,pre_allocation
877,1287,normal,0,0,65535_65535,1,7,87,88,1,1,1,2,88,28,1,1,allocated
877,1287,normal,0,0,65535_65535,1,6,87,42,0,1,0,1,0,28,1,1,pre_allocation
877,1287,normal,0,0,65535_65535,1,6,87,88,1,1,1,2,88,28,1,1,allocated
877,1287,normal,0,0,65535_65535,1,10,87,88,0,1,0,2,0,28,1,1,pre_allocation
877,1287,normal,0,0,65535_65535,1,10,87,133,1,1,1,3,133,28,1,1,allocated
877,1287,normal,0,0,65535_65535,1,9,87,88,0,1,0,2,0,28,1,1,pre_allocation
877,1287,normal,0,0,65535_65535,1,9,87,133,1,1,1,3,133,28,1,1,allocated
877,1287,normal,0,0,65535_65535,1,7,87,88,0,1,0,2,0,28,1,1,pre_allocation
877,1287,normal,0,0,65535_65535,1,7,87,133,1,1,1,3,133,28,1,1,allocated
877,1287,normal,0,0,65535_65535,1,6,87,88,0,1,0,2,0,28,1,1,pre_allocation
877,1287,normal,0,0,65535_65535,1,6,87,133,1,1,1,3,133,28,1,1,allocated
877,1287,normal,0,0,65535_65535,1,10,87,133,0,1,0,3,0,28,1,1,pre_allocation
877,1287,normal,0,0,65535_65535,1,10,87,179,1,1,1,4,179,28,1,1,allocated
877,1287,normal,0,0,65535_65535,1,9,87,133,0,1,0,3,0,28,1,1,pre_allocation
877,1287,normal,0,0,65535_65535,1,9,87,179,1,1,1,4,179,28,1,1,allocated
877,1287,normal,0,0,65535_65535,1,7,87,133,0,1,0,3,0,28,1,1,pre_allocation
877,1287,normal,0,0,65535_65535,1,7,87,179,1,1,1,4,179,28,1,1,allocated
877,1287,normal,0,0,65535_65535,1,6,87,133,0,1,0,3,0,28,1,1,pre_allocation
877,1287,normal,0,0,65535_65535,1,6,87,179,1,1,1,4,179,28,1,1,allocated
877,1287,normal,0,0,65535_65535,1,10,87,179,0,1,0,4,0,28,1,1,pre_allocation
877,1287,normal,0,0,65535_65535,1,10,87,224,1,1,1,5,224,28,1,1,allocated
877,1287,normal,0,0,65535_65535,1,9,87,179,0,1,0,4,0,28,1,1,pre_allocation
877,1287,normal,0,0,65535_65535,1,9,87,224,1,1,1,5,224,28,1,1,allocated
877,1287,normal,0,0,65535_65535,1,7,87,179,0,1,0,4,0,28,1,1,pre_allocation
877,1287,normal,0,0,65535_65535,1,7,87,224,1,1,1,5,224,28,1,1,allocated
877,1287,normal,0,0,65535_65535,1,6,87,179,0,1,0,4,0,28,1,1,pre_allocation
877,1287,normal,0,0,65535_65535,1,6,87,224,1,1,1,5,224,28,1,1,allocated
877,1287,normal,0,0,65535_65535,1,10,87,224,0,1,0,5,0,28,1,1,pre_allocation
877,1287,normal,0,0,65535_65535,1,10,87,270,1,1,1,6,270,28,1,1,allocated
877,1287,normal,0,0,65535_65535,1,9,87,224,0,1,0,5,0,28,1,1,pre_allocation
877,1287,normal,0,0,65535_65535,1,9,87,270,1,1,1,6,270,28,1,1,allocated
877,1287,normal,0,0,65535_65535,1,7,87,224,0,1,0,5,0,28,1,1,pre_allocation
877,1287,normal,0,0,65535_65535,1,7,87,270,1,1,1,6,270,28,1,1,allocated
877,1287,normal,0,0,65535_65535,1,6,87,224,0,1,0,5,0,28,1,1,pre_allocation
877,1287,normal,0,0,65535_65535,1,6,87,270,1,1,1,6,270,28,1,1,allocated
877,1287,normal,0,0,65535_65535,1,10,87,270,0,1,0,6,0,28,1,1,pre_allocation
877,1287,normal,0,0,65535_65535,1,10,87,315,1,1,1,7,315,28,1,1,allocated
877,1287,normal,0,0,65535_65535,1,9,87,270,0,1,0,6,0,28,1,1,pre_allocation
877,1287,normal,0,0,65535_65535,1,9,87,315,1,1,1,7,315,28,1,1,allocated
877,1287,normal,0,0,65535_65535,1,7,87,270,0,1,0,6,0,28,1,1,pre_allocation
877,1287,normal,0,0,65535_65535,1,7,87,315,1,1,1,7,315,28,1,1,allocated
877,1287,normal,0,0,65535_65535,1,6,87,270,0,1,0,6,0,28,1,1,pre_allocation
877,1287,normal,0,0,65535_65535,1,6,87,315,1,1,1,7,315,28,1,1,allocated
877,1287,normal,0,0,65535_65535,1,10,87,315,0,1,0,7,0,28,1,1,pre_allocation
877,1287,normal,0,0,65535_65535,1,10,87,361,1,1,1,8,361,28,1,1,allocated
877,1287,normal,0,0,65535_65535,1,9,87,315,0,1,0,7,0,28,1,1,pre_allocation
877,1287,normal,0,0,65535_65535,1,9,87,361,1,1,1,8,361,28,1,1,allocated
877,1287,normal,0,0,65535_65535,1,7,87,315,0,1,0,7,0,28,1,1,pre_allocation
877,1287,normal,0,0,65535_65535,1,7,87,361,1,1,1,8,361,28,1,1,allocated
877,1287,normal,0,0,65535_65535,1,6,87,315,0,1,0,7,0,28,1,1,pre_allocation
877,1287,normal,0,0,65535_65535,1,6,87,361,1,1,1,8,361,28,1,1,allocated
877,1287,normal,0,0,65535_65535,1,10,87,361,0,1,0,8,0,28,1,1,pre_allocation
877,1287,normal,0,0,65535_65535,1,10,87,406,1,1,1,9,406,28,1,1,allocated
877,1287,normal,0,0,65535_65535,1,9,87,361,0,1,0,8,0,28,1,1,pre_allocation
877,1287,normal,0,0,65535_65535,1,9,87,406,1,1,1,9,406,28,1,1,allocated
877,1287,normal,0,0,65535_65535,1,7,87,361,0,1,0,8,0,28,1,1,pre_allocation
877,1287,normal,0,0,65535_65535,1,7,87,406,1,1,1,9,406,28,1,1,allocated
877,1287,normal,0,0,65535_65535,1,6,87,361,0,1,0,8,0,28,1,1,pre_allocation
877,1287,normal,0,0,65535_65535,1,6,87,406,1,1,1,9,406,28,1,1,allocated
877,1287,normal,0,0,65535_65535,1,10,87,406,0,1,0,9,0,28,1,1,pre_allocation
877,1287,normal,0,0,65535_65535,1,10,87,452,1,1,1,10,452,28,1,1,allocated
877,1287,normal,0,0,65535_65535,1,9,87,406,0,1,0,9,0,28,1,1,pre_allocation
877,1287,normal,0,0,65535_65535,1,9,87,452,1,1,1,10,452,28,1,1,allocated
877,1287,normal,0,0,65535_65535,1,7,87,406,0,1,0,9,0,28,1,1,pre_allocation
877,1287,normal,0,0,65535_65535,1,7,87,452,1,1,1,10,452,28,1,1,allocated
877,1287,normal,0,0,65535_65535,1,6,87,406,0,1,0,9,0,28,1,1,pre_allocation
877,1287,normal,0,0,65535_65535,1,6,87,452,1,1,1,10,452,28,1,1,allocated
877,1287,normal,0,0,65535_65535,1,10,87,452,0,1,0,10,0,28,1,1,pre_allocation
877,1287,normal,0,0,65535_65535,1,10,87,497,1,1,1,11,497,28,1,1,allocated
877,1287,normal,0,0,65535_65535,1,9,87,452,0,1,0,10,0,28,1,1,pre_allocation
877,1287,normal,0,0,65535_65535,1,9,87,497,1,1,1,11,497,28,1,1,allocated
877,1287,normal,0,0,65535_65535,1,7,87,452,0,1,0,10,0,28,1,1,pre_allocation
877,1287,normal,0,0,65535_65535,1,7,87,497,1,1,1,11,497,28,1,1,allocated
877,1287,normal,0,0,65535_65535,1,6,87,452,0,1,0,10,0,28,1,1,pre_allocation
877,1287,normal,0,0,65535_65535,1,6,87,497,1,1,1,11,497,28,1,1,allocated
877,1287,normal,0,0,65535_65535,1,10,87,497,0,1,0,11,0,28,1,1,pre_allocation
877,1287,normal,0,0,65535_65535,1,10,87,543,1,1,1,12,543,28,1,1,allocated
877,1287,normal,0,0,65535_65535,1,9,87,497,0,1,0,11,0,28,1,1,pre_allocation
877,1287,normal,0,0,65535_65535,1,9,87,543,1,1,1,12,543,28,1,1,allocated
877,1287,normal,0,0,65535_65535,1,7,87,497,0,1,0,11,0,28,1,1,pre_allocation
877,1287,normal,0,0,65535_65535,1,7,87,543,1,1,1,12,543,28,1,1,allocated
877,1287,normal,0,0,65535_65535,1,6,87,497,0,1,0,11,0,28,1,1,pre_allocation
877,1287,normal,0,0,65535_65535,1,6,87,543,1,1,1,12,543,28,1,1,allocated
877,1287,normal,0,0,65535_65535,1,10,87,543,0,1,0,12,0,28,1,1,pre_allocation
877,1287,normal,0,0,65535_65535,1,10,87,589,1,1,1,13,589,28,1,1,allocated
877,1287,normal,0,0,65535_65535,1,9,87,543,0,1,0,12,0,28,1,1,pre_allocation
877,1287,normal,0,0,65535_65535,1,9,87,589,1,1,1,13,589,28,1,1,allocated
877,1287,normal,0,0,65535_65535,1,7,87,543,0,1,0,12,0,28,1,1,pre_allocation
877,1287,normal,0,0,65535_65535,1,7,87,589,1,1,1,13,589,28,1,1,allocated
877,1287,normal,0,0,65535_65535,1,6,87,543,0,1,0,12,0,28,1,1,pre_allocation
877,1287,normal,0,0,65535_65535,1,6,87,589,1,1,1,13,589,28,1,1,allocated
877,1287,normal,0,0,65535_65535,1,10,87,589,0,1,0,13,0,28,1,1,pre_allocation
877,1287,normal,0,0,65535_65535,1,10,87,634,1,1,1,14,634,28,1,1,allocated
877,1287,normal,0,0,65535_65535,1,9,87,589,0,1,0,13,0,28,1,1,pre_allocation
877,1287,normal,0,0,65535_65535,1,9,87,634,1,1,1,14,634,28,1,1,allocated
877,1287,normal,0,0,65535_65535,1,7,87,589,0,1,0,13,0,28,1,1,pre_allocation
877,1287,normal,0,0,65535_65535,1,7,87,634,1,1,1,14,634,28,1,1,allocated
877,1287,normal,0,0,65535_65535,1,6,87,589,0,1,0,13,0,28,1,1,pre_allocation
877,1287,normal,0,0,65535_65535,1,6,87,634,1,1,1,14,634,28,1,1,allocated
877,1287,normal,0,0,65535_65535,1,10,87,634,0,1,0,14,0,28,1,1,pre_allocation
877,1287,normal,0,0,65535_65535,1,10,87,680,1,1,1,15,680,28,1,1,allocated
877,1287,normal,0,0,65535_65535,1,9,87,634,0,1,0,14,0,28,1,1,pre_allocation
877,1287,normal,0,0,65535_65535,1,9,87,680,1,1,1,15,680,28,1,1,allocated
877,1287,normal,0,0,65535_65535,1,7,87,634,0,1,0,14,0,28,1,1,pre_allocation
877,1287,normal,0,0,65535_65535,1,7,87,680,1,1,1,15,680,28,1,1,allocated
877,1287,normal,0,0,65535_65535,1,6,87,634,0,1,0,14,0,28,1,1,pre_allocation
877,1287,normal,0,0,65535_65535,1,6,87,680,1,1,1,15,680,28,1,1,allocated
877,1287,normal,0,0,65535_65535,1,10,87,680,0,1,0,15,0,28,1,1,pre_allocation
877,1287,normal,0,0,65535_65535,1,10,87,725,1,1,1,16,725,28,1,1,allocated
877,1287,normal,0,0,65535_65535,1,9,87,680,0,1,0,15,0,28,1,1,pre_allocation
877,1287,normal,0,0,65535_65535,1,9,87,725,1,1,1,16,725,28,1,1,allocated
877,1287,normal,0,0,65535_65535,1,7,87,680,0,1,0,15,0,28,1,1,pre_allocation
877,1287,normal,0,0,65535_65535,1,7,87,725,1,1,1,16,725,28,1,1,allocated
877,1287,normal,0,0,65535_65535,1,6,87,680,0,1,0,15,0,28,1,1,pre_allocation
877,1287,normal,0,0,65535_65535,1,6,87,725,1,1,1,16,725,28,1,1,allocated
877,1287,normal,0,0,65535_65535,1,10,87,725,0,1,0,16,0,28,1,1,pre_allocation
877,1287,normal,0,0,65535_65535,1,10,87,771,1,1,1,17,771,28,1,1,allocated
877,1287,normal,0,0,65535_65535,1,9,87,725,0,1,0,16,0,28,1,1,pre_allocation
877,1287,normal,0,0,65535_65535,1,9,87,771,1,1,1,17,771,28,1,1,allocated
877,1287,normal,0,0,65535_65535,2,11,137,0,0,1,0,0,0,28,1,1,pre_allocation
877,1287,normal,0,0,65535_65535,2,11,137,42,1,1,1,1,42,28,1,1,allocated
877,1287,normal,0,0,65535_65535,2,21,137,0,0,1,0,0,0,28,1,1,pre_allocation
877,1287,normal,0,0,65535_65535,2,21,137,42,1,1,1,1,42,28,1,1,allocated
877,1287,normal,0,0,65535_65535,2,22,137,0,0,1,0,0,0,28,1,1,pre_allocation
877,1287,normal,0,0,65535_65535,2,22,137,42,1,1,1,1,42,28,1,1,allocated
877,1287,normal,0,0,65535_65535,2,24,137,0,0,1,0,0,0,28,1,1,pre_allocation
877,1287,normal,0,0,65535_65535,2,24,137,42,1,1,1,1,42,28,1,1,allocated
877,1287,normal,0,0,65535_65535,2,25,137,0,0,1,0,0,0,28,1,1,pre_allocation
877,1287,normal,0,0,65535_65535,2,25,137,42,1,1,1,1,42,28,1,1,allocated
877,1287,normal,0,0,65535_65535,2,28,137,0,0,1,0,0,0,28,1,1,pre_allocation
877,1287,normal,0,0,65535_65535,2,28,137,42,1,1,1,1,42,28,1,1,allocated
877,1287,normal,0,0,65535_65535,2,27,137,0,0,1,0,0,0,28,1,1,pre_allocation
877,1287,normal,0,0,65535_65535,2,27,137,42,1,1,1,1,42,28,1,1,allocated
877,1287,normal,0,0,65535_65535,2,12,137,0,0,1,0,0,0,28,1,1,pre_allocation
877,1287,normal,0,0,65535_65535,2,12,137,42,1,1,1,1,42,28,1,1,allocated
877,1287,normal,0,0,65535_65535,2,26,533,0,0,1,0,0,0,15,1,1,pre_allocation
877,1287,normal,0,0,65535_65535,2,26,533,14,1,1,1,1,14,15,1,1,allocated
877,1287,normal,0,0,65535_65535,2,11,137,42,0,1,0,1,0,28,1,1,pre_allocation
877,1287,normal,0,0,65535_65535,2,11,137,88,1,1,1,2,88,28,1,1,allocated
877,1287,normal,0,0,65535_65535,2,21,137,42,0,1,0,1,0,28,1,1,pre_allocation
877,1287,normal,0,0,65535_65535,2,21,137,88,1,1,1,2,88,28,1,1,allocated
877,1287,normal,0,0,65535_65535,2,22,137,42,0,1,0,1,0,28,1,1,pre_allocation
877,1287,normal,0,0,65535_65535,2,22,137,88,1,1,1,2,88,28,1,1,allocated
877,1287,normal,0,0,65535_65535,2,24,137,42,0,1,0,1,0,28,1,1,pre_allocation
877,1287,normal,0,0,65535_65535,2,24,137,88,1,1,1,2,88,28,1,1,allocated
877,1287,normal,0,0,65535_65535,2,25,137,42,0,1,0,1,0,28,1,1,pre_allocation
877,1287,normal,0,0,65535_65535,2,25,137,88,1,1,1,2,88,28,1,1,allocated
877,1287,normal,0,0,65535_65535,2,28,137,42,0,1,0,1,0,28,1,1,pre_allocation
877,1287,normal,0,0,65535_65535,2,28,137,88,1,1,1,2,88,28,1,1,allocated
877,1287,normal,0,0,65535_65535,2,27,137,42,0,1,0,1,0,28,1,1,pre_allocation
877,1287,normal,0,0,65535_65535,2,27,137,88,1,1,1,2,88,28,1,1,allocated
877,1287,normal,0,0,65535_65535,2,12,137,42,0,1,0,1,0,28,1,1,pre_allocation
877,1287,normal,0,0,65535_65535,2,12,137,88,1,1,1,2,88,28,1,1,allocated
877,1287,normal,0,0,65535_65535,2,26,533,14,0,1,0,1,0,15,1,1,pre_allocation
877,1287,normal,0,0,65535_65535,2,26,533,32,1,1,1,2,32,15,1,1,allocated
877,1287,normal,0,0,65535_65535,2,11,137,88,0,1,0,2,0,28,1,1,pre_allocation
877,1287,normal,0,0,65535_65535,2,11,137,133,1,1,1,3,133,28,1,1,allocated
877,1287,normal,0,0,65535_65535,2,21,137,88,0,1,0,2,0,28,1,1,pre_allocation
877,1287,normal,0,0,65535_65535,2,21,137,133,1,1,1,3,133,28,1,1,allocated
877,1287,normal,0,0,65535_65535,2,22,137,88,0,1,0,2,0,28,1,1,pre_allocation
877,1287,normal,0,0,65535_65535,2,22,137,133,1,1,1,3,133,28,1,1,allocated
877,1287,normal,0,0,65535_65535,2,24,137,88,0,1,0,2,0,28,1,1,pre_allocation
877,1287,normal,0,0,65535_65535,2,24,137,133,1,1,1,3,133,28,1,1,allocated
877,1287,normal,0,0,65535_65535,2,25,137,88,0,1,0,2,0,28,1,1,pre_allocation
877,1287,normal,0,0,65535_65535,2,25,137,133,1,1,1,3,133,28,1,1,allocated
877,1287,normal,0,0,65535_65535,2,28,137,88,0,1,0,2,0,28,1,1,pre_allocation
877,1287,normal,0,0,65535_65535,2,28,137,133,1,1,1,3,133,28,1,1,allocated
877,1287,normal,0,0,65535_65535,2,27,137,88,0,1,0,2,0,28,1,1,pre_allocation
877,1287,normal,0,0,65535_65535,2,27,137,133,1,1,1,3,133,28,1,1,allocated
877,1287,normal,0,0,65535_65535,2,12,137,88,0,1,0,2,0,28,1,1,pre_allocation
877,1287,normal,0,0,65535_65535,2,12,137,133,1,1,1,3,133,28,1,1,allocated
877,1287,normal,0,0,65535_65535,2,26,533,32,0,1,0,2,0,15,1,1,pre_allocation
877,1287,normal,0,0,65535_65535,2,26,533,50,1,1,1,3,50,15,1,1,allocated
877,1287,normal,0,0,65535_65535,2,11,137,133,0,1,0,3,0,28,1,1,pre_allocation
877,1287,normal,0,0,65535_65535,2,11,137,179,1,1,1,4,179,28,1,1,allocated
877,1287,normal,0,0,65535_65535,2,21,137,133,0,1,0,3,0,28,1,1,pre_allocation
877,1287,normal,0,0,65535_65535,2,21,137,179,1,1,1,4,179,28,1,1,allocated
877,1287,normal,0,0,65535_65535,2,22,137,133,0,1,0,3,0,28,1,1,pre_allocation
877,1287,normal,0,0,65535_65535,2,22,137,179,1,1,1,4,179,28,1,1,allocated
877,1287,normal,0,0,65535_65535,2,24,137,133,0,1,0,3,0,28,1,1,pre_allocation
877,1287,normal,0,0,65535_65535,2,24,137,179,1,1,1,4,179,28,1,1,allocated
877,1287,normal,0,0,65535_65535,2,25,137,133,0,1,0,3,0,28,1,1,pre_allocation
877,1287,normal,0,0,65535_65535,2,25,137,179,1,1,1,4,179,28,1,1,allocated
877,1287,normal,0,0,65535_65535,2,28,137,133,0,1,0,3,0,28,1,1,pre_allocation
877,1287,normal,0,0,65535_65535,2,28,137,179,1,1,1,4,179,28,1,1,allocated
877,1287,normal,0,0,65535_65535,2,27,137,133,0,1,0,3,0,28,1,1,pre_allocation
877,1287,normal,0,0,65535_65535,2,27,137,179,1,1,1,4,179,28,1,1,allocated
877,1287,normal,0,0,65535_65535,2,12,137,133,0,1,0,3,0,28,1,1,pre_allocation
877,1287,normal,0,0,65535_65535,2,12,137,179,1,1,1,4,179,28,1,1,allocated
877,1287,normal,0,0,65535_65535,2,26,533,50,0,1,0,3,0,15,1,1,pre_allocation
877,1287,normal,0,0,65535_65535,2,26,533,68,1,1,1,4,68,15,1,1,allocated
877,1287,normal,0,0,65535_65535,2,11,137,179,0,1,0,4,0,28,1,1,pre_allocation
877,1287,normal,0,0,65535_65535,2,11,137,224,1,1,1,5,224,28,1,1,allocated
877,1287,normal,0,0,65535_65535,2,21,137,179,0,1,0,4,0,28,1,1,pre_allocation
877,1287,normal,0,0,65535_65535,2,21,137,224,1,1,1,5,224,28,1,1,allocated
877,1287,normal,0,0,65535_65535,2,22,137,179,0,1,0,4,0,28,1,1,pre_allocation
877,1287,normal,0,0,65535_65535,2,22,137,224,1,1,1,5,224,28,1,1,allocated
877,1287,normal,0,0,65535_65535,2,24,137,179,0,1,0,4,0,28,1,1,pre_allocation
877,1287,normal,0,0,65535_65535,2,24,137,224,1,1,1,5,224,28,1,1,allocated
877,1287,normal,0,0,65535_65535,2,25,137,179,0,1,0,4,0,28,1,1,pre_allocation
877,1287,normal,0,0,65535_65535,2,25,137,224,1,1,1,5,224,28,1,1,allocated
877,1287,normal,0,0,65535_65535,2,28,137,179,0,1,0,4,0,28,1,1,pre_allocation
877,1287,normal,0,0,65535_65535,2,28,137,224,1,1,1,5,224,28,1,1,allocated
877,1287,normal,0,0,65535_65535,2,27,137,179,0,1,0,4,0,28,1,1,pre_allocation
877,1287,normal,0,0,65535_65535,2,27,137,224,1,1,1,5,224,28,1,1,allocated
877,1287,normal,0,0,65535_65535,2,12,137,179,0,1,0,4,0,28,1,1,pre_allocation
877,1287,normal,0,0,65535_65535,2,12,137,224,1,1,1,5,224,28,1,1,allocated
877,1287,normal,0,0,65535_65535,2,26,533,68,0,1,0,4,0,15,1,1,pre_allocation
877,1287,normal,0,0,65535_65535,2,26,533,86,1,1,1,5,86,15,1,1,allocated
877,1287,normal,0,0,65535_65535,2,11,137,224,0,1,0,5,0,28,1,1,pre_allocation
877,1287,normal,0,0,65535_65535,2,11,137,270,1,1,1,6,270,28,1,1,allocated
877,1287,normal,0,0,65535_65535,2,21,137,224,0,1,0,5,0,28,1,1,pre_allocation
877,1287,normal,0,0,65535_65535,2,21,137,270,1,1,1,6,270,28,1,1,allocated
877,1287,normal,0,0,65535_65535,2,22,137,224,0,1,0,5,0,28,1,1,pre_allocation
877,1287,normal,0,0,65535_65535,2,22,137,270,1,1,1,6,270,28,1,1,allocated
877,1287,normal,0,0,65535_65535,2,24,137,224,0,1,0,5,0,28,1,1,pre_allocation
877,1287,normal,0,0,65535_65535,2,24,137,270,1,1,1,6,270,28,1,1,allocated
877,1287,normal,0,0,65535_65535,2,25,137,224,0,1,0,5,0,28,1,1,pre_allocation
877,1287,normal,0,0,65535_65535,2,25,137,270,1,1,1,6,270,28,1,1,allocated
877,1287,normal,0,0,65535_65535,2,28,137,224,0,1,0,5,0,28,1,1,pre_allocation
877,1287,normal,0,0,65535_65535,2,28,137,270,1,1,1,6,270,28,1,1,allocated
877,1287,normal,0,0,65535_65535,2,27,137,224,0,1,0,5,0,28,1,1,pre_allocation
877,1287,normal,0,0,65535_65535,2,27,137,270,1,1,1,6,270,28,1,1,allocated
877,1287,normal,0,0,65535_65535,2,12,137,224,0,1,0,5,0,28,1,1,pre_allocation
877,1287,normal,0,0,65535_65535,2,12,137,270,1,1,1,6,270,28,1,1,allocated
877,1287,normal,0,0,65535_65535,2,26,533,86,0,1,0,5,0,15,1,1,pre_allocation
877,1287,normal,0,0,65535_65535,2,26,533,103,1,1,1,6,103,15,1,1,allocated
877,1287,normal,0,0,65535_65535,2,11,137,270,0,1,0,6,0,28,1,1,pre_allocation
877,1287,normal,0,0,65535_65535,2,11,137,315,1,1,1,7,315,28,1,1,allocated
877,1287,normal,0,0,65535_65535,2,21,137,270,0,1,0,6,0,28,1,1,pre_allocation
877,1287,normal,0,0,65535_65535,2,21,137,315,1,1,1,7,315,28,1,1,allocated
877,1287,normal,0,0,65535_65535,2,22,137,270,0,1,0,6,0,28,1,1,pre_allocation
877,1287,normal,0,0,65535_65535,2,22,137,315,1,1,1,7,315,28,1,1,allocated
877,1287,normal,0,0,65535_65535,2,24,137,270,0,1,0,6,0,28,1,1,pre_allocation
877,1287,normal,0,0,65535_65535,2,24,137,315,1,1,1,7,315,28,1,1,allocated
877,1287,normal,0,0,65535_65535,2,25,137,270,0,1,0,6,0,28,1,1,pre_allocation
877,1287,normal,0,0,65535_65535,2,25,137,315,1,1,1,7,315,28,1,1,allocated
877,1287,normal,0,0,65535_65535,2,28,137,270,0,1,0,6,0,28,1,1,pre_allocation
877,1287,normal,0,0,65535_65535,2,28,137,315,1,1,1,7,315,28,1,1,allocated
877,1287,normal,0,0,65535_65535,2,27,137,270,0,1,0,6,0,28,1,1,pre_allocation
877,1287,normal,0,0,65535_65535,2,27,137,315,1,1,1,7,315,28,1,1,allocated
877,1287,normal,0,0,65535_65535,2,12,137,270,0,1,0,6,0,28,1,1,pre_allocation
877,1287,normal,0,0,65535_65535,2,12,137,315,1,1,1,7,315,28,1,1,allocated
877,1287,normal,0,0,65535_65535,2,26,533,103,0,1,0,6,0,15,1,1,pre_allocation
877,1287,normal,0,0,65535_65535,2,26,533,121,1,1,1,7,121,15,1,1,allocated
877,1287,normal,0,0,65535_65535,2,11,137,315,0,1,0,7,0,28,1,1,pre_allocation
877,1287,normal,0,0,65535_65535,2,11,137,361,1,1,1,8,361,28,1,1,allocated
877,1287,normal,0,0,65535_65535,2,21,137,315,0,1,0,7,0,28,1,1,pre_allocation
877,1287,normal,0,0,65535_65535,2,21,137,361,1,1,1,8,361,28,1,1,allocated
877,1287,normal,0,0,65535_65535,2,22,137,315,0,1,0,7,0,28,1,1,pre_allocation
877,1287,normal,0,0,65535_65535,2,22,137,361,1,1,1,8,361,28,1,1,allocated
877,1287,normal,0,0,65535_65535,2,24,137,315,0,1,0,7,0,28,1,1,pre_allocation
877,1287,normal,0,0,65535_65535,2,24,137,361,1,1,1,8,361,28,1,1,allocated
877,1287,normal,0,0,65535_65535,2,25,137,315,0,1,0,7,0,28,1,1,pre_allocation
877,1287,normal,0,0,65535_65535,2,25,137,361,1,1,1,8,361,28,1,1,allocated
877,1287,normal,0,0,65535_65535,2,28,137,315,0,1,0,7,0,28,1,1,pre_allocation
877,1287,normal,0,0,65535_65535,2,28,137,361,1,1,1,8,361,28,1,1,allocated
877,1287,normal,0,0,65535_65535,2,27,137,315,0,1,0,7,0,28,1,1,pre_allocation
877,1287,normal,0,0,65535_65535,2,27,137,361,1,1,1,8,361,28,1,1,allocated
877,1287,normal,0,0,65535_65535,2,12,137,315,0,1,0,7,0,28,1,1,pre_allocation
877,1287,normal,0,0,65535_65535,2,12,137,361,1,1,1,8,361,28,1,1,allocated
877,1287,normal,0,0,65535_65535,2,26,533,121,0,1,0,7,0,15,1,1,pre_allocation
877,1287,normal,0,0,65535_65535,2,26,533,139,1,1,1,8,139,15,1,1,allocated
877,1287,normal,0,0,65535_65535,2,11,137,361,0,1,0,8,0,28,1,1,pre_allocation
877,1287,normal,0,0,65535_65535,2,11,137,406,1,1,1,9,406,28,1,1,allocated
877,1287,normal,0,0,65535_65535,2,21,137,361,0,1,0,8,0,28,1,1,pre_allocation
877,1287,normal,0,0,65535_65535,2,21,137,406,1,1,1,9,406,28,1,1,allocated
877,1287,normal,0,0,65535_65535,2,22,137,361,0,1,0,8,0,28,1,1,pre_allocation
877,1287,normal,0,0,65535_65535,2,22,137,406,1,1,1,9,406,28,1,1,allocated
877,1287,normal,0,0,65535_65535,2,24,137,361,0,1,0,8,0,28,1,1,pre_allocation
877,1287,normal,0,0,65535_65535,2,24,137,406,1,1,1,9,406,28,1,1,allocated
877,1287,normal,0,0,65535_65535,2,25,137,361,0,1,0,8,0,28,1,1,pre_allocation
877,1287,normal,0,0,65535_65535,2,25,137,406,1,1,1,9,406,28,1,1,allocated
877,1287,normal,0,0,65535_65535,2,28,137,361,0,1,0,8,0,28,1,1,pre_allocation
877,1287,normal,0,0,65535_65535,2,28,137,406,1,1,1,9,406,28,1,1,allocated
877,1287,normal,0,0,65535_65535,2,27,137,361,0,1,0,8,0,28,1,1,pre_allocation
877,1287,normal,0,0,65535_65535,2,27,137,406,1,1,1,9,406,28,1,1,allocated
877,1287,normal,0,0,65535_65535,2,12,137,361,0,1,0,8,0,28,1,1,pre_allocation
877,1287,normal,0,0,65535_65535,2,12,137,406,1,1,1,9,406,28,1,1,allocated
877,1287,normal,0,0,65535_65535,2,26,533,139,0,1,0,8,0,15,1,1,pre_allocation
877,1287,normal,0,0,65535_65535,2,26,533,157,1,1,1,9,157,15,1,1,allocated
877,1287,normal,0,0,65535_65535,2,11,137,406,0,1,0,9,0,28,1,1,pre_allocation
877,1287,normal,0,0,65535_65535,2,11,137,452,1,1,1,10,452,28,1,1,allocated
877,1287,normal,0,0,65535_65535,2,21,137,406,0,1,0,9,0,28,1,1,pre_allocation
877,1287,normal,0,0,65535_65535,2,21,137,452,1,1,1,10,452,28,1,1,allocated
877,1287,normal,0,0,65535_65535,2,22,137,406,0,1,0,9,0,28,1,1,pre_allocation
877,1287,normal,0,0,65535_65535,2,22,137,452,1,1,1,10,452,28,1,1,allocated
877,1287,normal,0,0,65535_65535,2,24,137,406,0,1,0,9,0,28,1,1,pre_allocation
877,1287,normal,0,0,65535_65535,2,24,137,452,1,1,1,10,452,28,1,1,allocated
877,1287,normal,0,0,65535_65535,2,25,137,406,0,1,0,9,0,28,1,1,pre_allocation
877,1287,normal,0,0,65535_65535,2,25,137,452,1,1,1,10,452,28,1,1,allocated
877,1287,normal,0,0,65535_65535,2,28,137,406,0,1,0,9,0,28,1,1,pre_allocation
877,1287,normal,0,0,65535_65535,2,28,137,452,1,1,1,10,452,28,1,1,allocated
877,1287,normal,0,0,65535_65535,2,27,137,406,0,1,0,9,0,28,1,1,pre_allocation
877,1287,normal,0,0,65535_65535,2,27,137,452,1,1,1,10,452,28,1,1,allocated
877,1287,normal,0,0,65535_65535,2,12,137,406,0,1,0,9,0,28,1,1,pre_allocation
877,1287,normal,0,0,65535_65535,2,12,137,452,1,1,1,10,452,28,1,1,allocated
877,1287,normal,0,0,65535_65535,2,26,533,157,0,1,0,9,0,15,1,1,pre_allocation
877,1287,normal,0,0,65535_65535,2,26,533,175,1,1,1,10,175,15,1,1,allocated
877,1287,normal,0,0,65535_65535,2,11,137,452,0,1,0,10,0,28,1,1,pre_allocation
877,1287,normal,0,0,65535_65535,2,11,137,497,1,1,1,11,497,28,1,1,allocated
877,1287,normal,0,0,65535_65535,2,21,137,452,0,1,0,10,0,28,1,1,pre_allocation
877,1287,normal,0,0,65535_65535,2,21,137,497,1,1,1,11,497,28,1,1,allocated
877,1287,normal,0,0,65535_65535,2,22,137,452,0,1,0,10,0,28,1,1,pre_allocation
877,1287,normal,0,0,65535_65535,2,22,137,497,1,1,1,11,497,28,1,1,allocated
877,1287,normal,0,0,65535_65535,2,24,137,452,0,1,0,10,0,28,1,1,pre_allocation
877,1287,normal,0,0,65535_65535,2,24,137,497,1,1,1,11,497,28,1,1,allocated
877,1287,normal,0,0,65535_65535,2,25,137,452,0,1,0,10,0,28,1,1,pre_allocation
877,1287,normal,0,0,65535_65535,2,25,137,497,1,1,1,11,497,28,1,1,allocated
877,1287,normal,0,0,65535_65535,2,28,137,452,0,1,0,10,0,28,1,1,pre_allocation
877,1287,normal,0,0,65535_65535,2,28,137,497,1,1,1,11,497,28,1,1,allocated
877,1287,normal,0,0,65535_65535,2,27,137,452,0,1,0,10,0,28,1,1,pre_allocation
877,1287,normal,0,0,65535_65535,2,27,137,497,1,1,1,11,497,28,1,1,allocated
877,1287,normal,0,0,65535_65535,2,12,137,452,0,1,0,10,0,28,1,1,pre_allocation
877,1287,normal,0,0,65535_65535,2,12,137,497,1,1,1,11,497,28,1,1,allocated
877,1287,normal,0,0,65535_65535,2,26,533,175,0,1,0,10,0,15,1,1,pre_allocation
877,1287,normal,0,0,65535_65535,2,26,533,193,1,1,1,11,193,15,1,1,allocated
877,1287,normal,0,0,65535_65535,2,11,137,497,0,1,0,11,0,28,1,1,pre_allocation
877,1287,normal,0,0,65535_65535,2,11,137,543,1,1,1,12,543,28,1,1,allocated
877,1287,normal,0,0,65535_65535,2,21,137,497,0,1,0,11,0,28,1,1,pre_allocation
877,1287,normal,0,0,65535_65535,2,21,137,543,1,1,1,12,543,28,1,1,allocated
877,1287,normal,0,0,65535_65535,2,22,137,497,0,1,0,11,0,28,1,1,pre_allocation
877,1287,normal,0,0,65535_65535,2,22,137,543,1,1,1,12,543,28,1,1,allocated
877,1287,normal,0,0,65535_65535,2,24,137,497,0,1,0,11,0,28,1,1,pre_allocation
877,1287,normal,0,0,65535_65535,2,24,137,543,1,1,1,12,543,28,1,1,allocated
877,1287,normal,0,0,65535_65535,2,25,137,497,0,1,0,11,0,28,1,1,pre_allocation
877,1287,normal,0,0,65535_65535,2,25,137,543,1,1,1,12,543,28,1,1,allocated
877,1287,normal,0,0,65535_65535,2,28,137,497,0,1,0,11,0,28,1,1,pre_allocation
877,1287,normal,0,0,65535_65535,2,28,137,543,1,1,1,12,543,28,1,1,allocated
877,1287,normal,0,0,65535_65535,2,27,137,497,0,1,0,11,0,28,1,1,pre_allocation
877,1287,normal,0,0,65535_65535,2,27,137,543,1,1,1,12,543,28,1,1,allocated
877,1287,normal,0,0,65535_65535,2,12,137,497,0,1,0,11,0,28,1,1,pre_allocation
877,1287,normal,0,0,65535_65535,2,12,137,543,1,1,1,12,543,28,1,1,allocated
877,1287,normal,0,0,65535_65535,2,26,533,193,0,1,0,11,0,15,1,1,pre_allocation
877,1287,normal,0,0,65535_65535,2,26,533,210,1,1,1,12,210,15,1,1,allocated
877,1287,normal,0,0,65535_65535,2,11,137,543,0,1,0,12,0,28,1,1,pre_allocation
877,1287,normal,0,0,65535_65535,2,11,137,589,1,1,1,13,589,28,1,1,allocated
877,1287,normal,0,0,65535_65535,2,21,137,543,0,1,0,12,0,28,1,1,pre_allocation
877,1287,normal,0,0,65535_65535,2,21,137,589,1,1,1,13,589,28,1,1,allocated
877,1287,normal,0,0,65535_65535,2,22,137,543,0,1,0,12,0,28,1,1,pre_allocation
877,1287,normal,0,0,65535_65535,2,22,137,589,1,1,1,13,589,28,1,1,allocated
877,1287,normal,0,0,65535_65535,2,24,137,543,0,1,0,12,0,28,1,1,pre_allocation
877,1287,normal,0,0,65535_65535,2,24,137,589,1,1,1,13,589,28,1,1,allocated
877,1287,normal,0,0,65535_65535,2,25,137,543,0,1,0,12,0,28,1,1,pre_allocation
877,1287,normal,0,0,65535_65535,2,25,137,589,1,1,1,13,589,28,1,1,allocated
877,1287,normal,0,0,65535_65535,2,28,137,543,0,1,0,12,0,28,1,1,pre_allocation
877,1287,normal,0,0,65535_65535,2,28,137,589,1,1,1,13,589,28,1,1,allocated
877,1287,normal,0,0,65535_65535,2,27,137,543,0,1,0,12,0,28,1,1,pre_allocation
877,1287,normal,0,0,65535_65535,2,27,137,589,1,1,1,13,589,28,1,1,allocated
877,1287,normal,0,0,65535_65535,2,12,137,543,0,1,0,12,0,28,1,1,pre_allocation
877,1287,normal,0,0,65535_65535,2,12,137,589,1,1,1,13,589,28,1,1,allocated
877,1287,normal,0,0,65535_65535,2,26,533,210,0,1,0,12,0,15,1,1,pre_allocation
877,1287,normal,0,0,65535_65535,2,26,533,228,1,1,1,13,228,15,1,1,allocated
877,1287,normal,0,0,65535_65535,2,11,137,589,0,1,0,13,0,28,1,1,pre_allocation
877,1287,normal,0,0,65535_65535,2,11,137,634,1,1,1,14,634,28,1,1,allocated
877,1287,normal,0,0,65535_65535,2,21,137,589,0,1,0,13,0,28,1,1,pre_allocation
877,1287,normal,0,0,65535_65535,2,21,137,634,1,1,1,14,634,28,1,1,allocated
877,1287,normal,0,0,65535_65535,2,22,137,589,0,1,0,13,0,28,1,1,pre_allocation
877,1287,normal,0,0,65535_65535,2,22,137,634,1,1,1,14,634,28,1,1,allocated
877,1287,normal,0,0,65535_65535,2,24,137,589,0,1,0,13,0,28,1,1,pre_allocation
877,1287,normal,0,0,65535_65535,2,24,137,634,1,1,1,14,634,28,1,1,allocated
877,1287,normal,0,0,65535_65535,2,25,137,589,0,1,0,13,0,28,1,1,pre_allocation
877,1287,normal,0,0,65535_65535,2,25,137,634,1,1,1,14,634,28,1,1,allocated
877,1287,normal,0,0,65535_65535,2,28,137,589,0,1,0,13,0,28,1,1,pre_allocation
877,1287,normal,0,0,65535_65535,2,28,137,634,1,1,1,14,634,28,1,1,allocated
877,1287,normal,0,0,65535_65535,2,27,137,589,0,1,0,13,0,28,1,1,pre_allocation
877,1287,normal,0,0,65535_65535,2,27,137,634,1,1,1,14,634,28,1,1,allocated
877,1287,normal,0,0,65535_65535,2,12,137,589,0,1,0,13,0,28,1,1,pre_allocation
877,1287,normal,0,0,65535_65535,2,12,137,634,1,1,1,14,634,28,1,1,allocated
877,1287,normal,0,0,65535_65535,2,26,533,228,0,1,0,13,0,15,1,1,pre_allocation
877,1287,normal,0,0,65535_65535,2,26,533,246,1,1,1,14,246,15,1,1,allocated
877,1287,normal,0,0,65535_65535,2,11,137,634,0,1,0,14,0,28,1,1,pre_allocation
877,1287,normal,0,0,65535_65535,2,11,137,680,1,1,1,15,680,28,1,1,allocated
877,1287,normal,0,0,65535_65535,2,21,137,634,0,1,0,14,0,28,1,1,pre_allocation
877,1287,normal,0,0,65535_65535,2,21,137,680,1,1,1,15,680,28,1,1,allocated
877,1287,normal,0,0,65535_65535,2,22,137,634,0,1,0,14,0,28,1,1,pre_allocation
877,1287,normal,0,0,65535_65535,2,22,137,680,1,1,1,15,680,28,1,1,allocated
989,1385,normal,0,0,65535_65535,0,1,38017,0,0,1,0,0,0,28,1,1,pre_allocation
989,1385,normal,0,0,65535_65535,0,1,38017,42,1,1,1,1,42,28,1,1,allocated
989,1385,normal,0,0,65535_65535,0,5,22117,0,0,1,0,0,0,28,1,1,pre_allocation
989,1385,normal,0,0,65535_65535,0,5,22117,42,1,1,1,1,42,28,1,1,allocated
989,1385,normal,0,0,65535_65535,0,4,20618,0,0,1,0,0,0,28,1,1,pre_allocation
989,1385,normal,0,0,65535_65535,0,4,20618,42,1,1,1,1,42,28,1,1,allocated
989,1385,normal,0,0,65535_65535,0,3,19745,0,0,1,0,0,0,28,1,1,pre_allocation
989,1385,normal,0,0,65535_65535,0,3,19745,42,1,1,1,1,42,28,1,1,allocated
989,1385,normal,0,0,65535_65535,0,2,17978,0,0,1,0,0,0,28,1,1,pre_allocation
989,1385,normal,0,0,65535_65535,0,2,17978,42,1,1,1,1,42,28,1,1,allocated
989,1385,normal,0,0,65535_65535,0,1,38017,42,0,1,0,1,0,28,1,1,pre_allocation
989,1385,normal,0,0,65535_65535,0,1,38017,88,1,1,1,2,88,28,1,1,allocated
989,1385,normal,0,0,65535_65535,0,5,22117,42,0,1,0,1,0,28,1,1,pre_allocation
989,1385,normal,0,0,65535_65535,0,5,22117,88,1,1,1,2,88,28,1,1,allocated
989,1385,normal,0,0,65535_65535,0,4,20618,42,0,1,0,1,0,28,1,1,pre_allocation
989,1385,normal,0,0,65535_65535,0,4,20618,88,1,1,1,2,88,28,1,1,allocated
989,1385,normal,0,0,65535_65535,0,3,19745,42,0,1,0,1,0,28,1,1,pre_allocation
989,1385,normal,0,0,65535_65535,0,3,19745,88,1,1,1,2,88,28,1,1,allocated
989,1385,normal,0,0,65535_65535,0,2,17978,42,0,1,0,1,0,28,1,1,pre_allocation
989,1385,normal,0,0,65535_65535,0,2,17978,88,1,1,1,2,88,28,1,1,allocated
989,1385,normal,0,0,65535_65535,0,1,38017,88,0,1,0,2,0,28,1,1,pre_allocation
989,1385,normal,0,0,65535_65535,0,1,38017,133,1,1,1,3,133,28,1,1,allocated
989,1385,normal,0,0,65535_65535,0,5,22117,88,0,1,0,2,0,28,1,1,pre_allocation
989,1385,normal,0,0,65535_65535,0,5,22117,133,1,1,1,3,133,28,1,1,allocated
989,1385,normal,0,0,65535_65535,0,4,20618,88,0,1,0,2,0,28,1,1,pre_allocation
989,1385,normal,0,0,65535_65535,0,4,20618,133,1,1,1,3,133,28,1,1,allocated
989,1385,normal,0,0,65535_65535,0,3,19745,88,0,1,0,2,0,28,1,1,pre_allocation
989,1385,normal,0,0,65535_65535,0,3,19745,133,1,1,1,3,133,28,1,1,allocated
989,1385,normal,0,0,65535_65535,0,2,17978,88,0,1,0,2,0,28,1,1,pre_allocation
989,1385,normal,0,0,65535_65535,0,2,17978,133,1,1,1,3,133,28,1,1,allocated
989,1385,normal,0,0,65535_65535,0,1,38017,133,0,1,0,3,0,28,1,1,pre_allocation
989,1385,normal,0,0,65535_65535,0,1,38017,179,1,1,1,4,179,28,1,1,allocated
989,1385,normal,0,0,65535_65535,0,5,22117,133,0,1,0,3,0,28,1,1,pre_allocation
989,1385,normal,0,0,65535_65535,0,5,22117,179,1,1,1,4,179,28,1,1,allocated
989,1385,normal,0,0,65535_65535,0,4,20618,133,0,1,0,3,0,28,1,1,pre_allocation
989,1385,normal,0,0,65535_65535,0,4,20618,179,1,1,1,4,179,28,1,1,allocated
989,1385,normal,0,0,65535_65535,0,3,19745,133,0,1,0,3,0,28,1,1,pre_allocation
989,1385,normal,0,0,65535_65535,0,3,19745,179,1,1,1,4,179,28,1,1,allocated
989,1385,normal,0,0,65535_65535,0,2,17978,133,0,1,0,3,0,28,1,1,pre_allocation
989,1385,normal,0,0,65535_65535,0,2,17978,179,1,1,1,4,179,28,1,1,allocated
989,1385,normal,0,0,65535_65535,0,1,38017,179,0,1,0,4,0,28,1,1,pre_allocation
989,1385,normal,0,0,65535_65535,0,1,38017,224,1,1,1,5,224,28,1,1,allocated
989,1385,normal,0,0,65535_65535,0,5,22117,179,0,1,0,4,0,28,1,1,pre_allocation
989,1385,normal,0,0,65535_65535,0,5,22117,224,1,1,1,5,224,28,1,1,allocated
989,1385,normal,0,0,65535_65535,0,4,20618,179,0,1,0,4,0,28,1,1,pre_allocation
989,1385,normal,0,0,65535_65535,0,4,20618,224,1,1,1,5,224,28,1,1,allocated
989,1385,normal,0,0,65535_65535,0,3,19745,179,0,1,0,4,0,28,1,1,pre_allocation
989,1385,normal,0,0,65535_65535,0,3,19745,224,1,1,1,5,224,28,1,1,allocated
989,1385,normal,0,0,65535_65535,0,2,17978,179,0,1,0,4,0,28,1,1,pre_allocation
989,1385,normal,0,0,65535_65535,0,2,17978,224,1,1,1,5,224,28,1,1,allocated
989,1385,normal,0,0,65535_65535,0,1,38017,224,0,1,0,5,0,28,1,1,pre_allocation
989,1385,normal,0,0,65535_65535,0,1,38017,270,1,1,1,6,270,28,1,1,allocated
989,1385,normal,0,0,65535_65535,0,5,22117,224,0,1,0,5,0,28,1,1,pre_allocation
989,1385,normal,0,0,65535_65535,0,5,22117,270,1,1,1,6,270,28,1,1,allocated
989,1385,normal,0,0,65535_65535,0,4,20618,224,0,1,0,5,0,28,1,1,pre_allocation
989,1385,normal,0,0,65535_65535,0,4,20618,270,1,1,1,6,270,28,1,1,allocated
989,1385,normal,0,0,65535_65535,0,3,19745,224,0,1,0,5,0,28,1,1,pre_allocation
989,1385,normal,0,0,65535_65535,0,3,19745,270,1,1,1,6,270,28,1,1,allocated
989,1385,normal,0,0,65535_65535,0,2,17978,224,0,1,0,5,0,28,1,1,pre_allocation
989,1385,normal,0,0,65535_65535,0,2,17978,270,1,1,1,6,270,28,1,1,allocated
989,1385,normal,0,0,65535_65535,0,1,38017,270,0,1,0,6,0,28,1,1,pre_allocation
989,1385,normal,0,0,65535_65535,0,1,38017,315,1,1,1,7,315,28,1,1,allocated
989,1385,normal,0,0,65535_65535,0,5,22117,270,0,1,0,6,0,28,1,1,pre_allocation
989,1385,normal,0,0,65535_65535,0,5,22117,315,1,1,1,7,315,28,1,1,allocated
989,1385,normal,0,0,65535_65535,0,4,20618,270,0,1,0,6,0,28,1,1,pre_allocation
989,1385,normal,0,0,65535_65535,0,4,20618,315,1,1,1,7,315,28,1,1,allocated
989,1385,normal,0,0,65535_65535,0,3,19745,270,0,1,0,6,0,28,1,1,pre_allocation
989,1385,normal,0,0,65535_65535,0,3,19745,315,1,1,1,7,315,28,1,1,allocated
989,1385,normal,0,0,65535_65535,0,2,17978,270,0,1,0,6,0,28,1,1,pre_allocation
989,1385,normal,0,0,65535_65535,0,2,17978,315,1,1,1,7,315,28,1,1,allocated
989,1385,normal,0,0,65535_65535,0,1,38017,315,0,1,0,7,0,28,1,1,pre_allocation
989,1385,normal,0,0,65535_65535,0,1,38017,361,1,1,1,8,361,28,1,1,allocated
989,1385,normal,0,0,65535_65535,0,5,22117,315,0,1,0,7,0,28,1,1,pre_allocation
989,1385,normal,0,0,65535_65535,0,5,22117,361,1,1,1,8,361,28,1,1,allocated
989,1385,normal,0,0,65535_65535,0,4,20618,315,0,1,0,7,0,28,1,1,pre_allocation
989,1385,normal,0,0,65535_65535,0,4,20618,361,1,1,1,8,361,28,1,1,allocated
989,1385,normal,0,0,65535_65535,0,3,19745,315,0,1,0,7,0,28,1,1,pre_allocation
989,1385,normal,0,0,65535_65535,0,3,19745,361,1,1,1,8,361,28,1,1,allocated
989,1385,normal,0,0,65535_65535,0,2,17978,315,0,1,0,7,0,28,1,1,pre_allocation
989,1385,normal,0,0,65535_65535,0,2,17978,361,1,1,1,8,361,28,1,1,allocated
989,1385,normal,0,0,65535_65535,0,1,38017,361,0,1,0,8,0,28,1,1,pre_allocation
989,1385,normal,0,0,65535_65535,0,1,38017,406,1,1,1,9,406,28,1,1,allocated
989,1385,normal,0,0,65535_65535,0,5,22117,361,0,1,0,8,0,28,1,1,pre_allocation
989,1385,normal,0,0,65535_65535,0,5,22117,406,1,1,1,9,406,28,1,1,allocated
989,1385,normal,0,0,65535_65535,0,4,20618,361,0,1,0,8,0,28,1,1,pre_allocation
989,1385,normal,0,0,65535_65535,0,4,20618,406,1,1,1,9,406,28,1,1,allocated
989,1385,normal,0,0,65535_65535,0,3,19745,361,0,1,0,8,0,28,1,1,pre_allocation
989,1385,normal,0,0,65535_65535,0,3,19745,406,1,1,1,9,406,28,1,1,allocated
989,1385,normal,0,0,65535_65535,0,2,17978,361,0,1,0,8,0,28,1,1,pre_allocation
989,1385,normal,0,0,65535_65535,0,2,17978,406,1,1,1,9,406,28,1,1,allocated
989,1385,normal,0,0,65535_65535,0,1,38017,406,0,1,0,9,0,28,1,1,pre_allocation
989,1385,normal,0,0,65535_65535,0,1,38017,452,1,1,1,10,452,28,1,1,allocated
989,1385,normal,0,0,65535_65535,0,5,22117,406,0,1,0,9,0,28,1,1,pre_allocation
989,1385,normal,0,0,65535_65535,0,5,22117,452,1,1,1,10,452,28,1,1,allocated
989,1385,normal,0,0,65535_65535,0,4,20618,406,0,1,0,9,0,28,1,1,pre_allocation
989,1385,normal,0,0,65535_65535,0,4,20618,452,1,1,1,10,452,28,1,1,allocated
989,1385,normal,0,0,65535_65535,0,3,19745,406,0,1,0,9,0,28,1,1,pre_allocation
989,1385,normal,0,0,65535_65535,0,3,19745,452,1,1,1,10,452,28,1,1,allocated
989,1385,normal,0,0,65535_65535,0,2,17978,406,0,1,0,9,0,28,1,1,pre_allocation
989,1385,normal,0,0,65535_65535,0,2,17978,452,1,1,1,10,452,28,1,1,allocated
989,1385,normal,0,0,65535_65535,0,1,38017,452,0,1,0,10,0,28,1,1,pre_allocation
989,1385,normal,0,0,65535_65535,0,1,38017,497,1,1,1,11,497,28,1,1,allocated
989,1385,normal,0,0,65535_65535,0,5,22117,452,0,1,0,10,0,28,1,1,pre_allocation
989,1385,normal,0,0,65535_65535,0,5,22117,497,1,1,1,11,497,28,1,1,allocated
989,1385,normal,0,0,65535_65535,0,4,20618,452,0,1,0,10,0,28,1,1,pre_allocation
989,1385,normal,0,0,65535_65535,0,4,20618,497,1,1,1,11,497,28,1,1,allocated
989,1385,normal,0,0,65535_65535,0,3,19745,452,0,1,0,10,0,28,1,1,pre_allocation
989,1385,normal,0,0,65535_65535,0,3,19745,497,1,1,1,11,497,28,1,1,allocated
989,1385,normal,0,0,65535_65535,0,2,17978,452,0,1,0,10,0,28,1,1,pre_allocation
989,1385,normal,0,0,65535_65535,0,2,17978,497,1,1,1,11,497,28,1,1,allocated
989,1385,normal,0,0,65535_65535,0,1,38017,497,0,1,0,11,0,28,1,1,pre_allocation
989,1385,normal,0,0,65535_65535,0,1,38017,543,1,1,1,12,543,28,1,1,allocated
989,1385,normal,0,0,65535_65535,0,5,22117,497,0,1,0,11,0,28,1,1,pre_allocation
989,1385,normal,0,0,65535_65535,0,5,22117,543,1,1,1,12,543,28,1,1,allocated
989,1385,normal,0,0,65535_65535,0,4,20618,497,0,1,0,11,0,28,1,1,pre_allocation
989,1385,normal,0,0,65535_65535,0,4,20618,543,1,1,1,12,543,28,1,1,allocated
989,1385,normal,0,0,65535_65535,0,3,19745,497,0,1,0,11,0,28,1,1,pre_allocation
989,1385,normal,0,0,65535_65535,0,3,19745,543,1,1,1,12,543,28,1,1,allocated
989,1385,normal,0,0,65535_65535,0,2,17978,497,0,1,0,11,0,28,1,1,pre_allocation
989,1385,normal,0,0,65535_65535,0,2,17978,543,1,1,1,12,543,28,1,1,allocated
989,1385,normal,0,0,65535_65535,0,1,38017,543,0,1,0,12,0,28,1,1,pre_allocation
989,1385,normal,0,0,65535_65535,0,1,38017,589,1,1,1,13,589,28,1,1,allocated
989,1385,normal,0,0,65535_65535,0,5,22117,543,0,1,0,12,0,28,1,1,pre_allocation
989,1385,normal,0,0,65535_65535,0,5,22117,589,1,1,1,13,589,28,1,1,allocated
989,1385,normal,0,0,65535_65535,0,4,20618,543,0,1,0,12,0,28,1,1,pre_allocation
989,1385,normal,0,0,65535_65535,0,4,20618,589,1,1,1,13,589,28,1,1,allocated
989,1385,normal,0,0,65535_65535,0,3,19745,543,0,1,0,12,0,28,1,1,pre_allocation
989,1385,normal,0,0,65535_65535,0,3,19745,589,1,1,1,13,589,28,1,1,allocated
989,1385,normal,0,0,65535_65535,0,2,17978,543,0,1,0,12,0,28,1,1,pre_allocation
989,1385,normal,0,0,65535_65535,0,2,17978,589,1,1,1,13,589,28,1,1,allocated
989,1385,normal,0,0,65535_65535,0,1,38017,589,0,1,0,13,0,28,1,1,pre_allocation
989,1385,normal,0,0,65535_65535,0,1,38017,634,1,1,1,14,634,28,1,1,allocated
989,1385,normal,0,0,65535_65535,0,5,22117,589,0,1,0,13,0,28,1,1,pre_allocation
989,1385,normal,0,0,65535_65535,0,5,22117,634,1,1,1,14,634,28,1,1,allocated
989,1385,normal,0,0,65535_65535,0,4,20618,589,0,1,0,13,0,28,1,1,pre_allocation
989,1385,normal,0,0,65535_65535,0,4,20618,634,1,1,1,14,634,28,1,1,allocated
989,1385,normal,0,0,65535_65535,0,3,19745,589,0,1,0,13,0,28,1,1,pre_allocation
989,1385,normal,0,0,65535_65535,0,3,19745,634,1,1,1,14,634,28,1,1,allocated
989,1385,normal,0,0,65535_65535,0,2,17978,589,0,1,0,13,0,28,1,1,pre_allocation
989,1385,normal,0,0,65535_65535,0,2,17978,634,1,1,1,14,634,28,1,1,allocated
989,1385,normal,0,0,65535_65535,0,1,38017,634,0,1,0,14,0,28,1,1,pre_allocation
989,1385,normal,0,0,65535_65535,0,1,38017,680,1,1,1,15,680,28,1,1,allocated
989,1385,normal,0,0,65535_65535,0,5,22117,634,0,1,0,14,0,28,1,1,pre_allocation
989,1385,normal,0,0,65535_65535,0,5,22117,680,1,1,1,15,680,28,1,1,allocated
989,1385,normal,0,0,65535_65535,0,4,20618,634,0,1,0,14,0,28,1,1,pre_allocation
989,1385,normal,0,0,65535_65535,0,4,20618,680,1,1,1,15,680,28,1,1,allocated
989,1385,normal,0,0,65535_65535,0,3,19745,634,0,1,0,14,0,28,1,1,pre_allocation
989,1385,normal,0,0,65535_65535,0,3,19745,680,1,1,1,15,680,28,1,1,allocated
989,1385,normal,0,0,65535_65535,0,2,17978,634,0,1,0,14,0,28,1,1,pre_allocation
989,1385,normal,0,0,65535_65535,0,2,17978,680,1,1,1,15,680,28,1,1,allocated
989,1385,normal,0,0,65535_65535,0,1,38017,680,0,1,0,15,0,28,1,1,pre_allocation
989,1385,normal,0,0,65535_65535,0,1,38017,725,1,1,1,16,725,28,1,1,allocated
989,1385,normal,0,0,65535_65535,0,5,22117,680,0,1,0,15,0,28,1,1,pre_allocation
989,1385,normal,0,0,65535_65535,0,5,22117,725,1,1,1,16,725,28,1,1,allocated
989,1385,normal,0,0,65535_65535,0,4,20618,680,0,1,0,15,0,28,1,1,pre_allocation
989,1385,normal,0,0,65535_65535,0,4,20618,725,1,1,1,16,725,28,1,1,allocated
989,1385,normal,0,0,65535_65535,0,3,19745,680,0,1,0,15,0,28,1,1,pre_allocation
989,1385,normal,0,0,65535_65535,0,3,19745,725,1,1,1,16,725,28,1,1,allocated
989,1385,normal,0,0,65535_65535,0,2,17978,680,0,1,0,15,0,28,1,1,pre_allocation
989,1385,normal,0,0,65535_65535,0,2,17978,725,1,1,1,16,725,28,1,1,allocated
989,1385,normal,0,0,65535_65535,0,1,38017,725,0,1,0,16,0,28,1,1,pre_allocation
989,1385,normal,0,0,65535_65535,0,1,38017,771,1,1,1,17,771,28,1,1,allocated
989,1385,normal,0,0,65535_65535,0,5,22117,725,0,1,0,16,0,28,1,1,pre_allocation
989,1385,normal,0,0,65535_65535,0,5,22117,771,1,1,1,17,771,28,1,1,allocated
989,1385,normal,0,0,65535_65535,0,4,20618,725,0,1,0,16,0,28,1,1,pre_allocation
989,1385,normal,0,0,65535_65535,0,4,20618,771,1,1,1,17,771,28,1,1,allocated
989,1385,normal,0,0,65535_65535,0,3,19745,725,0,1,0,16,0,28,1,1,pre_allocation
989,1385,normal,0,0,65535_65535,0,3,19745,771,1,1,1,17,771,28,1,1,allocated
989,1385,normal,0,0,65535_65535,0,2,17978,725,0,1,0,16,0,28,1,1,pre_allocation
989,1385,normal,0,0,65535_65535,0,2,17978,771,1,1,1,17,771,28,1,1,allocated
989,1385,normal,0,0,65535_65535,0,1,38017,771,0,1,0,17,0,28,1,1,pre_allocation
989,1385,normal,0,0,65535_65535,0,1,38017,816,1,1,1,18,816,28,1,1,allocated
989,1385,normal,0,0,65535_65535,0,5,22117,771,0,1,0,17,0,28,1,1,pre_allocation
989,1385,normal,0,0,65535_65535,0,5,22117,816,1,1,1,18,816,28,1,1,allocated
989,1385,normal,0,0,65535_65535,0,4,20618,771,0,1,0,17,0,28,1,1,pre_allocation
989,1385,normal,0,0,65535_65535,0,4,20618,816,1,1,1,18,816,28,1,1,allocated
989,1385,normal,0,0,65535_65535,0,3,19745,771,0,1,0,17,0,28,1,1,pre_allocation
989,1385,normal,0,0,65535_65535,0,3,19745,816,1,1,1,18,816,28,1,1,allocated
989,1385,normal,0,0,65535_65535,0,2,17978,771,0,1,0,17,0,28,1,1,pre_allocation
989,1385,normal,0,0,65535_65535,0,2,17978,816,1,1,1,18,816,28,1,1,allocated
989,1385,normal,0,0,65535_65535,0,1,38017,816,0,1,0,18,0,28,1,1,pre_allocation
989,1385,normal,0,0,65535_65535,0,1,38017,862,1,1,1,19,862,28,1,1,allocated
989,1385,normal,0,0,65535_65535,0,5,22117,816,0,1,0,18,0,28,1,1,pre_allocation
989,1385,normal,0,0,65535_65535,0,5,22117,862,1,1,1,19,862,28,1,1,allocated
989,1385,normal,0,0,65535_65535,0,4,20618,816,0,1,0,18,0,28,1,1,pre_allocation
989,1385,normal,0,0,65535_65535,0,4,20618,862,1,1,1,19,862,28,1,1,allocated
989,1385,normal,0,0,65535_65535,0,3,19745,816,0,1,0,18,0,28,1,1,pre_allocation
989,1385,normal,0,0,65535_65535,0,3,19745,862,1,1,1,19,862,28,1,1,allocated
989,1385,normal,0,0,65535_65535,0,2,17978,816,0,1,0,18,0,28,1,1,pre_allocation
989,1385,normal,0,0,65535_65535,0,2,17978,862,1,1,1,19,862,28,1,1,allocated
989,1385,normal,0,0,65535_65535,0,1,38017,862,0,1,0,19,0,28,1,1,pre_allocation
989,1385,normal,0,0,65535_65535,0,1,38017,907,1,1,1,20,907,28,1,1,allocated
989,1385,normal,0,0,65535_65535,0,5,22117,862,0,1,0,19,0,28,1,1,pre_allocation
989,1385,normal,0,0,65535_65535,0,5,22117,907,1,1,1,20,907,28,1,1,allocated
989,1385,normal,0,0,65535_65535,0,4,20618,862,0,1,0,19,0,28,1,1,pre_allocation
989,1385,normal,0,0,65535_65535,0,4,20618,907,1,1,1,20,907,28,1,1,allocated
989,1385,normal,0,0,65535_65535,0,3,19745,862,0,1,0,19,0,28,1,1,pre_allocation
989,1385,normal,0,0,65535_65535,0,3,19745,907,1,1,1,20,907,28,1,1,allocated
989,1385,normal,0,0,65535_65535,0,2,17978,862,0,1,0,19,0,28,1,1,pre_allocation
989,1385,normal,0,0,65535_65535,0,2,17978,907,1,1,1,20,907,28,1,1,allocated
989,1385,normal,0,0,65535_65535,0,1,38017,907,0,1,0,20,0,28,1,1,pre_allocation
989,1385,normal,0,0,65535_65535,0,1,38017,953,1,1,1,21,953,28,1,1,allocated
989,1385,normal,0,0,65535_65535,0,5,22117,907,0,1,0,20,0,28,1,1,pre_allocation
989,1385,normal,0,0,65535_65535,0,5,22117,953,1,1,1,21,953,28,1,1,allocated
989,1385,normal,0,0,65535_65535,0,4,20618,907,0,1,0,20,0,28,1,1,pre_allocation
989,1385,normal,0,0,65535_65535,0,4,20618,953,1,1,1,21,953,28,1,1,allocated
989,1385,normal,0,0,65535_65535,0,3,19745,907,0,1,0,20,0,28,1,1,pre_allocation
989,1385,normal,0,0,65535_65535,0,3,19745,953,1,1,1,21,953,28,1,1,allocated
989,1385,normal,0,0,65535_65535,0,2,17978,907,0,1,0,20,0,28,1,1,pre_allocation
989,1385,normal,0,0,65535_65535,0,2,17978,953,1,1,1,21,953,28,1,1,allocated
989,1385,normal,0,0,65535_65535,0,1,38017,953,0,1,0,21,0,28,1,1,pre_allocation
989,1385,normal,0,0,65535_65535,0,1,38017,998,1,1,1,22,998,28,1,1,allocated
989,1385,normal,0,0,65535_65535,0,5,22117,953,0,1,0,21,0,28,1,1,pre_allocation
989,1385,normal,0,0,65535_65535,0,5,22117,998,1,1,1,22,998,28,1,1,allocated
989,1385,normal,0,0,65535_65535,0,4,20618,953,0,1,0,21,0,28,1,1,pre_allocation
989,1385,normal,0,0,65535_65535,0,4,20618,998,1,1,1,22,998,28,1,1,allocated
989,1385,normal,0,0,65535_65535,0,3,19745,953,0,1,0,21,0,28,1,1,pre_allocation
989,1385,normal,0,0,65535_65535,0,3,19745,998,1,1,1,22,998,28,1,1,allocated
989,1385,normal,0,0,65535_65535,0,2,17978,953,0,1,0,21,0,28,1,1,pre_allocation
989,1385,normal,0,0,65535_65535,0,2,17978,998,1,1,1,22,998,28,1,1,allocated
989,1385,normal,0,0,65535_65535,0,1,38017,998,0,1,0,22,0,28,1,1,pre_allocation
989,1385,normal,0,0,65535_65535,0,1,38017,1044,1,1,1,23,1044,28,1,1,allocated
989,1385,normal,0,0,65535_65535,0,5,22117,998,0,1,0,22,0,28,1,1,pre_allocation
989,1385,normal,0,0,65535_65535,0,5,22117,1044,1,1,1,23,1044,28,1,1,allocated
989,1385,normal,0,0,65535_65535,0,4,20618,998,0,1,0,22,0,28,1,1,pre_allocation
989,1385,normal,0,0,65535_65535,0,4,20618,1044,1,1,1,23,1044,28,1,1,allocated
989,1385,normal,0,0,65535_65535,0,3,19745,998,0,1,0,22,0,28,1,1,pre_allocation
989,1385,normal,0,0,65535_65535,0,3,19745,1044,1,1,1,23,1044,28,1,1,allocated
989,1385,normal,0,0,65535_65535,0,2,17978,998,0,1,0,22,0,28,1,1,pre_allocation
989,1385,normal,0,0,65535_65535,0,2,17978,1044,1,1,1,23,1044,28,1,1,allocated
989,1385,normal,0,0,65535_65535,0,1,38017,1044,0,1,0,23,0,28,1,1,pre_allocation
989,1385,normal,0,0,65535_65535,0,1,38017,1089,1,1,1,24,1089,28,1,1,allocated
989,1385,normal,0,0,65535_65535,0,5,22117,1044,0,1,0,23,0,28,1,1,pre_allocation
989,1385,normal,0,0,65535_65535,0,5,22117,1089,1,1,1,24,1089,28,1,1,allocated
989,1385,normal,0,0,65535_65535,0,4,20618,1044,0,1,0,23,0,28,1,1,pre_allocation
989,1385,normal,0,0,65535_65535,0,4,20618,1089,1,1,1,24,1089,28,1,1,allocated
989,1385,normal,0,0,65535_65535,0,3,19745,1044,0,1,0,23,0,28,1,1,pre_allocation
989,1385,normal,0,0,65535_65535,0,3,19745,1089,1,1,1,24,1089,28,1,1,allocated
989,1385,normal,0,0,65535_65535,0,2,17978,1044,0,1,0,23,0,28,1,1,pre_allocation
989,1385,normal,0,0,65535_65535,0,2,17978,1089,1,1,1,24,1089,28,1,1,allocated
989,1385,normal,0,0,65535_65535,0,1,38017,1089,0,1,0,24,0,28,1,1,pre_allocation
989,1385,normal,0,0,65535_65535,0,1,38017,1135,1,1,1,25,1135,28,1,1,allocated
989,1385,normal,0,0,65535_65535,0,5,22117,1089,0,1,0,24,0,28,1,1,pre_allocation
989,1385,normal,0,0,65535_65535,0,5,22117,1135,1,1,1,25,1135,28,1,1,allocated
989,1385,normal,0,0,65535_65535,0,4,20618,1089,0,1,0,24,0,28,1,1,pre_allocation
989,1385,normal,0,0,65535_65535,0,4,20618,1135,1,1,1,25,1135,28,1,1,allocated
989,1385,normal,0,0,65535_65535,0,3,19745,1089,0,1,0,24,0,28,1,1,pre_allocation
989,1385,normal,0,0,65535_65535,0,3,19745,1135,1,1,1,25,1135,28,1,1,allocated
989,1385,normal,0,0,65535_65535,0,2,17978,1089,0,1,0,24,0,28,1,1,pre_allocation
989,1385,normal,0,0,65535_65535,0,2,17978,1135,1,1,1,25,1135,28,1,1,allocated
989,1385,normal,0,0,65535_65535,0,1,38017,1135,0,1,0,25,0,28,1,1,pre_allocation
989,1385,normal,0,0,65535_65535,0,1,38017,1181,1,1,1,26,1181,28,1,1,allocated
989,1385,normal,0,0,65535_65535,1,10,87,0,0,1,0,0,0,28,1,1,pre_allocation
989,1385,normal,0,0,65535_65535,1,10,87,42,1,1,1,1,42,28,1,1,allocated
989,1385,normal,0,0,65535_65535,1,9,87,0,0,1,0,0,0,28,1,1,pre_allocation
989,1385,normal,0,0,65535_65535,1,9,87,42,1,1,1,1,42,28,1,1,allocated
989,1385,normal,0,0,65535_65535,1,7,87,0,0,1,0,0,0,28,1,1,pre_allocation
989,1385,normal,0,0,65535_65535,1,7,87,42,1,1,1,1,42,28,1,1,allocated
989,1385,normal,0,0,65535_65535,1,6,87,0,0,1,0,0,0,28,1,1,pre_allocation
989,1385,normal,0,0,65535_65535,1,6,87,42,1,1,1,1,42,28,1,1,allocated
989,1385,normal,0,0,65535_65535,1,10,87,42,0,1,0,1,0,28,1,1,pre_allocation
989,1385,normal,0,0,65535_65535,1,10,87,88,1,1,1,2,88,28,1,1,allocated
989,1385,normal,0,0,65535_65535,1,9,87,42,0,1,0,1,0,28,1,1,pre_allocation
989,1385,normal,0,0,65535_65535,1,9,87,88,1,1,1,2,88,28,1,1,allocated
989,1385,normal,0,0,65535_65535,1,7,87,42,0,1,0,1,0,28,1,1,pre_allocation
989,1385,normal,0,0,65535_65535,1,7,87,88,1,1,1,2,88,28,1,1,allocated
989,1385,normal,0,0,65535_65535,1,6,87,42,0,1,0,1,0,28,1,1,pre_allocation
989,1385,normal,0,0,65535_65535,1,6,87,88,1,1,1,2,88,28,1,1,allocated
989,1385,normal,0,0,65535_65535,1,10,87,88,0,1,0,2,0,28,1,1,pre_allocation
989,1385,normal,0,0,65535_65535,1,10,87,133,1,1,1,3,133,28,1,1,allocated
989,1385,normal,0,0,65535_65535,1,9,87,88,0,1,0,2,0,28,1,1,pre_allocation
989,1385,normal,0,0,65535_65535,1,9,87,133,1,1,1,3,133,28,1,1,allocated
989,1385,normal,0,0,65535_65535,1,7,87,88,0,1,0,2,0,28,1,1,pre_allocation
989,1385,normal,0,0,65535_65535,1,7,87,133,1,1,1,3,133,28,1,1,allocated
989,1385,normal,0,0,65535_65535,1,6,87,88,0,1,0,2,0,28,1,1,pre_allocation
989,1385,normal,0,0,65535_65535,1,6,87,133,1,1,1,3,133,28,1,1,allocated
989,1385,normal,0,0,65535_65535,1,10,87,133,0,1,0,3,0,28,1,1,pre_allocation
989,1385,normal,0,0,65535_65535,1,10,87,179,1,1,1,4,179,28,1,1,allocated
989,1385,normal,0,0,65535_65535,1,9,87,133,0,1,0,3,0,28,1,1,pre_allocation
989,1385,normal,0,0,65535_65535,1,9,87,179,1,1,1,4,179,28,1,1,allocated
989,1385,normal,0,0,65535_65535,1,7,87,133,0,1,0,3,0,28,1,1,pre_allocation
989,1385,normal,0,0,65535_65535,1,7,87,179,1,1,1,4,179,28,1,1,allocated
989,1385,normal,0,0,65535_65535,1,6,87,133,0,1,0,3,0,28,1,1,pre_allocation
989,1385,normal,0,0,65535_65535,1,6,87,179,1,1,1,4,179,28,1,1,allocated
989,1385,normal,0,0,65535_65535,1,10,87,179,0,1,0,4,0,28,1,1,pre_allocation
989,1385,normal,0,0,65535_65535,1,10,87,224,1,1,1,5,224,28,1,1,allocated
989,1385,normal,0,0,65535_65535,1,9,87,179,0,1,0,4,0,28,1,1,pre_allocation
989,1385,normal,0,0,65535_65535,1,9,87,224,1,1,1,5,224,28,1,1,allocated
989,1385,normal,0,0,65535_65535,1,7,87,179,0,1,0,4,0,28,1,1,pre_allocation
989,1385,normal,0,0,65535_65535,1,7,87,224,1,1,1,5,224,28,1,1,allocated
989,1385,normal,0,0,65535_65535,1,6,87,179,0,1,0,4,0,28,1,1,pre_allocation
989,1385,normal,0,0,65535_65535,1,6,87,224,1,1,1,5,224,28,1,1,allocated
989,1385,normal,0,0,65535_65535,1,10,87,224,0,1,0,5,0,28,1,1,pre_allocation
989,1385,normal,0,0,65535_65535,1,10,87,270,1,1,1,6,270,28,1,1,allocated
989,1385,normal,0,0,65535_65535,1,9,87,224,0,1,0,5,0,28,1,1,pre_allocation
989,1385,normal,0,0,65535_65535,1,9,87,270,1,1,1,6,270,28,1,1,allocated
989,1385,normal,0,0,65535_65535,1,7,87,224,0,1,0,5,0,28,1,1,pre_allocation
989,1385,normal,0,0,65535_65535,1,7,87,270,1,1,1,6,270,28,1,1,allocated
989,1385,normal,0,0,65535_65535,1,6,87,224,0,1,0,5,0,28,1,1,pre_allocation
989,1385,normal,0,0,65535_65535,1,6,87,270,1,1,1,6,270,28,1,1,allocated
989,1385,normal,0,0,65535_65535,1,10,87,270,0,1,0,6,0,28,1,1,pre_allocation
989,1385,normal,0,0,65535_65535,1,10,87,315,1,1,1,7,315,28,1,1,allocated
989,1385,normal,0,0,65535_65535,1,9,87,270,0,1,0,6,0,28,1,1,pre_allocation
989,1385,normal,0,0,65535_65535,1,9,87,315,1,1,1,7,315,28,1,1,allocated
989,1385,normal,0,0,65535_65535,1,7,87,270,0,1,0,6,0,28,1,1,pre_allocation
989,1385,normal,0,0,65535_65535,1,7,87,315,1,1,1,7,315,28,1,1,allocated
989,1385,normal,0,0,65535_65535,1,6,87,270,0,1,0,6,0,28,1,1,pre_allocation
989,1385,normal,0,0,65535_65535,1,6,87,315,1,1,1,7,315,28,1,1,allocated
989,1385,normal,0,0,65535_65535,1,10,87,315,0,1,0,7,0,28,1,1,pre_allocation
989,1385,normal,0,0,65535_65535,1,10,87,361,1,1,1,8,361,28,1,1,allocated
989,1385,normal,0,0,65535_65535,1,9,87,315,0,1,0,7,0,28,1,1,pre_allocation
989,1385,normal,0,0,65535_65535,1,9,87,361,1,1,1,8,361,28,1,1,allocated
989,1385,normal,0,0,65535_65535,1,7,87,315,0,1,0,7,0,28,1,1,pre_allocation
989,1385,normal,0,0,65535_65535,1,7,87,361,1,1,1,8,361,28,1,1,allocated
989,1385,normal,0,0,65535_65535,1,6,87,315,0,1,0,7,0,28,1,1,pre_allocation
989,1385,normal,0,0,65535_65535,1,6,87,361,1,1,1,8,361,28,1,1,allocated
989,1385,normal,0,0,65535_65535,1,10,87,361,0,1,0,8,0,28,1,1,pre_allocation
989,1385,normal,0,0,65535_65535,1,10,87,406,1,1,1,9,406,28,1,1,allocated
989,1385,normal,0,0,65535_65535,1,9,87,361,0,1,0,8,0,28,1,1,pre_allocation
989,1385,normal,0,0,65535_65535,1,9,87,406,1,1,1,9,406,28,1,1,allocated
989,1385,normal,0,0,65535_65535,1,7,87,361,0,1,0,8,0,28,1,1,pre_allocation
989,1385,normal,0,0,65535_65535,1,7,87,406,1,1,1,9,406,28,1,1,allocated
989,1385,normal,0,0,65535_65535,1,6,87,361,0,1,0,8,0,28,1,1,pre_allocation
989,1385,normal,0,0,65535_65535,1,6,87,406,1,1,1,9,406,28,1,1,allocated
989,1385,normal,0,0,65535_65535,1,10,87,406,0,1,0,9,0,28,1,1,pre_allocation
989,1385,normal,0,0,65535_65535,1,10,87,452,1,1,1,10,452,28,1,1,allocated
989,1385,normal,0,0,65535_65535,1,9,87,406,0,1,0,9,0,28,1,1,pre_allocation
989,1385,normal,0,0,65535_65535,1,9,87,452,1,1,1,10,452,28,1,1,allocated
989,1385,normal,0,0,65535_65535,1,7,87,406,0,1,0,9,0,28,1,1,pre_allocation
989,1385,normal,0,0,65535_65535,1,7,87,452,1,1,1,10,452,28,1,1,allocated
989,1385,normal,0,0,65535_65535,1,6,87,406,0,1,0,9,0,28,1,1,pre_allocation
989,1385,normal,0,0,65535_65535,1,6,87,452,1,1,1,10,452,28,1,1,allocated
989,1385,normal,0,0,65535_65535,1,10,87,452,0,1,0,10,0,28,1,1,pre_allocation
989,1385,normal,0,0,65535_65535,1,10,87,497,1,1,1,11,497,28,1,1,allocated
989,1385,normal,0,0,65535_65535,1,9,87,452,0,1,0,10,0,28,1,1,pre_allocation
989,1385,normal,0,0,65535_65535,1,9,87,497,1,1,1,11,497,28,1,1,allocated
989,1385,normal,0,0,65535_65535,1,7,87,452,0,1,0,10,0,28,1,1,pre_allocation
989,1385,normal,0,0,65535_65535,1,7,87,497,1,1,1,11,497,28,1,1,allocated
989,1385,normal,0,0,65535_65535,1,6,87,452,0,1,0,10,0,28,1,1,pre_allocation
989,1385,normal,0,0,65535_65535,1,6,87,497,1,1,1,11,497,28,1,1,allocated
989,1385,normal,0,0,65535_65535,1,10,87,497,0,1,0,11,0,28,1,1,pre_allocation
989,1385,normal,0,0,65535_65535,1,10,87,543,1,1,1,12,543,28,1,1,allocated
989,1385,normal,0,0,65535_65535,1,9,87,497,0,1,0,11,0,28,1,1,pre_allocation
989,1385,normal,0,0,65535_65535,1,9,87,543,1,1,1,12,543,28,1,1,allocated
989,1385,normal,0,0,65535_65535,1,7,87,497,0,1,0,11,0,28,1,1,pre_allocation
989,1385,normal,0,0,65535_65535,1,7,87,543,1,1,1,12,543,28,1,1,allocated
989,1385,normal,0,0,65535_65535,1,6,87,497,0,1,0,11,0,28,1,1,pre_allocation
989,1385,normal,0,0,65535_65535,1,6,87,543,1,1,1,12,543,28,1,1,allocated
989,1385,normal,0,0,65535_65535,1,10,87,543,0,1,0,12,0,28,1,1,pre_allocation
989,1385,normal,0,0,65535_65535,1,10,87,589,1,1,1,13,589,28,1,1,allocated
989,1385,normal,0,0,65535_65535,1,9,87,543,0,1,0,12,0,28,1,1,pre_allocation
989,1385,normal,0,0,65535_65535,1,9,87,589,1,1,1,13,589,28,1,1,allocated
989,1385,normal,0,0,65535_65535,1,7,87,543,0,1,0,12,0,28,1,1,pre_allocation
989,1385,normal,0,0,65535_65535,1,7,87,589,1,1,1,13,589,28,1,1,allocated
989,1385,normal,0,0,65535_65535,1,6,87,543,0,1,0,12,0,28,1,1,pre_allocation
989,1385,normal,0,0,65535_65535,1,6,87,589,1,1,1,13,589,28,1,1,allocated
989,1385,normal,0,0,65535_65535,1,10,87,589,0,1,0,13,0,28,1,1,pre_allocation
989,1385,normal,0,0,65535_65535,1,10,87,634,1,1,1,14,634,28,1,1,allocated
989,1385,normal,0,0,65535_65535,1,9,87,589,0,1,0,13,0,28,1,1,pre_allocation
989,1385,normal,0,0,65535_65535,1,9,87,634,1,1,1,14,634,28,1,1,allocated
989,1385,normal,0,0,65535_65535,1,7,87,589,0,1,0,13,0,28,1,1,pre_allocation
989,1385,normal,0,0,65535_65535,1,7,87,634,1,1,1,14,634,28,1,1,allocated
989,1385,normal,0,0,65535_65535,1,6,87,589,0,1,0,13,0,28,1,1,pre_allocation
989,1385,normal,0,0,65535_65535,1,6,87,634,1,1,1,14,634,28,1,1,allocated
989,1385,normal,0,0,65535_65535,1,10,87,634,0,1,0,14,0,28,1,1,pre_allocation
989,1385,normal,0,0,65535_65535,1,10,87,680,1,1,1,15,680,28,1,1,allocated
989,1385,normal,0,0,65535_65535,1,9,87,634,0,1,0,14,0,28,1,1,pre_allocation
989,1385,normal,0,0,65535_65535,1,9,87,680,1,1,1,15,680,28,1,1,allocated
989,1385,normal,0,0,65535_65535,1,7,87,634,0,1,0,14,0,28,1,1,pre_allocation
989,1385,normal,0,0,65535_65535,1,7,87,680,1,1,1,15,680,28,1,1,allocated
989,1385,normal,0,0,65535_65535,1,6,87,634,0,1,0,14,0,28,1,1,pre_allocation
989,1385,normal,0,0,65535_65535,1,6,87,680,1,1,1,15,680,28,1,1,allocated
989,1385,normal,0,0,65535_65535,1,10,87,680,0,1,0,15,0,28,1,1,pre_allocation
989,1385,normal,0,0,65535_65535,1,10,87,725,1,1,1,16,725,28,1,1,allocated
989,1385,normal,0,0,65535_65535,1,9,87,680,0,1,0,15,0,28,1,1,pre_allocation
989,1385,normal,0,0,65535_65535,1,9,87,725,1,1,1,16,725,28,1,1,allocated
989,1385,normal,0,0,65535_65535,1,7,87,680,0,1,0,15,0,28,1,1,pre_allocation
989,1385,normal,0,0,65535_65535,1,7,87,725,1,1,1,16,725,28,1,1,allocated
989,1385,normal,0,0,65535_65535,1,6,87,680,0,1,0,15,0,28,1,1,pre_allocation
989,1385,normal,0,0,65535_65535,1,6,87,725,1,1,1,16,725,28,1,1,allocated
989,1385,normal,0,0,65535_65535,1,10,87,725,0,1,0,16,0,28,1,1,pre_allocation
989,1385,normal,0,0,65535_65535,1,10,87,771,1,1,1,17,771,28,1,1,allocated
989,1385,normal,0,0,65535_65535,1,9,87,725,0,1,0,16,0,28,1,1,pre_allocation
989,1385,normal,0,0,65535_65535,1,9,87,771,1,1,1,17,771,28,1,1,allocated
989,1385,normal,0,0,65535_65535,1,7,87,725,0,1,0,16,0,28,1,1,pre_allocation
989,1385,normal,0,0,65535_65535,1,7,87,771,1,1,1,17,771,28,1,1,allocated
989,1385,normal,0,0,65535_65535,1,6,87,725,0,1,0,16,0,28,1,1,pre_allocation
989,1385,normal,0,0,65535_65535,1,6,87,771,1,1,1,17,771,28,1,1,allocated
989,1385,normal,0,0,65535_65535,1,10,87,771,0,1,0,17,0,28,1,1,pre_allocation
989,1385,normal,0,0,65535_65535,1,10,87,816,1,1,1,18,816,28,1,1,allocated
989,1385,normal,0,0,65535_65535,1,9,87,771,0,1,0,17,0,28,1,1,pre_allocation
989,1385,normal,0,0,65535_65535,1,9,87,816,1,1,1,18,816,28,1,1,allocated
989,1385,normal,0,0,65535_65535,1,7,87,771,0,1,0,17,0,28,1,1,pre_allocation
989,1385,normal,0,0,65535_65535,1,7,87,816,1,1,1,18,816,28,1,1,allocated
989,1385,normal,0,0,65535_65535,1,6,87,771,0,1,0,17,0,28,1,1,pre_allocation
989,1385,normal,0,0,65535_65535,1,6,87,816,1,1,1,18,816,28,1,1,allocated
989,1385,normal,0,0,65535_65535,1,10,87,816,0,1,0,18,0,28,1,1,pre_allocation
989,1385,normal,0,0,65535_65535,1,10,87,862,1,1,1,19,862,28,1,1,allocated
989,1385,normal,0,0,65535_65535,1,9,87,816,0,1,0,18,0,28,1,1,pre_allocation
989,1385,normal,0,0,65535_65535,1,9,87,862,1,1,1,19,862,28,1,1,allocated
989,1385,normal,0,0,65535_65535,1,7,87,816,0,1,0,18,0,28,1,1,pre_allocation
989,1385,normal,0,0,65535_65535,1,7,87,862,1,1,1,19,862,28,1,1,allocated
989,1385,normal,0,0,65535_65535,1,6,87,816,0,1,0,18,0,28,1,1,pre_allocation
989,1385,normal,0,0,65535_65535,1,6,87,862,1,1,1,19,862,28,1,1,allocated
989,1385,normal,0,0,65535_65535,1,10,87,862,0,1,0,19,0,28,1,1,pre_allocation
989,1385,normal,0,0,65535_65535,1,10,87,907,1,1,1,20,907,28,1,1,allocated
989,1385,normal,0,0,65535_65535,1,9,87,862,0,1,0,19,0,28,1,1,pre_allocation
989,1385,normal,0,0,65535_65535,1,9,87,907,1,1,1,20,907,28,1,1,allocated
989,1385,normal,0,0,65535_65535,1,7,87,862,0,1,0,19,0,28,1,1,pre_allocation
989,1385,normal,0,0,65535_65535,1,7,87,907,1,1,1,20,907,28,1,1,allocated
989,1385,normal,0,0,65535_65535,1,6,87,862,0,1,0,19,0,28,1,1,pre_allocation
989,1385,normal,0,0,65535_65535,1,6,87,907,1,1,1,20,907,28,1,1,allocated
989,1385,normal,0,0,65535_65535,1,10,87,907,0,1,0,20,0,28,1,1,pre_allocation
989,1385,normal,0,0,65535_65535,1,10,87,953,1,1,1,21,953,28,1,1,allocated
989,1385,normal,0,0,65535_65535,1,9,87,907,0,1,0,20,0,28,1,1,pre_allocation
989,1385,normal,0,0,65535_65535,1,9,87,953,1,1,1,21,953,28,1,1,allocated
989,1385,normal,0,0,65535_65535,1,7,87,907,0,1,0,20,0,28,1,1,pre_allocation
989,1385,normal,0,0,65535_65535,1,7,87,953,1,1,1,21,953,28,1,1,allocated
989,1385,normal,0,0,65535_65535,1,6,87,907,0,1,0,20,0,28,1,1,pre_allocation
989,1385,normal,0,0,65535_65535,1,6,87,953,1,1,1,21,953,28,1,1,allocated
989,1385,normal,0,0,65535_65535,1,10,87,953,0,1,0,21,0,28,1,1,pre_allocation
989,1385,normal,0,0,65535_65535,1,10,87,998,1,1,1,22,998,28,1,1,allocated
989,1385,normal,0,0,65535_65535,1,9,87,953,0,1,0,21,0,28,1,1,pre_allocation
989,1385,normal,0,0,65535_65535,1,9,87,998,1,1,1,22,998,28,1,1,allocated
989,1385,normal,0,0,65535_65535,1,7,87,953,0,1,0,21,0,28,1,1,pre_allocation
989,1385,normal,0,0,65535_65535,1,7,87,998,1,1,1,22,998,28,1,1,allocated
989,1385,normal,0,0,65535_65535,1,6,87,953,0,1,0,21,0,28,1,1,pre_allocation
989,1385,normal,0,0,65535_65535,1,6,87,998,1,1,1,22,998,28,1,1,allocated
989,1385,normal,0,0,65535_65535,1,10,87,998,0,1,0,22,0,28,1,1,pre_allocation
989,1385,normal,0,0,65535_65535,1,10,87,1044,1,1,1,23,1044,28,1,1,allocated
989,1385,normal,0,0,65535_65535,1,9,87,998,0,1,0,22,0,28,1,1,pre_allocation
989,1385,normal,0,0,65535_65535,1,9,87,1044,1,1,1,23,1044,28,1,1,allocated
989,1385,normal,0,0,65535_65535,1,7,87,998,0,1,0,22,0,28,1,1,pre_allocation
989,1385,normal,0,0,65535_65535,1,7,87,1044,1,1,1,23,1044,28,1,1,allocated
989,1385,normal,0,0,65535_65535,1,6,87,998,0,1,0,22,0,28,1,1,pre_allocation
989,1385,normal,0,0,65535_65535,1,6,87,1044,1,1,1,23,1044,28,1,1,allocated
989,1385,normal,0,0,65535_65535,1,10,87,1044,0,1,0,23,0,28,1,1,pre_allocation
989,1385,normal,0,0,65535_65535,1,10,87,1089,1,1,1,24,1089,28,1,1,allocated
989,1385,normal,0,0,65535_65535,1,9,87,1044,0,1,0,23,0,28,1,1,pre_allocation
989,1385,normal,0,0,65535_65535,1,9,87,1089,1,1,1,24,1089,28,1,1,allocated
989,1385,normal,0,0,65535_65535,1,7,87,1044,0,1,0,23,0,28,1,1,pre_allocation
989,1385,normal,0,0,65535_65535,1,7,87,1089,1,1,1,24,1089,28,1,1,allocated
989,1385,normal,0,0,65535_65535,1,6,87,1044,0,1,0,23,0,28,1,1,pre_allocation
989,1385,normal,0,0,65535_65535,1,6,87,1089,1,1,1,24,1089,28,1,1,allocated
989,1385,normal,0,0,65535_65535,1,10,87,1089,0,1,0,24,0,28,1,1,pre_allocation
989,1385,normal,0,0,65535_65535,1,10,87,1135,1,1,1,25,1135,28,1,1,allocated
989,1385,normal,0,0,65535_65535,1,9,87,1089,0,1,0,24,0,28,1,1,pre_allocation
989,1385,normal,0,0,65535_65535,1,9,87,1135,1,1,1,25,1135,28,1,1,allocated
989,1385,normal,0,0,65535_65535,1,7,87,1089,0,1,0,24,0,28,1,1,pre_allocation
989,1385,normal,0,0,65535_65535,1,7,87,1135,1,1,1,25,1135,28,1,1,allocated
989,1385,normal,0,0,65535_65535,1,6,87,1089,0,1,0,24,0,28,1,1,pre_allocation
989,1385,normal,0,0,65535_65535,1,6,87,1135,1,1,1,25,1135,28,1,1,allocated
989,1385,normal,0,0,65535_65535,1,10,87,1135,0,1,0,25,0,28,1,1,pre_allocation
989,1385,normal,0,0,65535_65535,1,10,87,1181,1,1,1,26,1181,28,1,1,allocated
989,1385,normal,0,0,65535_65535,1,9,87,1135,0,1,0,25,0,28,1,1,pre_allocation
989,1385,normal,0,0,65535_65535,1,9,87,1181,1,1,1,26,1181,28,1,1,allocated
989,1385,normal,0,0,65535_65535,1,7,87,1135,0,1,0,25,0,28,1,1,pre_allocation
989,1385,normal,0,0,65535_65535,1,7,87,1181,1,1,1,26,1181,28,1,1,allocated
989,1385,normal,0,0,65535_65535,1,6,87,1135,0,1,0,25,0,28,1,1,pre_allocation
989,1385,normal,0,0,65535_65535,1,6,87,1181,1,1,1,26,1181,28,1,1,allocated
989,1385,normal,0,0,65535_65535,1,10,87,1181,0,1,0,26,0,28,1,1,pre_allocation
989,1385,normal,0,0,65535_65535,1,10,87,1226,1,1,1,27,1226,28,1,1,allocated
989,1385,normal,0,0,65535_65535,1,9,87,1181,0,1,0,26,0,28,1,1,pre_allocation
989,1385,normal,0,0,65535_65535,1,9,87,1226,1,1,1,27,1226,28,1,1,allocated
989,1385,normal,0,0,65535_65535,1,7,87,1181,0,1,0,26,0,28,1,1,pre_allocation
989,1385,normal,0,0,65535_65535,1,7,87,1226,1,1,1,27,1226,28,1,1,allocated
989,1385,normal,0,0,65535_65535,1,6,87,1181,0,1,0,26,0,28,1,1,pre_allocation
989,1385,normal,0,0,65535_65535,1,6,87,1226,1,1,1,27,1226,28,1,1,allocated
989,1385,normal,0,0,65535_65535,1,10,87,1226,0,1,0,27,0,28,1,1,pre_allocation
989,1385,normal,0,0,65535_65535,1,10,87,1272,1,1,1,28,1272,28,1,1,allocated
989,1385,normal,0,0,65535_65535,1,9,87,1226,0,1,0,27,0,28,1,1,pre_allocation
989,1385,normal,0,0,65535_65535,1,9,87,1272,1,1,1,28,1272,28,1,1,allocated
989,1385,normal,0,0,65535_65535,1,7,87,1226,0,1,0,27,0,28,1,1,pre_allocation
989,1385,normal,0,0,65535_65535,1,7,87,1272,1,1,1,28,1272,28,1,1,allocated
989,1385,normal,0,0,65535_65535,1,6,87,1226,0,1,0,27,0,28,1,1,pre_allocation
989,1385,normal,0,0,65535_65535,1,6,87,1272,1,1,1,28,1272,28,1,1,allocated
989,1385,normal,0,0,65535_65535,1,10,87,1272,0,1,0,28,0,28,1,1,pre_allocation
989,1385,normal,0,0,65535_65535,1,10,87,1317,1,1,1,29,1317,28,1,1,allocated
989,1385,normal,0,0,65535_65535,1,9,87,1272,0,1,0,28,0,28,1,1,pre_allocation
989,1385,normal,0,0,65535_65535,1,9,87,1317,1,1,1,29,1317,28,1,1,allocated
989,1385,normal,0,0,65535_65535,1,7,87,1272,0,1,0,28,0,28,1,1,pre_allocation
989,1385,normal,0,0,65535_65535,1,7,87,1317,1,1,1,29,1317,28,1,1,allocated
989,1385,normal,0,0,65535_65535,1,6,87,1272,0,1,0,28,0,28,1,1,pre_allocation
989,1385,normal,0,0,65535_65535,1,6,87,1317,1,1,1,29,1317,28,1,1,allocated
989,1385,normal,0,0,65535_65535,1,10,87,1317,0,1,0,29,0,28,1,1,pre_allocation
989,1385,normal,0,0,65535_65535,1,10,87,1363,1,1,1,30,1363,28,1,1,allocated
989,1385,normal,0,0,65535_65535,1,9,87,1317,0,1,0,29,0,28,1,1,pre_allocation
989,1385,normal,0,0,65535_65535,1,9,87,1363,1,1,1,30,1363,28,1,1,allocated
989,1385,normal,0,0,65535_65535,1,7,87,1317,0,1,0,29,0,28,1,1,pre_allocation
989,1385,normal,0,0,65535_65535,1,7,87,1363,1,1,1,30,1363,28,1,1,allocated
989,1385,normal,0,0,65535_65535,1,6,87,1317,0,1,0,29,0,28,1,1,pre_allocation
989,1385,normal,0,0,65535_65535,1,6,87,1363,1,1,1,30,1363,28,1,1,allocated
989,1385,normal,0,0,65535_65535,1,10,87,1363,0,1,0,30,0,28,1,1,pre_allocation
989,1385,normal,0,0,65535_65535,1,10,87,1408,1,1,1,31,1408,28,1,1,allocated
989,1385,normal,0,0,65535_65535,1,9,87,1363,0,1,0,30,0,28,1,1,pre_allocation
989,1385,normal,0,0,65535_65535,1,9,87,1408,1,1,1,31,1408,28,1,1,allocated
989,1385,normal,0,0,65535_65535,1,7,87,1363,0,1,0,30,0,28,1,1,pre_allocation
989,1385,normal,0,0,65535_65535,1,7,87,1408,1,1,1,31,1408,28,1,1,allocated
989,1385,normal,0,0,65535_65535,1,6,87,1363,0,1,0,30,0,28,1,1,pre_allocation
989,1385,normal,0,0,65535_65535,1,6,87,1408,1,1,1,31,1408,28,1,1,allocated
989,1385,normal,0,0,65535_65535,1,10,87,1408,0,1,0,31,0,28,1,1,pre_allocation
989,1385,normal,0,0,65535_65535,1,10,87,1454,1,1,1,32,1454,28,1,1,allocated
989,1385,normal,0,0,65535_65535,1,9,87,1408,0,1,0,31,0,28,1,1,pre_allocation
989,1385,normal,0,0,65535_65535,1,9,87,1454,1,1,1,32,1454,28,1,1,allocated
989,1385,normal,0,0,65535_65535,1,7,87,1408,0,1,0,31,0,28,1,1,pre_allocation
989,1385,normal,0,0,65535_65535,1,7,87,1454,1,1,1,32,1454,28,1,1,allocated
989,1385,normal,0,0,65535_65535,1,6,87,1408,0,1,0,31,0,28,1,1,pre_allocation
989,1385,normal,0,0,65535_65535,1,6,87,1454,1,1,1,32,1454,28,1,1,allocated
989,1385,normal,0,0,65535_65535,1,10,87,1454,0,1,0,32,0,28,1,1,pre_allocation
989,1385,normal,0,0,65535_65535,1,10,87,1499,1,1,1,33,1499,28,1,1,allocated
989,1385,normal,0,0,65535_65535,1,9,87,1454,0,1,0,32,0,28,1,1,pre_allocation
989,1385,normal,0,0,65535_65535,1,9,87,1499,1,1,1,33,1499,28,1,1,allocated
989,1385,normal,0,0,65535_65535,1,7,87,1454,0,1,0,32,0,28,1,1,pre_allocation
989,1385,normal,0,0,65535_65535,1,7,87,1499,1,1,1,33,1499,28,1,1,allocated
989,1385,normal,0,0,65535_65535,1,6,87,1454,0,1,0,32,0,28,1,1,pre_allocation
989,1385,normal,0,0,65535_65535,1,6,87,1499,1,1,1,33,1499,28,1,1,allocated
989,1385,normal,0,0,65535_65535,1,10,87,1499,0,1,0,33,0,28,1,1,pre_allocation
989,1385,normal,0,0,65535_65535,1,10,87,1542,1,1,1,34,1542,28,1,1,allocated
989,1385,normal,0,0,65535_65535,1,9,87,1499,0,1,0,33,0,28,1,1,pre_allocation
989,1385,normal,0,0,65535_65535,1,9,87,1542,1,1,1,34,1542,28,1,1,allocated
989,1385,normal,0,0,65535_65535,1,7,87,1499,0,1,0,33,0,28,1,1,pre_allocation
989,1385,normal,0,0,65535_65535,1,7,87,1542,1,1,1,34,1542,28,1,1,allocated
989,1385,normal,0,0,65535_65535,1,6,87,1499,0,1,0,33,0,28,1,1,pre_allocation
989,1385,normal,0,0,65535_65535,1,6,87,1542,1,1,1,34,1542,28,1,1,allocated
989,1385,normal,0,0,65535_65535,1,10,87,1542,0,1,0,34,0,28,1,1,pre_allocation
989,1385,normal,0,0,65535_65535,1,10,87,1587,1,1,1,35,1587,28,1,1,allocated
989,1385,normal,0,0,65535_65535,1,9,87,1542,0,1,0,34,0,28,1,1,pre_allocation
989,1385,normal,0,0,65535_65535,1,9,87,1587,1,1,1,35,1587,28,1,1,allocated
989,1385,normal,0,0,65535_65535,1,7,87,1542,0,1,0,34,0,28,1,1,pre_allocation
989,1385,normal,0,0,65535_65535,1,7,87,1587,1,1,1,35,1587,28,1,1,allocated
989,1385,normal,0,0,65535_65535,1,6,87,1542,0,1,0,34,0,28,1,1,pre_allocation
989,1385,normal,0,0,65535_65535,1,6,87,1587,1,1,1,35,1587,28,1,1,allocated
1101,1483,normal,0,0,65535_65535,0,2,41555,0,0,1,0,0,0,28,1,1,pre_allocation
1101,1483,normal,0,0,65535_65535,0,2,41555,50,1,1,1,1,50,28,1,1,allocated
1101,1483,normal,0,0,65535_65535,0,3,43492,0,0,1,0,0,0,28,1,1,pre_allocation
1101,1483,normal,0,0,65535_65535,0,3,43492,50,1,1,1,1,50,28,1,1,allocated
1101,1483,normal,0,0,65535_65535,0,4,44578,0,0,1,0,0,0,28,1,1,pre_allocation
1101,1483,normal,0,0,65535_65535,0,4,44578,50,1,1,1,1,50,28,1,1,allocated
1101,1483,normal,0,0,65535_65535,0,5,46281,0,0,1,0,0,0,28,1,1,pre_allocation
1101,1483,normal,0,0,65535_65535,0,5,46281,50,1,1,1,1,50,28,1,1,allocated
1101,1483,normal,0,0,65535_65535,0,1,63894,0,0,1,0,0,0,26,1,1,pre_allocation
1101,1483,normal,0,0,65535_65535,0,1,63894,46,1,1,1,1,46,26,1,1,allocated
1101,1483,normal,0,0,65535_65535,0,2,41555,50,0,1,0,1,0,28,1,1,pre_allocation
1101,1483,normal,0,0,65535_65535,0,2,41555,103,1,1,1,2,103,28,1,1,allocated
1101,1483,normal,0,0,65535_65535,0,3,43492,50,0,1,0,1,0,28,1,1,pre_allocation
1101,1483,normal,0,0,65535_65535,0,3,43492,103,1,1,1,2,103,28,1,1,allocated
1101,1483,normal,0,0,65535_65535,0,4,44578,50,0,1,0,1,0,28,1,1,pre_allocation
1101,1483,normal,0,0,65535_65535,0,4,44578,103,1,1,1,2,103,28,1,1,allocated
1101,1483,normal,0,0,65535_65535,0,5,46281,50,0,1,0,1,0,28,1,1,pre_allocation
1101,1483,normal,0,0,65535_65535,0,5,46281,103,1,1,1,2,103,28,1,1,allocated
1101,1483,normal,0,0,65535_65535,0,1,63894,46,0,1,0,1,0,26,1,1,pre_allocation
1101,1483,normal,0,0,65535_65535,0,1,63894,95,1,1,1,2,95,26,1,1,allocated
1101,1483,normal,0,0,65535_65535,0,2,41555,103,0,1,0,2,0,28,1,1,pre_allocation
1101,1483,normal,0,0,65535_65535,0,2,41555,156,1,1,1,3,156,28,1,1,allocated
1101,1483,normal,0,0,65535_65535,0,3,43492,103,0,1,0,2,0,28,1,1,pre_allocation
1101,1483,normal,0,0,65535_65535,0,3,43492,156,1,1,1,3,156,28,1,1,allocated
1101,1483,normal,0,0,65535_65535,0,4,44578,103,0,1,0,2,0,28,1,1,pre_allocation
1101,1483,normal,0,0,65535_65535,0,4,44578,156,1,1,1,3,156,28,1,1,allocated
1101,1483,normal,0,0,65535_65535,0,5,46281,103,0,1,0,2,0,28,1,1,pre_allocation
1101,1483,normal,0,0,65535_65535,0,5,46281,156,1,1,1,3,156,28,1,1,allocated
1101,1483,normal,0,0,65535_65535,0,1,63894,95,0,1,0,2,0,26,1,1,pre_allocation
1101,1483,normal,0,0,65535_65535,0,1,63894,144,1,1,1,3,144,26,1,1,allocated
1101,1483,normal,0,0,65535_65535,0,2,41555,156,0,1,0,3,0,28,1,1,pre_allocation
1101,1483,normal,0,0,65535_65535,0,2,41555,209,1,1,1,4,209,28,1,1,allocated
1101,1483,normal,0,0,65535_65535,0,3,43492,156,0,1,0,3,0,28,1,1,pre_allocation
1101,1483,normal,0,0,65535_65535,0,3,43492,209,1,1,1,4,209,28,1,1,allocated
1101,1483,normal,0,0,65535_65535,0,4,44578,156,0,1,0,3,0,28,1,1,pre_allocation
1101,1483,normal,0,0,65535_65535,0,4,44578,209,1,1,1,4,209,28,1,1,allocated
1101,1483,normal,0,0,65535_65535,0,5,46281,156,0,1,0,3,0,28,1,1,pre_allocation
1101,1483,normal,0,0,65535_65535,0,5,46281,209,1,1,1,4,209,28,1,1,allocated
1101,1483,normal,0,0,65535_65535,0,1,63894,144,0,1,0,3,0,26,1,1,pre_allocation
1101,1483,normal,0,0,65535_65535,0,1,63894,193,1,1,1,4,193,26,1,1,allocated
1101,1483,normal,0,0,65535_65535,0,2,41555,209,0,1,0,4,0,28,1,1,pre_allocation
1101,1483,normal,0,0,65535_65535,0,2,41555,262,1,1,1,5,262,28,1,1,allocated
1101,1483,normal,0,0,65535_65535,0,3,43492,209,0,1,0,4,0,28,1,1,pre_allocation
1101,1483,normal,0,0,65535_65535,0,3,43492,262,1,1,1,5,262,28,1,1,allocated
1101,1483,normal,0,0,65535_65535,0,4,44578,209,0,1,0,4,0,28,1,1,pre_allocation
1101,1483,normal,0,0,65535_65535,0,4,44578,262,1,1,1,5,262,28,1,1,allocated
1101,1483,normal,0,0,65535_65535,0,5,46281,209,0,1,0,4,0,28,1,1,pre_allocation
1101,1483,normal,0,0,65535_65535,0,5,46281,262,1,1,1,5,262,28,1,1,allocated
1101,1483,normal,0,0,65535_65535,0,1,63894,193,0,1,0,4,0,26,1,1,pre_allocation
1101,1483,normal,0,0,65535_65535,0,1,63894,242,1,1,1,5,242,26,1,1,allocated
1101,1483,normal,0,0,65535_65535,0,2,41555,262,0,1,0,5,0,28,1,1,pre_allocation
1101,1483,normal,0,0,65535_65535,0,2,41555,315,1,1,1,6,315,28,1,1,allocated
1101,1483,normal,0,0,65535_65535,0,3,43492,262,0,1,0,5,0,28,1,1,pre_allocation
1101,1483,normal,0,0,65535_65535,0,3,43492,315,1,1,1,6,315,28,1,1,allocated
1101,1483,normal,0,0,65535_65535,0,4,44578,262,0,1,0,5,0,28,1,1,pre_allocation
1101,1483,normal,0,0,65535_65535,0,4,44578,315,1,1,1,6,315,28,1,1,allocated
1101,1483,normal,0,0,65535_65535,0,5,46281,262,0,1,0,5,0,28,1,1,pre_allocation
1101,1483,normal,0,0,65535_65535,0,5,46281,315,1,1,1,6,315,28,1,1,allocated
1101,1483,normal,0,0,65535_65535,0,1,63894,242,0,1,0,5,0,26,1,1,pre_allocation
1101,1483,normal,0,0,65535_65535,0,1,63894,291,1,1,1,6,291,26,1,1,allocated
1101,1483,normal,0,0,65535_65535,0,2,41555,315,0,1,0,6,0,28,1,1,pre_allocation
1101,1483,normal,0,0,65535_65535,0,2,41555,368,1,1,1,7,368,28,1,1,allocated
1101,1483,normal,0,0,65535_65535,0,3,43492,315,0,1,0,6,0,28,1,1,pre_allocation
1101,1483,normal,0,0,65535_65535,0,3,43492,368,1,1,1,7,368,28,1,1,allocated
1101,1483,normal,0,0,65535_65535,0,4,44578,315,0,1,0,6,0,28,1,1,pre_allocation
1101,1483,normal,0,0,65535_65535,0,4,44578,368,1,1,1,7,368,28,1,1,allocated
1101,1483,normal,0,0,65535_65535,0,5,46281,315,0,1,0,6,0,28,1,1,pre_allocation
1101,1483,normal,0,0,65535_65535,0,5,46281,368,1,1,1,7,368,28,1,1,allocated
1101,1483,normal,0,0,65535_65535,0,1,63894,291,0,1,0,6,0,26,1,1,pre_allocation
1101,1483,normal,0,0,65535_65535,0,1,63894,340,1,1,1,7,340,26,1,1,allocated
1101,1483,normal,0,0,65535_65535,0,2,41555,368,0,1,0,7,0,28,1,1,pre_allocation
1101,1483,normal,0,0,65535_65535,0,2,41555,422,1,1,1,8,422,28,1,1,allocated
1101,1483,normal,0,0,65535_65535,0,3,43492,368,0,1,0,7,0,28,1,1,pre_allocation
1101,1483,normal,0,0,65535_65535,0,3,43492,422,1,1,1,8,422,28,1,1,allocated
1101,1483,normal,0,0,65535_65535,0,4,44578,368,0,1,0,7,0,28,1,1,pre_allocation
1101,1483,normal,0,0,65535_65535,0,4,44578,422,1,1,1,8,422,28,1,1,allocated
1101,1483,normal,0,0,65535_65535,0,5,46281,368,0,1,0,7,0,28,1,1,pre_allocation
1101,1483,normal,0,0,65535_65535,0,5,46281,422,1,1,1,8,422,28,1,1,allocated
1101,1483,normal,0,0,65535_65535,0,1,63894,340,0,1,0,7,0,26,1,1,pre_allocation
1101,1483,normal,0,0,65535_65535,0,1,63894,389,1,1,1,8,389,26,1,1,allocated
1101,1483,normal,0,0,65535_65535,0,2,41555,422,0,1,0,8,0,28,1,1,pre_allocation
1101,1483,normal,0,0,65535_65535,0,2,41555,475,1,1,1,9,475,28,1,1,allocated
1101,1483,normal,0,0,65535_65535,0,3,43492,422,0,1,0,8,0,28,1,1,pre_allocation
1101,1483,normal,0,0,65535_65535,0,3,43492,475,1,1,1,9,475,28,1,1,allocated
1101,1483,normal,0,0,65535_65535,0,4,44578,422,0,1,0,8,0,28,1,1,pre_allocation
1101,1483,normal,0,0,65535_65535,0,4,44578,475,1,1,1,9,475,28,1,1,allocated
1101,1483,normal,0,0,65535_65535,0,5,46281,422,0,1,0,8,0,28,1,1,pre_allocation
1101,1483,normal,0,0,65535_65535,0,5,46281,475,1,1,1,9,475,28,1,1,allocated
1101,1483,normal,0,0,65535_65535,1,6,87,0,0,1,0,0,0,28,1,1,pre_allocation
1101,1483,normal,0,0,65535_65535,1,6,87,50,1,1,1,1,50,28,1,1,allocated
1101,1483,normal,0,0,65535_65535,1,7,87,0,0,1,0,0,0,28,1,1,pre_allocation
1101,1483,normal,0,0,65535_65535,1,7,87,50,1,1,1,1,50,28,1,1,allocated
1101,1483,normal,0,0,65535_65535,1,9,87,0,0,1,0,0,0,28,1,1,pre_allocation
1101,1483,normal,0,0,65535_65535,1,9,87,50,1,1,1,1,50,28,1,1,allocated
1101,1483,normal,0,0,65535_65535,1,10,87,0,0,1,0,0,0,28,1,1,pre_allocation
1101,1483,normal,0,0,65535_65535,1,10,87,50,1,1,1,1,50,28,1,1,allocated
1101,1483,normal,0,0,65535_65535,1,8,251,0,0,1,0,0,0,15,1,1,pre_allocation
1101,1483,normal,0,0,65535_65535,1,8,251,17,1,1,1,1,17,15,1,1,allocated
1101,1483,normal,0,0,65535_65535,1,6,87,50,0,1,0,1,0,28,1,1,pre_allocation
1101,1483,normal,0,0,65535_65535,1,6,87,103,1,1,1,2,103,28,1,1,allocated
1101,1483,normal,0,0,65535_65535,1,7,87,50,0,1,0,1,0,28,1,1,pre_allocation
1101,1483,normal,0,0,65535_65535,1,7,87,103,1,1,1,2,103,28,1,1,allocated
1101,1483,normal,0,0,65535_65535,1,9,87,50,0,1,0,1,0,28,1,1,pre_allocation
1101,1483,normal,0,0,65535_65535,1,9,87,103,1,1,1,2,103,28,1,1,allocated
1101,1483,normal,0,0,65535_65535,1,10,87,50,0,1,0,1,0,28,1,1,pre_allocation
1101,1483,normal,0,0,65535_65535,1,10,87,103,1,1,1,2,103,28,1,1,allocated
1101,1483,normal,0,0,65535_65535,1,8,251,17,0,1,0,1,0,15,1,1,pre_allocation
1101,1483,normal,0,0,65535_65535,1,8,251,38,1,1,1,2,38,15,1,1,allocated
1101,1483,normal,0,0,65535_65535,1,6,87,103,0,1,0,2,0,28,1,1,pre_allocation
1101,1483,normal,0,0,65535_65535,1,6,87,156,1,1,1,3,156,28,1,1,allocated
1101,1483,normal,0,0,65535_65535,1,7,87,103,0,1,0,2,0,28,1,1,pre_allocation
1101,1483,normal,0,0,65535_65535,1,7,87,156,1,1,1,3,156,28,1,1,allocated
1101,1483,normal,0,0,65535_65535,1,9,87,103,0,1,0,2,0,28,1,1,pre_allocation
1101,1483,normal,0,0,65535_65535,1,9,87,156,1,1,1,3,156,28,1,1,allocated
1101,1483,normal,0,0,65535_65535,1,10,87,103,0,1,0,2,0,28,1,1,pre_allocation
1101,1483,normal,0,0,65535_65535,1,10,87,156,1,1,1,3,156,28,1,1,allocated
1101,1483,normal,0,0,65535_65535,1,8,251,38,0,1,0,2,0,15,1,1,pre_allocation
1101,1483,normal,0,0,65535_65535,1,8,251,59,1,1,1,3,59,15,1,1,allocated
1101,1483,normal,0,0,65535_65535,1,6,87,156,0,1,0,3,0,28,1,1,pre_allocation
1101,1483,normal,0,0,65535_65535,1,6,87,209,1,1,1,4,209,28,1,1,allocated
1101,1483,normal,0,0,65535_65535,1,7,87,156,0,1,0,3,0,28,1,1,pre_allocation
1101,1483,normal,0,0,65535_65535,1,7,87,209,1,1,1,4,209,28,1,1,allocated
1101,1483,normal,0,0,65535_65535,1,9,87,156,0,1,0,3,0,28,1,1,pre_allocation
1101,1483,normal,0,0,65535_65535,1,9,87,209,1,1,1,4,209,28,1,1,allocated
1101,1483,normal,0,0,65535_65535,1,10,87,156,0,1,0,3,0,28,1,1,pre_allocation
1101,1483,normal,0,0,65535_65535,1,10,87,209,1,1,1,4,209,28,1,1,allocated
1101,1483,normal,0,0,65535_65535,1,8,251,59,0,1,0,3,0,15,1,1,pre_allocation
1101,1483,normal,0,0,65535_65535,1,8,251,80,1,1,1,4,80,15,1,1,allocated
1101,1483,normal,0,0,65535_65535,1,6,87,209,0,1,0,4,0,28,1,1,pre_allocation
1101,1483,normal,0,0,65535_65535,1,6,87,262,1,1,1,5,262,28,1,1,allocated
1101,1483,normal,0,0,65535_65535,1,7,87,209,0,1,0,4,0,28,1,1,pre_allocation
1101,1483,normal,0,0,65535_65535,1,7,87,262,1,1,1,5,262,28,1,1,allocated
1101,1483,normal,0,0,65535_65535,1,9,87,209,0,1,0,4,0,28,1,1,pre_allocation
1101,1483,normal,0,0,65535_65535,1,9,87,262,1,1,1,5,262,28,1,1,allocated
1101,1483,normal,0,0,65535_65535,1,10,87,209,0,1,0,4,0,28,1,1,pre_allocation
1101,1483,normal,0,0,65535_65535,1,10,87,262,1,1,1,5,262,28,1,1,allocated
1101,1483,normal,0,0,65535_65535,1,8,251,80,0,1,0,4,0,15,1,1,pre_allocation
1101,1483,normal,0,0,65535_65535,1,8,251,100,1,1,1,5,100,15,1,1,allocated
1101,1483,normal,0,0,65535_65535,1,6,87,262,0,1,0,5,0,28,1,1,pre_allocation
1101,1483,normal,0,0,65535_65535,1,6,87,315,1,1,1,6,315,28,1,1,allocated
1101,1483,normal,0,0,65535_65535,1,7,87,262,0,1,0,5,0,28,1,1,pre_allocation
1101,1483,normal,0,0,65535_65535,1,7,87,315,1,1,1,6,315,28,1,1,allocated
1101,1483,normal,0,0,65535_65535,1,9,87,262,0,1,0,5,0,28,1,1,pre_allocation
1101,1483,normal,0,0,65535_65535,1,9,87,315,1,1,1,6,315,28,1,1,allocated
1101,1483,normal,0,0,65535_65535,1,10,87,262,0,1,0,5,0,28,1,1,pre_allocation
1101,1483,normal,0,0,65535_65535,1,10,87,315,1,1,1,6,315,28,1,1,allocated
1101,1483,normal,0,0,65535_65535,1,8,251,100,0,1,0,5,0,15,1,1,pre_allocation
1101,1483,normal,0,0,65535_65535,1,8,251,121,1,1,1,6,121,15,1,1,allocated
1101,1483,normal,0,0,65535_65535,1,6,87,315,0,1,0,6,0,28,1,1,pre_allocation
1101,1483,normal,0,0,65535_65535,1,6,87,368,1,1,1,7,368,28,1,1,allocated
1101,1483,normal,0,0,65535_65535,1,7,87,315,0,1,0,6,0,28,1,1,pre_allocation
1101,1483,normal,0,0,65535_65535,1,7,87,368,1,1,1,7,368,28,1,1,allocated
1101,1483,normal,0,0,65535_65535,1,9,87,315,0,1,0,6,0,28,1,1,pre_allocation
1101,1483,normal,0,0,65535_65535,1,9,87,368,1,1,1,7,368,28,1,1,allocated
1101,1483,normal,0,0,65535_65535,1,10,87,315,0,1,0,6,0,28,1,1,pre_allocation
1101,1483,normal,0,0,65535_65535,1,10,87,368,1,1,1,7,368,28,1,1,allocated
1101,1483,normal,0,0,65535_65535,1,8,251,121,0,1,0,6,0,15,1,1,pre_allocation
1101,1483,normal,0,0,65535_65535,1,8,251,142,1,1,1,7,142,15,1,1,allocated
1101,1483,normal,0,0,65535_65535,1,6,87,368,0,1,0,7,0,28,1,1,pre_allocation
1101,1483,normal,0,0,65535_65535,1,6,87,422,1,1,1,8,422,28,1,1,allocated
1101,1483,normal,0,0,65535_65535,1,7,87,368,0,1,0,7,0,28,1,1,pre_allocation
1101,1483,normal,0,0,65535_65535,1,7,87,422,1,1,1,8,422,28,1,1,allocated
1101,1483,normal,0,0,65535_65535,1,9,87,368,0,1,0,7,0,28,1,1,pre_allocation
1101,1483,normal,0,0,65535_65535,1,9,87,422,1,1,1,8,422,28,1,1,allocated
1101,1483,normal,0,0,65535_65535,1,10,87,368,0,1,0,7,0,28,1,1,pre_allocation
1101,1483,normal,0,0,65535_65535,1,10,87,422,1,1,1,8,422,28,1,1,allocated
1101,1483,normal,0,0,65535_65535,1,8,251,142,0,1,0,7,0,15,1,1,pre_allocation
1101,1483,normal,0,0,65535_65535,1,8,251,163,1,1,1,8,163,15,1,1,allocated
1101,1483,normal,0,0,65535_65535,1,6,87,422,0,1,0,8,0,28,1,1,pre_allocation
1101,1483,normal,0,0,65535_65535,1,6,87,475,1,1,1,9,475,28,1,1,allocated
1101,1483,normal,0,0,65535_65535,1,7,87,422,0,1,0,8,0,28,1,1,pre_allocation
1101,1483,normal,0,0,65535_65535,1,7,87,475,1,1,1,9,475,28,1,1,allocated
1101,1483,normal,0,0,65535_65535,1,9,87,422,0,1,0,8,0,28,1,1,pre_allocation
1101,1483,normal,0,0,65535_65535,1,9,87,475,1,1,1,9,475,28,1,1,allocated
1101,1483,normal,0,0,65535_65535,1,10,87,422,0,1,0,8,0,28,1,1,pre_allocation
1101,1483,normal,0,0,65535_65535,1,10,87,475,1,1,1,9,475,28,1,1,allocated
1101,1483,normal,0,0,65535_65535,1,8,251,163,0,1,0,8,0,15,1,1,pre_allocation
1101,1483,normal,0,0,65535_65535,1,8,251,184,1,1,1,9,184,15,1,1,allocated
1101,1483,normal,0,0,65535_65535,1,6,87,475,0,1,0,9,0,28,1,1,pre_allocation
1101,1483,normal,0,0,65535_65535,1,6,87,528,1,1,1,10,528,28,1,1,allocated
1101,1483,normal,0,0,65535_65535,1,7,87,475,0,1,0,9,0,28,1,1,pre_allocation
1101,1483,normal,0,0,65535_65535,1,7,87,528,1,1,1,10,528,28,1,1,allocated
1101,1483,normal,0,0,65535_65535,1,9,87,475,0,1,0,9,0,28,1,1,pre_allocation
1101,1483,normal,0,0,65535_65535,1,9,87,528,1,1,1,10,528,28,1,1,allocated
1101,1483,normal,0,0,65535_65535,1,10,87,475,0,1,0,9,0,28,1,1,pre_allocation
1101,1483,normal,0,0,65535_65535,1,10,87,528,1,1,1,10,528,28,1,1,allocated
1101,1483,normal,0,0,65535_65535,1,8,251,184,0,1,0,9,0,15,1,1,pre_allocation
1101,1483,normal,0,0,65535_65535,1,8,251,204,1,1,1,10,204,15,1,1,allocated
1101,1483,normal,0,0,65535_65535,1,6,87,528,0,1,0,10,0,28,1,1,pre_allocation
1101,1483,normal,0,0,65535_65535,1,6,87,581,1,1,1,11,581,28,1,1,allocated
1101,1483,normal,0,0,65535_65535,1,7,87,528,0,1,0,10,0,28,1,1,pre_allocation
1101,1483,normal,0,0,65535_65535,1,7,87,581,1,1,1,11,581,28,1,1,allocated
1101,1483,normal,0,0,65535_65535,1,9,87,528,0,1,0,10,0,28,1,1,pre_allocation
1101,1483,normal,0,0,65535_65535,1,9,87,581,1,1,1,11,581,28,1,1,allocated
1101,1483,normal,0,0,65535_65535,1,10,87,528,0,1,0,10,0,28,1,1,pre_allocation
1101,1483,normal,0,0,65535_65535,1,10,87,581,1,1,1,11,581,28,1,1,allocated
1101,1483,normal,0,0,65535_65535,1,8,251,204,0,1,0,10,0,15,1,1,pre_allocation
1101,1483,normal,0,0,65535_65535,1,8,251,225,1,1,1,11,225,15,1,1,allocated
1101,1483,normal,0,0,65535_65535,1,6,87,581,0,1,0,11,0,28,1,1,pre_allocation
1101,1483,normal,0,0,65535_65535,1,6,87,634,1,1,1,12,634,28,1,1,allocated
1101,1483,normal,0,0,65535_65535,1,7,87,581,0,1,0,11,0,28,1,1,pre_allocation
1101,1483,normal,0,0,65535_65535,1,7,87,634,1,1,1,12,634,28,1,1,allocated
1101,1483,normal,0,0,65535_65535,1,9,87,581,0,1,0,11,0,28,1,1,pre_allocation
1101,1483,normal,0,0,65535_65535,1,9,87,634,1,1,1,12,634,28,1,1,allocated
1101,1483,normal,0,0,65535_65535,1,10,87,581,0,1,0,11,0,28,1,1,pre_allocation
1101,1483,normal,0,0,65535_65535,1,10,87,634,1,1,1,12,634,28,1,1,allocated
1101,1483,normal,0,0,65535_65535,1,8,251,225,0,1,0,11,0,15,1,1,pre_allocation
1101,1483,normal,0,0,65535_65535,1,8,251,246,1,1,1,12,246,15,1,1,allocated
1101,1483,normal,0,0,65535_65535,1,6,87,634,0,1,0,12,0,28,1,1,pre_allocation
1101,1483,normal,0,0,65535_65535,1,6,87,687,1,1,1,13,687,28,1,1,allocated
1101,1483,normal,0,0,65535_65535,1,7,87,634,0,1,0,12,0,28,1,1,pre_allocation
1101,1483,normal,0,0,65535_65535,1,7,87,687,1,1,1,13,687,28,1,1,allocated
1101,1483,normal,0,0,65535_65535,1,9,87,634,0,1,0,12,0,28,1,1,pre_allocation
1101,1483,normal,0,0,65535_65535,1,9,87,687,1,1,1,13,687,28,1,1,allocated
1101,1483,normal,0,0,65535_65535,1,10,87,634,0,1,0,12,0,28,1,1,pre_allocation
1101,1483,normal,0,0,65535_65535,1,10,87,687,1,1,1,13,687,28,1,1,allocated
1101,1483,normal,0,0,65535_65535,1,8,251,246,0,1,0,12,0,15,1,1,pre_allocation
1101,1483,normal,0,0,65535_65535,1,8,251,267,1,1,1,13,267,15,1,1,allocated
1101,1483,normal,0,0,65535_65535,1,6,87,687,0,1,0,13,0,28,1,1,pre_allocation
1101,1483,normal,0,0,65535_65535,1,6,87,740,1,1,1,14,740,28,1,1,allocated
1101,1483,normal,0,0,65535_65535,1,7,87,687,0,1,0,13,0,28,1,1,pre_allocation
1101,1483,normal,0,0,65535_65535,1,7,87,740,1,1,1,14,740,28,1,1,allocated
1101,1483,normal,0,0,65535_65535,1,9,87,687,0,1,0,13,0,28,1,1,pre_allocation
1101,1483,normal,0,0,65535_65535,1,9,87,740,1,1,1,14,740,28,1,1,allocated
1101,1483,normal,0,0,65535_65535,1,10,87,687,0,1,0,13,0,28,1,1,pre_allocation
1101,1483,normal,0,0,65535_65535,1,10,87,740,1,1,1,14,740,28,1,1,allocated
1101,1483,normal,0,0,65535_65535,1,8,251,267,0,1,0,13,0,15,1,1,pre_allocation
1101,1483,normal,0,0,65535_65535,1,8,251,288,1,1,1,14,288,15,1,1,allocated
1101,1483,normal,0,0,65535_65535,1,6,87,740,0,1,0,14,0,28,1,1,pre_allocation
1101,1483,normal,0,0,65535_65535,1,6,87,793,1,1,1,15,793,28,1,1,allocated
1101,1483,normal,0,0,65535_65535,1,7,87,740,0,1,0,14,0,28,1,1,pre_allocation
1101,1483,normal,0,0,65535_65535,1,7,87,793,1,1,1,15,793,28,1,1,allocated
1101,1483,normal,0,0,65535_65535,1,9,87,740,0,1,0,14,0,28,1,1,pre_allocation
1101,1483,normal,0,0,65535_65535,1,9,87,793,1,1,1,15,793,28,1,1,allocated
1101,1483,normal,0,0,65535_65535,1,10,87,740,0,1,0,14,0,28,1,1,pre_allocation
1101,1483,normal,0,0,65535_65535,1,10,87,793,1,1,1,15,793,28,1,1,allocated
1101,1483,normal,0,0,65535_65535,1,8,251,288,0,1,0,14,0,15,1,1,pre_allocation
1101,1483,normal,0,0,65535_65535,1,8,251,308,1,1,1,15,308,15,1,1,allocated
1101,1483,normal,0,0,65535_65535,1,6,87,793,0,1,0,15,0,28,1,1,pre_allocation
1101,1483,normal,0,0,65535_65535,1,6,87,847,1,1,1,16,847,28,1,1,allocated
1101,1483,normal,0,0,65535_65535,1,7,87,793,0,1,0,15,0,28,1,1,pre_allocation
1101,1483,normal,0,0,65535_65535,1,7,87,847,1,1,1,16,847,28,1,1,allocated
1101,1483,normal,0,0,65535_65535,1,9,87,793,0,1,0,15,0,28,1,1,pre_allocation
1101,1483,normal,0,0,65535_65535,1,9,87,847,1,1,1,16,847,28,1,1,allocated
1101,1483,normal,0,0,65535_65535,1,10,87,793,0,1,0,15,0,28,1,1,pre_allocation
1101,1483,normal,0,0,65535_65535,1,10,87,847,1,1,1,16,847,28,1,1,allocated
1101,1483,normal,0,0,65535_65535,1,8,251,308,0,1,0,15,0,15,1,1,pre_allocation
1101,1483,normal,0,0,65535_65535,1,8,251,329,1,1,1,16,329,15,1,1,allocated
1101,1483,normal,0,0,65535_65535,1,6,87,847,0,1,0,16,0,28,1,1,pre_allocation
1101,1483,normal,0,0,65535_65535,1,6,87,900,1,1,1,17,900,28,1,1,allocated
1101,1483,normal,0,0,65535_65535,1,7,87,847,0,1,0,16,0,28,1,1,pre_allocation
1101,1483,normal,0,0,65535_65535,1,7,87,900,1,1,1,17,900,28,1,1,allocated
1101,1483,normal,0,0,65535_65535,1,9,87,847,0,1,0,16,0,28,1,1,pre_allocation
1101,1483,normal,0,0,65535_65535,1,9,87,900,1,1,1,17,900,28,1,1,allocated
1101,1483,normal,0,0,65535_65535,1,10,87,847,0,1,0,16,0,28,1,1,pre_allocation
1101,1483,normal,0,0,65535_65535,1,10,87,900,1,1,1,17,900,28,1,1,allocated
1101,1483,normal,0,0,65535_65535,1,8,251,329,0,1,0,16,0,15,1,1,pre_allocation
1101,1483,normal,0,0,65535_65535,1,8,251,350,1,1,1,17,350,15,1,1,allocated
1101,1483,normal,0,0,65535_65535,1,6,87,900,0,1,0,17,0,28,1,1,pre_allocation
1101,1483,normal,0,0,65535_65535,1,6,87,953,1,1,1,18,953,28,1,1,allocated
1101,1483,normal,0,0,65535_65535,1,7,87,900,0,1,0,17,0,28,1,1,pre_allocation
1101,1483,normal,0,0,65535_65535,1,7,87,953,1,1,1,18,953,28,1,1,allocated
1101,1483,normal,0,0,65535_65535,1,9,87,900,0,1,0,17,0,28,1,1,pre_allocation
1101,1483,normal,0,0,65535_65535,1,9,87,953,1,1,1,18,953,28,1,1,allocated
1101,1483,normal,0,0,65535_65535,1,10,87,900,0,1,0,17,0,28,1,1,pre_allocation
1101,1483,normal,0,0,65535_65535,1,10,87,953,1,1,1,18,953,28,1,1,allocated
1101,1483,normal,0,0,65535_65535,1,8,251,350,0,1,0,17,0,15,1,1,pre_allocation
1101,1483,normal,0,0,65535_65535,1,8,251,371,1,1,1,18,371,15,1,1,allocated
1101,1483,normal,0,0,65535_65535,1,6,87,953,0,1,0,18,0,28,1,1,pre_allocation
1101,1483,normal,0,0,65535_65535,1,6,87,1006,1,1,1,19,1006,28,1,1,allocated
1101,1483,normal,0,0,65535_65535,1,7,87,953,0,1,0,18,0,28,1,1,pre_allocation
1101,1483,normal,0,0,65535_65535,1,7,87,1006,1,1,1,19,1006,28,1,1,allocated
1101,1483,normal,0,0,65535_65535,1,9,87,953,0,1,0,18,0,28,1,1,pre_allocation
1101,1483,normal,0,0,65535_65535,1,9,87,1006,1,1,1,19,1006,28,1,1,allocated
1101,1483,normal,0,0,65535_65535,1,10,87,953,0,1,0,18,0,28,1,1,pre_allocation
1101,1483,normal,0,0,65535_65535,1,10,87,1006,1,1,1,19,1006,28,1,1,allocated
1101,1483,normal,0,0,65535_65535,1,8,251,371,0,1,0,18,0,15,1,1,pre_allocation
1101,1483,normal,0,0,65535_65535,1,8,251,392,1,1,1,19,392,15,1,1,allocated
1101,1483,normal,0,0,65535_65535,1,6,87,1006,0,1,0,19,0,28,1,1,pre_allocation
1101,1483,normal,0,0,65535_65535,1,6,87,1059,1,1,1,20,1059,28,1,1,allocated
1101,1483,normal,0,0,65535_65535,1,7,87,1006,0,1,0,19,0,28,1,1,pre_allocation
1101,1483,normal,0,0,65535_65535,1,7,87,1059,1,1,1,20,1059,28,1,1,allocated
1101,1483,normal,0,0,65535_65535,1,9,87,1006,0,1,0,19,0,28,1,1,pre_allocation
1101,1483,normal,0,0,65535_65535,1,9,87,1059,1,1,1,20,1059,28,1,1,allocated
1101,1483,normal,0,0,65535_65535,1,10,87,1006,0,1,0,19,0,28,1,1,pre_allocation
1101,1483,normal,0,0,65535_65535,1,10,87,1059,1,1,1,20,1059,28,1,1,allocated
1101,1483,normal,0,0,65535_65535,1,8,251,392,0,1,0,19,0,15,1,1,pre_allocation
1101,1483,normal,0,0,65535_65535,1,8,251,412,1,1,1,20,412,15,1,1,allocated
1101,1483,normal,0,0,65535_65535,1,6,87,1059,0,1,0,20,0,28,1,1,pre_allocation
1101,1483,normal,0,0,65535_65535,1,6,87,1112,1,1,1,21,1112,28,1,1,allocated
1101,1483,normal,0,0,65535_65535,1,7,87,1059,0,1,0,20,0,28,1,1,pre_allocation
1101,1483,normal,0,0,65535_65535,1,7,87,1112,1,1,1,21,1112,28,1,1,allocated
1101,1483,normal,0,0,65535_65535,1,9,87,1059,0,1,0,20,0,28,1,1,pre_allocation
1101,1483,normal,0,0,65535_65535,1,9,87,1112,1,1,1,21,1112,28,1,1,allocated
1101,1483,normal,0,0,65535_65535,1,10,87,1059,0,1,0,20,0,28,1,1,pre_allocation
1101,1483,normal,0,0,65535_65535,1,10,87,1112,1,1,1,21,1112,28,1,1,allocated
1101,1483,normal,0,0,65535_65535,1,8,251,412,0,1,0,20,0,15,1,1,pre_allocation
1101,1483,normal,0,0,65535_65535,1,8,251,433,1,1,1,21,433,15,1,1,allocated
1101,1483,normal,0,0,65535_65535,1,6,87,1112,0,1,0,21,0,28,1,1,pre_allocation
1101,1483,normal,0,0,65535_65535,1,6,87,1165,1,1,1,22,1165,28,1,1,allocated
1101,1483,normal,0,0,65535_65535,1,7,87,1112,0,1,0,21,0,28,1,1,pre_allocation
1101,1483,normal,0,0,65535_65535,1,7,87,1165,1,1,1,22,1165,28,1,1,allocated
1101,1483,normal,0,0,65535_65535,2,28,137,0,0,1,0,0,0,28,1,1,pre_allocation
1101,1483,normal,0,0,65535_65535,2,28,137,50,1,1,1,1,50,28,1,1,allocated
1101,1483,normal,0,0,65535_65535,2,27,137,0,0,1,0,0,0,28,1,1,pre_allocation
1101,1483,normal,0,0,65535_65535,2,27,137,50,1,1,1,1,50,28,1,1,allocated
1101,1483,normal,0,0,65535_65535,2,25,137,0,0,1,0,0,0,28,1,1,pre_allocation
1101,1483,normal,0,0,65535_65535,2,25,137,50,1,1,1,1,50,28,1,1,allocated
1101,1483,normal,0,0,65535_65535,2,24,137,0,0,1,0,0,0,28,1,1,pre_allocation
1101,1483,normal,0,0,65535_65535,2,24,137,50,1,1,1,1,50,28,1,1,allocated
1101,1483,normal,0,0,65535_65535,2,22,137,0,0,1,0,0,0,28,1,1,pre_allocation
1101,1483,normal,0,0,65535_65535,2,22,137,50,1,1,1,1,50,28,1,1,allocated
1101,1483,normal,0,0,65535_65535,2,21,137,0,0,1,0,0,0,28,1,1,pre_allocation
1101,1483,normal,0,0,65535_65535,2,21,137,50,1,1,1,1,50,28,1,1,allocated
1101,1483,normal,0,0,65535_65535,2,11,137,0,0,1,0,0,0,28,1,1,pre_allocation
1101,1483,normal,0,0,65535_65535,2,11,137,50,1,1,1,1,50,28,1,1,allocated
1101,1483,normal,0,0,65535_65535,2,12,137,0,0,1,0,0,0,28,1,1,pre_allocation
1101,1483,normal,0,0,65535_65535,2,12,137,50,1,1,1,1,50,28,1,1,allocated
1101,1483,normal,0,0,65535_65535,2,23,401,0,0,1,0,0,0,15,1,1,pre_allocation
1101,1483,normal,0,0,65535_65535,2,23,401,17,1,1,1,1,17,15,1,1,allocated
1101,1483,normal,0,0,65535_65535,2,28,137,50,0,1,0,1,0,28,1,1,pre_allocation
1101,1483,normal,0,0,65535_65535,2,28,137,103,1,1,1,2,103,28,1,1,allocated
1101,1483,normal,0,0,65535_65535,2,27,137,50,0,1,0,1,0,28,1,1,pre_allocation
1101,1483,normal,0,0,65535_65535,2,27,137,103,1,1,1,2,103,28,1,1,allocated
1101,1483,normal,0,0,65535_65535,2,25,137,50,0,1,0,1,0,28,1,1,pre_allocation
1101,1483,normal,0,0,65535_65535,2,25,137,103,1,1,1,2,103,28,1,1,allocated
1101,1483,normal,0,0,65535_65535,2,24,137,50,0,1,0,1,0,28,1,1,pre_allocation
1101,1483,normal,0,0,65535_65535,2,24,137,103,1,1,1,2,103,28,1,1,allocated
1101,1483,normal,0,0,65535_65535,2,22,137,50,0,1,0,1,0,28,1,1,pre_allocation
1101,1483,normal,0,0,65535_65535,2,22,137,103,1,1,1,2,103,28,1,1,allocated
1101,1483,normal,0,0,65535_65535,2,21,137,50,0,1,0,1,0,28,1,1,pre_allocation
1101,1483,normal,0,0,65535_65535,2,21,137,103,1,1,1,2,103,28,1,1,allocated
1101,1483,normal,0,0,65535_65535,2,11,137,50,0,1,0,1,0,28,1,1,pre_allocation
1101,1483,normal,0,0,65535_65535,2,11,137,103,1,1,1,2,103,28,1,1,allocated
1101,1483,normal,0,0,65535_65535,2,12,137,50,0,1,0,1,0,28,1,1,pre_allocation
1101,1483,normal,0,0,65535_65535,2,12,137,103,1,1,1,2,103,28,1,1,allocated
1101,1483,normal,0,0,65535_65535,2,23,401,17,0,1,0,1,0,15,1,1,pre_allocation
1101,1483,normal,0,0,65535_65535,2,23,401,38,1,1,1,2,38,15,1,1,allocated
1101,1483,normal,0,0,65535_65535,2,28,137,103,0,1,0,2,0,28,1,1,pre_allocation
1101,1483,normal,0,0,65535_65535,2,28,137,156,1,1,1,3,156,28,1,1,allocated
1101,1483,normal,0,0,65535_65535,2,27,137,103,0,1,0,2,0,28,1,1,pre_allocation
1101,1483,normal,0,0,65535_65535,2,27,137,156,1,1,1,3,156,28,1,1,allocated
1101,1483,normal,0,0,65535_65535,2,25,137,103,0,1,0,2,0,28,1,1,pre_allocation
1101,1483,normal,0,0,65535_65535,2,25,137,156,1,1,1,3,156,28,1,1,allocated
1101,1483,normal,0,0,65535_65535,2,24,137,103,0,1,0,2,0,28,1,1,pre_allocation
1101,1483,normal,0,0,65535_65535,2,24,137,156,1,1,1,3,156,28,1,1,allocated
1101,1483,normal,0,0,65535_65535,2,22,137,103,0,1,0,2,0,28,1,1,pre_allocation
1101,1483,normal,0,0,65535_65535,2,22,137,156,1,1,1,3,156,28,1,1,allocated
1101,1483,normal,0,0,65535_65535,2,21,137,103,0,1,0,2,0,28,1,1,pre_allocation
1101,1483,normal,0,0,65535_65535,2,21,137,156,1,1,1,3,156,28,1,1,allocated
1101,1483,normal,0,0,65535_65535,2,11,137,103,0,1,0,2,0,28,1,1,pre_allocation
1101,1483,normal,0,0,65535_65535,2,11,137,156,1,1,1,3,156,28,1,1,allocated
1101,1483,normal,0,0,65535_65535,2,12,137,103,0,1,0,2,0,28,1,1,pre_allocation
1101,1483,normal,0,0,65535_65535,2,12,137,156,1,1,1,3,156,28,1,1,allocated
1101,1483,normal,0,0,65535_65535,2,23,401,38,0,1,0,2,0,15,1,1,pre_allocation
1101,1483,normal,0,0,65535_65535,2,23,401,59,1,1,1,3,59,15,1,1,allocated
1101,1483,normal,0,0,65535_65535,2,28,137,156,0,1,0,3,0,28,1,1,pre_allocation
1101,1483,normal,0,0,65535_65535,2,28,137,209,1,1,1,4,209,28,1,1,allocated
1101,1483,normal,0,0,65535_65535,2,27,137,156,0,1,0,3,0,28,1,1,pre_allocation
1101,1483,normal,0,0,65535_65535,2,27,137,209,1,1,1,4,209,28,1,1,allocated
1101,1483,normal,0,0,65535_65535,2,25,137,156,0,1,0,3,0,28,1,1,pre_allocation
1101,1483,normal,0,0,65535_65535,2,25,137,209,1,1,1,4,209,28,1,1,allocated
1101,1483,normal,0,0,65535_65535,2,24,137,156,0,1,0,3,0,28,1,1,pre_allocation
1101,1483,normal,0,0,65535_65535,2,24,137,209,1,1,1,4,209,28,1,1,allocated
1101,1483,normal,0,0,65535_65535,2,22,137,156,0,1,0,3,0,28,1,1,pre_allocation
1101,1483,normal,0,0,65535_65535,2,22,137,209,1,1,1,4,209,28,1,1,allocated
1101,1483,normal,0,0,65535_65535,2,21,137,156,0,1,0,3,0,28,1,1,pre_allocation
1101,1483,normal,0,0,65535_65535,2,21,137,209,1,1,1,4,209,28,1,1,allocated
1101,1483,normal,0,0,65535_65535,2,11,137,156,0,1,0,3,0,28,1,1,pre_allocation
1101,1483,normal,0,0,65535_65535,2,11,137,209,1,1,1,4,209,28,1,1,allocated
1101,1483,normal,0,0,65535_65535,2,12,137,156,0,1,0,3,0,28,1,1,pre_allocation
1101,1483,normal,0,0,65535_65535,2,12,137,209,1,1,1,4,209,28,1,1,allocated
1101,1483,normal,0,0,65535_65535,2,23,401,59,0,1,0,3,0,15,1,1,pre_allocation
1101,1483,normal,0,0,65535_65535,2,23,401,80,1,1,1,4,80,15,1,1,allocated
1101,1483,normal,0,0,65535_65535,2,28,137,209,0,1,0,4,0,28,1,1,pre_allocation
1101,1483,normal,0,0,65535_65535,2,28,137,262,1,1,1,5,262,28,1,1,allocated
1101,1483,normal,0,0,65535_65535,2,27,137,209,0,1,0,4,0,28,1,1,pre_allocation
1101,1483,normal,0,0,65535_65535,2,27,137,262,1,1,1,5,262,28,1,1,allocated
1101,1483,normal,0,0,65535_65535,2,25,137,209,0,1,0,4,0,28,1,1,pre_allocation
1101,1483,normal,0,0,65535_65535,2,25,137,262,1,1,1,5,262,28,1,1,allocated
1101,1483,normal,0,0,65535_65535,2,24,137,209,0,1,0,4,0,28,1,1,pre_allocation
1101,1483,normal,0,0,65535_65535,2,24,137,262,1,1,1,5,262,28,1,1,allocated
1101,1483,normal,0,0,65535_65535,2,22,137,209,0,1,0,4,0,28,1,1,pre_allocation
1101,1483,normal,0,0,65535_65535,2,22,137,262,1,1,1,5,262,28,1,1,allocated
1101,1483,normal,0,0,65535_65535,2,21,137,209,0,1,0,4,0,28,1,1,pre_allocation
1101,1483,normal,0,0,65535_65535,2,21,137,262,1,1,1,5,262,28,1,1,allocated
1101,1483,normal,0,0,65535_65535,2,11,137,209,0,1,0,4,0,28,1,1,pre_allocation
1101,1483,normal,0,0,65535_65535,2,11,137,262,1,1,1,5,262,28,1,1,allocated
1101,1483,normal,0,0,65535_65535,2,12,137,209,0,1,0,4,0,28,1,1,pre_allocation
1101,1483,normal,0,0,65535_65535,2,12,137,262,1,1,1,5,262,28,1,1,allocated
1101,1483,normal,0,0,65535_65535,2,23,401,80,0,1,0,4,0,15,1,1,pre_allocation
1101,1483,normal,0,0,65535_65535,2,23,401,100,1,1,1,5,100,15,1,1,allocated
1101,1483,normal,0,0,65535_65535,2,28,137,262,0,1,0,5,0,28,1,1,pre_allocation
1101,1483,normal,0,0,65535_65535,2,28,137,315,1,1,1,6,315,28,1,1,allocated
1101,1483,normal,0,0,65535_65535,2,27,137,262,0,1,0,5,0,28,1,1,pre_allocation
1101,1483,normal,0,0,65535_65535,2,27,137,315,1,1,1,6,315,28,1,1,allocated
1101,1483,normal,0,0,65535_65535,2,25,137,262,0,1,0,5,0,28,1,1,pre_allocation
1101,1483,normal,0,0,65535_65535,2,25,137,315,1,1,1,6,315,28,1,1,allocated
1101,1483,normal,0,0,65535_65535,2,24,137,262,0,1,0,5,0,28,1,1,pre_allocation
1101,1483,normal,0,0,65535_65535,2,24,137,315,1,1,1,6,315,28,1,1,allocated
1101,1483,normal,0,0,65535_65535,2,22,137,262,0,1,0,5,0,28,1,1,pre_allocation
1101,1483,normal,0,0,65535_65535,2,22,137,315,1,1,1,6,315,28,1,1,allocated
1101,1483,normal,0,0,65535_65535,2,21,137,262,0,1,0,5,0,28,1,1,pre_allocation
1101,1483,normal,0,0,65535_65535,2,21,137,315,1,1,1,6,315,28,1,1,allocated
1101,1483,normal,0,0,65535_65535,2,11,137,262,0,1,0,5,0,28,1,1,pre_allocation
1101,1483,normal,0,0,65535_65535,2,11,137,315,1,1,1,6,315,28,1,1,allocated
1101,1483,normal,0,0,65535_65535,2,12,137,262,0,1,0,5,0,28,1,1,pre_allocation
1101,1483,normal,0,0,65535_65535,2,12,137,315,1,1,1,6,315,28,1,1,allocated
1101,1483,normal,0,0,65535_65535,2,23,401,100,0,1,0,5,0,15,1,1,pre_allocation
1101,1483,normal,0,0,65535_65535,2,23,401,121,1,1,1,6,121,15,1,1,allocated
1101,1483,normal,0,0,65535_65535,2,28,137,315,0,1,0,6,0,28,1,1,pre_allocation
1101,1483,normal,0,0,65535_65535,2,28,137,368,1,1,1,7,368,28,1,1,allocated
1101,1483,normal,0,0,65535_65535,2,27,137,315,0,1,0,6,0,28,1,1,pre_allocation
1101,1483,normal,0,0,65535_65535,2,27,137,368,1,1,1,7,368,28,1,1,allocated
1101,1483,normal,0,0,65535_65535,2,25,137,315,0,1,0,6,0,28,1,1,pre_allocation
1101,1483,normal,0,0,65535_65535,2,25,137,368,1,1,1,7,368,28,1,1,allocated
1101,1483,normal,0,0,65535_65535,2,24,137,315,0,1,0,6,0,28,1,1,pre_allocation
1101,1483,normal,0,0,65535_65535,2,24,137,368,1,1,1,7,368,28,1,1,allocated
1101,1483,normal,0,0,65535_65535,2,22,137,315,0,1,0,6,0,28,1,1,pre_allocation
1101,1483,normal,0,0,65535_65535,2,22,137,368,1,1,1,7,368,28,1,1,allocated
1101,1483,normal,0,0,65535_65535,2,21,137,315,0,1,0,6,0,28,1,1,pre_allocation
1101,1483,normal,0,0,65535_65535,2,21,137,368,1,1,1,7,368,28,1,1,allocated
1101,1483,normal,0,0,65535_65535,2,11,137,315,0,1,0,6,0,28,1,1,pre_allocation
1101,1483,normal,0,0,65535_65535,2,11,137,368,1,1,1,7,368,28,1,1,allocated
1101,1483,normal,0,0,65535_65535,2,12,137,315,0,1,0,6,0,28,1,1,pre_allocation
1101,1483,normal,0,0,65535_65535,2,12,137,368,1,1,1,7,368,28,1,1,allocated
1101,1483,normal,0,0,65535_65535,2,23,401,121,0,1,0,6,0,15,1,1,pre_allocation
1101,1483,normal,0,0,65535_65535,2,23,401,142,1,1,1,7,142,15,1,1,allocated
1101,1483,normal,0,0,65535_65535,2,28,137,368,0,1,0,7,0,28,1,1,pre_allocation
1101,1483,normal,0,0,65535_65535,2,28,137,422,1,1,1,8,422,28,1,1,allocated
1101,1483,normal,0,0,65535_65535,2,27,137,368,0,1,0,7,0,28,1,1,pre_allocation
1101,1483,normal,0,0,65535_65535,2,27,137,422,1,1,1,8,422,28,1,1,allocated
1101,1483,normal,0,0,65535_65535,2,25,137,368,0,1,0,7,0,28,1,1,pre_allocation
1101,1483,normal,0,0,65535_65535,2,25,137,422,1,1,1,8,422,28,1,1,allocated
1101,1483,normal,0,0,65535_65535,2,24,137,368,0,1,0,7,0,28,1,1,pre_allocation
1101,1483,normal,0,0,65535_65535,2,24,137,422,1,1,1,8,422,28,1,1,allocated
1101,1483,normal,0,0,65535_65535,2,22,137,368,0,1,0,7,0,28,1,1,pre_allocation
1101,1483,normal,0,0,65535_65535,2,22,137,422,1,1,1,8,422,28,1,1,allocated
1101,1483,normal,0,0,65535_65535,2,21,137,368,0,1,0,7,0,28,1,1,pre_allocation
1101,1483,normal,0,0,65535_65535,2,21,137,422,1,1,1,8,422,28,1,1,allocated
1101,1483,normal,0,0,65535_65535,2,11,137,368,0,1,0,7,0,28,1,1,pre_allocation
1101,1483,normal,0,0,65535_65535,2,11,137,422,1,1,1,8,422,28,1,1,allocated
1101,1483,normal,0,0,65535_65535,2,12,137,368,0,1,0,7,0,28,1,1,pre_allocation
1101,1483,normal,0,0,65535_65535,2,12,137,422,1,1,1,8,422,28,1,1,allocated
1101,1483,normal,0,0,65535_65535,2,23,401,142,0,1,0,7,0,15,1,1,pre_allocation
1101,1483,normal,0,0,65535_65535,2,23,401,163,1,1,1,8,163,15,1,1,allocated
1101,1483,normal,0,0,65535_65535,2,28,137,422,0,1,0,8,0,28,1,1,pre_allocation
1101,1483,normal,0,0,65535_65535,2,28,137,475,1,1,1,9,475,28,1,1,allocated
1101,1483,normal,0,0,65535_65535,2,27,137,422,0,1,0,8,0,28,1,1,pre_allocation
1101,1483,normal,0,0,65535_65535,2,27,137,475,1,1,1,9,475,28,1,1,allocated
1101,1483,normal,0,0,65535_65535,2,25,137,422,0,1,0,8,0,28,1,1,pre_allocation
1101,1483,normal,0,0,65535_65535,2,25,137,475,1,1,1,9,475,28,1,1,allocated
1101,1483,normal,0,0,65535_65535,2,24,137,422,0,1,0,8,0,28,1,1,pre_allocation
1101,1483,normal,0,0,65535_65535,2,24,137,475,1,1,1,9,475,28,1,1,allocated
1101,1483,normal,0,0,65535_65535,2,22,137,422,0,1,0,8,0,28,1,1,pre_allocation
1101,1483,normal,0,0,65535_65535,2,22,137,475,1,1,1,9,475,28,1,1,allocated
1101,1483,normal,0,0,65535_65535,2,21,137,422,0,1,0,8,0,28,1,1,pre_allocation
1101,1483,normal,0,0,65535_65535,2,21,137,475,1,1,1,9,475,28,1,1,allocated
1101,1483,normal,0,0,65535_65535,2,11,137,422,0,1,0,8,0,28,1,1,pre_allocation
1101,1483,normal,0,0,65535_65535,2,11,137,475,1,1,1,9,475,28,1,1,allocated
1101,1483,normal,0,0,65535_65535,2,12,137,422,0,1,0,8,0,28,1,1,pre_allocation
1101,1483,normal,0,0,65535_65535,2,12,137,475,1,1,1,9,475,28,1,1,allocated
1101,1483,normal,0,0,65535_65535,2,23,401,163,0,1,0,8,0,15,1,1,pre_allocation
1101,1483,normal,0,0,65535_65535,2,23,401,184,1,1,1,9,184,15,1,1,allocated
1101,1483,normal,0,0,65535_65535,2,28,137,475,0,1,0,9,0,28,1,1,pre_allocation
1101,1483,normal,0,0,65535_65535,2,28,137,528,1,1,1,10,528,28,1,1,allocated
1101,1483,normal,0,0,65535_65535,2,27,137,475,0,1,0,9,0,28,1,1,pre_allocation
1101,1483,normal,0,0,65535_65535,2,27,137,528,1,1,1,10,528,28,1,1,allocated
1101,1483,normal,0,0,65535_65535,2,25,137,475,0,1,0,9,0,28,1,1,pre_allocation
1101,1483,normal,0,0,65535_65535,2,25,137,528,1,1,1,10,528,28,1,1,allocated
1101,1483,normal,0,0,65535_65535,2,24,137,475,0,1,0,9,0,28,1,1,pre_allocation
1101,1483,normal,0,0,65535_65535,2,24,137,528,1,1,1,10,528,28,1,1,allocated
1101,1483,normal,0,0,65535_65535,2,22,137,475,0,1,0,9,0,28,1,1,pre_allocation
1101,1483,normal,0,0,65535_65535,2,22,137,528,1,1,1,10,528,28,1,1,allocated
1101,1483,normal,0,0,65535_65535,2,21,137,475,0,1,0,9,0,28,1,1,pre_allocation
1101,1483,normal,0,0,65535_65535,2,21,137,528,1,1,1,10,528,28,1,1,allocated
1101,1483,normal,0,0,65535_65535,2,11,137,475,0,1,0,9,0,28,1,1,pre_allocation
1101,1483,normal,0,0,65535_65535,2,11,137,528,1,1,1,10,528,28,1,1,allocated
1101,1483,normal,0,0,65535_65535,2,12,137,475,0,1,0,9,0,28,1,1,pre_allocation
1101,1483,normal,0,0,65535_65535,2,12,137,528,1,1,1,10,528,28,1,1,allocated
1101,1483,normal,0,0,65535_65535,2,23,401,184,0,1,0,9,0,15,1,1,pre_allocation
1101,1483,normal,0,0,65535_65535,2,23,401,204,1,1,1,10,204,15,1,1,allocated
1101,1483,normal,0,0,65535_65535,2,28,137,528,0,1,0,10,0,28,1,1,pre_allocation
1101,1483,normal,0,0,65535_65535,2,28,137,581,1,1,1,11,581,28,1,1,allocated
1101,1483,normal,0,0,65535_65535,2,27,137,528,0,1,0,10,0,28,1,1,pre_allocation
1101,1483,normal,0,0,65535_65535,2,27,137,581,1,1,1,11,581,28,1,1,allocated
1101,1483,normal,0,0,65535_65535,2,25,137,528,0,1,0,10,0,28,1,1,pre_allocation
1101,1483,normal,0,0,65535_65535,2,25,137,581,1,1,1,11,581,28,1,1,allocated
1101,1483,normal,0,0,65535_65535,2,24,137,528,0,1,0,10,0,28,1,1,pre_allocation
1101,1483,normal,0,0,65535_65535,2,24,137,581,1,1,1,11,581,28,1,1,allocated
1101,1483,normal,0,0,65535_65535,2,22,137,528,0,1,0,10,0,28,1,1,pre_allocation
1101,1483,normal,0,0,65535_65535,2,22,137,581,1,1,1,11,581,28,1,1,allocated
1101,1483,normal,0,0,65535_65535,2,21,137,528,0,1,0,10,0,28,1,1,pre_allocation
1101,1483,normal,0,0,65535_65535,2,21,137,581,1,1,1,11,581,28,1,1,allocated
1101,1483,normal,0,0,65535_65535,2,11,137,528,0,1,0,10,0,28,1,1,pre_allocation
1101,1483,normal,0,0,65535_65535,2,11,137,581,1,1,1,11,581,28,1,1,allocated
1101,1483,normal,0,0,65535_65535,2,12,137,528,0,1,0,10,0,28,1,1,pre_allocation
1101,1483,normal,0,0,65535_65535,2,12,137,581,1,1,1,11,581,28,1,1,allocated
1101,1483,normal,0,0,65535_65535,2,23,401,204,0,1,0,10,0,15,1,1,pre_allocation
1101,1483,normal,0,0,65535_65535,2,23,401,225,1,1,1,11,225,15,1,1,allocated
1101,1483,normal,0,0,65535_65535,2,28,137,581,0,1,0,11,0,28,1,1,pre_allocation
1101,1483,normal,0,0,65535_65535,2,28,137,634,1,1,1,12,634,28,1,1,allocated
1101,1483,normal,0,0,65535_65535,2,27,137,581,0,1,0,11,0,28,1,1,pre_allocation
1101,1483,normal,0,0,65535_65535,2,27,137,634,1,1,1,12,634,28,1,1,allocated
1101,1483,normal,0,0,65535_65535,2,25,137,581,0,1,0,11,0,28,1,1,pre_allocation
1101,1483,normal,0,0,65535_65535,2,25,137,634,1,1,1,12,634,28,1,1,allocated
1101,1483,normal,0,0,65535_65535,2,24,137,581,0,1,0,11,0,28,1,1,pre_allocation
1101,1483,normal,0,0,65535_65535,2,24,137,634,1,1,1,12,634,28,1,1,allocated
1101,1483,normal,0,0,65535_65535,2,22,137,581,0,1,0,11,0,28,1,1,pre_allocation
1101,1483,normal,0,0,65535_65535,2,22,137,634,1,1,1,12,634,28,1,1,allocated
1101,1483,normal,0,0,65535_65535,2,21,137,581,0,1,0,11,0,28,1,1,pre_allocation
1101,1483,normal,0,0,65535_65535,2,21,137,634,1,1,1,12,634,28,1,1,allocated
1101,1483,normal,0,0,65535_65535,2,11,137,581,0,1,0,11,0,28,1,1,pre_allocation
1101,1483,normal,0,0,65535_65535,2,11,137,634,1,1,1,12,634,28,1,1,allocated
1101,1483,normal,0,0,65535_65535,2,12,137,581,0,1,0,11,0,28,1,1,pre_allocation
1101,1483,normal,0,0,65535_65535,2,12,137,634,1,1,1,12,634,28,1,1,allocated
1101,1483,normal,0,0,65535_65535,2,23,401,225,0,1,0,11,0,15,1,1,pre_allocation
1101,1483,normal,0,0,65535_65535,2,23,401,246,1,1,1,12,246,15,1,1,allocated
1101,1483,normal,0,0,65535_65535,2,28,137,634,0,1,0,12,0,28,1,1,pre_allocation
1101,1483,normal,0,0,65535_65535,2,28,137,687,1,1,1,13,687,28,1,1,allocated
1101,1483,normal,0,0,65535_65535,2,27,137,634,0,1,0,12,0,28,1,1,pre_allocation
1101,1483,normal,0,0,65535_65535,2,27,137,687,1,1,1,13,687,28,1,1,allocated
1101,1483,normal,0,0,65535_65535,2,25,137,634,0,1,0,12,0,28,1,1,pre_allocation
1101,1483,normal,0,0,65535_65535,2,25,137,687,1,1,1,13,687,28,1,1,allocated
1101,1483,normal,0,0,65535_65535,2,24,137,634,0,1,0,12,0,28,1,1,pre_allocation
1101,1483,normal,0,0,65535_65535,2,24,137,687,1,1,1,13,687,28,1,1,allocated
1101,1483,normal,0,0,65535_65535,2,22,137,634,0,1,0,12,0,28,1,1,pre_allocation
1101,1483,normal,0,0,65535_65535,2,22,137,687,1,1,1,13,687,28,1,1,allocated
1101,1483,normal,0,0,65535_65535,2,21,137,634,0,1,0,12,0,28,1,1,pre_allocation
1101,1483,normal,0,0,65535_65535,2,21,137,687,1,1,1,13,687,28,1,1,allocated
1101,1483,normal,0,0,65535_65535,2,11,137,634,0,1,0,12,0,28,1,1,pre_allocation
1101,1483,normal,0,0,65535_65535,2,11,137,687,1,1,1,13,687,28,1,1,allocated
