timestamp,sliceId,dedicatedPRB,minPRB,maxPRB
510,0,11.840795492276726,11.840795492276726,100.0
510,1,11.492211845390932,11.492211845390932,100.0
510,2,76.66699266233235,76.66699266233235,100.0
520,0,44.211440513594084,44.211440513594084,100.0
520,1,8.654609154256764,8.654609154256764,100.0
520,2,47.13395033214915,47.13395033214915,100.0
530,0,38.32455907329475,38.32455907329475,100.0
530,1,28.45648067572676,28.45648067572676,100.0
530,2,33.21896025097849,33.21896025097849,100.0
540,0,14.975393149424018,14.975393149424018,100.0
540,1,18.32493472976485,18.32493472976485,100.0
540,2,66.69967212081114,66.69967212081114,100.0
550,0,33.118365209422215,33.118365209422215,100.0
550,1,25.747281162494524,25.747281162494524,100.0
550,2,41.13435362808327,41.13435362808327,100.0
560,0,42.450155827827956,42.450155827827956,100.0
560,1,10.068448553181366,10.068448553181366,100.0
560,2,47.481395618990675,47.481395618990675,100.0
570,0,12.322617771559104,12.322617771559104,100.0
570,1,11.802063968179,11.802063968179,100.0
570,2,75.87531826026189,75.87531826026189,100.0
580,0,27.505580390528237,27.505580390528237,100.0
580,1,17.302590085869504,17.302590085869504,100.0
580,2,55.19182952360225,55.19182952360225,100.0
590,0,51.733363249098595,51.733363249098595,100.0
590,1,24.721785578981546,24.721785578981546,100.0
590,2,23.544851171919866,23.544851171919866,100.0
600,0,49.63880366748386,49.63880366748386,100.0
600,1,16.791097488827962,16.791097488827962,100.0
600,2,33.57009884368818,33.57009884368818,100.0
610,0,26.129712225515267,26.129712225515267,100.0
610,1,18.51191763757405,18.51191763757405,100.0
610,2,55.358370136910686,55.358370136910686,100.0
620,0,12.366681592039578,12.366681592039578,100.0
620,1,28.83693482581535,28.83693482581535,100.0
620,2,58.796383582145076,58.796383582145076,100.0
630,0,10.94921195356065,10.94921195356065,100.0
630,1,11.136004665707967,11.136004665707967,100.0
630,2,77.91478338073138,77.91478338073138,100.0
640,0,54.063381862326565,54.063381862326565,100.0
640,1,30.002484455193002,30.002484455193002,100.0
640,2,15.93413368248043,15.93413368248043,100.0
650,0,37.74526709338283,37.74526709338283,100.0
650,1,32.898326675587555,32.898326675587555,100.0
650,2,29.35640623102963,29.35640623102963,100.0
660,0,30.722308018658183,30.722308018658183,100.0
660,1,27.744817335283305,27.744817335283305,100.0
660,2,41.532874646058524,41.532874646058524,100.0
670,0,32.26059506313392,32.26059506313392,100.0
670,1,44.15262466915708,44.15262466915708,100.0
670,2,23.586780267709017,23.586780267709017,100.0
680,0,38.70239034850982,38.70239034850982,100.0
680,1,31.52434824239417,31.52434824239417,100.0
680,2,29.773261409096012,29.773261409096012,100.0
690,0,12.213972215087589,12.213972215087589,100.0
690,1,12.554509674990893,12.554509674990893,100.0
690,2,75.23151810992152,75.23151810992152,100.0
700,0,32.76640476684238,32.76640476684238,100.0
700,1,10.082677696935265,10.082677696935265,100.0
700,2,57.150917536222366,57.150917536222366,100.0
710,0,43.14363439381198,43.14363439381198,100.0
710,1,24.952380166104728,24.952380166104728,100.0
710,2,31.9039854400833,31.9039854400833,100.0
720,0,47.35798094662289,47.35798094662289,100.0
720,1,20.603214806792405,20.603214806792405,100.0
720,2,32.03880424658472,32.03880424658472,100.0
730,0,25.4266019378815,25.4266019378815,100.0
730,1,38.256484244026225,38.256484244026225,100.0
730,2,36.31691381809229,36.31691381809229,100.0
740,0,39.20509786263129,39.20509786263129,100.0
740,1,36.7464743937468,36.7464743937468,100.0
740,2,24.048427743621893,24.048427743621893,100.0
750,0,20.621841393390493,20.621841393390493,100.0
750,1,22.35066928464849,22.35066928464849,100.0
750,2,57.02748932196101,57.02748932196101,100.0
760,0,53.662966805003954,53.662966805003954,100.0
760,1,17.13579297682158,17.13579297682158,100.0
760,2,29.20124021817448,29.20124021817448,100.0
770,0,39.261761608311595,39.261761608311595,100.0
770,1,22.026815899846323,22.026815899846323,100.0
770,2,38.71142249184209,38.71142249184209,100.0
780,0,49.651217288021,49.651217288021,100.0
780,1,37.06980850996448,37.06980850996448,100.0
780,2,13.278974202014526,13.278974202014526,100.0
790,0,18.700844305002576,18.700844305002576,100.0
790,1,66.9081878698088,66.9081878698088,100.0
790,2,14.39096782518863,14.39096782518863,100.0
800,0,19.15595982416097,19.15595982416097,100.0
800,1,39.1178540547351,39.1178540547351,100.0
800,2,41.72618612110393,41.72618612110393,100.0
810,0,11.911912902745815,11.911912902745815,100.0
810,1,11.837231071874003,11.837231071874003,100.0
810,2,76.25085602538017,76.25085602538017,100.0
820,0,18.875548051262214,18.875548051262214,100.0
820,1,65.31316655495397,65.31316655495397,100.0
820,2,15.811285393783834,15.811285393783834,100.0
830,0,31.760992463039052,31.760992463039052,100.0
830,1,16.02595083248032,16.02595083248032,100.0
830,2,52.21305670448063,52.21305670448063,100.0
840,0,51.17811612739743,51.17811612739743,100.0
840,1,24.521138031661483,24.521138031661483,100.0
840,2,24.300745840941094,24.300745840941094,100.0
850,0,28.896926805193658,28.896926805193658,100.0
850,1,22.56695953689364,22.56695953689364,100.0
850,2,48.5361136579127,48.5361136579127,100.0
860,0,14.860151891939783,14.860151891939783,100.0
860,1,29.679657865377123,29.679657865377123,100.0
860,2,55.460190242683105,55.460190242683105,100.0
870,0,11.110932784255409,11.110932784255409,100.0
870,1,11.173034585834321,11.173034585834321,100.0
870,2,77.71603262991027,77.71603262991027,100.0
880,0,44.843687852351245,44.843687852351245,100.0
880,1,25.618531187130927,25.618531187130927,100.0
880,2,29.537780960517836,29.537780960517836,100.0
890,0,18.43977519698605,18.43977519698605,100.0
890,1,55.68413115699402,55.68413115699402,100.0
890,2,25.87609364601992,25.87609364601992,100.0
900,0,33.014380829453415,33.014380829453415,100.0
900,1,23.099284321422815,23.099284321422815,100.0
900,2,43.886334849123784,43.886334849123784,100.0
910,0,41.13560477349971,41.13560477349971,100.0
910,1,9.017862613398199,9.017862613398199,100.0
910,2,49.8465326131021,49.8465326131021,100.0
920,0,49.734991429231265,49.734991429231265,100.0
920,1,15.153897296523613,15.153897296523613,100.0
920,2,35.111111274245125,35.111111274245125,100.0
930,0,12.635920505550304,12.635920505550304,100.0
930,1,12.564574038283105,12.564574038283105,100.0
930,2,74.7995054561666,74.7995054561666,100.0
940,0,49.987727157834506,49.987727157834506,100.0
940,1,15.550172691839709,15.550172691839709,100.0
940,2,34.46210015032578,34.46210015032578,100.0
950,0,64.1938058299011,64.1938058299011,100.0
950,1,12.607924495747652,12.607924495747652,100.0
950,2,23.19826967435126,23.19826967435126,100.0
960,0,35.22239191728354,35.22239191728354,100.0
960,1,37.55441628767474,37.55441628767474,100.0
960,2,27.22319179504173,27.22319179504173,100.0
970,0,14.000885286010522,14.000885286010522,100.0
970,1,22.841506281502085,22.841506281502085,100.0
970,2,63.157608432487386,63.157608432487386,100.0
980,0,17.177407064305577,17.177407064305577,100.0
980,1,42.28428456113179,42.28428456113179,100.0
980,2,40.538308374562625,40.538308374562625,100.0
990,0,11.815494468695542,11.815494468695542,100.0
990,1,11.564280354574496,11.564280354574496,100.0
990,2,76.62022517672997,76.62022517672997,100.0
1000,0,17.591967039680416,17.591967039680416,100.0
1000,1,19.656033237169527,19.656033237169527,100.0
1000,2,62.751999723150064,62.751999723150064,100.0
1010,0,12.960966194875132,12.960966194875132,100.0
1010,1,36.899132953994965,36.899132953994965,100.0
1010,2,50.1399008511299,50.1399008511299,100.0
1020,0,54.52410631045124,54.52410631045124,100.0
1020,1,19.381785686569316,19.381785686569316,100.0
1020,2,26.094108002979443,26.094108002979443,100.0
1030,0,39.73729871986773,39.73729871986773,100.0
1030,1,32.66816207734617,32.66816207734617,100.0
1030,2,27.594539202786112,27.594539202786112,100.0
1040,0,25.260702027581484,25.260702027581484,100.0
1040,1,14.898047327581573,14.898047327581573,100.0
1040,2,59.841250644836954,59.841250644836954,100.0
1050,0,11.381570321512555,11.381570321512555,100.0
1050,1,12.010051175930982,12.010051175930982,100.0
1050,2,76.60837850255648,76.60837850255648,100.0
1060,0,27.27500703265518,27.27500703265518,100.0
1060,1,36.5520278032026,36.5520278032026,100.0
1060,2,36.17296516414223,36.17296516414223,100.0
1070,0,52.745557667526555,52.745557667526555,100.0
1070,1,13.055764404439046,13.055764404439046,100.0
1070,2,34.1986779280344,34.1986779280344,100.0
1080,0,54.063054510565145,54.063054510565145,100.0
1080,1,17.928932941237537,17.928932941237537,100.0
1080,2,28.008012548197307,28.008012548197307,100.0
1090,0,60.98397371678593,60.98397371678593,100.0
1090,1,20.9024706331253,20.9024706331253,100.0
1090,2,18.11355565008876,18.11355565008876,100.0
1100,0,20.00651069081811,20.00651069081811,100.0
1100,1,62.3251548436734,62.3251548436734,100.0
1100,2,17.668334465508487,17.668334465508487,100.0
1110,0,11.907367064686888,11.907367064686888,100.0
1110,1,13.034288944962213,13.034288944962213,100.0
1110,2,75.05834399035089,75.05834399035089,100.0
1120,0,24.828403838727205,24.828403838727205,100.0
1120,1,45.73341457457726,45.73341457457726,100.0
1120,2,29.438181586695528,29.438181586695528,100.0
1130,0,42.320219582934996,42.320219582934996,100.0
1130,1,9.265010149536758,9.265010149536758,100.0
1130,2,48.41477026752825,48.41477026752825,100.0
1140,0,17.12261365980778,17.12261365980778,100.0
1140,1,24.91218747527527,24.91218747527527,100.0
1140,2,57.96519886491694,57.96519886491694,100.0
1150,0,9.197650950683265,9.197650950683265,100.0
1150,1,53.1342836114478,53.1342836114478,100.0
1150,2,37.66806543786893,37.66806543786893,100.0
1160,0,13.51100963729219,13.51100963729219,100.0
1160,1,39.11027203973982,39.11027203973982,100.0
1160,2,47.378718322968,47.378718322968,100.0
1170,0,11.403670082074198,11.403670082074198,100.0
1170,1,11.731509272118616,11.731509272118616,100.0
1170,2,76.86482064580719,76.86482064580719,100.0
1180,0,34.65581887880953,34.65581887880953,100.0
1180,1,36.46320601489925,36.46320601489925,100.0
1180,2,28.880975106291224,28.880975106291224,100.0
1190,0,51.71448306500012,51.71448306500012,100.0
1190,1,24.447816384715,24.447816384715,100.0
1190,2,23.837700550284882,23.837700550284882,100.0
1200,0,37.64113159952448,37.64113159952448,100.0
1200,1,21.302307762856806,21.302307762856806,100.0
1200,2,41.05656063761872,41.05656063761872,100.0
1210,0,23.59462083995019,23.59462083995019,100.0
1210,1,28.07869046829406,28.07869046829406,100.0
1210,2,48.32668869175576,48.32668869175576,100.0
1220,0,31.10060879664346,31.10060879664346,100.0
1220,1,28.51041680812431,28.51041680812431,100.0
1220,2,40.38897439523223,40.38897439523223,100.0
1230,0,11.226073855478944,11.226073855478944,100.0
1230,1,11.243552309420304,11.243552309420304,100.0
1230,2,77.53037383510076,77.53037383510076,100.0
1240,0,45.98144375421079,45.98144375421079,100.0
1240,1,25.574646621230833,25.574646621230833,100.0
1240,2,28.443909624558376,28.443909624558376,100.0
1250,0,49.40967808665665,49.40967808665665,100.0
1250,1,24.82592695821467,24.82592695821467,100.0
1250,2,25.764394955128672,25.764394955128672,100.0
1260,0,32.9564957174158,32.9564957174158,100.0
1260,1,16.93399748438864,16.93399748438864,100.0
1260,2,50.10950679819557,50.10950679819557,100.0
1270,0,30.040507889124086,30.040507889124086,100.0
1270,1,46.741308979722554,46.741308979722554,100.0
1270,2,23.21818313115337,23.21818313115337,100.0
1280,0,49.082618821801624,49.082618821801624,100.0
1280,1,8.929724937638362,8.929724937638362,100.0
1280,2,41.98765624056003,41.98765624056003,100.0
1290,0,17.933157180340366,17.933157180340366,100.0
1290,1,17.89445567139143,17.89445567139143,100.0
1290,2,64.1723871482682,64.1723871482682,100.0
1300,0,24.378689930027562,24.378689930027562,100.0
1300,1,44.738436783447476,44.738436783447476,100.0
1300,2,30.88287328652496,30.88287328652496,100.0
1310,0,39.48851096514686,39.48851096514686,100.0
1310,1,17.326112469653037,17.326112469653037,100.0
1310,2,43.185376565200116,43.185376565200116,100.0
1320,0,33.19363968761691,33.19363968761691,100.0
1320,1,25.45338186508464,25.45338186508464,100.0
1320,2,41.35297844729846,41.35297844729846,100.0
1330,0,56.17523660021637,56.17523660021637,100.0
1330,1,17.9290650361464,17.9290650361464,100.0
1330,2,25.89569836363723,25.89569836363723,100.0
1340,0,32.25667838673926,32.25667838673926,100.0
1340,1,45.11376813331574,45.11376813331574,100.0
1340,2,22.629553479945013,22.629553479945013,100.0
1350,0,11.762127989651512,11.762127989651512,100.0
1350,1,11.317151657311706,11.317151657311706,100.0
1350,2,76.92072035303677,76.92072035303677,100.0
1360,0,26.522066832591918,26.522066832591918,100.0
1360,1,24.38472325588048,24.38472325588048,100.0
1360,2,49.09320991152761,49.09320991152761,100.0
1370,0,17.058590825937888,17.058590825937888,100.0
1370,1,67.12430153662153,67.12430153662153,100.0
1370,2,15.817107637440586,15.817107637440586,100.0
1380,0,15.608896980752046,15.608896980752046,100.0
1380,1,40.23077951366377,40.23077951366377,100.0
1380,2,44.160323505584195,44.160323505584195,100.0
1390,0,47.71063023954131,47.71063023954131,100.0
1390,1,17.69533194506242,17.69533194506242,100.0
1390,2,34.59403781539626,34.59403781539626,100.0
1400,0,40.59228662367129,40.59228662367129,100.0
1400,1,25.547659468523044,25.547659468523044,100.0
1400,2,33.86005390780567,33.86005390780567,100.0
1410,0,12.33573224430121,12.33573224430121,100.0
1410,1,12.070203392697678,12.070203392697678,100.0
1410,2,75.59406436300111,75.59406436300111,100.0
1420,0,29.830308692907625,29.830308692907625,100.0
1420,1,41.432158084226394,41.432158084226394,100.0
1420,2,28.73753322286598,28.73753322286598,100.0
1430,0,15.813717652095919,15.813717652095919,100.0
1430,1,64.44029651947307,64.44029651947307,100.0
1430,2,19.745985828431,19.745985828431,100.0
1440,0,57.369558910548214,57.369558910548214,100.0
1440,1,15.077215511655693,15.077215511655693,100.0
1440,2,27.553225577796102,27.553225577796102,100.0
1450,0,35.30810741530764,35.30810741530764,100.0
1450,1,53.79983747780456,53.79983747780456,100.0
1450,2,10.8920551068878,10.8920551068878,100.0
1460,0,70.19194981250354,70.19194981250354,100.0
1460,1,16.797049129016823,16.797049129016823,100.0
1460,2,13.011001058479648,13.011001058479648,100.0
1470,0,11.932383961758406,11.932383961758406,100.0
1470,1,12.341724009179043,12.341724009179043,100.0
1470,2,75.72589202906255,75.72589202906255,100.0
1480,0,21.28953811742396,21.28953811742396,100.0
1480,1,35.06980659301633,35.06980659301633,100.0
1480,2,43.640655289559696,43.640655289559696,100.0
1490,0,22.75975915971027,22.75975915971027,100.0
1490,1,14.413760555941007,14.413760555941007,100.0
1490,2,62.82648028434872,62.82648028434872,100.0
1500,0,24.4562592463104,24.4562592463104,100.0
1500,1,47.773744540421895,47.773744540421895,100.0
1500,2,27.76999621326771,27.76999621326771,100.0
1510,0,26.327881974671673,26.327881974671673,100.0
1510,1,50.37685027617852,50.37685027617852,100.0
1510,2,23.29526774914981,23.29526774914981,100.0
1520,0,50.38071893063651,50.38071893063651,100.0
1520,1,41.4660533157252,41.4660533157252,100.0
1520,2,8.153227753638287,8.153227753638287,100.0
1530,0,13.664846760952459,13.664846760952459,100.0
1530,1,11.404679157710952,11.404679157710952,100.0
1530,2,74.9304740813366,74.9304740813366,100.0
1540,0,20.52983418221108,20.52983418221108,100.0
1540,1,26.537974775261976,26.537974775261976,100.0
1540,2,52.932191042526945,52.932191042526945,100.0
1550,0,39.34104966993423,39.34104966993423,100.0
1550,1,12.316566002167315,12.316566002167315,100.0
1550,2,48.34238432789846,48.34238432789846,100.0
1560,0,29.01077379395762,29.01077379395762,100.0
1560,1,16.855139173993024,16.855139173993024,100.0
1560,2,54.13408703204936,54.13408703204936,100.0
1570,0,16.13121501469009,16.13121501469009,100.0
1570,1,15.019998916524893,15.019998916524893,100.0
1570,2,68.84878606878503,68.84878606878503,100.0
1580,0,25.228736924216044,25.228736924216044,100.0
1580,1,30.422751320823615,30.422751320823615,100.0
1580,2,44.34851175496035,44.34851175496035,100.0
1590,0,11.202146306910752,11.202146306910752,100.0
1590,1,10.987076941302448,10.987076941302448,100.0
1590,2,77.8107767517868,77.8107767517868,100.0
1600,0,37.310857104283905,37.310857104283905,100.0
1600,1,35.857384140953826,35.857384140953826,100.0
1600,2,26.831758754762276,26.831758754762276,100.0
1610,0,19.077468819695287,19.077468819695287,100.0
1610,1,32.639902194553116,32.639902194553116,100.0
1610,2,48.2826289857516,48.2826289857516,100.0
1620,0,24.808136622711793,24.808136622711793,100.0
1620,1,39.8868201402608,39.8868201402608,100.0
1620,2,35.3050432370274,35.3050432370274,100.0
1630,0,10.546194173984418,10.546194173984418,100.0
1630,1,48.982603057204926,48.982603057204926,100.0
1630,2,40.47120276881066,40.47120276881066,100.0
1640,0,15.507590586426149,15.507590586426149,100.0
1640,1,40.80636359261745,40.80636359261745,100.0
1640,2,43.686045820956394,43.686045820956394,100.0
1650,0,11.292112872396855,11.292112872396855,100.0
1650,1,10.968339654191151,10.968339654191151,100.0
1650,2,77.739547473412,77.739547473412,100.0
1660,0,50.77200192636919,50.77200192636919,100.0
1660,1,38.33802398052999,38.33802398052999,100.0
1660,2,10.889974093100824,10.889974093100824,100.0
1670,0,26.084909150354612,26.084909150354612,100.0
1670,1,48.86395883151115,48.86395883151115,100.0
1670,2,25.051132018134258,25.051132018134258,100.0
1680,0,43.47213552906367,43.47213552906367,100.0
1680,1,39.402501717005386,39.402501717005386,100.0
1680,2,17.125362753930947,17.125362753930947,100.0
1690,0,15.727367945050908,15.727367945050908,100.0
1690,1,32.4149106512361,32.4149106512361,100.0
1690,2,51.857721403712986,51.857721403712986,100.0
1700,0,61.52387869253554,61.52387869253554,100.0
1700,1,25.624671647661966,25.624671647661966,100.0
1700,2,12.85144965980251,12.85144965980251,100.0
1710,0,34.17343340013909,34.17343340013909,100.0
1710,1,18.825275947477074,18.825275947477074,100.0
1710,2,47.00129065238384,47.00129065238384,100.0
1720,0,43.28204333434243,43.28204333434243,100.0
1720,1,17.96507400075457,17.96507400075457,100.0
1720,2,38.752882664903,38.752882664903,100.0
1730,0,20.004295893935804,20.004295893935804,100.0
1730,1,14.175389540374864,14.175389540374864,100.0
1730,2,65.82031456568933,65.82031456568933,100.0
1740,0,34.580259899549084,34.580259899549084,100.0
1740,1,18.95365395613734,18.95365395613734,100.0
1740,2,46.46608614431357,46.46608614431357,100.0
1750,0,10.66690854437436,10.66690854437436,100.0
1750,1,55.26566414036106,55.26566414036106,100.0
1750,2,34.067427315264574,34.067427315264574,100.0
1760,0,40.90248430728251,40.90248430728251,100.0
1760,1,29.63966765054985,29.63966765054985,100.0
1760,2,29.45784804216763,29.45784804216763,100.0
1770,0,12.279025870414804,12.279025870414804,100.0
1770,1,11.315953530553125,11.315953530553125,100.0
1770,2,76.40502059903207,76.40502059903207,100.0
1780,0,20.205658862138243,20.205658862138243,100.0
1780,1,17.61106066284585,17.61106066284585,100.0
1780,2,62.1832804750159,62.1832804750159,100.0
1790,0,47.449017147443556,47.449017147443556,100.0
1790,1,14.514056534321451,14.514056534321451,100.0
1790,2,38.03692631823499,38.03692631823499,100.0
1800,0,33.74680433334725,33.74680433334725,100.0
1800,1,28.17992063630179,28.17992063630179,100.0
1800,2,38.07327503035096,38.07327503035096,100.0
1810,0,11.720293437680615,11.720293437680615,100.0
1810,1,62.47203424953995,62.47203424953995,100.0
1810,2,25.807672312779427,25.807672312779427,100.0
1820,0,37.768795805578335,37.768795805578335,100.0
1820,1,21.4726978988559,21.4726978988559,100.0
1820,2,40.75850629556577,40.75850629556577,100.0
1830,0,11.300211818036844,11.300211818036844,100.0
1830,1,11.496870517207029,11.496870517207029,100.0
1830,2,77.20291766475611,77.20291766475611,100.0
1840,0,28.278834866679848,28.278834866679848,100.0
1840,1,26.333018923141015,26.333018923141015,100.0
1840,2,45.38814621017914,45.38814621017914,100.0
1850,0,12.978281096291383,12.978281096291383,100.0
1850,1,11.214107478813142,11.214107478813142,100.0
1850,2,75.80761142489548,75.80761142489548,100.0
1860,0,27.979567491691338,27.979567491691338,100.0
1860,1,9.852214534671583,9.852214534671583,100.0
1860,2,62.16821797363708,62.16821797363708,100.0
1870,0,39.64176308398685,39.64176308398685,100.0
1870,1,12.155206754795076,12.155206754795076,100.0
1870,2,48.20303016121808,48.20303016121808,100.0
1880,0,29.101179450426724,29.101179450426724,100.0
1880,1,33.66023945253633,33.66023945253633,100.0
1880,2,37.23858109703694,37.23858109703694,100.0
1890,0,11.663260989228585,11.663260989228585,100.0
1890,1,11.675962665152532,11.675962665152532,100.0
1890,2,76.66077634561888,76.66077634561888,100.0
1900,0,34.72073473648488,34.72073473648488,100.0
1900,1,19.905559586480003,19.905559586480003,100.0
1900,2,45.37370567703512,45.37370567703512,100.0
1910,0,66.9846379286059,66.9846379286059,100.0
1910,1,12.202309598975418,12.202309598975418,100.0
1910,2,20.81305247241868,20.81305247241868,100.0
1920,0,29.28960883919804,29.28960883919804,100.0
1920,1,26.38316073658445,26.38316073658445,100.0
1920,2,44.327230424217525,44.327230424217525,100.0
1930,0,42.469238584051354,42.469238584051354,100.0
1930,1,29.06449251510726,29.06449251510726,100.0
1930,2,28.466268900841396,28.466268900841396,100.0
1940,0,24.623723699993004,24.623723699993004,100.0
1940,1,54.229635886222624,54.229635886222624,100.0
1940,2,21.146640413784365,21.146640413784365,100.0
1950,0,11.854034078693548,11.854034078693548,100.0
1950,1,11.075785760946088,11.075785760946088,100.0
1950,2,77.07018016036037,77.07018016036037,100.0
1960,0,17.422229241524498,17.422229241524498,100.0
1960,1,29.816219145009736,29.816219145009736,100.0
1960,2,52.76155161346578,52.76155161346578,100.0
1970,0,60.41425174945392,60.41425174945392,100.0
1970,1,21.34023600771282,21.34023600771282,100.0
1970,2,18.24551224283326,18.24551224283326,100.0
1980,0,43.788631940866075,43.788631940866075,100.0
1980,1,25.150517857971995,25.150517857971995,100.0
1980,2,31.060850201161934,31.060850201161934,100.0
1990,0,41.31391944374306,41.31391944374306,100.0
1990,1,8.423138826555926,8.423138826555926,100.0
1990,2,50.262941729701005,50.262941729701005,100.0
2000,0,32.45963706923907,32.45963706923907,100.0
2000,1,33.48492074586763,33.48492074586763,100.0
2000,2,34.055442184893295,34.055442184893295,100.0
2010,0,10.798593543514064,10.798593543514064,100.0
2010,1,14.603448415124861,14.603448415124861,100.0
2010,2,74.59795804136108,74.59795804136108,100.0
2020,0,30.33915732815625,30.33915732815625,100.0
2020,1,25.357998109094133,25.357998109094133,100.0
2020,2,44.302844562749605,44.302844562749605,100.0
2030,0,50.78279513164734,50.78279513164734,100.0
2030,1,19.556974199016537,19.556974199016537,100.0
2030,2,29.66023066933612,29.66023066933612,100.0
2040,0,32.64390173145228,32.64390173145228,100.0
2040,1,26.268520831009596,26.268520831009596,100.0
2040,2,41.08757743753812,41.08757743753812,100.0
2050,0,29.34774252348947,29.34774252348947,100.0
2050,1,15.876328132503772,15.876328132503772,100.0
2050,2,54.775929344006755,54.775929344006755,100.0
2060,0,28.959004990991854,28.959004990991854,100.0
2060,1,28.997216494680618,28.997216494680618,100.0
2060,2,42.04377851432753,42.04377851432753,100.0
2070,0,27.240890015300835,27.240890015300835,100.0
2070,1,26.481436075738294,26.481436075738294,100.0
2070,2,46.27767390896088,46.27767390896088,100.0
2080,0,28.463257234560263,28.463257234560263,100.0
2080,1,30.334702221055586,30.334702221055586,100.0
2080,2,41.20204054438416,41.20204054438416,100.0
2090,0,47.15766710695181,47.15766710695181,100.0
2090,1,10.03674115339321,10.03674115339321,100.0
2090,2,42.805591739654986,42.805591739654986,100.0
2100,0,37.035178752896364,37.035178752896364,100.0
2100,1,41.01651661012895,41.01651661012895,100.0
2100,2,21.948304636974672,21.948304636974672,100.0
2110,0,16.83761532321282,16.83761532321282,100.0
2110,1,16.48034186999344,16.48034186999344,100.0
2110,2,66.68204280679375,66.68204280679375,100.0
2120,0,46.97257803633731,46.97257803633731,100.0
2120,1,40.399889807152995,40.399889807152995,100.0
2120,2,12.627532156509705,12.627532156509705,100.0
2130,0,11.142903344277284,11.142903344277284,100.0
2130,1,11.770944329004427,11.770944329004427,100.0
2130,2,77.08615232671829,77.08615232671829,100.0
2140,0,27.634887700722626,27.634887700722626,100.0
2140,1,10.15553535522465,10.15553535522465,100.0
2140,2,62.209576944052735,62.209576944052735,100.0
2150,0,57.72848945124503,57.72848945124503,100.0
2150,1,16.057743442479804,16.057743442479804,100.0
2150,2,26.213767106275164,26.213767106275164,100.0
2160,0,31.899202524738936,31.899202524738936,100.0
2160,1,25.748183030512383,25.748183030512383,100.0
2160,2,42.35261444474869,42.35261444474869,100.0
2170,0,20.638942465987586,20.638942465987586,100.0
2170,1,28.68122286250428,28.68122286250428,100.0
2170,2,50.679834671508125,50.679834671508125,100.0
2180,0,47.241670008867736,47.241670008867736,100.0
2180,1,23.614884467272084,23.614884467272084,100.0
2180,2,29.143445523860173,29.143445523860173,100.0
2190,0,11.4020848925123,11.4020848925123,100.0
2190,1,10.91233983730086,10.91233983730086,100.0
2190,2,77.68557527018683,77.68557527018683,100.0
2200,0,33.58204723396282,33.58204723396282,100.0
2200,1,18.882188201971893,18.882188201971893,100.0
2200,2,47.53576456406529,47.53576456406529,100.0
2210,0,14.86767247869707,14.86767247869707,100.0
2210,1,57.28056189031834,57.28056189031834,100.0
2210,2,27.851765630984595,27.851765630984595,100.0
2220,0,39.568177888166204,39.568177888166204,100.0
2220,1,35.573618228143346,35.573618228143346,100.0
2220,2,24.85820388369045,24.85820388369045,100.0
2230,0,52.94659079313099,52.94659079313099,100.0
2230,1,26.198652654770182,26.198652654770182,100.0
2230,2,20.854756552098817,20.854756552098817,100.0
2240,0,42.322459128453396,42.322459128453396,100.0
2240,1,48.55220179517495,48.55220179517495,100.0
2240,2,9.125339076371656,9.125339076371656,100.0
2250,0,13.0164844318039,13.0164844318039,100.0
2250,1,13.19593919095954,13.19593919095954,100.0
2250,2,73.78757637723656,73.78757637723656,100.0
2260,0,22.701655265906624,22.701655265906624,100.0
2260,1,11.092625563366214,11.092625563366214,100.0
2260,2,66.20571917072716,66.20571917072716,100.0
2270,0,38.69231361106593,38.69231361106593,100.0
2270,1,28.349861393134585,28.349861393134585,100.0
2270,2,32.9578249957995,32.9578249957995,100.0
2280,0,34.21618647738125,34.21618647738125,100.0
2280,1,21.1524296513549,21.1524296513549,100.0
2280,2,44.63138387126386,44.63138387126386,100.0
2290,0,36.738361370135266,36.738361370135266,100.0
2290,1,27.869266007676835,27.869266007676835,100.0
2290,2,35.3923726221879,35.3923726221879,100.0
2300,0,54.742734670019686,54.742734670019686,100.0
2300,1,11.906768854952674,11.906768854952674,100.0
2300,2,33.35049647502764,33.35049647502764,100.0
2310,0,33.6753677101365,33.6753677101365,100.0
2310,1,31.243271020447217,31.243271020447217,100.0
2310,2,35.08136126941628,35.08136126941628,100.0
2320,0,12.39734051232059,12.39734051232059,100.0
2320,1,13.420275263399919,13.420275263399919,100.0
2320,2,74.1823842242795,74.1823842242795,100.0
2330,0,19.48714495918504,19.48714495918504,100.0
2330,1,57.919461018990795,57.919461018990795,100.0
2330,2,22.593394021824164,22.593394021824164,100.0
2340,0,47.311630228732696,47.311630228732696,100.0
2340,1,8.552269276124068,8.552269276124068,100.0
2340,2,44.13610049514323,44.13610049514323,100.0
2350,0,12.625582225783742,12.625582225783742,100.0
2350,1,65.30350894890088,65.30350894890088,100.0
2350,2,22.070908825315378,22.070908825315378,100.0
2360,0,33.67387378840998,33.67387378840998,100.0
2360,1,38.28658815629024,38.28658815629024,100.0
2360,2,28.03953805529979,28.03953805529979,100.0
2370,0,11.45261491191271,11.45261491191271,100.0
2370,1,11.771572057113701,11.771572057113701,100.0
2370,2,76.77581303097358,76.77581303097358,100.0
2380,0,45.766358452925424,45.766358452925424,100.0
2380,1,8.604078214279454,8.604078214279454,100.0
2380,2,45.62956333279512,45.62956333279512,100.0
2390,0,19.883550774262577,19.883550774262577,100.0
2390,1,25.48646689933756,25.48646689933756,100.0
2390,2,54.62998232639986,54.62998232639986,100.0
2400,0,52.47253440639539,52.47253440639539,100.0
2400,1,30.125423312792222,30.125423312792222,100.0
2400,2,17.402042280812406,17.402042280812406,100.0
2410,0,31.85061709876199,31.85061709876199,100.0
2410,1,15.73696702332144,15.73696702332144,100.0
2410,2,52.412415877916565,52.412415877916565,100.0
2420,0,10.128604526596662,10.128604526596662,100.0
2420,1,43.071372519558075,43.071372519558075,100.0
2420,2,46.80002295384525,46.80002295384525,100.0
2430,0,17.37885822534596,17.37885822534596,100.0
2430,1,10.332687434508959,10.332687434508959,100.0
2430,2,72.2884543401451,72.2884543401451,100.0
2440,0,21.463432887566576,21.463432887566576,100.0
2440,1,19.908944194786173,19.908944194786173,100.0
2440,2,58.62762291764726,58.62762291764726,100.0
2450,0,30.559974955347286,30.559974955347286,100.0
2450,1,21.67992698473491,21.67992698473491,100.0
2450,2,47.760098059917816,47.760098059917816,100.0
2460,0,45.67854517846774,45.67854517846774,100.0
2460,1,9.257026009920947,9.257026009920947,100.0
2460,2,45.064428811611315,45.064428811611315,100.0
2470,0,21.29599331931947,21.29599331931947,100.0
2470,1,51.7629010523493,51.7629010523493,100.0
2470,2,26.94110562833123,26.94110562833123,100.0
2480,0,15.889065346441198,15.889065346441198,100.0
2480,1,15.571827170876604,15.571827170876604,100.0
2480,2,68.5391074826822,68.5391074826822,100.0
2490,0,11.927097115155581,11.927097115155581,100.0
2490,1,12.550954597286598,12.550954597286598,100.0
2490,2,75.52194828755783,75.52194828755783,100.0
2500,0,49.51393414609343,49.51393414609343,100.0
2500,1,25.70140975498906,25.70140975498906,100.0
2500,2,24.784656098917505,24.784656098917505,100.0
2510,0,43.65787516136644,43.65787516136644,100.0
2510,1,32.61767711657548,32.61767711657548,100.0
2510,2,23.72444772205808,23.72444772205808,100.0
2520,0,39.712775448340835,39.712775448340835,100.0
2520,1,26.083191201389795,26.083191201389795,100.0
2520,2,34.20403335026936,34.20403335026936,100.0
2530,0,31.508869503111146,31.508869503111146,100.0
2530,1,34.16971725456032,34.16971725456032,100.0
2530,2,34.32141324232853,34.32141324232853,100.0
2540,0,21.755924792182686,21.755924792182686,100.0
2540,1,53.407577965732436,53.407577965732436,100.0
2540,2,24.836497242084874,24.836497242084874,100.0
2550,0,11.86058413489694,11.86058413489694,100.0
2550,1,11.340184781953777,11.340184781953777,100.0
2550,2,76.7992310831493,76.7992310831493,100.0
2560,0,16.98583471387702,16.98583471387702,100.0
2560,1,33.01223015446801,33.01223015446801,100.0
2560,2,50.001935131654974,50.001935131654974,100.0
2570,0,9.930697286216843,9.930697286216843,100.0
2570,1,41.428541764641494,41.428541764641494,100.0
2570,2,48.64076094914166,48.64076094914166,100.0
2580,0,42.36128419382701,42.36128419382701,100.0
2580,1,48.28484270101806,48.28484270101806,100.0
2580,2,9.353873105154936,9.353873105154936,100.0
2590,0,32.392029458555285,32.392029458555285,100.0
2590,1,31.343950861481858,31.343950861481858,100.0
2590,2,36.26401967996286,36.26401967996286,100.0
2600,0,28.62934555727426,28.62934555727426,100.0
2600,1,17.3880955310483,17.3880955310483,100.0
2600,2,53.98255891167744,53.98255891167744,100.0
2610,0,17.422359500047307,17.422359500047307,100.0
2610,1,15.526181438388845,15.526181438388845,100.0
2610,2,67.05145906156386,67.05145906156386,100.0
2620,0,18.71076799807971,18.71076799807971,100.0
2620,1,42.046233962838215,42.046233962838215,100.0
2620,2,39.242998039082075,39.242998039082075,100.0
2630,0,24.34376610773932,24.34376610773932,100.0
2630,1,29.076937808431047,29.076937808431047,100.0
2630,2,46.57929608382963,46.57929608382963,100.0
2640,0,27.883585931367932,27.883585931367932,100.0
2640,1,13.609403626573858,13.609403626573858,100.0
2640,2,58.5070104420582,58.5070104420582,100.0
2650,0,32.6717078972017,32.6717078972017,100.0
2650,1,19.111553239996606,19.111553239996606,100.0
2650,2,48.216738862801684,48.216738862801684,100.0
2660,0,13.493237345892162,13.493237345892162,100.0
2660,1,43.67827309946174,43.67827309946174,100.0
2660,2,42.828489554646104,42.828489554646104,100.0
2670,0,11.165866493189922,11.165866493189922,100.0
2670,1,11.517518192598738,11.517518192598738,100.0
2670,2,77.31661531421135,77.31661531421135,100.0
2680,0,19.270551520917326,19.270551520917326,100.0
2680,1,16.43214993068714,16.43214993068714,100.0
2680,2,64.29729854839555,64.29729854839555,100.0
2690,0,56.26285939496805,56.26285939496805,100.0
2690,1,15.213978812182482,15.213978812182482,100.0
2690,2,28.523161792849454,28.523161792849454,100.0
2700,0,42.64769661237436,42.64769661237436,100.0
2700,1,21.227254335187123,21.227254335187123,100.0
2700,2,36.12504905243851,36.12504905243851,100.0
2710,0,11.55927016751385,11.55927016751385,100.0
2710,1,62.90700260628209,62.90700260628209,100.0
2710,2,25.533727226204068,25.533727226204068,100.0
2720,0,13.692820087402072,13.692820087402072,100.0
2720,1,20.18652800967026,20.18652800967026,100.0
2720,2,66.12065190292768,66.12065190292768,100.0
2730,0,14.124517288096053,14.124517288096053,100.0
2730,1,11.554181081829688,11.554181081829688,100.0
2730,2,74.32130163007426,74.32130163007426,100.0
2740,0,25.089879635775507,25.089879635775507,100.0
2740,1,61.72728506315386,61.72728506315386,100.0
2740,2,13.18283530107063,13.18283530107063,100.0
2750,0,32.79889035481487,32.79889035481487,100.0
2750,1,34.42915743117857,34.42915743117857,100.0
2750,2,32.77195221400656,32.77195221400656,100.0
2760,0,51.03044744269917,51.03044744269917,100.0
2760,1,32.514064129067584,32.514064129067584,100.0
2760,2,16.45548842823326,16.45548842823326,100.0
2770,0,18.630818107371162,18.630818107371162,100.0
2770,1,60.24593228266875,60.24593228266875,100.0
2770,2,21.123249609960098,21.123249609960098,100.0
2780,0,37.182574452504966,37.182574452504966,100.0
2780,1,25.821123415558795,25.821123415558795,100.0
2780,2,36.99630213193624,36.99630213193624,100.0
2790,0,14.921632709988957,14.921632709988957,100.0
2790,1,12.849261228631685,12.849261228631685,100.0
2790,2,72.22910606137935,72.22910606137935,100.0
2800,0,29.11495421907136,29.11495421907136,100.0
2800,1,13.219362253509527,13.219362253509527,100.0
2800,2,57.66568352741912,57.66568352741912,100.0
2810,0,40.07799452716169,40.07799452716169,100.0
2810,1,26.87080096830971,26.87080096830971,100.0
2810,2,33.051204504528606,33.051204504528606,100.0
2820,0,19.344468429507707,19.344468429507707,100.0
2820,1,17.032582405462364,17.032582405462364,100.0
2820,2,63.62294916502993,63.62294916502993,100.0
2830,0,31.366324946096903,31.366324946096903,100.0
2830,1,38.52456880078999,38.52456880078999,100.0
2830,2,30.109106253113104,30.109106253113104,100.0
2840,0,18.534187600391405,18.534187600391405,100.0
2840,1,62.578172330128915,62.578172330128915,100.0
2840,2,18.887640069479676,18.887640069479676,100.0
2850,0,11.517260385816993,11.517260385816993,100.0
2850,1,11.82501378580522,11.82501378580522,100.0
2850,2,76.65772582837779,76.65772582837779,100.0
2860,0,51.293561713554524,51.293561713554524,100.0
2860,1,36.662483500959034,36.662483500959034,100.0
2860,2,12.043954785486441,12.043954785486441,100.0
2870,0,37.902457766616244,37.902457766616244,100.0
2870,1,22.597375191452194,22.597375191452194,100.0
2870,2,39.50016704193157,39.50016704193157,100.0
2880,0,39.45066754428756,39.45066754428756,100.0
2880,1,13.859143924830313,13.859143924830313,100.0
2880,2,46.69018853088213,46.69018853088213,100.0
2890,0,38.23676678550316,38.23676678550316,100.0
2890,1,23.70398382907811,23.70398382907811,100.0
2890,2,38.059249385418745,38.059249385418745,100.0
2900,0,66.70091990088565,66.70091990088565,100.0
2900,1,18.77871870272424,18.77871870272424,100.0
2900,2,14.520361396390118,14.520361396390118,100.0
2910,0,34.58357229215604,34.58357229215604,100.0
2910,1,31.37382113168404,31.37382113168404,100.0
2910,2,34.042606576159926,34.042606576159926,100.0
2920,0,21.787700647760296,21.787700647760296,100.0
2920,1,45.2520954507398,45.2520954507398,100.0
2920,2,32.9602039014999,32.9602039014999,100.0
2930,0,42.292539476961245,42.292539476961245,100.0
2930,1,24.744186593787994,24.744186593787994,100.0
2930,2,32.96327392925076,32.96327392925076,100.0
2940,0,18.921091935625732,18.921091935625732,100.0
2940,1,15.700048085803214,15.700048085803214,100.0
2940,2,65.37885997857104,65.37885997857104,100.0
2950,0,26.663056205551626,26.663056205551626,100.0
2950,1,23.966552892330945,23.966552892330945,100.0
2950,2,49.37039090211744,49.37039090211744,100.0
2960,0,18.311808145653394,18.311808145653394,100.0
2960,1,66.46958696720878,66.46958696720878,100.0
2960,2,15.218604887137824,15.218604887137824,100.0
2970,0,11.302988029174918,11.302988029174918,100.0
2970,1,14.00798810830456,14.00798810830456,100.0
2970,2,74.68902386252051,74.68902386252051,100.0
2980,0,13.812672970209391,13.812672970209391,100.0
2980,1,49.22887804858424,49.22887804858424,100.0
2980,2,36.95844898120638,36.95844898120638,100.0
2990,0,53.55780498609571,53.55780498609571,100.0
2990,1,29.662288588441804,29.662288588441804,100.0
2990,2,16.779906425462485,16.779906425462485,100.0
3000,0,15.424554649141362,15.424554649141362,100.0
3000,1,36.368118174390254,36.368118174390254,100.0
3000,2,48.207327176468375,48.207327176468375,100.0
3010,0,30.454692179591365,30.454692179591365,100.0
3010,1,34.882179481840325,34.882179481840325,100.0
3010,2,34.663128338568306,34.663128338568306,100.0
3020,0,72.06582902320471,72.06582902320471,100.0
3020,1,12.706770615170099,12.706770615170099,100.0
3020,2,15.227400361625188,15.227400361625188,100.0
3030,0,15.86420579291743,15.86420579291743,100.0
3030,1,13.596724628073256,13.596724628073256,100.0
3030,2,70.53906957900932,70.53906957900932,100.0
3040,0,24.050580469746325,24.050580469746325,100.0
3040,1,63.296451863341574,63.296451863341574,100.0
3040,2,12.652967666912096,12.652967666912096,100.0
3050,0,25.975612576015024,25.975612576015024,100.0
3050,1,45.878419985940525,45.878419985940525,100.0
3050,2,28.14596743804445,28.14596743804445,100.0
3060,0,40.48063347784938,40.48063347784938,100.0
3060,1,13.754251046597052,13.754251046597052,100.0
3060,2,45.76511547555357,45.76511547555357,100.0
3070,0,62.62129079922091,62.62129079922091,100.0
3070,1,20.482199820558282,20.482199820558282,100.0
3070,2,16.896509380220813,16.896509380220813,100.0
3080,0,37.588624068940014,37.588624068940014,100.0
3080,1,52.372174695146114,52.372174695146114,100.0
3080,2,10.039201235913882,10.039201235913882,100.0
3090,0,11.393931882954528,11.393931882954528,100.0
3090,1,11.756424831094446,11.756424831094446,100.0
3090,2,76.84964328595103,76.84964328595103,100.0
3100,0,55.032242203716685,55.032242203716685,100.0
3100,1,9.385529090384019,9.385529090384019,100.0
3100,2,35.5822287058993,35.5822287058993,100.0
3110,0,13.735781939535736,13.735781939535736,100.0
3110,1,48.93043457846324,48.93043457846324,100.0
3110,2,37.333783482001024,37.333783482001024,100.0
3120,0,37.77212210081765,37.77212210081765,100.0
3120,1,36.12726011836328,36.12726011836328,100.0
3120,2,26.10061778081908,26.10061778081908,100.0
3130,0,40.725897368531925,40.725897368531925,100.0
3130,1,21.617754921544517,21.617754921544517,100.0
3130,2,37.65634770992356,37.65634770992356,100.0
3140,0,8.72766050980355,8.72766050980355,100.0
3140,1,54.363480391686906,54.363480391686906,100.0
3140,2,36.90885909850956,36.90885909850956,100.0
3150,0,11.147195341710619,11.147195341710619,100.0
3150,1,11.060421468459202,11.060421468459202,100.0
3150,2,77.79238318983019,77.79238318983019,100.0
3160,0,25.833973774901775,25.833973774901775,100.0
3160,1,30.060394272631985,30.060394272631985,100.0
3160,2,44.10563195246625,44.10563195246625,100.0
3170,0,14.72515237397821,14.72515237397821,100.0
3170,1,46.346111125899434,46.346111125899434,100.0
3170,2,38.928736500122355,38.928736500122355,100.0
3180,0,25.97798413272059,25.97798413272059,100.0
3180,1,55.557873285427284,55.557873285427284,100.0
3180,2,18.464142581852137,18.464142581852137,100.0
3190,0,53.26259134727734,53.26259134727734,100.0
3190,1,20.21369953071629,20.21369953071629,100.0
3190,2,26.523709122006363,26.523709122006363,100.0
3200,0,37.03371356305822,37.03371356305822,100.0
3200,1,29.044790400693287,29.044790400693287,100.0
3200,2,33.9214960362485,33.9214960362485,100.0
3210,0,11.43139898583164,11.43139898583164,100.0
3210,1,10.986169809723279,10.986169809723279,100.0
3210,2,77.58243120444509,77.58243120444509,100.0
3220,0,38.93244737340846,38.93244737340846,100.0
3220,1,12.267193305315976,12.267193305315976,100.0
3220,2,48.80035932127556,48.80035932127556,100.0
3230,0,29.319817470519254,29.319817470519254,100.0
3230,1,52.57108004925629,52.57108004925629,100.0
3230,2,18.109102480224458,18.109102480224458,100.0
3240,0,9.963517434208333,9.963517434208333,100.0
3240,1,62.290522746256805,62.290522746256805,100.0
3240,2,27.74595981953486,27.74595981953486,100.0
3250,0,36.66570638738934,36.66570638738934,100.0
3250,1,23.49101317786053,23.49101317786053,100.0
3250,2,39.843280434750135,39.843280434750135,100.0
3260,0,16.895835781431266,16.895835781431266,100.0
3260,1,57.440562881088674,57.440562881088674,100.0
3260,2,25.663601337480056,25.663601337480056,100.0
3270,0,13.765022208164948,13.765022208164948,100.0
3270,1,13.935439186256596,13.935439186256596,100.0
3270,2,72.29953860557846,72.29953860557846,100.0
3280,0,14.976887872029945,14.976887872029945,100.0
3280,1,61.2099509065286,61.2099509065286,100.0
3280,2,23.813161221441465,23.813161221441465,100.0
3290,0,24.103810458351674,24.103810458351674,100.0
3290,1,42.60951564034706,42.60951564034706,100.0
3290,2,33.286673901301256,33.286673901301256,100.0
3300,0,13.2489418046468,13.2489418046468,100.0
3300,1,37.04955722308586,37.04955722308586,100.0
3300,2,49.70150097226734,49.70150097226734,100.0
3310,0,36.27168405901184,36.27168405901184,100.0
3310,1,23.675493263499586,23.675493263499586,100.0
3310,2,40.05282267748858,40.05282267748858,100.0
3320,0,50.00948434641038,50.00948434641038,100.0
3320,1,12.702116269754088,12.702116269754088,100.0
3320,2,37.28839938383553,37.28839938383553,100.0
3330,0,10.989210204589602,10.989210204589602,100.0
3330,1,15.585671088187478,15.585671088187478,100.0
3330,2,73.42511870722292,73.42511870722292,100.0
3340,0,28.453699141099374,28.453699141099374,100.0
3340,1,22.27065499308523,22.27065499308523,100.0
3340,2,49.275645865815385,49.275645865815385,100.0
3350,0,59.11946122142094,59.11946122142094,100.0
3350,1,10.554490523756641,10.554490523756641,100.0
3350,2,30.326048254822425,30.326048254822425,100.0
3360,0,45.858839600460804,45.858839600460804,100.0
3360,1,10.75828770441729,10.75828770441729,100.0
3360,2,43.382872695121904,43.382872695121904,100.0
3370,0,49.02029156940586,49.02029156940586,100.0
3370,1,15.888101916977151,15.888101916977151,100.0
3370,2,35.09160651361699,35.09160651361699,100.0
3380,0,18.030906608610778,18.030906608610778,100.0
3380,1,24.95196002816307,24.95196002816307,100.0
3380,2,57.017133363226144,57.017133363226144,100.0
3390,0,11.983554430493342,11.983554430493342,100.0
3390,1,11.005753743674275,11.005753743674275,100.0
3390,2,77.0106918258324,77.0106918258324,100.0
3400,0,12.58874895287356,12.58874895287356,100.0
3400,1,31.097896511281277,31.097896511281277,100.0
3400,2,56.313354535845164,56.313354535845164,100.0
3410,0,18.418379109941544,18.418379109941544,100.0
3410,1,37.99601923368716,37.99601923368716,100.0
3410,2,43.585601656371296,43.585601656371296,100.0
3420,0,50.7838517772065,50.7838517772065,100.0
3420,1,35.56629053600231,35.56629053600231,100.0
3420,2,13.649857686791192,13.649857686791192,100.0
3430,0,11.2221029329178,11.2221029329178,100.0
3430,1,28.91755245648945,28.91755245648945,100.0
3430,2,59.860344610592755,59.860344610592755,100.0
3440,0,65.91424701432825,65.91424701432825,100.0
3440,1,13.136002981012057,13.136002981012057,100.0
3440,2,20.94975000465969,20.94975000465969,100.0
3450,0,12.143661581400654,12.143661581400654,100.0
3450,1,15.964875114962563,15.964875114962563,100.0
3450,2,71.89146330363678,71.89146330363678,100.0
3460,0,59.92891231971351,59.92891231971351,100.0
3460,1,21.079703389161192,21.079703389161192,100.0
3460,2,18.991384291125307,18.991384291125307,100.0
3470,0,16.774538373752552,16.774538373752552,100.0
3470,1,47.017020762108125,47.017020762108125,100.0
3470,2,36.20844086413933,36.20844086413933,100.0
3480,0,41.92348479741167,41.92348479741167,100.0
3480,1,34.3399621519595,34.3399621519595,100.0
3480,2,23.736553050628846,23.736553050628846,100.0
3490,0,31.5591037461946,31.5591037461946,100.0
3490,1,47.54463402709581,47.54463402709581,100.0
3490,2,20.896262226709606,20.896262226709606,100.0
3500,0,50.1159723351717,50.1159723351717,100.0
3500,1,14.289471335108782,14.289471335108782,100.0
3500,2,35.594556329719516,35.594556329719516,100.0
3510,0,17.16910452326889,17.16910452326889,100.0
3510,1,17.481492668086577,17.481492668086577,100.0
3510,2,65.34940280864453,65.34940280864453,100.0
3520,0,40.399454179101646,40.399454179101646,100.0
3520,1,17.418828408776918,17.418828408776918,100.0
3520,2,42.181717412121436,42.181717412121436,100.0
3530,0,49.776952227132924,49.776952227132924,100.0
3530,1,27.084511108700205,27.084511108700205,100.0
3530,2,23.138536664166878,23.138536664166878,100.0
3540,0,58.27489101820393,58.27489101820393,100.0
3540,1,18.101462022092644,18.101462022092644,100.0
3540,2,23.62364695970343,23.62364695970343,100.0
3550,0,35.505548130523536,35.505548130523536,100.0
3550,1,17.71398350696889,17.71398350696889,100.0
3550,2,46.78046836250757,46.78046836250757,100.0
3560,0,38.1426733477101,38.1426733477101,100.0
3560,1,49.88949874246887,49.88949874246887,100.0
3560,2,11.967827909821017,11.967827909821017,100.0
3570,0,12.95585756548348,12.95585756548348,100.0
3570,1,11.373273823550543,11.373273823550543,100.0
3570,2,75.67086861096597,75.67086861096597,100.0
3580,0,47.824606965561934,47.824606965561934,100.0
3580,1,12.727186680265678,12.727186680265678,100.0
3580,2,39.448206354172385,39.448206354172385,100.0
3590,0,26.07830804873639,26.07830804873639,100.0
3590,1,57.38967461519577,57.38967461519577,100.0
3590,2,16.532017336067852,16.532017336067852,100.0
3600,0,47.11668361392473,47.11668361392473,100.0
3600,1,20.38642435177435,20.38642435177435,100.0
3600,2,32.49689203430093,32.49689203430093,100.0
3610,0,34.44660952678479,34.44660952678479,100.0
3610,1,35.22382639013655,35.22382639013655,100.0
3610,2,30.329564083078658,30.329564083078658,100.0
3620,0,10.542789416302698,10.542789416302698,100.0
3620,1,43.0730385339323,43.0730385339323,100.0
3620,2,46.384172049765,46.384172049765,100.0
3630,0,10.941269561123468,10.941269561123468,100.0
3630,1,10.86075926929255,10.86075926929255,100.0
3630,2,78.19797116958397,78.19797116958397,100.0
3640,0,11.089386768628117,11.089386768628117,100.0
3640,1,65.69890027156474,65.69890027156474,100.0
3640,2,23.211712959807148,23.211712959807148,100.0
3650,0,46.482913528052684,46.482913528052684,100.0
3650,1,12.58757159945692,12.58757159945692,100.0
3650,2,40.929514872490394,40.929514872490394,100.0
3660,0,69.02823008980619,69.02823008980619,100.0
3660,1,12.461831741936496,12.461831741936496,100.0
3660,2,18.509938168257328,18.509938168257328,100.0
3670,0,44.096198485149216,44.096198485149216,100.0
3670,1,9.478078030946026,9.478078030946026,100.0
3670,2,46.425723483904754,46.425723483904754,100.0
3680,0,15.48416347436855,15.48416347436855,100.0
3680,1,57.09616965995671,57.09616965995671,100.0
3680,2,27.419666865674735,27.419666865674735,100.0
3690,0,10.9034642585967,10.9034642585967,100.0
3690,1,10.957138360075882,10.957138360075882,100.0
3690,2,78.13939738132743,78.13939738132743,100.0
3700,0,57.67317802033806,57.67317802033806,100.0
3700,1,18.1426166281243,18.1426166281243,100.0
3700,2,24.184205351537653,24.184205351537653,100.0
3710,0,33.52011517210241,33.52011517210241,100.0
3710,1,22.78035573410517,22.78035573410517,100.0
3710,2,43.699529093792414,43.699529093792414,100.0
3720,0,16.782547505810783,16.782547505810783,100.0
3720,1,46.8478612806729,46.8478612806729,100.0
3720,2,36.369591213516316,36.369591213516316,100.0
3730,0,35.313450051159194,35.313450051159194,100.0
3730,1,25.805416102069785,25.805416102069785,100.0
3730,2,38.881133846771014,38.881133846771014,100.0
3740,0,10.455520696740898,10.455520696740898,100.0
3740,1,34.09405888657553,34.09405888657553,100.0
3740,2,55.45042041668358,55.45042041668358,100.0
3750,0,10.83864142182323,10.83864142182323,100.0
3750,1,12.278152734134412,12.278152734134412,100.0
3750,2,76.88320584404235,76.88320584404235,100.0
3760,0,28.775210604643476,28.775210604643476,100.0
3760,1,11.583962809556622,11.583962809556622,100.0
3760,2,59.640826585799914,59.640826585799914,100.0
3770,0,34.4351027458538,34.4351027458538,100.0
3770,1,49.938765338110855,49.938765338110855,100.0
3770,2,15.626131916035362,15.626131916035362,100.0
3780,0,48.73838877834008,48.73838877834008,100.0
3780,1,9.623462191157769,9.623462191157769,100.0
3780,2,41.638149030502156,41.638149030502156,100.0
3790,0,13.41575130215249,13.41575130215249,100.0
3790,1,39.90316670394268,39.90316670394268,100.0
3790,2,46.681081993904826,46.681081993904826,100.0
3800,0,22.211234675933227,22.211234675933227,100.0
3800,1,27.373566842523296,27.373566842523296,100.0
3800,2,50.41519848154348,50.41519848154348,100.0
3810,0,12.281739620259255,12.281739620259255,100.0
3810,1,10.58885297196663,10.58885297196663,100.0
3810,2,77.12940740777411,77.12940740777411,100.0
3820,0,38.87536811332171,38.87536811332171,100.0
3820,1,36.332919396082346,36.332919396082346,100.0
3820,2,24.79171249059594,24.79171249059594,100.0
3830,0,43.60556779348439,43.60556779348439,100.0
3830,1,20.659566321782236,20.659566321782236,100.0
3830,2,35.73486588473338,35.73486588473338,100.0
3840,0,39.92752943116074,39.92752943116074,100.0
3840,1,12.571937754513796,12.571937754513796,100.0
3840,2,47.50053281432546,47.50053281432546,100.0
3850,0,27.00853071455765,27.00853071455765,100.0
3850,1,60.51581494760525,60.51581494760525,100.0
3850,2,12.475654337837112,12.475654337837112,100.0
3860,0,19.9340045297054,19.9340045297054,100.0
3860,1,43.932869022865454,43.932869022865454,100.0
3860,2,36.13312644742915,36.13312644742915,100.0
3870,0,10.960798835250337,10.960798835250337,100.0
3870,1,10.962659632940714,10.962659632940714,100.0
3870,2,78.07654153180896,78.07654153180896,100.0
3880,0,35.57134722827161,35.57134722827161,100.0
3880,1,32.777780035435214,32.777780035435214,100.0
3880,2,31.650872736293188,31.650872736293188,100.0
3890,0,32.08536535233613,32.08536535233613,100.0
3890,1,54.242945678788004,54.242945678788004,100.0
3890,2,13.671688968875873,13.671688968875873,100.0
3900,0,27.82577909190086,27.82577909190086,100.0
3900,1,59.38047320717544,59.38047320717544,100.0
3900,2,12.793747700923703,12.793747700923703,100.0
3910,0,15.37703349914784,15.37703349914784,100.0
3910,1,72.13560281754685,72.13560281754685,100.0
3910,2,12.487363683305302,12.487363683305302,100.0
3920,0,16.027827805324275,16.027827805324275,100.0
3920,1,50.523452970028714,50.523452970028714,100.0
3920,2,33.44871922464701,33.44871922464701,100.0
3930,0,13.354328474165683,13.354328474165683,100.0
3930,1,11.302714573709306,11.302714573709306,100.0
3930,2,75.34295695212501,75.34295695212501,100.0
3940,0,64.73357765858019,64.73357765858019,100.0
3940,1,15.766421831613547,15.766421831613547,100.0
3940,2,19.500000509806277,19.500000509806277,100.0
3950,0,14.378822740792913,14.378822740792913,100.0
3950,1,29.315856677418754,29.315856677418754,100.0
3950,2,56.30532058178833,56.30532058178833,100.0
3960,0,58.01810175512784,58.01810175512784,100.0
3960,1,15.641423838464416,15.641423838464416,100.0
3960,2,26.340474406407736,26.340474406407736,100.0
3970,0,47.412974686490415,47.412974686490415,100.0
3970,1,14.523241335004776,14.523241335004776,100.0
3970,2,38.06378397850481,38.06378397850481,100.0
3980,0,35.00055033817792,35.00055033817792,100.0
3980,1,12.296431449631582,12.296431449631582,100.0
3980,2,52.7030182121905,52.7030182121905,100.0
3990,0,12.209501884609711,12.209501884609711,100.0
3990,1,12.023815439169537,12.023815439169537,100.0
3990,2,75.76668267622075,75.76668267622075,100.0
4000,0,29.070602578848963,29.070602578848963,100.0
4000,1,47.438777228318244,47.438777228318244,100.0
4000,2,23.490620192832797,23.490620192832797,100.0
4010,0,54.499192190171556,54.499192190171556,100.0
4010,1,31.781266218378008,31.781266218378008,100.0
4010,2,13.71954159145045,13.71954159145045,100.0
4020,0,49.84521278262295,49.84521278262295,100.0
4020,1,11.31168599495711,11.31168599495711,100.0
4020,2,38.84310122241994,38.84310122241994,100.0
4030,0,43.74139279050164,43.74139279050164,100.0
4030,1,39.15920772643655,39.15920772643655,100.0
4030,2,17.099399483061813,17.099399483061813,100.0
4040,0,36.3949592594775,36.3949592594775,100.0
4040,1,23.245055555022624,23.245055555022624,100.0
4040,2,40.35998518549988,40.35998518549988,100.0
4050,0,14.66090921643843,14.66090921643843,100.0
4050,1,15.69871277367124,15.69871277367124,100.0
4050,2,69.64037800989034,69.64037800989034,100.0
4060,0,40.58055547151852,40.58055547151852,100.0
4060,1,20.21056685384024,20.21056685384024,100.0
4060,2,39.208877674641236,39.208877674641236,100.0
4070,0,44.07106025924901,44.07106025924901,100.0
4070,1,22.715961230229908,22.715961230229908,100.0
4070,2,33.2129785105211,33.2129785105211,100.0
4080,0,47.24346904039072,47.24346904039072,100.0
4080,1,16.39384197919915,16.39384197919915,100.0
4080,2,36.362688980410134,36.362688980410134,100.0
4090,0,19.04982566305555,19.04982566305555,100.0
4090,1,25.685856863554136,25.685856863554136,100.0
4090,2,55.264317473390314,55.264317473390314,100.0
4100,0,40.89804176520945,40.89804176520945,100.0
4100,1,11.038828787805297,11.038828787805297,100.0
4100,2,48.06312944698526,48.06312944698526,100.0
4110,0,10.953406624754985,10.953406624754985,100.0
4110,1,13.173430141594958,13.173430141594958,100.0
4110,2,75.87316323365006,75.87316323365006,100.0
4120,0,43.10394848654113,43.10394848654113,100.0
4120,1,23.264680937693907,23.264680937693907,100.0
4120,2,33.631370575764954,33.631370575764954,100.0
4130,0,30.45317031351946,30.45317031351946,100.0
4130,1,25.130936638880662,25.130936638880662,100.0
4130,2,44.41589304759989,44.41589304759989,100.0
4140,0,45.02851075474938,45.02851075474938,100.0
4140,1,14.481043062225552,14.481043062225552,100.0
4140,2,40.49044618302507,40.49044618302507,100.0
4150,0,54.762985225853086,54.762985225853086,100.0
4150,1,34.09639166222992,34.09639166222992,100.0
4150,2,11.140623111917007,11.140623111917007,100.0
4160,0,54.752605665738244,54.752605665738244,100.0
4160,1,34.883701444390205,34.883701444390205,100.0
4160,2,10.363692889871555,10.363692889871555,100.0
4170,0,18.19336846048035,18.19336846048035,100.0
4170,1,11.134807975033233,11.134807975033233,100.0
4170,2,70.67182356448643,70.67182356448643,100.0
4180,0,45.267057108278316,45.267057108278316,100.0
4180,1,27.956700303040222,27.956700303040222,100.0
4180,2,26.776242588681466,26.776242588681466,100.0
4190,0,18.048441297153293,18.048441297153293,100.0
4190,1,44.95287652179636,44.95287652179636,100.0
4190,2,36.99868218105034,36.99868218105034,100.0
4200,0,31.852597229515723,31.852597229515723,100.0
4200,1,22.86975693856528,22.86975693856528,100.0
4200,2,45.277645831918996,45.277645831918996,100.0
4210,0,44.1477240165219,44.1477240165219,100.0
4210,1,37.14276705228001,37.14276705228001,100.0
4210,2,18.7095089311981,18.7095089311981,100.0
4220,0,17.252589226885725,17.252589226885725,100.0
4220,1,15.271751444061193,15.271751444061193,100.0
4220,2,67.47565932905309,67.47565932905309,100.0
4230,0,12.651485046886851,12.651485046886851,100.0
4230,1,11.679055980415537,11.679055980415537,100.0
4230,2,75.66945897269761,75.66945897269761,100.0
4240,0,20.695443553608314,20.695443553608314,100.0
4240,1,35.06681638991142,35.06681638991142,100.0
4240,2,44.23774005648028,44.23774005648028,100.0
4250,0,22.460710810133254,22.460710810133254,100.0
4250,1,21.232531806454134,21.232531806454134,100.0
4250,2,56.30675738341261,56.30675738341261,100.0
4260,0,48.743891969267544,48.743891969267544,100.0
4260,1,42.76471595862811,42.76471595862811,100.0
4260,2,8.491392072104343,8.491392072104343,100.0
4270,0,25.731868035438215,25.731868035438215,100.0
4270,1,31.99629739483676,31.99629739483676,100.0
4270,2,42.271834569725016,42.271834569725016,100.0
4280,0,12.423731972797759,12.423731972797759,100.0
4280,1,65.59396369508713,65.59396369508713,100.0
4280,2,21.982304332115127,21.982304332115127,100.0
4290,0,10.8188196613595,10.8188196613595,100.0
4290,1,11.02238334327425,11.02238334327425,100.0
4290,2,78.15879699536626,78.15879699536626,100.0
4300,0,11.60145805673915,11.60145805673915,100.0
4300,1,57.17477546612919,57.17477546612919,100.0
4300,2,31.223766477131658,31.223766477131658,100.0
4310,0,38.62692957444812,38.62692957444812,100.0
4310,1,7.99270167060263,7.99270167060263,100.0
4310,2,53.380368754949245,53.380368754949245,100.0
4320,0,31.32542485526666,31.32542485526666,100.0
4320,1,18.66615464391997,18.66615464391997,100.0
4320,2,50.00842050081338,50.00842050081338,100.0
4330,0,17.19552680303359,17.19552680303359,100.0
4330,1,55.459953688722955,55.459953688722955,100.0
4330,2,27.344519508243447,27.344519508243447,100.0
4340,0,31.137721376299645,31.137721376299645,100.0
4340,1,19.84296479779466,19.84296479779466,100.0
4340,2,49.01931382590569,49.01931382590569,100.0
4350,0,26.346405178441035,26.346405178441035,100.0
4350,1,28.489718464350904,28.489718464350904,100.0
4350,2,45.16387635720807,45.16387635720807,100.0
4360,0,10.923036134110776,10.923036134110776,100.0
4360,1,57.28553427696031,57.28553427696031,100.0
4360,2,31.791429588928917,31.791429588928917,100.0
4370,0,14.628053784179832,14.628053784179832,100.0
4370,1,48.17457043906282,48.17457043906282,100.0
4370,2,37.197375776757355,37.197375776757355,100.0
4380,0,26.46428507864742,26.46428507864742,100.0
4380,1,21.783018294720456,21.783018294720456,100.0
4380,2,51.75269662663213,51.75269662663213,100.0
4390,0,46.12563524767847,46.12563524767847,100.0
4390,1,37.313809382159754,37.313809382159754,100.0
4390,2,16.56055537016178,16.56055537016178,100.0
4400,0,21.53585328189091,21.53585328189091,100.0
4400,1,32.07601691563588,32.07601691563588,100.0
4400,2,46.3881298024732,46.3881298024732,100.0
4410,0,11.242068195358785,11.242068195358785,100.0
4410,1,11.113338803000032,11.113338803000032,100.0
4410,2,77.64459300164118,77.64459300164118,100.0
4420,0,53.64384453470868,53.64384453470868,100.0
4420,1,19.478526543342355,19.478526543342355,100.0
4420,2,26.877628921948972,26.877628921948972,100.0
4430,0,31.03727827294145,31.03727827294145,100.0
4430,1,15.621488040473821,15.621488040473821,100.0
4430,2,53.34123368658473,53.34123368658473,100.0
4440,0,48.28107590971539,48.28107590971539,100.0
4440,1,17.75944031068536,17.75944031068536,100.0
4440,2,33.95948377959925,33.95948377959925,100.0
4450,0,12.432595619061654,12.432595619061654,100.0
4450,1,72.26603048656749,72.26603048656749,100.0
4450,2,15.301373894370851,15.301373894370851,100.0
4460,0,19.273439903167763,19.273439903167763,100.0
4460,1,53.74918157873642,53.74918157873642,100.0
4460,2,26.97737851809581,26.97737851809581,100.0
4470,0,15.282481143436083,15.282481143436083,100.0
4470,1,14.897845820126665,14.897845820126665,100.0
4470,2,69.81967303643725,69.81967303643725,100.0
4480,0,12.052602593958534,12.052602593958534,100.0
4480,1,19.434625264746717,19.434625264746717,100.0
4480,2,68.51277214129475,68.51277214129475,100.0
4490,0,22.18229711731943,22.18229711731943,100.0
4490,1,54.31885419797605,54.31885419797605,100.0
4490,2,23.498848684704523,23.498848684704523,100.0
4500,0,20.6016102925237,20.6016102925237,100.0
4500,1,51.00392030285826,51.00392030285826,100.0
4500,2,28.394469404618043,28.394469404618043,100.0
4510,0,54.22953910691214,54.22953910691214,100.0
4510,1,30.026508379144918,30.026508379144918,100.0
4510,2,15.743952513942947,15.743952513942947,100.0
4520,0,15.050856140850513,15.050856140850513,100.0
4520,1,29.426156014661036,29.426156014661036,100.0
4520,2,55.52298784448845,55.52298784448845,100.0
4530,0,11.321955894903354,11.321955894903354,100.0
4530,1,11.357501473096248,11.357501473096248,100.0
4530,2,77.3205426320004,77.3205426320004,100.0
4540,0,43.079521056948515,43.079521056948515,100.0
4540,1,40.36279995925045,40.36279995925045,100.0
4540,2,16.55767898380104,16.55767898380104,100.0
4550,0,51.934499589783364,51.934499589783364,100.0
4550,1,22.2954207645162,22.2954207645162,100.0
4550,2,25.770079645700438,25.770079645700438,100.0
4560,0,39.6375620038997,39.6375620038997,100.0
4560,1,29.6358132079577,29.6358132079577,100.0
4560,2,30.726624788142594,30.726624788142594,100.0
4570,0,17.135317139636665,17.135317139636665,100.0
4570,1,28.704703409034494,28.704703409034494,100.0
4570,2,54.159979451328844,54.159979451328844,100.0
4580,0,18.058308023705496,18.058308023705496,100.0
4580,1,45.4600890237972,45.4600890237972,100.0
4580,2,36.48160295249731,36.48160295249731,100.0
4590,0,11.685241196359552,11.685241196359552,100.0
4590,1,12.014802699468737,12.014802699468737,100.0
4590,2,76.29995610417171,76.29995610417171,100.0
4600,0,47.26880433339085,47.26880433339085,100.0
4600,1,34.4724745044034,34.4724745044034,100.0
4600,2,18.258721162205745,18.258721162205745,100.0
4610,0,51.58722374801029,51.58722374801029,100.0
4610,1,21.527397358553248,21.527397358553248,100.0
4610,2,26.885378893436457,26.885378893436457,100.0
4620,0,14.818897665343457,14.818897665343457,100.0
4620,1,12.469849554999007,12.469849554999007,100.0
4620,2,72.71125277965753,72.71125277965753,100.0
4630,0,29.883293664437254,29.883293664437254,100.0
4630,1,29.27326169049555,29.27326169049555,100.0
4630,2,40.8434446450672,40.8434446450672,100.0
4640,0,17.71934382595315,17.71934382595315,100.0
4640,1,45.67375635165724,45.67375635165724,100.0
4640,2,36.60689982238961,36.60689982238961,100.0
4650,0,11.061237358609915,11.061237358609915,100.0
4650,1,11.094408968503187,11.094408968503187,100.0
4650,2,77.8443536728869,77.8443536728869,100.0
4660,0,33.873421193771804,33.873421193771804,100.0
4660,1,19.77416300326295,19.77416300326295,100.0
4660,2,46.35241580296525,46.35241580296525,100.0
4670,0,43.59123394863544,43.59123394863544,100.0
4670,1,27.129111840817416,27.129111840817416,100.0
4670,2,29.279654210547157,29.279654210547157,100.0
4680,0,31.826636410783156,31.826636410783156,100.0
4680,1,54.31005203048521,54.31005203048521,100.0
4680,2,13.863311558731642,13.863311558731642,100.0
4690,0,36.29998334812419,36.29998334812419,100.0
4690,1,32.97738538479912,32.97738538479912,100.0
4690,2,30.722631267076693,30.722631267076693,100.0
4700,0,33.832178969596235,33.832178969596235,100.0
4700,1,26.582288358100126,26.582288358100126,100.0
4700,2,39.58553267230365,39.58553267230365,100.0
4710,0,14.629439986043863,14.629439986043863,100.0
4710,1,14.3058692329106,14.3058692329106,100.0
4710,2,71.06469078104554,71.06469078104554,100.0
4720,0,30.972056011037164,30.972056011037164,100.0
4720,1,46.041419862230725,46.041419862230725,100.0
4720,2,22.986524126732117,22.986524126732117,100.0
4730,0,38.641385340702776,38.641385340702776,100.0
4730,1,24.69067377824657,24.69067377824657,100.0
4730,2,36.66794088105066,36.66794088105066,100.0
4740,0,61.19487095936486,61.19487095936486,100.0
4740,1,20.648629550004276,20.648629550004276,100.0
4740,2,18.156499490630857,18.156499490630857,100.0
4750,0,30.100165515996984,30.100165515996984,100.0
4750,1,34.93709424407802,34.93709424407802,100.0
4750,2,34.96274023992499,34.96274023992499,100.0
4760,0,17.501176804103814,17.501176804103814,100.0
4760,1,66.36996665047778,66.36996665047778,100.0
4760,2,16.1288565454184,16.1288565454184,100.0
4770,0,13.352435405842908,13.352435405842908,100.0
4770,1,11.967730285193296,11.967730285193296,100.0
4770,2,74.6798343089638,74.6798343089638,100.0
4780,0,48.41672041218917,48.41672041218917,100.0
4780,1,13.217227720645367,13.217227720645367,100.0
4780,2,38.366051867165474,38.366051867165474,100.0
4790,0,36.07990673308902,36.07990673308902,100.0
4790,1,25.33983271439449,25.33983271439449,100.0
4790,2,38.580260552516506,38.580260552516506,100.0
4800,0,46.76623298415255,46.76623298415255,100.0
4800,1,34.43072682221073,34.43072682221073,100.0
4800,2,18.803040193636722,18.803040193636722,100.0
4810,0,17.48005934195637,17.48005934195637,100.0
4810,1,47.04402247826593,47.04402247826593,100.0
4810,2,35.47591817977769,35.47591817977769,100.0
4820,0,69.21540734853325,69.21540734853325,100.0
4820,1,13.812878647254708,13.812878647254708,100.0
4820,2,16.97171400421204,16.97171400421204,100.0
4830,0,18.703804550140855,18.703804550140855,100.0
4830,1,19.945748013391075,19.945748013391075,100.0
4830,2,61.35044743646807,61.35044743646807,100.0
4840,0,40.43750946022217,40.43750946022217,100.0
4840,1,12.23429018655134,12.23429018655134,100.0
4840,2,47.3282003532265,47.3282003532265,100.0
4850,0,31.057599506509426,31.057599506509426,100.0
4850,1,27.43783361781096,27.43783361781096,100.0
4850,2,41.50456687567962,41.50456687567962,100.0
4860,0,12.717016376669324,12.717016376669324,100.0
4860,1,13.646695857757665,13.646695857757665,100.0
4860,2,73.63628776557302,73.63628776557302,100.0
4870,0,23.866350295931447,23.866350295931447,100.0
4870,1,30.67760580848874,30.67760580848874,100.0
4870,2,45.45604389557982,45.45604389557982,100.0
4880,0,44.57407496355987,44.57407496355987,100.0
4880,1,26.664320709984697,26.664320709984697,100.0
4880,2,28.76160432645543,28.76160432645543,100.0
4890,0,13.531677203506632,13.531677203506632,100.0
4890,1,12.716999752607382,12.716999752607382,100.0
4890,2,73.75132304388599,73.75132304388599,100.0
4900,0,27.76475414627709,27.76475414627709,100.0
4900,1,31.775933534665484,31.775933534665484,100.0
4900,2,40.45931231905741,40.45931231905741,100.0
4910,0,43.49841500621946,43.49841500621946,100.0
4910,1,36.53248273839553,36.53248273839553,100.0
4910,2,19.969102255385017,19.969102255385017,100.0
4920,0,40.44744855256794,40.44744855256794,100.0
4920,1,32.29659728456764,32.29659728456764,100.0
4920,2,27.25595416286441,27.25595416286441,100.0
4930,0,36.15151995819545,36.15151995819545,100.0
4930,1,38.23585223053805,38.23585223053805,100.0
4930,2,25.612627811266492,25.612627811266492,100.0
4940,0,59.85555977707007,59.85555977707007,100.0
4940,1,19.212403656269206,19.212403656269206,100.0
4940,2,20.932036566660734,20.932036566660734,100.0
4950,0,18.91964003855839,18.91964003855839,100.0
4950,1,33.576912706222494,33.576912706222494,100.0
4950,2,47.50344725521912,47.50344725521912,100.0
4960,0,16.381062589318283,16.381062589318283,100.0
4960,1,29.442467134085863,29.442467134085863,100.0
4960,2,54.17647027659586,54.17647027659586,100.0
4970,0,23.300401099752712,23.300401099752712,100.0
4970,1,52.122185219009886,52.122185219009886,100.0
4970,2,24.5774136812374,24.5774136812374,100.0
4980,0,15.613483099190953,15.613483099190953,100.0
4980,1,18.88561005440719,18.88561005440719,100.0
4980,2,65.50090684640186,65.50090684640186,100.0
4990,0,21.94887458686107,21.94887458686107,100.0
4990,1,55.355122085686446,55.355122085686446,100.0
4990,2,22.696003327452484,22.696003327452484,100.0
5000,0,43.126432804954355,43.126432804954355,100.0
5000,1,26.952075348076583,26.952075348076583,100.0
5000,2,29.921491846969055,29.921491846969055,100.0
5010,0,12.61478854456458,12.61478854456458,100.0
5010,1,11.826948437416823,11.826948437416823,100.0
5010,2,75.55826301801861,75.55826301801861,100.0
5020,0,29.36578160177748,29.36578160177748,100.0
5020,1,38.836844342024534,38.836844342024534,100.0
5020,2,31.797374056197985,31.797374056197985,100.0
5030,0,39.746203194418776,39.746203194418776,100.0
5030,1,20.7515537056536,20.7515537056536,100.0
5030,2,39.50224309992762,39.50224309992762,100.0
5040,0,42.166206120600954,42.166206120600954,100.0
5040,1,8.070005182103806,8.070005182103806,100.0
5040,2,49.76378869729525,49.76378869729525,100.0
5050,0,48.79388414453776,48.79388414453776,100.0
5050,1,22.55870701308802,22.55870701308802,100.0
5050,2,28.647408842374222,28.647408842374222,100.0
5060,0,49.3310633814806,49.3310633814806,100.0
5060,1,11.619412541394551,11.619412541394551,100.0
5060,2,39.04952407712486,39.04952407712486,100.0
5070,0,34.34523749374417,34.34523749374417,100.0
5070,1,12.079721392364402,12.079721392364402,100.0
5070,2,53.57504111389143,53.57504111389143,100.0
5080,0,19.70915581214806,19.70915581214806,100.0
5080,1,67.43722423110238,67.43722423110238,100.0
5080,2,12.85361995674957,12.85361995674957,100.0
5090,0,46.81708566146823,46.81708566146823,100.0
5090,1,22.209049559890467,22.209049559890467,100.0
5090,2,30.973864778641303,30.973864778641303,100.0
5100,0,34.08001369872249,34.08001369872249,100.0
5100,1,32.727436771689014,32.727436771689014,100.0
5100,2,33.1925495295885,33.1925495295885,100.0
5110,0,24.62204566758021,24.62204566758021,100.0
5110,1,39.43744850022633,39.43744850022633,100.0
5110,2,35.94050583219345,35.94050583219345,100.0
5120,0,9.204439713005712,9.204439713005712,100.0
5120,1,54.854919471216576,54.854919471216576,100.0
5120,2,35.94064081577771,35.94064081577771,100.0
5130,0,11.818911567242834,11.818911567242834,100.0
5130,1,11.464320100925864,11.464320100925864,100.0
5130,2,76.7167683318313,76.7167683318313,100.0
5140,0,26.195599975257274,26.195599975257274,100.0
5140,1,44.89882272628591,44.89882272628591,100.0
5140,2,28.905577298456812,28.905577298456812,100.0
5150,0,50.832670934457944,50.832670934457944,100.0
5150,1,10.923615629408816,10.923615629408816,100.0
5150,2,38.243713436133234,38.243713436133234,100.0
5160,0,43.85172471089412,43.85172471089412,100.0
5160,1,35.61146996579484,35.61146996579484,100.0
5160,2,20.53680532331104,20.53680532331104,100.0
5170,0,19.69822538885351,19.69822538885351,100.0
5170,1,23.02527495846764,23.02527495846764,100.0
5170,2,57.27649965267885,57.27649965267885,100.0
5180,0,43.37487542806444,43.37487542806444,100.0
5180,1,31.26619551569661,31.26619551569661,100.0
5180,2,25.35892905623896,25.35892905623896,100.0
5190,0,21.169316261996464,21.169316261996464,100.0
5190,1,10.830919719506154,10.830919719506154,100.0
5190,2,67.99976401849739,67.99976401849739,100.0
5200,0,24.983478625240473,24.983478625240473,100.0
5200,1,32.99997819544765,32.99997819544765,100.0
5200,2,42.01654317931187,42.01654317931187,100.0
5210,0,38.615125126879434,38.615125126879434,100.0
5210,1,11.019356980697715,11.019356980697715,100.0
5210,2,50.36551789242285,50.36551789242285,100.0
5220,0,25.933420901816355,25.933420901816355,100.0
5220,1,30.56865531355917,30.56865531355917,100.0
5220,2,43.497923784624476,43.497923784624476,100.0
5230,0,53.19436636991546,53.19436636991546,100.0
5230,1,27.368795994921214,27.368795994921214,100.0
5230,2,19.43683763516333,19.43683763516333,100.0
5240,0,54.42665060439039,54.42665060439039,100.0
5240,1,15.078836858000516,15.078836858000516,100.0
5240,2,30.494512537609094,30.494512537609094,100.0
5250,0,16.50055536815366,16.50055536815366,100.0
5250,1,16.22795214545514,16.22795214545514,100.0
5250,2,67.27149248639121,67.27149248639121,100.0
5260,0,25.694260413361334,25.694260413361334,100.0
5260,1,47.40366871990302,47.40366871990302,100.0
5260,2,26.902070866735638,26.902070866735638,100.0
5270,0,32.513557763221876,32.513557763221876,100.0
5270,1,37.511831733593496,37.511831733593496,100.0
5270,2,29.97461050318463,29.97461050318463,100.0
5280,0,16.143915802629287,16.143915802629287,100.0
5280,1,24.456095013421066,24.456095013421066,100.0
5280,2,59.39998918394965,59.39998918394965,100.0
5290,0,25.407652074452187,25.407652074452187,100.0
5290,1,46.0911320550549,46.0911320550549,100.0
5290,2,28.501215870492906,28.501215870492906,100.0
5300,0,19.012073805319858,19.012073805319858,100.0
5300,1,58.83304424073711,58.83304424073711,100.0
5300,2,22.15488195394304,22.15488195394304,100.0
5310,0,11.697634696516186,11.697634696516186,100.0
5310,1,11.985863862201676,11.985863862201676,100.0
5310,2,76.31650144128214,76.31650144128214,100.0
5320,0,22.21342493649716,22.21342493649716,100.0
5320,1,14.319047717698128,14.319047717698128,100.0
5320,2,63.46752734580471,63.46752734580471,100.0
5330,0,29.45146129226038,29.45146129226038,100.0
5330,1,24.322245866426382,24.322245866426382,100.0
5330,2,46.226292841313246,46.226292841313246,100.0
5340,0,30.662604031531345,30.662604031531345,100.0
5340,1,32.399507759421134,32.399507759421134,100.0
5340,2,36.937888209047514,36.937888209047514,100.0
5350,0,27.403114322378393,27.403114322378393,100.0
5350,1,23.710134822412197,23.710134822412197,100.0
5350,2,48.88675085520942,48.88675085520942,100.0
5360,0,32.983218101635245,32.983218101635245,100.0
5360,1,18.824815740754154,18.824815740754154,100.0
5360,2,48.19196615761061,48.19196615761061,100.0
5370,0,10.72217082598394,10.72217082598394,100.0
5370,1,11.501781328290765,11.501781328290765,100.0
5370,2,77.77604784572529,77.77604784572529,100.0
5380,0,30.663028084080814,30.663028084080814,100.0
5380,1,18.633408848063375,18.633408848063375,100.0
5380,2,50.703563067855804,50.703563067855804,100.0
5390,0,27.78524752362463,27.78524752362463,100.0
5390,1,22.51970304604838,22.51970304604838,100.0
5390,2,49.69504943032698,49.69504943032698,100.0
5400,0,19.82884759251775,19.82884759251775,100.0
5400,1,33.37314174912239,33.37314174912239,100.0
5400,2,46.79801065835985,46.79801065835985,100.0
5410,0,64.44445177321218,64.44445177321218,100.0
5410,1,23.928852118926706,23.928852118926706,100.0
5410,2,11.626696107861125,11.626696107861125,100.0
5420,0,41.53577518079985,41.53577518079985,100.0
5420,1,12.02886044776926,12.02886044776926,100.0
5420,2,46.435364371430886,46.435364371430886,100.0
5430,0,13.104954702153476,13.104954702153476,100.0
5430,1,15.541830390903158,15.541830390903158,100.0
5430,2,71.35321490694336,71.35321490694336,100.0
5440,0,26.05444573861463,26.05444573861463,100.0
5440,1,29.420770453598273,29.420770453598273,100.0
5440,2,44.5247838077871,44.5247838077871,100.0
5450,0,42.16488071190103,42.16488071190103,100.0
5450,1,43.73683237335784,43.73683237335784,100.0
5450,2,14.098286914741143,14.098286914741143,100.0
5460,0,42.3292431868882,42.3292431868882,100.0
5460,1,23.437399895056927,23.437399895056927,100.0
5460,2,34.233356918054874,34.233356918054874,100.0
5470,0,18.152941809556218,18.152941809556218,100.0
5470,1,40.60688279979775,40.60688279979775,100.0
5470,2,41.240175390646044,41.240175390646044,100.0
5480,0,63.82016751428604,63.82016751428604,100.0
5480,1,18.52849728427348,18.52849728427348,100.0
5480,2,17.651335201440475,17.651335201440475,100.0
5490,0,19.00174441449602,19.00174441449602,100.0
5490,1,16.78628801947559,16.78628801947559,100.0
5490,2,64.21196756602839,64.21196756602839,100.0
5500,0,10.626062868527837,10.626062868527837,100.0
5500,1,48.01602588761452,48.01602588761452,100.0
5500,2,41.35791124385765,41.35791124385765,100.0
5510,0,34.54760962241675,34.54760962241675,100.0
5510,1,24.40272902874239,24.40272902874239,100.0
5510,2,41.04966134884087,41.04966134884087,100.0
5520,0,38.738110849791326,38.738110849791326,100.0
5520,1,16.264809701843323,16.264809701843323,100.0
5520,2,44.99707944836535,44.99707944836535,100.0
5530,0,35.16663910715594,35.16663910715594,100.0
5530,1,50.1192026349662,50.1192026349662,100.0
5530,2,14.714158257877862,14.714158257877862,100.0
5540,0,35.3588370108568,35.3588370108568,100.0
5540,1,11.878745896966073,11.878745896966073,100.0
5540,2,52.76241709217713,52.76241709217713,100.0
5550,0,18.970054154243893,18.970054154243893,100.0
5550,1,17.2208130037354,17.2208130037354,100.0
5550,2,63.8091328420207,63.8091328420207,100.0
5560,0,35.05106989620169,35.05106989620169,100.0
5560,1,21.47725587273788,21.47725587273788,100.0
5560,2,43.471674231060426,43.471674231060426,100.0
5570,0,30.38968299376139,30.38968299376139,100.0
5570,1,38.98326395073944,38.98326395073944,100.0
5570,2,30.627053055499164,30.627053055499164,100.0
5580,0,49.00560602172463,49.00560602172463,100.0
5580,1,24.50206725800151,24.50206725800151,100.0
5580,2,26.492326720273855,26.492326720273855,100.0
5590,0,27.501003822049956,27.501003822049956,100.0
5590,1,15.886485088177798,15.886485088177798,100.0
5590,2,56.61251108977224,56.61251108977224,100.0
5600,0,42.55953340146693,42.55953340146693,100.0
5600,1,25.716485203046442,25.716485203046442,100.0
5600,2,31.72398139548663,31.72398139548663,100.0
5610,0,11.224491507568967,11.224491507568967,100.0
5610,1,12.3177472181812,12.3177472181812,100.0
5610,2,76.45776127424983,76.45776127424983,100.0
5620,0,32.76826606684576,32.76826606684576,100.0
5620,1,36.22107009029292,36.22107009029292,100.0
5620,2,31.010663842861312,31.010663842861312,100.0
5630,0,26.506348488151723,26.506348488151723,100.0
5630,1,50.56488292221136,50.56488292221136,100.0
5630,2,22.928768589636924,22.928768589636924,100.0
5640,0,25.01784986243652,25.01784986243652,100.0
5640,1,22.540419190610876,22.540419190610876,100.0
5640,2,52.4417309469526,52.4417309469526,100.0
5650,0,17.346087645641028,17.346087645641028,100.0
5650,1,62.84759275358596,62.84759275358596,100.0
5650,2,19.80631960077301,19.80631960077301,100.0
5660,0,46.226914141219375,46.226914141219375,100.0
5660,1,15.738412811851079,15.738412811851079,100.0
5660,2,38.03467304692955,38.03467304692955,100.0
5670,0,16.58089639403783,16.58089639403783,100.0
5670,1,13.081506918661729,13.081506918661729,100.0
5670,2,70.33759668730045,70.33759668730045,100.0
5680,0,42.74740998535655,42.74740998535655,100.0
5680,1,30.645928523267642,30.645928523267642,100.0
5680,2,26.60666149137581,26.60666149137581,100.0
5690,0,46.49784696902219,46.49784696902219,100.0
5690,1,23.45567630381294,23.45567630381294,100.0
5690,2,30.046476727164883,30.046476727164883,100.0
5700,0,46.342108565742194,46.342108565742194,100.0
5700,1,30.235339627180807,30.235339627180807,100.0
5700,2,23.422551807077006,23.422551807077006,100.0
5710,0,29.751045504848285,29.751045504848285,100.0
5710,1,31.246849009936582,31.246849009936582,100.0
5710,2,39.00210548521514,39.00210548521514,100.0
5720,0,27.576528451023297,27.576528451023297,100.0
5720,1,20.407202956216583,20.407202956216583,100.0
5720,2,52.01626859276012,52.01626859276012,100.0
5730,0,14.986744466954804,14.986744466954804,100.0
5730,1,15.930082631662021,15.930082631662021,100.0
5730,2,69.08317290138318,69.08317290138318,100.0
5740,0,37.743446221209815,37.743446221209815,100.0
5740,1,39.14488409225865,39.14488409225865,100.0
5740,2,23.11166968653152,23.11166968653152,100.0
5750,0,42.938465660790115,42.938465660790115,100.0
5750,1,38.20845118114396,38.20845118114396,100.0
5750,2,18.85308315806593,18.85308315806593,100.0
5760,0,23.90406447976966,23.90406447976966,100.0
5760,1,39.92360740226374,39.92360740226374,100.0
5760,2,36.1723281179666,36.1723281179666,100.0
5770,0,50.97707467188629,50.97707467188629,100.0
5770,1,38.323771382436846,38.323771382436846,100.0
5770,2,10.699153945676866,10.699153945676866,100.0
5780,0,61.01631993128953,61.01631993128953,100.0
5780,1,18.1362375259658,18.1362375259658,100.0
5780,2,20.84744254274468,20.84744254274468,100.0
5790,0,12.920608627691617,12.920608627691617,100.0
5790,1,15.026946542496459,15.026946542496459,100.0
5790,2,72.05244482981192,72.05244482981192,100.0
5800,0,31.517065688262363,31.517065688262363,100.0
5800,1,50.37752210841202,50.37752210841202,100.0
5800,2,18.105412203325617,18.105412203325617,100.0
5810,0,42.30575976881102,42.30575976881102,100.0
5810,1,37.63782525180394,37.63782525180394,100.0
5810,2,20.056414979385043,20.056414979385043,100.0
5820,0,16.920244397467915,16.920244397467915,100.0
5820,1,22.229484992214154,22.229484992214154,100.0
5820,2,60.850270610317935,60.850270610317935,100.0
5830,0,28.55726630158649,28.55726630158649,100.0
5830,1,46.10128092963461,46.10128092963461,100.0
5830,2,25.3414527687789,25.3414527687789,100.0
5840,0,18.982009164544493,18.982009164544493,100.0
5840,1,27.373945455377495,27.373945455377495,100.0
5840,2,53.64404538007801,53.64404538007801,100.0
5850,0,13.84250410417198,13.84250410417198,100.0
5850,1,10.53159450357595,10.53159450357595,100.0
5850,2,75.62590139225208,75.62590139225208,100.0
5860,0,49.16920893552914,49.16920893552914,100.0
5860,1,13.678863979016286,13.678863979016286,100.0
5860,2,37.15192708545458,37.15192708545458,100.0
5870,0,62.23413722876079,62.23413722876079,100.0
5870,1,27.541562059581914,27.541562059581914,100.0
5870,2,10.224300711657298,10.224300711657298,100.0
5880,0,45.410488216619996,45.410488216619996,100.0
5880,1,33.2691064510029,33.2691064510029,100.0
5880,2,21.320405332377103,21.320405332377103,100.0
5890,0,26.364384343586728,26.364384343586728,100.0
5890,1,32.03893386865973,32.03893386865973,100.0
5890,2,41.596681787753546,41.596681787753546,100.0
5900,0,33.941125798580316,33.941125798580316,100.0
5900,1,33.65452957550586,33.65452957550586,100.0
5900,2,32.40434462591382,32.40434462591382,100.0
5910,0,11.333668445925976,11.333668445925976,100.0
5910,1,11.490535634658901,11.490535634658901,100.0
5910,2,77.17579591941512,77.17579591941512,100.0
5920,0,17.85087539098744,17.85087539098744,100.0
5920,1,42.75114597030007,42.75114597030007,100.0
5920,2,39.397978638712495,39.397978638712495,100.0
5930,0,24.881527199157038,24.881527199157038,100.0
5930,1,43.848016672921645,43.848016672921645,100.0
5930,2,31.270456127921314,31.270456127921314,100.0
5940,0,55.597434552074475,55.597434552074475,100.0
5940,1,26.04209421948964,26.04209421948964,100.0
5940,2,18.360471228435884,18.360471228435884,100.0
5950,0,38.09971568919356,38.09971568919356,100.0
5950,1,30.34333413580988,30.34333413580988,100.0
5950,2,31.556950174996572,31.556950174996572,100.0
5960,0,46.92259194532548,46.92259194532548,100.0
5960,1,36.099958876082724,36.099958876082724,100.0
5960,2,16.9774491785918,16.9774491785918,100.0
5970,0,12.594825942978002,12.594825942978002,100.0
5970,1,12.2715067073429,12.2715067073429,100.0
5970,2,75.1336673496791,75.1336673496791,100.0
5980,0,26.387548851647846,26.387548851647846,100.0
5980,1,22.056648364720942,22.056648364720942,100.0
5980,2,51.55580278363122,51.55580278363122,100.0
5990,0,66.76946277114564,66.76946277114564,100.0
5990,1,10.963114634368624,10.963114634368624,100.0
5990,2,22.267422594485748,22.267422594485748,100.0
6000,0,44.22324777170252,44.22324777170252,100.0
6000,1,8.35146926571601,8.35146926571601,100.0
6000,2,47.425282962581484,47.425282962581484,100.0
6010,0,50.6233682632102,50.6233682632102,100.0
6010,1,37.680969841425025,37.680969841425025,100.0
6010,2,11.69566189536479,11.69566189536479,100.0
6020,0,40.85071675130431,40.85071675130431,100.0
6020,1,8.970395964410852,8.970395964410852,100.0
6020,2,50.17888728428483,50.17888728428483,100.0
6030,0,14.434112676905734,14.434112676905734,100.0
6030,1,14.902132793403396,14.902132793403396,100.0
6030,2,70.66375452969086,70.66375452969086,100.0
6040,0,19.749305235878776,19.749305235878776,100.0
6040,1,11.366303468310694,11.366303468310694,100.0
6040,2,68.88439129581053,68.88439129581053,100.0
6050,0,21.79833528235143,21.79833528235143,100.0
6050,1,21.46943139264657,21.46943139264657,100.0
6050,2,56.732233325002,56.732233325002,100.0
6060,0,19.420815932220197,19.420815932220197,100.0
6060,1,16.74153733812501,16.74153733812501,100.0
6060,2,63.83764672965479,63.83764672965479,100.0
6070,0,45.50443009405183,45.50443009405183,100.0
6070,1,44.743088322248546,44.743088322248546,100.0
6070,2,9.752481583699629,9.752481583699629,100.0
6080,0,36.153006744836176,36.153006744836176,100.0
6080,1,10.945903108534921,10.945903108534921,100.0
6080,2,52.9010901466289,52.9010901466289,100.0
6090,0,12.030784367518878,12.030784367518878,100.0
6090,1,12.527728342007249,12.527728342007249,100.0
6090,2,75.44148729047387,75.44148729047387,100.0
6100,0,69.40984045063466,69.40984045063466,100.0
6100,1,12.538908872483786,12.538908872483786,100.0
6100,2,18.051250676881555,18.051250676881555,100.0
6110,0,42.118968439117374,42.118968439117374,100.0
6110,1,17.715739221650963,17.715739221650963,100.0
6110,2,40.16529233923167,40.16529233923167,100.0
6120,0,57.23973862116053,57.23973862116053,100.0
6120,1,9.46881141182021,9.46881141182021,100.0
6120,2,33.291449967019254,33.291449967019254,100.0
6130,0,21.059607181935792,21.059607181935792,100.0
6130,1,17.745156235736285,17.745156235736285,100.0
6130,2,61.19523658232793,61.19523658232793,100.0
6140,0,37.96677276823562,37.96677276823562,100.0
6140,1,11.985048452372636,11.985048452372636,100.0
6140,2,50.04817877939174,50.04817877939174,100.0
6150,0,12.343922316710366,12.343922316710366,100.0
6150,1,12.808921083446931,12.808921083446931,100.0
6150,2,74.8471565998427,74.8471565998427,100.0
6160,0,50.357944195777684,50.357944195777684,100.0
6160,1,34.073912822058674,34.073912822058674,100.0
6160,2,15.56814298216366,15.56814298216366,100.0
6170,0,18.22769895944357,18.22769895944357,100.0
6170,1,11.695500154707748,11.695500154707748,100.0
6170,2,70.07680088584868,70.07680088584868,100.0
6180,0,14.810461217061224,14.810461217061224,100.0
6180,1,14.772031999380914,14.772031999380914,100.0
6180,2,70.41750678355785,70.41750678355785,100.0
6190,0,52.22595635157214,52.22595635157214,100.0
6190,1,24.566851291569808,24.566851291569808,100.0
6190,2,23.20719235685806,23.20719235685806,100.0
6200,0,48.254308944998016,48.254308944998016,100.0
6200,1,25.970887684895636,25.970887684895636,100.0
6200,2,25.77480337010634,25.77480337010634,100.0
6210,0,12.265155858384343,12.265155858384343,100.0
6210,1,12.414261288120407,12.414261288120407,100.0
6210,2,75.32058285349525,75.32058285349525,100.0
6220,0,47.887584421046874,47.887584421046874,100.0
6220,1,27.920351643743846,27.920351643743846,100.0
6220,2,24.192063935209283,24.192063935209283,100.0
6230,0,49.938402463018264,49.938402463018264,100.0
6230,1,16.25418193152818,16.25418193152818,100.0
6230,2,33.80741560545356,33.80741560545356,100.0
6240,0,54.08634980364134,54.08634980364134,100.0
6240,1,16.370092166873444,16.370092166873444,100.0
6240,2,29.54355802948522,29.54355802948522,100.0
6250,0,32.548900588215204,32.548900588215204,100.0
6250,1,25.872317140703117,25.872317140703117,100.0
6250,2,41.578782271081685,41.578782271081685,100.0
6260,0,23.974206513733765,23.974206513733765,100.0
6260,1,49.548645845275004,49.548645845275004,100.0
6260,2,26.477147640991223,26.477147640991223,100.0
6270,0,12.538337252762283,12.538337252762283,100.0
6270,1,12.681758592479502,12.681758592479502,100.0
6270,2,74.77990415475823,74.77990415475823,100.0
6280,0,38.6491750171302,38.6491750171302,100.0
6280,1,22.73353342707929,22.73353342707929,100.0
6280,2,38.617291555790516,38.617291555790516,100.0
6290,0,38.999802461736614,38.999802461736614,100.0
6290,1,21.22795477479945,21.22795477479945,100.0
6290,2,39.772242763463936,39.772242763463936,100.0
6300,0,28.88098987887605,28.88098987887605,100.0
6300,1,39.240487487462055,39.240487487462055,100.0
6300,2,31.8785226336619,31.8785226336619,100.0
6310,0,12.45754554679166,12.45754554679166,100.0
6310,1,34.88044953006285,34.88044953006285,100.0
6310,2,52.66200492314549,52.66200492314549,100.0
6320,0,28.755730277860586,28.755730277860586,100.0
6320,1,52.029126795546674,52.029126795546674,100.0
6320,2,19.21514292659274,19.21514292659274,100.0
6330,0,11.3889222037357,11.3889222037357,100.0
6330,1,11.868226553093168,11.868226553093168,100.0
6330,2,76.74285124317115,76.74285124317115,100.0
6340,0,13.827931341923405,13.827931341923405,100.0
6340,1,13.831312660323668,13.831312660323668,100.0
6340,2,72.34075599775292,72.34075599775292,100.0
6350,0,60.34187887445902,60.34187887445902,100.0
6350,1,18.477042251564253,18.477042251564253,100.0
6350,2,21.181078873976727,21.181078873976727,100.0
6360,0,22.970422563832066,22.970422563832066,100.0
6360,1,23.9366208841714,23.9366208841714,100.0
6360,2,53.09295655199653,53.09295655199653,100.0
6370,0,21.961807210848523,21.961807210848523,100.0
6370,1,29.78277959062533,29.78277959062533,100.0
6370,2,48.255413198526135,48.255413198526135,100.0
6380,0,71.15102211535842,71.15102211535842,100.0
6380,1,16.184815709649104,16.184815709649104,100.0
6380,2,12.664162174992482,12.664162174992482,100.0
6390,0,17.208550810121917,17.208550810121917,100.0
6390,1,16.891594459450655,16.891594459450655,100.0
6390,2,65.89985473042744,65.89985473042744,100.0
6400,0,16.312050874027705,16.312050874027705,100.0
6400,1,38.92474451946211,38.92474451946211,100.0
6400,2,44.76320460651017,44.76320460651017,100.0
6410,0,57.85714564872736,57.85714564872736,100.0
6410,1,17.286768426553753,17.286768426553753,100.0
6410,2,24.856085924718897,24.856085924718897,100.0
6420,0,29.198005791084537,29.198005791084537,100.0
6420,1,36.56151292957357,36.56151292957357,100.0
6420,2,34.2404812793419,34.2404812793419,100.0
6430,0,30.511121152526748,30.511121152526748,100.0
6430,1,31.24000399358433,31.24000399358433,100.0
6430,2,38.24887485388892,38.24887485388892,100.0
6440,0,17.177993494253823,17.177993494253823,100.0
6440,1,25.745864396193856,25.745864396193856,100.0
6440,2,57.07614210955233,57.07614210955233,100.0
6450,0,11.013575109629247,11.013575109629247,100.0
6450,1,10.956748691580039,10.956748691580039,100.0
6450,2,78.02967619879071,78.02967619879071,100.0
6460,0,63.03051586344552,63.03051586344552,100.0
6460,1,19.04928858796785,19.04928858796785,100.0
6460,2,17.920195548586637,17.920195548586637,100.0
6470,0,68.61205772232097,68.61205772232097,100.0
6470,1,15.763149745376385,15.763149745376385,100.0
6470,2,15.624792532302658,15.624792532302658,100.0
6480,0,35.54071587352717,35.54071587352717,100.0
6480,1,29.033687589866364,29.033687589866364,100.0
6480,2,35.42559653660646,35.42559653660646,100.0
6490,0,45.981190851181765,45.981190851181765,100.0
6490,1,24.544002029421616,24.544002029421616,100.0
6490,2,29.47480711939663,29.47480711939663,100.0
6500,0,18.730103405621293,18.730103405621293,100.0
6500,1,20.449244767419287,20.449244767419287,100.0
6500,2,60.82065182695941,60.82065182695941,100.0
6510,0,11.26658130278858,11.26658130278858,100.0
6510,1,10.960206979184083,10.960206979184083,100.0
6510,2,77.77321171802734,77.77321171802734,100.0
6520,0,33.42129108386451,33.42129108386451,100.0
6520,1,40.972826346690724,40.972826346690724,100.0
6520,2,25.605882569444756,25.605882569444756,100.0
6530,0,30.855383620233567,30.855383620233567,100.0
6530,1,39.75458301893817,39.75458301893817,100.0
6530,2,29.390033360828266,29.390033360828266,100.0
6540,0,69.78076088357513,69.78076088357513,100.0
6540,1,10.93898053048013,10.93898053048013,100.0
6540,2,19.28025858594473,19.28025858594473,100.0
6550,0,30.055950715107777,30.055950715107777,100.0
6550,1,41.62701015885986,41.62701015885986,100.0
6550,2,28.317039126032363,28.317039126032363,100.0
6560,0,60.97728372572174,60.97728372572174,100.0
6560,1,22.94349367682842,22.94349367682842,100.0
6560,2,16.079222597449842,16.079222597449842,100.0
6570,0,30.71088600214692,30.71088600214692,100.0
6570,1,35.37856590919065,35.37856590919065,100.0
6570,2,33.91054808866243,33.91054808866243,100.0
6580,0,18.130737725049134,18.130737725049134,100.0
6580,1,41.63237327766538,41.63237327766538,100.0
6580,2,40.23688899728549,40.23688899728549,100.0
6590,0,51.31954202020966,51.31954202020966,100.0
6590,1,37.46271668542561,37.46271668542561,100.0
6590,2,11.21774129436474,11.21774129436474,100.0
6600,0,47.977908596163736,47.977908596163736,100.0
6600,1,13.123370243005247,13.123370243005247,100.0
6600,2,38.89872116083101,38.89872116083101,100.0
6610,0,26.648458799692254,26.648458799692254,100.0
6610,1,52.51583653853969,52.51583653853969,100.0
6610,2,20.83570466176806,20.83570466176806,100.0
6620,0,46.83957671779568,46.83957671779568,100.0
6620,1,9.357454795503983,9.357454795503983,100.0
6620,2,43.80296848670034,43.80296848670034,100.0
6630,0,14.027868133798801,14.027868133798801,100.0
6630,1,13.897223551291837,13.897223551291837,100.0
6630,2,72.07490831490937,72.07490831490937,100.0
6640,0,47.41877356469981,47.41877356469981,100.0
6640,1,12.252095245325519,12.252095245325519,100.0
6640,2,40.32913118997467,40.32913118997467,100.0
6650,0,18.710156564410116,18.710156564410116,100.0
6650,1,58.77055193180525,58.77055193180525,100.0
6650,2,22.51929150378463,22.51929150378463,100.0
6660,0,42.57557424308963,42.57557424308963,100.0
6660,1,30.099897083024096,30.099897083024096,100.0
6660,2,27.324528673886267,27.324528673886267,100.0
6670,0,35.980735552309376,35.980735552309376,100.0
6670,1,40.92700223868662,40.92700223868662,100.0
6670,2,23.09226220900401,23.09226220900401,100.0
6680,0,35.165001910835834,35.165001910835834,100.0
6680,1,31.54230468284424,31.54230468284424,100.0
6680,2,33.292693406319934,33.292693406319934,100.0
6690,0,13.062722996955966,13.062722996955966,100.0
6690,1,13.083610803214901,13.083610803214901,100.0
6690,2,73.85366619982914,73.85366619982914,100.0
6700,0,14.070288023161007,14.070288023161007,100.0
6700,1,33.295346543405415,33.295346543405415,100.0
6700,2,52.63436543343359,52.63436543343359,100.0
6710,0,15.732439896097425,15.732439896097425,100.0
6710,1,23.494482550794643,23.494482550794643,100.0
6710,2,60.77307755310793,60.77307755310793,100.0
6720,0,25.08173083150528,25.08173083150528,100.0
6720,1,39.22800116666188,39.22800116666188,100.0
6720,2,35.69026800183285,35.69026800183285,100.0
6730,0,51.14615597223305,51.14615597223305,100.0
6730,1,27.688511626578027,27.688511626578027,100.0
6730,2,21.165332401188905,21.165332401188905,100.0
6740,0,54.97863735141859,54.97863735141859,100.0
6740,1,23.424243463208292,23.424243463208292,100.0
6740,2,21.597119185373113,21.597119185373113,100.0
6750,0,22.550123207173307,22.550123207173307,100.0
6750,1,21.474400727745895,21.474400727745895,100.0
6750,2,55.9754760650808,55.9754760650808,100.0
6760,0,19.96798086701459,19.96798086701459,100.0
6760,1,14.058482171755236,14.058482171755236,100.0
6760,2,65.97353696123018,65.97353696123018,100.0
6770,0,41.95605899214272,41.95605899214272,100.0
6770,1,22.16674897329782,22.16674897329782,100.0
6770,2,35.87719203455947,35.87719203455947,100.0
6780,0,55.661709910908755,55.661709910908755,100.0
6780,1,16.135339748826414,16.135339748826414,100.0
6780,2,28.20295034026483,28.20295034026483,100.0
6790,0,23.80897952952221,23.80897952952221,100.0
6790,1,31.42413552977421,31.42413552977421,100.0
6790,2,44.766884940703584,44.766884940703584,100.0
6800,0,45.31513059088093,45.31513059088093,100.0
6800,1,35.18018864119984,35.18018864119984,100.0
6800,2,19.504680767919226,19.504680767919226,100.0
6810,0,15.558108643516247,15.558108643516247,100.0
6810,1,10.350048565397625,10.350048565397625,100.0
6810,2,74.09184279108612,74.09184279108612,100.0
6820,0,61.58043370766253,61.58043370766253,100.0
6820,1,20.928204023897834,20.928204023897834,100.0
6820,2,17.491362268439627,17.491362268439627,100.0
6830,0,25.29254161942072,25.29254161942072,100.0
6830,1,16.833303680649234,16.833303680649234,100.0
6830,2,57.874154699930045,57.874154699930045,100.0
6840,0,62.797397606489966,62.797397606489966,100.0
6840,1,14.095969976520085,14.095969976520085,100.0
6840,2,23.106632416989942,23.106632416989942,100.0
6850,0,23.25040114533501,23.25040114533501,100.0
6850,1,46.690972239134524,46.690972239134524,100.0
6850,2,30.05862661553046,30.05862661553046,100.0
6860,0,23.483934623488956,23.483934623488956,100.0
6860,1,16.18141401542988,16.18141401542988,100.0
6860,2,60.33465136108117,60.33465136108117,100.0
6870,0,13.662088051791832,13.662088051791832,100.0
6870,1,11.283569873783266,11.283569873783266,100.0
6870,2,75.05434207442491,75.05434207442491,100.0
6880,0,63.988361795256964,63.988361795256964,100.0
6880,1,15.203320322033544,15.203320322033544,100.0
6880,2,20.808317882709495,20.808317882709495,100.0
6890,0,32.08144502498988,32.08144502498988,100.0
6890,1,23.410839014257345,23.410839014257345,100.0
6890,2,44.50771596075277,44.50771596075277,100.0
6900,0,50.819197902149284,50.819197902149284,100.0
6900,1,13.089851388528691,13.089851388528691,100.0
6900,2,36.09095070932204,36.09095070932204,100.0
6910,0,31.742869752433013,31.742869752433013,100.0
6910,1,34.90183483570634,34.90183483570634,100.0
6910,2,33.35529541186066,33.35529541186066,100.0
6920,0,52.358054830238224,52.358054830238224,100.0
6920,1,8.954629556802555,8.954629556802555,100.0
6920,2,38.687315612959225,38.687315612959225,100.0
6930,0,20.716171431820783,20.716171431820783,100.0
6930,1,17.22287006390087,17.22287006390087,100.0
6930,2,62.06095850427834,62.06095850427834,100.0
6940,0,57.05276982120295,57.05276982120295,100.0
6940,1,21.14912576915455,21.14912576915455,100.0
6940,2,21.798104409642505,21.798104409642505,100.0
6950,0,29.982688218472596,29.982688218472596,100.0
6950,1,15.047209689360006,15.047209689360006,100.0
6950,2,54.970102092167394,54.970102092167394,100.0
6960,0,62.95064519776024,62.95064519776024,100.0
6960,1,23.871497036961205,23.871497036961205,100.0
6960,2,13.177857765278562,13.177857765278562,100.0
6970,0,31.441261326252977,31.441261326252977,100.0
6970,1,32.794724489090065,32.794724489090065,100.0
6970,2,35.764014184656965,35.764014184656965,100.0
6980,0,59.022560763130436,59.022560763130436,100.0
6980,1,8.779742338491845,8.779742338491845,100.0
6980,2,32.19769689837772,32.19769689837772,100.0
6990,0,14.286730866308089,14.286730866308089,100.0
6990,1,14.518796476452922,14.518796476452922,100.0
6990,2,71.19447265723899,71.19447265723899,100.0
7000,0,43.1208868850753,43.1208868850753,100.0
7000,1,26.269450982231785,26.269450982231785,100.0
7000,2,30.60966213269292,30.60966213269292,100.0
7010,0,40.8253607903547,40.8253607903547,100.0
7010,1,24.700633722060502,24.700633722060502,100.0
7010,2,34.4740054875848,34.4740054875848,100.0
7020,0,28.434185751476786,28.434185751476786,100.0
7020,1,40.19298429492654,40.19298429492654,100.0
7020,2,31.372829953596675,31.372829953596675,100.0
7030,0,50.46488714970747,50.46488714970747,100.0
7030,1,26.684552921702075,26.684552921702075,100.0
7030,2,22.850559928590457,22.850559928590457,100.0
7040,0,18.427446568187108,18.427446568187108,100.0
7040,1,47.99117856934679,47.99117856934679,100.0
7040,2,33.5813748624661,33.5813748624661,100.0
7050,0,14.906981497854103,14.906981497854103,100.0
7050,1,13.010721825830013,13.010721825830013,100.0
7050,2,72.08229667631589,72.08229667631589,100.0
7060,0,13.550960426104103,13.550960426104103,100.0
7060,1,40.79712163953339,40.79712163953339,100.0
7060,2,45.65191793436252,45.65191793436252,100.0
7070,0,40.66652244240672,40.66652244240672,100.0
7070,1,23.308951031440607,23.308951031440607,100.0
7070,2,36.02452652615267,36.02452652615267,100.0
7080,0,10.076263318198244,10.076263318198244,100.0
7080,1,40.530461389595786,40.530461389595786,100.0
7080,2,49.39327529220597,49.39327529220597,100.0
7090,0,25.884335168465956,25.884335168465956,100.0
7090,1,34.727274084608965,34.727274084608965,100.0
7090,2,39.38839074692507,39.38839074692507,100.0
7100,0,19.145252470686746,19.145252470686746,100.0
7100,1,48.95952892949674,48.95952892949674,100.0
7100,2,31.89521859981651,31.89521859981651,100.0
7110,0,14.815794794055028,14.815794794055028,100.0
7110,1,11.157202703442852,11.157202703442852,100.0
7110,2,74.02700250250213,74.02700250250213,100.0
7120,0,16.82509008660032,16.82509008660032,100.0
7120,1,69.7386673424932,69.7386673424932,100.0
7120,2,13.436242570906481,13.436242570906481,100.0
7130,0,14.996686885018748,14.996686885018748,100.0
7130,1,16.8354494757422,16.8354494757422,100.0
7130,2,68.16786363923906,68.16786363923906,100.0
7140,0,46.97984486010466,46.97984486010466,100.0
7140,1,19.77919212550167,19.77919212550167,100.0
7140,2,33.24096301439368,33.24096301439368,100.0
7150,0,24.480062336817333,24.480062336817333,100.0
7150,1,30.42739515571072,30.42739515571072,100.0
7150,2,45.09254250747195,45.09254250747195,100.0
7160,0,58.345623855043414,58.345623855043414,100.0
7160,1,21.789048256700962,21.789048256700962,100.0
7160,2,19.86532788825562,19.86532788825562,100.0
7170,0,11.973690003297525,11.973690003297525,100.0
7170,1,11.831914859717276,11.831914859717276,100.0
7170,2,76.1943951369852,76.1943951369852,100.0
7180,0,18.11132838933424,18.11132838933424,100.0
7180,1,13.787417861484846,13.787417861484846,100.0
7180,2,68.10125374918093,68.10125374918093,100.0
7190,0,23.30183334982748,23.30183334982748,100.0
7190,1,32.43317094267672,32.43317094267672,100.0
7190,2,44.26499570749581,44.26499570749581,100.0
7200,0,37.92023990019301,37.92023990019301,100.0
7200,1,24.62643837686243,24.62643837686243,100.0
7200,2,37.453321722944565,37.453321722944565,100.0
7210,0,64.54999078180668,64.54999078180668,100.0
7210,1,17.92919446624463,17.92919446624463,100.0
7210,2,17.52081475194868,17.52081475194868,100.0
7220,0,41.1896255434849,41.1896255434849,100.0
7220,1,25.443558383277775,25.443558383277775,100.0
7220,2,33.366816073237324,33.366816073237324,100.0
7230,0,12.978336850936245,12.978336850936245,100.0
7230,1,12.521119033874742,12.521119033874742,100.0
7230,2,74.50054411518902,74.50054411518902,100.0
7240,0,33.52311474798256,33.52311474798256,100.0
7240,1,12.214385454974297,12.214385454974297,100.0
7240,2,54.26249979704314,54.26249979704314,100.0
7250,0,33.049864506839896,33.049864506839896,100.0
7250,1,14.479603045852663,14.479603045852663,100.0
7250,2,52.47053244730745,52.47053244730745,100.0
7260,0,36.85403168793932,36.85403168793932,100.0
7260,1,20.065726756868447,20.065726756868447,100.0
7260,2,43.08024155519223,43.08024155519223,100.0
7270,0,28.225589773229316,28.225589773229316,100.0
7270,1,36.12618842317131,36.12618842317131,100.0
7270,2,35.64822180359938,35.64822180359938,100.0
7280,0,37.64528136534508,37.64528136534508,100.0
7280,1,31.93551761352702,31.93551761352702,100.0
7280,2,30.419201021127908,30.419201021127908,100.0
7290,0,11.787075153947749,11.787075153947749,100.0
7290,1,11.798200590873655,11.798200590873655,100.0
7290,2,76.41472425517858,76.41472425517858,100.0
7300,0,19.930227429942256,19.930227429942256,100.0
7300,1,50.979423958312545,50.979423958312545,100.0
7300,2,29.09034861174521,29.09034861174521,100.0
7310,0,11.861990334789803,11.861990334789803,100.0
7310,1,35.9728463473159,35.9728463473159,100.0
7310,2,52.165163317894304,52.165163317894304,100.0
7320,0,27.407128737718946,27.407128737718946,100.0
7320,1,37.68004705767331,37.68004705767331,100.0
7320,2,34.91282420460774,34.91282420460774,100.0
7330,0,50.3440324394161,50.3440324394161,100.0
7330,1,14.65281235833637,14.65281235833637,100.0
7330,2,35.00315520224754,35.00315520224754,100.0
7340,0,68.91091656375235,68.91091656375235,100.0
7340,1,15.799162812328296,15.799162812328296,100.0
7340,2,15.289920623919361,15.289920623919361,100.0
7350,0,14.317074177695266,14.317074177695266,100.0
7350,1,12.39658240299917,12.39658240299917,100.0
7350,2,73.28634341930557,73.28634341930557,100.0
7360,0,19.2775479588488,19.2775479588488,100.0
7360,1,10.799382359029401,10.799382359029401,100.0
7360,2,69.92306968212179,69.92306968212179,100.0
7370,0,31.27150705537996,31.27150705537996,100.0
7370,1,51.074605532418325,51.074605532418325,100.0
7370,2,17.653887412201712,17.653887412201712,100.0
7380,0,40.62498528719092,40.62498528719092,100.0
7380,1,46.224945692314506,46.224945692314506,100.0
7380,2,13.150069020494588,13.150069020494588,100.0
7390,0,34.47473656397645,34.47473656397645,100.0
7390,1,23.56104387512738,23.56104387512738,100.0
7390,2,41.964219560896176,41.964219560896176,100.0
7400,0,53.283504431002406,53.283504431002406,100.0
7400,1,10.676891361302157,10.676891361302157,100.0
7400,2,36.03960420769544,36.03960420769544,100.0
7410,0,13.840327551803252,13.840327551803252,100.0
7410,1,13.66098945781089,13.66098945781089,100.0
7410,2,72.49868299038586,72.49868299038586,100.0
7420,0,49.69816158439688,49.69816158439688,100.0
7420,1,17.308920161819582,17.308920161819582,100.0
7420,2,32.992918253783536,32.992918253783536,100.0
7430,0,70.79252400212897,70.79252400212897,100.0
7430,1,11.73999403974003,11.73999403974003,100.0
7430,2,17.467481958131007,17.467481958131007,100.0
7440,0,16.2271294465627,16.2271294465627,100.0
7440,1,36.04248654199256,36.04248654199256,100.0
7440,2,47.73038401144475,47.73038401144475,100.0
7450,0,53.50834575749721,53.50834575749721,100.0
7450,1,16.615218907813524,16.615218907813524,100.0
7450,2,29.876435334689262,29.876435334689262,100.0
7460,0,69.47570602195863,69.47570602195863,100.0
7460,1,20.044038502042262,20.044038502042262,100.0
7460,2,10.480255475999108,10.480255475999108,100.0
7470,0,19.007334273349525,19.007334273349525,100.0
7470,1,24.63981349848217,24.63981349848217,100.0
7470,2,56.3528522281683,56.3528522281683,100.0
7480,0,36.995740786458136,36.995740786458136,100.0
7480,1,43.28126124198191,43.28126124198191,100.0
7480,2,19.722997971559963,19.722997971559963,100.0
7490,0,15.698222477709695,15.698222477709695,100.0
7490,1,22.599508214863988,22.599508214863988,100.0
7490,2,61.70226930742631,61.70226930742631,100.0
7500,0,18.993910839071624,18.993910839071624,100.0
7500,1,40.687130986218335,40.687130986218335,100.0
7500,2,40.31895817471004,40.31895817471004,100.0
7510,0,50.76437162382833,50.76437162382833,100.0
7510,1,24.556550098971837,24.556550098971837,100.0
7510,2,24.67907827719983,24.67907827719983,100.0
7520,0,18.236646914551777,18.236646914551777,100.0
7520,1,21.111791229127693,21.111791229127693,100.0
7520,2,60.651561856320534,60.651561856320534,100.0
7530,0,11.87959113590965,11.87959113590965,100.0
7530,1,11.980804263561403,11.980804263561403,100.0
7530,2,76.13960460052894,76.13960460052894,100.0
7540,0,18.83908393094703,18.83908393094703,100.0
7540,1,32.593801533129025,32.593801533129025,100.0
7540,2,48.56711453592394,48.56711453592394,100.0
7550,0,9.675791658047345,9.675791658047345,100.0
7550,1,41.538170381622884,41.538170381622884,100.0
7550,2,48.78603796032977,48.78603796032977,100.0
7560,0,19.679059951654605,19.679059951654605,100.0
7560,1,58.18764823709298,58.18764823709298,100.0
7560,2,22.13329181125242,22.13329181125242,100.0
7570,0,16.53240673444273,16.53240673444273,100.0
7570,1,14.430819350436336,14.430819350436336,100.0
7570,2,69.03677391512095,69.03677391512095,100.0
7580,0,30.924733417918386,30.924733417918386,100.0
7580,1,50.30853638196873,50.30853638196873,100.0
7580,2,18.76673020011288,18.76673020011288,100.0
7590,0,11.045754125136458,11.045754125136458,100.0
7590,1,10.90697547498172,10.90697547498172,100.0
7590,2,78.04727039988182,78.04727039988182,100.0
7600,0,59.70179806214182,59.70179806214182,100.0
7600,1,23.522622414423534,23.522622414423534,100.0
7600,2,16.77557952343465,16.77557952343465,100.0
7610,0,20.98442038551298,20.98442038551298,100.0
7610,1,27.567143972523873,27.567143972523873,100.0
7610,2,51.448435641963144,51.448435641963144,100.0
7620,0,26.439148185137494,26.439148185137494,100.0
7620,1,13.74144677596364,13.74144677596364,100.0
7620,2,59.819405038898864,59.819405038898864,100.0
7630,0,49.067822677194826,49.067822677194826,100.0
7630,1,26.96083358777839,26.96083358777839,100.0
7630,2,23.971343735026775,23.971343735026775,100.0
7640,0,55.57402337569211,55.57402337569211,100.0
7640,1,10.664179826936287,10.664179826936287,100.0
7640,2,33.761796797371616,33.761796797371616,100.0
7650,0,27.644345322585277,27.644345322585277,100.0
7650,1,24.254144561349968,24.254144561349968,100.0
7650,2,48.10151011606476,48.10151011606476,100.0
7660,0,40.66054692154572,40.66054692154572,100.0
7660,1,35.00843801683124,35.00843801683124,100.0
7660,2,24.33101506162304,24.33101506162304,100.0
7670,0,14.250159198434226,14.250159198434226,100.0
7670,1,20.51683813657455,20.51683813657455,100.0
7670,2,65.23300266499122,65.23300266499122,100.0
7680,0,18.238870975109865,18.238870975109865,100.0
7680,1,26.753169215572054,26.753169215572054,100.0
7680,2,55.00795980931809,55.00795980931809,100.0
7690,0,36.04739759097617,36.04739759097617,100.0
7690,1,35.32989920230022,35.32989920230022,100.0
7690,2,28.622703206723614,28.622703206723614,100.0
7700,0,29.208877204768147,29.208877204768147,100.0
7700,1,28.794806468586355,28.794806468586355,100.0
7700,2,41.9963163266455,41.9963163266455,100.0
7710,0,12.921045088894276,12.921045088894276,100.0
7710,1,13.189254561705416,13.189254561705416,100.0
7710,2,73.88970034940031,73.88970034940031,100.0
7720,0,45.536096447506004,45.536096447506004,100.0
7720,1,24.860708826139927,24.860708826139927,100.0
7720,2,29.603194726354072,29.603194726354072,100.0
7730,0,48.294361908942356,48.294361908942356,100.0
7730,1,41.721632218476316,41.721632218476316,100.0
7730,2,9.984005872581333,9.984005872581333,100.0
7740,0,50.68023738053825,50.68023738053825,100.0
7740,1,8.638906311490736,8.638906311490736,100.0
7740,2,40.680856307971005,40.680856307971005,100.0
7750,0,44.26553371823842,44.26553371823842,100.0
7750,1,15.473200962079527,15.473200962079527,100.0
7750,2,40.261265319682046,40.261265319682046,100.0
7760,0,40.721323013101895,40.721323013101895,100.0
7760,1,8.75245325590749,8.75245325590749,100.0
7760,2,50.526223730990615,50.526223730990615,100.0
7770,0,11.616512791054635,11.616512791054635,100.0
7770,1,12.296349306735602,12.296349306735602,100.0
7770,2,76.08713790220976,76.08713790220976,100.0
7780,0,18.345853685146487,18.345853685146487,100.0
7780,1,16.265287948414898,16.265287948414898,100.0
7780,2,65.38885836643863,65.38885836643863,100.0
7790,0,50.3410668921354,50.3410668921354,100.0
7790,1,32.726727578317536,32.726727578317536,100.0
7790,2,16.932205529547055,16.932205529547055,100.0
7800,0,39.323790744617135,39.323790744617135,100.0
7800,1,15.731164626766123,15.731164626766123,100.0
7800,2,44.945044628616756,44.945044628616756,100.0
7810,0,33.5061772201065,33.5061772201065,100.0
7810,1,11.204343644068889,11.204343644068889,100.0
7810,2,55.289479135824614,55.289479135824614,100.0
7820,0,40.63564397411968,40.63564397411968,100.0
7820,1,9.381552958441736,9.381552958441736,100.0
7820,2,49.98280306743858,49.98280306743858,100.0
7830,0,15.682683098580878,15.682683098580878,100.0
7830,1,15.630921268790612,15.630921268790612,100.0
7830,2,68.68639563262852,68.68639563262852,100.0
7840,0,20.232548195973525,20.232548195973525,100.0
7840,1,44.10439243290048,44.10439243290048,100.0
7840,2,35.663059371125996,35.663059371125996,100.0
7850,0,37.874908218689384,37.874908218689384,100.0
7850,1,29.034410303373754,29.034410303373754,100.0
7850,2,33.090681477936876,33.090681477936876,100.0
7860,0,40.17252125383983,40.17252125383983,100.0
7860,1,13.549441021266775,13.549441021266775,100.0
7860,2,46.27803772489339,46.27803772489339,100.0
7870,0,12.260119285055444,12.260119285055444,100.0
7870,1,46.66577802933053,46.66577802933053,100.0
7870,2,41.07410268561403,41.07410268561403,100.0
7880,0,18.27342994190587,18.27342994190587,100.0
7880,1,20.436135841973872,20.436135841973872,100.0
7880,2,61.29043421612026,61.29043421612026,100.0
7890,0,12.73009130602275,12.73009130602275,100.0
7890,1,12.555315505478276,12.555315505478276,100.0
7890,2,74.71459318849897,74.71459318849897,100.0
7900,0,34.20256545445,34.20256545445,100.0
7900,1,11.23358691725115,11.23358691725115,100.0
7900,2,54.56384762829886,54.56384762829886,100.0
7910,0,21.291793463171754,21.291793463171754,100.0
7910,1,17.811618770539212,17.811618770539212,100.0
7910,2,60.89658776628903,60.89658776628903,100.0
7920,0,19.197373695902854,19.197373695902854,100.0
7920,1,13.43860820021891,13.43860820021891,100.0
7920,2,67.36401810387824,67.36401810387824,100.0
7930,0,65.7346879472573,65.7346879472573,100.0
7930,1,16.797835473386403,16.797835473386403,100.0
7930,2,17.467476579356305,17.467476579356305,100.0
7940,0,70.80474984126633,70.80474984126633,100.0
7940,1,12.604509450859208,12.604509450859208,100.0
7940,2,16.59074070787447,16.59074070787447,100.0
7950,0,12.82631795869538,12.82631795869538,100.0
7950,1,12.50731216347482,12.50731216347482,100.0
7950,2,74.6663698778298,74.6663698778298,100.0
7960,0,54.0779922737311,54.0779922737311,100.0
7960,1,25.51855453587365,25.51855453587365,100.0
7960,2,20.40345319039526,20.40345319039526,100.0
7970,0,39.705242134462175,39.705242134462175,100.0
7970,1,37.96206362048133,37.96206362048133,100.0
7970,2,22.332694245056498,22.332694245056498,100.0
7980,0,15.622575660597212,15.622575660597212,100.0
7980,1,54.71900283694542,54.71900283694542,100.0
7980,2,29.658421502457372,29.658421502457372,100.0
7990,0,55.951025756958316,55.951025756958316,100.0
7990,1,13.42142811009331,13.42142811009331,100.0
7990,2,30.627546132948375,30.627546132948375,100.0
8000,0,70.63065424170244,70.63065424170244,100.0
8000,1,14.375693998970867,14.375693998970867,100.0
8000,2,14.993651759326685,14.993651759326685,100.0
8010,0,21.176406034567588,21.176406034567588,100.0
8010,1,20.73220757634953,20.73220757634953,100.0
8010,2,58.09138638908288,58.09138638908288,100.0
8020,0,31.230972511803113,31.230972511803113,100.0
8020,1,42.45604639792153,42.45604639792153,100.0
8020,2,26.31298109027535,26.31298109027535,100.0
8030,0,41.61667005555818,41.61667005555818,100.0
8030,1,31.888059592985734,31.888059592985734,100.0
8030,2,26.495270351456085,26.495270351456085,100.0
8040,0,15.137050315475657,15.137050315475657,100.0
8040,1,39.918875897396376,39.918875897396376,100.0
8040,2,44.94407378712797,44.94407378712797,100.0
8050,0,60.056761741037064,60.056761741037064,100.0
8050,1,16.56015031920467,16.56015031920467,100.0
8050,2,23.383087939758266,23.383087939758266,100.0
8060,0,25.13380608681377,25.13380608681377,100.0
8060,1,57.296618184401105,57.296618184401105,100.0
8060,2,17.569575728785132,17.569575728785132,100.0
8070,0,14.243879043924373,14.243879043924373,100.0
8070,1,13.568847614354862,13.568847614354862,100.0
8070,2,72.18727334172077,72.18727334172077,100.0
8080,0,24.56141724399966,24.56141724399966,100.0
8080,1,35.93874834766316,35.93874834766316,100.0
8080,2,39.49983440833718,39.49983440833718,100.0
8090,0,58.17945524689988,58.17945524689988,100.0
8090,1,16.09241424099012,16.09241424099012,100.0
8090,2,25.72813051211,25.72813051211,100.0
8100,0,44.119415963896756,44.119415963896756,100.0
8100,1,34.61966538064541,34.61966538064541,100.0
8100,2,21.26091865545784,21.26091865545784,100.0
8110,0,56.355423043159256,56.355423043159256,100.0
8110,1,29.35685166632938,29.35685166632938,100.0
8110,2,14.287725290511366,14.287725290511366,100.0
8120,0,11.064982539725293,11.064982539725293,100.0
8120,1,44.05058742920047,44.05058742920047,100.0
8120,2,44.88443003107424,44.88443003107424,100.0
8130,0,11.03454478397262,11.03454478397262,100.0
8130,1,12.670316885314442,12.670316885314442,100.0
8130,2,76.29513833071294,76.29513833071294,100.0
8140,0,29.034796645290594,29.034796645290594,100.0
8140,1,39.83452127175927,39.83452127175927,100.0
8140,2,31.130682082950134,31.130682082950134,100.0
8150,0,10.164036448402271,10.164036448402271,100.0
8150,1,56.35370837692307,56.35370837692307,100.0
8150,2,33.482255174674656,33.482255174674656,100.0
8160,0,63.23706507612222,63.23706507612222,100.0
8160,1,22.32034586733147,22.32034586733147,100.0
8160,2,14.442589056546304,14.442589056546304,100.0
8170,0,33.24459803278457,33.24459803278457,100.0
8170,1,25.960051647098254,25.960051647098254,100.0
8170,2,40.79535032011718,40.79535032011718,100.0
8180,0,37.848590727016735,37.848590727016735,100.0
8180,1,37.48947479971954,37.48947479971954,100.0
8180,2,24.661934473263727,24.661934473263727,100.0
8190,0,15.737143097192371,15.737143097192371,100.0
8190,1,11.412332897987795,11.412332897987795,100.0
8190,2,72.85052400481983,72.85052400481983,100.0
8200,0,67.65899631014888,67.65899631014888,100.0
8200,1,12.977347659219504,12.977347659219504,100.0
8200,2,19.363656030631613,19.363656030631613,100.0
8210,0,73.12695519197383,73.12695519197383,100.0
8210,1,12.790542733361141,12.790542733361141,100.0
8210,2,14.08250207466503,14.08250207466503,100.0
8220,0,24.59255332325109,24.59255332325109,100.0
8220,1,31.882992834340463,31.882992834340463,100.0
8220,2,43.52445384240845,43.52445384240845,100.0
8230,0,58.64228676421005,58.64228676421005,100.0
8230,1,12.96217086282778,12.96217086282778,100.0
8230,2,28.39554237296217,28.39554237296217,100.0
8240,0,23.103680030687084,23.103680030687084,100.0
8240,1,29.32372998431626,29.32372998431626,100.0
8240,2,47.57258998499666,47.57258998499666,100.0
8250,0,12.974550838192494,12.974550838192494,100.0
8250,1,10.64958320085652,10.64958320085652,100.0
8250,2,76.37586596095099,76.37586596095099,100.0
8260,0,12.634219269446751,12.634219269446751,100.0
8260,1,33.792345204447464,33.792345204447464,100.0
8260,2,53.57343552610578,53.57343552610578,100.0
8270,0,48.99343744246876,48.99343744246876,100.0
8270,1,41.17802195856263,41.17802195856263,100.0
8270,2,9.828540598968614,9.828540598968614,100.0
8280,0,66.85262467711235,66.85262467711235,100.0
8280,1,22.225181638474012,22.225181638474012,100.0
8280,2,10.92219368441365,10.92219368441365,100.0
8290,0,21.95692780916261,21.95692780916261,100.0
8290,1,19.799698673373737,19.799698673373737,100.0
8290,2,58.243373517463645,58.243373517463645,100.0
8300,0,10.3242198446864,10.3242198446864,100.0
8300,1,42.223086322510824,42.223086322510824,100.0
8300,2,47.45269383280279,47.45269383280279,100.0
8310,0,11.902234008511284,11.902234008511284,100.0
8310,1,10.742418225879186,10.742418225879186,100.0
8310,2,77.35534776560952,77.35534776560952,100.0
8320,0,33.1486918160867,33.1486918160867,100.0
8320,1,47.22214311152119,47.22214311152119,100.0
8320,2,19.629165072392098,19.629165072392098,100.0
8330,0,41.55457728812728,41.55457728812728,100.0
8330,1,10.872897841946335,10.872897841946335,100.0
8330,2,47.5725248699264,47.5725248699264,100.0
8340,0,15.393541671021671,15.393541671021671,100.0
8340,1,51.2335947248643,51.2335947248643,100.0
8340,2,33.37286360411403,33.37286360411403,100.0
8350,0,54.804742158099494,54.804742158099494,100.0
8350,1,13.251499736425314,13.251499736425314,100.0
8350,2,31.943758105475183,31.943758105475183,100.0
8360,0,45.53949154305707,45.53949154305707,100.0
8360,1,15.396692102413251,15.396692102413251,100.0
8360,2,39.063816354529685,39.063816354529685,100.0
8370,0,11.169843109359116,11.169843109359116,100.0
8370,1,10.748957266526126,10.748957266526126,100.0
8370,2,78.08119962411476,78.08119962411476,100.0
8380,0,17.044996874549,17.044996874549,100.0
8380,1,26.59582902641766,26.59582902641766,100.0
8380,2,56.359174099033346,56.359174099033346,100.0
8390,0,40.90240152281147,40.90240152281147,100.0
8390,1,32.15459646323686,32.15459646323686,100.0
8390,2,26.943002013951673,26.943002013951673,100.0
8400,0,34.10709470124288,34.10709470124288,100.0
8400,1,44.78132401560191,44.78132401560191,100.0
8400,2,21.111581283155225,21.111581283155225,100.0
8410,0,46.69116071551228,46.69116071551228,100.0
8410,1,23.833131668065292,23.833131668065292,100.0
8410,2,29.475707616422426,29.475707616422426,100.0
8420,0,20.07459683148837,20.07459683148837,100.0
8420,1,19.782835473169786,19.782835473169786,100.0
8420,2,60.14256769534184,60.14256769534184,100.0
8430,0,11.05489583208368,11.05489583208368,100.0
8430,1,11.469295154886366,11.469295154886366,100.0
8430,2,77.47580901302996,77.47580901302996,100.0
8440,0,38.864970089770935,38.864970089770935,100.0
8440,1,35.04731910243863,35.04731910243863,100.0
8440,2,26.087710807790444,26.087710807790444,100.0
8450,0,66.64047490711536,66.64047490711536,100.0
8450,1,19.029315316279373,19.029315316279373,100.0
8450,2,14.330209776605269,14.330209776605269,100.0
8460,0,18.532557373056076,18.532557373056076,100.0
8460,1,28.905934830159456,28.905934830159456,100.0
8460,2,52.56150779678447,52.56150779678447,100.0
8470,0,49.44651137814898,49.44651137814898,100.0
8470,1,21.015475401428546,21.015475401428546,100.0
8470,2,29.53801322042247,29.53801322042247,100.0
8480,0,36.646806303781254,36.646806303781254,100.0
8480,1,14.711520453288976,14.711520453288976,100.0
8480,2,48.64167324292978,48.64167324292978,100.0
8490,0,11.150831627142265,11.150831627142265,100.0
8490,1,12.150520499304756,12.150520499304756,100.0
8490,2,76.69864787355297,76.69864787355297,100.0
8500,0,31.33649534941655,31.33649534941655,100.0
8500,1,10.016764298895216,10.016764298895216,100.0
8500,2,58.646740351688244,58.646740351688244,100.0
8510,0,20.215404960848645,20.215404960848645,100.0
8510,1,34.3213170964233,34.3213170964233,100.0
8510,2,45.463277942728055,45.463277942728055,100.0
8520,0,34.40717444775422,34.40717444775422,100.0
8520,1,14.774926454246929,14.774926454246929,100.0
8520,2,50.817899097998854,50.817899097998854,100.0
8530,0,12.12503631948688,12.12503631948688,100.0
8530,1,50.38210464049169,50.38210464049169,100.0
8530,2,37.492859040021436,37.492859040021436,100.0
8540,0,52.94105277909231,52.94105277909231,100.0
8540,1,11.168675025726586,11.168675025726586,100.0
8540,2,35.8902721951811,35.8902721951811,100.0
8550,0,16.120599141179884,16.120599141179884,100.0
8550,1,16.18676985835254,16.18676985835254,100.0
8550,2,67.69263100046757,67.69263100046757,100.0
8560,0,36.21238965447067,36.21238965447067,100.0
8560,1,13.365067162675187,13.365067162675187,100.0
8560,2,50.42254318285415,50.42254318285415,100.0
8570,0,44.58747043036285,44.58747043036285,100.0
8570,1,25.81253905421901,25.81253905421901,100.0
8570,2,29.599990515418135,29.599990515418135,100.0
8580,0,48.87689320295742,48.87689320295742,100.0
8580,1,39.03392775480974,39.03392775480974,100.0
8580,2,12.089179042232843,12.089179042232843,100.0
8590,0,30.863371733157617,30.863371733157617,100.0
8590,1,56.249113084724755,56.249113084724755,100.0
8590,2,12.887515182117632,12.887515182117632,100.0
8600,0,34.48319648968357,34.48319648968357,100.0
8600,1,44.9638623616667,44.9638623616667,100.0
8600,2,20.552941148649722,20.552941148649722,100.0
8610,0,12.355485414420281,12.355485414420281,100.0
8610,1,12.619707973439645,12.619707973439645,100.0
8610,2,75.02480661214007,75.02480661214007,100.0
8620,0,42.65545509867747,42.65545509867747,100.0
8620,1,28.070937689215132,28.070937689215132,100.0
8620,2,29.273607212107393,29.273607212107393,100.0
8630,0,35.69429056638281,35.69429056638281,100.0
8630,1,44.69328438545639,44.69328438545639,100.0
8630,2,19.612425048160816,19.612425048160816,100.0
8640,0,30.4690807629103,30.4690807629103,100.0
8640,1,37.44694024235414,37.44694024235414,100.0
8640,2,32.08397899473557,32.08397899473557,100.0
8650,0,53.13881954512601,53.13881954512601,100.0
8650,1,18.836767149543185,18.836767149543185,100.0
8650,2,28.024413305330796,28.024413305330796,100.0
8660,0,55.180102396116645,55.180102396116645,100.0
8660,1,20.997553681867124,20.997553681867124,100.0
8660,2,23.822343922016227,23.822343922016227,100.0
8670,0,12.958278145709492,12.958278145709492,100.0
8670,1,13.6459756465233,13.6459756465233,100.0
8670,2,73.3957462077672,73.3957462077672,100.0
8680,0,35.08661233459939,35.08661233459939,100.0
8680,1,37.22639386754819,37.22639386754819,100.0
8680,2,27.686993797852423,27.686993797852423,100.0
8690,0,20.275747785627942,20.275747785627942,100.0
8690,1,23.770645773643075,23.770645773643075,100.0
8690,2,55.95360644072899,55.95360644072899,100.0
8700,0,41.67477915218244,41.67477915218244,100.0
8700,1,42.78092182696696,42.78092182696696,100.0
8700,2,15.544299020850595,15.544299020850595,100.0
8710,0,55.18410608960232,55.18410608960232,100.0
8710,1,12.593309223110571,12.593309223110571,100.0
8710,2,32.22258468728712,32.22258468728712,100.0
8720,0,32.35386163453684,32.35386163453684,100.0
8720,1,32.8655077439432,32.8655077439432,100.0
8720,2,34.78063062151996,34.78063062151996,100.0
8730,0,16.700252774704026,16.700252774704026,100.0
8730,1,20.837738711901554,20.837738711901554,100.0
8730,2,62.46200851339443,62.46200851339443,100.0
8740,0,25.474698351550458,25.474698351550458,100.0
8740,1,28.04499064807715,28.04499064807715,100.0
8740,2,46.480311000372396,46.480311000372396,100.0
8750,0,18.090521711339793,18.090521711339793,100.0
8750,1,51.96295123707871,51.96295123707871,100.0
8750,2,29.9465270515815,29.9465270515815,100.0
8760,0,36.074040917833834,36.074040917833834,100.0
8760,1,33.40586583954618,33.40586583954618,100.0
8760,2,30.52009324261999,30.52009324261999,100.0
8770,0,50.96502929461918,50.96502929461918,100.0
8770,1,16.63556128070963,16.63556128070963,100.0
8770,2,32.399409424671184,32.399409424671184,100.0
8780,0,34.78722980391162,34.78722980391162,100.0
8780,1,39.251636115296044,39.251636115296044,100.0
8780,2,25.96113408079234,25.96113408079234,100.0
8790,0,11.27272851845939,11.27272851845939,100.0
8790,1,10.951471156830495,10.951471156830495,100.0
8790,2,77.77580032471012,77.77580032471012,100.0
8800,0,21.232495244129645,21.232495244129645,100.0
8800,1,57.472292325499865,57.472292325499865,100.0
8800,2,21.295212430370498,21.295212430370498,100.0
8810,0,14.39383804682371,14.39383804682371,100.0
8810,1,14.692990441683873,14.692990441683873,100.0
8810,2,70.91317151149241,70.91317151149241,100.0
8820,0,31.22949827008273,31.22949827008273,100.0
8820,1,20.10107397932667,20.10107397932667,100.0
8820,2,48.66942775059061,48.66942775059061,100.0
8830,0,32.168755338873304,32.168755338873304,100.0
8830,1,57.951016108147094,57.951016108147094,100.0
8830,2,9.880228552979618,9.880228552979618,100.0
8840,0,49.10006053860227,49.10006053860227,100.0
8840,1,32.22784223901387,32.22784223901387,100.0
8840,2,18.672097222383872,18.672097222383872,100.0
8850,0,11.681978706890881,11.681978706890881,100.0
8850,1,11.783974692174143,11.783974692174143,100.0
8850,2,76.53404660093497,76.53404660093497,100.0
8860,0,61.58394034984423,61.58394034984423,100.0
8860,1,20.060630722256626,20.060630722256626,100.0
8860,2,18.35542892789916,18.35542892789916,100.0
8870,0,35.92497415874558,35.92497415874558,100.0
8870,1,29.366167532673888,29.366167532673888,100.0
8870,2,34.70885830858054,34.70885830858054,100.0
8880,0,49.969976688196134,49.969976688196134,100.0
8880,1,11.155196626471836,11.155196626471836,100.0
8880,2,38.874826685332025,38.874826685332025,100.0
8890,0,74.31976279944499,74.31976279944499,100.0
8890,1,11.848190736958538,11.848190736958538,100.0
8890,2,13.832046463596475,13.832046463596475,100.0
8900,0,73.06663007215587,73.06663007215587,100.0
8900,1,12.950301664181888,12.950301664181888,100.0
8900,2,13.983068263662235,13.983068263662235,100.0
8910,0,11.966918495961943,11.966918495961943,100.0
8910,1,12.353362098345558,12.353362098345558,100.0
8910,2,75.6797194056925,75.6797194056925,100.0
8920,0,39.39959110196572,39.39959110196572,100.0
8920,1,34.6992320409251,34.6992320409251,100.0
8920,2,25.901176857109178,25.901176857109178,100.0
8930,0,57.31251722733547,57.31251722733547,100.0
8930,1,15.390935321366536,15.390935321366536,100.0
8930,2,27.296547451297993,27.296547451297993,100.0
8940,0,39.452104424771136,39.452104424771136,100.0
8940,1,40.74035882071291,40.74035882071291,100.0
8940,2,19.807536754515958,19.807536754515958,100.0
8950,0,44.28719697202049,44.28719697202049,100.0
8950,1,28.792998145105216,28.792998145105216,100.0
8950,2,26.919804882874292,26.919804882874292,100.0
8960,0,47.62528068009182,47.62528068009182,100.0
8960,1,17.838987388186204,17.838987388186204,100.0
8960,2,34.535731931721976,34.535731931721976,100.0
8970,0,16.07570238738911,16.07570238738911,100.0
8970,1,10.967993475014707,10.967993475014707,100.0
8970,2,72.95630413759618,72.95630413759618,100.0
8980,0,53.268850280661525,53.268850280661525,100.0
8980,1,11.941522148139777,11.941522148139777,100.0
8980,2,34.789627571198686,34.789627571198686,100.0
8990,0,55.94764353189577,55.94764353189577,100.0
8990,1,28.689839144914085,28.689839144914085,100.0
8990,2,15.362517323190131,15.362517323190131,100.0
9000,0,26.029861272404283,26.029861272404283,100.0
9000,1,33.51311285914848,33.51311285914848,100.0
9000,2,40.457025868447246,40.457025868447246,100.0
9010,0,61.79277655442855,61.79277655442855,100.0
9010,1,14.83436879560541,14.83436879560541,100.0
9010,2,23.372854649966044,23.372854649966044,100.0
9020,0,53.86535551862464,53.86535551862464,100.0
9020,1,21.32743091189891,21.32743091189891,100.0
9020,2,24.80721356947645,24.80721356947645,100.0
9030,0,12.438338639353086,12.438338639353086,100.0
9030,1,12.039345595042587,12.039345595042587,100.0
9030,2,75.52231576560433,75.52231576560433,100.0
9040,0,10.414769899398724,10.414769899398724,100.0
9040,1,55.61466034026833,55.61466034026833,100.0
9040,2,33.97056976033295,33.97056976033295,100.0
9050,0,25.935015660480488,25.935015660480488,100.0
9050,1,23.040942602207046,23.040942602207046,100.0
9050,2,51.02404173731247,51.02404173731247,100.0
9060,0,37.28178236042124,37.28178236042124,100.0
9060,1,20.606590666398255,20.606590666398255,100.0
9060,2,42.1116269731805,42.1116269731805,100.0
9070,0,29.37393570717535,29.37393570717535,100.0
9070,1,13.52241970790115,13.52241970790115,100.0
9070,2,57.10364458492351,57.10364458492351,100.0
9080,0,23.868658572485778,23.868658572485778,100.0
9080,1,43.28348210650552,43.28348210650552,100.0
9080,2,32.847859321008706,32.847859321008706,100.0
9090,0,13.205000350886195,13.205000350886195,100.0
9090,1,13.020254283138307,13.020254283138307,100.0
9090,2,73.7747453659755,73.7747453659755,100.0
9100,0,50.60693465843011,50.60693465843011,100.0
9100,1,36.85995119969583,36.85995119969583,100.0
9100,2,12.533114141874059,12.533114141874059,100.0
9110,0,61.3694726987824,61.3694726987824,100.0
9110,1,22.22131308578221,22.22131308578221,100.0
9110,2,16.40921421543538,16.40921421543538,100.0
9120,0,23.86988874957814,23.86988874957814,100.0
9120,1,33.78826269205542,33.78826269205542,100.0
9120,2,42.341848558366436,42.341848558366436,100.0
9130,0,20.339021651136157,20.339021651136157,100.0
9130,1,63.786241172920576,63.786241172920576,100.0
9130,2,15.874737175943268,15.874737175943268,100.0
9140,0,21.016119637855283,21.016119637855283,100.0
9140,1,54.090553292310986,54.090553292310986,100.0
9140,2,24.89332706983374,24.89332706983374,100.0
9150,0,11.066054560052784,11.066054560052784,100.0
9150,1,11.072891324566159,11.072891324566159,100.0
9150,2,77.86105411538105,77.86105411538105,100.0
9160,0,61.08259194697487,61.08259194697487,100.0
9160,1,21.429240650779484,21.429240650779484,100.0
9160,2,17.48816740224564,17.48816740224564,100.0
9170,0,21.05412564324949,21.05412564324949,100.0
9170,1,60.18902761462941,60.18902761462941,100.0
9170,2,18.7568467421211,18.7568467421211,100.0
9180,0,25.12886216294642,25.12886216294642,100.0
9180,1,13.509351228564833,13.509351228564833,100.0
9180,2,61.36178660848876,61.36178660848876,100.0
9190,0,36.82630835022981,36.82630835022981,100.0
9190,1,35.51089852860254,35.51089852860254,100.0
9190,2,27.662793121167656,27.662793121167656,100.0
9200,0,11.499632267731275,11.499632267731275,100.0
9200,1,49.390135877074485,49.390135877074485,100.0
9200,2,39.11023185519424,39.11023185519424,100.0
9210,0,11.538164092860494,11.538164092860494,100.0
9210,1,12.27553086802679,12.27553086802679,100.0
9210,2,76.18630503911271,76.18630503911271,100.0
9220,0,51.75687053309592,51.75687053309592,100.0
9220,1,12.613310312702925,12.613310312702925,100.0
9220,2,35.62981915420116,35.62981915420116,100.0
9230,0,58.17029025026754,58.17029025026754,100.0
9230,1,25.705150125269547,25.705150125269547,100.0
9230,2,16.124559624462897,16.124559624462897,100.0
9240,0,72.8571366895644,72.8571366895644,100.0
9240,1,15.212903044859468,15.212903044859468,100.0
9240,2,11.929960265576122,11.929960265576122,100.0
9250,0,61.83910459223283,61.83910459223283,100.0
9250,1,20.685830014613888,20.685830014613888,100.0
9250,2,17.47506539315329,17.47506539315329,100.0
9260,0,34.11582889028363,34.11582889028363,100.0
9260,1,43.961023567459954,43.961023567459954,100.0
9260,2,21.923147542256412,21.923147542256412,100.0
9270,0,12.204079029546158,12.204079029546158,100.0
9270,1,11.615051322393173,11.615051322393173,100.0
9270,2,76.18086964806066,76.18086964806066,100.0
9280,0,14.392627643092803,14.392627643092803,100.0
9280,1,53.69970803183838,53.69970803183838,100.0
9280,2,31.90766432506881,31.90766432506881,100.0
9290,0,35.757928843065336,35.757928843065336,100.0
9290,1,42.348380988652686,42.348380988652686,100.0
9290,2,21.89369016828199,21.89369016828199,100.0
9300,0,30.915111342387625,30.915111342387625,100.0
9300,1,45.492534987253926,45.492534987253926,100.0
9300,2,23.592353670358452,23.592353670358452,100.0
9310,0,10.268241605914968,10.268241605914968,100.0
9310,1,32.84536262620881,32.84536262620881,100.0
9310,2,56.886395767876216,56.886395767876216,100.0
9320,0,17.736267944576984,17.736267944576984,100.0
9320,1,68.56626865371003,68.56626865371003,100.0
9320,2,13.697463401713,13.697463401713,100.0
9330,0,11.832019901087868,11.832019901087868,100.0
9330,1,11.501429508081447,11.501429508081447,100.0
9330,2,76.66655059083068,76.66655059083068,100.0
9340,0,39.850400343486214,39.850400343486214,100.0
9340,1,11.408305886259743,11.408305886259743,100.0
9340,2,48.74129377025404,48.74129377025404,100.0
9350,0,64.94938121605442,64.94938121605442,100.0
9350,1,17.493919500821516,17.493919500821516,100.0
9350,2,17.556699283124054,17.556699283124054,100.0
9360,0,15.641264745242495,15.641264745242495,100.0
9360,1,33.426933280314685,33.426933280314685,100.0
9360,2,50.93180197444281,50.93180197444281,100.0
9370,0,62.19719890783193,62.19719890783193,100.0
9370,1,27.135592560463667,27.135592560463667,100.0
9370,2,10.667208531704397,10.667208531704397,100.0
9380,0,22.263653933247387,22.263653933247387,100.0
9380,1,42.1977738041968,42.1977738041968,100.0
9380,2,35.53857226255582,35.53857226255582,100.0
9390,0,11.357837064926061,11.357837064926061,100.0
9390,1,11.154339951496945,11.154339951496945,100.0
9390,2,77.48782298357699,77.48782298357699,100.0
9400,0,22.417666285988158,22.417666285988158,100.0
9400,1,46.52665193950084,46.52665193950084,100.0
9400,2,31.05568177451101,31.05568177451101,100.0
9410,0,18.594139304426943,18.594139304426943,100.0
9410,1,37.51676390217899,37.51676390217899,100.0
9410,2,43.88909679339406,43.88909679339406,100.0
9420,0,9.451056441288058,9.451056441288058,100.0
9420,1,48.48588230324267,48.48588230324267,100.0
9420,2,42.063061255469286,42.063061255469286,100.0
9430,0,38.61026812176999,38.61026812176999,100.0
9430,1,26.645293508050234,26.645293508050234,100.0
9430,2,34.744438370179765,34.744438370179765,100.0
9440,0,34.58572497842364,34.58572497842364,100.0
9440,1,43.983027341471946,43.983027341471946,100.0
9440,2,21.431247680104416,21.431247680104416,100.0
9450,0,11.98453720752224,11.98453720752224,100.0
9450,1,11.441410753541003,11.441410753541003,100.0
9450,2,76.57405203893676,76.57405203893676,100.0
9460,0,48.18772924816518,48.18772924816518,100.0
9460,1,24.838873970477717,24.838873970477717,100.0
9460,2,26.973396781357106,26.973396781357106,100.0
9470,0,46.00355911580662,46.00355911580662,100.0
9470,1,24.663397461984143,24.663397461984143,100.0
9470,2,29.333043422209233,29.333043422209233,100.0
9480,0,51.5710932206443,51.5710932206443,100.0
9480,1,19.029667170741746,19.029667170741746,100.0
9480,2,29.399239608613946,29.399239608613946,100.0
9490,0,34.51380600459658,34.51380600459658,100.0
9490,1,37.813485808259614,37.813485808259614,100.0
9490,2,27.6727081871438,27.6727081871438,100.0
9500,0,42.97969005316706,42.97969005316706,100.0
9500,1,23.318979968309684,23.318979968309684,100.0
9500,2,33.70132997852325,33.70132997852325,100.0
9510,0,25.624326884190772,25.624326884190772,100.0
9510,1,27.50172132298899,27.50172132298899,100.0
9510,2,46.87395179282025,46.87395179282025,100.0
9520,0,39.85803727972083,39.85803727972083,100.0
9520,1,32.46776827503941,32.46776827503941,100.0
9520,2,27.674194445239753,27.674194445239753,100.0
9530,0,34.061650180003696,34.061650180003696,100.0
9530,1,26.5702328097642,26.5702328097642,100.0
9530,2,39.36811701023212,39.36811701023212,100.0
9540,0,31.395558924711096,31.395558924711096,100.0
9540,1,25.669757630222268,25.669757630222268,100.0
9540,2,42.93468344506663,42.93468344506663,100.0
9550,0,40.12864135841901,40.12864135841901,100.0
9550,1,24.97814869980094,24.97814869980094,100.0
9550,2,34.89320994178005,34.89320994178005,100.0
9560,0,44.89283124501753,44.89283124501753,100.0
9560,1,27.956862958433387,27.956862958433387,100.0
9560,2,27.150305796549073,27.150305796549073,100.0
9570,0,16.916188551592075,16.916188551592075,100.0
9570,1,16.584503478585177,16.584503478585177,100.0
9570,2,66.49930796982274,66.49930796982274,100.0
9580,0,67.246668461662,67.246668461662,100.0
9580,1,15.834042633618504,15.834042633618504,100.0
9580,2,16.919288904719515,16.919288904719515,100.0
9590,0,62.312612096458565,62.312612096458565,100.0
9590,1,16.430750401522985,16.430750401522985,100.0
9590,2,21.25663750201845,21.25663750201845,100.0
9600,0,35.130341619174416,35.130341619174416,100.0
9600,1,35.560403714560714,35.560403714560714,100.0
9600,2,29.309254666264874,29.309254666264874,100.0
9610,0,31.125091874805165,31.125091874805165,100.0
9610,1,32.56427752682026,32.56427752682026,100.0
9610,2,36.31063059837458,36.31063059837458,100.0
9620,0,42.484480623868805,42.484480623868805,100.0
9620,1,32.40372039362222,32.40372039362222,100.0
9620,2,25.111798982508958,25.111798982508958,100.0
9630,0,13.988255169943328,13.988255169943328,100.0
9630,1,14.880420034686262,14.880420034686262,100.0
9630,2,71.1313247953704,71.1313247953704,100.0
9640,0,49.655109818179966,49.655109818179966,100.0
9640,1,12.532066652777113,12.532066652777113,100.0
9640,2,37.81282352904293,37.81282352904293,100.0
9650,0,34.8710528495449,34.8710528495449,100.0
9650,1,20.64878230745466,20.64878230745466,100.0
9650,2,44.480164843000445,44.480164843000445,100.0
9660,0,23.889953517698824,23.889953517698824,100.0
9660,1,29.4300680084277,29.4300680084277,100.0
9660,2,46.679978473873476,46.679978473873476,100.0
9670,0,33.44200881707257,33.44200881707257,100.0
9670,1,51.349590436372495,51.349590436372495,100.0
9670,2,15.20840074655493,15.20840074655493,100.0
9680,0,17.348792075356858,17.348792075356858,100.0
9680,1,25.48603626316795,25.48603626316795,100.0
9680,2,57.1651716614752,57.1651716614752,100.0
9690,0,18.299956340616543,18.299956340616543,100.0
9690,1,10.662302129813373,10.662302129813373,100.0
9690,2,71.03774152957008,71.03774152957008,100.0
9700,0,39.78879480653324,39.78879480653324,100.0
9700,1,33.08752967605326,33.08752967605326,100.0
9700,2,27.123675517413503,27.123675517413503,100.0
9710,0,13.758621080456459,13.758621080456459,100.0
9710,1,28.997730664829675,28.997730664829675,100.0
9710,2,57.24364825471386,57.24364825471386,100.0
9720,0,16.75035728351357,16.75035728351357,100.0
9720,1,42.2171316518166,42.2171316518166,100.0
9720,2,41.03251106466984,41.03251106466984,100.0
9730,0,55.19131557455697,55.19131557455697,100.0
9730,1,32.18738904384693,32.18738904384693,100.0
9730,2,12.62129538159611,12.62129538159611,100.0
9740,0,43.65789188336088,43.65789188336088,100.0
9740,1,21.31108299070914,21.31108299070914,100.0
9740,2,35.03102512592997,35.03102512592997,100.0
9750,0,12.335060024401091,12.335060024401091,100.0
9750,1,12.580634911690447,12.580634911690447,100.0
9750,2,75.08430506390846,75.08430506390846,100.0
9760,0,28.288511964855832,28.288511964855832,100.0
9760,1,50.578836664733714,50.578836664733714,100.0
9760,2,21.132651370410453,21.132651370410453,100.0
9770,0,24.207733609262743,24.207733609262743,100.0
9770,1,54.99738514568063,54.99738514568063,100.0
9770,2,20.794881245056633,20.794881245056633,100.0
9780,0,39.66500591741598,39.66500591741598,100.0
9780,1,10.219685568158603,10.219685568158603,100.0
9780,2,50.115308514425415,50.115308514425415,100.0
9790,0,24.43070079744245,24.43070079744245,100.0
9790,1,25.85359004571437,25.85359004571437,100.0
9790,2,49.715709156843175,49.715709156843175,100.0
9800,0,72.00081229412132,72.00081229412132,100.0
9800,1,12.050961094126796,12.050961094126796,100.0
9800,2,15.948226611751885,15.948226611751885,100.0
9810,0,13.008379976007603,13.008379976007603,100.0
9810,1,13.694513241034493,13.694513241034493,100.0
9810,2,73.29710678295791,73.29710678295791,100.0
9820,0,41.58834304908061,41.58834304908061,100.0
9820,1,29.302736013383353,29.302736013383353,100.0
9820,2,29.10892093753603,29.10892093753603,100.0
9830,0,15.53995103486581,15.53995103486581,100.0
9830,1,32.98995808038717,32.98995808038717,100.0
9830,2,51.47009088474702,51.47009088474702,100.0
9840,0,33.218480970436495,33.218480970436495,100.0
9840,1,18.761219886708975,18.761219886708975,100.0
9840,2,48.02029914285453,48.02029914285453,100.0
9850,0,19.115182613730603,19.115182613730603,100.0
9850,1,30.599836789579797,30.599836789579797,100.0
9850,2,50.2849805966896,50.2849805966896,100.0
9860,0,55.35178134152269,55.35178134152269,100.0
9860,1,14.726336569552641,14.726336569552641,100.0
9860,2,29.92188208892466,29.92188208892466,100.0
9870,0,15.35744099225645,15.35744099225645,100.0
9870,1,15.146916612973296,15.146916612973296,100.0
9870,2,69.49564239477026,69.49564239477026,100.0
9880,0,28.08635295862582,28.08635295862582,100.0
9880,1,22.142892817818616,22.142892817818616,100.0
9880,2,49.77075422355557,49.77075422355557,100.0
9890,0,37.3082708756013,37.3082708756013,100.0
9890,1,25.229589922308833,25.229589922308833,100.0
9890,2,37.462139202089865,37.462139202089865,100.0
9900,0,52.93146250473559,52.93146250473559,100.0
9900,1,35.59146866331645,35.59146866331645,100.0
9900,2,11.477068831947966,11.477068831947966,100.0
9910,0,40.83484750621152,40.83484750621152,100.0
9910,1,48.568243971236384,48.568243971236384,100.0
9910,2,10.596908522552102,10.596908522552102,100.0
9920,0,61.61110994212511,61.61110994212511,100.0
9920,1,15.853667233530084,15.853667233530084,100.0
9920,2,22.53522282434482,22.53522282434482,100.0
9930,0,14.120698249287756,14.120698249287756,100.0
9930,1,13.998978262333267,13.998978262333267,100.0
9930,2,71.88032348837898,71.88032348837898,100.0
9940,0,35.02707622721602,35.02707622721602,100.0
9940,1,43.87115872040625,43.87115872040625,100.0
9940,2,21.10176505237774,21.10176505237774,100.0
9950,0,11.941570374968206,11.941570374968206,100.0
9950,1,31.011936352347963,31.011936352347963,100.0
9950,2,57.04649327268383,57.04649327268383,100.0
9960,0,37.18358177232632,37.18358177232632,100.0
9960,1,32.759155136077325,32.759155136077325,100.0
9960,2,30.057263091596358,30.057263091596358,100.0
9970,0,54.59755631830217,54.59755631830217,100.0
9970,1,18.825241618477484,18.825241618477484,100.0
9970,2,26.577202063220362,26.577202063220362,100.0
9980,0,37.5147658827291,37.5147658827291,100.0
9980,1,44.22284528145561,44.22284528145561,100.0
9980,2,18.262388835815287,18.262388835815287,100.0
9990,0,11.367555820603947,11.367555820603947,100.0
9990,1,12.683065257277299,12.683065257277299,100.0
9990,2,75.94937892211875,75.94937892211875,100.0
