timestamp,sliceId,dedicatedPRB,minPRB,maxPRB
510,0,11.796551800142552,11.796551800142552,100.0
510,1,14.20925320671254,14.20925320671254,100.0
510,2,73.9941949931449,73.9941949931449,100.0
520,0,12.356254134287052,12.356254134287052,100.0
520,1,49.28481001492037,49.28481001492037,100.0
520,2,38.35893585079259,38.35893585079259,100.0
530,0,8.170748401332323,8.170748401332323,100.0
530,1,45.713765152183925,45.713765152183925,100.0
530,2,46.11548644648376,46.11548644648376,100.0
540,0,45.70887034882261,45.70887034882261,100.0
540,1,36.776168669821466,36.776168669821466,100.0
540,2,17.514960981355927,17.514960981355927,100.0
550,0,22.805905334288784,22.805905334288784,100.0
550,1,13.2622806721572,13.2622806721572,100.0
550,2,63.93181399355401,63.93181399355401,100.0
560,0,26.31136728664397,26.31136728664397,100.0
560,1,40.19922469201709,40.19922469201709,100.0
560,2,33.48940802133894,33.48940802133894,100.0
570,0,12.45803376296633,12.45803376296633,100.0
570,1,12.842469757825645,12.842469757825645,100.0
570,2,74.69949647920802,74.69949647920802,100.0
580,0,13.988342825092728,13.988342825092728,100.0
580,1,17.999139133382194,17.999139133382194,100.0
580,2,68.01251804152508,68.01251804152508,100.0
590,0,33.71684590480956,33.71684590480956,100.0
590,1,33.0536742883562,33.0536742883562,100.0
590,2,33.229479806834235,33.229479806834235,100.0
600,0,25.944256800304878,25.944256800304878,100.0
600,1,15.168063432223006,15.168063432223006,100.0
600,2,58.887679767472115,58.887679767472115,100.0
610,0,58.01799705422024,58.01799705422024,100.0
610,1,19.028592193114783,19.028592193114783,100.0
610,2,22.953410752664986,22.953410752664986,100.0
620,0,25.805644273917405,25.805644273917405,100.0
620,1,38.46930587733212,38.46930587733212,100.0
620,2,35.72504984875047,35.72504984875047,100.0
630,0,12.660003866754696,12.660003866754696,100.0
630,1,12.095337751374739,12.095337751374739,100.0
630,2,75.24465838187056,75.24465838187056,100.0
640,0,51.08464883020222,51.08464883020222,100.0
640,1,27.94531258823816,27.94531258823816,100.0
640,2,20.97003858155962,20.97003858155962,100.0
650,0,18.165757163205328,18.165757163205328,100.0
650,1,11.94270258624743,11.94270258624743,100.0
650,2,69.89154025054725,69.89154025054725,100.0
660,0,42.01705091591026,42.01705091591026,100.0
660,1,22.687161713004215,22.687161713004215,100.0
660,2,35.29578737108554,35.29578737108554,100.0
670,0,53.13232349000846,53.13232349000846,100.0
670,1,13.2563732488736,13.2563732488736,100.0
670,2,33.61130326111794,33.61130326111794,100.0
680,0,38.704692250352174,38.704692250352174,100.0
680,1,13.76618705128465,13.76618705128465,100.0
680,2,47.52912069836318,47.52912069836318,100.0
690,0,13.161355696094393,13.161355696094393,100.0
690,1,11.360289197322542,11.360289197322542,100.0
690,2,75.47835510658307,75.47835510658307,100.0
700,0,26.972542165690726,26.972542165690726,100.0
700,1,29.1317536968182,29.1317536968182,100.0
700,2,43.89570413749107,43.89570413749107,100.0
710,0,11.058768511473618,11.058768511473618,100.0
710,1,48.50639900763159,48.50639900763159,100.0
710,2,40.4348324808948,40.4348324808948,100.0
720,0,27.69736792030545,27.69736792030545,100.0
720,1,27.576452473729496,27.576452473729496,100.0
720,2,44.72617960596505,44.72617960596505,100.0
730,0,22.242672092785135,22.242672092785135,100.0
730,1,44.707014034278586,44.707014034278586,100.0
730,2,33.05031387293628,33.05031387293628,100.0
740,0,34.9121862384658,34.9121862384658,100.0
740,1,24.137050127036503,24.137050127036503,100.0
740,2,40.9507636344977,40.9507636344977,100.0
750,0,14.992050233007259,14.992050233007259,100.0
750,1,15.424589176064554,15.424589176064554,100.0
750,2,69.5833605909282,69.5833605909282,100.0
760,0,53.973721905030516,53.973721905030516,100.0
760,1,22.329541787456293,22.329541787456293,100.0
760,2,23.696736307513202,23.696736307513202,100.0
770,0,29.89161079921338,29.89161079921338,100.0
770,1,40.66129357810405,40.66129357810405,100.0
770,2,29.447095622682568,29.447095622682568,100.0
780,0,22.17584717609676,22.17584717609676,100.0
780,1,18.430243806037417,18.430243806037417,100.0
780,2,59.39390901786583,59.39390901786583,100.0
790,0,45.00884992226746,45.00884992226746,100.0
790,1,38.451610921274685,38.451610921274685,100.0
790,2,16.539539156457845,16.539539156457845,100.0
800,0,36.41536264371826,36.41536264371826,100.0
800,1,12.184962047176725,12.184962047176725,100.0
800,2,51.39967530910502,51.39967530910502,100.0
810,0,17.322220355470133,17.322220355470133,100.0
810,1,11.223923919295634,11.223923919295634,100.0
810,2,71.45385572523423,71.45385572523423,100.0
820,0,19.44517466369097,19.44517466369097,100.0
820,1,31.990741630322546,31.990741630322546,100.0
820,2,48.564083705986484,48.564083705986484,100.0
830,0,37.821762435125365,37.821762435125365,100.0
830,1,12.88766580730856,12.88766580730856,100.0
830,2,49.29057175756608,49.29057175756608,100.0
840,0,12.720692871936986,12.720692871936986,100.0
840,1,55.457517751537466,55.457517751537466,100.0
840,2,31.821789376525544,31.821789376525544,100.0
850,0,61.17532953821125,61.17532953821125,100.0
850,1,24.175451748628017,24.175451748628017,100.0
850,2,14.649218713160735,14.649218713160735,100.0
860,0,21.20870984009745,21.20870984009745,100.0
860,1,17.217433760076176,17.217433760076176,100.0
860,2,61.573856399826376,61.573856399826376,100.0
870,0,10.286448749823004,10.286448749823004,100.0
870,1,43.428042253452595,43.428042253452595,100.0
870,2,46.28550899672441,46.28550899672441,100.0
880,0,57.79871691708776,57.79871691708776,100.0
880,1,22.626157964310842,22.626157964310842,100.0
880,2,19.57512511860141,19.57512511860141,100.0
890,0,38.40788491849062,38.40788491849062,100.0
890,1,10.443373125281115,10.443373125281115,100.0
890,2,51.148741956228264,51.148741956228264,100.0
900,0,22.26159862811081,22.26159862811081,100.0
900,1,55.85334705673628,55.85334705673628,100.0
900,2,21.885054315152896,21.885054315152896,100.0
910,0,34.06945313898652,34.06945313898652,100.0
910,1,32.80991567023951,32.80991567023951,100.0
910,2,33.12063119077398,33.12063119077398,100.0
920,0,33.34310522298426,33.34310522298426,100.0
920,1,28.824431214907563,28.824431214907563,100.0
920,2,37.832463562108174,37.832463562108174,100.0
930,0,14.788111055568102,14.788111055568102,100.0
930,1,11.568540283084126,11.568540283084126,100.0
930,2,73.64334866134777,73.64334866134777,100.0
940,0,20.024690839242258,20.024690839242258,100.0
940,1,39.24629354580384,39.24629354580384,100.0
940,2,40.729015614953894,40.729015614953894,100.0
950,0,22.52907763688705,22.52907763688705,100.0
950,1,50.39141151026071,50.39141151026071,100.0
950,2,27.07951085285224,27.07951085285224,100.0
960,0,46.714542053998336,46.714542053998336,100.0
960,1,25.09294938321098,25.09294938321098,100.0
960,2,28.192508562790696,28.192508562790696,100.0
970,0,34.075838164002135,34.075838164002135,100.0
970,1,36.478125507709144,36.478125507709144,100.0
970,2,29.446036328288727,29.446036328288727,100.0
980,0,22.09670770560637,22.09670770560637,100.0
980,1,41.470164956905684,41.470164956905684,100.0
980,2,36.43312733748795,36.43312733748795,100.0
990,0,15.503419003365368,15.503419003365368,100.0
990,1,12.770321869727233,12.770321869727233,100.0
990,2,71.7262591269074,71.7262591269074,100.0
1000,0,68.33266620591755,68.33266620591755,100.0
1000,1,11.612354383098134,11.612354383098134,100.0
1000,2,20.054979410984323,20.054979410984323,100.0
1010,0,33.91421002955562,33.91421002955562,100.0
1010,1,25.784950770717717,25.784950770717717,100.0
1010,2,40.30083919972667,40.30083919972667,100.0
1020,0,42.458984856570694,42.458984856570694,100.0
1020,1,39.942435956125784,39.942435956125784,100.0
1020,2,17.598579187303528,17.598579187303528,100.0
1030,0,16.92715585221234,16.92715585221234,100.0
1030,1,11.644537875965872,11.644537875965872,100.0
1030,2,71.42830627182178,71.42830627182178,100.0
1040,0,12.568413660007744,12.568413660007744,100.0
1040,1,24.183858892440266,24.183858892440266,100.0
1040,2,63.247727447551995,63.247727447551995,100.0
1050,0,51.35656511981793,51.35656511981793,100.0
1050,1,20.26252763607309,20.26252763607309,100.0
1050,2,28.380907244108982,28.380907244108982,100.0
1060,0,33.94249061888614,33.94249061888614,100.0
1060,1,41.96382914299316,41.96382914299316,100.0
1060,2,24.093680238120704,24.093680238120704,100.0
1070,0,26.39044552982517,26.39044552982517,100.0
1070,1,25.52104150221807,25.52104150221807,100.0
1070,2,48.08851296795677,48.08851296795677,100.0
1080,0,14.50117379566756,14.50117379566756,100.0
1080,1,68.85616459409228,68.85616459409228,100.0
1080,2,16.642661610240157,16.642661610240157,100.0
1090,0,22.262433291874437,22.262433291874437,100.0
1090,1,15.698646814000927,15.698646814000927,100.0
1090,2,62.03891989412463,62.03891989412463,100.0
1100,0,21.243651261410417,21.243651261410417,100.0
1100,1,24.62830034535918,24.62830034535918,100.0
1100,2,54.1280483932304,54.1280483932304,100.0
1110,0,26.30290095362679,26.30290095362679,100.0
1110,1,41.110128819032646,41.110128819032646,100.0
1110,2,32.58697022734056,32.58697022734056,100.0
1120,0,52.24268019948756,52.24268019948756,100.0
1120,1,14.09889033537968,14.09889033537968,100.0
1120,2,33.65842946513276,33.65842946513276,100.0
1130,0,26.17001656491869,26.17001656491869,100.0
1130,1,19.896848889949638,19.896848889949638,100.0
1130,2,53.93313454513168,53.93313454513168,100.0
1140,0,68.3217221146723,68.3217221146723,100.0
1140,1,15.041291516146382,15.041291516146382,100.0
1140,2,16.636986369181315,16.636986369181315,100.0
1150,0,17.003967935819272,17.003967935819272,100.0
1150,1,56.24861813367923,56.24861813367923,100.0
1150,2,26.74741393050151,26.74741393050151,100.0
1160,0,25.611694142734322,25.611694142734322,100.0
1160,1,11.64137224286794,11.64137224286794,100.0
1160,2,62.74693361439774,62.74693361439774,100.0
1170,0,38.24247735340611,38.24247735340611,100.0
1170,1,28.08219574349869,28.08219574349869,100.0
1170,2,33.675326903095204,33.675326903095204,100.0
1180,0,20.205051105227984,20.205051105227984,100.0
1180,1,27.906438679794803,27.906438679794803,100.0
1180,2,51.88851021497721,51.88851021497721,100.0
1190,0,16.508689354169103,16.508689354169103,100.0
1190,1,46.91520539832917,46.91520539832917,100.0
1190,2,36.57610524750173,36.57610524750173,100.0
1200,0,13.989319841760611,13.989319841760611,100.0
1200,1,29.659608407269207,29.659608407269207,100.0
1200,2,56.351071750970185,56.351071750970185,100.0
1210,0,35.57553200383084,35.57553200383084,100.0
1210,1,36.93920074314004,36.93920074314004,100.0
1210,2,27.48526725302913,27.48526725302913,100.0
1220,0,49.13657948569379,49.13657948569379,100.0
1220,1,41.0451219654011,41.0451219654011,100.0
1220,2,9.818298548905116,9.818298548905116,100.0
1230,0,11.58319979714388,11.58319979714388,100.0
1230,1,11.061000525218557,11.061000525218557,100.0
1230,2,77.35579967763756,77.35579967763756,100.0
1240,0,20.0387461624882,20.0387461624882,100.0
1240,1,14.563985591048692,14.563985591048692,100.0
1240,2,65.39726824646311,65.39726824646311,100.0
1250,0,32.03365577806266,32.03365577806266,100.0
1250,1,13.07107821323844,13.07107821323844,100.0
1250,2,54.895266008698904,54.895266008698904,100.0
1260,0,27.86150543683833,27.86150543683833,100.0
1260,1,20.53850522177048,20.53850522177048,100.0
1260,2,51.59998934139119,51.59998934139119,100.0
1270,0,14.059991460431096,14.059991460431096,100.0
1270,1,16.846599004298007,16.846599004298007,100.0
1270,2,69.0934095352709,69.0934095352709,100.0
1280,0,27.176021645337233,27.176021645337233,100.0
1280,1,34.97903549782437,34.97903549782437,100.0
1280,2,37.84494285683839,37.84494285683839,100.0
1290,0,18.253432702821122,18.253432702821122,100.0
1290,1,13.439052986462507,13.439052986462507,100.0
1290,2,68.30751431071637,68.30751431071637,100.0
1300,0,11.631793736510849,11.631793736510849,100.0
1300,1,17.861915166717164,17.861915166717164,100.0
1300,2,70.50629109677199,70.50629109677199,100.0
1310,0,14.290033941447538,14.290033941447538,100.0
1310,1,36.39562099373061,36.39562099373061,100.0
1310,2,49.31434506482186,49.31434506482186,100.0
1320,0,33.83244471116102,33.83244471116102,100.0
1320,1,30.26046374487817,30.26046374487817,100.0
1320,2,35.90709154396082,35.90709154396082,100.0
1330,0,49.33910501467989,49.33910501467989,100.0
1330,1,17.017421624551513,17.017421624551513,100.0
1330,2,33.6434733607686,33.6434733607686,100.0
1340,0,36.631108183232975,36.631108183232975,100.0
1340,1,42.111675330248225,42.111675330248225,100.0
1340,2,21.25721648651881,21.25721648651881,100.0
1350,0,39.375754552827004,39.375754552827004,100.0
1350,1,11.91684891605779,11.91684891605779,100.0
1350,2,48.70739653111521,48.70739653111521,100.0
1360,0,35.9193636331507,35.9193636331507,100.0
1360,1,13.526525230328424,13.526525230328424,100.0
1360,2,50.55411113652089,50.55411113652089,100.0
1370,0,40.67137420001494,40.67137420001494,100.0
1370,1,38.82341088980923,38.82341088980923,100.0
1370,2,20.50521491017583,20.50521491017583,100.0
1380,0,10.518879637513317,10.518879637513317,100.0
1380,1,24.807891472148956,24.807891472148956,100.0
1380,2,64.67322889033773,64.67322889033773,100.0
1390,0,27.917398428334405,27.917398428334405,100.0
1390,1,33.269290508758296,33.269290508758296,100.0
1390,2,38.8133110629073,38.8133110629073,100.0
1400,0,31.981416374016447,31.981416374016447,100.0
1400,1,52.52779975547289,52.52779975547289,100.0
1400,2,15.490783870510649,15.490783870510649,100.0
1410,0,16.838339471051817,16.838339471051817,100.0
1410,1,10.640394939945459,10.640394939945459,100.0
1410,2,72.52126558900272,72.52126558900272,100.0
1420,0,29.29681940173902,29.29681940173902,100.0
1420,1,28.047907819085193,28.047907819085193,100.0
1420,2,42.65527277917578,42.65527277917578,100.0
1430,0,31.154933082378637,31.154933082378637,100.0
1430,1,34.395839776368916,34.395839776368916,100.0
1430,2,34.44922714125245,34.44922714125245,100.0
1440,0,50.90826364301311,50.90826364301311,100.0
1440,1,21.219772458862302,21.219772458862302,100.0
1440,2,27.87196389812459,27.87196389812459,100.0
1450,0,22.769836552565053,22.769836552565053,100.0
1450,1,11.769865615689538,11.769865615689538,100.0
1450,2,65.46029783174541,65.46029783174541,100.0
1460,0,9.650265647642343,9.650265647642343,100.0
1460,1,55.09359183452926,55.09359183452926,100.0
1460,2,35.2561425178284,35.2561425178284,100.0
1470,0,12.835466155954819,12.835466155954819,100.0
1470,1,12.63159471837163,12.63159471837163,100.0
1470,2,74.53293912567355,74.53293912567355,100.0
1480,0,19.116888471287194,19.116888471287194,100.0
1480,1,20.14835029399098,20.14835029399098,100.0
1480,2,60.73476123472184,60.73476123472184,100.0
1490,0,11.851965091483002,11.851965091483002,100.0
1490,1,46.22993343788934,46.22993343788934,100.0
1490,2,41.91810147062766,41.91810147062766,100.0
1500,0,10.97136183625701,10.97136183625701,100.0
1500,1,22.829201368886025,22.829201368886025,100.0
1500,2,66.19943679485696,66.19943679485696,100.0
1510,0,13.509214091052634,13.509214091052634,100.0
1510,1,58.71185180778139,58.71185180778139,100.0
1510,2,27.77893410116598,27.77893410116598,100.0
1520,0,16.227283191085615,16.227283191085615,100.0
1520,1,12.563866327554182,12.563866327554182,100.0
1520,2,71.2088504813602,71.2088504813602,100.0
1530,0,24.371313075039915,24.371313075039915,100.0
1530,1,34.87252931750254,34.87252931750254,100.0
1530,2,40.756157607457546,40.756157607457546,100.0
1540,0,48.881269524245766,48.881269524245766,100.0
1540,1,7.225097310441855,7.225097310441855,100.0
1540,2,43.893633165312366,43.893633165312366,100.0
1550,0,10.361204206099998,10.361204206099998,100.0
1550,1,29.365718954444027,29.365718954444027,100.0
1550,2,60.273076839455975,60.273076839455975,100.0
1560,0,34.569144842501565,34.569144842501565,100.0
1560,1,36.214353782057465,36.214353782057465,100.0
1560,2,29.216501375440966,29.216501375440966,100.0
1570,0,19.42286860934876,19.42286860934876,100.0
1570,1,21.292604372023657,21.292604372023657,100.0
1570,2,59.284527018627585,59.284527018627585,100.0
1580,0,22.645680553347894,22.645680553347894,100.0
1580,1,19.770206839798995,19.770206839798995,100.0
1580,2,57.58411260685311,57.58411260685311,100.0
1590,0,29.84220958749703,29.84220958749703,100.0
1590,1,29.425512538079868,29.425512538079868,100.0
1590,2,40.7322778744231,40.7322778744231,100.0
1600,0,63.88109299122525,63.88109299122525,100.0
1600,1,14.405838797968826,14.405838797968826,100.0
1600,2,21.713068210805933,21.713068210805933,100.0
1610,0,17.219955366793847,17.219955366793847,100.0
1610,1,11.58013187178296,11.58013187178296,100.0
1610,2,71.1999127614232,71.1999127614232,100.0
1620,0,11.86089370558884,11.86089370558884,100.0
1620,1,39.841944668561574,39.841944668561574,100.0
1620,2,48.2971616258496,48.2971616258496,100.0
1630,0,35.34781151297138,35.34781151297138,100.0
1630,1,48.65662659023961,48.65662659023961,100.0
1630,2,15.995561896789006,15.995561896789006,100.0
1640,0,13.925491003384153,13.925491003384153,100.0
1640,1,10.709077171269568,10.709077171269568,100.0
1640,2,75.36543182534629,75.36543182534629,100.0
1650,0,29.895377671849392,29.895377671849392,100.0
1650,1,13.912750328043094,13.912750328043094,100.0
1650,2,56.19187200010752,56.19187200010752,100.0
1660,0,16.166405500725027,16.166405500725027,100.0
1660,1,23.881608425314166,23.881608425314166,100.0
1660,2,59.95198607396082,59.95198607396082,100.0
1670,0,68.03926153269494,68.03926153269494,100.0
1670,1,18.898017094870585,18.898017094870585,100.0
1670,2,13.062721372434478,13.062721372434478,100.0
1680,0,26.994673695716813,26.994673695716813,100.0
1680,1,17.758081571862416,17.758081571862416,100.0
1680,2,55.24724473242076,55.24724473242076,100.0
1690,0,32.29042801915815,32.29042801915815,100.0
1690,1,50.75846299037161,50.75846299037161,100.0
1690,2,16.951108990470246,16.951108990470246,100.0
1700,0,50.129832302460095,50.129832302460095,100.0
1700,1,12.097594677944508,12.097594677944508,100.0
1700,2,37.7725730195954,37.7725730195954,100.0
1710,0,14.17882367047423,14.17882367047423,100.0
1710,1,16.888030067939024,16.888030067939024,100.0
1710,2,68.93314626158676,68.93314626158676,100.0
1720,0,46.374713909459345,46.374713909459345,100.0
1720,1,36.231784665901664,36.231784665901664,100.0
1720,2,17.393501424639002,17.393501424639002,100.0
1730,0,31.49430064977444,31.49430064977444,100.0
1730,1,36.710025825438215,36.710025825438215,100.0
1730,2,31.795673524787354,31.795673524787354,100.0
1740,0,21.13272436184491,21.13272436184491,100.0
1740,1,20.336830463843473,20.336830463843473,100.0
1740,2,58.530445174311616,58.530445174311616,100.0
1750,0,14.59367733682119,14.59367733682119,100.0
1750,1,41.98370428331988,41.98370428331988,100.0
1750,2,43.422618379858925,43.422618379858925,100.0
1760,0,39.6939247534926,39.6939247534926,100.0
1760,1,45.2472930452795,45.2472930452795,100.0
1760,2,15.058782201227908,15.058782201227908,100.0
1770,0,18.266873308021232,18.266873308021232,100.0
1770,1,13.025704954513564,13.025704954513564,100.0
1770,2,68.7074217374652,68.7074217374652,100.0
1780,0,46.71579278433721,46.71579278433721,100.0
1780,1,26.44547611320607,26.44547611320607,100.0
1780,2,26.83873110245672,26.83873110245672,100.0
1790,0,33.12553371568876,33.12553371568876,100.0
1790,1,50.394443553055446,50.394443553055446,100.0
1790,2,16.480022731255797,16.480022731255797,100.0
1800,0,36.33713849623278,36.33713849623278,100.0
1800,1,12.670527721938619,12.670527721938619,100.0
1800,2,50.99233378182861,50.99233378182861,100.0
1810,0,25.862235793873868,25.862235793873868,100.0
1810,1,24.535281098164276,24.535281098164276,100.0
1810,2,49.602483107961866,49.602483107961866,100.0
1820,0,19.440811248278912,19.440811248278912,100.0
1820,1,60.585833343225445,60.585833343225445,100.0
1820,2,19.973355408495642,19.973355408495642,100.0
1830,0,45.259378194978616,45.259378194978616,100.0
1830,1,9.726820877935133,9.726820877935133,100.0
1830,2,45.01380092708625,45.01380092708625,100.0
1840,0,29.823130331191646,29.823130331191646,100.0
1840,1,36.72930852615967,36.72930852615967,100.0
1840,2,33.44756114264868,33.44756114264868,100.0
1850,0,27.774138255690005,27.774138255690005,100.0
1850,1,35.531509500046376,35.531509500046376,100.0
1850,2,36.69435224426362,36.69435224426362,100.0
1860,0,11.673074460713355,11.673074460713355,100.0
1860,1,29.368957845525852,29.368957845525852,100.0
1860,2,58.95796769376081,58.95796769376081,100.0
1870,0,62.724046268374,62.724046268374,100.0
1870,1,22.043224290221474,22.043224290221474,100.0
1870,2,15.23272944140453,15.23272944140453,100.0
1880,0,31.518549924031298,31.518549924031298,100.0
1880,1,15.007424902961569,15.007424902961569,100.0
1880,2,53.474025173007135,53.474025173007135,100.0
1890,0,12.549574020908796,12.549574020908796,100.0
1890,1,15.938977255266682,15.938977255266682,100.0
1890,2,71.51144872382453,71.51144872382453,100.0
1900,0,16.792589240468693,16.792589240468693,100.0
1900,1,57.79627989026643,57.79627989026643,100.0
1900,2,25.411130869264873,25.411130869264873,100.0
1910,0,46.29005550120372,46.29005550120372,100.0
1910,1,17.772813225329966,17.772813225329966,100.0
1910,2,35.93713127346633,35.93713127346633,100.0
1920,0,17.052269729260967,17.052269729260967,100.0
1920,1,24.261659412680363,24.261659412680363,100.0
1920,2,58.686070858058685,58.686070858058685,100.0
1930,0,41.8284858897049,41.8284858897049,100.0
1930,1,36.199178629120084,36.199178629120084,100.0
1930,2,21.972335481175012,21.972335481175012,100.0
1940,0,46.4786515263066,46.4786515263066,100.0
1940,1,9.655126750475832,9.655126750475832,100.0
1940,2,43.86622172321756,43.86622172321756,100.0
1950,0,13.769676295311605,13.769676295311605,100.0
1950,1,15.73502177302181,15.73502177302181,100.0
1950,2,70.4953019316666,70.4953019316666,100.0
1960,0,8.275879295478953,8.275879295478953,100.0
1960,1,44.68371659991587,44.68371659991587,100.0
1960,2,47.04040410460519,47.04040410460519,100.0
1970,0,32.832634146369855,32.832634146369855,100.0
1970,1,31.776870986338228,31.776870986338228,100.0
1970,2,35.39049486729191,35.39049486729191,100.0
1980,0,8.633097637938588,8.633097637938588,100.0
1980,1,42.40660176588385,42.40660176588385,100.0
1980,2,48.96030059617757,48.96030059617757,100.0
1990,0,14.819325307552514,14.819325307552514,100.0
1990,1,27.68830399846769,27.68830399846769,100.0
1990,2,57.4923706939798,57.4923706939798,100.0
2000,0,22.569105532206677,22.569105532206677,100.0
2000,1,29.601740516829327,29.601740516829327,100.0
2000,2,47.829153950964,47.829153950964,100.0
2010,0,20.266442251492222,20.266442251492222,100.0
2010,1,12.561991287227103,12.561991287227103,100.0
2010,2,67.17156646128069,67.17156646128069,100.0
2020,0,13.748831220996365,13.748831220996365,100.0
2020,1,39.335339276269885,39.335339276269885,100.0
2020,2,46.91582950273375,46.91582950273375,100.0
2030,0,50.26405075880734,50.26405075880734,100.0
2030,1,9.313952397042161,9.313952397042161,100.0
2030,2,40.421996844150506,40.421996844150506,100.0
2040,0,44.30590826922268,44.30590826922268,100.0
2040,1,13.606626846499811,13.606626846499811,100.0
2040,2,42.087464884277516,42.087464884277516,100.0
2050,0,12.011602480325328,12.011602480325328,100.0
2050,1,29.96008147779012,29.96008147779012,100.0
2050,2,58.028316041884565,58.028316041884565,100.0
2060,0,16.190117436783932,16.190117436783932,100.0
2060,1,26.924448879922625,26.924448879922625,100.0
2060,2,56.88543368329344,56.88543368329344,100.0
2070,0,13.661507513131216,13.661507513131216,100.0
2070,1,62.813293225276745,62.813293225276745,100.0
2070,2,23.525199261592043,23.525199261592043,100.0
2080,0,12.495419907660967,12.495419907660967,100.0
2080,1,14.639215707137357,14.639215707137357,100.0
2080,2,72.86536438520169,72.86536438520169,100.0
2090,0,29.235348028602576,29.235348028602576,100.0
2090,1,27.649049470536184,27.649049470536184,100.0
2090,2,43.11560250086124,43.11560250086124,100.0
2100,0,14.198923288796166,14.198923288796166,100.0
2100,1,16.30546636310154,16.30546636310154,100.0
2100,2,69.4956103481023,69.4956103481023,100.0
2110,0,51.847947408379156,51.847947408379156,100.0
2110,1,9.720979779324173,9.720979779324173,100.0
2110,2,38.43107281229668,38.43107281229668,100.0
2120,0,43.35338752099739,43.35338752099739,100.0
2120,1,18.372412329314002,18.372412329314002,100.0
2120,2,38.27420014968862,38.27420014968862,100.0
2130,0,11.892957876876794,11.892957876876794,100.0
2130,1,11.977680335582631,11.977680335582631,100.0
2130,2,76.12936178754057,76.12936178754057,100.0
2140,0,29.003100308480224,29.003100308480224,100.0
2140,1,25.184998051252933,25.184998051252933,100.0
2140,2,45.81190164026685,45.81190164026685,100.0
2150,0,38.12034084181458,38.12034084181458,100.0
2150,1,46.38354740394632,46.38354740394632,100.0
2150,2,15.4961117542391,15.4961117542391,100.0
2160,0,26.22190464472034,26.22190464472034,100.0
2160,1,23.138689052116952,23.138689052116952,100.0
2160,2,50.639406303162716,50.639406303162716,100.0
2170,0,34.73358366195298,34.73358366195298,100.0
2170,1,46.31054909682285,46.31054909682285,100.0
2170,2,18.95586724122417,18.95586724122417,100.0
2180,0,21.215774829709353,21.215774829709353,100.0
2180,1,13.380214719254091,13.380214719254091,100.0
2180,2,65.40401045103657,65.40401045103657,100.0
2190,0,48.41718633858348,48.41718633858348,100.0
2190,1,21.49222579364918,21.49222579364918,100.0
2190,2,30.090587867767333,30.090587867767333,100.0
2200,0,37.39303523291554,37.39303523291554,100.0
2200,1,30.443257908702027,30.443257908702027,100.0
2200,2,32.16370685838244,32.16370685838244,100.0
2210,0,21.55145231690203,21.55145231690203,100.0
2210,1,17.539358435712167,17.539358435712167,100.0
2210,2,60.9091892473858,60.9091892473858,100.0
2220,0,23.449795001582096,23.449795001582096,100.0
2220,1,48.07897739214694,48.07897739214694,100.0
2220,2,28.471227606270972,28.471227606270972,100.0
2230,0,19.346362476135734,19.346362476135734,100.0
2230,1,28.83378306514519,28.83378306514519,100.0
2230,2,51.819854458719085,51.819854458719085,100.0
2240,0,30.890012663617984,30.890012663617984,100.0
2240,1,57.26898176528093,57.26898176528093,100.0
2240,2,11.8410055711011,11.8410055711011,100.0
2250,0,13.558059500227431,13.558059500227431,100.0
2250,1,12.182720629825065,12.182720629825065,100.0
2250,2,74.2592198699475,74.2592198699475,100.0
2260,0,43.07012469715608,43.07012469715608,100.0
2260,1,20.58280726312356,20.58280726312356,100.0
2260,2,36.34706803972036,36.34706803972036,100.0
2270,0,33.10383662811785,33.10383662811785,100.0
2270,1,46.01236277228614,46.01236277228614,100.0
2270,2,20.88380059959602,20.88380059959602,100.0
2280,0,18.649546528646226,18.649546528646226,100.0
2280,1,48.752098589759754,48.752098589759754,100.0
2280,2,32.59835488159402,32.59835488159402,100.0
2290,0,46.27906696667809,46.27906696667809,100.0
2290,1,26.139856212794125,26.139856212794125,100.0
2290,2,27.581076820527795,27.581076820527795,100.0
2300,0,61.47166221080377,61.47166221080377,100.0
2300,1,11.280306904671663,11.280306904671663,100.0
2300,2,27.24803088452457,27.24803088452457,100.0
2310,0,31.778336547819197,31.778336547819197,100.0
2310,1,10.016178453984985,10.016178453984985,100.0
2310,2,58.20548499819582,58.20548499819582,100.0
2320,0,12.391617540551033,12.391617540551033,100.0
2320,1,40.87015127791941,40.87015127791941,100.0
2320,2,46.73823118152956,46.73823118152956,100.0
2330,0,11.599134086530398,11.599134086530398,100.0
2330,1,39.19421829735592,39.19421829735592,100.0
2330,2,49.20664761611369,49.20664761611369,100.0
2340,0,44.01788192753663,44.01788192753663,100.0
2340,1,42.30626345770921,42.30626345770921,100.0
2340,2,13.67585461475417,13.67585461475417,100.0
2350,0,18.320496925406513,18.320496925406513,100.0
2350,1,17.62410505084922,17.62410505084922,100.0
2350,2,64.05539802374427,64.05539802374427,100.0
2360,0,22.828655454059852,22.828655454059852,100.0
2360,1,31.317526706463887,31.317526706463887,100.0
2360,2,45.85381783947627,45.85381783947627,100.0
2370,0,17.22166516656109,17.22166516656109,100.0
2370,1,11.02643420659745,11.02643420659745,100.0
2370,2,71.75190062684146,71.75190062684146,100.0
2380,0,32.57002740753763,32.57002740753763,100.0
2380,1,42.148820021830325,42.148820021830325,100.0
2380,2,25.281152570632052,25.281152570632052,100.0
2390,0,11.60130967402823,11.60130967402823,100.0
2390,1,41.58665535605986,41.58665535605986,100.0
2390,2,46.81203496991191,46.81203496991191,100.0
2400,0,38.011813247655994,38.011813247655994,100.0
2400,1,11.61589513082728,11.61589513082728,100.0
2400,2,50.372291621516716,50.372291621516716,100.0
2410,0,19.75455073165907,19.75455073165907,100.0
2410,1,10.010804005642946,10.010804005642946,100.0
2410,2,70.23464526269798,70.23464526269798,100.0
2420,0,43.620660959795025,43.620660959795025,100.0
2420,1,16.36939992772074,16.36939992772074,100.0
2420,2,40.00993911248423,40.00993911248423,100.0
2430,0,20.37424232272049,20.37424232272049,100.0
2430,1,19.335495607981446,19.335495607981446,100.0
2430,2,60.29026206929807,60.29026206929807,100.0
2440,0,35.98938521418333,35.98938521418333,100.0
2440,1,18.510447321662294,18.510447321662294,100.0
2440,2,45.50016746415438,45.50016746415438,100.0
2450,0,31.67723169557669,31.67723169557669,100.0
2450,1,26.403719959848036,26.403719959848036,100.0
2450,2,41.919048344575266,41.919048344575266,100.0
2460,0,20.506950069037426,20.506950069037426,100.0
2460,1,14.647259350112188,14.647259350112188,100.0
2460,2,64.84579058085038,64.84579058085038,100.0
2470,0,13.384954025708765,13.384954025708765,100.0
2470,1,66.67219802803146,66.67219802803146,100.0
2470,2,19.94284794625978,19.94284794625978,100.0
2480,0,42.057178192574554,42.057178192574554,100.0
2480,1,14.545685900093035,14.545685900093035,100.0
2480,2,43.397135907332405,43.397135907332405,100.0
2490,0,14.570842872901471,14.570842872901471,100.0
2490,1,12.022367568375662,12.022367568375662,100.0
2490,2,73.40678955872286,73.40678955872286,100.0
2500,0,32.38924431993502,32.38924431993502,100.0
2500,1,47.92321646748442,47.92321646748442,100.0
2500,2,19.687539212580564,19.687539212580564,100.0
2510,0,26.622099681440243,26.622099681440243,100.0
2510,1,37.797289480418755,37.797289480418755,100.0
2510,2,35.580610838141006,35.580610838141006,100.0
2520,0,72.53202251511495,72.53202251511495,100.0
2520,1,10.769662628653302,10.769662628653302,100.0
2520,2,16.69831485623176,16.69831485623176,100.0
2530,0,34.65763897620748,34.65763897620748,100.0
2530,1,46.48324069658641,46.48324069658641,100.0
2530,2,18.859120327206114,18.859120327206114,100.0
2540,0,17.96124581695832,17.96124581695832,100.0
2540,1,21.983592473000744,21.983592473000744,100.0
2540,2,60.05516171004094,60.05516171004094,100.0
2550,0,19.48016434036254,19.48016434036254,100.0
2550,1,63.47248704778475,63.47248704778475,100.0
2550,2,17.0473486118527,17.0473486118527,100.0
2560,0,33.70057124452083,33.70057124452083,100.0
2560,1,10.505917374912132,10.505917374912132,100.0
2560,2,55.793511380567026,55.793511380567026,100.0
2570,0,24.46197517976883,24.46197517976883,100.0
2570,1,28.15816553541649,28.15816553541649,100.0
2570,2,47.37985928481467,47.37985928481467,100.0
2580,0,24.995556101204812,24.995556101204812,100.0
2580,1,38.31174323814462,38.31174323814462,100.0
2580,2,36.69270066065056,36.69270066065056,100.0
2590,0,25.34189950753814,25.34189950753814,100.0
2590,1,35.17129371192151,35.17129371192151,100.0
2590,2,39.486806780540356,39.486806780540356,100.0
2600,0,40.17487031034877,40.17487031034877,100.0
2600,1,17.900067123356507,17.900067123356507,100.0
2600,2,41.92506256629473,41.92506256629473,100.0
2610,0,13.227691474305377,13.227691474305377,100.0
2610,1,14.073613474343663,14.073613474343663,100.0
2610,2,72.69869505135095,72.69869505135095,100.0
2620,0,9.841970796522928,9.841970796522928,100.0
2620,1,34.825037005901656,34.825037005901656,100.0
2620,2,55.33299219757543,55.33299219757543,100.0
2630,0,21.86925945058312,21.86925945058312,100.0
2630,1,58.117935648210825,58.117935648210825,100.0
2630,2,20.012804901206056,20.012804901206056,100.0
2640,0,33.62637031064403,33.62637031064403,100.0
2640,1,13.342848308973371,13.342848308973371,100.0
2640,2,53.03078138038261,53.03078138038261,100.0
2650,0,8.570937004073542,8.570937004073542,100.0
2650,1,43.309938410370926,43.309938410370926,100.0
2650,2,48.119124585555525,48.119124585555525,100.0
2660,0,53.48406093090683,53.48406093090683,100.0
2660,1,17.369059061961867,17.369059061961867,100.0
2660,2,29.146880007131315,29.146880007131315,100.0
2670,0,15.298863039711922,15.298863039711922,100.0
2670,1,15.160311664782752,15.160311664782752,100.0
2670,2,69.54082529550534,69.54082529550534,100.0
2680,0,22.790812039977563,22.790812039977563,100.0
2680,1,18.902563824087565,18.902563824087565,100.0
2680,2,58.30662413593488,58.30662413593488,100.0
2690,0,33.495211587226585,33.495211587226585,100.0
2690,1,51.07730576699813,51.07730576699813,100.0
2690,2,15.427482645775287,15.427482645775287,100.0
2700,0,31.301161342525003,31.301161342525003,100.0
2700,1,11.308295939942854,11.308295939942854,100.0
2700,2,57.390542717532156,57.390542717532156,100.0
2710,0,51.09629059719302,51.09629059719302,100.0
2710,1,15.562581299962053,15.562581299962053,100.0
2710,2,33.341128102844934,33.341128102844934,100.0
2720,0,14.33248625289555,14.33248625289555,100.0
2720,1,52.52677115564597,52.52677115564597,100.0
2720,2,33.140742591458476,33.140742591458476,100.0
2730,0,30.855219544080487,30.855219544080487,100.0
2730,1,9.361485557726459,9.361485557726459,100.0
2730,2,59.78329489819305,59.78329489819305,100.0
2740,0,38.883148107298894,38.883148107298894,100.0
2740,1,13.91031383126579,13.91031383126579,100.0
2740,2,47.20653806143532,47.20653806143532,100.0
2750,0,32.103312518091975,32.103312518091975,100.0
2750,1,52.072829774550655,52.072829774550655,100.0
2750,2,15.823857707357364,15.823857707357364,100.0
2760,0,39.58457336927519,39.58457336927519,100.0
2760,1,14.859332374773881,14.859332374773881,100.0
2760,2,45.55609425595093,45.55609425595093,100.0
2770,0,13.710800662898217,13.710800662898217,100.0
2770,1,69.8618378413608,69.8618378413608,100.0
2770,2,16.427361495740993,16.427361495740993,100.0
2780,0,14.923215078180677,14.923215078180677,100.0
2780,1,70.12648870521716,70.12648870521716,100.0
2780,2,14.95029621660216,14.95029621660216,100.0
2790,0,12.849407578433844,12.849407578433844,100.0
2790,1,14.157256467647414,14.157256467647414,100.0
2790,2,72.99333595391873,72.99333595391873,100.0
2800,0,34.469997385126646,34.469997385126646,100.0
2800,1,26.89555121302868,26.89555121302868,100.0
2800,2,38.63445140184467,38.63445140184467,100.0
2810,0,39.540027915868286,39.540027915868286,100.0
2810,1,15.781255507859605,15.781255507859605,100.0
2810,2,44.678716576272116,44.678716576272116,100.0
2820,0,45.18378939053777,45.18378939053777,100.0
2820,1,33.290889432242665,33.290889432242665,100.0
2820,2,21.525321177219574,21.525321177219574,100.0
2830,0,16.611531472853503,16.611531472853503,100.0
2830,1,16.07961514239827,16.07961514239827,100.0
2830,2,67.30885338474822,67.30885338474822,100.0
2840,0,18.565080912899617,18.565080912899617,100.0
2840,1,26.927336475442047,26.927336475442047,100.0
2840,2,54.507582611658336,54.507582611658336,100.0
2850,0,20.430476923659533,20.430476923659533,100.0
2850,1,61.41635610834696,61.41635610834696,100.0
2850,2,18.15316696799351,18.15316696799351,100.0
2860,0,12.231951571921492,12.231951571921492,100.0
2860,1,35.48254595653176,35.48254595653176,100.0
2860,2,52.28550247154675,52.28550247154675,100.0
2870,0,14.823249130267824,14.823249130267824,100.0
2870,1,19.196365899556376,19.196365899556376,100.0
2870,2,65.9803849701758,65.9803849701758,100.0
2880,0,26.508992279987133,26.508992279987133,100.0
2880,1,62.00751482887588,62.00751482887588,100.0
2880,2,11.483492891136981,11.483492891136981,100.0
2890,0,25.096943102802754,25.096943102802754,100.0
2890,1,10.20098452892509,10.20098452892509,100.0
2890,2,64.70207236827216,64.70207236827216,100.0
2900,0,40.11713034402299,40.11713034402299,100.0
2900,1,13.628387574893605,13.628387574893605,100.0
2900,2,46.25448208108342,46.25448208108342,100.0
2910,0,13.724004137656834,13.724004137656834,100.0
2910,1,15.904083382029235,15.904083382029235,100.0
2910,2,70.37191248031394,70.37191248031394,100.0
2920,0,30.52848038012869,30.52848038012869,100.0
2920,1,43.25768414859203,43.25768414859203,100.0
2920,2,26.21383547127929,26.21383547127929,100.0
2930,0,19.05679482804792,19.05679482804792,100.0
2930,1,19.15685158858621,19.15685158858621,100.0
2930,2,61.78635358336587,61.78635358336587,100.0
2940,0,23.84300200850154,23.84300200850154,100.0
2940,1,18.140823441412934,18.140823441412934,100.0
2940,2,58.01617455008553,58.01617455008553,100.0
2950,0,19.113422405638655,19.113422405638655,100.0
2950,1,63.395107546252596,63.395107546252596,100.0
2950,2,17.49147004810875,17.49147004810875,100.0
2960,0,40.428791145962784,40.428791145962784,100.0
2960,1,19.68351732322022,19.68351732322022,100.0
2960,2,39.887691530817,39.887691530817,100.0
2970,0,23.509205716705832,23.509205716705832,100.0
2970,1,11.363677392228627,11.363677392228627,100.0
2970,2,65.12711689106554,65.12711689106554,100.0
2980,0,32.77468979430785,32.77468979430785,100.0
2980,1,22.770702202209183,22.770702202209183,100.0
2980,2,44.454608003482974,44.454608003482974,100.0
2990,0,23.48008444182466,23.48008444182466,100.0
2990,1,15.334125029360315,15.334125029360315,100.0
2990,2,61.18579052881503,61.18579052881503,100.0
3000,0,34.64682679364349,34.64682679364349,100.0
3000,1,42.18923722372608,42.18923722372608,100.0
3000,2,23.16393598263043,23.16393598263043,100.0
3010,0,42.41848631949094,42.41848631949094,100.0
3010,1,24.09488353092778,24.09488353092778,100.0
3010,2,33.48663014958129,33.48663014958129,100.0
3020,0,32.718654901250936,32.718654901250936,100.0
3020,1,22.79822659961886,22.79822659961886,100.0
3020,2,44.48311849913021,44.48311849913021,100.0
3030,0,22.23452934756726,22.23452934756726,100.0
3030,1,10.305423290314225,10.305423290314225,100.0
3030,2,67.46004736211852,67.46004736211852,100.0
3040,0,16.285559875736897,16.285559875736897,100.0
3040,1,16.057623004894914,16.057623004894914,100.0
3040,2,67.6568171193682,67.6568171193682,100.0
3050,0,28.714967967089255,28.714967967089255,100.0
3050,1,36.849824059991654,36.849824059991654,100.0
3050,2,34.435207972919095,34.435207972919095,100.0
3060,0,18.15391198230302,18.15391198230302,100.0
3060,1,24.08316204773728,24.08316204773728,100.0
3060,2,57.76292596995971,57.76292596995971,100.0
3070,0,27.03965411545627,27.03965411545627,100.0
3070,1,43.92260693246713,43.92260693246713,100.0
3070,2,29.03773895207661,29.03773895207661,100.0
3080,0,36.06303615174254,36.06303615174254,100.0
3080,1,16.978273295942444,16.978273295942444,100.0
3080,2,46.958690552315026,46.958690552315026,100.0
3090,0,24.391107370700578,24.391107370700578,100.0
3090,1,11.619726587277809,11.619726587277809,100.0
3090,2,63.989166042021616,63.989166042021616,100.0
3100,0,46.45253284438271,46.45253284438271,100.0
3100,1,15.429940157402683,15.429940157402683,100.0
3100,2,38.11752699821461,38.11752699821461,100.0
3110,0,10.167766440004664,10.167766440004664,100.0
3110,1,60.608571805243415,60.608571805243415,100.0
3110,2,29.223661754751916,29.223661754751916,100.0
3120,0,70.40436752360718,70.40436752360718,100.0
3120,1,16.74215132820879,16.74215132820879,100.0
3120,2,12.853481148184038,12.853481148184038,100.0
3130,0,14.026087076691452,14.026087076691452,100.0
3130,1,71.1318528009907,71.1318528009907,100.0
3130,2,14.842060122317848,14.842060122317848,100.0
3140,0,13.320589022891587,13.320589022891587,100.0
3140,1,71.97266713406428,71.97266713406428,100.0
3140,2,14.706743843044128,14.706743843044128,100.0
3150,0,41.40024988363151,41.40024988363151,100.0
3150,1,18.926047235507347,18.926047235507347,100.0
3150,2,39.67370288086114,39.67370288086114,100.0
3160,0,61.85881652587077,61.85881652587077,100.0
3160,1,14.93120938145057,14.93120938145057,100.0
3160,2,23.20997409267865,23.20997409267865,100.0
3170,0,42.02801892148544,42.02801892148544,100.0
3170,1,26.780432988523174,26.780432988523174,100.0
3170,2,31.191548089991393,31.191548089991393,100.0
3180,0,41.338041909640204,41.338041909640204,100.0
3180,1,13.737469620864779,13.737469620864779,100.0
3180,2,44.924488469495024,44.924488469495024,100.0
3190,0,16.332279328483086,16.332279328483086,100.0
3190,1,30.495390272778987,30.495390272778987,100.0
3190,2,53.172330398737934,53.172330398737934,100.0
3200,0,45.35717099682473,45.35717099682473,100.0
3200,1,42.632228855104,42.632228855104,100.0
3200,2,12.010600148071275,12.010600148071275,100.0
3210,0,18.180162060587563,18.180162060587563,100.0
3210,1,15.720604833115415,15.720604833115415,100.0
3210,2,66.09923310629704,66.09923310629704,100.0
3220,0,59.016174773278706,59.016174773278706,100.0
3220,1,10.585769682812609,10.585769682812609,100.0
3220,2,30.398055543908693,30.398055543908693,100.0
3230,0,26.61715139522306,26.61715139522306,100.0
3230,1,38.25994077513537,38.25994077513537,100.0
3230,2,35.122907829641576,35.122907829641576,100.0
3240,0,20.54217857583003,20.54217857583003,100.0
3240,1,15.331164908731942,15.331164908731942,100.0
3240,2,64.12665651543803,64.12665651543803,100.0
3250,0,12.85010098091292,12.85010098091292,100.0
3250,1,53.352473255596664,53.352473255596664,100.0
3250,2,33.797425763490416,33.797425763490416,100.0
3260,0,45.013445112089265,45.013445112089265,100.0
3260,1,10.003787590235744,10.003787590235744,100.0
3260,2,44.98276729767499,44.98276729767499,100.0
3270,0,17.647492005140013,17.647492005140013,100.0
3270,1,12.606940905619425,12.606940905619425,100.0
3270,2,69.74556708924055,69.74556708924055,100.0
3280,0,55.752591062475474,55.752591062475474,100.0
3280,1,25.43761023748627,25.43761023748627,100.0
3280,2,18.80979870003826,18.80979870003826,100.0
3290,0,29.128254124256138,29.128254124256138,100.0
3290,1,35.962233757182624,35.962233757182624,100.0
3290,2,34.90951211856125,34.90951211856125,100.0
3300,0,23.40013315613266,23.40013315613266,100.0
3300,1,54.84512530650826,54.84512530650826,100.0
3300,2,21.754741537359088,21.754741537359088,100.0
3310,0,26.239864803293912,26.239864803293912,100.0
3310,1,28.813114348741482,28.813114348741482,100.0
3310,2,44.947020847964616,44.947020847964616,100.0
3320,0,37.94133288714917,37.94133288714917,100.0
3320,1,51.448914241929856,51.448914241929856,100.0
3320,2,10.60975287092098,10.60975287092098,100.0
3330,0,14.864969279098968,14.864969279098968,100.0
3330,1,13.441928776664614,13.441928776664614,100.0
3330,2,71.69310194423642,71.69310194423642,100.0
3340,0,25.113209816896592,25.113209816896592,100.0
3340,1,28.996484953171787,28.996484953171787,100.0
3340,2,45.89030522993163,45.89030522993163,100.0
3350,0,18.690967894153324,18.690967894153324,100.0
3350,1,65.97212546729081,65.97212546729081,100.0
3350,2,15.336906638555867,15.336906638555867,100.0
3360,0,27.37942409804086,27.37942409804086,100.0
3360,1,36.306235370747785,36.306235370747785,100.0
3360,2,36.31434053121135,36.31434053121135,100.0
3370,0,9.65800479163218,9.65800479163218,100.0
3370,1,32.78640382484812,32.78640382484812,100.0
3370,2,57.5555913835197,57.5555913835197,100.0
3380,0,15.102395665714246,15.102395665714246,100.0
3380,1,36.05194703046574,36.05194703046574,100.0
3380,2,48.845657303820005,48.845657303820005,100.0
3390,0,47.658488247438505,47.658488247438505,100.0
3390,1,10.838007787961477,10.838007787961477,100.0
3390,2,41.50350396460002,41.50350396460002,100.0
3400,0,10.813259428892392,10.813259428892392,100.0
3400,1,60.59185068928201,60.59185068928201,100.0
3400,2,28.594889881825598,28.594889881825598,100.0
3410,0,38.96137144308099,38.96137144308099,100.0
3410,1,43.68093111286572,43.68093111286572,100.0
3410,2,17.357697444053287,17.357697444053287,100.0
3420,0,29.518347343591156,29.518347343591156,100.0
3420,1,19.168127281229115,19.168127281229115,100.0
3420,2,51.31352537517972,51.31352537517972,100.0
3430,0,56.88604111327473,56.88604111327473,100.0
3430,1,17.922673220903906,17.922673220903906,100.0
3430,2,25.19128566582136,25.19128566582136,100.0
3440,0,24.263171455528425,24.263171455528425,100.0
3440,1,36.60703603665608,36.60703603665608,100.0
3440,2,39.129792507815495,39.129792507815495,100.0
3450,0,17.26414521907685,17.26414521907685,100.0
3450,1,17.293632336876406,17.293632336876406,100.0
3450,2,65.44222244404675,65.44222244404675,100.0
3460,0,27.926927201401885,27.926927201401885,100.0
3460,1,41.96143267016905,41.96143267016905,100.0
3460,2,30.111640128429073,30.111640128429073,100.0
3470,0,56.465678692557944,56.465678692557944,100.0
3470,1,25.582950201253084,25.582950201253084,100.0
3470,2,17.95137110618897,17.95137110618897,100.0
3480,0,28.56672545690091,28.56672545690091,100.0
3480,1,32.425897872431506,32.425897872431506,100.0
3480,2,39.007376670667576,39.007376670667576,100.0
3490,0,40.884734915682046,40.884734915682046,100.0
3490,1,18.563348772742124,18.563348772742124,100.0
3490,2,40.55191631157584,40.55191631157584,100.0
3500,0,11.339602251188834,11.339602251188834,100.0
3500,1,40.59278256698209,40.59278256698209,100.0
3500,2,48.067615181829076,48.067615181829076,100.0
3510,0,18.27367440017472,18.27367440017472,100.0
3510,1,18.31610419445548,18.31610419445548,100.0
3510,2,63.410221405369796,63.410221405369796,100.0
3520,0,19.211234575755455,19.211234575755455,100.0
3520,1,39.87515744002002,39.87515744002002,100.0
3520,2,40.91360798422453,40.91360798422453,100.0
3530,0,22.968438920085447,22.968438920085447,100.0
3530,1,21.85772153279665,21.85772153279665,100.0
3530,2,55.17383954711791,55.17383954711791,100.0
3540,0,36.165758133454716,36.165758133454716,100.0
3540,1,19.885777339738258,19.885777339738258,100.0
3540,2,43.94846452680704,43.94846452680704,100.0
3550,0,17.797676837465477,17.797676837465477,100.0
3550,1,43.50387040406938,43.50387040406938,100.0
3550,2,38.69845275846514,38.69845275846514,100.0
3560,0,39.6040191172891,39.6040191172891,100.0
3560,1,19.44683702208366,19.44683702208366,100.0
3560,2,40.94914386062725,40.94914386062725,100.0
3570,0,12.262574914223851,12.262574914223851,100.0
3570,1,15.404355081928156,15.404355081928156,100.0
3570,2,72.333070003848,72.333070003848,100.0
3580,0,59.75741887128554,59.75741887128554,100.0
3580,1,17.667975253698692,17.667975253698692,100.0
3580,2,22.574605875015774,22.574605875015774,100.0
3590,0,28.23920996242061,28.23920996242061,100.0
3590,1,14.738094473081635,14.738094473081635,100.0
3590,2,57.02269556449776,57.02269556449776,100.0
3600,0,50.01467332833354,50.01467332833354,100.0
3600,1,27.6860550611979,27.6860550611979,100.0
3600,2,22.299271610468573,22.299271610468573,100.0
3610,0,65.18041367189097,65.18041367189097,100.0
3610,1,16.4855674119056,16.4855674119056,100.0
3610,2,18.33401891620343,18.33401891620343,100.0
3620,0,19.16404558292352,19.16404558292352,100.0
3620,1,66.53053524862563,66.53053524862563,100.0
3620,2,14.305419168450856,14.305419168450856,100.0
3630,0,13.704623405704721,13.704623405704721,100.0
3630,1,11.715061052116992,11.715061052116992,100.0
3630,2,74.58031554217828,74.58031554217828,100.0
3640,0,52.37987125921608,52.37987125921608,100.0
3640,1,21.40044623912668,21.40044623912668,100.0
3640,2,26.219682501657232,26.219682501657232,100.0
3650,0,31.201154170843438,31.201154170843438,100.0
3650,1,25.865330187160723,25.865330187160723,100.0
3650,2,42.933515641995854,42.933515641995854,100.0
3660,0,30.119158203938568,30.119158203938568,100.0
3660,1,36.658315722198424,36.658315722198424,100.0
3660,2,33.22252607386301,33.22252607386301,100.0
3670,0,14.38016398015348,14.38016398015348,100.0
3670,1,69.61609212345434,69.61609212345434,100.0
3670,2,16.003743896392173,16.003743896392173,100.0
3680,0,43.01640643859944,43.01640643859944,100.0
3680,1,30.6803472739062,30.6803472739062,100.0
3680,2,26.303246287494364,26.303246287494364,100.0
3690,0,12.262107480418107,12.262107480418107,100.0
3690,1,12.746256000104413,12.746256000104413,100.0
3690,2,74.99163651947748,74.99163651947748,100.0
3700,0,44.86195826333017,44.86195826333017,100.0
3700,1,37.10399788648,37.10399788648,100.0
3700,2,18.03404385018982,18.03404385018982,100.0
3710,0,28.503725043156958,28.503725043156958,100.0
3710,1,37.82700744896739,37.82700744896739,100.0
3710,2,33.66926750787565,33.66926750787565,100.0
3720,0,28.54442045868301,28.54442045868301,100.0
3720,1,22.65019067319713,22.65019067319713,100.0
3720,2,48.805388868119856,48.805388868119856,100.0
3730,0,24.208198902608462,24.208198902608462,100.0
3730,1,25.061718445806907,25.061718445806907,100.0
3730,2,50.73008265158464,50.73008265158464,100.0
3740,0,42.18314336778432,42.18314336778432,100.0
3740,1,23.191567922006048,23.191567922006048,100.0
3740,2,34.62528871020964,34.62528871020964,100.0
3750,0,11.892594816659164,11.892594816659164,100.0
3750,1,11.964280195921702,11.964280195921702,100.0
3750,2,76.14312498741913,76.14312498741913,100.0
3760,0,10.970427854028198,10.970427854028198,100.0
3760,1,35.78699246541814,35.78699246541814,100.0
3760,2,53.24257968055367,53.24257968055367,100.0
3770,0,40.68118269731423,40.68118269731423,100.0
3770,1,17.650899330418262,17.650899330418262,100.0
3770,2,41.6679179722675,41.6679179722675,100.0
3780,0,48.861272700946586,48.861272700946586,100.0
3780,1,12.792775061936396,12.792775061936396,100.0
3780,2,38.345952237117025,38.345952237117025,100.0
3790,0,16.57792811151581,16.57792811151581,100.0
3790,1,40.26441223579803,40.26441223579803,100.0
3790,2,43.157659652686164,43.157659652686164,100.0
3800,0,42.98114780903108,42.98114780903108,100.0
3800,1,24.563533889803647,24.563533889803647,100.0
3800,2,32.45531830116528,32.45531830116528,100.0
3810,0,11.125536797089548,11.125536797089548,100.0
3810,1,12.021034714975452,12.021034714975452,100.0
3810,2,76.853428487935,76.853428487935,100.0
3820,0,56.02350575416135,56.02350575416135,100.0
3820,1,18.03611852440353,18.03611852440353,100.0
3820,2,25.940375721435128,25.940375721435128,100.0
3830,0,22.8070382285308,22.8070382285308,100.0
3830,1,54.45844781585174,54.45844781585174,100.0
3830,2,22.73451395561746,22.73451395561746,100.0
3840,0,24.419338080376836,24.419338080376836,100.0
3840,1,33.46156298671939,33.46156298671939,100.0
3840,2,42.11909893290377,42.11909893290377,100.0
3850,0,33.287727591653294,33.287727591653294,100.0
3850,1,14.517205102070422,14.517205102070422,100.0
3850,2,52.195067306276286,52.195067306276286,100.0
3860,0,54.328990196510816,54.328990196510816,100.0
3860,1,20.477928375532446,20.477928375532446,100.0
3860,2,25.19308142795674,25.19308142795674,100.0
3870,0,21.608168265431694,21.608168265431694,100.0
3870,1,10.594442295099773,10.594442295099773,100.0
3870,2,67.79738943946853,67.79738943946853,100.0
3880,0,19.74506745619108,19.74506745619108,100.0
3880,1,22.78706065904245,22.78706065904245,100.0
3880,2,57.467871884766474,57.467871884766474,100.0
3890,0,14.862728105311298,14.862728105311298,100.0
3890,1,50.29634940359008,50.29634940359008,100.0
3890,2,34.84092249109863,34.84092249109863,100.0
3900,0,59.91470107951664,59.91470107951664,100.0
3900,1,15.978296659873815,15.978296659873815,100.0
3900,2,24.10700226060954,24.10700226060954,100.0
3910,0,19.284220234231196,19.284220234231196,100.0
3910,1,25.402540913973287,25.402540913973287,100.0
3910,2,55.31323885179552,55.31323885179552,100.0
3920,0,28.244025026222978,28.244025026222978,100.0
3920,1,10.350995224687926,10.350995224687926,100.0
3920,2,61.404979749089094,61.404979749089094,100.0
3930,0,17.500079771844586,17.500079771844586,100.0
3930,1,51.178209419866114,51.178209419866114,100.0
3930,2,31.321710808289303,31.321710808289303,100.0
3940,0,21.676984332242238,21.676984332242238,100.0
3940,1,17.22626864432821,17.22626864432821,100.0
3940,2,61.09674702342956,61.09674702342956,100.0
3950,0,56.018724027685295,56.018724027685295,100.0
3950,1,23.306463063773915,23.306463063773915,100.0
3950,2,20.674812908540787,20.674812908540787,100.0
3960,0,40.73655718952038,40.73655718952038,100.0
3960,1,13.138990339028942,13.138990339028942,100.0
3960,2,46.12445247145068,46.12445247145068,100.0
3970,0,9.04170293339896,9.04170293339896,100.0
3970,1,43.28520892325548,43.28520892325548,100.0
3970,2,47.67308814334556,47.67308814334556,100.0
3980,0,34.273563754787894,34.273563754787894,100.0
3980,1,33.04990350820913,33.04990350820913,100.0
3980,2,32.67653273700298,32.67653273700298,100.0
3990,0,32.9594382383085,32.9594382383085,100.0
3990,1,8.479799258569578,8.479799258569578,100.0
3990,2,58.560762503121936,58.560762503121936,100.0
4000,0,26.090824717899032,26.090824717899032,100.0
4000,1,32.29697628742649,32.29697628742649,100.0
4000,2,41.612198994674486,41.612198994674486,100.0
4010,0,16.791255461934973,16.791255461934973,100.0
4010,1,43.92849167577463,43.92849167577463,100.0
4010,2,39.280252862290396,39.280252862290396,100.0
4020,0,15.94029741919735,15.94029741919735,100.0
4020,1,35.53717107448388,35.53717107448388,100.0
4020,2,48.522531506318764,48.522531506318764,100.0
4030,0,29.084715475078895,29.084715475078895,100.0
4030,1,35.61239663509867,35.61239663509867,100.0
4030,2,35.30288788982244,35.30288788982244,100.0
4040,0,19.500951421500123,19.500951421500123,100.0
4040,1,61.39560295406885,61.39560295406885,100.0
4040,2,19.10344562443103,19.10344562443103,100.0
4050,0,11.02630840526336,11.02630840526336,100.0
4050,1,16.954984902049553,16.954984902049553,100.0
4050,2,72.01870669268709,72.01870669268709,100.0
4060,0,20.315703282429777,20.315703282429777,100.0
4060,1,16.96605952370544,16.96605952370544,100.0
4060,2,62.71823719386478,62.71823719386478,100.0
4070,0,26.545503686623345,26.545503686623345,100.0
4070,1,34.90201545091209,34.90201545091209,100.0
4070,2,38.55248086246456,38.55248086246456,100.0
4080,0,15.327270149866395,15.327270149866395,100.0
4080,1,60.49708520004455,60.49708520004455,100.0
4080,2,24.17564465008906,24.17564465008906,100.0
4090,0,29.124053575253445,29.124053575253445,100.0
4090,1,34.90695292728027,34.90695292728027,100.0
4090,2,35.96899349746628,35.96899349746628,100.0
4100,0,14.749914189812136,14.749914189812136,100.0
4100,1,24.173774969076973,24.173774969076973,100.0
4100,2,61.076310841110896,61.076310841110896,100.0
4110,0,34.54922732497018,34.54922732497018,100.0
4110,1,26.778229290009204,26.778229290009204,100.0
4110,2,38.6725433850206,38.6725433850206,100.0
4120,0,57.90911249239763,57.90911249239763,100.0
4120,1,18.309301699827092,18.309301699827092,100.0
4120,2,23.781585807775276,23.781585807775276,100.0
4130,0,67.33856186523155,67.33856186523155,100.0
4130,1,19.768457942102536,19.768457942102536,100.0
4130,2,12.892980192665924,12.892980192665924,100.0
4140,0,42.39999218762475,42.39999218762475,100.0
4140,1,23.583811199317903,23.583811199317903,100.0
4140,2,34.01619661305735,34.01619661305735,100.0
4150,0,56.21490743178447,56.21490743178447,100.0
4150,1,18.290256484342045,18.290256484342045,100.0
4150,2,25.494836083873484,25.494836083873484,100.0
4160,0,13.639266512252684,13.639266512252684,100.0
4160,1,20.01677127582729,20.01677127582729,100.0
4160,2,66.34396221192003,66.34396221192003,100.0
4170,0,35.600025910167176,35.600025910167176,100.0
4170,1,28.59035777412536,28.59035777412536,100.0
4170,2,35.809616315707466,35.809616315707466,100.0
4180,0,18.08295806446763,18.08295806446763,100.0
4180,1,68.41706675653909,68.41706675653909,100.0
4180,2,13.499975178993285,13.499975178993285,100.0
4190,0,25.217702496788647,25.217702496788647,100.0
4190,1,30.72231416542244,30.72231416542244,100.0
4190,2,44.05998333778891,44.05998333778891,100.0
4200,0,14.323123761574289,14.323123761574289,100.0
4200,1,14.5110728876959,14.5110728876959,100.0
4200,2,71.16580335072982,71.16580335072982,100.0
4210,0,49.24901613080454,49.24901613080454,100.0
4210,1,20.771132292109154,20.771132292109154,100.0
4210,2,29.979851577086304,29.979851577086304,100.0
4220,0,69.94970388170358,69.94970388170358,100.0
4220,1,14.858829849869817,14.858829849869817,100.0
4220,2,15.191466268426604,15.191466268426604,100.0
4230,0,16.42738459753178,16.42738459753178,100.0
4230,1,13.523907750480472,13.523907750480472,100.0
4230,2,70.04870765198775,70.04870765198775,100.0
4240,0,28.504459640564473,28.504459640564473,100.0
4240,1,19.307643067501807,19.307643067501807,100.0
4240,2,52.18789729193373,52.18789729193373,100.0
4250,0,34.666219267253304,34.666219267253304,100.0
4250,1,17.495251961770027,17.495251961770027,100.0
4250,2,47.83852877097666,47.83852877097666,100.0
4260,0,51.304914629446095,51.304914629446095,100.0
4260,1,34.432651159290394,34.432651159290394,100.0
4260,2,14.262434211263503,14.262434211263503,100.0
4270,0,21.68635433414506,21.68635433414506,100.0
4270,1,23.96716262874035,23.96716262874035,100.0
4270,2,54.34648303711459,54.34648303711459,100.0
4280,0,12.547817796109573,12.547817796109573,100.0
4280,1,75.09039515893156,75.09039515893156,100.0
4280,2,12.361787044958868,12.361787044958868,100.0
4290,0,23.69607408475667,23.69607408475667,100.0
4290,1,22.17777739782672,22.17777739782672,100.0
4290,2,54.1261485174166,54.1261485174166,100.0
4300,0,28.979438970432387,28.979438970432387,100.0
4300,1,41.64915247969315,41.64915247969315,100.0
4300,2,29.371408549874467,29.371408549874467,100.0
4310,0,41.28616959540702,41.28616959540702,100.0
4310,1,24.38963322981759,24.38963322981759,100.0
4310,2,34.32419717477539,34.32419717477539,100.0
4320,0,33.33999092275292,33.33999092275292,100.0
4320,1,20.384485301230082,20.384485301230082,100.0
4320,2,46.275523776016996,46.275523776016996,100.0
4330,0,48.602347980964296,48.602347980964296,100.0
4330,1,14.468289632313718,14.468289632313718,100.0
4330,2,36.92936238672199,36.92936238672199,100.0
4340,0,39.04333469610258,39.04333469610258,100.0
4340,1,12.93122946567876,12.93122946567876,100.0
4340,2,48.02543583821866,48.02543583821866,100.0
4350,0,16.585962099213763,16.585962099213763,100.0
4350,1,15.625187198517876,15.625187198517876,100.0
4350,2,67.78885070226836,67.78885070226836,100.0
4360,0,40.677275096001765,40.677275096001765,100.0
4360,1,13.201290759215842,13.201290759215842,100.0
4360,2,46.121434144782384,46.121434144782384,100.0
4370,0,33.447986096121326,33.447986096121326,100.0
4370,1,33.251663144393184,33.251663144393184,100.0
4370,2,33.30035075948549,33.30035075948549,100.0
4380,0,14.52306546293269,14.52306546293269,100.0
4380,1,50.16442609796431,50.16442609796431,100.0
4380,2,35.312508439103,35.312508439103,100.0
4390,0,17.09618381735668,17.09618381735668,100.0
4390,1,55.08629271028788,55.08629271028788,100.0
4390,2,27.817523472355454,27.817523472355454,100.0
4400,0,33.1412270381982,33.1412270381982,100.0
4400,1,18.232342869373703,18.232342869373703,100.0
4400,2,48.6264300924281,48.6264300924281,100.0
4410,0,23.472530892918517,23.472530892918517,100.0
4410,1,20.93824722131089,20.93824722131089,100.0
4410,2,55.58922188577059,55.58922188577059,100.0
4420,0,26.6508450615158,26.6508450615158,100.0
4420,1,33.51088674626524,33.51088674626524,100.0
4420,2,39.83826819221896,39.83826819221896,100.0
4430,0,46.23614787385223,46.23614787385223,100.0
4430,1,45.211709384321345,45.211709384321345,100.0
4430,2,8.552142741826417,8.552142741826417,100.0
4440,0,31.489811532066252,31.489811532066252,100.0
4440,1,20.98868687800973,20.98868687800973,100.0
4440,2,47.521501589924014,47.521501589924014,100.0
4450,0,17.372169024332194,17.372169024332194,100.0
4450,1,36.22759330843304,36.22759330843304,100.0
4450,2,46.40023766723477,46.40023766723477,100.0
4460,0,39.279162540289335,39.279162540289335,100.0
4460,1,25.620910882175117,25.620910882175117,100.0
4460,2,35.09992657753554,35.09992657753554,100.0
4470,0,41.54920473610038,41.54920473610038,100.0
4470,1,8.126516260623747,8.126516260623747,100.0
4470,2,50.324279003275876,50.324279003275876,100.0
4480,0,45.637827464248595,45.637827464248595,100.0
4480,1,45.107681980643584,45.107681980643584,100.0
4480,2,9.254490555107827,9.254490555107827,100.0
4490,0,32.402286753432314,32.402286753432314,100.0
4490,1,35.886654730111665,35.886654730111665,100.0
4490,2,31.71105851645602,31.71105851645602,100.0
4500,0,58.47396283663046,58.47396283663046,100.0
4500,1,15.206072900888923,15.206072900888923,100.0
4500,2,26.31996426248062,26.31996426248062,100.0
4510,0,28.19060466318187,28.19060466318187,100.0
4510,1,23.075622049660208,23.075622049660208,100.0
4510,2,48.73377328715793,48.73377328715793,100.0
4520,0,45.02879149208049,45.02879149208049,100.0
4520,1,25.541019377105584,25.541019377105584,100.0
4520,2,29.430189130813915,29.430189130813915,100.0
4530,0,17.140946354681116,17.140946354681116,100.0
4530,1,14.684156601943945,14.684156601943945,100.0
4530,2,68.17489704337494,68.17489704337494,100.0
4540,0,22.43411527130864,22.43411527130864,100.0
4540,1,18.93282694180968,18.93282694180968,100.0
4540,2,58.63305778688168,58.63305778688168,100.0
4550,0,51.20944500264727,51.20944500264727,100.0
4550,1,8.702344324291172,8.702344324291172,100.0
4550,2,40.08821067306156,40.08821067306156,100.0
4560,0,44.94122770858841,44.94122770858841,100.0
4560,1,21.577249585014933,21.577249585014933,100.0
4560,2,33.48152270639666,33.48152270639666,100.0
4570,0,21.952577202400192,21.952577202400192,100.0
4570,1,51.03276718588705,51.03276718588705,100.0
4570,2,27.01465561171276,27.01465561171276,100.0
4580,0,26.08940735260533,26.08940735260533,100.0
4580,1,12.866188948410459,12.866188948410459,100.0
4580,2,61.044403698984205,61.044403698984205,100.0
4590,0,42.28341284349393,42.28341284349393,100.0
4590,1,13.489710774513464,13.489710774513464,100.0
4590,2,44.22687638199261,44.22687638199261,100.0
4600,0,34.46856713456698,34.46856713456698,100.0
4600,1,19.818317806434056,19.818317806434056,100.0
4600,2,45.713115058998966,45.713115058998966,100.0
4610,0,19.78943027461516,19.78943027461516,100.0
4610,1,56.157624903333726,56.157624903333726,100.0
4610,2,24.052944822051103,24.052944822051103,100.0
4620,0,25.561795095204708,25.561795095204708,100.0
4620,1,42.074900923027045,42.074900923027045,100.0
4620,2,32.363303981768254,32.363303981768254,100.0
4630,0,19.498958684015676,19.498958684015676,100.0
4630,1,27.29720812795302,27.29720812795302,100.0
4630,2,53.20383318803131,53.20383318803131,100.0
4640,0,58.44838627597415,58.44838627597415,100.0
4640,1,10.0113518651178,10.0113518651178,100.0
4640,2,31.540261858908053,31.540261858908053,100.0
4650,0,21.85626953770296,21.85626953770296,100.0
4650,1,10.883492209821027,10.883492209821027,100.0
4650,2,67.26023825247601,67.26023825247601,100.0
4660,0,13.852171424077946,13.852171424077946,100.0
4660,1,44.95860675831936,44.95860675831936,100.0
4660,2,41.18922181760269,41.18922181760269,100.0
4670,0,13.358194058111591,13.358194058111591,100.0
4670,1,54.46904081542555,54.46904081542555,100.0
4670,2,32.17276512646285,32.17276512646285,100.0
4680,0,47.10369906443213,47.10369906443213,100.0
4680,1,14.100356891249282,14.100356891249282,100.0
4680,2,38.79594404431859,38.79594404431859,100.0
4690,0,48.96366821739069,48.96366821739069,100.0
4690,1,7.858660788042113,7.858660788042113,100.0
4690,2,43.17767099456721,43.17767099456721,100.0
4700,0,14.484616796680413,14.484616796680413,100.0
4700,1,17.401107976962663,17.401107976962663,100.0
4700,2,68.11427522635692,68.11427522635692,100.0
4710,0,34.63384613792543,34.63384613792543,100.0
4710,1,10.797721033778412,10.797721033778412,100.0
4710,2,54.56843282829615,54.56843282829615,100.0
4720,0,22.3367023502943,22.3367023502943,100.0
4720,1,19.42592366228593,19.42592366228593,100.0
4720,2,58.23737398741977,58.23737398741977,100.0
4730,0,57.25575808637663,57.25575808637663,100.0
4730,1,27.921901074689703,27.921901074689703,100.0
4730,2,14.822340838933663,14.822340838933663,100.0
4740,0,39.23117818802535,39.23117818802535,100.0
4740,1,24.046110712667833,24.046110712667833,100.0
4740,2,36.722711099306814,36.722711099306814,100.0
4750,0,33.540191672782875,33.540191672782875,100.0
4750,1,32.58733992359386,32.58733992359386,100.0
4750,2,33.872468403623266,33.872468403623266,100.0
4760,0,11.641204771596165,11.641204771596165,100.0
4760,1,46.35196722630167,46.35196722630167,100.0
4760,2,42.006828002102175,42.006828002102175,100.0
4770,0,14.827739051421911,14.827739051421911,100.0
4770,1,18.49711215663131,18.49711215663131,100.0
4770,2,66.67514879194678,66.67514879194678,100.0
4780,0,10.886326738091615,10.886326738091615,100.0
4780,1,28.91852746957349,28.91852746957349,100.0
4780,2,60.195145792334905,60.195145792334905,100.0
4790,0,26.96458114310914,26.96458114310914,100.0
4790,1,15.419043938617305,15.419043938617305,100.0
4790,2,57.616374918273564,57.616374918273564,100.0
4800,0,14.503975571499888,14.503975571499888,100.0
4800,1,51.86912669886639,51.86912669886639,100.0
4800,2,33.62689772963373,33.62689772963373,100.0
4810,0,38.79404191281235,38.79404191281235,100.0
4810,1,40.4049800054517,40.4049800054517,100.0
4810,2,20.80097808173596,20.80097808173596,100.0
4820,0,67.80880228205255,67.80880228205255,100.0
4820,1,10.570976706487535,10.570976706487535,100.0
4820,2,21.6202210114599,21.6202210114599,100.0
4830,0,16.138385046439087,16.138385046439087,100.0
4830,1,11.826982759036026,11.826982759036026,100.0
4830,2,72.03463219452489,72.03463219452489,100.0
4840,0,18.468520448676497,18.468520448676497,100.0
4840,1,21.125766247781293,21.125766247781293,100.0
4840,2,60.40571330354222,60.40571330354222,100.0
4850,0,35.46978848665469,35.46978848665469,100.0
4850,1,30.194845139596044,30.194845139596044,100.0
4850,2,34.33536637374926,34.33536637374926,100.0
4860,0,21.541872759041784,21.541872759041784,100.0
4860,1,50.636896506822346,50.636896506822346,100.0
4860,2,27.82123073413587,27.82123073413587,100.0
4870,0,40.86409268719507,40.86409268719507,100.0
4870,1,8.313070409043128,8.313070409043128,100.0
4870,2,50.822836903761804,50.822836903761804,100.0
4880,0,43.3118381247085,43.3118381247085,100.0
4880,1,10.835243304023896,10.835243304023896,100.0
4880,2,45.8529185712676,45.8529185712676,100.0
4890,0,28.27534125773976,28.27534125773976,100.0
4890,1,11.634026356560126,11.634026356560126,100.0
4890,2,60.09063238570012,60.09063238570012,100.0
4900,0,12.92925843363833,12.92925843363833,100.0
4900,1,42.58193264201409,42.58193264201409,100.0
4900,2,44.488808924347595,44.488808924347595,100.0
4910,0,37.44875599462294,37.44875599462294,100.0
4910,1,33.3278033686683,33.3278033686683,100.0
4910,2,29.22344063670876,29.22344063670876,100.0
4920,0,10.37507572330635,10.37507572330635,100.0
4920,1,25.76988587818258,25.76988587818258,100.0
4920,2,63.85503839851108,63.85503839851108,100.0
4930,0,25.34049021408996,25.34049021408996,100.0
4930,1,55.95574542298194,55.95574542298194,100.0
4930,2,18.703764362928098,18.703764362928098,100.0
4940,0,35.74919715277618,35.74919715277618,100.0
4940,1,27.68358705338268,27.68358705338268,100.0
4940,2,36.567215793841136,36.567215793841136,100.0
4950,0,11.296568387825703,11.296568387825703,100.0
4950,1,13.841452937703336,13.841452937703336,100.0
4950,2,74.86197867447096,74.86197867447096,100.0
4960,0,10.388048833783458,10.388048833783458,100.0
4960,1,23.951657246151274,23.951657246151274,100.0
4960,2,65.66029392006527,65.66029392006527,100.0
4970,0,39.451622248482224,39.451622248482224,100.0
4970,1,29.94543415139243,29.94543415139243,100.0
4970,2,30.60294360012535,30.60294360012535,100.0
4980,0,21.4787658655869,21.4787658655869,100.0
4980,1,30.117249233672748,30.117249233672748,100.0
4980,2,48.40398490074035,48.40398490074035,100.0
4990,0,15.478467982886535,15.478467982886535,100.0
4990,1,21.29498496973347,21.29498496973347,100.0
4990,2,63.22654704738,63.22654704738,100.0
5000,0,51.10649034631412,51.10649034631412,100.0
5000,1,16.796574198149433,16.796574198149433,100.0
5000,2,32.09693545553645,32.09693545553645,100.0
5010,0,12.077700947008848,12.077700947008848,100.0
5010,1,17.57397717338177,17.57397717338177,100.0
5010,2,70.34832187960939,70.34832187960939,100.0
5020,0,53.332448759916836,53.332448759916836,100.0
5020,1,15.15813459578729,15.15813459578729,100.0
5020,2,31.509416644295868,31.509416644295868,100.0
5030,0,60.52525926797346,60.52525926797346,100.0
5030,1,15.710340653316399,15.710340653316399,100.0
5030,2,23.76440007871014,23.76440007871014,100.0
5040,0,39.53810556526494,39.53810556526494,100.0
5040,1,44.76796880443573,44.76796880443573,100.0
5040,2,15.693925630299335,15.693925630299335,100.0
5050,0,29.28475872800008,29.28475872800008,100.0
5050,1,11.310562432561682,11.310562432561682,100.0
5050,2,59.40467883943824,59.40467883943824,100.0
5060,0,46.06133767039151,46.06133767039151,100.0
5060,1,26.547039141983447,26.547039141983447,100.0
5060,2,27.39162318762504,27.39162318762504,100.0
5070,0,15.008698245093777,15.008698245093777,100.0
5070,1,17.285802046146895,17.285802046146895,100.0
5070,2,67.70549970875933,67.70549970875933,100.0
5080,0,55.264036522621375,55.264036522621375,100.0
5080,1,20.255970994920634,20.255970994920634,100.0
5080,2,24.47999248245799,24.47999248245799,100.0
5090,0,13.922499638120463,13.922499638120463,100.0
5090,1,21.001218533100836,21.001218533100836,100.0
5090,2,65.0762818287787,65.0762818287787,100.0
5100,0,29.17051268047831,29.17051268047831,100.0
5100,1,10.177259275816352,10.177259275816352,100.0
5100,2,60.652228043705335,60.652228043705335,100.0
5110,0,27.748953714431078,27.748953714431078,100.0
5110,1,30.737683823675916,30.737683823675916,100.0
5110,2,41.513362461893,41.513362461893,100.0
5120,0,49.140831438377944,49.140831438377944,100.0
5120,1,19.782932682388164,19.782932682388164,100.0
5120,2,31.076235879233888,31.076235879233888,100.0
5130,0,26.00492904090852,26.00492904090852,100.0
5130,1,10.414874588032184,10.414874588032184,100.0
5130,2,63.580196371059294,63.580196371059294,100.0
5140,0,18.598060296936367,18.598060296936367,100.0
5140,1,16.38142342093046,16.38142342093046,100.0
5140,2,65.02051628213317,65.02051628213317,100.0
5150,0,39.76645878960434,39.76645878960434,100.0
5150,1,21.933988149399507,21.933988149399507,100.0
5150,2,38.29955306099615,38.29955306099615,100.0
5160,0,13.076707045979074,13.076707045979074,100.0
5160,1,44.376926951091406,44.376926951091406,100.0
5160,2,42.54636600292951,42.54636600292951,100.0
5170,0,18.750332411515277,18.750332411515277,100.0
5170,1,11.352519853468031,11.352519853468031,100.0
5170,2,69.8971477350167,69.8971477350167,100.0
5180,0,56.49022595185043,56.49022595185043,100.0
5180,1,21.06562236598016,21.06562236598016,100.0
5180,2,22.44415168216941,22.44415168216941,100.0
5190,0,12.63177432930729,12.63177432930729,100.0
5190,1,14.70739847431401,14.70739847431401,100.0
5190,2,72.66082719637869,72.66082719637869,100.0
5200,0,40.047521984452864,40.047521984452864,100.0
5200,1,47.45300646601023,47.45300646601023,100.0
5200,2,12.499471549536906,12.499471549536906,100.0
5210,0,14.749067452157796,14.749067452157796,100.0
5210,1,19.026179638460558,19.026179638460558,100.0
5210,2,66.22475290938165,66.22475290938165,100.0
5220,0,37.190686225469214,37.190686225469214,100.0
5220,1,26.004706619805212,26.004706619805212,100.0
5220,2,36.80460715472558,36.80460715472558,100.0
5230,0,55.78889839154577,55.78889839154577,100.0
5230,1,16.07547655451675,16.07547655451675,100.0
5230,2,28.135625053937467,28.135625053937467,100.0
5240,0,23.463005360883354,23.463005360883354,100.0
5240,1,21.172446794055723,21.172446794055723,100.0
5240,2,55.364547845060926,55.364547845060926,100.0
5250,0,14.829625967041174,14.829625967041174,100.0
5250,1,13.934991943402592,13.934991943402592,100.0
5250,2,71.23538208955624,71.23538208955624,100.0
5260,0,56.46120761227802,56.46120761227802,100.0
5260,1,15.927245279528584,15.927245279528584,100.0
5260,2,27.611547108193395,27.611547108193395,100.0
5270,0,33.586972460021194,33.586972460021194,100.0
5270,1,17.011026041327103,17.011026041327103,100.0
5270,2,49.40200149865171,49.40200149865171,100.0
5280,0,16.171148717318665,16.171148717318665,100.0
5280,1,25.619309501211646,25.619309501211646,100.0
5280,2,58.20954178146969,58.20954178146969,100.0
5290,0,51.93410168452369,51.93410168452369,100.0
5290,1,11.454908166595382,11.454908166595382,100.0
5290,2,36.61099014888093,36.61099014888093,100.0
5300,0,43.83016351377872,43.83016351377872,100.0
5300,1,42.844079036914565,42.844079036914565,100.0
5300,2,13.325757449306721,13.325757449306721,100.0
5310,0,12.625768043836546,12.625768043836546,100.0
5310,1,11.23472285884235,11.23472285884235,100.0
5310,2,76.13950909732111,76.13950909732111,100.0
5320,0,30.367583083445876,30.367583083445876,100.0
5320,1,20.66176109162669,20.66176109162669,100.0
5320,2,48.97065582492744,48.97065582492744,100.0
5330,0,57.53894114484448,57.53894114484448,100.0
5330,1,24.062724269650847,24.062724269650847,100.0
5330,2,18.398334585504667,18.398334585504667,100.0
5340,0,11.891648531312617,11.891648531312617,100.0
5340,1,10.737532087414122,10.737532087414122,100.0
5340,2,77.37081938127326,77.37081938127326,100.0
5350,0,35.17592325739693,35.17592325739693,100.0
5350,1,24.021916105923246,24.021916105923246,100.0
5350,2,40.80216063667983,40.80216063667983,100.0
5360,0,32.50308845988524,32.50308845988524,100.0
5360,1,26.752937778324114,26.752937778324114,100.0
5360,2,40.74397376179065,40.74397376179065,100.0
5370,0,28.28798135991572,28.28798135991572,100.0
5370,1,10.829633340370341,10.829633340370341,100.0
5370,2,60.88238529971394,60.88238529971394,100.0
5380,0,15.964024981548366,15.964024981548366,100.0
5380,1,69.87004232534831,69.87004232534831,100.0
5380,2,14.165932693103336,14.165932693103336,100.0
5390,0,9.965925585881369,9.965925585881369,100.0
5390,1,43.235811519950076,43.235811519950076,100.0
5390,2,46.798262894168545,46.798262894168545,100.0
5400,0,44.79992058166808,44.79992058166808,100.0
5400,1,38.25033279475875,38.25033279475875,100.0
5400,2,16.94974662357316,16.94974662357316,100.0
5410,0,49.97239129587722,49.97239129587722,100.0
5410,1,11.201761300718239,11.201761300718239,100.0
5410,2,38.82584740340454,38.82584740340454,100.0
5420,0,12.420809873561959,12.420809873561959,100.0
5420,1,31.770432840110445,31.770432840110445,100.0
5420,2,55.80875728632759,55.80875728632759,100.0
5430,0,11.810223795027715,11.810223795027715,100.0
5430,1,41.9660609330504,41.9660609330504,100.0
5430,2,46.223715271921876,46.223715271921876,100.0
5440,0,18.085606886251846,18.085606886251846,100.0
5440,1,39.09637512835377,39.09637512835377,100.0
5440,2,42.81801798539439,42.81801798539439,100.0
5450,0,39.513517597110855,39.513517597110855,100.0
5450,1,36.41640631335104,36.41640631335104,100.0
5450,2,24.070076089538105,24.070076089538105,100.0
5460,0,18.54636876241208,18.54636876241208,100.0
5460,1,36.116046097737815,36.116046097737815,100.0
5460,2,45.337585139850106,45.337585139850106,100.0
5470,0,47.124768608689884,47.124768608689884,100.0
5470,1,26.995073242158192,26.995073242158192,100.0
5470,2,25.88015814915193,25.88015814915193,100.0
5480,0,21.362485671002027,21.362485671002027,100.0
5480,1,30.06991209474112,30.06991209474112,100.0
5480,2,48.56760223425686,48.56760223425686,100.0
5490,0,29.99308052770874,29.99308052770874,100.0
5490,1,12.063727267356452,12.063727267356452,100.0
5490,2,57.9431922049348,57.9431922049348,100.0
5500,0,54.92275145320099,54.92275145320099,100.0
5500,1,35.22213572941264,35.22213572941264,100.0
5500,2,9.855112817386367,9.855112817386367,100.0
5510,0,25.342618851519294,25.342618851519294,100.0
5510,1,14.650867196221279,14.650867196221279,100.0
5510,2,60.00651395225943,60.00651395225943,100.0
5520,0,34.37122499223218,34.37122499223218,100.0
5520,1,35.947675345636284,35.947675345636284,100.0
5520,2,29.681099662131544,29.681099662131544,100.0
5530,0,31.8907871369921,31.8907871369921,100.0
5530,1,25.01945943078497,25.01945943078497,100.0
5530,2,43.089753432222935,43.089753432222935,100.0
5540,0,63.275165271275405,63.275165271275405,100.0
5540,1,11.860767642055198,11.860767642055198,100.0
5540,2,24.864067086669404,24.864067086669404,100.0
5550,0,43.971107144284026,43.971107144284026,100.0
5550,1,8.974159249620287,8.974159249620287,100.0
5550,2,47.05473360609569,47.05473360609569,100.0
5560,0,69.15823664798889,69.15823664798889,100.0
5560,1,18.749157980172306,18.749157980172306,100.0
5560,2,12.092605371838813,12.092605371838813,100.0
5570,0,57.306273182947564,57.306273182947564,100.0
5570,1,14.797039724420893,14.797039724420893,100.0
5570,2,27.896687092631545,27.896687092631545,100.0
5580,0,21.502261457011222,21.502261457011222,100.0
5580,1,27.538227019197535,27.538227019197535,100.0
5580,2,50.95951152379124,50.95951152379124,100.0
5590,0,18.276546225910145,18.276546225910145,100.0
5590,1,29.655842923004695,29.655842923004695,100.0
5590,2,52.06761085108516,52.06761085108516,100.0
5600,0,29.557834032141205,29.557834032141205,100.0
5600,1,10.34200655351959,10.34200655351959,100.0
5600,2,60.1001594143392,60.1001594143392,100.0
5610,0,20.938272353646028,20.938272353646028,100.0
5610,1,38.591599173642535,38.591599173642535,100.0
5610,2,40.470128472711444,40.470128472711444,100.0
5620,0,18.099489612797246,18.099489612797246,100.0
5620,1,40.20360402761135,40.20360402761135,100.0
5620,2,41.69690635959141,41.69690635959141,100.0
5630,0,15.927465312171746,15.927465312171746,100.0
5630,1,46.088849842843324,46.088849842843324,100.0
5630,2,37.983684844984936,37.983684844984936,100.0
5640,0,31.594945644796457,31.594945644796457,100.0
5640,1,39.97924192783915,39.97924192783915,100.0
5640,2,28.425812427364388,28.425812427364388,100.0
5650,0,27.829523849706156,27.829523849706156,100.0
5650,1,39.442122075820606,39.442122075820606,100.0
5650,2,32.728354074473245,32.728354074473245,100.0
5660,0,37.92782068970729,37.92782068970729,100.0
5660,1,35.048938960833645,35.048938960833645,100.0
5660,2,27.023240349459066,27.023240349459066,100.0
5670,0,13.074326097535824,13.074326097535824,100.0
5670,1,15.289553550352576,15.289553550352576,100.0
5670,2,71.6361203521116,71.6361203521116,100.0
5680,0,14.364919675753171,14.364919675753171,100.0
5680,1,21.636634682003656,21.636634682003656,100.0
5680,2,63.998445642243176,63.998445642243176,100.0
5690,0,30.140509439979002,30.140509439979002,100.0
5690,1,39.42561465059105,39.42561465059105,100.0
5690,2,30.433875909429943,30.433875909429943,100.0
5700,0,20.404414663210012,20.404414663210012,100.0
5700,1,57.05426548738153,57.05426548738153,100.0
5700,2,22.541319849408463,22.541319849408463,100.0
5710,0,26.52979624338796,26.52979624338796,100.0
5710,1,23.788279495932706,23.788279495932706,100.0
5710,2,49.68192426067933,49.68192426067933,100.0
5720,0,27.062218338065396,27.062218338065396,100.0
5720,1,35.8009154533016,35.8009154533016,100.0
5720,2,37.136866208633,37.136866208633,100.0
5730,0,13.23962035094085,13.23962035094085,100.0
5730,1,12.064658573164772,12.064658573164772,100.0
5730,2,74.69572107589438,74.69572107589438,100.0
5740,0,23.408482767079775,23.408482767079775,100.0
5740,1,54.18904800912334,54.18904800912334,100.0
5740,2,22.40246922379688,22.40246922379688,100.0
5750,0,48.18100055154075,48.18100055154075,100.0
5750,1,7.1092533262048505,7.1092533262048505,100.0
5750,2,44.7097461222544,44.7097461222544,100.0
5760,0,57.42379028387982,57.42379028387982,100.0
5760,1,15.978410365814444,15.978410365814444,100.0
5760,2,26.597799350305745,26.597799350305745,100.0
5770,0,10.015770105440184,10.015770105440184,100.0
5770,1,27.329670702408098,27.329670702408098,100.0
5770,2,62.654559192151716,62.654559192151716,100.0
5780,0,22.342385326825756,22.342385326825756,100.0
5780,1,49.728958927238295,49.728958927238295,100.0
5780,2,27.92865574593596,27.92865574593596,100.0
5790,0,22.00106618568553,22.00106618568553,100.0
5790,1,12.266751656345248,12.266751656345248,100.0
5790,2,65.73218215796922,65.73218215796922,100.0
5800,0,33.34389557207129,33.34389557207129,100.0
5800,1,16.03328255266076,16.03328255266076,100.0
5800,2,50.62282187526795,50.62282187526795,100.0
5810,0,12.641412751423125,12.641412751423125,100.0
5810,1,19.55814796563209,19.55814796563209,100.0
5810,2,67.8004392829448,67.8004392829448,100.0
5820,0,39.02748551077618,39.02748551077618,100.0
5820,1,7.820752680628348,7.820752680628348,100.0
5820,2,53.15176180859547,53.15176180859547,100.0
5830,0,63.302413090871426,63.302413090871426,100.0
5830,1,14.536596978112716,14.536596978112716,100.0
5830,2,22.160989931015866,22.160989931015866,100.0
5840,0,26.66184824403289,26.66184824403289,100.0
5840,1,20.94992318380763,20.94992318380763,100.0
5840,2,52.38822857215948,52.38822857215948,100.0
5850,0,18.36177588810435,18.36177588810435,100.0
5850,1,24.60306632452942,24.60306632452942,100.0
5850,2,57.03515778736623,57.03515778736623,100.0
5860,0,24.728206731714025,24.728206731714025,100.0
5860,1,41.61858122792863,41.61858122792863,100.0
5860,2,33.65321204035733,33.65321204035733,100.0
5870,0,19.379511589068045,19.379511589068045,100.0
5870,1,16.320075931607885,16.320075931607885,100.0
5870,2,64.30041247932408,64.30041247932408,100.0
5880,0,10.676796852259697,10.676796852259697,100.0
5880,1,61.58322928958143,61.58322928958143,100.0
5880,2,27.73997385815888,27.73997385815888,100.0
5890,0,13.190356979019674,13.190356979019674,100.0
5890,1,63.76532958423202,63.76532958423202,100.0
5890,2,23.044313436748297,23.044313436748297,100.0
5900,0,34.02437640453464,34.02437640453464,100.0
5900,1,56.37727206794284,56.37727206794284,100.0
5900,2,9.598351527522519,9.598351527522519,100.0
5910,0,15.06738935435922,15.06738935435922,100.0
5910,1,12.185710481745039,12.185710481745039,100.0
5910,2,72.74690016389573,72.74690016389573,100.0
5920,0,22.726268262536557,22.726268262536557,100.0
5920,1,38.58206061872711,38.58206061872711,100.0
5920,2,38.69167111873632,38.69167111873632,100.0
5930,0,14.960169426025121,14.960169426025121,100.0
5930,1,57.826830729416656,57.826830729416656,100.0
5930,2,27.212999844558233,27.212999844558233,100.0
5940,0,22.85441839231147,22.85441839231147,100.0
5940,1,20.61855476982488,20.61855476982488,100.0
5940,2,56.527026837863644,56.527026837863644,100.0
5950,0,74.29839584189317,74.29839584189317,100.0
5950,1,13.608758418508263,13.608758418508263,100.0
5950,2,12.092845739598562,12.092845739598562,100.0
5960,0,30.75206993308522,30.75206993308522,100.0
5960,1,14.695502570651875,14.695502570651875,100.0
5960,2,54.5524274962629,54.5524274962629,100.0
5970,0,23.86608177249657,23.86608177249657,100.0
5970,1,10.980303438814392,10.980303438814392,100.0
5970,2,65.15361478868904,65.15361478868904,100.0
5980,0,53.12116061624938,53.12116061624938,100.0
5980,1,25.60007640087127,25.60007640087127,100.0
5980,2,21.278762982879364,21.278762982879364,100.0
5990,0,45.035885016742895,45.035885016742895,100.0
5990,1,11.868739739991115,11.868739739991115,100.0
5990,2,43.09537524326599,43.09537524326599,100.0
6000,0,36.11776042056398,36.11776042056398,100.0
6000,1,27.72528580967466,27.72528580967466,100.0
6000,2,36.15695376976135,36.15695376976135,100.0
6010,0,32.85365431724235,32.85365431724235,100.0
6010,1,54.4778651161476,54.4778651161476,100.0
6010,2,12.668480566610068,12.668480566610068,100.0
6020,0,11.968734037432972,11.968734037432972,100.0
6020,1,17.3497447940879,17.3497447940879,100.0
6020,2,70.68152116847912,70.68152116847912,100.0
6030,0,48.525712418799685,48.525712418799685,100.0
6030,1,13.984239603646678,13.984239603646678,100.0
6030,2,37.490047977553644,37.490047977553644,100.0
6040,0,11.796674778598197,11.796674778598197,100.0
6040,1,52.2323002537411,52.2323002537411,100.0
6040,2,35.9710249676607,35.9710249676607,100.0
6050,0,26.345941035366454,26.345941035366454,100.0
6050,1,18.263176708912283,18.263176708912283,100.0
6050,2,55.390882255721266,55.390882255721266,100.0
6060,0,20.104988647579823,20.104988647579823,100.0
6060,1,40.736876103194255,40.736876103194255,100.0
6060,2,39.15813524922592,39.15813524922592,100.0
6070,0,47.87614657057166,47.87614657057166,100.0
6070,1,28.150740041000592,28.150740041000592,100.0
6070,2,23.97311338842775,23.97311338842775,100.0
6080,0,19.39669079925521,19.39669079925521,100.0
6080,1,29.88339160285836,29.88339160285836,100.0
6080,2,50.719917597886436,50.719917597886436,100.0
6090,0,38.615523777728114,38.615523777728114,100.0
6090,1,13.826796988464245,13.826796988464245,100.0
6090,2,47.55767923380765,47.55767923380765,100.0
6100,0,33.45573294804893,33.45573294804893,100.0
6100,1,11.783173274937454,11.783173274937454,100.0
6100,2,54.76109377701361,54.76109377701361,100.0
6110,0,12.273380939128105,12.273380939128105,100.0
6110,1,33.795103409956276,33.795103409956276,100.0
6110,2,53.93151565091562,53.93151565091562,100.0
6120,0,56.493174609077634,56.493174609077634,100.0
6120,1,33.41602383740805,33.41602383740805,100.0
6120,2,10.090801553514313,10.090801553514313,100.0
6130,0,13.68524883877419,13.68524883877419,100.0
6130,1,22.357117574458993,22.357117574458993,100.0
6130,2,63.957633586766825,63.957633586766825,100.0
6140,0,38.409959062770966,38.409959062770966,100.0
6140,1,36.531407585773294,36.531407585773294,100.0
6140,2,25.058633351455732,25.058633351455732,100.0
6150,0,26.501474040843114,26.501474040843114,100.0
6150,1,9.190391833622757,9.190391833622757,100.0
6150,2,64.30813412553412,64.30813412553412,100.0
6160,0,35.77164819893187,35.77164819893187,100.0
6160,1,12.856569457854802,12.856569457854802,100.0
6160,2,51.37178234321333,51.37178234321333,100.0
6170,0,32.28761824417191,32.28761824417191,100.0
6170,1,30.897345090914317,30.897345090914317,100.0
6170,2,36.81503666491378,36.81503666491378,100.0
6180,0,44.818944810961206,44.818944810961206,100.0
6180,1,29.586878621944983,29.586878621944983,100.0
6180,2,25.594176567093808,25.594176567093808,100.0
6190,0,19.340029927574168,19.340029927574168,100.0
6190,1,13.42876829874341,13.42876829874341,100.0
6190,2,67.23120177368243,67.23120177368243,100.0
6200,0,52.42581920053701,52.42581920053701,100.0
6200,1,32.81027974440916,32.81027974440916,100.0
6200,2,14.763901055053823,14.763901055053823,100.0
6210,0,27.308529296036312,27.308529296036312,100.0
6210,1,16.24452933371403,16.24452933371403,100.0
6210,2,56.44694137024966,56.44694137024966,100.0
6220,0,24.560939585371187,24.560939585371187,100.0
6220,1,24.600619655646057,24.600619655646057,100.0
6220,2,50.83844075898275,50.83844075898275,100.0
6230,0,32.53883125184665,32.53883125184665,100.0
6230,1,36.33389623942202,36.33389623942202,100.0
6230,2,31.12727250873134,31.12727250873134,100.0
6240,0,29.347012244349617,29.347012244349617,100.0
6240,1,17.011935720049802,17.011935720049802,100.0
6240,2,53.64105203560059,53.64105203560059,100.0
6250,0,18.36453560859619,18.36453560859619,100.0
6250,1,18.468490638737613,18.468490638737613,100.0
6250,2,63.1669737526662,63.1669737526662,100.0
6260,0,54.85578491447303,54.85578491447303,100.0
6260,1,19.1434737227313,19.1434737227313,100.0
6260,2,26.000741362795676,26.000741362795676,100.0
6270,0,15.127820947313086,15.127820947313086,100.0
6270,1,13.90026613452992,13.90026613452992,100.0
6270,2,70.971912918157,70.971912918157,100.0
6280,0,38.30900880798959,38.30900880798959,100.0
6280,1,10.1020890794567,10.1020890794567,100.0
6280,2,51.58890211255371,51.58890211255371,100.0
6290,0,54.75044899242747,54.75044899242747,100.0
6290,1,17.431788704571225,17.431788704571225,100.0
6290,2,27.817762303001313,27.817762303001313,100.0
6300,0,29.9795457073984,29.9795457073984,100.0
6300,1,12.100511677107514,12.100511677107514,100.0
6300,2,57.91994261549408,57.91994261549408,100.0
6310,0,27.78250515941388,27.78250515941388,100.0
6310,1,33.160896845970406,33.160896845970406,100.0
6310,2,39.05659799461571,39.05659799461571,100.0
6320,0,28.837813791978018,28.837813791978018,100.0
6320,1,11.100795557246895,11.100795557246895,100.0
6320,2,60.061390650775095,60.061390650775095,100.0
6330,0,69.63695740547088,69.63695740547088,100.0
6330,1,11.016791528737873,11.016791528737873,100.0
6330,2,19.34625106579124,19.34625106579124,100.0
6340,0,24.11924796619854,24.11924796619854,100.0
6340,1,41.938295395655764,41.938295395655764,100.0
6340,2,33.942456638145686,33.942456638145686,100.0
6350,0,62.95452215155165,62.95452215155165,100.0
6350,1,20.457410109123217,20.457410109123217,100.0
6350,2,16.588067739325137,16.588067739325137,100.0
6360,0,42.48057005818227,42.48057005818227,100.0
6360,1,9.32325217977211,9.32325217977211,100.0
6360,2,48.196177762045615,48.196177762045615,100.0
6370,0,25.201524263346332,25.201524263346332,100.0
6370,1,46.06051119374873,46.06051119374873,100.0
6370,2,28.737964542904948,28.737964542904948,100.0
6380,0,24.470877895845287,24.470877895845287,100.0
6380,1,35.600794545444344,35.600794545444344,100.0
6380,2,39.92832755871037,39.92832755871037,100.0
6390,0,15.794149100621462,15.794149100621462,100.0
6390,1,10.71589339272955,10.71589339272955,100.0
6390,2,73.48995750664899,73.48995750664899,100.0
6400,0,49.92124836363241,49.92124836363241,100.0
6400,1,34.87805783998335,34.87805783998335,100.0
6400,2,15.200693796384257,15.200693796384257,100.0
6410,0,40.77101702886112,40.77101702886112,100.0
6410,1,11.28027199886888,11.28027199886888,100.0
6410,2,47.94871097227001,47.94871097227001,100.0
6420,0,31.320085774024562,31.320085774024562,100.0
6420,1,40.56591497890856,40.56591497890856,100.0
6420,2,28.113999247066868,28.113999247066868,100.0
6430,0,21.46765811322677,21.46765811322677,100.0
6430,1,18.457102900027888,18.457102900027888,100.0
6430,2,60.07523898674534,60.07523898674534,100.0
6440,0,48.90726581692192,48.90726581692192,100.0
6440,1,17.33971219215076,17.33971219215076,100.0
6440,2,33.75302199092732,33.75302199092732,100.0
6450,0,16.852644349941787,16.852644349941787,100.0
6450,1,17.240171128382023,17.240171128382023,100.0
6450,2,65.9071845216762,65.9071845216762,100.0
6460,0,21.430185340023804,21.430185340023804,100.0
6460,1,57.86597012220578,57.86597012220578,100.0
6460,2,20.703844537770415,20.703844537770415,100.0
6470,0,47.69069669651608,47.69069669651608,100.0
6470,1,12.180596270071298,12.180596270071298,100.0
6470,2,40.12870703341263,40.12870703341263,100.0
6480,0,32.414063431672226,32.414063431672226,100.0
6480,1,24.321143162594073,24.321143162594073,100.0
6480,2,43.2647934057337,43.2647934057337,100.0
6490,0,21.278980737051484,21.278980737051484,100.0
6490,1,38.07174680320377,38.07174680320377,100.0
6490,2,40.64927245974475,40.64927245974475,100.0
6500,0,28.145576371220127,28.145576371220127,100.0
6500,1,36.86668220458671,36.86668220458671,100.0
6500,2,34.98774142419316,34.98774142419316,100.0
6510,0,19.027912729570986,19.027912729570986,100.0
6510,1,10.044852323995254,10.044852323995254,100.0
6510,2,70.92723494643376,70.92723494643376,100.0
6520,0,41.53996415158298,41.53996415158298,100.0
6520,1,25.678958938171913,25.678958938171913,100.0
6520,2,32.78107691024509,32.78107691024509,100.0
6530,0,49.304153629747226,49.304153629747226,100.0
6530,1,27.1143898197784,27.1143898197784,100.0
6530,2,23.581456550474382,23.581456550474382,100.0
6540,0,25.65461657903655,25.65461657903655,100.0
6540,1,53.52086597086563,53.52086597086563,100.0
6540,2,20.82451745009783,20.82451745009783,100.0
6550,0,14.676872443407243,14.676872443407243,100.0
6550,1,14.747158833387955,14.747158833387955,100.0
6550,2,70.57596872320481,70.57596872320481,100.0
6560,0,35.39075181994634,35.39075181994634,100.0
6560,1,44.40047037017545,44.40047037017545,100.0
6560,2,20.208777809878224,20.208777809878224,100.0
6570,0,21.303091719675727,21.303091719675727,100.0
6570,1,10.144478643615223,10.144478643615223,100.0
6570,2,68.55242963670905,68.55242963670905,100.0
6580,0,52.10166465634428,52.10166465634428,100.0
6580,1,26.252705545014987,26.252705545014987,100.0
6580,2,21.64562979864074,21.64562979864074,100.0
6590,0,28.831005580920838,28.831005580920838,100.0
6590,1,43.697731600276754,43.697731600276754,100.0
6590,2,27.471262818802415,27.471262818802415,100.0
6600,0,20.45669530554687,20.45669530554687,100.0
6600,1,14.189155256785918,14.189155256785918,100.0
6600,2,65.35414943766722,65.35414943766722,100.0
6610,0,19.48214286372606,19.48214286372606,100.0
6610,1,49.9474871592828,49.9474871592828,100.0
6610,2,30.57036997699113,30.57036997699113,100.0
6620,0,10.678262214465516,10.678262214465516,100.0
6620,1,33.27598142276913,33.27598142276913,100.0
6620,2,56.04575636276535,56.04575636276535,100.0
6630,0,35.81378439646256,35.81378439646256,100.0
6630,1,36.35214609529527,36.35214609529527,100.0
6630,2,27.83406950824217,27.83406950824217,100.0
6640,0,34.85704945728021,34.85704945728021,100.0
6640,1,28.624211803223265,28.624211803223265,100.0
6640,2,36.51873873949652,36.51873873949652,100.0
6650,0,66.86419454709083,66.86419454709083,100.0
6650,1,22.647566281157356,22.647566281157356,100.0
6650,2,10.488239171751811,10.488239171751811,100.0
6660,0,28.52974501398013,28.52974501398013,100.0
6660,1,17.65222319637135,17.65222319637135,100.0
6660,2,53.81803178964852,53.81803178964852,100.0
6670,0,40.484986222656424,40.484986222656424,100.0
6670,1,11.404993078317663,11.404993078317663,100.0
6670,2,48.11002069902591,48.11002069902591,100.0
6680,0,29.78551742070078,29.78551742070078,100.0
6680,1,54.02209122877032,54.02209122877032,100.0
6680,2,16.192391350528908,16.192391350528908,100.0
6690,0,16.361605587575582,16.361605587575582,100.0
6690,1,11.517351510054304,11.517351510054304,100.0
6690,2,72.12104290237012,72.12104290237012,100.0
6700,0,14.486936975944475,14.486936975944475,100.0
6700,1,18.607216346744263,18.607216346744263,100.0
6700,2,66.90584667731126,66.90584667731126,100.0
6710,0,28.290923174350706,28.290923174350706,100.0
6710,1,33.73779964707877,33.73779964707877,100.0
6710,2,37.97127717857052,37.97127717857052,100.0
6720,0,44.18407000901282,44.18407000901282,100.0
6720,1,9.056390251045489,9.056390251045489,100.0
6720,2,46.75953973994169,46.75953973994169,100.0
6730,0,65.61213867773448,65.61213867773448,100.0
6730,1,20.150839837134384,20.150839837134384,100.0
6730,2,14.237021485131137,14.237021485131137,100.0
6740,0,32.999769189225034,32.999769189225034,100.0
6740,1,27.281096199160977,27.281096199160977,100.0
6740,2,39.719134611613995,39.719134611613995,100.0
6750,0,14.553372281357632,14.553372281357632,100.0
6750,1,16.788044537695242,16.788044537695242,100.0
6750,2,68.65858318094713,68.65858318094713,100.0
6760,0,17.708386203806604,17.708386203806604,100.0
6760,1,25.31988443320678,25.31988443320678,100.0
6760,2,56.971729362986615,56.971729362986615,100.0
6770,0,16.601801535760707,16.601801535760707,100.0
6770,1,18.635543060249365,18.635543060249365,100.0
6770,2,64.76265540398994,64.76265540398994,100.0
6780,0,22.158151544616,22.158151544616,100.0
6780,1,53.446109757836936,53.446109757836936,100.0
6780,2,24.395738697547074,24.395738697547074,100.0
6790,0,17.202729601752672,17.202729601752672,100.0
6790,1,30.924323159927113,30.924323159927113,100.0
6790,2,51.87294723832022,51.87294723832022,100.0
6800,0,25.38425026135178,25.38425026135178,100.0
6800,1,35.99010323987636,35.99010323987636,100.0
6800,2,38.625646498771864,38.625646498771864,100.0
6810,0,11.312278425569497,11.312278425569497,100.0
6810,1,13.039690456189737,13.039690456189737,100.0
6810,2,75.64803111824077,75.64803111824077,100.0
6820,0,30.25895804547862,30.25895804547862,100.0
6820,1,42.26498813219519,42.26498813219519,100.0
6820,2,27.47605382232618,27.47605382232618,100.0
6830,0,56.28334189433145,56.28334189433145,100.0
6830,1,14.500921375467271,14.500921375467271,100.0
6830,2,29.215736730201293,29.215736730201293,100.0
6840,0,35.27036894006854,35.27036894006854,100.0
6840,1,55.31090343076948,55.31090343076948,100.0
6840,2,9.418727629161989,9.418727629161989,100.0
6850,0,26.105681155960163,26.105681155960163,100.0
6850,1,59.39318979187852,59.39318979187852,100.0
6850,2,14.501129052161327,14.501129052161327,100.0
6860,0,23.674349514272123,23.674349514272123,100.0
6860,1,14.446185391628175,14.446185391628175,100.0
6860,2,61.87946509409971,61.87946509409971,100.0
6870,0,12.613865624755164,12.613865624755164,100.0
6870,1,13.375740805732466,13.375740805732466,100.0
6870,2,74.01039356951237,74.01039356951237,100.0
6880,0,24.09857741081489,24.09857741081489,100.0
6880,1,32.0735157151386,32.0735157151386,100.0
6880,2,43.82790687404651,43.82790687404651,100.0
6890,0,36.069727040509264,36.069727040509264,100.0
6890,1,10.16734530586349,10.16734530586349,100.0
6890,2,53.762927653627244,53.762927653627244,100.0
6900,0,36.12620627757622,36.12620627757622,100.0
6900,1,25.58850282848561,25.58850282848561,100.0
6900,2,38.28529089393815,38.28529089393815,100.0
6910,0,22.0597408847746,22.0597408847746,100.0
6910,1,41.239732401349364,41.239732401349364,100.0
6910,2,36.70052671387604,36.70052671387604,100.0
6920,0,57.315815442744245,57.315815442744245,100.0
6920,1,11.97222694733422,11.97222694733422,100.0
6920,2,30.71195760992154,30.71195760992154,100.0
6930,0,15.257762028320851,15.257762028320851,100.0
6930,1,12.173150046331283,12.173150046331283,100.0
6930,2,72.56908792534787,72.56908792534787,100.0
6940,0,41.8019225975452,41.8019225975452,100.0
6940,1,19.8466277313842,19.8466277313842,100.0
6940,2,38.3514496710706,38.3514496710706,100.0
6950,0,36.174866920205446,36.174866920205446,100.0
6950,1,12.017916407600335,12.017916407600335,100.0
6950,2,51.80721667219422,51.80721667219422,100.0
6960,0,67.91108237870803,67.91108237870803,100.0
6960,1,17.710397028294288,17.710397028294288,100.0
6960,2,14.378520592997685,14.378520592997685,100.0
6970,0,44.60698787114629,44.60698787114629,100.0
6970,1,18.076805658260163,18.076805658260163,100.0
6970,2,37.31620647059354,37.31620647059354,100.0
6980,0,43.214895151676814,43.214895151676814,100.0
6980,1,37.459559416266586,37.459559416266586,100.0
6980,2,19.32554543205661,19.32554543205661,100.0
6990,0,17.582616780830616,17.582616780830616,100.0
6990,1,11.63523159224988,11.63523159224988,100.0
6990,2,70.7821516269195,70.7821516269195,100.0
7000,0,36.3140497087075,36.3140497087075,100.0
7000,1,10.24329129686215,10.24329129686215,100.0
7000,2,53.44265899443036,53.44265899443036,100.0
7010,0,40.236015185346744,40.236015185346744,100.0
7010,1,40.19085505559236,40.19085505559236,100.0
7010,2,19.57312975906089,19.57312975906089,100.0
7020,0,22.359330665061915,22.359330665061915,100.0
7020,1,21.318706430332316,21.318706430332316,100.0
7020,2,56.32196290460577,56.32196290460577,100.0
7030,0,42.56392333449683,42.56392333449683,100.0
7030,1,47.05848548647358,47.05848548647358,100.0
7030,2,10.377591179029597,10.377591179029597,100.0
7040,0,19.715842532540204,19.715842532540204,100.0
7040,1,18.723139703062117,18.723139703062117,100.0
7040,2,61.56101776439768,61.56101776439768,100.0
7050,0,32.69292895138724,32.69292895138724,100.0
7050,1,30.06038451210372,30.06038451210372,100.0
7050,2,37.24668653650904,37.24668653650904,100.0
7060,0,28.151992815455785,28.151992815455785,100.0
7060,1,16.835373030498282,16.835373030498282,100.0
7060,2,55.012634154045934,55.012634154045934,100.0
7070,0,33.79724642247338,33.79724642247338,100.0
7070,1,35.9067663250971,35.9067663250971,100.0
7070,2,30.29598725242953,30.29598725242953,100.0
7080,0,31.645255878375554,31.645255878375554,100.0
7080,1,44.555823611690556,44.555823611690556,100.0
7080,2,23.798920509933883,23.798920509933883,100.0
7090,0,33.51195407584001,33.51195407584001,100.0
7090,1,10.320034507242568,10.320034507242568,100.0
7090,2,56.16801141691743,56.16801141691743,100.0
7100,0,11.20477993543175,11.20477993543175,100.0
7100,1,38.31590939506867,38.31590939506867,100.0
7100,2,50.47931066949959,50.47931066949959,100.0
7110,0,22.48965566730567,22.48965566730567,100.0
7110,1,22.744800915026907,22.744800915026907,100.0
7110,2,54.76554341766743,54.76554341766743,100.0
7120,0,51.82358421938421,51.82358421938421,100.0
7120,1,27.67925280285067,27.67925280285067,100.0
7120,2,20.49716297776511,20.49716297776511,100.0
7130,0,43.37782093390258,43.37782093390258,100.0
7130,1,13.913464256801017,13.913464256801017,100.0
7130,2,42.708714809296396,42.708714809296396,100.0
7140,0,26.07550718418471,26.07550718418471,100.0
7140,1,14.278471116026031,14.278471116026031,100.0
7140,2,59.64602169978925,59.64602169978925,100.0
7150,0,43.565402949590414,43.565402949590414,100.0
7150,1,20.219118864523754,20.219118864523754,100.0
7150,2,36.21547818588582,36.21547818588582,100.0
7160,0,66.59823121547977,66.59823121547977,100.0
7160,1,14.52488156724788,14.52488156724788,100.0
7160,2,18.876887217272355,18.876887217272355,100.0
7170,0,12.716334641987304,12.716334641987304,100.0
7170,1,11.259943717748955,11.259943717748955,100.0
7170,2,76.02372164026376,76.02372164026376,100.0
7180,0,47.02581141155126,47.02581141155126,100.0
7180,1,10.021141820974128,10.021141820974128,100.0
7180,2,42.953046767474625,42.953046767474625,100.0
7190,0,48.47550938613129,48.47550938613129,100.0
7190,1,38.46371237582717,38.46371237582717,100.0
7190,2,13.060778238041534,13.060778238041534,100.0
7200,0,26.869998212585234,26.869998212585234,100.0
7200,1,22.364283146305763,22.364283146305763,100.0
7200,2,50.765718641109004,50.765718641109004,100.0
7210,0,26.35550831144063,26.35550831144063,100.0
7210,1,20.801264474067636,20.801264474067636,100.0
7210,2,52.84322721449174,52.84322721449174,100.0
7220,0,23.36711835402327,23.36711835402327,100.0
7220,1,55.85658811340849,55.85658811340849,100.0
7220,2,20.776293532568253,20.776293532568253,100.0
7230,0,24.86371311657262,24.86371311657262,100.0
7230,1,11.59884341303813,11.59884341303813,100.0
7230,2,63.537443470389256,63.537443470389256,100.0
7240,0,44.11468493836424,44.11468493836424,100.0
7240,1,44.92987084366163,44.92987084366163,100.0
7240,2,10.955444217974131,10.955444217974131,100.0
7250,0,51.31956806703937,51.31956806703937,100.0
7250,1,18.66378688422794,18.66378688422794,100.0
7250,2,30.01664504873269,30.01664504873269,100.0
7260,0,16.494317710053043,16.494317710053043,100.0
7260,1,12.780791077682323,12.780791077682323,100.0
7260,2,70.72489121226464,70.72489121226464,100.0
7270,0,43.80764679609085,43.80764679609085,100.0
7270,1,24.14035024195289,24.14035024195289,100.0
7270,2,32.05200296195626,32.05200296195626,100.0
7280,0,35.47436250310603,35.47436250310603,100.0
7280,1,29.207602421977096,29.207602421977096,100.0
7280,2,35.31803507491687,35.31803507491687,100.0
7290,0,12.650464550538729,12.650464550538729,100.0
7290,1,11.327749373422126,11.327749373422126,100.0
7290,2,76.02178607603915,76.02178607603915,100.0
7300,0,40.01096192814489,40.01096192814489,100.0
7300,1,10.032768518123653,10.032768518123653,100.0
7300,2,49.95626955373147,49.95626955373147,100.0
7310,0,52.41758534771718,52.41758534771718,100.0
7310,1,23.03737313240005,23.03737313240005,100.0
7310,2,24.54504151988278,24.54504151988278,100.0
7320,0,26.94464936017121,26.94464936017121,100.0
7320,1,25.86579752476964,25.86579752476964,100.0
7320,2,47.189553115059155,47.189553115059155,100.0
7330,0,32.00174715958566,32.00174715958566,100.0
7330,1,14.65973075288205,14.65973075288205,100.0
7330,2,53.33852208753229,53.33852208753229,100.0
7340,0,41.47597346311845,41.47597346311845,100.0
7340,1,28.09404328502537,28.09404328502537,100.0
7340,2,30.42998325185619,30.42998325185619,100.0
7350,0,20.33298983085099,20.33298983085099,100.0
7350,1,10.789315632261731,10.789315632261731,100.0
7350,2,68.87769453688728,68.87769453688728,100.0
7360,0,53.216847304522915,53.216847304522915,100.0
7360,1,24.96045254933562,24.96045254933562,100.0
7360,2,21.82270014614146,21.82270014614146,100.0
7370,0,18.14682219718686,18.14682219718686,100.0
7370,1,47.41707134934908,47.41707134934908,100.0
7370,2,34.43610645346406,34.43610645346406,100.0
7380,0,29.071597184966098,29.071597184966098,100.0
7380,1,32.59702386070303,32.59702386070303,100.0
7380,2,38.33137895433086,38.33137895433086,100.0
7390,0,24.2467855127423,24.2467855127423,100.0
7390,1,22.02297151202301,22.02297151202301,100.0
7390,2,53.7302429752347,53.7302429752347,100.0
7400,0,38.493358275443484,38.493358275443484,100.0
7400,1,26.446226115409587,26.446226115409587,100.0
7400,2,35.060415609146936,35.060415609146936,100.0
7410,0,17.845124008168764,17.845124008168764,100.0
7410,1,10.3944673941352,10.3944673941352,100.0
7410,2,71.76040859769604,71.76040859769604,100.0
7420,0,32.83509271813913,32.83509271813913,100.0
7420,1,49.38459826592167,49.38459826592167,100.0
7420,2,17.780309015939206,17.780309015939206,100.0
7430,0,33.26234973427255,33.26234973427255,100.0
7430,1,24.739658122678545,24.739658122678545,100.0
7430,2,41.997992143048904,41.997992143048904,100.0
7440,0,14.968056813982939,14.968056813982939,100.0
7440,1,24.431819404816572,24.431819404816572,100.0
7440,2,60.60012378120049,60.60012378120049,100.0
7450,0,67.64551609519006,67.64551609519006,100.0
7450,1,10.685999024708508,10.685999024708508,100.0
7450,2,21.668484880101424,21.668484880101424,100.0
7460,0,12.984713435187672,12.984713435187672,100.0
7460,1,38.339567082856504,38.339567082856504,100.0
7460,2,48.675719481955824,48.675719481955824,100.0
7470,0,32.753841119172876,32.753841119172876,100.0
7470,1,19.039815455556234,19.039815455556234,100.0
7470,2,48.206343425270894,48.206343425270894,100.0
7480,0,20.820113858334803,20.820113858334803,100.0
7480,1,48.57877598792384,48.57877598792384,100.0
7480,2,30.601110153741356,30.601110153741356,100.0
7490,0,26.653294873794575,26.653294873794575,100.0
7490,1,36.68105896102703,36.68105896102703,100.0
7490,2,36.6656461651784,36.6656461651784,100.0
7500,0,41.55108875053045,41.55108875053045,100.0
7500,1,25.700994528580605,25.700994528580605,100.0
7500,2,32.747916720888945,32.747916720888945,100.0
7510,0,33.34467485930472,33.34467485930472,100.0
7510,1,39.56931779521028,39.56931779521028,100.0
7510,2,27.086007345485,27.086007345485,100.0
7520,0,41.33108513706136,41.33108513706136,100.0
7520,1,22.158511330850654,22.158511330850654,100.0
7520,2,36.510403532088,36.510403532088,100.0
7530,0,11.675736081976611,11.675736081976611,100.0
7530,1,20.518233487905334,20.518233487905334,100.0
7530,2,67.80603043011804,67.80603043011804,100.0
7540,0,53.31197510470207,53.31197510470207,100.0
7540,1,22.7140869435001,22.7140869435001,100.0
7540,2,23.973937951797826,23.973937951797826,100.0
7550,0,35.05554860394943,35.05554860394943,100.0
7550,1,22.801809292905375,22.801809292905375,100.0
7550,2,42.1426421031452,42.1426421031452,100.0
7560,0,56.436026972246324,56.436026972246324,100.0
7560,1,12.512437869468146,12.512437869468146,100.0
7560,2,31.051535158285542,31.051535158285542,100.0
7570,0,59.57825182469435,59.57825182469435,100.0
7570,1,24.95899061768723,24.95899061768723,100.0
7570,2,15.462757557618412,15.462757557618412,100.0
7580,0,64.90662046353319,64.90662046353319,100.0
7580,1,16.878720652722237,16.878720652722237,100.0
7580,2,18.214658883744576,18.214658883744576,100.0
7590,0,12.563278362225743,12.563278362225743,100.0
7590,1,10.701552017526607,10.701552017526607,100.0
7590,2,76.73516962024765,76.73516962024765,100.0
7600,0,42.596368422205124,42.596368422205124,100.0
7600,1,20.368312486429215,20.368312486429215,100.0
7600,2,37.035319091365665,37.035319091365665,100.0
7610,0,34.695404608875876,34.695404608875876,100.0
7610,1,35.2471873848074,35.2471873848074,100.0
7610,2,30.057408006316734,30.057408006316734,100.0
7620,0,19.71594669837018,19.71594669837018,100.0
7620,1,14.320634898685741,14.320634898685741,100.0
7620,2,65.96341840294407,65.96341840294407,100.0
7630,0,41.540557801868,41.540557801868,100.0
7630,1,42.276051801927736,42.276051801927736,100.0
7630,2,16.183390396204263,16.183390396204263,100.0
7640,0,31.16756413963997,31.16756413963997,100.0
7640,1,21.130637660330123,21.130637660330123,100.0
7640,2,47.701798200029906,47.701798200029906,100.0
7650,0,28.01752105453465,28.01752105453465,100.0
7650,1,12.769487074239711,12.769487074239711,100.0
7650,2,59.21299187122564,59.21299187122564,100.0
7660,0,17.821554356036785,17.821554356036785,100.0
7660,1,53.23781094567761,53.23781094567761,100.0
7660,2,28.9406346982856,28.9406346982856,100.0
7670,0,59.42078574408956,59.42078574408956,100.0
7670,1,23.985877381864668,23.985877381864668,100.0
7670,2,16.59333687404578,16.59333687404578,100.0
7680,0,32.09721322221363,32.09721322221363,100.0
7680,1,15.085163738568069,15.085163738568069,100.0
7680,2,52.81762303921831,52.81762303921831,100.0
7690,0,14.971170221976312,14.971170221976312,100.0
7690,1,18.147036005011948,18.147036005011948,100.0
7690,2,66.88179377301174,66.88179377301174,100.0
7700,0,45.46336622376456,45.46336622376456,100.0
7700,1,7.7400432594404585,7.7400432594404585,100.0
7700,2,46.79659051679499,46.79659051679499,100.0
7710,0,12.218468824487335,12.218468824487335,100.0
7710,1,12.510311408483968,12.510311408483968,100.0
7710,2,75.2712197670287,75.2712197670287,100.0
7720,0,38.64012865907004,38.64012865907004,100.0
7720,1,12.928500462543525,12.928500462543525,100.0
7720,2,48.43137087838645,48.43137087838645,100.0
7730,0,24.45475800281528,24.45475800281528,100.0
7730,1,31.462677079141788,31.462677079141788,100.0
7730,2,44.08256491804294,44.08256491804294,100.0
7740,0,17.996951771918127,17.996951771918127,100.0
7740,1,37.618457658555954,37.618457658555954,100.0
7740,2,44.38459056952592,44.38459056952592,100.0
7750,0,17.49984822023592,17.49984822023592,100.0
7750,1,46.41188443986631,46.41188443986631,100.0
7750,2,36.088267339897776,36.088267339897776,100.0
7760,0,56.39778483910277,56.39778483910277,100.0
7760,1,16.771530644009317,16.771530644009317,100.0
7760,2,26.830684516887914,26.830684516887914,100.0
7770,0,21.040535489568548,21.040535489568548,100.0
7770,1,23.08223488422366,23.08223488422366,100.0
7770,2,55.8772296262078,55.8772296262078,100.0
7780,0,50.28598602564873,50.28598602564873,100.0
7780,1,8.171091843550311,8.171091843550311,100.0
7780,2,41.54292213080095,41.54292213080095,100.0
7790,0,23.26009790003326,23.26009790003326,100.0
7790,1,56.88143035216265,56.88143035216265,100.0
7790,2,19.858471747804103,19.858471747804103,100.0
7800,0,60.8823685226663,60.8823685226663,100.0
7800,1,14.696132685631886,14.696132685631886,100.0
7800,2,24.421498791701808,24.421498791701808,100.0
7810,0,19.139712372481068,19.139712372481068,100.0
7810,1,11.538512618347216,11.538512618347216,100.0
7810,2,69.32177500917172,69.32177500917172,100.0
7820,0,35.765548387965694,35.765548387965694,100.0
7820,1,29.757834508334962,29.757834508334962,100.0
7820,2,34.476617103699354,34.476617103699354,100.0
7830,0,32.4615064231933,32.4615064231933,100.0
7830,1,10.64237566859097,10.64237566859097,100.0
7830,2,56.896117908215736,56.896117908215736,100.0
7840,0,41.552330667602156,41.552330667602156,100.0
7840,1,8.256995540108642,8.256995540108642,100.0
7840,2,50.19067379228921,50.19067379228921,100.0
7850,0,32.08316185316833,32.08316185316833,100.0
7850,1,19.065231259368527,19.065231259368527,100.0
7850,2,48.85160688746314,48.85160688746314,100.0
7860,0,30.297421811827242,30.297421811827242,100.0
7860,1,11.906783289887551,11.906783289887551,100.0
7860,2,57.7957948982852,57.7957948982852,100.0
7870,0,27.20656261873463,27.20656261873463,100.0
7870,1,27.661266307459183,27.661266307459183,100.0
7870,2,45.132171073806184,45.132171073806184,100.0
7880,0,37.61998879792524,37.61998879792524,100.0
7880,1,10.585099499117188,10.585099499117188,100.0
7880,2,51.79491170295757,51.79491170295757,100.0
7890,0,11.082908988127606,11.082908988127606,100.0
7890,1,16.432345128933928,16.432345128933928,100.0
7890,2,72.48474588293845,72.48474588293845,100.0
7900,0,31.846521744429868,31.846521744429868,100.0
7900,1,50.92585390810286,50.92585390810286,100.0
7900,2,17.22762434746729,17.22762434746729,100.0
7910,0,37.4390832882223,37.4390832882223,100.0
7910,1,10.539025338784459,10.539025338784459,100.0
7910,2,52.02189137299323,52.02189137299323,100.0
7920,0,51.29411728498776,51.29411728498776,100.0
7920,1,11.450394465170998,11.450394465170998,100.0
7920,2,37.255488249841235,37.255488249841235,100.0
7930,0,39.52784484209846,39.52784484209846,100.0
7930,1,24.20048136836944,24.20048136836944,100.0
7930,2,36.2716737895321,36.2716737895321,100.0
7940,0,20.83193713875029,20.83193713875029,100.0
7940,1,11.066227066680625,11.066227066680625,100.0
7940,2,68.10183579456907,68.10183579456907,100.0
7950,0,25.83441188582574,25.83441188582574,100.0
7950,1,37.10745389347544,37.10745389347544,100.0
7950,2,37.05813422069883,37.05813422069883,100.0
7960,0,33.371058921264,33.371058921264,100.0
7960,1,24.184036176976853,24.184036176976853,100.0
7960,2,42.44490490175916,42.44490490175916,100.0
7970,0,27.293432831099384,27.293432831099384,100.0
7970,1,40.82102356587716,40.82102356587716,100.0
7970,2,31.885543603023454,31.885543603023454,100.0
7980,0,34.719556106164546,34.719556106164546,100.0
7980,1,21.813737682182733,21.813737682182733,100.0
7980,2,43.46670621165272,43.46670621165272,100.0
7990,0,8.062790723564946,8.062790723564946,100.0
7990,1,47.51444773514318,47.51444773514318,100.0
7990,2,44.422761541291884,44.422761541291884,100.0
8000,0,42.39654322776507,42.39654322776507,100.0
8000,1,9.300636007850532,9.300636007850532,100.0
8000,2,48.30282076438441,48.30282076438441,100.0
8010,0,13.779468426437438,13.779468426437438,100.0
8010,1,10.828976260417928,10.828976260417928,100.0
8010,2,75.39155531314462,75.39155531314462,100.0
8020,0,20.662848227937474,20.662848227937474,100.0
8020,1,13.136727483772958,13.136727483772958,100.0
8020,2,66.20042428828957,66.20042428828957,100.0
8030,0,21.1552729779254,21.1552729779254,100.0
8030,1,21.151606445735073,21.151606445735073,100.0
8030,2,57.69312057633953,57.69312057633953,100.0
8040,0,29.065832946647834,29.065832946647834,100.0
8040,1,27.187776345906766,27.187776345906766,100.0
8040,2,43.74639070744541,43.74639070744541,100.0
8050,0,55.42425200867663,55.42425200867663,100.0
8050,1,16.365063832508962,16.365063832508962,100.0
8050,2,28.21068415881441,28.21068415881441,100.0
8060,0,44.51037250645105,44.51037250645105,100.0
8060,1,26.030446938985506,26.030446938985506,100.0
8060,2,29.459180554563442,29.459180554563442,100.0
8070,0,19.297343908781503,19.297343908781503,100.0
8070,1,11.61607790853333,11.61607790853333,100.0
8070,2,69.08657818268516,69.08657818268516,100.0
8080,0,48.68135896328473,48.68135896328473,100.0
8080,1,31.242951153129056,31.242951153129056,100.0
8080,2,20.075689883586207,20.075689883586207,100.0
8090,0,44.371953403164575,44.371953403164575,100.0
8090,1,8.7966192515426,8.7966192515426,100.0
8090,2,46.83142734529284,46.83142734529284,100.0
8100,0,30.134915288069852,30.134915288069852,100.0
8100,1,23.023748787024292,23.023748787024292,100.0
8100,2,46.841335924905856,46.841335924905856,100.0
8110,0,11.960773664136878,11.960773664136878,100.0
8110,1,18.91787681726284,18.91787681726284,100.0
8110,2,69.12134951860028,69.12134951860028,100.0
8120,0,11.34720915769832,11.34720915769832,100.0
8120,1,63.81303740275115,63.81303740275115,100.0
8120,2,24.839753439550538,24.839753439550538,100.0
8130,0,16.744973628897625,16.744973628897625,100.0
8130,1,10.750307074335415,10.750307074335415,100.0
8130,2,72.50471929676696,72.50471929676696,100.0
8140,0,68.12746562744016,68.12746562744016,100.0
8140,1,12.029478894350696,12.029478894350696,100.0
8140,2,19.84305547820916,19.84305547820916,100.0
8150,0,11.98323858626492,11.98323858626492,100.0
8150,1,60.09318416378946,60.09318416378946,100.0
8150,2,27.923577249945623,27.923577249945623,100.0
8160,0,27.539613437705423,27.539613437705423,100.0
8160,1,32.03805763088652,32.03805763088652,100.0
8160,2,40.42232893140806,40.42232893140806,100.0
8170,0,22.846947956154377,22.846947956154377,100.0
8170,1,32.458005531843995,32.458005531843995,100.0
8170,2,44.69504651200162,44.69504651200162,100.0
8180,0,19.10858236071082,19.10858236071082,100.0
8180,1,58.564788857594884,58.564788857594884,100.0
8180,2,22.32662878169429,22.32662878169429,100.0
8190,0,11.729129581161441,11.729129581161441,100.0
8190,1,11.788208702007527,11.788208702007527,100.0
8190,2,76.48266171683103,76.48266171683103,100.0
8200,0,27.615458628664317,27.615458628664317,100.0
8200,1,50.21184168553264,50.21184168553264,100.0
8200,2,22.17269968580304,22.17269968580304,100.0
8210,0,18.166514472758134,18.166514472758134,100.0
8210,1,32.04785292018118,32.04785292018118,100.0
8210,2,49.785632607060684,49.785632607060684,100.0
8220,0,9.46376774189987,9.46376774189987,100.0
8220,1,61.92858676295515,61.92858676295515,100.0
8220,2,28.60764549514499,28.60764549514499,100.0
8230,0,43.8291595205541,43.8291595205541,100.0
8230,1,7.776586219550705,7.776586219550705,100.0
8230,2,48.39425425989519,48.39425425989519,100.0
8240,0,43.01076310100447,43.01076310100447,100.0
8240,1,15.717988365779064,15.717988365779064,100.0
8240,2,41.27124853321645,41.27124853321645,100.0
8250,0,12.7963194368584,12.7963194368584,100.0
8250,1,13.93313725956842,13.93313725956842,100.0
8250,2,73.27054330357319,73.27054330357319,100.0
8260,0,12.30747329937285,12.30747329937285,100.0
8260,1,28.90949959731212,28.90949959731212,100.0
8260,2,58.78302710331502,58.78302710331502,100.0
8270,0,37.517751238523005,37.517751238523005,100.0
8270,1,10.510022425008396,10.510022425008396,100.0
8270,2,51.97222633646861,51.97222633646861,100.0
8280,0,22.212889335426635,22.212889335426635,100.0
8280,1,40.95646450213095,40.95646450213095,100.0
8280,2,36.83064616244242,36.83064616244242,100.0
8290,0,61.31074051335099,61.31074051335099,100.0
8290,1,13.572601871819584,13.572601871819584,100.0
8290,2,25.116657614829425,25.116657614829425,100.0
8300,0,10.474499375965008,10.474499375965008,100.0
8300,1,36.18794331537829,36.18794331537829,100.0
8300,2,53.3375573086567,53.3375573086567,100.0
8310,0,11.048744480740623,11.048744480740623,100.0
8310,1,45.134084570311686,45.134084570311686,100.0
8310,2,43.817170948947684,43.817170948947684,100.0
8320,0,35.25190507476939,35.25190507476939,100.0
8320,1,42.55387874584271,42.55387874584271,100.0
8320,2,22.194216179387894,22.194216179387894,100.0
8330,0,31.154142309675294,31.154142309675294,100.0
8330,1,9.10726454155106,9.10726454155106,100.0
8330,2,59.738593148773646,59.738593148773646,100.0
8340,0,17.763846334341075,17.763846334341075,100.0
8340,1,21.692928071929288,21.692928071929288,100.0
8340,2,60.54322559372963,60.54322559372963,100.0
8350,0,11.079198175752444,11.079198175752444,100.0
8350,1,29.7867950708809,29.7867950708809,100.0
8350,2,59.134006753366656,59.134006753366656,100.0
8360,0,47.51270308225423,47.51270308225423,100.0
8360,1,10.421122807925173,10.421122807925173,100.0
8360,2,42.066174109820615,42.066174109820615,100.0
8370,0,14.160408904777366,14.160408904777366,100.0
8370,1,11.91166361417939,11.91166361417939,100.0
8370,2,73.92792748104324,73.92792748104324,100.0
8380,0,15.851576516912615,15.851576516912615,100.0
8380,1,11.553866305675365,11.553866305675365,100.0
8380,2,72.59455717741203,72.59455717741203,100.0
8390,0,50.89691345625529,50.89691345625529,100.0
8390,1,12.819819264464908,12.819819264464908,100.0
8390,2,36.283267279279805,36.283267279279805,100.0
8400,0,17.879460030774744,17.879460030774744,100.0
8400,1,38.10467781016638,38.10467781016638,100.0
8400,2,44.01586215905889,44.01586215905889,100.0
8410,0,12.189707090358228,12.189707090358228,100.0
8410,1,43.99151749140367,43.99151749140367,100.0
8410,2,43.81877541823812,43.81877541823812,100.0
8420,0,14.6611119001959,14.6611119001959,100.0
8420,1,11.950882829494686,11.950882829494686,100.0
8420,2,73.38800527030942,73.38800527030942,100.0
8430,0,25.03937652177866,25.03937652177866,100.0
8430,1,28.746651415566227,28.746651415566227,100.0
8430,2,46.21397206265512,46.21397206265512,100.0
8440,0,35.068756932348485,35.068756932348485,100.0
8440,1,30.88888514128072,30.88888514128072,100.0
8440,2,34.0423579263708,34.0423579263708,100.0
8450,0,23.0884581468536,23.0884581468536,100.0
8450,1,16.51862930087534,16.51862930087534,100.0
8450,2,60.39291255227106,60.39291255227106,100.0
8460,0,32.00910705383792,32.00910705383792,100.0
8460,1,12.83991027906835,12.83991027906835,100.0
8460,2,55.150982667093714,55.150982667093714,100.0
8470,0,43.428696834441006,43.428696834441006,100.0
8470,1,30.186364921260722,30.186364921260722,100.0
8470,2,26.38493824429828,26.38493824429828,100.0
8480,0,19.860771444658496,19.860771444658496,100.0
8480,1,45.493426735474394,45.493426735474394,100.0
8480,2,34.645801819867124,34.645801819867124,100.0
8490,0,13.994884480029185,13.994884480029185,100.0
8490,1,12.917358413716107,12.917358413716107,100.0
8490,2,73.08775710625471,73.08775710625471,100.0
8500,0,32.508446728495635,32.508446728495635,100.0
8500,1,12.478591768510888,12.478591768510888,100.0
8500,2,55.012961502993484,55.012961502993484,100.0
8510,0,38.70080002930633,38.70080002930633,100.0
8510,1,14.094097504416409,14.094097504416409,100.0
8510,2,47.20510246627727,47.20510246627727,100.0
8520,0,20.530539302252652,20.530539302252652,100.0
8520,1,33.50219090430169,33.50219090430169,100.0
8520,2,45.967269793445666,45.967269793445666,100.0
8530,0,33.77227542772996,33.77227542772996,100.0
8530,1,11.783646243330262,11.783646243330262,100.0
8530,2,54.44407832893978,54.44407832893978,100.0
8540,0,48.78300590517087,48.78300590517087,100.0
8540,1,9.521966135486595,9.521966135486595,100.0
8540,2,41.69502795934253,41.69502795934253,100.0
8550,0,12.962207065371839,12.962207065371839,100.0
8550,1,30.955411723046694,30.955411723046694,100.0
8550,2,56.08238121158148,56.08238121158148,100.0
8560,0,30.311690691484916,30.311690691484916,100.0
8560,1,41.13395040616396,41.13395040616396,100.0
8560,2,28.554358902351133,28.554358902351133,100.0
8570,0,55.628403366352764,55.628403366352764,100.0
8570,1,20.984276182063226,20.984276182063226,100.0
8570,2,23.38732045158401,23.38732045158401,100.0
8580,0,23.368198561762068,23.368198561762068,100.0
8580,1,18.49736694359964,18.49736694359964,100.0
8580,2,58.1344344946383,58.1344344946383,100.0
8590,0,12.42518647931538,12.42518647931538,100.0
8590,1,11.867546304577935,11.867546304577935,100.0
8590,2,75.70726721610669,75.70726721610669,100.0
8600,0,20.202768507587848,20.202768507587848,100.0
8600,1,47.25298453280803,47.25298453280803,100.0
8600,2,32.544246959604116,32.544246959604116,100.0
8610,0,30.138705128359334,30.138705128359334,100.0
8610,1,8.648371760170054,8.648371760170054,100.0
8610,2,61.212923111470616,61.212923111470616,100.0
8620,0,21.903791984131693,21.903791984131693,100.0
8620,1,49.50997170585166,49.50997170585166,100.0
8620,2,28.58623631001665,28.58623631001665,100.0
8630,0,18.915087358212762,18.915087358212762,100.0
8630,1,10.502211540259108,10.502211540259108,100.0
8630,2,70.58270110152813,70.58270110152813,100.0
8640,0,42.512736053381914,42.512736053381914,100.0
8640,1,28.625434819600947,28.625434819600947,100.0
8640,2,28.861829127017153,28.861829127017153,100.0
8650,0,30.493071891504268,30.493071891504268,100.0
8650,1,31.16472889903492,31.16472889903492,100.0
8650,2,38.34219920946081,38.34219920946081,100.0
8660,0,27.17955230117099,27.17955230117099,100.0
8660,1,52.557207509298685,52.557207509298685,100.0
8660,2,20.263240189530325,20.263240189530325,100.0
8670,0,19.81859185517286,19.81859185517286,100.0
8670,1,20.082817565427273,20.082817565427273,100.0
8670,2,60.09859057939987,60.09859057939987,100.0
8680,0,65.07338906828998,65.07338906828998,100.0
8680,1,17.54905675683799,17.54905675683799,100.0
8680,2,17.377554174872024,17.377554174872024,100.0
8690,0,42.12405099526584,42.12405099526584,100.0
8690,1,32.978087522459845,32.978087522459845,100.0
8690,2,24.8978614822743,24.8978614822743,100.0
8700,0,25.457472062050645,25.457472062050645,100.0
8700,1,27.171675411594965,27.171675411594965,100.0
8700,2,47.3708525263544,47.3708525263544,100.0
8710,0,42.10836345350749,42.10836345350749,100.0
8710,1,22.979228009579636,22.979228009579636,100.0
8710,2,34.91240853691288,34.91240853691288,100.0
8720,0,28.80840988510689,28.80840988510689,100.0
8720,1,17.91711862189691,17.91711862189691,100.0
8720,2,53.2744714929962,53.2744714929962,100.0
8730,0,66.82282942442211,66.82282942442211,100.0
8730,1,15.717471005082764,15.717471005082764,100.0
8730,2,17.459699570495125,17.459699570495125,100.0
8740,0,31.732330439065993,31.732330439065993,100.0
8740,1,15.370746301762306,15.370746301762306,100.0
8740,2,52.8969232591717,52.8969232591717,100.0
8750,0,12.52843810032687,12.52843810032687,100.0
8750,1,25.919548585232167,25.919548585232167,100.0
8750,2,61.55201331444097,61.55201331444097,100.0
8760,0,14.990728295548362,14.990728295548362,100.0
8760,1,17.21086388223942,17.21086388223942,100.0
8760,2,67.79840782221223,67.79840782221223,100.0
8770,0,37.28975834539045,37.28975834539045,100.0
8770,1,14.538965030677828,14.538965030677828,100.0
8770,2,48.17127662393171,48.17127662393171,100.0
8780,0,20.347636113283656,20.347636113283656,100.0
8780,1,65.30159094661279,65.30159094661279,100.0
8780,2,14.350772940103552,14.350772940103552,100.0
8790,0,14.177571051828524,14.177571051828524,100.0
8790,1,18.605091243968165,18.605091243968165,100.0
8790,2,67.2173377042033,67.2173377042033,100.0
8800,0,27.194034690123736,27.194034690123736,100.0
8800,1,10.526477327337224,10.526477327337224,100.0
8800,2,62.27948798253904,62.27948798253904,100.0
8810,0,25.16199253604231,25.16199253604231,100.0
8810,1,41.014319941531554,41.014319941531554,100.0
8810,2,33.82368752242614,33.82368752242614,100.0
8820,0,29.370129867844213,29.370129867844213,100.0
8820,1,54.0248708107965,54.0248708107965,100.0
8820,2,16.604999321359276,16.604999321359276,100.0
8830,0,49.180859995756556,49.180859995756556,100.0
8830,1,18.895571452641953,18.895571452641953,100.0
8830,2,31.923568551601495,31.923568551601495,100.0
8840,0,40.462921728056216,40.462921728056216,100.0
8840,1,18.471448606248593,18.471448606248593,100.0
8840,2,41.065629665695184,41.065629665695184,100.0
8850,0,14.80978473434307,14.80978473434307,100.0
8850,1,14.924518603708547,14.924518603708547,100.0
8850,2,70.26569666194838,70.26569666194838,100.0
8860,0,15.054982834962608,15.054982834962608,100.0
8860,1,58.993587844637815,58.993587844637815,100.0
8860,2,25.951429320399573,25.951429320399573,100.0
8870,0,64.74401439505556,64.74401439505556,100.0
8870,1,19.754554794018386,19.754554794018386,100.0
8870,2,15.50143081092606,15.50143081092606,100.0
8880,0,13.14120869154681,13.14120869154681,100.0
8880,1,31.472353483380516,31.472353483380516,100.0
8880,2,55.386437825072676,55.386437825072676,100.0
8890,0,63.530037703289956,63.530037703289956,100.0
8890,1,9.799754772938824,9.799754772938824,100.0
8890,2,26.67020752377122,26.67020752377122,100.0
8900,0,29.15605685383707,29.15605685383707,100.0
8900,1,44.29680681449311,44.29680681449311,100.0
8900,2,26.54713633166983,26.54713633166983,100.0
8910,0,12.012262675900969,12.012262675900969,100.0
8910,1,11.464973010748716,11.464973010748716,100.0
8910,2,76.52276431335032,76.52276431335032,100.0
8920,0,21.026275642716364,21.026275642716364,100.0
8920,1,42.380206201223366,42.380206201223366,100.0
8920,2,36.59351815606027,36.59351815606027,100.0
8930,0,33.5138114367882,33.5138114367882,100.0
8930,1,19.96067836477381,19.96067836477381,100.0
8930,2,46.525510198437985,46.525510198437985,100.0
8940,0,41.595799114485835,41.595799114485835,100.0
8940,1,17.37849934593138,17.37849934593138,100.0
8940,2,41.02570153958278,41.02570153958278,100.0
8950,0,13.162973647851548,13.162973647851548,100.0
8950,1,35.0504422342674,35.0504422342674,100.0
8950,2,51.78658411788105,51.78658411788105,100.0
8960,0,28.336547892895585,28.336547892895585,100.0
8960,1,17.506305043045735,17.506305043045735,100.0
8960,2,54.15714706405868,54.15714706405868,100.0
8970,0,27.88299128690176,27.88299128690176,100.0
8970,1,39.90600502782253,39.90600502782253,100.0
8970,2,32.2110036852757,32.2110036852757,100.0
8980,0,19.682611907763278,19.682611907763278,100.0
8980,1,12.997477232427054,12.997477232427054,100.0
8980,2,67.31991085980967,67.31991085980967,100.0
8990,0,18.690436284302134,18.690436284302134,100.0
8990,1,37.56152242216967,37.56152242216967,100.0
8990,2,43.74804129352819,43.74804129352819,100.0
9000,0,29.1614171826922,29.1614171826922,100.0
9000,1,29.50147860987102,29.50147860987102,100.0
9000,2,41.337104207436774,41.337104207436774,100.0
9010,0,75.03115778671416,75.03115778671416,100.0
9010,1,12.58511787341198,12.58511787341198,100.0
9010,2,12.383724339873856,12.383724339873856,100.0
9020,0,39.37688425719254,39.37688425719254,100.0
9020,1,13.60380171794428,13.60380171794428,100.0
9020,2,47.01931402486318,47.01931402486318,100.0
9030,0,11.606564027419648,11.606564027419648,100.0
9030,1,12.29537990057723,12.29537990057723,100.0
9030,2,76.09805607200313,76.09805607200313,100.0
9040,0,30.410873821533457,30.410873821533457,100.0
9040,1,10.12293226259056,10.12293226259056,100.0
9040,2,59.466193915875984,59.466193915875984,100.0
9050,0,42.425834696341845,42.425834696341845,100.0
9050,1,19.28243857049667,19.28243857049667,100.0
9050,2,38.29172673316148,38.29172673316148,100.0
9060,0,47.14185087659927,47.14185087659927,100.0
9060,1,15.340182119980708,15.340182119980708,100.0
9060,2,37.51796700342002,37.51796700342002,100.0
9070,0,18.373979695758674,18.373979695758674,100.0
9070,1,37.18954339602857,37.18954339602857,100.0
9070,2,44.43647690821275,44.43647690821275,100.0
9080,0,33.194745399357345,33.194745399357345,100.0
9080,1,41.85390305386832,41.85390305386832,100.0
9080,2,24.95135154677434,24.95135154677434,100.0
9090,0,21.153023139264256,21.153023139264256,100.0
9090,1,12.316005720367293,12.316005720367293,100.0
9090,2,66.53097114036845,66.53097114036845,100.0
9100,0,24.866394637845072,24.866394637845072,100.0
9100,1,64.85624897831059,64.85624897831059,100.0
9100,2,10.277356383844348,10.277356383844348,100.0
9110,0,46.44913486262798,46.44913486262798,100.0
9110,1,9.643220928724983,9.643220928724983,100.0
9110,2,43.90764420864704,43.90764420864704,100.0
9120,0,19.361128678857625,19.361128678857625,100.0
9120,1,19.363458194627995,19.363458194627995,100.0
9120,2,61.27541312651439,61.27541312651439,100.0
9130,0,13.490456617528334,13.490456617528334,100.0
9130,1,38.85126571517723,38.85126571517723,100.0
9130,2,47.65827766729445,47.65827766729445,100.0
9140,0,26.866930906850694,26.866930906850694,100.0
9140,1,56.89724516996948,56.89724516996948,100.0
9140,2,16.235823923179822,16.235823923179822,100.0
9150,0,18.33310107578408,18.33310107578408,100.0
9150,1,19.259118548788827,19.259118548788827,100.0
9150,2,62.4077803754271,62.4077803754271,100.0
9160,0,26.871737986481055,26.871737986481055,100.0
9160,1,16.27095351548374,16.27095351548374,100.0
9160,2,56.85730849803521,56.85730849803521,100.0
9170,0,14.057433522894689,14.057433522894689,100.0
9170,1,47.005724698847814,47.005724698847814,100.0
9170,2,38.93684177825749,38.93684177825749,100.0
9180,0,27.438411931745684,27.438411931745684,100.0
9180,1,51.2824802860396,51.2824802860396,100.0
9180,2,21.27910778221473,21.27910778221473,100.0
9190,0,23.359918684447788,23.359918684447788,100.0
9190,1,25.264066729643776,25.264066729643776,100.0
9190,2,51.376014585908436,51.376014585908436,100.0
9200,0,20.755395156131897,20.755395156131897,100.0
9200,1,21.68161218406813,21.68161218406813,100.0
9200,2,57.562992659799974,57.562992659799974,100.0
9210,0,22.99686173781534,22.99686173781534,100.0
9210,1,48.01940800885535,48.01940800885535,100.0
9210,2,28.983730253329316,28.983730253329316,100.0
9220,0,43.47477682458422,43.47477682458422,100.0
9220,1,21.964760512265755,21.964760512265755,100.0
9220,2,34.560462663150034,34.560462663150034,100.0
9230,0,10.583241322930258,10.583241322930258,100.0
9230,1,50.13525768427591,50.13525768427591,100.0
9230,2,39.28150099279384,39.28150099279384,100.0
9240,0,35.21339372753337,35.21339372753337,100.0
9240,1,24.91078300450342,24.91078300450342,100.0
9240,2,39.875823267963206,39.875823267963206,100.0
9250,0,17.715772843990482,17.715772843990482,100.0
9250,1,59.991047181174864,59.991047181174864,100.0
9250,2,22.29317997483465,22.29317997483465,100.0
9260,0,26.61201245735032,26.61201245735032,100.0
9260,1,21.562821876626177,21.562821876626177,100.0
9260,2,51.82516566602351,51.82516566602351,100.0
9270,0,33.51735884472679,33.51735884472679,100.0
9270,1,21.595403164291184,21.595403164291184,100.0
9270,2,44.88723799098203,44.88723799098203,100.0
9280,0,33.46375448885967,33.46375448885967,100.0
9280,1,29.96164420575802,29.96164420575802,100.0
9280,2,36.574601305382316,36.574601305382316,100.0
9290,0,32.89247415724641,32.89247415724641,100.0
9290,1,29.565506819108556,29.565506819108556,100.0
9290,2,37.54201902364504,37.54201902364504,100.0
9300,0,48.713742528878704,48.713742528878704,100.0
9300,1,17.98533669995229,17.98533669995229,100.0
9300,2,33.30092077116901,33.30092077116901,100.0
9310,0,30.92112308355101,30.92112308355101,100.0
9310,1,34.15806334208993,34.15806334208993,100.0
9310,2,34.92081357435906,34.92081357435906,100.0
9320,0,43.432329498124766,43.432329498124766,100.0
9320,1,15.854713527550546,15.854713527550546,100.0
9320,2,40.71295697432469,40.71295697432469,100.0
9330,0,13.414083241589104,13.414083241589104,100.0
9330,1,11.093496416870023,11.093496416870023,100.0
9330,2,75.49242034154086,75.49242034154086,100.0
9340,0,13.675956990421131,13.675956990421131,100.0
9340,1,54.3949365681804,54.3949365681804,100.0
9340,2,31.92910644139848,31.92910644139848,100.0
9350,0,43.123746124828,43.123746124828,100.0
9350,1,17.423009080399122,17.423009080399122,100.0
9350,2,39.45324479477287,39.45324479477287,100.0
9360,0,19.044539078145284,19.044539078145284,100.0
9360,1,37.23865729600588,37.23865729600588,100.0
9360,2,43.71680362584884,43.71680362584884,100.0
9370,0,39.075120266986346,39.075120266986346,100.0
9370,1,21.702439662162362,21.702439662162362,100.0
9370,2,39.22244007085129,39.22244007085129,100.0
9380,0,33.7558057540029,33.7558057540029,100.0
9380,1,45.696065862638505,45.696065862638505,100.0
9380,2,20.548128383358595,20.548128383358595,100.0
9390,0,21.96946498792694,21.96946498792694,100.0
9390,1,10.977147789479012,10.977147789479012,100.0
9390,2,67.05338722259405,67.05338722259405,100.0
9400,0,34.628293817268855,34.628293817268855,100.0
9400,1,24.834050277327147,24.834050277327147,100.0
9400,2,40.537655905403994,40.537655905403994,100.0
9410,0,39.28782372966245,39.28782372966245,100.0
9410,1,40.071356612124866,40.071356612124866,100.0
9410,2,20.64081965821268,20.64081965821268,100.0
9420,0,16.039431712427856,16.039431712427856,100.0
9420,1,17.94809040500797,17.94809040500797,100.0
9420,2,66.01247788256418,66.01247788256418,100.0
9430,0,24.63859090239638,24.63859090239638,100.0
9430,1,24.383088860280665,24.383088860280665,100.0
9430,2,50.97832023732296,50.97832023732296,100.0
9440,0,26.33353738377514,26.33353738377514,100.0
9440,1,19.032539308799286,19.032539308799286,100.0
9440,2,54.63392330742557,54.63392330742557,100.0
9450,0,33.63361947620924,33.63361947620924,100.0
9450,1,22.817450609955593,22.817450609955593,100.0
9450,2,43.54892991383517,43.54892991383517,100.0
9460,0,18.09759856555595,18.09759856555595,100.0
9460,1,39.72322565514011,39.72322565514011,100.0
9460,2,42.179175779303954,42.179175779303954,100.0
9470,0,74.47341896922632,74.47341896922632,100.0
9470,1,12.905421148656652,12.905421148656652,100.0
9470,2,12.62115988211705,12.62115988211705,100.0
9480,0,19.324463560203476,19.324463560203476,100.0
9480,1,53.04709044079294,53.04709044079294,100.0
9480,2,27.62844599900358,27.62844599900358,100.0
9490,0,26.533810869249653,26.533810869249653,100.0
9490,1,34.54535345237327,34.54535345237327,100.0
9490,2,38.92083567837709,38.92083567837709,100.0
9500,0,12.76913309721041,12.76913309721041,100.0
9500,1,67.81947676460555,67.81947676460555,100.0
9500,2,19.411390138184036,19.411390138184036,100.0
9510,0,12.882120610873429,12.882120610873429,100.0
9510,1,11.947119286887226,11.947119286887226,100.0
9510,2,75.17076010223934,75.17076010223934,100.0
9520,0,34.30292456898981,34.30292456898981,100.0
9520,1,10.976205770764714,10.976205770764714,100.0
9520,2,54.72086966024548,54.72086966024548,100.0
9530,0,37.70271572161157,37.70271572161157,100.0
9530,1,40.37418135219155,40.37418135219155,100.0
9530,2,21.92310292619689,21.92310292619689,100.0
9540,0,69.34526206004769,69.34526206004769,100.0
9540,1,14.415215613155286,14.415215613155286,100.0
9540,2,16.23952232679703,16.23952232679703,100.0
9550,0,34.310880204947836,34.310880204947836,100.0
9550,1,30.015854391636665,30.015854391636665,100.0
9550,2,35.673265403415506,35.673265403415506,100.0
9560,0,19.4592392097826,19.4592392097826,100.0
9560,1,42.40967492200775,42.40967492200775,100.0
9560,2,38.13108586820964,38.13108586820964,100.0
9570,0,10.724653808929148,10.724653808929148,100.0
9570,1,20.82454684704437,20.82454684704437,100.0
9570,2,68.45079934402648,68.45079934402648,100.0
9580,0,21.18882703066772,21.18882703066772,100.0
9580,1,39.74756968805649,39.74756968805649,100.0
9580,2,39.06360328127579,39.06360328127579,100.0
9590,0,69.7554195395322,69.7554195395322,100.0
9590,1,18.3331614818772,18.3331614818772,100.0
9590,2,11.911418978590604,11.911418978590604,100.0
9600,0,30.10981147251347,30.10981147251347,100.0
9600,1,48.07977860832072,48.07977860832072,100.0
9600,2,21.810409919165803,21.810409919165803,100.0
9610,0,44.582579718523775,44.582579718523775,100.0
9610,1,21.366202792613027,21.366202792613027,100.0
9610,2,34.05121748886321,34.05121748886321,100.0
9620,0,27.485347227735375,27.485347227735375,100.0
9620,1,17.278447729794685,17.278447729794685,100.0
9620,2,55.23620504246994,55.23620504246994,100.0
9630,0,35.02744339999897,35.02744339999897,100.0
9630,1,27.874105042622006,27.874105042622006,100.0
9630,2,37.09845155737903,37.09845155737903,100.0
9640,0,37.24743264049149,37.24743264049149,100.0
9640,1,26.24845984908705,26.24845984908705,100.0
9640,2,36.50410751042146,36.50410751042146,100.0
9650,0,7.852314391547181,7.852314391547181,100.0
9650,1,53.76446982639299,53.76446982639299,100.0
9650,2,38.383215782059835,38.383215782059835,100.0
9660,0,45.292723423087445,45.292723423087445,100.0
9660,1,26.69931167674503,26.69931167674503,100.0
9660,2,28.007964900167533,28.007964900167533,100.0
9670,0,44.554472483600954,44.554472483600954,100.0
9670,1,44.87197840193357,44.87197840193357,100.0
9670,2,10.573549114465477,10.573549114465477,100.0
9680,0,20.177644237256782,20.177644237256782,100.0
9680,1,15.267433538692032,15.267433538692032,100.0
9680,2,64.5549222240512,64.5549222240512,100.0
9690,0,9.881417491117569,9.881417491117569,100.0
9690,1,42.65672143185499,42.65672143185499,100.0
9690,2,47.46186107702746,47.46186107702746,100.0
9700,0,53.89488966590433,53.89488966590433,100.0
9700,1,29.226483019246448,29.226483019246448,100.0
9700,2,16.87862731484922,16.87862731484922,100.0
9710,0,29.781261409359228,29.781261409359228,100.0
9710,1,19.18735071174229,19.18735071174229,100.0
9710,2,51.031387878898485,51.031387878898485,100.0
9720,0,46.1034188324538,46.1034188324538,100.0
9720,1,27.055428052821146,27.055428052821146,100.0
9720,2,26.84115311472506,26.84115311472506,100.0
9730,0,39.15456465639932,39.15456465639932,100.0
9730,1,8.37958314375212,8.37958314375212,100.0
9730,2,52.46585219984856,52.46585219984856,100.0
9740,0,60.23542339565876,60.23542339565876,100.0
9740,1,23.322236380955736,23.322236380955736,100.0
9740,2,16.4423402233855,16.4423402233855,100.0
9750,0,16.700850692363485,16.700850692363485,100.0
9750,1,10.980147695740543,10.980147695740543,100.0
9750,2,72.31900161189597,72.31900161189597,100.0
9760,0,40.57297808780231,40.57297808780231,100.0
9760,1,8.930525398485655,8.930525398485655,100.0
9760,2,50.49649651371203,50.49649651371203,100.0
9770,0,40.34637134783624,40.34637134783624,100.0
9770,1,21.889902819409947,21.889902819409947,100.0
9770,2,37.763725832753806,37.763725832753806,100.0
9780,0,26.9872925529746,26.9872925529746,100.0
9780,1,12.224193846909372,12.224193846909372,100.0
9780,2,60.788513600116026,60.788513600116026,100.0
9790,0,19.175901867594693,19.175901867594693,100.0
9790,1,62.92148415002937,62.92148415002937,100.0
9790,2,17.902613982375943,17.902613982375943,100.0
9800,0,36.190936929742875,36.190936929742875,100.0
9800,1,34.30572079298372,34.30572079298372,100.0
9800,2,29.503342277273404,29.503342277273404,100.0
9810,0,16.772016957502128,16.772016957502128,100.0
9810,1,15.624051030917697,15.624051030917697,100.0
9810,2,67.60393201158018,67.60393201158018,100.0
9820,0,19.250935664761812,19.250935664761812,100.0
9820,1,32.1236583160195,32.1236583160195,100.0
9820,2,48.62540601921869,48.62540601921869,100.0
9830,0,20.32692755612464,20.32692755612464,100.0
9830,1,42.085187371440306,42.085187371440306,100.0
9830,2,37.58788507243505,37.58788507243505,100.0
9840,0,54.29950484421278,54.29950484421278,100.0
9840,1,32.02081583045834,32.02081583045834,100.0
9840,2,13.679679325328895,13.679679325328895,100.0
9850,0,38.401744209428806,38.401744209428806,100.0
9850,1,19.89124214366913,19.89124214366913,100.0
9850,2,41.70701364690208,41.70701364690208,100.0
9860,0,52.47229975407763,52.47229975407763,100.0
9860,1,27.320175375298472,27.320175375298472,100.0
9860,2,20.20752487062389,20.20752487062389,100.0
9870,0,24.65175639063526,24.65175639063526,100.0
9870,1,17.638589369238165,17.638589369238165,100.0
9870,2,57.709654240126575,57.709654240126575,100.0
9880,0,20.879487122524885,20.879487122524885,100.0
9880,1,40.40629972778549,40.40629972778549,100.0
9880,2,38.71421314968963,38.71421314968963,100.0
9890,0,41.97936510617105,41.97936510617105,100.0
9890,1,21.49056502807544,21.49056502807544,100.0
9890,2,36.530069865753504,36.530069865753504,100.0
9900,0,45.7022781863841,45.7022781863841,100.0
9900,1,29.270734196680802,29.270734196680802,100.0
9900,2,25.0269876169351,25.0269876169351,100.0
9910,0,50.892449841072754,50.892449841072754,100.0
9910,1,27.630861739348656,27.630861739348656,100.0
9910,2,21.47668841957859,21.47668841957859,100.0
9920,0,14.735170561417593,14.735170561417593,100.0
9920,1,19.939002046868996,19.939002046868996,100.0
9920,2,65.32582739171342,65.32582739171342,100.0
9930,0,9.93649107910778,9.93649107910778,100.0
9930,1,51.87215993921821,51.87215993921821,100.0
9930,2,38.19134898167401,38.19134898167401,100.0
9940,0,12.684586636865577,12.684586636865577,100.0
9940,1,41.27441077091557,41.27441077091557,100.0
9940,2,46.04100259221885,46.04100259221885,100.0
9950,0,32.97703030154662,32.97703030154662,100.0
9950,1,32.955979719842276,32.955979719842276,100.0
9950,2,34.0669899786111,34.0669899786111,100.0
9960,0,41.037192240223504,41.037192240223504,100.0
9960,1,32.38571568822488,32.38571568822488,100.0
9960,2,26.577092071551604,26.577092071551604,100.0
9970,0,60.50699851555177,60.50699851555177,100.0
9970,1,19.321863612543886,19.321863612543886,100.0
9970,2,20.171137871904342,20.171137871904342,100.0
9980,0,11.305028730534032,11.305028730534032,100.0
9980,1,12.3481803852813,12.3481803852813,100.0
9980,2,76.34679088418468,76.34679088418468,100.0
9990,0,43.18214004102835,43.18214004102835,100.0
9990,1,36.02801119172506,36.02801119172506,100.0
9990,2,20.789848767246603,20.789848767246603,100.0
