timestamp,sliceId,dedicatedPRB,minPRB,maxPRB
510,0,13.715017059245435,13.715017059245435,100.0
510,1,29.554459840663384,29.554459840663384,100.0
510,2,56.73052310009119,56.73052310009119,100.0
520,0,51.96664845893228,51.96664845893228,100.0
520,1,26.58250794326582,26.58250794326582,100.0
520,2,21.450843597801907,21.450843597801907,100.0
530,0,20.06818175631133,20.06818175631133,100.0
530,1,37.8657940786838,37.8657940786838,100.0
530,2,42.066024165004876,42.066024165004876,100.0
540,0,55.25285994500621,55.25285994500621,100.0
540,1,33.93266531913054,33.93266531913054,100.0
540,2,10.814474735863252,10.814474735863252,100.0
550,0,24.35356422683527,24.35356422683527,100.0
550,1,12.7241640624175,12.7241640624175,100.0
550,2,62.922271710747225,62.922271710747225,100.0
560,0,36.93066048798387,36.93066048798387,100.0
560,1,13.70795162381922,13.70795162381922,100.0
560,2,49.3613878881969,49.3613878881969,100.0
570,0,12.594924038702624,12.594924038702624,100.0
570,1,13.403144700804773,13.403144700804773,100.0
570,2,74.0019312604926,74.0019312604926,100.0
580,0,49.864661585122285,49.864661585122285,100.0
580,1,17.032534146724227,17.032534146724227,100.0
580,2,33.1028042681535,33.1028042681535,100.0
590,0,18.978397831780843,18.978397831780843,100.0
590,1,51.526875013300746,51.526875013300746,100.0
590,2,29.494727154918422,29.494727154918422,100.0
600,0,33.23165291824986,33.23165291824986,100.0
600,1,38.47372402244668,38.47372402244668,100.0
600,2,28.294623059303465,28.294623059303465,100.0
610,0,47.60181465969184,47.60181465969184,100.0
610,1,41.041882285074585,41.041882285074585,100.0
610,2,11.356303055233575,11.356303055233575,100.0
620,0,14.426657338853262,14.426657338853262,100.0
620,1,44.217190803349496,44.217190803349496,100.0
620,2,41.35615185779724,41.35615185779724,100.0
630,0,11.566887133410399,11.566887133410399,100.0
630,1,13.46648875766788,13.46648875766788,100.0
630,2,74.96662410892172,74.96662410892172,100.0
640,0,23.713645433639172,23.713645433639172,100.0
640,1,31.486336654220747,31.486336654220747,100.0
640,2,44.800017912140085,44.800017912140085,100.0
650,0,59.730372490027975,59.730372490027975,100.0
650,1,25.509920614451293,25.509920614451293,100.0
650,2,14.759706895520727,14.759706895520727,100.0
660,0,19.009156496678944,19.009156496678944,100.0
660,1,64.57442873280166,64.57442873280166,100.0
660,2,16.416414770519392,16.416414770519392,100.0
670,0,48.38579629165313,48.38579629165313,100.0
670,1,36.2182802849892,36.2182802849892,100.0
670,2,15.39592342335768,15.39592342335768,100.0
680,0,46.34525510080873,46.34525510080873,100.0
680,1,20.53591227912134,20.53591227912134,100.0
680,2,33.118832620069924,33.118832620069924,100.0
690,0,15.394034155905128,15.394034155905128,100.0
690,1,16.09459821183654,16.09459821183654,100.0
690,2,68.51136763225833,68.51136763225833,100.0
700,0,32.977266988653604,32.977266988653604,100.0
700,1,17.81520183152572,17.81520183152572,100.0
700,2,49.20753117982068,49.20753117982068,100.0
710,0,22.733299697622037,22.733299697622037,100.0
710,1,39.75134524145357,39.75134524145357,100.0
710,2,37.51535506092439,37.51535506092439,100.0
720,0,66.84948596021688,66.84948596021688,100.0
720,1,13.4521313610442,13.4521313610442,100.0
720,2,19.698382678738913,19.698382678738913,100.0
730,0,48.28312806126668,48.28312806126668,100.0
730,1,26.189716600526147,26.189716600526147,100.0
730,2,25.52715533820717,25.52715533820717,100.0
740,0,34.479226300279144,34.479226300279144,100.0
740,1,41.57378683457027,41.57378683457027,100.0
740,2,23.946986865150592,23.946986865150592,100.0
750,0,13.10838152118097,13.10838152118097,100.0
750,1,12.861014228300032,12.861014228300032,100.0
750,2,74.03060425051899,74.03060425051899,100.0
760,0,54.91981614590511,54.91981614590511,100.0
760,1,13.71991258719313,13.71991258719313,100.0
760,2,31.36027126690177,31.36027126690177,100.0
770,0,38.62467207207841,38.62467207207841,100.0
770,1,10.66434598562655,10.66434598562655,100.0
770,2,50.71098194229504,50.71098194229504,100.0
780,0,44.68686090594356,44.68686090594356,100.0
780,1,22.60717791834107,22.60717791834107,100.0
780,2,32.705961175715366,32.705961175715366,100.0
790,0,14.987739073065388,14.987739073065388,100.0
790,1,43.27951332762641,43.27951332762641,100.0
790,2,41.73274759930819,41.73274759930819,100.0
800,0,22.445858428683945,22.445858428683945,100.0
800,1,60.139598503488735,60.139598503488735,100.0
800,2,17.41454306782732,17.41454306782732,100.0
810,0,12.153523329237625,12.153523329237625,100.0
810,1,18.129288125864708,18.129288125864708,100.0
810,2,69.71718854489768,69.71718854489768,100.0
820,0,38.38416121810073,38.38416121810073,100.0
820,1,49.41964153354718,49.41964153354718,100.0
820,2,12.196197248352096,12.196197248352096,100.0
830,0,23.288481859145126,23.288481859145126,100.0
830,1,33.41587827590289,33.41587827590289,100.0
830,2,43.29563986495199,43.29563986495199,100.0
840,0,24.63793652214907,24.63793652214907,100.0
840,1,36.92485287157581,36.92485287157581,100.0
840,2,38.437210606275116,38.437210606275116,100.0
850,0,13.642495685349928,13.642495685349928,100.0
850,1,40.78711088326607,40.78711088326607,100.0
850,2,45.570393431384005,45.570393431384005,100.0
860,0,45.344372687672745,45.344372687672745,100.0
860,1,13.894277814344102,13.894277814344102,100.0
860,2,40.761349497983154,40.761349497983154,100.0
870,0,12.281629237334304,12.281629237334304,100.0
870,1,13.804631308542634,13.804631308542634,100.0
870,2,73.91373945412307,73.91373945412307,100.0
880,0,29.361213113434648,29.361213113434648,100.0
880,1,30.547201449574708,30.547201449574708,100.0
880,2,40.09158543699065,40.09158543699065,100.0
890,0,36.692520931850005,36.692520931850005,100.0
890,1,40.25745591296416,40.25745591296416,100.0
890,2,23.05002315518583,23.05002315518583,100.0
900,0,38.814755202607095,38.814755202607095,100.0
900,1,22.907461187214913,22.907461187214913,100.0
900,2,38.27778361017799,38.27778361017799,100.0
910,0,47.77616637342434,47.77616637342434,100.0
910,1,12.469340532410039,12.469340532410039,100.0
910,2,39.75449309416563,39.75449309416563,100.0
920,0,52.12298588464358,52.12298588464358,100.0
920,1,18.930617972532787,18.930617972532787,100.0
920,2,28.946396142823637,28.946396142823637,100.0
930,0,13.634918882874691,13.634918882874691,100.0
930,1,11.073283308453583,11.073283308453583,100.0
930,2,75.29179780867172,75.29179780867172,100.0
940,0,56.50622717581367,56.50622717581367,100.0
940,1,27.24858628863111,27.24858628863111,100.0
940,2,16.245186535555217,16.245186535555217,100.0
950,0,15.359915209278668,15.359915209278668,100.0
950,1,58.230415180137996,58.230415180137996,100.0
950,2,26.409669610583325,26.409669610583325,100.0
960,0,26.21339986701608,26.21339986701608,100.0
960,1,14.453819374482144,14.453819374482144,100.0
960,2,59.33278075850178,59.33278075850178,100.0
970,0,44.369646834682705,44.369646834682705,100.0
970,1,44.96919132766864,44.96919132766864,100.0
970,2,10.661161837648647,10.661161837648647,100.0
980,0,75.88182284058654,75.88182284058654,100.0
980,1,11.88807192569556,11.88807192569556,100.0
980,2,12.23010523371789,12.23010523371789,100.0
990,0,11.134577026349259,11.134577026349259,100.0
990,1,20.000064544576233,20.000064544576233,100.0
990,2,68.8653584290745,68.8653584290745,100.0
1000,0,34.08356716142608,34.08356716142608,100.0
1000,1,50.96844172134747,50.96844172134747,100.0
1000,2,14.947991117226461,14.947991117226461,100.0
1010,0,26.59737150045394,26.59737150045394,100.0
1010,1,23.72050677673096,23.72050677673096,100.0
1010,2,49.682121722815104,49.682121722815104,100.0
1020,0,33.605648402706976,33.605648402706976,100.0
1020,1,29.964467424994197,29.964467424994197,100.0
1020,2,36.429884172298834,36.429884172298834,100.0
1030,0,48.07902628989157,48.07902628989157,100.0
1030,1,19.478953471688133,19.478953471688133,100.0
1030,2,32.44202023842029,32.44202023842029,100.0
1040,0,26.230199743048104,26.230199743048104,100.0
1040,1,22.19263703438682,22.19263703438682,100.0
1040,2,51.57716322256508,51.57716322256508,100.0
1050,0,11.524575325674133,11.524575325674133,100.0
1050,1,11.897981155714046,11.897981155714046,100.0
1050,2,76.57744351861182,76.57744351861182,100.0
1060,0,20.03005667396611,20.03005667396611,100.0
1060,1,22.598528804482175,22.598528804482175,100.0
1060,2,57.37141452155172,57.37141452155172,100.0
1070,0,22.602178365065324,22.602178365065324,100.0
1070,1,56.171332710571285,56.171332710571285,100.0
1070,2,21.226488924363384,21.226488924363384,100.0
1080,0,50.69562099034839,50.69562099034839,100.0
1080,1,28.756798081469338,28.756798081469338,100.0
1080,2,20.547580928182267,20.547580928182267,100.0
1090,0,34.119229848943725,34.119229848943725,100.0
1090,1,29.811640838947266,29.811640838947266,100.0
1090,2,36.06912931210901,36.06912931210901,100.0
1100,0,19.22853393615032,19.22853393615032,100.0
1100,1,66.37198524964279,66.37198524964279,100.0
1100,2,14.399480814206903,14.399480814206903,100.0
1110,0,25.155216934971335,25.155216934971335,100.0
1110,1,18.074589522583327,18.074589522583327,100.0
1110,2,56.770193542445334,56.770193542445334,100.0
1120,0,12.007638307264797,12.007638307264797,100.0
1120,1,20.82461609377269,20.82461609377269,100.0
1120,2,67.16774559896251,67.16774559896251,100.0
1130,0,14.764138571007845,14.764138571007845,100.0
1130,1,61.118888346544466,61.118888346544466,100.0
1130,2,24.116973082447686,24.116973082447686,100.0
1140,0,15.975362818520495,15.975362818520495,100.0
1140,1,57.21530233230471,57.21530233230471,100.0
1140,2,26.80933484917481,26.80933484917481,100.0
1150,0,28.25331657285765,28.25331657285765,100.0
1150,1,32.36223155977404,32.36223155977404,100.0
1150,2,39.38445186736831,39.38445186736831,100.0
1160,0,30.598793857530072,30.598793857530072,100.0
1160,1,37.93959822285943,37.93959822285943,100.0
1160,2,31.461607919610508,31.461607919610508,100.0
1170,0,19.139606665799317,19.139606665799317,100.0
1170,1,11.037544814092385,11.037544814092385,100.0
1170,2,69.82284852010831,69.82284852010831,100.0
1180,0,31.650783026718177,31.650783026718177,100.0
1180,1,38.50652111390047,38.50652111390047,100.0
1180,2,29.84269585938137,29.84269585938137,100.0
1190,0,59.966955485739305,59.966955485739305,100.0
1190,1,13.398597427649614,13.398597427649614,100.0
1190,2,26.634447086611086,26.634447086611086,100.0
1200,0,14.330152015539541,14.330152015539541,100.0
1200,1,63.269581391641175,63.269581391641175,100.0
1200,2,22.400266592819296,22.400266592819296,100.0
1210,0,25.507040061928123,25.507040061928123,100.0
1210,1,49.0410268688208,49.0410268688208,100.0
1210,2,25.451933069251076,25.451933069251076,100.0
1220,0,34.94019268408946,34.94019268408946,100.0
1220,1,46.032325577465734,46.032325577465734,100.0
1220,2,19.02748173844481,19.02748173844481,100.0
1230,0,12.889782195382635,12.889782195382635,100.0
1230,1,10.762625063427059,10.762625063427059,100.0
1230,2,76.34759274119031,76.34759274119031,100.0
1240,0,20.907508862231516,20.907508862231516,100.0
1240,1,40.06717120189315,40.06717120189315,100.0
1240,2,39.02531993587533,39.02531993587533,100.0
1250,0,47.22667840801843,47.22667840801843,100.0
1250,1,29.35351689715034,29.35351689715034,100.0
1250,2,23.41980469483122,23.41980469483122,100.0
1260,0,21.568960710085985,21.568960710085985,100.0
1260,1,55.42167484886077,55.42167484886077,100.0
1260,2,23.00936444105325,23.00936444105325,100.0
1270,0,21.367691491520386,21.367691491520386,100.0
1270,1,53.78019882657622,53.78019882657622,100.0
1270,2,24.852109681903393,24.852109681903393,100.0
1280,0,19.72056972607968,19.72056972607968,100.0
1280,1,51.13618842705324,51.13618842705324,100.0
1280,2,29.14324184686708,29.14324184686708,100.0
1290,0,10.940249801524947,10.940249801524947,100.0
1290,1,27.29474546626523,27.29474546626523,100.0
1290,2,61.765004732209825,61.765004732209825,100.0
1300,0,44.545479937436085,44.545479937436085,100.0
1300,1,25.52729701118221,25.52729701118221,100.0
1300,2,29.927223051381713,29.927223051381713,100.0
1310,0,31.131720726969913,31.131720726969913,100.0
1310,1,14.952159200617022,14.952159200617022,100.0
1310,2,53.916120072413065,53.916120072413065,100.0
1320,0,13.158185831568064,13.158185831568064,100.0
1320,1,68.80175801459806,68.80175801459806,100.0
1320,2,18.040056153833856,18.040056153833856,100.0
1330,0,34.628052184135214,34.628052184135214,100.0
1330,1,35.640318247677484,35.640318247677484,100.0
1330,2,29.7316295681873,29.7316295681873,100.0
1340,0,49.117037257309526,49.117037257309526,100.0
1340,1,27.969144827887487,27.969144827887487,100.0
1340,2,22.91381791480298,22.91381791480298,100.0
1350,0,19.422118030318575,19.422118030318575,100.0
1350,1,14.394855259468834,14.394855259468834,100.0
1350,2,66.18302671021259,66.18302671021259,100.0
1360,0,42.40222172935326,42.40222172935326,100.0
1360,1,7.816151606867478,7.816151606867478,100.0
1360,2,49.78162666377927,49.78162666377927,100.0
1370,0,56.634079146592576,56.634079146592576,100.0
1370,1,11.58640867434308,11.58640867434308,100.0
1370,2,31.779512179064344,31.779512179064344,100.0
1380,0,39.061505112226044,39.061505112226044,100.0
1380,1,31.892276268462265,31.892276268462265,100.0
1380,2,29.046218619311688,29.046218619311688,100.0
1390,0,44.657022139842056,44.657022139842056,100.0
1390,1,9.526452524328358,9.526452524328358,100.0
1390,2,45.816525335829574,45.816525335829574,100.0
1400,0,26.234597786546555,26.234597786546555,100.0
1400,1,29.95422648427486,29.95422648427486,100.0
1400,2,43.81117572917859,43.81117572917859,100.0
1410,0,11.627594190370434,11.627594190370434,100.0
1410,1,12.801307014544602,12.801307014544602,100.0
1410,2,75.57109879508496,75.57109879508496,100.0
1420,0,53.15617658820268,53.15617658820268,100.0
1420,1,12.03729807059438,12.03729807059438,100.0
1420,2,34.806525341202935,34.806525341202935,100.0
1430,0,42.5133559930161,42.5133559930161,100.0
1430,1,11.428245720404618,11.428245720404618,100.0
1430,2,46.058398286579276,46.058398286579276,100.0
1440,0,36.13077421242611,36.13077421242611,100.0
1440,1,9.043430825471615,9.043430825471615,100.0
1440,2,54.82579496210227,54.82579496210227,100.0
1450,0,11.792756595486095,11.792756595486095,100.0
1450,1,48.91526811633467,48.91526811633467,100.0
1450,2,39.29197528817923,39.29197528817923,100.0
1460,0,51.838597458845946,51.838597458845946,100.0
1460,1,27.398098112405055,27.398098112405055,100.0
1460,2,20.763304428748995,20.763304428748995,100.0
1470,0,12.718539247451863,12.718539247451863,100.0
1470,1,12.237561548767781,12.237561548767781,100.0
1470,2,75.04389920378036,75.04389920378036,100.0
1480,0,48.362647232190255,48.362647232190255,100.0
1480,1,7.128751360473672,7.128751360473672,100.0
1480,2,44.508601407336066,44.508601407336066,100.0
1490,0,34.40207080795962,34.40207080795962,100.0
1490,1,28.031156719933797,28.031156719933797,100.0
1490,2,37.5667724721066,37.5667724721066,100.0
1500,0,41.66345765397561,41.66345765397561,100.0
1500,1,10.305203601533677,10.305203601533677,100.0
1500,2,48.03133874449071,48.03133874449071,100.0
1510,0,60.17391163533693,60.17391163533693,100.0
1510,1,19.884825714483682,19.884825714483682,100.0
1510,2,19.94126265017939,19.94126265017939,100.0
1520,0,13.093721215899345,13.093721215899345,100.0
1520,1,34.18833331061424,34.18833331061424,100.0
1520,2,52.71794547348642,52.71794547348642,100.0
1530,0,15.554748116221564,15.554748116221564,100.0
1530,1,32.57212970238266,32.57212970238266,100.0
1530,2,51.87312218139577,51.87312218139577,100.0
1540,0,15.902960610775668,15.902960610775668,100.0
1540,1,15.468019742347625,15.468019742347625,100.0
1540,2,68.62901964687671,68.62901964687671,100.0
1550,0,40.3245207581049,40.3245207581049,100.0
1550,1,26.582890028799195,26.582890028799195,100.0
1550,2,33.09258921309591,33.09258921309591,100.0
1560,0,36.634552511320365,36.634552511320365,100.0
1560,1,53.54851610859289,53.54851610859289,100.0
1560,2,9.816931380086745,9.816931380086745,100.0
1570,0,24.01763814588185,24.01763814588185,100.0
1570,1,29.101343957479603,29.101343957479603,100.0
1570,2,46.881017896638554,46.881017896638554,100.0
1580,0,14.44187644332477,14.44187644332477,100.0
1580,1,14.514680113189746,14.514680113189746,100.0
1580,2,71.04344344348549,71.04344344348549,100.0
1590,0,18.23480848261419,18.23480848261419,100.0
1590,1,16.47762421648529,16.47762421648529,100.0
1590,2,65.28756730090053,65.28756730090053,100.0
1600,0,21.344038368247208,21.344038368247208,100.0
1600,1,14.862420722387007,14.862420722387007,100.0
1600,2,63.79354090936579,63.79354090936579,100.0
1610,0,31.933189974550015,31.933189974550015,100.0
1610,1,45.0343901998898,45.0343901998898,100.0
1610,2,23.03241982556019,23.03241982556019,100.0
1620,0,25.491027556276524,25.491027556276524,100.0
1620,1,53.71749929282511,53.71749929282511,100.0
1620,2,20.791473150898373,20.791473150898373,100.0
1630,0,52.15577859557554,52.15577859557554,100.0
1630,1,35.980398703060715,35.980398703060715,100.0
1630,2,11.863822701363743,11.863822701363743,100.0
1640,0,15.063167073204387,15.063167073204387,100.0
1640,1,31.418009750588975,31.418009750588975,100.0
1640,2,53.518823176206645,53.518823176206645,100.0
1650,0,14.540693210979915,14.540693210979915,100.0
1650,1,14.60661290373273,14.60661290373273,100.0
1650,2,70.85269388528735,70.85269388528735,100.0
1660,0,19.396030668303936,19.396030668303936,100.0
1660,1,50.03468694038521,50.03468694038521,100.0
1660,2,30.569282391310853,30.569282391310853,100.0
1670,0,29.75334947177099,29.75334947177099,100.0
1670,1,57.10465999143671,57.10465999143671,100.0
1670,2,13.141990536792298,13.141990536792298,100.0
1680,0,16.795616635488642,16.795616635488642,100.0
1680,1,44.95089189530204,44.95089189530204,100.0
1680,2,38.25349146920932,38.25349146920932,100.0
1690,0,21.24769690603557,21.24769690603557,100.0
1690,1,32.30257142506917,32.30257142506917,100.0
1690,2,46.44973166889527,46.44973166889527,100.0
1700,0,33.52445613674736,33.52445613674736,100.0
1700,1,38.869977273805716,38.869977273805716,100.0
1700,2,27.605566589446934,27.605566589446934,100.0
1710,0,10.438271882998118,10.438271882998118,100.0
1710,1,20.0365310954779,20.0365310954779,100.0
1710,2,69.52519702152398,69.52519702152398,100.0
1720,0,44.5154058216989,44.5154058216989,100.0
1720,1,18.67799776208341,18.67799776208341,100.0
1720,2,36.806596416217694,36.806596416217694,100.0
1730,0,50.811216289775196,50.811216289775196,100.0
1730,1,36.98956272518349,36.98956272518349,100.0
1730,2,12.19922098504133,12.19922098504133,100.0
1740,0,56.952003959985866,56.952003959985866,100.0
1740,1,24.7791860549114,24.7791860549114,100.0
1740,2,18.268809985102735,18.268809985102735,100.0
1750,0,37.56663238514431,37.56663238514431,100.0
1750,1,47.76881430456553,47.76881430456553,100.0
1750,2,14.664553310290154,14.664553310290154,100.0
1760,0,32.492840311496465,32.492840311496465,100.0
1760,1,53.1455551613066,53.1455551613066,100.0
1760,2,14.361604527196937,14.361604527196937,100.0
1770,0,11.296860010248826,11.296860010248826,100.0
1770,1,13.921948578377217,13.921948578377217,100.0
1770,2,74.78119141137395,74.78119141137395,100.0
1780,0,24.096322939284946,24.096322939284946,100.0
1780,1,52.3610731127379,52.3610731127379,100.0
1780,2,23.54260394797716,23.54260394797716,100.0
1790,0,31.240680905795408,31.240680905795408,100.0
1790,1,41.277390783499094,41.277390783499094,100.0
1790,2,27.481928310705495,27.481928310705495,100.0
1800,0,32.388972516203324,32.388972516203324,100.0
1800,1,46.58321508862506,46.58321508862506,100.0
1800,2,21.027812395171626,21.027812395171626,100.0
1810,0,12.349318324623514,12.349318324623514,100.0
1810,1,75.28567938171432,75.28567938171432,100.0
1810,2,12.365002293662174,12.365002293662174,100.0
1820,0,30.226504380731768,30.226504380731768,100.0
1820,1,31.300599096639225,31.300599096639225,100.0
1820,2,38.472896522629014,38.472896522629014,100.0
1830,0,13.837543220422985,13.837543220422985,100.0
1830,1,28.789115755972773,28.789115755972773,100.0
1830,2,57.373341023604254,57.373341023604254,100.0
1840,0,59.32157619943189,59.32157619943189,100.0
1840,1,12.088517926601023,12.088517926601023,100.0
1840,2,28.589905873967076,28.589905873967076,100.0
1850,0,46.25148406056898,46.25148406056898,100.0
1850,1,7.575963405664803,7.575963405664803,100.0
1850,2,46.17255253376623,46.17255253376623,100.0
1860,0,15.232339556640873,15.232339556640873,100.0
1860,1,18.87752573079218,18.87752573079218,100.0
1860,2,65.89013471256695,65.89013471256695,100.0
1870,0,48.92857204728078,48.92857204728078,100.0
1870,1,28.7601602556435,28.7601602556435,100.0
1870,2,22.311267697075706,22.311267697075706,100.0
1880,0,38.393048838332106,38.393048838332106,100.0
1880,1,14.401655460664497,14.401655460664497,100.0
1880,2,47.205295701003394,47.205295701003394,100.0
1890,0,11.56803172287238,11.56803172287238,100.0
1890,1,11.452704769634508,11.452704769634508,100.0
1890,2,76.97926350749312,76.97926350749312,100.0
1900,0,22.92056772045753,22.92056772045753,100.0
1900,1,31.427682188909824,31.427682188909824,100.0
1900,2,45.65175009063264,45.65175009063264,100.0
1910,0,42.9338667375438,42.9338667375438,100.0
1910,1,40.74463710837254,40.74463710837254,100.0
1910,2,16.321496154083658,16.321496154083658,100.0
1920,0,9.388484828527403,9.388484828527403,100.0
1920,1,33.35049334833711,33.35049334833711,100.0
1920,2,57.26102182313549,57.26102182313549,100.0
1930,0,45.97262008537794,45.97262008537794,100.0
1930,1,26.939468261312832,26.939468261312832,100.0
1930,2,27.08791165330923,27.08791165330923,100.0
1940,0,37.32204006303134,37.32204006303134,100.0
1940,1,34.999857853708534,34.999857853708534,100.0
1940,2,27.678102083260132,27.678102083260132,100.0
1950,0,11.190413902797195,11.190413902797195,100.0
1950,1,16.764136151726973,16.764136151726973,100.0
1950,2,72.04544994547584,72.04544994547584,100.0
1960,0,34.588385016600405,34.588385016600405,100.0
1960,1,32.56519586029448,32.56519586029448,100.0
1960,2,32.846419123105115,32.846419123105115,100.0
1970,0,31.813719879769042,31.813719879769042,100.0
1970,1,30.319915310990226,30.319915310990226,100.0
1970,2,37.86636480924074,37.86636480924074,100.0
1980,0,15.58781433986921,15.58781433986921,100.0
1980,1,41.628080298326026,41.628080298326026,100.0
1980,2,42.78410536180476,42.78410536180476,100.0
1990,0,60.386803380163336,60.386803380163336,100.0
1990,1,24.39181758965785,24.39181758965785,100.0
1990,2,15.221379030178817,15.221379030178817,100.0
2000,0,55.479736752142436,55.479736752142436,100.0
2000,1,17.159411303446525,17.159411303446525,100.0
2000,2,27.360851944411035,27.360851944411035,100.0
2010,0,13.716214107444035,13.716214107444035,100.0
2010,1,11.879806395123534,11.879806395123534,100.0
2010,2,74.40397949743243,74.40397949743243,100.0
2020,0,28.62399149463689,28.62399149463689,100.0
2020,1,58.03976704074365,58.03976704074365,100.0
2020,2,13.336241464619453,13.336241464619453,100.0
2030,0,31.28041697040837,31.28041697040837,100.0
2030,1,33.49380119409868,33.49380119409868,100.0
2030,2,35.22578183549296,35.22578183549296,100.0
2040,0,19.130255001963008,19.130255001963008,100.0
2040,1,29.724805302391864,29.724805302391864,100.0
2040,2,51.14493969564512,51.14493969564512,100.0
2050,0,32.18207909882538,32.18207909882538,100.0
2050,1,30.02595763343752,30.02595763343752,100.0
2050,2,37.79196326773709,37.79196326773709,100.0
2060,0,38.09711450673783,38.09711450673783,100.0
2060,1,21.34695359347354,21.34695359347354,100.0
2060,2,40.555931899788625,40.555931899788625,100.0
2070,0,16.576592746106463,16.576592746106463,100.0
2070,1,16.238315488020543,16.238315488020543,100.0
2070,2,67.185091765873,67.185091765873,100.0
2080,0,32.25907847543248,32.25907847543248,100.0
2080,1,48.595679128049234,48.595679128049234,100.0
2080,2,19.14524239651829,19.14524239651829,100.0
2090,0,40.06285356815879,40.06285356815879,100.0
2090,1,23.70202336944321,23.70202336944321,100.0
2090,2,36.235123062398,36.235123062398,100.0
2100,0,44.92729064252137,44.92729064252137,100.0
2100,1,15.562741990137132,15.562741990137132,100.0
2100,2,39.50996736734149,39.50996736734149,100.0
2110,0,55.2140742883097,55.2140742883097,100.0
2110,1,14.516504751605016,14.516504751605016,100.0
2110,2,30.269420960085274,30.269420960085274,100.0
2120,0,18.527305317141877,18.527305317141877,100.0
2120,1,40.513657400060865,40.513657400060865,100.0
2120,2,40.95903728279726,40.95903728279726,100.0
2130,0,10.099490248366992,10.099490248366992,100.0
2130,1,23.10574777319489,23.10574777319489,100.0
2130,2,66.79476197843812,66.79476197843812,100.0
2140,0,28.784941493948,28.784941493948,100.0
2140,1,12.577698906531817,12.577698906531817,100.0
2140,2,58.63735959952019,58.63735959952019,100.0
2150,0,51.995356299092954,51.995356299092954,100.0
2150,1,31.24554483322947,31.24554483322947,100.0
2150,2,16.75909886767758,16.75909886767758,100.0
2160,0,54.97336877521584,54.97336877521584,100.0
2160,1,29.107438255111084,29.107438255111084,100.0
2160,2,15.91919296967308,15.91919296967308,100.0
2170,0,45.041055015065176,45.041055015065176,100.0
2170,1,39.26403046790828,39.26403046790828,100.0
2170,2,15.69491451702655,15.69491451702655,100.0
2180,0,64.28106273339743,64.28106273339743,100.0
2180,1,17.153001167185284,17.153001167185284,100.0
2180,2,18.565936099417282,18.565936099417282,100.0
2190,0,16.616475409429764,16.616475409429764,100.0
2190,1,16.659075357280678,16.659075357280678,100.0
2190,2,66.72444923328955,66.72444923328955,100.0
2200,0,27.251870679345174,27.251870679345174,100.0
2200,1,22.79494903102629,22.79494903102629,100.0
2200,2,49.95318028962854,49.95318028962854,100.0
2210,0,38.57294875948089,38.57294875948089,100.0
2210,1,40.38778482397035,40.38778482397035,100.0
2210,2,21.03926641654878,21.03926641654878,100.0
2220,0,63.3834606094389,63.3834606094389,100.0
2220,1,19.026216408424805,19.026216408424805,100.0
2220,2,17.590322982136296,17.590322982136296,100.0
2230,0,19.936538055256836,19.936538055256836,100.0
2230,1,41.38625137109806,41.38625137109806,100.0
2230,2,38.67721057364511,38.67721057364511,100.0
2240,0,36.657269518048224,36.657269518048224,100.0
2240,1,13.183291553170747,13.183291553170747,100.0
2240,2,50.15943892878103,50.15943892878103,100.0
2250,0,10.91453751683488,10.91453751683488,100.0
2250,1,11.367808025506877,11.367808025506877,100.0
2250,2,77.71765445765824,77.71765445765824,100.0
2260,0,48.45745580528123,48.45745580528123,100.0
2260,1,29.535033845977903,29.535033845977903,100.0
2260,2,22.00751034874085,22.00751034874085,100.0
2270,0,41.62862523362725,41.62862523362725,100.0
2270,1,14.490038257555488,14.490038257555488,100.0
2270,2,43.88133650881728,43.88133650881728,100.0
2280,0,27.370496212203836,27.370496212203836,100.0
2280,1,50.89309511710427,50.89309511710427,100.0
2280,2,21.7364086706919,21.7364086706919,100.0
2290,0,52.60496710911714,52.60496710911714,100.0
2290,1,24.502653837416904,24.502653837416904,100.0
2290,2,22.892379053465945,22.892379053465945,100.0
2300,0,48.87680548762481,48.87680548762481,100.0
2300,1,21.13452972064786,21.13452972064786,100.0
2300,2,29.98866479172734,29.98866479172734,100.0
2310,0,13.366813021860416,13.366813021860416,100.0
2310,1,10.88090404419712,10.88090404419712,100.0
2310,2,75.75228293394247,75.75228293394247,100.0
2320,0,31.39537656596264,31.39537656596264,100.0
2320,1,36.035628230022255,36.035628230022255,100.0
2320,2,32.5689952040151,32.5689952040151,100.0
2330,0,15.299296144410828,15.299296144410828,100.0
2330,1,26.263780383633456,26.263780383633456,100.0
2330,2,58.43692347195572,58.43692347195572,100.0
2340,0,10.574883060742712,10.574883060742712,100.0
2340,1,73.24528706806763,73.24528706806763,100.0
2340,2,16.179829871189668,16.179829871189668,100.0
2350,0,9.456893650978701,9.456893650978701,100.0
2350,1,28.920468366476793,28.920468366476793,100.0
2350,2,61.622637982544504,61.622637982544504,100.0
2360,0,48.19449070068876,48.19449070068876,100.0
2360,1,11.969501701596192,11.969501701596192,100.0
2360,2,39.836007597715046,39.836007597715046,100.0
2370,0,12.62042951225408,12.62042951225408,100.0
2370,1,15.0042715274239,15.0042715274239,100.0
2370,2,72.37529896032203,72.37529896032203,100.0
2380,0,59.80596054690716,59.80596054690716,100.0
2380,1,29.999589054247394,29.999589054247394,100.0
2380,2,10.194450398845452,10.194450398845452,100.0
2390,0,48.099751472685234,48.099751472685234,100.0
2390,1,15.327935652452137,15.327935652452137,100.0
2390,2,36.57231287486264,36.57231287486264,100.0
2400,0,46.27715819457862,46.27715819457862,100.0
2400,1,39.18969944351191,39.18969944351191,100.0
2400,2,14.533142361909452,14.533142361909452,100.0
2410,0,11.655676112376657,11.655676112376657,100.0
2410,1,49.0137860080057,49.0137860080057,100.0
2410,2,39.33053787961763,39.33053787961763,100.0
2420,0,19.16433372726856,19.16433372726856,100.0
2420,1,58.870682325301885,58.870682325301885,100.0
2420,2,21.964983947429555,21.964983947429555,100.0
2430,0,18.64384053326394,18.64384053326394,100.0
2430,1,22.27798844650937,22.27798844650937,100.0
2430,2,59.07817102022669,59.07817102022669,100.0
2440,0,60.140620048295524,60.140620048295524,100.0
2440,1,25.80787031782324,25.80787031782324,100.0
2440,2,14.051509633881249,14.051509633881249,100.0
2450,0,53.254332578804984,53.254332578804984,100.0
2450,1,34.092826394558394,34.092826394558394,100.0
2450,2,12.65284102663663,12.65284102663663,100.0
2460,0,18.964290215741407,18.964290215741407,100.0
2460,1,36.03735231779516,36.03735231779516,100.0
2460,2,44.99835746646342,44.99835746646342,100.0
2470,0,32.896873178475,32.896873178475,100.0
2470,1,20.766438119145747,20.766438119145747,100.0
2470,2,46.33668870237926,46.33668870237926,100.0
2480,0,38.892813869163135,38.892813869163135,100.0
2480,1,19.48755597967877,19.48755597967877,100.0
2480,2,41.61963015115809,41.61963015115809,100.0
2490,0,13.412090376513259,13.412090376513259,100.0
2490,1,11.618472364438317,11.618472364438317,100.0
2490,2,74.96943725904843,74.96943725904843,100.0
2500,0,27.281083371644055,27.281083371644055,100.0
2500,1,23.29249501661771,23.29249501661771,100.0
2500,2,49.426421611738235,49.426421611738235,100.0
2510,0,23.27116981603525,23.27116981603525,100.0
2510,1,18.156685980925026,18.156685980925026,100.0
2510,2,58.57214420303972,58.57214420303972,100.0
2520,0,21.27067804123202,21.27067804123202,100.0
2520,1,21.554279334629413,21.554279334629413,100.0
2520,2,57.17504262413856,57.17504262413856,100.0
2530,0,38.60748116740615,38.60748116740615,100.0
2530,1,36.51984669837328,36.51984669837328,100.0
2530,2,24.872672134220572,24.872672134220572,100.0
2540,0,35.04432601067342,35.04432601067342,100.0
2540,1,32.111216700011816,32.111216700011816,100.0
2540,2,32.84445728931477,32.84445728931477,100.0
2550,0,14.466403544212286,14.466403544212286,100.0
2550,1,15.152630365913398,15.152630365913398,100.0
2550,2,70.38096608987432,70.38096608987432,100.0
2560,0,15.533199155330419,15.533199155330419,100.0
2560,1,36.857985285520094,36.857985285520094,100.0
2560,2,47.608815559149484,47.608815559149484,100.0
2570,0,25.14989158384048,25.14989158384048,100.0
2570,1,11.393405901632407,11.393405901632407,100.0
2570,2,63.456702514527116,63.456702514527116,100.0
2580,0,24.482977367172413,24.482977367172413,100.0
2580,1,27.834589023540417,27.834589023540417,100.0
2580,2,47.68243360928716,47.68243360928716,100.0
2590,0,17.69676725606806,17.69676725606806,100.0
2590,1,49.17330588568724,49.17330588568724,100.0
2590,2,33.12992685824469,33.12992685824469,100.0
2600,0,39.830278646702624,39.830278646702624,100.0
2600,1,21.71698817271127,21.71698817271127,100.0
2600,2,38.45273318058611,38.45273318058611,100.0
2610,0,20.32781297324914,20.32781297324914,100.0
2610,1,26.69122217780498,26.69122217780498,100.0
2610,2,52.98096484894589,52.98096484894589,100.0
2620,0,42.36735802870051,42.36735802870051,100.0
2620,1,29.048324132145183,29.048324132145183,100.0
2620,2,28.584317839154316,28.584317839154316,100.0
2630,0,41.99587190472734,41.99587190472734,100.0
2630,1,17.352308122192316,17.352308122192316,100.0
2630,2,40.65181997308035,40.65181997308035,100.0
2640,0,28.261275239934573,28.261275239934573,100.0
2640,1,38.84591671794873,38.84591671794873,100.0
2640,2,32.89280804211669,32.89280804211669,100.0
2650,0,21.242270992754015,21.242270992754015,100.0
2650,1,50.20846644069372,50.20846644069372,100.0
2650,2,28.549262566552258,28.549262566552258,100.0
2660,0,20.367720752583853,20.367720752583853,100.0
2660,1,51.81833951654894,51.81833951654894,100.0
2660,2,27.813939730867205,27.813939730867205,100.0
2670,0,15.716976576405642,15.716976576405642,100.0
2670,1,22.289220065622125,22.289220065622125,100.0
2670,2,61.99380335797224,61.99380335797224,100.0
2680,0,36.35245521562129,36.35245521562129,100.0
2680,1,31.90960440442433,31.90960440442433,100.0
2680,2,31.737940379954377,31.737940379954377,100.0
2690,0,38.07451264258997,38.07451264258997,100.0
2690,1,27.685456410113186,27.685456410113186,100.0
2690,2,34.24003094729684,34.24003094729684,100.0
2700,0,65.24661148494803,65.24661148494803,100.0
2700,1,19.766107138083065,19.766107138083065,100.0
2700,2,14.987281376968909,14.987281376968909,100.0
2710,0,10.876910291418572,10.876910291418572,100.0
2710,1,39.77953414998839,39.77953414998839,100.0
2710,2,49.34355555859304,49.34355555859304,100.0
2720,0,10.768811908926093,10.768811908926093,100.0
2720,1,51.68448036273605,51.68448036273605,100.0
2720,2,37.546707728337864,37.546707728337864,100.0
2730,0,12.55996416507191,12.55996416507191,100.0
2730,1,16.26758254140146,16.26758254140146,100.0
2730,2,71.17245329352663,71.17245329352663,100.0
2740,0,47.496674875474795,47.496674875474795,100.0
2740,1,28.968717121232075,28.968717121232075,100.0
2740,2,23.53460800329313,23.53460800329313,100.0
2750,0,23.819871475996344,23.819871475996344,100.0
2750,1,31.574507232743603,31.574507232743603,100.0
2750,2,44.60562129126006,44.60562129126006,100.0
2760,0,37.6122616953953,37.6122616953953,100.0
2760,1,41.48180654817553,41.48180654817553,100.0
2760,2,20.90593175642919,20.90593175642919,100.0
2770,0,22.34934400130299,22.34934400130299,100.0
2770,1,41.135124003087284,41.135124003087284,100.0
2770,2,36.51553199560972,36.51553199560972,100.0
2780,0,35.21436595277903,35.21436595277903,100.0
2780,1,42.79375270167133,42.79375270167133,100.0
2780,2,21.99188134554964,21.99188134554964,100.0
2790,0,12.906957389178569,12.906957389178569,100.0
2790,1,12.357588978999406,12.357588978999406,100.0
2790,2,74.73545363182203,74.73545363182203,100.0
2800,0,26.724701656754146,26.724701656754146,100.0
2800,1,22.210819700161814,22.210819700161814,100.0
2800,2,51.064478643084044,51.064478643084044,100.0
2810,0,12.593262106806138,12.593262106806138,100.0
2810,1,70.1398343610518,70.1398343610518,100.0
2810,2,17.26690353214207,17.26690353214207,100.0
2820,0,29.459528652211915,29.459528652211915,100.0
2820,1,51.23331957804572,51.23331957804572,100.0
2820,2,19.307151769742358,19.307151769742358,100.0
2830,0,72.03914589917937,72.03914589917937,100.0
2830,1,12.027897175654424,12.027897175654424,100.0
2830,2,15.932956925166202,15.932956925166202,100.0
2840,0,24.559853104802897,24.559853104802897,100.0
2840,1,31.24633590930948,31.24633590930948,100.0
2840,2,44.19381098588762,44.19381098588762,100.0
2850,0,16.80217313057313,16.80217313057313,100.0
2850,1,11.80416031800441,11.80416031800441,100.0
2850,2,71.39366655142247,71.39366655142247,100.0
2860,0,11.46555471009726,11.46555471009726,100.0
2860,1,57.5854855910399,57.5854855910399,100.0
2860,2,30.948959698862843,30.948959698862843,100.0
2870,0,68.12695558867098,68.12695558867098,100.0
2870,1,16.08305677116203,16.08305677116203,100.0
2870,2,15.789987640166991,15.789987640166991,100.0
2880,0,61.51463011850379,61.51463011850379,100.0
2880,1,19.23521655405628,19.23521655405628,100.0
2880,2,19.250153327439932,19.250153327439932,100.0
2890,0,52.07684183418188,52.07684183418188,100.0
2890,1,30.703911110586503,30.703911110586503,100.0
2890,2,17.219247055231623,17.219247055231623,100.0
2900,0,22.722889536243567,22.722889536243567,100.0
2900,1,18.23311419000773,18.23311419000773,100.0
2900,2,59.043996273748704,59.043996273748704,100.0
2910,0,12.72443104251165,12.72443104251165,100.0
2910,1,13.044101138943518,13.044101138943518,100.0
2910,2,74.23146781854483,74.23146781854483,100.0
2920,0,12.240793575877177,12.240793575877177,100.0
2920,1,35.27158367088461,35.27158367088461,100.0
2920,2,52.48762275323821,52.48762275323821,100.0
2930,0,27.987697974993452,27.987697974993452,100.0
2930,1,39.1076274127867,39.1076274127867,100.0
2930,2,32.90467461221985,32.90467461221985,100.0
2940,0,12.406557089250086,12.406557089250086,100.0
2940,1,33.57470718097246,33.57470718097246,100.0
2940,2,54.018735729777454,54.018735729777454,100.0
2950,0,47.25342332851727,47.25342332851727,100.0
2950,1,16.305524751223878,16.305524751223878,100.0
2950,2,36.44105192025886,36.44105192025886,100.0
2960,0,46.53518556724406,46.53518556724406,100.0
2960,1,25.064247474216817,25.064247474216817,100.0
2960,2,28.40056695853911,28.40056695853911,100.0
2970,0,12.38757297075324,12.38757297075324,100.0
2970,1,15.63433160487431,15.63433160487431,100.0
2970,2,71.97809542437246,71.97809542437246,100.0
2980,0,39.82424454631673,39.82424454631673,100.0
2980,1,25.879423814485598,25.879423814485598,100.0
2980,2,34.296331639197675,34.296331639197675,100.0
2990,0,58.58147084004498,58.58147084004498,100.0
2990,1,10.225153461780769,10.225153461780769,100.0
2990,2,31.193375698174247,31.193375698174247,100.0
3000,0,29.154838479115615,29.154838479115615,100.0
3000,1,23.995911671660377,23.995911671660377,100.0
3000,2,46.84924984922401,46.84924984922401,100.0
3010,0,28.124741995495047,28.124741995495047,100.0
3010,1,29.078878200573826,29.078878200573826,100.0
3010,2,42.79637980393113,42.79637980393113,100.0
3020,0,31.598005692980642,31.598005692980642,100.0
3020,1,43.73328544818004,43.73328544818004,100.0
3020,2,24.668708858839317,24.668708858839317,100.0
3030,0,12.01414560703031,12.01414560703031,100.0
3030,1,12.446538217636043,12.446538217636043,100.0
3030,2,75.53931617533365,75.53931617533365,100.0
3040,0,24.455965785881826,24.455965785881826,100.0
3040,1,24.082585597012553,24.082585597012553,100.0
3040,2,51.46144861710562,51.46144861710562,100.0
3050,0,46.114118467491316,46.114118467491316,100.0
3050,1,35.86283076697789,35.86283076697789,100.0
3050,2,18.023050765530794,18.023050765530794,100.0
3060,0,35.63039408130564,35.63039408130564,100.0
3060,1,27.059483495758936,27.059483495758936,100.0
3060,2,37.310122422935436,37.310122422935436,100.0
3070,0,26.601079125286546,26.601079125286546,100.0
3070,1,20.83060989894626,20.83060989894626,100.0
3070,2,52.56831097576718,52.56831097576718,100.0
3080,0,42.49892450962036,42.49892450962036,100.0
3080,1,33.2906176415486,33.2906176415486,100.0
3080,2,24.21045784883105,24.21045784883105,100.0
3090,0,11.476126580652942,11.476126580652942,100.0
3090,1,12.48239393453403,12.48239393453403,100.0
3090,2,76.04147948481304,76.04147948481304,100.0
3100,0,33.14111661234328,33.14111661234328,100.0
3100,1,15.089631439347404,15.089631439347404,100.0
3100,2,51.769251948309325,51.769251948309325,100.0
3110,0,22.48250549751858,22.48250549751858,100.0
3110,1,36.583833529299696,36.583833529299696,100.0
3110,2,40.933660973181716,40.933660973181716,100.0
3120,0,22.39725550563873,22.39725550563873,100.0
3120,1,56.50174397613126,56.50174397613126,100.0
3120,2,21.10100051823001,21.10100051823001,100.0
3130,0,43.629093108114084,43.629093108114084,100.0
3130,1,32.127426722757015,32.127426722757015,100.0
3130,2,24.24348016912889,24.24348016912889,100.0
3140,0,40.644402346896236,40.644402346896236,100.0
3140,1,32.11398367656184,32.11398367656184,100.0
3140,2,27.241613976541927,27.241613976541927,100.0
3150,0,12.221077542968429,12.221077542968429,100.0
3150,1,11.916422315515662,11.916422315515662,100.0
3150,2,75.86250014151591,75.86250014151591,100.0
3160,0,59.72156182414048,59.72156182414048,100.0
3160,1,11.582855923569657,11.582855923569657,100.0
3160,2,28.69558225228987,28.69558225228987,100.0
3170,0,35.80608770699295,35.80608770699295,100.0
3170,1,37.66169844735924,37.66169844735924,100.0
3170,2,26.532213845647806,26.532213845647806,100.0
3180,0,22.144105559983824,22.144105559983824,100.0
3180,1,20.823121963405743,20.823121963405743,100.0
3180,2,57.032772476610425,57.032772476610425,100.0
3190,0,13.077873710157117,13.077873710157117,100.0
3190,1,22.248539116658016,22.248539116658016,100.0
3190,2,64.67358717318487,64.67358717318487,100.0
3200,0,19.867677475277436,19.867677475277436,100.0
3200,1,35.51019549264826,35.51019549264826,100.0
3200,2,44.62212703207432,44.62212703207432,100.0
3210,0,18.766712323253724,18.766712323253724,100.0
3210,1,16.70776270083262,16.70776270083262,100.0
3210,2,64.52552497591365,64.52552497591365,100.0
3220,0,27.499312262756476,27.499312262756476,100.0
3220,1,48.56031299379603,48.56031299379603,100.0
3220,2,23.94037474344749,23.94037474344749,100.0
3230,0,46.58100640027432,46.58100640027432,100.0
3230,1,23.443265638514653,23.443265638514653,100.0
3230,2,29.975727961211014,29.975727961211014,100.0
3240,0,25.405512754166935,25.405512754166935,100.0
3240,1,47.613065968645394,47.613065968645394,100.0
3240,2,26.98142127718768,26.98142127718768,100.0
3250,0,47.86061607457167,47.86061607457167,100.0
3250,1,18.51695455160065,18.51695455160065,100.0
3250,2,33.62242937382767,33.62242937382767,100.0
3260,0,40.185916497967135,40.185916497967135,100.0
3260,1,25.91483815352221,25.91483815352221,100.0
3260,2,33.89924534851064,33.89924534851064,100.0
3270,0,11.074882439298674,11.074882439298674,100.0
3270,1,15.027649155599438,15.027649155599438,100.0
3270,2,73.89746840510189,73.89746840510189,100.0
3280,0,60.697854851460754,60.697854851460754,100.0
3280,1,27.665667384973425,27.665667384973425,100.0
3280,2,11.636477763565832,11.636477763565832,100.0
3290,0,20.296709019431525,20.296709019431525,100.0
3290,1,20.545186629646878,20.545186629646878,100.0
3290,2,59.15810435092159,59.15810435092159,100.0
3300,0,16.360213589001248,16.360213589001248,100.0
3300,1,49.44418243894167,49.44418243894167,100.0
3300,2,34.195603972057086,34.195603972057086,100.0
3310,0,30.744408463438646,30.744408463438646,100.0
3310,1,46.81304919615637,46.81304919615637,100.0
3310,2,22.442542340404987,22.442542340404987,100.0
3320,0,23.594304104358514,23.594304104358514,100.0
3320,1,33.81164342171061,33.81164342171061,100.0
3320,2,42.59405247393088,42.59405247393088,100.0
3330,0,13.00481433397153,13.00481433397153,100.0
3330,1,12.306564438216032,12.306564438216032,100.0
3330,2,74.68862122781243,74.68862122781243,100.0
3340,0,28.719407022668232,28.719407022668232,100.0
3340,1,23.832572463230058,23.832572463230058,100.0
3340,2,47.4480205141017,47.4480205141017,100.0
3350,0,26.12170925491731,26.12170925491731,100.0
3350,1,29.364825314926463,29.364825314926463,100.0
3350,2,44.513465430156224,44.513465430156224,100.0
3360,0,45.81558206757263,45.81558206757263,100.0
3360,1,22.47468059243124,22.47468059243124,100.0
3360,2,31.709737339996124,31.709737339996124,100.0
3370,0,48.99591605849454,48.99591605849454,100.0
3370,1,8.185267520347761,8.185267520347761,100.0
3370,2,42.818816421157706,42.818816421157706,100.0
3380,0,20.83264761198876,20.83264761198876,100.0
3380,1,56.27611858030641,56.27611858030641,100.0
3380,2,22.89123380770483,22.89123380770483,100.0
3390,0,16.12552439294823,16.12552439294823,100.0
3390,1,16.148589397205452,16.148589397205452,100.0
3390,2,67.72588620984634,67.72588620984634,100.0
3400,0,42.28202610182342,42.28202610182342,100.0
3400,1,13.177266148608973,13.177266148608973,100.0
3400,2,44.5407077495676,44.5407077495676,100.0
3410,0,50.33353504637543,50.33353504637543,100.0
3410,1,19.715071432712307,19.715071432712307,100.0
3410,2,29.951393520912266,29.951393520912266,100.0
3420,0,52.476040086525025,52.476040086525025,100.0
3420,1,19.787023582718984,19.787023582718984,100.0
3420,2,27.73693633075599,27.73693633075599,100.0
3430,0,32.0449861999668,32.0449861999668,100.0
3430,1,31.827487639632228,31.827487639632228,100.0
3430,2,36.12752616040097,36.12752616040097,100.0
3440,0,13.897209923348406,13.897209923348406,100.0
3440,1,17.89293936342863,17.89293936342863,100.0
3440,2,68.20985071322296,68.20985071322296,100.0
3450,0,12.710014946072192,12.710014946072192,100.0
3450,1,13.301435250202909,13.301435250202909,100.0
3450,2,73.98854980372491,73.98854980372491,100.0
3460,0,31.987674982658827,31.987674982658827,100.0
3460,1,42.23562706474475,42.23562706474475,100.0
3460,2,25.77669795259642,25.77669795259642,100.0
3470,0,12.74563670875812,12.74563670875812,100.0
3470,1,47.0226789430382,47.0226789430382,100.0
3470,2,40.23168434820368,40.23168434820368,100.0
3480,0,44.602986512266604,44.602986512266604,100.0
3480,1,11.281444329588325,11.281444329588325,100.0
3480,2,44.11556915814508,44.11556915814508,100.0
3490,0,56.576884364851985,56.576884364851985,100.0
3490,1,27.817085239647337,27.817085239647337,100.0
3490,2,15.606030395500675,15.606030395500675,100.0
3500,0,22.09670462549794,22.09670462549794,100.0
3500,1,50.12565925230725,50.12565925230725,100.0
3500,2,27.777636122194814,27.777636122194814,100.0
3510,0,12.135896501792628,12.135896501792628,100.0
3510,1,12.553356807493035,12.553356807493035,100.0
3510,2,75.31074669071434,75.31074669071434,100.0
3520,0,8.891536823388613,8.891536823388613,100.0
3520,1,34.78305027896985,34.78305027896985,100.0
3520,2,56.325412897641534,56.325412897641534,100.0
3530,0,43.60979499666836,43.60979499666836,100.0
3530,1,26.508685407501627,26.508685407501627,100.0
3530,2,29.881519595830007,29.881519595830007,100.0
3540,0,10.030128038349424,10.030128038349424,100.0
3540,1,40.282370106854835,40.282370106854835,100.0
3540,2,49.68750185479575,49.68750185479575,100.0
3550,0,18.234199855140595,18.234199855140595,100.0
3550,1,48.141473808799915,48.141473808799915,100.0
3550,2,33.62432633605949,33.62432633605949,100.0
3560,0,24.196595509730056,24.196595509730056,100.0
3560,1,13.871795423168154,13.871795423168154,100.0
3560,2,61.93160906710179,61.93160906710179,100.0
3570,0,14.321627424898702,14.321627424898702,100.0
3570,1,16.671441083352804,16.671441083352804,100.0
3570,2,69.00693149174849,69.00693149174849,100.0
3580,0,54.841084749146,54.841084749146,100.0
3580,1,23.26318088906038,23.26318088906038,100.0
3580,2,21.89573436179362,21.89573436179362,100.0
3590,0,25.099590926315567,25.099590926315567,100.0
3590,1,60.58669149357849,60.58669149357849,100.0
3590,2,14.313717580105939,14.313717580105939,100.0
3600,0,51.58703767824382,51.58703767824382,100.0
3600,1,19.947731810954696,19.947731810954696,100.0
3600,2,28.465230510801483,28.465230510801483,100.0
3610,0,22.323767571466234,22.323767571466234,100.0
3610,1,28.15155832515525,28.15155832515525,100.0
3610,2,49.524674103378516,49.524674103378516,100.0
3620,0,24.320997968351964,24.320997968351964,100.0
3620,1,13.172095818507987,13.172095818507987,100.0
3620,2,62.50690621314005,62.50690621314005,100.0
3630,0,13.651334059400464,13.651334059400464,100.0
3630,1,13.10108777864919,13.10108777864919,100.0
3630,2,73.24757816195036,73.24757816195036,100.0
3640,0,11.28275782151604,11.28275782151604,100.0
3640,1,59.42239610311001,59.42239610311001,100.0
3640,2,29.294846075373943,29.294846075373943,100.0
3650,0,23.834744804599545,23.834744804599545,100.0
3650,1,12.401844161993687,12.401844161993687,100.0
3650,2,63.76341103340678,63.76341103340678,100.0
3660,0,23.41794673662278,23.41794673662278,100.0
3660,1,30.329954444665674,30.329954444665674,100.0
3660,2,46.25209881871154,46.25209881871154,100.0
3670,0,42.616141648590855,42.616141648590855,100.0
3670,1,39.1457556597082,39.1457556597082,100.0
3670,2,18.23810269170095,18.23810269170095,100.0
3680,0,24.53276349511045,24.53276349511045,100.0
3680,1,37.65905059963357,37.65905059963357,100.0
3680,2,37.80818590525598,37.80818590525598,100.0
3690,0,12.221586575659185,12.221586575659185,100.0
3690,1,12.754601262104442,12.754601262104442,100.0
3690,2,75.02381216223638,75.02381216223638,100.0
3700,0,24.612412052363318,24.612412052363318,100.0
3700,1,34.872096696825764,34.872096696825764,100.0
3700,2,40.515491250810925,40.515491250810925,100.0
3710,0,27.59468517432594,27.59468517432594,100.0
3710,1,32.54228625099245,32.54228625099245,100.0
3710,2,39.86302857468162,39.86302857468162,100.0
3720,0,36.97803549919803,36.97803549919803,100.0
3720,1,32.126200799779916,32.126200799779916,100.0
3720,2,30.895763701022045,30.895763701022045,100.0
3730,0,24.105623857868814,24.105623857868814,100.0
3730,1,53.34742240826637,53.34742240826637,100.0
3730,2,22.546953733864825,22.546953733864825,100.0
3740,0,48.1910354845617,48.1910354845617,100.0
3740,1,37.378551800110756,37.378551800110756,100.0
3740,2,14.430412715327554,14.430412715327554,100.0
3750,0,11.637805642517423,11.637805642517423,100.0
3750,1,12.635893429561065,12.635893429561065,100.0
3750,2,75.72630092792151,75.72630092792151,100.0
3760,0,30.68948443089734,30.68948443089734,100.0
3760,1,27.45942565968419,27.45942565968419,100.0
3760,2,41.85108990941847,41.85108990941847,100.0
3770,0,16.44051123090959,16.44051123090959,100.0
3770,1,25.84538445469096,25.84538445469096,100.0
3770,2,57.71410431439945,57.71410431439945,100.0
3780,0,21.629383747078784,21.629383747078784,100.0
3780,1,32.053952584574326,32.053952584574326,100.0
3780,2,46.316663668346884,46.316663668346884,100.0
3790,0,43.031177070322855,43.031177070322855,100.0
3790,1,16.312616388698466,16.312616388698466,100.0
3790,2,40.65620654097869,40.65620654097869,100.0
3800,0,36.810591423495275,36.810591423495275,100.0
3800,1,35.675099147429755,35.675099147429755,100.0
3800,2,27.514309429074967,27.514309429074967,100.0
3810,0,10.70527700255506,10.70527700255506,100.0
3810,1,24.634412713758472,24.634412713758472,100.0
3810,2,64.66031028368647,64.66031028368647,100.0
3820,0,30.63499111501637,30.63499111501637,100.0
3820,1,54.700340791197796,54.700340791197796,100.0
3820,2,14.664668093785831,14.664668093785831,100.0
3830,0,26.145286116348572,26.145286116348572,100.0
3830,1,19.05143408613269,19.05143408613269,100.0
3830,2,54.803279797518734,54.803279797518734,100.0
3840,0,19.38810727107797,19.38810727107797,100.0
3840,1,29.61769671849944,29.61769671849944,100.0
3840,2,50.994196010422584,50.994196010422584,100.0
3850,0,17.377233020357018,17.377233020357018,100.0
3850,1,60.11376569908061,60.11376569908061,100.0
3850,2,22.509001280562366,22.509001280562366,100.0
3860,0,36.03552582376775,36.03552582376775,100.0
3860,1,26.813464835175004,26.813464835175004,100.0
3860,2,37.15100934105724,37.15100934105724,100.0
3870,0,14.860726779792735,14.860726779792735,100.0
3870,1,11.958232127787774,11.958232127787774,100.0
3870,2,73.18104109241949,73.18104109241949,100.0
3880,0,30.75201449892264,30.75201449892264,100.0
3880,1,32.305572029650264,32.305572029650264,100.0
3880,2,36.94241347142709,36.94241347142709,100.0
3890,0,34.15426012673927,34.15426012673927,100.0
3890,1,56.837857433999176,56.837857433999176,100.0
3890,2,9.007882439261575,9.007882439261575,100.0
3900,0,13.783236688247694,13.783236688247694,100.0
3900,1,16.57201544721491,16.57201544721491,100.0
3900,2,69.64474786453741,69.64474786453741,100.0
3910,0,29.17183608677494,29.17183608677494,100.0
3910,1,32.556593880601234,32.556593880601234,100.0
3910,2,38.271570032623835,38.271570032623835,100.0
3920,0,35.864849422548176,35.864849422548176,100.0
3920,1,36.526409425000516,36.526409425000516,100.0
3920,2,27.60874115245131,27.60874115245131,100.0
3930,0,18.282045443155873,18.282045443155873,100.0
3930,1,19.698125704810135,19.698125704810135,100.0
3930,2,62.019828852033996,62.019828852033996,100.0
3940,0,26.600352568806407,26.600352568806407,100.0
3940,1,48.084434229608696,48.084434229608696,100.0
3940,2,25.315213201584896,25.315213201584896,100.0
3950,0,54.70497471187916,54.70497471187916,100.0
3950,1,12.276446135829124,12.276446135829124,100.0
3950,2,33.01857915229172,33.01857915229172,100.0
3960,0,17.01875521546534,17.01875521546534,100.0
3960,1,50.496585727897646,50.496585727897646,100.0
3960,2,32.484659056637014,32.484659056637014,100.0
3970,0,38.442761768939846,38.442761768939846,100.0
3970,1,21.758248009831966,21.758248009831966,100.0
3970,2,39.798990221228195,39.798990221228195,100.0
3980,0,52.93369748376403,52.93369748376403,100.0
3980,1,38.06282119452685,38.06282119452685,100.0
3980,2,9.003481321709115,9.003481321709115,100.0
3990,0,10.896150213027624,10.896150213027624,100.0
3990,1,12.580267394397692,12.580267394397692,100.0
3990,2,76.52358239257468,76.52358239257468,100.0
4000,0,13.930229534687358,13.930229534687358,100.0
4000,1,58.56556214687549,58.56556214687549,100.0
4000,2,27.504208318437147,27.504208318437147,100.0
4010,0,12.17479152938277,12.17479152938277,100.0
4010,1,41.543760637700494,41.543760637700494,100.0
4010,2,46.28144783291673,46.28144783291673,100.0
4020,0,15.553865332143419,15.553865332143419,100.0
4020,1,14.831292565739416,14.831292565739416,100.0
4020,2,69.61484210211717,69.61484210211717,100.0
4030,0,15.443981151958287,15.443981151958287,100.0
4030,1,28.348214214618718,28.348214214618718,100.0
4030,2,56.20780463342301,56.20780463342301,100.0
4040,0,21.60854948886023,21.60854948886023,100.0
4040,1,53.77091139467414,53.77091139467414,100.0
4040,2,24.62053911646563,24.62053911646563,100.0
4050,0,16.52787867700532,16.52787867700532,100.0
4050,1,23.73034650454155,23.73034650454155,100.0
4050,2,59.74177481845313,59.74177481845313,100.0
4060,0,16.71900383228428,16.71900383228428,100.0
4060,1,61.39583864989947,61.39583864989947,100.0
4060,2,21.88515751781625,21.88515751781625,100.0
4070,0,45.04317346415711,45.04317346415711,100.0
4070,1,26.25175788594003,26.25175788594003,100.0
4070,2,28.705068649902856,28.705068649902856,100.0
4080,0,39.21239321021755,39.21239321021755,100.0
4080,1,29.598335132507504,29.598335132507504,100.0
4080,2,31.189271657274944,31.189271657274944,100.0
4090,0,24.66548385457525,24.66548385457525,100.0
4090,1,19.577307387204907,19.577307387204907,100.0
4090,2,55.757208758219846,55.757208758219846,100.0
4100,0,32.783945850955284,32.783945850955284,100.0
4100,1,21.11135150015434,21.11135150015434,100.0
4100,2,46.10470264889038,46.10470264889038,100.0
4110,0,10.737320465838401,10.737320465838401,100.0
4110,1,13.099653702549602,13.099653702549602,100.0
4110,2,76.163025831612,76.163025831612,100.0
4120,0,57.68357099038764,57.68357099038764,100.0
4120,1,22.147037627712823,22.147037627712823,100.0
4120,2,20.169391381899523,20.169391381899523,100.0
4130,0,29.40256680933315,29.40256680933315,100.0
4130,1,31.657830831130727,31.657830831130727,100.0
4130,2,38.939602359536124,38.939602359536124,100.0
4140,0,37.5042441481617,37.5042441481617,100.0
4140,1,18.871198016578713,18.871198016578713,100.0
4140,2,43.624557835259594,43.624557835259594,100.0
4150,0,19.88984033767301,19.88984033767301,100.0
4150,1,32.02924593068557,32.02924593068557,100.0
4150,2,48.08091373164141,48.08091373164141,100.0
4160,0,34.08711394403756,34.08711394403756,100.0
4160,1,33.65303656026671,33.65303656026671,100.0
4160,2,32.259849495695725,32.259849495695725,100.0
4170,0,12.365391507648576,12.365391507648576,100.0
4170,1,12.037139170804064,12.037139170804064,100.0
4170,2,75.59746932154736,75.59746932154736,100.0
4180,0,49.91034088190016,49.91034088190016,100.0
4180,1,28.459035266396093,28.459035266396093,100.0
4180,2,21.63062385170375,21.63062385170375,100.0
4190,0,49.04788355740578,49.04788355740578,100.0
4190,1,12.415718128245835,12.415718128245835,100.0
4190,2,38.53639831434837,38.53639831434837,100.0
4200,0,32.38362864449338,32.38362864449338,100.0
4200,1,36.52342827275825,36.52342827275825,100.0
4200,2,31.09294308274837,31.09294308274837,100.0
4210,0,15.489639459584764,15.489639459584764,100.0
4210,1,58.227356633769524,58.227356633769524,100.0
4210,2,26.283003906645714,26.283003906645714,100.0
4220,0,18.80434224801338,18.80434224801338,100.0
4220,1,44.46379363792062,44.46379363792062,100.0
4220,2,36.731864114066006,36.731864114066006,100.0
4230,0,14.597601423246493,14.597601423246493,100.0
4230,1,14.117770765640136,14.117770765640136,100.0
4230,2,71.28462781111337,71.28462781111337,100.0
4240,0,13.185625574939971,13.185625574939971,100.0
4240,1,16.890532726095387,16.890532726095387,100.0
4240,2,69.92384169896464,69.92384169896464,100.0
4250,0,47.50309847719939,47.50309847719939,100.0
4250,1,27.027279588177162,27.027279588177162,100.0
4250,2,25.46962193462346,25.46962193462346,100.0
4260,0,52.55468735414015,52.55468735414015,100.0
4260,1,22.020770729825376,22.020770729825376,100.0
4260,2,25.42454191603448,25.42454191603448,100.0
4270,0,45.74006391457625,45.74006391457625,100.0
4270,1,7.975927635583485,7.975927635583485,100.0
4270,2,46.28400844984027,46.28400844984027,100.0
4280,0,26.31541395693462,26.31541395693462,100.0
4280,1,24.025852803109128,24.025852803109128,100.0
4280,2,49.65873323995626,49.65873323995626,100.0
4290,0,12.503461593310423,12.503461593310423,100.0
4290,1,14.086787395802997,14.086787395802997,100.0
4290,2,73.40975101088658,73.40975101088658,100.0
4300,0,35.29661511118179,35.29661511118179,100.0
4300,1,12.568138382727224,12.568138382727224,100.0
4300,2,52.13524650609099,52.13524650609099,100.0
4310,0,24.58723390762349,24.58723390762349,100.0
4310,1,34.92576397234874,34.92576397234874,100.0
4310,2,40.48700212002777,40.48700212002777,100.0
4320,0,45.17392611867662,45.17392611867662,100.0
4320,1,29.589110954470616,29.589110954470616,100.0
4320,2,25.23696292685276,25.23696292685276,100.0
4330,0,26.43778580822834,26.43778580822834,100.0
4330,1,33.34979308462678,33.34979308462678,100.0
4330,2,40.21242110714488,40.21242110714488,100.0
4340,0,61.425330959189004,61.425330959189004,100.0
4340,1,17.86422037920165,17.86422037920165,100.0
4340,2,20.710448661609345,20.710448661609345,100.0
4350,0,14.958036715274591,14.958036715274591,100.0
4350,1,15.393285949742918,15.393285949742918,100.0
4350,2,69.6486773349825,69.6486773349825,100.0
4360,0,21.005795349768846,21.005795349768846,100.0
4360,1,31.813860018994205,31.813860018994205,100.0
4360,2,47.180344631236956,47.180344631236956,100.0
4370,0,38.164499417774564,38.164499417774564,100.0
4370,1,9.857071116047553,9.857071116047553,100.0
4370,2,51.978429466177886,51.978429466177886,100.0
4380,0,51.3067868834847,51.3067868834847,100.0
4380,1,28.467652055050486,28.467652055050486,100.0
4380,2,20.225561061464813,20.225561061464813,100.0
4390,0,23.068676966355543,23.068676966355543,100.0
4390,1,21.481385696881706,21.481385696881706,100.0
4390,2,55.44993733676276,55.44993733676276,100.0
4400,0,76.82208257954353,76.82208257954353,100.0
4400,1,11.662240358196748,11.662240358196748,100.0
4400,2,11.51567706225971,11.51567706225971,100.0
4410,0,13.41688239793185,13.41688239793185,100.0
4410,1,12.845456702024446,12.845456702024446,100.0
4410,2,73.73766090004369,73.73766090004369,100.0
4420,0,16.55337376930461,16.55337376930461,100.0
4420,1,16.36265296874506,16.36265296874506,100.0
4420,2,67.08397326195033,67.08397326195033,100.0
4430,0,27.735111712052657,27.735111712052657,100.0
4430,1,16.178858768717667,16.178858768717667,100.0
4430,2,56.08602951922968,56.08602951922968,100.0
4440,0,13.064352911784708,13.064352911784708,100.0
4440,1,12.22387707042892,12.22387707042892,100.0
4440,2,74.71177001778638,74.71177001778638,100.0
4450,0,28.80846868600269,28.80846868600269,100.0
4450,1,21.925267531318585,21.925267531318585,100.0
4450,2,49.266263782678735,49.266263782678735,100.0
4460,0,21.78432761952985,21.78432761952985,100.0
4460,1,15.60970810967581,15.60970810967581,100.0
4460,2,62.605964270794345,62.605964270794345,100.0
4470,0,19.81534300511324,19.81534300511324,100.0
4470,1,17.866250634098897,17.866250634098897,100.0
4470,2,62.31840636078786,62.31840636078786,100.0
4480,0,23.078172637850212,23.078172637850212,100.0
4480,1,24.760659663266953,24.760659663266953,100.0
4480,2,52.161167698882835,52.161167698882835,100.0
4490,0,57.85345947821511,57.85345947821511,100.0
4490,1,29.440702479348147,29.440702479348147,100.0
4490,2,12.705838042436751,12.705838042436751,100.0
4500,0,29.29868471152104,29.29868471152104,100.0
4500,1,44.93218009133988,44.93218009133988,100.0
4500,2,25.769135197139086,25.769135197139086,100.0
4510,0,45.514359598182054,45.514359598182054,100.0
4510,1,10.723595442642509,10.723595442642509,100.0
4510,2,43.76204495917545,43.76204495917545,100.0
4520,0,29.076038131854652,29.076038131854652,100.0
4520,1,46.54278174464041,46.54278174464041,100.0
4520,2,24.381180123504944,24.381180123504944,100.0
4530,0,7.853632780047411,7.853632780047411,100.0
4530,1,37.36703371567569,37.36703371567569,100.0
4530,2,54.779333504276906,54.779333504276906,100.0
4540,0,24.840585155450025,24.840585155450025,100.0
4540,1,57.09457217297991,57.09457217297991,100.0
4540,2,18.064842671570077,18.064842671570077,100.0
4550,0,59.815273875581376,59.815273875581376,100.0
4550,1,22.010541916694834,22.010541916694834,100.0
4550,2,18.1741842077238,18.1741842077238,100.0
4560,0,16.798701637988696,16.798701637988696,100.0
4560,1,34.8322776696026,34.8322776696026,100.0
4560,2,48.36902069240871,48.36902069240871,100.0
4570,0,29.203604604710243,29.203604604710243,100.0
4570,1,57.4758659321958,57.4758659321958,100.0
4570,2,13.32052946309396,13.32052946309396,100.0
4580,0,43.488730666646404,43.488730666646404,100.0
4580,1,22.17658471782445,22.17658471782445,100.0
4580,2,34.33468461552915,34.33468461552915,100.0
4590,0,12.090742781708684,12.090742781708684,100.0
4590,1,11.728037067832497,11.728037067832497,100.0
4590,2,76.18122015045881,76.18122015045881,100.0
4600,0,36.796417334094926,36.796417334094926,100.0
4600,1,24.27675766325314,24.27675766325314,100.0
4600,2,38.92682500265193,38.92682500265193,100.0
4610,0,43.05148482968203,43.05148482968203,100.0
4610,1,24.72472980993408,24.72472980993408,100.0
4610,2,32.223785360383886,32.223785360383886,100.0
4620,0,55.19508419570995,55.19508419570995,100.0
4620,1,18.960342274877,18.960342274877,100.0
4620,2,25.844573529413058,25.844573529413058,100.0
4630,0,8.525760629770605,8.525760629770605,100.0
4630,1,42.29880908098112,42.29880908098112,100.0
4630,2,49.17543028924828,49.17543028924828,100.0
4640,0,30.793132658111777,30.793132658111777,100.0
4640,1,29.66760808060761,29.66760808060761,100.0
4640,2,39.53925926128062,39.53925926128062,100.0
4650,0,11.324408986262888,11.324408986262888,100.0
4650,1,11.48413208197687,11.48413208197687,100.0
4650,2,77.19145893176025,77.19145893176025,100.0
4660,0,49.8586103723492,49.8586103723492,100.0
4660,1,19.466052539588215,19.466052539588215,100.0
4660,2,30.675337088062587,30.675337088062587,100.0
4670,0,43.53066517499857,43.53066517499857,100.0
4670,1,26.560680407196834,26.560680407196834,100.0
4670,2,29.90865441780461,29.90865441780461,100.0
4680,0,32.10484606448018,32.10484606448018,100.0
4680,1,38.537925341653825,38.537925341653825,100.0
4680,2,29.357228593866004,29.357228593866004,100.0
4690,0,15.026218941078406,15.026218941078406,100.0
4690,1,44.075619066996815,44.075619066996815,100.0
4690,2,40.89816199192478,40.89816199192478,100.0
4700,0,31.659996901938005,31.659996901938005,100.0
4700,1,47.139301737464976,47.139301737464976,100.0
4700,2,21.200701360597023,21.200701360597023,100.0
4710,0,26.712242914848773,26.712242914848773,100.0
4710,1,12.119985094864234,12.119985094864234,100.0
4710,2,61.16777199028699,61.16777199028699,100.0
4720,0,47.45718725851768,47.45718725851768,100.0
4720,1,14.405146523152304,14.405146523152304,100.0
4720,2,38.137666218330004,38.137666218330004,100.0
4730,0,36.4275443398852,36.4275443398852,100.0
4730,1,16.52519287430909,16.52519287430909,100.0
4730,2,47.04726278580571,47.04726278580571,100.0
4740,0,19.492646555508255,19.492646555508255,100.0
4740,1,60.898706509613895,60.898706509613895,100.0
4740,2,19.608646934877846,19.608646934877846,100.0
4750,0,56.39022594997477,56.39022594997477,100.0
4750,1,20.340725684823127,20.340725684823127,100.0
4750,2,23.2690483652021,23.2690483652021,100.0
4760,0,25.66501111938236,25.66501111938236,100.0
4760,1,16.621812963816797,16.621812963816797,100.0
4760,2,57.71317591680084,57.71317591680084,100.0
4770,0,10.869073015843336,10.869073015843336,100.0
4770,1,16.707296644265142,16.707296644265142,100.0
4770,2,72.42363033989152,72.42363033989152,100.0
4780,0,52.782794568936495,52.782794568936495,100.0
4780,1,21.947388244571925,21.947388244571925,100.0
4780,2,25.269817186491583,25.269817186491583,100.0
4790,0,23.29400359275721,23.29400359275721,100.0
4790,1,51.000369037018004,51.000369037018004,100.0
4790,2,25.705627370224793,25.705627370224793,100.0
4800,0,33.99951977018667,33.99951977018667,100.0
4800,1,12.14214236069449,12.14214236069449,100.0
4800,2,53.85833786911884,53.85833786911884,100.0
4810,0,41.126301946123476,41.126301946123476,100.0
4810,1,9.672621141038707,9.672621141038707,100.0
4810,2,49.20107691283781,49.20107691283781,100.0
4820,0,9.372801023361525,9.372801023361525,100.0
4820,1,51.93932584337509,51.93932584337509,100.0
4820,2,38.68787313326339,38.68787313326339,100.0
4830,0,40.26532042461204,40.26532042461204,100.0
4830,1,8.585374205355727,8.585374205355727,100.0
4830,2,51.14930537003224,51.14930537003224,100.0
4840,0,38.66324568347332,38.66324568347332,100.0
4840,1,45.02053567025307,45.02053567025307,100.0
4840,2,16.316218646273605,16.316218646273605,100.0
4850,0,44.137218947165,44.137218947165,100.0
4850,1,31.051095266640903,31.051095266640903,100.0
4850,2,24.811685786194094,24.811685786194094,100.0
4860,0,21.946153293795735,21.946153293795735,100.0
4860,1,16.149709258789215,16.149709258789215,100.0
4860,2,61.90413744741505,61.90413744741505,100.0
4870,0,39.94320640671029,39.94320640671029,100.0
4870,1,16.24020332356538,16.24020332356538,100.0
4870,2,43.81659026972434,43.81659026972434,100.0
4880,0,13.240611456123371,13.240611456123371,100.0
4880,1,45.48554246994372,45.48554246994372,100.0
4880,2,41.27384607393291,41.27384607393291,100.0
4890,0,11.13589995507362,11.13589995507362,100.0
4890,1,12.142850590682242,12.142850590682242,100.0
4890,2,76.72124945424413,76.72124945424413,100.0
4900,0,14.235479530970538,14.235479530970538,100.0
4900,1,69.37223814864694,69.37223814864694,100.0
4900,2,16.392282320382527,16.392282320382527,100.0
4910,0,23.814607910839168,23.814607910839168,100.0
4910,1,14.77802719165942,14.77802719165942,100.0
4910,2,61.4073648975014,61.4073648975014,100.0
4920,0,8.344676966284165,8.344676966284165,100.0
4920,1,43.746794211032594,43.746794211032594,100.0
4920,2,47.90852882268323,47.90852882268323,100.0
4930,0,13.837471113551192,13.837471113551192,100.0
4930,1,46.30309988573917,46.30309988573917,100.0
4930,2,39.85942900070964,39.85942900070964,100.0
4940,0,26.24618589562993,26.24618589562993,100.0
4940,1,31.746478646591353,31.746478646591353,100.0
4940,2,42.00733545777873,42.00733545777873,100.0
4950,0,13.114699907292449,13.114699907292449,100.0
4950,1,13.08771850462778,13.08771850462778,100.0
4950,2,73.79758158807978,73.79758158807978,100.0
4960,0,17.586278783712547,17.586278783712547,100.0
4960,1,36.24330891449853,36.24330891449853,100.0
4960,2,46.17041230178893,46.17041230178893,100.0
4970,0,52.75071874419505,52.75071874419505,100.0
4970,1,10.626737743266691,10.626737743266691,100.0
4970,2,36.622543512538265,36.622543512538265,100.0
4980,0,41.472401127120946,41.472401127120946,100.0
4980,1,23.79657488100636,23.79657488100636,100.0
4980,2,34.731023991872696,34.731023991872696,100.0
4990,0,58.55298671170185,58.55298671170185,100.0
4990,1,15.613284970984553,15.613284970984553,100.0
4990,2,25.833728317313604,25.833728317313604,100.0
5000,0,16.91873996620267,16.91873996620267,100.0
5000,1,65.28703559582736,65.28703559582736,100.0
5000,2,17.794224437969973,17.794224437969973,100.0
5010,0,23.520044796660812,23.520044796660812,100.0
5010,1,19.186943961889664,19.186943961889664,100.0
5010,2,57.293011241449534,57.293011241449534,100.0
5020,0,33.9861965381196,33.9861965381196,100.0
5020,1,23.553961245726303,23.553961245726303,100.0
5020,2,42.4598422161541,42.4598422161541,100.0
5030,0,39.825900161265245,39.825900161265245,100.0
5030,1,45.78253751513091,45.78253751513091,100.0
5030,2,14.391562323603848,14.391562323603848,100.0
5040,0,50.08501377657786,50.08501377657786,100.0
5040,1,20.597689653775635,20.597689653775635,100.0
5040,2,29.317296569646505,29.317296569646505,100.0
5050,0,49.07556584000442,49.07556584000442,100.0
5050,1,30.147909941148825,30.147909941148825,100.0
5050,2,20.77652421884676,20.77652421884676,100.0
5060,0,13.793118414545122,13.793118414545122,100.0
5060,1,40.74281029355135,40.74281029355135,100.0
5060,2,45.46407129190354,45.46407129190354,100.0
5070,0,24.654562348635043,24.654562348635043,100.0
5070,1,14.821729114777135,14.821729114777135,100.0
5070,2,60.523708536587826,60.523708536587826,100.0
5080,0,26.499968939826395,26.499968939826395,100.0
5080,1,33.874550293181045,33.874550293181045,100.0
5080,2,39.62548076699256,39.62548076699256,100.0
5090,0,63.20598606685063,63.20598606685063,100.0
5090,1,21.319741093410055,21.319741093410055,100.0
5090,2,15.474272839739317,15.474272839739317,100.0
5100,0,17.262813534091887,17.262813534091887,100.0
5100,1,45.98376168016059,45.98376168016059,100.0
5100,2,36.75342478574753,36.75342478574753,100.0
5110,0,27.311945562772046,27.311945562772046,100.0
5110,1,48.18400870685123,48.18400870685123,100.0
5110,2,24.504045730376728,24.504045730376728,100.0
5120,0,25.84916167708517,25.84916167708517,100.0
5120,1,53.60236480288974,53.60236480288974,100.0
5120,2,20.548473520025095,20.548473520025095,100.0
5130,0,21.922266669662662,21.922266669662662,100.0
5130,1,10.873861947653566,10.873861947653566,100.0
5130,2,67.20387138268377,67.20387138268377,100.0
5140,0,31.913899960985336,31.913899960985336,100.0
5140,1,12.654128855930669,12.654128855930669,100.0
5140,2,55.431971183083995,55.431971183083995,100.0
5150,0,63.67744033086393,63.67744033086393,100.0
5150,1,19.106420898573102,19.106420898573102,100.0
5150,2,17.216138770562964,17.216138770562964,100.0
5160,0,62.048875677861034,62.048875677861034,100.0
5160,1,18.292216460156126,18.292216460156126,100.0
5160,2,19.658907861982833,19.658907861982833,100.0
5170,0,10.32715831045088,10.32715831045088,100.0
5170,1,29.188155772600332,29.188155772600332,100.0
5170,2,60.48468591694879,60.48468591694879,100.0
5180,0,13.902852734082217,13.902852734082217,100.0
5180,1,10.782914744789242,10.782914744789242,100.0
5180,2,75.31423252112855,75.31423252112855,100.0
5190,0,14.073039771490029,14.073039771490029,100.0
5190,1,14.849591672019255,14.849591672019255,100.0
5190,2,71.07736855649071,71.07736855649071,100.0
5200,0,60.6392939014778,60.6392939014778,100.0
5200,1,17.516588775711195,17.516588775711195,100.0
5200,2,21.844117322811,21.844117322811,100.0
5210,0,54.5341952062788,54.5341952062788,100.0
5210,1,12.173990347742606,12.173990347742606,100.0
5210,2,33.29181444597859,33.29181444597859,100.0
5220,0,41.238597218385195,41.238597218385195,100.0
5220,1,42.56374311363863,42.56374311363863,100.0
5220,2,16.197659667976176,16.197659667976176,100.0
5230,0,23.160786211551738,23.160786211551738,100.0
5230,1,25.077536740748513,25.077536740748513,100.0
5230,2,51.76167704769976,51.76167704769976,100.0
5240,0,39.1528496351387,39.1528496351387,100.0
5240,1,38.00177114978906,38.00177114978906,100.0
5240,2,22.845379215072235,22.845379215072235,100.0
5250,0,11.28251148403228,11.28251148403228,100.0
5250,1,11.658716156134945,11.658716156134945,100.0
5250,2,77.05877235983277,77.05877235983277,100.0
5260,0,68.76414180442674,68.76414180442674,100.0
5260,1,13.10048226164271,13.10048226164271,100.0
5260,2,18.135375933930547,18.135375933930547,100.0
5270,0,50.262120621661055,50.262120621661055,100.0
5270,1,16.638371564441993,16.638371564441993,100.0
5270,2,33.09950781389696,33.09950781389696,100.0
5280,0,16.26418449060059,16.26418449060059,100.0
5280,1,39.58889205575542,39.58889205575542,100.0
5280,2,44.14692345364398,44.14692345364398,100.0
5290,0,36.0842574470572,36.0842574470572,100.0
5290,1,10.916864981458827,10.916864981458827,100.0
5290,2,52.99887757148398,52.99887757148398,100.0
5300,0,35.8281187213097,35.8281187213097,100.0
5300,1,28.33829947490053,28.33829947490053,100.0
5300,2,35.83358180378977,35.83358180378977,100.0
5310,0,10.909305105637102,10.909305105637102,100.0
5310,1,12.963578547927746,12.963578547927746,100.0
5310,2,76.12711634643516,76.12711634643516,100.0
5320,0,43.13065998396051,43.13065998396051,100.0
5320,1,30.344303440405756,30.344303440405756,100.0
5320,2,26.525036575633727,26.525036575633727,100.0
5330,0,27.938999561196326,27.938999561196326,100.0
5330,1,24.48177985263087,24.48177985263087,100.0
5330,2,47.5792205861728,47.5792205861728,100.0
5340,0,26.360258940842336,26.360258940842336,100.0
5340,1,34.155123732887844,34.155123732887844,100.0
5340,2,39.48461732626981,39.48461732626981,100.0
5350,0,68.84846459837728,68.84846459837728,100.0
5350,1,10.621240449490088,10.621240449490088,100.0
5350,2,20.530294952132635,20.530294952132635,100.0
5360,0,29.255657081842827,29.255657081842827,100.0
5360,1,49.218774644276245,49.218774644276245,100.0
5360,2,21.52556827388094,21.52556827388094,100.0
5370,0,11.960138147232456,11.960138147232456,100.0
5370,1,14.324712997050135,14.324712997050135,100.0
5370,2,73.7151488557174,73.7151488557174,100.0
5380,0,43.86240416851359,43.86240416851359,100.0
5380,1,13.671391574159767,13.671391574159767,100.0
5380,2,42.46620425732664,42.46620425732664,100.0
5390,0,53.79421123513025,53.79421123513025,100.0
5390,1,19.25207018798148,19.25207018798148,100.0
5390,2,26.95371857688827,26.95371857688827,100.0
5400,0,25.150918968206597,25.150918968206597,100.0
5400,1,27.472445414419113,27.472445414419113,100.0
5400,2,47.376635617374305,47.376635617374305,100.0
5410,0,16.088492787429733,16.088492787429733,100.0
5410,1,20.57903617420802,20.57903617420802,100.0
5410,2,63.33247103836225,63.33247103836225,100.0
5420,0,39.469551214725115,39.469551214725115,100.0
5420,1,16.2011174606775,16.2011174606775,100.0
5420,2,44.32933132459739,44.32933132459739,100.0
5430,0,16.29358900767468,16.29358900767468,100.0
5430,1,24.662364127122856,24.662364127122856,100.0
5430,2,59.04404686520247,59.04404686520247,100.0
5440,0,14.913594727833482,14.913594727833482,100.0
5440,1,52.31572068897128,52.31572068897128,100.0
5440,2,32.77068458319525,32.77068458319525,100.0
5450,0,66.22279870119054,66.22279870119054,100.0
5450,1,17.732940912181093,17.732940912181093,100.0
5450,2,16.044260386628366,16.044260386628366,100.0
5460,0,26.456628552951788,26.456628552951788,100.0
5460,1,57.24950753403129,57.24950753403129,100.0
5460,2,16.29386391301692,16.29386391301692,100.0
5470,0,13.03356143841778,13.03356143841778,100.0
5470,1,28.76091887617349,28.76091887617349,100.0
5470,2,58.20551968540874,58.20551968540874,100.0
5480,0,47.700281788834445,47.700281788834445,100.0
5480,1,37.2636503144269,37.2636503144269,100.0
5480,2,15.036067896738656,15.036067896738656,100.0
5490,0,15.223182914231215,15.223182914231215,100.0
5490,1,16.751083092258227,16.751083092258227,100.0
5490,2,68.02573399351056,68.02573399351056,100.0
5500,0,31.517873846803774,31.517873846803774,100.0
5500,1,60.11368569120167,60.11368569120167,100.0
5500,2,8.36844046199456,8.36844046199456,100.0
5510,0,38.68262398459178,38.68262398459178,100.0
5510,1,50.462275139017464,50.462275139017464,100.0
5510,2,10.85510087639075,10.85510087639075,100.0
5520,0,36.96128692558518,36.96128692558518,100.0
5520,1,25.136232271751535,25.136232271751535,100.0
5520,2,37.90248080266328,37.90248080266328,100.0
5530,0,42.93108148499768,42.93108148499768,100.0
5530,1,27.381484817103573,27.381484817103573,100.0
5530,2,29.687433697898758,29.687433697898758,100.0
5540,0,21.71605766403473,21.71605766403473,100.0
5540,1,33.901483842208805,33.901483842208805,100.0
5540,2,44.382458493756474,44.382458493756474,100.0
5550,0,16.298603931231423,16.298603931231423,100.0
5550,1,16.37934611064426,16.37934611064426,100.0
5550,2,67.32204995812432,67.32204995812432,100.0
5560,0,10.011064680155199,10.011064680155199,100.0
5560,1,48.69249773256152,48.69249773256152,100.0
5560,2,41.29643758728329,41.29643758728329,100.0
5570,0,37.93107405385048,37.93107405385048,100.0
5570,1,40.565118786815475,40.565118786815475,100.0
5570,2,21.503807159334055,21.503807159334055,100.0
5580,0,11.389908079490683,11.389908079490683,100.0
5580,1,37.70192985628456,37.70192985628456,100.0
5580,2,50.90816206422476,50.90816206422476,100.0
5590,0,18.1696007906676,18.1696007906676,100.0
5590,1,44.37708488733426,44.37708488733426,100.0
5590,2,37.453314321998135,37.453314321998135,100.0
5600,0,32.822554224339974,32.822554224339974,100.0
5600,1,54.57966479030656,54.57966479030656,100.0
5600,2,12.597780985353484,12.597780985353484,100.0
5610,0,16.64264737541285,16.64264737541285,100.0
5610,1,13.973051376418633,13.973051376418633,100.0
5610,2,69.38430124816853,69.38430124816853,100.0
5620,0,36.60104366395331,36.60104366395331,100.0
5620,1,18.0709934471178,18.0709934471178,100.0
5620,2,45.327962888928894,45.327962888928894,100.0
5630,0,20.29798169122264,20.29798169122264,100.0
5630,1,16.737602645423046,16.737602645423046,100.0
5630,2,62.96441566335431,62.96441566335431,100.0
5640,0,30.12875958252499,30.12875958252499,100.0
5640,1,33.19102464867159,33.19102464867159,100.0
5640,2,36.68021576880341,36.68021576880341,100.0
5650,0,37.53440367582389,37.53440367582389,100.0
5650,1,29.20731138935172,29.20731138935172,100.0
5650,2,33.25828493482439,33.25828493482439,100.0
5660,0,58.290059816260694,58.290059816260694,100.0
5660,1,19.49667104577662,19.49667104577662,100.0
5660,2,22.213269137962683,22.213269137962683,100.0
5670,0,17.989059537317676,17.989059537317676,100.0
5670,1,17.49659314550626,17.49659314550626,100.0
5670,2,64.51434731717607,64.51434731717607,100.0
5680,0,13.515042832346813,13.515042832346813,100.0
5680,1,23.091042019984663,23.091042019984663,100.0
5680,2,63.39391514766854,63.39391514766854,100.0
5690,0,46.51444056953268,46.51444056953268,100.0
5690,1,30.304714113158894,30.304714113158894,100.0
5690,2,23.18084531730844,23.18084531730844,100.0
5700,0,27.540994619460175,27.540994619460175,100.0
5700,1,22.90990563152141,22.90990563152141,100.0
5700,2,49.549099749018424,49.549099749018424,100.0
5710,0,10.016117756217833,10.016117756217833,100.0
5710,1,37.524506882153055,37.524506882153055,100.0
5710,2,52.45937536162912,52.45937536162912,100.0
5720,0,39.558123705404846,39.558123705404846,100.0
5720,1,33.036982011806195,33.036982011806195,100.0
5720,2,27.404894282788955,27.404894282788955,100.0
5730,0,15.568305576235472,15.568305576235472,100.0
5730,1,11.7343530831993,11.7343530831993,100.0
5730,2,72.69734134056523,72.69734134056523,100.0
5740,0,46.82233458256117,46.82233458256117,100.0
5740,1,13.261513708695787,13.261513708695787,100.0
5740,2,39.916151708743044,39.916151708743044,100.0
5750,0,29.930906322065404,29.930906322065404,100.0
5750,1,30.204171966593798,30.204171966593798,100.0
5750,2,39.8649217113408,39.8649217113408,100.0
5760,0,26.959116342929445,26.959116342929445,100.0
5760,1,44.84502175830312,44.84502175830312,100.0
5760,2,28.19586189876745,28.19586189876745,100.0
5770,0,20.898798715942625,20.898798715942625,100.0
5770,1,27.579018323762504,27.579018323762504,100.0
5770,2,51.52218296029487,51.52218296029487,100.0
5780,0,38.08251597787898,38.08251597787898,100.0
5780,1,13.72901716068989,13.72901716068989,100.0
5780,2,48.18846686143114,48.18846686143114,100.0
5790,0,13.828173688418484,13.828173688418484,100.0
5790,1,15.08877340122784,15.08877340122784,100.0
5790,2,71.08305291035369,71.08305291035369,100.0
5800,0,25.910619679963126,25.910619679963126,100.0
5800,1,27.790568851227288,27.790568851227288,100.0
5800,2,46.29881146880959,46.29881146880959,100.0
5810,0,43.76972634086668,43.76972634086668,100.0
5810,1,39.77067562162785,39.77067562162785,100.0
5810,2,16.459598037505472,16.459598037505472,100.0
5820,0,37.74722644750374,37.74722644750374,100.0
5820,1,47.78835747491881,47.78835747491881,100.0
5820,2,14.46441607757745,14.46441607757745,100.0
5830,0,28.23600569384417,28.23600569384417,100.0
5830,1,58.42553054415337,58.42553054415337,100.0
5830,2,13.338463762002467,13.338463762002467,100.0
5840,0,11.300754122413988,11.300754122413988,100.0
5840,1,51.419479866221394,51.419479866221394,100.0
5840,2,37.279766011364615,37.279766011364615,100.0
5850,0,12.136691768589348,12.136691768589348,100.0
5850,1,12.635594053236627,12.635594053236627,100.0
5850,2,75.22771417817403,75.22771417817403,100.0
5860,0,17.587586840034312,17.587586840034312,100.0
5860,1,28.375421109631667,28.375421109631667,100.0
5860,2,54.03699205033402,54.03699205033402,100.0
5870,0,19.434840459048157,19.434840459048157,100.0
5870,1,66.79664263475395,66.79664263475395,100.0
5870,2,13.768516906197906,13.768516906197906,100.0
5880,0,16.22556863130742,16.22556863130742,100.0
5880,1,42.25562018852587,42.25562018852587,100.0
5880,2,41.518811180166715,41.518811180166715,100.0
5890,0,26.003644757681005,26.003644757681005,100.0
5890,1,10.741170895384158,10.741170895384158,100.0
5890,2,63.25518434693483,63.25518434693483,100.0
5900,0,27.782635932518485,27.782635932518485,100.0
5900,1,32.74256643927871,32.74256643927871,100.0
5900,2,39.474797628202815,39.474797628202815,100.0
5910,0,13.371437445508654,13.371437445508654,100.0
5910,1,13.174736539612422,13.174736539612422,100.0
5910,2,73.45382601487891,73.45382601487891,100.0
5920,0,29.588156476893467,29.588156476893467,100.0
5920,1,59.29781063865457,59.29781063865457,100.0
5920,2,11.114032884451968,11.114032884451968,100.0
5930,0,45.87040784258724,45.87040784258724,100.0
5930,1,27.305878213071207,27.305878213071207,100.0
5930,2,26.82371394434156,26.82371394434156,100.0
5940,0,29.808333545511907,29.808333545511907,100.0
5940,1,28.701336037825005,28.701336037825005,100.0
5940,2,41.49033041666309,41.49033041666309,100.0
5950,0,60.34617527392723,60.34617527392723,100.0
5950,1,29.553489260609567,29.553489260609567,100.0
5950,2,10.100335465463207,10.100335465463207,100.0
5960,0,13.611644683640717,13.611644683640717,100.0
5960,1,22.303571599041742,22.303571599041742,100.0
5960,2,64.08478371731755,64.08478371731755,100.0
5970,0,11.732675758710396,11.732675758710396,100.0
5970,1,12.825399814686278,12.825399814686278,100.0
5970,2,75.44192442660332,75.44192442660332,100.0
5980,0,33.738046618656625,33.738046618656625,100.0
5980,1,13.38784819243313,13.38784819243313,100.0
5980,2,52.87410518891025,52.87410518891025,100.0
5990,0,19.28263210145183,19.28263210145183,100.0
5990,1,59.8986285400991,59.8986285400991,100.0
5990,2,20.818739358449072,20.818739358449072,100.0
6000,0,38.679374346293855,38.679374346293855,100.0
6000,1,35.453027166891644,35.453027166891644,100.0
6000,2,25.867598486814497,25.867598486814497,100.0
6010,0,11.062014570103756,11.062014570103756,100.0
6010,1,46.13699083282192,46.13699083282192,100.0
6010,2,42.80099459707433,42.80099459707433,100.0
6020,0,15.032769228783582,15.032769228783582,100.0
6020,1,30.06935671071424,30.06935671071424,100.0
6020,2,54.89787406050218,54.89787406050218,100.0
6030,0,22.02495573454513,22.02495573454513,100.0
6030,1,21.910892382124814,21.910892382124814,100.0
6030,2,56.06415188333006,56.06415188333006,100.0
6040,0,8.047822634661742,8.047822634661742,100.0
6040,1,52.08105563651731,52.08105563651731,100.0
6040,2,39.871121728820945,39.871121728820945,100.0
6050,0,32.98173123154254,32.98173123154254,100.0
6050,1,44.49727932233249,44.49727932233249,100.0
6050,2,22.520989446124958,22.520989446124958,100.0
6060,0,34.94674276595355,34.94674276595355,100.0
6060,1,33.34895912779154,33.34895912779154,100.0
6060,2,31.704298106254914,31.704298106254914,100.0
6070,0,55.13137950745669,55.13137950745669,100.0
6070,1,12.240056269582674,12.240056269582674,100.0
6070,2,32.62856422296065,32.62856422296065,100.0
6080,0,20.483923347132258,20.483923347132258,100.0
6080,1,67.23299679082066,67.23299679082066,100.0
6080,2,12.28307986204708,12.28307986204708,100.0
6090,0,18.417240423016107,18.417240423016107,100.0
6090,1,17.714789464970877,17.714789464970877,100.0
6090,2,63.86797011201302,63.86797011201302,100.0
6100,0,51.242161590067056,51.242161590067056,100.0
6100,1,24.140041366068196,24.140041366068196,100.0
6100,2,24.617797043864744,24.617797043864744,100.0
6110,0,24.400195527688005,24.400195527688005,100.0
6110,1,28.333038821067863,28.333038821067863,100.0
6110,2,47.266765651244135,47.266765651244135,100.0
6120,0,41.7205341024921,41.7205341024921,100.0
6120,1,25.390302841599404,25.390302841599404,100.0
6120,2,32.88916305590851,32.88916305590851,100.0
6130,0,33.221166109079384,33.221166109079384,100.0
6130,1,15.847680720094345,15.847680720094345,100.0
6130,2,50.93115317082627,50.93115317082627,100.0
6140,0,41.33156315565474,41.33156315565474,100.0
6140,1,18.075061055502797,18.075061055502797,100.0
6140,2,40.59337578884246,40.59337578884246,100.0
6150,0,11.052181088594981,11.052181088594981,100.0
6150,1,16.917311671493486,16.917311671493486,100.0
6150,2,72.03050723991153,72.03050723991153,100.0
6160,0,15.994614694367753,15.994614694367753,100.0
6160,1,41.9196128952882,41.9196128952882,100.0
6160,2,42.08577241034404,42.08577241034404,100.0
6170,0,33.02346713094347,33.02346713094347,100.0
6170,1,27.198835012006604,27.198835012006604,100.0
6170,2,39.77769785704993,39.77769785704993,100.0
6180,0,18.178058044389868,18.178058044389868,100.0
6180,1,32.97990108679274,32.97990108679274,100.0
6180,2,48.8420408688174,48.8420408688174,100.0
6190,0,66.06509423511555,66.06509423511555,100.0
6190,1,13.730580957999724,13.730580957999724,100.0
6190,2,20.204324806884717,20.204324806884717,100.0
6200,0,48.68172285447296,48.68172285447296,100.0
6200,1,41.94819214625321,41.94819214625321,100.0
6200,2,9.370084999273839,9.370084999273839,100.0
6210,0,16.16637223718811,16.16637223718811,100.0
6210,1,15.652870864659315,15.652870864659315,100.0
6210,2,68.18075689815258,68.18075689815258,100.0
6220,0,20.925980186285422,20.925980186285422,100.0
6220,1,28.058880296992108,28.058880296992108,100.0
6220,2,51.01513951672247,51.01513951672247,100.0
6230,0,25.362450757648997,25.362450757648997,100.0
6230,1,36.81072934689383,36.81072934689383,100.0
6230,2,37.82681989545717,37.82681989545717,100.0
6240,0,24.239781325711533,24.239781325711533,100.0
6240,1,30.59666788213625,30.59666788213625,100.0
6240,2,45.16355079215222,45.16355079215222,100.0
6250,0,38.034524344419374,38.034524344419374,100.0
6250,1,28.212239884453318,28.212239884453318,100.0
6250,2,33.75323577112731,33.75323577112731,100.0
6260,0,74.00048396472991,74.00048396472991,100.0
6260,1,13.311845896802657,13.311845896802657,100.0
6260,2,12.68767013846743,12.68767013846743,100.0
6270,0,15.471110151132041,15.471110151132041,100.0
6270,1,12.306161818646975,12.306161818646975,100.0
6270,2,72.22272803022098,72.22272803022098,100.0
6280,0,53.78106170074096,53.78106170074096,100.0
6280,1,22.29377250765637,22.29377250765637,100.0
6280,2,23.92516579160268,23.92516579160268,100.0
6290,0,41.940287304296355,41.940287304296355,100.0
6290,1,18.449174433463593,18.449174433463593,100.0
6290,2,39.61053826224004,39.61053826224004,100.0
6300,0,12.596396864921338,12.596396864921338,100.0
6300,1,37.69665470516749,37.69665470516749,100.0
6300,2,49.706948429911165,49.706948429911165,100.0
6310,0,37.37099042567227,37.37099042567227,100.0
6310,1,27.939001140654813,27.939001140654813,100.0
6310,2,34.690008433672915,34.690008433672915,100.0
6320,0,44.376921619025254,44.376921619025254,100.0
6320,1,23.607468088442907,23.607468088442907,100.0
6320,2,32.01561029253184,32.01561029253184,100.0
6330,0,11.296115665135126,11.296115665135126,100.0
6330,1,14.138566690707766,14.138566690707766,100.0
6330,2,74.56531764415712,74.56531764415712,100.0
6340,0,40.230408877173765,40.230408877173765,100.0
6340,1,15.646906110268668,15.646906110268668,100.0
6340,2,44.122685012557575,44.122685012557575,100.0
6350,0,31.27145837297177,31.27145837297177,100.0
6350,1,21.53134900837706,21.53134900837706,100.0
6350,2,47.19719261865117,47.19719261865117,100.0
6360,0,29.05788292477121,29.05788292477121,100.0
6360,1,36.13899585167416,36.13899585167416,100.0
6360,2,34.80312122355463,34.80312122355463,100.0
6370,0,28.228344192640943,28.228344192640943,100.0
6370,1,52.10301868138046,52.10301868138046,100.0
6370,2,19.668637125978588,19.668637125978588,100.0
6380,0,40.349504845491,40.349504845491,100.0
6380,1,26.55996852249028,26.55996852249028,100.0
6380,2,33.09052663201872,33.09052663201872,100.0
6390,0,10.87398168131698,10.87398168131698,100.0
6390,1,10.970515770457933,10.970515770457933,100.0
6390,2,78.15550254822509,78.15550254822509,100.0
6400,0,16.896515353227066,16.896515353227066,100.0
6400,1,39.95409918652284,39.95409918652284,100.0
6400,2,43.14938546025008,43.14938546025008,100.0
6410,0,51.899304192033426,51.899304192033426,100.0
6410,1,14.486033221269349,14.486033221269349,100.0
6410,2,33.61466258669723,33.61466258669723,100.0
6420,0,36.094918439846964,36.094918439846964,100.0
6420,1,25.830548509967866,25.830548509967866,100.0
6420,2,38.07453305018518,38.07453305018518,100.0
6430,0,27.33439444920555,27.33439444920555,100.0
6430,1,39.017003902187334,39.017003902187334,100.0
6430,2,33.64860164860712,33.64860164860712,100.0
6440,0,28.224976323386443,28.224976323386443,100.0
6440,1,26.653138133213755,26.653138133213755,100.0
6440,2,45.12188554339979,45.12188554339979,100.0
6450,0,13.065571051004902,13.065571051004902,100.0
6450,1,12.044144433608608,12.044144433608608,100.0
6450,2,74.8902845153865,74.8902845153865,100.0
6460,0,26.73147264332026,26.73147264332026,100.0
6460,1,47.56643015327641,47.56643015327641,100.0
6460,2,25.70209720340334,25.70209720340334,100.0
6470,0,15.863072763732674,15.863072763732674,100.0
6470,1,44.22907946750988,44.22907946750988,100.0
6470,2,39.90784776875746,39.90784776875746,100.0
6480,0,39.18213617853571,39.18213617853571,100.0
6480,1,26.52455618514349,26.52455618514349,100.0
6480,2,34.293307636320804,34.293307636320804,100.0
6490,0,47.40085134042886,47.40085134042886,100.0
6490,1,19.815778274087144,19.815778274087144,100.0
6490,2,32.783370385484,32.783370385484,100.0
6500,0,18.68394174488821,18.68394174488821,100.0
6500,1,68.32306572966901,68.32306572966901,100.0
6500,2,12.992992525442782,12.992992525442782,100.0
6510,0,10.496951748182228,10.496951748182228,100.0
6510,1,25.176785783940854,25.176785783940854,100.0
6510,2,64.32626246787692,64.32626246787692,100.0
6520,0,23.3468215433833,23.3468215433833,100.0
6520,1,17.380467155701204,17.380467155701204,100.0
6520,2,59.27271130091549,59.27271130091549,100.0
6530,0,26.634244669226266,26.634244669226266,100.0
6530,1,44.51700963469511,44.51700963469511,100.0
6530,2,28.848745696078637,28.848745696078637,100.0
6540,0,18.1439787031568,18.1439787031568,100.0
6540,1,67.27578294543532,67.27578294543532,100.0
6540,2,14.580238351407864,14.580238351407864,100.0
6550,0,47.91136726458349,47.91136726458349,100.0
6550,1,19.366436852974026,19.366436852974026,100.0
6550,2,32.72219588244249,32.72219588244249,100.0
6560,0,31.677271916855137,31.677271916855137,100.0
6560,1,46.06148250001149,46.06148250001149,100.0
6560,2,22.261245583133377,22.261245583133377,100.0
6570,0,14.277394473646906,14.277394473646906,100.0
6570,1,11.750433775353201,11.750433775353201,100.0
6570,2,73.97217175099989,73.97217175099989,100.0
6580,0,14.56415631224261,14.56415631224261,100.0
6580,1,60.71434158247415,60.71434158247415,100.0
6580,2,24.721502105283232,24.721502105283232,100.0
6590,0,37.895698477904496,37.895698477904496,100.0
6590,1,33.82394919493597,33.82394919493597,100.0
6590,2,28.280352327159548,28.280352327159548,100.0
6600,0,22.42639755616019,22.42639755616019,100.0
6600,1,58.90487039275091,58.90487039275091,100.0
6600,2,18.668732051088906,18.668732051088906,100.0
6610,0,34.77064992789002,34.77064992789002,100.0
6610,1,37.94257789571347,37.94257789571347,100.0
6610,2,27.286772176396518,27.286772176396518,100.0
6620,0,20.80093855327306,20.80093855327306,100.0
6620,1,19.902517595125747,19.902517595125747,100.0
6620,2,59.29654385160119,59.29654385160119,100.0
6630,0,13.453146737593125,13.453146737593125,100.0
6630,1,15.648467345873568,15.648467345873568,100.0
6630,2,70.8983859165333,70.8983859165333,100.0
6640,0,34.524599568897806,34.524599568897806,100.0
6640,1,48.09849091295891,48.09849091295891,100.0
6640,2,17.376909518143282,17.376909518143282,100.0
6650,0,11.961362403716013,11.961362403716013,100.0
6650,1,58.10355804442796,58.10355804442796,100.0
6650,2,29.93507955185602,29.93507955185602,100.0
6660,0,31.299312581864967,31.299312581864967,100.0
6660,1,29.350879432444653,29.350879432444653,100.0
6660,2,39.349807985690376,39.349807985690376,100.0
6670,0,29.906120982436356,29.906120982436356,100.0
6670,1,23.790696180517887,23.790696180517887,100.0
6670,2,46.30318283704575,46.30318283704575,100.0
6680,0,15.566255512307789,15.566255512307789,100.0
6680,1,50.12817119986824,50.12817119986824,100.0
6680,2,34.30557328782396,34.30557328782396,100.0
6690,0,28.211515204099474,28.211515204099474,100.0
6690,1,12.15204895252937,12.15204895252937,100.0
6690,2,59.63643584337116,59.63643584337116,100.0
6700,0,29.253828038000325,29.253828038000325,100.0
6700,1,37.164671209128194,37.164671209128194,100.0
6700,2,33.58150075287148,33.58150075287148,100.0
6710,0,24.52268700066489,24.52268700066489,100.0
6710,1,38.1745414407648,38.1745414407648,100.0
6710,2,37.302771558570306,37.302771558570306,100.0
6720,0,21.825658973798554,21.825658973798554,100.0
6720,1,54.406668483018514,54.406668483018514,100.0
6720,2,23.76767254318294,23.76767254318294,100.0
6730,0,15.172965558210889,15.172965558210889,100.0
6730,1,48.339653477135954,48.339653477135954,100.0
6730,2,36.48738096465316,36.48738096465316,100.0
6740,0,42.229598938928255,42.229598938928255,100.0
6740,1,43.2732692703523,43.2732692703523,100.0
6740,2,14.497131790719441,14.497131790719441,100.0
6750,0,12.938822809040044,12.938822809040044,100.0
6750,1,11.898594143493023,11.898594143493023,100.0
6750,2,75.16258304746694,75.16258304746694,100.0
6760,0,41.06447334989885,41.06447334989885,100.0
6760,1,49.33107933377374,49.33107933377374,100.0
6760,2,9.604447316327413,9.604447316327413,100.0
6770,0,41.488848601415356,41.488848601415356,100.0
6770,1,19.01120286458135,19.01120286458135,100.0
6770,2,39.499948534003295,39.499948534003295,100.0
6780,0,11.403150682383133,11.403150682383133,100.0
6780,1,61.14250859997564,61.14250859997564,100.0
6780,2,27.454340717641223,27.454340717641223,100.0
6790,0,38.53451145123457,38.53451145123457,100.0
6790,1,50.539363798488836,50.539363798488836,100.0
6790,2,10.926124750276585,10.926124750276585,100.0
6800,0,40.05107858658936,40.05107858658936,100.0
6800,1,29.682426839036776,29.682426839036776,100.0
6800,2,30.26649457437387,30.26649457437387,100.0
6810,0,13.456132030510712,13.456132030510712,100.0
6810,1,17.85262992012543,17.85262992012543,100.0
6810,2,68.69123804936386,68.69123804936386,100.0
6820,0,14.129256391257726,14.129256391257726,100.0
6820,1,38.69520318455074,38.69520318455074,100.0
6820,2,47.175540424191524,47.175540424191524,100.0
6830,0,26.3374312340621,26.3374312340621,100.0
6830,1,24.35710831873769,24.35710831873769,100.0
6830,2,49.30546044720021,49.30546044720021,100.0
6840,0,29.439998404361624,29.439998404361624,100.0
6840,1,40.51468807837848,40.51468807837848,100.0
6840,2,30.04531351725991,30.04531351725991,100.0
6850,0,66.81737415719043,66.81737415719043,100.0
6850,1,16.93467304342619,16.93467304342619,100.0
6850,2,16.247952799383384,16.247952799383384,100.0
6860,0,26.133873331394327,26.133873331394327,100.0
6860,1,21.949075964445996,21.949075964445996,100.0
6860,2,51.917050704159685,51.917050704159685,100.0
6870,0,13.807547022696653,13.807547022696653,100.0
6870,1,14.653271632718907,14.653271632718907,100.0
6870,2,71.53918134458443,71.53918134458443,100.0
6880,0,48.09716595507671,48.09716595507671,100.0
6880,1,32.20272894257879,32.20272894257879,100.0
6880,2,19.700105102344512,19.700105102344512,100.0
6890,0,12.81967183610447,12.81967183610447,100.0
6890,1,13.48359626708053,13.48359626708053,100.0
6890,2,73.696731896815,73.696731896815,100.0
6900,0,49.169995157771254,49.169995157771254,100.0
6900,1,7.073735187358321,7.073735187358321,100.0
6900,2,43.75626965487042,43.75626965487042,100.0
6910,0,11.528492807873636,11.528492807873636,100.0
6910,1,22.51098943042388,22.51098943042388,100.0
6910,2,65.96051776170249,65.96051776170249,100.0
6920,0,52.35504704938343,52.35504704938343,100.0
6920,1,10.72199294390453,10.72199294390453,100.0
6920,2,36.922960006712046,36.922960006712046,100.0
6930,0,12.246882415785148,12.246882415785148,100.0
6930,1,12.305953524946561,12.305953524946561,100.0
6930,2,75.44716405926829,75.44716405926829,100.0
6940,0,51.84110302831865,51.84110302831865,100.0
6940,1,10.591396989652562,10.591396989652562,100.0
6940,2,37.56749998202879,37.56749998202879,100.0
6950,0,11.555927551405004,11.555927551405004,100.0
6950,1,76.45319675117725,76.45319675117725,100.0
6950,2,11.990875697417765,11.990875697417765,100.0
6960,0,41.40213318078386,41.40213318078386,100.0
6960,1,40.66684255876389,40.66684255876389,100.0
6960,2,17.931024260452254,17.931024260452254,100.0
6970,0,45.56821144492985,45.56821144492985,100.0
6970,1,32.62825481447179,32.62825481447179,100.0
6970,2,21.80353374059837,21.80353374059837,100.0
6980,0,41.82951422017263,41.82951422017263,100.0
6980,1,18.315386938067554,18.315386938067554,100.0
6980,2,39.8550988417598,39.8550988417598,100.0
6990,0,12.125523403648195,12.125523403648195,100.0
6990,1,11.343386803732594,11.343386803732594,100.0
6990,2,76.53108979261921,76.53108979261921,100.0
7000,0,18.38543395056302,18.38543395056302,100.0
7000,1,16.3595035326639,16.3595035326639,100.0
7000,2,65.2550625167731,65.2550625167731,100.0
7010,0,42.20032629444468,42.20032629444468,100.0
7010,1,42.535527378201024,42.535527378201024,100.0
7010,2,15.264146327354297,15.264146327354297,100.0
7020,0,34.94685089276525,34.94685089276525,100.0
7020,1,30.803144465208394,30.803144465208394,100.0
7020,2,34.25000464202637,34.25000464202637,100.0
7030,0,21.23434781391757,21.23434781391757,100.0
7030,1,47.58365069840865,47.58365069840865,100.0
7030,2,31.182001487673794,31.182001487673794,100.0
7040,0,42.05554937052057,42.05554937052057,100.0
7040,1,13.959730934384304,13.959730934384304,100.0
7040,2,43.98471969509512,43.98471969509512,100.0
7050,0,16.761724407080465,16.761724407080465,100.0
7050,1,15.950785027536519,15.950785027536519,100.0
7050,2,67.28749056538301,67.28749056538301,100.0
7060,0,15.971536863453037,15.971536863453037,100.0
7060,1,63.12981309084636,63.12981309084636,100.0
7060,2,20.89865004570059,20.89865004570059,100.0
7070,0,9.856283201600874,9.856283201600874,100.0
7070,1,39.63216456153157,39.63216456153157,100.0
7070,2,50.511552236867566,50.511552236867566,100.0
7080,0,25.09740415413466,25.09740415413466,100.0
7080,1,60.21871635700396,60.21871635700396,100.0
7080,2,14.683879488861379,14.683879488861379,100.0
7090,0,26.25939868353741,26.25939868353741,100.0
7090,1,40.84818719146986,40.84818719146986,100.0
7090,2,32.89241412499274,32.89241412499274,100.0
7100,0,39.65542369219147,39.65542369219147,100.0
7100,1,46.238748962393714,46.238748962393714,100.0
7100,2,14.10582734541482,14.10582734541482,100.0
7110,0,13.622822220853632,13.622822220853632,100.0
7110,1,18.381584064248518,18.381584064248518,100.0
7110,2,67.99559371489785,67.99559371489785,100.0
7120,0,28.63536136855967,28.63536136855967,100.0
7120,1,41.65876173208158,41.65876173208158,100.0
7120,2,29.705876899358756,29.705876899358756,100.0
7130,0,27.186682062911938,27.186682062911938,100.0
7130,1,58.867217852501184,58.867217852501184,100.0
7130,2,13.946100084586888,13.946100084586888,100.0
7140,0,69.72450541519434,69.72450541519434,100.0
7140,1,18.523600648699578,18.523600648699578,100.0
7140,2,11.751893936106082,11.751893936106082,100.0
7150,0,21.459446238633287,21.459446238633287,100.0
7150,1,47.886747400050204,47.886747400050204,100.0
7150,2,30.653806361316505,30.653806361316505,100.0
7160,0,54.715861238230865,54.715861238230865,100.0
7160,1,24.067170406983674,24.067170406983674,100.0
7160,2,21.216968354785465,21.216968354785465,100.0
7170,0,13.550964108188973,13.550964108188973,100.0
7170,1,14.136064682917626,14.136064682917626,100.0
7170,2,72.3129712088934,72.3129712088934,100.0
7180,0,25.39156968964417,25.39156968964417,100.0
7180,1,26.174590745737863,26.174590745737863,100.0
7180,2,48.43383956461796,48.43383956461796,100.0
7190,0,19.46342443692466,19.46342443692466,100.0
7190,1,69.1109665783763,69.1109665783763,100.0
7190,2,11.425608984699034,11.425608984699034,100.0
7200,0,35.413258342880944,35.413258342880944,100.0
7200,1,35.52989409523788,35.52989409523788,100.0
7200,2,29.056847561881177,29.056847561881177,100.0
7210,0,51.208923191254904,51.208923191254904,100.0
7210,1,16.84568884364099,16.84568884364099,100.0
7210,2,31.9453879651041,31.9453879651041,100.0
7220,0,36.886214530611554,36.886214530611554,100.0
7220,1,26.22911569052772,26.22911569052772,100.0
7220,2,36.88466977886072,36.88466977886072,100.0
7230,0,12.685726063224461,12.685726063224461,100.0
7230,1,12.150879692044889,12.150879692044889,100.0
7230,2,75.16339424473065,75.16339424473065,100.0
7240,0,37.40472290182582,37.40472290182582,100.0
7240,1,22.923408052599548,22.923408052599548,100.0
7240,2,39.671869045574624,39.671869045574624,100.0
7250,0,53.890828914089184,53.890828914089184,100.0
7250,1,26.318406626378177,26.318406626378177,100.0
7250,2,19.79076445953264,19.79076445953264,100.0
7260,0,32.47402502225742,32.47402502225742,100.0
7260,1,13.67157961490721,13.67157961490721,100.0
7260,2,53.85439536283536,53.85439536283536,100.0
7270,0,44.38262066221682,44.38262066221682,100.0
7270,1,45.97257877107829,45.97257877107829,100.0
7270,2,9.64480056670488,9.64480056670488,100.0
7280,0,23.665266236626458,23.665266236626458,100.0
7280,1,45.10474933486954,45.10474933486954,100.0
7280,2,31.229984428503993,31.229984428503993,100.0
7290,0,11.914772983639182,11.914772983639182,100.0
7290,1,14.01648586928759,14.01648586928759,100.0
7290,2,74.06874114707324,74.06874114707324,100.0
7300,0,44.23430452784364,44.23430452784364,100.0
7300,1,17.526929408389186,17.526929408389186,100.0
7300,2,38.23876606376718,38.23876606376718,100.0
7310,0,18.800212276506592,18.800212276506592,100.0
7310,1,37.32226832415329,37.32226832415329,100.0
7310,2,43.87751939934012,43.87751939934012,100.0
7320,0,21.491970743870255,21.491970743870255,100.0
7320,1,12.773596601289327,12.773596601289327,100.0
7320,2,65.73443265484042,65.73443265484042,100.0
7330,0,21.26990851128304,21.26990851128304,100.0
7330,1,16.78868900678469,16.78868900678469,100.0
7330,2,61.941402481932265,61.941402481932265,100.0
7340,0,70.1359622708779,70.1359622708779,100.0
7340,1,17.270937166580598,17.270937166580598,100.0
7340,2,12.593100562541506,12.593100562541506,100.0
7350,0,14.655136158699323,14.655136158699323,100.0
7350,1,15.001296542141462,15.001296542141462,100.0
7350,2,70.34356729915922,70.34356729915922,100.0
7360,0,29.683018032065977,29.683018032065977,100.0
7360,1,41.77356909443004,41.77356909443004,100.0
7360,2,28.543412873503986,28.543412873503986,100.0
7370,0,22.412286598409086,22.412286598409086,100.0
7370,1,26.554205590781503,26.554205590781503,100.0
7370,2,51.03350781080942,51.03350781080942,100.0
7380,0,25.643424229890037,25.643424229890037,100.0
7380,1,32.62099488971389,32.62099488971389,100.0
7380,2,41.73558088039608,41.73558088039608,100.0
7390,0,45.15156852414376,45.15156852414376,100.0
7390,1,20.956797304281185,20.956797304281185,100.0
7390,2,33.89163417157504,33.89163417157504,100.0
7400,0,27.635708654762066,27.635708654762066,100.0
7400,1,25.68472092203512,25.68472092203512,100.0
7400,2,46.67957042320282,46.67957042320282,100.0
7410,0,11.93536542633952,11.93536542633952,100.0
7410,1,15.041774921016431,15.041774921016431,100.0
7410,2,73.02285965264404,73.02285965264404,100.0
7420,0,19.469226002297287,19.469226002297287,100.0
7420,1,63.941015165418804,63.941015165418804,100.0
7420,2,16.589758832283916,16.589758832283916,100.0
7430,0,22.80325101857367,22.80325101857367,100.0
7430,1,36.57039952360511,36.57039952360511,100.0
7430,2,40.62634945782121,40.62634945782121,100.0
7440,0,48.42488878048822,48.42488878048822,100.0
7440,1,25.786104434786562,25.786104434786562,100.0
7440,2,25.78900678472523,25.78900678472523,100.0
7450,0,40.430499852437116,40.430499852437116,100.0
7450,1,45.90793080656515,45.90793080656515,100.0
7450,2,13.661569340997731,13.661569340997731,100.0
7460,0,46.81520179339269,46.81520179339269,100.0
7460,1,41.00210239767118,41.00210239767118,100.0
7460,2,12.182695808936131,12.182695808936131,100.0
7470,0,14.719363560227189,14.719363560227189,100.0
7470,1,12.97625736533867,12.97625736533867,100.0
7470,2,72.30437907443414,72.30437907443414,100.0
7480,0,30.89248680292165,30.89248680292165,100.0
7480,1,35.00961588424558,35.00961588424558,100.0
7480,2,34.097897312832764,34.097897312832764,100.0
7490,0,12.987788282352788,12.987788282352788,100.0
7490,1,58.73667233927876,58.73667233927876,100.0
7490,2,28.275539378368446,28.275539378368446,100.0
7500,0,25.21428089996171,25.21428089996171,100.0
7500,1,38.430918834802505,38.430918834802505,100.0
7500,2,36.35480026523578,36.35480026523578,100.0
7510,0,21.436665024497046,21.436665024497046,100.0
7510,1,17.722366100920894,17.722366100920894,100.0
7510,2,60.84096887458207,60.84096887458207,100.0
7520,0,32.74804392240125,32.74804392240125,100.0
7520,1,16.80934001931591,16.80934001931591,100.0
7520,2,50.44261605828285,50.44261605828285,100.0
7530,0,27.654970274446484,27.654970274446484,100.0
7530,1,16.130457134051156,16.130457134051156,100.0
7530,2,56.21457259150237,56.21457259150237,100.0
7540,0,33.16227903820659,33.16227903820659,100.0
7540,1,26.31639648000385,26.31639648000385,100.0
7540,2,40.521324481789556,40.521324481789556,100.0
7550,0,69.57557151960113,69.57557151960113,100.0
7550,1,12.133371608952343,12.133371608952343,100.0
7550,2,18.291056871446532,18.291056871446532,100.0
7560,0,36.97729990949607,36.97729990949607,100.0
7560,1,15.411555975924173,15.411555975924173,100.0
7560,2,47.61114411457976,47.61114411457976,100.0
7570,0,33.29786778464229,33.29786778464229,100.0
7570,1,31.760679370388562,31.760679370388562,100.0
7570,2,34.94145284496915,34.94145284496915,100.0
7580,0,13.49795314045283,13.49795314045283,100.0
7580,1,34.2706787077076,34.2706787077076,100.0
7580,2,52.23136815183956,52.23136815183956,100.0
7590,0,12.26245890116709,12.26245890116709,100.0
7590,1,13.313966171980192,13.313966171980192,100.0
7590,2,74.42357492685272,74.42357492685272,100.0
7600,0,14.87681167618431,14.87681167618431,100.0
7600,1,20.965498300018222,20.965498300018222,100.0
7600,2,64.15769002379747,64.15769002379747,100.0
7610,0,41.73010277161982,41.73010277161982,100.0
7610,1,22.94010221374223,22.94010221374223,100.0
7610,2,35.32979501463796,35.32979501463796,100.0
7620,0,21.231780816287515,21.231780816287515,100.0
7620,1,55.71693600731963,55.71693600731963,100.0
7620,2,23.051283176392857,23.051283176392857,100.0
7630,0,24.87122352650722,24.87122352650722,100.0
7630,1,57.86105516649847,57.86105516649847,100.0
7630,2,17.26772130699433,17.26772130699433,100.0
7640,0,66.9257307854377,66.9257307854377,100.0
7640,1,16.278019876698107,16.278019876698107,100.0
7640,2,16.796249337864197,16.796249337864197,100.0
7650,0,12.257324968046229,12.257324968046229,100.0
7650,1,12.913264897486576,12.913264897486576,100.0
7650,2,74.8294101344672,74.8294101344672,100.0
7660,0,24.069185659495204,24.069185659495204,100.0
7660,1,37.35573082305948,37.35573082305948,100.0
7660,2,38.575083517445314,38.575083517445314,100.0
7670,0,16.938491978058494,16.938491978058494,100.0
7670,1,42.907139631107036,42.907139631107036,100.0
7670,2,40.154368390834485,40.154368390834485,100.0
7680,0,54.112289871595465,54.112289871595465,100.0
7680,1,36.574506918851654,36.574506918851654,100.0
7680,2,9.313203209552896,9.313203209552896,100.0
7690,0,39.4637665147054,39.4637665147054,100.0
7690,1,50.60028478292443,50.60028478292443,100.0
7690,2,9.935948702370172,9.935948702370172,100.0
7700,0,28.439386812346655,28.439386812346655,100.0
7700,1,56.61230497060772,56.61230497060772,100.0
7700,2,14.948308217045614,14.948308217045614,100.0
7710,0,12.645704073648863,12.645704073648863,100.0
7710,1,17.80947725391484,17.80947725391484,100.0
7710,2,69.5448186724363,69.5448186724363,100.0
7720,0,51.48447957939872,51.48447957939872,100.0
7720,1,26.302802522747097,26.302802522747097,100.0
7720,2,22.212717897854176,22.212717897854176,100.0
7730,0,52.49676275858675,52.49676275858675,100.0
7730,1,16.674552483661337,16.674552483661337,100.0
7730,2,30.828684757751912,30.828684757751912,100.0
7740,0,23.563555178271294,23.563555178271294,100.0
7740,1,49.10772447153133,49.10772447153133,100.0
7740,2,27.32872035019739,27.32872035019739,100.0
7750,0,55.810241209776215,55.810241209776215,100.0
7750,1,10.410652641677592,10.410652641677592,100.0
7750,2,33.779106148546205,33.779106148546205,100.0
7760,0,44.99912546728223,44.99912546728223,100.0
7760,1,20.011345200645643,20.011345200645643,100.0
7760,2,34.98952933207213,34.98952933207213,100.0
7770,0,10.718128691108982,10.718128691108982,100.0
7770,1,13.72716692502633,13.72716692502633,100.0
7770,2,75.55470438386469,75.55470438386469,100.0
7780,0,28.521406185151072,28.521406185151072,100.0
7780,1,31.663042743334564,31.663042743334564,100.0
7780,2,39.81555107151437,39.81555107151437,100.0
7790,0,27.21867922946452,27.21867922946452,100.0
7790,1,38.048513909802715,38.048513909802715,100.0
7790,2,34.73280686073277,34.73280686073277,100.0
7800,0,41.00633557351037,41.00633557351037,100.0
7800,1,22.997972482029994,22.997972482029994,100.0
7800,2,35.99569194445964,35.99569194445964,100.0
7810,0,24.432091578379136,24.432091578379136,100.0
7810,1,26.298592013546873,26.298592013546873,100.0
7810,2,49.26931640807399,49.26931640807399,100.0
7820,0,54.93570675631629,54.93570675631629,100.0
7820,1,30.518173250344443,30.518173250344443,100.0
7820,2,14.546119993339273,14.546119993339273,100.0
7830,0,15.122315726916252,15.122315726916252,100.0
7830,1,15.252421124909796,15.252421124909796,100.0
7830,2,69.62526314817396,69.62526314817396,100.0
7840,0,11.521471184007455,11.521471184007455,100.0
7840,1,17.58621917268022,17.58621917268022,100.0
7840,2,70.89230964331233,70.89230964331233,100.0
7850,0,52.82647081066914,52.82647081066914,100.0
7850,1,23.191486243635783,23.191486243635783,100.0
7850,2,23.982042945695074,23.982042945695074,100.0
7860,0,15.883734594606699,15.883734594606699,100.0
7860,1,66.05966530024105,66.05966530024105,100.0
7860,2,18.056600105152256,18.056600105152256,100.0
7870,0,38.39096371559654,38.39096371559654,100.0
7870,1,21.249239352446423,21.249239352446423,100.0
7870,2,40.35979693195703,40.35979693195703,100.0
7880,0,21.31674216156993,21.31674216156993,100.0
7880,1,19.36561755079306,19.36561755079306,100.0
7880,2,59.317640287637005,59.317640287637005,100.0
7890,0,12.018438448993564,12.018438448993564,100.0
7890,1,11.224873503604229,11.224873503604229,100.0
7890,2,76.7566880474022,76.7566880474022,100.0
7900,0,12.521953867934984,12.521953867934984,100.0
7900,1,34.37602731056394,34.37602731056394,100.0
7900,2,53.102018821501076,53.102018821501076,100.0
7910,0,26.935427690921742,26.935427690921742,100.0
7910,1,41.165566414775185,41.165566414775185,100.0
7910,2,31.899005894303084,31.899005894303084,100.0
7920,0,26.566805674589617,26.566805674589617,100.0
7920,1,55.99395837740594,55.99395837740594,100.0
7920,2,17.43923594800445,17.43923594800445,100.0
7930,0,59.804188229825385,59.804188229825385,100.0
7930,1,21.692264298975083,21.692264298975083,100.0
7930,2,18.503547471199536,18.503547471199536,100.0
7940,0,13.013725104145133,13.013725104145133,100.0
7940,1,53.59124479291554,53.59124479291554,100.0
7940,2,33.39503010293934,33.39503010293934,100.0
7950,0,20.19831779752764,20.19831779752764,100.0
7950,1,13.630053267508705,13.630053267508705,100.0
7950,2,66.17162893496365,66.17162893496365,100.0
7960,0,11.001190096824576,11.001190096824576,100.0
7960,1,43.6360616967444,43.6360616967444,100.0
7960,2,45.36274820643102,45.36274820643102,100.0
7970,0,30.193042295616657,30.193042295616657,100.0
7970,1,42.988454030109885,42.988454030109885,100.0
7970,2,26.81850367427345,26.81850367427345,100.0
7980,0,40.01055782645429,40.01055782645429,100.0
7980,1,25.157269360817946,25.157269360817946,100.0
7980,2,34.83217281272777,34.83217281272777,100.0
7990,0,60.74907675532793,60.74907675532793,100.0
7990,1,14.422330429374968,14.422330429374968,100.0
7990,2,24.828592815297114,24.828592815297114,100.0
8000,0,27.117263599849284,27.117263599849284,100.0
8000,1,39.98498279088086,39.98498279088086,100.0
8000,2,32.897753609269856,32.897753609269856,100.0
8010,0,23.649672280682154,23.649672280682154,100.0
8010,1,16.482765853489774,16.482765853489774,100.0
8010,2,59.867561865828065,59.867561865828065,100.0
8020,0,17.541042771207305,17.541042771207305,100.0
8020,1,64.04409081257987,64.04409081257987,100.0
8020,2,18.41486641621283,18.41486641621283,100.0
8030,0,41.74486542382903,41.74486542382903,100.0
8030,1,26.283654940911433,26.283654940911433,100.0
8030,2,31.97147963525954,31.97147963525954,100.0
8040,0,20.726226076777625,20.726226076777625,100.0
8040,1,52.22695881056871,52.22695881056871,100.0
8040,2,27.046815112653665,27.046815112653665,100.0
8050,0,39.33017911355364,39.33017911355364,100.0
8050,1,48.10999341560877,48.10999341560877,100.0
8050,2,12.559827470837586,12.559827470837586,100.0
8060,0,47.70481642567494,47.70481642567494,100.0
8060,1,23.597602362985548,23.597602362985548,100.0
8060,2,28.697581211339525,28.697581211339525,100.0
8070,0,12.568896740126437,12.568896740126437,100.0
8070,1,12.981430074946697,12.981430074946697,100.0
8070,2,74.44967318492687,74.44967318492687,100.0
8080,0,15.89106489588751,15.89106489588751,100.0
8080,1,17.854631028035815,17.854631028035815,100.0
8080,2,66.25430407607668,66.25430407607668,100.0
8090,0,9.947087773268331,9.947087773268331,100.0
8090,1,24.666889995273163,24.666889995273163,100.0
8090,2,65.38602223145851,65.38602223145851,100.0
8100,0,13.422921117177951,13.422921117177951,100.0
8100,1,43.46045326114299,43.46045326114299,100.0
8100,2,43.11662562167906,43.11662562167906,100.0
8110,0,23.501872115886023,23.501872115886023,100.0
8110,1,58.75253872790628,58.75253872790628,100.0
8110,2,17.745589156207714,17.745589156207714,100.0
8120,0,13.304395587631266,13.304395587631266,100.0
8120,1,33.02007285514495,33.02007285514495,100.0
8120,2,53.675531557223785,53.675531557223785,100.0
8130,0,11.39541551001809,11.39541551001809,100.0
8130,1,11.569375385949936,11.569375385949936,100.0
8130,2,77.03520910403198,77.03520910403198,100.0
8140,0,33.89627581766025,33.89627581766025,100.0
8140,1,23.91045539930543,23.91045539930543,100.0
8140,2,42.19326878303432,42.19326878303432,100.0
8150,0,30.743475910335157,30.743475910335157,100.0
8150,1,17.375662306814903,17.375662306814903,100.0
8150,2,51.88086178284994,51.88086178284994,100.0
8160,0,38.003338326302114,38.003338326302114,100.0
8160,1,21.99666251767755,21.99666251767755,100.0
8160,2,39.99999915602034,39.99999915602034,100.0
8170,0,27.43101329088401,27.43101329088401,100.0
8170,1,21.26868905907809,21.26868905907809,100.0
8170,2,51.300297650037905,51.300297650037905,100.0
8180,0,25.842712687521107,25.842712687521107,100.0
8180,1,17.233735899750602,17.233735899750602,100.0
8180,2,56.9235514127283,56.9235514127283,100.0
8190,0,13.117380921196547,13.117380921196547,100.0
8190,1,11.401303477364985,11.401303477364985,100.0
8190,2,75.48131560143847,75.48131560143847,100.0
8200,0,11.165157162643283,11.165157162643283,100.0
8200,1,51.49585368758793,51.49585368758793,100.0
8200,2,37.33898914976878,37.33898914976878,100.0
8210,0,56.27719542473061,56.27719542473061,100.0
8210,1,27.169801556852146,27.169801556852146,100.0
8210,2,16.553003018417257,16.553003018417257,100.0
8220,0,13.293225533378106,13.293225533378106,100.0
8220,1,44.03407691197021,44.03407691197021,100.0
8220,2,42.67269755465169,42.67269755465169,100.0
8230,0,61.447174628276215,61.447174628276215,100.0
8230,1,19.61856198773391,19.61856198773391,100.0
8230,2,18.934263383989887,18.934263383989887,100.0
8240,0,14.894362148942374,14.894362148942374,100.0
8240,1,51.128501393656535,51.128501393656535,100.0
8240,2,33.977136457401095,33.977136457401095,100.0
8250,0,12.81436615524817,12.81436615524817,100.0
8250,1,16.4958877355588,16.4958877355588,100.0
8250,2,70.68974610919302,70.68974610919302,100.0
8260,0,24.488095943327817,24.488095943327817,100.0
8260,1,32.51548479270653,32.51548479270653,100.0
8260,2,42.996419263965656,42.996419263965656,100.0
8270,0,32.19642000436889,32.19642000436889,100.0
8270,1,51.324598158374165,51.324598158374165,100.0
8270,2,16.478981837256956,16.478981837256956,100.0
8280,0,23.723027862634293,23.723027862634293,100.0
8280,1,40.739552108118644,40.739552108118644,100.0
8280,2,35.537420029247066,35.537420029247066,100.0
8290,0,21.650248232656363,21.650248232656363,100.0
8290,1,51.69669791403051,51.69669791403051,100.0
8290,2,26.65305385331313,26.65305385331313,100.0
8300,0,52.82006598873217,52.82006598873217,100.0
8300,1,36.08127779971557,36.08127779971557,100.0
8300,2,11.09865621155227,11.09865621155227,100.0
8310,0,19.793266654674426,19.793266654674426,100.0
8310,1,12.451365000952814,12.451365000952814,100.0
8310,2,67.75536834437276,67.75536834437276,100.0
8320,0,16.061018732956516,16.061018732956516,100.0
8320,1,40.69549977152186,40.69549977152186,100.0
8320,2,43.24348149552163,43.24348149552163,100.0
8330,0,27.39239154304643,27.39239154304643,100.0
8330,1,38.69355613019362,38.69355613019362,100.0
8330,2,33.91405232675994,33.91405232675994,100.0
8340,0,9.301324459369544,9.301324459369544,100.0
8340,1,50.79763484382613,50.79763484382613,100.0
8340,2,39.90104069680433,39.90104069680433,100.0
8350,0,12.716491489122026,12.716491489122026,100.0
8350,1,63.077632523666104,63.077632523666104,100.0
8350,2,24.205875987211883,24.205875987211883,100.0
8360,0,47.08768757747664,47.08768757747664,100.0
8360,1,38.95119774224054,38.95119774224054,100.0
8360,2,13.96111468028282,13.96111468028282,100.0
8370,0,13.36305941962744,13.36305941962744,100.0
8370,1,13.41710663469679,13.41710663469679,100.0
8370,2,73.21983394567577,73.21983394567577,100.0
8380,0,13.99973025843978,13.99973025843978,100.0
8380,1,17.09398344681072,17.09398344681072,100.0
8380,2,68.90628629474949,68.90628629474949,100.0
8390,0,40.65292940495233,40.65292940495233,100.0
8390,1,32.03026084699516,32.03026084699516,100.0
8390,2,27.3168097480525,27.3168097480525,100.0
8400,0,27.793109369968345,27.793109369968345,100.0
8400,1,40.52111603709448,40.52111603709448,100.0
8400,2,31.685774592937165,31.685774592937165,100.0
8410,0,27.344463345364485,27.344463345364485,100.0
8410,1,20.01687541623893,20.01687541623893,100.0
8410,2,52.6386612383966,52.6386612383966,100.0
8420,0,45.25284403793664,45.25284403793664,100.0
8420,1,15.622007009717558,15.622007009717558,100.0
8420,2,39.125148952345796,39.125148952345796,100.0
8430,0,13.172482322249676,13.172482322249676,100.0
8430,1,18.561265841547833,18.561265841547833,100.0
8430,2,68.2662518362025,68.2662518362025,100.0
8440,0,44.78103926153605,44.78103926153605,100.0
8440,1,23.187039167252255,23.187039167252255,100.0
8440,2,32.031921571211704,32.031921571211704,100.0
8450,0,26.491135204852895,26.491135204852895,100.0
8450,1,35.75156278071404,35.75156278071404,100.0
8450,2,37.75730201443307,37.75730201443307,100.0
8460,0,32.55772959595391,32.55772959595391,100.0
8460,1,17.690624048400856,17.690624048400856,100.0
8460,2,49.751646355645235,49.751646355645235,100.0
8470,0,14.55630766924711,14.55630766924711,100.0
8470,1,47.78244394375882,47.78244394375882,100.0
8470,2,37.66124838699408,37.66124838699408,100.0
8480,0,38.937165586623095,38.937165586623095,100.0
8480,1,24.775320268747393,24.775320268747393,100.0
8480,2,36.28751414462952,36.28751414462952,100.0
8490,0,13.105834295782342,13.105834295782342,100.0
8490,1,15.144957885172753,15.144957885172753,100.0
8490,2,71.74920781904491,71.74920781904491,100.0
8500,0,49.66835902960223,49.66835902960223,100.0
8500,1,25.234290056688693,25.234290056688693,100.0
8500,2,25.097350913709082,25.097350913709082,100.0
8510,0,38.4710391320842,38.4710391320842,100.0
8510,1,25.137900691088827,25.137900691088827,100.0
8510,2,36.391060176826976,36.391060176826976,100.0
8520,0,55.18374880011859,55.18374880011859,100.0
8520,1,30.659627049578354,30.659627049578354,100.0
8520,2,14.156624150303065,14.156624150303065,100.0
8530,0,35.54215123045224,35.54215123045224,100.0
8530,1,49.243232984057066,49.243232984057066,100.0
8530,2,15.214615785490688,15.214615785490688,100.0
8540,0,53.79896542709247,53.79896542709247,100.0
8540,1,24.151886905856415,24.151886905856415,100.0
8540,2,22.04914766705112,22.04914766705112,100.0
8550,0,13.364891128374284,13.364891128374284,100.0
8550,1,32.205743140935034,32.205743140935034,100.0
8550,2,54.42936573069069,54.42936573069069,100.0
8560,0,9.622139769201231,9.622139769201231,100.0
8560,1,53.212360073794784,53.212360073794784,100.0
8560,2,37.16550015700398,37.16550015700398,100.0
8570,0,46.943429036225496,46.943429036225496,100.0
8570,1,34.62211699971689,34.62211699971689,100.0
8570,2,18.434453964057617,18.434453964057617,100.0
8580,0,21.95783639559642,21.95783639559642,100.0
8580,1,52.84804702330227,52.84804702330227,100.0
8580,2,25.194116581101312,25.194116581101312,100.0
8590,0,43.82740791137829,43.82740791137829,100.0
8590,1,36.81222372376387,36.81222372376387,100.0
8590,2,19.36036836485785,19.36036836485785,100.0
8600,0,57.32472485989072,57.32472485989072,100.0
8600,1,21.336861122536124,21.336861122536124,100.0
8600,2,21.338414017573154,21.338414017573154,100.0
8610,0,12.03196192723,12.03196192723,100.0
8610,1,12.692411722429837,12.692411722429837,100.0
8610,2,75.27562635034018,75.27562635034018,100.0
8620,0,23.953324248012397,23.953324248012397,100.0
8620,1,57.88238249909568,57.88238249909568,100.0
8620,2,18.164293252891923,18.164293252891923,100.0
8630,0,39.07274559097574,39.07274559097574,100.0
8630,1,31.652982371405137,31.652982371405137,100.0
8630,2,29.274272037619127,29.274272037619127,100.0
8640,0,38.155821114544324,38.155821114544324,100.0
8640,1,14.590385125787378,14.590385125787378,100.0
8640,2,47.25379375966829,47.25379375966829,100.0
8650,0,16.04250242576143,16.04250242576143,100.0
8650,1,42.820259458767694,42.820259458767694,100.0
8650,2,41.13723811547088,41.13723811547088,100.0
8660,0,32.25075041473605,32.25075041473605,100.0
8660,1,42.57366098733074,42.57366098733074,100.0
8660,2,25.175588597933206,25.175588597933206,100.0
8670,0,11.034097710336532,11.034097710336532,100.0
8670,1,20.014468829187997,20.014468829187997,100.0
8670,2,68.95143346047547,68.95143346047547,100.0
8680,0,26.53361977303184,26.53361977303184,100.0
8680,1,35.802892254222044,35.802892254222044,100.0
8680,2,37.66348797274612,37.66348797274612,100.0
8690,0,19.515068828688587,19.515068828688587,100.0
8690,1,36.50845098861705,36.50845098861705,100.0
8690,2,43.97648018269437,43.97648018269437,100.0
8700,0,11.49396056239312,11.49396056239312,100.0
8700,1,62.82785567968611,62.82785567968611,100.0
8700,2,25.678183757920785,25.678183757920785,100.0
8710,0,14.310971832015012,14.310971832015012,100.0
8710,1,20.965294897796262,20.965294897796262,100.0
8710,2,64.72373327018873,64.72373327018873,100.0
8720,0,71.27124888833566,71.27124888833566,100.0
8720,1,17.48025652919495,17.48025652919495,100.0
8720,2,11.248494582469377,11.248494582469377,100.0
8730,0,14.30763525702747,14.30763525702747,100.0
8730,1,14.375771233247448,14.375771233247448,100.0
8730,2,71.31659350972508,71.31659350972508,100.0
8740,0,62.70952335355416,62.70952335355416,100.0
8740,1,11.210545025413076,11.210545025413076,100.0
8740,2,26.079931621032763,26.079931621032763,100.0
8750,0,36.13884366485796,36.13884366485796,100.0
8750,1,49.99205739220995,49.99205739220995,100.0
8750,2,13.869098942932103,13.869098942932103,100.0
8760,0,39.917119645181735,39.917119645181735,100.0
8760,1,24.81893889313469,24.81893889313469,100.0
8760,2,35.26394146168358,35.26394146168358,100.0
8770,0,15.285235924022706,15.285235924022706,100.0
8770,1,38.74756076189571,38.74756076189571,100.0
8770,2,45.96720331408159,45.96720331408159,100.0
8780,0,51.22806843954203,51.22806843954203,100.0
8780,1,22.14616322258199,22.14616322258199,100.0
8780,2,26.62576833787599,26.62576833787599,100.0
8790,0,12.465222645316992,12.465222645316992,100.0
8790,1,24.366398296331322,24.366398296331322,100.0
8790,2,63.16837905835169,63.16837905835169,100.0
8800,0,12.825755859813285,12.825755859813285,100.0
8800,1,19.079465217555793,19.079465217555793,100.0
8800,2,68.09477892263092,68.09477892263092,100.0
8810,0,44.52775080369823,44.52775080369823,100.0
8810,1,39.95257757026004,39.95257757026004,100.0
8810,2,15.519671626041736,15.519671626041736,100.0
8820,0,36.32665336386886,36.32665336386886,100.0
8820,1,44.95325043641375,44.95325043641375,100.0
8820,2,18.7200961997174,18.7200961997174,100.0
8830,0,26.842701498826987,26.842701498826987,100.0
8830,1,35.247407618069296,35.247407618069296,100.0
8830,2,37.90989088310372,37.90989088310372,100.0
8840,0,36.07616255010029,36.07616255010029,100.0
8840,1,31.390537879579274,31.390537879579274,100.0
8840,2,32.53329957032044,32.53329957032044,100.0
8850,0,25.50580163167742,25.50580163167742,100.0
8850,1,19.709187898223043,19.709187898223043,100.0
8850,2,54.785010470099536,54.785010470099536,100.0
8860,0,38.87071452702507,38.87071452702507,100.0
8860,1,40.07221678070073,40.07221678070073,100.0
8860,2,21.057068692274203,21.057068692274203,100.0
8870,0,33.42452239393377,33.42452239393377,100.0
8870,1,10.732304717886603,10.732304717886603,100.0
8870,2,55.84317288817962,55.84317288817962,100.0
8880,0,64.77492271782775,64.77492271782775,100.0
8880,1,21.25029935749648,21.25029935749648,100.0
8880,2,13.974777924675763,13.974777924675763,100.0
8890,0,12.92622647879615,12.92622647879615,100.0
8890,1,43.816923044605964,43.816923044605964,100.0
8890,2,43.2568504765979,43.2568504765979,100.0
8900,0,42.496551915720424,42.496551915720424,100.0
8900,1,30.483838483760582,30.483838483760582,100.0
8900,2,27.019609600518983,27.019609600518983,100.0
8910,0,10.879932255222093,10.879932255222093,100.0
8910,1,12.166913607942586,12.166913607942586,100.0
8910,2,76.95315413683534,76.95315413683534,100.0
8920,0,33.11187098705349,33.11187098705349,100.0
8920,1,45.73740253228205,45.73740253228205,100.0
8920,2,21.15072648066447,21.15072648066447,100.0
8930,0,27.069911097309806,27.069911097309806,100.0
8930,1,40.40237161924951,40.40237161924951,100.0
8930,2,32.527717283440694,32.527717283440694,100.0
8940,0,23.960425764402135,23.960425764402135,100.0
8940,1,52.214328806874136,52.214328806874136,100.0
8940,2,23.825245428723743,23.825245428723743,100.0
8950,0,15.414788537842592,15.414788537842592,100.0
8950,1,46.50850728086506,46.50850728086506,100.0
8950,2,38.076704181292335,38.076704181292335,100.0
8960,0,41.320482699823636,41.320482699823636,100.0
8960,1,26.109703972982025,26.109703972982025,100.0
8960,2,32.56981332719434,32.56981332719434,100.0
8970,0,13.226206033572899,13.226206033572899,100.0
8970,1,11.31157510509624,11.31157510509624,100.0
8970,2,75.46221886133087,75.46221886133087,100.0
8980,0,26.589264802659322,26.589264802659322,100.0
8980,1,30.679449566395924,30.679449566395924,100.0
8980,2,42.73128563094474,42.73128563094474,100.0
8990,0,35.67247128734585,35.67247128734585,100.0
8990,1,22.0485902156233,22.0485902156233,100.0
8990,2,42.27893849703084,42.27893849703084,100.0
9000,0,22.46430074849004,22.46430074849004,100.0
9000,1,45.74477943745522,45.74477943745522,100.0
9000,2,31.790919814054735,31.790919814054735,100.0
9010,0,45.41709498849277,45.41709498849277,100.0
9010,1,10.39859420560071,10.39859420560071,100.0
9010,2,44.18431080590651,44.18431080590651,100.0
9020,0,63.98277484658117,63.98277484658117,100.0
9020,1,17.849404584528592,17.849404584528592,100.0
9020,2,18.167820568890246,18.167820568890246,100.0
9030,0,11.16345764916762,11.16345764916762,100.0
9030,1,10.865312666154757,10.865312666154757,100.0
9030,2,77.97122968467762,77.97122968467762,100.0
9040,0,45.16723000877093,45.16723000877093,100.0
9040,1,36.82171607909047,36.82171607909047,100.0
9040,2,18.011053912138607,18.011053912138607,100.0
9050,0,23.917512683939705,23.917512683939705,100.0
9050,1,41.08396834553396,41.08396834553396,100.0
9050,2,34.998518970526334,34.998518970526334,100.0
9060,0,40.647246307497745,40.647246307497745,100.0
9060,1,32.71525746998482,32.71525746998482,100.0
9060,2,26.637496222517427,26.637496222517427,100.0
9070,0,13.524067491709587,13.524067491709587,100.0
9070,1,63.51232222268438,63.51232222268438,100.0
9070,2,22.963610285606034,22.963610285606034,100.0
9080,0,32.13787129475391,32.13787129475391,100.0
9080,1,38.13010898449063,38.13010898449063,100.0
9080,2,29.73201972075546,29.73201972075546,100.0
9090,0,14.547780501437616,14.547780501437616,100.0
9090,1,16.41615539768699,16.41615539768699,100.0
9090,2,69.0360641008754,69.0360641008754,100.0
9100,0,31.55771123522289,31.55771123522289,100.0
9100,1,45.79180824707005,45.79180824707005,100.0
9100,2,22.650480517707066,22.650480517707066,100.0
9110,0,33.009199691257166,33.009199691257166,100.0
9110,1,20.10350082171575,20.10350082171575,100.0
9110,2,46.88729948702709,46.88729948702709,100.0
9120,0,33.377876617166116,33.377876617166116,100.0
9120,1,32.26805146019654,32.26805146019654,100.0
9120,2,34.35407192263734,34.35407192263734,100.0
9130,0,43.81323035046939,43.81323035046939,100.0
9130,1,24.04592022208416,24.04592022208416,100.0
9130,2,32.14084942744645,32.14084942744645,100.0
9140,0,33.81751168682196,33.81751168682196,100.0
9140,1,28.20206611687012,28.20206611687012,100.0
9140,2,37.98042219630792,37.98042219630792,100.0
9150,0,11.801566239617117,11.801566239617117,100.0
9150,1,11.899673023952634,11.899673023952634,100.0
9150,2,76.29876073643025,76.29876073643025,100.0
9160,0,54.87510489030749,54.87510489030749,100.0
9160,1,36.84561019932091,36.84561019932091,100.0
9160,2,8.2792849103716,8.2792849103716,100.0
9170,0,33.20313752649648,33.20313752649648,100.0
9170,1,17.97659935428671,17.97659935428671,100.0
9170,2,48.820263119216825,48.820263119216825,100.0
9180,0,26.162082078214794,26.162082078214794,100.0
9180,1,22.66903127964357,22.66903127964357,100.0
9180,2,51.16888664214164,51.16888664214164,100.0
9190,0,18.801200732330862,18.801200732330862,100.0
9190,1,63.16190084431814,63.16190084431814,100.0
9190,2,18.036898423350998,18.036898423350998,100.0
9200,0,26.381729460893226,26.381729460893226,100.0
9200,1,30.83609570413786,30.83609570413786,100.0
9200,2,42.78217483496891,42.78217483496891,100.0
9210,0,15.776679818370324,15.776679818370324,100.0
9210,1,13.466239278432482,13.466239278432482,100.0
9210,2,70.7570809031972,70.7570809031972,100.0
9220,0,15.34445713720258,15.34445713720258,100.0
9220,1,13.90798522200799,13.90798522200799,100.0
9220,2,70.74755764078942,70.74755764078942,100.0
9230,0,23.850447225035115,23.850447225035115,100.0
9230,1,26.405637844231585,26.405637844231585,100.0
9230,2,49.74391493073331,49.74391493073331,100.0
9240,0,50.11786314207649,50.11786314207649,100.0
9240,1,30.655338179729902,30.655338179729902,100.0
9240,2,19.22679867819361,19.22679867819361,100.0
9250,0,28.683503332578077,28.683503332578077,100.0
9250,1,28.361764626575255,28.361764626575255,100.0
9250,2,42.954732040846686,42.954732040846686,100.0
9260,0,12.51514992505264,12.51514992505264,100.0
9260,1,15.583803346650999,15.583803346650999,100.0
9260,2,71.90104672829636,71.90104672829636,100.0
9270,0,17.78365441546458,17.78365441546458,100.0
9270,1,18.09397659754528,18.09397659754528,100.0
9270,2,64.12236898699014,64.12236898699014,100.0
9280,0,26.456093032280602,26.456093032280602,100.0
9280,1,47.80558585619642,47.80558585619642,100.0
9280,2,25.738321111522982,25.738321111522982,100.0
9290,0,39.68123666118674,39.68123666118674,100.0
9290,1,30.355607934945283,30.355607934945283,100.0
9290,2,29.96315540386798,29.96315540386798,100.0
9300,0,30.952120496621383,30.952120496621383,100.0
9300,1,25.011899376386776,25.011899376386776,100.0
9300,2,44.03598012699183,44.03598012699183,100.0
9310,0,33.4262653925591,33.4262653925591,100.0
9310,1,37.631817461126495,37.631817461126495,100.0
9310,2,28.941917146314417,28.941917146314417,100.0
9320,0,29.024222724478488,29.024222724478488,100.0
9320,1,26.200598165647186,26.200598165647186,100.0
9320,2,44.77517910987433,44.77517910987433,100.0
9330,0,16.070860926881302,16.070860926881302,100.0
9330,1,17.039217151294725,17.039217151294725,100.0
9330,2,66.88992192182398,66.88992192182398,100.0
9340,0,10.027944233513036,10.027944233513036,100.0
9340,1,48.6386697483557,48.6386697483557,100.0
9340,2,41.33338601813126,41.33338601813126,100.0
9350,0,53.07579862356252,53.07579862356252,100.0
9350,1,15.418119848329049,15.418119848329049,100.0
9350,2,31.50608152810843,31.50608152810843,100.0
9360,0,62.215412461296516,62.215412461296516,100.0
9360,1,18.071570613423493,18.071570613423493,100.0
9360,2,19.71301692527999,19.71301692527999,100.0
9370,0,30.76003949867337,30.76003949867337,100.0
9370,1,14.848586587355111,14.848586587355111,100.0
9370,2,54.39137391397152,54.39137391397152,100.0
9380,0,19.658107606064895,19.658107606064895,100.0
9380,1,47.533588321091905,47.533588321091905,100.0
9380,2,32.80830407284321,32.80830407284321,100.0
9390,0,21.053737544401617,21.053737544401617,100.0
9390,1,13.22038106017657,13.22038106017657,100.0
9390,2,65.72588139542181,65.72588139542181,100.0
9400,0,31.077637095527738,31.077637095527738,100.0
9400,1,40.656958105942905,40.656958105942905,100.0
9400,2,28.265404798529353,28.265404798529353,100.0
9410,0,25.51381446432504,25.51381446432504,100.0
9410,1,40.76484295918254,40.76484295918254,100.0
9410,2,33.72134257649242,33.72134257649242,100.0
9420,0,57.716620880816,57.716620880816,100.0
9420,1,22.758416292204842,22.758416292204842,100.0
9420,2,19.524962826979156,19.524962826979156,100.0
9430,0,36.659132783335366,36.659132783335366,100.0
9430,1,45.21261338443259,45.21261338443259,100.0
9430,2,18.12825383223205,18.12825383223205,100.0
9440,0,33.20844104714738,33.20844104714738,100.0
9440,1,46.75778926819337,46.75778926819337,100.0
9440,2,20.033769684659244,20.033769684659244,100.0
9450,0,13.770530100662256,13.770530100662256,100.0
9450,1,13.466096187433276,13.466096187433276,100.0
9450,2,72.76337371190446,72.76337371190446,100.0
9460,0,49.34996811762875,49.34996811762875,100.0
9460,1,37.37445200051673,37.37445200051673,100.0
9460,2,13.275579881854519,13.275579881854519,100.0
9470,0,40.01400839134278,40.01400839134278,100.0
9470,1,17.596691946892943,17.596691946892943,100.0
9470,2,42.389299661764284,42.389299661764284,100.0
9480,0,40.979725121933456,40.979725121933456,100.0
9480,1,12.148328850629394,12.148328850629394,100.0
9480,2,46.871946027437154,46.871946027437154,100.0
9490,0,31.19578511483261,31.19578511483261,100.0
9490,1,13.595980462855964,13.595980462855964,100.0
9490,2,55.20823442231143,55.20823442231143,100.0
9500,0,33.334560173956326,33.334560173956326,100.0
9500,1,38.29273072826807,38.29273072826807,100.0
9500,2,28.372709097775616,28.372709097775616,100.0
9510,0,12.426740983992435,12.426740983992435,100.0
9510,1,11.128687560214624,11.128687560214624,100.0
9510,2,76.44457145579295,76.44457145579295,100.0
9520,0,36.86057163663008,36.86057163663008,100.0
9520,1,46.159458897443685,46.159458897443685,100.0
9520,2,16.97996946592623,16.97996946592623,100.0
9530,0,19.906188491251417,19.906188491251417,100.0
9530,1,36.36766600639874,36.36766600639874,100.0
9530,2,43.72614550234985,43.72614550234985,100.0
9540,0,24.338509131612582,24.338509131612582,100.0
9540,1,43.688386568282446,43.688386568282446,100.0
9540,2,31.97310430010497,31.97310430010497,100.0
9550,0,46.5251895686988,46.5251895686988,100.0
9550,1,37.962356614603806,37.962356614603806,100.0
9550,2,15.512453816697395,15.512453816697395,100.0
9560,0,22.490208950921854,22.490208950921854,100.0
9560,1,55.239050770320574,55.239050770320574,100.0
9560,2,22.270740278757575,22.270740278757575,100.0
9570,0,13.797477447679318,13.797477447679318,100.0
9570,1,12.183659351580193,12.183659351580193,100.0
9570,2,74.0188632007405,74.0188632007405,100.0
9580,0,47.49959537561756,47.49959537561756,100.0
9580,1,43.628359483542354,43.628359483542354,100.0
9580,2,8.87204514084009,8.87204514084009,100.0
9590,0,27.856783561436636,27.856783561436636,100.0
9590,1,19.74568759195181,19.74568759195181,100.0
9590,2,52.397528846611564,52.397528846611564,100.0
9600,0,18.096109366868674,18.096109366868674,100.0
9600,1,12.088667797749709,12.088667797749709,100.0
9600,2,69.81522283538163,69.81522283538163,100.0
9610,0,62.67169352419797,62.67169352419797,100.0
9610,1,18.762885439878204,18.762885439878204,100.0
9610,2,18.56542103592382,18.56542103592382,100.0
9620,0,17.37576155171892,17.37576155171892,100.0
9620,1,29.265403222327812,29.265403222327812,100.0
9620,2,53.35883522595327,53.35883522595327,100.0
9630,0,13.027210666073744,13.027210666073744,100.0
9630,1,12.567590120062547,12.567590120062547,100.0
9630,2,74.40519921386371,74.40519921386371,100.0
9640,0,40.736732294842746,40.736732294842746,100.0
9640,1,15.766874374385893,15.766874374385893,100.0
9640,2,43.49639333077135,43.49639333077135,100.0
9650,0,20.112882940877704,20.112882940877704,100.0
9650,1,60.359419575171295,60.359419575171295,100.0
9650,2,19.527697483951016,19.527697483951016,100.0
9660,0,30.114842953750003,30.114842953750003,100.0
9660,1,26.908593867928683,26.908593867928683,100.0
9660,2,42.976563178321314,42.976563178321314,100.0
9670,0,54.99358235245045,54.99358235245045,100.0
9670,1,32.371278186432036,32.371278186432036,100.0
9670,2,12.635139461117506,12.635139461117506,100.0
9680,0,40.98300726189611,40.98300726189611,100.0
9680,1,45.31436016800668,45.31436016800668,100.0
9680,2,13.702632570097196,13.702632570097196,100.0
9690,0,25.59987260286569,25.59987260286569,100.0
9690,1,9.43125472308106,9.43125472308106,100.0
9690,2,64.96887267405324,64.96887267405324,100.0
9700,0,41.369385596392334,41.369385596392334,100.0
9700,1,31.508773747537138,31.508773747537138,100.0
9700,2,27.12184065607054,27.12184065607054,100.0
9710,0,44.268534928970055,44.268534928970055,100.0
9710,1,11.533164307873797,11.533164307873797,100.0
9710,2,44.19830076315615,44.19830076315615,100.0
9720,0,14.416420157806145,14.416420157806145,100.0
9720,1,60.45648956434285,60.45648956434285,100.0
9720,2,25.127090277851003,25.127090277851003,100.0
9730,0,20.526006498945105,20.526006498945105,100.0
9730,1,22.14422878562438,22.14422878562438,100.0
9730,2,57.32976471543052,57.32976471543052,100.0
9740,0,12.585738117412394,12.585738117412394,100.0
9740,1,15.483083730553265,15.483083730553265,100.0
9740,2,71.93117815203435,71.93117815203435,100.0
9750,0,11.27458613906786,11.27458613906786,100.0
9750,1,10.972536634163093,10.972536634163093,100.0
9750,2,77.75287722676904,77.75287722676904,100.0
9760,0,35.74450590408207,35.74450590408207,100.0
9760,1,33.34246174855068,33.34246174855068,100.0
9760,2,30.913032347367253,30.913032347367253,100.0
9770,0,11.168940643044325,11.168940643044325,100.0
9770,1,23.356352103726792,23.356352103726792,100.0
9770,2,65.47470725322889,65.47470725322889,100.0
9780,0,36.90237401921365,36.90237401921365,100.0
9780,1,43.225421967036205,43.225421967036205,100.0
9780,2,19.872204013750146,19.872204013750146,100.0
9790,0,18.761916343071817,18.761916343071817,100.0
9790,1,14.016623261569098,14.016623261569098,100.0
9790,2,67.22146039535909,67.22146039535909,100.0
9800,0,17.98072788650206,17.98072788650206,100.0
9800,1,31.667549665310407,31.667549665310407,100.0
9800,2,50.35172244818753,50.35172244818753,100.0
9810,0,15.290478538405827,15.290478538405827,100.0
9810,1,15.302243555511128,15.302243555511128,100.0
9810,2,69.40727790608305,69.40727790608305,100.0
9820,0,12.534940886270626,12.534940886270626,100.0
9820,1,43.72803958177603,43.72803958177603,100.0
9820,2,43.737019531953344,43.737019531953344,100.0
9830,0,39.63688608833027,39.63688608833027,100.0
9830,1,25.297562726655954,25.297562726655954,100.0
9830,2,35.065551185013774,35.065551185013774,100.0
9840,0,54.53065636113013,54.53065636113013,100.0
9840,1,35.02344685757342,35.02344685757342,100.0
9840,2,10.445896781296474,10.445896781296474,100.0
9850,0,75.13359192184453,75.13359192184453,100.0
9850,1,13.27714343831195,13.27714343831195,100.0
9850,2,11.5892646398435,11.5892646398435,100.0
9860,0,45.52232441314775,45.52232441314775,100.0
9860,1,34.03495102929322,34.03495102929322,100.0
9860,2,20.442724557559025,20.442724557559025,100.0
9870,0,12.598036071644897,12.598036071644897,100.0
9870,1,14.779183814029773,14.779183814029773,100.0
9870,2,72.62278011432532,72.62278011432532,100.0
9880,0,32.000653667931616,32.000653667931616,100.0
9880,1,18.011706545309288,18.011706545309288,100.0
9880,2,49.987639786759104,49.987639786759104,100.0
9890,0,43.61211353396926,43.61211353396926,100.0
9890,1,17.773531091513775,17.773531091513775,100.0
9890,2,38.61435537451696,38.61435537451696,100.0
9900,0,10.567694247763612,10.567694247763612,100.0
9900,1,46.811098237003726,46.811098237003726,100.0
9900,2,42.621207515232676,42.621207515232676,100.0
9910,0,28.085243976222852,28.085243976222852,100.0
9910,1,52.09815277879998,52.09815277879998,100.0
9910,2,19.816603244977173,19.816603244977173,100.0
9920,0,61.76722822683568,61.76722822683568,100.0
9920,1,14.126631519001053,14.126631519001053,100.0
9920,2,24.10614025416327,24.10614025416327,100.0
9930,0,14.202919788075844,14.202919788075844,100.0
9930,1,10.978641266701892,10.978641266701892,100.0
9930,2,74.81843894522227,74.81843894522227,100.0
9940,0,25.846966271753217,25.846966271753217,100.0
9940,1,58.48442312911772,58.48442312911772,100.0
9940,2,15.668610599129051,15.668610599129051,100.0
9950,0,23.07946381214184,23.07946381214184,100.0
9950,1,18.010665408917383,18.010665408917383,100.0
9950,2,58.90987077894078,58.90987077894078,100.0
9960,0,49.40729188170316,49.40729188170316,100.0
9960,1,29.202802588975395,29.202802588975395,100.0
9960,2,21.389905529321453,21.389905529321453,100.0
9970,0,69.68987254363333,69.68987254363333,100.0
9970,1,14.419415806446986,14.419415806446986,100.0
9970,2,15.890711649919693,15.890711649919693,100.0
9980,0,35.291887576324946,35.291887576324946,100.0
9980,1,52.502297308041946,52.502297308041946,100.0
9980,2,12.20581511563311,12.20581511563311,100.0
9990,0,12.405121131438987,12.405121131438987,100.0
9990,1,11.622160948446627,11.622160948446627,100.0
9990,2,75.97271792011439,75.97271792011439,100.0
