timestamp,sliceId,dedicatedPRB,minPRB,maxPRB
510,0,34.51037848198369,34.51037848198369,100.0
510,1,37.591664624048605,37.591664624048605,100.0
510,2,27.897956893967702,27.897956893967702,100.0
520,0,34.33243791397804,34.33243791397804,100.0
520,1,26.009405184268235,26.009405184268235,100.0
520,2,39.65815690175371,39.65815690175371,100.0
530,0,33.581971482034,33.581971482034,100.0
530,1,46.21465774164658,46.21465774164658,100.0
530,2,20.203370776319424,20.203370776319424,100.0
540,0,20.787871334254056,20.787871334254056,100.0
540,1,46.98786206996702,46.98786206996702,100.0
540,2,32.224266595778914,32.224266595778914,100.0
550,0,21.888021555482396,21.888021555482396,100.0
550,1,42.01894415485079,42.01894415485079,100.0
550,2,36.09303428966682,36.09303428966682,100.0
560,0,22.15512011357712,22.15512011357712,100.0
560,1,29.538324235093295,29.538324235093295,100.0
560,2,48.30655565132959,48.30655565132959,100.0
570,0,22.799205203437342,22.799205203437342,100.0
570,1,27.339963413029324,27.339963413029324,100.0
570,2,49.86083138353334,49.86083138353334,100.0
580,0,23.716305739694064,23.716305739694064,100.0
580,1,43.237103500223874,43.237103500223874,100.0
580,2,33.04659076008206,33.04659076008206,100.0
590,0,21.73880585539377,21.73880585539377,100.0
590,1,34.88255400529559,34.88255400529559,100.0
590,2,43.37864013931065,43.37864013931065,100.0
600,0,22.503914190688736,22.503914190688736,100.0
600,1,41.46865992460923,41.46865992460923,100.0
600,2,36.02742588470204,36.02742588470204,100.0
610,0,23.278347202365286,23.278347202365286,100.0
610,1,29.49971060412701,29.49971060412701,100.0
610,2,47.2219421935077,47.2219421935077,100.0
620,0,21.65870482173967,21.65870482173967,100.0
620,1,42.22718939037322,42.22718939037322,100.0
620,2,36.114105787887105,36.114105787887105,100.0
630,0,23.08027137459647,23.08027137459647,100.0
630,1,26.925182445843383,26.925182445843383,100.0
630,2,49.99454617956014,49.99454617956014,100.0
640,0,20.640504499201715,20.640504499201715,100.0
640,1,45.93150512243708,45.93150512243708,100.0
640,2,33.42799037836121,33.42799037836121,100.0
650,0,22.3271767454764,22.3271767454764,100.0
650,1,37.82157473611002,37.82157473611002,100.0
650,2,39.85124851841358,39.85124851841358,100.0
660,0,22.397151247934506,22.397151247934506,100.0
660,1,33.26300756516278,33.26300756516278,100.0
660,2,44.33984118690272,44.33984118690272,100.0
670,0,21.872695215868575,21.872695215868575,100.0
670,1,35.902076817343705,35.902076817343705,100.0
670,2,42.225227966787735,42.225227966787735,100.0
680,0,22.534440872744884,22.534440872744884,100.0
680,1,33.659929594147386,33.659929594147386,100.0
680,2,43.80562953310773,43.80562953310773,100.0
690,0,23.19322688110047,23.19322688110047,100.0
690,1,31.777043230113165,31.777043230113165,100.0
690,2,45.02972988878637,45.02972988878637,100.0
700,0,22.915287670587308,22.915287670587308,100.0
700,1,28.72939013679996,28.72939013679996,100.0
700,2,48.35532219261273,48.35532219261273,100.0
710,0,25.965068796292552,25.965068796292552,100.0
710,1,26.955265072533635,26.955265072533635,100.0
710,2,47.079666131173816,47.079666131173816,100.0
720,0,21.552374202926508,21.552374202926508,100.0
720,1,43.29705435576285,43.29705435576285,100.0
720,2,35.15057144131064,35.15057144131064,100.0
730,0,23.229789971089517,23.229789971089517,100.0
730,1,32.681623310174395,32.681623310174395,100.0
730,2,44.08858671873609,44.08858671873609,100.0
740,0,25.191721776537314,25.191721776537314,100.0
740,1,28.50881735018918,28.50881735018918,100.0
740,2,46.29946087327351,46.29946087327351,100.0
750,0,24.132821787255686,24.132821787255686,100.0
750,1,27.469167181017273,27.469167181017273,100.0
750,2,48.398011031727044,48.398011031727044,100.0
760,0,30.31866704542474,30.31866704542474,100.0
760,1,27.54008024187753,27.54008024187753,100.0
760,2,42.14125271269773,42.14125271269773,100.0
770,0,21.029210403262667,21.029210403262667,100.0
770,1,42.896995294983995,42.896995294983995,100.0
770,2,36.073794301753345,36.073794301753345,100.0
780,0,21.61706458506381,21.61706458506381,100.0
780,1,41.48158291348445,41.48158291348445,100.0
780,2,36.90135250145173,36.90135250145173,100.0
790,0,21.247325556796284,21.247325556796284,100.0
790,1,40.17656958758943,40.17656958758943,100.0
790,2,38.57610485561429,38.57610485561429,100.0
800,0,21.62979133831029,21.62979133831029,100.0
800,1,41.3666679360813,41.3666679360813,100.0
800,2,37.00354072560842,37.00354072560842,100.0
810,0,23.272192141081348,23.272192141081348,100.0
810,1,30.015552701142468,30.015552701142468,100.0
810,2,46.712255157776184,46.712255157776184,100.0
820,0,21.78816623906947,21.78816623906947,100.0
820,1,44.57561322386466,44.57561322386466,100.0
820,2,33.63622053706588,33.63622053706588,100.0
830,0,21.726645108404913,21.726645108404913,100.0
830,1,33.28341909000008,33.28341909000008,100.0
830,2,44.98993580159502,44.98993580159502,100.0
840,0,21.986638762580203,21.986638762580203,100.0
840,1,42.39414709994089,42.39414709994089,100.0
840,2,35.619214137478906,35.619214137478906,100.0
850,0,23.914388175972412,23.914388175972412,100.0
850,1,28.952406848067024,28.952406848067024,100.0
850,2,47.13320497596057,47.13320497596057,100.0
860,0,21.365270853199558,21.365270853199558,100.0
860,1,41.749309428281464,41.749309428281464,100.0
860,2,36.885419718518975,36.885419718518975,100.0
870,0,21.372611471868282,21.372611471868282,100.0
870,1,40.04736106501191,40.04736106501191,100.0
870,2,38.580027463119805,38.580027463119805,100.0
880,0,21.345165037081244,21.345165037081244,100.0
880,1,40.20038688579096,40.20038688579096,100.0
880,2,38.45444807712779,38.45444807712779,100.0
890,0,20.634035702557167,20.634035702557167,100.0
890,1,43.4023560077893,43.4023560077893,100.0
890,2,35.963608289653536,35.963608289653536,100.0
900,0,23.728500899237854,23.728500899237854,100.0
900,1,40.32261634199785,40.32261634199785,100.0
900,2,35.94888275876429,35.94888275876429,100.0
910,0,24.448072104644762,24.448072104644762,100.0
910,1,36.710497824046094,36.710497824046094,100.0
910,2,38.84143007130915,38.84143007130915,100.0
920,0,21.281145086643416,21.281145086643416,100.0
920,1,37.4500231133163,37.4500231133163,100.0
920,2,41.26883180004028,41.26883180004028,100.0
930,0,20.96021464288452,20.96021464288452,100.0
930,1,39.48892676589188,39.48892676589188,100.0
930,2,39.550858591223594,39.550858591223594,100.0
940,0,24.048631438018283,24.048631438018283,100.0
940,1,27.45433844179928,27.45433844179928,100.0
940,2,48.49703012018244,48.49703012018244,100.0
950,0,22.59138502458524,22.59138502458524,100.0
950,1,29.31519065339331,29.31519065339331,100.0
950,2,48.09342432202145,48.09342432202145,100.0
960,0,22.546174487949187,22.546174487949187,100.0
960,1,30.63346910748851,30.63346910748851,100.0
960,2,46.82035640456231,46.82035640456231,100.0
970,0,22.530312481894494,22.530312481894494,100.0
970,1,35.141775543693335,35.141775543693335,100.0
970,2,42.32791197441218,42.32791197441218,100.0
980,0,22.0074576488265,22.0074576488265,100.0
980,1,37.95480329388832,37.95480329388832,100.0
980,2,40.037739057285194,40.037739057285194,100.0
990,0,24.701589796472092,24.701589796472092,100.0
990,1,31.34637787847636,31.34637787847636,100.0
990,2,43.95203232505155,43.95203232505155,100.0
1000,0,23.566905949667234,23.566905949667234,100.0
1000,1,26.033849989990514,26.033849989990514,100.0
1000,2,50.39924406034226,50.39924406034226,100.0
1010,0,21.629474013021422,21.629474013021422,100.0
1010,1,45.12099229163452,45.12099229163452,100.0
1010,2,33.249533695344056,33.249533695344056,100.0
1020,0,23.392362705390024,23.392362705390024,100.0
1020,1,26.212798887808137,26.212798887808137,100.0
1020,2,50.39483840680183,50.39483840680183,100.0
1030,0,20.433500235270404,20.433500235270404,100.0
1030,1,43.170373750274756,43.170373750274756,100.0
1030,2,36.39612601445485,36.39612601445485,100.0
1040,0,27.354424478517437,27.354424478517437,100.0
1040,1,26.39026309706286,26.39026309706286,100.0
1040,2,46.2553124244197,46.2553124244197,100.0
1050,0,21.29871990768843,21.29871990768843,100.0
1050,1,39.70983318869881,39.70983318869881,100.0
1050,2,38.99144690361276,38.99144690361276,100.0
1060,0,21.560458382171163,21.560458382171163,100.0
1060,1,39.40419959062774,39.40419959062774,100.0
1060,2,39.03534202720109,39.03534202720109,100.0
1070,0,23.20021105291994,23.20021105291994,100.0
1070,1,29.755753787593953,29.755753787593953,100.0
1070,2,47.04403515948611,47.04403515948611,100.0
1080,0,21.09656859500483,21.09656859500483,100.0
1080,1,43.95027907902013,43.95027907902013,100.0
1080,2,34.95315232597504,34.95315232597504,100.0
1090,0,22.51311726389075,22.51311726389075,100.0
1090,1,37.71344621415097,37.71344621415097,100.0
1090,2,39.773436521958274,39.773436521958274,100.0
1100,0,25.398294219051497,25.398294219051497,100.0
1100,1,28.009586103830443,28.009586103830443,100.0
1100,2,46.59211967711806,46.59211967711806,100.0
1110,0,21.96619236130731,21.96619236130731,100.0
1110,1,39.73264547136461,39.73264547136461,100.0
1110,2,38.30116216732807,38.30116216732807,100.0
1120,0,20.528998663782765,20.528998663782765,100.0
1120,1,43.62549627064707,43.62549627064707,100.0
1120,2,35.84550506557016,35.84550506557016,100.0
1130,0,24.998187658446174,24.998187658446174,100.0
1130,1,26.84930555074917,26.84930555074917,100.0
1130,2,48.15250679080466,48.15250679080466,100.0
1140,0,22.967197368151883,22.967197368151883,100.0
1140,1,26.868681762750864,26.868681762750864,100.0
1140,2,50.16412086909725,50.16412086909725,100.0
1150,0,22.9196768547135,22.9196768547135,100.0
1150,1,35.86131552357771,35.86131552357771,100.0
1150,2,41.21900762170879,41.21900762170879,100.0
1160,0,23.5880109150036,23.5880109150036,100.0
1160,1,40.35806479445314,40.35806479445314,100.0
1160,2,36.05392429054326,36.05392429054326,100.0
1170,0,21.095214660839602,21.095214660839602,100.0
1170,1,39.058289855762155,39.058289855762155,100.0
1170,2,39.84649548339825,39.84649548339825,100.0
1180,0,21.918414818701876,21.918414818701876,100.0
1180,1,36.23646728106756,36.23646728106756,100.0
1180,2,41.84511790023056,41.84511790023056,100.0
1190,0,25.30547513728225,25.30547513728225,100.0
1190,1,28.128424721193014,28.128424721193014,100.0
1190,2,46.56610014152474,46.56610014152474,100.0
1200,0,22.632261131478682,22.632261131478682,100.0
1200,1,35.35661118949008,35.35661118949008,100.0
1200,2,42.011127679031226,42.011127679031226,100.0
1210,0,22.092357070727317,22.092357070727317,100.0
1210,1,32.67096341463213,32.67096341463213,100.0
1210,2,45.23667951464056,45.23667951464056,100.0
1220,0,22.226710480676573,22.226710480676573,100.0
1220,1,32.56959673835049,32.56959673835049,100.0
1220,2,45.203692780972936,45.203692780972936,100.0
1230,0,23.55778562263275,23.55778562263275,100.0
1230,1,32.21365210918704,32.21365210918704,100.0
1230,2,44.22856226818021,44.22856226818021,100.0
1240,0,21.42971681531301,21.42971681531301,100.0
1240,1,34.26597045201467,34.26597045201467,100.0
1240,2,44.304312732672315,44.304312732672315,100.0
1250,0,24.37092956792817,24.37092956792817,100.0
1250,1,32.96974086851125,32.96974086851125,100.0
1250,2,42.65932956356058,42.65932956356058,100.0
1260,0,21.476703156669867,21.476703156669867,100.0
1260,1,40.59082769254731,40.59082769254731,100.0
1260,2,37.932469150782836,37.932469150782836,100.0
1270,0,22.3121035772945,22.3121035772945,100.0
1270,1,36.953411164382864,36.953411164382864,100.0
1270,2,40.734485258322636,40.734485258322636,100.0
1280,0,21.653309332522117,21.653309332522117,100.0
1280,1,40.47837243613536,40.47837243613536,100.0
1280,2,37.86831823134253,37.86831823134253,100.0
1290,0,23.54292563741665,23.54292563741665,100.0
1290,1,27.602513006170565,27.602513006170565,100.0
1290,2,48.85456135641279,48.85456135641279,100.0
1300,0,24.345899860815194,24.345899860815194,100.0
1300,1,27.838691045481067,27.838691045481067,100.0
1300,2,47.815409093703735,47.815409093703735,100.0
1310,0,25.98956762583927,25.98956762583927,100.0
1310,1,38.85230138687913,38.85230138687913,100.0
1310,2,35.1581309872816,35.1581309872816,100.0
1320,0,21.45971825237326,21.45971825237326,100.0
1320,1,40.0167244840447,40.0167244840447,100.0
1320,2,38.523557263582035,38.523557263582035,100.0
1330,0,21.70120785139949,21.70120785139949,100.0
1330,1,40.97481681351029,40.97481681351029,100.0
1330,2,37.32397533509022,37.32397533509022,100.0
1340,0,22.929698265586794,22.929698265586794,100.0
1340,1,27.364332405266584,27.364332405266584,100.0
1340,2,49.70596932914662,49.70596932914662,100.0
1350,0,21.47430149529371,21.47430149529371,100.0
1350,1,40.696431256116554,40.696431256116554,100.0
1350,2,37.829267248589744,37.829267248589744,100.0
1360,0,23.364173049886602,23.364173049886602,100.0
1360,1,25.878222677423825,25.878222677423825,100.0
1360,2,50.75760427268957,50.75760427268957,100.0
1370,0,26.680595582643708,26.680595582643708,100.0
1370,1,25.275379836347195,25.275379836347195,100.0
1370,2,48.04402458100911,48.04402458100911,100.0
1380,0,22.65069553695847,22.65069553695847,100.0
1380,1,35.466128487560944,35.466128487560944,100.0
1380,2,41.88317597548059,41.88317597548059,100.0
1390,0,23.395381448089914,23.395381448089914,100.0
1390,1,30.581011593885044,30.581011593885044,100.0
1390,2,46.023606958025056,46.023606958025056,100.0
1400,0,20.8340124297313,20.8340124297313,100.0
1400,1,43.08609271893988,43.08609271893988,100.0
1400,2,36.07989485132882,36.07989485132882,100.0
1410,0,22.4771953036698,22.4771953036698,100.0
1410,1,36.397326518235744,36.397326518235744,100.0
1410,2,41.12547817809446,41.12547817809446,100.0
1420,0,23.375164605962766,23.375164605962766,100.0
1420,1,26.1911564567978,26.1911564567978,100.0
1420,2,50.43367893723945,50.43367893723945,100.0
1430,0,23.19236445486502,23.19236445486502,100.0
1430,1,39.55072221123107,39.55072221123107,100.0
1430,2,37.25691333390392,37.25691333390392,100.0
1440,0,20.368251213963894,20.368251213963894,100.0
1440,1,42.950979105622444,42.950979105622444,100.0
1440,2,36.68076968041367,36.68076968041367,100.0
1450,0,23.627855298337373,23.627855298337373,100.0
1450,1,28.06879262836549,28.06879262836549,100.0
1450,2,48.303352073297134,48.303352073297134,100.0
1460,0,20.85377590121001,20.85377590121001,100.0
1460,1,43.12698697315401,43.12698697315401,100.0
1460,2,36.01923712563598,36.01923712563598,100.0
1470,0,21.37920520801989,21.37920520801989,100.0
1470,1,43.48131416819921,43.48131416819921,100.0
1470,2,35.13948062378091,35.13948062378091,100.0
1480,0,24.353288925965643,24.353288925965643,100.0
1480,1,30.35102233584278,30.35102233584278,100.0
1480,2,45.29568873819158,45.29568873819158,100.0
1490,0,22.74014651403421,22.74014651403421,100.0
1490,1,33.482220049151586,33.482220049151586,100.0
1490,2,43.777633436814206,43.777633436814206,100.0
1500,0,22.312286506867167,22.312286506867167,100.0
1500,1,36.4576927235186,36.4576927235186,100.0
1500,2,41.23002076961424,41.23002076961424,100.0
1510,0,22.81546198801844,22.81546198801844,100.0
1510,1,36.52842589415441,36.52842589415441,100.0
1510,2,40.656112117827156,40.656112117827156,100.0
1520,0,21.890800907516617,21.890800907516617,100.0
1520,1,37.220041214962826,37.220041214962826,100.0
1520,2,40.88915787752056,40.88915787752056,100.0
1530,0,21.83734982746071,21.83734982746071,100.0
1530,1,37.24440904506283,37.24440904506283,100.0
1530,2,40.918241127476456,40.918241127476456,100.0
1540,0,23.108727484035995,23.108727484035995,100.0
1540,1,30.846653888679064,30.846653888679064,100.0
1540,2,46.04461862728495,46.04461862728495,100.0
1550,0,23.749278553556504,23.749278553556504,100.0
1550,1,42.27539228736487,42.27539228736487,100.0
1550,2,33.97532915907863,33.97532915907863,100.0
1560,0,20.619829008930914,20.619829008930914,100.0
1560,1,42.80022651493148,42.80022651493148,100.0
1560,2,36.579944476137605,36.579944476137605,100.0
1570,0,22.760001150933462,22.760001150933462,100.0
1570,1,32.74553316404872,32.74553316404872,100.0
1570,2,44.49446568501782,44.49446568501782,100.0
1580,0,22.813664789516736,22.813664789516736,100.0
1580,1,31.70943142084168,31.70943142084168,100.0
1580,2,45.47690378964159,45.47690378964159,100.0
1590,0,20.68486699227005,20.68486699227005,100.0
1590,1,40.010943856399784,40.010943856399784,100.0
1590,2,39.304189151330164,39.304189151330164,100.0
1600,0,21.970733764092927,21.970733764092927,100.0
1600,1,42.66855363672587,42.66855363672587,100.0
1600,2,35.3607125991812,35.3607125991812,100.0
1610,0,20.839722232807496,20.839722232807496,100.0
1610,1,42.18927445599614,42.18927445599614,100.0
1610,2,36.97100331119636,36.97100331119636,100.0
1620,0,21.12607749443731,21.12607749443731,100.0
1620,1,44.86698641103041,44.86698641103041,100.0
1620,2,34.00693609453228,34.00693609453228,100.0
1630,0,20.51180252971459,20.51180252971459,100.0
1630,1,41.51370946517762,41.51370946517762,100.0
1630,2,37.9744880051078,37.9744880051078,100.0
1640,0,25.980727520208568,25.980727520208568,100.0
1640,1,27.376839194789014,27.376839194789014,100.0
1640,2,46.64243328500242,46.64243328500242,100.0
1650,0,22.095410632189743,22.095410632189743,100.0
1650,1,39.98676520627518,39.98676520627518,100.0
1650,2,37.91782416153508,37.91782416153508,100.0
1660,0,22.78265558956915,22.78265558956915,100.0
1660,1,31.891789431319427,31.891789431319427,100.0
1660,2,45.32555497911142,45.32555497911142,100.0
1670,0,24.848129613711173,24.848129613711173,100.0
1670,1,25.932882601286416,25.932882601286416,100.0
1670,2,49.21898778500241,49.21898778500241,100.0
1680,0,20.851706864882942,20.851706864882942,100.0
1680,1,43.2020201617877,43.2020201617877,100.0
1680,2,35.946272973329364,35.946272973329364,100.0
1690,0,22.15815636312296,22.15815636312296,100.0
1690,1,40.893817049351284,40.893817049351284,100.0
1690,2,36.94802658752575,36.94802658752575,100.0
1700,0,27.81262337749204,27.81262337749204,100.0
1700,1,27.133267845587426,27.133267845587426,100.0
1700,2,45.05410877692053,45.05410877692053,100.0
1710,0,23.048535123769955,23.048535123769955,100.0
1710,1,38.291772107977685,38.291772107977685,100.0
1710,2,38.659692768252356,38.659692768252356,100.0
1720,0,21.14813939619114,21.14813939619114,100.0
1720,1,40.449278410675795,40.449278410675795,100.0
1720,2,38.40258219313307,38.40258219313307,100.0
1730,0,22.512479907256715,22.512479907256715,100.0
1730,1,30.578218745410357,30.578218745410357,100.0
1730,2,46.90930134733293,46.90930134733293,100.0
1740,0,24.77114571934545,24.77114571934545,100.0
1740,1,32.92786423835021,32.92786423835021,100.0
1740,2,42.300990042304335,42.300990042304335,100.0
1750,0,21.81799243802449,21.81799243802449,100.0
1750,1,34.91174098405859,34.91174098405859,100.0
1750,2,43.270266577916914,43.270266577916914,100.0
1760,0,27.82515305493265,27.82515305493265,100.0
1760,1,40.797023328294976,40.797023328294976,100.0
1760,2,31.37782361677237,31.37782361677237,100.0
1770,0,22.88348335078558,22.88348335078558,100.0
1770,1,26.45537057451502,26.45537057451502,100.0
1770,2,50.6611460746994,50.6611460746994,100.0
1780,0,22.56313965370897,22.56313965370897,100.0
1780,1,30.224234923957322,30.224234923957322,100.0
1780,2,47.212625422333716,47.212625422333716,100.0
1790,0,25.30629708737329,25.30629708737329,100.0
1790,1,29.575161849954632,29.575161849954632,100.0
1790,2,45.11854106267207,45.11854106267207,100.0
1800,0,24.11355545657365,24.11355545657365,100.0
1800,1,38.66201757408577,38.66201757408577,100.0
1800,2,37.224426969340584,37.224426969340584,100.0
1810,0,23.513476679009216,23.513476679009216,100.0
1810,1,28.20932444213448,28.20932444213448,100.0
1810,2,48.277198878856304,48.277198878856304,100.0
1820,0,23.98545901890233,23.98545901890233,100.0
1820,1,34.85125377774688,34.85125377774688,100.0
1820,2,41.1632872033508,41.1632872033508,100.0
1830,0,22.459300535607113,22.459300535607113,100.0
1830,1,36.34591047172722,36.34591047172722,100.0
1830,2,41.19478899266567,41.19478899266567,100.0
1840,0,22.067952726530542,22.067952726530542,100.0
1840,1,33.56176009657976,33.56176009657976,100.0
1840,2,44.37028717688969,44.37028717688969,100.0
1850,0,22.15790082214496,22.15790082214496,100.0
1850,1,39.18040824371422,39.18040824371422,100.0
1850,2,38.66169093414082,38.66169093414082,100.0
1860,0,23.97066550014725,23.97066550014725,100.0
1860,1,35.6923040686543,35.6923040686543,100.0
1860,2,40.33703043119846,40.33703043119846,100.0
1870,0,23.24254096234619,23.24254096234619,100.0
1870,1,33.64480084230314,33.64480084230314,100.0
1870,2,43.11265819535067,43.11265819535067,100.0
1880,0,21.48402172365226,21.48402172365226,100.0
1880,1,34.59681787721798,34.59681787721798,100.0
1880,2,43.91916039912976,43.91916039912976,100.0
1890,0,23.61771325424799,23.61771325424799,100.0
1890,1,26.396181933116296,26.396181933116296,100.0
1890,2,49.986104812635716,49.986104812635716,100.0
1900,0,25.586612901517775,25.586612901517775,100.0
1900,1,25.94469675947424,25.94469675947424,100.0
1900,2,48.468690339007985,48.468690339007985,100.0
1910,0,23.831219076423004,23.831219076423004,100.0
1910,1,30.77997888558166,30.77997888558166,100.0
1910,2,45.38880203799533,45.38880203799533,100.0
1920,0,22.68557969936873,22.68557969936873,100.0
1920,1,31.439467177782383,31.439467177782383,100.0
1920,2,45.874953122848886,45.874953122848886,100.0
1930,0,23.385615757339835,23.385615757339835,100.0
1930,1,28.550025900394395,28.550025900394395,100.0
1930,2,48.06435834226577,48.06435834226577,100.0
1940,0,21.612022850129755,21.612022850129755,100.0
1940,1,43.63040993267053,43.63040993267053,100.0
1940,2,34.757567217199714,34.757567217199714,100.0
1950,0,21.594984946165578,21.594984946165578,100.0
1950,1,39.27688416543088,39.27688416543088,100.0
1950,2,39.12813088840355,39.12813088840355,100.0
1960,0,22.998471404082405,22.998471404082405,100.0
1960,1,29.058792252772665,29.058792252772665,100.0
1960,2,47.94273634314493,47.94273634314493,100.0
1970,0,22.609463714975178,22.609463714975178,100.0
1970,1,38.260734129574885,38.260734129574885,100.0
1970,2,39.12980215544993,39.12980215544993,100.0
1980,0,24.145783869241598,24.145783869241598,100.0
1980,1,29.210530879391428,29.210530879391428,100.0
1980,2,46.643685251366975,46.643685251366975,100.0
1990,0,22.251324383215405,22.251324383215405,100.0
1990,1,29.879812548004697,29.879812548004697,100.0
1990,2,47.8688630687799,47.8688630687799,100.0
2000,0,22.34313183214259,22.34313183214259,100.0
2000,1,39.149491788943614,39.149491788943614,100.0
2000,2,38.5073763789138,38.5073763789138,100.0
2010,0,24.1811357585498,24.1811357585498,100.0
2010,1,30.061052779820653,30.061052779820653,100.0
2010,2,45.75781146162955,45.75781146162955,100.0
2020,0,26.081559039748058,26.081559039748058,100.0
2020,1,32.766553984067,32.766553984067,100.0
2020,2,41.15188697618493,41.15188697618493,100.0
2030,0,21.92464431369367,21.92464431369367,100.0
2030,1,46.39319886973334,46.39319886973334,100.0
2030,2,31.682156816573,31.682156816573,100.0
2040,0,23.244349363386718,23.244349363386718,100.0
2040,1,30.291857725240096,30.291857725240096,100.0
2040,2,46.46379291137319,46.46379291137319,100.0
2050,0,22.41895764537232,22.41895764537232,100.0
2050,1,42.741529281667056,42.741529281667056,100.0
2050,2,34.83951307296063,34.83951307296063,100.0
2060,0,22.995327056748188,22.995327056748188,100.0
2060,1,35.400158059575354,35.400158059575354,100.0
2060,2,41.60451488367646,41.60451488367646,100.0
2070,0,22.783107871227553,22.783107871227553,100.0
2070,1,34.69445335053068,34.69445335053068,100.0
2070,2,42.522438778241764,42.522438778241764,100.0
2080,0,21.90216994388131,21.90216994388131,100.0
2080,1,37.09357897151358,37.09357897151358,100.0
2080,2,41.00425108460511,41.00425108460511,100.0
2090,0,21.53685404608848,21.53685404608848,100.0
2090,1,35.69514785735807,35.69514785735807,100.0
2090,2,42.76799809655344,42.76799809655344,100.0
2100,0,20.858171826852683,20.858171826852683,100.0
2100,1,43.1796034364451,43.1796034364451,100.0
2100,2,35.96222473670221,35.96222473670221,100.0
2110,0,23.81954894406273,23.81954894406273,100.0
2110,1,28.282566549960315,28.282566549960315,100.0
2110,2,47.897884505976954,47.897884505976954,100.0
2120,0,20.8776839334273,20.8776839334273,100.0
2120,1,39.982496477826736,39.982496477826736,100.0
2120,2,39.13981958874597,39.13981958874597,100.0
2130,0,20.953621913401758,20.953621913401758,100.0
2130,1,41.47822342291265,41.47822342291265,100.0
2130,2,37.56815466368559,37.56815466368559,100.0
2140,0,23.04908243770351,23.04908243770351,100.0
2140,1,28.774066298288865,28.774066298288865,100.0
2140,2,48.176851264007624,48.176851264007624,100.0
2150,0,22.816105873369803,22.816105873369803,100.0
2150,1,34.924341851612084,34.924341851612084,100.0
2150,2,42.259552275018116,42.259552275018116,100.0
2160,0,23.477027348969266,23.477027348969266,100.0
2160,1,26.407850098815562,26.407850098815562,100.0
2160,2,50.115122552215176,50.115122552215176,100.0
2170,0,22.27797425097297,22.27797425097297,100.0
2170,1,33.332067534058915,33.332067534058915,100.0
2170,2,44.38995821496811,44.38995821496811,100.0
2180,0,22.958177275062244,22.958177275062244,100.0
2180,1,35.12711579218541,35.12711579218541,100.0
2180,2,41.91470693275235,41.91470693275235,100.0
2190,0,21.534309252029004,21.534309252029004,100.0
2190,1,42.26400423108983,42.26400423108983,100.0
2190,2,36.20168651688117,36.20168651688117,100.0
2200,0,21.88691688256065,21.88691688256065,100.0
2200,1,39.13440236326618,39.13440236326618,100.0
2200,2,38.97868075417317,38.97868075417317,100.0
2210,0,25.62027089720045,25.62027089720045,100.0
2210,1,33.06644924479506,33.06644924479506,100.0
2210,2,41.31327985800449,41.31327985800449,100.0
2220,0,22.267428136733383,22.267428136733383,100.0
2220,1,36.64034680647608,36.64034680647608,100.0
2220,2,41.09222505679053,41.09222505679053,100.0
2230,0,25.228310928068176,25.228310928068176,100.0
2230,1,30.440166074250353,30.440166074250353,100.0
2230,2,44.33152299768147,44.33152299768147,100.0
2240,0,23.193493222268653,23.193493222268653,100.0
2240,1,40.193874340385015,40.193874340385015,100.0
2240,2,36.612632437346335,36.612632437346335,100.0
2250,0,21.84785022656493,21.84785022656493,100.0
2250,1,39.116462155740884,39.116462155740884,100.0
2250,2,39.035687617694194,39.035687617694194,100.0
2260,0,21.632637605145952,21.632637605145952,100.0
2260,1,41.05059060256727,41.05059060256727,100.0
2260,2,37.31677179228677,37.31677179228677,100.0
2270,0,22.346590079048042,22.346590079048042,100.0
2270,1,38.162642283558704,38.162642283558704,100.0
2270,2,39.490767637393255,39.490767637393255,100.0
2280,0,21.050434618674107,21.050434618674107,100.0
2280,1,44.55851866796327,44.55851866796327,100.0
2280,2,34.39104671336261,34.39104671336261,100.0
2290,0,23.70053503309672,23.70053503309672,100.0
2290,1,39.155324845645666,39.155324845645666,100.0
2290,2,37.14414012125762,37.14414012125762,100.0
2300,0,23.35530262257201,23.35530262257201,100.0
2300,1,27.333709484638458,27.333709484638458,100.0
2300,2,49.31098789278954,49.31098789278954,100.0
2310,0,21.992016351297693,21.992016351297693,100.0
2310,1,39.43966135145377,39.43966135145377,100.0
2310,2,38.568322297248535,38.568322297248535,100.0
2320,0,25.147097921765056,25.147097921765056,100.0
2320,1,27.739261950934658,27.739261950934658,100.0
2320,2,47.113640127300286,47.113640127300286,100.0
2330,0,23.81499802204081,23.81499802204081,100.0
2330,1,35.26568831682584,35.26568831682584,100.0
2330,2,40.91931366113335,40.91931366113335,100.0
2340,0,21.905933035638142,21.905933035638142,100.0
2340,1,38.11858041552216,38.11858041552216,100.0
2340,2,39.97548654883969,39.97548654883969,100.0
2350,0,22.374223342827023,22.374223342827023,100.0
2350,1,32.561294789080506,32.561294789080506,100.0
2350,2,45.06448186809247,45.06448186809247,100.0
2360,0,23.95880241245192,23.95880241245192,100.0
2360,1,28.885057447684975,28.885057447684975,100.0
2360,2,47.1561401398631,47.1561401398631,100.0
2370,0,24.221359634999224,24.221359634999224,100.0
2370,1,26.422531508839775,26.422531508839775,100.0
2370,2,49.356108856161,49.356108856161,100.0
2380,0,25.857689517270888,25.857689517270888,100.0
2380,1,28.152018952631664,28.152018952631664,100.0
2380,2,45.99029153009745,45.99029153009745,100.0
2390,0,23.94335837107987,23.94335837107987,100.0
2390,1,39.251670796724106,39.251670796724106,100.0
2390,2,36.80497083219603,36.80497083219603,100.0
2400,0,25.18887865451506,25.18887865451506,100.0
2400,1,27.950265636354093,27.950265636354093,100.0
2400,2,46.860855709130846,46.860855709130846,100.0
2410,0,23.622681037372967,23.622681037372967,100.0
2410,1,40.27547509336955,40.27547509336955,100.0
2410,2,36.10184386925748,36.10184386925748,100.0
2420,0,24.975225475613634,24.975225475613634,100.0
2420,1,29.532032371759964,29.532032371759964,100.0
2420,2,45.492742152626406,45.492742152626406,100.0
2430,0,23.990297263042137,23.990297263042137,100.0
2430,1,41.04524438163595,41.04524438163595,100.0
2430,2,34.96445835532191,34.96445835532191,100.0
2440,0,23.976448105898722,23.976448105898722,100.0
2440,1,33.37397335526832,33.37397335526832,100.0
2440,2,42.64957853883296,42.64957853883296,100.0
2450,0,22.996902688742825,22.996902688742825,100.0
2450,1,34.68838998918983,34.68838998918983,100.0
2450,2,42.31470732206734,42.31470732206734,100.0
2460,0,21.492278376151084,21.492278376151084,100.0
2460,1,40.45241665742917,40.45241665742917,100.0
2460,2,38.05530496641974,38.05530496641974,100.0
2470,0,25.092241579214008,25.092241579214008,100.0
2470,1,30.951410022032285,30.951410022032285,100.0
2470,2,43.95634839875371,43.95634839875371,100.0
2480,0,21.94330883088226,21.94330883088226,100.0
2480,1,38.6369533634237,38.6369533634237,100.0
2480,2,39.41973780569404,39.41973780569404,100.0
2490,0,22.715555641438417,22.715555641438417,100.0
2490,1,35.2340754075829,35.2340754075829,100.0
2490,2,42.05036895097869,42.05036895097869,100.0
2500,0,24.870410917401653,24.870410917401653,100.0
2500,1,41.55103508175182,41.55103508175182,100.0
2500,2,33.57855400084653,33.57855400084653,100.0
2510,0,22.307230429569678,22.307230429569678,100.0
2510,1,32.009594442542245,32.009594442542245,100.0
2510,2,45.683175127888084,45.683175127888084,100.0
2520,0,20.747135072250774,20.747135072250774,100.0
2520,1,44.67610070761013,44.67610070761013,100.0
2520,2,34.5767642201391,34.5767642201391,100.0
2530,0,22.730377387982976,22.730377387982976,100.0
2530,1,35.1640949670102,35.1640949670102,100.0
2530,2,42.10552764500682,42.10552764500682,100.0
2540,0,25.369628133817955,25.369628133817955,100.0
2540,1,36.585147874382585,36.585147874382585,100.0
2540,2,38.04522399179946,38.04522399179946,100.0
2550,0,21.668149922747904,21.668149922747904,100.0
2550,1,36.449148837783056,36.449148837783056,100.0
2550,2,41.882701239469036,41.882701239469036,100.0
2560,0,22.97577667629145,22.97577667629145,100.0
2560,1,27.301960960557082,27.301960960557082,100.0
2560,2,49.72226236315147,49.72226236315147,100.0
2570,0,22.182643144276355,22.182643144276355,100.0
2570,1,33.175121653758595,33.175121653758595,100.0
2570,2,44.64223520196506,44.64223520196506,100.0
2580,0,27.302222797507312,27.302222797507312,100.0
2580,1,28.958224804542944,28.958224804542944,100.0
2580,2,43.739552397949744,43.739552397949744,100.0
2590,0,23.791725678347778,23.791725678347778,100.0
2590,1,30.248526716144656,30.248526716144656,100.0
2590,2,45.959747605507566,45.959747605507566,100.0
2600,0,22.87872088598797,22.87872088598797,100.0
2600,1,25.906394637187862,25.906394637187862,100.0
2600,2,51.21488447682416,51.21488447682416,100.0
2610,0,22.724592368218882,22.724592368218882,100.0
2610,1,33.9192347906704,33.9192347906704,100.0
2610,2,43.356172841110705,43.356172841110705,100.0
2620,0,22.19139082209932,22.19139082209932,100.0
2620,1,39.585134895069395,39.585134895069395,100.0
2620,2,38.22347428283128,38.22347428283128,100.0
2630,0,22.61101906507519,22.61101906507519,100.0
2630,1,27.66997413302827,27.66997413302827,100.0
2630,2,49.71900680189654,49.71900680189654,100.0
2640,0,22.349875033210427,22.349875033210427,100.0
2640,1,31.79652634368978,31.79652634368978,100.0
2640,2,45.85359862309979,45.85359862309979,100.0
2650,0,23.994185341786046,23.994185341786046,100.0
2650,1,34.445981306679435,34.445981306679435,100.0
2650,2,41.559833351534515,41.559833351534515,100.0
2660,0,21.178874772368683,21.178874772368683,100.0
2660,1,42.190358425780715,42.190358425780715,100.0
2660,2,36.630766801850605,36.630766801850605,100.0
2670,0,20.409351431336116,20.409351431336116,100.0
2670,1,43.529050972943395,43.529050972943395,100.0
2670,2,36.0615975957205,36.0615975957205,100.0
2680,0,22.754290106457127,22.754290106457127,100.0
2680,1,37.61930404890154,37.61930404890154,100.0
2680,2,39.626405844641326,39.626405844641326,100.0
2690,0,23.913300118970625,23.913300118970625,100.0
2690,1,27.27506947622028,27.27506947622028,100.0
2690,2,48.811630404809094,48.811630404809094,100.0
2700,0,24.493900243881242,24.493900243881242,100.0
2700,1,34.13943275478642,34.13943275478642,100.0
2700,2,41.36666700133234,41.36666700133234,100.0
2710,0,23.990998354567203,23.990998354567203,100.0
2710,1,26.953586950314424,26.953586950314424,100.0
2710,2,49.05541469511838,49.05541469511838,100.0
2720,0,22.826668716279876,22.826668716279876,100.0
2720,1,33.9335383777756,33.9335383777756,100.0
2720,2,43.239792905944526,43.239792905944526,100.0
2730,0,23.799280936943596,23.799280936943596,100.0
2730,1,30.22175987104379,30.22175987104379,100.0
2730,2,45.97895919201262,45.97895919201262,100.0
2740,0,22.51484449053185,22.51484449053185,100.0
2740,1,38.59774030565406,38.59774030565406,100.0
2740,2,38.88741520381409,38.88741520381409,100.0
2750,0,22.909741388688236,22.909741388688236,100.0
2750,1,34.85344152197204,34.85344152197204,100.0
2750,2,42.23681708933973,42.23681708933973,100.0
2760,0,20.857368268935904,20.857368268935904,100.0
2760,1,39.529716899769475,39.529716899769475,100.0
2760,2,39.612914831294624,39.612914831294624,100.0
2770,0,22.607046333677555,22.607046333677555,100.0
2770,1,37.426411811133306,37.426411811133306,100.0
2770,2,39.96654185518913,39.96654185518913,100.0
2780,0,22.29700422977718,22.29700422977718,100.0
2780,1,36.725716234600135,36.725716234600135,100.0
2780,2,40.97727953562269,40.97727953562269,100.0
2790,0,22.481016059401306,22.481016059401306,100.0
2790,1,32.90110065613734,32.90110065613734,100.0
2790,2,44.61788328446135,44.61788328446135,100.0
2800,0,24.900075504448203,24.900075504448203,100.0
2800,1,39.13966377477555,39.13966377477555,100.0
2800,2,35.96026072077626,35.96026072077626,100.0
2810,0,21.277586856439207,21.277586856439207,100.0
2810,1,39.735746244460366,39.735746244460366,100.0
2810,2,38.98666689910042,38.98666689910042,100.0
2820,0,22.933392411889415,22.933392411889415,100.0
2820,1,34.07343840173363,34.07343840173363,100.0
2820,2,42.99316918637695,42.99316918637695,100.0
2830,0,22.17453344207972,22.17453344207972,100.0
2830,1,37.17368331612258,37.17368331612258,100.0
2830,2,40.65178324179771,40.65178324179771,100.0
2840,0,23.56488548208796,23.56488548208796,100.0
2840,1,32.75484685169886,32.75484685169886,100.0
2840,2,43.68026766621318,43.68026766621318,100.0
2850,0,21.060602869403652,21.060602869403652,100.0
2850,1,42.43907066344171,42.43907066344171,100.0
2850,2,36.50032646715464,36.50032646715464,100.0
2860,0,20.609015591787283,20.609015591787283,100.0
2860,1,41.966054389273175,41.966054389273175,100.0
2860,2,37.42493001893954,37.42493001893954,100.0
2870,0,22.7884414865255,22.7884414865255,100.0
2870,1,42.6311383208137,42.6311383208137,100.0
2870,2,34.58042019266081,34.58042019266081,100.0
2880,0,26.23767177532909,26.23767177532909,100.0
2880,1,30.544497773559858,30.544497773559858,100.0
2880,2,43.21783045111105,43.21783045111105,100.0
2890,0,22.196575486965244,22.196575486965244,100.0
2890,1,32.79952158190621,32.79952158190621,100.0
2890,2,45.00390293112854,45.00390293112854,100.0
2900,0,23.601504645473735,23.601504645473735,100.0
2900,1,25.59604487571524,25.59604487571524,100.0
2900,2,50.802450478811025,50.802450478811025,100.0
2910,0,22.086952755175115,22.086952755175115,100.0
2910,1,31.540909325151894,31.540909325151894,100.0
2910,2,46.37213791967299,46.37213791967299,100.0
2920,0,24.04610252282235,24.04610252282235,100.0
2920,1,36.78858661322093,36.78858661322093,100.0
2920,2,39.16531086395671,39.16531086395671,100.0
2930,0,22.50557171663548,22.50557171663548,100.0
2930,1,26.585256301503435,26.585256301503435,100.0
2930,2,50.90917198186109,50.90917198186109,100.0
2940,0,26.035532250608252,26.035532250608252,100.0
2940,1,26.032427490685045,26.032427490685045,100.0
2940,2,47.93204025870671,47.93204025870671,100.0
2950,0,21.000426124256784,21.000426124256784,100.0
2950,1,42.74787293540611,42.74787293540611,100.0
2950,2,36.25170094033711,36.25170094033711,100.0
2960,0,23.007829005116534,23.007829005116534,100.0
2960,1,25.781453575779217,25.781453575779217,100.0
2960,2,51.210717419104256,51.210717419104256,100.0
2970,0,22.81035742562742,22.81035742562742,100.0
2970,1,30.72954517942459,30.72954517942459,100.0
2970,2,46.460097394947994,46.460097394947994,100.0
2980,0,25.055604073804027,25.055604073804027,100.0
2980,1,29.63539137740262,29.63539137740262,100.0
2980,2,45.30900454879335,45.30900454879335,100.0
2990,0,21.092334139301187,21.092334139301187,100.0
2990,1,40.918573765358005,40.918573765358005,100.0
2990,2,37.989092095340816,37.989092095340816,100.0
3000,0,24.43152010181463,24.43152010181463,100.0
3000,1,36.991522836229294,36.991522836229294,100.0
3000,2,38.57695706195608,38.57695706195608,100.0
3010,0,23.566177161953966,23.566177161953966,100.0
3010,1,29.099401659002496,29.099401659002496,100.0
3010,2,47.33442117904354,47.33442117904354,100.0
3020,0,20.88237611582142,20.88237611582142,100.0
3020,1,39.82784288069959,39.82784288069959,100.0
3020,2,39.289781003478986,39.289781003478986,100.0
3030,0,21.734384081494255,21.734384081494255,100.0
3030,1,40.07026230361578,40.07026230361578,100.0
3030,2,38.19535361488997,38.19535361488997,100.0
3040,0,22.319001083992358,22.319001083992358,100.0
3040,1,30.994442726191284,30.994442726191284,100.0
3040,2,46.68655618981635,46.68655618981635,100.0
3050,0,21.229477425846575,21.229477425846575,100.0
3050,1,39.19395044751704,39.19395044751704,100.0
3050,2,39.576572126636385,39.576572126636385,100.0
3060,0,22.260805367441034,22.260805367441034,100.0
3060,1,36.661659759462275,36.661659759462275,100.0
3060,2,41.077534873096695,41.077534873096695,100.0
3070,0,23.81171195835747,23.81171195835747,100.0
3070,1,27.983143580464652,27.983143580464652,100.0
3070,2,48.20514446117788,48.20514446117788,100.0
3080,0,23.31572697652824,23.31572697652824,100.0
3080,1,38.37930929396109,38.37930929396109,100.0
3080,2,38.30496372951067,38.30496372951067,100.0
3090,0,22.687144228774827,22.687144228774827,100.0
3090,1,38.21066963773329,38.21066963773329,100.0
3090,2,39.102186133491884,39.102186133491884,100.0
3100,0,22.38561215756949,22.38561215756949,100.0
3100,1,29.657640313405707,29.657640313405707,100.0
3100,2,47.9567475290248,47.9567475290248,100.0
3110,0,22.442740194991988,22.442740194991988,100.0
3110,1,33.87747412349811,33.87747412349811,100.0
3110,2,43.679785681509905,43.679785681509905,100.0
3120,0,29.960940685245006,29.960940685245006,100.0
3120,1,31.901705190637752,31.901705190637752,100.0
3120,2,38.137354124117245,38.137354124117245,100.0
3130,0,22.804381779083048,22.804381779083048,100.0
3130,1,26.53293431088153,26.53293431088153,100.0
3130,2,50.66268391003542,50.66268391003542,100.0
3140,0,24.4474581808194,24.4474581808194,100.0
3140,1,29.74381330032924,29.74381330032924,100.0
3140,2,45.80872851885135,45.80872851885135,100.0
3150,0,22.458027798795452,22.458027798795452,100.0
3150,1,34.86318765833549,34.86318765833549,100.0
3150,2,42.67878454286906,42.67878454286906,100.0
3160,0,22.97006571726584,22.97006571726584,100.0
3160,1,30.947374796269195,30.947374796269195,100.0
3160,2,46.082559486464966,46.082559486464966,100.0
3170,0,22.636403922507036,22.636403922507036,100.0
3170,1,38.15411788591572,38.15411788591572,100.0
3170,2,39.209478191577254,39.209478191577254,100.0
3180,0,25.508419634713846,25.508419634713846,100.0
3180,1,26.01596233632892,26.01596233632892,100.0
3180,2,48.47561802895724,48.47561802895724,100.0
3190,0,22.82093984910626,22.82093984910626,100.0
3190,1,26.774207510362274,26.774207510362274,100.0
3190,2,50.40485264053146,50.40485264053146,100.0
3200,0,22.994988980591014,22.994988980591014,100.0
3200,1,40.361525281204436,40.361525281204436,100.0
3200,2,36.643485738204554,36.643485738204554,100.0
3210,0,22.304210070832724,22.304210070832724,100.0
3210,1,35.124391352060464,35.124391352060464,100.0
3210,2,42.57139857710681,42.57139857710681,100.0
3220,0,21.142392545632514,21.142392545632514,100.0
3220,1,42.97304151859641,42.97304151859641,100.0
3220,2,35.88456593577107,35.88456593577107,100.0
3230,0,21.12368328367492,21.12368328367492,100.0
3230,1,46.749417154368004,46.749417154368004,100.0
3230,2,32.12689956195708,32.12689956195708,100.0
3240,0,21.86986804309886,21.86986804309886,100.0
3240,1,35.596173875815516,35.596173875815516,100.0
3240,2,42.53395808108562,42.53395808108562,100.0
3250,0,23.08056646948363,23.08056646948363,100.0
3250,1,36.08012456493951,36.08012456493951,100.0
3250,2,40.83930896557686,40.83930896557686,100.0
3260,0,22.643030207147387,22.643030207147387,100.0
3260,1,35.628557041621264,35.628557041621264,100.0
3260,2,41.72841275123134,41.72841275123134,100.0
3270,0,23.258336612225623,23.258336612225623,100.0
3270,1,36.36389569634277,36.36389569634277,100.0
3270,2,40.37776769143161,40.37776769143161,100.0
3280,0,22.42134101092994,22.42134101092994,100.0
3280,1,35.637903019629604,35.637903019629604,100.0
3280,2,41.94075596944045,41.94075596944045,100.0
3290,0,23.44073776352783,23.44073776352783,100.0
3290,1,36.48811436791068,36.48811436791068,100.0
3290,2,40.07114786856149,40.07114786856149,100.0
3300,0,23.05652583666041,23.05652583666041,100.0
3300,1,29.240124679164126,29.240124679164126,100.0
3300,2,47.70334948417547,47.70334948417547,100.0
3310,0,25.648898893816774,25.648898893816774,100.0
3310,1,30.734658892864115,30.734658892864115,100.0
3310,2,43.61644221331911,43.61644221331911,100.0
3320,0,20.816852895452268,20.816852895452268,100.0
3320,1,42.41047000923892,42.41047000923892,100.0
3320,2,36.77267709530881,36.77267709530881,100.0
3330,0,24.05105818739794,24.05105818739794,100.0
3330,1,29.962425298819333,29.962425298819333,100.0
3330,2,45.986516513782725,45.986516513782725,100.0
3340,0,24.22784371224417,24.22784371224417,100.0
3340,1,30.21916389756163,30.21916389756163,100.0
3340,2,45.552992390194206,45.552992390194206,100.0
3350,0,20.990762924722983,20.990762924722983,100.0
3350,1,40.930525509641434,40.930525509641434,100.0
3350,2,38.07871156563558,38.07871156563558,100.0
3360,0,23.405338757053055,23.405338757053055,100.0
3360,1,32.723594530628716,32.723594530628716,100.0
3360,2,43.87106671231823,43.87106671231823,100.0
3370,0,23.133297817049076,23.133297817049076,100.0
3370,1,31.414354835081564,31.414354835081564,100.0
3370,2,45.45234734786936,45.45234734786936,100.0
3380,0,23.101352873300876,23.101352873300876,100.0
3380,1,30.090389017136467,30.090389017136467,100.0
3380,2,46.80825810956266,46.80825810956266,100.0
3390,0,23.53985195634411,23.53985195634411,100.0
3390,1,29.269781596666554,29.269781596666554,100.0
3390,2,47.19036644698934,47.19036644698934,100.0
3400,0,22.226527822878776,22.226527822878776,100.0
3400,1,32.340244783678045,32.340244783678045,100.0
3400,2,45.433227393443175,45.433227393443175,100.0
3410,0,26.608707070771974,26.608707070771974,100.0
3410,1,30.17641040851311,30.17641040851311,100.0
3410,2,43.21488252071491,43.21488252071491,100.0
3420,0,23.183953059083457,23.183953059083457,100.0
3420,1,28.197421866077164,28.197421866077164,100.0
3420,2,48.61862507483938,48.61862507483938,100.0
3430,0,24.590379759350693,24.590379759350693,100.0
3430,1,27.50178190100039,27.50178190100039,100.0
3430,2,47.907838339648926,47.907838339648926,100.0
3440,0,24.38242661907693,24.38242661907693,100.0
3440,1,29.69962880468205,29.69962880468205,100.0
3440,2,45.91794457624101,45.91794457624101,100.0
3450,0,24.985014196896707,24.985014196896707,100.0
3450,1,28.66406370397613,28.66406370397613,100.0
3450,2,46.35092209912716,46.35092209912716,100.0
3460,0,22.486842580887487,22.486842580887487,100.0
3460,1,31.966101506917866,31.966101506917866,100.0
3460,2,45.547055912194644,45.547055912194644,100.0
3470,0,23.78440050809363,23.78440050809363,100.0
3470,1,31.318331894157502,31.318331894157502,100.0
3470,2,44.89726759774887,44.89726759774887,100.0
3480,0,21.592287033817964,21.592287033817964,100.0
3480,1,36.42301403365482,36.42301403365482,100.0
3480,2,41.98469893252722,41.98469893252722,100.0
3490,0,23.553322243246637,23.553322243246637,100.0
3490,1,30.793859144623998,30.793859144623998,100.0
3490,2,45.652818612129366,45.652818612129366,100.0
3500,0,22.229115142402662,22.229115142402662,100.0
3500,1,31.81354353390544,31.81354353390544,100.0
3500,2,45.9573413236919,45.9573413236919,100.0
3510,0,24.530575820757846,24.530575820757846,100.0
3510,1,31.989301004844524,31.989301004844524,100.0
3510,2,43.48012317439763,43.48012317439763,100.0
3520,0,21.89791031739274,21.89791031739274,100.0
3520,1,32.620164603554,32.620164603554,100.0
3520,2,45.48192507905326,45.48192507905326,100.0
3530,0,23.079879977628188,23.079879977628188,100.0
3530,1,44.265511605055934,44.265511605055934,100.0
3530,2,32.65460841731588,32.65460841731588,100.0
3540,0,20.759511546803918,20.759511546803918,100.0
3540,1,40.140207658905524,40.140207658905524,100.0
3540,2,39.10028079429056,39.10028079429056,100.0
3550,0,26.2440957608,26.2440957608,100.0
3550,1,27.418362299134003,27.418362299134003,100.0
3550,2,46.33754194006599,46.33754194006599,100.0
3560,0,22.003119874137578,22.003119874137578,100.0
3560,1,33.585041975599964,33.585041975599964,100.0
3560,2,44.411838150262454,44.411838150262454,100.0
3570,0,24.52146006638842,24.52146006638842,100.0
3570,1,29.07136932954272,29.07136932954272,100.0
3570,2,46.40717060406886,46.40717060406886,100.0
3580,0,21.733845585727234,21.733845585727234,100.0
3580,1,33.20181934514168,33.20181934514168,100.0
3580,2,45.064335069131076,45.064335069131076,100.0
3590,0,23.651037779497212,23.651037779497212,100.0
3590,1,29.440383122303658,29.440383122303658,100.0
3590,2,46.908579098199134,46.908579098199134,100.0
3600,0,22.26038865684782,22.26038865684782,100.0
3600,1,31.07551378838264,31.07551378838264,100.0
3600,2,46.66409755476954,46.66409755476954,100.0
3610,0,24.497202263502583,24.497202263502583,100.0
3610,1,25.756543395303623,25.756543395303623,100.0
3610,2,49.74625434119379,49.74625434119379,100.0
3620,0,22.34995183876924,22.34995183876924,100.0
3620,1,33.18578137296486,33.18578137296486,100.0
3620,2,44.4642667882659,44.4642667882659,100.0
3630,0,22.85984528756124,22.85984528756124,100.0
3630,1,49.097080300343606,49.097080300343606,100.0
3630,2,28.043074412095166,28.043074412095166,100.0
3640,0,22.819854260083854,22.819854260083854,100.0
3640,1,25.7941310621443,25.7941310621443,100.0
3640,2,51.38601467777184,51.38601467777184,100.0
3650,0,21.704025411983913,21.704025411983913,100.0
3650,1,43.28039814847574,43.28039814847574,100.0
3650,2,35.01557643954034,35.01557643954034,100.0
3660,0,20.996633916411238,20.996633916411238,100.0
3660,1,40.42748621947045,40.42748621947045,100.0
3660,2,38.57587986411831,38.57587986411831,100.0
3670,0,23.149140929648997,23.149140929648997,100.0
3670,1,34.3864745906301,34.3864745906301,100.0
3670,2,42.4643844797209,42.4643844797209,100.0
3680,0,24.0574238238565,24.0574238238565,100.0
3680,1,35.047321501518844,35.047321501518844,100.0
3680,2,40.89525467462465,40.89525467462465,100.0
3690,0,23.289943161943782,23.289943161943782,100.0
3690,1,32.66712946018514,32.66712946018514,100.0
3690,2,44.04292737787108,44.04292737787108,100.0
3700,0,21.363075800747218,21.363075800747218,100.0
3700,1,43.22935206467397,43.22935206467397,100.0
3700,2,35.407572134578814,35.407572134578814,100.0
3710,0,20.601942285391363,20.601942285391363,100.0
3710,1,42.095772054621925,42.095772054621925,100.0
3710,2,37.30228565998671,37.30228565998671,100.0
3720,0,20.831041044462573,20.831041044462573,100.0
3720,1,44.61766252220827,44.61766252220827,100.0
3720,2,34.55129643332915,34.55129643332915,100.0
3730,0,20.9886774446444,20.9886774446444,100.0
3730,1,41.42683217287645,41.42683217287645,100.0
3730,2,37.58449038247915,37.58449038247915,100.0
3740,0,22.292821483742745,22.292821483742745,100.0
3740,1,42.619758233956034,42.619758233956034,100.0
3740,2,35.087420282301224,35.087420282301224,100.0
3750,0,21.49902393952414,21.49902393952414,100.0
3750,1,37.197877847491625,37.197877847491625,100.0
3750,2,41.30309821298424,41.30309821298424,100.0
3760,0,23.819429109297776,23.819429109297776,100.0
3760,1,31.47786619245272,31.47786619245272,100.0
3760,2,44.702704698249505,44.702704698249505,100.0
3770,0,23.564292685604777,23.564292685604777,100.0
3770,1,27.299264720379863,27.299264720379863,100.0
3770,2,49.13644259401536,49.13644259401536,100.0
3780,0,21.215561842067817,21.215561842067817,100.0
3780,1,40.001001675701175,40.001001675701175,100.0
3780,2,38.783436482231004,38.783436482231004,100.0
3790,0,23.006710335804314,23.006710335804314,100.0
3790,1,32.32810149154617,32.32810149154617,100.0
3790,2,44.66518817264952,44.66518817264952,100.0
3800,0,24.626104616894356,24.626104616894356,100.0
3800,1,27.98231591773893,27.98231591773893,100.0
3800,2,47.39157946536671,47.39157946536671,100.0
3810,0,25.820362516731095,25.820362516731095,100.0
3810,1,32.643952394684426,32.643952394684426,100.0
3810,2,41.53568508858448,41.53568508858448,100.0
3820,0,22.9461539473937,22.9461539473937,100.0
3820,1,29.888209728765563,29.888209728765563,100.0
3820,2,47.165636323840744,47.165636323840744,100.0
3830,0,24.169782100234954,24.169782100234954,100.0
3830,1,29.91722806260844,29.91722806260844,100.0
3830,2,45.91298983715661,45.91298983715661,100.0
3840,0,20.965042269847178,20.965042269847178,100.0
3840,1,41.76238586801516,41.76238586801516,100.0
3840,2,37.272571862137674,37.272571862137674,100.0
3850,0,23.019121814384334,23.019121814384334,100.0
3850,1,34.75749636185373,34.75749636185373,100.0
3850,2,42.22338182376195,42.22338182376195,100.0
3860,0,22.488464557466788,22.488464557466788,100.0
3860,1,33.60232934972108,33.60232934972108,100.0
3860,2,43.90920609281213,43.90920609281213,100.0
3870,0,20.924366443904894,20.924366443904894,100.0
3870,1,39.376484143086074,39.376484143086074,100.0
3870,2,39.699149413009025,39.699149413009025,100.0
3880,0,21.8133678141558,21.8133678141558,100.0
3880,1,41.23963187514864,41.23963187514864,100.0
3880,2,36.94700031069557,36.94700031069557,100.0
3890,0,23.87210648643738,23.87210648643738,100.0
3890,1,33.84698231035919,33.84698231035919,100.0
3890,2,42.28091120320343,42.28091120320343,100.0
3900,0,23.00972216820291,23.00972216820291,100.0
3900,1,29.791557689597127,29.791557689597127,100.0
3900,2,47.19872014219997,47.19872014219997,100.0
3910,0,25.27372284613689,25.27372284613689,100.0
3910,1,27.1952388164741,27.1952388164741,100.0
3910,2,47.531038337389006,47.531038337389006,100.0
3920,0,23.288991473048746,23.288991473048746,100.0
3920,1,30.109053601493553,30.109053601493553,100.0
3920,2,46.601954925457704,46.601954925457704,100.0
3930,0,23.54875186078131,23.54875186078131,100.0
3930,1,26.7195214711635,26.7195214711635,100.0
3930,2,49.731726668055195,49.731726668055195,100.0
3940,0,22.42039530247684,22.42039530247684,100.0
3940,1,34.53277876088401,34.53277876088401,100.0
3940,2,43.04682593663915,43.04682593663915,100.0
3950,0,20.83374739137529,20.83374739137529,100.0
3950,1,40.21562866107236,40.21562866107236,100.0
3950,2,38.95062394755235,38.95062394755235,100.0
3960,0,24.436265577052,24.436265577052,100.0
3960,1,26.79196153658936,26.79196153658936,100.0
3960,2,48.77177288635863,48.77177288635863,100.0
3970,0,23.454975235945575,23.454975235945575,100.0
3970,1,27.851748593514973,27.851748593514973,100.0
3970,2,48.69327617053945,48.69327617053945,100.0
3980,0,22.356789387368668,22.356789387368668,100.0
3980,1,28.636414977388714,28.636414977388714,100.0
3980,2,49.006795635242625,49.006795635242625,100.0
3990,0,21.67176250052605,21.67176250052605,100.0
3990,1,39.70689014591473,39.70689014591473,100.0
3990,2,38.62134735355922,38.62134735355922,100.0
4000,0,24.092783071469036,24.092783071469036,100.0
4000,1,30.105968661253808,30.105968661253808,100.0
4000,2,45.80124826727715,45.80124826727715,100.0
4010,0,23.5016962144325,23.5016962144325,100.0
4010,1,28.893098656661227,28.893098656661227,100.0
4010,2,47.60520512890628,47.60520512890628,100.0
4020,0,21.4639793232317,21.4639793232317,100.0
4020,1,39.710132207616724,39.710132207616724,100.0
4020,2,38.82588846915158,38.82588846915158,100.0
4030,0,23.520162818543923,23.520162818543923,100.0
4030,1,29.352792448910737,29.352792448910737,100.0
4030,2,47.12704473254534,47.12704473254534,100.0
4040,0,24.5107980834577,24.5107980834577,100.0
4040,1,31.41622685824366,31.41622685824366,100.0
4040,2,44.07297505829864,44.07297505829864,100.0
4050,0,21.20713481519729,21.20713481519729,100.0
4050,1,44.34486451369185,44.34486451369185,100.0
4050,2,34.448000671110854,34.448000671110854,100.0
4060,0,24.13586825404688,24.13586825404688,100.0
4060,1,28.604120562810614,28.604120562810614,100.0
4060,2,47.2600111831425,47.2600111831425,100.0
4070,0,22.853975112078604,22.853975112078604,100.0
4070,1,30.538206553033177,30.538206553033177,100.0
4070,2,46.607818334888215,46.607818334888215,100.0
4080,0,22.31114463128428,22.31114463128428,100.0
4080,1,39.32473671954272,39.32473671954272,100.0
4080,2,38.364118649173,38.364118649173,100.0
4090,0,21.195774165228933,21.195774165228933,100.0
4090,1,42.25483121602649,42.25483121602649,100.0
4090,2,36.54939461874458,36.54939461874458,100.0
4100,0,21.44403817113755,21.44403817113755,100.0
4100,1,40.111390067899976,40.111390067899976,100.0
4100,2,38.444571760962475,38.444571760962475,100.0
4110,0,23.14511678197658,23.14511678197658,100.0
4110,1,36.91620058375884,36.91620058375884,100.0
4110,2,39.93868263426458,39.93868263426458,100.0
4120,0,22.25958410397579,22.25958410397579,100.0
4120,1,29.204429092794605,29.204429092794605,100.0
4120,2,48.535986803229605,48.535986803229605,100.0
4130,0,22.439794888055374,22.439794888055374,100.0
4130,1,29.42503008877314,29.42503008877314,100.0
4130,2,48.13517502317149,48.13517502317149,100.0
4140,0,23.37755561677119,23.37755561677119,100.0
4140,1,29.750996146157437,29.750996146157437,100.0
4140,2,46.87144823707137,46.87144823707137,100.0
4150,0,24.82553338340249,24.82553338340249,100.0
4150,1,28.498672381201008,28.498672381201008,100.0
4150,2,46.67579423539651,46.67579423539651,100.0
4160,0,25.82532747555763,25.82532747555763,100.0
4160,1,26.296884822319385,26.296884822319385,100.0
4160,2,47.87778770212299,47.87778770212299,100.0
4170,0,22.187138966493457,22.187138966493457,100.0
4170,1,44.233272144164374,44.233272144164374,100.0
4170,2,33.579588889342176,33.579588889342176,100.0
4180,0,22.649512844781427,22.649512844781427,100.0
4180,1,31.54447479903166,31.54447479903166,100.0
4180,2,45.80601235618691,45.80601235618691,100.0
4190,0,23.562104982860138,23.562104982860138,100.0
4190,1,36.46929360166187,36.46929360166187,100.0
4190,2,39.96860141547799,39.96860141547799,100.0
4200,0,23.272087239004,23.272087239004,100.0
4200,1,27.104731203747555,27.104731203747555,100.0
4200,2,49.623181557248444,49.623181557248444,100.0
4210,0,24.408937061605545,24.408937061605545,100.0
4210,1,26.389264908460163,26.389264908460163,100.0
4210,2,49.201798029934295,49.201798029934295,100.0
4220,0,24.987949442772027,24.987949442772027,100.0
4220,1,27.309349477472345,27.309349477472345,100.0
4220,2,47.70270107975563,47.70270107975563,100.0
4230,0,23.307398356936478,23.307398356936478,100.0
4230,1,29.122407089218004,29.122407089218004,100.0
4230,2,47.570194553845525,47.570194553845525,100.0
4240,0,24.508268789218217,24.508268789218217,100.0
4240,1,28.623645474721616,28.623645474721616,100.0
4240,2,46.868085736060166,46.868085736060166,100.0
4250,0,23.952608554845884,23.952608554845884,100.0
4250,1,25.88818316582647,25.88818316582647,100.0
4250,2,50.15920827932765,50.15920827932765,100.0
4260,0,26.450151880050456,26.450151880050456,100.0
4260,1,31.85773161510014,31.85773161510014,100.0
4260,2,41.69211650484941,41.69211650484941,100.0
4270,0,22.913654007633404,22.913654007633404,100.0
4270,1,31.083259478103955,31.083259478103955,100.0
4270,2,46.00308651426264,46.00308651426264,100.0
4280,0,27.097649191612533,27.097649191612533,100.0
4280,1,26.901118977615635,26.901118977615635,100.0
4280,2,46.00123183077184,46.00123183077184,100.0
4290,0,21.61938216656788,21.61938216656788,100.0
4290,1,32.16014271417662,32.16014271417662,100.0
4290,2,46.2204751192555,46.2204751192555,100.0
4300,0,25.376305474609616,25.376305474609616,100.0
4300,1,40.227635566674046,40.227635566674046,100.0
4300,2,34.39605895871634,34.39605895871634,100.0
4310,0,22.05607012946813,22.05607012946813,100.0
4310,1,39.252608343151685,39.252608343151685,100.0
4310,2,38.6913215273802,38.6913215273802,100.0
4320,0,22.96192348803108,22.96192348803108,100.0
4320,1,34.75702379398512,34.75702379398512,100.0
4320,2,42.2810527179838,42.2810527179838,100.0
4330,0,21.23259024737763,21.23259024737763,100.0
4330,1,42.03712758987932,42.03712758987932,100.0
4330,2,36.73028216274305,36.73028216274305,100.0
4340,0,20.394649933360075,20.394649933360075,100.0
4340,1,41.41885940415576,41.41885940415576,100.0
4340,2,38.18649066248417,38.18649066248417,100.0
4350,0,24.640009774734594,24.640009774734594,100.0
4350,1,37.06719093575705,37.06719093575705,100.0
4350,2,38.29279928950835,38.29279928950835,100.0
4360,0,26.012574355939194,26.012574355939194,100.0
4360,1,25.37708710101069,25.37708710101069,100.0
4360,2,48.61033854305012,48.61033854305012,100.0
4370,0,25.941692618899825,25.941692618899825,100.0
4370,1,27.919771911795284,27.919771911795284,100.0
4370,2,46.13853546930489,46.13853546930489,100.0
4380,0,22.21374541981835,22.21374541981835,100.0
4380,1,39.92690036265193,39.92690036265193,100.0
4380,2,37.85935421752973,37.85935421752973,100.0
4390,0,24.05336238465272,24.05336238465272,100.0
4390,1,26.357042886080773,26.357042886080773,100.0
4390,2,49.58959472926651,49.58959472926651,100.0
4400,0,24.809885889706628,24.809885889706628,100.0
4400,1,41.884858731716044,41.884858731716044,100.0
4400,2,33.305255378577336,33.305255378577336,100.0
4410,0,21.195924878112855,21.195924878112855,100.0
4410,1,36.008381433812445,36.008381433812445,100.0
4410,2,42.79569368807471,42.79569368807471,100.0
4420,0,23.642042331322134,23.642042331322134,100.0
4420,1,29.028379863395205,29.028379863395205,100.0
4420,2,47.32957780528267,47.32957780528267,100.0
4430,0,21.60331020454349,21.60331020454349,100.0
4430,1,41.71905787383419,41.71905787383419,100.0
4430,2,36.67763192162232,36.67763192162232,100.0
4440,0,23.603879207774487,23.603879207774487,100.0
4440,1,27.694882320520474,27.694882320520474,100.0
4440,2,48.70123847170504,48.70123847170504,100.0
4450,0,25.073340765851743,25.073340765851743,100.0
4450,1,32.74505068976464,32.74505068976464,100.0
4450,2,42.18160854438362,42.18160854438362,100.0
4460,0,20.452316211880834,20.452316211880834,100.0
4460,1,42.1890020355584,42.1890020355584,100.0
4460,2,37.35868175256077,37.35868175256077,100.0
4470,0,22.253861243477225,22.253861243477225,100.0
4470,1,35.115702402269605,35.115702402269605,100.0
4470,2,42.63043635425317,42.63043635425317,100.0
4480,0,23.24866754224093,23.24866754224093,100.0
4480,1,31.781243400489462,31.781243400489462,100.0
4480,2,44.97008905726961,44.97008905726961,100.0
4490,0,23.527887206288938,23.527887206288938,100.0
4490,1,30.808392029580638,30.808392029580638,100.0
4490,2,45.663720764130424,45.663720764130424,100.0
4500,0,21.47186951645957,21.47186951645957,100.0
4500,1,36.082476762419766,36.082476762419766,100.0
4500,2,42.44565372112067,42.44565372112067,100.0
4510,0,21.087933141180464,21.087933141180464,100.0
4510,1,44.74255922268204,44.74255922268204,100.0
4510,2,34.169507636137496,34.169507636137496,100.0
4520,0,22.254837187207077,22.254837187207077,100.0
4520,1,34.72748695610343,34.72748695610343,100.0
4520,2,43.0176758566895,43.0176758566895,100.0
4530,0,22.889948131016958,22.889948131016958,100.0
4530,1,28.728994227607707,28.728994227607707,100.0
4530,2,48.38105764137534,48.38105764137534,100.0
4540,0,21.295238539632678,21.295238539632678,100.0
4540,1,40.56643613825366,40.56643613825366,100.0
4540,2,38.138325322113666,38.138325322113666,100.0
4550,0,23.760574757286545,23.760574757286545,100.0
4550,1,27.640808806832528,27.640808806832528,100.0
4550,2,48.59861643588093,48.59861643588093,100.0
4560,0,22.92691582994843,22.92691582994843,100.0
4560,1,38.77708856961707,38.77708856961707,100.0
4560,2,38.2959956004345,38.2959956004345,100.0
4570,0,22.098951600451162,22.098951600451162,100.0
4570,1,39.532760782590586,39.532760782590586,100.0
4570,2,38.36828761695825,38.36828761695825,100.0
4580,0,21.82756795934587,21.82756795934587,100.0
4580,1,34.413233290706025,34.413233290706025,100.0
4580,2,43.759198749948105,43.759198749948105,100.0
4590,0,21.79039525326909,21.79039525326909,100.0
4590,1,38.05829224424282,38.05829224424282,100.0
4590,2,40.15131250248809,40.15131250248809,100.0
4600,0,22.546010835761358,22.546010835761358,100.0
4600,1,31.00274338597969,31.00274338597969,100.0
4600,2,46.45124577825895,46.45124577825895,100.0
4610,0,24.147462158378595,24.147462158378595,100.0
4610,1,26.320011971217106,26.320011971217106,100.0
4610,2,49.5325258704043,49.5325258704043,100.0
4620,0,23.330834540828498,23.330834540828498,100.0
4620,1,27.14758997540136,27.14758997540136,100.0
4620,2,49.52157548377014,49.52157548377014,100.0
4630,0,21.353290244721926,21.353290244721926,100.0
4630,1,40.54876197307858,40.54876197307858,100.0
4630,2,38.09794778219949,38.09794778219949,100.0
4640,0,22.008424236902336,22.008424236902336,100.0
4640,1,32.00956633843171,32.00956633843171,100.0
4640,2,45.982009424665954,45.982009424665954,100.0
4650,0,26.223464568248367,26.223464568248367,100.0
4650,1,32.39928252388119,32.39928252388119,100.0
4650,2,41.37725290787044,41.37725290787044,100.0
4660,0,23.764327563382487,23.764327563382487,100.0
4660,1,25.868944705901825,25.868944705901825,100.0
4660,2,50.36672773071569,50.36672773071569,100.0
4670,0,24.988698299166945,24.988698299166945,100.0
4670,1,27.714255062833328,27.714255062833328,100.0
4670,2,47.29704663799973,47.29704663799973,100.0
4680,0,23.552160751021404,23.552160751021404,100.0
4680,1,37.07715608507815,37.07715608507815,100.0
4680,2,39.370683163900445,39.370683163900445,100.0
4690,0,22.938857448528672,22.938857448528672,100.0
4690,1,33.142796395860984,33.142796395860984,100.0
4690,2,43.91834615561035,43.91834615561035,100.0
4700,0,23.591406882969906,23.591406882969906,100.0
4700,1,35.225106012467634,35.225106012467634,100.0
4700,2,41.18348710456246,41.18348710456246,100.0
4710,0,24.281104759573715,24.281104759573715,100.0
4710,1,27.837560067855467,27.837560067855467,100.0
4710,2,47.881335172570815,47.881335172570815,100.0
4720,0,21.144353255641406,21.144353255641406,100.0
4720,1,40.503950944551335,40.503950944551335,100.0
4720,2,38.35169579980726,38.35169579980726,100.0
4730,0,23.913348005416307,23.913348005416307,100.0
4730,1,29.987298814350133,29.987298814350133,100.0
4730,2,46.099353180233564,46.099353180233564,100.0
4740,0,21.071951442909597,21.071951442909597,100.0
4740,1,41.28589891001141,41.28589891001141,100.0
4740,2,37.642149647079,37.642149647079,100.0
4750,0,23.551837906193345,23.551837906193345,100.0
4750,1,26.213823910303553,26.213823910303553,100.0
4750,2,50.234338183503105,50.234338183503105,100.0
4760,0,23.06798304353627,23.06798304353627,100.0
4760,1,33.530424418374594,33.530424418374594,100.0
4760,2,43.40159253808914,43.40159253808914,100.0
4770,0,21.264594176523907,21.264594176523907,100.0
4770,1,40.68176568286277,40.68176568286277,100.0
4770,2,38.05364014061332,38.05364014061332,100.0
4780,0,22.99989791177296,22.99989791177296,100.0
4780,1,33.34657218790792,33.34657218790792,100.0
4780,2,43.65352990031912,43.65352990031912,100.0
4790,0,20.349642893871806,20.349642893871806,100.0
4790,1,42.54461312995183,42.54461312995183,100.0
4790,2,37.10574397617638,37.10574397617638,100.0
4800,0,25.055286492610442,25.055286492610442,100.0
4800,1,29.77025944326497,29.77025944326497,100.0
4800,2,45.17445406412459,45.17445406412459,100.0
4810,0,20.950249845623343,20.950249845623343,100.0
4810,1,42.09387838905072,42.09387838905072,100.0
4810,2,36.955871765325945,36.955871765325945,100.0
4820,0,21.6397230504212,21.6397230504212,100.0
4820,1,39.243579497827255,39.243579497827255,100.0
4820,2,39.11669745175155,39.11669745175155,100.0
4830,0,21.322179296962844,21.322179296962844,100.0
4830,1,43.21353429988887,43.21353429988887,100.0
4830,2,35.464286403148286,35.464286403148286,100.0
4840,0,23.426078171972502,23.426078171972502,100.0
4840,1,39.98425560825928,39.98425560825928,100.0
4840,2,36.58966621976821,36.58966621976821,100.0
4850,0,23.643094120269048,23.643094120269048,100.0
4850,1,39.65268980301577,39.65268980301577,100.0
4850,2,36.704216076715184,36.704216076715184,100.0
4860,0,22.57006218543243,22.57006218543243,100.0
4860,1,37.456823656658855,37.456823656658855,100.0
4860,2,39.97311415790871,39.97311415790871,100.0
4870,0,23.262103366851093,23.262103366851093,100.0
4870,1,28.1372712152598,28.1372712152598,100.0
4870,2,48.600625417889106,48.600625417889106,100.0
4880,0,21.382300902735103,21.382300902735103,100.0
4880,1,37.965474188663336,37.965474188663336,100.0
4880,2,40.65222490860156,40.65222490860156,100.0
4890,0,21.580348849027644,21.580348849027644,100.0
4890,1,39.33404648869983,39.33404648869983,100.0
4890,2,39.08560466227253,39.08560466227253,100.0
4900,0,22.02729378730373,22.02729378730373,100.0
4900,1,32.05492648411179,32.05492648411179,100.0
4900,2,45.91777972858448,45.91777972858448,100.0
4910,0,22.31214986208645,22.31214986208645,100.0
4910,1,30.055435554577826,30.055435554577826,100.0
4910,2,47.63241458333572,47.63241458333572,100.0
4920,0,23.43419492759567,23.43419492759567,100.0
4920,1,27.277575960551825,27.277575960551825,100.0
4920,2,49.2882291118525,49.2882291118525,100.0
4930,0,21.9675295899742,21.9675295899742,100.0
4930,1,33.407473580024565,33.407473580024565,100.0
4930,2,44.62499683000124,44.62499683000124,100.0
4940,0,23.971204283980217,23.971204283980217,100.0
4940,1,39.153972916470494,39.153972916470494,100.0
4940,2,36.8748227995493,36.8748227995493,100.0
4950,0,21.17049796336677,21.17049796336677,100.0
4950,1,40.89425145394546,40.89425145394546,100.0
4950,2,37.93525058268777,37.93525058268777,100.0
4960,0,22.925382814193522,22.925382814193522,100.0
4960,1,30.77701488408074,30.77701488408074,100.0
4960,2,46.297602301725746,46.297602301725746,100.0
4970,0,30.535357082521276,30.535357082521276,100.0
4970,1,28.558088708753914,28.558088708753914,100.0
4970,2,40.906554208724806,40.906554208724806,100.0
4980,0,23.90806164828085,23.90806164828085,100.0
4980,1,26.409158729288983,26.409158729288983,100.0
4980,2,49.682779622430175,49.682779622430175,100.0
4990,0,24.16989370935756,24.16989370935756,100.0
4990,1,27.394189221717607,27.394189221717607,100.0
4990,2,48.43591706892484,48.43591706892484,100.0
5000,0,23.30152259692132,23.30152259692132,100.0
5000,1,33.68768657658735,33.68768657658735,100.0
5000,2,43.01079082649134,43.01079082649134,100.0
5010,0,25.737565383591765,25.737565383591765,100.0
5010,1,29.26258457592379,29.26258457592379,100.0
5010,2,44.99985004048445,44.99985004048445,100.0
5020,0,20.638983967984377,20.638983967984377,100.0
5020,1,41.165651496424374,41.165651496424374,100.0
5020,2,38.195364535591246,38.195364535591246,100.0
5030,0,23.33655286265468,23.33655286265468,100.0
5030,1,27.288829103280953,27.288829103280953,100.0
5030,2,49.37461803406437,49.37461803406437,100.0
5040,0,27.668024350871644,27.668024350871644,100.0
5040,1,26.834867856266175,26.834867856266175,100.0
5040,2,45.49710779286218,45.49710779286218,100.0
5050,0,20.699751890060803,20.699751890060803,100.0
5050,1,41.80132218047996,41.80132218047996,100.0
5050,2,37.49892592945924,37.49892592945924,100.0
5060,0,21.496573882037147,21.496573882037147,100.0
5060,1,39.30539259888428,39.30539259888428,100.0
5060,2,39.19803351907857,39.19803351907857,100.0
5070,0,21.0558595732521,21.0558595732521,100.0
5070,1,42.178141872688634,42.178141872688634,100.0
5070,2,36.765998554059266,36.765998554059266,100.0
5080,0,22.735186121189948,22.735186121189948,100.0
5080,1,34.463448308592945,34.463448308592945,100.0
5080,2,42.8013655702171,42.8013655702171,100.0
5090,0,28.40793299594279,28.40793299594279,100.0
5090,1,37.3110764750751,37.3110764750751,100.0
5090,2,34.280990528982116,34.280990528982116,100.0
5100,0,24.26234127457762,24.26234127457762,100.0
5100,1,26.389317486432095,26.389317486432095,100.0
5100,2,49.34834123899029,49.34834123899029,100.0
5110,0,28.70747081048377,28.70747081048377,100.0
5110,1,25.186992442058926,25.186992442058926,100.0
5110,2,46.105536747457315,46.105536747457315,100.0
5120,0,21.57862388164651,21.57862388164651,100.0
5120,1,36.39826868313888,36.39826868313888,100.0
5120,2,42.02310743521461,42.02310743521461,100.0
5130,0,23.571688259013502,23.571688259013502,100.0
5130,1,27.0580313175244,27.0580313175244,100.0
5130,2,49.3702804234621,49.3702804234621,100.0
5140,0,23.39700299065021,23.39700299065021,100.0
5140,1,26.368202364657513,26.368202364657513,100.0
5140,2,50.23479464469227,50.23479464469227,100.0
5150,0,22.227038043405916,22.227038043405916,100.0
5150,1,40.5746614884083,40.5746614884083,100.0
5150,2,37.19830046818578,37.19830046818578,100.0
5160,0,24.099041290136274,24.099041290136274,100.0
5160,1,30.71905999060329,30.71905999060329,100.0
5160,2,45.18189871926043,45.18189871926043,100.0
5170,0,23.04783763555424,23.04783763555424,100.0
5170,1,26.583122805008212,26.583122805008212,100.0
5170,2,50.369039559437546,50.369039559437546,100.0
5180,0,22.446384088454817,22.446384088454817,100.0
5180,1,35.075672990116736,35.075672990116736,100.0
5180,2,42.47794292142844,42.47794292142844,100.0
5190,0,22.177436036548052,22.177436036548052,100.0
5190,1,43.74233685196959,43.74233685196959,100.0
5190,2,34.08022711148237,34.08022711148237,100.0
5200,0,21.4694312069309,21.4694312069309,100.0
5200,1,39.802862789732615,39.802862789732615,100.0
5200,2,38.72770600333648,38.72770600333648,100.0
5210,0,23.337556649509008,23.337556649509008,100.0
5210,1,30.080598652839512,30.080598652839512,100.0
5210,2,46.58184469765148,46.58184469765148,100.0
5220,0,21.718612701732308,21.718612701732308,100.0
5220,1,39.15172257334663,39.15172257334663,100.0
5220,2,39.12966472492106,39.12966472492106,100.0
5230,0,20.404048512229846,20.404048512229846,100.0
5230,1,42.055163376890334,42.055163376890334,100.0
5230,2,37.54078811087983,37.54078811087983,100.0
5240,0,24.706888453946902,24.706888453946902,100.0
5240,1,28.914859160048213,28.914859160048213,100.0
5240,2,46.37825238600489,46.37825238600489,100.0
5250,0,23.42085450360868,23.42085450360868,100.0
5250,1,29.083181900235918,29.083181900235918,100.0
5250,2,47.49596359615541,47.49596359615541,100.0
5260,0,21.691121871084075,21.691121871084075,100.0
5260,1,32.824367923153666,32.824367923153666,100.0
5260,2,45.484510205762255,45.484510205762255,100.0
5270,0,22.20624709382125,22.20624709382125,100.0
5270,1,42.936855275650785,42.936855275650785,100.0
5270,2,34.85689763052795,34.85689763052795,100.0
5280,0,26.242723425109087,26.242723425109087,100.0
5280,1,27.875532053534112,27.875532053534112,100.0
5280,2,45.88174452135681,45.88174452135681,100.0
5290,0,21.1587612167543,21.1587612167543,100.0
5290,1,41.0060028401928,41.0060028401928,100.0
5290,2,37.83523594305289,37.83523594305289,100.0
5300,0,22.95518042669307,22.95518042669307,100.0
5300,1,33.67104209166652,33.67104209166652,100.0
5300,2,43.37377748164041,43.37377748164041,100.0
5310,0,21.32214772811656,21.32214772811656,100.0
5310,1,38.06313433229828,38.06313433229828,100.0
5310,2,40.61471793958516,40.61471793958516,100.0
5320,0,23.55249168364969,23.55249168364969,100.0
5320,1,26.10700884008505,26.10700884008505,100.0
5320,2,50.34049947626526,50.34049947626526,100.0
5330,0,23.326142643558097,23.326142643558097,100.0
5330,1,28.69338357831862,28.69338357831862,100.0
5330,2,47.98047377812328,47.98047377812328,100.0
5340,0,21.979734219691533,21.979734219691533,100.0
5340,1,36.991263339442916,36.991263339442916,100.0
5340,2,41.029002440865554,41.029002440865554,100.0
5350,0,22.237246871825093,22.237246871825093,100.0
5350,1,42.49310420611167,42.49310420611167,100.0
5350,2,35.26964892206323,35.26964892206323,100.0
5360,0,23.461605406995815,23.461605406995815,100.0
5360,1,32.31743593790425,32.31743593790425,100.0
5360,2,44.220958655099935,44.220958655099935,100.0
5370,0,22.88634106353133,22.88634106353133,100.0
5370,1,39.80578676711672,39.80578676711672,100.0
5370,2,37.30787216935195,37.30787216935195,100.0
5380,0,27.66439210800623,27.66439210800623,100.0
5380,1,30.098819146485045,30.098819146485045,100.0
5380,2,42.23678874550873,42.23678874550873,100.0
5390,0,24.430164213328915,24.430164213328915,100.0
5390,1,37.07077420576502,37.07077420576502,100.0
5390,2,38.499061580906066,38.499061580906066,100.0
5400,0,24.07630749845321,24.07630749845321,100.0
5400,1,29.799946749158902,29.799946749158902,100.0
5400,2,46.1237457523879,46.1237457523879,100.0
5410,0,22.510271658644506,22.510271658644506,100.0
5410,1,41.86707982670862,41.86707982670862,100.0
5410,2,35.62264851464687,35.62264851464687,100.0
5420,0,21.850583149504484,21.850583149504484,100.0
5420,1,39.362364876365824,39.362364876365824,100.0
5420,2,38.787051974129696,38.787051974129696,100.0
5430,0,31.876667216123188,31.876667216123188,100.0
5430,1,27.040024570936104,27.040024570936104,100.0
5430,2,41.0833082129407,41.0833082129407,100.0
5440,0,21.684776260319268,21.684776260319268,100.0
5440,1,30.28910211249562,30.28910211249562,100.0
5440,2,48.02612162718511,48.02612162718511,100.0
5450,0,25.519869691322867,25.519869691322867,100.0
5450,1,26.264420083691604,26.264420083691604,100.0
5450,2,48.215710224985536,48.215710224985536,100.0
5460,0,30.162415335330508,30.162415335330508,100.0
5460,1,30.643662979158513,30.643662979158513,100.0
5460,2,39.19392168551098,39.19392168551098,100.0
5470,0,25.56694907131898,25.56694907131898,100.0
5470,1,25.635016294050438,25.635016294050438,100.0
5470,2,48.798034634630575,48.798034634630575,100.0
5480,0,22.066676071262812,22.066676071262812,100.0
5480,1,43.06279690763999,43.06279690763999,100.0
5480,2,34.8705270210972,34.8705270210972,100.0
5490,0,23.6936651495622,23.6936651495622,100.0
5490,1,26.866169759989628,26.866169759989628,100.0
5490,2,49.440165090448176,49.440165090448176,100.0
5500,0,22.609881764218027,22.609881764218027,100.0
5500,1,32.81245839241299,32.81245839241299,100.0
5500,2,44.57765984336898,44.57765984336898,100.0
5510,0,22.794365121615524,22.794365121615524,100.0
5510,1,34.7543319623889,34.7543319623889,100.0
5510,2,42.45130291599557,42.45130291599557,100.0
5520,0,22.966151596414075,22.966151596414075,100.0
5520,1,26.775869723852093,26.775869723852093,100.0
5520,2,50.25797867973384,50.25797867973384,100.0
5530,0,21.80354896017511,21.80354896017511,100.0
5530,1,36.55270269632637,36.55270269632637,100.0
5530,2,41.64374834349853,41.64374834349853,100.0
5540,0,22.397873589398582,22.397873589398582,100.0
5540,1,33.64334097768562,33.64334097768562,100.0
5540,2,43.9587854329158,43.9587854329158,100.0
5550,0,23.81795154591544,23.81795154591544,100.0
5550,1,39.75535528554116,39.75535528554116,100.0
5550,2,36.4266931685434,36.4266931685434,100.0
5560,0,21.109742926646778,21.109742926646778,100.0
5560,1,42.04043456359866,42.04043456359866,100.0
5560,2,36.84982250975456,36.84982250975456,100.0
5570,0,24.55345106924395,24.55345106924395,100.0
5570,1,26.129712822002315,26.129712822002315,100.0
5570,2,49.31683610875373,49.31683610875373,100.0
5580,0,23.275991390833063,23.275991390833063,100.0
5580,1,27.10636422172032,27.10636422172032,100.0
5580,2,49.61764438744661,49.61764438744661,100.0
5590,0,21.354848502962202,21.354848502962202,100.0
5590,1,35.073946406721575,35.073946406721575,100.0
5590,2,43.57120509031623,43.57120509031623,100.0
5600,0,22.029303006155327,22.029303006155327,100.0
5600,1,42.79839210208047,42.79839210208047,100.0
5600,2,35.1723048917642,35.1723048917642,100.0
5610,0,23.416757276098583,23.416757276098583,100.0
5610,1,27.81768450313848,27.81768450313848,100.0
5610,2,48.76555822076295,48.76555822076295,100.0
5620,0,23.652614669358158,23.652614669358158,100.0
5620,1,32.34044886506548,32.34044886506548,100.0
5620,2,44.00693646557636,44.00693646557636,100.0
5630,0,23.383377930850443,23.383377930850443,100.0
5630,1,30.029278876005822,30.029278876005822,100.0
5630,2,46.587343193143745,46.587343193143745,100.0
5640,0,23.28718748801992,23.28718748801992,100.0
5640,1,27.031674176259617,27.031674176259617,100.0
5640,2,49.68113833572047,49.68113833572047,100.0
5650,0,23.494917557903356,23.494917557903356,100.0
5650,1,28.288143612857507,28.288143612857507,100.0
5650,2,48.21693882923913,48.21693882923913,100.0
5660,0,21.67787520122327,21.67787520122327,100.0
5660,1,39.625389566088074,39.625389566088074,100.0
5660,2,38.69673523268865,38.69673523268865,100.0
5670,0,24.621434173794782,24.621434173794782,100.0
5670,1,27.181262081060666,27.181262081060666,100.0
5670,2,48.19730374514455,48.19730374514455,100.0
5680,0,23.942000850115797,23.942000850115797,100.0
5680,1,33.32751154169426,33.32751154169426,100.0
5680,2,42.73048760818995,42.73048760818995,100.0
5690,0,22.686298267290038,22.686298267290038,100.0
5690,1,33.183783021796756,33.183783021796756,100.0
5690,2,44.12991871091321,44.12991871091321,100.0
5700,0,24.153663177925605,24.153663177925605,100.0
5700,1,29.199221319504932,29.199221319504932,100.0
5700,2,46.64711550256946,46.64711550256946,100.0
5710,0,22.911580880811275,22.911580880811275,100.0
5710,1,28.037416364988456,28.037416364988456,100.0
5710,2,49.051002754200276,49.051002754200276,100.0
5720,0,22.187665970216386,22.187665970216386,100.0
5720,1,45.39361745980639,45.39361745980639,100.0
5720,2,32.41871656997722,32.41871656997722,100.0
5730,0,22.55223704197131,22.55223704197131,100.0
5730,1,31.02812449616828,31.02812449616828,100.0
5730,2,46.41963846186041,46.41963846186041,100.0
5740,0,21.916647996550882,21.916647996550882,100.0
5740,1,29.823101219378188,29.823101219378188,100.0
5740,2,48.26025078407092,48.26025078407092,100.0
5750,0,22.5708783902087,22.5708783902087,100.0
5750,1,46.33852549118212,46.33852549118212,100.0
5750,2,31.09059611860918,31.09059611860918,100.0
5760,0,23.658376841828943,23.658376841828943,100.0
5760,1,27.0028126456525,27.0028126456525,100.0
5760,2,49.338810512518556,49.338810512518556,100.0
5770,0,22.264333884742314,22.264333884742314,100.0
5770,1,38.40152616329912,38.40152616329912,100.0
5770,2,39.33413995195857,39.33413995195857,100.0
5780,0,23.144153647299643,23.144153647299643,100.0
5780,1,28.139398302007244,28.139398302007244,100.0
5780,2,48.71644805069311,48.71644805069311,100.0
5790,0,21.353176514658408,21.353176514658408,100.0
5790,1,34.6444696515008,34.6444696515008,100.0
5790,2,44.002353833840786,44.002353833840786,100.0
5800,0,23.596755443838376,23.596755443838376,100.0
5800,1,29.11261141428608,29.11261141428608,100.0
5800,2,47.290633141875546,47.290633141875546,100.0
5810,0,22.62294419967444,22.62294419967444,100.0
5810,1,33.644140178535174,33.644140178535174,100.0
5810,2,43.73291562179038,43.73291562179038,100.0
5820,0,21.29074362960609,21.29074362960609,100.0
5820,1,41.63487835516266,41.63487835516266,100.0
5820,2,37.07437801523124,37.07437801523124,100.0
5830,0,21.39863465172398,21.39863465172398,100.0
5830,1,41.14607754114942,41.14607754114942,100.0
5830,2,37.4552878071266,37.4552878071266,100.0
5840,0,22.53752516854465,22.53752516854465,100.0
5840,1,35.22971593058437,35.22971593058437,100.0
5840,2,42.232758900870984,42.232758900870984,100.0
5850,0,24.621385213248512,24.621385213248512,100.0
5850,1,28.129619981107624,28.129619981107624,100.0
5850,2,47.24899480564386,47.24899480564386,100.0
5860,0,24.931513557410725,24.931513557410725,100.0
5860,1,26.900594091850504,26.900594091850504,100.0
5860,2,48.167892350738775,48.167892350738775,100.0
5870,0,22.58949850823076,22.58949850823076,100.0
5870,1,29.46961371986404,29.46961371986404,100.0
5870,2,47.9408877719052,47.9408877719052,100.0
5880,0,23.240758324776156,23.240758324776156,100.0
5880,1,27.609898681494162,27.609898681494162,100.0
5880,2,49.14934299372968,49.14934299372968,100.0
5890,0,20.908520606780097,20.908520606780097,100.0
5890,1,42.10186137825646,42.10186137825646,100.0
5890,2,36.98961801496344,36.98961801496344,100.0
5900,0,22.148983056436684,22.148983056436684,100.0
5900,1,30.578992246614146,30.578992246614146,100.0
5900,2,47.27202469694917,47.27202469694917,100.0
5910,0,25.802813863857192,25.802813863857192,100.0
5910,1,26.396549337187082,26.396549337187082,100.0
5910,2,47.80063679895572,47.80063679895572,100.0
5920,0,22.33972918522486,22.33972918522486,100.0
5920,1,34.24451388877999,34.24451388877999,100.0
5920,2,43.41575692599514,43.41575692599514,100.0
5930,0,23.595963420032447,23.595963420032447,100.0
5930,1,28.460486320390615,28.460486320390615,100.0
5930,2,47.943550259576945,47.943550259576945,100.0
5940,0,23.03407398286842,23.03407398286842,100.0
5940,1,30.962614449219018,30.962614449219018,100.0
5940,2,46.00331156791257,46.00331156791257,100.0
5950,0,24.704040943936505,24.704040943936505,100.0
5950,1,28.396168032084756,28.396168032084756,100.0
5950,2,46.899791023978736,46.899791023978736,100.0
5960,0,21.646434635995014,21.646434635995014,100.0
5960,1,40.7081251700355,40.7081251700355,100.0
5960,2,37.645440193969485,37.645440193969485,100.0
5970,0,22.401541723982056,22.401541723982056,100.0
5970,1,29.22237028674913,29.22237028674913,100.0
5970,2,48.37608798926882,48.37608798926882,100.0
5980,0,22.615777692133477,22.615777692133477,100.0
5980,1,35.17606794273746,35.17606794273746,100.0
5980,2,42.20815436512906,42.20815436512906,100.0
5990,0,23.366745703447112,23.366745703447112,100.0
5990,1,26.229167228754292,26.229167228754292,100.0
5990,2,50.4040870677986,50.4040870677986,100.0
6000,0,21.35220623215439,21.35220623215439,100.0
6000,1,42.2301271656578,42.2301271656578,100.0
6000,2,36.417666602187815,36.417666602187815,100.0
6010,0,21.50876083969007,21.50876083969007,100.0
6010,1,42.78957564139284,42.78957564139284,100.0
6010,2,35.7016635189171,35.7016635189171,100.0
6020,0,23.026247102671896,23.026247102671896,100.0
6020,1,28.840368196184645,28.840368196184645,100.0
6020,2,48.13338470114346,48.13338470114346,100.0
6030,0,24.704981087486626,24.704981087486626,100.0
6030,1,31.48051246973405,31.48051246973405,100.0
6030,2,43.81450644277932,43.81450644277932,100.0
6040,0,24.146247793577995,24.146247793577995,100.0
6040,1,28.017016854890535,28.017016854890535,100.0
6040,2,47.83673535153146,47.83673535153146,100.0
6050,0,24.41903964930673,24.41903964930673,100.0
6050,1,30.217916444586677,30.217916444586677,100.0
6050,2,45.36304390610659,45.36304390610659,100.0
6060,0,23.40632754276456,23.40632754276456,100.0
6060,1,34.27833496228856,34.27833496228856,100.0
6060,2,42.315337494946874,42.315337494946874,100.0
6070,0,20.621230926743124,20.621230926743124,100.0
6070,1,41.02891935046195,41.02891935046195,100.0
6070,2,38.34984972279493,38.34984972279493,100.0
6080,0,22.187148308730638,22.187148308730638,100.0
6080,1,40.974854805758184,40.974854805758184,100.0
6080,2,36.837996885511174,36.837996885511174,100.0
6090,0,21.45016096492716,21.45016096492716,100.0
6090,1,41.470851510466574,41.470851510466574,100.0
6090,2,37.07898752460627,37.07898752460627,100.0
6100,0,24.310039909343473,24.310039909343473,100.0
6100,1,29.781699216426283,29.781699216426283,100.0
6100,2,45.90826087423025,45.90826087423025,100.0
6110,0,21.868643739241293,21.868643739241293,100.0
6110,1,32.38422107339528,32.38422107339528,100.0
6110,2,45.74713518736343,45.74713518736343,100.0
6120,0,22.666991037077754,22.666991037077754,100.0
6120,1,36.37707394610075,36.37707394610075,100.0
6120,2,40.9559350168215,40.9559350168215,100.0
6130,0,24.712548416770293,24.712548416770293,100.0
6130,1,28.321117308697907,28.321117308697907,100.0
6130,2,46.9663342745318,46.9663342745318,100.0
6140,0,21.291363405480656,21.291363405480656,100.0
6140,1,37.461329642574704,37.461329642574704,100.0
6140,2,41.247306951944644,41.247306951944644,100.0
6150,0,23.178603525174694,23.178603525174694,100.0
6150,1,26.15609925244446,26.15609925244446,100.0
6150,2,50.66529722238086,50.66529722238086,100.0
6160,0,22.530102878630082,22.530102878630082,100.0
6160,1,40.15314459454703,40.15314459454703,100.0
6160,2,37.316752526822896,37.316752526822896,100.0
6170,0,24.39010554586318,24.39010554586318,100.0
6170,1,27.397200510933068,27.397200510933068,100.0
6170,2,48.212693943203746,48.212693943203746,100.0
6180,0,23.516627931966163,23.516627931966163,100.0
6180,1,32.37085938944805,32.37085938944805,100.0
6180,2,44.11251267858579,44.11251267858579,100.0
6190,0,24.95952918237649,24.95952918237649,100.0
6190,1,28.178723547908014,28.178723547908014,100.0
6190,2,46.8617472697155,46.8617472697155,100.0
6200,0,23.462662747295152,23.462662747295152,100.0
6200,1,29.88740558161571,29.88740558161571,100.0
6200,2,46.64993167108914,46.64993167108914,100.0
6210,0,22.5470451300422,22.5470451300422,100.0
6210,1,36.497168514805686,36.497168514805686,100.0
6210,2,40.955786355152114,40.955786355152114,100.0
6220,0,22.80873064879305,22.80873064879305,100.0
6220,1,34.29992127132356,34.29992127132356,100.0
6220,2,42.891348079883386,42.891348079883386,100.0
6230,0,23.39030401813218,23.39030401813218,100.0
6230,1,25.755957643438748,25.755957643438748,100.0
6230,2,50.853738338429075,50.853738338429075,100.0
6240,0,21.200941143300213,21.200941143300213,100.0
6240,1,41.73225228418496,41.73225228418496,100.0
6240,2,37.066806572514835,37.066806572514835,100.0
6250,0,23.399700947728398,23.399700947728398,100.0
6250,1,29.619955788996133,29.619955788996133,100.0
6250,2,46.98034326327548,46.98034326327548,100.0
6260,0,21.373105974156818,21.373105974156818,100.0
6260,1,44.37342709782403,44.37342709782403,100.0
6260,2,34.25346692801916,34.25346692801916,100.0
6270,0,22.80234578587131,22.80234578587131,100.0
6270,1,28.575856516883736,28.575856516883736,100.0
6270,2,48.62179769724496,48.62179769724496,100.0
6280,0,21.14079313879935,21.14079313879935,100.0
6280,1,41.77403310549613,41.77403310549613,100.0
6280,2,37.08517375570452,37.08517375570452,100.0
6290,0,23.22111494379036,23.22111494379036,100.0
6290,1,29.5160326189848,29.5160326189848,100.0
6290,2,47.26285243722484,47.26285243722484,100.0
6300,0,24.3424783978297,24.3424783978297,100.0
6300,1,28.078627312169075,28.078627312169075,100.0
6300,2,47.57889429000122,47.57889429000122,100.0
6310,0,22.84741521556456,22.84741521556456,100.0
6310,1,32.12462091951174,32.12462091951174,100.0
6310,2,45.027963864923706,45.027963864923706,100.0
6320,0,21.27616934550592,21.27616934550592,100.0
6320,1,45.018720091783926,45.018720091783926,100.0
6320,2,33.70511056271016,33.70511056271016,100.0
6330,0,25.87189218809374,25.87189218809374,100.0
6330,1,26.92609134533075,26.92609134533075,100.0
6330,2,47.202016466575515,47.202016466575515,100.0
6340,0,22.29597703357807,22.29597703357807,100.0
6340,1,32.001830153844665,32.001830153844665,100.0
6340,2,45.702192812577266,45.702192812577266,100.0
6350,0,21.93781544593605,21.93781544593605,100.0
6350,1,40.82563250830056,40.82563250830056,100.0
6350,2,37.236552045763396,37.236552045763396,100.0
6360,0,22.28460567766782,22.28460567766782,100.0
6360,1,37.48638861063222,37.48638861063222,100.0
6360,2,40.22900571169997,40.22900571169997,100.0
6370,0,22.25759378163212,22.25759378163212,100.0
6370,1,41.380958285813094,41.380958285813094,100.0
6370,2,36.36144793255479,36.36144793255479,100.0
6380,0,20.641797016266246,20.641797016266246,100.0
6380,1,42.980060396292096,42.980060396292096,100.0
6380,2,36.378142587441666,36.378142587441666,100.0
6390,0,25.46753816874492,25.46753816874492,100.0
6390,1,32.21109548092949,32.21109548092949,100.0
6390,2,42.321366350325604,42.321366350325604,100.0
6400,0,23.651802305244455,23.651802305244455,100.0
6400,1,26.420953881455993,26.420953881455993,100.0
6400,2,49.92724381329955,49.92724381329955,100.0
6410,0,22.5549137178173,22.5549137178173,100.0
6410,1,30.67213068632894,30.67213068632894,100.0
6410,2,46.77295559585376,46.77295559585376,100.0
6420,0,21.954388308536323,21.954388308536323,100.0
6420,1,33.33921936529361,33.33921936529361,100.0
6420,2,44.70639232617006,44.70639232617006,100.0
6430,0,24.758367728481776,24.758367728481776,100.0
6430,1,36.167503298346425,36.167503298346425,100.0
6430,2,39.0741289731718,39.0741289731718,100.0
6440,0,22.94376574248415,22.94376574248415,100.0
6440,1,27.15858012645352,27.15858012645352,100.0
6440,2,49.89765413106233,49.89765413106233,100.0
6450,0,24.493772128147278,24.493772128147278,100.0
6450,1,27.595306800561026,27.595306800561026,100.0
6450,2,47.910921071291696,47.910921071291696,100.0
6460,0,22.88378783634684,22.88378783634684,100.0
6460,1,26.909169711283003,26.909169711283003,100.0
6460,2,50.20704245237015,50.20704245237015,100.0
6470,0,23.149583197762443,23.149583197762443,100.0
6470,1,29.326887813868318,29.326887813868318,100.0
6470,2,47.52352898836924,47.52352898836924,100.0
6480,0,24.243680065280564,24.243680065280564,100.0
6480,1,30.06299487912053,30.06299487912053,100.0
6480,2,45.693325055598905,45.693325055598905,100.0
6490,0,21.674589408998546,21.674589408998546,100.0
6490,1,37.935248912708374,37.935248912708374,100.0
6490,2,40.390161678293076,40.390161678293076,100.0
6500,0,23.42994343097456,23.42994343097456,100.0
6500,1,27.004532455121872,27.004532455121872,100.0
6500,2,49.565524113903564,49.565524113903564,100.0
6510,0,22.541902259384923,22.541902259384923,100.0
6510,1,33.90218972589182,33.90218972589182,100.0
6510,2,43.55590801472326,43.55590801472326,100.0
6520,0,22.796745975604434,22.796745975604434,100.0
6520,1,31.30602228940266,31.30602228940266,100.0
6520,2,45.897231734992914,45.897231734992914,100.0
6530,0,24.563503370870464,24.563503370870464,100.0
6530,1,26.23921699838802,26.23921699838802,100.0
6530,2,49.19727963074151,49.19727963074151,100.0
6540,0,22.638969396062624,22.638969396062624,100.0
6540,1,28.30208200630245,28.30208200630245,100.0
6540,2,49.058948597634924,49.058948597634924,100.0
6550,0,24.54702788121981,24.54702788121981,100.0
6550,1,39.00487623703112,39.00487623703112,100.0
6550,2,36.44809588174907,36.44809588174907,100.0
6560,0,22.539377598263393,22.539377598263393,100.0
6560,1,50.26497718987293,50.26497718987293,100.0
6560,2,27.195645211863685,27.195645211863685,100.0
6570,0,22.155388412958338,22.155388412958338,100.0
6570,1,33.20151876938968,33.20151876938968,100.0
6570,2,44.64309281765198,44.64309281765198,100.0
6580,0,22.903790543378825,22.903790543378825,100.0
6580,1,37.28957108886683,37.28957108886683,100.0
6580,2,39.80663836775434,39.80663836775434,100.0
6590,0,22.136551878844173,22.136551878844173,100.0
6590,1,34.616209696762986,34.616209696762986,100.0
6590,2,43.24723842439283,43.24723842439283,100.0
6600,0,23.627247659758655,23.627247659758655,100.0
6600,1,27.5859173780525,27.5859173780525,100.0
6600,2,48.78683496218885,48.78683496218885,100.0
6610,0,23.318933518348228,23.318933518348228,100.0
6610,1,36.77372251413018,36.77372251413018,100.0
6610,2,39.90734396752159,39.90734396752159,100.0
6620,0,23.266111114003355,23.266111114003355,100.0
6620,1,28.31954444373821,28.31954444373821,100.0
6620,2,48.41434444225844,48.41434444225844,100.0
6630,0,22.886712593478904,22.886712593478904,100.0
6630,1,32.914029619395,32.914029619395,100.0
6630,2,44.19925778712609,44.19925778712609,100.0
6640,0,23.68643983657065,23.68643983657065,100.0
6640,1,42.63125936913076,42.63125936913076,100.0
6640,2,33.68230079429859,33.68230079429859,100.0
6650,0,24.73057947577851,24.73057947577851,100.0
6650,1,28.650229328253314,28.650229328253314,100.0
6650,2,46.61919119596817,46.61919119596817,100.0
6660,0,23.932084704803387,23.932084704803387,100.0
6660,1,26.670793119981596,26.670793119981596,100.0
6660,2,49.39712217521502,49.39712217521502,100.0
6670,0,23.12572403721133,23.12572403721133,100.0
6670,1,43.57763097228594,43.57763097228594,100.0
6670,2,33.296644990502735,33.296644990502735,100.0
6680,0,22.181969407683408,22.181969407683408,100.0
6680,1,30.225621606737235,30.225621606737235,100.0
6680,2,47.592408985579354,47.592408985579354,100.0
6690,0,22.27757946168397,22.27757946168397,100.0
6690,1,40.36085769204686,40.36085769204686,100.0
6690,2,37.36156284626919,37.36156284626919,100.0
6700,0,22.838073299710977,22.838073299710977,100.0
6700,1,41.82383574224933,41.82383574224933,100.0
6700,2,35.33809095803969,35.33809095803969,100.0
6710,0,22.401391478092187,22.401391478092187,100.0
6710,1,28.969176190918354,28.969176190918354,100.0
6710,2,48.62943233098946,48.62943233098946,100.0
6720,0,22.61399055360041,22.61399055360041,100.0
6720,1,40.942898464889765,40.942898464889765,100.0
6720,2,36.44311098150983,36.44311098150983,100.0
6730,0,21.700631333546557,21.700631333546557,100.0
6730,1,35.28390437439574,35.28390437439574,100.0
6730,2,43.0154642920577,43.0154642920577,100.0
6740,0,23.338532914300476,23.338532914300476,100.0
6740,1,30.010379321612945,30.010379321612945,100.0
6740,2,46.65108776408658,46.65108776408658,100.0
6750,0,27.93786080180724,27.93786080180724,100.0
6750,1,32.19388732090177,32.19388732090177,100.0
6750,2,39.86825187729099,39.86825187729099,100.0
6760,0,22.48145923793269,22.48145923793269,100.0
6760,1,31.56274897468365,31.56274897468365,100.0
6760,2,45.95579178738366,45.95579178738366,100.0
6770,0,22.49784854699809,22.49784854699809,100.0
6770,1,39.56707914671246,39.56707914671246,100.0
6770,2,37.935072306289435,37.935072306289435,100.0
6780,0,21.09293037900425,21.09293037900425,100.0
6780,1,40.76953738001223,40.76953738001223,100.0
6780,2,38.13753224098352,38.13753224098352,100.0
6790,0,21.745975806352153,21.745975806352153,100.0
6790,1,33.06231897030133,33.06231897030133,100.0
6790,2,45.191705223346524,45.191705223346524,100.0
6800,0,24.2122189233226,24.2122189233226,100.0
6800,1,32.73475411910834,32.73475411910834,100.0
6800,2,43.05302695756906,43.05302695756906,100.0
6810,0,24.36728915640381,24.36728915640381,100.0
6810,1,30.813947984153035,30.813947984153035,100.0
6810,2,44.818762859443154,44.818762859443154,100.0
6820,0,21.264279339879216,21.264279339879216,100.0
6820,1,38.7676563184958,38.7676563184958,100.0
6820,2,39.96806434162498,39.96806434162498,100.0
6830,0,22.506965420172246,22.506965420172246,100.0
6830,1,35.204837646333615,35.204837646333615,100.0
6830,2,42.28819693349414,42.28819693349414,100.0
6840,0,21.732728143289865,21.732728143289865,100.0
6840,1,36.88502619380815,36.88502619380815,100.0
6840,2,41.38224566290199,41.38224566290199,100.0
6850,0,23.597599597316787,23.597599597316787,100.0
6850,1,29.34710219844917,29.34710219844917,100.0
6850,2,47.055298204234035,47.055298204234035,100.0
6860,0,21.940918206389945,21.940918206389945,100.0
6860,1,40.35888253943797,40.35888253943797,100.0
6860,2,37.70019925417208,37.70019925417208,100.0
6870,0,24.947158836645617,24.947158836645617,100.0
6870,1,40.16842966987505,40.16842966987505,100.0
6870,2,34.88441149347934,34.88441149347934,100.0
6880,0,24.192266080477427,24.192266080477427,100.0
6880,1,26.93038658911214,26.93038658911214,100.0
6880,2,48.87734733041044,48.87734733041044,100.0
6890,0,21.112461252518337,21.112461252518337,100.0
6890,1,44.335157114402776,44.335157114402776,100.0
6890,2,34.55238163307889,34.55238163307889,100.0
6900,0,24.421023217598695,24.421023217598695,100.0
6900,1,28.302201523243365,28.302201523243365,100.0
6900,2,47.27677525915794,47.27677525915794,100.0
6910,0,23.373706208617953,23.373706208617953,100.0
6910,1,26.711802491557002,26.711802491557002,100.0
6910,2,49.91449129982505,49.91449129982505,100.0
6920,0,23.016446729527996,23.016446729527996,100.0
6920,1,32.587663503748665,32.587663503748665,100.0
6920,2,44.395889766723336,44.395889766723336,100.0
6930,0,23.48474886532552,23.48474886532552,100.0
6930,1,31.256747091722687,31.256747091722687,100.0
6930,2,45.25850404295179,45.25850404295179,100.0
6940,0,24.774387989908973,24.774387989908973,100.0
6940,1,27.271441986983714,27.271441986983714,100.0
6940,2,47.95417002310732,47.95417002310732,100.0
6950,0,21.574617562381874,21.574617562381874,100.0
6950,1,36.409414616988315,36.409414616988315,100.0
6950,2,42.01596782062981,42.01596782062981,100.0
6960,0,23.278760657202906,23.278760657202906,100.0
6960,1,38.53405078976741,38.53405078976741,100.0
6960,2,38.18718855302967,38.18718855302967,100.0
6970,0,22.58222222933811,22.58222222933811,100.0
6970,1,37.603560206359745,37.603560206359745,100.0
6970,2,39.81421756430214,39.81421756430214,100.0
6980,0,23.39250877507771,23.39250877507771,100.0
6980,1,29.773044642582647,29.773044642582647,100.0
6980,2,46.83444658233964,46.83444658233964,100.0
6990,0,23.43352354511962,23.43352354511962,100.0
6990,1,37.26411347705348,37.26411347705348,100.0
6990,2,39.3023629778269,39.3023629778269,100.0
7000,0,23.47758978286344,23.47758978286344,100.0
7000,1,27.538459286340032,27.538459286340032,100.0
7000,2,48.983950930796524,48.983950930796524,100.0
7010,0,23.628782038236718,23.628782038236718,100.0
7010,1,30.273606491076734,30.273606491076734,100.0
7010,2,46.09761147068656,46.09761147068656,100.0
7020,0,23.71150433822678,23.71150433822678,100.0
7020,1,34.507073331702365,34.507073331702365,100.0
7020,2,41.78142233007085,41.78142233007085,100.0
7030,0,23.310962885883946,23.310962885883946,100.0
7030,1,27.894573736933097,27.894573736933097,100.0
7030,2,48.79446337718296,48.79446337718296,100.0
7040,0,22.433211635438333,22.433211635438333,100.0
7040,1,42.54262504452161,42.54262504452161,100.0
7040,2,35.02416332004007,35.02416332004007,100.0
7050,0,22.13387365792451,22.13387365792451,100.0
7050,1,40.136381825139665,40.136381825139665,100.0
7050,2,37.729744516935824,37.729744516935824,100.0
7060,0,23.094652987040508,23.094652987040508,100.0
7060,1,41.03713530050111,41.03713530050111,100.0
7060,2,35.86821171245839,35.86821171245839,100.0
7070,0,23.47437721825872,23.47437721825872,100.0
7070,1,28.77689245507822,28.77689245507822,100.0
7070,2,47.748730326663065,47.748730326663065,100.0
7080,0,26.94908809761465,26.94908809761465,100.0
7080,1,33.57067050957711,33.57067050957711,100.0
7080,2,39.48024139280824,39.48024139280824,100.0
7090,0,20.545372950866316,20.545372950866316,100.0
7090,1,41.47860888385808,41.47860888385808,100.0
7090,2,37.976018165275605,37.976018165275605,100.0
7100,0,22.768818115355,22.768818115355,100.0
7100,1,34.56216876871805,34.56216876871805,100.0
7100,2,42.66901311592695,42.66901311592695,100.0
7110,0,24.399922998787392,24.399922998787392,100.0
7110,1,26.889785818940194,26.889785818940194,100.0
7110,2,48.71029118227242,48.71029118227242,100.0
7120,0,23.332349478966194,23.332349478966194,100.0
7120,1,31.628561082174766,31.628561082174766,100.0
7120,2,45.039089438859044,45.039089438859044,100.0
7130,0,20.969686225076945,20.969686225076945,100.0
7130,1,41.85477724707333,41.85477724707333,100.0
7130,2,37.17553652784973,37.17553652784973,100.0
7140,0,22.515736444208663,22.515736444208663,100.0
7140,1,44.02610263310693,44.02610263310693,100.0
7140,2,33.458160922684414,33.458160922684414,100.0
7150,0,21.5353779184971,21.5353779184971,100.0
7150,1,41.24338456672019,41.24338456672019,100.0
7150,2,37.221237514782715,37.221237514782715,100.0
7160,0,23.956598009230518,23.956598009230518,100.0
7160,1,33.85949324118919,33.85949324118919,100.0
7160,2,42.18390874958029,42.18390874958029,100.0
7170,0,21.100130373203733,21.100130373203733,100.0
7170,1,41.8522583563552,41.8522583563552,100.0
7170,2,37.04761127044107,37.04761127044107,100.0
7180,0,22.514283472888525,22.514283472888525,100.0
7180,1,42.77934172847249,42.77934172847249,100.0
7180,2,34.70637479863898,34.70637479863898,100.0
7190,0,22.938634118936342,22.938634118936342,100.0
7190,1,35.361726206218556,35.361726206218556,100.0
7190,2,41.699639674845095,41.699639674845095,100.0
7200,0,21.333229789244452,21.333229789244452,100.0
7200,1,38.896217148986146,38.896217148986146,100.0
7200,2,39.77055306176939,39.77055306176939,100.0
7210,0,24.319466719432516,24.319466719432516,100.0
7210,1,26.796805629209054,26.796805629209054,100.0
7210,2,48.883727651358434,48.883727651358434,100.0
7220,0,25.14349078183472,25.14349078183472,100.0
7220,1,27.626483416308517,27.626483416308517,100.0
7220,2,47.230025801856776,47.230025801856776,100.0
7230,0,25.538734975074085,25.538734975074085,100.0
7230,1,35.202862048321386,35.202862048321386,100.0
7230,2,39.25840297660452,39.25840297660452,100.0
7240,0,23.613967510028377,23.613967510028377,100.0
7240,1,28.882123389194682,28.882123389194682,100.0
7240,2,47.503909100776944,47.503909100776944,100.0
7250,0,24.558722665761522,24.558722665761522,100.0
7250,1,34.70917628659256,34.70917628659256,100.0
7250,2,40.732101047645926,40.732101047645926,100.0
7260,0,22.4363014536803,22.4363014536803,100.0
7260,1,35.15303686216037,35.15303686216037,100.0
7260,2,42.41066168415934,42.41066168415934,100.0
7270,0,23.93073566309018,23.93073566309018,100.0
7270,1,35.49457903582811,35.49457903582811,100.0
7270,2,40.57468530108171,40.57468530108171,100.0
7280,0,22.942751366230386,22.942751366230386,100.0
7280,1,35.39295746446619,35.39295746446619,100.0
7280,2,41.664291169303425,41.664291169303425,100.0
7290,0,21.345168551199112,21.345168551199112,100.0
7290,1,44.786052197851525,44.786052197851525,100.0
7290,2,33.86877925094936,33.86877925094936,100.0
7300,0,23.44792450187434,23.44792450187434,100.0
7300,1,27.424796087716185,27.424796087716185,100.0
7300,2,49.12727941040947,49.12727941040947,100.0
7310,0,22.879746587692054,22.879746587692054,100.0
7310,1,38.89435083983515,38.89435083983515,100.0
7310,2,38.22590257247278,38.22590257247278,100.0
7320,0,22.11698074952214,22.11698074952214,100.0
7320,1,31.661893880714015,31.661893880714015,100.0
7320,2,46.22112536976385,46.22112536976385,100.0
7330,0,22.281352535850964,22.281352535850964,100.0
7330,1,31.919703201107573,31.919703201107573,100.0
7330,2,45.79894426304146,45.79894426304146,100.0
7340,0,24.14284677509815,24.14284677509815,100.0
7340,1,30.354667597685335,30.354667597685335,100.0
7340,2,45.502485627216515,45.502485627216515,100.0
7350,0,21.81360350597469,21.81360350597469,100.0
7350,1,37.54815602659575,37.54815602659575,100.0
7350,2,40.63824046742957,40.63824046742957,100.0
7360,0,21.773194158303983,21.773194158303983,100.0
7360,1,36.81719253974449,36.81719253974449,100.0
7360,2,41.409613301951524,41.409613301951524,100.0
7370,0,23.383610602858482,23.383610602858482,100.0
7370,1,27.5452594807771,27.5452594807771,100.0
7370,2,49.07112991636441,49.07112991636441,100.0
