callId,timeMs,scenario,slot,bwpId,beamId,sliceId,rnti,bufQueueSize,dlTbSizeBefore,hasDemand,demandPassed,rbgAllocated,uniqueRbgs,tbSizeBytes,mcs,rank,numRbPerRbg,reason
1,504,greenran_low,0,0,65535_65535,2,24,1437,0,1,1,0,0,0,15,1,1,pre_allocation
1,504,greenran_low,0,0,65535_65535,2,24,1437,32,1,1,1,1,32,15,1,1,allocated
1,504,greenran_low,0,0,65535_65535,2,23,1437,0,1,1,0,0,0,15,1,1,pre_allocation
1,504,greenran_low,0,0,65535_65535,2,23,1437,32,1,1,1,1,32,15,1,1,allocated
1,504,greenran_low,0,0,65535_65535,2,22,1437,0,1,1,0,0,0,15,1,1,pre_allocation
1,504,greenran_low,0,0,65535_65535,2,22,1437,32,1,1,1,1,32,15,1,1,allocated
1,504,greenran_low,0,0,65535_65535,2,21,1437,0,1,1,0,0,0,15,1,1,pre_allocation
1,504,greenran_low,0,0,65535_65535,2,21,1437,32,1,1,1,1,32,15,1,1,allocated
1,504,greenran_low,0,0,65535_65535,2,20,1437,0,1,1,0,0,0,15,1,1,pre_allocation
1,504,greenran_low,0,0,65535_65535,2,20,1437,32,1,1,1,1,32,15,1,1,allocated
1,504,greenran_low,0,0,65535_65535,2,24,1437,32,1,1,0,1,0,15,1,1,pre_allocation
1,504,greenran_low,0,0,65535_65535,2,24,1437,68,1,1,1,2,68,15,1,1,allocated
1,504,greenran_low,0,0,65535_65535,2,23,1437,32,1,1,0,1,0,15,1,1,pre_allocation
1,504,greenran_low,0,0,65535_65535,2,23,1437,68,1,1,1,2,68,15,1,1,allocated
1,504,greenran_low,0,0,65535_65535,2,22,1437,32,1,1,0,1,0,15,1,1,pre_allocation
1,504,greenran_low,0,0,65535_65535,2,22,1437,68,1,1,1,2,68,15,1,1,allocated
1,504,greenran_low,0,0,65535_65535,2,21,1437,32,1,1,0,1,0,15,1,1,pre_allocation
1,504,greenran_low,0,0,65535_65535,2,21,1437,68,1,1,1,2,68,15,1,1,allocated
1,504,greenran_low,0,0,65535_65535,2,20,1437,32,1,1,0,1,0,15,1,1,pre_allocation
1,504,greenran_low,0,0,65535_65535,2,20,1437,68,1,1,1,2,68,15,1,1,allocated
1,504,greenran_low,0,0,65535_65535,2,24,1437,68,1,1,0,2,0,15,1,1,pre_allocation
1,504,greenran_low,0,0,65535_65535,2,24,1437,103,1,1,1,3,103,15,1,1,allocated
1,504,greenran_low,0,0,65535_65535,2,23,1437,68,1,1,0,2,0,15,1,1,pre_allocation
1,504,greenran_low,0,0,65535_65535,2,23,1437,103,1,1,1,3,103,15,1,1,allocated
1,504,greenran_low,0,0,65535_65535,2,22,1437,68,1,1,0,2,0,15,1,1,pre_allocation
1,504,greenran_low,0,0,65535_65535,2,22,1437,103,1,1,1,3,103,15,1,1,allocated
1,504,greenran_low,0,0,65535_65535,2,21,1437,68,1,1,0,2,0,15,1,1,pre_allocation
1,504,greenran_low,0,0,65535_65535,2,21,1437,103,1,1,1,3,103,15,1,1,allocated
1,504,greenran_low,0,0,65535_65535,2,20,1437,68,1,1,0,2,0,15,1,1,pre_allocation
1,504,greenran_low,0,0,65535_65535,2,20,1437,103,1,1,1,3,103,15,1,1,allocated
1,504,greenran_low,0,0,65535_65535,2,24,1437,103,1,1,0,3,0,15,1,1,pre_allocation
1,504,greenran_low,0,0,65535_65535,2,24,1437,139,1,1,1,4,139,15,1,1,allocated
1,504,greenran_low,0,0,65535_65535,2,23,1437,103,1,1,0,3,0,15,1,1,pre_allocation
1,504,greenran_low,0,0,65535_65535,2,23,1437,139,1,1,1,4,139,15,1,1,allocated
1,504,greenran_low,0,0,65535_65535,2,22,1437,103,1,1,0,3,0,15,1,1,pre_allocation
1,504,greenran_low,0,0,65535_65535,2,22,1437,139,1,1,1,4,139,15,1,1,allocated
1,504,greenran_low,0,0,65535_65535,2,21,1437,103,1,1,0,3,0,15,1,1,pre_allocation
1,504,greenran_low,0,0,65535_65535,2,21,1437,139,1,1,1,4,139,15,1,1,allocated
1,504,greenran_low,0,0,65535_65535,2,20,1437,103,1,1,0,3,0,15,1,1,pre_allocation
1,504,greenran_low,0,0,65535_65535,2,20,1437,139,1,1,1,4,139,15,1,1,allocated
1,504,greenran_low,0,0,65535_65535,2,24,1437,139,1,1,0,4,0,15,1,1,pre_allocation
1,504,greenran_low,0,0,65535_65535,2,24,1437,175,1,1,1,5,175,15,1,1,allocated
1,504,greenran_low,0,0,65535_65535,2,23,1437,139,1,1,0,4,0,15,1,1,pre_allocation
1,504,greenran_low,0,0,65535_65535,2,23,1437,175,1,1,1,5,175,15,1,1,allocated
1,504,greenran_low,0,0,65535_65535,2,22,1437,139,1,1,0,4,0,15,1,1,pre_allocation
1,504,greenran_low,0,0,65535_65535,2,22,1437,175,1,1,1,5,175,15,1,1,allocated
1,504,greenran_low,0,0,65535_65535,2,21,1437,139,1,1,0,4,0,15,1,1,pre_allocation
1,504,greenran_low,0,0,65535_65535,2,21,1437,175,1,1,1,5,175,15,1,1,allocated
1,504,greenran_low,0,0,65535_65535,2,20,1437,139,1,1,0,4,0,15,1,1,pre_allocation
1,504,greenran_low,0,0,65535_65535,2,20,1437,175,1,1,1,5,175,15,1,1,allocated
1,504,greenran_low,0,0,65535_65535,2,24,1437,175,1,1,0,5,0,15,1,1,pre_allocation
1,504,greenran_low,0,0,65535_65535,2,24,1437,210,1,1,1,6,210,15,1,1,allocated
1,504,greenran_low,0,0,65535_65535,2,23,1437,175,1,1,0,5,0,15,1,1,pre_allocation
1,504,greenran_low,0,0,65535_65535,2,23,1437,210,1,1,1,6,210,15,1,1,allocated
1,504,greenran_low,0,0,65535_65535,2,22,1437,175,1,1,0,5,0,15,1,1,pre_allocation
1,504,greenran_low,0,0,65535_65535,2,22,1437,210,1,1,1,6,210,15,1,1,allocated
1,504,greenran_low,0,0,65535_65535,2,21,1437,175,1,1,0,5,0,15,1,1,pre_allocation
1,504,greenran_low,0,0,65535_65535,2,21,1437,210,1,1,1,6,210,15,1,1,allocated
1,504,greenran_low,0,0,65535_65535,2,20,1437,175,1,1,0,5,0,15,1,1,pre_allocation
1,504,greenran_low,0,0,65535_65535,2,20,1437,210,1,1,1,6,210,15,1,1,allocated
1,504,greenran_low,0,0,65535_65535,2,24,1437,210,1,1,0,6,0,15,1,1,pre_allocation
1,504,greenran_low,0,0,65535_65535,2,24,1437,246,1,1,1,7,246,15,1,1,allocated
1,504,greenran_low,0,0,65535_65535,2,23,1437,210,1,1,0,6,0,15,1,1,pre_allocation
1,504,greenran_low,0,0,65535_65535,2,23,1437,246,1,1,1,7,246,15,1,1,allocated
1,504,greenran_low,0,0,65535_65535,2,22,1437,210,1,1,0,6,0,15,1,1,pre_allocation
1,504,greenran_low,0,0,65535_65535,2,22,1437,246,1,1,1,7,246,15,1,1,allocated
1,504,greenran_low,0,0,65535_65535,2,21,1437,210,1,1,0,6,0,15,1,1,pre_allocation
1,504,greenran_low,0,0,65535_65535,2,21,1437,246,1,1,1,7,246,15,1,1,allocated
1,504,greenran_low,0,0,65535_65535,2,20,1437,210,1,1,0,6,0,15,1,1,pre_allocation
1,504,greenran_low,0,0,65535_65535,2,20,1437,246,1,1,1,7,246,15,1,1,allocated
1,504,greenran_low,0,0,65535_65535,2,24,1437,246,1,1,0,7,0,15,1,1,pre_allocation
1,504,greenran_low,0,0,65535_65535,2,24,1437,282,1,1,1,8,282,15,1,1,allocated
1,504,greenran_low,0,0,65535_65535,2,23,1437,246,1,1,0,7,0,15,1,1,pre_allocation
1,504,greenran_low,0,0,65535_65535,2,23,1437,282,1,1,1,8,282,15,1,1,allocated
1,504,greenran_low,0,0,65535_65535,2,22,1437,246,1,1,0,7,0,15,1,1,pre_allocation
1,504,greenran_low,0,0,65535_65535,2,22,1437,282,1,1,1,8,282,15,1,1,allocated
1,504,greenran_low,0,0,65535_65535,2,21,1437,246,1,1,0,7,0,15,1,1,pre_allocation
1,504,greenran_low,0,0,65535_65535,2,21,1437,282,1,1,1,8,282,15,1,1,allocated
1,504,greenran_low,0,0,65535_65535,2,20,1437,246,1,1,0,7,0,15,1,1,pre_allocation
1,504,greenran_low,0,0,65535_65535,2,20,1437,282,1,1,1,8,282,15,1,1,allocated
1,504,greenran_low,0,0,65535_65535,2,24,1437,282,1,1,0,8,0,15,1,1,pre_allocation
1,504,greenran_low,0,0,65535_65535,2,24,1437,317,1,1,1,9,317,15,1,1,allocated
1,504,greenran_low,0,0,65535_65535,2,23,1437,282,1,1,0,8,0,15,1,1,pre_allocation
1,504,greenran_low,0,0,65535_65535,2,23,1437,317,1,1,1,9,317,15,1,1,allocated
1,504,greenran_low,0,0,65535_65535,2,22,1437,282,1,1,0,8,0,15,1,1,pre_allocation
1,504,greenran_low,0,0,65535_65535,2,22,1437,317,1,1,1,9,317,15,1,1,allocated
1,504,greenran_low,0,0,65535_65535,2,21,1437,282,1,1,0,8,0,15,1,1,pre_allocation
1,504,greenran_low,0,0,65535_65535,2,21,1437,317,1,1,1,9,317,15,1,1,allocated
1,504,greenran_low,0,0,65535_65535,2,20,1437,282,1,1,0,8,0,15,1,1,pre_allocation
1,504,greenran_low,0,0,65535_65535,2,20,1437,317,1,1,1,9,317,15,1,1,allocated
1,504,greenran_low,0,0,65535_65535,2,24,1437,317,1,1,0,9,0,15,1,1,pre_allocation
1,504,greenran_low,0,0,65535_65535,2,24,1437,353,1,1,1,10,353,15,1,1,allocated
1,504,greenran_low,0,0,65535_65535,2,23,1437,317,1,1,0,9,0,15,1,1,pre_allocation
1,504,greenran_low,0,0,65535_65535,2,23,1437,353,1,1,1,10,353,15,1,1,allocated
1,504,greenran_low,0,0,65535_65535,2,22,1437,317,1,1,0,9,0,15,1,1,pre_allocation
1,504,greenran_low,0,0,65535_65535,2,22,1437,353,1,1,1,10,353,15,1,1,allocated
1,504,greenran_low,0,0,65535_65535,2,21,1437,317,1,1,0,9,0,15,1,1,pre_allocation
1,504,greenran_low,0,0,65535_65535,2,21,1437,353,1,1,1,10,353,15,1,1,allocated
1,504,greenran_low,0,0,65535_65535,2,20,1437,317,1,1,0,9,0,15,1,1,pre_allocation
1,504,greenran_low,0,0,65535_65535,2,20,1437,353,1,1,1,10,353,15,1,1,allocated
1,504,greenran_low,0,0,65535_65535,2,24,1437,353,1,1,0,10,0,15,1,1,pre_allocation
1,504,greenran_low,0,0,65535_65535,2,24,1437,389,1,1,1,11,389,15,1,1,allocated
1,504,greenran_low,0,0,65535_65535,2,23,1437,353,1,1,0,10,0,15,1,1,pre_allocation
1,504,greenran_low,0,0,65535_65535,2,23,1437,389,1,1,1,11,389,15,1,1,allocated
1,504,greenran_low,0,0,65535_65535,2,22,1437,353,1,1,0,10,0,15,1,1,pre_allocation
1,504,greenran_low,0,0,65535_65535,2,22,1437,389,1,1,1,11,389,15,1,1,allocated
1,504,greenran_low,0,0,65535_65535,2,21,1437,353,1,1,0,10,0,15,1,1,pre_allocation
1,504,greenran_low,0,0,65535_65535,2,21,1437,389,1,1,1,11,389,15,1,1,allocated
1,504,greenran_low,0,0,65535_65535,2,20,1437,353,1,1,0,10,0,15,1,1,pre_allocation
1,504,greenran_low,0,0,65535_65535,2,20,1437,389,1,1,1,11,389,15,1,1,allocated
1,504,greenran_low,0,0,65535_65535,2,24,1437,389,1,1,0,11,0,15,1,1,pre_allocation
1,504,greenran_low,0,0,65535_65535,2,24,1437,424,1,1,1,12,424,15,1,1,allocated
1,504,greenran_low,0,0,65535_65535,2,23,1437,389,1,1,0,11,0,15,1,1,pre_allocation
1,504,greenran_low,0,0,65535_65535,2,23,1437,424,1,1,1,12,424,15,1,1,allocated
1,504,greenran_low,0,0,65535_65535,2,22,1437,389,1,1,0,11,0,15,1,1,pre_allocation
1,504,greenran_low,0,0,65535_65535,2,22,1437,424,1,1,1,12,424,15,1,1,allocated
1,504,greenran_low,0,0,65535_65535,2,21,1437,389,1,1,0,11,0,15,1,1,pre_allocation
1,504,greenran_low,0,0,65535_65535,2,21,1437,424,1,1,1,12,424,15,1,1,allocated
1,504,greenran_low,0,0,65535_65535,2,20,1437,389,1,1,0,11,0,15,1,1,pre_allocation
1,504,greenran_low,0,0,65535_65535,2,20,1437,424,1,1,1,12,424,15,1,1,allocated
1,504,greenran_low,0,0,65535_65535,2,24,1437,424,1,1,0,12,0,15,1,1,pre_allocation
1,504,greenran_low,0,0,65535_65535,2,24,1437,460,1,1,1,13,460,15,1,1,allocated
1,504,greenran_low,0,0,65535_65535,2,23,1437,424,1,1,0,12,0,15,1,1,pre_allocation
1,504,greenran_low,0,0,65535_65535,2,23,1437,460,1,1,1,13,460,15,1,1,allocated
1,504,greenran_low,0,0,65535_65535,2,22,1437,424,1,1,0,12,0,15,1,1,pre_allocation
1,504,greenran_low,0,0,65535_65535,2,22,1437,460,1,1,1,13,460,15,1,1,allocated
1,504,greenran_low,0,0,65535_65535,2,21,1437,424,1,1,0,12,0,15,1,1,pre_allocation
1,504,greenran_low,0,0,65535_65535,2,21,1437,460,1,1,1,13,460,15,1,1,allocated
1,504,greenran_low,0,0,65535_65535,2,20,1437,424,1,1,0,12,0,15,1,1,pre_allocation
1,504,greenran_low,0,0,65535_65535,2,20,1437,460,1,1,1,13,460,15,1,1,allocated
1,504,greenran_low,0,0,65535_65535,2,24,1437,460,1,1,0,13,0,15,1,1,pre_allocation
1,504,greenran_low,0,0,65535_65535,2,24,1437,495,1,1,1,14,495,15,1,1,allocated
1,504,greenran_low,0,0,65535_65535,2,23,1437,460,1,1,0,13,0,15,1,1,pre_allocation
1,504,greenran_low,0,0,65535_65535,2,23,1437,495,1,1,1,14,495,15,1,1,allocated
1,504,greenran_low,0,0,65535_65535,2,22,1437,460,1,1,0,13,0,15,1,1,pre_allocation
1,504,greenran_low,0,0,65535_65535,2,22,1437,495,1,1,1,14,495,15,1,1,allocated
1,504,greenran_low,0,0,65535_65535,2,21,1437,460,1,1,0,13,0,15,1,1,pre_allocation
1,504,greenran_low,0,0,65535_65535,2,21,1437,495,1,1,1,14,495,15,1,1,allocated
1,504,greenran_low,0,0,65535_65535,2,20,1437,460,1,1,0,13,0,15,1,1,pre_allocation
1,504,greenran_low,0,0,65535_65535,2,20,1437,495,1,1,1,14,495,15,1,1,allocated
1,504,greenran_low,0,0,65535_65535,2,24,1437,495,1,1,0,14,0,15,1,1,pre_allocation
1,504,greenran_low,0,0,65535_65535,2,24,1437,531,1,1,1,15,531,15,1,1,allocated
1,504,greenran_low,0,0,65535_65535,2,23,1437,495,1,1,0,14,0,15,1,1,pre_allocation
1,504,greenran_low,0,0,65535_65535,2,23,1437,531,1,1,1,15,531,15,1,1,allocated
1,504,greenran_low,0,0,65535_65535,2,22,1437,495,1,1,0,14,0,15,1,1,pre_allocation
1,504,greenran_low,0,0,65535_65535,2,22,1437,531,1,1,1,15,531,15,1,1,allocated
1,504,greenran_low,0,0,65535_65535,2,21,1437,495,1,1,0,14,0,15,1,1,pre_allocation
1,504,greenran_low,0,0,65535_65535,2,21,1437,531,1,1,1,15,531,15,1,1,allocated
1,504,greenran_low,0,0,65535_65535,2,20,1437,495,1,1,0,14,0,15,1,1,pre_allocation
1,504,greenran_low,0,0,65535_65535,2,20,1437,531,1,1,1,15,531,15,1,1,allocated
1,504,greenran_low,0,0,65535_65535,2,24,1437,531,1,1,0,15,0,15,1,1,pre_allocation
1,504,greenran_low,0,0,65535_65535,2,24,1437,567,1,1,1,16,567,15,1,1,allocated
1,504,greenran_low,0,0,65535_65535,2,23,1437,531,1,1,0,15,0,15,1,1,pre_allocation
1,504,greenran_low,0,0,65535_65535,2,23,1437,567,1,1,1,16,567,15,1,1,allocated
1,504,greenran_low,0,0,65535_65535,2,22,1437,531,1,1,0,15,0,15,1,1,pre_allocation
1,504,greenran_low,0,0,65535_65535,2,22,1437,567,1,1,1,16,567,15,1,1,allocated
1,504,greenran_low,0,0,65535_65535,2,21,1437,531,1,1,0,15,0,15,1,1,pre_allocation
1,504,greenran_low,0,0,65535_65535,2,21,1437,567,1,1,1,16,567,15,1,1,allocated
1,504,greenran_low,0,0,65535_65535,2,20,1437,531,1,1,0,15,0,15,1,1,pre_allocation
1,504,greenran_low,0,0,65535_65535,2,20,1437,567,1,1,1,16,567,15,1,1,allocated
1,504,greenran_low,0,0,65535_65535,2,24,1437,567,1,1,0,16,0,15,1,1,pre_allocation
1,504,greenran_low,0,0,65535_65535,2,24,1437,602,1,1,1,17,602,15,1,1,allocated
1,504,greenran_low,0,0,65535_65535,2,23,1437,567,1,1,0,16,0,15,1,1,pre_allocation
1,504,greenran_low,0,0,65535_65535,2,23,1437,602,1,1,1,17,602,15,1,1,allocated
1,504,greenran_low,0,0,65535_65535,2,22,1437,567,1,1,0,16,0,15,1,1,pre_allocation
1,504,greenran_low,0,0,65535_65535,2,22,1437,602,1,1,1,17,602,15,1,1,allocated
1,504,greenran_low,0,0,65535_65535,2,21,1437,567,1,1,0,16,0,15,1,1,pre_allocation
1,504,greenran_low,0,0,65535_65535,2,21,1437,602,1,1,1,17,602,15,1,1,allocated
1,504,greenran_low,0,0,65535_65535,2,20,1437,567,1,1,0,16,0,15,1,1,pre_allocation
1,504,greenran_low,0,0,65535_65535,2,20,1437,602,1,1,1,17,602,15,1,1,allocated
1,504,greenran_low,0,0,65535_65535,2,24,1437,602,1,1,0,17,0,15,1,1,pre_allocation
1,504,greenran_low,0,0,65535_65535,2,24,1437,638,1,1,1,18,638,15,1,1,allocated
1,504,greenran_low,0,0,65535_65535,2,23,1437,602,1,1,0,17,0,15,1,1,pre_allocation
1,504,greenran_low,0,0,65535_65535,2,23,1437,638,1,1,1,18,638,15,1,1,allocated
1,504,greenran_low,0,0,65535_65535,2,22,1437,602,1,1,0,17,0,15,1,1,pre_allocation
1,504,greenran_low,0,0,65535_65535,2,22,1437,638,1,1,1,18,638,15,1,1,allocated
1,504,greenran_low,0,0,65535_65535,2,21,1437,602,1,1,0,17,0,15,1,1,pre_allocation
1,504,greenran_low,0,0,65535_65535,2,21,1437,638,1,1,1,18,638,15,1,1,allocated
1,504,greenran_low,0,0,65535_65535,2,20,1437,602,1,1,0,17,0,15,1,1,pre_allocation
1,504,greenran_low,0,0,65535_65535,2,20,1437,638,1,1,1,18,638,15,1,1,allocated
1,504,greenran_low,0,0,65535_65535,2,24,1437,638,1,1,0,18,0,15,1,1,pre_allocation
1,504,greenran_low,0,0,65535_65535,2,24,1437,674,1,1,1,19,674,15,1,1,allocated
1,504,greenran_low,0,0,65535_65535,2,23,1437,638,1,1,0,18,0,15,1,1,pre_allocation
1,504,greenran_low,0,0,65535_65535,2,23,1437,674,1,1,1,19,674,15,1,1,allocated
1,504,greenran_low,0,0,65535_65535,2,22,1437,638,1,1,0,18,0,15,1,1,pre_allocation
1,504,greenran_low,0,0,65535_65535,2,22,1437,674,1,1,1,19,674,15,1,1,allocated
1,504,greenran_low,0,0,65535_65535,2,21,1437,638,1,1,0,18,0,15,1,1,pre_allocation
1,504,greenran_low,0,0,65535_65535,2,21,1437,674,1,1,1,19,674,15,1,1,allocated
1,504,greenran_low,0,0,65535_65535,2,20,1437,638,1,1,0,18,0,15,1,1,pre_allocation
1,504,greenran_low,0,0,65535_65535,2,20,1437,674,1,1,1,19,674,15,1,1,allocated
1,504,greenran_low,0,0,65535_65535,2,24,1437,674,1,1,0,19,0,15,1,1,pre_allocation
1,504,greenran_low,0,0,65535_65535,2,24,1437,709,1,1,1,20,709,15,1,1,allocated
1,504,greenran_low,0,0,65535_65535,2,23,1437,674,1,1,0,19,0,15,1,1,pre_allocation
1,504,greenran_low,0,0,65535_65535,2,23,1437,709,1,1,1,20,709,15,1,1,allocated
1,504,greenran_low,0,0,65535_65535,2,22,1437,674,1,1,0,19,0,15,1,1,pre_allocation
1,504,greenran_low,0,0,65535_65535,2,22,1437,709,1,1,1,20,709,15,1,1,allocated
1,504,greenran_low,0,0,65535_65535,2,21,1437,674,1,1,0,19,0,15,1,1,pre_allocation
1,504,greenran_low,0,0,65535_65535,2,21,1437,709,1,1,1,20,709,15,1,1,allocated
1,504,greenran_low,0,0,65535_65535,2,20,1437,674,1,1,0,19,0,15,1,1,pre_allocation
1,504,greenran_low,0,0,65535_65535,2,20,1437,709,1,1,1,20,709,15,1,1,allocated
1,504,greenran_low,0,0,65535_65535,2,24,1437,709,1,1,0,20,0,15,1,1,pre_allocation
1,504,greenran_low,0,0,65535_65535,2,24,1437,745,1,1,1,21,745,15,1,1,allocated
1,504,greenran_low,0,0,65535_65535,2,23,1437,709,1,1,0,20,0,15,1,1,pre_allocation
1,504,greenran_low,0,0,65535_65535,2,23,1437,745,1,1,1,21,745,15,1,1,allocated
1,504,greenran_low,0,0,65535_65535,2,22,1437,709,1,1,0,20,0,15,1,1,pre_allocation
1,504,greenran_low,0,0,65535_65535,2,22,1437,745,1,1,1,21,745,15,1,1,allocated
1,504,greenran_low,0,0,65535_65535,2,21,1437,709,1,1,0,20,0,15,1,1,pre_allocation
1,504,greenran_low,0,0,65535_65535,2,21,1437,745,1,1,1,21,745,15,1,1,allocated
1,504,greenran_low,0,0,65535_65535,2,20,1437,709,1,1,0,20,0,15,1,1,pre_allocation
1,504,greenran_low,0,0,65535_65535,2,20,1437,745,1,1,1,21,745,15,1,1,allocated
1,504,greenran_low,0,0,65535_65535,2,24,1437,745,1,1,0,21,0,15,1,1,pre_allocation
1,504,greenran_low,0,0,65535_65535,2,24,1437,781,1,1,1,22,781,15,1,1,allocated
1,504,greenran_low,0,0,65535_65535,2,23,1437,745,1,1,0,21,0,15,1,1,pre_allocation
1,504,greenran_low,0,0,65535_65535,2,23,1437,781,1,1,1,22,781,15,1,1,allocated
1,504,greenran_low,0,0,65535_65535,2,22,1437,745,1,1,0,21,0,15,1,1,pre_allocation
1,504,greenran_low,0,0,65535_65535,2,22,1437,781,1,1,1,22,781,15,1,1,allocated
1,504,greenran_low,0,0,65535_65535,2,21,1437,745,1,1,0,21,0,15,1,1,pre_allocation
1,504,greenran_low,0,0,65535_65535,2,21,1437,781,1,1,1,22,781,15,1,1,allocated
1,504,greenran_low,0,0,65535_65535,2,20,1437,745,1,1,0,21,0,15,1,1,pre_allocation
1,504,greenran_low,0,0,65535_65535,2,20,1437,781,1,1,1,22,781,15,1,1,allocated
1,504,greenran_low,0,0,65535_65535,2,24,1437,781,1,1,0,22,0,15,1,1,pre_allocation
1,504,greenran_low,0,0,65535_65535,2,24,1437,816,1,1,1,23,816,15,1,1,allocated
1,504,greenran_low,0,0,65535_65535,2,23,1437,781,1,1,0,22,0,15,1,1,pre_allocation
1,504,greenran_low,0,0,65535_65535,2,23,1437,816,1,1,1,23,816,15,1,1,allocated
1,504,greenran_low,0,0,65535_65535,2,22,1437,781,1,1,0,22,0,15,1,1,pre_allocation
1,504,greenran_low,0,0,65535_65535,2,22,1437,816,1,1,1,23,816,15,1,1,allocated
1,504,greenran_low,0,0,65535_65535,2,21,1437,781,1,1,0,22,0,15,1,1,pre_allocation
1,504,greenran_low,0,0,65535_65535,2,21,1437,816,1,1,1,23,816,15,1,1,allocated
1,504,greenran_low,0,0,65535_65535,2,20,1437,781,1,1,0,22,0,15,1,1,pre_allocation
1,504,greenran_low,0,0,65535_65535,2,20,1437,816,1,1,1,23,816,15,1,1,allocated
1,504,greenran_low,0,0,65535_65535,2,24,1437,816,1,1,0,23,0,15,1,1,pre_allocation
1,504,greenran_low,0,0,65535_65535,2,24,1437,852,1,1,1,24,852,15,1,1,allocated
1,504,greenran_low,0,0,65535_65535,2,23,1437,816,1,1,0,23,0,15,1,1,pre_allocation
1,504,greenran_low,0,0,65535_65535,2,23,1437,852,1,1,1,24,852,15,1,1,allocated
1,504,greenran_low,0,0,65535_65535,2,22,1437,816,1,1,0,23,0,15,1,1,pre_allocation
1,504,greenran_low,0,0,65535_65535,2,22,1437,852,1,1,1,24,852,15,1,1,allocated
1,504,greenran_low,0,0,65535_65535,2,21,1437,816,1,1,0,23,0,15,1,1,pre_allocation
1,504,greenran_low,0,0,65535_65535,2,21,1437,852,1,1,1,24,852,15,1,1,allocated
1,504,greenran_low,0,0,65535_65535,2,20,1437,816,1,1,0,23,0,15,1,1,pre_allocation
1,504,greenran_low,0,0,65535_65535,2,20,1437,852,1,1,1,24,852,15,1,1,allocated
1,504,greenran_low,0,0,65535_65535,2,24,1437,852,1,1,0,24,0,15,1,1,pre_allocation
1,504,greenran_low,0,0,65535_65535,2,24,1437,888,1,1,1,25,888,15,1,1,allocated
1,504,greenran_low,0,0,65535_65535,2,23,1437,852,1,1,0,24,0,15,1,1,pre_allocation
1,504,greenran_low,0,0,65535_65535,2,23,1437,888,1,1,1,25,888,15,1,1,allocated
1,504,greenran_low,0,0,65535_65535,2,22,1437,852,1,1,0,24,0,15,1,1,pre_allocation
1,504,greenran_low,0,0,65535_65535,2,22,1437,888,1,1,1,25,888,15,1,1,allocated
1,504,greenran_low,0,0,65535_65535,2,21,1437,852,1,1,0,24,0,15,1,1,pre_allocation
1,504,greenran_low,0,0,65535_65535,2,21,1437,888,1,1,1,25,888,15,1,1,allocated
1,504,greenran_low,0,0,65535_65535,2,20,1437,852,1,1,0,24,0,15,1,1,pre_allocation
1,504,greenran_low,0,0,65535_65535,2,20,1437,888,1,1,1,25,888,15,1,1,allocated
1,504,greenran_low,0,0,65535_65535,2,24,1437,888,1,1,0,25,0,15,1,1,pre_allocation
1,504,greenran_low,0,0,65535_65535,2,24,1437,923,1,1,1,26,923,15,1,1,allocated
1,504,greenran_low,0,0,65535_65535,2,23,1437,888,1,1,0,25,0,15,1,1,pre_allocation
1,504,greenran_low,0,0,65535_65535,2,23,1437,923,1,1,1,26,923,15,1,1,allocated
1,504,greenran_low,0,0,65535_65535,2,22,1437,888,1,1,0,25,0,15,1,1,pre_allocation
1,504,greenran_low,0,0,65535_65535,2,22,1437,923,1,1,1,26,923,15,1,1,allocated
1,504,greenran_low,0,0,65535_65535,2,21,1437,888,1,1,0,25,0,15,1,1,pre_allocation
1,504,greenran_low,0,0,65535_65535,2,21,1437,923,1,1,1,26,923,15,1,1,allocated
1,504,greenran_low,0,0,65535_65535,2,20,1437,888,1,1,0,25,0,15,1,1,pre_allocation
1,504,greenran_low,0,0,65535_65535,2,20,1437,923,1,1,1,26,923,15,1,1,allocated
1,504,greenran_low,0,0,65535_65535,2,24,1437,923,1,1,0,26,0,15,1,1,pre_allocation
1,504,greenran_low,0,0,65535_65535,2,24,1437,959,1,1,1,27,959,15,1,1,allocated
1,504,greenran_low,0,0,65535_65535,2,23,1437,923,1,1,0,26,0,15,1,1,pre_allocation
1,504,greenran_low,0,0,65535_65535,2,23,1437,959,1,1,1,27,959,15,1,1,allocated
1,504,greenran_low,0,0,65535_65535,2,22,1437,923,1,1,0,26,0,15,1,1,pre_allocation
1,504,greenran_low,0,0,65535_65535,2,22,1437,959,1,1,1,27,959,15,1,1,allocated
1,504,greenran_low,0,0,65535_65535,2,21,1437,923,1,1,0,26,0,15,1,1,pre_allocation
1,504,greenran_low,0,0,65535_65535,2,21,1437,959,1,1,1,27,959,15,1,1,allocated
1,504,greenran_low,0,0,65535_65535,2,20,1437,923,1,1,0,26,0,15,1,1,pre_allocation
1,504,greenran_low,0,0,65535_65535,2,20,1437,959,1,1,1,27,959,15,1,1,allocated
1,504,greenran_low,0,0,65535_65535,2,24,1437,959,1,1,0,27,0,15,1,1,pre_allocation
1,504,greenran_low,0,0,65535_65535,2,24,1437,994,1,1,1,28,994,15,1,1,allocated
1,504,greenran_low,0,0,65535_65535,2,23,1437,959,1,1,0,27,0,15,1,1,pre_allocation
1,504,greenran_low,0,0,65535_65535,2,23,1437,994,1,1,1,28,994,15,1,1,allocated
1,504,greenran_low,0,0,65535_65535,2,22,1437,959,1,1,0,27,0,15,1,1,pre_allocation
1,504,greenran_low,0,0,65535_65535,2,22,1437,994,1,1,1,28,994,15,1,1,allocated
1,504,greenran_low,0,0,65535_65535,2,21,1437,959,1,1,0,27,0,15,1,1,pre_allocation
1,504,greenran_low,0,0,65535_65535,2,21,1437,994,1,1,1,28,994,15,1,1,allocated
1,504,greenran_low,0,0,65535_65535,2,20,1437,959,1,1,0,27,0,15,1,1,pre_allocation
1,504,greenran_low,0,0,65535_65535,2,20,1437,994,1,1,1,28,994,15,1,1,allocated
1,504,greenran_low,0,0,65535_65535,2,24,1437,994,1,1,0,28,0,15,1,1,pre_allocation
1,504,greenran_low,0,0,65535_65535,2,24,1437,1030,1,1,1,29,1030,15,1,1,allocated
1,504,greenran_low,0,0,65535_65535,2,23,1437,994,1,1,0,28,0,15,1,1,pre_allocation
1,504,greenran_low,0,0,65535_65535,2,23,1437,1030,1,1,1,29,1030,15,1,1,allocated
1,504,greenran_low,0,0,65535_65535,2,22,1437,994,1,1,0,28,0,15,1,1,pre_allocation
1,504,greenran_low,0,0,65535_65535,2,22,1437,1030,1,1,1,29,1030,15,1,1,allocated
1,504,greenran_low,0,0,65535_65535,2,21,1437,994,1,1,0,28,0,15,1,1,pre_allocation
1,504,greenran_low,0,0,65535_65535,2,21,1437,1030,1,1,1,29,1030,15,1,1,allocated
1,504,greenran_low,0,0,65535_65535,2,20,1437,994,1,1,0,28,0,15,1,1,pre_allocation
1,504,greenran_low,0,0,65535_65535,2,20,1437,1030,1,1,1,29,1030,15,1,1,allocated
1,504,greenran_low,0,0,65535_65535,2,24,1437,1030,1,1,0,29,0,15,1,1,pre_allocation
1,504,greenran_low,0,0,65535_65535,2,24,1437,1066,1,1,1,30,1066,15,1,1,allocated
1,504,greenran_low,0,0,65535_65535,2,23,1437,1030,1,1,0,29,0,15,1,1,pre_allocation
1,504,greenran_low,0,0,65535_65535,2,23,1437,1066,1,1,1,30,1066,15,1,1,allocated
1,504,greenran_low,0,0,65535_65535,2,22,1437,1030,1,1,0,29,0,15,1,1,pre_allocation
1,504,greenran_low,0,0,65535_65535,2,22,1437,1066,1,1,1,30,1066,15,1,1,allocated
1,504,greenran_low,0,0,65535_65535,2,21,1437,1030,1,1,0,29,0,15,1,1,pre_allocation
1,504,greenran_low,0,0,65535_65535,2,21,1437,1066,1,1,1,30,1066,15,1,1,allocated
1,504,greenran_low,0,0,65535_65535,2,20,1437,1030,1,1,0,29,0,15,1,1,pre_allocation
1,504,greenran_low,0,0,65535_65535,2,20,1437,1066,1,1,1,30,1066,15,1,1,allocated
1,504,greenran_low,0,0,65535_65535,2,24,1437,1066,1,1,0,30,0,15,1,1,pre_allocation
1,504,greenran_low,0,0,65535_65535,2,24,1437,1101,1,1,1,31,1101,15,1,1,allocated
1,504,greenran_low,0,0,65535_65535,2,23,1437,1066,1,1,0,30,0,15,1,1,pre_allocation
1,504,greenran_low,0,0,65535_65535,2,23,1437,1101,1,1,1,31,1101,15,1,1,allocated
1,504,greenran_low,0,0,65535_65535,2,22,1437,1066,1,1,0,30,0,15,1,1,pre_allocation
1,504,greenran_low,0,0,65535_65535,2,22,1437,1101,1,1,1,31,1101,15,1,1,allocated
1,504,greenran_low,0,0,65535_65535,2,21,1437,1066,1,1,0,30,0,15,1,1,pre_allocation
1,504,greenran_low,0,0,65535_65535,2,21,1437,1101,1,1,1,31,1101,15,1,1,allocated
1,504,greenran_low,0,0,65535_65535,2,20,1437,1066,1,1,0,30,0,15,1,1,pre_allocation
1,504,greenran_low,0,0,65535_65535,2,20,1437,1101,1,1,1,31,1101,15,1,1,allocated
1,504,greenran_low,0,0,65535_65535,2,24,1437,1101,1,1,0,31,0,15,1,1,pre_allocation
1,504,greenran_low,0,0,65535_65535,2,24,1437,1137,1,1,1,32,1137,15,1,1,allocated
1,504,greenran_low,0,0,65535_65535,2,23,1437,1101,1,1,0,31,0,15,1,1,pre_allocation
1,504,greenran_low,0,0,65535_65535,2,23,1437,1137,1,1,1,32,1137,15,1,1,allocated
1,504,greenran_low,0,0,65535_65535,2,22,1437,1101,1,1,0,31,0,15,1,1,pre_allocation
1,504,greenran_low,0,0,65535_65535,2,22,1437,1137,1,1,1,32,1137,15,1,1,allocated
1,504,greenran_low,0,0,65535_65535,2,21,1437,1101,1,1,0,31,0,15,1,1,pre_allocation
1,504,greenran_low,0,0,65535_65535,2,21,1437,1137,1,1,1,32,1137,15,1,1,allocated
1,504,greenran_low,0,0,65535_65535,2,20,1437,1101,1,1,0,31,0,15,1,1,pre_allocation
1,504,greenran_low,0,0,65535_65535,2,20,1437,1137,1,1,1,32,1137,15,1,1,allocated
1,504,greenran_low,0,0,65535_65535,2,24,1437,1137,1,1,0,32,0,15,1,1,pre_allocation
1,504,greenran_low,0,0,65535_65535,2,24,1437,1173,1,1,1,33,1173,15,1,1,allocated
1,504,greenran_low,0,0,65535_65535,2,23,1437,1137,1,1,0,32,0,15,1,1,pre_allocation
1,504,greenran_low,0,0,65535_65535,2,23,1437,1173,1,1,1,33,1173,15,1,1,allocated
1,504,greenran_low,0,0,65535_65535,2,22,1437,1137,1,1,0,32,0,15,1,1,pre_allocation
1,504,greenran_low,0,0,65535_65535,2,22,1437,1173,1,1,1,33,1173,15,1,1,allocated
1,504,greenran_low,0,0,65535_65535,2,21,1437,1137,1,1,0,32,0,15,1,1,pre_allocation
1,504,greenran_low,0,0,65535_65535,2,21,1437,1173,1,1,1,33,1173,15,1,1,allocated
1,504,greenran_low,0,0,65535_65535,2,20,1437,1137,1,1,0,32,0,15,1,1,pre_allocation
1,504,greenran_low,0,0,65535_65535,2,20,1437,1173,1,1,1,33,1173,15,1,1,allocated
1,504,greenran_low,0,0,65535_65535,2,24,1437,1173,1,1,0,33,0,15,1,1,pre_allocation
1,504,greenran_low,0,0,65535_65535,2,24,1437,1208,1,1,1,34,1208,15,1,1,allocated
1,504,greenran_low,0,0,65535_65535,2,23,1437,1173,1,1,0,33,0,15,1,1,pre_allocation
1,504,greenran_low,0,0,65535_65535,2,23,1437,1208,1,1,1,34,1208,15,1,1,allocated
1,504,greenran_low,0,0,65535_65535,2,22,1437,1173,1,1,0,33,0,15,1,1,pre_allocation
1,504,greenran_low,0,0,65535_65535,2,22,1437,1208,1,1,1,34,1208,15,1,1,allocated
1,504,greenran_low,0,0,65535_65535,2,21,1437,1173,1,1,0,33,0,15,1,1,pre_allocation
1,504,greenran_low,0,0,65535_65535,2,21,1437,1208,1,1,1,34,1208,15,1,1,allocated
1,504,greenran_low,0,0,65535_65535,2,20,1437,1173,1,1,0,33,0,15,1,1,pre_allocation
1,504,greenran_low,0,0,65535_65535,2,20,1437,1208,1,1,1,34,1208,15,1,1,allocated
1,504,greenran_low,0,0,65535_65535,2,24,1437,1208,1,1,0,34,0,15,1,1,pre_allocation
1,504,greenran_low,0,0,65535_65535,2,24,1437,1244,1,1,1,35,1244,15,1,1,allocated
1,504,greenran_low,0,0,65535_65535,2,23,1437,1208,1,1,0,34,0,15,1,1,pre_allocation
1,504,greenran_low,0,0,65535_65535,2,23,1437,1244,1,1,1,35,1244,15,1,1,allocated
1,504,greenran_low,0,0,65535_65535,2,22,1437,1208,1,1,0,34,0,15,1,1,pre_allocation
1,504,greenran_low,0,0,65535_65535,2,22,1437,1244,1,1,1,35,1244,15,1,1,allocated
1,504,greenran_low,0,0,65535_65535,2,21,1437,1208,1,1,0,34,0,15,1,1,pre_allocation
1,504,greenran_low,0,0,65535_65535,2,21,1437,1244,1,1,1,35,1244,15,1,1,allocated
1,504,greenran_low,0,0,65535_65535,2,20,1437,1208,1,1,0,34,0,15,1,1,pre_allocation
1,504,greenran_low,0,0,65535_65535,2,20,1437,1244,1,1,1,35,1244,15,1,1,allocated
1,504,greenran_low,0,0,65535_65535,2,24,1437,1244,1,1,0,35,0,15,1,1,pre_allocation
1,504,greenran_low,0,0,65535_65535,2,24,1437,1280,1,1,1,36,1280,15,1,1,allocated
1,504,greenran_low,0,0,65535_65535,2,23,1437,1244,1,1,0,35,0,15,1,1,pre_allocation
1,504,greenran_low,0,0,65535_65535,2,23,1437,1280,1,1,1,36,1280,15,1,1,allocated
1,504,greenran_low,0,0,65535_65535,2,22,1437,1244,1,1,0,35,0,15,1,1,pre_allocation
1,504,greenran_low,0,0,65535_65535,2,22,1437,1280,1,1,1,36,1280,15,1,1,allocated
1,504,greenran_low,0,0,65535_65535,2,21,1437,1244,1,1,0,35,0,15,1,1,pre_allocation
1,504,greenran_low,0,0,65535_65535,2,21,1437,1280,1,1,1,36,1280,15,1,1,allocated
1,504,greenran_low,0,0,65535_65535,2,20,1437,1244,1,1,0,35,0,15,1,1,pre_allocation
1,504,greenran_low,0,0,65535_65535,2,20,1437,1280,1,1,1,36,1280,15,1,1,allocated
1,504,greenran_low,0,0,65535_65535,2,24,1437,1280,1,1,0,36,0,15,1,1,pre_allocation
1,504,greenran_low,0,0,65535_65535,2,24,1437,1315,1,1,1,37,1315,15,1,1,allocated
1,504,greenran_low,0,0,65535_65535,2,23,1437,1280,1,1,0,36,0,15,1,1,pre_allocation
1,504,greenran_low,0,0,65535_65535,2,23,1437,1315,1,1,1,37,1315,15,1,1,allocated
1,504,greenran_low,0,0,65535_65535,2,22,1437,1280,1,1,0,36,0,15,1,1,pre_allocation
1,504,greenran_low,0,0,65535_65535,2,22,1437,1315,1,1,1,37,1315,15,1,1,allocated
1,504,greenran_low,0,0,65535_65535,2,21,1437,1280,1,1,0,36,0,15,1,1,pre_allocation
1,504,greenran_low,0,0,65535_65535,2,21,1437,1315,1,1,1,37,1315,15,1,1,allocated
1,504,greenran_low,0,0,65535_65535,2,20,1437,1280,1,1,0,36,0,15,1,1,pre_allocation
1,504,greenran_low,0,0,65535_65535,2,20,1437,1315,1,1,1,37,1315,15,1,1,allocated
1,504,greenran_low,0,0,65535_65535,2,24,1437,1315,1,1,0,37,0,15,1,1,pre_allocation
1,504,greenran_low,0,0,65535_65535,2,24,1437,1351,1,1,1,38,1351,15,1,1,allocated
1,504,greenran_low,0,0,65535_65535,2,23,1437,1315,1,1,0,37,0,15,1,1,pre_allocation
1,504,greenran_low,0,0,65535_65535,2,23,1437,1351,1,1,1,38,1351,15,1,1,allocated
1,504,greenran_low,0,0,65535_65535,2,22,1437,1315,1,1,0,37,0,15,1,1,pre_allocation
1,504,greenran_low,0,0,65535_65535,2,22,1437,1351,1,1,1,38,1351,15,1,1,allocated
1,504,greenran_low,0,0,65535_65535,2,21,1437,1315,1,1,0,37,0,15,1,1,pre_allocation
1,504,greenran_low,0,0,65535_65535,2,21,1437,1351,1,1,1,38,1351,15,1,1,allocated
1,504,greenran_low,0,0,65535_65535,2,20,1437,1315,1,1,0,37,0,15,1,1,pre_allocation
1,504,greenran_low,0,0,65535_65535,2,20,1437,1351,1,1,1,38,1351,15,1,1,allocated
1,504,greenran_low,0,0,65535_65535,2,24,1437,1351,1,1,0,38,0,15,1,1,pre_allocation
1,504,greenran_low,0,0,65535_65535,2,24,1437,1386,1,1,1,39,1386,15,1,1,allocated
1,504,greenran_low,0,0,65535_65535,2,23,1437,1351,1,1,0,38,0,15,1,1,pre_allocation
1,504,greenran_low,0,0,65535_65535,2,23,1437,1386,1,1,1,39,1386,15,1,1,allocated
1,504,greenran_low,0,0,65535_65535,2,22,1437,1351,1,1,0,38,0,15,1,1,pre_allocation
1,504,greenran_low,0,0,65535_65535,2,22,1437,1386,1,1,1,39,1386,15,1,1,allocated
1,504,greenran_low,0,0,65535_65535,2,21,1437,1351,1,1,0,38,0,15,1,1,pre_allocation
1,504,greenran_low,0,0,65535_65535,2,21,1437,1386,1,1,1,39,1386,15,1,1,allocated
1,504,greenran_low,0,0,65535_65535,2,20,1437,1351,1,1,0,38,0,15,1,1,pre_allocation
1,504,greenran_low,0,0,65535_65535,2,20,1437,1386,1,1,1,39,1386,15,1,1,allocated
1,504,greenran_low,0,0,65535_65535,2,24,1437,1386,1,1,0,39,0,15,1,1,pre_allocation
1,504,greenran_low,0,0,65535_65535,2,24,1437,1422,1,1,1,40,1422,15,1,1,allocated
1,504,greenran_low,0,0,65535_65535,2,23,1437,1386,1,1,0,39,0,15,1,1,pre_allocation
1,504,greenran_low,0,0,65535_65535,2,23,1437,1422,1,1,1,40,1422,15,1,1,allocated
1,504,greenran_low,0,0,65535_65535,2,22,1437,1386,1,1,0,39,0,15,1,1,pre_allocation
1,504,greenran_low,0,0,65535_65535,2,22,1437,1422,1,1,1,40,1422,15,1,1,allocated
1,504,greenran_low,0,0,65535_65535,2,21,1437,1386,1,1,0,39,0,15,1,1,pre_allocation
1,504,greenran_low,0,0,65535_65535,2,21,1437,1422,1,1,1,40,1422,15,1,1,allocated
1,504,greenran_low,0,0,65535_65535,2,20,1437,1386,1,1,0,39,0,15,1,1,pre_allocation
1,504,greenran_low,0,0,65535_65535,2,20,1437,1422,1,1,1,40,1422,15,1,1,allocated
1,504,greenran_low,0,0,65535_65535,2,24,1437,1422,1,1,0,40,0,15,1,1,pre_allocation
1,504,greenran_low,0,0,65535_65535,2,24,1437,1458,1,1,1,41,1458,15,1,1,allocated
1,504,greenran_low,0,0,65535_65535,2,23,1437,1422,1,1,0,40,0,15,1,1,pre_allocation
1,504,greenran_low,0,0,65535_65535,2,23,1437,1458,1,1,1,41,1458,15,1,1,allocated
1,504,greenran_low,0,0,65535_65535,2,22,1437,1422,1,1,0,40,0,15,1,1,pre_allocation
1,504,greenran_low,0,0,65535_65535,2,22,1437,1458,1,1,1,41,1458,15,1,1,allocated
1,504,greenran_low,0,0,65535_65535,2,21,1437,1422,1,1,0,40,0,15,1,1,pre_allocation
1,504,greenran_low,0,0,65535_65535,2,21,1437,1458,1,1,1,41,1458,15,1,1,allocated
1,504,greenran_low,0,0,65535_65535,2,20,1437,1422,1,1,0,40,0,15,1,1,pre_allocation
1,504,greenran_low,0,0,65535_65535,2,20,1437,1458,1,1,1,41,1458,15,1,1,allocated
1,504,greenran_low,0,0,65535_65535,2,24,1437,1458,1,1,0,41,0,15,1,1,pre_allocation
1,504,greenran_low,0,0,65535_65535,2,24,1437,1493,1,1,1,42,1493,15,1,1,allocated
1,504,greenran_low,0,0,65535_65535,2,23,1437,1458,1,1,0,41,0,15,1,1,pre_allocation
1,504,greenran_low,0,0,65535_65535,2,23,1437,1493,1,1,1,42,1493,15,1,1,allocated
1,504,greenran_low,0,0,65535_65535,2,22,1437,1458,1,1,0,41,0,15,1,1,pre_allocation
1,504,greenran_low,0,0,65535_65535,2,22,1437,1493,1,1,1,42,1493,15,1,1,allocated
1,504,greenran_low,0,0,65535_65535,2,21,1437,1458,1,1,0,41,0,15,1,1,pre_allocation
1,504,greenran_low,0,0,65535_65535,2,21,1437,1493,1,1,1,42,1493,15,1,1,allocated
1,504,greenran_low,0,0,65535_65535,2,20,1437,1458,1,1,0,41,0,15,1,1,pre_allocation
1,504,greenran_low,0,0,65535_65535,2,20,1437,1493,1,1,1,42,1493,15,1,1,allocated
1,504,greenran_low,0,0,65535_65535,2,24,1437,1493,1,1,0,42,0,15,1,1,pre_allocation
1,504,greenran_low,0,0,65535_65535,2,24,1437,1529,1,1,1,43,1529,15,1,1,allocated
1,504,greenran_low,0,0,65535_65535,2,23,1437,1493,1,1,0,42,0,15,1,1,pre_allocation
1,504,greenran_low,0,0,65535_65535,2,23,1437,1529,1,1,1,43,1529,15,1,1,allocated
1,504,greenran_low,0,0,65535_65535,2,22,1437,1493,1,1,0,42,0,15,1,1,pre_allocation
1,504,greenran_low,0,0,65535_65535,2,22,1437,1529,1,1,1,43,1529,15,1,1,allocated
1,504,greenran_low,0,0,65535_65535,2,21,1437,1493,1,1,0,42,0,15,1,1,pre_allocation
1,504,greenran_low,0,0,65535_65535,2,21,1437,1529,1,1,1,43,1529,15,1,1,allocated
1,504,greenran_low,0,0,65535_65535,2,20,1437,1493,1,1,0,42,0,15,1,1,pre_allocation
1,504,greenran_low,0,0,65535_65535,2,20,1437,1529,1,1,1,43,1529,15,1,1,allocated
1,504,greenran_low,0,0,65535_65535,2,24,1437,1529,1,1,0,43,0,15,1,1,pre_allocation
1,504,greenran_low,0,0,65535_65535,2,24,1437,1562,1,1,1,44,1562,15,1,1,allocated
1,504,greenran_low,0,0,65535_65535,2,23,1437,1529,1,1,0,43,0,15,1,1,pre_allocation
1,504,greenran_low,0,0,65535_65535,2,23,1437,1562,1,1,1,44,1562,15,1,1,allocated
1,504,greenran_low,0,0,65535_65535,2,22,1437,1529,1,1,0,43,0,15,1,1,pre_allocation
1,504,greenran_low,0,0,65535_65535,2,22,1437,1562,1,1,1,44,1562,15,1,1,allocated
1,504,greenran_low,0,0,65535_65535,2,21,1437,1529,1,1,0,43,0,15,1,1,pre_allocation
1,504,greenran_low,0,0,65535_65535,2,21,1437,1562,1,1,1,44,1562,15,1,1,allocated
1,504,greenran_low,0,0,65535_65535,2,20,1437,1529,1,1,0,43,0,15,1,1,pre_allocation
1,504,greenran_low,0,0,65535_65535,2,20,1437,1562,1,1,1,44,1562,15,1,1,allocated
1,504,greenran_low,0,0,65535_65535,2,24,1437,1562,1,1,0,44,0,15,1,1,pre_allocation
1,504,greenran_low,0,0,65535_65535,2,24,1437,1597,1,1,1,45,1597,15,1,1,allocated
1,504,greenran_low,0,0,65535_65535,2,23,1437,1562,1,1,0,44,0,15,1,1,pre_allocation
1,504,greenran_low,0,0,65535_65535,2,23,1437,1597,1,1,1,45,1597,15,1,1,allocated
1,504,greenran_low,0,0,65535_65535,2,22,1437,1562,1,1,0,44,0,15,1,1,pre_allocation
1,504,greenran_low,0,0,65535_65535,2,22,1437,1597,1,1,1,45,1597,15,1,1,allocated
1,504,greenran_low,0,0,65535_65535,2,21,1437,1562,1,1,0,44,0,15,1,1,pre_allocation
1,504,greenran_low,0,0,65535_65535,2,21,1437,1597,1,1,1,45,1597,15,1,1,allocated
1,504,greenran_low,0,0,65535_65535,2,20,1437,1562,1,1,0,44,0,15,1,1,pre_allocation
1,504,greenran_low,0,0,65535_65535,2,20,1437,1597,1,1,1,45,1597,15,1,1,allocated
1,504,greenran_low,0,0,65535_65535,2,24,1437,1597,1,1,0,45,0,15,1,1,pre_allocation
1,504,greenran_low,0,0,65535_65535,2,24,1437,1633,1,1,1,46,1633,15,1,1,allocated
1,504,greenran_low,0,0,65535_65535,2,23,1437,1597,1,1,0,45,0,15,1,1,pre_allocation
1,504,greenran_low,0,0,65535_65535,2,23,1437,1633,1,1,1,46,1633,15,1,1,allocated
1,504,greenran_low,0,0,65535_65535,2,22,1437,1597,1,1,0,45,0,15,1,1,pre_allocation
1,504,greenran_low,0,0,65535_65535,2,22,1437,1633,1,1,1,46,1633,15,1,1,allocated
1,504,greenran_low,0,0,65535_65535,2,21,1437,1597,1,1,0,45,0,15,1,1,pre_allocation
1,504,greenran_low,0,0,65535_65535,2,21,1437,1633,1,1,1,46,1633,15,1,1,allocated
1,504,greenran_low,0,0,65535_65535,2,20,1437,1597,1,1,0,45,0,15,1,1,pre_allocation
1,504,greenran_low,0,0,65535_65535,2,20,1437,1633,1,1,1,46,1633,15,1,1,allocated
1,504,greenran_low,0,0,65535_65535,2,24,1437,1633,1,1,0,46,0,15,1,1,pre_allocation
1,504,greenran_low,0,0,65535_65535,2,24,1437,1669,1,1,1,47,1669,15,1,1,allocated
1,504,greenran_low,0,0,65535_65535,2,23,1437,1633,1,1,0,46,0,15,1,1,pre_allocation
1,504,greenran_low,0,0,65535_65535,2,23,1437,1669,1,1,1,47,1669,15,1,1,allocated
1,504,greenran_low,0,0,65535_65535,2,22,1437,1633,1,1,0,46,0,15,1,1,pre_allocation
1,504,greenran_low,0,0,65535_65535,2,22,1437,1669,1,1,1,47,1669,15,1,1,allocated
1,504,greenran_low,0,0,65535_65535,2,21,1437,1633,1,1,0,46,0,15,1,1,pre_allocation
1,504,greenran_low,0,0,65535_65535,2,21,1437,1669,1,1,1,47,1669,15,1,1,allocated
1,504,greenran_low,0,0,65535_65535,2,20,1437,1633,1,1,0,46,0,15,1,1,pre_allocation
1,504,greenran_low,0,0,65535_65535,2,20,1437,1669,1,1,1,47,1669,15,1,1,allocated
1,504,greenran_low,0,0,65535_65535,2,24,1437,1669,1,1,0,47,0,15,1,1,pre_allocation
1,504,greenran_low,0,0,65535_65535,2,24,1437,1704,1,1,1,48,1704,15,1,1,allocated
1,504,greenran_low,0,0,65535_65535,2,23,1437,1669,1,1,0,47,0,15,1,1,pre_allocation
1,504,greenran_low,0,0,65535_65535,2,23,1437,1704,1,1,1,48,1704,15,1,1,allocated
1,504,greenran_low,0,0,65535_65535,2,22,1437,1669,1,1,0,47,0,15,1,1,pre_allocation
1,504,greenran_low,0,0,65535_65535,2,22,1437,1704,1,1,1,48,1704,15,1,1,allocated
1,504,greenran_low,0,0,65535_65535,2,21,1437,1669,1,1,0,47,0,15,1,1,pre_allocation
1,504,greenran_low,0,0,65535_65535,2,21,1437,1704,1,1,1,48,1704,15,1,1,allocated
1,504,greenran_low,0,0,65535_65535,2,20,1437,1669,1,1,0,47,0,15,1,1,pre_allocation
1,504,greenran_low,0,0,65535_65535,2,20,1437,1704,1,1,1,48,1704,15,1,1,allocated
1,504,greenran_low,0,0,65535_65535,2,24,1437,1704,1,1,0,48,0,15,1,1,pre_allocation
1,504,greenran_low,0,0,65535_65535,2,24,1437,1740,1,1,1,49,1740,15,1,1,allocated
1,504,greenran_low,0,0,65535_65535,2,23,1437,1704,1,1,0,48,0,15,1,1,pre_allocation
1,504,greenran_low,0,0,65535_65535,2,23,1437,1740,1,1,1,49,1740,15,1,1,allocated
1,504,greenran_low,0,0,65535_65535,2,22,1437,1704,1,1,0,48,0,15,1,1,pre_allocation
1,504,greenran_low,0,0,65535_65535,2,22,1437,1740,1,1,1,49,1740,15,1,1,allocated
1,504,greenran_low,0,0,65535_65535,2,21,1437,1704,1,1,0,48,0,15,1,1,pre_allocation
1,504,greenran_low,0,0,65535_65535,2,21,1437,1740,1,1,1,49,1740,15,1,1,allocated
1,504,greenran_low,0,0,65535_65535,2,20,1437,1704,1,1,0,48,0,15,1,1,pre_allocation
1,504,greenran_low,0,0,65535_65535,2,20,1437,1740,1,1,1,49,1740,15,1,1,allocated
1,504,greenran_low,0,0,65535_65535,2,24,1437,1740,1,1,0,49,0,15,1,1,pre_allocation
1,504,greenran_low,0,0,65535_65535,2,24,1437,1776,1,1,1,50,1776,15,1,1,allocated
1,504,greenran_low,0,0,65535_65535,2,23,1437,1740,1,1,0,49,0,15,1,1,pre_allocation
1,504,greenran_low,0,0,65535_65535,2,23,1437,1776,1,1,1,50,1776,15,1,1,allocated
1,504,greenran_low,0,0,65535_65535,2,22,1437,1740,1,1,0,49,0,15,1,1,pre_allocation
1,504,greenran_low,0,0,65535_65535,2,22,1437,1776,1,1,1,50,1776,15,1,1,allocated
1,504,greenran_low,0,0,65535_65535,2,21,1437,1740,1,1,0,49,0,15,1,1,pre_allocation
1,504,greenran_low,0,0,65535_65535,2,21,1437,1776,1,1,1,50,1776,15,1,1,allocated
1,504,greenran_low,0,0,65535_65535,2,20,1437,1740,1,1,0,49,0,15,1,1,pre_allocation
1,504,greenran_low,0,0,65535_65535,2,20,1437,1776,1,1,1,50,1776,15,1,1,allocated
1,504,greenran_low,0,0,65535_65535,2,24,1437,1776,1,1,0,50,0,15,1,1,pre_allocation
1,504,greenran_low,0,0,65535_65535,2,24,1437,1811,1,1,1,51,1811,15,1,1,allocated
1,504,greenran_low,0,0,65535_65535,2,23,1437,1776,1,1,0,50,0,15,1,1,pre_allocation
1,504,greenran_low,0,0,65535_65535,2,23,1437,1811,1,1,1,51,1811,15,1,1,allocated
1,504,greenran_low,0,0,65535_65535,2,22,1437,1776,1,1,0,50,0,15,1,1,pre_allocation
1,504,greenran_low,0,0,65535_65535,2,22,1437,1811,1,1,1,51,1811,15,1,1,allocated
1,504,greenran_low,0,0,65535_65535,2,21,1437,1776,1,1,0,50,0,15,1,1,pre_allocation
1,504,greenran_low,0,0,65535_65535,2,21,1437,1811,1,1,1,51,1811,15,1,1,allocated
1,504,greenran_low,0,0,65535_65535,2,20,1437,1776,1,1,0,50,0,15,1,1,pre_allocation
1,504,greenran_low,0,0,65535_65535,2,20,1437,1811,1,1,1,51,1811,15,1,1,allocated
1,504,greenran_low,0,0,65535_65535,2,24,1437,1811,1,1,0,51,0,15,1,1,pre_allocation
1,504,greenran_low,0,0,65535_65535,2,24,1437,1847,1,1,1,52,1847,15,1,1,allocated
1,504,greenran_low,0,0,65535_65535,2,23,1437,1811,1,1,0,51,0,15,1,1,pre_allocation
1,504,greenran_low,0,0,65535_65535,2,23,1437,1847,1,1,1,52,1847,15,1,1,allocated
1,504,greenran_low,0,0,65535_65535,2,22,1437,1811,1,1,0,51,0,15,1,1,pre_allocation
1,504,greenran_low,0,0,65535_65535,2,22,1437,1847,1,1,1,52,1847,15,1,1,allocated
1,504,greenran_low,0,0,65535_65535,2,21,1437,1811,1,1,0,51,0,15,1,1,pre_allocation
1,504,greenran_low,0,0,65535_65535,2,21,1437,1847,1,1,1,52,1847,15,1,1,allocated
1,504,greenran_low,0,0,65535_65535,2,20,1437,1811,1,1,0,51,0,15,1,1,pre_allocation
1,504,greenran_low,0,0,65535_65535,2,20,1437,1847,1,1,1,52,1847,15,1,1,allocated
1,504,greenran_low,0,0,65535_65535,2,24,1437,1847,1,1,0,52,0,15,1,1,pre_allocation
1,504,greenran_low,0,0,65535_65535,2,24,1437,1882,1,1,1,53,1882,15,1,1,allocated
1,504,greenran_low,0,0,65535_65535,2,23,1437,1847,1,1,0,52,0,15,1,1,pre_allocation
1,504,greenran_low,0,0,65535_65535,2,23,1437,1882,1,1,1,53,1882,15,1,1,allocated
1,504,greenran_low,0,0,65535_65535,2,22,1437,1847,1,1,0,52,0,15,1,1,pre_allocation
1,504,greenran_low,0,0,65535_65535,2,22,1437,1882,1,1,1,53,1882,15,1,1,allocated
1,504,greenran_low,0,0,65535_65535,2,21,1437,1847,1,1,0,52,0,15,1,1,pre_allocation
1,504,greenran_low,0,0,65535_65535,2,21,1437,1882,1,1,1,53,1882,15,1,1,allocated
1,504,greenran_low,0,0,65535_65535,2,20,1437,1847,1,1,0,52,0,15,1,1,pre_allocation
1,504,greenran_low,0,0,65535_65535,2,20,1437,1882,1,1,1,53,1882,15,1,1,allocated
1,504,greenran_low,0,0,65535_65535,2,24,1437,1882,1,1,0,53,0,15,1,1,pre_allocation
1,504,greenran_low,0,0,65535_65535,2,24,1437,1918,1,1,1,54,1918,15,1,1,allocated
5,2949,greenran_low,0,0,65535_65535,0,1,25745,0,1,1,0,0,0,15,1,1,pre_allocation
5,2949,greenran_low,0,0,65535_65535,0,1,25745,20,1,1,1,1,20,15,1,1,allocated
5,2949,greenran_low,0,0,65535_65535,0,2,25745,0,1,1,0,0,0,15,1,1,pre_allocation
5,2949,greenran_low,0,0,65535_65535,0,2,25745,20,1,1,1,1,20,15,1,1,allocated
5,2949,greenran_low,0,0,65535_65535,0,3,25745,0,1,1,0,0,0,15,1,1,pre_allocation
5,2949,greenran_low,0,0,65535_65535,0,3,25745,20,1,1,1,1,20,15,1,1,allocated
5,2949,greenran_low,0,0,65535_65535,0,4,25745,0,1,1,0,0,0,15,1,1,pre_allocation
5,2949,greenran_low,0,0,65535_65535,0,4,25745,20,1,1,1,1,20,15,1,1,allocated
5,2949,greenran_low,0,0,65535_65535,0,5,25745,0,1,1,0,0,0,15,1,1,pre_allocation
5,2949,greenran_low,0,0,65535_65535,0,5,25745,20,1,1,1,1,20,15,1,1,allocated
5,2949,greenran_low,0,0,65535_65535,0,1,25745,20,1,1,0,1,0,15,1,1,pre_allocation
5,2949,greenran_low,0,0,65535_65535,0,1,25745,44,1,1,1,2,44,15,1,1,allocated
5,2949,greenran_low,0,0,65535_65535,0,2,25745,20,1,1,0,1,0,15,1,1,pre_allocation
5,2949,greenran_low,0,0,65535_65535,0,2,25745,44,1,1,1,2,44,15,1,1,allocated
5,2949,greenran_low,0,0,65535_65535,0,3,25745,20,1,1,0,1,0,15,1,1,pre_allocation
5,2949,greenran_low,0,0,65535_65535,0,3,25745,44,1,1,1,2,44,15,1,1,allocated
5,2949,greenran_low,0,0,65535_65535,0,4,25745,20,1,1,0,1,0,15,1,1,pre_allocation
5,2949,greenran_low,0,0,65535_65535,0,4,25745,44,1,1,1,2,44,15,1,1,allocated
5,2949,greenran_low,0,0,65535_65535,0,5,25745,20,1,1,0,1,0,15,1,1,pre_allocation
5,2949,greenran_low,0,0,65535_65535,0,5,25745,44,1,1,1,2,44,15,1,1,allocated
5,2949,greenran_low,0,0,65535_65535,0,1,25745,44,1,1,0,2,0,15,1,1,pre_allocation
5,2949,greenran_low,0,0,65535_65535,0,1,25745,68,1,1,1,3,68,15,1,1,allocated
5,2949,greenran_low,0,0,65535_65535,0,2,25745,44,1,1,0,2,0,15,1,1,pre_allocation
5,2949,greenran_low,0,0,65535_65535,0,2,25745,68,1,1,1,3,68,15,1,1,allocated
5,2949,greenran_low,0,0,65535_65535,0,3,25745,44,1,1,0,2,0,15,1,1,pre_allocation
5,2949,greenran_low,0,0,65535_65535,0,3,25745,68,1,1,1,3,68,15,1,1,allocated
5,2949,greenran_low,0,0,65535_65535,0,4,25745,44,1,1,0,2,0,15,1,1,pre_allocation
5,2949,greenran_low,0,0,65535_65535,0,4,25745,68,1,1,1,3,68,15,1,1,allocated
5,2949,greenran_low,0,0,65535_65535,0,5,25745,44,1,1,0,2,0,15,1,1,pre_allocation
5,2949,greenran_low,0,0,65535_65535,0,5,25745,68,1,1,1,3,68,15,1,1,allocated
5,2949,greenran_low,0,0,65535_65535,0,1,25745,68,1,1,0,3,0,15,1,1,pre_allocation
5,2949,greenran_low,0,0,65535_65535,0,1,25745,92,1,1,1,4,92,15,1,1,allocated
5,2949,greenran_low,0,0,65535_65535,0,2,25745,68,1,1,0,3,0,15,1,1,pre_allocation
5,2949,greenran_low,0,0,65535_65535,0,2,25745,92,1,1,1,4,92,15,1,1,allocated
5,2949,greenran_low,0,0,65535_65535,0,3,25745,68,1,1,0,3,0,15,1,1,pre_allocation
5,2949,greenran_low,0,0,65535_65535,0,3,25745,92,1,1,1,4,92,15,1,1,allocated
5,2949,greenran_low,0,0,65535_65535,0,4,25745,68,1,1,0,3,0,15,1,1,pre_allocation
5,2949,greenran_low,0,0,65535_65535,0,4,25745,92,1,1,1,4,92,15,1,1,allocated
5,2949,greenran_low,0,0,65535_65535,0,5,25745,68,1,1,0,3,0,15,1,1,pre_allocation
5,2949,greenran_low,0,0,65535_65535,0,5,25745,92,1,1,1,4,92,15,1,1,allocated
5,2949,greenran_low,0,0,65535_65535,0,1,25745,92,1,1,0,4,0,15,1,1,pre_allocation
5,2949,greenran_low,0,0,65535_65535,0,1,25745,115,1,1,1,5,115,15,1,1,allocated
5,2949,greenran_low,0,0,65535_65535,0,2,25745,92,1,1,0,4,0,15,1,1,pre_allocation
5,2949,greenran_low,0,0,65535_65535,0,2,25745,115,1,1,1,5,115,15,1,1,allocated
5,2949,greenran_low,0,0,65535_65535,0,3,25745,92,1,1,0,4,0,15,1,1,pre_allocation
5,2949,greenran_low,0,0,65535_65535,0,3,25745,115,1,1,1,5,115,15,1,1,allocated
5,2949,greenran_low,0,0,65535_65535,0,4,25745,92,1,1,0,4,0,15,1,1,pre_allocation
5,2949,greenran_low,0,0,65535_65535,0,4,25745,115,1,1,1,5,115,15,1,1,allocated
5,2949,greenran_low,0,0,65535_65535,0,5,25745,92,1,1,0,4,0,15,1,1,pre_allocation
5,2949,greenran_low,0,0,65535_65535,0,5,25745,115,1,1,1,5,115,15,1,1,allocated
5,2949,greenran_low,0,0,65535_65535,0,1,25745,115,1,1,0,5,0,15,1,1,pre_allocation
5,2949,greenran_low,0,0,65535_65535,0,1,25745,139,1,1,1,6,139,15,1,1,allocated
5,2949,greenran_low,0,0,65535_65535,0,2,25745,115,1,1,0,5,0,15,1,1,pre_allocation
5,2949,greenran_low,0,0,65535_65535,0,2,25745,139,1,1,1,6,139,15,1,1,allocated
5,2949,greenran_low,0,0,65535_65535,0,3,25745,115,1,1,0,5,0,15,1,1,pre_allocation
5,2949,greenran_low,0,0,65535_65535,0,3,25745,139,1,1,1,6,139,15,1,1,allocated
5,2949,greenran_low,0,0,65535_65535,0,4,25745,115,1,1,0,5,0,15,1,1,pre_allocation
5,2949,greenran_low,0,0,65535_65535,0,4,25745,139,1,1,1,6,139,15,1,1,allocated
5,2949,greenran_low,0,0,65535_65535,0,5,25745,115,1,1,0,5,0,15,1,1,pre_allocation
5,2949,greenran_low,0,0,65535_65535,0,5,25745,139,1,1,1,6,139,15,1,1,allocated
5,2949,greenran_low,0,0,65535_65535,0,1,25745,139,1,1,0,6,0,15,1,1,pre_allocation
5,2949,greenran_low,0,0,65535_65535,0,1,25745,163,1,1,1,7,163,15,1,1,allocated
5,2949,greenran_low,0,0,65535_65535,0,2,25745,139,1,1,0,6,0,15,1,1,pre_allocation
5,2949,greenran_low,0,0,65535_65535,0,2,25745,163,1,1,1,7,163,15,1,1,allocated
5,2949,greenran_low,0,0,65535_65535,0,3,25745,139,1,1,0,6,0,15,1,1,pre_allocation
5,2949,greenran_low,0,0,65535_65535,0,3,25745,163,1,1,1,7,163,15,1,1,allocated
5,2949,greenran_low,0,0,65535_65535,0,4,25745,139,1,1,0,6,0,15,1,1,pre_allocation
5,2949,greenran_low,0,0,65535_65535,0,4,25745,163,1,1,1,7,163,15,1,1,allocated
5,2949,greenran_low,0,0,65535_65535,0,5,25745,139,1,1,0,6,0,15,1,1,pre_allocation
5,2949,greenran_low,0,0,65535_65535,0,5,25745,163,1,1,1,7,163,15,1,1,allocated
5,2949,greenran_low,0,0,65535_65535,0,1,25745,163,1,1,0,7,0,15,1,1,pre_allocation
5,2949,greenran_low,0,0,65535_65535,0,1,25745,187,1,1,1,8,187,15,1,1,allocated
5,2949,greenran_low,0,0,65535_65535,0,2,25745,163,1,1,0,7,0,15,1,1,pre_allocation
5,2949,greenran_low,0,0,65535_65535,0,2,25745,187,1,1,1,8,187,15,1,1,allocated
5,2949,greenran_low,0,0,65535_65535,0,3,25745,163,1,1,0,7,0,15,1,1,pre_allocation
5,2949,greenran_low,0,0,65535_65535,0,3,25745,187,1,1,1,8,187,15,1,1,allocated
5,2949,greenran_low,0,0,65535_65535,0,4,25745,163,1,1,0,7,0,15,1,1,pre_allocation
5,2949,greenran_low,0,0,65535_65535,0,4,25745,187,1,1,1,8,187,15,1,1,allocated
5,2949,greenran_low,0,0,65535_65535,0,5,25745,163,1,1,0,7,0,15,1,1,pre_allocation
5,2949,greenran_low,0,0,65535_65535,0,5,25745,187,1,1,1,8,187,15,1,1,allocated
5,2949,greenran_low,0,0,65535_65535,0,1,25745,187,1,1,0,8,0,15,1,1,pre_allocation
5,2949,greenran_low,0,0,65535_65535,0,1,25745,210,1,1,1,9,210,15,1,1,allocated
5,2949,greenran_low,0,0,65535_65535,0,2,25745,187,1,1,0,8,0,15,1,1,pre_allocation
5,2949,greenran_low,0,0,65535_65535,0,2,25745,210,1,1,1,9,210,15,1,1,allocated
5,2949,greenran_low,0,0,65535_65535,0,3,25745,187,1,1,0,8,0,15,1,1,pre_allocation
5,2949,greenran_low,0,0,65535_65535,0,3,25745,210,1,1,1,9,210,15,1,1,allocated
5,2949,greenran_low,0,0,65535_65535,0,4,25745,187,1,1,0,8,0,15,1,1,pre_allocation
5,2949,greenran_low,0,0,65535_65535,0,4,25745,210,1,1,1,9,210,15,1,1,allocated
5,2949,greenran_low,0,0,65535_65535,0,5,25745,187,1,1,0,8,0,15,1,1,pre_allocation
5,2949,greenran_low,0,0,65535_65535,0,5,25745,210,1,1,1,9,210,15,1,1,allocated
5,2949,greenran_low,0,0,65535_65535,0,1,25745,210,1,1,0,9,0,15,1,1,pre_allocation
5,2949,greenran_low,0,0,65535_65535,0,1,25745,234,1,1,1,10,234,15,1,1,allocated
5,2949,greenran_low,0,0,65535_65535,0,2,25745,210,1,1,0,9,0,15,1,1,pre_allocation
5,2949,greenran_low,0,0,65535_65535,0,2,25745,234,1,1,1,10,234,15,1,1,allocated
5,2949,greenran_low,0,0,65535_65535,0,3,25745,210,1,1,0,9,0,15,1,1,pre_allocation
5,2949,greenran_low,0,0,65535_65535,0,3,25745,234,1,1,1,10,234,15,1,1,allocated
5,2949,greenran_low,0,0,65535_65535,0,4,25745,210,1,1,0,9,0,15,1,1,pre_allocation
5,2949,greenran_low,0,0,65535_65535,0,4,25745,234,1,1,1,10,234,15,1,1,allocated
5,2949,greenran_low,0,0,65535_65535,0,5,25745,210,1,1,0,9,0,15,1,1,pre_allocation
5,2949,greenran_low,0,0,65535_65535,0,5,25745,234,1,1,1,10,234,15,1,1,allocated
5,2949,greenran_low,0,0,65535_65535,0,1,25745,234,1,1,0,10,0,15,1,1,pre_allocation
5,2949,greenran_low,0,0,65535_65535,0,1,25745,258,1,1,1,11,258,15,1,1,allocated
5,2949,greenran_low,0,0,65535_65535,0,2,25745,234,1,1,0,10,0,15,1,1,pre_allocation
5,2949,greenran_low,0,0,65535_65535,0,2,25745,258,1,1,1,11,258,15,1,1,allocated
5,2949,greenran_low,0,0,65535_65535,0,3,25745,234,1,1,0,10,0,15,1,1,pre_allocation
5,2949,greenran_low,0,0,65535_65535,0,3,25745,258,1,1,1,11,258,15,1,1,allocated
5,2949,greenran_low,0,0,65535_65535,0,4,25745,234,1,1,0,10,0,15,1,1,pre_allocation
5,2949,greenran_low,0,0,65535_65535,0,4,25745,258,1,1,1,11,258,15,1,1,allocated
5,2949,greenran_low,0,0,65535_65535,0,5,25745,234,1,1,0,10,0,15,1,1,pre_allocation
5,2949,greenran_low,0,0,65535_65535,0,5,25745,258,1,1,1,11,258,15,1,1,allocated
5,2949,greenran_low,0,0,65535_65535,0,1,25745,258,1,1,0,11,0,15,1,1,pre_allocation
5,2949,greenran_low,0,0,65535_65535,0,1,25745,282,1,1,1,12,282,15,1,1,allocated
5,2949,greenran_low,0,0,65535_65535,0,2,25745,258,1,1,0,11,0,15,1,1,pre_allocation
5,2949,greenran_low,0,0,65535_65535,0,2,25745,282,1,1,1,12,282,15,1,1,allocated
5,2949,greenran_low,0,0,65535_65535,0,3,25745,258,1,1,0,11,0,15,1,1,pre_allocation
5,2949,greenran_low,0,0,65535_65535,0,3,25745,282,1,1,1,12,282,15,1,1,allocated
5,2949,greenran_low,0,0,65535_65535,0,4,25745,258,1,1,0,11,0,15,1,1,pre_allocation
5,2949,greenran_low,0,0,65535_65535,0,4,25745,282,1,1,1,12,282,15,1,1,allocated
5,2949,greenran_low,0,0,65535_65535,0,5,25745,258,1,1,0,11,0,15,1,1,pre_allocation
5,2949,greenran_low,0,0,65535_65535,0,5,25745,282,1,1,1,12,282,15,1,1,allocated
5,2949,greenran_low,0,0,65535_65535,0,1,25745,282,1,1,0,12,0,15,1,1,pre_allocation
5,2949,greenran_low,0,0,65535_65535,0,1,25745,305,1,1,1,13,305,15,1,1,allocated
5,2949,greenran_low,0,0,65535_65535,0,2,25745,282,1,1,0,12,0,15,1,1,pre_allocation
5,2949,greenran_low,0,0,65535_65535,0,2,25745,305,1,1,1,13,305,15,1,1,allocated
5,2949,greenran_low,0,0,65535_65535,0,3,25745,282,1,1,0,12,0,15,1,1,pre_allocation
5,2949,greenran_low,0,0,65535_65535,0,3,25745,305,1,1,1,13,305,15,1,1,allocated
5,2949,greenran_low,0,0,65535_65535,0,4,25745,282,1,1,0,12,0,15,1,1,pre_allocation
5,2949,greenran_low,0,0,65535_65535,0,4,25745,305,1,1,1,13,305,15,1,1,allocated
5,2949,greenran_low,0,0,65535_65535,0,5,25745,282,1,1,0,12,0,15,1,1,pre_allocation
5,2949,greenran_low,0,0,65535_65535,0,5,25745,305,1,1,1,13,305,15,1,1,allocated
5,2949,greenran_low,0,0,65535_65535,0,1,25745,305,1,1,0,13,0,15,1,1,pre_allocation
5,2949,greenran_low,0,0,65535_65535,0,1,25745,329,1,1,1,14,329,15,1,1,allocated
5,2949,greenran_low,0,0,65535_65535,0,2,25745,305,1,1,0,13,0,15,1,1,pre_allocation
5,2949,greenran_low,0,0,65535_65535,0,2,25745,329,1,1,1,14,329,15,1,1,allocated
5,2949,greenran_low,0,0,65535_65535,0,3,25745,305,1,1,0,13,0,15,1,1,pre_allocation
5,2949,greenran_low,0,0,65535_65535,0,3,25745,329,1,1,1,14,329,15,1,1,allocated
5,2949,greenran_low,0,0,65535_65535,0,4,25745,305,1,1,0,13,0,15,1,1,pre_allocation
5,2949,greenran_low,0,0,65535_65535,0,4,25745,329,1,1,1,14,329,15,1,1,allocated
5,2949,greenran_low,0,0,65535_65535,0,5,25745,305,1,1,0,13,0,15,1,1,pre_allocation
5,2949,greenran_low,0,0,65535_65535,0,5,25745,329,1,1,1,14,329,15,1,1,allocated
5,2949,greenran_low,0,0,65535_65535,0,1,25745,329,1,1,0,14,0,15,1,1,pre_allocation
5,2949,greenran_low,0,0,65535_65535,0,1,25745,353,1,1,1,15,353,15,1,1,allocated
5,2949,greenran_low,0,0,65535_65535,0,2,25745,329,1,1,0,14,0,15,1,1,pre_allocation
5,2949,greenran_low,0,0,65535_65535,0,2,25745,353,1,1,1,15,353,15,1,1,allocated
5,2949,greenran_low,0,0,65535_65535,0,3,25745,329,1,1,0,14,0,15,1,1,pre_allocation
5,2949,greenran_low,0,0,65535_65535,0,3,25745,353,1,1,1,15,353,15,1,1,allocated
5,2949,greenran_low,0,0,65535_65535,0,4,25745,329,1,1,0,14,0,15,1,1,pre_allocation
5,2949,greenran_low,0,0,65535_65535,0,4,25745,353,1,1,1,15,353,15,1,1,allocated
5,2949,greenran_low,0,0,65535_65535,0,5,25745,329,1,1,0,14,0,15,1,1,pre_allocation
5,2949,greenran_low,0,0,65535_65535,0,5,25745,353,1,1,1,15,353,15,1,1,allocated
5,2949,greenran_low,0,0,65535_65535,0,1,25745,353,1,1,0,15,0,15,1,1,pre_allocation
5,2949,greenran_low,0,0,65535_65535,0,1,25745,377,1,1,1,16,377,15,1,1,allocated
5,2949,greenran_low,0,0,65535_65535,0,2,25745,353,1,1,0,15,0,15,1,1,pre_allocation
5,2949,greenran_low,0,0,65535_65535,0,2,25745,377,1,1,1,16,377,15,1,1,allocated
5,2949,greenran_low,0,0,65535_65535,0,3,25745,353,1,1,0,15,0,15,1,1,pre_allocation
5,2949,greenran_low,0,0,65535_65535,0,3,25745,377,1,1,1,16,377,15,1,1,allocated
5,2949,greenran_low,0,0,65535_65535,0,4,25745,353,1,1,0,15,0,15,1,1,pre_allocation
5,2949,greenran_low,0,0,65535_65535,0,4,25745,377,1,1,1,16,377,15,1,1,allocated
5,2949,greenran_low,0,0,65535_65535,0,5,25745,353,1,1,0,15,0,15,1,1,pre_allocation
5,2949,greenran_low,0,0,65535_65535,0,5,25745,377,1,1,1,16,377,15,1,1,allocated
5,2949,greenran_low,0,0,65535_65535,0,1,25745,377,1,1,0,16,0,15,1,1,pre_allocation
5,2949,greenran_low,0,0,65535_65535,0,1,25745,400,1,1,1,17,400,15,1,1,allocated
5,2949,greenran_low,0,0,65535_65535,0,2,25745,377,1,1,0,16,0,15,1,1,pre_allocation
5,2949,greenran_low,0,0,65535_65535,0,2,25745,400,1,1,1,17,400,15,1,1,allocated
5,2949,greenran_low,0,0,65535_65535,0,3,25745,377,1,1,0,16,0,15,1,1,pre_allocation
5,2949,greenran_low,0,0,65535_65535,0,3,25745,400,1,1,1,17,400,15,1,1,allocated
5,2949,greenran_low,0,0,65535_65535,0,4,25745,377,1,1,0,16,0,15,1,1,pre_allocation
5,2949,greenran_low,0,0,65535_65535,0,4,25745,400,1,1,1,17,400,15,1,1,allocated
5,2949,greenran_low,0,0,65535_65535,0,5,25745,377,1,1,0,16,0,15,1,1,pre_allocation
5,2949,greenran_low,0,0,65535_65535,0,5,25745,400,1,1,1,17,400,15,1,1,allocated
5,2949,greenran_low,0,0,65535_65535,0,1,25745,400,1,1,0,17,0,15,1,1,pre_allocation
5,2949,greenran_low,0,0,65535_65535,0,1,25745,424,1,1,1,18,424,15,1,1,allocated
5,2949,greenran_low,0,0,65535_65535,0,2,25745,400,1,1,0,17,0,15,1,1,pre_allocation
5,2949,greenran_low,0,0,65535_65535,0,2,25745,424,1,1,1,18,424,15,1,1,allocated
5,2949,greenran_low,0,0,65535_65535,0,3,25745,400,1,1,0,17,0,15,1,1,pre_allocation
5,2949,greenran_low,0,0,65535_65535,0,3,25745,424,1,1,1,18,424,15,1,1,allocated
5,2949,greenran_low,0,0,65535_65535,0,4,25745,400,1,1,0,17,0,15,1,1,pre_allocation
5,2949,greenran_low,0,0,65535_65535,0,4,25745,424,1,1,1,18,424,15,1,1,allocated
5,2949,greenran_low,0,0,65535_65535,0,5,25745,400,1,1,0,17,0,15,1,1,pre_allocation
5,2949,greenran_low,0,0,65535_65535,0,5,25745,424,1,1,1,18,424,15,1,1,allocated
5,2949,greenran_low,0,0,65535_65535,0,1,25745,424,1,1,0,18,0,15,1,1,pre_allocation
5,2949,greenran_low,0,0,65535_65535,0,1,25745,448,1,1,1,19,448,15,1,1,allocated
5,2949,greenran_low,0,0,65535_65535,0,2,25745,424,1,1,0,18,0,15,1,1,pre_allocation
5,2949,greenran_low,0,0,65535_65535,0,2,25745,448,1,1,1,19,448,15,1,1,allocated
5,2949,greenran_low,0,0,65535_65535,0,3,25745,424,1,1,0,18,0,15,1,1,pre_allocation
5,2949,greenran_low,0,0,65535_65535,0,3,25745,448,1,1,1,19,448,15,1,1,allocated
5,2949,greenran_low,0,0,65535_65535,0,4,25745,424,1,1,0,18,0,15,1,1,pre_allocation
5,2949,greenran_low,0,0,65535_65535,0,4,25745,448,1,1,1,19,448,15,1,1,allocated
5,2949,greenran_low,0,0,65535_65535,0,5,25745,424,1,1,0,18,0,15,1,1,pre_allocation
5,2949,greenran_low,0,0,65535_65535,0,5,25745,448,1,1,1,19,448,15,1,1,allocated
5,2949,greenran_low,0,0,65535_65535,0,1,25745,448,1,1,0,19,0,15,1,1,pre_allocation
5,2949,greenran_low,0,0,65535_65535,0,1,25745,472,1,1,1,20,472,15,1,1,allocated
5,2949,greenran_low,0,0,65535_65535,0,2,25745,448,1,1,0,19,0,15,1,1,pre_allocation
5,2949,greenran_low,0,0,65535_65535,0,2,25745,472,1,1,1,20,472,15,1,1,allocated
5,2949,greenran_low,0,0,65535_65535,0,3,25745,448,1,1,0,19,0,15,1,1,pre_allocation
5,2949,greenran_low,0,0,65535_65535,0,3,25745,472,1,1,1,20,472,15,1,1,allocated
5,2949,greenran_low,0,0,65535_65535,0,4,25745,448,1,1,0,19,0,15,1,1,pre_allocation
5,2949,greenran_low,0,0,65535_65535,0,4,25745,472,1,1,1,20,472,15,1,1,allocated
5,2949,greenran_low,0,0,65535_65535,0,5,25745,448,1,1,0,19,0,15,1,1,pre_allocation
5,2949,greenran_low,0,0,65535_65535,0,5,25745,472,1,1,1,20,472,15,1,1,allocated
5,2949,greenran_low,0,0,65535_65535,0,1,25745,472,1,1,0,20,0,15,1,1,pre_allocation
5,2949,greenran_low,0,0,65535_65535,0,1,25745,495,1,1,1,21,495,15,1,1,allocated
5,2949,greenran_low,0,0,65535_65535,0,2,25745,472,1,1,0,20,0,15,1,1,pre_allocation
5,2949,greenran_low,0,0,65535_65535,0,2,25745,495,1,1,1,21,495,15,1,1,allocated
5,2949,greenran_low,0,0,65535_65535,0,3,25745,472,1,1,0,20,0,15,1,1,pre_allocation
5,2949,greenran_low,0,0,65535_65535,0,3,25745,495,1,1,1,21,495,15,1,1,allocated
5,2949,greenran_low,0,0,65535_65535,0,4,25745,472,1,1,0,20,0,15,1,1,pre_allocation
5,2949,greenran_low,0,0,65535_65535,0,4,25745,495,1,1,1,21,495,15,1,1,allocated
5,2949,greenran_low,0,0,65535_65535,0,5,25745,472,1,1,0,20,0,15,1,1,pre_allocation
5,2949,greenran_low,0,0,65535_65535,0,5,25745,495,1,1,1,21,495,15,1,1,allocated
5,2949,greenran_low,0,0,65535_65535,0,1,25745,495,1,1,0,21,0,15,1,1,pre_allocation
5,2949,greenran_low,0,0,65535_65535,0,1,25745,519,1,1,1,22,519,15,1,1,allocated
5,2949,greenran_low,0,0,65535_65535,0,2,25745,495,1,1,0,21,0,15,1,1,pre_allocation
5,2949,greenran_low,0,0,65535_65535,0,2,25745,519,1,1,1,22,519,15,1,1,allocated
5,2949,greenran_low,0,0,65535_65535,0,3,25745,495,1,1,0,21,0,15,1,1,pre_allocation
5,2949,greenran_low,0,0,65535_65535,0,3,25745,519,1,1,1,22,519,15,1,1,allocated
5,2949,greenran_low,0,0,65535_65535,0,4,25745,495,1,1,0,21,0,15,1,1,pre_allocation
5,2949,greenran_low,0,0,65535_65535,0,4,25745,519,1,1,1,22,519,15,1,1,allocated
5,2949,greenran_low,0,0,65535_65535,0,5,25745,495,1,1,0,21,0,15,1,1,pre_allocation
5,2949,greenran_low,0,0,65535_65535,0,5,25745,519,1,1,1,22,519,15,1,1,allocated
5,2949,greenran_low,0,0,65535_65535,0,1,25745,519,1,1,0,22,0,15,1,1,pre_allocation
5,2949,greenran_low,0,0,65535_65535,0,1,25745,543,1,1,1,23,543,15,1,1,allocated
5,2949,greenran_low,0,0,65535_65535,0,2,25745,519,1,1,0,22,0,15,1,1,pre_allocation
5,2949,greenran_low,0,0,65535_65535,0,2,25745,543,1,1,1,23,543,15,1,1,allocated
5,2949,greenran_low,0,0,65535_65535,0,3,25745,519,1,1,0,22,0,15,1,1,pre_allocation
5,2949,greenran_low,0,0,65535_65535,0,3,25745,543,1,1,1,23,543,15,1,1,allocated
5,2949,greenran_low,0,0,65535_65535,0,4,25745,519,1,1,0,22,0,15,1,1,pre_allocation
5,2949,greenran_low,0,0,65535_65535,0,4,25745,543,1,1,1,23,543,15,1,1,allocated
5,2949,greenran_low,0,0,65535_65535,0,5,25745,519,1,1,0,22,0,15,1,1,pre_allocation
5,2949,greenran_low,0,0,65535_65535,0,5,25745,543,1,1,1,23,543,15,1,1,allocated
5,2949,greenran_low,0,0,65535_65535,0,1,25745,543,1,1,0,23,0,15,1,1,pre_allocation
5,2949,greenran_low,0,0,65535_65535,0,1,25745,567,1,1,1,24,567,15,1,1,allocated
5,2949,greenran_low,0,0,65535_65535,0,2,25745,543,1,1,0,23,0,15,1,1,pre_allocation
5,2949,greenran_low,0,0,65535_65535,0,2,25745,567,1,1,1,24,567,15,1,1,allocated
5,2949,greenran_low,0,0,65535_65535,0,3,25745,543,1,1,0,23,0,15,1,1,pre_allocation
5,2949,greenran_low,0,0,65535_65535,0,3,25745,567,1,1,1,24,567,15,1,1,allocated
5,2949,greenran_low,0,0,65535_65535,0,4,25745,543,1,1,0,23,0,15,1,1,pre_allocation
5,2949,greenran_low,0,0,65535_65535,0,4,25745,567,1,1,1,24,567,15,1,1,allocated
5,2949,greenran_low,0,0,65535_65535,0,5,25745,543,1,1,0,23,0,15,1,1,pre_allocation
5,2949,greenran_low,0,0,65535_65535,0,5,25745,567,1,1,1,24,567,15,1,1,allocated
5,2949,greenran_low,0,0,65535_65535,0,1,25745,567,1,1,0,24,0,15,1,1,pre_allocation
5,2949,greenran_low,0,0,65535_65535,0,1,25745,591,1,1,1,25,591,15,1,1,allocated
5,2949,greenran_low,0,0,65535_65535,0,2,25745,567,1,1,0,24,0,15,1,1,pre_allocation
5,2949,greenran_low,0,0,65535_65535,0,2,25745,591,1,1,1,25,591,15,1,1,allocated
5,2949,greenran_low,0,0,65535_65535,0,3,25745,567,1,1,0,24,0,15,1,1,pre_allocation
5,2949,greenran_low,0,0,65535_65535,0,3,25745,591,1,1,1,25,591,15,1,1,allocated
5,2949,greenran_low,0,0,65535_65535,0,4,25745,567,1,1,0,24,0,15,1,1,pre_allocation
5,2949,greenran_low,0,0,65535_65535,0,4,25745,591,1,1,1,25,591,15,1,1,allocated
5,2949,greenran_low,0,0,65535_65535,0,5,25745,567,1,1,0,24,0,15,1,1,pre_allocation
5,2949,greenran_low,0,0,65535_65535,0,5,25745,591,1,1,1,25,591,15,1,1,allocated
5,2949,greenran_low,0,0,65535_65535,0,1,25745,591,1,1,0,25,0,15,1,1,pre_allocation
5,2949,greenran_low,0,0,65535_65535,0,1,25745,614,1,1,1,26,614,15,1,1,allocated
5,2949,greenran_low,0,0,65535_65535,0,2,25745,591,1,1,0,25,0,15,1,1,pre_allocation
5,2949,greenran_low,0,0,65535_65535,0,2,25745,614,1,1,1,26,614,15,1,1,allocated
5,2949,greenran_low,0,0,65535_65535,0,3,25745,591,1,1,0,25,0,15,1,1,pre_allocation
5,2949,greenran_low,0,0,65535_65535,0,3,25745,614,1,1,1,26,614,15,1,1,allocated
5,2949,greenran_low,0,0,65535_65535,0,4,25745,591,1,1,0,25,0,15,1,1,pre_allocation
5,2949,greenran_low,0,0,65535_65535,0,4,25745,614,1,1,1,26,614,15,1,1,allocated
5,2949,greenran_low,0,0,65535_65535,0,5,25745,591,1,1,0,25,0,15,1,1,pre_allocation
5,2949,greenran_low,0,0,65535_65535,0,5,25745,614,1,1,1,26,614,15,1,1,allocated
5,2949,greenran_low,0,0,65535_65535,0,1,25745,614,1,1,0,26,0,15,1,1,pre_allocation
5,2949,greenran_low,0,0,65535_65535,0,1,25745,638,1,1,1,27,638,15,1,1,allocated
5,2949,greenran_low,0,0,65535_65535,0,2,25745,614,1,1,0,26,0,15,1,1,pre_allocation
5,2949,greenran_low,0,0,65535_65535,0,2,25745,638,1,1,1,27,638,15,1,1,allocated
5,2949,greenran_low,0,0,65535_65535,0,3,25745,614,1,1,0,26,0,15,1,1,pre_allocation
5,2949,greenran_low,0,0,65535_65535,0,3,25745,638,1,1,1,27,638,15,1,1,allocated
5,2949,greenran_low,0,0,65535_65535,0,4,25745,614,1,1,0,26,0,15,1,1,pre_allocation
5,2949,greenran_low,0,0,65535_65535,0,4,25745,638,1,1,1,27,638,15,1,1,allocated
5,2949,greenran_low,0,0,65535_65535,0,5,25745,614,1,1,0,26,0,15,1,1,pre_allocation
5,2949,greenran_low,0,0,65535_65535,0,5,25745,638,1,1,1,27,638,15,1,1,allocated
5,2949,greenran_low,0,0,65535_65535,0,1,25745,638,1,1,0,27,0,15,1,1,pre_allocation
5,2949,greenran_low,0,0,65535_65535,0,1,25745,662,1,1,1,28,662,15,1,1,allocated
5,2949,greenran_low,0,0,65535_65535,0,2,25745,638,1,1,0,27,0,15,1,1,pre_allocation
5,2949,greenran_low,0,0,65535_65535,0,2,25745,662,1,1,1,28,662,15,1,1,allocated
5,2949,greenran_low,0,0,65535_65535,0,3,25745,638,1,1,0,27,0,15,1,1,pre_allocation
5,2949,greenran_low,0,0,65535_65535,0,3,25745,662,1,1,1,28,662,15,1,1,allocated
5,2949,greenran_low,0,0,65535_65535,0,4,25745,638,1,1,0,27,0,15,1,1,pre_allocation
5,2949,greenran_low,0,0,65535_65535,0,4,25745,662,1,1,1,28,662,15,1,1,allocated
5,2949,greenran_low,0,0,65535_65535,0,5,25745,638,1,1,0,27,0,15,1,1,pre_allocation
5,2949,greenran_low,0,0,65535_65535,0,5,25745,662,1,1,1,28,662,15,1,1,allocated
5,2949,greenran_low,0,0,65535_65535,0,1,25745,662,1,1,0,28,0,15,1,1,pre_allocation
5,2949,greenran_low,0,0,65535_65535,0,1,25745,686,1,1,1,29,686,15,1,1,allocated
5,2949,greenran_low,0,0,65535_65535,0,2,25745,662,1,1,0,28,0,15,1,1,pre_allocation
5,2949,greenran_low,0,0,65535_65535,0,2,25745,686,1,1,1,29,686,15,1,1,allocated
5,2949,greenran_low,0,0,65535_65535,0,3,25745,662,1,1,0,28,0,15,1,1,pre_allocation
5,2949,greenran_low,0,0,65535_65535,0,3,25745,686,1,1,1,29,686,15,1,1,allocated
5,2949,greenran_low,0,0,65535_65535,0,4,25745,662,1,1,0,28,0,15,1,1,pre_allocation
5,2949,greenran_low,0,0,65535_65535,0,4,25745,686,1,1,1,29,686,15,1,1,allocated
5,2949,greenran_low,0,0,65535_65535,0,5,25745,662,1,1,0,28,0,15,1,1,pre_allocation
5,2949,greenran_low,0,0,65535_65535,0,5,25745,686,1,1,1,29,686,15,1,1,allocated
5,2949,greenran_low,0,0,65535_65535,0,1,25745,686,1,1,0,29,0,15,1,1,pre_allocation
5,2949,greenran_low,0,0,65535_65535,0,1,25745,709,1,1,1,30,709,15,1,1,allocated
5,2949,greenran_low,0,0,65535_65535,0,2,25745,686,1,1,0,29,0,15,1,1,pre_allocation
5,2949,greenran_low,0,0,65535_65535,0,2,25745,709,1,1,1,30,709,15,1,1,allocated
5,2949,greenran_low,0,0,65535_65535,0,3,25745,686,1,1,0,29,0,15,1,1,pre_allocation
5,2949,greenran_low,0,0,65535_65535,0,3,25745,709,1,1,1,30,709,15,1,1,allocated
5,2949,greenran_low,0,0,65535_65535,0,4,25745,686,1,1,0,29,0,15,1,1,pre_allocation
5,2949,greenran_low,0,0,65535_65535,0,4,25745,709,1,1,1,30,709,15,1,1,allocated
5,2949,greenran_low,0,0,65535_65535,0,5,25745,686,1,1,0,29,0,15,1,1,pre_allocation
5,2949,greenran_low,0,0,65535_65535,0,5,25745,709,1,1,1,30,709,15,1,1,allocated
5,2949,greenran_low,0,0,65535_65535,0,1,25745,709,1,1,0,30,0,15,1,1,pre_allocation
5,2949,greenran_low,0,0,65535_65535,0,1,25745,733,1,1,1,31,733,15,1,1,allocated
5,2949,greenran_low,0,0,65535_65535,0,2,25745,709,1,1,0,30,0,15,1,1,pre_allocation
5,2949,greenran_low,0,0,65535_65535,0,2,25745,733,1,1,1,31,733,15,1,1,allocated
5,2949,greenran_low,0,0,65535_65535,0,3,25745,709,1,1,0,30,0,15,1,1,pre_allocation
5,2949,greenran_low,0,0,65535_65535,0,3,25745,733,1,1,1,31,733,15,1,1,allocated
5,2949,greenran_low,0,0,65535_65535,0,4,25745,709,1,1,0,30,0,15,1,1,pre_allocation
5,2949,greenran_low,0,0,65535_65535,0,4,25745,733,1,1,1,31,733,15,1,1,allocated
5,2949,greenran_low,0,0,65535_65535,0,5,25745,709,1,1,0,30,0,15,1,1,pre_allocation
5,2949,greenran_low,0,0,65535_65535,0,5,25745,733,1,1,1,31,733,15,1,1,allocated
5,2949,greenran_low,0,0,65535_65535,0,1,25745,733,1,1,0,31,0,15,1,1,pre_allocation
5,2949,greenran_low,0,0,65535_65535,0,1,25745,757,1,1,1,32,757,15,1,1,allocated
5,2949,greenran_low,0,0,65535_65535,0,2,25745,733,1,1,0,31,0,15,1,1,pre_allocation
5,2949,greenran_low,0,0,65535_65535,0,2,25745,757,1,1,1,32,757,15,1,1,allocated
5,2949,greenran_low,0,0,65535_65535,0,3,25745,733,1,1,0,31,0,15,1,1,pre_allocation
5,2949,greenran_low,0,0,65535_65535,0,3,25745,757,1,1,1,32,757,15,1,1,allocated
5,2949,greenran_low,0,0,65535_65535,0,4,25745,733,1,1,0,31,0,15,1,1,pre_allocation
5,2949,greenran_low,0,0,65535_65535,0,4,25745,757,1,1,1,32,757,15,1,1,allocated
5,2949,greenran_low,0,0,65535_65535,0,5,25745,733,1,1,0,31,0,15,1,1,pre_allocation
5,2949,greenran_low,0,0,65535_65535,0,5,25745,757,1,1,1,32,757,15,1,1,allocated
5,2949,greenran_low,0,0,65535_65535,0,1,25745,757,1,1,0,32,0,15,1,1,pre_allocation
5,2949,greenran_low,0,0,65535_65535,0,1,25745,781,1,1,1,33,781,15,1,1,allocated
5,2949,greenran_low,0,0,65535_65535,0,2,25745,757,1,1,0,32,0,15,1,1,pre_allocation
5,2949,greenran_low,0,0,65535_65535,0,2,25745,781,1,1,1,33,781,15,1,1,allocated
5,2949,greenran_low,0,0,65535_65535,0,3,25745,757,1,1,0,32,0,15,1,1,pre_allocation
5,2949,greenran_low,0,0,65535_65535,0,3,25745,781,1,1,1,33,781,15,1,1,allocated
5,2949,greenran_low,0,0,65535_65535,0,4,25745,757,1,1,0,32,0,15,1,1,pre_allocation
5,2949,greenran_low,0,0,65535_65535,0,4,25745,781,1,1,1,33,781,15,1,1,allocated
5,2949,greenran_low,0,0,65535_65535,0,5,25745,757,1,1,0,32,0,15,1,1,pre_allocation
5,2949,greenran_low,0,0,65535_65535,0,5,25745,781,1,1,1,33,781,15,1,1,allocated
5,2949,greenran_low,0,0,65535_65535,0,1,25745,781,1,1,0,33,0,15,1,1,pre_allocation
5,2949,greenran_low,0,0,65535_65535,0,1,25745,804,1,1,1,34,804,15,1,1,allocated
5,2949,greenran_low,0,0,65535_65535,0,2,25745,781,1,1,0,33,0,15,1,1,pre_allocation
5,2949,greenran_low,0,0,65535_65535,0,2,25745,804,1,1,1,34,804,15,1,1,allocated
5,2949,greenran_low,0,0,65535_65535,0,3,25745,781,1,1,0,33,0,15,1,1,pre_allocation
5,2949,greenran_low,0,0,65535_65535,0,3,25745,804,1,1,1,34,804,15,1,1,allocated
5,2949,greenran_low,0,0,65535_65535,0,4,25745,781,1,1,0,33,0,15,1,1,pre_allocation
5,2949,greenran_low,0,0,65535_65535,0,4,25745,804,1,1,1,34,804,15,1,1,allocated
5,2949,greenran_low,0,0,65535_65535,0,5,25745,781,1,1,0,33,0,15,1,1,pre_allocation
5,2949,greenran_low,0,0,65535_65535,0,5,25745,804,1,1,1,34,804,15,1,1,allocated
5,2949,greenran_low,0,0,65535_65535,0,1,25745,804,1,1,0,34,0,15,1,1,pre_allocation
5,2949,greenran_low,0,0,65535_65535,0,1,25745,828,1,1,1,35,828,15,1,1,allocated
5,2949,greenran_low,0,0,65535_65535,0,2,25745,804,1,1,0,34,0,15,1,1,pre_allocation
5,2949,greenran_low,0,0,65535_65535,0,2,25745,828,1,1,1,35,828,15,1,1,allocated
5,2949,greenran_low,0,0,65535_65535,0,3,25745,804,1,1,0,34,0,15,1,1,pre_allocation
5,2949,greenran_low,0,0,65535_65535,0,3,25745,828,1,1,1,35,828,15,1,1,allocated
5,2949,greenran_low,0,0,65535_65535,0,4,25745,804,1,1,0,34,0,15,1,1,pre_allocation
5,2949,greenran_low,0,0,65535_65535,0,4,25745,828,1,1,1,35,828,15,1,1,allocated
5,2949,greenran_low,0,0,65535_65535,0,5,25745,804,1,1,0,34,0,15,1,1,pre_allocation
5,2949,greenran_low,0,0,65535_65535,0,5,25745,828,1,1,1,35,828,15,1,1,allocated
5,2949,greenran_low,0,0,65535_65535,0,1,25745,828,1,1,0,35,0,15,1,1,pre_allocation
5,2949,greenran_low,0,0,65535_65535,0,1,25745,852,1,1,1,36,852,15,1,1,allocated
5,2949,greenran_low,0,0,65535_65535,0,2,25745,828,1,1,0,35,0,15,1,1,pre_allocation
5,2949,greenran_low,0,0,65535_65535,0,2,25745,852,1,1,1,36,852,15,1,1,allocated
5,2949,greenran_low,0,0,65535_65535,2,23,1560621,0,1,1,0,0,0,15,1,1,pre_allocation
5,2949,greenran_low,0,0,65535_65535,2,23,1560621,20,1,1,1,1,20,15,1,1,allocated
5,2949,greenran_low,0,0,65535_65535,2,21,1559453,0,1,1,0,0,0,15,1,1,pre_allocation
5,2949,greenran_low,0,0,65535_65535,2,21,1559453,20,1,1,1,1,20,15,1,1,allocated
5,2949,greenran_low,0,0,65535_65535,2,24,1559453,0,1,1,0,0,0,15,1,1,pre_allocation
5,2949,greenran_low,0,0,65535_65535,2,24,1559453,20,1,1,1,1,20,15,1,1,allocated
5,2949,greenran_low,0,0,65535_65535,2,20,1559453,0,1,1,0,0,0,15,1,1,pre_allocation
5,2949,greenran_low,0,0,65535_65535,2,20,1559453,20,1,1,1,1,20,15,1,1,allocated
5,2949,greenran_low,0,0,65535_65535,2,22,1559453,0,1,1,0,0,0,15,1,1,pre_allocation
5,2949,greenran_low,0,0,65535_65535,2,22,1559453,20,1,1,1,1,20,15,1,1,allocated
5,2949,greenran_low,0,0,65535_65535,2,23,1560621,20,1,1,0,1,0,15,1,1,pre_allocation
5,2949,greenran_low,0,0,65535_65535,2,23,1560621,44,1,1,1,2,44,15,1,1,allocated
5,2949,greenran_low,0,0,65535_65535,2,21,1559453,20,1,1,0,1,0,15,1,1,pre_allocation
5,2949,greenran_low,0,0,65535_65535,2,21,1559453,44,1,1,1,2,44,15,1,1,allocated
5,2949,greenran_low,0,0,65535_65535,2,24,1559453,20,1,1,0,1,0,15,1,1,pre_allocation
5,2949,greenran_low,0,0,65535_65535,2,24,1559453,44,1,1,1,2,44,15,1,1,allocated
5,2949,greenran_low,0,0,65535_65535,2,20,1559453,20,1,1,0,1,0,15,1,1,pre_allocation
5,2949,greenran_low,0,0,65535_65535,2,20,1559453,44,1,1,1,2,44,15,1,1,allocated
5,2949,greenran_low,0,0,65535_65535,2,22,1559453,20,1,1,0,1,0,15,1,1,pre_allocation
5,2949,greenran_low,0,0,65535_65535,2,22,1559453,44,1,1,1,2,44,15,1,1,allocated
5,2949,greenran_low,0,0,65535_65535,2,23,1560621,44,1,1,0,2,0,15,1,1,pre_allocation
5,2949,greenran_low,0,0,65535_65535,2,23,1560621,68,1,1,1,3,68,15,1,1,allocated
5,2949,greenran_low,0,0,65535_65535,2,21,1559453,44,1,1,0,2,0,15,1,1,pre_allocation
5,2949,greenran_low,0,0,65535_65535,2,21,1559453,68,1,1,1,3,68,15,1,1,allocated
5,2949,greenran_low,0,0,65535_65535,2,24,1559453,44,1,1,0,2,0,15,1,1,pre_allocation
5,2949,greenran_low,0,0,65535_65535,2,24,1559453,68,1,1,1,3,68,15,1,1,allocated
5,2949,greenran_low,0,0,65535_65535,2,20,1559453,44,1,1,0,2,0,15,1,1,pre_allocation
5,2949,greenran_low,0,0,65535_65535,2,20,1559453,68,1,1,1,3,68,15,1,1,allocated
5,2949,greenran_low,0,0,65535_65535,2,22,1559453,44,1,1,0,2,0,15,1,1,pre_allocation
5,2949,greenran_low,0,0,65535_65535,2,22,1559453,68,1,1,1,3,68,15,1,1,allocated
5,2949,greenran_low,0,0,65535_65535,2,23,1560621,68,1,1,0,3,0,15,1,1,pre_allocation
5,2949,greenran_low,0,0,65535_65535,2,23,1560621,92,1,1,1,4,92,15,1,1,allocated
5,2949,greenran_low,0,0,65535_65535,2,21,1559453,68,1,1,0,3,0,15,1,1,pre_allocation
5,2949,greenran_low,0,0,65535_65535,2,21,1559453,92,1,1,1,4,92,15,1,1,allocated
5,2949,greenran_low,0,0,65535_65535,2,24,1559453,68,1,1,0,3,0,15,1,1,pre_allocation
5,2949,greenran_low,0,0,65535_65535,2,24,1559453,92,1,1,1,4,92,15,1,1,allocated
5,2949,greenran_low,0,0,65535_65535,2,20,1559453,68,1,1,0,3,0,15,1,1,pre_allocation
5,2949,greenran_low,0,0,65535_65535,2,20,1559453,92,1,1,1,4,92,15,1,1,allocated
5,2949,greenran_low,0,0,65535_65535,2,22,1559453,68,1,1,0,3,0,15,1,1,pre_allocation
5,2949,greenran_low,0,0,65535_65535,2,22,1559453,92,1,1,1,4,92,15,1,1,allocated
5,2949,greenran_low,0,0,65535_65535,2,23,1560621,92,1,1,0,4,0,15,1,1,pre_allocation
5,2949,greenran_low,0,0,65535_65535,2,23,1560621,115,1,1,1,5,115,15,1,1,allocated
5,2949,greenran_low,0,0,65535_65535,2,21,1559453,92,1,1,0,4,0,15,1,1,pre_allocation
5,2949,greenran_low,0,0,65535_65535,2,21,1559453,115,1,1,1,5,115,15,1,1,allocated
5,2949,greenran_low,0,0,65535_65535,2,24,1559453,92,1,1,0,4,0,15,1,1,pre_allocation
5,2949,greenran_low,0,0,65535_65535,2,24,1559453,115,1,1,1,5,115,15,1,1,allocated
5,2949,greenran_low,0,0,65535_65535,2,20,1559453,92,1,1,0,4,0,15,1,1,pre_allocation
5,2949,greenran_low,0,0,65535_65535,2,20,1559453,115,1,1,1,5,115,15,1,1,allocated
5,2949,greenran_low,0,0,65535_65535,2,22,1559453,92,1,1,0,4,0,15,1,1,pre_allocation
5,2949,greenran_low,0,0,65535_65535,2,22,1559453,115,1,1,1,5,115,15,1,1,allocated
5,2949,greenran_low,0,0,65535_65535,2,23,1560621,115,1,1,0,5,0,15,1,1,pre_allocation
5,2949,greenran_low,0,0,65535_65535,2,23,1560621,139,1,1,1,6,139,15,1,1,allocated
5,2949,greenran_low,0,0,65535_65535,2,21,1559453,115,1,1,0,5,0,15,1,1,pre_allocation
5,2949,greenran_low,0,0,65535_65535,2,21,1559453,139,1,1,1,6,139,15,1,1,allocated
5,2949,greenran_low,0,0,65535_65535,2,24,1559453,115,1,1,0,5,0,15,1,1,pre_allocation
5,2949,greenran_low,0,0,65535_65535,2,24,1559453,139,1,1,1,6,139,15,1,1,allocated
5,2949,greenran_low,0,0,65535_65535,2,20,1559453,115,1,1,0,5,0,15,1,1,pre_allocation
5,2949,greenran_low,0,0,65535_65535,2,20,1559453,139,1,1,1,6,139,15,1,1,allocated
5,2949,greenran_low,0,0,65535_65535,2,22,1559453,115,1,1,0,5,0,15,1,1,pre_allocation
5,2949,greenran_low,0,0,65535_65535,2,22,1559453,139,1,1,1,6,139,15,1,1,allocated
5,2949,greenran_low,0,0,65535_65535,2,23,1560621,139,1,1,0,6,0,15,1,1,pre_allocation
5,2949,greenran_low,0,0,65535_65535,2,23,1560621,163,1,1,1,7,163,15,1,1,allocated
5,2949,greenran_low,0,0,65535_65535,2,21,1559453,139,1,1,0,6,0,15,1,1,pre_allocation
5,2949,greenran_low,0,0,65535_65535,2,21,1559453,163,1,1,1,7,163,15,1,1,allocated
5,2949,greenran_low,0,0,65535_65535,2,24,1559453,139,1,1,0,6,0,15,1,1,pre_allocation
5,2949,greenran_low,0,0,65535_65535,2,24,1559453,163,1,1,1,7,163,15,1,1,allocated
5,2949,greenran_low,0,0,65535_65535,2,20,1559453,139,1,1,0,6,0,15,1,1,pre_allocation
5,2949,greenran_low,0,0,65535_65535,2,20,1559453,163,1,1,1,7,163,15,1,1,allocated
5,2949,greenran_low,0,0,65535_65535,2,22,1559453,139,1,1,0,6,0,15,1,1,pre_allocation
5,2949,greenran_low,0,0,65535_65535,2,22,1559453,163,1,1,1,7,163,15,1,1,allocated
5,2949,greenran_low,0,0,65535_65535,2,23,1560621,163,1,1,0,7,0,15,1,1,pre_allocation
5,2949,greenran_low,0,0,65535_65535,2,23,1560621,187,1,1,1,8,187,15,1,1,allocated
5,2949,greenran_low,0,0,65535_65535,2,21,1559453,163,1,1,0,7,0,15,1,1,pre_allocation
5,2949,greenran_low,0,0,65535_65535,2,21,1559453,187,1,1,1,8,187,15,1,1,allocated
5,2949,greenran_low,0,0,65535_65535,2,24,1559453,163,1,1,0,7,0,15,1,1,pre_allocation
5,2949,greenran_low,0,0,65535_65535,2,24,1559453,187,1,1,1,8,187,15,1,1,allocated
5,2949,greenran_low,0,0,65535_65535,2,20,1559453,163,1,1,0,7,0,15,1,1,pre_allocation
5,2949,greenran_low,0,0,65535_65535,2,20,1559453,187,1,1,1,8,187,15,1,1,allocated
5,2949,greenran_low,0,0,65535_65535,2,22,1559453,163,1,1,0,7,0,15,1,1,pre_allocation
5,2949,greenran_low,0,0,65535_65535,2,22,1559453,187,1,1,1,8,187,15,1,1,allocated
5,2949,greenran_low,0,0,65535_65535,2,23,1560621,187,1,1,0,8,0,15,1,1,pre_allocation
5,2949,greenran_low,0,0,65535_65535,2,23,1560621,210,1,1,1,9,210,15,1,1,allocated
5,2949,greenran_low,0,0,65535_65535,2,21,1559453,187,1,1,0,8,0,15,1,1,pre_allocation
5,2949,greenran_low,0,0,65535_65535,2,21,1559453,210,1,1,1,9,210,15,1,1,allocated
5,2949,greenran_low,0,0,65535_65535,2,24,1559453,187,1,1,0,8,0,15,1,1,pre_allocation
5,2949,greenran_low,0,0,65535_65535,2,24,1559453,210,1,1,1,9,210,15,1,1,allocated
5,2949,greenran_low,0,0,65535_65535,2,20,1559453,187,1,1,0,8,0,15,1,1,pre_allocation
5,2949,greenran_low,0,0,65535_65535,2,20,1559453,210,1,1,1,9,210,15,1,1,allocated
5,2949,greenran_low,0,0,65535_65535,2,22,1559453,187,1,1,0,8,0,15,1,1,pre_allocation
5,2949,greenran_low,0,0,65535_65535,2,22,1559453,210,1,1,1,9,210,15,1,1,allocated
5,2949,greenran_low,0,0,65535_65535,2,23,1560621,210,1,1,0,9,0,15,1,1,pre_allocation
5,2949,greenran_low,0,0,65535_65535,2,23,1560621,234,1,1,1,10,234,15,1,1,allocated
5,2949,greenran_low,0,0,65535_65535,2,21,1559453,210,1,1,0,9,0,15,1,1,pre_allocation
5,2949,greenran_low,0,0,65535_65535,2,21,1559453,234,1,1,1,10,234,15,1,1,allocated
5,2949,greenran_low,0,0,65535_65535,2,24,1559453,210,1,1,0,9,0,15,1,1,pre_allocation
5,2949,greenran_low,0,0,65535_65535,2,24,1559453,234,1,1,1,10,234,15,1,1,allocated
5,2949,greenran_low,0,0,65535_65535,2,20,1559453,210,1,1,0,9,0,15,1,1,pre_allocation
5,2949,greenran_low,0,0,65535_65535,2,20,1559453,234,1,1,1,10,234,15,1,1,allocated
5,2949,greenran_low,0,0,65535_65535,2,22,1559453,210,1,1,0,9,0,15,1,1,pre_allocation
5,2949,greenran_low,0,0,65535_65535,2,22,1559453,234,1,1,1,10,234,15,1,1,allocated
5,2949,greenran_low,0,0,65535_65535,2,23,1560621,234,1,1,0,10,0,15,1,1,pre_allocation
5,2949,greenran_low,0,0,65535_65535,2,23,1560621,258,1,1,1,11,258,15,1,1,allocated
5,2949,greenran_low,0,0,65535_65535,2,21,1559453,234,1,1,0,10,0,15,1,1,pre_allocation
5,2949,greenran_low,0,0,65535_65535,2,21,1559453,258,1,1,1,11,258,15,1,1,allocated
5,2949,greenran_low,0,0,65535_65535,2,24,1559453,234,1,1,0,10,0,15,1,1,pre_allocation
5,2949,greenran_low,0,0,65535_65535,2,24,1559453,258,1,1,1,11,258,15,1,1,allocated
5,2949,greenran_low,0,0,65535_65535,2,20,1559453,234,1,1,0,10,0,15,1,1,pre_allocation
5,2949,greenran_low,0,0,65535_65535,2,20,1559453,258,1,1,1,11,258,15,1,1,allocated
5,2949,greenran_low,0,0,65535_65535,2,22,1559453,234,1,1,0,10,0,15,1,1,pre_allocation
5,2949,greenran_low,0,0,65535_65535,2,22,1559453,258,1,1,1,11,258,15,1,1,allocated
5,2949,greenran_low,0,0,65535_65535,2,23,1560621,258,1,1,0,11,0,15,1,1,pre_allocation
5,2949,greenran_low,0,0,65535_65535,2,23,1560621,282,1,1,1,12,282,15,1,1,allocated
5,2949,greenran_low,0,0,65535_65535,2,21,1559453,258,1,1,0,11,0,15,1,1,pre_allocation
5,2949,greenran_low,0,0,65535_65535,2,21,1559453,282,1,1,1,12,282,15,1,1,allocated
5,2949,greenran_low,0,0,65535_65535,2,24,1559453,258,1,1,0,11,0,15,1,1,pre_allocation
5,2949,greenran_low,0,0,65535_65535,2,24,1559453,282,1,1,1,12,282,15,1,1,allocated
5,2949,greenran_low,0,0,65535_65535,2,20,1559453,258,1,1,0,11,0,15,1,1,pre_allocation
5,2949,greenran_low,0,0,65535_65535,2,20,1559453,282,1,1,1,12,282,15,1,1,allocated
5,2949,greenran_low,0,0,65535_65535,2,22,1559453,258,1,1,0,11,0,15,1,1,pre_allocation
5,2949,greenran_low,0,0,65535_65535,2,22,1559453,282,1,1,1,12,282,15,1,1,allocated
5,2949,greenran_low,0,0,65535_65535,2,23,1560621,282,1,1,0,12,0,15,1,1,pre_allocation
5,2949,greenran_low,0,0,65535_65535,2,23,1560621,305,1,1,1,13,305,15,1,1,allocated
5,2949,greenran_low,0,0,65535_65535,2,21,1559453,282,1,1,0,12,0,15,1,1,pre_allocation
5,2949,greenran_low,0,0,65535_65535,2,21,1559453,305,1,1,1,13,305,15,1,1,allocated
5,2949,greenran_low,0,0,65535_65535,2,24,1559453,282,1,1,0,12,0,15,1,1,pre_allocation
5,2949,greenran_low,0,0,65535_65535,2,24,1559453,305,1,1,1,13,305,15,1,1,allocated
5,2949,greenran_low,0,0,65535_65535,2,20,1559453,282,1,1,0,12,0,15,1,1,pre_allocation
5,2949,greenran_low,0,0,65535_65535,2,20,1559453,305,1,1,1,13,305,15,1,1,allocated
5,2949,greenran_low,0,0,65535_65535,2,22,1559453,282,1,1,0,12,0,15,1,1,pre_allocation
5,2949,greenran_low,0,0,65535_65535,2,22,1559453,305,1,1,1,13,305,15,1,1,allocated
5,2949,greenran_low,0,0,65535_65535,2,23,1560621,305,1,1,0,13,0,15,1,1,pre_allocation
5,2949,greenran_low,0,0,65535_65535,2,23,1560621,329,1,1,1,14,329,15,1,1,allocated
5,2949,greenran_low,0,0,65535_65535,2,21,1559453,305,1,1,0,13,0,15,1,1,pre_allocation
5,2949,greenran_low,0,0,65535_65535,2,21,1559453,329,1,1,1,14,329,15,1,1,allocated
5,2949,greenran_low,0,0,65535_65535,2,24,1559453,305,1,1,0,13,0,15,1,1,pre_allocation
5,2949,greenran_low,0,0,65535_65535,2,24,1559453,329,1,1,1,14,329,15,1,1,allocated
5,2949,greenran_low,0,0,65535_65535,2,20,1559453,305,1,1,0,13,0,15,1,1,pre_allocation
5,2949,greenran_low,0,0,65535_65535,2,20,1559453,329,1,1,1,14,329,15,1,1,allocated
5,2949,greenran_low,0,0,65535_65535,2,22,1559453,305,1,1,0,13,0,15,1,1,pre_allocation
5,2949,greenran_low,0,0,65535_65535,2,22,1559453,329,1,1,1,14,329,15,1,1,allocated
5,2949,greenran_low,0,0,65535_65535,2,23,1560621,329,1,1,0,14,0,15,1,1,pre_allocation
5,2949,greenran_low,0,0,65535_65535,2,23,1560621,353,1,1,1,15,353,15,1,1,allocated
5,2949,greenran_low,0,0,65535_65535,2,21,1559453,329,1,1,0,14,0,15,1,1,pre_allocation
5,2949,greenran_low,0,0,65535_65535,2,21,1559453,353,1,1,1,15,353,15,1,1,allocated
5,2949,greenran_low,0,0,65535_65535,2,24,1559453,329,1,1,0,14,0,15,1,1,pre_allocation
5,2949,greenran_low,0,0,65535_65535,2,24,1559453,353,1,1,1,15,353,15,1,1,allocated
5,2949,greenran_low,0,0,65535_65535,2,20,1559453,329,1,1,0,14,0,15,1,1,pre_allocation
5,2949,greenran_low,0,0,65535_65535,2,20,1559453,353,1,1,1,15,353,15,1,1,allocated
5,2949,greenran_low,0,0,65535_65535,2,22,1559453,329,1,1,0,14,0,15,1,1,pre_allocation
5,2949,greenran_low,0,0,65535_65535,2,22,1559453,353,1,1,1,15,353,15,1,1,allocated
5,2949,greenran_low,0,0,65535_65535,2,23,1560621,353,1,1,0,15,0,15,1,1,pre_allocation
5,2949,greenran_low,0,0,65535_65535,2,23,1560621,377,1,1,1,16,377,15,1,1,allocated
5,2949,greenran_low,0,0,65535_65535,2,21,1559453,353,1,1,0,15,0,15,1,1,pre_allocation
5,2949,greenran_low,0,0,65535_65535,2,21,1559453,377,1,1,1,16,377,15,1,1,allocated
5,2949,greenran_low,0,0,65535_65535,2,24,1559453,353,1,1,0,15,0,15,1,1,pre_allocation
5,2949,greenran_low,0,0,65535_65535,2,24,1559453,377,1,1,1,16,377,15,1,1,allocated
5,2949,greenran_low,0,0,65535_65535,2,20,1559453,353,1,1,0,15,0,15,1,1,pre_allocation
5,2949,greenran_low,0,0,65535_65535,2,20,1559453,377,1,1,1,16,377,15,1,1,allocated
5,2949,greenran_low,0,0,65535_65535,2,22,1559453,353,1,1,0,15,0,15,1,1,pre_allocation
5,2949,greenran_low,0,0,65535_65535,2,22,1559453,377,1,1,1,16,377,15,1,1,allocated
5,2949,greenran_low,0,0,65535_65535,2,23,1560621,377,1,1,0,16,0,15,1,1,pre_allocation
5,2949,greenran_low,0,0,65535_65535,2,23,1560621,400,1,1,1,17,400,15,1,1,allocated
5,2949,greenran_low,0,0,65535_65535,2,21,1559453,377,1,1,0,16,0,15,1,1,pre_allocation
5,2949,greenran_low,0,0,65535_65535,2,21,1559453,400,1,1,1,17,400,15,1,1,allocated
5,2949,greenran_low,0,0,65535_65535,2,24,1559453,377,1,1,0,16,0,15,1,1,pre_allocation
5,2949,greenran_low,0,0,65535_65535,2,24,1559453,400,1,1,1,17,400,15,1,1,allocated
5,2949,greenran_low,0,0,65535_65535,2,20,1559453,377,1,1,0,16,0,15,1,1,pre_allocation
5,2949,greenran_low,0,0,65535_65535,2,20,1559453,400,1,1,1,17,400,15,1,1,allocated
5,2949,greenran_low,0,0,65535_65535,2,22,1559453,377,1,1,0,16,0,15,1,1,pre_allocation
5,2949,greenran_low,0,0,65535_65535,2,22,1559453,400,1,1,1,17,400,15,1,1,allocated
5,2949,greenran_low,0,0,65535_65535,2,23,1560621,400,1,1,0,17,0,15,1,1,pre_allocation
5,2949,greenran_low,0,0,65535_65535,2,23,1560621,424,1,1,1,18,424,15,1,1,allocated
5,2949,greenran_low,0,0,65535_65535,2,21,1559453,400,1,1,0,17,0,15,1,1,pre_allocation
5,2949,greenran_low,0,0,65535_65535,2,21,1559453,424,1,1,1,18,424,15,1,1,allocated
5,2949,greenran_low,0,0,65535_65535,2,24,1559453,400,1,1,0,17,0,15,1,1,pre_allocation
5,2949,greenran_low,0,0,65535_65535,2,24,1559453,424,1,1,1,18,424,15,1,1,allocated
5,2949,greenran_low,0,0,65535_65535,2,20,1559453,400,1,1,0,17,0,15,1,1,pre_allocation
5,2949,greenran_low,0,0,65535_65535,2,20,1559453,424,1,1,1,18,424,15,1,1,allocated
6,3206,greenran_low,0,0,65535_65535,0,3,27691,0,1,1,0,0,0,28,1,1,pre_allocation
6,3206,greenran_low,0,0,65535_65535,0,3,27691,42,1,1,1,1,42,28,1,1,allocated
6,3206,greenran_low,0,0,65535_65535,0,4,27691,0,1,1,0,0,0,16,1,1,pre_allocation
6,3206,greenran_low,0,0,65535_65535,0,4,27691,16,1,1,1,1,16,16,1,1,allocated
6,3206,greenran_low,0,0,65535_65535,0,5,27691,0,1,1,0,0,0,28,1,1,pre_allocation
6,3206,greenran_low,0,0,65535_65535,0,5,27691,42,1,1,1,1,42,28,1,1,allocated
6,3206,greenran_low,0,0,65535_65535,0,1,27667,0,1,1,0,0,0,22,1,1,pre_allocation
6,3206,greenran_low,0,0,65535_65535,0,1,27667,29,1,1,1,1,29,22,1,1,allocated
6,3206,greenran_low,0,0,65535_65535,0,2,27667,0,1,1,0,0,0,28,1,1,pre_allocation
6,3206,greenran_low,0,0,65535_65535,0,2,27667,42,1,1,1,1,42,28,1,1,allocated
6,3206,greenran_low,0,0,65535_65535,0,3,27691,42,1,1,0,1,0,28,1,1,pre_allocation
6,3206,greenran_low,0,0,65535_65535,0,3,27691,88,1,1,1,2,88,28,1,1,allocated
6,3206,greenran_low,0,0,65535_65535,0,4,27691,16,1,1,0,1,0,16,1,1,pre_allocation
6,3206,greenran_low,0,0,65535_65535,0,4,27691,36,1,1,1,2,36,16,1,1,allocated
6,3206,greenran_low,0,0,65535_65535,0,5,27691,42,1,1,0,1,0,28,1,1,pre_allocation
6,3206,greenran_low,0,0,65535_65535,0,5,27691,88,1,1,1,2,88,28,1,1,allocated
6,3206,greenran_low,0,0,65535_65535,0,1,27667,29,1,1,0,1,0,22,1,1,pre_allocation
6,3206,greenran_low,0,0,65535_65535,0,1,27667,61,1,1,1,2,61,22,1,1,allocated
6,3206,greenran_low,0,0,65535_65535,0,2,27667,42,1,1,0,1,0,28,1,1,pre_allocation
6,3206,greenran_low,0,0,65535_65535,0,2,27667,88,1,1,1,2,88,28,1,1,allocated
6,3206,greenran_low,0,0,65535_65535,0,3,27691,88,1,1,0,2,0,28,1,1,pre_allocation
6,3206,greenran_low,0,0,65535_65535,0,3,27691,133,1,1,1,3,133,28,1,1,allocated
6,3206,greenran_low,0,0,65535_65535,0,4,27691,36,1,1,0,2,0,16,1,1,pre_allocation
6,3206,greenran_low,0,0,65535_65535,0,4,27691,56,1,1,1,3,56,16,1,1,allocated
6,3206,greenran_low,0,0,65535_65535,0,5,27691,88,1,1,0,2,0,28,1,1,pre_allocation
6,3206,greenran_low,0,0,65535_65535,0,5,27691,133,1,1,1,3,133,28,1,1,allocated
6,3206,greenran_low,0,0,65535_65535,0,1,27667,61,1,1,0,2,0,22,1,1,pre_allocation
6,3206,greenran_low,0,0,65535_65535,0,1,27667,93,1,1,1,3,93,22,1,1,allocated
6,3206,greenran_low,0,0,65535_65535,0,2,27667,88,1,1,0,2,0,28,1,1,pre_allocation
6,3206,greenran_low,0,0,65535_65535,0,2,27667,133,1,1,1,3,133,28,1,1,allocated
6,3206,greenran_low,0,0,65535_65535,0,3,27691,133,1,1,0,3,0,28,1,1,pre_allocation
6,3206,greenran_low,0,0,65535_65535,0,3,27691,179,1,1,1,4,179,28,1,1,allocated
6,3206,greenran_low,0,0,65535_65535,0,4,27691,56,1,1,0,3,0,16,1,1,pre_allocation
6,3206,greenran_low,0,0,65535_65535,0,4,27691,76,1,1,1,4,76,16,1,1,allocated
6,3206,greenran_low,0,0,65535_65535,0,5,27691,133,1,1,0,3,0,28,1,1,pre_allocation
6,3206,greenran_low,0,0,65535_65535,0,5,27691,179,1,1,1,4,179,28,1,1,allocated
6,3206,greenran_low,0,0,65535_65535,0,1,27667,93,1,1,0,3,0,22,1,1,pre_allocation
6,3206,greenran_low,0,0,65535_65535,0,1,27667,125,1,1,1,4,125,22,1,1,allocated
6,3206,greenran_low,0,0,65535_65535,0,2,27667,133,1,1,0,3,0,28,1,1,pre_allocation
6,3206,greenran_low,0,0,65535_65535,0,2,27667,179,1,1,1,4,179,28,1,1,allocated
6,3206,greenran_low,0,0,65535_65535,0,3,27691,179,1,1,0,4,0,28,1,1,pre_allocation
6,3206,greenran_low,0,0,65535_65535,0,3,27691,224,1,1,1,5,224,28,1,1,allocated
6,3206,greenran_low,0,0,65535_65535,0,4,27691,76,1,1,0,4,0,16,1,1,pre_allocation
6,3206,greenran_low,0,0,65535_65535,0,4,27691,96,1,1,1,5,96,16,1,1,allocated
6,3206,greenran_low,0,0,65535_65535,0,5,27691,179,1,1,0,4,0,28,1,1,pre_allocation
6,3206,greenran_low,0,0,65535_65535,0,5,27691,224,1,1,1,5,224,28,1,1,allocated
6,3206,greenran_low,0,0,65535_65535,0,1,27667,125,1,1,0,4,0,22,1,1,pre_allocation
6,3206,greenran_low,0,0,65535_65535,0,1,27667,157,1,1,1,5,157,22,1,1,allocated
6,3206,greenran_low,0,0,65535_65535,0,2,27667,179,1,1,0,4,0,28,1,1,pre_allocation
6,3206,greenran_low,0,0,65535_65535,0,2,27667,224,1,1,1,5,224,28,1,1,allocated
6,3206,greenran_low,0,0,65535_65535,0,3,27691,224,1,1,0,5,0,28,1,1,pre_allocation
6,3206,greenran_low,0,0,65535_65535,0,3,27691,270,1,1,1,6,270,28,1,1,allocated
6,3206,greenran_low,0,0,65535_65535,0,4,27691,96,1,1,0,5,0,16,1,1,pre_allocation
6,3206,greenran_low,0,0,65535_65535,0,4,27691,115,1,1,1,6,115,16,1,1,allocated
6,3206,greenran_low,0,0,65535_65535,0,5,27691,224,1,1,0,5,0,28,1,1,pre_allocation
6,3206,greenran_low,0,0,65535_65535,0,5,27691,270,1,1,1,6,270,28,1,1,allocated
6,3206,greenran_low,0,0,65535_65535,0,1,27667,157,1,1,0,5,0,22,1,1,pre_allocation
6,3206,greenran_low,0,0,65535_65535,0,1,27667,190,1,1,1,6,190,22,1,1,allocated
6,3206,greenran_low,0,0,65535_65535,0,2,27667,224,1,1,0,5,0,28,1,1,pre_allocation
6,3206,greenran_low,0,0,65535_65535,0,2,27667,270,1,1,1,6,270,28,1,1,allocated
6,3206,greenran_low,0,0,65535_65535,0,3,27691,270,1,1,0,6,0,28,1,1,pre_allocation
6,3206,greenran_low,0,0,65535_65535,0,3,27691,315,1,1,1,7,315,28,1,1,allocated
6,3206,greenran_low,0,0,65535_65535,0,4,27691,115,1,1,0,6,0,16,1,1,pre_allocation
6,3206,greenran_low,0,0,65535_65535,0,4,27691,135,1,1,1,7,135,16,1,1,allocated
6,3206,greenran_low,0,0,65535_65535,0,5,27691,270,1,1,0,6,0,28,1,1,pre_allocation
6,3206,greenran_low,0,0,65535_65535,0,5,27691,315,1,1,1,7,315,28,1,1,allocated
6,3206,greenran_low,0,0,65535_65535,0,1,27667,190,1,1,0,6,0,22,1,1,pre_allocation
6,3206,greenran_low,0,0,65535_65535,0,1,27667,222,1,1,1,7,222,22,1,1,allocated
6,3206,greenran_low,0,0,65535_65535,0,2,27667,270,1,1,0,6,0,28,1,1,pre_allocation
6,3206,greenran_low,0,0,65535_65535,0,2,27667,315,1,1,1,7,315,28,1,1,allocated
6,3206,greenran_low,0,0,65535_65535,0,3,27691,315,1,1,0,7,0,28,1,1,pre_allocation
6,3206,greenran_low,0,0,65535_65535,0,3,27691,361,1,1,1,8,361,28,1,1,allocated
6,3206,greenran_low,0,0,65535_65535,0,4,27691,135,1,1,0,7,0,16,1,1,pre_allocation
6,3206,greenran_low,0,0,65535_65535,0,4,27691,155,1,1,1,8,155,16,1,1,allocated
6,3206,greenran_low,0,0,65535_65535,0,5,27691,315,1,1,0,7,0,28,1,1,pre_allocation
6,3206,greenran_low,0,0,65535_65535,0,5,27691,361,1,1,1,8,361,28,1,1,allocated
6,3206,greenran_low,0,0,65535_65535,0,1,27667,222,1,1,0,7,0,22,1,1,pre_allocation
6,3206,greenran_low,0,0,65535_65535,0,1,27667,254,1,1,1,8,254,22,1,1,allocated
6,3206,greenran_low,0,0,65535_65535,0,2,27667,315,1,1,0,7,0,28,1,1,pre_allocation
6,3206,greenran_low,0,0,65535_65535,0,2,27667,361,1,1,1,8,361,28,1,1,allocated
6,3206,greenran_low,0,0,65535_65535,0,3,27691,361,1,1,0,8,0,28,1,1,pre_allocation
6,3206,greenran_low,0,0,65535_65535,0,3,27691,406,1,1,1,9,406,28,1,1,allocated
6,3206,greenran_low,0,0,65535_65535,0,4,27691,155,1,1,0,8,0,16,1,1,pre_allocation
6,3206,greenran_low,0,0,65535_65535,0,4,27691,175,1,1,1,9,175,16,1,1,allocated
6,3206,greenran_low,0,0,65535_65535,0,5,27691,361,1,1,0,8,0,28,1,1,pre_allocation
6,3206,greenran_low,0,0,65535_65535,0,5,27691,406,1,1,1,9,406,28,1,1,allocated
6,3206,greenran_low,0,0,65535_65535,0,1,27667,254,1,1,0,8,0,22,1,1,pre_allocation
6,3206,greenran_low,0,0,65535_65535,0,1,27667,286,1,1,1,9,286,22,1,1,allocated
6,3206,greenran_low,0,0,65535_65535,0,2,27667,361,1,1,0,8,0,28,1,1,pre_allocation
6,3206,greenran_low,0,0,65535_65535,0,2,27667,406,1,1,1,9,406,28,1,1,allocated
6,3206,greenran_low,0,0,65535_65535,0,3,27691,406,1,1,0,9,0,28,1,1,pre_allocation
6,3206,greenran_low,0,0,65535_65535,0,3,27691,452,1,1,1,10,452,28,1,1,allocated
6,3206,greenran_low,0,0,65535_65535,0,4,27691,175,1,1,0,9,0,16,1,1,pre_allocation
6,3206,greenran_low,0,0,65535_65535,0,4,27691,195,1,1,1,10,195,16,1,1,allocated
6,3206,greenran_low,0,0,65535_65535,0,5,27691,406,1,1,0,9,0,28,1,1,pre_allocation
6,3206,greenran_low,0,0,65535_65535,0,5,27691,452,1,1,1,10,452,28,1,1,allocated
6,3206,greenran_low,0,0,65535_65535,0,1,27667,286,1,1,0,9,0,22,1,1,pre_allocation
6,3206,greenran_low,0,0,65535_65535,0,1,27667,318,1,1,1,10,318,22,1,1,allocated
6,3206,greenran_low,0,0,65535_65535,0,2,27667,406,1,1,0,9,0,28,1,1,pre_allocation
6,3206,greenran_low,0,0,65535_65535,0,2,27667,452,1,1,1,10,452,28,1,1,allocated
6,3206,greenran_low,0,0,65535_65535,0,3,27691,452,1,1,0,10,0,28,1,1,pre_allocation
6,3206,greenran_low,0,0,65535_65535,0,3,27691,497,1,1,1,11,497,28,1,1,allocated
6,3206,greenran_low,0,0,65535_65535,0,4,27691,195,1,1,0,10,0,16,1,1,pre_allocation
6,3206,greenran_low,0,0,65535_65535,0,4,27691,214,1,1,1,11,214,16,1,1,allocated
6,3206,greenran_low,0,0,65535_65535,0,5,27691,452,1,1,0,10,0,28,1,1,pre_allocation
6,3206,greenran_low,0,0,65535_65535,0,5,27691,497,1,1,1,11,497,28,1,1,allocated
6,3206,greenran_low,0,0,65535_65535,0,1,27667,318,1,1,0,10,0,22,1,1,pre_allocation
6,3206,greenran_low,0,0,65535_65535,0,1,27667,350,1,1,1,11,350,22,1,1,allocated
6,3206,greenran_low,0,0,65535_65535,0,2,27667,452,1,1,0,10,0,28,1,1,pre_allocation
6,3206,greenran_low,0,0,65535_65535,0,2,27667,497,1,1,1,11,497,28,1,1,allocated
6,3206,greenran_low,0,0,65535_65535,0,3,27691,497,1,1,0,11,0,28,1,1,pre_allocation
6,3206,greenran_low,0,0,65535_65535,0,3,27691,543,1,1,1,12,543,28,1,1,allocated
6,3206,greenran_low,0,0,65535_65535,0,4,27691,214,1,1,0,11,0,16,1,1,pre_allocation
6,3206,greenran_low,0,0,65535_65535,0,4,27691,234,1,1,1,12,234,16,1,1,allocated
6,3206,greenran_low,0,0,65535_65535,0,5,27691,497,1,1,0,11,0,28,1,1,pre_allocation
6,3206,greenran_low,0,0,65535_65535,0,5,27691,543,1,1,1,12,543,28,1,1,allocated
6,3206,greenran_low,0,0,65535_65535,0,1,27667,350,1,1,0,11,0,22,1,1,pre_allocation
6,3206,greenran_low,0,0,65535_65535,0,1,27667,383,1,1,1,12,383,22,1,1,allocated
6,3206,greenran_low,0,0,65535_65535,0,2,27667,497,1,1,0,11,0,28,1,1,pre_allocation
6,3206,greenran_low,0,0,65535_65535,0,2,27667,543,1,1,1,12,543,28,1,1,allocated
6,3206,greenran_low,0,0,65535_65535,0,3,27691,543,1,1,0,12,0,28,1,1,pre_allocation
6,3206,greenran_low,0,0,65535_65535,0,3,27691,589,1,1,1,13,589,28,1,1,allocated
6,3206,greenran_low,0,0,65535_65535,0,4,27691,234,1,1,0,12,0,16,1,1,pre_allocation
6,3206,greenran_low,0,0,65535_65535,0,4,27691,254,1,1,1,13,254,16,1,1,allocated
6,3206,greenran_low,0,0,65535_65535,0,5,27691,543,1,1,0,12,0,28,1,1,pre_allocation
6,3206,greenran_low,0,0,65535_65535,0,5,27691,589,1,1,1,13,589,28,1,1,allocated
6,3206,greenran_low,0,0,65535_65535,0,1,27667,383,1,1,0,12,0,22,1,1,pre_allocation
6,3206,greenran_low,0,0,65535_65535,0,1,27667,415,1,1,1,13,415,22,1,1,allocated
6,3206,greenran_low,0,0,65535_65535,0,2,27667,543,1,1,0,12,0,28,1,1,pre_allocation
6,3206,greenran_low,0,0,65535_65535,0,2,27667,589,1,1,1,13,589,28,1,1,allocated
6,3206,greenran_low,0,0,65535_65535,0,3,27691,589,1,1,0,13,0,28,1,1,pre_allocation
6,3206,greenran_low,0,0,65535_65535,0,3,27691,634,1,1,1,14,634,28,1,1,allocated
6,3206,greenran_low,0,0,65535_65535,0,4,27691,254,1,1,0,13,0,16,1,1,pre_allocation
6,3206,greenran_low,0,0,65535_65535,0,4,27691,274,1,1,1,14,274,16,1,1,allocated
6,3206,greenran_low,0,0,65535_65535,0,5,27691,589,1,1,0,13,0,28,1,1,pre_allocation
6,3206,greenran_low,0,0,65535_65535,0,5,27691,634,1,1,1,14,634,28,1,1,allocated
6,3206,greenran_low,0,0,65535_65535,0,1,27667,415,1,1,0,13,0,22,1,1,pre_allocation
6,3206,greenran_low,0,0,65535_65535,0,1,27667,447,1,1,1,14,447,22,1,1,allocated
6,3206,greenran_low,0,0,65535_65535,0,2,27667,589,1,1,0,13,0,28,1,1,pre_allocation
6,3206,greenran_low,0,0,65535_65535,0,2,27667,634,1,1,1,14,634,28,1,1,allocated
6,3206,greenran_low,0,0,65535_65535,0,3,27691,634,1,1,0,14,0,28,1,1,pre_allocation
6,3206,greenran_low,0,0,65535_65535,0,3,27691,680,1,1,1,15,680,28,1,1,allocated
6,3206,greenran_low,0,0,65535_65535,0,4,27691,274,1,1,0,14,0,16,1,1,pre_allocation
6,3206,greenran_low,0,0,65535_65535,0,4,27691,294,1,1,1,15,294,16,1,1,allocated
6,3206,greenran_low,0,0,65535_65535,0,5,27691,634,1,1,0,14,0,28,1,1,pre_allocation
6,3206,greenran_low,0,0,65535_65535,0,5,27691,680,1,1,1,15,680,28,1,1,allocated
6,3206,greenran_low,0,0,65535_65535,0,1,27667,447,1,1,0,14,0,22,1,1,pre_allocation
6,3206,greenran_low,0,0,65535_65535,0,1,27667,479,1,1,1,15,479,22,1,1,allocated
6,3206,greenran_low,0,0,65535_65535,0,2,27667,634,1,1,0,14,0,28,1,1,pre_allocation
6,3206,greenran_low,0,0,65535_65535,0,2,27667,680,1,1,1,15,680,28,1,1,allocated
6,3206,greenran_low,0,0,65535_65535,0,3,27691,680,1,1,0,15,0,28,1,1,pre_allocation
6,3206,greenran_low,0,0,65535_65535,0,3,27691,725,1,1,1,16,725,28,1,1,allocated
6,3206,greenran_low,0,0,65535_65535,0,4,27691,294,1,1,0,15,0,16,1,1,pre_allocation
6,3206,greenran_low,0,0,65535_65535,0,4,27691,313,1,1,1,16,313,16,1,1,allocated
6,3206,greenran_low,0,0,65535_65535,0,5,27691,680,1,1,0,15,0,28,1,1,pre_allocation
6,3206,greenran_low,0,0,65535_65535,0,5,27691,725,1,1,1,16,725,28,1,1,allocated
6,3206,greenran_low,0,0,65535_65535,0,1,27667,479,1,1,0,15,0,22,1,1,pre_allocation
6,3206,greenran_low,0,0,65535_65535,0,1,27667,511,1,1,1,16,511,22,1,1,allocated
6,3206,greenran_low,0,0,65535_65535,0,2,27667,680,1,1,0,15,0,28,1,1,pre_allocation
6,3206,greenran_low,0,0,65535_65535,0,2,27667,725,1,1,1,16,725,28,1,1,allocated
6,3206,greenran_low,0,0,65535_65535,0,3,27691,725,1,1,0,16,0,28,1,1,pre_allocation
6,3206,greenran_low,0,0,65535_65535,0,3,27691,771,1,1,1,17,771,28,1,1,allocated
6,3206,greenran_low,0,0,65535_65535,0,4,27691,313,1,1,0,16,0,16,1,1,pre_allocation
6,3206,greenran_low,0,0,65535_65535,0,4,27691,333,1,1,1,17,333,16,1,1,allocated
6,3206,greenran_low,0,0,65535_65535,0,5,27691,725,1,1,0,16,0,28,1,1,pre_allocation
6,3206,greenran_low,0,0,65535_65535,0,5,27691,771,1,1,1,17,771,28,1,1,allocated
6,3206,greenran_low,0,0,65535_65535,0,1,27667,511,1,1,0,16,0,22,1,1,pre_allocation
6,3206,greenran_low,0,0,65535_65535,0,1,27667,543,1,1,1,17,543,22,1,1,allocated
6,3206,greenran_low,0,0,65535_65535,0,2,27667,725,1,1,0,16,0,28,1,1,pre_allocation
6,3206,greenran_low,0,0,65535_65535,0,2,27667,771,1,1,1,17,771,28,1,1,allocated
6,3206,greenran_low,0,0,65535_65535,0,3,27691,771,1,1,0,17,0,28,1,1,pre_allocation
6,3206,greenran_low,0,0,65535_65535,0,3,27691,816,1,1,1,18,816,28,1,1,allocated
6,3206,greenran_low,0,0,65535_65535,0,4,27691,333,1,1,0,17,0,16,1,1,pre_allocation
6,3206,greenran_low,0,0,65535_65535,0,4,27691,353,1,1,1,18,353,16,1,1,allocated
6,3206,greenran_low,0,0,65535_65535,0,5,27691,771,1,1,0,17,0,28,1,1,pre_allocation
6,3206,greenran_low,0,0,65535_65535,0,5,27691,816,1,1,1,18,816,28,1,1,allocated
6,3206,greenran_low,0,0,65535_65535,0,1,27667,543,1,1,0,17,0,22,1,1,pre_allocation
6,3206,greenran_low,0,0,65535_65535,0,1,27667,576,1,1,1,18,576,22,1,1,allocated
6,3206,greenran_low,0,0,65535_65535,0,2,27667,771,1,1,0,17,0,28,1,1,pre_allocation
6,3206,greenran_low,0,0,65535_65535,0,2,27667,816,1,1,1,18,816,28,1,1,allocated
6,3206,greenran_low,0,0,65535_65535,0,3,27691,816,1,1,0,18,0,28,1,1,pre_allocation
6,3206,greenran_low,0,0,65535_65535,0,3,27691,862,1,1,1,19,862,28,1,1,allocated
6,3206,greenran_low,0,0,65535_65535,0,4,27691,353,1,1,0,18,0,16,1,1,pre_allocation
6,3206,greenran_low,0,0,65535_65535,0,4,27691,373,1,1,1,19,373,16,1,1,allocated
6,3206,greenran_low,0,0,65535_65535,0,5,27691,816,1,1,0,18,0,28,1,1,pre_allocation
6,3206,greenran_low,0,0,65535_65535,0,5,27691,862,1,1,1,19,862,28,1,1,allocated
6,3206,greenran_low,0,0,65535_65535,0,1,27667,576,1,1,0,18,0,22,1,1,pre_allocation
6,3206,greenran_low,0,0,65535_65535,0,1,27667,608,1,1,1,19,608,22,1,1,allocated
6,3206,greenran_low,0,0,65535_65535,0,2,27667,816,1,1,0,18,0,28,1,1,pre_allocation
6,3206,greenran_low,0,0,65535_65535,0,2,27667,862,1,1,1,19,862,28,1,1,allocated
6,3206,greenran_low,0,0,65535_65535,0,3,27691,862,1,1,0,19,0,28,1,1,pre_allocation
6,3206,greenran_low,0,0,65535_65535,0,3,27691,907,1,1,1,20,907,28,1,1,allocated
6,3206,greenran_low,0,0,65535_65535,0,4,27691,373,1,1,0,19,0,16,1,1,pre_allocation
6,3206,greenran_low,0,0,65535_65535,0,4,27691,393,1,1,1,20,393,16,1,1,allocated
6,3206,greenran_low,0,0,65535_65535,0,5,27691,862,1,1,0,19,0,28,1,1,pre_allocation
6,3206,greenran_low,0,0,65535_65535,0,5,27691,907,1,1,1,20,907,28,1,1,allocated
6,3206,greenran_low,0,0,65535_65535,0,1,27667,608,1,1,0,19,0,22,1,1,pre_allocation
6,3206,greenran_low,0,0,65535_65535,0,1,27667,640,1,1,1,20,640,22,1,1,allocated
6,3206,greenran_low,0,0,65535_65535,0,2,27667,862,1,1,0,19,0,28,1,1,pre_allocation
6,3206,greenran_low,0,0,65535_65535,0,2,27667,907,1,1,1,20,907,28,1,1,allocated
6,3206,greenran_low,0,0,65535_65535,0,3,27691,907,1,1,0,20,0,28,1,1,pre_allocation
6,3206,greenran_low,0,0,65535_65535,0,3,27691,953,1,1,1,21,953,28,1,1,allocated
6,3206,greenran_low,0,0,65535_65535,0,4,27691,393,1,1,0,20,0,16,1,1,pre_allocation
6,3206,greenran_low,0,0,65535_65535,0,4,27691,412,1,1,1,21,412,16,1,1,allocated
6,3206,greenran_low,0,0,65535_65535,0,5,27691,907,1,1,0,20,0,28,1,1,pre_allocation
6,3206,greenran_low,0,0,65535_65535,0,5,27691,953,1,1,1,21,953,28,1,1,allocated
6,3206,greenran_low,0,0,65535_65535,0,1,27667,640,1,1,0,20,0,22,1,1,pre_allocation
6,3206,greenran_low,0,0,65535_65535,0,1,27667,672,1,1,1,21,672,22,1,1,allocated
6,3206,greenran_low,0,0,65535_65535,0,2,27667,907,1,1,0,20,0,28,1,1,pre_allocation
6,3206,greenran_low,0,0,65535_65535,0,2,27667,953,1,1,1,21,953,28,1,1,allocated
6,3206,greenran_low,0,0,65535_65535,0,3,27691,953,1,1,0,21,0,28,1,1,pre_allocation
6,3206,greenran_low,0,0,65535_65535,0,3,27691,998,1,1,1,22,998,28,1,1,allocated
6,3206,greenran_low,0,0,65535_65535,0,4,27691,412,1,1,0,21,0,16,1,1,pre_allocation
6,3206,greenran_low,0,0,65535_65535,0,4,27691,432,1,1,1,22,432,16,1,1,allocated
6,3206,greenran_low,0,0,65535_65535,0,5,27691,953,1,1,0,21,0,28,1,1,pre_allocation
6,3206,greenran_low,0,0,65535_65535,0,5,27691,998,1,1,1,22,998,28,1,1,allocated
6,3206,greenran_low,0,0,65535_65535,0,1,27667,672,1,1,0,21,0,22,1,1,pre_allocation
6,3206,greenran_low,0,0,65535_65535,0,1,27667,704,1,1,1,22,704,22,1,1,allocated
6,3206,greenran_low,0,0,65535_65535,0,2,27667,953,1,1,0,21,0,28,1,1,pre_allocation
6,3206,greenran_low,0,0,65535_65535,0,2,27667,998,1,1,1,22,998,28,1,1,allocated
6,3206,greenran_low,0,0,65535_65535,0,3,27691,998,1,1,0,22,0,28,1,1,pre_allocation
6,3206,greenran_low,0,0,65535_65535,0,3,27691,1044,1,1,1,23,1044,28,1,1,allocated
6,3206,greenran_low,0,0,65535_65535,0,4,27691,432,1,1,0,22,0,16,1,1,pre_allocation
6,3206,greenran_low,0,0,65535_65535,0,4,27691,452,1,1,1,23,452,16,1,1,allocated
6,3206,greenran_low,0,0,65535_65535,0,5,27691,998,1,1,0,22,0,28,1,1,pre_allocation
6,3206,greenran_low,0,0,65535_65535,0,5,27691,1044,1,1,1,23,1044,28,1,1,allocated
6,3206,greenran_low,0,0,65535_65535,0,1,27667,704,1,1,0,22,0,22,1,1,pre_allocation
6,3206,greenran_low,0,0,65535_65535,0,1,27667,737,1,1,1,23,737,22,1,1,allocated
6,3206,greenran_low,0,0,65535_65535,0,2,27667,998,1,1,0,22,0,28,1,1,pre_allocation
6,3206,greenran_low,0,0,65535_65535,0,2,27667,1044,1,1,1,23,1044,28,1,1,allocated
6,3206,greenran_low,0,0,65535_65535,0,3,27691,1044,1,1,0,23,0,28,1,1,pre_allocation
6,3206,greenran_low,0,0,65535_65535,0,3,27691,1089,1,1,1,24,1089,28,1,1,allocated
6,3206,greenran_low,0,0,65535_65535,0,4,27691,452,1,1,0,23,0,16,1,1,pre_allocation
6,3206,greenran_low,0,0,65535_65535,0,4,27691,472,1,1,1,24,472,16,1,1,allocated
6,3206,greenran_low,0,0,65535_65535,0,5,27691,1044,1,1,0,23,0,28,1,1,pre_allocation
6,3206,greenran_low,0,0,65535_65535,0,5,27691,1089,1,1,1,24,1089,28,1,1,allocated
6,3206,greenran_low,0,0,65535_65535,0,1,27667,737,1,1,0,23,0,22,1,1,pre_allocation
6,3206,greenran_low,0,0,65535_65535,0,1,27667,769,1,1,1,24,769,22,1,1,allocated
6,3206,greenran_low,0,0,65535_65535,0,2,27667,1044,1,1,0,23,0,28,1,1,pre_allocation
6,3206,greenran_low,0,0,65535_65535,0,2,27667,1089,1,1,1,24,1089,28,1,1,allocated
6,3206,greenran_low,0,0,65535_65535,0,3,27691,1089,1,1,0,24,0,28,1,1,pre_allocation
6,3206,greenran_low,0,0,65535_65535,0,3,27691,1135,1,1,1,25,1135,28,1,1,allocated
6,3206,greenran_low,0,0,65535_65535,0,4,27691,472,1,1,0,24,0,16,1,1,pre_allocation
6,3206,greenran_low,0,0,65535_65535,0,4,27691,492,1,1,1,25,492,16,1,1,allocated
6,3206,greenran_low,0,0,65535_65535,0,5,27691,1089,1,1,0,24,0,28,1,1,pre_allocation
6,3206,greenran_low,0,0,65535_65535,0,5,27691,1135,1,1,1,25,1135,28,1,1,allocated
6,3206,greenran_low,0,0,65535_65535,0,1,27667,769,1,1,0,24,0,22,1,1,pre_allocation
6,3206,greenran_low,0,0,65535_65535,0,1,27667,801,1,1,1,25,801,22,1,1,allocated
6,3206,greenran_low,0,0,65535_65535,0,2,27667,1089,1,1,0,24,0,28,1,1,pre_allocation
6,3206,greenran_low,0,0,65535_65535,0,2,27667,1135,1,1,1,25,1135,28,1,1,allocated
6,3206,greenran_low,0,0,65535_65535,0,3,27691,1135,1,1,0,25,0,28,1,1,pre_allocation
6,3206,greenran_low,0,0,65535_65535,0,3,27691,1181,1,1,1,26,1181,28,1,1,allocated
6,3206,greenran_low,0,0,65535_65535,0,4,27691,492,1,1,0,25,0,16,1,1,pre_allocation
6,3206,greenran_low,0,0,65535_65535,0,4,27691,511,1,1,1,26,511,16,1,1,allocated
6,3206,greenran_low,0,0,65535_65535,0,5,27691,1135,1,1,0,25,0,28,1,1,pre_allocation
6,3206,greenran_low,0,0,65535_65535,0,5,27691,1181,1,1,1,26,1181,28,1,1,allocated
6,3206,greenran_low,0,0,65535_65535,0,1,27667,801,1,1,0,25,0,22,1,1,pre_allocation
6,3206,greenran_low,0,0,65535_65535,0,1,27667,833,1,1,1,26,833,22,1,1,allocated
6,3206,greenran_low,0,0,65535_65535,0,2,27667,1135,1,1,0,25,0,28,1,1,pre_allocation
6,3206,greenran_low,0,0,65535_65535,0,2,27667,1181,1,1,1,26,1181,28,1,1,allocated
6,3206,greenran_low,0,0,65535_65535,0,3,27691,1181,1,1,0,26,0,28,1,1,pre_allocation
6,3206,greenran_low,0,0,65535_65535,0,3,27691,1226,1,1,1,27,1226,28,1,1,allocated
6,3206,greenran_low,0,0,65535_65535,0,4,27691,511,1,1,0,26,0,16,1,1,pre_allocation
6,3206,greenran_low,0,0,65535_65535,0,4,27691,531,1,1,1,27,531,16,1,1,allocated
6,3206,greenran_low,0,0,65535_65535,0,5,27691,1181,1,1,0,26,0,28,1,1,pre_allocation
6,3206,greenran_low,0,0,65535_65535,0,5,27691,1226,1,1,1,27,1226,28,1,1,allocated
6,3206,greenran_low,0,0,65535_65535,0,1,27667,833,1,1,0,26,0,22,1,1,pre_allocation
6,3206,greenran_low,0,0,65535_65535,0,1,27667,865,1,1,1,27,865,22,1,1,allocated
6,3206,greenran_low,0,0,65535_65535,0,2,27667,1181,1,1,0,26,0,28,1,1,pre_allocation
6,3206,greenran_low,0,0,65535_65535,0,2,27667,1226,1,1,1,27,1226,28,1,1,allocated
6,3206,greenran_low,0,0,65535_65535,0,3,27691,1226,1,1,0,27,0,28,1,1,pre_allocation
6,3206,greenran_low,0,0,65535_65535,0,3,27691,1272,1,1,1,28,1272,28,1,1,allocated
6,3206,greenran_low,0,0,65535_65535,0,4,27691,531,1,1,0,27,0,16,1,1,pre_allocation
6,3206,greenran_low,0,0,65535_65535,0,4,27691,551,1,1,1,28,551,16,1,1,allocated
6,3206,greenran_low,0,0,65535_65535,0,5,27691,1226,1,1,0,27,0,28,1,1,pre_allocation
6,3206,greenran_low,0,0,65535_65535,0,5,27691,1272,1,1,1,28,1272,28,1,1,allocated
6,3206,greenran_low,0,0,65535_65535,0,1,27667,865,1,1,0,27,0,22,1,1,pre_allocation
6,3206,greenran_low,0,0,65535_65535,0,1,27667,897,1,1,1,28,897,22,1,1,allocated
6,3206,greenran_low,0,0,65535_65535,0,2,27667,1226,1,1,0,27,0,28,1,1,pre_allocation
6,3206,greenran_low,0,0,65535_65535,0,2,27667,1272,1,1,1,28,1272,28,1,1,allocated
6,3206,greenran_low,0,0,65535_65535,0,3,27691,1272,1,1,0,28,0,28,1,1,pre_allocation
6,3206,greenran_low,0,0,65535_65535,0,3,27691,1317,1,1,1,29,1317,28,1,1,allocated
6,3206,greenran_low,0,0,65535_65535,0,4,27691,551,1,1,0,28,0,16,1,1,pre_allocation
6,3206,greenran_low,0,0,65535_65535,0,4,27691,571,1,1,1,29,571,16,1,1,allocated
6,3206,greenran_low,0,0,65535_65535,0,5,27691,1272,1,1,0,28,0,28,1,1,pre_allocation
6,3206,greenran_low,0,0,65535_65535,0,5,27691,1317,1,1,1,29,1317,28,1,1,allocated
6,3206,greenran_low,0,0,65535_65535,0,1,27667,897,1,1,0,28,0,22,1,1,pre_allocation
6,3206,greenran_low,0,0,65535_65535,0,1,27667,930,1,1,1,29,930,22,1,1,allocated
6,3206,greenran_low,0,0,65535_65535,0,2,27667,1272,1,1,0,28,0,28,1,1,pre_allocation
6,3206,greenran_low,0,0,65535_65535,0,2,27667,1317,1,1,1,29,1317,28,1,1,allocated
6,3206,greenran_low,0,0,65535_65535,0,3,27691,1317,1,1,0,29,0,28,1,1,pre_allocation
6,3206,greenran_low,0,0,65535_65535,0,3,27691,1363,1,1,1,30,1363,28,1,1,allocated
6,3206,greenran_low,0,0,65535_65535,0,4,27691,571,1,1,0,29,0,16,1,1,pre_allocation
6,3206,greenran_low,0,0,65535_65535,0,4,27691,591,1,1,1,30,591,16,1,1,allocated
6,3206,greenran_low,0,0,65535_65535,0,5,27691,1317,1,1,0,29,0,28,1,1,pre_allocation
6,3206,greenran_low,0,0,65535_65535,0,5,27691,1363,1,1,1,30,1363,28,1,1,allocated
6,3206,greenran_low,0,0,65535_65535,0,1,27667,930,1,1,0,29,0,22,1,1,pre_allocation
6,3206,greenran_low,0,0,65535_65535,0,1,27667,962,1,1,1,30,962,22,1,1,allocated
6,3206,greenran_low,0,0,65535_65535,0,2,27667,1317,1,1,0,29,0,28,1,1,pre_allocation
6,3206,greenran_low,0,0,65535_65535,0,2,27667,1363,1,1,1,30,1363,28,1,1,allocated
6,3206,greenran_low,0,0,65535_65535,0,3,27691,1363,1,1,0,30,0,28,1,1,pre_allocation
6,3206,greenran_low,0,0,65535_65535,0,3,27691,1408,1,1,1,31,1408,28,1,1,allocated
6,3206,greenran_low,0,0,65535_65535,0,4,27691,591,1,1,0,30,0,16,1,1,pre_allocation
6,3206,greenran_low,0,0,65535_65535,0,4,27691,610,1,1,1,31,610,16,1,1,allocated
6,3206,greenran_low,0,0,65535_65535,0,5,27691,1363,1,1,0,30,0,28,1,1,pre_allocation
6,3206,greenran_low,0,0,65535_65535,0,5,27691,1408,1,1,1,31,1408,28,1,1,allocated
6,3206,greenran_low,0,0,65535_65535,0,1,27667,962,1,1,0,30,0,22,1,1,pre_allocation
6,3206,greenran_low,0,0,65535_65535,0,1,27667,994,1,1,1,31,994,22,1,1,allocated
6,3206,greenran_low,0,0,65535_65535,0,2,27667,1363,1,1,0,30,0,28,1,1,pre_allocation
6,3206,greenran_low,0,0,65535_65535,0,2,27667,1408,1,1,1,31,1408,28,1,1,allocated
6,3206,greenran_low,0,0,65535_65535,0,3,27691,1408,1,1,0,31,0,28,1,1,pre_allocation
6,3206,greenran_low,0,0,65535_65535,0,3,27691,1454,1,1,1,32,1454,28,1,1,allocated
6,3206,greenran_low,0,0,65535_65535,0,4,27691,610,1,1,0,31,0,16,1,1,pre_allocation
6,3206,greenran_low,0,0,65535_65535,0,4,27691,630,1,1,1,32,630,16,1,1,allocated
6,3206,greenran_low,0,0,65535_65535,0,5,27691,1408,1,1,0,31,0,28,1,1,pre_allocation
6,3206,greenran_low,0,0,65535_65535,0,5,27691,1454,1,1,1,32,1454,28,1,1,allocated
6,3206,greenran_low,0,0,65535_65535,0,1,27667,994,1,1,0,31,0,22,1,1,pre_allocation
6,3206,greenran_low,0,0,65535_65535,0,1,27667,1026,1,1,1,32,1026,22,1,1,allocated
6,3206,greenran_low,0,0,65535_65535,0,2,27667,1408,1,1,0,31,0,28,1,1,pre_allocation
6,3206,greenran_low,0,0,65535_65535,0,2,27667,1454,1,1,1,32,1454,28,1,1,allocated
6,3206,greenran_low,0,0,65535_65535,0,3,27691,1454,1,1,0,32,0,28,1,1,pre_allocation
6,3206,greenran_low,0,0,65535_65535,0,3,27691,1499,1,1,1,33,1499,28,1,1,allocated
6,3206,greenran_low,0,0,65535_65535,0,4,27691,630,1,1,0,32,0,16,1,1,pre_allocation
6,3206,greenran_low,0,0,65535_65535,0,4,27691,650,1,1,1,33,650,16,1,1,allocated
6,3206,greenran_low,0,0,65535_65535,0,5,27691,1454,1,1,0,32,0,28,1,1,pre_allocation
6,3206,greenran_low,0,0,65535_65535,0,5,27691,1499,1,1,1,33,1499,28,1,1,allocated
6,3206,greenran_low,0,0,65535_65535,0,1,27667,1026,1,1,0,32,0,22,1,1,pre_allocation
6,3206,greenran_low,0,0,65535_65535,0,1,27667,1058,1,1,1,33,1058,22,1,1,allocated
6,3206,greenran_low,0,0,65535_65535,0,2,27667,1454,1,1,0,32,0,28,1,1,pre_allocation
6,3206,greenran_low,0,0,65535_65535,0,2,27667,1499,1,1,1,33,1499,28,1,1,allocated
6,3206,greenran_low,0,0,65535_65535,0,3,27691,1499,1,1,0,33,0,28,1,1,pre_allocation
6,3206,greenran_low,0,0,65535_65535,0,3,27691,1542,1,1,1,34,1542,28,1,1,allocated
6,3206,greenran_low,0,0,65535_65535,0,4,27691,650,1,1,0,33,0,16,1,1,pre_allocation
6,3206,greenran_low,0,0,65535_65535,0,4,27691,670,1,1,1,34,670,16,1,1,allocated
6,3206,greenran_low,0,0,65535_65535,0,5,27691,1499,1,1,0,33,0,28,1,1,pre_allocation
6,3206,greenran_low,0,0,65535_65535,0,5,27691,1542,1,1,1,34,1542,28,1,1,allocated
6,3206,greenran_low,0,0,65535_65535,0,1,27667,1058,1,1,0,33,0,22,1,1,pre_allocation
6,3206,greenran_low,0,0,65535_65535,0,1,27667,1090,1,1,1,34,1090,22,1,1,allocated
6,3206,greenran_low,0,0,65535_65535,0,2,27667,1499,1,1,0,33,0,28,1,1,pre_allocation
6,3206,greenran_low,0,0,65535_65535,0,2,27667,1542,1,1,1,34,1542,28,1,1,allocated
6,3206,greenran_low,0,0,65535_65535,0,3,27691,1542,1,1,0,34,0,28,1,1,pre_allocation
6,3206,greenran_low,0,0,65535_65535,0,3,27691,1587,1,1,1,35,1587,28,1,1,allocated
6,3206,greenran_low,0,0,65535_65535,0,4,27691,670,1,1,0,34,0,16,1,1,pre_allocation
6,3206,greenran_low,0,0,65535_65535,0,4,27691,690,1,1,1,35,690,16,1,1,allocated
6,3206,greenran_low,0,0,65535_65535,0,5,27691,1542,1,1,0,34,0,28,1,1,pre_allocation
6,3206,greenran_low,0,0,65535_65535,0,5,27691,1587,1,1,1,35,1587,28,1,1,allocated
6,3206,greenran_low,0,0,65535_65535,0,1,27667,1090,1,1,0,34,0,22,1,1,pre_allocation
6,3206,greenran_low,0,0,65535_65535,0,1,27667,1123,1,1,1,35,1123,22,1,1,allocated
6,3206,greenran_low,0,0,65535_65535,0,2,27667,1542,1,1,0,34,0,28,1,1,pre_allocation
6,3206,greenran_low,0,0,65535_65535,0,2,27667,1587,1,1,1,35,1587,28,1,1,allocated
6,3206,greenran_low,0,0,65535_65535,0,3,27691,1587,1,1,0,35,0,28,1,1,pre_allocation
6,3206,greenran_low,0,0,65535_65535,0,3,27691,1633,1,1,1,36,1633,28,1,1,allocated
6,3206,greenran_low,0,0,65535_65535,0,4,27691,690,1,1,0,35,0,16,1,1,pre_allocation
6,3206,greenran_low,0,0,65535_65535,0,4,27691,709,1,1,1,36,709,16,1,1,allocated
6,3206,greenran_low,0,0,65535_65535,0,5,27691,1587,1,1,0,35,0,28,1,1,pre_allocation
6,3206,greenran_low,0,0,65535_65535,0,5,27691,1633,1,1,1,36,1633,28,1,1,allocated
6,3206,greenran_low,0,0,65535_65535,0,1,27667,1123,1,1,0,35,0,22,1,1,pre_allocation
6,3206,greenran_low,0,0,65535_65535,0,1,27667,1155,1,1,1,36,1155,22,1,1,allocated
6,3206,greenran_low,0,0,65535_65535,0,2,27667,1587,1,1,0,35,0,28,1,1,pre_allocation
6,3206,greenran_low,0,0,65535_65535,0,2,27667,1633,1,1,1,36,1633,28,1,1,allocated
6,3206,greenran_low,0,0,65535_65535,0,3,27691,1633,1,1,0,36,0,28,1,1,pre_allocation
6,3206,greenran_low,0,0,65535_65535,0,3,27691,1678,1,1,1,37,1678,28,1,1,allocated
6,3206,greenran_low,0,0,65535_65535,0,4,27691,709,1,1,0,36,0,16,1,1,pre_allocation
6,3206,greenran_low,0,0,65535_65535,0,4,27691,729,1,1,1,37,729,16,1,1,allocated
6,3206,greenran_low,0,0,65535_65535,0,5,27691,1633,1,1,0,36,0,28,1,1,pre_allocation
6,3206,greenran_low,0,0,65535_65535,0,5,27691,1678,1,1,1,37,1678,28,1,1,allocated
6,3206,greenran_low,0,0,65535_65535,0,1,27667,1155,1,1,0,36,0,22,1,1,pre_allocation
6,3206,greenran_low,0,0,65535_65535,0,1,27667,1187,1,1,1,37,1187,22,1,1,allocated
6,3206,greenran_low,0,0,65535_65535,0,2,27667,1633,1,1,0,36,0,28,1,1,pre_allocation
6,3206,greenran_low,0,0,65535_65535,0,2,27667,1678,1,1,1,37,1678,28,1,1,allocated
6,3206,greenran_low,0,0,65535_65535,0,3,27691,1678,1,1,0,37,0,28,1,1,pre_allocation
6,3206,greenran_low,0,0,65535_65535,0,3,27691,1724,1,1,1,38,1724,28,1,1,allocated
6,3206,greenran_low,0,0,65535_65535,0,4,27691,729,1,1,0,37,0,16,1,1,pre_allocation
6,3206,greenran_low,0,0,65535_65535,0,4,27691,749,1,1,1,38,749,16,1,1,allocated
6,3206,greenran_low,0,0,65535_65535,0,5,27691,1678,1,1,0,37,0,28,1,1,pre_allocation
6,3206,greenran_low,0,0,65535_65535,0,5,27691,1724,1,1,1,38,1724,28,1,1,allocated
6,3206,greenran_low,0,0,65535_65535,0,1,27667,1187,1,1,0,37,0,22,1,1,pre_allocation
6,3206,greenran_low,0,0,65535_65535,0,1,27667,1219,1,1,1,38,1219,22,1,1,allocated
6,3206,greenran_low,0,0,65535_65535,0,2,27667,1678,1,1,0,37,0,28,1,1,pre_allocation
6,3206,greenran_low,0,0,65535_65535,0,2,27667,1724,1,1,1,38,1724,28,1,1,allocated
6,3206,greenran_low,0,0,65535_65535,0,3,27691,1724,1,1,0,38,0,28,1,1,pre_allocation
6,3206,greenran_low,0,0,65535_65535,0,3,27691,1770,1,1,1,39,1770,28,1,1,allocated
6,3206,greenran_low,0,0,65535_65535,0,4,27691,749,1,1,0,38,0,16,1,1,pre_allocation
6,3206,greenran_low,0,0,65535_65535,0,4,27691,769,1,1,1,39,769,16,1,1,allocated
6,3206,greenran_low,0,0,65535_65535,0,5,27691,1724,1,1,0,38,0,28,1,1,pre_allocation
6,3206,greenran_low,0,0,65535_65535,0,5,27691,1770,1,1,1,39,1770,28,1,1,allocated
6,3206,greenran_low,0,0,65535_65535,0,1,27667,1219,1,1,0,38,0,22,1,1,pre_allocation
6,3206,greenran_low,0,0,65535_65535,0,1,27667,1251,1,1,1,39,1251,22,1,1,allocated
6,3206,greenran_low,0,0,65535_65535,0,2,27667,1724,1,1,0,38,0,28,1,1,pre_allocation
6,3206,greenran_low,0,0,65535_65535,0,2,27667,1770,1,1,1,39,1770,28,1,1,allocated
6,3206,greenran_low,0,0,65535_65535,0,3,27691,1770,1,1,0,39,0,28,1,1,pre_allocation
6,3206,greenran_low,0,0,65535_65535,0,3,27691,1815,1,1,1,40,1815,28,1,1,allocated
6,3206,greenran_low,0,0,65535_65535,0,4,27691,769,1,1,0,39,0,16,1,1,pre_allocation
6,3206,greenran_low,0,0,65535_65535,0,4,27691,789,1,1,1,40,789,16,1,1,allocated
6,3206,greenran_low,0,0,65535_65535,0,5,27691,1770,1,1,0,39,0,28,1,1,pre_allocation
6,3206,greenran_low,0,0,65535_65535,0,5,27691,1815,1,1,1,40,1815,28,1,1,allocated
6,3206,greenran_low,0,0,65535_65535,0,1,27667,1251,1,1,0,39,0,22,1,1,pre_allocation
6,3206,greenran_low,0,0,65535_65535,0,1,27667,1284,1,1,1,40,1284,22,1,1,allocated
6,3206,greenran_low,0,0,65535_65535,0,2,27667,1770,1,1,0,39,0,28,1,1,pre_allocation
6,3206,greenran_low,0,0,65535_65535,0,2,27667,1815,1,1,1,40,1815,28,1,1,allocated
6,3206,greenran_low,0,0,65535_65535,0,3,27691,1815,1,1,0,40,0,28,1,1,pre_allocation
6,3206,greenran_low,0,0,65535_65535,0,3,27691,1861,1,1,1,41,1861,28,1,1,allocated
6,3206,greenran_low,0,0,65535_65535,0,4,27691,789,1,1,0,40,0,16,1,1,pre_allocation
6,3206,greenran_low,0,0,65535_65535,0,4,27691,808,1,1,1,41,808,16,1,1,allocated
6,3206,greenran_low,0,0,65535_65535,0,5,27691,1815,1,1,0,40,0,28,1,1,pre_allocation
6,3206,greenran_low,0,0,65535_65535,0,5,27691,1861,1,1,1,41,1861,28,1,1,allocated
6,3206,greenran_low,0,0,65535_65535,0,1,27667,1284,1,1,0,40,0,22,1,1,pre_allocation
6,3206,greenran_low,0,0,65535_65535,0,1,27667,1316,1,1,1,41,1316,22,1,1,allocated
6,3206,greenran_low,0,0,65535_65535,0,2,27667,1815,1,1,0,40,0,28,1,1,pre_allocation
6,3206,greenran_low,0,0,65535_65535,0,2,27667,1861,1,1,1,41,1861,28,1,1,allocated
6,3206,greenran_low,0,0,65535_65535,0,3,27691,1861,1,1,0,41,0,28,1,1,pre_allocation
6,3206,greenran_low,0,0,65535_65535,0,3,27691,1906,1,1,1,42,1906,28,1,1,allocated
6,3206,greenran_low,0,0,65535_65535,0,4,27691,808,1,1,0,41,0,16,1,1,pre_allocation
6,3206,greenran_low,0,0,65535_65535,0,4,27691,828,1,1,1,42,828,16,1,1,allocated
6,3206,greenran_low,0,0,65535_65535,0,5,27691,1861,1,1,0,41,0,28,1,1,pre_allocation
6,3206,greenran_low,0,0,65535_65535,0,5,27691,1906,1,1,1,42,1906,28,1,1,allocated
6,3206,greenran_low,0,0,65535_65535,0,1,27667,1316,1,1,0,41,0,22,1,1,pre_allocation
6,3206,greenran_low,0,0,65535_65535,0,1,27667,1348,1,1,1,42,1348,22,1,1,allocated
6,3206,greenran_low,0,0,65535_65535,0,2,27667,1861,1,1,0,41,0,28,1,1,pre_allocation
6,3206,greenran_low,0,0,65535_65535,0,2,27667,1906,1,1,1,42,1906,28,1,1,allocated
6,3206,greenran_low,0,0,65535_65535,0,3,27691,1906,1,1,0,42,0,28,1,1,pre_allocation
6,3206,greenran_low,0,0,65535_65535,0,3,27691,1952,1,1,1,43,1952,28,1,1,allocated
6,3206,greenran_low,0,0,65535_65535,0,4,27691,828,1,1,0,42,0,16,1,1,pre_allocation
6,3206,greenran_low,0,0,65535_65535,0,4,27691,848,1,1,1,43,848,16,1,1,allocated
6,3206,greenran_low,0,0,65535_65535,0,5,27691,1906,1,1,0,42,0,28,1,1,pre_allocation
6,3206,greenran_low,0,0,65535_65535,0,5,27691,1952,1,1,1,43,1952,28,1,1,allocated
6,3206,greenran_low,0,0,65535_65535,0,1,27667,1348,1,1,0,42,0,22,1,1,pre_allocation
6,3206,greenran_low,0,0,65535_65535,0,1,27667,1380,1,1,1,43,1380,22,1,1,allocated
6,3206,greenran_low,0,0,65535_65535,0,2,27667,1906,1,1,0,42,0,28,1,1,pre_allocation
6,3206,greenran_low,0,0,65535_65535,0,2,27667,1952,1,1,1,43,1952,28,1,1,allocated
6,3206,greenran_low,0,0,65535_65535,0,3,27691,1952,1,1,0,43,0,28,1,1,pre_allocation
6,3206,greenran_low,0,0,65535_65535,0,3,27691,1997,1,1,1,44,1997,28,1,1,allocated
6,3206,greenran_low,0,0,65535_65535,0,4,27691,848,1,1,0,43,0,16,1,1,pre_allocation
6,3206,greenran_low,0,0,65535_65535,0,4,27691,868,1,1,1,44,868,16,1,1,allocated
6,3206,greenran_low,0,0,65535_65535,0,5,27691,1952,1,1,0,43,0,28,1,1,pre_allocation
6,3206,greenran_low,0,0,65535_65535,0,5,27691,1997,1,1,1,44,1997,28,1,1,allocated
6,3206,greenran_low,0,0,65535_65535,0,1,27667,1380,1,1,0,43,0,22,1,1,pre_allocation
6,3206,greenran_low,0,0,65535_65535,0,1,27667,1412,1,1,1,44,1412,22,1,1,allocated
6,3206,greenran_low,0,0,65535_65535,2,23,1724882,0,1,1,0,0,0,2,1,1,pre_allocation
6,3206,greenran_low,0,0,65535_65535,2,23,1724882,1,1,1,1,1,1,2,1,1,allocated
6,3206,greenran_low,0,0,65535_65535,2,21,1723714,0,1,1,0,0,0,24,1,1,pre_allocation
6,3206,greenran_low,0,0,65535_65535,2,21,1723714,34,1,1,1,1,34,24,1,1,allocated
6,3206,greenran_low,0,0,65535_65535,2,24,1723714,0,1,1,0,0,0,26,1,1,pre_allocation
6,3206,greenran_low,0,0,65535_65535,2,24,1723714,39,1,1,1,1,39,26,1,1,allocated
6,3206,greenran_low,0,0,65535_65535,2,20,1723714,0,1,1,0,0,0,28,1,1,pre_allocation
6,3206,greenran_low,0,0,65535_65535,2,20,1723714,42,1,1,1,1,42,28,1,1,allocated
6,3206,greenran_low,0,0,65535_65535,2,22,1723738,0,1,1,0,0,0,28,1,1,pre_allocation
6,3206,greenran_low,0,0,65535_65535,2,22,1723738,42,1,1,1,1,42,28,1,1,allocated
6,3206,greenran_low,0,0,65535_65535,2,23,1724882,1,1,1,0,1,0,2,1,1,pre_allocation
6,3206,greenran_low,0,0,65535_65535,2,23,1724882,0,1,1,1,2,0,2,1,1,allocated
6,3206,greenran_low,0,0,65535_65535,2,21,1723714,34,1,1,0,1,0,24,1,1,pre_allocation
6,3206,greenran_low,0,0,65535_65535,2,21,1723714,71,1,1,1,2,71,24,1,1,allocated
6,3206,greenran_low,0,0,65535_65535,2,24,1723714,39,1,1,0,1,0,26,1,1,pre_allocation
6,3206,greenran_low,0,0,65535_65535,2,24,1723714,81,1,1,1,2,81,26,1,1,allocated
6,3206,greenran_low,0,0,65535_65535,2,20,1723714,42,1,1,0,1,0,28,1,1,pre_allocation
6,3206,greenran_low,0,0,65535_65535,2,20,1723714,88,1,1,1,2,88,28,1,1,allocated
6,3206,greenran_low,0,0,65535_65535,2,22,1723738,42,1,1,0,1,0,28,1,1,pre_allocation
6,3206,greenran_low,0,0,65535_65535,2,22,1723738,88,1,1,1,2,88,28,1,1,allocated
6,3206,greenran_low,0,0,65535_65535,2,23,1724882,0,1,1,0,2,0,2,1,1,pre_allocation
6,3206,greenran_low,0,0,65535_65535,2,23,1724882,2,1,1,1,3,2,2,1,1,allocated
6,3206,greenran_low,0,0,65535_65535,2,21,1723714,71,1,1,0,2,0,24,1,1,pre_allocation
6,3206,greenran_low,0,0,65535_65535,2,21,1723714,108,1,1,1,3,108,24,1,1,allocated
6,3206,greenran_low,0,0,65535_65535,2,24,1723714,81,1,1,0,2,0,26,1,1,pre_allocation
6,3206,greenran_low,0,0,65535_65535,2,24,1723714,123,1,1,1,3,123,26,1,1,allocated
6,3206,greenran_low,0,0,65535_65535,2,20,1723714,88,1,1,0,2,0,28,1,1,pre_allocation
6,3206,greenran_low,0,0,65535_65535,2,20,1723714,133,1,1,1,3,133,28,1,1,allocated
6,3206,greenran_low,0,0,65535_65535,2,22,1723738,88,1,1,0,2,0,28,1,1,pre_allocation
6,3206,greenran_low,0,0,65535_65535,2,22,1723738,133,1,1,1,3,133,28,1,1,allocated
6,3206,greenran_low,0,0,65535_65535,2,23,1724882,2,1,1,0,3,0,2,1,1,pre_allocation
6,3206,greenran_low,0,0,65535_65535,2,23,1724882,4,1,1,1,4,4,2,1,1,allocated
6,3206,greenran_low,0,0,65535_65535,2,21,1723714,108,1,1,0,3,0,24,1,1,pre_allocation
6,3206,greenran_low,0,0,65535_65535,2,21,1723714,145,1,1,1,4,145,24,1,1,allocated
6,3206,greenran_low,0,0,65535_65535,2,24,1723714,123,1,1,0,3,0,26,1,1,pre_allocation
6,3206,greenran_low,0,0,65535_65535,2,24,1723714,165,1,1,1,4,165,26,1,1,allocated
6,3206,greenran_low,0,0,65535_65535,2,20,1723714,133,1,1,0,3,0,28,1,1,pre_allocation
6,3206,greenran_low,0,0,65535_65535,2,20,1723714,179,1,1,1,4,179,28,1,1,allocated
6,3206,greenran_low,0,0,65535_65535,2,22,1723738,133,1,1,0,3,0,28,1,1,pre_allocation
6,3206,greenran_low,0,0,65535_65535,2,22,1723738,179,1,1,1,4,179,28,1,1,allocated
6,3206,greenran_low,0,0,65535_65535,2,23,1724882,4,1,1,0,4,0,2,1,1,pre_allocation
6,3206,greenran_low,0,0,65535_65535,2,23,1724882,6,1,1,1,5,6,2,1,1,allocated
6,3206,greenran_low,0,0,65535_65535,2,21,1723714,145,1,1,0,4,0,24,1,1,pre_allocation
6,3206,greenran_low,0,0,65535_65535,2,21,1723714,182,1,1,1,5,182,24,1,1,allocated
6,3206,greenran_low,0,0,65535_65535,2,24,1723714,165,1,1,0,4,0,26,1,1,pre_allocation
6,3206,greenran_low,0,0,65535_65535,2,24,1723714,207,1,1,1,5,207,26,1,1,allocated
6,3206,greenran_low,0,0,65535_65535,2,20,1723714,179,1,1,0,4,0,28,1,1,pre_allocation
6,3206,greenran_low,0,0,65535_65535,2,20,1723714,224,1,1,1,5,224,28,1,1,allocated
6,3206,greenran_low,0,0,65535_65535,2,22,1723738,179,1,1,0,4,0,28,1,1,pre_allocation
6,3206,greenran_low,0,0,65535_65535,2,22,1723738,224,1,1,1,5,224,28,1,1,allocated
6,3206,greenran_low,0,0,65535_65535,2,23,1724882,6,1,1,0,5,0,2,1,1,pre_allocation
6,3206,greenran_low,0,0,65535_65535,2,23,1724882,7,1,1,1,6,7,2,1,1,allocated
6,3206,greenran_low,0,0,65535_65535,2,21,1723714,182,1,1,0,5,0,24,1,1,pre_allocation
6,3206,greenran_low,0,0,65535_65535,2,21,1723714,219,1,1,1,6,219,24,1,1,allocated
6,3206,greenran_low,0,0,65535_65535,2,24,1723714,207,1,1,0,5,0,26,1,1,pre_allocation
6,3206,greenran_low,0,0,65535_65535,2,24,1723714,249,1,1,1,6,249,26,1,1,allocated
6,3206,greenran_low,0,0,65535_65535,2,20,1723714,224,1,1,0,5,0,28,1,1,pre_allocation
6,3206,greenran_low,0,0,65535_65535,2,20,1723714,270,1,1,1,6,270,28,1,1,allocated
6,3206,greenran_low,0,0,65535_65535,2,22,1723738,224,1,1,0,5,0,28,1,1,pre_allocation
6,3206,greenran_low,0,0,65535_65535,2,22,1723738,270,1,1,1,6,270,28,1,1,allocated
6,3206,greenran_low,0,0,65535_65535,2,23,1724882,7,1,1,0,6,0,2,1,1,pre_allocation
6,3206,greenran_low,0,0,65535_65535,2,23,1724882,9,1,1,1,7,9,2,1,1,allocated
6,3206,greenran_low,0,0,65535_65535,2,21,1723714,219,1,1,0,6,0,24,1,1,pre_allocation
6,3206,greenran_low,0,0,65535_65535,2,21,1723714,256,1,1,1,7,256,24,1,1,allocated
6,3206,greenran_low,0,0,65535_65535,2,24,1723714,249,1,1,0,6,0,26,1,1,pre_allocation
6,3206,greenran_low,0,0,65535_65535,2,24,1723714,291,1,1,1,7,291,26,1,1,allocated
6,3206,greenran_low,0,0,65535_65535,2,20,1723714,270,1,1,0,6,0,28,1,1,pre_allocation
6,3206,greenran_low,0,0,65535_65535,2,20,1723714,315,1,1,1,7,315,28,1,1,allocated
6,3206,greenran_low,0,0,65535_65535,2,22,1723738,270,1,1,0,6,0,28,1,1,pre_allocation
6,3206,greenran_low,0,0,65535_65535,2,22,1723738,315,1,1,1,7,315,28,1,1,allocated
6,3206,greenran_low,0,0,65535_65535,2,23,1724882,9,1,1,0,7,0,2,1,1,pre_allocation
6,3206,greenran_low,0,0,65535_65535,2,23,1724882,11,1,1,1,8,11,2,1,1,allocated
6,3206,greenran_low,0,0,65535_65535,2,21,1723714,256,1,1,0,7,0,24,1,1,pre_allocation
6,3206,greenran_low,0,0,65535_65535,2,21,1723714,294,1,1,1,8,294,24,1,1,allocated
6,3206,greenran_low,0,0,65535_65535,2,24,1723714,291,1,1,0,7,0,26,1,1,pre_allocation
6,3206,greenran_low,0,0,65535_65535,2,24,1723714,333,1,1,1,8,333,26,1,1,allocated
6,3206,greenran_low,0,0,65535_65535,2,20,1723714,315,1,1,0,7,0,28,1,1,pre_allocation
6,3206,greenran_low,0,0,65535_65535,2,20,1723714,361,1,1,1,8,361,28,1,1,allocated
6,3206,greenran_low,0,0,65535_65535,2,22,1723738,315,1,1,0,7,0,28,1,1,pre_allocation
6,3206,greenran_low,0,0,65535_65535,2,22,1723738,361,1,1,1,8,361,28,1,1,allocated
6,3206,greenran_low,0,0,65535_65535,2,23,1724882,11,1,1,0,8,0,2,1,1,pre_allocation
6,3206,greenran_low,0,0,65535_65535,2,23,1724882,13,1,1,1,9,13,2,1,1,allocated
6,3206,greenran_low,0,0,65535_65535,2,21,1723714,294,1,1,0,8,0,24,1,1,pre_allocation
6,3206,greenran_low,0,0,65535_65535,2,21,1723714,331,1,1,1,9,331,24,1,1,allocated
6,3206,greenran_low,0,0,65535_65535,2,24,1723714,333,1,1,0,8,0,26,1,1,pre_allocation
6,3206,greenran_low,0,0,65535_65535,2,24,1723714,375,1,1,1,9,375,26,1,1,allocated
6,3206,greenran_low,0,0,65535_65535,2,20,1723714,361,1,1,0,8,0,28,1,1,pre_allocation
6,3206,greenran_low,0,0,65535_65535,2,20,1723714,406,1,1,1,9,406,28,1,1,allocated
6,3206,greenran_low,0,0,65535_65535,2,22,1723738,361,1,1,0,8,0,28,1,1,pre_allocation
6,3206,greenran_low,0,0,65535_65535,2,22,1723738,406,1,1,1,9,406,28,1,1,allocated
6,3206,greenran_low,0,0,65535_65535,2,23,1724882,13,1,1,0,9,0,2,1,1,pre_allocation
6,3206,greenran_low,0,0,65535_65535,2,23,1724882,15,1,1,1,10,15,2,1,1,allocated
6,3206,greenran_low,0,0,65535_65535,2,21,1723714,331,1,1,0,9,0,24,1,1,pre_allocation
6,3206,greenran_low,0,0,65535_65535,2,21,1723714,368,1,1,1,10,368,24,1,1,allocated
8,4903,greenran_low,0,0,65535_65535,0,4,44348,0,1,1,0,0,0,15,1,1,pre_allocation
8,4903,greenran_low,0,0,65535_65535,0,4,44348,11,1,1,1,1,11,15,1,1,allocated
8,4903,greenran_low,0,0,65535_65535,0,1,43615,0,1,1,0,0,0,15,1,1,pre_allocation
8,4903,greenran_low,0,0,65535_65535,0,1,43615,11,1,1,1,1,11,15,1,1,allocated
8,4903,greenran_low,0,0,65535_65535,0,5,42670,0,1,1,0,0,0,15,1,1,pre_allocation
8,4903,greenran_low,0,0,65535_65535,0,5,42670,11,1,1,1,1,11,15,1,1,allocated
8,4903,greenran_low,0,0,65535_65535,0,2,42669,0,1,1,0,0,0,15,1,1,pre_allocation
8,4903,greenran_low,0,0,65535_65535,0,2,42669,11,1,1,1,1,11,15,1,1,allocated
8,4903,greenran_low,0,0,65535_65535,0,3,42648,0,1,1,0,0,0,15,1,1,pre_allocation
8,4903,greenran_low,0,0,65535_65535,0,3,42648,11,1,1,1,1,11,15,1,1,allocated
8,4903,greenran_low,0,0,65535_65535,0,4,44348,11,1,1,0,1,0,15,1,1,pre_allocation
8,4903,greenran_low,0,0,65535_65535,0,4,44348,26,1,1,1,2,26,15,1,1,allocated
8,4903,greenran_low,0,0,65535_65535,0,1,43615,11,1,1,0,1,0,15,1,1,pre_allocation
8,4903,greenran_low,0,0,65535_65535,0,1,43615,26,1,1,1,2,26,15,1,1,allocated
8,4903,greenran_low,0,0,65535_65535,0,5,42670,11,1,1,0,1,0,15,1,1,pre_allocation
8,4903,greenran_low,0,0,65535_65535,0,5,42670,26,1,1,1,2,26,15,1,1,allocated
8,4903,greenran_low,0,0,65535_65535,0,2,42669,11,1,1,0,1,0,15,1,1,pre_allocation
8,4903,greenran_low,0,0,65535_65535,0,2,42669,26,1,1,1,2,26,15,1,1,allocated
8,4903,greenran_low,0,0,65535_65535,0,3,42648,11,1,1,0,1,0,15,1,1,pre_allocation
8,4903,greenran_low,0,0,65535_65535,0,3,42648,26,1,1,1,2,26,15,1,1,allocated
8,4903,greenran_low,0,0,65535_65535,0,4,44348,26,1,1,0,2,0,15,1,1,pre_allocation
8,4903,greenran_low,0,0,65535_65535,0,4,44348,41,1,1,1,3,41,15,1,1,allocated
8,4903,greenran_low,0,0,65535_65535,0,1,43615,26,1,1,0,2,0,15,1,1,pre_allocation
8,4903,greenran_low,0,0,65535_65535,0,1,43615,41,1,1,1,3,41,15,1,1,allocated
8,4903,greenran_low,0,0,65535_65535,0,5,42670,26,1,1,0,2,0,15,1,1,pre_allocation
8,4903,greenran_low,0,0,65535_65535,0,5,42670,41,1,1,1,3,41,15,1,1,allocated
8,4903,greenran_low,0,0,65535_65535,0,2,42669,26,1,1,0,2,0,15,1,1,pre_allocation
8,4903,greenran_low,0,0,65535_65535,0,2,42669,41,1,1,1,3,41,15,1,1,allocated
8,4903,greenran_low,0,0,65535_65535,0,3,42648,26,1,1,0,2,0,15,1,1,pre_allocation
8,4903,greenran_low,0,0,65535_65535,0,3,42648,41,1,1,1,3,41,15,1,1,allocated
8,4903,greenran_low,0,0,65535_65535,0,4,44348,41,1,1,0,3,0,15,1,1,pre_allocation
8,4903,greenran_low,0,0,65535_65535,0,4,44348,56,1,1,1,4,56,15,1,1,allocated
8,4903,greenran_low,0,0,65535_65535,0,1,43615,41,1,1,0,3,0,15,1,1,pre_allocation
8,4903,greenran_low,0,0,65535_65535,0,1,43615,56,1,1,1,4,56,15,1,1,allocated
8,4903,greenran_low,0,0,65535_65535,0,5,42670,41,1,1,0,3,0,15,1,1,pre_allocation
8,4903,greenran_low,0,0,65535_65535,0,5,42670,56,1,1,1,4,56,15,1,1,allocated
8,4903,greenran_low,0,0,65535_65535,0,2,42669,41,1,1,0,3,0,15,1,1,pre_allocation
8,4903,greenran_low,0,0,65535_65535,0,2,42669,56,1,1,1,4,56,15,1,1,allocated
8,4903,greenran_low,0,0,65535_65535,0,3,42648,41,1,1,0,3,0,15,1,1,pre_allocation
8,4903,greenran_low,0,0,65535_65535,0,3,42648,56,1,1,1,4,56,15,1,1,allocated
8,4903,greenran_low,0,0,65535_65535,0,4,44348,56,1,1,0,4,0,15,1,1,pre_allocation
8,4903,greenran_low,0,0,65535_65535,0,4,44348,71,1,1,1,5,71,15,1,1,allocated
8,4903,greenran_low,0,0,65535_65535,0,1,43615,56,1,1,0,4,0,15,1,1,pre_allocation
8,4903,greenran_low,0,0,65535_65535,0,1,43615,71,1,1,1,5,71,15,1,1,allocated
8,4903,greenran_low,0,0,65535_65535,0,5,42670,56,1,1,0,4,0,15,1,1,pre_allocation
8,4903,greenran_low,0,0,65535_65535,0,5,42670,71,1,1,1,5,71,15,1,1,allocated
8,4903,greenran_low,0,0,65535_65535,0,2,42669,56,1,1,0,4,0,15,1,1,pre_allocation
8,4903,greenran_low,0,0,65535_65535,0,2,42669,71,1,1,1,5,71,15,1,1,allocated
8,4903,greenran_low,0,0,65535_65535,0,3,42648,56,1,1,0,4,0,15,1,1,pre_allocation
8,4903,greenran_low,0,0,65535_65535,0,3,42648,71,1,1,1,5,71,15,1,1,allocated
8,4903,greenran_low,0,0,65535_65535,0,4,44348,71,1,1,0,5,0,15,1,1,pre_allocation
8,4903,greenran_low,0,0,65535_65535,0,4,44348,86,1,1,1,6,86,15,1,1,allocated
8,4903,greenran_low,0,0,65535_65535,0,1,43615,71,1,1,0,5,0,15,1,1,pre_allocation
8,4903,greenran_low,0,0,65535_65535,0,1,43615,86,1,1,1,6,86,15,1,1,allocated
8,4903,greenran_low,0,0,65535_65535,0,5,42670,71,1,1,0,5,0,15,1,1,pre_allocation
8,4903,greenran_low,0,0,65535_65535,0,5,42670,86,1,1,1,6,86,15,1,1,allocated
8,4903,greenran_low,0,0,65535_65535,0,2,42669,71,1,1,0,5,0,15,1,1,pre_allocation
8,4903,greenran_low,0,0,65535_65535,0,2,42669,86,1,1,1,6,86,15,1,1,allocated
8,4903,greenran_low,0,0,65535_65535,0,3,42648,71,1,1,0,5,0,15,1,1,pre_allocation
8,4903,greenran_low,0,0,65535_65535,0,3,42648,86,1,1,1,6,86,15,1,1,allocated
8,4903,greenran_low,0,0,65535_65535,0,4,44348,86,1,1,0,6,0,15,1,1,pre_allocation
8,4903,greenran_low,0,0,65535_65535,0,4,44348,100,1,1,1,7,100,15,1,1,allocated
8,4903,greenran_low,0,0,65535_65535,0,1,43615,86,1,1,0,6,0,15,1,1,pre_allocation
8,4903,greenran_low,0,0,65535_65535,0,1,43615,100,1,1,1,7,100,15,1,1,allocated
8,4903,greenran_low,0,0,65535_65535,0,5,42670,86,1,1,0,6,0,15,1,1,pre_allocation
8,4903,greenran_low,0,0,65535_65535,0,5,42670,100,1,1,1,7,100,15,1,1,allocated
8,4903,greenran_low,0,0,65535_65535,0,2,42669,86,1,1,0,6,0,15,1,1,pre_allocation
8,4903,greenran_low,0,0,65535_65535,0,2,42669,100,1,1,1,7,100,15,1,1,allocated
8,4903,greenran_low,0,0,65535_65535,0,3,42648,86,1,1,0,6,0,15,1,1,pre_allocation
8,4903,greenran_low,0,0,65535_65535,0,3,42648,100,1,1,1,7,100,15,1,1,allocated
8,4903,greenran_low,0,0,65535_65535,0,4,44348,100,1,1,0,7,0,15,1,1,pre_allocation
8,4903,greenran_low,0,0,65535_65535,0,4,44348,115,1,1,1,8,115,15,1,1,allocated
8,4903,greenran_low,0,0,65535_65535,0,1,43615,100,1,1,0,7,0,15,1,1,pre_allocation
8,4903,greenran_low,0,0,65535_65535,0,1,43615,115,1,1,1,8,115,15,1,1,allocated
8,4903,greenran_low,0,0,65535_65535,0,5,42670,100,1,1,0,7,0,15,1,1,pre_allocation
8,4903,greenran_low,0,0,65535_65535,0,5,42670,115,1,1,1,8,115,15,1,1,allocated
8,4903,greenran_low,0,0,65535_65535,0,2,42669,100,1,1,0,7,0,15,1,1,pre_allocation
8,4903,greenran_low,0,0,65535_65535,0,2,42669,115,1,1,1,8,115,15,1,1,allocated
8,4903,greenran_low,0,0,65535_65535,0,3,42648,100,1,1,0,7,0,15,1,1,pre_allocation
8,4903,greenran_low,0,0,65535_65535,0,3,42648,115,1,1,1,8,115,15,1,1,allocated
8,4903,greenran_low,0,0,65535_65535,0,4,44348,115,1,1,0,8,0,15,1,1,pre_allocation
8,4903,greenran_low,0,0,65535_65535,0,4,44348,130,1,1,1,9,130,15,1,1,allocated
8,4903,greenran_low,0,0,65535_65535,0,1,43615,115,1,1,0,8,0,15,1,1,pre_allocation
8,4903,greenran_low,0,0,65535_65535,0,1,43615,130,1,1,1,9,130,15,1,1,allocated
8,4903,greenran_low,0,0,65535_65535,0,5,42670,115,1,1,0,8,0,15,1,1,pre_allocation
8,4903,greenran_low,0,0,65535_65535,0,5,42670,130,1,1,1,9,130,15,1,1,allocated
8,4903,greenran_low,0,0,65535_65535,0,2,42669,115,1,1,0,8,0,15,1,1,pre_allocation
8,4903,greenran_low,0,0,65535_65535,0,2,42669,130,1,1,1,9,130,15,1,1,allocated
8,4903,greenran_low,0,0,65535_65535,0,3,42648,115,1,1,0,8,0,15,1,1,pre_allocation
8,4903,greenran_low,0,0,65535_65535,0,3,42648,130,1,1,1,9,130,15,1,1,allocated
8,4903,greenran_low,0,0,65535_65535,0,4,44348,130,1,1,0,9,0,15,1,1,pre_allocation
8,4903,greenran_low,0,0,65535_65535,0,4,44348,145,1,1,1,10,145,15,1,1,allocated
8,4903,greenran_low,0,0,65535_65535,0,1,43615,130,1,1,0,9,0,15,1,1,pre_allocation
8,4903,greenran_low,0,0,65535_65535,0,1,43615,145,1,1,1,10,145,15,1,1,allocated
8,4903,greenran_low,0,0,65535_65535,0,5,42670,130,1,1,0,9,0,15,1,1,pre_allocation
8,4903,greenran_low,0,0,65535_65535,0,5,42670,145,1,1,1,10,145,15,1,1,allocated
8,4903,greenran_low,0,0,65535_65535,0,2,42669,130,1,1,0,9,0,15,1,1,pre_allocation
8,4903,greenran_low,0,0,65535_65535,0,2,42669,145,1,1,1,10,145,15,1,1,allocated
8,4903,greenran_low,0,0,65535_65535,0,3,42648,130,1,1,0,9,0,15,1,1,pre_allocation
8,4903,greenran_low,0,0,65535_65535,0,3,42648,145,1,1,1,10,145,15,1,1,allocated
8,4903,greenran_low,0,0,65535_65535,0,4,44348,145,1,1,0,10,0,15,1,1,pre_allocation
8,4903,greenran_low,0,0,65535_65535,0,4,44348,160,1,1,1,11,160,15,1,1,allocated
8,4903,greenran_low,0,0,65535_65535,0,1,43615,145,1,1,0,10,0,15,1,1,pre_allocation
8,4903,greenran_low,0,0,65535_65535,0,1,43615,160,1,1,1,11,160,15,1,1,allocated
8,4903,greenran_low,0,0,65535_65535,0,5,42670,145,1,1,0,10,0,15,1,1,pre_allocation
8,4903,greenran_low,0,0,65535_65535,0,5,42670,160,1,1,1,11,160,15,1,1,allocated
8,4903,greenran_low,0,0,65535_65535,0,2,42669,145,1,1,0,10,0,15,1,1,pre_allocation
8,4903,greenran_low,0,0,65535_65535,0,2,42669,160,1,1,1,11,160,15,1,1,allocated
8,4903,greenran_low,0,0,65535_65535,0,3,42648,145,1,1,0,10,0,15,1,1,pre_allocation
8,4903,greenran_low,0,0,65535_65535,0,3,42648,160,1,1,1,11,160,15,1,1,allocated
8,4903,greenran_low,0,0,65535_65535,0,4,44348,160,1,1,0,11,0,15,1,1,pre_allocation
8,4903,greenran_low,0,0,65535_65535,0,4,44348,175,1,1,1,12,175,15,1,1,allocated
8,4903,greenran_low,0,0,65535_65535,0,1,43615,160,1,1,0,11,0,15,1,1,pre_allocation
8,4903,greenran_low,0,0,65535_65535,0,1,43615,175,1,1,1,12,175,15,1,1,allocated
8,4903,greenran_low,0,0,65535_65535,0,5,42670,160,1,1,0,11,0,15,1,1,pre_allocation
8,4903,greenran_low,0,0,65535_65535,0,5,42670,175,1,1,1,12,175,15,1,1,allocated
8,4903,greenran_low,0,0,65535_65535,0,2,42669,160,1,1,0,11,0,15,1,1,pre_allocation
8,4903,greenran_low,0,0,65535_65535,0,2,42669,175,1,1,1,12,175,15,1,1,allocated
8,4903,greenran_low,0,0,65535_65535,0,3,42648,160,1,1,0,11,0,15,1,1,pre_allocation
8,4903,greenran_low,0,0,65535_65535,0,3,42648,175,1,1,1,12,175,15,1,1,allocated
8,4903,greenran_low,0,0,65535_65535,0,4,44348,175,1,1,0,12,0,15,1,1,pre_allocation
8,4903,greenran_low,0,0,65535_65535,0,4,44348,190,1,1,1,13,190,15,1,1,allocated
8,4903,greenran_low,0,0,65535_65535,0,1,43615,175,1,1,0,12,0,15,1,1,pre_allocation
8,4903,greenran_low,0,0,65535_65535,0,1,43615,190,1,1,1,13,190,15,1,1,allocated
8,4903,greenran_low,0,0,65535_65535,0,5,42670,175,1,1,0,12,0,15,1,1,pre_allocation
8,4903,greenran_low,0,0,65535_65535,0,5,42670,190,1,1,1,13,190,15,1,1,allocated
8,4903,greenran_low,0,0,65535_65535,0,2,42669,175,1,1,0,12,0,15,1,1,pre_allocation
8,4903,greenran_low,0,0,65535_65535,0,2,42669,190,1,1,1,13,190,15,1,1,allocated
8,4903,greenran_low,0,0,65535_65535,0,3,42648,175,1,1,0,12,0,15,1,1,pre_allocation
8,4903,greenran_low,0,0,65535_65535,0,3,42648,190,1,1,1,13,190,15,1,1,allocated
8,4903,greenran_low,0,0,65535_65535,0,4,44348,190,1,1,0,13,0,15,1,1,pre_allocation
8,4903,greenran_low,0,0,65535_65535,0,4,44348,204,1,1,1,14,204,15,1,1,allocated
8,4903,greenran_low,0,0,65535_65535,0,1,43615,190,1,1,0,13,0,15,1,1,pre_allocation
8,4903,greenran_low,0,0,65535_65535,0,1,43615,204,1,1,1,14,204,15,1,1,allocated
8,4903,greenran_low,0,0,65535_65535,0,5,42670,190,1,1,0,13,0,15,1,1,pre_allocation
8,4903,greenran_low,0,0,65535_65535,0,5,42670,204,1,1,1,14,204,15,1,1,allocated
8,4903,greenran_low,0,0,65535_65535,0,2,42669,190,1,1,0,13,0,15,1,1,pre_allocation
8,4903,greenran_low,0,0,65535_65535,0,2,42669,204,1,1,1,14,204,15,1,1,allocated
8,4903,greenran_low,0,0,65535_65535,0,3,42648,190,1,1,0,13,0,15,1,1,pre_allocation
8,4903,greenran_low,0,0,65535_65535,0,3,42648,204,1,1,1,14,204,15,1,1,allocated
8,4903,greenran_low,0,0,65535_65535,0,4,44348,204,1,1,0,14,0,15,1,1,pre_allocation
8,4903,greenran_low,0,0,65535_65535,0,4,44348,219,1,1,1,15,219,15,1,1,allocated
8,4903,greenran_low,0,0,65535_65535,0,1,43615,204,1,1,0,14,0,15,1,1,pre_allocation
8,4903,greenran_low,0,0,65535_65535,0,1,43615,219,1,1,1,15,219,15,1,1,allocated
8,4903,greenran_low,0,0,65535_65535,0,5,42670,204,1,1,0,14,0,15,1,1,pre_allocation
8,4903,greenran_low,0,0,65535_65535,0,5,42670,219,1,1,1,15,219,15,1,1,allocated
8,4903,greenran_low,0,0,65535_65535,0,2,42669,204,1,1,0,14,0,15,1,1,pre_allocation
8,4903,greenran_low,0,0,65535_65535,0,2,42669,219,1,1,1,15,219,15,1,1,allocated
8,4903,greenran_low,0,0,65535_65535,0,3,42648,204,1,1,0,14,0,15,1,1,pre_allocation
8,4903,greenran_low,0,0,65535_65535,0,3,42648,219,1,1,1,15,219,15,1,1,allocated
8,4903,greenran_low,0,0,65535_65535,0,4,44348,219,1,1,0,15,0,15,1,1,pre_allocation
8,4903,greenran_low,0,0,65535_65535,0,4,44348,234,1,1,1,16,234,15,1,1,allocated
8,4903,greenran_low,0,0,65535_65535,0,1,43615,219,1,1,0,15,0,15,1,1,pre_allocation
8,4903,greenran_low,0,0,65535_65535,0,1,43615,234,1,1,1,16,234,15,1,1,allocated
8,4903,greenran_low,0,0,65535_65535,0,5,42670,219,1,1,0,15,0,15,1,1,pre_allocation
8,4903,greenran_low,0,0,65535_65535,0,5,42670,234,1,1,1,16,234,15,1,1,allocated
8,4903,greenran_low,0,0,65535_65535,0,2,42669,219,1,1,0,15,0,15,1,1,pre_allocation
8,4903,greenran_low,0,0,65535_65535,0,2,42669,234,1,1,1,16,234,15,1,1,allocated
8,4903,greenran_low,0,0,65535_65535,0,3,42648,219,1,1,0,15,0,15,1,1,pre_allocation
8,4903,greenran_low,0,0,65535_65535,0,3,42648,234,1,1,1,16,234,15,1,1,allocated
8,4903,greenran_low,0,0,65535_65535,0,4,44348,234,1,1,0,16,0,15,1,1,pre_allocation
8,4903,greenran_low,0,0,65535_65535,0,4,44348,249,1,1,1,17,249,15,1,1,allocated
8,4903,greenran_low,0,0,65535_65535,0,1,43615,234,1,1,0,16,0,15,1,1,pre_allocation
8,4903,greenran_low,0,0,65535_65535,0,1,43615,249,1,1,1,17,249,15,1,1,allocated
8,4903,greenran_low,0,0,65535_65535,0,5,42670,234,1,1,0,16,0,15,1,1,pre_allocation
8,4903,greenran_low,0,0,65535_65535,0,5,42670,249,1,1,1,17,249,15,1,1,allocated
8,4903,greenran_low,0,0,65535_65535,0,2,42669,234,1,1,0,16,0,15,1,1,pre_allocation
8,4903,greenran_low,0,0,65535_65535,0,2,42669,249,1,1,1,17,249,15,1,1,allocated
8,4903,greenran_low,0,0,65535_65535,0,3,42648,234,1,1,0,16,0,15,1,1,pre_allocation
8,4903,greenran_low,0,0,65535_65535,0,3,42648,249,1,1,1,17,249,15,1,1,allocated
8,4903,greenran_low,0,0,65535_65535,0,4,44348,249,1,1,0,17,0,15,1,1,pre_allocation
8,4903,greenran_low,0,0,65535_65535,0,4,44348,264,1,1,1,18,264,15,1,1,allocated
8,4903,greenran_low,0,0,65535_65535,0,1,43615,249,1,1,0,17,0,15,1,1,pre_allocation
8,4903,greenran_low,0,0,65535_65535,0,1,43615,264,1,1,1,18,264,15,1,1,allocated
8,4903,greenran_low,0,0,65535_65535,0,5,42670,249,1,1,0,17,0,15,1,1,pre_allocation
8,4903,greenran_low,0,0,65535_65535,0,5,42670,264,1,1,1,18,264,15,1,1,allocated
8,4903,greenran_low,0,0,65535_65535,0,2,42669,249,1,1,0,17,0,15,1,1,pre_allocation
8,4903,greenran_low,0,0,65535_65535,0,2,42669,264,1,1,1,18,264,15,1,1,allocated
8,4903,greenran_low,0,0,65535_65535,0,3,42648,249,1,1,0,17,0,15,1,1,pre_allocation
8,4903,greenran_low,0,0,65535_65535,0,3,42648,264,1,1,1,18,264,15,1,1,allocated
8,4903,greenran_low,0,0,65535_65535,0,4,44348,264,1,1,0,18,0,15,1,1,pre_allocation
8,4903,greenran_low,0,0,65535_65535,0,4,44348,279,1,1,1,19,279,15,1,1,allocated
8,4903,greenran_low,0,0,65535_65535,0,1,43615,264,1,1,0,18,0,15,1,1,pre_allocation
8,4903,greenran_low,0,0,65535_65535,0,1,43615,279,1,1,1,19,279,15,1,1,allocated
8,4903,greenran_low,0,0,65535_65535,0,5,42670,264,1,1,0,18,0,15,1,1,pre_allocation
8,4903,greenran_low,0,0,65535_65535,0,5,42670,279,1,1,1,19,279,15,1,1,allocated
8,4903,greenran_low,0,0,65535_65535,0,2,42669,264,1,1,0,18,0,15,1,1,pre_allocation
8,4903,greenran_low,0,0,65535_65535,0,2,42669,279,1,1,1,19,279,15,1,1,allocated
8,4903,greenran_low,0,0,65535_65535,0,3,42648,264,1,1,0,18,0,15,1,1,pre_allocation
8,4903,greenran_low,0,0,65535_65535,0,3,42648,279,1,1,1,19,279,15,1,1,allocated
8,4903,greenran_low,0,0,65535_65535,0,4,44348,279,1,1,0,19,0,15,1,1,pre_allocation
8,4903,greenran_low,0,0,65535_65535,0,4,44348,294,1,1,1,20,294,15,1,1,allocated
8,4903,greenran_low,0,0,65535_65535,0,1,43615,279,1,1,0,19,0,15,1,1,pre_allocation
8,4903,greenran_low,0,0,65535_65535,0,1,43615,294,1,1,1,20,294,15,1,1,allocated
8,4903,greenran_low,0,0,65535_65535,0,5,42670,279,1,1,0,19,0,15,1,1,pre_allocation
8,4903,greenran_low,0,0,65535_65535,0,5,42670,294,1,1,1,20,294,15,1,1,allocated
8,4903,greenran_low,0,0,65535_65535,0,2,42669,279,1,1,0,19,0,15,1,1,pre_allocation
8,4903,greenran_low,0,0,65535_65535,0,2,42669,294,1,1,1,20,294,15,1,1,allocated
8,4903,greenran_low,0,0,65535_65535,0,3,42648,279,1,1,0,19,0,15,1,1,pre_allocation
8,4903,greenran_low,0,0,65535_65535,0,3,42648,294,1,1,1,20,294,15,1,1,allocated
8,4903,greenran_low,0,0,65535_65535,0,4,44348,294,1,1,0,20,0,15,1,1,pre_allocation
8,4903,greenran_low,0,0,65535_65535,0,4,44348,308,1,1,1,21,308,15,1,1,allocated
8,4903,greenran_low,0,0,65535_65535,0,1,43615,294,1,1,0,20,0,15,1,1,pre_allocation
8,4903,greenran_low,0,0,65535_65535,0,1,43615,308,1,1,1,21,308,15,1,1,allocated
8,4903,greenran_low,0,0,65535_65535,0,5,42670,294,1,1,0,20,0,15,1,1,pre_allocation
8,4903,greenran_low,0,0,65535_65535,0,5,42670,308,1,1,1,21,308,15,1,1,allocated
8,4903,greenran_low,0,0,65535_65535,0,2,42669,294,1,1,0,20,0,15,1,1,pre_allocation
8,4903,greenran_low,0,0,65535_65535,0,2,42669,308,1,1,1,21,308,15,1,1,allocated
8,4903,greenran_low,0,0,65535_65535,0,3,42648,294,1,1,0,20,0,15,1,1,pre_allocation
8,4903,greenran_low,0,0,65535_65535,0,3,42648,308,1,1,1,21,308,15,1,1,allocated
8,4903,greenran_low,0,0,65535_65535,0,4,44348,308,1,1,0,21,0,15,1,1,pre_allocation
8,4903,greenran_low,0,0,65535_65535,0,4,44348,323,1,1,1,22,323,15,1,1,allocated
8,4903,greenran_low,0,0,65535_65535,0,1,43615,308,1,1,0,21,0,15,1,1,pre_allocation
8,4903,greenran_low,0,0,65535_65535,0,1,43615,323,1,1,1,22,323,15,1,1,allocated
8,4903,greenran_low,0,0,65535_65535,0,5,42670,308,1,1,0,21,0,15,1,1,pre_allocation
8,4903,greenran_low,0,0,65535_65535,0,5,42670,323,1,1,1,22,323,15,1,1,allocated
8,4903,greenran_low,0,0,65535_65535,0,2,42669,308,1,1,0,21,0,15,1,1,pre_allocation
8,4903,greenran_low,0,0,65535_65535,0,2,42669,323,1,1,1,22,323,15,1,1,allocated
8,4903,greenran_low,0,0,65535_65535,0,3,42648,308,1,1,0,21,0,15,1,1,pre_allocation
8,4903,greenran_low,0,0,65535_65535,0,3,42648,323,1,1,1,22,323,15,1,1,allocated
8,4903,greenran_low,0,0,65535_65535,0,4,44348,323,1,1,0,22,0,15,1,1,pre_allocation
8,4903,greenran_low,0,0,65535_65535,0,4,44348,338,1,1,1,23,338,15,1,1,allocated
8,4903,greenran_low,0,0,65535_65535,0,1,43615,323,1,1,0,22,0,15,1,1,pre_allocation
8,4903,greenran_low,0,0,65535_65535,0,1,43615,338,1,1,1,23,338,15,1,1,allocated
8,4903,greenran_low,0,0,65535_65535,0,5,42670,323,1,1,0,22,0,15,1,1,pre_allocation
8,4903,greenran_low,0,0,65535_65535,0,5,42670,338,1,1,1,23,338,15,1,1,allocated
8,4903,greenran_low,0,0,65535_65535,0,2,42669,323,1,1,0,22,0,15,1,1,pre_allocation
8,4903,greenran_low,0,0,65535_65535,0,2,42669,338,1,1,1,23,338,15,1,1,allocated
8,4903,greenran_low,0,0,65535_65535,0,3,42648,323,1,1,0,22,0,15,1,1,pre_allocation
8,4903,greenran_low,0,0,65535_65535,0,3,42648,338,1,1,1,23,338,15,1,1,allocated
8,4903,greenran_low,0,0,65535_65535,0,4,44348,338,1,1,0,23,0,15,1,1,pre_allocation
8,4903,greenran_low,0,0,65535_65535,0,4,44348,353,1,1,1,24,353,15,1,1,allocated
8,4903,greenran_low,0,0,65535_65535,0,1,43615,338,1,1,0,23,0,15,1,1,pre_allocation
8,4903,greenran_low,0,0,65535_65535,0,1,43615,353,1,1,1,24,353,15,1,1,allocated
8,4903,greenran_low,0,0,65535_65535,0,5,42670,338,1,1,0,23,0,15,1,1,pre_allocation
8,4903,greenran_low,0,0,65535_65535,0,5,42670,353,1,1,1,24,353,15,1,1,allocated
8,4903,greenran_low,0,0,65535_65535,0,2,42669,338,1,1,0,23,0,15,1,1,pre_allocation
8,4903,greenran_low,0,0,65535_65535,0,2,42669,353,1,1,1,24,353,15,1,1,allocated
8,4903,greenran_low,0,0,65535_65535,0,3,42648,338,1,1,0,23,0,15,1,1,pre_allocation
8,4903,greenran_low,0,0,65535_65535,0,3,42648,353,1,1,1,24,353,15,1,1,allocated
8,4903,greenran_low,0,0,65535_65535,0,4,44348,353,1,1,0,24,0,15,1,1,pre_allocation
8,4903,greenran_low,0,0,65535_65535,0,4,44348,368,1,1,1,25,368,15,1,1,allocated
8,4903,greenran_low,0,0,65535_65535,0,1,43615,353,1,1,0,24,0,15,1,1,pre_allocation
8,4903,greenran_low,0,0,65535_65535,0,1,43615,368,1,1,1,25,368,15,1,1,allocated
8,4903,greenran_low,0,0,65535_65535,0,5,42670,353,1,1,0,24,0,15,1,1,pre_allocation
8,4903,greenran_low,0,0,65535_65535,0,5,42670,368,1,1,1,25,368,15,1,1,allocated
8,4903,greenran_low,0,0,65535_65535,0,2,42669,353,1,1,0,24,0,15,1,1,pre_allocation
8,4903,greenran_low,0,0,65535_65535,0,2,42669,368,1,1,1,25,368,15,1,1,allocated
8,4903,greenran_low,0,0,65535_65535,0,3,42648,353,1,1,0,24,0,15,1,1,pre_allocation
8,4903,greenran_low,0,0,65535_65535,0,3,42648,368,1,1,1,25,368,15,1,1,allocated
8,4903,greenran_low,0,0,65535_65535,0,4,44348,368,1,1,0,25,0,15,1,1,pre_allocation
8,4903,greenran_low,0,0,65535_65535,0,4,44348,383,1,1,1,26,383,15,1,1,allocated
8,4903,greenran_low,0,0,65535_65535,0,1,43615,368,1,1,0,25,0,15,1,1,pre_allocation
8,4903,greenran_low,0,0,65535_65535,0,1,43615,383,1,1,1,26,383,15,1,1,allocated
8,4903,greenran_low,0,0,65535_65535,0,5,42670,368,1,1,0,25,0,15,1,1,pre_allocation
8,4903,greenran_low,0,0,65535_65535,0,5,42670,383,1,1,1,26,383,15,1,1,allocated
8,4903,greenran_low,0,0,65535_65535,0,2,42669,368,1,1,0,25,0,15,1,1,pre_allocation
8,4903,greenran_low,0,0,65535_65535,0,2,42669,383,1,1,1,26,383,15,1,1,allocated
8,4903,greenran_low,0,0,65535_65535,0,3,42648,368,1,1,0,25,0,15,1,1,pre_allocation
8,4903,greenran_low,0,0,65535_65535,0,3,42648,383,1,1,1,26,383,15,1,1,allocated
8,4903,greenran_low,0,0,65535_65535,0,4,44348,383,1,1,0,26,0,15,1,1,pre_allocation
8,4903,greenran_low,0,0,65535_65535,0,4,44348,397,1,1,1,27,397,15,1,1,allocated
8,4903,greenran_low,0,0,65535_65535,0,1,43615,383,1,1,0,26,0,15,1,1,pre_allocation
8,4903,greenran_low,0,0,65535_65535,0,1,43615,397,1,1,1,27,397,15,1,1,allocated
8,4903,greenran_low,0,0,65535_65535,0,5,42670,383,1,1,0,26,0,15,1,1,pre_allocation
8,4903,greenran_low,0,0,65535_65535,0,5,42670,397,1,1,1,27,397,15,1,1,allocated
8,4903,greenran_low,0,0,65535_65535,0,2,42669,383,1,1,0,26,0,15,1,1,pre_allocation
8,4903,greenran_low,0,0,65535_65535,0,2,42669,397,1,1,1,27,397,15,1,1,allocated
8,4903,greenran_low,0,0,65535_65535,0,3,42648,383,1,1,0,26,0,15,1,1,pre_allocation
8,4903,greenran_low,0,0,65535_65535,0,3,42648,397,1,1,1,27,397,15,1,1,allocated
8,4903,greenran_low,0,0,65535_65535,0,4,44348,397,1,1,0,27,0,15,1,1,pre_allocation
8,4903,greenran_low,0,0,65535_65535,0,4,44348,412,1,1,1,28,412,15,1,1,allocated
8,4903,greenran_low,0,0,65535_65535,0,1,43615,397,1,1,0,27,0,15,1,1,pre_allocation
8,4903,greenran_low,0,0,65535_65535,0,1,43615,412,1,1,1,28,412,15,1,1,allocated
8,4903,greenran_low,0,0,65535_65535,0,5,42670,397,1,1,0,27,0,15,1,1,pre_allocation
8,4903,greenran_low,0,0,65535_65535,0,5,42670,412,1,1,1,28,412,15,1,1,allocated
8,4903,greenran_low,0,0,65535_65535,0,2,42669,397,1,1,0,27,0,15,1,1,pre_allocation
8,4903,greenran_low,0,0,65535_65535,0,2,42669,412,1,1,1,28,412,15,1,1,allocated
8,4903,greenran_low,0,0,65535_65535,0,3,42648,397,1,1,0,27,0,15,1,1,pre_allocation
8,4903,greenran_low,0,0,65535_65535,0,3,42648,412,1,1,1,28,412,15,1,1,allocated
8,4903,greenran_low,0,0,65535_65535,0,4,44348,412,1,1,0,28,0,15,1,1,pre_allocation
8,4903,greenran_low,0,0,65535_65535,0,4,44348,427,1,1,1,29,427,15,1,1,allocated
8,4903,greenran_low,0,0,65535_65535,0,1,43615,412,1,1,0,28,0,15,1,1,pre_allocation
8,4903,greenran_low,0,0,65535_65535,0,1,43615,427,1,1,1,29,427,15,1,1,allocated
8,4903,greenran_low,0,0,65535_65535,0,5,42670,412,1,1,0,28,0,15,1,1,pre_allocation
8,4903,greenran_low,0,0,65535_65535,0,5,42670,427,1,1,1,29,427,15,1,1,allocated
8,4903,greenran_low,0,0,65535_65535,0,2,42669,412,1,1,0,28,0,15,1,1,pre_allocation
8,4903,greenran_low,0,0,65535_65535,0,2,42669,427,1,1,1,29,427,15,1,1,allocated
8,4903,greenran_low,0,0,65535_65535,0,3,42648,412,1,1,0,28,0,15,1,1,pre_allocation
8,4903,greenran_low,0,0,65535_65535,0,3,42648,427,1,1,1,29,427,15,1,1,allocated
8,4903,greenran_low,0,0,65535_65535,0,4,44348,427,1,1,0,29,0,15,1,1,pre_allocation
8,4903,greenran_low,0,0,65535_65535,0,4,44348,442,1,1,1,30,442,15,1,1,allocated
8,4903,greenran_low,0,0,65535_65535,0,1,43615,427,1,1,0,29,0,15,1,1,pre_allocation
8,4903,greenran_low,0,0,65535_65535,0,1,43615,442,1,1,1,30,442,15,1,1,allocated
8,4903,greenran_low,0,0,65535_65535,0,5,42670,427,1,1,0,29,0,15,1,1,pre_allocation
8,4903,greenran_low,0,0,65535_65535,0,5,42670,442,1,1,1,30,442,15,1,1,allocated
8,4903,greenran_low,0,0,65535_65535,0,2,42669,427,1,1,0,29,0,15,1,1,pre_allocation
8,4903,greenran_low,0,0,65535_65535,0,2,42669,442,1,1,1,30,442,15,1,1,allocated
8,4903,greenran_low,0,0,65535_65535,0,3,42648,427,1,1,0,29,0,15,1,1,pre_allocation
8,4903,greenran_low,0,0,65535_65535,0,3,42648,442,1,1,1,30,442,15,1,1,allocated
8,4903,greenran_low,0,0,65535_65535,0,4,44348,442,1,1,0,30,0,15,1,1,pre_allocation
8,4903,greenran_low,0,0,65535_65535,0,4,44348,457,1,1,1,31,457,15,1,1,allocated
8,4903,greenran_low,0,0,65535_65535,0,1,43615,442,1,1,0,30,0,15,1,1,pre_allocation
8,4903,greenran_low,0,0,65535_65535,0,1,43615,457,1,1,1,31,457,15,1,1,allocated
8,4903,greenran_low,0,0,65535_65535,0,5,42670,442,1,1,0,30,0,15,1,1,pre_allocation
8,4903,greenran_low,0,0,65535_65535,0,5,42670,457,1,1,1,31,457,15,1,1,allocated
8,4903,greenran_low,0,0,65535_65535,0,2,42669,442,1,1,0,30,0,15,1,1,pre_allocation
8,4903,greenran_low,0,0,65535_65535,0,2,42669,457,1,1,1,31,457,15,1,1,allocated
8,4903,greenran_low,0,0,65535_65535,0,3,42648,442,1,1,0,30,0,15,1,1,pre_allocation
8,4903,greenran_low,0,0,65535_65535,0,3,42648,457,1,1,1,31,457,15,1,1,allocated
8,4903,greenran_low,0,0,65535_65535,0,4,44348,457,1,1,0,31,0,15,1,1,pre_allocation
8,4903,greenran_low,0,0,65535_65535,0,4,44348,472,1,1,1,32,472,15,1,1,allocated
8,4903,greenran_low,0,0,65535_65535,0,1,43615,457,1,1,0,31,0,15,1,1,pre_allocation
8,4903,greenran_low,0,0,65535_65535,0,1,43615,472,1,1,1,32,472,15,1,1,allocated
8,4903,greenran_low,0,0,65535_65535,0,5,42670,457,1,1,0,31,0,15,1,1,pre_allocation
8,4903,greenran_low,0,0,65535_65535,0,5,42670,472,1,1,1,32,472,15,1,1,allocated
8,4903,greenran_low,0,0,65535_65535,0,2,42669,457,1,1,0,31,0,15,1,1,pre_allocation
8,4903,greenran_low,0,0,65535_65535,0,2,42669,472,1,1,1,32,472,15,1,1,allocated
8,4903,greenran_low,0,0,65535_65535,0,3,42648,457,1,1,0,31,0,15,1,1,pre_allocation
8,4903,greenran_low,0,0,65535_65535,0,3,42648,472,1,1,1,32,472,15,1,1,allocated
8,4903,greenran_low,0,0,65535_65535,0,4,44348,472,1,1,0,32,0,15,1,1,pre_allocation
8,4903,greenran_low,0,0,65535_65535,0,4,44348,487,1,1,1,33,487,15,1,1,allocated
8,4903,greenran_low,0,0,65535_65535,0,1,43615,472,1,1,0,32,0,15,1,1,pre_allocation
8,4903,greenran_low,0,0,65535_65535,0,1,43615,487,1,1,1,33,487,15,1,1,allocated
8,4903,greenran_low,0,0,65535_65535,0,5,42670,472,1,1,0,32,0,15,1,1,pre_allocation
8,4903,greenran_low,0,0,65535_65535,0,5,42670,487,1,1,1,33,487,15,1,1,allocated
8,4903,greenran_low,0,0,65535_65535,0,2,42669,472,1,1,0,32,0,15,1,1,pre_allocation
8,4903,greenran_low,0,0,65535_65535,0,2,42669,487,1,1,1,33,487,15,1,1,allocated
8,4903,greenran_low,0,0,65535_65535,0,3,42648,472,1,1,0,32,0,15,1,1,pre_allocation
8,4903,greenran_low,0,0,65535_65535,0,3,42648,487,1,1,1,33,487,15,1,1,allocated
8,4903,greenran_low,0,0,65535_65535,0,4,44348,487,1,1,0,33,0,15,1,1,pre_allocation
8,4903,greenran_low,0,0,65535_65535,0,4,44348,501,1,1,1,34,501,15,1,1,allocated
8,4903,greenran_low,0,0,65535_65535,0,1,43615,487,1,1,0,33,0,15,1,1,pre_allocation
8,4903,greenran_low,0,0,65535_65535,0,1,43615,501,1,1,1,34,501,15,1,1,allocated
8,4903,greenran_low,0,0,65535_65535,0,5,42670,487,1,1,0,33,0,15,1,1,pre_allocation
8,4903,greenran_low,0,0,65535_65535,0,5,42670,501,1,1,1,34,501,15,1,1,allocated
8,4903,greenran_low,0,0,65535_65535,0,2,42669,487,1,1,0,33,0,15,1,1,pre_allocation
8,4903,greenran_low,0,0,65535_65535,0,2,42669,501,1,1,1,34,501,15,1,1,allocated
8,4903,greenran_low,0,0,65535_65535,0,3,42648,487,1,1,0,33,0,15,1,1,pre_allocation
8,4903,greenran_low,0,0,65535_65535,0,3,42648,501,1,1,1,34,501,15,1,1,allocated
8,4903,greenran_low,0,0,65535_65535,0,4,44348,501,1,1,0,34,0,15,1,1,pre_allocation
8,4903,greenran_low,0,0,65535_65535,0,4,44348,516,1,1,1,35,516,15,1,1,allocated
8,4903,greenran_low,0,0,65535_65535,0,1,43615,501,1,1,0,34,0,15,1,1,pre_allocation
8,4903,greenran_low,0,0,65535_65535,0,1,43615,516,1,1,1,35,516,15,1,1,allocated
8,4903,greenran_low,0,0,65535_65535,0,5,42670,501,1,1,0,34,0,15,1,1,pre_allocation
8,4903,greenran_low,0,0,65535_65535,0,5,42670,516,1,1,1,35,516,15,1,1,allocated
8,4903,greenran_low,0,0,65535_65535,0,2,42669,501,1,1,0,34,0,15,1,1,pre_allocation
8,4903,greenran_low,0,0,65535_65535,0,2,42669,516,1,1,1,35,516,15,1,1,allocated
8,4903,greenran_low,0,0,65535_65535,0,3,42648,501,1,1,0,34,0,15,1,1,pre_allocation
8,4903,greenran_low,0,0,65535_65535,0,3,42648,516,1,1,1,35,516,15,1,1,allocated
8,4903,greenran_low,0,0,65535_65535,0,4,44348,516,1,1,0,35,0,15,1,1,pre_allocation
8,4903,greenran_low,0,0,65535_65535,0,4,44348,531,1,1,1,36,531,15,1,1,allocated
8,4903,greenran_low,0,0,65535_65535,0,1,43615,516,1,1,0,35,0,15,1,1,pre_allocation
8,4903,greenran_low,0,0,65535_65535,0,1,43615,531,1,1,1,36,531,15,1,1,allocated
8,4903,greenran_low,0,0,65535_65535,0,5,42670,516,1,1,0,35,0,15,1,1,pre_allocation
8,4903,greenran_low,0,0,65535_65535,0,5,42670,531,1,1,1,36,531,15,1,1,allocated
8,4903,greenran_low,0,0,65535_65535,0,2,42669,516,1,1,0,35,0,15,1,1,pre_allocation
8,4903,greenran_low,0,0,65535_65535,0,2,42669,531,1,1,1,36,531,15,1,1,allocated
8,4903,greenran_low,0,0,65535_65535,0,3,42648,516,1,1,0,35,0,15,1,1,pre_allocation
8,4903,greenran_low,0,0,65535_65535,0,3,42648,531,1,1,1,36,531,15,1,1,allocated
8,4903,greenran_low,0,0,65535_65535,0,4,44348,531,1,1,0,36,0,15,1,1,pre_allocation
8,4903,greenran_low,0,0,65535_65535,0,4,44348,546,1,1,1,37,546,15,1,1,allocated
8,4903,greenran_low,0,0,65535_65535,0,1,43615,531,1,1,0,36,0,15,1,1,pre_allocation
8,4903,greenran_low,0,0,65535_65535,0,1,43615,546,1,1,1,37,546,15,1,1,allocated
8,4903,greenran_low,0,0,65535_65535,0,5,42670,531,1,1,0,36,0,15,1,1,pre_allocation
8,4903,greenran_low,0,0,65535_65535,0,5,42670,546,1,1,1,37,546,15,1,1,allocated
8,4903,greenran_low,0,0,65535_65535,0,2,42669,531,1,1,0,36,0,15,1,1,pre_allocation
8,4903,greenran_low,0,0,65535_65535,0,2,42669,546,1,1,1,37,546,15,1,1,allocated
8,4903,greenran_low,0,0,65535_65535,0,3,42648,531,1,1,0,36,0,15,1,1,pre_allocation
8,4903,greenran_low,0,0,65535_65535,0,3,42648,546,1,1,1,37,546,15,1,1,allocated
8,4903,greenran_low,0,0,65535_65535,0,4,44348,546,1,1,0,37,0,15,1,1,pre_allocation
8,4903,greenran_low,0,0,65535_65535,0,4,44348,561,1,1,1,38,561,15,1,1,allocated
8,4903,greenran_low,0,0,65535_65535,0,1,43615,546,1,1,0,37,0,15,1,1,pre_allocation
8,4903,greenran_low,0,0,65535_65535,0,1,43615,561,1,1,1,38,561,15,1,1,allocated
8,4903,greenran_low,0,0,65535_65535,2,23,2810328,0,1,1,0,0,0,15,1,1,pre_allocation
8,4903,greenran_low,0,0,65535_65535,2,23,2810328,11,1,1,1,1,11,15,1,1,allocated
8,4903,greenran_low,0,0,65535_65535,2,24,2808641,0,1,1,0,0,0,15,1,1,pre_allocation
8,4903,greenran_low,0,0,65535_65535,2,24,2808641,11,1,1,1,1,11,15,1,1,allocated
8,4903,greenran_low,0,0,65535_65535,2,21,2808605,0,1,1,0,0,0,15,1,1,pre_allocation
8,4903,greenran_low,0,0,65535_65535,2,21,2808605,11,1,1,1,1,11,15,1,1,allocated
8,4903,greenran_low,0,0,65535_65535,2,20,2808573,0,1,1,0,0,0,15,1,1,pre_allocation
8,4903,greenran_low,0,0,65535_65535,2,20,2808573,11,1,1,1,1,11,15,1,1,allocated
8,4903,greenran_low,0,0,65535_65535,2,22,2808597,0,1,1,0,0,0,15,1,1,pre_allocation
8,4903,greenran_low,0,0,65535_65535,2,22,2808597,11,1,1,1,1,11,15,1,1,allocated
8,4903,greenran_low,0,0,65535_65535,2,23,2810328,11,1,1,0,1,0,15,1,1,pre_allocation
8,4903,greenran_low,0,0,65535_65535,2,23,2810328,26,1,1,1,2,26,15,1,1,allocated
8,4903,greenran_low,0,0,65535_65535,2,24,2808641,11,1,1,0,1,0,15,1,1,pre_allocation
8,4903,greenran_low,0,0,65535_65535,2,24,2808641,26,1,1,1,2,26,15,1,1,allocated
8,4903,greenran_low,0,0,65535_65535,2,21,2808605,11,1,1,0,1,0,15,1,1,pre_allocation
8,4903,greenran_low,0,0,65535_65535,2,21,2808605,26,1,1,1,2,26,15,1,1,allocated
8,4903,greenran_low,0,0,65535_65535,2,20,2808573,11,1,1,0,1,0,15,1,1,pre_allocation
8,4903,greenran_low,0,0,65535_65535,2,20,2808573,26,1,1,1,2,26,15,1,1,allocated
8,4903,greenran_low,0,0,65535_65535,2,22,2808597,11,1,1,0,1,0,15,1,1,pre_allocation
8,4903,greenran_low,0,0,65535_65535,2,22,2808597,26,1,1,1,2,26,15,1,1,allocated
8,4903,greenran_low,0,0,65535_65535,2,23,2810328,26,1,1,0,2,0,15,1,1,pre_allocation
8,4903,greenran_low,0,0,65535_65535,2,23,2810328,41,1,1,1,3,41,15,1,1,allocated
8,4903,greenran_low,0,0,65535_65535,2,24,2808641,26,1,1,0,2,0,15,1,1,pre_allocation
8,4903,greenran_low,0,0,65535_65535,2,24,2808641,41,1,1,1,3,41,15,1,1,allocated
8,4903,greenran_low,0,0,65535_65535,2,21,2808605,26,1,1,0,2,0,15,1,1,pre_allocation
8,4903,greenran_low,0,0,65535_65535,2,21,2808605,41,1,1,1,3,41,15,1,1,allocated
8,4903,greenran_low,0,0,65535_65535,2,20,2808573,26,1,1,0,2,0,15,1,1,pre_allocation
8,4903,greenran_low,0,0,65535_65535,2,20,2808573,41,1,1,1,3,41,15,1,1,allocated
8,4903,greenran_low,0,0,65535_65535,2,22,2808597,26,1,1,0,2,0,15,1,1,pre_allocation
8,4903,greenran_low,0,0,65535_65535,2,22,2808597,41,1,1,1,3,41,15,1,1,allocated
8,4903,greenran_low,0,0,65535_65535,2,23,2810328,41,1,1,0,3,0,15,1,1,pre_allocation
8,4903,greenran_low,0,0,65535_65535,2,23,2810328,56,1,1,1,4,56,15,1,1,allocated
8,4903,greenran_low,0,0,65535_65535,2,24,2808641,41,1,1,0,3,0,15,1,1,pre_allocation
8,4903,greenran_low,0,0,65535_65535,2,24,2808641,56,1,1,1,4,56,15,1,1,allocated
8,4903,greenran_low,0,0,65535_65535,2,21,2808605,41,1,1,0,3,0,15,1,1,pre_allocation
8,4903,greenran_low,0,0,65535_65535,2,21,2808605,56,1,1,1,4,56,15,1,1,allocated
8,4903,greenran_low,0,0,65535_65535,2,20,2808573,41,1,1,0,3,0,15,1,1,pre_allocation
8,4903,greenran_low,0,0,65535_65535,2,20,2808573,56,1,1,1,4,56,15,1,1,allocated
8,4903,greenran_low,0,0,65535_65535,2,22,2808597,41,1,1,0,3,0,15,1,1,pre_allocation
8,4903,greenran_low,0,0,65535_65535,2,22,2808597,56,1,1,1,4,56,15,1,1,allocated
8,4903,greenran_low,0,0,65535_65535,2,23,2810328,56,1,1,0,4,0,15,1,1,pre_allocation
8,4903,greenran_low,0,0,65535_65535,2,23,2810328,71,1,1,1,5,71,15,1,1,allocated
8,4903,greenran_low,0,0,65535_65535,2,24,2808641,56,1,1,0,4,0,15,1,1,pre_allocation
8,4903,greenran_low,0,0,65535_65535,2,24,2808641,71,1,1,1,5,71,15,1,1,allocated
8,4903,greenran_low,0,0,65535_65535,2,21,2808605,56,1,1,0,4,0,15,1,1,pre_allocation
8,4903,greenran_low,0,0,65535_65535,2,21,2808605,71,1,1,1,5,71,15,1,1,allocated
8,4903,greenran_low,0,0,65535_65535,2,20,2808573,56,1,1,0,4,0,15,1,1,pre_allocation
8,4903,greenran_low,0,0,65535_65535,2,20,2808573,71,1,1,1,5,71,15,1,1,allocated
8,4903,greenran_low,0,0,65535_65535,2,22,2808597,56,1,1,0,4,0,15,1,1,pre_allocation
8,4903,greenran_low,0,0,65535_65535,2,22,2808597,71,1,1,1,5,71,15,1,1,allocated
8,4903,greenran_low,0,0,65535_65535,2,23,2810328,71,1,1,0,5,0,15,1,1,pre_allocation
8,4903,greenran_low,0,0,65535_65535,2,23,2810328,86,1,1,1,6,86,15,1,1,allocated
8,4903,greenran_low,0,0,65535_65535,2,24,2808641,71,1,1,0,5,0,15,1,1,pre_allocation
8,4903,greenran_low,0,0,65535_65535,2,24,2808641,86,1,1,1,6,86,15,1,1,allocated
8,4903,greenran_low,0,0,65535_65535,2,21,2808605,71,1,1,0,5,0,15,1,1,pre_allocation
8,4903,greenran_low,0,0,65535_65535,2,21,2808605,86,1,1,1,6,86,15,1,1,allocated
8,4903,greenran_low,0,0,65535_65535,2,20,2808573,71,1,1,0,5,0,15,1,1,pre_allocation
8,4903,greenran_low,0,0,65535_65535,2,20,2808573,86,1,1,1,6,86,15,1,1,allocated
8,4903,greenran_low,0,0,65535_65535,2,22,2808597,71,1,1,0,5,0,15,1,1,pre_allocation
8,4903,greenran_low,0,0,65535_65535,2,22,2808597,86,1,1,1,6,86,15,1,1,allocated
8,4903,greenran_low,0,0,65535_65535,2,23,2810328,86,1,1,0,6,0,15,1,1,pre_allocation
8,4903,greenran_low,0,0,65535_65535,2,23,2810328,100,1,1,1,7,100,15,1,1,allocated
8,4903,greenran_low,0,0,65535_65535,2,24,2808641,86,1,1,0,6,0,15,1,1,pre_allocation
8,4903,greenran_low,0,0,65535_65535,2,24,2808641,100,1,1,1,7,100,15,1,1,allocated
8,4903,greenran_low,0,0,65535_65535,2,21,2808605,86,1,1,0,6,0,15,1,1,pre_allocation
8,4903,greenran_low,0,0,65535_65535,2,21,2808605,100,1,1,1,7,100,15,1,1,allocated
8,4903,greenran_low,0,0,65535_65535,2,20,2808573,86,1,1,0,6,0,15,1,1,pre_allocation
8,4903,greenran_low,0,0,65535_65535,2,20,2808573,100,1,1,1,7,100,15,1,1,allocated
8,4903,greenran_low,0,0,65535_65535,2,22,2808597,86,1,1,0,6,0,15,1,1,pre_allocation
8,4903,greenran_low,0,0,65535_65535,2,22,2808597,100,1,1,1,7,100,15,1,1,allocated
8,4903,greenran_low,0,0,65535_65535,2,23,2810328,100,1,1,0,7,0,15,1,1,pre_allocation
8,4903,greenran_low,0,0,65535_65535,2,23,2810328,115,1,1,1,8,115,15,1,1,allocated
8,4903,greenran_low,0,0,65535_65535,2,24,2808641,100,1,1,0,7,0,15,1,1,pre_allocation
8,4903,greenran_low,0,0,65535_65535,2,24,2808641,115,1,1,1,8,115,15,1,1,allocated
8,4903,greenran_low,0,0,65535_65535,2,21,2808605,100,1,1,0,7,0,15,1,1,pre_allocation
8,4903,greenran_low,0,0,65535_65535,2,21,2808605,115,1,1,1,8,115,15,1,1,allocated
8,4903,greenran_low,0,0,65535_65535,2,20,2808573,100,1,1,0,7,0,15,1,1,pre_allocation
8,4903,greenran_low,0,0,65535_65535,2,20,2808573,115,1,1,1,8,115,15,1,1,allocated
8,4903,greenran_low,0,0,65535_65535,2,22,2808597,100,1,1,0,7,0,15,1,1,pre_allocation
8,4903,greenran_low,0,0,65535_65535,2,22,2808597,115,1,1,1,8,115,15,1,1,allocated
8,4903,greenran_low,0,0,65535_65535,2,23,2810328,115,1,1,0,8,0,15,1,1,pre_allocation
8,4903,greenran_low,0,0,65535_65535,2,23,2810328,130,1,1,1,9,130,15,1,1,allocated
8,4903,greenran_low,0,0,65535_65535,2,24,2808641,115,1,1,0,8,0,15,1,1,pre_allocation
8,4903,greenran_low,0,0,65535_65535,2,24,2808641,130,1,1,1,9,130,15,1,1,allocated
8,4903,greenran_low,0,0,65535_65535,2,21,2808605,115,1,1,0,8,0,15,1,1,pre_allocation
8,4903,greenran_low,0,0,65535_65535,2,21,2808605,130,1,1,1,9,130,15,1,1,allocated
8,4903,greenran_low,0,0,65535_65535,2,20,2808573,115,1,1,0,8,0,15,1,1,pre_allocation
8,4903,greenran_low,0,0,65535_65535,2,20,2808573,130,1,1,1,9,130,15,1,1,allocated
8,4903,greenran_low,0,0,65535_65535,2,22,2808597,115,1,1,0,8,0,15,1,1,pre_allocation
8,4903,greenran_low,0,0,65535_65535,2,22,2808597,130,1,1,1,9,130,15,1,1,allocated
8,4903,greenran_low,0,0,65535_65535,2,23,2810328,130,1,1,0,9,0,15,1,1,pre_allocation
8,4903,greenran_low,0,0,65535_65535,2,23,2810328,145,1,1,1,10,145,15,1,1,allocated
8,4903,greenran_low,0,0,65535_65535,2,24,2808641,130,1,1,0,9,0,15,1,1,pre_allocation
8,4903,greenran_low,0,0,65535_65535,2,24,2808641,145,1,1,1,10,145,15,1,1,allocated
8,4903,greenran_low,0,0,65535_65535,2,21,2808605,130,1,1,0,9,0,15,1,1,pre_allocation
8,4903,greenran_low,0,0,65535_65535,2,21,2808605,145,1,1,1,10,145,15,1,1,allocated
8,4903,greenran_low,0,0,65535_65535,2,20,2808573,130,1,1,0,9,0,15,1,1,pre_allocation
8,4903,greenran_low,0,0,65535_65535,2,20,2808573,145,1,1,1,10,145,15,1,1,allocated
8,4903,greenran_low,0,0,65535_65535,2,22,2808597,130,1,1,0,9,0,15,1,1,pre_allocation
8,4903,greenran_low,0,0,65535_65535,2,22,2808597,145,1,1,1,10,145,15,1,1,allocated
8,4903,greenran_low,0,0,65535_65535,2,23,2810328,145,1,1,0,10,0,15,1,1,pre_allocation
8,4903,greenran_low,0,0,65535_65535,2,23,2810328,160,1,1,1,11,160,15,1,1,allocated
8,4903,greenran_low,0,0,65535_65535,2,24,2808641,145,1,1,0,10,0,15,1,1,pre_allocation
8,4903,greenran_low,0,0,65535_65535,2,24,2808641,160,1,1,1,11,160,15,1,1,allocated
8,4903,greenran_low,0,0,65535_65535,2,21,2808605,145,1,1,0,10,0,15,1,1,pre_allocation
8,4903,greenran_low,0,0,65535_65535,2,21,2808605,160,1,1,1,11,160,15,1,1,allocated
8,4903,greenran_low,0,0,65535_65535,2,20,2808573,145,1,1,0,10,0,15,1,1,pre_allocation
8,4903,greenran_low,0,0,65535_65535,2,20,2808573,160,1,1,1,11,160,15,1,1,allocated
8,4903,greenran_low,0,0,65535_65535,2,22,2808597,145,1,1,0,10,0,15,1,1,pre_allocation
8,4903,greenran_low,0,0,65535_65535,2,22,2808597,160,1,1,1,11,160,15,1,1,allocated
8,4903,greenran_low,0,0,65535_65535,2,23,2810328,160,1,1,0,11,0,15,1,1,pre_allocation
8,4903,greenran_low,0,0,65535_65535,2,23,2810328,175,1,1,1,12,175,15,1,1,allocated
8,4903,greenran_low,0,0,65535_65535,2,24,2808641,160,1,1,0,11,0,15,1,1,pre_allocation
8,4903,greenran_low,0,0,65535_65535,2,24,2808641,175,1,1,1,12,175,15,1,1,allocated
8,4903,greenran_low,0,0,65535_65535,2,21,2808605,160,1,1,0,11,0,15,1,1,pre_allocation
8,4903,greenran_low,0,0,65535_65535,2,21,2808605,175,1,1,1,12,175,15,1,1,allocated
8,4903,greenran_low,0,0,65535_65535,2,20,2808573,160,1,1,0,11,0,15,1,1,pre_allocation
8,4903,greenran_low,0,0,65535_65535,2,20,2808573,175,1,1,1,12,175,15,1,1,allocated
8,4903,greenran_low,0,0,65535_65535,2,22,2808597,160,1,1,0,11,0,15,1,1,pre_allocation
8,4903,greenran_low,0,0,65535_65535,2,22,2808597,175,1,1,1,12,175,15,1,1,allocated
8,4903,greenran_low,0,0,65535_65535,2,23,2810328,175,1,1,0,12,0,15,1,1,pre_allocation
8,4903,greenran_low,0,0,65535_65535,2,23,2810328,190,1,1,1,13,190,15,1,1,allocated
8,4903,greenran_low,0,0,65535_65535,2,24,2808641,175,1,1,0,12,0,15,1,1,pre_allocation
8,4903,greenran_low,0,0,65535_65535,2,24,2808641,190,1,1,1,13,190,15,1,1,allocated
8,4903,greenran_low,0,0,65535_65535,2,21,2808605,175,1,1,0,12,0,15,1,1,pre_allocation
8,4903,greenran_low,0,0,65535_65535,2,21,2808605,190,1,1,1,13,190,15,1,1,allocated
8,4903,greenran_low,0,0,65535_65535,2,20,2808573,175,1,1,0,12,0,15,1,1,pre_allocation
8,4903,greenran_low,0,0,65535_65535,2,20,2808573,190,1,1,1,13,190,15,1,1,allocated
8,4903,greenran_low,0,0,65535_65535,2,22,2808597,175,1,1,0,12,0,15,1,1,pre_allocation
8,4903,greenran_low,0,0,65535_65535,2,22,2808597,190,1,1,1,13,190,15,1,1,allocated
8,4903,greenran_low,0,0,65535_65535,2,23,2810328,190,1,1,0,13,0,15,1,1,pre_allocation
8,4903,greenran_low,0,0,65535_65535,2,23,2810328,204,1,1,1,14,204,15,1,1,allocated
8,4903,greenran_low,0,0,65535_65535,2,24,2808641,190,1,1,0,13,0,15,1,1,pre_allocation
8,4903,greenran_low,0,0,65535_65535,2,24,2808641,204,1,1,1,14,204,15,1,1,allocated
8,4903,greenran_low,0,0,65535_65535,2,21,2808605,190,1,1,0,13,0,15,1,1,pre_allocation
8,4903,greenran_low,0,0,65535_65535,2,21,2808605,204,1,1,1,14,204,15,1,1,allocated
8,4903,greenran_low,0,0,65535_65535,2,20,2808573,190,1,1,0,13,0,15,1,1,pre_allocation
8,4903,greenran_low,0,0,65535_65535,2,20,2808573,204,1,1,1,14,204,15,1,1,allocated
8,4903,greenran_low,0,0,65535_65535,2,22,2808597,190,1,1,0,13,0,15,1,1,pre_allocation
8,4903,greenran_low,0,0,65535_65535,2,22,2808597,204,1,1,1,14,204,15,1,1,allocated
8,4903,greenran_low,0,0,65535_65535,2,23,2810328,204,1,1,0,14,0,15,1,1,pre_allocation
8,4903,greenran_low,0,0,65535_65535,2,23,2810328,219,1,1,1,15,219,15,1,1,allocated
8,4903,greenran_low,0,0,65535_65535,2,24,2808641,204,1,1,0,14,0,15,1,1,pre_allocation
8,4903,greenran_low,0,0,65535_65535,2,24,2808641,219,1,1,1,15,219,15,1,1,allocated
8,4903,greenran_low,0,0,65535_65535,2,21,2808605,204,1,1,0,14,0,15,1,1,pre_allocation
8,4903,greenran_low,0,0,65535_65535,2,21,2808605,219,1,1,1,15,219,15,1,1,allocated
8,4903,greenran_low,0,0,65535_65535,2,20,2808573,204,1,1,0,14,0,15,1,1,pre_allocation
8,4903,greenran_low,0,0,65535_65535,2,20,2808573,219,1,1,1,15,219,15,1,1,allocated
8,4903,greenran_low,0,0,65535_65535,2,22,2808597,204,1,1,0,14,0,15,1,1,pre_allocation
8,4903,greenran_low,0,0,65535_65535,2,22,2808597,219,1,1,1,15,219,15,1,1,allocated
8,4903,greenran_low,0,0,65535_65535,2,23,2810328,219,1,1,0,15,0,15,1,1,pre_allocation
8,4903,greenran_low,0,0,65535_65535,2,23,2810328,234,1,1,1,16,234,15,1,1,allocated
8,4903,greenran_low,0,0,65535_65535,2,24,2808641,219,1,1,0,15,0,15,1,1,pre_allocation
8,4903,greenran_low,0,0,65535_65535,2,24,2808641,234,1,1,1,16,234,15,1,1,allocated
8,4903,greenran_low,0,0,65535_65535,2,21,2808605,219,1,1,0,15,0,15,1,1,pre_allocation
8,4903,greenran_low,0,0,65535_65535,2,21,2808605,234,1,1,1,16,234,15,1,1,allocated
8,4903,greenran_low,0,0,65535_65535,2,20,2808573,219,1,1,0,15,0,15,1,1,pre_allocation
8,4903,greenran_low,0,0,65535_65535,2,20,2808573,234,1,1,1,16,234,15,1,1,allocated
9,5029,greenran_low,0,0,65535_65535,0,4,45110,0,1,1,0,0,0,16,1,1,pre_allocation
9,5029,greenran_low,0,0,65535_65535,0,4,45110,26,1,1,1,1,26,16,1,1,allocated
9,5029,greenran_low,0,0,65535_65535,0,1,44377,0,1,1,0,0,0,22,1,1,pre_allocation
9,5029,greenran_low,0,0,65535_65535,0,1,44377,45,1,1,1,1,45,22,1,1,allocated
9,5029,greenran_low,0,0,65535_65535,0,5,43447,0,1,1,0,0,0,28,1,1,pre_allocation
9,5029,greenran_low,0,0,65535_65535,0,5,43447,65,1,1,1,1,65,28,1,1,allocated
9,5029,greenran_low,0,0,65535_65535,0,2,43446,0,1,1,0,0,0,28,1,1,pre_allocation
9,5029,greenran_low,0,0,65535_65535,0,2,43446,65,1,1,1,1,65,28,1,1,allocated
9,5029,greenran_low,0,0,65535_65535,0,3,43425,0,1,1,0,0,0,28,1,1,pre_allocation
9,5029,greenran_low,0,0,65535_65535,0,3,43425,65,1,1,1,1,65,28,1,1,allocated
9,5029,greenran_low,0,0,65535_65535,0,4,45110,26,1,1,0,1,0,16,1,1,pre_allocation
9,5029,greenran_low,0,0,65535_65535,0,4,45110,56,1,1,1,2,56,16,1,1,allocated
9,5029,greenran_low,0,0,65535_65535,0,1,44377,45,1,1,0,1,0,22,1,1,pre_allocation
9,5029,greenran_low,0,0,65535_65535,0,1,44377,93,1,1,1,2,93,22,1,1,allocated
9,5029,greenran_low,0,0,65535_65535,0,5,43447,65,1,1,0,1,0,28,1,1,pre_allocation
9,5029,greenran_low,0,0,65535_65535,0,5,43447,133,1,1,1,2,133,28,1,1,allocated
9,5029,greenran_low,0,0,65535_65535,0,2,43446,65,1,1,0,1,0,28,1,1,pre_allocation
9,5029,greenran_low,0,0,65535_65535,0,2,43446,133,1,1,1,2,133,28,1,1,allocated
9,5029,greenran_low,0,0,65535_65535,0,3,43425,65,1,1,0,1,0,28,1,1,pre_allocation
9,5029,greenran_low,0,0,65535_65535,0,3,43425,133,1,1,1,2,133,28,1,1,allocated
9,5029,greenran_low,0,0,65535_65535,0,4,45110,56,1,1,0,2,0,16,1,1,pre_allocation
9,5029,greenran_low,0,0,65535_65535,0,4,45110,86,1,1,1,3,86,16,1,1,allocated
9,5029,greenran_low,0,0,65535_65535,0,1,44377,93,1,1,0,2,0,22,1,1,pre_allocation
9,5029,greenran_low,0,0,65535_65535,0,1,44377,141,1,1,1,3,141,22,1,1,allocated
9,5029,greenran_low,0,0,65535_65535,0,5,43447,133,1,1,0,2,0,28,1,1,pre_allocation
9,5029,greenran_low,0,0,65535_65535,0,5,43447,201,1,1,1,3,201,28,1,1,allocated
9,5029,greenran_low,0,0,65535_65535,0,2,43446,133,1,1,0,2,0,28,1,1,pre_allocation
9,5029,greenran_low,0,0,65535_65535,0,2,43446,201,1,1,1,3,201,28,1,1,allocated
9,5029,greenran_low,0,0,65535_65535,0,3,43425,133,1,1,0,2,0,28,1,1,pre_allocation
9,5029,greenran_low,0,0,65535_65535,0,3,43425,201,1,1,1,3,201,28,1,1,allocated
9,5029,greenran_low,0,0,65535_65535,0,4,45110,86,1,1,0,3,0,16,1,1,pre_allocation
9,5029,greenran_low,0,0,65535_65535,0,4,45110,115,1,1,1,4,115,16,1,1,allocated
9,5029,greenran_low,0,0,65535_65535,0,1,44377,141,1,1,0,3,0,22,1,1,pre_allocation
9,5029,greenran_low,0,0,65535_65535,0,1,44377,190,1,1,1,4,190,22,1,1,allocated
9,5029,greenran_low,0,0,65535_65535,0,5,43447,201,1,1,0,3,0,28,1,1,pre_allocation
9,5029,greenran_low,0,0,65535_65535,0,5,43447,270,1,1,1,4,270,28,1,1,allocated
9,5029,greenran_low,0,0,65535_65535,0,2,43446,201,1,1,0,3,0,28,1,1,pre_allocation
9,5029,greenran_low,0,0,65535_65535,0,2,43446,270,1,1,1,4,270,28,1,1,allocated
9,5029,greenran_low,0,0,65535_65535,0,3,43425,201,1,1,0,3,0,28,1,1,pre_allocation
9,5029,greenran_low,0,0,65535_65535,0,3,43425,270,1,1,1,4,270,28,1,1,allocated
9,5029,greenran_low,0,0,65535_65535,0,4,45110,115,1,1,0,4,0,16,1,1,pre_allocation
9,5029,greenran_low,0,0,65535_65535,0,4,45110,145,1,1,1,5,145,16,1,1,allocated
9,5029,greenran_low,0,0,65535_65535,0,1,44377,190,1,1,0,4,0,22,1,1,pre_allocation
9,5029,greenran_low,0,0,65535_65535,0,1,44377,238,1,1,1,5,238,22,1,1,allocated
9,5029,greenran_low,0,0,65535_65535,0,5,43447,270,1,1,0,4,0,28,1,1,pre_allocation
9,5029,greenran_low,0,0,65535_65535,0,5,43447,338,1,1,1,5,338,28,1,1,allocated
9,5029,greenran_low,0,0,65535_65535,0,2,43446,270,1,1,0,4,0,28,1,1,pre_allocation
9,5029,greenran_low,0,0,65535_65535,0,2,43446,338,1,1,1,5,338,28,1,1,allocated
9,5029,greenran_low,0,0,65535_65535,0,3,43425,270,1,1,0,4,0,28,1,1,pre_allocation
9,5029,greenran_low,0,0,65535_65535,0,3,43425,338,1,1,1,5,338,28,1,1,allocated
9,5029,greenran_low,0,0,65535_65535,0,4,45110,145,1,1,0,5,0,16,1,1,pre_allocation
9,5029,greenran_low,0,0,65535_65535,0,4,45110,175,1,1,1,6,175,16,1,1,allocated
9,5029,greenran_low,0,0,65535_65535,0,1,44377,238,1,1,0,5,0,22,1,1,pre_allocation
9,5029,greenran_low,0,0,65535_65535,0,1,44377,286,1,1,1,6,286,22,1,1,allocated
9,5029,greenran_low,0,0,65535_65535,0,5,43447,338,1,1,0,5,0,28,1,1,pre_allocation
9,5029,greenran_low,0,0,65535_65535,0,5,43447,406,1,1,1,6,406,28,1,1,allocated
9,5029,greenran_low,0,0,65535_65535,0,2,43446,338,1,1,0,5,0,28,1,1,pre_allocation
9,5029,greenran_low,0,0,65535_65535,0,2,43446,406,1,1,1,6,406,28,1,1,allocated
9,5029,greenran_low,0,0,65535_65535,0,3,43425,338,1,1,0,5,0,28,1,1,pre_allocation
9,5029,greenran_low,0,0,65535_65535,0,3,43425,406,1,1,1,6,406,28,1,1,allocated
9,5029,greenran_low,0,0,65535_65535,0,4,45110,175,1,1,0,6,0,16,1,1,pre_allocation
9,5029,greenran_low,0,0,65535_65535,0,4,45110,204,1,1,1,7,204,16,1,1,allocated
9,5029,greenran_low,0,0,65535_65535,0,1,44377,286,1,1,0,6,0,22,1,1,pre_allocation
9,5029,greenran_low,0,0,65535_65535,0,1,44377,334,1,1,1,7,334,22,1,1,allocated
9,5029,greenran_low,0,0,65535_65535,0,5,43447,406,1,1,0,6,0,28,1,1,pre_allocation
9,5029,greenran_low,0,0,65535_65535,0,5,43447,475,1,1,1,7,475,28,1,1,allocated
9,5029,greenran_low,0,0,65535_65535,0,2,43446,406,1,1,0,6,0,28,1,1,pre_allocation
9,5029,greenran_low,0,0,65535_65535,0,2,43446,475,1,1,1,7,475,28,1,1,allocated
9,5029,greenran_low,0,0,65535_65535,0,3,43425,406,1,1,0,6,0,28,1,1,pre_allocation
9,5029,greenran_low,0,0,65535_65535,0,3,43425,475,1,1,1,7,475,28,1,1,allocated
9,5029,greenran_low,0,0,65535_65535,0,4,45110,204,1,1,0,7,0,16,1,1,pre_allocation
9,5029,greenran_low,0,0,65535_65535,0,4,45110,234,1,1,1,8,234,16,1,1,allocated
9,5029,greenran_low,0,0,65535_65535,0,1,44377,334,1,1,0,7,0,22,1,1,pre_allocation
9,5029,greenran_low,0,0,65535_65535,0,1,44377,383,1,1,1,8,383,22,1,1,allocated
9,5029,greenran_low,0,0,65535_65535,0,5,43447,475,1,1,0,7,0,28,1,1,pre_allocation
9,5029,greenran_low,0,0,65535_65535,0,5,43447,543,1,1,1,8,543,28,1,1,allocated
9,5029,greenran_low,0,0,65535_65535,0,2,43446,475,1,1,0,7,0,28,1,1,pre_allocation
9,5029,greenran_low,0,0,65535_65535,0,2,43446,543,1,1,1,8,543,28,1,1,allocated
9,5029,greenran_low,0,0,65535_65535,0,3,43425,475,1,1,0,7,0,28,1,1,pre_allocation
9,5029,greenran_low,0,0,65535_65535,0,3,43425,543,1,1,1,8,543,28,1,1,allocated
9,5029,greenran_low,0,0,65535_65535,0,4,45110,234,1,1,0,8,0,16,1,1,pre_allocation
9,5029,greenran_low,0,0,65535_65535,0,4,45110,264,1,1,1,9,264,16,1,1,allocated
9,5029,greenran_low,0,0,65535_65535,0,1,44377,383,1,1,0,8,0,22,1,1,pre_allocation
9,5029,greenran_low,0,0,65535_65535,0,1,44377,431,1,1,1,9,431,22,1,1,allocated
9,5029,greenran_low,0,0,65535_65535,0,5,43447,543,1,1,0,8,0,28,1,1,pre_allocation
9,5029,greenran_low,0,0,65535_65535,0,5,43447,611,1,1,1,9,611,28,1,1,allocated
9,5029,greenran_low,0,0,65535_65535,0,2,43446,543,1,1,0,8,0,28,1,1,pre_allocation
9,5029,greenran_low,0,0,65535_65535,0,2,43446,611,1,1,1,9,611,28,1,1,allocated
9,5029,greenran_low,0,0,65535_65535,0,3,43425,543,1,1,0,8,0,28,1,1,pre_allocation
9,5029,greenran_low,0,0,65535_65535,0,3,43425,611,1,1,1,9,611,28,1,1,allocated
9,5029,greenran_low,0,0,65535_65535,0,4,45110,264,1,1,0,9,0,16,1,1,pre_allocation
9,5029,greenran_low,0,0,65535_65535,0,4,45110,294,1,1,1,10,294,16,1,1,allocated
9,5029,greenran_low,0,0,65535_65535,0,1,44377,431,1,1,0,9,0,22,1,1,pre_allocation
9,5029,greenran_low,0,0,65535_65535,0,1,44377,479,1,1,1,10,479,22,1,1,allocated
9,5029,greenran_low,0,0,65535_65535,0,5,43447,611,1,1,0,9,0,28,1,1,pre_allocation
9,5029,greenran_low,0,0,65535_65535,0,5,43447,680,1,1,1,10,680,28,1,1,allocated
9,5029,greenran_low,0,0,65535_65535,0,2,43446,611,1,1,0,9,0,28,1,1,pre_allocation
9,5029,greenran_low,0,0,65535_65535,0,2,43446,680,1,1,1,10,680,28,1,1,allocated
9,5029,greenran_low,0,0,65535_65535,0,3,43425,611,1,1,0,9,0,28,1,1,pre_allocation
9,5029,greenran_low,0,0,65535_65535,0,3,43425,680,1,1,1,10,680,28,1,1,allocated
9,5029,greenran_low,0,0,65535_65535,0,4,45110,294,1,1,0,10,0,16,1,1,pre_allocation
9,5029,greenran_low,0,0,65535_65535,0,4,45110,323,1,1,1,11,323,16,1,1,allocated
9,5029,greenran_low,0,0,65535_65535,0,1,44377,479,1,1,0,10,0,22,1,1,pre_allocation
9,5029,greenran_low,0,0,65535_65535,0,1,44377,527,1,1,1,11,527,22,1,1,allocated
9,5029,greenran_low,0,0,65535_65535,0,5,43447,680,1,1,0,10,0,28,1,1,pre_allocation
9,5029,greenran_low,0,0,65535_65535,0,5,43447,748,1,1,1,11,748,28,1,1,allocated
9,5029,greenran_low,0,0,65535_65535,0,2,43446,680,1,1,0,10,0,28,1,1,pre_allocation
9,5029,greenran_low,0,0,65535_65535,0,2,43446,748,1,1,1,11,748,28,1,1,allocated
9,5029,greenran_low,0,0,65535_65535,0,3,43425,680,1,1,0,10,0,28,1,1,pre_allocation
9,5029,greenran_low,0,0,65535_65535,0,3,43425,748,1,1,1,11,748,28,1,1,allocated
9,5029,greenran_low,0,0,65535_65535,0,4,45110,323,1,1,0,11,0,16,1,1,pre_allocation
9,5029,greenran_low,0,0,65535_65535,0,4,45110,353,1,1,1,12,353,16,1,1,allocated
9,5029,greenran_low,0,0,65535_65535,0,1,44377,527,1,1,0,11,0,22,1,1,pre_allocation
9,5029,greenran_low,0,0,65535_65535,0,1,44377,576,1,1,1,12,576,22,1,1,allocated
9,5029,greenran_low,0,0,65535_65535,0,5,43447,748,1,1,0,11,0,28,1,1,pre_allocation
9,5029,greenran_low,0,0,65535_65535,0,5,43447,816,1,1,1,12,816,28,1,1,allocated
9,5029,greenran_low,0,0,65535_65535,0,2,43446,748,1,1,0,11,0,28,1,1,pre_allocation
9,5029,greenran_low,0,0,65535_65535,0,2,43446,816,1,1,1,12,816,28,1,1,allocated
9,5029,greenran_low,0,0,65535_65535,0,3,43425,748,1,1,0,11,0,28,1,1,pre_allocation
9,5029,greenran_low,0,0,65535_65535,0,3,43425,816,1,1,1,12,816,28,1,1,allocated
9,5029,greenran_low,0,0,65535_65535,0,4,45110,353,1,1,0,12,0,16,1,1,pre_allocation
9,5029,greenran_low,0,0,65535_65535,0,4,45110,383,1,1,1,13,383,16,1,1,allocated
9,5029,greenran_low,0,0,65535_65535,0,1,44377,576,1,1,0,12,0,22,1,1,pre_allocation
9,5029,greenran_low,0,0,65535_65535,0,1,44377,624,1,1,1,13,624,22,1,1,allocated
9,5029,greenran_low,0,0,65535_65535,0,5,43447,816,1,1,0,12,0,28,1,1,pre_allocation
9,5029,greenran_low,0,0,65535_65535,0,5,43447,885,1,1,1,13,885,28,1,1,allocated
9,5029,greenran_low,0,0,65535_65535,0,2,43446,816,1,1,0,12,0,28,1,1,pre_allocation
9,5029,greenran_low,0,0,65535_65535,0,2,43446,885,1,1,1,13,885,28,1,1,allocated
9,5029,greenran_low,0,0,65535_65535,0,3,43425,816,1,1,0,12,0,28,1,1,pre_allocation
9,5029,greenran_low,0,0,65535_65535,0,3,43425,885,1,1,1,13,885,28,1,1,allocated
9,5029,greenran_low,0,0,65535_65535,0,4,45110,383,1,1,0,13,0,16,1,1,pre_allocation
9,5029,greenran_low,0,0,65535_65535,0,4,45110,412,1,1,1,14,412,16,1,1,allocated
9,5029,greenran_low,0,0,65535_65535,0,1,44377,624,1,1,0,13,0,22,1,1,pre_allocation
9,5029,greenran_low,0,0,65535_65535,0,1,44377,672,1,1,1,14,672,22,1,1,allocated
9,5029,greenran_low,0,0,65535_65535,0,5,43447,885,1,1,0,13,0,28,1,1,pre_allocation
9,5029,greenran_low,0,0,65535_65535,0,5,43447,953,1,1,1,14,953,28,1,1,allocated
9,5029,greenran_low,0,0,65535_65535,0,2,43446,885,1,1,0,13,0,28,1,1,pre_allocation
9,5029,greenran_low,0,0,65535_65535,0,2,43446,953,1,1,1,14,953,28,1,1,allocated
9,5029,greenran_low,0,0,65535_65535,0,3,43425,885,1,1,0,13,0,28,1,1,pre_allocation
9,5029,greenran_low,0,0,65535_65535,0,3,43425,953,1,1,1,14,953,28,1,1,allocated
9,5029,greenran_low,0,0,65535_65535,0,4,45110,412,1,1,0,14,0,16,1,1,pre_allocation
9,5029,greenran_low,0,0,65535_65535,0,4,45110,442,1,1,1,15,442,16,1,1,allocated
9,5029,greenran_low,0,0,65535_65535,0,1,44377,672,1,1,0,14,0,22,1,1,pre_allocation
9,5029,greenran_low,0,0,65535_65535,0,1,44377,720,1,1,1,15,720,22,1,1,allocated
9,5029,greenran_low,0,0,65535_65535,0,5,43447,953,1,1,0,14,0,28,1,1,pre_allocation
9,5029,greenran_low,0,0,65535_65535,0,5,43447,1021,1,1,1,15,1021,28,1,1,allocated
9,5029,greenran_low,0,0,65535_65535,0,2,43446,953,1,1,0,14,0,28,1,1,pre_allocation
9,5029,greenran_low,0,0,65535_65535,0,2,43446,1021,1,1,1,15,1021,28,1,1,allocated
9,5029,greenran_low,0,0,65535_65535,0,3,43425,953,1,1,0,14,0,28,1,1,pre_allocation
9,5029,greenran_low,0,0,65535_65535,0,3,43425,1021,1,1,1,15,1021,28,1,1,allocated
9,5029,greenran_low,0,0,65535_65535,0,4,45110,442,1,1,0,15,0,16,1,1,pre_allocation
9,5029,greenran_low,0,0,65535_65535,0,4,45110,472,1,1,1,16,472,16,1,1,allocated
9,5029,greenran_low,0,0,65535_65535,0,1,44377,720,1,1,0,15,0,22,1,1,pre_allocation
9,5029,greenran_low,0,0,65535_65535,0,1,44377,769,1,1,1,16,769,22,1,1,allocated
9,5029,greenran_low,0,0,65535_65535,0,5,43447,1021,1,1,0,15,0,28,1,1,pre_allocation
9,5029,greenran_low,0,0,65535_65535,0,5,43447,1089,1,1,1,16,1089,28,1,1,allocated
9,5029,greenran_low,0,0,65535_65535,0,2,43446,1021,1,1,0,15,0,28,1,1,pre_allocation
9,5029,greenran_low,0,0,65535_65535,0,2,43446,1089,1,1,1,16,1089,28,1,1,allocated
9,5029,greenran_low,0,0,65535_65535,0,3,43425,1021,1,1,0,15,0,28,1,1,pre_allocation
9,5029,greenran_low,0,0,65535_65535,0,3,43425,1089,1,1,1,16,1089,28,1,1,allocated
9,5029,greenran_low,0,0,65535_65535,0,4,45110,472,1,1,0,16,0,16,1,1,pre_allocation
9,5029,greenran_low,0,0,65535_65535,0,4,45110,501,1,1,1,17,501,16,1,1,allocated
9,5029,greenran_low,0,0,65535_65535,0,1,44377,769,1,1,0,16,0,22,1,1,pre_allocation
9,5029,greenran_low,0,0,65535_65535,0,1,44377,817,1,1,1,17,817,22,1,1,allocated
9,5029,greenran_low,0,0,65535_65535,0,5,43447,1089,1,1,0,16,0,28,1,1,pre_allocation
9,5029,greenran_low,0,0,65535_65535,0,5,43447,1158,1,1,1,17,1158,28,1,1,allocated
9,5029,greenran_low,0,0,65535_65535,0,2,43446,1089,1,1,0,16,0,28,1,1,pre_allocation
9,5029,greenran_low,0,0,65535_65535,0,2,43446,1158,1,1,1,17,1158,28,1,1,allocated
9,5029,greenran_low,0,0,65535_65535,0,3,43425,1089,1,1,0,16,0,28,1,1,pre_allocation
9,5029,greenran_low,0,0,65535_65535,0,3,43425,1158,1,1,1,17,1158,28,1,1,allocated
9,5029,greenran_low,0,0,65535_65535,0,4,45110,501,1,1,0,17,0,16,1,1,pre_allocation
9,5029,greenran_low,0,0,65535_65535,0,4,45110,531,1,1,1,18,531,16,1,1,allocated
9,5029,greenran_low,0,0,65535_65535,0,1,44377,817,1,1,0,17,0,22,1,1,pre_allocation
9,5029,greenran_low,0,0,65535_65535,0,1,44377,865,1,1,1,18,865,22,1,1,allocated
9,5029,greenran_low,0,0,65535_65535,0,5,43447,1158,1,1,0,17,0,28,1,1,pre_allocation
9,5029,greenran_low,0,0,65535_65535,0,5,43447,1226,1,1,1,18,1226,28,1,1,allocated
9,5029,greenran_low,0,0,65535_65535,0,2,43446,1158,1,1,0,17,0,28,1,1,pre_allocation
9,5029,greenran_low,0,0,65535_65535,0,2,43446,1226,1,1,1,18,1226,28,1,1,allocated
9,5029,greenran_low,0,0,65535_65535,0,3,43425,1158,1,1,0,17,0,28,1,1,pre_allocation
9,5029,greenran_low,0,0,65535_65535,0,3,43425,1226,1,1,1,18,1226,28,1,1,allocated
9,5029,greenran_low,0,0,65535_65535,0,4,45110,531,1,1,0,18,0,16,1,1,pre_allocation
9,5029,greenran_low,0,0,65535_65535,0,4,45110,561,1,1,1,19,561,16,1,1,allocated
9,5029,greenran_low,0,0,65535_65535,0,1,44377,865,1,1,0,18,0,22,1,1,pre_allocation
9,5029,greenran_low,0,0,65535_65535,0,1,44377,913,1,1,1,19,913,22,1,1,allocated
9,5029,greenran_low,0,0,65535_65535,0,5,43447,1226,1,1,0,18,0,28,1,1,pre_allocation
9,5029,greenran_low,0,0,65535_65535,0,5,43447,1294,1,1,1,19,1294,28,1,1,allocated
9,5029,greenran_low,0,0,65535_65535,0,2,43446,1226,1,1,0,18,0,28,1,1,pre_allocation
9,5029,greenran_low,0,0,65535_65535,0,2,43446,1294,1,1,1,19,1294,28,1,1,allocated
9,5029,greenran_low,0,0,65535_65535,0,3,43425,1226,1,1,0,18,0,28,1,1,pre_allocation
9,5029,greenran_low,0,0,65535_65535,0,3,43425,1294,1,1,1,19,1294,28,1,1,allocated
9,5029,greenran_low,0,0,65535_65535,0,4,45110,561,1,1,0,19,0,16,1,1,pre_allocation
9,5029,greenran_low,0,0,65535_65535,0,4,45110,591,1,1,1,20,591,16,1,1,allocated
9,5029,greenran_low,0,0,65535_65535,0,1,44377,913,1,1,0,19,0,22,1,1,pre_allocation
9,5029,greenran_low,0,0,65535_65535,0,1,44377,962,1,1,1,20,962,22,1,1,allocated
9,5029,greenran_low,0,0,65535_65535,0,5,43447,1294,1,1,0,19,0,28,1,1,pre_allocation
9,5029,greenran_low,0,0,65535_65535,0,5,43447,1363,1,1,1,20,1363,28,1,1,allocated
9,5029,greenran_low,0,0,65535_65535,0,2,43446,1294,1,1,0,19,0,28,1,1,pre_allocation
9,5029,greenran_low,0,0,65535_65535,0,2,43446,1363,1,1,1,20,1363,28,1,1,allocated
9,5029,greenran_low,0,0,65535_65535,0,3,43425,1294,1,1,0,19,0,28,1,1,pre_allocation
9,5029,greenran_low,0,0,65535_65535,0,3,43425,1363,1,1,1,20,1363,28,1,1,allocated
9,5029,greenran_low,0,0,65535_65535,0,4,45110,591,1,1,0,20,0,16,1,1,pre_allocation
9,5029,greenran_low,0,0,65535_65535,0,4,45110,620,1,1,1,21,620,16,1,1,allocated
9,5029,greenran_low,0,0,65535_65535,0,1,44377,962,1,1,0,20,0,22,1,1,pre_allocation
9,5029,greenran_low,0,0,65535_65535,0,1,44377,1010,1,1,1,21,1010,22,1,1,allocated
9,5029,greenran_low,0,0,65535_65535,0,5,43447,1363,1,1,0,20,0,28,1,1,pre_allocation
9,5029,greenran_low,0,0,65535_65535,0,5,43447,1431,1,1,1,21,1431,28,1,1,allocated
9,5029,greenran_low,0,0,65535_65535,0,2,43446,1363,1,1,0,20,0,28,1,1,pre_allocation
9,5029,greenran_low,0,0,65535_65535,0,2,43446,1431,1,1,1,21,1431,28,1,1,allocated
9,5029,greenran_low,0,0,65535_65535,0,3,43425,1363,1,1,0,20,0,28,1,1,pre_allocation
9,5029,greenran_low,0,0,65535_65535,0,3,43425,1431,1,1,1,21,1431,28,1,1,allocated
9,5029,greenran_low,0,0,65535_65535,0,4,45110,620,1,1,0,21,0,16,1,1,pre_allocation
9,5029,greenran_low,0,0,65535_65535,0,4,45110,650,1,1,1,22,650,16,1,1,allocated
9,5029,greenran_low,0,0,65535_65535,0,1,44377,1010,1,1,0,21,0,22,1,1,pre_allocation
9,5029,greenran_low,0,0,65535_65535,0,1,44377,1058,1,1,1,22,1058,22,1,1,allocated
9,5029,greenran_low,0,0,65535_65535,0,5,43447,1431,1,1,0,21,0,28,1,1,pre_allocation
9,5029,greenran_low,0,0,65535_65535,0,5,43447,1499,1,1,1,22,1499,28,1,1,allocated
9,5029,greenran_low,0,0,65535_65535,0,2,43446,1431,1,1,0,21,0,28,1,1,pre_allocation
9,5029,greenran_low,0,0,65535_65535,0,2,43446,1499,1,1,1,22,1499,28,1,1,allocated
9,5029,greenran_low,0,0,65535_65535,0,3,43425,1431,1,1,0,21,0,28,1,1,pre_allocation
9,5029,greenran_low,0,0,65535_65535,0,3,43425,1499,1,1,1,22,1499,28,1,1,allocated
9,5029,greenran_low,0,0,65535_65535,0,4,45110,650,1,1,0,22,0,16,1,1,pre_allocation
9,5029,greenran_low,0,0,65535_65535,0,4,45110,680,1,1,1,23,680,16,1,1,allocated
9,5029,greenran_low,0,0,65535_65535,0,1,44377,1058,1,1,0,22,0,22,1,1,pre_allocation
9,5029,greenran_low,0,0,65535_65535,0,1,44377,1107,1,1,1,23,1107,22,1,1,allocated
9,5029,greenran_low,0,0,65535_65535,0,5,43447,1499,1,1,0,22,0,28,1,1,pre_allocation
9,5029,greenran_low,0,0,65535_65535,0,5,43447,1565,1,1,1,23,1565,28,1,1,allocated
9,5029,greenran_low,0,0,65535_65535,0,2,43446,1499,1,1,0,22,0,28,1,1,pre_allocation
9,5029,greenran_low,0,0,65535_65535,0,2,43446,1565,1,1,1,23,1565,28,1,1,allocated
9,5029,greenran_low,0,0,65535_65535,0,3,43425,1499,1,1,0,22,0,28,1,1,pre_allocation
9,5029,greenran_low,0,0,65535_65535,0,3,43425,1565,1,1,1,23,1565,28,1,1,allocated
9,5029,greenran_low,0,0,65535_65535,0,4,45110,680,1,1,0,23,0,16,1,1,pre_allocation
9,5029,greenran_low,0,0,65535_65535,0,4,45110,709,1,1,1,24,709,16,1,1,allocated
9,5029,greenran_low,0,0,65535_65535,0,1,44377,1107,1,1,0,23,0,22,1,1,pre_allocation
9,5029,greenran_low,0,0,65535_65535,0,1,44377,1155,1,1,1,24,1155,22,1,1,allocated
9,5029,greenran_low,0,0,65535_65535,0,5,43447,1565,1,1,0,23,0,28,1,1,pre_allocation
9,5029,greenran_low,0,0,65535_65535,0,5,43447,1633,1,1,1,24,1633,28,1,1,allocated
9,5029,greenran_low,0,0,65535_65535,0,2,43446,1565,1,1,0,23,0,28,1,1,pre_allocation
9,5029,greenran_low,0,0,65535_65535,0,2,43446,1633,1,1,1,24,1633,28,1,1,allocated
9,5029,greenran_low,0,0,65535_65535,0,3,43425,1565,1,1,0,23,0,28,1,1,pre_allocation
9,5029,greenran_low,0,0,65535_65535,0,3,43425,1633,1,1,1,24,1633,28,1,1,allocated
9,5029,greenran_low,0,0,65535_65535,0,4,45110,709,1,1,0,24,0,16,1,1,pre_allocation
9,5029,greenran_low,0,0,65535_65535,0,4,45110,739,1,1,1,25,739,16,1,1,allocated
9,5029,greenran_low,0,0,65535_65535,0,1,44377,1155,1,1,0,24,0,22,1,1,pre_allocation
9,5029,greenran_low,0,0,65535_65535,0,1,44377,1203,1,1,1,25,1203,22,1,1,allocated
9,5029,greenran_low,0,0,65535_65535,0,5,43447,1633,1,1,0,24,0,28,1,1,pre_allocation
9,5029,greenran_low,0,0,65535_65535,0,5,43447,1701,1,1,1,25,1701,28,1,1,allocated
9,5029,greenran_low,0,0,65535_65535,0,2,43446,1633,1,1,0,24,0,28,1,1,pre_allocation
9,5029,greenran_low,0,0,65535_65535,0,2,43446,1701,1,1,1,25,1701,28,1,1,allocated
9,5029,greenran_low,0,0,65535_65535,0,3,43425,1633,1,1,0,24,0,28,1,1,pre_allocation
9,5029,greenran_low,0,0,65535_65535,0,3,43425,1701,1,1,1,25,1701,28,1,1,allocated
9,5029,greenran_low,0,0,65535_65535,0,4,45110,739,1,1,0,25,0,16,1,1,pre_allocation
9,5029,greenran_low,0,0,65535_65535,0,4,45110,769,1,1,1,26,769,16,1,1,allocated
9,5029,greenran_low,0,0,65535_65535,0,1,44377,1203,1,1,0,25,0,22,1,1,pre_allocation
9,5029,greenran_low,0,0,65535_65535,0,1,44377,1251,1,1,1,26,1251,22,1,1,allocated
9,5029,greenran_low,0,0,65535_65535,0,5,43447,1701,1,1,0,25,0,28,1,1,pre_allocation
9,5029,greenran_low,0,0,65535_65535,0,5,43447,1770,1,1,1,26,1770,28,1,1,allocated
9,5029,greenran_low,0,0,65535_65535,0,2,43446,1701,1,1,0,25,0,28,1,1,pre_allocation
9,5029,greenran_low,0,0,65535_65535,0,2,43446,1770,1,1,1,26,1770,28,1,1,allocated
9,5029,greenran_low,0,0,65535_65535,0,3,43425,1701,1,1,0,25,0,28,1,1,pre_allocation
9,5029,greenran_low,0,0,65535_65535,0,3,43425,1770,1,1,1,26,1770,28,1,1,allocated
9,5029,greenran_low,0,0,65535_65535,0,4,45110,769,1,1,0,26,0,16,1,1,pre_allocation
9,5029,greenran_low,0,0,65535_65535,0,4,45110,798,1,1,1,27,798,16,1,1,allocated
9,5029,greenran_low,0,0,65535_65535,0,1,44377,1251,1,1,0,26,0,22,1,1,pre_allocation
9,5029,greenran_low,0,0,65535_65535,0,1,44377,1300,1,1,1,27,1300,22,1,1,allocated
9,5029,greenran_low,0,0,65535_65535,0,5,43447,1770,1,1,0,26,0,28,1,1,pre_allocation
9,5029,greenran_low,0,0,65535_65535,0,5,43447,1838,1,1,1,27,1838,28,1,1,allocated
9,5029,greenran_low,0,0,65535_65535,0,2,43446,1770,1,1,0,26,0,28,1,1,pre_allocation
9,5029,greenran_low,0,0,65535_65535,0,2,43446,1838,1,1,1,27,1838,28,1,1,allocated
9,5029,greenran_low,0,0,65535_65535,0,3,43425,1770,1,1,0,26,0,28,1,1,pre_allocation
9,5029,greenran_low,0,0,65535_65535,0,3,43425,1838,1,1,1,27,1838,28,1,1,allocated
9,5029,greenran_low,0,0,65535_65535,0,4,45110,798,1,1,0,27,0,16,1,1,pre_allocation
9,5029,greenran_low,0,0,65535_65535,0,4,45110,828,1,1,1,28,828,16,1,1,allocated
9,5029,greenran_low,0,0,65535_65535,0,1,44377,1300,1,1,0,27,0,22,1,1,pre_allocation
9,5029,greenran_low,0,0,65535_65535,0,1,44377,1348,1,1,1,28,1348,22,1,1,allocated
9,5029,greenran_low,0,0,65535_65535,0,5,43447,1838,1,1,0,27,0,28,1,1,pre_allocation
9,5029,greenran_low,0,0,65535_65535,0,5,43447,1906,1,1,1,28,1906,28,1,1,allocated
9,5029,greenran_low,0,0,65535_65535,0,2,43446,1838,1,1,0,27,0,28,1,1,pre_allocation
9,5029,greenran_low,0,0,65535_65535,0,2,43446,1906,1,1,1,28,1906,28,1,1,allocated
9,5029,greenran_low,0,0,65535_65535,0,3,43425,1838,1,1,0,27,0,28,1,1,pre_allocation
9,5029,greenran_low,0,0,65535_65535,0,3,43425,1906,1,1,1,28,1906,28,1,1,allocated
9,5029,greenran_low,0,0,65535_65535,0,4,45110,828,1,1,0,28,0,16,1,1,pre_allocation
9,5029,greenran_low,0,0,65535_65535,0,4,45110,858,1,1,1,29,858,16,1,1,allocated
9,5029,greenran_low,0,0,65535_65535,0,1,44377,1348,1,1,0,28,0,22,1,1,pre_allocation
9,5029,greenran_low,0,0,65535_65535,0,1,44377,1396,1,1,1,29,1396,22,1,1,allocated
9,5029,greenran_low,0,0,65535_65535,0,5,43447,1906,1,1,0,28,0,28,1,1,pre_allocation
9,5029,greenran_low,0,0,65535_65535,0,5,43447,1974,1,1,1,29,1974,28,1,1,allocated
9,5029,greenran_low,0,0,65535_65535,0,2,43446,1906,1,1,0,28,0,28,1,1,pre_allocation
9,5029,greenran_low,0,0,65535_65535,0,2,43446,1974,1,1,1,29,1974,28,1,1,allocated
9,5029,greenran_low,0,0,65535_65535,0,3,43425,1906,1,1,0,28,0,28,1,1,pre_allocation
9,5029,greenran_low,0,0,65535_65535,0,3,43425,1974,1,1,1,29,1974,28,1,1,allocated
9,5029,greenran_low,0,0,65535_65535,0,4,45110,858,1,1,0,29,0,16,1,1,pre_allocation
9,5029,greenran_low,0,0,65535_65535,0,4,45110,888,1,1,1,30,888,16,1,1,allocated
9,5029,greenran_low,0,0,65535_65535,0,1,44377,1396,1,1,0,29,0,22,1,1,pre_allocation
9,5029,greenran_low,0,0,65535_65535,0,1,44377,1444,1,1,1,30,1444,22,1,1,allocated
9,5029,greenran_low,0,0,65535_65535,0,5,43447,1974,1,1,0,29,0,28,1,1,pre_allocation
9,5029,greenran_low,0,0,65535_65535,0,5,43447,2043,1,1,1,30,2043,28,1,1,allocated
9,5029,greenran_low,0,0,65535_65535,0,2,43446,1974,1,1,0,29,0,28,1,1,pre_allocation
9,5029,greenran_low,0,0,65535_65535,0,2,43446,2043,1,1,1,30,2043,28,1,1,allocated
9,5029,greenran_low,0,0,65535_65535,0,3,43425,1974,1,1,0,29,0,28,1,1,pre_allocation
9,5029,greenran_low,0,0,65535_65535,0,3,43425,2043,1,1,1,30,2043,28,1,1,allocated
9,5029,greenran_low,0,0,65535_65535,0,4,45110,888,1,1,0,30,0,16,1,1,pre_allocation
9,5029,greenran_low,0,0,65535_65535,0,4,45110,917,1,1,1,31,917,16,1,1,allocated
9,5029,greenran_low,0,0,65535_65535,0,1,44377,1444,1,1,0,30,0,22,1,1,pre_allocation
9,5029,greenran_low,0,0,65535_65535,0,1,44377,1493,1,1,1,31,1493,22,1,1,allocated
9,5029,greenran_low,0,0,65535_65535,0,5,43447,2043,1,1,0,30,0,28,1,1,pre_allocation
9,5029,greenran_low,0,0,65535_65535,0,5,43447,2111,1,1,1,31,2111,28,1,1,allocated
9,5029,greenran_low,0,0,65535_65535,0,2,43446,2043,1,1,0,30,0,28,1,1,pre_allocation
9,5029,greenran_low,0,0,65535_65535,0,2,43446,2111,1,1,1,31,2111,28,1,1,allocated
9,5029,greenran_low,0,0,65535_65535,0,3,43425,2043,1,1,0,30,0,28,1,1,pre_allocation
9,5029,greenran_low,0,0,65535_65535,0,3,43425,2111,1,1,1,31,2111,28,1,1,allocated
9,5029,greenran_low,0,0,65535_65535,0,4,45110,917,1,1,0,31,0,16,1,1,pre_allocation
9,5029,greenran_low,0,0,65535_65535,0,4,45110,947,1,1,1,32,947,16,1,1,allocated
9,5029,greenran_low,0,0,65535_65535,0,1,44377,1493,1,1,0,31,0,22,1,1,pre_allocation
9,5029,greenran_low,0,0,65535_65535,0,1,44377,1538,1,1,1,32,1538,22,1,1,allocated
9,5029,greenran_low,0,0,65535_65535,0,5,43447,2111,1,1,0,31,0,28,1,1,pre_allocation
9,5029,greenran_low,0,0,65535_65535,0,5,43447,2179,1,1,1,32,2179,28,1,1,allocated
9,5029,greenran_low,0,0,65535_65535,0,2,43446,2111,1,1,0,31,0,28,1,1,pre_allocation
9,5029,greenran_low,0,0,65535_65535,0,2,43446,2179,1,1,1,32,2179,28,1,1,allocated
9,5029,greenran_low,0,0,65535_65535,0,3,43425,2111,1,1,0,31,0,28,1,1,pre_allocation
9,5029,greenran_low,0,0,65535_65535,0,3,43425,2179,1,1,1,32,2179,28,1,1,allocated
9,5029,greenran_low,0,0,65535_65535,0,4,45110,947,1,1,0,32,0,16,1,1,pre_allocation
9,5029,greenran_low,0,0,65535_65535,0,4,45110,977,1,1,1,33,977,16,1,1,allocated
9,5029,greenran_low,0,0,65535_65535,0,1,44377,1538,1,1,0,32,0,22,1,1,pre_allocation
9,5029,greenran_low,0,0,65535_65535,0,1,44377,1586,1,1,1,33,1586,22,1,1,allocated
9,5029,greenran_low,0,0,65535_65535,0,5,43447,2179,1,1,0,32,0,28,1,1,pre_allocation
9,5029,greenran_low,0,0,65535_65535,0,5,43447,2248,1,1,1,33,2248,28,1,1,allocated
9,5029,greenran_low,0,0,65535_65535,0,2,43446,2179,1,1,0,32,0,28,1,1,pre_allocation
9,5029,greenran_low,0,0,65535_65535,0,2,43446,2248,1,1,1,33,2248,28,1,1,allocated
9,5029,greenran_low,0,0,65535_65535,0,3,43425,2179,1,1,0,32,0,28,1,1,pre_allocation
9,5029,greenran_low,0,0,65535_65535,0,3,43425,2248,1,1,1,33,2248,28,1,1,allocated
9,5029,greenran_low,0,0,65535_65535,0,4,45110,977,1,1,0,33,0,16,1,1,pre_allocation
9,5029,greenran_low,0,0,65535_65535,0,4,45110,1006,1,1,1,34,1006,16,1,1,allocated
9,5029,greenran_low,0,0,65535_65535,0,1,44377,1586,1,1,0,33,0,22,1,1,pre_allocation
9,5029,greenran_low,0,0,65535_65535,0,1,44377,1634,1,1,1,34,1634,22,1,1,allocated
9,5029,greenran_low,0,0,65535_65535,0,5,43447,2248,1,1,0,33,0,28,1,1,pre_allocation
9,5029,greenran_low,0,0,65535_65535,0,5,43447,2313,1,1,1,34,2313,28,1,1,allocated
9,5029,greenran_low,0,0,65535_65535,0,2,43446,2248,1,1,0,33,0,28,1,1,pre_allocation
9,5029,greenran_low,0,0,65535_65535,0,2,43446,2313,1,1,1,34,2313,28,1,1,allocated
9,5029,greenran_low,0,0,65535_65535,0,3,43425,2248,1,1,0,33,0,28,1,1,pre_allocation
9,5029,greenran_low,0,0,65535_65535,0,3,43425,2313,1,1,1,34,2313,28,1,1,allocated
9,5029,greenran_low,0,0,65535_65535,0,4,45110,1006,1,1,0,34,0,16,1,1,pre_allocation
9,5029,greenran_low,0,0,65535_65535,0,4,45110,1036,1,1,1,35,1036,16,1,1,allocated
9,5029,greenran_low,0,0,65535_65535,0,1,44377,1634,1,1,0,34,0,22,1,1,pre_allocation
9,5029,greenran_low,0,0,65535_65535,0,1,44377,1683,1,1,1,35,1683,22,1,1,allocated
9,5029,greenran_low,0,0,65535_65535,0,5,43447,2313,1,1,0,34,0,28,1,1,pre_allocation
9,5029,greenran_low,0,0,65535_65535,0,5,43447,2381,1,1,1,35,2381,28,1,1,allocated
9,5029,greenran_low,0,0,65535_65535,0,2,43446,2313,1,1,0,34,0,28,1,1,pre_allocation
9,5029,greenran_low,0,0,65535_65535,0,2,43446,2381,1,1,1,35,2381,28,1,1,allocated
9,5029,greenran_low,0,0,65535_65535,0,3,43425,2313,1,1,0,34,0,28,1,1,pre_allocation
9,5029,greenran_low,0,0,65535_65535,0,3,43425,2381,1,1,1,35,2381,28,1,1,allocated
9,5029,greenran_low,0,0,65535_65535,0,4,45110,1036,1,1,0,35,0,16,1,1,pre_allocation
9,5029,greenran_low,0,0,65535_65535,0,4,45110,1066,1,1,1,36,1066,16,1,1,allocated
9,5029,greenran_low,0,0,65535_65535,0,1,44377,1683,1,1,0,35,0,22,1,1,pre_allocation
9,5029,greenran_low,0,0,65535_65535,0,1,44377,1731,1,1,1,36,1731,22,1,1,allocated
9,5029,greenran_low,0,0,65535_65535,0,5,43447,2381,1,1,0,35,0,28,1,1,pre_allocation
9,5029,greenran_low,0,0,65535_65535,0,5,43447,2450,1,1,1,36,2450,28,1,1,allocated
9,5029,greenran_low,0,0,65535_65535,0,2,43446,2381,1,1,0,35,0,28,1,1,pre_allocation
9,5029,greenran_low,0,0,65535_65535,0,2,43446,2450,1,1,1,36,2450,28,1,1,allocated
9,5029,greenran_low,0,0,65535_65535,0,3,43425,2381,1,1,0,35,0,28,1,1,pre_allocation
9,5029,greenran_low,0,0,65535_65535,0,3,43425,2450,1,1,1,36,2450,28,1,1,allocated
9,5029,greenran_low,0,0,65535_65535,0,4,45110,1066,1,1,0,36,0,16,1,1,pre_allocation
9,5029,greenran_low,0,0,65535_65535,0,4,45110,1095,1,1,1,37,1095,16,1,1,allocated
9,5029,greenran_low,0,0,65535_65535,0,1,44377,1731,1,1,0,36,0,22,1,1,pre_allocation
9,5029,greenran_low,0,0,65535_65535,0,1,44377,1779,1,1,1,37,1779,22,1,1,allocated
9,5029,greenran_low,0,0,65535_65535,0,5,43447,2450,1,1,0,36,0,28,1,1,pre_allocation
9,5029,greenran_low,0,0,65535_65535,0,5,43447,2518,1,1,1,37,2518,28,1,1,allocated
9,5029,greenran_low,0,0,65535_65535,0,2,43446,2450,1,1,0,36,0,28,1,1,pre_allocation
9,5029,greenran_low,0,0,65535_65535,0,2,43446,2518,1,1,1,37,2518,28,1,1,allocated
9,5029,greenran_low,0,0,65535_65535,0,3,43425,2450,1,1,0,36,0,28,1,1,pre_allocation
9,5029,greenran_low,0,0,65535_65535,0,3,43425,2518,1,1,1,37,2518,28,1,1,allocated
9,5029,greenran_low,0,0,65535_65535,0,4,45110,1095,1,1,0,37,0,16,1,1,pre_allocation
9,5029,greenran_low,0,0,65535_65535,0,4,45110,1125,1,1,1,38,1125,16,1,1,allocated
9,5029,greenran_low,0,0,65535_65535,0,1,44377,1779,1,1,0,37,0,22,1,1,pre_allocation
9,5029,greenran_low,0,0,65535_65535,0,1,44377,1827,1,1,1,38,1827,22,1,1,allocated
9,5029,greenran_low,0,0,65535_65535,0,5,43447,2518,1,1,0,37,0,28,1,1,pre_allocation
9,5029,greenran_low,0,0,65535_65535,0,5,43447,2586,1,1,1,38,2586,28,1,1,allocated
9,5029,greenran_low,0,0,65535_65535,0,2,43446,2518,1,1,0,37,0,28,1,1,pre_allocation
9,5029,greenran_low,0,0,65535_65535,0,2,43446,2586,1,1,1,38,2586,28,1,1,allocated
9,5029,greenran_low,0,0,65535_65535,0,3,43425,2518,1,1,0,37,0,28,1,1,pre_allocation
9,5029,greenran_low,0,0,65535_65535,0,3,43425,2586,1,1,1,38,2586,28,1,1,allocated
9,5029,greenran_low,0,0,65535_65535,0,4,45110,1125,1,1,0,38,0,16,1,1,pre_allocation
9,5029,greenran_low,0,0,65535_65535,0,4,45110,1155,1,1,1,39,1155,16,1,1,allocated
9,5029,greenran_low,0,0,65535_65535,0,1,44377,1827,1,1,0,38,0,22,1,1,pre_allocation
9,5029,greenran_low,0,0,65535_65535,0,1,44377,1876,1,1,1,39,1876,22,1,1,allocated
9,5029,greenran_low,0,0,65535_65535,0,5,43447,2586,1,1,0,38,0,28,1,1,pre_allocation
9,5029,greenran_low,0,0,65535_65535,0,5,43447,2655,1,1,1,39,2655,28,1,1,allocated
9,5029,greenran_low,0,0,65535_65535,0,2,43446,2586,1,1,0,38,0,28,1,1,pre_allocation
9,5029,greenran_low,0,0,65535_65535,0,2,43446,2655,1,1,1,39,2655,28,1,1,allocated
9,5029,greenran_low,0,0,65535_65535,0,3,43425,2586,1,1,0,38,0,28,1,1,pre_allocation
9,5029,greenran_low,0,0,65535_65535,0,3,43425,2655,1,1,1,39,2655,28,1,1,allocated
9,5029,greenran_low,0,0,65535_65535,0,4,45110,1155,1,1,0,39,0,16,1,1,pre_allocation
9,5029,greenran_low,0,0,65535_65535,0,4,45110,1185,1,1,1,40,1185,16,1,1,allocated
9,5029,greenran_low,0,0,65535_65535,2,23,2890291,0,1,1,0,0,0,2,1,1,pre_allocation
9,5029,greenran_low,0,0,65535_65535,2,23,2890291,2,1,1,1,1,2,2,1,1,allocated
9,5029,greenran_low,0,0,65535_65535,2,24,2888604,0,1,1,0,0,0,26,1,1,pre_allocation
9,5029,greenran_low,0,0,65535_65535,2,24,2888604,60,1,1,1,1,60,26,1,1,allocated
9,5029,greenran_low,0,0,65535_65535,2,21,2888568,0,1,1,0,0,0,26,1,1,pre_allocation
9,5029,greenran_low,0,0,65535_65535,2,21,2888568,60,1,1,1,1,60,26,1,1,allocated
9,5029,greenran_low,0,0,65535_65535,2,20,2888536,0,1,1,0,0,0,28,1,1,pre_allocation
9,5029,greenran_low,0,0,65535_65535,2,20,2888536,65,1,1,1,1,65,28,1,1,allocated
9,5029,greenran_low,0,0,65535_65535,2,22,2888575,0,1,1,0,0,0,28,1,1,pre_allocation
9,5029,greenran_low,0,0,65535_65535,2,22,2888575,65,1,1,1,1,65,28,1,1,allocated
9,5029,greenran_low,0,0,65535_65535,2,23,2890291,2,1,1,0,1,0,2,1,1,pre_allocation
9,5029,greenran_low,0,0,65535_65535,2,23,2890291,2,1,1,1,2,2,2,1,1,allocated
9,5029,greenran_low,0,0,65535_65535,2,24,2888604,60,1,1,0,1,0,26,1,1,pre_allocation
9,5029,greenran_low,0,0,65535_65535,2,24,2888604,123,1,1,1,2,123,26,1,1,allocated
9,5029,greenran_low,0,0,65535_65535,2,21,2888568,60,1,1,0,1,0,26,1,1,pre_allocation
9,5029,greenran_low,0,0,65535_65535,2,21,2888568,123,1,1,1,2,123,26,1,1,allocated
9,5029,greenran_low,0,0,65535_65535,2,20,2888536,65,1,1,0,1,0,28,1,1,pre_allocation
9,5029,greenran_low,0,0,65535_65535,2,20,2888536,133,1,1,1,2,133,28,1,1,allocated
9,5029,greenran_low,0,0,65535_65535,2,22,2888575,65,1,1,0,1,0,28,1,1,pre_allocation
9,5029,greenran_low,0,0,65535_65535,2,22,2888575,133,1,1,1,2,133,28,1,1,allocated
9,5029,greenran_low,0,0,65535_65535,2,23,2890291,2,1,1,0,2,0,2,1,1,pre_allocation
9,5029,greenran_low,0,0,65535_65535,2,23,2890291,5,1,1,1,3,5,2,1,1,allocated
9,5029,greenran_low,0,0,65535_65535,2,24,2888604,123,1,1,0,2,0,26,1,1,pre_allocation
9,5029,greenran_low,0,0,65535_65535,2,24,2888604,186,1,1,1,3,186,26,1,1,allocated
9,5029,greenran_low,0,0,65535_65535,2,21,2888568,123,1,1,0,2,0,26,1,1,pre_allocation
9,5029,greenran_low,0,0,65535_65535,2,21,2888568,186,1,1,1,3,186,26,1,1,allocated
9,5029,greenran_low,0,0,65535_65535,2,20,2888536,133,1,1,0,2,0,28,1,1,pre_allocation
9,5029,greenran_low,0,0,65535_65535,2,20,2888536,201,1,1,1,3,201,28,1,1,allocated
9,5029,greenran_low,0,0,65535_65535,2,22,2888575,133,1,1,0,2,0,28,1,1,pre_allocation
9,5029,greenran_low,0,0,65535_65535,2,22,2888575,201,1,1,1,3,201,28,1,1,allocated
9,5029,greenran_low,0,0,65535_65535,2,23,2890291,5,1,1,0,3,0,2,1,1,pre_allocation
9,5029,greenran_low,0,0,65535_65535,2,23,2890291,7,1,1,1,4,7,2,1,1,allocated
9,5029,greenran_low,0,0,65535_65535,2,24,2888604,186,1,1,0,3,0,26,1,1,pre_allocation
9,5029,greenran_low,0,0,65535_65535,2,24,2888604,249,1,1,1,4,249,26,1,1,allocated
9,5029,greenran_low,0,0,65535_65535,2,21,2888568,186,1,1,0,3,0,26,1,1,pre_allocation
9,5029,greenran_low,0,0,65535_65535,2,21,2888568,249,1,1,1,4,249,26,1,1,allocated
9,5029,greenran_low,0,0,65535_65535,2,20,2888536,201,1,1,0,3,0,28,1,1,pre_allocation
9,5029,greenran_low,0,0,65535_65535,2,20,2888536,270,1,1,1,4,270,28,1,1,allocated
9,5029,greenran_low,0,0,65535_65535,2,22,2888575,201,1,1,0,3,0,28,1,1,pre_allocation
9,5029,greenran_low,0,0,65535_65535,2,22,2888575,270,1,1,1,4,270,28,1,1,allocated
9,5029,greenran_low,0,0,65535_65535,2,23,2890291,7,1,1,0,4,0,2,1,1,pre_allocation
9,5029,greenran_low,0,0,65535_65535,2,23,2890291,10,1,1,1,5,10,2,1,1,allocated
9,5029,greenran_low,0,0,65535_65535,2,24,2888604,249,1,1,0,4,0,26,1,1,pre_allocation
9,5029,greenran_low,0,0,65535_65535,2,24,2888604,312,1,1,1,5,312,26,1,1,allocated
9,5029,greenran_low,0,0,65535_65535,2,21,2888568,249,1,1,0,4,0,26,1,1,pre_allocation
9,5029,greenran_low,0,0,65535_65535,2,21,2888568,312,1,1,1,5,312,26,1,1,allocated
9,5029,greenran_low,0,0,65535_65535,2,20,2888536,270,1,1,0,4,0,28,1,1,pre_allocation
9,5029,greenran_low,0,0,65535_65535,2,20,2888536,338,1,1,1,5,338,28,1,1,allocated
9,5029,greenran_low,0,0,65535_65535,2,22,2888575,270,1,1,0,4,0,28,1,1,pre_allocation
9,5029,greenran_low,0,0,65535_65535,2,22,2888575,338,1,1,1,5,338,28,1,1,allocated
9,5029,greenran_low,0,0,65535_65535,2,23,2890291,10,1,1,0,5,0,2,1,1,pre_allocation
9,5029,greenran_low,0,0,65535_65535,2,23,2890291,13,1,1,1,6,13,2,1,1,allocated
9,5029,greenran_low,0,0,65535_65535,2,24,2888604,312,1,1,0,5,0,26,1,1,pre_allocation
9,5029,greenran_low,0,0,65535_65535,2,24,2888604,375,1,1,1,6,375,26,1,1,allocated
9,5029,greenran_low,0,0,65535_65535,2,21,2888568,312,1,1,0,5,0,26,1,1,pre_allocation
9,5029,greenran_low,0,0,65535_65535,2,21,2888568,375,1,1,1,6,375,26,1,1,allocated
9,5029,greenran_low,0,0,65535_65535,2,20,2888536,338,1,1,0,5,0,28,1,1,pre_allocation
9,5029,greenran_low,0,0,65535_65535,2,20,2888536,406,1,1,1,6,406,28,1,1,allocated
9,5029,greenran_low,0,0,65535_65535,2,22,2888575,338,1,1,0,5,0,28,1,1,pre_allocation
9,5029,greenran_low,0,0,65535_65535,2,22,2888575,406,1,1,1,6,406,28,1,1,allocated
9,5029,greenran_low,0,0,65535_65535,2,23,2890291,13,1,1,0,6,0,2,1,1,pre_allocation
9,5029,greenran_low,0,0,65535_65535,2,23,2890291,16,1,1,1,7,16,2,1,1,allocated
9,5029,greenran_low,0,0,65535_65535,2,24,2888604,375,1,1,0,6,0,26,1,1,pre_allocation
9,5029,greenran_low,0,0,65535_65535,2,24,2888604,438,1,1,1,7,438,26,1,1,allocated
9,5029,greenran_low,0,0,65535_65535,2,21,2888568,375,1,1,0,6,0,26,1,1,pre_allocation
9,5029,greenran_low,0,0,65535_65535,2,21,2888568,438,1,1,1,7,438,26,1,1,allocated
9,5029,greenran_low,0,0,65535_65535,2,20,2888536,406,1,1,0,6,0,28,1,1,pre_allocation
9,5029,greenran_low,0,0,65535_65535,2,20,2888536,475,1,1,1,7,475,28,1,1,allocated
9,5029,greenran_low,0,0,65535_65535,2,22,2888575,406,1,1,0,6,0,28,1,1,pre_allocation
9,5029,greenran_low,0,0,65535_65535,2,22,2888575,475,1,1,1,7,475,28,1,1,allocated
9,5029,greenran_low,0,0,65535_65535,2,23,2890291,16,1,1,0,7,0,2,1,1,pre_allocation
9,5029,greenran_low,0,0,65535_65535,2,23,2890291,18,1,1,1,8,18,2,1,1,allocated
9,5029,greenran_low,0,0,65535_65535,2,24,2888604,438,1,1,0,7,0,26,1,1,pre_allocation
9,5029,greenran_low,0,0,65535_65535,2,24,2888604,501,1,1,1,8,501,26,1,1,allocated
9,5029,greenran_low,0,0,65535_65535,2,21,2888568,438,1,1,0,7,0,26,1,1,pre_allocation
9,5029,greenran_low,0,0,65535_65535,2,21,2888568,501,1,1,1,8,501,26,1,1,allocated
9,5029,greenran_low,0,0,65535_65535,2,20,2888536,475,1,1,0,7,0,28,1,1,pre_allocation
9,5029,greenran_low,0,0,65535_65535,2,20,2888536,543,1,1,1,8,543,28,1,1,allocated
9,5029,greenran_low,0,0,65535_65535,2,22,2888575,475,1,1,0,7,0,28,1,1,pre_allocation
9,5029,greenran_low,0,0,65535_65535,2,22,2888575,543,1,1,1,8,543,28,1,1,allocated
9,5029,greenran_low,0,0,65535_65535,2,23,2890291,18,1,1,0,8,0,2,1,1,pre_allocation
9,5029,greenran_low,0,0,65535_65535,2,23,2890291,21,1,1,1,9,21,2,1,1,allocated
9,5029,greenran_low,0,0,65535_65535,2,24,2888604,501,1,1,0,8,0,26,1,1,pre_allocation
9,5029,greenran_low,0,0,65535_65535,2,24,2888604,565,1,1,1,9,565,26,1,1,allocated
9,5029,greenran_low,0,0,65535_65535,2,21,2888568,501,1,1,0,8,0,26,1,1,pre_allocation
9,5029,greenran_low,0,0,65535_65535,2,21,2888568,565,1,1,1,9,565,26,1,1,allocated
9,5029,greenran_low,0,0,65535_65535,2,20,2888536,543,1,1,0,8,0,28,1,1,pre_allocation
9,5029,greenran_low,0,0,65535_65535,2,20,2888536,611,1,1,1,9,611,28,1,1,allocated
9,5029,greenran_low,0,0,65535_65535,2,22,2888575,543,1,1,0,8,0,28,1,1,pre_allocation
9,5029,greenran_low,0,0,65535_65535,2,22,2888575,611,1,1,1,9,611,28,1,1,allocated
9,5029,greenran_low,0,0,65535_65535,2,23,2890291,21,1,1,0,9,0,2,1,1,pre_allocation
9,5029,greenran_low,0,0,65535_65535,2,23,2890291,24,1,1,1,10,24,2,1,1,allocated
9,5029,greenran_low,0,0,65535_65535,2,24,2888604,565,1,1,0,9,0,26,1,1,pre_allocation
9,5029,greenran_low,0,0,65535_65535,2,24,2888604,628,1,1,1,10,628,26,1,1,allocated
9,5029,greenran_low,0,0,65535_65535,2,21,2888568,565,1,1,0,9,0,26,1,1,pre_allocation
9,5029,greenran_low,0,0,65535_65535,2,21,2888568,628,1,1,1,10,628,26,1,1,allocated
9,5029,greenran_low,0,0,65535_65535,2,20,2888536,611,1,1,0,9,0,28,1,1,pre_allocation
9,5029,greenran_low,0,0,65535_65535,2,20,2888536,680,1,1,1,10,680,28,1,1,allocated
9,5029,greenran_low,0,0,65535_65535,2,22,2888575,611,1,1,0,9,0,28,1,1,pre_allocation
9,5029,greenran_low,0,0,65535_65535,2,22,2888575,680,1,1,1,10,680,28,1,1,allocated
9,5029,greenran_low,0,0,65535_65535,2,23,2890291,24,1,1,0,10,0,2,1,1,pre_allocation
9,5029,greenran_low,0,0,65535_65535,2,23,2890291,26,1,1,1,11,26,2,1,1,allocated
9,5029,greenran_low,0,0,65535_65535,2,24,2888604,628,1,1,0,10,0,26,1,1,pre_allocation
9,5029,greenran_low,0,0,65535_65535,2,24,2888604,691,1,1,1,11,691,26,1,1,allocated
9,5029,greenran_low,0,0,65535_65535,2,21,2888568,628,1,1,0,10,0,26,1,1,pre_allocation
9,5029,greenran_low,0,0,65535_65535,2,21,2888568,691,1,1,1,11,691,26,1,1,allocated
9,5029,greenran_low,0,0,65535_65535,2,20,2888536,680,1,1,0,10,0,28,1,1,pre_allocation
9,5029,greenran_low,0,0,65535_65535,2,20,2888536,748,1,1,1,11,748,28,1,1,allocated
9,5029,greenran_low,0,0,65535_65535,2,22,2888575,680,1,1,0,10,0,28,1,1,pre_allocation
9,5029,greenran_low,0,0,65535_65535,2,22,2888575,748,1,1,1,11,748,28,1,1,allocated
9,5029,greenran_low,0,0,65535_65535,2,23,2890291,26,1,1,0,11,0,2,1,1,pre_allocation
9,5029,greenran_low,0,0,65535_65535,2,23,2890291,29,1,1,1,12,29,2,1,1,allocated
9,5029,greenran_low,0,0,65535_65535,2,24,2888604,691,1,1,0,11,0,26,1,1,pre_allocation
9,5029,greenran_low,0,0,65535_65535,2,24,2888604,754,1,1,1,12,754,26,1,1,allocated
9,5029,greenran_low,0,0,65535_65535,2,21,2888568,691,1,1,0,11,0,26,1,1,pre_allocation
9,5029,greenran_low,0,0,65535_65535,2,21,2888568,754,1,1,1,12,754,26,1,1,allocated
9,5029,greenran_low,0,0,65535_65535,2,20,2888536,748,1,1,0,11,0,28,1,1,pre_allocation
9,5029,greenran_low,0,0,65535_65535,2,20,2888536,816,1,1,1,12,816,28,1,1,allocated
9,5029,greenran_low,0,0,65535_65535,2,22,2888575,748,1,1,0,11,0,28,1,1,pre_allocation
9,5029,greenran_low,0,0,65535_65535,2,22,2888575,816,1,1,1,12,816,28,1,1,allocated
9,5029,greenran_low,0,0,65535_65535,2,23,2890291,29,1,1,0,12,0,2,1,1,pre_allocation
9,5029,greenran_low,0,0,65535_65535,2,23,2890291,32,1,1,1,13,32,2,1,1,allocated
9,5029,greenran_low,0,0,65535_65535,2,24,2888604,754,1,1,0,12,0,26,1,1,pre_allocation
9,5029,greenran_low,0,0,65535_65535,2,24,2888604,817,1,1,1,13,817,26,1,1,allocated
9,5029,greenran_low,0,0,65535_65535,2,21,2888568,754,1,1,0,12,0,26,1,1,pre_allocation
9,5029,greenran_low,0,0,65535_65535,2,21,2888568,817,1,1,1,13,817,26,1,1,allocated
9,5029,greenran_low,0,0,65535_65535,2,20,2888536,816,1,1,0,12,0,28,1,1,pre_allocation
9,5029,greenran_low,0,0,65535_65535,2,20,2888536,885,1,1,1,13,885,28,1,1,allocated
9,5029,greenran_low,0,0,65535_65535,2,22,2888575,816,1,1,0,12,0,28,1,1,pre_allocation
9,5029,greenran_low,0,0,65535_65535,2,22,2888575,885,1,1,1,13,885,28,1,1,allocated
9,5029,greenran_low,0,0,65535_65535,2,23,2890291,32,1,1,0,13,0,2,1,1,pre_allocation
9,5029,greenran_low,0,0,65535_65535,2,23,2890291,35,1,1,1,14,35,2,1,1,allocated
9,5029,greenran_low,0,0,65535_65535,2,24,2888604,817,1,1,0,13,0,26,1,1,pre_allocation
9,5029,greenran_low,0,0,65535_65535,2,24,2888604,880,1,1,1,14,880,26,1,1,allocated
9,5029,greenran_low,0,0,65535_65535,2,21,2888568,817,1,1,0,13,0,26,1,1,pre_allocation
9,5029,greenran_low,0,0,65535_65535,2,21,2888568,880,1,1,1,14,880,26,1,1,allocated
9,5029,greenran_low,0,0,65535_65535,2,20,2888536,885,1,1,0,13,0,28,1,1,pre_allocation
9,5029,greenran_low,0,0,65535_65535,2,20,2888536,953,1,1,1,14,953,28,1,1,allocated
9,5029,greenran_low,0,0,65535_65535,2,22,2888575,885,1,1,0,13,0,28,1,1,pre_allocation
9,5029,greenran_low,0,0,65535_65535,2,22,2888575,953,1,1,1,14,953,28,1,1,allocated
10,5409,greenran_low,0,0,65535_65535,0,4,47886,0,1,1,0,0,0,16,1,1,pre_allocation
10,5409,greenran_low,0,0,65535_65535,0,4,47886,26,1,1,1,1,26,16,1,1,allocated
10,5409,greenran_low,0,0,65535_65535,0,1,46459,0,1,1,0,0,0,22,1,1,pre_allocation
10,5409,greenran_low,0,0,65535_65535,0,1,46459,45,1,1,1,1,45,22,1,1,allocated
10,5409,greenran_low,0,0,65535_65535,0,5,44747,0,1,1,0,0,0,28,1,1,pre_allocation
10,5409,greenran_low,0,0,65535_65535,0,5,44747,65,1,1,1,1,65,28,1,1,allocated
10,5409,greenran_low,0,0,65535_65535,0,2,44746,0,1,1,0,0,0,28,1,1,pre_allocation
10,5409,greenran_low,0,0,65535_65535,0,2,44746,65,1,1,1,1,65,28,1,1,allocated
10,5409,greenran_low,0,0,65535_65535,0,3,44725,0,1,1,0,0,0,28,1,1,pre_allocation
10,5409,greenran_low,0,0,65535_65535,0,3,44725,65,1,1,1,1,65,28,1,1,allocated
10,5409,greenran_low,0,0,65535_65535,0,4,47886,26,1,1,0,1,0,16,1,1,pre_allocation
10,5409,greenran_low,0,0,65535_65535,0,4,47886,56,1,1,1,2,56,16,1,1,allocated
10,5409,greenran_low,0,0,65535_65535,0,1,46459,45,1,1,0,1,0,22,1,1,pre_allocation
10,5409,greenran_low,0,0,65535_65535,0,1,46459,93,1,1,1,2,93,22,1,1,allocated
10,5409,greenran_low,0,0,65535_65535,0,5,44747,65,1,1,0,1,0,28,1,1,pre_allocation
10,5409,greenran_low,0,0,65535_65535,0,5,44747,133,1,1,1,2,133,28,1,1,allocated
10,5409,greenran_low,0,0,65535_65535,0,2,44746,65,1,1,0,1,0,28,1,1,pre_allocation
10,5409,greenran_low,0,0,65535_65535,0,2,44746,133,1,1,1,2,133,28,1,1,allocated
10,5409,greenran_low,0,0,65535_65535,0,3,44725,65,1,1,0,1,0,28,1,1,pre_allocation
10,5409,greenran_low,0,0,65535_65535,0,3,44725,133,1,1,1,2,133,28,1,1,allocated
10,5409,greenran_low,0,0,65535_65535,0,4,47886,56,1,1,0,2,0,16,1,1,pre_allocation
10,5409,greenran_low,0,0,65535_65535,0,4,47886,86,1,1,1,3,86,16,1,1,allocated
10,5409,greenran_low,0,0,65535_65535,0,1,46459,93,1,1,0,2,0,22,1,1,pre_allocation
10,5409,greenran_low,0,0,65535_65535,0,1,46459,141,1,1,1,3,141,22,1,1,allocated
10,5409,greenran_low,0,0,65535_65535,0,5,44747,133,1,1,0,2,0,28,1,1,pre_allocation
10,5409,greenran_low,0,0,65535_65535,0,5,44747,201,1,1,1,3,201,28,1,1,allocated
10,5409,greenran_low,0,0,65535_65535,0,2,44746,133,1,1,0,2,0,28,1,1,pre_allocation
10,5409,greenran_low,0,0,65535_65535,0,2,44746,201,1,1,1,3,201,28,1,1,allocated
10,5409,greenran_low,0,0,65535_65535,0,3,44725,133,1,1,0,2,0,28,1,1,pre_allocation
10,5409,greenran_low,0,0,65535_65535,0,3,44725,201,1,1,1,3,201,28,1,1,allocated
10,5409,greenran_low,0,0,65535_65535,0,4,47886,86,1,1,0,3,0,16,1,1,pre_allocation
10,5409,greenran_low,0,0,65535_65535,0,4,47886,115,1,1,1,4,115,16,1,1,allocated
10,5409,greenran_low,0,0,65535_65535,0,1,46459,141,1,1,0,3,0,22,1,1,pre_allocation
10,5409,greenran_low,0,0,65535_65535,0,1,46459,190,1,1,1,4,190,22,1,1,allocated
10,5409,greenran_low,0,0,65535_65535,0,5,44747,201,1,1,0,3,0,28,1,1,pre_allocation
10,5409,greenran_low,0,0,65535_65535,0,5,44747,270,1,1,1,4,270,28,1,1,allocated
10,5409,greenran_low,0,0,65535_65535,0,2,44746,201,1,1,0,3,0,28,1,1,pre_allocation
10,5409,greenran_low,0,0,65535_65535,0,2,44746,270,1,1,1,4,270,28,1,1,allocated
10,5409,greenran_low,0,0,65535_65535,0,3,44725,201,1,1,0,3,0,28,1,1,pre_allocation
10,5409,greenran_low,0,0,65535_65535,0,3,44725,270,1,1,1,4,270,28,1,1,allocated
10,5409,greenran_low,0,0,65535_65535,0,4,47886,115,1,1,0,4,0,16,1,1,pre_allocation
10,5409,greenran_low,0,0,65535_65535,0,4,47886,145,1,1,1,5,145,16,1,1,allocated
10,5409,greenran_low,0,0,65535_65535,0,1,46459,190,1,1,0,4,0,22,1,1,pre_allocation
10,5409,greenran_low,0,0,65535_65535,0,1,46459,238,1,1,1,5,238,22,1,1,allocated
10,5409,greenran_low,0,0,65535_65535,0,5,44747,270,1,1,0,4,0,28,1,1,pre_allocation
10,5409,greenran_low,0,0,65535_65535,0,5,44747,338,1,1,1,5,338,28,1,1,allocated
10,5409,greenran_low,0,0,65535_65535,0,2,44746,270,1,1,0,4,0,28,1,1,pre_allocation
10,5409,greenran_low,0,0,65535_65535,0,2,44746,338,1,1,1,5,338,28,1,1,allocated
10,5409,greenran_low,0,0,65535_65535,0,3,44725,270,1,1,0,4,0,28,1,1,pre_allocation
10,5409,greenran_low,0,0,65535_65535,0,3,44725,338,1,1,1,5,338,28,1,1,allocated
10,5409,greenran_low,0,0,65535_65535,0,4,47886,145,1,1,0,5,0,16,1,1,pre_allocation
10,5409,greenran_low,0,0,65535_65535,0,4,47886,175,1,1,1,6,175,16,1,1,allocated
10,5409,greenran_low,0,0,65535_65535,0,1,46459,238,1,1,0,5,0,22,1,1,pre_allocation
10,5409,greenran_low,0,0,65535_65535,0,1,46459,286,1,1,1,6,286,22,1,1,allocated
10,5409,greenran_low,0,0,65535_65535,0,5,44747,338,1,1,0,5,0,28,1,1,pre_allocation
10,5409,greenran_low,0,0,65535_65535,0,5,44747,406,1,1,1,6,406,28,1,1,allocated
10,5409,greenran_low,0,0,65535_65535,0,2,44746,338,1,1,0,5,0,28,1,1,pre_allocation
10,5409,greenran_low,0,0,65535_65535,0,2,44746,406,1,1,1,6,406,28,1,1,allocated
10,5409,greenran_low,0,0,65535_65535,0,3,44725,338,1,1,0,5,0,28,1,1,pre_allocation
10,5409,greenran_low,0,0,65535_65535,0,3,44725,406,1,1,1,6,406,28,1,1,allocated
10,5409,greenran_low,0,0,65535_65535,0,4,47886,175,1,1,0,6,0,16,1,1,pre_allocation
10,5409,greenran_low,0,0,65535_65535,0,4,47886,204,1,1,1,7,204,16,1,1,allocated
10,5409,greenran_low,0,0,65535_65535,0,1,46459,286,1,1,0,6,0,22,1,1,pre_allocation
10,5409,greenran_low,0,0,65535_65535,0,1,46459,334,1,1,1,7,334,22,1,1,allocated
10,5409,greenran_low,0,0,65535_65535,0,5,44747,406,1,1,0,6,0,28,1,1,pre_allocation
10,5409,greenran_low,0,0,65535_65535,0,5,44747,475,1,1,1,7,475,28,1,1,allocated
10,5409,greenran_low,0,0,65535_65535,0,2,44746,406,1,1,0,6,0,28,1,1,pre_allocation
10,5409,greenran_low,0,0,65535_65535,0,2,44746,475,1,1,1,7,475,28,1,1,allocated
10,5409,greenran_low,0,0,65535_65535,0,3,44725,406,1,1,0,6,0,28,1,1,pre_allocation
10,5409,greenran_low,0,0,65535_65535,0,3,44725,475,1,1,1,7,475,28,1,1,allocated
10,5409,greenran_low,0,0,65535_65535,0,4,47886,204,1,1,0,7,0,16,1,1,pre_allocation
10,5409,greenran_low,0,0,65535_65535,0,4,47886,234,1,1,1,8,234,16,1,1,allocated
10,5409,greenran_low,0,0,65535_65535,0,1,46459,334,1,1,0,7,0,22,1,1,pre_allocation
10,5409,greenran_low,0,0,65535_65535,0,1,46459,383,1,1,1,8,383,22,1,1,allocated
10,5409,greenran_low,0,0,65535_65535,0,5,44747,475,1,1,0,7,0,28,1,1,pre_allocation
10,5409,greenran_low,0,0,65535_65535,0,5,44747,543,1,1,1,8,543,28,1,1,allocated
10,5409,greenran_low,0,0,65535_65535,0,2,44746,475,1,1,0,7,0,28,1,1,pre_allocation
10,5409,greenran_low,0,0,65535_65535,0,2,44746,543,1,1,1,8,543,28,1,1,allocated
10,5409,greenran_low,0,0,65535_65535,0,3,44725,475,1,1,0,7,0,28,1,1,pre_allocation
10,5409,greenran_low,0,0,65535_65535,0,3,44725,543,1,1,1,8,543,28,1,1,allocated
10,5409,greenran_low,0,0,65535_65535,0,4,47886,234,1,1,0,8,0,16,1,1,pre_allocation
10,5409,greenran_low,0,0,65535_65535,0,4,47886,264,1,1,1,9,264,16,1,1,allocated
10,5409,greenran_low,0,0,65535_65535,0,1,46459,383,1,1,0,8,0,22,1,1,pre_allocation
10,5409,greenran_low,0,0,65535_65535,0,1,46459,431,1,1,1,9,431,22,1,1,allocated
10,5409,greenran_low,0,0,65535_65535,0,5,44747,543,1,1,0,8,0,28,1,1,pre_allocation
10,5409,greenran_low,0,0,65535_65535,0,5,44747,611,1,1,1,9,611,28,1,1,allocated
10,5409,greenran_low,0,0,65535_65535,0,2,44746,543,1,1,0,8,0,28,1,1,pre_allocation
10,5409,greenran_low,0,0,65535_65535,0,2,44746,611,1,1,1,9,611,28,1,1,allocated
10,5409,greenran_low,0,0,65535_65535,0,3,44725,543,1,1,0,8,0,28,1,1,pre_allocation
10,5409,greenran_low,0,0,65535_65535,0,3,44725,611,1,1,1,9,611,28,1,1,allocated
10,5409,greenran_low,0,0,65535_65535,0,4,47886,264,1,1,0,9,0,16,1,1,pre_allocation
10,5409,greenran_low,0,0,65535_65535,0,4,47886,294,1,1,1,10,294,16,1,1,allocated
10,5409,greenran_low,0,0,65535_65535,0,1,46459,431,1,1,0,9,0,22,1,1,pre_allocation
10,5409,greenran_low,0,0,65535_65535,0,1,46459,479,1,1,1,10,479,22,1,1,allocated
10,5409,greenran_low,0,0,65535_65535,0,5,44747,611,1,1,0,9,0,28,1,1,pre_allocation
10,5409,greenran_low,0,0,65535_65535,0,5,44747,680,1,1,1,10,680,28,1,1,allocated
10,5409,greenran_low,0,0,65535_65535,0,2,44746,611,1,1,0,9,0,28,1,1,pre_allocation
10,5409,greenran_low,0,0,65535_65535,0,2,44746,680,1,1,1,10,680,28,1,1,allocated
10,5409,greenran_low,0,0,65535_65535,0,3,44725,611,1,1,0,9,0,28,1,1,pre_allocation
10,5409,greenran_low,0,0,65535_65535,0,3,44725,680,1,1,1,10,680,28,1,1,allocated
10,5409,greenran_low,0,0,65535_65535,0,4,47886,294,1,1,0,10,0,16,1,1,pre_allocation
10,5409,greenran_low,0,0,65535_65535,0,4,47886,323,1,1,1,11,323,16,1,1,allocated
10,5409,greenran_low,0,0,65535_65535,0,1,46459,479,1,1,0,10,0,22,1,1,pre_allocation
10,5409,greenran_low,0,0,65535_65535,0,1,46459,527,1,1,1,11,527,22,1,1,allocated
10,5409,greenran_low,0,0,65535_65535,0,5,44747,680,1,1,0,10,0,28,1,1,pre_allocation
10,5409,greenran_low,0,0,65535_65535,0,5,44747,748,1,1,1,11,748,28,1,1,allocated
10,5409,greenran_low,0,0,65535_65535,0,2,44746,680,1,1,0,10,0,28,1,1,pre_allocation
10,5409,greenran_low,0,0,65535_65535,0,2,44746,748,1,1,1,11,748,28,1,1,allocated
10,5409,greenran_low,0,0,65535_65535,0,3,44725,680,1,1,0,10,0,28,1,1,pre_allocation
10,5409,greenran_low,0,0,65535_65535,0,3,44725,748,1,1,1,11,748,28,1,1,allocated
10,5409,greenran_low,0,0,65535_65535,0,4,47886,323,1,1,0,11,0,16,1,1,pre_allocation
10,5409,greenran_low,0,0,65535_65535,0,4,47886,353,1,1,1,12,353,16,1,1,allocated
10,5409,greenran_low,0,0,65535_65535,0,1,46459,527,1,1,0,11,0,22,1,1,pre_allocation
10,5409,greenran_low,0,0,65535_65535,0,1,46459,576,1,1,1,12,576,22,1,1,allocated
10,5409,greenran_low,0,0,65535_65535,0,5,44747,748,1,1,0,11,0,28,1,1,pre_allocation
10,5409,greenran_low,0,0,65535_65535,0,5,44747,816,1,1,1,12,816,28,1,1,allocated
10,5409,greenran_low,0,0,65535_65535,0,2,44746,748,1,1,0,11,0,28,1,1,pre_allocation
10,5409,greenran_low,0,0,65535_65535,0,2,44746,816,1,1,1,12,816,28,1,1,allocated
10,5409,greenran_low,0,0,65535_65535,0,3,44725,748,1,1,0,11,0,28,1,1,pre_allocation
10,5409,greenran_low,0,0,65535_65535,0,3,44725,816,1,1,1,12,816,28,1,1,allocated
10,5409,greenran_low,0,0,65535_65535,0,4,47886,353,1,1,0,12,0,16,1,1,pre_allocation
10,5409,greenran_low,0,0,65535_65535,0,4,47886,383,1,1,1,13,383,16,1,1,allocated
10,5409,greenran_low,0,0,65535_65535,0,1,46459,576,1,1,0,12,0,22,1,1,pre_allocation
10,5409,greenran_low,0,0,65535_65535,0,1,46459,624,1,1,1,13,624,22,1,1,allocated
10,5409,greenran_low,0,0,65535_65535,0,5,44747,816,1,1,0,12,0,28,1,1,pre_allocation
10,5409,greenran_low,0,0,65535_65535,0,5,44747,885,1,1,1,13,885,28,1,1,allocated
10,5409,greenran_low,0,0,65535_65535,0,2,44746,816,1,1,0,12,0,28,1,1,pre_allocation
10,5409,greenran_low,0,0,65535_65535,0,2,44746,885,1,1,1,13,885,28,1,1,allocated
10,5409,greenran_low,0,0,65535_65535,0,3,44725,816,1,1,0,12,0,28,1,1,pre_allocation
10,5409,greenran_low,0,0,65535_65535,0,3,44725,885,1,1,1,13,885,28,1,1,allocated
10,5409,greenran_low,0,0,65535_65535,0,4,47886,383,1,1,0,13,0,16,1,1,pre_allocation
10,5409,greenran_low,0,0,65535_65535,0,4,47886,412,1,1,1,14,412,16,1,1,allocated
10,5409,greenran_low,0,0,65535_65535,0,1,46459,624,1,1,0,13,0,22,1,1,pre_allocation
10,5409,greenran_low,0,0,65535_65535,0,1,46459,672,1,1,1,14,672,22,1,1,allocated
10,5409,greenran_low,0,0,65535_65535,0,5,44747,885,1,1,0,13,0,28,1,1,pre_allocation
10,5409,greenran_low,0,0,65535_65535,0,5,44747,953,1,1,1,14,953,28,1,1,allocated
10,5409,greenran_low,0,0,65535_65535,0,2,44746,885,1,1,0,13,0,28,1,1,pre_allocation
10,5409,greenran_low,0,0,65535_65535,0,2,44746,953,1,1,1,14,953,28,1,1,allocated
10,5409,greenran_low,0,0,65535_65535,0,3,44725,885,1,1,0,13,0,28,1,1,pre_allocation
10,5409,greenran_low,0,0,65535_65535,0,3,44725,953,1,1,1,14,953,28,1,1,allocated
10,5409,greenran_low,0,0,65535_65535,0,4,47886,412,1,1,0,14,0,16,1,1,pre_allocation
10,5409,greenran_low,0,0,65535_65535,0,4,47886,442,1,1,1,15,442,16,1,1,allocated
10,5409,greenran_low,0,0,65535_65535,0,1,46459,672,1,1,0,14,0,22,1,1,pre_allocation
10,5409,greenran_low,0,0,65535_65535,0,1,46459,720,1,1,1,15,720,22,1,1,allocated
10,5409,greenran_low,0,0,65535_65535,0,5,44747,953,1,1,0,14,0,28,1,1,pre_allocation
10,5409,greenran_low,0,0,65535_65535,0,5,44747,1021,1,1,1,15,1021,28,1,1,allocated
10,5409,greenran_low,0,0,65535_65535,0,2,44746,953,1,1,0,14,0,28,1,1,pre_allocation
10,5409,greenran_low,0,0,65535_65535,0,2,44746,1021,1,1,1,15,1021,28,1,1,allocated
10,5409,greenran_low,0,0,65535_65535,0,3,44725,953,1,1,0,14,0,28,1,1,pre_allocation
10,5409,greenran_low,0,0,65535_65535,0,3,44725,1021,1,1,1,15,1021,28,1,1,allocated
10,5409,greenran_low,0,0,65535_65535,0,4,47886,442,1,1,0,15,0,16,1,1,pre_allocation
10,5409,greenran_low,0,0,65535_65535,0,4,47886,472,1,1,1,16,472,16,1,1,allocated
10,5409,greenran_low,0,0,65535_65535,0,1,46459,720,1,1,0,15,0,22,1,1,pre_allocation
10,5409,greenran_low,0,0,65535_65535,0,1,46459,769,1,1,1,16,769,22,1,1,allocated
10,5409,greenran_low,0,0,65535_65535,0,5,44747,1021,1,1,0,15,0,28,1,1,pre_allocation
10,5409,greenran_low,0,0,65535_65535,0,5,44747,1089,1,1,1,16,1089,28,1,1,allocated
10,5409,greenran_low,0,0,65535_65535,0,2,44746,1021,1,1,0,15,0,28,1,1,pre_allocation
10,5409,greenran_low,0,0,65535_65535,0,2,44746,1089,1,1,1,16,1089,28,1,1,allocated
10,5409,greenran_low,0,0,65535_65535,0,3,44725,1021,1,1,0,15,0,28,1,1,pre_allocation
10,5409,greenran_low,0,0,65535_65535,0,3,44725,1089,1,1,1,16,1089,28,1,1,allocated
10,5409,greenran_low,0,0,65535_65535,0,4,47886,472,1,1,0,16,0,16,1,1,pre_allocation
10,5409,greenran_low,0,0,65535_65535,0,4,47886,501,1,1,1,17,501,16,1,1,allocated
10,5409,greenran_low,0,0,65535_65535,0,1,46459,769,1,1,0,16,0,22,1,1,pre_allocation
10,5409,greenran_low,0,0,65535_65535,0,1,46459,817,1,1,1,17,817,22,1,1,allocated
10,5409,greenran_low,0,0,65535_65535,0,5,44747,1089,1,1,0,16,0,28,1,1,pre_allocation
10,5409,greenran_low,0,0,65535_65535,0,5,44747,1158,1,1,1,17,1158,28,1,1,allocated
10,5409,greenran_low,0,0,65535_65535,0,2,44746,1089,1,1,0,16,0,28,1,1,pre_allocation
10,5409,greenran_low,0,0,65535_65535,0,2,44746,1158,1,1,1,17,1158,28,1,1,allocated
10,5409,greenran_low,0,0,65535_65535,0,3,44725,1089,1,1,0,16,0,28,1,1,pre_allocation
10,5409,greenran_low,0,0,65535_65535,0,3,44725,1158,1,1,1,17,1158,28,1,1,allocated
10,5409,greenran_low,0,0,65535_65535,0,4,47886,501,1,1,0,17,0,16,1,1,pre_allocation
10,5409,greenran_low,0,0,65535_65535,0,4,47886,531,1,1,1,18,531,16,1,1,allocated
10,5409,greenran_low,0,0,65535_65535,0,1,46459,817,1,1,0,17,0,22,1,1,pre_allocation
10,5409,greenran_low,0,0,65535_65535,0,1,46459,865,1,1,1,18,865,22,1,1,allocated
10,5409,greenran_low,0,0,65535_65535,0,5,44747,1158,1,1,0,17,0,28,1,1,pre_allocation
10,5409,greenran_low,0,0,65535_65535,0,5,44747,1226,1,1,1,18,1226,28,1,1,allocated
10,5409,greenran_low,0,0,65535_65535,0,2,44746,1158,1,1,0,17,0,28,1,1,pre_allocation
10,5409,greenran_low,0,0,65535_65535,0,2,44746,1226,1,1,1,18,1226,28,1,1,allocated
10,5409,greenran_low,0,0,65535_65535,0,3,44725,1158,1,1,0,17,0,28,1,1,pre_allocation
10,5409,greenran_low,0,0,65535_65535,0,3,44725,1226,1,1,1,18,1226,28,1,1,allocated
10,5409,greenran_low,0,0,65535_65535,0,4,47886,531,1,1,0,18,0,16,1,1,pre_allocation
10,5409,greenran_low,0,0,65535_65535,0,4,47886,561,1,1,1,19,561,16,1,1,allocated
10,5409,greenran_low,0,0,65535_65535,0,1,46459,865,1,1,0,18,0,22,1,1,pre_allocation
10,5409,greenran_low,0,0,65535_65535,0,1,46459,913,1,1,1,19,913,22,1,1,allocated
10,5409,greenran_low,0,0,65535_65535,0,5,44747,1226,1,1,0,18,0,28,1,1,pre_allocation
10,5409,greenran_low,0,0,65535_65535,0,5,44747,1294,1,1,1,19,1294,28,1,1,allocated
10,5409,greenran_low,0,0,65535_65535,0,2,44746,1226,1,1,0,18,0,28,1,1,pre_allocation
10,5409,greenran_low,0,0,65535_65535,0,2,44746,1294,1,1,1,19,1294,28,1,1,allocated
10,5409,greenran_low,0,0,65535_65535,0,3,44725,1226,1,1,0,18,0,28,1,1,pre_allocation
10,5409,greenran_low,0,0,65535_65535,0,3,44725,1294,1,1,1,19,1294,28,1,1,allocated
10,5409,greenran_low,0,0,65535_65535,0,4,47886,561,1,1,0,19,0,16,1,1,pre_allocation
10,5409,greenran_low,0,0,65535_65535,0,4,47886,591,1,1,1,20,591,16,1,1,allocated
10,5409,greenran_low,0,0,65535_65535,0,1,46459,913,1,1,0,19,0,22,1,1,pre_allocation
10,5409,greenran_low,0,0,65535_65535,0,1,46459,962,1,1,1,20,962,22,1,1,allocated
10,5409,greenran_low,0,0,65535_65535,0,5,44747,1294,1,1,0,19,0,28,1,1,pre_allocation
10,5409,greenran_low,0,0,65535_65535,0,5,44747,1363,1,1,1,20,1363,28,1,1,allocated
10,5409,greenran_low,0,0,65535_65535,0,2,44746,1294,1,1,0,19,0,28,1,1,pre_allocation
10,5409,greenran_low,0,0,65535_65535,0,2,44746,1363,1,1,1,20,1363,28,1,1,allocated
10,5409,greenran_low,0,0,65535_65535,0,3,44725,1294,1,1,0,19,0,28,1,1,pre_allocation
10,5409,greenran_low,0,0,65535_65535,0,3,44725,1363,1,1,1,20,1363,28,1,1,allocated
10,5409,greenran_low,0,0,65535_65535,0,4,47886,591,1,1,0,20,0,16,1,1,pre_allocation
10,5409,greenran_low,0,0,65535_65535,0,4,47886,620,1,1,1,21,620,16,1,1,allocated
10,5409,greenran_low,0,0,65535_65535,0,1,46459,962,1,1,0,20,0,22,1,1,pre_allocation
10,5409,greenran_low,0,0,65535_65535,0,1,46459,1010,1,1,1,21,1010,22,1,1,allocated
10,5409,greenran_low,0,0,65535_65535,0,5,44747,1363,1,1,0,20,0,28,1,1,pre_allocation
10,5409,greenran_low,0,0,65535_65535,0,5,44747,1431,1,1,1,21,1431,28,1,1,allocated
10,5409,greenran_low,0,0,65535_65535,0,2,44746,1363,1,1,0,20,0,28,1,1,pre_allocation
10,5409,greenran_low,0,0,65535_65535,0,2,44746,1431,1,1,1,21,1431,28,1,1,allocated
10,5409,greenran_low,0,0,65535_65535,0,3,44725,1363,1,1,0,20,0,28,1,1,pre_allocation
10,5409,greenran_low,0,0,65535_65535,0,3,44725,1431,1,1,1,21,1431,28,1,1,allocated
10,5409,greenran_low,0,0,65535_65535,0,4,47886,620,1,1,0,21,0,16,1,1,pre_allocation
10,5409,greenran_low,0,0,65535_65535,0,4,47886,650,1,1,1,22,650,16,1,1,allocated
10,5409,greenran_low,0,0,65535_65535,0,1,46459,1010,1,1,0,21,0,22,1,1,pre_allocation
10,5409,greenran_low,0,0,65535_65535,0,1,46459,1058,1,1,1,22,1058,22,1,1,allocated
10,5409,greenran_low,0,0,65535_65535,0,5,44747,1431,1,1,0,21,0,28,1,1,pre_allocation
10,5409,greenran_low,0,0,65535_65535,0,5,44747,1499,1,1,1,22,1499,28,1,1,allocated
10,5409,greenran_low,0,0,65535_65535,0,2,44746,1431,1,1,0,21,0,28,1,1,pre_allocation
10,5409,greenran_low,0,0,65535_65535,0,2,44746,1499,1,1,1,22,1499,28,1,1,allocated
10,5409,greenran_low,0,0,65535_65535,0,3,44725,1431,1,1,0,21,0,28,1,1,pre_allocation
10,5409,greenran_low,0,0,65535_65535,0,3,44725,1499,1,1,1,22,1499,28,1,1,allocated
10,5409,greenran_low,0,0,65535_65535,0,4,47886,650,1,1,0,22,0,16,1,1,pre_allocation
10,5409,greenran_low,0,0,65535_65535,0,4,47886,680,1,1,1,23,680,16,1,1,allocated
10,5409,greenran_low,0,0,65535_65535,0,1,46459,1058,1,1,0,22,0,22,1,1,pre_allocation
10,5409,greenran_low,0,0,65535_65535,0,1,46459,1107,1,1,1,23,1107,22,1,1,allocated
10,5409,greenran_low,0,0,65535_65535,0,5,44747,1499,1,1,0,22,0,28,1,1,pre_allocation
10,5409,greenran_low,0,0,65535_65535,0,5,44747,1565,1,1,1,23,1565,28,1,1,allocated
10,5409,greenran_low,0,0,65535_65535,0,2,44746,1499,1,1,0,22,0,28,1,1,pre_allocation
10,5409,greenran_low,0,0,65535_65535,0,2,44746,1565,1,1,1,23,1565,28,1,1,allocated
10,5409,greenran_low,0,0,65535_65535,0,3,44725,1499,1,1,0,22,0,28,1,1,pre_allocation
10,5409,greenran_low,0,0,65535_65535,0,3,44725,1565,1,1,1,23,1565,28,1,1,allocated
10,5409,greenran_low,0,0,65535_65535,0,4,47886,680,1,1,0,23,0,16,1,1,pre_allocation
10,5409,greenran_low,0,0,65535_65535,0,4,47886,709,1,1,1,24,709,16,1,1,allocated
10,5409,greenran_low,0,0,65535_65535,0,1,46459,1107,1,1,0,23,0,22,1,1,pre_allocation
10,5409,greenran_low,0,0,65535_65535,0,1,46459,1155,1,1,1,24,1155,22,1,1,allocated
10,5409,greenran_low,0,0,65535_65535,0,5,44747,1565,1,1,0,23,0,28,1,1,pre_allocation
10,5409,greenran_low,0,0,65535_65535,0,5,44747,1633,1,1,1,24,1633,28,1,1,allocated
10,5409,greenran_low,0,0,65535_65535,0,2,44746,1565,1,1,0,23,0,28,1,1,pre_allocation
10,5409,greenran_low,0,0,65535_65535,0,2,44746,1633,1,1,1,24,1633,28,1,1,allocated
10,5409,greenran_low,0,0,65535_65535,0,3,44725,1565,1,1,0,23,0,28,1,1,pre_allocation
10,5409,greenran_low,0,0,65535_65535,0,3,44725,1633,1,1,1,24,1633,28,1,1,allocated
10,5409,greenran_low,0,0,65535_65535,0,4,47886,709,1,1,0,24,0,16,1,1,pre_allocation
10,5409,greenran_low,0,0,65535_65535,0,4,47886,739,1,1,1,25,739,16,1,1,allocated
10,5409,greenran_low,0,0,65535_65535,0,1,46459,1155,1,1,0,24,0,22,1,1,pre_allocation
10,5409,greenran_low,0,0,65535_65535,0,1,46459,1203,1,1,1,25,1203,22,1,1,allocated
10,5409,greenran_low,0,0,65535_65535,0,5,44747,1633,1,1,0,24,0,28,1,1,pre_allocation
10,5409,greenran_low,0,0,65535_65535,0,5,44747,1701,1,1,1,25,1701,28,1,1,allocated
10,5409,greenran_low,0,0,65535_65535,0,2,44746,1633,1,1,0,24,0,28,1,1,pre_allocation
10,5409,greenran_low,0,0,65535_65535,0,2,44746,1701,1,1,1,25,1701,28,1,1,allocated
10,5409,greenran_low,0,0,65535_65535,0,3,44725,1633,1,1,0,24,0,28,1,1,pre_allocation
10,5409,greenran_low,0,0,65535_65535,0,3,44725,1701,1,1,1,25,1701,28,1,1,allocated
10,5409,greenran_low,0,0,65535_65535,0,4,47886,739,1,1,0,25,0,16,1,1,pre_allocation
10,5409,greenran_low,0,0,65535_65535,0,4,47886,769,1,1,1,26,769,16,1,1,allocated
10,5409,greenran_low,0,0,65535_65535,0,1,46459,1203,1,1,0,25,0,22,1,1,pre_allocation
10,5409,greenran_low,0,0,65535_65535,0,1,46459,1251,1,1,1,26,1251,22,1,1,allocated
10,5409,greenran_low,0,0,65535_65535,0,5,44747,1701,1,1,0,25,0,28,1,1,pre_allocation
10,5409,greenran_low,0,0,65535_65535,0,5,44747,1770,1,1,1,26,1770,28,1,1,allocated
10,5409,greenran_low,0,0,65535_65535,0,2,44746,1701,1,1,0,25,0,28,1,1,pre_allocation
10,5409,greenran_low,0,0,65535_65535,0,2,44746,1770,1,1,1,26,1770,28,1,1,allocated
10,5409,greenran_low,0,0,65535_65535,0,3,44725,1701,1,1,0,25,0,28,1,1,pre_allocation
10,5409,greenran_low,0,0,65535_65535,0,3,44725,1770,1,1,1,26,1770,28,1,1,allocated
10,5409,greenran_low,0,0,65535_65535,0,4,47886,769,1,1,0,26,0,16,1,1,pre_allocation
10,5409,greenran_low,0,0,65535_65535,0,4,47886,798,1,1,1,27,798,16,1,1,allocated
10,5409,greenran_low,0,0,65535_65535,0,1,46459,1251,1,1,0,26,0,22,1,1,pre_allocation
10,5409,greenran_low,0,0,65535_65535,0,1,46459,1300,1,1,1,27,1300,22,1,1,allocated
10,5409,greenran_low,0,0,65535_65535,0,5,44747,1770,1,1,0,26,0,28,1,1,pre_allocation
10,5409,greenran_low,0,0,65535_65535,0,5,44747,1838,1,1,1,27,1838,28,1,1,allocated
10,5409,greenran_low,0,0,65535_65535,0,2,44746,1770,1,1,0,26,0,28,1,1,pre_allocation
10,5409,greenran_low,0,0,65535_65535,0,2,44746,1838,1,1,1,27,1838,28,1,1,allocated
10,5409,greenran_low,0,0,65535_65535,0,3,44725,1770,1,1,0,26,0,28,1,1,pre_allocation
10,5409,greenran_low,0,0,65535_65535,0,3,44725,1838,1,1,1,27,1838,28,1,1,allocated
10,5409,greenran_low,0,0,65535_65535,0,4,47886,798,1,1,0,27,0,16,1,1,pre_allocation
10,5409,greenran_low,0,0,65535_65535,0,4,47886,828,1,1,1,28,828,16,1,1,allocated
10,5409,greenran_low,0,0,65535_65535,0,1,46459,1300,1,1,0,27,0,22,1,1,pre_allocation
10,5409,greenran_low,0,0,65535_65535,0,1,46459,1348,1,1,1,28,1348,22,1,1,allocated
10,5409,greenran_low,0,0,65535_65535,0,5,44747,1838,1,1,0,27,0,28,1,1,pre_allocation
10,5409,greenran_low,0,0,65535_65535,0,5,44747,1906,1,1,1,28,1906,28,1,1,allocated
10,5409,greenran_low,0,0,65535_65535,0,2,44746,1838,1,1,0,27,0,28,1,1,pre_allocation
10,5409,greenran_low,0,0,65535_65535,0,2,44746,1906,1,1,1,28,1906,28,1,1,allocated
10,5409,greenran_low,0,0,65535_65535,0,3,44725,1838,1,1,0,27,0,28,1,1,pre_allocation
10,5409,greenran_low,0,0,65535_65535,0,3,44725,1906,1,1,1,28,1906,28,1,1,allocated
10,5409,greenran_low,0,0,65535_65535,0,4,47886,828,1,1,0,28,0,16,1,1,pre_allocation
10,5409,greenran_low,0,0,65535_65535,0,4,47886,858,1,1,1,29,858,16,1,1,allocated
10,5409,greenran_low,0,0,65535_65535,0,1,46459,1348,1,1,0,28,0,22,1,1,pre_allocation
10,5409,greenran_low,0,0,65535_65535,0,1,46459,1396,1,1,1,29,1396,22,1,1,allocated
10,5409,greenran_low,0,0,65535_65535,0,5,44747,1906,1,1,0,28,0,28,1,1,pre_allocation
10,5409,greenran_low,0,0,65535_65535,0,5,44747,1974,1,1,1,29,1974,28,1,1,allocated
10,5409,greenran_low,0,0,65535_65535,0,2,44746,1906,1,1,0,28,0,28,1,1,pre_allocation
10,5409,greenran_low,0,0,65535_65535,0,2,44746,1974,1,1,1,29,1974,28,1,1,allocated
10,5409,greenran_low,0,0,65535_65535,0,3,44725,1906,1,1,0,28,0,28,1,1,pre_allocation
10,5409,greenran_low,0,0,65535_65535,0,3,44725,1974,1,1,1,29,1974,28,1,1,allocated
10,5409,greenran_low,0,0,65535_65535,0,4,47886,858,1,1,0,29,0,16,1,1,pre_allocation
10,5409,greenran_low,0,0,65535_65535,0,4,47886,888,1,1,1,30,888,16,1,1,allocated
10,5409,greenran_low,0,0,65535_65535,0,1,46459,1396,1,1,0,29,0,22,1,1,pre_allocation
10,5409,greenran_low,0,0,65535_65535,0,1,46459,1444,1,1,1,30,1444,22,1,1,allocated
10,5409,greenran_low,0,0,65535_65535,0,5,44747,1974,1,1,0,29,0,28,1,1,pre_allocation
10,5409,greenran_low,0,0,65535_65535,0,5,44747,2043,1,1,1,30,2043,28,1,1,allocated
10,5409,greenran_low,0,0,65535_65535,0,2,44746,1974,1,1,0,29,0,28,1,1,pre_allocation
10,5409,greenran_low,0,0,65535_65535,0,2,44746,2043,1,1,1,30,2043,28,1,1,allocated
10,5409,greenran_low,0,0,65535_65535,0,3,44725,1974,1,1,0,29,0,28,1,1,pre_allocation
10,5409,greenran_low,0,0,65535_65535,0,3,44725,2043,1,1,1,30,2043,28,1,1,allocated
10,5409,greenran_low,0,0,65535_65535,0,4,47886,888,1,1,0,30,0,16,1,1,pre_allocation
10,5409,greenran_low,0,0,65535_65535,0,4,47886,917,1,1,1,31,917,16,1,1,allocated
10,5409,greenran_low,0,0,65535_65535,0,1,46459,1444,1,1,0,30,0,22,1,1,pre_allocation
10,5409,greenran_low,0,0,65535_65535,0,1,46459,1493,1,1,1,31,1493,22,1,1,allocated
10,5409,greenran_low,0,0,65535_65535,0,5,44747,2043,1,1,0,30,0,28,1,1,pre_allocation
10,5409,greenran_low,0,0,65535_65535,0,5,44747,2111,1,1,1,31,2111,28,1,1,allocated
10,5409,greenran_low,0,0,65535_65535,0,2,44746,2043,1,1,0,30,0,28,1,1,pre_allocation
10,5409,greenran_low,0,0,65535_65535,0,2,44746,2111,1,1,1,31,2111,28,1,1,allocated
10,5409,greenran_low,0,0,65535_65535,0,3,44725,2043,1,1,0,30,0,28,1,1,pre_allocation
10,5409,greenran_low,0,0,65535_65535,0,3,44725,2111,1,1,1,31,2111,28,1,1,allocated
10,5409,greenran_low,0,0,65535_65535,0,4,47886,917,1,1,0,31,0,16,1,1,pre_allocation
10,5409,greenran_low,0,0,65535_65535,0,4,47886,947,1,1,1,32,947,16,1,1,allocated
10,5409,greenran_low,0,0,65535_65535,0,1,46459,1493,1,1,0,31,0,22,1,1,pre_allocation
10,5409,greenran_low,0,0,65535_65535,0,1,46459,1538,1,1,1,32,1538,22,1,1,allocated
10,5409,greenran_low,0,0,65535_65535,0,5,44747,2111,1,1,0,31,0,28,1,1,pre_allocation
10,5409,greenran_low,0,0,65535_65535,0,5,44747,2179,1,1,1,32,2179,28,1,1,allocated
10,5409,greenran_low,0,0,65535_65535,0,2,44746,2111,1,1,0,31,0,28,1,1,pre_allocation
10,5409,greenran_low,0,0,65535_65535,0,2,44746,2179,1,1,1,32,2179,28,1,1,allocated
10,5409,greenran_low,0,0,65535_65535,0,3,44725,2111,1,1,0,31,0,28,1,1,pre_allocation
10,5409,greenran_low,0,0,65535_65535,0,3,44725,2179,1,1,1,32,2179,28,1,1,allocated
10,5409,greenran_low,0,0,65535_65535,0,4,47886,947,1,1,0,32,0,16,1,1,pre_allocation
10,5409,greenran_low,0,0,65535_65535,0,4,47886,977,1,1,1,33,977,16,1,1,allocated
10,5409,greenran_low,0,0,65535_65535,0,1,46459,1538,1,1,0,32,0,22,1,1,pre_allocation
10,5409,greenran_low,0,0,65535_65535,0,1,46459,1586,1,1,1,33,1586,22,1,1,allocated
10,5409,greenran_low,0,0,65535_65535,0,5,44747,2179,1,1,0,32,0,28,1,1,pre_allocation
10,5409,greenran_low,0,0,65535_65535,0,5,44747,2248,1,1,1,33,2248,28,1,1,allocated
10,5409,greenran_low,0,0,65535_65535,0,2,44746,2179,1,1,0,32,0,28,1,1,pre_allocation
10,5409,greenran_low,0,0,65535_65535,0,2,44746,2248,1,1,1,33,2248,28,1,1,allocated
10,5409,greenran_low,0,0,65535_65535,0,3,44725,2179,1,1,0,32,0,28,1,1,pre_allocation
10,5409,greenran_low,0,0,65535_65535,0,3,44725,2248,1,1,1,33,2248,28,1,1,allocated
10,5409,greenran_low,0,0,65535_65535,0,4,47886,977,1,1,0,33,0,16,1,1,pre_allocation
10,5409,greenran_low,0,0,65535_65535,0,4,47886,1006,1,1,1,34,1006,16,1,1,allocated
10,5409,greenran_low,0,0,65535_65535,0,1,46459,1586,1,1,0,33,0,22,1,1,pre_allocation
10,5409,greenran_low,0,0,65535_65535,0,1,46459,1634,1,1,1,34,1634,22,1,1,allocated
10,5409,greenran_low,0,0,65535_65535,0,5,44747,2248,1,1,0,33,0,28,1,1,pre_allocation
10,5409,greenran_low,0,0,65535_65535,0,5,44747,2313,1,1,1,34,2313,28,1,1,allocated
10,5409,greenran_low,0,0,65535_65535,0,2,44746,2248,1,1,0,33,0,28,1,1,pre_allocation
10,5409,greenran_low,0,0,65535_65535,0,2,44746,2313,1,1,1,34,2313,28,1,1,allocated
10,5409,greenran_low,0,0,65535_65535,0,3,44725,2248,1,1,0,33,0,28,1,1,pre_allocation
10,5409,greenran_low,0,0,65535_65535,0,3,44725,2313,1,1,1,34,2313,28,1,1,allocated
10,5409,greenran_low,0,0,65535_65535,0,4,47886,1006,1,1,0,34,0,16,1,1,pre_allocation
10,5409,greenran_low,0,0,65535_65535,0,4,47886,1036,1,1,1,35,1036,16,1,1,allocated
10,5409,greenran_low,0,0,65535_65535,0,1,46459,1634,1,1,0,34,0,22,1,1,pre_allocation
10,5409,greenran_low,0,0,65535_65535,0,1,46459,1683,1,1,1,35,1683,22,1,1,allocated
10,5409,greenran_low,0,0,65535_65535,0,5,44747,2313,1,1,0,34,0,28,1,1,pre_allocation
10,5409,greenran_low,0,0,65535_65535,0,5,44747,2381,1,1,1,35,2381,28,1,1,allocated
10,5409,greenran_low,0,0,65535_65535,0,2,44746,2313,1,1,0,34,0,28,1,1,pre_allocation
10,5409,greenran_low,0,0,65535_65535,0,2,44746,2381,1,1,1,35,2381,28,1,1,allocated
10,5409,greenran_low,0,0,65535_65535,0,3,44725,2313,1,1,0,34,0,28,1,1,pre_allocation
10,5409,greenran_low,0,0,65535_65535,0,3,44725,2381,1,1,1,35,2381,28,1,1,allocated
10,5409,greenran_low,0,0,65535_65535,0,4,47886,1036,1,1,0,35,0,16,1,1,pre_allocation
10,5409,greenran_low,0,0,65535_65535,0,4,47886,1066,1,1,1,36,1066,16,1,1,allocated
10,5409,greenran_low,0,0,65535_65535,0,1,46459,1683,1,1,0,35,0,22,1,1,pre_allocation
10,5409,greenran_low,0,0,65535_65535,0,1,46459,1731,1,1,1,36,1731,22,1,1,allocated
10,5409,greenran_low,0,0,65535_65535,0,5,44747,2381,1,1,0,35,0,28,1,1,pre_allocation
10,5409,greenran_low,0,0,65535_65535,0,5,44747,2450,1,1,1,36,2450,28,1,1,allocated
10,5409,greenran_low,0,0,65535_65535,0,2,44746,2381,1,1,0,35,0,28,1,1,pre_allocation
10,5409,greenran_low,0,0,65535_65535,0,2,44746,2450,1,1,1,36,2450,28,1,1,allocated
10,5409,greenran_low,0,0,65535_65535,0,3,44725,2381,1,1,0,35,0,28,1,1,pre_allocation
10,5409,greenran_low,0,0,65535_65535,0,3,44725,2450,1,1,1,36,2450,28,1,1,allocated
10,5409,greenran_low,0,0,65535_65535,0,4,47886,1066,1,1,0,36,0,16,1,1,pre_allocation
10,5409,greenran_low,0,0,65535_65535,0,4,47886,1095,1,1,1,37,1095,16,1,1,allocated
10,5409,greenran_low,0,0,65535_65535,0,1,46459,1731,1,1,0,36,0,22,1,1,pre_allocation
10,5409,greenran_low,0,0,65535_65535,0,1,46459,1779,1,1,1,37,1779,22,1,1,allocated
10,5409,greenran_low,0,0,65535_65535,0,5,44747,2450,1,1,0,36,0,28,1,1,pre_allocation
10,5409,greenran_low,0,0,65535_65535,0,5,44747,2518,1,1,1,37,2518,28,1,1,allocated
10,5409,greenran_low,0,0,65535_65535,0,2,44746,2450,1,1,0,36,0,28,1,1,pre_allocation
10,5409,greenran_low,0,0,65535_65535,0,2,44746,2518,1,1,1,37,2518,28,1,1,allocated
10,5409,greenran_low,0,0,65535_65535,0,3,44725,2450,1,1,0,36,0,28,1,1,pre_allocation
10,5409,greenran_low,0,0,65535_65535,0,3,44725,2518,1,1,1,37,2518,28,1,1,allocated
10,5409,greenran_low,0,0,65535_65535,0,4,47886,1095,1,1,0,37,0,16,1,1,pre_allocation
10,5409,greenran_low,0,0,65535_65535,0,4,47886,1125,1,1,1,38,1125,16,1,1,allocated
10,5409,greenran_low,0,0,65535_65535,0,1,46459,1779,1,1,0,37,0,22,1,1,pre_allocation
10,5409,greenran_low,0,0,65535_65535,0,1,46459,1827,1,1,1,38,1827,22,1,1,allocated
10,5409,greenran_low,0,0,65535_65535,0,5,44747,2518,1,1,0,37,0,28,1,1,pre_allocation
10,5409,greenran_low,0,0,65535_65535,0,5,44747,2586,1,1,1,38,2586,28,1,1,allocated
10,5409,greenran_low,0,0,65535_65535,0,2,44746,2518,1,1,0,37,0,28,1,1,pre_allocation
10,5409,greenran_low,0,0,65535_65535,0,2,44746,2586,1,1,1,38,2586,28,1,1,allocated
10,5409,greenran_low,0,0,65535_65535,0,3,44725,2518,1,1,0,37,0,28,1,1,pre_allocation
10,5409,greenran_low,0,0,65535_65535,0,3,44725,2586,1,1,1,38,2586,28,1,1,allocated
10,5409,greenran_low,0,0,65535_65535,0,4,47886,1125,1,1,0,38,0,16,1,1,pre_allocation
10,5409,greenran_low,0,0,65535_65535,0,4,47886,1155,1,1,1,39,1155,16,1,1,allocated
10,5409,greenran_low,0,0,65535_65535,0,1,46459,1827,1,1,0,38,0,22,1,1,pre_allocation
10,5409,greenran_low,0,0,65535_65535,0,1,46459,1876,1,1,1,39,1876,22,1,1,allocated
10,5409,greenran_low,0,0,65535_65535,0,5,44747,2586,1,1,0,38,0,28,1,1,pre_allocation
10,5409,greenran_low,0,0,65535_65535,0,5,44747,2655,1,1,1,39,2655,28,1,1,allocated
10,5409,greenran_low,0,0,65535_65535,0,2,44746,2586,1,1,0,38,0,28,1,1,pre_allocation
10,5409,greenran_low,0,0,65535_65535,0,2,44746,2655,1,1,1,39,2655,28,1,1,allocated
10,5409,greenran_low,0,0,65535_65535,0,3,44725,2586,1,1,0,38,0,28,1,1,pre_allocation
10,5409,greenran_low,0,0,65535_65535,0,3,44725,2655,1,1,1,39,2655,28,1,1,allocated
10,5409,greenran_low,0,0,65535_65535,0,4,47886,1155,1,1,0,39,0,16,1,1,pre_allocation
10,5409,greenran_low,0,0,65535_65535,0,4,47886,1185,1,1,1,40,1185,16,1,1,allocated
10,5409,greenran_low,0,0,65535_65535,0,1,46459,1876,1,1,0,39,0,22,1,1,pre_allocation
10,5409,greenran_low,0,0,65535_65535,0,1,46459,1924,1,1,1,40,1924,22,1,1,allocated
10,5409,greenran_low,0,0,65535_65535,0,5,44747,2655,1,1,0,39,0,28,1,1,pre_allocation
10,5409,greenran_low,0,0,65535_65535,0,5,44747,2723,1,1,1,40,2723,28,1,1,allocated
10,5409,greenran_low,0,0,65535_65535,0,2,44746,2655,1,1,0,39,0,28,1,1,pre_allocation
10,5409,greenran_low,0,0,65535_65535,0,2,44746,2723,1,1,1,40,2723,28,1,1,allocated
10,5409,greenran_low,0,0,65535_65535,0,3,44725,2655,1,1,0,39,0,28,1,1,pre_allocation
10,5409,greenran_low,0,0,65535_65535,0,3,44725,2723,1,1,1,40,2723,28,1,1,allocated
10,5409,greenran_low,0,0,65535_65535,0,4,47886,1185,1,1,0,40,0,16,1,1,pre_allocation
10,5409,greenran_low,0,0,65535_65535,0,4,47886,1214,1,1,1,41,1214,16,1,1,allocated
10,5409,greenran_low,0,0,65535_65535,0,1,46459,1924,1,1,0,40,0,22,1,1,pre_allocation
10,5409,greenran_low,0,0,65535_65535,0,1,46459,1972,1,1,1,41,1972,22,1,1,allocated
10,5409,greenran_low,0,0,65535_65535,0,5,44747,2723,1,1,0,40,0,28,1,1,pre_allocation
10,5409,greenran_low,0,0,65535_65535,0,5,44747,2791,1,1,1,41,2791,28,1,1,allocated
10,5409,greenran_low,0,0,65535_65535,0,2,44746,2723,1,1,0,40,0,28,1,1,pre_allocation
10,5409,greenran_low,0,0,65535_65535,0,2,44746,2791,1,1,1,41,2791,28,1,1,allocated
10,5409,greenran_low,0,0,65535_65535,0,3,44725,2723,1,1,0,40,0,28,1,1,pre_allocation
10,5409,greenran_low,0,0,65535_65535,0,3,44725,2791,1,1,1,41,2791,28,1,1,allocated
10,5409,greenran_low,0,0,65535_65535,0,4,47886,1214,1,1,0,41,0,16,1,1,pre_allocation
10,5409,greenran_low,0,0,65535_65535,0,4,47886,1244,1,1,1,42,1244,16,1,1,allocated
10,5409,greenran_low,0,0,65535_65535,0,1,46459,1972,1,1,0,41,0,22,1,1,pre_allocation
10,5409,greenran_low,0,0,65535_65535,0,1,46459,2021,1,1,1,42,2021,22,1,1,allocated
10,5409,greenran_low,0,0,65535_65535,0,5,44747,2791,1,1,0,41,0,28,1,1,pre_allocation
10,5409,greenran_low,0,0,65535_65535,0,5,44747,2860,1,1,1,42,2860,28,1,1,allocated
10,5409,greenran_low,0,0,65535_65535,0,2,44746,2791,1,1,0,41,0,28,1,1,pre_allocation
10,5409,greenran_low,0,0,65535_65535,0,2,44746,2860,1,1,1,42,2860,28,1,1,allocated
10,5409,greenran_low,0,0,65535_65535,0,3,44725,2791,1,1,0,41,0,28,1,1,pre_allocation
10,5409,greenran_low,0,0,65535_65535,0,3,44725,2860,1,1,1,42,2860,28,1,1,allocated
10,5409,greenran_low,0,0,65535_65535,0,4,47886,1244,1,1,0,42,0,16,1,1,pre_allocation
10,5409,greenran_low,0,0,65535_65535,0,4,47886,1274,1,1,1,43,1274,16,1,1,allocated
10,5409,greenran_low,0,0,65535_65535,0,1,46459,2021,1,1,0,42,0,22,1,1,pre_allocation
10,5409,greenran_low,0,0,65535_65535,0,1,46459,2069,1,1,1,43,2069,22,1,1,allocated
10,5409,greenran_low,0,0,65535_65535,0,5,44747,2860,1,1,0,42,0,28,1,1,pre_allocation
10,5409,greenran_low,0,0,65535_65535,0,5,44747,2928,1,1,1,43,2928,28,1,1,allocated
10,5409,greenran_low,0,0,65535_65535,0,2,44746,2860,1,1,0,42,0,28,1,1,pre_allocation
10,5409,greenran_low,0,0,65535_65535,0,2,44746,2928,1,1,1,43,2928,28,1,1,allocated
10,5409,greenran_low,0,0,65535_65535,0,3,44725,2860,1,1,0,42,0,28,1,1,pre_allocation
10,5409,greenran_low,0,0,65535_65535,0,3,44725,2928,1,1,1,43,2928,28,1,1,allocated
10,5409,greenran_low,0,0,65535_65535,0,4,47886,1274,1,1,0,43,0,16,1,1,pre_allocation
10,5409,greenran_low,0,0,65535_65535,0,4,47886,1303,1,1,1,44,1303,16,1,1,allocated
10,5409,greenran_low,0,0,65535_65535,0,1,46459,2069,1,1,0,43,0,22,1,1,pre_allocation
10,5409,greenran_low,0,0,65535_65535,0,1,46459,2117,1,1,1,44,2117,22,1,1,allocated
10,5409,greenran_low,0,0,65535_65535,0,5,44747,2928,1,1,0,43,0,28,1,1,pre_allocation
10,5409,greenran_low,0,0,65535_65535,0,5,44747,2996,1,1,1,44,2996,28,1,1,allocated
10,5409,greenran_low,0,0,65535_65535,0,2,44746,2928,1,1,0,43,0,28,1,1,pre_allocation
10,5409,greenran_low,0,0,65535_65535,0,2,44746,2996,1,1,1,44,2996,28,1,1,allocated
10,5409,greenran_low,0,0,65535_65535,0,3,44725,2928,1,1,0,43,0,28,1,1,pre_allocation
10,5409,greenran_low,0,0,65535_65535,0,3,44725,2996,1,1,1,44,2996,28,1,1,allocated
10,5409,greenran_low,0,0,65535_65535,0,4,47886,1303,1,1,0,44,0,16,1,1,pre_allocation
10,5409,greenran_low,0,0,65535_65535,0,4,47886,1333,1,1,1,45,1333,16,1,1,allocated
10,5409,greenran_low,0,0,65535_65535,2,23,3133701,0,1,1,0,0,0,2,1,1,pre_allocation
10,5409,greenran_low,0,0,65535_65535,2,23,3133701,2,1,1,1,1,2,2,1,1,allocated
10,5409,greenran_low,0,0,65535_65535,2,24,3131169,0,1,1,0,0,0,24,1,1,pre_allocation
10,5409,greenran_low,0,0,65535_65535,2,24,3131169,52,1,1,1,1,52,24,1,1,allocated
10,5409,greenran_low,0,0,65535_65535,2,21,3131133,0,1,1,0,0,0,24,1,1,pre_allocation
10,5409,greenran_low,0,0,65535_65535,2,21,3131133,52,1,1,1,1,52,24,1,1,allocated
10,5409,greenran_low,0,0,65535_65535,2,20,3131028,0,1,1,0,0,0,28,1,1,pre_allocation
10,5409,greenran_low,0,0,65535_65535,2,20,3131028,65,1,1,1,1,65,28,1,1,allocated
10,5409,greenran_low,0,0,65535_65535,2,22,3131067,0,1,1,0,0,0,28,1,1,pre_allocation
10,5409,greenran_low,0,0,65535_65535,2,22,3131067,65,1,1,1,1,65,28,1,1,allocated
10,5409,greenran_low,0,0,65535_65535,2,23,3133701,2,1,1,0,1,0,2,1,1,pre_allocation
10,5409,greenran_low,0,0,65535_65535,2,23,3133701,2,1,1,1,2,2,2,1,1,allocated
10,5409,greenran_low,0,0,65535_65535,2,24,3131169,52,1,1,0,1,0,24,1,1,pre_allocation
10,5409,greenran_low,0,0,65535_65535,2,24,3131169,108,1,1,1,2,108,24,1,1,allocated
10,5409,greenran_low,0,0,65535_65535,2,21,3131133,52,1,1,0,1,0,24,1,1,pre_allocation
10,5409,greenran_low,0,0,65535_65535,2,21,3131133,108,1,1,1,2,108,24,1,1,allocated
10,5409,greenran_low,0,0,65535_65535,2,20,3131028,65,1,1,0,1,0,28,1,1,pre_allocation
10,5409,greenran_low,0,0,65535_65535,2,20,3131028,133,1,1,1,2,133,28,1,1,allocated
10,5409,greenran_low,0,0,65535_65535,2,22,3131067,65,1,1,0,1,0,28,1,1,pre_allocation
10,5409,greenran_low,0,0,65535_65535,2,22,3131067,133,1,1,1,2,133,28,1,1,allocated
10,5409,greenran_low,0,0,65535_65535,2,23,3133701,2,1,1,0,2,0,2,1,1,pre_allocation
10,5409,greenran_low,0,0,65535_65535,2,23,3133701,5,1,1,1,3,5,2,1,1,allocated
10,5409,greenran_low,0,0,65535_65535,2,24,3131169,108,1,1,0,2,0,24,1,1,pre_allocation
10,5409,greenran_low,0,0,65535_65535,2,24,3131169,164,1,1,1,3,164,24,1,1,allocated
10,5409,greenran_low,0,0,65535_65535,2,21,3131133,108,1,1,0,2,0,24,1,1,pre_allocation
10,5409,greenran_low,0,0,65535_65535,2,21,3131133,164,1,1,1,3,164,24,1,1,allocated
10,5409,greenran_low,0,0,65535_65535,2,20,3131028,133,1,1,0,2,0,28,1,1,pre_allocation
10,5409,greenran_low,0,0,65535_65535,2,20,3131028,201,1,1,1,3,201,28,1,1,allocated
10,5409,greenran_low,0,0,65535_65535,2,22,3131067,133,1,1,0,2,0,28,1,1,pre_allocation
10,5409,greenran_low,0,0,65535_65535,2,22,3131067,201,1,1,1,3,201,28,1,1,allocated
10,5409,greenran_low,0,0,65535_65535,2,23,3133701,5,1,1,0,3,0,2,1,1,pre_allocation
10,5409,greenran_low,0,0,65535_65535,2,23,3133701,7,1,1,1,4,7,2,1,1,allocated
10,5409,greenran_low,0,0,65535_65535,2,24,3131169,164,1,1,0,3,0,24,1,1,pre_allocation
10,5409,greenran_low,0,0,65535_65535,2,24,3131169,219,1,1,1,4,219,24,1,1,allocated
10,5409,greenran_low,0,0,65535_65535,2,21,3131133,164,1,1,0,3,0,24,1,1,pre_allocation
10,5409,greenran_low,0,0,65535_65535,2,21,3131133,219,1,1,1,4,219,24,1,1,allocated
10,5409,greenran_low,0,0,65535_65535,2,20,3131028,201,1,1,0,3,0,28,1,1,pre_allocation
10,5409,greenran_low,0,0,65535_65535,2,20,3131028,270,1,1,1,4,270,28,1,1,allocated
10,5409,greenran_low,0,0,65535_65535,2,22,3131067,201,1,1,0,3,0,28,1,1,pre_allocation
10,5409,greenran_low,0,0,65535_65535,2,22,3131067,270,1,1,1,4,270,28,1,1,allocated
10,5409,greenran_low,0,0,65535_65535,2,23,3133701,7,1,1,0,4,0,2,1,1,pre_allocation
10,5409,greenran_low,0,0,65535_65535,2,23,3133701,10,1,1,1,5,10,2,1,1,allocated
10,5409,greenran_low,0,0,65535_65535,2,24,3131169,219,1,1,0,4,0,24,1,1,pre_allocation
10,5409,greenran_low,0,0,65535_65535,2,24,3131169,275,1,1,1,5,275,24,1,1,allocated
10,5409,greenran_low,0,0,65535_65535,2,21,3131133,219,1,1,0,4,0,24,1,1,pre_allocation
10,5409,greenran_low,0,0,65535_65535,2,21,3131133,275,1,1,1,5,275,24,1,1,allocated
10,5409,greenran_low,0,0,65535_65535,2,20,3131028,270,1,1,0,4,0,28,1,1,pre_allocation
10,5409,greenran_low,0,0,65535_65535,2,20,3131028,338,1,1,1,5,338,28,1,1,allocated
10,5409,greenran_low,0,0,65535_65535,2,22,3131067,270,1,1,0,4,0,28,1,1,pre_allocation
10,5409,greenran_low,0,0,65535_65535,2,22,3131067,338,1,1,1,5,338,28,1,1,allocated
10,5409,greenran_low,0,0,65535_65535,2,23,3133701,10,1,1,0,5,0,2,1,1,pre_allocation
10,5409,greenran_low,0,0,65535_65535,2,23,3133701,13,1,1,1,6,13,2,1,1,allocated
10,5409,greenran_low,0,0,65535_65535,2,24,3131169,275,1,1,0,5,0,24,1,1,pre_allocation
10,5409,greenran_low,0,0,65535_65535,2,24,3131169,331,1,1,1,6,331,24,1,1,allocated
10,5409,greenran_low,0,0,65535_65535,2,21,3131133,275,1,1,0,5,0,24,1,1,pre_allocation
10,5409,greenran_low,0,0,65535_65535,2,21,3131133,331,1,1,1,6,331,24,1,1,allocated
10,5409,greenran_low,0,0,65535_65535,2,20,3131028,338,1,1,0,5,0,28,1,1,pre_allocation
10,5409,greenran_low,0,0,65535_65535,2,20,3131028,406,1,1,1,6,406,28,1,1,allocated
10,5409,greenran_low,0,0,65535_65535,2,22,3131067,338,1,1,0,5,0,28,1,1,pre_allocation
10,5409,greenran_low,0,0,65535_65535,2,22,3131067,406,1,1,1,6,406,28,1,1,allocated
10,5409,greenran_low,0,0,65535_65535,2,23,3133701,13,1,1,0,6,0,2,1,1,pre_allocation
10,5409,greenran_low,0,0,65535_65535,2,23,3133701,16,1,1,1,7,16,2,1,1,allocated
10,5409,greenran_low,0,0,65535_65535,2,24,3131169,331,1,1,0,6,0,24,1,1,pre_allocation
10,5409,greenran_low,0,0,65535_65535,2,24,3131169,386,1,1,1,7,386,24,1,1,allocated
10,5409,greenran_low,0,0,65535_65535,2,21,3131133,331,1,1,0,6,0,24,1,1,pre_allocation
10,5409,greenran_low,0,0,65535_65535,2,21,3131133,386,1,1,1,7,386,24,1,1,allocated
10,5409,greenran_low,0,0,65535_65535,2,20,3131028,406,1,1,0,6,0,28,1,1,pre_allocation
10,5409,greenran_low,0,0,65535_65535,2,20,3131028,475,1,1,1,7,475,28,1,1,allocated
10,5409,greenran_low,0,0,65535_65535,2,22,3131067,406,1,1,0,6,0,28,1,1,pre_allocation
10,5409,greenran_low,0,0,65535_65535,2,22,3131067,475,1,1,1,7,475,28,1,1,allocated
10,5409,greenran_low,0,0,65535_65535,2,23,3133701,16,1,1,0,7,0,2,1,1,pre_allocation
10,5409,greenran_low,0,0,65535_65535,2,23,3133701,18,1,1,1,8,18,2,1,1,allocated
10,5409,greenran_low,0,0,65535_65535,2,24,3131169,386,1,1,0,7,0,24,1,1,pre_allocation
10,5409,greenran_low,0,0,65535_65535,2,24,3131169,442,1,1,1,8,442,24,1,1,allocated
10,5409,greenran_low,0,0,65535_65535,2,21,3131133,386,1,1,0,7,0,24,1,1,pre_allocation
10,5409,greenran_low,0,0,65535_65535,2,21,3131133,442,1,1,1,8,442,24,1,1,allocated
10,5409,greenran_low,0,0,65535_65535,2,20,3131028,475,1,1,0,7,0,28,1,1,pre_allocation
10,5409,greenran_low,0,0,65535_65535,2,20,3131028,543,1,1,1,8,543,28,1,1,allocated
10,5409,greenran_low,0,0,65535_65535,2,22,3131067,475,1,1,0,7,0,28,1,1,pre_allocation
10,5409,greenran_low,0,0,65535_65535,2,22,3131067,543,1,1,1,8,543,28,1,1,allocated
10,5409,greenran_low,0,0,65535_65535,2,23,3133701,18,1,1,0,8,0,2,1,1,pre_allocation
10,5409,greenran_low,0,0,65535_65535,2,23,3133701,21,1,1,1,9,21,2,1,1,allocated
10,5409,greenran_low,0,0,65535_65535,2,24,3131169,442,1,1,0,8,0,24,1,1,pre_allocation
10,5409,greenran_low,0,0,65535_65535,2,24,3131169,498,1,1,1,9,498,24,1,1,allocated
10,5409,greenran_low,0,0,65535_65535,2,21,3131133,442,1,1,0,8,0,24,1,1,pre_allocation
10,5409,greenran_low,0,0,65535_65535,2,21,3131133,498,1,1,1,9,498,24,1,1,allocated
10,5409,greenran_low,0,0,65535_65535,2,20,3131028,543,1,1,0,8,0,28,1,1,pre_allocation
10,5409,greenran_low,0,0,65535_65535,2,20,3131028,611,1,1,1,9,611,28,1,1,allocated
10,5409,greenran_low,0,0,65535_65535,2,22,3131067,543,1,1,0,8,0,28,1,1,pre_allocation
10,5409,greenran_low,0,0,65535_65535,2,22,3131067,611,1,1,1,9,611,28,1,1,allocated
12,8009,greenran_low,0,0,65535_65535,0,4,73869,0,1,1,0,0,0,15,1,1,pre_allocation
12,8009,greenran_low,0,0,65535_65535,0,4,73869,2,1,1,1,1,2,15,1,1,allocated
12,8009,greenran_low,0,0,65535_65535,0,1,71568,0,1,1,0,0,0,15,1,1,pre_allocation
12,8009,greenran_low,0,0,65535_65535,0,1,71568,2,1,1,1,1,2,15,1,1,allocated
12,8009,greenran_low,0,0,65535_65535,0,5,68875,0,1,1,0,0,0,15,1,1,pre_allocation
12,8009,greenran_low,0,0,65535_65535,0,5,68875,2,1,1,1,1,2,15,1,1,allocated
12,8009,greenran_low,0,0,65535_65535,0,2,68874,0,1,1,0,0,0,15,1,1,pre_allocation
12,8009,greenran_low,0,0,65535_65535,0,2,68874,2,1,1,1,1,2,15,1,1,allocated
12,8009,greenran_low,0,0,65535_65535,0,3,68853,0,1,1,0,0,0,15,1,1,pre_allocation
12,8009,greenran_low,0,0,65535_65535,0,3,68853,2,1,1,1,1,2,15,1,1,allocated
12,8009,greenran_low,0,0,65535_65535,0,4,73869,2,1,1,0,1,0,15,1,1,pre_allocation
12,8009,greenran_low,0,0,65535_65535,0,4,73869,2,1,1,1,2,2,15,1,1,allocated
12,8009,greenran_low,0,0,65535_65535,0,1,71568,2,1,1,0,1,0,15,1,1,pre_allocation
12,8009,greenran_low,0,0,65535_65535,0,1,71568,2,1,1,1,2,2,15,1,1,allocated
12,8009,greenran_low,0,0,65535_65535,0,5,68875,2,1,1,0,1,0,15,1,1,pre_allocation
12,8009,greenran_low,0,0,65535_65535,0,5,68875,2,1,1,1,2,2,15,1,1,allocated
12,8009,greenran_low,0,0,65535_65535,0,2,68874,2,1,1,0,1,0,15,1,1,pre_allocation
12,8009,greenran_low,0,0,65535_65535,0,2,68874,2,1,1,1,2,2,15,1,1,allocated
12,8009,greenran_low,0,0,65535_65535,0,3,68853,2,1,1,0,1,0,15,1,1,pre_allocation
12,8009,greenran_low,0,0,65535_65535,0,3,68853,2,1,1,1,2,2,15,1,1,allocated
12,8009,greenran_low,0,0,65535_65535,0,4,73869,2,1,1,0,2,0,15,1,1,pre_allocation
12,8009,greenran_low,0,0,65535_65535,0,4,73869,5,1,1,1,3,5,15,1,1,allocated
12,8009,greenran_low,0,0,65535_65535,0,1,71568,2,1,1,0,2,0,15,1,1,pre_allocation
12,8009,greenran_low,0,0,65535_65535,0,1,71568,5,1,1,1,3,5,15,1,1,allocated
12,8009,greenran_low,0,0,65535_65535,0,5,68875,2,1,1,0,2,0,15,1,1,pre_allocation
12,8009,greenran_low,0,0,65535_65535,0,5,68875,5,1,1,1,3,5,15,1,1,allocated
12,8009,greenran_low,0,0,65535_65535,0,2,68874,2,1,1,0,2,0,15,1,1,pre_allocation
12,8009,greenran_low,0,0,65535_65535,0,2,68874,5,1,1,1,3,5,15,1,1,allocated
12,8009,greenran_low,0,0,65535_65535,0,3,68853,2,1,1,0,2,0,15,1,1,pre_allocation
12,8009,greenran_low,0,0,65535_65535,0,3,68853,5,1,1,1,3,5,15,1,1,allocated
12,8009,greenran_low,0,0,65535_65535,0,4,73869,5,1,1,0,3,0,15,1,1,pre_allocation
12,8009,greenran_low,0,0,65535_65535,0,4,73869,8,1,1,1,4,8,15,1,1,allocated
12,8009,greenran_low,0,0,65535_65535,0,1,71568,5,1,1,0,3,0,15,1,1,pre_allocation
12,8009,greenran_low,0,0,65535_65535,0,1,71568,8,1,1,1,4,8,15,1,1,allocated
12,8009,greenran_low,0,0,65535_65535,0,5,68875,5,1,1,0,3,0,15,1,1,pre_allocation
12,8009,greenran_low,0,0,65535_65535,0,5,68875,8,1,1,1,4,8,15,1,1,allocated
12,8009,greenran_low,0,0,65535_65535,0,2,68874,5,1,1,0,3,0,15,1,1,pre_allocation
12,8009,greenran_low,0,0,65535_65535,0,2,68874,8,1,1,1,4,8,15,1,1,allocated
12,8009,greenran_low,0,0,65535_65535,0,3,68853,5,1,1,0,3,0,15,1,1,pre_allocation
12,8009,greenran_low,0,0,65535_65535,0,3,68853,8,1,1,1,4,8,15,1,1,allocated
12,8009,greenran_low,0,0,65535_65535,0,4,73869,8,1,1,0,4,0,15,1,1,pre_allocation
12,8009,greenran_low,0,0,65535_65535,0,4,73869,11,1,1,1,5,11,15,1,1,allocated
12,8009,greenran_low,0,0,65535_65535,0,1,71568,8,1,1,0,4,0,15,1,1,pre_allocation
12,8009,greenran_low,0,0,65535_65535,0,1,71568,11,1,1,1,5,11,15,1,1,allocated
12,8009,greenran_low,0,0,65535_65535,0,5,68875,8,1,1,0,4,0,15,1,1,pre_allocation
12,8009,greenran_low,0,0,65535_65535,0,5,68875,11,1,1,1,5,11,15,1,1,allocated
12,8009,greenran_low,0,0,65535_65535,0,2,68874,8,1,1,0,4,0,15,1,1,pre_allocation
12,8009,greenran_low,0,0,65535_65535,0,2,68874,11,1,1,1,5,11,15,1,1,allocated
12,8009,greenran_low,0,0,65535_65535,0,3,68853,8,1,1,0,4,0,15,1,1,pre_allocation
12,8009,greenran_low,0,0,65535_65535,0,3,68853,11,1,1,1,5,11,15,1,1,allocated
12,8009,greenran_low,0,0,65535_65535,0,4,73869,11,1,1,0,5,0,15,1,1,pre_allocation
12,8009,greenran_low,0,0,65535_65535,0,4,73869,14,1,1,1,6,14,15,1,1,allocated
12,8009,greenran_low,0,0,65535_65535,0,1,71568,11,1,1,0,5,0,15,1,1,pre_allocation
12,8009,greenran_low,0,0,65535_65535,0,1,71568,14,1,1,1,6,14,15,1,1,allocated
12,8009,greenran_low,0,0,65535_65535,0,5,68875,11,1,1,0,5,0,15,1,1,pre_allocation
12,8009,greenran_low,0,0,65535_65535,0,5,68875,14,1,1,1,6,14,15,1,1,allocated
12,8009,greenran_low,0,0,65535_65535,0,2,68874,11,1,1,0,5,0,15,1,1,pre_allocation
12,8009,greenran_low,0,0,65535_65535,0,2,68874,14,1,1,1,6,14,15,1,1,allocated
12,8009,greenran_low,0,0,65535_65535,0,3,68853,11,1,1,0,5,0,15,1,1,pre_allocation
12,8009,greenran_low,0,0,65535_65535,0,3,68853,14,1,1,1,6,14,15,1,1,allocated
12,8009,greenran_low,0,0,65535_65535,0,4,73869,14,1,1,0,6,0,15,1,1,pre_allocation
12,8009,greenran_low,0,0,65535_65535,0,4,73869,17,1,1,1,7,17,15,1,1,allocated
12,8009,greenran_low,0,0,65535_65535,0,1,71568,14,1,1,0,6,0,15,1,1,pre_allocation
12,8009,greenran_low,0,0,65535_65535,0,1,71568,17,1,1,1,7,17,15,1,1,allocated
12,8009,greenran_low,0,0,65535_65535,0,5,68875,14,1,1,0,6,0,15,1,1,pre_allocation
12,8009,greenran_low,0,0,65535_65535,0,5,68875,17,1,1,1,7,17,15,1,1,allocated
12,8009,greenran_low,0,0,65535_65535,0,2,68874,14,1,1,0,6,0,15,1,1,pre_allocation
12,8009,greenran_low,0,0,65535_65535,0,2,68874,17,1,1,1,7,17,15,1,1,allocated
12,8009,greenran_low,0,0,65535_65535,0,3,68853,14,1,1,0,6,0,15,1,1,pre_allocation
12,8009,greenran_low,0,0,65535_65535,0,3,68853,17,1,1,1,7,17,15,1,1,allocated
12,8009,greenran_low,0,0,65535_65535,0,4,73869,17,1,1,0,7,0,15,1,1,pre_allocation
12,8009,greenran_low,0,0,65535_65535,0,4,73869,20,1,1,1,8,20,15,1,1,allocated
12,8009,greenran_low,0,0,65535_65535,0,1,71568,17,1,1,0,7,0,15,1,1,pre_allocation
12,8009,greenran_low,0,0,65535_65535,0,1,71568,20,1,1,1,8,20,15,1,1,allocated
12,8009,greenran_low,0,0,65535_65535,0,5,68875,17,1,1,0,7,0,15,1,1,pre_allocation
12,8009,greenran_low,0,0,65535_65535,0,5,68875,20,1,1,1,8,20,15,1,1,allocated
12,8009,greenran_low,0,0,65535_65535,0,2,68874,17,1,1,0,7,0,15,1,1,pre_allocation
12,8009,greenran_low,0,0,65535_65535,0,2,68874,20,1,1,1,8,20,15,1,1,allocated
12,8009,greenran_low,0,0,65535_65535,0,3,68853,17,1,1,0,7,0,15,1,1,pre_allocation
12,8009,greenran_low,0,0,65535_65535,0,3,68853,20,1,1,1,8,20,15,1,1,allocated
12,8009,greenran_low,0,0,65535_65535,0,4,73869,20,1,1,0,8,0,15,1,1,pre_allocation
12,8009,greenran_low,0,0,65535_65535,0,4,73869,23,1,1,1,9,23,15,1,1,allocated
12,8009,greenran_low,0,0,65535_65535,0,1,71568,20,1,1,0,8,0,15,1,1,pre_allocation
12,8009,greenran_low,0,0,65535_65535,0,1,71568,23,1,1,1,9,23,15,1,1,allocated
12,8009,greenran_low,0,0,65535_65535,0,5,68875,20,1,1,0,8,0,15,1,1,pre_allocation
12,8009,greenran_low,0,0,65535_65535,0,5,68875,23,1,1,1,9,23,15,1,1,allocated
12,8009,greenran_low,0,0,65535_65535,0,2,68874,20,1,1,0,8,0,15,1,1,pre_allocation
12,8009,greenran_low,0,0,65535_65535,0,2,68874,23,1,1,1,9,23,15,1,1,allocated
12,8009,greenran_low,0,0,65535_65535,0,3,68853,20,1,1,0,8,0,15,1,1,pre_allocation
12,8009,greenran_low,0,0,65535_65535,0,3,68853,23,1,1,1,9,23,15,1,1,allocated
12,8009,greenran_low,0,0,65535_65535,0,4,73869,23,1,1,0,9,0,15,1,1,pre_allocation
12,8009,greenran_low,0,0,65535_65535,0,4,73869,26,1,1,1,10,26,15,1,1,allocated
12,8009,greenran_low,0,0,65535_65535,0,1,71568,23,1,1,0,9,0,15,1,1,pre_allocation
12,8009,greenran_low,0,0,65535_65535,0,1,71568,26,1,1,1,10,26,15,1,1,allocated
12,8009,greenran_low,0,0,65535_65535,0,5,68875,23,1,1,0,9,0,15,1,1,pre_allocation
12,8009,greenran_low,0,0,65535_65535,0,5,68875,26,1,1,1,10,26,15,1,1,allocated
12,8009,greenran_low,0,0,65535_65535,0,2,68874,23,1,1,0,9,0,15,1,1,pre_allocation
12,8009,greenran_low,0,0,65535_65535,0,2,68874,26,1,1,1,10,26,15,1,1,allocated
12,8009,greenran_low,0,0,65535_65535,0,3,68853,23,1,1,0,9,0,15,1,1,pre_allocation
12,8009,greenran_low,0,0,65535_65535,0,3,68853,26,1,1,1,10,26,15,1,1,allocated
12,8009,greenran_low,0,0,65535_65535,0,4,73869,26,1,1,0,10,0,15,1,1,pre_allocation
12,8009,greenran_low,0,0,65535_65535,0,4,73869,29,1,1,1,11,29,15,1,1,allocated
12,8009,greenran_low,0,0,65535_65535,0,1,71568,26,1,1,0,10,0,15,1,1,pre_allocation
12,8009,greenran_low,0,0,65535_65535,0,1,71568,29,1,1,1,11,29,15,1,1,allocated
12,8009,greenran_low,0,0,65535_65535,0,5,68875,26,1,1,0,10,0,15,1,1,pre_allocation
12,8009,greenran_low,0,0,65535_65535,0,5,68875,29,1,1,1,11,29,15,1,1,allocated
12,8009,greenran_low,0,0,65535_65535,0,2,68874,26,1,1,0,10,0,15,1,1,pre_allocation
12,8009,greenran_low,0,0,65535_65535,0,2,68874,29,1,1,1,11,29,15,1,1,allocated
12,8009,greenran_low,0,0,65535_65535,0,3,68853,26,1,1,0,10,0,15,1,1,pre_allocation
12,8009,greenran_low,0,0,65535_65535,0,3,68853,29,1,1,1,11,29,15,1,1,allocated
12,8009,greenran_low,0,0,65535_65535,0,4,73869,29,1,1,0,11,0,15,1,1,pre_allocation
12,8009,greenran_low,0,0,65535_65535,0,4,73869,32,1,1,1,12,32,15,1,1,allocated
12,8009,greenran_low,0,0,65535_65535,0,1,71568,29,1,1,0,11,0,15,1,1,pre_allocation
12,8009,greenran_low,0,0,65535_65535,0,1,71568,32,1,1,1,12,32,15,1,1,allocated
12,8009,greenran_low,0,0,65535_65535,0,5,68875,29,1,1,0,11,0,15,1,1,pre_allocation
12,8009,greenran_low,0,0,65535_65535,0,5,68875,32,1,1,1,12,32,15,1,1,allocated
12,8009,greenran_low,0,0,65535_65535,0,2,68874,29,1,1,0,11,0,15,1,1,pre_allocation
12,8009,greenran_low,0,0,65535_65535,0,2,68874,32,1,1,1,12,32,15,1,1,allocated
12,8009,greenran_low,0,0,65535_65535,0,3,68853,29,1,1,0,11,0,15,1,1,pre_allocation
12,8009,greenran_low,0,0,65535_65535,0,3,68853,32,1,1,1,12,32,15,1,1,allocated
12,8009,greenran_low,0,0,65535_65535,0,4,73869,32,1,1,0,12,0,15,1,1,pre_allocation
12,8009,greenran_low,0,0,65535_65535,0,4,73869,35,1,1,1,13,35,15,1,1,allocated
12,8009,greenran_low,0,0,65535_65535,0,1,71568,32,1,1,0,12,0,15,1,1,pre_allocation
12,8009,greenran_low,0,0,65535_65535,0,1,71568,35,1,1,1,13,35,15,1,1,allocated
12,8009,greenran_low,0,0,65535_65535,0,5,68875,32,1,1,0,12,0,15,1,1,pre_allocation
12,8009,greenran_low,0,0,65535_65535,0,5,68875,35,1,1,1,13,35,15,1,1,allocated
12,8009,greenran_low,0,0,65535_65535,0,2,68874,32,1,1,0,12,0,15,1,1,pre_allocation
12,8009,greenran_low,0,0,65535_65535,0,2,68874,35,1,1,1,13,35,15,1,1,allocated
12,8009,greenran_low,0,0,65535_65535,0,3,68853,32,1,1,0,12,0,15,1,1,pre_allocation
12,8009,greenran_low,0,0,65535_65535,0,3,68853,35,1,1,1,13,35,15,1,1,allocated
12,8009,greenran_low,0,0,65535_65535,0,4,73869,35,1,1,0,13,0,15,1,1,pre_allocation
12,8009,greenran_low,0,0,65535_65535,0,4,73869,38,1,1,1,14,38,15,1,1,allocated
12,8009,greenran_low,0,0,65535_65535,0,1,71568,35,1,1,0,13,0,15,1,1,pre_allocation
12,8009,greenran_low,0,0,65535_65535,0,1,71568,38,1,1,1,14,38,15,1,1,allocated
12,8009,greenran_low,0,0,65535_65535,0,5,68875,35,1,1,0,13,0,15,1,1,pre_allocation
12,8009,greenran_low,0,0,65535_65535,0,5,68875,38,1,1,1,14,38,15,1,1,allocated
12,8009,greenran_low,0,0,65535_65535,0,2,68874,35,1,1,0,13,0,15,1,1,pre_allocation
12,8009,greenran_low,0,0,65535_65535,0,2,68874,38,1,1,1,14,38,15,1,1,allocated
12,8009,greenran_low,0,0,65535_65535,0,3,68853,35,1,1,0,13,0,15,1,1,pre_allocation
12,8009,greenran_low,0,0,65535_65535,0,3,68853,38,1,1,1,14,38,15,1,1,allocated
12,8009,greenran_low,0,0,65535_65535,0,4,73869,38,1,1,0,14,0,15,1,1,pre_allocation
12,8009,greenran_low,0,0,65535_65535,0,4,73869,41,1,1,1,15,41,15,1,1,allocated
12,8009,greenran_low,0,0,65535_65535,0,1,71568,38,1,1,0,14,0,15,1,1,pre_allocation
12,8009,greenran_low,0,0,65535_65535,0,1,71568,41,1,1,1,15,41,15,1,1,allocated
12,8009,greenran_low,0,0,65535_65535,0,5,68875,38,1,1,0,14,0,15,1,1,pre_allocation
12,8009,greenran_low,0,0,65535_65535,0,5,68875,41,1,1,1,15,41,15,1,1,allocated
12,8009,greenran_low,0,0,65535_65535,0,2,68874,38,1,1,0,14,0,15,1,1,pre_allocation
12,8009,greenran_low,0,0,65535_65535,0,2,68874,41,1,1,1,15,41,15,1,1,allocated
12,8009,greenran_low,0,0,65535_65535,0,3,68853,38,1,1,0,14,0,15,1,1,pre_allocation
12,8009,greenran_low,0,0,65535_65535,0,3,68853,41,1,1,1,15,41,15,1,1,allocated
12,8009,greenran_low,0,0,65535_65535,0,4,73869,41,1,1,0,15,0,15,1,1,pre_allocation
12,8009,greenran_low,0,0,65535_65535,0,4,73869,44,1,1,1,16,44,15,1,1,allocated
12,8009,greenran_low,0,0,65535_65535,0,1,71568,41,1,1,0,15,0,15,1,1,pre_allocation
12,8009,greenran_low,0,0,65535_65535,0,1,71568,44,1,1,1,16,44,15,1,1,allocated
12,8009,greenran_low,0,0,65535_65535,0,5,68875,41,1,1,0,15,0,15,1,1,pre_allocation
12,8009,greenran_low,0,0,65535_65535,0,5,68875,44,1,1,1,16,44,15,1,1,allocated
12,8009,greenran_low,0,0,65535_65535,0,2,68874,41,1,1,0,15,0,15,1,1,pre_allocation
12,8009,greenran_low,0,0,65535_65535,0,2,68874,44,1,1,1,16,44,15,1,1,allocated
12,8009,greenran_low,0,0,65535_65535,0,3,68853,41,1,1,0,15,0,15,1,1,pre_allocation
12,8009,greenran_low,0,0,65535_65535,0,3,68853,44,1,1,1,16,44,15,1,1,allocated
12,8009,greenran_low,0,0,65535_65535,0,4,73869,44,1,1,0,16,0,15,1,1,pre_allocation
12,8009,greenran_low,0,0,65535_65535,0,4,73869,47,1,1,1,17,47,15,1,1,allocated
12,8009,greenran_low,0,0,65535_65535,0,1,71568,44,1,1,0,16,0,15,1,1,pre_allocation
12,8009,greenran_low,0,0,65535_65535,0,1,71568,47,1,1,1,17,47,15,1,1,allocated
12,8009,greenran_low,0,0,65535_65535,0,5,68875,44,1,1,0,16,0,15,1,1,pre_allocation
12,8009,greenran_low,0,0,65535_65535,0,5,68875,47,1,1,1,17,47,15,1,1,allocated
12,8009,greenran_low,0,0,65535_65535,0,2,68874,44,1,1,0,16,0,15,1,1,pre_allocation
12,8009,greenran_low,0,0,65535_65535,0,2,68874,47,1,1,1,17,47,15,1,1,allocated
12,8009,greenran_low,0,0,65535_65535,0,3,68853,44,1,1,0,16,0,15,1,1,pre_allocation
12,8009,greenran_low,0,0,65535_65535,0,3,68853,47,1,1,1,17,47,15,1,1,allocated
12,8009,greenran_low,0,0,65535_65535,0,4,73869,47,1,1,0,17,0,15,1,1,pre_allocation
12,8009,greenran_low,0,0,65535_65535,0,4,73869,50,1,1,1,18,50,15,1,1,allocated
12,8009,greenran_low,0,0,65535_65535,0,1,71568,47,1,1,0,17,0,15,1,1,pre_allocation
12,8009,greenran_low,0,0,65535_65535,0,1,71568,50,1,1,1,18,50,15,1,1,allocated
12,8009,greenran_low,0,0,65535_65535,0,5,68875,47,1,1,0,17,0,15,1,1,pre_allocation
12,8009,greenran_low,0,0,65535_65535,0,5,68875,50,1,1,1,18,50,15,1,1,allocated
12,8009,greenran_low,0,0,65535_65535,0,2,68874,47,1,1,0,17,0,15,1,1,pre_allocation
12,8009,greenran_low,0,0,65535_65535,0,2,68874,50,1,1,1,18,50,15,1,1,allocated
12,8009,greenran_low,0,0,65535_65535,0,3,68853,47,1,1,0,17,0,15,1,1,pre_allocation
12,8009,greenran_low,0,0,65535_65535,0,3,68853,50,1,1,1,18,50,15,1,1,allocated
12,8009,greenran_low,0,0,65535_65535,0,4,73869,50,1,1,0,18,0,15,1,1,pre_allocation
12,8009,greenran_low,0,0,65535_65535,0,4,73869,53,1,1,1,19,53,15,1,1,allocated
12,8009,greenran_low,0,0,65535_65535,0,1,71568,50,1,1,0,18,0,15,1,1,pre_allocation
12,8009,greenran_low,0,0,65535_65535,0,1,71568,53,1,1,1,19,53,15,1,1,allocated
12,8009,greenran_low,0,0,65535_65535,0,5,68875,50,1,1,0,18,0,15,1,1,pre_allocation
12,8009,greenran_low,0,0,65535_65535,0,5,68875,53,1,1,1,19,53,15,1,1,allocated
12,8009,greenran_low,0,0,65535_65535,0,2,68874,50,1,1,0,18,0,15,1,1,pre_allocation
12,8009,greenran_low,0,0,65535_65535,0,2,68874,53,1,1,1,19,53,15,1,1,allocated
12,8009,greenran_low,0,0,65535_65535,0,3,68853,50,1,1,0,18,0,15,1,1,pre_allocation
12,8009,greenran_low,0,0,65535_65535,0,3,68853,53,1,1,1,19,53,15,1,1,allocated
12,8009,greenran_low,0,0,65535_65535,0,4,73869,53,1,1,0,19,0,15,1,1,pre_allocation
12,8009,greenran_low,0,0,65535_65535,0,4,73869,56,1,1,1,20,56,15,1,1,allocated
12,8009,greenran_low,0,0,65535_65535,0,1,71568,53,1,1,0,19,0,15,1,1,pre_allocation
12,8009,greenran_low,0,0,65535_65535,0,1,71568,56,1,1,1,20,56,15,1,1,allocated
12,8009,greenran_low,0,0,65535_65535,0,5,68875,53,1,1,0,19,0,15,1,1,pre_allocation
12,8009,greenran_low,0,0,65535_65535,0,5,68875,56,1,1,1,20,56,15,1,1,allocated
12,8009,greenran_low,0,0,65535_65535,0,2,68874,53,1,1,0,19,0,15,1,1,pre_allocation
12,8009,greenran_low,0,0,65535_65535,0,2,68874,56,1,1,1,20,56,15,1,1,allocated
12,8009,greenran_low,0,0,65535_65535,0,3,68853,53,1,1,0,19,0,15,1,1,pre_allocation
12,8009,greenran_low,0,0,65535_65535,0,3,68853,56,1,1,1,20,56,15,1,1,allocated
12,8009,greenran_low,0,0,65535_65535,0,4,73869,56,1,1,0,20,0,15,1,1,pre_allocation
12,8009,greenran_low,0,0,65535_65535,0,4,73869,59,1,1,1,21,59,15,1,1,allocated
12,8009,greenran_low,0,0,65535_65535,0,1,71568,56,1,1,0,20,0,15,1,1,pre_allocation
12,8009,greenran_low,0,0,65535_65535,0,1,71568,59,1,1,1,21,59,15,1,1,allocated
12,8009,greenran_low,0,0,65535_65535,0,5,68875,56,1,1,0,20,0,15,1,1,pre_allocation
12,8009,greenran_low,0,0,65535_65535,0,5,68875,59,1,1,1,21,59,15,1,1,allocated
12,8009,greenran_low,0,0,65535_65535,0,2,68874,56,1,1,0,20,0,15,1,1,pre_allocation
12,8009,greenran_low,0,0,65535_65535,0,2,68874,59,1,1,1,21,59,15,1,1,allocated
12,8009,greenran_low,0,0,65535_65535,0,3,68853,56,1,1,0,20,0,15,1,1,pre_allocation
12,8009,greenran_low,0,0,65535_65535,0,3,68853,59,1,1,1,21,59,15,1,1,allocated
12,8009,greenran_low,0,0,65535_65535,0,4,73869,59,1,1,0,21,0,15,1,1,pre_allocation
12,8009,greenran_low,0,0,65535_65535,0,4,73869,62,1,1,1,22,62,15,1,1,allocated
12,8009,greenran_low,0,0,65535_65535,0,1,71568,59,1,1,0,21,0,15,1,1,pre_allocation
12,8009,greenran_low,0,0,65535_65535,0,1,71568,62,1,1,1,22,62,15,1,1,allocated
12,8009,greenran_low,0,0,65535_65535,0,5,68875,59,1,1,0,21,0,15,1,1,pre_allocation
12,8009,greenran_low,0,0,65535_65535,0,5,68875,62,1,1,1,22,62,15,1,1,allocated
12,8009,greenran_low,0,0,65535_65535,0,2,68874,59,1,1,0,21,0,15,1,1,pre_allocation
12,8009,greenran_low,0,0,65535_65535,0,2,68874,62,1,1,1,22,62,15,1,1,allocated
12,8009,greenran_low,0,0,65535_65535,0,3,68853,59,1,1,0,21,0,15,1,1,pre_allocation
12,8009,greenran_low,0,0,65535_65535,0,3,68853,62,1,1,1,22,62,15,1,1,allocated
12,8009,greenran_low,0,0,65535_65535,0,4,73869,62,1,1,0,22,0,15,1,1,pre_allocation
12,8009,greenran_low,0,0,65535_65535,0,4,73869,65,1,1,1,23,65,15,1,1,allocated
12,8009,greenran_low,0,0,65535_65535,0,1,71568,62,1,1,0,22,0,15,1,1,pre_allocation
12,8009,greenran_low,0,0,65535_65535,0,1,71568,65,1,1,1,23,65,15,1,1,allocated
12,8009,greenran_low,0,0,65535_65535,0,5,68875,62,1,1,0,22,0,15,1,1,pre_allocation
12,8009,greenran_low,0,0,65535_65535,0,5,68875,65,1,1,1,23,65,15,1,1,allocated
12,8009,greenran_low,0,0,65535_65535,0,2,68874,62,1,1,0,22,0,15,1,1,pre_allocation
12,8009,greenran_low,0,0,65535_65535,0,2,68874,65,1,1,1,23,65,15,1,1,allocated
12,8009,greenran_low,0,0,65535_65535,0,3,68853,62,1,1,0,22,0,15,1,1,pre_allocation
12,8009,greenran_low,0,0,65535_65535,0,3,68853,65,1,1,1,23,65,15,1,1,allocated
12,8009,greenran_low,0,0,65535_65535,0,4,73869,65,1,1,0,23,0,15,1,1,pre_allocation
12,8009,greenran_low,0,0,65535_65535,0,4,73869,68,1,1,1,24,68,15,1,1,allocated
12,8009,greenran_low,0,0,65535_65535,0,1,71568,65,1,1,0,23,0,15,1,1,pre_allocation
12,8009,greenran_low,0,0,65535_65535,0,1,71568,68,1,1,1,24,68,15,1,1,allocated
12,8009,greenran_low,0,0,65535_65535,0,5,68875,65,1,1,0,23,0,15,1,1,pre_allocation
12,8009,greenran_low,0,0,65535_65535,0,5,68875,68,1,1,1,24,68,15,1,1,allocated
12,8009,greenran_low,0,0,65535_65535,0,2,68874,65,1,1,0,23,0,15,1,1,pre_allocation
12,8009,greenran_low,0,0,65535_65535,0,2,68874,68,1,1,1,24,68,15,1,1,allocated
12,8009,greenran_low,0,0,65535_65535,0,3,68853,65,1,1,0,23,0,15,1,1,pre_allocation
12,8009,greenran_low,0,0,65535_65535,0,3,68853,68,1,1,1,24,68,15,1,1,allocated
12,8009,greenran_low,0,0,65535_65535,0,4,73869,68,1,1,0,24,0,15,1,1,pre_allocation
12,8009,greenran_low,0,0,65535_65535,0,4,73869,71,1,1,1,25,71,15,1,1,allocated
12,8009,greenran_low,0,0,65535_65535,0,1,71568,68,1,1,0,24,0,15,1,1,pre_allocation
12,8009,greenran_low,0,0,65535_65535,0,1,71568,71,1,1,1,25,71,15,1,1,allocated
12,8009,greenran_low,0,0,65535_65535,2,23,4796237,0,1,1,0,0,0,15,1,1,pre_allocation
12,8009,greenran_low,0,0,65535_65535,2,23,4796237,2,1,1,1,1,2,15,1,1,allocated
12,8009,greenran_low,0,0,65535_65535,2,24,4793181,0,1,1,0,0,0,15,1,1,pre_allocation
12,8009,greenran_low,0,0,65535_65535,2,24,4793181,2,1,1,1,1,2,15,1,1,allocated
12,8009,greenran_low,0,0,65535_65535,2,21,4793145,0,1,1,0,0,0,15,1,1,pre_allocation
12,8009,greenran_low,0,0,65535_65535,2,21,4793145,2,1,1,1,1,2,15,1,1,allocated
12,8009,greenran_low,0,0,65535_65535,2,20,4792914,0,1,1,0,0,0,15,1,1,pre_allocation
12,8009,greenran_low,0,0,65535_65535,2,20,4792914,2,1,1,1,1,2,15,1,1,allocated
12,8009,greenran_low,0,0,65535_65535,2,22,4792953,0,1,1,0,0,0,15,1,1,pre_allocation
12,8009,greenran_low,0,0,65535_65535,2,22,4792953,2,1,1,1,1,2,15,1,1,allocated
12,8009,greenran_low,0,0,65535_65535,2,23,4796237,2,1,1,0,1,0,15,1,1,pre_allocation
12,8009,greenran_low,0,0,65535_65535,2,23,4796237,2,1,1,1,2,2,15,1,1,allocated
12,8009,greenran_low,0,0,65535_65535,2,24,4793181,2,1,1,0,1,0,15,1,1,pre_allocation
12,8009,greenran_low,0,0,65535_65535,2,24,4793181,2,1,1,1,2,2,15,1,1,allocated
12,8009,greenran_low,0,0,65535_65535,2,21,4793145,2,1,1,0,1,0,15,1,1,pre_allocation
12,8009,greenran_low,0,0,65535_65535,2,21,4793145,2,1,1,1,2,2,15,1,1,allocated
12,8009,greenran_low,0,0,65535_65535,2,20,4792914,2,1,1,0,1,0,15,1,1,pre_allocation
12,8009,greenran_low,0,0,65535_65535,2,20,4792914,2,1,1,1,2,2,15,1,1,allocated
12,8009,greenran_low,0,0,65535_65535,2,22,4792953,2,1,1,0,1,0,15,1,1,pre_allocation
12,8009,greenran_low,0,0,65535_65535,2,22,4792953,2,1,1,1,2,2,15,1,1,allocated
12,8009,greenran_low,0,0,65535_65535,2,23,4796237,2,1,1,0,2,0,15,1,1,pre_allocation
12,8009,greenran_low,0,0,65535_65535,2,23,4796237,5,1,1,1,3,5,15,1,1,allocated
12,8009,greenran_low,0,0,65535_65535,2,24,4793181,2,1,1,0,2,0,15,1,1,pre_allocation
12,8009,greenran_low,0,0,65535_65535,2,24,4793181,5,1,1,1,3,5,15,1,1,allocated
12,8009,greenran_low,0,0,65535_65535,2,21,4793145,2,1,1,0,2,0,15,1,1,pre_allocation
12,8009,greenran_low,0,0,65535_65535,2,21,4793145,5,1,1,1,3,5,15,1,1,allocated
12,8009,greenran_low,0,0,65535_65535,2,20,4792914,2,1,1,0,2,0,15,1,1,pre_allocation
12,8009,greenran_low,0,0,65535_65535,2,20,4792914,5,1,1,1,3,5,15,1,1,allocated
12,8009,greenran_low,0,0,65535_65535,2,22,4792953,2,1,1,0,2,0,15,1,1,pre_allocation
12,8009,greenran_low,0,0,65535_65535,2,22,4792953,5,1,1,1,3,5,15,1,1,allocated
12,8009,greenran_low,0,0,65535_65535,2,23,4796237,5,1,1,0,3,0,15,1,1,pre_allocation
12,8009,greenran_low,0,0,65535_65535,2,23,4796237,8,1,1,1,4,8,15,1,1,allocated
12,8009,greenran_low,0,0,65535_65535,2,24,4793181,5,1,1,0,3,0,15,1,1,pre_allocation
12,8009,greenran_low,0,0,65535_65535,2,24,4793181,8,1,1,1,4,8,15,1,1,allocated
12,8009,greenran_low,0,0,65535_65535,2,21,4793145,5,1,1,0,3,0,15,1,1,pre_allocation
12,8009,greenran_low,0,0,65535_65535,2,21,4793145,8,1,1,1,4,8,15,1,1,allocated
12,8009,greenran_low,0,0,65535_65535,2,20,4792914,5,1,1,0,3,0,15,1,1,pre_allocation
12,8009,greenran_low,0,0,65535_65535,2,20,4792914,8,1,1,1,4,8,15,1,1,allocated
12,8009,greenran_low,0,0,65535_65535,2,22,4792953,5,1,1,0,3,0,15,1,1,pre_allocation
12,8009,greenran_low,0,0,65535_65535,2,22,4792953,8,1,1,1,4,8,15,1,1,allocated
12,8009,greenran_low,0,0,65535_65535,2,23,4796237,8,1,1,0,4,0,15,1,1,pre_allocation
12,8009,greenran_low,0,0,65535_65535,2,23,4796237,11,1,1,1,5,11,15,1,1,allocated
12,8009,greenran_low,0,0,65535_65535,2,24,4793181,8,1,1,0,4,0,15,1,1,pre_allocation
12,8009,greenran_low,0,0,65535_65535,2,24,4793181,11,1,1,1,5,11,15,1,1,allocated
12,8009,greenran_low,0,0,65535_65535,2,21,4793145,8,1,1,0,4,0,15,1,1,pre_allocation
12,8009,greenran_low,0,0,65535_65535,2,21,4793145,11,1,1,1,5,11,15,1,1,allocated
12,8009,greenran_low,0,0,65535_65535,2,20,4792914,8,1,1,0,4,0,15,1,1,pre_allocation
12,8009,greenran_low,0,0,65535_65535,2,20,4792914,11,1,1,1,5,11,15,1,1,allocated
12,8009,greenran_low,0,0,65535_65535,2,22,4792953,8,1,1,0,4,0,15,1,1,pre_allocation
12,8009,greenran_low,0,0,65535_65535,2,22,4792953,11,1,1,1,5,11,15,1,1,allocated
12,8009,greenran_low,0,0,65535_65535,2,23,4796237,11,1,1,0,5,0,15,1,1,pre_allocation
12,8009,greenran_low,0,0,65535_65535,2,23,4796237,14,1,1,1,6,14,15,1,1,allocated
12,8009,greenran_low,0,0,65535_65535,2,24,4793181,11,1,1,0,5,0,15,1,1,pre_allocation
12,8009,greenran_low,0,0,65535_65535,2,24,4793181,14,1,1,1,6,14,15,1,1,allocated
12,8009,greenran_low,0,0,65535_65535,2,21,4793145,11,1,1,0,5,0,15,1,1,pre_allocation
12,8009,greenran_low,0,0,65535_65535,2,21,4793145,14,1,1,1,6,14,15,1,1,allocated
12,8009,greenran_low,0,0,65535_65535,2,20,4792914,11,1,1,0,5,0,15,1,1,pre_allocation
12,8009,greenran_low,0,0,65535_65535,2,20,4792914,14,1,1,1,6,14,15,1,1,allocated
12,8009,greenran_low,0,0,65535_65535,2,22,4792953,11,1,1,0,5,0,15,1,1,pre_allocation
12,8009,greenran_low,0,0,65535_65535,2,22,4792953,14,1,1,1,6,14,15,1,1,allocated
12,8009,greenran_low,0,0,65535_65535,2,23,4796237,14,1,1,0,6,0,15,1,1,pre_allocation
12,8009,greenran_low,0,0,65535_65535,2,23,4796237,17,1,1,1,7,17,15,1,1,allocated
12,8009,greenran_low,0,0,65535_65535,2,24,4793181,14,1,1,0,6,0,15,1,1,pre_allocation
12,8009,greenran_low,0,0,65535_65535,2,24,4793181,17,1,1,1,7,17,15,1,1,allocated
12,8009,greenran_low,0,0,65535_65535,2,21,4793145,14,1,1,0,6,0,15,1,1,pre_allocation
12,8009,greenran_low,0,0,65535_65535,2,21,4793145,17,1,1,1,7,17,15,1,1,allocated
12,8009,greenran_low,0,0,65535_65535,2,20,4792914,14,1,1,0,6,0,15,1,1,pre_allocation
12,8009,greenran_low,0,0,65535_65535,2,20,4792914,17,1,1,1,7,17,15,1,1,allocated
12,8009,greenran_low,0,0,65535_65535,2,22,4792953,14,1,1,0,6,0,15,1,1,pre_allocation
12,8009,greenran_low,0,0,65535_65535,2,22,4792953,17,1,1,1,7,17,15,1,1,allocated
12,8009,greenran_low,0,0,65535_65535,2,23,4796237,17,1,1,0,7,0,15,1,1,pre_allocation
12,8009,greenran_low,0,0,65535_65535,2,23,4796237,20,1,1,1,8,20,15,1,1,allocated
12,8009,greenran_low,0,0,65535_65535,2,24,4793181,17,1,1,0,7,0,15,1,1,pre_allocation
12,8009,greenran_low,0,0,65535_65535,2,24,4793181,20,1,1,1,8,20,15,1,1,allocated
12,8009,greenran_low,0,0,65535_65535,2,21,4793145,17,1,1,0,7,0,15,1,1,pre_allocation
12,8009,greenran_low,0,0,65535_65535,2,21,4793145,20,1,1,1,8,20,15,1,1,allocated
12,8009,greenran_low,0,0,65535_65535,2,20,4792914,17,1,1,0,7,0,15,1,1,pre_allocation
12,8009,greenran_low,0,0,65535_65535,2,20,4792914,20,1,1,1,8,20,15,1,1,allocated
12,8009,greenran_low,0,0,65535_65535,2,22,4792953,17,1,1,0,7,0,15,1,1,pre_allocation
12,8009,greenran_low,0,0,65535_65535,2,22,4792953,20,1,1,1,8,20,15,1,1,allocated
12,8009,greenran_low,0,0,65535_65535,2,23,4796237,20,1,1,0,8,0,15,1,1,pre_allocation
12,8009,greenran_low,0,0,65535_65535,2,23,4796237,23,1,1,1,9,23,15,1,1,allocated
12,8009,greenran_low,0,0,65535_65535,2,24,4793181,20,1,1,0,8,0,15,1,1,pre_allocation
12,8009,greenran_low,0,0,65535_65535,2,24,4793181,23,1,1,1,9,23,15,1,1,allocated
12,8009,greenran_low,0,0,65535_65535,2,21,4793145,20,1,1,0,8,0,15,1,1,pre_allocation
12,8009,greenran_low,0,0,65535_65535,2,21,4793145,23,1,1,1,9,23,15,1,1,allocated
12,8009,greenran_low,0,0,65535_65535,2,20,4792914,20,1,1,0,8,0,15,1,1,pre_allocation
12,8009,greenran_low,0,0,65535_65535,2,20,4792914,23,1,1,1,9,23,15,1,1,allocated
12,8009,greenran_low,0,0,65535_65535,2,22,4792953,20,1,1,0,8,0,15,1,1,pre_allocation
12,8009,greenran_low,0,0,65535_65535,2,22,4792953,23,1,1,1,9,23,15,1,1,allocated
12,8009,greenran_low,0,0,65535_65535,2,23,4796237,23,1,1,0,9,0,15,1,1,pre_allocation
12,8009,greenran_low,0,0,65535_65535,2,23,4796237,26,1,1,1,10,26,15,1,1,allocated
12,8009,greenran_low,0,0,65535_65535,2,24,4793181,23,1,1,0,9,0,15,1,1,pre_allocation
12,8009,greenran_low,0,0,65535_65535,2,24,4793181,26,1,1,1,10,26,15,1,1,allocated
12,8009,greenran_low,0,0,65535_65535,2,21,4793145,23,1,1,0,9,0,15,1,1,pre_allocation
12,8009,greenran_low,0,0,65535_65535,2,21,4793145,26,1,1,1,10,26,15,1,1,allocated
12,8009,greenran_low,0,0,65535_65535,2,20,4792914,23,1,1,0,9,0,15,1,1,pre_allocation
12,8009,greenran_low,0,0,65535_65535,2,20,4792914,26,1,1,1,10,26,15,1,1,allocated
12,8009,greenran_low,0,0,65535_65535,2,22,4792953,23,1,1,0,9,0,15,1,1,pre_allocation
12,8009,greenran_low,0,0,65535_65535,2,22,4792953,26,1,1,1,10,26,15,1,1,allocated
12,8009,greenran_low,0,0,65535_65535,2,23,4796237,26,1,1,0,10,0,15,1,1,pre_allocation
12,8009,greenran_low,0,0,65535_65535,2,23,4796237,29,1,1,1,11,29,15,1,1,allocated
12,8009,greenran_low,0,0,65535_65535,2,24,4793181,26,1,1,0,10,0,15,1,1,pre_allocation
12,8009,greenran_low,0,0,65535_65535,2,24,4793181,29,1,1,1,11,29,15,1,1,allocated
12,8009,greenran_low,0,0,65535_65535,2,21,4793145,26,1,1,0,10,0,15,1,1,pre_allocation
12,8009,greenran_low,0,0,65535_65535,2,21,4793145,29,1,1,1,11,29,15,1,1,allocated
12,8009,greenran_low,0,0,65535_65535,2,20,4792914,26,1,1,0,10,0,15,1,1,pre_allocation
12,8009,greenran_low,0,0,65535_65535,2,20,4792914,29,1,1,1,11,29,15,1,1,allocated
12,8009,greenran_low,0,0,65535_65535,2,22,4792953,26,1,1,0,10,0,15,1,1,pre_allocation
12,8009,greenran_low,0,0,65535_65535,2,22,4792953,29,1,1,1,11,29,15,1,1,allocated
12,8009,greenran_low,0,0,65535_65535,2,23,4796237,29,1,1,0,11,0,15,1,1,pre_allocation
12,8009,greenran_low,0,0,65535_65535,2,23,4796237,32,1,1,1,12,32,15,1,1,allocated
12,8009,greenran_low,0,0,65535_65535,2,24,4793181,29,1,1,0,11,0,15,1,1,pre_allocation
12,8009,greenran_low,0,0,65535_65535,2,24,4793181,32,1,1,1,12,32,15,1,1,allocated
12,8009,greenran_low,0,0,65535_65535,2,21,4793145,29,1,1,0,11,0,15,1,1,pre_allocation
12,8009,greenran_low,0,0,65535_65535,2,21,4793145,32,1,1,1,12,32,15,1,1,allocated
12,8009,greenran_low,0,0,65535_65535,2,20,4792914,29,1,1,0,11,0,15,1,1,pre_allocation
12,8009,greenran_low,0,0,65535_65535,2,20,4792914,32,1,1,1,12,32,15,1,1,allocated
12,8009,greenran_low,0,0,65535_65535,2,22,4792953,29,1,1,0,11,0,15,1,1,pre_allocation
12,8009,greenran_low,0,0,65535_65535,2,22,4792953,32,1,1,1,12,32,15,1,1,allocated
12,8009,greenran_low,0,0,65535_65535,2,23,4796237,32,1,1,0,12,0,15,1,1,pre_allocation
12,8009,greenran_low,0,0,65535_65535,2,23,4796237,35,1,1,1,13,35,15,1,1,allocated
12,8009,greenran_low,0,0,65535_65535,2,24,4793181,32,1,1,0,12,0,15,1,1,pre_allocation
12,8009,greenran_low,0,0,65535_65535,2,24,4793181,35,1,1,1,13,35,15,1,1,allocated
12,8009,greenran_low,0,0,65535_65535,2,21,4793145,32,1,1,0,12,0,15,1,1,pre_allocation
12,8009,greenran_low,0,0,65535_65535,2,21,4793145,35,1,1,1,13,35,15,1,1,allocated
12,8009,greenran_low,0,0,65535_65535,2,20,4792914,32,1,1,0,12,0,15,1,1,pre_allocation
12,8009,greenran_low,0,0,65535_65535,2,20,4792914,35,1,1,1,13,35,15,1,1,allocated
12,8009,greenran_low,0,0,65535_65535,2,22,4792953,32,1,1,0,12,0,15,1,1,pre_allocation
12,8009,greenran_low,0,0,65535_65535,2,22,4792953,35,1,1,1,13,35,15,1,1,allocated
12,8009,greenran_low,0,0,65535_65535,2,23,4796237,35,1,1,0,13,0,15,1,1,pre_allocation
12,8009,greenran_low,0,0,65535_65535,2,23,4796237,38,1,1,1,14,38,15,1,1,allocated
12,8009,greenran_low,0,0,65535_65535,2,24,4793181,35,1,1,0,13,0,15,1,1,pre_allocation
12,8009,greenran_low,0,0,65535_65535,2,24,4793181,38,1,1,1,14,38,15,1,1,allocated
12,8009,greenran_low,0,0,65535_65535,2,21,4793145,35,1,1,0,13,0,15,1,1,pre_allocation
12,8009,greenran_low,0,0,65535_65535,2,21,4793145,38,1,1,1,14,38,15,1,1,allocated
12,8009,greenran_low,0,0,65535_65535,2,20,4792914,35,1,1,0,13,0,15,1,1,pre_allocation
12,8009,greenran_low,0,0,65535_65535,2,20,4792914,38,1,1,1,14,38,15,1,1,allocated
12,8009,greenran_low,0,0,65535_65535,2,22,4792953,35,1,1,0,13,0,15,1,1,pre_allocation
12,8009,greenran_low,0,0,65535_65535,2,22,4792953,38,1,1,1,14,38,15,1,1,allocated
12,8009,greenran_low,0,0,65535_65535,2,23,4796237,38,1,1,0,14,0,15,1,1,pre_allocation
12,8009,greenran_low,0,0,65535_65535,2,23,4796237,41,1,1,1,15,41,15,1,1,allocated
12,8009,greenran_low,0,0,65535_65535,2,24,4793181,38,1,1,0,14,0,15,1,1,pre_allocation
12,8009,greenran_low,0,0,65535_65535,2,24,4793181,41,1,1,1,15,41,15,1,1,allocated
12,8009,greenran_low,0,0,65535_65535,2,21,4793145,38,1,1,0,14,0,15,1,1,pre_allocation
12,8009,greenran_low,0,0,65535_65535,2,21,4793145,41,1,1,1,15,41,15,1,1,allocated
12,8009,greenran_low,0,0,65535_65535,2,20,4792914,38,1,1,0,14,0,15,1,1,pre_allocation
12,8009,greenran_low,0,0,65535_65535,2,20,4792914,41,1,1,1,15,41,15,1,1,allocated
12,8009,greenran_low,0,0,65535_65535,2,22,4792953,38,1,1,0,14,0,15,1,1,pre_allocation
12,8009,greenran_low,0,0,65535_65535,2,22,4792953,41,1,1,1,15,41,15,1,1,allocated
12,8009,greenran_low,0,0,65535_65535,2,23,4796237,41,1,1,0,15,0,15,1,1,pre_allocation
12,8009,greenran_low,0,0,65535_65535,2,23,4796237,44,1,1,1,16,44,15,1,1,allocated
12,8009,greenran_low,0,0,65535_65535,2,24,4793181,41,1,1,0,15,0,15,1,1,pre_allocation
12,8009,greenran_low,0,0,65535_65535,2,24,4793181,44,1,1,1,16,44,15,1,1,allocated
12,8009,greenran_low,0,0,65535_65535,2,21,4793145,41,1,1,0,15,0,15,1,1,pre_allocation
12,8009,greenran_low,0,0,65535_65535,2,21,4793145,44,1,1,1,16,44,15,1,1,allocated
12,8009,greenran_low,0,0,65535_65535,2,20,4792914,41,1,1,0,15,0,15,1,1,pre_allocation
12,8009,greenran_low,0,0,65535_65535,2,20,4792914,44,1,1,1,16,44,15,1,1,allocated
12,8009,greenran_low,0,0,65535_65535,2,22,4792953,41,1,1,0,15,0,15,1,1,pre_allocation
12,8009,greenran_low,0,0,65535_65535,2,22,4792953,44,1,1,1,16,44,15,1,1,allocated
12,8009,greenran_low,0,0,65535_65535,2,23,4796237,44,1,1,0,16,0,15,1,1,pre_allocation
12,8009,greenran_low,0,0,65535_65535,2,23,4796237,47,1,1,1,17,47,15,1,1,allocated
12,8009,greenran_low,0,0,65535_65535,2,24,4793181,44,1,1,0,16,0,15,1,1,pre_allocation
12,8009,greenran_low,0,0,65535_65535,2,24,4793181,47,1,1,1,17,47,15,1,1,allocated
12,8009,greenran_low,0,0,65535_65535,2,21,4793145,44,1,1,0,16,0,15,1,1,pre_allocation
12,8009,greenran_low,0,0,65535_65535,2,21,4793145,47,1,1,1,17,47,15,1,1,allocated
12,8009,greenran_low,0,0,65535_65535,2,20,4792914,44,1,1,0,16,0,15,1,1,pre_allocation
12,8009,greenran_low,0,0,65535_65535,2,20,4792914,47,1,1,1,17,47,15,1,1,allocated
12,8009,greenran_low,0,0,65535_65535,2,22,4792953,44,1,1,0,16,0,15,1,1,pre_allocation
12,8009,greenran_low,0,0,65535_65535,2,22,4792953,47,1,1,1,17,47,15,1,1,allocated
12,8009,greenran_low,0,0,65535_65535,2,23,4796237,47,1,1,0,17,0,15,1,1,pre_allocation
12,8009,greenran_low,0,0,65535_65535,2,23,4796237,50,1,1,1,18,50,15,1,1,allocated
12,8009,greenran_low,0,0,65535_65535,2,24,4793181,47,1,1,0,17,0,15,1,1,pre_allocation
12,8009,greenran_low,0,0,65535_65535,2,24,4793181,50,1,1,1,18,50,15,1,1,allocated
12,8009,greenran_low,0,0,65535_65535,2,21,4793145,47,1,1,0,17,0,15,1,1,pre_allocation
12,8009,greenran_low,0,0,65535_65535,2,21,4793145,50,1,1,1,18,50,15,1,1,allocated
12,8009,greenran_low,0,0,65535_65535,2,20,4792914,47,1,1,0,17,0,15,1,1,pre_allocation
12,8009,greenran_low,0,0,65535_65535,2,20,4792914,50,1,1,1,18,50,15,1,1,allocated
12,8009,greenran_low,0,0,65535_65535,2,22,4792953,47,1,1,0,17,0,15,1,1,pre_allocation
12,8009,greenran_low,0,0,65535_65535,2,22,4792953,50,1,1,1,18,50,15,1,1,allocated
12,8009,greenran_low,0,0,65535_65535,2,23,4796237,50,1,1,0,18,0,15,1,1,pre_allocation
12,8009,greenran_low,0,0,65535_65535,2,23,4796237,53,1,1,1,19,53,15,1,1,allocated
12,8009,greenran_low,0,0,65535_65535,2,24,4793181,50,1,1,0,18,0,15,1,1,pre_allocation
12,8009,greenran_low,0,0,65535_65535,2,24,4793181,53,1,1,1,19,53,15,1,1,allocated
12,8009,greenran_low,0,0,65535_65535,2,21,4793145,50,1,1,0,18,0,15,1,1,pre_allocation
12,8009,greenran_low,0,0,65535_65535,2,21,4793145,53,1,1,1,19,53,15,1,1,allocated
12,8009,greenran_low,0,0,65535_65535,2,20,4792914,50,1,1,0,18,0,15,1,1,pre_allocation
12,8009,greenran_low,0,0,65535_65535,2,20,4792914,53,1,1,1,19,53,15,1,1,allocated
12,8009,greenran_low,0,0,65535_65535,2,22,4792953,50,1,1,0,18,0,15,1,1,pre_allocation
12,8009,greenran_low,0,0,65535_65535,2,22,4792953,53,1,1,1,19,53,15,1,1,allocated
12,8009,greenran_low,0,0,65535_65535,2,23,4796237,53,1,1,0,19,0,15,1,1,pre_allocation
12,8009,greenran_low,0,0,65535_65535,2,23,4796237,56,1,1,1,20,56,15,1,1,allocated
12,8009,greenran_low,0,0,65535_65535,2,24,4793181,53,1,1,0,19,0,15,1,1,pre_allocation
12,8009,greenran_low,0,0,65535_65535,2,24,4793181,56,1,1,1,20,56,15,1,1,allocated
12,8009,greenran_low,0,0,65535_65535,2,21,4793145,53,1,1,0,19,0,15,1,1,pre_allocation
12,8009,greenran_low,0,0,65535_65535,2,21,4793145,56,1,1,1,20,56,15,1,1,allocated
12,8009,greenran_low,0,0,65535_65535,2,20,4792914,53,1,1,0,19,0,15,1,1,pre_allocation
12,8009,greenran_low,0,0,65535_65535,2,20,4792914,56,1,1,1,20,56,15,1,1,allocated
12,8009,greenran_low,0,0,65535_65535,2,22,4792953,53,1,1,0,19,0,15,1,1,pre_allocation
12,8009,greenran_low,0,0,65535_65535,2,22,4792953,56,1,1,1,20,56,15,1,1,allocated
12,8009,greenran_low,0,0,65535_65535,2,23,4796237,56,1,1,0,20,0,15,1,1,pre_allocation
12,8009,greenran_low,0,0,65535_65535,2,23,4796237,59,1,1,1,21,59,15,1,1,allocated
12,8009,greenran_low,0,0,65535_65535,2,24,4793181,56,1,1,0,20,0,15,1,1,pre_allocation
12,8009,greenran_low,0,0,65535_65535,2,24,4793181,59,1,1,1,21,59,15,1,1,allocated
12,8009,greenran_low,0,0,65535_65535,2,21,4793145,56,1,1,0,20,0,15,1,1,pre_allocation
12,8009,greenran_low,0,0,65535_65535,2,21,4793145,59,1,1,1,21,59,15,1,1,allocated
12,8009,greenran_low,0,0,65535_65535,2,20,4792914,56,1,1,0,20,0,15,1,1,pre_allocation
12,8009,greenran_low,0,0,65535_65535,2,20,4792914,59,1,1,1,21,59,15,1,1,allocated
12,8009,greenran_low,0,0,65535_65535,2,22,4792953,56,1,1,0,20,0,15,1,1,pre_allocation
12,8009,greenran_low,0,0,65535_65535,2,22,4792953,59,1,1,1,21,59,15,1,1,allocated
12,8009,greenran_low,0,0,65535_65535,2,23,4796237,59,1,1,0,21,0,15,1,1,pre_allocation
12,8009,greenran_low,0,0,65535_65535,2,23,4796237,62,1,1,1,22,62,15,1,1,allocated
12,8009,greenran_low,0,0,65535_65535,2,24,4793181,59,1,1,0,21,0,15,1,1,pre_allocation
12,8009,greenran_low,0,0,65535_65535,2,24,4793181,62,1,1,1,22,62,15,1,1,allocated
12,8009,greenran_low,0,0,65535_65535,2,21,4793145,59,1,1,0,21,0,15,1,1,pre_allocation
12,8009,greenran_low,0,0,65535_65535,2,21,4793145,62,1,1,1,22,62,15,1,1,allocated
12,8009,greenran_low,0,0,65535_65535,2,20,4792914,59,1,1,0,21,0,15,1,1,pre_allocation
12,8009,greenran_low,0,0,65535_65535,2,20,4792914,62,1,1,1,22,62,15,1,1,allocated
12,8009,greenran_low,0,0,65535_65535,2,22,4792953,59,1,1,0,21,0,15,1,1,pre_allocation
12,8009,greenran_low,0,0,65535_65535,2,22,4792953,62,1,1,1,22,62,15,1,1,allocated
12,8009,greenran_low,0,0,65535_65535,2,23,4796237,62,1,1,0,22,0,15,1,1,pre_allocation
12,8009,greenran_low,0,0,65535_65535,2,23,4796237,65,1,1,1,23,65,15,1,1,allocated
12,8009,greenran_low,0,0,65535_65535,2,24,4793181,62,1,1,0,22,0,15,1,1,pre_allocation
12,8009,greenran_low,0,0,65535_65535,2,24,4793181,65,1,1,1,23,65,15,1,1,allocated
12,8009,greenran_low,0,0,65535_65535,2,21,4793145,62,1,1,0,22,0,15,1,1,pre_allocation
12,8009,greenran_low,0,0,65535_65535,2,21,4793145,65,1,1,1,23,65,15,1,1,allocated
12,8009,greenran_low,0,0,65535_65535,2,20,4792914,62,1,1,0,22,0,15,1,1,pre_allocation
12,8009,greenran_low,0,0,65535_65535,2,20,4792914,65,1,1,1,23,65,15,1,1,allocated
12,8009,greenran_low,0,0,65535_65535,2,22,4792953,62,1,1,0,22,0,15,1,1,pre_allocation
12,8009,greenran_low,0,0,65535_65535,2,22,4792953,65,1,1,1,23,65,15,1,1,allocated
12,8009,greenran_low,0,0,65535_65535,2,23,4796237,65,1,1,0,23,0,15,1,1,pre_allocation
12,8009,greenran_low,0,0,65535_65535,2,23,4796237,68,1,1,1,24,68,15,1,1,allocated
12,8009,greenran_low,0,0,65535_65535,2,24,4793181,65,1,1,0,23,0,15,1,1,pre_allocation
12,8009,greenran_low,0,0,65535_65535,2,24,4793181,68,1,1,1,24,68,15,1,1,allocated
12,8009,greenran_low,0,0,65535_65535,2,21,4793145,65,1,1,0,23,0,15,1,1,pre_allocation
12,8009,greenran_low,0,0,65535_65535,2,21,4793145,68,1,1,1,24,68,15,1,1,allocated
12,8009,greenran_low,0,0,65535_65535,2,20,4792914,65,1,1,0,23,0,15,1,1,pre_allocation
12,8009,greenran_low,0,0,65535_65535,2,20,4792914,68,1,1,1,24,68,15,1,1,allocated
12,8009,greenran_low,0,0,65535_65535,2,22,4792953,65,1,1,0,23,0,15,1,1,pre_allocation
12,8009,greenran_low,0,0,65535_65535,2,22,4792953,68,1,1,1,24,68,15,1,1,allocated
12,8009,greenran_low,0,0,65535_65535,2,23,4796237,68,1,1,0,24,0,15,1,1,pre_allocation
12,8009,greenran_low,0,0,65535_65535,2,23,4796237,71,1,1,1,25,71,15,1,1,allocated
12,8009,greenran_low,0,0,65535_65535,2,24,4793181,68,1,1,0,24,0,15,1,1,pre_allocation
12,8009,greenran_low,0,0,65535_65535,2,24,4793181,71,1,1,1,25,71,15,1,1,allocated
12,8009,greenran_low,0,0,65535_65535,2,21,4793145,68,1,1,0,24,0,15,1,1,pre_allocation
12,8009,greenran_low,0,0,65535_65535,2,21,4793145,71,1,1,1,25,71,15,1,1,allocated
12,8009,greenran_low,0,0,65535_65535,2,20,4792914,68,1,1,0,24,0,15,1,1,pre_allocation
12,8009,greenran_low,0,0,65535_65535,2,20,4792914,71,1,1,1,25,71,15,1,1,allocated
12,8009,greenran_low,0,0,65535_65535,2,22,4792953,68,1,1,0,24,0,15,1,1,pre_allocation
12,8009,greenran_low,0,0,65535_65535,2,22,4792953,71,1,1,1,25,71,15,1,1,allocated
12,8009,greenran_low,0,0,65535_65535,2,23,4796237,71,1,1,0,25,0,15,1,1,pre_allocation
12,8009,greenran_low,0,0,65535_65535,2,23,4796237,74,1,1,1,26,74,15,1,1,allocated
12,8009,greenran_low,0,0,65535_65535,2,24,4793181,71,1,1,0,25,0,15,1,1,pre_allocation
12,8009,greenran_low,0,0,65535_65535,2,24,4793181,74,1,1,1,26,74,15,1,1,allocated
12,8009,greenran_low,0,0,65535_65535,2,21,4793145,71,1,1,0,25,0,15,1,1,pre_allocation
12,8009,greenran_low,0,0,65535_65535,2,21,4793145,74,1,1,1,26,74,15,1,1,allocated
12,8009,greenran_low,0,0,65535_65535,2,20,4792914,71,1,1,0,25,0,15,1,1,pre_allocation
12,8009,greenran_low,0,0,65535_65535,2,20,4792914,74,1,1,1,26,74,15,1,1,allocated
12,8009,greenran_low,0,0,65535_65535,2,22,4792953,71,1,1,0,25,0,15,1,1,pre_allocation
12,8009,greenran_low,0,0,65535_65535,2,22,4792953,74,1,1,1,26,74,15,1,1,allocated
12,8009,greenran_low,0,0,65535_65535,2,23,4796237,74,1,1,0,26,0,15,1,1,pre_allocation
12,8009,greenran_low,0,0,65535_65535,2,23,4796237,77,1,1,1,27,77,15,1,1,allocated
12,8009,greenran_low,0,0,65535_65535,2,24,4793181,74,1,1,0,26,0,15,1,1,pre_allocation
12,8009,greenran_low,0,0,65535_65535,2,24,4793181,77,1,1,1,27,77,15,1,1,allocated
12,8009,greenran_low,0,0,65535_65535,2,21,4793145,74,1,1,0,26,0,15,1,1,pre_allocation
12,8009,greenran_low,0,0,65535_65535,2,21,4793145,77,1,1,1,27,77,15,1,1,allocated
12,8009,greenran_low,0,0,65535_65535,2,20,4792914,74,1,1,0,26,0,15,1,1,pre_allocation
12,8009,greenran_low,0,0,65535_65535,2,20,4792914,77,1,1,1,27,77,15,1,1,allocated
12,8009,greenran_low,0,0,65535_65535,2,22,4792953,74,1,1,0,26,0,15,1,1,pre_allocation
12,8009,greenran_low,0,0,65535_65535,2,22,4792953,77,1,1,1,27,77,15,1,1,allocated
12,8009,greenran_low,0,0,65535_65535,2,23,4796237,77,1,1,0,27,0,15,1,1,pre_allocation
12,8009,greenran_low,0,0,65535_65535,2,23,4796237,80,1,1,1,28,80,15,1,1,allocated
12,8009,greenran_low,0,0,65535_65535,2,24,4793181,77,1,1,0,27,0,15,1,1,pre_allocation
12,8009,greenran_low,0,0,65535_65535,2,24,4793181,80,1,1,1,28,80,15,1,1,allocated
12,8009,greenran_low,0,0,65535_65535,2,21,4793145,77,1,1,0,27,0,15,1,1,pre_allocation
12,8009,greenran_low,0,0,65535_65535,2,21,4793145,80,1,1,1,28,80,15,1,1,allocated
12,8009,greenran_low,0,0,65535_65535,2,20,4792914,77,1,1,0,27,0,15,1,1,pre_allocation
12,8009,greenran_low,0,0,65535_65535,2,20,4792914,80,1,1,1,28,80,15,1,1,allocated
12,8009,greenran_low,0,0,65535_65535,2,22,4792953,77,1,1,0,27,0,15,1,1,pre_allocation
12,8009,greenran_low,0,0,65535_65535,2,22,4792953,80,1,1,1,28,80,15,1,1,allocated
12,8009,greenran_low,0,0,65535_65535,2,23,4796237,80,1,1,0,28,0,15,1,1,pre_allocation
12,8009,greenran_low,0,0,65535_65535,2,23,4796237,83,1,1,1,29,83,15,1,1,allocated
12,8009,greenran_low,0,0,65535_65535,2,24,4793181,80,1,1,0,28,0,15,1,1,pre_allocation
12,8009,greenran_low,0,0,65535_65535,2,24,4793181,83,1,1,1,29,83,15,1,1,allocated
12,8009,greenran_low,0,0,65535_65535,2,21,4793145,80,1,1,0,28,0,15,1,1,pre_allocation
12,8009,greenran_low,0,0,65535_65535,2,21,4793145,83,1,1,1,29,83,15,1,1,allocated
12,8009,greenran_low,0,0,65535_65535,2,20,4792914,80,1,1,0,28,0,15,1,1,pre_allocation
12,8009,greenran_low,0,0,65535_65535,2,20,4792914,83,1,1,1,29,83,15,1,1,allocated
