seed,scenario,episode,step,algo_mode,reward_mode,slice_id,slice,throughput_mbps,dTxBytes,dRxBytes,bufferBytes_mean,bufferBytes_max,plr_pct,pdr_pct,dLostPackets,resourceSharePct,action_embb,action_urllc,action_mtc,scheduler_id,scheduler_name,raw_action,reward,resource_efficiency,need_allocation_match,over_allocation,under_allocation,action_smoothness_penalty,resource_efficient_shaping,outage_flag,soft_flag,terminated,truncated,sim_id
5,low_traffic,10,1,discrete,resource_efficient,0,eMBB,17.113599999999998,70288.0,21392.0,26271.0,26271.0,69.565,30.435000000000002,32.0,61.67,61.665000000000006,20.0,18.335,0,RR(cost=1.0),[189],1.6131831545871753,0.34528633600694975,0.8967871467250713,0.045614478299956726,0.07321285327492869,0.35,0.20714923023142717,False,False,False,False,beb970ff-345a-4655-af42-81d10b684766
5,low_traffic,10,1,discrete,resource_efficient,1,URLLC,1.3728,1872.0,1716.0,333.0,333.0,8.33,91.67,2.0,20.0,61.665000000000006,20.0,18.335,0,RR(cost=1.0),[189],1.6131831545871753,0.34528633600694975,0.8967871467250713,0.045614478299956726,0.07321285327492869,0.35,0.20714923023142717,False,False,False,False,beb970ff-345a-4655-af42-81d10b684766
5,low_traffic,10,1,discrete,resource_efficient,2,MTC,0.4096,1536.0,512.0,137.0,137.0,66.66666666666667,33.33333333333333,8.0,18.34,61.665000000000006,20.0,18.335,0,RR(cost=1.0),[189],1.6131831545871753,0.34528633600694975,0.8967871467250713,0.045614478299956726,0.07321285327492869,0.35,0.20714923023142717,False,False,False,False,beb970ff-345a-4655-af42-81d10b684766
5,low_traffic,10,2,discrete,resource_efficient,0,eMBB,26.8928,70288.0,33616.0,45332.0,49295.0,52.17,47.83,24.0,61.67,61.665000000000006,20.0,18.335,0,RR(cost=1.0),[189],1.65033232003746,0.5017141962079952,0.8420205856679065,0.09797941433209355,0.1279794143320935,0.0,0.2235551906423429,False,False,False,False,beb970ff-345a-4655-af42-81d10b684766
5,low_traffic,10,2,discrete,resource_efficient,1,URLLC,1.7472,2028.0,2184.0,87.0,87.0,0.0,100.0,0.0,20.0,61.665000000000006,20.0,18.335,0,RR(cost=1.0),[189],1.65033232003746,0.5017141962079952,0.8420205856679065,0.09797941433209355,0.1279794143320935,0.0,0.2235551906423429,False,False,False,False,beb970ff-345a-4655-af42-81d10b684766
5,low_traffic,10,2,discrete,resource_efficient,2,MTC,1.2288,1536.0,1536.0,76.5,116.0,33.333333333333336,66.66666666666666,4.0,18.34,61.665000000000006,20.0,18.335,0,RR(cost=1.0),[189],1.65033232003746,0.5017141962079952,0.8420205856679065,0.09797941433209355,0.1279794143320935,0.0,0.2235551906423429,False,False,False,False,beb970ff-345a-4655-af42-81d10b684766
5,low_traffic,10,3,discrete,resource_efficient,0,eMBB,45.2288,70288.0,56536.0,50561.5,56995.0,23.915,76.08500000000001,11.0,16.66,16.665,60.00000000000001,23.335,0,RR(cost=1.0),[24],1.3446561053463977,0.3209369328965762,0.39656945250883124,0.5434305474911688,0.5734305474911687,0.45000000000000007,-0.10237094191538601,False,False,False,False,beb970ff-345a-4655-af42-81d10b684766
5,low_traffic,10,3,discrete,resource_efficient,1,URLLC,1.6224,1872.0,2028.0,87.0,87.0,0.0,100.0,0.0,60.0,16.665,60.00000000000001,23.335,0,RR(cost=1.0),[24],1.3446561053463977,0.3209369328965762,0.39656945250883124,0.5434305474911688,0.5734305474911687,0.45000000000000007,-0.10237094191538601,False,False,False,False,beb970ff-345a-4655-af42-81d10b684766
5,low_traffic,10,3,discrete,resource_efficient,2,MTC,0.8192,1536.0,1024.0,137.0,137.0,33.333333333333336,66.66666666666666,4.0,23.34,16.665,60.00000000000001,23.335,0,RR(cost=1.0),[24],1.3446561053463977,0.3209369328965762,0.39656945250883124,0.5434305474911688,0.5734305474911687,0.45000000000000007,-0.10237094191538601,False,False,False,False,beb970ff-345a-4655-af42-81d10b684766
5,low_traffic,10,4,discrete,resource_efficient,0,eMBB,39.1168,70288.0,48896.0,47053.0,57590.0,32.61,67.39,15.0,61.67,61.665000000000006,25.0,13.334999999999999,2,BCQI(cost=2.0),[194],1.1855302444232567,0.6192432282474537,0.8805490754844496,0.07137323340898805,0.0894509245155504,0.45000000000000007,0.24529362916147296,False,False,False,False,beb970ff-345a-4655-af42-81d10b684766
5,low_traffic,10,4,discrete,resource_efficient,1,URLLC,1.248,2028.0,1560.0,87.0,87.0,23.08,76.92,6.0,25.0,61.665000000000006,25.0,13.334999999999999,2,BCQI(cost=2.0),[194],1.1855302444232567,0.6192432282474537,0.8805490754844496,0.07137323340898805,0.0894509245155504,0.45000000000000007,0.24529362916147296,False,False,False,False,beb970ff-345a-4655-af42-81d10b684766
5,low_traffic,10,4,discrete,resource_efficient,2,MTC,0.8192,1536.0,1024.0,131.5,137.0,33.333333333333336,66.66666666666666,4.0,13.33,61.665000000000006,25.0,13.334999999999999,2,BCQI(cost=2.0),[194],1.1855302444232567,0.6192432282474537,0.8805490754844496,0.07137323340898805,0.0894509245155504,0.45000000000000007,0.24529362916147296,False,False,False,False,beb970ff-345a-4655-af42-81d10b684766
5,low_traffic,10,5,discrete,resource_efficient,0,eMBB,74.5664,70288.0,93208.0,46804.5,79674.0,8.695,91.305,4.0,36.67,36.665000000000006,20.0,43.335,0,RR(cost=1.0),[114],0.0,0.5690670242324408,0.5920172092667542,0.3479827907332459,0.3779827907332458,0.3,0.0,False,True,False,False,beb970ff-345a-4655-af42-81d10b684766
5,low_traffic,10,5,discrete,resource_efficient,1,URLLC,1.6224,1872.0,2028.0,87.0,87.0,0.0,100.0,0.0,20.0,36.665000000000006,20.0,43.335,0,RR(cost=1.0),[114],0.0,0.5690670242324408,0.5920172092667542,0.3479827907332459,0.3779827907332458,0.3,0.0,False,False,False,False,beb970ff-345a-4655-af42-81d10b684766
5,low_traffic,10,5,discrete,resource_efficient,2,MTC,0.8192,1536.0,1024.0,137.0,137.0,33.333333333333336,66.66666666666666,4.0,43.34,36.665000000000006,20.0,43.335,0,RR(cost=1.0),[114],0.0,0.5690670242324408,0.5920172092667542,0.3479827907332459,0.3779827907332458,0.3,0.0,False,False,False,False,beb970ff-345a-4655-af42-81d10b684766
5,low_traffic,10,6,discrete,resource_efficient,0,eMBB,64.7872,70288.0,80984.0,48556.5,90980.0,0.0,100.0,0.0,61.67,61.665000000000006,25.0,13.334999999999999,2,BCQI(cost=2.0),[194],0.0,0.8093274843642713,0.8415012636343724,0.10985009449958408,0.1284987363656276,0.3,0.0,False,True,False,False,beb970ff-345a-4655-af42-81d10b684766
5,low_traffic,10,6,discrete,resource_efficient,1,URLLC,1.7472,2028.0,2184.0,169.0,169.0,0.0,100.0,0.0,25.0,61.665000000000006,25.0,13.334999999999999,2,BCQI(cost=2.0),[194],0.0,0.8093274843642713,0.8415012636343724,0.10985009449958408,0.1284987363656276,0.3,0.0,False,False,False,False,beb970ff-345a-4655-af42-81d10b684766
5,low_traffic,10,6,discrete,resource_efficient,2,MTC,0.8192,1536.0,1024.0,137.0,137.0,33.333333333333336,66.66666666666666,4.0,13.33,61.665000000000006,25.0,13.334999999999999,2,BCQI(cost=2.0),[194],0.0,0.8093274843642713,0.8415012636343724,0.10985009449958408,0.1284987363656276,0.3,0.0,False,False,False,False,beb970ff-345a-4655-af42-81d10b684766
5,low_traffic,10,7,discrete,resource_efficient,0,eMBB,42.784,70288.0,53480.0,55194.5,104767.0,23.91,76.09,11.0,16.66,16.665,60.00000000000001,23.335,0,RR(cost=1.0),[24],0.0,0.3096715527467944,0.38127797944718655,0.5587220205528134,0.5887220205528134,0.45000000000000007,0.0,False,True,False,False,beb970ff-345a-4655-af42-81d10b684766
5,low_traffic,10,7,discrete,resource_efficient,1,URLLC,1.6224,1872.0,2028.0,87.0,87.0,0.0,100.0,0.0,60.0,16.665,60.00000000000001,23.335,0,RR(cost=1.0),[24],0.0,0.3096715527467944,0.38127797944718655,0.5587220205528134,0.5887220205528134,0.45000000000000007,0.0,False,False,False,False,beb970ff-345a-4655-af42-81d10b684766
5,low_traffic,10,7,discrete,resource_efficient,2,MTC,1.2288,1536.0,1536.0,137.0,137.0,33.333333333333336,66.66666666666666,4.0,23.34,16.665,60.00000000000001,23.335,0,RR(cost=1.0),[24],0.0,0.3096715527467944,0.38127797944718655,0.5587220205528134,0.5887220205528134,0.45000000000000007,0.0,False,False,False,False,beb970ff-345a-4655-af42-81d10b684766
5,low_traffic,10,8,discrete,resource_efficient,0,eMBB,45.22880000000001,70288.0,56536.0,56172.0,110807.0,28.26,71.74,13.0,61.67,61.665000000000006,25.0,13.334999999999999,2,BCQI(cost=2.0),[194],0.0,0.6752319269367436,0.8399994318509694,0.1020200921981542,0.13000056814903063,0.45000000000000007,0.0,False,True,False,False,beb970ff-345a-4655-af42-81d10b684766
5,low_traffic,10,8,discrete,resource_efficient,1,URLLC,1.4976,2028.0,1872.0,87.0,87.0,7.69,92.31,2.0,25.0,61.665000000000006,25.0,13.334999999999999,2,BCQI(cost=2.0),[194],0.0,0.6752319269367436,0.8399994318509694,0.1020200921981542,0.13000056814903063,0.45000000000000007,0.0,False,False,False,False,beb970ff-345a-4655-af42-81d10b684766
5,low_traffic,10,8,discrete,resource_efficient,2,MTC,0.8192,1536.0,1024.0,124.5,137.0,33.333333333333336,66.66666666666666,4.0,13.33,61.665000000000006,25.0,13.334999999999999,2,BCQI(cost=2.0),[194],0.0,0.6752319269367436,0.8399994318509694,0.1020200921981542,0.13000056814903063,0.45000000000000007,0.0,False,False,False,False,beb970ff-345a-4655-af42-81d10b684766
5,low_traffic,10,9,discrete,resource_efficient,0,eMBB,50.1184,70288.0,62648.0,67054.5,132572.0,10.87,89.13,5.0,26.66,26.665,50.0,23.335,0,RR(cost=1.0),[81],0.0,0.42017425443654804,0.47773849072260877,0.46226150927739107,0.4922615092773912,0.35000000000000003,0.0,False,True,False,False,beb970ff-345a-4655-af42-81d10b684766
5,low_traffic,10,9,discrete,resource_efficient,1,URLLC,1.6224,1872.0,2028.0,87.0,87.0,0.0,100.0,0.0,50.0,26.665,50.0,23.335,0,RR(cost=1.0),[81],0.0,0.42017425443654804,0.47773849072260877,0.46226150927739107,0.4922615092773912,0.35000000000000003,0.0,False,False,False,False,beb970ff-345a-4655-af42-81d10b684766
5,low_traffic,10,9,discrete,resource_efficient,2,MTC,0.8192,1536.0,1024.0,137.0,137.0,33.333333333333336,66.66666666666666,4.0,23.34,26.665,50.0,23.335,0,RR(cost=1.0),[81],0.0,0.42017425443654804,0.47773849072260877,0.46226150927739107,0.4922615092773912,0.35000000000000003,0.0,False,False,False,False,beb970ff-345a-4655-af42-81d10b684766
5,low_traffic,10,10,discrete,resource_efficient,0,eMBB,52.563199999999995,70288.0,65704.0,68325.0,135113.0,10.87,89.13,5.0,61.67,61.665000000000006,25.0,13.334999999999999,2,BCQI(cost=2.0),[194],0.0,0.7580481043940172,0.8369578226450584,0.1030421773549417,0.13304217735494164,0.35000000000000003,0.0,False,True,False,False,beb970ff-345a-4655-af42-81d10b684766
5,low_traffic,10,10,discrete,resource_efficient,1,URLLC,1.4976,2028.0,1872.0,87.0,87.0,7.69,92.31,2.0,25.0,61.665000000000006,25.0,13.334999999999999,2,BCQI(cost=2.0),[194],0.0,0.7580481043940172,0.8369578226450584,0.1030421773549417,0.13304217735494164,0.35000000000000003,0.0,False,False,False,False,beb970ff-345a-4655-af42-81d10b684766
5,low_traffic,10,10,discrete,resource_efficient,2,MTC,0.8192,1536.0,1024.0,137.0,137.0,33.333333333333336,66.66666666666666,4.0,13.33,61.665000000000006,25.0,13.334999999999999,2,BCQI(cost=2.0),[194],0.0,0.7580481043940172,0.8369578226450584,0.1030421773549417,0.13304217735494164,0.35000000000000003,0.0,False,False,False,False,beb970ff-345a-4655-af42-81d10b684766
5,low_traffic,10,11,discrete,resource_efficient,0,eMBB,48.896,67232.0,61120.0,73698.0,145558.0,9.09,90.91,4.0,26.66,26.665,25.0,48.334999999999994,1,PF(cost=2.0),[67],0.0,0.42943030584864006,0.4851517775451568,0.4548482224548431,0.48484822245484316,0.35,0.0,False,True,False,False,beb970ff-345a-4655-af42-81d10b684766
5,low_traffic,10,11,discrete,resource_efficient,1,URLLC,1.3728,1872.0,1716.0,87.0,87.0,8.33,91.67,2.0,25.0,26.665,25.0,48.334999999999994,1,PF(cost=2.0),[67],0.0,0.42943030584864006,0.4851517775451568,0.4548482224548431,0.48484822245484316,0.35,0.0,False,False,False,False,beb970ff-345a-4655-af42-81d10b684766
5,low_traffic,10,11,discrete,resource_efficient,2,MTC,0.8192,1536.0,1024.0,137.0,137.0,33.333333333333336,66.66666666666666,4.0,48.32999999999999,26.665,25.0,48.334999999999994,1,PF(cost=2.0),[67],0.0,0.42943030584864006,0.4851517775451568,0.4548482224548431,0.48484822245484316,0.35,0.0,False,False,False,False,beb970ff-345a-4655-af42-81d10b684766
5,low_traffic,10,12,discrete,resource_efficient,0,eMBB,45.2288,70288.0,56536.0,80047.0,153992.0,21.74,78.26,10.0,61.67,61.665000000000006,25.0,13.334999999999999,2,BCQI(cost=2.0),[194],0.0,0.6637273662025944,0.856182574978629,0.11381742502137096,0.10850358350879188,0.35,0.0,False,True,False,False,beb970ff-345a-4655-af42-81d10b684766
5,low_traffic,10,12,discrete,resource_efficient,1,URLLC,1.6224,2028.0,2028.0,87.0,87.0,0.0,100.0,0.0,25.0,61.665000000000006,25.0,13.334999999999999,2,BCQI(cost=2.0),[194],0.0,0.6637273662025944,0.856182574978629,0.11381742502137096,0.10850358350879188,0.35,0.0,False,False,False,False,beb970ff-345a-4655-af42-81d10b684766
5,low_traffic,10,12,discrete,resource_efficient,2,MTC,0.8192,2304.0,1024.0,159.0,269.0,55.55333333333332,44.44666666666668,10.0,13.33,61.665000000000006,25.0,13.334999999999999,2,BCQI(cost=2.0),[194],0.0,0.6637273662025944,0.856182574978629,0.11381742502137096,0.10850358350879188,0.35,0.0,False,False,False,False,beb970ff-345a-4655-af42-81d10b684766
5,low_traffic,10,13,discrete,resource_efficient,0,eMBB,45.22880000000001,70288.0,56536.0,87412.5,166621.0,19.565,80.435,9.0,16.66,16.665,30.000000000000004,53.335,0,RR(cost=1.0),[6],0.0,0.3018427927138591,0.37187708461666524,0.5681229153833347,0.5981229153833347,0.45000000000000007,0.0,False,True,False,False,beb970ff-345a-4655-af42-81d10b684766
5,low_traffic,10,13,discrete,resource_efficient,1,URLLC,1.6224,1872.0,2028.0,251.0,251.0,0.0,100.0,0.0,30.0,16.665,30.000000000000004,53.335,0,RR(cost=1.0),[6],0.0,0.3018427927138591,0.37187708461666524,0.5681229153833347,0.5981229153833347,0.45000000000000007,0.0,False,False,False,False,beb970ff-345a-4655-af42-81d10b684766
5,low_traffic,10,13,discrete,resource_efficient,2,MTC,0.8192,1536.0,1024.0,137.0,137.0,33.333333333333336,66.66666666666666,4.0,53.34000000000001,16.665,30.000000000000004,53.335,0,RR(cost=1.0),[6],0.0,0.3018427927138591,0.37187708461666524,0.5681229153833347,0.5981229153833347,0.45000000000000007,0.0,False,False,False,False,beb970ff-345a-4655-af42-81d10b684766
5,low_traffic,10,14,discrete,resource_efficient,0,eMBB,45.2288,70288.0,56536.0,88729.0,175921.0,23.915,76.08500000000001,11.0,61.67,61.665000000000006,25.0,13.334999999999999,2,BCQI(cost=2.0),[194],0.0,0.6657238580728275,0.8202138867211874,0.11978611327881258,0.14978611327881255,0.45000000000000007,0.0,False,True,False,False,beb970ff-345a-4655-af42-81d10b684766
5,low_traffic,10,14,discrete,resource_efficient,1,URLLC,1.6224,2028.0,2028.0,87.0,87.0,0.0,100.0,0.0,25.0,61.665000000000006,25.0,13.334999999999999,2,BCQI(cost=2.0),[194],0.0,0.6657238580728275,0.8202138867211874,0.11978611327881258,0.14978611327881255,0.45000000000000007,0.0,False,False,False,False,beb970ff-345a-4655-af42-81d10b684766
5,low_traffic,10,14,discrete,resource_efficient,2,MTC,0.8192,1536.0,1024.0,159.0,269.0,33.333333333333336,66.66666666666666,4.0,13.33,61.665000000000006,25.0,13.334999999999999,2,BCQI(cost=2.0),[194],0.0,0.6657238580728275,0.8202138867211874,0.11978611327881258,0.14978611327881255,0.45000000000000007,0.0,False,False,False,False,beb970ff-345a-4655-af42-81d10b684766
5,low_traffic,10,15,discrete,resource_efficient,0,eMBB,47.6736,70288.0,59592.0,98409.5,192493.0,15.219999999999999,84.78,7.0,16.66,16.665,30.000000000000004,53.335,0,RR(cost=1.0),[6],0.0,0.3114887280255799,0.36798517627091487,0.5720148237290851,0.6020148237290851,0.45000000000000007,0.0,False,True,False,False,beb970ff-345a-4655-af42-81d10b684766
5,low_traffic,10,15,discrete,resource_efficient,1,URLLC,1.6224,1872.0,2028.0,87.0,87.0,0.0,100.0,0.0,30.0,16.665,30.000000000000004,53.335,0,RR(cost=1.0),[6],0.0,0.3114887280255799,0.36798517627091487,0.5720148237290851,0.6020148237290851,0.45000000000000007,0.0,False,False,False,False,beb970ff-345a-4655-af42-81d10b684766
5,low_traffic,10,15,discrete,resource_efficient,2,MTC,0.8192,1536.0,1024.0,137.0,137.0,33.333333333333336,66.66666666666666,4.0,53.34000000000001,16.665,30.000000000000004,53.335,0,RR(cost=1.0),[6],0.0,0.3114887280255799,0.36798517627091487,0.5720148237290851,0.6020148237290851,0.45000000000000007,0.0,False,False,False,False,beb970ff-345a-4655-af42-81d10b684766
5,low_traffic,10,16,discrete,resource_efficient,0,eMBB,36.672,70288.0,45840.0,108081.0,214625.0,36.955,63.045,17.0,16.66,16.665,20.0,63.334999999999994,1,PF(cost=2.0),[1],0.0,0.2539613199129073,0.3713746898682281,0.5686253101317718,0.5986253101317719,0.1,0.0,False,True,False,False,beb970ff-345a-4655-af42-81d10b684766
5,low_traffic,10,16,discrete,resource_efficient,1,URLLC,1.4976,2028.0,1872.0,87.0,87.0,7.69,92.31,2.0,20.0,16.665,20.0,63.334999999999994,1,PF(cost=2.0),[1],0.0,0.2539613199129073,0.3713746898682281,0.5686253101317718,0.5986253101317719,0.1,0.0,False,False,False,False,beb970ff-345a-4655-af42-81d10b684766
5,low_traffic,10,16,discrete,resource_efficient,2,MTC,0.8192,1536.0,1024.0,159.0,269.0,33.333333333333336,66.66666666666666,4.0,63.32999999999999,16.665,20.0,63.334999999999994,1,PF(cost=2.0),[1],0.0,0.2539613199129073,0.3713746898682281,0.5686253101317718,0.5986253101317719,0.1,0.0,False,False,False,False,beb970ff-345a-4655-af42-81d10b684766
5,low_traffic,10,17,discrete,resource_efficient,0,eMBB,37.894400000000005,70288.0,47368.0,119856.0,236271.0,32.61,67.39,15.0,16.66,16.665,20.0,63.334999999999994,1,PF(cost=2.0),[1],0.0,0.25628936864851004,0.3623372823070189,0.577662717692981,0.6076627176929811,0.0,0.0,False,True,False,False,beb970ff-345a-4655-af42-81d10b684766
5,low_traffic,10,17,discrete,resource_efficient,1,URLLC,1.6224,1872.0,2028.0,87.0,87.0,0.0,100.0,0.0,20.0,16.665,20.0,63.334999999999994,1,PF(cost=2.0),[1],0.0,0.25628936864851004,0.3623372823070189,0.577662717692981,0.6076627176929811,0.0,0.0,False,False,False,False,beb970ff-345a-4655-af42-81d10b684766
5,low_traffic,10,17,discrete,resource_efficient,2,MTC,0.8192,1536.0,1024.0,137.0,137.0,33.333333333333336,66.66666666666666,4.0,63.32999999999999,16.665,20.0,63.334999999999994,1,PF(cost=2.0),[1],0.0,0.25628936864851004,0.3623372823070189,0.577662717692981,0.6076627176929811,0.0,0.0,False,False,False,False,beb970ff-345a-4655-af42-81d10b684766
5,low_traffic,10,18,discrete,resource_efficient,0,eMBB,36.672000000000004,70288.0,45840.0,130795.0,255877.0,34.785,65.215,16.0,16.66,16.665,20.0,63.334999999999994,1,PF(cost=2.0),[1],0.0,0.2527085152311001,0.3784125311891049,0.5615874688108949,0.5915874688108951,0.0,0.0,False,True,False,False,beb970ff-345a-4655-af42-81d10b684766
5,low_traffic,10,18,discrete,resource_efficient,1,URLLC,1.248,2028.0,1560.0,87.0,87.0,23.08,76.92,6.0,20.0,16.665,20.0,63.334999999999994,1,PF(cost=2.0),[1],0.0,0.2527085152311001,0.3784125311891049,0.5615874688108949,0.5915874688108951,0.0,0.0,False,False,False,False,beb970ff-345a-4655-af42-81d10b684766
5,low_traffic,10,18,discrete,resource_efficient,2,MTC,0.8192,1536.0,1024.0,137.0,137.0,33.333333333333336,66.66666666666666,4.0,63.32999999999999,16.665,20.0,63.334999999999994,1,PF(cost=2.0),[1],0.0,0.2527085152311001,0.3784125311891049,0.5615874688108949,0.5915874688108951,0.0,0.0,False,False,False,False,beb970ff-345a-4655-af42-81d10b684766
5,low_traffic,10,19,discrete,resource_efficient,0,eMBB,44.0064,70288.0,55008.0,139190.5,272708.0,23.915,76.08500000000001,11.0,16.66,16.665,30.000000000000004,53.335,1,PF(cost=2.0),[7],0.0,0.2861389365695275,0.35996819544474423,0.5800318045552558,0.6100318045552557,0.1,0.0,False,True,False,False,beb970ff-345a-4655-af42-81d10b684766
5,low_traffic,10,19,discrete,resource_efficient,1,URLLC,1.6224,1872.0,2028.0,87.0,87.0,0.0,100.0,0.0,30.0,16.665,30.000000000000004,53.335,1,PF(cost=2.0),[7],0.0,0.2861389365695275,0.35996819544474423,0.5800318045552558,0.6100318045552557,0.1,0.0,False,False,False,False,beb970ff-345a-4655-af42-81d10b684766
5,low_traffic,10,19,discrete,resource_efficient,2,MTC,0.8192,1536.0,1024.0,137.0,137.0,33.333333333333336,66.66666666666666,4.0,53.34000000000001,16.665,30.000000000000004,53.335,1,PF(cost=2.0),[7],0.0,0.2861389365695275,0.35996819544474423,0.5800318045552558,0.6100318045552557,0.1,0.0,False,False,False,False,beb970ff-345a-4655-af42-81d10b684766
5,low_traffic,10,20,discrete,resource_efficient,0,eMBB,34.2272,70288.0,42784.0,156399.5,306127.0,39.13,60.87,18.0,16.66,16.665,30.000000000000004,53.335,1,PF(cost=2.0),[7],0.0,0.24426044246650774,0.3574435057554485,0.5825564942445515,0.6125564942445515,0.0,0.0,False,True,False,False,beb970ff-345a-4655-af42-81d10b684766
5,low_traffic,10,20,discrete,resource_efficient,1,URLLC,1.7472,2028.0,2184.0,169.0,169.0,0.0,100.0,0.0,30.0,16.665,30.000000000000004,53.335,1,PF(cost=2.0),[7],0.0,0.24426044246650774,0.3574435057554485,0.5825564942445515,0.6125564942445515,0.0,0.0,False,False,False,False,beb970ff-345a-4655-af42-81d10b684766
5,low_traffic,10,20,discrete,resource_efficient,2,MTC,1.2288,1536.0,1536.0,137.0,137.0,33.333333333333336,66.66666666666666,4.0,53.34000000000001,16.665,30.000000000000004,53.335,1,PF(cost=2.0),[7],0.0,0.24426044246650774,0.3574435057554485,0.5825564942445515,0.6125564942445515,0.0,0.0,False,False,False,False,beb970ff-345a-4655-af42-81d10b684766
5,low_traffic,10,21,discrete,resource_efficient,0,eMBB,36.672,70288.0,45840.0,161960.0,318755.0,34.785,65.215,16.0,16.67,16.665000000000003,70.0,13.335000000000003,2,BCQI(cost=2.0),[32],0.0,0.24587635566629676,0.35662145367037623,0.5833785463296238,0.6133785463296237,0.39999999999999997,0.0,False,True,False,False,beb970ff-345a-4655-af42-81d10b684766
5,low_traffic,10,21,discrete,resource_efficient,1,URLLC,1.6224,1872.0,2028.0,87.0,87.0,0.0,100.0,0.0,70.0,16.665000000000003,70.0,13.335000000000003,2,BCQI(cost=2.0),[32],0.0,0.24587635566629676,0.35662145367037623,0.5833785463296238,0.6133785463296237,0.39999999999999997,0.0,False,False,False,False,beb970ff-345a-4655-af42-81d10b684766
5,low_traffic,10,21,discrete,resource_efficient,2,MTC,0.8192,1536.0,1024.0,137.0,137.0,33.333333333333336,66.66666666666666,4.0,13.340000000000002,16.665000000000003,70.0,13.335000000000003,2,BCQI(cost=2.0),[32],0.0,0.24587635566629676,0.35662145367037623,0.5833785463296238,0.6133785463296237,0.39999999999999997,0.0,False,False,False,False,beb970ff-345a-4655-af42-81d10b684766
5,low_traffic,10,22,discrete,resource_efficient,0,eMBB,28.1152,70288.0,35144.0,171063.0,337294.0,50.0,50.0,23.0,16.67,16.665000000000003,70.0,13.335000000000003,2,BCQI(cost=2.0),[32],0.0,0.2017092122743034,0.3601482671550207,0.5798517328449793,0.6098517328449793,0.0,0.0,False,True,False,False,beb970ff-345a-4655-af42-81d10b684766
5,low_traffic,10,22,discrete,resource_efficient,1,URLLC,1.4976,2028.0,1872.0,87.0,87.0,7.69,92.31,2.0,70.0,16.665000000000003,70.0,13.335000000000003,2,BCQI(cost=2.0),[32],0.0,0.2017092122743034,0.3601482671550207,0.5798517328449793,0.6098517328449793,0.0,0.0,False,False,False,False,beb970ff-345a-4655-af42-81d10b684766
5,low_traffic,10,22,discrete,resource_efficient,2,MTC,0.8192,1536.0,1024.0,117.66666666666667,137.0,33.333333333333336,66.66666666666666,4.0,13.340000000000002,16.665000000000003,70.0,13.335000000000003,2,BCQI(cost=2.0),[32],0.0,0.2017092122743034,0.3601482671550207,0.5798517328449793,0.6098517328449793,0.0,0.0,False,False,False,False,beb970ff-345a-4655-af42-81d10b684766
5,low_traffic,10,23,discrete,resource_efficient,0,eMBB,41.5616,67232.0,51952.0,182871.5,363478.0,22.729999999999997,77.27000000000001,10.0,16.67,16.665000000000003,70.0,13.335000000000003,2,BCQI(cost=2.0),[32],0.0,0.2794279681485791,0.3549632703407144,0.5850367296592855,0.6150367296592856,0.0,0.0,False,True,False,False,beb970ff-345a-4655-af42-81d10b684766
5,low_traffic,10,23,discrete,resource_efficient,1,URLLC,1.6224,1872.0,2028.0,87.0,87.0,0.0,100.0,0.0,70.0,16.665000000000003,70.0,13.335000000000003,2,BCQI(cost=2.0),[32],0.0,0.2794279681485791,0.3549632703407144,0.5850367296592855,0.6150367296592856,0.0,0.0,False,False,False,False,beb970ff-345a-4655-af42-81d10b684766
5,low_traffic,10,23,discrete,resource_efficient,2,MTC,0.8192,1536.0,1024.0,120.66666666666667,137.0,33.333333333333336,66.66666666666666,4.0,13.340000000000002,16.665000000000003,70.0,13.335000000000003,2,BCQI(cost=2.0),[32],0.0,0.2794279681485791,0.3549632703407144,0.5850367296592855,0.6150367296592856,0.0,0.0,False,False,False,False,beb970ff-345a-4655-af42-81d10b684766
5,low_traffic,10,24,discrete,resource_efficient,0,eMBB,44.0064,70288.0,55008.0,192262.5,382988.0,21.735,78.265,10.0,16.67,16.665000000000003,70.0,13.335000000000003,2,BCQI(cost=2.0),[32],0.0,0.2893755401679404,0.37966934318851875,0.5621832066415248,0.5903306568114812,0.0,0.0,False,True,False,False,beb970ff-345a-4655-af42-81d10b684766
5,low_traffic,10,24,discrete,resource_efficient,1,URLLC,1.4976,2028.0,1872.0,87.0,87.0,7.69,92.31,2.0,70.0,16.665000000000003,70.0,13.335000000000003,2,BCQI(cost=2.0),[32],0.0,0.2893755401679404,0.37966934318851875,0.5621832066415248,0.5903306568114812,0.0,0.0,False,False,False,False,beb970ff-345a-4655-af42-81d10b684766
5,low_traffic,10,24,discrete,resource_efficient,2,MTC,0.8192,2304.0,1024.0,159.0,269.0,55.55333333333332,44.44666666666668,10.0,13.340000000000002,16.665000000000003,70.0,13.335000000000003,2,BCQI(cost=2.0),[32],0.0,0.2893755401679404,0.37966934318851875,0.5621832066415248,0.5903306568114812,0.0,0.0,False,False,False,False,beb970ff-345a-4655-af42-81d10b684766
5,low_traffic,10,25,discrete,resource_efficient,0,eMBB,31.7824,70288.0,39728.0,204845.0,402491.0,50.0,50.0,23.0,16.67,16.665000000000003,70.0,13.335000000000003,2,BCQI(cost=2.0),[32],0.0,0.21817654005298498,0.3568919503368,0.5831080496632,0.6131080496632,0.0,0.0,False,True,False,False,beb970ff-345a-4655-af42-81d10b684766
5,low_traffic,10,25,discrete,resource_efficient,1,URLLC,1.3728,1872.0,1716.0,87.0,87.0,8.33,91.67,2.0,70.0,16.665000000000003,70.0,13.335000000000003,2,BCQI(cost=2.0),[32],0.0,0.21817654005298498,0.3568919503368,0.5831080496632,0.6131080496632,0.0,0.0,False,False,False,False,beb970ff-345a-4655-af42-81d10b684766
5,low_traffic,10,25,discrete,resource_efficient,2,MTC,0.8192,1536.0,1024.0,161.66666666666666,285.0,33.333333333333336,66.66666666666666,4.0,13.340000000000002,16.665000000000003,70.0,13.335000000000003,2,BCQI(cost=2.0),[32],0.0,0.21817654005298498,0.3568919503368,0.5831080496632,0.6131080496632,0.0,0.0,False,False,False,False,beb970ff-345a-4655-af42-81d10b684766
5,low_traffic,10,26,discrete,resource_efficient,0,eMBB,47.6736,70288.0,59592.0,211209.5,417890.0,19.565,80.435,9.0,66.67,66.665,20.000000000000004,13.335000000000003,2,BCQI(cost=2.0),[197],0.0,0.7238887760746722,0.8532090654791351,0.08679093452086489,0.11679093452086489,0.49999999999999994,0.0,False,True,False,False,beb970ff-345a-4655-af42-81d10b684766
5,low_traffic,10,26,discrete,resource_efficient,1,URLLC,1.6224,2028.0,2028.0,87.0,87.0,0.0,100.0,0.0,20.0,66.665,20.000000000000004,13.335000000000003,2,BCQI(cost=2.0),[197],0.0,0.7238887760746722,0.8532090654791351,0.08679093452086489,0.11679093452086489,0.49999999999999994,0.0,False,False,False,False,beb970ff-345a-4655-af42-81d10b684766
5,low_traffic,10,26,discrete,resource_efficient,2,MTC,0.8192,1536.0,1024.0,151.0,319.0,33.333333333333336,66.66666666666666,4.0,13.340000000000002,66.665,20.000000000000004,13.335000000000003,2,BCQI(cost=2.0),[197],0.0,0.7238887760746722,0.8532090654791351,0.08679093452086489,0.11679093452086489,0.49999999999999994,0.0,False,False,False,False,beb970ff-345a-4655-af42-81d10b684766
5,low_traffic,10,27,discrete,resource_efficient,0,eMBB,57.452799999999996,70288.0,71816.0,213865.0,420065.0,0.0,100.0,0.0,26.66,26.664999999999996,60.0,13.334999999999997,2,BCQI(cost=2.0),[89],0.0,0.44115073017615214,0.45379921589801697,0.486200784101983,0.5162007841019831,0.4,0.0,False,True,False,False,beb970ff-345a-4655-af42-81d10b684766
5,low_traffic,10,27,discrete,resource_efficient,1,URLLC,1.6224,1872.0,2028.0,251.0,251.0,0.0,100.0,0.0,60.0,26.664999999999996,60.0,13.334999999999997,2,BCQI(cost=2.0),[89],0.0,0.44115073017615214,0.45379921589801697,0.486200784101983,0.5162007841019831,0.4,0.0,False,False,False,False,beb970ff-345a-4655-af42-81d10b684766
5,low_traffic,10,27,discrete,resource_efficient,2,MTC,0.8192,1536.0,1024.0,159.0,269.0,33.333333333333336,66.66666666666666,4.0,13.33,26.664999999999996,60.0,13.334999999999997,2,BCQI(cost=2.0),[89],0.0,0.44115073017615214,0.45379921589801697,0.486200784101983,0.5162007841019831,0.4,0.0,False,False,False,False,beb970ff-345a-4655-af42-81d10b684766
5,low_traffic,10,28,discrete,resource_efficient,0,eMBB,29.3376,70288.0,36672.0,218932.5,434167.0,50.0,50.0,23.0,26.66,26.664999999999996,60.0,13.334999999999997,2,BCQI(cost=2.0),[89],0.0,0.2631712793740632,0.4515161291143214,0.4884838708856785,0.5184838708856786,0.0,0.0,False,True,False,False,beb970ff-345a-4655-af42-81d10b684766
5,low_traffic,10,28,discrete,resource_efficient,1,URLLC,1.6224,2028.0,2028.0,87.0,87.0,0.0,100.0,0.0,60.0,26.664999999999996,60.0,13.334999999999997,2,BCQI(cost=2.0),[89],0.0,0.2631712793740632,0.4515161291143214,0.4884838708856785,0.5184838708856786,0.0,0.0,False,False,False,False,beb970ff-345a-4655-af42-81d10b684766
5,low_traffic,10,28,discrete,resource_efficient,2,MTC,0.8192,1536.0,1024.0,117.66666666666667,137.0,33.333333333333336,66.66666666666666,4.0,13.33,26.664999999999996,60.0,13.334999999999997,2,BCQI(cost=2.0),[89],0.0,0.2631712793740632,0.4515161291143214,0.4884838708856785,0.5184838708856786,0.0,0.0,False,False,False,False,beb970ff-345a-4655-af42-81d10b684766
5,low_traffic,10,29,discrete,resource_efficient,0,eMBB,44.0064,70288.0,55008.0,231939.5,462271.0,21.740000000000002,78.25999999999999,10.0,26.66,26.664999999999996,60.0,13.334999999999997,2,BCQI(cost=2.0),[89],0.0,0.3587864427108997,0.4510334640724061,0.48896653592759376,0.5189665359275939,0.0,0.0,False,True,False,False,beb970ff-345a-4655-af42-81d10b684766
5,low_traffic,10,29,discrete,resource_efficient,1,URLLC,1.6224,1872.0,2028.0,87.0,87.0,0.0,100.0,0.0,60.0,26.664999999999996,60.0,13.334999999999997,2,BCQI(cost=2.0),[89],0.0,0.3587864427108997,0.4510334640724061,0.48896653592759376,0.5189665359275939,0.0,0.0,False,False,False,False,beb970ff-345a-4655-af42-81d10b684766
5,low_traffic,10,29,discrete,resource_efficient,2,MTC,0.8192,1536.0,1024.0,137.0,137.0,33.333333333333336,66.66666666666666,4.0,13.33,26.664999999999996,60.0,13.334999999999997,2,BCQI(cost=2.0),[89],0.0,0.3587864427108997,0.4510334640724061,0.48896653592759376,0.5189665359275939,0.0,0.0,False,False,False,False,beb970ff-345a-4655-af42-81d10b684766
5,low_traffic,10,30,discrete,resource_efficient,0,eMBB,53.7856,70288.0,67232.0,236874.0,472211.0,6.52,93.48,3.0,46.66,46.665,35.0,18.335,1,PF(cost=2.0),[163],0.0,0.6088337108111602,0.6551531737366205,0.2848468262633794,0.31484682626337945,0.25000000000000006,0.0,False,True,False,False,beb970ff-345a-4655-af42-81d10b684766
5,low_traffic,10,30,discrete,resource_efficient,1,URLLC,1.4976,2028.0,1872.0,87.0,87.0,7.69,92.31,2.0,35.0,46.665,35.0,18.335,1,PF(cost=2.0),[163],0.0,0.6088337108111602,0.6551531737366205,0.2848468262633794,0.31484682626337945,0.25000000000000006,0.0,False,False,False,False,beb970ff-345a-4655-af42-81d10b684766
5,low_traffic,10,30,discrete,resource_efficient,2,MTC,0.8192,1536.0,1024.0,137.0,137.0,33.333333333333336,66.66666666666666,4.0,18.34,46.665,35.0,18.335,1,PF(cost=2.0),[163],0.0,0.6088337108111602,0.6551531737366205,0.2848468262633794,0.31484682626337945,0.25000000000000006,0.0,False,False,False,False,beb970ff-345a-4655-af42-81d10b684766
5,low_traffic,10,31,discrete,resource_efficient,0,eMBB,47.6736,70288.0,59592.0,251167.5,500798.0,15.219999999999999,84.78,7.0,16.67,16.665000000000003,70.0,13.335000000000003,0,RR(cost=1.0),[30],0.0,0.3063435000226539,0.3498266765439003,0.5901733234560996,0.6201733234560998,0.35,0.0,False,True,False,False,beb970ff-345a-4655-af42-81d10b684766
5,low_traffic,10,31,discrete,resource_efficient,1,URLLC,1.6224,1872.0,2028.0,87.0,87.0,0.0,100.0,0.0,70.0,16.665000000000003,70.0,13.335000000000003,0,RR(cost=1.0),[30],0.0,0.3063435000226539,0.3498266765439003,0.5901733234560996,0.6201733234560998,0.35,0.0,False,False,False,False,beb970ff-345a-4655-af42-81d10b684766
5,low_traffic,10,31,discrete,resource_efficient,2,MTC,1.2288,1536.0,1536.0,137.0,137.0,33.333333333333336,66.66666666666666,4.0,13.340000000000002,16.665000000000003,70.0,13.335000000000003,0,RR(cost=1.0),[30],0.0,0.3063435000226539,0.3498266765439003,0.5901733234560996,0.6201733234560998,0.35,0.0,False,False,False,False,beb970ff-345a-4655-af42-81d10b684766
5,low_traffic,10,32,discrete,resource_efficient,0,eMBB,37.894400000000005,70288.0,47368.0,262366.5,518470.0,32.61,67.39,15.0,16.66,16.665,55.00000000000001,28.335,2,BCQI(cost=2.0),[23],0.0,0.24196176973766628,0.3700046229985062,0.5699953770014937,0.5999953770014937,0.14999999999999997,0.0,False,True,False,False,beb970ff-345a-4655-af42-81d10b684766
5,low_traffic,10,32,discrete,resource_efficient,1,URLLC,1.248,2028.0,1560.0,87.0,87.0,23.08,76.92,6.0,55.0,16.665,55.00000000000001,28.335,2,BCQI(cost=2.0),[23],0.0,0.24196176973766628,0.3700046229985062,0.5699953770014937,0.5999953770014937,0.14999999999999997,0.0,False,False,False,False,beb970ff-345a-4655-af42-81d10b684766
5,low_traffic,10,32,discrete,resource_efficient,2,MTC,0.4096,1536.0,512.0,137.0,137.0,66.66666666666667,33.33333333333333,8.0,28.34,16.665,55.00000000000001,28.335,2,BCQI(cost=2.0),[23],0.0,0.24196176973766628,0.3700046229985062,0.5699953770014937,0.5999953770014937,0.14999999999999997,0.0,False,False,False,False,beb970ff-345a-4655-af42-81d10b684766
5,low_traffic,10,33,discrete,resource_efficient,0,eMBB,30.56,70288.0,38200.0,272005.0,535806.0,50.0,50.0,23.0,16.67,16.665000000000003,70.0,13.335000000000003,0,RR(cost=1.0),[30],0.0,0.20910731757070095,0.34851370539330584,0.591486294606694,0.6214862946066941,0.14999999999999997,0.0,False,True,False,False,beb970ff-345a-4655-af42-81d10b684766
5,low_traffic,10,33,discrete,resource_efficient,1,URLLC,1.6224,1872.0,2028.0,87.0,87.0,0.0,100.0,0.0,70.0,16.665000000000003,70.0,13.335000000000003,0,RR(cost=1.0),[30],0.0,0.20910731757070095,0.34851370539330584,0.591486294606694,0.6214862946066941,0.14999999999999997,0.0,False,False,False,False,beb970ff-345a-4655-af42-81d10b684766
5,low_traffic,10,33,discrete,resource_efficient,2,MTC,0.8192,1536.0,1024.0,117.66666666666667,137.0,33.333333333333336,66.66666666666666,4.0,13.340000000000002,16.665000000000003,70.0,13.335000000000003,0,RR(cost=1.0),[30],0.0,0.20910731757070095,0.34851370539330584,0.591486294606694,0.6214862946066941,0.14999999999999997,0.0,False,False,False,False,beb970ff-345a-4655-af42-81d10b684766
5,low_traffic,10,34,discrete,resource_efficient,0,eMBB,24.448,70288.0,30560.0,280815.0,549059.0,56.519999999999996,43.480000000000004,26.0,16.66,16.665,65.0,18.335,0,RR(cost=1.0),[27],0.0,0.18718833238028912,0.3482904441887683,0.5917095558112316,0.6217095558112317,0.049999999999999975,0.0,False,True,False,False,beb970ff-345a-4655-af42-81d10b684766
5,low_traffic,10,34,discrete,resource_efficient,1,URLLC,1.7472,2028.0,2184.0,169.0,169.0,0.0,100.0,0.0,65.0,16.665,65.0,18.335,0,RR(cost=1.0),[27],0.0,0.18718833238028912,0.3482904441887683,0.5917095558112316,0.6217095558112317,0.049999999999999975,0.0,False,False,False,False,beb970ff-345a-4655-af42-81d10b684766
5,low_traffic,10,34,discrete,resource_efficient,2,MTC,1.2288,1536.0,1536.0,137.0,137.0,33.333333333333336,66.66666666666666,4.0,18.34,16.665,65.0,18.335,0,RR(cost=1.0),[27],0.0,0.18718833238028912,0.3482904441887683,0.5917095558112316,0.6217095558112317,0.049999999999999975,0.0,False,False,False,False,beb970ff-345a-4655-af42-81d10b684766
5,low_traffic,10,35,discrete,resource_efficient,0,eMBB,46.4512,67232.0,58064.0,288207.0,569729.0,22.725,77.275,10.0,16.67,16.665000000000003,70.0,13.335000000000003,0,RR(cost=1.0),[30],0.0,0.30018398366546295,0.34825416023456646,0.5917458397654335,0.6217458397654336,0.049999999999999975,0.0,False,True,False,False,beb970ff-345a-4655-af42-81d10b684766
5,low_traffic,10,35,discrete,resource_efficient,1,URLLC,1.6224,1872.0,2028.0,87.0,87.0,0.0,100.0,0.0,70.0,16.665000000000003,70.0,13.335000000000003,0,RR(cost=1.0),[30],0.0,0.30018398366546295,0.34825416023456646,0.5917458397654335,0.6217458397654336,0.049999999999999975,0.0,False,False,False,False,beb970ff-345a-4655-af42-81d10b684766
5,low_traffic,10,35,discrete,resource_efficient,2,MTC,0.8192,1536.0,1024.0,120.33333333333333,137.0,33.333333333333336,66.66666666666666,4.0,13.340000000000002,16.665000000000003,70.0,13.335000000000003,0,RR(cost=1.0),[30],0.0,0.30018398366546295,0.34825416023456646,0.5917458397654335,0.6217458397654336,0.049999999999999975,0.0,False,False,False,False,beb970ff-345a-4655-af42-81d10b684766
5,low_traffic,10,36,discrete,resource_efficient,0,eMBB,39.1168,70288.0,48896.0,296475.0,591413.0,36.955,63.045,17.0,46.66,46.665,25.0,28.335,1,PF(cost=2.0),[157],0.0,0.4632161654198644,0.6653467785679178,0.27465322143208226,0.3046532214320822,0.44999999999999996,0.0,False,True,False,False,beb970ff-345a-4655-af42-81d10b684766
5,low_traffic,10,36,discrete,resource_efficient,1,URLLC,1.4976,2028.0,1872.0,87.0,87.0,7.69,92.31,2.0,25.0,46.665,25.0,28.335,1,PF(cost=2.0),[157],0.0,0.4632161654198644,0.6653467785679178,0.27465322143208226,0.3046532214320822,0.44999999999999996,0.0,False,False,False,False,beb970ff-345a-4655-af42-81d10b684766
5,low_traffic,10,36,discrete,resource_efficient,2,MTC,0.8192,2304.0,1024.0,137.0,137.0,55.55333333333332,44.44666666666668,10.0,28.34,46.665,25.0,28.335,1,PF(cost=2.0),[157],0.0,0.4632161654198644,0.6653467785679178,0.27465322143208226,0.3046532214320822,0.44999999999999996,0.0,False,False,False,False,beb970ff-345a-4655-af42-81d10b684766
5,low_traffic,10,37,discrete,resource_efficient,0,eMBB,22.0032,70288.0,27504.0,306589.5,608620.0,60.87,39.13,28.0,16.67,16.665000000000003,70.0,13.335000000000003,0,RR(cost=1.0),[30],0.0,0.16473923470875002,0.3468521008286909,0.5931478991713091,0.6231478991713091,0.44999999999999996,0.0,False,True,False,False,beb970ff-345a-4655-af42-81d10b684766
5,low_traffic,10,37,discrete,resource_efficient,1,URLLC,1.6224,1872.0,2028.0,87.0,87.0,0.0,100.0,0.0,70.0,16.665000000000003,70.0,13.335000000000003,0,RR(cost=1.0),[30],0.0,0.16473923470875002,0.3468521008286909,0.5931478991713091,0.6231478991713091,0.44999999999999996,0.0,False,False,False,False,beb970ff-345a-4655-af42-81d10b684766
5,low_traffic,10,37,discrete,resource_efficient,2,MTC,0.8192,1536.0,1024.0,137.0,137.0,33.333333333333336,66.66666666666666,4.0,13.340000000000002,16.665000000000003,70.0,13.335000000000003,0,RR(cost=1.0),[30],0.0,0.16473923470875002,0.3468521008286909,0.5931478991713091,0.6231478991713091,0.44999999999999996,0.0,False,False,False,False,beb970ff-345a-4655-af42-81d10b684766
5,low_traffic,10,38,discrete,resource_efficient,0,eMBB,44.0064,70288.0,55008.0,312627.0,623717.0,26.085,73.91499999999999,12.0,36.67,36.665000000000006,30.000000000000004,33.335,0,RR(cost=1.0),[120],0.0,0.433751835862585,0.550208406179969,0.38979159382003103,0.41979159382003095,0.39999999999999997,0.0,False,True,False,False,beb970ff-345a-4655-af42-81d10b684766
5,low_traffic,10,38,discrete,resource_efficient,1,URLLC,1.4976,2028.0,1872.0,87.0,87.0,7.69,92.31,2.0,30.0,36.665000000000006,30.000000000000004,33.335,0,RR(cost=1.0),[120],0.0,0.433751835862585,0.550208406179969,0.38979159382003103,0.41979159382003095,0.39999999999999997,0.0,False,False,False,False,beb970ff-345a-4655-af42-81d10b684766
5,low_traffic,10,38,discrete,resource_efficient,2,MTC,0.8192,1536.0,1024.0,137.0,137.0,33.333333333333336,66.66666666666666,4.0,33.34,36.665000000000006,30.000000000000004,33.335,0,RR(cost=1.0),[120],0.0,0.433751835862585,0.550208406179969,0.38979159382003103,0.41979159382003095,0.39999999999999997,0.0,False,False,False,False,beb970ff-345a-4655-af42-81d10b684766
5,low_traffic,10,39,discrete,resource_efficient,0,eMBB,44.0064,70288.0,55008.0,316864.5,632192.0,21.740000000000002,78.25999999999999,10.0,36.67,36.665000000000006,30.000000000000004,33.335,0,RR(cost=1.0),[120],0.0,0.43342712310892156,0.5503113664883544,0.3896886335116455,0.41968863351164554,0.0,0.0,False,True,False,False,beb970ff-345a-4655-af42-81d10b684766
5,low_traffic,10,39,discrete,resource_efficient,1,URLLC,1.3728,1872.0,1716.0,87.0,87.0,8.33,91.67,2.0,30.0,36.665000000000006,30.000000000000004,33.335,0,RR(cost=1.0),[120],0.0,0.43342712310892156,0.5503113664883544,0.3896886335116455,0.41968863351164554,0.0,0.0,False,False,False,False,beb970ff-345a-4655-af42-81d10b684766
5,low_traffic,10,39,discrete,resource_efficient,2,MTC,0.8192,1536.0,1024.0,181.0,401.0,33.333333333333336,66.66666666666666,4.0,33.34,36.665000000000006,30.000000000000004,33.335,0,RR(cost=1.0),[120],0.0,0.43342712310892156,0.5503113664883544,0.3896886335116455,0.41968863351164554,0.0,0.0,False,False,False,False,beb970ff-345a-4655-af42-81d10b684766
5,low_traffic,10,40,discrete,resource_efficient,0,eMBB,29.3376,70288.0,36672.0,322579.0,642089.0,50.0,50.0,23.0,36.67,36.665000000000006,30.000000000000004,33.335,0,RR(cost=1.0),[120],0.0,0.31801466676642554,0.546541166293728,0.39345883370627205,0.423458833706272,0.0,0.0,False,True,False,False,beb970ff-345a-4655-af42-81d10b684766
5,low_traffic,10,40,discrete,resource_efficient,1,URLLC,1.6224,2028.0,2028.0,87.0,87.0,0.0,100.0,0.0,30.0,36.665000000000006,30.000000000000004,33.335,0,RR(cost=1.0),[120],0.0,0.31801466676642554,0.546541166293728,0.39345883370627205,0.423458833706272,0.0,0.0,False,False,False,False,beb970ff-345a-4655-af42-81d10b684766
5,low_traffic,10,40,discrete,resource_efficient,2,MTC,0.8192,1536.0,1024.0,137.0,137.0,33.333333333333336,66.66666666666666,4.0,33.34,36.665000000000006,30.000000000000004,33.335,0,RR(cost=1.0),[120],0.0,0.31801466676642554,0.546541166293728,0.39345883370627205,0.423458833706272,0.0,0.0,False,False,False,False,beb970ff-345a-4655-af42-81d10b684766
5,low_traffic,10,41,discrete,resource_efficient,0,eMBB,29.3376,70288.0,36672.0,332834.5,658004.0,50.0,50.0,23.0,36.67,36.665000000000006,30.000000000000004,33.335,0,RR(cost=1.0),[120],0.0,0.31796554186108733,0.5464334735526841,0.39356652644731593,0.42356652644731585,0.0,0.0,False,True,False,False,beb970ff-345a-4655-af42-81d10b684766
5,low_traffic,10,41,discrete,resource_efficient,1,URLLC,1.6224,1872.0,2028.0,251.0,251.0,0.0,100.0,0.0,30.0,36.665000000000006,30.000000000000004,33.335,0,RR(cost=1.0),[120],0.0,0.31796554186108733,0.5464334735526841,0.39356652644731593,0.42356652644731585,0.0,0.0,False,False,False,False,beb970ff-345a-4655-af42-81d10b684766
5,low_traffic,10,41,discrete,resource_efficient,2,MTC,0.8192,1536.0,1024.0,137.0,137.0,33.333333333333336,66.66666666666666,4.0,33.34,36.665000000000006,30.000000000000004,33.335,0,RR(cost=1.0),[120],0.0,0.31796554186108733,0.5464334735526841,0.39356652644731593,0.42356652644731585,0.0,0.0,False,False,False,False,beb970ff-345a-4655-af42-81d10b684766
5,low_traffic,10,42,discrete,resource_efficient,0,eMBB,29.3376,70288.0,36672.0,334041.0,666545.0,50.0,50.0,23.0,36.67,36.665000000000006,30.000000000000004,33.335,0,RR(cost=1.0),[120],0.0,0.3178495456767882,0.5463101691230103,0.39368983087698967,0.42368983087698964,0.0,0.0,False,True,False,False,beb970ff-345a-4655-af42-81d10b684766
5,low_traffic,10,42,discrete,resource_efficient,1,URLLC,1.6224,2028.0,2028.0,87.0,87.0,0.0,100.0,0.0,30.0,36.665000000000006,30.000000000000004,33.335,0,RR(cost=1.0),[120],0.0,0.3178495456767882,0.5463101691230103,0.39368983087698967,0.42368983087698964,0.0,0.0,False,False,False,False,beb970ff-345a-4655-af42-81d10b684766
5,low_traffic,10,42,discrete,resource_efficient,2,MTC,0.8192,1536.0,1024.0,159.0,269.0,33.333333333333336,66.66666666666666,4.0,33.34,36.665000000000006,30.000000000000004,33.335,0,RR(cost=1.0),[120],0.0,0.3178495456767882,0.5463101691230103,0.39368983087698967,0.42368983087698964,0.0,0.0,False,False,False,False,beb970ff-345a-4655-af42-81d10b684766
5,low_traffic,10,43,discrete,resource_efficient,0,eMBB,28.1152,70288.0,35144.0,345777.5,690018.0,50.0,50.0,23.0,36.67,36.665000000000006,30.000000000000004,33.335,0,RR(cost=1.0),[120],0.0,0.32165628386870565,0.5456449077850466,0.39435509221495346,0.4243550922149534,0.0,0.0,False,True,False,False,beb970ff-345a-4655-af42-81d10b684766
5,low_traffic,10,43,discrete,resource_efficient,1,URLLC,1.6224,1872.0,2028.0,87.0,87.0,0.0,100.0,0.0,30.0,36.665000000000006,30.000000000000004,33.335,0,RR(cost=1.0),[120],0.0,0.32165628386870565,0.5456449077850466,0.39435509221495346,0.4243550922149534,0.0,0.0,False,False,False,False,beb970ff-345a-4655-af42-81d10b684766
5,low_traffic,10,43,discrete,resource_efficient,2,MTC,1.2288,1536.0,1536.0,159.0,269.0,33.333333333333336,66.66666666666666,4.0,33.34,36.665000000000006,30.000000000000004,33.335,0,RR(cost=1.0),[120],0.0,0.32165628386870565,0.5456449077850466,0.39435509221495346,0.4243550922149534,0.0,0.0,False,False,False,False,beb970ff-345a-4655-af42-81d10b684766
5,low_traffic,10,44,discrete,resource_efficient,0,eMBB,28.1152,70288.0,35144.0,352125.0,702713.0,50.0,50.0,23.0,36.67,36.665000000000006,30.000000000000004,33.335,0,RR(cost=1.0),[120],0.0,0.30544305021083273,0.5482514924140182,0.3917485075859818,0.4217485075859818,0.0,0.0,False,True,False,False,beb970ff-345a-4655-af42-81d10b684766
5,low_traffic,10,44,discrete,resource_efficient,1,URLLC,1.4976,2028.0,1872.0,87.0,87.0,7.69,92.31,2.0,30.0,36.665000000000006,30.000000000000004,33.335,0,RR(cost=1.0),[120],0.0,0.30544305021083273,0.5482514924140182,0.3917485075859818,0.4217485075859818,0.0,0.0,False,False,False,False,beb970ff-345a-4655-af42-81d10b684766
5,low_traffic,10,44,discrete,resource_efficient,2,MTC,0.8192,1536.0,1024.0,137.0,137.0,33.333333333333336,66.66666666666666,4.0,33.34,36.665000000000006,30.000000000000004,33.335,0,RR(cost=1.0),[120],0.0,0.30544305021083273,0.5482514924140182,0.3917485075859818,0.4217485075859818,0.0,0.0,False,False,False,False,beb970ff-345a-4655-af42-81d10b684766
5,low_traffic,10,45,discrete,resource_efficient,0,eMBB,24.448,70288.0,30560.0,356878.5,712220.0,56.519999999999996,43.480000000000004,26.0,36.67,36.665000000000006,30.000000000000004,33.335,0,RR(cost=1.0),[120],0.0,0.2781376753585211,0.5452218790558835,0.3947781209441166,0.4247781209441165,0.0,0.0,False,True,False,False,beb970ff-345a-4655-af42-81d10b684766
5,low_traffic,10,45,discrete,resource_efficient,1,URLLC,1.6224,1872.0,2028.0,87.0,87.0,0.0,100.0,0.0,30.0,36.665000000000006,30.000000000000004,33.335,0,RR(cost=1.0),[120],0.0,0.2781376753585211,0.5452218790558835,0.3947781209441166,0.4247781209441165,0.0,0.0,False,False,False,False,beb970ff-345a-4655-af42-81d10b684766
5,low_traffic,10,45,discrete,resource_efficient,2,MTC,0.8192,1536.0,1024.0,137.0,137.0,33.333333333333336,66.66666666666666,4.0,33.34,36.665000000000006,30.000000000000004,33.335,0,RR(cost=1.0),[120],0.0,0.2781376753585211,0.5452218790558835,0.3947781209441166,0.4247781209441165,0.0,0.0,False,False,False,False,beb970ff-345a-4655-af42-81d10b684766
5,low_traffic,10,46,discrete,resource_efficient,0,eMBB,168.69119999999998,70288.0,210864.0,367781.5,733402.0,2.175,97.825,1.0,41.66,41.665,30.000000000000004,28.335,0,RR(cost=1.0),[141],0.0,0.5613991297239989,0.611502148649899,0.328497851350101,0.3584978513501009,0.04999999999999999,0.0,False,True,False,False,beb970ff-345a-4655-af42-81d10b684766
5,low_traffic,10,46,discrete,resource_efficient,1,URLLC,1.248,2028.0,1560.0,87.0,87.0,23.08,76.92,6.0,30.0,41.665,30.000000000000004,28.335,0,RR(cost=1.0),[141],0.0,0.5613991297239989,0.611502148649899,0.328497851350101,0.3584978513501009,0.04999999999999999,0.0,False,False,False,False,beb970ff-345a-4655-af42-81d10b684766
5,low_traffic,10,46,discrete,resource_efficient,2,MTC,0.4096,1536.0,512.0,137.0,137.0,66.66666666666667,33.33333333333333,8.0,28.34,41.665,30.000000000000004,28.335,0,RR(cost=1.0),[141],0.0,0.5613991297239989,0.611502148649899,0.328497851350101,0.3584978513501009,0.04999999999999999,0.0,False,False,False,False,beb970ff-345a-4655-af42-81d10b684766
5,low_traffic,10,47,discrete,resource_efficient,0,eMBB,51.3408,67232.0,64176.0,376049.0,750066.0,9.09,90.91,4.0,36.67,36.665000000000006,25.0,38.334999999999994,0,RR(cost=1.0),[117],0.0,0.5250333719768355,0.5453928159876806,0.3946071840123193,0.42460718401231934,0.09999999999999992,0.0,False,True,False,False,beb970ff-345a-4655-af42-81d10b684766
5,low_traffic,10,47,discrete,resource_efficient,1,URLLC,1.6224,1872.0,2028.0,87.0,87.0,0.0,100.0,0.0,25.0,36.665000000000006,25.0,38.334999999999994,0,RR(cost=1.0),[117],0.0,0.5250333719768355,0.5453928159876806,0.3946071840123193,0.42460718401231934,0.09999999999999992,0.0,False,False,False,False,beb970ff-345a-4655-af42-81d10b684766
5,low_traffic,10,47,discrete,resource_efficient,2,MTC,1.2288,1536.0,1536.0,181.0,401.0,33.333333333333336,66.66666666666666,4.0,38.32999999999999,36.665000000000006,25.0,38.334999999999994,0,RR(cost=1.0),[117],0.0,0.5250333719768355,0.5453928159876806,0.3946071840123193,0.42460718401231934,0.09999999999999992,0.0,False,False,False,False,beb970ff-345a-4655-af42-81d10b684766
5,low_traffic,10,48,discrete,resource_efficient,0,eMBB,29.3376,70288.0,36672.0,383661.5,759658.0,50.0,50.0,23.0,36.67,36.665000000000006,25.0,38.334999999999994,0,RR(cost=1.0),[117],0.0,0.3139820903364095,0.5570172224498438,0.3829827775501563,0.41298277755015633,0.0,0.0,False,True,False,False,beb970ff-345a-4655-af42-81d10b684766
5,low_traffic,10,48,discrete,resource_efficient,1,URLLC,1.7472,2028.0,2184.0,169.0,169.0,0.0,100.0,0.0,25.0,36.665000000000006,25.0,38.334999999999994,0,RR(cost=1.0),[117],0.0,0.3139820903364095,0.5570172224498438,0.3829827775501563,0.41298277755015633,0.0,0.0,False,False,False,False,beb970ff-345a-4655-af42-81d10b684766
5,low_traffic,10,48,discrete,resource_efficient,2,MTC,0.8192,2304.0,1024.0,181.0,401.0,55.55333333333332,44.44666666666668,10.0,38.32999999999999,36.665000000000006,25.0,38.334999999999994,0,RR(cost=1.0),[117],0.0,0.3139820903364095,0.5570172224498438,0.3829827775501563,0.41298277755015633,0.0,0.0,False,False,False,False,beb970ff-345a-4655-af42-81d10b684766
5,low_traffic,10,49,discrete,resource_efficient,0,eMBB,29.3376,70288.0,36672.0,385475.5,769414.0,50.0,50.0,23.0,51.66,51.66499999999999,20.0,28.335,0,RR(cost=1.0),[168],0.0,0.403918917990925,0.6946757762060458,0.2453242237939542,0.27532422379395427,0.14999999999999988,0.0,False,True,False,False,beb970ff-345a-4655-af42-81d10b684766
5,low_traffic,10,49,discrete,resource_efficient,1,URLLC,1.6224,1872.0,2028.0,87.0,87.0,0.0,100.0,0.0,20.0,51.66499999999999,20.0,28.335,0,RR(cost=1.0),[168],0.0,0.403918917990925,0.6946757762060458,0.2453242237939542,0.27532422379395427,0.14999999999999988,0.0,False,False,False,False,beb970ff-345a-4655-af42-81d10b684766
5,low_traffic,10,49,discrete,resource_efficient,2,MTC,0.8192,1536.0,1024.0,159.0,269.0,33.333333333333336,66.66666666666666,4.0,28.34,51.66499999999999,20.0,28.335,0,RR(cost=1.0),[168],0.0,0.403918917990925,0.6946757762060458,0.2453242237939542,0.27532422379395427,0.14999999999999988,0.0,False,False,False,False,beb970ff-345a-4655-af42-81d10b684766
5,low_traffic,10,50,discrete,resource_efficient,0,eMBB,28.1152,70288.0,35144.0,391356.0,779643.0,50.0,50.0,23.0,51.66,51.66499999999999,20.0,28.335,0,RR(cost=1.0),[168],0.0,0.38808486491909455,0.6969827451881518,0.24301725481184816,0.27301725481184813,0.0,0.0,False,True,False,False,beb970ff-345a-4655-af42-81d10b684766
5,low_traffic,10,50,discrete,resource_efficient,1,URLLC,1.4976,2028.0,1872.0,87.0,87.0,7.69,92.31,2.0,20.0,51.66499999999999,20.0,28.335,0,RR(cost=1.0),[168],0.0,0.38808486491909455,0.6969827451881518,0.24301725481184816,0.27301725481184813,0.0,0.0,False,False,False,False,beb970ff-345a-4655-af42-81d10b684766
5,low_traffic,10,50,discrete,resource_efficient,2,MTC,0.8192,1536.0,1024.0,137.83333333333334,142.0,33.333333333333336,66.66666666666666,4.0,28.34,51.66499999999999,20.0,28.335,0,RR(cost=1.0),[168],0.0,0.38808486491909455,0.6969827451881518,0.24301725481184816,0.27301725481184813,0.0,0.0,False,False,False,False,beb970ff-345a-4655-af42-81d10b684766
5,low_traffic,10,51,discrete,resource_efficient,0,eMBB,23.2256,70288.0,29032.0,398571.0,792954.0,58.695,41.305,27.0,16.67,16.665000000000003,70.0,13.335000000000003,2,BCQI(cost=2.0),[32],0.0,0.16930841868911609,0.3441549806247777,0.5958450193752223,0.6258450193752223,0.4999999999999999,0.0,False,True,False,False,beb970ff-345a-4655-af42-81d10b684766
5,low_traffic,10,51,discrete,resource_efficient,1,URLLC,1.6224,1872.0,2028.0,87.0,87.0,0.0,100.0,0.0,70.0,16.665000000000003,70.0,13.335000000000003,2,BCQI(cost=2.0),[32],0.0,0.16930841868911609,0.3441549806247777,0.5958450193752223,0.6258450193752223,0.4999999999999999,0.0,False,False,False,False,beb970ff-345a-4655-af42-81d10b684766
5,low_traffic,10,51,discrete,resource_efficient,2,MTC,0.8192,1536.0,1024.0,137.0,137.0,33.333333333333336,66.66666666666666,4.0,13.340000000000002,16.665000000000003,70.0,13.335000000000003,2,BCQI(cost=2.0),[32],0.0,0.16930841868911609,0.3441549806247777,0.5958450193752223,0.6258450193752223,0.4999999999999999,0.0,False,False,False,False,beb970ff-345a-4655-af42-81d10b684766
5,low_traffic,10,52,discrete,resource_efficient,0,eMBB,33.0048,70288.0,41256.0,402983.5,802898.0,50.0,50.0,23.0,61.67,61.665000000000006,20.0,18.335,0,RR(cost=1.0),[189],0.0,0.5003068629847838,0.7966332283659626,0.14336677163403744,0.17336677163403738,0.5,0.0,False,True,False,False,beb970ff-345a-4655-af42-81d10b684766
5,low_traffic,10,52,discrete,resource_efficient,1,URLLC,1.4976,2028.0,1872.0,87.0,87.0,7.69,92.31,2.0,20.0,61.665000000000006,20.0,18.335,0,RR(cost=1.0),[189],0.0,0.5003068629847838,0.7966332283659626,0.14336677163403744,0.17336677163403738,0.5,0.0,False,False,False,False,beb970ff-345a-4655-af42-81d10b684766
5,low_traffic,10,52,discrete,resource_efficient,2,MTC,0.8192,1536.0,1024.0,137.0,137.0,33.333333333333336,66.66666666666666,4.0,18.34,61.665000000000006,20.0,18.335,0,RR(cost=1.0),[189],0.0,0.5003068629847838,0.7966332283659626,0.14336677163403744,0.17336677163403738,0.5,0.0,False,False,False,False,beb970ff-345a-4655-af42-81d10b684766
5,low_traffic,10,53,discrete,resource_efficient,0,eMBB,20.7808,70288.0,25976.0,414885.5,818555.0,63.045,36.955,29.0,16.67,16.665000000000003,70.0,13.335000000000003,2,BCQI(cost=2.0),[32],0.0,0.15539299133975587,0.3461661481671856,0.5938338518328143,0.6238338518328144,0.5,0.0,False,True,False,False,beb970ff-345a-4655-af42-81d10b684766
5,low_traffic,10,53,discrete,resource_efficient,1,URLLC,1.3728,1872.0,1716.0,87.0,87.0,8.33,91.67,2.0,70.0,16.665000000000003,70.0,13.335000000000003,2,BCQI(cost=2.0),[32],0.0,0.15539299133975587,0.3461661481671856,0.5938338518328143,0.6238338518328144,0.5,0.0,False,False,False,False,beb970ff-345a-4655-af42-81d10b684766
5,low_traffic,10,53,discrete,resource_efficient,2,MTC,0.8192,1536.0,1024.0,117.66666666666667,137.0,33.333333333333336,66.66666666666666,4.0,13.340000000000002,16.665000000000003,70.0,13.335000000000003,2,BCQI(cost=2.0),[32],0.0,0.15539299133975587,0.3461661481671856,0.5938338518328143,0.6238338518328144,0.5,0.0,False,False,False,False,beb970ff-345a-4655-af42-81d10b684766
5,low_traffic,10,54,discrete,resource_efficient,0,eMBB,33.0048,70288.0,41256.0,424861.0,844965.0,50.0,50.0,23.0,41.66,41.665,40.0,18.335,1,PF(cost=2.0),[148],0.0,0.37722484222513925,0.5940529923029818,0.34594700769701814,0.37594700769701817,0.29999999999999993,0.0,False,True,False,False,beb970ff-345a-4655-af42-81d10b684766
5,low_traffic,10,54,discrete,resource_efficient,1,URLLC,1.6224,2028.0,2028.0,87.0,87.0,0.0,100.0,0.0,40.0,41.665,40.0,18.335,1,PF(cost=2.0),[148],0.0,0.37722484222513925,0.5940529923029818,0.34594700769701814,0.37594700769701817,0.29999999999999993,0.0,False,False,False,False,beb970ff-345a-4655-af42-81d10b684766
5,low_traffic,10,54,discrete,resource_efficient,2,MTC,0.8192,1536.0,1024.0,181.0,401.0,33.333333333333336,66.66666666666666,4.0,18.34,41.665,40.0,18.335,1,PF(cost=2.0),[148],0.0,0.37722484222513925,0.5940529923029818,0.34594700769701814,0.37594700769701817,0.29999999999999993,0.0,False,False,False,False,beb970ff-345a-4655-af42-81d10b684766
5,low_traffic,10,55,discrete,resource_efficient,0,eMBB,29.3376,70288.0,36672.0,429786.5,853440.0,50.0,50.0,23.0,26.66,26.664999999999996,60.0,13.334999999999997,2,BCQI(cost=2.0),[89],0.0,0.2580045104815745,0.4437972572716058,0.49620274272839415,0.5262027427283942,0.2,0.0,False,True,False,False,beb970ff-345a-4655-af42-81d10b684766
5,low_traffic,10,55,discrete,resource_efficient,1,URLLC,1.6224,1872.0,2028.0,251.0,251.0,0.0,100.0,0.0,60.0,26.664999999999996,60.0,13.334999999999997,2,BCQI(cost=2.0),[89],0.0,0.2580045104815745,0.4437972572716058,0.49620274272839415,0.5262027427283942,0.2,0.0,False,False,False,False,beb970ff-345a-4655-af42-81d10b684766
5,low_traffic,10,55,discrete,resource_efficient,2,MTC,0.8192,1536.0,1024.0,137.0,137.0,33.333333333333336,66.66666666666666,4.0,13.33,26.664999999999996,60.0,13.334999999999997,2,BCQI(cost=2.0),[89],0.0,0.2580045104815745,0.4437972572716058,0.49620274272839415,0.5262027427283942,0.2,0.0,False,False,False,False,beb970ff-345a-4655-af42-81d10b684766
5,low_traffic,10,56,discrete,resource_efficient,0,eMBB,29.3376,70288.0,36672.0,435002.0,866306.0,50.0,50.0,23.0,26.66,26.664999999999996,60.0,13.334999999999997,2,BCQI(cost=2.0),[89],0.0,0.268831603233808,0.4434130925020938,0.4965869074979061,0.5265869074979063,0.0,0.0,False,True,False,False,beb970ff-345a-4655-af42-81d10b684766
5,low_traffic,10,56,discrete,resource_efficient,1,URLLC,1.6224,2028.0,2028.0,87.0,87.0,0.0,100.0,0.0,60.0,26.664999999999996,60.0,13.334999999999997,2,BCQI(cost=2.0),[89],0.0,0.268831603233808,0.4434130925020938,0.4965869074979061,0.5265869074979063,0.0,0.0,False,False,False,False,beb970ff-345a-4655-af42-81d10b684766
5,low_traffic,10,56,discrete,resource_efficient,2,MTC,1.2288,1536.0,1536.0,137.0,137.0,33.333333333333336,66.66666666666666,4.0,13.33,26.664999999999996,60.0,13.334999999999997,2,BCQI(cost=2.0),[89],0.0,0.268831603233808,0.4434130925020938,0.4965869074979061,0.5265869074979063,0.0,0.0,False,False,False,False,beb970ff-345a-4655-af42-81d10b684766
5,low_traffic,10,57,discrete,resource_efficient,0,eMBB,209.0304,70288.0,261288.0,448384.5,893884.0,2.175,97.825,1.0,26.66,26.664999999999996,60.0,13.334999999999997,2,BCQI(cost=2.0),[89],0.0,0.4324661097415204,0.44361536425472037,0.49638463574527963,0.5263846357452797,0.0,0.0,False,True,False,False,beb970ff-345a-4655-af42-81d10b684766
5,low_traffic,10,57,discrete,resource_efficient,1,URLLC,1.6224,1872.0,2028.0,87.0,87.0,0.0,100.0,0.0,60.0,26.664999999999996,60.0,13.334999999999997,2,BCQI(cost=2.0),[89],0.0,0.4324661097415204,0.44361536425472037,0.49638463574527963,0.5263846357452797,0.0,0.0,False,False,False,False,beb970ff-345a-4655-af42-81d10b684766
5,low_traffic,10,57,discrete,resource_efficient,2,MTC,0.8192,1536.0,1024.0,164.66666666666666,269.0,33.333333333333336,66.66666666666666,4.0,13.33,26.664999999999996,60.0,13.334999999999997,2,BCQI(cost=2.0),[89],0.0,0.4324661097415204,0.44361536425472037,0.49638463574527963,0.5263846357452797,0.0,0.0,False,False,False,False,beb970ff-345a-4655-af42-81d10b684766
5,low_traffic,10,58,discrete,resource_efficient,0,eMBB,31.7824,70288.0,39728.0,456533.0,911529.0,45.65,54.35,21.0,26.66,26.664999999999996,60.0,13.334999999999997,2,BCQI(cost=2.0),[89],0.0,0.2716818444830895,0.44540604977364595,0.494593950226354,0.524593950226354,0.0,0.0,False,True,False,False,beb970ff-345a-4655-af42-81d10b684766
5,low_traffic,10,58,discrete,resource_efficient,1,URLLC,1.4976,2028.0,1872.0,87.0,87.0,7.69,92.31,2.0,60.0,26.664999999999996,60.0,13.334999999999997,2,BCQI(cost=2.0),[89],0.0,0.2716818444830895,0.44540604977364595,0.494593950226354,0.524593950226354,0.0,0.0,False,False,False,False,beb970ff-345a-4655-af42-81d10b684766
5,low_traffic,10,58,discrete,resource_efficient,2,MTC,0.8192,1536.0,1024.0,164.66666666666666,269.0,33.333333333333336,66.66666666666666,4.0,13.33,26.664999999999996,60.0,13.334999999999997,2,BCQI(cost=2.0),[89],0.0,0.2716818444830895,0.44540604977364595,0.494593950226354,0.524593950226354,0.0,0.0,False,False,False,False,beb970ff-345a-4655-af42-81d10b684766
5,low_traffic,10,59,discrete,resource_efficient,0,eMBB,24.448,67232.0,30560.0,462269.0,923001.0,54.545,45.455,24.0,26.66,26.664999999999996,60.0,13.334999999999997,2,BCQI(cost=2.0),[89],0.0,0.23284472735446965,0.44287878239018474,0.49712121760981515,0.5271212176098153,0.0,0.0,False,True,False,False,beb970ff-345a-4655-af42-81d10b684766
5,low_traffic,10,59,discrete,resource_efficient,1,URLLC,1.6224,1872.0,2028.0,87.0,87.0,0.0,100.0,0.0,60.0,26.664999999999996,60.0,13.334999999999997,2,BCQI(cost=2.0),[89],0.0,0.23284472735446965,0.44287878239018474,0.49712121760981515,0.5271212176098153,0.0,0.0,False,False,False,False,beb970ff-345a-4655-af42-81d10b684766
5,low_traffic,10,59,discrete,resource_efficient,2,MTC,0.8192,1536.0,1024.0,137.0,137.0,33.333333333333336,66.66666666666666,4.0,13.33,26.664999999999996,60.0,13.334999999999997,2,BCQI(cost=2.0),[89],0.0,0.23284472735446965,0.44287878239018474,0.49712121760981515,0.5271212176098153,0.0,0.0,False,False,False,False,beb970ff-345a-4655-af42-81d10b684766
5,low_traffic,10,60,discrete,resource_efficient,0,eMBB,55.008,70288.0,68760.0,471203.5,940870.0,2.175,97.825,1.0,26.66,26.664999999999996,60.0,13.334999999999997,2,BCQI(cost=2.0),[89],0.0,0.41834993709924156,0.4595363290092136,0.48046367099078635,0.5104636709907864,0.0,0.0,False,True,False,False,beb970ff-345a-4655-af42-81d10b684766
5,low_traffic,10,60,discrete,resource_efficient,1,URLLC,1.248,2028.0,1560.0,87.0,87.0,23.08,76.92,6.0,60.0,26.664999999999996,60.0,13.334999999999997,2,BCQI(cost=2.0),[89],0.0,0.41834993709924156,0.4595363290092136,0.48046367099078635,0.5104636709907864,0.0,0.0,False,False,False,False,beb970ff-345a-4655-af42-81d10b684766
5,low_traffic,10,60,discrete,resource_efficient,2,MTC,0.8192,2304.0,1024.0,139.66666666666666,153.0,55.55333333333332,44.44666666666668,10.0,13.33,26.664999999999996,60.0,13.334999999999997,2,BCQI(cost=2.0),[89],0.0,0.41834993709924156,0.4595363290092136,0.48046367099078635,0.5104636709907864,0.0,0.0,False,False,False,False,beb970ff-345a-4655-af42-81d10b684766
5,low_traffic,10,61,discrete,resource_efficient,0,eMBB,39.1168,70288.0,48896.0,477480.0,950431.0,32.61,67.39,15.0,66.67,66.665,20.000000000000004,13.335000000000003,2,BCQI(cost=2.0),[197],0.0,0.6105359079296698,0.8428601617213779,0.09713983827862205,0.1271398382786221,0.4,0.0,False,True,False,False,beb970ff-345a-4655-af42-81d10b684766
5,low_traffic,10,61,discrete,resource_efficient,1,URLLC,1.6224,1872.0,2028.0,87.0,87.0,0.0,100.0,0.0,20.0,66.665,20.000000000000004,13.335000000000003,2,BCQI(cost=2.0),[197],0.0,0.6105359079296698,0.8428601617213779,0.09713983827862205,0.1271398382786221,0.4,0.0,False,False,False,False,beb970ff-345a-4655-af42-81d10b684766
5,low_traffic,10,61,discrete,resource_efficient,2,MTC,0.8192,1536.0,1024.0,159.0,269.0,33.333333333333336,66.66666666666666,4.0,13.340000000000002,66.665,20.000000000000004,13.335000000000003,2,BCQI(cost=2.0),[197],0.0,0.6105359079296698,0.8428601617213779,0.09713983827862205,0.1271398382786221,0.4,0.0,False,False,False,False,beb970ff-345a-4655-af42-81d10b684766
5,low_traffic,10,62,discrete,resource_efficient,0,eMBB,51.3408,70288.0,64176.0,483028.0,957954.0,8.695,91.305,4.0,16.66,16.665,25.0,58.335,1,PF(cost=2.0),[4],0.0,0.31027160544201804,0.34345635239044325,0.5965436476095567,0.6265436476095567,0.5,0.0,False,True,False,False,beb970ff-345a-4655-af42-81d10b684766
5,low_traffic,10,62,discrete,resource_efficient,1,URLLC,1.7472,2028.0,2184.0,169.0,169.0,0.0,100.0,0.0,25.0,16.665,25.0,58.335,1,PF(cost=2.0),[4],0.0,0.31027160544201804,0.34345635239044325,0.5965436476095567,0.6265436476095567,0.5,0.0,False,False,False,False,beb970ff-345a-4655-af42-81d10b684766
5,low_traffic,10,62,discrete,resource_efficient,2,MTC,0.8192,1536.0,1024.0,205.66666666666666,549.0,33.333333333333336,66.66666666666666,4.0,58.34000000000001,16.665,25.0,58.335,1,PF(cost=2.0),[4],0.0,0.31027160544201804,0.34345635239044325,0.5965436476095567,0.6265436476095567,0.5,0.0,False,False,False,False,beb970ff-345a-4655-af42-81d10b684766
5,low_traffic,10,63,discrete,resource_efficient,0,eMBB,47.6736,70288.0,59592.0,489639.0,977741.0,19.565,80.435,9.0,41.66,41.665,25.0,33.335,1,PF(cost=2.0),[139],0.0,0.5035420139447546,0.5925650313214664,0.3474349686785336,0.37743496867853354,0.25,0.0,False,True,False,False,beb970ff-345a-4655-af42-81d10b684766
5,low_traffic,10,63,discrete,resource_efficient,1,URLLC,1.6224,1872.0,2028.0,87.0,87.0,0.0,100.0,0.0,25.0,41.665,25.0,33.335,1,PF(cost=2.0),[139],0.0,0.5035420139447546,0.5925650313214664,0.3474349686785336,0.37743496867853354,0.25,0.0,False,False,False,False,beb970ff-345a-4655-af42-81d10b684766
5,low_traffic,10,63,discrete,resource_efficient,2,MTC,0.8192,1536.0,1024.0,137.0,137.0,33.333333333333336,66.66666666666666,4.0,33.34,41.665,25.0,33.335,1,PF(cost=2.0),[139],0.0,0.5035420139447546,0.5925650313214664,0.3474349686785336,0.37743496867853354,0.25,0.0,False,False,False,False,beb970ff-345a-4655-af42-81d10b684766
5,low_traffic,10,64,discrete,resource_efficient,0,eMBB,44.0064,70288.0,55008.0,491177.0,980817.0,21.74,78.26,10.0,16.66,16.665,25.0,58.335,1,PF(cost=2.0),[4],0.0,0.2717956687417922,0.3446856330609397,0.5953143669390603,0.6253143669390603,0.25,0.0,False,True,False,False,beb970ff-345a-4655-af42-81d10b684766
5,low_traffic,10,64,discrete,resource_efficient,1,URLLC,1.4976,2028.0,1872.0,87.0,87.0,7.69,92.31,2.0,25.0,16.665,25.0,58.335,1,PF(cost=2.0),[4],0.0,0.2717956687417922,0.3446856330609397,0.5953143669390603,0.6253143669390603,0.25,0.0,False,False,False,False,beb970ff-345a-4655-af42-81d10b684766
5,low_traffic,10,64,discrete,resource_efficient,2,MTC,0.8192,1536.0,1024.0,137.0,137.0,33.333333333333336,66.66666666666666,4.0,58.34000000000001,16.665,25.0,58.335,1,PF(cost=2.0),[4],0.0,0.2717956687417922,0.3446856330609397,0.5953143669390603,0.6253143669390603,0.25,0.0,False,False,False,False,beb970ff-345a-4655-af42-81d10b684766
5,low_traffic,10,65,discrete,resource_efficient,0,eMBB,37.894400000000005,70288.0,47368.0,503720.5,1005904.0,32.61,67.39,15.0,16.66,16.665,25.0,58.335,1,PF(cost=2.0),[4],0.0,0.2418716971188921,0.3423845464422921,0.597615453557708,0.6276154535577079,0.0,0.0,False,True,False,False,beb970ff-345a-4655-af42-81d10b684766
5,low_traffic,10,65,discrete,resource_efficient,1,URLLC,1.6224,1872.0,2028.0,87.0,87.0,0.0,100.0,0.0,25.0,16.665,25.0,58.335,1,PF(cost=2.0),[4],0.0,0.2418716971188921,0.3423845464422921,0.597615453557708,0.6276154535577079,0.0,0.0,False,False,False,False,beb970ff-345a-4655-af42-81d10b684766
5,low_traffic,10,65,discrete,resource_efficient,2,MTC,0.8192,1536.0,1024.0,159.0,269.0,33.333333333333336,66.66666666666666,4.0,58.34000000000001,16.665,25.0,58.335,1,PF(cost=2.0),[4],0.0,0.2418716971188921,0.3423845464422921,0.597615453557708,0.6276154535577079,0.0,0.0,False,False,False,False,beb970ff-345a-4655-af42-81d10b684766
5,low_traffic,10,66,discrete,resource_efficient,0,eMBB,63.5648,70288.0,79456.0,514392.5,1027248.0,0.0,100.0,0.0,16.66,16.665,25.0,58.335,1,PF(cost=2.0),[4],0.0,0.333104592509996,0.3443650787823921,0.595634921217608,0.6256349212176079,0.0,0.0,False,True,False,False,beb970ff-345a-4655-af42-81d10b684766
5,low_traffic,10,66,discrete,resource_efficient,1,URLLC,1.4976,2028.0,1872.0,87.0,87.0,7.69,92.31,2.0,25.0,16.665,25.0,58.335,1,PF(cost=2.0),[4],0.0,0.333104592509996,0.3443650787823921,0.595634921217608,0.6256349212176079,0.0,0.0,False,False,False,False,beb970ff-345a-4655-af42-81d10b684766
5,low_traffic,10,66,discrete,resource_efficient,2,MTC,0.8192,1536.0,1024.0,137.0,137.0,33.333333333333336,66.66666666666666,4.0,58.34000000000001,16.665,25.0,58.335,1,PF(cost=2.0),[4],0.0,0.333104592509996,0.3443650787823921,0.595634921217608,0.6256349212176079,0.0,0.0,False,False,False,False,beb970ff-345a-4655-af42-81d10b684766
5,low_traffic,10,67,discrete,resource_efficient,0,eMBB,29.3376,70288.0,36672.0,528199.0,1045120.0,47.824999999999996,52.175000000000004,22.0,16.66,16.665,25.0,58.335,1,PF(cost=2.0),[4],0.0,0.19706484475968303,0.3437838663216465,0.5962161336783535,0.6262161336783535,0.0,0.0,False,True,False,False,beb970ff-345a-4655-af42-81d10b684766
5,low_traffic,10,67,discrete,resource_efficient,1,URLLC,1.3728,1872.0,1716.0,87.0,87.0,8.33,91.67,2.0,25.0,16.665,25.0,58.335,1,PF(cost=2.0),[4],0.0,0.19706484475968303,0.3437838663216465,0.5962161336783535,0.6262161336783535,0.0,0.0,False,False,False,False,beb970ff-345a-4655-af42-81d10b684766
5,low_traffic,10,67,discrete,resource_efficient,2,MTC,0.8192,1536.0,1024.0,137.0,137.0,33.333333333333336,66.66666666666666,4.0,58.34000000000001,16.665,25.0,58.335,1,PF(cost=2.0),[4],0.0,0.19706484475968303,0.3437838663216465,0.5962161336783535,0.6262161336783535,0.0,0.0,False,False,False,False,beb970ff-345a-4655-af42-81d10b684766
5,low_traffic,10,68,discrete,resource_efficient,0,eMBB,34.2272,70288.0,42784.0,537886.0,1070099.0,50.0,50.0,23.0,16.66,16.665,25.0,58.335,1,PF(cost=2.0),[4],0.0,0.22306146064601673,0.34178081412451244,0.5982191858754875,0.6282191858754875,0.0,0.0,False,True,False,False,beb970ff-345a-4655-af42-81d10b684766
5,low_traffic,10,68,discrete,resource_efficient,1,URLLC,1.6224,2028.0,2028.0,87.0,87.0,0.0,100.0,0.0,25.0,16.665,25.0,58.335,1,PF(cost=2.0),[4],0.0,0.22306146064601673,0.34178081412451244,0.5982191858754875,0.6282191858754875,0.0,0.0,False,False,False,False,beb970ff-345a-4655-af42-81d10b684766
5,low_traffic,10,68,discrete,resource_efficient,2,MTC,0.8192,1536.0,1024.0,137.0,137.0,33.333333333333336,66.66666666666666,4.0,58.34000000000001,16.665,25.0,58.335,1,PF(cost=2.0),[4],0.0,0.22306146064601673,0.34178081412451244,0.5982191858754875,0.6282191858754875,0.0,0.0,False,False,False,False,beb970ff-345a-4655-af42-81d10b684766
5,low_traffic,10,69,discrete,resource_efficient,0,eMBB,58.6752,70288.0,73344.0,544454.5,1082776.0,0.0,100.0,0.0,31.66,31.665,55.00000000000001,13.334999999999999,0,RR(cost=1.0),[111],0.0,0.4919484543606294,0.4919484543606294,0.44805154563937066,0.4780515456393706,0.45000000000000007,0.0,False,True,False,False,beb970ff-345a-4655-af42-81d10b684766
5,low_traffic,10,69,discrete,resource_efficient,1,URLLC,1.6224,1872.0,2028.0,251.0,251.0,0.0,100.0,0.0,55.0,31.665,55.00000000000001,13.334999999999999,0,RR(cost=1.0),[111],0.0,0.4919484543606294,0.4919484543606294,0.44805154563937066,0.4780515456393706,0.45000000000000007,0.0,False,False,False,False,beb970ff-345a-4655-af42-81d10b684766
5,low_traffic,10,69,discrete,resource_efficient,2,MTC,1.2288,1536.0,1536.0,137.0,137.0,33.333333333333336,66.66666666666666,4.0,13.33,31.665,55.00000000000001,13.334999999999999,0,RR(cost=1.0),[111],0.0,0.4919484543606294,0.4919484543606294,0.44805154563937066,0.4780515456393706,0.45000000000000007,0.0,False,False,False,False,beb970ff-345a-4655-af42-81d10b684766
5,low_traffic,10,70,discrete,resource_efficient,0,eMBB,41.5616,70288.0,51952.0,549684.0,1097356.0,28.26,71.74,13.0,31.66,31.665,55.00000000000001,13.334999999999999,0,RR(cost=1.0),[111],0.0,0.3738047959014442,0.4916944839656454,0.4483055160343546,0.47830551603435456,0.0,0.0,False,True,False,False,beb970ff-345a-4655-af42-81d10b684766
5,low_traffic,10,70,discrete,resource_efficient,1,URLLC,1.6224,2028.0,2028.0,87.0,87.0,0.0,100.0,0.0,55.0,31.665,55.00000000000001,13.334999999999999,0,RR(cost=1.0),[111],0.0,0.3738047959014442,0.4916944839656454,0.4483055160343546,0.47830551603435456,0.0,0.0,False,False,False,False,beb970ff-345a-4655-af42-81d10b684766
5,low_traffic,10,70,discrete,resource_efficient,2,MTC,0.8192,1536.0,1024.0,137.0,137.0,33.333333333333336,66.66666666666666,4.0,13.33,31.665,55.00000000000001,13.334999999999999,0,RR(cost=1.0),[111],0.0,0.3738047959014442,0.4916944839656454,0.4483055160343546,0.47830551603435456,0.0,0.0,False,False,False,False,beb970ff-345a-4655-af42-81d10b684766
5,low_traffic,10,71,discrete,resource_efficient,0,eMBB,44.0064,67232.0,55008.0,562383.5,1123230.0,20.455,79.545,9.0,31.66,31.665,55.00000000000001,13.334999999999999,0,RR(cost=1.0),[111],0.0,0.405791817826655,0.4916153771184687,0.44838462288153125,0.4783846228815313,0.0,0.0,False,True,False,False,beb970ff-345a-4655-af42-81d10b684766
5,low_traffic,10,71,discrete,resource_efficient,1,URLLC,1.6224,1872.0,2028.0,87.0,87.0,0.0,100.0,0.0,55.0,31.665,55.00000000000001,13.334999999999999,0,RR(cost=1.0),[111],0.0,0.405791817826655,0.4916153771184687,0.44838462288153125,0.4783846228815313,0.0,0.0,False,False,False,False,beb970ff-345a-4655-af42-81d10b684766
5,low_traffic,10,71,discrete,resource_efficient,2,MTC,0.8192,1536.0,1024.0,161.66666666666666,285.0,33.333333333333336,66.66666666666666,4.0,13.33,31.665,55.00000000000001,13.334999999999999,0,RR(cost=1.0),[111],0.0,0.405791817826655,0.4916153771184687,0.44838462288153125,0.4783846228815313,0.0,0.0,False,False,False,False,beb970ff-345a-4655-af42-81d10b684766
5,low_traffic,10,72,discrete,resource_efficient,0,eMBB,28.1152,70288.0,35144.0,571630.0,1141400.0,50.0,50.0,23.0,21.66,21.665,65.0,13.334999999999999,0,RR(cost=1.0),[60],0.0,0.21634220155676387,0.40132795212320416,0.5386720478767958,0.5686720478767958,0.09999999999999999,0.0,False,True,False,False,beb970ff-345a-4655-af42-81d10b684766
5,low_traffic,10,72,discrete,resource_efficient,1,URLLC,1.4976,2028.0,1872.0,87.0,87.0,7.69,92.31,2.0,65.0,21.665,65.0,13.334999999999999,0,RR(cost=1.0),[60],0.0,0.21634220155676387,0.40132795212320416,0.5386720478767958,0.5686720478767958,0.09999999999999999,0.0,False,False,False,False,beb970ff-345a-4655-af42-81d10b684766
5,low_traffic,10,72,discrete,resource_efficient,2,MTC,0.8192,2304.0,1024.0,137.0,137.0,55.55333333333332,44.44666666666668,10.0,13.33,21.665,65.0,13.334999999999999,0,RR(cost=1.0),[60],0.0,0.21634220155676387,0.40132795212320416,0.5386720478767958,0.5686720478767958,0.09999999999999999,0.0,False,False,False,False,beb970ff-345a-4655-af42-81d10b684766
5,low_traffic,10,73,discrete,resource_efficient,0,eMBB,28.1152,70288.0,35144.0,576001.5,1150466.0,50.0,50.0,23.0,46.66,46.665,35.0,18.335,1,PF(cost=2.0),[163],0.0,0.36085458466030224,0.6411538907447358,0.2988461092552641,0.32884610925526414,0.30000000000000004,0.0,False,True,False,False,beb970ff-345a-4655-af42-81d10b684766
5,low_traffic,10,73,discrete,resource_efficient,1,URLLC,1.6224,1872.0,2028.0,87.0,87.0,0.0,100.0,0.0,35.0,46.665,35.0,18.335,1,PF(cost=2.0),[163],0.0,0.36085458466030224,0.6411538907447358,0.2988461092552641,0.32884610925526414,0.30000000000000004,0.0,False,False,False,False,beb970ff-345a-4655-af42-81d10b684766
5,low_traffic,10,73,discrete,resource_efficient,2,MTC,0.8192,1536.0,1024.0,137.0,137.0,33.333333333333336,66.66666666666666,4.0,18.34,46.665,35.0,18.335,1,PF(cost=2.0),[163],0.0,0.36085458466030224,0.6411538907447358,0.2988461092552641,0.32884610925526414,0.30000000000000004,0.0,False,False,False,False,beb970ff-345a-4655-af42-81d10b684766
5,low_traffic,10,74,discrete,resource_efficient,0,eMBB,33.0048,70288.0,41256.0,578450.0,1155363.0,41.30499999999999,58.69500000000001,19.0,46.66,46.665,35.0,18.335,1,PF(cost=2.0),[163],0.0,0.39579198140559774,0.6464838531140686,0.2935161468859313,0.32351614688593133,0.0,0.0,False,True,False,False,beb970ff-345a-4655-af42-81d10b684766
5,low_traffic,10,74,discrete,resource_efficient,1,URLLC,1.248,2028.0,1560.0,87.0,87.0,23.08,76.92,6.0,35.0,46.665,35.0,18.335,1,PF(cost=2.0),[163],0.0,0.39579198140559774,0.6464838531140686,0.2935161468859313,0.32351614688593133,0.0,0.0,False,False,False,False,beb970ff-345a-4655-af42-81d10b684766
5,low_traffic,10,74,discrete,resource_efficient,2,MTC,0.8192,1536.0,1024.0,137.0,137.0,33.333333333333336,66.66666666666666,4.0,18.34,46.665,35.0,18.335,1,PF(cost=2.0),[163],0.0,0.39579198140559774,0.6464838531140686,0.2935161468859313,0.32351614688593133,0.0,0.0,False,False,False,False,beb970ff-345a-4655-af42-81d10b684766
5,low_traffic,10,75,discrete,resource_efficient,0,eMBB,56.2304,70288.0,70288.0,594264.0,1181912.0,2.175,97.825,1.0,36.67,36.665000000000006,50.0,13.334999999999999,0,RR(cost=1.0),[132],0.0,0.5279406490035766,0.5411634934761678,0.3988365065238322,0.4288365065238322,0.14999999999999997,0.0,False,True,False,False,beb970ff-345a-4655-af42-81d10b684766
5,low_traffic,10,75,discrete,resource_efficient,1,URLLC,1.6224,1872.0,2028.0,87.0,87.0,0.0,100.0,0.0,50.0,36.665000000000006,50.0,13.334999999999999,0,RR(cost=1.0),[132],0.0,0.5279406490035766,0.5411634934761678,0.3988365065238322,0.4288365065238322,0.14999999999999997,0.0,False,False,False,False,beb970ff-345a-4655-af42-81d10b684766
5,low_traffic,10,75,discrete,resource_efficient,2,MTC,0.8192,1536.0,1024.0,117.66666666666667,137.0,33.333333333333336,66.66666666666666,4.0,13.33,36.665000000000006,50.0,13.334999999999999,0,RR(cost=1.0),[132],0.0,0.5279406490035766,0.5411634934761678,0.3988365065238322,0.4288365065238322,0.14999999999999997,0.0,False,False,False,False,beb970ff-345a-4655-af42-81d10b684766
5,low_traffic,10,76,discrete,resource_efficient,0,eMBB,46.4512,70288.0,58064.0,600085.5,1192506.0,19.565,80.435,9.0,46.66,46.665,35.0,18.335,1,PF(cost=2.0),[163],0.0,0.5335193046665482,0.6412103117235458,0.29878968827645425,0.32878968827645416,0.14999999999999997,0.0,False,True,False,False,beb970ff-345a-4655-af42-81d10b684766
5,low_traffic,10,76,discrete,resource_efficient,1,URLLC,1.7472,2028.0,2184.0,169.0,169.0,0.0,100.0,0.0,35.0,46.665,35.0,18.335,1,PF(cost=2.0),[163],0.0,0.5335193046665482,0.6412103117235458,0.29878968827645425,0.32878968827645416,0.14999999999999997,0.0,False,False,False,False,beb970ff-345a-4655-af42-81d10b684766
5,low_traffic,10,76,discrete,resource_efficient,2,MTC,0.8192,1536.0,1024.0,137.0,137.0,33.333333333333336,66.66666666666666,4.0,18.34,46.665,35.0,18.335,1,PF(cost=2.0),[163],0.0,0.5335193046665482,0.6412103117235458,0.29878968827645425,0.32878968827645416,0.14999999999999997,0.0,False,False,False,False,beb970ff-345a-4655-af42-81d10b684766
5,low_traffic,10,77,discrete,resource_efficient,0,eMBB,55.007999999999996,70288.0,68760.0,604854.0,1208171.0,4.35,95.65,2.0,26.66,26.664999999999996,60.0,13.334999999999997,2,BCQI(cost=2.0),[89],0.0,0.4223255595690903,0.4409954323774937,0.4990045676225063,0.5290045676225064,0.25000000000000006,0.0,False,True,False,False,beb970ff-345a-4655-af42-81d10b684766
5,low_traffic,10,77,discrete,resource_efficient,1,URLLC,1.6224,1872.0,2028.0,87.0,87.0,0.0,100.0,0.0,60.0,26.664999999999996,60.0,13.334999999999997,2,BCQI(cost=2.0),[89],0.0,0.4223255595690903,0.4409954323774937,0.4990045676225063,0.5290045676225064,0.25000000000000006,0.0,False,False,False,False,beb970ff-345a-4655-af42-81d10b684766
5,low_traffic,10,77,discrete,resource_efficient,2,MTC,0.8192,1536.0,1024.0,137.0,137.0,33.333333333333336,66.66666666666666,4.0,13.33,26.664999999999996,60.0,13.334999999999997,2,BCQI(cost=2.0),[89],0.0,0.4223255595690903,0.4409954323774937,0.4990045676225063,0.5290045676225064,0.25000000000000006,0.0,False,False,False,False,beb970ff-345a-4655-af42-81d10b684766
5,low_traffic,10,78,discrete,resource_efficient,0,eMBB,53.7856,70288.0,67232.0,615921.5,1230306.0,4.35,95.65,2.0,26.66,26.664999999999996,60.0,13.334999999999997,2,BCQI(cost=2.0),[89],0.0,0.4125015533366612,0.44264166083100553,0.4973583391689943,0.5273583391689944,0.0,0.0,False,True,False,False,beb970ff-345a-4655-af42-81d10b684766
5,low_traffic,10,78,discrete,resource_efficient,1,URLLC,1.4976,2028.0,1872.0,87.0,87.0,7.69,92.31,2.0,60.0,26.664999999999996,60.0,13.334999999999997,2,BCQI(cost=2.0),[89],0.0,0.4125015533366612,0.44264166083100553,0.4973583391689943,0.5273583391689944,0.0,0.0,False,False,False,False,beb970ff-345a-4655-af42-81d10b684766
5,low_traffic,10,78,discrete,resource_efficient,2,MTC,0.8192,1536.0,1024.0,137.0,137.0,33.333333333333336,66.66666666666666,4.0,13.33,26.664999999999996,60.0,13.334999999999997,2,BCQI(cost=2.0),[89],0.0,0.4125015533366612,0.44264166083100553,0.4973583391689943,0.5273583391689944,0.0,0.0,False,False,False,False,beb970ff-345a-4655-af42-81d10b684766
5,low_traffic,10,79,discrete,resource_efficient,0,eMBB,25.6704,70288.0,32088.0,622578.5,1243620.0,54.35,45.65,25.0,36.67,36.665000000000006,50.0,13.334999999999999,0,RR(cost=1.0),[132],0.0,0.29783256706677075,0.5405167260418167,0.39948327395818334,0.4294832739581833,0.10000000000000007,0.0,False,True,False,False,beb970ff-345a-4655-af42-81d10b684766
5,low_traffic,10,79,discrete,resource_efficient,1,URLLC,1.6224,1872.0,2028.0,87.0,87.0,0.0,100.0,0.0,50.0,36.665000000000006,50.0,13.334999999999999,0,RR(cost=1.0),[132],0.0,0.29783256706677075,0.5405167260418167,0.39948327395818334,0.4294832739581833,0.10000000000000007,0.0,False,False,False,False,beb970ff-345a-4655-af42-81d10b684766
5,low_traffic,10,79,discrete,resource_efficient,2,MTC,1.2288,1536.0,1536.0,117.66666666666667,137.0,33.333333333333336,66.66666666666666,4.0,13.33,36.665000000000006,50.0,13.334999999999999,0,RR(cost=1.0),[132],0.0,0.29783256706677075,0.5405167260418167,0.39948327395818334,0.4294832739581833,0.10000000000000007,0.0,False,False,False,False,beb970ff-345a-4655-af42-81d10b684766
5,low_traffic,10,80,discrete,resource_efficient,0,eMBB,42.784,70288.0,53480.0,627077.0,1252617.0,23.915,76.08500000000001,11.0,36.67,36.665000000000006,50.0,13.334999999999999,0,RR(cost=1.0),[132],0.0,0.4180959830471408,0.5425008134573481,0.3974991865426518,0.42749918654265184,0.0,0.0,False,True,False,False,beb970ff-345a-4655-af42-81d10b684766
5,low_traffic,10,80,discrete,resource_efficient,1,URLLC,1.4976,2028.0,1872.0,87.0,87.0,7.69,92.31,2.0,50.0,36.665000000000006,50.0,13.334999999999999,0,RR(cost=1.0),[132],0.0,0.4180959830471408,0.5425008134573481,0.3974991865426518,0.42749918654265184,0.0,0.0,False,False,False,False,beb970ff-345a-4655-af42-81d10b684766
5,low_traffic,10,80,discrete,resource_efficient,2,MTC,0.8192,1536.0,1024.0,161.66666666666666,269.0,33.333333333333336,66.66666666666666,4.0,13.33,36.665000000000006,50.0,13.334999999999999,0,RR(cost=1.0),[132],0.0,0.4180959830471408,0.5425008134573481,0.3974991865426518,0.42749918654265184,0.0,0.0,False,False,False,False,beb970ff-345a-4655-af42-81d10b684766
5,low_traffic,10,81,discrete,resource_efficient,0,eMBB,25.6704,70288.0,32088.0,632260.0,1262677.0,54.35,45.65,25.0,36.67,36.665000000000006,50.0,13.334999999999999,0,RR(cost=1.0),[132],0.0,0.2702983921477932,0.5469067568043083,0.3930932431956917,0.42309324319569164,0.0,0.0,False,True,False,False,beb970ff-345a-4655-af42-81d10b684766
5,low_traffic,10,81,discrete,resource_efficient,1,URLLC,1.3728,1872.0,1716.0,87.0,87.0,8.33,91.67,2.0,50.0,36.665000000000006,50.0,13.334999999999999,0,RR(cost=1.0),[132],0.0,0.2702983921477932,0.5469067568043083,0.3930932431956917,0.42309324319569164,0.0,0.0,False,False,False,False,beb970ff-345a-4655-af42-81d10b684766
5,low_traffic,10,81,discrete,resource_efficient,2,MTC,0.4096,1536.0,512.0,136.16666666666666,137.0,66.66666666666667,33.33333333333333,8.0,13.33,36.665000000000006,50.0,13.334999999999999,0,RR(cost=1.0),[132],0.0,0.2702983921477932,0.5469067568043083,0.3930932431956917,0.42309324319569164,0.0,0.0,False,False,False,False,beb970ff-345a-4655-af42-81d10b684766
5,low_traffic,10,82,discrete,resource_efficient,0,eMBB,44.0064,70288.0,55008.0,641923.0,1279092.0,23.915,76.08500000000001,11.0,36.67,36.665000000000006,50.0,13.334999999999999,0,RR(cost=1.0),[132],0.0,0.44364289433179843,0.5407297764736391,0.399270223526361,0.4292702235263609,0.0,0.0,False,True,False,False,beb970ff-345a-4655-af42-81d10b684766
5,low_traffic,10,82,discrete,resource_efficient,1,URLLC,1.6224,2028.0,2028.0,87.0,87.0,0.0,100.0,0.0,50.0,36.665000000000006,50.0,13.334999999999999,0,RR(cost=1.0),[132],0.0,0.44364289433179843,0.5407297764736391,0.399270223526361,0.4292702235263609,0.0,0.0,False,False,False,False,beb970ff-345a-4655-af42-81d10b684766
5,low_traffic,10,82,discrete,resource_efficient,2,MTC,1.2288,1536.0,1536.0,165.16666666666666,401.0,33.333333333333336,66.66666666666666,4.0,13.33,36.665000000000006,50.0,13.334999999999999,0,RR(cost=1.0),[132],0.0,0.44364289433179843,0.5407297764736391,0.399270223526361,0.4292702235263609,0.0,0.0,False,False,False,False,beb970ff-345a-4655-af42-81d10b684766
5,low_traffic,10,83,discrete,resource_efficient,0,eMBB,75.7888,67232.0,94736.0,653654.5,1299644.0,0.0,100.0,0.0,36.67,36.665000000000006,50.0,13.334999999999999,0,RR(cost=1.0),[132],0.0,0.5276663291340675,0.5408007878903318,0.3991992121096682,0.42919921210966816,0.0,0.0,False,True,False,False,beb970ff-345a-4655-af42-81d10b684766
5,low_traffic,10,83,discrete,resource_efficient,1,URLLC,1.6224,1872.0,2028.0,251.0,251.0,0.0,100.0,0.0,50.0,36.665000000000006,50.0,13.334999999999999,0,RR(cost=1.0),[132],0.0,0.5276663291340675,0.5408007878903318,0.3991992121096682,0.42919921210966816,0.0,0.0,False,False,False,False,beb970ff-345a-4655-af42-81d10b684766
5,low_traffic,10,83,discrete,resource_efficient,2,MTC,0.8192,1536.0,1024.0,159.0,269.0,33.333333333333336,66.66666666666666,4.0,13.33,36.665000000000006,50.0,13.334999999999999,0,RR(cost=1.0),[132],0.0,0.5276663291340675,0.5408007878903318,0.3991992121096682,0.42919921210966816,0.0,0.0,False,False,False,False,beb970ff-345a-4655-af42-81d10b684766
5,low_traffic,10,84,discrete,resource_efficient,0,eMBB,30.56,70288.0,38200.0,651664.0,1300259.0,50.0,50.0,23.0,56.66,56.665,20.0,23.335,0,RR(cost=1.0),[180],0.0,0.43502035599711275,0.7477989957337448,0.19220100426625528,0.22220100426625536,0.29999999999999993,0.0,False,True,False,False,beb970ff-345a-4655-af42-81d10b684766
5,low_traffic,10,84,discrete,resource_efficient,1,URLLC,1.6224,2028.0,2028.0,87.0,87.0,0.0,100.0,0.0,20.0,56.665,20.0,23.335,0,RR(cost=1.0),[180],0.0,0.43502035599711275,0.7477989957337448,0.19220100426625528,0.22220100426625536,0.29999999999999993,0.0,False,False,False,False,beb970ff-345a-4655-af42-81d10b684766
5,low_traffic,10,84,discrete,resource_efficient,2,MTC,0.8192,2304.0,1024.0,136.16666666666666,137.0,55.55333333333332,44.44666666666668,10.0,23.34,56.665,20.0,23.335,0,RR(cost=1.0),[180],0.0,0.43502035599711275,0.7477989957337448,0.19220100426625528,0.22220100426625536,0.29999999999999993,0.0,False,False,False,False,beb970ff-345a-4655-af42-81d10b684766
5,low_traffic,10,85,discrete,resource_efficient,0,eMBB,26.8928,70288.0,33616.0,656954.5,1310840.0,52.175,47.825,24.0,56.66,56.665,20.0,23.335,0,RR(cost=1.0),[180],0.0,0.40327642881635783,0.7403853638780507,0.1996146361219493,0.22961463612194935,0.0,0.0,False,True,False,False,beb970ff-345a-4655-af42-81d10b684766
5,low_traffic,10,85,discrete,resource_efficient,1,URLLC,1.6224,1872.0,2028.0,87.0,87.0,0.0,100.0,0.0,20.0,56.665,20.0,23.335,0,RR(cost=1.0),[180],0.0,0.40327642881635783,0.7403853638780507,0.1996146361219493,0.22961463612194935,0.0,0.0,False,False,False,False,beb970ff-345a-4655-af42-81d10b684766
5,low_traffic,10,85,discrete,resource_efficient,2,MTC,0.8192,1536.0,1024.0,162.83333333333334,292.0,33.333333333333336,66.66666666666666,4.0,23.34,56.665,20.0,23.335,0,RR(cost=1.0),[180],0.0,0.40327642881635783,0.7403853638780507,0.1996146361219493,0.22961463612194935,0.0,0.0,False,False,False,False,beb970ff-345a-4655-af42-81d10b684766
5,low_traffic,10,86,discrete,resource_efficient,0,eMBB,99.0144,70288.0,123768.0,660416.5,1319296.0,0.0,100.0,0.0,41.66,41.665,20.000000000000004,38.335,2,BCQI(cost=2.0),[137],0.0,0.5730536730648624,0.5920718526024699,0.3479281473975301,0.3779281473975301,0.15000000000000002,0.0,False,True,False,False,beb970ff-345a-4655-af42-81d10b684766
5,low_traffic,10,86,discrete,resource_efficient,1,URLLC,1.4976,2028.0,1872.0,87.0,87.0,7.69,92.31,2.0,20.0,41.665,20.000000000000004,38.335,2,BCQI(cost=2.0),[137],0.0,0.5730536730648624,0.5920718526024699,0.3479281473975301,0.3779281473975301,0.15000000000000002,0.0,False,False,False,False,beb970ff-345a-4655-af42-81d10b684766
5,low_traffic,10,86,discrete,resource_efficient,2,MTC,0.8192,1536.0,1024.0,137.0,137.0,33.333333333333336,66.66666666666666,4.0,38.34,41.665,20.000000000000004,38.335,2,BCQI(cost=2.0),[137],0.0,0.5730536730648624,0.5920718526024699,0.3479281473975301,0.3779281473975301,0.15000000000000002,0.0,False,False,False,False,beb970ff-345a-4655-af42-81d10b684766
5,low_traffic,10,87,discrete,resource_efficient,0,eMBB,42.784,70288.0,53480.0,670483.0,1339429.0,23.91,76.09,11.0,26.66,26.665,30.000000000000004,43.335,2,BCQI(cost=2.0),[71],0.0,0.34258547286899166,0.44022406128845226,0.4997759387115478,0.5297759387115477,0.14999999999999997,0.0,False,True,False,False,beb970ff-345a-4655-af42-81d10b684766
5,low_traffic,10,87,discrete,resource_efficient,1,URLLC,1.6224,1872.0,2028.0,87.0,87.0,0.0,100.0,0.0,30.0,26.665,30.000000000000004,43.335,2,BCQI(cost=2.0),[71],0.0,0.34258547286899166,0.44022406128845226,0.4997759387115478,0.5297759387115477,0.14999999999999997,0.0,False,False,False,False,beb970ff-345a-4655-af42-81d10b684766
5,low_traffic,10,87,discrete,resource_efficient,2,MTC,0.8192,1536.0,1024.0,137.0,137.0,33.333333333333336,66.66666666666666,4.0,43.34,26.665,30.000000000000004,43.335,2,BCQI(cost=2.0),[71],0.0,0.34258547286899166,0.44022406128845226,0.4997759387115478,0.5297759387115477,0.14999999999999997,0.0,False,False,False,False,beb970ff-345a-4655-af42-81d10b684766
5,low_traffic,10,88,discrete,resource_efficient,0,eMBB,42.784,70288.0,53480.0,678910.5,1354752.0,23.915,76.08500000000001,11.0,41.66,41.665,20.000000000000004,38.335,2,BCQI(cost=2.0),[137],0.0,0.4490333898388847,0.5947994746429528,0.3452005253570472,0.3752005253570472,0.14999999999999997,0.0,False,True,False,False,beb970ff-345a-4655-af42-81d10b684766
5,low_traffic,10,88,discrete,resource_efficient,1,URLLC,1.248,2028.0,1560.0,87.0,87.0,23.08,76.92,6.0,20.0,41.665,20.000000000000004,38.335,2,BCQI(cost=2.0),[137],0.0,0.4490333898388847,0.5947994746429528,0.3452005253570472,0.3752005253570472,0.14999999999999997,0.0,False,False,False,False,beb970ff-345a-4655-af42-81d10b684766
5,low_traffic,10,88,discrete,resource_efficient,2,MTC,0.8192,1536.0,1024.0,137.0,137.0,33.333333333333336,66.66666666666666,4.0,38.34,41.665,20.000000000000004,38.335,2,BCQI(cost=2.0),[137],0.0,0.4490333898388847,0.5947994746429528,0.3452005253570472,0.3752005253570472,0.14999999999999997,0.0,False,False,False,False,beb970ff-345a-4655-af42-81d10b684766
5,low_traffic,10,89,discrete,resource_efficient,0,eMBB,33.004799999999996,70288.0,41256.0,682284.0,1360403.0,43.48,56.52,20.0,41.66,41.665,20.000000000000004,38.335,2,BCQI(cost=2.0),[137],0.0,0.37437096546939896,0.5900626982104137,0.34993730178958626,0.3799373017895863,0.0,0.0,False,True,False,False,beb970ff-345a-4655-af42-81d10b684766
5,low_traffic,10,89,discrete,resource_efficient,1,URLLC,1.6224,1872.0,2028.0,87.0,87.0,0.0,100.0,0.0,20.0,41.665,20.000000000000004,38.335,2,BCQI(cost=2.0),[137],0.0,0.37437096546939896,0.5900626982104137,0.34993730178958626,0.3799373017895863,0.0,0.0,False,False,False,False,beb970ff-345a-4655-af42-81d10b684766
5,low_traffic,10,89,discrete,resource_efficient,2,MTC,0.8192,1536.0,1024.0,137.0,137.0,33.333333333333336,66.66666666666666,4.0,38.34,41.665,20.000000000000004,38.335,2,BCQI(cost=2.0),[137],0.0,0.37437096546939896,0.5900626982104137,0.34993730178958626,0.3799373017895863,0.0,0.0,False,False,False,False,beb970ff-345a-4655-af42-81d10b684766
5,low_traffic,10,90,discrete,resource_efficient,0,eMBB,29.3376,70288.0,36672.0,692371.5,1378610.0,50.0,50.0,23.0,41.66,41.665,35.0,23.335,1,PF(cost=2.0),[145],0.0,0.34262808520514,0.5901193804650269,0.3498806195349731,0.3798806195349731,0.14999999999999997,0.0,False,True,False,False,beb970ff-345a-4655-af42-81d10b684766
5,low_traffic,10,90,discrete,resource_efficient,1,URLLC,1.7472,2028.0,2184.0,169.0,169.0,0.0,100.0,0.0,35.0,41.665,35.0,23.335,1,PF(cost=2.0),[145],0.0,0.34262808520514,0.5901193804650269,0.3498806195349731,0.3798806195349731,0.14999999999999997,0.0,False,False,False,False,beb970ff-345a-4655-af42-81d10b684766
5,low_traffic,10,90,discrete,resource_efficient,2,MTC,0.8192,1536.0,1024.0,137.0,137.0,33.333333333333336,66.66666666666666,4.0,23.34,41.665,35.0,23.335,1,PF(cost=2.0),[145],0.0,0.34262808520514,0.5901193804650269,0.3498806195349731,0.3798806195349731,0.14999999999999997,0.0,False,False,False,False,beb970ff-345a-4655-af42-81d10b684766
5,low_traffic,10,91,discrete,resource_efficient,0,eMBB,53.7856,70288.0,67232.0,697235.5,1392934.0,6.52,93.48,3.0,41.66,41.665,20.000000000000004,38.335,2,BCQI(cost=2.0),[137],0.0,0.5687469582118011,0.5899518320700281,0.35004816792997184,0.38004816792997187,0.14999999999999997,0.0,False,True,False,False,beb970ff-345a-4655-af42-81d10b684766
5,low_traffic,10,91,discrete,resource_efficient,1,URLLC,1.6224,1872.0,2028.0,87.0,87.0,0.0,100.0,0.0,20.0,41.665,20.000000000000004,38.335,2,BCQI(cost=2.0),[137],0.0,0.5687469582118011,0.5899518320700281,0.35004816792997184,0.38004816792997187,0.14999999999999997,0.0,False,False,False,False,beb970ff-345a-4655-af42-81d10b684766
5,low_traffic,10,91,discrete,resource_efficient,2,MTC,1.2288,1536.0,1536.0,137.0,137.0,33.333333333333336,66.66666666666666,4.0,38.34,41.665,20.000000000000004,38.335,2,BCQI(cost=2.0),[137],0.0,0.5687469582118011,0.5899518320700281,0.35004816792997184,0.38004816792997187,0.14999999999999997,0.0,False,False,False,False,beb970ff-345a-4655-af42-81d10b684766
5,low_traffic,10,92,discrete,resource_efficient,0,eMBB,68.45439999999999,70288.0,85568.0,704377.0,1407217.0,0.0,100.0,0.0,31.66,31.665,50.0,18.335,2,BCQI(cost=2.0),[110],0.0,0.4759081770060332,0.4916526880021539,0.44834731199784605,0.4783473119978461,0.29999999999999993,0.0,False,True,False,False,beb970ff-345a-4655-af42-81d10b684766
5,low_traffic,10,92,discrete,resource_efficient,1,URLLC,1.4976,2028.0,1872.0,87.0,87.0,7.69,92.31,2.0,50.0,31.665,50.0,18.335,2,BCQI(cost=2.0),[110],0.0,0.4759081770060332,0.4916526880021539,0.44834731199784605,0.4783473119978461,0.29999999999999993,0.0,False,False,False,False,beb970ff-345a-4655-af42-81d10b684766
5,low_traffic,10,92,discrete,resource_efficient,2,MTC,0.8192,1536.0,1024.0,159.0,269.0,33.333333333333336,66.66666666666666,4.0,18.34,31.665,50.0,18.335,2,BCQI(cost=2.0),[110],0.0,0.4759081770060332,0.4916526880021539,0.44834731199784605,0.4783473119978461,0.29999999999999993,0.0,False,False,False,False,beb970ff-345a-4655-af42-81d10b684766
5,low_traffic,10,93,discrete,resource_efficient,0,eMBB,48.896,70288.0,61120.0,709367.0,1417197.0,13.045,86.955,6.0,51.66,51.66499999999999,20.0,28.335,1,PF(cost=2.0),[169],0.0,0.5989631277534277,0.6899977795905023,0.25000222040949754,0.2800022204094976,0.29999999999999993,0.0,False,True,False,False,beb970ff-345a-4655-af42-81d10b684766
5,low_traffic,10,93,discrete,resource_efficient,1,URLLC,1.6224,1872.0,2028.0,87.0,87.0,0.0,100.0,0.0,20.0,51.66499999999999,20.0,28.335,1,PF(cost=2.0),[169],0.0,0.5989631277534277,0.6899977795905023,0.25000222040949754,0.2800022204094976,0.29999999999999993,0.0,False,False,False,False,beb970ff-345a-4655-af42-81d10b684766
5,low_traffic,10,93,discrete,resource_efficient,2,MTC,0.8192,1536.0,1024.0,159.0,269.0,33.333333333333336,66.66666666666666,4.0,28.34,51.66499999999999,20.0,28.335,1,PF(cost=2.0),[169],0.0,0.5989631277534277,0.6899977795905023,0.25000222040949754,0.2800022204094976,0.29999999999999993,0.0,False,False,False,False,beb970ff-345a-4655-af42-81d10b684766
5,low_traffic,10,94,discrete,resource_efficient,0,eMBB,33.0048,70288.0,41256.0,720626.0,1439715.0,41.30499999999999,58.69500000000001,19.0,31.66,31.665,50.0,18.335,2,BCQI(cost=2.0),[110],0.0,0.30808094847802914,0.49123413161494534,0.44876586838505467,0.47876586838505464,0.29999999999999993,0.0,False,True,False,False,beb970ff-345a-4655-af42-81d10b684766
5,low_traffic,10,94,discrete,resource_efficient,1,URLLC,1.4976,2028.0,1872.0,87.0,87.0,7.69,92.31,2.0,50.0,31.665,50.0,18.335,2,BCQI(cost=2.0),[110],0.0,0.30808094847802914,0.49123413161494534,0.44876586838505467,0.47876586838505464,0.29999999999999993,0.0,False,False,False,False,beb970ff-345a-4655-af42-81d10b684766
5,low_traffic,10,94,discrete,resource_efficient,2,MTC,0.8192,1536.0,1024.0,137.0,137.0,33.333333333333336,66.66666666666666,4.0,18.34,31.665,50.0,18.335,2,BCQI(cost=2.0),[110],0.0,0.30808094847802914,0.49123413161494534,0.44876586838505467,0.47876586838505464,0.29999999999999993,0.0,False,False,False,False,beb970ff-345a-4655-af42-81d10b684766
5,low_traffic,10,95,discrete,resource_efficient,0,eMBB,26.8928,67232.0,33616.0,726493.0,1451449.0,50.0,50.0,22.0,51.66,51.66499999999999,20.0,28.335,1,PF(cost=2.0),[169],0.0,0.38333412258631266,0.6910938231800391,0.24890617681996086,0.2789061768199609,0.29999999999999993,0.0,False,True,False,False,beb970ff-345a-4655-af42-81d10b684766
5,low_traffic,10,95,discrete,resource_efficient,1,URLLC,1.3728,1872.0,1716.0,87.0,87.0,8.33,91.67,2.0,20.0,51.66499999999999,20.0,28.335,1,PF(cost=2.0),[169],0.0,0.38333412258631266,0.6910938231800391,0.24890617681996086,0.2789061768199609,0.29999999999999993,0.0,False,False,False,False,beb970ff-345a-4655-af42-81d10b684766
5,low_traffic,10,95,discrete,resource_efficient,2,MTC,0.8192,1536.0,1024.0,137.0,137.0,33.333333333333336,66.66666666666666,4.0,28.34,51.66499999999999,20.0,28.335,1,PF(cost=2.0),[169],0.0,0.38333412258631266,0.6910938231800391,0.24890617681996086,0.2789061768199609,0.29999999999999993,0.0,False,False,False,False,beb970ff-345a-4655-af42-81d10b684766
5,low_traffic,10,96,discrete,resource_efficient,0,eMBB,66.00959999999999,70288.0,82512.0,740059.0,1474047.0,0.0,100.0,0.0,31.66,31.665,30.000000000000004,38.334999999999994,2,BCQI(cost=2.0),[98],0.0,0.4747757243495205,0.4965165057286478,0.44348349427135203,0.47348349427135217,0.19999999999999996,0.0,False,True,False,False,beb970ff-345a-4655-af42-81d10b684766
5,low_traffic,10,96,discrete,resource_efficient,1,URLLC,1.6224,2028.0,2028.0,87.0,87.0,0.0,100.0,0.0,30.0,31.665,30.000000000000004,38.334999999999994,2,BCQI(cost=2.0),[98],0.0,0.4747757243495205,0.4965165057286478,0.44348349427135203,0.47348349427135217,0.19999999999999996,0.0,False,False,False,False,beb970ff-345a-4655-af42-81d10b684766
5,low_traffic,10,96,discrete,resource_efficient,2,MTC,0.8192,2304.0,1024.0,137.0,137.0,55.55333333333332,44.44666666666668,10.0,38.32999999999999,31.665,30.000000000000004,38.334999999999994,2,BCQI(cost=2.0),[98],0.0,0.4747757243495205,0.4965165057286478,0.44348349427135203,0.47348349427135217,0.19999999999999996,0.0,False,False,False,False,beb970ff-345a-4655-af42-81d10b684766
5,low_traffic,10,97,discrete,resource_efficient,0,eMBB,35.4496,70288.0,44312.0,747700.0,1487735.0,39.13,60.87,18.0,31.66,31.665,50.0,18.335,2,BCQI(cost=2.0),[110],0.0,0.32829336184983837,0.4896911704037984,0.45030882959620167,0.4803088295962016,0.19999999999999993,0.0,False,True,False,False,beb970ff-345a-4655-af42-81d10b684766
5,low_traffic,10,97,discrete,resource_efficient,1,URLLC,1.6224,1872.0,2028.0,251.0,251.0,0.0,100.0,0.0,50.0,31.665,50.0,18.335,2,BCQI(cost=2.0),[110],0.0,0.32829336184983837,0.4896911704037984,0.45030882959620167,0.4803088295962016,0.19999999999999993,0.0,False,False,False,False,beb970ff-345a-4655-af42-81d10b684766
5,low_traffic,10,97,discrete,resource_efficient,2,MTC,0.8192,1536.0,1024.0,137.0,137.0,33.333333333333336,66.66666666666666,4.0,18.34,31.665,50.0,18.335,2,BCQI(cost=2.0),[110],0.0,0.32829336184983837,0.4896911704037984,0.45030882959620167,0.4803088295962016,0.19999999999999993,0.0,False,False,False,False,beb970ff-345a-4655-af42-81d10b684766
5,low_traffic,10,98,discrete,resource_efficient,0,eMBB,51.3408,70288.0,64176.0,746577.5,1491618.0,10.87,89.13,5.0,61.67,61.665000000000006,25.0,13.334999999999999,1,PF(cost=2.0),[193],0.0,0.7139401324226968,0.7896731741454865,0.15032682585451343,0.18032682585451346,0.30000000000000004,0.0,False,True,False,False,beb970ff-345a-4655-af42-81d10b684766
5,low_traffic,10,98,discrete,resource_efficient,1,URLLC,1.6224,2028.0,2028.0,87.0,87.0,0.0,100.0,0.0,25.0,61.665000000000006,25.0,13.334999999999999,1,PF(cost=2.0),[193],0.0,0.7139401324226968,0.7896731741454865,0.15032682585451343,0.18032682585451346,0.30000000000000004,0.0,False,False,False,False,beb970ff-345a-4655-af42-81d10b684766
5,low_traffic,10,98,discrete,resource_efficient,2,MTC,0.8192,1536.0,1024.0,117.66666666666667,137.0,33.333333333333336,66.66666666666666,4.0,13.33,61.665000000000006,25.0,13.334999999999999,1,PF(cost=2.0),[193],0.0,0.7139401324226968,0.7896731741454865,0.15032682585451343,0.18032682585451346,0.30000000000000004,0.0,False,False,False,False,beb970ff-345a-4655-af42-81d10b684766
5,low_traffic,10,99,discrete,resource_efficient,0,eMBB,42.784,70288.0,53480.0,747665.0,1493793.0,23.915,76.08500000000001,11.0,61.67,61.665000000000006,25.0,13.334999999999999,1,PF(cost=2.0),[193],0.0,0.6144604842047875,0.7895558771663905,0.15044412283360953,0.18044412283360947,0.0,0.0,False,True,False,False,beb970ff-345a-4655-af42-81d10b684766
5,low_traffic,10,99,discrete,resource_efficient,1,URLLC,1.6224,1872.0,2028.0,87.0,87.0,0.0,100.0,0.0,25.0,61.665000000000006,25.0,13.334999999999999,1,PF(cost=2.0),[193],0.0,0.6144604842047875,0.7895558771663905,0.15044412283360953,0.18044412283360947,0.0,0.0,False,False,False,False,beb970ff-345a-4655-af42-81d10b684766
5,low_traffic,10,99,discrete,resource_efficient,2,MTC,0.8192,1536.0,1024.0,117.66666666666667,137.0,33.333333333333336,66.66666666666666,4.0,13.33,61.665000000000006,25.0,13.334999999999999,1,PF(cost=2.0),[193],0.0,0.6144604842047875,0.7895558771663905,0.15044412283360953,0.18044412283360947,0.0,0.0,False,False,False,False,beb970ff-345a-4655-af42-81d10b684766
5,low_traffic,10,100,discrete,resource_efficient,0,eMBB,64.7872,70288.0,80984.0,757926.5,1514316.0,0.0,100.0,0.0,61.67,61.665000000000006,25.0,13.334999999999999,1,PF(cost=2.0),[193],0.0,0.7658105235569537,0.7910063873300501,0.14899361266994984,0.17899361266994976,0.0,0.0,False,True,False,True,beb970ff-345a-4655-af42-81d10b684766
5,low_traffic,10,100,discrete,resource_efficient,1,URLLC,1.4976,2028.0,1872.0,87.0,87.0,7.69,92.31,2.0,25.0,61.665000000000006,25.0,13.334999999999999,1,PF(cost=2.0),[193],0.0,0.7658105235569537,0.7910063873300501,0.14899361266994984,0.17899361266994976,0.0,0.0,False,False,False,True,beb970ff-345a-4655-af42-81d10b684766
5,low_traffic,10,100,discrete,resource_efficient,2,MTC,0.8192,1536.0,1024.0,117.66666666666667,137.0,33.333333333333336,66.66666666666666,4.0,13.33,61.665000000000006,25.0,13.334999999999999,1,PF(cost=2.0),[193],0.0,0.7658105235569537,0.7910063873300501,0.14899361266994984,0.17899361266994976,0.0,0.0,False,False,False,True,beb970ff-345a-4655-af42-81d10b684766
