callId,timeMs,scenario,slot,bwpId,beamId,sliceId,rnti,bufQueueSize,dlTbSizeBefore,hasDemand,demandPassed,rbgAllocated,uniqueRbgs,tbSizeBytes,mcs,rank,numRbPerRbg,reason
1,503,normal,0,0,65535_65535,0,1,3069,0,0,1,0,0,0,15,1,1,pre_allocation
1,503,normal,0,0,65535_65535,0,1,3069,35,1,1,1,1,35,15,1,1,allocated
1,503,normal,0,0,65535_65535,0,2,3069,0,0,1,0,0,0,15,1,1,pre_allocation
1,503,normal,0,0,65535_65535,0,2,3069,35,1,1,1,1,35,15,1,1,allocated
1,503,normal,0,0,65535_65535,0,3,3069,0,0,1,0,0,0,15,1,1,pre_allocation
1,503,normal,0,0,65535_65535,0,3,3069,35,1,1,1,1,35,15,1,1,allocated
1,503,normal,0,0,65535_65535,0,4,3069,0,0,1,0,0,0,15,1,1,pre_allocation
1,503,normal,0,0,65535_65535,0,4,3069,35,1,1,1,1,35,15,1,1,allocated
1,503,normal,0,0,65535_65535,0,5,3069,0,0,1,0,0,0,15,1,1,pre_allocation
1,503,normal,0,0,65535_65535,0,5,3069,35,1,1,1,1,35,15,1,1,allocated
1,503,normal,0,0,65535_65535,0,1,3069,35,0,1,0,1,0,15,1,1,pre_allocation
1,503,normal,0,0,65535_65535,0,1,3069,74,1,1,1,2,74,15,1,1,allocated
1,503,normal,0,0,65535_65535,0,2,3069,35,0,1,0,1,0,15,1,1,pre_allocation
1,503,normal,0,0,65535_65535,0,2,3069,74,1,1,1,2,74,15,1,1,allocated
1,503,normal,0,0,65535_65535,0,3,3069,35,0,1,0,1,0,15,1,1,pre_allocation
1,503,normal,0,0,65535_65535,0,3,3069,74,1,1,1,2,74,15,1,1,allocated
1,503,normal,0,0,65535_65535,0,4,3069,35,0,1,0,1,0,15,1,1,pre_allocation
1,503,normal,0,0,65535_65535,0,4,3069,74,1,1,1,2,74,15,1,1,allocated
1,503,normal,0,0,65535_65535,0,5,3069,35,0,1,0,1,0,15,1,1,pre_allocation
1,503,normal,0,0,65535_65535,0,5,3069,74,1,1,1,2,74,15,1,1,allocated
1,503,normal,0,0,65535_65535,0,1,3069,74,0,1,0,2,0,15,1,1,pre_allocation
1,503,normal,0,0,65535_65535,0,1,3069,112,1,1,1,3,112,15,1,1,allocated
1,503,normal,0,0,65535_65535,0,2,3069,74,0,1,0,2,0,15,1,1,pre_allocation
1,503,normal,0,0,65535_65535,0,2,3069,112,1,1,1,3,112,15,1,1,allocated
1,503,normal,0,0,65535_65535,0,3,3069,74,0,1,0,2,0,15,1,1,pre_allocation
1,503,normal,0,0,65535_65535,0,3,3069,112,1,1,1,3,112,15,1,1,allocated
1,503,normal,0,0,65535_65535,0,4,3069,74,0,1,0,2,0,15,1,1,pre_allocation
1,503,normal,0,0,65535_65535,0,4,3069,112,1,1,1,3,112,15,1,1,allocated
1,503,normal,0,0,65535_65535,0,5,3069,74,0,1,0,2,0,15,1,1,pre_allocation
1,503,normal,0,0,65535_65535,0,5,3069,112,1,1,1,3,112,15,1,1,allocated
1,503,normal,0,0,65535_65535,0,1,3069,112,0,1,0,3,0,15,1,1,pre_allocation
1,503,normal,0,0,65535_65535,0,1,3069,151,1,1,1,4,151,15,1,1,allocated
1,503,normal,0,0,65535_65535,0,2,3069,112,0,1,0,3,0,15,1,1,pre_allocation
1,503,normal,0,0,65535_65535,0,2,3069,151,1,1,1,4,151,15,1,1,allocated
1,503,normal,0,0,65535_65535,0,3,3069,112,0,1,0,3,0,15,1,1,pre_allocation
1,503,normal,0,0,65535_65535,0,3,3069,151,1,1,1,4,151,15,1,1,allocated
1,503,normal,0,0,65535_65535,0,4,3069,112,0,1,0,3,0,15,1,1,pre_allocation
1,503,normal,0,0,65535_65535,0,4,3069,151,1,1,1,4,151,15,1,1,allocated
1,503,normal,0,0,65535_65535,0,5,3069,112,0,1,0,3,0,15,1,1,pre_allocation
1,503,normal,0,0,65535_65535,0,5,3069,151,1,1,1,4,151,15,1,1,allocated
1,503,normal,0,0,65535_65535,0,1,3069,151,0,1,0,4,0,15,1,1,pre_allocation
1,503,normal,0,0,65535_65535,0,1,3069,190,1,1,1,5,190,15,1,1,allocated
1,503,normal,0,0,65535_65535,0,2,3069,151,0,1,0,4,0,15,1,1,pre_allocation
1,503,normal,0,0,65535_65535,0,2,3069,190,1,1,1,5,190,15,1,1,allocated
1,503,normal,0,0,65535_65535,0,3,3069,151,0,1,0,4,0,15,1,1,pre_allocation
1,503,normal,0,0,65535_65535,0,3,3069,190,1,1,1,5,190,15,1,1,allocated
1,503,normal,0,0,65535_65535,0,4,3069,151,0,1,0,4,0,15,1,1,pre_allocation
1,503,normal,0,0,65535_65535,0,4,3069,190,1,1,1,5,190,15,1,1,allocated
1,503,normal,0,0,65535_65535,0,5,3069,151,0,1,0,4,0,15,1,1,pre_allocation
1,503,normal,0,0,65535_65535,0,5,3069,190,1,1,1,5,190,15,1,1,allocated
1,503,normal,0,0,65535_65535,0,1,3069,190,0,1,0,5,0,15,1,1,pre_allocation
1,503,normal,0,0,65535_65535,0,1,3069,228,1,1,1,6,228,15,1,1,allocated
1,503,normal,0,0,65535_65535,0,2,3069,190,0,1,0,5,0,15,1,1,pre_allocation
1,503,normal,0,0,65535_65535,0,2,3069,228,1,1,1,6,228,15,1,1,allocated
1,503,normal,0,0,65535_65535,0,3,3069,190,0,1,0,5,0,15,1,1,pre_allocation
1,503,normal,0,0,65535_65535,0,3,3069,228,1,1,1,6,228,15,1,1,allocated
1,503,normal,0,0,65535_65535,0,4,3069,190,0,1,0,5,0,15,1,1,pre_allocation
1,503,normal,0,0,65535_65535,0,4,3069,228,1,1,1,6,228,15,1,1,allocated
1,503,normal,0,0,65535_65535,0,5,3069,190,0,1,0,5,0,15,1,1,pre_allocation
1,503,normal,0,0,65535_65535,0,5,3069,228,1,1,1,6,228,15,1,1,allocated
1,503,normal,0,0,65535_65535,0,1,3069,228,0,1,0,6,0,15,1,1,pre_allocation
1,503,normal,0,0,65535_65535,0,1,3069,267,1,1,1,7,267,15,1,1,allocated
1,503,normal,0,0,65535_65535,0,2,3069,228,0,1,0,6,0,15,1,1,pre_allocation
1,503,normal,0,0,65535_65535,0,2,3069,267,1,1,1,7,267,15,1,1,allocated
1,503,normal,0,0,65535_65535,0,3,3069,228,0,1,0,6,0,15,1,1,pre_allocation
1,503,normal,0,0,65535_65535,0,3,3069,267,1,1,1,7,267,15,1,1,allocated
1,503,normal,0,0,65535_65535,0,4,3069,228,0,1,0,6,0,15,1,1,pre_allocation
1,503,normal,0,0,65535_65535,0,4,3069,267,1,1,1,7,267,15,1,1,allocated
1,503,normal,0,0,65535_65535,0,5,3069,228,0,1,0,6,0,15,1,1,pre_allocation
1,503,normal,0,0,65535_65535,0,5,3069,267,1,1,1,7,267,15,1,1,allocated
1,503,normal,0,0,65535_65535,0,1,3069,267,0,1,0,7,0,15,1,1,pre_allocation
1,503,normal,0,0,65535_65535,0,1,3069,305,1,1,1,8,305,15,1,1,allocated
1,503,normal,0,0,65535_65535,0,2,3069,267,0,1,0,7,0,15,1,1,pre_allocation
1,503,normal,0,0,65535_65535,0,2,3069,305,1,1,1,8,305,15,1,1,allocated
1,503,normal,0,0,65535_65535,0,3,3069,267,0,1,0,7,0,15,1,1,pre_allocation
1,503,normal,0,0,65535_65535,0,3,3069,305,1,1,1,8,305,15,1,1,allocated
1,503,normal,0,0,65535_65535,0,4,3069,267,0,1,0,7,0,15,1,1,pre_allocation
1,503,normal,0,0,65535_65535,0,4,3069,305,1,1,1,8,305,15,1,1,allocated
1,503,normal,0,0,65535_65535,0,5,3069,267,0,1,0,7,0,15,1,1,pre_allocation
1,503,normal,0,0,65535_65535,0,5,3069,305,1,1,1,8,305,15,1,1,allocated
1,503,normal,0,0,65535_65535,0,1,3069,305,0,1,0,8,0,15,1,1,pre_allocation
1,503,normal,0,0,65535_65535,0,1,3069,344,1,1,1,9,344,15,1,1,allocated
1,503,normal,0,0,65535_65535,0,2,3069,305,0,1,0,8,0,15,1,1,pre_allocation
1,503,normal,0,0,65535_65535,0,2,3069,344,1,1,1,9,344,15,1,1,allocated
1,503,normal,0,0,65535_65535,0,3,3069,305,0,1,0,8,0,15,1,1,pre_allocation
1,503,normal,0,0,65535_65535,0,3,3069,344,1,1,1,9,344,15,1,1,allocated
1,503,normal,0,0,65535_65535,0,4,3069,305,0,1,0,8,0,15,1,1,pre_allocation
1,503,normal,0,0,65535_65535,0,4,3069,344,1,1,1,9,344,15,1,1,allocated
1,503,normal,0,0,65535_65535,0,5,3069,305,0,1,0,8,0,15,1,1,pre_allocation
1,503,normal,0,0,65535_65535,0,5,3069,344,1,1,1,9,344,15,1,1,allocated
1,503,normal,0,0,65535_65535,0,1,3069,344,0,1,0,9,0,15,1,1,pre_allocation
1,503,normal,0,0,65535_65535,0,1,3069,383,1,1,1,10,383,15,1,1,allocated
1,503,normal,0,0,65535_65535,0,2,3069,344,0,1,0,9,0,15,1,1,pre_allocation
1,503,normal,0,0,65535_65535,0,2,3069,383,1,1,1,10,383,15,1,1,allocated
1,503,normal,0,0,65535_65535,0,3,3069,344,0,1,0,9,0,15,1,1,pre_allocation
1,503,normal,0,0,65535_65535,0,3,3069,383,1,1,1,10,383,15,1,1,allocated
1,503,normal,0,0,65535_65535,0,4,3069,344,0,1,0,9,0,15,1,1,pre_allocation
1,503,normal,0,0,65535_65535,0,4,3069,383,1,1,1,10,383,15,1,1,allocated
1,503,normal,0,0,65535_65535,0,5,3069,344,0,1,0,9,0,15,1,1,pre_allocation
1,503,normal,0,0,65535_65535,0,5,3069,383,1,1,1,10,383,15,1,1,allocated
1,503,normal,0,0,65535_65535,0,1,3069,383,0,1,0,10,0,15,1,1,pre_allocation
1,503,normal,0,0,65535_65535,0,1,3069,421,1,1,1,11,421,15,1,1,allocated
1,503,normal,0,0,65535_65535,0,2,3069,383,0,1,0,10,0,15,1,1,pre_allocation
1,503,normal,0,0,65535_65535,0,2,3069,421,1,1,1,11,421,15,1,1,allocated
1,503,normal,0,0,65535_65535,0,3,3069,383,0,1,0,10,0,15,1,1,pre_allocation
1,503,normal,0,0,65535_65535,0,3,3069,421,1,1,1,11,421,15,1,1,allocated
1,503,normal,0,0,65535_65535,0,4,3069,383,0,1,0,10,0,15,1,1,pre_allocation
1,503,normal,0,0,65535_65535,0,4,3069,421,1,1,1,11,421,15,1,1,allocated
1,503,normal,0,0,65535_65535,0,5,3069,383,0,1,0,10,0,15,1,1,pre_allocation
1,503,normal,0,0,65535_65535,0,5,3069,421,1,1,1,11,421,15,1,1,allocated
1,503,normal,0,0,65535_65535,0,1,3069,421,0,1,0,11,0,15,1,1,pre_allocation
1,503,normal,0,0,65535_65535,0,1,3069,460,1,1,1,12,460,15,1,1,allocated
1,503,normal,0,0,65535_65535,0,2,3069,421,0,1,0,11,0,15,1,1,pre_allocation
1,503,normal,0,0,65535_65535,0,2,3069,460,1,1,1,12,460,15,1,1,allocated
1,503,normal,0,0,65535_65535,0,3,3069,421,0,1,0,11,0,15,1,1,pre_allocation
1,503,normal,0,0,65535_65535,0,3,3069,460,1,1,1,12,460,15,1,1,allocated
1,503,normal,0,0,65535_65535,0,4,3069,421,0,1,0,11,0,15,1,1,pre_allocation
1,503,normal,0,0,65535_65535,0,4,3069,460,1,1,1,12,460,15,1,1,allocated
1,503,normal,0,0,65535_65535,0,5,3069,421,0,1,0,11,0,15,1,1,pre_allocation
1,503,normal,0,0,65535_65535,0,5,3069,460,1,1,1,12,460,15,1,1,allocated
1,503,normal,0,0,65535_65535,0,1,3069,460,0,1,0,12,0,15,1,1,pre_allocation
1,503,normal,0,0,65535_65535,0,1,3069,498,1,1,1,13,498,15,1,1,allocated
1,503,normal,0,0,65535_65535,0,2,3069,460,0,1,0,12,0,15,1,1,pre_allocation
1,503,normal,0,0,65535_65535,0,2,3069,498,1,1,1,13,498,15,1,1,allocated
1,503,normal,0,0,65535_65535,0,3,3069,460,0,1,0,12,0,15,1,1,pre_allocation
1,503,normal,0,0,65535_65535,0,3,3069,498,1,1,1,13,498,15,1,1,allocated
1,503,normal,0,0,65535_65535,0,4,3069,460,0,1,0,12,0,15,1,1,pre_allocation
1,503,normal,0,0,65535_65535,0,4,3069,498,1,1,1,13,498,15,1,1,allocated
1,503,normal,0,0,65535_65535,0,5,3069,460,0,1,0,12,0,15,1,1,pre_allocation
1,503,normal,0,0,65535_65535,0,5,3069,498,1,1,1,13,498,15,1,1,allocated
1,503,normal,0,0,65535_65535,0,1,3069,498,0,1,0,13,0,15,1,1,pre_allocation
1,503,normal,0,0,65535_65535,0,1,3069,537,1,1,1,14,537,15,1,1,allocated
1,503,normal,0,0,65535_65535,0,2,3069,498,0,1,0,13,0,15,1,1,pre_allocation
1,503,normal,0,0,65535_65535,0,2,3069,537,1,1,1,14,537,15,1,1,allocated
1,503,normal,0,0,65535_65535,0,3,3069,498,0,1,0,13,0,15,1,1,pre_allocation
1,503,normal,0,0,65535_65535,0,3,3069,537,1,1,1,14,537,15,1,1,allocated
1,503,normal,0,0,65535_65535,0,4,3069,498,0,1,0,13,0,15,1,1,pre_allocation
1,503,normal,0,0,65535_65535,0,4,3069,537,1,1,1,14,537,15,1,1,allocated
1,503,normal,0,0,65535_65535,0,5,3069,498,0,1,0,13,0,15,1,1,pre_allocation
1,503,normal,0,0,65535_65535,0,5,3069,537,1,1,1,14,537,15,1,1,allocated
1,503,normal,0,0,65535_65535,0,1,3069,537,0,1,0,14,0,15,1,1,pre_allocation
1,503,normal,0,0,65535_65535,0,1,3069,576,1,1,1,15,576,15,1,1,allocated
1,503,normal,0,0,65535_65535,0,2,3069,537,0,1,0,14,0,15,1,1,pre_allocation
1,503,normal,0,0,65535_65535,0,2,3069,576,1,1,1,15,576,15,1,1,allocated
1,503,normal,0,0,65535_65535,0,3,3069,537,0,1,0,14,0,15,1,1,pre_allocation
1,503,normal,0,0,65535_65535,0,3,3069,576,1,1,1,15,576,15,1,1,allocated
1,503,normal,0,0,65535_65535,0,4,3069,537,0,1,0,14,0,15,1,1,pre_allocation
1,503,normal,0,0,65535_65535,0,4,3069,576,1,1,1,15,576,15,1,1,allocated
1,503,normal,0,0,65535_65535,0,5,3069,537,0,1,0,14,0,15,1,1,pre_allocation
1,503,normal,0,0,65535_65535,0,5,3069,576,1,1,1,15,576,15,1,1,allocated
1,503,normal,0,0,65535_65535,0,1,3069,576,0,1,0,15,0,15,1,1,pre_allocation
1,503,normal,0,0,65535_65535,0,1,3069,614,1,1,1,16,614,15,1,1,allocated
1,503,normal,0,0,65535_65535,0,2,3069,576,0,1,0,15,0,15,1,1,pre_allocation
1,503,normal,0,0,65535_65535,0,2,3069,614,1,1,1,16,614,15,1,1,allocated
1,503,normal,0,0,65535_65535,0,3,3069,576,0,1,0,15,0,15,1,1,pre_allocation
1,503,normal,0,0,65535_65535,0,3,3069,614,1,1,1,16,614,15,1,1,allocated
1,503,normal,0,0,65535_65535,0,4,3069,576,0,1,0,15,0,15,1,1,pre_allocation
1,503,normal,0,0,65535_65535,0,4,3069,614,1,1,1,16,614,15,1,1,allocated
1,503,normal,0,0,65535_65535,0,5,3069,576,0,1,0,15,0,15,1,1,pre_allocation
1,503,normal,0,0,65535_65535,0,5,3069,614,1,1,1,16,614,15,1,1,allocated
1,503,normal,0,0,65535_65535,0,1,3069,614,0,1,0,16,0,15,1,1,pre_allocation
1,503,normal,0,0,65535_65535,0,1,3069,653,1,1,1,17,653,15,1,1,allocated
1,503,normal,0,0,65535_65535,0,2,3069,614,0,1,0,16,0,15,1,1,pre_allocation
1,503,normal,0,0,65535_65535,0,2,3069,653,1,1,1,17,653,15,1,1,allocated
1,503,normal,0,0,65535_65535,0,3,3069,614,0,1,0,16,0,15,1,1,pre_allocation
1,503,normal,0,0,65535_65535,0,3,3069,653,1,1,1,17,653,15,1,1,allocated
1,503,normal,0,0,65535_65535,0,4,3069,614,0,1,0,16,0,15,1,1,pre_allocation
1,503,normal,0,0,65535_65535,0,4,3069,653,1,1,1,17,653,15,1,1,allocated
1,503,normal,0,0,65535_65535,0,5,3069,614,0,1,0,16,0,15,1,1,pre_allocation
1,503,normal,0,0,65535_65535,0,5,3069,653,1,1,1,17,653,15,1,1,allocated
1,503,normal,0,0,65535_65535,0,1,3069,653,0,1,0,17,0,15,1,1,pre_allocation
1,503,normal,0,0,65535_65535,0,1,3069,691,1,1,1,18,691,15,1,1,allocated
1,503,normal,0,0,65535_65535,0,2,3069,653,0,1,0,17,0,15,1,1,pre_allocation
1,503,normal,0,0,65535_65535,0,2,3069,691,1,1,1,18,691,15,1,1,allocated
1,503,normal,0,0,65535_65535,0,3,3069,653,0,1,0,17,0,15,1,1,pre_allocation
1,503,normal,0,0,65535_65535,0,3,3069,691,1,1,1,18,691,15,1,1,allocated
1,503,normal,0,0,65535_65535,0,4,3069,653,0,1,0,17,0,15,1,1,pre_allocation
1,503,normal,0,0,65535_65535,0,4,3069,691,1,1,1,18,691,15,1,1,allocated
1,503,normal,0,0,65535_65535,0,5,3069,653,0,1,0,17,0,15,1,1,pre_allocation
1,503,normal,0,0,65535_65535,0,5,3069,691,1,1,1,18,691,15,1,1,allocated
1,503,normal,0,0,65535_65535,0,1,3069,691,0,1,0,18,0,15,1,1,pre_allocation
1,503,normal,0,0,65535_65535,0,1,3069,730,1,1,1,19,730,15,1,1,allocated
1,503,normal,0,0,65535_65535,0,2,3069,691,0,1,0,18,0,15,1,1,pre_allocation
1,503,normal,0,0,65535_65535,0,2,3069,730,1,1,1,19,730,15,1,1,allocated
1,503,normal,0,0,65535_65535,0,3,3069,691,0,1,0,18,0,15,1,1,pre_allocation
1,503,normal,0,0,65535_65535,0,3,3069,730,1,1,1,19,730,15,1,1,allocated
1,503,normal,0,0,65535_65535,0,4,3069,691,0,1,0,18,0,15,1,1,pre_allocation
1,503,normal,0,0,65535_65535,0,4,3069,730,1,1,1,19,730,15,1,1,allocated
1,503,normal,0,0,65535_65535,0,5,3069,691,0,1,0,18,0,15,1,1,pre_allocation
1,503,normal,0,0,65535_65535,0,5,3069,730,1,1,1,19,730,15,1,1,allocated
1,503,normal,0,0,65535_65535,0,1,3069,730,0,1,0,19,0,15,1,1,pre_allocation
1,503,normal,0,0,65535_65535,0,1,3069,769,1,1,1,20,769,15,1,1,allocated
1,503,normal,0,0,65535_65535,0,2,3069,730,0,1,0,19,0,15,1,1,pre_allocation
1,503,normal,0,0,65535_65535,0,2,3069,769,1,1,1,20,769,15,1,1,allocated
1,503,normal,0,0,65535_65535,0,3,3069,730,0,1,0,19,0,15,1,1,pre_allocation
1,503,normal,0,0,65535_65535,0,3,3069,769,1,1,1,20,769,15,1,1,allocated
1,503,normal,0,0,65535_65535,0,4,3069,730,0,1,0,19,0,15,1,1,pre_allocation
1,503,normal,0,0,65535_65535,0,4,3069,769,1,1,1,20,769,15,1,1,allocated
1,503,normal,0,0,65535_65535,0,5,3069,730,0,1,0,19,0,15,1,1,pre_allocation
1,503,normal,0,0,65535_65535,0,5,3069,769,1,1,1,20,769,15,1,1,allocated
1,503,normal,0,0,65535_65535,0,1,3069,769,0,1,0,20,0,15,1,1,pre_allocation
1,503,normal,0,0,65535_65535,0,1,3069,807,1,1,1,21,807,15,1,1,allocated
1,503,normal,0,0,65535_65535,0,2,3069,769,0,1,0,20,0,15,1,1,pre_allocation
1,503,normal,0,0,65535_65535,0,2,3069,807,1,1,1,21,807,15,1,1,allocated
1,503,normal,0,0,65535_65535,0,3,3069,769,0,1,0,20,0,15,1,1,pre_allocation
1,503,normal,0,0,65535_65535,0,3,3069,807,1,1,1,21,807,15,1,1,allocated
1,503,normal,0,0,65535_65535,0,4,3069,769,0,1,0,20,0,15,1,1,pre_allocation
1,503,normal,0,0,65535_65535,0,4,3069,807,1,1,1,21,807,15,1,1,allocated
1,503,normal,0,0,65535_65535,0,5,3069,769,0,1,0,20,0,15,1,1,pre_allocation
1,503,normal,0,0,65535_65535,0,5,3069,807,1,1,1,21,807,15,1,1,allocated
1,503,normal,0,0,65535_65535,0,1,3069,807,0,1,0,21,0,15,1,1,pre_allocation
1,503,normal,0,0,65535_65535,0,1,3069,846,1,1,1,22,846,15,1,1,allocated
1,503,normal,0,0,65535_65535,0,2,3069,807,0,1,0,21,0,15,1,1,pre_allocation
1,503,normal,0,0,65535_65535,0,2,3069,846,1,1,1,22,846,15,1,1,allocated
1,503,normal,0,0,65535_65535,0,3,3069,807,0,1,0,21,0,15,1,1,pre_allocation
1,503,normal,0,0,65535_65535,0,3,3069,846,1,1,1,22,846,15,1,1,allocated
1,503,normal,0,0,65535_65535,0,4,3069,807,0,1,0,21,0,15,1,1,pre_allocation
1,503,normal,0,0,65535_65535,0,4,3069,846,1,1,1,22,846,15,1,1,allocated
1,503,normal,0,0,65535_65535,0,5,3069,807,0,1,0,21,0,15,1,1,pre_allocation
1,503,normal,0,0,65535_65535,0,5,3069,846,1,1,1,22,846,15,1,1,allocated
1,503,normal,0,0,65535_65535,0,1,3069,846,0,1,0,22,0,15,1,1,pre_allocation
1,503,normal,0,0,65535_65535,0,1,3069,885,1,1,1,23,885,15,1,1,allocated
1,503,normal,0,0,65535_65535,0,2,3069,846,0,1,0,22,0,15,1,1,pre_allocation
1,503,normal,0,0,65535_65535,0,2,3069,885,1,1,1,23,885,15,1,1,allocated
1,503,normal,0,0,65535_65535,0,3,3069,846,0,1,0,22,0,15,1,1,pre_allocation
1,503,normal,0,0,65535_65535,0,3,3069,885,1,1,1,23,885,15,1,1,allocated
1,503,normal,0,0,65535_65535,0,4,3069,846,0,1,0,22,0,15,1,1,pre_allocation
1,503,normal,0,0,65535_65535,0,4,3069,885,1,1,1,23,885,15,1,1,allocated
1,503,normal,0,0,65535_65535,0,5,3069,846,0,1,0,22,0,15,1,1,pre_allocation
1,503,normal,0,0,65535_65535,0,5,3069,885,1,1,1,23,885,15,1,1,allocated
1,503,normal,0,0,65535_65535,0,1,3069,885,0,1,0,23,0,15,1,1,pre_allocation
1,503,normal,0,0,65535_65535,0,1,3069,923,1,1,1,24,923,15,1,1,allocated
1,503,normal,0,0,65535_65535,0,2,3069,885,0,1,0,23,0,15,1,1,pre_allocation
1,503,normal,0,0,65535_65535,0,2,3069,923,1,1,1,24,923,15,1,1,allocated
1,503,normal,0,0,65535_65535,0,3,3069,885,0,1,0,23,0,15,1,1,pre_allocation
1,503,normal,0,0,65535_65535,0,3,3069,923,1,1,1,24,923,15,1,1,allocated
1,503,normal,0,0,65535_65535,0,4,3069,885,0,1,0,23,0,15,1,1,pre_allocation
1,503,normal,0,0,65535_65535,0,4,3069,923,1,1,1,24,923,15,1,1,allocated
1,503,normal,0,0,65535_65535,0,5,3069,885,0,1,0,23,0,15,1,1,pre_allocation
1,503,normal,0,0,65535_65535,0,5,3069,923,1,1,1,24,923,15,1,1,allocated
1,503,normal,0,0,65535_65535,0,1,3069,923,0,1,0,24,0,15,1,1,pre_allocation
1,503,normal,0,0,65535_65535,0,1,3069,962,1,1,1,25,962,15,1,1,allocated
1,503,normal,0,0,65535_65535,0,2,3069,923,0,1,0,24,0,15,1,1,pre_allocation
1,503,normal,0,0,65535_65535,0,2,3069,962,1,1,1,25,962,15,1,1,allocated
1,503,normal,0,0,65535_65535,0,3,3069,923,0,1,0,24,0,15,1,1,pre_allocation
1,503,normal,0,0,65535_65535,0,3,3069,962,1,1,1,25,962,15,1,1,allocated
1,503,normal,0,0,65535_65535,0,4,3069,923,0,1,0,24,0,15,1,1,pre_allocation
1,503,normal,0,0,65535_65535,0,4,3069,962,1,1,1,25,962,15,1,1,allocated
1,503,normal,0,0,65535_65535,0,5,3069,923,0,1,0,24,0,15,1,1,pre_allocation
1,503,normal,0,0,65535_65535,0,5,3069,962,1,1,1,25,962,15,1,1,allocated
1,503,normal,0,0,65535_65535,0,1,3069,962,0,1,0,25,0,15,1,1,pre_allocation
1,503,normal,0,0,65535_65535,0,1,3069,1000,1,1,1,26,1000,15,1,1,allocated
1,503,normal,0,0,65535_65535,0,2,3069,962,0,1,0,25,0,15,1,1,pre_allocation
1,503,normal,0,0,65535_65535,0,2,3069,1000,1,1,1,26,1000,15,1,1,allocated
1,503,normal,0,0,65535_65535,0,3,3069,962,0,1,0,25,0,15,1,1,pre_allocation
1,503,normal,0,0,65535_65535,0,3,3069,1000,1,1,1,26,1000,15,1,1,allocated
1,503,normal,0,0,65535_65535,0,4,3069,962,0,1,0,25,0,15,1,1,pre_allocation
1,503,normal,0,0,65535_65535,0,4,3069,1000,1,1,1,26,1000,15,1,1,allocated
1,503,normal,0,0,65535_65535,0,5,3069,962,0,1,0,25,0,15,1,1,pre_allocation
1,503,normal,0,0,65535_65535,0,5,3069,1000,1,1,1,26,1000,15,1,1,allocated
1,503,normal,0,0,65535_65535,0,1,3069,1000,0,1,0,26,0,15,1,1,pre_allocation
1,503,normal,0,0,65535_65535,0,1,3069,1039,1,1,1,27,1039,15,1,1,allocated
1,503,normal,0,0,65535_65535,0,2,3069,1000,0,1,0,26,0,15,1,1,pre_allocation
1,503,normal,0,0,65535_65535,0,2,3069,1039,1,1,1,27,1039,15,1,1,allocated
1,503,normal,0,0,65535_65535,0,3,3069,1000,0,1,0,26,0,15,1,1,pre_allocation
1,503,normal,0,0,65535_65535,0,3,3069,1039,1,1,1,27,1039,15,1,1,allocated
1,503,normal,0,0,65535_65535,0,4,3069,1000,0,1,0,26,0,15,1,1,pre_allocation
1,503,normal,0,0,65535_65535,0,4,3069,1039,1,1,1,27,1039,15,1,1,allocated
1,503,normal,0,0,65535_65535,0,5,3069,1000,0,1,0,26,0,15,1,1,pre_allocation
1,503,normal,0,0,65535_65535,0,5,3069,1039,1,1,1,27,1039,15,1,1,allocated
1,503,normal,0,0,65535_65535,0,1,3069,1039,0,1,0,27,0,15,1,1,pre_allocation
1,503,normal,0,0,65535_65535,0,1,3069,1078,1,1,1,28,1078,15,1,1,allocated
1,503,normal,0,0,65535_65535,0,2,3069,1039,0,1,0,27,0,15,1,1,pre_allocation
1,503,normal,0,0,65535_65535,0,2,3069,1078,1,1,1,28,1078,15,1,1,allocated
1,503,normal,0,0,65535_65535,0,3,3069,1039,0,1,0,27,0,15,1,1,pre_allocation
1,503,normal,0,0,65535_65535,0,3,3069,1078,1,1,1,28,1078,15,1,1,allocated
1,503,normal,0,0,65535_65535,0,4,3069,1039,0,1,0,27,0,15,1,1,pre_allocation
1,503,normal,0,0,65535_65535,0,4,3069,1078,1,1,1,28,1078,15,1,1,allocated
1,503,normal,0,0,65535_65535,0,5,3069,1039,0,1,0,27,0,15,1,1,pre_allocation
1,503,normal,0,0,65535_65535,0,5,3069,1078,1,1,1,28,1078,15,1,1,allocated
1,503,normal,0,0,65535_65535,0,1,3069,1078,0,1,0,28,0,15,1,1,pre_allocation
1,503,normal,0,0,65535_65535,0,1,3069,1116,1,1,1,29,1116,15,1,1,allocated
1,503,normal,0,0,65535_65535,0,2,3069,1078,0,1,0,28,0,15,1,1,pre_allocation
1,503,normal,0,0,65535_65535,0,2,3069,1116,1,1,1,29,1116,15,1,1,allocated
1,503,normal,0,0,65535_65535,0,3,3069,1078,0,1,0,28,0,15,1,1,pre_allocation
1,503,normal,0,0,65535_65535,0,3,3069,1116,1,1,1,29,1116,15,1,1,allocated
1,503,normal,0,0,65535_65535,0,4,3069,1078,0,1,0,28,0,15,1,1,pre_allocation
1,503,normal,0,0,65535_65535,0,4,3069,1116,1,1,1,29,1116,15,1,1,allocated
1,503,normal,0,0,65535_65535,0,5,3069,1078,0,1,0,28,0,15,1,1,pre_allocation
1,503,normal,0,0,65535_65535,0,5,3069,1116,1,1,1,29,1116,15,1,1,allocated
1,503,normal,0,0,65535_65535,0,1,3069,1116,0,1,0,29,0,15,1,1,pre_allocation
1,503,normal,0,0,65535_65535,0,1,3069,1155,1,1,1,30,1155,15,1,1,allocated
1,503,normal,0,0,65535_65535,0,2,3069,1116,0,1,0,29,0,15,1,1,pre_allocation
1,503,normal,0,0,65535_65535,0,2,3069,1155,1,1,1,30,1155,15,1,1,allocated
1,503,normal,0,0,65535_65535,0,3,3069,1116,0,1,0,29,0,15,1,1,pre_allocation
1,503,normal,0,0,65535_65535,0,3,3069,1155,1,1,1,30,1155,15,1,1,allocated
1,503,normal,0,0,65535_65535,0,4,3069,1116,0,1,0,29,0,15,1,1,pre_allocation
1,503,normal,0,0,65535_65535,0,4,3069,1155,1,1,1,30,1155,15,1,1,allocated
1,503,normal,0,0,65535_65535,0,5,3069,1116,0,1,0,29,0,15,1,1,pre_allocation
1,503,normal,0,0,65535_65535,0,5,3069,1155,1,1,1,30,1155,15,1,1,allocated
1,503,normal,0,0,65535_65535,0,1,3069,1155,0,1,0,30,0,15,1,1,pre_allocation
1,503,normal,0,0,65535_65535,0,1,3069,1193,1,1,1,31,1193,15,1,1,allocated
1,503,normal,0,0,65535_65535,0,2,3069,1155,0,1,0,30,0,15,1,1,pre_allocation
1,503,normal,0,0,65535_65535,0,2,3069,1193,1,1,1,31,1193,15,1,1,allocated
1,503,normal,0,0,65535_65535,0,3,3069,1155,0,1,0,30,0,15,1,1,pre_allocation
1,503,normal,0,0,65535_65535,0,3,3069,1193,1,1,1,31,1193,15,1,1,allocated
1,503,normal,0,0,65535_65535,0,4,3069,1155,0,1,0,30,0,15,1,1,pre_allocation
1,503,normal,0,0,65535_65535,0,4,3069,1193,1,1,1,31,1193,15,1,1,allocated
1,503,normal,0,0,65535_65535,0,5,3069,1155,0,1,0,30,0,15,1,1,pre_allocation
1,503,normal,0,0,65535_65535,0,5,3069,1193,1,1,1,31,1193,15,1,1,allocated
1,503,normal,0,0,65535_65535,0,1,3069,1193,0,1,0,31,0,15,1,1,pre_allocation
1,503,normal,0,0,65535_65535,0,1,3069,1232,1,1,1,32,1232,15,1,1,allocated
1,503,normal,0,0,65535_65535,0,2,3069,1193,0,1,0,31,0,15,1,1,pre_allocation
1,503,normal,0,0,65535_65535,0,2,3069,1232,1,1,1,32,1232,15,1,1,allocated
1,503,normal,0,0,65535_65535,0,3,3069,1193,0,1,0,31,0,15,1,1,pre_allocation
1,503,normal,0,0,65535_65535,0,3,3069,1232,1,1,1,32,1232,15,1,1,allocated
1,503,normal,0,0,65535_65535,0,4,3069,1193,0,1,0,31,0,15,1,1,pre_allocation
1,503,normal,0,0,65535_65535,0,4,3069,1232,1,1,1,32,1232,15,1,1,allocated
1,503,normal,0,0,65535_65535,0,5,3069,1193,0,1,0,31,0,15,1,1,pre_allocation
1,503,normal,0,0,65535_65535,0,5,3069,1232,1,1,1,32,1232,15,1,1,allocated
1,503,normal,0,0,65535_65535,0,1,3069,1232,0,1,0,32,0,15,1,1,pre_allocation
1,503,normal,0,0,65535_65535,0,1,3069,1271,1,1,1,33,1271,15,1,1,allocated
1,503,normal,0,0,65535_65535,0,2,3069,1232,0,1,0,32,0,15,1,1,pre_allocation
1,503,normal,0,0,65535_65535,0,2,3069,1271,1,1,1,33,1271,15,1,1,allocated
1,503,normal,0,0,65535_65535,0,3,3069,1232,0,1,0,32,0,15,1,1,pre_allocation
1,503,normal,0,0,65535_65535,0,3,3069,1271,1,1,1,33,1271,15,1,1,allocated
1,503,normal,0,0,65535_65535,0,4,3069,1232,0,1,0,32,0,15,1,1,pre_allocation
1,503,normal,0,0,65535_65535,0,4,3069,1271,1,1,1,33,1271,15,1,1,allocated
1,503,normal,0,0,65535_65535,0,5,3069,1232,0,1,0,32,0,15,1,1,pre_allocation
1,503,normal,0,0,65535_65535,0,5,3069,1271,1,1,1,33,1271,15,1,1,allocated
1,503,normal,0,0,65535_65535,0,1,3069,1271,0,1,0,33,0,15,1,1,pre_allocation
1,503,normal,0,0,65535_65535,0,1,3069,1309,1,1,1,34,1309,15,1,1,allocated
1,503,normal,0,0,65535_65535,0,2,3069,1271,0,1,0,33,0,15,1,1,pre_allocation
1,503,normal,0,0,65535_65535,0,2,3069,1309,1,1,1,34,1309,15,1,1,allocated
1,503,normal,0,0,65535_65535,0,3,3069,1271,0,1,0,33,0,15,1,1,pre_allocation
1,503,normal,0,0,65535_65535,0,3,3069,1309,1,1,1,34,1309,15,1,1,allocated
1,503,normal,0,0,65535_65535,0,4,3069,1271,0,1,0,33,0,15,1,1,pre_allocation
1,503,normal,0,0,65535_65535,0,4,3069,1309,1,1,1,34,1309,15,1,1,allocated
1,503,normal,0,0,65535_65535,0,5,3069,1271,0,1,0,33,0,15,1,1,pre_allocation
1,503,normal,0,0,65535_65535,0,5,3069,1309,1,1,1,34,1309,15,1,1,allocated
1,503,normal,0,0,65535_65535,0,1,3069,1309,0,1,0,34,0,15,1,1,pre_allocation
1,503,normal,0,0,65535_65535,0,1,3069,1348,1,1,1,35,1348,15,1,1,allocated
1,503,normal,0,0,65535_65535,0,2,3069,1309,0,1,0,34,0,15,1,1,pre_allocation
1,503,normal,0,0,65535_65535,0,2,3069,1348,1,1,1,35,1348,15,1,1,allocated
1,503,normal,0,0,65535_65535,0,3,3069,1309,0,1,0,34,0,15,1,1,pre_allocation
1,503,normal,0,0,65535_65535,0,3,3069,1348,1,1,1,35,1348,15,1,1,allocated
1,503,normal,0,0,65535_65535,0,4,3069,1309,0,1,0,34,0,15,1,1,pre_allocation
1,503,normal,0,0,65535_65535,0,4,3069,1348,1,1,1,35,1348,15,1,1,allocated
1,503,normal,0,0,65535_65535,0,5,3069,1309,0,1,0,34,0,15,1,1,pre_allocation
1,503,normal,0,0,65535_65535,0,5,3069,1348,1,1,1,35,1348,15,1,1,allocated
1,503,normal,0,0,65535_65535,0,1,3069,1348,0,1,0,35,0,15,1,1,pre_allocation
1,503,normal,0,0,65535_65535,0,1,3069,1386,1,1,1,36,1386,15,1,1,allocated
1,503,normal,0,0,65535_65535,0,2,3069,1348,0,1,0,35,0,15,1,1,pre_allocation
1,503,normal,0,0,65535_65535,0,2,3069,1386,1,1,1,36,1386,15,1,1,allocated
1,503,normal,0,0,65535_65535,0,3,3069,1348,0,1,0,35,0,15,1,1,pre_allocation
1,503,normal,0,0,65535_65535,0,3,3069,1386,1,1,1,36,1386,15,1,1,allocated
1,503,normal,0,0,65535_65535,0,4,3069,1348,0,1,0,35,0,15,1,1,pre_allocation
1,503,normal,0,0,65535_65535,0,4,3069,1386,1,1,1,36,1386,15,1,1,allocated
1,503,normal,0,0,65535_65535,0,5,3069,1348,0,1,0,35,0,15,1,1,pre_allocation
1,503,normal,0,0,65535_65535,0,5,3069,1386,1,1,1,36,1386,15,1,1,allocated
1,503,normal,0,0,65535_65535,0,1,3069,1386,0,1,0,36,0,15,1,1,pre_allocation
1,503,normal,0,0,65535_65535,0,1,3069,1425,1,1,1,37,1425,15,1,1,allocated
1,503,normal,0,0,65535_65535,0,2,3069,1386,0,1,0,36,0,15,1,1,pre_allocation
1,503,normal,0,0,65535_65535,0,2,3069,1425,1,1,1,37,1425,15,1,1,allocated
1,503,normal,0,0,65535_65535,0,3,3069,1386,0,1,0,36,0,15,1,1,pre_allocation
1,503,normal,0,0,65535_65535,0,3,3069,1425,1,1,1,37,1425,15,1,1,allocated
1,503,normal,0,0,65535_65535,0,4,3069,1386,0,1,0,36,0,15,1,1,pre_allocation
1,503,normal,0,0,65535_65535,0,4,3069,1425,1,1,1,37,1425,15,1,1,allocated
1,503,normal,0,0,65535_65535,0,5,3069,1386,0,1,0,36,0,15,1,1,pre_allocation
1,503,normal,0,0,65535_65535,0,5,3069,1425,1,1,1,37,1425,15,1,1,allocated
1,503,normal,0,0,65535_65535,0,1,3069,1425,0,1,0,37,0,15,1,1,pre_allocation
1,503,normal,0,0,65535_65535,0,1,3069,1464,1,1,1,38,1464,15,1,1,allocated
1,503,normal,0,0,65535_65535,0,2,3069,1425,0,1,0,37,0,15,1,1,pre_allocation
1,503,normal,0,0,65535_65535,0,2,3069,1464,1,1,1,38,1464,15,1,1,allocated
1,503,normal,0,0,65535_65535,0,3,3069,1425,0,1,0,37,0,15,1,1,pre_allocation
1,503,normal,0,0,65535_65535,0,3,3069,1464,1,1,1,38,1464,15,1,1,allocated
1,503,normal,0,0,65535_65535,0,4,3069,1425,0,1,0,37,0,15,1,1,pre_allocation
1,503,normal,0,0,65535_65535,0,4,3069,1464,1,1,1,38,1464,15,1,1,allocated
1,503,normal,0,0,65535_65535,0,5,3069,1425,0,1,0,37,0,15,1,1,pre_allocation
1,503,normal,0,0,65535_65535,0,5,3069,1464,1,1,1,38,1464,15,1,1,allocated
1,503,normal,0,0,65535_65535,0,1,3069,1464,0,1,0,38,0,15,1,1,pre_allocation
1,503,normal,0,0,65535_65535,0,1,3069,1502,1,1,1,39,1502,15,1,1,allocated
1,503,normal,0,0,65535_65535,0,2,3069,1464,0,1,0,38,0,15,1,1,pre_allocation
1,503,normal,0,0,65535_65535,0,2,3069,1502,1,1,1,39,1502,15,1,1,allocated
1,503,normal,0,0,65535_65535,0,3,3069,1464,0,1,0,38,0,15,1,1,pre_allocation
1,503,normal,0,0,65535_65535,0,3,3069,1502,1,1,1,39,1502,15,1,1,allocated
1,503,normal,0,0,65535_65535,0,4,3069,1464,0,1,0,38,0,15,1,1,pre_allocation
1,503,normal,0,0,65535_65535,0,4,3069,1502,1,1,1,39,1502,15,1,1,allocated
1,503,normal,0,0,65535_65535,0,5,3069,1464,0,1,0,38,0,15,1,1,pre_allocation
1,503,normal,0,0,65535_65535,0,5,3069,1502,1,1,1,39,1502,15,1,1,allocated
1,503,normal,0,0,65535_65535,0,1,3069,1502,0,1,0,39,0,15,1,1,pre_allocation
1,503,normal,0,0,65535_65535,0,1,3069,1538,1,1,1,40,1538,15,1,1,allocated
1,503,normal,0,0,65535_65535,0,2,3069,1502,0,1,0,39,0,15,1,1,pre_allocation
1,503,normal,0,0,65535_65535,0,2,3069,1538,1,1,1,40,1538,15,1,1,allocated
1,503,normal,0,0,65535_65535,0,3,3069,1502,0,1,0,39,0,15,1,1,pre_allocation
1,503,normal,0,0,65535_65535,0,3,3069,1538,1,1,1,40,1538,15,1,1,allocated
1,503,normal,0,0,65535_65535,0,4,3069,1502,0,1,0,39,0,15,1,1,pre_allocation
1,503,normal,0,0,65535_65535,0,4,3069,1538,1,1,1,40,1538,15,1,1,allocated
1,503,normal,0,0,65535_65535,0,5,3069,1502,0,1,0,39,0,15,1,1,pre_allocation
1,503,normal,0,0,65535_65535,0,5,3069,1538,1,1,1,40,1538,15,1,1,allocated
1,503,normal,0,0,65535_65535,0,1,3069,1538,0,1,0,40,0,15,1,1,pre_allocation
1,503,normal,0,0,65535_65535,0,1,3069,1577,1,1,1,41,1577,15,1,1,allocated
1,503,normal,0,0,65535_65535,0,2,3069,1538,0,1,0,40,0,15,1,1,pre_allocation
1,503,normal,0,0,65535_65535,0,2,3069,1577,1,1,1,41,1577,15,1,1,allocated
1,503,normal,0,0,65535_65535,0,3,3069,1538,0,1,0,40,0,15,1,1,pre_allocation
1,503,normal,0,0,65535_65535,0,3,3069,1577,1,1,1,41,1577,15,1,1,allocated
1,503,normal,0,0,65535_65535,0,4,3069,1538,0,1,0,40,0,15,1,1,pre_allocation
1,503,normal,0,0,65535_65535,0,4,3069,1577,1,1,1,41,1577,15,1,1,allocated
1,503,normal,0,0,65535_65535,0,5,3069,1538,0,1,0,40,0,15,1,1,pre_allocation
1,503,normal,0,0,65535_65535,0,5,3069,1577,1,1,1,41,1577,15,1,1,allocated
1,503,normal,0,0,65535_65535,0,1,3069,1577,0,1,0,41,0,15,1,1,pre_allocation
1,503,normal,0,0,65535_65535,0,1,3069,1615,1,1,1,42,1615,15,1,1,allocated
1,503,normal,0,0,65535_65535,0,2,3069,1577,0,1,0,41,0,15,1,1,pre_allocation
1,503,normal,0,0,65535_65535,0,2,3069,1615,1,1,1,42,1615,15,1,1,allocated
1,503,normal,0,0,65535_65535,0,3,3069,1577,0,1,0,41,0,15,1,1,pre_allocation
1,503,normal,0,0,65535_65535,0,3,3069,1615,1,1,1,42,1615,15,1,1,allocated
1,503,normal,0,0,65535_65535,0,4,3069,1577,0,1,0,41,0,15,1,1,pre_allocation
1,503,normal,0,0,65535_65535,0,4,3069,1615,1,1,1,42,1615,15,1,1,allocated
1,503,normal,0,0,65535_65535,0,5,3069,1577,0,1,0,41,0,15,1,1,pre_allocation
1,503,normal,0,0,65535_65535,0,5,3069,1615,1,1,1,42,1615,15,1,1,allocated
1,503,normal,0,0,65535_65535,0,1,3069,1615,0,1,0,42,0,15,1,1,pre_allocation
1,503,normal,0,0,65535_65535,0,1,3069,1654,1,1,1,43,1654,15,1,1,allocated
1,503,normal,0,0,65535_65535,0,2,3069,1615,0,1,0,42,0,15,1,1,pre_allocation
1,503,normal,0,0,65535_65535,0,2,3069,1654,1,1,1,43,1654,15,1,1,allocated
1,503,normal,0,0,65535_65535,0,3,3069,1615,0,1,0,42,0,15,1,1,pre_allocation
1,503,normal,0,0,65535_65535,0,3,3069,1654,1,1,1,43,1654,15,1,1,allocated
1,503,normal,0,0,65535_65535,0,4,3069,1615,0,1,0,42,0,15,1,1,pre_allocation
1,503,normal,0,0,65535_65535,0,4,3069,1654,1,1,1,43,1654,15,1,1,allocated
1,503,normal,0,0,65535_65535,0,5,3069,1615,0,1,0,42,0,15,1,1,pre_allocation
1,503,normal,0,0,65535_65535,0,5,3069,1654,1,1,1,43,1654,15,1,1,allocated
1,503,normal,0,0,65535_65535,0,1,3069,1654,0,1,0,43,0,15,1,1,pre_allocation
1,503,normal,0,0,65535_65535,0,1,3069,1692,1,1,1,44,1692,15,1,1,allocated
1,503,normal,0,0,65535_65535,0,2,3069,1654,0,1,0,43,0,15,1,1,pre_allocation
1,503,normal,0,0,65535_65535,0,2,3069,1692,1,1,1,44,1692,15,1,1,allocated
1,503,normal,0,0,65535_65535,0,3,3069,1654,0,1,0,43,0,15,1,1,pre_allocation
1,503,normal,0,0,65535_65535,0,3,3069,1692,1,1,1,44,1692,15,1,1,allocated
1,503,normal,0,0,65535_65535,0,4,3069,1654,0,1,0,43,0,15,1,1,pre_allocation
1,503,normal,0,0,65535_65535,0,4,3069,1692,1,1,1,44,1692,15,1,1,allocated
1,503,normal,0,0,65535_65535,0,5,3069,1654,0,1,0,43,0,15,1,1,pre_allocation
1,503,normal,0,0,65535_65535,0,5,3069,1692,1,1,1,44,1692,15,1,1,allocated
1,503,normal,0,0,65535_65535,0,1,3069,1692,0,1,0,44,0,15,1,1,pre_allocation
1,503,normal,0,0,65535_65535,0,1,3069,1731,1,1,1,45,1731,15,1,1,allocated
1,503,normal,0,0,65535_65535,0,2,3069,1692,0,1,0,44,0,15,1,1,pre_allocation
1,503,normal,0,0,65535_65535,0,2,3069,1731,1,1,1,45,1731,15,1,1,allocated
1,503,normal,0,0,65535_65535,0,3,3069,1692,0,1,0,44,0,15,1,1,pre_allocation
1,503,normal,0,0,65535_65535,0,3,3069,1731,1,1,1,45,1731,15,1,1,allocated
1,503,normal,0,0,65535_65535,0,4,3069,1692,0,1,0,44,0,15,1,1,pre_allocation
1,503,normal,0,0,65535_65535,0,4,3069,1731,1,1,1,45,1731,15,1,1,allocated
1,503,normal,0,0,65535_65535,0,5,3069,1692,0,1,0,44,0,15,1,1,pre_allocation
1,503,normal,0,0,65535_65535,0,5,3069,1731,1,1,1,45,1731,15,1,1,allocated
1,503,normal,0,0,65535_65535,0,1,3069,1731,0,1,0,45,0,15,1,1,pre_allocation
1,503,normal,0,0,65535_65535,0,1,3069,1770,1,1,1,46,1770,15,1,1,allocated
1,503,normal,0,0,65535_65535,0,2,3069,1731,0,1,0,45,0,15,1,1,pre_allocation
1,503,normal,0,0,65535_65535,0,2,3069,1770,1,1,1,46,1770,15,1,1,allocated
1,503,normal,0,0,65535_65535,0,3,3069,1731,0,1,0,45,0,15,1,1,pre_allocation
1,503,normal,0,0,65535_65535,0,3,3069,1770,1,1,1,46,1770,15,1,1,allocated
1,503,normal,0,0,65535_65535,0,4,3069,1731,0,1,0,45,0,15,1,1,pre_allocation
1,503,normal,0,0,65535_65535,0,4,3069,1770,1,1,1,46,1770,15,1,1,allocated
1,503,normal,0,0,65535_65535,0,5,3069,1731,0,1,0,45,0,15,1,1,pre_allocation
1,503,normal,0,0,65535_65535,0,5,3069,1770,1,1,1,46,1770,15,1,1,allocated
1,503,normal,0,0,65535_65535,0,1,3069,1770,0,1,0,46,0,15,1,1,pre_allocation
1,503,normal,0,0,65535_65535,0,1,3069,1808,1,1,1,47,1808,15,1,1,allocated
1,503,normal,0,0,65535_65535,0,2,3069,1770,0,1,0,46,0,15,1,1,pre_allocation
1,503,normal,0,0,65535_65535,0,2,3069,1808,1,1,1,47,1808,15,1,1,allocated
1,503,normal,0,0,65535_65535,0,3,3069,1770,0,1,0,46,0,15,1,1,pre_allocation
1,503,normal,0,0,65535_65535,0,3,3069,1808,1,1,1,47,1808,15,1,1,allocated
1,503,normal,0,0,65535_65535,0,4,3069,1770,0,1,0,46,0,15,1,1,pre_allocation
1,503,normal,0,0,65535_65535,0,4,3069,1808,1,1,1,47,1808,15,1,1,allocated
1,503,normal,0,0,65535_65535,0,5,3069,1770,0,1,0,46,0,15,1,1,pre_allocation
1,503,normal,0,0,65535_65535,0,5,3069,1808,1,1,1,47,1808,15,1,1,allocated
1,503,normal,0,0,65535_65535,0,1,3069,1808,0,1,0,47,0,15,1,1,pre_allocation
1,503,normal,0,0,65535_65535,0,1,3069,1847,1,1,1,48,1847,15,1,1,allocated
1,503,normal,0,0,65535_65535,0,2,3069,1808,0,1,0,47,0,15,1,1,pre_allocation
1,503,normal,0,0,65535_65535,0,2,3069,1847,1,1,1,48,1847,15,1,1,allocated
1,503,normal,0,0,65535_65535,0,3,3069,1808,0,1,0,47,0,15,1,1,pre_allocation
1,503,normal,0,0,65535_65535,0,3,3069,1847,1,1,1,48,1847,15,1,1,allocated
1,503,normal,0,0,65535_65535,0,4,3069,1808,0,1,0,47,0,15,1,1,pre_allocation
1,503,normal,0,0,65535_65535,0,4,3069,1847,1,1,1,48,1847,15,1,1,allocated
1,503,normal,0,0,65535_65535,0,5,3069,1808,0,1,0,47,0,15,1,1,pre_allocation
1,503,normal,0,0,65535_65535,0,5,3069,1847,1,1,1,48,1847,15,1,1,allocated
1,503,normal,0,0,65535_65535,0,1,3069,1847,0,1,0,48,0,15,1,1,pre_allocation
1,503,normal,0,0,65535_65535,0,1,3069,1885,1,1,1,49,1885,15,1,1,allocated
1,503,normal,0,0,65535_65535,0,2,3069,1847,0,1,0,48,0,15,1,1,pre_allocation
1,503,normal,0,0,65535_65535,0,2,3069,1885,1,1,1,49,1885,15,1,1,allocated
1,503,normal,0,0,65535_65535,0,3,3069,1847,0,1,0,48,0,15,1,1,pre_allocation
1,503,normal,0,0,65535_65535,0,3,3069,1885,1,1,1,49,1885,15,1,1,allocated
1,503,normal,0,0,65535_65535,0,4,3069,1847,0,1,0,48,0,15,1,1,pre_allocation
1,503,normal,0,0,65535_65535,0,4,3069,1885,1,1,1,49,1885,15,1,1,allocated
1,503,normal,0,0,65535_65535,0,5,3069,1847,0,1,0,48,0,15,1,1,pre_allocation
1,503,normal,0,0,65535_65535,0,5,3069,1885,1,1,1,49,1885,15,1,1,allocated
1,503,normal,0,0,65535_65535,0,1,3069,1885,0,1,0,49,0,15,1,1,pre_allocation
1,503,normal,0,0,65535_65535,0,1,3069,1924,1,1,1,50,1924,15,1,1,allocated
1,503,normal,0,0,65535_65535,0,2,3069,1885,0,1,0,49,0,15,1,1,pre_allocation
1,503,normal,0,0,65535_65535,0,2,3069,1924,1,1,1,50,1924,15,1,1,allocated
1,503,normal,0,0,65535_65535,0,3,3069,1885,0,1,0,49,0,15,1,1,pre_allocation
1,503,normal,0,0,65535_65535,0,3,3069,1924,1,1,1,50,1924,15,1,1,allocated
1,503,normal,0,0,65535_65535,0,4,3069,1885,0,1,0,49,0,15,1,1,pre_allocation
1,503,normal,0,0,65535_65535,0,4,3069,1924,1,1,1,50,1924,15,1,1,allocated
1,503,normal,0,0,65535_65535,0,5,3069,1885,0,1,0,49,0,15,1,1,pre_allocation
1,503,normal,0,0,65535_65535,0,5,3069,1924,1,1,1,50,1924,15,1,1,allocated
1,503,normal,0,0,65535_65535,0,1,3069,1924,0,1,0,50,0,15,1,1,pre_allocation
1,503,normal,0,0,65535_65535,0,1,3069,1963,1,1,1,51,1963,15,1,1,allocated
1,503,normal,0,0,65535_65535,0,2,3069,1924,0,1,0,50,0,15,1,1,pre_allocation
1,503,normal,0,0,65535_65535,0,2,3069,1963,1,1,1,51,1963,15,1,1,allocated
1,503,normal,0,0,65535_65535,0,3,3069,1924,0,1,0,50,0,15,1,1,pre_allocation
1,503,normal,0,0,65535_65535,0,3,3069,1963,1,1,1,51,1963,15,1,1,allocated
1,503,normal,0,0,65535_65535,0,4,3069,1924,0,1,0,50,0,15,1,1,pre_allocation
1,503,normal,0,0,65535_65535,0,4,3069,1963,1,1,1,51,1963,15,1,1,allocated
1,503,normal,0,0,65535_65535,0,5,3069,1924,0,1,0,50,0,15,1,1,pre_allocation
1,503,normal,0,0,65535_65535,0,5,3069,1963,1,1,1,51,1963,15,1,1,allocated
1,503,normal,0,0,65535_65535,0,1,3069,1963,0,1,0,51,0,15,1,1,pre_allocation
1,503,normal,0,0,65535_65535,0,1,3069,2001,1,1,1,52,2001,15,1,1,allocated
1,503,normal,0,0,65535_65535,0,2,3069,1963,0,1,0,51,0,15,1,1,pre_allocation
1,503,normal,0,0,65535_65535,0,2,3069,2001,1,1,1,52,2001,15,1,1,allocated
1,503,normal,0,0,65535_65535,0,3,3069,1963,0,1,0,51,0,15,1,1,pre_allocation
1,503,normal,0,0,65535_65535,0,3,3069,2001,1,1,1,52,2001,15,1,1,allocated
1,503,normal,0,0,65535_65535,0,4,3069,1963,0,1,0,51,0,15,1,1,pre_allocation
1,503,normal,0,0,65535_65535,0,4,3069,2001,1,1,1,52,2001,15,1,1,allocated
1,503,normal,0,0,65535_65535,0,5,3069,1963,0,1,0,51,0,15,1,1,pre_allocation
1,503,normal,0,0,65535_65535,0,5,3069,2001,1,1,1,52,2001,15,1,1,allocated
1,503,normal,0,0,65535_65535,0,1,3069,2001,0,1,0,52,0,15,1,1,pre_allocation
1,503,normal,0,0,65535_65535,0,1,3069,2040,1,1,1,53,2040,15,1,1,allocated
1,503,normal,0,0,65535_65535,0,2,3069,2001,0,1,0,52,0,15,1,1,pre_allocation
1,503,normal,0,0,65535_65535,0,2,3069,2040,1,1,1,53,2040,15,1,1,allocated
1,503,normal,0,0,65535_65535,0,3,3069,2001,0,1,0,52,0,15,1,1,pre_allocation
1,503,normal,0,0,65535_65535,0,3,3069,2040,1,1,1,53,2040,15,1,1,allocated
1,503,normal,0,0,65535_65535,0,4,3069,2001,0,1,0,52,0,15,1,1,pre_allocation
1,503,normal,0,0,65535_65535,0,4,3069,2040,1,1,1,53,2040,15,1,1,allocated
1,503,normal,0,0,65535_65535,0,5,3069,2001,0,1,0,52,0,15,1,1,pre_allocation
1,503,normal,0,0,65535_65535,0,5,3069,2040,1,1,1,53,2040,15,1,1,allocated
1,503,normal,0,0,65535_65535,0,1,3069,2040,0,1,0,53,0,15,1,1,pre_allocation
1,503,normal,0,0,65535_65535,0,1,3069,2078,1,1,1,54,2078,15,1,1,allocated
47,601,normal,0,0,65535_65535,0,4,147300,0,0,1,0,0,0,16,1,1,pre_allocation
47,601,normal,0,0,65535_65535,0,4,147300,3,1,1,1,1,3,16,1,1,allocated
47,601,normal,0,0,65535_65535,0,1,117935,0,0,1,0,0,0,28,1,1,pre_allocation
47,601,normal,0,0,65535_65535,0,1,117935,12,1,1,1,1,12,28,1,1,allocated
47,601,normal,0,0,65535_65535,0,4,147300,3,0,1,0,1,0,16,1,1,pre_allocation
47,601,normal,0,0,65535_65535,0,4,147300,10,1,1,1,2,10,16,1,1,allocated
47,601,normal,0,0,65535_65535,0,1,117935,12,0,1,0,1,0,28,1,1,pre_allocation
47,601,normal,0,0,65535_65535,0,1,117935,27,1,1,1,2,27,28,1,1,allocated
47,601,normal,0,0,65535_65535,0,4,147300,10,0,1,0,2,0,16,1,1,pre_allocation
47,601,normal,0,0,65535_65535,0,4,147300,16,1,1,1,3,16,16,1,1,allocated
47,601,normal,0,0,65535_65535,0,1,117935,27,0,1,0,2,0,28,1,1,pre_allocation
47,601,normal,0,0,65535_65535,0,1,117935,42,1,1,1,3,42,28,1,1,allocated
47,601,normal,0,0,65535_65535,0,4,147300,16,0,1,0,3,0,16,1,1,pre_allocation
47,601,normal,0,0,65535_65535,0,4,147300,23,1,1,1,4,23,16,1,1,allocated
47,601,normal,0,0,65535_65535,0,1,117935,42,0,1,0,3,0,28,1,1,pre_allocation
47,601,normal,0,0,65535_65535,0,1,117935,57,1,1,1,4,57,28,1,1,allocated
47,601,normal,0,0,65535_65535,0,4,147300,23,0,1,0,4,0,16,1,1,pre_allocation
47,601,normal,0,0,65535_65535,0,4,147300,30,1,1,1,5,30,16,1,1,allocated
47,601,normal,0,0,65535_65535,0,1,117935,57,0,1,0,4,0,28,1,1,pre_allocation
47,601,normal,0,0,65535_65535,0,1,117935,72,1,1,1,5,72,28,1,1,allocated
47,601,normal,0,0,65535_65535,0,4,147300,30,0,1,0,5,0,16,1,1,pre_allocation
47,601,normal,0,0,65535_65535,0,4,147300,36,1,1,1,6,36,16,1,1,allocated
47,601,normal,0,0,65535_65535,0,1,117935,72,0,1,0,5,0,28,1,1,pre_allocation
47,601,normal,0,0,65535_65535,0,1,117935,88,1,1,1,6,88,28,1,1,allocated
47,601,normal,0,0,65535_65535,0,4,147300,36,0,1,0,6,0,16,1,1,pre_allocation
47,601,normal,0,0,65535_65535,0,4,147300,43,1,1,1,7,43,16,1,1,allocated
47,601,normal,0,0,65535_65535,0,1,117935,88,0,1,0,6,0,28,1,1,pre_allocation
47,601,normal,0,0,65535_65535,0,1,117935,103,1,1,1,7,103,28,1,1,allocated
47,601,normal,0,0,65535_65535,0,4,147300,43,0,1,0,7,0,16,1,1,pre_allocation
47,601,normal,0,0,65535_65535,0,4,147300,49,1,1,1,8,49,16,1,1,allocated
47,601,normal,0,0,65535_65535,0,1,117935,103,0,1,0,7,0,28,1,1,pre_allocation
47,601,normal,0,0,65535_65535,0,1,117935,118,1,1,1,8,118,28,1,1,allocated
47,601,normal,0,0,65535_65535,0,4,147300,49,0,1,0,8,0,16,1,1,pre_allocation
47,601,normal,0,0,65535_65535,0,4,147300,56,1,1,1,9,56,16,1,1,allocated
47,601,normal,0,0,65535_65535,0,1,117935,118,0,1,0,8,0,28,1,1,pre_allocation
47,601,normal,0,0,65535_65535,0,1,117935,133,1,1,1,9,133,28,1,1,allocated
47,601,normal,0,0,65535_65535,0,4,147300,56,0,1,0,9,0,16,1,1,pre_allocation
47,601,normal,0,0,65535_65535,0,4,147300,63,1,1,1,10,63,16,1,1,allocated
47,601,normal,0,0,65535_65535,0,1,117935,133,0,1,0,9,0,28,1,1,pre_allocation
47,601,normal,0,0,65535_65535,0,1,117935,148,1,1,1,10,148,28,1,1,allocated
47,601,normal,0,0,65535_65535,0,4,147300,63,0,1,0,10,0,16,1,1,pre_allocation
47,601,normal,0,0,65535_65535,0,4,147300,69,1,1,1,11,69,16,1,1,allocated
47,601,normal,0,0,65535_65535,0,1,117935,148,0,1,0,10,0,28,1,1,pre_allocation
47,601,normal,0,0,65535_65535,0,1,117935,163,1,1,1,11,163,28,1,1,allocated
47,601,normal,0,0,65535_65535,0,4,147300,69,0,1,0,11,0,16,1,1,pre_allocation
47,601,normal,0,0,65535_65535,0,4,147300,76,1,1,1,12,76,16,1,1,allocated
47,601,normal,0,0,65535_65535,0,1,117935,163,0,1,0,11,0,28,1,1,pre_allocation
47,601,normal,0,0,65535_65535,0,1,117935,179,1,1,1,12,179,28,1,1,allocated
47,601,normal,0,0,65535_65535,0,4,147300,76,0,1,0,12,0,16,1,1,pre_allocation
47,601,normal,0,0,65535_65535,0,4,147300,82,1,1,1,13,82,16,1,1,allocated
47,601,normal,0,0,65535_65535,0,1,117935,179,0,1,0,12,0,28,1,1,pre_allocation
47,601,normal,0,0,65535_65535,0,1,117935,194,1,1,1,13,194,28,1,1,allocated
47,601,normal,0,0,65535_65535,0,4,147300,82,0,1,0,13,0,16,1,1,pre_allocation
47,601,normal,0,0,65535_65535,0,4,147300,89,1,1,1,14,89,16,1,1,allocated
47,601,normal,0,0,65535_65535,0,1,117935,194,0,1,0,13,0,28,1,1,pre_allocation
47,601,normal,0,0,65535_65535,0,1,117935,209,1,1,1,14,209,28,1,1,allocated
47,601,normal,0,0,65535_65535,0,4,147300,89,0,1,0,14,0,16,1,1,pre_allocation
47,601,normal,0,0,65535_65535,0,4,147300,96,1,1,1,15,96,16,1,1,allocated
47,601,normal,0,0,65535_65535,0,1,117935,209,0,1,0,14,0,28,1,1,pre_allocation
47,601,normal,0,0,65535_65535,0,1,117935,224,1,1,1,15,224,28,1,1,allocated
47,601,normal,0,0,65535_65535,0,4,147300,96,0,1,0,15,0,16,1,1,pre_allocation
47,601,normal,0,0,65535_65535,0,4,147300,102,1,1,1,16,102,16,1,1,allocated
47,601,normal,0,0,65535_65535,0,1,117935,224,0,1,0,15,0,28,1,1,pre_allocation
47,601,normal,0,0,65535_65535,0,1,117935,239,1,1,1,16,239,28,1,1,allocated
47,601,normal,0,0,65535_65535,0,4,147300,102,0,1,0,16,0,16,1,1,pre_allocation
47,601,normal,0,0,65535_65535,0,4,147300,109,1,1,1,17,109,16,1,1,allocated
47,601,normal,0,0,65535_65535,0,1,117935,239,0,1,0,16,0,28,1,1,pre_allocation
47,601,normal,0,0,65535_65535,0,1,117935,255,1,1,1,17,255,28,1,1,allocated
47,601,normal,0,0,65535_65535,0,4,147300,109,0,1,0,17,0,16,1,1,pre_allocation
47,601,normal,0,0,65535_65535,0,4,147300,115,1,1,1,18,115,16,1,1,allocated
47,601,normal,0,0,65535_65535,0,1,117935,255,0,1,0,17,0,28,1,1,pre_allocation
47,601,normal,0,0,65535_65535,0,1,117935,270,1,1,1,18,270,28,1,1,allocated
47,601,normal,0,0,65535_65535,0,4,147300,115,0,1,0,18,0,16,1,1,pre_allocation
47,601,normal,0,0,65535_65535,0,4,147300,122,1,1,1,19,122,16,1,1,allocated
47,601,normal,0,0,65535_65535,0,1,117935,270,0,1,0,18,0,28,1,1,pre_allocation
47,601,normal,0,0,65535_65535,0,1,117935,285,1,1,1,19,285,28,1,1,allocated
47,601,normal,0,0,65535_65535,0,4,147300,122,0,1,0,19,0,16,1,1,pre_allocation
47,601,normal,0,0,65535_65535,0,4,147300,129,1,1,1,20,129,16,1,1,allocated
47,601,normal,0,0,65535_65535,0,1,117935,285,0,1,0,19,0,28,1,1,pre_allocation
47,601,normal,0,0,65535_65535,0,1,117935,300,1,1,1,20,300,28,1,1,allocated
47,601,normal,0,0,65535_65535,0,4,147300,129,0,1,0,20,0,16,1,1,pre_allocation
47,601,normal,0,0,65535_65535,0,4,147300,135,1,1,1,21,135,16,1,1,allocated
47,601,normal,0,0,65535_65535,0,1,117935,300,0,1,0,20,0,28,1,1,pre_allocation
47,601,normal,0,0,65535_65535,0,1,117935,315,1,1,1,21,315,28,1,1,allocated
47,601,normal,0,0,65535_65535,0,4,147300,135,0,1,0,21,0,16,1,1,pre_allocation
47,601,normal,0,0,65535_65535,0,4,147300,142,1,1,1,22,142,16,1,1,allocated
47,601,normal,0,0,65535_65535,0,1,117935,315,0,1,0,21,0,28,1,1,pre_allocation
47,601,normal,0,0,65535_65535,0,1,117935,330,1,1,1,22,330,28,1,1,allocated
47,601,normal,0,0,65535_65535,0,4,147300,142,0,1,0,22,0,16,1,1,pre_allocation
47,601,normal,0,0,65535_65535,0,4,147300,148,1,1,1,23,148,16,1,1,allocated
47,601,normal,0,0,65535_65535,0,1,117935,330,0,1,0,22,0,28,1,1,pre_allocation
47,601,normal,0,0,65535_65535,0,1,117935,346,1,1,1,23,346,28,1,1,allocated
47,601,normal,0,0,65535_65535,0,4,147300,148,0,1,0,23,0,16,1,1,pre_allocation
47,601,normal,0,0,65535_65535,0,4,147300,155,1,1,1,24,155,16,1,1,allocated
47,601,normal,0,0,65535_65535,0,1,117935,346,0,1,0,23,0,28,1,1,pre_allocation
47,601,normal,0,0,65535_65535,0,1,117935,361,1,1,1,24,361,28,1,1,allocated
47,601,normal,0,0,65535_65535,0,4,147300,155,0,1,0,24,0,16,1,1,pre_allocation
47,601,normal,0,0,65535_65535,0,4,147300,162,1,1,1,25,162,16,1,1,allocated
47,601,normal,0,0,65535_65535,0,1,117935,361,0,1,0,24,0,28,1,1,pre_allocation
47,601,normal,0,0,65535_65535,0,1,117935,376,1,1,1,25,376,28,1,1,allocated
47,601,normal,0,0,65535_65535,0,4,147300,162,0,1,0,25,0,16,1,1,pre_allocation
47,601,normal,0,0,65535_65535,0,4,147300,168,1,1,1,26,168,16,1,1,allocated
47,601,normal,0,0,65535_65535,0,1,117935,376,0,1,0,25,0,28,1,1,pre_allocation
47,601,normal,0,0,65535_65535,0,1,117935,391,1,1,1,26,391,28,1,1,allocated
47,601,normal,0,0,65535_65535,0,4,147300,168,0,1,0,26,0,16,1,1,pre_allocation
47,601,normal,0,0,65535_65535,0,4,147300,175,1,1,1,27,175,16,1,1,allocated
47,601,normal,0,0,65535_65535,0,1,117935,391,0,1,0,26,0,28,1,1,pre_allocation
47,601,normal,0,0,65535_65535,0,1,117935,406,1,1,1,27,406,28,1,1,allocated
47,601,normal,0,0,65535_65535,0,4,147300,175,0,1,0,27,0,16,1,1,pre_allocation
47,601,normal,0,0,65535_65535,0,4,147300,181,1,1,1,28,181,16,1,1,allocated
47,601,normal,0,0,65535_65535,0,1,117935,406,0,1,0,27,0,28,1,1,pre_allocation
47,601,normal,0,0,65535_65535,0,1,117935,422,1,1,1,28,422,28,1,1,allocated
47,601,normal,0,0,65535_65535,0,4,147300,181,0,1,0,28,0,16,1,1,pre_allocation
47,601,normal,0,0,65535_65535,0,4,147300,188,1,1,1,29,188,16,1,1,allocated
47,601,normal,0,0,65535_65535,0,1,117935,422,0,1,0,28,0,28,1,1,pre_allocation
47,601,normal,0,0,65535_65535,0,1,117935,437,1,1,1,29,437,28,1,1,allocated
47,601,normal,0,0,65535_65535,0,4,147300,188,0,1,0,29,0,16,1,1,pre_allocation
47,601,normal,0,0,65535_65535,0,4,147300,195,1,1,1,30,195,16,1,1,allocated
47,601,normal,0,0,65535_65535,0,1,117935,437,0,1,0,29,0,28,1,1,pre_allocation
47,601,normal,0,0,65535_65535,0,1,117935,452,1,1,1,30,452,28,1,1,allocated
47,601,normal,0,0,65535_65535,0,4,147300,195,0,1,0,30,0,16,1,1,pre_allocation
47,601,normal,0,0,65535_65535,0,4,147300,201,1,1,1,31,201,16,1,1,allocated
47,601,normal,0,0,65535_65535,0,1,117935,452,0,1,0,30,0,28,1,1,pre_allocation
47,601,normal,0,0,65535_65535,0,1,117935,467,1,1,1,31,467,28,1,1,allocated
47,601,normal,0,0,65535_65535,0,4,147300,201,0,1,0,31,0,16,1,1,pre_allocation
47,601,normal,0,0,65535_65535,0,4,147300,208,1,1,1,32,208,16,1,1,allocated
47,601,normal,0,0,65535_65535,0,1,117935,467,0,1,0,31,0,28,1,1,pre_allocation
47,601,normal,0,0,65535_65535,0,1,117935,482,1,1,1,32,482,28,1,1,allocated
47,601,normal,0,0,65535_65535,0,4,147300,208,0,1,0,32,0,16,1,1,pre_allocation
47,601,normal,0,0,65535_65535,0,4,147300,214,1,1,1,33,214,16,1,1,allocated
47,601,normal,0,0,65535_65535,0,1,117935,482,0,1,0,32,0,28,1,1,pre_allocation
47,601,normal,0,0,65535_65535,0,1,117935,497,1,1,1,33,497,28,1,1,allocated
47,601,normal,0,0,65535_65535,0,4,147300,214,0,1,0,33,0,16,1,1,pre_allocation
47,601,normal,0,0,65535_65535,0,4,147300,221,1,1,1,34,221,16,1,1,allocated
47,601,normal,0,0,65535_65535,0,1,117935,497,0,1,0,33,0,28,1,1,pre_allocation
47,601,normal,0,0,65535_65535,0,1,117935,513,1,1,1,34,513,28,1,1,allocated
47,601,normal,0,0,65535_65535,0,4,147300,221,0,1,0,34,0,16,1,1,pre_allocation
47,601,normal,0,0,65535_65535,0,4,147300,228,1,1,1,35,228,16,1,1,allocated
47,601,normal,0,0,65535_65535,0,1,117935,513,0,1,0,34,0,28,1,1,pre_allocation
47,601,normal,0,0,65535_65535,0,1,117935,528,1,1,1,35,528,28,1,1,allocated
47,601,normal,0,0,65535_65535,0,4,147300,228,0,1,0,35,0,16,1,1,pre_allocation
47,601,normal,0,0,65535_65535,0,4,147300,234,1,1,1,36,234,16,1,1,allocated
47,601,normal,0,0,65535_65535,0,1,117935,528,0,1,0,35,0,28,1,1,pre_allocation
47,601,normal,0,0,65535_65535,0,1,117935,543,1,1,1,36,543,28,1,1,allocated
47,601,normal,0,0,65535_65535,0,4,147300,234,0,1,0,36,0,16,1,1,pre_allocation
47,601,normal,0,0,65535_65535,0,4,147300,241,1,1,1,37,241,16,1,1,allocated
47,601,normal,0,0,65535_65535,0,1,117935,543,0,1,0,36,0,28,1,1,pre_allocation
47,601,normal,0,0,65535_65535,0,1,117935,558,1,1,1,37,558,28,1,1,allocated
47,601,normal,0,0,65535_65535,0,4,147300,241,0,1,0,37,0,16,1,1,pre_allocation
47,601,normal,0,0,65535_65535,0,4,147300,247,1,1,1,38,247,16,1,1,allocated
47,601,normal,0,0,65535_65535,0,1,117935,558,0,1,0,37,0,28,1,1,pre_allocation
47,601,normal,0,0,65535_65535,0,1,117935,573,1,1,1,38,573,28,1,1,allocated
47,601,normal,0,0,65535_65535,0,4,147300,247,0,1,0,38,0,16,1,1,pre_allocation
47,601,normal,0,0,65535_65535,0,4,147300,254,1,1,1,39,254,16,1,1,allocated
47,601,normal,0,0,65535_65535,0,1,117935,573,0,1,0,38,0,28,1,1,pre_allocation
47,601,normal,0,0,65535_65535,0,1,117935,589,1,1,1,39,589,28,1,1,allocated
47,601,normal,0,0,65535_65535,0,4,147300,254,0,1,0,39,0,16,1,1,pre_allocation
47,601,normal,0,0,65535_65535,0,4,147300,261,1,1,1,40,261,16,1,1,allocated
47,601,normal,0,0,65535_65535,0,1,117935,589,0,1,0,39,0,28,1,1,pre_allocation
47,601,normal,0,0,65535_65535,0,1,117935,604,1,1,1,40,604,28,1,1,allocated
47,601,normal,0,0,65535_65535,0,4,147300,261,0,1,0,40,0,16,1,1,pre_allocation
47,601,normal,0,0,65535_65535,0,4,147300,267,1,1,1,41,267,16,1,1,allocated
47,601,normal,0,0,65535_65535,0,1,117935,604,0,1,0,40,0,28,1,1,pre_allocation
47,601,normal,0,0,65535_65535,0,1,117935,619,1,1,1,41,619,28,1,1,allocated
47,601,normal,0,0,65535_65535,0,4,147300,267,0,1,0,41,0,16,1,1,pre_allocation
47,601,normal,0,0,65535_65535,0,4,147300,274,1,1,1,42,274,16,1,1,allocated
47,601,normal,0,0,65535_65535,0,1,117935,619,0,1,0,41,0,28,1,1,pre_allocation
47,601,normal,0,0,65535_65535,0,1,117935,634,1,1,1,42,634,28,1,1,allocated
47,601,normal,0,0,65535_65535,0,4,147300,274,0,1,0,42,0,16,1,1,pre_allocation
47,601,normal,0,0,65535_65535,0,4,147300,280,1,1,1,43,280,16,1,1,allocated
47,601,normal,0,0,65535_65535,0,1,117935,634,0,1,0,42,0,28,1,1,pre_allocation
47,601,normal,0,0,65535_65535,0,1,117935,649,1,1,1,43,649,28,1,1,allocated
47,601,normal,0,0,65535_65535,0,4,147300,280,0,1,0,43,0,16,1,1,pre_allocation
47,601,normal,0,0,65535_65535,0,4,147300,287,1,1,1,44,287,16,1,1,allocated
47,601,normal,0,0,65535_65535,0,1,117935,649,0,1,0,43,0,28,1,1,pre_allocation
47,601,normal,0,0,65535_65535,0,1,117935,664,1,1,1,44,664,28,1,1,allocated
47,601,normal,0,0,65535_65535,0,4,147300,287,0,1,0,44,0,16,1,1,pre_allocation
47,601,normal,0,0,65535_65535,0,4,147300,294,1,1,1,45,294,16,1,1,allocated
47,601,normal,0,0,65535_65535,0,1,117935,664,0,1,0,44,0,28,1,1,pre_allocation
47,601,normal,0,0,65535_65535,0,1,117935,680,1,1,1,45,680,28,1,1,allocated
47,601,normal,0,0,65535_65535,0,4,147300,294,0,1,0,45,0,16,1,1,pre_allocation
47,601,normal,0,0,65535_65535,0,4,147300,300,1,1,1,46,300,16,1,1,allocated
47,601,normal,0,0,65535_65535,0,1,117935,680,0,1,0,45,0,28,1,1,pre_allocation
47,601,normal,0,0,65535_65535,0,1,117935,695,1,1,1,46,695,28,1,1,allocated
47,601,normal,0,0,65535_65535,0,4,147300,300,0,1,0,46,0,16,1,1,pre_allocation
47,601,normal,0,0,65535_65535,0,4,147300,307,1,1,1,47,307,16,1,1,allocated
47,601,normal,0,0,65535_65535,0,1,117935,695,0,1,0,46,0,28,1,1,pre_allocation
47,601,normal,0,0,65535_65535,0,1,117935,710,1,1,1,47,710,28,1,1,allocated
47,601,normal,0,0,65535_65535,0,4,147300,307,0,1,0,47,0,16,1,1,pre_allocation
47,601,normal,0,0,65535_65535,0,4,147300,313,1,1,1,48,313,16,1,1,allocated
47,601,normal,0,0,65535_65535,0,1,117935,710,0,1,0,47,0,28,1,1,pre_allocation
47,601,normal,0,0,65535_65535,0,1,117935,725,1,1,1,48,725,28,1,1,allocated
47,601,normal,0,0,65535_65535,0,4,147300,313,0,1,0,48,0,16,1,1,pre_allocation
47,601,normal,0,0,65535_65535,0,4,147300,320,1,1,1,49,320,16,1,1,allocated
47,601,normal,0,0,65535_65535,0,1,117935,725,0,1,0,48,0,28,1,1,pre_allocation
47,601,normal,0,0,65535_65535,0,1,117935,740,1,1,1,49,740,28,1,1,allocated
47,601,normal,0,0,65535_65535,0,4,147300,320,0,1,0,49,0,16,1,1,pre_allocation
47,601,normal,0,0,65535_65535,0,4,147300,327,1,1,1,50,327,16,1,1,allocated
47,601,normal,0,0,65535_65535,0,1,117935,740,0,1,0,49,0,28,1,1,pre_allocation
47,601,normal,0,0,65535_65535,0,1,117935,756,1,1,1,50,756,28,1,1,allocated
47,601,normal,0,0,65535_65535,0,4,147300,327,0,1,0,50,0,16,1,1,pre_allocation
47,601,normal,0,0,65535_65535,0,4,147300,333,1,1,1,51,333,16,1,1,allocated
47,601,normal,0,0,65535_65535,0,1,117935,756,0,1,0,50,0,28,1,1,pre_allocation
47,601,normal,0,0,65535_65535,0,1,117935,771,1,1,1,51,771,28,1,1,allocated
47,601,normal,0,0,65535_65535,0,4,147300,333,0,1,0,51,0,16,1,1,pre_allocation
47,601,normal,0,0,65535_65535,0,4,147300,340,1,1,1,52,340,16,1,1,allocated
47,601,normal,0,0,65535_65535,0,1,117935,771,0,1,0,51,0,28,1,1,pre_allocation
47,601,normal,0,0,65535_65535,0,1,117935,786,1,1,1,52,786,28,1,1,allocated
47,601,normal,0,0,65535_65535,0,4,147300,340,0,1,0,52,0,16,1,1,pre_allocation
47,601,normal,0,0,65535_65535,0,4,147300,346,1,1,1,53,346,16,1,1,allocated
47,601,normal,0,0,65535_65535,0,1,117935,786,0,1,0,52,0,28,1,1,pre_allocation
47,601,normal,0,0,65535_65535,0,1,117935,801,1,1,1,53,801,28,1,1,allocated
47,601,normal,0,0,65535_65535,0,4,147300,346,0,1,0,53,0,16,1,1,pre_allocation
47,601,normal,0,0,65535_65535,0,4,147300,353,1,1,1,54,353,16,1,1,allocated
47,601,normal,0,0,65535_65535,0,1,117935,801,0,1,0,53,0,28,1,1,pre_allocation
47,601,normal,0,0,65535_65535,0,1,117935,816,1,1,1,54,816,28,1,1,allocated
47,601,normal,0,0,65535_65535,0,4,147300,353,0,1,0,54,0,16,1,1,pre_allocation
47,601,normal,0,0,65535_65535,0,4,147300,360,1,1,1,55,360,16,1,1,allocated
47,601,normal,0,0,65535_65535,0,1,117935,816,0,1,0,54,0,28,1,1,pre_allocation
47,601,normal,0,0,65535_65535,0,1,117935,831,1,1,1,55,831,28,1,1,allocated
47,601,normal,0,0,65535_65535,0,4,147300,360,0,1,0,55,0,16,1,1,pre_allocation
47,601,normal,0,0,65535_65535,0,4,147300,366,1,1,1,56,366,16,1,1,allocated
47,601,normal,0,0,65535_65535,0,1,117935,831,0,1,0,55,0,28,1,1,pre_allocation
47,601,normal,0,0,65535_65535,0,1,117935,847,1,1,1,56,847,28,1,1,allocated
47,601,normal,0,0,65535_65535,0,4,147300,366,0,1,0,56,0,16,1,1,pre_allocation
47,601,normal,0,0,65535_65535,0,4,147300,373,1,1,1,57,373,16,1,1,allocated
47,601,normal,0,0,65535_65535,0,1,117935,847,0,1,0,56,0,28,1,1,pre_allocation
47,601,normal,0,0,65535_65535,0,1,117935,862,1,1,1,57,862,28,1,1,allocated
47,601,normal,0,0,65535_65535,0,4,147300,373,0,1,0,57,0,16,1,1,pre_allocation
47,601,normal,0,0,65535_65535,0,4,147300,379,1,1,1,58,379,16,1,1,allocated
47,601,normal,0,0,65535_65535,0,1,117935,862,0,1,0,57,0,28,1,1,pre_allocation
47,601,normal,0,0,65535_65535,0,1,117935,877,1,1,1,58,877,28,1,1,allocated
47,601,normal,0,0,65535_65535,0,4,147300,379,0,1,0,58,0,16,1,1,pre_allocation
47,601,normal,0,0,65535_65535,0,4,147300,386,1,1,1,59,386,16,1,1,allocated
47,601,normal,0,0,65535_65535,0,1,117935,877,0,1,0,58,0,28,1,1,pre_allocation
47,601,normal,0,0,65535_65535,0,1,117935,892,1,1,1,59,892,28,1,1,allocated
47,601,normal,0,0,65535_65535,0,4,147300,386,0,1,0,59,0,16,1,1,pre_allocation
47,601,normal,0,0,65535_65535,0,4,147300,393,1,1,1,60,393,16,1,1,allocated
47,601,normal,0,0,65535_65535,0,1,117935,892,0,1,0,59,0,28,1,1,pre_allocation
47,601,normal,0,0,65535_65535,0,1,117935,907,1,1,1,60,907,28,1,1,allocated
47,601,normal,0,0,65535_65535,0,4,147300,393,0,1,0,60,0,16,1,1,pre_allocation
47,601,normal,0,0,65535_65535,0,4,147300,399,1,1,1,61,399,16,1,1,allocated
47,601,normal,0,0,65535_65535,0,1,117935,907,0,1,0,60,0,28,1,1,pre_allocation
47,601,normal,0,0,65535_65535,0,1,117935,922,1,1,1,61,922,28,1,1,allocated
47,601,normal,0,0,65535_65535,0,4,147300,399,0,1,0,61,0,16,1,1,pre_allocation
47,601,normal,0,0,65535_65535,0,4,147300,406,1,1,1,62,406,16,1,1,allocated
47,601,normal,0,0,65535_65535,0,1,117935,922,0,1,0,61,0,28,1,1,pre_allocation
47,601,normal,0,0,65535_65535,0,1,117935,938,1,1,1,62,938,28,1,1,allocated
47,601,normal,0,0,65535_65535,0,4,147300,406,0,1,0,62,0,16,1,1,pre_allocation
47,601,normal,0,0,65535_65535,0,4,147300,412,1,1,1,63,412,16,1,1,allocated
47,601,normal,0,0,65535_65535,0,1,117935,938,0,1,0,62,0,28,1,1,pre_allocation
47,601,normal,0,0,65535_65535,0,1,117935,953,1,1,1,63,953,28,1,1,allocated
47,601,normal,0,0,65535_65535,0,4,147300,412,0,1,0,63,0,16,1,1,pre_allocation
47,601,normal,0,0,65535_65535,0,4,147300,419,1,1,1,64,419,16,1,1,allocated
47,601,normal,0,0,65535_65535,0,1,117935,953,0,1,0,63,0,28,1,1,pre_allocation
47,601,normal,0,0,65535_65535,0,1,117935,968,1,1,1,64,968,28,1,1,allocated
47,601,normal,0,0,65535_65535,0,4,147300,419,0,1,0,64,0,16,1,1,pre_allocation
47,601,normal,0,0,65535_65535,0,4,147300,426,1,1,1,65,426,16,1,1,allocated
47,601,normal,0,0,65535_65535,0,1,117935,968,0,1,0,64,0,28,1,1,pre_allocation
47,601,normal,0,0,65535_65535,0,1,117935,983,1,1,1,65,983,28,1,1,allocated
47,601,normal,0,0,65535_65535,0,4,147300,426,0,1,0,65,0,16,1,1,pre_allocation
47,601,normal,0,0,65535_65535,0,4,147300,432,1,1,1,66,432,16,1,1,allocated
47,601,normal,0,0,65535_65535,0,1,117935,983,0,1,0,65,0,28,1,1,pre_allocation
47,601,normal,0,0,65535_65535,0,1,117935,998,1,1,1,66,998,28,1,1,allocated
47,601,normal,0,0,65535_65535,0,4,147300,432,0,1,0,66,0,16,1,1,pre_allocation
47,601,normal,0,0,65535_65535,0,4,147300,439,1,1,1,67,439,16,1,1,allocated
47,601,normal,0,0,65535_65535,0,1,117935,998,0,1,0,66,0,28,1,1,pre_allocation
47,601,normal,0,0,65535_65535,0,1,117935,1014,1,1,1,67,1014,28,1,1,allocated
47,601,normal,0,0,65535_65535,0,4,147300,439,0,1,0,67,0,16,1,1,pre_allocation
47,601,normal,0,0,65535_65535,0,4,147300,445,1,1,1,68,445,16,1,1,allocated
47,601,normal,0,0,65535_65535,0,1,117935,1014,0,1,0,67,0,28,1,1,pre_allocation
47,601,normal,0,0,65535_65535,0,1,117935,1029,1,1,1,68,1029,28,1,1,allocated
47,601,normal,0,0,65535_65535,1,7,87,0,0,1,0,0,0,26,1,1,pre_allocation
47,601,normal,0,0,65535_65535,1,7,87,11,1,1,1,1,11,26,1,1,allocated
47,601,normal,0,0,65535_65535,1,6,87,0,0,1,0,0,0,28,1,1,pre_allocation
47,601,normal,0,0,65535_65535,1,6,87,12,1,1,1,1,12,28,1,1,allocated
47,601,normal,0,0,65535_65535,1,9,87,0,0,1,0,0,0,28,1,1,pre_allocation
47,601,normal,0,0,65535_65535,1,9,87,12,1,1,1,1,12,28,1,1,allocated
47,601,normal,0,0,65535_65535,1,8,87,0,0,1,0,0,0,28,1,1,pre_allocation
47,601,normal,0,0,65535_65535,1,8,87,12,1,1,1,1,12,28,1,1,allocated
47,601,normal,0,0,65535_65535,1,7,87,11,0,1,0,1,0,26,1,1,pre_allocation
47,601,normal,0,0,65535_65535,1,7,87,25,1,1,1,2,25,26,1,1,allocated
47,601,normal,0,0,65535_65535,1,6,87,12,0,1,0,1,0,28,1,1,pre_allocation
47,601,normal,0,0,65535_65535,1,6,87,27,1,1,1,2,27,28,1,1,allocated
47,601,normal,0,0,65535_65535,1,9,87,12,0,1,0,1,0,28,1,1,pre_allocation
47,601,normal,0,0,65535_65535,1,9,87,27,1,1,1,2,27,28,1,1,allocated
47,601,normal,0,0,65535_65535,1,8,87,12,0,1,0,1,0,28,1,1,pre_allocation
47,601,normal,0,0,65535_65535,1,8,87,27,1,1,1,2,27,28,1,1,allocated
47,601,normal,0,0,65535_65535,1,7,87,25,0,1,0,2,0,26,1,1,pre_allocation
47,601,normal,0,0,65535_65535,1,7,87,39,1,1,1,3,39,26,1,1,allocated
47,601,normal,0,0,65535_65535,1,6,87,27,0,1,0,2,0,28,1,1,pre_allocation
47,601,normal,0,0,65535_65535,1,6,87,42,1,1,1,3,42,28,1,1,allocated
47,601,normal,0,0,65535_65535,1,9,87,27,0,1,0,2,0,28,1,1,pre_allocation
47,601,normal,0,0,65535_65535,1,9,87,42,1,1,1,3,42,28,1,1,allocated
47,601,normal,0,0,65535_65535,1,8,87,27,0,1,0,2,0,28,1,1,pre_allocation
47,601,normal,0,0,65535_65535,1,8,87,42,1,1,1,3,42,28,1,1,allocated
47,601,normal,0,0,65535_65535,1,7,87,39,0,1,0,3,0,26,1,1,pre_allocation
47,601,normal,0,0,65535_65535,1,7,87,53,1,1,1,4,53,26,1,1,allocated
47,601,normal,0,0,65535_65535,1,6,87,42,0,1,0,3,0,28,1,1,pre_allocation
47,601,normal,0,0,65535_65535,1,6,87,57,1,1,1,4,57,28,1,1,allocated
47,601,normal,0,0,65535_65535,1,9,87,42,0,1,0,3,0,28,1,1,pre_allocation
47,601,normal,0,0,65535_65535,1,9,87,57,1,1,1,4,57,28,1,1,allocated
47,601,normal,0,0,65535_65535,1,8,87,42,0,1,0,3,0,28,1,1,pre_allocation
47,601,normal,0,0,65535_65535,1,8,87,57,1,1,1,4,57,28,1,1,allocated
47,601,normal,0,0,65535_65535,1,7,87,53,0,1,0,4,0,26,1,1,pre_allocation
47,601,normal,0,0,65535_65535,1,7,87,67,1,1,1,5,67,26,1,1,allocated
47,601,normal,0,0,65535_65535,1,6,87,57,0,1,0,4,0,28,1,1,pre_allocation
47,601,normal,0,0,65535_65535,1,6,87,72,1,1,1,5,72,28,1,1,allocated
47,601,normal,0,0,65535_65535,1,9,87,57,0,1,0,4,0,28,1,1,pre_allocation
47,601,normal,0,0,65535_65535,1,9,87,72,1,1,1,5,72,28,1,1,allocated
47,601,normal,0,0,65535_65535,1,8,87,57,0,1,0,4,0,28,1,1,pre_allocation
47,601,normal,0,0,65535_65535,1,8,87,72,1,1,1,5,72,28,1,1,allocated
47,601,normal,0,0,65535_65535,1,7,87,67,0,1,0,5,0,26,1,1,pre_allocation
47,601,normal,0,0,65535_65535,1,7,87,81,1,1,1,6,81,26,1,1,allocated
47,601,normal,0,0,65535_65535,1,6,87,72,0,1,0,5,0,28,1,1,pre_allocation
47,601,normal,0,0,65535_65535,1,6,87,88,1,1,1,6,88,28,1,1,allocated
47,601,normal,0,0,65535_65535,1,9,87,72,0,1,0,5,0,28,1,1,pre_allocation
47,601,normal,0,0,65535_65535,1,9,87,88,1,1,1,6,88,28,1,1,allocated
47,601,normal,0,0,65535_65535,1,8,87,72,0,1,0,5,0,28,1,1,pre_allocation
47,601,normal,0,0,65535_65535,1,8,87,88,1,1,1,6,88,28,1,1,allocated
47,601,normal,0,0,65535_65535,1,7,87,81,0,1,0,6,0,26,1,1,pre_allocation
47,601,normal,0,0,65535_65535,1,7,87,95,1,1,1,7,95,26,1,1,allocated
47,601,normal,0,0,65535_65535,1,6,87,88,0,1,0,6,0,28,1,1,pre_allocation
47,601,normal,0,0,65535_65535,1,6,87,103,1,1,1,7,103,28,1,1,allocated
47,601,normal,0,0,65535_65535,1,9,87,88,0,1,0,6,0,28,1,1,pre_allocation
47,601,normal,0,0,65535_65535,1,9,87,103,1,1,1,7,103,28,1,1,allocated
47,601,normal,0,0,65535_65535,1,8,87,88,0,1,0,6,0,28,1,1,pre_allocation
47,601,normal,0,0,65535_65535,1,8,87,103,1,1,1,7,103,28,1,1,allocated
47,601,normal,0,0,65535_65535,1,7,87,95,0,1,0,7,0,26,1,1,pre_allocation
47,601,normal,0,0,65535_65535,1,7,87,109,1,1,1,8,109,26,1,1,allocated
47,601,normal,0,0,65535_65535,1,6,87,103,0,1,0,7,0,28,1,1,pre_allocation
47,601,normal,0,0,65535_65535,1,6,87,118,1,1,1,8,118,28,1,1,allocated
47,601,normal,0,0,65535_65535,1,9,87,103,0,1,0,7,0,28,1,1,pre_allocation
47,601,normal,0,0,65535_65535,1,9,87,118,1,1,1,8,118,28,1,1,allocated
47,601,normal,0,0,65535_65535,1,8,87,103,0,1,0,7,0,28,1,1,pre_allocation
47,601,normal,0,0,65535_65535,1,8,87,118,1,1,1,8,118,28,1,1,allocated
47,601,normal,0,0,65535_65535,1,7,87,109,0,1,0,8,0,26,1,1,pre_allocation
47,601,normal,0,0,65535_65535,1,7,87,123,1,1,1,9,123,26,1,1,allocated
47,601,normal,0,0,65535_65535,1,6,87,118,0,1,0,8,0,28,1,1,pre_allocation
47,601,normal,0,0,65535_65535,1,6,87,133,1,1,1,9,133,28,1,1,allocated
47,601,normal,0,0,65535_65535,1,9,87,118,0,1,0,8,0,28,1,1,pre_allocation
47,601,normal,0,0,65535_65535,1,9,87,133,1,1,1,9,133,28,1,1,allocated
47,601,normal,0,0,65535_65535,1,8,87,118,0,1,0,8,0,28,1,1,pre_allocation
47,601,normal,0,0,65535_65535,1,8,87,133,1,1,1,9,133,28,1,1,allocated
47,601,normal,0,0,65535_65535,1,7,87,123,0,1,0,9,0,26,1,1,pre_allocation
47,601,normal,0,0,65535_65535,1,7,87,137,1,1,1,10,137,26,1,1,allocated
47,601,normal,0,0,65535_65535,1,6,87,133,0,1,0,9,0,28,1,1,pre_allocation
47,601,normal,0,0,65535_65535,1,6,87,148,1,1,1,10,148,28,1,1,allocated
47,601,normal,0,0,65535_65535,1,9,87,133,0,1,0,9,0,28,1,1,pre_allocation
47,601,normal,0,0,65535_65535,1,9,87,148,1,1,1,10,148,28,1,1,allocated
47,601,normal,0,0,65535_65535,1,8,87,133,0,1,0,9,0,28,1,1,pre_allocation
47,601,normal,0,0,65535_65535,1,8,87,148,1,1,1,10,148,28,1,1,allocated
47,601,normal,0,0,65535_65535,1,7,87,137,0,1,0,10,0,26,1,1,pre_allocation
47,601,normal,0,0,65535_65535,1,7,87,151,1,1,1,11,151,26,1,1,allocated
47,601,normal,0,0,65535_65535,1,6,87,148,0,1,0,10,0,28,1,1,pre_allocation
47,601,normal,0,0,65535_65535,1,6,87,163,1,1,1,11,163,28,1,1,allocated
47,601,normal,0,0,65535_65535,1,9,87,148,0,1,0,10,0,28,1,1,pre_allocation
47,601,normal,0,0,65535_65535,1,9,87,163,1,1,1,11,163,28,1,1,allocated
47,601,normal,0,0,65535_65535,1,8,87,148,0,1,0,10,0,28,1,1,pre_allocation
47,601,normal,0,0,65535_65535,1,8,87,163,1,1,1,11,163,28,1,1,allocated
47,601,normal,0,0,65535_65535,1,7,87,151,0,1,0,11,0,26,1,1,pre_allocation
47,601,normal,0,0,65535_65535,1,7,87,165,1,1,1,12,165,26,1,1,allocated
47,601,normal,0,0,65535_65535,1,6,87,163,0,1,0,11,0,28,1,1,pre_allocation
47,601,normal,0,0,65535_65535,1,6,87,179,1,1,1,12,179,28,1,1,allocated
47,601,normal,0,0,65535_65535,1,9,87,163,0,1,0,11,0,28,1,1,pre_allocation
47,601,normal,0,0,65535_65535,1,9,87,179,1,1,1,12,179,28,1,1,allocated
47,601,normal,0,0,65535_65535,1,8,87,163,0,1,0,11,0,28,1,1,pre_allocation
47,601,normal,0,0,65535_65535,1,8,87,179,1,1,1,12,179,28,1,1,allocated
47,601,normal,0,0,65535_65535,1,7,87,165,0,1,0,12,0,26,1,1,pre_allocation
47,601,normal,0,0,65535_65535,1,7,87,179,1,1,1,13,179,26,1,1,allocated
47,601,normal,0,0,65535_65535,1,6,87,179,0,1,0,12,0,28,1,1,pre_allocation
47,601,normal,0,0,65535_65535,1,6,87,194,1,1,1,13,194,28,1,1,allocated
47,601,normal,0,0,65535_65535,1,9,87,179,0,1,0,12,0,28,1,1,pre_allocation
47,601,normal,0,0,65535_65535,1,9,87,194,1,1,1,13,194,28,1,1,allocated
47,601,normal,0,0,65535_65535,1,8,87,179,0,1,0,12,0,28,1,1,pre_allocation
47,601,normal,0,0,65535_65535,1,8,87,194,1,1,1,13,194,28,1,1,allocated
47,601,normal,0,0,65535_65535,1,7,87,179,0,1,0,13,0,26,1,1,pre_allocation
47,601,normal,0,0,65535_65535,1,7,87,193,1,1,1,14,193,26,1,1,allocated
47,601,normal,0,0,65535_65535,1,6,87,194,0,1,0,13,0,28,1,1,pre_allocation
47,601,normal,0,0,65535_65535,1,6,87,209,1,1,1,14,209,28,1,1,allocated
47,601,normal,0,0,65535_65535,1,9,87,194,0,1,0,13,0,28,1,1,pre_allocation
47,601,normal,0,0,65535_65535,1,9,87,209,1,1,1,14,209,28,1,1,allocated
47,601,normal,0,0,65535_65535,1,8,87,194,0,1,0,13,0,28,1,1,pre_allocation
47,601,normal,0,0,65535_65535,1,8,87,209,1,1,1,14,209,28,1,1,allocated
47,601,normal,0,0,65535_65535,1,7,87,193,0,1,0,14,0,26,1,1,pre_allocation
47,601,normal,0,0,65535_65535,1,7,87,207,1,1,1,15,207,26,1,1,allocated
47,601,normal,0,0,65535_65535,1,6,87,209,0,1,0,14,0,28,1,1,pre_allocation
47,601,normal,0,0,65535_65535,1,6,87,224,1,1,1,15,224,28,1,1,allocated
47,601,normal,0,0,65535_65535,1,9,87,209,0,1,0,14,0,28,1,1,pre_allocation
47,601,normal,0,0,65535_65535,1,9,87,224,1,1,1,15,224,28,1,1,allocated
47,601,normal,0,0,65535_65535,1,8,87,209,0,1,0,14,0,28,1,1,pre_allocation
47,601,normal,0,0,65535_65535,1,8,87,224,1,1,1,15,224,28,1,1,allocated
47,601,normal,0,0,65535_65535,1,7,87,207,0,1,0,15,0,26,1,1,pre_allocation
47,601,normal,0,0,65535_65535,1,7,87,221,1,1,1,16,221,26,1,1,allocated
47,601,normal,0,0,65535_65535,1,6,87,224,0,1,0,15,0,28,1,1,pre_allocation
47,601,normal,0,0,65535_65535,1,6,87,239,1,1,1,16,239,28,1,1,allocated
47,601,normal,0,0,65535_65535,1,9,87,224,0,1,0,15,0,28,1,1,pre_allocation
47,601,normal,0,0,65535_65535,1,9,87,239,1,1,1,16,239,28,1,1,allocated
47,601,normal,0,0,65535_65535,1,8,87,224,0,1,0,15,0,28,1,1,pre_allocation
47,601,normal,0,0,65535_65535,1,8,87,239,1,1,1,16,239,28,1,1,allocated
47,601,normal,0,0,65535_65535,1,7,87,221,0,1,0,16,0,26,1,1,pre_allocation
47,601,normal,0,0,65535_65535,1,7,87,235,1,1,1,17,235,26,1,1,allocated
47,601,normal,0,0,65535_65535,1,6,87,239,0,1,0,16,0,28,1,1,pre_allocation
47,601,normal,0,0,65535_65535,1,6,87,255,1,1,1,17,255,28,1,1,allocated
47,601,normal,0,0,65535_65535,1,9,87,239,0,1,0,16,0,28,1,1,pre_allocation
47,601,normal,0,0,65535_65535,1,9,87,255,1,1,1,17,255,28,1,1,allocated
47,601,normal,0,0,65535_65535,1,8,87,239,0,1,0,16,0,28,1,1,pre_allocation
47,601,normal,0,0,65535_65535,1,8,87,255,1,1,1,17,255,28,1,1,allocated
47,601,normal,0,0,65535_65535,1,7,87,235,0,1,0,17,0,26,1,1,pre_allocation
47,601,normal,0,0,65535_65535,1,7,87,249,1,1,1,18,249,26,1,1,allocated
47,601,normal,0,0,65535_65535,1,6,87,255,0,1,0,17,0,28,1,1,pre_allocation
47,601,normal,0,0,65535_65535,1,6,87,270,1,1,1,18,270,28,1,1,allocated
47,601,normal,0,0,65535_65535,1,9,87,255,0,1,0,17,0,28,1,1,pre_allocation
47,601,normal,0,0,65535_65535,1,9,87,270,1,1,1,18,270,28,1,1,allocated
47,601,normal,0,0,65535_65535,1,8,87,255,0,1,0,17,0,28,1,1,pre_allocation
47,601,normal,0,0,65535_65535,1,8,87,270,1,1,1,18,270,28,1,1,allocated
47,601,normal,0,0,65535_65535,1,7,87,249,0,1,0,18,0,26,1,1,pre_allocation
47,601,normal,0,0,65535_65535,1,7,87,263,1,1,1,19,263,26,1,1,allocated
47,601,normal,0,0,65535_65535,1,6,87,270,0,1,0,18,0,28,1,1,pre_allocation
47,601,normal,0,0,65535_65535,1,6,87,285,1,1,1,19,285,28,1,1,allocated
47,601,normal,0,0,65535_65535,1,9,87,270,0,1,0,18,0,28,1,1,pre_allocation
47,601,normal,0,0,65535_65535,1,9,87,285,1,1,1,19,285,28,1,1,allocated
47,601,normal,0,0,65535_65535,1,8,87,270,0,1,0,18,0,28,1,1,pre_allocation
47,601,normal,0,0,65535_65535,1,8,87,285,1,1,1,19,285,28,1,1,allocated
47,601,normal,0,0,65535_65535,1,7,87,263,0,1,0,19,0,26,1,1,pre_allocation
47,601,normal,0,0,65535_65535,1,7,87,277,1,1,1,20,277,26,1,1,allocated
47,601,normal,0,0,65535_65535,1,6,87,285,0,1,0,19,0,28,1,1,pre_allocation
47,601,normal,0,0,65535_65535,1,6,87,300,1,1,1,20,300,28,1,1,allocated
47,601,normal,0,0,65535_65535,1,9,87,285,0,1,0,19,0,28,1,1,pre_allocation
47,601,normal,0,0,65535_65535,1,9,87,300,1,1,1,20,300,28,1,1,allocated
47,601,normal,0,0,65535_65535,1,8,87,285,0,1,0,19,0,28,1,1,pre_allocation
47,601,normal,0,0,65535_65535,1,8,87,300,1,1,1,20,300,28,1,1,allocated
47,601,normal,0,0,65535_65535,1,7,87,277,0,1,0,20,0,26,1,1,pre_allocation
47,601,normal,0,0,65535_65535,1,7,87,291,1,1,1,21,291,26,1,1,allocated
47,601,normal,0,0,65535_65535,1,6,87,300,0,1,0,20,0,28,1,1,pre_allocation
47,601,normal,0,0,65535_65535,1,6,87,315,1,1,1,21,315,28,1,1,allocated
47,601,normal,0,0,65535_65535,1,9,87,300,0,1,0,20,0,28,1,1,pre_allocation
47,601,normal,0,0,65535_65535,1,9,87,315,1,1,1,21,315,28,1,1,allocated
47,601,normal,0,0,65535_65535,1,8,87,300,0,1,0,20,0,28,1,1,pre_allocation
47,601,normal,0,0,65535_65535,1,8,87,315,1,1,1,21,315,28,1,1,allocated
47,601,normal,0,0,65535_65535,1,7,87,291,0,1,0,21,0,26,1,1,pre_allocation
47,601,normal,0,0,65535_65535,1,7,87,305,1,1,1,22,305,26,1,1,allocated
47,601,normal,0,0,65535_65535,1,6,87,315,0,1,0,21,0,28,1,1,pre_allocation
47,601,normal,0,0,65535_65535,1,6,87,330,1,1,1,22,330,28,1,1,allocated
47,601,normal,0,0,65535_65535,1,9,87,315,0,1,0,21,0,28,1,1,pre_allocation
47,601,normal,0,0,65535_65535,1,9,87,330,1,1,1,22,330,28,1,1,allocated
47,601,normal,0,0,65535_65535,1,8,87,315,0,1,0,21,0,28,1,1,pre_allocation
47,601,normal,0,0,65535_65535,1,8,87,330,1,1,1,22,330,28,1,1,allocated
47,601,normal,0,0,65535_65535,1,7,87,305,0,1,0,22,0,26,1,1,pre_allocation
47,601,normal,0,0,65535_65535,1,7,87,319,1,1,1,23,319,26,1,1,allocated
47,601,normal,0,0,65535_65535,1,6,87,330,0,1,0,22,0,28,1,1,pre_allocation
47,601,normal,0,0,65535_65535,1,6,87,346,1,1,1,23,346,28,1,1,allocated
47,601,normal,0,0,65535_65535,1,9,87,330,0,1,0,22,0,28,1,1,pre_allocation
47,601,normal,0,0,65535_65535,1,9,87,346,1,1,1,23,346,28,1,1,allocated
47,601,normal,0,0,65535_65535,1,8,87,330,0,1,0,22,0,28,1,1,pre_allocation
47,601,normal,0,0,65535_65535,1,8,87,346,1,1,1,23,346,28,1,1,allocated
47,601,normal,0,0,65535_65535,1,7,87,319,0,1,0,23,0,26,1,1,pre_allocation
47,601,normal,0,0,65535_65535,1,7,87,333,1,1,1,24,333,26,1,1,allocated
47,601,normal,0,0,65535_65535,1,6,87,346,0,1,0,23,0,28,1,1,pre_allocation
47,601,normal,0,0,65535_65535,1,6,87,361,1,1,1,24,361,28,1,1,allocated
47,601,normal,0,0,65535_65535,1,9,87,346,0,1,0,23,0,28,1,1,pre_allocation
47,601,normal,0,0,65535_65535,1,9,87,361,1,1,1,24,361,28,1,1,allocated
47,601,normal,0,0,65535_65535,1,8,87,346,0,1,0,23,0,28,1,1,pre_allocation
47,601,normal,0,0,65535_65535,1,8,87,361,1,1,1,24,361,28,1,1,allocated
47,601,normal,0,0,65535_65535,1,7,87,333,0,1,0,24,0,26,1,1,pre_allocation
47,601,normal,0,0,65535_65535,1,7,87,347,1,1,1,25,347,26,1,1,allocated
47,601,normal,0,0,65535_65535,1,6,87,361,0,1,0,24,0,28,1,1,pre_allocation
47,601,normal,0,0,65535_65535,1,6,87,376,1,1,1,25,376,28,1,1,allocated
47,601,normal,0,0,65535_65535,1,9,87,361,0,1,0,24,0,28,1,1,pre_allocation
47,601,normal,0,0,65535_65535,1,9,87,376,1,1,1,25,376,28,1,1,allocated
47,601,normal,0,0,65535_65535,1,8,87,361,0,1,0,24,0,28,1,1,pre_allocation
47,601,normal,0,0,65535_65535,1,8,87,376,1,1,1,25,376,28,1,1,allocated
47,601,normal,0,0,65535_65535,1,7,87,347,0,1,0,25,0,26,1,1,pre_allocation
47,601,normal,0,0,65535_65535,1,7,87,361,1,1,1,26,361,26,1,1,allocated
47,601,normal,0,0,65535_65535,1,6,87,376,0,1,0,25,0,28,1,1,pre_allocation
47,601,normal,0,0,65535_65535,1,6,87,391,1,1,1,26,391,28,1,1,allocated
47,601,normal,0,0,65535_65535,1,9,87,376,0,1,0,25,0,28,1,1,pre_allocation
47,601,normal,0,0,65535_65535,1,9,87,391,1,1,1,26,391,28,1,1,allocated
47,601,normal,0,0,65535_65535,1,8,87,376,0,1,0,25,0,28,1,1,pre_allocation
47,601,normal,0,0,65535_65535,1,8,87,391,1,1,1,26,391,28,1,1,allocated
47,601,normal,0,0,65535_65535,1,7,87,361,0,1,0,26,0,26,1,1,pre_allocation
47,601,normal,0,0,65535_65535,1,7,87,375,1,1,1,27,375,26,1,1,allocated
47,601,normal,0,0,65535_65535,1,6,87,391,0,1,0,26,0,28,1,1,pre_allocation
47,601,normal,0,0,65535_65535,1,6,87,406,1,1,1,27,406,28,1,1,allocated
47,601,normal,0,0,65535_65535,1,9,87,391,0,1,0,26,0,28,1,1,pre_allocation
47,601,normal,0,0,65535_65535,1,9,87,406,1,1,1,27,406,28,1,1,allocated
47,601,normal,0,0,65535_65535,1,8,87,391,0,1,0,26,0,28,1,1,pre_allocation
47,601,normal,0,0,65535_65535,1,8,87,406,1,1,1,27,406,28,1,1,allocated
47,601,normal,0,0,65535_65535,1,7,87,375,0,1,0,27,0,26,1,1,pre_allocation
47,601,normal,0,0,65535_65535,1,7,87,389,1,1,1,28,389,26,1,1,allocated
47,601,normal,0,0,65535_65535,1,6,87,406,0,1,0,27,0,28,1,1,pre_allocation
47,601,normal,0,0,65535_65535,1,6,87,422,1,1,1,28,422,28,1,1,allocated
47,601,normal,0,0,65535_65535,1,9,87,406,0,1,0,27,0,28,1,1,pre_allocation
47,601,normal,0,0,65535_65535,1,9,87,422,1,1,1,28,422,28,1,1,allocated
47,601,normal,0,0,65535_65535,1,8,87,406,0,1,0,27,0,28,1,1,pre_allocation
47,601,normal,0,0,65535_65535,1,8,87,422,1,1,1,28,422,28,1,1,allocated
47,601,normal,0,0,65535_65535,1,7,87,389,0,1,0,28,0,26,1,1,pre_allocation
47,601,normal,0,0,65535_65535,1,7,87,403,1,1,1,29,403,26,1,1,allocated
47,601,normal,0,0,65535_65535,1,6,87,422,0,1,0,28,0,28,1,1,pre_allocation
47,601,normal,0,0,65535_65535,1,6,87,437,1,1,1,29,437,28,1,1,allocated
47,601,normal,0,0,65535_65535,1,9,87,422,0,1,0,28,0,28,1,1,pre_allocation
47,601,normal,0,0,65535_65535,1,9,87,437,1,1,1,29,437,28,1,1,allocated
47,601,normal,0,0,65535_65535,1,8,87,422,0,1,0,28,0,28,1,1,pre_allocation
47,601,normal,0,0,65535_65535,1,8,87,437,1,1,1,29,437,28,1,1,allocated
47,601,normal,0,0,65535_65535,1,7,87,403,0,1,0,29,0,26,1,1,pre_allocation
47,601,normal,0,0,65535_65535,1,7,87,417,1,1,1,30,417,26,1,1,allocated
47,601,normal,0,0,65535_65535,1,6,87,437,0,1,0,29,0,28,1,1,pre_allocation
47,601,normal,0,0,65535_65535,1,6,87,452,1,1,1,30,452,28,1,1,allocated
47,601,normal,0,0,65535_65535,1,9,87,437,0,1,0,29,0,28,1,1,pre_allocation
47,601,normal,0,0,65535_65535,1,9,87,452,1,1,1,30,452,28,1,1,allocated
47,601,normal,0,0,65535_65535,1,8,87,437,0,1,0,29,0,28,1,1,pre_allocation
47,601,normal,0,0,65535_65535,1,8,87,452,1,1,1,30,452,28,1,1,allocated
47,601,normal,0,0,65535_65535,1,7,87,417,0,1,0,30,0,26,1,1,pre_allocation
47,601,normal,0,0,65535_65535,1,7,87,431,1,1,1,31,431,26,1,1,allocated
47,601,normal,0,0,65535_65535,1,6,87,452,0,1,0,30,0,28,1,1,pre_allocation
47,601,normal,0,0,65535_65535,1,6,87,467,1,1,1,31,467,28,1,1,allocated
47,601,normal,0,0,65535_65535,1,9,87,452,0,1,0,30,0,28,1,1,pre_allocation
47,601,normal,0,0,65535_65535,1,9,87,467,1,1,1,31,467,28,1,1,allocated
47,601,normal,0,0,65535_65535,1,8,87,452,0,1,0,30,0,28,1,1,pre_allocation
47,601,normal,0,0,65535_65535,1,8,87,467,1,1,1,31,467,28,1,1,allocated
47,601,normal,0,0,65535_65535,1,7,87,431,0,1,0,31,0,26,1,1,pre_allocation
47,601,normal,0,0,65535_65535,1,7,87,445,1,1,1,32,445,26,1,1,allocated
47,601,normal,0,0,65535_65535,1,6,87,467,0,1,0,31,0,28,1,1,pre_allocation
47,601,normal,0,0,65535_65535,1,6,87,482,1,1,1,32,482,28,1,1,allocated
47,601,normal,0,0,65535_65535,1,9,87,467,0,1,0,31,0,28,1,1,pre_allocation
47,601,normal,0,0,65535_65535,1,9,87,482,1,1,1,32,482,28,1,1,allocated
47,601,normal,0,0,65535_65535,1,8,87,467,0,1,0,31,0,28,1,1,pre_allocation
47,601,normal,0,0,65535_65535,1,8,87,482,1,1,1,32,482,28,1,1,allocated
47,601,normal,0,0,65535_65535,1,7,87,445,0,1,0,32,0,26,1,1,pre_allocation
47,601,normal,0,0,65535_65535,1,7,87,459,1,1,1,33,459,26,1,1,allocated
47,601,normal,0,0,65535_65535,1,6,87,482,0,1,0,32,0,28,1,1,pre_allocation
47,601,normal,0,0,65535_65535,1,6,87,497,1,1,1,33,497,28,1,1,allocated
159,699,normal,0,0,65535_65535,0,5,335241,0,0,1,0,0,0,15,1,1,pre_allocation
159,699,normal,0,0,65535_65535,0,5,335241,14,1,1,1,1,14,15,1,1,allocated
159,699,normal,0,0,65535_65535,0,4,130260,0,0,1,0,0,0,16,1,1,pre_allocation
159,699,normal,0,0,65535_65535,0,4,130260,16,1,1,1,1,16,16,1,1,allocated
159,699,normal,0,0,65535_65535,0,1,3069,0,0,1,0,0,0,28,1,1,pre_allocation
159,699,normal,0,0,65535_65535,0,1,3069,42,1,1,1,1,42,28,1,1,allocated
159,699,normal,0,0,65535_65535,0,5,335241,14,0,1,0,1,0,15,1,1,pre_allocation
159,699,normal,0,0,65535_65535,0,5,335241,32,1,1,1,2,32,15,1,1,allocated
159,699,normal,0,0,65535_65535,0,4,130260,16,0,1,0,1,0,16,1,1,pre_allocation
159,699,normal,0,0,65535_65535,0,4,130260,36,1,1,1,2,36,16,1,1,allocated
159,699,normal,0,0,65535_65535,0,1,3069,42,0,1,0,1,0,28,1,1,pre_allocation
159,699,normal,0,0,65535_65535,0,1,3069,88,1,1,1,2,88,28,1,1,allocated
159,699,normal,0,0,65535_65535,0,5,335241,32,0,1,0,2,0,15,1,1,pre_allocation
159,699,normal,0,0,65535_65535,0,5,335241,50,1,1,1,3,50,15,1,1,allocated
159,699,normal,0,0,65535_65535,0,4,130260,36,0,1,0,2,0,16,1,1,pre_allocation
159,699,normal,0,0,65535_65535,0,4,130260,56,1,1,1,3,56,16,1,1,allocated
159,699,normal,0,0,65535_65535,0,1,3069,88,0,1,0,2,0,28,1,1,pre_allocation
159,699,normal,0,0,65535_65535,0,1,3069,133,1,1,1,3,133,28,1,1,allocated
159,699,normal,0,0,65535_65535,0,5,335241,50,0,1,0,3,0,15,1,1,pre_allocation
159,699,normal,0,0,65535_65535,0,5,335241,68,1,1,1,4,68,15,1,1,allocated
159,699,normal,0,0,65535_65535,0,4,130260,56,0,1,0,3,0,16,1,1,pre_allocation
159,699,normal,0,0,65535_65535,0,4,130260,76,1,1,1,4,76,16,1,1,allocated
159,699,normal,0,0,65535_65535,0,1,3069,133,0,1,0,3,0,28,1,1,pre_allocation
159,699,normal,0,0,65535_65535,0,1,3069,179,1,1,1,4,179,28,1,1,allocated
159,699,normal,0,0,65535_65535,0,5,335241,68,0,1,0,4,0,15,1,1,pre_allocation
159,699,normal,0,0,65535_65535,0,5,335241,86,1,1,1,5,86,15,1,1,allocated
159,699,normal,0,0,65535_65535,0,4,130260,76,0,1,0,4,0,16,1,1,pre_allocation
159,699,normal,0,0,65535_65535,0,4,130260,96,1,1,1,5,96,16,1,1,allocated
159,699,normal,0,0,65535_65535,0,1,3069,179,0,1,0,4,0,28,1,1,pre_allocation
159,699,normal,0,0,65535_65535,0,1,3069,224,1,1,1,5,224,28,1,1,allocated
159,699,normal,0,0,65535_65535,0,5,335241,86,0,1,0,5,0,15,1,1,pre_allocation
159,699,normal,0,0,65535_65535,0,5,335241,103,1,1,1,6,103,15,1,1,allocated
159,699,normal,0,0,65535_65535,0,4,130260,96,0,1,0,5,0,16,1,1,pre_allocation
159,699,normal,0,0,65535_65535,0,4,130260,115,1,1,1,6,115,16,1,1,allocated
159,699,normal,0,0,65535_65535,0,1,3069,224,0,1,0,5,0,28,1,1,pre_allocation
159,699,normal,0,0,65535_65535,0,1,3069,270,1,1,1,6,270,28,1,1,allocated
159,699,normal,0,0,65535_65535,0,5,335241,103,0,1,0,6,0,15,1,1,pre_allocation
159,699,normal,0,0,65535_65535,0,5,335241,121,1,1,1,7,121,15,1,1,allocated
159,699,normal,0,0,65535_65535,0,4,130260,115,0,1,0,6,0,16,1,1,pre_allocation
159,699,normal,0,0,65535_65535,0,4,130260,135,1,1,1,7,135,16,1,1,allocated
159,699,normal,0,0,65535_65535,0,1,3069,270,0,1,0,6,0,28,1,1,pre_allocation
159,699,normal,0,0,65535_65535,0,1,3069,315,1,1,1,7,315,28,1,1,allocated
159,699,normal,0,0,65535_65535,0,5,335241,121,0,1,0,7,0,15,1,1,pre_allocation
159,699,normal,0,0,65535_65535,0,5,335241,139,1,1,1,8,139,15,1,1,allocated
159,699,normal,0,0,65535_65535,0,4,130260,135,0,1,0,7,0,16,1,1,pre_allocation
159,699,normal,0,0,65535_65535,0,4,130260,155,1,1,1,8,155,16,1,1,allocated
159,699,normal,0,0,65535_65535,0,1,3069,315,0,1,0,7,0,28,1,1,pre_allocation
159,699,normal,0,0,65535_65535,0,1,3069,361,1,1,1,8,361,28,1,1,allocated
159,699,normal,0,0,65535_65535,0,5,335241,139,0,1,0,8,0,15,1,1,pre_allocation
159,699,normal,0,0,65535_65535,0,5,335241,157,1,1,1,9,157,15,1,1,allocated
159,699,normal,0,0,65535_65535,0,4,130260,155,0,1,0,8,0,16,1,1,pre_allocation
159,699,normal,0,0,65535_65535,0,4,130260,175,1,1,1,9,175,16,1,1,allocated
159,699,normal,0,0,65535_65535,0,1,3069,361,0,1,0,8,0,28,1,1,pre_allocation
159,699,normal,0,0,65535_65535,0,1,3069,406,1,1,1,9,406,28,1,1,allocated
159,699,normal,0,0,65535_65535,0,5,335241,157,0,1,0,9,0,15,1,1,pre_allocation
159,699,normal,0,0,65535_65535,0,5,335241,175,1,1,1,10,175,15,1,1,allocated
159,699,normal,0,0,65535_65535,0,4,130260,175,0,1,0,9,0,16,1,1,pre_allocation
159,699,normal,0,0,65535_65535,0,4,130260,195,1,1,1,10,195,16,1,1,allocated
159,699,normal,0,0,65535_65535,0,1,3069,406,0,1,0,9,0,28,1,1,pre_allocation
159,699,normal,0,0,65535_65535,0,1,3069,452,1,1,1,10,452,28,1,1,allocated
159,699,normal,0,0,65535_65535,0,5,335241,175,0,1,0,10,0,15,1,1,pre_allocation
159,699,normal,0,0,65535_65535,0,5,335241,193,1,1,1,11,193,15,1,1,allocated
159,699,normal,0,0,65535_65535,0,4,130260,195,0,1,0,10,0,16,1,1,pre_allocation
159,699,normal,0,0,65535_65535,0,4,130260,214,1,1,1,11,214,16,1,1,allocated
159,699,normal,0,0,65535_65535,0,1,3069,452,0,1,0,10,0,28,1,1,pre_allocation
159,699,normal,0,0,65535_65535,0,1,3069,497,1,1,1,11,497,28,1,1,allocated
159,699,normal,0,0,65535_65535,0,5,335241,193,0,1,0,11,0,15,1,1,pre_allocation
159,699,normal,0,0,65535_65535,0,5,335241,210,1,1,1,12,210,15,1,1,allocated
159,699,normal,0,0,65535_65535,0,4,130260,214,0,1,0,11,0,16,1,1,pre_allocation
159,699,normal,0,0,65535_65535,0,4,130260,234,1,1,1,12,234,16,1,1,allocated
159,699,normal,0,0,65535_65535,0,1,3069,497,0,1,0,11,0,28,1,1,pre_allocation
159,699,normal,0,0,65535_65535,0,1,3069,543,1,1,1,12,543,28,1,1,allocated
159,699,normal,0,0,65535_65535,0,5,335241,210,0,1,0,12,0,15,1,1,pre_allocation
159,699,normal,0,0,65535_65535,0,5,335241,228,1,1,1,13,228,15,1,1,allocated
159,699,normal,0,0,65535_65535,0,4,130260,234,0,1,0,12,0,16,1,1,pre_allocation
159,699,normal,0,0,65535_65535,0,4,130260,254,1,1,1,13,254,16,1,1,allocated
159,699,normal,0,0,65535_65535,0,1,3069,543,0,1,0,12,0,28,1,1,pre_allocation
159,699,normal,0,0,65535_65535,0,1,3069,589,1,1,1,13,589,28,1,1,allocated
159,699,normal,0,0,65535_65535,0,5,335241,228,0,1,0,13,0,15,1,1,pre_allocation
159,699,normal,0,0,65535_65535,0,5,335241,246,1,1,1,14,246,15,1,1,allocated
159,699,normal,0,0,65535_65535,0,4,130260,254,0,1,0,13,0,16,1,1,pre_allocation
159,699,normal,0,0,65535_65535,0,4,130260,274,1,1,1,14,274,16,1,1,allocated
159,699,normal,0,0,65535_65535,0,1,3069,589,0,1,0,13,0,28,1,1,pre_allocation
159,699,normal,0,0,65535_65535,0,1,3069,634,1,1,1,14,634,28,1,1,allocated
159,699,normal,0,0,65535_65535,0,5,335241,246,0,1,0,14,0,15,1,1,pre_allocation
159,699,normal,0,0,65535_65535,0,5,335241,264,1,1,1,15,264,15,1,1,allocated
159,699,normal,0,0,65535_65535,0,4,130260,274,0,1,0,14,0,16,1,1,pre_allocation
159,699,normal,0,0,65535_65535,0,4,130260,294,1,1,1,15,294,16,1,1,allocated
159,699,normal,0,0,65535_65535,0,1,3069,634,0,1,0,14,0,28,1,1,pre_allocation
159,699,normal,0,0,65535_65535,0,1,3069,680,1,1,1,15,680,28,1,1,allocated
159,699,normal,0,0,65535_65535,0,5,335241,264,0,1,0,15,0,15,1,1,pre_allocation
159,699,normal,0,0,65535_65535,0,5,335241,282,1,1,1,16,282,15,1,1,allocated
159,699,normal,0,0,65535_65535,0,4,130260,294,0,1,0,15,0,16,1,1,pre_allocation
159,699,normal,0,0,65535_65535,0,4,130260,313,1,1,1,16,313,16,1,1,allocated
159,699,normal,0,0,65535_65535,0,1,3069,680,0,1,0,15,0,28,1,1,pre_allocation
159,699,normal,0,0,65535_65535,0,1,3069,725,1,1,1,16,725,28,1,1,allocated
159,699,normal,0,0,65535_65535,0,5,335241,282,0,1,0,16,0,15,1,1,pre_allocation
159,699,normal,0,0,65535_65535,0,5,335241,299,1,1,1,17,299,15,1,1,allocated
159,699,normal,0,0,65535_65535,0,4,130260,313,0,1,0,16,0,16,1,1,pre_allocation
159,699,normal,0,0,65535_65535,0,4,130260,333,1,1,1,17,333,16,1,1,allocated
159,699,normal,0,0,65535_65535,0,1,3069,725,0,1,0,16,0,28,1,1,pre_allocation
159,699,normal,0,0,65535_65535,0,1,3069,771,1,1,1,17,771,28,1,1,allocated
159,699,normal,0,0,65535_65535,0,5,335241,299,0,1,0,17,0,15,1,1,pre_allocation
159,699,normal,0,0,65535_65535,0,5,335241,317,1,1,1,18,317,15,1,1,allocated
159,699,normal,0,0,65535_65535,0,4,130260,333,0,1,0,17,0,16,1,1,pre_allocation
159,699,normal,0,0,65535_65535,0,4,130260,353,1,1,1,18,353,16,1,1,allocated
159,699,normal,0,0,65535_65535,0,1,3069,771,0,1,0,17,0,28,1,1,pre_allocation
159,699,normal,0,0,65535_65535,0,1,3069,816,1,1,1,18,816,28,1,1,allocated
159,699,normal,0,0,65535_65535,0,5,335241,317,0,1,0,18,0,15,1,1,pre_allocation
159,699,normal,0,0,65535_65535,0,5,335241,335,1,1,1,19,335,15,1,1,allocated
159,699,normal,0,0,65535_65535,0,4,130260,353,0,1,0,18,0,16,1,1,pre_allocation
159,699,normal,0,0,65535_65535,0,4,130260,373,1,1,1,19,373,16,1,1,allocated
159,699,normal,0,0,65535_65535,0,1,3069,816,0,1,0,18,0,28,1,1,pre_allocation
159,699,normal,0,0,65535_65535,0,1,3069,862,1,1,1,19,862,28,1,1,allocated
159,699,normal,0,0,65535_65535,0,5,335241,335,0,1,0,19,0,15,1,1,pre_allocation
159,699,normal,0,0,65535_65535,0,5,335241,353,1,1,1,20,353,15,1,1,allocated
159,699,normal,0,0,65535_65535,0,4,130260,373,0,1,0,19,0,16,1,1,pre_allocation
159,699,normal,0,0,65535_65535,0,4,130260,393,1,1,1,20,393,16,1,1,allocated
159,699,normal,0,0,65535_65535,0,1,3069,862,0,1,0,19,0,28,1,1,pre_allocation
159,699,normal,0,0,65535_65535,0,1,3069,907,1,1,1,20,907,28,1,1,allocated
159,699,normal,0,0,65535_65535,0,5,335241,353,0,1,0,20,0,15,1,1,pre_allocation
159,699,normal,0,0,65535_65535,0,5,335241,371,1,1,1,21,371,15,1,1,allocated
159,699,normal,0,0,65535_65535,0,4,130260,393,0,1,0,20,0,16,1,1,pre_allocation
159,699,normal,0,0,65535_65535,0,4,130260,412,1,1,1,21,412,16,1,1,allocated
159,699,normal,0,0,65535_65535,0,1,3069,907,0,1,0,20,0,28,1,1,pre_allocation
159,699,normal,0,0,65535_65535,0,1,3069,953,1,1,1,21,953,28,1,1,allocated
159,699,normal,0,0,65535_65535,0,5,335241,371,0,1,0,21,0,15,1,1,pre_allocation
159,699,normal,0,0,65535_65535,0,5,335241,389,1,1,1,22,389,15,1,1,allocated
159,699,normal,0,0,65535_65535,0,4,130260,412,0,1,0,21,0,16,1,1,pre_allocation
159,699,normal,0,0,65535_65535,0,4,130260,432,1,1,1,22,432,16,1,1,allocated
159,699,normal,0,0,65535_65535,0,1,3069,953,0,1,0,21,0,28,1,1,pre_allocation
159,699,normal,0,0,65535_65535,0,1,3069,998,1,1,1,22,998,28,1,1,allocated
159,699,normal,0,0,65535_65535,0,5,335241,389,0,1,0,22,0,15,1,1,pre_allocation
159,699,normal,0,0,65535_65535,0,5,335241,406,1,1,1,23,406,15,1,1,allocated
159,699,normal,0,0,65535_65535,0,4,130260,432,0,1,0,22,0,16,1,1,pre_allocation
159,699,normal,0,0,65535_65535,0,4,130260,452,1,1,1,23,452,16,1,1,allocated
159,699,normal,0,0,65535_65535,0,1,3069,998,0,1,0,22,0,28,1,1,pre_allocation
159,699,normal,0,0,65535_65535,0,1,3069,1044,1,1,1,23,1044,28,1,1,allocated
159,699,normal,0,0,65535_65535,0,5,335241,406,0,1,0,23,0,15,1,1,pre_allocation
159,699,normal,0,0,65535_65535,0,5,335241,424,1,1,1,24,424,15,1,1,allocated
159,699,normal,0,0,65535_65535,0,4,130260,452,0,1,0,23,0,16,1,1,pre_allocation
159,699,normal,0,0,65535_65535,0,4,130260,472,1,1,1,24,472,16,1,1,allocated
159,699,normal,0,0,65535_65535,0,1,3069,1044,0,1,0,23,0,28,1,1,pre_allocation
159,699,normal,0,0,65535_65535,0,1,3069,1089,1,1,1,24,1089,28,1,1,allocated
159,699,normal,0,0,65535_65535,0,5,335241,424,0,1,0,24,0,15,1,1,pre_allocation
159,699,normal,0,0,65535_65535,0,5,335241,442,1,1,1,25,442,15,1,1,allocated
159,699,normal,0,0,65535_65535,0,4,130260,472,0,1,0,24,0,16,1,1,pre_allocation
159,699,normal,0,0,65535_65535,0,4,130260,492,1,1,1,25,492,16,1,1,allocated
159,699,normal,0,0,65535_65535,0,1,3069,1089,0,1,0,24,0,28,1,1,pre_allocation
159,699,normal,0,0,65535_65535,0,1,3069,1135,1,1,1,25,1135,28,1,1,allocated
159,699,normal,0,0,65535_65535,1,7,87,0,0,1,0,0,0,28,1,1,pre_allocation
159,699,normal,0,0,65535_65535,1,7,87,42,1,1,1,1,42,28,1,1,allocated
159,699,normal,0,0,65535_65535,1,8,87,0,0,1,0,0,0,28,1,1,pre_allocation
159,699,normal,0,0,65535_65535,1,8,87,42,1,1,1,1,42,28,1,1,allocated
159,699,normal,0,0,65535_65535,1,9,87,0,0,1,0,0,0,28,1,1,pre_allocation
159,699,normal,0,0,65535_65535,1,9,87,42,1,1,1,1,42,28,1,1,allocated
159,699,normal,0,0,65535_65535,1,6,87,0,0,1,0,0,0,28,1,1,pre_allocation
159,699,normal,0,0,65535_65535,1,6,87,42,1,1,1,1,42,28,1,1,allocated
159,699,normal,0,0,65535_65535,1,7,87,42,0,1,0,1,0,28,1,1,pre_allocation
159,699,normal,0,0,65535_65535,1,7,87,88,1,1,1,2,88,28,1,1,allocated
159,699,normal,0,0,65535_65535,1,8,87,42,0,1,0,1,0,28,1,1,pre_allocation
159,699,normal,0,0,65535_65535,1,8,87,88,1,1,1,2,88,28,1,1,allocated
159,699,normal,0,0,65535_65535,1,9,87,42,0,1,0,1,0,28,1,1,pre_allocation
159,699,normal,0,0,65535_65535,1,9,87,88,1,1,1,2,88,28,1,1,allocated
159,699,normal,0,0,65535_65535,1,6,87,42,0,1,0,1,0,28,1,1,pre_allocation
159,699,normal,0,0,65535_65535,1,6,87,88,1,1,1,2,88,28,1,1,allocated
159,699,normal,0,0,65535_65535,1,7,87,88,0,1,0,2,0,28,1,1,pre_allocation
159,699,normal,0,0,65535_65535,1,7,87,133,1,1,1,3,133,28,1,1,allocated
159,699,normal,0,0,65535_65535,1,8,87,88,0,1,0,2,0,28,1,1,pre_allocation
159,699,normal,0,0,65535_65535,1,8,87,133,1,1,1,3,133,28,1,1,allocated
159,699,normal,0,0,65535_65535,1,9,87,88,0,1,0,2,0,28,1,1,pre_allocation
159,699,normal,0,0,65535_65535,1,9,87,133,1,1,1,3,133,28,1,1,allocated
159,699,normal,0,0,65535_65535,1,6,87,88,0,1,0,2,0,28,1,1,pre_allocation
159,699,normal,0,0,65535_65535,1,6,87,133,1,1,1,3,133,28,1,1,allocated
159,699,normal,0,0,65535_65535,1,7,87,133,0,1,0,3,0,28,1,1,pre_allocation
159,699,normal,0,0,65535_65535,1,7,87,179,1,1,1,4,179,28,1,1,allocated
159,699,normal,0,0,65535_65535,1,8,87,133,0,1,0,3,0,28,1,1,pre_allocation
159,699,normal,0,0,65535_65535,1,8,87,179,1,1,1,4,179,28,1,1,allocated
159,699,normal,0,0,65535_65535,1,9,87,133,0,1,0,3,0,28,1,1,pre_allocation
159,699,normal,0,0,65535_65535,1,9,87,179,1,1,1,4,179,28,1,1,allocated
159,699,normal,0,0,65535_65535,1,6,87,133,0,1,0,3,0,28,1,1,pre_allocation
159,699,normal,0,0,65535_65535,1,6,87,179,1,1,1,4,179,28,1,1,allocated
159,699,normal,0,0,65535_65535,1,7,87,179,0,1,0,4,0,28,1,1,pre_allocation
159,699,normal,0,0,65535_65535,1,7,87,224,1,1,1,5,224,28,1,1,allocated
159,699,normal,0,0,65535_65535,1,8,87,179,0,1,0,4,0,28,1,1,pre_allocation
159,699,normal,0,0,65535_65535,1,8,87,224,1,1,1,5,224,28,1,1,allocated
159,699,normal,0,0,65535_65535,1,9,87,179,0,1,0,4,0,28,1,1,pre_allocation
159,699,normal,0,0,65535_65535,1,9,87,224,1,1,1,5,224,28,1,1,allocated
159,699,normal,0,0,65535_65535,1,6,87,179,0,1,0,4,0,28,1,1,pre_allocation
159,699,normal,0,0,65535_65535,1,6,87,224,1,1,1,5,224,28,1,1,allocated
159,699,normal,0,0,65535_65535,1,7,87,224,0,1,0,5,0,28,1,1,pre_allocation
159,699,normal,0,0,65535_65535,1,7,87,270,1,1,1,6,270,28,1,1,allocated
159,699,normal,0,0,65535_65535,1,8,87,224,0,1,0,5,0,28,1,1,pre_allocation
159,699,normal,0,0,65535_65535,1,8,87,270,1,1,1,6,270,28,1,1,allocated
159,699,normal,0,0,65535_65535,1,9,87,224,0,1,0,5,0,28,1,1,pre_allocation
159,699,normal,0,0,65535_65535,1,9,87,270,1,1,1,6,270,28,1,1,allocated
159,699,normal,0,0,65535_65535,1,6,87,224,0,1,0,5,0,28,1,1,pre_allocation
159,699,normal,0,0,65535_65535,1,6,87,270,1,1,1,6,270,28,1,1,allocated
159,699,normal,0,0,65535_65535,1,7,87,270,0,1,0,6,0,28,1,1,pre_allocation
159,699,normal,0,0,65535_65535,1,7,87,315,1,1,1,7,315,28,1,1,allocated
159,699,normal,0,0,65535_65535,1,8,87,270,0,1,0,6,0,28,1,1,pre_allocation
159,699,normal,0,0,65535_65535,1,8,87,315,1,1,1,7,315,28,1,1,allocated
159,699,normal,0,0,65535_65535,1,9,87,270,0,1,0,6,0,28,1,1,pre_allocation
159,699,normal,0,0,65535_65535,1,9,87,315,1,1,1,7,315,28,1,1,allocated
159,699,normal,0,0,65535_65535,1,6,87,270,0,1,0,6,0,28,1,1,pre_allocation
159,699,normal,0,0,65535_65535,1,6,87,315,1,1,1,7,315,28,1,1,allocated
159,699,normal,0,0,65535_65535,1,7,87,315,0,1,0,7,0,28,1,1,pre_allocation
159,699,normal,0,0,65535_65535,1,7,87,361,1,1,1,8,361,28,1,1,allocated
159,699,normal,0,0,65535_65535,1,8,87,315,0,1,0,7,0,28,1,1,pre_allocation
159,699,normal,0,0,65535_65535,1,8,87,361,1,1,1,8,361,28,1,1,allocated
159,699,normal,0,0,65535_65535,1,9,87,315,0,1,0,7,0,28,1,1,pre_allocation
159,699,normal,0,0,65535_65535,1,9,87,361,1,1,1,8,361,28,1,1,allocated
159,699,normal,0,0,65535_65535,1,6,87,315,0,1,0,7,0,28,1,1,pre_allocation
159,699,normal,0,0,65535_65535,1,6,87,361,1,1,1,8,361,28,1,1,allocated
159,699,normal,0,0,65535_65535,1,7,87,361,0,1,0,8,0,28,1,1,pre_allocation
159,699,normal,0,0,65535_65535,1,7,87,406,1,1,1,9,406,28,1,1,allocated
159,699,normal,0,0,65535_65535,1,8,87,361,0,1,0,8,0,28,1,1,pre_allocation
159,699,normal,0,0,65535_65535,1,8,87,406,1,1,1,9,406,28,1,1,allocated
159,699,normal,0,0,65535_65535,1,9,87,361,0,1,0,8,0,28,1,1,pre_allocation
159,699,normal,0,0,65535_65535,1,9,87,406,1,1,1,9,406,28,1,1,allocated
159,699,normal,0,0,65535_65535,1,6,87,361,0,1,0,8,0,28,1,1,pre_allocation
159,699,normal,0,0,65535_65535,1,6,87,406,1,1,1,9,406,28,1,1,allocated
159,699,normal,0,0,65535_65535,1,7,87,406,0,1,0,9,0,28,1,1,pre_allocation
159,699,normal,0,0,65535_65535,1,7,87,452,1,1,1,10,452,28,1,1,allocated
159,699,normal,0,0,65535_65535,1,8,87,406,0,1,0,9,0,28,1,1,pre_allocation
159,699,normal,0,0,65535_65535,1,8,87,452,1,1,1,10,452,28,1,1,allocated
159,699,normal,0,0,65535_65535,1,9,87,406,0,1,0,9,0,28,1,1,pre_allocation
159,699,normal,0,0,65535_65535,1,9,87,452,1,1,1,10,452,28,1,1,allocated
159,699,normal,0,0,65535_65535,1,6,87,406,0,1,0,9,0,28,1,1,pre_allocation
159,699,normal,0,0,65535_65535,1,6,87,452,1,1,1,10,452,28,1,1,allocated
159,699,normal,0,0,65535_65535,1,7,87,452,0,1,0,10,0,28,1,1,pre_allocation
159,699,normal,0,0,65535_65535,1,7,87,497,1,1,1,11,497,28,1,1,allocated
159,699,normal,0,0,65535_65535,1,8,87,452,0,1,0,10,0,28,1,1,pre_allocation
159,699,normal,0,0,65535_65535,1,8,87,497,1,1,1,11,497,28,1,1,allocated
159,699,normal,0,0,65535_65535,1,9,87,452,0,1,0,10,0,28,1,1,pre_allocation
159,699,normal,0,0,65535_65535,1,9,87,497,1,1,1,11,497,28,1,1,allocated
159,699,normal,0,0,65535_65535,1,6,87,452,0,1,0,10,0,28,1,1,pre_allocation
159,699,normal,0,0,65535_65535,1,6,87,497,1,1,1,11,497,28,1,1,allocated
159,699,normal,0,0,65535_65535,1,7,87,497,0,1,0,11,0,28,1,1,pre_allocation
159,699,normal,0,0,65535_65535,1,7,87,543,1,1,1,12,543,28,1,1,allocated
159,699,normal,0,0,65535_65535,1,8,87,497,0,1,0,11,0,28,1,1,pre_allocation
159,699,normal,0,0,65535_65535,1,8,87,543,1,1,1,12,543,28,1,1,allocated
159,699,normal,0,0,65535_65535,1,9,87,497,0,1,0,11,0,28,1,1,pre_allocation
159,699,normal,0,0,65535_65535,1,9,87,543,1,1,1,12,543,28,1,1,allocated
159,699,normal,0,0,65535_65535,1,6,87,497,0,1,0,11,0,28,1,1,pre_allocation
159,699,normal,0,0,65535_65535,1,6,87,543,1,1,1,12,543,28,1,1,allocated
159,699,normal,0,0,65535_65535,1,7,87,543,0,1,0,12,0,28,1,1,pre_allocation
159,699,normal,0,0,65535_65535,1,7,87,589,1,1,1,13,589,28,1,1,allocated
159,699,normal,0,0,65535_65535,1,8,87,543,0,1,0,12,0,28,1,1,pre_allocation
159,699,normal,0,0,65535_65535,1,8,87,589,1,1,1,13,589,28,1,1,allocated
159,699,normal,0,0,65535_65535,1,9,87,543,0,1,0,12,0,28,1,1,pre_allocation
159,699,normal,0,0,65535_65535,1,9,87,589,1,1,1,13,589,28,1,1,allocated
159,699,normal,0,0,65535_65535,1,6,87,543,0,1,0,12,0,28,1,1,pre_allocation
159,699,normal,0,0,65535_65535,1,6,87,589,1,1,1,13,589,28,1,1,allocated
159,699,normal,0,0,65535_65535,1,7,87,589,0,1,0,13,0,28,1,1,pre_allocation
159,699,normal,0,0,65535_65535,1,7,87,634,1,1,1,14,634,28,1,1,allocated
159,699,normal,0,0,65535_65535,1,8,87,589,0,1,0,13,0,28,1,1,pre_allocation
159,699,normal,0,0,65535_65535,1,8,87,634,1,1,1,14,634,28,1,1,allocated
159,699,normal,0,0,65535_65535,1,9,87,589,0,1,0,13,0,28,1,1,pre_allocation
159,699,normal,0,0,65535_65535,1,9,87,634,1,1,1,14,634,28,1,1,allocated
159,699,normal,0,0,65535_65535,1,6,87,589,0,1,0,13,0,28,1,1,pre_allocation
159,699,normal,0,0,65535_65535,1,6,87,634,1,1,1,14,634,28,1,1,allocated
159,699,normal,0,0,65535_65535,1,7,87,634,0,1,0,14,0,28,1,1,pre_allocation
159,699,normal,0,0,65535_65535,1,7,87,680,1,1,1,15,680,28,1,1,allocated
159,699,normal,0,0,65535_65535,1,8,87,634,0,1,0,14,0,28,1,1,pre_allocation
159,699,normal,0,0,65535_65535,1,8,87,680,1,1,1,15,680,28,1,1,allocated
159,699,normal,0,0,65535_65535,1,9,87,634,0,1,0,14,0,28,1,1,pre_allocation
159,699,normal,0,0,65535_65535,1,9,87,680,1,1,1,15,680,28,1,1,allocated
159,699,normal,0,0,65535_65535,1,6,87,634,0,1,0,14,0,28,1,1,pre_allocation
159,699,normal,0,0,65535_65535,1,6,87,680,1,1,1,15,680,28,1,1,allocated
159,699,normal,0,0,65535_65535,1,7,87,680,0,1,0,15,0,28,1,1,pre_allocation
159,699,normal,0,0,65535_65535,1,7,87,725,1,1,1,16,725,28,1,1,allocated
159,699,normal,0,0,65535_65535,1,8,87,680,0,1,0,15,0,28,1,1,pre_allocation
159,699,normal,0,0,65535_65535,1,8,87,725,1,1,1,16,725,28,1,1,allocated
159,699,normal,0,0,65535_65535,1,9,87,680,0,1,0,15,0,28,1,1,pre_allocation
159,699,normal,0,0,65535_65535,1,9,87,725,1,1,1,16,725,28,1,1,allocated
159,699,normal,0,0,65535_65535,1,6,87,680,0,1,0,15,0,28,1,1,pre_allocation
159,699,normal,0,0,65535_65535,1,6,87,725,1,1,1,16,725,28,1,1,allocated
159,699,normal,0,0,65535_65535,1,7,87,725,0,1,0,16,0,28,1,1,pre_allocation
159,699,normal,0,0,65535_65535,1,7,87,771,1,1,1,17,771,28,1,1,allocated
159,699,normal,0,0,65535_65535,1,8,87,725,0,1,0,16,0,28,1,1,pre_allocation
159,699,normal,0,0,65535_65535,1,8,87,771,1,1,1,17,771,28,1,1,allocated
159,699,normal,0,0,65535_65535,1,9,87,725,0,1,0,16,0,28,1,1,pre_allocation
159,699,normal,0,0,65535_65535,1,9,87,771,1,1,1,17,771,28,1,1,allocated
159,699,normal,0,0,65535_65535,1,6,87,725,0,1,0,16,0,28,1,1,pre_allocation
159,699,normal,0,0,65535_65535,1,6,87,771,1,1,1,17,771,28,1,1,allocated
159,699,normal,0,0,65535_65535,1,7,87,771,0,1,0,17,0,28,1,1,pre_allocation
159,699,normal,0,0,65535_65535,1,7,87,816,1,1,1,18,816,28,1,1,allocated
159,699,normal,0,0,65535_65535,1,8,87,771,0,1,0,17,0,28,1,1,pre_allocation
159,699,normal,0,0,65535_65535,1,8,87,816,1,1,1,18,816,28,1,1,allocated
159,699,normal,0,0,65535_65535,1,9,87,771,0,1,0,17,0,28,1,1,pre_allocation
159,699,normal,0,0,65535_65535,1,9,87,816,1,1,1,18,816,28,1,1,allocated
159,699,normal,0,0,65535_65535,1,6,87,771,0,1,0,17,0,28,1,1,pre_allocation
159,699,normal,0,0,65535_65535,1,6,87,816,1,1,1,18,816,28,1,1,allocated
159,699,normal,0,0,65535_65535,1,7,87,816,0,1,0,18,0,28,1,1,pre_allocation
159,699,normal,0,0,65535_65535,1,7,87,862,1,1,1,19,862,28,1,1,allocated
159,699,normal,0,0,65535_65535,1,8,87,816,0,1,0,18,0,28,1,1,pre_allocation
159,699,normal,0,0,65535_65535,1,8,87,862,1,1,1,19,862,28,1,1,allocated
159,699,normal,0,0,65535_65535,1,9,87,816,0,1,0,18,0,28,1,1,pre_allocation
159,699,normal,0,0,65535_65535,1,9,87,862,1,1,1,19,862,28,1,1,allocated
159,699,normal,0,0,65535_65535,1,6,87,816,0,1,0,18,0,28,1,1,pre_allocation
159,699,normal,0,0,65535_65535,1,6,87,862,1,1,1,19,862,28,1,1,allocated
159,699,normal,0,0,65535_65535,1,7,87,862,0,1,0,19,0,28,1,1,pre_allocation
159,699,normal,0,0,65535_65535,1,7,87,907,1,1,1,20,907,28,1,1,allocated
159,699,normal,0,0,65535_65535,1,8,87,862,0,1,0,19,0,28,1,1,pre_allocation
159,699,normal,0,0,65535_65535,1,8,87,907,1,1,1,20,907,28,1,1,allocated
159,699,normal,0,0,65535_65535,1,9,87,862,0,1,0,19,0,28,1,1,pre_allocation
159,699,normal,0,0,65535_65535,1,9,87,907,1,1,1,20,907,28,1,1,allocated
159,699,normal,0,0,65535_65535,1,6,87,862,0,1,0,19,0,28,1,1,pre_allocation
159,699,normal,0,0,65535_65535,1,6,87,907,1,1,1,20,907,28,1,1,allocated
159,699,normal,0,0,65535_65535,1,7,87,907,0,1,0,20,0,28,1,1,pre_allocation
159,699,normal,0,0,65535_65535,1,7,87,953,1,1,1,21,953,28,1,1,allocated
159,699,normal,0,0,65535_65535,1,8,87,907,0,1,0,20,0,28,1,1,pre_allocation
159,699,normal,0,0,65535_65535,1,8,87,953,1,1,1,21,953,28,1,1,allocated
159,699,normal,0,0,65535_65535,1,9,87,907,0,1,0,20,0,28,1,1,pre_allocation
159,699,normal,0,0,65535_65535,1,9,87,953,1,1,1,21,953,28,1,1,allocated
159,699,normal,0,0,65535_65535,1,6,87,907,0,1,0,20,0,28,1,1,pre_allocation
159,699,normal,0,0,65535_65535,1,6,87,953,1,1,1,21,953,28,1,1,allocated
159,699,normal,0,0,65535_65535,1,7,87,953,0,1,0,21,0,28,1,1,pre_allocation
159,699,normal,0,0,65535_65535,1,7,87,998,1,1,1,22,998,28,1,1,allocated
159,699,normal,0,0,65535_65535,1,8,87,953,0,1,0,21,0,28,1,1,pre_allocation
159,699,normal,0,0,65535_65535,1,8,87,998,1,1,1,22,998,28,1,1,allocated
159,699,normal,0,0,65535_65535,1,9,87,953,0,1,0,21,0,28,1,1,pre_allocation
159,699,normal,0,0,65535_65535,1,9,87,998,1,1,1,22,998,28,1,1,allocated
159,699,normal,0,0,65535_65535,1,6,87,953,0,1,0,21,0,28,1,1,pre_allocation
159,699,normal,0,0,65535_65535,1,6,87,998,1,1,1,22,998,28,1,1,allocated
159,699,normal,0,0,65535_65535,1,7,87,998,0,1,0,22,0,28,1,1,pre_allocation
159,699,normal,0,0,65535_65535,1,7,87,1044,1,1,1,23,1044,28,1,1,allocated
159,699,normal,0,0,65535_65535,1,8,87,998,0,1,0,22,0,28,1,1,pre_allocation
159,699,normal,0,0,65535_65535,1,8,87,1044,1,1,1,23,1044,28,1,1,allocated
159,699,normal,0,0,65535_65535,1,9,87,998,0,1,0,22,0,28,1,1,pre_allocation
159,699,normal,0,0,65535_65535,1,9,87,1044,1,1,1,23,1044,28,1,1,allocated
159,699,normal,0,0,65535_65535,1,6,87,998,0,1,0,22,0,28,1,1,pre_allocation
159,699,normal,0,0,65535_65535,1,6,87,1044,1,1,1,23,1044,28,1,1,allocated
159,699,normal,0,0,65535_65535,1,7,87,1044,0,1,0,23,0,28,1,1,pre_allocation
159,699,normal,0,0,65535_65535,1,7,87,1089,1,1,1,24,1089,28,1,1,allocated
159,699,normal,0,0,65535_65535,1,8,87,1044,0,1,0,23,0,28,1,1,pre_allocation
159,699,normal,0,0,65535_65535,1,8,87,1089,1,1,1,24,1089,28,1,1,allocated
159,699,normal,0,0,65535_65535,1,9,87,1044,0,1,0,23,0,28,1,1,pre_allocation
159,699,normal,0,0,65535_65535,1,9,87,1089,1,1,1,24,1089,28,1,1,allocated
159,699,normal,0,0,65535_65535,1,6,87,1044,0,1,0,23,0,28,1,1,pre_allocation
159,699,normal,0,0,65535_65535,1,6,87,1089,1,1,1,24,1089,28,1,1,allocated
159,699,normal,0,0,65535_65535,1,7,87,1089,0,1,0,24,0,28,1,1,pre_allocation
159,699,normal,0,0,65535_65535,1,7,87,1135,1,1,1,25,1135,28,1,1,allocated
159,699,normal,0,0,65535_65535,1,8,87,1089,0,1,0,24,0,28,1,1,pre_allocation
159,699,normal,0,0,65535_65535,1,8,87,1135,1,1,1,25,1135,28,1,1,allocated
159,699,normal,0,0,65535_65535,1,9,87,1089,0,1,0,24,0,28,1,1,pre_allocation
159,699,normal,0,0,65535_65535,1,9,87,1135,1,1,1,25,1135,28,1,1,allocated
159,699,normal,0,0,65535_65535,1,6,87,1089,0,1,0,24,0,28,1,1,pre_allocation
159,699,normal,0,0,65535_65535,1,6,87,1135,1,1,1,25,1135,28,1,1,allocated
159,699,normal,0,0,65535_65535,1,7,87,1135,0,1,0,25,0,28,1,1,pre_allocation
159,699,normal,0,0,65535_65535,1,7,87,1181,1,1,1,26,1181,28,1,1,allocated
159,699,normal,0,0,65535_65535,1,8,87,1135,0,1,0,25,0,28,1,1,pre_allocation
159,699,normal,0,0,65535_65535,1,8,87,1181,1,1,1,26,1181,28,1,1,allocated
159,699,normal,0,0,65535_65535,1,9,87,1135,0,1,0,25,0,28,1,1,pre_allocation
159,699,normal,0,0,65535_65535,1,9,87,1181,1,1,1,26,1181,28,1,1,allocated
159,699,normal,0,0,65535_65535,2,23,4195,0,0,1,0,0,0,15,1,1,pre_allocation
159,699,normal,0,0,65535_65535,2,23,4195,14,1,1,1,1,14,15,1,1,allocated
159,699,normal,0,0,65535_65535,2,11,137,0,0,1,0,0,0,26,1,1,pre_allocation
159,699,normal,0,0,65535_65535,2,11,137,39,1,1,1,1,39,26,1,1,allocated
159,699,normal,0,0,65535_65535,2,26,137,0,0,1,0,0,0,28,1,1,pre_allocation
159,699,normal,0,0,65535_65535,2,26,137,42,1,1,1,1,42,28,1,1,allocated
159,699,normal,0,0,65535_65535,2,12,137,0,0,1,0,0,0,28,1,1,pre_allocation
159,699,normal,0,0,65535_65535,2,12,137,42,1,1,1,1,42,28,1,1,allocated
159,699,normal,0,0,65535_65535,2,27,137,0,0,1,0,0,0,28,1,1,pre_allocation
159,699,normal,0,0,65535_65535,2,27,137,42,1,1,1,1,42,28,1,1,allocated
159,699,normal,0,0,65535_65535,2,21,137,0,0,1,0,0,0,15,1,1,pre_allocation
159,699,normal,0,0,65535_65535,2,21,137,14,1,1,1,1,14,15,1,1,allocated
159,699,normal,0,0,65535_65535,2,23,4195,14,0,1,0,1,0,15,1,1,pre_allocation
159,699,normal,0,0,65535_65535,2,23,4195,32,1,1,1,2,32,15,1,1,allocated
159,699,normal,0,0,65535_65535,2,11,137,39,0,1,0,1,0,26,1,1,pre_allocation
159,699,normal,0,0,65535_65535,2,11,137,81,1,1,1,2,81,26,1,1,allocated
159,699,normal,0,0,65535_65535,2,26,137,42,0,1,0,1,0,28,1,1,pre_allocation
159,699,normal,0,0,65535_65535,2,26,137,88,1,1,1,2,88,28,1,1,allocated
159,699,normal,0,0,65535_65535,2,12,137,42,0,1,0,1,0,28,1,1,pre_allocation
159,699,normal,0,0,65535_65535,2,12,137,88,1,1,1,2,88,28,1,1,allocated
159,699,normal,0,0,65535_65535,2,27,137,42,0,1,0,1,0,28,1,1,pre_allocation
159,699,normal,0,0,65535_65535,2,27,137,88,1,1,1,2,88,28,1,1,allocated
159,699,normal,0,0,65535_65535,2,21,137,14,0,1,0,1,0,15,1,1,pre_allocation
159,699,normal,0,0,65535_65535,2,21,137,32,1,1,1,2,32,15,1,1,allocated
159,699,normal,0,0,65535_65535,2,23,4195,32,0,1,0,2,0,15,1,1,pre_allocation
159,699,normal,0,0,65535_65535,2,23,4195,50,1,1,1,3,50,15,1,1,allocated
159,699,normal,0,0,65535_65535,2,11,137,81,0,1,0,2,0,26,1,1,pre_allocation
159,699,normal,0,0,65535_65535,2,11,137,123,1,1,1,3,123,26,1,1,allocated
159,699,normal,0,0,65535_65535,2,26,137,88,0,1,0,2,0,28,1,1,pre_allocation
159,699,normal,0,0,65535_65535,2,26,137,133,1,1,1,3,133,28,1,1,allocated
159,699,normal,0,0,65535_65535,2,12,137,88,0,1,0,2,0,28,1,1,pre_allocation
159,699,normal,0,0,65535_65535,2,12,137,133,1,1,1,3,133,28,1,1,allocated
159,699,normal,0,0,65535_65535,2,27,137,88,0,1,0,2,0,28,1,1,pre_allocation
159,699,normal,0,0,65535_65535,2,27,137,133,1,1,1,3,133,28,1,1,allocated
159,699,normal,0,0,65535_65535,2,21,137,32,0,1,0,2,0,15,1,1,pre_allocation
159,699,normal,0,0,65535_65535,2,21,137,50,1,1,1,3,50,15,1,1,allocated
159,699,normal,0,0,65535_65535,2,23,4195,50,0,1,0,3,0,15,1,1,pre_allocation
159,699,normal,0,0,65535_65535,2,23,4195,68,1,1,1,4,68,15,1,1,allocated
159,699,normal,0,0,65535_65535,2,11,137,123,0,1,0,3,0,26,1,1,pre_allocation
159,699,normal,0,0,65535_65535,2,11,137,165,1,1,1,4,165,26,1,1,allocated
159,699,normal,0,0,65535_65535,2,26,137,133,0,1,0,3,0,28,1,1,pre_allocation
159,699,normal,0,0,65535_65535,2,26,137,179,1,1,1,4,179,28,1,1,allocated
159,699,normal,0,0,65535_65535,2,12,137,133,0,1,0,3,0,28,1,1,pre_allocation
159,699,normal,0,0,65535_65535,2,12,137,179,1,1,1,4,179,28,1,1,allocated
159,699,normal,0,0,65535_65535,2,27,137,133,0,1,0,3,0,28,1,1,pre_allocation
159,699,normal,0,0,65535_65535,2,27,137,179,1,1,1,4,179,28,1,1,allocated
159,699,normal,0,0,65535_65535,2,21,137,50,0,1,0,3,0,15,1,1,pre_allocation
159,699,normal,0,0,65535_65535,2,21,137,68,1,1,1,4,68,15,1,1,allocated
159,699,normal,0,0,65535_65535,2,23,4195,68,0,1,0,4,0,15,1,1,pre_allocation
159,699,normal,0,0,65535_65535,2,23,4195,86,1,1,1,5,86,15,1,1,allocated
159,699,normal,0,0,65535_65535,2,11,137,165,0,1,0,4,0,26,1,1,pre_allocation
159,699,normal,0,0,65535_65535,2,11,137,207,1,1,1,5,207,26,1,1,allocated
159,699,normal,0,0,65535_65535,2,26,137,179,0,1,0,4,0,28,1,1,pre_allocation
159,699,normal,0,0,65535_65535,2,26,137,224,1,1,1,5,224,28,1,1,allocated
159,699,normal,0,0,65535_65535,2,12,137,179,0,1,0,4,0,28,1,1,pre_allocation
159,699,normal,0,0,65535_65535,2,12,137,224,1,1,1,5,224,28,1,1,allocated
159,699,normal,0,0,65535_65535,2,27,137,179,0,1,0,4,0,28,1,1,pre_allocation
159,699,normal,0,0,65535_65535,2,27,137,224,1,1,1,5,224,28,1,1,allocated
159,699,normal,0,0,65535_65535,2,21,137,68,0,1,0,4,0,15,1,1,pre_allocation
159,699,normal,0,0,65535_65535,2,21,137,86,1,1,1,5,86,15,1,1,allocated
159,699,normal,0,0,65535_65535,2,23,4195,86,0,1,0,5,0,15,1,1,pre_allocation
159,699,normal,0,0,65535_65535,2,23,4195,103,1,1,1,6,103,15,1,1,allocated
159,699,normal,0,0,65535_65535,2,11,137,207,0,1,0,5,0,26,1,1,pre_allocation
159,699,normal,0,0,65535_65535,2,11,137,249,1,1,1,6,249,26,1,1,allocated
159,699,normal,0,0,65535_65535,2,26,137,224,0,1,0,5,0,28,1,1,pre_allocation
159,699,normal,0,0,65535_65535,2,26,137,270,1,1,1,6,270,28,1,1,allocated
159,699,normal,0,0,65535_65535,2,12,137,224,0,1,0,5,0,28,1,1,pre_allocation
159,699,normal,0,0,65535_65535,2,12,137,270,1,1,1,6,270,28,1,1,allocated
159,699,normal,0,0,65535_65535,2,27,137,224,0,1,0,5,0,28,1,1,pre_allocation
159,699,normal,0,0,65535_65535,2,27,137,270,1,1,1,6,270,28,1,1,allocated
159,699,normal,0,0,65535_65535,2,21,137,86,0,1,0,5,0,15,1,1,pre_allocation
159,699,normal,0,0,65535_65535,2,21,137,103,1,1,1,6,103,15,1,1,allocated
159,699,normal,0,0,65535_65535,2,23,4195,103,0,1,0,6,0,15,1,1,pre_allocation
159,699,normal,0,0,65535_65535,2,23,4195,121,1,1,1,7,121,15,1,1,allocated
159,699,normal,0,0,65535_65535,2,11,137,249,0,1,0,6,0,26,1,1,pre_allocation
159,699,normal,0,0,65535_65535,2,11,137,291,1,1,1,7,291,26,1,1,allocated
159,699,normal,0,0,65535_65535,2,26,137,270,0,1,0,6,0,28,1,1,pre_allocation
159,699,normal,0,0,65535_65535,2,26,137,315,1,1,1,7,315,28,1,1,allocated
159,699,normal,0,0,65535_65535,2,12,137,270,0,1,0,6,0,28,1,1,pre_allocation
159,699,normal,0,0,65535_65535,2,12,137,315,1,1,1,7,315,28,1,1,allocated
159,699,normal,0,0,65535_65535,2,27,137,270,0,1,0,6,0,28,1,1,pre_allocation
159,699,normal,0,0,65535_65535,2,27,137,315,1,1,1,7,315,28,1,1,allocated
159,699,normal,0,0,65535_65535,2,21,137,103,0,1,0,6,0,15,1,1,pre_allocation
159,699,normal,0,0,65535_65535,2,21,137,121,1,1,1,7,121,15,1,1,allocated
159,699,normal,0,0,65535_65535,2,23,4195,121,0,1,0,7,0,15,1,1,pre_allocation
159,699,normal,0,0,65535_65535,2,23,4195,139,1,1,1,8,139,15,1,1,allocated
159,699,normal,0,0,65535_65535,2,11,137,291,0,1,0,7,0,26,1,1,pre_allocation
159,699,normal,0,0,65535_65535,2,11,137,333,1,1,1,8,333,26,1,1,allocated
159,699,normal,0,0,65535_65535,2,26,137,315,0,1,0,7,0,28,1,1,pre_allocation
159,699,normal,0,0,65535_65535,2,26,137,361,1,1,1,8,361,28,1,1,allocated
159,699,normal,0,0,65535_65535,2,12,137,315,0,1,0,7,0,28,1,1,pre_allocation
159,699,normal,0,0,65535_65535,2,12,137,361,1,1,1,8,361,28,1,1,allocated
159,699,normal,0,0,65535_65535,2,27,137,315,0,1,0,7,0,28,1,1,pre_allocation
159,699,normal,0,0,65535_65535,2,27,137,361,1,1,1,8,361,28,1,1,allocated
159,699,normal,0,0,65535_65535,2,21,137,121,0,1,0,7,0,15,1,1,pre_allocation
159,699,normal,0,0,65535_65535,2,21,137,139,1,1,1,8,139,15,1,1,allocated
159,699,normal,0,0,65535_65535,2,23,4195,139,0,1,0,8,0,15,1,1,pre_allocation
159,699,normal,0,0,65535_65535,2,23,4195,157,1,1,1,9,157,15,1,1,allocated
159,699,normal,0,0,65535_65535,2,11,137,333,0,1,0,8,0,26,1,1,pre_allocation
159,699,normal,0,0,65535_65535,2,11,137,375,1,1,1,9,375,26,1,1,allocated
159,699,normal,0,0,65535_65535,2,26,137,361,0,1,0,8,0,28,1,1,pre_allocation
159,699,normal,0,0,65535_65535,2,26,137,406,1,1,1,9,406,28,1,1,allocated
159,699,normal,0,0,65535_65535,2,12,137,361,0,1,0,8,0,28,1,1,pre_allocation
159,699,normal,0,0,65535_65535,2,12,137,406,1,1,1,9,406,28,1,1,allocated
159,699,normal,0,0,65535_65535,2,27,137,361,0,1,0,8,0,28,1,1,pre_allocation
159,699,normal,0,0,65535_65535,2,27,137,406,1,1,1,9,406,28,1,1,allocated
159,699,normal,0,0,65535_65535,2,21,137,139,0,1,0,8,0,15,1,1,pre_allocation
159,699,normal,0,0,65535_65535,2,21,137,157,1,1,1,9,157,15,1,1,allocated
159,699,normal,0,0,65535_65535,2,23,4195,157,0,1,0,9,0,15,1,1,pre_allocation
159,699,normal,0,0,65535_65535,2,23,4195,175,1,1,1,10,175,15,1,1,allocated
159,699,normal,0,0,65535_65535,2,11,137,375,0,1,0,9,0,26,1,1,pre_allocation
159,699,normal,0,0,65535_65535,2,11,137,417,1,1,1,10,417,26,1,1,allocated
159,699,normal,0,0,65535_65535,2,26,137,406,0,1,0,9,0,28,1,1,pre_allocation
159,699,normal,0,0,65535_65535,2,26,137,452,1,1,1,10,452,28,1,1,allocated
159,699,normal,0,0,65535_65535,2,12,137,406,0,1,0,9,0,28,1,1,pre_allocation
159,699,normal,0,0,65535_65535,2,12,137,452,1,1,1,10,452,28,1,1,allocated
159,699,normal,0,0,65535_65535,2,27,137,406,0,1,0,9,0,28,1,1,pre_allocation
159,699,normal,0,0,65535_65535,2,27,137,452,1,1,1,10,452,28,1,1,allocated
159,699,normal,0,0,65535_65535,2,21,137,157,0,1,0,9,0,15,1,1,pre_allocation
159,699,normal,0,0,65535_65535,2,21,137,175,1,1,1,10,175,15,1,1,allocated
159,699,normal,0,0,65535_65535,2,23,4195,175,0,1,0,10,0,15,1,1,pre_allocation
159,699,normal,0,0,65535_65535,2,23,4195,193,1,1,1,11,193,15,1,1,allocated
159,699,normal,0,0,65535_65535,2,11,137,417,0,1,0,10,0,26,1,1,pre_allocation
159,699,normal,0,0,65535_65535,2,11,137,459,1,1,1,11,459,26,1,1,allocated
159,699,normal,0,0,65535_65535,2,26,137,452,0,1,0,10,0,28,1,1,pre_allocation
159,699,normal,0,0,65535_65535,2,26,137,497,1,1,1,11,497,28,1,1,allocated
159,699,normal,0,0,65535_65535,2,12,137,452,0,1,0,10,0,28,1,1,pre_allocation
159,699,normal,0,0,65535_65535,2,12,137,497,1,1,1,11,497,28,1,1,allocated
159,699,normal,0,0,65535_65535,2,27,137,452,0,1,0,10,0,28,1,1,pre_allocation
159,699,normal,0,0,65535_65535,2,27,137,497,1,1,1,11,497,28,1,1,allocated
159,699,normal,0,0,65535_65535,2,21,137,175,0,1,0,10,0,15,1,1,pre_allocation
159,699,normal,0,0,65535_65535,2,21,137,193,1,1,1,11,193,15,1,1,allocated
159,699,normal,0,0,65535_65535,2,23,4195,193,0,1,0,11,0,15,1,1,pre_allocation
159,699,normal,0,0,65535_65535,2,23,4195,210,1,1,1,12,210,15,1,1,allocated
159,699,normal,0,0,65535_65535,2,11,137,459,0,1,0,11,0,26,1,1,pre_allocation
159,699,normal,0,0,65535_65535,2,11,137,501,1,1,1,12,501,26,1,1,allocated
159,699,normal,0,0,65535_65535,2,26,137,497,0,1,0,11,0,28,1,1,pre_allocation
159,699,normal,0,0,65535_65535,2,26,137,543,1,1,1,12,543,28,1,1,allocated
159,699,normal,0,0,65535_65535,2,12,137,497,0,1,0,11,0,28,1,1,pre_allocation
159,699,normal,0,0,65535_65535,2,12,137,543,1,1,1,12,543,28,1,1,allocated
159,699,normal,0,0,65535_65535,2,27,137,497,0,1,0,11,0,28,1,1,pre_allocation
159,699,normal,0,0,65535_65535,2,27,137,543,1,1,1,12,543,28,1,1,allocated
159,699,normal,0,0,65535_65535,2,21,137,193,0,1,0,11,0,15,1,1,pre_allocation
159,699,normal,0,0,65535_65535,2,21,137,210,1,1,1,12,210,15,1,1,allocated
159,699,normal,0,0,65535_65535,2,23,4195,210,0,1,0,12,0,15,1,1,pre_allocation
159,699,normal,0,0,65535_65535,2,23,4195,228,1,1,1,13,228,15,1,1,allocated
159,699,normal,0,0,65535_65535,2,11,137,501,0,1,0,12,0,26,1,1,pre_allocation
159,699,normal,0,0,65535_65535,2,11,137,543,1,1,1,13,543,26,1,1,allocated
159,699,normal,0,0,65535_65535,2,26,137,543,0,1,0,12,0,28,1,1,pre_allocation
159,699,normal,0,0,65535_65535,2,26,137,589,1,1,1,13,589,28,1,1,allocated
159,699,normal,0,0,65535_65535,2,12,137,543,0,1,0,12,0,28,1,1,pre_allocation
159,699,normal,0,0,65535_65535,2,12,137,589,1,1,1,13,589,28,1,1,allocated
159,699,normal,0,0,65535_65535,2,27,137,543,0,1,0,12,0,28,1,1,pre_allocation
159,699,normal,0,0,65535_65535,2,27,137,589,1,1,1,13,589,28,1,1,allocated
159,699,normal,0,0,65535_65535,2,21,137,210,0,1,0,12,0,15,1,1,pre_allocation
159,699,normal,0,0,65535_65535,2,21,137,228,1,1,1,13,228,15,1,1,allocated
159,699,normal,0,0,65535_65535,2,23,4195,228,0,1,0,13,0,15,1,1,pre_allocation
159,699,normal,0,0,65535_65535,2,23,4195,246,1,1,1,14,246,15,1,1,allocated
159,699,normal,0,0,65535_65535,2,11,137,543,0,1,0,13,0,26,1,1,pre_allocation
159,699,normal,0,0,65535_65535,2,11,137,586,1,1,1,14,586,26,1,1,allocated
159,699,normal,0,0,65535_65535,2,26,137,589,0,1,0,13,0,28,1,1,pre_allocation
159,699,normal,0,0,65535_65535,2,26,137,634,1,1,1,14,634,28,1,1,allocated
159,699,normal,0,0,65535_65535,2,12,137,589,0,1,0,13,0,28,1,1,pre_allocation
159,699,normal,0,0,65535_65535,2,12,137,634,1,1,1,14,634,28,1,1,allocated
159,699,normal,0,0,65535_65535,2,27,137,589,0,1,0,13,0,28,1,1,pre_allocation
159,699,normal,0,0,65535_65535,2,27,137,634,1,1,1,14,634,28,1,1,allocated
159,699,normal,0,0,65535_65535,2,21,137,228,0,1,0,13,0,15,1,1,pre_allocation
159,699,normal,0,0,65535_65535,2,21,137,246,1,1,1,14,246,15,1,1,allocated
159,699,normal,0,0,65535_65535,2,23,4195,246,0,1,0,14,0,15,1,1,pre_allocation
159,699,normal,0,0,65535_65535,2,23,4195,264,1,1,1,15,264,15,1,1,allocated
159,699,normal,0,0,65535_65535,2,11,137,586,0,1,0,14,0,26,1,1,pre_allocation
159,699,normal,0,0,65535_65535,2,11,137,628,1,1,1,15,628,26,1,1,allocated
159,699,normal,0,0,65535_65535,2,26,137,634,0,1,0,14,0,28,1,1,pre_allocation
159,699,normal,0,0,65535_65535,2,26,137,680,1,1,1,15,680,28,1,1,allocated
159,699,normal,0,0,65535_65535,2,12,137,634,0,1,0,14,0,28,1,1,pre_allocation
159,699,normal,0,0,65535_65535,2,12,137,680,1,1,1,15,680,28,1,1,allocated
271,797,normal,0,0,65535_65535,0,5,499491,0,0,1,0,0,0,15,1,1,pre_allocation
271,797,normal,0,0,65535_65535,0,5,499491,14,1,1,1,1,14,15,1,1,allocated
271,797,normal,0,0,65535_65535,0,4,88234,0,0,1,0,0,0,16,1,1,pre_allocation
271,797,normal,0,0,65535_65535,0,4,88234,16,1,1,1,1,16,16,1,1,allocated
271,797,normal,0,0,65535_65535,0,1,4601,0,0,1,0,0,0,28,1,1,pre_allocation
271,797,normal,0,0,65535_65535,0,1,4601,42,1,1,1,1,42,28,1,1,allocated
271,797,normal,0,0,65535_65535,0,5,499491,14,0,1,0,1,0,15,1,1,pre_allocation
271,797,normal,0,0,65535_65535,0,5,499491,32,1,1,1,2,32,15,1,1,allocated
271,797,normal,0,0,65535_65535,0,4,88234,16,0,1,0,1,0,16,1,1,pre_allocation
271,797,normal,0,0,65535_65535,0,4,88234,36,1,1,1,2,36,16,1,1,allocated
271,797,normal,0,0,65535_65535,0,1,4601,42,0,1,0,1,0,28,1,1,pre_allocation
271,797,normal,0,0,65535_65535,0,1,4601,88,1,1,1,2,88,28,1,1,allocated
271,797,normal,0,0,65535_65535,0,5,499491,32,0,1,0,2,0,15,1,1,pre_allocation
271,797,normal,0,0,65535_65535,0,5,499491,50,1,1,1,3,50,15,1,1,allocated
271,797,normal,0,0,65535_65535,0,4,88234,36,0,1,0,2,0,16,1,1,pre_allocation
271,797,normal,0,0,65535_65535,0,4,88234,56,1,1,1,3,56,16,1,1,allocated
271,797,normal,0,0,65535_65535,0,1,4601,88,0,1,0,2,0,28,1,1,pre_allocation
271,797,normal,0,0,65535_65535,0,1,4601,133,1,1,1,3,133,28,1,1,allocated
271,797,normal,0,0,65535_65535,0,5,499491,50,0,1,0,3,0,15,1,1,pre_allocation
271,797,normal,0,0,65535_65535,0,5,499491,68,1,1,1,4,68,15,1,1,allocated
271,797,normal,0,0,65535_65535,0,4,88234,56,0,1,0,3,0,16,1,1,pre_allocation
271,797,normal,0,0,65535_65535,0,4,88234,76,1,1,1,4,76,16,1,1,allocated
271,797,normal,0,0,65535_65535,0,1,4601,133,0,1,0,3,0,28,1,1,pre_allocation
271,797,normal,0,0,65535_65535,0,1,4601,179,1,1,1,4,179,28,1,1,allocated
271,797,normal,0,0,65535_65535,0,5,499491,68,0,1,0,4,0,15,1,1,pre_allocation
271,797,normal,0,0,65535_65535,0,5,499491,86,1,1,1,5,86,15,1,1,allocated
271,797,normal,0,0,65535_65535,0,4,88234,76,0,1,0,4,0,16,1,1,pre_allocation
271,797,normal,0,0,65535_65535,0,4,88234,96,1,1,1,5,96,16,1,1,allocated
271,797,normal,0,0,65535_65535,0,1,4601,179,0,1,0,4,0,28,1,1,pre_allocation
271,797,normal,0,0,65535_65535,0,1,4601,224,1,1,1,5,224,28,1,1,allocated
271,797,normal,0,0,65535_65535,0,5,499491,86,0,1,0,5,0,15,1,1,pre_allocation
271,797,normal,0,0,65535_65535,0,5,499491,103,1,1,1,6,103,15,1,1,allocated
271,797,normal,0,0,65535_65535,0,4,88234,96,0,1,0,5,0,16,1,1,pre_allocation
271,797,normal,0,0,65535_65535,0,4,88234,115,1,1,1,6,115,16,1,1,allocated
271,797,normal,0,0,65535_65535,0,1,4601,224,0,1,0,5,0,28,1,1,pre_allocation
271,797,normal,0,0,65535_65535,0,1,4601,270,1,1,1,6,270,28,1,1,allocated
271,797,normal,0,0,65535_65535,0,5,499491,103,0,1,0,6,0,15,1,1,pre_allocation
271,797,normal,0,0,65535_65535,0,5,499491,121,1,1,1,7,121,15,1,1,allocated
271,797,normal,0,0,65535_65535,0,4,88234,115,0,1,0,6,0,16,1,1,pre_allocation
271,797,normal,0,0,65535_65535,0,4,88234,135,1,1,1,7,135,16,1,1,allocated
271,797,normal,0,0,65535_65535,0,1,4601,270,0,1,0,6,0,28,1,1,pre_allocation
271,797,normal,0,0,65535_65535,0,1,4601,315,1,1,1,7,315,28,1,1,allocated
271,797,normal,0,0,65535_65535,0,5,499491,121,0,1,0,7,0,15,1,1,pre_allocation
271,797,normal,0,0,65535_65535,0,5,499491,139,1,1,1,8,139,15,1,1,allocated
271,797,normal,0,0,65535_65535,0,4,88234,135,0,1,0,7,0,16,1,1,pre_allocation
271,797,normal,0,0,65535_65535,0,4,88234,155,1,1,1,8,155,16,1,1,allocated
271,797,normal,0,0,65535_65535,0,1,4601,315,0,1,0,7,0,28,1,1,pre_allocation
271,797,normal,0,0,65535_65535,0,1,4601,361,1,1,1,8,361,28,1,1,allocated
271,797,normal,0,0,65535_65535,0,5,499491,139,0,1,0,8,0,15,1,1,pre_allocation
271,797,normal,0,0,65535_65535,0,5,499491,157,1,1,1,9,157,15,1,1,allocated
271,797,normal,0,0,65535_65535,0,4,88234,155,0,1,0,8,0,16,1,1,pre_allocation
271,797,normal,0,0,65535_65535,0,4,88234,175,1,1,1,9,175,16,1,1,allocated
271,797,normal,0,0,65535_65535,0,1,4601,361,0,1,0,8,0,28,1,1,pre_allocation
271,797,normal,0,0,65535_65535,0,1,4601,406,1,1,1,9,406,28,1,1,allocated
271,797,normal,0,0,65535_65535,0,5,499491,157,0,1,0,9,0,15,1,1,pre_allocation
271,797,normal,0,0,65535_65535,0,5,499491,175,1,1,1,10,175,15,1,1,allocated
271,797,normal,0,0,65535_65535,0,4,88234,175,0,1,0,9,0,16,1,1,pre_allocation
271,797,normal,0,0,65535_65535,0,4,88234,195,1,1,1,10,195,16,1,1,allocated
271,797,normal,0,0,65535_65535,0,1,4601,406,0,1,0,9,0,28,1,1,pre_allocation
271,797,normal,0,0,65535_65535,0,1,4601,452,1,1,1,10,452,28,1,1,allocated
271,797,normal,0,0,65535_65535,0,5,499491,175,0,1,0,10,0,15,1,1,pre_allocation
271,797,normal,0,0,65535_65535,0,5,499491,193,1,1,1,11,193,15,1,1,allocated
271,797,normal,0,0,65535_65535,0,4,88234,195,0,1,0,10,0,16,1,1,pre_allocation
271,797,normal,0,0,65535_65535,0,4,88234,214,1,1,1,11,214,16,1,1,allocated
271,797,normal,0,0,65535_65535,0,1,4601,452,0,1,0,10,0,28,1,1,pre_allocation
271,797,normal,0,0,65535_65535,0,1,4601,497,1,1,1,11,497,28,1,1,allocated
271,797,normal,0,0,65535_65535,0,5,499491,193,0,1,0,11,0,15,1,1,pre_allocation
271,797,normal,0,0,65535_65535,0,5,499491,210,1,1,1,12,210,15,1,1,allocated
271,797,normal,0,0,65535_65535,0,4,88234,214,0,1,0,11,0,16,1,1,pre_allocation
271,797,normal,0,0,65535_65535,0,4,88234,234,1,1,1,12,234,16,1,1,allocated
271,797,normal,0,0,65535_65535,0,1,4601,497,0,1,0,11,0,28,1,1,pre_allocation
271,797,normal,0,0,65535_65535,0,1,4601,543,1,1,1,12,543,28,1,1,allocated
271,797,normal,0,0,65535_65535,0,5,499491,210,0,1,0,12,0,15,1,1,pre_allocation
271,797,normal,0,0,65535_65535,0,5,499491,228,1,1,1,13,228,15,1,1,allocated
271,797,normal,0,0,65535_65535,0,4,88234,234,0,1,0,12,0,16,1,1,pre_allocation
271,797,normal,0,0,65535_65535,0,4,88234,254,1,1,1,13,254,16,1,1,allocated
271,797,normal,0,0,65535_65535,0,1,4601,543,0,1,0,12,0,28,1,1,pre_allocation
271,797,normal,0,0,65535_65535,0,1,4601,589,1,1,1,13,589,28,1,1,allocated
271,797,normal,0,0,65535_65535,0,5,499491,228,0,1,0,13,0,15,1,1,pre_allocation
271,797,normal,0,0,65535_65535,0,5,499491,246,1,1,1,14,246,15,1,1,allocated
271,797,normal,0,0,65535_65535,0,4,88234,254,0,1,0,13,0,16,1,1,pre_allocation
271,797,normal,0,0,65535_65535,0,4,88234,274,1,1,1,14,274,16,1,1,allocated
271,797,normal,0,0,65535_65535,0,1,4601,589,0,1,0,13,0,28,1,1,pre_allocation
271,797,normal,0,0,65535_65535,0,1,4601,634,1,1,1,14,634,28,1,1,allocated
271,797,normal,0,0,65535_65535,0,5,499491,246,0,1,0,14,0,15,1,1,pre_allocation
271,797,normal,0,0,65535_65535,0,5,499491,264,1,1,1,15,264,15,1,1,allocated
271,797,normal,0,0,65535_65535,0,4,88234,274,0,1,0,14,0,16,1,1,pre_allocation
271,797,normal,0,0,65535_65535,0,4,88234,294,1,1,1,15,294,16,1,1,allocated
271,797,normal,0,0,65535_65535,0,1,4601,634,0,1,0,14,0,28,1,1,pre_allocation
271,797,normal,0,0,65535_65535,0,1,4601,680,1,1,1,15,680,28,1,1,allocated
271,797,normal,0,0,65535_65535,0,5,499491,264,0,1,0,15,0,15,1,1,pre_allocation
271,797,normal,0,0,65535_65535,0,5,499491,282,1,1,1,16,282,15,1,1,allocated
271,797,normal,0,0,65535_65535,0,4,88234,294,0,1,0,15,0,16,1,1,pre_allocation
271,797,normal,0,0,65535_65535,0,4,88234,313,1,1,1,16,313,16,1,1,allocated
271,797,normal,0,0,65535_65535,0,1,4601,680,0,1,0,15,0,28,1,1,pre_allocation
271,797,normal,0,0,65535_65535,0,1,4601,725,1,1,1,16,725,28,1,1,allocated
271,797,normal,0,0,65535_65535,0,5,499491,282,0,1,0,16,0,15,1,1,pre_allocation
271,797,normal,0,0,65535_65535,0,5,499491,299,1,1,1,17,299,15,1,1,allocated
271,797,normal,0,0,65535_65535,0,4,88234,313,0,1,0,16,0,16,1,1,pre_allocation
271,797,normal,0,0,65535_65535,0,4,88234,333,1,1,1,17,333,16,1,1,allocated
271,797,normal,0,0,65535_65535,0,1,4601,725,0,1,0,16,0,28,1,1,pre_allocation
271,797,normal,0,0,65535_65535,0,1,4601,771,1,1,1,17,771,28,1,1,allocated
271,797,normal,0,0,65535_65535,0,5,499491,299,0,1,0,17,0,15,1,1,pre_allocation
271,797,normal,0,0,65535_65535,0,5,499491,317,1,1,1,18,317,15,1,1,allocated
271,797,normal,0,0,65535_65535,0,4,88234,333,0,1,0,17,0,16,1,1,pre_allocation
271,797,normal,0,0,65535_65535,0,4,88234,353,1,1,1,18,353,16,1,1,allocated
271,797,normal,0,0,65535_65535,0,1,4601,771,0,1,0,17,0,28,1,1,pre_allocation
271,797,normal,0,0,65535_65535,0,1,4601,816,1,1,1,18,816,28,1,1,allocated
271,797,normal,0,0,65535_65535,0,5,499491,317,0,1,0,18,0,15,1,1,pre_allocation
271,797,normal,0,0,65535_65535,0,5,499491,335,1,1,1,19,335,15,1,1,allocated
271,797,normal,0,0,65535_65535,0,4,88234,353,0,1,0,18,0,16,1,1,pre_allocation
271,797,normal,0,0,65535_65535,0,4,88234,373,1,1,1,19,373,16,1,1,allocated
271,797,normal,0,0,65535_65535,0,1,4601,816,0,1,0,18,0,28,1,1,pre_allocation
271,797,normal,0,0,65535_65535,0,1,4601,862,1,1,1,19,862,28,1,1,allocated
271,797,normal,0,0,65535_65535,0,5,499491,335,0,1,0,19,0,15,1,1,pre_allocation
271,797,normal,0,0,65535_65535,0,5,499491,353,1,1,1,20,353,15,1,1,allocated
271,797,normal,0,0,65535_65535,0,4,88234,373,0,1,0,19,0,16,1,1,pre_allocation
271,797,normal,0,0,65535_65535,0,4,88234,393,1,1,1,20,393,16,1,1,allocated
271,797,normal,0,0,65535_65535,0,1,4601,862,0,1,0,19,0,28,1,1,pre_allocation
271,797,normal,0,0,65535_65535,0,1,4601,907,1,1,1,20,907,28,1,1,allocated
271,797,normal,0,0,65535_65535,0,5,499491,353,0,1,0,20,0,15,1,1,pre_allocation
271,797,normal,0,0,65535_65535,0,5,499491,371,1,1,1,21,371,15,1,1,allocated
271,797,normal,0,0,65535_65535,0,4,88234,393,0,1,0,20,0,16,1,1,pre_allocation
271,797,normal,0,0,65535_65535,0,4,88234,412,1,1,1,21,412,16,1,1,allocated
271,797,normal,0,0,65535_65535,0,1,4601,907,0,1,0,20,0,28,1,1,pre_allocation
271,797,normal,0,0,65535_65535,0,1,4601,953,1,1,1,21,953,28,1,1,allocated
271,797,normal,0,0,65535_65535,0,5,499491,371,0,1,0,21,0,15,1,1,pre_allocation
271,797,normal,0,0,65535_65535,0,5,499491,389,1,1,1,22,389,15,1,1,allocated
271,797,normal,0,0,65535_65535,0,4,88234,412,0,1,0,21,0,16,1,1,pre_allocation
271,797,normal,0,0,65535_65535,0,4,88234,432,1,1,1,22,432,16,1,1,allocated
271,797,normal,0,0,65535_65535,0,1,4601,953,0,1,0,21,0,28,1,1,pre_allocation
271,797,normal,0,0,65535_65535,0,1,4601,998,1,1,1,22,998,28,1,1,allocated
271,797,normal,0,0,65535_65535,0,5,499491,389,0,1,0,22,0,15,1,1,pre_allocation
271,797,normal,0,0,65535_65535,0,5,499491,406,1,1,1,23,406,15,1,1,allocated
271,797,normal,0,0,65535_65535,0,4,88234,432,0,1,0,22,0,16,1,1,pre_allocation
271,797,normal,0,0,65535_65535,0,4,88234,452,1,1,1,23,452,16,1,1,allocated
271,797,normal,0,0,65535_65535,0,1,4601,998,0,1,0,22,0,28,1,1,pre_allocation
271,797,normal,0,0,65535_65535,0,1,4601,1044,1,1,1,23,1044,28,1,1,allocated
271,797,normal,0,0,65535_65535,0,5,499491,406,0,1,0,23,0,15,1,1,pre_allocation
271,797,normal,0,0,65535_65535,0,5,499491,424,1,1,1,24,424,15,1,1,allocated
271,797,normal,0,0,65535_65535,0,4,88234,452,0,1,0,23,0,16,1,1,pre_allocation
271,797,normal,0,0,65535_65535,0,4,88234,472,1,1,1,24,472,16,1,1,allocated
271,797,normal,0,0,65535_65535,0,1,4601,1044,0,1,0,23,0,28,1,1,pre_allocation
271,797,normal,0,0,65535_65535,0,1,4601,1089,1,1,1,24,1089,28,1,1,allocated
271,797,normal,0,0,65535_65535,0,5,499491,424,0,1,0,24,0,15,1,1,pre_allocation
271,797,normal,0,0,65535_65535,0,5,499491,442,1,1,1,25,442,15,1,1,allocated
271,797,normal,0,0,65535_65535,0,4,88234,472,0,1,0,24,0,16,1,1,pre_allocation
271,797,normal,0,0,65535_65535,0,4,88234,492,1,1,1,25,492,16,1,1,allocated
271,797,normal,0,0,65535_65535,0,1,4601,1089,0,1,0,24,0,28,1,1,pre_allocation
271,797,normal,0,0,65535_65535,0,1,4601,1135,1,1,1,25,1135,28,1,1,allocated
271,797,normal,0,0,65535_65535,0,5,499491,442,0,1,0,25,0,15,1,1,pre_allocation
271,797,normal,0,0,65535_65535,0,5,499491,460,1,1,1,26,460,15,1,1,allocated
271,797,normal,0,0,65535_65535,0,4,88234,492,0,1,0,25,0,16,1,1,pre_allocation
271,797,normal,0,0,65535_65535,0,4,88234,511,1,1,1,26,511,16,1,1,allocated
271,797,normal,0,0,65535_65535,0,1,4601,1135,0,1,0,25,0,28,1,1,pre_allocation
271,797,normal,0,0,65535_65535,0,1,4601,1181,1,1,1,26,1181,28,1,1,allocated
271,797,normal,0,0,65535_65535,0,5,499491,460,0,1,0,26,0,15,1,1,pre_allocation
271,797,normal,0,0,65535_65535,0,5,499491,478,1,1,1,27,478,15,1,1,allocated
271,797,normal,0,0,65535_65535,0,4,88234,511,0,1,0,26,0,16,1,1,pre_allocation
271,797,normal,0,0,65535_65535,0,4,88234,531,1,1,1,27,531,16,1,1,allocated
271,797,normal,0,0,65535_65535,0,1,4601,1181,0,1,0,26,0,28,1,1,pre_allocation
271,797,normal,0,0,65535_65535,0,1,4601,1226,1,1,1,27,1226,28,1,1,allocated
271,797,normal,0,0,65535_65535,0,5,499491,478,0,1,0,27,0,15,1,1,pre_allocation
271,797,normal,0,0,65535_65535,0,5,499491,495,1,1,1,28,495,15,1,1,allocated
271,797,normal,0,0,65535_65535,0,4,88234,531,0,1,0,27,0,16,1,1,pre_allocation
271,797,normal,0,0,65535_65535,0,4,88234,551,1,1,1,28,551,16,1,1,allocated
271,797,normal,0,0,65535_65535,0,1,4601,1226,0,1,0,27,0,28,1,1,pre_allocation
271,797,normal,0,0,65535_65535,0,1,4601,1272,1,1,1,28,1272,28,1,1,allocated
271,797,normal,0,0,65535_65535,0,5,499491,495,0,1,0,28,0,15,1,1,pre_allocation
271,797,normal,0,0,65535_65535,0,5,499491,513,1,1,1,29,513,15,1,1,allocated
271,797,normal,0,0,65535_65535,0,4,88234,551,0,1,0,28,0,16,1,1,pre_allocation
271,797,normal,0,0,65535_65535,0,4,88234,571,1,1,1,29,571,16,1,1,allocated
271,797,normal,0,0,65535_65535,0,1,4601,1272,0,1,0,28,0,28,1,1,pre_allocation
271,797,normal,0,0,65535_65535,0,1,4601,1317,1,1,1,29,1317,28,1,1,allocated
271,797,normal,0,0,65535_65535,0,5,499491,513,0,1,0,29,0,15,1,1,pre_allocation
271,797,normal,0,0,65535_65535,0,5,499491,531,1,1,1,30,531,15,1,1,allocated
271,797,normal,0,0,65535_65535,0,4,88234,571,0,1,0,29,0,16,1,1,pre_allocation
271,797,normal,0,0,65535_65535,0,4,88234,591,1,1,1,30,591,16,1,1,allocated
271,797,normal,0,0,65535_65535,0,1,4601,1317,0,1,0,29,0,28,1,1,pre_allocation
271,797,normal,0,0,65535_65535,0,1,4601,1363,1,1,1,30,1363,28,1,1,allocated
271,797,normal,0,0,65535_65535,0,5,499491,531,0,1,0,30,0,15,1,1,pre_allocation
271,797,normal,0,0,65535_65535,0,5,499491,549,1,1,1,31,549,15,1,1,allocated
271,797,normal,0,0,65535_65535,0,4,88234,591,0,1,0,30,0,16,1,1,pre_allocation
271,797,normal,0,0,65535_65535,0,4,88234,610,1,1,1,31,610,16,1,1,allocated
271,797,normal,0,0,65535_65535,0,1,4601,1363,0,1,0,30,0,28,1,1,pre_allocation
271,797,normal,0,0,65535_65535,0,1,4601,1408,1,1,1,31,1408,28,1,1,allocated
271,797,normal,0,0,65535_65535,0,5,499491,549,0,1,0,31,0,15,1,1,pre_allocation
271,797,normal,0,0,65535_65535,0,5,499491,567,1,1,1,32,567,15,1,1,allocated
271,797,normal,0,0,65535_65535,0,4,88234,610,0,1,0,31,0,16,1,1,pre_allocation
271,797,normal,0,0,65535_65535,0,4,88234,630,1,1,1,32,630,16,1,1,allocated
271,797,normal,0,0,65535_65535,0,1,4601,1408,0,1,0,31,0,28,1,1,pre_allocation
271,797,normal,0,0,65535_65535,0,1,4601,1454,1,1,1,32,1454,28,1,1,allocated
271,797,normal,0,0,65535_65535,0,5,499491,567,0,1,0,32,0,15,1,1,pre_allocation
271,797,normal,0,0,65535_65535,0,5,499491,585,1,1,1,33,585,15,1,1,allocated
271,797,normal,0,0,65535_65535,0,4,88234,630,0,1,0,32,0,16,1,1,pre_allocation
271,797,normal,0,0,65535_65535,0,4,88234,650,1,1,1,33,650,16,1,1,allocated
271,797,normal,0,0,65535_65535,0,1,4601,1454,0,1,0,32,0,28,1,1,pre_allocation
271,797,normal,0,0,65535_65535,0,1,4601,1499,1,1,1,33,1499,28,1,1,allocated
271,797,normal,0,0,65535_65535,0,5,499491,585,0,1,0,33,0,15,1,1,pre_allocation
271,797,normal,0,0,65535_65535,0,5,499491,602,1,1,1,34,602,15,1,1,allocated
271,797,normal,0,0,65535_65535,0,4,88234,650,0,1,0,33,0,16,1,1,pre_allocation
271,797,normal,0,0,65535_65535,0,4,88234,670,1,1,1,34,670,16,1,1,allocated
271,797,normal,0,0,65535_65535,0,1,4601,1499,0,1,0,33,0,28,1,1,pre_allocation
271,797,normal,0,0,65535_65535,0,1,4601,1542,1,1,1,34,1542,28,1,1,allocated
271,797,normal,0,0,65535_65535,0,5,499491,602,0,1,0,34,0,15,1,1,pre_allocation
271,797,normal,0,0,65535_65535,0,5,499491,620,1,1,1,35,620,15,1,1,allocated
271,797,normal,0,0,65535_65535,0,4,88234,670,0,1,0,34,0,16,1,1,pre_allocation
271,797,normal,0,0,65535_65535,0,4,88234,690,1,1,1,35,690,16,1,1,allocated
271,797,normal,0,0,65535_65535,0,1,4601,1542,0,1,0,34,0,28,1,1,pre_allocation
271,797,normal,0,0,65535_65535,0,1,4601,1587,1,1,1,35,1587,28,1,1,allocated
271,797,normal,0,0,65535_65535,1,7,87,0,0,1,0,0,0,28,1,1,pre_allocation
271,797,normal,0,0,65535_65535,1,7,87,42,1,1,1,1,42,28,1,1,allocated
271,797,normal,0,0,65535_65535,1,9,87,0,0,1,0,0,0,28,1,1,pre_allocation
271,797,normal,0,0,65535_65535,1,9,87,42,1,1,1,1,42,28,1,1,allocated
271,797,normal,0,0,65535_65535,1,6,87,0,0,1,0,0,0,28,1,1,pre_allocation
271,797,normal,0,0,65535_65535,1,6,87,42,1,1,1,1,42,28,1,1,allocated
271,797,normal,0,0,65535_65535,1,8,87,0,0,1,0,0,0,28,1,1,pre_allocation
271,797,normal,0,0,65535_65535,1,8,87,42,1,1,1,1,42,28,1,1,allocated
271,797,normal,0,0,65535_65535,1,7,87,42,0,1,0,1,0,28,1,1,pre_allocation
271,797,normal,0,0,65535_65535,1,7,87,88,1,1,1,2,88,28,1,1,allocated
271,797,normal,0,0,65535_65535,1,9,87,42,0,1,0,1,0,28,1,1,pre_allocation
271,797,normal,0,0,65535_65535,1,9,87,88,1,1,1,2,88,28,1,1,allocated
271,797,normal,0,0,65535_65535,1,6,87,42,0,1,0,1,0,28,1,1,pre_allocation
271,797,normal,0,0,65535_65535,1,6,87,88,1,1,1,2,88,28,1,1,allocated
271,797,normal,0,0,65535_65535,1,8,87,42,0,1,0,1,0,28,1,1,pre_allocation
271,797,normal,0,0,65535_65535,1,8,87,88,1,1,1,2,88,28,1,1,allocated
271,797,normal,0,0,65535_65535,1,7,87,88,0,1,0,2,0,28,1,1,pre_allocation
271,797,normal,0,0,65535_65535,1,7,87,133,1,1,1,3,133,28,1,1,allocated
271,797,normal,0,0,65535_65535,1,9,87,88,0,1,0,2,0,28,1,1,pre_allocation
271,797,normal,0,0,65535_65535,1,9,87,133,1,1,1,3,133,28,1,1,allocated
271,797,normal,0,0,65535_65535,1,6,87,88,0,1,0,2,0,28,1,1,pre_allocation
271,797,normal,0,0,65535_65535,1,6,87,133,1,1,1,3,133,28,1,1,allocated
271,797,normal,0,0,65535_65535,1,8,87,88,0,1,0,2,0,28,1,1,pre_allocation
271,797,normal,0,0,65535_65535,1,8,87,133,1,1,1,3,133,28,1,1,allocated
271,797,normal,0,0,65535_65535,1,7,87,133,0,1,0,3,0,28,1,1,pre_allocation
271,797,normal,0,0,65535_65535,1,7,87,179,1,1,1,4,179,28,1,1,allocated
271,797,normal,0,0,65535_65535,1,9,87,133,0,1,0,3,0,28,1,1,pre_allocation
271,797,normal,0,0,65535_65535,1,9,87,179,1,1,1,4,179,28,1,1,allocated
271,797,normal,0,0,65535_65535,1,6,87,133,0,1,0,3,0,28,1,1,pre_allocation
271,797,normal,0,0,65535_65535,1,6,87,179,1,1,1,4,179,28,1,1,allocated
271,797,normal,0,0,65535_65535,1,8,87,133,0,1,0,3,0,28,1,1,pre_allocation
271,797,normal,0,0,65535_65535,1,8,87,179,1,1,1,4,179,28,1,1,allocated
271,797,normal,0,0,65535_65535,1,7,87,179,0,1,0,4,0,28,1,1,pre_allocation
271,797,normal,0,0,65535_65535,1,7,87,224,1,1,1,5,224,28,1,1,allocated
271,797,normal,0,0,65535_65535,1,9,87,179,0,1,0,4,0,28,1,1,pre_allocation
271,797,normal,0,0,65535_65535,1,9,87,224,1,1,1,5,224,28,1,1,allocated
271,797,normal,0,0,65535_65535,1,6,87,179,0,1,0,4,0,28,1,1,pre_allocation
271,797,normal,0,0,65535_65535,1,6,87,224,1,1,1,5,224,28,1,1,allocated
271,797,normal,0,0,65535_65535,1,8,87,179,0,1,0,4,0,28,1,1,pre_allocation
271,797,normal,0,0,65535_65535,1,8,87,224,1,1,1,5,224,28,1,1,allocated
271,797,normal,0,0,65535_65535,1,7,87,224,0,1,0,5,0,28,1,1,pre_allocation
271,797,normal,0,0,65535_65535,1,7,87,270,1,1,1,6,270,28,1,1,allocated
271,797,normal,0,0,65535_65535,1,9,87,224,0,1,0,5,0,28,1,1,pre_allocation
271,797,normal,0,0,65535_65535,1,9,87,270,1,1,1,6,270,28,1,1,allocated
271,797,normal,0,0,65535_65535,1,6,87,224,0,1,0,5,0,28,1,1,pre_allocation
271,797,normal,0,0,65535_65535,1,6,87,270,1,1,1,6,270,28,1,1,allocated
271,797,normal,0,0,65535_65535,1,8,87,224,0,1,0,5,0,28,1,1,pre_allocation
271,797,normal,0,0,65535_65535,1,8,87,270,1,1,1,6,270,28,1,1,allocated
271,797,normal,0,0,65535_65535,1,7,87,270,0,1,0,6,0,28,1,1,pre_allocation
271,797,normal,0,0,65535_65535,1,7,87,315,1,1,1,7,315,28,1,1,allocated
271,797,normal,0,0,65535_65535,1,9,87,270,0,1,0,6,0,28,1,1,pre_allocation
271,797,normal,0,0,65535_65535,1,9,87,315,1,1,1,7,315,28,1,1,allocated
271,797,normal,0,0,65535_65535,1,6,87,270,0,1,0,6,0,28,1,1,pre_allocation
271,797,normal,0,0,65535_65535,1,6,87,315,1,1,1,7,315,28,1,1,allocated
271,797,normal,0,0,65535_65535,1,8,87,270,0,1,0,6,0,28,1,1,pre_allocation
271,797,normal,0,0,65535_65535,1,8,87,315,1,1,1,7,315,28,1,1,allocated
271,797,normal,0,0,65535_65535,1,7,87,315,0,1,0,7,0,28,1,1,pre_allocation
271,797,normal,0,0,65535_65535,1,7,87,361,1,1,1,8,361,28,1,1,allocated
271,797,normal,0,0,65535_65535,1,9,87,315,0,1,0,7,0,28,1,1,pre_allocation
271,797,normal,0,0,65535_65535,1,9,87,361,1,1,1,8,361,28,1,1,allocated
271,797,normal,0,0,65535_65535,1,6,87,315,0,1,0,7,0,28,1,1,pre_allocation
271,797,normal,0,0,65535_65535,1,6,87,361,1,1,1,8,361,28,1,1,allocated
271,797,normal,0,0,65535_65535,1,8,87,315,0,1,0,7,0,28,1,1,pre_allocation
271,797,normal,0,0,65535_65535,1,8,87,361,1,1,1,8,361,28,1,1,allocated
271,797,normal,0,0,65535_65535,1,7,87,361,0,1,0,8,0,28,1,1,pre_allocation
271,797,normal,0,0,65535_65535,1,7,87,406,1,1,1,9,406,28,1,1,allocated
271,797,normal,0,0,65535_65535,1,9,87,361,0,1,0,8,0,28,1,1,pre_allocation
271,797,normal,0,0,65535_65535,1,9,87,406,1,1,1,9,406,28,1,1,allocated
271,797,normal,0,0,65535_65535,1,6,87,361,0,1,0,8,0,28,1,1,pre_allocation
271,797,normal,0,0,65535_65535,1,6,87,406,1,1,1,9,406,28,1,1,allocated
271,797,normal,0,0,65535_65535,1,8,87,361,0,1,0,8,0,28,1,1,pre_allocation
271,797,normal,0,0,65535_65535,1,8,87,406,1,1,1,9,406,28,1,1,allocated
271,797,normal,0,0,65535_65535,1,7,87,406,0,1,0,9,0,28,1,1,pre_allocation
271,797,normal,0,0,65535_65535,1,7,87,452,1,1,1,10,452,28,1,1,allocated
271,797,normal,0,0,65535_65535,1,9,87,406,0,1,0,9,0,28,1,1,pre_allocation
271,797,normal,0,0,65535_65535,1,9,87,452,1,1,1,10,452,28,1,1,allocated
271,797,normal,0,0,65535_65535,1,6,87,406,0,1,0,9,0,28,1,1,pre_allocation
271,797,normal,0,0,65535_65535,1,6,87,452,1,1,1,10,452,28,1,1,allocated
271,797,normal,0,0,65535_65535,1,8,87,406,0,1,0,9,0,28,1,1,pre_allocation
271,797,normal,0,0,65535_65535,1,8,87,452,1,1,1,10,452,28,1,1,allocated
271,797,normal,0,0,65535_65535,1,7,87,452,0,1,0,10,0,28,1,1,pre_allocation
271,797,normal,0,0,65535_65535,1,7,87,497,1,1,1,11,497,28,1,1,allocated
271,797,normal,0,0,65535_65535,1,9,87,452,0,1,0,10,0,28,1,1,pre_allocation
271,797,normal,0,0,65535_65535,1,9,87,497,1,1,1,11,497,28,1,1,allocated
271,797,normal,0,0,65535_65535,1,6,87,452,0,1,0,10,0,28,1,1,pre_allocation
271,797,normal,0,0,65535_65535,1,6,87,497,1,1,1,11,497,28,1,1,allocated
271,797,normal,0,0,65535_65535,1,8,87,452,0,1,0,10,0,28,1,1,pre_allocation
271,797,normal,0,0,65535_65535,1,8,87,497,1,1,1,11,497,28,1,1,allocated
271,797,normal,0,0,65535_65535,1,7,87,497,0,1,0,11,0,28,1,1,pre_allocation
271,797,normal,0,0,65535_65535,1,7,87,543,1,1,1,12,543,28,1,1,allocated
271,797,normal,0,0,65535_65535,1,9,87,497,0,1,0,11,0,28,1,1,pre_allocation
271,797,normal,0,0,65535_65535,1,9,87,543,1,1,1,12,543,28,1,1,allocated
271,797,normal,0,0,65535_65535,1,6,87,497,0,1,0,11,0,28,1,1,pre_allocation
271,797,normal,0,0,65535_65535,1,6,87,543,1,1,1,12,543,28,1,1,allocated
271,797,normal,0,0,65535_65535,1,8,87,497,0,1,0,11,0,28,1,1,pre_allocation
271,797,normal,0,0,65535_65535,1,8,87,543,1,1,1,12,543,28,1,1,allocated
271,797,normal,0,0,65535_65535,1,7,87,543,0,1,0,12,0,28,1,1,pre_allocation
271,797,normal,0,0,65535_65535,1,7,87,589,1,1,1,13,589,28,1,1,allocated
271,797,normal,0,0,65535_65535,1,9,87,543,0,1,0,12,0,28,1,1,pre_allocation
271,797,normal,0,0,65535_65535,1,9,87,589,1,1,1,13,589,28,1,1,allocated
271,797,normal,0,0,65535_65535,1,6,87,543,0,1,0,12,0,28,1,1,pre_allocation
271,797,normal,0,0,65535_65535,1,6,87,589,1,1,1,13,589,28,1,1,allocated
271,797,normal,0,0,65535_65535,1,8,87,543,0,1,0,12,0,28,1,1,pre_allocation
271,797,normal,0,0,65535_65535,1,8,87,589,1,1,1,13,589,28,1,1,allocated
271,797,normal,0,0,65535_65535,1,7,87,589,0,1,0,13,0,28,1,1,pre_allocation
271,797,normal,0,0,65535_65535,1,7,87,634,1,1,1,14,634,28,1,1,allocated
271,797,normal,0,0,65535_65535,1,9,87,589,0,1,0,13,0,28,1,1,pre_allocation
271,797,normal,0,0,65535_65535,1,9,87,634,1,1,1,14,634,28,1,1,allocated
271,797,normal,0,0,65535_65535,1,6,87,589,0,1,0,13,0,28,1,1,pre_allocation
271,797,normal,0,0,65535_65535,1,6,87,634,1,1,1,14,634,28,1,1,allocated
271,797,normal,0,0,65535_65535,1,8,87,589,0,1,0,13,0,28,1,1,pre_allocation
271,797,normal,0,0,65535_65535,1,8,87,634,1,1,1,14,634,28,1,1,allocated
271,797,normal,0,0,65535_65535,1,7,87,634,0,1,0,14,0,28,1,1,pre_allocation
271,797,normal,0,0,65535_65535,1,7,87,680,1,1,1,15,680,28,1,1,allocated
271,797,normal,0,0,65535_65535,1,9,87,634,0,1,0,14,0,28,1,1,pre_allocation
271,797,normal,0,0,65535_65535,1,9,87,680,1,1,1,15,680,28,1,1,allocated
271,797,normal,0,0,65535_65535,1,6,87,634,0,1,0,14,0,28,1,1,pre_allocation
271,797,normal,0,0,65535_65535,1,6,87,680,1,1,1,15,680,28,1,1,allocated
271,797,normal,0,0,65535_65535,1,8,87,634,0,1,0,14,0,28,1,1,pre_allocation
271,797,normal,0,0,65535_65535,1,8,87,680,1,1,1,15,680,28,1,1,allocated
271,797,normal,0,0,65535_65535,1,7,87,680,0,1,0,15,0,28,1,1,pre_allocation
271,797,normal,0,0,65535_65535,1,7,87,725,1,1,1,16,725,28,1,1,allocated
271,797,normal,0,0,65535_65535,1,9,87,680,0,1,0,15,0,28,1,1,pre_allocation
271,797,normal,0,0,65535_65535,1,9,87,725,1,1,1,16,725,28,1,1,allocated
271,797,normal,0,0,65535_65535,1,6,87,680,0,1,0,15,0,28,1,1,pre_allocation
271,797,normal,0,0,65535_65535,1,6,87,725,1,1,1,16,725,28,1,1,allocated
271,797,normal,0,0,65535_65535,1,8,87,680,0,1,0,15,0,28,1,1,pre_allocation
271,797,normal,0,0,65535_65535,1,8,87,725,1,1,1,16,725,28,1,1,allocated
271,797,normal,0,0,65535_65535,1,7,87,725,0,1,0,16,0,28,1,1,pre_allocation
271,797,normal,0,0,65535_65535,1,7,87,771,1,1,1,17,771,28,1,1,allocated
271,797,normal,0,0,65535_65535,1,9,87,725,0,1,0,16,0,28,1,1,pre_allocation
271,797,normal,0,0,65535_65535,1,9,87,771,1,1,1,17,771,28,1,1,allocated
271,797,normal,0,0,65535_65535,1,6,87,725,0,1,0,16,0,28,1,1,pre_allocation
271,797,normal,0,0,65535_65535,1,6,87,771,1,1,1,17,771,28,1,1,allocated
271,797,normal,0,0,65535_65535,1,8,87,725,0,1,0,16,0,28,1,1,pre_allocation
271,797,normal,0,0,65535_65535,1,8,87,771,1,1,1,17,771,28,1,1,allocated
271,797,normal,0,0,65535_65535,1,7,87,771,0,1,0,17,0,28,1,1,pre_allocation
271,797,normal,0,0,65535_65535,1,7,87,816,1,1,1,18,816,28,1,1,allocated
271,797,normal,0,0,65535_65535,1,9,87,771,0,1,0,17,0,28,1,1,pre_allocation
271,797,normal,0,0,65535_65535,1,9,87,816,1,1,1,18,816,28,1,1,allocated
271,797,normal,0,0,65535_65535,1,6,87,771,0,1,0,17,0,28,1,1,pre_allocation
271,797,normal,0,0,65535_65535,1,6,87,816,1,1,1,18,816,28,1,1,allocated
271,797,normal,0,0,65535_65535,1,8,87,771,0,1,0,17,0,28,1,1,pre_allocation
271,797,normal,0,0,65535_65535,1,8,87,816,1,1,1,18,816,28,1,1,allocated
271,797,normal,0,0,65535_65535,1,7,87,816,0,1,0,18,0,28,1,1,pre_allocation
271,797,normal,0,0,65535_65535,1,7,87,862,1,1,1,19,862,28,1,1,allocated
271,797,normal,0,0,65535_65535,1,9,87,816,0,1,0,18,0,28,1,1,pre_allocation
271,797,normal,0,0,65535_65535,1,9,87,862,1,1,1,19,862,28,1,1,allocated
271,797,normal,0,0,65535_65535,1,6,87,816,0,1,0,18,0,28,1,1,pre_allocation
271,797,normal,0,0,65535_65535,1,6,87,862,1,1,1,19,862,28,1,1,allocated
271,797,normal,0,0,65535_65535,1,8,87,816,0,1,0,18,0,28,1,1,pre_allocation
271,797,normal,0,0,65535_65535,1,8,87,862,1,1,1,19,862,28,1,1,allocated
271,797,normal,0,0,65535_65535,1,7,87,862,0,1,0,19,0,28,1,1,pre_allocation
271,797,normal,0,0,65535_65535,1,7,87,907,1,1,1,20,907,28,1,1,allocated
271,797,normal,0,0,65535_65535,1,9,87,862,0,1,0,19,0,28,1,1,pre_allocation
271,797,normal,0,0,65535_65535,1,9,87,907,1,1,1,20,907,28,1,1,allocated
271,797,normal,0,0,65535_65535,1,6,87,862,0,1,0,19,0,28,1,1,pre_allocation
271,797,normal,0,0,65535_65535,1,6,87,907,1,1,1,20,907,28,1,1,allocated
271,797,normal,0,0,65535_65535,1,8,87,862,0,1,0,19,0,28,1,1,pre_allocation
271,797,normal,0,0,65535_65535,1,8,87,907,1,1,1,20,907,28,1,1,allocated
271,797,normal,0,0,65535_65535,1,7,87,907,0,1,0,20,0,28,1,1,pre_allocation
271,797,normal,0,0,65535_65535,1,7,87,953,1,1,1,21,953,28,1,1,allocated
271,797,normal,0,0,65535_65535,1,9,87,907,0,1,0,20,0,28,1,1,pre_allocation
271,797,normal,0,0,65535_65535,1,9,87,953,1,1,1,21,953,28,1,1,allocated
271,797,normal,0,0,65535_65535,1,6,87,907,0,1,0,20,0,28,1,1,pre_allocation
271,797,normal,0,0,65535_65535,1,6,87,953,1,1,1,21,953,28,1,1,allocated
271,797,normal,0,0,65535_65535,1,8,87,907,0,1,0,20,0,28,1,1,pre_allocation
271,797,normal,0,0,65535_65535,1,8,87,953,1,1,1,21,953,28,1,1,allocated
271,797,normal,0,0,65535_65535,1,7,87,953,0,1,0,21,0,28,1,1,pre_allocation
271,797,normal,0,0,65535_65535,1,7,87,998,1,1,1,22,998,28,1,1,allocated
271,797,normal,0,0,65535_65535,1,9,87,953,0,1,0,21,0,28,1,1,pre_allocation
271,797,normal,0,0,65535_65535,1,9,87,998,1,1,1,22,998,28,1,1,allocated
271,797,normal,0,0,65535_65535,1,6,87,953,0,1,0,21,0,28,1,1,pre_allocation
271,797,normal,0,0,65535_65535,1,6,87,998,1,1,1,22,998,28,1,1,allocated
271,797,normal,0,0,65535_65535,1,8,87,953,0,1,0,21,0,28,1,1,pre_allocation
271,797,normal,0,0,65535_65535,1,8,87,998,1,1,1,22,998,28,1,1,allocated
271,797,normal,0,0,65535_65535,1,7,87,998,0,1,0,22,0,28,1,1,pre_allocation
271,797,normal,0,0,65535_65535,1,7,87,1044,1,1,1,23,1044,28,1,1,allocated
271,797,normal,0,0,65535_65535,1,9,87,998,0,1,0,22,0,28,1,1,pre_allocation
271,797,normal,0,0,65535_65535,1,9,87,1044,1,1,1,23,1044,28,1,1,allocated
271,797,normal,0,0,65535_65535,1,6,87,998,0,1,0,22,0,28,1,1,pre_allocation
271,797,normal,0,0,65535_65535,1,6,87,1044,1,1,1,23,1044,28,1,1,allocated
271,797,normal,0,0,65535_65535,1,8,87,998,0,1,0,22,0,28,1,1,pre_allocation
271,797,normal,0,0,65535_65535,1,8,87,1044,1,1,1,23,1044,28,1,1,allocated
271,797,normal,0,0,65535_65535,1,7,87,1044,0,1,0,23,0,28,1,1,pre_allocation
271,797,normal,0,0,65535_65535,1,7,87,1089,1,1,1,24,1089,28,1,1,allocated
271,797,normal,0,0,65535_65535,1,9,87,1044,0,1,0,23,0,28,1,1,pre_allocation
271,797,normal,0,0,65535_65535,1,9,87,1089,1,1,1,24,1089,28,1,1,allocated
271,797,normal,0,0,65535_65535,1,6,87,1044,0,1,0,23,0,28,1,1,pre_allocation
271,797,normal,0,0,65535_65535,1,6,87,1089,1,1,1,24,1089,28,1,1,allocated
271,797,normal,0,0,65535_65535,1,8,87,1044,0,1,0,23,0,28,1,1,pre_allocation
271,797,normal,0,0,65535_65535,1,8,87,1089,1,1,1,24,1089,28,1,1,allocated
271,797,normal,0,0,65535_65535,1,7,87,1089,0,1,0,24,0,28,1,1,pre_allocation
271,797,normal,0,0,65535_65535,1,7,87,1135,1,1,1,25,1135,28,1,1,allocated
271,797,normal,0,0,65535_65535,1,9,87,1089,0,1,0,24,0,28,1,1,pre_allocation
271,797,normal,0,0,65535_65535,1,9,87,1135,1,1,1,25,1135,28,1,1,allocated
271,797,normal,0,0,65535_65535,1,6,87,1089,0,1,0,24,0,28,1,1,pre_allocation
271,797,normal,0,0,65535_65535,1,6,87,1135,1,1,1,25,1135,28,1,1,allocated
271,797,normal,0,0,65535_65535,1,8,87,1089,0,1,0,24,0,28,1,1,pre_allocation
271,797,normal,0,0,65535_65535,1,8,87,1135,1,1,1,25,1135,28,1,1,allocated
271,797,normal,0,0,65535_65535,1,7,87,1135,0,1,0,25,0,28,1,1,pre_allocation
271,797,normal,0,0,65535_65535,1,7,87,1181,1,1,1,26,1181,28,1,1,allocated
271,797,normal,0,0,65535_65535,1,9,87,1135,0,1,0,25,0,28,1,1,pre_allocation
271,797,normal,0,0,65535_65535,1,9,87,1181,1,1,1,26,1181,28,1,1,allocated
271,797,normal,0,0,65535_65535,1,6,87,1135,0,1,0,25,0,28,1,1,pre_allocation
271,797,normal,0,0,65535_65535,1,6,87,1181,1,1,1,26,1181,28,1,1,allocated
271,797,normal,0,0,65535_65535,1,8,87,1135,0,1,0,25,0,28,1,1,pre_allocation
271,797,normal,0,0,65535_65535,1,8,87,1181,1,1,1,26,1181,28,1,1,allocated
271,797,normal,0,0,65535_65535,1,7,87,1181,0,1,0,26,0,28,1,1,pre_allocation
271,797,normal,0,0,65535_65535,1,7,87,1226,1,1,1,27,1226,28,1,1,allocated
271,797,normal,0,0,65535_65535,1,9,87,1181,0,1,0,26,0,28,1,1,pre_allocation
271,797,normal,0,0,65535_65535,1,9,87,1226,1,1,1,27,1226,28,1,1,allocated
271,797,normal,0,0,65535_65535,1,6,87,1181,0,1,0,26,0,28,1,1,pre_allocation
271,797,normal,0,0,65535_65535,1,6,87,1226,1,1,1,27,1226,28,1,1,allocated
271,797,normal,0,0,65535_65535,1,8,87,1181,0,1,0,26,0,28,1,1,pre_allocation
271,797,normal,0,0,65535_65535,1,8,87,1226,1,1,1,27,1226,28,1,1,allocated
271,797,normal,0,0,65535_65535,1,7,87,1226,0,1,0,27,0,28,1,1,pre_allocation
271,797,normal,0,0,65535_65535,1,7,87,1272,1,1,1,28,1272,28,1,1,allocated
271,797,normal,0,0,65535_65535,1,9,87,1226,0,1,0,27,0,28,1,1,pre_allocation
271,797,normal,0,0,65535_65535,1,9,87,1272,1,1,1,28,1272,28,1,1,allocated
271,797,normal,0,0,65535_65535,1,6,87,1226,0,1,0,27,0,28,1,1,pre_allocation
271,797,normal,0,0,65535_65535,1,6,87,1272,1,1,1,28,1272,28,1,1,allocated
271,797,normal,0,0,65535_65535,1,8,87,1226,0,1,0,27,0,28,1,1,pre_allocation
271,797,normal,0,0,65535_65535,1,8,87,1272,1,1,1,28,1272,28,1,1,allocated
271,797,normal,0,0,65535_65535,1,7,87,1272,0,1,0,28,0,28,1,1,pre_allocation
271,797,normal,0,0,65535_65535,1,7,87,1317,1,1,1,29,1317,28,1,1,allocated
271,797,normal,0,0,65535_65535,1,9,87,1272,0,1,0,28,0,28,1,1,pre_allocation
271,797,normal,0,0,65535_65535,1,9,87,1317,1,1,1,29,1317,28,1,1,allocated
271,797,normal,0,0,65535_65535,1,6,87,1272,0,1,0,28,0,28,1,1,pre_allocation
271,797,normal,0,0,65535_65535,1,6,87,1317,1,1,1,29,1317,28,1,1,allocated
271,797,normal,0,0,65535_65535,1,8,87,1272,0,1,0,28,0,28,1,1,pre_allocation
271,797,normal,0,0,65535_65535,1,8,87,1317,1,1,1,29,1317,28,1,1,allocated
271,797,normal,0,0,65535_65535,1,7,87,1317,0,1,0,29,0,28,1,1,pre_allocation
271,797,normal,0,0,65535_65535,1,7,87,1363,1,1,1,30,1363,28,1,1,allocated
271,797,normal,0,0,65535_65535,1,9,87,1317,0,1,0,29,0,28,1,1,pre_allocation
271,797,normal,0,0,65535_65535,1,9,87,1363,1,1,1,30,1363,28,1,1,allocated
271,797,normal,0,0,65535_65535,1,6,87,1317,0,1,0,29,0,28,1,1,pre_allocation
271,797,normal,0,0,65535_65535,1,6,87,1363,1,1,1,30,1363,28,1,1,allocated
271,797,normal,0,0,65535_65535,1,8,87,1317,0,1,0,29,0,28,1,1,pre_allocation
271,797,normal,0,0,65535_65535,1,8,87,1363,1,1,1,30,1363,28,1,1,allocated
271,797,normal,0,0,65535_65535,1,7,87,1363,0,1,0,30,0,28,1,1,pre_allocation
271,797,normal,0,0,65535_65535,1,7,87,1408,1,1,1,31,1408,28,1,1,allocated
271,797,normal,0,0,65535_65535,1,9,87,1363,0,1,0,30,0,28,1,1,pre_allocation
271,797,normal,0,0,65535_65535,1,9,87,1408,1,1,1,31,1408,28,1,1,allocated
271,797,normal,0,0,65535_65535,1,6,87,1363,0,1,0,30,0,28,1,1,pre_allocation
271,797,normal,0,0,65535_65535,1,6,87,1408,1,1,1,31,1408,28,1,1,allocated
271,797,normal,0,0,65535_65535,1,8,87,1363,0,1,0,30,0,28,1,1,pre_allocation
271,797,normal,0,0,65535_65535,1,8,87,1408,1,1,1,31,1408,28,1,1,allocated
271,797,normal,0,0,65535_65535,1,7,87,1408,0,1,0,31,0,28,1,1,pre_allocation
271,797,normal,0,0,65535_65535,1,7,87,1454,1,1,1,32,1454,28,1,1,allocated
271,797,normal,0,0,65535_65535,1,9,87,1408,0,1,0,31,0,28,1,1,pre_allocation
271,797,normal,0,0,65535_65535,1,9,87,1454,1,1,1,32,1454,28,1,1,allocated
271,797,normal,0,0,65535_65535,1,6,87,1408,0,1,0,31,0,28,1,1,pre_allocation
271,797,normal,0,0,65535_65535,1,6,87,1454,1,1,1,32,1454,28,1,1,allocated
271,797,normal,0,0,65535_65535,1,8,87,1408,0,1,0,31,0,28,1,1,pre_allocation
271,797,normal,0,0,65535_65535,1,8,87,1454,1,1,1,32,1454,28,1,1,allocated
271,797,normal,0,0,65535_65535,1,7,87,1454,0,1,0,32,0,28,1,1,pre_allocation
271,797,normal,0,0,65535_65535,1,7,87,1499,1,1,1,33,1499,28,1,1,allocated
271,797,normal,0,0,65535_65535,1,9,87,1454,0,1,0,32,0,28,1,1,pre_allocation
271,797,normal,0,0,65535_65535,1,9,87,1499,1,1,1,33,1499,28,1,1,allocated
271,797,normal,0,0,65535_65535,1,6,87,1454,0,1,0,32,0,28,1,1,pre_allocation
271,797,normal,0,0,65535_65535,1,6,87,1499,1,1,1,33,1499,28,1,1,allocated
271,797,normal,0,0,65535_65535,1,8,87,1454,0,1,0,32,0,28,1,1,pre_allocation
271,797,normal,0,0,65535_65535,1,8,87,1499,1,1,1,33,1499,28,1,1,allocated
271,797,normal,0,0,65535_65535,1,7,87,1499,0,1,0,33,0,28,1,1,pre_allocation
271,797,normal,0,0,65535_65535,1,7,87,1542,1,1,1,34,1542,28,1,1,allocated
271,797,normal,0,0,65535_65535,1,9,87,1499,0,1,0,33,0,28,1,1,pre_allocation
271,797,normal,0,0,65535_65535,1,9,87,1542,1,1,1,34,1542,28,1,1,allocated
271,797,normal,0,0,65535_65535,1,6,87,1499,0,1,0,33,0,28,1,1,pre_allocation
271,797,normal,0,0,65535_65535,1,6,87,1542,1,1,1,34,1542,28,1,1,allocated
271,797,normal,0,0,65535_65535,1,8,87,1499,0,1,0,33,0,28,1,1,pre_allocation
271,797,normal,0,0,65535_65535,1,8,87,1542,1,1,1,34,1542,28,1,1,allocated
271,797,normal,0,0,65535_65535,1,7,87,1542,0,1,0,34,0,28,1,1,pre_allocation
271,797,normal,0,0,65535_65535,1,7,87,1587,1,1,1,35,1587,28,1,1,allocated
271,797,normal,0,0,65535_65535,1,9,87,1542,0,1,0,34,0,28,1,1,pre_allocation
271,797,normal,0,0,65535_65535,1,9,87,1587,1,1,1,35,1587,28,1,1,allocated
271,797,normal,0,0,65535_65535,1,6,87,1542,0,1,0,34,0,28,1,1,pre_allocation
271,797,normal,0,0,65535_65535,1,6,87,1587,1,1,1,35,1587,28,1,1,allocated
271,797,normal,0,0,65535_65535,1,8,87,1542,0,1,0,34,0,28,1,1,pre_allocation
271,797,normal,0,0,65535_65535,1,8,87,1587,1,1,1,35,1587,28,1,1,allocated
271,797,normal,0,0,65535_65535,1,7,87,1587,0,1,0,35,0,28,1,1,pre_allocation
271,797,normal,0,0,65535_65535,1,7,87,1633,1,1,1,36,1633,28,1,1,allocated
271,797,normal,0,0,65535_65535,1,9,87,1587,0,1,0,35,0,28,1,1,pre_allocation
271,797,normal,0,0,65535_65535,1,9,87,1633,1,1,1,36,1633,28,1,1,allocated
271,797,normal,0,0,65535_65535,1,6,87,1587,0,1,0,35,0,28,1,1,pre_allocation
271,797,normal,0,0,65535_65535,1,6,87,1633,1,1,1,36,1633,28,1,1,allocated
271,797,normal,0,0,65535_65535,1,8,87,1587,0,1,0,35,0,28,1,1,pre_allocation
271,797,normal,0,0,65535_65535,1,8,87,1633,1,1,1,36,1633,28,1,1,allocated
271,797,normal,0,0,65535_65535,1,7,87,1633,0,1,0,36,0,28,1,1,pre_allocation
271,797,normal,0,0,65535_65535,1,7,87,1678,1,1,1,37,1678,28,1,1,allocated
271,797,normal,0,0,65535_65535,1,9,87,1633,0,1,0,36,0,28,1,1,pre_allocation
271,797,normal,0,0,65535_65535,1,9,87,1678,1,1,1,37,1678,28,1,1,allocated
271,797,normal,0,0,65535_65535,1,6,87,1633,0,1,0,36,0,28,1,1,pre_allocation
271,797,normal,0,0,65535_65535,1,6,87,1678,1,1,1,37,1678,28,1,1,allocated
271,797,normal,0,0,65535_65535,1,8,87,1633,0,1,0,36,0,28,1,1,pre_allocation
271,797,normal,0,0,65535_65535,1,8,87,1678,1,1,1,37,1678,28,1,1,allocated
271,797,normal,0,0,65535_65535,1,7,87,1678,0,1,0,37,0,28,1,1,pre_allocation
271,797,normal,0,0,65535_65535,1,7,87,1724,1,1,1,38,1724,28,1,1,allocated
271,797,normal,0,0,65535_65535,1,9,87,1678,0,1,0,37,0,28,1,1,pre_allocation
271,797,normal,0,0,65535_65535,1,9,87,1724,1,1,1,38,1724,28,1,1,allocated
271,797,normal,0,0,65535_65535,1,6,87,1678,0,1,0,37,0,28,1,1,pre_allocation
271,797,normal,0,0,65535_65535,1,6,87,1724,1,1,1,38,1724,28,1,1,allocated
271,797,normal,0,0,65535_65535,1,8,87,1678,0,1,0,37,0,28,1,1,pre_allocation
271,797,normal,0,0,65535_65535,1,8,87,1724,1,1,1,38,1724,28,1,1,allocated
271,797,normal,0,0,65535_65535,1,7,87,1724,0,1,0,38,0,28,1,1,pre_allocation
271,797,normal,0,0,65535_65535,1,7,87,1770,1,1,1,39,1770,28,1,1,allocated
271,797,normal,0,0,65535_65535,1,9,87,1724,0,1,0,38,0,28,1,1,pre_allocation
271,797,normal,0,0,65535_65535,1,9,87,1770,1,1,1,39,1770,28,1,1,allocated
271,797,normal,0,0,65535_65535,1,6,87,1724,0,1,0,38,0,28,1,1,pre_allocation
271,797,normal,0,0,65535_65535,1,6,87,1770,1,1,1,39,1770,28,1,1,allocated
271,797,normal,0,0,65535_65535,1,8,87,1724,0,1,0,38,0,28,1,1,pre_allocation
271,797,normal,0,0,65535_65535,1,8,87,1770,1,1,1,39,1770,28,1,1,allocated
271,797,normal,0,0,65535_65535,1,7,87,1770,0,1,0,39,0,28,1,1,pre_allocation
271,797,normal,0,0,65535_65535,1,7,87,1815,1,1,1,40,1815,28,1,1,allocated
271,797,normal,0,0,65535_65535,1,9,87,1770,0,1,0,39,0,28,1,1,pre_allocation
271,797,normal,0,0,65535_65535,1,9,87,1815,1,1,1,40,1815,28,1,1,allocated
271,797,normal,0,0,65535_65535,1,6,87,1770,0,1,0,39,0,28,1,1,pre_allocation
271,797,normal,0,0,65535_65535,1,6,87,1815,1,1,1,40,1815,28,1,1,allocated
271,797,normal,0,0,65535_65535,1,8,87,1770,0,1,0,39,0,28,1,1,pre_allocation
271,797,normal,0,0,65535_65535,1,8,87,1815,1,1,1,40,1815,28,1,1,allocated
271,797,normal,0,0,65535_65535,1,7,87,1815,0,1,0,40,0,28,1,1,pre_allocation
271,797,normal,0,0,65535_65535,1,7,87,1861,1,1,1,41,1861,28,1,1,allocated
383,895,normal,0,0,65535_65535,0,5,668233,0,0,1,0,0,0,15,1,1,pre_allocation
383,895,normal,0,0,65535_65535,0,5,668233,14,1,1,1,1,14,15,1,1,allocated
383,895,normal,0,0,65535_65535,0,4,60035,0,0,1,0,0,0,16,1,1,pre_allocation
383,895,normal,0,0,65535_65535,0,4,60035,16,1,1,1,1,16,16,1,1,allocated
383,895,normal,0,0,65535_65535,0,1,3069,0,0,1,0,0,0,28,1,1,pre_allocation
383,895,normal,0,0,65535_65535,0,1,3069,42,1,1,1,1,42,28,1,1,allocated
383,895,normal,0,0,65535_65535,0,5,668233,14,0,1,0,1,0,15,1,1,pre_allocation
383,895,normal,0,0,65535_65535,0,5,668233,32,1,1,1,2,32,15,1,1,allocated
383,895,normal,0,0,65535_65535,0,4,60035,16,0,1,0,1,0,16,1,1,pre_allocation
383,895,normal,0,0,65535_65535,0,4,60035,36,1,1,1,2,36,16,1,1,allocated
383,895,normal,0,0,65535_65535,0,1,3069,42,0,1,0,1,0,28,1,1,pre_allocation
383,895,normal,0,0,65535_65535,0,1,3069,88,1,1,1,2,88,28,1,1,allocated
383,895,normal,0,0,65535_65535,0,5,668233,32,0,1,0,2,0,15,1,1,pre_allocation
383,895,normal,0,0,65535_65535,0,5,668233,50,1,1,1,3,50,15,1,1,allocated
383,895,normal,0,0,65535_65535,0,4,60035,36,0,1,0,2,0,16,1,1,pre_allocation
383,895,normal,0,0,65535_65535,0,4,60035,56,1,1,1,3,56,16,1,1,allocated
383,895,normal,0,0,65535_65535,0,1,3069,88,0,1,0,2,0,28,1,1,pre_allocation
383,895,normal,0,0,65535_65535,0,1,3069,133,1,1,1,3,133,28,1,1,allocated
383,895,normal,0,0,65535_65535,0,5,668233,50,0,1,0,3,0,15,1,1,pre_allocation
383,895,normal,0,0,65535_65535,0,5,668233,68,1,1,1,4,68,15,1,1,allocated
383,895,normal,0,0,65535_65535,0,4,60035,56,0,1,0,3,0,16,1,1,pre_allocation
383,895,normal,0,0,65535_65535,0,4,60035,76,1,1,1,4,76,16,1,1,allocated
383,895,normal,0,0,65535_65535,0,1,3069,133,0,1,0,3,0,28,1,1,pre_allocation
383,895,normal,0,0,65535_65535,0,1,3069,179,1,1,1,4,179,28,1,1,allocated
383,895,normal,0,0,65535_65535,0,5,668233,68,0,1,0,4,0,15,1,1,pre_allocation
383,895,normal,0,0,65535_65535,0,5,668233,86,1,1,1,5,86,15,1,1,allocated
383,895,normal,0,0,65535_65535,0,4,60035,76,0,1,0,4,0,16,1,1,pre_allocation
383,895,normal,0,0,65535_65535,0,4,60035,96,1,1,1,5,96,16,1,1,allocated
383,895,normal,0,0,65535_65535,0,1,3069,179,0,1,0,4,0,28,1,1,pre_allocation
383,895,normal,0,0,65535_65535,0,1,3069,224,1,1,1,5,224,28,1,1,allocated
383,895,normal,0,0,65535_65535,0,5,668233,86,0,1,0,5,0,15,1,1,pre_allocation
383,895,normal,0,0,65535_65535,0,5,668233,103,1,1,1,6,103,15,1,1,allocated
383,895,normal,0,0,65535_65535,0,4,60035,96,0,1,0,5,0,16,1,1,pre_allocation
383,895,normal,0,0,65535_65535,0,4,60035,115,1,1,1,6,115,16,1,1,allocated
383,895,normal,0,0,65535_65535,0,1,3069,224,0,1,0,5,0,28,1,1,pre_allocation
383,895,normal,0,0,65535_65535,0,1,3069,270,1,1,1,6,270,28,1,1,allocated
383,895,normal,0,0,65535_65535,0,5,668233,103,0,1,0,6,0,15,1,1,pre_allocation
383,895,normal,0,0,65535_65535,0,5,668233,121,1,1,1,7,121,15,1,1,allocated
383,895,normal,0,0,65535_65535,0,4,60035,115,0,1,0,6,0,16,1,1,pre_allocation
383,895,normal,0,0,65535_65535,0,4,60035,135,1,1,1,7,135,16,1,1,allocated
383,895,normal,0,0,65535_65535,0,1,3069,270,0,1,0,6,0,28,1,1,pre_allocation
383,895,normal,0,0,65535_65535,0,1,3069,315,1,1,1,7,315,28,1,1,allocated
383,895,normal,0,0,65535_65535,0,5,668233,121,0,1,0,7,0,15,1,1,pre_allocation
383,895,normal,0,0,65535_65535,0,5,668233,139,1,1,1,8,139,15,1,1,allocated
383,895,normal,0,0,65535_65535,0,4,60035,135,0,1,0,7,0,16,1,1,pre_allocation
383,895,normal,0,0,65535_65535,0,4,60035,155,1,1,1,8,155,16,1,1,allocated
383,895,normal,0,0,65535_65535,0,1,3069,315,0,1,0,7,0,28,1,1,pre_allocation
383,895,normal,0,0,65535_65535,0,1,3069,361,1,1,1,8,361,28,1,1,allocated
383,895,normal,0,0,65535_65535,0,5,668233,139,0,1,0,8,0,15,1,1,pre_allocation
383,895,normal,0,0,65535_65535,0,5,668233,157,1,1,1,9,157,15,1,1,allocated
383,895,normal,0,0,65535_65535,0,4,60035,155,0,1,0,8,0,16,1,1,pre_allocation
383,895,normal,0,0,65535_65535,0,4,60035,175,1,1,1,9,175,16,1,1,allocated
383,895,normal,0,0,65535_65535,0,1,3069,361,0,1,0,8,0,28,1,1,pre_allocation
383,895,normal,0,0,65535_65535,0,1,3069,406,1,1,1,9,406,28,1,1,allocated
383,895,normal,0,0,65535_65535,0,5,668233,157,0,1,0,9,0,15,1,1,pre_allocation
383,895,normal,0,0,65535_65535,0,5,668233,175,1,1,1,10,175,15,1,1,allocated
383,895,normal,0,0,65535_65535,0,4,60035,175,0,1,0,9,0,16,1,1,pre_allocation
383,895,normal,0,0,65535_65535,0,4,60035,195,1,1,1,10,195,16,1,1,allocated
383,895,normal,0,0,65535_65535,0,1,3069,406,0,1,0,9,0,28,1,1,pre_allocation
383,895,normal,0,0,65535_65535,0,1,3069,452,1,1,1,10,452,28,1,1,allocated
383,895,normal,0,0,65535_65535,0,5,668233,175,0,1,0,10,0,15,1,1,pre_allocation
383,895,normal,0,0,65535_65535,0,5,668233,193,1,1,1,11,193,15,1,1,allocated
383,895,normal,0,0,65535_65535,0,4,60035,195,0,1,0,10,0,16,1,1,pre_allocation
383,895,normal,0,0,65535_65535,0,4,60035,214,1,1,1,11,214,16,1,1,allocated
383,895,normal,0,0,65535_65535,0,1,3069,452,0,1,0,10,0,28,1,1,pre_allocation
383,895,normal,0,0,65535_65535,0,1,3069,497,1,1,1,11,497,28,1,1,allocated
383,895,normal,0,0,65535_65535,0,5,668233,193,0,1,0,11,0,15,1,1,pre_allocation
383,895,normal,0,0,65535_65535,0,5,668233,210,1,1,1,12,210,15,1,1,allocated
383,895,normal,0,0,65535_65535,0,4,60035,214,0,1,0,11,0,16,1,1,pre_allocation
383,895,normal,0,0,65535_65535,0,4,60035,234,1,1,1,12,234,16,1,1,allocated
383,895,normal,0,0,65535_65535,0,1,3069,497,0,1,0,11,0,28,1,1,pre_allocation
383,895,normal,0,0,65535_65535,0,1,3069,543,1,1,1,12,543,28,1,1,allocated
383,895,normal,0,0,65535_65535,0,5,668233,210,0,1,0,12,0,15,1,1,pre_allocation
383,895,normal,0,0,65535_65535,0,5,668233,228,1,1,1,13,228,15,1,1,allocated
383,895,normal,0,0,65535_65535,0,4,60035,234,0,1,0,12,0,16,1,1,pre_allocation
383,895,normal,0,0,65535_65535,0,4,60035,254,1,1,1,13,254,16,1,1,allocated
383,895,normal,0,0,65535_65535,0,1,3069,543,0,1,0,12,0,28,1,1,pre_allocation
383,895,normal,0,0,65535_65535,0,1,3069,589,1,1,1,13,589,28,1,1,allocated
383,895,normal,0,0,65535_65535,0,5,668233,228,0,1,0,13,0,15,1,1,pre_allocation
383,895,normal,0,0,65535_65535,0,5,668233,246,1,1,1,14,246,15,1,1,allocated
383,895,normal,0,0,65535_65535,0,4,60035,254,0,1,0,13,0,16,1,1,pre_allocation
383,895,normal,0,0,65535_65535,0,4,60035,274,1,1,1,14,274,16,1,1,allocated
383,895,normal,0,0,65535_65535,0,1,3069,589,0,1,0,13,0,28,1,1,pre_allocation
383,895,normal,0,0,65535_65535,0,1,3069,634,1,1,1,14,634,28,1,1,allocated
383,895,normal,0,0,65535_65535,0,5,668233,246,0,1,0,14,0,15,1,1,pre_allocation
383,895,normal,0,0,65535_65535,0,5,668233,264,1,1,1,15,264,15,1,1,allocated
383,895,normal,0,0,65535_65535,0,4,60035,274,0,1,0,14,0,16,1,1,pre_allocation
383,895,normal,0,0,65535_65535,0,4,60035,294,1,1,1,15,294,16,1,1,allocated
383,895,normal,0,0,65535_65535,0,1,3069,634,0,1,0,14,0,28,1,1,pre_allocation
383,895,normal,0,0,65535_65535,0,1,3069,680,1,1,1,15,680,28,1,1,allocated
383,895,normal,0,0,65535_65535,0,5,668233,264,0,1,0,15,0,15,1,1,pre_allocation
383,895,normal,0,0,65535_65535,0,5,668233,282,1,1,1,16,282,15,1,1,allocated
383,895,normal,0,0,65535_65535,0,4,60035,294,0,1,0,15,0,16,1,1,pre_allocation
383,895,normal,0,0,65535_65535,0,4,60035,313,1,1,1,16,313,16,1,1,allocated
383,895,normal,0,0,65535_65535,0,1,3069,680,0,1,0,15,0,28,1,1,pre_allocation
383,895,normal,0,0,65535_65535,0,1,3069,725,1,1,1,16,725,28,1,1,allocated
383,895,normal,0,0,65535_65535,0,5,668233,282,0,1,0,16,0,15,1,1,pre_allocation
383,895,normal,0,0,65535_65535,0,5,668233,299,1,1,1,17,299,15,1,1,allocated
383,895,normal,0,0,65535_65535,0,4,60035,313,0,1,0,16,0,16,1,1,pre_allocation
383,895,normal,0,0,65535_65535,0,4,60035,333,1,1,1,17,333,16,1,1,allocated
383,895,normal,0,0,65535_65535,0,1,3069,725,0,1,0,16,0,28,1,1,pre_allocation
383,895,normal,0,0,65535_65535,0,1,3069,771,1,1,1,17,771,28,1,1,allocated
383,895,normal,0,0,65535_65535,0,5,668233,299,0,1,0,17,0,15,1,1,pre_allocation
383,895,normal,0,0,65535_65535,0,5,668233,317,1,1,1,18,317,15,1,1,allocated
383,895,normal,0,0,65535_65535,0,4,60035,333,0,1,0,17,0,16,1,1,pre_allocation
383,895,normal,0,0,65535_65535,0,4,60035,353,1,1,1,18,353,16,1,1,allocated
383,895,normal,0,0,65535_65535,0,1,3069,771,0,1,0,17,0,28,1,1,pre_allocation
383,895,normal,0,0,65535_65535,0,1,3069,816,1,1,1,18,816,28,1,1,allocated
383,895,normal,0,0,65535_65535,0,5,668233,317,0,1,0,18,0,15,1,1,pre_allocation
383,895,normal,0,0,65535_65535,0,5,668233,335,1,1,1,19,335,15,1,1,allocated
383,895,normal,0,0,65535_65535,0,4,60035,353,0,1,0,18,0,16,1,1,pre_allocation
383,895,normal,0,0,65535_65535,0,4,60035,373,1,1,1,19,373,16,1,1,allocated
383,895,normal,0,0,65535_65535,0,1,3069,816,0,1,0,18,0,28,1,1,pre_allocation
383,895,normal,0,0,65535_65535,0,1,3069,862,1,1,1,19,862,28,1,1,allocated
383,895,normal,0,0,65535_65535,0,5,668233,335,0,1,0,19,0,15,1,1,pre_allocation
383,895,normal,0,0,65535_65535,0,5,668233,353,1,1,1,20,353,15,1,1,allocated
383,895,normal,0,0,65535_65535,0,4,60035,373,0,1,0,19,0,16,1,1,pre_allocation
383,895,normal,0,0,65535_65535,0,4,60035,393,1,1,1,20,393,16,1,1,allocated
383,895,normal,0,0,65535_65535,0,1,3069,862,0,1,0,19,0,28,1,1,pre_allocation
383,895,normal,0,0,65535_65535,0,1,3069,907,1,1,1,20,907,28,1,1,allocated
383,895,normal,0,0,65535_65535,0,5,668233,353,0,1,0,20,0,15,1,1,pre_allocation
383,895,normal,0,0,65535_65535,0,5,668233,371,1,1,1,21,371,15,1,1,allocated
383,895,normal,0,0,65535_65535,0,4,60035,393,0,1,0,20,0,16,1,1,pre_allocation
383,895,normal,0,0,65535_65535,0,4,60035,412,1,1,1,21,412,16,1,1,allocated
383,895,normal,0,0,65535_65535,0,1,3069,907,0,1,0,20,0,28,1,1,pre_allocation
383,895,normal,0,0,65535_65535,0,1,3069,953,1,1,1,21,953,28,1,1,allocated
383,895,normal,0,0,65535_65535,0,5,668233,371,0,1,0,21,0,15,1,1,pre_allocation
383,895,normal,0,0,65535_65535,0,5,668233,389,1,1,1,22,389,15,1,1,allocated
383,895,normal,0,0,65535_65535,0,4,60035,412,0,1,0,21,0,16,1,1,pre_allocation
383,895,normal,0,0,65535_65535,0,4,60035,432,1,1,1,22,432,16,1,1,allocated
383,895,normal,0,0,65535_65535,0,1,3069,953,0,1,0,21,0,28,1,1,pre_allocation
383,895,normal,0,0,65535_65535,0,1,3069,998,1,1,1,22,998,28,1,1,allocated
383,895,normal,0,0,65535_65535,0,5,668233,389,0,1,0,22,0,15,1,1,pre_allocation
383,895,normal,0,0,65535_65535,0,5,668233,406,1,1,1,23,406,15,1,1,allocated
383,895,normal,0,0,65535_65535,0,4,60035,432,0,1,0,22,0,16,1,1,pre_allocation
383,895,normal,0,0,65535_65535,0,4,60035,452,1,1,1,23,452,16,1,1,allocated
383,895,normal,0,0,65535_65535,0,1,3069,998,0,1,0,22,0,28,1,1,pre_allocation
383,895,normal,0,0,65535_65535,0,1,3069,1044,1,1,1,23,1044,28,1,1,allocated
383,895,normal,0,0,65535_65535,0,5,668233,406,0,1,0,23,0,15,1,1,pre_allocation
383,895,normal,0,0,65535_65535,0,5,668233,424,1,1,1,24,424,15,1,1,allocated
383,895,normal,0,0,65535_65535,0,4,60035,452,0,1,0,23,0,16,1,1,pre_allocation
383,895,normal,0,0,65535_65535,0,4,60035,472,1,1,1,24,472,16,1,1,allocated
383,895,normal,0,0,65535_65535,0,1,3069,1044,0,1,0,23,0,28,1,1,pre_allocation
383,895,normal,0,0,65535_65535,0,1,3069,1089,1,1,1,24,1089,28,1,1,allocated
383,895,normal,0,0,65535_65535,1,7,87,0,0,1,0,0,0,28,1,1,pre_allocation
383,895,normal,0,0,65535_65535,1,7,87,42,1,1,1,1,42,28,1,1,allocated
383,895,normal,0,0,65535_65535,1,9,87,0,0,1,0,0,0,28,1,1,pre_allocation
383,895,normal,0,0,65535_65535,1,9,87,42,1,1,1,1,42,28,1,1,allocated
383,895,normal,0,0,65535_65535,1,6,87,0,0,1,0,0,0,28,1,1,pre_allocation
383,895,normal,0,0,65535_65535,1,6,87,42,1,1,1,1,42,28,1,1,allocated
383,895,normal,0,0,65535_65535,1,8,87,0,0,1,0,0,0,28,1,1,pre_allocation
383,895,normal,0,0,65535_65535,1,8,87,42,1,1,1,1,42,28,1,1,allocated
383,895,normal,0,0,65535_65535,1,7,87,42,0,1,0,1,0,28,1,1,pre_allocation
383,895,normal,0,0,65535_65535,1,7,87,88,1,1,1,2,88,28,1,1,allocated
383,895,normal,0,0,65535_65535,1,9,87,42,0,1,0,1,0,28,1,1,pre_allocation
383,895,normal,0,0,65535_65535,1,9,87,88,1,1,1,2,88,28,1,1,allocated
383,895,normal,0,0,65535_65535,1,6,87,42,0,1,0,1,0,28,1,1,pre_allocation
383,895,normal,0,0,65535_65535,1,6,87,88,1,1,1,2,88,28,1,1,allocated
383,895,normal,0,0,65535_65535,1,8,87,42,0,1,0,1,0,28,1,1,pre_allocation
383,895,normal,0,0,65535_65535,1,8,87,88,1,1,1,2,88,28,1,1,allocated
383,895,normal,0,0,65535_65535,1,7,87,88,0,1,0,2,0,28,1,1,pre_allocation
383,895,normal,0,0,65535_65535,1,7,87,133,1,1,1,3,133,28,1,1,allocated
383,895,normal,0,0,65535_65535,1,9,87,88,0,1,0,2,0,28,1,1,pre_allocation
383,895,normal,0,0,65535_65535,1,9,87,133,1,1,1,3,133,28,1,1,allocated
383,895,normal,0,0,65535_65535,1,6,87,88,0,1,0,2,0,28,1,1,pre_allocation
383,895,normal,0,0,65535_65535,1,6,87,133,1,1,1,3,133,28,1,1,allocated
383,895,normal,0,0,65535_65535,1,8,87,88,0,1,0,2,0,28,1,1,pre_allocation
383,895,normal,0,0,65535_65535,1,8,87,133,1,1,1,3,133,28,1,1,allocated
383,895,normal,0,0,65535_65535,1,7,87,133,0,1,0,3,0,28,1,1,pre_allocation
383,895,normal,0,0,65535_65535,1,7,87,179,1,1,1,4,179,28,1,1,allocated
383,895,normal,0,0,65535_65535,1,9,87,133,0,1,0,3,0,28,1,1,pre_allocation
383,895,normal,0,0,65535_65535,1,9,87,179,1,1,1,4,179,28,1,1,allocated
383,895,normal,0,0,65535_65535,1,6,87,133,0,1,0,3,0,28,1,1,pre_allocation
383,895,normal,0,0,65535_65535,1,6,87,179,1,1,1,4,179,28,1,1,allocated
383,895,normal,0,0,65535_65535,1,8,87,133,0,1,0,3,0,28,1,1,pre_allocation
383,895,normal,0,0,65535_65535,1,8,87,179,1,1,1,4,179,28,1,1,allocated
383,895,normal,0,0,65535_65535,1,7,87,179,0,1,0,4,0,28,1,1,pre_allocation
383,895,normal,0,0,65535_65535,1,7,87,224,1,1,1,5,224,28,1,1,allocated
383,895,normal,0,0,65535_65535,1,9,87,179,0,1,0,4,0,28,1,1,pre_allocation
383,895,normal,0,0,65535_65535,1,9,87,224,1,1,1,5,224,28,1,1,allocated
383,895,normal,0,0,65535_65535,1,6,87,179,0,1,0,4,0,28,1,1,pre_allocation
383,895,normal,0,0,65535_65535,1,6,87,224,1,1,1,5,224,28,1,1,allocated
383,895,normal,0,0,65535_65535,1,8,87,179,0,1,0,4,0,28,1,1,pre_allocation
383,895,normal,0,0,65535_65535,1,8,87,224,1,1,1,5,224,28,1,1,allocated
383,895,normal,0,0,65535_65535,1,7,87,224,0,1,0,5,0,28,1,1,pre_allocation
383,895,normal,0,0,65535_65535,1,7,87,270,1,1,1,6,270,28,1,1,allocated
383,895,normal,0,0,65535_65535,1,9,87,224,0,1,0,5,0,28,1,1,pre_allocation
383,895,normal,0,0,65535_65535,1,9,87,270,1,1,1,6,270,28,1,1,allocated
383,895,normal,0,0,65535_65535,1,6,87,224,0,1,0,5,0,28,1,1,pre_allocation
383,895,normal,0,0,65535_65535,1,6,87,270,1,1,1,6,270,28,1,1,allocated
383,895,normal,0,0,65535_65535,1,8,87,224,0,1,0,5,0,28,1,1,pre_allocation
383,895,normal,0,0,65535_65535,1,8,87,270,1,1,1,6,270,28,1,1,allocated
383,895,normal,0,0,65535_65535,1,7,87,270,0,1,0,6,0,28,1,1,pre_allocation
383,895,normal,0,0,65535_65535,1,7,87,315,1,1,1,7,315,28,1,1,allocated
383,895,normal,0,0,65535_65535,1,9,87,270,0,1,0,6,0,28,1,1,pre_allocation
383,895,normal,0,0,65535_65535,1,9,87,315,1,1,1,7,315,28,1,1,allocated
383,895,normal,0,0,65535_65535,1,6,87,270,0,1,0,6,0,28,1,1,pre_allocation
383,895,normal,0,0,65535_65535,1,6,87,315,1,1,1,7,315,28,1,1,allocated
383,895,normal,0,0,65535_65535,1,8,87,270,0,1,0,6,0,28,1,1,pre_allocation
383,895,normal,0,0,65535_65535,1,8,87,315,1,1,1,7,315,28,1,1,allocated
383,895,normal,0,0,65535_65535,1,7,87,315,0,1,0,7,0,28,1,1,pre_allocation
383,895,normal,0,0,65535_65535,1,7,87,361,1,1,1,8,361,28,1,1,allocated
383,895,normal,0,0,65535_65535,1,9,87,315,0,1,0,7,0,28,1,1,pre_allocation
383,895,normal,0,0,65535_65535,1,9,87,361,1,1,1,8,361,28,1,1,allocated
383,895,normal,0,0,65535_65535,1,6,87,315,0,1,0,7,0,28,1,1,pre_allocation
383,895,normal,0,0,65535_65535,1,6,87,361,1,1,1,8,361,28,1,1,allocated
383,895,normal,0,0,65535_65535,1,8,87,315,0,1,0,7,0,28,1,1,pre_allocation
383,895,normal,0,0,65535_65535,1,8,87,361,1,1,1,8,361,28,1,1,allocated
383,895,normal,0,0,65535_65535,1,7,87,361,0,1,0,8,0,28,1,1,pre_allocation
383,895,normal,0,0,65535_65535,1,7,87,406,1,1,1,9,406,28,1,1,allocated
383,895,normal,0,0,65535_65535,1,9,87,361,0,1,0,8,0,28,1,1,pre_allocation
383,895,normal,0,0,65535_65535,1,9,87,406,1,1,1,9,406,28,1,1,allocated
383,895,normal,0,0,65535_65535,1,6,87,361,0,1,0,8,0,28,1,1,pre_allocation
383,895,normal,0,0,65535_65535,1,6,87,406,1,1,1,9,406,28,1,1,allocated
383,895,normal,0,0,65535_65535,1,8,87,361,0,1,0,8,0,28,1,1,pre_allocation
383,895,normal,0,0,65535_65535,1,8,87,406,1,1,1,9,406,28,1,1,allocated
383,895,normal,0,0,65535_65535,1,7,87,406,0,1,0,9,0,28,1,1,pre_allocation
383,895,normal,0,0,65535_65535,1,7,87,452,1,1,1,10,452,28,1,1,allocated
383,895,normal,0,0,65535_65535,1,9,87,406,0,1,0,9,0,28,1,1,pre_allocation
383,895,normal,0,0,65535_65535,1,9,87,452,1,1,1,10,452,28,1,1,allocated
383,895,normal,0,0,65535_65535,1,6,87,406,0,1,0,9,0,28,1,1,pre_allocation
383,895,normal,0,0,65535_65535,1,6,87,452,1,1,1,10,452,28,1,1,allocated
383,895,normal,0,0,65535_65535,1,8,87,406,0,1,0,9,0,28,1,1,pre_allocation
383,895,normal,0,0,65535_65535,1,8,87,452,1,1,1,10,452,28,1,1,allocated
383,895,normal,0,0,65535_65535,1,7,87,452,0,1,0,10,0,28,1,1,pre_allocation
383,895,normal,0,0,65535_65535,1,7,87,497,1,1,1,11,497,28,1,1,allocated
383,895,normal,0,0,65535_65535,1,9,87,452,0,1,0,10,0,28,1,1,pre_allocation
383,895,normal,0,0,65535_65535,1,9,87,497,1,1,1,11,497,28,1,1,allocated
383,895,normal,0,0,65535_65535,1,6,87,452,0,1,0,10,0,28,1,1,pre_allocation
383,895,normal,0,0,65535_65535,1,6,87,497,1,1,1,11,497,28,1,1,allocated
383,895,normal,0,0,65535_65535,1,8,87,452,0,1,0,10,0,28,1,1,pre_allocation
383,895,normal,0,0,65535_65535,1,8,87,497,1,1,1,11,497,28,1,1,allocated
383,895,normal,0,0,65535_65535,1,7,87,497,0,1,0,11,0,28,1,1,pre_allocation
383,895,normal,0,0,65535_65535,1,7,87,543,1,1,1,12,543,28,1,1,allocated
383,895,normal,0,0,65535_65535,1,9,87,497,0,1,0,11,0,28,1,1,pre_allocation
383,895,normal,0,0,65535_65535,1,9,87,543,1,1,1,12,543,28,1,1,allocated
383,895,normal,0,0,65535_65535,1,6,87,497,0,1,0,11,0,28,1,1,pre_allocation
383,895,normal,0,0,65535_65535,1,6,87,543,1,1,1,12,543,28,1,1,allocated
383,895,normal,0,0,65535_65535,1,8,87,497,0,1,0,11,0,28,1,1,pre_allocation
383,895,normal,0,0,65535_65535,1,8,87,543,1,1,1,12,543,28,1,1,allocated
383,895,normal,0,0,65535_65535,1,7,87,543,0,1,0,12,0,28,1,1,pre_allocation
383,895,normal,0,0,65535_65535,1,7,87,589,1,1,1,13,589,28,1,1,allocated
383,895,normal,0,0,65535_65535,1,9,87,543,0,1,0,12,0,28,1,1,pre_allocation
383,895,normal,0,0,65535_65535,1,9,87,589,1,1,1,13,589,28,1,1,allocated
383,895,normal,0,0,65535_65535,1,6,87,543,0,1,0,12,0,28,1,1,pre_allocation
383,895,normal,0,0,65535_65535,1,6,87,589,1,1,1,13,589,28,1,1,allocated
383,895,normal,0,0,65535_65535,1,8,87,543,0,1,0,12,0,28,1,1,pre_allocation
383,895,normal,0,0,65535_65535,1,8,87,589,1,1,1,13,589,28,1,1,allocated
383,895,normal,0,0,65535_65535,1,7,87,589,0,1,0,13,0,28,1,1,pre_allocation
383,895,normal,0,0,65535_65535,1,7,87,634,1,1,1,14,634,28,1,1,allocated
383,895,normal,0,0,65535_65535,1,9,87,589,0,1,0,13,0,28,1,1,pre_allocation
383,895,normal,0,0,65535_65535,1,9,87,634,1,1,1,14,634,28,1,1,allocated
383,895,normal,0,0,65535_65535,1,6,87,589,0,1,0,13,0,28,1,1,pre_allocation
383,895,normal,0,0,65535_65535,1,6,87,634,1,1,1,14,634,28,1,1,allocated
383,895,normal,0,0,65535_65535,1,8,87,589,0,1,0,13,0,28,1,1,pre_allocation
383,895,normal,0,0,65535_65535,1,8,87,634,1,1,1,14,634,28,1,1,allocated
383,895,normal,0,0,65535_65535,1,7,87,634,0,1,0,14,0,28,1,1,pre_allocation
383,895,normal,0,0,65535_65535,1,7,87,680,1,1,1,15,680,28,1,1,allocated
383,895,normal,0,0,65535_65535,1,9,87,634,0,1,0,14,0,28,1,1,pre_allocation
383,895,normal,0,0,65535_65535,1,9,87,680,1,1,1,15,680,28,1,1,allocated
383,895,normal,0,0,65535_65535,1,6,87,634,0,1,0,14,0,28,1,1,pre_allocation
383,895,normal,0,0,65535_65535,1,6,87,680,1,1,1,15,680,28,1,1,allocated
383,895,normal,0,0,65535_65535,1,8,87,634,0,1,0,14,0,28,1,1,pre_allocation
383,895,normal,0,0,65535_65535,1,8,87,680,1,1,1,15,680,28,1,1,allocated
383,895,normal,0,0,65535_65535,1,7,87,680,0,1,0,15,0,28,1,1,pre_allocation
383,895,normal,0,0,65535_65535,1,7,87,725,1,1,1,16,725,28,1,1,allocated
383,895,normal,0,0,65535_65535,1,9,87,680,0,1,0,15,0,28,1,1,pre_allocation
383,895,normal,0,0,65535_65535,1,9,87,725,1,1,1,16,725,28,1,1,allocated
383,895,normal,0,0,65535_65535,1,6,87,680,0,1,0,15,0,28,1,1,pre_allocation
383,895,normal,0,0,65535_65535,1,6,87,725,1,1,1,16,725,28,1,1,allocated
383,895,normal,0,0,65535_65535,1,8,87,680,0,1,0,15,0,28,1,1,pre_allocation
383,895,normal,0,0,65535_65535,1,8,87,725,1,1,1,16,725,28,1,1,allocated
383,895,normal,0,0,65535_65535,1,7,87,725,0,1,0,16,0,28,1,1,pre_allocation
383,895,normal,0,0,65535_65535,1,7,87,771,1,1,1,17,771,28,1,1,allocated
383,895,normal,0,0,65535_65535,1,9,87,725,0,1,0,16,0,28,1,1,pre_allocation
383,895,normal,0,0,65535_65535,1,9,87,771,1,1,1,17,771,28,1,1,allocated
383,895,normal,0,0,65535_65535,1,6,87,725,0,1,0,16,0,28,1,1,pre_allocation
383,895,normal,0,0,65535_65535,1,6,87,771,1,1,1,17,771,28,1,1,allocated
383,895,normal,0,0,65535_65535,1,8,87,725,0,1,0,16,0,28,1,1,pre_allocation
383,895,normal,0,0,65535_65535,1,8,87,771,1,1,1,17,771,28,1,1,allocated
383,895,normal,0,0,65535_65535,1,7,87,771,0,1,0,17,0,28,1,1,pre_allocation
383,895,normal,0,0,65535_65535,1,7,87,816,1,1,1,18,816,28,1,1,allocated
383,895,normal,0,0,65535_65535,1,9,87,771,0,1,0,17,0,28,1,1,pre_allocation
383,895,normal,0,0,65535_65535,1,9,87,816,1,1,1,18,816,28,1,1,allocated
383,895,normal,0,0,65535_65535,1,6,87,771,0,1,0,17,0,28,1,1,pre_allocation
383,895,normal,0,0,65535_65535,1,6,87,816,1,1,1,18,816,28,1,1,allocated
383,895,normal,0,0,65535_65535,1,8,87,771,0,1,0,17,0,28,1,1,pre_allocation
383,895,normal,0,0,65535_65535,1,8,87,816,1,1,1,18,816,28,1,1,allocated
383,895,normal,0,0,65535_65535,1,7,87,816,0,1,0,18,0,28,1,1,pre_allocation
383,895,normal,0,0,65535_65535,1,7,87,862,1,1,1,19,862,28,1,1,allocated
383,895,normal,0,0,65535_65535,1,9,87,816,0,1,0,18,0,28,1,1,pre_allocation
383,895,normal,0,0,65535_65535,1,9,87,862,1,1,1,19,862,28,1,1,allocated
383,895,normal,0,0,65535_65535,1,6,87,816,0,1,0,18,0,28,1,1,pre_allocation
383,895,normal,0,0,65535_65535,1,6,87,862,1,1,1,19,862,28,1,1,allocated
383,895,normal,0,0,65535_65535,1,8,87,816,0,1,0,18,0,28,1,1,pre_allocation
383,895,normal,0,0,65535_65535,1,8,87,862,1,1,1,19,862,28,1,1,allocated
383,895,normal,0,0,65535_65535,1,7,87,862,0,1,0,19,0,28,1,1,pre_allocation
383,895,normal,0,0,65535_65535,1,7,87,907,1,1,1,20,907,28,1,1,allocated
383,895,normal,0,0,65535_65535,1,9,87,862,0,1,0,19,0,28,1,1,pre_allocation
383,895,normal,0,0,65535_65535,1,9,87,907,1,1,1,20,907,28,1,1,allocated
383,895,normal,0,0,65535_65535,1,6,87,862,0,1,0,19,0,28,1,1,pre_allocation
383,895,normal,0,0,65535_65535,1,6,87,907,1,1,1,20,907,28,1,1,allocated
383,895,normal,0,0,65535_65535,1,8,87,862,0,1,0,19,0,28,1,1,pre_allocation
383,895,normal,0,0,65535_65535,1,8,87,907,1,1,1,20,907,28,1,1,allocated
383,895,normal,0,0,65535_65535,1,7,87,907,0,1,0,20,0,28,1,1,pre_allocation
383,895,normal,0,0,65535_65535,1,7,87,953,1,1,1,21,953,28,1,1,allocated
383,895,normal,0,0,65535_65535,1,9,87,907,0,1,0,20,0,28,1,1,pre_allocation
383,895,normal,0,0,65535_65535,1,9,87,953,1,1,1,21,953,28,1,1,allocated
383,895,normal,0,0,65535_65535,1,6,87,907,0,1,0,20,0,28,1,1,pre_allocation
383,895,normal,0,0,65535_65535,1,6,87,953,1,1,1,21,953,28,1,1,allocated
383,895,normal,0,0,65535_65535,1,8,87,907,0,1,0,20,0,28,1,1,pre_allocation
383,895,normal,0,0,65535_65535,1,8,87,953,1,1,1,21,953,28,1,1,allocated
383,895,normal,0,0,65535_65535,1,7,87,953,0,1,0,21,0,28,1,1,pre_allocation
383,895,normal,0,0,65535_65535,1,7,87,998,1,1,1,22,998,28,1,1,allocated
383,895,normal,0,0,65535_65535,1,9,87,953,0,1,0,21,0,28,1,1,pre_allocation
383,895,normal,0,0,65535_65535,1,9,87,998,1,1,1,22,998,28,1,1,allocated
383,895,normal,0,0,65535_65535,1,6,87,953,0,1,0,21,0,28,1,1,pre_allocation
383,895,normal,0,0,65535_65535,1,6,87,998,1,1,1,22,998,28,1,1,allocated
383,895,normal,0,0,65535_65535,1,8,87,953,0,1,0,21,0,28,1,1,pre_allocation
383,895,normal,0,0,65535_65535,1,8,87,998,1,1,1,22,998,28,1,1,allocated
383,895,normal,0,0,65535_65535,1,7,87,998,0,1,0,22,0,28,1,1,pre_allocation
383,895,normal,0,0,65535_65535,1,7,87,1044,1,1,1,23,1044,28,1,1,allocated
383,895,normal,0,0,65535_65535,1,9,87,998,0,1,0,22,0,28,1,1,pre_allocation
383,895,normal,0,0,65535_65535,1,9,87,1044,1,1,1,23,1044,28,1,1,allocated
383,895,normal,0,0,65535_65535,1,6,87,998,0,1,0,22,0,28,1,1,pre_allocation
383,895,normal,0,0,65535_65535,1,6,87,1044,1,1,1,23,1044,28,1,1,allocated
383,895,normal,0,0,65535_65535,1,8,87,998,0,1,0,22,0,28,1,1,pre_allocation
383,895,normal,0,0,65535_65535,1,8,87,1044,1,1,1,23,1044,28,1,1,allocated
383,895,normal,0,0,65535_65535,1,7,87,1044,0,1,0,23,0,28,1,1,pre_allocation
383,895,normal,0,0,65535_65535,1,7,87,1089,1,1,1,24,1089,28,1,1,allocated
383,895,normal,0,0,65535_65535,1,9,87,1044,0,1,0,23,0,28,1,1,pre_allocation
383,895,normal,0,0,65535_65535,1,9,87,1089,1,1,1,24,1089,28,1,1,allocated
383,895,normal,0,0,65535_65535,1,6,87,1044,0,1,0,23,0,28,1,1,pre_allocation
383,895,normal,0,0,65535_65535,1,6,87,1089,1,1,1,24,1089,28,1,1,allocated
383,895,normal,0,0,65535_65535,1,8,87,1044,0,1,0,23,0,28,1,1,pre_allocation
383,895,normal,0,0,65535_65535,1,8,87,1089,1,1,1,24,1089,28,1,1,allocated
383,895,normal,0,0,65535_65535,1,7,87,1089,0,1,0,24,0,28,1,1,pre_allocation
383,895,normal,0,0,65535_65535,1,7,87,1135,1,1,1,25,1135,28,1,1,allocated
383,895,normal,0,0,65535_65535,1,9,87,1089,0,1,0,24,0,28,1,1,pre_allocation
383,895,normal,0,0,65535_65535,1,9,87,1135,1,1,1,25,1135,28,1,1,allocated
383,895,normal,0,0,65535_65535,1,6,87,1089,0,1,0,24,0,28,1,1,pre_allocation
383,895,normal,0,0,65535_65535,1,6,87,1135,1,1,1,25,1135,28,1,1,allocated
383,895,normal,0,0,65535_65535,1,8,87,1089,0,1,0,24,0,28,1,1,pre_allocation
383,895,normal,0,0,65535_65535,1,8,87,1135,1,1,1,25,1135,28,1,1,allocated
383,895,normal,0,0,65535_65535,1,7,87,1135,0,1,0,25,0,28,1,1,pre_allocation
383,895,normal,0,0,65535_65535,1,7,87,1181,1,1,1,26,1181,28,1,1,allocated
383,895,normal,0,0,65535_65535,1,9,87,1135,0,1,0,25,0,28,1,1,pre_allocation
383,895,normal,0,0,65535_65535,1,9,87,1181,1,1,1,26,1181,28,1,1,allocated
383,895,normal,0,0,65535_65535,2,22,137,0,0,1,0,0,0,15,1,1,pre_allocation
383,895,normal,0,0,65535_65535,2,22,137,14,1,1,1,1,14,15,1,1,allocated
383,895,normal,0,0,65535_65535,2,11,137,0,0,1,0,0,0,26,1,1,pre_allocation
383,895,normal,0,0,65535_65535,2,11,137,39,1,1,1,1,39,26,1,1,allocated
383,895,normal,0,0,65535_65535,2,25,137,0,0,1,0,0,0,15,1,1,pre_allocation
383,895,normal,0,0,65535_65535,2,25,137,14,1,1,1,1,14,15,1,1,allocated
383,895,normal,0,0,65535_65535,2,26,137,0,0,1,0,0,0,28,1,1,pre_allocation
383,895,normal,0,0,65535_65535,2,26,137,42,1,1,1,1,42,28,1,1,allocated
383,895,normal,0,0,65535_65535,2,12,137,0,0,1,0,0,0,28,1,1,pre_allocation
383,895,normal,0,0,65535_65535,2,12,137,42,1,1,1,1,42,28,1,1,allocated
383,895,normal,0,0,65535_65535,2,27,137,0,0,1,0,0,0,28,1,1,pre_allocation
383,895,normal,0,0,65535_65535,2,27,137,42,1,1,1,1,42,28,1,1,allocated
383,895,normal,0,0,65535_65535,2,21,137,0,0,1,0,0,0,15,1,1,pre_allocation
383,895,normal,0,0,65535_65535,2,21,137,14,1,1,1,1,14,15,1,1,allocated
383,895,normal,0,0,65535_65535,2,22,137,14,0,1,0,1,0,15,1,1,pre_allocation
383,895,normal,0,0,65535_65535,2,22,137,32,1,1,1,2,32,15,1,1,allocated
383,895,normal,0,0,65535_65535,2,11,137,39,0,1,0,1,0,26,1,1,pre_allocation
383,895,normal,0,0,65535_65535,2,11,137,81,1,1,1,2,81,26,1,1,allocated
383,895,normal,0,0,65535_65535,2,25,137,14,0,1,0,1,0,15,1,1,pre_allocation
383,895,normal,0,0,65535_65535,2,25,137,32,1,1,1,2,32,15,1,1,allocated
383,895,normal,0,0,65535_65535,2,26,137,42,0,1,0,1,0,28,1,1,pre_allocation
383,895,normal,0,0,65535_65535,2,26,137,88,1,1,1,2,88,28,1,1,allocated
383,895,normal,0,0,65535_65535,2,12,137,42,0,1,0,1,0,28,1,1,pre_allocation
383,895,normal,0,0,65535_65535,2,12,137,88,1,1,1,2,88,28,1,1,allocated
383,895,normal,0,0,65535_65535,2,27,137,42,0,1,0,1,0,28,1,1,pre_allocation
383,895,normal,0,0,65535_65535,2,27,137,88,1,1,1,2,88,28,1,1,allocated
383,895,normal,0,0,65535_65535,2,21,137,14,0,1,0,1,0,15,1,1,pre_allocation
383,895,normal,0,0,65535_65535,2,21,137,32,1,1,1,2,32,15,1,1,allocated
383,895,normal,0,0,65535_65535,2,22,137,32,0,1,0,2,0,15,1,1,pre_allocation
383,895,normal,0,0,65535_65535,2,22,137,50,1,1,1,3,50,15,1,1,allocated
383,895,normal,0,0,65535_65535,2,11,137,81,0,1,0,2,0,26,1,1,pre_allocation
383,895,normal,0,0,65535_65535,2,11,137,123,1,1,1,3,123,26,1,1,allocated
383,895,normal,0,0,65535_65535,2,25,137,32,0,1,0,2,0,15,1,1,pre_allocation
383,895,normal,0,0,65535_65535,2,25,137,50,1,1,1,3,50,15,1,1,allocated
383,895,normal,0,0,65535_65535,2,26,137,88,0,1,0,2,0,28,1,1,pre_allocation
383,895,normal,0,0,65535_65535,2,26,137,133,1,1,1,3,133,28,1,1,allocated
383,895,normal,0,0,65535_65535,2,12,137,88,0,1,0,2,0,28,1,1,pre_allocation
383,895,normal,0,0,65535_65535,2,12,137,133,1,1,1,3,133,28,1,1,allocated
383,895,normal,0,0,65535_65535,2,27,137,88,0,1,0,2,0,28,1,1,pre_allocation
383,895,normal,0,0,65535_65535,2,27,137,133,1,1,1,3,133,28,1,1,allocated
383,895,normal,0,0,65535_65535,2,21,137,32,0,1,0,2,0,15,1,1,pre_allocation
383,895,normal,0,0,65535_65535,2,21,137,50,1,1,1,3,50,15,1,1,allocated
383,895,normal,0,0,65535_65535,2,22,137,50,0,1,0,3,0,15,1,1,pre_allocation
383,895,normal,0,0,65535_65535,2,22,137,68,1,1,1,4,68,15,1,1,allocated
383,895,normal,0,0,65535_65535,2,11,137,123,0,1,0,3,0,26,1,1,pre_allocation
383,895,normal,0,0,65535_65535,2,11,137,165,1,1,1,4,165,26,1,1,allocated
383,895,normal,0,0,65535_65535,2,25,137,50,0,1,0,3,0,15,1,1,pre_allocation
383,895,normal,0,0,65535_65535,2,25,137,68,1,1,1,4,68,15,1,1,allocated
383,895,normal,0,0,65535_65535,2,26,137,133,0,1,0,3,0,28,1,1,pre_allocation
383,895,normal,0,0,65535_65535,2,26,137,179,1,1,1,4,179,28,1,1,allocated
383,895,normal,0,0,65535_65535,2,12,137,133,0,1,0,3,0,28,1,1,pre_allocation
383,895,normal,0,0,65535_65535,2,12,137,179,1,1,1,4,179,28,1,1,allocated
383,895,normal,0,0,65535_65535,2,27,137,133,0,1,0,3,0,28,1,1,pre_allocation
383,895,normal,0,0,65535_65535,2,27,137,179,1,1,1,4,179,28,1,1,allocated
383,895,normal,0,0,65535_65535,2,21,137,50,0,1,0,3,0,15,1,1,pre_allocation
383,895,normal,0,0,65535_65535,2,21,137,68,1,1,1,4,68,15,1,1,allocated
383,895,normal,0,0,65535_65535,2,22,137,68,0,1,0,4,0,15,1,1,pre_allocation
383,895,normal,0,0,65535_65535,2,22,137,86,1,1,1,5,86,15,1,1,allocated
383,895,normal,0,0,65535_65535,2,11,137,165,0,1,0,4,0,26,1,1,pre_allocation
383,895,normal,0,0,65535_65535,2,11,137,207,1,1,1,5,207,26,1,1,allocated
383,895,normal,0,0,65535_65535,2,25,137,68,0,1,0,4,0,15,1,1,pre_allocation
383,895,normal,0,0,65535_65535,2,25,137,86,1,1,1,5,86,15,1,1,allocated
383,895,normal,0,0,65535_65535,2,26,137,179,0,1,0,4,0,28,1,1,pre_allocation
383,895,normal,0,0,65535_65535,2,26,137,224,1,1,1,5,224,28,1,1,allocated
383,895,normal,0,0,65535_65535,2,12,137,179,0,1,0,4,0,28,1,1,pre_allocation
383,895,normal,0,0,65535_65535,2,12,137,224,1,1,1,5,224,28,1,1,allocated
383,895,normal,0,0,65535_65535,2,27,137,179,0,1,0,4,0,28,1,1,pre_allocation
383,895,normal,0,0,65535_65535,2,27,137,224,1,1,1,5,224,28,1,1,allocated
383,895,normal,0,0,65535_65535,2,21,137,68,0,1,0,4,0,15,1,1,pre_allocation
383,895,normal,0,0,65535_65535,2,21,137,86,1,1,1,5,86,15,1,1,allocated
383,895,normal,0,0,65535_65535,2,22,137,86,0,1,0,5,0,15,1,1,pre_allocation
383,895,normal,0,0,65535_65535,2,22,137,103,1,1,1,6,103,15,1,1,allocated
383,895,normal,0,0,65535_65535,2,11,137,207,0,1,0,5,0,26,1,1,pre_allocation
383,895,normal,0,0,65535_65535,2,11,137,249,1,1,1,6,249,26,1,1,allocated
383,895,normal,0,0,65535_65535,2,25,137,86,0,1,0,5,0,15,1,1,pre_allocation
383,895,normal,0,0,65535_65535,2,25,137,103,1,1,1,6,103,15,1,1,allocated
383,895,normal,0,0,65535_65535,2,26,137,224,0,1,0,5,0,28,1,1,pre_allocation
383,895,normal,0,0,65535_65535,2,26,137,270,1,1,1,6,270,28,1,1,allocated
383,895,normal,0,0,65535_65535,2,12,137,224,0,1,0,5,0,28,1,1,pre_allocation
383,895,normal,0,0,65535_65535,2,12,137,270,1,1,1,6,270,28,1,1,allocated
383,895,normal,0,0,65535_65535,2,27,137,224,0,1,0,5,0,28,1,1,pre_allocation
383,895,normal,0,0,65535_65535,2,27,137,270,1,1,1,6,270,28,1,1,allocated
383,895,normal,0,0,65535_65535,2,21,137,86,0,1,0,5,0,15,1,1,pre_allocation
383,895,normal,0,0,65535_65535,2,21,137,103,1,1,1,6,103,15,1,1,allocated
383,895,normal,0,0,65535_65535,2,22,137,103,0,1,0,6,0,15,1,1,pre_allocation
383,895,normal,0,0,65535_65535,2,22,137,121,1,1,1,7,121,15,1,1,allocated
383,895,normal,0,0,65535_65535,2,11,137,249,0,1,0,6,0,26,1,1,pre_allocation
383,895,normal,0,0,65535_65535,2,11,137,291,1,1,1,7,291,26,1,1,allocated
383,895,normal,0,0,65535_65535,2,25,137,103,0,1,0,6,0,15,1,1,pre_allocation
383,895,normal,0,0,65535_65535,2,25,137,121,1,1,1,7,121,15,1,1,allocated
383,895,normal,0,0,65535_65535,2,26,137,270,0,1,0,6,0,28,1,1,pre_allocation
383,895,normal,0,0,65535_65535,2,26,137,315,1,1,1,7,315,28,1,1,allocated
383,895,normal,0,0,65535_65535,2,12,137,270,0,1,0,6,0,28,1,1,pre_allocation
383,895,normal,0,0,65535_65535,2,12,137,315,1,1,1,7,315,28,1,1,allocated
383,895,normal,0,0,65535_65535,2,27,137,270,0,1,0,6,0,28,1,1,pre_allocation
383,895,normal,0,0,65535_65535,2,27,137,315,1,1,1,7,315,28,1,1,allocated
383,895,normal,0,0,65535_65535,2,21,137,103,0,1,0,6,0,15,1,1,pre_allocation
383,895,normal,0,0,65535_65535,2,21,137,121,1,1,1,7,121,15,1,1,allocated
383,895,normal,0,0,65535_65535,2,22,137,121,0,1,0,7,0,15,1,1,pre_allocation
383,895,normal,0,0,65535_65535,2,22,137,139,1,1,1,8,139,15,1,1,allocated
383,895,normal,0,0,65535_65535,2,11,137,291,0,1,0,7,0,26,1,1,pre_allocation
383,895,normal,0,0,65535_65535,2,11,137,333,1,1,1,8,333,26,1,1,allocated
383,895,normal,0,0,65535_65535,2,25,137,121,0,1,0,7,0,15,1,1,pre_allocation
383,895,normal,0,0,65535_65535,2,25,137,139,1,1,1,8,139,15,1,1,allocated
383,895,normal,0,0,65535_65535,2,26,137,315,0,1,0,7,0,28,1,1,pre_allocation
383,895,normal,0,0,65535_65535,2,26,137,361,1,1,1,8,361,28,1,1,allocated
383,895,normal,0,0,65535_65535,2,12,137,315,0,1,0,7,0,28,1,1,pre_allocation
383,895,normal,0,0,65535_65535,2,12,137,361,1,1,1,8,361,28,1,1,allocated
383,895,normal,0,0,65535_65535,2,27,137,315,0,1,0,7,0,28,1,1,pre_allocation
383,895,normal,0,0,65535_65535,2,27,137,361,1,1,1,8,361,28,1,1,allocated
383,895,normal,0,0,65535_65535,2,21,137,121,0,1,0,7,0,15,1,1,pre_allocation
383,895,normal,0,0,65535_65535,2,21,137,139,1,1,1,8,139,15,1,1,allocated
383,895,normal,0,0,65535_65535,2,22,137,139,0,1,0,8,0,15,1,1,pre_allocation
383,895,normal,0,0,65535_65535,2,22,137,157,1,1,1,9,157,15,1,1,allocated
383,895,normal,0,0,65535_65535,2,11,137,333,0,1,0,8,0,26,1,1,pre_allocation
383,895,normal,0,0,65535_65535,2,11,137,375,1,1,1,9,375,26,1,1,allocated
383,895,normal,0,0,65535_65535,2,25,137,139,0,1,0,8,0,15,1,1,pre_allocation
383,895,normal,0,0,65535_65535,2,25,137,157,1,1,1,9,157,15,1,1,allocated
383,895,normal,0,0,65535_65535,2,26,137,361,0,1,0,8,0,28,1,1,pre_allocation
383,895,normal,0,0,65535_65535,2,26,137,406,1,1,1,9,406,28,1,1,allocated
383,895,normal,0,0,65535_65535,2,12,137,361,0,1,0,8,0,28,1,1,pre_allocation
383,895,normal,0,0,65535_65535,2,12,137,406,1,1,1,9,406,28,1,1,allocated
383,895,normal,0,0,65535_65535,2,27,137,361,0,1,0,8,0,28,1,1,pre_allocation
383,895,normal,0,0,65535_65535,2,27,137,406,1,1,1,9,406,28,1,1,allocated
383,895,normal,0,0,65535_65535,2,21,137,139,0,1,0,8,0,15,1,1,pre_allocation
383,895,normal,0,0,65535_65535,2,21,137,157,1,1,1,9,157,15,1,1,allocated
383,895,normal,0,0,65535_65535,2,22,137,157,0,1,0,9,0,15,1,1,pre_allocation
383,895,normal,0,0,65535_65535,2,22,137,175,1,1,1,10,175,15,1,1,allocated
383,895,normal,0,0,65535_65535,2,11,137,375,0,1,0,9,0,26,1,1,pre_allocation
383,895,normal,0,0,65535_65535,2,11,137,417,1,1,1,10,417,26,1,1,allocated
383,895,normal,0,0,65535_65535,2,25,137,157,0,1,0,9,0,15,1,1,pre_allocation
383,895,normal,0,0,65535_65535,2,25,137,175,1,1,1,10,175,15,1,1,allocated
383,895,normal,0,0,65535_65535,2,26,137,406,0,1,0,9,0,28,1,1,pre_allocation
383,895,normal,0,0,65535_65535,2,26,137,452,1,1,1,10,452,28,1,1,allocated
383,895,normal,0,0,65535_65535,2,12,137,406,0,1,0,9,0,28,1,1,pre_allocation
383,895,normal,0,0,65535_65535,2,12,137,452,1,1,1,10,452,28,1,1,allocated
383,895,normal,0,0,65535_65535,2,27,137,406,0,1,0,9,0,28,1,1,pre_allocation
383,895,normal,0,0,65535_65535,2,27,137,452,1,1,1,10,452,28,1,1,allocated
383,895,normal,0,0,65535_65535,2,21,137,157,0,1,0,9,0,15,1,1,pre_allocation
383,895,normal,0,0,65535_65535,2,21,137,175,1,1,1,10,175,15,1,1,allocated
383,895,normal,0,0,65535_65535,2,22,137,175,0,1,0,10,0,15,1,1,pre_allocation
383,895,normal,0,0,65535_65535,2,22,137,193,1,1,1,11,193,15,1,1,allocated
383,895,normal,0,0,65535_65535,2,11,137,417,0,1,0,10,0,26,1,1,pre_allocation
383,895,normal,0,0,65535_65535,2,11,137,459,1,1,1,11,459,26,1,1,allocated
383,895,normal,0,0,65535_65535,2,25,137,175,0,1,0,10,0,15,1,1,pre_allocation
383,895,normal,0,0,65535_65535,2,25,137,193,1,1,1,11,193,15,1,1,allocated
383,895,normal,0,0,65535_65535,2,26,137,452,0,1,0,10,0,28,1,1,pre_allocation
383,895,normal,0,0,65535_65535,2,26,137,497,1,1,1,11,497,28,1,1,allocated
383,895,normal,0,0,65535_65535,2,12,137,452,0,1,0,10,0,28,1,1,pre_allocation
383,895,normal,0,0,65535_65535,2,12,137,497,1,1,1,11,497,28,1,1,allocated
383,895,normal,0,0,65535_65535,2,27,137,452,0,1,0,10,0,28,1,1,pre_allocation
383,895,normal,0,0,65535_65535,2,27,137,497,1,1,1,11,497,28,1,1,allocated
383,895,normal,0,0,65535_65535,2,21,137,175,0,1,0,10,0,15,1,1,pre_allocation
383,895,normal,0,0,65535_65535,2,21,137,193,1,1,1,11,193,15,1,1,allocated
383,895,normal,0,0,65535_65535,2,22,137,193,0,1,0,11,0,15,1,1,pre_allocation
383,895,normal,0,0,65535_65535,2,22,137,210,1,1,1,12,210,15,1,1,allocated
383,895,normal,0,0,65535_65535,2,11,137,459,0,1,0,11,0,26,1,1,pre_allocation
383,895,normal,0,0,65535_65535,2,11,137,501,1,1,1,12,501,26,1,1,allocated
383,895,normal,0,0,65535_65535,2,25,137,193,0,1,0,11,0,15,1,1,pre_allocation
383,895,normal,0,0,65535_65535,2,25,137,210,1,1,1,12,210,15,1,1,allocated
383,895,normal,0,0,65535_65535,2,26,137,497,0,1,0,11,0,28,1,1,pre_allocation
383,895,normal,0,0,65535_65535,2,26,137,543,1,1,1,12,543,28,1,1,allocated
383,895,normal,0,0,65535_65535,2,12,137,497,0,1,0,11,0,28,1,1,pre_allocation
383,895,normal,0,0,65535_65535,2,12,137,543,1,1,1,12,543,28,1,1,allocated
383,895,normal,0,0,65535_65535,2,27,137,497,0,1,0,11,0,28,1,1,pre_allocation
383,895,normal,0,0,65535_65535,2,27,137,543,1,1,1,12,543,28,1,1,allocated
383,895,normal,0,0,65535_65535,2,21,137,193,0,1,0,11,0,15,1,1,pre_allocation
383,895,normal,0,0,65535_65535,2,21,137,210,1,1,1,12,210,15,1,1,allocated
383,895,normal,0,0,65535_65535,2,22,137,210,0,1,0,12,0,15,1,1,pre_allocation
383,895,normal,0,0,65535_65535,2,22,137,228,1,1,1,13,228,15,1,1,allocated
383,895,normal,0,0,65535_65535,2,11,137,501,0,1,0,12,0,26,1,1,pre_allocation
383,895,normal,0,0,65535_65535,2,11,137,543,1,1,1,13,543,26,1,1,allocated
383,895,normal,0,0,65535_65535,2,25,137,210,0,1,0,12,0,15,1,1,pre_allocation
383,895,normal,0,0,65535_65535,2,25,137,228,1,1,1,13,228,15,1,1,allocated
383,895,normal,0,0,65535_65535,2,26,137,543,0,1,0,12,0,28,1,1,pre_allocation
383,895,normal,0,0,65535_65535,2,26,137,589,1,1,1,13,589,28,1,1,allocated
383,895,normal,0,0,65535_65535,2,12,137,543,0,1,0,12,0,28,1,1,pre_allocation
383,895,normal,0,0,65535_65535,2,12,137,589,1,1,1,13,589,28,1,1,allocated
383,895,normal,0,0,65535_65535,2,27,137,543,0,1,0,12,0,28,1,1,pre_allocation
383,895,normal,0,0,65535_65535,2,27,137,589,1,1,1,13,589,28,1,1,allocated
383,895,normal,0,0,65535_65535,2,21,137,210,0,1,0,12,0,15,1,1,pre_allocation
383,895,normal,0,0,65535_65535,2,21,137,228,1,1,1,13,228,15,1,1,allocated
383,895,normal,0,0,65535_65535,2,22,137,228,0,1,0,13,0,15,1,1,pre_allocation
383,895,normal,0,0,65535_65535,2,22,137,246,1,1,1,14,246,15,1,1,allocated
495,993,normal,0,0,65535_65535,0,4,7753,0,0,1,0,0,0,16,1,1,pre_allocation
495,993,normal,0,0,65535_65535,0,4,7753,16,1,1,1,1,16,16,1,1,allocated
495,993,normal,0,0,65535_65535,0,1,3069,0,0,1,0,0,0,28,1,1,pre_allocation
495,993,normal,0,0,65535_65535,0,1,3069,42,1,1,1,1,42,28,1,1,allocated
495,993,normal,0,0,65535_65535,0,4,7753,16,0,1,0,1,0,16,1,1,pre_allocation
495,993,normal,0,0,65535_65535,0,4,7753,36,1,1,1,2,36,16,1,1,allocated
495,993,normal,0,0,65535_65535,0,1,3069,42,0,1,0,1,0,28,1,1,pre_allocation
495,993,normal,0,0,65535_65535,0,1,3069,88,1,1,1,2,88,28,1,1,allocated
495,993,normal,0,0,65535_65535,0,4,7753,36,0,1,0,2,0,16,1,1,pre_allocation
495,993,normal,0,0,65535_65535,0,4,7753,56,1,1,1,3,56,16,1,1,allocated
495,993,normal,0,0,65535_65535,0,1,3069,88,0,1,0,2,0,28,1,1,pre_allocation
495,993,normal,0,0,65535_65535,0,1,3069,133,1,1,1,3,133,28,1,1,allocated
495,993,normal,0,0,65535_65535,0,4,7753,56,0,1,0,3,0,16,1,1,pre_allocation
495,993,normal,0,0,65535_65535,0,4,7753,76,1,1,1,4,76,16,1,1,allocated
495,993,normal,0,0,65535_65535,0,1,3069,133,0,1,0,3,0,28,1,1,pre_allocation
495,993,normal,0,0,65535_65535,0,1,3069,179,1,1,1,4,179,28,1,1,allocated
495,993,normal,0,0,65535_65535,0,4,7753,76,0,1,0,4,0,16,1,1,pre_allocation
495,993,normal,0,0,65535_65535,0,4,7753,96,1,1,1,5,96,16,1,1,allocated
495,993,normal,0,0,65535_65535,0,1,3069,179,0,1,0,4,0,28,1,1,pre_allocation
495,993,normal,0,0,65535_65535,0,1,3069,224,1,1,1,5,224,28,1,1,allocated
495,993,normal,0,0,65535_65535,0,4,7753,96,0,1,0,5,0,16,1,1,pre_allocation
495,993,normal,0,0,65535_65535,0,4,7753,115,1,1,1,6,115,16,1,1,allocated
495,993,normal,0,0,65535_65535,0,1,3069,224,0,1,0,5,0,28,1,1,pre_allocation
495,993,normal,0,0,65535_65535,0,1,3069,270,1,1,1,6,270,28,1,1,allocated
495,993,normal,0,0,65535_65535,0,4,7753,115,0,1,0,6,0,16,1,1,pre_allocation
495,993,normal,0,0,65535_65535,0,4,7753,135,1,1,1,7,135,16,1,1,allocated
495,993,normal,0,0,65535_65535,0,1,3069,270,0,1,0,6,0,28,1,1,pre_allocation
495,993,normal,0,0,65535_65535,0,1,3069,315,1,1,1,7,315,28,1,1,allocated
495,993,normal,0,0,65535_65535,0,4,7753,135,0,1,0,7,0,16,1,1,pre_allocation
495,993,normal,0,0,65535_65535,0,4,7753,155,1,1,1,8,155,16,1,1,allocated
495,993,normal,0,0,65535_65535,0,1,3069,315,0,1,0,7,0,28,1,1,pre_allocation
495,993,normal,0,0,65535_65535,0,1,3069,361,1,1,1,8,361,28,1,1,allocated
495,993,normal,0,0,65535_65535,0,4,7753,155,0,1,0,8,0,16,1,1,pre_allocation
495,993,normal,0,0,65535_65535,0,4,7753,175,1,1,1,9,175,16,1,1,allocated
495,993,normal,0,0,65535_65535,0,1,3069,361,0,1,0,8,0,28,1,1,pre_allocation
495,993,normal,0,0,65535_65535,0,1,3069,406,1,1,1,9,406,28,1,1,allocated
495,993,normal,0,0,65535_65535,0,4,7753,175,0,1,0,9,0,16,1,1,pre_allocation
495,993,normal,0,0,65535_65535,0,4,7753,195,1,1,1,10,195,16,1,1,allocated
495,993,normal,0,0,65535_65535,0,1,3069,406,0,1,0,9,0,28,1,1,pre_allocation
495,993,normal,0,0,65535_65535,0,1,3069,452,1,1,1,10,452,28,1,1,allocated
495,993,normal,0,0,65535_65535,0,4,7753,195,0,1,0,10,0,16,1,1,pre_allocation
495,993,normal,0,0,65535_65535,0,4,7753,214,1,1,1,11,214,16,1,1,allocated
495,993,normal,0,0,65535_65535,0,1,3069,452,0,1,0,10,0,28,1,1,pre_allocation
495,993,normal,0,0,65535_65535,0,1,3069,497,1,1,1,11,497,28,1,1,allocated
495,993,normal,0,0,65535_65535,0,4,7753,214,0,1,0,11,0,16,1,1,pre_allocation
495,993,normal,0,0,65535_65535,0,4,7753,234,1,1,1,12,234,16,1,1,allocated
495,993,normal,0,0,65535_65535,0,1,3069,497,0,1,0,11,0,28,1,1,pre_allocation
495,993,normal,0,0,65535_65535,0,1,3069,543,1,1,1,12,543,28,1,1,allocated
495,993,normal,0,0,65535_65535,0,4,7753,234,0,1,0,12,0,16,1,1,pre_allocation
495,993,normal,0,0,65535_65535,0,4,7753,254,1,1,1,13,254,16,1,1,allocated
495,993,normal,0,0,65535_65535,0,1,3069,543,0,1,0,12,0,28,1,1,pre_allocation
495,993,normal,0,0,65535_65535,0,1,3069,589,1,1,1,13,589,28,1,1,allocated
495,993,normal,0,0,65535_65535,0,4,7753,254,0,1,0,13,0,16,1,1,pre_allocation
495,993,normal,0,0,65535_65535,0,4,7753,274,1,1,1,14,274,16,1,1,allocated
495,993,normal,0,0,65535_65535,0,1,3069,589,0,1,0,13,0,28,1,1,pre_allocation
495,993,normal,0,0,65535_65535,0,1,3069,634,1,1,1,14,634,28,1,1,allocated
495,993,normal,0,0,65535_65535,0,4,7753,274,0,1,0,14,0,16,1,1,pre_allocation
495,993,normal,0,0,65535_65535,0,4,7753,294,1,1,1,15,294,16,1,1,allocated
495,993,normal,0,0,65535_65535,0,1,3069,634,0,1,0,14,0,28,1,1,pre_allocation
495,993,normal,0,0,65535_65535,0,1,3069,680,1,1,1,15,680,28,1,1,allocated
495,993,normal,0,0,65535_65535,0,4,7753,294,0,1,0,15,0,16,1,1,pre_allocation
495,993,normal,0,0,65535_65535,0,4,7753,313,1,1,1,16,313,16,1,1,allocated
495,993,normal,0,0,65535_65535,0,1,3069,680,0,1,0,15,0,28,1,1,pre_allocation
495,993,normal,0,0,65535_65535,0,1,3069,725,1,1,1,16,725,28,1,1,allocated
495,993,normal,0,0,65535_65535,0,4,7753,313,0,1,0,16,0,16,1,1,pre_allocation
495,993,normal,0,0,65535_65535,0,4,7753,333,1,1,1,17,333,16,1,1,allocated
495,993,normal,0,0,65535_65535,0,1,3069,725,0,1,0,16,0,28,1,1,pre_allocation
495,993,normal,0,0,65535_65535,0,1,3069,771,1,1,1,17,771,28,1,1,allocated
495,993,normal,0,0,65535_65535,0,4,7753,333,0,1,0,17,0,16,1,1,pre_allocation
495,993,normal,0,0,65535_65535,0,4,7753,353,1,1,1,18,353,16,1,1,allocated
495,993,normal,0,0,65535_65535,0,1,3069,771,0,1,0,17,0,28,1,1,pre_allocation
495,993,normal,0,0,65535_65535,0,1,3069,816,1,1,1,18,816,28,1,1,allocated
495,993,normal,0,0,65535_65535,0,4,7753,353,0,1,0,18,0,16,1,1,pre_allocation
495,993,normal,0,0,65535_65535,0,4,7753,373,1,1,1,19,373,16,1,1,allocated
495,993,normal,0,0,65535_65535,0,1,3069,816,0,1,0,18,0,28,1,1,pre_allocation
495,993,normal,0,0,65535_65535,0,1,3069,862,1,1,1,19,862,28,1,1,allocated
495,993,normal,0,0,65535_65535,0,4,7753,373,0,1,0,19,0,16,1,1,pre_allocation
495,993,normal,0,0,65535_65535,0,4,7753,393,1,1,1,20,393,16,1,1,allocated
495,993,normal,0,0,65535_65535,0,1,3069,862,0,1,0,19,0,28,1,1,pre_allocation
495,993,normal,0,0,65535_65535,0,1,3069,907,1,1,1,20,907,28,1,1,allocated
495,993,normal,0,0,65535_65535,0,4,7753,393,0,1,0,20,0,16,1,1,pre_allocation
495,993,normal,0,0,65535_65535,0,4,7753,412,1,1,1,21,412,16,1,1,allocated
495,993,normal,0,0,65535_65535,0,1,3069,907,0,1,0,20,0,28,1,1,pre_allocation
495,993,normal,0,0,65535_65535,0,1,3069,953,1,1,1,21,953,28,1,1,allocated
495,993,normal,0,0,65535_65535,0,4,7753,412,0,1,0,21,0,16,1,1,pre_allocation
495,993,normal,0,0,65535_65535,0,4,7753,432,1,1,1,22,432,16,1,1,allocated
495,993,normal,0,0,65535_65535,0,1,3069,953,0,1,0,21,0,28,1,1,pre_allocation
495,993,normal,0,0,65535_65535,0,1,3069,998,1,1,1,22,998,28,1,1,allocated
495,993,normal,0,0,65535_65535,0,4,7753,432,0,1,0,22,0,16,1,1,pre_allocation
495,993,normal,0,0,65535_65535,0,4,7753,452,1,1,1,23,452,16,1,1,allocated
495,993,normal,0,0,65535_65535,0,1,3069,998,0,1,0,22,0,28,1,1,pre_allocation
495,993,normal,0,0,65535_65535,0,1,3069,1044,1,1,1,23,1044,28,1,1,allocated
495,993,normal,0,0,65535_65535,0,4,7753,452,0,1,0,23,0,16,1,1,pre_allocation
495,993,normal,0,0,65535_65535,0,4,7753,472,1,1,1,24,472,16,1,1,allocated
495,993,normal,0,0,65535_65535,0,1,3069,1044,0,1,0,23,0,28,1,1,pre_allocation
495,993,normal,0,0,65535_65535,0,1,3069,1089,1,1,1,24,1089,28,1,1,allocated
495,993,normal,0,0,65535_65535,0,4,7753,472,0,1,0,24,0,16,1,1,pre_allocation
495,993,normal,0,0,65535_65535,0,4,7753,492,1,1,1,25,492,16,1,1,allocated
495,993,normal,0,0,65535_65535,0,1,3069,1089,0,1,0,24,0,28,1,1,pre_allocation
495,993,normal,0,0,65535_65535,0,1,3069,1135,1,1,1,25,1135,28,1,1,allocated
495,993,normal,0,0,65535_65535,0,4,7753,492,0,1,0,25,0,16,1,1,pre_allocation
495,993,normal,0,0,65535_65535,0,4,7753,511,1,1,1,26,511,16,1,1,allocated
495,993,normal,0,0,65535_65535,0,1,3069,1135,0,1,0,25,0,28,1,1,pre_allocation
495,993,normal,0,0,65535_65535,0,1,3069,1181,1,1,1,26,1181,28,1,1,allocated
495,993,normal,0,0,65535_65535,0,4,7753,511,0,1,0,26,0,16,1,1,pre_allocation
495,993,normal,0,0,65535_65535,0,4,7753,531,1,1,1,27,531,16,1,1,allocated
495,993,normal,0,0,65535_65535,0,1,3069,1181,0,1,0,26,0,28,1,1,pre_allocation
495,993,normal,0,0,65535_65535,0,1,3069,1226,1,1,1,27,1226,28,1,1,allocated
495,993,normal,0,0,65535_65535,0,4,7753,531,0,1,0,27,0,16,1,1,pre_allocation
495,993,normal,0,0,65535_65535,0,4,7753,551,1,1,1,28,551,16,1,1,allocated
495,993,normal,0,0,65535_65535,0,1,3069,1226,0,1,0,27,0,28,1,1,pre_allocation
495,993,normal,0,0,65535_65535,0,1,3069,1272,1,1,1,28,1272,28,1,1,allocated
495,993,normal,0,0,65535_65535,0,4,7753,551,0,1,0,28,0,16,1,1,pre_allocation
495,993,normal,0,0,65535_65535,0,4,7753,571,1,1,1,29,571,16,1,1,allocated
495,993,normal,0,0,65535_65535,0,1,3069,1272,0,1,0,28,0,28,1,1,pre_allocation
495,993,normal,0,0,65535_65535,0,1,3069,1317,1,1,1,29,1317,28,1,1,allocated
495,993,normal,0,0,65535_65535,0,4,7753,571,0,1,0,29,0,16,1,1,pre_allocation
495,993,normal,0,0,65535_65535,0,4,7753,591,1,1,1,30,591,16,1,1,allocated
495,993,normal,0,0,65535_65535,0,1,3069,1317,0,1,0,29,0,28,1,1,pre_allocation
495,993,normal,0,0,65535_65535,0,1,3069,1363,1,1,1,30,1363,28,1,1,allocated
495,993,normal,0,0,65535_65535,0,4,7753,591,0,1,0,30,0,16,1,1,pre_allocation
495,993,normal,0,0,65535_65535,0,4,7753,610,1,1,1,31,610,16,1,1,allocated
495,993,normal,0,0,65535_65535,0,1,3069,1363,0,1,0,30,0,28,1,1,pre_allocation
495,993,normal,0,0,65535_65535,0,1,3069,1408,1,1,1,31,1408,28,1,1,allocated
495,993,normal,0,0,65535_65535,0,4,7753,610,0,1,0,31,0,16,1,1,pre_allocation
495,993,normal,0,0,65535_65535,0,4,7753,630,1,1,1,32,630,16,1,1,allocated
495,993,normal,0,0,65535_65535,0,1,3069,1408,0,1,0,31,0,28,1,1,pre_allocation
495,993,normal,0,0,65535_65535,0,1,3069,1454,1,1,1,32,1454,28,1,1,allocated
495,993,normal,0,0,65535_65535,0,4,7753,630,0,1,0,32,0,16,1,1,pre_allocation
495,993,normal,0,0,65535_65535,0,4,7753,650,1,1,1,33,650,16,1,1,allocated
495,993,normal,0,0,65535_65535,0,1,3069,1454,0,1,0,32,0,28,1,1,pre_allocation
495,993,normal,0,0,65535_65535,0,1,3069,1499,1,1,1,33,1499,28,1,1,allocated
495,993,normal,0,0,65535_65535,0,4,7753,650,0,1,0,33,0,16,1,1,pre_allocation
495,993,normal,0,0,65535_65535,0,4,7753,670,1,1,1,34,670,16,1,1,allocated
495,993,normal,0,0,65535_65535,0,1,3069,1499,0,1,0,33,0,28,1,1,pre_allocation
495,993,normal,0,0,65535_65535,0,1,3069,1542,1,1,1,34,1542,28,1,1,allocated
495,993,normal,0,0,65535_65535,0,4,7753,670,0,1,0,34,0,16,1,1,pre_allocation
495,993,normal,0,0,65535_65535,0,4,7753,690,1,1,1,35,690,16,1,1,allocated
495,993,normal,0,0,65535_65535,0,1,3069,1542,0,1,0,34,0,28,1,1,pre_allocation
495,993,normal,0,0,65535_65535,0,1,3069,1587,1,1,1,35,1587,28,1,1,allocated
495,993,normal,0,0,65535_65535,0,4,7753,690,0,1,0,35,0,16,1,1,pre_allocation
495,993,normal,0,0,65535_65535,0,4,7753,709,1,1,1,36,709,16,1,1,allocated
495,993,normal,0,0,65535_65535,0,1,3069,1587,0,1,0,35,0,28,1,1,pre_allocation
495,993,normal,0,0,65535_65535,0,1,3069,1633,1,1,1,36,1633,28,1,1,allocated
495,993,normal,0,0,65535_65535,0,4,7753,709,0,1,0,36,0,16,1,1,pre_allocation
495,993,normal,0,0,65535_65535,0,4,7753,729,1,1,1,37,729,16,1,1,allocated
495,993,normal,0,0,65535_65535,0,1,3069,1633,0,1,0,36,0,28,1,1,pre_allocation
495,993,normal,0,0,65535_65535,0,1,3069,1678,1,1,1,37,1678,28,1,1,allocated
495,993,normal,0,0,65535_65535,0,4,7753,729,0,1,0,37,0,16,1,1,pre_allocation
495,993,normal,0,0,65535_65535,0,4,7753,749,1,1,1,38,749,16,1,1,allocated
495,993,normal,0,0,65535_65535,0,1,3069,1678,0,1,0,37,0,28,1,1,pre_allocation
495,993,normal,0,0,65535_65535,0,1,3069,1724,1,1,1,38,1724,28,1,1,allocated
495,993,normal,0,0,65535_65535,0,4,7753,749,0,1,0,38,0,16,1,1,pre_allocation
495,993,normal,0,0,65535_65535,0,4,7753,769,1,1,1,39,769,16,1,1,allocated
495,993,normal,0,0,65535_65535,0,1,3069,1724,0,1,0,38,0,28,1,1,pre_allocation
495,993,normal,0,0,65535_65535,0,1,3069,1770,1,1,1,39,1770,28,1,1,allocated
495,993,normal,0,0,65535_65535,0,4,7753,769,0,1,0,39,0,16,1,1,pre_allocation
495,993,normal,0,0,65535_65535,0,4,7753,789,1,1,1,40,789,16,1,1,allocated
495,993,normal,0,0,65535_65535,0,1,3069,1770,0,1,0,39,0,28,1,1,pre_allocation
495,993,normal,0,0,65535_65535,0,1,3069,1815,1,1,1,40,1815,28,1,1,allocated
495,993,normal,0,0,65535_65535,0,4,7753,789,0,1,0,40,0,16,1,1,pre_allocation
495,993,normal,0,0,65535_65535,0,4,7753,808,1,1,1,41,808,16,1,1,allocated
495,993,normal,0,0,65535_65535,0,1,3069,1815,0,1,0,40,0,28,1,1,pre_allocation
495,993,normal,0,0,65535_65535,0,1,3069,1861,1,1,1,41,1861,28,1,1,allocated
495,993,normal,0,0,65535_65535,0,4,7753,808,0,1,0,41,0,16,1,1,pre_allocation
495,993,normal,0,0,65535_65535,0,4,7753,828,1,1,1,42,828,16,1,1,allocated
495,993,normal,0,0,65535_65535,0,1,3069,1861,0,1,0,41,0,28,1,1,pre_allocation
495,993,normal,0,0,65535_65535,0,1,3069,1906,1,1,1,42,1906,28,1,1,allocated
495,993,normal,0,0,65535_65535,0,4,7753,828,0,1,0,42,0,16,1,1,pre_allocation
495,993,normal,0,0,65535_65535,0,4,7753,848,1,1,1,43,848,16,1,1,allocated
495,993,normal,0,0,65535_65535,0,1,3069,1906,0,1,0,42,0,28,1,1,pre_allocation
495,993,normal,0,0,65535_65535,0,1,3069,1952,1,1,1,43,1952,28,1,1,allocated
495,993,normal,0,0,65535_65535,0,4,7753,848,0,1,0,43,0,16,1,1,pre_allocation
495,993,normal,0,0,65535_65535,0,4,7753,868,1,1,1,44,868,16,1,1,allocated
495,993,normal,0,0,65535_65535,0,1,3069,1952,0,1,0,43,0,28,1,1,pre_allocation
495,993,normal,0,0,65535_65535,0,1,3069,1997,1,1,1,44,1997,28,1,1,allocated
495,993,normal,0,0,65535_65535,0,4,7753,868,0,1,0,44,0,16,1,1,pre_allocation
495,993,normal,0,0,65535_65535,0,4,7753,888,1,1,1,45,888,16,1,1,allocated
495,993,normal,0,0,65535_65535,0,1,3069,1997,0,1,0,44,0,28,1,1,pre_allocation
495,993,normal,0,0,65535_65535,0,1,3069,2043,1,1,1,45,2043,28,1,1,allocated
495,993,normal,0,0,65535_65535,0,4,7753,888,0,1,0,45,0,16,1,1,pre_allocation
495,993,normal,0,0,65535_65535,0,4,7753,907,1,1,1,46,907,16,1,1,allocated
495,993,normal,0,0,65535_65535,0,1,3069,2043,0,1,0,45,0,28,1,1,pre_allocation
495,993,normal,0,0,65535_65535,0,1,3069,2088,1,1,1,46,2088,28,1,1,allocated
495,993,normal,0,0,65535_65535,0,4,7753,907,0,1,0,46,0,16,1,1,pre_allocation
495,993,normal,0,0,65535_65535,0,4,7753,927,1,1,1,47,927,16,1,1,allocated
495,993,normal,0,0,65535_65535,0,1,3069,2088,0,1,0,46,0,28,1,1,pre_allocation
495,993,normal,0,0,65535_65535,0,1,3069,2134,1,1,1,47,2134,28,1,1,allocated
495,993,normal,0,0,65535_65535,0,4,7753,927,0,1,0,47,0,16,1,1,pre_allocation
495,993,normal,0,0,65535_65535,0,4,7753,947,1,1,1,48,947,16,1,1,allocated
495,993,normal,0,0,65535_65535,0,1,3069,2134,0,1,0,47,0,28,1,1,pre_allocation
495,993,normal,0,0,65535_65535,0,1,3069,2179,1,1,1,48,2179,28,1,1,allocated
495,993,normal,0,0,65535_65535,0,4,7753,947,0,1,0,48,0,16,1,1,pre_allocation
495,993,normal,0,0,65535_65535,0,4,7753,967,1,1,1,49,967,16,1,1,allocated
495,993,normal,0,0,65535_65535,0,1,3069,2179,0,1,0,48,0,28,1,1,pre_allocation
495,993,normal,0,0,65535_65535,0,1,3069,2225,1,1,1,49,2225,28,1,1,allocated
495,993,normal,0,0,65535_65535,0,4,7753,967,0,1,0,49,0,16,1,1,pre_allocation
495,993,normal,0,0,65535_65535,0,4,7753,987,1,1,1,50,987,16,1,1,allocated
495,993,normal,0,0,65535_65535,1,10,13122,0,0,1,0,0,0,15,1,1,pre_allocation
495,993,normal,0,0,65535_65535,1,10,13122,14,1,1,1,1,14,15,1,1,allocated
495,993,normal,0,0,65535_65535,1,7,87,0,0,1,0,0,0,28,1,1,pre_allocation
495,993,normal,0,0,65535_65535,1,7,87,42,1,1,1,1,42,28,1,1,allocated
495,993,normal,0,0,65535_65535,1,9,87,0,0,1,0,0,0,28,1,1,pre_allocation
495,993,normal,0,0,65535_65535,1,9,87,42,1,1,1,1,42,28,1,1,allocated
495,993,normal,0,0,65535_65535,1,6,87,0,0,1,0,0,0,28,1,1,pre_allocation
495,993,normal,0,0,65535_65535,1,6,87,42,1,1,1,1,42,28,1,1,allocated
495,993,normal,0,0,65535_65535,1,8,87,0,0,1,0,0,0,28,1,1,pre_allocation
495,993,normal,0,0,65535_65535,1,8,87,42,1,1,1,1,42,28,1,1,allocated
495,993,normal,0,0,65535_65535,1,10,13122,14,0,1,0,1,0,15,1,1,pre_allocation
495,993,normal,0,0,65535_65535,1,10,13122,32,1,1,1,2,32,15,1,1,allocated
495,993,normal,0,0,65535_65535,1,7,87,42,0,1,0,1,0,28,1,1,pre_allocation
495,993,normal,0,0,65535_65535,1,7,87,88,1,1,1,2,88,28,1,1,allocated
495,993,normal,0,0,65535_65535,1,9,87,42,0,1,0,1,0,28,1,1,pre_allocation
495,993,normal,0,0,65535_65535,1,9,87,88,1,1,1,2,88,28,1,1,allocated
495,993,normal,0,0,65535_65535,1,6,87,42,0,1,0,1,0,28,1,1,pre_allocation
495,993,normal,0,0,65535_65535,1,6,87,88,1,1,1,2,88,28,1,1,allocated
495,993,normal,0,0,65535_65535,1,8,87,42,0,1,0,1,0,28,1,1,pre_allocation
495,993,normal,0,0,65535_65535,1,8,87,88,1,1,1,2,88,28,1,1,allocated
495,993,normal,0,0,65535_65535,1,10,13122,32,0,1,0,2,0,15,1,1,pre_allocation
495,993,normal,0,0,65535_65535,1,10,13122,50,1,1,1,3,50,15,1,1,allocated
495,993,normal,0,0,65535_65535,1,7,87,88,0,1,0,2,0,28,1,1,pre_allocation
495,993,normal,0,0,65535_65535,1,7,87,133,1,1,1,3,133,28,1,1,allocated
495,993,normal,0,0,65535_65535,1,9,87,88,0,1,0,2,0,28,1,1,pre_allocation
495,993,normal,0,0,65535_65535,1,9,87,133,1,1,1,3,133,28,1,1,allocated
495,993,normal,0,0,65535_65535,1,6,87,88,0,1,0,2,0,28,1,1,pre_allocation
495,993,normal,0,0,65535_65535,1,6,87,133,1,1,1,3,133,28,1,1,allocated
495,993,normal,0,0,65535_65535,1,8,87,88,0,1,0,2,0,28,1,1,pre_allocation
495,993,normal,0,0,65535_65535,1,8,87,133,1,1,1,3,133,28,1,1,allocated
495,993,normal,0,0,65535_65535,1,10,13122,50,0,1,0,3,0,15,1,1,pre_allocation
495,993,normal,0,0,65535_65535,1,10,13122,68,1,1,1,4,68,15,1,1,allocated
495,993,normal,0,0,65535_65535,1,7,87,133,0,1,0,3,0,28,1,1,pre_allocation
495,993,normal,0,0,65535_65535,1,7,87,179,1,1,1,4,179,28,1,1,allocated
495,993,normal,0,0,65535_65535,1,9,87,133,0,1,0,3,0,28,1,1,pre_allocation
495,993,normal,0,0,65535_65535,1,9,87,179,1,1,1,4,179,28,1,1,allocated
495,993,normal,0,0,65535_65535,1,6,87,133,0,1,0,3,0,28,1,1,pre_allocation
495,993,normal,0,0,65535_65535,1,6,87,179,1,1,1,4,179,28,1,1,allocated
495,993,normal,0,0,65535_65535,1,8,87,133,0,1,0,3,0,28,1,1,pre_allocation
495,993,normal,0,0,65535_65535,1,8,87,179,1,1,1,4,179,28,1,1,allocated
495,993,normal,0,0,65535_65535,1,10,13122,68,0,1,0,4,0,15,1,1,pre_allocation
495,993,normal,0,0,65535_65535,1,10,13122,86,1,1,1,5,86,15,1,1,allocated
495,993,normal,0,0,65535_65535,1,7,87,179,0,1,0,4,0,28,1,1,pre_allocation
495,993,normal,0,0,65535_65535,1,7,87,224,1,1,1,5,224,28,1,1,allocated
495,993,normal,0,0,65535_65535,1,9,87,179,0,1,0,4,0,28,1,1,pre_allocation
495,993,normal,0,0,65535_65535,1,9,87,224,1,1,1,5,224,28,1,1,allocated
495,993,normal,0,0,65535_65535,1,6,87,179,0,1,0,4,0,28,1,1,pre_allocation
495,993,normal,0,0,65535_65535,1,6,87,224,1,1,1,5,224,28,1,1,allocated
495,993,normal,0,0,65535_65535,1,8,87,179,0,1,0,4,0,28,1,1,pre_allocation
495,993,normal,0,0,65535_65535,1,8,87,224,1,1,1,5,224,28,1,1,allocated
495,993,normal,0,0,65535_65535,1,10,13122,86,0,1,0,5,0,15,1,1,pre_allocation
495,993,normal,0,0,65535_65535,1,10,13122,103,1,1,1,6,103,15,1,1,allocated
495,993,normal,0,0,65535_65535,1,7,87,224,0,1,0,5,0,28,1,1,pre_allocation
495,993,normal,0,0,65535_65535,1,7,87,270,1,1,1,6,270,28,1,1,allocated
495,993,normal,0,0,65535_65535,1,9,87,224,0,1,0,5,0,28,1,1,pre_allocation
495,993,normal,0,0,65535_65535,1,9,87,270,1,1,1,6,270,28,1,1,allocated
495,993,normal,0,0,65535_65535,1,6,87,224,0,1,0,5,0,28,1,1,pre_allocation
495,993,normal,0,0,65535_65535,1,6,87,270,1,1,1,6,270,28,1,1,allocated
495,993,normal,0,0,65535_65535,1,8,87,224,0,1,0,5,0,28,1,1,pre_allocation
495,993,normal,0,0,65535_65535,1,8,87,270,1,1,1,6,270,28,1,1,allocated
495,993,normal,0,0,65535_65535,1,10,13122,103,0,1,0,6,0,15,1,1,pre_allocation
495,993,normal,0,0,65535_65535,1,10,13122,121,1,1,1,7,121,15,1,1,allocated
495,993,normal,0,0,65535_65535,1,7,87,270,0,1,0,6,0,28,1,1,pre_allocation
495,993,normal,0,0,65535_65535,1,7,87,315,1,1,1,7,315,28,1,1,allocated
495,993,normal,0,0,65535_65535,1,9,87,270,0,1,0,6,0,28,1,1,pre_allocation
495,993,normal,0,0,65535_65535,1,9,87,315,1,1,1,7,315,28,1,1,allocated
495,993,normal,0,0,65535_65535,1,6,87,270,0,1,0,6,0,28,1,1,pre_allocation
495,993,normal,0,0,65535_65535,1,6,87,315,1,1,1,7,315,28,1,1,allocated
495,993,normal,0,0,65535_65535,1,8,87,270,0,1,0,6,0,28,1,1,pre_allocation
495,993,normal,0,0,65535_65535,1,8,87,315,1,1,1,7,315,28,1,1,allocated
495,993,normal,0,0,65535_65535,1,10,13122,121,0,1,0,7,0,15,1,1,pre_allocation
495,993,normal,0,0,65535_65535,1,10,13122,139,1,1,1,8,139,15,1,1,allocated
495,993,normal,0,0,65535_65535,1,7,87,315,0,1,0,7,0,28,1,1,pre_allocation
495,993,normal,0,0,65535_65535,1,7,87,361,1,1,1,8,361,28,1,1,allocated
495,993,normal,0,0,65535_65535,1,9,87,315,0,1,0,7,0,28,1,1,pre_allocation
495,993,normal,0,0,65535_65535,1,9,87,361,1,1,1,8,361,28,1,1,allocated
495,993,normal,0,0,65535_65535,1,6,87,315,0,1,0,7,0,28,1,1,pre_allocation
495,993,normal,0,0,65535_65535,1,6,87,361,1,1,1,8,361,28,1,1,allocated
495,993,normal,0,0,65535_65535,1,8,87,315,0,1,0,7,0,28,1,1,pre_allocation
495,993,normal,0,0,65535_65535,1,8,87,361,1,1,1,8,361,28,1,1,allocated
495,993,normal,0,0,65535_65535,1,10,13122,139,0,1,0,8,0,15,1,1,pre_allocation
495,993,normal,0,0,65535_65535,1,10,13122,157,1,1,1,9,157,15,1,1,allocated
495,993,normal,0,0,65535_65535,1,7,87,361,0,1,0,8,0,28,1,1,pre_allocation
495,993,normal,0,0,65535_65535,1,7,87,406,1,1,1,9,406,28,1,1,allocated
495,993,normal,0,0,65535_65535,1,9,87,361,0,1,0,8,0,28,1,1,pre_allocation
495,993,normal,0,0,65535_65535,1,9,87,406,1,1,1,9,406,28,1,1,allocated
495,993,normal,0,0,65535_65535,1,6,87,361,0,1,0,8,0,28,1,1,pre_allocation
495,993,normal,0,0,65535_65535,1,6,87,406,1,1,1,9,406,28,1,1,allocated
495,993,normal,0,0,65535_65535,1,8,87,361,0,1,0,8,0,28,1,1,pre_allocation
495,993,normal,0,0,65535_65535,1,8,87,406,1,1,1,9,406,28,1,1,allocated
495,993,normal,0,0,65535_65535,1,10,13122,157,0,1,0,9,0,15,1,1,pre_allocation
495,993,normal,0,0,65535_65535,1,10,13122,175,1,1,1,10,175,15,1,1,allocated
495,993,normal,0,0,65535_65535,1,7,87,406,0,1,0,9,0,28,1,1,pre_allocation
495,993,normal,0,0,65535_65535,1,7,87,452,1,1,1,10,452,28,1,1,allocated
495,993,normal,0,0,65535_65535,1,9,87,406,0,1,0,9,0,28,1,1,pre_allocation
495,993,normal,0,0,65535_65535,1,9,87,452,1,1,1,10,452,28,1,1,allocated
495,993,normal,0,0,65535_65535,1,6,87,406,0,1,0,9,0,28,1,1,pre_allocation
495,993,normal,0,0,65535_65535,1,6,87,452,1,1,1,10,452,28,1,1,allocated
495,993,normal,0,0,65535_65535,1,8,87,406,0,1,0,9,0,28,1,1,pre_allocation
495,993,normal,0,0,65535_65535,1,8,87,452,1,1,1,10,452,28,1,1,allocated
495,993,normal,0,0,65535_65535,1,10,13122,175,0,1,0,10,0,15,1,1,pre_allocation
495,993,normal,0,0,65535_65535,1,10,13122,193,1,1,1,11,193,15,1,1,allocated
495,993,normal,0,0,65535_65535,1,7,87,452,0,1,0,10,0,28,1,1,pre_allocation
495,993,normal,0,0,65535_65535,1,7,87,497,1,1,1,11,497,28,1,1,allocated
495,993,normal,0,0,65535_65535,1,9,87,452,0,1,0,10,0,28,1,1,pre_allocation
495,993,normal,0,0,65535_65535,1,9,87,497,1,1,1,11,497,28,1,1,allocated
495,993,normal,0,0,65535_65535,1,6,87,452,0,1,0,10,0,28,1,1,pre_allocation
495,993,normal,0,0,65535_65535,1,6,87,497,1,1,1,11,497,28,1,1,allocated
495,993,normal,0,0,65535_65535,1,8,87,452,0,1,0,10,0,28,1,1,pre_allocation
495,993,normal,0,0,65535_65535,1,8,87,497,1,1,1,11,497,28,1,1,allocated
495,993,normal,0,0,65535_65535,1,10,13122,193,0,1,0,11,0,15,1,1,pre_allocation
495,993,normal,0,0,65535_65535,1,10,13122,210,1,1,1,12,210,15,1,1,allocated
495,993,normal,0,0,65535_65535,1,7,87,497,0,1,0,11,0,28,1,1,pre_allocation
495,993,normal,0,0,65535_65535,1,7,87,543,1,1,1,12,543,28,1,1,allocated
495,993,normal,0,0,65535_65535,1,9,87,497,0,1,0,11,0,28,1,1,pre_allocation
495,993,normal,0,0,65535_65535,1,9,87,543,1,1,1,12,543,28,1,1,allocated
495,993,normal,0,0,65535_65535,1,6,87,497,0,1,0,11,0,28,1,1,pre_allocation
495,993,normal,0,0,65535_65535,1,6,87,543,1,1,1,12,543,28,1,1,allocated
495,993,normal,0,0,65535_65535,1,8,87,497,0,1,0,11,0,28,1,1,pre_allocation
495,993,normal,0,0,65535_65535,1,8,87,543,1,1,1,12,543,28,1,1,allocated
495,993,normal,0,0,65535_65535,1,10,13122,210,0,1,0,12,0,15,1,1,pre_allocation
495,993,normal,0,0,65535_65535,1,10,13122,228,1,1,1,13,228,15,1,1,allocated
495,993,normal,0,0,65535_65535,1,7,87,543,0,1,0,12,0,28,1,1,pre_allocation
495,993,normal,0,0,65535_65535,1,7,87,589,1,1,1,13,589,28,1,1,allocated
495,993,normal,0,0,65535_65535,1,9,87,543,0,1,0,12,0,28,1,1,pre_allocation
495,993,normal,0,0,65535_65535,1,9,87,589,1,1,1,13,589,28,1,1,allocated
495,993,normal,0,0,65535_65535,1,6,87,543,0,1,0,12,0,28,1,1,pre_allocation
495,993,normal,0,0,65535_65535,1,6,87,589,1,1,1,13,589,28,1,1,allocated
495,993,normal,0,0,65535_65535,1,8,87,543,0,1,0,12,0,28,1,1,pre_allocation
495,993,normal,0,0,65535_65535,1,8,87,589,1,1,1,13,589,28,1,1,allocated
495,993,normal,0,0,65535_65535,1,10,13122,228,0,1,0,13,0,15,1,1,pre_allocation
495,993,normal,0,0,65535_65535,1,10,13122,246,1,1,1,14,246,15,1,1,allocated
495,993,normal,0,0,65535_65535,1,7,87,589,0,1,0,13,0,28,1,1,pre_allocation
495,993,normal,0,0,65535_65535,1,7,87,634,1,1,1,14,634,28,1,1,allocated
495,993,normal,0,0,65535_65535,1,9,87,589,0,1,0,13,0,28,1,1,pre_allocation
495,993,normal,0,0,65535_65535,1,9,87,634,1,1,1,14,634,28,1,1,allocated
495,993,normal,0,0,65535_65535,1,6,87,589,0,1,0,13,0,28,1,1,pre_allocation
495,993,normal,0,0,65535_65535,1,6,87,634,1,1,1,14,634,28,1,1,allocated
495,993,normal,0,0,65535_65535,1,8,87,589,0,1,0,13,0,28,1,1,pre_allocation
495,993,normal,0,0,65535_65535,1,8,87,634,1,1,1,14,634,28,1,1,allocated
495,993,normal,0,0,65535_65535,1,10,13122,246,0,1,0,14,0,15,1,1,pre_allocation
495,993,normal,0,0,65535_65535,1,10,13122,264,1,1,1,15,264,15,1,1,allocated
495,993,normal,0,0,65535_65535,1,7,87,634,0,1,0,14,0,28,1,1,pre_allocation
495,993,normal,0,0,65535_65535,1,7,87,680,1,1,1,15,680,28,1,1,allocated
495,993,normal,0,0,65535_65535,1,9,87,634,0,1,0,14,0,28,1,1,pre_allocation
495,993,normal,0,0,65535_65535,1,9,87,680,1,1,1,15,680,28,1,1,allocated
495,993,normal,0,0,65535_65535,1,6,87,634,0,1,0,14,0,28,1,1,pre_allocation
495,993,normal,0,0,65535_65535,1,6,87,680,1,1,1,15,680,28,1,1,allocated
495,993,normal,0,0,65535_65535,1,8,87,634,0,1,0,14,0,28,1,1,pre_allocation
495,993,normal,0,0,65535_65535,1,8,87,680,1,1,1,15,680,28,1,1,allocated
495,993,normal,0,0,65535_65535,1,10,13122,264,0,1,0,15,0,15,1,1,pre_allocation
495,993,normal,0,0,65535_65535,1,10,13122,282,1,1,1,16,282,15,1,1,allocated
495,993,normal,0,0,65535_65535,1,7,87,680,0,1,0,15,0,28,1,1,pre_allocation
495,993,normal,0,0,65535_65535,1,7,87,725,1,1,1,16,725,28,1,1,allocated
495,993,normal,0,0,65535_65535,1,9,87,680,0,1,0,15,0,28,1,1,pre_allocation
495,993,normal,0,0,65535_65535,1,9,87,725,1,1,1,16,725,28,1,1,allocated
495,993,normal,0,0,65535_65535,1,6,87,680,0,1,0,15,0,28,1,1,pre_allocation
495,993,normal,0,0,65535_65535,1,6,87,725,1,1,1,16,725,28,1,1,allocated
495,993,normal,0,0,65535_65535,1,8,87,680,0,1,0,15,0,28,1,1,pre_allocation
495,993,normal,0,0,65535_65535,1,8,87,725,1,1,1,16,725,28,1,1,allocated
495,993,normal,0,0,65535_65535,1,10,13122,282,0,1,0,16,0,15,1,1,pre_allocation
495,993,normal,0,0,65535_65535,1,10,13122,299,1,1,1,17,299,15,1,1,allocated
495,993,normal,0,0,65535_65535,1,7,87,725,0,1,0,16,0,28,1,1,pre_allocation
495,993,normal,0,0,65535_65535,1,7,87,771,1,1,1,17,771,28,1,1,allocated
495,993,normal,0,0,65535_65535,1,9,87,725,0,1,0,16,0,28,1,1,pre_allocation
495,993,normal,0,0,65535_65535,1,9,87,771,1,1,1,17,771,28,1,1,allocated
495,993,normal,0,0,65535_65535,1,6,87,725,0,1,0,16,0,28,1,1,pre_allocation
495,993,normal,0,0,65535_65535,1,6,87,771,1,1,1,17,771,28,1,1,allocated
495,993,normal,0,0,65535_65535,1,8,87,725,0,1,0,16,0,28,1,1,pre_allocation
495,993,normal,0,0,65535_65535,1,8,87,771,1,1,1,17,771,28,1,1,allocated
495,993,normal,0,0,65535_65535,1,10,13122,299,0,1,0,17,0,15,1,1,pre_allocation
495,993,normal,0,0,65535_65535,1,10,13122,317,1,1,1,18,317,15,1,1,allocated
495,993,normal,0,0,65535_65535,1,7,87,771,0,1,0,17,0,28,1,1,pre_allocation
495,993,normal,0,0,65535_65535,1,7,87,816,1,1,1,18,816,28,1,1,allocated
495,993,normal,0,0,65535_65535,1,9,87,771,0,1,0,17,0,28,1,1,pre_allocation
495,993,normal,0,0,65535_65535,1,9,87,816,1,1,1,18,816,28,1,1,allocated
495,993,normal,0,0,65535_65535,1,6,87,771,0,1,0,17,0,28,1,1,pre_allocation
495,993,normal,0,0,65535_65535,1,6,87,816,1,1,1,18,816,28,1,1,allocated
495,993,normal,0,0,65535_65535,1,8,87,771,0,1,0,17,0,28,1,1,pre_allocation
495,993,normal,0,0,65535_65535,1,8,87,816,1,1,1,18,816,28,1,1,allocated
495,993,normal,0,0,65535_65535,1,10,13122,317,0,1,0,18,0,15,1,1,pre_allocation
495,993,normal,0,0,65535_65535,1,10,13122,335,1,1,1,19,335,15,1,1,allocated
495,993,normal,0,0,65535_65535,1,7,87,816,0,1,0,18,0,28,1,1,pre_allocation
495,993,normal,0,0,65535_65535,1,7,87,862,1,1,1,19,862,28,1,1,allocated
495,993,normal,0,0,65535_65535,1,9,87,816,0,1,0,18,0,28,1,1,pre_allocation
495,993,normal,0,0,65535_65535,1,9,87,862,1,1,1,19,862,28,1,1,allocated
495,993,normal,0,0,65535_65535,1,6,87,816,0,1,0,18,0,28,1,1,pre_allocation
495,993,normal,0,0,65535_65535,1,6,87,862,1,1,1,19,862,28,1,1,allocated
495,993,normal,0,0,65535_65535,1,8,87,816,0,1,0,18,0,28,1,1,pre_allocation
495,993,normal,0,0,65535_65535,1,8,87,862,1,1,1,19,862,28,1,1,allocated
495,993,normal,0,0,65535_65535,1,10,13122,335,0,1,0,19,0,15,1,1,pre_allocation
495,993,normal,0,0,65535_65535,1,10,13122,353,1,1,1,20,353,15,1,1,allocated
495,993,normal,0,0,65535_65535,1,7,87,862,0,1,0,19,0,28,1,1,pre_allocation
495,993,normal,0,0,65535_65535,1,7,87,907,1,1,1,20,907,28,1,1,allocated
495,993,normal,0,0,65535_65535,1,9,87,862,0,1,0,19,0,28,1,1,pre_allocation
495,993,normal,0,0,65535_65535,1,9,87,907,1,1,1,20,907,28,1,1,allocated
495,993,normal,0,0,65535_65535,1,6,87,862,0,1,0,19,0,28,1,1,pre_allocation
495,993,normal,0,0,65535_65535,1,6,87,907,1,1,1,20,907,28,1,1,allocated
495,993,normal,0,0,65535_65535,1,8,87,862,0,1,0,19,0,28,1,1,pre_allocation
495,993,normal,0,0,65535_65535,1,8,87,907,1,1,1,20,907,28,1,1,allocated
495,993,normal,0,0,65535_65535,1,10,13122,353,0,1,0,20,0,15,1,1,pre_allocation
495,993,normal,0,0,65535_65535,1,10,13122,371,1,1,1,21,371,15,1,1,allocated
495,993,normal,0,0,65535_65535,1,7,87,907,0,1,0,20,0,28,1,1,pre_allocation
495,993,normal,0,0,65535_65535,1,7,87,953,1,1,1,21,953,28,1,1,allocated
495,993,normal,0,0,65535_65535,1,9,87,907,0,1,0,20,0,28,1,1,pre_allocation
495,993,normal,0,0,65535_65535,1,9,87,953,1,1,1,21,953,28,1,1,allocated
495,993,normal,0,0,65535_65535,1,6,87,907,0,1,0,20,0,28,1,1,pre_allocation
495,993,normal,0,0,65535_65535,1,6,87,953,1,1,1,21,953,28,1,1,allocated
495,993,normal,0,0,65535_65535,1,8,87,907,0,1,0,20,0,28,1,1,pre_allocation
495,993,normal,0,0,65535_65535,1,8,87,953,1,1,1,21,953,28,1,1,allocated
495,993,normal,0,0,65535_65535,1,10,13122,371,0,1,0,21,0,15,1,1,pre_allocation
495,993,normal,0,0,65535_65535,1,10,13122,389,1,1,1,22,389,15,1,1,allocated
495,993,normal,0,0,65535_65535,1,7,87,953,0,1,0,21,0,28,1,1,pre_allocation
495,993,normal,0,0,65535_65535,1,7,87,998,1,1,1,22,998,28,1,1,allocated
495,993,normal,0,0,65535_65535,1,9,87,953,0,1,0,21,0,28,1,1,pre_allocation
495,993,normal,0,0,65535_65535,1,9,87,998,1,1,1,22,998,28,1,1,allocated
495,993,normal,0,0,65535_65535,1,6,87,953,0,1,0,21,0,28,1,1,pre_allocation
495,993,normal,0,0,65535_65535,1,6,87,998,1,1,1,22,998,28,1,1,allocated
495,993,normal,0,0,65535_65535,1,8,87,953,0,1,0,21,0,28,1,1,pre_allocation
495,993,normal,0,0,65535_65535,1,8,87,998,1,1,1,22,998,28,1,1,allocated
495,993,normal,0,0,65535_65535,1,10,13122,389,0,1,0,22,0,15,1,1,pre_allocation
495,993,normal,0,0,65535_65535,1,10,13122,406,1,1,1,23,406,15,1,1,allocated
495,993,normal,0,0,65535_65535,1,7,87,998,0,1,0,22,0,28,1,1,pre_allocation
495,993,normal,0,0,65535_65535,1,7,87,1044,1,1,1,23,1044,28,1,1,allocated
495,993,normal,0,0,65535_65535,1,9,87,998,0,1,0,22,0,28,1,1,pre_allocation
495,993,normal,0,0,65535_65535,1,9,87,1044,1,1,1,23,1044,28,1,1,allocated
495,993,normal,0,0,65535_65535,1,6,87,998,0,1,0,22,0,28,1,1,pre_allocation
495,993,normal,0,0,65535_65535,1,6,87,1044,1,1,1,23,1044,28,1,1,allocated
495,993,normal,0,0,65535_65535,1,8,87,998,0,1,0,22,0,28,1,1,pre_allocation
495,993,normal,0,0,65535_65535,1,8,87,1044,1,1,1,23,1044,28,1,1,allocated
495,993,normal,0,0,65535_65535,1,10,13122,406,0,1,0,23,0,15,1,1,pre_allocation
495,993,normal,0,0,65535_65535,1,10,13122,424,1,1,1,24,424,15,1,1,allocated
495,993,normal,0,0,65535_65535,1,7,87,1044,0,1,0,23,0,28,1,1,pre_allocation
495,993,normal,0,0,65535_65535,1,7,87,1089,1,1,1,24,1089,28,1,1,allocated
495,993,normal,0,0,65535_65535,2,13,401,0,0,1,0,0,0,15,1,1,pre_allocation
495,993,normal,0,0,65535_65535,2,13,401,14,1,1,1,1,14,15,1,1,allocated
495,993,normal,0,0,65535_65535,2,13,401,14,0,1,0,1,0,15,1,1,pre_allocation
495,993,normal,0,0,65535_65535,2,13,401,32,1,1,1,2,32,15,1,1,allocated
495,993,normal,0,0,65535_65535,2,13,401,32,0,1,0,2,0,15,1,1,pre_allocation
495,993,normal,0,0,65535_65535,2,13,401,50,1,1,1,3,50,15,1,1,allocated
495,993,normal,0,0,65535_65535,2,13,401,50,0,1,0,3,0,15,1,1,pre_allocation
495,993,normal,0,0,65535_65535,2,13,401,68,1,1,1,4,68,15,1,1,allocated
495,993,normal,0,0,65535_65535,2,13,401,68,0,1,0,4,0,15,1,1,pre_allocation
495,993,normal,0,0,65535_65535,2,13,401,86,1,1,1,5,86,15,1,1,allocated
495,993,normal,0,0,65535_65535,2,13,401,86,0,1,0,5,0,15,1,1,pre_allocation
495,993,normal,0,0,65535_65535,2,13,401,103,1,1,1,6,103,15,1,1,allocated
495,993,normal,0,0,65535_65535,2,13,401,103,0,1,0,6,0,15,1,1,pre_allocation
495,993,normal,0,0,65535_65535,2,13,401,121,1,1,1,7,121,15,1,1,allocated
495,993,normal,0,0,65535_65535,2,13,401,121,0,1,0,7,0,15,1,1,pre_allocation
495,993,normal,0,0,65535_65535,2,13,401,139,1,1,1,8,139,15,1,1,allocated
495,993,normal,0,0,65535_65535,2,13,401,139,0,1,0,8,0,15,1,1,pre_allocation
495,993,normal,0,0,65535_65535,2,13,401,157,1,1,1,9,157,15,1,1,allocated
495,993,normal,0,0,65535_65535,2,13,401,157,0,1,0,9,0,15,1,1,pre_allocation
495,993,normal,0,0,65535_65535,2,13,401,175,1,1,1,10,175,15,1,1,allocated
495,993,normal,0,0,65535_65535,2,13,401,175,0,1,0,10,0,15,1,1,pre_allocation
495,993,normal,0,0,65535_65535,2,13,401,193,1,1,1,11,193,15,1,1,allocated
495,993,normal,0,0,65535_65535,2,13,401,193,0,1,0,11,0,15,1,1,pre_allocation
495,993,normal,0,0,65535_65535,2,13,401,210,1,1,1,12,210,15,1,1,allocated
495,993,normal,0,0,65535_65535,2,13,401,210,0,1,0,12,0,15,1,1,pre_allocation
495,993,normal,0,0,65535_65535,2,13,401,228,1,1,1,13,228,15,1,1,allocated
495,993,normal,0,0,65535_65535,2,13,401,228,0,1,0,13,0,15,1,1,pre_allocation
495,993,normal,0,0,65535_65535,2,13,401,246,1,1,1,14,246,15,1,1,allocated
495,993,normal,0,0,65535_65535,2,13,401,246,0,1,0,14,0,15,1,1,pre_allocation
495,993,normal,0,0,65535_65535,2,13,401,264,1,1,1,15,264,15,1,1,allocated
495,993,normal,0,0,65535_65535,2,13,401,264,0,1,0,15,0,15,1,1,pre_allocation
495,993,normal,0,0,65535_65535,2,13,401,282,1,1,1,16,282,15,1,1,allocated
495,993,normal,0,0,65535_65535,2,13,401,282,0,1,0,16,0,15,1,1,pre_allocation
495,993,normal,0,0,65535_65535,2,13,401,299,1,1,1,17,299,15,1,1,allocated
495,993,normal,0,0,65535_65535,2,13,401,299,0,1,0,17,0,15,1,1,pre_allocation
495,993,normal,0,0,65535_65535,2,13,401,317,1,1,1,18,317,15,1,1,allocated
495,993,normal,0,0,65535_65535,2,13,401,317,0,1,0,18,0,15,1,1,pre_allocation
495,993,normal,0,0,65535_65535,2,13,401,335,1,1,1,19,335,15,1,1,allocated
495,993,normal,0,0,65535_65535,2,13,401,335,0,1,0,19,0,15,1,1,pre_allocation
495,993,normal,0,0,65535_65535,2,13,401,353,1,1,1,20,353,15,1,1,allocated
495,993,normal,0,0,65535_65535,2,13,401,353,0,1,0,20,0,15,1,1,pre_allocation
495,993,normal,0,0,65535_65535,2,13,401,371,1,1,1,21,371,15,1,1,allocated
495,993,normal,0,0,65535_65535,2,13,401,371,0,1,0,21,0,15,1,1,pre_allocation
495,993,normal,0,0,65535_65535,2,13,401,389,1,1,1,22,389,15,1,1,allocated
495,993,normal,0,0,65535_65535,2,13,401,389,0,1,0,22,0,15,1,1,pre_allocation
495,993,normal,0,0,65535_65535,2,13,401,406,1,1,1,23,406,15,1,1,allocated
495,993,normal,0,0,65535_65535,2,13,401,406,0,1,0,23,0,15,1,1,pre_allocation
495,993,normal,0,0,65535_65535,2,13,401,424,1,1,1,24,424,15,1,1,allocated
495,993,normal,0,0,65535_65535,2,13,401,424,0,1,0,24,0,15,1,1,pre_allocation
495,993,normal,0,0,65535_65535,2,13,401,442,1,1,1,25,442,15,1,1,allocated
495,993,normal,0,0,65535_65535,2,13,401,442,0,1,0,25,0,15,1,1,pre_allocation
495,993,normal,0,0,65535_65535,2,13,401,460,1,1,1,26,460,15,1,1,allocated
495,993,normal,0,0,65535_65535,2,13,401,460,0,1,0,26,0,15,1,1,pre_allocation
495,993,normal,0,0,65535_65535,2,13,401,478,1,1,1,27,478,15,1,1,allocated
495,993,normal,0,0,65535_65535,2,13,401,478,0,1,0,27,0,15,1,1,pre_allocation
495,993,normal,0,0,65535_65535,2,13,401,495,1,1,1,28,495,15,1,1,allocated
495,993,normal,0,0,65535_65535,2,13,401,495,0,1,0,28,0,15,1,1,pre_allocation
495,993,normal,0,0,65535_65535,2,13,401,513,1,1,1,29,513,15,1,1,allocated
495,993,normal,0,0,65535_65535,2,13,401,513,0,1,0,29,0,15,1,1,pre_allocation
495,993,normal,0,0,65535_65535,2,13,401,531,1,1,1,30,531,15,1,1,allocated
495,993,normal,0,0,65535_65535,2,13,401,531,0,1,0,30,0,15,1,1,pre_allocation
495,993,normal,0,0,65535_65535,2,13,401,549,1,1,1,31,549,15,1,1,allocated
495,993,normal,0,0,65535_65535,2,13,401,549,0,1,0,31,0,15,1,1,pre_allocation
495,993,normal,0,0,65535_65535,2,13,401,567,1,1,1,32,567,15,1,1,allocated
495,993,normal,0,0,65535_65535,2,13,401,567,0,1,0,32,0,15,1,1,pre_allocation
495,993,normal,0,0,65535_65535,2,13,401,585,1,1,1,33,585,15,1,1,allocated
495,993,normal,0,0,65535_65535,2,13,401,585,0,1,0,33,0,15,1,1,pre_allocation
495,993,normal,0,0,65535_65535,2,13,401,602,1,1,1,34,602,15,1,1,allocated
495,993,normal,0,0,65535_65535,2,13,401,602,0,1,0,34,0,15,1,1,pre_allocation
495,993,normal,0,0,65535_65535,2,13,401,620,1,1,1,35,620,15,1,1,allocated
495,993,normal,0,0,65535_65535,2,13,401,620,0,1,0,35,0,15,1,1,pre_allocation
495,993,normal,0,0,65535_65535,2,13,401,638,1,1,1,36,638,15,1,1,allocated
495,993,normal,0,0,65535_65535,2,13,401,638,0,1,0,36,0,15,1,1,pre_allocation
495,993,normal,0,0,65535_65535,2,13,401,656,1,1,1,37,656,15,1,1,allocated
495,993,normal,0,0,65535_65535,2,13,401,656,0,1,0,37,0,15,1,1,pre_allocation
495,993,normal,0,0,65535_65535,2,13,401,674,1,1,1,38,674,15,1,1,allocated
495,993,normal,0,0,65535_65535,2,13,401,674,0,1,0,38,0,15,1,1,pre_allocation
495,993,normal,0,0,65535_65535,2,13,401,691,1,1,1,39,691,15,1,1,allocated
495,993,normal,0,0,65535_65535,2,13,401,691,0,1,0,39,0,15,1,1,pre_allocation
495,993,normal,0,0,65535_65535,2,13,401,709,1,1,1,40,709,15,1,1,allocated
495,993,normal,0,0,65535_65535,2,13,401,709,0,1,0,40,0,15,1,1,pre_allocation
495,993,normal,0,0,65535_65535,2,13,401,727,1,1,1,41,727,15,1,1,allocated
495,993,normal,0,0,65535_65535,2,13,401,727,0,1,0,41,0,15,1,1,pre_allocation
495,993,normal,0,0,65535_65535,2,13,401,745,1,1,1,42,745,15,1,1,allocated
495,993,normal,0,0,65535_65535,2,13,401,745,0,1,0,42,0,15,1,1,pre_allocation
495,993,normal,0,0,65535_65535,2,13,401,763,1,1,1,43,763,15,1,1,allocated
495,993,normal,0,0,65535_65535,2,13,401,763,0,1,0,43,0,15,1,1,pre_allocation
495,993,normal,0,0,65535_65535,2,13,401,781,1,1,1,44,781,15,1,1,allocated
495,993,normal,0,0,65535_65535,2,13,401,781,0,1,0,44,0,15,1,1,pre_allocation
495,993,normal,0,0,65535_65535,2,13,401,798,1,1,1,45,798,15,1,1,allocated
495,993,normal,0,0,65535_65535,2,13,401,798,0,1,0,45,0,15,1,1,pre_allocation
495,993,normal,0,0,65535_65535,2,13,401,816,1,1,1,46,816,15,1,1,allocated
495,993,normal,0,0,65535_65535,2,13,401,816,0,1,0,46,0,15,1,1,pre_allocation
495,993,normal,0,0,65535_65535,2,13,401,834,1,1,1,47,834,15,1,1,allocated
495,993,normal,0,0,65535_65535,2,13,401,834,0,1,0,47,0,15,1,1,pre_allocation
495,993,normal,0,0,65535_65535,2,13,401,852,1,1,1,48,852,15,1,1,allocated
495,993,normal,0,0,65535_65535,2,13,401,852,0,1,0,48,0,15,1,1,pre_allocation
495,993,normal,0,0,65535_65535,2,13,401,870,1,1,1,49,870,15,1,1,allocated
495,993,normal,0,0,65535_65535,2,13,401,870,0,1,0,49,0,15,1,1,pre_allocation
495,993,normal,0,0,65535_65535,2,13,401,888,1,1,1,50,888,15,1,1,allocated
606,1091,normal,0,0,65535_65535,0,4,4601,0,0,1,0,0,0,16,1,1,pre_allocation
606,1091,normal,0,0,65535_65535,0,4,4601,16,1,1,1,1,16,16,1,1,allocated
606,1091,normal,0,0,65535_65535,0,1,4601,0,0,1,0,0,0,28,1,1,pre_allocation
606,1091,normal,0,0,65535_65535,0,1,4601,42,1,1,1,1,42,28,1,1,allocated
606,1091,normal,0,0,65535_65535,0,4,4601,16,0,1,0,1,0,16,1,1,pre_allocation
606,1091,normal,0,0,65535_65535,0,4,4601,36,1,1,1,2,36,16,1,1,allocated
606,1091,normal,0,0,65535_65535,0,1,4601,42,0,1,0,1,0,28,1,1,pre_allocation
606,1091,normal,0,0,65535_65535,0,1,4601,88,1,1,1,2,88,28,1,1,allocated
606,1091,normal,0,0,65535_65535,0,4,4601,36,0,1,0,2,0,16,1,1,pre_allocation
606,1091,normal,0,0,65535_65535,0,4,4601,56,1,1,1,3,56,16,1,1,allocated
606,1091,normal,0,0,65535_65535,0,1,4601,88,0,1,0,2,0,28,1,1,pre_allocation
606,1091,normal,0,0,65535_65535,0,1,4601,133,1,1,1,3,133,28,1,1,allocated
606,1091,normal,0,0,65535_65535,0,4,4601,56,0,1,0,3,0,16,1,1,pre_allocation
606,1091,normal,0,0,65535_65535,0,4,4601,76,1,1,1,4,76,16,1,1,allocated
606,1091,normal,0,0,65535_65535,0,1,4601,133,0,1,0,3,0,28,1,1,pre_allocation
606,1091,normal,0,0,65535_65535,0,1,4601,179,1,1,1,4,179,28,1,1,allocated
606,1091,normal,0,0,65535_65535,0,4,4601,76,0,1,0,4,0,16,1,1,pre_allocation
606,1091,normal,0,0,65535_65535,0,4,4601,96,1,1,1,5,96,16,1,1,allocated
606,1091,normal,0,0,65535_65535,0,1,4601,179,0,1,0,4,0,28,1,1,pre_allocation
606,1091,normal,0,0,65535_65535,0,1,4601,224,1,1,1,5,224,28,1,1,allocated
606,1091,normal,0,0,65535_65535,0,4,4601,96,0,1,0,5,0,16,1,1,pre_allocation
606,1091,normal,0,0,65535_65535,0,4,4601,115,1,1,1,6,115,16,1,1,allocated
606,1091,normal,0,0,65535_65535,0,1,4601,224,0,1,0,5,0,28,1,1,pre_allocation
606,1091,normal,0,0,65535_65535,0,1,4601,270,1,1,1,6,270,28,1,1,allocated
606,1091,normal,0,0,65535_65535,0,4,4601,115,0,1,0,6,0,16,1,1,pre_allocation
606,1091,normal,0,0,65535_65535,0,4,4601,135,1,1,1,7,135,16,1,1,allocated
606,1091,normal,0,0,65535_65535,0,1,4601,270,0,1,0,6,0,28,1,1,pre_allocation
606,1091,normal,0,0,65535_65535,0,1,4601,315,1,1,1,7,315,28,1,1,allocated
606,1091,normal,0,0,65535_65535,0,4,4601,135,0,1,0,7,0,16,1,1,pre_allocation
606,1091,normal,0,0,65535_65535,0,4,4601,155,1,1,1,8,155,16,1,1,allocated
606,1091,normal,0,0,65535_65535,0,1,4601,315,0,1,0,7,0,28,1,1,pre_allocation
606,1091,normal,0,0,65535_65535,0,1,4601,361,1,1,1,8,361,28,1,1,allocated
606,1091,normal,0,0,65535_65535,0,4,4601,155,0,1,0,8,0,16,1,1,pre_allocation
606,1091,normal,0,0,65535_65535,0,4,4601,175,1,1,1,9,175,16,1,1,allocated
606,1091,normal,0,0,65535_65535,0,1,4601,361,0,1,0,8,0,28,1,1,pre_allocation
606,1091,normal,0,0,65535_65535,0,1,4601,406,1,1,1,9,406,28,1,1,allocated
606,1091,normal,0,0,65535_65535,0,4,4601,175,0,1,0,9,0,16,1,1,pre_allocation
606,1091,normal,0,0,65535_65535,0,4,4601,195,1,1,1,10,195,16,1,1,allocated
606,1091,normal,0,0,65535_65535,0,1,4601,406,0,1,0,9,0,28,1,1,pre_allocation
606,1091,normal,0,0,65535_65535,0,1,4601,452,1,1,1,10,452,28,1,1,allocated
606,1091,normal,0,0,65535_65535,0,4,4601,195,0,1,0,10,0,16,1,1,pre_allocation
606,1091,normal,0,0,65535_65535,0,4,4601,214,1,1,1,11,214,16,1,1,allocated
606,1091,normal,0,0,65535_65535,0,1,4601,452,0,1,0,10,0,28,1,1,pre_allocation
606,1091,normal,0,0,65535_65535,0,1,4601,497,1,1,1,11,497,28,1,1,allocated
606,1091,normal,0,0,65535_65535,0,4,4601,214,0,1,0,11,0,16,1,1,pre_allocation
606,1091,normal,0,0,65535_65535,0,4,4601,234,1,1,1,12,234,16,1,1,allocated
606,1091,normal,0,0,65535_65535,0,1,4601,497,0,1,0,11,0,28,1,1,pre_allocation
606,1091,normal,0,0,65535_65535,0,1,4601,543,1,1,1,12,543,28,1,1,allocated
606,1091,normal,0,0,65535_65535,0,4,4601,234,0,1,0,12,0,16,1,1,pre_allocation
606,1091,normal,0,0,65535_65535,0,4,4601,254,1,1,1,13,254,16,1,1,allocated
606,1091,normal,0,0,65535_65535,0,1,4601,543,0,1,0,12,0,28,1,1,pre_allocation
606,1091,normal,0,0,65535_65535,0,1,4601,589,1,1,1,13,589,28,1,1,allocated
606,1091,normal,0,0,65535_65535,0,4,4601,254,0,1,0,13,0,16,1,1,pre_allocation
606,1091,normal,0,0,65535_65535,0,4,4601,274,1,1,1,14,274,16,1,1,allocated
606,1091,normal,0,0,65535_65535,0,1,4601,589,0,1,0,13,0,28,1,1,pre_allocation
606,1091,normal,0,0,65535_65535,0,1,4601,634,1,1,1,14,634,28,1,1,allocated
606,1091,normal,0,0,65535_65535,0,4,4601,274,0,1,0,14,0,16,1,1,pre_allocation
606,1091,normal,0,0,65535_65535,0,4,4601,294,1,1,1,15,294,16,1,1,allocated
606,1091,normal,0,0,65535_65535,0,1,4601,634,0,1,0,14,0,28,1,1,pre_allocation
606,1091,normal,0,0,65535_65535,0,1,4601,680,1,1,1,15,680,28,1,1,allocated
606,1091,normal,0,0,65535_65535,0,4,4601,294,0,1,0,15,0,16,1,1,pre_allocation
606,1091,normal,0,0,65535_65535,0,4,4601,313,1,1,1,16,313,16,1,1,allocated
606,1091,normal,0,0,65535_65535,0,1,4601,680,0,1,0,15,0,28,1,1,pre_allocation
606,1091,normal,0,0,65535_65535,0,1,4601,725,1,1,1,16,725,28,1,1,allocated
606,1091,normal,0,0,65535_65535,0,4,4601,313,0,1,0,16,0,16,1,1,pre_allocation
606,1091,normal,0,0,65535_65535,0,4,4601,333,1,1,1,17,333,16,1,1,allocated
606,1091,normal,0,0,65535_65535,0,1,4601,725,0,1,0,16,0,28,1,1,pre_allocation
606,1091,normal,0,0,65535_65535,0,1,4601,771,1,1,1,17,771,28,1,1,allocated
606,1091,normal,0,0,65535_65535,0,4,4601,333,0,1,0,17,0,16,1,1,pre_allocation
606,1091,normal,0,0,65535_65535,0,4,4601,353,1,1,1,18,353,16,1,1,allocated
606,1091,normal,0,0,65535_65535,0,1,4601,771,0,1,0,17,0,28,1,1,pre_allocation
606,1091,normal,0,0,65535_65535,0,1,4601,816,1,1,1,18,816,28,1,1,allocated
606,1091,normal,0,0,65535_65535,0,4,4601,353,0,1,0,18,0,16,1,1,pre_allocation
606,1091,normal,0,0,65535_65535,0,4,4601,373,1,1,1,19,373,16,1,1,allocated
606,1091,normal,0,0,65535_65535,0,1,4601,816,0,1,0,18,0,28,1,1,pre_allocation
606,1091,normal,0,0,65535_65535,0,1,4601,862,1,1,1,19,862,28,1,1,allocated
606,1091,normal,0,0,65535_65535,0,4,4601,373,0,1,0,19,0,16,1,1,pre_allocation
606,1091,normal,0,0,65535_65535,0,4,4601,393,1,1,1,20,393,16,1,1,allocated
606,1091,normal,0,0,65535_65535,0,1,4601,862,0,1,0,19,0,28,1,1,pre_allocation
606,1091,normal,0,0,65535_65535,0,1,4601,907,1,1,1,20,907,28,1,1,allocated
606,1091,normal,0,0,65535_65535,0,4,4601,393,0,1,0,20,0,16,1,1,pre_allocation
606,1091,normal,0,0,65535_65535,0,4,4601,412,1,1,1,21,412,16,1,1,allocated
606,1091,normal,0,0,65535_65535,0,1,4601,907,0,1,0,20,0,28,1,1,pre_allocation
606,1091,normal,0,0,65535_65535,0,1,4601,953,1,1,1,21,953,28,1,1,allocated
606,1091,normal,0,0,65535_65535,0,4,4601,412,0,1,0,21,0,16,1,1,pre_allocation
606,1091,normal,0,0,65535_65535,0,4,4601,432,1,1,1,22,432,16,1,1,allocated
606,1091,normal,0,0,65535_65535,0,1,4601,953,0,1,0,21,0,28,1,1,pre_allocation
606,1091,normal,0,0,65535_65535,0,1,4601,998,1,1,1,22,998,28,1,1,allocated
606,1091,normal,0,0,65535_65535,0,4,4601,432,0,1,0,22,0,16,1,1,pre_allocation
606,1091,normal,0,0,65535_65535,0,4,4601,452,1,1,1,23,452,16,1,1,allocated
606,1091,normal,0,0,65535_65535,0,1,4601,998,0,1,0,22,0,28,1,1,pre_allocation
606,1091,normal,0,0,65535_65535,0,1,4601,1044,1,1,1,23,1044,28,1,1,allocated
606,1091,normal,0,0,65535_65535,0,4,4601,452,0,1,0,23,0,16,1,1,pre_allocation
606,1091,normal,0,0,65535_65535,0,4,4601,472,1,1,1,24,472,16,1,1,allocated
606,1091,normal,0,0,65535_65535,0,1,4601,1044,0,1,0,23,0,28,1,1,pre_allocation
606,1091,normal,0,0,65535_65535,0,1,4601,1089,1,1,1,24,1089,28,1,1,allocated
606,1091,normal,0,0,65535_65535,0,4,4601,472,0,1,0,24,0,16,1,1,pre_allocation
606,1091,normal,0,0,65535_65535,0,4,4601,492,1,1,1,25,492,16,1,1,allocated
606,1091,normal,0,0,65535_65535,0,1,4601,1089,0,1,0,24,0,28,1,1,pre_allocation
606,1091,normal,0,0,65535_65535,0,1,4601,1135,1,1,1,25,1135,28,1,1,allocated
606,1091,normal,0,0,65535_65535,0,4,4601,492,0,1,0,25,0,16,1,1,pre_allocation
606,1091,normal,0,0,65535_65535,0,4,4601,511,1,1,1,26,511,16,1,1,allocated
606,1091,normal,0,0,65535_65535,0,1,4601,1135,0,1,0,25,0,28,1,1,pre_allocation
606,1091,normal,0,0,65535_65535,0,1,4601,1181,1,1,1,26,1181,28,1,1,allocated
606,1091,normal,0,0,65535_65535,0,4,4601,511,0,1,0,26,0,16,1,1,pre_allocation
606,1091,normal,0,0,65535_65535,0,4,4601,531,1,1,1,27,531,16,1,1,allocated
606,1091,normal,0,0,65535_65535,0,1,4601,1181,0,1,0,26,0,28,1,1,pre_allocation
606,1091,normal,0,0,65535_65535,0,1,4601,1226,1,1,1,27,1226,28,1,1,allocated
606,1091,normal,0,0,65535_65535,0,4,4601,531,0,1,0,27,0,16,1,1,pre_allocation
606,1091,normal,0,0,65535_65535,0,4,4601,551,1,1,1,28,551,16,1,1,allocated
606,1091,normal,0,0,65535_65535,0,1,4601,1226,0,1,0,27,0,28,1,1,pre_allocation
606,1091,normal,0,0,65535_65535,0,1,4601,1272,1,1,1,28,1272,28,1,1,allocated
606,1091,normal,0,0,65535_65535,0,4,4601,551,0,1,0,28,0,16,1,1,pre_allocation
606,1091,normal,0,0,65535_65535,0,4,4601,571,1,1,1,29,571,16,1,1,allocated
606,1091,normal,0,0,65535_65535,0,1,4601,1272,0,1,0,28,0,28,1,1,pre_allocation
606,1091,normal,0,0,65535_65535,0,1,4601,1317,1,1,1,29,1317,28,1,1,allocated
606,1091,normal,0,0,65535_65535,0,4,4601,571,0,1,0,29,0,16,1,1,pre_allocation
606,1091,normal,0,0,65535_65535,0,4,4601,591,1,1,1,30,591,16,1,1,allocated
606,1091,normal,0,0,65535_65535,0,1,4601,1317,0,1,0,29,0,28,1,1,pre_allocation
606,1091,normal,0,0,65535_65535,0,1,4601,1363,1,1,1,30,1363,28,1,1,allocated
606,1091,normal,0,0,65535_65535,0,4,4601,591,0,1,0,30,0,16,1,1,pre_allocation
606,1091,normal,0,0,65535_65535,0,4,4601,610,1,1,1,31,610,16,1,1,allocated
606,1091,normal,0,0,65535_65535,0,1,4601,1363,0,1,0,30,0,28,1,1,pre_allocation
606,1091,normal,0,0,65535_65535,0,1,4601,1408,1,1,1,31,1408,28,1,1,allocated
606,1091,normal,0,0,65535_65535,0,4,4601,610,0,1,0,31,0,16,1,1,pre_allocation
606,1091,normal,0,0,65535_65535,0,4,4601,630,1,1,1,32,630,16,1,1,allocated
606,1091,normal,0,0,65535_65535,0,1,4601,1408,0,1,0,31,0,28,1,1,pre_allocation
606,1091,normal,0,0,65535_65535,0,1,4601,1454,1,1,1,32,1454,28,1,1,allocated
606,1091,normal,0,0,65535_65535,0,4,4601,630,0,1,0,32,0,16,1,1,pre_allocation
606,1091,normal,0,0,65535_65535,0,4,4601,650,1,1,1,33,650,16,1,1,allocated
606,1091,normal,0,0,65535_65535,0,1,4601,1454,0,1,0,32,0,28,1,1,pre_allocation
606,1091,normal,0,0,65535_65535,0,1,4601,1499,1,1,1,33,1499,28,1,1,allocated
606,1091,normal,0,0,65535_65535,1,10,13201,0,0,1,0,0,0,15,1,1,pre_allocation
606,1091,normal,0,0,65535_65535,1,10,13201,14,1,1,1,1,14,15,1,1,allocated
606,1091,normal,0,0,65535_65535,1,7,87,0,0,1,0,0,0,28,1,1,pre_allocation
606,1091,normal,0,0,65535_65535,1,7,87,42,1,1,1,1,42,28,1,1,allocated
606,1091,normal,0,0,65535_65535,1,6,87,0,0,1,0,0,0,28,1,1,pre_allocation
606,1091,normal,0,0,65535_65535,1,6,87,42,1,1,1,1,42,28,1,1,allocated
606,1091,normal,0,0,65535_65535,1,8,87,0,0,1,0,0,0,28,1,1,pre_allocation
606,1091,normal,0,0,65535_65535,1,8,87,42,1,1,1,1,42,28,1,1,allocated
606,1091,normal,0,0,65535_65535,1,9,87,0,0,1,0,0,0,28,1,1,pre_allocation
606,1091,normal,0,0,65535_65535,1,9,87,42,1,1,1,1,42,28,1,1,allocated
606,1091,normal,0,0,65535_65535,1,10,13201,14,0,1,0,1,0,15,1,1,pre_allocation
606,1091,normal,0,0,65535_65535,1,10,13201,32,1,1,1,2,32,15,1,1,allocated
606,1091,normal,0,0,65535_65535,1,7,87,42,0,1,0,1,0,28,1,1,pre_allocation
606,1091,normal,0,0,65535_65535,1,7,87,88,1,1,1,2,88,28,1,1,allocated
606,1091,normal,0,0,65535_65535,1,6,87,42,0,1,0,1,0,28,1,1,pre_allocation
606,1091,normal,0,0,65535_65535,1,6,87,88,1,1,1,2,88,28,1,1,allocated
606,1091,normal,0,0,65535_65535,1,8,87,42,0,1,0,1,0,28,1,1,pre_allocation
606,1091,normal,0,0,65535_65535,1,8,87,88,1,1,1,2,88,28,1,1,allocated
606,1091,normal,0,0,65535_65535,1,9,87,42,0,1,0,1,0,28,1,1,pre_allocation
606,1091,normal,0,0,65535_65535,1,9,87,88,1,1,1,2,88,28,1,1,allocated
606,1091,normal,0,0,65535_65535,1,10,13201,32,0,1,0,2,0,15,1,1,pre_allocation
606,1091,normal,0,0,65535_65535,1,10,13201,50,1,1,1,3,50,15,1,1,allocated
606,1091,normal,0,0,65535_65535,1,7,87,88,0,1,0,2,0,28,1,1,pre_allocation
606,1091,normal,0,0,65535_65535,1,7,87,133,1,1,1,3,133,28,1,1,allocated
606,1091,normal,0,0,65535_65535,1,6,87,88,0,1,0,2,0,28,1,1,pre_allocation
606,1091,normal,0,0,65535_65535,1,6,87,133,1,1,1,3,133,28,1,1,allocated
606,1091,normal,0,0,65535_65535,1,8,87,88,0,1,0,2,0,28,1,1,pre_allocation
606,1091,normal,0,0,65535_65535,1,8,87,133,1,1,1,3,133,28,1,1,allocated
606,1091,normal,0,0,65535_65535,1,9,87,88,0,1,0,2,0,28,1,1,pre_allocation
606,1091,normal,0,0,65535_65535,1,9,87,133,1,1,1,3,133,28,1,1,allocated
606,1091,normal,0,0,65535_65535,1,10,13201,50,0,1,0,3,0,15,1,1,pre_allocation
606,1091,normal,0,0,65535_65535,1,10,13201,68,1,1,1,4,68,15,1,1,allocated
606,1091,normal,0,0,65535_65535,1,7,87,133,0,1,0,3,0,28,1,1,pre_allocation
606,1091,normal,0,0,65535_65535,1,7,87,179,1,1,1,4,179,28,1,1,allocated
606,1091,normal,0,0,65535_65535,1,6,87,133,0,1,0,3,0,28,1,1,pre_allocation
606,1091,normal,0,0,65535_65535,1,6,87,179,1,1,1,4,179,28,1,1,allocated
606,1091,normal,0,0,65535_65535,1,8,87,133,0,1,0,3,0,28,1,1,pre_allocation
606,1091,normal,0,0,65535_65535,1,8,87,179,1,1,1,4,179,28,1,1,allocated
606,1091,normal,0,0,65535_65535,1,9,87,133,0,1,0,3,0,28,1,1,pre_allocation
606,1091,normal,0,0,65535_65535,1,9,87,179,1,1,1,4,179,28,1,1,allocated
606,1091,normal,0,0,65535_65535,1,10,13201,68,0,1,0,4,0,15,1,1,pre_allocation
606,1091,normal,0,0,65535_65535,1,10,13201,86,1,1,1,5,86,15,1,1,allocated
606,1091,normal,0,0,65535_65535,1,7,87,179,0,1,0,4,0,28,1,1,pre_allocation
606,1091,normal,0,0,65535_65535,1,7,87,224,1,1,1,5,224,28,1,1,allocated
606,1091,normal,0,0,65535_65535,1,6,87,179,0,1,0,4,0,28,1,1,pre_allocation
606,1091,normal,0,0,65535_65535,1,6,87,224,1,1,1,5,224,28,1,1,allocated
606,1091,normal,0,0,65535_65535,1,8,87,179,0,1,0,4,0,28,1,1,pre_allocation
606,1091,normal,0,0,65535_65535,1,8,87,224,1,1,1,5,224,28,1,1,allocated
606,1091,normal,0,0,65535_65535,1,9,87,179,0,1,0,4,0,28,1,1,pre_allocation
606,1091,normal,0,0,65535_65535,1,9,87,224,1,1,1,5,224,28,1,1,allocated
606,1091,normal,0,0,65535_65535,1,10,13201,86,0,1,0,5,0,15,1,1,pre_allocation
606,1091,normal,0,0,65535_65535,1,10,13201,103,1,1,1,6,103,15,1,1,allocated
606,1091,normal,0,0,65535_65535,1,7,87,224,0,1,0,5,0,28,1,1,pre_allocation
606,1091,normal,0,0,65535_65535,1,7,87,270,1,1,1,6,270,28,1,1,allocated
606,1091,normal,0,0,65535_65535,1,6,87,224,0,1,0,5,0,28,1,1,pre_allocation
606,1091,normal,0,0,65535_65535,1,6,87,270,1,1,1,6,270,28,1,1,allocated
606,1091,normal,0,0,65535_65535,1,8,87,224,0,1,0,5,0,28,1,1,pre_allocation
606,1091,normal,0,0,65535_65535,1,8,87,270,1,1,1,6,270,28,1,1,allocated
606,1091,normal,0,0,65535_65535,1,9,87,224,0,1,0,5,0,28,1,1,pre_allocation
606,1091,normal,0,0,65535_65535,1,9,87,270,1,1,1,6,270,28,1,1,allocated
606,1091,normal,0,0,65535_65535,1,10,13201,103,0,1,0,6,0,15,1,1,pre_allocation
606,1091,normal,0,0,65535_65535,1,10,13201,121,1,1,1,7,121,15,1,1,allocated
606,1091,normal,0,0,65535_65535,1,7,87,270,0,1,0,6,0,28,1,1,pre_allocation
606,1091,normal,0,0,65535_65535,1,7,87,315,1,1,1,7,315,28,1,1,allocated
606,1091,normal,0,0,65535_65535,1,6,87,270,0,1,0,6,0,28,1,1,pre_allocation
606,1091,normal,0,0,65535_65535,1,6,87,315,1,1,1,7,315,28,1,1,allocated
606,1091,normal,0,0,65535_65535,1,8,87,270,0,1,0,6,0,28,1,1,pre_allocation
606,1091,normal,0,0,65535_65535,1,8,87,315,1,1,1,7,315,28,1,1,allocated
606,1091,normal,0,0,65535_65535,1,9,87,270,0,1,0,6,0,28,1,1,pre_allocation
606,1091,normal,0,0,65535_65535,1,9,87,315,1,1,1,7,315,28,1,1,allocated
606,1091,normal,0,0,65535_65535,1,10,13201,121,0,1,0,7,0,15,1,1,pre_allocation
606,1091,normal,0,0,65535_65535,1,10,13201,139,1,1,1,8,139,15,1,1,allocated
606,1091,normal,0,0,65535_65535,1,7,87,315,0,1,0,7,0,28,1,1,pre_allocation
606,1091,normal,0,0,65535_65535,1,7,87,361,1,1,1,8,361,28,1,1,allocated
606,1091,normal,0,0,65535_65535,1,6,87,315,0,1,0,7,0,28,1,1,pre_allocation
606,1091,normal,0,0,65535_65535,1,6,87,361,1,1,1,8,361,28,1,1,allocated
606,1091,normal,0,0,65535_65535,1,8,87,315,0,1,0,7,0,28,1,1,pre_allocation
606,1091,normal,0,0,65535_65535,1,8,87,361,1,1,1,8,361,28,1,1,allocated
606,1091,normal,0,0,65535_65535,1,9,87,315,0,1,0,7,0,28,1,1,pre_allocation
606,1091,normal,0,0,65535_65535,1,9,87,361,1,1,1,8,361,28,1,1,allocated
606,1091,normal,0,0,65535_65535,1,10,13201,139,0,1,0,8,0,15,1,1,pre_allocation
606,1091,normal,0,0,65535_65535,1,10,13201,157,1,1,1,9,157,15,1,1,allocated
606,1091,normal,0,0,65535_65535,1,7,87,361,0,1,0,8,0,28,1,1,pre_allocation
606,1091,normal,0,0,65535_65535,1,7,87,406,1,1,1,9,406,28,1,1,allocated
606,1091,normal,0,0,65535_65535,1,6,87,361,0,1,0,8,0,28,1,1,pre_allocation
606,1091,normal,0,0,65535_65535,1,6,87,406,1,1,1,9,406,28,1,1,allocated
606,1091,normal,0,0,65535_65535,1,8,87,361,0,1,0,8,0,28,1,1,pre_allocation
606,1091,normal,0,0,65535_65535,1,8,87,406,1,1,1,9,406,28,1,1,allocated
606,1091,normal,0,0,65535_65535,1,9,87,361,0,1,0,8,0,28,1,1,pre_allocation
606,1091,normal,0,0,65535_65535,1,9,87,406,1,1,1,9,406,28,1,1,allocated
606,1091,normal,0,0,65535_65535,1,10,13201,157,0,1,0,9,0,15,1,1,pre_allocation
606,1091,normal,0,0,65535_65535,1,10,13201,175,1,1,1,10,175,15,1,1,allocated
606,1091,normal,0,0,65535_65535,1,7,87,406,0,1,0,9,0,28,1,1,pre_allocation
606,1091,normal,0,0,65535_65535,1,7,87,452,1,1,1,10,452,28,1,1,allocated
606,1091,normal,0,0,65535_65535,1,6,87,406,0,1,0,9,0,28,1,1,pre_allocation
606,1091,normal,0,0,65535_65535,1,6,87,452,1,1,1,10,452,28,1,1,allocated
606,1091,normal,0,0,65535_65535,1,8,87,406,0,1,0,9,0,28,1,1,pre_allocation
606,1091,normal,0,0,65535_65535,1,8,87,452,1,1,1,10,452,28,1,1,allocated
606,1091,normal,0,0,65535_65535,1,9,87,406,0,1,0,9,0,28,1,1,pre_allocation
606,1091,normal,0,0,65535_65535,1,9,87,452,1,1,1,10,452,28,1,1,allocated
606,1091,normal,0,0,65535_65535,1,10,13201,175,0,1,0,10,0,15,1,1,pre_allocation
606,1091,normal,0,0,65535_65535,1,10,13201,193,1,1,1,11,193,15,1,1,allocated
606,1091,normal,0,0,65535_65535,1,7,87,452,0,1,0,10,0,28,1,1,pre_allocation
606,1091,normal,0,0,65535_65535,1,7,87,497,1,1,1,11,497,28,1,1,allocated
606,1091,normal,0,0,65535_65535,1,6,87,452,0,1,0,10,0,28,1,1,pre_allocation
606,1091,normal,0,0,65535_65535,1,6,87,497,1,1,1,11,497,28,1,1,allocated
606,1091,normal,0,0,65535_65535,1,8,87,452,0,1,0,10,0,28,1,1,pre_allocation
606,1091,normal,0,0,65535_65535,1,8,87,497,1,1,1,11,497,28,1,1,allocated
606,1091,normal,0,0,65535_65535,1,9,87,452,0,1,0,10,0,28,1,1,pre_allocation
606,1091,normal,0,0,65535_65535,1,9,87,497,1,1,1,11,497,28,1,1,allocated
606,1091,normal,0,0,65535_65535,1,10,13201,193,0,1,0,11,0,15,1,1,pre_allocation
606,1091,normal,0,0,65535_65535,1,10,13201,210,1,1,1,12,210,15,1,1,allocated
606,1091,normal,0,0,65535_65535,1,7,87,497,0,1,0,11,0,28,1,1,pre_allocation
606,1091,normal,0,0,65535_65535,1,7,87,543,1,1,1,12,543,28,1,1,allocated
606,1091,normal,0,0,65535_65535,1,6,87,497,0,1,0,11,0,28,1,1,pre_allocation
606,1091,normal,0,0,65535_65535,1,6,87,543,1,1,1,12,543,28,1,1,allocated
606,1091,normal,0,0,65535_65535,1,8,87,497,0,1,0,11,0,28,1,1,pre_allocation
606,1091,normal,0,0,65535_65535,1,8,87,543,1,1,1,12,543,28,1,1,allocated
606,1091,normal,0,0,65535_65535,1,9,87,497,0,1,0,11,0,28,1,1,pre_allocation
606,1091,normal,0,0,65535_65535,1,9,87,543,1,1,1,12,543,28,1,1,allocated
606,1091,normal,0,0,65535_65535,1,10,13201,210,0,1,0,12,0,15,1,1,pre_allocation
606,1091,normal,0,0,65535_65535,1,10,13201,228,1,1,1,13,228,15,1,1,allocated
606,1091,normal,0,0,65535_65535,1,7,87,543,0,1,0,12,0,28,1,1,pre_allocation
606,1091,normal,0,0,65535_65535,1,7,87,589,1,1,1,13,589,28,1,1,allocated
606,1091,normal,0,0,65535_65535,1,6,87,543,0,1,0,12,0,28,1,1,pre_allocation
606,1091,normal,0,0,65535_65535,1,6,87,589,1,1,1,13,589,28,1,1,allocated
606,1091,normal,0,0,65535_65535,1,8,87,543,0,1,0,12,0,28,1,1,pre_allocation
606,1091,normal,0,0,65535_65535,1,8,87,589,1,1,1,13,589,28,1,1,allocated
606,1091,normal,0,0,65535_65535,1,9,87,543,0,1,0,12,0,28,1,1,pre_allocation
606,1091,normal,0,0,65535_65535,1,9,87,589,1,1,1,13,589,28,1,1,allocated
606,1091,normal,0,0,65535_65535,1,10,13201,228,0,1,0,13,0,15,1,1,pre_allocation
606,1091,normal,0,0,65535_65535,1,10,13201,246,1,1,1,14,246,15,1,1,allocated
606,1091,normal,0,0,65535_65535,1,7,87,589,0,1,0,13,0,28,1,1,pre_allocation
606,1091,normal,0,0,65535_65535,1,7,87,634,1,1,1,14,634,28,1,1,allocated
606,1091,normal,0,0,65535_65535,1,6,87,589,0,1,0,13,0,28,1,1,pre_allocation
606,1091,normal,0,0,65535_65535,1,6,87,634,1,1,1,14,634,28,1,1,allocated
606,1091,normal,0,0,65535_65535,1,8,87,589,0,1,0,13,0,28,1,1,pre_allocation
606,1091,normal,0,0,65535_65535,1,8,87,634,1,1,1,14,634,28,1,1,allocated
606,1091,normal,0,0,65535_65535,1,9,87,589,0,1,0,13,0,28,1,1,pre_allocation
606,1091,normal,0,0,65535_65535,1,9,87,634,1,1,1,14,634,28,1,1,allocated
606,1091,normal,0,0,65535_65535,1,10,13201,246,0,1,0,14,0,15,1,1,pre_allocation
606,1091,normal,0,0,65535_65535,1,10,13201,264,1,1,1,15,264,15,1,1,allocated
606,1091,normal,0,0,65535_65535,1,7,87,634,0,1,0,14,0,28,1,1,pre_allocation
606,1091,normal,0,0,65535_65535,1,7,87,680,1,1,1,15,680,28,1,1,allocated
606,1091,normal,0,0,65535_65535,1,6,87,634,0,1,0,14,0,28,1,1,pre_allocation
606,1091,normal,0,0,65535_65535,1,6,87,680,1,1,1,15,680,28,1,1,allocated
606,1091,normal,0,0,65535_65535,1,8,87,634,0,1,0,14,0,28,1,1,pre_allocation
606,1091,normal,0,0,65535_65535,1,8,87,680,1,1,1,15,680,28,1,1,allocated
606,1091,normal,0,0,65535_65535,1,9,87,634,0,1,0,14,0,28,1,1,pre_allocation
606,1091,normal,0,0,65535_65535,1,9,87,680,1,1,1,15,680,28,1,1,allocated
606,1091,normal,0,0,65535_65535,1,10,13201,264,0,1,0,15,0,15,1,1,pre_allocation
606,1091,normal,0,0,65535_65535,1,10,13201,282,1,1,1,16,282,15,1,1,allocated
606,1091,normal,0,0,65535_65535,1,7,87,680,0,1,0,15,0,28,1,1,pre_allocation
606,1091,normal,0,0,65535_65535,1,7,87,725,1,1,1,16,725,28,1,1,allocated
606,1091,normal,0,0,65535_65535,1,6,87,680,0,1,0,15,0,28,1,1,pre_allocation
606,1091,normal,0,0,65535_65535,1,6,87,725,1,1,1,16,725,28,1,1,allocated
606,1091,normal,0,0,65535_65535,1,8,87,680,0,1,0,15,0,28,1,1,pre_allocation
606,1091,normal,0,0,65535_65535,1,8,87,725,1,1,1,16,725,28,1,1,allocated
606,1091,normal,0,0,65535_65535,1,9,87,680,0,1,0,15,0,28,1,1,pre_allocation
606,1091,normal,0,0,65535_65535,1,9,87,725,1,1,1,16,725,28,1,1,allocated
606,1091,normal,0,0,65535_65535,1,10,13201,282,0,1,0,16,0,15,1,1,pre_allocation
606,1091,normal,0,0,65535_65535,1,10,13201,299,1,1,1,17,299,15,1,1,allocated
606,1091,normal,0,0,65535_65535,1,7,87,725,0,1,0,16,0,28,1,1,pre_allocation
606,1091,normal,0,0,65535_65535,1,7,87,771,1,1,1,17,771,28,1,1,allocated
606,1091,normal,0,0,65535_65535,1,6,87,725,0,1,0,16,0,28,1,1,pre_allocation
606,1091,normal,0,0,65535_65535,1,6,87,771,1,1,1,17,771,28,1,1,allocated
606,1091,normal,0,0,65535_65535,1,8,87,725,0,1,0,16,0,28,1,1,pre_allocation
606,1091,normal,0,0,65535_65535,1,8,87,771,1,1,1,17,771,28,1,1,allocated
606,1091,normal,0,0,65535_65535,1,9,87,725,0,1,0,16,0,28,1,1,pre_allocation
606,1091,normal,0,0,65535_65535,1,9,87,771,1,1,1,17,771,28,1,1,allocated
606,1091,normal,0,0,65535_65535,1,10,13201,299,0,1,0,17,0,15,1,1,pre_allocation
606,1091,normal,0,0,65535_65535,1,10,13201,317,1,1,1,18,317,15,1,1,allocated
606,1091,normal,0,0,65535_65535,1,7,87,771,0,1,0,17,0,28,1,1,pre_allocation
606,1091,normal,0,0,65535_65535,1,7,87,816,1,1,1,18,816,28,1,1,allocated
606,1091,normal,0,0,65535_65535,1,6,87,771,0,1,0,17,0,28,1,1,pre_allocation
606,1091,normal,0,0,65535_65535,1,6,87,816,1,1,1,18,816,28,1,1,allocated
606,1091,normal,0,0,65535_65535,1,8,87,771,0,1,0,17,0,28,1,1,pre_allocation
606,1091,normal,0,0,65535_65535,1,8,87,816,1,1,1,18,816,28,1,1,allocated
606,1091,normal,0,0,65535_65535,1,9,87,771,0,1,0,17,0,28,1,1,pre_allocation
606,1091,normal,0,0,65535_65535,1,9,87,816,1,1,1,18,816,28,1,1,allocated
606,1091,normal,0,0,65535_65535,1,10,13201,317,0,1,0,18,0,15,1,1,pre_allocation
606,1091,normal,0,0,65535_65535,1,10,13201,335,1,1,1,19,335,15,1,1,allocated
606,1091,normal,0,0,65535_65535,1,7,87,816,0,1,0,18,0,28,1,1,pre_allocation
606,1091,normal,0,0,65535_65535,1,7,87,862,1,1,1,19,862,28,1,1,allocated
606,1091,normal,0,0,65535_65535,1,6,87,816,0,1,0,18,0,28,1,1,pre_allocation
606,1091,normal,0,0,65535_65535,1,6,87,862,1,1,1,19,862,28,1,1,allocated
606,1091,normal,0,0,65535_65535,1,8,87,816,0,1,0,18,0,28,1,1,pre_allocation
606,1091,normal,0,0,65535_65535,1,8,87,862,1,1,1,19,862,28,1,1,allocated
606,1091,normal,0,0,65535_65535,1,9,87,816,0,1,0,18,0,28,1,1,pre_allocation
606,1091,normal,0,0,65535_65535,1,9,87,862,1,1,1,19,862,28,1,1,allocated
606,1091,normal,0,0,65535_65535,1,10,13201,335,0,1,0,19,0,15,1,1,pre_allocation
606,1091,normal,0,0,65535_65535,1,10,13201,353,1,1,1,20,353,15,1,1,allocated
606,1091,normal,0,0,65535_65535,1,7,87,862,0,1,0,19,0,28,1,1,pre_allocation
606,1091,normal,0,0,65535_65535,1,7,87,907,1,1,1,20,907,28,1,1,allocated
606,1091,normal,0,0,65535_65535,1,6,87,862,0,1,0,19,0,28,1,1,pre_allocation
606,1091,normal,0,0,65535_65535,1,6,87,907,1,1,1,20,907,28,1,1,allocated
606,1091,normal,0,0,65535_65535,1,8,87,862,0,1,0,19,0,28,1,1,pre_allocation
606,1091,normal,0,0,65535_65535,1,8,87,907,1,1,1,20,907,28,1,1,allocated
606,1091,normal,0,0,65535_65535,1,9,87,862,0,1,0,19,0,28,1,1,pre_allocation
606,1091,normal,0,0,65535_65535,1,9,87,907,1,1,1,20,907,28,1,1,allocated
606,1091,normal,0,0,65535_65535,1,10,13201,353,0,1,0,20,0,15,1,1,pre_allocation
606,1091,normal,0,0,65535_65535,1,10,13201,371,1,1,1,21,371,15,1,1,allocated
606,1091,normal,0,0,65535_65535,1,7,87,907,0,1,0,20,0,28,1,1,pre_allocation
606,1091,normal,0,0,65535_65535,1,7,87,953,1,1,1,21,953,28,1,1,allocated
606,1091,normal,0,0,65535_65535,1,6,87,907,0,1,0,20,0,28,1,1,pre_allocation
606,1091,normal,0,0,65535_65535,1,6,87,953,1,1,1,21,953,28,1,1,allocated
606,1091,normal,0,0,65535_65535,1,8,87,907,0,1,0,20,0,28,1,1,pre_allocation
606,1091,normal,0,0,65535_65535,1,8,87,953,1,1,1,21,953,28,1,1,allocated
606,1091,normal,0,0,65535_65535,1,9,87,907,0,1,0,20,0,28,1,1,pre_allocation
606,1091,normal,0,0,65535_65535,1,9,87,953,1,1,1,21,953,28,1,1,allocated
606,1091,normal,0,0,65535_65535,1,10,13201,371,0,1,0,21,0,15,1,1,pre_allocation
606,1091,normal,0,0,65535_65535,1,10,13201,389,1,1,1,22,389,15,1,1,allocated
606,1091,normal,0,0,65535_65535,1,7,87,953,0,1,0,21,0,28,1,1,pre_allocation
606,1091,normal,0,0,65535_65535,1,7,87,998,1,1,1,22,998,28,1,1,allocated
606,1091,normal,0,0,65535_65535,1,6,87,953,0,1,0,21,0,28,1,1,pre_allocation
606,1091,normal,0,0,65535_65535,1,6,87,998,1,1,1,22,998,28,1,1,allocated
606,1091,normal,0,0,65535_65535,1,8,87,953,0,1,0,21,0,28,1,1,pre_allocation
606,1091,normal,0,0,65535_65535,1,8,87,998,1,1,1,22,998,28,1,1,allocated
606,1091,normal,0,0,65535_65535,1,9,87,953,0,1,0,21,0,28,1,1,pre_allocation
606,1091,normal,0,0,65535_65535,1,9,87,998,1,1,1,22,998,28,1,1,allocated
606,1091,normal,0,0,65535_65535,1,10,13201,389,0,1,0,22,0,15,1,1,pre_allocation
606,1091,normal,0,0,65535_65535,1,10,13201,406,1,1,1,23,406,15,1,1,allocated
606,1091,normal,0,0,65535_65535,2,25,137,0,0,1,0,0,0,15,1,1,pre_allocation
606,1091,normal,0,0,65535_65535,2,25,137,14,1,1,1,1,14,15,1,1,allocated
606,1091,normal,0,0,65535_65535,2,11,137,0,0,1,0,0,0,26,1,1,pre_allocation
606,1091,normal,0,0,65535_65535,2,11,137,39,1,1,1,1,39,26,1,1,allocated
606,1091,normal,0,0,65535_65535,2,21,137,0,0,1,0,0,0,15,1,1,pre_allocation
606,1091,normal,0,0,65535_65535,2,21,137,14,1,1,1,1,14,15,1,1,allocated
606,1091,normal,0,0,65535_65535,2,27,137,0,0,1,0,0,0,28,1,1,pre_allocation
606,1091,normal,0,0,65535_65535,2,27,137,42,1,1,1,1,42,28,1,1,allocated
606,1091,normal,0,0,65535_65535,2,26,137,0,0,1,0,0,0,28,1,1,pre_allocation
606,1091,normal,0,0,65535_65535,2,26,137,42,1,1,1,1,42,28,1,1,allocated
606,1091,normal,0,0,65535_65535,2,12,137,0,0,1,0,0,0,28,1,1,pre_allocation
606,1091,normal,0,0,65535_65535,2,12,137,42,1,1,1,1,42,28,1,1,allocated
606,1091,normal,0,0,65535_65535,2,22,137,0,0,1,0,0,0,15,1,1,pre_allocation
606,1091,normal,0,0,65535_65535,2,22,137,14,1,1,1,1,14,15,1,1,allocated
606,1091,normal,0,0,65535_65535,2,25,137,14,0,1,0,1,0,15,1,1,pre_allocation
606,1091,normal,0,0,65535_65535,2,25,137,32,1,1,1,2,32,15,1,1,allocated
606,1091,normal,0,0,65535_65535,2,11,137,39,0,1,0,1,0,26,1,1,pre_allocation
606,1091,normal,0,0,65535_65535,2,11,137,81,1,1,1,2,81,26,1,1,allocated
606,1091,normal,0,0,65535_65535,2,21,137,14,0,1,0,1,0,15,1,1,pre_allocation
606,1091,normal,0,0,65535_65535,2,21,137,32,1,1,1,2,32,15,1,1,allocated
606,1091,normal,0,0,65535_65535,2,27,137,42,0,1,0,1,0,28,1,1,pre_allocation
606,1091,normal,0,0,65535_65535,2,27,137,88,1,1,1,2,88,28,1,1,allocated
606,1091,normal,0,0,65535_65535,2,26,137,42,0,1,0,1,0,28,1,1,pre_allocation
606,1091,normal,0,0,65535_65535,2,26,137,88,1,1,1,2,88,28,1,1,allocated
606,1091,normal,0,0,65535_65535,2,12,137,42,0,1,0,1,0,28,1,1,pre_allocation
606,1091,normal,0,0,65535_65535,2,12,137,88,1,1,1,2,88,28,1,1,allocated
606,1091,normal,0,0,65535_65535,2,22,137,14,0,1,0,1,0,15,1,1,pre_allocation
606,1091,normal,0,0,65535_65535,2,22,137,32,1,1,1,2,32,15,1,1,allocated
606,1091,normal,0,0,65535_65535,2,25,137,32,0,1,0,2,0,15,1,1,pre_allocation
606,1091,normal,0,0,65535_65535,2,25,137,50,1,1,1,3,50,15,1,1,allocated
606,1091,normal,0,0,65535_65535,2,11,137,81,0,1,0,2,0,26,1,1,pre_allocation
606,1091,normal,0,0,65535_65535,2,11,137,123,1,1,1,3,123,26,1,1,allocated
606,1091,normal,0,0,65535_65535,2,21,137,32,0,1,0,2,0,15,1,1,pre_allocation
606,1091,normal,0,0,65535_65535,2,21,137,50,1,1,1,3,50,15,1,1,allocated
606,1091,normal,0,0,65535_65535,2,27,137,88,0,1,0,2,0,28,1,1,pre_allocation
606,1091,normal,0,0,65535_65535,2,27,137,133,1,1,1,3,133,28,1,1,allocated
606,1091,normal,0,0,65535_65535,2,26,137,88,0,1,0,2,0,28,1,1,pre_allocation
606,1091,normal,0,0,65535_65535,2,26,137,133,1,1,1,3,133,28,1,1,allocated
606,1091,normal,0,0,65535_65535,2,12,137,88,0,1,0,2,0,28,1,1,pre_allocation
606,1091,normal,0,0,65535_65535,2,12,137,133,1,1,1,3,133,28,1,1,allocated
606,1091,normal,0,0,65535_65535,2,22,137,32,0,1,0,2,0,15,1,1,pre_allocation
606,1091,normal,0,0,65535_65535,2,22,137,50,1,1,1,3,50,15,1,1,allocated
606,1091,normal,0,0,65535_65535,2,25,137,50,0,1,0,3,0,15,1,1,pre_allocation
606,1091,normal,0,0,65535_65535,2,25,137,68,1,1,1,4,68,15,1,1,allocated
606,1091,normal,0,0,65535_65535,2,11,137,123,0,1,0,3,0,26,1,1,pre_allocation
606,1091,normal,0,0,65535_65535,2,11,137,165,1,1,1,4,165,26,1,1,allocated
606,1091,normal,0,0,65535_65535,2,21,137,50,0,1,0,3,0,15,1,1,pre_allocation
606,1091,normal,0,0,65535_65535,2,21,137,68,1,1,1,4,68,15,1,1,allocated
606,1091,normal,0,0,65535_65535,2,27,137,133,0,1,0,3,0,28,1,1,pre_allocation
606,1091,normal,0,0,65535_65535,2,27,137,179,1,1,1,4,179,28,1,1,allocated
606,1091,normal,0,0,65535_65535,2,26,137,133,0,1,0,3,0,28,1,1,pre_allocation
606,1091,normal,0,0,65535_65535,2,26,137,179,1,1,1,4,179,28,1,1,allocated
606,1091,normal,0,0,65535_65535,2,12,137,133,0,1,0,3,0,28,1,1,pre_allocation
606,1091,normal,0,0,65535_65535,2,12,137,179,1,1,1,4,179,28,1,1,allocated
606,1091,normal,0,0,65535_65535,2,22,137,50,0,1,0,3,0,15,1,1,pre_allocation
606,1091,normal,0,0,65535_65535,2,22,137,68,1,1,1,4,68,15,1,1,allocated
606,1091,normal,0,0,65535_65535,2,25,137,68,0,1,0,4,0,15,1,1,pre_allocation
606,1091,normal,0,0,65535_65535,2,25,137,86,1,1,1,5,86,15,1,1,allocated
606,1091,normal,0,0,65535_65535,2,11,137,165,0,1,0,4,0,26,1,1,pre_allocation
606,1091,normal,0,0,65535_65535,2,11,137,207,1,1,1,5,207,26,1,1,allocated
606,1091,normal,0,0,65535_65535,2,21,137,68,0,1,0,4,0,15,1,1,pre_allocation
606,1091,normal,0,0,65535_65535,2,21,137,86,1,1,1,5,86,15,1,1,allocated
606,1091,normal,0,0,65535_65535,2,27,137,179,0,1,0,4,0,28,1,1,pre_allocation
606,1091,normal,0,0,65535_65535,2,27,137,224,1,1,1,5,224,28,1,1,allocated
606,1091,normal,0,0,65535_65535,2,26,137,179,0,1,0,4,0,28,1,1,pre_allocation
606,1091,normal,0,0,65535_65535,2,26,137,224,1,1,1,5,224,28,1,1,allocated
606,1091,normal,0,0,65535_65535,2,12,137,179,0,1,0,4,0,28,1,1,pre_allocation
606,1091,normal,0,0,65535_65535,2,12,137,224,1,1,1,5,224,28,1,1,allocated
606,1091,normal,0,0,65535_65535,2,22,137,68,0,1,0,4,0,15,1,1,pre_allocation
606,1091,normal,0,0,65535_65535,2,22,137,86,1,1,1,5,86,15,1,1,allocated
606,1091,normal,0,0,65535_65535,2,25,137,86,0,1,0,5,0,15,1,1,pre_allocation
606,1091,normal,0,0,65535_65535,2,25,137,103,1,1,1,6,103,15,1,1,allocated
606,1091,normal,0,0,65535_65535,2,11,137,207,0,1,0,5,0,26,1,1,pre_allocation
606,1091,normal,0,0,65535_65535,2,11,137,249,1,1,1,6,249,26,1,1,allocated
606,1091,normal,0,0,65535_65535,2,21,137,86,0,1,0,5,0,15,1,1,pre_allocation
606,1091,normal,0,0,65535_65535,2,21,137,103,1,1,1,6,103,15,1,1,allocated
606,1091,normal,0,0,65535_65535,2,27,137,224,0,1,0,5,0,28,1,1,pre_allocation
606,1091,normal,0,0,65535_65535,2,27,137,270,1,1,1,6,270,28,1,1,allocated
606,1091,normal,0,0,65535_65535,2,26,137,224,0,1,0,5,0,28,1,1,pre_allocation
606,1091,normal,0,0,65535_65535,2,26,137,270,1,1,1,6,270,28,1,1,allocated
606,1091,normal,0,0,65535_65535,2,12,137,224,0,1,0,5,0,28,1,1,pre_allocation
606,1091,normal,0,0,65535_65535,2,12,137,270,1,1,1,6,270,28,1,1,allocated
606,1091,normal,0,0,65535_65535,2,22,137,86,0,1,0,5,0,15,1,1,pre_allocation
606,1091,normal,0,0,65535_65535,2,22,137,103,1,1,1,6,103,15,1,1,allocated
606,1091,normal,0,0,65535_65535,2,25,137,103,0,1,0,6,0,15,1,1,pre_allocation
606,1091,normal,0,0,65535_65535,2,25,137,121,1,1,1,7,121,15,1,1,allocated
606,1091,normal,0,0,65535_65535,2,11,137,249,0,1,0,6,0,26,1,1,pre_allocation
606,1091,normal,0,0,65535_65535,2,11,137,291,1,1,1,7,291,26,1,1,allocated
606,1091,normal,0,0,65535_65535,2,21,137,103,0,1,0,6,0,15,1,1,pre_allocation
606,1091,normal,0,0,65535_65535,2,21,137,121,1,1,1,7,121,15,1,1,allocated
606,1091,normal,0,0,65535_65535,2,27,137,270,0,1,0,6,0,28,1,1,pre_allocation
606,1091,normal,0,0,65535_65535,2,27,137,315,1,1,1,7,315,28,1,1,allocated
606,1091,normal,0,0,65535_65535,2,26,137,270,0,1,0,6,0,28,1,1,pre_allocation
606,1091,normal,0,0,65535_65535,2,26,137,315,1,1,1,7,315,28,1,1,allocated
606,1091,normal,0,0,65535_65535,2,12,137,270,0,1,0,6,0,28,1,1,pre_allocation
606,1091,normal,0,0,65535_65535,2,12,137,315,1,1,1,7,315,28,1,1,allocated
606,1091,normal,0,0,65535_65535,2,22,137,103,0,1,0,6,0,15,1,1,pre_allocation
606,1091,normal,0,0,65535_65535,2,22,137,121,1,1,1,7,121,15,1,1,allocated
606,1091,normal,0,0,65535_65535,2,25,137,121,0,1,0,7,0,15,1,1,pre_allocation
606,1091,normal,0,0,65535_65535,2,25,137,139,1,1,1,8,139,15,1,1,allocated
606,1091,normal,0,0,65535_65535,2,11,137,291,0,1,0,7,0,26,1,1,pre_allocation
606,1091,normal,0,0,65535_65535,2,11,137,333,1,1,1,8,333,26,1,1,allocated
606,1091,normal,0,0,65535_65535,2,21,137,121,0,1,0,7,0,15,1,1,pre_allocation
606,1091,normal,0,0,65535_65535,2,21,137,139,1,1,1,8,139,15,1,1,allocated
606,1091,normal,0,0,65535_65535,2,27,137,315,0,1,0,7,0,28,1,1,pre_allocation
606,1091,normal,0,0,65535_65535,2,27,137,361,1,1,1,8,361,28,1,1,allocated
606,1091,normal,0,0,65535_65535,2,26,137,315,0,1,0,7,0,28,1,1,pre_allocation
606,1091,normal,0,0,65535_65535,2,26,137,361,1,1,1,8,361,28,1,1,allocated
606,1091,normal,0,0,65535_65535,2,12,137,315,0,1,0,7,0,28,1,1,pre_allocation
606,1091,normal,0,0,65535_65535,2,12,137,361,1,1,1,8,361,28,1,1,allocated
606,1091,normal,0,0,65535_65535,2,22,137,121,0,1,0,7,0,15,1,1,pre_allocation
606,1091,normal,0,0,65535_65535,2,22,137,139,1,1,1,8,139,15,1,1,allocated
606,1091,normal,0,0,65535_65535,2,25,137,139,0,1,0,8,0,15,1,1,pre_allocation
606,1091,normal,0,0,65535_65535,2,25,137,157,1,1,1,9,157,15,1,1,allocated
606,1091,normal,0,0,65535_65535,2,11,137,333,0,1,0,8,0,26,1,1,pre_allocation
606,1091,normal,0,0,65535_65535,2,11,137,375,1,1,1,9,375,26,1,1,allocated
606,1091,normal,0,0,65535_65535,2,21,137,139,0,1,0,8,0,15,1,1,pre_allocation
606,1091,normal,0,0,65535_65535,2,21,137,157,1,1,1,9,157,15,1,1,allocated
606,1091,normal,0,0,65535_65535,2,27,137,361,0,1,0,8,0,28,1,1,pre_allocation
606,1091,normal,0,0,65535_65535,2,27,137,406,1,1,1,9,406,28,1,1,allocated
606,1091,normal,0,0,65535_65535,2,26,137,361,0,1,0,8,0,28,1,1,pre_allocation
606,1091,normal,0,0,65535_65535,2,26,137,406,1,1,1,9,406,28,1,1,allocated
606,1091,normal,0,0,65535_65535,2,12,137,361,0,1,0,8,0,28,1,1,pre_allocation
606,1091,normal,0,0,65535_65535,2,12,137,406,1,1,1,9,406,28,1,1,allocated
606,1091,normal,0,0,65535_65535,2,22,137,139,0,1,0,8,0,15,1,1,pre_allocation
606,1091,normal,0,0,65535_65535,2,22,137,157,1,1,1,9,157,15,1,1,allocated
606,1091,normal,0,0,65535_65535,2,25,137,157,0,1,0,9,0,15,1,1,pre_allocation
606,1091,normal,0,0,65535_65535,2,25,137,175,1,1,1,10,175,15,1,1,allocated
606,1091,normal,0,0,65535_65535,2,11,137,375,0,1,0,9,0,26,1,1,pre_allocation
606,1091,normal,0,0,65535_65535,2,11,137,417,1,1,1,10,417,26,1,1,allocated
606,1091,normal,0,0,65535_65535,2,21,137,157,0,1,0,9,0,15,1,1,pre_allocation
606,1091,normal,0,0,65535_65535,2,21,137,175,1,1,1,10,175,15,1,1,allocated
606,1091,normal,0,0,65535_65535,2,27,137,406,0,1,0,9,0,28,1,1,pre_allocation
606,1091,normal,0,0,65535_65535,2,27,137,452,1,1,1,10,452,28,1,1,allocated
606,1091,normal,0,0,65535_65535,2,26,137,406,0,1,0,9,0,28,1,1,pre_allocation
606,1091,normal,0,0,65535_65535,2,26,137,452,1,1,1,10,452,28,1,1,allocated
606,1091,normal,0,0,65535_65535,2,12,137,406,0,1,0,9,0,28,1,1,pre_allocation
606,1091,normal,0,0,65535_65535,2,12,137,452,1,1,1,10,452,28,1,1,allocated
606,1091,normal,0,0,65535_65535,2,22,137,157,0,1,0,9,0,15,1,1,pre_allocation
606,1091,normal,0,0,65535_65535,2,22,137,175,1,1,1,10,175,15,1,1,allocated
606,1091,normal,0,0,65535_65535,2,25,137,175,0,1,0,10,0,15,1,1,pre_allocation
606,1091,normal,0,0,65535_65535,2,25,137,193,1,1,1,11,193,15,1,1,allocated
606,1091,normal,0,0,65535_65535,2,11,137,417,0,1,0,10,0,26,1,1,pre_allocation
606,1091,normal,0,0,65535_65535,2,11,137,459,1,1,1,11,459,26,1,1,allocated
606,1091,normal,0,0,65535_65535,2,21,137,175,0,1,0,10,0,15,1,1,pre_allocation
606,1091,normal,0,0,65535_65535,2,21,137,193,1,1,1,11,193,15,1,1,allocated
606,1091,normal,0,0,65535_65535,2,27,137,452,0,1,0,10,0,28,1,1,pre_allocation
606,1091,normal,0,0,65535_65535,2,27,137,497,1,1,1,11,497,28,1,1,allocated
606,1091,normal,0,0,65535_65535,2,26,137,452,0,1,0,10,0,28,1,1,pre_allocation
606,1091,normal,0,0,65535_65535,2,26,137,497,1,1,1,11,497,28,1,1,allocated
606,1091,normal,0,0,65535_65535,2,12,137,452,0,1,0,10,0,28,1,1,pre_allocation
606,1091,normal,0,0,65535_65535,2,12,137,497,1,1,1,11,497,28,1,1,allocated
606,1091,normal,0,0,65535_65535,2,22,137,175,0,1,0,10,0,15,1,1,pre_allocation
606,1091,normal,0,0,65535_65535,2,22,137,193,1,1,1,11,193,15,1,1,allocated
606,1091,normal,0,0,65535_65535,2,25,137,193,0,1,0,11,0,15,1,1,pre_allocation
606,1091,normal,0,0,65535_65535,2,25,137,210,1,1,1,12,210,15,1,1,allocated
606,1091,normal,0,0,65535_65535,2,11,137,459,0,1,0,11,0,26,1,1,pre_allocation
606,1091,normal,0,0,65535_65535,2,11,137,501,1,1,1,12,501,26,1,1,allocated
606,1091,normal,0,0,65535_65535,2,21,137,193,0,1,0,11,0,15,1,1,pre_allocation
606,1091,normal,0,0,65535_65535,2,21,137,210,1,1,1,12,210,15,1,1,allocated
606,1091,normal,0,0,65535_65535,2,27,137,497,0,1,0,11,0,28,1,1,pre_allocation
606,1091,normal,0,0,65535_65535,2,27,137,543,1,1,1,12,543,28,1,1,allocated
606,1091,normal,0,0,65535_65535,2,26,137,497,0,1,0,11,0,28,1,1,pre_allocation
606,1091,normal,0,0,65535_65535,2,26,137,543,1,1,1,12,543,28,1,1,allocated
606,1091,normal,0,0,65535_65535,2,12,137,497,0,1,0,11,0,28,1,1,pre_allocation
606,1091,normal,0,0,65535_65535,2,12,137,543,1,1,1,12,543,28,1,1,allocated
606,1091,normal,0,0,65535_65535,2,22,137,193,0,1,0,11,0,15,1,1,pre_allocation
606,1091,normal,0,0,65535_65535,2,22,137,210,1,1,1,12,210,15,1,1,allocated
606,1091,normal,0,0,65535_65535,2,25,137,210,0,1,0,12,0,15,1,1,pre_allocation
606,1091,normal,0,0,65535_65535,2,25,137,228,1,1,1,13,228,15,1,1,allocated
606,1091,normal,0,0,65535_65535,2,11,137,501,0,1,0,12,0,26,1,1,pre_allocation
606,1091,normal,0,0,65535_65535,2,11,137,543,1,1,1,13,543,26,1,1,allocated
606,1091,normal,0,0,65535_65535,2,21,137,210,0,1,0,12,0,15,1,1,pre_allocation
606,1091,normal,0,0,65535_65535,2,21,137,228,1,1,1,13,228,15,1,1,allocated
606,1091,normal,0,0,65535_65535,2,27,137,543,0,1,0,12,0,28,1,1,pre_allocation
606,1091,normal,0,0,65535_65535,2,27,137,589,1,1,1,13,589,28,1,1,allocated
606,1091,normal,0,0,65535_65535,2,26,137,543,0,1,0,12,0,28,1,1,pre_allocation
606,1091,normal,0,0,65535_65535,2,26,137,589,1,1,1,13,589,28,1,1,allocated
718,1189,normal,0,0,65535_65535,0,3,1203282,0,0,1,0,0,0,15,1,1,pre_allocation
718,1189,normal,0,0,65535_65535,0,3,1203282,14,1,1,1,1,14,15,1,1,allocated
718,1189,normal,0,0,65535_65535,0,5,1160020,0,0,1,0,0,0,15,1,1,pre_allocation
718,1189,normal,0,0,65535_65535,0,5,1160020,14,1,1,1,1,14,15,1,1,allocated
718,1189,normal,0,0,65535_65535,0,2,1137306,0,0,1,0,0,0,15,1,1,pre_allocation
718,1189,normal,0,0,65535_65535,0,2,1137306,14,1,1,1,1,14,15,1,1,allocated
718,1189,normal,0,0,65535_65535,0,4,3069,0,0,1,0,0,0,16,1,1,pre_allocation
718,1189,normal,0,0,65535_65535,0,4,3069,16,1,1,1,1,16,16,1,1,allocated
718,1189,normal,0,0,65535_65535,0,1,3069,0,0,1,0,0,0,28,1,1,pre_allocation
718,1189,normal,0,0,65535_65535,0,1,3069,42,1,1,1,1,42,28,1,1,allocated
718,1189,normal,0,0,65535_65535,0,3,1203282,14,0,1,0,1,0,15,1,1,pre_allocation
718,1189,normal,0,0,65535_65535,0,3,1203282,32,1,1,1,2,32,15,1,1,allocated
718,1189,normal,0,0,65535_65535,0,5,1160020,14,0,1,0,1,0,15,1,1,pre_allocation
718,1189,normal,0,0,65535_65535,0,5,1160020,32,1,1,1,2,32,15,1,1,allocated
718,1189,normal,0,0,65535_65535,0,2,1137306,14,0,1,0,1,0,15,1,1,pre_allocation
718,1189,normal,0,0,65535_65535,0,2,1137306,32,1,1,1,2,32,15,1,1,allocated
718,1189,normal,0,0,65535_65535,0,4,3069,16,0,1,0,1,0,16,1,1,pre_allocation
718,1189,normal,0,0,65535_65535,0,4,3069,36,1,1,1,2,36,16,1,1,allocated
718,1189,normal,0,0,65535_65535,0,1,3069,42,0,1,0,1,0,28,1,1,pre_allocation
718,1189,normal,0,0,65535_65535,0,1,3069,88,1,1,1,2,88,28,1,1,allocated
718,1189,normal,0,0,65535_65535,0,3,1203282,32,0,1,0,2,0,15,1,1,pre_allocation
718,1189,normal,0,0,65535_65535,0,3,1203282,50,1,1,1,3,50,15,1,1,allocated
718,1189,normal,0,0,65535_65535,0,5,1160020,32,0,1,0,2,0,15,1,1,pre_allocation
718,1189,normal,0,0,65535_65535,0,5,1160020,50,1,1,1,3,50,15,1,1,allocated
718,1189,normal,0,0,65535_65535,0,2,1137306,32,0,1,0,2,0,15,1,1,pre_allocation
718,1189,normal,0,0,65535_65535,0,2,1137306,50,1,1,1,3,50,15,1,1,allocated
718,1189,normal,0,0,65535_65535,0,4,3069,36,0,1,0,2,0,16,1,1,pre_allocation
718,1189,normal,0,0,65535_65535,0,4,3069,56,1,1,1,3,56,16,1,1,allocated
718,1189,normal,0,0,65535_65535,0,1,3069,88,0,1,0,2,0,28,1,1,pre_allocation
718,1189,normal,0,0,65535_65535,0,1,3069,133,1,1,1,3,133,28,1,1,allocated
718,1189,normal,0,0,65535_65535,0,3,1203282,50,0,1,0,3,0,15,1,1,pre_allocation
718,1189,normal,0,0,65535_65535,0,3,1203282,68,1,1,1,4,68,15,1,1,allocated
718,1189,normal,0,0,65535_65535,0,5,1160020,50,0,1,0,3,0,15,1,1,pre_allocation
718,1189,normal,0,0,65535_65535,0,5,1160020,68,1,1,1,4,68,15,1,1,allocated
718,1189,normal,0,0,65535_65535,0,2,1137306,50,0,1,0,3,0,15,1,1,pre_allocation
718,1189,normal,0,0,65535_65535,0,2,1137306,68,1,1,1,4,68,15,1,1,allocated
718,1189,normal,0,0,65535_65535,0,4,3069,56,0,1,0,3,0,16,1,1,pre_allocation
718,1189,normal,0,0,65535_65535,0,4,3069,76,1,1,1,4,76,16,1,1,allocated
718,1189,normal,0,0,65535_65535,0,1,3069,133,0,1,0,3,0,28,1,1,pre_allocation
718,1189,normal,0,0,65535_65535,0,1,3069,179,1,1,1,4,179,28,1,1,allocated
718,1189,normal,0,0,65535_65535,0,3,1203282,68,0,1,0,4,0,15,1,1,pre_allocation
718,1189,normal,0,0,65535_65535,0,3,1203282,86,1,1,1,5,86,15,1,1,allocated
718,1189,normal,0,0,65535_65535,0,5,1160020,68,0,1,0,4,0,15,1,1,pre_allocation
718,1189,normal,0,0,65535_65535,0,5,1160020,86,1,1,1,5,86,15,1,1,allocated
718,1189,normal,0,0,65535_65535,0,2,1137306,68,0,1,0,4,0,15,1,1,pre_allocation
718,1189,normal,0,0,65535_65535,0,2,1137306,86,1,1,1,5,86,15,1,1,allocated
718,1189,normal,0,0,65535_65535,0,4,3069,76,0,1,0,4,0,16,1,1,pre_allocation
718,1189,normal,0,0,65535_65535,0,4,3069,96,1,1,1,5,96,16,1,1,allocated
718,1189,normal,0,0,65535_65535,0,1,3069,179,0,1,0,4,0,28,1,1,pre_allocation
718,1189,normal,0,0,65535_65535,0,1,3069,224,1,1,1,5,224,28,1,1,allocated
718,1189,normal,0,0,65535_65535,0,3,1203282,86,0,1,0,5,0,15,1,1,pre_allocation
718,1189,normal,0,0,65535_65535,0,3,1203282,103,1,1,1,6,103,15,1,1,allocated
718,1189,normal,0,0,65535_65535,0,5,1160020,86,0,1,0,5,0,15,1,1,pre_allocation
718,1189,normal,0,0,65535_65535,0,5,1160020,103,1,1,1,6,103,15,1,1,allocated
718,1189,normal,0,0,65535_65535,0,2,1137306,86,0,1,0,5,0,15,1,1,pre_allocation
718,1189,normal,0,0,65535_65535,0,2,1137306,103,1,1,1,6,103,15,1,1,allocated
718,1189,normal,0,0,65535_65535,0,4,3069,96,0,1,0,5,0,16,1,1,pre_allocation
718,1189,normal,0,0,65535_65535,0,4,3069,115,1,1,1,6,115,16,1,1,allocated
718,1189,normal,0,0,65535_65535,0,1,3069,224,0,1,0,5,0,28,1,1,pre_allocation
718,1189,normal,0,0,65535_65535,0,1,3069,270,1,1,1,6,270,28,1,1,allocated
718,1189,normal,0,0,65535_65535,0,3,1203282,103,0,1,0,6,0,15,1,1,pre_allocation
718,1189,normal,0,0,65535_65535,0,3,1203282,121,1,1,1,7,121,15,1,1,allocated
718,1189,normal,0,0,65535_65535,0,5,1160020,103,0,1,0,6,0,15,1,1,pre_allocation
718,1189,normal,0,0,65535_65535,0,5,1160020,121,1,1,1,7,121,15,1,1,allocated
718,1189,normal,0,0,65535_65535,0,2,1137306,103,0,1,0,6,0,15,1,1,pre_allocation
718,1189,normal,0,0,65535_65535,0,2,1137306,121,1,1,1,7,121,15,1,1,allocated
718,1189,normal,0,0,65535_65535,0,4,3069,115,0,1,0,6,0,16,1,1,pre_allocation
718,1189,normal,0,0,65535_65535,0,4,3069,135,1,1,1,7,135,16,1,1,allocated
718,1189,normal,0,0,65535_65535,0,1,3069,270,0,1,0,6,0,28,1,1,pre_allocation
718,1189,normal,0,0,65535_65535,0,1,3069,315,1,1,1,7,315,28,1,1,allocated
718,1189,normal,0,0,65535_65535,0,3,1203282,121,0,1,0,7,0,15,1,1,pre_allocation
718,1189,normal,0,0,65535_65535,0,3,1203282,139,1,1,1,8,139,15,1,1,allocated
718,1189,normal,0,0,65535_65535,0,5,1160020,121,0,1,0,7,0,15,1,1,pre_allocation
718,1189,normal,0,0,65535_65535,0,5,1160020,139,1,1,1,8,139,15,1,1,allocated
718,1189,normal,0,0,65535_65535,0,2,1137306,121,0,1,0,7,0,15,1,1,pre_allocation
718,1189,normal,0,0,65535_65535,0,2,1137306,139,1,1,1,8,139,15,1,1,allocated
718,1189,normal,0,0,65535_65535,0,4,3069,135,0,1,0,7,0,16,1,1,pre_allocation
718,1189,normal,0,0,65535_65535,0,4,3069,155,1,1,1,8,155,16,1,1,allocated
718,1189,normal,0,0,65535_65535,0,1,3069,315,0,1,0,7,0,28,1,1,pre_allocation
718,1189,normal,0,0,65535_65535,0,1,3069,361,1,1,1,8,361,28,1,1,allocated
718,1189,normal,0,0,65535_65535,0,3,1203282,139,0,1,0,8,0,15,1,1,pre_allocation
718,1189,normal,0,0,65535_65535,0,3,1203282,157,1,1,1,9,157,15,1,1,allocated
718,1189,normal,0,0,65535_65535,0,5,1160020,139,0,1,0,8,0,15,1,1,pre_allocation
718,1189,normal,0,0,65535_65535,0,5,1160020,157,1,1,1,9,157,15,1,1,allocated
718,1189,normal,0,0,65535_65535,0,2,1137306,139,0,1,0,8,0,15,1,1,pre_allocation
718,1189,normal,0,0,65535_65535,0,2,1137306,157,1,1,1,9,157,15,1,1,allocated
718,1189,normal,0,0,65535_65535,0,4,3069,155,0,1,0,8,0,16,1,1,pre_allocation
718,1189,normal,0,0,65535_65535,0,4,3069,175,1,1,1,9,175,16,1,1,allocated
718,1189,normal,0,0,65535_65535,0,1,3069,361,0,1,0,8,0,28,1,1,pre_allocation
718,1189,normal,0,0,65535_65535,0,1,3069,406,1,1,1,9,406,28,1,1,allocated
718,1189,normal,0,0,65535_65535,0,3,1203282,157,0,1,0,9,0,15,1,1,pre_allocation
718,1189,normal,0,0,65535_65535,0,3,1203282,175,1,1,1,10,175,15,1,1,allocated
718,1189,normal,0,0,65535_65535,0,5,1160020,157,0,1,0,9,0,15,1,1,pre_allocation
718,1189,normal,0,0,65535_65535,0,5,1160020,175,1,1,1,10,175,15,1,1,allocated
718,1189,normal,0,0,65535_65535,0,2,1137306,157,0,1,0,9,0,15,1,1,pre_allocation
718,1189,normal,0,0,65535_65535,0,2,1137306,175,1,1,1,10,175,15,1,1,allocated
718,1189,normal,0,0,65535_65535,0,4,3069,175,0,1,0,9,0,16,1,1,pre_allocation
718,1189,normal,0,0,65535_65535,0,4,3069,195,1,1,1,10,195,16,1,1,allocated
718,1189,normal,0,0,65535_65535,0,1,3069,406,0,1,0,9,0,28,1,1,pre_allocation
718,1189,normal,0,0,65535_65535,0,1,3069,452,1,1,1,10,452,28,1,1,allocated
718,1189,normal,0,0,65535_65535,0,3,1203282,175,0,1,0,10,0,15,1,1,pre_allocation
718,1189,normal,0,0,65535_65535,0,3,1203282,193,1,1,1,11,193,15,1,1,allocated
718,1189,normal,0,0,65535_65535,0,5,1160020,175,0,1,0,10,0,15,1,1,pre_allocation
718,1189,normal,0,0,65535_65535,0,5,1160020,193,1,1,1,11,193,15,1,1,allocated
718,1189,normal,0,0,65535_65535,0,2,1137306,175,0,1,0,10,0,15,1,1,pre_allocation
718,1189,normal,0,0,65535_65535,0,2,1137306,193,1,1,1,11,193,15,1,1,allocated
718,1189,normal,0,0,65535_65535,0,4,3069,195,0,1,0,10,0,16,1,1,pre_allocation
718,1189,normal,0,0,65535_65535,0,4,3069,214,1,1,1,11,214,16,1,1,allocated
718,1189,normal,0,0,65535_65535,0,1,3069,452,0,1,0,10,0,28,1,1,pre_allocation
718,1189,normal,0,0,65535_65535,0,1,3069,497,1,1,1,11,497,28,1,1,allocated
718,1189,normal,0,0,65535_65535,0,3,1203282,193,0,1,0,11,0,15,1,1,pre_allocation
718,1189,normal,0,0,65535_65535,0,3,1203282,210,1,1,1,12,210,15,1,1,allocated
718,1189,normal,0,0,65535_65535,0,5,1160020,193,0,1,0,11,0,15,1,1,pre_allocation
718,1189,normal,0,0,65535_65535,0,5,1160020,210,1,1,1,12,210,15,1,1,allocated
718,1189,normal,0,0,65535_65535,0,2,1137306,193,0,1,0,11,0,15,1,1,pre_allocation
718,1189,normal,0,0,65535_65535,0,2,1137306,210,1,1,1,12,210,15,1,1,allocated
718,1189,normal,0,0,65535_65535,0,4,3069,214,0,1,0,11,0,16,1,1,pre_allocation
718,1189,normal,0,0,65535_65535,0,4,3069,234,1,1,1,12,234,16,1,1,allocated
718,1189,normal,0,0,65535_65535,0,1,3069,497,0,1,0,11,0,28,1,1,pre_allocation
718,1189,normal,0,0,65535_65535,0,1,3069,543,1,1,1,12,543,28,1,1,allocated
718,1189,normal,0,0,65535_65535,0,3,1203282,210,0,1,0,12,0,15,1,1,pre_allocation
718,1189,normal,0,0,65535_65535,0,3,1203282,228,1,1,1,13,228,15,1,1,allocated
718,1189,normal,0,0,65535_65535,0,5,1160020,210,0,1,0,12,0,15,1,1,pre_allocation
718,1189,normal,0,0,65535_65535,0,5,1160020,228,1,1,1,13,228,15,1,1,allocated
718,1189,normal,0,0,65535_65535,0,2,1137306,210,0,1,0,12,0,15,1,1,pre_allocation
718,1189,normal,0,0,65535_65535,0,2,1137306,228,1,1,1,13,228,15,1,1,allocated
718,1189,normal,0,0,65535_65535,0,4,3069,234,0,1,0,12,0,16,1,1,pre_allocation
718,1189,normal,0,0,65535_65535,0,4,3069,254,1,1,1,13,254,16,1,1,allocated
718,1189,normal,0,0,65535_65535,0,1,3069,543,0,1,0,12,0,28,1,1,pre_allocation
718,1189,normal,0,0,65535_65535,0,1,3069,589,1,1,1,13,589,28,1,1,allocated
718,1189,normal,0,0,65535_65535,0,3,1203282,228,0,1,0,13,0,15,1,1,pre_allocation
718,1189,normal,0,0,65535_65535,0,3,1203282,246,1,1,1,14,246,15,1,1,allocated
718,1189,normal,0,0,65535_65535,0,5,1160020,228,0,1,0,13,0,15,1,1,pre_allocation
718,1189,normal,0,0,65535_65535,0,5,1160020,246,1,1,1,14,246,15,1,1,allocated
718,1189,normal,0,0,65535_65535,0,2,1137306,228,0,1,0,13,0,15,1,1,pre_allocation
718,1189,normal,0,0,65535_65535,0,2,1137306,246,1,1,1,14,246,15,1,1,allocated
718,1189,normal,0,0,65535_65535,0,4,3069,254,0,1,0,13,0,16,1,1,pre_allocation
718,1189,normal,0,0,65535_65535,0,4,3069,274,1,1,1,14,274,16,1,1,allocated
718,1189,normal,0,0,65535_65535,0,1,3069,589,0,1,0,13,0,28,1,1,pre_allocation
718,1189,normal,0,0,65535_65535,0,1,3069,634,1,1,1,14,634,28,1,1,allocated
718,1189,normal,0,0,65535_65535,0,3,1203282,246,0,1,0,14,0,15,1,1,pre_allocation
718,1189,normal,0,0,65535_65535,0,3,1203282,264,1,1,1,15,264,15,1,1,allocated
718,1189,normal,0,0,65535_65535,0,5,1160020,246,0,1,0,14,0,15,1,1,pre_allocation
718,1189,normal,0,0,65535_65535,0,5,1160020,264,1,1,1,15,264,15,1,1,allocated
718,1189,normal,0,0,65535_65535,0,2,1137306,246,0,1,0,14,0,15,1,1,pre_allocation
718,1189,normal,0,0,65535_65535,0,2,1137306,264,1,1,1,15,264,15,1,1,allocated
718,1189,normal,0,0,65535_65535,0,4,3069,274,0,1,0,14,0,16,1,1,pre_allocation
718,1189,normal,0,0,65535_65535,0,4,3069,294,1,1,1,15,294,16,1,1,allocated
718,1189,normal,0,0,65535_65535,0,1,3069,634,0,1,0,14,0,28,1,1,pre_allocation
718,1189,normal,0,0,65535_65535,0,1,3069,680,1,1,1,15,680,28,1,1,allocated
718,1189,normal,0,0,65535_65535,0,3,1203282,264,0,1,0,15,0,15,1,1,pre_allocation
718,1189,normal,0,0,65535_65535,0,3,1203282,282,1,1,1,16,282,15,1,1,allocated
718,1189,normal,0,0,65535_65535,0,5,1160020,264,0,1,0,15,0,15,1,1,pre_allocation
718,1189,normal,0,0,65535_65535,0,5,1160020,282,1,1,1,16,282,15,1,1,allocated
718,1189,normal,0,0,65535_65535,0,2,1137306,264,0,1,0,15,0,15,1,1,pre_allocation
718,1189,normal,0,0,65535_65535,0,2,1137306,282,1,1,1,16,282,15,1,1,allocated
718,1189,normal,0,0,65535_65535,0,4,3069,294,0,1,0,15,0,16,1,1,pre_allocation
718,1189,normal,0,0,65535_65535,0,4,3069,313,1,1,1,16,313,16,1,1,allocated
718,1189,normal,0,0,65535_65535,0,1,3069,680,0,1,0,15,0,28,1,1,pre_allocation
718,1189,normal,0,0,65535_65535,0,1,3069,725,1,1,1,16,725,28,1,1,allocated
718,1189,normal,0,0,65535_65535,0,3,1203282,282,0,1,0,16,0,15,1,1,pre_allocation
718,1189,normal,0,0,65535_65535,0,3,1203282,299,1,1,1,17,299,15,1,1,allocated
718,1189,normal,0,0,65535_65535,0,5,1160020,282,0,1,0,16,0,15,1,1,pre_allocation
718,1189,normal,0,0,65535_65535,0,5,1160020,299,1,1,1,17,299,15,1,1,allocated
718,1189,normal,0,0,65535_65535,0,2,1137306,282,0,1,0,16,0,15,1,1,pre_allocation
718,1189,normal,0,0,65535_65535,0,2,1137306,299,1,1,1,17,299,15,1,1,allocated
718,1189,normal,0,0,65535_65535,0,4,3069,313,0,1,0,16,0,16,1,1,pre_allocation
718,1189,normal,0,0,65535_65535,0,4,3069,333,1,1,1,17,333,16,1,1,allocated
718,1189,normal,0,0,65535_65535,0,1,3069,725,0,1,0,16,0,28,1,1,pre_allocation
718,1189,normal,0,0,65535_65535,0,1,3069,771,1,1,1,17,771,28,1,1,allocated
718,1189,normal,0,0,65535_65535,0,3,1203282,299,0,1,0,17,0,15,1,1,pre_allocation
718,1189,normal,0,0,65535_65535,0,3,1203282,317,1,1,1,18,317,15,1,1,allocated
718,1189,normal,0,0,65535_65535,0,5,1160020,299,0,1,0,17,0,15,1,1,pre_allocation
718,1189,normal,0,0,65535_65535,0,5,1160020,317,1,1,1,18,317,15,1,1,allocated
718,1189,normal,0,0,65535_65535,0,2,1137306,299,0,1,0,17,0,15,1,1,pre_allocation
718,1189,normal,0,0,65535_65535,0,2,1137306,317,1,1,1,18,317,15,1,1,allocated
718,1189,normal,0,0,65535_65535,0,4,3069,333,0,1,0,17,0,16,1,1,pre_allocation
718,1189,normal,0,0,65535_65535,0,4,3069,353,1,1,1,18,353,16,1,1,allocated
718,1189,normal,0,0,65535_65535,0,1,3069,771,0,1,0,17,0,28,1,1,pre_allocation
718,1189,normal,0,0,65535_65535,0,1,3069,816,1,1,1,18,816,28,1,1,allocated
718,1189,normal,0,0,65535_65535,0,3,1203282,317,0,1,0,18,0,15,1,1,pre_allocation
718,1189,normal,0,0,65535_65535,0,3,1203282,335,1,1,1,19,335,15,1,1,allocated
718,1189,normal,0,0,65535_65535,0,5,1160020,317,0,1,0,18,0,15,1,1,pre_allocation
718,1189,normal,0,0,65535_65535,0,5,1160020,335,1,1,1,19,335,15,1,1,allocated
718,1189,normal,0,0,65535_65535,0,2,1137306,317,0,1,0,18,0,15,1,1,pre_allocation
718,1189,normal,0,0,65535_65535,0,2,1137306,335,1,1,1,19,335,15,1,1,allocated
718,1189,normal,0,0,65535_65535,0,4,3069,353,0,1,0,18,0,16,1,1,pre_allocation
718,1189,normal,0,0,65535_65535,0,4,3069,373,1,1,1,19,373,16,1,1,allocated
718,1189,normal,0,0,65535_65535,0,1,3069,816,0,1,0,18,0,28,1,1,pre_allocation
718,1189,normal,0,0,65535_65535,0,1,3069,862,1,1,1,19,862,28,1,1,allocated
718,1189,normal,0,0,65535_65535,0,3,1203282,335,0,1,0,19,0,15,1,1,pre_allocation
718,1189,normal,0,0,65535_65535,0,3,1203282,353,1,1,1,20,353,15,1,1,allocated
718,1189,normal,0,0,65535_65535,0,5,1160020,335,0,1,0,19,0,15,1,1,pre_allocation
718,1189,normal,0,0,65535_65535,0,5,1160020,353,1,1,1,20,353,15,1,1,allocated
718,1189,normal,0,0,65535_65535,0,2,1137306,335,0,1,0,19,0,15,1,1,pre_allocation
718,1189,normal,0,0,65535_65535,0,2,1137306,353,1,1,1,20,353,15,1,1,allocated
718,1189,normal,0,0,65535_65535,0,4,3069,373,0,1,0,19,0,16,1,1,pre_allocation
718,1189,normal,0,0,65535_65535,0,4,3069,393,1,1,1,20,393,16,1,1,allocated
718,1189,normal,0,0,65535_65535,0,1,3069,862,0,1,0,19,0,28,1,1,pre_allocation
718,1189,normal,0,0,65535_65535,0,1,3069,907,1,1,1,20,907,28,1,1,allocated
718,1189,normal,0,0,65535_65535,0,3,1203282,353,0,1,0,20,0,15,1,1,pre_allocation
718,1189,normal,0,0,65535_65535,0,3,1203282,371,1,1,1,21,371,15,1,1,allocated
718,1189,normal,0,0,65535_65535,0,5,1160020,353,0,1,0,20,0,15,1,1,pre_allocation
718,1189,normal,0,0,65535_65535,0,5,1160020,371,1,1,1,21,371,15,1,1,allocated
718,1189,normal,0,0,65535_65535,0,2,1137306,353,0,1,0,20,0,15,1,1,pre_allocation
718,1189,normal,0,0,65535_65535,0,2,1137306,371,1,1,1,21,371,15,1,1,allocated
718,1189,normal,0,0,65535_65535,0,4,3069,393,0,1,0,20,0,16,1,1,pre_allocation
718,1189,normal,0,0,65535_65535,0,4,3069,412,1,1,1,21,412,16,1,1,allocated
718,1189,normal,0,0,65535_65535,0,1,3069,907,0,1,0,20,0,28,1,1,pre_allocation
718,1189,normal,0,0,65535_65535,0,1,3069,953,1,1,1,21,953,28,1,1,allocated
718,1189,normal,0,0,65535_65535,0,3,1203282,371,0,1,0,21,0,15,1,1,pre_allocation
718,1189,normal,0,0,65535_65535,0,3,1203282,389,1,1,1,22,389,15,1,1,allocated
718,1189,normal,0,0,65535_65535,0,5,1160020,371,0,1,0,21,0,15,1,1,pre_allocation
718,1189,normal,0,0,65535_65535,0,5,1160020,389,1,1,1,22,389,15,1,1,allocated
718,1189,normal,0,0,65535_65535,0,2,1137306,371,0,1,0,21,0,15,1,1,pre_allocation
718,1189,normal,0,0,65535_65535,0,2,1137306,389,1,1,1,22,389,15,1,1,allocated
718,1189,normal,0,0,65535_65535,0,4,3069,412,0,1,0,21,0,16,1,1,pre_allocation
718,1189,normal,0,0,65535_65535,0,4,3069,432,1,1,1,22,432,16,1,1,allocated
718,1189,normal,0,0,65535_65535,0,1,3069,953,0,1,0,21,0,28,1,1,pre_allocation
718,1189,normal,0,0,65535_65535,0,1,3069,998,1,1,1,22,998,28,1,1,allocated
718,1189,normal,0,0,65535_65535,0,3,1203282,389,0,1,0,22,0,15,1,1,pre_allocation
718,1189,normal,0,0,65535_65535,0,3,1203282,406,1,1,1,23,406,15,1,1,allocated
718,1189,normal,0,0,65535_65535,0,5,1160020,389,0,1,0,22,0,15,1,1,pre_allocation
718,1189,normal,0,0,65535_65535,0,5,1160020,406,1,1,1,23,406,15,1,1,allocated
718,1189,normal,0,0,65535_65535,0,2,1137306,389,0,1,0,22,0,15,1,1,pre_allocation
718,1189,normal,0,0,65535_65535,0,2,1137306,406,1,1,1,23,406,15,1,1,allocated
718,1189,normal,0,0,65535_65535,0,4,3069,432,0,1,0,22,0,16,1,1,pre_allocation
718,1189,normal,0,0,65535_65535,0,4,3069,452,1,1,1,23,452,16,1,1,allocated
718,1189,normal,0,0,65535_65535,0,1,3069,998,0,1,0,22,0,28,1,1,pre_allocation
718,1189,normal,0,0,65535_65535,0,1,3069,1044,1,1,1,23,1044,28,1,1,allocated
718,1189,normal,0,0,65535_65535,0,3,1203282,406,0,1,0,23,0,15,1,1,pre_allocation
718,1189,normal,0,0,65535_65535,0,3,1203282,424,1,1,1,24,424,15,1,1,allocated
718,1189,normal,0,0,65535_65535,0,5,1160020,406,0,1,0,23,0,15,1,1,pre_allocation
718,1189,normal,0,0,65535_65535,0,5,1160020,424,1,1,1,24,424,15,1,1,allocated
718,1189,normal,0,0,65535_65535,0,2,1137306,406,0,1,0,23,0,15,1,1,pre_allocation
718,1189,normal,0,0,65535_65535,0,2,1137306,424,1,1,1,24,424,15,1,1,allocated
718,1189,normal,0,0,65535_65535,0,4,3069,452,0,1,0,23,0,16,1,1,pre_allocation
718,1189,normal,0,0,65535_65535,0,4,3069,472,1,1,1,24,472,16,1,1,allocated
718,1189,normal,0,0,65535_65535,0,1,3069,1044,0,1,0,23,0,28,1,1,pre_allocation
718,1189,normal,0,0,65535_65535,0,1,3069,1089,1,1,1,24,1089,28,1,1,allocated
718,1189,normal,0,0,65535_65535,0,3,1203282,424,0,1,0,24,0,15,1,1,pre_allocation
718,1189,normal,0,0,65535_65535,0,3,1203282,442,1,1,1,25,442,15,1,1,allocated
718,1189,normal,0,0,65535_65535,0,5,1160020,424,0,1,0,24,0,15,1,1,pre_allocation
718,1189,normal,0,0,65535_65535,0,5,1160020,442,1,1,1,25,442,15,1,1,allocated
718,1189,normal,0,0,65535_65535,0,2,1137306,424,0,1,0,24,0,15,1,1,pre_allocation
718,1189,normal,0,0,65535_65535,0,2,1137306,442,1,1,1,25,442,15,1,1,allocated
718,1189,normal,0,0,65535_65535,0,4,3069,472,0,1,0,24,0,16,1,1,pre_allocation
718,1189,normal,0,0,65535_65535,0,4,3069,492,1,1,1,25,492,16,1,1,allocated
718,1189,normal,0,0,65535_65535,0,1,3069,1089,0,1,0,24,0,28,1,1,pre_allocation
718,1189,normal,0,0,65535_65535,0,1,3069,1135,1,1,1,25,1135,28,1,1,allocated
718,1189,normal,0,0,65535_65535,1,7,87,0,0,1,0,0,0,28,1,1,pre_allocation
718,1189,normal,0,0,65535_65535,1,7,87,42,1,1,1,1,42,28,1,1,allocated
718,1189,normal,0,0,65535_65535,1,8,87,0,0,1,0,0,0,28,1,1,pre_allocation
718,1189,normal,0,0,65535_65535,1,8,87,42,1,1,1,1,42,28,1,1,allocated
718,1189,normal,0,0,65535_65535,1,9,87,0,0,1,0,0,0,28,1,1,pre_allocation
718,1189,normal,0,0,65535_65535,1,9,87,42,1,1,1,1,42,28,1,1,allocated
718,1189,normal,0,0,65535_65535,1,6,87,0,0,1,0,0,0,28,1,1,pre_allocation
718,1189,normal,0,0,65535_65535,1,6,87,42,1,1,1,1,42,28,1,1,allocated
718,1189,normal,0,0,65535_65535,1,7,87,42,0,1,0,1,0,28,1,1,pre_allocation
718,1189,normal,0,0,65535_65535,1,7,87,88,1,1,1,2,88,28,1,1,allocated
718,1189,normal,0,0,65535_65535,1,8,87,42,0,1,0,1,0,28,1,1,pre_allocation
718,1189,normal,0,0,65535_65535,1,8,87,88,1,1,1,2,88,28,1,1,allocated
718,1189,normal,0,0,65535_65535,1,9,87,42,0,1,0,1,0,28,1,1,pre_allocation
718,1189,normal,0,0,65535_65535,1,9,87,88,1,1,1,2,88,28,1,1,allocated
718,1189,normal,0,0,65535_65535,1,6,87,42,0,1,0,1,0,28,1,1,pre_allocation
718,1189,normal,0,0,65535_65535,1,6,87,88,1,1,1,2,88,28,1,1,allocated
718,1189,normal,0,0,65535_65535,1,7,87,88,0,1,0,2,0,28,1,1,pre_allocation
718,1189,normal,0,0,65535_65535,1,7,87,133,1,1,1,3,133,28,1,1,allocated
718,1189,normal,0,0,65535_65535,1,8,87,88,0,1,0,2,0,28,1,1,pre_allocation
718,1189,normal,0,0,65535_65535,1,8,87,133,1,1,1,3,133,28,1,1,allocated
718,1189,normal,0,0,65535_65535,1,9,87,88,0,1,0,2,0,28,1,1,pre_allocation
718,1189,normal,0,0,65535_65535,1,9,87,133,1,1,1,3,133,28,1,1,allocated
718,1189,normal,0,0,65535_65535,1,6,87,88,0,1,0,2,0,28,1,1,pre_allocation
718,1189,normal,0,0,65535_65535,1,6,87,133,1,1,1,3,133,28,1,1,allocated
718,1189,normal,0,0,65535_65535,1,7,87,133,0,1,0,3,0,28,1,1,pre_allocation
718,1189,normal,0,0,65535_65535,1,7,87,179,1,1,1,4,179,28,1,1,allocated
718,1189,normal,0,0,65535_65535,1,8,87,133,0,1,0,3,0,28,1,1,pre_allocation
718,1189,normal,0,0,65535_65535,1,8,87,179,1,1,1,4,179,28,1,1,allocated
718,1189,normal,0,0,65535_65535,1,9,87,133,0,1,0,3,0,28,1,1,pre_allocation
718,1189,normal,0,0,65535_65535,1,9,87,179,1,1,1,4,179,28,1,1,allocated
718,1189,normal,0,0,65535_65535,1,6,87,133,0,1,0,3,0,28,1,1,pre_allocation
718,1189,normal,0,0,65535_65535,1,6,87,179,1,1,1,4,179,28,1,1,allocated
718,1189,normal,0,0,65535_65535,1,7,87,179,0,1,0,4,0,28,1,1,pre_allocation
718,1189,normal,0,0,65535_65535,1,7,87,224,1,1,1,5,224,28,1,1,allocated
718,1189,normal,0,0,65535_65535,1,8,87,179,0,1,0,4,0,28,1,1,pre_allocation
718,1189,normal,0,0,65535_65535,1,8,87,224,1,1,1,5,224,28,1,1,allocated
718,1189,normal,0,0,65535_65535,1,9,87,179,0,1,0,4,0,28,1,1,pre_allocation
718,1189,normal,0,0,65535_65535,1,9,87,224,1,1,1,5,224,28,1,1,allocated
718,1189,normal,0,0,65535_65535,1,6,87,179,0,1,0,4,0,28,1,1,pre_allocation
718,1189,normal,0,0,65535_65535,1,6,87,224,1,1,1,5,224,28,1,1,allocated
718,1189,normal,0,0,65535_65535,1,7,87,224,0,1,0,5,0,28,1,1,pre_allocation
718,1189,normal,0,0,65535_65535,1,7,87,270,1,1,1,6,270,28,1,1,allocated
718,1189,normal,0,0,65535_65535,1,8,87,224,0,1,0,5,0,28,1,1,pre_allocation
718,1189,normal,0,0,65535_65535,1,8,87,270,1,1,1,6,270,28,1,1,allocated
718,1189,normal,0,0,65535_65535,1,9,87,224,0,1,0,5,0,28,1,1,pre_allocation
718,1189,normal,0,0,65535_65535,1,9,87,270,1,1,1,6,270,28,1,1,allocated
718,1189,normal,0,0,65535_65535,1,6,87,224,0,1,0,5,0,28,1,1,pre_allocation
718,1189,normal,0,0,65535_65535,1,6,87,270,1,1,1,6,270,28,1,1,allocated
718,1189,normal,0,0,65535_65535,1,7,87,270,0,1,0,6,0,28,1,1,pre_allocation
718,1189,normal,0,0,65535_65535,1,7,87,315,1,1,1,7,315,28,1,1,allocated
718,1189,normal,0,0,65535_65535,1,8,87,270,0,1,0,6,0,28,1,1,pre_allocation
718,1189,normal,0,0,65535_65535,1,8,87,315,1,1,1,7,315,28,1,1,allocated
718,1189,normal,0,0,65535_65535,1,9,87,270,0,1,0,6,0,28,1,1,pre_allocation
718,1189,normal,0,0,65535_65535,1,9,87,315,1,1,1,7,315,28,1,1,allocated
718,1189,normal,0,0,65535_65535,1,6,87,270,0,1,0,6,0,28,1,1,pre_allocation
718,1189,normal,0,0,65535_65535,1,6,87,315,1,1,1,7,315,28,1,1,allocated
718,1189,normal,0,0,65535_65535,1,7,87,315,0,1,0,7,0,28,1,1,pre_allocation
718,1189,normal,0,0,65535_65535,1,7,87,361,1,1,1,8,361,28,1,1,allocated
718,1189,normal,0,0,65535_65535,1,8,87,315,0,1,0,7,0,28,1,1,pre_allocation
718,1189,normal,0,0,65535_65535,1,8,87,361,1,1,1,8,361,28,1,1,allocated
718,1189,normal,0,0,65535_65535,1,9,87,315,0,1,0,7,0,28,1,1,pre_allocation
718,1189,normal,0,0,65535_65535,1,9,87,361,1,1,1,8,361,28,1,1,allocated
718,1189,normal,0,0,65535_65535,1,6,87,315,0,1,0,7,0,28,1,1,pre_allocation
718,1189,normal,0,0,65535_65535,1,6,87,361,1,1,1,8,361,28,1,1,allocated
718,1189,normal,0,0,65535_65535,1,7,87,361,0,1,0,8,0,28,1,1,pre_allocation
718,1189,normal,0,0,65535_65535,1,7,87,406,1,1,1,9,406,28,1,1,allocated
718,1189,normal,0,0,65535_65535,1,8,87,361,0,1,0,8,0,28,1,1,pre_allocation
718,1189,normal,0,0,65535_65535,1,8,87,406,1,1,1,9,406,28,1,1,allocated
718,1189,normal,0,0,65535_65535,1,9,87,361,0,1,0,8,0,28,1,1,pre_allocation
718,1189,normal,0,0,65535_65535,1,9,87,406,1,1,1,9,406,28,1,1,allocated
718,1189,normal,0,0,65535_65535,1,6,87,361,0,1,0,8,0,28,1,1,pre_allocation
718,1189,normal,0,0,65535_65535,1,6,87,406,1,1,1,9,406,28,1,1,allocated
718,1189,normal,0,0,65535_65535,1,7,87,406,0,1,0,9,0,28,1,1,pre_allocation
718,1189,normal,0,0,65535_65535,1,7,87,452,1,1,1,10,452,28,1,1,allocated
718,1189,normal,0,0,65535_65535,1,8,87,406,0,1,0,9,0,28,1,1,pre_allocation
718,1189,normal,0,0,65535_65535,1,8,87,452,1,1,1,10,452,28,1,1,allocated
718,1189,normal,0,0,65535_65535,1,9,87,406,0,1,0,9,0,28,1,1,pre_allocation
718,1189,normal,0,0,65535_65535,1,9,87,452,1,1,1,10,452,28,1,1,allocated
718,1189,normal,0,0,65535_65535,1,6,87,406,0,1,0,9,0,28,1,1,pre_allocation
718,1189,normal,0,0,65535_65535,1,6,87,452,1,1,1,10,452,28,1,1,allocated
718,1189,normal,0,0,65535_65535,1,7,87,452,0,1,0,10,0,28,1,1,pre_allocation
718,1189,normal,0,0,65535_65535,1,7,87,497,1,1,1,11,497,28,1,1,allocated
718,1189,normal,0,0,65535_65535,1,8,87,452,0,1,0,10,0,28,1,1,pre_allocation
718,1189,normal,0,0,65535_65535,1,8,87,497,1,1,1,11,497,28,1,1,allocated
718,1189,normal,0,0,65535_65535,1,9,87,452,0,1,0,10,0,28,1,1,pre_allocation
718,1189,normal,0,0,65535_65535,1,9,87,497,1,1,1,11,497,28,1,1,allocated
718,1189,normal,0,0,65535_65535,1,6,87,452,0,1,0,10,0,28,1,1,pre_allocation
718,1189,normal,0,0,65535_65535,1,6,87,497,1,1,1,11,497,28,1,1,allocated
718,1189,normal,0,0,65535_65535,1,7,87,497,0,1,0,11,0,28,1,1,pre_allocation
718,1189,normal,0,0,65535_65535,1,7,87,543,1,1,1,12,543,28,1,1,allocated
718,1189,normal,0,0,65535_65535,1,8,87,497,0,1,0,11,0,28,1,1,pre_allocation
718,1189,normal,0,0,65535_65535,1,8,87,543,1,1,1,12,543,28,1,1,allocated
718,1189,normal,0,0,65535_65535,1,9,87,497,0,1,0,11,0,28,1,1,pre_allocation
718,1189,normal,0,0,65535_65535,1,9,87,543,1,1,1,12,543,28,1,1,allocated
718,1189,normal,0,0,65535_65535,1,6,87,497,0,1,0,11,0,28,1,1,pre_allocation
718,1189,normal,0,0,65535_65535,1,6,87,543,1,1,1,12,543,28,1,1,allocated
718,1189,normal,0,0,65535_65535,1,7,87,543,0,1,0,12,0,28,1,1,pre_allocation
718,1189,normal,0,0,65535_65535,1,7,87,589,1,1,1,13,589,28,1,1,allocated
718,1189,normal,0,0,65535_65535,1,8,87,543,0,1,0,12,0,28,1,1,pre_allocation
718,1189,normal,0,0,65535_65535,1,8,87,589,1,1,1,13,589,28,1,1,allocated
718,1189,normal,0,0,65535_65535,1,9,87,543,0,1,0,12,0,28,1,1,pre_allocation
718,1189,normal,0,0,65535_65535,1,9,87,589,1,1,1,13,589,28,1,1,allocated
718,1189,normal,0,0,65535_65535,1,6,87,543,0,1,0,12,0,28,1,1,pre_allocation
718,1189,normal,0,0,65535_65535,1,6,87,589,1,1,1,13,589,28,1,1,allocated
718,1189,normal,0,0,65535_65535,1,7,87,589,0,1,0,13,0,28,1,1,pre_allocation
718,1189,normal,0,0,65535_65535,1,7,87,634,1,1,1,14,634,28,1,1,allocated
718,1189,normal,0,0,65535_65535,1,8,87,589,0,1,0,13,0,28,1,1,pre_allocation
718,1189,normal,0,0,65535_65535,1,8,87,634,1,1,1,14,634,28,1,1,allocated
718,1189,normal,0,0,65535_65535,1,9,87,589,0,1,0,13,0,28,1,1,pre_allocation
718,1189,normal,0,0,65535_65535,1,9,87,634,1,1,1,14,634,28,1,1,allocated
718,1189,normal,0,0,65535_65535,1,6,87,589,0,1,0,13,0,28,1,1,pre_allocation
718,1189,normal,0,0,65535_65535,1,6,87,634,1,1,1,14,634,28,1,1,allocated
718,1189,normal,0,0,65535_65535,1,7,87,634,0,1,0,14,0,28,1,1,pre_allocation
718,1189,normal,0,0,65535_65535,1,7,87,680,1,1,1,15,680,28,1,1,allocated
718,1189,normal,0,0,65535_65535,1,8,87,634,0,1,0,14,0,28,1,1,pre_allocation
718,1189,normal,0,0,65535_65535,1,8,87,680,1,1,1,15,680,28,1,1,allocated
718,1189,normal,0,0,65535_65535,1,9,87,634,0,1,0,14,0,28,1,1,pre_allocation
718,1189,normal,0,0,65535_65535,1,9,87,680,1,1,1,15,680,28,1,1,allocated
718,1189,normal,0,0,65535_65535,1,6,87,634,0,1,0,14,0,28,1,1,pre_allocation
718,1189,normal,0,0,65535_65535,1,6,87,680,1,1,1,15,680,28,1,1,allocated
718,1189,normal,0,0,65535_65535,1,7,87,680,0,1,0,15,0,28,1,1,pre_allocation
718,1189,normal,0,0,65535_65535,1,7,87,725,1,1,1,16,725,28,1,1,allocated
718,1189,normal,0,0,65535_65535,1,8,87,680,0,1,0,15,0,28,1,1,pre_allocation
718,1189,normal,0,0,65535_65535,1,8,87,725,1,1,1,16,725,28,1,1,allocated
718,1189,normal,0,0,65535_65535,1,9,87,680,0,1,0,15,0,28,1,1,pre_allocation
718,1189,normal,0,0,65535_65535,1,9,87,725,1,1,1,16,725,28,1,1,allocated
718,1189,normal,0,0,65535_65535,1,6,87,680,0,1,0,15,0,28,1,1,pre_allocation
718,1189,normal,0,0,65535_65535,1,6,87,725,1,1,1,16,725,28,1,1,allocated
718,1189,normal,0,0,65535_65535,1,7,87,725,0,1,0,16,0,28,1,1,pre_allocation
718,1189,normal,0,0,65535_65535,1,7,87,771,1,1,1,17,771,28,1,1,allocated
718,1189,normal,0,0,65535_65535,1,8,87,725,0,1,0,16,0,28,1,1,pre_allocation
718,1189,normal,0,0,65535_65535,1,8,87,771,1,1,1,17,771,28,1,1,allocated
718,1189,normal,0,0,65535_65535,1,9,87,725,0,1,0,16,0,28,1,1,pre_allocation
718,1189,normal,0,0,65535_65535,1,9,87,771,1,1,1,17,771,28,1,1,allocated
718,1189,normal,0,0,65535_65535,1,6,87,725,0,1,0,16,0,28,1,1,pre_allocation
718,1189,normal,0,0,65535_65535,1,6,87,771,1,1,1,17,771,28,1,1,allocated
718,1189,normal,0,0,65535_65535,1,7,87,771,0,1,0,17,0,28,1,1,pre_allocation
718,1189,normal,0,0,65535_65535,1,7,87,816,1,1,1,18,816,28,1,1,allocated
718,1189,normal,0,0,65535_65535,1,8,87,771,0,1,0,17,0,28,1,1,pre_allocation
718,1189,normal,0,0,65535_65535,1,8,87,816,1,1,1,18,816,28,1,1,allocated
718,1189,normal,0,0,65535_65535,1,9,87,771,0,1,0,17,0,28,1,1,pre_allocation
718,1189,normal,0,0,65535_65535,1,9,87,816,1,1,1,18,816,28,1,1,allocated
718,1189,normal,0,0,65535_65535,1,6,87,771,0,1,0,17,0,28,1,1,pre_allocation
718,1189,normal,0,0,65535_65535,1,6,87,816,1,1,1,18,816,28,1,1,allocated
718,1189,normal,0,0,65535_65535,1,7,87,816,0,1,0,18,0,28,1,1,pre_allocation
718,1189,normal,0,0,65535_65535,1,7,87,862,1,1,1,19,862,28,1,1,allocated
718,1189,normal,0,0,65535_65535,1,8,87,816,0,1,0,18,0,28,1,1,pre_allocation
718,1189,normal,0,0,65535_65535,1,8,87,862,1,1,1,19,862,28,1,1,allocated
718,1189,normal,0,0,65535_65535,1,9,87,816,0,1,0,18,0,28,1,1,pre_allocation
718,1189,normal,0,0,65535_65535,1,9,87,862,1,1,1,19,862,28,1,1,allocated
718,1189,normal,0,0,65535_65535,1,6,87,816,0,1,0,18,0,28,1,1,pre_allocation
718,1189,normal,0,0,65535_65535,1,6,87,862,1,1,1,19,862,28,1,1,allocated
718,1189,normal,0,0,65535_65535,1,7,87,862,0,1,0,19,0,28,1,1,pre_allocation
718,1189,normal,0,0,65535_65535,1,7,87,907,1,1,1,20,907,28,1,1,allocated
718,1189,normal,0,0,65535_65535,1,8,87,862,0,1,0,19,0,28,1,1,pre_allocation
718,1189,normal,0,0,65535_65535,1,8,87,907,1,1,1,20,907,28,1,1,allocated
718,1189,normal,0,0,65535_65535,1,9,87,862,0,1,0,19,0,28,1,1,pre_allocation
718,1189,normal,0,0,65535_65535,1,9,87,907,1,1,1,20,907,28,1,1,allocated
718,1189,normal,0,0,65535_65535,1,6,87,862,0,1,0,19,0,28,1,1,pre_allocation
718,1189,normal,0,0,65535_65535,1,6,87,907,1,1,1,20,907,28,1,1,allocated
718,1189,normal,0,0,65535_65535,1,7,87,907,0,1,0,20,0,28,1,1,pre_allocation
718,1189,normal,0,0,65535_65535,1,7,87,953,1,1,1,21,953,28,1,1,allocated
718,1189,normal,0,0,65535_65535,1,8,87,907,0,1,0,20,0,28,1,1,pre_allocation
718,1189,normal,0,0,65535_65535,1,8,87,953,1,1,1,21,953,28,1,1,allocated
718,1189,normal,0,0,65535_65535,1,9,87,907,0,1,0,20,0,28,1,1,pre_allocation
718,1189,normal,0,0,65535_65535,1,9,87,953,1,1,1,21,953,28,1,1,allocated
718,1189,normal,0,0,65535_65535,1,6,87,907,0,1,0,20,0,28,1,1,pre_allocation
718,1189,normal,0,0,65535_65535,1,6,87,953,1,1,1,21,953,28,1,1,allocated
718,1189,normal,0,0,65535_65535,1,7,87,953,0,1,0,21,0,28,1,1,pre_allocation
718,1189,normal,0,0,65535_65535,1,7,87,998,1,1,1,22,998,28,1,1,allocated
718,1189,normal,0,0,65535_65535,1,8,87,953,0,1,0,21,0,28,1,1,pre_allocation
718,1189,normal,0,0,65535_65535,1,8,87,998,1,1,1,22,998,28,1,1,allocated
718,1189,normal,0,0,65535_65535,1,9,87,953,0,1,0,21,0,28,1,1,pre_allocation
718,1189,normal,0,0,65535_65535,1,9,87,998,1,1,1,22,998,28,1,1,allocated
718,1189,normal,0,0,65535_65535,1,6,87,953,0,1,0,21,0,28,1,1,pre_allocation
718,1189,normal,0,0,65535_65535,1,6,87,998,1,1,1,22,998,28,1,1,allocated
718,1189,normal,0,0,65535_65535,1,7,87,998,0,1,0,22,0,28,1,1,pre_allocation
718,1189,normal,0,0,65535_65535,1,7,87,1044,1,1,1,23,1044,28,1,1,allocated
718,1189,normal,0,0,65535_65535,1,8,87,998,0,1,0,22,0,28,1,1,pre_allocation
718,1189,normal,0,0,65535_65535,1,8,87,1044,1,1,1,23,1044,28,1,1,allocated
718,1189,normal,0,0,65535_65535,1,9,87,998,0,1,0,22,0,28,1,1,pre_allocation
718,1189,normal,0,0,65535_65535,1,9,87,1044,1,1,1,23,1044,28,1,1,allocated
718,1189,normal,0,0,65535_65535,1,6,87,998,0,1,0,22,0,28,1,1,pre_allocation
718,1189,normal,0,0,65535_65535,1,6,87,1044,1,1,1,23,1044,28,1,1,allocated
718,1189,normal,0,0,65535_65535,1,7,87,1044,0,1,0,23,0,28,1,1,pre_allocation
718,1189,normal,0,0,65535_65535,1,7,87,1089,1,1,1,24,1089,28,1,1,allocated
718,1189,normal,0,0,65535_65535,1,8,87,1044,0,1,0,23,0,28,1,1,pre_allocation
718,1189,normal,0,0,65535_65535,1,8,87,1089,1,1,1,24,1089,28,1,1,allocated
718,1189,normal,0,0,65535_65535,1,9,87,1044,0,1,0,23,0,28,1,1,pre_allocation
718,1189,normal,0,0,65535_65535,1,9,87,1089,1,1,1,24,1089,28,1,1,allocated
718,1189,normal,0,0,65535_65535,1,6,87,1044,0,1,0,23,0,28,1,1,pre_allocation
718,1189,normal,0,0,65535_65535,1,6,87,1089,1,1,1,24,1089,28,1,1,allocated
718,1189,normal,0,0,65535_65535,1,7,87,1089,0,1,0,24,0,28,1,1,pre_allocation
718,1189,normal,0,0,65535_65535,1,7,87,1135,1,1,1,25,1135,28,1,1,allocated
718,1189,normal,0,0,65535_65535,1,8,87,1089,0,1,0,24,0,28,1,1,pre_allocation
718,1189,normal,0,0,65535_65535,1,8,87,1135,1,1,1,25,1135,28,1,1,allocated
718,1189,normal,0,0,65535_65535,1,9,87,1089,0,1,0,24,0,28,1,1,pre_allocation
718,1189,normal,0,0,65535_65535,1,9,87,1135,1,1,1,25,1135,28,1,1,allocated
718,1189,normal,0,0,65535_65535,1,6,87,1089,0,1,0,24,0,28,1,1,pre_allocation
718,1189,normal,0,0,65535_65535,1,6,87,1135,1,1,1,25,1135,28,1,1,allocated
718,1189,normal,0,0,65535_65535,1,7,87,1135,0,1,0,25,0,28,1,1,pre_allocation
718,1189,normal,0,0,65535_65535,1,7,87,1181,1,1,1,26,1181,28,1,1,allocated
718,1189,normal,0,0,65535_65535,1,8,87,1135,0,1,0,25,0,28,1,1,pre_allocation
718,1189,normal,0,0,65535_65535,1,8,87,1181,1,1,1,26,1181,28,1,1,allocated
718,1189,normal,0,0,65535_65535,1,9,87,1135,0,1,0,25,0,28,1,1,pre_allocation
718,1189,normal,0,0,65535_65535,1,9,87,1181,1,1,1,26,1181,28,1,1,allocated
718,1189,normal,0,0,65535_65535,1,6,87,1135,0,1,0,25,0,28,1,1,pre_allocation
718,1189,normal,0,0,65535_65535,1,6,87,1181,1,1,1,26,1181,28,1,1,allocated
718,1189,normal,0,0,65535_65535,1,7,87,1181,0,1,0,26,0,28,1,1,pre_allocation
718,1189,normal,0,0,65535_65535,1,7,87,1226,1,1,1,27,1226,28,1,1,allocated
718,1189,normal,0,0,65535_65535,1,8,87,1181,0,1,0,26,0,28,1,1,pre_allocation
718,1189,normal,0,0,65535_65535,1,8,87,1226,1,1,1,27,1226,28,1,1,allocated
718,1189,normal,0,0,65535_65535,1,9,87,1181,0,1,0,26,0,28,1,1,pre_allocation
718,1189,normal,0,0,65535_65535,1,9,87,1226,1,1,1,27,1226,28,1,1,allocated
718,1189,normal,0,0,65535_65535,1,6,87,1181,0,1,0,26,0,28,1,1,pre_allocation
718,1189,normal,0,0,65535_65535,1,6,87,1226,1,1,1,27,1226,28,1,1,allocated
718,1189,normal,0,0,65535_65535,1,7,87,1226,0,1,0,27,0,28,1,1,pre_allocation
718,1189,normal,0,0,65535_65535,1,7,87,1272,1,1,1,28,1272,28,1,1,allocated
718,1189,normal,0,0,65535_65535,1,8,87,1226,0,1,0,27,0,28,1,1,pre_allocation
718,1189,normal,0,0,65535_65535,1,8,87,1272,1,1,1,28,1272,28,1,1,allocated
718,1189,normal,0,0,65535_65535,1,9,87,1226,0,1,0,27,0,28,1,1,pre_allocation
718,1189,normal,0,0,65535_65535,1,9,87,1272,1,1,1,28,1272,28,1,1,allocated
718,1189,normal,0,0,65535_65535,1,6,87,1226,0,1,0,27,0,28,1,1,pre_allocation
718,1189,normal,0,0,65535_65535,1,6,87,1272,1,1,1,28,1272,28,1,1,allocated
718,1189,normal,0,0,65535_65535,1,7,87,1272,0,1,0,28,0,28,1,1,pre_allocation
718,1189,normal,0,0,65535_65535,1,7,87,1317,1,1,1,29,1317,28,1,1,allocated
718,1189,normal,0,0,65535_65535,1,8,87,1272,0,1,0,28,0,28,1,1,pre_allocation
718,1189,normal,0,0,65535_65535,1,8,87,1317,1,1,1,29,1317,28,1,1,allocated
718,1189,normal,0,0,65535_65535,1,9,87,1272,0,1,0,28,0,28,1,1,pre_allocation
718,1189,normal,0,0,65535_65535,1,9,87,1317,1,1,1,29,1317,28,1,1,allocated
718,1189,normal,0,0,65535_65535,1,6,87,1272,0,1,0,28,0,28,1,1,pre_allocation
718,1189,normal,0,0,65535_65535,1,6,87,1317,1,1,1,29,1317,28,1,1,allocated
718,1189,normal,0,0,65535_65535,1,7,87,1317,0,1,0,29,0,28,1,1,pre_allocation
718,1189,normal,0,0,65535_65535,1,7,87,1363,1,1,1,30,1363,28,1,1,allocated
718,1189,normal,0,0,65535_65535,1,8,87,1317,0,1,0,29,0,28,1,1,pre_allocation
718,1189,normal,0,0,65535_65535,1,8,87,1363,1,1,1,30,1363,28,1,1,allocated
718,1189,normal,0,0,65535_65535,1,9,87,1317,0,1,0,29,0,28,1,1,pre_allocation
718,1189,normal,0,0,65535_65535,1,9,87,1363,1,1,1,30,1363,28,1,1,allocated
718,1189,normal,0,0,65535_65535,1,6,87,1317,0,1,0,29,0,28,1,1,pre_allocation
718,1189,normal,0,0,65535_65535,1,6,87,1363,1,1,1,30,1363,28,1,1,allocated
718,1189,normal,0,0,65535_65535,1,7,87,1363,0,1,0,30,0,28,1,1,pre_allocation
718,1189,normal,0,0,65535_65535,1,7,87,1408,1,1,1,31,1408,28,1,1,allocated
718,1189,normal,0,0,65535_65535,1,8,87,1363,0,1,0,30,0,28,1,1,pre_allocation
718,1189,normal,0,0,65535_65535,1,8,87,1408,1,1,1,31,1408,28,1,1,allocated
718,1189,normal,0,0,65535_65535,1,9,87,1363,0,1,0,30,0,28,1,1,pre_allocation
718,1189,normal,0,0,65535_65535,1,9,87,1408,1,1,1,31,1408,28,1,1,allocated
718,1189,normal,0,0,65535_65535,1,6,87,1363,0,1,0,30,0,28,1,1,pre_allocation
718,1189,normal,0,0,65535_65535,1,6,87,1408,1,1,1,31,1408,28,1,1,allocated
718,1189,normal,0,0,65535_65535,1,7,87,1408,0,1,0,31,0,28,1,1,pre_allocation
718,1189,normal,0,0,65535_65535,1,7,87,1454,1,1,1,32,1454,28,1,1,allocated
718,1189,normal,0,0,65535_65535,1,8,87,1408,0,1,0,31,0,28,1,1,pre_allocation
718,1189,normal,0,0,65535_65535,1,8,87,1454,1,1,1,32,1454,28,1,1,allocated
718,1189,normal,0,0,65535_65535,1,9,87,1408,0,1,0,31,0,28,1,1,pre_allocation
718,1189,normal,0,0,65535_65535,1,9,87,1454,1,1,1,32,1454,28,1,1,allocated
718,1189,normal,0,0,65535_65535,1,6,87,1408,0,1,0,31,0,28,1,1,pre_allocation
718,1189,normal,0,0,65535_65535,1,6,87,1454,1,1,1,32,1454,28,1,1,allocated
718,1189,normal,0,0,65535_65535,1,7,87,1454,0,1,0,32,0,28,1,1,pre_allocation
718,1189,normal,0,0,65535_65535,1,7,87,1499,1,1,1,33,1499,28,1,1,allocated
718,1189,normal,0,0,65535_65535,1,8,87,1454,0,1,0,32,0,28,1,1,pre_allocation
718,1189,normal,0,0,65535_65535,1,8,87,1499,1,1,1,33,1499,28,1,1,allocated
718,1189,normal,0,0,65535_65535,1,9,87,1454,0,1,0,32,0,28,1,1,pre_allocation
718,1189,normal,0,0,65535_65535,1,9,87,1499,1,1,1,33,1499,28,1,1,allocated
718,1189,normal,0,0,65535_65535,1,6,87,1454,0,1,0,32,0,28,1,1,pre_allocation
718,1189,normal,0,0,65535_65535,1,6,87,1499,1,1,1,33,1499,28,1,1,allocated
718,1189,normal,0,0,65535_65535,1,7,87,1499,0,1,0,33,0,28,1,1,pre_allocation
718,1189,normal,0,0,65535_65535,1,7,87,1542,1,1,1,34,1542,28,1,1,allocated
718,1189,normal,0,0,65535_65535,1,8,87,1499,0,1,0,33,0,28,1,1,pre_allocation
718,1189,normal,0,0,65535_65535,1,8,87,1542,1,1,1,34,1542,28,1,1,allocated
718,1189,normal,0,0,65535_65535,1,9,87,1499,0,1,0,33,0,28,1,1,pre_allocation
718,1189,normal,0,0,65535_65535,1,9,87,1542,1,1,1,34,1542,28,1,1,allocated
718,1189,normal,0,0,65535_65535,1,6,87,1499,0,1,0,33,0,28,1,1,pre_allocation
718,1189,normal,0,0,65535_65535,1,6,87,1542,1,1,1,34,1542,28,1,1,allocated
718,1189,normal,0,0,65535_65535,1,7,87,1542,0,1,0,34,0,28,1,1,pre_allocation
718,1189,normal,0,0,65535_65535,1,7,87,1587,1,1,1,35,1587,28,1,1,allocated
718,1189,normal,0,0,65535_65535,1,8,87,1542,0,1,0,34,0,28,1,1,pre_allocation
718,1189,normal,0,0,65535_65535,1,8,87,1587,1,1,1,35,1587,28,1,1,allocated
718,1189,normal,0,0,65535_65535,1,9,87,1542,0,1,0,34,0,28,1,1,pre_allocation
718,1189,normal,0,0,65535_65535,1,9,87,1587,1,1,1,35,1587,28,1,1,allocated
718,1189,normal,0,0,65535_65535,1,6,87,1542,0,1,0,34,0,28,1,1,pre_allocation
718,1189,normal,0,0,65535_65535,1,6,87,1587,1,1,1,35,1587,28,1,1,allocated
718,1189,normal,0,0,65535_65535,1,7,87,1587,0,1,0,35,0,28,1,1,pre_allocation
718,1189,normal,0,0,65535_65535,1,7,87,1633,1,1,1,36,1633,28,1,1,allocated
830,1287,normal,0,0,65535_65535,0,5,1320951,0,0,1,0,0,0,15,1,1,pre_allocation
830,1287,normal,0,0,65535_65535,0,5,1320951,14,1,1,1,1,14,15,1,1,allocated
830,1287,normal,0,0,65535_65535,0,4,3538,0,0,1,0,0,0,16,1,1,pre_allocation
830,1287,normal,0,0,65535_65535,0,4,3538,16,1,1,1,1,16,16,1,1,allocated
830,1287,normal,0,0,65535_65535,0,1,3069,0,0,1,0,0,0,28,1,1,pre_allocation
830,1287,normal,0,0,65535_65535,0,1,3069,42,1,1,1,1,42,28,1,1,allocated
830,1287,normal,0,0,65535_65535,0,5,1320951,14,0,1,0,1,0,15,1,1,pre_allocation
830,1287,normal,0,0,65535_65535,0,5,1320951,32,1,1,1,2,32,15,1,1,allocated
830,1287,normal,0,0,65535_65535,0,4,3538,16,0,1,0,1,0,16,1,1,pre_allocation
830,1287,normal,0,0,65535_65535,0,4,3538,36,1,1,1,2,36,16,1,1,allocated
830,1287,normal,0,0,65535_65535,0,1,3069,42,0,1,0,1,0,28,1,1,pre_allocation
830,1287,normal,0,0,65535_65535,0,1,3069,88,1,1,1,2,88,28,1,1,allocated
830,1287,normal,0,0,65535_65535,0,5,1320951,32,0,1,0,2,0,15,1,1,pre_allocation
830,1287,normal,0,0,65535_65535,0,5,1320951,50,1,1,1,3,50,15,1,1,allocated
830,1287,normal,0,0,65535_65535,0,4,3538,36,0,1,0,2,0,16,1,1,pre_allocation
830,1287,normal,0,0,65535_65535,0,4,3538,56,1,1,1,3,56,16,1,1,allocated
830,1287,normal,0,0,65535_65535,0,1,3069,88,0,1,0,2,0,28,1,1,pre_allocation
830,1287,normal,0,0,65535_65535,0,1,3069,133,1,1,1,3,133,28,1,1,allocated
830,1287,normal,0,0,65535_65535,0,5,1320951,50,0,1,0,3,0,15,1,1,pre_allocation
830,1287,normal,0,0,65535_65535,0,5,1320951,68,1,1,1,4,68,15,1,1,allocated
830,1287,normal,0,0,65535_65535,0,4,3538,56,0,1,0,3,0,16,1,1,pre_allocation
830,1287,normal,0,0,65535_65535,0,4,3538,76,1,1,1,4,76,16,1,1,allocated
830,1287,normal,0,0,65535_65535,0,1,3069,133,0,1,0,3,0,28,1,1,pre_allocation
830,1287,normal,0,0,65535_65535,0,1,3069,179,1,1,1,4,179,28,1,1,allocated
830,1287,normal,0,0,65535_65535,0,5,1320951,68,0,1,0,4,0,15,1,1,pre_allocation
830,1287,normal,0,0,65535_65535,0,5,1320951,86,1,1,1,5,86,15,1,1,allocated
830,1287,normal,0,0,65535_65535,0,4,3538,76,0,1,0,4,0,16,1,1,pre_allocation
830,1287,normal,0,0,65535_65535,0,4,3538,96,1,1,1,5,96,16,1,1,allocated
830,1287,normal,0,0,65535_65535,0,1,3069,179,0,1,0,4,0,28,1,1,pre_allocation
830,1287,normal,0,0,65535_65535,0,1,3069,224,1,1,1,5,224,28,1,1,allocated
830,1287,normal,0,0,65535_65535,0,5,1320951,86,0,1,0,5,0,15,1,1,pre_allocation
830,1287,normal,0,0,65535_65535,0,5,1320951,103,1,1,1,6,103,15,1,1,allocated
830,1287,normal,0,0,65535_65535,0,4,3538,96,0,1,0,5,0,16,1,1,pre_allocation
830,1287,normal,0,0,65535_65535,0,4,3538,115,1,1,1,6,115,16,1,1,allocated
830,1287,normal,0,0,65535_65535,0,1,3069,224,0,1,0,5,0,28,1,1,pre_allocation
830,1287,normal,0,0,65535_65535,0,1,3069,270,1,1,1,6,270,28,1,1,allocated
830,1287,normal,0,0,65535_65535,0,5,1320951,103,0,1,0,6,0,15,1,1,pre_allocation
830,1287,normal,0,0,65535_65535,0,5,1320951,121,1,1,1,7,121,15,1,1,allocated
830,1287,normal,0,0,65535_65535,0,4,3538,115,0,1,0,6,0,16,1,1,pre_allocation
830,1287,normal,0,0,65535_65535,0,4,3538,135,1,1,1,7,135,16,1,1,allocated
830,1287,normal,0,0,65535_65535,0,1,3069,270,0,1,0,6,0,28,1,1,pre_allocation
830,1287,normal,0,0,65535_65535,0,1,3069,315,1,1,1,7,315,28,1,1,allocated
830,1287,normal,0,0,65535_65535,0,5,1320951,121,0,1,0,7,0,15,1,1,pre_allocation
830,1287,normal,0,0,65535_65535,0,5,1320951,139,1,1,1,8,139,15,1,1,allocated
830,1287,normal,0,0,65535_65535,0,4,3538,135,0,1,0,7,0,16,1,1,pre_allocation
830,1287,normal,0,0,65535_65535,0,4,3538,155,1,1,1,8,155,16,1,1,allocated
830,1287,normal,0,0,65535_65535,0,1,3069,315,0,1,0,7,0,28,1,1,pre_allocation
830,1287,normal,0,0,65535_65535,0,1,3069,361,1,1,1,8,361,28,1,1,allocated
830,1287,normal,0,0,65535_65535,0,5,1320951,139,0,1,0,8,0,15,1,1,pre_allocation
830,1287,normal,0,0,65535_65535,0,5,1320951,157,1,1,1,9,157,15,1,1,allocated
830,1287,normal,0,0,65535_65535,0,4,3538,155,0,1,0,8,0,16,1,1,pre_allocation
830,1287,normal,0,0,65535_65535,0,4,3538,175,1,1,1,9,175,16,1,1,allocated
830,1287,normal,0,0,65535_65535,0,1,3069,361,0,1,0,8,0,28,1,1,pre_allocation
830,1287,normal,0,0,65535_65535,0,1,3069,406,1,1,1,9,406,28,1,1,allocated
830,1287,normal,0,0,65535_65535,0,5,1320951,157,0,1,0,9,0,15,1,1,pre_allocation
830,1287,normal,0,0,65535_65535,0,5,1320951,175,1,1,1,10,175,15,1,1,allocated
830,1287,normal,0,0,65535_65535,0,4,3538,175,0,1,0,9,0,16,1,1,pre_allocation
830,1287,normal,0,0,65535_65535,0,4,3538,195,1,1,1,10,195,16,1,1,allocated
830,1287,normal,0,0,65535_65535,0,1,3069,406,0,1,0,9,0,28,1,1,pre_allocation
830,1287,normal,0,0,65535_65535,0,1,3069,452,1,1,1,10,452,28,1,1,allocated
830,1287,normal,0,0,65535_65535,0,5,1320951,175,0,1,0,10,0,15,1,1,pre_allocation
830,1287,normal,0,0,65535_65535,0,5,1320951,193,1,1,1,11,193,15,1,1,allocated
830,1287,normal,0,0,65535_65535,0,4,3538,195,0,1,0,10,0,16,1,1,pre_allocation
830,1287,normal,0,0,65535_65535,0,4,3538,214,1,1,1,11,214,16,1,1,allocated
830,1287,normal,0,0,65535_65535,0,1,3069,452,0,1,0,10,0,28,1,1,pre_allocation
830,1287,normal,0,0,65535_65535,0,1,3069,497,1,1,1,11,497,28,1,1,allocated
830,1287,normal,0,0,65535_65535,0,5,1320951,193,0,1,0,11,0,15,1,1,pre_allocation
830,1287,normal,0,0,65535_65535,0,5,1320951,210,1,1,1,12,210,15,1,1,allocated
830,1287,normal,0,0,65535_65535,0,4,3538,214,0,1,0,11,0,16,1,1,pre_allocation
830,1287,normal,0,0,65535_65535,0,4,3538,234,1,1,1,12,234,16,1,1,allocated
830,1287,normal,0,0,65535_65535,0,1,3069,497,0,1,0,11,0,28,1,1,pre_allocation
830,1287,normal,0,0,65535_65535,0,1,3069,543,1,1,1,12,543,28,1,1,allocated
830,1287,normal,0,0,65535_65535,0,5,1320951,210,0,1,0,12,0,15,1,1,pre_allocation
830,1287,normal,0,0,65535_65535,0,5,1320951,228,1,1,1,13,228,15,1,1,allocated
830,1287,normal,0,0,65535_65535,0,4,3538,234,0,1,0,12,0,16,1,1,pre_allocation
830,1287,normal,0,0,65535_65535,0,4,3538,254,1,1,1,13,254,16,1,1,allocated
830,1287,normal,0,0,65535_65535,0,1,3069,543,0,1,0,12,0,28,1,1,pre_allocation
830,1287,normal,0,0,65535_65535,0,1,3069,589,1,1,1,13,589,28,1,1,allocated
830,1287,normal,0,0,65535_65535,0,5,1320951,228,0,1,0,13,0,15,1,1,pre_allocation
830,1287,normal,0,0,65535_65535,0,5,1320951,246,1,1,1,14,246,15,1,1,allocated
830,1287,normal,0,0,65535_65535,0,4,3538,254,0,1,0,13,0,16,1,1,pre_allocation
830,1287,normal,0,0,65535_65535,0,4,3538,274,1,1,1,14,274,16,1,1,allocated
830,1287,normal,0,0,65535_65535,0,1,3069,589,0,1,0,13,0,28,1,1,pre_allocation
830,1287,normal,0,0,65535_65535,0,1,3069,634,1,1,1,14,634,28,1,1,allocated
830,1287,normal,0,0,65535_65535,0,5,1320951,246,0,1,0,14,0,15,1,1,pre_allocation
830,1287,normal,0,0,65535_65535,0,5,1320951,264,1,1,1,15,264,15,1,1,allocated
830,1287,normal,0,0,65535_65535,0,4,3538,274,0,1,0,14,0,16,1,1,pre_allocation
830,1287,normal,0,0,65535_65535,0,4,3538,294,1,1,1,15,294,16,1,1,allocated
830,1287,normal,0,0,65535_65535,0,1,3069,634,0,1,0,14,0,28,1,1,pre_allocation
830,1287,normal,0,0,65535_65535,0,1,3069,680,1,1,1,15,680,28,1,1,allocated
830,1287,normal,0,0,65535_65535,0,5,1320951,264,0,1,0,15,0,15,1,1,pre_allocation
830,1287,normal,0,0,65535_65535,0,5,1320951,282,1,1,1,16,282,15,1,1,allocated
830,1287,normal,0,0,65535_65535,0,4,3538,294,0,1,0,15,0,16,1,1,pre_allocation
830,1287,normal,0,0,65535_65535,0,4,3538,313,1,1,1,16,313,16,1,1,allocated
830,1287,normal,0,0,65535_65535,0,1,3069,680,0,1,0,15,0,28,1,1,pre_allocation
830,1287,normal,0,0,65535_65535,0,1,3069,725,1,1,1,16,725,28,1,1,allocated
830,1287,normal,0,0,65535_65535,0,5,1320951,282,0,1,0,16,0,15,1,1,pre_allocation
830,1287,normal,0,0,65535_65535,0,5,1320951,299,1,1,1,17,299,15,1,1,allocated
830,1287,normal,0,0,65535_65535,0,4,3538,313,0,1,0,16,0,16,1,1,pre_allocation
830,1287,normal,0,0,65535_65535,0,4,3538,333,1,1,1,17,333,16,1,1,allocated
830,1287,normal,0,0,65535_65535,0,1,3069,725,0,1,0,16,0,28,1,1,pre_allocation
830,1287,normal,0,0,65535_65535,0,1,3069,771,1,1,1,17,771,28,1,1,allocated
830,1287,normal,0,0,65535_65535,0,5,1320951,299,0,1,0,17,0,15,1,1,pre_allocation
830,1287,normal,0,0,65535_65535,0,5,1320951,317,1,1,1,18,317,15,1,1,allocated
830,1287,normal,0,0,65535_65535,0,4,3538,333,0,1,0,17,0,16,1,1,pre_allocation
830,1287,normal,0,0,65535_65535,0,4,3538,353,1,1,1,18,353,16,1,1,allocated
830,1287,normal,0,0,65535_65535,0,1,3069,771,0,1,0,17,0,28,1,1,pre_allocation
830,1287,normal,0,0,65535_65535,0,1,3069,816,1,1,1,18,816,28,1,1,allocated
830,1287,normal,0,0,65535_65535,0,5,1320951,317,0,1,0,18,0,15,1,1,pre_allocation
830,1287,normal,0,0,65535_65535,0,5,1320951,335,1,1,1,19,335,15,1,1,allocated
830,1287,normal,0,0,65535_65535,0,4,3538,353,0,1,0,18,0,16,1,1,pre_allocation
830,1287,normal,0,0,65535_65535,0,4,3538,373,1,1,1,19,373,16,1,1,allocated
830,1287,normal,0,0,65535_65535,0,1,3069,816,0,1,0,18,0,28,1,1,pre_allocation
830,1287,normal,0,0,65535_65535,0,1,3069,862,1,1,1,19,862,28,1,1,allocated
830,1287,normal,0,0,65535_65535,0,5,1320951,335,0,1,0,19,0,15,1,1,pre_allocation
830,1287,normal,0,0,65535_65535,0,5,1320951,353,1,1,1,20,353,15,1,1,allocated
830,1287,normal,0,0,65535_65535,0,4,3538,373,0,1,0,19,0,16,1,1,pre_allocation
830,1287,normal,0,0,65535_65535,0,4,3538,393,1,1,1,20,393,16,1,1,allocated
830,1287,normal,0,0,65535_65535,0,1,3069,862,0,1,0,19,0,28,1,1,pre_allocation
830,1287,normal,0,0,65535_65535,0,1,3069,907,1,1,1,20,907,28,1,1,allocated
830,1287,normal,0,0,65535_65535,0,5,1320951,353,0,1,0,20,0,15,1,1,pre_allocation
830,1287,normal,0,0,65535_65535,0,5,1320951,371,1,1,1,21,371,15,1,1,allocated
830,1287,normal,0,0,65535_65535,0,4,3538,393,0,1,0,20,0,16,1,1,pre_allocation
830,1287,normal,0,0,65535_65535,0,4,3538,412,1,1,1,21,412,16,1,1,allocated
830,1287,normal,0,0,65535_65535,0,1,3069,907,0,1,0,20,0,28,1,1,pre_allocation
830,1287,normal,0,0,65535_65535,0,1,3069,953,1,1,1,21,953,28,1,1,allocated
830,1287,normal,0,0,65535_65535,0,5,1320951,371,0,1,0,21,0,15,1,1,pre_allocation
830,1287,normal,0,0,65535_65535,0,5,1320951,389,1,1,1,22,389,15,1,1,allocated
830,1287,normal,0,0,65535_65535,0,4,3538,412,0,1,0,21,0,16,1,1,pre_allocation
830,1287,normal,0,0,65535_65535,0,4,3538,432,1,1,1,22,432,16,1,1,allocated
830,1287,normal,0,0,65535_65535,0,1,3069,953,0,1,0,21,0,28,1,1,pre_allocation
830,1287,normal,0,0,65535_65535,0,1,3069,998,1,1,1,22,998,28,1,1,allocated
830,1287,normal,0,0,65535_65535,1,7,87,0,0,1,0,0,0,28,1,1,pre_allocation
830,1287,normal,0,0,65535_65535,1,7,87,42,1,1,1,1,42,28,1,1,allocated
830,1287,normal,0,0,65535_65535,1,9,87,0,0,1,0,0,0,28,1,1,pre_allocation
830,1287,normal,0,0,65535_65535,1,9,87,42,1,1,1,1,42,28,1,1,allocated
830,1287,normal,0,0,65535_65535,1,6,87,0,0,1,0,0,0,28,1,1,pre_allocation
830,1287,normal,0,0,65535_65535,1,6,87,42,1,1,1,1,42,28,1,1,allocated
830,1287,normal,0,0,65535_65535,1,8,87,0,0,1,0,0,0,28,1,1,pre_allocation
830,1287,normal,0,0,65535_65535,1,8,87,42,1,1,1,1,42,28,1,1,allocated
830,1287,normal,0,0,65535_65535,1,7,87,42,0,1,0,1,0,28,1,1,pre_allocation
830,1287,normal,0,0,65535_65535,1,7,87,88,1,1,1,2,88,28,1,1,allocated
830,1287,normal,0,0,65535_65535,1,9,87,42,0,1,0,1,0,28,1,1,pre_allocation
830,1287,normal,0,0,65535_65535,1,9,87,88,1,1,1,2,88,28,1,1,allocated
830,1287,normal,0,0,65535_65535,1,6,87,42,0,1,0,1,0,28,1,1,pre_allocation
830,1287,normal,0,0,65535_65535,1,6,87,88,1,1,1,2,88,28,1,1,allocated
830,1287,normal,0,0,65535_65535,1,8,87,42,0,1,0,1,0,28,1,1,pre_allocation
830,1287,normal,0,0,65535_65535,1,8,87,88,1,1,1,2,88,28,1,1,allocated
830,1287,normal,0,0,65535_65535,1,7,87,88,0,1,0,2,0,28,1,1,pre_allocation
830,1287,normal,0,0,65535_65535,1,7,87,133,1,1,1,3,133,28,1,1,allocated
830,1287,normal,0,0,65535_65535,1,9,87,88,0,1,0,2,0,28,1,1,pre_allocation
830,1287,normal,0,0,65535_65535,1,9,87,133,1,1,1,3,133,28,1,1,allocated
830,1287,normal,0,0,65535_65535,1,6,87,88,0,1,0,2,0,28,1,1,pre_allocation
830,1287,normal,0,0,65535_65535,1,6,87,133,1,1,1,3,133,28,1,1,allocated
830,1287,normal,0,0,65535_65535,1,8,87,88,0,1,0,2,0,28,1,1,pre_allocation
830,1287,normal,0,0,65535_65535,1,8,87,133,1,1,1,3,133,28,1,1,allocated
830,1287,normal,0,0,65535_65535,1,7,87,133,0,1,0,3,0,28,1,1,pre_allocation
830,1287,normal,0,0,65535_65535,1,7,87,179,1,1,1,4,179,28,1,1,allocated
830,1287,normal,0,0,65535_65535,1,9,87,133,0,1,0,3,0,28,1,1,pre_allocation
830,1287,normal,0,0,65535_65535,1,9,87,179,1,1,1,4,179,28,1,1,allocated
830,1287,normal,0,0,65535_65535,1,6,87,133,0,1,0,3,0,28,1,1,pre_allocation
830,1287,normal,0,0,65535_65535,1,6,87,179,1,1,1,4,179,28,1,1,allocated
830,1287,normal,0,0,65535_65535,1,8,87,133,0,1,0,3,0,28,1,1,pre_allocation
830,1287,normal,0,0,65535_65535,1,8,87,179,1,1,1,4,179,28,1,1,allocated
830,1287,normal,0,0,65535_65535,1,7,87,179,0,1,0,4,0,28,1,1,pre_allocation
830,1287,normal,0,0,65535_65535,1,7,87,224,1,1,1,5,224,28,1,1,allocated
830,1287,normal,0,0,65535_65535,1,9,87,179,0,1,0,4,0,28,1,1,pre_allocation
830,1287,normal,0,0,65535_65535,1,9,87,224,1,1,1,5,224,28,1,1,allocated
830,1287,normal,0,0,65535_65535,1,6,87,179,0,1,0,4,0,28,1,1,pre_allocation
830,1287,normal,0,0,65535_65535,1,6,87,224,1,1,1,5,224,28,1,1,allocated
830,1287,normal,0,0,65535_65535,1,8,87,179,0,1,0,4,0,28,1,1,pre_allocation
830,1287,normal,0,0,65535_65535,1,8,87,224,1,1,1,5,224,28,1,1,allocated
830,1287,normal,0,0,65535_65535,1,7,87,224,0,1,0,5,0,28,1,1,pre_allocation
830,1287,normal,0,0,65535_65535,1,7,87,270,1,1,1,6,270,28,1,1,allocated
830,1287,normal,0,0,65535_65535,1,9,87,224,0,1,0,5,0,28,1,1,pre_allocation
830,1287,normal,0,0,65535_65535,1,9,87,270,1,1,1,6,270,28,1,1,allocated
830,1287,normal,0,0,65535_65535,1,6,87,224,0,1,0,5,0,28,1,1,pre_allocation
830,1287,normal,0,0,65535_65535,1,6,87,270,1,1,1,6,270,28,1,1,allocated
830,1287,normal,0,0,65535_65535,1,8,87,224,0,1,0,5,0,28,1,1,pre_allocation
830,1287,normal,0,0,65535_65535,1,8,87,270,1,1,1,6,270,28,1,1,allocated
830,1287,normal,0,0,65535_65535,1,7,87,270,0,1,0,6,0,28,1,1,pre_allocation
830,1287,normal,0,0,65535_65535,1,7,87,315,1,1,1,7,315,28,1,1,allocated
830,1287,normal,0,0,65535_65535,1,9,87,270,0,1,0,6,0,28,1,1,pre_allocation
830,1287,normal,0,0,65535_65535,1,9,87,315,1,1,1,7,315,28,1,1,allocated
830,1287,normal,0,0,65535_65535,1,6,87,270,0,1,0,6,0,28,1,1,pre_allocation
830,1287,normal,0,0,65535_65535,1,6,87,315,1,1,1,7,315,28,1,1,allocated
830,1287,normal,0,0,65535_65535,1,8,87,270,0,1,0,6,0,28,1,1,pre_allocation
830,1287,normal,0,0,65535_65535,1,8,87,315,1,1,1,7,315,28,1,1,allocated
830,1287,normal,0,0,65535_65535,1,7,87,315,0,1,0,7,0,28,1,1,pre_allocation
830,1287,normal,0,0,65535_65535,1,7,87,361,1,1,1,8,361,28,1,1,allocated
830,1287,normal,0,0,65535_65535,1,9,87,315,0,1,0,7,0,28,1,1,pre_allocation
830,1287,normal,0,0,65535_65535,1,9,87,361,1,1,1,8,361,28,1,1,allocated
830,1287,normal,0,0,65535_65535,1,6,87,315,0,1,0,7,0,28,1,1,pre_allocation
830,1287,normal,0,0,65535_65535,1,6,87,361,1,1,1,8,361,28,1,1,allocated
830,1287,normal,0,0,65535_65535,1,8,87,315,0,1,0,7,0,28,1,1,pre_allocation
830,1287,normal,0,0,65535_65535,1,8,87,361,1,1,1,8,361,28,1,1,allocated
830,1287,normal,0,0,65535_65535,1,7,87,361,0,1,0,8,0,28,1,1,pre_allocation
830,1287,normal,0,0,65535_65535,1,7,87,406,1,1,1,9,406,28,1,1,allocated
830,1287,normal,0,0,65535_65535,1,9,87,361,0,1,0,8,0,28,1,1,pre_allocation
830,1287,normal,0,0,65535_65535,1,9,87,406,1,1,1,9,406,28,1,1,allocated
830,1287,normal,0,0,65535_65535,1,6,87,361,0,1,0,8,0,28,1,1,pre_allocation
830,1287,normal,0,0,65535_65535,1,6,87,406,1,1,1,9,406,28,1,1,allocated
830,1287,normal,0,0,65535_65535,1,8,87,361,0,1,0,8,0,28,1,1,pre_allocation
830,1287,normal,0,0,65535_65535,1,8,87,406,1,1,1,9,406,28,1,1,allocated
830,1287,normal,0,0,65535_65535,1,7,87,406,0,1,0,9,0,28,1,1,pre_allocation
830,1287,normal,0,0,65535_65535,1,7,87,452,1,1,1,10,452,28,1,1,allocated
830,1287,normal,0,0,65535_65535,1,9,87,406,0,1,0,9,0,28,1,1,pre_allocation
830,1287,normal,0,0,65535_65535,1,9,87,452,1,1,1,10,452,28,1,1,allocated
830,1287,normal,0,0,65535_65535,1,6,87,406,0,1,0,9,0,28,1,1,pre_allocation
830,1287,normal,0,0,65535_65535,1,6,87,452,1,1,1,10,452,28,1,1,allocated
830,1287,normal,0,0,65535_65535,1,8,87,406,0,1,0,9,0,28,1,1,pre_allocation
830,1287,normal,0,0,65535_65535,1,8,87,452,1,1,1,10,452,28,1,1,allocated
830,1287,normal,0,0,65535_65535,1,7,87,452,0,1,0,10,0,28,1,1,pre_allocation
830,1287,normal,0,0,65535_65535,1,7,87,497,1,1,1,11,497,28,1,1,allocated
830,1287,normal,0,0,65535_65535,1,9,87,452,0,1,0,10,0,28,1,1,pre_allocation
830,1287,normal,0,0,65535_65535,1,9,87,497,1,1,1,11,497,28,1,1,allocated
830,1287,normal,0,0,65535_65535,1,6,87,452,0,1,0,10,0,28,1,1,pre_allocation
830,1287,normal,0,0,65535_65535,1,6,87,497,1,1,1,11,497,28,1,1,allocated
830,1287,normal,0,0,65535_65535,1,8,87,452,0,1,0,10,0,28,1,1,pre_allocation
830,1287,normal,0,0,65535_65535,1,8,87,497,1,1,1,11,497,28,1,1,allocated
830,1287,normal,0,0,65535_65535,1,7,87,497,0,1,0,11,0,28,1,1,pre_allocation
830,1287,normal,0,0,65535_65535,1,7,87,543,1,1,1,12,543,28,1,1,allocated
830,1287,normal,0,0,65535_65535,1,9,87,497,0,1,0,11,0,28,1,1,pre_allocation
830,1287,normal,0,0,65535_65535,1,9,87,543,1,1,1,12,543,28,1,1,allocated
830,1287,normal,0,0,65535_65535,1,6,87,497,0,1,0,11,0,28,1,1,pre_allocation
830,1287,normal,0,0,65535_65535,1,6,87,543,1,1,1,12,543,28,1,1,allocated
830,1287,normal,0,0,65535_65535,1,8,87,497,0,1,0,11,0,28,1,1,pre_allocation
830,1287,normal,0,0,65535_65535,1,8,87,543,1,1,1,12,543,28,1,1,allocated
830,1287,normal,0,0,65535_65535,1,7,87,543,0,1,0,12,0,28,1,1,pre_allocation
830,1287,normal,0,0,65535_65535,1,7,87,589,1,1,1,13,589,28,1,1,allocated
830,1287,normal,0,0,65535_65535,1,9,87,543,0,1,0,12,0,28,1,1,pre_allocation
830,1287,normal,0,0,65535_65535,1,9,87,589,1,1,1,13,589,28,1,1,allocated
830,1287,normal,0,0,65535_65535,1,6,87,543,0,1,0,12,0,28,1,1,pre_allocation
830,1287,normal,0,0,65535_65535,1,6,87,589,1,1,1,13,589,28,1,1,allocated
830,1287,normal,0,0,65535_65535,1,8,87,543,0,1,0,12,0,28,1,1,pre_allocation
830,1287,normal,0,0,65535_65535,1,8,87,589,1,1,1,13,589,28,1,1,allocated
830,1287,normal,0,0,65535_65535,1,7,87,589,0,1,0,13,0,28,1,1,pre_allocation
830,1287,normal,0,0,65535_65535,1,7,87,634,1,1,1,14,634,28,1,1,allocated
830,1287,normal,0,0,65535_65535,1,9,87,589,0,1,0,13,0,28,1,1,pre_allocation
830,1287,normal,0,0,65535_65535,1,9,87,634,1,1,1,14,634,28,1,1,allocated
830,1287,normal,0,0,65535_65535,1,6,87,589,0,1,0,13,0,28,1,1,pre_allocation
830,1287,normal,0,0,65535_65535,1,6,87,634,1,1,1,14,634,28,1,1,allocated
830,1287,normal,0,0,65535_65535,1,8,87,589,0,1,0,13,0,28,1,1,pre_allocation
830,1287,normal,0,0,65535_65535,1,8,87,634,1,1,1,14,634,28,1,1,allocated
830,1287,normal,0,0,65535_65535,1,7,87,634,0,1,0,14,0,28,1,1,pre_allocation
830,1287,normal,0,0,65535_65535,1,7,87,680,1,1,1,15,680,28,1,1,allocated
830,1287,normal,0,0,65535_65535,1,9,87,634,0,1,0,14,0,28,1,1,pre_allocation
830,1287,normal,0,0,65535_65535,1,9,87,680,1,1,1,15,680,28,1,1,allocated
830,1287,normal,0,0,65535_65535,1,6,87,634,0,1,0,14,0,28,1,1,pre_allocation
830,1287,normal,0,0,65535_65535,1,6,87,680,1,1,1,15,680,28,1,1,allocated
830,1287,normal,0,0,65535_65535,1,8,87,634,0,1,0,14,0,28,1,1,pre_allocation
830,1287,normal,0,0,65535_65535,1,8,87,680,1,1,1,15,680,28,1,1,allocated
830,1287,normal,0,0,65535_65535,1,7,87,680,0,1,0,15,0,28,1,1,pre_allocation
830,1287,normal,0,0,65535_65535,1,7,87,725,1,1,1,16,725,28,1,1,allocated
830,1287,normal,0,0,65535_65535,1,9,87,680,0,1,0,15,0,28,1,1,pre_allocation
830,1287,normal,0,0,65535_65535,1,9,87,725,1,1,1,16,725,28,1,1,allocated
830,1287,normal,0,0,65535_65535,1,6,87,680,0,1,0,15,0,28,1,1,pre_allocation
830,1287,normal,0,0,65535_65535,1,6,87,725,1,1,1,16,725,28,1,1,allocated
830,1287,normal,0,0,65535_65535,1,8,87,680,0,1,0,15,0,28,1,1,pre_allocation
830,1287,normal,0,0,65535_65535,1,8,87,725,1,1,1,16,725,28,1,1,allocated
830,1287,normal,0,0,65535_65535,1,7,87,725,0,1,0,16,0,28,1,1,pre_allocation
830,1287,normal,0,0,65535_65535,1,7,87,771,1,1,1,17,771,28,1,1,allocated
830,1287,normal,0,0,65535_65535,1,9,87,725,0,1,0,16,0,28,1,1,pre_allocation
830,1287,normal,0,0,65535_65535,1,9,87,771,1,1,1,17,771,28,1,1,allocated
830,1287,normal,0,0,65535_65535,1,6,87,725,0,1,0,16,0,28,1,1,pre_allocation
830,1287,normal,0,0,65535_65535,1,6,87,771,1,1,1,17,771,28,1,1,allocated
830,1287,normal,0,0,65535_65535,1,8,87,725,0,1,0,16,0,28,1,1,pre_allocation
830,1287,normal,0,0,65535_65535,1,8,87,771,1,1,1,17,771,28,1,1,allocated
830,1287,normal,0,0,65535_65535,1,7,87,771,0,1,0,17,0,28,1,1,pre_allocation
830,1287,normal,0,0,65535_65535,1,7,87,816,1,1,1,18,816,28,1,1,allocated
830,1287,normal,0,0,65535_65535,1,9,87,771,0,1,0,17,0,28,1,1,pre_allocation
830,1287,normal,0,0,65535_65535,1,9,87,816,1,1,1,18,816,28,1,1,allocated
830,1287,normal,0,0,65535_65535,1,6,87,771,0,1,0,17,0,28,1,1,pre_allocation
830,1287,normal,0,0,65535_65535,1,6,87,816,1,1,1,18,816,28,1,1,allocated
830,1287,normal,0,0,65535_65535,1,8,87,771,0,1,0,17,0,28,1,1,pre_allocation
830,1287,normal,0,0,65535_65535,1,8,87,816,1,1,1,18,816,28,1,1,allocated
830,1287,normal,0,0,65535_65535,1,7,87,816,0,1,0,18,0,28,1,1,pre_allocation
830,1287,normal,0,0,65535_65535,1,7,87,862,1,1,1,19,862,28,1,1,allocated
830,1287,normal,0,0,65535_65535,1,9,87,816,0,1,0,18,0,28,1,1,pre_allocation
830,1287,normal,0,0,65535_65535,1,9,87,862,1,1,1,19,862,28,1,1,allocated
830,1287,normal,0,0,65535_65535,1,6,87,816,0,1,0,18,0,28,1,1,pre_allocation
830,1287,normal,0,0,65535_65535,1,6,87,862,1,1,1,19,862,28,1,1,allocated
830,1287,normal,0,0,65535_65535,1,8,87,816,0,1,0,18,0,28,1,1,pre_allocation
830,1287,normal,0,0,65535_65535,1,8,87,862,1,1,1,19,862,28,1,1,allocated
830,1287,normal,0,0,65535_65535,1,7,87,862,0,1,0,19,0,28,1,1,pre_allocation
830,1287,normal,0,0,65535_65535,1,7,87,907,1,1,1,20,907,28,1,1,allocated
830,1287,normal,0,0,65535_65535,1,9,87,862,0,1,0,19,0,28,1,1,pre_allocation
830,1287,normal,0,0,65535_65535,1,9,87,907,1,1,1,20,907,28,1,1,allocated
830,1287,normal,0,0,65535_65535,1,6,87,862,0,1,0,19,0,28,1,1,pre_allocation
830,1287,normal,0,0,65535_65535,1,6,87,907,1,1,1,20,907,28,1,1,allocated
830,1287,normal,0,0,65535_65535,1,8,87,862,0,1,0,19,0,28,1,1,pre_allocation
830,1287,normal,0,0,65535_65535,1,8,87,907,1,1,1,20,907,28,1,1,allocated
830,1287,normal,0,0,65535_65535,1,7,87,907,0,1,0,20,0,28,1,1,pre_allocation
830,1287,normal,0,0,65535_65535,1,7,87,953,1,1,1,21,953,28,1,1,allocated
830,1287,normal,0,0,65535_65535,1,9,87,907,0,1,0,20,0,28,1,1,pre_allocation
830,1287,normal,0,0,65535_65535,1,9,87,953,1,1,1,21,953,28,1,1,allocated
830,1287,normal,0,0,65535_65535,1,6,87,907,0,1,0,20,0,28,1,1,pre_allocation
830,1287,normal,0,0,65535_65535,1,6,87,953,1,1,1,21,953,28,1,1,allocated
830,1287,normal,0,0,65535_65535,1,8,87,907,0,1,0,20,0,28,1,1,pre_allocation
830,1287,normal,0,0,65535_65535,1,8,87,953,1,1,1,21,953,28,1,1,allocated
830,1287,normal,0,0,65535_65535,1,7,87,953,0,1,0,21,0,28,1,1,pre_allocation
830,1287,normal,0,0,65535_65535,1,7,87,998,1,1,1,22,998,28,1,1,allocated
830,1287,normal,0,0,65535_65535,1,9,87,953,0,1,0,21,0,28,1,1,pre_allocation
830,1287,normal,0,0,65535_65535,1,9,87,998,1,1,1,22,998,28,1,1,allocated
830,1287,normal,0,0,65535_65535,1,6,87,953,0,1,0,21,0,28,1,1,pre_allocation
830,1287,normal,0,0,65535_65535,1,6,87,998,1,1,1,22,998,28,1,1,allocated
830,1287,normal,0,0,65535_65535,1,8,87,953,0,1,0,21,0,28,1,1,pre_allocation
830,1287,normal,0,0,65535_65535,1,8,87,998,1,1,1,22,998,28,1,1,allocated
830,1287,normal,0,0,65535_65535,1,7,87,998,0,1,0,22,0,28,1,1,pre_allocation
830,1287,normal,0,0,65535_65535,1,7,87,1044,1,1,1,23,1044,28,1,1,allocated
830,1287,normal,0,0,65535_65535,1,9,87,998,0,1,0,22,0,28,1,1,pre_allocation
830,1287,normal,0,0,65535_65535,1,9,87,1044,1,1,1,23,1044,28,1,1,allocated
830,1287,normal,0,0,65535_65535,1,6,87,998,0,1,0,22,0,28,1,1,pre_allocation
830,1287,normal,0,0,65535_65535,1,6,87,1044,1,1,1,23,1044,28,1,1,allocated
830,1287,normal,0,0,65535_65535,1,8,87,998,0,1,0,22,0,28,1,1,pre_allocation
830,1287,normal,0,0,65535_65535,1,8,87,1044,1,1,1,23,1044,28,1,1,allocated
830,1287,normal,0,0,65535_65535,1,7,87,1044,0,1,0,23,0,28,1,1,pre_allocation
830,1287,normal,0,0,65535_65535,1,7,87,1089,1,1,1,24,1089,28,1,1,allocated
830,1287,normal,0,0,65535_65535,1,9,87,1044,0,1,0,23,0,28,1,1,pre_allocation
830,1287,normal,0,0,65535_65535,1,9,87,1089,1,1,1,24,1089,28,1,1,allocated
830,1287,normal,0,0,65535_65535,1,6,87,1044,0,1,0,23,0,28,1,1,pre_allocation
830,1287,normal,0,0,65535_65535,1,6,87,1089,1,1,1,24,1089,28,1,1,allocated
830,1287,normal,0,0,65535_65535,1,8,87,1044,0,1,0,23,0,28,1,1,pre_allocation
830,1287,normal,0,0,65535_65535,1,8,87,1089,1,1,1,24,1089,28,1,1,allocated
830,1287,normal,0,0,65535_65535,1,7,87,1089,0,1,0,24,0,28,1,1,pre_allocation
830,1287,normal,0,0,65535_65535,1,7,87,1135,1,1,1,25,1135,28,1,1,allocated
830,1287,normal,0,0,65535_65535,1,9,87,1089,0,1,0,24,0,28,1,1,pre_allocation
830,1287,normal,0,0,65535_65535,1,9,87,1135,1,1,1,25,1135,28,1,1,allocated
830,1287,normal,0,0,65535_65535,1,6,87,1089,0,1,0,24,0,28,1,1,pre_allocation
830,1287,normal,0,0,65535_65535,1,6,87,1135,1,1,1,25,1135,28,1,1,allocated
830,1287,normal,0,0,65535_65535,1,8,87,1089,0,1,0,24,0,28,1,1,pre_allocation
830,1287,normal,0,0,65535_65535,1,8,87,1135,1,1,1,25,1135,28,1,1,allocated
830,1287,normal,0,0,65535_65535,1,7,87,1135,0,1,0,25,0,28,1,1,pre_allocation
830,1287,normal,0,0,65535_65535,1,7,87,1181,1,1,1,26,1181,28,1,1,allocated
830,1287,normal,0,0,65535_65535,1,9,87,1135,0,1,0,25,0,28,1,1,pre_allocation
830,1287,normal,0,0,65535_65535,1,9,87,1181,1,1,1,26,1181,28,1,1,allocated
830,1287,normal,0,0,65535_65535,1,6,87,1135,0,1,0,25,0,28,1,1,pre_allocation
830,1287,normal,0,0,65535_65535,1,6,87,1181,1,1,1,26,1181,28,1,1,allocated
830,1287,normal,0,0,65535_65535,1,8,87,1135,0,1,0,25,0,28,1,1,pre_allocation
830,1287,normal,0,0,65535_65535,1,8,87,1181,1,1,1,26,1181,28,1,1,allocated
830,1287,normal,0,0,65535_65535,1,7,87,1181,0,1,0,26,0,28,1,1,pre_allocation
830,1287,normal,0,0,65535_65535,1,7,87,1226,1,1,1,27,1226,28,1,1,allocated
830,1287,normal,0,0,65535_65535,1,9,87,1181,0,1,0,26,0,28,1,1,pre_allocation
830,1287,normal,0,0,65535_65535,1,9,87,1226,1,1,1,27,1226,28,1,1,allocated
830,1287,normal,0,0,65535_65535,1,6,87,1181,0,1,0,26,0,28,1,1,pre_allocation
830,1287,normal,0,0,65535_65535,1,6,87,1226,1,1,1,27,1226,28,1,1,allocated
830,1287,normal,0,0,65535_65535,1,8,87,1181,0,1,0,26,0,28,1,1,pre_allocation
830,1287,normal,0,0,65535_65535,1,8,87,1226,1,1,1,27,1226,28,1,1,allocated
830,1287,normal,0,0,65535_65535,1,7,87,1226,0,1,0,27,0,28,1,1,pre_allocation
830,1287,normal,0,0,65535_65535,1,7,87,1272,1,1,1,28,1272,28,1,1,allocated
830,1287,normal,0,0,65535_65535,1,9,87,1226,0,1,0,27,0,28,1,1,pre_allocation
830,1287,normal,0,0,65535_65535,1,9,87,1272,1,1,1,28,1272,28,1,1,allocated
830,1287,normal,0,0,65535_65535,1,6,87,1226,0,1,0,27,0,28,1,1,pre_allocation
830,1287,normal,0,0,65535_65535,1,6,87,1272,1,1,1,28,1272,28,1,1,allocated
830,1287,normal,0,0,65535_65535,1,8,87,1226,0,1,0,27,0,28,1,1,pre_allocation
830,1287,normal,0,0,65535_65535,1,8,87,1272,1,1,1,28,1272,28,1,1,allocated
830,1287,normal,0,0,65535_65535,1,7,87,1272,0,1,0,28,0,28,1,1,pre_allocation
830,1287,normal,0,0,65535_65535,1,7,87,1317,1,1,1,29,1317,28,1,1,allocated
830,1287,normal,0,0,65535_65535,1,9,87,1272,0,1,0,28,0,28,1,1,pre_allocation
830,1287,normal,0,0,65535_65535,1,9,87,1317,1,1,1,29,1317,28,1,1,allocated
830,1287,normal,0,0,65535_65535,1,6,87,1272,0,1,0,28,0,28,1,1,pre_allocation
830,1287,normal,0,0,65535_65535,1,6,87,1317,1,1,1,29,1317,28,1,1,allocated
830,1287,normal,0,0,65535_65535,1,8,87,1272,0,1,0,28,0,28,1,1,pre_allocation
830,1287,normal,0,0,65535_65535,1,8,87,1317,1,1,1,29,1317,28,1,1,allocated
830,1287,normal,0,0,65535_65535,1,7,87,1317,0,1,0,29,0,28,1,1,pre_allocation
830,1287,normal,0,0,65535_65535,1,7,87,1363,1,1,1,30,1363,28,1,1,allocated
830,1287,normal,0,0,65535_65535,1,9,87,1317,0,1,0,29,0,28,1,1,pre_allocation
830,1287,normal,0,0,65535_65535,1,9,87,1363,1,1,1,30,1363,28,1,1,allocated
830,1287,normal,0,0,65535_65535,1,6,87,1317,0,1,0,29,0,28,1,1,pre_allocation
830,1287,normal,0,0,65535_65535,1,6,87,1363,1,1,1,30,1363,28,1,1,allocated
830,1287,normal,0,0,65535_65535,1,8,87,1317,0,1,0,29,0,28,1,1,pre_allocation
830,1287,normal,0,0,65535_65535,1,8,87,1363,1,1,1,30,1363,28,1,1,allocated
830,1287,normal,0,0,65535_65535,1,7,87,1363,0,1,0,30,0,28,1,1,pre_allocation
830,1287,normal,0,0,65535_65535,1,7,87,1408,1,1,1,31,1408,28,1,1,allocated
830,1287,normal,0,0,65535_65535,1,9,87,1363,0,1,0,30,0,28,1,1,pre_allocation
830,1287,normal,0,0,65535_65535,1,9,87,1408,1,1,1,31,1408,28,1,1,allocated
830,1287,normal,0,0,65535_65535,1,6,87,1363,0,1,0,30,0,28,1,1,pre_allocation
830,1287,normal,0,0,65535_65535,1,6,87,1408,1,1,1,31,1408,28,1,1,allocated
830,1287,normal,0,0,65535_65535,1,8,87,1363,0,1,0,30,0,28,1,1,pre_allocation
830,1287,normal,0,0,65535_65535,1,8,87,1408,1,1,1,31,1408,28,1,1,allocated
830,1287,normal,0,0,65535_65535,1,7,87,1408,0,1,0,31,0,28,1,1,pre_allocation
830,1287,normal,0,0,65535_65535,1,7,87,1454,1,1,1,32,1454,28,1,1,allocated
830,1287,normal,0,0,65535_65535,1,9,87,1408,0,1,0,31,0,28,1,1,pre_allocation
830,1287,normal,0,0,65535_65535,1,9,87,1454,1,1,1,32,1454,28,1,1,allocated
830,1287,normal,0,0,65535_65535,1,6,87,1408,0,1,0,31,0,28,1,1,pre_allocation
830,1287,normal,0,0,65535_65535,1,6,87,1454,1,1,1,32,1454,28,1,1,allocated
830,1287,normal,0,0,65535_65535,1,8,87,1408,0,1,0,31,0,28,1,1,pre_allocation
830,1287,normal,0,0,65535_65535,1,8,87,1454,1,1,1,32,1454,28,1,1,allocated
830,1287,normal,0,0,65535_65535,1,7,87,1454,0,1,0,32,0,28,1,1,pre_allocation
830,1287,normal,0,0,65535_65535,1,7,87,1499,1,1,1,33,1499,28,1,1,allocated
830,1287,normal,0,0,65535_65535,1,9,87,1454,0,1,0,32,0,28,1,1,pre_allocation
830,1287,normal,0,0,65535_65535,1,9,87,1499,1,1,1,33,1499,28,1,1,allocated
830,1287,normal,0,0,65535_65535,1,6,87,1454,0,1,0,32,0,28,1,1,pre_allocation
830,1287,normal,0,0,65535_65535,1,6,87,1499,1,1,1,33,1499,28,1,1,allocated
830,1287,normal,0,0,65535_65535,1,8,87,1454,0,1,0,32,0,28,1,1,pre_allocation
830,1287,normal,0,0,65535_65535,1,8,87,1499,1,1,1,33,1499,28,1,1,allocated
830,1287,normal,0,0,65535_65535,1,7,87,1499,0,1,0,33,0,28,1,1,pre_allocation
830,1287,normal,0,0,65535_65535,1,7,87,1542,1,1,1,34,1542,28,1,1,allocated
830,1287,normal,0,0,65535_65535,1,9,87,1499,0,1,0,33,0,28,1,1,pre_allocation
830,1287,normal,0,0,65535_65535,1,9,87,1542,1,1,1,34,1542,28,1,1,allocated
830,1287,normal,0,0,65535_65535,1,6,87,1499,0,1,0,33,0,28,1,1,pre_allocation
830,1287,normal,0,0,65535_65535,1,6,87,1542,1,1,1,34,1542,28,1,1,allocated
830,1287,normal,0,0,65535_65535,1,8,87,1499,0,1,0,33,0,28,1,1,pre_allocation
830,1287,normal,0,0,65535_65535,1,8,87,1542,1,1,1,34,1542,28,1,1,allocated
830,1287,normal,0,0,65535_65535,1,7,87,1542,0,1,0,34,0,28,1,1,pre_allocation
830,1287,normal,0,0,65535_65535,1,7,87,1587,1,1,1,35,1587,28,1,1,allocated
830,1287,normal,0,0,65535_65535,1,9,87,1542,0,1,0,34,0,28,1,1,pre_allocation
830,1287,normal,0,0,65535_65535,1,9,87,1587,1,1,1,35,1587,28,1,1,allocated
830,1287,normal,0,0,65535_65535,2,21,137,0,0,1,0,0,0,15,1,1,pre_allocation
830,1287,normal,0,0,65535_65535,2,21,137,14,1,1,1,1,14,15,1,1,allocated
830,1287,normal,0,0,65535_65535,2,11,137,0,0,1,0,0,0,26,1,1,pre_allocation
830,1287,normal,0,0,65535_65535,2,11,137,39,1,1,1,1,39,26,1,1,allocated
830,1287,normal,0,0,65535_65535,2,25,137,0,0,1,0,0,0,15,1,1,pre_allocation
830,1287,normal,0,0,65535_65535,2,25,137,14,1,1,1,1,14,15,1,1,allocated
830,1287,normal,0,0,65535_65535,2,27,137,0,0,1,0,0,0,28,1,1,pre_allocation
830,1287,normal,0,0,65535_65535,2,27,137,42,1,1,1,1,42,28,1,1,allocated
830,1287,normal,0,0,65535_65535,2,26,137,0,0,1,0,0,0,28,1,1,pre_allocation
830,1287,normal,0,0,65535_65535,2,26,137,42,1,1,1,1,42,28,1,1,allocated
830,1287,normal,0,0,65535_65535,2,12,137,0,0,1,0,0,0,28,1,1,pre_allocation
830,1287,normal,0,0,65535_65535,2,12,137,42,1,1,1,1,42,28,1,1,allocated
830,1287,normal,0,0,65535_65535,2,21,137,14,0,1,0,1,0,15,1,1,pre_allocation
830,1287,normal,0,0,65535_65535,2,21,137,32,1,1,1,2,32,15,1,1,allocated
830,1287,normal,0,0,65535_65535,2,11,137,39,0,1,0,1,0,26,1,1,pre_allocation
830,1287,normal,0,0,65535_65535,2,11,137,81,1,1,1,2,81,26,1,1,allocated
830,1287,normal,0,0,65535_65535,2,25,137,14,0,1,0,1,0,15,1,1,pre_allocation
830,1287,normal,0,0,65535_65535,2,25,137,32,1,1,1,2,32,15,1,1,allocated
830,1287,normal,0,0,65535_65535,2,27,137,42,0,1,0,1,0,28,1,1,pre_allocation
830,1287,normal,0,0,65535_65535,2,27,137,88,1,1,1,2,88,28,1,1,allocated
830,1287,normal,0,0,65535_65535,2,26,137,42,0,1,0,1,0,28,1,1,pre_allocation
830,1287,normal,0,0,65535_65535,2,26,137,88,1,1,1,2,88,28,1,1,allocated
830,1287,normal,0,0,65535_65535,2,12,137,42,0,1,0,1,0,28,1,1,pre_allocation
830,1287,normal,0,0,65535_65535,2,12,137,88,1,1,1,2,88,28,1,1,allocated
830,1287,normal,0,0,65535_65535,2,21,137,32,0,1,0,2,0,15,1,1,pre_allocation
830,1287,normal,0,0,65535_65535,2,21,137,50,1,1,1,3,50,15,1,1,allocated
830,1287,normal,0,0,65535_65535,2,11,137,81,0,1,0,2,0,26,1,1,pre_allocation
830,1287,normal,0,0,65535_65535,2,11,137,123,1,1,1,3,123,26,1,1,allocated
830,1287,normal,0,0,65535_65535,2,25,137,32,0,1,0,2,0,15,1,1,pre_allocation
830,1287,normal,0,0,65535_65535,2,25,137,50,1,1,1,3,50,15,1,1,allocated
830,1287,normal,0,0,65535_65535,2,27,137,88,0,1,0,2,0,28,1,1,pre_allocation
830,1287,normal,0,0,65535_65535,2,27,137,133,1,1,1,3,133,28,1,1,allocated
830,1287,normal,0,0,65535_65535,2,26,137,88,0,1,0,2,0,28,1,1,pre_allocation
830,1287,normal,0,0,65535_65535,2,26,137,133,1,1,1,3,133,28,1,1,allocated
830,1287,normal,0,0,65535_65535,2,12,137,88,0,1,0,2,0,28,1,1,pre_allocation
830,1287,normal,0,0,65535_65535,2,12,137,133,1,1,1,3,133,28,1,1,allocated
830,1287,normal,0,0,65535_65535,2,21,137,50,0,1,0,3,0,15,1,1,pre_allocation
830,1287,normal,0,0,65535_65535,2,21,137,68,1,1,1,4,68,15,1,1,allocated
830,1287,normal,0,0,65535_65535,2,11,137,123,0,1,0,3,0,26,1,1,pre_allocation
830,1287,normal,0,0,65535_65535,2,11,137,165,1,1,1,4,165,26,1,1,allocated
830,1287,normal,0,0,65535_65535,2,25,137,50,0,1,0,3,0,15,1,1,pre_allocation
830,1287,normal,0,0,65535_65535,2,25,137,68,1,1,1,4,68,15,1,1,allocated
830,1287,normal,0,0,65535_65535,2,27,137,133,0,1,0,3,0,28,1,1,pre_allocation
830,1287,normal,0,0,65535_65535,2,27,137,179,1,1,1,4,179,28,1,1,allocated
830,1287,normal,0,0,65535_65535,2,26,137,133,0,1,0,3,0,28,1,1,pre_allocation
830,1287,normal,0,0,65535_65535,2,26,137,179,1,1,1,4,179,28,1,1,allocated
830,1287,normal,0,0,65535_65535,2,12,137,133,0,1,0,3,0,28,1,1,pre_allocation
830,1287,normal,0,0,65535_65535,2,12,137,179,1,1,1,4,179,28,1,1,allocated
830,1287,normal,0,0,65535_65535,2,21,137,68,0,1,0,4,0,15,1,1,pre_allocation
830,1287,normal,0,0,65535_65535,2,21,137,86,1,1,1,5,86,15,1,1,allocated
830,1287,normal,0,0,65535_65535,2,11,137,165,0,1,0,4,0,26,1,1,pre_allocation
830,1287,normal,0,0,65535_65535,2,11,137,207,1,1,1,5,207,26,1,1,allocated
830,1287,normal,0,0,65535_65535,2,25,137,68,0,1,0,4,0,15,1,1,pre_allocation
830,1287,normal,0,0,65535_65535,2,25,137,86,1,1,1,5,86,15,1,1,allocated
830,1287,normal,0,0,65535_65535,2,27,137,179,0,1,0,4,0,28,1,1,pre_allocation
830,1287,normal,0,0,65535_65535,2,27,137,224,1,1,1,5,224,28,1,1,allocated
830,1287,normal,0,0,65535_65535,2,26,137,179,0,1,0,4,0,28,1,1,pre_allocation
830,1287,normal,0,0,65535_65535,2,26,137,224,1,1,1,5,224,28,1,1,allocated
830,1287,normal,0,0,65535_65535,2,12,137,179,0,1,0,4,0,28,1,1,pre_allocation
830,1287,normal,0,0,65535_65535,2,12,137,224,1,1,1,5,224,28,1,1,allocated
830,1287,normal,0,0,65535_65535,2,21,137,86,0,1,0,5,0,15,1,1,pre_allocation
830,1287,normal,0,0,65535_65535,2,21,137,103,1,1,1,6,103,15,1,1,allocated
830,1287,normal,0,0,65535_65535,2,11,137,207,0,1,0,5,0,26,1,1,pre_allocation
830,1287,normal,0,0,65535_65535,2,11,137,249,1,1,1,6,249,26,1,1,allocated
830,1287,normal,0,0,65535_65535,2,25,137,86,0,1,0,5,0,15,1,1,pre_allocation
830,1287,normal,0,0,65535_65535,2,25,137,103,1,1,1,6,103,15,1,1,allocated
830,1287,normal,0,0,65535_65535,2,27,137,224,0,1,0,5,0,28,1,1,pre_allocation
830,1287,normal,0,0,65535_65535,2,27,137,270,1,1,1,6,270,28,1,1,allocated
830,1287,normal,0,0,65535_65535,2,26,137,224,0,1,0,5,0,28,1,1,pre_allocation
830,1287,normal,0,0,65535_65535,2,26,137,270,1,1,1,6,270,28,1,1,allocated
830,1287,normal,0,0,65535_65535,2,12,137,224,0,1,0,5,0,28,1,1,pre_allocation
830,1287,normal,0,0,65535_65535,2,12,137,270,1,1,1,6,270,28,1,1,allocated
830,1287,normal,0,0,65535_65535,2,21,137,103,0,1,0,6,0,15,1,1,pre_allocation
830,1287,normal,0,0,65535_65535,2,21,137,121,1,1,1,7,121,15,1,1,allocated
830,1287,normal,0,0,65535_65535,2,11,137,249,0,1,0,6,0,26,1,1,pre_allocation
830,1287,normal,0,0,65535_65535,2,11,137,291,1,1,1,7,291,26,1,1,allocated
830,1287,normal,0,0,65535_65535,2,25,137,103,0,1,0,6,0,15,1,1,pre_allocation
830,1287,normal,0,0,65535_65535,2,25,137,121,1,1,1,7,121,15,1,1,allocated
830,1287,normal,0,0,65535_65535,2,27,137,270,0,1,0,6,0,28,1,1,pre_allocation
830,1287,normal,0,0,65535_65535,2,27,137,315,1,1,1,7,315,28,1,1,allocated
830,1287,normal,0,0,65535_65535,2,26,137,270,0,1,0,6,0,28,1,1,pre_allocation
830,1287,normal,0,0,65535_65535,2,26,137,315,1,1,1,7,315,28,1,1,allocated
830,1287,normal,0,0,65535_65535,2,12,137,270,0,1,0,6,0,28,1,1,pre_allocation
830,1287,normal,0,0,65535_65535,2,12,137,315,1,1,1,7,315,28,1,1,allocated
830,1287,normal,0,0,65535_65535,2,21,137,121,0,1,0,7,0,15,1,1,pre_allocation
830,1287,normal,0,0,65535_65535,2,21,137,139,1,1,1,8,139,15,1,1,allocated
830,1287,normal,0,0,65535_65535,2,11,137,291,0,1,0,7,0,26,1,1,pre_allocation
830,1287,normal,0,0,65535_65535,2,11,137,333,1,1,1,8,333,26,1,1,allocated
830,1287,normal,0,0,65535_65535,2,25,137,121,0,1,0,7,0,15,1,1,pre_allocation
830,1287,normal,0,0,65535_65535,2,25,137,139,1,1,1,8,139,15,1,1,allocated
830,1287,normal,0,0,65535_65535,2,27,137,315,0,1,0,7,0,28,1,1,pre_allocation
830,1287,normal,0,0,65535_65535,2,27,137,361,1,1,1,8,361,28,1,1,allocated
830,1287,normal,0,0,65535_65535,2,26,137,315,0,1,0,7,0,28,1,1,pre_allocation
830,1287,normal,0,0,65535_65535,2,26,137,361,1,1,1,8,361,28,1,1,allocated
830,1287,normal,0,0,65535_65535,2,12,137,315,0,1,0,7,0,28,1,1,pre_allocation
830,1287,normal,0,0,65535_65535,2,12,137,361,1,1,1,8,361,28,1,1,allocated
830,1287,normal,0,0,65535_65535,2,21,137,139,0,1,0,8,0,15,1,1,pre_allocation
830,1287,normal,0,0,65535_65535,2,21,137,157,1,1,1,9,157,15,1,1,allocated
830,1287,normal,0,0,65535_65535,2,11,137,333,0,1,0,8,0,26,1,1,pre_allocation
830,1287,normal,0,0,65535_65535,2,11,137,375,1,1,1,9,375,26,1,1,allocated
830,1287,normal,0,0,65535_65535,2,25,137,139,0,1,0,8,0,15,1,1,pre_allocation
830,1287,normal,0,0,65535_65535,2,25,137,157,1,1,1,9,157,15,1,1,allocated
830,1287,normal,0,0,65535_65535,2,27,137,361,0,1,0,8,0,28,1,1,pre_allocation
830,1287,normal,0,0,65535_65535,2,27,137,406,1,1,1,9,406,28,1,1,allocated
830,1287,normal,0,0,65535_65535,2,26,137,361,0,1,0,8,0,28,1,1,pre_allocation
830,1287,normal,0,0,65535_65535,2,26,137,406,1,1,1,9,406,28,1,1,allocated
830,1287,normal,0,0,65535_65535,2,12,137,361,0,1,0,8,0,28,1,1,pre_allocation
830,1287,normal,0,0,65535_65535,2,12,137,406,1,1,1,9,406,28,1,1,allocated
830,1287,normal,0,0,65535_65535,2,21,137,157,0,1,0,9,0,15,1,1,pre_allocation
830,1287,normal,0,0,65535_65535,2,21,137,175,1,1,1,10,175,15,1,1,allocated
830,1287,normal,0,0,65535_65535,2,11,137,375,0,1,0,9,0,26,1,1,pre_allocation
830,1287,normal,0,0,65535_65535,2,11,137,417,1,1,1,10,417,26,1,1,allocated
830,1287,normal,0,0,65535_65535,2,25,137,157,0,1,0,9,0,15,1,1,pre_allocation
830,1287,normal,0,0,65535_65535,2,25,137,175,1,1,1,10,175,15,1,1,allocated
830,1287,normal,0,0,65535_65535,2,27,137,406,0,1,0,9,0,28,1,1,pre_allocation
830,1287,normal,0,0,65535_65535,2,27,137,452,1,1,1,10,452,28,1,1,allocated
830,1287,normal,0,0,65535_65535,2,26,137,406,0,1,0,9,0,28,1,1,pre_allocation
830,1287,normal,0,0,65535_65535,2,26,137,452,1,1,1,10,452,28,1,1,allocated
830,1287,normal,0,0,65535_65535,2,12,137,406,0,1,0,9,0,28,1,1,pre_allocation
830,1287,normal,0,0,65535_65535,2,12,137,452,1,1,1,10,452,28,1,1,allocated
830,1287,normal,0,0,65535_65535,2,21,137,175,0,1,0,10,0,15,1,1,pre_allocation
830,1287,normal,0,0,65535_65535,2,21,137,193,1,1,1,11,193,15,1,1,allocated
830,1287,normal,0,0,65535_65535,2,11,137,417,0,1,0,10,0,26,1,1,pre_allocation
830,1287,normal,0,0,65535_65535,2,11,137,459,1,1,1,11,459,26,1,1,allocated
942,1385,normal,0,0,65535_65535,0,5,1483872,0,0,1,0,0,0,15,1,1,pre_allocation
942,1385,normal,0,0,65535_65535,0,5,1483872,14,1,1,1,1,14,15,1,1,allocated
942,1385,normal,0,0,65535_65535,0,4,4601,0,0,1,0,0,0,16,1,1,pre_allocation
942,1385,normal,0,0,65535_65535,0,4,4601,16,1,1,1,1,16,16,1,1,allocated
942,1385,normal,0,0,65535_65535,0,1,4601,0,0,1,0,0,0,28,1,1,pre_allocation
942,1385,normal,0,0,65535_65535,0,1,4601,42,1,1,1,1,42,28,1,1,allocated
942,1385,normal,0,0,65535_65535,0,5,1483872,14,0,1,0,1,0,15,1,1,pre_allocation
942,1385,normal,0,0,65535_65535,0,5,1483872,32,1,1,1,2,32,15,1,1,allocated
942,1385,normal,0,0,65535_65535,0,4,4601,16,0,1,0,1,0,16,1,1,pre_allocation
942,1385,normal,0,0,65535_65535,0,4,4601,36,1,1,1,2,36,16,1,1,allocated
942,1385,normal,0,0,65535_65535,0,1,4601,42,0,1,0,1,0,28,1,1,pre_allocation
942,1385,normal,0,0,65535_65535,0,1,4601,88,1,1,1,2,88,28,1,1,allocated
942,1385,normal,0,0,65535_65535,0,5,1483872,32,0,1,0,2,0,15,1,1,pre_allocation
942,1385,normal,0,0,65535_65535,0,5,1483872,50,1,1,1,3,50,15,1,1,allocated
942,1385,normal,0,0,65535_65535,0,4,4601,36,0,1,0,2,0,16,1,1,pre_allocation
942,1385,normal,0,0,65535_65535,0,4,4601,56,1,1,1,3,56,16,1,1,allocated
942,1385,normal,0,0,65535_65535,0,1,4601,88,0,1,0,2,0,28,1,1,pre_allocation
942,1385,normal,0,0,65535_65535,0,1,4601,133,1,1,1,3,133,28,1,1,allocated
942,1385,normal,0,0,65535_65535,0,5,1483872,50,0,1,0,3,0,15,1,1,pre_allocation
942,1385,normal,0,0,65535_65535,0,5,1483872,68,1,1,1,4,68,15,1,1,allocated
942,1385,normal,0,0,65535_65535,0,4,4601,56,0,1,0,3,0,16,1,1,pre_allocation
942,1385,normal,0,0,65535_65535,0,4,4601,76,1,1,1,4,76,16,1,1,allocated
942,1385,normal,0,0,65535_65535,0,1,4601,133,0,1,0,3,0,28,1,1,pre_allocation
942,1385,normal,0,0,65535_65535,0,1,4601,179,1,1,1,4,179,28,1,1,allocated
942,1385,normal,0,0,65535_65535,0,5,1483872,68,0,1,0,4,0,15,1,1,pre_allocation
942,1385,normal,0,0,65535_65535,0,5,1483872,86,1,1,1,5,86,15,1,1,allocated
942,1385,normal,0,0,65535_65535,0,4,4601,76,0,1,0,4,0,16,1,1,pre_allocation
942,1385,normal,0,0,65535_65535,0,4,4601,96,1,1,1,5,96,16,1,1,allocated
942,1385,normal,0,0,65535_65535,0,1,4601,179,0,1,0,4,0,28,1,1,pre_allocation
942,1385,normal,0,0,65535_65535,0,1,4601,224,1,1,1,5,224,28,1,1,allocated
942,1385,normal,0,0,65535_65535,0,5,1483872,86,0,1,0,5,0,15,1,1,pre_allocation
942,1385,normal,0,0,65535_65535,0,5,1483872,103,1,1,1,6,103,15,1,1,allocated
942,1385,normal,0,0,65535_65535,0,4,4601,96,0,1,0,5,0,16,1,1,pre_allocation
942,1385,normal,0,0,65535_65535,0,4,4601,115,1,1,1,6,115,16,1,1,allocated
942,1385,normal,0,0,65535_65535,0,1,4601,224,0,1,0,5,0,28,1,1,pre_allocation
942,1385,normal,0,0,65535_65535,0,1,4601,270,1,1,1,6,270,28,1,1,allocated
942,1385,normal,0,0,65535_65535,0,5,1483872,103,0,1,0,6,0,15,1,1,pre_allocation
942,1385,normal,0,0,65535_65535,0,5,1483872,121,1,1,1,7,121,15,1,1,allocated
942,1385,normal,0,0,65535_65535,0,4,4601,115,0,1,0,6,0,16,1,1,pre_allocation
942,1385,normal,0,0,65535_65535,0,4,4601,135,1,1,1,7,135,16,1,1,allocated
942,1385,normal,0,0,65535_65535,0,1,4601,270,0,1,0,6,0,28,1,1,pre_allocation
942,1385,normal,0,0,65535_65535,0,1,4601,315,1,1,1,7,315,28,1,1,allocated
942,1385,normal,0,0,65535_65535,0,5,1483872,121,0,1,0,7,0,15,1,1,pre_allocation
942,1385,normal,0,0,65535_65535,0,5,1483872,139,1,1,1,8,139,15,1,1,allocated
942,1385,normal,0,0,65535_65535,0,4,4601,135,0,1,0,7,0,16,1,1,pre_allocation
942,1385,normal,0,0,65535_65535,0,4,4601,155,1,1,1,8,155,16,1,1,allocated
942,1385,normal,0,0,65535_65535,0,1,4601,315,0,1,0,7,0,28,1,1,pre_allocation
942,1385,normal,0,0,65535_65535,0,1,4601,361,1,1,1,8,361,28,1,1,allocated
942,1385,normal,0,0,65535_65535,0,5,1483872,139,0,1,0,8,0,15,1,1,pre_allocation
942,1385,normal,0,0,65535_65535,0,5,1483872,157,1,1,1,9,157,15,1,1,allocated
942,1385,normal,0,0,65535_65535,0,4,4601,155,0,1,0,8,0,16,1,1,pre_allocation
942,1385,normal,0,0,65535_65535,0,4,4601,175,1,1,1,9,175,16,1,1,allocated
942,1385,normal,0,0,65535_65535,0,1,4601,361,0,1,0,8,0,28,1,1,pre_allocation
942,1385,normal,0,0,65535_65535,0,1,4601,406,1,1,1,9,406,28,1,1,allocated
942,1385,normal,0,0,65535_65535,0,5,1483872,157,0,1,0,9,0,15,1,1,pre_allocation
942,1385,normal,0,0,65535_65535,0,5,1483872,175,1,1,1,10,175,15,1,1,allocated
942,1385,normal,0,0,65535_65535,0,4,4601,175,0,1,0,9,0,16,1,1,pre_allocation
942,1385,normal,0,0,65535_65535,0,4,4601,195,1,1,1,10,195,16,1,1,allocated
942,1385,normal,0,0,65535_65535,0,1,4601,406,0,1,0,9,0,28,1,1,pre_allocation
942,1385,normal,0,0,65535_65535,0,1,4601,452,1,1,1,10,452,28,1,1,allocated
942,1385,normal,0,0,65535_65535,0,5,1483872,175,0,1,0,10,0,15,1,1,pre_allocation
942,1385,normal,0,0,65535_65535,0,5,1483872,193,1,1,1,11,193,15,1,1,allocated
942,1385,normal,0,0,65535_65535,0,4,4601,195,0,1,0,10,0,16,1,1,pre_allocation
942,1385,normal,0,0,65535_65535,0,4,4601,214,1,1,1,11,214,16,1,1,allocated
942,1385,normal,0,0,65535_65535,0,1,4601,452,0,1,0,10,0,28,1,1,pre_allocation
942,1385,normal,0,0,65535_65535,0,1,4601,497,1,1,1,11,497,28,1,1,allocated
942,1385,normal,0,0,65535_65535,0,5,1483872,193,0,1,0,11,0,15,1,1,pre_allocation
942,1385,normal,0,0,65535_65535,0,5,1483872,210,1,1,1,12,210,15,1,1,allocated
942,1385,normal,0,0,65535_65535,0,4,4601,214,0,1,0,11,0,16,1,1,pre_allocation
942,1385,normal,0,0,65535_65535,0,4,4601,234,1,1,1,12,234,16,1,1,allocated
942,1385,normal,0,0,65535_65535,0,1,4601,497,0,1,0,11,0,28,1,1,pre_allocation
942,1385,normal,0,0,65535_65535,0,1,4601,543,1,1,1,12,543,28,1,1,allocated
942,1385,normal,0,0,65535_65535,0,5,1483872,210,0,1,0,12,0,15,1,1,pre_allocation
942,1385,normal,0,0,65535_65535,0,5,1483872,228,1,1,1,13,228,15,1,1,allocated
942,1385,normal,0,0,65535_65535,0,4,4601,234,0,1,0,12,0,16,1,1,pre_allocation
942,1385,normal,0,0,65535_65535,0,4,4601,254,1,1,1,13,254,16,1,1,allocated
942,1385,normal,0,0,65535_65535,0,1,4601,543,0,1,0,12,0,28,1,1,pre_allocation
942,1385,normal,0,0,65535_65535,0,1,4601,589,1,1,1,13,589,28,1,1,allocated
942,1385,normal,0,0,65535_65535,0,5,1483872,228,0,1,0,13,0,15,1,1,pre_allocation
942,1385,normal,0,0,65535_65535,0,5,1483872,246,1,1,1,14,246,15,1,1,allocated
942,1385,normal,0,0,65535_65535,0,4,4601,254,0,1,0,13,0,16,1,1,pre_allocation
942,1385,normal,0,0,65535_65535,0,4,4601,274,1,1,1,14,274,16,1,1,allocated
942,1385,normal,0,0,65535_65535,0,1,4601,589,0,1,0,13,0,28,1,1,pre_allocation
942,1385,normal,0,0,65535_65535,0,1,4601,634,1,1,1,14,634,28,1,1,allocated
942,1385,normal,0,0,65535_65535,0,5,1483872,246,0,1,0,14,0,15,1,1,pre_allocation
942,1385,normal,0,0,65535_65535,0,5,1483872,264,1,1,1,15,264,15,1,1,allocated
942,1385,normal,0,0,65535_65535,0,4,4601,274,0,1,0,14,0,16,1,1,pre_allocation
942,1385,normal,0,0,65535_65535,0,4,4601,294,1,1,1,15,294,16,1,1,allocated
942,1385,normal,0,0,65535_65535,0,1,4601,634,0,1,0,14,0,28,1,1,pre_allocation
942,1385,normal,0,0,65535_65535,0,1,4601,680,1,1,1,15,680,28,1,1,allocated
942,1385,normal,0,0,65535_65535,0,5,1483872,264,0,1,0,15,0,15,1,1,pre_allocation
942,1385,normal,0,0,65535_65535,0,5,1483872,282,1,1,1,16,282,15,1,1,allocated
942,1385,normal,0,0,65535_65535,0,4,4601,294,0,1,0,15,0,16,1,1,pre_allocation
942,1385,normal,0,0,65535_65535,0,4,4601,313,1,1,1,16,313,16,1,1,allocated
942,1385,normal,0,0,65535_65535,0,1,4601,680,0,1,0,15,0,28,1,1,pre_allocation
942,1385,normal,0,0,65535_65535,0,1,4601,725,1,1,1,16,725,28,1,1,allocated
942,1385,normal,0,0,65535_65535,0,5,1483872,282,0,1,0,16,0,15,1,1,pre_allocation
942,1385,normal,0,0,65535_65535,0,5,1483872,299,1,1,1,17,299,15,1,1,allocated
942,1385,normal,0,0,65535_65535,0,4,4601,313,0,1,0,16,0,16,1,1,pre_allocation
942,1385,normal,0,0,65535_65535,0,4,4601,333,1,1,1,17,333,16,1,1,allocated
942,1385,normal,0,0,65535_65535,0,1,4601,725,0,1,0,16,0,28,1,1,pre_allocation
942,1385,normal,0,0,65535_65535,0,1,4601,771,1,1,1,17,771,28,1,1,allocated
942,1385,normal,0,0,65535_65535,0,5,1483872,299,0,1,0,17,0,15,1,1,pre_allocation
942,1385,normal,0,0,65535_65535,0,5,1483872,317,1,1,1,18,317,15,1,1,allocated
942,1385,normal,0,0,65535_65535,0,4,4601,333,0,1,0,17,0,16,1,1,pre_allocation
942,1385,normal,0,0,65535_65535,0,4,4601,353,1,1,1,18,353,16,1,1,allocated
942,1385,normal,0,0,65535_65535,0,1,4601,771,0,1,0,17,0,28,1,1,pre_allocation
942,1385,normal,0,0,65535_65535,0,1,4601,816,1,1,1,18,816,28,1,1,allocated
942,1385,normal,0,0,65535_65535,0,5,1483872,317,0,1,0,18,0,15,1,1,pre_allocation
942,1385,normal,0,0,65535_65535,0,5,1483872,335,1,1,1,19,335,15,1,1,allocated
942,1385,normal,0,0,65535_65535,0,4,4601,353,0,1,0,18,0,16,1,1,pre_allocation
942,1385,normal,0,0,65535_65535,0,4,4601,373,1,1,1,19,373,16,1,1,allocated
942,1385,normal,0,0,65535_65535,0,1,4601,816,0,1,0,18,0,28,1,1,pre_allocation
942,1385,normal,0,0,65535_65535,0,1,4601,862,1,1,1,19,862,28,1,1,allocated
942,1385,normal,0,0,65535_65535,0,5,1483872,335,0,1,0,19,0,15,1,1,pre_allocation
942,1385,normal,0,0,65535_65535,0,5,1483872,353,1,1,1,20,353,15,1,1,allocated
942,1385,normal,0,0,65535_65535,0,4,4601,373,0,1,0,19,0,16,1,1,pre_allocation
942,1385,normal,0,0,65535_65535,0,4,4601,393,1,1,1,20,393,16,1,1,allocated
942,1385,normal,0,0,65535_65535,0,1,4601,862,0,1,0,19,0,28,1,1,pre_allocation
942,1385,normal,0,0,65535_65535,0,1,4601,907,1,1,1,20,907,28,1,1,allocated
942,1385,normal,0,0,65535_65535,0,5,1483872,353,0,1,0,20,0,15,1,1,pre_allocation
942,1385,normal,0,0,65535_65535,0,5,1483872,371,1,1,1,21,371,15,1,1,allocated
942,1385,normal,0,0,65535_65535,0,4,4601,393,0,1,0,20,0,16,1,1,pre_allocation
942,1385,normal,0,0,65535_65535,0,4,4601,412,1,1,1,21,412,16,1,1,allocated
942,1385,normal,0,0,65535_65535,0,1,4601,907,0,1,0,20,0,28,1,1,pre_allocation
942,1385,normal,0,0,65535_65535,0,1,4601,953,1,1,1,21,953,28,1,1,allocated
942,1385,normal,0,0,65535_65535,0,5,1483872,371,0,1,0,21,0,15,1,1,pre_allocation
942,1385,normal,0,0,65535_65535,0,5,1483872,389,1,1,1,22,389,15,1,1,allocated
942,1385,normal,0,0,65535_65535,0,4,4601,412,0,1,0,21,0,16,1,1,pre_allocation
942,1385,normal,0,0,65535_65535,0,4,4601,432,1,1,1,22,432,16,1,1,allocated
942,1385,normal,0,0,65535_65535,0,1,4601,953,0,1,0,21,0,28,1,1,pre_allocation
942,1385,normal,0,0,65535_65535,0,1,4601,998,1,1,1,22,998,28,1,1,allocated
942,1385,normal,0,0,65535_65535,0,5,1483872,389,0,1,0,22,0,15,1,1,pre_allocation
942,1385,normal,0,0,65535_65535,0,5,1483872,406,1,1,1,23,406,15,1,1,allocated
942,1385,normal,0,0,65535_65535,0,4,4601,432,0,1,0,22,0,16,1,1,pre_allocation
942,1385,normal,0,0,65535_65535,0,4,4601,452,1,1,1,23,452,16,1,1,allocated
942,1385,normal,0,0,65535_65535,0,1,4601,998,0,1,0,22,0,28,1,1,pre_allocation
942,1385,normal,0,0,65535_65535,0,1,4601,1044,1,1,1,23,1044,28,1,1,allocated
942,1385,normal,0,0,65535_65535,0,5,1483872,406,0,1,0,23,0,15,1,1,pre_allocation
942,1385,normal,0,0,65535_65535,0,5,1483872,424,1,1,1,24,424,15,1,1,allocated
942,1385,normal,0,0,65535_65535,0,4,4601,452,0,1,0,23,0,16,1,1,pre_allocation
942,1385,normal,0,0,65535_65535,0,4,4601,472,1,1,1,24,472,16,1,1,allocated
942,1385,normal,0,0,65535_65535,0,1,4601,1044,0,1,0,23,0,28,1,1,pre_allocation
942,1385,normal,0,0,65535_65535,0,1,4601,1089,1,1,1,24,1089,28,1,1,allocated
942,1385,normal,0,0,65535_65535,0,5,1483872,424,0,1,0,24,0,15,1,1,pre_allocation
942,1385,normal,0,0,65535_65535,0,5,1483872,442,1,1,1,25,442,15,1,1,allocated
942,1385,normal,0,0,65535_65535,0,4,4601,472,0,1,0,24,0,16,1,1,pre_allocation
942,1385,normal,0,0,65535_65535,0,4,4601,492,1,1,1,25,492,16,1,1,allocated
942,1385,normal,0,0,65535_65535,0,1,4601,1089,0,1,0,24,0,28,1,1,pre_allocation
942,1385,normal,0,0,65535_65535,0,1,4601,1135,1,1,1,25,1135,28,1,1,allocated
942,1385,normal,0,0,65535_65535,0,5,1483872,442,0,1,0,25,0,15,1,1,pre_allocation
942,1385,normal,0,0,65535_65535,0,5,1483872,460,1,1,1,26,460,15,1,1,allocated
942,1385,normal,0,0,65535_65535,0,4,4601,492,0,1,0,25,0,16,1,1,pre_allocation
942,1385,normal,0,0,65535_65535,0,4,4601,511,1,1,1,26,511,16,1,1,allocated
942,1385,normal,0,0,65535_65535,0,1,4601,1135,0,1,0,25,0,28,1,1,pre_allocation
942,1385,normal,0,0,65535_65535,0,1,4601,1181,1,1,1,26,1181,28,1,1,allocated
942,1385,normal,0,0,65535_65535,0,5,1483872,460,0,1,0,26,0,15,1,1,pre_allocation
942,1385,normal,0,0,65535_65535,0,5,1483872,478,1,1,1,27,478,15,1,1,allocated
942,1385,normal,0,0,65535_65535,0,4,4601,511,0,1,0,26,0,16,1,1,pre_allocation
942,1385,normal,0,0,65535_65535,0,4,4601,531,1,1,1,27,531,16,1,1,allocated
942,1385,normal,0,0,65535_65535,0,1,4601,1181,0,1,0,26,0,28,1,1,pre_allocation
942,1385,normal,0,0,65535_65535,0,1,4601,1226,1,1,1,27,1226,28,1,1,allocated
942,1385,normal,0,0,65535_65535,0,5,1483872,478,0,1,0,27,0,15,1,1,pre_allocation
942,1385,normal,0,0,65535_65535,0,5,1483872,495,1,1,1,28,495,15,1,1,allocated
942,1385,normal,0,0,65535_65535,0,4,4601,531,0,1,0,27,0,16,1,1,pre_allocation
942,1385,normal,0,0,65535_65535,0,4,4601,551,1,1,1,28,551,16,1,1,allocated
942,1385,normal,0,0,65535_65535,0,1,4601,1226,0,1,0,27,0,28,1,1,pre_allocation
942,1385,normal,0,0,65535_65535,0,1,4601,1272,1,1,1,28,1272,28,1,1,allocated
942,1385,normal,0,0,65535_65535,0,5,1483872,495,0,1,0,28,0,15,1,1,pre_allocation
942,1385,normal,0,0,65535_65535,0,5,1483872,513,1,1,1,29,513,15,1,1,allocated
942,1385,normal,0,0,65535_65535,0,4,4601,551,0,1,0,28,0,16,1,1,pre_allocation
942,1385,normal,0,0,65535_65535,0,4,4601,571,1,1,1,29,571,16,1,1,allocated
942,1385,normal,0,0,65535_65535,0,1,4601,1272,0,1,0,28,0,28,1,1,pre_allocation
942,1385,normal,0,0,65535_65535,0,1,4601,1317,1,1,1,29,1317,28,1,1,allocated
942,1385,normal,0,0,65535_65535,0,5,1483872,513,0,1,0,29,0,15,1,1,pre_allocation
942,1385,normal,0,0,65535_65535,0,5,1483872,531,1,1,1,30,531,15,1,1,allocated
942,1385,normal,0,0,65535_65535,0,4,4601,571,0,1,0,29,0,16,1,1,pre_allocation
942,1385,normal,0,0,65535_65535,0,4,4601,591,1,1,1,30,591,16,1,1,allocated
942,1385,normal,0,0,65535_65535,0,1,4601,1317,0,1,0,29,0,28,1,1,pre_allocation
942,1385,normal,0,0,65535_65535,0,1,4601,1363,1,1,1,30,1363,28,1,1,allocated
942,1385,normal,0,0,65535_65535,0,5,1483872,531,0,1,0,30,0,15,1,1,pre_allocation
942,1385,normal,0,0,65535_65535,0,5,1483872,549,1,1,1,31,549,15,1,1,allocated
942,1385,normal,0,0,65535_65535,0,4,4601,591,0,1,0,30,0,16,1,1,pre_allocation
942,1385,normal,0,0,65535_65535,0,4,4601,610,1,1,1,31,610,16,1,1,allocated
942,1385,normal,0,0,65535_65535,0,1,4601,1363,0,1,0,30,0,28,1,1,pre_allocation
942,1385,normal,0,0,65535_65535,0,1,4601,1408,1,1,1,31,1408,28,1,1,allocated
942,1385,normal,0,0,65535_65535,0,5,1483872,549,0,1,0,31,0,15,1,1,pre_allocation
942,1385,normal,0,0,65535_65535,0,5,1483872,567,1,1,1,32,567,15,1,1,allocated
942,1385,normal,0,0,65535_65535,0,4,4601,610,0,1,0,31,0,16,1,1,pre_allocation
942,1385,normal,0,0,65535_65535,0,4,4601,630,1,1,1,32,630,16,1,1,allocated
942,1385,normal,0,0,65535_65535,0,1,4601,1408,0,1,0,31,0,28,1,1,pre_allocation
942,1385,normal,0,0,65535_65535,0,1,4601,1454,1,1,1,32,1454,28,1,1,allocated
942,1385,normal,0,0,65535_65535,0,5,1483872,567,0,1,0,32,0,15,1,1,pre_allocation
942,1385,normal,0,0,65535_65535,0,5,1483872,585,1,1,1,33,585,15,1,1,allocated
942,1385,normal,0,0,65535_65535,0,4,4601,630,0,1,0,32,0,16,1,1,pre_allocation
942,1385,normal,0,0,65535_65535,0,4,4601,650,1,1,1,33,650,16,1,1,allocated
942,1385,normal,0,0,65535_65535,0,1,4601,1454,0,1,0,32,0,28,1,1,pre_allocation
942,1385,normal,0,0,65535_65535,0,1,4601,1499,1,1,1,33,1499,28,1,1,allocated
942,1385,normal,0,0,65535_65535,0,5,1483872,585,0,1,0,33,0,15,1,1,pre_allocation
942,1385,normal,0,0,65535_65535,0,5,1483872,602,1,1,1,34,602,15,1,1,allocated
942,1385,normal,0,0,65535_65535,0,4,4601,650,0,1,0,33,0,16,1,1,pre_allocation
942,1385,normal,0,0,65535_65535,0,4,4601,670,1,1,1,34,670,16,1,1,allocated
942,1385,normal,0,0,65535_65535,0,1,4601,1499,0,1,0,33,0,28,1,1,pre_allocation
942,1385,normal,0,0,65535_65535,0,1,4601,1542,1,1,1,34,1542,28,1,1,allocated
942,1385,normal,0,0,65535_65535,0,5,1483872,602,0,1,0,34,0,15,1,1,pre_allocation
942,1385,normal,0,0,65535_65535,0,5,1483872,620,1,1,1,35,620,15,1,1,allocated
942,1385,normal,0,0,65535_65535,0,4,4601,670,0,1,0,34,0,16,1,1,pre_allocation
942,1385,normal,0,0,65535_65535,0,4,4601,690,1,1,1,35,690,16,1,1,allocated
942,1385,normal,0,0,65535_65535,0,1,4601,1542,0,1,0,34,0,28,1,1,pre_allocation
942,1385,normal,0,0,65535_65535,0,1,4601,1587,1,1,1,35,1587,28,1,1,allocated
942,1385,normal,0,0,65535_65535,0,5,1483872,620,0,1,0,35,0,15,1,1,pre_allocation
942,1385,normal,0,0,65535_65535,0,5,1483872,638,1,1,1,36,638,15,1,1,allocated
942,1385,normal,0,0,65535_65535,0,4,4601,690,0,1,0,35,0,16,1,1,pre_allocation
942,1385,normal,0,0,65535_65535,0,4,4601,709,1,1,1,36,709,16,1,1,allocated
942,1385,normal,0,0,65535_65535,0,1,4601,1587,0,1,0,35,0,28,1,1,pre_allocation
942,1385,normal,0,0,65535_65535,0,1,4601,1633,1,1,1,36,1633,28,1,1,allocated
942,1385,normal,0,0,65535_65535,0,5,1483872,638,0,1,0,36,0,15,1,1,pre_allocation
942,1385,normal,0,0,65535_65535,0,5,1483872,656,1,1,1,37,656,15,1,1,allocated
942,1385,normal,0,0,65535_65535,0,4,4601,709,0,1,0,36,0,16,1,1,pre_allocation
942,1385,normal,0,0,65535_65535,0,4,4601,729,1,1,1,37,729,16,1,1,allocated
942,1385,normal,0,0,65535_65535,0,1,4601,1633,0,1,0,36,0,28,1,1,pre_allocation
942,1385,normal,0,0,65535_65535,0,1,4601,1678,1,1,1,37,1678,28,1,1,allocated
942,1385,normal,0,0,65535_65535,0,5,1483872,656,0,1,0,37,0,15,1,1,pre_allocation
942,1385,normal,0,0,65535_65535,0,5,1483872,674,1,1,1,38,674,15,1,1,allocated
942,1385,normal,0,0,65535_65535,0,4,4601,729,0,1,0,37,0,16,1,1,pre_allocation
942,1385,normal,0,0,65535_65535,0,4,4601,749,1,1,1,38,749,16,1,1,allocated
942,1385,normal,0,0,65535_65535,0,1,4601,1678,0,1,0,37,0,28,1,1,pre_allocation
942,1385,normal,0,0,65535_65535,0,1,4601,1724,1,1,1,38,1724,28,1,1,allocated
942,1385,normal,0,0,65535_65535,0,5,1483872,674,0,1,0,38,0,15,1,1,pre_allocation
942,1385,normal,0,0,65535_65535,0,5,1483872,691,1,1,1,39,691,15,1,1,allocated
942,1385,normal,0,0,65535_65535,0,4,4601,749,0,1,0,38,0,16,1,1,pre_allocation
942,1385,normal,0,0,65535_65535,0,4,4601,769,1,1,1,39,769,16,1,1,allocated
942,1385,normal,0,0,65535_65535,0,1,4601,1724,0,1,0,38,0,28,1,1,pre_allocation
942,1385,normal,0,0,65535_65535,0,1,4601,1770,1,1,1,39,1770,28,1,1,allocated
942,1385,normal,0,0,65535_65535,0,5,1483872,691,0,1,0,39,0,15,1,1,pre_allocation
942,1385,normal,0,0,65535_65535,0,5,1483872,709,1,1,1,40,709,15,1,1,allocated
942,1385,normal,0,0,65535_65535,0,4,4601,769,0,1,0,39,0,16,1,1,pre_allocation
942,1385,normal,0,0,65535_65535,0,4,4601,789,1,1,1,40,789,16,1,1,allocated
942,1385,normal,0,0,65535_65535,0,1,4601,1770,0,1,0,39,0,28,1,1,pre_allocation
942,1385,normal,0,0,65535_65535,0,1,4601,1815,1,1,1,40,1815,28,1,1,allocated
942,1385,normal,0,0,65535_65535,0,5,1483872,709,0,1,0,40,0,15,1,1,pre_allocation
942,1385,normal,0,0,65535_65535,0,5,1483872,727,1,1,1,41,727,15,1,1,allocated
942,1385,normal,0,0,65535_65535,0,4,4601,789,0,1,0,40,0,16,1,1,pre_allocation
942,1385,normal,0,0,65535_65535,0,4,4601,808,1,1,1,41,808,16,1,1,allocated
942,1385,normal,0,0,65535_65535,0,1,4601,1815,0,1,0,40,0,28,1,1,pre_allocation
942,1385,normal,0,0,65535_65535,0,1,4601,1861,1,1,1,41,1861,28,1,1,allocated
942,1385,normal,0,0,65535_65535,0,5,1483872,727,0,1,0,41,0,15,1,1,pre_allocation
942,1385,normal,0,0,65535_65535,0,5,1483872,745,1,1,1,42,745,15,1,1,allocated
942,1385,normal,0,0,65535_65535,0,4,4601,808,0,1,0,41,0,16,1,1,pre_allocation
942,1385,normal,0,0,65535_65535,0,4,4601,828,1,1,1,42,828,16,1,1,allocated
942,1385,normal,0,0,65535_65535,0,1,4601,1861,0,1,0,41,0,28,1,1,pre_allocation
942,1385,normal,0,0,65535_65535,0,1,4601,1906,1,1,1,42,1906,28,1,1,allocated
942,1385,normal,0,0,65535_65535,1,7,87,0,0,1,0,0,0,28,1,1,pre_allocation
942,1385,normal,0,0,65535_65535,1,7,87,42,1,1,1,1,42,28,1,1,allocated
942,1385,normal,0,0,65535_65535,1,8,87,0,0,1,0,0,0,28,1,1,pre_allocation
942,1385,normal,0,0,65535_65535,1,8,87,42,1,1,1,1,42,28,1,1,allocated
942,1385,normal,0,0,65535_65535,1,9,87,0,0,1,0,0,0,28,1,1,pre_allocation
942,1385,normal,0,0,65535_65535,1,9,87,42,1,1,1,1,42,28,1,1,allocated
942,1385,normal,0,0,65535_65535,1,6,87,0,0,1,0,0,0,28,1,1,pre_allocation
942,1385,normal,0,0,65535_65535,1,6,87,42,1,1,1,1,42,28,1,1,allocated
942,1385,normal,0,0,65535_65535,1,7,87,42,0,1,0,1,0,28,1,1,pre_allocation
942,1385,normal,0,0,65535_65535,1,7,87,88,1,1,1,2,88,28,1,1,allocated
942,1385,normal,0,0,65535_65535,1,8,87,42,0,1,0,1,0,28,1,1,pre_allocation
942,1385,normal,0,0,65535_65535,1,8,87,88,1,1,1,2,88,28,1,1,allocated
942,1385,normal,0,0,65535_65535,1,9,87,42,0,1,0,1,0,28,1,1,pre_allocation
942,1385,normal,0,0,65535_65535,1,9,87,88,1,1,1,2,88,28,1,1,allocated
942,1385,normal,0,0,65535_65535,1,6,87,42,0,1,0,1,0,28,1,1,pre_allocation
942,1385,normal,0,0,65535_65535,1,6,87,88,1,1,1,2,88,28,1,1,allocated
942,1385,normal,0,0,65535_65535,1,7,87,88,0,1,0,2,0,28,1,1,pre_allocation
942,1385,normal,0,0,65535_65535,1,7,87,133,1,1,1,3,133,28,1,1,allocated
942,1385,normal,0,0,65535_65535,1,8,87,88,0,1,0,2,0,28,1,1,pre_allocation
942,1385,normal,0,0,65535_65535,1,8,87,133,1,1,1,3,133,28,1,1,allocated
942,1385,normal,0,0,65535_65535,1,9,87,88,0,1,0,2,0,28,1,1,pre_allocation
942,1385,normal,0,0,65535_65535,1,9,87,133,1,1,1,3,133,28,1,1,allocated
942,1385,normal,0,0,65535_65535,1,6,87,88,0,1,0,2,0,28,1,1,pre_allocation
942,1385,normal,0,0,65535_65535,1,6,87,133,1,1,1,3,133,28,1,1,allocated
942,1385,normal,0,0,65535_65535,1,7,87,133,0,1,0,3,0,28,1,1,pre_allocation
942,1385,normal,0,0,65535_65535,1,7,87,179,1,1,1,4,179,28,1,1,allocated
942,1385,normal,0,0,65535_65535,1,8,87,133,0,1,0,3,0,28,1,1,pre_allocation
942,1385,normal,0,0,65535_65535,1,8,87,179,1,1,1,4,179,28,1,1,allocated
942,1385,normal,0,0,65535_65535,1,9,87,133,0,1,0,3,0,28,1,1,pre_allocation
942,1385,normal,0,0,65535_65535,1,9,87,179,1,1,1,4,179,28,1,1,allocated
942,1385,normal,0,0,65535_65535,1,6,87,133,0,1,0,3,0,28,1,1,pre_allocation
942,1385,normal,0,0,65535_65535,1,6,87,179,1,1,1,4,179,28,1,1,allocated
942,1385,normal,0,0,65535_65535,1,7,87,179,0,1,0,4,0,28,1,1,pre_allocation
942,1385,normal,0,0,65535_65535,1,7,87,224,1,1,1,5,224,28,1,1,allocated
942,1385,normal,0,0,65535_65535,1,8,87,179,0,1,0,4,0,28,1,1,pre_allocation
942,1385,normal,0,0,65535_65535,1,8,87,224,1,1,1,5,224,28,1,1,allocated
942,1385,normal,0,0,65535_65535,1,9,87,179,0,1,0,4,0,28,1,1,pre_allocation
942,1385,normal,0,0,65535_65535,1,9,87,224,1,1,1,5,224,28,1,1,allocated
942,1385,normal,0,0,65535_65535,1,6,87,179,0,1,0,4,0,28,1,1,pre_allocation
942,1385,normal,0,0,65535_65535,1,6,87,224,1,1,1,5,224,28,1,1,allocated
942,1385,normal,0,0,65535_65535,1,7,87,224,0,1,0,5,0,28,1,1,pre_allocation
942,1385,normal,0,0,65535_65535,1,7,87,270,1,1,1,6,270,28,1,1,allocated
942,1385,normal,0,0,65535_65535,1,8,87,224,0,1,0,5,0,28,1,1,pre_allocation
942,1385,normal,0,0,65535_65535,1,8,87,270,1,1,1,6,270,28,1,1,allocated
942,1385,normal,0,0,65535_65535,1,9,87,224,0,1,0,5,0,28,1,1,pre_allocation
942,1385,normal,0,0,65535_65535,1,9,87,270,1,1,1,6,270,28,1,1,allocated
942,1385,normal,0,0,65535_65535,1,6,87,224,0,1,0,5,0,28,1,1,pre_allocation
942,1385,normal,0,0,65535_65535,1,6,87,270,1,1,1,6,270,28,1,1,allocated
942,1385,normal,0,0,65535_65535,1,7,87,270,0,1,0,6,0,28,1,1,pre_allocation
942,1385,normal,0,0,65535_65535,1,7,87,315,1,1,1,7,315,28,1,1,allocated
942,1385,normal,0,0,65535_65535,1,8,87,270,0,1,0,6,0,28,1,1,pre_allocation
942,1385,normal,0,0,65535_65535,1,8,87,315,1,1,1,7,315,28,1,1,allocated
942,1385,normal,0,0,65535_65535,1,9,87,270,0,1,0,6,0,28,1,1,pre_allocation
942,1385,normal,0,0,65535_65535,1,9,87,315,1,1,1,7,315,28,1,1,allocated
942,1385,normal,0,0,65535_65535,1,6,87,270,0,1,0,6,0,28,1,1,pre_allocation
942,1385,normal,0,0,65535_65535,1,6,87,315,1,1,1,7,315,28,1,1,allocated
942,1385,normal,0,0,65535_65535,1,7,87,315,0,1,0,7,0,28,1,1,pre_allocation
942,1385,normal,0,0,65535_65535,1,7,87,361,1,1,1,8,361,28,1,1,allocated
942,1385,normal,0,0,65535_65535,1,8,87,315,0,1,0,7,0,28,1,1,pre_allocation
942,1385,normal,0,0,65535_65535,1,8,87,361,1,1,1,8,361,28,1,1,allocated
942,1385,normal,0,0,65535_65535,1,9,87,315,0,1,0,7,0,28,1,1,pre_allocation
942,1385,normal,0,0,65535_65535,1,9,87,361,1,1,1,8,361,28,1,1,allocated
942,1385,normal,0,0,65535_65535,1,6,87,315,0,1,0,7,0,28,1,1,pre_allocation
942,1385,normal,0,0,65535_65535,1,6,87,361,1,1,1,8,361,28,1,1,allocated
942,1385,normal,0,0,65535_65535,1,7,87,361,0,1,0,8,0,28,1,1,pre_allocation
942,1385,normal,0,0,65535_65535,1,7,87,406,1,1,1,9,406,28,1,1,allocated
942,1385,normal,0,0,65535_65535,1,8,87,361,0,1,0,8,0,28,1,1,pre_allocation
942,1385,normal,0,0,65535_65535,1,8,87,406,1,1,1,9,406,28,1,1,allocated
942,1385,normal,0,0,65535_65535,1,9,87,361,0,1,0,8,0,28,1,1,pre_allocation
942,1385,normal,0,0,65535_65535,1,9,87,406,1,1,1,9,406,28,1,1,allocated
942,1385,normal,0,0,65535_65535,1,6,87,361,0,1,0,8,0,28,1,1,pre_allocation
942,1385,normal,0,0,65535_65535,1,6,87,406,1,1,1,9,406,28,1,1,allocated
942,1385,normal,0,0,65535_65535,1,7,87,406,0,1,0,9,0,28,1,1,pre_allocation
942,1385,normal,0,0,65535_65535,1,7,87,452,1,1,1,10,452,28,1,1,allocated
942,1385,normal,0,0,65535_65535,1,8,87,406,0,1,0,9,0,28,1,1,pre_allocation
942,1385,normal,0,0,65535_65535,1,8,87,452,1,1,1,10,452,28,1,1,allocated
942,1385,normal,0,0,65535_65535,1,9,87,406,0,1,0,9,0,28,1,1,pre_allocation
942,1385,normal,0,0,65535_65535,1,9,87,452,1,1,1,10,452,28,1,1,allocated
942,1385,normal,0,0,65535_65535,1,6,87,406,0,1,0,9,0,28,1,1,pre_allocation
942,1385,normal,0,0,65535_65535,1,6,87,452,1,1,1,10,452,28,1,1,allocated
942,1385,normal,0,0,65535_65535,1,7,87,452,0,1,0,10,0,28,1,1,pre_allocation
942,1385,normal,0,0,65535_65535,1,7,87,497,1,1,1,11,497,28,1,1,allocated
942,1385,normal,0,0,65535_65535,1,8,87,452,0,1,0,10,0,28,1,1,pre_allocation
942,1385,normal,0,0,65535_65535,1,8,87,497,1,1,1,11,497,28,1,1,allocated
942,1385,normal,0,0,65535_65535,1,9,87,452,0,1,0,10,0,28,1,1,pre_allocation
942,1385,normal,0,0,65535_65535,1,9,87,497,1,1,1,11,497,28,1,1,allocated
942,1385,normal,0,0,65535_65535,1,6,87,452,0,1,0,10,0,28,1,1,pre_allocation
942,1385,normal,0,0,65535_65535,1,6,87,497,1,1,1,11,497,28,1,1,allocated
942,1385,normal,0,0,65535_65535,1,7,87,497,0,1,0,11,0,28,1,1,pre_allocation
942,1385,normal,0,0,65535_65535,1,7,87,543,1,1,1,12,543,28,1,1,allocated
942,1385,normal,0,0,65535_65535,1,8,87,497,0,1,0,11,0,28,1,1,pre_allocation
942,1385,normal,0,0,65535_65535,1,8,87,543,1,1,1,12,543,28,1,1,allocated
942,1385,normal,0,0,65535_65535,1,9,87,497,0,1,0,11,0,28,1,1,pre_allocation
942,1385,normal,0,0,65535_65535,1,9,87,543,1,1,1,12,543,28,1,1,allocated
942,1385,normal,0,0,65535_65535,1,6,87,497,0,1,0,11,0,28,1,1,pre_allocation
942,1385,normal,0,0,65535_65535,1,6,87,543,1,1,1,12,543,28,1,1,allocated
942,1385,normal,0,0,65535_65535,1,7,87,543,0,1,0,12,0,28,1,1,pre_allocation
942,1385,normal,0,0,65535_65535,1,7,87,589,1,1,1,13,589,28,1,1,allocated
942,1385,normal,0,0,65535_65535,1,8,87,543,0,1,0,12,0,28,1,1,pre_allocation
942,1385,normal,0,0,65535_65535,1,8,87,589,1,1,1,13,589,28,1,1,allocated
942,1385,normal,0,0,65535_65535,1,9,87,543,0,1,0,12,0,28,1,1,pre_allocation
942,1385,normal,0,0,65535_65535,1,9,87,589,1,1,1,13,589,28,1,1,allocated
942,1385,normal,0,0,65535_65535,1,6,87,543,0,1,0,12,0,28,1,1,pre_allocation
942,1385,normal,0,0,65535_65535,1,6,87,589,1,1,1,13,589,28,1,1,allocated
942,1385,normal,0,0,65535_65535,1,7,87,589,0,1,0,13,0,28,1,1,pre_allocation
942,1385,normal,0,0,65535_65535,1,7,87,634,1,1,1,14,634,28,1,1,allocated
942,1385,normal,0,0,65535_65535,1,8,87,589,0,1,0,13,0,28,1,1,pre_allocation
942,1385,normal,0,0,65535_65535,1,8,87,634,1,1,1,14,634,28,1,1,allocated
942,1385,normal,0,0,65535_65535,1,9,87,589,0,1,0,13,0,28,1,1,pre_allocation
942,1385,normal,0,0,65535_65535,1,9,87,634,1,1,1,14,634,28,1,1,allocated
942,1385,normal,0,0,65535_65535,1,6,87,589,0,1,0,13,0,28,1,1,pre_allocation
942,1385,normal,0,0,65535_65535,1,6,87,634,1,1,1,14,634,28,1,1,allocated
942,1385,normal,0,0,65535_65535,1,7,87,634,0,1,0,14,0,28,1,1,pre_allocation
942,1385,normal,0,0,65535_65535,1,7,87,680,1,1,1,15,680,28,1,1,allocated
942,1385,normal,0,0,65535_65535,1,8,87,634,0,1,0,14,0,28,1,1,pre_allocation
942,1385,normal,0,0,65535_65535,1,8,87,680,1,1,1,15,680,28,1,1,allocated
942,1385,normal,0,0,65535_65535,1,9,87,634,0,1,0,14,0,28,1,1,pre_allocation
942,1385,normal,0,0,65535_65535,1,9,87,680,1,1,1,15,680,28,1,1,allocated
942,1385,normal,0,0,65535_65535,1,6,87,634,0,1,0,14,0,28,1,1,pre_allocation
942,1385,normal,0,0,65535_65535,1,6,87,680,1,1,1,15,680,28,1,1,allocated
942,1385,normal,0,0,65535_65535,1,7,87,680,0,1,0,15,0,28,1,1,pre_allocation
942,1385,normal,0,0,65535_65535,1,7,87,725,1,1,1,16,725,28,1,1,allocated
942,1385,normal,0,0,65535_65535,1,8,87,680,0,1,0,15,0,28,1,1,pre_allocation
942,1385,normal,0,0,65535_65535,1,8,87,725,1,1,1,16,725,28,1,1,allocated
942,1385,normal,0,0,65535_65535,1,9,87,680,0,1,0,15,0,28,1,1,pre_allocation
942,1385,normal,0,0,65535_65535,1,9,87,725,1,1,1,16,725,28,1,1,allocated
942,1385,normal,0,0,65535_65535,1,6,87,680,0,1,0,15,0,28,1,1,pre_allocation
942,1385,normal,0,0,65535_65535,1,6,87,725,1,1,1,16,725,28,1,1,allocated
942,1385,normal,0,0,65535_65535,1,7,87,725,0,1,0,16,0,28,1,1,pre_allocation
942,1385,normal,0,0,65535_65535,1,7,87,771,1,1,1,17,771,28,1,1,allocated
942,1385,normal,0,0,65535_65535,1,8,87,725,0,1,0,16,0,28,1,1,pre_allocation
942,1385,normal,0,0,65535_65535,1,8,87,771,1,1,1,17,771,28,1,1,allocated
942,1385,normal,0,0,65535_65535,1,9,87,725,0,1,0,16,0,28,1,1,pre_allocation
942,1385,normal,0,0,65535_65535,1,9,87,771,1,1,1,17,771,28,1,1,allocated
942,1385,normal,0,0,65535_65535,1,6,87,725,0,1,0,16,0,28,1,1,pre_allocation
942,1385,normal,0,0,65535_65535,1,6,87,771,1,1,1,17,771,28,1,1,allocated
942,1385,normal,0,0,65535_65535,1,7,87,771,0,1,0,17,0,28,1,1,pre_allocation
942,1385,normal,0,0,65535_65535,1,7,87,816,1,1,1,18,816,28,1,1,allocated
942,1385,normal,0,0,65535_65535,1,8,87,771,0,1,0,17,0,28,1,1,pre_allocation
942,1385,normal,0,0,65535_65535,1,8,87,816,1,1,1,18,816,28,1,1,allocated
942,1385,normal,0,0,65535_65535,1,9,87,771,0,1,0,17,0,28,1,1,pre_allocation
942,1385,normal,0,0,65535_65535,1,9,87,816,1,1,1,18,816,28,1,1,allocated
942,1385,normal,0,0,65535_65535,1,6,87,771,0,1,0,17,0,28,1,1,pre_allocation
942,1385,normal,0,0,65535_65535,1,6,87,816,1,1,1,18,816,28,1,1,allocated
942,1385,normal,0,0,65535_65535,1,7,87,816,0,1,0,18,0,28,1,1,pre_allocation
942,1385,normal,0,0,65535_65535,1,7,87,862,1,1,1,19,862,28,1,1,allocated
942,1385,normal,0,0,65535_65535,1,8,87,816,0,1,0,18,0,28,1,1,pre_allocation
942,1385,normal,0,0,65535_65535,1,8,87,862,1,1,1,19,862,28,1,1,allocated
942,1385,normal,0,0,65535_65535,1,9,87,816,0,1,0,18,0,28,1,1,pre_allocation
942,1385,normal,0,0,65535_65535,1,9,87,862,1,1,1,19,862,28,1,1,allocated
942,1385,normal,0,0,65535_65535,1,6,87,816,0,1,0,18,0,28,1,1,pre_allocation
942,1385,normal,0,0,65535_65535,1,6,87,862,1,1,1,19,862,28,1,1,allocated
942,1385,normal,0,0,65535_65535,1,7,87,862,0,1,0,19,0,28,1,1,pre_allocation
942,1385,normal,0,0,65535_65535,1,7,87,907,1,1,1,20,907,28,1,1,allocated
942,1385,normal,0,0,65535_65535,1,8,87,862,0,1,0,19,0,28,1,1,pre_allocation
942,1385,normal,0,0,65535_65535,1,8,87,907,1,1,1,20,907,28,1,1,allocated
942,1385,normal,0,0,65535_65535,1,9,87,862,0,1,0,19,0,28,1,1,pre_allocation
942,1385,normal,0,0,65535_65535,1,9,87,907,1,1,1,20,907,28,1,1,allocated
942,1385,normal,0,0,65535_65535,1,6,87,862,0,1,0,19,0,28,1,1,pre_allocation
942,1385,normal,0,0,65535_65535,1,6,87,907,1,1,1,20,907,28,1,1,allocated
942,1385,normal,0,0,65535_65535,1,7,87,907,0,1,0,20,0,28,1,1,pre_allocation
942,1385,normal,0,0,65535_65535,1,7,87,953,1,1,1,21,953,28,1,1,allocated
942,1385,normal,0,0,65535_65535,1,8,87,907,0,1,0,20,0,28,1,1,pre_allocation
942,1385,normal,0,0,65535_65535,1,8,87,953,1,1,1,21,953,28,1,1,allocated
942,1385,normal,0,0,65535_65535,1,9,87,907,0,1,0,20,0,28,1,1,pre_allocation
942,1385,normal,0,0,65535_65535,1,9,87,953,1,1,1,21,953,28,1,1,allocated
942,1385,normal,0,0,65535_65535,1,6,87,907,0,1,0,20,0,28,1,1,pre_allocation
942,1385,normal,0,0,65535_65535,1,6,87,953,1,1,1,21,953,28,1,1,allocated
942,1385,normal,0,0,65535_65535,1,7,87,953,0,1,0,21,0,28,1,1,pre_allocation
942,1385,normal,0,0,65535_65535,1,7,87,998,1,1,1,22,998,28,1,1,allocated
942,1385,normal,0,0,65535_65535,1,8,87,953,0,1,0,21,0,28,1,1,pre_allocation
942,1385,normal,0,0,65535_65535,1,8,87,998,1,1,1,22,998,28,1,1,allocated
942,1385,normal,0,0,65535_65535,1,9,87,953,0,1,0,21,0,28,1,1,pre_allocation
942,1385,normal,0,0,65535_65535,1,9,87,998,1,1,1,22,998,28,1,1,allocated
942,1385,normal,0,0,65535_65535,1,6,87,953,0,1,0,21,0,28,1,1,pre_allocation
942,1385,normal,0,0,65535_65535,1,6,87,998,1,1,1,22,998,28,1,1,allocated
942,1385,normal,0,0,65535_65535,1,7,87,998,0,1,0,22,0,28,1,1,pre_allocation
942,1385,normal,0,0,65535_65535,1,7,87,1044,1,1,1,23,1044,28,1,1,allocated
942,1385,normal,0,0,65535_65535,1,8,87,998,0,1,0,22,0,28,1,1,pre_allocation
942,1385,normal,0,0,65535_65535,1,8,87,1044,1,1,1,23,1044,28,1,1,allocated
942,1385,normal,0,0,65535_65535,1,9,87,998,0,1,0,22,0,28,1,1,pre_allocation
942,1385,normal,0,0,65535_65535,1,9,87,1044,1,1,1,23,1044,28,1,1,allocated
942,1385,normal,0,0,65535_65535,1,6,87,998,0,1,0,22,0,28,1,1,pre_allocation
942,1385,normal,0,0,65535_65535,1,6,87,1044,1,1,1,23,1044,28,1,1,allocated
942,1385,normal,0,0,65535_65535,1,7,87,1044,0,1,0,23,0,28,1,1,pre_allocation
942,1385,normal,0,0,65535_65535,1,7,87,1089,1,1,1,24,1089,28,1,1,allocated
942,1385,normal,0,0,65535_65535,1,8,87,1044,0,1,0,23,0,28,1,1,pre_allocation
942,1385,normal,0,0,65535_65535,1,8,87,1089,1,1,1,24,1089,28,1,1,allocated
942,1385,normal,0,0,65535_65535,1,9,87,1044,0,1,0,23,0,28,1,1,pre_allocation
942,1385,normal,0,0,65535_65535,1,9,87,1089,1,1,1,24,1089,28,1,1,allocated
942,1385,normal,0,0,65535_65535,1,6,87,1044,0,1,0,23,0,28,1,1,pre_allocation
942,1385,normal,0,0,65535_65535,1,6,87,1089,1,1,1,24,1089,28,1,1,allocated
942,1385,normal,0,0,65535_65535,1,7,87,1089,0,1,0,24,0,28,1,1,pre_allocation
942,1385,normal,0,0,65535_65535,1,7,87,1135,1,1,1,25,1135,28,1,1,allocated
942,1385,normal,0,0,65535_65535,1,8,87,1089,0,1,0,24,0,28,1,1,pre_allocation
942,1385,normal,0,0,65535_65535,1,8,87,1135,1,1,1,25,1135,28,1,1,allocated
942,1385,normal,0,0,65535_65535,1,9,87,1089,0,1,0,24,0,28,1,1,pre_allocation
942,1385,normal,0,0,65535_65535,1,9,87,1135,1,1,1,25,1135,28,1,1,allocated
942,1385,normal,0,0,65535_65535,1,6,87,1089,0,1,0,24,0,28,1,1,pre_allocation
942,1385,normal,0,0,65535_65535,1,6,87,1135,1,1,1,25,1135,28,1,1,allocated
942,1385,normal,0,0,65535_65535,1,7,87,1135,0,1,0,25,0,28,1,1,pre_allocation
942,1385,normal,0,0,65535_65535,1,7,87,1181,1,1,1,26,1181,28,1,1,allocated
942,1385,normal,0,0,65535_65535,1,8,87,1135,0,1,0,25,0,28,1,1,pre_allocation
942,1385,normal,0,0,65535_65535,1,8,87,1181,1,1,1,26,1181,28,1,1,allocated
942,1385,normal,0,0,65535_65535,1,9,87,1135,0,1,0,25,0,28,1,1,pre_allocation
942,1385,normal,0,0,65535_65535,1,9,87,1181,1,1,1,26,1181,28,1,1,allocated
942,1385,normal,0,0,65535_65535,1,6,87,1135,0,1,0,25,0,28,1,1,pre_allocation
942,1385,normal,0,0,65535_65535,1,6,87,1181,1,1,1,26,1181,28,1,1,allocated
942,1385,normal,0,0,65535_65535,1,7,87,1181,0,1,0,26,0,28,1,1,pre_allocation
942,1385,normal,0,0,65535_65535,1,7,87,1226,1,1,1,27,1226,28,1,1,allocated
942,1385,normal,0,0,65535_65535,1,8,87,1181,0,1,0,26,0,28,1,1,pre_allocation
942,1385,normal,0,0,65535_65535,1,8,87,1226,1,1,1,27,1226,28,1,1,allocated
942,1385,normal,0,0,65535_65535,1,9,87,1181,0,1,0,26,0,28,1,1,pre_allocation
942,1385,normal,0,0,65535_65535,1,9,87,1226,1,1,1,27,1226,28,1,1,allocated
942,1385,normal,0,0,65535_65535,1,6,87,1181,0,1,0,26,0,28,1,1,pre_allocation
942,1385,normal,0,0,65535_65535,1,6,87,1226,1,1,1,27,1226,28,1,1,allocated
942,1385,normal,0,0,65535_65535,1,7,87,1226,0,1,0,27,0,28,1,1,pre_allocation
942,1385,normal,0,0,65535_65535,1,7,87,1272,1,1,1,28,1272,28,1,1,allocated
942,1385,normal,0,0,65535_65535,1,8,87,1226,0,1,0,27,0,28,1,1,pre_allocation
942,1385,normal,0,0,65535_65535,1,8,87,1272,1,1,1,28,1272,28,1,1,allocated
942,1385,normal,0,0,65535_65535,1,9,87,1226,0,1,0,27,0,28,1,1,pre_allocation
942,1385,normal,0,0,65535_65535,1,9,87,1272,1,1,1,28,1272,28,1,1,allocated
942,1385,normal,0,0,65535_65535,1,6,87,1226,0,1,0,27,0,28,1,1,pre_allocation
942,1385,normal,0,0,65535_65535,1,6,87,1272,1,1,1,28,1272,28,1,1,allocated
942,1385,normal,0,0,65535_65535,1,7,87,1272,0,1,0,28,0,28,1,1,pre_allocation
942,1385,normal,0,0,65535_65535,1,7,87,1317,1,1,1,29,1317,28,1,1,allocated
942,1385,normal,0,0,65535_65535,1,8,87,1272,0,1,0,28,0,28,1,1,pre_allocation
942,1385,normal,0,0,65535_65535,1,8,87,1317,1,1,1,29,1317,28,1,1,allocated
942,1385,normal,0,0,65535_65535,1,9,87,1272,0,1,0,28,0,28,1,1,pre_allocation
942,1385,normal,0,0,65535_65535,1,9,87,1317,1,1,1,29,1317,28,1,1,allocated
942,1385,normal,0,0,65535_65535,1,6,87,1272,0,1,0,28,0,28,1,1,pre_allocation
942,1385,normal,0,0,65535_65535,1,6,87,1317,1,1,1,29,1317,28,1,1,allocated
942,1385,normal,0,0,65535_65535,1,7,87,1317,0,1,0,29,0,28,1,1,pre_allocation
942,1385,normal,0,0,65535_65535,1,7,87,1363,1,1,1,30,1363,28,1,1,allocated
942,1385,normal,0,0,65535_65535,1,8,87,1317,0,1,0,29,0,28,1,1,pre_allocation
942,1385,normal,0,0,65535_65535,1,8,87,1363,1,1,1,30,1363,28,1,1,allocated
942,1385,normal,0,0,65535_65535,1,9,87,1317,0,1,0,29,0,28,1,1,pre_allocation
942,1385,normal,0,0,65535_65535,1,9,87,1363,1,1,1,30,1363,28,1,1,allocated
942,1385,normal,0,0,65535_65535,1,6,87,1317,0,1,0,29,0,28,1,1,pre_allocation
942,1385,normal,0,0,65535_65535,1,6,87,1363,1,1,1,30,1363,28,1,1,allocated
942,1385,normal,0,0,65535_65535,1,7,87,1363,0,1,0,30,0,28,1,1,pre_allocation
942,1385,normal,0,0,65535_65535,1,7,87,1408,1,1,1,31,1408,28,1,1,allocated
942,1385,normal,0,0,65535_65535,1,8,87,1363,0,1,0,30,0,28,1,1,pre_allocation
942,1385,normal,0,0,65535_65535,1,8,87,1408,1,1,1,31,1408,28,1,1,allocated
942,1385,normal,0,0,65535_65535,1,9,87,1363,0,1,0,30,0,28,1,1,pre_allocation
942,1385,normal,0,0,65535_65535,1,9,87,1408,1,1,1,31,1408,28,1,1,allocated
942,1385,normal,0,0,65535_65535,1,6,87,1363,0,1,0,30,0,28,1,1,pre_allocation
942,1385,normal,0,0,65535_65535,1,6,87,1408,1,1,1,31,1408,28,1,1,allocated
942,1385,normal,0,0,65535_65535,1,7,87,1408,0,1,0,31,0,28,1,1,pre_allocation
942,1385,normal,0,0,65535_65535,1,7,87,1454,1,1,1,32,1454,28,1,1,allocated
942,1385,normal,0,0,65535_65535,1,8,87,1408,0,1,0,31,0,28,1,1,pre_allocation
942,1385,normal,0,0,65535_65535,1,8,87,1454,1,1,1,32,1454,28,1,1,allocated
942,1385,normal,0,0,65535_65535,1,9,87,1408,0,1,0,31,0,28,1,1,pre_allocation
942,1385,normal,0,0,65535_65535,1,9,87,1454,1,1,1,32,1454,28,1,1,allocated
942,1385,normal,0,0,65535_65535,1,6,87,1408,0,1,0,31,0,28,1,1,pre_allocation
942,1385,normal,0,0,65535_65535,1,6,87,1454,1,1,1,32,1454,28,1,1,allocated
942,1385,normal,0,0,65535_65535,1,7,87,1454,0,1,0,32,0,28,1,1,pre_allocation
942,1385,normal,0,0,65535_65535,1,7,87,1499,1,1,1,33,1499,28,1,1,allocated
942,1385,normal,0,0,65535_65535,1,8,87,1454,0,1,0,32,0,28,1,1,pre_allocation
942,1385,normal,0,0,65535_65535,1,8,87,1499,1,1,1,33,1499,28,1,1,allocated
942,1385,normal,0,0,65535_65535,1,9,87,1454,0,1,0,32,0,28,1,1,pre_allocation
942,1385,normal,0,0,65535_65535,1,9,87,1499,1,1,1,33,1499,28,1,1,allocated
942,1385,normal,0,0,65535_65535,1,6,87,1454,0,1,0,32,0,28,1,1,pre_allocation
942,1385,normal,0,0,65535_65535,1,6,87,1499,1,1,1,33,1499,28,1,1,allocated
942,1385,normal,0,0,65535_65535,1,7,87,1499,0,1,0,33,0,28,1,1,pre_allocation
942,1385,normal,0,0,65535_65535,1,7,87,1542,1,1,1,34,1542,28,1,1,allocated
942,1385,normal,0,0,65535_65535,1,8,87,1499,0,1,0,33,0,28,1,1,pre_allocation
942,1385,normal,0,0,65535_65535,1,8,87,1542,1,1,1,34,1542,28,1,1,allocated
942,1385,normal,0,0,65535_65535,1,9,87,1499,0,1,0,33,0,28,1,1,pre_allocation
942,1385,normal,0,0,65535_65535,1,9,87,1542,1,1,1,34,1542,28,1,1,allocated
942,1385,normal,0,0,65535_65535,1,6,87,1499,0,1,0,33,0,28,1,1,pre_allocation
942,1385,normal,0,0,65535_65535,1,6,87,1542,1,1,1,34,1542,28,1,1,allocated
942,1385,normal,0,0,65535_65535,1,7,87,1542,0,1,0,34,0,28,1,1,pre_allocation
942,1385,normal,0,0,65535_65535,1,7,87,1587,1,1,1,35,1587,28,1,1,allocated
942,1385,normal,0,0,65535_65535,1,8,87,1542,0,1,0,34,0,28,1,1,pre_allocation
942,1385,normal,0,0,65535_65535,1,8,87,1587,1,1,1,35,1587,28,1,1,allocated
942,1385,normal,0,0,65535_65535,1,9,87,1542,0,1,0,34,0,28,1,1,pre_allocation
942,1385,normal,0,0,65535_65535,1,9,87,1587,1,1,1,35,1587,28,1,1,allocated
942,1385,normal,0,0,65535_65535,1,6,87,1542,0,1,0,34,0,28,1,1,pre_allocation
942,1385,normal,0,0,65535_65535,1,6,87,1587,1,1,1,35,1587,28,1,1,allocated
1053,1483,normal,0,0,65535_65535,0,2,1632702,0,0,1,0,0,0,15,1,1,pre_allocation
1053,1483,normal,0,0,65535_65535,0,2,1632702,14,1,1,1,1,14,15,1,1,allocated
1053,1483,normal,0,0,65535_65535,0,4,5815,0,0,1,0,0,0,18,1,1,pre_allocation
1053,1483,normal,0,0,65535_65535,0,4,5815,19,1,1,1,1,19,18,1,1,allocated
1053,1483,normal,0,0,65535_65535,0,1,3069,0,0,1,0,0,0,28,1,1,pre_allocation
1053,1483,normal,0,0,65535_65535,0,1,3069,42,1,1,1,1,42,28,1,1,allocated
1053,1483,normal,0,0,65535_65535,0,2,1632702,14,0,1,0,1,0,15,1,1,pre_allocation
1053,1483,normal,0,0,65535_65535,0,2,1632702,32,1,1,1,2,32,15,1,1,allocated
1053,1483,normal,0,0,65535_65535,0,4,5815,19,0,1,0,1,0,18,1,1,pre_allocation
1053,1483,normal,0,0,65535_65535,0,4,5815,41,1,1,1,2,41,18,1,1,allocated
1053,1483,normal,0,0,65535_65535,0,1,3069,42,0,1,0,1,0,28,1,1,pre_allocation
1053,1483,normal,0,0,65535_65535,0,1,3069,88,1,1,1,2,88,28,1,1,allocated
1053,1483,normal,0,0,65535_65535,0,2,1632702,32,0,1,0,2,0,15,1,1,pre_allocation
1053,1483,normal,0,0,65535_65535,0,2,1632702,50,1,1,1,3,50,15,1,1,allocated
1053,1483,normal,0,0,65535_65535,0,4,5815,41,0,1,0,2,0,18,1,1,pre_allocation
1053,1483,normal,0,0,65535_65535,0,4,5815,63,1,1,1,3,63,18,1,1,allocated
1053,1483,normal,0,0,65535_65535,0,1,3069,88,0,1,0,2,0,28,1,1,pre_allocation
1053,1483,normal,0,0,65535_65535,0,1,3069,133,1,1,1,3,133,28,1,1,allocated
1053,1483,normal,0,0,65535_65535,0,2,1632702,50,0,1,0,3,0,15,1,1,pre_allocation
1053,1483,normal,0,0,65535_65535,0,2,1632702,68,1,1,1,4,68,15,1,1,allocated
1053,1483,normal,0,0,65535_65535,0,4,5815,63,0,1,0,3,0,18,1,1,pre_allocation
1053,1483,normal,0,0,65535_65535,0,4,5815,86,1,1,1,4,86,18,1,1,allocated
1053,1483,normal,0,0,65535_65535,0,1,3069,133,0,1,0,3,0,28,1,1,pre_allocation
1053,1483,normal,0,0,65535_65535,0,1,3069,179,1,1,1,4,179,28,1,1,allocated
1053,1483,normal,0,0,65535_65535,0,2,1632702,68,0,1,0,4,0,15,1,1,pre_allocation
1053,1483,normal,0,0,65535_65535,0,2,1632702,86,1,1,1,5,86,15,1,1,allocated
1053,1483,normal,0,0,65535_65535,0,4,5815,86,0,1,0,4,0,18,1,1,pre_allocation
1053,1483,normal,0,0,65535_65535,0,4,5815,108,1,1,1,5,108,18,1,1,allocated
1053,1483,normal,0,0,65535_65535,0,1,3069,179,0,1,0,4,0,28,1,1,pre_allocation
1053,1483,normal,0,0,65535_65535,0,1,3069,224,1,1,1,5,224,28,1,1,allocated
1053,1483,normal,0,0,65535_65535,0,2,1632702,86,0,1,0,5,0,15,1,1,pre_allocation
1053,1483,normal,0,0,65535_65535,0,2,1632702,103,1,1,1,6,103,15,1,1,allocated
1053,1483,normal,0,0,65535_65535,0,4,5815,108,0,1,0,5,0,18,1,1,pre_allocation
1053,1483,normal,0,0,65535_65535,0,4,5815,130,1,1,1,6,130,18,1,1,allocated
1053,1483,normal,0,0,65535_65535,0,1,3069,224,0,1,0,5,0,28,1,1,pre_allocation
1053,1483,normal,0,0,65535_65535,0,1,3069,270,1,1,1,6,270,28,1,1,allocated
1053,1483,normal,0,0,65535_65535,0,2,1632702,103,0,1,0,6,0,15,1,1,pre_allocation
1053,1483,normal,0,0,65535_65535,0,2,1632702,121,1,1,1,7,121,15,1,1,allocated
1053,1483,normal,0,0,65535_65535,0,4,5815,130,0,1,0,6,0,18,1,1,pre_allocation
1053,1483,normal,0,0,65535_65535,0,4,5815,152,1,1,1,7,152,18,1,1,allocated
1053,1483,normal,0,0,65535_65535,0,1,3069,270,0,1,0,6,0,28,1,1,pre_allocation
1053,1483,normal,0,0,65535_65535,0,1,3069,315,1,1,1,7,315,28,1,1,allocated
1053,1483,normal,0,0,65535_65535,0,2,1632702,121,0,1,0,7,0,15,1,1,pre_allocation
1053,1483,normal,0,0,65535_65535,0,2,1632702,139,1,1,1,8,139,15,1,1,allocated
1053,1483,normal,0,0,65535_65535,0,4,5815,152,0,1,0,7,0,18,1,1,pre_allocation
1053,1483,normal,0,0,65535_65535,0,4,5815,175,1,1,1,8,175,18,1,1,allocated
1053,1483,normal,0,0,65535_65535,0,1,3069,315,0,1,0,7,0,28,1,1,pre_allocation
1053,1483,normal,0,0,65535_65535,0,1,3069,361,1,1,1,8,361,28,1,1,allocated
1053,1483,normal,0,0,65535_65535,0,2,1632702,139,0,1,0,8,0,15,1,1,pre_allocation
1053,1483,normal,0,0,65535_65535,0,2,1632702,157,1,1,1,9,157,15,1,1,allocated
1053,1483,normal,0,0,65535_65535,0,4,5815,175,0,1,0,8,0,18,1,1,pre_allocation
1053,1483,normal,0,0,65535_65535,0,4,5815,197,1,1,1,9,197,18,1,1,allocated
1053,1483,normal,0,0,65535_65535,0,1,3069,361,0,1,0,8,0,28,1,1,pre_allocation
1053,1483,normal,0,0,65535_65535,0,1,3069,406,1,1,1,9,406,28,1,1,allocated
1053,1483,normal,0,0,65535_65535,0,2,1632702,157,0,1,0,9,0,15,1,1,pre_allocation
1053,1483,normal,0,0,65535_65535,0,2,1632702,175,1,1,1,10,175,15,1,1,allocated
1053,1483,normal,0,0,65535_65535,0,4,5815,197,0,1,0,9,0,18,1,1,pre_allocation
1053,1483,normal,0,0,65535_65535,0,4,5815,219,1,1,1,10,219,18,1,1,allocated
1053,1483,normal,0,0,65535_65535,0,1,3069,406,0,1,0,9,0,28,1,1,pre_allocation
1053,1483,normal,0,0,65535_65535,0,1,3069,452,1,1,1,10,452,28,1,1,allocated
1053,1483,normal,0,0,65535_65535,0,2,1632702,175,0,1,0,10,0,15,1,1,pre_allocation
1053,1483,normal,0,0,65535_65535,0,2,1632702,193,1,1,1,11,193,15,1,1,allocated
1053,1483,normal,0,0,65535_65535,0,4,5815,219,0,1,0,10,0,18,1,1,pre_allocation
1053,1483,normal,0,0,65535_65535,0,4,5815,242,1,1,1,11,242,18,1,1,allocated
1053,1483,normal,0,0,65535_65535,0,1,3069,452,0,1,0,10,0,28,1,1,pre_allocation
1053,1483,normal,0,0,65535_65535,0,1,3069,497,1,1,1,11,497,28,1,1,allocated
1053,1483,normal,0,0,65535_65535,0,2,1632702,193,0,1,0,11,0,15,1,1,pre_allocation
1053,1483,normal,0,0,65535_65535,0,2,1632702,210,1,1,1,12,210,15,1,1,allocated
1053,1483,normal,0,0,65535_65535,0,4,5815,242,0,1,0,11,0,18,1,1,pre_allocation
1053,1483,normal,0,0,65535_65535,0,4,5815,264,1,1,1,12,264,18,1,1,allocated
1053,1483,normal,0,0,65535_65535,0,1,3069,497,0,1,0,11,0,28,1,1,pre_allocation
1053,1483,normal,0,0,65535_65535,0,1,3069,543,1,1,1,12,543,28,1,1,allocated
1053,1483,normal,0,0,65535_65535,0,2,1632702,210,0,1,0,12,0,15,1,1,pre_allocation
1053,1483,normal,0,0,65535_65535,0,2,1632702,228,1,1,1,13,228,15,1,1,allocated
1053,1483,normal,0,0,65535_65535,0,4,5815,264,0,1,0,12,0,18,1,1,pre_allocation
1053,1483,normal,0,0,65535_65535,0,4,5815,286,1,1,1,13,286,18,1,1,allocated
1053,1483,normal,0,0,65535_65535,0,1,3069,543,0,1,0,12,0,28,1,1,pre_allocation
1053,1483,normal,0,0,65535_65535,0,1,3069,589,1,1,1,13,589,28,1,1,allocated
1053,1483,normal,0,0,65535_65535,0,2,1632702,228,0,1,0,13,0,15,1,1,pre_allocation
1053,1483,normal,0,0,65535_65535,0,2,1632702,246,1,1,1,14,246,15,1,1,allocated
1053,1483,normal,0,0,65535_65535,0,4,5815,286,0,1,0,13,0,18,1,1,pre_allocation
1053,1483,normal,0,0,65535_65535,0,4,5815,308,1,1,1,14,308,18,1,1,allocated
1053,1483,normal,0,0,65535_65535,0,1,3069,589,0,1,0,13,0,28,1,1,pre_allocation
1053,1483,normal,0,0,65535_65535,0,1,3069,634,1,1,1,14,634,28,1,1,allocated
1053,1483,normal,0,0,65535_65535,0,2,1632702,246,0,1,0,14,0,15,1,1,pre_allocation
1053,1483,normal,0,0,65535_65535,0,2,1632702,264,1,1,1,15,264,15,1,1,allocated
1053,1483,normal,0,0,65535_65535,0,4,5815,308,0,1,0,14,0,18,1,1,pre_allocation
1053,1483,normal,0,0,65535_65535,0,4,5815,331,1,1,1,15,331,18,1,1,allocated
1053,1483,normal,0,0,65535_65535,0,1,3069,634,0,1,0,14,0,28,1,1,pre_allocation
1053,1483,normal,0,0,65535_65535,0,1,3069,680,1,1,1,15,680,28,1,1,allocated
1053,1483,normal,0,0,65535_65535,0,2,1632702,264,0,1,0,15,0,15,1,1,pre_allocation
1053,1483,normal,0,0,65535_65535,0,2,1632702,282,1,1,1,16,282,15,1,1,allocated
1053,1483,normal,0,0,65535_65535,0,4,5815,331,0,1,0,15,0,18,1,1,pre_allocation
1053,1483,normal,0,0,65535_65535,0,4,5815,353,1,1,1,16,353,18,1,1,allocated
1053,1483,normal,0,0,65535_65535,0,1,3069,680,0,1,0,15,0,28,1,1,pre_allocation
1053,1483,normal,0,0,65535_65535,0,1,3069,725,1,1,1,16,725,28,1,1,allocated
1053,1483,normal,0,0,65535_65535,0,2,1632702,282,0,1,0,16,0,15,1,1,pre_allocation
1053,1483,normal,0,0,65535_65535,0,2,1632702,299,1,1,1,17,299,15,1,1,allocated
1053,1483,normal,0,0,65535_65535,0,4,5815,353,0,1,0,16,0,18,1,1,pre_allocation
1053,1483,normal,0,0,65535_65535,0,4,5815,375,1,1,1,17,375,18,1,1,allocated
1053,1483,normal,0,0,65535_65535,0,1,3069,725,0,1,0,16,0,28,1,1,pre_allocation
1053,1483,normal,0,0,65535_65535,0,1,3069,771,1,1,1,17,771,28,1,1,allocated
1053,1483,normal,0,0,65535_65535,0,2,1632702,299,0,1,0,17,0,15,1,1,pre_allocation
1053,1483,normal,0,0,65535_65535,0,2,1632702,317,1,1,1,18,317,15,1,1,allocated
1053,1483,normal,0,0,65535_65535,0,4,5815,375,0,1,0,17,0,18,1,1,pre_allocation
1053,1483,normal,0,0,65535_65535,0,4,5815,397,1,1,1,18,397,18,1,1,allocated
1053,1483,normal,0,0,65535_65535,0,1,3069,771,0,1,0,17,0,28,1,1,pre_allocation
1053,1483,normal,0,0,65535_65535,0,1,3069,816,1,1,1,18,816,28,1,1,allocated
1053,1483,normal,0,0,65535_65535,0,2,1632702,317,0,1,0,18,0,15,1,1,pre_allocation
1053,1483,normal,0,0,65535_65535,0,2,1632702,335,1,1,1,19,335,15,1,1,allocated
1053,1483,normal,0,0,65535_65535,0,4,5815,397,0,1,0,18,0,18,1,1,pre_allocation
1053,1483,normal,0,0,65535_65535,0,4,5815,420,1,1,1,19,420,18,1,1,allocated
1053,1483,normal,0,0,65535_65535,0,1,3069,816,0,1,0,18,0,28,1,1,pre_allocation
1053,1483,normal,0,0,65535_65535,0,1,3069,862,1,1,1,19,862,28,1,1,allocated
1053,1483,normal,0,0,65535_65535,0,2,1632702,335,0,1,0,19,0,15,1,1,pre_allocation
1053,1483,normal,0,0,65535_65535,0,2,1632702,353,1,1,1,20,353,15,1,1,allocated
1053,1483,normal,0,0,65535_65535,0,4,5815,420,0,1,0,19,0,18,1,1,pre_allocation
1053,1483,normal,0,0,65535_65535,0,4,5815,442,1,1,1,20,442,18,1,1,allocated
1053,1483,normal,0,0,65535_65535,0,1,3069,862,0,1,0,19,0,28,1,1,pre_allocation
1053,1483,normal,0,0,65535_65535,0,1,3069,907,1,1,1,20,907,28,1,1,allocated
1053,1483,normal,0,0,65535_65535,0,2,1632702,353,0,1,0,20,0,15,1,1,pre_allocation
1053,1483,normal,0,0,65535_65535,0,2,1632702,371,1,1,1,21,371,15,1,1,allocated
1053,1483,normal,0,0,65535_65535,0,4,5815,442,0,1,0,20,0,18,1,1,pre_allocation
1053,1483,normal,0,0,65535_65535,0,4,5815,464,1,1,1,21,464,18,1,1,allocated
1053,1483,normal,0,0,65535_65535,0,1,3069,907,0,1,0,20,0,28,1,1,pre_allocation
1053,1483,normal,0,0,65535_65535,0,1,3069,953,1,1,1,21,953,28,1,1,allocated
1053,1483,normal,0,0,65535_65535,0,2,1632702,371,0,1,0,21,0,15,1,1,pre_allocation
1053,1483,normal,0,0,65535_65535,0,2,1632702,389,1,1,1,22,389,15,1,1,allocated
1053,1483,normal,0,0,65535_65535,0,4,5815,464,0,1,0,21,0,18,1,1,pre_allocation
1053,1483,normal,0,0,65535_65535,0,4,5815,487,1,1,1,22,487,18,1,1,allocated
1053,1483,normal,0,0,65535_65535,0,1,3069,953,0,1,0,21,0,28,1,1,pre_allocation
1053,1483,normal,0,0,65535_65535,0,1,3069,998,1,1,1,22,998,28,1,1,allocated
1053,1483,normal,0,0,65535_65535,0,2,1632702,389,0,1,0,22,0,15,1,1,pre_allocation
1053,1483,normal,0,0,65535_65535,0,2,1632702,406,1,1,1,23,406,15,1,1,allocated
1053,1483,normal,0,0,65535_65535,0,4,5815,487,0,1,0,22,0,18,1,1,pre_allocation
1053,1483,normal,0,0,65535_65535,0,4,5815,509,1,1,1,23,509,18,1,1,allocated
1053,1483,normal,0,0,65535_65535,1,7,87,0,0,1,0,0,0,28,1,1,pre_allocation
1053,1483,normal,0,0,65535_65535,1,7,87,42,1,1,1,1,42,28,1,1,allocated
1053,1483,normal,0,0,65535_65535,1,8,87,0,0,1,0,0,0,28,1,1,pre_allocation
1053,1483,normal,0,0,65535_65535,1,8,87,42,1,1,1,1,42,28,1,1,allocated
1053,1483,normal,0,0,65535_65535,1,9,87,0,0,1,0,0,0,28,1,1,pre_allocation
1053,1483,normal,0,0,65535_65535,1,9,87,42,1,1,1,1,42,28,1,1,allocated
1053,1483,normal,0,0,65535_65535,1,6,87,0,0,1,0,0,0,28,1,1,pre_allocation
1053,1483,normal,0,0,65535_65535,1,6,87,42,1,1,1,1,42,28,1,1,allocated
1053,1483,normal,0,0,65535_65535,1,7,87,42,0,1,0,1,0,28,1,1,pre_allocation
1053,1483,normal,0,0,65535_65535,1,7,87,88,1,1,1,2,88,28,1,1,allocated
1053,1483,normal,0,0,65535_65535,1,8,87,42,0,1,0,1,0,28,1,1,pre_allocation
1053,1483,normal,0,0,65535_65535,1,8,87,88,1,1,1,2,88,28,1,1,allocated
1053,1483,normal,0,0,65535_65535,1,9,87,42,0,1,0,1,0,28,1,1,pre_allocation
1053,1483,normal,0,0,65535_65535,1,9,87,88,1,1,1,2,88,28,1,1,allocated
1053,1483,normal,0,0,65535_65535,1,6,87,42,0,1,0,1,0,28,1,1,pre_allocation
1053,1483,normal,0,0,65535_65535,1,6,87,88,1,1,1,2,88,28,1,1,allocated
1053,1483,normal,0,0,65535_65535,1,7,87,88,0,1,0,2,0,28,1,1,pre_allocation
1053,1483,normal,0,0,65535_65535,1,7,87,133,1,1,1,3,133,28,1,1,allocated
1053,1483,normal,0,0,65535_65535,1,8,87,88,0,1,0,2,0,28,1,1,pre_allocation
1053,1483,normal,0,0,65535_65535,1,8,87,133,1,1,1,3,133,28,1,1,allocated
1053,1483,normal,0,0,65535_65535,1,9,87,88,0,1,0,2,0,28,1,1,pre_allocation
1053,1483,normal,0,0,65535_65535,1,9,87,133,1,1,1,3,133,28,1,1,allocated
1053,1483,normal,0,0,65535_65535,1,6,87,88,0,1,0,2,0,28,1,1,pre_allocation
1053,1483,normal,0,0,65535_65535,1,6,87,133,1,1,1,3,133,28,1,1,allocated
1053,1483,normal,0,0,65535_65535,1,7,87,133,0,1,0,3,0,28,1,1,pre_allocation
1053,1483,normal,0,0,65535_65535,1,7,87,179,1,1,1,4,179,28,1,1,allocated
1053,1483,normal,0,0,65535_65535,1,8,87,133,0,1,0,3,0,28,1,1,pre_allocation
1053,1483,normal,0,0,65535_65535,1,8,87,179,1,1,1,4,179,28,1,1,allocated
1053,1483,normal,0,0,65535_65535,1,9,87,133,0,1,0,3,0,28,1,1,pre_allocation
1053,1483,normal,0,0,65535_65535,1,9,87,179,1,1,1,4,179,28,1,1,allocated
1053,1483,normal,0,0,65535_65535,1,6,87,133,0,1,0,3,0,28,1,1,pre_allocation
1053,1483,normal,0,0,65535_65535,1,6,87,179,1,1,1,4,179,28,1,1,allocated
1053,1483,normal,0,0,65535_65535,1,7,87,179,0,1,0,4,0,28,1,1,pre_allocation
1053,1483,normal,0,0,65535_65535,1,7,87,224,1,1,1,5,224,28,1,1,allocated
1053,1483,normal,0,0,65535_65535,1,8,87,179,0,1,0,4,0,28,1,1,pre_allocation
1053,1483,normal,0,0,65535_65535,1,8,87,224,1,1,1,5,224,28,1,1,allocated
1053,1483,normal,0,0,65535_65535,1,9,87,179,0,1,0,4,0,28,1,1,pre_allocation
1053,1483,normal,0,0,65535_65535,1,9,87,224,1,1,1,5,224,28,1,1,allocated
1053,1483,normal,0,0,65535_65535,1,6,87,179,0,1,0,4,0,28,1,1,pre_allocation
1053,1483,normal,0,0,65535_65535,1,6,87,224,1,1,1,5,224,28,1,1,allocated
1053,1483,normal,0,0,65535_65535,1,7,87,224,0,1,0,5,0,28,1,1,pre_allocation
1053,1483,normal,0,0,65535_65535,1,7,87,270,1,1,1,6,270,28,1,1,allocated
1053,1483,normal,0,0,65535_65535,1,8,87,224,0,1,0,5,0,28,1,1,pre_allocation
1053,1483,normal,0,0,65535_65535,1,8,87,270,1,1,1,6,270,28,1,1,allocated
1053,1483,normal,0,0,65535_65535,1,9,87,224,0,1,0,5,0,28,1,1,pre_allocation
1053,1483,normal,0,0,65535_65535,1,9,87,270,1,1,1,6,270,28,1,1,allocated
1053,1483,normal,0,0,65535_65535,1,6,87,224,0,1,0,5,0,28,1,1,pre_allocation
1053,1483,normal,0,0,65535_65535,1,6,87,270,1,1,1,6,270,28,1,1,allocated
1053,1483,normal,0,0,65535_65535,1,7,87,270,0,1,0,6,0,28,1,1,pre_allocation
1053,1483,normal,0,0,65535_65535,1,7,87,315,1,1,1,7,315,28,1,1,allocated
1053,1483,normal,0,0,65535_65535,1,8,87,270,0,1,0,6,0,28,1,1,pre_allocation
1053,1483,normal,0,0,65535_65535,1,8,87,315,1,1,1,7,315,28,1,1,allocated
1053,1483,normal,0,0,65535_65535,1,9,87,270,0,1,0,6,0,28,1,1,pre_allocation
1053,1483,normal,0,0,65535_65535,1,9,87,315,1,1,1,7,315,28,1,1,allocated
1053,1483,normal,0,0,65535_65535,1,6,87,270,0,1,0,6,0,28,1,1,pre_allocation
1053,1483,normal,0,0,65535_65535,1,6,87,315,1,1,1,7,315,28,1,1,allocated
1053,1483,normal,0,0,65535_65535,1,7,87,315,0,1,0,7,0,28,1,1,pre_allocation
1053,1483,normal,0,0,65535_65535,1,7,87,361,1,1,1,8,361,28,1,1,allocated
1053,1483,normal,0,0,65535_65535,1,8,87,315,0,1,0,7,0,28,1,1,pre_allocation
1053,1483,normal,0,0,65535_65535,1,8,87,361,1,1,1,8,361,28,1,1,allocated
1053,1483,normal,0,0,65535_65535,1,9,87,315,0,1,0,7,0,28,1,1,pre_allocation
1053,1483,normal,0,0,65535_65535,1,9,87,361,1,1,1,8,361,28,1,1,allocated
1053,1483,normal,0,0,65535_65535,1,6,87,315,0,1,0,7,0,28,1,1,pre_allocation
1053,1483,normal,0,0,65535_65535,1,6,87,361,1,1,1,8,361,28,1,1,allocated
1053,1483,normal,0,0,65535_65535,1,7,87,361,0,1,0,8,0,28,1,1,pre_allocation
1053,1483,normal,0,0,65535_65535,1,7,87,406,1,1,1,9,406,28,1,1,allocated
1053,1483,normal,0,0,65535_65535,1,8,87,361,0,1,0,8,0,28,1,1,pre_allocation
1053,1483,normal,0,0,65535_65535,1,8,87,406,1,1,1,9,406,28,1,1,allocated
1053,1483,normal,0,0,65535_65535,1,9,87,361,0,1,0,8,0,28,1,1,pre_allocation
1053,1483,normal,0,0,65535_65535,1,9,87,406,1,1,1,9,406,28,1,1,allocated
1053,1483,normal,0,0,65535_65535,1,6,87,361,0,1,0,8,0,28,1,1,pre_allocation
1053,1483,normal,0,0,65535_65535,1,6,87,406,1,1,1,9,406,28,1,1,allocated
1053,1483,normal,0,0,65535_65535,1,7,87,406,0,1,0,9,0,28,1,1,pre_allocation
1053,1483,normal,0,0,65535_65535,1,7,87,452,1,1,1,10,452,28,1,1,allocated
1053,1483,normal,0,0,65535_65535,1,8,87,406,0,1,0,9,0,28,1,1,pre_allocation
1053,1483,normal,0,0,65535_65535,1,8,87,452,1,1,1,10,452,28,1,1,allocated
1053,1483,normal,0,0,65535_65535,1,9,87,406,0,1,0,9,0,28,1,1,pre_allocation
1053,1483,normal,0,0,65535_65535,1,9,87,452,1,1,1,10,452,28,1,1,allocated
1053,1483,normal,0,0,65535_65535,1,6,87,406,0,1,0,9,0,28,1,1,pre_allocation
1053,1483,normal,0,0,65535_65535,1,6,87,452,1,1,1,10,452,28,1,1,allocated
1053,1483,normal,0,0,65535_65535,1,7,87,452,0,1,0,10,0,28,1,1,pre_allocation
1053,1483,normal,0,0,65535_65535,1,7,87,497,1,1,1,11,497,28,1,1,allocated
1053,1483,normal,0,0,65535_65535,1,8,87,452,0,1,0,10,0,28,1,1,pre_allocation
1053,1483,normal,0,0,65535_65535,1,8,87,497,1,1,1,11,497,28,1,1,allocated
1053,1483,normal,0,0,65535_65535,1,9,87,452,0,1,0,10,0,28,1,1,pre_allocation
1053,1483,normal,0,0,65535_65535,1,9,87,497,1,1,1,11,497,28,1,1,allocated
1053,1483,normal,0,0,65535_65535,1,6,87,452,0,1,0,10,0,28,1,1,pre_allocation
1053,1483,normal,0,0,65535_65535,1,6,87,497,1,1,1,11,497,28,1,1,allocated
1053,1483,normal,0,0,65535_65535,1,7,87,497,0,1,0,11,0,28,1,1,pre_allocation
1053,1483,normal,0,0,65535_65535,1,7,87,543,1,1,1,12,543,28,1,1,allocated
1053,1483,normal,0,0,65535_65535,1,8,87,497,0,1,0,11,0,28,1,1,pre_allocation
1053,1483,normal,0,0,65535_65535,1,8,87,543,1,1,1,12,543,28,1,1,allocated
1053,1483,normal,0,0,65535_65535,1,9,87,497,0,1,0,11,0,28,1,1,pre_allocation
1053,1483,normal,0,0,65535_65535,1,9,87,543,1,1,1,12,543,28,1,1,allocated
1053,1483,normal,0,0,65535_65535,1,6,87,497,0,1,0,11,0,28,1,1,pre_allocation
1053,1483,normal,0,0,65535_65535,1,6,87,543,1,1,1,12,543,28,1,1,allocated
1053,1483,normal,0,0,65535_65535,1,7,87,543,0,1,0,12,0,28,1,1,pre_allocation
1053,1483,normal,0,0,65535_65535,1,7,87,589,1,1,1,13,589,28,1,1,allocated
1053,1483,normal,0,0,65535_65535,1,8,87,543,0,1,0,12,0,28,1,1,pre_allocation
1053,1483,normal,0,0,65535_65535,1,8,87,589,1,1,1,13,589,28,1,1,allocated
1053,1483,normal,0,0,65535_65535,1,9,87,543,0,1,0,12,0,28,1,1,pre_allocation
1053,1483,normal,0,0,65535_65535,1,9,87,589,1,1,1,13,589,28,1,1,allocated
1053,1483,normal,0,0,65535_65535,1,6,87,543,0,1,0,12,0,28,1,1,pre_allocation
1053,1483,normal,0,0,65535_65535,1,6,87,589,1,1,1,13,589,28,1,1,allocated
1053,1483,normal,0,0,65535_65535,1,7,87,589,0,1,0,13,0,28,1,1,pre_allocation
1053,1483,normal,0,0,65535_65535,1,7,87,634,1,1,1,14,634,28,1,1,allocated
1053,1483,normal,0,0,65535_65535,1,8,87,589,0,1,0,13,0,28,1,1,pre_allocation
1053,1483,normal,0,0,65535_65535,1,8,87,634,1,1,1,14,634,28,1,1,allocated
1053,1483,normal,0,0,65535_65535,1,9,87,589,0,1,0,13,0,28,1,1,pre_allocation
1053,1483,normal,0,0,65535_65535,1,9,87,634,1,1,1,14,634,28,1,1,allocated
1053,1483,normal,0,0,65535_65535,1,6,87,589,0,1,0,13,0,28,1,1,pre_allocation
1053,1483,normal,0,0,65535_65535,1,6,87,634,1,1,1,14,634,28,1,1,allocated
1053,1483,normal,0,0,65535_65535,1,7,87,634,0,1,0,14,0,28,1,1,pre_allocation
1053,1483,normal,0,0,65535_65535,1,7,87,680,1,1,1,15,680,28,1,1,allocated
1053,1483,normal,0,0,65535_65535,1,8,87,634,0,1,0,14,0,28,1,1,pre_allocation
1053,1483,normal,0,0,65535_65535,1,8,87,680,1,1,1,15,680,28,1,1,allocated
1053,1483,normal,0,0,65535_65535,1,9,87,634,0,1,0,14,0,28,1,1,pre_allocation
1053,1483,normal,0,0,65535_65535,1,9,87,680,1,1,1,15,680,28,1,1,allocated
1053,1483,normal,0,0,65535_65535,1,6,87,634,0,1,0,14,0,28,1,1,pre_allocation
1053,1483,normal,0,0,65535_65535,1,6,87,680,1,1,1,15,680,28,1,1,allocated
1053,1483,normal,0,0,65535_65535,1,7,87,680,0,1,0,15,0,28,1,1,pre_allocation
1053,1483,normal,0,0,65535_65535,1,7,87,725,1,1,1,16,725,28,1,1,allocated
1053,1483,normal,0,0,65535_65535,1,8,87,680,0,1,0,15,0,28,1,1,pre_allocation
1053,1483,normal,0,0,65535_65535,1,8,87,725,1,1,1,16,725,28,1,1,allocated
1053,1483,normal,0,0,65535_65535,1,9,87,680,0,1,0,15,0,28,1,1,pre_allocation
1053,1483,normal,0,0,65535_65535,1,9,87,725,1,1,1,16,725,28,1,1,allocated
1053,1483,normal,0,0,65535_65535,1,6,87,680,0,1,0,15,0,28,1,1,pre_allocation
1053,1483,normal,0,0,65535_65535,1,6,87,725,1,1,1,16,725,28,1,1,allocated
1053,1483,normal,0,0,65535_65535,1,7,87,725,0,1,0,16,0,28,1,1,pre_allocation
1053,1483,normal,0,0,65535_65535,1,7,87,771,1,1,1,17,771,28,1,1,allocated
1053,1483,normal,0,0,65535_65535,1,8,87,725,0,1,0,16,0,28,1,1,pre_allocation
1053,1483,normal,0,0,65535_65535,1,8,87,771,1,1,1,17,771,28,1,1,allocated
1053,1483,normal,0,0,65535_65535,1,9,87,725,0,1,0,16,0,28,1,1,pre_allocation
1053,1483,normal,0,0,65535_65535,1,9,87,771,1,1,1,17,771,28,1,1,allocated
1053,1483,normal,0,0,65535_65535,1,6,87,725,0,1,0,16,0,28,1,1,pre_allocation
1053,1483,normal,0,0,65535_65535,1,6,87,771,1,1,1,17,771,28,1,1,allocated
1053,1483,normal,0,0,65535_65535,1,7,87,771,0,1,0,17,0,28,1,1,pre_allocation
1053,1483,normal,0,0,65535_65535,1,7,87,816,1,1,1,18,816,28,1,1,allocated
1053,1483,normal,0,0,65535_65535,1,8,87,771,0,1,0,17,0,28,1,1,pre_allocation
1053,1483,normal,0,0,65535_65535,1,8,87,816,1,1,1,18,816,28,1,1,allocated
1053,1483,normal,0,0,65535_65535,1,9,87,771,0,1,0,17,0,28,1,1,pre_allocation
1053,1483,normal,0,0,65535_65535,1,9,87,816,1,1,1,18,816,28,1,1,allocated
1053,1483,normal,0,0,65535_65535,1,6,87,771,0,1,0,17,0,28,1,1,pre_allocation
1053,1483,normal,0,0,65535_65535,1,6,87,816,1,1,1,18,816,28,1,1,allocated
1053,1483,normal,0,0,65535_65535,1,7,87,816,0,1,0,18,0,28,1,1,pre_allocation
1053,1483,normal,0,0,65535_65535,1,7,87,862,1,1,1,19,862,28,1,1,allocated
1053,1483,normal,0,0,65535_65535,1,8,87,816,0,1,0,18,0,28,1,1,pre_allocation
1053,1483,normal,0,0,65535_65535,1,8,87,862,1,1,1,19,862,28,1,1,allocated
1053,1483,normal,0,0,65535_65535,1,9,87,816,0,1,0,18,0,28,1,1,pre_allocation
1053,1483,normal,0,0,65535_65535,1,9,87,862,1,1,1,19,862,28,1,1,allocated
1053,1483,normal,0,0,65535_65535,1,6,87,816,0,1,0,18,0,28,1,1,pre_allocation
1053,1483,normal,0,0,65535_65535,1,6,87,862,1,1,1,19,862,28,1,1,allocated
1053,1483,normal,0,0,65535_65535,1,7,87,862,0,1,0,19,0,28,1,1,pre_allocation
1053,1483,normal,0,0,65535_65535,1,7,87,907,1,1,1,20,907,28,1,1,allocated
1053,1483,normal,0,0,65535_65535,1,8,87,862,0,1,0,19,0,28,1,1,pre_allocation
1053,1483,normal,0,0,65535_65535,1,8,87,907,1,1,1,20,907,28,1,1,allocated
1053,1483,normal,0,0,65535_65535,1,9,87,862,0,1,0,19,0,28,1,1,pre_allocation
1053,1483,normal,0,0,65535_65535,1,9,87,907,1,1,1,20,907,28,1,1,allocated
1053,1483,normal,0,0,65535_65535,1,6,87,862,0,1,0,19,0,28,1,1,pre_allocation
1053,1483,normal,0,0,65535_65535,1,6,87,907,1,1,1,20,907,28,1,1,allocated
1053,1483,normal,0,0,65535_65535,1,7,87,907,0,1,0,20,0,28,1,1,pre_allocation
1053,1483,normal,0,0,65535_65535,1,7,87,953,1,1,1,21,953,28,1,1,allocated
1053,1483,normal,0,0,65535_65535,1,8,87,907,0,1,0,20,0,28,1,1,pre_allocation
1053,1483,normal,0,0,65535_65535,1,8,87,953,1,1,1,21,953,28,1,1,allocated
1053,1483,normal,0,0,65535_65535,1,9,87,907,0,1,0,20,0,28,1,1,pre_allocation
1053,1483,normal,0,0,65535_65535,1,9,87,953,1,1,1,21,953,28,1,1,allocated
1053,1483,normal,0,0,65535_65535,1,6,87,907,0,1,0,20,0,28,1,1,pre_allocation
1053,1483,normal,0,0,65535_65535,1,6,87,953,1,1,1,21,953,28,1,1,allocated
1053,1483,normal,0,0,65535_65535,1,7,87,953,0,1,0,21,0,28,1,1,pre_allocation
1053,1483,normal,0,0,65535_65535,1,7,87,998,1,1,1,22,998,28,1,1,allocated
1053,1483,normal,0,0,65535_65535,1,8,87,953,0,1,0,21,0,28,1,1,pre_allocation
1053,1483,normal,0,0,65535_65535,1,8,87,998,1,1,1,22,998,28,1,1,allocated
1053,1483,normal,0,0,65535_65535,1,9,87,953,0,1,0,21,0,28,1,1,pre_allocation
1053,1483,normal,0,0,65535_65535,1,9,87,998,1,1,1,22,998,28,1,1,allocated
1053,1483,normal,0,0,65535_65535,1,6,87,953,0,1,0,21,0,28,1,1,pre_allocation
1053,1483,normal,0,0,65535_65535,1,6,87,998,1,1,1,22,998,28,1,1,allocated
1053,1483,normal,0,0,65535_65535,1,7,87,998,0,1,0,22,0,28,1,1,pre_allocation
1053,1483,normal,0,0,65535_65535,1,7,87,1044,1,1,1,23,1044,28,1,1,allocated
1053,1483,normal,0,0,65535_65535,1,8,87,998,0,1,0,22,0,28,1,1,pre_allocation
1053,1483,normal,0,0,65535_65535,1,8,87,1044,1,1,1,23,1044,28,1,1,allocated
1053,1483,normal,0,0,65535_65535,1,9,87,998,0,1,0,22,0,28,1,1,pre_allocation
1053,1483,normal,0,0,65535_65535,1,9,87,1044,1,1,1,23,1044,28,1,1,allocated
1053,1483,normal,0,0,65535_65535,1,6,87,998,0,1,0,22,0,28,1,1,pre_allocation
1053,1483,normal,0,0,65535_65535,1,6,87,1044,1,1,1,23,1044,28,1,1,allocated
1053,1483,normal,0,0,65535_65535,1,7,87,1044,0,1,0,23,0,28,1,1,pre_allocation
1053,1483,normal,0,0,65535_65535,1,7,87,1089,1,1,1,24,1089,28,1,1,allocated
1053,1483,normal,0,0,65535_65535,1,8,87,1044,0,1,0,23,0,28,1,1,pre_allocation
1053,1483,normal,0,0,65535_65535,1,8,87,1089,1,1,1,24,1089,28,1,1,allocated
1053,1483,normal,0,0,65535_65535,1,9,87,1044,0,1,0,23,0,28,1,1,pre_allocation
1053,1483,normal,0,0,65535_65535,1,9,87,1089,1,1,1,24,1089,28,1,1,allocated
1053,1483,normal,0,0,65535_65535,1,6,87,1044,0,1,0,23,0,28,1,1,pre_allocation
1053,1483,normal,0,0,65535_65535,1,6,87,1089,1,1,1,24,1089,28,1,1,allocated
1053,1483,normal,0,0,65535_65535,1,7,87,1089,0,1,0,24,0,28,1,1,pre_allocation
1053,1483,normal,0,0,65535_65535,1,7,87,1135,1,1,1,25,1135,28,1,1,allocated
1053,1483,normal,0,0,65535_65535,1,8,87,1089,0,1,0,24,0,28,1,1,pre_allocation
1053,1483,normal,0,0,65535_65535,1,8,87,1135,1,1,1,25,1135,28,1,1,allocated
1053,1483,normal,0,0,65535_65535,1,9,87,1089,0,1,0,24,0,28,1,1,pre_allocation
1053,1483,normal,0,0,65535_65535,1,9,87,1135,1,1,1,25,1135,28,1,1,allocated
1053,1483,normal,0,0,65535_65535,1,6,87,1089,0,1,0,24,0,28,1,1,pre_allocation
1053,1483,normal,0,0,65535_65535,1,6,87,1135,1,1,1,25,1135,28,1,1,allocated
1053,1483,normal,0,0,65535_65535,1,7,87,1135,0,1,0,25,0,28,1,1,pre_allocation
1053,1483,normal,0,0,65535_65535,1,7,87,1181,1,1,1,26,1181,28,1,1,allocated
1053,1483,normal,0,0,65535_65535,1,8,87,1135,0,1,0,25,0,28,1,1,pre_allocation
1053,1483,normal,0,0,65535_65535,1,8,87,1181,1,1,1,26,1181,28,1,1,allocated
1053,1483,normal,0,0,65535_65535,1,9,87,1135,0,1,0,25,0,28,1,1,pre_allocation
1053,1483,normal,0,0,65535_65535,1,9,87,1181,1,1,1,26,1181,28,1,1,allocated
1053,1483,normal,0,0,65535_65535,1,6,87,1135,0,1,0,25,0,28,1,1,pre_allocation
1053,1483,normal,0,0,65535_65535,1,6,87,1181,1,1,1,26,1181,28,1,1,allocated
1053,1483,normal,0,0,65535_65535,1,7,87,1181,0,1,0,26,0,28,1,1,pre_allocation
1053,1483,normal,0,0,65535_65535,1,7,87,1226,1,1,1,27,1226,28,1,1,allocated
1053,1483,normal,0,0,65535_65535,1,8,87,1181,0,1,0,26,0,28,1,1,pre_allocation
1053,1483,normal,0,0,65535_65535,1,8,87,1226,1,1,1,27,1226,28,1,1,allocated
1053,1483,normal,0,0,65535_65535,1,9,87,1181,0,1,0,26,0,28,1,1,pre_allocation
1053,1483,normal,0,0,65535_65535,1,9,87,1226,1,1,1,27,1226,28,1,1,allocated
1053,1483,normal,0,0,65535_65535,1,6,87,1181,0,1,0,26,0,28,1,1,pre_allocation
1053,1483,normal,0,0,65535_65535,1,6,87,1226,1,1,1,27,1226,28,1,1,allocated
1053,1483,normal,0,0,65535_65535,1,7,87,1226,0,1,0,27,0,28,1,1,pre_allocation
1053,1483,normal,0,0,65535_65535,1,7,87,1272,1,1,1,28,1272,28,1,1,allocated
1053,1483,normal,0,0,65535_65535,1,8,87,1226,0,1,0,27,0,28,1,1,pre_allocation
1053,1483,normal,0,0,65535_65535,1,8,87,1272,1,1,1,28,1272,28,1,1,allocated
1053,1483,normal,0,0,65535_65535,1,9,87,1226,0,1,0,27,0,28,1,1,pre_allocation
1053,1483,normal,0,0,65535_65535,1,9,87,1272,1,1,1,28,1272,28,1,1,allocated
1053,1483,normal,0,0,65535_65535,1,6,87,1226,0,1,0,27,0,28,1,1,pre_allocation
1053,1483,normal,0,0,65535_65535,1,6,87,1272,1,1,1,28,1272,28,1,1,allocated
1053,1483,normal,0,0,65535_65535,1,7,87,1272,0,1,0,28,0,28,1,1,pre_allocation
1053,1483,normal,0,0,65535_65535,1,7,87,1317,1,1,1,29,1317,28,1,1,allocated
1053,1483,normal,0,0,65535_65535,1,8,87,1272,0,1,0,28,0,28,1,1,pre_allocation
1053,1483,normal,0,0,65535_65535,1,8,87,1317,1,1,1,29,1317,28,1,1,allocated
1053,1483,normal,0,0,65535_65535,1,9,87,1272,0,1,0,28,0,28,1,1,pre_allocation
1053,1483,normal,0,0,65535_65535,1,9,87,1317,1,1,1,29,1317,28,1,1,allocated
1053,1483,normal,0,0,65535_65535,1,6,87,1272,0,1,0,28,0,28,1,1,pre_allocation
1053,1483,normal,0,0,65535_65535,1,6,87,1317,1,1,1,29,1317,28,1,1,allocated
1053,1483,normal,0,0,65535_65535,1,7,87,1317,0,1,0,29,0,28,1,1,pre_allocation
1053,1483,normal,0,0,65535_65535,1,7,87,1363,1,1,1,30,1363,28,1,1,allocated
1053,1483,normal,0,0,65535_65535,1,8,87,1317,0,1,0,29,0,28,1,1,pre_allocation
1053,1483,normal,0,0,65535_65535,1,8,87,1363,1,1,1,30,1363,28,1,1,allocated
1053,1483,normal,0,0,65535_65535,2,23,401,0,0,1,0,0,0,15,1,1,pre_allocation
1053,1483,normal,0,0,65535_65535,2,23,401,14,1,1,1,1,14,15,1,1,allocated
1053,1483,normal,0,0,65535_65535,2,11,137,0,0,1,0,0,0,26,1,1,pre_allocation
1053,1483,normal,0,0,65535_65535,2,11,137,39,1,1,1,1,39,26,1,1,allocated
1053,1483,normal,0,0,65535_65535,2,12,137,0,0,1,0,0,0,28,1,1,pre_allocation
1053,1483,normal,0,0,65535_65535,2,12,137,42,1,1,1,1,42,28,1,1,allocated
1053,1483,normal,0,0,65535_65535,2,27,137,0,0,1,0,0,0,28,1,1,pre_allocation
1053,1483,normal,0,0,65535_65535,2,27,137,42,1,1,1,1,42,28,1,1,allocated
1053,1483,normal,0,0,65535_65535,2,26,137,0,0,1,0,0,0,28,1,1,pre_allocation
1053,1483,normal,0,0,65535_65535,2,26,137,42,1,1,1,1,42,28,1,1,allocated
1053,1483,normal,0,0,65535_65535,2,23,401,14,0,1,0,1,0,15,1,1,pre_allocation
1053,1483,normal,0,0,65535_65535,2,23,401,32,1,1,1,2,32,15,1,1,allocated
1053,1483,normal,0,0,65535_65535,2,11,137,39,0,1,0,1,0,26,1,1,pre_allocation
1053,1483,normal,0,0,65535_65535,2,11,137,81,1,1,1,2,81,26,1,1,allocated
1053,1483,normal,0,0,65535_65535,2,12,137,42,0,1,0,1,0,28,1,1,pre_allocation
1053,1483,normal,0,0,65535_65535,2,12,137,88,1,1,1,2,88,28,1,1,allocated
1053,1483,normal,0,0,65535_65535,2,27,137,42,0,1,0,1,0,28,1,1,pre_allocation
1053,1483,normal,0,0,65535_65535,2,27,137,88,1,1,1,2,88,28,1,1,allocated
1053,1483,normal,0,0,65535_65535,2,26,137,42,0,1,0,1,0,28,1,1,pre_allocation
1053,1483,normal,0,0,65535_65535,2,26,137,88,1,1,1,2,88,28,1,1,allocated
1053,1483,normal,0,0,65535_65535,2,23,401,32,0,1,0,2,0,15,1,1,pre_allocation
1053,1483,normal,0,0,65535_65535,2,23,401,50,1,1,1,3,50,15,1,1,allocated
1053,1483,normal,0,0,65535_65535,2,11,137,81,0,1,0,2,0,26,1,1,pre_allocation
1053,1483,normal,0,0,65535_65535,2,11,137,123,1,1,1,3,123,26,1,1,allocated
1053,1483,normal,0,0,65535_65535,2,12,137,88,0,1,0,2,0,28,1,1,pre_allocation
1053,1483,normal,0,0,65535_65535,2,12,137,133,1,1,1,3,133,28,1,1,allocated
1053,1483,normal,0,0,65535_65535,2,27,137,88,0,1,0,2,0,28,1,1,pre_allocation
1053,1483,normal,0,0,65535_65535,2,27,137,133,1,1,1,3,133,28,1,1,allocated
1053,1483,normal,0,0,65535_65535,2,26,137,88,0,1,0,2,0,28,1,1,pre_allocation
1053,1483,normal,0,0,65535_65535,2,26,137,133,1,1,1,3,133,28,1,1,allocated
1053,1483,normal,0,0,65535_65535,2,23,401,50,0,1,0,3,0,15,1,1,pre_allocation
1053,1483,normal,0,0,65535_65535,2,23,401,68,1,1,1,4,68,15,1,1,allocated
1053,1483,normal,0,0,65535_65535,2,11,137,123,0,1,0,3,0,26,1,1,pre_allocation
1053,1483,normal,0,0,65535_65535,2,11,137,165,1,1,1,4,165,26,1,1,allocated
1053,1483,normal,0,0,65535_65535,2,12,137,133,0,1,0,3,0,28,1,1,pre_allocation
1053,1483,normal,0,0,65535_65535,2,12,137,179,1,1,1,4,179,28,1,1,allocated
1053,1483,normal,0,0,65535_65535,2,27,137,133,0,1,0,3,0,28,1,1,pre_allocation
1053,1483,normal,0,0,65535_65535,2,27,137,179,1,1,1,4,179,28,1,1,allocated
1053,1483,normal,0,0,65535_65535,2,26,137,133,0,1,0,3,0,28,1,1,pre_allocation
1053,1483,normal,0,0,65535_65535,2,26,137,179,1,1,1,4,179,28,1,1,allocated
1053,1483,normal,0,0,65535_65535,2,23,401,68,0,1,0,4,0,15,1,1,pre_allocation
1053,1483,normal,0,0,65535_65535,2,23,401,86,1,1,1,5,86,15,1,1,allocated
1053,1483,normal,0,0,65535_65535,2,11,137,165,0,1,0,4,0,26,1,1,pre_allocation
1053,1483,normal,0,0,65535_65535,2,11,137,207,1,1,1,5,207,26,1,1,allocated
1053,1483,normal,0,0,65535_65535,2,12,137,179,0,1,0,4,0,28,1,1,pre_allocation
1053,1483,normal,0,0,65535_65535,2,12,137,224,1,1,1,5,224,28,1,1,allocated
1053,1483,normal,0,0,65535_65535,2,27,137,179,0,1,0,4,0,28,1,1,pre_allocation
1053,1483,normal,0,0,65535_65535,2,27,137,224,1,1,1,5,224,28,1,1,allocated
1053,1483,normal,0,0,65535_65535,2,26,137,179,0,1,0,4,0,28,1,1,pre_allocation
1053,1483,normal,0,0,65535_65535,2,26,137,224,1,1,1,5,224,28,1,1,allocated
1053,1483,normal,0,0,65535_65535,2,23,401,86,0,1,0,5,0,15,1,1,pre_allocation
1053,1483,normal,0,0,65535_65535,2,23,401,103,1,1,1,6,103,15,1,1,allocated
1053,1483,normal,0,0,65535_65535,2,11,137,207,0,1,0,5,0,26,1,1,pre_allocation
1053,1483,normal,0,0,65535_65535,2,11,137,249,1,1,1,6,249,26,1,1,allocated
1053,1483,normal,0,0,65535_65535,2,12,137,224,0,1,0,5,0,28,1,1,pre_allocation
1053,1483,normal,0,0,65535_65535,2,12,137,270,1,1,1,6,270,28,1,1,allocated
1053,1483,normal,0,0,65535_65535,2,27,137,224,0,1,0,5,0,28,1,1,pre_allocation
1053,1483,normal,0,0,65535_65535,2,27,137,270,1,1,1,6,270,28,1,1,allocated
1053,1483,normal,0,0,65535_65535,2,26,137,224,0,1,0,5,0,28,1,1,pre_allocation
1053,1483,normal,0,0,65535_65535,2,26,137,270,1,1,1,6,270,28,1,1,allocated
1053,1483,normal,0,0,65535_65535,2,23,401,103,0,1,0,6,0,15,1,1,pre_allocation
1053,1483,normal,0,0,65535_65535,2,23,401,121,1,1,1,7,121,15,1,1,allocated
1053,1483,normal,0,0,65535_65535,2,11,137,249,0,1,0,6,0,26,1,1,pre_allocation
1053,1483,normal,0,0,65535_65535,2,11,137,291,1,1,1,7,291,26,1,1,allocated
1053,1483,normal,0,0,65535_65535,2,12,137,270,0,1,0,6,0,28,1,1,pre_allocation
1053,1483,normal,0,0,65535_65535,2,12,137,315,1,1,1,7,315,28,1,1,allocated
1053,1483,normal,0,0,65535_65535,2,27,137,270,0,1,0,6,0,28,1,1,pre_allocation
1053,1483,normal,0,0,65535_65535,2,27,137,315,1,1,1,7,315,28,1,1,allocated
1053,1483,normal,0,0,65535_65535,2,26,137,270,0,1,0,6,0,28,1,1,pre_allocation
1053,1483,normal,0,0,65535_65535,2,26,137,315,1,1,1,7,315,28,1,1,allocated
1053,1483,normal,0,0,65535_65535,2,23,401,121,0,1,0,7,0,15,1,1,pre_allocation
1053,1483,normal,0,0,65535_65535,2,23,401,139,1,1,1,8,139,15,1,1,allocated
1053,1483,normal,0,0,65535_65535,2,11,137,291,0,1,0,7,0,26,1,1,pre_allocation
1053,1483,normal,0,0,65535_65535,2,11,137,333,1,1,1,8,333,26,1,1,allocated
1053,1483,normal,0,0,65535_65535,2,12,137,315,0,1,0,7,0,28,1,1,pre_allocation
1053,1483,normal,0,0,65535_65535,2,12,137,361,1,1,1,8,361,28,1,1,allocated
1053,1483,normal,0,0,65535_65535,2,27,137,315,0,1,0,7,0,28,1,1,pre_allocation
1053,1483,normal,0,0,65535_65535,2,27,137,361,1,1,1,8,361,28,1,1,allocated
1053,1483,normal,0,0,65535_65535,2,26,137,315,0,1,0,7,0,28,1,1,pre_allocation
1053,1483,normal,0,0,65535_65535,2,26,137,361,1,1,1,8,361,28,1,1,allocated
1053,1483,normal,0,0,65535_65535,2,23,401,139,0,1,0,8,0,15,1,1,pre_allocation
1053,1483,normal,0,0,65535_65535,2,23,401,157,1,1,1,9,157,15,1,1,allocated
1053,1483,normal,0,0,65535_65535,2,11,137,333,0,1,0,8,0,26,1,1,pre_allocation
1053,1483,normal,0,0,65535_65535,2,11,137,375,1,1,1,9,375,26,1,1,allocated
1053,1483,normal,0,0,65535_65535,2,12,137,361,0,1,0,8,0,28,1,1,pre_allocation
1053,1483,normal,0,0,65535_65535,2,12,137,406,1,1,1,9,406,28,1,1,allocated
1053,1483,normal,0,0,65535_65535,2,27,137,361,0,1,0,8,0,28,1,1,pre_allocation
1053,1483,normal,0,0,65535_65535,2,27,137,406,1,1,1,9,406,28,1,1,allocated
1053,1483,normal,0,0,65535_65535,2,26,137,361,0,1,0,8,0,28,1,1,pre_allocation
1053,1483,normal,0,0,65535_65535,2,26,137,406,1,1,1,9,406,28,1,1,allocated
1053,1483,normal,0,0,65535_65535,2,23,401,157,0,1,0,9,0,15,1,1,pre_allocation
1053,1483,normal,0,0,65535_65535,2,23,401,175,1,1,1,10,175,15,1,1,allocated
1053,1483,normal,0,0,65535_65535,2,11,137,375,0,1,0,9,0,26,1,1,pre_allocation
1053,1483,normal,0,0,65535_65535,2,11,137,417,1,1,1,10,417,26,1,1,allocated
1053,1483,normal,0,0,65535_65535,2,12,137,406,0,1,0,9,0,28,1,1,pre_allocation
1053,1483,normal,0,0,65535_65535,2,12,137,452,1,1,1,10,452,28,1,1,allocated
1053,1483,normal,0,0,65535_65535,2,27,137,406,0,1,0,9,0,28,1,1,pre_allocation
1053,1483,normal,0,0,65535_65535,2,27,137,452,1,1,1,10,452,28,1,1,allocated
1053,1483,normal,0,0,65535_65535,2,26,137,406,0,1,0,9,0,28,1,1,pre_allocation
1053,1483,normal,0,0,65535_65535,2,26,137,452,1,1,1,10,452,28,1,1,allocated
1053,1483,normal,0,0,65535_65535,2,23,401,175,0,1,0,10,0,15,1,1,pre_allocation
1053,1483,normal,0,0,65535_65535,2,23,401,193,1,1,1,11,193,15,1,1,allocated
1053,1483,normal,0,0,65535_65535,2,11,137,417,0,1,0,10,0,26,1,1,pre_allocation
1053,1483,normal,0,0,65535_65535,2,11,137,459,1,1,1,11,459,26,1,1,allocated
1053,1483,normal,0,0,65535_65535,2,12,137,452,0,1,0,10,0,28,1,1,pre_allocation
1053,1483,normal,0,0,65535_65535,2,12,137,497,1,1,1,11,497,28,1,1,allocated
1053,1483,normal,0,0,65535_65535,2,27,137,452,0,1,0,10,0,28,1,1,pre_allocation
1053,1483,normal,0,0,65535_65535,2,27,137,497,1,1,1,11,497,28,1,1,allocated
1053,1483,normal,0,0,65535_65535,2,26,137,452,0,1,0,10,0,28,1,1,pre_allocation
1053,1483,normal,0,0,65535_65535,2,26,137,497,1,1,1,11,497,28,1,1,allocated
1053,1483,normal,0,0,65535_65535,2,23,401,193,0,1,0,11,0,15,1,1,pre_allocation
1053,1483,normal,0,0,65535_65535,2,23,401,210,1,1,1,12,210,15,1,1,allocated
1053,1483,normal,0,0,65535_65535,2,11,137,459,0,1,0,11,0,26,1,1,pre_allocation
1053,1483,normal,0,0,65535_65535,2,11,137,501,1,1,1,12,501,26,1,1,allocated
1053,1483,normal,0,0,65535_65535,2,12,137,497,0,1,0,11,0,28,1,1,pre_allocation
1053,1483,normal,0,0,65535_65535,2,12,137,543,1,1,1,12,543,28,1,1,allocated
1053,1483,normal,0,0,65535_65535,2,27,137,497,0,1,0,11,0,28,1,1,pre_allocation
1053,1483,normal,0,0,65535_65535,2,27,137,543,1,1,1,12,543,28,1,1,allocated
1053,1483,normal,0,0,65535_65535,2,26,137,497,0,1,0,11,0,28,1,1,pre_allocation
1053,1483,normal,0,0,65535_65535,2,26,137,543,1,1,1,12,543,28,1,1,allocated
1053,1483,normal,0,0,65535_65535,2,23,401,210,0,1,0,12,0,15,1,1,pre_allocation
1053,1483,normal,0,0,65535_65535,2,23,401,228,1,1,1,13,228,15,1,1,allocated
1053,1483,normal,0,0,65535_65535,2,11,137,501,0,1,0,12,0,26,1,1,pre_allocation
1053,1483,normal,0,0,65535_65535,2,11,137,543,1,1,1,13,543,26,1,1,allocated
1053,1483,normal,0,0,65535_65535,2,12,137,543,0,1,0,12,0,28,1,1,pre_allocation
1053,1483,normal,0,0,65535_65535,2,12,137,589,1,1,1,13,589,28,1,1,allocated
1053,1483,normal,0,0,65535_65535,2,27,137,543,0,1,0,12,0,28,1,1,pre_allocation
1053,1483,normal,0,0,65535_65535,2,27,137,589,1,1,1,13,589,28,1,1,allocated
1053,1483,normal,0,0,65535_65535,2,26,137,543,0,1,0,12,0,28,1,1,pre_allocation
1053,1483,normal,0,0,65535_65535,2,26,137,589,1,1,1,13,589,28,1,1,allocated
1053,1483,normal,0,0,65535_65535,2,23,401,228,0,1,0,13,0,15,1,1,pre_allocation
1053,1483,normal,0,0,65535_65535,2,23,401,246,1,1,1,14,246,15,1,1,allocated
1053,1483,normal,0,0,65535_65535,2,11,137,543,0,1,0,13,0,26,1,1,pre_allocation
1053,1483,normal,0,0,65535_65535,2,11,137,586,1,1,1,14,586,26,1,1,allocated
1053,1483,normal,0,0,65535_65535,2,12,137,589,0,1,0,13,0,28,1,1,pre_allocation
1053,1483,normal,0,0,65535_65535,2,12,137,634,1,1,1,14,634,28,1,1,allocated
1053,1483,normal,0,0,65535_65535,2,27,137,589,0,1,0,13,0,28,1,1,pre_allocation
1053,1483,normal,0,0,65535_65535,2,27,137,634,1,1,1,14,634,28,1,1,allocated
1053,1483,normal,0,0,65535_65535,2,26,137,589,0,1,0,13,0,28,1,1,pre_allocation
1053,1483,normal,0,0,65535_65535,2,26,137,634,1,1,1,14,634,28,1,1,allocated
1053,1483,normal,0,0,65535_65535,2,23,401,246,0,1,0,14,0,15,1,1,pre_allocation
1053,1483,normal,0,0,65535_65535,2,23,401,264,1,1,1,15,264,15,1,1,allocated
1053,1483,normal,0,0,65535_65535,2,11,137,586,0,1,0,14,0,26,1,1,pre_allocation
1053,1483,normal,0,0,65535_65535,2,11,137,628,1,1,1,15,628,26,1,1,allocated
1053,1483,normal,0,0,65535_65535,2,12,137,634,0,1,0,14,0,28,1,1,pre_allocation
1053,1483,normal,0,0,65535_65535,2,12,137,680,1,1,1,15,680,28,1,1,allocated
1053,1483,normal,0,0,65535_65535,2,27,137,634,0,1,0,14,0,28,1,1,pre_allocation
1053,1483,normal,0,0,65535_65535,2,27,137,680,1,1,1,15,680,28,1,1,allocated
1053,1483,normal,0,0,65535_65535,2,26,137,634,0,1,0,14,0,28,1,1,pre_allocation
1053,1483,normal,0,0,65535_65535,2,26,137,680,1,1,1,15,680,28,1,1,allocated
1053,1483,normal,0,0,65535_65535,2,23,401,264,0,1,0,15,0,15,1,1,pre_allocation
1053,1483,normal,0,0,65535_65535,2,23,401,282,1,1,1,16,282,15,1,1,allocated
1053,1483,normal,0,0,65535_65535,2,11,137,628,0,1,0,15,0,26,1,1,pre_allocation
1053,1483,normal,0,0,65535_65535,2,11,137,670,1,1,1,16,670,26,1,1,allocated
1053,1483,normal,0,0,65535_65535,2,12,137,680,0,1,0,15,0,28,1,1,pre_allocation
1053,1483,normal,0,0,65535_65535,2,12,137,725,1,1,1,16,725,28,1,1,allocated
1053,1483,normal,0,0,65535_65535,2,27,137,680,0,1,0,15,0,28,1,1,pre_allocation
1053,1483,normal,0,0,65535_65535,2,27,137,725,1,1,1,16,725,28,1,1,allocated
1053,1483,normal,0,0,65535_65535,2,26,137,680,0,1,0,15,0,28,1,1,pre_allocation
1053,1483,normal,0,0,65535_65535,2,26,137,725,1,1,1,16,725,28,1,1,allocated
