timestamp,sliceId,dedicatedPRB,minPRB,maxPRB
510,0,27.276489042698422,27.276489042698422,100.0
510,1,37.33481985235566,37.33481985235566,100.0
510,2,35.38869110494593,35.38869110494593,100.0
520,0,20.83922625117454,20.83922625117454,100.0
520,1,16.19243788232751,16.19243788232751,100.0
520,2,62.96833586649796,62.96833586649796,100.0
530,0,13.84438862898199,13.84438862898199,100.0
530,1,67.90844973433575,67.90844973433575,100.0
530,2,18.247161636682264,18.247161636682264,100.0
540,0,18.644848174961638,18.644848174961638,100.0
540,1,26.367756221610083,26.367756221610083,100.0
540,2,54.98739560342828,54.98739560342828,100.0
550,0,23.964199397361334,23.964199397361334,100.0
550,1,32.013592480943856,32.013592480943856,100.0
550,2,44.02220812169482,44.02220812169482,100.0
560,0,33.79974001289231,33.79974001289231,100.0
560,1,40.160799153509245,40.160799153509245,100.0
560,2,26.039460833598447,26.039460833598447,100.0
570,0,13.60852277286568,13.60852277286568,100.0
570,1,21.287604276136406,21.287604276136406,100.0
570,2,65.10387295099791,65.10387295099791,100.0
580,0,22.006424667165135,22.006424667165135,100.0
580,1,17.462499201038806,17.462499201038806,100.0
580,2,60.531076131796056,60.531076131796056,100.0
590,0,48.43917232589976,48.43917232589976,100.0
590,1,20.24332363259522,20.24332363259522,100.0
590,2,31.317504041505025,31.317504041505025,100.0
600,0,40.04782017096662,40.04782017096662,100.0
600,1,24.679086879804007,24.679086879804007,100.0
600,2,35.27309294922937,35.27309294922937,100.0
610,0,14.492175352370671,14.492175352370671,100.0
610,1,67.02224463830075,67.02224463830075,100.0
610,2,18.485580009328586,18.485580009328586,100.0
620,0,13.462740136099145,13.462740136099145,100.0
620,1,11.48466383032652,11.48466383032652,100.0
620,2,75.05259603357433,75.05259603357433,100.0
630,0,22.570005055070556,22.570005055070556,100.0
630,1,45.812331930669224,45.812331930669224,100.0
630,2,31.61766301426021,31.61766301426021,100.0
640,0,54.790724618394115,54.790724618394115,100.0
640,1,32.238076102123784,32.238076102123784,100.0
640,2,12.971199279482107,12.971199279482107,100.0
650,0,18.497352812528472,18.497352812528472,100.0
650,1,18.005736189223224,18.005736189223224,100.0
650,2,63.4969109982483,63.4969109982483,100.0
660,0,45.48934033897914,45.48934033897914,100.0
660,1,44.41508042958651,44.41508042958651,100.0
660,2,10.095579231434355,10.095579231434355,100.0
670,0,18.155841706366658,18.155841706366658,100.0
670,1,39.35797854562264,39.35797854562264,100.0
670,2,42.48617974801071,42.48617974801071,100.0
680,0,33.966118146203186,33.966118146203186,100.0
680,1,16.416903405703575,16.416903405703575,100.0
680,2,49.61697844809325,49.61697844809325,100.0
690,0,41.3246705136349,41.3246705136349,100.0
690,1,8.268731906667107,8.268731906667107,100.0
690,2,50.406597579698,50.406597579698,100.0
700,0,30.146535899823945,30.146535899823945,100.0
700,1,13.858324939210007,13.858324939210007,100.0
700,2,55.99513916096605,55.99513916096605,100.0
710,0,14.096517306855375,14.096517306855375,100.0
710,1,39.3298271970514,39.3298271970514,100.0
710,2,46.57365549609323,46.57365549609323,100.0
720,0,13.551767642241048,13.551767642241048,100.0
720,1,26.40418331641167,26.40418331641167,100.0
720,2,60.04404904134729,60.04404904134729,100.0
730,0,72.54072640724603,72.54072640724603,100.0
730,1,12.986200441339227,12.986200441339227,100.0
730,2,14.473073151414754,14.473073151414754,100.0
740,0,11.11543013465476,11.11543013465476,100.0
740,1,17.271021988051498,17.271021988051498,100.0
740,2,71.61354787729374,71.61354787729374,100.0
750,0,27.242633826360674,27.242633826360674,100.0
750,1,49.011904431636886,49.011904431636886,100.0
750,2,23.74546174200245,23.74546174200245,100.0
760,0,17.542558931472442,17.542558931472442,100.0
760,1,28.104249248001935,28.104249248001935,100.0
760,2,54.35319182052562,54.35319182052562,100.0
770,0,67.14351406189175,67.14351406189175,100.0
770,1,20.09850030280638,20.09850030280638,100.0
770,2,12.75798563530187,12.75798563530187,100.0
780,0,38.942760443656994,38.942760443656994,100.0
780,1,41.93493053315494,41.93493053315494,100.0
780,2,19.122309023188063,19.122309023188063,100.0
790,0,16.716972012453027,16.716972012453027,100.0
790,1,18.719885478305788,18.719885478305788,100.0
790,2,64.56314250924119,64.56314250924119,100.0
800,0,65.08681905834366,65.08681905834366,100.0
800,1,23.691211923939235,23.691211923939235,100.0
800,2,11.221969017717113,11.221969017717113,100.0
810,0,19.48028068947426,19.48028068947426,100.0
810,1,10.47210206937995,10.47210206937995,100.0
810,2,70.04761724114579,70.04761724114579,100.0
820,0,28.069585591392958,28.069585591392958,100.0
820,1,32.4185479989634,32.4185479989634,100.0
820,2,39.51186640964364,39.51186640964364,100.0
830,0,24.208769554006217,24.208769554006217,100.0
830,1,29.686912712874868,29.686912712874868,100.0
830,2,46.10431773311892,46.10431773311892,100.0
840,0,10.048002522691341,10.048002522691341,100.0
840,1,46.863167379749584,46.863167379749584,100.0
840,2,43.088830097559075,43.088830097559075,100.0
850,0,16.094743482180412,16.094743482180412,100.0
850,1,22.74297566412381,22.74297566412381,100.0
850,2,61.16228085369578,61.16228085369578,100.0
860,0,43.90621134609617,43.90621134609617,100.0
860,1,35.74978125522095,35.74978125522095,100.0
860,2,20.34400739868288,20.34400739868288,100.0
870,0,21.164167773401164,21.164167773401164,100.0
870,1,12.720699240212749,12.720699240212749,100.0
870,2,66.11513298638609,66.11513298638609,100.0
880,0,29.108542792427606,29.108542792427606,100.0
880,1,25.744670179510017,25.744670179510017,100.0
880,2,45.146787028062384,45.146787028062384,100.0
890,0,47.586967095340455,47.586967095340455,100.0
890,1,27.845420623559225,27.845420623559225,100.0
890,2,24.56761228110031,24.56761228110031,100.0
900,0,17.796955880294032,17.796955880294032,100.0
900,1,42.00869131434703,42.00869131434703,100.0
900,2,40.19435280535893,40.19435280535893,100.0
910,0,14.594244933890387,14.594244933890387,100.0
910,1,48.8333786058497,48.8333786058497,100.0
910,2,36.57237646025992,36.57237646025992,100.0
920,0,19.13084732199919,19.13084732199919,100.0
920,1,12.292397152931272,12.292397152931272,100.0
920,2,68.57675552506953,68.57675552506953,100.0
930,0,11.724038964540417,11.724038964540417,100.0
930,1,27.73145762334438,27.73145762334438,100.0
930,2,60.544503412115205,60.544503412115205,100.0
940,0,39.57258201065678,39.57258201065678,100.0
940,1,40.385406068960734,40.385406068960734,100.0
940,2,20.042011920382492,20.042011920382492,100.0
950,0,11.446833748520021,11.446833748520021,100.0
950,1,59.068628535767246,59.068628535767246,100.0
950,2,29.48453771571274,29.48453771571274,100.0
960,0,36.98710030303304,36.98710030303304,100.0
960,1,8.744178985823147,8.744178985823147,100.0
960,2,54.268720711143814,54.268720711143814,100.0
970,0,23.545441114887996,23.545441114887996,100.0
970,1,35.92831435854706,35.92831435854706,100.0
970,2,40.526244526564945,40.526244526564945,100.0
980,0,21.730328348046736,21.730328348046736,100.0
980,1,27.38345216127305,27.38345216127305,100.0
980,2,50.88621949068022,50.88621949068022,100.0
990,0,23.81920177503763,23.81920177503763,100.0
990,1,57.84271492738491,57.84271492738491,100.0
990,2,18.33808329757747,18.33808329757747,100.0
1000,0,11.435934338484712,11.435934338484712,100.0
1000,1,22.206783677450577,22.206783677450577,100.0
1000,2,66.35728198406471,66.35728198406471,100.0
1010,0,44.65329001725368,44.65329001725368,100.0
1010,1,14.019648393227557,14.019648393227557,100.0
1010,2,41.32706158951875,41.32706158951875,100.0
1020,0,29.296803035549075,29.296803035549075,100.0
1020,1,26.121360901589018,26.121360901589018,100.0
1020,2,44.58183606286192,44.58183606286192,100.0
1030,0,32.74151214013491,32.74151214013491,100.0
1030,1,42.16496224248708,42.16496224248708,100.0
1030,2,25.093525617378017,25.093525617378017,100.0
1040,0,30.397665607186386,30.397665607186386,100.0
1040,1,13.460932944612095,13.460932944612095,100.0
1040,2,56.14140144820152,56.14140144820152,100.0
1050,0,44.58897530229656,44.58897530229656,100.0
1050,1,19.447367843912687,19.447367843912687,100.0
1050,2,35.96365685379075,35.96365685379075,100.0
1060,0,39.088220038684376,39.088220038684376,100.0
1060,1,33.30010965736081,33.30010965736081,100.0
1060,2,27.611670303954817,27.611670303954817,100.0
1070,0,16.386277131488143,16.386277131488143,100.0
1070,1,20.44191297565974,20.44191297565974,100.0
1070,2,63.17180989285212,63.17180989285212,100.0
1080,0,29.664033762471647,29.664033762471647,100.0
1080,1,43.81795803217598,43.81795803217598,100.0
1080,2,26.518008205352377,26.518008205352377,100.0
1090,0,26.383288487860302,26.383288487860302,100.0
1090,1,34.52924782769717,34.52924782769717,100.0
1090,2,39.08746368444252,39.08746368444252,100.0
1100,0,51.59901491951876,51.59901491951876,100.0
1100,1,16.458341438629613,16.458341438629613,100.0
1100,2,31.94264364185162,31.94264364185162,100.0
1110,0,44.85743636507801,44.85743636507801,100.0
1110,1,8.0720468916948,8.0720468916948,100.0
1110,2,47.070516743227195,47.070516743227195,100.0
1120,0,27.730479405662667,27.730479405662667,100.0
1120,1,50.771057418208486,50.771057418208486,100.0
1120,2,21.49846317612886,21.49846317612886,100.0
1130,0,16.143442550125307,16.143442550125307,100.0
1130,1,54.66611958693163,54.66611958693163,100.0
1130,2,29.190437862943064,29.190437862943064,100.0
1140,0,40.253569867131844,40.253569867131844,100.0
1140,1,27.717696798469383,27.717696798469383,100.0
1140,2,32.02873333439877,32.02873333439877,100.0
1150,0,9.300867385113042,9.300867385113042,100.0
1150,1,33.43889745384436,33.43889745384436,100.0
1150,2,57.26023516104261,57.26023516104261,100.0
1160,0,26.366557505817763,26.366557505817763,100.0
1160,1,21.713454908390343,21.713454908390343,100.0
1160,2,51.919987585791894,51.919987585791894,100.0
1170,0,17.485575935546898,17.485575935546898,100.0
1170,1,32.04105108878955,32.04105108878955,100.0
1170,2,50.47337297566356,50.47337297566356,100.0
1180,0,27.181222439632318,27.181222439632318,100.0
1180,1,42.03131150851437,42.03131150851437,100.0
1180,2,30.78746605185332,30.78746605185332,100.0
1190,0,13.918901092620253,13.918901092620253,100.0
1190,1,22.874341636588575,22.874341636588575,100.0
1190,2,63.20675727079117,63.20675727079117,100.0
1200,0,21.026345335722763,21.026345335722763,100.0
1200,1,49.396194102246625,49.396194102246625,100.0
1200,2,29.577460562030605,29.577460562030605,100.0
1210,0,43.31967248056018,43.31967248056018,100.0
1210,1,25.93832150379443,25.93832150379443,100.0
1210,2,30.742006015645384,30.742006015645384,100.0
1220,0,23.89095398338995,23.89095398338995,100.0
1220,1,20.290351876568156,20.290351876568156,100.0
1220,2,55.81869414004189,55.81869414004189,100.0
1230,0,14.913478310808118,14.913478310808118,100.0
1230,1,37.91157280415437,37.91157280415437,100.0
1230,2,47.174948885037516,47.174948885037516,100.0
1240,0,53.30691703389105,53.30691703389105,100.0
1240,1,21.60388229054211,21.60388229054211,100.0
1240,2,25.089200675566858,25.089200675566858,100.0
1250,0,10.76284595693278,10.76284595693278,100.0
1250,1,17.007362988183495,17.007362988183495,100.0
1250,2,72.22979105488372,72.22979105488372,100.0
1260,0,21.101782019208493,21.101782019208493,100.0
1260,1,57.50742586991711,57.50742586991711,100.0
1260,2,21.390792110874404,21.390792110874404,100.0
1270,0,25.824536124407118,25.824536124407118,100.0
1270,1,18.552959795765926,18.552959795765926,100.0
1270,2,55.62250407982696,55.62250407982696,100.0
1280,0,16.98414970054524,16.98414970054524,100.0
1280,1,43.444381592357175,43.444381592357175,100.0
1280,2,39.57146870709759,39.57146870709759,100.0
1290,0,20.783037995805817,20.783037995805817,100.0
1290,1,15.831529111876275,15.831529111876275,100.0
1290,2,63.38543289231791,63.38543289231791,100.0
1300,0,51.934118136692206,51.934118136692206,100.0
1300,1,17.602269847401324,17.602269847401324,100.0
1300,2,30.46361201590647,30.46361201590647,100.0
1310,0,13.111323456466215,13.111323456466215,100.0
1310,1,39.01675855379948,39.01675855379948,100.0
1310,2,47.87191798973431,47.87191798973431,100.0
1320,0,9.659454396085891,9.659454396085891,100.0
1320,1,38.555312541947764,38.555312541947764,100.0
1320,2,51.78523306196634,51.78523306196634,100.0
1330,0,45.8158205912311,45.8158205912311,100.0
1330,1,22.561272775396045,22.561272775396045,100.0
1330,2,31.62290663337286,31.62290663337286,100.0
1340,0,41.1672641776851,41.1672641776851,100.0
1340,1,28.811524757865627,28.811524757865627,100.0
1340,2,30.021211064449275,30.021211064449275,100.0
1350,0,39.728383217218756,39.728383217218756,100.0
1350,1,8.598271298237163,8.598271298237163,100.0
1350,2,51.67334548454407,51.67334548454407,100.0
1360,0,13.23363452338248,13.23363452338248,100.0
1360,1,26.163767366064654,26.163767366064654,100.0
1360,2,60.60259811055286,60.60259811055286,100.0
1370,0,17.18890752770987,17.18890752770987,100.0
1370,1,64.30588582987468,64.30588582987468,100.0
1370,2,18.505206642415466,18.505206642415466,100.0
1380,0,9.942514466807346,9.942514466807346,100.0
1380,1,52.716137416142,52.716137416142,100.0
1380,2,37.341348117050664,37.341348117050664,100.0
1390,0,23.195829254750077,23.195829254750077,100.0
1390,1,30.27046531351513,30.27046531351513,100.0
1390,2,46.5337054317348,46.5337054317348,100.0
1400,0,43.12841815679871,43.12841815679871,100.0
1400,1,11.845511557892454,11.845511557892454,100.0
1400,2,45.02607028530884,45.02607028530884,100.0
1410,0,22.41087329989164,22.41087329989164,100.0
1410,1,10.396456152928279,10.396456152928279,100.0
1410,2,67.19267054718009,67.19267054718009,100.0
1420,0,36.70425381718541,36.70425381718541,100.0
1420,1,26.365226078697845,26.365226078697845,100.0
1420,2,36.93052010411675,36.93052010411675,100.0
1430,0,17.732625993207478,17.732625993207478,100.0
1430,1,18.886032617742863,18.886032617742863,100.0
1430,2,63.38134138904966,63.38134138904966,100.0
1440,0,24.3410017071544,24.3410017071544,100.0
1440,1,42.90849888665146,42.90849888665146,100.0
1440,2,32.75049940619414,32.75049940619414,100.0
1450,0,17.163094517508963,17.163094517508963,100.0
1450,1,21.32815180785723,21.32815180785723,100.0
1450,2,61.50875367463381,61.50875367463381,100.0
1460,0,13.492226066304763,13.492226066304763,100.0
1460,1,71.05964915168033,71.05964915168033,100.0
1460,2,15.448124782014897,15.448124782014897,100.0
1470,0,27.514447710517715,27.514447710517715,100.0
1470,1,11.065404474655972,11.065404474655972,100.0
1470,2,61.42014781482632,61.42014781482632,100.0
1480,0,20.496238319276642,20.496238319276642,100.0
1480,1,17.866299074886612,17.866299074886612,100.0
1480,2,61.637462605836745,61.637462605836745,100.0
1490,0,35.60533109482327,35.60533109482327,100.0
1490,1,38.19518533173098,38.19518533173098,100.0
1490,2,26.199483573445747,26.199483573445747,100.0
1500,0,8.683524810722073,8.683524810722073,100.0
1500,1,36.23584608923951,36.23584608923951,100.0
1500,2,55.08062910003842,55.08062910003842,100.0
1510,0,52.476438655254896,52.476438655254896,100.0
1510,1,15.750240047158803,15.750240047158803,100.0
1510,2,31.7733212975863,31.7733212975863,100.0
1520,0,35.14278191119076,35.14278191119076,100.0
1520,1,25.55778896780121,25.55778896780121,100.0
1520,2,39.29942912100804,39.29942912100804,100.0
1530,0,20.62294024091387,20.62294024091387,100.0
1530,1,16.970174360608933,16.970174360608933,100.0
1530,2,62.40688539847719,62.40688539847719,100.0
1540,0,37.4031927839187,37.4031927839187,100.0
1540,1,16.061460939029633,16.061460939029633,100.0
1540,2,46.535346277051666,46.535346277051666,100.0
1550,0,47.2749567814208,47.2749567814208,100.0
1550,1,33.83610453798796,33.83610453798796,100.0
1550,2,18.888938680591252,18.888938680591252,100.0
1560,0,34.34797934565827,34.34797934565827,100.0
1560,1,11.260136355473458,11.260136355473458,100.0
1560,2,54.391884298868284,54.391884298868284,100.0
1570,0,9.956589915003072,9.956589915003072,100.0
1570,1,38.4043167466546,38.4043167466546,100.0
1570,2,51.63909333834232,51.63909333834232,100.0
1580,0,41.766152032346234,41.766152032346234,100.0
1580,1,19.14311221841318,19.14311221841318,100.0
1580,2,39.090735749240594,39.090735749240594,100.0
1590,0,28.09408149701167,28.09408149701167,100.0
1590,1,24.595133630166075,24.595133630166075,100.0
1590,2,47.31078487282225,47.31078487282225,100.0
1600,0,19.143024108168273,19.143024108168273,100.0
1600,1,25.69234590769738,25.69234590769738,100.0
1600,2,55.16462998413435,55.16462998413435,100.0
1610,0,54.5756486221845,54.5756486221845,100.0
1610,1,15.365125763367061,15.365125763367061,100.0
1610,2,30.059225614448433,30.059225614448433,100.0
1620,0,9.340180009038638,9.340180009038638,100.0
1620,1,39.73883086367366,39.73883086367366,100.0
1620,2,50.9209891272877,50.9209891272877,100.0
1630,0,37.2941290719017,37.2941290719017,100.0
1630,1,10.937052682014265,10.937052682014265,100.0
1630,2,51.76881824608404,51.76881824608404,100.0
1640,0,48.55078845186827,48.55078845186827,100.0
1640,1,25.65938751020068,25.65938751020068,100.0
1640,2,25.789824037931048,25.789824037931048,100.0
1650,0,14.639870963556087,14.639870963556087,100.0
1650,1,48.45266354014049,48.45266354014049,100.0
1650,2,36.907465496303416,36.907465496303416,100.0
1660,0,36.37767189227983,36.37767189227983,100.0
1660,1,9.58571053907629,9.58571053907629,100.0
1660,2,54.036617568643884,54.036617568643884,100.0
1670,0,31.507252696135396,31.507252696135396,100.0
1670,1,25.27262538853577,25.27262538853577,100.0
1670,2,43.22012191532884,43.22012191532884,100.0
1680,0,43.698411328304076,43.698411328304076,100.0
1680,1,42.21550140422829,42.21550140422829,100.0
1680,2,14.08608726746763,14.08608726746763,100.0
1690,0,34.86597843701657,34.86597843701657,100.0
1690,1,13.233790891339945,13.233790891339945,100.0
1690,2,51.900230671643484,51.900230671643484,100.0
1700,0,20.992144922762414,20.992144922762414,100.0
1700,1,48.18626057416678,48.18626057416678,100.0
1700,2,30.82159450307081,30.82159450307081,100.0
1710,0,16.111982204607376,16.111982204607376,100.0
1710,1,12.117615035469843,12.117615035469843,100.0
1710,2,71.77040275992277,71.77040275992277,100.0
1720,0,9.328953905759866,9.328953905759866,100.0
1720,1,42.24816462375468,42.24816462375468,100.0
1720,2,48.42288147048544,48.42288147048544,100.0
1730,0,36.03122339161654,36.03122339161654,100.0
1730,1,24.489716438711824,24.489716438711824,100.0
1730,2,39.47906016967164,39.47906016967164,100.0
1740,0,24.651660216116365,24.651660216116365,100.0
1740,1,21.56708643721224,21.56708643721224,100.0
1740,2,53.7812533466714,53.7812533466714,100.0
1750,0,12.462914861251742,12.462914861251742,100.0
1750,1,16.230940178521514,16.230940178521514,100.0
1750,2,71.30614496022675,71.30614496022675,100.0
1760,0,52.16061469881256,52.16061469881256,100.0
1760,1,30.92854140105878,30.92854140105878,100.0
1760,2,16.91084390012867,16.91084390012867,100.0
1770,0,32.56346253362829,32.56346253362829,100.0
1770,1,10.437865619012271,10.437865619012271,100.0
1770,2,56.99867184735944,56.99867184735944,100.0
1780,0,26.906494198711982,26.906494198711982,100.0
1780,1,12.696356153592491,12.696356153592491,100.0
1780,2,60.39714964769553,60.39714964769553,100.0
1790,0,14.096851816534103,14.096851816534103,100.0
1790,1,42.421735596335544,42.421735596335544,100.0
1790,2,43.48141258713035,43.48141258713035,100.0
1800,0,19.778919748987608,19.778919748987608,100.0
1800,1,41.93758508021416,41.93758508021416,100.0
1800,2,38.28349517079824,38.28349517079824,100.0
1810,0,35.42935492865323,35.42935492865323,100.0
1810,1,30.340979440884254,30.340979440884254,100.0
1810,2,34.229665630462506,34.229665630462506,100.0
1820,0,31.26653699190584,31.26653699190584,100.0
1820,1,27.464017199279873,27.464017199279873,100.0
1820,2,41.26944580881429,41.26944580881429,100.0
1830,0,15.670743852437532,15.670743852437532,100.0
1830,1,16.519080907587032,16.519080907587032,100.0
1830,2,67.81017523997545,67.81017523997545,100.0
1840,0,22.6915150394209,22.6915150394209,100.0
1840,1,31.880567165883907,31.880567165883907,100.0
1840,2,45.42791779469519,45.42791779469519,100.0
1850,0,31.390243094798905,31.390243094798905,100.0
1850,1,31.900124722380358,31.900124722380358,100.0
1850,2,36.709632182820734,36.709632182820734,100.0
1860,0,29.804509206893172,29.804509206893172,100.0
1860,1,13.499725581963808,13.499725581963808,100.0
1860,2,56.695765211143026,56.695765211143026,100.0
1870,0,25.034245762297086,25.034245762297086,100.0
1870,1,9.751306492032194,9.751306492032194,100.0
1870,2,65.21444774567072,65.21444774567072,100.0
1880,0,10.539762317851064,10.539762317851064,100.0
1880,1,33.05810654162942,33.05810654162942,100.0
1880,2,56.40213114051951,56.40213114051951,100.0
1890,0,29.5181624449731,29.5181624449731,100.0
1890,1,42.176552999714545,42.176552999714545,100.0
1890,2,28.30528455531236,28.30528455531236,100.0
1900,0,26.529729237816003,26.529729237816003,100.0
1900,1,13.406828734505554,13.406828734505554,100.0
1900,2,60.06344202767845,60.06344202767845,100.0
1910,0,62.787133670301856,62.787133670301856,100.0
1910,1,23.007055272551252,23.007055272551252,100.0
1910,2,14.2058110571469,14.2058110571469,100.0
1920,0,25.436419138200115,25.436419138200115,100.0
1920,1,21.125671206547583,21.125671206547583,100.0
1920,2,53.437909655252305,53.437909655252305,100.0
1930,0,21.89537032485612,21.89537032485612,100.0
1930,1,21.307747944529975,21.307747944529975,100.0
1930,2,56.79688173061391,56.79688173061391,100.0
1940,0,46.864030635314776,46.864030635314776,100.0
1940,1,22.276115947869805,22.276115947869805,100.0
1940,2,30.85985341681543,30.85985341681543,100.0
1950,0,29.711177828253433,29.711177828253433,100.0
1950,1,10.05007420446942,10.05007420446942,100.0
1950,2,60.23874796727715,60.23874796727715,100.0
1960,0,30.151418011353627,30.151418011353627,100.0
1960,1,24.841358467909245,24.841358467909245,100.0
1960,2,45.00722352073712,45.00722352073712,100.0
1970,0,33.6359617359153,33.6359617359153,100.0
1970,1,29.118072832231412,29.118072832231412,100.0
1970,2,37.245965431853286,37.245965431853286,100.0
1980,0,36.334662954995686,36.334662954995686,100.0
1980,1,27.816605097593477,27.816605097593477,100.0
1980,2,35.84873194741085,35.84873194741085,100.0
1990,0,52.46257936391512,52.46257936391512,100.0
1990,1,20.896015551693814,20.896015551693814,100.0
1990,2,26.641405084391067,26.641405084391067,100.0
2000,0,10.651547805280467,10.651547805280467,100.0
2000,1,35.128547018567815,35.128547018567815,100.0
2000,2,54.21990517615172,54.21990517615172,100.0
2010,0,28.41055640829523,28.41055640829523,100.0
2010,1,28.397713171202504,28.397713171202504,100.0
2010,2,43.19173042050227,43.19173042050227,100.0
2020,0,29.21391359806968,29.21391359806968,100.0
2020,1,47.22065224791437,47.22065224791437,100.0
2020,2,23.565434154015954,23.565434154015954,100.0
2030,0,33.61623721538443,33.61623721538443,100.0
2030,1,33.472021731000936,33.472021731000936,100.0
2030,2,32.91174105361463,32.91174105361463,100.0
2040,0,15.657607045637137,15.657607045637137,100.0
2040,1,42.01296615097666,42.01296615097666,100.0
2040,2,42.3294268033862,42.3294268033862,100.0
2050,0,18.714141252518566,18.714141252518566,100.0
2050,1,66.44334891697314,66.44334891697314,100.0
2050,2,14.842509830508316,14.842509830508316,100.0
2060,0,28.435961058735177,28.435961058735177,100.0
2060,1,20.03903038309976,20.03903038309976,100.0
2060,2,51.52500855816506,51.52500855816506,100.0
2070,0,28.125836893017393,28.125836893017393,100.0
2070,1,10.678878824614873,10.678878824614873,100.0
2070,2,61.19528428236774,61.19528428236774,100.0
2080,0,14.208239873745947,14.208239873745947,100.0
2080,1,12.525965423951934,12.525965423951934,100.0
2080,2,73.26579470230212,73.26579470230212,100.0
2090,0,16.64351109702024,16.64351109702024,100.0
2090,1,39.19256644569889,39.19256644569889,100.0
2090,2,44.16392245728088,44.16392245728088,100.0
2100,0,38.978877765158,38.978877765158,100.0
2100,1,22.15247117360198,22.15247117360198,100.0
2100,2,38.86865106124002,38.86865106124002,100.0
2110,0,13.860880898943492,13.860880898943492,100.0
2110,1,36.84243446569545,36.84243446569545,100.0
2110,2,49.29668463536105,49.29668463536105,100.0
2120,0,11.406210019213606,11.406210019213606,100.0
2120,1,39.38136966507322,39.38136966507322,100.0
2120,2,49.21242031571317,49.21242031571317,100.0
2130,0,33.00894750070514,33.00894750070514,100.0
2130,1,42.11203873723483,42.11203873723483,100.0
2130,2,24.879013762060037,24.879013762060037,100.0
2140,0,24.712963879755947,24.712963879755947,100.0
2140,1,11.667967673150507,11.667967673150507,100.0
2140,2,63.619068447093554,63.619068447093554,100.0
2150,0,35.06076131616971,35.06076131616971,100.0
2150,1,29.82165192950837,29.82165192950837,100.0
2150,2,35.11758675432193,35.11758675432193,100.0
2160,0,20.91226480210174,20.91226480210174,100.0
2160,1,23.93926352164725,23.93926352164725,100.0
2160,2,55.14847167625102,55.14847167625102,100.0
2170,0,12.689262566984166,12.689262566984166,100.0
2170,1,11.722805259909325,11.722805259909325,100.0
2170,2,75.58793217310651,75.58793217310651,100.0
2180,0,18.799098656737463,18.799098656737463,100.0
2180,1,14.499965885826995,14.499965885826995,100.0
2180,2,66.70093545743555,66.70093545743555,100.0
2190,0,53.07826402091064,53.07826402091064,100.0
2190,1,30.763102145920072,30.763102145920072,100.0
2190,2,16.15863383316928,16.15863383316928,100.0
2200,0,7.782451635565849,7.782451635565849,100.0
2200,1,44.23608052315797,44.23608052315797,100.0
2200,2,47.981467841276185,47.981467841276185,100.0
2210,0,14.883342772495208,14.883342772495208,100.0
2210,1,28.303488431026626,28.303488431026626,100.0
2210,2,56.813168796478166,56.813168796478166,100.0
2220,0,45.96368810383305,45.96368810383305,100.0
2220,1,10.32772406546029,10.32772406546029,100.0
2220,2,43.70858783070666,43.70858783070666,100.0
2230,0,19.170440550858533,19.170440550858533,100.0
2230,1,25.500511794091157,25.500511794091157,100.0
2230,2,55.32904765505031,55.32904765505031,100.0
2240,0,28.164952241578582,28.164952241578582,100.0
2240,1,46.03128445929862,46.03128445929862,100.0
2240,2,25.80376329912281,25.80376329912281,100.0
2250,0,18.084279260494174,18.084279260494174,100.0
2250,1,16.89837688701728,16.89837688701728,100.0
2250,2,65.01734385248854,65.01734385248854,100.0
2260,0,32.50455097346022,32.50455097346022,100.0
2260,1,33.207441907173916,33.207441907173916,100.0
2260,2,34.288007119365865,34.288007119365865,100.0
2270,0,33.49061162225247,33.49061162225247,100.0
2270,1,13.375171452167061,13.375171452167061,100.0
2270,2,53.13421692558047,53.13421692558047,100.0
2280,0,18.587924273627788,18.587924273627788,100.0
2280,1,18.719375956240775,18.719375956240775,100.0
2280,2,62.69269977013143,62.69269977013143,100.0
2290,0,32.50682365917205,32.50682365917205,100.0
2290,1,12.94242879291462,12.94242879291462,100.0
2290,2,54.55074754791334,54.55074754791334,100.0
2300,0,26.419353481871767,26.419353481871767,100.0
2300,1,37.19055880765079,37.19055880765079,100.0
2300,2,36.390087710477445,36.390087710477445,100.0
2310,0,27.328675849216605,27.328675849216605,100.0
2310,1,12.56876768251462,12.56876768251462,100.0
2310,2,60.10255646826877,60.10255646826877,100.0
2320,0,46.65463026667886,46.65463026667886,100.0
2320,1,35.584187949927674,35.584187949927674,100.0
2320,2,17.761181783393464,17.761181783393464,100.0
2330,0,22.996386111035573,22.996386111035573,100.0
2330,1,16.115998567210692,16.115998567210692,100.0
2330,2,60.88761532175374,60.88761532175374,100.0
2340,0,25.633502165763076,25.633502165763076,100.0
2340,1,43.2377467825969,43.2377467825969,100.0
2340,2,31.128751051640013,31.128751051640013,100.0
2350,0,8.031496656391711,8.031496656391711,100.0
2350,1,43.84213197568736,43.84213197568736,100.0
2350,2,48.126371367920925,48.126371367920925,100.0
2360,0,26.49502143239168,26.49502143239168,100.0
2360,1,28.99669537415363,28.99669537415363,100.0
2360,2,44.50828319345469,44.50828319345469,100.0
2370,0,23.39280268660265,23.39280268660265,100.0
2370,1,11.045990114410042,11.045990114410042,100.0
2370,2,65.5612071989873,65.5612071989873,100.0
2380,0,20.691681049964927,20.691681049964927,100.0
2380,1,28.12134131370989,28.12134131370989,100.0
2380,2,51.18697763632518,51.18697763632518,100.0
2390,0,15.645547504147842,15.645547504147842,100.0
2390,1,29.267292157062702,29.267292157062702,100.0
2390,2,55.08716033878947,55.08716033878947,100.0
2400,0,18.555792959794484,18.555792959794484,100.0
2400,1,31.791432503787497,31.791432503787497,100.0
2400,2,49.65277453641803,49.65277453641803,100.0
2410,0,46.57922758794516,46.57922758794516,100.0
2410,1,18.220654451795422,18.220654451795422,100.0
2410,2,35.200117960259426,35.200117960259426,100.0
2420,0,22.296338994843452,22.296338994843452,100.0
2420,1,39.36714660785888,39.36714660785888,100.0
2420,2,38.33651439729767,38.33651439729767,100.0
2430,0,21.6815192966024,21.6815192966024,100.0
2430,1,11.868079913284738,11.868079913284738,100.0
2430,2,66.45040079011287,66.45040079011287,100.0
2440,0,12.793787710184807,12.793787710184807,100.0
2440,1,13.849717431015062,13.849717431015062,100.0
2440,2,73.35649485880012,73.35649485880012,100.0
2450,0,29.494951469404512,29.494951469404512,100.0
2450,1,57.524876301646074,57.524876301646074,100.0
2450,2,12.980172228949401,12.980172228949401,100.0
2460,0,11.915458012651698,11.915458012651698,100.0
2460,1,14.061261674996217,14.061261674996217,100.0
2460,2,74.02328031235209,74.02328031235209,100.0
2470,0,32.68603740484651,32.68603740484651,100.0
2470,1,37.53359634240472,37.53359634240472,100.0
2470,2,29.780366252748774,29.780366252748774,100.0
2480,0,18.628355992822303,18.628355992822303,100.0
2480,1,45.10652863220304,45.10652863220304,100.0
2480,2,36.265115374974656,36.265115374974656,100.0
2490,0,44.503643542272854,44.503643542272854,100.0
2490,1,16.002534779137893,16.002534779137893,100.0
2490,2,39.493821678589256,39.493821678589256,100.0
2500,0,18.68239391630678,18.68239391630678,100.0
2500,1,47.03481225971334,47.03481225971334,100.0
2500,2,34.28279382397989,34.28279382397989,100.0
2510,0,14.00683452739293,14.00683452739293,100.0
2510,1,29.610488749856366,29.610488749856366,100.0
2510,2,56.3826767227507,56.3826767227507,100.0
2520,0,41.12485949482799,41.12485949482799,100.0
2520,1,27.567757420623295,27.567757420623295,100.0
2520,2,31.307383084548718,31.307383084548718,100.0
2530,0,35.11760946358347,35.11760946358347,100.0
2530,1,30.283147067988946,30.283147067988946,100.0
2530,2,34.599243468427574,34.599243468427574,100.0
2540,0,19.32825239935021,19.32825239935021,100.0
2540,1,14.029717733921684,14.029717733921684,100.0
2540,2,66.64202986672811,66.64202986672811,100.0
2550,0,13.007973690755719,13.007973690755719,100.0
2550,1,14.852353943141877,14.852353943141877,100.0
2550,2,72.1396723661024,72.1396723661024,100.0
2560,0,25.843591164239015,25.843591164239015,100.0
2560,1,50.07484564140133,50.07484564140133,100.0
2560,2,24.081563194359653,24.081563194359653,100.0
2570,0,16.49294409823383,16.49294409823383,100.0
2570,1,18.372729844876883,18.372729844876883,100.0
2570,2,65.1343260568893,65.1343260568893,100.0
2580,0,19.807026899447692,19.807026899447692,100.0
2580,1,15.853583827039722,15.853583827039722,100.0
2580,2,64.33938927351258,64.33938927351258,100.0
2590,0,20.36023871494717,20.36023871494717,100.0
2590,1,20.073297335543604,20.073297335543604,100.0
2590,2,59.56646394950923,59.56646394950923,100.0
2600,0,20.196286527701602,20.196286527701602,100.0
2600,1,40.08451879972122,40.08451879972122,100.0
2600,2,39.71919467257719,39.71919467257719,100.0
2610,0,40.426004165467546,40.426004165467546,100.0
2610,1,9.306873623867979,9.306873623867979,100.0
2610,2,50.267122210664475,50.267122210664475,100.0
2620,0,25.108019994577198,25.108019994577198,100.0
2620,1,30.510841444341402,30.510841444341402,100.0
2620,2,44.38113856108139,44.38113856108139,100.0
2630,0,8.192780645185712,8.192780645185712,100.0
2630,1,35.86472087700352,35.86472087700352,100.0
2630,2,55.94249847781077,55.94249847781077,100.0
2640,0,19.21420816860147,19.21420816860147,100.0
2640,1,19.78568842788187,19.78568842788187,100.0
2640,2,61.00010340351666,61.00010340351666,100.0
2650,0,11.415340115645797,11.415340115645797,100.0
2650,1,55.95313865326182,55.95313865326182,100.0
2650,2,32.6315212310924,32.6315212310924,100.0
2660,0,22.604660965851007,22.604660965851007,100.0
2660,1,35.1790036076628,35.1790036076628,100.0
2660,2,42.21633542648619,42.21633542648619,100.0
2670,0,14.644547068276207,14.644547068276207,100.0
2670,1,14.32269261823039,14.32269261823039,100.0
2670,2,71.0327603134934,71.0327603134934,100.0
2680,0,28.04941510937347,28.04941510937347,100.0
2680,1,13.77170222462169,13.77170222462169,100.0
2680,2,58.17888266600484,58.17888266600484,100.0
2690,0,26.419169053075525,26.419169053075525,100.0
2690,1,26.018366338916053,26.018366338916053,100.0
2690,2,47.56246460800843,47.56246460800843,100.0
2700,0,49.12757771695604,49.12757771695604,100.0
2700,1,16.54028261232877,16.54028261232877,100.0
2700,2,34.33213967071519,34.33213967071519,100.0
2710,0,22.547508035380964,22.547508035380964,100.0
2710,1,24.37109416890666,24.37109416890666,100.0
2710,2,53.081397795712384,53.081397795712384,100.0
2720,0,39.79801615285418,39.79801615285418,100.0
2720,1,22.093797790815923,22.093797790815923,100.0
2720,2,38.1081860563299,38.1081860563299,100.0
2730,0,34.57018959087461,34.57018959087461,100.0
2730,1,9.599944572827193,9.599944572827193,100.0
2730,2,55.8298658362982,55.8298658362982,100.0
2740,0,14.663743798902143,14.663743798902143,100.0
2740,1,15.104739681378652,15.104739681378652,100.0
2740,2,70.23151651971921,70.23151651971921,100.0
2750,0,27.836941777870837,27.836941777870837,100.0
2750,1,21.601203533894598,21.601203533894598,100.0
2750,2,50.56185468823456,50.56185468823456,100.0
2760,0,23.22401642177339,23.22401642177339,100.0
2760,1,37.32188891337166,37.32188891337166,100.0
2760,2,39.45409466485495,39.45409466485495,100.0
2770,0,12.469291974861395,12.469291974861395,100.0
2770,1,42.95306875786463,42.95306875786463,100.0
2770,2,44.57763926727398,44.57763926727398,100.0
2780,0,18.25273754354325,18.25273754354325,100.0
2780,1,38.87137736929164,38.87137736929164,100.0
2780,2,42.875885087165116,42.875885087165116,100.0
2790,0,16.494867848469717,16.494867848469717,100.0
2790,1,11.918903373146302,11.918903373146302,100.0
2790,2,71.58622877838398,71.58622877838398,100.0
2800,0,12.851154968417871,12.851154968417871,100.0
2800,1,15.93981708390956,15.93981708390956,100.0
2800,2,71.20902794767257,71.20902794767257,100.0
2810,0,58.10327522112062,58.10327522112062,100.0
2810,1,20.414803901654135,20.414803901654135,100.0
2810,2,21.481920877225242,21.481920877225242,100.0
2820,0,27.65237291111497,27.65237291111497,100.0
2820,1,20.646405938090993,20.646405938090993,100.0
2820,2,51.70122115079403,51.70122115079403,100.0
2830,0,13.076464621748235,13.076464621748235,100.0
2830,1,18.433001461454356,18.433001461454356,100.0
2830,2,68.4905339167974,68.4905339167974,100.0
2840,0,11.492532375131598,11.492532375131598,100.0
2840,1,54.897052234763734,54.897052234763734,100.0
2840,2,33.61041539010468,33.61041539010468,100.0
2850,0,13.14696990411745,13.14696990411745,100.0
2850,1,12.528424930786677,12.528424930786677,100.0
2850,2,74.32460516509587,74.32460516509587,100.0
2860,0,29.17063107268905,29.17063107268905,100.0
2860,1,9.99970505106647,9.99970505106647,100.0
2860,2,60.82966387624449,60.82966387624449,100.0
2870,0,30.18727845635562,30.18727845635562,100.0
2870,1,24.090361946812113,24.090361946812113,100.0
2870,2,45.72235959683227,45.72235959683227,100.0
2880,0,22.552309412321957,22.552309412321957,100.0
2880,1,19.258114244248574,19.258114244248574,100.0
2880,2,58.18957634342947,58.18957634342947,100.0
2890,0,24.839021629542156,24.839021629542156,100.0
2890,1,52.289011325630305,52.289011325630305,100.0
2890,2,22.87196704482754,22.87196704482754,100.0
2900,0,12.81682813248574,12.81682813248574,100.0
2900,1,12.219113177829954,12.219113177829954,100.0
2900,2,74.96405868968431,74.96405868968431,100.0
2910,0,36.006867974676496,36.006867974676496,100.0
2910,1,11.434329286056405,11.434329286056405,100.0
2910,2,52.558802739267094,52.558802739267094,100.0
2920,0,22.42082924828051,22.42082924828051,100.0
2920,1,53.60006400882725,53.60006400882725,100.0
2920,2,23.979106742892245,23.979106742892245,100.0
2930,0,15.589150220915233,15.589150220915233,100.0
2930,1,17.62643270978144,17.62643270978144,100.0
2930,2,66.78441706930333,66.78441706930333,100.0
2940,0,25.068790565029847,25.068790565029847,100.0
2940,1,10.692942177982944,10.692942177982944,100.0
2940,2,64.2382672569872,64.2382672569872,100.0
2950,0,36.34560023307559,36.34560023307559,100.0
2950,1,18.789548351359777,18.789548351359777,100.0
2950,2,44.86485141556463,44.86485141556463,100.0
2960,0,38.81428010786263,38.81428010786263,100.0
2960,1,21.156356419505602,21.156356419505602,100.0
2960,2,40.029363472631765,40.029363472631765,100.0
2970,0,34.45129672093983,34.45129672093983,100.0
2970,1,8.98414236007303,8.98414236007303,100.0
2970,2,56.56456091898715,56.56456091898715,100.0
2980,0,63.157294038024816,63.157294038024816,100.0
2980,1,20.628700678127192,20.628700678127192,100.0
2980,2,16.214005283848003,16.214005283848003,100.0
2990,0,16.291001348560442,16.291001348560442,100.0
2990,1,20.66031001404775,20.66031001404775,100.0
2990,2,63.04868863739181,63.04868863739181,100.0
3000,0,11.276174463499352,11.276174463499352,100.0
3000,1,60.38612931054313,60.38612931054313,100.0
3000,2,28.337696225957508,28.337696225957508,100.0
3010,0,17.53937786247793,17.53937786247793,100.0
3010,1,14.290646097361076,14.290646097361076,100.0
3010,2,68.16997604016099,68.16997604016099,100.0
3020,0,23.95031464467139,23.95031464467139,100.0
3020,1,23.731637508753707,23.731637508753707,100.0
3020,2,52.3180478465749,52.3180478465749,100.0
3030,0,16.94870615102695,16.94870615102695,100.0
3030,1,38.168583270046135,38.168583270046135,100.0
3030,2,44.88271057892691,44.88271057892691,100.0
3040,0,35.998392119621606,35.998392119621606,100.0
3040,1,38.70186050444353,38.70186050444353,100.0
3040,2,25.299747375934867,25.299747375934867,100.0
3050,0,12.421564905971,12.421564905971,100.0
3050,1,37.9024388901091,37.9024388901091,100.0
3050,2,49.675996203919894,49.675996203919894,100.0
3060,0,12.19894966984142,12.19894966984142,100.0
3060,1,23.166690042032727,23.166690042032727,100.0
3060,2,64.63436028812585,64.63436028812585,100.0
3070,0,17.06422180461673,17.06422180461673,100.0
3070,1,39.29255875872097,39.29255875872097,100.0
3070,2,43.6432194366623,43.6432194366623,100.0
3080,0,15.965052029942367,15.965052029942367,100.0
3080,1,29.4612755824293,29.4612755824293,100.0
3080,2,54.573672387628335,54.573672387628335,100.0
3090,0,21.78113733363064,21.78113733363064,100.0
3090,1,37.178965190033395,37.178965190033395,100.0
3090,2,41.039897476335966,41.039897476335966,100.0
3100,0,8.740962957759486,8.740962957759486,100.0
3100,1,47.90975490386179,47.90975490386179,100.0
3100,2,43.34928213837873,43.34928213837873,100.0
3110,0,18.190051942330758,18.190051942330758,100.0
3110,1,43.89794918397823,43.89794918397823,100.0
3110,2,37.911998873691005,37.911998873691005,100.0
3120,0,25.64050400950712,25.64050400950712,100.0
3120,1,12.732284015713683,12.732284015713683,100.0
3120,2,61.62721197477921,61.62721197477921,100.0
3130,0,48.09289077315446,48.09289077315446,100.0
3130,1,32.61526130698658,32.61526130698658,100.0
3130,2,19.291847919858967,19.291847919858967,100.0
3140,0,19.624697155450136,19.624697155450136,100.0
3140,1,21.924947182637183,21.924947182637183,100.0
3140,2,58.45035566191268,58.45035566191268,100.0
3150,0,36.66983356889208,36.66983356889208,100.0
3150,1,20.64781946752597,20.64781946752597,100.0
3150,2,42.682346963581956,42.682346963581956,100.0
3160,0,32.855551940462654,32.855551940462654,100.0
3160,1,22.41894660004633,22.41894660004633,100.0
3160,2,44.725501459491014,44.725501459491014,100.0
3170,0,16.237487730268686,16.237487730268686,100.0
3170,1,14.673775260305455,14.673775260305455,100.0
3170,2,69.08873700942586,69.08873700942586,100.0
3180,0,16.702321359599388,16.702321359599388,100.0
3180,1,46.670752576076396,46.670752576076396,100.0
3180,2,36.62692606432422,36.62692606432422,100.0
3190,0,24.9116227428914,24.9116227428914,100.0
3190,1,20.91555596450523,20.91555596450523,100.0
3190,2,54.17282129260338,54.17282129260338,100.0
3200,0,35.75124915234862,35.75124915234862,100.0
3200,1,30.54419011774938,30.54419011774938,100.0
3200,2,33.70456072990199,33.70456072990199,100.0
3210,0,21.5063506317774,21.5063506317774,100.0
3210,1,17.629249888252314,17.629249888252314,100.0
3210,2,60.86439947997029,60.86439947997029,100.0
3220,0,28.69351491232456,28.69351491232456,100.0
3220,1,20.45271834357155,20.45271834357155,100.0
3220,2,50.85376674410389,50.85376674410389,100.0
3230,0,30.300195474003182,30.300195474003182,100.0
3230,1,29.82022499186045,29.82022499186045,100.0
3230,2,39.87957953413636,39.87957953413636,100.0
3240,0,33.38043078289669,33.38043078289669,100.0
3240,1,33.78696005555479,33.78696005555479,100.0
3240,2,32.83260916154852,32.83260916154852,100.0
3250,0,28.281904694696948,28.281904694696948,100.0
3250,1,19.821215893450628,19.821215893450628,100.0
3250,2,51.896879411852424,51.896879411852424,100.0
3260,0,34.288818825538435,34.288818825538435,100.0
3260,1,18.49444487356542,18.49444487356542,100.0
3260,2,47.21673630089614,47.21673630089614,100.0
3270,0,26.239486052868877,26.239486052868877,100.0
3270,1,31.40143729375312,31.40143729375312,100.0
3270,2,42.35907665337801,42.35907665337801,100.0
3280,0,25.463608026530704,25.463608026530704,100.0
3280,1,21.843148600940708,21.843148600940708,100.0
3280,2,52.693243372528585,52.693243372528585,100.0
3290,0,17.323533347318207,17.323533347318207,100.0
3290,1,40.89059409897514,40.89059409897514,100.0
3290,2,41.785872553706646,41.785872553706646,100.0
3300,0,51.11838306742015,51.11838306742015,100.0
3300,1,21.361275281239127,21.361275281239127,100.0
3300,2,27.52034165134073,27.52034165134073,100.0
3310,0,35.311070737033155,35.311070737033155,100.0
3310,1,19.817895749421847,19.817895749421847,100.0
3310,2,44.871033513545,44.871033513545,100.0
3320,0,34.84928537429208,34.84928537429208,100.0
3320,1,26.804220220637614,26.804220220637614,100.0
3320,2,38.346494405070295,38.346494405070295,100.0
3330,0,46.5162534365394,46.5162534365394,100.0
3330,1,9.64109586778392,9.64109586778392,100.0
3330,2,43.842650695676674,43.842650695676674,100.0
3340,0,52.621809724531445,52.621809724531445,100.0
3340,1,10.246920360488412,10.246920360488412,100.0
3340,2,37.131269914980145,37.131269914980145,100.0
3350,0,18.716268646761797,18.716268646761797,100.0
3350,1,41.007796229418986,41.007796229418986,100.0
3350,2,40.275935123819224,40.275935123819224,100.0
3360,0,22.066860075242865,22.066860075242865,100.0
3360,1,46.15461083084101,46.15461083084101,100.0
3360,2,31.778529093916134,31.778529093916134,100.0
3370,0,25.130042968775797,25.130042968775797,100.0
3370,1,19.684707566288548,19.684707566288548,100.0
3370,2,55.18524946493566,55.18524946493566,100.0
3380,0,33.75016376262385,33.75016376262385,100.0
3380,1,53.64752383331953,53.64752383331953,100.0
3380,2,12.60231240405662,12.60231240405662,100.0
3390,0,15.324765961081074,15.324765961081074,100.0
3390,1,11.65028689281489,11.65028689281489,100.0
3390,2,73.02494714610404,73.02494714610404,100.0
3400,0,24.813092896699974,24.813092896699974,100.0
3400,1,27.86966910885261,27.86966910885261,100.0
3400,2,47.31723799444741,47.31723799444741,100.0
3410,0,31.630315506667394,31.630315506667394,100.0
3410,1,42.39143676824051,42.39143676824051,100.0
3410,2,25.978247725092103,25.978247725092103,100.0
3420,0,17.230272034698036,17.230272034698036,100.0
3420,1,59.52260969834191,59.52260969834191,100.0
3420,2,23.247118266960058,23.247118266960058,100.0
3430,0,24.36392642918394,24.36392642918394,100.0
3430,1,13.679384366474173,13.679384366474173,100.0
3430,2,61.956689204341885,61.956689204341885,100.0
3440,0,12.89543730947308,12.89543730947308,100.0
3440,1,20.85417061953902,20.85417061953902,100.0
3440,2,66.25039207098791,66.25039207098791,100.0
3450,0,25.908576124797733,25.908576124797733,100.0
3450,1,17.717528021017383,17.717528021017383,100.0
3450,2,56.37389585418489,56.37389585418489,100.0
3460,0,55.94758595693127,55.94758595693127,100.0
3460,1,22.726857575033602,22.726857575033602,100.0
3460,2,21.32555646803514,21.32555646803514,100.0
3470,0,9.19420215924022,9.19420215924022,100.0
3470,1,59.827919831728515,59.827919831728515,100.0
3470,2,30.977878009031272,30.977878009031272,100.0
3480,0,50.85826274935476,50.85826274935476,100.0
3480,1,18.415598054311115,18.415598054311115,100.0
3480,2,30.726139196334135,30.726139196334135,100.0
3490,0,38.35379865680918,38.35379865680918,100.0
3490,1,11.145384584518876,11.145384584518876,100.0
3490,2,50.50081675867195,50.50081675867195,100.0
3500,0,17.010904334246526,17.010904334246526,100.0
3500,1,22.26226976370037,22.26226976370037,100.0
3500,2,60.726825902053115,60.726825902053115,100.0
3510,0,9.111627974862733,9.111627974862733,100.0
3510,1,39.104215113976004,39.104215113976004,100.0
3510,2,51.784156911161276,51.784156911161276,100.0
3520,0,44.30151107884214,44.30151107884214,100.0
3520,1,8.782092568486055,8.782092568486055,100.0
3520,2,46.91639635267181,46.91639635267181,100.0
3530,0,19.51413618587662,19.51413618587662,100.0
3530,1,37.144418981911656,37.144418981911656,100.0
3530,2,43.34144483221172,43.34144483221172,100.0
3540,0,42.91933940550755,42.91933940550755,100.0
3540,1,26.109096395399277,26.109096395399277,100.0
3540,2,30.971564199093173,30.971564199093173,100.0
3550,0,17.15100770004459,17.15100770004459,100.0
3550,1,54.43597234251991,54.43597234251991,100.0
3550,2,28.41301995743549,28.41301995743549,100.0
3560,0,12.424309656049182,12.424309656049182,100.0
3560,1,53.57534050662868,53.57534050662868,100.0
3560,2,34.00034983732215,34.00034983732215,100.0
3570,0,22.692832073870342,22.692832073870342,100.0
3570,1,41.21451761111184,41.21451761111184,100.0
3570,2,36.09265031501783,36.09265031501783,100.0
3580,0,20.340979605445007,20.340979605445007,100.0
3580,1,14.601779406436503,14.601779406436503,100.0
3580,2,65.0572409881185,65.0572409881185,100.0
3590,0,13.566723797119662,13.566723797119662,100.0
3590,1,47.123728342819135,47.123728342819135,100.0
3590,2,39.3095478600612,39.3095478600612,100.0
3600,0,13.61423818594891,13.61423818594891,100.0
3600,1,63.10143818209465,63.10143818209465,100.0
3600,2,23.284323631956443,23.284323631956443,100.0
3610,0,20.40269031830724,20.40269031830724,100.0
3610,1,16.52845598951381,16.52845598951381,100.0
3610,2,63.06885369217895,63.06885369217895,100.0
3620,0,25.502963235684454,25.502963235684454,100.0
3620,1,36.60193178548682,36.60193178548682,100.0
3620,2,37.895104978828726,37.895104978828726,100.0
3630,0,39.57635900859301,39.57635900859301,100.0
3630,1,11.565249765141486,11.565249765141486,100.0
3630,2,48.85839122626551,48.85839122626551,100.0
3640,0,17.020534066658083,17.020534066658083,100.0
3640,1,32.781838579806305,32.781838579806305,100.0
3640,2,50.19762735353561,50.19762735353561,100.0
3650,0,27.885890023178924,27.885890023178924,100.0
3650,1,42.937726702259276,42.937726702259276,100.0
3650,2,29.1763832745618,29.1763832745618,100.0
3660,0,20.74037548333923,20.74037548333923,100.0
3660,1,28.119649287585535,28.119649287585535,100.0
3660,2,51.13997522907523,51.13997522907523,100.0
3670,0,19.45819866339595,19.45819866339595,100.0
3670,1,35.02380545825643,35.02380545825643,100.0
3670,2,45.51799587834762,45.51799587834762,100.0
3680,0,16.89773383843272,16.89773383843272,100.0
3680,1,52.50355307886947,52.50355307886947,100.0
3680,2,30.59871308269782,30.59871308269782,100.0
3690,0,15.332533750735172,15.332533750735172,100.0
3690,1,12.730185910492665,12.730185910492665,100.0
3690,2,71.93728033877215,71.93728033877215,100.0
3700,0,35.43035369631408,35.43035369631408,100.0
3700,1,32.26120783455445,32.26120783455445,100.0
3700,2,32.308438469131474,32.308438469131474,100.0
3710,0,15.514606568323892,15.514606568323892,100.0
3710,1,32.75663631933856,32.75663631933856,100.0
3710,2,51.728757112337554,51.728757112337554,100.0
3720,0,16.211443002635928,16.211443002635928,100.0
3720,1,40.91605636365575,40.91605636365575,100.0
3720,2,42.87250063370832,42.87250063370832,100.0
3730,0,22.218761980317474,22.218761980317474,100.0
3730,1,17.39371858258372,17.39371858258372,100.0
3730,2,60.3875194370988,60.3875194370988,100.0
3740,0,26.12413008975823,26.12413008975823,100.0
3740,1,14.984899585704989,14.984899585704989,100.0
3740,2,58.89097032453678,58.89097032453678,100.0
3750,0,34.16347772701906,34.16347772701906,100.0
3750,1,38.392204168285595,38.392204168285595,100.0
3750,2,27.44431810469536,27.44431810469536,100.0
3760,0,12.47410069664226,12.47410069664226,100.0
3760,1,12.845699973022908,12.845699973022908,100.0
3760,2,74.68019933033484,74.68019933033484,100.0
3770,0,29.09884194419562,29.09884194419562,100.0
3770,1,17.694574076683082,17.694574076683082,100.0
3770,2,53.206583979121305,53.206583979121305,100.0
3780,0,17.49463066988241,17.49463066988241,100.0
3780,1,39.50398612527587,39.50398612527587,100.0
3780,2,43.00138320484171,43.00138320484171,100.0
3790,0,13.16301281093313,13.16301281093313,100.0
3790,1,37.08261501412359,37.08261501412359,100.0
3790,2,49.75437217494327,49.75437217494327,100.0
3800,0,40.973488632999945,40.973488632999945,100.0
3800,1,33.80641807651485,33.80641807651485,100.0
3800,2,25.220093290485202,25.220093290485202,100.0
3810,0,32.03617035238371,32.03617035238371,100.0
3810,1,10.841917699948892,10.841917699948892,100.0
3810,2,57.1219119476674,57.1219119476674,100.0
3820,0,19.42663619091175,19.42663619091175,100.0
3820,1,27.94341329606627,27.94341329606627,100.0
3820,2,52.62995051302198,52.62995051302198,100.0
3830,0,56.87974515026294,56.87974515026294,100.0
3830,1,18.82195311750778,18.82195311750778,100.0
3830,2,24.298301732229284,24.298301732229284,100.0
3840,0,19.098970438424125,19.098970438424125,100.0
3840,1,40.993690022428886,40.993690022428886,100.0
3840,2,39.907339539146996,39.907339539146996,100.0
3850,0,32.88862900437255,32.88862900437255,100.0
3850,1,29.38754119248902,29.38754119248902,100.0
3850,2,37.72382980313843,37.72382980313843,100.0
3860,0,36.20709819721145,36.20709819721145,100.0
3860,1,29.37611872780181,29.37611872780181,100.0
3860,2,34.41678307498675,34.41678307498675,100.0
3870,0,36.57009346430355,36.57009346430355,100.0
3870,1,13.224522164537975,13.224522164537975,100.0
3870,2,50.20538437115848,50.20538437115848,100.0
3880,0,12.009866236817016,12.009866236817016,100.0
3880,1,72.32351971067453,72.32351971067453,100.0
3880,2,15.666614052508459,15.666614052508459,100.0
3890,0,44.75185125795391,44.75185125795391,100.0
3890,1,23.210420326153276,23.210420326153276,100.0
3890,2,32.03772841589281,32.03772841589281,100.0
3900,0,21.806280064061326,21.806280064061326,100.0
3900,1,17.987895910681853,17.987895910681853,100.0
3900,2,60.20582402525682,60.20582402525682,100.0
3910,0,21.71787049606066,21.71787049606066,100.0
3910,1,39.986726891885866,39.986726891885866,100.0
3910,2,38.29540261205347,38.29540261205347,100.0
3920,0,38.252697228009744,38.252697228009744,100.0
3920,1,50.51704374421634,50.51704374421634,100.0
3920,2,11.23025902777391,11.23025902777391,100.0
3930,0,28.071185774717282,28.071185774717282,100.0
3930,1,9.247458392070047,9.247458392070047,100.0
3930,2,62.681355833212685,62.681355833212685,100.0
3940,0,29.136811988717664,29.136811988717664,100.0
3940,1,54.27698084522863,54.27698084522863,100.0
3940,2,16.58620716605371,16.58620716605371,100.0
3950,0,31.706677976852692,31.706677976852692,100.0
3950,1,35.82691753253868,35.82691753253868,100.0
3950,2,32.46640449060863,32.46640449060863,100.0
3960,0,17.55307433106308,17.55307433106308,100.0
3960,1,16.428403820922778,16.428403820922778,100.0
3960,2,66.01852184801415,66.01852184801415,100.0
3970,0,19.33549613274308,19.33549613274308,100.0
3970,1,18.44532236051339,18.44532236051339,100.0
3970,2,62.219181506743524,62.219181506743524,100.0
3980,0,54.9873037783724,54.9873037783724,100.0
3980,1,11.862378606531282,11.862378606531282,100.0
3980,2,33.150317615096334,33.150317615096334,100.0
3990,0,25.62381938280644,25.62381938280644,100.0
3990,1,10.45904169582988,10.45904169582988,100.0
3990,2,63.91713892136368,63.91713892136368,100.0
4000,0,12.649258144013723,12.649258144013723,100.0
4000,1,57.18079644906755,57.18079644906755,100.0
4000,2,30.169945406918725,30.169945406918725,100.0
4010,0,16.785691456647633,16.785691456647633,100.0
4010,1,37.034340310921706,37.034340310921706,100.0
4010,2,46.179968232430674,46.179968232430674,100.0
4020,0,10.977333483196256,10.977333483196256,100.0
4020,1,58.657327872758245,58.657327872758245,100.0
4020,2,30.365338644045497,30.365338644045497,100.0
4030,0,30.22665089861427,30.22665089861427,100.0
4030,1,11.64249286763984,11.64249286763984,100.0
4030,2,58.130856233745895,58.130856233745895,100.0
4040,0,39.311326861992384,39.311326861992384,100.0
4040,1,33.715360519405515,33.715360519405515,100.0
4040,2,26.973312618602098,26.973312618602098,100.0
4050,0,18.41828206392135,18.41828206392135,100.0
4050,1,13.35562329196229,13.35562329196229,100.0
4050,2,68.22609464411636,68.22609464411636,100.0
4060,0,24.849013660518626,24.849013660518626,100.0
4060,1,57.08498170292013,57.08498170292013,100.0
4060,2,18.066004636561246,18.066004636561246,100.0
4070,0,51.6714213118609,51.6714213118609,100.0
4070,1,28.481937679759223,28.481937679759223,100.0
4070,2,19.84664100837988,19.84664100837988,100.0
4080,0,16.141583718201005,16.141583718201005,100.0
4080,1,13.014782464189,13.014782464189,100.0
4080,2,70.84363381761,70.84363381761,100.0
4090,0,10.457414856661636,10.457414856661636,100.0
4090,1,74.14408762136334,74.14408762136334,100.0
4090,2,15.398497521975028,15.398497521975028,100.0
4100,0,27.453833720360816,27.453833720360816,100.0
4100,1,43.35652904520452,43.35652904520452,100.0
4100,2,29.189637234434677,29.189637234434677,100.0
4110,0,18.738700300912555,18.738700300912555,100.0
4110,1,10.242616069780594,10.242616069780594,100.0
4110,2,71.01868362930685,71.01868362930685,100.0
4120,0,18.923056360311005,18.923056360311005,100.0
4120,1,25.33206449301138,25.33206449301138,100.0
4120,2,55.74487914667762,55.74487914667762,100.0
4130,0,32.22379497028215,32.22379497028215,100.0
4130,1,14.074633021580205,14.074633021580205,100.0
4130,2,53.701572008137646,53.701572008137646,100.0
4140,0,18.334904567822623,18.334904567822623,100.0
4140,1,37.5735242954258,37.5735242954258,100.0
4140,2,44.091571136751575,44.091571136751575,100.0
4150,0,19.073302974180756,19.073302974180756,100.0
4150,1,15.219203609418722,15.219203609418722,100.0
4150,2,65.70749341640052,65.70749341640052,100.0
4160,0,17.10278982563636,17.10278982563636,100.0
4160,1,43.66554281293435,43.66554281293435,100.0
4160,2,39.231667361429295,39.231667361429295,100.0
4170,0,17.997663277138507,17.997663277138507,100.0
4170,1,15.016348933705922,15.016348933705922,100.0
4170,2,66.98598778915556,66.98598778915556,100.0
4180,0,19.57794636899198,19.57794636899198,100.0
4180,1,64.22095332750435,64.22095332750435,100.0
4180,2,16.20110030350367,16.20110030350367,100.0
4190,0,27.521357884561564,27.521357884561564,100.0
4190,1,60.15839139935801,60.15839139935801,100.0
4190,2,12.320250716080427,12.320250716080427,100.0
4200,0,7.913018451427057,7.913018451427057,100.0
4200,1,45.577496956476224,45.577496956476224,100.0
4200,2,46.509484592096726,46.509484592096726,100.0
4210,0,16.979095969638383,16.979095969638383,100.0
4210,1,16.90198164654247,16.90198164654247,100.0
4210,2,66.11892238381914,66.11892238381914,100.0
4220,0,16.841140328117028,16.841140328117028,100.0
4220,1,24.870894559928434,24.870894559928434,100.0
4220,2,58.287965111954534,58.287965111954534,100.0
4230,0,17.553663937335195,17.553663937335195,100.0
4230,1,11.364980701658622,11.364980701658622,100.0
4230,2,71.08135536100619,71.08135536100619,100.0
4240,0,40.87619026666711,40.87619026666711,100.0
4240,1,25.445940850701636,25.445940850701636,100.0
4240,2,33.67786888263126,33.67786888263126,100.0
4250,0,14.16866613792813,14.16866613792813,100.0
4250,1,16.583004251560986,16.583004251560986,100.0
4250,2,69.2483296105109,69.2483296105109,100.0
4260,0,51.45215684174128,51.45215684174128,100.0
4260,1,28.305623793918645,28.305623793918645,100.0
4260,2,20.242219364340084,20.242219364340084,100.0
4270,0,14.389791680185954,14.389791680185954,100.0
4270,1,25.359274470971403,25.359274470971403,100.0
4270,2,60.25093384884265,60.25093384884265,100.0
4280,0,29.824169643413708,29.824169643413708,100.0
4280,1,50.664607504656715,50.664607504656715,100.0
4280,2,19.511222851929585,19.511222851929585,100.0
4290,0,37.86487911127363,37.86487911127363,100.0
4290,1,19.5372650109685,19.5372650109685,100.0
4290,2,42.597855877757866,42.597855877757866,100.0
4300,0,22.793264121333568,22.793264121333568,100.0
4300,1,28.598475655010837,28.598475655010837,100.0
4300,2,48.608260223655606,48.608260223655606,100.0
4310,0,19.418817658538867,19.418817658538867,100.0
4310,1,24.09060305321673,24.09060305321673,100.0
4310,2,56.49057928824441,56.49057928824441,100.0
4320,0,45.63296065607879,45.63296065607879,100.0
4320,1,19.082865305822022,19.082865305822022,100.0
4320,2,35.284174038099195,35.284174038099195,100.0
4330,0,13.891365718126808,13.891365718126808,100.0
4330,1,49.56108350222608,49.56108350222608,100.0
4330,2,36.54755077964712,36.54755077964712,100.0
4340,0,25.568236701384983,25.568236701384983,100.0
4340,1,60.45905410601219,60.45905410601219,100.0
4340,2,13.972709192602833,13.972709192602833,100.0
4350,0,37.033027302474686,37.033027302474686,100.0
4350,1,8.208361898021318,8.208361898021318,100.0
4350,2,54.758610799504005,54.758610799504005,100.0
4360,0,19.15127917017141,19.15127917017141,100.0
4360,1,27.9682694914642,27.9682694914642,100.0
4360,2,52.880451338364395,52.880451338364395,100.0
4370,0,18.026172587776834,18.026172587776834,100.0
4370,1,49.661990530940614,49.661990530940614,100.0
4370,2,32.31183688128256,32.31183688128256,100.0
4380,0,38.660537566129136,38.660537566129136,100.0
4380,1,19.892381414190993,19.892381414190993,100.0
4380,2,41.447081019679864,41.447081019679864,100.0
4390,0,14.774575393145009,14.774575393145009,100.0
4390,1,64.25433181307025,64.25433181307025,100.0
4390,2,20.971092793784745,20.971092793784745,100.0
4400,0,47.25662858813867,47.25662858813867,100.0
4400,1,22.4041084933099,22.4041084933099,100.0
4400,2,30.339262918551434,30.339262918551434,100.0
4410,0,14.055731844512485,14.055731844512485,100.0
4410,1,14.809311832991307,14.809311832991307,100.0
4410,2,71.13495632249621,71.13495632249621,100.0
4420,0,12.484005791316562,12.484005791316562,100.0
4420,1,60.22941988027024,60.22941988027024,100.0
4420,2,27.286574328413195,27.286574328413195,100.0
4430,0,23.748312571775397,23.748312571775397,100.0
4430,1,15.024097608341549,15.024097608341549,100.0
4430,2,61.22758981988306,61.22758981988306,100.0
4440,0,50.18246612897747,50.18246612897747,100.0
4440,1,8.675136042166416,8.675136042166416,100.0
4440,2,41.142397828856126,41.142397828856126,100.0
4450,0,20.674100867169347,20.674100867169347,100.0
4450,1,28.530563810062294,28.530563810062294,100.0
4450,2,50.795335322768366,50.795335322768366,100.0
4460,0,45.68071521307366,45.68071521307366,100.0
4460,1,21.132332118826906,21.132332118826906,100.0
4460,2,33.18695266809943,33.18695266809943,100.0
4470,0,12.906988628579837,12.906988628579837,100.0
4470,1,42.689594120159505,42.689594120159505,100.0
4470,2,44.403417251260656,44.403417251260656,100.0
4480,0,43.619890154433804,43.619890154433804,100.0
4480,1,17.903157842279963,17.903157842279963,100.0
4480,2,38.47695200328624,38.47695200328624,100.0
4490,0,16.286892167804137,16.286892167804137,100.0
4490,1,54.774886682763146,54.774886682763146,100.0
4490,2,28.93822114943272,28.93822114943272,100.0
4500,0,27.464051863228168,27.464051863228168,100.0
4500,1,38.24564730424863,38.24564730424863,100.0
4500,2,34.2903008325232,34.2903008325232,100.0
4510,0,15.823141606262551,15.823141606262551,100.0
4510,1,25.060058290077013,25.060058290077013,100.0
4510,2,59.11680010366044,59.11680010366044,100.0
4520,0,38.77958102048914,38.77958102048914,100.0
4520,1,16.161244572455875,16.161244572455875,100.0
4520,2,45.05917440705498,45.05917440705498,100.0
4530,0,44.843626781519696,44.843626781519696,100.0
4530,1,12.950387029200087,12.950387029200087,100.0
4530,2,42.20598618928022,42.20598618928022,100.0
4540,0,12.756139047225673,12.756139047225673,100.0
4540,1,20.624090876712668,20.624090876712668,100.0
4540,2,66.61977007606167,66.61977007606167,100.0
4550,0,37.28240995370318,37.28240995370318,100.0
4550,1,17.919067237132086,17.919067237132086,100.0
4550,2,44.79852280916474,44.79852280916474,100.0
4560,0,32.04439250470884,32.04439250470884,100.0
4560,1,21.5690278763416,21.5690278763416,100.0
4560,2,46.386579618949575,46.386579618949575,100.0
4570,0,26.68101991807632,26.68101991807632,100.0
4570,1,43.49506943434035,43.49506943434035,100.0
4570,2,29.82391064758333,29.82391064758333,100.0
4580,0,32.73679084319415,32.73679084319415,100.0
4580,1,46.541197960148835,46.541197960148835,100.0
4580,2,20.722011196657018,20.722011196657018,100.0
4590,0,16.537967882277115,16.537967882277115,100.0
4590,1,12.42488709247011,12.42488709247011,100.0
4590,2,71.03714502525277,71.03714502525277,100.0
4600,0,29.455024304225518,29.455024304225518,100.0
4600,1,49.57276268081868,49.57276268081868,100.0
4600,2,20.972213014955802,20.972213014955802,100.0
4610,0,12.841008936175054,12.841008936175054,100.0
4610,1,17.465163687714444,17.465163687714444,100.0
4610,2,69.69382737611049,69.69382737611049,100.0
4620,0,12.194251159429797,12.194251159429797,100.0
4620,1,59.28260737378207,59.28260737378207,100.0
4620,2,28.52314146678814,28.52314146678814,100.0
4630,0,41.006085784353886,41.006085784353886,100.0
4630,1,7.933279352988603,7.933279352988603,100.0
4630,2,51.060634862657515,51.060634862657515,100.0
4640,0,30.097241343158604,30.097241343158604,100.0
4640,1,31.064500456835837,31.064500456835837,100.0
4640,2,38.83825820000557,38.83825820000557,100.0
4650,0,44.55660932885601,44.55660932885601,100.0
4650,1,13.088531989410491,13.088531989410491,100.0
4650,2,42.354858681733496,42.354858681733496,100.0
4660,0,58.71970381590602,58.71970381590602,100.0
4660,1,9.597200359214252,9.597200359214252,100.0
4660,2,31.683095824879736,31.683095824879736,100.0
4670,0,15.773714534448807,15.773714534448807,100.0
4670,1,17.29855618477969,17.29855618477969,100.0
4670,2,66.9277292807715,66.9277292807715,100.0
4680,0,51.25955773339672,51.25955773339672,100.0
4680,1,31.16456056890666,31.16456056890666,100.0
4680,2,17.575881697696623,17.575881697696623,100.0
4690,0,44.743008774879584,44.743008774879584,100.0
4690,1,30.178376957144216,30.178376957144216,100.0
4690,2,25.078614267976214,25.078614267976214,100.0
4700,0,38.007380808917105,38.007380808917105,100.0
4700,1,14.502474232941095,14.502474232941095,100.0
4700,2,47.490144958141805,47.490144958141805,100.0
4710,0,44.782481309175886,44.782481309175886,100.0
4710,1,11.901255645365437,11.901255645365437,100.0
4710,2,43.31626304545868,43.31626304545868,100.0
4720,0,50.85148386039652,50.85148386039652,100.0
4720,1,16.976138110963067,16.976138110963067,100.0
4720,2,32.17237802864042,32.17237802864042,100.0
4730,0,11.748189996699974,11.748189996699974,100.0
4730,1,34.551873835939794,34.551873835939794,100.0
4730,2,53.69993616736023,53.69993616736023,100.0
4740,0,13.34559972166093,13.34559972166093,100.0
4740,1,15.21021587763042,15.21021587763042,100.0
4740,2,71.44418440070865,71.44418440070865,100.0
4750,0,47.557196639177256,47.557196639177256,100.0
4750,1,11.48193775106965,11.48193775106965,100.0
4750,2,40.960865609753085,40.960865609753085,100.0
4760,0,35.91660873279861,35.91660873279861,100.0
4760,1,25.86489953795527,25.86489953795527,100.0
4760,2,38.21849172924613,38.21849172924613,100.0
4770,0,32.08920191140765,32.08920191140765,100.0
4770,1,10.695552828997712,10.695552828997712,100.0
4770,2,57.21524525959464,57.21524525959464,100.0
4780,0,24.04729547432891,24.04729547432891,100.0
4780,1,37.95311901418476,37.95311901418476,100.0
4780,2,37.99958551148634,37.99958551148634,100.0
4790,0,11.474257780236455,11.474257780236455,100.0
4790,1,54.720706588772686,54.720706588772686,100.0
4790,2,33.805035630990865,33.805035630990865,100.0
4800,0,31.597213724440852,31.597213724440852,100.0
4800,1,56.07145192015649,56.07145192015649,100.0
4800,2,12.331334355402651,12.331334355402651,100.0
4810,0,11.779593428555145,11.779593428555145,100.0
4810,1,48.76777810534623,48.76777810534623,100.0
4810,2,39.45262846609863,39.45262846609863,100.0
4820,0,18.535679673527568,18.535679673527568,100.0
4820,1,17.334413046212134,17.334413046212134,100.0
4820,2,64.1299072802603,64.1299072802603,100.0
4830,0,13.300681807769388,13.300681807769388,100.0
4830,1,25.73979595693742,25.73979595693742,100.0
4830,2,60.95952223529319,60.95952223529319,100.0
4840,0,26.04078613147186,26.04078613147186,100.0
4840,1,22.82764268918152,22.82764268918152,100.0
4840,2,51.131571179346615,51.131571179346615,100.0
4850,0,40.30745407350986,40.30745407350986,100.0
4850,1,13.034086171873671,13.034086171873671,100.0
4850,2,46.65845975461648,46.65845975461648,100.0
4860,0,36.74774113410438,36.74774113410438,100.0
4860,1,30.880172122707954,30.880172122707954,100.0
4860,2,32.372086743187666,32.372086743187666,100.0
4870,0,19.69862968999279,19.69862968999279,100.0
4870,1,15.924921070419629,15.924921070419629,100.0
4870,2,64.37644923958759,64.37644923958759,100.0
4880,0,13.26988626049373,13.26988626049373,100.0
4880,1,15.522627512467519,15.522627512467519,100.0
4880,2,71.20748622703876,71.20748622703876,100.0
4890,0,14.856661050942076,14.856661050942076,100.0
4890,1,23.518862311099728,23.518862311099728,100.0
4890,2,61.62447663795819,61.62447663795819,100.0
4900,0,31.354086603657468,31.354086603657468,100.0
4900,1,21.419974309348525,21.419974309348525,100.0
4900,2,47.225939086994,47.225939086994,100.0
4910,0,53.56437945262185,53.56437945262185,100.0
4910,1,21.280971518767444,21.280971518767444,100.0
4910,2,25.15464902861071,25.15464902861071,100.0
4920,0,8.835063012332563,8.835063012332563,100.0
4920,1,51.71672581636588,51.71672581636588,100.0
4920,2,39.44821117130155,39.44821117130155,100.0
4930,0,8.572809823846285,8.572809823846285,100.0
4930,1,43.69687069564903,43.69687069564903,100.0
4930,2,47.73031948050468,47.73031948050468,100.0
4940,0,10.753966773158973,10.753966773158973,100.0
4940,1,31.077557408012684,31.077557408012684,100.0
4940,2,58.168475818828334,58.168475818828334,100.0
4950,0,12.423580545520133,12.423580545520133,100.0
4950,1,51.88366700781083,51.88366700781083,100.0
4950,2,35.69275244666903,35.69275244666903,100.0
4960,0,20.856359804003176,20.856359804003176,100.0
4960,1,33.95652030473599,33.95652030473599,100.0
4960,2,45.187119891260835,45.187119891260835,100.0
4970,0,13.747985677254631,13.747985677254631,100.0
4970,1,19.37635566310344,19.37635566310344,100.0
4970,2,66.87565865964193,66.87565865964193,100.0
4980,0,66.10386704957608,66.10386704957608,100.0
4980,1,10.749810995448577,10.749810995448577,100.0
4980,2,23.146321954975352,23.146321954975352,100.0
4990,0,16.138790323850426,16.138790323850426,100.0
4990,1,11.458506223518883,11.458506223518883,100.0
4990,2,72.40270345263069,72.40270345263069,100.0
5000,0,41.32943275872054,41.32943275872054,100.0
5000,1,47.097829359937286,47.097829359937286,100.0
5000,2,11.572737881342157,11.572737881342157,100.0
5010,0,24.357854769474592,24.357854769474592,100.0
5010,1,16.866351727495246,16.866351727495246,100.0
5010,2,58.77579350303016,58.77579350303016,100.0
5020,0,57.95568624920458,57.95568624920458,100.0
5020,1,11.144495825853001,11.144495825853001,100.0
5020,2,30.899817924942408,30.899817924942408,100.0
5030,0,43.818653393180625,43.818653393180625,100.0
5030,1,23.93647939199325,23.93647939199325,100.0
5030,2,32.24486721482614,32.24486721482614,100.0
5040,0,10.98300756730497,10.98300756730497,100.0
5040,1,22.020220204139235,22.020220204139235,100.0
5040,2,66.99677222855578,66.99677222855578,100.0
5050,0,29.86608211573254,29.86608211573254,100.0
5050,1,41.5707720374255,41.5707720374255,100.0
5050,2,28.563145846841977,28.563145846841977,100.0
5060,0,33.940967510156874,33.940967510156874,100.0
5060,1,27.862413159761623,27.862413159761623,100.0
5060,2,38.19661933008151,38.19661933008151,100.0
5070,0,10.570958651629901,10.570958651629901,100.0
5070,1,15.84674054380365,15.84674054380365,100.0
5070,2,73.58230080456646,73.58230080456646,100.0
5080,0,16.453230637502042,16.453230637502042,100.0
5080,1,13.696451369096588,13.696451369096588,100.0
5080,2,69.85031799340136,69.85031799340136,100.0
5090,0,53.66600776927789,53.66600776927789,100.0
5090,1,32.31667087514115,32.31667087514115,100.0
5090,2,14.017321355580975,14.017321355580975,100.0
5100,0,18.00217857637894,18.00217857637894,100.0
5100,1,12.60440251385904,12.60440251385904,100.0
5100,2,69.39341890976202,69.39341890976202,100.0
5110,0,27.978325696655727,27.978325696655727,100.0
5110,1,20.512234358976045,20.512234358976045,100.0
5110,2,51.50943994436823,51.50943994436823,100.0
5120,0,24.164089658156673,24.164089658156673,100.0
5120,1,35.87320204562191,35.87320204562191,100.0
5120,2,39.96270829622141,39.96270829622141,100.0
5130,0,52.922598123943644,52.922598123943644,100.0
5130,1,14.002335939588168,14.002335939588168,100.0
5130,2,33.075065936468185,33.075065936468185,100.0
5140,0,28.380938310010144,28.380938310010144,100.0
5140,1,24.84059128046639,24.84059128046639,100.0
5140,2,46.77847040952346,46.77847040952346,100.0
5150,0,26.46348558760146,26.46348558760146,100.0
5150,1,16.932411199192803,16.932411199192803,100.0
5150,2,56.60410321320574,56.60410321320574,100.0
5160,0,50.09322968736561,50.09322968736561,100.0
5160,1,28.915778764680944,28.915778764680944,100.0
5160,2,20.990991547953467,20.990991547953467,100.0
5170,0,15.316098454738858,15.316098454738858,100.0
5170,1,25.672164692133272,25.672164692133272,100.0
5170,2,59.01173685312787,59.01173685312787,100.0
5180,0,23.42394611333929,23.42394611333929,100.0
5180,1,39.46890706325517,39.46890706325517,100.0
5180,2,37.10714682340553,37.10714682340553,100.0
5190,0,15.943081633845798,15.943081633845798,100.0
5190,1,25.24337333922815,25.24337333922815,100.0
5190,2,58.81354502692605,58.81354502692605,100.0
5200,0,42.88446076864542,42.88446076864542,100.0
5200,1,41.424828941498745,41.424828941498745,100.0
5200,2,15.690710289855822,15.690710289855822,100.0
5210,0,27.26603691843983,27.26603691843983,100.0
5210,1,10.100727954775158,10.100727954775158,100.0
5210,2,62.63323512678502,62.63323512678502,100.0
5220,0,12.150426064808876,12.150426064808876,100.0
5220,1,26.440544520360294,26.440544520360294,100.0
5220,2,61.409029414830826,61.409029414830826,100.0
5230,0,52.425424041527535,52.425424041527535,100.0
5230,1,31.25059073753708,31.25059073753708,100.0
5230,2,16.323985220935384,16.323985220935384,100.0
5240,0,32.71080322351363,32.71080322351363,100.0
5240,1,14.52804623432259,14.52804623432259,100.0
5240,2,52.76115054216379,52.76115054216379,100.0
5250,0,26.169980025293704,26.169980025293704,100.0
5250,1,11.018288993709636,11.018288993709636,100.0
5250,2,62.81173098099666,62.81173098099666,100.0
5260,0,20.02245066223996,20.02245066223996,100.0
5260,1,28.996311755974414,28.996311755974414,100.0
5260,2,50.981237581785635,50.981237581785635,100.0
5270,0,20.3838903060138,20.3838903060138,100.0
5270,1,49.899211558958385,49.899211558958385,100.0
5270,2,29.716898135027808,29.716898135027808,100.0
5280,0,15.286921948157609,15.286921948157609,100.0
5280,1,17.543779419377692,17.543779419377692,100.0
5280,2,67.1692986324647,67.1692986324647,100.0
5290,0,21.45555069545864,21.45555069545864,100.0
5290,1,38.56228673947139,38.56228673947139,100.0
5290,2,39.98216256506997,39.98216256506997,100.0
5300,0,14.506538114311946,14.506538114311946,100.0
5300,1,36.32735372545676,36.32735372545676,100.0
5300,2,49.166108160231296,49.166108160231296,100.0
5310,0,46.73284526906585,46.73284526906585,100.0
5310,1,16.52492426795151,16.52492426795151,100.0
5310,2,36.74223046298265,36.74223046298265,100.0
5320,0,19.687429690477448,19.687429690477448,100.0
5320,1,39.23228350794245,39.23228350794245,100.0
5320,2,41.080286801580094,41.080286801580094,100.0
5330,0,44.682636647520475,44.682636647520475,100.0
5330,1,20.318392485321525,20.318392485321525,100.0
5330,2,34.99897086715799,34.99897086715799,100.0
5340,0,22.59600540214858,22.59600540214858,100.0
5340,1,38.48815967894957,38.48815967894957,100.0
5340,2,38.91583491890185,38.91583491890185,100.0
5350,0,26.422405528648007,26.422405528648007,100.0
5350,1,42.59754984792152,42.59754984792152,100.0
5350,2,30.980044623430476,30.980044623430476,100.0
5360,0,15.79166845177056,15.79166845177056,100.0
5360,1,38.5695026999246,38.5695026999246,100.0
5360,2,45.63882884830483,45.63882884830483,100.0
5370,0,45.68454165317557,45.68454165317557,100.0
5370,1,16.66506184300266,16.66506184300266,100.0
5370,2,37.65039650382178,37.65039650382178,100.0
5380,0,19.83154589596377,19.83154589596377,100.0
5380,1,14.922068839341348,14.922068839341348,100.0
5380,2,65.24638526469488,65.24638526469488,100.0
5390,0,25.046099818673518,25.046099818673518,100.0
5390,1,51.17694688884651,51.17694688884651,100.0
5390,2,23.776953292479988,23.776953292479988,100.0
5400,0,13.481331881392375,13.481331881392375,100.0
5400,1,25.65808546154701,25.65808546154701,100.0
5400,2,60.86058265706061,60.86058265706061,100.0
5410,0,18.106878464097765,18.106878464097765,100.0
5410,1,36.81770218187665,36.81770218187665,100.0
5410,2,45.07541935402559,45.07541935402559,100.0
5420,0,11.928814693474289,11.928814693474289,100.0
5420,1,22.37170492186938,22.37170492186938,100.0
5420,2,65.69948038465633,65.69948038465633,100.0
5430,0,13.16166223659185,13.16166223659185,100.0
5430,1,38.012397930916975,38.012397930916975,100.0
5430,2,48.82593983249119,48.82593983249119,100.0
5440,0,23.47917716077321,23.47917716077321,100.0
5440,1,44.576191236244846,44.576191236244846,100.0
5440,2,31.94463160298195,31.94463160298195,100.0
5450,0,27.576539081618627,27.576539081618627,100.0
5450,1,24.24585537738197,24.24585537738197,100.0
5450,2,48.1776055409994,48.1776055409994,100.0
5460,0,16.860976104875398,16.860976104875398,100.0
5460,1,19.050223500849285,19.050223500849285,100.0
5460,2,64.08880039427532,64.08880039427532,100.0
5470,0,33.87021866286425,33.87021866286425,100.0
5470,1,49.27582277973879,49.27582277973879,100.0
5470,2,16.85395855739697,16.85395855739697,100.0
5480,0,40.16100715913081,40.16100715913081,100.0
5480,1,8.005896472175532,8.005896472175532,100.0
5480,2,51.83309636869365,51.83309636869365,100.0
5490,0,33.71360824107863,33.71360824107863,100.0
5490,1,11.088393715439388,11.088393715439388,100.0
5490,2,55.19799804348199,55.19799804348199,100.0
5500,0,26.002031217373172,26.002031217373172,100.0
5500,1,24.530954034313073,24.530954034313073,100.0
5500,2,49.46701474831376,49.46701474831376,100.0
5510,0,18.140087738239615,18.140087738239615,100.0
5510,1,29.557330321239018,29.557330321239018,100.0
5510,2,52.30258194052138,52.30258194052138,100.0
5520,0,14.739073584378168,14.739073584378168,100.0
5520,1,37.886853274749924,37.886853274749924,100.0
5520,2,47.374073140871914,47.374073140871914,100.0
5530,0,15.223650059843063,15.223650059843063,100.0
5530,1,30.68731947357953,30.68731947357953,100.0
5530,2,54.08903046657741,54.08903046657741,100.0
5540,0,9.411786262942366,9.411786262942366,100.0
5540,1,32.52805350155302,32.52805350155302,100.0
5540,2,58.06016023550461,58.06016023550461,100.0
5550,0,18.744571611191002,18.744571611191002,100.0
5550,1,12.02428399259558,12.02428399259558,100.0
5550,2,69.23114439621342,69.23114439621342,100.0
5560,0,10.30265643628258,10.30265643628258,100.0
5560,1,35.94763847472771,35.94763847472771,100.0
5560,2,53.74970508898971,53.74970508898971,100.0
5570,0,52.4188656548294,52.4188656548294,100.0
5570,1,16.90233503710545,16.90233503710545,100.0
5570,2,30.67879930806515,30.67879930806515,100.0
5580,0,13.84748931327996,13.84748931327996,100.0
5580,1,45.10531224285784,45.10531224285784,100.0
5580,2,41.04719844386221,41.04719844386221,100.0
5590,0,36.985261843187914,36.985261843187914,100.0
5590,1,21.595984750007386,21.595984750007386,100.0
5590,2,41.418753406804704,41.418753406804704,100.0
5600,0,53.317168576770094,53.317168576770094,100.0
5600,1,22.874625221529143,22.874625221529143,100.0
5600,2,23.808206201700774,23.808206201700774,100.0
5610,0,19.537676768969202,19.537676768969202,100.0
5610,1,12.136020470666992,12.136020470666992,100.0
5610,2,68.32630276036382,68.32630276036382,100.0
5620,0,20.253837021567055,20.253837021567055,100.0
5620,1,28.39822249752665,28.39822249752665,100.0
5620,2,51.347940480906296,51.347940480906296,100.0
5630,0,26.932278779466174,26.932278779466174,100.0
5630,1,22.99246763623603,22.99246763623603,100.0
5630,2,50.075253584297805,50.075253584297805,100.0
5640,0,32.53099861135204,32.53099861135204,100.0
5640,1,17.35303739237997,17.35303739237997,100.0
5640,2,50.115963996267986,50.115963996267986,100.0
5650,0,8.981053349904645,8.981053349904645,100.0
5650,1,40.98153959822013,40.98153959822013,100.0
5650,2,50.03740705187523,50.03740705187523,100.0
5660,0,13.086854842214999,13.086854842214999,100.0
5660,1,64.0643701189136,64.0643701189136,100.0
5660,2,22.84877503887139,22.84877503887139,100.0
5670,0,26.06142554775324,26.06142554775324,100.0
5670,1,24.329722199241886,24.329722199241886,100.0
5670,2,49.608852253004876,49.608852253004876,100.0
5680,0,9.7551426311575,9.7551426311575,100.0
5680,1,37.15371670604367,37.15371670604367,100.0
5680,2,53.09114066279883,53.09114066279883,100.0
5690,0,14.3813463718141,14.3813463718141,100.0
5690,1,24.330482759270446,24.330482759270446,100.0
5690,2,61.28817086891546,61.28817086891546,100.0
5700,0,46.92233323667073,46.92233323667073,100.0
5700,1,42.81368047826541,42.81368047826541,100.0
5700,2,10.26398628506386,10.26398628506386,100.0
5710,0,22.35481438856855,22.35481438856855,100.0
5710,1,22.482531486337145,22.482531486337145,100.0
5710,2,55.16265412509431,55.16265412509431,100.0
5720,0,32.723800928424694,32.723800928424694,100.0
5720,1,9.795540428323452,9.795540428323452,100.0
5720,2,57.48065864325186,57.48065864325186,100.0
5730,0,11.659951583314687,11.659951583314687,100.0
5730,1,12.755575026106339,12.755575026106339,100.0
5730,2,75.58447339057898,75.58447339057898,100.0
5740,0,51.111009564674134,51.111009564674134,100.0
5740,1,25.036142045481203,25.036142045481203,100.0
5740,2,23.852848389844663,23.852848389844663,100.0
5750,0,15.139790260619822,15.139790260619822,100.0
5750,1,28.492224965459283,28.492224965459283,100.0
5750,2,56.367984773920895,56.367984773920895,100.0
5760,0,18.640052330304087,18.640052330304087,100.0
5760,1,11.388639930334083,11.388639930334083,100.0
5760,2,69.97130773936185,69.97130773936185,100.0
5770,0,21.110153610115937,21.110153610115937,100.0
5770,1,56.31859079645045,56.31859079645045,100.0
5770,2,22.57125559343362,22.57125559343362,100.0
5780,0,13.79959800643647,13.79959800643647,100.0
5780,1,19.85904026707327,19.85904026707327,100.0
5780,2,66.34136172649026,66.34136172649026,100.0
5790,0,58.00697601500616,58.00697601500616,100.0
5790,1,16.084585160356465,16.084585160356465,100.0
5790,2,25.908438824637376,25.908438824637376,100.0
5800,0,17.245101394233934,17.245101394233934,100.0
5800,1,40.70512125542189,40.70512125542189,100.0
5800,2,42.04977735034417,42.04977735034417,100.0
5810,0,15.419170261992827,15.419170261992827,100.0
5810,1,25.43708829740986,25.43708829740986,100.0
5810,2,59.14374144059732,59.14374144059732,100.0
5820,0,10.774754462587332,10.774754462587332,100.0
5820,1,30.4444692085064,30.4444692085064,100.0
5820,2,58.780776328906256,58.780776328906256,100.0
5830,0,21.951721442017703,21.951721442017703,100.0
5830,1,37.06675313901347,37.06675313901347,100.0
5830,2,40.98152541896882,40.98152541896882,100.0
5840,0,44.5138495883447,44.5138495883447,100.0
5840,1,8.925931666542644,8.925931666542644,100.0
5840,2,46.56021874511265,46.56021874511265,100.0
5850,0,33.88017702560423,33.88017702560423,100.0
5850,1,9.813117513682606,9.813117513682606,100.0
5850,2,56.30670546071317,56.30670546071317,100.0
5860,0,20.00039963143287,20.00039963143287,100.0
5860,1,25.06000761066303,25.06000761066303,100.0
5860,2,54.93959275790411,54.93959275790411,100.0
5870,0,27.512758554886744,27.512758554886744,100.0
5870,1,17.82202167035169,17.82202167035169,100.0
5870,2,54.665219774761574,54.665219774761574,100.0
5880,0,46.35832825446494,46.35832825446494,100.0
5880,1,38.79805124899085,38.79805124899085,100.0
5880,2,14.843620496544204,14.843620496544204,100.0
5890,0,29.57073364294553,29.57073364294553,100.0
5890,1,15.948620055274212,15.948620055274212,100.0
5890,2,54.480646301780254,54.480646301780254,100.0
5900,0,20.583621672364007,20.583621672364007,100.0
5900,1,26.099063841286746,26.099063841286746,100.0
5900,2,53.31731448634925,53.31731448634925,100.0
5910,0,13.391651301033248,13.391651301033248,100.0
5910,1,26.827913555759213,26.827913555759213,100.0
5910,2,59.780435143207534,59.780435143207534,100.0
5920,0,12.316704254349213,12.316704254349213,100.0
5920,1,21.36805900189377,21.36805900189377,100.0
5920,2,66.31523674375703,66.31523674375703,100.0
5930,0,50.275407743524184,50.275407743524184,100.0
5930,1,23.481382194960986,23.481382194960986,100.0
5930,2,26.243210061514826,26.243210061514826,100.0
5940,0,41.36610284468983,41.36610284468983,100.0
5940,1,29.967375440961096,29.967375440961096,100.0
5940,2,28.666521714349063,28.666521714349063,100.0
5950,0,37.72164389214623,37.72164389214623,100.0
5950,1,35.25567104549424,35.25567104549424,100.0
5950,2,27.022685062359525,27.022685062359525,100.0
5960,0,44.233772227315384,44.233772227315384,100.0
5960,1,14.394253586612496,14.394253586612496,100.0
5960,2,41.37197418607212,41.37197418607212,100.0
5970,0,14.732729110782984,14.732729110782984,100.0
5970,1,13.510783882343391,13.510783882343391,100.0
5970,2,71.75648700687363,71.75648700687363,100.0
5980,0,28.04612315507989,28.04612315507989,100.0
5980,1,34.61399103763832,34.61399103763832,100.0
5980,2,37.339885807281796,37.339885807281796,100.0
5990,0,29.790270967743037,29.790270967743037,100.0
5990,1,20.9956788935544,20.9956788935544,100.0
5990,2,49.21405013870256,49.21405013870256,100.0
6000,0,12.85876366286204,12.85876366286204,100.0
6000,1,41.97510169473899,41.97510169473899,100.0
6000,2,45.16613464239897,45.16613464239897,100.0
6010,0,47.10486418871254,47.10486418871254,100.0
6010,1,30.65638254637093,30.65638254637093,100.0
6010,2,22.238753264916543,22.238753264916543,100.0
6020,0,16.76592154312728,16.76592154312728,100.0
6020,1,31.040425633166713,31.040425633166713,100.0
6020,2,52.193652823706,52.193652823706,100.0
6030,0,64.90588615050962,64.90588615050962,100.0
6030,1,17.53187327715281,17.53187327715281,100.0
6030,2,17.56224057233757,17.56224057233757,100.0
6040,0,52.15440187310774,52.15440187310774,100.0
6040,1,20.20265520141481,20.20265520141481,100.0
6040,2,27.64294292547745,27.64294292547745,100.0
6050,0,40.4237286319677,40.4237286319677,100.0
6050,1,38.45095792271699,38.45095792271699,100.0
6050,2,21.12531344531532,21.12531344531532,100.0
6060,0,38.93825013683572,38.93825013683572,100.0
6060,1,13.270734469124113,13.270734469124113,100.0
6060,2,47.791015394040166,47.791015394040166,100.0
6070,0,11.557267522454726,11.557267522454726,100.0
6070,1,30.75028165416664,30.75028165416664,100.0
6070,2,57.692450823378636,57.692450823378636,100.0
6080,0,39.47060605854722,39.47060605854722,100.0
6080,1,13.226931783274127,13.226931783274127,100.0
6080,2,47.30246215817864,47.30246215817864,100.0
6090,0,36.81982578727011,36.81982578727011,100.0
6090,1,27.179583993762236,27.179583993762236,100.0
6090,2,36.00059021896766,36.00059021896766,100.0
6100,0,19.701254060702865,19.701254060702865,100.0
6100,1,22.52657729445096,22.52657729445096,100.0
6100,2,57.772168644846175,57.772168644846175,100.0
6110,0,10.721603126175282,10.721603126175282,100.0
6110,1,47.11477129594872,47.11477129594872,100.0
6110,2,42.163625577876005,42.163625577876005,100.0
6120,0,14.200581042365815,14.200581042365815,100.0
6120,1,45.961402771647684,45.961402771647684,100.0
6120,2,39.83801618598648,39.83801618598648,100.0
6130,0,36.75006342608571,36.75006342608571,100.0
6130,1,13.132114554327515,13.132114554327515,100.0
6130,2,50.117822019586775,50.117822019586775,100.0
6140,0,37.728577533460054,37.728577533460054,100.0
6140,1,20.12604684260249,20.12604684260249,100.0
6140,2,42.14537562393747,42.14537562393747,100.0
6150,0,20.950598853263326,20.950598853263326,100.0
6150,1,12.59379643511365,12.59379643511365,100.0
6150,2,66.45560471162302,66.45560471162302,100.0
6160,0,18.74791298061001,18.74791298061001,100.0
6160,1,50.609299214860634,50.609299214860634,100.0
6160,2,30.642787804529366,30.642787804529366,100.0
6170,0,56.52104908658009,56.52104908658009,100.0
6170,1,31.353444680511526,31.353444680511526,100.0
6170,2,12.125506232908387,12.125506232908387,100.0
6180,0,14.21892264248944,14.21892264248944,100.0
6180,1,19.43765355325897,19.43765355325897,100.0
6180,2,66.3434238042516,66.3434238042516,100.0
6190,0,22.53383515959888,22.53383515959888,100.0
6190,1,36.88525406647326,36.88525406647326,100.0
6190,2,40.58091077392786,40.58091077392786,100.0
6200,0,62.23233496372136,62.23233496372136,100.0
6200,1,20.05721871165771,20.05721871165771,100.0
6200,2,17.710446324620936,17.710446324620936,100.0
6210,0,22.532187653643952,22.532187653643952,100.0
6210,1,16.112962601497795,16.112962601497795,100.0
6210,2,61.35484974485826,61.35484974485826,100.0
6220,0,32.075971281636164,32.075971281636164,100.0
6220,1,33.34304475196552,33.34304475196552,100.0
6220,2,34.5809839663983,34.5809839663983,100.0
6230,0,18.90811625330719,18.90811625330719,100.0
6230,1,24.19154905779584,24.19154905779584,100.0
6230,2,56.90033468889697,56.90033468889697,100.0
6240,0,27.247081559989113,27.247081559989113,100.0
6240,1,30.7978294061585,30.7978294061585,100.0
6240,2,41.955089033852396,41.955089033852396,100.0
6250,0,37.27741473422281,37.27741473422281,100.0
6250,1,20.725854602467898,20.725854602467898,100.0
6250,2,41.99673066330929,41.99673066330929,100.0
6260,0,14.577994326095467,14.577994326095467,100.0
6260,1,36.19160299695904,36.19160299695904,100.0
6260,2,49.2304026769455,49.2304026769455,100.0
6270,0,42.065197622245165,42.065197622245165,100.0
6270,1,31.00837083597712,31.00837083597712,100.0
6270,2,26.926431541777713,26.926431541777713,100.0
6280,0,30.416188268583433,30.416188268583433,100.0
6280,1,37.236165179239315,37.236165179239315,100.0
6280,2,32.34764655217725,32.34764655217725,100.0
6290,0,18.035123017465605,18.035123017465605,100.0
6290,1,31.98081132284599,31.98081132284599,100.0
6290,2,49.984065659688405,49.984065659688405,100.0
6300,0,18.622161944371268,18.622161944371268,100.0
6300,1,17.03602186363771,17.03602186363771,100.0
6300,2,64.34181619199101,64.34181619199101,100.0
6310,0,43.199395505082144,43.199395505082144,100.0
6310,1,28.45257046302122,28.45257046302122,100.0
6310,2,28.348034031896635,28.348034031896635,100.0
6320,0,39.18677193831206,39.18677193831206,100.0
6320,1,31.776779239390297,31.776779239390297,100.0
6320,2,29.036448822297633,29.036448822297633,100.0
6330,0,29.71898238214472,29.71898238214472,100.0
6330,1,16.383463226576026,16.383463226576026,100.0
6330,2,53.89755439127926,53.89755439127926,100.0
6340,0,20.708858854747795,20.708858854747795,100.0
6340,1,47.29481946248338,47.29481946248338,100.0
6340,2,31.99632168276882,31.99632168276882,100.0
6350,0,48.72883164055881,48.72883164055881,100.0
6350,1,10.808039009104558,10.808039009104558,100.0
6350,2,40.46312935033664,40.46312935033664,100.0
6360,0,36.2050267673006,36.2050267673006,100.0
6360,1,27.894507411971357,27.894507411971357,100.0
6360,2,35.90046582072803,35.90046582072803,100.0
6370,0,23.787542658286846,23.787542658286846,100.0
6370,1,27.95172950960397,27.95172950960397,100.0
6370,2,48.26072783210918,48.26072783210918,100.0
6380,0,11.98931323925869,11.98931323925869,100.0
6380,1,26.245216949225558,26.245216949225558,100.0
6380,2,61.76546981151575,61.76546981151575,100.0
6390,0,22.553105998849087,22.553105998849087,100.0
6390,1,33.06609910830666,33.06609910830666,100.0
6390,2,44.38079489284426,44.38079489284426,100.0
6400,0,19.511839940918087,19.511839940918087,100.0
6400,1,28.16950841274425,28.16950841274425,100.0
6400,2,52.31865164633766,52.31865164633766,100.0
6410,0,14.639256254169094,14.639256254169094,100.0
6410,1,27.847222223578385,27.847222223578385,100.0
6410,2,57.51352152225253,57.51352152225253,100.0
6420,0,25.847805212630128,25.847805212630128,100.0
6420,1,17.932537350066596,17.932537350066596,100.0
6420,2,56.21965743730328,56.21965743730328,100.0
6430,0,29.451382415390437,29.451382415390437,100.0
6430,1,11.458929791476997,11.458929791476997,100.0
6430,2,59.08968779313256,59.08968779313256,100.0
6440,0,46.81161604590301,46.81161604590301,100.0
6440,1,26.738891794952064,26.738891794952064,100.0
6440,2,26.44949215914492,26.44949215914492,100.0
6450,0,15.621541957190654,15.621541957190654,100.0
6450,1,16.08263228383866,16.08263228383866,100.0
6450,2,68.2958257589707,68.2958257589707,100.0
6460,0,35.329120479540215,35.329120479540215,100.0
6460,1,20.731283857788316,20.731283857788316,100.0
6460,2,43.93959566267147,43.93959566267147,100.0
6470,0,37.387172615238526,37.387172615238526,100.0
6470,1,24.0508066912527,24.0508066912527,100.0
6470,2,38.56202069350878,38.56202069350878,100.0
6480,0,30.38616328685302,30.38616328685302,100.0
6480,1,37.36061159951908,37.36061159951908,100.0
6480,2,32.2532251136279,32.2532251136279,100.0
6490,0,13.689143909892199,13.689143909892199,100.0
6490,1,54.06019971171233,54.06019971171233,100.0
6490,2,32.250656378395476,32.250656378395476,100.0
6500,0,34.33540630523014,34.33540630523014,100.0
6500,1,15.732905611323547,15.732905611323547,100.0
6500,2,49.93168808344631,49.93168808344631,100.0
6510,0,46.093664749375115,46.093664749375115,100.0
6510,1,8.730512524212484,8.730512524212484,100.0
6510,2,45.1758227264124,45.1758227264124,100.0
6520,0,35.20155405324557,35.20155405324557,100.0
6520,1,42.85759702588825,42.85759702588825,100.0
6520,2,21.940848920866184,21.940848920866184,100.0
6530,0,29.300895795808756,29.300895795808756,100.0
6530,1,29.896164245237028,29.896164245237028,100.0
6530,2,40.80293995895423,40.80293995895423,100.0
6540,0,40.85513042572059,40.85513042572059,100.0
6540,1,41.18473130155925,41.18473130155925,100.0
6540,2,17.960138272720165,17.960138272720165,100.0
6550,0,35.506683032123,35.506683032123,100.0
6550,1,31.216111923160916,31.216111923160916,100.0
6550,2,33.2772050447161,33.2772050447161,100.0
6560,0,9.333413879733623,9.333413879733623,100.0
6560,1,53.524592385600926,53.524592385600926,100.0
6560,2,37.14199373466546,37.14199373466546,100.0
6570,0,42.88988971171405,42.88988971171405,100.0
6570,1,22.39387096233584,22.39387096233584,100.0
6570,2,34.71623932595012,34.71623932595012,100.0
6580,0,57.61027716812514,57.61027716812514,100.0
6580,1,24.807239915735813,24.807239915735813,100.0
6580,2,17.58248291613905,17.58248291613905,100.0
6590,0,21.71515515481882,21.71515515481882,100.0
6590,1,24.460101278237644,24.460101278237644,100.0
6590,2,53.82474356694353,53.82474356694353,100.0
6600,0,18.71326425045778,18.71326425045778,100.0
6600,1,29.342166655796802,29.342166655796802,100.0
6600,2,51.94456909374542,51.94456909374542,100.0
6610,0,22.590992234786857,22.590992234786857,100.0
6610,1,16.52076232279763,16.52076232279763,100.0
6610,2,60.888245442415524,60.888245442415524,100.0
6620,0,33.507040451218344,33.507040451218344,100.0
6620,1,31.97555533094885,31.97555533094885,100.0
6620,2,34.517404217832805,34.517404217832805,100.0
6630,0,22.9866390446564,22.9866390446564,100.0
6630,1,17.57927944785204,17.57927944785204,100.0
6630,2,59.434081507491555,59.434081507491555,100.0
6640,0,40.238075120476786,40.238075120476786,100.0
6640,1,14.504815497847613,14.504815497847613,100.0
6640,2,45.25710938167561,45.25710938167561,100.0
6650,0,41.60204960362853,41.60204960362853,100.0
6650,1,30.74266662881514,30.74266662881514,100.0
6650,2,27.655283767556337,27.655283767556337,100.0
6660,0,66.80757159956164,66.80757159956164,100.0
6660,1,15.144599770289249,15.144599770289249,100.0
6660,2,18.0478286301491,18.0478286301491,100.0
6670,0,44.920817129437204,44.920817129437204,100.0
6670,1,25.024988795558915,25.024988795558915,100.0
6670,2,30.05419407500388,30.05419407500388,100.0
6680,0,25.064546512178037,25.064546512178037,100.0
6680,1,20.813936398297564,20.813936398297564,100.0
6680,2,54.121517089524396,54.121517089524396,100.0
6690,0,16.070112669760285,16.070112669760285,100.0
6690,1,30.22631873815168,30.22631873815168,100.0
6690,2,53.70356859208805,53.70356859208805,100.0
6700,0,16.192277728307022,16.192277728307022,100.0
6700,1,13.725355983599036,13.725355983599036,100.0
6700,2,70.08236628809395,70.08236628809395,100.0
6710,0,40.325535902877114,40.325535902877114,100.0
6710,1,20.898783064845606,20.898783064845606,100.0
6710,2,38.775681032277284,38.775681032277284,100.0
6720,0,35.92046844286209,35.92046844286209,100.0
6720,1,10.571303191854444,10.571303191854444,100.0
6720,2,53.50822836528347,53.50822836528347,100.0
6730,0,62.65486119797967,62.65486119797967,100.0
6730,1,16.703589913535225,16.703589913535225,100.0
6730,2,20.641548888485094,20.641548888485094,100.0
6740,0,30.459246810301238,30.459246810301238,100.0
6740,1,24.091674481944164,24.091674481944164,100.0
6740,2,45.4490787077546,45.4490787077546,100.0
6750,0,41.318832493320606,41.318832493320606,100.0
6750,1,25.993423496496664,25.993423496496664,100.0
6750,2,32.68774401018274,32.68774401018274,100.0
6760,0,19.695924667037627,19.695924667037627,100.0
6760,1,24.135754718517862,24.135754718517862,100.0
6760,2,56.16832061444451,56.16832061444451,100.0
6770,0,37.097894380795246,37.097894380795246,100.0
6770,1,36.12983026628871,36.12983026628871,100.0
6770,2,26.772275352916047,26.772275352916047,100.0
6780,0,16.51421805209846,16.51421805209846,100.0
6780,1,53.225956662872505,53.225956662872505,100.0
6780,2,30.25982528502903,30.25982528502903,100.0
6790,0,18.80860661891792,18.80860661891792,100.0
6790,1,32.35299729756163,32.35299729756163,100.0
6790,2,48.83839608352046,48.83839608352046,100.0
6800,0,20.116734382007365,20.116734382007365,100.0
6800,1,36.76166907910986,36.76166907910986,100.0
6800,2,43.12159653888278,43.12159653888278,100.0
6810,0,16.084034086773606,16.084034086773606,100.0
6810,1,14.806068800467004,14.806068800467004,100.0
6810,2,69.10989711275938,69.10989711275938,100.0
6820,0,15.56262324395155,15.56262324395155,100.0
6820,1,27.68871383944606,27.68871383944606,100.0
6820,2,56.748662916602385,56.748662916602385,100.0
6830,0,41.508157934430336,41.508157934430336,100.0
6830,1,9.700102511720315,9.700102511720315,100.0
6830,2,48.79173955384935,48.79173955384935,100.0
6840,0,37.09642263087453,37.09642263087453,100.0
6840,1,18.518488382677695,18.518488382677695,100.0
6840,2,44.38508898644777,44.38508898644777,100.0
6850,0,46.62677426824972,46.62677426824972,100.0
6850,1,20.405354273898837,20.405354273898837,100.0
6850,2,32.96787145785146,32.96787145785146,100.0
6860,0,35.58429083613744,35.58429083613744,100.0
6860,1,13.026787247929208,13.026787247929208,100.0
6860,2,51.38892191593335,51.38892191593335,100.0
6870,0,16.39894506430712,16.39894506430712,100.0
6870,1,13.615003375156467,13.615003375156467,100.0
6870,2,69.98605156053641,69.98605156053641,100.0
6880,0,49.198579973603714,49.198579973603714,100.0
6880,1,12.497077162395737,12.497077162395737,100.0
6880,2,38.30434286400056,38.30434286400056,100.0
6890,0,16.229487254694384,16.229487254694384,100.0
6890,1,15.524373994865032,15.524373994865032,100.0
6890,2,68.2461387504406,68.2461387504406,100.0
6900,0,22.700561469988276,22.700561469988276,100.0
6900,1,40.411128095946616,40.411128095946616,100.0
6900,2,36.88831043406511,36.88831043406511,100.0
6910,0,48.323997177990194,48.323997177990194,100.0
6910,1,7.960089608411759,7.960089608411759,100.0
6910,2,43.715913213598064,43.715913213598064,100.0
6920,0,19.52415596528415,19.52415596528415,100.0
6920,1,58.84119664446123,58.84119664446123,100.0
6920,2,21.634647390254624,21.634647390254624,100.0
6930,0,35.125176459056064,35.125176459056064,100.0
6930,1,11.239439509254264,11.239439509254264,100.0
6930,2,53.63538403168967,53.63538403168967,100.0
6940,0,20.66614302091517,20.66614302091517,100.0
6940,1,29.373660572900917,29.373660572900917,100.0
6940,2,49.96019640618392,49.96019640618392,100.0
6950,0,11.909149047469477,11.909149047469477,100.0
6950,1,24.966162746037234,24.966162746037234,100.0
6950,2,63.12468820649328,63.12468820649328,100.0
6960,0,31.713100597951684,31.713100597951684,100.0
6960,1,43.82355500915893,43.82355500915893,100.0
6960,2,24.463344392889393,24.463344392889393,100.0
6970,0,27.56958285001232,27.56958285001232,100.0
6970,1,44.71088047414741,44.71088047414741,100.0
6970,2,27.719536675840274,27.719536675840274,100.0
6980,0,33.625925516989916,33.625925516989916,100.0
6980,1,30.14879141249502,30.14879141249502,100.0
6980,2,36.225283070515076,36.225283070515076,100.0
6990,0,22.560042785974808,22.560042785974808,100.0
6990,1,12.88681331599581,12.88681331599581,100.0
6990,2,64.55314389802939,64.55314389802939,100.0
7000,0,17.4164174436609,17.4164174436609,100.0
7000,1,36.80137504637072,36.80137504637072,100.0
7000,2,45.78220750996838,45.78220750996838,100.0
7010,0,13.565741730645728,13.565741730645728,100.0
7010,1,13.331686750749014,13.331686750749014,100.0
7010,2,73.10257151860526,73.10257151860526,100.0
7020,0,32.18850583789411,32.18850583789411,100.0
7020,1,42.42045728489668,42.42045728489668,100.0
7020,2,25.391036877209217,25.391036877209217,100.0
7030,0,37.13669285285906,37.13669285285906,100.0
7030,1,24.13660779496862,24.13660779496862,100.0
7030,2,38.72669935217232,38.72669935217232,100.0
7040,0,45.79176705316523,45.79176705316523,100.0
7040,1,8.12049791928147,8.12049791928147,100.0
7040,2,46.08773502755331,46.08773502755331,100.0
7050,0,15.457863504163951,15.457863504163951,100.0
7050,1,14.680308105658382,14.680308105658382,100.0
7050,2,69.86182839017768,69.86182839017768,100.0
7060,0,44.14671855760491,44.14671855760491,100.0
7060,1,27.670879977405633,27.670879977405633,100.0
7060,2,28.182401464989464,28.182401464989464,100.0
7070,0,37.937547659261675,37.937547659261675,100.0
7070,1,32.63902858645519,32.63902858645519,100.0
7070,2,29.423423754283146,29.423423754283146,100.0
7080,0,18.753906629314464,18.753906629314464,100.0
7080,1,40.38380071691663,40.38380071691663,100.0
7080,2,40.86229265376891,40.86229265376891,100.0
7090,0,36.37016835725537,36.37016835725537,100.0
7090,1,28.854249904779273,28.854249904779273,100.0
7090,2,34.77558173796536,34.77558173796536,100.0
7100,0,53.29171622902245,53.29171622902245,100.0
7100,1,15.579298856125071,15.579298856125071,100.0
7100,2,31.128984914852488,31.128984914852488,100.0
7110,0,42.48384848657955,42.48384848657955,100.0
7110,1,10.934603301853059,10.934603301853059,100.0
7110,2,46.58154821156739,46.58154821156739,100.0
7120,0,26.187900098262695,26.187900098262695,100.0
7120,1,29.05646317092474,29.05646317092474,100.0
7120,2,44.75563673081256,44.75563673081256,100.0
7130,0,16.40693696710912,16.40693696710912,100.0
7130,1,17.869525321164573,17.869525321164573,100.0
7130,2,65.72353771172631,65.72353771172631,100.0
7140,0,30.803392445535476,30.803392445535476,100.0
7140,1,20.49681157053112,20.49681157053112,100.0
7140,2,48.6997959839334,48.6997959839334,100.0
7150,0,18.711566423326072,18.711566423326072,100.0
7150,1,40.462901197995585,40.462901197995585,100.0
7150,2,40.82553237867834,40.82553237867834,100.0
7160,0,12.005067742220458,12.005067742220458,100.0
7160,1,65.08726297707807,65.08726297707807,100.0
7160,2,22.907669280701484,22.907669280701484,100.0
7170,0,44.0647539943395,44.0647539943395,100.0
7170,1,7.015734621601205,7.015734621601205,100.0
7170,2,48.91951138405929,48.91951138405929,100.0
7180,0,44.845453296897944,44.845453296897944,100.0
7180,1,23.164848288834325,23.164848288834325,100.0
7180,2,31.989698414267725,31.989698414267725,100.0
7190,0,38.95371546730437,38.95371546730437,100.0
7190,1,18.461402226184877,18.461402226184877,100.0
7190,2,42.58488230651075,42.58488230651075,100.0
7200,0,9.265432635502668,9.265432635502668,100.0
7200,1,41.176553891719706,41.176553891719706,100.0
7200,2,49.55801347277763,49.55801347277763,100.0
7210,0,30.650704725498972,30.650704725498972,100.0
7210,1,38.765740394163345,38.765740394163345,100.0
7210,2,30.583554880337687,30.583554880337687,100.0
7220,0,47.226184548641456,47.226184548641456,100.0
7220,1,24.965596197246732,24.965596197246732,100.0
7220,2,27.808219254111812,27.808219254111812,100.0
7230,0,50.124653949410735,50.124653949410735,100.0
7230,1,7.727364855890127,7.727364855890127,100.0
7230,2,42.14798119469913,42.14798119469913,100.0
7240,0,42.75715392675393,42.75715392675393,100.0
7240,1,16.556724228113634,16.556724228113634,100.0
7240,2,40.68612184513244,40.68612184513244,100.0
7250,0,51.35633526931505,51.35633526931505,100.0
7250,1,35.9052768146241,35.9052768146241,100.0
7250,2,12.73838791606085,12.73838791606085,100.0
7260,0,34.019104813267795,34.019104813267795,100.0
7260,1,24.617367437074268,24.617367437074268,100.0
7260,2,41.36352774965794,41.36352774965794,100.0
7270,0,37.66220362680495,37.66220362680495,100.0
7270,1,34.06535671918227,34.06535671918227,100.0
7270,2,28.27243965401279,28.27243965401279,100.0
7280,0,36.186907531848085,36.186907531848085,100.0
7280,1,21.012388698159754,21.012388698159754,100.0
7280,2,42.80070376999216,42.80070376999216,100.0
7290,0,14.591552084331022,14.591552084331022,100.0
7290,1,20.279717506822998,20.279717506822998,100.0
7290,2,65.128730408846,65.128730408846,100.0
7300,0,9.007503001015458,9.007503001015458,100.0
7300,1,46.8828373592747,46.8828373592747,100.0
7300,2,44.10965963970984,44.10965963970984,100.0
7310,0,59.060469684933715,59.060469684933715,100.0
7310,1,16.443948873955797,16.443948873955797,100.0
7310,2,24.4955814411105,24.4955814411105,100.0
7320,0,30.438216386116316,30.438216386116316,100.0
7320,1,33.090844632478934,33.090844632478934,100.0
7320,2,36.47093898140476,36.47093898140476,100.0
7330,0,13.193132064789195,13.193132064789195,100.0
7330,1,14.693987663176413,14.693987663176413,100.0
7330,2,72.11288027203439,72.11288027203439,100.0
7340,0,10.45056434014185,10.45056434014185,100.0
7340,1,20.50811565112296,20.50811565112296,100.0
7340,2,69.04132000873518,69.04132000873518,100.0
7350,0,11.716085353965438,11.716085353965438,100.0
7350,1,14.22909846182733,14.22909846182733,100.0
7350,2,74.05481618420723,74.05481618420723,100.0
7360,0,26.202001735497266,26.202001735497266,100.0
7360,1,49.81954748951539,49.81954748951539,100.0
7360,2,23.978450774987355,23.978450774987355,100.0
7370,0,23.325705646471732,23.325705646471732,100.0
7370,1,21.840891232512664,21.840891232512664,100.0
7370,2,54.8334031210156,54.8334031210156,100.0
7380,0,16.38621516931501,16.38621516931501,100.0
7380,1,43.4895539923217,43.4895539923217,100.0
7380,2,40.12423083836328,40.12423083836328,100.0
7390,0,15.526290457912816,15.526290457912816,100.0
7390,1,28.830788642669663,28.830788642669663,100.0
7390,2,55.64292089941751,55.64292089941751,100.0
7400,0,44.51988283596549,44.51988283596549,100.0
7400,1,22.836766106237498,22.836766106237498,100.0
7400,2,32.643351057797005,32.643351057797005,100.0
7410,0,11.622219220886924,11.622219220886924,100.0
7410,1,15.12694124152667,15.12694124152667,100.0
7410,2,73.2508395375864,73.2508395375864,100.0
7420,0,43.993789538281575,43.993789538281575,100.0
7420,1,30.512803458900017,30.512803458900017,100.0
7420,2,25.49340700281842,25.49340700281842,100.0
7430,0,14.102163516330208,14.102163516330208,100.0
7430,1,48.83682372652188,48.83682372652188,100.0
7430,2,37.06101275714792,37.06101275714792,100.0
7440,0,48.97264037770947,48.97264037770947,100.0
7440,1,22.225175831848155,22.225175831848155,100.0
7440,2,28.80218379044238,28.80218379044238,100.0
7450,0,19.288065322591734,19.288065322591734,100.0
7450,1,54.12103763504687,54.12103763504687,100.0
7450,2,26.590897042361405,26.590897042361405,100.0
7460,0,46.72614583102348,46.72614583102348,100.0
7460,1,17.8688586352488,17.8688586352488,100.0
7460,2,35.404995533727735,35.404995533727735,100.0
7470,0,24.90867860996002,24.90867860996002,100.0
7470,1,12.034754392545306,12.034754392545306,100.0
7470,2,63.05656699749468,63.05656699749468,100.0
7480,0,13.729209692170283,13.729209692170283,100.0
7480,1,30.42617375440636,30.42617375440636,100.0
7480,2,55.844616553423364,55.844616553423364,100.0
7490,0,20.936217227779153,20.936217227779153,100.0
7490,1,38.50082766821383,38.50082766821383,100.0
7490,2,40.562955104007024,40.562955104007024,100.0
7500,0,19.86163090260018,19.86163090260018,100.0
7500,1,40.356826410962775,40.356826410962775,100.0
7500,2,39.78154268643705,39.78154268643705,100.0
7510,0,34.526972923258704,34.526972923258704,100.0
7510,1,32.50167800910513,32.50167800910513,100.0
7510,2,32.97134906763617,32.97134906763617,100.0
7520,0,18.1995597019398,18.1995597019398,100.0
7520,1,67.87094465036273,67.87094465036273,100.0
7520,2,13.929495647697468,13.929495647697468,100.0
7530,0,22.27077407917925,22.27077407917925,100.0
7530,1,16.761287864453628,16.761287864453628,100.0
7530,2,60.967938056367124,60.967938056367124,100.0
7540,0,12.970969869703133,12.970969869703133,100.0
7540,1,30.940658280326804,30.940658280326804,100.0
7540,2,56.088371849970066,56.088371849970066,100.0
7550,0,53.18289690801075,53.18289690801075,100.0
7550,1,37.87247403263084,37.87247403263084,100.0
7550,2,8.944629059358405,8.944629059358405,100.0
7560,0,14.155933701040047,14.155933701040047,100.0
7560,1,11.262353403631657,11.262353403631657,100.0
7560,2,74.5817128953283,74.5817128953283,100.0
7570,0,24.942281367559623,24.942281367559623,100.0
7570,1,42.86688611839806,42.86688611839806,100.0
7570,2,32.19083251404232,32.19083251404232,100.0
7580,0,14.069042126198546,14.069042126198546,100.0
7580,1,56.751929455533286,56.751929455533286,100.0
7580,2,29.179028418268178,29.179028418268178,100.0
7590,0,29.610094194310683,29.610094194310683,100.0
7590,1,10.589499537438238,10.589499537438238,100.0
7590,2,59.80040626825108,59.80040626825108,100.0
7600,0,30.710250986683622,30.710250986683622,100.0
7600,1,31.03720306042624,31.03720306042624,100.0
7600,2,38.25254595289014,38.25254595289014,100.0
7610,0,22.007226581539,22.007226581539,100.0
7610,1,53.441641733139434,53.441641733139434,100.0
7610,2,24.55113168532157,24.55113168532157,100.0
7620,0,21.849333728980525,21.849333728980525,100.0
7620,1,31.240435203652865,31.240435203652865,100.0
7620,2,46.91023106736661,46.91023106736661,100.0
7630,0,22.018554922227,22.018554922227,100.0
7630,1,42.507942414302896,42.507942414302896,100.0
7630,2,35.473502663470114,35.473502663470114,100.0
7640,0,26.502247817478175,26.502247817478175,100.0
7640,1,30.94166996179506,30.94166996179506,100.0
7640,2,42.55608222072676,42.55608222072676,100.0
7650,0,42.52364241320112,42.52364241320112,100.0
7650,1,18.3887035437191,18.3887035437191,100.0
7650,2,39.08765404307978,39.08765404307978,100.0
7660,0,39.07710301064487,39.07710301064487,100.0
7660,1,30.79158497702783,30.79158497702783,100.0
7660,2,30.1313120123273,30.1313120123273,100.0
7670,0,24.74784662674505,24.74784662674505,100.0
7670,1,19.45995432282319,19.45995432282319,100.0
7670,2,55.792199050431755,55.792199050431755,100.0
7680,0,26.372129753848867,26.372129753848867,100.0
7680,1,30.27253773065969,30.27253773065969,100.0
7680,2,43.35533251549144,43.35533251549144,100.0
7690,0,37.976629652321996,37.976629652321996,100.0
7690,1,44.73859524758304,44.73859524758304,100.0
7690,2,17.284775100094958,17.284775100094958,100.0
7700,0,10.42156601206407,10.42156601206407,100.0
7700,1,38.32881056835999,38.32881056835999,100.0
7700,2,51.249623419575954,51.249623419575954,100.0
7710,0,17.321561772696974,17.321561772696974,100.0
7710,1,39.00170940750557,39.00170940750557,100.0
7710,2,43.67672881979746,43.67672881979746,100.0
7720,0,14.515694998907952,14.515694998907952,100.0
7720,1,52.64298956963969,52.64298956963969,100.0
7720,2,32.841315431452365,32.841315431452365,100.0
7730,0,53.81878636984748,53.81878636984748,100.0
7730,1,12.194400499775247,12.194400499775247,100.0
7730,2,33.98681313037727,33.98681313037727,100.0
7740,0,16.36621570990676,16.36621570990676,100.0
7740,1,35.2354032167451,35.2354032167451,100.0
7740,2,48.39838107334814,48.39838107334814,100.0
7750,0,7.970890639002351,7.970890639002351,100.0
7750,1,46.61235560490578,46.61235560490578,100.0
7750,2,45.41675375609187,45.41675375609187,100.0
7760,0,36.14091585947725,36.14091585947725,100.0
7760,1,28.795197167783616,28.795197167783616,100.0
7760,2,35.06388697273914,35.06388697273914,100.0
7770,0,34.768249209298034,34.768249209298034,100.0
7770,1,10.668456402469134,10.668456402469134,100.0
7770,2,54.56329438823283,54.56329438823283,100.0
7780,0,51.42534406763105,51.42534406763105,100.0
7780,1,24.9187273205688,24.9187273205688,100.0
7780,2,23.65592861180015,23.65592861180015,100.0
7790,0,10.441905392845475,10.441905392845475,100.0
7790,1,68.93184944500791,68.93184944500791,100.0
7790,2,20.626245162146624,20.626245162146624,100.0
7800,0,19.42076074619413,19.42076074619413,100.0
7800,1,23.9193498999454,23.9193498999454,100.0
7800,2,56.65988935386047,56.65988935386047,100.0
7810,0,45.29168121273667,45.29168121273667,100.0
7810,1,24.442557716722693,24.442557716722693,100.0
7810,2,30.26576107054064,30.26576107054064,100.0
7820,0,15.026423202877599,15.026423202877599,100.0
7820,1,58.23012945364928,58.23012945364928,100.0
7820,2,26.74344734347312,26.74344734347312,100.0
7830,0,12.133049962636857,12.133049962636857,100.0
7830,1,27.39306917901071,27.39306917901071,100.0
7830,2,60.47388085835244,60.47388085835244,100.0
7840,0,20.349422280964003,20.349422280964003,100.0
7840,1,15.048704510081274,15.048704510081274,100.0
7840,2,64.60187320895471,64.60187320895471,100.0
7850,0,14.691027578694024,14.691027578694024,100.0
7850,1,53.097937238346105,53.097937238346105,100.0
7850,2,32.21103518295987,32.21103518295987,100.0
7860,0,31.00030851194644,31.00030851194644,100.0
7860,1,30.20307281903299,30.20307281903299,100.0
7860,2,38.796618669020575,38.796618669020575,100.0
7870,0,28.18081346800165,28.18081346800165,100.0
7870,1,28.537753844396008,28.537753844396008,100.0
7870,2,43.28143268760235,43.28143268760235,100.0
7880,0,22.07691962117969,22.07691962117969,100.0
7880,1,39.162877349524635,39.162877349524635,100.0
7880,2,38.760203029295674,38.760203029295674,100.0
7890,0,44.89066546947143,44.89066546947143,100.0
7890,1,12.562356817048725,12.562356817048725,100.0
7890,2,42.54697771347985,42.54697771347985,100.0
7900,0,38.61027882486498,38.61027882486498,100.0
7900,1,27.131619103150612,27.131619103150612,100.0
7900,2,34.25810207198441,34.25810207198441,100.0
7910,0,33.75693798004891,33.75693798004891,100.0
7910,1,10.31902919618842,10.31902919618842,100.0
7910,2,55.92403282376267,55.92403282376267,100.0
7920,0,18.586173825534335,18.586173825534335,100.0
7920,1,51.96601503658654,51.96601503658654,100.0
7920,2,29.447811137879125,29.447811137879125,100.0
7930,0,26.313917995253984,26.313917995253984,100.0
7930,1,22.71438921797142,22.71438921797142,100.0
7930,2,50.971692786774604,50.971692786774604,100.0
7940,0,47.57405351085098,47.57405351085098,100.0
7940,1,26.635077840193322,26.635077840193322,100.0
7940,2,25.7908686489557,25.7908686489557,100.0
7950,0,13.814239973643549,13.814239973643549,100.0
7950,1,15.368137192209371,15.368137192209371,100.0
7950,2,70.81762283414707,70.81762283414707,100.0
7960,0,10.56422620295613,10.56422620295613,100.0
7960,1,42.08886185414757,42.08886185414757,100.0
7960,2,47.34691194289629,47.34691194289629,100.0
7970,0,11.518308019484154,11.518308019484154,100.0
7970,1,37.27441720639681,37.27441720639681,100.0
7970,2,51.207274774119035,51.207274774119035,100.0
7980,0,57.48089590376701,57.48089590376701,100.0
7980,1,18.376822170173146,18.376822170173146,100.0
7980,2,24.14228192605984,24.14228192605984,100.0
7990,0,10.154335327067427,10.154335327067427,100.0
7990,1,55.566875946604945,55.566875946604945,100.0
7990,2,34.27878872632763,34.27878872632763,100.0
8000,0,22.730869270930878,22.730869270930878,100.0
8000,1,15.938319391569088,15.938319391569088,100.0
8000,2,61.33081133750004,61.33081133750004,100.0
8010,0,31.230894356817203,31.230894356817203,100.0
8010,1,33.310224460026426,33.310224460026426,100.0
8010,2,35.45888118315638,35.45888118315638,100.0
8020,0,12.423801582657175,12.423801582657175,100.0
8020,1,43.175296421534256,43.175296421534256,100.0
8020,2,44.40090199580857,44.40090199580857,100.0
8030,0,17.387064896857044,17.387064896857044,100.0
8030,1,55.03900850827941,55.03900850827941,100.0
8030,2,27.573926594863547,27.573926594863547,100.0
8040,0,31.519132828335376,31.519132828335376,100.0
8040,1,47.181991345445226,47.181991345445226,100.0
8040,2,21.29887582621939,21.29887582621939,100.0
8050,0,24.385988502871704,24.385988502871704,100.0
8050,1,30.02794594097325,30.02794594097325,100.0
8050,2,45.586065556155056,45.586065556155056,100.0
8060,0,12.381213943576416,12.381213943576416,100.0
8060,1,52.47200270540328,52.47200270540328,100.0
8060,2,35.14678335102032,35.14678335102032,100.0
8070,0,52.19067745494833,52.19067745494833,100.0
8070,1,8.56128843912703,8.56128843912703,100.0
8070,2,39.248034105924646,39.248034105924646,100.0
8080,0,36.6533879117999,36.6533879117999,100.0
8080,1,23.043768436186216,23.043768436186216,100.0
8080,2,40.30284365201387,40.30284365201387,100.0
8090,0,30.855927846991516,30.855927846991516,100.0
8090,1,10.754275820277664,10.754275820277664,100.0
8090,2,58.389796332730825,58.389796332730825,100.0
8100,0,14.839850616617067,14.839850616617067,100.0
8100,1,63.009286301717495,63.009286301717495,100.0
8100,2,22.150863081665438,22.150863081665438,100.0
8110,0,23.530333270543224,23.530333270543224,100.0
8110,1,10.907041917322779,10.907041917322779,100.0
8110,2,65.562624812134,65.562624812134,100.0
8120,0,18.419151322403,18.419151322403,100.0
8120,1,29.64875172721657,29.64875172721657,100.0
8120,2,51.932096950380426,51.932096950380426,100.0
8130,0,40.49778049833643,40.49778049833643,100.0
8130,1,20.953290403830543,20.953290403830543,100.0
8130,2,38.54892909783303,38.54892909783303,100.0
8140,0,13.588076649805359,13.588076649805359,100.0
8140,1,22.03861378295532,22.03861378295532,100.0
8140,2,64.37330956723932,64.37330956723932,100.0
8150,0,26.49898513283242,26.49898513283242,100.0
8150,1,22.891005742953663,22.891005742953663,100.0
8150,2,50.61000912421393,50.61000912421393,100.0
8160,0,38.0131626187527,38.0131626187527,100.0
8160,1,36.554626463129374,36.554626463129374,100.0
8160,2,25.432210918117924,25.432210918117924,100.0
8170,0,38.05045629924343,38.05045629924343,100.0
8170,1,42.29381527597243,42.29381527597243,100.0
8170,2,19.655728424784147,19.655728424784147,100.0
8180,0,28.9323460610106,28.9323460610106,100.0
8180,1,45.571753848112124,45.571753848112124,100.0
8180,2,25.49590009087728,25.49590009087728,100.0
8190,0,20.86334374358194,20.86334374358194,100.0
8190,1,10.269356442193954,10.269356442193954,100.0
8190,2,68.8672998142241,68.8672998142241,100.0
8200,0,45.223390216717235,45.223390216717235,100.0
8200,1,44.78097413637201,44.78097413637201,100.0
8200,2,9.99563564691076,9.99563564691076,100.0
8210,0,12.867202272632875,12.867202272632875,100.0
8210,1,29.37437860459413,29.37437860459413,100.0
8210,2,57.758419122773,57.758419122773,100.0
8220,0,35.29089280772509,35.29089280772509,100.0
8220,1,29.73004199455781,29.73004199455781,100.0
8220,2,34.97906519771709,34.97906519771709,100.0
8230,0,31.7823938710175,31.7823938710175,100.0
8230,1,47.97732128093371,47.97732128093371,100.0
8230,2,20.24028484804878,20.24028484804878,100.0
8240,0,43.66229852713079,43.66229852713079,100.0
8240,1,26.44704962060332,26.44704962060332,100.0
8240,2,29.890651852265893,29.890651852265893,100.0
8250,0,26.767136298367962,26.767136298367962,100.0
8250,1,10.967673844644525,10.967673844644525,100.0
8250,2,62.265189856987526,62.265189856987526,100.0
8260,0,22.57265242747829,22.57265242747829,100.0
8260,1,28.645038160487797,28.645038160487797,100.0
8260,2,48.78230941203392,48.78230941203392,100.0
8270,0,34.65663996894126,34.65663996894126,100.0
8270,1,44.65976965232661,44.65976965232661,100.0
8270,2,20.683590378732127,20.683590378732127,100.0
8280,0,19.119708170813876,19.119708170813876,100.0
8280,1,17.84288147185332,17.84288147185332,100.0
8280,2,63.0374103573328,63.0374103573328,100.0
8290,0,43.626946038139614,43.626946038139614,100.0
8290,1,10.52954728011522,10.52954728011522,100.0
8290,2,45.84350668174517,45.84350668174517,100.0
8300,0,11.292069778288706,11.292069778288706,100.0
8300,1,44.41988974558124,44.41988974558124,100.0
8300,2,44.28804047613006,44.28804047613006,100.0
8310,0,40.701590858588595,40.701590858588595,100.0
8310,1,12.738347583348341,12.738347583348341,100.0
8310,2,46.56006155806307,46.56006155806307,100.0
8320,0,21.077297219077725,21.077297219077725,100.0
8320,1,30.967431038867055,30.967431038867055,100.0
8320,2,47.955271742055224,47.955271742055224,100.0
8330,0,15.037507902838588,15.037507902838588,100.0
8330,1,29.759310921303474,29.759310921303474,100.0
8330,2,55.20318117585794,55.20318117585794,100.0
8340,0,23.818777370480724,23.818777370480724,100.0
8340,1,35.94745456408594,35.94745456408594,100.0
8340,2,40.23376806543334,40.23376806543334,100.0
8350,0,36.899585268050416,36.899585268050416,100.0
8350,1,28.584849565554173,28.584849565554173,100.0
8350,2,34.51556516639541,34.51556516639541,100.0
8360,0,37.96161772932485,37.96161772932485,100.0
8360,1,38.79158622694875,38.79158622694875,100.0
8360,2,23.2467960437264,23.2467960437264,100.0
8370,0,28.70660159055149,28.70660159055149,100.0
8370,1,9.64269823056604,9.64269823056604,100.0
8370,2,61.65070017888247,61.65070017888247,100.0
8380,0,15.014820877886612,15.014820877886612,100.0
8380,1,24.931656813273616,24.931656813273616,100.0
8380,2,60.05352230883978,60.05352230883978,100.0
8390,0,24.078966949206393,24.078966949206393,100.0
8390,1,14.525881019221544,14.525881019221544,100.0
8390,2,61.39515203157207,61.39515203157207,100.0
8400,0,25.411426900138203,25.411426900138203,100.0
8400,1,45.01060206529568,45.01060206529568,100.0
8400,2,29.577971034566115,29.577971034566115,100.0
8410,0,25.72883937243342,25.72883937243342,100.0
8410,1,35.99669589416692,35.99669589416692,100.0
8410,2,38.27446473339966,38.27446473339966,100.0
8420,0,41.211867355279644,41.211867355279644,100.0
8420,1,31.53826815327445,31.53826815327445,100.0
8420,2,27.2498644914459,27.2498644914459,100.0
8430,0,19.09633373632231,19.09633373632231,100.0
8430,1,12.500169945005005,12.500169945005005,100.0
8430,2,68.4034963186727,68.4034963186727,100.0
8440,0,26.856962833745392,26.856962833745392,100.0
8440,1,44.45059141228491,44.45059141228491,100.0
8440,2,28.692445753969707,28.692445753969707,100.0
8450,0,23.960318138160776,23.960318138160776,100.0
8450,1,11.08460208698054,11.08460208698054,100.0
8450,2,64.95507977485869,64.95507977485869,100.0
8460,0,50.750420032410595,50.750420032410595,100.0
8460,1,14.881523002984329,14.881523002984329,100.0
8460,2,34.36805696460508,34.36805696460508,100.0
8470,0,48.317270896993605,48.317270896993605,100.0
8470,1,36.236893233341824,36.236893233341824,100.0
8470,2,15.44583586966456,15.44583586966456,100.0
8480,0,10.225098232057144,10.225098232057144,100.0
8480,1,47.11847810011081,47.11847810011081,100.0
8480,2,42.65642366783205,42.65642366783205,100.0
8490,0,61.15908341107136,61.15908341107136,100.0
8490,1,10.317439651177198,10.317439651177198,100.0
8490,2,28.523476937751447,28.523476937751447,100.0
8500,0,16.677678282014487,16.677678282014487,100.0
8500,1,18.10132128827394,18.10132128827394,100.0
8500,2,65.22100042971158,65.22100042971158,100.0
8510,0,22.75172767113805,22.75172767113805,100.0
8510,1,17.18914774505492,17.18914774505492,100.0
8510,2,60.059124583807034,60.059124583807034,100.0
8520,0,26.173254822711193,26.173254822711193,100.0
8520,1,40.63152747333658,40.63152747333658,100.0
8520,2,33.19521770395223,33.19521770395223,100.0
8530,0,20.567999842662363,20.567999842662363,100.0
8530,1,35.01960100192652,35.01960100192652,100.0
8530,2,44.41239915541112,44.41239915541112,100.0
8540,0,35.01909240381477,35.01909240381477,100.0
8540,1,28.19008127019405,28.19008127019405,100.0
8540,2,36.79082632599119,36.79082632599119,100.0
8550,0,23.200917202354596,23.200917202354596,100.0
8550,1,24.919294642952615,24.919294642952615,100.0
8550,2,51.8797881546928,51.8797881546928,100.0
8560,0,28.633604147417657,28.633604147417657,100.0
8560,1,37.09964520920603,37.09964520920603,100.0
8560,2,34.26675064337631,34.26675064337631,100.0
8570,0,8.647349962504425,8.647349962504425,100.0
8570,1,37.920203476708544,37.920203476708544,100.0
8570,2,53.43244656078704,53.43244656078704,100.0
8580,0,22.356582952354252,22.356582952354252,100.0
8580,1,19.5308273497275,19.5308273497275,100.0
8580,2,58.112589697918246,58.112589697918246,100.0
8590,0,19.831427036878225,19.831427036878225,100.0
8590,1,27.890004723892563,27.890004723892563,100.0
8590,2,52.27856823922921,52.27856823922921,100.0
8600,0,36.62783545352765,36.62783545352765,100.0
8600,1,11.346504584990424,11.346504584990424,100.0
8600,2,52.02565996148192,52.02565996148192,100.0
8610,0,34.14855909264018,34.14855909264018,100.0
8610,1,11.232011244405586,11.232011244405586,100.0
8610,2,54.619429662954246,54.619429662954246,100.0
8620,0,73.97439797987035,73.97439797987035,100.0
8620,1,11.708498502369666,11.708498502369666,100.0
8620,2,14.317103517759989,14.317103517759989,100.0
8630,0,16.253320368839805,16.253320368839805,100.0
8630,1,13.192366988151486,13.192366988151486,100.0
8630,2,70.55431264300871,70.55431264300871,100.0
8640,0,16.986746347980468,16.986746347980468,100.0
8640,1,29.97332986953204,29.97332986953204,100.0
8640,2,53.0399237824875,53.0399237824875,100.0
8650,0,18.16991295937289,18.16991295937289,100.0
8650,1,50.16455704629361,50.16455704629361,100.0
8650,2,31.665529994333504,31.665529994333504,100.0
8660,0,17.821173446383217,17.821173446383217,100.0
8660,1,36.957097574190065,36.957097574190065,100.0
8660,2,45.22172897942673,45.22172897942673,100.0
8670,0,39.114875112414126,39.114875112414126,100.0
8670,1,14.172319885144127,14.172319885144127,100.0
8670,2,46.712805002441755,46.712805002441755,100.0
8680,0,29.27130708296201,29.27130708296201,100.0
8680,1,24.81723679767987,24.81723679767987,100.0
8680,2,45.91145611935813,45.91145611935813,100.0
8690,0,39.495514327279245,39.495514327279245,100.0
8690,1,18.588020068093865,18.588020068093865,100.0
8690,2,41.91646560462689,41.91646560462689,100.0
8700,0,40.81715012015185,40.81715012015185,100.0
8700,1,34.609936479190225,34.609936479190225,100.0
8700,2,24.572913400657935,24.572913400657935,100.0
8710,0,10.408570362482445,10.408570362482445,100.0
8710,1,39.775786305962846,39.775786305962846,100.0
8710,2,49.81564333155472,49.81564333155472,100.0
8720,0,36.56007955263792,36.56007955263792,100.0
8720,1,19.147031009989565,19.147031009989565,100.0
8720,2,44.29288943737252,44.29288943737252,100.0
8730,0,30.17713283532356,30.17713283532356,100.0
8730,1,13.691879602966505,13.691879602966505,100.0
8730,2,56.130987561709944,56.130987561709944,100.0
8740,0,17.038763937159608,17.038763937159608,100.0
8740,1,16.401428670964137,16.401428670964137,100.0
8740,2,66.55980739187626,66.55980739187626,100.0
8750,0,28.753226988168723,28.753226988168723,100.0
8750,1,39.10999649550508,39.10999649550508,100.0
8750,2,32.13677651632621,32.13677651632621,100.0
8760,0,24.49539280824668,24.49539280824668,100.0
8760,1,58.81069805010925,58.81069805010925,100.0
8760,2,16.69390914164407,16.69390914164407,100.0
8770,0,16.72248224717009,16.72248224717009,100.0
8770,1,16.398384299927923,16.398384299927923,100.0
8770,2,66.879133452902,66.879133452902,100.0
8780,0,37.936195260367505,37.936195260367505,100.0
8780,1,11.011900567547508,11.011900567547508,100.0
8780,2,51.051904172084996,51.051904172084996,100.0
8790,0,32.86531568379566,32.86531568379566,100.0
8790,1,15.95823032122799,15.95823032122799,100.0
8790,2,51.17645399497634,51.17645399497634,100.0
8800,0,22.63945241849206,22.63945241849206,100.0
8800,1,31.24500694258274,31.24500694258274,100.0
8800,2,46.1155406389252,46.1155406389252,100.0
8810,0,50.97507789913577,50.97507789913577,100.0
8810,1,19.655583266860035,19.655583266860035,100.0
8810,2,29.36933883400421,29.36933883400421,100.0
8820,0,14.491939216027278,14.491939216027278,100.0
8820,1,11.910973256438883,11.910973256438883,100.0
8820,2,73.59708752753383,73.59708752753383,100.0
8830,0,53.78071191613323,53.78071191613323,100.0
8830,1,25.706517017644963,25.706517017644963,100.0
8830,2,20.512771066221816,20.512771066221816,100.0
8840,0,27.802423150064666,27.802423150064666,100.0
8840,1,33.41388200090791,33.41388200090791,100.0
8840,2,38.78369484902742,38.78369484902742,100.0
8850,0,45.056982955344246,45.056982955344246,100.0
8850,1,9.696791376805098,9.696791376805098,100.0
8850,2,45.246225667850645,45.246225667850645,100.0
8860,0,16.061224292193096,16.061224292193096,100.0
8860,1,45.186028131238814,45.186028131238814,100.0
8860,2,38.75274757656809,38.75274757656809,100.0
8870,0,10.820854107016608,10.820854107016608,100.0
8870,1,21.255088103238467,21.255088103238467,100.0
8870,2,67.92405778974494,67.92405778974494,100.0
8880,0,27.202837136686735,27.202837136686735,100.0
8880,1,21.632233832248506,21.632233832248506,100.0
8880,2,51.16492903106475,51.16492903106475,100.0
8890,0,14.781406468597416,14.781406468597416,100.0
8890,1,26.55486127152696,26.55486127152696,100.0
8890,2,58.66373225987562,58.66373225987562,100.0
8900,0,14.516750922433069,14.516750922433069,100.0
8900,1,39.90749820150402,39.90749820150402,100.0
8900,2,45.57575087606291,45.57575087606291,100.0
8910,0,21.77309269229918,21.77309269229918,100.0
8910,1,26.318325946686173,26.318325946686173,100.0
8910,2,51.90858136101465,51.90858136101465,100.0
8920,0,32.620939333357924,32.620939333357924,100.0
8920,1,22.31918877747499,22.31918877747499,100.0
8920,2,45.05987188916708,45.05987188916708,100.0
8930,0,23.503444026091966,23.503444026091966,100.0
8930,1,29.86952229873957,29.86952229873957,100.0
8930,2,46.627033675168455,46.627033675168455,100.0
8940,0,48.358637020157424,48.358637020157424,100.0
8940,1,22.72128412692136,22.72128412692136,100.0
8940,2,28.920078852921215,28.920078852921215,100.0
8950,0,15.292321186960557,15.292321186960557,100.0
8950,1,17.5015066777764,17.5015066777764,100.0
8950,2,67.20617213526306,67.20617213526306,100.0
8960,0,27.17729947231578,27.17729947231578,100.0
8960,1,10.7369120416641,10.7369120416641,100.0
8960,2,62.08578848602012,62.08578848602012,100.0
8970,0,13.526390718485102,13.526390718485102,100.0
8970,1,24.824878300119302,24.824878300119302,100.0
8970,2,61.6487309813956,61.6487309813956,100.0
8980,0,15.055649553158748,15.055649553158748,100.0
8980,1,45.76378241927518,45.76378241927518,100.0
8980,2,39.180568027566075,39.180568027566075,100.0
8990,0,18.686688005960878,18.686688005960878,100.0
8990,1,17.585727705419647,17.585727705419647,100.0
8990,2,63.727584288619475,63.727584288619475,100.0
9000,0,43.15346710195272,43.15346710195272,100.0
9000,1,9.05069908986046,9.05069908986046,100.0
9000,2,47.79583380818682,47.79583380818682,100.0
9010,0,44.556447891008425,44.556447891008425,100.0
9010,1,8.128971276611406,8.128971276611406,100.0
9010,2,47.31458083238017,47.31458083238017,100.0
9020,0,15.455462812746115,15.455462812746115,100.0
9020,1,40.66050320935044,40.66050320935044,100.0
9020,2,43.88403397790345,43.88403397790345,100.0
9030,0,21.302319435640744,21.302319435640744,100.0
9030,1,43.223593776789684,43.223593776789684,100.0
9030,2,35.47408678756956,35.47408678756956,100.0
9040,0,25.129736059011453,25.129736059011453,100.0
9040,1,11.931717942262884,11.931717942262884,100.0
9040,2,62.93854599872567,62.93854599872567,100.0
9050,0,14.995643730355358,14.995643730355358,100.0
9050,1,56.28528097035168,56.28528097035168,100.0
9050,2,28.71907529929296,28.71907529929296,100.0
9060,0,24.43351726839113,24.43351726839113,100.0
9060,1,45.95523871705178,45.95523871705178,100.0
9060,2,29.611244014557087,29.611244014557087,100.0
9070,0,8.805491132545908,8.805491132545908,100.0
9070,1,41.76561131306227,41.76561131306227,100.0
9070,2,49.428897554391824,49.428897554391824,100.0
9080,0,29.077857265787006,29.077857265787006,100.0
9080,1,38.9101038976702,38.9101038976702,100.0
9080,2,32.01203883654279,32.01203883654279,100.0
9090,0,45.816674431301294,45.816674431301294,100.0
9090,1,6.687762051210948,6.687762051210948,100.0
9090,2,47.49556351748777,47.49556351748777,100.0
9100,0,18.72005951838377,18.72005951838377,100.0
9100,1,33.096191001077635,33.096191001077635,100.0
9100,2,48.18374948053859,48.18374948053859,100.0
9110,0,15.216365715303912,15.216365715303912,100.0
9110,1,48.08820137855063,48.08820137855063,100.0
9110,2,36.69543290614547,36.69543290614547,100.0
9120,0,16.22577217171338,16.22577217171338,100.0
9120,1,17.591998752935243,17.591998752935243,100.0
9120,2,66.18222907535137,66.18222907535137,100.0
9130,0,32.80604209677199,32.80604209677199,100.0
9130,1,36.71598324307113,36.71598324307113,100.0
9130,2,30.477974660156885,30.477974660156885,100.0
9140,0,39.95187486963948,39.95187486963948,100.0
9140,1,51.17148882412027,51.17148882412027,100.0
9140,2,8.876636306240249,8.876636306240249,100.0
9150,0,39.04119797021736,39.04119797021736,100.0
9150,1,11.035661190684332,11.035661190684332,100.0
9150,2,49.92314083909831,49.92314083909831,100.0
9160,0,17.667831954309328,17.667831954309328,100.0
9160,1,29.590919166352837,29.590919166352837,100.0
9160,2,52.741248879337846,52.741248879337846,100.0
9170,0,39.32261055304228,39.32261055304228,100.0
9170,1,10.667529942548297,10.667529942548297,100.0
9170,2,50.00985950440943,50.00985950440943,100.0
9180,0,59.637943166547416,59.637943166547416,100.0
9180,1,24.23139629244386,24.23139629244386,100.0
9180,2,16.13066054100873,16.13066054100873,100.0
9190,0,11.558877765127129,11.558877765127129,100.0
9190,1,39.21378659832699,39.21378659832699,100.0
9190,2,49.227335636545895,49.227335636545895,100.0
9200,0,22.072401723313774,22.072401723313774,100.0
9200,1,47.3356528979971,47.3356528979971,100.0
9200,2,30.59194537868913,30.59194537868913,100.0
9210,0,7.794753726531238,7.794753726531238,100.0
9210,1,44.904284321197004,44.904284321197004,100.0
9210,2,47.30096195227177,47.30096195227177,100.0
9220,0,27.396986817413477,27.396986817413477,100.0
9220,1,13.40504321566805,13.40504321566805,100.0
9220,2,59.19796996691847,59.19796996691847,100.0
9230,0,19.86581678765845,19.86581678765845,100.0
9230,1,14.162767552593522,14.162767552593522,100.0
9230,2,65.97141565974803,65.97141565974803,100.0
9240,0,22.83420576339518,22.83420576339518,100.0
9240,1,24.045014974272895,24.045014974272895,100.0
9240,2,53.12077926233193,53.12077926233193,100.0
9250,0,52.19866761090087,52.19866761090087,100.0
9250,1,30.01017792875265,30.01017792875265,100.0
9250,2,17.791154460346476,17.791154460346476,100.0
9260,0,32.00349111479998,32.00349111479998,100.0
9260,1,19.925093797395345,19.925093797395345,100.0
9260,2,48.07141508780469,48.07141508780469,100.0
9270,0,24.147068641600526,24.147068641600526,100.0
9270,1,40.5914679620823,40.5914679620823,100.0
9270,2,35.26146339631717,35.26146339631717,100.0
9280,0,40.12398539163855,40.12398539163855,100.0
9280,1,20.252651009831173,20.252651009831173,100.0
9280,2,39.62336359853028,39.62336359853028,100.0
9290,0,15.518742900684149,15.518742900684149,100.0
9290,1,48.84130794088158,48.84130794088158,100.0
9290,2,35.63994915843426,35.63994915843426,100.0
9300,0,13.23132672655819,13.23132672655819,100.0
9300,1,17.755841142795546,17.755841142795546,100.0
9300,2,69.01283213064626,69.01283213064626,100.0
9310,0,24.49547454462044,24.49547454462044,100.0
9310,1,48.52732831807081,48.52732831807081,100.0
9310,2,26.97719713730875,26.97719713730875,100.0
9320,0,43.65562872877658,43.65562872877658,100.0
9320,1,30.290415974516765,30.290415974516765,100.0
9320,2,26.053955296706654,26.053955296706654,100.0
9330,0,17.018090582211656,17.018090582211656,100.0
9330,1,20.3714380974842,20.3714380974842,100.0
9330,2,62.61047132030414,62.61047132030414,100.0
9340,0,29.675917509793955,29.675917509793955,100.0
9340,1,37.444746052482316,37.444746052482316,100.0
9340,2,32.879336437723744,32.879336437723744,100.0
9350,0,26.057380307067763,26.057380307067763,100.0
9350,1,34.184048958869866,34.184048958869866,100.0
9350,2,39.758570734062374,39.758570734062374,100.0
9360,0,16.40860934299766,16.40860934299766,100.0
9360,1,21.898961279989905,21.898961279989905,100.0
9360,2,61.692429377012445,61.692429377012445,100.0
9370,0,46.6808024647668,46.6808024647668,100.0
9370,1,17.930133577551384,17.930133577551384,100.0
9370,2,35.389063957681806,35.389063957681806,100.0
9380,0,33.116312121784716,33.116312121784716,100.0
9380,1,52.0890547572163,52.0890547572163,100.0
9380,2,14.794633120998979,14.794633120998979,100.0
9390,0,30.025999385487733,30.025999385487733,100.0
9390,1,14.561839304675464,14.561839304675464,100.0
9390,2,55.412161309836804,55.412161309836804,100.0
9400,0,19.939572224883996,19.939572224883996,100.0
9400,1,33.019245319913985,33.019245319913985,100.0
9400,2,47.041182455202026,47.041182455202026,100.0
9410,0,17.205583142344537,17.205583142344537,100.0
9410,1,17.33732183028565,17.33732183028565,100.0
9410,2,65.45709502736982,65.45709502736982,100.0
9420,0,17.941317080220895,17.941317080220895,100.0
9420,1,22.42042865433207,22.42042865433207,100.0
9420,2,59.638254265447046,59.638254265447046,100.0
9430,0,36.06350125527557,36.06350125527557,100.0
9430,1,13.164697877730774,13.164697877730774,100.0
9430,2,50.771800866993665,50.771800866993665,100.0
9440,0,31.184477788712613,31.184477788712613,100.0
9440,1,19.869475444155878,19.869475444155878,100.0
9440,2,48.946046767131506,48.946046767131506,100.0
9450,0,38.09046658009029,38.09046658009029,100.0
9450,1,14.525730221060652,14.525730221060652,100.0
9450,2,47.383803198849066,47.383803198849066,100.0
9460,0,32.1922944386272,32.1922944386272,100.0
9460,1,34.84837832513774,34.84837832513774,100.0
9460,2,32.95932723623506,32.95932723623506,100.0
9470,0,59.32170798619344,59.32170798619344,100.0
9470,1,17.568399632830676,17.568399632830676,100.0
9470,2,23.10989238097589,23.10989238097589,100.0
9480,0,30.655309063066465,30.655309063066465,100.0
9480,1,19.34300086940194,19.34300086940194,100.0
9480,2,50.0016900675316,50.0016900675316,100.0
9490,0,38.22480288303557,38.22480288303557,100.0
9490,1,41.25102868023921,41.25102868023921,100.0
9490,2,20.52416843672522,20.52416843672522,100.0
9500,0,43.47144929601095,43.47144929601095,100.0
9500,1,10.250325198031875,10.250325198031875,100.0
9500,2,46.27822550595715,46.27822550595715,100.0
9510,0,14.575873126146766,14.575873126146766,100.0
9510,1,11.546279282057592,11.546279282057592,100.0
9510,2,73.87784759179564,73.87784759179564,100.0
9520,0,35.37893762526278,35.37893762526278,100.0
9520,1,11.056259944649481,11.056259944649481,100.0
9520,2,53.56480243008773,53.56480243008773,100.0
9530,0,45.28774976080167,45.28774976080167,100.0
9530,1,22.535210807992694,22.535210807992694,100.0
9530,2,32.17703943120564,32.17703943120564,100.0
9540,0,10.064181689282444,10.064181689282444,100.0
9540,1,34.72909753479306,34.72909753479306,100.0
9540,2,55.2067207759245,55.2067207759245,100.0
9550,0,33.86237031228627,33.86237031228627,100.0
9550,1,50.25633163158919,50.25633163158919,100.0
9550,2,15.88129805612455,15.88129805612455,100.0
9560,0,18.136590459892773,18.136590459892773,100.0
9560,1,17.937957087942173,17.937957087942173,100.0
9560,2,63.925452452165054,63.925452452165054,100.0
9570,0,46.01923760812994,46.01923760812994,100.0
9570,1,14.3140362817001,14.3140362817001,100.0
9570,2,39.66672611016996,39.66672611016996,100.0
9580,0,11.473273242175557,11.473273242175557,100.0
9580,1,25.674407154261118,25.674407154261118,100.0
9580,2,62.85231960356333,62.85231960356333,100.0
9590,0,32.9324751909611,32.9324751909611,100.0
9590,1,8.89306868924308,8.89306868924308,100.0
9590,2,58.17445611979583,58.17445611979583,100.0
9600,0,16.18086343809666,16.18086343809666,100.0
9600,1,27.624879893912162,27.624879893912162,100.0
9600,2,56.19425666799118,56.19425666799118,100.0
9610,0,8.111384779777886,8.111384779777886,100.0
9610,1,45.086435746485364,45.086435746485364,100.0
9610,2,46.80217947373676,46.80217947373676,100.0
9620,0,43.14626348576127,43.14626348576127,100.0
9620,1,28.077953726743704,28.077953726743704,100.0
9620,2,28.775782787495025,28.775782787495025,100.0
9630,0,13.080595076310594,13.080595076310594,100.0
9630,1,12.65636720539508,12.65636720539508,100.0
9630,2,74.26303771829433,74.26303771829433,100.0
9640,0,16.696091446259217,16.696091446259217,100.0
9640,1,14.863285636997622,14.863285636997622,100.0
9640,2,68.44062291674315,68.44062291674315,100.0
9650,0,38.79602207118571,38.79602207118571,100.0
9650,1,43.963656984598565,43.963656984598565,100.0
9650,2,17.24032094421572,17.24032094421572,100.0
9660,0,40.133867123879895,40.133867123879895,100.0
9660,1,12.08823632814651,12.08823632814651,100.0
9660,2,47.777896547973604,47.777896547973604,100.0
9670,0,47.4699074430698,47.4699074430698,100.0
9670,1,13.757274394852512,13.757274394852512,100.0
9670,2,38.772818162077684,38.772818162077684,100.0
9680,0,30.978108325599795,30.978108325599795,100.0
9680,1,23.35742761392929,23.35742761392929,100.0
9680,2,45.664464060470905,45.664464060470905,100.0
9690,0,35.37076358818882,35.37076358818882,100.0
9690,1,35.37677369900077,35.37677369900077,100.0
9690,2,29.252462712810413,29.252462712810413,100.0
9700,0,34.31741931377243,34.31741931377243,100.0
9700,1,36.15843077875097,36.15843077875097,100.0
9700,2,29.5241499074766,29.5241499074766,100.0
9710,0,11.601733812302975,11.601733812302975,100.0
9710,1,53.52673456945883,53.52673456945883,100.0
9710,2,34.8715316182382,34.8715316182382,100.0
9720,0,17.988754065339265,17.988754065339265,100.0
9720,1,35.168860634594154,35.168860634594154,100.0
9720,2,46.84238530006659,46.84238530006659,100.0
9730,0,22.800614134111637,22.800614134111637,100.0
9730,1,45.30389783939608,45.30389783939608,100.0
9730,2,31.8954880264923,31.8954880264923,100.0
9740,0,46.32886802311986,46.32886802311986,100.0
9740,1,13.059432794418527,13.059432794418527,100.0
9740,2,40.6116991824616,40.6116991824616,100.0
9750,0,42.058759213093126,42.058759213093126,100.0
9750,1,7.446071300924172,7.446071300924172,100.0
9750,2,50.49516948598271,50.49516948598271,100.0
9760,0,46.5727658416019,46.5727658416019,100.0
9760,1,25.828363779246686,25.828363779246686,100.0
9760,2,27.598870379151425,27.598870379151425,100.0
9770,0,33.85158260270355,33.85158260270355,100.0
9770,1,10.501147004478986,10.501147004478986,100.0
9770,2,55.64727039281746,55.64727039281746,100.0
9780,0,43.643088347686025,43.643088347686025,100.0
9780,1,39.84879230169487,39.84879230169487,100.0
9780,2,16.508119350619104,16.508119350619104,100.0
9790,0,11.27517659709657,11.27517659709657,100.0
9790,1,23.042477007772142,23.042477007772142,100.0
9790,2,65.68234639513129,65.68234639513129,100.0
9800,0,53.224270981320956,53.224270981320956,100.0
9800,1,28.2813334729388,28.2813334729388,100.0
9800,2,18.49439554574024,18.49439554574024,100.0
9810,0,40.49615423375551,40.49615423375551,100.0
9810,1,17.984143551598073,17.984143551598073,100.0
9810,2,41.51970221464641,41.51970221464641,100.0
9820,0,16.363944838655257,16.363944838655257,100.0
9820,1,10.789170568171407,10.789170568171407,100.0
9820,2,72.84688459317334,72.84688459317334,100.0
9830,0,12.135401660034438,12.135401660034438,100.0
9830,1,18.110859335951634,18.110859335951634,100.0
9830,2,69.75373900401394,69.75373900401394,100.0
9840,0,57.301956969616995,57.301956969616995,100.0
9840,1,30.386896437664944,30.386896437664944,100.0
9840,2,12.311146592718067,12.311146592718067,100.0
9850,0,31.69502817051485,31.69502817051485,100.0
9850,1,13.05124529843702,13.05124529843702,100.0
9850,2,55.253726531048144,55.253726531048144,100.0
9860,0,15.883017504765412,15.883017504765412,100.0
9860,1,40.85103148740055,40.85103148740055,100.0
9860,2,43.26595100783405,43.26595100783405,100.0
9870,0,41.255761471818225,41.255761471818225,100.0
9870,1,9.623065344759397,9.623065344759397,100.0
9870,2,49.12117318342238,49.12117318342238,100.0
9880,0,25.348119708948285,25.348119708948285,100.0
9880,1,22.82784042038336,22.82784042038336,100.0
9880,2,51.82403987066835,51.82403987066835,100.0
9890,0,34.32398521174876,34.32398521174876,100.0
9890,1,18.668923642255937,18.668923642255937,100.0
9890,2,47.0070911459953,47.0070911459953,100.0
9900,0,33.1982835584973,33.1982835584973,100.0
9900,1,28.341832367605647,28.341832367605647,100.0
9900,2,38.459884073897044,38.459884073897044,100.0
9910,0,16.882070481851866,16.882070481851866,100.0
9910,1,15.967411620010708,15.967411620010708,100.0
9910,2,67.15051789813742,67.15051789813742,100.0
9920,0,16.39868703176718,16.39868703176718,100.0
9920,1,11.826716830007603,11.826716830007603,100.0
9920,2,71.77459613822522,71.77459613822522,100.0
9930,0,25.424583832344005,25.424583832344005,100.0
9930,1,13.307178580293877,13.307178580293877,100.0
9930,2,61.268237587362115,61.268237587362115,100.0
9940,0,32.83139393551727,32.83139393551727,100.0
9940,1,16.161066547262532,16.161066547262532,100.0
9940,2,51.00753951722019,51.00753951722019,100.0
9950,0,29.573458147480597,29.573458147480597,100.0
9950,1,28.45554347202734,28.45554347202734,100.0
9950,2,41.97099838049206,41.97099838049206,100.0
9960,0,14.639758709773615,14.639758709773615,100.0
9960,1,56.43838456271012,56.43838456271012,100.0
9960,2,28.921856727516264,28.921856727516264,100.0
9970,0,16.236737582496225,16.236737582496225,100.0
9970,1,44.52504035427455,44.52504035427455,100.0
9970,2,39.23822206322923,39.23822206322923,100.0
9980,0,39.39350184058036,39.39350184058036,100.0
9980,1,11.518224259113989,11.518224259113989,100.0
9980,2,49.08827390030565,49.08827390030565,100.0
9990,0,38.347176669292644,38.347176669292644,100.0
9990,1,17.890528149386487,17.890528149386487,100.0
9990,2,43.76229518132087,43.76229518132087,100.0
