callId,timeMs,scenario,slot,bwpId,beamId,sliceId,rnti,bufQueueSize,dlTbSizeBefore,hasDemand,demandPassed,rbgAllocated,uniqueRbgs,tbSizeBytes,mcs,rank,numRbPerRbg,reason
1,503,normal,0,0,65535_65535,0,1,3069,0,0,1,0,0,0,15,1,1,pre_allocation
1,503,normal,0,0,65535_65535,0,1,3069,35,1,1,1,1,35,15,1,1,allocated
1,503,normal,0,0,65535_65535,0,2,3069,0,0,1,0,0,0,15,1,1,pre_allocation
1,503,normal,0,0,65535_65535,0,2,3069,35,1,1,1,1,35,15,1,1,allocated
1,503,normal,0,0,65535_65535,0,3,3069,0,0,1,0,0,0,15,1,1,pre_allocation
1,503,normal,0,0,65535_65535,0,3,3069,35,1,1,1,1,35,15,1,1,allocated
1,503,normal,0,0,65535_65535,0,4,3069,0,0,1,0,0,0,15,1,1,pre_allocation
1,503,normal,0,0,65535_65535,0,4,3069,35,1,1,1,1,35,15,1,1,allocated
1,503,normal,0,0,65535_65535,0,5,3069,0,0,1,0,0,0,15,1,1,pre_allocation
1,503,normal,0,0,65535_65535,0,5,3069,35,1,1,1,1,35,15,1,1,allocated
1,503,normal,0,0,65535_65535,0,1,3069,35,0,1,0,1,0,15,1,1,pre_allocation
1,503,normal,0,0,65535_65535,0,1,3069,74,1,1,1,2,74,15,1,1,allocated
1,503,normal,0,0,65535_65535,0,2,3069,35,0,1,0,1,0,15,1,1,pre_allocation
1,503,normal,0,0,65535_65535,0,2,3069,74,1,1,1,2,74,15,1,1,allocated
1,503,normal,0,0,65535_65535,0,3,3069,35,0,1,0,1,0,15,1,1,pre_allocation
1,503,normal,0,0,65535_65535,0,3,3069,74,1,1,1,2,74,15,1,1,allocated
1,503,normal,0,0,65535_65535,0,4,3069,35,0,1,0,1,0,15,1,1,pre_allocation
1,503,normal,0,0,65535_65535,0,4,3069,74,1,1,1,2,74,15,1,1,allocated
1,503,normal,0,0,65535_65535,0,5,3069,35,0,1,0,1,0,15,1,1,pre_allocation
1,503,normal,0,0,65535_65535,0,5,3069,74,1,1,1,2,74,15,1,1,allocated
1,503,normal,0,0,65535_65535,0,1,3069,74,0,1,0,2,0,15,1,1,pre_allocation
1,503,normal,0,0,65535_65535,0,1,3069,112,1,1,1,3,112,15,1,1,allocated
1,503,normal,0,0,65535_65535,0,2,3069,74,0,1,0,2,0,15,1,1,pre_allocation
1,503,normal,0,0,65535_65535,0,2,3069,112,1,1,1,3,112,15,1,1,allocated
1,503,normal,0,0,65535_65535,0,3,3069,74,0,1,0,2,0,15,1,1,pre_allocation
1,503,normal,0,0,65535_65535,0,3,3069,112,1,1,1,3,112,15,1,1,allocated
1,503,normal,0,0,65535_65535,0,4,3069,74,0,1,0,2,0,15,1,1,pre_allocation
1,503,normal,0,0,65535_65535,0,4,3069,112,1,1,1,3,112,15,1,1,allocated
1,503,normal,0,0,65535_65535,0,5,3069,74,0,1,0,2,0,15,1,1,pre_allocation
1,503,normal,0,0,65535_65535,0,5,3069,112,1,1,1,3,112,15,1,1,allocated
1,503,normal,0,0,65535_65535,0,1,3069,112,0,1,0,3,0,15,1,1,pre_allocation
1,503,normal,0,0,65535_65535,0,1,3069,151,1,1,1,4,151,15,1,1,allocated
1,503,normal,0,0,65535_65535,0,2,3069,112,0,1,0,3,0,15,1,1,pre_allocation
1,503,normal,0,0,65535_65535,0,2,3069,151,1,1,1,4,151,15,1,1,allocated
1,503,normal,0,0,65535_65535,0,3,3069,112,0,1,0,3,0,15,1,1,pre_allocation
1,503,normal,0,0,65535_65535,0,3,3069,151,1,1,1,4,151,15,1,1,allocated
1,503,normal,0,0,65535_65535,0,4,3069,112,0,1,0,3,0,15,1,1,pre_allocation
1,503,normal,0,0,65535_65535,0,4,3069,151,1,1,1,4,151,15,1,1,allocated
1,503,normal,0,0,65535_65535,0,5,3069,112,0,1,0,3,0,15,1,1,pre_allocation
1,503,normal,0,0,65535_65535,0,5,3069,151,1,1,1,4,151,15,1,1,allocated
1,503,normal,0,0,65535_65535,0,1,3069,151,0,1,0,4,0,15,1,1,pre_allocation
1,503,normal,0,0,65535_65535,0,1,3069,190,1,1,1,5,190,15,1,1,allocated
1,503,normal,0,0,65535_65535,0,2,3069,151,0,1,0,4,0,15,1,1,pre_allocation
1,503,normal,0,0,65535_65535,0,2,3069,190,1,1,1,5,190,15,1,1,allocated
1,503,normal,0,0,65535_65535,0,3,3069,151,0,1,0,4,0,15,1,1,pre_allocation
1,503,normal,0,0,65535_65535,0,3,3069,190,1,1,1,5,190,15,1,1,allocated
1,503,normal,0,0,65535_65535,0,4,3069,151,0,1,0,4,0,15,1,1,pre_allocation
1,503,normal,0,0,65535_65535,0,4,3069,190,1,1,1,5,190,15,1,1,allocated
1,503,normal,0,0,65535_65535,0,5,3069,151,0,1,0,4,0,15,1,1,pre_allocation
1,503,normal,0,0,65535_65535,0,5,3069,190,1,1,1,5,190,15,1,1,allocated
1,503,normal,0,0,65535_65535,0,1,3069,190,0,1,0,5,0,15,1,1,pre_allocation
1,503,normal,0,0,65535_65535,0,1,3069,228,1,1,1,6,228,15,1,1,allocated
1,503,normal,0,0,65535_65535,0,2,3069,190,0,1,0,5,0,15,1,1,pre_allocation
1,503,normal,0,0,65535_65535,0,2,3069,228,1,1,1,6,228,15,1,1,allocated
1,503,normal,0,0,65535_65535,0,3,3069,190,0,1,0,5,0,15,1,1,pre_allocation
1,503,normal,0,0,65535_65535,0,3,3069,228,1,1,1,6,228,15,1,1,allocated
1,503,normal,0,0,65535_65535,0,4,3069,190,0,1,0,5,0,15,1,1,pre_allocation
1,503,normal,0,0,65535_65535,0,4,3069,228,1,1,1,6,228,15,1,1,allocated
1,503,normal,0,0,65535_65535,0,5,3069,190,0,1,0,5,0,15,1,1,pre_allocation
1,503,normal,0,0,65535_65535,0,5,3069,228,1,1,1,6,228,15,1,1,allocated
1,503,normal,0,0,65535_65535,0,1,3069,228,0,1,0,6,0,15,1,1,pre_allocation
1,503,normal,0,0,65535_65535,0,1,3069,267,1,1,1,7,267,15,1,1,allocated
1,503,normal,0,0,65535_65535,0,2,3069,228,0,1,0,6,0,15,1,1,pre_allocation
1,503,normal,0,0,65535_65535,0,2,3069,267,1,1,1,7,267,15,1,1,allocated
1,503,normal,0,0,65535_65535,0,3,3069,228,0,1,0,6,0,15,1,1,pre_allocation
1,503,normal,0,0,65535_65535,0,3,3069,267,1,1,1,7,267,15,1,1,allocated
1,503,normal,0,0,65535_65535,0,4,3069,228,0,1,0,6,0,15,1,1,pre_allocation
1,503,normal,0,0,65535_65535,0,4,3069,267,1,1,1,7,267,15,1,1,allocated
1,503,normal,0,0,65535_65535,0,5,3069,228,0,1,0,6,0,15,1,1,pre_allocation
1,503,normal,0,0,65535_65535,0,5,3069,267,1,1,1,7,267,15,1,1,allocated
1,503,normal,0,0,65535_65535,0,1,3069,267,0,1,0,7,0,15,1,1,pre_allocation
1,503,normal,0,0,65535_65535,0,1,3069,305,1,1,1,8,305,15,1,1,allocated
1,503,normal,0,0,65535_65535,0,2,3069,267,0,1,0,7,0,15,1,1,pre_allocation
1,503,normal,0,0,65535_65535,0,2,3069,305,1,1,1,8,305,15,1,1,allocated
1,503,normal,0,0,65535_65535,0,3,3069,267,0,1,0,7,0,15,1,1,pre_allocation
1,503,normal,0,0,65535_65535,0,3,3069,305,1,1,1,8,305,15,1,1,allocated
1,503,normal,0,0,65535_65535,0,4,3069,267,0,1,0,7,0,15,1,1,pre_allocation
1,503,normal,0,0,65535_65535,0,4,3069,305,1,1,1,8,305,15,1,1,allocated
1,503,normal,0,0,65535_65535,0,5,3069,267,0,1,0,7,0,15,1,1,pre_allocation
1,503,normal,0,0,65535_65535,0,5,3069,305,1,1,1,8,305,15,1,1,allocated
1,503,normal,0,0,65535_65535,0,1,3069,305,0,1,0,8,0,15,1,1,pre_allocation
1,503,normal,0,0,65535_65535,0,1,3069,344,1,1,1,9,344,15,1,1,allocated
1,503,normal,0,0,65535_65535,0,2,3069,305,0,1,0,8,0,15,1,1,pre_allocation
1,503,normal,0,0,65535_65535,0,2,3069,344,1,1,1,9,344,15,1,1,allocated
1,503,normal,0,0,65535_65535,0,3,3069,305,0,1,0,8,0,15,1,1,pre_allocation
1,503,normal,0,0,65535_65535,0,3,3069,344,1,1,1,9,344,15,1,1,allocated
1,503,normal,0,0,65535_65535,0,4,3069,305,0,1,0,8,0,15,1,1,pre_allocation
1,503,normal,0,0,65535_65535,0,4,3069,344,1,1,1,9,344,15,1,1,allocated
1,503,normal,0,0,65535_65535,0,5,3069,305,0,1,0,8,0,15,1,1,pre_allocation
1,503,normal,0,0,65535_65535,0,5,3069,344,1,1,1,9,344,15,1,1,allocated
1,503,normal,0,0,65535_65535,0,1,3069,344,0,1,0,9,0,15,1,1,pre_allocation
1,503,normal,0,0,65535_65535,0,1,3069,383,1,1,1,10,383,15,1,1,allocated
1,503,normal,0,0,65535_65535,0,2,3069,344,0,1,0,9,0,15,1,1,pre_allocation
1,503,normal,0,0,65535_65535,0,2,3069,383,1,1,1,10,383,15,1,1,allocated
1,503,normal,0,0,65535_65535,0,3,3069,344,0,1,0,9,0,15,1,1,pre_allocation
1,503,normal,0,0,65535_65535,0,3,3069,383,1,1,1,10,383,15,1,1,allocated
1,503,normal,0,0,65535_65535,0,4,3069,344,0,1,0,9,0,15,1,1,pre_allocation
1,503,normal,0,0,65535_65535,0,4,3069,383,1,1,1,10,383,15,1,1,allocated
1,503,normal,0,0,65535_65535,0,5,3069,344,0,1,0,9,0,15,1,1,pre_allocation
1,503,normal,0,0,65535_65535,0,5,3069,383,1,1,1,10,383,15,1,1,allocated
1,503,normal,0,0,65535_65535,0,1,3069,383,0,1,0,10,0,15,1,1,pre_allocation
1,503,normal,0,0,65535_65535,0,1,3069,421,1,1,1,11,421,15,1,1,allocated
1,503,normal,0,0,65535_65535,0,2,3069,383,0,1,0,10,0,15,1,1,pre_allocation
1,503,normal,0,0,65535_65535,0,2,3069,421,1,1,1,11,421,15,1,1,allocated
1,503,normal,0,0,65535_65535,0,3,3069,383,0,1,0,10,0,15,1,1,pre_allocation
1,503,normal,0,0,65535_65535,0,3,3069,421,1,1,1,11,421,15,1,1,allocated
1,503,normal,0,0,65535_65535,0,4,3069,383,0,1,0,10,0,15,1,1,pre_allocation
1,503,normal,0,0,65535_65535,0,4,3069,421,1,1,1,11,421,15,1,1,allocated
1,503,normal,0,0,65535_65535,0,5,3069,383,0,1,0,10,0,15,1,1,pre_allocation
1,503,normal,0,0,65535_65535,0,5,3069,421,1,1,1,11,421,15,1,1,allocated
1,503,normal,0,0,65535_65535,0,1,3069,421,0,1,0,11,0,15,1,1,pre_allocation
1,503,normal,0,0,65535_65535,0,1,3069,460,1,1,1,12,460,15,1,1,allocated
1,503,normal,0,0,65535_65535,0,2,3069,421,0,1,0,11,0,15,1,1,pre_allocation
1,503,normal,0,0,65535_65535,0,2,3069,460,1,1,1,12,460,15,1,1,allocated
1,503,normal,0,0,65535_65535,0,3,3069,421,0,1,0,11,0,15,1,1,pre_allocation
1,503,normal,0,0,65535_65535,0,3,3069,460,1,1,1,12,460,15,1,1,allocated
1,503,normal,0,0,65535_65535,0,4,3069,421,0,1,0,11,0,15,1,1,pre_allocation
1,503,normal,0,0,65535_65535,0,4,3069,460,1,1,1,12,460,15,1,1,allocated
1,503,normal,0,0,65535_65535,0,5,3069,421,0,1,0,11,0,15,1,1,pre_allocation
1,503,normal,0,0,65535_65535,0,5,3069,460,1,1,1,12,460,15,1,1,allocated
1,503,normal,0,0,65535_65535,0,1,3069,460,0,1,0,12,0,15,1,1,pre_allocation
1,503,normal,0,0,65535_65535,0,1,3069,498,1,1,1,13,498,15,1,1,allocated
1,503,normal,0,0,65535_65535,0,2,3069,460,0,1,0,12,0,15,1,1,pre_allocation
1,503,normal,0,0,65535_65535,0,2,3069,498,1,1,1,13,498,15,1,1,allocated
1,503,normal,0,0,65535_65535,0,3,3069,460,0,1,0,12,0,15,1,1,pre_allocation
1,503,normal,0,0,65535_65535,0,3,3069,498,1,1,1,13,498,15,1,1,allocated
1,503,normal,0,0,65535_65535,0,4,3069,460,0,1,0,12,0,15,1,1,pre_allocation
1,503,normal,0,0,65535_65535,0,4,3069,498,1,1,1,13,498,15,1,1,allocated
1,503,normal,0,0,65535_65535,0,5,3069,460,0,1,0,12,0,15,1,1,pre_allocation
1,503,normal,0,0,65535_65535,0,5,3069,498,1,1,1,13,498,15,1,1,allocated
1,503,normal,0,0,65535_65535,0,1,3069,498,0,1,0,13,0,15,1,1,pre_allocation
1,503,normal,0,0,65535_65535,0,1,3069,537,1,1,1,14,537,15,1,1,allocated
1,503,normal,0,0,65535_65535,0,2,3069,498,0,1,0,13,0,15,1,1,pre_allocation
1,503,normal,0,0,65535_65535,0,2,3069,537,1,1,1,14,537,15,1,1,allocated
1,503,normal,0,0,65535_65535,0,3,3069,498,0,1,0,13,0,15,1,1,pre_allocation
1,503,normal,0,0,65535_65535,0,3,3069,537,1,1,1,14,537,15,1,1,allocated
1,503,normal,0,0,65535_65535,0,4,3069,498,0,1,0,13,0,15,1,1,pre_allocation
1,503,normal,0,0,65535_65535,0,4,3069,537,1,1,1,14,537,15,1,1,allocated
1,503,normal,0,0,65535_65535,0,5,3069,498,0,1,0,13,0,15,1,1,pre_allocation
1,503,normal,0,0,65535_65535,0,5,3069,537,1,1,1,14,537,15,1,1,allocated
1,503,normal,0,0,65535_65535,0,1,3069,537,0,1,0,14,0,15,1,1,pre_allocation
1,503,normal,0,0,65535_65535,0,1,3069,576,1,1,1,15,576,15,1,1,allocated
1,503,normal,0,0,65535_65535,0,2,3069,537,0,1,0,14,0,15,1,1,pre_allocation
1,503,normal,0,0,65535_65535,0,2,3069,576,1,1,1,15,576,15,1,1,allocated
1,503,normal,0,0,65535_65535,0,3,3069,537,0,1,0,14,0,15,1,1,pre_allocation
1,503,normal,0,0,65535_65535,0,3,3069,576,1,1,1,15,576,15,1,1,allocated
1,503,normal,0,0,65535_65535,0,4,3069,537,0,1,0,14,0,15,1,1,pre_allocation
1,503,normal,0,0,65535_65535,0,4,3069,576,1,1,1,15,576,15,1,1,allocated
1,503,normal,0,0,65535_65535,0,5,3069,537,0,1,0,14,0,15,1,1,pre_allocation
1,503,normal,0,0,65535_65535,0,5,3069,576,1,1,1,15,576,15,1,1,allocated
1,503,normal,0,0,65535_65535,0,1,3069,576,0,1,0,15,0,15,1,1,pre_allocation
1,503,normal,0,0,65535_65535,0,1,3069,614,1,1,1,16,614,15,1,1,allocated
1,503,normal,0,0,65535_65535,0,2,3069,576,0,1,0,15,0,15,1,1,pre_allocation
1,503,normal,0,0,65535_65535,0,2,3069,614,1,1,1,16,614,15,1,1,allocated
1,503,normal,0,0,65535_65535,0,3,3069,576,0,1,0,15,0,15,1,1,pre_allocation
1,503,normal,0,0,65535_65535,0,3,3069,614,1,1,1,16,614,15,1,1,allocated
1,503,normal,0,0,65535_65535,0,4,3069,576,0,1,0,15,0,15,1,1,pre_allocation
1,503,normal,0,0,65535_65535,0,4,3069,614,1,1,1,16,614,15,1,1,allocated
1,503,normal,0,0,65535_65535,0,5,3069,576,0,1,0,15,0,15,1,1,pre_allocation
1,503,normal,0,0,65535_65535,0,5,3069,614,1,1,1,16,614,15,1,1,allocated
1,503,normal,0,0,65535_65535,0,1,3069,614,0,1,0,16,0,15,1,1,pre_allocation
1,503,normal,0,0,65535_65535,0,1,3069,653,1,1,1,17,653,15,1,1,allocated
1,503,normal,0,0,65535_65535,0,2,3069,614,0,1,0,16,0,15,1,1,pre_allocation
1,503,normal,0,0,65535_65535,0,2,3069,653,1,1,1,17,653,15,1,1,allocated
1,503,normal,0,0,65535_65535,0,3,3069,614,0,1,0,16,0,15,1,1,pre_allocation
1,503,normal,0,0,65535_65535,0,3,3069,653,1,1,1,17,653,15,1,1,allocated
1,503,normal,0,0,65535_65535,0,4,3069,614,0,1,0,16,0,15,1,1,pre_allocation
1,503,normal,0,0,65535_65535,0,4,3069,653,1,1,1,17,653,15,1,1,allocated
1,503,normal,0,0,65535_65535,0,5,3069,614,0,1,0,16,0,15,1,1,pre_allocation
1,503,normal,0,0,65535_65535,0,5,3069,653,1,1,1,17,653,15,1,1,allocated
1,503,normal,0,0,65535_65535,0,1,3069,653,0,1,0,17,0,15,1,1,pre_allocation
1,503,normal,0,0,65535_65535,0,1,3069,691,1,1,1,18,691,15,1,1,allocated
1,503,normal,0,0,65535_65535,0,2,3069,653,0,1,0,17,0,15,1,1,pre_allocation
1,503,normal,0,0,65535_65535,0,2,3069,691,1,1,1,18,691,15,1,1,allocated
1,503,normal,0,0,65535_65535,0,3,3069,653,0,1,0,17,0,15,1,1,pre_allocation
1,503,normal,0,0,65535_65535,0,3,3069,691,1,1,1,18,691,15,1,1,allocated
1,503,normal,0,0,65535_65535,0,4,3069,653,0,1,0,17,0,15,1,1,pre_allocation
1,503,normal,0,0,65535_65535,0,4,3069,691,1,1,1,18,691,15,1,1,allocated
1,503,normal,0,0,65535_65535,0,5,3069,653,0,1,0,17,0,15,1,1,pre_allocation
1,503,normal,0,0,65535_65535,0,5,3069,691,1,1,1,18,691,15,1,1,allocated
1,503,normal,0,0,65535_65535,0,1,3069,691,0,1,0,18,0,15,1,1,pre_allocation
1,503,normal,0,0,65535_65535,0,1,3069,730,1,1,1,19,730,15,1,1,allocated
1,503,normal,0,0,65535_65535,0,2,3069,691,0,1,0,18,0,15,1,1,pre_allocation
1,503,normal,0,0,65535_65535,0,2,3069,730,1,1,1,19,730,15,1,1,allocated
1,503,normal,0,0,65535_65535,0,3,3069,691,0,1,0,18,0,15,1,1,pre_allocation
1,503,normal,0,0,65535_65535,0,3,3069,730,1,1,1,19,730,15,1,1,allocated
1,503,normal,0,0,65535_65535,0,4,3069,691,0,1,0,18,0,15,1,1,pre_allocation
1,503,normal,0,0,65535_65535,0,4,3069,730,1,1,1,19,730,15,1,1,allocated
1,503,normal,0,0,65535_65535,0,5,3069,691,0,1,0,18,0,15,1,1,pre_allocation
1,503,normal,0,0,65535_65535,0,5,3069,730,1,1,1,19,730,15,1,1,allocated
1,503,normal,0,0,65535_65535,0,1,3069,730,0,1,0,19,0,15,1,1,pre_allocation
1,503,normal,0,0,65535_65535,0,1,3069,769,1,1,1,20,769,15,1,1,allocated
1,503,normal,0,0,65535_65535,0,2,3069,730,0,1,0,19,0,15,1,1,pre_allocation
1,503,normal,0,0,65535_65535,0,2,3069,769,1,1,1,20,769,15,1,1,allocated
1,503,normal,0,0,65535_65535,0,3,3069,730,0,1,0,19,0,15,1,1,pre_allocation
1,503,normal,0,0,65535_65535,0,3,3069,769,1,1,1,20,769,15,1,1,allocated
1,503,normal,0,0,65535_65535,0,4,3069,730,0,1,0,19,0,15,1,1,pre_allocation
1,503,normal,0,0,65535_65535,0,4,3069,769,1,1,1,20,769,15,1,1,allocated
1,503,normal,0,0,65535_65535,0,5,3069,730,0,1,0,19,0,15,1,1,pre_allocation
1,503,normal,0,0,65535_65535,0,5,3069,769,1,1,1,20,769,15,1,1,allocated
1,503,normal,0,0,65535_65535,0,1,3069,769,0,1,0,20,0,15,1,1,pre_allocation
1,503,normal,0,0,65535_65535,0,1,3069,807,1,1,1,21,807,15,1,1,allocated
1,503,normal,0,0,65535_65535,0,2,3069,769,0,1,0,20,0,15,1,1,pre_allocation
1,503,normal,0,0,65535_65535,0,2,3069,807,1,1,1,21,807,15,1,1,allocated
1,503,normal,0,0,65535_65535,0,3,3069,769,0,1,0,20,0,15,1,1,pre_allocation
1,503,normal,0,0,65535_65535,0,3,3069,807,1,1,1,21,807,15,1,1,allocated
1,503,normal,0,0,65535_65535,0,4,3069,769,0,1,0,20,0,15,1,1,pre_allocation
1,503,normal,0,0,65535_65535,0,4,3069,807,1,1,1,21,807,15,1,1,allocated
1,503,normal,0,0,65535_65535,0,5,3069,769,0,1,0,20,0,15,1,1,pre_allocation
1,503,normal,0,0,65535_65535,0,5,3069,807,1,1,1,21,807,15,1,1,allocated
1,503,normal,0,0,65535_65535,0,1,3069,807,0,1,0,21,0,15,1,1,pre_allocation
1,503,normal,0,0,65535_65535,0,1,3069,846,1,1,1,22,846,15,1,1,allocated
1,503,normal,0,0,65535_65535,0,2,3069,807,0,1,0,21,0,15,1,1,pre_allocation
1,503,normal,0,0,65535_65535,0,2,3069,846,1,1,1,22,846,15,1,1,allocated
1,503,normal,0,0,65535_65535,0,3,3069,807,0,1,0,21,0,15,1,1,pre_allocation
1,503,normal,0,0,65535_65535,0,3,3069,846,1,1,1,22,846,15,1,1,allocated
1,503,normal,0,0,65535_65535,0,4,3069,807,0,1,0,21,0,15,1,1,pre_allocation
1,503,normal,0,0,65535_65535,0,4,3069,846,1,1,1,22,846,15,1,1,allocated
1,503,normal,0,0,65535_65535,0,5,3069,807,0,1,0,21,0,15,1,1,pre_allocation
1,503,normal,0,0,65535_65535,0,5,3069,846,1,1,1,22,846,15,1,1,allocated
1,503,normal,0,0,65535_65535,0,1,3069,846,0,1,0,22,0,15,1,1,pre_allocation
1,503,normal,0,0,65535_65535,0,1,3069,885,1,1,1,23,885,15,1,1,allocated
1,503,normal,0,0,65535_65535,0,2,3069,846,0,1,0,22,0,15,1,1,pre_allocation
1,503,normal,0,0,65535_65535,0,2,3069,885,1,1,1,23,885,15,1,1,allocated
1,503,normal,0,0,65535_65535,0,3,3069,846,0,1,0,22,0,15,1,1,pre_allocation
1,503,normal,0,0,65535_65535,0,3,3069,885,1,1,1,23,885,15,1,1,allocated
1,503,normal,0,0,65535_65535,0,4,3069,846,0,1,0,22,0,15,1,1,pre_allocation
1,503,normal,0,0,65535_65535,0,4,3069,885,1,1,1,23,885,15,1,1,allocated
1,503,normal,0,0,65535_65535,0,5,3069,846,0,1,0,22,0,15,1,1,pre_allocation
1,503,normal,0,0,65535_65535,0,5,3069,885,1,1,1,23,885,15,1,1,allocated
1,503,normal,0,0,65535_65535,0,1,3069,885,0,1,0,23,0,15,1,1,pre_allocation
1,503,normal,0,0,65535_65535,0,1,3069,923,1,1,1,24,923,15,1,1,allocated
1,503,normal,0,0,65535_65535,0,2,3069,885,0,1,0,23,0,15,1,1,pre_allocation
1,503,normal,0,0,65535_65535,0,2,3069,923,1,1,1,24,923,15,1,1,allocated
1,503,normal,0,0,65535_65535,0,3,3069,885,0,1,0,23,0,15,1,1,pre_allocation
1,503,normal,0,0,65535_65535,0,3,3069,923,1,1,1,24,923,15,1,1,allocated
1,503,normal,0,0,65535_65535,0,4,3069,885,0,1,0,23,0,15,1,1,pre_allocation
1,503,normal,0,0,65535_65535,0,4,3069,923,1,1,1,24,923,15,1,1,allocated
1,503,normal,0,0,65535_65535,0,5,3069,885,0,1,0,23,0,15,1,1,pre_allocation
1,503,normal,0,0,65535_65535,0,5,3069,923,1,1,1,24,923,15,1,1,allocated
1,503,normal,0,0,65535_65535,0,1,3069,923,0,1,0,24,0,15,1,1,pre_allocation
1,503,normal,0,0,65535_65535,0,1,3069,962,1,1,1,25,962,15,1,1,allocated
1,503,normal,0,0,65535_65535,0,2,3069,923,0,1,0,24,0,15,1,1,pre_allocation
1,503,normal,0,0,65535_65535,0,2,3069,962,1,1,1,25,962,15,1,1,allocated
1,503,normal,0,0,65535_65535,0,3,3069,923,0,1,0,24,0,15,1,1,pre_allocation
1,503,normal,0,0,65535_65535,0,3,3069,962,1,1,1,25,962,15,1,1,allocated
1,503,normal,0,0,65535_65535,0,4,3069,923,0,1,0,24,0,15,1,1,pre_allocation
1,503,normal,0,0,65535_65535,0,4,3069,962,1,1,1,25,962,15,1,1,allocated
1,503,normal,0,0,65535_65535,0,5,3069,923,0,1,0,24,0,15,1,1,pre_allocation
1,503,normal,0,0,65535_65535,0,5,3069,962,1,1,1,25,962,15,1,1,allocated
1,503,normal,0,0,65535_65535,0,1,3069,962,0,1,0,25,0,15,1,1,pre_allocation
1,503,normal,0,0,65535_65535,0,1,3069,1000,1,1,1,26,1000,15,1,1,allocated
1,503,normal,0,0,65535_65535,0,2,3069,962,0,1,0,25,0,15,1,1,pre_allocation
1,503,normal,0,0,65535_65535,0,2,3069,1000,1,1,1,26,1000,15,1,1,allocated
1,503,normal,0,0,65535_65535,0,3,3069,962,0,1,0,25,0,15,1,1,pre_allocation
1,503,normal,0,0,65535_65535,0,3,3069,1000,1,1,1,26,1000,15,1,1,allocated
1,503,normal,0,0,65535_65535,0,4,3069,962,0,1,0,25,0,15,1,1,pre_allocation
1,503,normal,0,0,65535_65535,0,4,3069,1000,1,1,1,26,1000,15,1,1,allocated
1,503,normal,0,0,65535_65535,0,5,3069,962,0,1,0,25,0,15,1,1,pre_allocation
1,503,normal,0,0,65535_65535,0,5,3069,1000,1,1,1,26,1000,15,1,1,allocated
1,503,normal,0,0,65535_65535,0,1,3069,1000,0,1,0,26,0,15,1,1,pre_allocation
1,503,normal,0,0,65535_65535,0,1,3069,1039,1,1,1,27,1039,15,1,1,allocated
1,503,normal,0,0,65535_65535,0,2,3069,1000,0,1,0,26,0,15,1,1,pre_allocation
1,503,normal,0,0,65535_65535,0,2,3069,1039,1,1,1,27,1039,15,1,1,allocated
1,503,normal,0,0,65535_65535,0,3,3069,1000,0,1,0,26,0,15,1,1,pre_allocation
1,503,normal,0,0,65535_65535,0,3,3069,1039,1,1,1,27,1039,15,1,1,allocated
1,503,normal,0,0,65535_65535,0,4,3069,1000,0,1,0,26,0,15,1,1,pre_allocation
1,503,normal,0,0,65535_65535,0,4,3069,1039,1,1,1,27,1039,15,1,1,allocated
1,503,normal,0,0,65535_65535,0,5,3069,1000,0,1,0,26,0,15,1,1,pre_allocation
1,503,normal,0,0,65535_65535,0,5,3069,1039,1,1,1,27,1039,15,1,1,allocated
1,503,normal,0,0,65535_65535,0,1,3069,1039,0,1,0,27,0,15,1,1,pre_allocation
1,503,normal,0,0,65535_65535,0,1,3069,1078,1,1,1,28,1078,15,1,1,allocated
1,503,normal,0,0,65535_65535,0,2,3069,1039,0,1,0,27,0,15,1,1,pre_allocation
1,503,normal,0,0,65535_65535,0,2,3069,1078,1,1,1,28,1078,15,1,1,allocated
1,503,normal,0,0,65535_65535,0,3,3069,1039,0,1,0,27,0,15,1,1,pre_allocation
1,503,normal,0,0,65535_65535,0,3,3069,1078,1,1,1,28,1078,15,1,1,allocated
1,503,normal,0,0,65535_65535,0,4,3069,1039,0,1,0,27,0,15,1,1,pre_allocation
1,503,normal,0,0,65535_65535,0,4,3069,1078,1,1,1,28,1078,15,1,1,allocated
1,503,normal,0,0,65535_65535,0,5,3069,1039,0,1,0,27,0,15,1,1,pre_allocation
1,503,normal,0,0,65535_65535,0,5,3069,1078,1,1,1,28,1078,15,1,1,allocated
1,503,normal,0,0,65535_65535,0,1,3069,1078,0,1,0,28,0,15,1,1,pre_allocation
1,503,normal,0,0,65535_65535,0,1,3069,1116,1,1,1,29,1116,15,1,1,allocated
1,503,normal,0,0,65535_65535,0,2,3069,1078,0,1,0,28,0,15,1,1,pre_allocation
1,503,normal,0,0,65535_65535,0,2,3069,1116,1,1,1,29,1116,15,1,1,allocated
1,503,normal,0,0,65535_65535,0,3,3069,1078,0,1,0,28,0,15,1,1,pre_allocation
1,503,normal,0,0,65535_65535,0,3,3069,1116,1,1,1,29,1116,15,1,1,allocated
1,503,normal,0,0,65535_65535,0,4,3069,1078,0,1,0,28,0,15,1,1,pre_allocation
1,503,normal,0,0,65535_65535,0,4,3069,1116,1,1,1,29,1116,15,1,1,allocated
1,503,normal,0,0,65535_65535,0,5,3069,1078,0,1,0,28,0,15,1,1,pre_allocation
1,503,normal,0,0,65535_65535,0,5,3069,1116,1,1,1,29,1116,15,1,1,allocated
1,503,normal,0,0,65535_65535,0,1,3069,1116,0,1,0,29,0,15,1,1,pre_allocation
1,503,normal,0,0,65535_65535,0,1,3069,1155,1,1,1,30,1155,15,1,1,allocated
1,503,normal,0,0,65535_65535,0,2,3069,1116,0,1,0,29,0,15,1,1,pre_allocation
1,503,normal,0,0,65535_65535,0,2,3069,1155,1,1,1,30,1155,15,1,1,allocated
1,503,normal,0,0,65535_65535,0,3,3069,1116,0,1,0,29,0,15,1,1,pre_allocation
1,503,normal,0,0,65535_65535,0,3,3069,1155,1,1,1,30,1155,15,1,1,allocated
1,503,normal,0,0,65535_65535,0,4,3069,1116,0,1,0,29,0,15,1,1,pre_allocation
1,503,normal,0,0,65535_65535,0,4,3069,1155,1,1,1,30,1155,15,1,1,allocated
1,503,normal,0,0,65535_65535,0,5,3069,1116,0,1,0,29,0,15,1,1,pre_allocation
1,503,normal,0,0,65535_65535,0,5,3069,1155,1,1,1,30,1155,15,1,1,allocated
1,503,normal,0,0,65535_65535,0,1,3069,1155,0,1,0,30,0,15,1,1,pre_allocation
1,503,normal,0,0,65535_65535,0,1,3069,1193,1,1,1,31,1193,15,1,1,allocated
1,503,normal,0,0,65535_65535,0,2,3069,1155,0,1,0,30,0,15,1,1,pre_allocation
1,503,normal,0,0,65535_65535,0,2,3069,1193,1,1,1,31,1193,15,1,1,allocated
1,503,normal,0,0,65535_65535,0,3,3069,1155,0,1,0,30,0,15,1,1,pre_allocation
1,503,normal,0,0,65535_65535,0,3,3069,1193,1,1,1,31,1193,15,1,1,allocated
1,503,normal,0,0,65535_65535,0,4,3069,1155,0,1,0,30,0,15,1,1,pre_allocation
1,503,normal,0,0,65535_65535,0,4,3069,1193,1,1,1,31,1193,15,1,1,allocated
1,503,normal,0,0,65535_65535,0,5,3069,1155,0,1,0,30,0,15,1,1,pre_allocation
1,503,normal,0,0,65535_65535,0,5,3069,1193,1,1,1,31,1193,15,1,1,allocated
1,503,normal,0,0,65535_65535,0,1,3069,1193,0,1,0,31,0,15,1,1,pre_allocation
1,503,normal,0,0,65535_65535,0,1,3069,1232,1,1,1,32,1232,15,1,1,allocated
1,503,normal,0,0,65535_65535,0,2,3069,1193,0,1,0,31,0,15,1,1,pre_allocation
1,503,normal,0,0,65535_65535,0,2,3069,1232,1,1,1,32,1232,15,1,1,allocated
1,503,normal,0,0,65535_65535,0,3,3069,1193,0,1,0,31,0,15,1,1,pre_allocation
1,503,normal,0,0,65535_65535,0,3,3069,1232,1,1,1,32,1232,15,1,1,allocated
1,503,normal,0,0,65535_65535,0,4,3069,1193,0,1,0,31,0,15,1,1,pre_allocation
1,503,normal,0,0,65535_65535,0,4,3069,1232,1,1,1,32,1232,15,1,1,allocated
1,503,normal,0,0,65535_65535,0,5,3069,1193,0,1,0,31,0,15,1,1,pre_allocation
1,503,normal,0,0,65535_65535,0,5,3069,1232,1,1,1,32,1232,15,1,1,allocated
1,503,normal,0,0,65535_65535,0,1,3069,1232,0,1,0,32,0,15,1,1,pre_allocation
1,503,normal,0,0,65535_65535,0,1,3069,1271,1,1,1,33,1271,15,1,1,allocated
1,503,normal,0,0,65535_65535,0,2,3069,1232,0,1,0,32,0,15,1,1,pre_allocation
1,503,normal,0,0,65535_65535,0,2,3069,1271,1,1,1,33,1271,15,1,1,allocated
1,503,normal,0,0,65535_65535,0,3,3069,1232,0,1,0,32,0,15,1,1,pre_allocation
1,503,normal,0,0,65535_65535,0,3,3069,1271,1,1,1,33,1271,15,1,1,allocated
1,503,normal,0,0,65535_65535,0,4,3069,1232,0,1,0,32,0,15,1,1,pre_allocation
1,503,normal,0,0,65535_65535,0,4,3069,1271,1,1,1,33,1271,15,1,1,allocated
1,503,normal,0,0,65535_65535,0,5,3069,1232,0,1,0,32,0,15,1,1,pre_allocation
1,503,normal,0,0,65535_65535,0,5,3069,1271,1,1,1,33,1271,15,1,1,allocated
1,503,normal,0,0,65535_65535,0,1,3069,1271,0,1,0,33,0,15,1,1,pre_allocation
1,503,normal,0,0,65535_65535,0,1,3069,1309,1,1,1,34,1309,15,1,1,allocated
1,503,normal,0,0,65535_65535,0,2,3069,1271,0,1,0,33,0,15,1,1,pre_allocation
1,503,normal,0,0,65535_65535,0,2,3069,1309,1,1,1,34,1309,15,1,1,allocated
1,503,normal,0,0,65535_65535,0,3,3069,1271,0,1,0,33,0,15,1,1,pre_allocation
1,503,normal,0,0,65535_65535,0,3,3069,1309,1,1,1,34,1309,15,1,1,allocated
1,503,normal,0,0,65535_65535,0,4,3069,1271,0,1,0,33,0,15,1,1,pre_allocation
1,503,normal,0,0,65535_65535,0,4,3069,1309,1,1,1,34,1309,15,1,1,allocated
1,503,normal,0,0,65535_65535,0,5,3069,1271,0,1,0,33,0,15,1,1,pre_allocation
1,503,normal,0,0,65535_65535,0,5,3069,1309,1,1,1,34,1309,15,1,1,allocated
1,503,normal,0,0,65535_65535,0,1,3069,1309,0,1,0,34,0,15,1,1,pre_allocation
1,503,normal,0,0,65535_65535,0,1,3069,1348,1,1,1,35,1348,15,1,1,allocated
1,503,normal,0,0,65535_65535,0,2,3069,1309,0,1,0,34,0,15,1,1,pre_allocation
1,503,normal,0,0,65535_65535,0,2,3069,1348,1,1,1,35,1348,15,1,1,allocated
1,503,normal,0,0,65535_65535,0,3,3069,1309,0,1,0,34,0,15,1,1,pre_allocation
1,503,normal,0,0,65535_65535,0,3,3069,1348,1,1,1,35,1348,15,1,1,allocated
1,503,normal,0,0,65535_65535,0,4,3069,1309,0,1,0,34,0,15,1,1,pre_allocation
1,503,normal,0,0,65535_65535,0,4,3069,1348,1,1,1,35,1348,15,1,1,allocated
1,503,normal,0,0,65535_65535,0,5,3069,1309,0,1,0,34,0,15,1,1,pre_allocation
1,503,normal,0,0,65535_65535,0,5,3069,1348,1,1,1,35,1348,15,1,1,allocated
1,503,normal,0,0,65535_65535,0,1,3069,1348,0,1,0,35,0,15,1,1,pre_allocation
1,503,normal,0,0,65535_65535,0,1,3069,1386,1,1,1,36,1386,15,1,1,allocated
1,503,normal,0,0,65535_65535,0,2,3069,1348,0,1,0,35,0,15,1,1,pre_allocation
1,503,normal,0,0,65535_65535,0,2,3069,1386,1,1,1,36,1386,15,1,1,allocated
1,503,normal,0,0,65535_65535,0,3,3069,1348,0,1,0,35,0,15,1,1,pre_allocation
1,503,normal,0,0,65535_65535,0,3,3069,1386,1,1,1,36,1386,15,1,1,allocated
1,503,normal,0,0,65535_65535,0,4,3069,1348,0,1,0,35,0,15,1,1,pre_allocation
1,503,normal,0,0,65535_65535,0,4,3069,1386,1,1,1,36,1386,15,1,1,allocated
1,503,normal,0,0,65535_65535,0,5,3069,1348,0,1,0,35,0,15,1,1,pre_allocation
1,503,normal,0,0,65535_65535,0,5,3069,1386,1,1,1,36,1386,15,1,1,allocated
1,503,normal,0,0,65535_65535,0,1,3069,1386,0,1,0,36,0,15,1,1,pre_allocation
1,503,normal,0,0,65535_65535,0,1,3069,1425,1,1,1,37,1425,15,1,1,allocated
1,503,normal,0,0,65535_65535,0,2,3069,1386,0,1,0,36,0,15,1,1,pre_allocation
1,503,normal,0,0,65535_65535,0,2,3069,1425,1,1,1,37,1425,15,1,1,allocated
1,503,normal,0,0,65535_65535,0,3,3069,1386,0,1,0,36,0,15,1,1,pre_allocation
1,503,normal,0,0,65535_65535,0,3,3069,1425,1,1,1,37,1425,15,1,1,allocated
1,503,normal,0,0,65535_65535,0,4,3069,1386,0,1,0,36,0,15,1,1,pre_allocation
1,503,normal,0,0,65535_65535,0,4,3069,1425,1,1,1,37,1425,15,1,1,allocated
1,503,normal,0,0,65535_65535,0,5,3069,1386,0,1,0,36,0,15,1,1,pre_allocation
1,503,normal,0,0,65535_65535,0,5,3069,1425,1,1,1,37,1425,15,1,1,allocated
1,503,normal,0,0,65535_65535,0,1,3069,1425,0,1,0,37,0,15,1,1,pre_allocation
1,503,normal,0,0,65535_65535,0,1,3069,1464,1,1,1,38,1464,15,1,1,allocated
1,503,normal,0,0,65535_65535,0,2,3069,1425,0,1,0,37,0,15,1,1,pre_allocation
1,503,normal,0,0,65535_65535,0,2,3069,1464,1,1,1,38,1464,15,1,1,allocated
1,503,normal,0,0,65535_65535,0,3,3069,1425,0,1,0,37,0,15,1,1,pre_allocation
1,503,normal,0,0,65535_65535,0,3,3069,1464,1,1,1,38,1464,15,1,1,allocated
1,503,normal,0,0,65535_65535,0,4,3069,1425,0,1,0,37,0,15,1,1,pre_allocation
1,503,normal,0,0,65535_65535,0,4,3069,1464,1,1,1,38,1464,15,1,1,allocated
1,503,normal,0,0,65535_65535,0,5,3069,1425,0,1,0,37,0,15,1,1,pre_allocation
1,503,normal,0,0,65535_65535,0,5,3069,1464,1,1,1,38,1464,15,1,1,allocated
1,503,normal,0,0,65535_65535,0,1,3069,1464,0,1,0,38,0,15,1,1,pre_allocation
1,503,normal,0,0,65535_65535,0,1,3069,1502,1,1,1,39,1502,15,1,1,allocated
1,503,normal,0,0,65535_65535,0,2,3069,1464,0,1,0,38,0,15,1,1,pre_allocation
1,503,normal,0,0,65535_65535,0,2,3069,1502,1,1,1,39,1502,15,1,1,allocated
1,503,normal,0,0,65535_65535,0,3,3069,1464,0,1,0,38,0,15,1,1,pre_allocation
1,503,normal,0,0,65535_65535,0,3,3069,1502,1,1,1,39,1502,15,1,1,allocated
1,503,normal,0,0,65535_65535,0,4,3069,1464,0,1,0,38,0,15,1,1,pre_allocation
1,503,normal,0,0,65535_65535,0,4,3069,1502,1,1,1,39,1502,15,1,1,allocated
1,503,normal,0,0,65535_65535,0,5,3069,1464,0,1,0,38,0,15,1,1,pre_allocation
1,503,normal,0,0,65535_65535,0,5,3069,1502,1,1,1,39,1502,15,1,1,allocated
1,503,normal,0,0,65535_65535,0,1,3069,1502,0,1,0,39,0,15,1,1,pre_allocation
1,503,normal,0,0,65535_65535,0,1,3069,1538,1,1,1,40,1538,15,1,1,allocated
1,503,normal,0,0,65535_65535,0,2,3069,1502,0,1,0,39,0,15,1,1,pre_allocation
1,503,normal,0,0,65535_65535,0,2,3069,1538,1,1,1,40,1538,15,1,1,allocated
1,503,normal,0,0,65535_65535,0,3,3069,1502,0,1,0,39,0,15,1,1,pre_allocation
1,503,normal,0,0,65535_65535,0,3,3069,1538,1,1,1,40,1538,15,1,1,allocated
1,503,normal,0,0,65535_65535,0,4,3069,1502,0,1,0,39,0,15,1,1,pre_allocation
1,503,normal,0,0,65535_65535,0,4,3069,1538,1,1,1,40,1538,15,1,1,allocated
1,503,normal,0,0,65535_65535,0,5,3069,1502,0,1,0,39,0,15,1,1,pre_allocation
1,503,normal,0,0,65535_65535,0,5,3069,1538,1,1,1,40,1538,15,1,1,allocated
1,503,normal,0,0,65535_65535,0,1,3069,1538,0,1,0,40,0,15,1,1,pre_allocation
1,503,normal,0,0,65535_65535,0,1,3069,1577,1,1,1,41,1577,15,1,1,allocated
1,503,normal,0,0,65535_65535,0,2,3069,1538,0,1,0,40,0,15,1,1,pre_allocation
1,503,normal,0,0,65535_65535,0,2,3069,1577,1,1,1,41,1577,15,1,1,allocated
1,503,normal,0,0,65535_65535,0,3,3069,1538,0,1,0,40,0,15,1,1,pre_allocation
1,503,normal,0,0,65535_65535,0,3,3069,1577,1,1,1,41,1577,15,1,1,allocated
1,503,normal,0,0,65535_65535,0,4,3069,1538,0,1,0,40,0,15,1,1,pre_allocation
1,503,normal,0,0,65535_65535,0,4,3069,1577,1,1,1,41,1577,15,1,1,allocated
1,503,normal,0,0,65535_65535,0,5,3069,1538,0,1,0,40,0,15,1,1,pre_allocation
1,503,normal,0,0,65535_65535,0,5,3069,1577,1,1,1,41,1577,15,1,1,allocated
1,503,normal,0,0,65535_65535,0,1,3069,1577,0,1,0,41,0,15,1,1,pre_allocation
1,503,normal,0,0,65535_65535,0,1,3069,1615,1,1,1,42,1615,15,1,1,allocated
1,503,normal,0,0,65535_65535,0,2,3069,1577,0,1,0,41,0,15,1,1,pre_allocation
1,503,normal,0,0,65535_65535,0,2,3069,1615,1,1,1,42,1615,15,1,1,allocated
1,503,normal,0,0,65535_65535,0,3,3069,1577,0,1,0,41,0,15,1,1,pre_allocation
1,503,normal,0,0,65535_65535,0,3,3069,1615,1,1,1,42,1615,15,1,1,allocated
1,503,normal,0,0,65535_65535,0,4,3069,1577,0,1,0,41,0,15,1,1,pre_allocation
1,503,normal,0,0,65535_65535,0,4,3069,1615,1,1,1,42,1615,15,1,1,allocated
1,503,normal,0,0,65535_65535,0,5,3069,1577,0,1,0,41,0,15,1,1,pre_allocation
1,503,normal,0,0,65535_65535,0,5,3069,1615,1,1,1,42,1615,15,1,1,allocated
1,503,normal,0,0,65535_65535,0,1,3069,1615,0,1,0,42,0,15,1,1,pre_allocation
1,503,normal,0,0,65535_65535,0,1,3069,1654,1,1,1,43,1654,15,1,1,allocated
1,503,normal,0,0,65535_65535,0,2,3069,1615,0,1,0,42,0,15,1,1,pre_allocation
1,503,normal,0,0,65535_65535,0,2,3069,1654,1,1,1,43,1654,15,1,1,allocated
1,503,normal,0,0,65535_65535,0,3,3069,1615,0,1,0,42,0,15,1,1,pre_allocation
1,503,normal,0,0,65535_65535,0,3,3069,1654,1,1,1,43,1654,15,1,1,allocated
1,503,normal,0,0,65535_65535,0,4,3069,1615,0,1,0,42,0,15,1,1,pre_allocation
1,503,normal,0,0,65535_65535,0,4,3069,1654,1,1,1,43,1654,15,1,1,allocated
1,503,normal,0,0,65535_65535,0,5,3069,1615,0,1,0,42,0,15,1,1,pre_allocation
1,503,normal,0,0,65535_65535,0,5,3069,1654,1,1,1,43,1654,15,1,1,allocated
1,503,normal,0,0,65535_65535,0,1,3069,1654,0,1,0,43,0,15,1,1,pre_allocation
1,503,normal,0,0,65535_65535,0,1,3069,1692,1,1,1,44,1692,15,1,1,allocated
1,503,normal,0,0,65535_65535,0,2,3069,1654,0,1,0,43,0,15,1,1,pre_allocation
1,503,normal,0,0,65535_65535,0,2,3069,1692,1,1,1,44,1692,15,1,1,allocated
1,503,normal,0,0,65535_65535,0,3,3069,1654,0,1,0,43,0,15,1,1,pre_allocation
1,503,normal,0,0,65535_65535,0,3,3069,1692,1,1,1,44,1692,15,1,1,allocated
1,503,normal,0,0,65535_65535,0,4,3069,1654,0,1,0,43,0,15,1,1,pre_allocation
1,503,normal,0,0,65535_65535,0,4,3069,1692,1,1,1,44,1692,15,1,1,allocated
1,503,normal,0,0,65535_65535,0,5,3069,1654,0,1,0,43,0,15,1,1,pre_allocation
1,503,normal,0,0,65535_65535,0,5,3069,1692,1,1,1,44,1692,15,1,1,allocated
1,503,normal,0,0,65535_65535,0,1,3069,1692,0,1,0,44,0,15,1,1,pre_allocation
1,503,normal,0,0,65535_65535,0,1,3069,1731,1,1,1,45,1731,15,1,1,allocated
1,503,normal,0,0,65535_65535,0,2,3069,1692,0,1,0,44,0,15,1,1,pre_allocation
1,503,normal,0,0,65535_65535,0,2,3069,1731,1,1,1,45,1731,15,1,1,allocated
1,503,normal,0,0,65535_65535,0,3,3069,1692,0,1,0,44,0,15,1,1,pre_allocation
1,503,normal,0,0,65535_65535,0,3,3069,1731,1,1,1,45,1731,15,1,1,allocated
1,503,normal,0,0,65535_65535,0,4,3069,1692,0,1,0,44,0,15,1,1,pre_allocation
1,503,normal,0,0,65535_65535,0,4,3069,1731,1,1,1,45,1731,15,1,1,allocated
1,503,normal,0,0,65535_65535,0,5,3069,1692,0,1,0,44,0,15,1,1,pre_allocation
1,503,normal,0,0,65535_65535,0,5,3069,1731,1,1,1,45,1731,15,1,1,allocated
1,503,normal,0,0,65535_65535,0,1,3069,1731,0,1,0,45,0,15,1,1,pre_allocation
1,503,normal,0,0,65535_65535,0,1,3069,1770,1,1,1,46,1770,15,1,1,allocated
1,503,normal,0,0,65535_65535,0,2,3069,1731,0,1,0,45,0,15,1,1,pre_allocation
1,503,normal,0,0,65535_65535,0,2,3069,1770,1,1,1,46,1770,15,1,1,allocated
1,503,normal,0,0,65535_65535,0,3,3069,1731,0,1,0,45,0,15,1,1,pre_allocation
1,503,normal,0,0,65535_65535,0,3,3069,1770,1,1,1,46,1770,15,1,1,allocated
1,503,normal,0,0,65535_65535,0,4,3069,1731,0,1,0,45,0,15,1,1,pre_allocation
1,503,normal,0,0,65535_65535,0,4,3069,1770,1,1,1,46,1770,15,1,1,allocated
1,503,normal,0,0,65535_65535,0,5,3069,1731,0,1,0,45,0,15,1,1,pre_allocation
1,503,normal,0,0,65535_65535,0,5,3069,1770,1,1,1,46,1770,15,1,1,allocated
1,503,normal,0,0,65535_65535,0,1,3069,1770,0,1,0,46,0,15,1,1,pre_allocation
1,503,normal,0,0,65535_65535,0,1,3069,1808,1,1,1,47,1808,15,1,1,allocated
1,503,normal,0,0,65535_65535,0,2,3069,1770,0,1,0,46,0,15,1,1,pre_allocation
1,503,normal,0,0,65535_65535,0,2,3069,1808,1,1,1,47,1808,15,1,1,allocated
1,503,normal,0,0,65535_65535,0,3,3069,1770,0,1,0,46,0,15,1,1,pre_allocation
1,503,normal,0,0,65535_65535,0,3,3069,1808,1,1,1,47,1808,15,1,1,allocated
1,503,normal,0,0,65535_65535,0,4,3069,1770,0,1,0,46,0,15,1,1,pre_allocation
1,503,normal,0,0,65535_65535,0,4,3069,1808,1,1,1,47,1808,15,1,1,allocated
1,503,normal,0,0,65535_65535,0,5,3069,1770,0,1,0,46,0,15,1,1,pre_allocation
1,503,normal,0,0,65535_65535,0,5,3069,1808,1,1,1,47,1808,15,1,1,allocated
1,503,normal,0,0,65535_65535,0,1,3069,1808,0,1,0,47,0,15,1,1,pre_allocation
1,503,normal,0,0,65535_65535,0,1,3069,1847,1,1,1,48,1847,15,1,1,allocated
1,503,normal,0,0,65535_65535,0,2,3069,1808,0,1,0,47,0,15,1,1,pre_allocation
1,503,normal,0,0,65535_65535,0,2,3069,1847,1,1,1,48,1847,15,1,1,allocated
1,503,normal,0,0,65535_65535,0,3,3069,1808,0,1,0,47,0,15,1,1,pre_allocation
1,503,normal,0,0,65535_65535,0,3,3069,1847,1,1,1,48,1847,15,1,1,allocated
1,503,normal,0,0,65535_65535,0,4,3069,1808,0,1,0,47,0,15,1,1,pre_allocation
1,503,normal,0,0,65535_65535,0,4,3069,1847,1,1,1,48,1847,15,1,1,allocated
1,503,normal,0,0,65535_65535,0,5,3069,1808,0,1,0,47,0,15,1,1,pre_allocation
1,503,normal,0,0,65535_65535,0,5,3069,1847,1,1,1,48,1847,15,1,1,allocated
1,503,normal,0,0,65535_65535,0,1,3069,1847,0,1,0,48,0,15,1,1,pre_allocation
1,503,normal,0,0,65535_65535,0,1,3069,1885,1,1,1,49,1885,15,1,1,allocated
1,503,normal,0,0,65535_65535,0,2,3069,1847,0,1,0,48,0,15,1,1,pre_allocation
1,503,normal,0,0,65535_65535,0,2,3069,1885,1,1,1,49,1885,15,1,1,allocated
1,503,normal,0,0,65535_65535,0,3,3069,1847,0,1,0,48,0,15,1,1,pre_allocation
1,503,normal,0,0,65535_65535,0,3,3069,1885,1,1,1,49,1885,15,1,1,allocated
1,503,normal,0,0,65535_65535,0,4,3069,1847,0,1,0,48,0,15,1,1,pre_allocation
1,503,normal,0,0,65535_65535,0,4,3069,1885,1,1,1,49,1885,15,1,1,allocated
1,503,normal,0,0,65535_65535,0,5,3069,1847,0,1,0,48,0,15,1,1,pre_allocation
1,503,normal,0,0,65535_65535,0,5,3069,1885,1,1,1,49,1885,15,1,1,allocated
1,503,normal,0,0,65535_65535,0,1,3069,1885,0,1,0,49,0,15,1,1,pre_allocation
1,503,normal,0,0,65535_65535,0,1,3069,1924,1,1,1,50,1924,15,1,1,allocated
1,503,normal,0,0,65535_65535,0,2,3069,1885,0,1,0,49,0,15,1,1,pre_allocation
1,503,normal,0,0,65535_65535,0,2,3069,1924,1,1,1,50,1924,15,1,1,allocated
1,503,normal,0,0,65535_65535,0,3,3069,1885,0,1,0,49,0,15,1,1,pre_allocation
1,503,normal,0,0,65535_65535,0,3,3069,1924,1,1,1,50,1924,15,1,1,allocated
1,503,normal,0,0,65535_65535,0,4,3069,1885,0,1,0,49,0,15,1,1,pre_allocation
1,503,normal,0,0,65535_65535,0,4,3069,1924,1,1,1,50,1924,15,1,1,allocated
1,503,normal,0,0,65535_65535,0,5,3069,1885,0,1,0,49,0,15,1,1,pre_allocation
1,503,normal,0,0,65535_65535,0,5,3069,1924,1,1,1,50,1924,15,1,1,allocated
1,503,normal,0,0,65535_65535,0,1,3069,1924,0,1,0,50,0,15,1,1,pre_allocation
1,503,normal,0,0,65535_65535,0,1,3069,1963,1,1,1,51,1963,15,1,1,allocated
1,503,normal,0,0,65535_65535,0,2,3069,1924,0,1,0,50,0,15,1,1,pre_allocation
1,503,normal,0,0,65535_65535,0,2,3069,1963,1,1,1,51,1963,15,1,1,allocated
1,503,normal,0,0,65535_65535,0,3,3069,1924,0,1,0,50,0,15,1,1,pre_allocation
1,503,normal,0,0,65535_65535,0,3,3069,1963,1,1,1,51,1963,15,1,1,allocated
1,503,normal,0,0,65535_65535,0,4,3069,1924,0,1,0,50,0,15,1,1,pre_allocation
1,503,normal,0,0,65535_65535,0,4,3069,1963,1,1,1,51,1963,15,1,1,allocated
1,503,normal,0,0,65535_65535,0,5,3069,1924,0,1,0,50,0,15,1,1,pre_allocation
1,503,normal,0,0,65535_65535,0,5,3069,1963,1,1,1,51,1963,15,1,1,allocated
1,503,normal,0,0,65535_65535,0,1,3069,1963,0,1,0,51,0,15,1,1,pre_allocation
1,503,normal,0,0,65535_65535,0,1,3069,2001,1,1,1,52,2001,15,1,1,allocated
1,503,normal,0,0,65535_65535,0,2,3069,1963,0,1,0,51,0,15,1,1,pre_allocation
1,503,normal,0,0,65535_65535,0,2,3069,2001,1,1,1,52,2001,15,1,1,allocated
1,503,normal,0,0,65535_65535,0,3,3069,1963,0,1,0,51,0,15,1,1,pre_allocation
1,503,normal,0,0,65535_65535,0,3,3069,2001,1,1,1,52,2001,15,1,1,allocated
1,503,normal,0,0,65535_65535,0,4,3069,1963,0,1,0,51,0,15,1,1,pre_allocation
1,503,normal,0,0,65535_65535,0,4,3069,2001,1,1,1,52,2001,15,1,1,allocated
1,503,normal,0,0,65535_65535,0,5,3069,1963,0,1,0,51,0,15,1,1,pre_allocation
1,503,normal,0,0,65535_65535,0,5,3069,2001,1,1,1,52,2001,15,1,1,allocated
1,503,normal,0,0,65535_65535,0,1,3069,2001,0,1,0,52,0,15,1,1,pre_allocation
1,503,normal,0,0,65535_65535,0,1,3069,2040,1,1,1,53,2040,15,1,1,allocated
1,503,normal,0,0,65535_65535,0,2,3069,2001,0,1,0,52,0,15,1,1,pre_allocation
1,503,normal,0,0,65535_65535,0,2,3069,2040,1,1,1,53,2040,15,1,1,allocated
1,503,normal,0,0,65535_65535,0,3,3069,2001,0,1,0,52,0,15,1,1,pre_allocation
1,503,normal,0,0,65535_65535,0,3,3069,2040,1,1,1,53,2040,15,1,1,allocated
1,503,normal,0,0,65535_65535,0,4,3069,2001,0,1,0,52,0,15,1,1,pre_allocation
1,503,normal,0,0,65535_65535,0,4,3069,2040,1,1,1,53,2040,15,1,1,allocated
1,503,normal,0,0,65535_65535,0,5,3069,2001,0,1,0,52,0,15,1,1,pre_allocation
1,503,normal,0,0,65535_65535,0,5,3069,2040,1,1,1,53,2040,15,1,1,allocated
1,503,normal,0,0,65535_65535,0,1,3069,2040,0,1,0,53,0,15,1,1,pre_allocation
1,503,normal,0,0,65535_65535,0,1,3069,2078,1,1,1,54,2078,15,1,1,allocated
93,601,normal,0,0,65535_65535,0,1,81706,0,0,1,0,0,0,28,1,1,pre_allocation
93,601,normal,0,0,65535_65535,0,1,81706,34,1,1,1,1,34,28,1,1,allocated
93,601,normal,0,0,65535_65535,0,2,78145,0,0,1,0,0,0,28,1,1,pre_allocation
93,601,normal,0,0,65535_65535,0,2,78145,34,1,1,1,1,34,28,1,1,allocated
93,601,normal,0,0,65535_65535,0,3,79245,0,0,1,0,0,0,28,1,1,pre_allocation
93,601,normal,0,0,65535_65535,0,3,79245,34,1,1,1,1,34,28,1,1,allocated
93,601,normal,0,0,65535_65535,0,4,79496,0,0,1,0,0,0,28,1,1,pre_allocation
93,601,normal,0,0,65535_65535,0,4,79496,34,1,1,1,1,34,28,1,1,allocated
93,601,normal,0,0,65535_65535,0,5,80151,0,0,1,0,0,0,28,1,1,pre_allocation
93,601,normal,0,0,65535_65535,0,5,80151,34,1,1,1,1,34,28,1,1,allocated
93,601,normal,0,0,65535_65535,0,1,81706,34,0,1,0,1,0,28,1,1,pre_allocation
93,601,normal,0,0,65535_65535,0,1,81706,72,1,1,1,2,72,28,1,1,allocated
93,601,normal,0,0,65535_65535,0,2,78145,34,0,1,0,1,0,28,1,1,pre_allocation
93,601,normal,0,0,65535_65535,0,2,78145,72,1,1,1,2,72,28,1,1,allocated
93,601,normal,0,0,65535_65535,0,3,79245,34,0,1,0,1,0,28,1,1,pre_allocation
93,601,normal,0,0,65535_65535,0,3,79245,72,1,1,1,2,72,28,1,1,allocated
93,601,normal,0,0,65535_65535,0,4,79496,34,0,1,0,1,0,28,1,1,pre_allocation
93,601,normal,0,0,65535_65535,0,4,79496,72,1,1,1,2,72,28,1,1,allocated
93,601,normal,0,0,65535_65535,0,5,80151,34,0,1,0,1,0,28,1,1,pre_allocation
93,601,normal,0,0,65535_65535,0,5,80151,72,1,1,1,2,72,28,1,1,allocated
93,601,normal,0,0,65535_65535,0,1,81706,72,0,1,0,2,0,28,1,1,pre_allocation
93,601,normal,0,0,65535_65535,0,1,81706,110,1,1,1,3,110,28,1,1,allocated
93,601,normal,0,0,65535_65535,0,2,78145,72,0,1,0,2,0,28,1,1,pre_allocation
93,601,normal,0,0,65535_65535,0,2,78145,110,1,1,1,3,110,28,1,1,allocated
93,601,normal,0,0,65535_65535,0,3,79245,72,0,1,0,2,0,28,1,1,pre_allocation
93,601,normal,0,0,65535_65535,0,3,79245,110,1,1,1,3,110,28,1,1,allocated
93,601,normal,0,0,65535_65535,0,4,79496,72,0,1,0,2,0,28,1,1,pre_allocation
93,601,normal,0,0,65535_65535,0,4,79496,110,1,1,1,3,110,28,1,1,allocated
93,601,normal,0,0,65535_65535,0,5,80151,72,0,1,0,2,0,28,1,1,pre_allocation
93,601,normal,0,0,65535_65535,0,5,80151,110,1,1,1,3,110,28,1,1,allocated
93,601,normal,0,0,65535_65535,0,1,81706,110,0,1,0,3,0,28,1,1,pre_allocation
93,601,normal,0,0,65535_65535,0,1,81706,148,1,1,1,4,148,28,1,1,allocated
93,601,normal,0,0,65535_65535,0,2,78145,110,0,1,0,3,0,28,1,1,pre_allocation
93,601,normal,0,0,65535_65535,0,2,78145,148,1,1,1,4,148,28,1,1,allocated
93,601,normal,0,0,65535_65535,0,3,79245,110,0,1,0,3,0,28,1,1,pre_allocation
93,601,normal,0,0,65535_65535,0,3,79245,148,1,1,1,4,148,28,1,1,allocated
93,601,normal,0,0,65535_65535,0,4,79496,110,0,1,0,3,0,28,1,1,pre_allocation
93,601,normal,0,0,65535_65535,0,4,79496,148,1,1,1,4,148,28,1,1,allocated
93,601,normal,0,0,65535_65535,0,5,80151,110,0,1,0,3,0,28,1,1,pre_allocation
93,601,normal,0,0,65535_65535,0,5,80151,148,1,1,1,4,148,28,1,1,allocated
93,601,normal,0,0,65535_65535,0,1,81706,148,0,1,0,4,0,28,1,1,pre_allocation
93,601,normal,0,0,65535_65535,0,1,81706,186,1,1,1,5,186,28,1,1,allocated
93,601,normal,0,0,65535_65535,0,2,78145,148,0,1,0,4,0,28,1,1,pre_allocation
93,601,normal,0,0,65535_65535,0,2,78145,186,1,1,1,5,186,28,1,1,allocated
93,601,normal,0,0,65535_65535,0,3,79245,148,0,1,0,4,0,28,1,1,pre_allocation
93,601,normal,0,0,65535_65535,0,3,79245,186,1,1,1,5,186,28,1,1,allocated
93,601,normal,0,0,65535_65535,0,4,79496,148,0,1,0,4,0,28,1,1,pre_allocation
93,601,normal,0,0,65535_65535,0,4,79496,186,1,1,1,5,186,28,1,1,allocated
93,601,normal,0,0,65535_65535,0,5,80151,148,0,1,0,4,0,28,1,1,pre_allocation
93,601,normal,0,0,65535_65535,0,5,80151,186,1,1,1,5,186,28,1,1,allocated
93,601,normal,0,0,65535_65535,0,1,81706,186,0,1,0,5,0,28,1,1,pre_allocation
93,601,normal,0,0,65535_65535,0,1,81706,224,1,1,1,6,224,28,1,1,allocated
93,601,normal,0,0,65535_65535,0,2,78145,186,0,1,0,5,0,28,1,1,pre_allocation
93,601,normal,0,0,65535_65535,0,2,78145,224,1,1,1,6,224,28,1,1,allocated
93,601,normal,0,0,65535_65535,0,3,79245,186,0,1,0,5,0,28,1,1,pre_allocation
93,601,normal,0,0,65535_65535,0,3,79245,224,1,1,1,6,224,28,1,1,allocated
93,601,normal,0,0,65535_65535,0,4,79496,186,0,1,0,5,0,28,1,1,pre_allocation
93,601,normal,0,0,65535_65535,0,4,79496,224,1,1,1,6,224,28,1,1,allocated
93,601,normal,0,0,65535_65535,0,5,80151,186,0,1,0,5,0,28,1,1,pre_allocation
93,601,normal,0,0,65535_65535,0,5,80151,224,1,1,1,6,224,28,1,1,allocated
93,601,normal,0,0,65535_65535,0,1,81706,224,0,1,0,6,0,28,1,1,pre_allocation
93,601,normal,0,0,65535_65535,0,1,81706,262,1,1,1,7,262,28,1,1,allocated
93,601,normal,0,0,65535_65535,0,2,78145,224,0,1,0,6,0,28,1,1,pre_allocation
93,601,normal,0,0,65535_65535,0,2,78145,262,1,1,1,7,262,28,1,1,allocated
93,601,normal,0,0,65535_65535,0,3,79245,224,0,1,0,6,0,28,1,1,pre_allocation
93,601,normal,0,0,65535_65535,0,3,79245,262,1,1,1,7,262,28,1,1,allocated
93,601,normal,0,0,65535_65535,0,4,79496,224,0,1,0,6,0,28,1,1,pre_allocation
93,601,normal,0,0,65535_65535,0,4,79496,262,1,1,1,7,262,28,1,1,allocated
93,601,normal,0,0,65535_65535,0,5,80151,224,0,1,0,6,0,28,1,1,pre_allocation
93,601,normal,0,0,65535_65535,0,5,80151,262,1,1,1,7,262,28,1,1,allocated
93,601,normal,0,0,65535_65535,0,1,81706,262,0,1,0,7,0,28,1,1,pre_allocation
93,601,normal,0,0,65535_65535,0,1,81706,300,1,1,1,8,300,28,1,1,allocated
93,601,normal,0,0,65535_65535,0,2,78145,262,0,1,0,7,0,28,1,1,pre_allocation
93,601,normal,0,0,65535_65535,0,2,78145,300,1,1,1,8,300,28,1,1,allocated
93,601,normal,0,0,65535_65535,0,3,79245,262,0,1,0,7,0,28,1,1,pre_allocation
93,601,normal,0,0,65535_65535,0,3,79245,300,1,1,1,8,300,28,1,1,allocated
93,601,normal,0,0,65535_65535,0,4,79496,262,0,1,0,7,0,28,1,1,pre_allocation
93,601,normal,0,0,65535_65535,0,4,79496,300,1,1,1,8,300,28,1,1,allocated
93,601,normal,0,0,65535_65535,0,5,80151,262,0,1,0,7,0,28,1,1,pre_allocation
93,601,normal,0,0,65535_65535,0,5,80151,300,1,1,1,8,300,28,1,1,allocated
93,601,normal,0,0,65535_65535,0,1,81706,300,0,1,0,8,0,28,1,1,pre_allocation
93,601,normal,0,0,65535_65535,0,1,81706,338,1,1,1,9,338,28,1,1,allocated
93,601,normal,0,0,65535_65535,0,2,78145,300,0,1,0,8,0,28,1,1,pre_allocation
93,601,normal,0,0,65535_65535,0,2,78145,338,1,1,1,9,338,28,1,1,allocated
93,601,normal,0,0,65535_65535,0,3,79245,300,0,1,0,8,0,28,1,1,pre_allocation
93,601,normal,0,0,65535_65535,0,3,79245,338,1,1,1,9,338,28,1,1,allocated
93,601,normal,0,0,65535_65535,0,4,79496,300,0,1,0,8,0,28,1,1,pre_allocation
93,601,normal,0,0,65535_65535,0,4,79496,338,1,1,1,9,338,28,1,1,allocated
93,601,normal,0,0,65535_65535,0,5,80151,300,0,1,0,8,0,28,1,1,pre_allocation
93,601,normal,0,0,65535_65535,0,5,80151,338,1,1,1,9,338,28,1,1,allocated
93,601,normal,0,0,65535_65535,0,1,81706,338,0,1,0,9,0,28,1,1,pre_allocation
93,601,normal,0,0,65535_65535,0,1,81706,376,1,1,1,10,376,28,1,1,allocated
93,601,normal,0,0,65535_65535,0,2,78145,338,0,1,0,9,0,28,1,1,pre_allocation
93,601,normal,0,0,65535_65535,0,2,78145,376,1,1,1,10,376,28,1,1,allocated
93,601,normal,0,0,65535_65535,0,3,79245,338,0,1,0,9,0,28,1,1,pre_allocation
93,601,normal,0,0,65535_65535,0,3,79245,376,1,1,1,10,376,28,1,1,allocated
93,601,normal,0,0,65535_65535,0,4,79496,338,0,1,0,9,0,28,1,1,pre_allocation
93,601,normal,0,0,65535_65535,0,4,79496,376,1,1,1,10,376,28,1,1,allocated
93,601,normal,0,0,65535_65535,0,5,80151,338,0,1,0,9,0,28,1,1,pre_allocation
93,601,normal,0,0,65535_65535,0,5,80151,376,1,1,1,10,376,28,1,1,allocated
93,601,normal,0,0,65535_65535,0,1,81706,376,0,1,0,10,0,28,1,1,pre_allocation
93,601,normal,0,0,65535_65535,0,1,81706,414,1,1,1,11,414,28,1,1,allocated
93,601,normal,0,0,65535_65535,0,2,78145,376,0,1,0,10,0,28,1,1,pre_allocation
93,601,normal,0,0,65535_65535,0,2,78145,414,1,1,1,11,414,28,1,1,allocated
93,601,normal,0,0,65535_65535,0,3,79245,376,0,1,0,10,0,28,1,1,pre_allocation
93,601,normal,0,0,65535_65535,0,3,79245,414,1,1,1,11,414,28,1,1,allocated
93,601,normal,0,0,65535_65535,0,4,79496,376,0,1,0,10,0,28,1,1,pre_allocation
93,601,normal,0,0,65535_65535,0,4,79496,414,1,1,1,11,414,28,1,1,allocated
93,601,normal,0,0,65535_65535,0,5,80151,376,0,1,0,10,0,28,1,1,pre_allocation
93,601,normal,0,0,65535_65535,0,5,80151,414,1,1,1,11,414,28,1,1,allocated
93,601,normal,0,0,65535_65535,0,1,81706,414,0,1,0,11,0,28,1,1,pre_allocation
93,601,normal,0,0,65535_65535,0,1,81706,452,1,1,1,12,452,28,1,1,allocated
93,601,normal,0,0,65535_65535,0,2,78145,414,0,1,0,11,0,28,1,1,pre_allocation
93,601,normal,0,0,65535_65535,0,2,78145,452,1,1,1,12,452,28,1,1,allocated
93,601,normal,0,0,65535_65535,0,3,79245,414,0,1,0,11,0,28,1,1,pre_allocation
93,601,normal,0,0,65535_65535,0,3,79245,452,1,1,1,12,452,28,1,1,allocated
93,601,normal,0,0,65535_65535,0,4,79496,414,0,1,0,11,0,28,1,1,pre_allocation
93,601,normal,0,0,65535_65535,0,4,79496,452,1,1,1,12,452,28,1,1,allocated
93,601,normal,0,0,65535_65535,0,5,80151,414,0,1,0,11,0,28,1,1,pre_allocation
93,601,normal,0,0,65535_65535,0,5,80151,452,1,1,1,12,452,28,1,1,allocated
93,601,normal,0,0,65535_65535,0,1,81706,452,0,1,0,12,0,28,1,1,pre_allocation
93,601,normal,0,0,65535_65535,0,1,81706,490,1,1,1,13,490,28,1,1,allocated
93,601,normal,0,0,65535_65535,0,2,78145,452,0,1,0,12,0,28,1,1,pre_allocation
93,601,normal,0,0,65535_65535,0,2,78145,490,1,1,1,13,490,28,1,1,allocated
93,601,normal,0,0,65535_65535,0,3,79245,452,0,1,0,12,0,28,1,1,pre_allocation
93,601,normal,0,0,65535_65535,0,3,79245,490,1,1,1,13,490,28,1,1,allocated
93,601,normal,0,0,65535_65535,0,4,79496,452,0,1,0,12,0,28,1,1,pre_allocation
93,601,normal,0,0,65535_65535,0,4,79496,490,1,1,1,13,490,28,1,1,allocated
93,601,normal,0,0,65535_65535,0,5,80151,452,0,1,0,12,0,28,1,1,pre_allocation
93,601,normal,0,0,65535_65535,0,5,80151,490,1,1,1,13,490,28,1,1,allocated
93,601,normal,0,0,65535_65535,0,1,81706,490,0,1,0,13,0,28,1,1,pre_allocation
93,601,normal,0,0,65535_65535,0,1,81706,528,1,1,1,14,528,28,1,1,allocated
93,601,normal,0,0,65535_65535,0,2,78145,490,0,1,0,13,0,28,1,1,pre_allocation
93,601,normal,0,0,65535_65535,0,2,78145,528,1,1,1,14,528,28,1,1,allocated
93,601,normal,0,0,65535_65535,0,3,79245,490,0,1,0,13,0,28,1,1,pre_allocation
93,601,normal,0,0,65535_65535,0,3,79245,528,1,1,1,14,528,28,1,1,allocated
93,601,normal,0,0,65535_65535,0,4,79496,490,0,1,0,13,0,28,1,1,pre_allocation
93,601,normal,0,0,65535_65535,0,4,79496,528,1,1,1,14,528,28,1,1,allocated
93,601,normal,0,0,65535_65535,0,5,80151,490,0,1,0,13,0,28,1,1,pre_allocation
93,601,normal,0,0,65535_65535,0,5,80151,528,1,1,1,14,528,28,1,1,allocated
93,601,normal,0,0,65535_65535,0,1,81706,528,0,1,0,14,0,28,1,1,pre_allocation
93,601,normal,0,0,65535_65535,0,1,81706,566,1,1,1,15,566,28,1,1,allocated
93,601,normal,0,0,65535_65535,0,2,78145,528,0,1,0,14,0,28,1,1,pre_allocation
93,601,normal,0,0,65535_65535,0,2,78145,566,1,1,1,15,566,28,1,1,allocated
93,601,normal,0,0,65535_65535,0,3,79245,528,0,1,0,14,0,28,1,1,pre_allocation
93,601,normal,0,0,65535_65535,0,3,79245,566,1,1,1,15,566,28,1,1,allocated
93,601,normal,0,0,65535_65535,0,4,79496,528,0,1,0,14,0,28,1,1,pre_allocation
93,601,normal,0,0,65535_65535,0,4,79496,566,1,1,1,15,566,28,1,1,allocated
93,601,normal,0,0,65535_65535,0,5,80151,528,0,1,0,14,0,28,1,1,pre_allocation
93,601,normal,0,0,65535_65535,0,5,80151,566,1,1,1,15,566,28,1,1,allocated
93,601,normal,0,0,65535_65535,0,1,81706,566,0,1,0,15,0,28,1,1,pre_allocation
93,601,normal,0,0,65535_65535,0,1,81706,604,1,1,1,16,604,28,1,1,allocated
93,601,normal,0,0,65535_65535,0,2,78145,566,0,1,0,15,0,28,1,1,pre_allocation
93,601,normal,0,0,65535_65535,0,2,78145,604,1,1,1,16,604,28,1,1,allocated
93,601,normal,0,0,65535_65535,0,3,79245,566,0,1,0,15,0,28,1,1,pre_allocation
93,601,normal,0,0,65535_65535,0,3,79245,604,1,1,1,16,604,28,1,1,allocated
93,601,normal,0,0,65535_65535,0,4,79496,566,0,1,0,15,0,28,1,1,pre_allocation
93,601,normal,0,0,65535_65535,0,4,79496,604,1,1,1,16,604,28,1,1,allocated
93,601,normal,0,0,65535_65535,0,5,80151,566,0,1,0,15,0,28,1,1,pre_allocation
93,601,normal,0,0,65535_65535,0,5,80151,604,1,1,1,16,604,28,1,1,allocated
93,601,normal,0,0,65535_65535,0,1,81706,604,0,1,0,16,0,28,1,1,pre_allocation
93,601,normal,0,0,65535_65535,0,1,81706,642,1,1,1,17,642,28,1,1,allocated
93,601,normal,0,0,65535_65535,0,2,78145,604,0,1,0,16,0,28,1,1,pre_allocation
93,601,normal,0,0,65535_65535,0,2,78145,642,1,1,1,17,642,28,1,1,allocated
93,601,normal,0,0,65535_65535,0,3,79245,604,0,1,0,16,0,28,1,1,pre_allocation
93,601,normal,0,0,65535_65535,0,3,79245,642,1,1,1,17,642,28,1,1,allocated
93,601,normal,0,0,65535_65535,0,4,79496,604,0,1,0,16,0,28,1,1,pre_allocation
93,601,normal,0,0,65535_65535,0,4,79496,642,1,1,1,17,642,28,1,1,allocated
93,601,normal,0,0,65535_65535,0,5,80151,604,0,1,0,16,0,28,1,1,pre_allocation
93,601,normal,0,0,65535_65535,0,5,80151,642,1,1,1,17,642,28,1,1,allocated
93,601,normal,0,0,65535_65535,0,1,81706,642,0,1,0,17,0,28,1,1,pre_allocation
93,601,normal,0,0,65535_65535,0,1,81706,680,1,1,1,18,680,28,1,1,allocated
93,601,normal,0,0,65535_65535,0,2,78145,642,0,1,0,17,0,28,1,1,pre_allocation
93,601,normal,0,0,65535_65535,0,2,78145,680,1,1,1,18,680,28,1,1,allocated
93,601,normal,0,0,65535_65535,0,3,79245,642,0,1,0,17,0,28,1,1,pre_allocation
93,601,normal,0,0,65535_65535,0,3,79245,680,1,1,1,18,680,28,1,1,allocated
93,601,normal,0,0,65535_65535,0,4,79496,642,0,1,0,17,0,28,1,1,pre_allocation
93,601,normal,0,0,65535_65535,0,4,79496,680,1,1,1,18,680,28,1,1,allocated
93,601,normal,0,0,65535_65535,0,5,80151,642,0,1,0,17,0,28,1,1,pre_allocation
93,601,normal,0,0,65535_65535,0,5,80151,680,1,1,1,18,680,28,1,1,allocated
93,601,normal,0,0,65535_65535,0,1,81706,680,0,1,0,18,0,28,1,1,pre_allocation
93,601,normal,0,0,65535_65535,0,1,81706,718,1,1,1,19,718,28,1,1,allocated
93,601,normal,0,0,65535_65535,0,2,78145,680,0,1,0,18,0,28,1,1,pre_allocation
93,601,normal,0,0,65535_65535,0,2,78145,718,1,1,1,19,718,28,1,1,allocated
93,601,normal,0,0,65535_65535,0,3,79245,680,0,1,0,18,0,28,1,1,pre_allocation
93,601,normal,0,0,65535_65535,0,3,79245,718,1,1,1,19,718,28,1,1,allocated
93,601,normal,0,0,65535_65535,0,4,79496,680,0,1,0,18,0,28,1,1,pre_allocation
93,601,normal,0,0,65535_65535,0,4,79496,718,1,1,1,19,718,28,1,1,allocated
93,601,normal,0,0,65535_65535,0,5,80151,680,0,1,0,18,0,28,1,1,pre_allocation
93,601,normal,0,0,65535_65535,0,5,80151,718,1,1,1,19,718,28,1,1,allocated
93,601,normal,0,0,65535_65535,0,1,81706,718,0,1,0,19,0,28,1,1,pre_allocation
93,601,normal,0,0,65535_65535,0,1,81706,756,1,1,1,20,756,28,1,1,allocated
93,601,normal,0,0,65535_65535,0,2,78145,718,0,1,0,19,0,28,1,1,pre_allocation
93,601,normal,0,0,65535_65535,0,2,78145,756,1,1,1,20,756,28,1,1,allocated
93,601,normal,0,0,65535_65535,0,3,79245,718,0,1,0,19,0,28,1,1,pre_allocation
93,601,normal,0,0,65535_65535,0,3,79245,756,1,1,1,20,756,28,1,1,allocated
93,601,normal,0,0,65535_65535,0,4,79496,718,0,1,0,19,0,28,1,1,pre_allocation
93,601,normal,0,0,65535_65535,0,4,79496,756,1,1,1,20,756,28,1,1,allocated
93,601,normal,0,0,65535_65535,0,5,80151,718,0,1,0,19,0,28,1,1,pre_allocation
93,601,normal,0,0,65535_65535,0,5,80151,756,1,1,1,20,756,28,1,1,allocated
93,601,normal,0,0,65535_65535,0,1,81706,756,0,1,0,20,0,28,1,1,pre_allocation
93,601,normal,0,0,65535_65535,0,1,81706,793,1,1,1,21,793,28,1,1,allocated
93,601,normal,0,0,65535_65535,0,2,78145,756,0,1,0,20,0,28,1,1,pre_allocation
93,601,normal,0,0,65535_65535,0,2,78145,793,1,1,1,21,793,28,1,1,allocated
93,601,normal,0,0,65535_65535,0,3,79245,756,0,1,0,20,0,28,1,1,pre_allocation
93,601,normal,0,0,65535_65535,0,3,79245,793,1,1,1,21,793,28,1,1,allocated
93,601,normal,0,0,65535_65535,0,4,79496,756,0,1,0,20,0,28,1,1,pre_allocation
93,601,normal,0,0,65535_65535,0,4,79496,793,1,1,1,21,793,28,1,1,allocated
93,601,normal,0,0,65535_65535,0,5,80151,756,0,1,0,20,0,28,1,1,pre_allocation
93,601,normal,0,0,65535_65535,0,5,80151,793,1,1,1,21,793,28,1,1,allocated
93,601,normal,0,0,65535_65535,0,1,81706,793,0,1,0,21,0,28,1,1,pre_allocation
93,601,normal,0,0,65535_65535,0,1,81706,831,1,1,1,22,831,28,1,1,allocated
93,601,normal,0,0,65535_65535,0,2,78145,793,0,1,0,21,0,28,1,1,pre_allocation
93,601,normal,0,0,65535_65535,0,2,78145,831,1,1,1,22,831,28,1,1,allocated
93,601,normal,0,0,65535_65535,0,3,79245,793,0,1,0,21,0,28,1,1,pre_allocation
93,601,normal,0,0,65535_65535,0,3,79245,831,1,1,1,22,831,28,1,1,allocated
93,601,normal,0,0,65535_65535,0,4,79496,793,0,1,0,21,0,28,1,1,pre_allocation
93,601,normal,0,0,65535_65535,0,4,79496,831,1,1,1,22,831,28,1,1,allocated
93,601,normal,0,0,65535_65535,0,5,80151,793,0,1,0,21,0,28,1,1,pre_allocation
93,601,normal,0,0,65535_65535,0,5,80151,831,1,1,1,22,831,28,1,1,allocated
93,601,normal,0,0,65535_65535,0,1,81706,831,0,1,0,22,0,28,1,1,pre_allocation
93,601,normal,0,0,65535_65535,0,1,81706,869,1,1,1,23,869,28,1,1,allocated
93,601,normal,0,0,65535_65535,0,2,78145,831,0,1,0,22,0,28,1,1,pre_allocation
93,601,normal,0,0,65535_65535,0,2,78145,869,1,1,1,23,869,28,1,1,allocated
93,601,normal,0,0,65535_65535,0,3,79245,831,0,1,0,22,0,28,1,1,pre_allocation
93,601,normal,0,0,65535_65535,0,3,79245,869,1,1,1,23,869,28,1,1,allocated
93,601,normal,0,0,65535_65535,0,4,79496,831,0,1,0,22,0,28,1,1,pre_allocation
93,601,normal,0,0,65535_65535,0,4,79496,869,1,1,1,23,869,28,1,1,allocated
93,601,normal,0,0,65535_65535,0,5,80151,831,0,1,0,22,0,28,1,1,pre_allocation
93,601,normal,0,0,65535_65535,0,5,80151,869,1,1,1,23,869,28,1,1,allocated
93,601,normal,0,0,65535_65535,0,1,81706,869,0,1,0,23,0,28,1,1,pre_allocation
93,601,normal,0,0,65535_65535,0,1,81706,907,1,1,1,24,907,28,1,1,allocated
93,601,normal,0,0,65535_65535,0,2,78145,869,0,1,0,23,0,28,1,1,pre_allocation
93,601,normal,0,0,65535_65535,0,2,78145,907,1,1,1,24,907,28,1,1,allocated
93,601,normal,0,0,65535_65535,0,3,79245,869,0,1,0,23,0,28,1,1,pre_allocation
93,601,normal,0,0,65535_65535,0,3,79245,907,1,1,1,24,907,28,1,1,allocated
93,601,normal,0,0,65535_65535,0,4,79496,869,0,1,0,23,0,28,1,1,pre_allocation
93,601,normal,0,0,65535_65535,0,4,79496,907,1,1,1,24,907,28,1,1,allocated
93,601,normal,0,0,65535_65535,0,5,80151,869,0,1,0,23,0,28,1,1,pre_allocation
93,601,normal,0,0,65535_65535,0,5,80151,907,1,1,1,24,907,28,1,1,allocated
93,601,normal,0,0,65535_65535,0,1,81706,907,0,1,0,24,0,28,1,1,pre_allocation
93,601,normal,0,0,65535_65535,0,1,81706,945,1,1,1,25,945,28,1,1,allocated
93,601,normal,0,0,65535_65535,0,2,78145,907,0,1,0,24,0,28,1,1,pre_allocation
93,601,normal,0,0,65535_65535,0,2,78145,945,1,1,1,25,945,28,1,1,allocated
93,601,normal,0,0,65535_65535,0,3,79245,907,0,1,0,24,0,28,1,1,pre_allocation
93,601,normal,0,0,65535_65535,0,3,79245,945,1,1,1,25,945,28,1,1,allocated
93,601,normal,0,0,65535_65535,0,4,79496,907,0,1,0,24,0,28,1,1,pre_allocation
93,601,normal,0,0,65535_65535,0,4,79496,945,1,1,1,25,945,28,1,1,allocated
93,601,normal,0,0,65535_65535,0,5,80151,907,0,1,0,24,0,28,1,1,pre_allocation
93,601,normal,0,0,65535_65535,0,5,80151,945,1,1,1,25,945,28,1,1,allocated
93,601,normal,0,0,65535_65535,0,1,81706,945,0,1,0,25,0,28,1,1,pre_allocation
93,601,normal,0,0,65535_65535,0,1,81706,983,1,1,1,26,983,28,1,1,allocated
93,601,normal,0,0,65535_65535,0,2,78145,945,0,1,0,25,0,28,1,1,pre_allocation
93,601,normal,0,0,65535_65535,0,2,78145,983,1,1,1,26,983,28,1,1,allocated
93,601,normal,0,0,65535_65535,0,3,79245,945,0,1,0,25,0,28,1,1,pre_allocation
93,601,normal,0,0,65535_65535,0,3,79245,983,1,1,1,26,983,28,1,1,allocated
93,601,normal,0,0,65535_65535,0,4,79496,945,0,1,0,25,0,28,1,1,pre_allocation
93,601,normal,0,0,65535_65535,0,4,79496,983,1,1,1,26,983,28,1,1,allocated
93,601,normal,0,0,65535_65535,0,5,80151,945,0,1,0,25,0,28,1,1,pre_allocation
93,601,normal,0,0,65535_65535,0,5,80151,983,1,1,1,26,983,28,1,1,allocated
93,601,normal,0,0,65535_65535,0,1,81706,983,0,1,0,26,0,28,1,1,pre_allocation
93,601,normal,0,0,65535_65535,0,1,81706,1021,1,1,1,27,1021,28,1,1,allocated
93,601,normal,0,0,65535_65535,0,2,78145,983,0,1,0,26,0,28,1,1,pre_allocation
93,601,normal,0,0,65535_65535,0,2,78145,1021,1,1,1,27,1021,28,1,1,allocated
93,601,normal,0,0,65535_65535,0,3,79245,983,0,1,0,26,0,28,1,1,pre_allocation
93,601,normal,0,0,65535_65535,0,3,79245,1021,1,1,1,27,1021,28,1,1,allocated
93,601,normal,0,0,65535_65535,0,4,79496,983,0,1,0,26,0,28,1,1,pre_allocation
93,601,normal,0,0,65535_65535,0,4,79496,1021,1,1,1,27,1021,28,1,1,allocated
93,601,normal,0,0,65535_65535,0,5,80151,983,0,1,0,26,0,28,1,1,pre_allocation
93,601,normal,0,0,65535_65535,0,5,80151,1021,1,1,1,27,1021,28,1,1,allocated
93,601,normal,0,0,65535_65535,0,1,81706,1021,0,1,0,27,0,28,1,1,pre_allocation
93,601,normal,0,0,65535_65535,0,1,81706,1059,1,1,1,28,1059,28,1,1,allocated
93,601,normal,0,0,65535_65535,0,2,78145,1021,0,1,0,27,0,28,1,1,pre_allocation
93,601,normal,0,0,65535_65535,0,2,78145,1059,1,1,1,28,1059,28,1,1,allocated
93,601,normal,0,0,65535_65535,0,3,79245,1021,0,1,0,27,0,28,1,1,pre_allocation
93,601,normal,0,0,65535_65535,0,3,79245,1059,1,1,1,28,1059,28,1,1,allocated
93,601,normal,0,0,65535_65535,0,4,79496,1021,0,1,0,27,0,28,1,1,pre_allocation
93,601,normal,0,0,65535_65535,0,4,79496,1059,1,1,1,28,1059,28,1,1,allocated
93,601,normal,0,0,65535_65535,0,5,80151,1021,0,1,0,27,0,28,1,1,pre_allocation
93,601,normal,0,0,65535_65535,0,5,80151,1059,1,1,1,28,1059,28,1,1,allocated
93,601,normal,0,0,65535_65535,0,1,81706,1059,0,1,0,28,0,28,1,1,pre_allocation
93,601,normal,0,0,65535_65535,0,1,81706,1097,1,1,1,29,1097,28,1,1,allocated
93,601,normal,0,0,65535_65535,0,2,78145,1059,0,1,0,28,0,28,1,1,pre_allocation
93,601,normal,0,0,65535_65535,0,2,78145,1097,1,1,1,29,1097,28,1,1,allocated
93,601,normal,0,0,65535_65535,0,3,79245,1059,0,1,0,28,0,28,1,1,pre_allocation
93,601,normal,0,0,65535_65535,0,3,79245,1097,1,1,1,29,1097,28,1,1,allocated
93,601,normal,0,0,65535_65535,0,4,79496,1059,0,1,0,28,0,28,1,1,pre_allocation
93,601,normal,0,0,65535_65535,0,4,79496,1097,1,1,1,29,1097,28,1,1,allocated
93,601,normal,0,0,65535_65535,0,5,80151,1059,0,1,0,28,0,28,1,1,pre_allocation
93,601,normal,0,0,65535_65535,0,5,80151,1097,1,1,1,29,1097,28,1,1,allocated
93,601,normal,0,0,65535_65535,0,1,81706,1097,0,1,0,29,0,28,1,1,pre_allocation
93,601,normal,0,0,65535_65535,0,1,81706,1135,1,1,1,30,1135,28,1,1,allocated
93,601,normal,0,0,65535_65535,0,2,78145,1097,0,1,0,29,0,28,1,1,pre_allocation
93,601,normal,0,0,65535_65535,0,2,78145,1135,1,1,1,30,1135,28,1,1,allocated
93,601,normal,0,0,65535_65535,0,3,79245,1097,0,1,0,29,0,28,1,1,pre_allocation
93,601,normal,0,0,65535_65535,0,3,79245,1135,1,1,1,30,1135,28,1,1,allocated
93,601,normal,0,0,65535_65535,0,4,79496,1097,0,1,0,29,0,28,1,1,pre_allocation
93,601,normal,0,0,65535_65535,0,4,79496,1135,1,1,1,30,1135,28,1,1,allocated
93,601,normal,0,0,65535_65535,0,5,80151,1097,0,1,0,29,0,28,1,1,pre_allocation
93,601,normal,0,0,65535_65535,0,5,80151,1135,1,1,1,30,1135,28,1,1,allocated
93,601,normal,0,0,65535_65535,0,1,81706,1135,0,1,0,30,0,28,1,1,pre_allocation
93,601,normal,0,0,65535_65535,0,1,81706,1173,1,1,1,31,1173,28,1,1,allocated
93,601,normal,0,0,65535_65535,0,2,78145,1135,0,1,0,30,0,28,1,1,pre_allocation
93,601,normal,0,0,65535_65535,0,2,78145,1173,1,1,1,31,1173,28,1,1,allocated
93,601,normal,0,0,65535_65535,0,3,79245,1135,0,1,0,30,0,28,1,1,pre_allocation
93,601,normal,0,0,65535_65535,0,3,79245,1173,1,1,1,31,1173,28,1,1,allocated
93,601,normal,0,0,65535_65535,0,4,79496,1135,0,1,0,30,0,28,1,1,pre_allocation
93,601,normal,0,0,65535_65535,0,4,79496,1173,1,1,1,31,1173,28,1,1,allocated
93,601,normal,0,0,65535_65535,0,5,80151,1135,0,1,0,30,0,28,1,1,pre_allocation
93,601,normal,0,0,65535_65535,0,5,80151,1173,1,1,1,31,1173,28,1,1,allocated
93,601,normal,0,0,65535_65535,1,6,87,0,0,1,0,0,0,28,1,1,pre_allocation
93,601,normal,0,0,65535_65535,1,6,87,34,1,1,1,1,34,28,1,1,allocated
93,601,normal,0,0,65535_65535,1,7,87,0,0,1,0,0,0,28,1,1,pre_allocation
93,601,normal,0,0,65535_65535,1,7,87,34,1,1,1,1,34,28,1,1,allocated
93,601,normal,0,0,65535_65535,1,9,87,0,0,1,0,0,0,28,1,1,pre_allocation
93,601,normal,0,0,65535_65535,1,9,87,34,1,1,1,1,34,28,1,1,allocated
93,601,normal,0,0,65535_65535,1,10,87,0,0,1,0,0,0,28,1,1,pre_allocation
93,601,normal,0,0,65535_65535,1,10,87,34,1,1,1,1,34,28,1,1,allocated
93,601,normal,0,0,65535_65535,1,6,87,34,0,1,0,1,0,28,1,1,pre_allocation
93,601,normal,0,0,65535_65535,1,6,87,72,1,1,1,2,72,28,1,1,allocated
93,601,normal,0,0,65535_65535,1,7,87,34,0,1,0,1,0,28,1,1,pre_allocation
93,601,normal,0,0,65535_65535,1,7,87,72,1,1,1,2,72,28,1,1,allocated
93,601,normal,0,0,65535_65535,1,9,87,34,0,1,0,1,0,28,1,1,pre_allocation
93,601,normal,0,0,65535_65535,1,9,87,72,1,1,1,2,72,28,1,1,allocated
93,601,normal,0,0,65535_65535,1,10,87,34,0,1,0,1,0,28,1,1,pre_allocation
93,601,normal,0,0,65535_65535,1,10,87,72,1,1,1,2,72,28,1,1,allocated
93,601,normal,0,0,65535_65535,1,6,87,72,0,1,0,2,0,28,1,1,pre_allocation
93,601,normal,0,0,65535_65535,1,6,87,110,1,1,1,3,110,28,1,1,allocated
93,601,normal,0,0,65535_65535,1,7,87,72,0,1,0,2,0,28,1,1,pre_allocation
93,601,normal,0,0,65535_65535,1,7,87,110,1,1,1,3,110,28,1,1,allocated
93,601,normal,0,0,65535_65535,1,9,87,72,0,1,0,2,0,28,1,1,pre_allocation
93,601,normal,0,0,65535_65535,1,9,87,110,1,1,1,3,110,28,1,1,allocated
93,601,normal,0,0,65535_65535,1,10,87,72,0,1,0,2,0,28,1,1,pre_allocation
93,601,normal,0,0,65535_65535,1,10,87,110,1,1,1,3,110,28,1,1,allocated
93,601,normal,0,0,65535_65535,1,6,87,110,0,1,0,3,0,28,1,1,pre_allocation
93,601,normal,0,0,65535_65535,1,6,87,148,1,1,1,4,148,28,1,1,allocated
93,601,normal,0,0,65535_65535,1,7,87,110,0,1,0,3,0,28,1,1,pre_allocation
93,601,normal,0,0,65535_65535,1,7,87,148,1,1,1,4,148,28,1,1,allocated
93,601,normal,0,0,65535_65535,1,9,87,110,0,1,0,3,0,28,1,1,pre_allocation
93,601,normal,0,0,65535_65535,1,9,87,148,1,1,1,4,148,28,1,1,allocated
93,601,normal,0,0,65535_65535,1,10,87,110,0,1,0,3,0,28,1,1,pre_allocation
93,601,normal,0,0,65535_65535,1,10,87,148,1,1,1,4,148,28,1,1,allocated
93,601,normal,0,0,65535_65535,1,6,87,148,0,1,0,4,0,28,1,1,pre_allocation
93,601,normal,0,0,65535_65535,1,6,87,186,1,1,1,5,186,28,1,1,allocated
93,601,normal,0,0,65535_65535,1,7,87,148,0,1,0,4,0,28,1,1,pre_allocation
93,601,normal,0,0,65535_65535,1,7,87,186,1,1,1,5,186,28,1,1,allocated
93,601,normal,0,0,65535_65535,1,9,87,148,0,1,0,4,0,28,1,1,pre_allocation
93,601,normal,0,0,65535_65535,1,9,87,186,1,1,1,5,186,28,1,1,allocated
93,601,normal,0,0,65535_65535,1,10,87,148,0,1,0,4,0,28,1,1,pre_allocation
93,601,normal,0,0,65535_65535,1,10,87,186,1,1,1,5,186,28,1,1,allocated
93,601,normal,0,0,65535_65535,1,6,87,186,0,1,0,5,0,28,1,1,pre_allocation
93,601,normal,0,0,65535_65535,1,6,87,224,1,1,1,6,224,28,1,1,allocated
93,601,normal,0,0,65535_65535,1,7,87,186,0,1,0,5,0,28,1,1,pre_allocation
93,601,normal,0,0,65535_65535,1,7,87,224,1,1,1,6,224,28,1,1,allocated
93,601,normal,0,0,65535_65535,1,9,87,186,0,1,0,5,0,28,1,1,pre_allocation
93,601,normal,0,0,65535_65535,1,9,87,224,1,1,1,6,224,28,1,1,allocated
93,601,normal,0,0,65535_65535,1,10,87,186,0,1,0,5,0,28,1,1,pre_allocation
93,601,normal,0,0,65535_65535,1,10,87,224,1,1,1,6,224,28,1,1,allocated
93,601,normal,0,0,65535_65535,1,6,87,224,0,1,0,6,0,28,1,1,pre_allocation
93,601,normal,0,0,65535_65535,1,6,87,262,1,1,1,7,262,28,1,1,allocated
93,601,normal,0,0,65535_65535,1,7,87,224,0,1,0,6,0,28,1,1,pre_allocation
93,601,normal,0,0,65535_65535,1,7,87,262,1,1,1,7,262,28,1,1,allocated
93,601,normal,0,0,65535_65535,1,9,87,224,0,1,0,6,0,28,1,1,pre_allocation
93,601,normal,0,0,65535_65535,1,9,87,262,1,1,1,7,262,28,1,1,allocated
93,601,normal,0,0,65535_65535,1,10,87,224,0,1,0,6,0,28,1,1,pre_allocation
93,601,normal,0,0,65535_65535,1,10,87,262,1,1,1,7,262,28,1,1,allocated
93,601,normal,0,0,65535_65535,1,6,87,262,0,1,0,7,0,28,1,1,pre_allocation
93,601,normal,0,0,65535_65535,1,6,87,300,1,1,1,8,300,28,1,1,allocated
93,601,normal,0,0,65535_65535,1,7,87,262,0,1,0,7,0,28,1,1,pre_allocation
93,601,normal,0,0,65535_65535,1,7,87,300,1,1,1,8,300,28,1,1,allocated
93,601,normal,0,0,65535_65535,1,9,87,262,0,1,0,7,0,28,1,1,pre_allocation
93,601,normal,0,0,65535_65535,1,9,87,300,1,1,1,8,300,28,1,1,allocated
93,601,normal,0,0,65535_65535,1,10,87,262,0,1,0,7,0,28,1,1,pre_allocation
93,601,normal,0,0,65535_65535,1,10,87,300,1,1,1,8,300,28,1,1,allocated
93,601,normal,0,0,65535_65535,1,6,87,300,0,1,0,8,0,28,1,1,pre_allocation
93,601,normal,0,0,65535_65535,1,6,87,338,1,1,1,9,338,28,1,1,allocated
93,601,normal,0,0,65535_65535,1,7,87,300,0,1,0,8,0,28,1,1,pre_allocation
93,601,normal,0,0,65535_65535,1,7,87,338,1,1,1,9,338,28,1,1,allocated
93,601,normal,0,0,65535_65535,1,9,87,300,0,1,0,8,0,28,1,1,pre_allocation
93,601,normal,0,0,65535_65535,1,9,87,338,1,1,1,9,338,28,1,1,allocated
93,601,normal,0,0,65535_65535,1,10,87,300,0,1,0,8,0,28,1,1,pre_allocation
93,601,normal,0,0,65535_65535,1,10,87,338,1,1,1,9,338,28,1,1,allocated
93,601,normal,0,0,65535_65535,1,6,87,338,0,1,0,9,0,28,1,1,pre_allocation
93,601,normal,0,0,65535_65535,1,6,87,376,1,1,1,10,376,28,1,1,allocated
93,601,normal,0,0,65535_65535,1,7,87,338,0,1,0,9,0,28,1,1,pre_allocation
93,601,normal,0,0,65535_65535,1,7,87,376,1,1,1,10,376,28,1,1,allocated
93,601,normal,0,0,65535_65535,1,9,87,338,0,1,0,9,0,28,1,1,pre_allocation
93,601,normal,0,0,65535_65535,1,9,87,376,1,1,1,10,376,28,1,1,allocated
93,601,normal,0,0,65535_65535,1,10,87,338,0,1,0,9,0,28,1,1,pre_allocation
93,601,normal,0,0,65535_65535,1,10,87,376,1,1,1,10,376,28,1,1,allocated
93,601,normal,0,0,65535_65535,1,6,87,376,0,1,0,10,0,28,1,1,pre_allocation
93,601,normal,0,0,65535_65535,1,6,87,414,1,1,1,11,414,28,1,1,allocated
93,601,normal,0,0,65535_65535,1,7,87,376,0,1,0,10,0,28,1,1,pre_allocation
93,601,normal,0,0,65535_65535,1,7,87,414,1,1,1,11,414,28,1,1,allocated
93,601,normal,0,0,65535_65535,1,9,87,376,0,1,0,10,0,28,1,1,pre_allocation
93,601,normal,0,0,65535_65535,1,9,87,414,1,1,1,11,414,28,1,1,allocated
93,601,normal,0,0,65535_65535,1,10,87,376,0,1,0,10,0,28,1,1,pre_allocation
93,601,normal,0,0,65535_65535,1,10,87,414,1,1,1,11,414,28,1,1,allocated
93,601,normal,0,0,65535_65535,1,6,87,414,0,1,0,11,0,28,1,1,pre_allocation
93,601,normal,0,0,65535_65535,1,6,87,452,1,1,1,12,452,28,1,1,allocated
93,601,normal,0,0,65535_65535,1,7,87,414,0,1,0,11,0,28,1,1,pre_allocation
93,601,normal,0,0,65535_65535,1,7,87,452,1,1,1,12,452,28,1,1,allocated
93,601,normal,0,0,65535_65535,1,9,87,414,0,1,0,11,0,28,1,1,pre_allocation
93,601,normal,0,0,65535_65535,1,9,87,452,1,1,1,12,452,28,1,1,allocated
93,601,normal,0,0,65535_65535,1,10,87,414,0,1,0,11,0,28,1,1,pre_allocation
93,601,normal,0,0,65535_65535,1,10,87,452,1,1,1,12,452,28,1,1,allocated
93,601,normal,0,0,65535_65535,1,6,87,452,0,1,0,12,0,28,1,1,pre_allocation
93,601,normal,0,0,65535_65535,1,6,87,490,1,1,1,13,490,28,1,1,allocated
93,601,normal,0,0,65535_65535,1,7,87,452,0,1,0,12,0,28,1,1,pre_allocation
93,601,normal,0,0,65535_65535,1,7,87,490,1,1,1,13,490,28,1,1,allocated
93,601,normal,0,0,65535_65535,1,9,87,452,0,1,0,12,0,28,1,1,pre_allocation
93,601,normal,0,0,65535_65535,1,9,87,490,1,1,1,13,490,28,1,1,allocated
93,601,normal,0,0,65535_65535,1,10,87,452,0,1,0,12,0,28,1,1,pre_allocation
93,601,normal,0,0,65535_65535,1,10,87,490,1,1,1,13,490,28,1,1,allocated
93,601,normal,0,0,65535_65535,1,6,87,490,0,1,0,13,0,28,1,1,pre_allocation
93,601,normal,0,0,65535_65535,1,6,87,528,1,1,1,14,528,28,1,1,allocated
93,601,normal,0,0,65535_65535,1,7,87,490,0,1,0,13,0,28,1,1,pre_allocation
93,601,normal,0,0,65535_65535,1,7,87,528,1,1,1,14,528,28,1,1,allocated
93,601,normal,0,0,65535_65535,1,9,87,490,0,1,0,13,0,28,1,1,pre_allocation
93,601,normal,0,0,65535_65535,1,9,87,528,1,1,1,14,528,28,1,1,allocated
93,601,normal,0,0,65535_65535,1,10,87,490,0,1,0,13,0,28,1,1,pre_allocation
93,601,normal,0,0,65535_65535,1,10,87,528,1,1,1,14,528,28,1,1,allocated
93,601,normal,0,0,65535_65535,1,6,87,528,0,1,0,14,0,28,1,1,pre_allocation
93,601,normal,0,0,65535_65535,1,6,87,566,1,1,1,15,566,28,1,1,allocated
93,601,normal,0,0,65535_65535,1,7,87,528,0,1,0,14,0,28,1,1,pre_allocation
93,601,normal,0,0,65535_65535,1,7,87,566,1,1,1,15,566,28,1,1,allocated
93,601,normal,0,0,65535_65535,1,9,87,528,0,1,0,14,0,28,1,1,pre_allocation
93,601,normal,0,0,65535_65535,1,9,87,566,1,1,1,15,566,28,1,1,allocated
93,601,normal,0,0,65535_65535,1,10,87,528,0,1,0,14,0,28,1,1,pre_allocation
93,601,normal,0,0,65535_65535,1,10,87,566,1,1,1,15,566,28,1,1,allocated
93,601,normal,0,0,65535_65535,1,6,87,566,0,1,0,15,0,28,1,1,pre_allocation
93,601,normal,0,0,65535_65535,1,6,87,604,1,1,1,16,604,28,1,1,allocated
93,601,normal,0,0,65535_65535,1,7,87,566,0,1,0,15,0,28,1,1,pre_allocation
93,601,normal,0,0,65535_65535,1,7,87,604,1,1,1,16,604,28,1,1,allocated
93,601,normal,0,0,65535_65535,1,9,87,566,0,1,0,15,0,28,1,1,pre_allocation
93,601,normal,0,0,65535_65535,1,9,87,604,1,1,1,16,604,28,1,1,allocated
93,601,normal,0,0,65535_65535,1,10,87,566,0,1,0,15,0,28,1,1,pre_allocation
93,601,normal,0,0,65535_65535,1,10,87,604,1,1,1,16,604,28,1,1,allocated
93,601,normal,0,0,65535_65535,1,6,87,604,0,1,0,16,0,28,1,1,pre_allocation
93,601,normal,0,0,65535_65535,1,6,87,642,1,1,1,17,642,28,1,1,allocated
93,601,normal,0,0,65535_65535,1,7,87,604,0,1,0,16,0,28,1,1,pre_allocation
93,601,normal,0,0,65535_65535,1,7,87,642,1,1,1,17,642,28,1,1,allocated
93,601,normal,0,0,65535_65535,1,9,87,604,0,1,0,16,0,28,1,1,pre_allocation
93,601,normal,0,0,65535_65535,1,9,87,642,1,1,1,17,642,28,1,1,allocated
93,601,normal,0,0,65535_65535,1,10,87,604,0,1,0,16,0,28,1,1,pre_allocation
93,601,normal,0,0,65535_65535,1,10,87,642,1,1,1,17,642,28,1,1,allocated
93,601,normal,0,0,65535_65535,1,6,87,642,0,1,0,17,0,28,1,1,pre_allocation
93,601,normal,0,0,65535_65535,1,6,87,680,1,1,1,18,680,28,1,1,allocated
93,601,normal,0,0,65535_65535,1,7,87,642,0,1,0,17,0,28,1,1,pre_allocation
93,601,normal,0,0,65535_65535,1,7,87,680,1,1,1,18,680,28,1,1,allocated
93,601,normal,0,0,65535_65535,1,9,87,642,0,1,0,17,0,28,1,1,pre_allocation
93,601,normal,0,0,65535_65535,1,9,87,680,1,1,1,18,680,28,1,1,allocated
93,601,normal,0,0,65535_65535,1,10,87,642,0,1,0,17,0,28,1,1,pre_allocation
93,601,normal,0,0,65535_65535,1,10,87,680,1,1,1,18,680,28,1,1,allocated
93,601,normal,0,0,65535_65535,1,6,87,680,0,1,0,18,0,28,1,1,pre_allocation
93,601,normal,0,0,65535_65535,1,6,87,718,1,1,1,19,718,28,1,1,allocated
93,601,normal,0,0,65535_65535,1,7,87,680,0,1,0,18,0,28,1,1,pre_allocation
93,601,normal,0,0,65535_65535,1,7,87,718,1,1,1,19,718,28,1,1,allocated
93,601,normal,0,0,65535_65535,1,9,87,680,0,1,0,18,0,28,1,1,pre_allocation
93,601,normal,0,0,65535_65535,1,9,87,718,1,1,1,19,718,28,1,1,allocated
93,601,normal,0,0,65535_65535,1,10,87,680,0,1,0,18,0,28,1,1,pre_allocation
93,601,normal,0,0,65535_65535,1,10,87,718,1,1,1,19,718,28,1,1,allocated
93,601,normal,0,0,65535_65535,1,6,87,718,0,1,0,19,0,28,1,1,pre_allocation
93,601,normal,0,0,65535_65535,1,6,87,756,1,1,1,20,756,28,1,1,allocated
93,601,normal,0,0,65535_65535,1,7,87,718,0,1,0,19,0,28,1,1,pre_allocation
93,601,normal,0,0,65535_65535,1,7,87,756,1,1,1,20,756,28,1,1,allocated
93,601,normal,0,0,65535_65535,1,9,87,718,0,1,0,19,0,28,1,1,pre_allocation
93,601,normal,0,0,65535_65535,1,9,87,756,1,1,1,20,756,28,1,1,allocated
93,601,normal,0,0,65535_65535,1,10,87,718,0,1,0,19,0,28,1,1,pre_allocation
93,601,normal,0,0,65535_65535,1,10,87,756,1,1,1,20,756,28,1,1,allocated
93,601,normal,0,0,65535_65535,1,6,87,756,0,1,0,20,0,28,1,1,pre_allocation
93,601,normal,0,0,65535_65535,1,6,87,793,1,1,1,21,793,28,1,1,allocated
93,601,normal,0,0,65535_65535,1,7,87,756,0,1,0,20,0,28,1,1,pre_allocation
93,601,normal,0,0,65535_65535,1,7,87,793,1,1,1,21,793,28,1,1,allocated
93,601,normal,0,0,65535_65535,1,9,87,756,0,1,0,20,0,28,1,1,pre_allocation
93,601,normal,0,0,65535_65535,1,9,87,793,1,1,1,21,793,28,1,1,allocated
93,601,normal,0,0,65535_65535,1,10,87,756,0,1,0,20,0,28,1,1,pre_allocation
93,601,normal,0,0,65535_65535,1,10,87,793,1,1,1,21,793,28,1,1,allocated
93,601,normal,0,0,65535_65535,1,6,87,793,0,1,0,21,0,28,1,1,pre_allocation
93,601,normal,0,0,65535_65535,1,6,87,831,1,1,1,22,831,28,1,1,allocated
93,601,normal,0,0,65535_65535,1,7,87,793,0,1,0,21,0,28,1,1,pre_allocation
93,601,normal,0,0,65535_65535,1,7,87,831,1,1,1,22,831,28,1,1,allocated
93,601,normal,0,0,65535_65535,1,9,87,793,0,1,0,21,0,28,1,1,pre_allocation
93,601,normal,0,0,65535_65535,1,9,87,831,1,1,1,22,831,28,1,1,allocated
93,601,normal,0,0,65535_65535,1,10,87,793,0,1,0,21,0,28,1,1,pre_allocation
93,601,normal,0,0,65535_65535,1,10,87,831,1,1,1,22,831,28,1,1,allocated
93,601,normal,0,0,65535_65535,1,6,87,831,0,1,0,22,0,28,1,1,pre_allocation
93,601,normal,0,0,65535_65535,1,6,87,869,1,1,1,23,869,28,1,1,allocated
93,601,normal,0,0,65535_65535,1,7,87,831,0,1,0,22,0,28,1,1,pre_allocation
93,601,normal,0,0,65535_65535,1,7,87,869,1,1,1,23,869,28,1,1,allocated
93,601,normal,0,0,65535_65535,1,9,87,831,0,1,0,22,0,28,1,1,pre_allocation
93,601,normal,0,0,65535_65535,1,9,87,869,1,1,1,23,869,28,1,1,allocated
93,601,normal,0,0,65535_65535,1,10,87,831,0,1,0,22,0,28,1,1,pre_allocation
93,601,normal,0,0,65535_65535,1,10,87,869,1,1,1,23,869,28,1,1,allocated
93,601,normal,0,0,65535_65535,1,6,87,869,0,1,0,23,0,28,1,1,pre_allocation
93,601,normal,0,0,65535_65535,1,6,87,907,1,1,1,24,907,28,1,1,allocated
93,601,normal,0,0,65535_65535,1,7,87,869,0,1,0,23,0,28,1,1,pre_allocation
93,601,normal,0,0,65535_65535,1,7,87,907,1,1,1,24,907,28,1,1,allocated
93,601,normal,0,0,65535_65535,1,9,87,869,0,1,0,23,0,28,1,1,pre_allocation
93,601,normal,0,0,65535_65535,1,9,87,907,1,1,1,24,907,28,1,1,allocated
93,601,normal,0,0,65535_65535,1,10,87,869,0,1,0,23,0,28,1,1,pre_allocation
93,601,normal,0,0,65535_65535,1,10,87,907,1,1,1,24,907,28,1,1,allocated
93,601,normal,0,0,65535_65535,1,6,87,907,0,1,0,24,0,28,1,1,pre_allocation
93,601,normal,0,0,65535_65535,1,6,87,945,1,1,1,25,945,28,1,1,allocated
93,601,normal,0,0,65535_65535,1,7,87,907,0,1,0,24,0,28,1,1,pre_allocation
93,601,normal,0,0,65535_65535,1,7,87,945,1,1,1,25,945,28,1,1,allocated
93,601,normal,0,0,65535_65535,1,9,87,907,0,1,0,24,0,28,1,1,pre_allocation
93,601,normal,0,0,65535_65535,1,9,87,945,1,1,1,25,945,28,1,1,allocated
93,601,normal,0,0,65535_65535,1,10,87,907,0,1,0,24,0,28,1,1,pre_allocation
93,601,normal,0,0,65535_65535,1,10,87,945,1,1,1,25,945,28,1,1,allocated
93,601,normal,0,0,65535_65535,1,6,87,945,0,1,0,25,0,28,1,1,pre_allocation
93,601,normal,0,0,65535_65535,1,6,87,983,1,1,1,26,983,28,1,1,allocated
93,601,normal,0,0,65535_65535,1,7,87,945,0,1,0,25,0,28,1,1,pre_allocation
93,601,normal,0,0,65535_65535,1,7,87,983,1,1,1,26,983,28,1,1,allocated
93,601,normal,0,0,65535_65535,1,9,87,945,0,1,0,25,0,28,1,1,pre_allocation
93,601,normal,0,0,65535_65535,1,9,87,983,1,1,1,26,983,28,1,1,allocated
93,601,normal,0,0,65535_65535,1,10,87,945,0,1,0,25,0,28,1,1,pre_allocation
93,601,normal,0,0,65535_65535,1,10,87,983,1,1,1,26,983,28,1,1,allocated
93,601,normal,0,0,65535_65535,1,6,87,983,0,1,0,26,0,28,1,1,pre_allocation
93,601,normal,0,0,65535_65535,1,6,87,1021,1,1,1,27,1021,28,1,1,allocated
93,601,normal,0,0,65535_65535,1,7,87,983,0,1,0,26,0,28,1,1,pre_allocation
93,601,normal,0,0,65535_65535,1,7,87,1021,1,1,1,27,1021,28,1,1,allocated
93,601,normal,0,0,65535_65535,1,9,87,983,0,1,0,26,0,28,1,1,pre_allocation
93,601,normal,0,0,65535_65535,1,9,87,1021,1,1,1,27,1021,28,1,1,allocated
93,601,normal,0,0,65535_65535,1,10,87,983,0,1,0,26,0,28,1,1,pre_allocation
93,601,normal,0,0,65535_65535,1,10,87,1021,1,1,1,27,1021,28,1,1,allocated
93,601,normal,0,0,65535_65535,1,6,87,1021,0,1,0,27,0,28,1,1,pre_allocation
93,601,normal,0,0,65535_65535,1,6,87,1059,1,1,1,28,1059,28,1,1,allocated
93,601,normal,0,0,65535_65535,1,7,87,1021,0,1,0,27,0,28,1,1,pre_allocation
93,601,normal,0,0,65535_65535,1,7,87,1059,1,1,1,28,1059,28,1,1,allocated
93,601,normal,0,0,65535_65535,1,9,87,1021,0,1,0,27,0,28,1,1,pre_allocation
93,601,normal,0,0,65535_65535,1,9,87,1059,1,1,1,28,1059,28,1,1,allocated
205,699,normal,0,0,65535_65535,0,1,108604,0,0,1,0,0,0,28,1,1,pre_allocation
205,699,normal,0,0,65535_65535,0,1,108604,50,1,1,1,1,50,28,1,1,allocated
205,699,normal,0,0,65535_65535,0,2,100992,0,0,1,0,0,0,28,1,1,pre_allocation
205,699,normal,0,0,65535_65535,0,2,100992,50,1,1,1,1,50,28,1,1,allocated
205,699,normal,0,0,65535_65535,0,3,103523,0,0,1,0,0,0,28,1,1,pre_allocation
205,699,normal,0,0,65535_65535,0,3,103523,50,1,1,1,1,50,28,1,1,allocated
205,699,normal,0,0,65535_65535,0,4,103865,0,0,1,0,0,0,28,1,1,pre_allocation
205,699,normal,0,0,65535_65535,0,4,103865,50,1,1,1,1,50,28,1,1,allocated
205,699,normal,0,0,65535_65535,0,5,105391,0,0,1,0,0,0,28,1,1,pre_allocation
205,699,normal,0,0,65535_65535,0,5,105391,50,1,1,1,1,50,28,1,1,allocated
205,699,normal,0,0,65535_65535,0,1,108604,50,0,1,0,1,0,28,1,1,pre_allocation
205,699,normal,0,0,65535_65535,0,1,108604,103,1,1,1,2,103,28,1,1,allocated
205,699,normal,0,0,65535_65535,0,2,100992,50,0,1,0,1,0,28,1,1,pre_allocation
205,699,normal,0,0,65535_65535,0,2,100992,103,1,1,1,2,103,28,1,1,allocated
205,699,normal,0,0,65535_65535,0,3,103523,50,0,1,0,1,0,28,1,1,pre_allocation
205,699,normal,0,0,65535_65535,0,3,103523,103,1,1,1,2,103,28,1,1,allocated
205,699,normal,0,0,65535_65535,0,4,103865,50,0,1,0,1,0,28,1,1,pre_allocation
205,699,normal,0,0,65535_65535,0,4,103865,103,1,1,1,2,103,28,1,1,allocated
205,699,normal,0,0,65535_65535,0,5,105391,50,0,1,0,1,0,28,1,1,pre_allocation
205,699,normal,0,0,65535_65535,0,5,105391,103,1,1,1,2,103,28,1,1,allocated
205,699,normal,0,0,65535_65535,0,1,108604,103,0,1,0,2,0,28,1,1,pre_allocation
205,699,normal,0,0,65535_65535,0,1,108604,156,1,1,1,3,156,28,1,1,allocated
205,699,normal,0,0,65535_65535,0,2,100992,103,0,1,0,2,0,28,1,1,pre_allocation
205,699,normal,0,0,65535_65535,0,2,100992,156,1,1,1,3,156,28,1,1,allocated
205,699,normal,0,0,65535_65535,0,3,103523,103,0,1,0,2,0,28,1,1,pre_allocation
205,699,normal,0,0,65535_65535,0,3,103523,156,1,1,1,3,156,28,1,1,allocated
205,699,normal,0,0,65535_65535,0,4,103865,103,0,1,0,2,0,28,1,1,pre_allocation
205,699,normal,0,0,65535_65535,0,4,103865,156,1,1,1,3,156,28,1,1,allocated
205,699,normal,0,0,65535_65535,0,5,105391,103,0,1,0,2,0,28,1,1,pre_allocation
205,699,normal,0,0,65535_65535,0,5,105391,156,1,1,1,3,156,28,1,1,allocated
205,699,normal,0,0,65535_65535,0,1,108604,156,0,1,0,3,0,28,1,1,pre_allocation
205,699,normal,0,0,65535_65535,0,1,108604,209,1,1,1,4,209,28,1,1,allocated
205,699,normal,0,0,65535_65535,0,2,100992,156,0,1,0,3,0,28,1,1,pre_allocation
205,699,normal,0,0,65535_65535,0,2,100992,209,1,1,1,4,209,28,1,1,allocated
205,699,normal,0,0,65535_65535,0,3,103523,156,0,1,0,3,0,28,1,1,pre_allocation
205,699,normal,0,0,65535_65535,0,3,103523,209,1,1,1,4,209,28,1,1,allocated
205,699,normal,0,0,65535_65535,0,4,103865,156,0,1,0,3,0,28,1,1,pre_allocation
205,699,normal,0,0,65535_65535,0,4,103865,209,1,1,1,4,209,28,1,1,allocated
205,699,normal,0,0,65535_65535,0,5,105391,156,0,1,0,3,0,28,1,1,pre_allocation
205,699,normal,0,0,65535_65535,0,5,105391,209,1,1,1,4,209,28,1,1,allocated
205,699,normal,0,0,65535_65535,0,1,108604,209,0,1,0,4,0,28,1,1,pre_allocation
205,699,normal,0,0,65535_65535,0,1,108604,262,1,1,1,5,262,28,1,1,allocated
205,699,normal,0,0,65535_65535,0,2,100992,209,0,1,0,4,0,28,1,1,pre_allocation
205,699,normal,0,0,65535_65535,0,2,100992,262,1,1,1,5,262,28,1,1,allocated
205,699,normal,0,0,65535_65535,0,3,103523,209,0,1,0,4,0,28,1,1,pre_allocation
205,699,normal,0,0,65535_65535,0,3,103523,262,1,1,1,5,262,28,1,1,allocated
205,699,normal,0,0,65535_65535,0,4,103865,209,0,1,0,4,0,28,1,1,pre_allocation
205,699,normal,0,0,65535_65535,0,4,103865,262,1,1,1,5,262,28,1,1,allocated
205,699,normal,0,0,65535_65535,0,5,105391,209,0,1,0,4,0,28,1,1,pre_allocation
205,699,normal,0,0,65535_65535,0,5,105391,262,1,1,1,5,262,28,1,1,allocated
205,699,normal,0,0,65535_65535,0,1,108604,262,0,1,0,5,0,28,1,1,pre_allocation
205,699,normal,0,0,65535_65535,0,1,108604,315,1,1,1,6,315,28,1,1,allocated
205,699,normal,0,0,65535_65535,0,2,100992,262,0,1,0,5,0,28,1,1,pre_allocation
205,699,normal,0,0,65535_65535,0,2,100992,315,1,1,1,6,315,28,1,1,allocated
205,699,normal,0,0,65535_65535,0,3,103523,262,0,1,0,5,0,28,1,1,pre_allocation
205,699,normal,0,0,65535_65535,0,3,103523,315,1,1,1,6,315,28,1,1,allocated
205,699,normal,0,0,65535_65535,0,4,103865,262,0,1,0,5,0,28,1,1,pre_allocation
205,699,normal,0,0,65535_65535,0,4,103865,315,1,1,1,6,315,28,1,1,allocated
205,699,normal,0,0,65535_65535,0,5,105391,262,0,1,0,5,0,28,1,1,pre_allocation
205,699,normal,0,0,65535_65535,0,5,105391,315,1,1,1,6,315,28,1,1,allocated
205,699,normal,0,0,65535_65535,0,1,108604,315,0,1,0,6,0,28,1,1,pre_allocation
205,699,normal,0,0,65535_65535,0,1,108604,368,1,1,1,7,368,28,1,1,allocated
205,699,normal,0,0,65535_65535,0,2,100992,315,0,1,0,6,0,28,1,1,pre_allocation
205,699,normal,0,0,65535_65535,0,2,100992,368,1,1,1,7,368,28,1,1,allocated
205,699,normal,0,0,65535_65535,0,3,103523,315,0,1,0,6,0,28,1,1,pre_allocation
205,699,normal,0,0,65535_65535,0,3,103523,368,1,1,1,7,368,28,1,1,allocated
205,699,normal,0,0,65535_65535,0,4,103865,315,0,1,0,6,0,28,1,1,pre_allocation
205,699,normal,0,0,65535_65535,0,4,103865,368,1,1,1,7,368,28,1,1,allocated
205,699,normal,0,0,65535_65535,0,5,105391,315,0,1,0,6,0,28,1,1,pre_allocation
205,699,normal,0,0,65535_65535,0,5,105391,368,1,1,1,7,368,28,1,1,allocated
205,699,normal,0,0,65535_65535,0,1,108604,368,0,1,0,7,0,28,1,1,pre_allocation
205,699,normal,0,0,65535_65535,0,1,108604,422,1,1,1,8,422,28,1,1,allocated
205,699,normal,0,0,65535_65535,0,2,100992,368,0,1,0,7,0,28,1,1,pre_allocation
205,699,normal,0,0,65535_65535,0,2,100992,422,1,1,1,8,422,28,1,1,allocated
205,699,normal,0,0,65535_65535,0,3,103523,368,0,1,0,7,0,28,1,1,pre_allocation
205,699,normal,0,0,65535_65535,0,3,103523,422,1,1,1,8,422,28,1,1,allocated
205,699,normal,0,0,65535_65535,0,4,103865,368,0,1,0,7,0,28,1,1,pre_allocation
205,699,normal,0,0,65535_65535,0,4,103865,422,1,1,1,8,422,28,1,1,allocated
205,699,normal,0,0,65535_65535,0,5,105391,368,0,1,0,7,0,28,1,1,pre_allocation
205,699,normal,0,0,65535_65535,0,5,105391,422,1,1,1,8,422,28,1,1,allocated
205,699,normal,0,0,65535_65535,0,1,108604,422,0,1,0,8,0,28,1,1,pre_allocation
205,699,normal,0,0,65535_65535,0,1,108604,475,1,1,1,9,475,28,1,1,allocated
205,699,normal,0,0,65535_65535,0,2,100992,422,0,1,0,8,0,28,1,1,pre_allocation
205,699,normal,0,0,65535_65535,0,2,100992,475,1,1,1,9,475,28,1,1,allocated
205,699,normal,0,0,65535_65535,0,3,103523,422,0,1,0,8,0,28,1,1,pre_allocation
205,699,normal,0,0,65535_65535,0,3,103523,475,1,1,1,9,475,28,1,1,allocated
205,699,normal,0,0,65535_65535,0,4,103865,422,0,1,0,8,0,28,1,1,pre_allocation
205,699,normal,0,0,65535_65535,0,4,103865,475,1,1,1,9,475,28,1,1,allocated
205,699,normal,0,0,65535_65535,1,6,87,0,0,1,0,0,0,28,1,1,pre_allocation
205,699,normal,0,0,65535_65535,1,6,87,50,1,1,1,1,50,28,1,1,allocated
205,699,normal,0,0,65535_65535,1,7,87,0,0,1,0,0,0,28,1,1,pre_allocation
205,699,normal,0,0,65535_65535,1,7,87,50,1,1,1,1,50,28,1,1,allocated
205,699,normal,0,0,65535_65535,1,9,87,0,0,1,0,0,0,28,1,1,pre_allocation
205,699,normal,0,0,65535_65535,1,9,87,50,1,1,1,1,50,28,1,1,allocated
205,699,normal,0,0,65535_65535,1,10,87,0,0,1,0,0,0,28,1,1,pre_allocation
205,699,normal,0,0,65535_65535,1,10,87,50,1,1,1,1,50,28,1,1,allocated
205,699,normal,0,0,65535_65535,1,6,87,50,0,1,0,1,0,28,1,1,pre_allocation
205,699,normal,0,0,65535_65535,1,6,87,103,1,1,1,2,103,28,1,1,allocated
205,699,normal,0,0,65535_65535,1,7,87,50,0,1,0,1,0,28,1,1,pre_allocation
205,699,normal,0,0,65535_65535,1,7,87,103,1,1,1,2,103,28,1,1,allocated
205,699,normal,0,0,65535_65535,1,9,87,50,0,1,0,1,0,28,1,1,pre_allocation
205,699,normal,0,0,65535_65535,1,9,87,103,1,1,1,2,103,28,1,1,allocated
205,699,normal,0,0,65535_65535,1,10,87,50,0,1,0,1,0,28,1,1,pre_allocation
205,699,normal,0,0,65535_65535,1,10,87,103,1,1,1,2,103,28,1,1,allocated
205,699,normal,0,0,65535_65535,1,6,87,103,0,1,0,2,0,28,1,1,pre_allocation
205,699,normal,0,0,65535_65535,1,6,87,156,1,1,1,3,156,28,1,1,allocated
205,699,normal,0,0,65535_65535,1,7,87,103,0,1,0,2,0,28,1,1,pre_allocation
205,699,normal,0,0,65535_65535,1,7,87,156,1,1,1,3,156,28,1,1,allocated
205,699,normal,0,0,65535_65535,1,9,87,103,0,1,0,2,0,28,1,1,pre_allocation
205,699,normal,0,0,65535_65535,1,9,87,156,1,1,1,3,156,28,1,1,allocated
205,699,normal,0,0,65535_65535,1,10,87,103,0,1,0,2,0,28,1,1,pre_allocation
205,699,normal,0,0,65535_65535,1,10,87,156,1,1,1,3,156,28,1,1,allocated
205,699,normal,0,0,65535_65535,1,6,87,156,0,1,0,3,0,28,1,1,pre_allocation
205,699,normal,0,0,65535_65535,1,6,87,209,1,1,1,4,209,28,1,1,allocated
205,699,normal,0,0,65535_65535,1,7,87,156,0,1,0,3,0,28,1,1,pre_allocation
205,699,normal,0,0,65535_65535,1,7,87,209,1,1,1,4,209,28,1,1,allocated
205,699,normal,0,0,65535_65535,1,9,87,156,0,1,0,3,0,28,1,1,pre_allocation
205,699,normal,0,0,65535_65535,1,9,87,209,1,1,1,4,209,28,1,1,allocated
205,699,normal,0,0,65535_65535,1,10,87,156,0,1,0,3,0,28,1,1,pre_allocation
205,699,normal,0,0,65535_65535,1,10,87,209,1,1,1,4,209,28,1,1,allocated
205,699,normal,0,0,65535_65535,1,6,87,209,0,1,0,4,0,28,1,1,pre_allocation
205,699,normal,0,0,65535_65535,1,6,87,262,1,1,1,5,262,28,1,1,allocated
205,699,normal,0,0,65535_65535,1,7,87,209,0,1,0,4,0,28,1,1,pre_allocation
205,699,normal,0,0,65535_65535,1,7,87,262,1,1,1,5,262,28,1,1,allocated
205,699,normal,0,0,65535_65535,1,9,87,209,0,1,0,4,0,28,1,1,pre_allocation
205,699,normal,0,0,65535_65535,1,9,87,262,1,1,1,5,262,28,1,1,allocated
205,699,normal,0,0,65535_65535,1,10,87,209,0,1,0,4,0,28,1,1,pre_allocation
205,699,normal,0,0,65535_65535,1,10,87,262,1,1,1,5,262,28,1,1,allocated
205,699,normal,0,0,65535_65535,1,6,87,262,0,1,0,5,0,28,1,1,pre_allocation
205,699,normal,0,0,65535_65535,1,6,87,315,1,1,1,6,315,28,1,1,allocated
205,699,normal,0,0,65535_65535,1,7,87,262,0,1,0,5,0,28,1,1,pre_allocation
205,699,normal,0,0,65535_65535,1,7,87,315,1,1,1,6,315,28,1,1,allocated
205,699,normal,0,0,65535_65535,1,9,87,262,0,1,0,5,0,28,1,1,pre_allocation
205,699,normal,0,0,65535_65535,1,9,87,315,1,1,1,6,315,28,1,1,allocated
205,699,normal,0,0,65535_65535,1,10,87,262,0,1,0,5,0,28,1,1,pre_allocation
205,699,normal,0,0,65535_65535,1,10,87,315,1,1,1,6,315,28,1,1,allocated
205,699,normal,0,0,65535_65535,1,6,87,315,0,1,0,6,0,28,1,1,pre_allocation
205,699,normal,0,0,65535_65535,1,6,87,368,1,1,1,7,368,28,1,1,allocated
205,699,normal,0,0,65535_65535,1,7,87,315,0,1,0,6,0,28,1,1,pre_allocation
205,699,normal,0,0,65535_65535,1,7,87,368,1,1,1,7,368,28,1,1,allocated
205,699,normal,0,0,65535_65535,1,9,87,315,0,1,0,6,0,28,1,1,pre_allocation
205,699,normal,0,0,65535_65535,1,9,87,368,1,1,1,7,368,28,1,1,allocated
205,699,normal,0,0,65535_65535,1,10,87,315,0,1,0,6,0,28,1,1,pre_allocation
205,699,normal,0,0,65535_65535,1,10,87,368,1,1,1,7,368,28,1,1,allocated
205,699,normal,0,0,65535_65535,1,6,87,368,0,1,0,7,0,28,1,1,pre_allocation
205,699,normal,0,0,65535_65535,1,6,87,422,1,1,1,8,422,28,1,1,allocated
205,699,normal,0,0,65535_65535,1,7,87,368,0,1,0,7,0,28,1,1,pre_allocation
205,699,normal,0,0,65535_65535,1,7,87,422,1,1,1,8,422,28,1,1,allocated
205,699,normal,0,0,65535_65535,1,9,87,368,0,1,0,7,0,28,1,1,pre_allocation
205,699,normal,0,0,65535_65535,1,9,87,422,1,1,1,8,422,28,1,1,allocated
205,699,normal,0,0,65535_65535,1,10,87,368,0,1,0,7,0,28,1,1,pre_allocation
205,699,normal,0,0,65535_65535,1,10,87,422,1,1,1,8,422,28,1,1,allocated
205,699,normal,0,0,65535_65535,1,6,87,422,0,1,0,8,0,28,1,1,pre_allocation
205,699,normal,0,0,65535_65535,1,6,87,475,1,1,1,9,475,28,1,1,allocated
205,699,normal,0,0,65535_65535,1,7,87,422,0,1,0,8,0,28,1,1,pre_allocation
205,699,normal,0,0,65535_65535,1,7,87,475,1,1,1,9,475,28,1,1,allocated
205,699,normal,0,0,65535_65535,1,9,87,422,0,1,0,8,0,28,1,1,pre_allocation
205,699,normal,0,0,65535_65535,1,9,87,475,1,1,1,9,475,28,1,1,allocated
205,699,normal,0,0,65535_65535,1,10,87,422,0,1,0,8,0,28,1,1,pre_allocation
205,699,normal,0,0,65535_65535,1,10,87,475,1,1,1,9,475,28,1,1,allocated
205,699,normal,0,0,65535_65535,1,6,87,475,0,1,0,9,0,28,1,1,pre_allocation
205,699,normal,0,0,65535_65535,1,6,87,528,1,1,1,10,528,28,1,1,allocated
205,699,normal,0,0,65535_65535,1,7,87,475,0,1,0,9,0,28,1,1,pre_allocation
205,699,normal,0,0,65535_65535,1,7,87,528,1,1,1,10,528,28,1,1,allocated
205,699,normal,0,0,65535_65535,1,9,87,475,0,1,0,9,0,28,1,1,pre_allocation
205,699,normal,0,0,65535_65535,1,9,87,528,1,1,1,10,528,28,1,1,allocated
205,699,normal,0,0,65535_65535,1,10,87,475,0,1,0,9,0,28,1,1,pre_allocation
205,699,normal,0,0,65535_65535,1,10,87,528,1,1,1,10,528,28,1,1,allocated
205,699,normal,0,0,65535_65535,1,6,87,528,0,1,0,10,0,28,1,1,pre_allocation
205,699,normal,0,0,65535_65535,1,6,87,581,1,1,1,11,581,28,1,1,allocated
205,699,normal,0,0,65535_65535,1,7,87,528,0,1,0,10,0,28,1,1,pre_allocation
205,699,normal,0,0,65535_65535,1,7,87,581,1,1,1,11,581,28,1,1,allocated
205,699,normal,0,0,65535_65535,1,9,87,528,0,1,0,10,0,28,1,1,pre_allocation
205,699,normal,0,0,65535_65535,1,9,87,581,1,1,1,11,581,28,1,1,allocated
205,699,normal,0,0,65535_65535,1,10,87,528,0,1,0,10,0,28,1,1,pre_allocation
205,699,normal,0,0,65535_65535,1,10,87,581,1,1,1,11,581,28,1,1,allocated
205,699,normal,0,0,65535_65535,1,6,87,581,0,1,0,11,0,28,1,1,pre_allocation
205,699,normal,0,0,65535_65535,1,6,87,634,1,1,1,12,634,28,1,1,allocated
205,699,normal,0,0,65535_65535,1,7,87,581,0,1,0,11,0,28,1,1,pre_allocation
205,699,normal,0,0,65535_65535,1,7,87,634,1,1,1,12,634,28,1,1,allocated
205,699,normal,0,0,65535_65535,1,9,87,581,0,1,0,11,0,28,1,1,pre_allocation
205,699,normal,0,0,65535_65535,1,9,87,634,1,1,1,12,634,28,1,1,allocated
205,699,normal,0,0,65535_65535,1,10,87,581,0,1,0,11,0,28,1,1,pre_allocation
205,699,normal,0,0,65535_65535,1,10,87,634,1,1,1,12,634,28,1,1,allocated
205,699,normal,0,0,65535_65535,1,6,87,634,0,1,0,12,0,28,1,1,pre_allocation
205,699,normal,0,0,65535_65535,1,6,87,687,1,1,1,13,687,28,1,1,allocated
205,699,normal,0,0,65535_65535,1,7,87,634,0,1,0,12,0,28,1,1,pre_allocation
205,699,normal,0,0,65535_65535,1,7,87,687,1,1,1,13,687,28,1,1,allocated
205,699,normal,0,0,65535_65535,1,9,87,634,0,1,0,12,0,28,1,1,pre_allocation
205,699,normal,0,0,65535_65535,1,9,87,687,1,1,1,13,687,28,1,1,allocated
205,699,normal,0,0,65535_65535,1,10,87,634,0,1,0,12,0,28,1,1,pre_allocation
205,699,normal,0,0,65535_65535,1,10,87,687,1,1,1,13,687,28,1,1,allocated
205,699,normal,0,0,65535_65535,1,6,87,687,0,1,0,13,0,28,1,1,pre_allocation
205,699,normal,0,0,65535_65535,1,6,87,740,1,1,1,14,740,28,1,1,allocated
205,699,normal,0,0,65535_65535,1,7,87,687,0,1,0,13,0,28,1,1,pre_allocation
205,699,normal,0,0,65535_65535,1,7,87,740,1,1,1,14,740,28,1,1,allocated
205,699,normal,0,0,65535_65535,1,9,87,687,0,1,0,13,0,28,1,1,pre_allocation
205,699,normal,0,0,65535_65535,1,9,87,740,1,1,1,14,740,28,1,1,allocated
205,699,normal,0,0,65535_65535,1,10,87,687,0,1,0,13,0,28,1,1,pre_allocation
205,699,normal,0,0,65535_65535,1,10,87,740,1,1,1,14,740,28,1,1,allocated
205,699,normal,0,0,65535_65535,1,6,87,740,0,1,0,14,0,28,1,1,pre_allocation
205,699,normal,0,0,65535_65535,1,6,87,793,1,1,1,15,793,28,1,1,allocated
205,699,normal,0,0,65535_65535,1,7,87,740,0,1,0,14,0,28,1,1,pre_allocation
205,699,normal,0,0,65535_65535,1,7,87,793,1,1,1,15,793,28,1,1,allocated
205,699,normal,0,0,65535_65535,1,9,87,740,0,1,0,14,0,28,1,1,pre_allocation
205,699,normal,0,0,65535_65535,1,9,87,793,1,1,1,15,793,28,1,1,allocated
205,699,normal,0,0,65535_65535,1,10,87,740,0,1,0,14,0,28,1,1,pre_allocation
205,699,normal,0,0,65535_65535,1,10,87,793,1,1,1,15,793,28,1,1,allocated
205,699,normal,0,0,65535_65535,1,6,87,793,0,1,0,15,0,28,1,1,pre_allocation
205,699,normal,0,0,65535_65535,1,6,87,847,1,1,1,16,847,28,1,1,allocated
205,699,normal,0,0,65535_65535,1,7,87,793,0,1,0,15,0,28,1,1,pre_allocation
205,699,normal,0,0,65535_65535,1,7,87,847,1,1,1,16,847,28,1,1,allocated
205,699,normal,0,0,65535_65535,1,9,87,793,0,1,0,15,0,28,1,1,pre_allocation
205,699,normal,0,0,65535_65535,1,9,87,847,1,1,1,16,847,28,1,1,allocated
205,699,normal,0,0,65535_65535,1,10,87,793,0,1,0,15,0,28,1,1,pre_allocation
205,699,normal,0,0,65535_65535,1,10,87,847,1,1,1,16,847,28,1,1,allocated
205,699,normal,0,0,65535_65535,1,6,87,847,0,1,0,16,0,28,1,1,pre_allocation
205,699,normal,0,0,65535_65535,1,6,87,900,1,1,1,17,900,28,1,1,allocated
205,699,normal,0,0,65535_65535,1,7,87,847,0,1,0,16,0,28,1,1,pre_allocation
205,699,normal,0,0,65535_65535,1,7,87,900,1,1,1,17,900,28,1,1,allocated
205,699,normal,0,0,65535_65535,1,9,87,847,0,1,0,16,0,28,1,1,pre_allocation
205,699,normal,0,0,65535_65535,1,9,87,900,1,1,1,17,900,28,1,1,allocated
205,699,normal,0,0,65535_65535,1,10,87,847,0,1,0,16,0,28,1,1,pre_allocation
205,699,normal,0,0,65535_65535,1,10,87,900,1,1,1,17,900,28,1,1,allocated
205,699,normal,0,0,65535_65535,1,6,87,900,0,1,0,17,0,28,1,1,pre_allocation
205,699,normal,0,0,65535_65535,1,6,87,953,1,1,1,18,953,28,1,1,allocated
205,699,normal,0,0,65535_65535,1,7,87,900,0,1,0,17,0,28,1,1,pre_allocation
205,699,normal,0,0,65535_65535,1,7,87,953,1,1,1,18,953,28,1,1,allocated
205,699,normal,0,0,65535_65535,1,9,87,900,0,1,0,17,0,28,1,1,pre_allocation
205,699,normal,0,0,65535_65535,1,9,87,953,1,1,1,18,953,28,1,1,allocated
205,699,normal,0,0,65535_65535,1,10,87,900,0,1,0,17,0,28,1,1,pre_allocation
205,699,normal,0,0,65535_65535,1,10,87,953,1,1,1,18,953,28,1,1,allocated
205,699,normal,0,0,65535_65535,1,6,87,953,0,1,0,18,0,28,1,1,pre_allocation
205,699,normal,0,0,65535_65535,1,6,87,1006,1,1,1,19,1006,28,1,1,allocated
205,699,normal,0,0,65535_65535,1,7,87,953,0,1,0,18,0,28,1,1,pre_allocation
205,699,normal,0,0,65535_65535,1,7,87,1006,1,1,1,19,1006,28,1,1,allocated
205,699,normal,0,0,65535_65535,1,9,87,953,0,1,0,18,0,28,1,1,pre_allocation
205,699,normal,0,0,65535_65535,1,9,87,1006,1,1,1,19,1006,28,1,1,allocated
205,699,normal,0,0,65535_65535,1,10,87,953,0,1,0,18,0,28,1,1,pre_allocation
205,699,normal,0,0,65535_65535,1,10,87,1006,1,1,1,19,1006,28,1,1,allocated
205,699,normal,0,0,65535_65535,1,6,87,1006,0,1,0,19,0,28,1,1,pre_allocation
205,699,normal,0,0,65535_65535,1,6,87,1059,1,1,1,20,1059,28,1,1,allocated
205,699,normal,0,0,65535_65535,1,7,87,1006,0,1,0,19,0,28,1,1,pre_allocation
205,699,normal,0,0,65535_65535,1,7,87,1059,1,1,1,20,1059,28,1,1,allocated
205,699,normal,0,0,65535_65535,1,9,87,1006,0,1,0,19,0,28,1,1,pre_allocation
205,699,normal,0,0,65535_65535,1,9,87,1059,1,1,1,20,1059,28,1,1,allocated
205,699,normal,0,0,65535_65535,1,10,87,1006,0,1,0,19,0,28,1,1,pre_allocation
205,699,normal,0,0,65535_65535,1,10,87,1059,1,1,1,20,1059,28,1,1,allocated
205,699,normal,0,0,65535_65535,1,6,87,1059,0,1,0,20,0,28,1,1,pre_allocation
205,699,normal,0,0,65535_65535,1,6,87,1112,1,1,1,21,1112,28,1,1,allocated
205,699,normal,0,0,65535_65535,1,7,87,1059,0,1,0,20,0,28,1,1,pre_allocation
205,699,normal,0,0,65535_65535,1,7,87,1112,1,1,1,21,1112,28,1,1,allocated
205,699,normal,0,0,65535_65535,1,9,87,1059,0,1,0,20,0,28,1,1,pre_allocation
205,699,normal,0,0,65535_65535,1,9,87,1112,1,1,1,21,1112,28,1,1,allocated
205,699,normal,0,0,65535_65535,1,10,87,1059,0,1,0,20,0,28,1,1,pre_allocation
205,699,normal,0,0,65535_65535,1,10,87,1112,1,1,1,21,1112,28,1,1,allocated
205,699,normal,0,0,65535_65535,1,6,87,1112,0,1,0,21,0,28,1,1,pre_allocation
205,699,normal,0,0,65535_65535,1,6,87,1165,1,1,1,22,1165,28,1,1,allocated
205,699,normal,0,0,65535_65535,1,7,87,1112,0,1,0,21,0,28,1,1,pre_allocation
205,699,normal,0,0,65535_65535,1,7,87,1165,1,1,1,22,1165,28,1,1,allocated
205,699,normal,0,0,65535_65535,1,9,87,1112,0,1,0,21,0,28,1,1,pre_allocation
205,699,normal,0,0,65535_65535,1,9,87,1165,1,1,1,22,1165,28,1,1,allocated
205,699,normal,0,0,65535_65535,1,10,87,1112,0,1,0,21,0,28,1,1,pre_allocation
205,699,normal,0,0,65535_65535,1,10,87,1165,1,1,1,22,1165,28,1,1,allocated
205,699,normal,0,0,65535_65535,1,6,87,1165,0,1,0,22,0,28,1,1,pre_allocation
205,699,normal,0,0,65535_65535,1,6,87,1218,1,1,1,23,1218,28,1,1,allocated
205,699,normal,0,0,65535_65535,1,7,87,1165,0,1,0,22,0,28,1,1,pre_allocation
205,699,normal,0,0,65535_65535,1,7,87,1218,1,1,1,23,1218,28,1,1,allocated
205,699,normal,0,0,65535_65535,1,9,87,1165,0,1,0,22,0,28,1,1,pre_allocation
205,699,normal,0,0,65535_65535,1,9,87,1218,1,1,1,23,1218,28,1,1,allocated
205,699,normal,0,0,65535_65535,1,10,87,1165,0,1,0,22,0,28,1,1,pre_allocation
205,699,normal,0,0,65535_65535,1,10,87,1218,1,1,1,23,1218,28,1,1,allocated
205,699,normal,0,0,65535_65535,1,6,87,1218,0,1,0,23,0,28,1,1,pre_allocation
205,699,normal,0,0,65535_65535,1,6,87,1272,1,1,1,24,1272,28,1,1,allocated
205,699,normal,0,0,65535_65535,1,7,87,1218,0,1,0,23,0,28,1,1,pre_allocation
205,699,normal,0,0,65535_65535,1,7,87,1272,1,1,1,24,1272,28,1,1,allocated
205,699,normal,0,0,65535_65535,1,9,87,1218,0,1,0,23,0,28,1,1,pre_allocation
205,699,normal,0,0,65535_65535,1,9,87,1272,1,1,1,24,1272,28,1,1,allocated
205,699,normal,0,0,65535_65535,1,10,87,1218,0,1,0,23,0,28,1,1,pre_allocation
205,699,normal,0,0,65535_65535,1,10,87,1272,1,1,1,24,1272,28,1,1,allocated
205,699,normal,0,0,65535_65535,1,6,87,1272,0,1,0,24,0,28,1,1,pre_allocation
205,699,normal,0,0,65535_65535,1,6,87,1325,1,1,1,25,1325,28,1,1,allocated
205,699,normal,0,0,65535_65535,1,7,87,1272,0,1,0,24,0,28,1,1,pre_allocation
205,699,normal,0,0,65535_65535,1,7,87,1325,1,1,1,25,1325,28,1,1,allocated
205,699,normal,0,0,65535_65535,1,9,87,1272,0,1,0,24,0,28,1,1,pre_allocation
205,699,normal,0,0,65535_65535,1,9,87,1325,1,1,1,25,1325,28,1,1,allocated
205,699,normal,0,0,65535_65535,1,10,87,1272,0,1,0,24,0,28,1,1,pre_allocation
205,699,normal,0,0,65535_65535,1,10,87,1325,1,1,1,25,1325,28,1,1,allocated
205,699,normal,0,0,65535_65535,1,6,87,1325,0,1,0,25,0,28,1,1,pre_allocation
205,699,normal,0,0,65535_65535,1,6,87,1378,1,1,1,26,1378,28,1,1,allocated
205,699,normal,0,0,65535_65535,1,7,87,1325,0,1,0,25,0,28,1,1,pre_allocation
205,699,normal,0,0,65535_65535,1,7,87,1378,1,1,1,26,1378,28,1,1,allocated
205,699,normal,0,0,65535_65535,1,9,87,1325,0,1,0,25,0,28,1,1,pre_allocation
205,699,normal,0,0,65535_65535,1,9,87,1378,1,1,1,26,1378,28,1,1,allocated
205,699,normal,0,0,65535_65535,1,10,87,1325,0,1,0,25,0,28,1,1,pre_allocation
205,699,normal,0,0,65535_65535,1,10,87,1378,1,1,1,26,1378,28,1,1,allocated
205,699,normal,0,0,65535_65535,1,6,87,1378,0,1,0,26,0,28,1,1,pre_allocation
205,699,normal,0,0,65535_65535,1,6,87,1431,1,1,1,27,1431,28,1,1,allocated
205,699,normal,0,0,65535_65535,1,7,87,1378,0,1,0,26,0,28,1,1,pre_allocation
205,699,normal,0,0,65535_65535,1,7,87,1431,1,1,1,27,1431,28,1,1,allocated
205,699,normal,0,0,65535_65535,1,9,87,1378,0,1,0,26,0,28,1,1,pre_allocation
205,699,normal,0,0,65535_65535,1,9,87,1431,1,1,1,27,1431,28,1,1,allocated
205,699,normal,0,0,65535_65535,1,10,87,1378,0,1,0,26,0,28,1,1,pre_allocation
205,699,normal,0,0,65535_65535,1,10,87,1431,1,1,1,27,1431,28,1,1,allocated
205,699,normal,0,0,65535_65535,1,6,87,1431,0,1,0,27,0,28,1,1,pre_allocation
205,699,normal,0,0,65535_65535,1,6,87,1484,1,1,1,28,1484,28,1,1,allocated
205,699,normal,0,0,65535_65535,1,7,87,1431,0,1,0,27,0,28,1,1,pre_allocation
205,699,normal,0,0,65535_65535,1,7,87,1484,1,1,1,28,1484,28,1,1,allocated
205,699,normal,0,0,65535_65535,1,9,87,1431,0,1,0,27,0,28,1,1,pre_allocation
205,699,normal,0,0,65535_65535,1,9,87,1484,1,1,1,28,1484,28,1,1,allocated
205,699,normal,0,0,65535_65535,1,10,87,1431,0,1,0,27,0,28,1,1,pre_allocation
205,699,normal,0,0,65535_65535,1,10,87,1484,1,1,1,28,1484,28,1,1,allocated
205,699,normal,0,0,65535_65535,1,6,87,1484,0,1,0,28,0,28,1,1,pre_allocation
205,699,normal,0,0,65535_65535,1,6,87,1534,1,1,1,29,1534,28,1,1,allocated
205,699,normal,0,0,65535_65535,1,7,87,1484,0,1,0,28,0,28,1,1,pre_allocation
205,699,normal,0,0,65535_65535,1,7,87,1534,1,1,1,29,1534,28,1,1,allocated
205,699,normal,0,0,65535_65535,1,9,87,1484,0,1,0,28,0,28,1,1,pre_allocation
205,699,normal,0,0,65535_65535,1,9,87,1534,1,1,1,29,1534,28,1,1,allocated
205,699,normal,0,0,65535_65535,1,10,87,1484,0,1,0,28,0,28,1,1,pre_allocation
205,699,normal,0,0,65535_65535,1,10,87,1534,1,1,1,29,1534,28,1,1,allocated
205,699,normal,0,0,65535_65535,1,6,87,1534,0,1,0,29,0,28,1,1,pre_allocation
205,699,normal,0,0,65535_65535,1,6,87,1587,1,1,1,30,1587,28,1,1,allocated
205,699,normal,0,0,65535_65535,1,7,87,1534,0,1,0,29,0,28,1,1,pre_allocation
205,699,normal,0,0,65535_65535,1,7,87,1587,1,1,1,30,1587,28,1,1,allocated
205,699,normal,0,0,65535_65535,1,9,87,1534,0,1,0,29,0,28,1,1,pre_allocation
205,699,normal,0,0,65535_65535,1,9,87,1587,1,1,1,30,1587,28,1,1,allocated
205,699,normal,0,0,65535_65535,1,10,87,1534,0,1,0,29,0,28,1,1,pre_allocation
205,699,normal,0,0,65535_65535,1,10,87,1587,1,1,1,30,1587,28,1,1,allocated
205,699,normal,0,0,65535_65535,2,28,137,0,0,1,0,0,0,28,1,1,pre_allocation
205,699,normal,0,0,65535_65535,2,28,137,50,1,1,1,1,50,28,1,1,allocated
205,699,normal,0,0,65535_65535,2,27,137,0,0,1,0,0,0,28,1,1,pre_allocation
205,699,normal,0,0,65535_65535,2,27,137,50,1,1,1,1,50,28,1,1,allocated
205,699,normal,0,0,65535_65535,2,26,137,0,0,1,0,0,0,15,1,1,pre_allocation
205,699,normal,0,0,65535_65535,2,26,137,17,1,1,1,1,17,15,1,1,allocated
205,699,normal,0,0,65535_65535,2,25,137,0,0,1,0,0,0,28,1,1,pre_allocation
205,699,normal,0,0,65535_65535,2,25,137,50,1,1,1,1,50,28,1,1,allocated
205,699,normal,0,0,65535_65535,2,24,137,0,0,1,0,0,0,28,1,1,pre_allocation
205,699,normal,0,0,65535_65535,2,24,137,50,1,1,1,1,50,28,1,1,allocated
205,699,normal,0,0,65535_65535,2,22,137,0,0,1,0,0,0,28,1,1,pre_allocation
205,699,normal,0,0,65535_65535,2,22,137,50,1,1,1,1,50,28,1,1,allocated
205,699,normal,0,0,65535_65535,2,21,137,0,0,1,0,0,0,28,1,1,pre_allocation
205,699,normal,0,0,65535_65535,2,21,137,50,1,1,1,1,50,28,1,1,allocated
205,699,normal,0,0,65535_65535,2,11,137,0,0,1,0,0,0,28,1,1,pre_allocation
205,699,normal,0,0,65535_65535,2,11,137,50,1,1,1,1,50,28,1,1,allocated
205,699,normal,0,0,65535_65535,2,12,137,0,0,1,0,0,0,28,1,1,pre_allocation
205,699,normal,0,0,65535_65535,2,12,137,50,1,1,1,1,50,28,1,1,allocated
205,699,normal,0,0,65535_65535,2,28,137,50,0,1,0,1,0,28,1,1,pre_allocation
205,699,normal,0,0,65535_65535,2,28,137,103,1,1,1,2,103,28,1,1,allocated
205,699,normal,0,0,65535_65535,2,27,137,50,0,1,0,1,0,28,1,1,pre_allocation
205,699,normal,0,0,65535_65535,2,27,137,103,1,1,1,2,103,28,1,1,allocated
205,699,normal,0,0,65535_65535,2,26,137,17,0,1,0,1,0,15,1,1,pre_allocation
205,699,normal,0,0,65535_65535,2,26,137,38,1,1,1,2,38,15,1,1,allocated
205,699,normal,0,0,65535_65535,2,25,137,50,0,1,0,1,0,28,1,1,pre_allocation
205,699,normal,0,0,65535_65535,2,25,137,103,1,1,1,2,103,28,1,1,allocated
205,699,normal,0,0,65535_65535,2,24,137,50,0,1,0,1,0,28,1,1,pre_allocation
205,699,normal,0,0,65535_65535,2,24,137,103,1,1,1,2,103,28,1,1,allocated
205,699,normal,0,0,65535_65535,2,22,137,50,0,1,0,1,0,28,1,1,pre_allocation
205,699,normal,0,0,65535_65535,2,22,137,103,1,1,1,2,103,28,1,1,allocated
205,699,normal,0,0,65535_65535,2,21,137,50,0,1,0,1,0,28,1,1,pre_allocation
205,699,normal,0,0,65535_65535,2,21,137,103,1,1,1,2,103,28,1,1,allocated
205,699,normal,0,0,65535_65535,2,11,137,50,0,1,0,1,0,28,1,1,pre_allocation
205,699,normal,0,0,65535_65535,2,11,137,103,1,1,1,2,103,28,1,1,allocated
205,699,normal,0,0,65535_65535,2,12,137,50,0,1,0,1,0,28,1,1,pre_allocation
205,699,normal,0,0,65535_65535,2,12,137,103,1,1,1,2,103,28,1,1,allocated
205,699,normal,0,0,65535_65535,2,28,137,103,0,1,0,2,0,28,1,1,pre_allocation
205,699,normal,0,0,65535_65535,2,28,137,156,1,1,1,3,156,28,1,1,allocated
205,699,normal,0,0,65535_65535,2,27,137,103,0,1,0,2,0,28,1,1,pre_allocation
205,699,normal,0,0,65535_65535,2,27,137,156,1,1,1,3,156,28,1,1,allocated
205,699,normal,0,0,65535_65535,2,26,137,38,0,1,0,2,0,15,1,1,pre_allocation
205,699,normal,0,0,65535_65535,2,26,137,59,1,1,1,3,59,15,1,1,allocated
205,699,normal,0,0,65535_65535,2,25,137,103,0,1,0,2,0,28,1,1,pre_allocation
205,699,normal,0,0,65535_65535,2,25,137,156,1,1,1,3,156,28,1,1,allocated
205,699,normal,0,0,65535_65535,2,24,137,103,0,1,0,2,0,28,1,1,pre_allocation
205,699,normal,0,0,65535_65535,2,24,137,156,1,1,1,3,156,28,1,1,allocated
205,699,normal,0,0,65535_65535,2,22,137,103,0,1,0,2,0,28,1,1,pre_allocation
205,699,normal,0,0,65535_65535,2,22,137,156,1,1,1,3,156,28,1,1,allocated
205,699,normal,0,0,65535_65535,2,21,137,103,0,1,0,2,0,28,1,1,pre_allocation
205,699,normal,0,0,65535_65535,2,21,137,156,1,1,1,3,156,28,1,1,allocated
205,699,normal,0,0,65535_65535,2,11,137,103,0,1,0,2,0,28,1,1,pre_allocation
205,699,normal,0,0,65535_65535,2,11,137,156,1,1,1,3,156,28,1,1,allocated
205,699,normal,0,0,65535_65535,2,12,137,103,0,1,0,2,0,28,1,1,pre_allocation
205,699,normal,0,0,65535_65535,2,12,137,156,1,1,1,3,156,28,1,1,allocated
205,699,normal,0,0,65535_65535,2,28,137,156,0,1,0,3,0,28,1,1,pre_allocation
205,699,normal,0,0,65535_65535,2,28,137,209,1,1,1,4,209,28,1,1,allocated
205,699,normal,0,0,65535_65535,2,27,137,156,0,1,0,3,0,28,1,1,pre_allocation
205,699,normal,0,0,65535_65535,2,27,137,209,1,1,1,4,209,28,1,1,allocated
205,699,normal,0,0,65535_65535,2,26,137,59,0,1,0,3,0,15,1,1,pre_allocation
205,699,normal,0,0,65535_65535,2,26,137,80,1,1,1,4,80,15,1,1,allocated
205,699,normal,0,0,65535_65535,2,25,137,156,0,1,0,3,0,28,1,1,pre_allocation
205,699,normal,0,0,65535_65535,2,25,137,209,1,1,1,4,209,28,1,1,allocated
205,699,normal,0,0,65535_65535,2,24,137,156,0,1,0,3,0,28,1,1,pre_allocation
205,699,normal,0,0,65535_65535,2,24,137,209,1,1,1,4,209,28,1,1,allocated
205,699,normal,0,0,65535_65535,2,22,137,156,0,1,0,3,0,28,1,1,pre_allocation
205,699,normal,0,0,65535_65535,2,22,137,209,1,1,1,4,209,28,1,1,allocated
205,699,normal,0,0,65535_65535,2,21,137,156,0,1,0,3,0,28,1,1,pre_allocation
205,699,normal,0,0,65535_65535,2,21,137,209,1,1,1,4,209,28,1,1,allocated
205,699,normal,0,0,65535_65535,2,11,137,156,0,1,0,3,0,28,1,1,pre_allocation
205,699,normal,0,0,65535_65535,2,11,137,209,1,1,1,4,209,28,1,1,allocated
205,699,normal,0,0,65535_65535,2,12,137,156,0,1,0,3,0,28,1,1,pre_allocation
205,699,normal,0,0,65535_65535,2,12,137,209,1,1,1,4,209,28,1,1,allocated
205,699,normal,0,0,65535_65535,2,28,137,209,0,1,0,4,0,28,1,1,pre_allocation
205,699,normal,0,0,65535_65535,2,28,137,262,1,1,1,5,262,28,1,1,allocated
205,699,normal,0,0,65535_65535,2,27,137,209,0,1,0,4,0,28,1,1,pre_allocation
205,699,normal,0,0,65535_65535,2,27,137,262,1,1,1,5,262,28,1,1,allocated
205,699,normal,0,0,65535_65535,2,26,137,80,0,1,0,4,0,15,1,1,pre_allocation
205,699,normal,0,0,65535_65535,2,26,137,100,1,1,1,5,100,15,1,1,allocated
205,699,normal,0,0,65535_65535,2,25,137,209,0,1,0,4,0,28,1,1,pre_allocation
205,699,normal,0,0,65535_65535,2,25,137,262,1,1,1,5,262,28,1,1,allocated
205,699,normal,0,0,65535_65535,2,24,137,209,0,1,0,4,0,28,1,1,pre_allocation
205,699,normal,0,0,65535_65535,2,24,137,262,1,1,1,5,262,28,1,1,allocated
205,699,normal,0,0,65535_65535,2,22,137,209,0,1,0,4,0,28,1,1,pre_allocation
205,699,normal,0,0,65535_65535,2,22,137,262,1,1,1,5,262,28,1,1,allocated
205,699,normal,0,0,65535_65535,2,21,137,209,0,1,0,4,0,28,1,1,pre_allocation
205,699,normal,0,0,65535_65535,2,21,137,262,1,1,1,5,262,28,1,1,allocated
205,699,normal,0,0,65535_65535,2,11,137,209,0,1,0,4,0,28,1,1,pre_allocation
205,699,normal,0,0,65535_65535,2,11,137,262,1,1,1,5,262,28,1,1,allocated
205,699,normal,0,0,65535_65535,2,12,137,209,0,1,0,4,0,28,1,1,pre_allocation
205,699,normal,0,0,65535_65535,2,12,137,262,1,1,1,5,262,28,1,1,allocated
205,699,normal,0,0,65535_65535,2,28,137,262,0,1,0,5,0,28,1,1,pre_allocation
205,699,normal,0,0,65535_65535,2,28,137,315,1,1,1,6,315,28,1,1,allocated
205,699,normal,0,0,65535_65535,2,27,137,262,0,1,0,5,0,28,1,1,pre_allocation
205,699,normal,0,0,65535_65535,2,27,137,315,1,1,1,6,315,28,1,1,allocated
205,699,normal,0,0,65535_65535,2,26,137,100,0,1,0,5,0,15,1,1,pre_allocation
205,699,normal,0,0,65535_65535,2,26,137,121,1,1,1,6,121,15,1,1,allocated
205,699,normal,0,0,65535_65535,2,25,137,262,0,1,0,5,0,28,1,1,pre_allocation
205,699,normal,0,0,65535_65535,2,25,137,315,1,1,1,6,315,28,1,1,allocated
205,699,normal,0,0,65535_65535,2,24,137,262,0,1,0,5,0,28,1,1,pre_allocation
205,699,normal,0,0,65535_65535,2,24,137,315,1,1,1,6,315,28,1,1,allocated
205,699,normal,0,0,65535_65535,2,22,137,262,0,1,0,5,0,28,1,1,pre_allocation
205,699,normal,0,0,65535_65535,2,22,137,315,1,1,1,6,315,28,1,1,allocated
205,699,normal,0,0,65535_65535,2,21,137,262,0,1,0,5,0,28,1,1,pre_allocation
205,699,normal,0,0,65535_65535,2,21,137,315,1,1,1,6,315,28,1,1,allocated
205,699,normal,0,0,65535_65535,2,11,137,262,0,1,0,5,0,28,1,1,pre_allocation
205,699,normal,0,0,65535_65535,2,11,137,315,1,1,1,6,315,28,1,1,allocated
205,699,normal,0,0,65535_65535,2,12,137,262,0,1,0,5,0,28,1,1,pre_allocation
205,699,normal,0,0,65535_65535,2,12,137,315,1,1,1,6,315,28,1,1,allocated
205,699,normal,0,0,65535_65535,2,28,137,315,0,1,0,6,0,28,1,1,pre_allocation
205,699,normal,0,0,65535_65535,2,28,137,368,1,1,1,7,368,28,1,1,allocated
205,699,normal,0,0,65535_65535,2,27,137,315,0,1,0,6,0,28,1,1,pre_allocation
205,699,normal,0,0,65535_65535,2,27,137,368,1,1,1,7,368,28,1,1,allocated
205,699,normal,0,0,65535_65535,2,26,137,121,0,1,0,6,0,15,1,1,pre_allocation
205,699,normal,0,0,65535_65535,2,26,137,142,1,1,1,7,142,15,1,1,allocated
205,699,normal,0,0,65535_65535,2,25,137,315,0,1,0,6,0,28,1,1,pre_allocation
205,699,normal,0,0,65535_65535,2,25,137,368,1,1,1,7,368,28,1,1,allocated
205,699,normal,0,0,65535_65535,2,24,137,315,0,1,0,6,0,28,1,1,pre_allocation
205,699,normal,0,0,65535_65535,2,24,137,368,1,1,1,7,368,28,1,1,allocated
205,699,normal,0,0,65535_65535,2,22,137,315,0,1,0,6,0,28,1,1,pre_allocation
205,699,normal,0,0,65535_65535,2,22,137,368,1,1,1,7,368,28,1,1,allocated
205,699,normal,0,0,65535_65535,2,21,137,315,0,1,0,6,0,28,1,1,pre_allocation
205,699,normal,0,0,65535_65535,2,21,137,368,1,1,1,7,368,28,1,1,allocated
205,699,normal,0,0,65535_65535,2,11,137,315,0,1,0,6,0,28,1,1,pre_allocation
205,699,normal,0,0,65535_65535,2,11,137,368,1,1,1,7,368,28,1,1,allocated
205,699,normal,0,0,65535_65535,2,12,137,315,0,1,0,6,0,28,1,1,pre_allocation
205,699,normal,0,0,65535_65535,2,12,137,368,1,1,1,7,368,28,1,1,allocated
205,699,normal,0,0,65535_65535,2,28,137,368,0,1,0,7,0,28,1,1,pre_allocation
205,699,normal,0,0,65535_65535,2,28,137,422,1,1,1,8,422,28,1,1,allocated
205,699,normal,0,0,65535_65535,2,27,137,368,0,1,0,7,0,28,1,1,pre_allocation
205,699,normal,0,0,65535_65535,2,27,137,422,1,1,1,8,422,28,1,1,allocated
205,699,normal,0,0,65535_65535,2,26,137,142,0,1,0,7,0,15,1,1,pre_allocation
205,699,normal,0,0,65535_65535,2,26,137,163,1,1,1,8,163,15,1,1,allocated
205,699,normal,0,0,65535_65535,2,25,137,368,0,1,0,7,0,28,1,1,pre_allocation
205,699,normal,0,0,65535_65535,2,25,137,422,1,1,1,8,422,28,1,1,allocated
205,699,normal,0,0,65535_65535,2,24,137,368,0,1,0,7,0,28,1,1,pre_allocation
205,699,normal,0,0,65535_65535,2,24,137,422,1,1,1,8,422,28,1,1,allocated
205,699,normal,0,0,65535_65535,2,22,137,368,0,1,0,7,0,28,1,1,pre_allocation
205,699,normal,0,0,65535_65535,2,22,137,422,1,1,1,8,422,28,1,1,allocated
205,699,normal,0,0,65535_65535,2,21,137,368,0,1,0,7,0,28,1,1,pre_allocation
205,699,normal,0,0,65535_65535,2,21,137,422,1,1,1,8,422,28,1,1,allocated
205,699,normal,0,0,65535_65535,2,11,137,368,0,1,0,7,0,28,1,1,pre_allocation
205,699,normal,0,0,65535_65535,2,11,137,422,1,1,1,8,422,28,1,1,allocated
205,699,normal,0,0,65535_65535,2,12,137,368,0,1,0,7,0,28,1,1,pre_allocation
205,699,normal,0,0,65535_65535,2,12,137,422,1,1,1,8,422,28,1,1,allocated
205,699,normal,0,0,65535_65535,2,28,137,422,0,1,0,8,0,28,1,1,pre_allocation
205,699,normal,0,0,65535_65535,2,28,137,475,1,1,1,9,475,28,1,1,allocated
205,699,normal,0,0,65535_65535,2,27,137,422,0,1,0,8,0,28,1,1,pre_allocation
205,699,normal,0,0,65535_65535,2,27,137,475,1,1,1,9,475,28,1,1,allocated
205,699,normal,0,0,65535_65535,2,26,137,163,0,1,0,8,0,15,1,1,pre_allocation
205,699,normal,0,0,65535_65535,2,26,137,184,1,1,1,9,184,15,1,1,allocated
205,699,normal,0,0,65535_65535,2,25,137,422,0,1,0,8,0,28,1,1,pre_allocation
205,699,normal,0,0,65535_65535,2,25,137,475,1,1,1,9,475,28,1,1,allocated
205,699,normal,0,0,65535_65535,2,24,137,422,0,1,0,8,0,28,1,1,pre_allocation
205,699,normal,0,0,65535_65535,2,24,137,475,1,1,1,9,475,28,1,1,allocated
205,699,normal,0,0,65535_65535,2,22,137,422,0,1,0,8,0,28,1,1,pre_allocation
205,699,normal,0,0,65535_65535,2,22,137,475,1,1,1,9,475,28,1,1,allocated
205,699,normal,0,0,65535_65535,2,21,137,422,0,1,0,8,0,28,1,1,pre_allocation
205,699,normal,0,0,65535_65535,2,21,137,475,1,1,1,9,475,28,1,1,allocated
205,699,normal,0,0,65535_65535,2,11,137,422,0,1,0,8,0,28,1,1,pre_allocation
205,699,normal,0,0,65535_65535,2,11,137,475,1,1,1,9,475,28,1,1,allocated
205,699,normal,0,0,65535_65535,2,12,137,422,0,1,0,8,0,28,1,1,pre_allocation
205,699,normal,0,0,65535_65535,2,12,137,475,1,1,1,9,475,28,1,1,allocated
205,699,normal,0,0,65535_65535,2,28,137,475,0,1,0,9,0,28,1,1,pre_allocation
205,699,normal,0,0,65535_65535,2,28,137,528,1,1,1,10,528,28,1,1,allocated
205,699,normal,0,0,65535_65535,2,27,137,475,0,1,0,9,0,28,1,1,pre_allocation
205,699,normal,0,0,65535_65535,2,27,137,528,1,1,1,10,528,28,1,1,allocated
205,699,normal,0,0,65535_65535,2,26,137,184,0,1,0,9,0,15,1,1,pre_allocation
205,699,normal,0,0,65535_65535,2,26,137,204,1,1,1,10,204,15,1,1,allocated
205,699,normal,0,0,65535_65535,2,25,137,475,0,1,0,9,0,28,1,1,pre_allocation
205,699,normal,0,0,65535_65535,2,25,137,528,1,1,1,10,528,28,1,1,allocated
205,699,normal,0,0,65535_65535,2,24,137,475,0,1,0,9,0,28,1,1,pre_allocation
205,699,normal,0,0,65535_65535,2,24,137,528,1,1,1,10,528,28,1,1,allocated
205,699,normal,0,0,65535_65535,2,22,137,475,0,1,0,9,0,28,1,1,pre_allocation
205,699,normal,0,0,65535_65535,2,22,137,528,1,1,1,10,528,28,1,1,allocated
205,699,normal,0,0,65535_65535,2,21,137,475,0,1,0,9,0,28,1,1,pre_allocation
205,699,normal,0,0,65535_65535,2,21,137,528,1,1,1,10,528,28,1,1,allocated
205,699,normal,0,0,65535_65535,2,11,137,475,0,1,0,9,0,28,1,1,pre_allocation
205,699,normal,0,0,65535_65535,2,11,137,528,1,1,1,10,528,28,1,1,allocated
205,699,normal,0,0,65535_65535,2,12,137,475,0,1,0,9,0,28,1,1,pre_allocation
205,699,normal,0,0,65535_65535,2,12,137,528,1,1,1,10,528,28,1,1,allocated
205,699,normal,0,0,65535_65535,2,28,137,528,0,1,0,10,0,28,1,1,pre_allocation
205,699,normal,0,0,65535_65535,2,28,137,581,1,1,1,11,581,28,1,1,allocated
205,699,normal,0,0,65535_65535,2,27,137,528,0,1,0,10,0,28,1,1,pre_allocation
205,699,normal,0,0,65535_65535,2,27,137,581,1,1,1,11,581,28,1,1,allocated
205,699,normal,0,0,65535_65535,2,26,137,204,0,1,0,10,0,15,1,1,pre_allocation
205,699,normal,0,0,65535_65535,2,26,137,225,1,1,1,11,225,15,1,1,allocated
205,699,normal,0,0,65535_65535,2,25,137,528,0,1,0,10,0,28,1,1,pre_allocation
205,699,normal,0,0,65535_65535,2,25,137,581,1,1,1,11,581,28,1,1,allocated
205,699,normal,0,0,65535_65535,2,24,137,528,0,1,0,10,0,28,1,1,pre_allocation
205,699,normal,0,0,65535_65535,2,24,137,581,1,1,1,11,581,28,1,1,allocated
205,699,normal,0,0,65535_65535,2,22,137,528,0,1,0,10,0,28,1,1,pre_allocation
205,699,normal,0,0,65535_65535,2,22,137,581,1,1,1,11,581,28,1,1,allocated
205,699,normal,0,0,65535_65535,2,21,137,528,0,1,0,10,0,28,1,1,pre_allocation
205,699,normal,0,0,65535_65535,2,21,137,581,1,1,1,11,581,28,1,1,allocated
205,699,normal,0,0,65535_65535,2,11,137,528,0,1,0,10,0,28,1,1,pre_allocation
205,699,normal,0,0,65535_65535,2,11,137,581,1,1,1,11,581,28,1,1,allocated
205,699,normal,0,0,65535_65535,2,12,137,528,0,1,0,10,0,28,1,1,pre_allocation
205,699,normal,0,0,65535_65535,2,12,137,581,1,1,1,11,581,28,1,1,allocated
205,699,normal,0,0,65535_65535,2,28,137,581,0,1,0,11,0,28,1,1,pre_allocation
205,699,normal,0,0,65535_65535,2,28,137,634,1,1,1,12,634,28,1,1,allocated
205,699,normal,0,0,65535_65535,2,27,137,581,0,1,0,11,0,28,1,1,pre_allocation
205,699,normal,0,0,65535_65535,2,27,137,634,1,1,1,12,634,28,1,1,allocated
205,699,normal,0,0,65535_65535,2,26,137,225,0,1,0,11,0,15,1,1,pre_allocation
205,699,normal,0,0,65535_65535,2,26,137,246,1,1,1,12,246,15,1,1,allocated
317,797,normal,0,0,65535_65535,0,1,126927,0,0,1,0,0,0,24,1,1,pre_allocation
317,797,normal,0,0,65535_65535,0,1,126927,40,1,1,1,1,40,24,1,1,allocated
317,797,normal,0,0,65535_65535,0,2,111670,0,0,1,0,0,0,28,1,1,pre_allocation
317,797,normal,0,0,65535_65535,0,2,111670,50,1,1,1,1,50,28,1,1,allocated
317,797,normal,0,0,65535_65535,0,3,115698,0,0,1,0,0,0,28,1,1,pre_allocation
317,797,normal,0,0,65535_65535,0,3,115698,50,1,1,1,1,50,28,1,1,allocated
317,797,normal,0,0,65535_65535,0,4,116184,0,0,1,0,0,0,28,1,1,pre_allocation
317,797,normal,0,0,65535_65535,0,4,116184,50,1,1,1,1,50,28,1,1,allocated
317,797,normal,0,0,65535_65535,0,5,118364,0,0,1,0,0,0,28,1,1,pre_allocation
317,797,normal,0,0,65535_65535,0,5,118364,50,1,1,1,1,50,28,1,1,allocated
317,797,normal,0,0,65535_65535,0,1,126927,40,0,1,0,1,0,24,1,1,pre_allocation
317,797,normal,0,0,65535_65535,0,1,126927,83,1,1,1,2,83,24,1,1,allocated
317,797,normal,0,0,65535_65535,0,2,111670,50,0,1,0,1,0,28,1,1,pre_allocation
317,797,normal,0,0,65535_65535,0,2,111670,103,1,1,1,2,103,28,1,1,allocated
317,797,normal,0,0,65535_65535,0,3,115698,50,0,1,0,1,0,28,1,1,pre_allocation
317,797,normal,0,0,65535_65535,0,3,115698,103,1,1,1,2,103,28,1,1,allocated
317,797,normal,0,0,65535_65535,0,4,116184,50,0,1,0,1,0,28,1,1,pre_allocation
317,797,normal,0,0,65535_65535,0,4,116184,103,1,1,1,2,103,28,1,1,allocated
317,797,normal,0,0,65535_65535,0,5,118364,50,0,1,0,1,0,28,1,1,pre_allocation
317,797,normal,0,0,65535_65535,0,5,118364,103,1,1,1,2,103,28,1,1,allocated
317,797,normal,0,0,65535_65535,0,1,126927,83,0,1,0,2,0,24,1,1,pre_allocation
317,797,normal,0,0,65535_65535,0,1,126927,126,1,1,1,3,126,24,1,1,allocated
317,797,normal,0,0,65535_65535,0,2,111670,103,0,1,0,2,0,28,1,1,pre_allocation
317,797,normal,0,0,65535_65535,0,2,111670,156,1,1,1,3,156,28,1,1,allocated
317,797,normal,0,0,65535_65535,0,3,115698,103,0,1,0,2,0,28,1,1,pre_allocation
317,797,normal,0,0,65535_65535,0,3,115698,156,1,1,1,3,156,28,1,1,allocated
317,797,normal,0,0,65535_65535,0,4,116184,103,0,1,0,2,0,28,1,1,pre_allocation
317,797,normal,0,0,65535_65535,0,4,116184,156,1,1,1,3,156,28,1,1,allocated
317,797,normal,0,0,65535_65535,0,5,118364,103,0,1,0,2,0,28,1,1,pre_allocation
317,797,normal,0,0,65535_65535,0,5,118364,156,1,1,1,3,156,28,1,1,allocated
317,797,normal,0,0,65535_65535,0,1,126927,126,0,1,0,3,0,24,1,1,pre_allocation
317,797,normal,0,0,65535_65535,0,1,126927,170,1,1,1,4,170,24,1,1,allocated
317,797,normal,0,0,65535_65535,0,2,111670,156,0,1,0,3,0,28,1,1,pre_allocation
317,797,normal,0,0,65535_65535,0,2,111670,209,1,1,1,4,209,28,1,1,allocated
317,797,normal,0,0,65535_65535,0,3,115698,156,0,1,0,3,0,28,1,1,pre_allocation
317,797,normal,0,0,65535_65535,0,3,115698,209,1,1,1,4,209,28,1,1,allocated
317,797,normal,0,0,65535_65535,0,4,116184,156,0,1,0,3,0,28,1,1,pre_allocation
317,797,normal,0,0,65535_65535,0,4,116184,209,1,1,1,4,209,28,1,1,allocated
317,797,normal,0,0,65535_65535,0,5,118364,156,0,1,0,3,0,28,1,1,pre_allocation
317,797,normal,0,0,65535_65535,0,5,118364,209,1,1,1,4,209,28,1,1,allocated
317,797,normal,0,0,65535_65535,0,1,126927,170,0,1,0,4,0,24,1,1,pre_allocation
317,797,normal,0,0,65535_65535,0,1,126927,213,1,1,1,5,213,24,1,1,allocated
317,797,normal,0,0,65535_65535,0,2,111670,209,0,1,0,4,0,28,1,1,pre_allocation
317,797,normal,0,0,65535_65535,0,2,111670,262,1,1,1,5,262,28,1,1,allocated
317,797,normal,0,0,65535_65535,0,3,115698,209,0,1,0,4,0,28,1,1,pre_allocation
317,797,normal,0,0,65535_65535,0,3,115698,262,1,1,1,5,262,28,1,1,allocated
317,797,normal,0,0,65535_65535,0,4,116184,209,0,1,0,4,0,28,1,1,pre_allocation
317,797,normal,0,0,65535_65535,0,4,116184,262,1,1,1,5,262,28,1,1,allocated
317,797,normal,0,0,65535_65535,0,5,118364,209,0,1,0,4,0,28,1,1,pre_allocation
317,797,normal,0,0,65535_65535,0,5,118364,262,1,1,1,5,262,28,1,1,allocated
317,797,normal,0,0,65535_65535,0,1,126927,213,0,1,0,5,0,24,1,1,pre_allocation
317,797,normal,0,0,65535_65535,0,1,126927,256,1,1,1,6,256,24,1,1,allocated
317,797,normal,0,0,65535_65535,0,2,111670,262,0,1,0,5,0,28,1,1,pre_allocation
317,797,normal,0,0,65535_65535,0,2,111670,315,1,1,1,6,315,28,1,1,allocated
317,797,normal,0,0,65535_65535,0,3,115698,262,0,1,0,5,0,28,1,1,pre_allocation
317,797,normal,0,0,65535_65535,0,3,115698,315,1,1,1,6,315,28,1,1,allocated
317,797,normal,0,0,65535_65535,0,4,116184,262,0,1,0,5,0,28,1,1,pre_allocation
317,797,normal,0,0,65535_65535,0,4,116184,315,1,1,1,6,315,28,1,1,allocated
317,797,normal,0,0,65535_65535,0,5,118364,262,0,1,0,5,0,28,1,1,pre_allocation
317,797,normal,0,0,65535_65535,0,5,118364,315,1,1,1,6,315,28,1,1,allocated
317,797,normal,0,0,65535_65535,0,1,126927,256,0,1,0,6,0,24,1,1,pre_allocation
317,797,normal,0,0,65535_65535,0,1,126927,300,1,1,1,7,300,24,1,1,allocated
317,797,normal,0,0,65535_65535,0,2,111670,315,0,1,0,6,0,28,1,1,pre_allocation
317,797,normal,0,0,65535_65535,0,2,111670,368,1,1,1,7,368,28,1,1,allocated
317,797,normal,0,0,65535_65535,0,3,115698,315,0,1,0,6,0,28,1,1,pre_allocation
317,797,normal,0,0,65535_65535,0,3,115698,368,1,1,1,7,368,28,1,1,allocated
317,797,normal,0,0,65535_65535,0,4,116184,315,0,1,0,6,0,28,1,1,pre_allocation
317,797,normal,0,0,65535_65535,0,4,116184,368,1,1,1,7,368,28,1,1,allocated
317,797,normal,0,0,65535_65535,0,5,118364,315,0,1,0,6,0,28,1,1,pre_allocation
317,797,normal,0,0,65535_65535,0,5,118364,368,1,1,1,7,368,28,1,1,allocated
317,797,normal,0,0,65535_65535,0,1,126927,300,0,1,0,7,0,24,1,1,pre_allocation
317,797,normal,0,0,65535_65535,0,1,126927,343,1,1,1,8,343,24,1,1,allocated
317,797,normal,0,0,65535_65535,0,2,111670,368,0,1,0,7,0,28,1,1,pre_allocation
317,797,normal,0,0,65535_65535,0,2,111670,422,1,1,1,8,422,28,1,1,allocated
317,797,normal,0,0,65535_65535,0,3,115698,368,0,1,0,7,0,28,1,1,pre_allocation
317,797,normal,0,0,65535_65535,0,3,115698,422,1,1,1,8,422,28,1,1,allocated
317,797,normal,0,0,65535_65535,0,4,116184,368,0,1,0,7,0,28,1,1,pre_allocation
317,797,normal,0,0,65535_65535,0,4,116184,422,1,1,1,8,422,28,1,1,allocated
317,797,normal,0,0,65535_65535,0,5,118364,368,0,1,0,7,0,28,1,1,pre_allocation
317,797,normal,0,0,65535_65535,0,5,118364,422,1,1,1,8,422,28,1,1,allocated
317,797,normal,0,0,65535_65535,0,1,126927,343,0,1,0,8,0,24,1,1,pre_allocation
317,797,normal,0,0,65535_65535,0,1,126927,386,1,1,1,9,386,24,1,1,allocated
317,797,normal,0,0,65535_65535,0,2,111670,422,0,1,0,8,0,28,1,1,pre_allocation
317,797,normal,0,0,65535_65535,0,2,111670,475,1,1,1,9,475,28,1,1,allocated
317,797,normal,0,0,65535_65535,0,3,115698,422,0,1,0,8,0,28,1,1,pre_allocation
317,797,normal,0,0,65535_65535,0,3,115698,475,1,1,1,9,475,28,1,1,allocated
317,797,normal,0,0,65535_65535,0,4,116184,422,0,1,0,8,0,28,1,1,pre_allocation
317,797,normal,0,0,65535_65535,0,4,116184,475,1,1,1,9,475,28,1,1,allocated
317,797,normal,0,0,65535_65535,0,5,118364,422,0,1,0,8,0,28,1,1,pre_allocation
317,797,normal,0,0,65535_65535,0,5,118364,475,1,1,1,9,475,28,1,1,allocated
317,797,normal,0,0,65535_65535,0,1,126927,386,0,1,0,9,0,24,1,1,pre_allocation
317,797,normal,0,0,65535_65535,0,1,126927,430,1,1,1,10,430,24,1,1,allocated
317,797,normal,0,0,65535_65535,0,2,111670,475,0,1,0,9,0,28,1,1,pre_allocation
317,797,normal,0,0,65535_65535,0,2,111670,528,1,1,1,10,528,28,1,1,allocated
317,797,normal,0,0,65535_65535,0,3,115698,475,0,1,0,9,0,28,1,1,pre_allocation
317,797,normal,0,0,65535_65535,0,3,115698,528,1,1,1,10,528,28,1,1,allocated
317,797,normal,0,0,65535_65535,0,4,116184,475,0,1,0,9,0,28,1,1,pre_allocation
317,797,normal,0,0,65535_65535,0,4,116184,528,1,1,1,10,528,28,1,1,allocated
317,797,normal,0,0,65535_65535,0,5,118364,475,0,1,0,9,0,28,1,1,pre_allocation
317,797,normal,0,0,65535_65535,0,5,118364,528,1,1,1,10,528,28,1,1,allocated
317,797,normal,0,0,65535_65535,0,1,126927,430,0,1,0,10,0,24,1,1,pre_allocation
317,797,normal,0,0,65535_65535,0,1,126927,473,1,1,1,11,473,24,1,1,allocated
317,797,normal,0,0,65535_65535,0,2,111670,528,0,1,0,10,0,28,1,1,pre_allocation
317,797,normal,0,0,65535_65535,0,2,111670,581,1,1,1,11,581,28,1,1,allocated
317,797,normal,0,0,65535_65535,0,3,115698,528,0,1,0,10,0,28,1,1,pre_allocation
317,797,normal,0,0,65535_65535,0,3,115698,581,1,1,1,11,581,28,1,1,allocated
317,797,normal,0,0,65535_65535,0,4,116184,528,0,1,0,10,0,28,1,1,pre_allocation
317,797,normal,0,0,65535_65535,0,4,116184,581,1,1,1,11,581,28,1,1,allocated
317,797,normal,0,0,65535_65535,0,5,118364,528,0,1,0,10,0,28,1,1,pre_allocation
317,797,normal,0,0,65535_65535,0,5,118364,581,1,1,1,11,581,28,1,1,allocated
317,797,normal,0,0,65535_65535,0,1,126927,473,0,1,0,11,0,24,1,1,pre_allocation
317,797,normal,0,0,65535_65535,0,1,126927,516,1,1,1,12,516,24,1,1,allocated
317,797,normal,0,0,65535_65535,0,2,111670,581,0,1,0,11,0,28,1,1,pre_allocation
317,797,normal,0,0,65535_65535,0,2,111670,634,1,1,1,12,634,28,1,1,allocated
317,797,normal,0,0,65535_65535,0,3,115698,581,0,1,0,11,0,28,1,1,pre_allocation
317,797,normal,0,0,65535_65535,0,3,115698,634,1,1,1,12,634,28,1,1,allocated
317,797,normal,0,0,65535_65535,0,4,116184,581,0,1,0,11,0,28,1,1,pre_allocation
317,797,normal,0,0,65535_65535,0,4,116184,634,1,1,1,12,634,28,1,1,allocated
317,797,normal,0,0,65535_65535,0,5,118364,581,0,1,0,11,0,28,1,1,pre_allocation
317,797,normal,0,0,65535_65535,0,5,118364,634,1,1,1,12,634,28,1,1,allocated
317,797,normal,0,0,65535_65535,0,1,126927,516,0,1,0,12,0,24,1,1,pre_allocation
317,797,normal,0,0,65535_65535,0,1,126927,560,1,1,1,13,560,24,1,1,allocated
317,797,normal,0,0,65535_65535,0,2,111670,634,0,1,0,12,0,28,1,1,pre_allocation
317,797,normal,0,0,65535_65535,0,2,111670,687,1,1,1,13,687,28,1,1,allocated
317,797,normal,0,0,65535_65535,0,3,115698,634,0,1,0,12,0,28,1,1,pre_allocation
317,797,normal,0,0,65535_65535,0,3,115698,687,1,1,1,13,687,28,1,1,allocated
317,797,normal,0,0,65535_65535,0,4,116184,634,0,1,0,12,0,28,1,1,pre_allocation
317,797,normal,0,0,65535_65535,0,4,116184,687,1,1,1,13,687,28,1,1,allocated
317,797,normal,0,0,65535_65535,0,5,118364,634,0,1,0,12,0,28,1,1,pre_allocation
317,797,normal,0,0,65535_65535,0,5,118364,687,1,1,1,13,687,28,1,1,allocated
317,797,normal,0,0,65535_65535,0,1,126927,560,0,1,0,13,0,24,1,1,pre_allocation
317,797,normal,0,0,65535_65535,0,1,126927,603,1,1,1,14,603,24,1,1,allocated
317,797,normal,0,0,65535_65535,0,2,111670,687,0,1,0,13,0,28,1,1,pre_allocation
317,797,normal,0,0,65535_65535,0,2,111670,740,1,1,1,14,740,28,1,1,allocated
317,797,normal,0,0,65535_65535,0,3,115698,687,0,1,0,13,0,28,1,1,pre_allocation
317,797,normal,0,0,65535_65535,0,3,115698,740,1,1,1,14,740,28,1,1,allocated
317,797,normal,0,0,65535_65535,0,4,116184,687,0,1,0,13,0,28,1,1,pre_allocation
317,797,normal,0,0,65535_65535,0,4,116184,740,1,1,1,14,740,28,1,1,allocated
317,797,normal,0,0,65535_65535,0,5,118364,687,0,1,0,13,0,28,1,1,pre_allocation
317,797,normal,0,0,65535_65535,0,5,118364,740,1,1,1,14,740,28,1,1,allocated
317,797,normal,0,0,65535_65535,0,1,126927,603,0,1,0,14,0,24,1,1,pre_allocation
317,797,normal,0,0,65535_65535,0,1,126927,646,1,1,1,15,646,24,1,1,allocated
317,797,normal,0,0,65535_65535,0,2,111670,740,0,1,0,14,0,28,1,1,pre_allocation
317,797,normal,0,0,65535_65535,0,2,111670,793,1,1,1,15,793,28,1,1,allocated
317,797,normal,0,0,65535_65535,0,3,115698,740,0,1,0,14,0,28,1,1,pre_allocation
317,797,normal,0,0,65535_65535,0,3,115698,793,1,1,1,15,793,28,1,1,allocated
317,797,normal,0,0,65535_65535,0,4,116184,740,0,1,0,14,0,28,1,1,pre_allocation
317,797,normal,0,0,65535_65535,0,4,116184,793,1,1,1,15,793,28,1,1,allocated
317,797,normal,0,0,65535_65535,0,5,118364,740,0,1,0,14,0,28,1,1,pre_allocation
317,797,normal,0,0,65535_65535,0,5,118364,793,1,1,1,15,793,28,1,1,allocated
317,797,normal,0,0,65535_65535,0,1,126927,646,0,1,0,15,0,24,1,1,pre_allocation
317,797,normal,0,0,65535_65535,0,1,126927,690,1,1,1,16,690,24,1,1,allocated
317,797,normal,0,0,65535_65535,0,2,111670,793,0,1,0,15,0,28,1,1,pre_allocation
317,797,normal,0,0,65535_65535,0,2,111670,847,1,1,1,16,847,28,1,1,allocated
317,797,normal,0,0,65535_65535,0,3,115698,793,0,1,0,15,0,28,1,1,pre_allocation
317,797,normal,0,0,65535_65535,0,3,115698,847,1,1,1,16,847,28,1,1,allocated
317,797,normal,0,0,65535_65535,0,4,116184,793,0,1,0,15,0,28,1,1,pre_allocation
317,797,normal,0,0,65535_65535,0,4,116184,847,1,1,1,16,847,28,1,1,allocated
317,797,normal,0,0,65535_65535,0,5,118364,793,0,1,0,15,0,28,1,1,pre_allocation
317,797,normal,0,0,65535_65535,0,5,118364,847,1,1,1,16,847,28,1,1,allocated
317,797,normal,0,0,65535_65535,0,1,126927,690,0,1,0,16,0,24,1,1,pre_allocation
317,797,normal,0,0,65535_65535,0,1,126927,733,1,1,1,17,733,24,1,1,allocated
317,797,normal,0,0,65535_65535,0,2,111670,847,0,1,0,16,0,28,1,1,pre_allocation
317,797,normal,0,0,65535_65535,0,2,111670,900,1,1,1,17,900,28,1,1,allocated
317,797,normal,0,0,65535_65535,0,3,115698,847,0,1,0,16,0,28,1,1,pre_allocation
317,797,normal,0,0,65535_65535,0,3,115698,900,1,1,1,17,900,28,1,1,allocated
317,797,normal,0,0,65535_65535,0,4,116184,847,0,1,0,16,0,28,1,1,pre_allocation
317,797,normal,0,0,65535_65535,0,4,116184,900,1,1,1,17,900,28,1,1,allocated
317,797,normal,0,0,65535_65535,0,5,118364,847,0,1,0,16,0,28,1,1,pre_allocation
317,797,normal,0,0,65535_65535,0,5,118364,900,1,1,1,17,900,28,1,1,allocated
317,797,normal,0,0,65535_65535,0,1,126927,733,0,1,0,17,0,24,1,1,pre_allocation
317,797,normal,0,0,65535_65535,0,1,126927,776,1,1,1,18,776,24,1,1,allocated
317,797,normal,0,0,65535_65535,0,2,111670,900,0,1,0,17,0,28,1,1,pre_allocation
317,797,normal,0,0,65535_65535,0,2,111670,953,1,1,1,18,953,28,1,1,allocated
317,797,normal,0,0,65535_65535,0,3,115698,900,0,1,0,17,0,28,1,1,pre_allocation
317,797,normal,0,0,65535_65535,0,3,115698,953,1,1,1,18,953,28,1,1,allocated
317,797,normal,0,0,65535_65535,0,4,116184,900,0,1,0,17,0,28,1,1,pre_allocation
317,797,normal,0,0,65535_65535,0,4,116184,953,1,1,1,18,953,28,1,1,allocated
317,797,normal,0,0,65535_65535,0,5,118364,900,0,1,0,17,0,28,1,1,pre_allocation
317,797,normal,0,0,65535_65535,0,5,118364,953,1,1,1,18,953,28,1,1,allocated
317,797,normal,0,0,65535_65535,0,1,126927,776,0,1,0,18,0,24,1,1,pre_allocation
317,797,normal,0,0,65535_65535,0,1,126927,819,1,1,1,19,819,24,1,1,allocated
317,797,normal,0,0,65535_65535,0,2,111670,953,0,1,0,18,0,28,1,1,pre_allocation
317,797,normal,0,0,65535_65535,0,2,111670,1006,1,1,1,19,1006,28,1,1,allocated
317,797,normal,0,0,65535_65535,0,3,115698,953,0,1,0,18,0,28,1,1,pre_allocation
317,797,normal,0,0,65535_65535,0,3,115698,1006,1,1,1,19,1006,28,1,1,allocated
317,797,normal,0,0,65535_65535,0,4,116184,953,0,1,0,18,0,28,1,1,pre_allocation
317,797,normal,0,0,65535_65535,0,4,116184,1006,1,1,1,19,1006,28,1,1,allocated
317,797,normal,0,0,65535_65535,0,5,118364,953,0,1,0,18,0,28,1,1,pre_allocation
317,797,normal,0,0,65535_65535,0,5,118364,1006,1,1,1,19,1006,28,1,1,allocated
317,797,normal,0,0,65535_65535,0,1,126927,819,0,1,0,19,0,24,1,1,pre_allocation
317,797,normal,0,0,65535_65535,0,1,126927,863,1,1,1,20,863,24,1,1,allocated
317,797,normal,0,0,65535_65535,0,2,111670,1006,0,1,0,19,0,28,1,1,pre_allocation
317,797,normal,0,0,65535_65535,0,2,111670,1059,1,1,1,20,1059,28,1,1,allocated
317,797,normal,0,0,65535_65535,0,3,115698,1006,0,1,0,19,0,28,1,1,pre_allocation
317,797,normal,0,0,65535_65535,0,3,115698,1059,1,1,1,20,1059,28,1,1,allocated
317,797,normal,0,0,65535_65535,0,4,116184,1006,0,1,0,19,0,28,1,1,pre_allocation
317,797,normal,0,0,65535_65535,0,4,116184,1059,1,1,1,20,1059,28,1,1,allocated
317,797,normal,0,0,65535_65535,0,5,118364,1006,0,1,0,19,0,28,1,1,pre_allocation
317,797,normal,0,0,65535_65535,0,5,118364,1059,1,1,1,20,1059,28,1,1,allocated
317,797,normal,0,0,65535_65535,0,1,126927,863,0,1,0,20,0,24,1,1,pre_allocation
317,797,normal,0,0,65535_65535,0,1,126927,906,1,1,1,21,906,24,1,1,allocated
317,797,normal,0,0,65535_65535,0,2,111670,1059,0,1,0,20,0,28,1,1,pre_allocation
317,797,normal,0,0,65535_65535,0,2,111670,1112,1,1,1,21,1112,28,1,1,allocated
317,797,normal,0,0,65535_65535,0,3,115698,1059,0,1,0,20,0,28,1,1,pre_allocation
317,797,normal,0,0,65535_65535,0,3,115698,1112,1,1,1,21,1112,28,1,1,allocated
317,797,normal,0,0,65535_65535,0,4,116184,1059,0,1,0,20,0,28,1,1,pre_allocation
317,797,normal,0,0,65535_65535,0,4,116184,1112,1,1,1,21,1112,28,1,1,allocated
317,797,normal,0,0,65535_65535,0,5,118364,1059,0,1,0,20,0,28,1,1,pre_allocation
317,797,normal,0,0,65535_65535,0,5,118364,1112,1,1,1,21,1112,28,1,1,allocated
317,797,normal,0,0,65535_65535,0,1,126927,906,0,1,0,21,0,24,1,1,pre_allocation
317,797,normal,0,0,65535_65535,0,1,126927,949,1,1,1,22,949,24,1,1,allocated
317,797,normal,0,0,65535_65535,0,2,111670,1112,0,1,0,21,0,28,1,1,pre_allocation
317,797,normal,0,0,65535_65535,0,2,111670,1165,1,1,1,22,1165,28,1,1,allocated
317,797,normal,0,0,65535_65535,0,3,115698,1112,0,1,0,21,0,28,1,1,pre_allocation
317,797,normal,0,0,65535_65535,0,3,115698,1165,1,1,1,22,1165,28,1,1,allocated
317,797,normal,0,0,65535_65535,0,4,116184,1112,0,1,0,21,0,28,1,1,pre_allocation
317,797,normal,0,0,65535_65535,0,4,116184,1165,1,1,1,22,1165,28,1,1,allocated
317,797,normal,0,0,65535_65535,0,5,118364,1112,0,1,0,21,0,28,1,1,pre_allocation
317,797,normal,0,0,65535_65535,0,5,118364,1165,1,1,1,22,1165,28,1,1,allocated
317,797,normal,0,0,65535_65535,0,1,126927,949,0,1,0,22,0,24,1,1,pre_allocation
317,797,normal,0,0,65535_65535,0,1,126927,993,1,1,1,23,993,24,1,1,allocated
317,797,normal,0,0,65535_65535,0,2,111670,1165,0,1,0,22,0,28,1,1,pre_allocation
317,797,normal,0,0,65535_65535,0,2,111670,1218,1,1,1,23,1218,28,1,1,allocated
317,797,normal,0,0,65535_65535,0,3,115698,1165,0,1,0,22,0,28,1,1,pre_allocation
317,797,normal,0,0,65535_65535,0,3,115698,1218,1,1,1,23,1218,28,1,1,allocated
317,797,normal,0,0,65535_65535,0,4,116184,1165,0,1,0,22,0,28,1,1,pre_allocation
317,797,normal,0,0,65535_65535,0,4,116184,1218,1,1,1,23,1218,28,1,1,allocated
317,797,normal,0,0,65535_65535,0,5,118364,1165,0,1,0,22,0,28,1,1,pre_allocation
317,797,normal,0,0,65535_65535,0,5,118364,1218,1,1,1,23,1218,28,1,1,allocated
317,797,normal,0,0,65535_65535,0,1,126927,993,0,1,0,23,0,24,1,1,pre_allocation
317,797,normal,0,0,65535_65535,0,1,126927,1036,1,1,1,24,1036,24,1,1,allocated
317,797,normal,0,0,65535_65535,0,2,111670,1218,0,1,0,23,0,28,1,1,pre_allocation
317,797,normal,0,0,65535_65535,0,2,111670,1272,1,1,1,24,1272,28,1,1,allocated
317,797,normal,0,0,65535_65535,0,3,115698,1218,0,1,0,23,0,28,1,1,pre_allocation
317,797,normal,0,0,65535_65535,0,3,115698,1272,1,1,1,24,1272,28,1,1,allocated
317,797,normal,0,0,65535_65535,0,4,116184,1218,0,1,0,23,0,28,1,1,pre_allocation
317,797,normal,0,0,65535_65535,0,4,116184,1272,1,1,1,24,1272,28,1,1,allocated
317,797,normal,0,0,65535_65535,1,6,87,0,0,1,0,0,0,28,1,1,pre_allocation
317,797,normal,0,0,65535_65535,1,6,87,50,1,1,1,1,50,28,1,1,allocated
317,797,normal,0,0,65535_65535,1,7,87,0,0,1,0,0,0,28,1,1,pre_allocation
317,797,normal,0,0,65535_65535,1,7,87,50,1,1,1,1,50,28,1,1,allocated
317,797,normal,0,0,65535_65535,1,9,87,0,0,1,0,0,0,28,1,1,pre_allocation
317,797,normal,0,0,65535_65535,1,9,87,50,1,1,1,1,50,28,1,1,allocated
317,797,normal,0,0,65535_65535,1,10,87,0,0,1,0,0,0,28,1,1,pre_allocation
317,797,normal,0,0,65535_65535,1,10,87,50,1,1,1,1,50,28,1,1,allocated
317,797,normal,0,0,65535_65535,1,6,87,50,0,1,0,1,0,28,1,1,pre_allocation
317,797,normal,0,0,65535_65535,1,6,87,103,1,1,1,2,103,28,1,1,allocated
317,797,normal,0,0,65535_65535,1,7,87,50,0,1,0,1,0,28,1,1,pre_allocation
317,797,normal,0,0,65535_65535,1,7,87,103,1,1,1,2,103,28,1,1,allocated
317,797,normal,0,0,65535_65535,1,9,87,50,0,1,0,1,0,28,1,1,pre_allocation
317,797,normal,0,0,65535_65535,1,9,87,103,1,1,1,2,103,28,1,1,allocated
317,797,normal,0,0,65535_65535,1,10,87,50,0,1,0,1,0,28,1,1,pre_allocation
317,797,normal,0,0,65535_65535,1,10,87,103,1,1,1,2,103,28,1,1,allocated
317,797,normal,0,0,65535_65535,1,6,87,103,0,1,0,2,0,28,1,1,pre_allocation
317,797,normal,0,0,65535_65535,1,6,87,156,1,1,1,3,156,28,1,1,allocated
317,797,normal,0,0,65535_65535,1,7,87,103,0,1,0,2,0,28,1,1,pre_allocation
317,797,normal,0,0,65535_65535,1,7,87,156,1,1,1,3,156,28,1,1,allocated
317,797,normal,0,0,65535_65535,1,9,87,103,0,1,0,2,0,28,1,1,pre_allocation
317,797,normal,0,0,65535_65535,1,9,87,156,1,1,1,3,156,28,1,1,allocated
317,797,normal,0,0,65535_65535,1,10,87,103,0,1,0,2,0,28,1,1,pre_allocation
317,797,normal,0,0,65535_65535,1,10,87,156,1,1,1,3,156,28,1,1,allocated
317,797,normal,0,0,65535_65535,1,6,87,156,0,1,0,3,0,28,1,1,pre_allocation
317,797,normal,0,0,65535_65535,1,6,87,209,1,1,1,4,209,28,1,1,allocated
317,797,normal,0,0,65535_65535,1,7,87,156,0,1,0,3,0,28,1,1,pre_allocation
317,797,normal,0,0,65535_65535,1,7,87,209,1,1,1,4,209,28,1,1,allocated
317,797,normal,0,0,65535_65535,1,9,87,156,0,1,0,3,0,28,1,1,pre_allocation
317,797,normal,0,0,65535_65535,1,9,87,209,1,1,1,4,209,28,1,1,allocated
317,797,normal,0,0,65535_65535,1,10,87,156,0,1,0,3,0,28,1,1,pre_allocation
317,797,normal,0,0,65535_65535,1,10,87,209,1,1,1,4,209,28,1,1,allocated
317,797,normal,0,0,65535_65535,1,6,87,209,0,1,0,4,0,28,1,1,pre_allocation
317,797,normal,0,0,65535_65535,1,6,87,262,1,1,1,5,262,28,1,1,allocated
317,797,normal,0,0,65535_65535,1,7,87,209,0,1,0,4,0,28,1,1,pre_allocation
317,797,normal,0,0,65535_65535,1,7,87,262,1,1,1,5,262,28,1,1,allocated
317,797,normal,0,0,65535_65535,1,9,87,209,0,1,0,4,0,28,1,1,pre_allocation
317,797,normal,0,0,65535_65535,1,9,87,262,1,1,1,5,262,28,1,1,allocated
317,797,normal,0,0,65535_65535,1,10,87,209,0,1,0,4,0,28,1,1,pre_allocation
317,797,normal,0,0,65535_65535,1,10,87,262,1,1,1,5,262,28,1,1,allocated
317,797,normal,0,0,65535_65535,1,6,87,262,0,1,0,5,0,28,1,1,pre_allocation
317,797,normal,0,0,65535_65535,1,6,87,315,1,1,1,6,315,28,1,1,allocated
317,797,normal,0,0,65535_65535,1,7,87,262,0,1,0,5,0,28,1,1,pre_allocation
317,797,normal,0,0,65535_65535,1,7,87,315,1,1,1,6,315,28,1,1,allocated
317,797,normal,0,0,65535_65535,1,9,87,262,0,1,0,5,0,28,1,1,pre_allocation
317,797,normal,0,0,65535_65535,1,9,87,315,1,1,1,6,315,28,1,1,allocated
317,797,normal,0,0,65535_65535,1,10,87,262,0,1,0,5,0,28,1,1,pre_allocation
317,797,normal,0,0,65535_65535,1,10,87,315,1,1,1,6,315,28,1,1,allocated
317,797,normal,0,0,65535_65535,1,6,87,315,0,1,0,6,0,28,1,1,pre_allocation
317,797,normal,0,0,65535_65535,1,6,87,368,1,1,1,7,368,28,1,1,allocated
317,797,normal,0,0,65535_65535,1,7,87,315,0,1,0,6,0,28,1,1,pre_allocation
317,797,normal,0,0,65535_65535,1,7,87,368,1,1,1,7,368,28,1,1,allocated
317,797,normal,0,0,65535_65535,1,9,87,315,0,1,0,6,0,28,1,1,pre_allocation
317,797,normal,0,0,65535_65535,1,9,87,368,1,1,1,7,368,28,1,1,allocated
317,797,normal,0,0,65535_65535,1,10,87,315,0,1,0,6,0,28,1,1,pre_allocation
317,797,normal,0,0,65535_65535,1,10,87,368,1,1,1,7,368,28,1,1,allocated
317,797,normal,0,0,65535_65535,1,6,87,368,0,1,0,7,0,28,1,1,pre_allocation
317,797,normal,0,0,65535_65535,1,6,87,422,1,1,1,8,422,28,1,1,allocated
317,797,normal,0,0,65535_65535,1,7,87,368,0,1,0,7,0,28,1,1,pre_allocation
317,797,normal,0,0,65535_65535,1,7,87,422,1,1,1,8,422,28,1,1,allocated
317,797,normal,0,0,65535_65535,1,9,87,368,0,1,0,7,0,28,1,1,pre_allocation
317,797,normal,0,0,65535_65535,1,9,87,422,1,1,1,8,422,28,1,1,allocated
317,797,normal,0,0,65535_65535,1,10,87,368,0,1,0,7,0,28,1,1,pre_allocation
317,797,normal,0,0,65535_65535,1,10,87,422,1,1,1,8,422,28,1,1,allocated
317,797,normal,0,0,65535_65535,1,6,87,422,0,1,0,8,0,28,1,1,pre_allocation
317,797,normal,0,0,65535_65535,1,6,87,475,1,1,1,9,475,28,1,1,allocated
317,797,normal,0,0,65535_65535,1,7,87,422,0,1,0,8,0,28,1,1,pre_allocation
317,797,normal,0,0,65535_65535,1,7,87,475,1,1,1,9,475,28,1,1,allocated
317,797,normal,0,0,65535_65535,1,9,87,422,0,1,0,8,0,28,1,1,pre_allocation
317,797,normal,0,0,65535_65535,1,9,87,475,1,1,1,9,475,28,1,1,allocated
317,797,normal,0,0,65535_65535,1,10,87,422,0,1,0,8,0,28,1,1,pre_allocation
317,797,normal,0,0,65535_65535,1,10,87,475,1,1,1,9,475,28,1,1,allocated
317,797,normal,0,0,65535_65535,1,6,87,475,0,1,0,9,0,28,1,1,pre_allocation
317,797,normal,0,0,65535_65535,1,6,87,528,1,1,1,10,528,28,1,1,allocated
317,797,normal,0,0,65535_65535,1,7,87,475,0,1,0,9,0,28,1,1,pre_allocation
317,797,normal,0,0,65535_65535,1,7,87,528,1,1,1,10,528,28,1,1,allocated
317,797,normal,0,0,65535_65535,1,9,87,475,0,1,0,9,0,28,1,1,pre_allocation
317,797,normal,0,0,65535_65535,1,9,87,528,1,1,1,10,528,28,1,1,allocated
317,797,normal,0,0,65535_65535,1,10,87,475,0,1,0,9,0,28,1,1,pre_allocation
317,797,normal,0,0,65535_65535,1,10,87,528,1,1,1,10,528,28,1,1,allocated
317,797,normal,0,0,65535_65535,1,6,87,528,0,1,0,10,0,28,1,1,pre_allocation
317,797,normal,0,0,65535_65535,1,6,87,581,1,1,1,11,581,28,1,1,allocated
317,797,normal,0,0,65535_65535,1,7,87,528,0,1,0,10,0,28,1,1,pre_allocation
317,797,normal,0,0,65535_65535,1,7,87,581,1,1,1,11,581,28,1,1,allocated
317,797,normal,0,0,65535_65535,1,9,87,528,0,1,0,10,0,28,1,1,pre_allocation
317,797,normal,0,0,65535_65535,1,9,87,581,1,1,1,11,581,28,1,1,allocated
317,797,normal,0,0,65535_65535,1,10,87,528,0,1,0,10,0,28,1,1,pre_allocation
317,797,normal,0,0,65535_65535,1,10,87,581,1,1,1,11,581,28,1,1,allocated
317,797,normal,0,0,65535_65535,1,6,87,581,0,1,0,11,0,28,1,1,pre_allocation
317,797,normal,0,0,65535_65535,1,6,87,634,1,1,1,12,634,28,1,1,allocated
317,797,normal,0,0,65535_65535,1,7,87,581,0,1,0,11,0,28,1,1,pre_allocation
317,797,normal,0,0,65535_65535,1,7,87,634,1,1,1,12,634,28,1,1,allocated
317,797,normal,0,0,65535_65535,1,9,87,581,0,1,0,11,0,28,1,1,pre_allocation
317,797,normal,0,0,65535_65535,1,9,87,634,1,1,1,12,634,28,1,1,allocated
317,797,normal,0,0,65535_65535,1,10,87,581,0,1,0,11,0,28,1,1,pre_allocation
317,797,normal,0,0,65535_65535,1,10,87,634,1,1,1,12,634,28,1,1,allocated
317,797,normal,0,0,65535_65535,1,6,87,634,0,1,0,12,0,28,1,1,pre_allocation
317,797,normal,0,0,65535_65535,1,6,87,687,1,1,1,13,687,28,1,1,allocated
317,797,normal,0,0,65535_65535,1,7,87,634,0,1,0,12,0,28,1,1,pre_allocation
317,797,normal,0,0,65535_65535,1,7,87,687,1,1,1,13,687,28,1,1,allocated
317,797,normal,0,0,65535_65535,1,9,87,634,0,1,0,12,0,28,1,1,pre_allocation
317,797,normal,0,0,65535_65535,1,9,87,687,1,1,1,13,687,28,1,1,allocated
317,797,normal,0,0,65535_65535,1,10,87,634,0,1,0,12,0,28,1,1,pre_allocation
317,797,normal,0,0,65535_65535,1,10,87,687,1,1,1,13,687,28,1,1,allocated
317,797,normal,0,0,65535_65535,1,6,87,687,0,1,0,13,0,28,1,1,pre_allocation
317,797,normal,0,0,65535_65535,1,6,87,740,1,1,1,14,740,28,1,1,allocated
317,797,normal,0,0,65535_65535,1,7,87,687,0,1,0,13,0,28,1,1,pre_allocation
317,797,normal,0,0,65535_65535,1,7,87,740,1,1,1,14,740,28,1,1,allocated
317,797,normal,0,0,65535_65535,1,9,87,687,0,1,0,13,0,28,1,1,pre_allocation
317,797,normal,0,0,65535_65535,1,9,87,740,1,1,1,14,740,28,1,1,allocated
317,797,normal,0,0,65535_65535,1,10,87,687,0,1,0,13,0,28,1,1,pre_allocation
317,797,normal,0,0,65535_65535,1,10,87,740,1,1,1,14,740,28,1,1,allocated
317,797,normal,0,0,65535_65535,1,6,87,740,0,1,0,14,0,28,1,1,pre_allocation
317,797,normal,0,0,65535_65535,1,6,87,793,1,1,1,15,793,28,1,1,allocated
317,797,normal,0,0,65535_65535,1,7,87,740,0,1,0,14,0,28,1,1,pre_allocation
317,797,normal,0,0,65535_65535,1,7,87,793,1,1,1,15,793,28,1,1,allocated
317,797,normal,0,0,65535_65535,1,9,87,740,0,1,0,14,0,28,1,1,pre_allocation
317,797,normal,0,0,65535_65535,1,9,87,793,1,1,1,15,793,28,1,1,allocated
317,797,normal,0,0,65535_65535,1,10,87,740,0,1,0,14,0,28,1,1,pre_allocation
317,797,normal,0,0,65535_65535,1,10,87,793,1,1,1,15,793,28,1,1,allocated
317,797,normal,0,0,65535_65535,1,6,87,793,0,1,0,15,0,28,1,1,pre_allocation
317,797,normal,0,0,65535_65535,1,6,87,847,1,1,1,16,847,28,1,1,allocated
317,797,normal,0,0,65535_65535,1,7,87,793,0,1,0,15,0,28,1,1,pre_allocation
317,797,normal,0,0,65535_65535,1,7,87,847,1,1,1,16,847,28,1,1,allocated
317,797,normal,0,0,65535_65535,1,9,87,793,0,1,0,15,0,28,1,1,pre_allocation
317,797,normal,0,0,65535_65535,1,9,87,847,1,1,1,16,847,28,1,1,allocated
317,797,normal,0,0,65535_65535,1,10,87,793,0,1,0,15,0,28,1,1,pre_allocation
317,797,normal,0,0,65535_65535,1,10,87,847,1,1,1,16,847,28,1,1,allocated
317,797,normal,0,0,65535_65535,1,6,87,847,0,1,0,16,0,28,1,1,pre_allocation
317,797,normal,0,0,65535_65535,1,6,87,900,1,1,1,17,900,28,1,1,allocated
317,797,normal,0,0,65535_65535,1,7,87,847,0,1,0,16,0,28,1,1,pre_allocation
317,797,normal,0,0,65535_65535,1,7,87,900,1,1,1,17,900,28,1,1,allocated
317,797,normal,0,0,65535_65535,1,9,87,847,0,1,0,16,0,28,1,1,pre_allocation
317,797,normal,0,0,65535_65535,1,9,87,900,1,1,1,17,900,28,1,1,allocated
317,797,normal,0,0,65535_65535,1,10,87,847,0,1,0,16,0,28,1,1,pre_allocation
317,797,normal,0,0,65535_65535,1,10,87,900,1,1,1,17,900,28,1,1,allocated
317,797,normal,0,0,65535_65535,1,6,87,900,0,1,0,17,0,28,1,1,pre_allocation
317,797,normal,0,0,65535_65535,1,6,87,953,1,1,1,18,953,28,1,1,allocated
317,797,normal,0,0,65535_65535,1,7,87,900,0,1,0,17,0,28,1,1,pre_allocation
317,797,normal,0,0,65535_65535,1,7,87,953,1,1,1,18,953,28,1,1,allocated
317,797,normal,0,0,65535_65535,1,9,87,900,0,1,0,17,0,28,1,1,pre_allocation
317,797,normal,0,0,65535_65535,1,9,87,953,1,1,1,18,953,28,1,1,allocated
317,797,normal,0,0,65535_65535,1,10,87,900,0,1,0,17,0,28,1,1,pre_allocation
317,797,normal,0,0,65535_65535,1,10,87,953,1,1,1,18,953,28,1,1,allocated
317,797,normal,0,0,65535_65535,1,6,87,953,0,1,0,18,0,28,1,1,pre_allocation
317,797,normal,0,0,65535_65535,1,6,87,1006,1,1,1,19,1006,28,1,1,allocated
317,797,normal,0,0,65535_65535,1,7,87,953,0,1,0,18,0,28,1,1,pre_allocation
317,797,normal,0,0,65535_65535,1,7,87,1006,1,1,1,19,1006,28,1,1,allocated
317,797,normal,0,0,65535_65535,1,9,87,953,0,1,0,18,0,28,1,1,pre_allocation
317,797,normal,0,0,65535_65535,1,9,87,1006,1,1,1,19,1006,28,1,1,allocated
317,797,normal,0,0,65535_65535,1,10,87,953,0,1,0,18,0,28,1,1,pre_allocation
317,797,normal,0,0,65535_65535,1,10,87,1006,1,1,1,19,1006,28,1,1,allocated
317,797,normal,0,0,65535_65535,1,6,87,1006,0,1,0,19,0,28,1,1,pre_allocation
317,797,normal,0,0,65535_65535,1,6,87,1059,1,1,1,20,1059,28,1,1,allocated
317,797,normal,0,0,65535_65535,1,7,87,1006,0,1,0,19,0,28,1,1,pre_allocation
317,797,normal,0,0,65535_65535,1,7,87,1059,1,1,1,20,1059,28,1,1,allocated
317,797,normal,0,0,65535_65535,1,9,87,1006,0,1,0,19,0,28,1,1,pre_allocation
317,797,normal,0,0,65535_65535,1,9,87,1059,1,1,1,20,1059,28,1,1,allocated
317,797,normal,0,0,65535_65535,1,10,87,1006,0,1,0,19,0,28,1,1,pre_allocation
317,797,normal,0,0,65535_65535,1,10,87,1059,1,1,1,20,1059,28,1,1,allocated
317,797,normal,0,0,65535_65535,1,6,87,1059,0,1,0,20,0,28,1,1,pre_allocation
317,797,normal,0,0,65535_65535,1,6,87,1112,1,1,1,21,1112,28,1,1,allocated
317,797,normal,0,0,65535_65535,1,7,87,1059,0,1,0,20,0,28,1,1,pre_allocation
317,797,normal,0,0,65535_65535,1,7,87,1112,1,1,1,21,1112,28,1,1,allocated
317,797,normal,0,0,65535_65535,1,9,87,1059,0,1,0,20,0,28,1,1,pre_allocation
317,797,normal,0,0,65535_65535,1,9,87,1112,1,1,1,21,1112,28,1,1,allocated
317,797,normal,0,0,65535_65535,1,10,87,1059,0,1,0,20,0,28,1,1,pre_allocation
317,797,normal,0,0,65535_65535,1,10,87,1112,1,1,1,21,1112,28,1,1,allocated
317,797,normal,0,0,65535_65535,1,6,87,1112,0,1,0,21,0,28,1,1,pre_allocation
317,797,normal,0,0,65535_65535,1,6,87,1165,1,1,1,22,1165,28,1,1,allocated
317,797,normal,0,0,65535_65535,1,7,87,1112,0,1,0,21,0,28,1,1,pre_allocation
317,797,normal,0,0,65535_65535,1,7,87,1165,1,1,1,22,1165,28,1,1,allocated
317,797,normal,0,0,65535_65535,1,9,87,1112,0,1,0,21,0,28,1,1,pre_allocation
317,797,normal,0,0,65535_65535,1,9,87,1165,1,1,1,22,1165,28,1,1,allocated
317,797,normal,0,0,65535_65535,1,10,87,1112,0,1,0,21,0,28,1,1,pre_allocation
317,797,normal,0,0,65535_65535,1,10,87,1165,1,1,1,22,1165,28,1,1,allocated
317,797,normal,0,0,65535_65535,1,6,87,1165,0,1,0,22,0,28,1,1,pre_allocation
317,797,normal,0,0,65535_65535,1,6,87,1218,1,1,1,23,1218,28,1,1,allocated
317,797,normal,0,0,65535_65535,1,7,87,1165,0,1,0,22,0,28,1,1,pre_allocation
317,797,normal,0,0,65535_65535,1,7,87,1218,1,1,1,23,1218,28,1,1,allocated
317,797,normal,0,0,65535_65535,1,9,87,1165,0,1,0,22,0,28,1,1,pre_allocation
317,797,normal,0,0,65535_65535,1,9,87,1218,1,1,1,23,1218,28,1,1,allocated
317,797,normal,0,0,65535_65535,1,10,87,1165,0,1,0,22,0,28,1,1,pre_allocation
317,797,normal,0,0,65535_65535,1,10,87,1218,1,1,1,23,1218,28,1,1,allocated
317,797,normal,0,0,65535_65535,1,6,87,1218,0,1,0,23,0,28,1,1,pre_allocation
317,797,normal,0,0,65535_65535,1,6,87,1272,1,1,1,24,1272,28,1,1,allocated
317,797,normal,0,0,65535_65535,1,7,87,1218,0,1,0,23,0,28,1,1,pre_allocation
317,797,normal,0,0,65535_65535,1,7,87,1272,1,1,1,24,1272,28,1,1,allocated
317,797,normal,0,0,65535_65535,1,9,87,1218,0,1,0,23,0,28,1,1,pre_allocation
317,797,normal,0,0,65535_65535,1,9,87,1272,1,1,1,24,1272,28,1,1,allocated
317,797,normal,0,0,65535_65535,1,10,87,1218,0,1,0,23,0,28,1,1,pre_allocation
317,797,normal,0,0,65535_65535,1,10,87,1272,1,1,1,24,1272,28,1,1,allocated
317,797,normal,0,0,65535_65535,1,6,87,1272,0,1,0,24,0,28,1,1,pre_allocation
317,797,normal,0,0,65535_65535,1,6,87,1325,1,1,1,25,1325,28,1,1,allocated
317,797,normal,0,0,65535_65535,1,7,87,1272,0,1,0,24,0,28,1,1,pre_allocation
317,797,normal,0,0,65535_65535,1,7,87,1325,1,1,1,25,1325,28,1,1,allocated
317,797,normal,0,0,65535_65535,1,9,87,1272,0,1,0,24,0,28,1,1,pre_allocation
317,797,normal,0,0,65535_65535,1,9,87,1325,1,1,1,25,1325,28,1,1,allocated
317,797,normal,0,0,65535_65535,1,10,87,1272,0,1,0,24,0,28,1,1,pre_allocation
317,797,normal,0,0,65535_65535,1,10,87,1325,1,1,1,25,1325,28,1,1,allocated
317,797,normal,0,0,65535_65535,1,6,87,1325,0,1,0,25,0,28,1,1,pre_allocation
317,797,normal,0,0,65535_65535,1,6,87,1378,1,1,1,26,1378,28,1,1,allocated
317,797,normal,0,0,65535_65535,1,7,87,1325,0,1,0,25,0,28,1,1,pre_allocation
317,797,normal,0,0,65535_65535,1,7,87,1378,1,1,1,26,1378,28,1,1,allocated
317,797,normal,0,0,65535_65535,1,9,87,1325,0,1,0,25,0,28,1,1,pre_allocation
317,797,normal,0,0,65535_65535,1,9,87,1378,1,1,1,26,1378,28,1,1,allocated
317,797,normal,0,0,65535_65535,1,10,87,1325,0,1,0,25,0,28,1,1,pre_allocation
317,797,normal,0,0,65535_65535,1,10,87,1378,1,1,1,26,1378,28,1,1,allocated
317,797,normal,0,0,65535_65535,1,6,87,1378,0,1,0,26,0,28,1,1,pre_allocation
317,797,normal,0,0,65535_65535,1,6,87,1431,1,1,1,27,1431,28,1,1,allocated
317,797,normal,0,0,65535_65535,1,7,87,1378,0,1,0,26,0,28,1,1,pre_allocation
317,797,normal,0,0,65535_65535,1,7,87,1431,1,1,1,27,1431,28,1,1,allocated
317,797,normal,0,0,65535_65535,1,9,87,1378,0,1,0,26,0,28,1,1,pre_allocation
317,797,normal,0,0,65535_65535,1,9,87,1431,1,1,1,27,1431,28,1,1,allocated
317,797,normal,0,0,65535_65535,1,10,87,1378,0,1,0,26,0,28,1,1,pre_allocation
317,797,normal,0,0,65535_65535,1,10,87,1431,1,1,1,27,1431,28,1,1,allocated
317,797,normal,0,0,65535_65535,1,6,87,1431,0,1,0,27,0,28,1,1,pre_allocation
317,797,normal,0,0,65535_65535,1,6,87,1484,1,1,1,28,1484,28,1,1,allocated
317,797,normal,0,0,65535_65535,1,7,87,1431,0,1,0,27,0,28,1,1,pre_allocation
317,797,normal,0,0,65535_65535,1,7,87,1484,1,1,1,28,1484,28,1,1,allocated
317,797,normal,0,0,65535_65535,1,9,87,1431,0,1,0,27,0,28,1,1,pre_allocation
317,797,normal,0,0,65535_65535,1,9,87,1484,1,1,1,28,1484,28,1,1,allocated
317,797,normal,0,0,65535_65535,1,10,87,1431,0,1,0,27,0,28,1,1,pre_allocation
317,797,normal,0,0,65535_65535,1,10,87,1484,1,1,1,28,1484,28,1,1,allocated
317,797,normal,0,0,65535_65535,1,6,87,1484,0,1,0,28,0,28,1,1,pre_allocation
317,797,normal,0,0,65535_65535,1,6,87,1534,1,1,1,29,1534,28,1,1,allocated
317,797,normal,0,0,65535_65535,1,7,87,1484,0,1,0,28,0,28,1,1,pre_allocation
317,797,normal,0,0,65535_65535,1,7,87,1534,1,1,1,29,1534,28,1,1,allocated
317,797,normal,0,0,65535_65535,1,9,87,1484,0,1,0,28,0,28,1,1,pre_allocation
317,797,normal,0,0,65535_65535,1,9,87,1534,1,1,1,29,1534,28,1,1,allocated
317,797,normal,0,0,65535_65535,1,10,87,1484,0,1,0,28,0,28,1,1,pre_allocation
317,797,normal,0,0,65535_65535,1,10,87,1534,1,1,1,29,1534,28,1,1,allocated
317,797,normal,0,0,65535_65535,1,6,87,1534,0,1,0,29,0,28,1,1,pre_allocation
317,797,normal,0,0,65535_65535,1,6,87,1587,1,1,1,30,1587,28,1,1,allocated
317,797,normal,0,0,65535_65535,1,7,87,1534,0,1,0,29,0,28,1,1,pre_allocation
317,797,normal,0,0,65535_65535,1,7,87,1587,1,1,1,30,1587,28,1,1,allocated
317,797,normal,0,0,65535_65535,1,9,87,1534,0,1,0,29,0,28,1,1,pre_allocation
317,797,normal,0,0,65535_65535,1,9,87,1587,1,1,1,30,1587,28,1,1,allocated
317,797,normal,0,0,65535_65535,1,10,87,1534,0,1,0,29,0,28,1,1,pre_allocation
317,797,normal,0,0,65535_65535,1,10,87,1587,1,1,1,30,1587,28,1,1,allocated
317,797,normal,0,0,65535_65535,1,6,87,1587,0,1,0,30,0,28,1,1,pre_allocation
317,797,normal,0,0,65535_65535,1,6,87,1641,1,1,1,31,1641,28,1,1,allocated
317,797,normal,0,0,65535_65535,1,7,87,1587,0,1,0,30,0,28,1,1,pre_allocation
317,797,normal,0,0,65535_65535,1,7,87,1641,1,1,1,31,1641,28,1,1,allocated
317,797,normal,0,0,65535_65535,1,9,87,1587,0,1,0,30,0,28,1,1,pre_allocation
317,797,normal,0,0,65535_65535,1,9,87,1641,1,1,1,31,1641,28,1,1,allocated
317,797,normal,0,0,65535_65535,1,10,87,1587,0,1,0,30,0,28,1,1,pre_allocation
317,797,normal,0,0,65535_65535,1,10,87,1641,1,1,1,31,1641,28,1,1,allocated
317,797,normal,0,0,65535_65535,1,6,87,1641,0,1,0,31,0,28,1,1,pre_allocation
317,797,normal,0,0,65535_65535,1,6,87,1694,1,1,1,32,1694,28,1,1,allocated
317,797,normal,0,0,65535_65535,1,7,87,1641,0,1,0,31,0,28,1,1,pre_allocation
317,797,normal,0,0,65535_65535,1,7,87,1694,1,1,1,32,1694,28,1,1,allocated
317,797,normal,0,0,65535_65535,1,9,87,1641,0,1,0,31,0,28,1,1,pre_allocation
317,797,normal,0,0,65535_65535,1,9,87,1694,1,1,1,32,1694,28,1,1,allocated
317,797,normal,0,0,65535_65535,1,10,87,1641,0,1,0,31,0,28,1,1,pre_allocation
317,797,normal,0,0,65535_65535,1,10,87,1694,1,1,1,32,1694,28,1,1,allocated
317,797,normal,0,0,65535_65535,1,6,87,1694,0,1,0,32,0,28,1,1,pre_allocation
317,797,normal,0,0,65535_65535,1,6,87,1747,1,1,1,33,1747,28,1,1,allocated
317,797,normal,0,0,65535_65535,1,7,87,1694,0,1,0,32,0,28,1,1,pre_allocation
317,797,normal,0,0,65535_65535,1,7,87,1747,1,1,1,33,1747,28,1,1,allocated
317,797,normal,0,0,65535_65535,1,9,87,1694,0,1,0,32,0,28,1,1,pre_allocation
317,797,normal,0,0,65535_65535,1,9,87,1747,1,1,1,33,1747,28,1,1,allocated
317,797,normal,0,0,65535_65535,1,10,87,1694,0,1,0,32,0,28,1,1,pre_allocation
317,797,normal,0,0,65535_65535,1,10,87,1747,1,1,1,33,1747,28,1,1,allocated
317,797,normal,0,0,65535_65535,1,6,87,1747,0,1,0,33,0,28,1,1,pre_allocation
317,797,normal,0,0,65535_65535,1,6,87,1800,1,1,1,34,1800,28,1,1,allocated
317,797,normal,0,0,65535_65535,1,7,87,1747,0,1,0,33,0,28,1,1,pre_allocation
317,797,normal,0,0,65535_65535,1,7,87,1800,1,1,1,34,1800,28,1,1,allocated
317,797,normal,0,0,65535_65535,1,9,87,1747,0,1,0,33,0,28,1,1,pre_allocation
317,797,normal,0,0,65535_65535,1,9,87,1800,1,1,1,34,1800,28,1,1,allocated
317,797,normal,0,0,65535_65535,1,10,87,1747,0,1,0,33,0,28,1,1,pre_allocation
317,797,normal,0,0,65535_65535,1,10,87,1800,1,1,1,34,1800,28,1,1,allocated
317,797,normal,0,0,65535_65535,1,6,87,1800,0,1,0,34,0,28,1,1,pre_allocation
317,797,normal,0,0,65535_65535,1,6,87,1853,1,1,1,35,1853,28,1,1,allocated
317,797,normal,0,0,65535_65535,1,7,87,1800,0,1,0,34,0,28,1,1,pre_allocation
317,797,normal,0,0,65535_65535,1,7,87,1853,1,1,1,35,1853,28,1,1,allocated
317,797,normal,0,0,65535_65535,1,9,87,1800,0,1,0,34,0,28,1,1,pre_allocation
317,797,normal,0,0,65535_65535,1,9,87,1853,1,1,1,35,1853,28,1,1,allocated
317,797,normal,0,0,65535_65535,1,10,87,1800,0,1,0,34,0,28,1,1,pre_allocation
317,797,normal,0,0,65535_65535,1,10,87,1853,1,1,1,35,1853,28,1,1,allocated
317,797,normal,0,0,65535_65535,1,6,87,1853,0,1,0,35,0,28,1,1,pre_allocation
317,797,normal,0,0,65535_65535,1,6,87,1906,1,1,1,36,1906,28,1,1,allocated
317,797,normal,0,0,65535_65535,1,7,87,1853,0,1,0,35,0,28,1,1,pre_allocation
317,797,normal,0,0,65535_65535,1,7,87,1906,1,1,1,36,1906,28,1,1,allocated
317,797,normal,0,0,65535_65535,1,9,87,1853,0,1,0,35,0,28,1,1,pre_allocation
317,797,normal,0,0,65535_65535,1,9,87,1906,1,1,1,36,1906,28,1,1,allocated
317,797,normal,0,0,65535_65535,1,10,87,1853,0,1,0,35,0,28,1,1,pre_allocation
317,797,normal,0,0,65535_65535,1,10,87,1906,1,1,1,36,1906,28,1,1,allocated
317,797,normal,0,0,65535_65535,1,6,87,1906,0,1,0,36,0,28,1,1,pre_allocation
317,797,normal,0,0,65535_65535,1,6,87,1959,1,1,1,37,1959,28,1,1,allocated
317,797,normal,0,0,65535_65535,1,7,87,1906,0,1,0,36,0,28,1,1,pre_allocation
317,797,normal,0,0,65535_65535,1,7,87,1959,1,1,1,37,1959,28,1,1,allocated
317,797,normal,0,0,65535_65535,1,9,87,1906,0,1,0,36,0,28,1,1,pre_allocation
317,797,normal,0,0,65535_65535,1,9,87,1959,1,1,1,37,1959,28,1,1,allocated
429,895,normal,0,0,65535_65535,0,1,139487,0,0,1,0,0,0,28,1,1,pre_allocation
429,895,normal,0,0,65535_65535,0,1,139487,42,1,1,1,1,42,28,1,1,allocated
429,895,normal,0,0,65535_65535,0,2,118120,0,0,1,0,0,0,28,1,1,pre_allocation
429,895,normal,0,0,65535_65535,0,2,118120,42,1,1,1,1,42,28,1,1,allocated
429,895,normal,0,0,65535_65535,0,3,122440,0,0,1,0,0,0,28,1,1,pre_allocation
429,895,normal,0,0,65535_65535,0,3,122440,42,1,1,1,1,42,28,1,1,allocated
429,895,normal,0,0,65535_65535,0,4,123921,0,0,1,0,0,0,28,1,1,pre_allocation
429,895,normal,0,0,65535_65535,0,4,123921,42,1,1,1,1,42,28,1,1,allocated
429,895,normal,0,0,65535_65535,0,5,126253,0,0,1,0,0,0,28,1,1,pre_allocation
429,895,normal,0,0,65535_65535,0,5,126253,42,1,1,1,1,42,28,1,1,allocated
429,895,normal,0,0,65535_65535,0,1,139487,42,0,1,0,1,0,28,1,1,pre_allocation
429,895,normal,0,0,65535_65535,0,1,139487,88,1,1,1,2,88,28,1,1,allocated
429,895,normal,0,0,65535_65535,0,2,118120,42,0,1,0,1,0,28,1,1,pre_allocation
429,895,normal,0,0,65535_65535,0,2,118120,88,1,1,1,2,88,28,1,1,allocated
429,895,normal,0,0,65535_65535,0,3,122440,42,0,1,0,1,0,28,1,1,pre_allocation
429,895,normal,0,0,65535_65535,0,3,122440,88,1,1,1,2,88,28,1,1,allocated
429,895,normal,0,0,65535_65535,0,4,123921,42,0,1,0,1,0,28,1,1,pre_allocation
429,895,normal,0,0,65535_65535,0,4,123921,88,1,1,1,2,88,28,1,1,allocated
429,895,normal,0,0,65535_65535,0,5,126253,42,0,1,0,1,0,28,1,1,pre_allocation
429,895,normal,0,0,65535_65535,0,5,126253,88,1,1,1,2,88,28,1,1,allocated
429,895,normal,0,0,65535_65535,0,1,139487,88,0,1,0,2,0,28,1,1,pre_allocation
429,895,normal,0,0,65535_65535,0,1,139487,133,1,1,1,3,133,28,1,1,allocated
429,895,normal,0,0,65535_65535,0,2,118120,88,0,1,0,2,0,28,1,1,pre_allocation
429,895,normal,0,0,65535_65535,0,2,118120,133,1,1,1,3,133,28,1,1,allocated
429,895,normal,0,0,65535_65535,0,3,122440,88,0,1,0,2,0,28,1,1,pre_allocation
429,895,normal,0,0,65535_65535,0,3,122440,133,1,1,1,3,133,28,1,1,allocated
429,895,normal,0,0,65535_65535,0,4,123921,88,0,1,0,2,0,28,1,1,pre_allocation
429,895,normal,0,0,65535_65535,0,4,123921,133,1,1,1,3,133,28,1,1,allocated
429,895,normal,0,0,65535_65535,0,5,126253,88,0,1,0,2,0,28,1,1,pre_allocation
429,895,normal,0,0,65535_65535,0,5,126253,133,1,1,1,3,133,28,1,1,allocated
429,895,normal,0,0,65535_65535,0,1,139487,133,0,1,0,3,0,28,1,1,pre_allocation
429,895,normal,0,0,65535_65535,0,1,139487,179,1,1,1,4,179,28,1,1,allocated
429,895,normal,0,0,65535_65535,0,2,118120,133,0,1,0,3,0,28,1,1,pre_allocation
429,895,normal,0,0,65535_65535,0,2,118120,179,1,1,1,4,179,28,1,1,allocated
429,895,normal,0,0,65535_65535,0,3,122440,133,0,1,0,3,0,28,1,1,pre_allocation
429,895,normal,0,0,65535_65535,0,3,122440,179,1,1,1,4,179,28,1,1,allocated
429,895,normal,0,0,65535_65535,0,4,123921,133,0,1,0,3,0,28,1,1,pre_allocation
429,895,normal,0,0,65535_65535,0,4,123921,179,1,1,1,4,179,28,1,1,allocated
429,895,normal,0,0,65535_65535,0,5,126253,133,0,1,0,3,0,28,1,1,pre_allocation
429,895,normal,0,0,65535_65535,0,5,126253,179,1,1,1,4,179,28,1,1,allocated
429,895,normal,0,0,65535_65535,0,1,139487,179,0,1,0,4,0,28,1,1,pre_allocation
429,895,normal,0,0,65535_65535,0,1,139487,224,1,1,1,5,224,28,1,1,allocated
429,895,normal,0,0,65535_65535,0,2,118120,179,0,1,0,4,0,28,1,1,pre_allocation
429,895,normal,0,0,65535_65535,0,2,118120,224,1,1,1,5,224,28,1,1,allocated
429,895,normal,0,0,65535_65535,0,3,122440,179,0,1,0,4,0,28,1,1,pre_allocation
429,895,normal,0,0,65535_65535,0,3,122440,224,1,1,1,5,224,28,1,1,allocated
429,895,normal,0,0,65535_65535,0,4,123921,179,0,1,0,4,0,28,1,1,pre_allocation
429,895,normal,0,0,65535_65535,0,4,123921,224,1,1,1,5,224,28,1,1,allocated
429,895,normal,0,0,65535_65535,0,5,126253,179,0,1,0,4,0,28,1,1,pre_allocation
429,895,normal,0,0,65535_65535,0,5,126253,224,1,1,1,5,224,28,1,1,allocated
429,895,normal,0,0,65535_65535,0,1,139487,224,0,1,0,5,0,28,1,1,pre_allocation
429,895,normal,0,0,65535_65535,0,1,139487,270,1,1,1,6,270,28,1,1,allocated
429,895,normal,0,0,65535_65535,0,2,118120,224,0,1,0,5,0,28,1,1,pre_allocation
429,895,normal,0,0,65535_65535,0,2,118120,270,1,1,1,6,270,28,1,1,allocated
429,895,normal,0,0,65535_65535,0,3,122440,224,0,1,0,5,0,28,1,1,pre_allocation
429,895,normal,0,0,65535_65535,0,3,122440,270,1,1,1,6,270,28,1,1,allocated
429,895,normal,0,0,65535_65535,0,4,123921,224,0,1,0,5,0,28,1,1,pre_allocation
429,895,normal,0,0,65535_65535,0,4,123921,270,1,1,1,6,270,28,1,1,allocated
429,895,normal,0,0,65535_65535,0,5,126253,224,0,1,0,5,0,28,1,1,pre_allocation
429,895,normal,0,0,65535_65535,0,5,126253,270,1,1,1,6,270,28,1,1,allocated
429,895,normal,0,0,65535_65535,0,1,139487,270,0,1,0,6,0,28,1,1,pre_allocation
429,895,normal,0,0,65535_65535,0,1,139487,315,1,1,1,7,315,28,1,1,allocated
429,895,normal,0,0,65535_65535,0,2,118120,270,0,1,0,6,0,28,1,1,pre_allocation
429,895,normal,0,0,65535_65535,0,2,118120,315,1,1,1,7,315,28,1,1,allocated
429,895,normal,0,0,65535_65535,0,3,122440,270,0,1,0,6,0,28,1,1,pre_allocation
429,895,normal,0,0,65535_65535,0,3,122440,315,1,1,1,7,315,28,1,1,allocated
429,895,normal,0,0,65535_65535,0,4,123921,270,0,1,0,6,0,28,1,1,pre_allocation
429,895,normal,0,0,65535_65535,0,4,123921,315,1,1,1,7,315,28,1,1,allocated
429,895,normal,0,0,65535_65535,0,5,126253,270,0,1,0,6,0,28,1,1,pre_allocation
429,895,normal,0,0,65535_65535,0,5,126253,315,1,1,1,7,315,28,1,1,allocated
429,895,normal,0,0,65535_65535,0,1,139487,315,0,1,0,7,0,28,1,1,pre_allocation
429,895,normal,0,0,65535_65535,0,1,139487,361,1,1,1,8,361,28,1,1,allocated
429,895,normal,0,0,65535_65535,0,2,118120,315,0,1,0,7,0,28,1,1,pre_allocation
429,895,normal,0,0,65535_65535,0,2,118120,361,1,1,1,8,361,28,1,1,allocated
429,895,normal,0,0,65535_65535,0,3,122440,315,0,1,0,7,0,28,1,1,pre_allocation
429,895,normal,0,0,65535_65535,0,3,122440,361,1,1,1,8,361,28,1,1,allocated
429,895,normal,0,0,65535_65535,0,4,123921,315,0,1,0,7,0,28,1,1,pre_allocation
429,895,normal,0,0,65535_65535,0,4,123921,361,1,1,1,8,361,28,1,1,allocated
429,895,normal,0,0,65535_65535,0,5,126253,315,0,1,0,7,0,28,1,1,pre_allocation
429,895,normal,0,0,65535_65535,0,5,126253,361,1,1,1,8,361,28,1,1,allocated
429,895,normal,0,0,65535_65535,0,1,139487,361,0,1,0,8,0,28,1,1,pre_allocation
429,895,normal,0,0,65535_65535,0,1,139487,406,1,1,1,9,406,28,1,1,allocated
429,895,normal,0,0,65535_65535,0,2,118120,361,0,1,0,8,0,28,1,1,pre_allocation
429,895,normal,0,0,65535_65535,0,2,118120,406,1,1,1,9,406,28,1,1,allocated
429,895,normal,0,0,65535_65535,0,3,122440,361,0,1,0,8,0,28,1,1,pre_allocation
429,895,normal,0,0,65535_65535,0,3,122440,406,1,1,1,9,406,28,1,1,allocated
429,895,normal,0,0,65535_65535,0,4,123921,361,0,1,0,8,0,28,1,1,pre_allocation
429,895,normal,0,0,65535_65535,0,4,123921,406,1,1,1,9,406,28,1,1,allocated
429,895,normal,0,0,65535_65535,0,5,126253,361,0,1,0,8,0,28,1,1,pre_allocation
429,895,normal,0,0,65535_65535,0,5,126253,406,1,1,1,9,406,28,1,1,allocated
429,895,normal,0,0,65535_65535,0,1,139487,406,0,1,0,9,0,28,1,1,pre_allocation
429,895,normal,0,0,65535_65535,0,1,139487,452,1,1,1,10,452,28,1,1,allocated
429,895,normal,0,0,65535_65535,0,2,118120,406,0,1,0,9,0,28,1,1,pre_allocation
429,895,normal,0,0,65535_65535,0,2,118120,452,1,1,1,10,452,28,1,1,allocated
429,895,normal,0,0,65535_65535,0,3,122440,406,0,1,0,9,0,28,1,1,pre_allocation
429,895,normal,0,0,65535_65535,0,3,122440,452,1,1,1,10,452,28,1,1,allocated
429,895,normal,0,0,65535_65535,0,4,123921,406,0,1,0,9,0,28,1,1,pre_allocation
429,895,normal,0,0,65535_65535,0,4,123921,452,1,1,1,10,452,28,1,1,allocated
429,895,normal,0,0,65535_65535,0,5,126253,406,0,1,0,9,0,28,1,1,pre_allocation
429,895,normal,0,0,65535_65535,0,5,126253,452,1,1,1,10,452,28,1,1,allocated
429,895,normal,0,0,65535_65535,0,1,139487,452,0,1,0,10,0,28,1,1,pre_allocation
429,895,normal,0,0,65535_65535,0,1,139487,497,1,1,1,11,497,28,1,1,allocated
429,895,normal,0,0,65535_65535,0,2,118120,452,0,1,0,10,0,28,1,1,pre_allocation
429,895,normal,0,0,65535_65535,0,2,118120,497,1,1,1,11,497,28,1,1,allocated
429,895,normal,0,0,65535_65535,0,3,122440,452,0,1,0,10,0,28,1,1,pre_allocation
429,895,normal,0,0,65535_65535,0,3,122440,497,1,1,1,11,497,28,1,1,allocated
429,895,normal,0,0,65535_65535,0,4,123921,452,0,1,0,10,0,28,1,1,pre_allocation
429,895,normal,0,0,65535_65535,0,4,123921,497,1,1,1,11,497,28,1,1,allocated
429,895,normal,0,0,65535_65535,0,5,126253,452,0,1,0,10,0,28,1,1,pre_allocation
429,895,normal,0,0,65535_65535,0,5,126253,497,1,1,1,11,497,28,1,1,allocated
429,895,normal,0,0,65535_65535,0,1,139487,497,0,1,0,11,0,28,1,1,pre_allocation
429,895,normal,0,0,65535_65535,0,1,139487,543,1,1,1,12,543,28,1,1,allocated
429,895,normal,0,0,65535_65535,0,2,118120,497,0,1,0,11,0,28,1,1,pre_allocation
429,895,normal,0,0,65535_65535,0,2,118120,543,1,1,1,12,543,28,1,1,allocated
429,895,normal,0,0,65535_65535,0,3,122440,497,0,1,0,11,0,28,1,1,pre_allocation
429,895,normal,0,0,65535_65535,0,3,122440,543,1,1,1,12,543,28,1,1,allocated
429,895,normal,0,0,65535_65535,1,6,87,0,0,1,0,0,0,28,1,1,pre_allocation
429,895,normal,0,0,65535_65535,1,6,87,42,1,1,1,1,42,28,1,1,allocated
429,895,normal,0,0,65535_65535,1,7,87,0,0,1,0,0,0,28,1,1,pre_allocation
429,895,normal,0,0,65535_65535,1,7,87,42,1,1,1,1,42,28,1,1,allocated
429,895,normal,0,0,65535_65535,1,9,87,0,0,1,0,0,0,28,1,1,pre_allocation
429,895,normal,0,0,65535_65535,1,9,87,42,1,1,1,1,42,28,1,1,allocated
429,895,normal,0,0,65535_65535,1,10,87,0,0,1,0,0,0,28,1,1,pre_allocation
429,895,normal,0,0,65535_65535,1,10,87,42,1,1,1,1,42,28,1,1,allocated
429,895,normal,0,0,65535_65535,1,6,87,42,0,1,0,1,0,28,1,1,pre_allocation
429,895,normal,0,0,65535_65535,1,6,87,88,1,1,1,2,88,28,1,1,allocated
429,895,normal,0,0,65535_65535,1,7,87,42,0,1,0,1,0,28,1,1,pre_allocation
429,895,normal,0,0,65535_65535,1,7,87,88,1,1,1,2,88,28,1,1,allocated
429,895,normal,0,0,65535_65535,1,9,87,42,0,1,0,1,0,28,1,1,pre_allocation
429,895,normal,0,0,65535_65535,1,9,87,88,1,1,1,2,88,28,1,1,allocated
429,895,normal,0,0,65535_65535,1,10,87,42,0,1,0,1,0,28,1,1,pre_allocation
429,895,normal,0,0,65535_65535,1,10,87,88,1,1,1,2,88,28,1,1,allocated
429,895,normal,0,0,65535_65535,1,6,87,88,0,1,0,2,0,28,1,1,pre_allocation
429,895,normal,0,0,65535_65535,1,6,87,133,1,1,1,3,133,28,1,1,allocated
429,895,normal,0,0,65535_65535,1,7,87,88,0,1,0,2,0,28,1,1,pre_allocation
429,895,normal,0,0,65535_65535,1,7,87,133,1,1,1,3,133,28,1,1,allocated
429,895,normal,0,0,65535_65535,1,9,87,88,0,1,0,2,0,28,1,1,pre_allocation
429,895,normal,0,0,65535_65535,1,9,87,133,1,1,1,3,133,28,1,1,allocated
429,895,normal,0,0,65535_65535,1,10,87,88,0,1,0,2,0,28,1,1,pre_allocation
429,895,normal,0,0,65535_65535,1,10,87,133,1,1,1,3,133,28,1,1,allocated
429,895,normal,0,0,65535_65535,1,6,87,133,0,1,0,3,0,28,1,1,pre_allocation
429,895,normal,0,0,65535_65535,1,6,87,179,1,1,1,4,179,28,1,1,allocated
429,895,normal,0,0,65535_65535,1,7,87,133,0,1,0,3,0,28,1,1,pre_allocation
429,895,normal,0,0,65535_65535,1,7,87,179,1,1,1,4,179,28,1,1,allocated
429,895,normal,0,0,65535_65535,1,9,87,133,0,1,0,3,0,28,1,1,pre_allocation
429,895,normal,0,0,65535_65535,1,9,87,179,1,1,1,4,179,28,1,1,allocated
429,895,normal,0,0,65535_65535,1,10,87,133,0,1,0,3,0,28,1,1,pre_allocation
429,895,normal,0,0,65535_65535,1,10,87,179,1,1,1,4,179,28,1,1,allocated
429,895,normal,0,0,65535_65535,1,6,87,179,0,1,0,4,0,28,1,1,pre_allocation
429,895,normal,0,0,65535_65535,1,6,87,224,1,1,1,5,224,28,1,1,allocated
429,895,normal,0,0,65535_65535,1,7,87,179,0,1,0,4,0,28,1,1,pre_allocation
429,895,normal,0,0,65535_65535,1,7,87,224,1,1,1,5,224,28,1,1,allocated
429,895,normal,0,0,65535_65535,1,9,87,179,0,1,0,4,0,28,1,1,pre_allocation
429,895,normal,0,0,65535_65535,1,9,87,224,1,1,1,5,224,28,1,1,allocated
429,895,normal,0,0,65535_65535,1,10,87,179,0,1,0,4,0,28,1,1,pre_allocation
429,895,normal,0,0,65535_65535,1,10,87,224,1,1,1,5,224,28,1,1,allocated
429,895,normal,0,0,65535_65535,1,6,87,224,0,1,0,5,0,28,1,1,pre_allocation
429,895,normal,0,0,65535_65535,1,6,87,270,1,1,1,6,270,28,1,1,allocated
429,895,normal,0,0,65535_65535,1,7,87,224,0,1,0,5,0,28,1,1,pre_allocation
429,895,normal,0,0,65535_65535,1,7,87,270,1,1,1,6,270,28,1,1,allocated
429,895,normal,0,0,65535_65535,1,9,87,224,0,1,0,5,0,28,1,1,pre_allocation
429,895,normal,0,0,65535_65535,1,9,87,270,1,1,1,6,270,28,1,1,allocated
429,895,normal,0,0,65535_65535,1,10,87,224,0,1,0,5,0,28,1,1,pre_allocation
429,895,normal,0,0,65535_65535,1,10,87,270,1,1,1,6,270,28,1,1,allocated
429,895,normal,0,0,65535_65535,1,6,87,270,0,1,0,6,0,28,1,1,pre_allocation
429,895,normal,0,0,65535_65535,1,6,87,315,1,1,1,7,315,28,1,1,allocated
429,895,normal,0,0,65535_65535,1,7,87,270,0,1,0,6,0,28,1,1,pre_allocation
429,895,normal,0,0,65535_65535,1,7,87,315,1,1,1,7,315,28,1,1,allocated
429,895,normal,0,0,65535_65535,1,9,87,270,0,1,0,6,0,28,1,1,pre_allocation
429,895,normal,0,0,65535_65535,1,9,87,315,1,1,1,7,315,28,1,1,allocated
429,895,normal,0,0,65535_65535,1,10,87,270,0,1,0,6,0,28,1,1,pre_allocation
429,895,normal,0,0,65535_65535,1,10,87,315,1,1,1,7,315,28,1,1,allocated
429,895,normal,0,0,65535_65535,1,6,87,315,0,1,0,7,0,28,1,1,pre_allocation
429,895,normal,0,0,65535_65535,1,6,87,361,1,1,1,8,361,28,1,1,allocated
429,895,normal,0,0,65535_65535,1,7,87,315,0,1,0,7,0,28,1,1,pre_allocation
429,895,normal,0,0,65535_65535,1,7,87,361,1,1,1,8,361,28,1,1,allocated
429,895,normal,0,0,65535_65535,1,9,87,315,0,1,0,7,0,28,1,1,pre_allocation
429,895,normal,0,0,65535_65535,1,9,87,361,1,1,1,8,361,28,1,1,allocated
429,895,normal,0,0,65535_65535,1,10,87,315,0,1,0,7,0,28,1,1,pre_allocation
429,895,normal,0,0,65535_65535,1,10,87,361,1,1,1,8,361,28,1,1,allocated
429,895,normal,0,0,65535_65535,1,6,87,361,0,1,0,8,0,28,1,1,pre_allocation
429,895,normal,0,0,65535_65535,1,6,87,406,1,1,1,9,406,28,1,1,allocated
429,895,normal,0,0,65535_65535,1,7,87,361,0,1,0,8,0,28,1,1,pre_allocation
429,895,normal,0,0,65535_65535,1,7,87,406,1,1,1,9,406,28,1,1,allocated
429,895,normal,0,0,65535_65535,1,9,87,361,0,1,0,8,0,28,1,1,pre_allocation
429,895,normal,0,0,65535_65535,1,9,87,406,1,1,1,9,406,28,1,1,allocated
429,895,normal,0,0,65535_65535,1,10,87,361,0,1,0,8,0,28,1,1,pre_allocation
429,895,normal,0,0,65535_65535,1,10,87,406,1,1,1,9,406,28,1,1,allocated
429,895,normal,0,0,65535_65535,1,6,87,406,0,1,0,9,0,28,1,1,pre_allocation
429,895,normal,0,0,65535_65535,1,6,87,452,1,1,1,10,452,28,1,1,allocated
429,895,normal,0,0,65535_65535,1,7,87,406,0,1,0,9,0,28,1,1,pre_allocation
429,895,normal,0,0,65535_65535,1,7,87,452,1,1,1,10,452,28,1,1,allocated
429,895,normal,0,0,65535_65535,1,9,87,406,0,1,0,9,0,28,1,1,pre_allocation
429,895,normal,0,0,65535_65535,1,9,87,452,1,1,1,10,452,28,1,1,allocated
429,895,normal,0,0,65535_65535,1,10,87,406,0,1,0,9,0,28,1,1,pre_allocation
429,895,normal,0,0,65535_65535,1,10,87,452,1,1,1,10,452,28,1,1,allocated
429,895,normal,0,0,65535_65535,1,6,87,452,0,1,0,10,0,28,1,1,pre_allocation
429,895,normal,0,0,65535_65535,1,6,87,497,1,1,1,11,497,28,1,1,allocated
429,895,normal,0,0,65535_65535,1,7,87,452,0,1,0,10,0,28,1,1,pre_allocation
429,895,normal,0,0,65535_65535,1,7,87,497,1,1,1,11,497,28,1,1,allocated
429,895,normal,0,0,65535_65535,1,9,87,452,0,1,0,10,0,28,1,1,pre_allocation
429,895,normal,0,0,65535_65535,1,9,87,497,1,1,1,11,497,28,1,1,allocated
429,895,normal,0,0,65535_65535,1,10,87,452,0,1,0,10,0,28,1,1,pre_allocation
429,895,normal,0,0,65535_65535,1,10,87,497,1,1,1,11,497,28,1,1,allocated
429,895,normal,0,0,65535_65535,1,6,87,497,0,1,0,11,0,28,1,1,pre_allocation
429,895,normal,0,0,65535_65535,1,6,87,543,1,1,1,12,543,28,1,1,allocated
429,895,normal,0,0,65535_65535,1,7,87,497,0,1,0,11,0,28,1,1,pre_allocation
429,895,normal,0,0,65535_65535,1,7,87,543,1,1,1,12,543,28,1,1,allocated
429,895,normal,0,0,65535_65535,1,9,87,497,0,1,0,11,0,28,1,1,pre_allocation
429,895,normal,0,0,65535_65535,1,9,87,543,1,1,1,12,543,28,1,1,allocated
429,895,normal,0,0,65535_65535,1,10,87,497,0,1,0,11,0,28,1,1,pre_allocation
429,895,normal,0,0,65535_65535,1,10,87,543,1,1,1,12,543,28,1,1,allocated
429,895,normal,0,0,65535_65535,1,6,87,543,0,1,0,12,0,28,1,1,pre_allocation
429,895,normal,0,0,65535_65535,1,6,87,589,1,1,1,13,589,28,1,1,allocated
429,895,normal,0,0,65535_65535,1,7,87,543,0,1,0,12,0,28,1,1,pre_allocation
429,895,normal,0,0,65535_65535,1,7,87,589,1,1,1,13,589,28,1,1,allocated
429,895,normal,0,0,65535_65535,1,9,87,543,0,1,0,12,0,28,1,1,pre_allocation
429,895,normal,0,0,65535_65535,1,9,87,589,1,1,1,13,589,28,1,1,allocated
429,895,normal,0,0,65535_65535,1,10,87,543,0,1,0,12,0,28,1,1,pre_allocation
429,895,normal,0,0,65535_65535,1,10,87,589,1,1,1,13,589,28,1,1,allocated
429,895,normal,0,0,65535_65535,1,6,87,589,0,1,0,13,0,28,1,1,pre_allocation
429,895,normal,0,0,65535_65535,1,6,87,634,1,1,1,14,634,28,1,1,allocated
429,895,normal,0,0,65535_65535,1,7,87,589,0,1,0,13,0,28,1,1,pre_allocation
429,895,normal,0,0,65535_65535,1,7,87,634,1,1,1,14,634,28,1,1,allocated
429,895,normal,0,0,65535_65535,1,9,87,589,0,1,0,13,0,28,1,1,pre_allocation
429,895,normal,0,0,65535_65535,1,9,87,634,1,1,1,14,634,28,1,1,allocated
429,895,normal,0,0,65535_65535,1,10,87,589,0,1,0,13,0,28,1,1,pre_allocation
429,895,normal,0,0,65535_65535,1,10,87,634,1,1,1,14,634,28,1,1,allocated
429,895,normal,0,0,65535_65535,1,6,87,634,0,1,0,14,0,28,1,1,pre_allocation
429,895,normal,0,0,65535_65535,1,6,87,680,1,1,1,15,680,28,1,1,allocated
429,895,normal,0,0,65535_65535,1,7,87,634,0,1,0,14,0,28,1,1,pre_allocation
429,895,normal,0,0,65535_65535,1,7,87,680,1,1,1,15,680,28,1,1,allocated
429,895,normal,0,0,65535_65535,1,9,87,634,0,1,0,14,0,28,1,1,pre_allocation
429,895,normal,0,0,65535_65535,1,9,87,680,1,1,1,15,680,28,1,1,allocated
429,895,normal,0,0,65535_65535,1,10,87,634,0,1,0,14,0,28,1,1,pre_allocation
429,895,normal,0,0,65535_65535,1,10,87,680,1,1,1,15,680,28,1,1,allocated
429,895,normal,0,0,65535_65535,1,6,87,680,0,1,0,15,0,28,1,1,pre_allocation
429,895,normal,0,0,65535_65535,1,6,87,725,1,1,1,16,725,28,1,1,allocated
429,895,normal,0,0,65535_65535,1,7,87,680,0,1,0,15,0,28,1,1,pre_allocation
429,895,normal,0,0,65535_65535,1,7,87,725,1,1,1,16,725,28,1,1,allocated
429,895,normal,0,0,65535_65535,1,9,87,680,0,1,0,15,0,28,1,1,pre_allocation
429,895,normal,0,0,65535_65535,1,9,87,725,1,1,1,16,725,28,1,1,allocated
429,895,normal,0,0,65535_65535,1,10,87,680,0,1,0,15,0,28,1,1,pre_allocation
429,895,normal,0,0,65535_65535,1,10,87,725,1,1,1,16,725,28,1,1,allocated
429,895,normal,0,0,65535_65535,1,6,87,725,0,1,0,16,0,28,1,1,pre_allocation
429,895,normal,0,0,65535_65535,1,6,87,771,1,1,1,17,771,28,1,1,allocated
429,895,normal,0,0,65535_65535,1,7,87,725,0,1,0,16,0,28,1,1,pre_allocation
429,895,normal,0,0,65535_65535,1,7,87,771,1,1,1,17,771,28,1,1,allocated
429,895,normal,0,0,65535_65535,1,9,87,725,0,1,0,16,0,28,1,1,pre_allocation
429,895,normal,0,0,65535_65535,1,9,87,771,1,1,1,17,771,28,1,1,allocated
429,895,normal,0,0,65535_65535,1,10,87,725,0,1,0,16,0,28,1,1,pre_allocation
429,895,normal,0,0,65535_65535,1,10,87,771,1,1,1,17,771,28,1,1,allocated
429,895,normal,0,0,65535_65535,1,6,87,771,0,1,0,17,0,28,1,1,pre_allocation
429,895,normal,0,0,65535_65535,1,6,87,816,1,1,1,18,816,28,1,1,allocated
429,895,normal,0,0,65535_65535,1,7,87,771,0,1,0,17,0,28,1,1,pre_allocation
429,895,normal,0,0,65535_65535,1,7,87,816,1,1,1,18,816,28,1,1,allocated
429,895,normal,0,0,65535_65535,1,9,87,771,0,1,0,17,0,28,1,1,pre_allocation
429,895,normal,0,0,65535_65535,1,9,87,816,1,1,1,18,816,28,1,1,allocated
429,895,normal,0,0,65535_65535,1,10,87,771,0,1,0,17,0,28,1,1,pre_allocation
429,895,normal,0,0,65535_65535,1,10,87,816,1,1,1,18,816,28,1,1,allocated
429,895,normal,0,0,65535_65535,1,6,87,816,0,1,0,18,0,28,1,1,pre_allocation
429,895,normal,0,0,65535_65535,1,6,87,862,1,1,1,19,862,28,1,1,allocated
429,895,normal,0,0,65535_65535,1,7,87,816,0,1,0,18,0,28,1,1,pre_allocation
429,895,normal,0,0,65535_65535,1,7,87,862,1,1,1,19,862,28,1,1,allocated
429,895,normal,0,0,65535_65535,1,9,87,816,0,1,0,18,0,28,1,1,pre_allocation
429,895,normal,0,0,65535_65535,1,9,87,862,1,1,1,19,862,28,1,1,allocated
429,895,normal,0,0,65535_65535,1,10,87,816,0,1,0,18,0,28,1,1,pre_allocation
429,895,normal,0,0,65535_65535,1,10,87,862,1,1,1,19,862,28,1,1,allocated
429,895,normal,0,0,65535_65535,1,6,87,862,0,1,0,19,0,28,1,1,pre_allocation
429,895,normal,0,0,65535_65535,1,6,87,907,1,1,1,20,907,28,1,1,allocated
429,895,normal,0,0,65535_65535,1,7,87,862,0,1,0,19,0,28,1,1,pre_allocation
429,895,normal,0,0,65535_65535,1,7,87,907,1,1,1,20,907,28,1,1,allocated
429,895,normal,0,0,65535_65535,1,9,87,862,0,1,0,19,0,28,1,1,pre_allocation
429,895,normal,0,0,65535_65535,1,9,87,907,1,1,1,20,907,28,1,1,allocated
429,895,normal,0,0,65535_65535,1,10,87,862,0,1,0,19,0,28,1,1,pre_allocation
429,895,normal,0,0,65535_65535,1,10,87,907,1,1,1,20,907,28,1,1,allocated
429,895,normal,0,0,65535_65535,1,6,87,907,0,1,0,20,0,28,1,1,pre_allocation
429,895,normal,0,0,65535_65535,1,6,87,953,1,1,1,21,953,28,1,1,allocated
429,895,normal,0,0,65535_65535,1,7,87,907,0,1,0,20,0,28,1,1,pre_allocation
429,895,normal,0,0,65535_65535,1,7,87,953,1,1,1,21,953,28,1,1,allocated
429,895,normal,0,0,65535_65535,1,9,87,907,0,1,0,20,0,28,1,1,pre_allocation
429,895,normal,0,0,65535_65535,1,9,87,953,1,1,1,21,953,28,1,1,allocated
429,895,normal,0,0,65535_65535,1,10,87,907,0,1,0,20,0,28,1,1,pre_allocation
429,895,normal,0,0,65535_65535,1,10,87,953,1,1,1,21,953,28,1,1,allocated
429,895,normal,0,0,65535_65535,1,6,87,953,0,1,0,21,0,28,1,1,pre_allocation
429,895,normal,0,0,65535_65535,1,6,87,998,1,1,1,22,998,28,1,1,allocated
429,895,normal,0,0,65535_65535,1,7,87,953,0,1,0,21,0,28,1,1,pre_allocation
429,895,normal,0,0,65535_65535,1,7,87,998,1,1,1,22,998,28,1,1,allocated
429,895,normal,0,0,65535_65535,1,9,87,953,0,1,0,21,0,28,1,1,pre_allocation
429,895,normal,0,0,65535_65535,1,9,87,998,1,1,1,22,998,28,1,1,allocated
429,895,normal,0,0,65535_65535,1,10,87,953,0,1,0,21,0,28,1,1,pre_allocation
429,895,normal,0,0,65535_65535,1,10,87,998,1,1,1,22,998,28,1,1,allocated
429,895,normal,0,0,65535_65535,1,6,87,998,0,1,0,22,0,28,1,1,pre_allocation
429,895,normal,0,0,65535_65535,1,6,87,1044,1,1,1,23,1044,28,1,1,allocated
429,895,normal,0,0,65535_65535,1,7,87,998,0,1,0,22,0,28,1,1,pre_allocation
429,895,normal,0,0,65535_65535,1,7,87,1044,1,1,1,23,1044,28,1,1,allocated
429,895,normal,0,0,65535_65535,1,9,87,998,0,1,0,22,0,28,1,1,pre_allocation
429,895,normal,0,0,65535_65535,1,9,87,1044,1,1,1,23,1044,28,1,1,allocated
429,895,normal,0,0,65535_65535,1,10,87,998,0,1,0,22,0,28,1,1,pre_allocation
429,895,normal,0,0,65535_65535,1,10,87,1044,1,1,1,23,1044,28,1,1,allocated
429,895,normal,0,0,65535_65535,1,6,87,1044,0,1,0,23,0,28,1,1,pre_allocation
429,895,normal,0,0,65535_65535,1,6,87,1089,1,1,1,24,1089,28,1,1,allocated
429,895,normal,0,0,65535_65535,1,7,87,1044,0,1,0,23,0,28,1,1,pre_allocation
429,895,normal,0,0,65535_65535,1,7,87,1089,1,1,1,24,1089,28,1,1,allocated
429,895,normal,0,0,65535_65535,1,9,87,1044,0,1,0,23,0,28,1,1,pre_allocation
429,895,normal,0,0,65535_65535,1,9,87,1089,1,1,1,24,1089,28,1,1,allocated
429,895,normal,0,0,65535_65535,1,10,87,1044,0,1,0,23,0,28,1,1,pre_allocation
429,895,normal,0,0,65535_65535,1,10,87,1089,1,1,1,24,1089,28,1,1,allocated
429,895,normal,0,0,65535_65535,1,6,87,1089,0,1,0,24,0,28,1,1,pre_allocation
429,895,normal,0,0,65535_65535,1,6,87,1135,1,1,1,25,1135,28,1,1,allocated
429,895,normal,0,0,65535_65535,1,7,87,1089,0,1,0,24,0,28,1,1,pre_allocation
429,895,normal,0,0,65535_65535,1,7,87,1135,1,1,1,25,1135,28,1,1,allocated
429,895,normal,0,0,65535_65535,1,9,87,1089,0,1,0,24,0,28,1,1,pre_allocation
429,895,normal,0,0,65535_65535,1,9,87,1135,1,1,1,25,1135,28,1,1,allocated
429,895,normal,0,0,65535_65535,1,10,87,1089,0,1,0,24,0,28,1,1,pre_allocation
429,895,normal,0,0,65535_65535,1,10,87,1135,1,1,1,25,1135,28,1,1,allocated
429,895,normal,0,0,65535_65535,1,6,87,1135,0,1,0,25,0,28,1,1,pre_allocation
429,895,normal,0,0,65535_65535,1,6,87,1181,1,1,1,26,1181,28,1,1,allocated
429,895,normal,0,0,65535_65535,1,7,87,1135,0,1,0,25,0,28,1,1,pre_allocation
429,895,normal,0,0,65535_65535,1,7,87,1181,1,1,1,26,1181,28,1,1,allocated
429,895,normal,0,0,65535_65535,1,9,87,1135,0,1,0,25,0,28,1,1,pre_allocation
429,895,normal,0,0,65535_65535,1,9,87,1181,1,1,1,26,1181,28,1,1,allocated
429,895,normal,0,0,65535_65535,1,10,87,1135,0,1,0,25,0,28,1,1,pre_allocation
429,895,normal,0,0,65535_65535,1,10,87,1181,1,1,1,26,1181,28,1,1,allocated
429,895,normal,0,0,65535_65535,1,6,87,1181,0,1,0,26,0,28,1,1,pre_allocation
429,895,normal,0,0,65535_65535,1,6,87,1226,1,1,1,27,1226,28,1,1,allocated
429,895,normal,0,0,65535_65535,1,7,87,1181,0,1,0,26,0,28,1,1,pre_allocation
429,895,normal,0,0,65535_65535,1,7,87,1226,1,1,1,27,1226,28,1,1,allocated
429,895,normal,0,0,65535_65535,1,9,87,1181,0,1,0,26,0,28,1,1,pre_allocation
429,895,normal,0,0,65535_65535,1,9,87,1226,1,1,1,27,1226,28,1,1,allocated
429,895,normal,0,0,65535_65535,1,10,87,1181,0,1,0,26,0,28,1,1,pre_allocation
429,895,normal,0,0,65535_65535,1,10,87,1226,1,1,1,27,1226,28,1,1,allocated
429,895,normal,0,0,65535_65535,1,6,87,1226,0,1,0,27,0,28,1,1,pre_allocation
429,895,normal,0,0,65535_65535,1,6,87,1272,1,1,1,28,1272,28,1,1,allocated
429,895,normal,0,0,65535_65535,1,7,87,1226,0,1,0,27,0,28,1,1,pre_allocation
429,895,normal,0,0,65535_65535,1,7,87,1272,1,1,1,28,1272,28,1,1,allocated
429,895,normal,0,0,65535_65535,1,9,87,1226,0,1,0,27,0,28,1,1,pre_allocation
429,895,normal,0,0,65535_65535,1,9,87,1272,1,1,1,28,1272,28,1,1,allocated
429,895,normal,0,0,65535_65535,1,10,87,1226,0,1,0,27,0,28,1,1,pre_allocation
429,895,normal,0,0,65535_65535,1,10,87,1272,1,1,1,28,1272,28,1,1,allocated
429,895,normal,0,0,65535_65535,1,6,87,1272,0,1,0,28,0,28,1,1,pre_allocation
429,895,normal,0,0,65535_65535,1,6,87,1317,1,1,1,29,1317,28,1,1,allocated
429,895,normal,0,0,65535_65535,1,7,87,1272,0,1,0,28,0,28,1,1,pre_allocation
429,895,normal,0,0,65535_65535,1,7,87,1317,1,1,1,29,1317,28,1,1,allocated
429,895,normal,0,0,65535_65535,1,9,87,1272,0,1,0,28,0,28,1,1,pre_allocation
429,895,normal,0,0,65535_65535,1,9,87,1317,1,1,1,29,1317,28,1,1,allocated
429,895,normal,0,0,65535_65535,1,10,87,1272,0,1,0,28,0,28,1,1,pre_allocation
429,895,normal,0,0,65535_65535,1,10,87,1317,1,1,1,29,1317,28,1,1,allocated
429,895,normal,0,0,65535_65535,1,6,87,1317,0,1,0,29,0,28,1,1,pre_allocation
429,895,normal,0,0,65535_65535,1,6,87,1363,1,1,1,30,1363,28,1,1,allocated
429,895,normal,0,0,65535_65535,1,7,87,1317,0,1,0,29,0,28,1,1,pre_allocation
429,895,normal,0,0,65535_65535,1,7,87,1363,1,1,1,30,1363,28,1,1,allocated
429,895,normal,0,0,65535_65535,1,9,87,1317,0,1,0,29,0,28,1,1,pre_allocation
429,895,normal,0,0,65535_65535,1,9,87,1363,1,1,1,30,1363,28,1,1,allocated
429,895,normal,0,0,65535_65535,1,10,87,1317,0,1,0,29,0,28,1,1,pre_allocation
429,895,normal,0,0,65535_65535,1,10,87,1363,1,1,1,30,1363,28,1,1,allocated
429,895,normal,0,0,65535_65535,1,6,87,1363,0,1,0,30,0,28,1,1,pre_allocation
429,895,normal,0,0,65535_65535,1,6,87,1408,1,1,1,31,1408,28,1,1,allocated
429,895,normal,0,0,65535_65535,1,7,87,1363,0,1,0,30,0,28,1,1,pre_allocation
429,895,normal,0,0,65535_65535,1,7,87,1408,1,1,1,31,1408,28,1,1,allocated
429,895,normal,0,0,65535_65535,1,9,87,1363,0,1,0,30,0,28,1,1,pre_allocation
429,895,normal,0,0,65535_65535,1,9,87,1408,1,1,1,31,1408,28,1,1,allocated
429,895,normal,0,0,65535_65535,1,10,87,1363,0,1,0,30,0,28,1,1,pre_allocation
429,895,normal,0,0,65535_65535,1,10,87,1408,1,1,1,31,1408,28,1,1,allocated
429,895,normal,0,0,65535_65535,1,6,87,1408,0,1,0,31,0,28,1,1,pre_allocation
429,895,normal,0,0,65535_65535,1,6,87,1454,1,1,1,32,1454,28,1,1,allocated
429,895,normal,0,0,65535_65535,1,7,87,1408,0,1,0,31,0,28,1,1,pre_allocation
429,895,normal,0,0,65535_65535,1,7,87,1454,1,1,1,32,1454,28,1,1,allocated
429,895,normal,0,0,65535_65535,1,9,87,1408,0,1,0,31,0,28,1,1,pre_allocation
429,895,normal,0,0,65535_65535,1,9,87,1454,1,1,1,32,1454,28,1,1,allocated
429,895,normal,0,0,65535_65535,1,10,87,1408,0,1,0,31,0,28,1,1,pre_allocation
429,895,normal,0,0,65535_65535,1,10,87,1454,1,1,1,32,1454,28,1,1,allocated
429,895,normal,0,0,65535_65535,1,6,87,1454,0,1,0,32,0,28,1,1,pre_allocation
429,895,normal,0,0,65535_65535,1,6,87,1499,1,1,1,33,1499,28,1,1,allocated
429,895,normal,0,0,65535_65535,1,7,87,1454,0,1,0,32,0,28,1,1,pre_allocation
429,895,normal,0,0,65535_65535,1,7,87,1499,1,1,1,33,1499,28,1,1,allocated
429,895,normal,0,0,65535_65535,1,9,87,1454,0,1,0,32,0,28,1,1,pre_allocation
429,895,normal,0,0,65535_65535,1,9,87,1499,1,1,1,33,1499,28,1,1,allocated
429,895,normal,0,0,65535_65535,1,10,87,1454,0,1,0,32,0,28,1,1,pre_allocation
429,895,normal,0,0,65535_65535,1,10,87,1499,1,1,1,33,1499,28,1,1,allocated
429,895,normal,0,0,65535_65535,1,6,87,1499,0,1,0,33,0,28,1,1,pre_allocation
429,895,normal,0,0,65535_65535,1,6,87,1542,1,1,1,34,1542,28,1,1,allocated
429,895,normal,0,0,65535_65535,2,28,137,0,0,1,0,0,0,28,1,1,pre_allocation
429,895,normal,0,0,65535_65535,2,28,137,42,1,1,1,1,42,28,1,1,allocated
429,895,normal,0,0,65535_65535,2,27,137,0,0,1,0,0,0,28,1,1,pre_allocation
429,895,normal,0,0,65535_65535,2,27,137,42,1,1,1,1,42,28,1,1,allocated
429,895,normal,0,0,65535_65535,2,25,137,0,0,1,0,0,0,28,1,1,pre_allocation
429,895,normal,0,0,65535_65535,2,25,137,42,1,1,1,1,42,28,1,1,allocated
429,895,normal,0,0,65535_65535,2,24,137,0,0,1,0,0,0,28,1,1,pre_allocation
429,895,normal,0,0,65535_65535,2,24,137,42,1,1,1,1,42,28,1,1,allocated
429,895,normal,0,0,65535_65535,2,22,137,0,0,1,0,0,0,28,1,1,pre_allocation
429,895,normal,0,0,65535_65535,2,22,137,42,1,1,1,1,42,28,1,1,allocated
429,895,normal,0,0,65535_65535,2,21,137,0,0,1,0,0,0,28,1,1,pre_allocation
429,895,normal,0,0,65535_65535,2,21,137,42,1,1,1,1,42,28,1,1,allocated
429,895,normal,0,0,65535_65535,2,11,137,0,0,1,0,0,0,28,1,1,pre_allocation
429,895,normal,0,0,65535_65535,2,11,137,42,1,1,1,1,42,28,1,1,allocated
429,895,normal,0,0,65535_65535,2,12,137,0,0,1,0,0,0,28,1,1,pre_allocation
429,895,normal,0,0,65535_65535,2,12,137,42,1,1,1,1,42,28,1,1,allocated
429,895,normal,0,0,65535_65535,2,28,137,42,0,1,0,1,0,28,1,1,pre_allocation
429,895,normal,0,0,65535_65535,2,28,137,88,1,1,1,2,88,28,1,1,allocated
429,895,normal,0,0,65535_65535,2,27,137,42,0,1,0,1,0,28,1,1,pre_allocation
429,895,normal,0,0,65535_65535,2,27,137,88,1,1,1,2,88,28,1,1,allocated
429,895,normal,0,0,65535_65535,2,25,137,42,0,1,0,1,0,28,1,1,pre_allocation
429,895,normal,0,0,65535_65535,2,25,137,88,1,1,1,2,88,28,1,1,allocated
429,895,normal,0,0,65535_65535,2,24,137,42,0,1,0,1,0,28,1,1,pre_allocation
429,895,normal,0,0,65535_65535,2,24,137,88,1,1,1,2,88,28,1,1,allocated
429,895,normal,0,0,65535_65535,2,22,137,42,0,1,0,1,0,28,1,1,pre_allocation
429,895,normal,0,0,65535_65535,2,22,137,88,1,1,1,2,88,28,1,1,allocated
429,895,normal,0,0,65535_65535,2,21,137,42,0,1,0,1,0,28,1,1,pre_allocation
429,895,normal,0,0,65535_65535,2,21,137,88,1,1,1,2,88,28,1,1,allocated
429,895,normal,0,0,65535_65535,2,11,137,42,0,1,0,1,0,28,1,1,pre_allocation
429,895,normal,0,0,65535_65535,2,11,137,88,1,1,1,2,88,28,1,1,allocated
429,895,normal,0,0,65535_65535,2,12,137,42,0,1,0,1,0,28,1,1,pre_allocation
429,895,normal,0,0,65535_65535,2,12,137,88,1,1,1,2,88,28,1,1,allocated
429,895,normal,0,0,65535_65535,2,28,137,88,0,1,0,2,0,28,1,1,pre_allocation
429,895,normal,0,0,65535_65535,2,28,137,133,1,1,1,3,133,28,1,1,allocated
429,895,normal,0,0,65535_65535,2,27,137,88,0,1,0,2,0,28,1,1,pre_allocation
429,895,normal,0,0,65535_65535,2,27,137,133,1,1,1,3,133,28,1,1,allocated
429,895,normal,0,0,65535_65535,2,25,137,88,0,1,0,2,0,28,1,1,pre_allocation
429,895,normal,0,0,65535_65535,2,25,137,133,1,1,1,3,133,28,1,1,allocated
429,895,normal,0,0,65535_65535,2,24,137,88,0,1,0,2,0,28,1,1,pre_allocation
429,895,normal,0,0,65535_65535,2,24,137,133,1,1,1,3,133,28,1,1,allocated
429,895,normal,0,0,65535_65535,2,22,137,88,0,1,0,2,0,28,1,1,pre_allocation
429,895,normal,0,0,65535_65535,2,22,137,133,1,1,1,3,133,28,1,1,allocated
429,895,normal,0,0,65535_65535,2,21,137,88,0,1,0,2,0,28,1,1,pre_allocation
429,895,normal,0,0,65535_65535,2,21,137,133,1,1,1,3,133,28,1,1,allocated
429,895,normal,0,0,65535_65535,2,11,137,88,0,1,0,2,0,28,1,1,pre_allocation
429,895,normal,0,0,65535_65535,2,11,137,133,1,1,1,3,133,28,1,1,allocated
429,895,normal,0,0,65535_65535,2,12,137,88,0,1,0,2,0,28,1,1,pre_allocation
429,895,normal,0,0,65535_65535,2,12,137,133,1,1,1,3,133,28,1,1,allocated
429,895,normal,0,0,65535_65535,2,28,137,133,0,1,0,3,0,28,1,1,pre_allocation
429,895,normal,0,0,65535_65535,2,28,137,179,1,1,1,4,179,28,1,1,allocated
429,895,normal,0,0,65535_65535,2,27,137,133,0,1,0,3,0,28,1,1,pre_allocation
429,895,normal,0,0,65535_65535,2,27,137,179,1,1,1,4,179,28,1,1,allocated
429,895,normal,0,0,65535_65535,2,25,137,133,0,1,0,3,0,28,1,1,pre_allocation
429,895,normal,0,0,65535_65535,2,25,137,179,1,1,1,4,179,28,1,1,allocated
429,895,normal,0,0,65535_65535,2,24,137,133,0,1,0,3,0,28,1,1,pre_allocation
429,895,normal,0,0,65535_65535,2,24,137,179,1,1,1,4,179,28,1,1,allocated
429,895,normal,0,0,65535_65535,2,22,137,133,0,1,0,3,0,28,1,1,pre_allocation
429,895,normal,0,0,65535_65535,2,22,137,179,1,1,1,4,179,28,1,1,allocated
429,895,normal,0,0,65535_65535,2,21,137,133,0,1,0,3,0,28,1,1,pre_allocation
429,895,normal,0,0,65535_65535,2,21,137,179,1,1,1,4,179,28,1,1,allocated
429,895,normal,0,0,65535_65535,2,11,137,133,0,1,0,3,0,28,1,1,pre_allocation
429,895,normal,0,0,65535_65535,2,11,137,179,1,1,1,4,179,28,1,1,allocated
429,895,normal,0,0,65535_65535,2,12,137,133,0,1,0,3,0,28,1,1,pre_allocation
429,895,normal,0,0,65535_65535,2,12,137,179,1,1,1,4,179,28,1,1,allocated
429,895,normal,0,0,65535_65535,2,28,137,179,0,1,0,4,0,28,1,1,pre_allocation
429,895,normal,0,0,65535_65535,2,28,137,224,1,1,1,5,224,28,1,1,allocated
429,895,normal,0,0,65535_65535,2,27,137,179,0,1,0,4,0,28,1,1,pre_allocation
429,895,normal,0,0,65535_65535,2,27,137,224,1,1,1,5,224,28,1,1,allocated
429,895,normal,0,0,65535_65535,2,25,137,179,0,1,0,4,0,28,1,1,pre_allocation
429,895,normal,0,0,65535_65535,2,25,137,224,1,1,1,5,224,28,1,1,allocated
429,895,normal,0,0,65535_65535,2,24,137,179,0,1,0,4,0,28,1,1,pre_allocation
429,895,normal,0,0,65535_65535,2,24,137,224,1,1,1,5,224,28,1,1,allocated
429,895,normal,0,0,65535_65535,2,22,137,179,0,1,0,4,0,28,1,1,pre_allocation
429,895,normal,0,0,65535_65535,2,22,137,224,1,1,1,5,224,28,1,1,allocated
429,895,normal,0,0,65535_65535,2,21,137,179,0,1,0,4,0,28,1,1,pre_allocation
429,895,normal,0,0,65535_65535,2,21,137,224,1,1,1,5,224,28,1,1,allocated
429,895,normal,0,0,65535_65535,2,11,137,179,0,1,0,4,0,28,1,1,pre_allocation
429,895,normal,0,0,65535_65535,2,11,137,224,1,1,1,5,224,28,1,1,allocated
429,895,normal,0,0,65535_65535,2,12,137,179,0,1,0,4,0,28,1,1,pre_allocation
429,895,normal,0,0,65535_65535,2,12,137,224,1,1,1,5,224,28,1,1,allocated
429,895,normal,0,0,65535_65535,2,28,137,224,0,1,0,5,0,28,1,1,pre_allocation
429,895,normal,0,0,65535_65535,2,28,137,270,1,1,1,6,270,28,1,1,allocated
429,895,normal,0,0,65535_65535,2,27,137,224,0,1,0,5,0,28,1,1,pre_allocation
429,895,normal,0,0,65535_65535,2,27,137,270,1,1,1,6,270,28,1,1,allocated
429,895,normal,0,0,65535_65535,2,25,137,224,0,1,0,5,0,28,1,1,pre_allocation
429,895,normal,0,0,65535_65535,2,25,137,270,1,1,1,6,270,28,1,1,allocated
429,895,normal,0,0,65535_65535,2,24,137,224,0,1,0,5,0,28,1,1,pre_allocation
429,895,normal,0,0,65535_65535,2,24,137,270,1,1,1,6,270,28,1,1,allocated
429,895,normal,0,0,65535_65535,2,22,137,224,0,1,0,5,0,28,1,1,pre_allocation
429,895,normal,0,0,65535_65535,2,22,137,270,1,1,1,6,270,28,1,1,allocated
429,895,normal,0,0,65535_65535,2,21,137,224,0,1,0,5,0,28,1,1,pre_allocation
429,895,normal,0,0,65535_65535,2,21,137,270,1,1,1,6,270,28,1,1,allocated
429,895,normal,0,0,65535_65535,2,11,137,224,0,1,0,5,0,28,1,1,pre_allocation
429,895,normal,0,0,65535_65535,2,11,137,270,1,1,1,6,270,28,1,1,allocated
429,895,normal,0,0,65535_65535,2,12,137,224,0,1,0,5,0,28,1,1,pre_allocation
429,895,normal,0,0,65535_65535,2,12,137,270,1,1,1,6,270,28,1,1,allocated
429,895,normal,0,0,65535_65535,2,28,137,270,0,1,0,6,0,28,1,1,pre_allocation
429,895,normal,0,0,65535_65535,2,28,137,315,1,1,1,7,315,28,1,1,allocated
429,895,normal,0,0,65535_65535,2,27,137,270,0,1,0,6,0,28,1,1,pre_allocation
429,895,normal,0,0,65535_65535,2,27,137,315,1,1,1,7,315,28,1,1,allocated
429,895,normal,0,0,65535_65535,2,25,137,270,0,1,0,6,0,28,1,1,pre_allocation
429,895,normal,0,0,65535_65535,2,25,137,315,1,1,1,7,315,28,1,1,allocated
429,895,normal,0,0,65535_65535,2,24,137,270,0,1,0,6,0,28,1,1,pre_allocation
429,895,normal,0,0,65535_65535,2,24,137,315,1,1,1,7,315,28,1,1,allocated
429,895,normal,0,0,65535_65535,2,22,137,270,0,1,0,6,0,28,1,1,pre_allocation
429,895,normal,0,0,65535_65535,2,22,137,315,1,1,1,7,315,28,1,1,allocated
429,895,normal,0,0,65535_65535,2,21,137,270,0,1,0,6,0,28,1,1,pre_allocation
429,895,normal,0,0,65535_65535,2,21,137,315,1,1,1,7,315,28,1,1,allocated
429,895,normal,0,0,65535_65535,2,11,137,270,0,1,0,6,0,28,1,1,pre_allocation
429,895,normal,0,0,65535_65535,2,11,137,315,1,1,1,7,315,28,1,1,allocated
429,895,normal,0,0,65535_65535,2,12,137,270,0,1,0,6,0,28,1,1,pre_allocation
429,895,normal,0,0,65535_65535,2,12,137,315,1,1,1,7,315,28,1,1,allocated
429,895,normal,0,0,65535_65535,2,28,137,315,0,1,0,7,0,28,1,1,pre_allocation
429,895,normal,0,0,65535_65535,2,28,137,361,1,1,1,8,361,28,1,1,allocated
429,895,normal,0,0,65535_65535,2,27,137,315,0,1,0,7,0,28,1,1,pre_allocation
429,895,normal,0,0,65535_65535,2,27,137,361,1,1,1,8,361,28,1,1,allocated
429,895,normal,0,0,65535_65535,2,25,137,315,0,1,0,7,0,28,1,1,pre_allocation
429,895,normal,0,0,65535_65535,2,25,137,361,1,1,1,8,361,28,1,1,allocated
429,895,normal,0,0,65535_65535,2,24,137,315,0,1,0,7,0,28,1,1,pre_allocation
429,895,normal,0,0,65535_65535,2,24,137,361,1,1,1,8,361,28,1,1,allocated
429,895,normal,0,0,65535_65535,2,22,137,315,0,1,0,7,0,28,1,1,pre_allocation
429,895,normal,0,0,65535_65535,2,22,137,361,1,1,1,8,361,28,1,1,allocated
429,895,normal,0,0,65535_65535,2,21,137,315,0,1,0,7,0,28,1,1,pre_allocation
429,895,normal,0,0,65535_65535,2,21,137,361,1,1,1,8,361,28,1,1,allocated
429,895,normal,0,0,65535_65535,2,11,137,315,0,1,0,7,0,28,1,1,pre_allocation
429,895,normal,0,0,65535_65535,2,11,137,361,1,1,1,8,361,28,1,1,allocated
429,895,normal,0,0,65535_65535,2,12,137,315,0,1,0,7,0,28,1,1,pre_allocation
429,895,normal,0,0,65535_65535,2,12,137,361,1,1,1,8,361,28,1,1,allocated
429,895,normal,0,0,65535_65535,2,28,137,361,0,1,0,8,0,28,1,1,pre_allocation
429,895,normal,0,0,65535_65535,2,28,137,406,1,1,1,9,406,28,1,1,allocated
429,895,normal,0,0,65535_65535,2,27,137,361,0,1,0,8,0,28,1,1,pre_allocation
429,895,normal,0,0,65535_65535,2,27,137,406,1,1,1,9,406,28,1,1,allocated
429,895,normal,0,0,65535_65535,2,25,137,361,0,1,0,8,0,28,1,1,pre_allocation
429,895,normal,0,0,65535_65535,2,25,137,406,1,1,1,9,406,28,1,1,allocated
429,895,normal,0,0,65535_65535,2,24,137,361,0,1,0,8,0,28,1,1,pre_allocation
429,895,normal,0,0,65535_65535,2,24,137,406,1,1,1,9,406,28,1,1,allocated
429,895,normal,0,0,65535_65535,2,22,137,361,0,1,0,8,0,28,1,1,pre_allocation
429,895,normal,0,0,65535_65535,2,22,137,406,1,1,1,9,406,28,1,1,allocated
429,895,normal,0,0,65535_65535,2,21,137,361,0,1,0,8,0,28,1,1,pre_allocation
429,895,normal,0,0,65535_65535,2,21,137,406,1,1,1,9,406,28,1,1,allocated
429,895,normal,0,0,65535_65535,2,11,137,361,0,1,0,8,0,28,1,1,pre_allocation
429,895,normal,0,0,65535_65535,2,11,137,406,1,1,1,9,406,28,1,1,allocated
429,895,normal,0,0,65535_65535,2,12,137,361,0,1,0,8,0,28,1,1,pre_allocation
429,895,normal,0,0,65535_65535,2,12,137,406,1,1,1,9,406,28,1,1,allocated
429,895,normal,0,0,65535_65535,2,28,137,406,0,1,0,9,0,28,1,1,pre_allocation
429,895,normal,0,0,65535_65535,2,28,137,452,1,1,1,10,452,28,1,1,allocated
429,895,normal,0,0,65535_65535,2,27,137,406,0,1,0,9,0,28,1,1,pre_allocation
429,895,normal,0,0,65535_65535,2,27,137,452,1,1,1,10,452,28,1,1,allocated
429,895,normal,0,0,65535_65535,2,25,137,406,0,1,0,9,0,28,1,1,pre_allocation
429,895,normal,0,0,65535_65535,2,25,137,452,1,1,1,10,452,28,1,1,allocated
541,993,normal,0,0,65535_65535,0,1,154052,0,0,1,0,0,0,26,1,1,pre_allocation
541,993,normal,0,0,65535_65535,0,1,154052,39,1,1,1,1,39,26,1,1,allocated
541,993,normal,0,0,65535_65535,0,2,125189,0,0,1,0,0,0,28,1,1,pre_allocation
541,993,normal,0,0,65535_65535,0,2,125189,42,1,1,1,1,42,28,1,1,allocated
541,993,normal,0,0,65535_65535,0,3,129966,0,0,1,0,0,0,28,1,1,pre_allocation
541,993,normal,0,0,65535_65535,0,3,129966,42,1,1,1,1,42,28,1,1,allocated
541,993,normal,0,0,65535_65535,0,4,133024,0,0,1,0,0,0,28,1,1,pre_allocation
541,993,normal,0,0,65535_65535,0,4,133024,42,1,1,1,1,42,28,1,1,allocated
541,993,normal,0,0,65535_65535,0,5,135356,0,0,1,0,0,0,28,1,1,pre_allocation
541,993,normal,0,0,65535_65535,0,5,135356,42,1,1,1,1,42,28,1,1,allocated
541,993,normal,0,0,65535_65535,0,1,154052,39,0,1,0,1,0,26,1,1,pre_allocation
541,993,normal,0,0,65535_65535,0,1,154052,81,1,1,1,2,81,26,1,1,allocated
541,993,normal,0,0,65535_65535,0,2,125189,42,0,1,0,1,0,28,1,1,pre_allocation
541,993,normal,0,0,65535_65535,0,2,125189,88,1,1,1,2,88,28,1,1,allocated
541,993,normal,0,0,65535_65535,0,3,129966,42,0,1,0,1,0,28,1,1,pre_allocation
541,993,normal,0,0,65535_65535,0,3,129966,88,1,1,1,2,88,28,1,1,allocated
541,993,normal,0,0,65535_65535,0,4,133024,42,0,1,0,1,0,28,1,1,pre_allocation
541,993,normal,0,0,65535_65535,0,4,133024,88,1,1,1,2,88,28,1,1,allocated
541,993,normal,0,0,65535_65535,0,5,135356,42,0,1,0,1,0,28,1,1,pre_allocation
541,993,normal,0,0,65535_65535,0,5,135356,88,1,1,1,2,88,28,1,1,allocated
541,993,normal,0,0,65535_65535,0,1,154052,81,0,1,0,2,0,26,1,1,pre_allocation
541,993,normal,0,0,65535_65535,0,1,154052,123,1,1,1,3,123,26,1,1,allocated
541,993,normal,0,0,65535_65535,0,2,125189,88,0,1,0,2,0,28,1,1,pre_allocation
541,993,normal,0,0,65535_65535,0,2,125189,133,1,1,1,3,133,28,1,1,allocated
541,993,normal,0,0,65535_65535,0,3,129966,88,0,1,0,2,0,28,1,1,pre_allocation
541,993,normal,0,0,65535_65535,0,3,129966,133,1,1,1,3,133,28,1,1,allocated
541,993,normal,0,0,65535_65535,0,4,133024,88,0,1,0,2,0,28,1,1,pre_allocation
541,993,normal,0,0,65535_65535,0,4,133024,133,1,1,1,3,133,28,1,1,allocated
541,993,normal,0,0,65535_65535,0,5,135356,88,0,1,0,2,0,28,1,1,pre_allocation
541,993,normal,0,0,65535_65535,0,5,135356,133,1,1,1,3,133,28,1,1,allocated
541,993,normal,0,0,65535_65535,0,1,154052,123,0,1,0,3,0,26,1,1,pre_allocation
541,993,normal,0,0,65535_65535,0,1,154052,165,1,1,1,4,165,26,1,1,allocated
541,993,normal,0,0,65535_65535,0,2,125189,133,0,1,0,3,0,28,1,1,pre_allocation
541,993,normal,0,0,65535_65535,0,2,125189,179,1,1,1,4,179,28,1,1,allocated
541,993,normal,0,0,65535_65535,0,3,129966,133,0,1,0,3,0,28,1,1,pre_allocation
541,993,normal,0,0,65535_65535,0,3,129966,179,1,1,1,4,179,28,1,1,allocated
541,993,normal,0,0,65535_65535,0,4,133024,133,0,1,0,3,0,28,1,1,pre_allocation
541,993,normal,0,0,65535_65535,0,4,133024,179,1,1,1,4,179,28,1,1,allocated
541,993,normal,0,0,65535_65535,0,5,135356,133,0,1,0,3,0,28,1,1,pre_allocation
541,993,normal,0,0,65535_65535,0,5,135356,179,1,1,1,4,179,28,1,1,allocated
541,993,normal,0,0,65535_65535,0,1,154052,165,0,1,0,4,0,26,1,1,pre_allocation
541,993,normal,0,0,65535_65535,0,1,154052,207,1,1,1,5,207,26,1,1,allocated
541,993,normal,0,0,65535_65535,0,2,125189,179,0,1,0,4,0,28,1,1,pre_allocation
541,993,normal,0,0,65535_65535,0,2,125189,224,1,1,1,5,224,28,1,1,allocated
541,993,normal,0,0,65535_65535,0,3,129966,179,0,1,0,4,0,28,1,1,pre_allocation
541,993,normal,0,0,65535_65535,0,3,129966,224,1,1,1,5,224,28,1,1,allocated
541,993,normal,0,0,65535_65535,0,4,133024,179,0,1,0,4,0,28,1,1,pre_allocation
541,993,normal,0,0,65535_65535,0,4,133024,224,1,1,1,5,224,28,1,1,allocated
541,993,normal,0,0,65535_65535,0,5,135356,179,0,1,0,4,0,28,1,1,pre_allocation
541,993,normal,0,0,65535_65535,0,5,135356,224,1,1,1,5,224,28,1,1,allocated
541,993,normal,0,0,65535_65535,0,1,154052,207,0,1,0,5,0,26,1,1,pre_allocation
541,993,normal,0,0,65535_65535,0,1,154052,249,1,1,1,6,249,26,1,1,allocated
541,993,normal,0,0,65535_65535,0,2,125189,224,0,1,0,5,0,28,1,1,pre_allocation
541,993,normal,0,0,65535_65535,0,2,125189,270,1,1,1,6,270,28,1,1,allocated
541,993,normal,0,0,65535_65535,0,3,129966,224,0,1,0,5,0,28,1,1,pre_allocation
541,993,normal,0,0,65535_65535,0,3,129966,270,1,1,1,6,270,28,1,1,allocated
541,993,normal,0,0,65535_65535,0,4,133024,224,0,1,0,5,0,28,1,1,pre_allocation
541,993,normal,0,0,65535_65535,0,4,133024,270,1,1,1,6,270,28,1,1,allocated
541,993,normal,0,0,65535_65535,0,5,135356,224,0,1,0,5,0,28,1,1,pre_allocation
541,993,normal,0,0,65535_65535,0,5,135356,270,1,1,1,6,270,28,1,1,allocated
541,993,normal,0,0,65535_65535,0,1,154052,249,0,1,0,6,0,26,1,1,pre_allocation
541,993,normal,0,0,65535_65535,0,1,154052,291,1,1,1,7,291,26,1,1,allocated
541,993,normal,0,0,65535_65535,0,2,125189,270,0,1,0,6,0,28,1,1,pre_allocation
541,993,normal,0,0,65535_65535,0,2,125189,315,1,1,1,7,315,28,1,1,allocated
541,993,normal,0,0,65535_65535,0,3,129966,270,0,1,0,6,0,28,1,1,pre_allocation
541,993,normal,0,0,65535_65535,0,3,129966,315,1,1,1,7,315,28,1,1,allocated
541,993,normal,0,0,65535_65535,0,4,133024,270,0,1,0,6,0,28,1,1,pre_allocation
541,993,normal,0,0,65535_65535,0,4,133024,315,1,1,1,7,315,28,1,1,allocated
541,993,normal,0,0,65535_65535,0,5,135356,270,0,1,0,6,0,28,1,1,pre_allocation
541,993,normal,0,0,65535_65535,0,5,135356,315,1,1,1,7,315,28,1,1,allocated
541,993,normal,0,0,65535_65535,0,1,154052,291,0,1,0,7,0,26,1,1,pre_allocation
541,993,normal,0,0,65535_65535,0,1,154052,333,1,1,1,8,333,26,1,1,allocated
541,993,normal,0,0,65535_65535,0,2,125189,315,0,1,0,7,0,28,1,1,pre_allocation
541,993,normal,0,0,65535_65535,0,2,125189,361,1,1,1,8,361,28,1,1,allocated
541,993,normal,0,0,65535_65535,0,3,129966,315,0,1,0,7,0,28,1,1,pre_allocation
541,993,normal,0,0,65535_65535,0,3,129966,361,1,1,1,8,361,28,1,1,allocated
541,993,normal,0,0,65535_65535,0,4,133024,315,0,1,0,7,0,28,1,1,pre_allocation
541,993,normal,0,0,65535_65535,0,4,133024,361,1,1,1,8,361,28,1,1,allocated
541,993,normal,0,0,65535_65535,0,5,135356,315,0,1,0,7,0,28,1,1,pre_allocation
541,993,normal,0,0,65535_65535,0,5,135356,361,1,1,1,8,361,28,1,1,allocated
541,993,normal,0,0,65535_65535,0,1,154052,333,0,1,0,8,0,26,1,1,pre_allocation
541,993,normal,0,0,65535_65535,0,1,154052,375,1,1,1,9,375,26,1,1,allocated
541,993,normal,0,0,65535_65535,0,2,125189,361,0,1,0,8,0,28,1,1,pre_allocation
541,993,normal,0,0,65535_65535,0,2,125189,406,1,1,1,9,406,28,1,1,allocated
541,993,normal,0,0,65535_65535,0,3,129966,361,0,1,0,8,0,28,1,1,pre_allocation
541,993,normal,0,0,65535_65535,0,3,129966,406,1,1,1,9,406,28,1,1,allocated
541,993,normal,0,0,65535_65535,0,4,133024,361,0,1,0,8,0,28,1,1,pre_allocation
541,993,normal,0,0,65535_65535,0,4,133024,406,1,1,1,9,406,28,1,1,allocated
541,993,normal,0,0,65535_65535,0,5,135356,361,0,1,0,8,0,28,1,1,pre_allocation
541,993,normal,0,0,65535_65535,0,5,135356,406,1,1,1,9,406,28,1,1,allocated
541,993,normal,0,0,65535_65535,0,1,154052,375,0,1,0,9,0,26,1,1,pre_allocation
541,993,normal,0,0,65535_65535,0,1,154052,417,1,1,1,10,417,26,1,1,allocated
541,993,normal,0,0,65535_65535,0,2,125189,406,0,1,0,9,0,28,1,1,pre_allocation
541,993,normal,0,0,65535_65535,0,2,125189,452,1,1,1,10,452,28,1,1,allocated
541,993,normal,0,0,65535_65535,0,3,129966,406,0,1,0,9,0,28,1,1,pre_allocation
541,993,normal,0,0,65535_65535,0,3,129966,452,1,1,1,10,452,28,1,1,allocated
541,993,normal,0,0,65535_65535,0,4,133024,406,0,1,0,9,0,28,1,1,pre_allocation
541,993,normal,0,0,65535_65535,0,4,133024,452,1,1,1,10,452,28,1,1,allocated
541,993,normal,0,0,65535_65535,0,5,135356,406,0,1,0,9,0,28,1,1,pre_allocation
541,993,normal,0,0,65535_65535,0,5,135356,452,1,1,1,10,452,28,1,1,allocated
541,993,normal,0,0,65535_65535,0,1,154052,417,0,1,0,10,0,26,1,1,pre_allocation
541,993,normal,0,0,65535_65535,0,1,154052,459,1,1,1,11,459,26,1,1,allocated
541,993,normal,0,0,65535_65535,0,2,125189,452,0,1,0,10,0,28,1,1,pre_allocation
541,993,normal,0,0,65535_65535,0,2,125189,497,1,1,1,11,497,28,1,1,allocated
541,993,normal,0,0,65535_65535,0,3,129966,452,0,1,0,10,0,28,1,1,pre_allocation
541,993,normal,0,0,65535_65535,0,3,129966,497,1,1,1,11,497,28,1,1,allocated
541,993,normal,0,0,65535_65535,0,4,133024,452,0,1,0,10,0,28,1,1,pre_allocation
541,993,normal,0,0,65535_65535,0,4,133024,497,1,1,1,11,497,28,1,1,allocated
541,993,normal,0,0,65535_65535,0,5,135356,452,0,1,0,10,0,28,1,1,pre_allocation
541,993,normal,0,0,65535_65535,0,5,135356,497,1,1,1,11,497,28,1,1,allocated
541,993,normal,0,0,65535_65535,0,1,154052,459,0,1,0,11,0,26,1,1,pre_allocation
541,993,normal,0,0,65535_65535,0,1,154052,501,1,1,1,12,501,26,1,1,allocated
541,993,normal,0,0,65535_65535,0,2,125189,497,0,1,0,11,0,28,1,1,pre_allocation
541,993,normal,0,0,65535_65535,0,2,125189,543,1,1,1,12,543,28,1,1,allocated
541,993,normal,0,0,65535_65535,0,3,129966,497,0,1,0,11,0,28,1,1,pre_allocation
541,993,normal,0,0,65535_65535,0,3,129966,543,1,1,1,12,543,28,1,1,allocated
541,993,normal,0,0,65535_65535,0,4,133024,497,0,1,0,11,0,28,1,1,pre_allocation
541,993,normal,0,0,65535_65535,0,4,133024,543,1,1,1,12,543,28,1,1,allocated
541,993,normal,0,0,65535_65535,0,5,135356,497,0,1,0,11,0,28,1,1,pre_allocation
541,993,normal,0,0,65535_65535,0,5,135356,543,1,1,1,12,543,28,1,1,allocated
541,993,normal,0,0,65535_65535,0,1,154052,501,0,1,0,12,0,26,1,1,pre_allocation
541,993,normal,0,0,65535_65535,0,1,154052,543,1,1,1,13,543,26,1,1,allocated
541,993,normal,0,0,65535_65535,0,2,125189,543,0,1,0,12,0,28,1,1,pre_allocation
541,993,normal,0,0,65535_65535,0,2,125189,589,1,1,1,13,589,28,1,1,allocated
541,993,normal,0,0,65535_65535,0,3,129966,543,0,1,0,12,0,28,1,1,pre_allocation
541,993,normal,0,0,65535_65535,0,3,129966,589,1,1,1,13,589,28,1,1,allocated
541,993,normal,0,0,65535_65535,0,4,133024,543,0,1,0,12,0,28,1,1,pre_allocation
541,993,normal,0,0,65535_65535,0,4,133024,589,1,1,1,13,589,28,1,1,allocated
541,993,normal,0,0,65535_65535,0,5,135356,543,0,1,0,12,0,28,1,1,pre_allocation
541,993,normal,0,0,65535_65535,0,5,135356,589,1,1,1,13,589,28,1,1,allocated
541,993,normal,0,0,65535_65535,0,1,154052,543,0,1,0,13,0,26,1,1,pre_allocation
541,993,normal,0,0,65535_65535,0,1,154052,586,1,1,1,14,586,26,1,1,allocated
541,993,normal,0,0,65535_65535,0,2,125189,589,0,1,0,13,0,28,1,1,pre_allocation
541,993,normal,0,0,65535_65535,0,2,125189,634,1,1,1,14,634,28,1,1,allocated
541,993,normal,0,0,65535_65535,0,3,129966,589,0,1,0,13,0,28,1,1,pre_allocation
541,993,normal,0,0,65535_65535,0,3,129966,634,1,1,1,14,634,28,1,1,allocated
541,993,normal,0,0,65535_65535,0,4,133024,589,0,1,0,13,0,28,1,1,pre_allocation
541,993,normal,0,0,65535_65535,0,4,133024,634,1,1,1,14,634,28,1,1,allocated
541,993,normal,0,0,65535_65535,0,5,135356,589,0,1,0,13,0,28,1,1,pre_allocation
541,993,normal,0,0,65535_65535,0,5,135356,634,1,1,1,14,634,28,1,1,allocated
541,993,normal,0,0,65535_65535,0,1,154052,586,0,1,0,14,0,26,1,1,pre_allocation
541,993,normal,0,0,65535_65535,0,1,154052,628,1,1,1,15,628,26,1,1,allocated
541,993,normal,0,0,65535_65535,0,2,125189,634,0,1,0,14,0,28,1,1,pre_allocation
541,993,normal,0,0,65535_65535,0,2,125189,680,1,1,1,15,680,28,1,1,allocated
541,993,normal,0,0,65535_65535,0,3,129966,634,0,1,0,14,0,28,1,1,pre_allocation
541,993,normal,0,0,65535_65535,0,3,129966,680,1,1,1,15,680,28,1,1,allocated
541,993,normal,0,0,65535_65535,0,4,133024,634,0,1,0,14,0,28,1,1,pre_allocation
541,993,normal,0,0,65535_65535,0,4,133024,680,1,1,1,15,680,28,1,1,allocated
541,993,normal,0,0,65535_65535,0,5,135356,634,0,1,0,14,0,28,1,1,pre_allocation
541,993,normal,0,0,65535_65535,0,5,135356,680,1,1,1,15,680,28,1,1,allocated
541,993,normal,0,0,65535_65535,0,1,154052,628,0,1,0,15,0,26,1,1,pre_allocation
541,993,normal,0,0,65535_65535,0,1,154052,670,1,1,1,16,670,26,1,1,allocated
541,993,normal,0,0,65535_65535,0,2,125189,680,0,1,0,15,0,28,1,1,pre_allocation
541,993,normal,0,0,65535_65535,0,2,125189,725,1,1,1,16,725,28,1,1,allocated
541,993,normal,0,0,65535_65535,0,3,129966,680,0,1,0,15,0,28,1,1,pre_allocation
541,993,normal,0,0,65535_65535,0,3,129966,725,1,1,1,16,725,28,1,1,allocated
541,993,normal,0,0,65535_65535,0,4,133024,680,0,1,0,15,0,28,1,1,pre_allocation
541,993,normal,0,0,65535_65535,0,4,133024,725,1,1,1,16,725,28,1,1,allocated
541,993,normal,0,0,65535_65535,0,5,135356,680,0,1,0,15,0,28,1,1,pre_allocation
541,993,normal,0,0,65535_65535,0,5,135356,725,1,1,1,16,725,28,1,1,allocated
541,993,normal,0,0,65535_65535,0,1,154052,670,0,1,0,16,0,26,1,1,pre_allocation
541,993,normal,0,0,65535_65535,0,1,154052,712,1,1,1,17,712,26,1,1,allocated
541,993,normal,0,0,65535_65535,0,2,125189,725,0,1,0,16,0,28,1,1,pre_allocation
541,993,normal,0,0,65535_65535,0,2,125189,771,1,1,1,17,771,28,1,1,allocated
541,993,normal,0,0,65535_65535,0,3,129966,725,0,1,0,16,0,28,1,1,pre_allocation
541,993,normal,0,0,65535_65535,0,3,129966,771,1,1,1,17,771,28,1,1,allocated
541,993,normal,0,0,65535_65535,0,4,133024,725,0,1,0,16,0,28,1,1,pre_allocation
541,993,normal,0,0,65535_65535,0,4,133024,771,1,1,1,17,771,28,1,1,allocated
541,993,normal,0,0,65535_65535,0,5,135356,725,0,1,0,16,0,28,1,1,pre_allocation
541,993,normal,0,0,65535_65535,0,5,135356,771,1,1,1,17,771,28,1,1,allocated
541,993,normal,0,0,65535_65535,0,1,154052,712,0,1,0,17,0,26,1,1,pre_allocation
541,993,normal,0,0,65535_65535,0,1,154052,754,1,1,1,18,754,26,1,1,allocated
541,993,normal,0,0,65535_65535,0,2,125189,771,0,1,0,17,0,28,1,1,pre_allocation
541,993,normal,0,0,65535_65535,0,2,125189,816,1,1,1,18,816,28,1,1,allocated
541,993,normal,0,0,65535_65535,0,3,129966,771,0,1,0,17,0,28,1,1,pre_allocation
541,993,normal,0,0,65535_65535,0,3,129966,816,1,1,1,18,816,28,1,1,allocated
541,993,normal,0,0,65535_65535,0,4,133024,771,0,1,0,17,0,28,1,1,pre_allocation
541,993,normal,0,0,65535_65535,0,4,133024,816,1,1,1,18,816,28,1,1,allocated
541,993,normal,0,0,65535_65535,0,5,135356,771,0,1,0,17,0,28,1,1,pre_allocation
541,993,normal,0,0,65535_65535,0,5,135356,816,1,1,1,18,816,28,1,1,allocated
541,993,normal,0,0,65535_65535,0,1,154052,754,0,1,0,18,0,26,1,1,pre_allocation
541,993,normal,0,0,65535_65535,0,1,154052,796,1,1,1,19,796,26,1,1,allocated
541,993,normal,0,0,65535_65535,0,2,125189,816,0,1,0,18,0,28,1,1,pre_allocation
541,993,normal,0,0,65535_65535,0,2,125189,862,1,1,1,19,862,28,1,1,allocated
541,993,normal,0,0,65535_65535,0,3,129966,816,0,1,0,18,0,28,1,1,pre_allocation
541,993,normal,0,0,65535_65535,0,3,129966,862,1,1,1,19,862,28,1,1,allocated
541,993,normal,0,0,65535_65535,0,4,133024,816,0,1,0,18,0,28,1,1,pre_allocation
541,993,normal,0,0,65535_65535,0,4,133024,862,1,1,1,19,862,28,1,1,allocated
541,993,normal,0,0,65535_65535,0,5,135356,816,0,1,0,18,0,28,1,1,pre_allocation
541,993,normal,0,0,65535_65535,0,5,135356,862,1,1,1,19,862,28,1,1,allocated
541,993,normal,0,0,65535_65535,0,1,154052,796,0,1,0,19,0,26,1,1,pre_allocation
541,993,normal,0,0,65535_65535,0,1,154052,838,1,1,1,20,838,26,1,1,allocated
541,993,normal,0,0,65535_65535,0,2,125189,862,0,1,0,19,0,28,1,1,pre_allocation
541,993,normal,0,0,65535_65535,0,2,125189,907,1,1,1,20,907,28,1,1,allocated
541,993,normal,0,0,65535_65535,0,3,129966,862,0,1,0,19,0,28,1,1,pre_allocation
541,993,normal,0,0,65535_65535,0,3,129966,907,1,1,1,20,907,28,1,1,allocated
541,993,normal,0,0,65535_65535,0,4,133024,862,0,1,0,19,0,28,1,1,pre_allocation
541,993,normal,0,0,65535_65535,0,4,133024,907,1,1,1,20,907,28,1,1,allocated
541,993,normal,0,0,65535_65535,0,5,135356,862,0,1,0,19,0,28,1,1,pre_allocation
541,993,normal,0,0,65535_65535,0,5,135356,907,1,1,1,20,907,28,1,1,allocated
541,993,normal,0,0,65535_65535,0,1,154052,838,0,1,0,20,0,26,1,1,pre_allocation
541,993,normal,0,0,65535_65535,0,1,154052,880,1,1,1,21,880,26,1,1,allocated
541,993,normal,0,0,65535_65535,0,2,125189,907,0,1,0,20,0,28,1,1,pre_allocation
541,993,normal,0,0,65535_65535,0,2,125189,953,1,1,1,21,953,28,1,1,allocated
541,993,normal,0,0,65535_65535,0,3,129966,907,0,1,0,20,0,28,1,1,pre_allocation
541,993,normal,0,0,65535_65535,0,3,129966,953,1,1,1,21,953,28,1,1,allocated
541,993,normal,0,0,65535_65535,0,4,133024,907,0,1,0,20,0,28,1,1,pre_allocation
541,993,normal,0,0,65535_65535,0,4,133024,953,1,1,1,21,953,28,1,1,allocated
541,993,normal,0,0,65535_65535,0,5,135356,907,0,1,0,20,0,28,1,1,pre_allocation
541,993,normal,0,0,65535_65535,0,5,135356,953,1,1,1,21,953,28,1,1,allocated
541,993,normal,0,0,65535_65535,0,1,154052,880,0,1,0,21,0,26,1,1,pre_allocation
541,993,normal,0,0,65535_65535,0,1,154052,922,1,1,1,22,922,26,1,1,allocated
541,993,normal,0,0,65535_65535,0,2,125189,953,0,1,0,21,0,28,1,1,pre_allocation
541,993,normal,0,0,65535_65535,0,2,125189,998,1,1,1,22,998,28,1,1,allocated
541,993,normal,0,0,65535_65535,0,3,129966,953,0,1,0,21,0,28,1,1,pre_allocation
541,993,normal,0,0,65535_65535,0,3,129966,998,1,1,1,22,998,28,1,1,allocated
541,993,normal,0,0,65535_65535,0,4,133024,953,0,1,0,21,0,28,1,1,pre_allocation
541,993,normal,0,0,65535_65535,0,4,133024,998,1,1,1,22,998,28,1,1,allocated
541,993,normal,0,0,65535_65535,0,5,135356,953,0,1,0,21,0,28,1,1,pre_allocation
541,993,normal,0,0,65535_65535,0,5,135356,998,1,1,1,22,998,28,1,1,allocated
541,993,normal,0,0,65535_65535,0,1,154052,922,0,1,0,22,0,26,1,1,pre_allocation
541,993,normal,0,0,65535_65535,0,1,154052,964,1,1,1,23,964,26,1,1,allocated
541,993,normal,0,0,65535_65535,0,2,125189,998,0,1,0,22,0,28,1,1,pre_allocation
541,993,normal,0,0,65535_65535,0,2,125189,1044,1,1,1,23,1044,28,1,1,allocated
541,993,normal,0,0,65535_65535,0,3,129966,998,0,1,0,22,0,28,1,1,pre_allocation
541,993,normal,0,0,65535_65535,0,3,129966,1044,1,1,1,23,1044,28,1,1,allocated
541,993,normal,0,0,65535_65535,0,4,133024,998,0,1,0,22,0,28,1,1,pre_allocation
541,993,normal,0,0,65535_65535,0,4,133024,1044,1,1,1,23,1044,28,1,1,allocated
541,993,normal,0,0,65535_65535,0,5,135356,998,0,1,0,22,0,28,1,1,pre_allocation
541,993,normal,0,0,65535_65535,0,5,135356,1044,1,1,1,23,1044,28,1,1,allocated
541,993,normal,0,0,65535_65535,0,1,154052,964,0,1,0,23,0,26,1,1,pre_allocation
541,993,normal,0,0,65535_65535,0,1,154052,1006,1,1,1,24,1006,26,1,1,allocated
541,993,normal,0,0,65535_65535,0,2,125189,1044,0,1,0,23,0,28,1,1,pre_allocation
541,993,normal,0,0,65535_65535,0,2,125189,1089,1,1,1,24,1089,28,1,1,allocated
541,993,normal,0,0,65535_65535,0,3,129966,1044,0,1,0,23,0,28,1,1,pre_allocation
541,993,normal,0,0,65535_65535,0,3,129966,1089,1,1,1,24,1089,28,1,1,allocated
541,993,normal,0,0,65535_65535,0,4,133024,1044,0,1,0,23,0,28,1,1,pre_allocation
541,993,normal,0,0,65535_65535,0,4,133024,1089,1,1,1,24,1089,28,1,1,allocated
541,993,normal,0,0,65535_65535,0,5,135356,1044,0,1,0,23,0,28,1,1,pre_allocation
541,993,normal,0,0,65535_65535,0,5,135356,1089,1,1,1,24,1089,28,1,1,allocated
541,993,normal,0,0,65535_65535,0,1,154052,1006,0,1,0,24,0,26,1,1,pre_allocation
541,993,normal,0,0,65535_65535,0,1,154052,1048,1,1,1,25,1048,26,1,1,allocated
541,993,normal,0,0,65535_65535,0,2,125189,1089,0,1,0,24,0,28,1,1,pre_allocation
541,993,normal,0,0,65535_65535,0,2,125189,1135,1,1,1,25,1135,28,1,1,allocated
541,993,normal,0,0,65535_65535,0,3,129966,1089,0,1,0,24,0,28,1,1,pre_allocation
541,993,normal,0,0,65535_65535,0,3,129966,1135,1,1,1,25,1135,28,1,1,allocated
541,993,normal,0,0,65535_65535,0,4,133024,1089,0,1,0,24,0,28,1,1,pre_allocation
541,993,normal,0,0,65535_65535,0,4,133024,1135,1,1,1,25,1135,28,1,1,allocated
541,993,normal,0,0,65535_65535,0,5,135356,1089,0,1,0,24,0,28,1,1,pre_allocation
541,993,normal,0,0,65535_65535,0,5,135356,1135,1,1,1,25,1135,28,1,1,allocated
541,993,normal,0,0,65535_65535,0,1,154052,1048,0,1,0,25,0,26,1,1,pre_allocation
541,993,normal,0,0,65535_65535,0,1,154052,1090,1,1,1,26,1090,26,1,1,allocated
541,993,normal,0,0,65535_65535,0,2,125189,1135,0,1,0,25,0,28,1,1,pre_allocation
541,993,normal,0,0,65535_65535,0,2,125189,1181,1,1,1,26,1181,28,1,1,allocated
541,993,normal,0,0,65535_65535,0,3,129966,1135,0,1,0,25,0,28,1,1,pre_allocation
541,993,normal,0,0,65535_65535,0,3,129966,1181,1,1,1,26,1181,28,1,1,allocated
541,993,normal,0,0,65535_65535,0,4,133024,1135,0,1,0,25,0,28,1,1,pre_allocation
541,993,normal,0,0,65535_65535,0,4,133024,1181,1,1,1,26,1181,28,1,1,allocated
541,993,normal,0,0,65535_65535,0,5,135356,1135,0,1,0,25,0,28,1,1,pre_allocation
541,993,normal,0,0,65535_65535,0,5,135356,1181,1,1,1,26,1181,28,1,1,allocated
541,993,normal,0,0,65535_65535,0,1,154052,1090,0,1,0,26,0,26,1,1,pre_allocation
541,993,normal,0,0,65535_65535,0,1,154052,1133,1,1,1,27,1133,26,1,1,allocated
541,993,normal,0,0,65535_65535,0,2,125189,1181,0,1,0,26,0,28,1,1,pre_allocation
541,993,normal,0,0,65535_65535,0,2,125189,1226,1,1,1,27,1226,28,1,1,allocated
541,993,normal,0,0,65535_65535,0,3,129966,1181,0,1,0,26,0,28,1,1,pre_allocation
541,993,normal,0,0,65535_65535,0,3,129966,1226,1,1,1,27,1226,28,1,1,allocated
541,993,normal,0,0,65535_65535,0,4,133024,1181,0,1,0,26,0,28,1,1,pre_allocation
541,993,normal,0,0,65535_65535,0,4,133024,1226,1,1,1,27,1226,28,1,1,allocated
541,993,normal,0,0,65535_65535,0,5,135356,1181,0,1,0,26,0,28,1,1,pre_allocation
541,993,normal,0,0,65535_65535,0,5,135356,1226,1,1,1,27,1226,28,1,1,allocated
541,993,normal,0,0,65535_65535,0,1,154052,1133,0,1,0,27,0,26,1,1,pre_allocation
541,993,normal,0,0,65535_65535,0,1,154052,1175,1,1,1,28,1175,26,1,1,allocated
541,993,normal,0,0,65535_65535,0,2,125189,1226,0,1,0,27,0,28,1,1,pre_allocation
541,993,normal,0,0,65535_65535,0,2,125189,1272,1,1,1,28,1272,28,1,1,allocated
541,993,normal,0,0,65535_65535,0,3,129966,1226,0,1,0,27,0,28,1,1,pre_allocation
541,993,normal,0,0,65535_65535,0,3,129966,1272,1,1,1,28,1272,28,1,1,allocated
541,993,normal,0,0,65535_65535,0,4,133024,1226,0,1,0,27,0,28,1,1,pre_allocation
541,993,normal,0,0,65535_65535,0,4,133024,1272,1,1,1,28,1272,28,1,1,allocated
541,993,normal,0,0,65535_65535,0,5,135356,1226,0,1,0,27,0,28,1,1,pre_allocation
541,993,normal,0,0,65535_65535,0,5,135356,1272,1,1,1,28,1272,28,1,1,allocated
541,993,normal,0,0,65535_65535,0,1,154052,1175,0,1,0,28,0,26,1,1,pre_allocation
541,993,normal,0,0,65535_65535,0,1,154052,1217,1,1,1,29,1217,26,1,1,allocated
541,993,normal,0,0,65535_65535,0,2,125189,1272,0,1,0,28,0,28,1,1,pre_allocation
541,993,normal,0,0,65535_65535,0,2,125189,1317,1,1,1,29,1317,28,1,1,allocated
541,993,normal,0,0,65535_65535,0,3,129966,1272,0,1,0,28,0,28,1,1,pre_allocation
541,993,normal,0,0,65535_65535,0,3,129966,1317,1,1,1,29,1317,28,1,1,allocated
541,993,normal,0,0,65535_65535,0,4,133024,1272,0,1,0,28,0,28,1,1,pre_allocation
541,993,normal,0,0,65535_65535,0,4,133024,1317,1,1,1,29,1317,28,1,1,allocated
541,993,normal,0,0,65535_65535,0,5,135356,1272,0,1,0,28,0,28,1,1,pre_allocation
541,993,normal,0,0,65535_65535,0,5,135356,1317,1,1,1,29,1317,28,1,1,allocated
541,993,normal,0,0,65535_65535,0,1,154052,1217,0,1,0,29,0,26,1,1,pre_allocation
541,993,normal,0,0,65535_65535,0,1,154052,1259,1,1,1,30,1259,26,1,1,allocated
541,993,normal,0,0,65535_65535,0,2,125189,1317,0,1,0,29,0,28,1,1,pre_allocation
541,993,normal,0,0,65535_65535,0,2,125189,1363,1,1,1,30,1363,28,1,1,allocated
541,993,normal,0,0,65535_65535,0,3,129966,1317,0,1,0,29,0,28,1,1,pre_allocation
541,993,normal,0,0,65535_65535,0,3,129966,1363,1,1,1,30,1363,28,1,1,allocated
541,993,normal,0,0,65535_65535,0,4,133024,1317,0,1,0,29,0,28,1,1,pre_allocation
541,993,normal,0,0,65535_65535,0,4,133024,1363,1,1,1,30,1363,28,1,1,allocated
541,993,normal,0,0,65535_65535,0,5,135356,1317,0,1,0,29,0,28,1,1,pre_allocation
541,993,normal,0,0,65535_65535,0,5,135356,1363,1,1,1,30,1363,28,1,1,allocated
541,993,normal,0,0,65535_65535,0,1,154052,1259,0,1,0,30,0,26,1,1,pre_allocation
541,993,normal,0,0,65535_65535,0,1,154052,1301,1,1,1,31,1301,26,1,1,allocated
541,993,normal,0,0,65535_65535,0,2,125189,1363,0,1,0,30,0,28,1,1,pre_allocation
541,993,normal,0,0,65535_65535,0,2,125189,1408,1,1,1,31,1408,28,1,1,allocated
541,993,normal,0,0,65535_65535,0,3,129966,1363,0,1,0,30,0,28,1,1,pre_allocation
541,993,normal,0,0,65535_65535,0,3,129966,1408,1,1,1,31,1408,28,1,1,allocated
541,993,normal,0,0,65535_65535,0,4,133024,1363,0,1,0,30,0,28,1,1,pre_allocation
541,993,normal,0,0,65535_65535,0,4,133024,1408,1,1,1,31,1408,28,1,1,allocated
541,993,normal,0,0,65535_65535,0,5,135356,1363,0,1,0,30,0,28,1,1,pre_allocation
541,993,normal,0,0,65535_65535,0,5,135356,1408,1,1,1,31,1408,28,1,1,allocated
541,993,normal,0,0,65535_65535,0,1,154052,1301,0,1,0,31,0,26,1,1,pre_allocation
541,993,normal,0,0,65535_65535,0,1,154052,1343,1,1,1,32,1343,26,1,1,allocated
541,993,normal,0,0,65535_65535,0,2,125189,1408,0,1,0,31,0,28,1,1,pre_allocation
541,993,normal,0,0,65535_65535,0,2,125189,1454,1,1,1,32,1454,28,1,1,allocated
541,993,normal,0,0,65535_65535,0,3,129966,1408,0,1,0,31,0,28,1,1,pre_allocation
541,993,normal,0,0,65535_65535,0,3,129966,1454,1,1,1,32,1454,28,1,1,allocated
541,993,normal,0,0,65535_65535,0,4,133024,1408,0,1,0,31,0,28,1,1,pre_allocation
541,993,normal,0,0,65535_65535,0,4,133024,1454,1,1,1,32,1454,28,1,1,allocated
541,993,normal,0,0,65535_65535,0,5,135356,1408,0,1,0,31,0,28,1,1,pre_allocation
541,993,normal,0,0,65535_65535,0,5,135356,1454,1,1,1,32,1454,28,1,1,allocated
541,993,normal,0,0,65535_65535,0,1,154052,1343,0,1,0,32,0,26,1,1,pre_allocation
541,993,normal,0,0,65535_65535,0,1,154052,1385,1,1,1,33,1385,26,1,1,allocated
541,993,normal,0,0,65535_65535,0,2,125189,1454,0,1,0,32,0,28,1,1,pre_allocation
541,993,normal,0,0,65535_65535,0,2,125189,1499,1,1,1,33,1499,28,1,1,allocated
541,993,normal,0,0,65535_65535,0,3,129966,1454,0,1,0,32,0,28,1,1,pre_allocation
541,993,normal,0,0,65535_65535,0,3,129966,1499,1,1,1,33,1499,28,1,1,allocated
541,993,normal,0,0,65535_65535,0,4,133024,1454,0,1,0,32,0,28,1,1,pre_allocation
541,993,normal,0,0,65535_65535,0,4,133024,1499,1,1,1,33,1499,28,1,1,allocated
541,993,normal,0,0,65535_65535,0,5,135356,1454,0,1,0,32,0,28,1,1,pre_allocation
541,993,normal,0,0,65535_65535,0,5,135356,1499,1,1,1,33,1499,28,1,1,allocated
541,993,normal,0,0,65535_65535,0,1,154052,1385,0,1,0,33,0,26,1,1,pre_allocation
541,993,normal,0,0,65535_65535,0,1,154052,1427,1,1,1,34,1427,26,1,1,allocated
541,993,normal,0,0,65535_65535,0,2,125189,1499,0,1,0,33,0,28,1,1,pre_allocation
541,993,normal,0,0,65535_65535,0,2,125189,1542,1,1,1,34,1542,28,1,1,allocated
541,993,normal,0,0,65535_65535,0,3,129966,1499,0,1,0,33,0,28,1,1,pre_allocation
541,993,normal,0,0,65535_65535,0,3,129966,1542,1,1,1,34,1542,28,1,1,allocated
541,993,normal,0,0,65535_65535,0,4,133024,1499,0,1,0,33,0,28,1,1,pre_allocation
541,993,normal,0,0,65535_65535,0,4,133024,1542,1,1,1,34,1542,28,1,1,allocated
541,993,normal,0,0,65535_65535,0,5,135356,1499,0,1,0,33,0,28,1,1,pre_allocation
541,993,normal,0,0,65535_65535,0,5,135356,1542,1,1,1,34,1542,28,1,1,allocated
541,993,normal,0,0,65535_65535,0,1,154052,1427,0,1,0,34,0,26,1,1,pre_allocation
541,993,normal,0,0,65535_65535,0,1,154052,1469,1,1,1,35,1469,26,1,1,allocated
541,993,normal,0,0,65535_65535,0,2,125189,1542,0,1,0,34,0,28,1,1,pre_allocation
541,993,normal,0,0,65535_65535,0,2,125189,1587,1,1,1,35,1587,28,1,1,allocated
541,993,normal,0,0,65535_65535,0,3,129966,1542,0,1,0,34,0,28,1,1,pre_allocation
541,993,normal,0,0,65535_65535,0,3,129966,1587,1,1,1,35,1587,28,1,1,allocated
541,993,normal,0,0,65535_65535,0,4,133024,1542,0,1,0,34,0,28,1,1,pre_allocation
541,993,normal,0,0,65535_65535,0,4,133024,1587,1,1,1,35,1587,28,1,1,allocated
541,993,normal,0,0,65535_65535,0,5,135356,1542,0,1,0,34,0,28,1,1,pre_allocation
541,993,normal,0,0,65535_65535,0,5,135356,1587,1,1,1,35,1587,28,1,1,allocated
541,993,normal,0,0,65535_65535,0,1,154052,1469,0,1,0,35,0,26,1,1,pre_allocation
541,993,normal,0,0,65535_65535,0,1,154052,1511,1,1,1,36,1511,26,1,1,allocated
541,993,normal,0,0,65535_65535,0,2,125189,1587,0,1,0,35,0,28,1,1,pre_allocation
541,993,normal,0,0,65535_65535,0,2,125189,1633,1,1,1,36,1633,28,1,1,allocated
541,993,normal,0,0,65535_65535,0,3,129966,1587,0,1,0,35,0,28,1,1,pre_allocation
541,993,normal,0,0,65535_65535,0,3,129966,1633,1,1,1,36,1633,28,1,1,allocated
541,993,normal,0,0,65535_65535,0,4,133024,1587,0,1,0,35,0,28,1,1,pre_allocation
541,993,normal,0,0,65535_65535,0,4,133024,1633,1,1,1,36,1633,28,1,1,allocated
541,993,normal,0,0,65535_65535,0,5,135356,1587,0,1,0,35,0,28,1,1,pre_allocation
541,993,normal,0,0,65535_65535,0,5,135356,1633,1,1,1,36,1633,28,1,1,allocated
541,993,normal,0,0,65535_65535,0,1,154052,1511,0,1,0,36,0,26,1,1,pre_allocation
541,993,normal,0,0,65535_65535,0,1,154052,1550,1,1,1,37,1550,26,1,1,allocated
541,993,normal,0,0,65535_65535,0,2,125189,1633,0,1,0,36,0,28,1,1,pre_allocation
541,993,normal,0,0,65535_65535,0,2,125189,1678,1,1,1,37,1678,28,1,1,allocated
541,993,normal,0,0,65535_65535,0,3,129966,1633,0,1,0,36,0,28,1,1,pre_allocation
541,993,normal,0,0,65535_65535,0,3,129966,1678,1,1,1,37,1678,28,1,1,allocated
541,993,normal,0,0,65535_65535,0,4,133024,1633,0,1,0,36,0,28,1,1,pre_allocation
541,993,normal,0,0,65535_65535,0,4,133024,1678,1,1,1,37,1678,28,1,1,allocated
541,993,normal,0,0,65535_65535,0,5,135356,1633,0,1,0,36,0,28,1,1,pre_allocation
541,993,normal,0,0,65535_65535,0,5,135356,1678,1,1,1,37,1678,28,1,1,allocated
541,993,normal,0,0,65535_65535,0,1,154052,1550,0,1,0,37,0,26,1,1,pre_allocation
541,993,normal,0,0,65535_65535,0,1,154052,1592,1,1,1,38,1592,26,1,1,allocated
541,993,normal,0,0,65535_65535,0,2,125189,1678,0,1,0,37,0,28,1,1,pre_allocation
541,993,normal,0,0,65535_65535,0,2,125189,1724,1,1,1,38,1724,28,1,1,allocated
541,993,normal,0,0,65535_65535,0,3,129966,1678,0,1,0,37,0,28,1,1,pre_allocation
541,993,normal,0,0,65535_65535,0,3,129966,1724,1,1,1,38,1724,28,1,1,allocated
541,993,normal,0,0,65535_65535,0,4,133024,1678,0,1,0,37,0,28,1,1,pre_allocation
541,993,normal,0,0,65535_65535,0,4,133024,1724,1,1,1,38,1724,28,1,1,allocated
541,993,normal,0,0,65535_65535,0,5,135356,1678,0,1,0,37,0,28,1,1,pre_allocation
541,993,normal,0,0,65535_65535,0,5,135356,1724,1,1,1,38,1724,28,1,1,allocated
541,993,normal,0,0,65535_65535,0,1,154052,1592,0,1,0,38,0,26,1,1,pre_allocation
541,993,normal,0,0,65535_65535,0,1,154052,1634,1,1,1,39,1634,26,1,1,allocated
541,993,normal,0,0,65535_65535,0,2,125189,1724,0,1,0,38,0,28,1,1,pre_allocation
541,993,normal,0,0,65535_65535,0,2,125189,1770,1,1,1,39,1770,28,1,1,allocated
541,993,normal,0,0,65535_65535,1,6,87,0,0,1,0,0,0,28,1,1,pre_allocation
541,993,normal,0,0,65535_65535,1,6,87,42,1,1,1,1,42,28,1,1,allocated
541,993,normal,0,0,65535_65535,1,7,87,0,0,1,0,0,0,28,1,1,pre_allocation
541,993,normal,0,0,65535_65535,1,7,87,42,1,1,1,1,42,28,1,1,allocated
541,993,normal,0,0,65535_65535,1,9,87,0,0,1,0,0,0,28,1,1,pre_allocation
541,993,normal,0,0,65535_65535,1,9,87,42,1,1,1,1,42,28,1,1,allocated
541,993,normal,0,0,65535_65535,1,10,87,0,0,1,0,0,0,28,1,1,pre_allocation
541,993,normal,0,0,65535_65535,1,10,87,42,1,1,1,1,42,28,1,1,allocated
541,993,normal,0,0,65535_65535,1,6,87,42,0,1,0,1,0,28,1,1,pre_allocation
541,993,normal,0,0,65535_65535,1,6,87,88,1,1,1,2,88,28,1,1,allocated
541,993,normal,0,0,65535_65535,1,7,87,42,0,1,0,1,0,28,1,1,pre_allocation
541,993,normal,0,0,65535_65535,1,7,87,88,1,1,1,2,88,28,1,1,allocated
541,993,normal,0,0,65535_65535,1,9,87,42,0,1,0,1,0,28,1,1,pre_allocation
541,993,normal,0,0,65535_65535,1,9,87,88,1,1,1,2,88,28,1,1,allocated
541,993,normal,0,0,65535_65535,1,10,87,42,0,1,0,1,0,28,1,1,pre_allocation
541,993,normal,0,0,65535_65535,1,10,87,88,1,1,1,2,88,28,1,1,allocated
541,993,normal,0,0,65535_65535,1,6,87,88,0,1,0,2,0,28,1,1,pre_allocation
541,993,normal,0,0,65535_65535,1,6,87,133,1,1,1,3,133,28,1,1,allocated
541,993,normal,0,0,65535_65535,1,7,87,88,0,1,0,2,0,28,1,1,pre_allocation
541,993,normal,0,0,65535_65535,1,7,87,133,1,1,1,3,133,28,1,1,allocated
541,993,normal,0,0,65535_65535,1,9,87,88,0,1,0,2,0,28,1,1,pre_allocation
541,993,normal,0,0,65535_65535,1,9,87,133,1,1,1,3,133,28,1,1,allocated
541,993,normal,0,0,65535_65535,1,10,87,88,0,1,0,2,0,28,1,1,pre_allocation
541,993,normal,0,0,65535_65535,1,10,87,133,1,1,1,3,133,28,1,1,allocated
541,993,normal,0,0,65535_65535,1,6,87,133,0,1,0,3,0,28,1,1,pre_allocation
541,993,normal,0,0,65535_65535,1,6,87,179,1,1,1,4,179,28,1,1,allocated
541,993,normal,0,0,65535_65535,1,7,87,133,0,1,0,3,0,28,1,1,pre_allocation
541,993,normal,0,0,65535_65535,1,7,87,179,1,1,1,4,179,28,1,1,allocated
541,993,normal,0,0,65535_65535,1,9,87,133,0,1,0,3,0,28,1,1,pre_allocation
541,993,normal,0,0,65535_65535,1,9,87,179,1,1,1,4,179,28,1,1,allocated
541,993,normal,0,0,65535_65535,1,10,87,133,0,1,0,3,0,28,1,1,pre_allocation
541,993,normal,0,0,65535_65535,1,10,87,179,1,1,1,4,179,28,1,1,allocated
541,993,normal,0,0,65535_65535,1,6,87,179,0,1,0,4,0,28,1,1,pre_allocation
541,993,normal,0,0,65535_65535,1,6,87,224,1,1,1,5,224,28,1,1,allocated
541,993,normal,0,0,65535_65535,1,7,87,179,0,1,0,4,0,28,1,1,pre_allocation
541,993,normal,0,0,65535_65535,1,7,87,224,1,1,1,5,224,28,1,1,allocated
541,993,normal,0,0,65535_65535,1,9,87,179,0,1,0,4,0,28,1,1,pre_allocation
541,993,normal,0,0,65535_65535,1,9,87,224,1,1,1,5,224,28,1,1,allocated
541,993,normal,0,0,65535_65535,1,10,87,179,0,1,0,4,0,28,1,1,pre_allocation
541,993,normal,0,0,65535_65535,1,10,87,224,1,1,1,5,224,28,1,1,allocated
541,993,normal,0,0,65535_65535,1,6,87,224,0,1,0,5,0,28,1,1,pre_allocation
541,993,normal,0,0,65535_65535,1,6,87,270,1,1,1,6,270,28,1,1,allocated
541,993,normal,0,0,65535_65535,1,7,87,224,0,1,0,5,0,28,1,1,pre_allocation
541,993,normal,0,0,65535_65535,1,7,87,270,1,1,1,6,270,28,1,1,allocated
541,993,normal,0,0,65535_65535,1,9,87,224,0,1,0,5,0,28,1,1,pre_allocation
541,993,normal,0,0,65535_65535,1,9,87,270,1,1,1,6,270,28,1,1,allocated
541,993,normal,0,0,65535_65535,1,10,87,224,0,1,0,5,0,28,1,1,pre_allocation
541,993,normal,0,0,65535_65535,1,10,87,270,1,1,1,6,270,28,1,1,allocated
541,993,normal,0,0,65535_65535,1,6,87,270,0,1,0,6,0,28,1,1,pre_allocation
541,993,normal,0,0,65535_65535,1,6,87,315,1,1,1,7,315,28,1,1,allocated
541,993,normal,0,0,65535_65535,1,7,87,270,0,1,0,6,0,28,1,1,pre_allocation
541,993,normal,0,0,65535_65535,1,7,87,315,1,1,1,7,315,28,1,1,allocated
541,993,normal,0,0,65535_65535,1,9,87,270,0,1,0,6,0,28,1,1,pre_allocation
541,993,normal,0,0,65535_65535,1,9,87,315,1,1,1,7,315,28,1,1,allocated
541,993,normal,0,0,65535_65535,1,10,87,270,0,1,0,6,0,28,1,1,pre_allocation
541,993,normal,0,0,65535_65535,1,10,87,315,1,1,1,7,315,28,1,1,allocated
541,993,normal,0,0,65535_65535,1,6,87,315,0,1,0,7,0,28,1,1,pre_allocation
541,993,normal,0,0,65535_65535,1,6,87,361,1,1,1,8,361,28,1,1,allocated
541,993,normal,0,0,65535_65535,1,7,87,315,0,1,0,7,0,28,1,1,pre_allocation
541,993,normal,0,0,65535_65535,1,7,87,361,1,1,1,8,361,28,1,1,allocated
541,993,normal,0,0,65535_65535,1,9,87,315,0,1,0,7,0,28,1,1,pre_allocation
541,993,normal,0,0,65535_65535,1,9,87,361,1,1,1,8,361,28,1,1,allocated
541,993,normal,0,0,65535_65535,1,10,87,315,0,1,0,7,0,28,1,1,pre_allocation
541,993,normal,0,0,65535_65535,1,10,87,361,1,1,1,8,361,28,1,1,allocated
541,993,normal,0,0,65535_65535,1,6,87,361,0,1,0,8,0,28,1,1,pre_allocation
541,993,normal,0,0,65535_65535,1,6,87,406,1,1,1,9,406,28,1,1,allocated
541,993,normal,0,0,65535_65535,1,7,87,361,0,1,0,8,0,28,1,1,pre_allocation
541,993,normal,0,0,65535_65535,1,7,87,406,1,1,1,9,406,28,1,1,allocated
541,993,normal,0,0,65535_65535,1,9,87,361,0,1,0,8,0,28,1,1,pre_allocation
541,993,normal,0,0,65535_65535,1,9,87,406,1,1,1,9,406,28,1,1,allocated
541,993,normal,0,0,65535_65535,1,10,87,361,0,1,0,8,0,28,1,1,pre_allocation
541,993,normal,0,0,65535_65535,1,10,87,406,1,1,1,9,406,28,1,1,allocated
541,993,normal,0,0,65535_65535,1,6,87,406,0,1,0,9,0,28,1,1,pre_allocation
541,993,normal,0,0,65535_65535,1,6,87,452,1,1,1,10,452,28,1,1,allocated
541,993,normal,0,0,65535_65535,1,7,87,406,0,1,0,9,0,28,1,1,pre_allocation
541,993,normal,0,0,65535_65535,1,7,87,452,1,1,1,10,452,28,1,1,allocated
541,993,normal,0,0,65535_65535,1,9,87,406,0,1,0,9,0,28,1,1,pre_allocation
541,993,normal,0,0,65535_65535,1,9,87,452,1,1,1,10,452,28,1,1,allocated
541,993,normal,0,0,65535_65535,1,10,87,406,0,1,0,9,0,28,1,1,pre_allocation
541,993,normal,0,0,65535_65535,1,10,87,452,1,1,1,10,452,28,1,1,allocated
541,993,normal,0,0,65535_65535,1,6,87,452,0,1,0,10,0,28,1,1,pre_allocation
541,993,normal,0,0,65535_65535,1,6,87,497,1,1,1,11,497,28,1,1,allocated
541,993,normal,0,0,65535_65535,1,7,87,452,0,1,0,10,0,28,1,1,pre_allocation
541,993,normal,0,0,65535_65535,1,7,87,497,1,1,1,11,497,28,1,1,allocated
541,993,normal,0,0,65535_65535,1,9,87,452,0,1,0,10,0,28,1,1,pre_allocation
541,993,normal,0,0,65535_65535,1,9,87,497,1,1,1,11,497,28,1,1,allocated
541,993,normal,0,0,65535_65535,1,10,87,452,0,1,0,10,0,28,1,1,pre_allocation
541,993,normal,0,0,65535_65535,1,10,87,497,1,1,1,11,497,28,1,1,allocated
541,993,normal,0,0,65535_65535,1,6,87,497,0,1,0,11,0,28,1,1,pre_allocation
541,993,normal,0,0,65535_65535,1,6,87,543,1,1,1,12,543,28,1,1,allocated
541,993,normal,0,0,65535_65535,1,7,87,497,0,1,0,11,0,28,1,1,pre_allocation
541,993,normal,0,0,65535_65535,1,7,87,543,1,1,1,12,543,28,1,1,allocated
541,993,normal,0,0,65535_65535,1,9,87,497,0,1,0,11,0,28,1,1,pre_allocation
541,993,normal,0,0,65535_65535,1,9,87,543,1,1,1,12,543,28,1,1,allocated
541,993,normal,0,0,65535_65535,1,10,87,497,0,1,0,11,0,28,1,1,pre_allocation
541,993,normal,0,0,65535_65535,1,10,87,543,1,1,1,12,543,28,1,1,allocated
541,993,normal,0,0,65535_65535,1,6,87,543,0,1,0,12,0,28,1,1,pre_allocation
541,993,normal,0,0,65535_65535,1,6,87,589,1,1,1,13,589,28,1,1,allocated
541,993,normal,0,0,65535_65535,1,7,87,543,0,1,0,12,0,28,1,1,pre_allocation
541,993,normal,0,0,65535_65535,1,7,87,589,1,1,1,13,589,28,1,1,allocated
541,993,normal,0,0,65535_65535,1,9,87,543,0,1,0,12,0,28,1,1,pre_allocation
541,993,normal,0,0,65535_65535,1,9,87,589,1,1,1,13,589,28,1,1,allocated
541,993,normal,0,0,65535_65535,1,10,87,543,0,1,0,12,0,28,1,1,pre_allocation
541,993,normal,0,0,65535_65535,1,10,87,589,1,1,1,13,589,28,1,1,allocated
541,993,normal,0,0,65535_65535,1,6,87,589,0,1,0,13,0,28,1,1,pre_allocation
541,993,normal,0,0,65535_65535,1,6,87,634,1,1,1,14,634,28,1,1,allocated
541,993,normal,0,0,65535_65535,1,7,87,589,0,1,0,13,0,28,1,1,pre_allocation
541,993,normal,0,0,65535_65535,1,7,87,634,1,1,1,14,634,28,1,1,allocated
541,993,normal,0,0,65535_65535,1,9,87,589,0,1,0,13,0,28,1,1,pre_allocation
541,993,normal,0,0,65535_65535,1,9,87,634,1,1,1,14,634,28,1,1,allocated
541,993,normal,0,0,65535_65535,1,10,87,589,0,1,0,13,0,28,1,1,pre_allocation
541,993,normal,0,0,65535_65535,1,10,87,634,1,1,1,14,634,28,1,1,allocated
541,993,normal,0,0,65535_65535,1,6,87,634,0,1,0,14,0,28,1,1,pre_allocation
541,993,normal,0,0,65535_65535,1,6,87,680,1,1,1,15,680,28,1,1,allocated
541,993,normal,0,0,65535_65535,1,7,87,634,0,1,0,14,0,28,1,1,pre_allocation
541,993,normal,0,0,65535_65535,1,7,87,680,1,1,1,15,680,28,1,1,allocated
541,993,normal,0,0,65535_65535,1,9,87,634,0,1,0,14,0,28,1,1,pre_allocation
541,993,normal,0,0,65535_65535,1,9,87,680,1,1,1,15,680,28,1,1,allocated
541,993,normal,0,0,65535_65535,1,10,87,634,0,1,0,14,0,28,1,1,pre_allocation
541,993,normal,0,0,65535_65535,1,10,87,680,1,1,1,15,680,28,1,1,allocated
541,993,normal,0,0,65535_65535,1,6,87,680,0,1,0,15,0,28,1,1,pre_allocation
541,993,normal,0,0,65535_65535,1,6,87,725,1,1,1,16,725,28,1,1,allocated
541,993,normal,0,0,65535_65535,1,7,87,680,0,1,0,15,0,28,1,1,pre_allocation
541,993,normal,0,0,65535_65535,1,7,87,725,1,1,1,16,725,28,1,1,allocated
541,993,normal,0,0,65535_65535,1,9,87,680,0,1,0,15,0,28,1,1,pre_allocation
541,993,normal,0,0,65535_65535,1,9,87,725,1,1,1,16,725,28,1,1,allocated
541,993,normal,0,0,65535_65535,1,10,87,680,0,1,0,15,0,28,1,1,pre_allocation
541,993,normal,0,0,65535_65535,1,10,87,725,1,1,1,16,725,28,1,1,allocated
541,993,normal,0,0,65535_65535,1,6,87,725,0,1,0,16,0,28,1,1,pre_allocation
541,993,normal,0,0,65535_65535,1,6,87,771,1,1,1,17,771,28,1,1,allocated
541,993,normal,0,0,65535_65535,1,7,87,725,0,1,0,16,0,28,1,1,pre_allocation
541,993,normal,0,0,65535_65535,1,7,87,771,1,1,1,17,771,28,1,1,allocated
541,993,normal,0,0,65535_65535,1,9,87,725,0,1,0,16,0,28,1,1,pre_allocation
541,993,normal,0,0,65535_65535,1,9,87,771,1,1,1,17,771,28,1,1,allocated
541,993,normal,0,0,65535_65535,1,10,87,725,0,1,0,16,0,28,1,1,pre_allocation
541,993,normal,0,0,65535_65535,1,10,87,771,1,1,1,17,771,28,1,1,allocated
541,993,normal,0,0,65535_65535,1,6,87,771,0,1,0,17,0,28,1,1,pre_allocation
541,993,normal,0,0,65535_65535,1,6,87,816,1,1,1,18,816,28,1,1,allocated
541,993,normal,0,0,65535_65535,1,7,87,771,0,1,0,17,0,28,1,1,pre_allocation
541,993,normal,0,0,65535_65535,1,7,87,816,1,1,1,18,816,28,1,1,allocated
541,993,normal,0,0,65535_65535,1,9,87,771,0,1,0,17,0,28,1,1,pre_allocation
541,993,normal,0,0,65535_65535,1,9,87,816,1,1,1,18,816,28,1,1,allocated
541,993,normal,0,0,65535_65535,1,10,87,771,0,1,0,17,0,28,1,1,pre_allocation
541,993,normal,0,0,65535_65535,1,10,87,816,1,1,1,18,816,28,1,1,allocated
541,993,normal,0,0,65535_65535,1,6,87,816,0,1,0,18,0,28,1,1,pre_allocation
541,993,normal,0,0,65535_65535,1,6,87,862,1,1,1,19,862,28,1,1,allocated
541,993,normal,0,0,65535_65535,1,7,87,816,0,1,0,18,0,28,1,1,pre_allocation
541,993,normal,0,0,65535_65535,1,7,87,862,1,1,1,19,862,28,1,1,allocated
653,1091,normal,0,0,65535_65535,0,1,135133,0,0,1,0,0,0,24,1,1,pre_allocation
653,1091,normal,0,0,65535_65535,0,1,135133,34,1,1,1,1,34,24,1,1,allocated
653,1091,normal,0,0,65535_65535,0,2,88198,0,0,1,0,0,0,28,1,1,pre_allocation
653,1091,normal,0,0,65535_65535,0,2,88198,42,1,1,1,1,42,28,1,1,allocated
653,1091,normal,0,0,65535_65535,0,3,94638,0,0,1,0,0,0,28,1,1,pre_allocation
653,1091,normal,0,0,65535_65535,0,3,94638,42,1,1,1,1,42,28,1,1,allocated
653,1091,normal,0,0,65535_65535,0,4,98980,0,0,1,0,0,0,28,1,1,pre_allocation
653,1091,normal,0,0,65535_65535,0,4,98980,42,1,1,1,1,42,28,1,1,allocated
653,1091,normal,0,0,65535_65535,0,5,101310,0,0,1,0,0,0,28,1,1,pre_allocation
653,1091,normal,0,0,65535_65535,0,5,101310,42,1,1,1,1,42,28,1,1,allocated
653,1091,normal,0,0,65535_65535,0,1,135133,34,0,1,0,1,0,24,1,1,pre_allocation
653,1091,normal,0,0,65535_65535,0,1,135133,71,1,1,1,2,71,24,1,1,allocated
653,1091,normal,0,0,65535_65535,0,2,88198,42,0,1,0,1,0,28,1,1,pre_allocation
653,1091,normal,0,0,65535_65535,0,2,88198,88,1,1,1,2,88,28,1,1,allocated
653,1091,normal,0,0,65535_65535,0,3,94638,42,0,1,0,1,0,28,1,1,pre_allocation
653,1091,normal,0,0,65535_65535,0,3,94638,88,1,1,1,2,88,28,1,1,allocated
653,1091,normal,0,0,65535_65535,0,4,98980,42,0,1,0,1,0,28,1,1,pre_allocation
653,1091,normal,0,0,65535_65535,0,4,98980,88,1,1,1,2,88,28,1,1,allocated
653,1091,normal,0,0,65535_65535,0,5,101310,42,0,1,0,1,0,28,1,1,pre_allocation
653,1091,normal,0,0,65535_65535,0,5,101310,88,1,1,1,2,88,28,1,1,allocated
653,1091,normal,0,0,65535_65535,0,1,135133,71,0,1,0,2,0,24,1,1,pre_allocation
653,1091,normal,0,0,65535_65535,0,1,135133,108,1,1,1,3,108,24,1,1,allocated
653,1091,normal,0,0,65535_65535,0,2,88198,88,0,1,0,2,0,28,1,1,pre_allocation
653,1091,normal,0,0,65535_65535,0,2,88198,133,1,1,1,3,133,28,1,1,allocated
653,1091,normal,0,0,65535_65535,0,3,94638,88,0,1,0,2,0,28,1,1,pre_allocation
653,1091,normal,0,0,65535_65535,0,3,94638,133,1,1,1,3,133,28,1,1,allocated
653,1091,normal,0,0,65535_65535,0,4,98980,88,0,1,0,2,0,28,1,1,pre_allocation
653,1091,normal,0,0,65535_65535,0,4,98980,133,1,1,1,3,133,28,1,1,allocated
653,1091,normal,0,0,65535_65535,0,5,101310,88,0,1,0,2,0,28,1,1,pre_allocation
653,1091,normal,0,0,65535_65535,0,5,101310,133,1,1,1,3,133,28,1,1,allocated
653,1091,normal,0,0,65535_65535,0,1,135133,108,0,1,0,3,0,24,1,1,pre_allocation
653,1091,normal,0,0,65535_65535,0,1,135133,145,1,1,1,4,145,24,1,1,allocated
653,1091,normal,0,0,65535_65535,0,2,88198,133,0,1,0,3,0,28,1,1,pre_allocation
653,1091,normal,0,0,65535_65535,0,2,88198,179,1,1,1,4,179,28,1,1,allocated
653,1091,normal,0,0,65535_65535,0,3,94638,133,0,1,0,3,0,28,1,1,pre_allocation
653,1091,normal,0,0,65535_65535,0,3,94638,179,1,1,1,4,179,28,1,1,allocated
653,1091,normal,0,0,65535_65535,0,4,98980,133,0,1,0,3,0,28,1,1,pre_allocation
653,1091,normal,0,0,65535_65535,0,4,98980,179,1,1,1,4,179,28,1,1,allocated
653,1091,normal,0,0,65535_65535,0,5,101310,133,0,1,0,3,0,28,1,1,pre_allocation
653,1091,normal,0,0,65535_65535,0,5,101310,179,1,1,1,4,179,28,1,1,allocated
653,1091,normal,0,0,65535_65535,0,1,135133,145,0,1,0,4,0,24,1,1,pre_allocation
653,1091,normal,0,0,65535_65535,0,1,135133,182,1,1,1,5,182,24,1,1,allocated
653,1091,normal,0,0,65535_65535,0,2,88198,179,0,1,0,4,0,28,1,1,pre_allocation
653,1091,normal,0,0,65535_65535,0,2,88198,224,1,1,1,5,224,28,1,1,allocated
653,1091,normal,0,0,65535_65535,0,3,94638,179,0,1,0,4,0,28,1,1,pre_allocation
653,1091,normal,0,0,65535_65535,0,3,94638,224,1,1,1,5,224,28,1,1,allocated
653,1091,normal,0,0,65535_65535,0,4,98980,179,0,1,0,4,0,28,1,1,pre_allocation
653,1091,normal,0,0,65535_65535,0,4,98980,224,1,1,1,5,224,28,1,1,allocated
653,1091,normal,0,0,65535_65535,0,5,101310,179,0,1,0,4,0,28,1,1,pre_allocation
653,1091,normal,0,0,65535_65535,0,5,101310,224,1,1,1,5,224,28,1,1,allocated
653,1091,normal,0,0,65535_65535,0,1,135133,182,0,1,0,5,0,24,1,1,pre_allocation
653,1091,normal,0,0,65535_65535,0,1,135133,219,1,1,1,6,219,24,1,1,allocated
653,1091,normal,0,0,65535_65535,0,2,88198,224,0,1,0,5,0,28,1,1,pre_allocation
653,1091,normal,0,0,65535_65535,0,2,88198,270,1,1,1,6,270,28,1,1,allocated
653,1091,normal,0,0,65535_65535,0,3,94638,224,0,1,0,5,0,28,1,1,pre_allocation
653,1091,normal,0,0,65535_65535,0,3,94638,270,1,1,1,6,270,28,1,1,allocated
653,1091,normal,0,0,65535_65535,0,4,98980,224,0,1,0,5,0,28,1,1,pre_allocation
653,1091,normal,0,0,65535_65535,0,4,98980,270,1,1,1,6,270,28,1,1,allocated
653,1091,normal,0,0,65535_65535,0,5,101310,224,0,1,0,5,0,28,1,1,pre_allocation
653,1091,normal,0,0,65535_65535,0,5,101310,270,1,1,1,6,270,28,1,1,allocated
653,1091,normal,0,0,65535_65535,0,1,135133,219,0,1,0,6,0,24,1,1,pre_allocation
653,1091,normal,0,0,65535_65535,0,1,135133,256,1,1,1,7,256,24,1,1,allocated
653,1091,normal,0,0,65535_65535,0,2,88198,270,0,1,0,6,0,28,1,1,pre_allocation
653,1091,normal,0,0,65535_65535,0,2,88198,315,1,1,1,7,315,28,1,1,allocated
653,1091,normal,0,0,65535_65535,0,3,94638,270,0,1,0,6,0,28,1,1,pre_allocation
653,1091,normal,0,0,65535_65535,0,3,94638,315,1,1,1,7,315,28,1,1,allocated
653,1091,normal,0,0,65535_65535,0,4,98980,270,0,1,0,6,0,28,1,1,pre_allocation
653,1091,normal,0,0,65535_65535,0,4,98980,315,1,1,1,7,315,28,1,1,allocated
653,1091,normal,0,0,65535_65535,0,5,101310,270,0,1,0,6,0,28,1,1,pre_allocation
653,1091,normal,0,0,65535_65535,0,5,101310,315,1,1,1,7,315,28,1,1,allocated
653,1091,normal,0,0,65535_65535,0,1,135133,256,0,1,0,7,0,24,1,1,pre_allocation
653,1091,normal,0,0,65535_65535,0,1,135133,294,1,1,1,8,294,24,1,1,allocated
653,1091,normal,0,0,65535_65535,0,2,88198,315,0,1,0,7,0,28,1,1,pre_allocation
653,1091,normal,0,0,65535_65535,0,2,88198,361,1,1,1,8,361,28,1,1,allocated
653,1091,normal,0,0,65535_65535,0,3,94638,315,0,1,0,7,0,28,1,1,pre_allocation
653,1091,normal,0,0,65535_65535,0,3,94638,361,1,1,1,8,361,28,1,1,allocated
653,1091,normal,0,0,65535_65535,0,4,98980,315,0,1,0,7,0,28,1,1,pre_allocation
653,1091,normal,0,0,65535_65535,0,4,98980,361,1,1,1,8,361,28,1,1,allocated
653,1091,normal,0,0,65535_65535,0,5,101310,315,0,1,0,7,0,28,1,1,pre_allocation
653,1091,normal,0,0,65535_65535,0,5,101310,361,1,1,1,8,361,28,1,1,allocated
653,1091,normal,0,0,65535_65535,0,1,135133,294,0,1,0,8,0,24,1,1,pre_allocation
653,1091,normal,0,0,65535_65535,0,1,135133,331,1,1,1,9,331,24,1,1,allocated
653,1091,normal,0,0,65535_65535,0,2,88198,361,0,1,0,8,0,28,1,1,pre_allocation
653,1091,normal,0,0,65535_65535,0,2,88198,406,1,1,1,9,406,28,1,1,allocated
653,1091,normal,0,0,65535_65535,0,3,94638,361,0,1,0,8,0,28,1,1,pre_allocation
653,1091,normal,0,0,65535_65535,0,3,94638,406,1,1,1,9,406,28,1,1,allocated
653,1091,normal,0,0,65535_65535,0,4,98980,361,0,1,0,8,0,28,1,1,pre_allocation
653,1091,normal,0,0,65535_65535,0,4,98980,406,1,1,1,9,406,28,1,1,allocated
653,1091,normal,0,0,65535_65535,0,5,101310,361,0,1,0,8,0,28,1,1,pre_allocation
653,1091,normal,0,0,65535_65535,0,5,101310,406,1,1,1,9,406,28,1,1,allocated
653,1091,normal,0,0,65535_65535,0,1,135133,331,0,1,0,9,0,24,1,1,pre_allocation
653,1091,normal,0,0,65535_65535,0,1,135133,368,1,1,1,10,368,24,1,1,allocated
653,1091,normal,0,0,65535_65535,0,2,88198,406,0,1,0,9,0,28,1,1,pre_allocation
653,1091,normal,0,0,65535_65535,0,2,88198,452,1,1,1,10,452,28,1,1,allocated
653,1091,normal,0,0,65535_65535,0,3,94638,406,0,1,0,9,0,28,1,1,pre_allocation
653,1091,normal,0,0,65535_65535,0,3,94638,452,1,1,1,10,452,28,1,1,allocated
653,1091,normal,0,0,65535_65535,0,4,98980,406,0,1,0,9,0,28,1,1,pre_allocation
653,1091,normal,0,0,65535_65535,0,4,98980,452,1,1,1,10,452,28,1,1,allocated
653,1091,normal,0,0,65535_65535,0,5,101310,406,0,1,0,9,0,28,1,1,pre_allocation
653,1091,normal,0,0,65535_65535,0,5,101310,452,1,1,1,10,452,28,1,1,allocated
653,1091,normal,0,0,65535_65535,0,1,135133,368,0,1,0,10,0,24,1,1,pre_allocation
653,1091,normal,0,0,65535_65535,0,1,135133,405,1,1,1,11,405,24,1,1,allocated
653,1091,normal,0,0,65535_65535,0,2,88198,452,0,1,0,10,0,28,1,1,pre_allocation
653,1091,normal,0,0,65535_65535,0,2,88198,497,1,1,1,11,497,28,1,1,allocated
653,1091,normal,0,0,65535_65535,0,3,94638,452,0,1,0,10,0,28,1,1,pre_allocation
653,1091,normal,0,0,65535_65535,0,3,94638,497,1,1,1,11,497,28,1,1,allocated
653,1091,normal,0,0,65535_65535,0,4,98980,452,0,1,0,10,0,28,1,1,pre_allocation
653,1091,normal,0,0,65535_65535,0,4,98980,497,1,1,1,11,497,28,1,1,allocated
653,1091,normal,0,0,65535_65535,0,5,101310,452,0,1,0,10,0,28,1,1,pre_allocation
653,1091,normal,0,0,65535_65535,0,5,101310,497,1,1,1,11,497,28,1,1,allocated
653,1091,normal,0,0,65535_65535,0,1,135133,405,0,1,0,11,0,24,1,1,pre_allocation
653,1091,normal,0,0,65535_65535,0,1,135133,442,1,1,1,12,442,24,1,1,allocated
653,1091,normal,0,0,65535_65535,0,2,88198,497,0,1,0,11,0,28,1,1,pre_allocation
653,1091,normal,0,0,65535_65535,0,2,88198,543,1,1,1,12,543,28,1,1,allocated
653,1091,normal,0,0,65535_65535,0,3,94638,497,0,1,0,11,0,28,1,1,pre_allocation
653,1091,normal,0,0,65535_65535,0,3,94638,543,1,1,1,12,543,28,1,1,allocated
653,1091,normal,0,0,65535_65535,0,4,98980,497,0,1,0,11,0,28,1,1,pre_allocation
653,1091,normal,0,0,65535_65535,0,4,98980,543,1,1,1,12,543,28,1,1,allocated
653,1091,normal,0,0,65535_65535,0,5,101310,497,0,1,0,11,0,28,1,1,pre_allocation
653,1091,normal,0,0,65535_65535,0,5,101310,543,1,1,1,12,543,28,1,1,allocated
653,1091,normal,0,0,65535_65535,0,1,135133,442,0,1,0,12,0,24,1,1,pre_allocation
653,1091,normal,0,0,65535_65535,0,1,135133,479,1,1,1,13,479,24,1,1,allocated
653,1091,normal,0,0,65535_65535,0,2,88198,543,0,1,0,12,0,28,1,1,pre_allocation
653,1091,normal,0,0,65535_65535,0,2,88198,589,1,1,1,13,589,28,1,1,allocated
653,1091,normal,0,0,65535_65535,0,3,94638,543,0,1,0,12,0,28,1,1,pre_allocation
653,1091,normal,0,0,65535_65535,0,3,94638,589,1,1,1,13,589,28,1,1,allocated
653,1091,normal,0,0,65535_65535,0,4,98980,543,0,1,0,12,0,28,1,1,pre_allocation
653,1091,normal,0,0,65535_65535,0,4,98980,589,1,1,1,13,589,28,1,1,allocated
653,1091,normal,0,0,65535_65535,0,5,101310,543,0,1,0,12,0,28,1,1,pre_allocation
653,1091,normal,0,0,65535_65535,0,5,101310,589,1,1,1,13,589,28,1,1,allocated
653,1091,normal,0,0,65535_65535,0,1,135133,479,0,1,0,13,0,24,1,1,pre_allocation
653,1091,normal,0,0,65535_65535,0,1,135133,516,1,1,1,14,516,24,1,1,allocated
653,1091,normal,0,0,65535_65535,0,2,88198,589,0,1,0,13,0,28,1,1,pre_allocation
653,1091,normal,0,0,65535_65535,0,2,88198,634,1,1,1,14,634,28,1,1,allocated
653,1091,normal,0,0,65535_65535,0,3,94638,589,0,1,0,13,0,28,1,1,pre_allocation
653,1091,normal,0,0,65535_65535,0,3,94638,634,1,1,1,14,634,28,1,1,allocated
653,1091,normal,0,0,65535_65535,0,4,98980,589,0,1,0,13,0,28,1,1,pre_allocation
653,1091,normal,0,0,65535_65535,0,4,98980,634,1,1,1,14,634,28,1,1,allocated
653,1091,normal,0,0,65535_65535,0,5,101310,589,0,1,0,13,0,28,1,1,pre_allocation
653,1091,normal,0,0,65535_65535,0,5,101310,634,1,1,1,14,634,28,1,1,allocated
653,1091,normal,0,0,65535_65535,0,1,135133,516,0,1,0,14,0,24,1,1,pre_allocation
653,1091,normal,0,0,65535_65535,0,1,135133,553,1,1,1,15,553,24,1,1,allocated
653,1091,normal,0,0,65535_65535,0,2,88198,634,0,1,0,14,0,28,1,1,pre_allocation
653,1091,normal,0,0,65535_65535,0,2,88198,680,1,1,1,15,680,28,1,1,allocated
653,1091,normal,0,0,65535_65535,0,3,94638,634,0,1,0,14,0,28,1,1,pre_allocation
653,1091,normal,0,0,65535_65535,0,3,94638,680,1,1,1,15,680,28,1,1,allocated
653,1091,normal,0,0,65535_65535,0,4,98980,634,0,1,0,14,0,28,1,1,pre_allocation
653,1091,normal,0,0,65535_65535,0,4,98980,680,1,1,1,15,680,28,1,1,allocated
653,1091,normal,0,0,65535_65535,0,5,101310,634,0,1,0,14,0,28,1,1,pre_allocation
653,1091,normal,0,0,65535_65535,0,5,101310,680,1,1,1,15,680,28,1,1,allocated
653,1091,normal,0,0,65535_65535,0,1,135133,553,0,1,0,15,0,24,1,1,pre_allocation
653,1091,normal,0,0,65535_65535,0,1,135133,591,1,1,1,16,591,24,1,1,allocated
653,1091,normal,0,0,65535_65535,0,2,88198,680,0,1,0,15,0,28,1,1,pre_allocation
653,1091,normal,0,0,65535_65535,0,2,88198,725,1,1,1,16,725,28,1,1,allocated
653,1091,normal,0,0,65535_65535,0,3,94638,680,0,1,0,15,0,28,1,1,pre_allocation
653,1091,normal,0,0,65535_65535,0,3,94638,725,1,1,1,16,725,28,1,1,allocated
653,1091,normal,0,0,65535_65535,0,4,98980,680,0,1,0,15,0,28,1,1,pre_allocation
653,1091,normal,0,0,65535_65535,0,4,98980,725,1,1,1,16,725,28,1,1,allocated
653,1091,normal,0,0,65535_65535,0,5,101310,680,0,1,0,15,0,28,1,1,pre_allocation
653,1091,normal,0,0,65535_65535,0,5,101310,725,1,1,1,16,725,28,1,1,allocated
653,1091,normal,0,0,65535_65535,0,1,135133,591,0,1,0,16,0,24,1,1,pre_allocation
653,1091,normal,0,0,65535_65535,0,1,135133,628,1,1,1,17,628,24,1,1,allocated
653,1091,normal,0,0,65535_65535,0,2,88198,725,0,1,0,16,0,28,1,1,pre_allocation
653,1091,normal,0,0,65535_65535,0,2,88198,771,1,1,1,17,771,28,1,1,allocated
653,1091,normal,0,0,65535_65535,0,3,94638,725,0,1,0,16,0,28,1,1,pre_allocation
653,1091,normal,0,0,65535_65535,0,3,94638,771,1,1,1,17,771,28,1,1,allocated
653,1091,normal,0,0,65535_65535,0,4,98980,725,0,1,0,16,0,28,1,1,pre_allocation
653,1091,normal,0,0,65535_65535,0,4,98980,771,1,1,1,17,771,28,1,1,allocated
653,1091,normal,0,0,65535_65535,0,5,101310,725,0,1,0,16,0,28,1,1,pre_allocation
653,1091,normal,0,0,65535_65535,0,5,101310,771,1,1,1,17,771,28,1,1,allocated
653,1091,normal,0,0,65535_65535,0,1,135133,628,0,1,0,17,0,24,1,1,pre_allocation
653,1091,normal,0,0,65535_65535,0,1,135133,665,1,1,1,18,665,24,1,1,allocated
653,1091,normal,0,0,65535_65535,0,2,88198,771,0,1,0,17,0,28,1,1,pre_allocation
653,1091,normal,0,0,65535_65535,0,2,88198,816,1,1,1,18,816,28,1,1,allocated
653,1091,normal,0,0,65535_65535,0,3,94638,771,0,1,0,17,0,28,1,1,pre_allocation
653,1091,normal,0,0,65535_65535,0,3,94638,816,1,1,1,18,816,28,1,1,allocated
653,1091,normal,0,0,65535_65535,0,4,98980,771,0,1,0,17,0,28,1,1,pre_allocation
653,1091,normal,0,0,65535_65535,0,4,98980,816,1,1,1,18,816,28,1,1,allocated
653,1091,normal,0,0,65535_65535,0,5,101310,771,0,1,0,17,0,28,1,1,pre_allocation
653,1091,normal,0,0,65535_65535,0,5,101310,816,1,1,1,18,816,28,1,1,allocated
653,1091,normal,0,0,65535_65535,0,1,135133,665,0,1,0,18,0,24,1,1,pre_allocation
653,1091,normal,0,0,65535_65535,0,1,135133,702,1,1,1,19,702,24,1,1,allocated
653,1091,normal,0,0,65535_65535,0,2,88198,816,0,1,0,18,0,28,1,1,pre_allocation
653,1091,normal,0,0,65535_65535,0,2,88198,862,1,1,1,19,862,28,1,1,allocated
653,1091,normal,0,0,65535_65535,0,3,94638,816,0,1,0,18,0,28,1,1,pre_allocation
653,1091,normal,0,0,65535_65535,0,3,94638,862,1,1,1,19,862,28,1,1,allocated
653,1091,normal,0,0,65535_65535,0,4,98980,816,0,1,0,18,0,28,1,1,pre_allocation
653,1091,normal,0,0,65535_65535,0,4,98980,862,1,1,1,19,862,28,1,1,allocated
653,1091,normal,0,0,65535_65535,0,5,101310,816,0,1,0,18,0,28,1,1,pre_allocation
653,1091,normal,0,0,65535_65535,0,5,101310,862,1,1,1,19,862,28,1,1,allocated
653,1091,normal,0,0,65535_65535,0,1,135133,702,0,1,0,19,0,24,1,1,pre_allocation
653,1091,normal,0,0,65535_65535,0,1,135133,739,1,1,1,20,739,24,1,1,allocated
653,1091,normal,0,0,65535_65535,0,2,88198,862,0,1,0,19,0,28,1,1,pre_allocation
653,1091,normal,0,0,65535_65535,0,2,88198,907,1,1,1,20,907,28,1,1,allocated
653,1091,normal,0,0,65535_65535,0,3,94638,862,0,1,0,19,0,28,1,1,pre_allocation
653,1091,normal,0,0,65535_65535,0,3,94638,907,1,1,1,20,907,28,1,1,allocated
653,1091,normal,0,0,65535_65535,0,4,98980,862,0,1,0,19,0,28,1,1,pre_allocation
653,1091,normal,0,0,65535_65535,0,4,98980,907,1,1,1,20,907,28,1,1,allocated
653,1091,normal,0,0,65535_65535,0,5,101310,862,0,1,0,19,0,28,1,1,pre_allocation
653,1091,normal,0,0,65535_65535,0,5,101310,907,1,1,1,20,907,28,1,1,allocated
653,1091,normal,0,0,65535_65535,0,1,135133,739,0,1,0,20,0,24,1,1,pre_allocation
653,1091,normal,0,0,65535_65535,0,1,135133,776,1,1,1,21,776,24,1,1,allocated
653,1091,normal,0,0,65535_65535,0,2,88198,907,0,1,0,20,0,28,1,1,pre_allocation
653,1091,normal,0,0,65535_65535,0,2,88198,953,1,1,1,21,953,28,1,1,allocated
653,1091,normal,0,0,65535_65535,0,3,94638,907,0,1,0,20,0,28,1,1,pre_allocation
653,1091,normal,0,0,65535_65535,0,3,94638,953,1,1,1,21,953,28,1,1,allocated
653,1091,normal,0,0,65535_65535,0,4,98980,907,0,1,0,20,0,28,1,1,pre_allocation
653,1091,normal,0,0,65535_65535,0,4,98980,953,1,1,1,21,953,28,1,1,allocated
653,1091,normal,0,0,65535_65535,0,5,101310,907,0,1,0,20,0,28,1,1,pre_allocation
653,1091,normal,0,0,65535_65535,0,5,101310,953,1,1,1,21,953,28,1,1,allocated
653,1091,normal,0,0,65535_65535,0,1,135133,776,0,1,0,21,0,24,1,1,pre_allocation
653,1091,normal,0,0,65535_65535,0,1,135133,813,1,1,1,22,813,24,1,1,allocated
653,1091,normal,0,0,65535_65535,0,2,88198,953,0,1,0,21,0,28,1,1,pre_allocation
653,1091,normal,0,0,65535_65535,0,2,88198,998,1,1,1,22,998,28,1,1,allocated
653,1091,normal,0,0,65535_65535,0,3,94638,953,0,1,0,21,0,28,1,1,pre_allocation
653,1091,normal,0,0,65535_65535,0,3,94638,998,1,1,1,22,998,28,1,1,allocated
653,1091,normal,0,0,65535_65535,0,4,98980,953,0,1,0,21,0,28,1,1,pre_allocation
653,1091,normal,0,0,65535_65535,0,4,98980,998,1,1,1,22,998,28,1,1,allocated
653,1091,normal,0,0,65535_65535,0,5,101310,953,0,1,0,21,0,28,1,1,pre_allocation
653,1091,normal,0,0,65535_65535,0,5,101310,998,1,1,1,22,998,28,1,1,allocated
653,1091,normal,0,0,65535_65535,0,1,135133,813,0,1,0,22,0,24,1,1,pre_allocation
653,1091,normal,0,0,65535_65535,0,1,135133,850,1,1,1,23,850,24,1,1,allocated
653,1091,normal,0,0,65535_65535,0,2,88198,998,0,1,0,22,0,28,1,1,pre_allocation
653,1091,normal,0,0,65535_65535,0,2,88198,1044,1,1,1,23,1044,28,1,1,allocated
653,1091,normal,0,0,65535_65535,0,3,94638,998,0,1,0,22,0,28,1,1,pre_allocation
653,1091,normal,0,0,65535_65535,0,3,94638,1044,1,1,1,23,1044,28,1,1,allocated
653,1091,normal,0,0,65535_65535,0,4,98980,998,0,1,0,22,0,28,1,1,pre_allocation
653,1091,normal,0,0,65535_65535,0,4,98980,1044,1,1,1,23,1044,28,1,1,allocated
653,1091,normal,0,0,65535_65535,0,5,101310,998,0,1,0,22,0,28,1,1,pre_allocation
653,1091,normal,0,0,65535_65535,0,5,101310,1044,1,1,1,23,1044,28,1,1,allocated
653,1091,normal,0,0,65535_65535,0,1,135133,850,0,1,0,23,0,24,1,1,pre_allocation
653,1091,normal,0,0,65535_65535,0,1,135133,888,1,1,1,24,888,24,1,1,allocated
653,1091,normal,0,0,65535_65535,0,2,88198,1044,0,1,0,23,0,28,1,1,pre_allocation
653,1091,normal,0,0,65535_65535,0,2,88198,1089,1,1,1,24,1089,28,1,1,allocated
653,1091,normal,0,0,65535_65535,0,3,94638,1044,0,1,0,23,0,28,1,1,pre_allocation
653,1091,normal,0,0,65535_65535,0,3,94638,1089,1,1,1,24,1089,28,1,1,allocated
653,1091,normal,0,0,65535_65535,0,4,98980,1044,0,1,0,23,0,28,1,1,pre_allocation
653,1091,normal,0,0,65535_65535,0,4,98980,1089,1,1,1,24,1089,28,1,1,allocated
653,1091,normal,0,0,65535_65535,0,5,101310,1044,0,1,0,23,0,28,1,1,pre_allocation
653,1091,normal,0,0,65535_65535,0,5,101310,1089,1,1,1,24,1089,28,1,1,allocated
653,1091,normal,0,0,65535_65535,0,1,135133,888,0,1,0,24,0,24,1,1,pre_allocation
653,1091,normal,0,0,65535_65535,0,1,135133,925,1,1,1,25,925,24,1,1,allocated
653,1091,normal,0,0,65535_65535,0,2,88198,1089,0,1,0,24,0,28,1,1,pre_allocation
653,1091,normal,0,0,65535_65535,0,2,88198,1135,1,1,1,25,1135,28,1,1,allocated
653,1091,normal,0,0,65535_65535,0,3,94638,1089,0,1,0,24,0,28,1,1,pre_allocation
653,1091,normal,0,0,65535_65535,0,3,94638,1135,1,1,1,25,1135,28,1,1,allocated
653,1091,normal,0,0,65535_65535,0,4,98980,1089,0,1,0,24,0,28,1,1,pre_allocation
653,1091,normal,0,0,65535_65535,0,4,98980,1135,1,1,1,25,1135,28,1,1,allocated
653,1091,normal,0,0,65535_65535,0,5,101310,1089,0,1,0,24,0,28,1,1,pre_allocation
653,1091,normal,0,0,65535_65535,0,5,101310,1135,1,1,1,25,1135,28,1,1,allocated
653,1091,normal,0,0,65535_65535,0,1,135133,925,0,1,0,25,0,24,1,1,pre_allocation
653,1091,normal,0,0,65535_65535,0,1,135133,962,1,1,1,26,962,24,1,1,allocated
653,1091,normal,0,0,65535_65535,0,2,88198,1135,0,1,0,25,0,28,1,1,pre_allocation
653,1091,normal,0,0,65535_65535,0,2,88198,1181,1,1,1,26,1181,28,1,1,allocated
653,1091,normal,0,0,65535_65535,0,3,94638,1135,0,1,0,25,0,28,1,1,pre_allocation
653,1091,normal,0,0,65535_65535,0,3,94638,1181,1,1,1,26,1181,28,1,1,allocated
653,1091,normal,0,0,65535_65535,0,4,98980,1135,0,1,0,25,0,28,1,1,pre_allocation
653,1091,normal,0,0,65535_65535,0,4,98980,1181,1,1,1,26,1181,28,1,1,allocated
653,1091,normal,0,0,65535_65535,0,5,101310,1135,0,1,0,25,0,28,1,1,pre_allocation
653,1091,normal,0,0,65535_65535,0,5,101310,1181,1,1,1,26,1181,28,1,1,allocated
653,1091,normal,0,0,65535_65535,0,1,135133,962,0,1,0,26,0,24,1,1,pre_allocation
653,1091,normal,0,0,65535_65535,0,1,135133,999,1,1,1,27,999,24,1,1,allocated
653,1091,normal,0,0,65535_65535,0,2,88198,1181,0,1,0,26,0,28,1,1,pre_allocation
653,1091,normal,0,0,65535_65535,0,2,88198,1226,1,1,1,27,1226,28,1,1,allocated
653,1091,normal,0,0,65535_65535,0,3,94638,1181,0,1,0,26,0,28,1,1,pre_allocation
653,1091,normal,0,0,65535_65535,0,3,94638,1226,1,1,1,27,1226,28,1,1,allocated
653,1091,normal,0,0,65535_65535,0,4,98980,1181,0,1,0,26,0,28,1,1,pre_allocation
653,1091,normal,0,0,65535_65535,0,4,98980,1226,1,1,1,27,1226,28,1,1,allocated
653,1091,normal,0,0,65535_65535,0,5,101310,1181,0,1,0,26,0,28,1,1,pre_allocation
653,1091,normal,0,0,65535_65535,0,5,101310,1226,1,1,1,27,1226,28,1,1,allocated
653,1091,normal,0,0,65535_65535,0,1,135133,999,0,1,0,27,0,24,1,1,pre_allocation
653,1091,normal,0,0,65535_65535,0,1,135133,1036,1,1,1,28,1036,24,1,1,allocated
653,1091,normal,0,0,65535_65535,0,2,88198,1226,0,1,0,27,0,28,1,1,pre_allocation
653,1091,normal,0,0,65535_65535,0,2,88198,1272,1,1,1,28,1272,28,1,1,allocated
653,1091,normal,0,0,65535_65535,0,3,94638,1226,0,1,0,27,0,28,1,1,pre_allocation
653,1091,normal,0,0,65535_65535,0,3,94638,1272,1,1,1,28,1272,28,1,1,allocated
653,1091,normal,0,0,65535_65535,1,6,87,0,0,1,0,0,0,28,1,1,pre_allocation
653,1091,normal,0,0,65535_65535,1,6,87,42,1,1,1,1,42,28,1,1,allocated
653,1091,normal,0,0,65535_65535,1,7,87,0,0,1,0,0,0,28,1,1,pre_allocation
653,1091,normal,0,0,65535_65535,1,7,87,42,1,1,1,1,42,28,1,1,allocated
653,1091,normal,0,0,65535_65535,1,9,87,0,0,1,0,0,0,28,1,1,pre_allocation
653,1091,normal,0,0,65535_65535,1,9,87,42,1,1,1,1,42,28,1,1,allocated
653,1091,normal,0,0,65535_65535,1,10,87,0,0,1,0,0,0,28,1,1,pre_allocation
653,1091,normal,0,0,65535_65535,1,10,87,42,1,1,1,1,42,28,1,1,allocated
653,1091,normal,0,0,65535_65535,1,6,87,42,0,1,0,1,0,28,1,1,pre_allocation
653,1091,normal,0,0,65535_65535,1,6,87,88,1,1,1,2,88,28,1,1,allocated
653,1091,normal,0,0,65535_65535,1,7,87,42,0,1,0,1,0,28,1,1,pre_allocation
653,1091,normal,0,0,65535_65535,1,7,87,88,1,1,1,2,88,28,1,1,allocated
653,1091,normal,0,0,65535_65535,1,9,87,42,0,1,0,1,0,28,1,1,pre_allocation
653,1091,normal,0,0,65535_65535,1,9,87,88,1,1,1,2,88,28,1,1,allocated
653,1091,normal,0,0,65535_65535,1,10,87,42,0,1,0,1,0,28,1,1,pre_allocation
653,1091,normal,0,0,65535_65535,1,10,87,88,1,1,1,2,88,28,1,1,allocated
653,1091,normal,0,0,65535_65535,1,6,87,88,0,1,0,2,0,28,1,1,pre_allocation
653,1091,normal,0,0,65535_65535,1,6,87,133,1,1,1,3,133,28,1,1,allocated
653,1091,normal,0,0,65535_65535,1,7,87,88,0,1,0,2,0,28,1,1,pre_allocation
653,1091,normal,0,0,65535_65535,1,7,87,133,1,1,1,3,133,28,1,1,allocated
653,1091,normal,0,0,65535_65535,1,9,87,88,0,1,0,2,0,28,1,1,pre_allocation
653,1091,normal,0,0,65535_65535,1,9,87,133,1,1,1,3,133,28,1,1,allocated
653,1091,normal,0,0,65535_65535,1,10,87,88,0,1,0,2,0,28,1,1,pre_allocation
653,1091,normal,0,0,65535_65535,1,10,87,133,1,1,1,3,133,28,1,1,allocated
653,1091,normal,0,0,65535_65535,1,6,87,133,0,1,0,3,0,28,1,1,pre_allocation
653,1091,normal,0,0,65535_65535,1,6,87,179,1,1,1,4,179,28,1,1,allocated
653,1091,normal,0,0,65535_65535,1,7,87,133,0,1,0,3,0,28,1,1,pre_allocation
653,1091,normal,0,0,65535_65535,1,7,87,179,1,1,1,4,179,28,1,1,allocated
653,1091,normal,0,0,65535_65535,1,9,87,133,0,1,0,3,0,28,1,1,pre_allocation
653,1091,normal,0,0,65535_65535,1,9,87,179,1,1,1,4,179,28,1,1,allocated
653,1091,normal,0,0,65535_65535,1,10,87,133,0,1,0,3,0,28,1,1,pre_allocation
653,1091,normal,0,0,65535_65535,1,10,87,179,1,1,1,4,179,28,1,1,allocated
653,1091,normal,0,0,65535_65535,1,6,87,179,0,1,0,4,0,28,1,1,pre_allocation
653,1091,normal,0,0,65535_65535,1,6,87,224,1,1,1,5,224,28,1,1,allocated
653,1091,normal,0,0,65535_65535,1,7,87,179,0,1,0,4,0,28,1,1,pre_allocation
653,1091,normal,0,0,65535_65535,1,7,87,224,1,1,1,5,224,28,1,1,allocated
653,1091,normal,0,0,65535_65535,1,9,87,179,0,1,0,4,0,28,1,1,pre_allocation
653,1091,normal,0,0,65535_65535,1,9,87,224,1,1,1,5,224,28,1,1,allocated
653,1091,normal,0,0,65535_65535,1,10,87,179,0,1,0,4,0,28,1,1,pre_allocation
653,1091,normal,0,0,65535_65535,1,10,87,224,1,1,1,5,224,28,1,1,allocated
653,1091,normal,0,0,65535_65535,1,6,87,224,0,1,0,5,0,28,1,1,pre_allocation
653,1091,normal,0,0,65535_65535,1,6,87,270,1,1,1,6,270,28,1,1,allocated
653,1091,normal,0,0,65535_65535,1,7,87,224,0,1,0,5,0,28,1,1,pre_allocation
653,1091,normal,0,0,65535_65535,1,7,87,270,1,1,1,6,270,28,1,1,allocated
653,1091,normal,0,0,65535_65535,1,9,87,224,0,1,0,5,0,28,1,1,pre_allocation
653,1091,normal,0,0,65535_65535,1,9,87,270,1,1,1,6,270,28,1,1,allocated
653,1091,normal,0,0,65535_65535,1,10,87,224,0,1,0,5,0,28,1,1,pre_allocation
653,1091,normal,0,0,65535_65535,1,10,87,270,1,1,1,6,270,28,1,1,allocated
653,1091,normal,0,0,65535_65535,1,6,87,270,0,1,0,6,0,28,1,1,pre_allocation
653,1091,normal,0,0,65535_65535,1,6,87,315,1,1,1,7,315,28,1,1,allocated
653,1091,normal,0,0,65535_65535,1,7,87,270,0,1,0,6,0,28,1,1,pre_allocation
653,1091,normal,0,0,65535_65535,1,7,87,315,1,1,1,7,315,28,1,1,allocated
653,1091,normal,0,0,65535_65535,1,9,87,270,0,1,0,6,0,28,1,1,pre_allocation
653,1091,normal,0,0,65535_65535,1,9,87,315,1,1,1,7,315,28,1,1,allocated
653,1091,normal,0,0,65535_65535,1,10,87,270,0,1,0,6,0,28,1,1,pre_allocation
653,1091,normal,0,0,65535_65535,1,10,87,315,1,1,1,7,315,28,1,1,allocated
653,1091,normal,0,0,65535_65535,1,6,87,315,0,1,0,7,0,28,1,1,pre_allocation
653,1091,normal,0,0,65535_65535,1,6,87,361,1,1,1,8,361,28,1,1,allocated
653,1091,normal,0,0,65535_65535,1,7,87,315,0,1,0,7,0,28,1,1,pre_allocation
653,1091,normal,0,0,65535_65535,1,7,87,361,1,1,1,8,361,28,1,1,allocated
653,1091,normal,0,0,65535_65535,1,9,87,315,0,1,0,7,0,28,1,1,pre_allocation
653,1091,normal,0,0,65535_65535,1,9,87,361,1,1,1,8,361,28,1,1,allocated
653,1091,normal,0,0,65535_65535,1,10,87,315,0,1,0,7,0,28,1,1,pre_allocation
653,1091,normal,0,0,65535_65535,1,10,87,361,1,1,1,8,361,28,1,1,allocated
653,1091,normal,0,0,65535_65535,1,6,87,361,0,1,0,8,0,28,1,1,pre_allocation
653,1091,normal,0,0,65535_65535,1,6,87,406,1,1,1,9,406,28,1,1,allocated
653,1091,normal,0,0,65535_65535,1,7,87,361,0,1,0,8,0,28,1,1,pre_allocation
653,1091,normal,0,0,65535_65535,1,7,87,406,1,1,1,9,406,28,1,1,allocated
653,1091,normal,0,0,65535_65535,1,9,87,361,0,1,0,8,0,28,1,1,pre_allocation
653,1091,normal,0,0,65535_65535,1,9,87,406,1,1,1,9,406,28,1,1,allocated
653,1091,normal,0,0,65535_65535,1,10,87,361,0,1,0,8,0,28,1,1,pre_allocation
653,1091,normal,0,0,65535_65535,1,10,87,406,1,1,1,9,406,28,1,1,allocated
653,1091,normal,0,0,65535_65535,1,6,87,406,0,1,0,9,0,28,1,1,pre_allocation
653,1091,normal,0,0,65535_65535,1,6,87,452,1,1,1,10,452,28,1,1,allocated
653,1091,normal,0,0,65535_65535,1,7,87,406,0,1,0,9,0,28,1,1,pre_allocation
653,1091,normal,0,0,65535_65535,1,7,87,452,1,1,1,10,452,28,1,1,allocated
653,1091,normal,0,0,65535_65535,1,9,87,406,0,1,0,9,0,28,1,1,pre_allocation
653,1091,normal,0,0,65535_65535,1,9,87,452,1,1,1,10,452,28,1,1,allocated
653,1091,normal,0,0,65535_65535,1,10,87,406,0,1,0,9,0,28,1,1,pre_allocation
653,1091,normal,0,0,65535_65535,1,10,87,452,1,1,1,10,452,28,1,1,allocated
653,1091,normal,0,0,65535_65535,1,6,87,452,0,1,0,10,0,28,1,1,pre_allocation
653,1091,normal,0,0,65535_65535,1,6,87,497,1,1,1,11,497,28,1,1,allocated
653,1091,normal,0,0,65535_65535,1,7,87,452,0,1,0,10,0,28,1,1,pre_allocation
653,1091,normal,0,0,65535_65535,1,7,87,497,1,1,1,11,497,28,1,1,allocated
653,1091,normal,0,0,65535_65535,1,9,87,452,0,1,0,10,0,28,1,1,pre_allocation
653,1091,normal,0,0,65535_65535,1,9,87,497,1,1,1,11,497,28,1,1,allocated
653,1091,normal,0,0,65535_65535,1,10,87,452,0,1,0,10,0,28,1,1,pre_allocation
653,1091,normal,0,0,65535_65535,1,10,87,497,1,1,1,11,497,28,1,1,allocated
653,1091,normal,0,0,65535_65535,1,6,87,497,0,1,0,11,0,28,1,1,pre_allocation
653,1091,normal,0,0,65535_65535,1,6,87,543,1,1,1,12,543,28,1,1,allocated
653,1091,normal,0,0,65535_65535,1,7,87,497,0,1,0,11,0,28,1,1,pre_allocation
653,1091,normal,0,0,65535_65535,1,7,87,543,1,1,1,12,543,28,1,1,allocated
653,1091,normal,0,0,65535_65535,1,9,87,497,0,1,0,11,0,28,1,1,pre_allocation
653,1091,normal,0,0,65535_65535,1,9,87,543,1,1,1,12,543,28,1,1,allocated
653,1091,normal,0,0,65535_65535,1,10,87,497,0,1,0,11,0,28,1,1,pre_allocation
653,1091,normal,0,0,65535_65535,1,10,87,543,1,1,1,12,543,28,1,1,allocated
653,1091,normal,0,0,65535_65535,1,6,87,543,0,1,0,12,0,28,1,1,pre_allocation
653,1091,normal,0,0,65535_65535,1,6,87,589,1,1,1,13,589,28,1,1,allocated
653,1091,normal,0,0,65535_65535,1,7,87,543,0,1,0,12,0,28,1,1,pre_allocation
653,1091,normal,0,0,65535_65535,1,7,87,589,1,1,1,13,589,28,1,1,allocated
653,1091,normal,0,0,65535_65535,1,9,87,543,0,1,0,12,0,28,1,1,pre_allocation
653,1091,normal,0,0,65535_65535,1,9,87,589,1,1,1,13,589,28,1,1,allocated
653,1091,normal,0,0,65535_65535,1,10,87,543,0,1,0,12,0,28,1,1,pre_allocation
653,1091,normal,0,0,65535_65535,1,10,87,589,1,1,1,13,589,28,1,1,allocated
653,1091,normal,0,0,65535_65535,1,6,87,589,0,1,0,13,0,28,1,1,pre_allocation
653,1091,normal,0,0,65535_65535,1,6,87,634,1,1,1,14,634,28,1,1,allocated
653,1091,normal,0,0,65535_65535,2,28,137,0,0,1,0,0,0,28,1,1,pre_allocation
653,1091,normal,0,0,65535_65535,2,28,137,42,1,1,1,1,42,28,1,1,allocated
653,1091,normal,0,0,65535_65535,2,27,137,0,0,1,0,0,0,28,1,1,pre_allocation
653,1091,normal,0,0,65535_65535,2,27,137,42,1,1,1,1,42,28,1,1,allocated
653,1091,normal,0,0,65535_65535,2,26,269,0,0,1,0,0,0,15,1,1,pre_allocation
653,1091,normal,0,0,65535_65535,2,26,269,14,1,1,1,1,14,15,1,1,allocated
653,1091,normal,0,0,65535_65535,2,25,137,0,0,1,0,0,0,28,1,1,pre_allocation
653,1091,normal,0,0,65535_65535,2,25,137,42,1,1,1,1,42,28,1,1,allocated
653,1091,normal,0,0,65535_65535,2,24,137,0,0,1,0,0,0,28,1,1,pre_allocation
653,1091,normal,0,0,65535_65535,2,24,137,42,1,1,1,1,42,28,1,1,allocated
653,1091,normal,0,0,65535_65535,2,23,401,0,0,1,0,0,0,15,1,1,pre_allocation
653,1091,normal,0,0,65535_65535,2,23,401,14,1,1,1,1,14,15,1,1,allocated
653,1091,normal,0,0,65535_65535,2,22,137,0,0,1,0,0,0,28,1,1,pre_allocation
653,1091,normal,0,0,65535_65535,2,22,137,42,1,1,1,1,42,28,1,1,allocated
653,1091,normal,0,0,65535_65535,2,21,137,0,0,1,0,0,0,28,1,1,pre_allocation
653,1091,normal,0,0,65535_65535,2,21,137,42,1,1,1,1,42,28,1,1,allocated
653,1091,normal,0,0,65535_65535,2,11,137,0,0,1,0,0,0,28,1,1,pre_allocation
653,1091,normal,0,0,65535_65535,2,11,137,42,1,1,1,1,42,28,1,1,allocated
653,1091,normal,0,0,65535_65535,2,12,137,0,0,1,0,0,0,28,1,1,pre_allocation
653,1091,normal,0,0,65535_65535,2,12,137,42,1,1,1,1,42,28,1,1,allocated
653,1091,normal,0,0,65535_65535,2,28,137,42,0,1,0,1,0,28,1,1,pre_allocation
653,1091,normal,0,0,65535_65535,2,28,137,88,1,1,1,2,88,28,1,1,allocated
653,1091,normal,0,0,65535_65535,2,27,137,42,0,1,0,1,0,28,1,1,pre_allocation
653,1091,normal,0,0,65535_65535,2,27,137,88,1,1,1,2,88,28,1,1,allocated
653,1091,normal,0,0,65535_65535,2,26,269,14,0,1,0,1,0,15,1,1,pre_allocation
653,1091,normal,0,0,65535_65535,2,26,269,32,1,1,1,2,32,15,1,1,allocated
653,1091,normal,0,0,65535_65535,2,25,137,42,0,1,0,1,0,28,1,1,pre_allocation
653,1091,normal,0,0,65535_65535,2,25,137,88,1,1,1,2,88,28,1,1,allocated
653,1091,normal,0,0,65535_65535,2,24,137,42,0,1,0,1,0,28,1,1,pre_allocation
653,1091,normal,0,0,65535_65535,2,24,137,88,1,1,1,2,88,28,1,1,allocated
653,1091,normal,0,0,65535_65535,2,23,401,14,0,1,0,1,0,15,1,1,pre_allocation
653,1091,normal,0,0,65535_65535,2,23,401,32,1,1,1,2,32,15,1,1,allocated
653,1091,normal,0,0,65535_65535,2,22,137,42,0,1,0,1,0,28,1,1,pre_allocation
653,1091,normal,0,0,65535_65535,2,22,137,88,1,1,1,2,88,28,1,1,allocated
653,1091,normal,0,0,65535_65535,2,21,137,42,0,1,0,1,0,28,1,1,pre_allocation
653,1091,normal,0,0,65535_65535,2,21,137,88,1,1,1,2,88,28,1,1,allocated
653,1091,normal,0,0,65535_65535,2,11,137,42,0,1,0,1,0,28,1,1,pre_allocation
653,1091,normal,0,0,65535_65535,2,11,137,88,1,1,1,2,88,28,1,1,allocated
653,1091,normal,0,0,65535_65535,2,12,137,42,0,1,0,1,0,28,1,1,pre_allocation
653,1091,normal,0,0,65535_65535,2,12,137,88,1,1,1,2,88,28,1,1,allocated
653,1091,normal,0,0,65535_65535,2,28,137,88,0,1,0,2,0,28,1,1,pre_allocation
653,1091,normal,0,0,65535_65535,2,28,137,133,1,1,1,3,133,28,1,1,allocated
653,1091,normal,0,0,65535_65535,2,27,137,88,0,1,0,2,0,28,1,1,pre_allocation
653,1091,normal,0,0,65535_65535,2,27,137,133,1,1,1,3,133,28,1,1,allocated
653,1091,normal,0,0,65535_65535,2,26,269,32,0,1,0,2,0,15,1,1,pre_allocation
653,1091,normal,0,0,65535_65535,2,26,269,50,1,1,1,3,50,15,1,1,allocated
653,1091,normal,0,0,65535_65535,2,25,137,88,0,1,0,2,0,28,1,1,pre_allocation
653,1091,normal,0,0,65535_65535,2,25,137,133,1,1,1,3,133,28,1,1,allocated
653,1091,normal,0,0,65535_65535,2,24,137,88,0,1,0,2,0,28,1,1,pre_allocation
653,1091,normal,0,0,65535_65535,2,24,137,133,1,1,1,3,133,28,1,1,allocated
653,1091,normal,0,0,65535_65535,2,23,401,32,0,1,0,2,0,15,1,1,pre_allocation
653,1091,normal,0,0,65535_65535,2,23,401,50,1,1,1,3,50,15,1,1,allocated
653,1091,normal,0,0,65535_65535,2,22,137,88,0,1,0,2,0,28,1,1,pre_allocation
653,1091,normal,0,0,65535_65535,2,22,137,133,1,1,1,3,133,28,1,1,allocated
653,1091,normal,0,0,65535_65535,2,21,137,88,0,1,0,2,0,28,1,1,pre_allocation
653,1091,normal,0,0,65535_65535,2,21,137,133,1,1,1,3,133,28,1,1,allocated
653,1091,normal,0,0,65535_65535,2,11,137,88,0,1,0,2,0,28,1,1,pre_allocation
653,1091,normal,0,0,65535_65535,2,11,137,133,1,1,1,3,133,28,1,1,allocated
653,1091,normal,0,0,65535_65535,2,12,137,88,0,1,0,2,0,28,1,1,pre_allocation
653,1091,normal,0,0,65535_65535,2,12,137,133,1,1,1,3,133,28,1,1,allocated
653,1091,normal,0,0,65535_65535,2,28,137,133,0,1,0,3,0,28,1,1,pre_allocation
653,1091,normal,0,0,65535_65535,2,28,137,179,1,1,1,4,179,28,1,1,allocated
653,1091,normal,0,0,65535_65535,2,27,137,133,0,1,0,3,0,28,1,1,pre_allocation
653,1091,normal,0,0,65535_65535,2,27,137,179,1,1,1,4,179,28,1,1,allocated
653,1091,normal,0,0,65535_65535,2,26,269,50,0,1,0,3,0,15,1,1,pre_allocation
653,1091,normal,0,0,65535_65535,2,26,269,68,1,1,1,4,68,15,1,1,allocated
653,1091,normal,0,0,65535_65535,2,25,137,133,0,1,0,3,0,28,1,1,pre_allocation
653,1091,normal,0,0,65535_65535,2,25,137,179,1,1,1,4,179,28,1,1,allocated
653,1091,normal,0,0,65535_65535,2,24,137,133,0,1,0,3,0,28,1,1,pre_allocation
653,1091,normal,0,0,65535_65535,2,24,137,179,1,1,1,4,179,28,1,1,allocated
653,1091,normal,0,0,65535_65535,2,23,401,50,0,1,0,3,0,15,1,1,pre_allocation
653,1091,normal,0,0,65535_65535,2,23,401,68,1,1,1,4,68,15,1,1,allocated
653,1091,normal,0,0,65535_65535,2,22,137,133,0,1,0,3,0,28,1,1,pre_allocation
653,1091,normal,0,0,65535_65535,2,22,137,179,1,1,1,4,179,28,1,1,allocated
653,1091,normal,0,0,65535_65535,2,21,137,133,0,1,0,3,0,28,1,1,pre_allocation
653,1091,normal,0,0,65535_65535,2,21,137,179,1,1,1,4,179,28,1,1,allocated
653,1091,normal,0,0,65535_65535,2,11,137,133,0,1,0,3,0,28,1,1,pre_allocation
653,1091,normal,0,0,65535_65535,2,11,137,179,1,1,1,4,179,28,1,1,allocated
653,1091,normal,0,0,65535_65535,2,12,137,133,0,1,0,3,0,28,1,1,pre_allocation
653,1091,normal,0,0,65535_65535,2,12,137,179,1,1,1,4,179,28,1,1,allocated
653,1091,normal,0,0,65535_65535,2,28,137,179,0,1,0,4,0,28,1,1,pre_allocation
653,1091,normal,0,0,65535_65535,2,28,137,224,1,1,1,5,224,28,1,1,allocated
653,1091,normal,0,0,65535_65535,2,27,137,179,0,1,0,4,0,28,1,1,pre_allocation
653,1091,normal,0,0,65535_65535,2,27,137,224,1,1,1,5,224,28,1,1,allocated
653,1091,normal,0,0,65535_65535,2,26,269,68,0,1,0,4,0,15,1,1,pre_allocation
653,1091,normal,0,0,65535_65535,2,26,269,86,1,1,1,5,86,15,1,1,allocated
653,1091,normal,0,0,65535_65535,2,25,137,179,0,1,0,4,0,28,1,1,pre_allocation
653,1091,normal,0,0,65535_65535,2,25,137,224,1,1,1,5,224,28,1,1,allocated
653,1091,normal,0,0,65535_65535,2,24,137,179,0,1,0,4,0,28,1,1,pre_allocation
653,1091,normal,0,0,65535_65535,2,24,137,224,1,1,1,5,224,28,1,1,allocated
653,1091,normal,0,0,65535_65535,2,23,401,68,0,1,0,4,0,15,1,1,pre_allocation
653,1091,normal,0,0,65535_65535,2,23,401,86,1,1,1,5,86,15,1,1,allocated
653,1091,normal,0,0,65535_65535,2,22,137,179,0,1,0,4,0,28,1,1,pre_allocation
653,1091,normal,0,0,65535_65535,2,22,137,224,1,1,1,5,224,28,1,1,allocated
653,1091,normal,0,0,65535_65535,2,21,137,179,0,1,0,4,0,28,1,1,pre_allocation
653,1091,normal,0,0,65535_65535,2,21,137,224,1,1,1,5,224,28,1,1,allocated
653,1091,normal,0,0,65535_65535,2,11,137,179,0,1,0,4,0,28,1,1,pre_allocation
653,1091,normal,0,0,65535_65535,2,11,137,224,1,1,1,5,224,28,1,1,allocated
653,1091,normal,0,0,65535_65535,2,12,137,179,0,1,0,4,0,28,1,1,pre_allocation
653,1091,normal,0,0,65535_65535,2,12,137,224,1,1,1,5,224,28,1,1,allocated
653,1091,normal,0,0,65535_65535,2,28,137,224,0,1,0,5,0,28,1,1,pre_allocation
653,1091,normal,0,0,65535_65535,2,28,137,270,1,1,1,6,270,28,1,1,allocated
653,1091,normal,0,0,65535_65535,2,27,137,224,0,1,0,5,0,28,1,1,pre_allocation
653,1091,normal,0,0,65535_65535,2,27,137,270,1,1,1,6,270,28,1,1,allocated
653,1091,normal,0,0,65535_65535,2,26,269,86,0,1,0,5,0,15,1,1,pre_allocation
653,1091,normal,0,0,65535_65535,2,26,269,103,1,1,1,6,103,15,1,1,allocated
653,1091,normal,0,0,65535_65535,2,25,137,224,0,1,0,5,0,28,1,1,pre_allocation
653,1091,normal,0,0,65535_65535,2,25,137,270,1,1,1,6,270,28,1,1,allocated
653,1091,normal,0,0,65535_65535,2,24,137,224,0,1,0,5,0,28,1,1,pre_allocation
653,1091,normal,0,0,65535_65535,2,24,137,270,1,1,1,6,270,28,1,1,allocated
653,1091,normal,0,0,65535_65535,2,23,401,86,0,1,0,5,0,15,1,1,pre_allocation
653,1091,normal,0,0,65535_65535,2,23,401,103,1,1,1,6,103,15,1,1,allocated
653,1091,normal,0,0,65535_65535,2,22,137,224,0,1,0,5,0,28,1,1,pre_allocation
653,1091,normal,0,0,65535_65535,2,22,137,270,1,1,1,6,270,28,1,1,allocated
653,1091,normal,0,0,65535_65535,2,21,137,224,0,1,0,5,0,28,1,1,pre_allocation
653,1091,normal,0,0,65535_65535,2,21,137,270,1,1,1,6,270,28,1,1,allocated
653,1091,normal,0,0,65535_65535,2,11,137,224,0,1,0,5,0,28,1,1,pre_allocation
653,1091,normal,0,0,65535_65535,2,11,137,270,1,1,1,6,270,28,1,1,allocated
653,1091,normal,0,0,65535_65535,2,12,137,224,0,1,0,5,0,28,1,1,pre_allocation
653,1091,normal,0,0,65535_65535,2,12,137,270,1,1,1,6,270,28,1,1,allocated
653,1091,normal,0,0,65535_65535,2,28,137,270,0,1,0,6,0,28,1,1,pre_allocation
653,1091,normal,0,0,65535_65535,2,28,137,315,1,1,1,7,315,28,1,1,allocated
653,1091,normal,0,0,65535_65535,2,27,137,270,0,1,0,6,0,28,1,1,pre_allocation
653,1091,normal,0,0,65535_65535,2,27,137,315,1,1,1,7,315,28,1,1,allocated
653,1091,normal,0,0,65535_65535,2,26,269,103,0,1,0,6,0,15,1,1,pre_allocation
653,1091,normal,0,0,65535_65535,2,26,269,121,1,1,1,7,121,15,1,1,allocated
653,1091,normal,0,0,65535_65535,2,25,137,270,0,1,0,6,0,28,1,1,pre_allocation
653,1091,normal,0,0,65535_65535,2,25,137,315,1,1,1,7,315,28,1,1,allocated
653,1091,normal,0,0,65535_65535,2,24,137,270,0,1,0,6,0,28,1,1,pre_allocation
653,1091,normal,0,0,65535_65535,2,24,137,315,1,1,1,7,315,28,1,1,allocated
653,1091,normal,0,0,65535_65535,2,23,401,103,0,1,0,6,0,15,1,1,pre_allocation
653,1091,normal,0,0,65535_65535,2,23,401,121,1,1,1,7,121,15,1,1,allocated
653,1091,normal,0,0,65535_65535,2,22,137,270,0,1,0,6,0,28,1,1,pre_allocation
653,1091,normal,0,0,65535_65535,2,22,137,315,1,1,1,7,315,28,1,1,allocated
653,1091,normal,0,0,65535_65535,2,21,137,270,0,1,0,6,0,28,1,1,pre_allocation
653,1091,normal,0,0,65535_65535,2,21,137,315,1,1,1,7,315,28,1,1,allocated
653,1091,normal,0,0,65535_65535,2,11,137,270,0,1,0,6,0,28,1,1,pre_allocation
653,1091,normal,0,0,65535_65535,2,11,137,315,1,1,1,7,315,28,1,1,allocated
653,1091,normal,0,0,65535_65535,2,12,137,270,0,1,0,6,0,28,1,1,pre_allocation
653,1091,normal,0,0,65535_65535,2,12,137,315,1,1,1,7,315,28,1,1,allocated
653,1091,normal,0,0,65535_65535,2,28,137,315,0,1,0,7,0,28,1,1,pre_allocation
653,1091,normal,0,0,65535_65535,2,28,137,361,1,1,1,8,361,28,1,1,allocated
653,1091,normal,0,0,65535_65535,2,27,137,315,0,1,0,7,0,28,1,1,pre_allocation
653,1091,normal,0,0,65535_65535,2,27,137,361,1,1,1,8,361,28,1,1,allocated
653,1091,normal,0,0,65535_65535,2,26,269,121,0,1,0,7,0,15,1,1,pre_allocation
653,1091,normal,0,0,65535_65535,2,26,269,139,1,1,1,8,139,15,1,1,allocated
653,1091,normal,0,0,65535_65535,2,25,137,315,0,1,0,7,0,28,1,1,pre_allocation
653,1091,normal,0,0,65535_65535,2,25,137,361,1,1,1,8,361,28,1,1,allocated
653,1091,normal,0,0,65535_65535,2,24,137,315,0,1,0,7,0,28,1,1,pre_allocation
653,1091,normal,0,0,65535_65535,2,24,137,361,1,1,1,8,361,28,1,1,allocated
765,1189,normal,0,0,65535_65535,0,1,135576,0,0,1,0,0,0,26,1,1,pre_allocation
765,1189,normal,0,0,65535_65535,0,1,135576,39,1,1,1,1,39,26,1,1,allocated
765,1189,normal,0,0,65535_65535,0,5,89882,0,0,1,0,0,0,28,1,1,pre_allocation
765,1189,normal,0,0,65535_65535,0,5,89882,42,1,1,1,1,42,28,1,1,allocated
765,1189,normal,0,0,65535_65535,0,4,87211,0,0,1,0,0,0,28,1,1,pre_allocation
765,1189,normal,0,0,65535_65535,0,4,87211,42,1,1,1,1,42,28,1,1,allocated
765,1189,normal,0,0,65535_65535,0,3,81949,0,0,1,0,0,0,28,1,1,pre_allocation
765,1189,normal,0,0,65535_65535,0,3,81949,42,1,1,1,1,42,28,1,1,allocated
765,1189,normal,0,0,65535_65535,0,2,73164,0,0,1,0,0,0,28,1,1,pre_allocation
765,1189,normal,0,0,65535_65535,0,2,73164,42,1,1,1,1,42,28,1,1,allocated
765,1189,normal,0,0,65535_65535,0,1,135576,39,0,1,0,1,0,26,1,1,pre_allocation
765,1189,normal,0,0,65535_65535,0,1,135576,81,1,1,1,2,81,26,1,1,allocated
765,1189,normal,0,0,65535_65535,0,5,89882,42,0,1,0,1,0,28,1,1,pre_allocation
765,1189,normal,0,0,65535_65535,0,5,89882,88,1,1,1,2,88,28,1,1,allocated
765,1189,normal,0,0,65535_65535,0,4,87211,42,0,1,0,1,0,28,1,1,pre_allocation
765,1189,normal,0,0,65535_65535,0,4,87211,88,1,1,1,2,88,28,1,1,allocated
765,1189,normal,0,0,65535_65535,0,3,81949,42,0,1,0,1,0,28,1,1,pre_allocation
765,1189,normal,0,0,65535_65535,0,3,81949,88,1,1,1,2,88,28,1,1,allocated
765,1189,normal,0,0,65535_65535,0,2,73164,42,0,1,0,1,0,28,1,1,pre_allocation
765,1189,normal,0,0,65535_65535,0,2,73164,88,1,1,1,2,88,28,1,1,allocated
765,1189,normal,0,0,65535_65535,0,1,135576,81,0,1,0,2,0,26,1,1,pre_allocation
765,1189,normal,0,0,65535_65535,0,1,135576,123,1,1,1,3,123,26,1,1,allocated
765,1189,normal,0,0,65535_65535,0,5,89882,88,0,1,0,2,0,28,1,1,pre_allocation
765,1189,normal,0,0,65535_65535,0,5,89882,133,1,1,1,3,133,28,1,1,allocated
765,1189,normal,0,0,65535_65535,0,4,87211,88,0,1,0,2,0,28,1,1,pre_allocation
765,1189,normal,0,0,65535_65535,0,4,87211,133,1,1,1,3,133,28,1,1,allocated
765,1189,normal,0,0,65535_65535,0,3,81949,88,0,1,0,2,0,28,1,1,pre_allocation
765,1189,normal,0,0,65535_65535,0,3,81949,133,1,1,1,3,133,28,1,1,allocated
765,1189,normal,0,0,65535_65535,0,2,73164,88,0,1,0,2,0,28,1,1,pre_allocation
765,1189,normal,0,0,65535_65535,0,2,73164,133,1,1,1,3,133,28,1,1,allocated
765,1189,normal,0,0,65535_65535,0,1,135576,123,0,1,0,3,0,26,1,1,pre_allocation
765,1189,normal,0,0,65535_65535,0,1,135576,165,1,1,1,4,165,26,1,1,allocated
765,1189,normal,0,0,65535_65535,0,5,89882,133,0,1,0,3,0,28,1,1,pre_allocation
765,1189,normal,0,0,65535_65535,0,5,89882,179,1,1,1,4,179,28,1,1,allocated
765,1189,normal,0,0,65535_65535,0,4,87211,133,0,1,0,3,0,28,1,1,pre_allocation
765,1189,normal,0,0,65535_65535,0,4,87211,179,1,1,1,4,179,28,1,1,allocated
765,1189,normal,0,0,65535_65535,0,3,81949,133,0,1,0,3,0,28,1,1,pre_allocation
765,1189,normal,0,0,65535_65535,0,3,81949,179,1,1,1,4,179,28,1,1,allocated
765,1189,normal,0,0,65535_65535,0,2,73164,133,0,1,0,3,0,28,1,1,pre_allocation
765,1189,normal,0,0,65535_65535,0,2,73164,179,1,1,1,4,179,28,1,1,allocated
765,1189,normal,0,0,65535_65535,0,1,135576,165,0,1,0,4,0,26,1,1,pre_allocation
765,1189,normal,0,0,65535_65535,0,1,135576,207,1,1,1,5,207,26,1,1,allocated
765,1189,normal,0,0,65535_65535,0,5,89882,179,0,1,0,4,0,28,1,1,pre_allocation
765,1189,normal,0,0,65535_65535,0,5,89882,224,1,1,1,5,224,28,1,1,allocated
765,1189,normal,0,0,65535_65535,0,4,87211,179,0,1,0,4,0,28,1,1,pre_allocation
765,1189,normal,0,0,65535_65535,0,4,87211,224,1,1,1,5,224,28,1,1,allocated
765,1189,normal,0,0,65535_65535,0,3,81949,179,0,1,0,4,0,28,1,1,pre_allocation
765,1189,normal,0,0,65535_65535,0,3,81949,224,1,1,1,5,224,28,1,1,allocated
765,1189,normal,0,0,65535_65535,0,2,73164,179,0,1,0,4,0,28,1,1,pre_allocation
765,1189,normal,0,0,65535_65535,0,2,73164,224,1,1,1,5,224,28,1,1,allocated
765,1189,normal,0,0,65535_65535,0,1,135576,207,0,1,0,5,0,26,1,1,pre_allocation
765,1189,normal,0,0,65535_65535,0,1,135576,249,1,1,1,6,249,26,1,1,allocated
765,1189,normal,0,0,65535_65535,0,5,89882,224,0,1,0,5,0,28,1,1,pre_allocation
765,1189,normal,0,0,65535_65535,0,5,89882,270,1,1,1,6,270,28,1,1,allocated
765,1189,normal,0,0,65535_65535,0,4,87211,224,0,1,0,5,0,28,1,1,pre_allocation
765,1189,normal,0,0,65535_65535,0,4,87211,270,1,1,1,6,270,28,1,1,allocated
765,1189,normal,0,0,65535_65535,0,3,81949,224,0,1,0,5,0,28,1,1,pre_allocation
765,1189,normal,0,0,65535_65535,0,3,81949,270,1,1,1,6,270,28,1,1,allocated
765,1189,normal,0,0,65535_65535,0,2,73164,224,0,1,0,5,0,28,1,1,pre_allocation
765,1189,normal,0,0,65535_65535,0,2,73164,270,1,1,1,6,270,28,1,1,allocated
765,1189,normal,0,0,65535_65535,0,1,135576,249,0,1,0,6,0,26,1,1,pre_allocation
765,1189,normal,0,0,65535_65535,0,1,135576,291,1,1,1,7,291,26,1,1,allocated
765,1189,normal,0,0,65535_65535,0,5,89882,270,0,1,0,6,0,28,1,1,pre_allocation
765,1189,normal,0,0,65535_65535,0,5,89882,315,1,1,1,7,315,28,1,1,allocated
765,1189,normal,0,0,65535_65535,0,4,87211,270,0,1,0,6,0,28,1,1,pre_allocation
765,1189,normal,0,0,65535_65535,0,4,87211,315,1,1,1,7,315,28,1,1,allocated
765,1189,normal,0,0,65535_65535,0,3,81949,270,0,1,0,6,0,28,1,1,pre_allocation
765,1189,normal,0,0,65535_65535,0,3,81949,315,1,1,1,7,315,28,1,1,allocated
765,1189,normal,0,0,65535_65535,0,2,73164,270,0,1,0,6,0,28,1,1,pre_allocation
765,1189,normal,0,0,65535_65535,0,2,73164,315,1,1,1,7,315,28,1,1,allocated
765,1189,normal,0,0,65535_65535,0,1,135576,291,0,1,0,7,0,26,1,1,pre_allocation
765,1189,normal,0,0,65535_65535,0,1,135576,333,1,1,1,8,333,26,1,1,allocated
765,1189,normal,0,0,65535_65535,0,5,89882,315,0,1,0,7,0,28,1,1,pre_allocation
765,1189,normal,0,0,65535_65535,0,5,89882,361,1,1,1,8,361,28,1,1,allocated
765,1189,normal,0,0,65535_65535,0,4,87211,315,0,1,0,7,0,28,1,1,pre_allocation
765,1189,normal,0,0,65535_65535,0,4,87211,361,1,1,1,8,361,28,1,1,allocated
765,1189,normal,0,0,65535_65535,0,3,81949,315,0,1,0,7,0,28,1,1,pre_allocation
765,1189,normal,0,0,65535_65535,0,3,81949,361,1,1,1,8,361,28,1,1,allocated
765,1189,normal,0,0,65535_65535,0,2,73164,315,0,1,0,7,0,28,1,1,pre_allocation
765,1189,normal,0,0,65535_65535,0,2,73164,361,1,1,1,8,361,28,1,1,allocated
765,1189,normal,0,0,65535_65535,0,1,135576,333,0,1,0,8,0,26,1,1,pre_allocation
765,1189,normal,0,0,65535_65535,0,1,135576,375,1,1,1,9,375,26,1,1,allocated
765,1189,normal,0,0,65535_65535,0,5,89882,361,0,1,0,8,0,28,1,1,pre_allocation
765,1189,normal,0,0,65535_65535,0,5,89882,406,1,1,1,9,406,28,1,1,allocated
765,1189,normal,0,0,65535_65535,0,4,87211,361,0,1,0,8,0,28,1,1,pre_allocation
765,1189,normal,0,0,65535_65535,0,4,87211,406,1,1,1,9,406,28,1,1,allocated
765,1189,normal,0,0,65535_65535,0,3,81949,361,0,1,0,8,0,28,1,1,pre_allocation
765,1189,normal,0,0,65535_65535,0,3,81949,406,1,1,1,9,406,28,1,1,allocated
765,1189,normal,0,0,65535_65535,0,2,73164,361,0,1,0,8,0,28,1,1,pre_allocation
765,1189,normal,0,0,65535_65535,0,2,73164,406,1,1,1,9,406,28,1,1,allocated
765,1189,normal,0,0,65535_65535,0,1,135576,375,0,1,0,9,0,26,1,1,pre_allocation
765,1189,normal,0,0,65535_65535,0,1,135576,417,1,1,1,10,417,26,1,1,allocated
765,1189,normal,0,0,65535_65535,0,5,89882,406,0,1,0,9,0,28,1,1,pre_allocation
765,1189,normal,0,0,65535_65535,0,5,89882,452,1,1,1,10,452,28,1,1,allocated
765,1189,normal,0,0,65535_65535,0,4,87211,406,0,1,0,9,0,28,1,1,pre_allocation
765,1189,normal,0,0,65535_65535,0,4,87211,452,1,1,1,10,452,28,1,1,allocated
765,1189,normal,0,0,65535_65535,0,3,81949,406,0,1,0,9,0,28,1,1,pre_allocation
765,1189,normal,0,0,65535_65535,0,3,81949,452,1,1,1,10,452,28,1,1,allocated
765,1189,normal,0,0,65535_65535,0,2,73164,406,0,1,0,9,0,28,1,1,pre_allocation
765,1189,normal,0,0,65535_65535,0,2,73164,452,1,1,1,10,452,28,1,1,allocated
765,1189,normal,0,0,65535_65535,0,1,135576,417,0,1,0,10,0,26,1,1,pre_allocation
765,1189,normal,0,0,65535_65535,0,1,135576,459,1,1,1,11,459,26,1,1,allocated
765,1189,normal,0,0,65535_65535,0,5,89882,452,0,1,0,10,0,28,1,1,pre_allocation
765,1189,normal,0,0,65535_65535,0,5,89882,497,1,1,1,11,497,28,1,1,allocated
765,1189,normal,0,0,65535_65535,0,4,87211,452,0,1,0,10,0,28,1,1,pre_allocation
765,1189,normal,0,0,65535_65535,0,4,87211,497,1,1,1,11,497,28,1,1,allocated
765,1189,normal,0,0,65535_65535,0,3,81949,452,0,1,0,10,0,28,1,1,pre_allocation
765,1189,normal,0,0,65535_65535,0,3,81949,497,1,1,1,11,497,28,1,1,allocated
765,1189,normal,0,0,65535_65535,0,2,73164,452,0,1,0,10,0,28,1,1,pre_allocation
765,1189,normal,0,0,65535_65535,0,2,73164,497,1,1,1,11,497,28,1,1,allocated
765,1189,normal,0,0,65535_65535,0,1,135576,459,0,1,0,11,0,26,1,1,pre_allocation
765,1189,normal,0,0,65535_65535,0,1,135576,501,1,1,1,12,501,26,1,1,allocated
765,1189,normal,0,0,65535_65535,0,5,89882,497,0,1,0,11,0,28,1,1,pre_allocation
765,1189,normal,0,0,65535_65535,0,5,89882,543,1,1,1,12,543,28,1,1,allocated
765,1189,normal,0,0,65535_65535,0,4,87211,497,0,1,0,11,0,28,1,1,pre_allocation
765,1189,normal,0,0,65535_65535,0,4,87211,543,1,1,1,12,543,28,1,1,allocated
765,1189,normal,0,0,65535_65535,0,3,81949,497,0,1,0,11,0,28,1,1,pre_allocation
765,1189,normal,0,0,65535_65535,0,3,81949,543,1,1,1,12,543,28,1,1,allocated
765,1189,normal,0,0,65535_65535,0,2,73164,497,0,1,0,11,0,28,1,1,pre_allocation
765,1189,normal,0,0,65535_65535,0,2,73164,543,1,1,1,12,543,28,1,1,allocated
765,1189,normal,0,0,65535_65535,0,1,135576,501,0,1,0,12,0,26,1,1,pre_allocation
765,1189,normal,0,0,65535_65535,0,1,135576,543,1,1,1,13,543,26,1,1,allocated
765,1189,normal,0,0,65535_65535,0,5,89882,543,0,1,0,12,0,28,1,1,pre_allocation
765,1189,normal,0,0,65535_65535,0,5,89882,589,1,1,1,13,589,28,1,1,allocated
765,1189,normal,0,0,65535_65535,0,4,87211,543,0,1,0,12,0,28,1,1,pre_allocation
765,1189,normal,0,0,65535_65535,0,4,87211,589,1,1,1,13,589,28,1,1,allocated
765,1189,normal,0,0,65535_65535,0,3,81949,543,0,1,0,12,0,28,1,1,pre_allocation
765,1189,normal,0,0,65535_65535,0,3,81949,589,1,1,1,13,589,28,1,1,allocated
765,1189,normal,0,0,65535_65535,0,2,73164,543,0,1,0,12,0,28,1,1,pre_allocation
765,1189,normal,0,0,65535_65535,0,2,73164,589,1,1,1,13,589,28,1,1,allocated
765,1189,normal,0,0,65535_65535,0,1,135576,543,0,1,0,13,0,26,1,1,pre_allocation
765,1189,normal,0,0,65535_65535,0,1,135576,586,1,1,1,14,586,26,1,1,allocated
765,1189,normal,0,0,65535_65535,0,5,89882,589,0,1,0,13,0,28,1,1,pre_allocation
765,1189,normal,0,0,65535_65535,0,5,89882,634,1,1,1,14,634,28,1,1,allocated
765,1189,normal,0,0,65535_65535,0,4,87211,589,0,1,0,13,0,28,1,1,pre_allocation
765,1189,normal,0,0,65535_65535,0,4,87211,634,1,1,1,14,634,28,1,1,allocated
765,1189,normal,0,0,65535_65535,0,3,81949,589,0,1,0,13,0,28,1,1,pre_allocation
765,1189,normal,0,0,65535_65535,0,3,81949,634,1,1,1,14,634,28,1,1,allocated
765,1189,normal,0,0,65535_65535,0,2,73164,589,0,1,0,13,0,28,1,1,pre_allocation
765,1189,normal,0,0,65535_65535,0,2,73164,634,1,1,1,14,634,28,1,1,allocated
765,1189,normal,0,0,65535_65535,0,1,135576,586,0,1,0,14,0,26,1,1,pre_allocation
765,1189,normal,0,0,65535_65535,0,1,135576,628,1,1,1,15,628,26,1,1,allocated
765,1189,normal,0,0,65535_65535,0,5,89882,634,0,1,0,14,0,28,1,1,pre_allocation
765,1189,normal,0,0,65535_65535,0,5,89882,680,1,1,1,15,680,28,1,1,allocated
765,1189,normal,0,0,65535_65535,0,4,87211,634,0,1,0,14,0,28,1,1,pre_allocation
765,1189,normal,0,0,65535_65535,0,4,87211,680,1,1,1,15,680,28,1,1,allocated
765,1189,normal,0,0,65535_65535,0,3,81949,634,0,1,0,14,0,28,1,1,pre_allocation
765,1189,normal,0,0,65535_65535,0,3,81949,680,1,1,1,15,680,28,1,1,allocated
765,1189,normal,0,0,65535_65535,0,2,73164,634,0,1,0,14,0,28,1,1,pre_allocation
765,1189,normal,0,0,65535_65535,0,2,73164,680,1,1,1,15,680,28,1,1,allocated
765,1189,normal,0,0,65535_65535,0,1,135576,628,0,1,0,15,0,26,1,1,pre_allocation
765,1189,normal,0,0,65535_65535,0,1,135576,670,1,1,1,16,670,26,1,1,allocated
765,1189,normal,0,0,65535_65535,0,5,89882,680,0,1,0,15,0,28,1,1,pre_allocation
765,1189,normal,0,0,65535_65535,0,5,89882,725,1,1,1,16,725,28,1,1,allocated
765,1189,normal,0,0,65535_65535,0,4,87211,680,0,1,0,15,0,28,1,1,pre_allocation
765,1189,normal,0,0,65535_65535,0,4,87211,725,1,1,1,16,725,28,1,1,allocated
765,1189,normal,0,0,65535_65535,0,3,81949,680,0,1,0,15,0,28,1,1,pre_allocation
765,1189,normal,0,0,65535_65535,0,3,81949,725,1,1,1,16,725,28,1,1,allocated
765,1189,normal,0,0,65535_65535,0,2,73164,680,0,1,0,15,0,28,1,1,pre_allocation
765,1189,normal,0,0,65535_65535,0,2,73164,725,1,1,1,16,725,28,1,1,allocated
765,1189,normal,0,0,65535_65535,0,1,135576,670,0,1,0,16,0,26,1,1,pre_allocation
765,1189,normal,0,0,65535_65535,0,1,135576,712,1,1,1,17,712,26,1,1,allocated
765,1189,normal,0,0,65535_65535,0,5,89882,725,0,1,0,16,0,28,1,1,pre_allocation
765,1189,normal,0,0,65535_65535,0,5,89882,771,1,1,1,17,771,28,1,1,allocated
765,1189,normal,0,0,65535_65535,0,4,87211,725,0,1,0,16,0,28,1,1,pre_allocation
765,1189,normal,0,0,65535_65535,0,4,87211,771,1,1,1,17,771,28,1,1,allocated
765,1189,normal,0,0,65535_65535,0,3,81949,725,0,1,0,16,0,28,1,1,pre_allocation
765,1189,normal,0,0,65535_65535,0,3,81949,771,1,1,1,17,771,28,1,1,allocated
765,1189,normal,0,0,65535_65535,0,2,73164,725,0,1,0,16,0,28,1,1,pre_allocation
765,1189,normal,0,0,65535_65535,0,2,73164,771,1,1,1,17,771,28,1,1,allocated
765,1189,normal,0,0,65535_65535,0,1,135576,712,0,1,0,17,0,26,1,1,pre_allocation
765,1189,normal,0,0,65535_65535,0,1,135576,754,1,1,1,18,754,26,1,1,allocated
765,1189,normal,0,0,65535_65535,0,5,89882,771,0,1,0,17,0,28,1,1,pre_allocation
765,1189,normal,0,0,65535_65535,0,5,89882,816,1,1,1,18,816,28,1,1,allocated
765,1189,normal,0,0,65535_65535,0,4,87211,771,0,1,0,17,0,28,1,1,pre_allocation
765,1189,normal,0,0,65535_65535,0,4,87211,816,1,1,1,18,816,28,1,1,allocated
765,1189,normal,0,0,65535_65535,0,3,81949,771,0,1,0,17,0,28,1,1,pre_allocation
765,1189,normal,0,0,65535_65535,0,3,81949,816,1,1,1,18,816,28,1,1,allocated
765,1189,normal,0,0,65535_65535,0,2,73164,771,0,1,0,17,0,28,1,1,pre_allocation
765,1189,normal,0,0,65535_65535,0,2,73164,816,1,1,1,18,816,28,1,1,allocated
765,1189,normal,0,0,65535_65535,0,1,135576,754,0,1,0,18,0,26,1,1,pre_allocation
765,1189,normal,0,0,65535_65535,0,1,135576,796,1,1,1,19,796,26,1,1,allocated
765,1189,normal,0,0,65535_65535,0,5,89882,816,0,1,0,18,0,28,1,1,pre_allocation
765,1189,normal,0,0,65535_65535,0,5,89882,862,1,1,1,19,862,28,1,1,allocated
765,1189,normal,0,0,65535_65535,0,4,87211,816,0,1,0,18,0,28,1,1,pre_allocation
765,1189,normal,0,0,65535_65535,0,4,87211,862,1,1,1,19,862,28,1,1,allocated
765,1189,normal,0,0,65535_65535,0,3,81949,816,0,1,0,18,0,28,1,1,pre_allocation
765,1189,normal,0,0,65535_65535,0,3,81949,862,1,1,1,19,862,28,1,1,allocated
765,1189,normal,0,0,65535_65535,0,2,73164,816,0,1,0,18,0,28,1,1,pre_allocation
765,1189,normal,0,0,65535_65535,0,2,73164,862,1,1,1,19,862,28,1,1,allocated
765,1189,normal,0,0,65535_65535,0,1,135576,796,0,1,0,19,0,26,1,1,pre_allocation
765,1189,normal,0,0,65535_65535,0,1,135576,838,1,1,1,20,838,26,1,1,allocated
765,1189,normal,0,0,65535_65535,0,5,89882,862,0,1,0,19,0,28,1,1,pre_allocation
765,1189,normal,0,0,65535_65535,0,5,89882,907,1,1,1,20,907,28,1,1,allocated
765,1189,normal,0,0,65535_65535,0,4,87211,862,0,1,0,19,0,28,1,1,pre_allocation
765,1189,normal,0,0,65535_65535,0,4,87211,907,1,1,1,20,907,28,1,1,allocated
765,1189,normal,0,0,65535_65535,0,3,81949,862,0,1,0,19,0,28,1,1,pre_allocation
765,1189,normal,0,0,65535_65535,0,3,81949,907,1,1,1,20,907,28,1,1,allocated
765,1189,normal,0,0,65535_65535,0,2,73164,862,0,1,0,19,0,28,1,1,pre_allocation
765,1189,normal,0,0,65535_65535,0,2,73164,907,1,1,1,20,907,28,1,1,allocated
765,1189,normal,0,0,65535_65535,0,1,135576,838,0,1,0,20,0,26,1,1,pre_allocation
765,1189,normal,0,0,65535_65535,0,1,135576,880,1,1,1,21,880,26,1,1,allocated
765,1189,normal,0,0,65535_65535,0,5,89882,907,0,1,0,20,0,28,1,1,pre_allocation
765,1189,normal,0,0,65535_65535,0,5,89882,953,1,1,1,21,953,28,1,1,allocated
765,1189,normal,0,0,65535_65535,0,4,87211,907,0,1,0,20,0,28,1,1,pre_allocation
765,1189,normal,0,0,65535_65535,0,4,87211,953,1,1,1,21,953,28,1,1,allocated
765,1189,normal,0,0,65535_65535,0,3,81949,907,0,1,0,20,0,28,1,1,pre_allocation
765,1189,normal,0,0,65535_65535,0,3,81949,953,1,1,1,21,953,28,1,1,allocated
765,1189,normal,0,0,65535_65535,0,2,73164,907,0,1,0,20,0,28,1,1,pre_allocation
765,1189,normal,0,0,65535_65535,0,2,73164,953,1,1,1,21,953,28,1,1,allocated
765,1189,normal,0,0,65535_65535,0,1,135576,880,0,1,0,21,0,26,1,1,pre_allocation
765,1189,normal,0,0,65535_65535,0,1,135576,922,1,1,1,22,922,26,1,1,allocated
765,1189,normal,0,0,65535_65535,1,10,87,0,0,1,0,0,0,28,1,1,pre_allocation
765,1189,normal,0,0,65535_65535,1,10,87,42,1,1,1,1,42,28,1,1,allocated
765,1189,normal,0,0,65535_65535,1,9,87,0,0,1,0,0,0,28,1,1,pre_allocation
765,1189,normal,0,0,65535_65535,1,9,87,42,1,1,1,1,42,28,1,1,allocated
765,1189,normal,0,0,65535_65535,1,7,87,0,0,1,0,0,0,28,1,1,pre_allocation
765,1189,normal,0,0,65535_65535,1,7,87,42,1,1,1,1,42,28,1,1,allocated
765,1189,normal,0,0,65535_65535,1,6,87,0,0,1,0,0,0,28,1,1,pre_allocation
765,1189,normal,0,0,65535_65535,1,6,87,42,1,1,1,1,42,28,1,1,allocated
765,1189,normal,0,0,65535_65535,1,10,87,42,0,1,0,1,0,28,1,1,pre_allocation
765,1189,normal,0,0,65535_65535,1,10,87,88,1,1,1,2,88,28,1,1,allocated
765,1189,normal,0,0,65535_65535,1,9,87,42,0,1,0,1,0,28,1,1,pre_allocation
765,1189,normal,0,0,65535_65535,1,9,87,88,1,1,1,2,88,28,1,1,allocated
765,1189,normal,0,0,65535_65535,1,7,87,42,0,1,0,1,0,28,1,1,pre_allocation
765,1189,normal,0,0,65535_65535,1,7,87,88,1,1,1,2,88,28,1,1,allocated
765,1189,normal,0,0,65535_65535,1,6,87,42,0,1,0,1,0,28,1,1,pre_allocation
765,1189,normal,0,0,65535_65535,1,6,87,88,1,1,1,2,88,28,1,1,allocated
765,1189,normal,0,0,65535_65535,1,10,87,88,0,1,0,2,0,28,1,1,pre_allocation
765,1189,normal,0,0,65535_65535,1,10,87,133,1,1,1,3,133,28,1,1,allocated
765,1189,normal,0,0,65535_65535,1,9,87,88,0,1,0,2,0,28,1,1,pre_allocation
765,1189,normal,0,0,65535_65535,1,9,87,133,1,1,1,3,133,28,1,1,allocated
765,1189,normal,0,0,65535_65535,1,7,87,88,0,1,0,2,0,28,1,1,pre_allocation
765,1189,normal,0,0,65535_65535,1,7,87,133,1,1,1,3,133,28,1,1,allocated
765,1189,normal,0,0,65535_65535,1,6,87,88,0,1,0,2,0,28,1,1,pre_allocation
765,1189,normal,0,0,65535_65535,1,6,87,133,1,1,1,3,133,28,1,1,allocated
765,1189,normal,0,0,65535_65535,1,10,87,133,0,1,0,3,0,28,1,1,pre_allocation
765,1189,normal,0,0,65535_65535,1,10,87,179,1,1,1,4,179,28,1,1,allocated
765,1189,normal,0,0,65535_65535,1,9,87,133,0,1,0,3,0,28,1,1,pre_allocation
765,1189,normal,0,0,65535_65535,1,9,87,179,1,1,1,4,179,28,1,1,allocated
765,1189,normal,0,0,65535_65535,1,7,87,133,0,1,0,3,0,28,1,1,pre_allocation
765,1189,normal,0,0,65535_65535,1,7,87,179,1,1,1,4,179,28,1,1,allocated
765,1189,normal,0,0,65535_65535,1,6,87,133,0,1,0,3,0,28,1,1,pre_allocation
765,1189,normal,0,0,65535_65535,1,6,87,179,1,1,1,4,179,28,1,1,allocated
765,1189,normal,0,0,65535_65535,1,10,87,179,0,1,0,4,0,28,1,1,pre_allocation
765,1189,normal,0,0,65535_65535,1,10,87,224,1,1,1,5,224,28,1,1,allocated
765,1189,normal,0,0,65535_65535,1,9,87,179,0,1,0,4,0,28,1,1,pre_allocation
765,1189,normal,0,0,65535_65535,1,9,87,224,1,1,1,5,224,28,1,1,allocated
765,1189,normal,0,0,65535_65535,1,7,87,179,0,1,0,4,0,28,1,1,pre_allocation
765,1189,normal,0,0,65535_65535,1,7,87,224,1,1,1,5,224,28,1,1,allocated
765,1189,normal,0,0,65535_65535,1,6,87,179,0,1,0,4,0,28,1,1,pre_allocation
765,1189,normal,0,0,65535_65535,1,6,87,224,1,1,1,5,224,28,1,1,allocated
765,1189,normal,0,0,65535_65535,1,10,87,224,0,1,0,5,0,28,1,1,pre_allocation
765,1189,normal,0,0,65535_65535,1,10,87,270,1,1,1,6,270,28,1,1,allocated
765,1189,normal,0,0,65535_65535,1,9,87,224,0,1,0,5,0,28,1,1,pre_allocation
765,1189,normal,0,0,65535_65535,1,9,87,270,1,1,1,6,270,28,1,1,allocated
765,1189,normal,0,0,65535_65535,1,7,87,224,0,1,0,5,0,28,1,1,pre_allocation
765,1189,normal,0,0,65535_65535,1,7,87,270,1,1,1,6,270,28,1,1,allocated
765,1189,normal,0,0,65535_65535,1,6,87,224,0,1,0,5,0,28,1,1,pre_allocation
765,1189,normal,0,0,65535_65535,1,6,87,270,1,1,1,6,270,28,1,1,allocated
765,1189,normal,0,0,65535_65535,1,10,87,270,0,1,0,6,0,28,1,1,pre_allocation
765,1189,normal,0,0,65535_65535,1,10,87,315,1,1,1,7,315,28,1,1,allocated
765,1189,normal,0,0,65535_65535,1,9,87,270,0,1,0,6,0,28,1,1,pre_allocation
765,1189,normal,0,0,65535_65535,1,9,87,315,1,1,1,7,315,28,1,1,allocated
765,1189,normal,0,0,65535_65535,1,7,87,270,0,1,0,6,0,28,1,1,pre_allocation
765,1189,normal,0,0,65535_65535,1,7,87,315,1,1,1,7,315,28,1,1,allocated
765,1189,normal,0,0,65535_65535,1,6,87,270,0,1,0,6,0,28,1,1,pre_allocation
765,1189,normal,0,0,65535_65535,1,6,87,315,1,1,1,7,315,28,1,1,allocated
765,1189,normal,0,0,65535_65535,1,10,87,315,0,1,0,7,0,28,1,1,pre_allocation
765,1189,normal,0,0,65535_65535,1,10,87,361,1,1,1,8,361,28,1,1,allocated
765,1189,normal,0,0,65535_65535,1,9,87,315,0,1,0,7,0,28,1,1,pre_allocation
765,1189,normal,0,0,65535_65535,1,9,87,361,1,1,1,8,361,28,1,1,allocated
765,1189,normal,0,0,65535_65535,1,7,87,315,0,1,0,7,0,28,1,1,pre_allocation
765,1189,normal,0,0,65535_65535,1,7,87,361,1,1,1,8,361,28,1,1,allocated
765,1189,normal,0,0,65535_65535,1,6,87,315,0,1,0,7,0,28,1,1,pre_allocation
765,1189,normal,0,0,65535_65535,1,6,87,361,1,1,1,8,361,28,1,1,allocated
765,1189,normal,0,0,65535_65535,1,10,87,361,0,1,0,8,0,28,1,1,pre_allocation
765,1189,normal,0,0,65535_65535,1,10,87,406,1,1,1,9,406,28,1,1,allocated
765,1189,normal,0,0,65535_65535,1,9,87,361,0,1,0,8,0,28,1,1,pre_allocation
765,1189,normal,0,0,65535_65535,1,9,87,406,1,1,1,9,406,28,1,1,allocated
765,1189,normal,0,0,65535_65535,1,7,87,361,0,1,0,8,0,28,1,1,pre_allocation
765,1189,normal,0,0,65535_65535,1,7,87,406,1,1,1,9,406,28,1,1,allocated
765,1189,normal,0,0,65535_65535,1,6,87,361,0,1,0,8,0,28,1,1,pre_allocation
765,1189,normal,0,0,65535_65535,1,6,87,406,1,1,1,9,406,28,1,1,allocated
765,1189,normal,0,0,65535_65535,1,10,87,406,0,1,0,9,0,28,1,1,pre_allocation
765,1189,normal,0,0,65535_65535,1,10,87,452,1,1,1,10,452,28,1,1,allocated
765,1189,normal,0,0,65535_65535,1,9,87,406,0,1,0,9,0,28,1,1,pre_allocation
765,1189,normal,0,0,65535_65535,1,9,87,452,1,1,1,10,452,28,1,1,allocated
765,1189,normal,0,0,65535_65535,1,7,87,406,0,1,0,9,0,28,1,1,pre_allocation
765,1189,normal,0,0,65535_65535,1,7,87,452,1,1,1,10,452,28,1,1,allocated
765,1189,normal,0,0,65535_65535,1,6,87,406,0,1,0,9,0,28,1,1,pre_allocation
765,1189,normal,0,0,65535_65535,1,6,87,452,1,1,1,10,452,28,1,1,allocated
765,1189,normal,0,0,65535_65535,1,10,87,452,0,1,0,10,0,28,1,1,pre_allocation
765,1189,normal,0,0,65535_65535,1,10,87,497,1,1,1,11,497,28,1,1,allocated
765,1189,normal,0,0,65535_65535,1,9,87,452,0,1,0,10,0,28,1,1,pre_allocation
765,1189,normal,0,0,65535_65535,1,9,87,497,1,1,1,11,497,28,1,1,allocated
765,1189,normal,0,0,65535_65535,1,7,87,452,0,1,0,10,0,28,1,1,pre_allocation
765,1189,normal,0,0,65535_65535,1,7,87,497,1,1,1,11,497,28,1,1,allocated
765,1189,normal,0,0,65535_65535,1,6,87,452,0,1,0,10,0,28,1,1,pre_allocation
765,1189,normal,0,0,65535_65535,1,6,87,497,1,1,1,11,497,28,1,1,allocated
765,1189,normal,0,0,65535_65535,1,10,87,497,0,1,0,11,0,28,1,1,pre_allocation
765,1189,normal,0,0,65535_65535,1,10,87,543,1,1,1,12,543,28,1,1,allocated
765,1189,normal,0,0,65535_65535,1,9,87,497,0,1,0,11,0,28,1,1,pre_allocation
765,1189,normal,0,0,65535_65535,1,9,87,543,1,1,1,12,543,28,1,1,allocated
765,1189,normal,0,0,65535_65535,1,7,87,497,0,1,0,11,0,28,1,1,pre_allocation
765,1189,normal,0,0,65535_65535,1,7,87,543,1,1,1,12,543,28,1,1,allocated
765,1189,normal,0,0,65535_65535,1,6,87,497,0,1,0,11,0,28,1,1,pre_allocation
765,1189,normal,0,0,65535_65535,1,6,87,543,1,1,1,12,543,28,1,1,allocated
765,1189,normal,0,0,65535_65535,1,10,87,543,0,1,0,12,0,28,1,1,pre_allocation
765,1189,normal,0,0,65535_65535,1,10,87,589,1,1,1,13,589,28,1,1,allocated
765,1189,normal,0,0,65535_65535,1,9,87,543,0,1,0,12,0,28,1,1,pre_allocation
765,1189,normal,0,0,65535_65535,1,9,87,589,1,1,1,13,589,28,1,1,allocated
765,1189,normal,0,0,65535_65535,1,7,87,543,0,1,0,12,0,28,1,1,pre_allocation
765,1189,normal,0,0,65535_65535,1,7,87,589,1,1,1,13,589,28,1,1,allocated
765,1189,normal,0,0,65535_65535,1,6,87,543,0,1,0,12,0,28,1,1,pre_allocation
765,1189,normal,0,0,65535_65535,1,6,87,589,1,1,1,13,589,28,1,1,allocated
765,1189,normal,0,0,65535_65535,1,10,87,589,0,1,0,13,0,28,1,1,pre_allocation
765,1189,normal,0,0,65535_65535,1,10,87,634,1,1,1,14,634,28,1,1,allocated
765,1189,normal,0,0,65535_65535,1,9,87,589,0,1,0,13,0,28,1,1,pre_allocation
765,1189,normal,0,0,65535_65535,1,9,87,634,1,1,1,14,634,28,1,1,allocated
765,1189,normal,0,0,65535_65535,1,7,87,589,0,1,0,13,0,28,1,1,pre_allocation
765,1189,normal,0,0,65535_65535,1,7,87,634,1,1,1,14,634,28,1,1,allocated
765,1189,normal,0,0,65535_65535,1,6,87,589,0,1,0,13,0,28,1,1,pre_allocation
765,1189,normal,0,0,65535_65535,1,6,87,634,1,1,1,14,634,28,1,1,allocated
765,1189,normal,0,0,65535_65535,1,10,87,634,0,1,0,14,0,28,1,1,pre_allocation
765,1189,normal,0,0,65535_65535,1,10,87,680,1,1,1,15,680,28,1,1,allocated
765,1189,normal,0,0,65535_65535,1,9,87,634,0,1,0,14,0,28,1,1,pre_allocation
765,1189,normal,0,0,65535_65535,1,9,87,680,1,1,1,15,680,28,1,1,allocated
765,1189,normal,0,0,65535_65535,1,7,87,634,0,1,0,14,0,28,1,1,pre_allocation
765,1189,normal,0,0,65535_65535,1,7,87,680,1,1,1,15,680,28,1,1,allocated
765,1189,normal,0,0,65535_65535,1,6,87,634,0,1,0,14,0,28,1,1,pre_allocation
765,1189,normal,0,0,65535_65535,1,6,87,680,1,1,1,15,680,28,1,1,allocated
765,1189,normal,0,0,65535_65535,1,10,87,680,0,1,0,15,0,28,1,1,pre_allocation
765,1189,normal,0,0,65535_65535,1,10,87,725,1,1,1,16,725,28,1,1,allocated
765,1189,normal,0,0,65535_65535,1,9,87,680,0,1,0,15,0,28,1,1,pre_allocation
765,1189,normal,0,0,65535_65535,1,9,87,725,1,1,1,16,725,28,1,1,allocated
765,1189,normal,0,0,65535_65535,1,7,87,680,0,1,0,15,0,28,1,1,pre_allocation
765,1189,normal,0,0,65535_65535,1,7,87,725,1,1,1,16,725,28,1,1,allocated
765,1189,normal,0,0,65535_65535,1,6,87,680,0,1,0,15,0,28,1,1,pre_allocation
765,1189,normal,0,0,65535_65535,1,6,87,725,1,1,1,16,725,28,1,1,allocated
765,1189,normal,0,0,65535_65535,1,10,87,725,0,1,0,16,0,28,1,1,pre_allocation
765,1189,normal,0,0,65535_65535,1,10,87,771,1,1,1,17,771,28,1,1,allocated
765,1189,normal,0,0,65535_65535,1,9,87,725,0,1,0,16,0,28,1,1,pre_allocation
765,1189,normal,0,0,65535_65535,1,9,87,771,1,1,1,17,771,28,1,1,allocated
765,1189,normal,0,0,65535_65535,1,7,87,725,0,1,0,16,0,28,1,1,pre_allocation
765,1189,normal,0,0,65535_65535,1,7,87,771,1,1,1,17,771,28,1,1,allocated
765,1189,normal,0,0,65535_65535,1,6,87,725,0,1,0,16,0,28,1,1,pre_allocation
765,1189,normal,0,0,65535_65535,1,6,87,771,1,1,1,17,771,28,1,1,allocated
765,1189,normal,0,0,65535_65535,1,10,87,771,0,1,0,17,0,28,1,1,pre_allocation
765,1189,normal,0,0,65535_65535,1,10,87,816,1,1,1,18,816,28,1,1,allocated
765,1189,normal,0,0,65535_65535,1,9,87,771,0,1,0,17,0,28,1,1,pre_allocation
765,1189,normal,0,0,65535_65535,1,9,87,816,1,1,1,18,816,28,1,1,allocated
765,1189,normal,0,0,65535_65535,1,7,87,771,0,1,0,17,0,28,1,1,pre_allocation
765,1189,normal,0,0,65535_65535,1,7,87,816,1,1,1,18,816,28,1,1,allocated
765,1189,normal,0,0,65535_65535,1,6,87,771,0,1,0,17,0,28,1,1,pre_allocation
765,1189,normal,0,0,65535_65535,1,6,87,816,1,1,1,18,816,28,1,1,allocated
765,1189,normal,0,0,65535_65535,1,10,87,816,0,1,0,18,0,28,1,1,pre_allocation
765,1189,normal,0,0,65535_65535,1,10,87,862,1,1,1,19,862,28,1,1,allocated
765,1189,normal,0,0,65535_65535,1,9,87,816,0,1,0,18,0,28,1,1,pre_allocation
765,1189,normal,0,0,65535_65535,1,9,87,862,1,1,1,19,862,28,1,1,allocated
765,1189,normal,0,0,65535_65535,1,7,87,816,0,1,0,18,0,28,1,1,pre_allocation
765,1189,normal,0,0,65535_65535,1,7,87,862,1,1,1,19,862,28,1,1,allocated
765,1189,normal,0,0,65535_65535,1,6,87,816,0,1,0,18,0,28,1,1,pre_allocation
765,1189,normal,0,0,65535_65535,1,6,87,862,1,1,1,19,862,28,1,1,allocated
765,1189,normal,0,0,65535_65535,1,10,87,862,0,1,0,19,0,28,1,1,pre_allocation
765,1189,normal,0,0,65535_65535,1,10,87,907,1,1,1,20,907,28,1,1,allocated
765,1189,normal,0,0,65535_65535,1,9,87,862,0,1,0,19,0,28,1,1,pre_allocation
765,1189,normal,0,0,65535_65535,1,9,87,907,1,1,1,20,907,28,1,1,allocated
765,1189,normal,0,0,65535_65535,1,7,87,862,0,1,0,19,0,28,1,1,pre_allocation
765,1189,normal,0,0,65535_65535,1,7,87,907,1,1,1,20,907,28,1,1,allocated
765,1189,normal,0,0,65535_65535,1,6,87,862,0,1,0,19,0,28,1,1,pre_allocation
765,1189,normal,0,0,65535_65535,1,6,87,907,1,1,1,20,907,28,1,1,allocated
765,1189,normal,0,0,65535_65535,1,10,87,907,0,1,0,20,0,28,1,1,pre_allocation
765,1189,normal,0,0,65535_65535,1,10,87,953,1,1,1,21,953,28,1,1,allocated
765,1189,normal,0,0,65535_65535,1,9,87,907,0,1,0,20,0,28,1,1,pre_allocation
765,1189,normal,0,0,65535_65535,1,9,87,953,1,1,1,21,953,28,1,1,allocated
765,1189,normal,0,0,65535_65535,1,7,87,907,0,1,0,20,0,28,1,1,pre_allocation
765,1189,normal,0,0,65535_65535,1,7,87,953,1,1,1,21,953,28,1,1,allocated
765,1189,normal,0,0,65535_65535,1,6,87,907,0,1,0,20,0,28,1,1,pre_allocation
765,1189,normal,0,0,65535_65535,1,6,87,953,1,1,1,21,953,28,1,1,allocated
765,1189,normal,0,0,65535_65535,1,10,87,953,0,1,0,21,0,28,1,1,pre_allocation
765,1189,normal,0,0,65535_65535,1,10,87,998,1,1,1,22,998,28,1,1,allocated
765,1189,normal,0,0,65535_65535,1,9,87,953,0,1,0,21,0,28,1,1,pre_allocation
765,1189,normal,0,0,65535_65535,1,9,87,998,1,1,1,22,998,28,1,1,allocated
765,1189,normal,0,0,65535_65535,1,7,87,953,0,1,0,21,0,28,1,1,pre_allocation
765,1189,normal,0,0,65535_65535,1,7,87,998,1,1,1,22,998,28,1,1,allocated
765,1189,normal,0,0,65535_65535,1,6,87,953,0,1,0,21,0,28,1,1,pre_allocation
765,1189,normal,0,0,65535_65535,1,6,87,998,1,1,1,22,998,28,1,1,allocated
765,1189,normal,0,0,65535_65535,1,10,87,998,0,1,0,22,0,28,1,1,pre_allocation
765,1189,normal,0,0,65535_65535,1,10,87,1044,1,1,1,23,1044,28,1,1,allocated
765,1189,normal,0,0,65535_65535,1,9,87,998,0,1,0,22,0,28,1,1,pre_allocation
765,1189,normal,0,0,65535_65535,1,9,87,1044,1,1,1,23,1044,28,1,1,allocated
765,1189,normal,0,0,65535_65535,1,7,87,998,0,1,0,22,0,28,1,1,pre_allocation
765,1189,normal,0,0,65535_65535,1,7,87,1044,1,1,1,23,1044,28,1,1,allocated
765,1189,normal,0,0,65535_65535,1,6,87,998,0,1,0,22,0,28,1,1,pre_allocation
765,1189,normal,0,0,65535_65535,1,6,87,1044,1,1,1,23,1044,28,1,1,allocated
765,1189,normal,0,0,65535_65535,1,10,87,1044,0,1,0,23,0,28,1,1,pre_allocation
765,1189,normal,0,0,65535_65535,1,10,87,1089,1,1,1,24,1089,28,1,1,allocated
765,1189,normal,0,0,65535_65535,1,9,87,1044,0,1,0,23,0,28,1,1,pre_allocation
765,1189,normal,0,0,65535_65535,1,9,87,1089,1,1,1,24,1089,28,1,1,allocated
765,1189,normal,0,0,65535_65535,1,7,87,1044,0,1,0,23,0,28,1,1,pre_allocation
765,1189,normal,0,0,65535_65535,1,7,87,1089,1,1,1,24,1089,28,1,1,allocated
765,1189,normal,0,0,65535_65535,1,6,87,1044,0,1,0,23,0,28,1,1,pre_allocation
765,1189,normal,0,0,65535_65535,1,6,87,1089,1,1,1,24,1089,28,1,1,allocated
765,1189,normal,0,0,65535_65535,1,10,87,1089,0,1,0,24,0,28,1,1,pre_allocation
765,1189,normal,0,0,65535_65535,1,10,87,1135,1,1,1,25,1135,28,1,1,allocated
765,1189,normal,0,0,65535_65535,1,9,87,1089,0,1,0,24,0,28,1,1,pre_allocation
765,1189,normal,0,0,65535_65535,1,9,87,1135,1,1,1,25,1135,28,1,1,allocated
765,1189,normal,0,0,65535_65535,1,7,87,1089,0,1,0,24,0,28,1,1,pre_allocation
765,1189,normal,0,0,65535_65535,1,7,87,1135,1,1,1,25,1135,28,1,1,allocated
765,1189,normal,0,0,65535_65535,1,6,87,1089,0,1,0,24,0,28,1,1,pre_allocation
765,1189,normal,0,0,65535_65535,1,6,87,1135,1,1,1,25,1135,28,1,1,allocated
765,1189,normal,0,0,65535_65535,1,10,87,1135,0,1,0,25,0,28,1,1,pre_allocation
765,1189,normal,0,0,65535_65535,1,10,87,1181,1,1,1,26,1181,28,1,1,allocated
765,1189,normal,0,0,65535_65535,1,9,87,1135,0,1,0,25,0,28,1,1,pre_allocation
765,1189,normal,0,0,65535_65535,1,9,87,1181,1,1,1,26,1181,28,1,1,allocated
765,1189,normal,0,0,65535_65535,1,7,87,1135,0,1,0,25,0,28,1,1,pre_allocation
765,1189,normal,0,0,65535_65535,1,7,87,1181,1,1,1,26,1181,28,1,1,allocated
765,1189,normal,0,0,65535_65535,1,6,87,1135,0,1,0,25,0,28,1,1,pre_allocation
765,1189,normal,0,0,65535_65535,1,6,87,1181,1,1,1,26,1181,28,1,1,allocated
765,1189,normal,0,0,65535_65535,1,10,87,1181,0,1,0,26,0,28,1,1,pre_allocation
765,1189,normal,0,0,65535_65535,1,10,87,1226,1,1,1,27,1226,28,1,1,allocated
765,1189,normal,0,0,65535_65535,1,9,87,1181,0,1,0,26,0,28,1,1,pre_allocation
765,1189,normal,0,0,65535_65535,1,9,87,1226,1,1,1,27,1226,28,1,1,allocated
765,1189,normal,0,0,65535_65535,1,7,87,1181,0,1,0,26,0,28,1,1,pre_allocation
765,1189,normal,0,0,65535_65535,1,7,87,1226,1,1,1,27,1226,28,1,1,allocated
765,1189,normal,0,0,65535_65535,1,6,87,1181,0,1,0,26,0,28,1,1,pre_allocation
765,1189,normal,0,0,65535_65535,1,6,87,1226,1,1,1,27,1226,28,1,1,allocated
765,1189,normal,0,0,65535_65535,1,10,87,1226,0,1,0,27,0,28,1,1,pre_allocation
765,1189,normal,0,0,65535_65535,1,10,87,1272,1,1,1,28,1272,28,1,1,allocated
765,1189,normal,0,0,65535_65535,1,9,87,1226,0,1,0,27,0,28,1,1,pre_allocation
765,1189,normal,0,0,65535_65535,1,9,87,1272,1,1,1,28,1272,28,1,1,allocated
765,1189,normal,0,0,65535_65535,1,7,87,1226,0,1,0,27,0,28,1,1,pre_allocation
765,1189,normal,0,0,65535_65535,1,7,87,1272,1,1,1,28,1272,28,1,1,allocated
765,1189,normal,0,0,65535_65535,1,6,87,1226,0,1,0,27,0,28,1,1,pre_allocation
765,1189,normal,0,0,65535_65535,1,6,87,1272,1,1,1,28,1272,28,1,1,allocated
765,1189,normal,0,0,65535_65535,1,10,87,1272,0,1,0,28,0,28,1,1,pre_allocation
765,1189,normal,0,0,65535_65535,1,10,87,1317,1,1,1,29,1317,28,1,1,allocated
765,1189,normal,0,0,65535_65535,1,9,87,1272,0,1,0,28,0,28,1,1,pre_allocation
765,1189,normal,0,0,65535_65535,1,9,87,1317,1,1,1,29,1317,28,1,1,allocated
765,1189,normal,0,0,65535_65535,1,7,87,1272,0,1,0,28,0,28,1,1,pre_allocation
765,1189,normal,0,0,65535_65535,1,7,87,1317,1,1,1,29,1317,28,1,1,allocated
765,1189,normal,0,0,65535_65535,1,6,87,1272,0,1,0,28,0,28,1,1,pre_allocation
765,1189,normal,0,0,65535_65535,1,6,87,1317,1,1,1,29,1317,28,1,1,allocated
765,1189,normal,0,0,65535_65535,1,10,87,1317,0,1,0,29,0,28,1,1,pre_allocation
765,1189,normal,0,0,65535_65535,1,10,87,1363,1,1,1,30,1363,28,1,1,allocated
765,1189,normal,0,0,65535_65535,1,9,87,1317,0,1,0,29,0,28,1,1,pre_allocation
765,1189,normal,0,0,65535_65535,1,9,87,1363,1,1,1,30,1363,28,1,1,allocated
765,1189,normal,0,0,65535_65535,1,7,87,1317,0,1,0,29,0,28,1,1,pre_allocation
765,1189,normal,0,0,65535_65535,1,7,87,1363,1,1,1,30,1363,28,1,1,allocated
765,1189,normal,0,0,65535_65535,1,6,87,1317,0,1,0,29,0,28,1,1,pre_allocation
765,1189,normal,0,0,65535_65535,1,6,87,1363,1,1,1,30,1363,28,1,1,allocated
765,1189,normal,0,0,65535_65535,1,10,87,1363,0,1,0,30,0,28,1,1,pre_allocation
765,1189,normal,0,0,65535_65535,1,10,87,1408,1,1,1,31,1408,28,1,1,allocated
765,1189,normal,0,0,65535_65535,1,9,87,1363,0,1,0,30,0,28,1,1,pre_allocation
765,1189,normal,0,0,65535_65535,1,9,87,1408,1,1,1,31,1408,28,1,1,allocated
765,1189,normal,0,0,65535_65535,1,7,87,1363,0,1,0,30,0,28,1,1,pre_allocation
765,1189,normal,0,0,65535_65535,1,7,87,1408,1,1,1,31,1408,28,1,1,allocated
765,1189,normal,0,0,65535_65535,1,6,87,1363,0,1,0,30,0,28,1,1,pre_allocation
765,1189,normal,0,0,65535_65535,1,6,87,1408,1,1,1,31,1408,28,1,1,allocated
765,1189,normal,0,0,65535_65535,1,10,87,1408,0,1,0,31,0,28,1,1,pre_allocation
765,1189,normal,0,0,65535_65535,1,10,87,1454,1,1,1,32,1454,28,1,1,allocated
765,1189,normal,0,0,65535_65535,1,9,87,1408,0,1,0,31,0,28,1,1,pre_allocation
765,1189,normal,0,0,65535_65535,1,9,87,1454,1,1,1,32,1454,28,1,1,allocated
765,1189,normal,0,0,65535_65535,1,7,87,1408,0,1,0,31,0,28,1,1,pre_allocation
765,1189,normal,0,0,65535_65535,1,7,87,1454,1,1,1,32,1454,28,1,1,allocated
765,1189,normal,0,0,65535_65535,1,6,87,1408,0,1,0,31,0,28,1,1,pre_allocation
765,1189,normal,0,0,65535_65535,1,6,87,1454,1,1,1,32,1454,28,1,1,allocated
765,1189,normal,0,0,65535_65535,1,10,87,1454,0,1,0,32,0,28,1,1,pre_allocation
765,1189,normal,0,0,65535_65535,1,10,87,1499,1,1,1,33,1499,28,1,1,allocated
765,1189,normal,0,0,65535_65535,1,9,87,1454,0,1,0,32,0,28,1,1,pre_allocation
765,1189,normal,0,0,65535_65535,1,9,87,1499,1,1,1,33,1499,28,1,1,allocated
765,1189,normal,0,0,65535_65535,1,7,87,1454,0,1,0,32,0,28,1,1,pre_allocation
765,1189,normal,0,0,65535_65535,1,7,87,1499,1,1,1,33,1499,28,1,1,allocated
765,1189,normal,0,0,65535_65535,1,6,87,1454,0,1,0,32,0,28,1,1,pre_allocation
765,1189,normal,0,0,65535_65535,1,6,87,1499,1,1,1,33,1499,28,1,1,allocated
765,1189,normal,0,0,65535_65535,1,10,87,1499,0,1,0,33,0,28,1,1,pre_allocation
765,1189,normal,0,0,65535_65535,1,10,87,1542,1,1,1,34,1542,28,1,1,allocated
765,1189,normal,0,0,65535_65535,1,9,87,1499,0,1,0,33,0,28,1,1,pre_allocation
765,1189,normal,0,0,65535_65535,1,9,87,1542,1,1,1,34,1542,28,1,1,allocated
765,1189,normal,0,0,65535_65535,1,7,87,1499,0,1,0,33,0,28,1,1,pre_allocation
765,1189,normal,0,0,65535_65535,1,7,87,1542,1,1,1,34,1542,28,1,1,allocated
765,1189,normal,0,0,65535_65535,1,6,87,1499,0,1,0,33,0,28,1,1,pre_allocation
765,1189,normal,0,0,65535_65535,1,6,87,1542,1,1,1,34,1542,28,1,1,allocated
765,1189,normal,0,0,65535_65535,1,10,87,1542,0,1,0,34,0,28,1,1,pre_allocation
765,1189,normal,0,0,65535_65535,1,10,87,1587,1,1,1,35,1587,28,1,1,allocated
765,1189,normal,0,0,65535_65535,1,9,87,1542,0,1,0,34,0,28,1,1,pre_allocation
765,1189,normal,0,0,65535_65535,1,9,87,1587,1,1,1,35,1587,28,1,1,allocated
765,1189,normal,0,0,65535_65535,1,7,87,1542,0,1,0,34,0,28,1,1,pre_allocation
765,1189,normal,0,0,65535_65535,1,7,87,1587,1,1,1,35,1587,28,1,1,allocated
765,1189,normal,0,0,65535_65535,1,6,87,1542,0,1,0,34,0,28,1,1,pre_allocation
765,1189,normal,0,0,65535_65535,1,6,87,1587,1,1,1,35,1587,28,1,1,allocated
765,1189,normal,0,0,65535_65535,1,10,87,1587,0,1,0,35,0,28,1,1,pre_allocation
765,1189,normal,0,0,65535_65535,1,10,87,1633,1,1,1,36,1633,28,1,1,allocated
765,1189,normal,0,0,65535_65535,1,9,87,1587,0,1,0,35,0,28,1,1,pre_allocation
765,1189,normal,0,0,65535_65535,1,9,87,1633,1,1,1,36,1633,28,1,1,allocated
765,1189,normal,0,0,65535_65535,1,7,87,1587,0,1,0,35,0,28,1,1,pre_allocation
765,1189,normal,0,0,65535_65535,1,7,87,1633,1,1,1,36,1633,28,1,1,allocated
765,1189,normal,0,0,65535_65535,1,6,87,1587,0,1,0,35,0,28,1,1,pre_allocation
765,1189,normal,0,0,65535_65535,1,6,87,1633,1,1,1,36,1633,28,1,1,allocated
765,1189,normal,0,0,65535_65535,1,10,87,1633,0,1,0,36,0,28,1,1,pre_allocation
765,1189,normal,0,0,65535_65535,1,10,87,1678,1,1,1,37,1678,28,1,1,allocated
765,1189,normal,0,0,65535_65535,1,9,87,1633,0,1,0,36,0,28,1,1,pre_allocation
765,1189,normal,0,0,65535_65535,1,9,87,1678,1,1,1,37,1678,28,1,1,allocated
765,1189,normal,0,0,65535_65535,1,7,87,1633,0,1,0,36,0,28,1,1,pre_allocation
765,1189,normal,0,0,65535_65535,1,7,87,1678,1,1,1,37,1678,28,1,1,allocated
765,1189,normal,0,0,65535_65535,1,6,87,1633,0,1,0,36,0,28,1,1,pre_allocation
765,1189,normal,0,0,65535_65535,1,6,87,1678,1,1,1,37,1678,28,1,1,allocated
765,1189,normal,0,0,65535_65535,1,10,87,1678,0,1,0,37,0,28,1,1,pre_allocation
765,1189,normal,0,0,65535_65535,1,10,87,1724,1,1,1,38,1724,28,1,1,allocated
765,1189,normal,0,0,65535_65535,1,9,87,1678,0,1,0,37,0,28,1,1,pre_allocation
765,1189,normal,0,0,65535_65535,1,9,87,1724,1,1,1,38,1724,28,1,1,allocated
765,1189,normal,0,0,65535_65535,1,7,87,1678,0,1,0,37,0,28,1,1,pre_allocation
765,1189,normal,0,0,65535_65535,1,7,87,1724,1,1,1,38,1724,28,1,1,allocated
765,1189,normal,0,0,65535_65535,1,6,87,1678,0,1,0,37,0,28,1,1,pre_allocation
765,1189,normal,0,0,65535_65535,1,6,87,1724,1,1,1,38,1724,28,1,1,allocated
765,1189,normal,0,0,65535_65535,1,10,87,1724,0,1,0,38,0,28,1,1,pre_allocation
765,1189,normal,0,0,65535_65535,1,10,87,1770,1,1,1,39,1770,28,1,1,allocated
765,1189,normal,0,0,65535_65535,1,9,87,1724,0,1,0,38,0,28,1,1,pre_allocation
765,1189,normal,0,0,65535_65535,1,9,87,1770,1,1,1,39,1770,28,1,1,allocated
765,1189,normal,0,0,65535_65535,1,7,87,1724,0,1,0,38,0,28,1,1,pre_allocation
765,1189,normal,0,0,65535_65535,1,7,87,1770,1,1,1,39,1770,28,1,1,allocated
765,1189,normal,0,0,65535_65535,1,6,87,1724,0,1,0,38,0,28,1,1,pre_allocation
765,1189,normal,0,0,65535_65535,1,6,87,1770,1,1,1,39,1770,28,1,1,allocated
765,1189,normal,0,0,65535_65535,1,10,87,1770,0,1,0,39,0,28,1,1,pre_allocation
765,1189,normal,0,0,65535_65535,1,10,87,1815,1,1,1,40,1815,28,1,1,allocated
765,1189,normal,0,0,65535_65535,1,9,87,1770,0,1,0,39,0,28,1,1,pre_allocation
765,1189,normal,0,0,65535_65535,1,9,87,1815,1,1,1,40,1815,28,1,1,allocated
765,1189,normal,0,0,65535_65535,1,7,87,1770,0,1,0,39,0,28,1,1,pre_allocation
765,1189,normal,0,0,65535_65535,1,7,87,1815,1,1,1,40,1815,28,1,1,allocated
765,1189,normal,0,0,65535_65535,1,6,87,1770,0,1,0,39,0,28,1,1,pre_allocation
765,1189,normal,0,0,65535_65535,1,6,87,1815,1,1,1,40,1815,28,1,1,allocated
877,1287,normal,0,0,65535_65535,0,1,134663,0,0,1,0,0,0,26,1,1,pre_allocation
877,1287,normal,0,0,65535_65535,0,1,134663,39,1,1,1,1,39,26,1,1,allocated
877,1287,normal,0,0,65535_65535,0,2,59587,0,0,1,0,0,0,28,1,1,pre_allocation
877,1287,normal,0,0,65535_65535,0,2,59587,42,1,1,1,1,42,28,1,1,allocated
877,1287,normal,0,0,65535_65535,0,3,69322,0,0,1,0,0,0,28,1,1,pre_allocation
877,1287,normal,0,0,65535_65535,0,3,69322,42,1,1,1,1,42,28,1,1,allocated
877,1287,normal,0,0,65535_65535,0,4,74767,0,0,1,0,0,0,28,1,1,pre_allocation
877,1287,normal,0,0,65535_65535,0,4,74767,42,1,1,1,1,42,28,1,1,allocated
877,1287,normal,0,0,65535_65535,0,5,77348,0,0,1,0,0,0,28,1,1,pre_allocation
877,1287,normal,0,0,65535_65535,0,5,77348,42,1,1,1,1,42,28,1,1,allocated
877,1287,normal,0,0,65535_65535,0,1,134663,39,0,1,0,1,0,26,1,1,pre_allocation
877,1287,normal,0,0,65535_65535,0,1,134663,81,1,1,1,2,81,26,1,1,allocated
877,1287,normal,0,0,65535_65535,0,2,59587,42,0,1,0,1,0,28,1,1,pre_allocation
877,1287,normal,0,0,65535_65535,0,2,59587,88,1,1,1,2,88,28,1,1,allocated
877,1287,normal,0,0,65535_65535,0,3,69322,42,0,1,0,1,0,28,1,1,pre_allocation
877,1287,normal,0,0,65535_65535,0,3,69322,88,1,1,1,2,88,28,1,1,allocated
877,1287,normal,0,0,65535_65535,0,4,74767,42,0,1,0,1,0,28,1,1,pre_allocation
877,1287,normal,0,0,65535_65535,0,4,74767,88,1,1,1,2,88,28,1,1,allocated
877,1287,normal,0,0,65535_65535,0,5,77348,42,0,1,0,1,0,28,1,1,pre_allocation
877,1287,normal,0,0,65535_65535,0,5,77348,88,1,1,1,2,88,28,1,1,allocated
877,1287,normal,0,0,65535_65535,0,1,134663,81,0,1,0,2,0,26,1,1,pre_allocation
877,1287,normal,0,0,65535_65535,0,1,134663,123,1,1,1,3,123,26,1,1,allocated
877,1287,normal,0,0,65535_65535,0,2,59587,88,0,1,0,2,0,28,1,1,pre_allocation
877,1287,normal,0,0,65535_65535,0,2,59587,133,1,1,1,3,133,28,1,1,allocated
877,1287,normal,0,0,65535_65535,0,3,69322,88,0,1,0,2,0,28,1,1,pre_allocation
877,1287,normal,0,0,65535_65535,0,3,69322,133,1,1,1,3,133,28,1,1,allocated
877,1287,normal,0,0,65535_65535,0,4,74767,88,0,1,0,2,0,28,1,1,pre_allocation
877,1287,normal,0,0,65535_65535,0,4,74767,133,1,1,1,3,133,28,1,1,allocated
877,1287,normal,0,0,65535_65535,0,5,77348,88,0,1,0,2,0,28,1,1,pre_allocation
877,1287,normal,0,0,65535_65535,0,5,77348,133,1,1,1,3,133,28,1,1,allocated
877,1287,normal,0,0,65535_65535,0,1,134663,123,0,1,0,3,0,26,1,1,pre_allocation
877,1287,normal,0,0,65535_65535,0,1,134663,165,1,1,1,4,165,26,1,1,allocated
877,1287,normal,0,0,65535_65535,0,2,59587,133,0,1,0,3,0,28,1,1,pre_allocation
877,1287,normal,0,0,65535_65535,0,2,59587,179,1,1,1,4,179,28,1,1,allocated
877,1287,normal,0,0,65535_65535,0,3,69322,133,0,1,0,3,0,28,1,1,pre_allocation
877,1287,normal,0,0,65535_65535,0,3,69322,179,1,1,1,4,179,28,1,1,allocated
877,1287,normal,0,0,65535_65535,0,4,74767,133,0,1,0,3,0,28,1,1,pre_allocation
877,1287,normal,0,0,65535_65535,0,4,74767,179,1,1,1,4,179,28,1,1,allocated
877,1287,normal,0,0,65535_65535,0,5,77348,133,0,1,0,3,0,28,1,1,pre_allocation
877,1287,normal,0,0,65535_65535,0,5,77348,179,1,1,1,4,179,28,1,1,allocated
877,1287,normal,0,0,65535_65535,0,1,134663,165,0,1,0,4,0,26,1,1,pre_allocation
877,1287,normal,0,0,65535_65535,0,1,134663,207,1,1,1,5,207,26,1,1,allocated
877,1287,normal,0,0,65535_65535,0,2,59587,179,0,1,0,4,0,28,1,1,pre_allocation
877,1287,normal,0,0,65535_65535,0,2,59587,224,1,1,1,5,224,28,1,1,allocated
877,1287,normal,0,0,65535_65535,0,3,69322,179,0,1,0,4,0,28,1,1,pre_allocation
877,1287,normal,0,0,65535_65535,0,3,69322,224,1,1,1,5,224,28,1,1,allocated
877,1287,normal,0,0,65535_65535,0,4,74767,179,0,1,0,4,0,28,1,1,pre_allocation
877,1287,normal,0,0,65535_65535,0,4,74767,224,1,1,1,5,224,28,1,1,allocated
877,1287,normal,0,0,65535_65535,0,5,77348,179,0,1,0,4,0,28,1,1,pre_allocation
877,1287,normal,0,0,65535_65535,0,5,77348,224,1,1,1,5,224,28,1,1,allocated
877,1287,normal,0,0,65535_65535,0,1,134663,207,0,1,0,5,0,26,1,1,pre_allocation
877,1287,normal,0,0,65535_65535,0,1,134663,249,1,1,1,6,249,26,1,1,allocated
877,1287,normal,0,0,65535_65535,0,2,59587,224,0,1,0,5,0,28,1,1,pre_allocation
877,1287,normal,0,0,65535_65535,0,2,59587,270,1,1,1,6,270,28,1,1,allocated
877,1287,normal,0,0,65535_65535,0,3,69322,224,0,1,0,5,0,28,1,1,pre_allocation
877,1287,normal,0,0,65535_65535,0,3,69322,270,1,1,1,6,270,28,1,1,allocated
877,1287,normal,0,0,65535_65535,0,4,74767,224,0,1,0,5,0,28,1,1,pre_allocation
877,1287,normal,0,0,65535_65535,0,4,74767,270,1,1,1,6,270,28,1,1,allocated
877,1287,normal,0,0,65535_65535,0,5,77348,224,0,1,0,5,0,28,1,1,pre_allocation
877,1287,normal,0,0,65535_65535,0,5,77348,270,1,1,1,6,270,28,1,1,allocated
877,1287,normal,0,0,65535_65535,0,1,134663,249,0,1,0,6,0,26,1,1,pre_allocation
877,1287,normal,0,0,65535_65535,0,1,134663,291,1,1,1,7,291,26,1,1,allocated
877,1287,normal,0,0,65535_65535,0,2,59587,270,0,1,0,6,0,28,1,1,pre_allocation
877,1287,normal,0,0,65535_65535,0,2,59587,315,1,1,1,7,315,28,1,1,allocated
877,1287,normal,0,0,65535_65535,0,3,69322,270,0,1,0,6,0,28,1,1,pre_allocation
877,1287,normal,0,0,65535_65535,0,3,69322,315,1,1,1,7,315,28,1,1,allocated
877,1287,normal,0,0,65535_65535,0,4,74767,270,0,1,0,6,0,28,1,1,pre_allocation
877,1287,normal,0,0,65535_65535,0,4,74767,315,1,1,1,7,315,28,1,1,allocated
877,1287,normal,0,0,65535_65535,0,5,77348,270,0,1,0,6,0,28,1,1,pre_allocation
877,1287,normal,0,0,65535_65535,0,5,77348,315,1,1,1,7,315,28,1,1,allocated
877,1287,normal,0,0,65535_65535,0,1,134663,291,0,1,0,7,0,26,1,1,pre_allocation
877,1287,normal,0,0,65535_65535,0,1,134663,333,1,1,1,8,333,26,1,1,allocated
877,1287,normal,0,0,65535_65535,0,2,59587,315,0,1,0,7,0,28,1,1,pre_allocation
877,1287,normal,0,0,65535_65535,0,2,59587,361,1,1,1,8,361,28,1,1,allocated
877,1287,normal,0,0,65535_65535,0,3,69322,315,0,1,0,7,0,28,1,1,pre_allocation
877,1287,normal,0,0,65535_65535,0,3,69322,361,1,1,1,8,361,28,1,1,allocated
877,1287,normal,0,0,65535_65535,0,4,74767,315,0,1,0,7,0,28,1,1,pre_allocation
877,1287,normal,0,0,65535_65535,0,4,74767,361,1,1,1,8,361,28,1,1,allocated
877,1287,normal,0,0,65535_65535,0,5,77348,315,0,1,0,7,0,28,1,1,pre_allocation
877,1287,normal,0,0,65535_65535,0,5,77348,361,1,1,1,8,361,28,1,1,allocated
877,1287,normal,0,0,65535_65535,0,1,134663,333,0,1,0,8,0,26,1,1,pre_allocation
877,1287,normal,0,0,65535_65535,0,1,134663,375,1,1,1,9,375,26,1,1,allocated
877,1287,normal,0,0,65535_65535,0,2,59587,361,0,1,0,8,0,28,1,1,pre_allocation
877,1287,normal,0,0,65535_65535,0,2,59587,406,1,1,1,9,406,28,1,1,allocated
877,1287,normal,0,0,65535_65535,0,3,69322,361,0,1,0,8,0,28,1,1,pre_allocation
877,1287,normal,0,0,65535_65535,0,3,69322,406,1,1,1,9,406,28,1,1,allocated
877,1287,normal,0,0,65535_65535,0,4,74767,361,0,1,0,8,0,28,1,1,pre_allocation
877,1287,normal,0,0,65535_65535,0,4,74767,406,1,1,1,9,406,28,1,1,allocated
877,1287,normal,0,0,65535_65535,0,5,77348,361,0,1,0,8,0,28,1,1,pre_allocation
877,1287,normal,0,0,65535_65535,0,5,77348,406,1,1,1,9,406,28,1,1,allocated
877,1287,normal,0,0,65535_65535,0,1,134663,375,0,1,0,9,0,26,1,1,pre_allocation
877,1287,normal,0,0,65535_65535,0,1,134663,417,1,1,1,10,417,26,1,1,allocated
877,1287,normal,0,0,65535_65535,0,2,59587,406,0,1,0,9,0,28,1,1,pre_allocation
877,1287,normal,0,0,65535_65535,0,2,59587,452,1,1,1,10,452,28,1,1,allocated
877,1287,normal,0,0,65535_65535,0,3,69322,406,0,1,0,9,0,28,1,1,pre_allocation
877,1287,normal,0,0,65535_65535,0,3,69322,452,1,1,1,10,452,28,1,1,allocated
877,1287,normal,0,0,65535_65535,0,4,74767,406,0,1,0,9,0,28,1,1,pre_allocation
877,1287,normal,0,0,65535_65535,0,4,74767,452,1,1,1,10,452,28,1,1,allocated
877,1287,normal,0,0,65535_65535,0,5,77348,406,0,1,0,9,0,28,1,1,pre_allocation
877,1287,normal,0,0,65535_65535,0,5,77348,452,1,1,1,10,452,28,1,1,allocated
877,1287,normal,0,0,65535_65535,0,1,134663,417,0,1,0,10,0,26,1,1,pre_allocation
877,1287,normal,0,0,65535_65535,0,1,134663,459,1,1,1,11,459,26,1,1,allocated
877,1287,normal,0,0,65535_65535,0,2,59587,452,0,1,0,10,0,28,1,1,pre_allocation
877,1287,normal,0,0,65535_65535,0,2,59587,497,1,1,1,11,497,28,1,1,allocated
877,1287,normal,0,0,65535_65535,0,3,69322,452,0,1,0,10,0,28,1,1,pre_allocation
877,1287,normal,0,0,65535_65535,0,3,69322,497,1,1,1,11,497,28,1,1,allocated
877,1287,normal,0,0,65535_65535,0,4,74767,452,0,1,0,10,0,28,1,1,pre_allocation
877,1287,normal,0,0,65535_65535,0,4,74767,497,1,1,1,11,497,28,1,1,allocated
877,1287,normal,0,0,65535_65535,0,5,77348,452,0,1,0,10,0,28,1,1,pre_allocation
877,1287,normal,0,0,65535_65535,0,5,77348,497,1,1,1,11,497,28,1,1,allocated
877,1287,normal,0,0,65535_65535,0,1,134663,459,0,1,0,11,0,26,1,1,pre_allocation
877,1287,normal,0,0,65535_65535,0,1,134663,501,1,1,1,12,501,26,1,1,allocated
877,1287,normal,0,0,65535_65535,0,2,59587,497,0,1,0,11,0,28,1,1,pre_allocation
877,1287,normal,0,0,65535_65535,0,2,59587,543,1,1,1,12,543,28,1,1,allocated
877,1287,normal,0,0,65535_65535,0,3,69322,497,0,1,0,11,0,28,1,1,pre_allocation
877,1287,normal,0,0,65535_65535,0,3,69322,543,1,1,1,12,543,28,1,1,allocated
877,1287,normal,0,0,65535_65535,1,6,87,0,0,1,0,0,0,28,1,1,pre_allocation
877,1287,normal,0,0,65535_65535,1,6,87,42,1,1,1,1,42,28,1,1,allocated
877,1287,normal,0,0,65535_65535,1,7,87,0,0,1,0,0,0,28,1,1,pre_allocation
877,1287,normal,0,0,65535_65535,1,7,87,42,1,1,1,1,42,28,1,1,allocated
877,1287,normal,0,0,65535_65535,1,9,87,0,0,1,0,0,0,28,1,1,pre_allocation
877,1287,normal,0,0,65535_65535,1,9,87,42,1,1,1,1,42,28,1,1,allocated
877,1287,normal,0,0,65535_65535,1,10,87,0,0,1,0,0,0,28,1,1,pre_allocation
877,1287,normal,0,0,65535_65535,1,10,87,42,1,1,1,1,42,28,1,1,allocated
877,1287,normal,0,0,65535_65535,1,6,87,42,0,1,0,1,0,28,1,1,pre_allocation
877,1287,normal,0,0,65535_65535,1,6,87,88,1,1,1,2,88,28,1,1,allocated
877,1287,normal,0,0,65535_65535,1,7,87,42,0,1,0,1,0,28,1,1,pre_allocation
877,1287,normal,0,0,65535_65535,1,7,87,88,1,1,1,2,88,28,1,1,allocated
877,1287,normal,0,0,65535_65535,1,9,87,42,0,1,0,1,0,28,1,1,pre_allocation
877,1287,normal,0,0,65535_65535,1,9,87,88,1,1,1,2,88,28,1,1,allocated
877,1287,normal,0,0,65535_65535,1,10,87,42,0,1,0,1,0,28,1,1,pre_allocation
877,1287,normal,0,0,65535_65535,1,10,87,88,1,1,1,2,88,28,1,1,allocated
877,1287,normal,0,0,65535_65535,1,6,87,88,0,1,0,2,0,28,1,1,pre_allocation
877,1287,normal,0,0,65535_65535,1,6,87,133,1,1,1,3,133,28,1,1,allocated
877,1287,normal,0,0,65535_65535,1,7,87,88,0,1,0,2,0,28,1,1,pre_allocation
877,1287,normal,0,0,65535_65535,1,7,87,133,1,1,1,3,133,28,1,1,allocated
877,1287,normal,0,0,65535_65535,1,9,87,88,0,1,0,2,0,28,1,1,pre_allocation
877,1287,normal,0,0,65535_65535,1,9,87,133,1,1,1,3,133,28,1,1,allocated
877,1287,normal,0,0,65535_65535,1,10,87,88,0,1,0,2,0,28,1,1,pre_allocation
877,1287,normal,0,0,65535_65535,1,10,87,133,1,1,1,3,133,28,1,1,allocated
877,1287,normal,0,0,65535_65535,1,6,87,133,0,1,0,3,0,28,1,1,pre_allocation
877,1287,normal,0,0,65535_65535,1,6,87,179,1,1,1,4,179,28,1,1,allocated
877,1287,normal,0,0,65535_65535,1,7,87,133,0,1,0,3,0,28,1,1,pre_allocation
877,1287,normal,0,0,65535_65535,1,7,87,179,1,1,1,4,179,28,1,1,allocated
877,1287,normal,0,0,65535_65535,1,9,87,133,0,1,0,3,0,28,1,1,pre_allocation
877,1287,normal,0,0,65535_65535,1,9,87,179,1,1,1,4,179,28,1,1,allocated
877,1287,normal,0,0,65535_65535,1,10,87,133,0,1,0,3,0,28,1,1,pre_allocation
877,1287,normal,0,0,65535_65535,1,10,87,179,1,1,1,4,179,28,1,1,allocated
877,1287,normal,0,0,65535_65535,1,6,87,179,0,1,0,4,0,28,1,1,pre_allocation
877,1287,normal,0,0,65535_65535,1,6,87,224,1,1,1,5,224,28,1,1,allocated
877,1287,normal,0,0,65535_65535,1,7,87,179,0,1,0,4,0,28,1,1,pre_allocation
877,1287,normal,0,0,65535_65535,1,7,87,224,1,1,1,5,224,28,1,1,allocated
877,1287,normal,0,0,65535_65535,1,9,87,179,0,1,0,4,0,28,1,1,pre_allocation
877,1287,normal,0,0,65535_65535,1,9,87,224,1,1,1,5,224,28,1,1,allocated
877,1287,normal,0,0,65535_65535,1,10,87,179,0,1,0,4,0,28,1,1,pre_allocation
877,1287,normal,0,0,65535_65535,1,10,87,224,1,1,1,5,224,28,1,1,allocated
877,1287,normal,0,0,65535_65535,1,6,87,224,0,1,0,5,0,28,1,1,pre_allocation
877,1287,normal,0,0,65535_65535,1,6,87,270,1,1,1,6,270,28,1,1,allocated
877,1287,normal,0,0,65535_65535,1,7,87,224,0,1,0,5,0,28,1,1,pre_allocation
877,1287,normal,0,0,65535_65535,1,7,87,270,1,1,1,6,270,28,1,1,allocated
877,1287,normal,0,0,65535_65535,1,9,87,224,0,1,0,5,0,28,1,1,pre_allocation
877,1287,normal,0,0,65535_65535,1,9,87,270,1,1,1,6,270,28,1,1,allocated
877,1287,normal,0,0,65535_65535,1,10,87,224,0,1,0,5,0,28,1,1,pre_allocation
877,1287,normal,0,0,65535_65535,1,10,87,270,1,1,1,6,270,28,1,1,allocated
877,1287,normal,0,0,65535_65535,1,6,87,270,0,1,0,6,0,28,1,1,pre_allocation
877,1287,normal,0,0,65535_65535,1,6,87,315,1,1,1,7,315,28,1,1,allocated
877,1287,normal,0,0,65535_65535,1,7,87,270,0,1,0,6,0,28,1,1,pre_allocation
877,1287,normal,0,0,65535_65535,1,7,87,315,1,1,1,7,315,28,1,1,allocated
877,1287,normal,0,0,65535_65535,1,9,87,270,0,1,0,6,0,28,1,1,pre_allocation
877,1287,normal,0,0,65535_65535,1,9,87,315,1,1,1,7,315,28,1,1,allocated
877,1287,normal,0,0,65535_65535,1,10,87,270,0,1,0,6,0,28,1,1,pre_allocation
877,1287,normal,0,0,65535_65535,1,10,87,315,1,1,1,7,315,28,1,1,allocated
877,1287,normal,0,0,65535_65535,1,6,87,315,0,1,0,7,0,28,1,1,pre_allocation
877,1287,normal,0,0,65535_65535,1,6,87,361,1,1,1,8,361,28,1,1,allocated
877,1287,normal,0,0,65535_65535,1,7,87,315,0,1,0,7,0,28,1,1,pre_allocation
877,1287,normal,0,0,65535_65535,1,7,87,361,1,1,1,8,361,28,1,1,allocated
877,1287,normal,0,0,65535_65535,1,9,87,315,0,1,0,7,0,28,1,1,pre_allocation
877,1287,normal,0,0,65535_65535,1,9,87,361,1,1,1,8,361,28,1,1,allocated
877,1287,normal,0,0,65535_65535,1,10,87,315,0,1,0,7,0,28,1,1,pre_allocation
877,1287,normal,0,0,65535_65535,1,10,87,361,1,1,1,8,361,28,1,1,allocated
877,1287,normal,0,0,65535_65535,1,6,87,361,0,1,0,8,0,28,1,1,pre_allocation
877,1287,normal,0,0,65535_65535,1,6,87,406,1,1,1,9,406,28,1,1,allocated
877,1287,normal,0,0,65535_65535,1,7,87,361,0,1,0,8,0,28,1,1,pre_allocation
877,1287,normal,0,0,65535_65535,1,7,87,406,1,1,1,9,406,28,1,1,allocated
877,1287,normal,0,0,65535_65535,1,9,87,361,0,1,0,8,0,28,1,1,pre_allocation
877,1287,normal,0,0,65535_65535,1,9,87,406,1,1,1,9,406,28,1,1,allocated
877,1287,normal,0,0,65535_65535,1,10,87,361,0,1,0,8,0,28,1,1,pre_allocation
877,1287,normal,0,0,65535_65535,1,10,87,406,1,1,1,9,406,28,1,1,allocated
877,1287,normal,0,0,65535_65535,1,6,87,406,0,1,0,9,0,28,1,1,pre_allocation
877,1287,normal,0,0,65535_65535,1,6,87,452,1,1,1,10,452,28,1,1,allocated
877,1287,normal,0,0,65535_65535,1,7,87,406,0,1,0,9,0,28,1,1,pre_allocation
877,1287,normal,0,0,65535_65535,1,7,87,452,1,1,1,10,452,28,1,1,allocated
877,1287,normal,0,0,65535_65535,1,9,87,406,0,1,0,9,0,28,1,1,pre_allocation
877,1287,normal,0,0,65535_65535,1,9,87,452,1,1,1,10,452,28,1,1,allocated
877,1287,normal,0,0,65535_65535,1,10,87,406,0,1,0,9,0,28,1,1,pre_allocation
877,1287,normal,0,0,65535_65535,1,10,87,452,1,1,1,10,452,28,1,1,allocated
877,1287,normal,0,0,65535_65535,1,6,87,452,0,1,0,10,0,28,1,1,pre_allocation
877,1287,normal,0,0,65535_65535,1,6,87,497,1,1,1,11,497,28,1,1,allocated
877,1287,normal,0,0,65535_65535,1,7,87,452,0,1,0,10,0,28,1,1,pre_allocation
877,1287,normal,0,0,65535_65535,1,7,87,497,1,1,1,11,497,28,1,1,allocated
877,1287,normal,0,0,65535_65535,1,9,87,452,0,1,0,10,0,28,1,1,pre_allocation
877,1287,normal,0,0,65535_65535,1,9,87,497,1,1,1,11,497,28,1,1,allocated
877,1287,normal,0,0,65535_65535,1,10,87,452,0,1,0,10,0,28,1,1,pre_allocation
877,1287,normal,0,0,65535_65535,1,10,87,497,1,1,1,11,497,28,1,1,allocated
877,1287,normal,0,0,65535_65535,1,6,87,497,0,1,0,11,0,28,1,1,pre_allocation
877,1287,normal,0,0,65535_65535,1,6,87,543,1,1,1,12,543,28,1,1,allocated
877,1287,normal,0,0,65535_65535,1,7,87,497,0,1,0,11,0,28,1,1,pre_allocation
877,1287,normal,0,0,65535_65535,1,7,87,543,1,1,1,12,543,28,1,1,allocated
877,1287,normal,0,0,65535_65535,1,9,87,497,0,1,0,11,0,28,1,1,pre_allocation
877,1287,normal,0,0,65535_65535,1,9,87,543,1,1,1,12,543,28,1,1,allocated
877,1287,normal,0,0,65535_65535,1,10,87,497,0,1,0,11,0,28,1,1,pre_allocation
877,1287,normal,0,0,65535_65535,1,10,87,543,1,1,1,12,543,28,1,1,allocated
877,1287,normal,0,0,65535_65535,1,6,87,543,0,1,0,12,0,28,1,1,pre_allocation
877,1287,normal,0,0,65535_65535,1,6,87,589,1,1,1,13,589,28,1,1,allocated
877,1287,normal,0,0,65535_65535,1,7,87,543,0,1,0,12,0,28,1,1,pre_allocation
877,1287,normal,0,0,65535_65535,1,7,87,589,1,1,1,13,589,28,1,1,allocated
877,1287,normal,0,0,65535_65535,1,9,87,543,0,1,0,12,0,28,1,1,pre_allocation
877,1287,normal,0,0,65535_65535,1,9,87,589,1,1,1,13,589,28,1,1,allocated
877,1287,normal,0,0,65535_65535,1,10,87,543,0,1,0,12,0,28,1,1,pre_allocation
877,1287,normal,0,0,65535_65535,1,10,87,589,1,1,1,13,589,28,1,1,allocated
877,1287,normal,0,0,65535_65535,1,6,87,589,0,1,0,13,0,28,1,1,pre_allocation
877,1287,normal,0,0,65535_65535,1,6,87,634,1,1,1,14,634,28,1,1,allocated
877,1287,normal,0,0,65535_65535,2,28,137,0,0,1,0,0,0,28,1,1,pre_allocation
877,1287,normal,0,0,65535_65535,2,28,137,42,1,1,1,1,42,28,1,1,allocated
877,1287,normal,0,0,65535_65535,2,27,137,0,0,1,0,0,0,28,1,1,pre_allocation
877,1287,normal,0,0,65535_65535,2,27,137,42,1,1,1,1,42,28,1,1,allocated
877,1287,normal,0,0,65535_65535,2,25,137,0,0,1,0,0,0,28,1,1,pre_allocation
877,1287,normal,0,0,65535_65535,2,25,137,42,1,1,1,1,42,28,1,1,allocated
877,1287,normal,0,0,65535_65535,2,24,137,0,0,1,0,0,0,28,1,1,pre_allocation
877,1287,normal,0,0,65535_65535,2,24,137,42,1,1,1,1,42,28,1,1,allocated
877,1287,normal,0,0,65535_65535,2,22,137,0,0,1,0,0,0,28,1,1,pre_allocation
877,1287,normal,0,0,65535_65535,2,22,137,42,1,1,1,1,42,28,1,1,allocated
877,1287,normal,0,0,65535_65535,2,21,137,0,0,1,0,0,0,28,1,1,pre_allocation
877,1287,normal,0,0,65535_65535,2,21,137,42,1,1,1,1,42,28,1,1,allocated
877,1287,normal,0,0,65535_65535,2,11,137,0,0,1,0,0,0,28,1,1,pre_allocation
877,1287,normal,0,0,65535_65535,2,11,137,42,1,1,1,1,42,28,1,1,allocated
877,1287,normal,0,0,65535_65535,2,12,137,0,0,1,0,0,0,28,1,1,pre_allocation
877,1287,normal,0,0,65535_65535,2,12,137,42,1,1,1,1,42,28,1,1,allocated
877,1287,normal,0,0,65535_65535,2,28,137,42,0,1,0,1,0,28,1,1,pre_allocation
877,1287,normal,0,0,65535_65535,2,28,137,88,1,1,1,2,88,28,1,1,allocated
877,1287,normal,0,0,65535_65535,2,27,137,42,0,1,0,1,0,28,1,1,pre_allocation
877,1287,normal,0,0,65535_65535,2,27,137,88,1,1,1,2,88,28,1,1,allocated
877,1287,normal,0,0,65535_65535,2,25,137,42,0,1,0,1,0,28,1,1,pre_allocation
877,1287,normal,0,0,65535_65535,2,25,137,88,1,1,1,2,88,28,1,1,allocated
877,1287,normal,0,0,65535_65535,2,24,137,42,0,1,0,1,0,28,1,1,pre_allocation
877,1287,normal,0,0,65535_65535,2,24,137,88,1,1,1,2,88,28,1,1,allocated
877,1287,normal,0,0,65535_65535,2,22,137,42,0,1,0,1,0,28,1,1,pre_allocation
877,1287,normal,0,0,65535_65535,2,22,137,88,1,1,1,2,88,28,1,1,allocated
877,1287,normal,0,0,65535_65535,2,21,137,42,0,1,0,1,0,28,1,1,pre_allocation
877,1287,normal,0,0,65535_65535,2,21,137,88,1,1,1,2,88,28,1,1,allocated
877,1287,normal,0,0,65535_65535,2,11,137,42,0,1,0,1,0,28,1,1,pre_allocation
877,1287,normal,0,0,65535_65535,2,11,137,88,1,1,1,2,88,28,1,1,allocated
877,1287,normal,0,0,65535_65535,2,12,137,42,0,1,0,1,0,28,1,1,pre_allocation
877,1287,normal,0,0,65535_65535,2,12,137,88,1,1,1,2,88,28,1,1,allocated
877,1287,normal,0,0,65535_65535,2,28,137,88,0,1,0,2,0,28,1,1,pre_allocation
877,1287,normal,0,0,65535_65535,2,28,137,133,1,1,1,3,133,28,1,1,allocated
877,1287,normal,0,0,65535_65535,2,27,137,88,0,1,0,2,0,28,1,1,pre_allocation
877,1287,normal,0,0,65535_65535,2,27,137,133,1,1,1,3,133,28,1,1,allocated
877,1287,normal,0,0,65535_65535,2,25,137,88,0,1,0,2,0,28,1,1,pre_allocation
877,1287,normal,0,0,65535_65535,2,25,137,133,1,1,1,3,133,28,1,1,allocated
877,1287,normal,0,0,65535_65535,2,24,137,88,0,1,0,2,0,28,1,1,pre_allocation
877,1287,normal,0,0,65535_65535,2,24,137,133,1,1,1,3,133,28,1,1,allocated
877,1287,normal,0,0,65535_65535,2,22,137,88,0,1,0,2,0,28,1,1,pre_allocation
877,1287,normal,0,0,65535_65535,2,22,137,133,1,1,1,3,133,28,1,1,allocated
877,1287,normal,0,0,65535_65535,2,21,137,88,0,1,0,2,0,28,1,1,pre_allocation
877,1287,normal,0,0,65535_65535,2,21,137,133,1,1,1,3,133,28,1,1,allocated
877,1287,normal,0,0,65535_65535,2,11,137,88,0,1,0,2,0,28,1,1,pre_allocation
877,1287,normal,0,0,65535_65535,2,11,137,133,1,1,1,3,133,28,1,1,allocated
877,1287,normal,0,0,65535_65535,2,12,137,88,0,1,0,2,0,28,1,1,pre_allocation
877,1287,normal,0,0,65535_65535,2,12,137,133,1,1,1,3,133,28,1,1,allocated
877,1287,normal,0,0,65535_65535,2,28,137,133,0,1,0,3,0,28,1,1,pre_allocation
877,1287,normal,0,0,65535_65535,2,28,137,179,1,1,1,4,179,28,1,1,allocated
877,1287,normal,0,0,65535_65535,2,27,137,133,0,1,0,3,0,28,1,1,pre_allocation
877,1287,normal,0,0,65535_65535,2,27,137,179,1,1,1,4,179,28,1,1,allocated
877,1287,normal,0,0,65535_65535,2,25,137,133,0,1,0,3,0,28,1,1,pre_allocation
877,1287,normal,0,0,65535_65535,2,25,137,179,1,1,1,4,179,28,1,1,allocated
877,1287,normal,0,0,65535_65535,2,24,137,133,0,1,0,3,0,28,1,1,pre_allocation
877,1287,normal,0,0,65535_65535,2,24,137,179,1,1,1,4,179,28,1,1,allocated
877,1287,normal,0,0,65535_65535,2,22,137,133,0,1,0,3,0,28,1,1,pre_allocation
877,1287,normal,0,0,65535_65535,2,22,137,179,1,1,1,4,179,28,1,1,allocated
877,1287,normal,0,0,65535_65535,2,21,137,133,0,1,0,3,0,28,1,1,pre_allocation
877,1287,normal,0,0,65535_65535,2,21,137,179,1,1,1,4,179,28,1,1,allocated
877,1287,normal,0,0,65535_65535,2,11,137,133,0,1,0,3,0,28,1,1,pre_allocation
877,1287,normal,0,0,65535_65535,2,11,137,179,1,1,1,4,179,28,1,1,allocated
877,1287,normal,0,0,65535_65535,2,12,137,133,0,1,0,3,0,28,1,1,pre_allocation
877,1287,normal,0,0,65535_65535,2,12,137,179,1,1,1,4,179,28,1,1,allocated
877,1287,normal,0,0,65535_65535,2,28,137,179,0,1,0,4,0,28,1,1,pre_allocation
877,1287,normal,0,0,65535_65535,2,28,137,224,1,1,1,5,224,28,1,1,allocated
877,1287,normal,0,0,65535_65535,2,27,137,179,0,1,0,4,0,28,1,1,pre_allocation
877,1287,normal,0,0,65535_65535,2,27,137,224,1,1,1,5,224,28,1,1,allocated
877,1287,normal,0,0,65535_65535,2,25,137,179,0,1,0,4,0,28,1,1,pre_allocation
877,1287,normal,0,0,65535_65535,2,25,137,224,1,1,1,5,224,28,1,1,allocated
877,1287,normal,0,0,65535_65535,2,24,137,179,0,1,0,4,0,28,1,1,pre_allocation
877,1287,normal,0,0,65535_65535,2,24,137,224,1,1,1,5,224,28,1,1,allocated
877,1287,normal,0,0,65535_65535,2,22,137,179,0,1,0,4,0,28,1,1,pre_allocation
877,1287,normal,0,0,65535_65535,2,22,137,224,1,1,1,5,224,28,1,1,allocated
877,1287,normal,0,0,65535_65535,2,21,137,179,0,1,0,4,0,28,1,1,pre_allocation
877,1287,normal,0,0,65535_65535,2,21,137,224,1,1,1,5,224,28,1,1,allocated
877,1287,normal,0,0,65535_65535,2,11,137,179,0,1,0,4,0,28,1,1,pre_allocation
877,1287,normal,0,0,65535_65535,2,11,137,224,1,1,1,5,224,28,1,1,allocated
877,1287,normal,0,0,65535_65535,2,12,137,179,0,1,0,4,0,28,1,1,pre_allocation
877,1287,normal,0,0,65535_65535,2,12,137,224,1,1,1,5,224,28,1,1,allocated
877,1287,normal,0,0,65535_65535,2,28,137,224,0,1,0,5,0,28,1,1,pre_allocation
877,1287,normal,0,0,65535_65535,2,28,137,270,1,1,1,6,270,28,1,1,allocated
877,1287,normal,0,0,65535_65535,2,27,137,224,0,1,0,5,0,28,1,1,pre_allocation
877,1287,normal,0,0,65535_65535,2,27,137,270,1,1,1,6,270,28,1,1,allocated
877,1287,normal,0,0,65535_65535,2,25,137,224,0,1,0,5,0,28,1,1,pre_allocation
877,1287,normal,0,0,65535_65535,2,25,137,270,1,1,1,6,270,28,1,1,allocated
877,1287,normal,0,0,65535_65535,2,24,137,224,0,1,0,5,0,28,1,1,pre_allocation
877,1287,normal,0,0,65535_65535,2,24,137,270,1,1,1,6,270,28,1,1,allocated
877,1287,normal,0,0,65535_65535,2,22,137,224,0,1,0,5,0,28,1,1,pre_allocation
877,1287,normal,0,0,65535_65535,2,22,137,270,1,1,1,6,270,28,1,1,allocated
877,1287,normal,0,0,65535_65535,2,21,137,224,0,1,0,5,0,28,1,1,pre_allocation
877,1287,normal,0,0,65535_65535,2,21,137,270,1,1,1,6,270,28,1,1,allocated
877,1287,normal,0,0,65535_65535,2,11,137,224,0,1,0,5,0,28,1,1,pre_allocation
877,1287,normal,0,0,65535_65535,2,11,137,270,1,1,1,6,270,28,1,1,allocated
877,1287,normal,0,0,65535_65535,2,12,137,224,0,1,0,5,0,28,1,1,pre_allocation
877,1287,normal,0,0,65535_65535,2,12,137,270,1,1,1,6,270,28,1,1,allocated
877,1287,normal,0,0,65535_65535,2,28,137,270,0,1,0,6,0,28,1,1,pre_allocation
877,1287,normal,0,0,65535_65535,2,28,137,315,1,1,1,7,315,28,1,1,allocated
877,1287,normal,0,0,65535_65535,2,27,137,270,0,1,0,6,0,28,1,1,pre_allocation
877,1287,normal,0,0,65535_65535,2,27,137,315,1,1,1,7,315,28,1,1,allocated
877,1287,normal,0,0,65535_65535,2,25,137,270,0,1,0,6,0,28,1,1,pre_allocation
877,1287,normal,0,0,65535_65535,2,25,137,315,1,1,1,7,315,28,1,1,allocated
877,1287,normal,0,0,65535_65535,2,24,137,270,0,1,0,6,0,28,1,1,pre_allocation
877,1287,normal,0,0,65535_65535,2,24,137,315,1,1,1,7,315,28,1,1,allocated
877,1287,normal,0,0,65535_65535,2,22,137,270,0,1,0,6,0,28,1,1,pre_allocation
877,1287,normal,0,0,65535_65535,2,22,137,315,1,1,1,7,315,28,1,1,allocated
877,1287,normal,0,0,65535_65535,2,21,137,270,0,1,0,6,0,28,1,1,pre_allocation
877,1287,normal,0,0,65535_65535,2,21,137,315,1,1,1,7,315,28,1,1,allocated
877,1287,normal,0,0,65535_65535,2,11,137,270,0,1,0,6,0,28,1,1,pre_allocation
877,1287,normal,0,0,65535_65535,2,11,137,315,1,1,1,7,315,28,1,1,allocated
877,1287,normal,0,0,65535_65535,2,12,137,270,0,1,0,6,0,28,1,1,pre_allocation
877,1287,normal,0,0,65535_65535,2,12,137,315,1,1,1,7,315,28,1,1,allocated
877,1287,normal,0,0,65535_65535,2,28,137,315,0,1,0,7,0,28,1,1,pre_allocation
877,1287,normal,0,0,65535_65535,2,28,137,361,1,1,1,8,361,28,1,1,allocated
877,1287,normal,0,0,65535_65535,2,27,137,315,0,1,0,7,0,28,1,1,pre_allocation
877,1287,normal,0,0,65535_65535,2,27,137,361,1,1,1,8,361,28,1,1,allocated
877,1287,normal,0,0,65535_65535,2,25,137,315,0,1,0,7,0,28,1,1,pre_allocation
877,1287,normal,0,0,65535_65535,2,25,137,361,1,1,1,8,361,28,1,1,allocated
877,1287,normal,0,0,65535_65535,2,24,137,315,0,1,0,7,0,28,1,1,pre_allocation
877,1287,normal,0,0,65535_65535,2,24,137,361,1,1,1,8,361,28,1,1,allocated
877,1287,normal,0,0,65535_65535,2,22,137,315,0,1,0,7,0,28,1,1,pre_allocation
877,1287,normal,0,0,65535_65535,2,22,137,361,1,1,1,8,361,28,1,1,allocated
877,1287,normal,0,0,65535_65535,2,21,137,315,0,1,0,7,0,28,1,1,pre_allocation
877,1287,normal,0,0,65535_65535,2,21,137,361,1,1,1,8,361,28,1,1,allocated
877,1287,normal,0,0,65535_65535,2,11,137,315,0,1,0,7,0,28,1,1,pre_allocation
877,1287,normal,0,0,65535_65535,2,11,137,361,1,1,1,8,361,28,1,1,allocated
877,1287,normal,0,0,65535_65535,2,12,137,315,0,1,0,7,0,28,1,1,pre_allocation
877,1287,normal,0,0,65535_65535,2,12,137,361,1,1,1,8,361,28,1,1,allocated
877,1287,normal,0,0,65535_65535,2,28,137,361,0,1,0,8,0,28,1,1,pre_allocation
877,1287,normal,0,0,65535_65535,2,28,137,406,1,1,1,9,406,28,1,1,allocated
877,1287,normal,0,0,65535_65535,2,27,137,361,0,1,0,8,0,28,1,1,pre_allocation
877,1287,normal,0,0,65535_65535,2,27,137,406,1,1,1,9,406,28,1,1,allocated
877,1287,normal,0,0,65535_65535,2,25,137,361,0,1,0,8,0,28,1,1,pre_allocation
877,1287,normal,0,0,65535_65535,2,25,137,406,1,1,1,9,406,28,1,1,allocated
877,1287,normal,0,0,65535_65535,2,24,137,361,0,1,0,8,0,28,1,1,pre_allocation
877,1287,normal,0,0,65535_65535,2,24,137,406,1,1,1,9,406,28,1,1,allocated
877,1287,normal,0,0,65535_65535,2,22,137,361,0,1,0,8,0,28,1,1,pre_allocation
877,1287,normal,0,0,65535_65535,2,22,137,406,1,1,1,9,406,28,1,1,allocated
877,1287,normal,0,0,65535_65535,2,21,137,361,0,1,0,8,0,28,1,1,pre_allocation
877,1287,normal,0,0,65535_65535,2,21,137,406,1,1,1,9,406,28,1,1,allocated
877,1287,normal,0,0,65535_65535,2,11,137,361,0,1,0,8,0,28,1,1,pre_allocation
877,1287,normal,0,0,65535_65535,2,11,137,406,1,1,1,9,406,28,1,1,allocated
877,1287,normal,0,0,65535_65535,2,12,137,361,0,1,0,8,0,28,1,1,pre_allocation
877,1287,normal,0,0,65535_65535,2,12,137,406,1,1,1,9,406,28,1,1,allocated
877,1287,normal,0,0,65535_65535,2,28,137,406,0,1,0,9,0,28,1,1,pre_allocation
877,1287,normal,0,0,65535_65535,2,28,137,452,1,1,1,10,452,28,1,1,allocated
877,1287,normal,0,0,65535_65535,2,27,137,406,0,1,0,9,0,28,1,1,pre_allocation
877,1287,normal,0,0,65535_65535,2,27,137,452,1,1,1,10,452,28,1,1,allocated
877,1287,normal,0,0,65535_65535,2,25,137,406,0,1,0,9,0,28,1,1,pre_allocation
877,1287,normal,0,0,65535_65535,2,25,137,452,1,1,1,10,452,28,1,1,allocated
877,1287,normal,0,0,65535_65535,2,24,137,406,0,1,0,9,0,28,1,1,pre_allocation
877,1287,normal,0,0,65535_65535,2,24,137,452,1,1,1,10,452,28,1,1,allocated
877,1287,normal,0,0,65535_65535,2,22,137,406,0,1,0,9,0,28,1,1,pre_allocation
877,1287,normal,0,0,65535_65535,2,22,137,452,1,1,1,10,452,28,1,1,allocated
877,1287,normal,0,0,65535_65535,2,21,137,406,0,1,0,9,0,28,1,1,pre_allocation
877,1287,normal,0,0,65535_65535,2,21,137,452,1,1,1,10,452,28,1,1,allocated
877,1287,normal,0,0,65535_65535,2,11,137,406,0,1,0,9,0,28,1,1,pre_allocation
877,1287,normal,0,0,65535_65535,2,11,137,452,1,1,1,10,452,28,1,1,allocated
877,1287,normal,0,0,65535_65535,2,12,137,406,0,1,0,9,0,28,1,1,pre_allocation
877,1287,normal,0,0,65535_65535,2,12,137,452,1,1,1,10,452,28,1,1,allocated
877,1287,normal,0,0,65535_65535,2,28,137,452,0,1,0,10,0,28,1,1,pre_allocation
877,1287,normal,0,0,65535_65535,2,28,137,497,1,1,1,11,497,28,1,1,allocated
877,1287,normal,0,0,65535_65535,2,27,137,452,0,1,0,10,0,28,1,1,pre_allocation
877,1287,normal,0,0,65535_65535,2,27,137,497,1,1,1,11,497,28,1,1,allocated
877,1287,normal,0,0,65535_65535,2,25,137,452,0,1,0,10,0,28,1,1,pre_allocation
877,1287,normal,0,0,65535_65535,2,25,137,497,1,1,1,11,497,28,1,1,allocated
877,1287,normal,0,0,65535_65535,2,24,137,452,0,1,0,10,0,28,1,1,pre_allocation
877,1287,normal,0,0,65535_65535,2,24,137,497,1,1,1,11,497,28,1,1,allocated
877,1287,normal,0,0,65535_65535,2,22,137,452,0,1,0,10,0,28,1,1,pre_allocation
877,1287,normal,0,0,65535_65535,2,22,137,497,1,1,1,11,497,28,1,1,allocated
877,1287,normal,0,0,65535_65535,2,21,137,452,0,1,0,10,0,28,1,1,pre_allocation
877,1287,normal,0,0,65535_65535,2,21,137,497,1,1,1,11,497,28,1,1,allocated
877,1287,normal,0,0,65535_65535,2,11,137,452,0,1,0,10,0,28,1,1,pre_allocation
877,1287,normal,0,0,65535_65535,2,11,137,497,1,1,1,11,497,28,1,1,allocated
877,1287,normal,0,0,65535_65535,2,12,137,452,0,1,0,10,0,28,1,1,pre_allocation
877,1287,normal,0,0,65535_65535,2,12,137,497,1,1,1,11,497,28,1,1,allocated
877,1287,normal,0,0,65535_65535,2,28,137,497,0,1,0,11,0,28,1,1,pre_allocation
877,1287,normal,0,0,65535_65535,2,28,137,543,1,1,1,12,543,28,1,1,allocated
877,1287,normal,0,0,65535_65535,2,27,137,497,0,1,0,11,0,28,1,1,pre_allocation
877,1287,normal,0,0,65535_65535,2,27,137,543,1,1,1,12,543,28,1,1,allocated
877,1287,normal,0,0,65535_65535,2,25,137,497,0,1,0,11,0,28,1,1,pre_allocation
877,1287,normal,0,0,65535_65535,2,25,137,543,1,1,1,12,543,28,1,1,allocated
877,1287,normal,0,0,65535_65535,2,24,137,497,0,1,0,11,0,28,1,1,pre_allocation
877,1287,normal,0,0,65535_65535,2,24,137,543,1,1,1,12,543,28,1,1,allocated
877,1287,normal,0,0,65535_65535,2,22,137,497,0,1,0,11,0,28,1,1,pre_allocation
877,1287,normal,0,0,65535_65535,2,22,137,543,1,1,1,12,543,28,1,1,allocated
877,1287,normal,0,0,65535_65535,2,21,137,497,0,1,0,11,0,28,1,1,pre_allocation
877,1287,normal,0,0,65535_65535,2,21,137,543,1,1,1,12,543,28,1,1,allocated
877,1287,normal,0,0,65535_65535,2,11,137,497,0,1,0,11,0,28,1,1,pre_allocation
877,1287,normal,0,0,65535_65535,2,11,137,543,1,1,1,12,543,28,1,1,allocated
877,1287,normal,0,0,65535_65535,2,12,137,497,0,1,0,11,0,28,1,1,pre_allocation
877,1287,normal,0,0,65535_65535,2,12,137,543,1,1,1,12,543,28,1,1,allocated
877,1287,normal,0,0,65535_65535,2,28,137,543,0,1,0,12,0,28,1,1,pre_allocation
877,1287,normal,0,0,65535_65535,2,28,137,589,1,1,1,13,589,28,1,1,allocated
877,1287,normal,0,0,65535_65535,2,27,137,543,0,1,0,12,0,28,1,1,pre_allocation
877,1287,normal,0,0,65535_65535,2,27,137,589,1,1,1,13,589,28,1,1,allocated
877,1287,normal,0,0,65535_65535,2,25,137,543,0,1,0,12,0,28,1,1,pre_allocation
877,1287,normal,0,0,65535_65535,2,25,137,589,1,1,1,13,589,28,1,1,allocated
877,1287,normal,0,0,65535_65535,2,24,137,543,0,1,0,12,0,28,1,1,pre_allocation
877,1287,normal,0,0,65535_65535,2,24,137,589,1,1,1,13,589,28,1,1,allocated
877,1287,normal,0,0,65535_65535,2,22,137,543,0,1,0,12,0,28,1,1,pre_allocation
877,1287,normal,0,0,65535_65535,2,22,137,589,1,1,1,13,589,28,1,1,allocated
877,1287,normal,0,0,65535_65535,2,21,137,543,0,1,0,12,0,28,1,1,pre_allocation
877,1287,normal,0,0,65535_65535,2,21,137,589,1,1,1,13,589,28,1,1,allocated
877,1287,normal,0,0,65535_65535,2,11,137,543,0,1,0,12,0,28,1,1,pre_allocation
877,1287,normal,0,0,65535_65535,2,11,137,589,1,1,1,13,589,28,1,1,allocated
877,1287,normal,0,0,65535_65535,2,12,137,543,0,1,0,12,0,28,1,1,pre_allocation
877,1287,normal,0,0,65535_65535,2,12,137,589,1,1,1,13,589,28,1,1,allocated
877,1287,normal,0,0,65535_65535,2,28,137,589,0,1,0,13,0,28,1,1,pre_allocation
877,1287,normal,0,0,65535_65535,2,28,137,634,1,1,1,14,634,28,1,1,allocated
877,1287,normal,0,0,65535_65535,2,27,137,589,0,1,0,13,0,28,1,1,pre_allocation
877,1287,normal,0,0,65535_65535,2,27,137,634,1,1,1,14,634,28,1,1,allocated
877,1287,normal,0,0,65535_65535,2,25,137,589,0,1,0,13,0,28,1,1,pre_allocation
877,1287,normal,0,0,65535_65535,2,25,137,634,1,1,1,14,634,28,1,1,allocated
877,1287,normal,0,0,65535_65535,2,24,137,589,0,1,0,13,0,28,1,1,pre_allocation
877,1287,normal,0,0,65535_65535,2,24,137,634,1,1,1,14,634,28,1,1,allocated
877,1287,normal,0,0,65535_65535,2,22,137,589,0,1,0,13,0,28,1,1,pre_allocation
877,1287,normal,0,0,65535_65535,2,22,137,634,1,1,1,14,634,28,1,1,allocated
877,1287,normal,0,0,65535_65535,2,21,137,589,0,1,0,13,0,28,1,1,pre_allocation
877,1287,normal,0,0,65535_65535,2,21,137,634,1,1,1,14,634,28,1,1,allocated
877,1287,normal,0,0,65535_65535,2,11,137,589,0,1,0,13,0,28,1,1,pre_allocation
877,1287,normal,0,0,65535_65535,2,11,137,634,1,1,1,14,634,28,1,1,allocated
877,1287,normal,0,0,65535_65535,2,12,137,589,0,1,0,13,0,28,1,1,pre_allocation
877,1287,normal,0,0,65535_65535,2,12,137,634,1,1,1,14,634,28,1,1,allocated
877,1287,normal,0,0,65535_65535,2,28,137,634,0,1,0,14,0,28,1,1,pre_allocation
877,1287,normal,0,0,65535_65535,2,28,137,680,1,1,1,15,680,28,1,1,allocated
877,1287,normal,0,0,65535_65535,2,27,137,634,0,1,0,14,0,28,1,1,pre_allocation
877,1287,normal,0,0,65535_65535,2,27,137,680,1,1,1,15,680,28,1,1,allocated
877,1287,normal,0,0,65535_65535,2,25,137,634,0,1,0,14,0,28,1,1,pre_allocation
877,1287,normal,0,0,65535_65535,2,25,137,680,1,1,1,15,680,28,1,1,allocated
877,1287,normal,0,0,65535_65535,2,24,137,634,0,1,0,14,0,28,1,1,pre_allocation
877,1287,normal,0,0,65535_65535,2,24,137,680,1,1,1,15,680,28,1,1,allocated
877,1287,normal,0,0,65535_65535,2,22,137,634,0,1,0,14,0,28,1,1,pre_allocation
877,1287,normal,0,0,65535_65535,2,22,137,680,1,1,1,15,680,28,1,1,allocated
877,1287,normal,0,0,65535_65535,2,21,137,634,0,1,0,14,0,28,1,1,pre_allocation
877,1287,normal,0,0,65535_65535,2,21,137,680,1,1,1,15,680,28,1,1,allocated
877,1287,normal,0,0,65535_65535,2,11,137,634,0,1,0,14,0,28,1,1,pre_allocation
877,1287,normal,0,0,65535_65535,2,11,137,680,1,1,1,15,680,28,1,1,allocated
877,1287,normal,0,0,65535_65535,2,12,137,634,0,1,0,14,0,28,1,1,pre_allocation
877,1287,normal,0,0,65535_65535,2,12,137,680,1,1,1,15,680,28,1,1,allocated
877,1287,normal,0,0,65535_65535,2,28,137,680,0,1,0,15,0,28,1,1,pre_allocation
877,1287,normal,0,0,65535_65535,2,28,137,725,1,1,1,16,725,28,1,1,allocated
877,1287,normal,0,0,65535_65535,2,27,137,680,0,1,0,15,0,28,1,1,pre_allocation
877,1287,normal,0,0,65535_65535,2,27,137,725,1,1,1,16,725,28,1,1,allocated
877,1287,normal,0,0,65535_65535,2,25,137,680,0,1,0,15,0,28,1,1,pre_allocation
877,1287,normal,0,0,65535_65535,2,25,137,725,1,1,1,16,725,28,1,1,allocated
877,1287,normal,0,0,65535_65535,2,24,137,680,0,1,0,15,0,28,1,1,pre_allocation
877,1287,normal,0,0,65535_65535,2,24,137,725,1,1,1,16,725,28,1,1,allocated
877,1287,normal,0,0,65535_65535,2,22,137,680,0,1,0,15,0,28,1,1,pre_allocation
877,1287,normal,0,0,65535_65535,2,22,137,725,1,1,1,16,725,28,1,1,allocated
877,1287,normal,0,0,65535_65535,2,21,137,680,0,1,0,15,0,28,1,1,pre_allocation
877,1287,normal,0,0,65535_65535,2,21,137,725,1,1,1,16,725,28,1,1,allocated
877,1287,normal,0,0,65535_65535,2,11,137,680,0,1,0,15,0,28,1,1,pre_allocation
877,1287,normal,0,0,65535_65535,2,11,137,725,1,1,1,16,725,28,1,1,allocated
877,1287,normal,0,0,65535_65535,2,12,137,680,0,1,0,15,0,28,1,1,pre_allocation
877,1287,normal,0,0,65535_65535,2,12,137,725,1,1,1,16,725,28,1,1,allocated
877,1287,normal,0,0,65535_65535,2,28,137,725,0,1,0,16,0,28,1,1,pre_allocation
877,1287,normal,0,0,65535_65535,2,28,137,771,1,1,1,17,771,28,1,1,allocated
877,1287,normal,0,0,65535_65535,2,27,137,725,0,1,0,16,0,28,1,1,pre_allocation
877,1287,normal,0,0,65535_65535,2,27,137,771,1,1,1,17,771,28,1,1,allocated
877,1287,normal,0,0,65535_65535,2,25,137,725,0,1,0,16,0,28,1,1,pre_allocation
877,1287,normal,0,0,65535_65535,2,25,137,771,1,1,1,17,771,28,1,1,allocated
877,1287,normal,0,0,65535_65535,2,24,137,725,0,1,0,16,0,28,1,1,pre_allocation
877,1287,normal,0,0,65535_65535,2,24,137,771,1,1,1,17,771,28,1,1,allocated
877,1287,normal,0,0,65535_65535,2,22,137,725,0,1,0,16,0,28,1,1,pre_allocation
877,1287,normal,0,0,65535_65535,2,22,137,771,1,1,1,17,771,28,1,1,allocated
877,1287,normal,0,0,65535_65535,2,21,137,725,0,1,0,16,0,28,1,1,pre_allocation
877,1287,normal,0,0,65535_65535,2,21,137,771,1,1,1,17,771,28,1,1,allocated
877,1287,normal,0,0,65535_65535,2,11,137,725,0,1,0,16,0,28,1,1,pre_allocation
877,1287,normal,0,0,65535_65535,2,11,137,771,1,1,1,17,771,28,1,1,allocated
877,1287,normal,0,0,65535_65535,2,12,137,725,0,1,0,16,0,28,1,1,pre_allocation
877,1287,normal,0,0,65535_65535,2,12,137,771,1,1,1,17,771,28,1,1,allocated
877,1287,normal,0,0,65535_65535,2,28,137,771,0,1,0,17,0,28,1,1,pre_allocation
877,1287,normal,0,0,65535_65535,2,28,137,816,1,1,1,18,816,28,1,1,allocated
877,1287,normal,0,0,65535_65535,2,27,137,771,0,1,0,17,0,28,1,1,pre_allocation
877,1287,normal,0,0,65535_65535,2,27,137,816,1,1,1,18,816,28,1,1,allocated
877,1287,normal,0,0,65535_65535,2,25,137,771,0,1,0,17,0,28,1,1,pre_allocation
877,1287,normal,0,0,65535_65535,2,25,137,816,1,1,1,18,816,28,1,1,allocated
877,1287,normal,0,0,65535_65535,2,24,137,771,0,1,0,17,0,28,1,1,pre_allocation
877,1287,normal,0,0,65535_65535,2,24,137,816,1,1,1,18,816,28,1,1,allocated
877,1287,normal,0,0,65535_65535,2,22,137,771,0,1,0,17,0,28,1,1,pre_allocation
877,1287,normal,0,0,65535_65535,2,22,137,816,1,1,1,18,816,28,1,1,allocated
877,1287,normal,0,0,65535_65535,2,21,137,771,0,1,0,17,0,28,1,1,pre_allocation
877,1287,normal,0,0,65535_65535,2,21,137,816,1,1,1,18,816,28,1,1,allocated
877,1287,normal,0,0,65535_65535,2,11,137,771,0,1,0,17,0,28,1,1,pre_allocation
877,1287,normal,0,0,65535_65535,2,11,137,816,1,1,1,18,816,28,1,1,allocated
877,1287,normal,0,0,65535_65535,2,12,137,771,0,1,0,17,0,28,1,1,pre_allocation
877,1287,normal,0,0,65535_65535,2,12,137,816,1,1,1,18,816,28,1,1,allocated
877,1287,normal,0,0,65535_65535,2,28,137,816,0,1,0,18,0,28,1,1,pre_allocation
877,1287,normal,0,0,65535_65535,2,28,137,862,1,1,1,19,862,28,1,1,allocated
877,1287,normal,0,0,65535_65535,2,27,137,816,0,1,0,18,0,28,1,1,pre_allocation
877,1287,normal,0,0,65535_65535,2,27,137,862,1,1,1,19,862,28,1,1,allocated
877,1287,normal,0,0,65535_65535,2,25,137,816,0,1,0,18,0,28,1,1,pre_allocation
877,1287,normal,0,0,65535_65535,2,25,137,862,1,1,1,19,862,28,1,1,allocated
877,1287,normal,0,0,65535_65535,2,24,137,816,0,1,0,18,0,28,1,1,pre_allocation
877,1287,normal,0,0,65535_65535,2,24,137,862,1,1,1,19,862,28,1,1,allocated
877,1287,normal,0,0,65535_65535,2,22,137,816,0,1,0,18,0,28,1,1,pre_allocation
877,1287,normal,0,0,65535_65535,2,22,137,862,1,1,1,19,862,28,1,1,allocated
877,1287,normal,0,0,65535_65535,2,21,137,816,0,1,0,18,0,28,1,1,pre_allocation
877,1287,normal,0,0,65535_65535,2,21,137,862,1,1,1,19,862,28,1,1,allocated
877,1287,normal,0,0,65535_65535,2,11,137,816,0,1,0,18,0,28,1,1,pre_allocation
877,1287,normal,0,0,65535_65535,2,11,137,862,1,1,1,19,862,28,1,1,allocated
877,1287,normal,0,0,65535_65535,2,12,137,816,0,1,0,18,0,28,1,1,pre_allocation
877,1287,normal,0,0,65535_65535,2,12,137,862,1,1,1,19,862,28,1,1,allocated
877,1287,normal,0,0,65535_65535,2,28,137,862,0,1,0,19,0,28,1,1,pre_allocation
877,1287,normal,0,0,65535_65535,2,28,137,907,1,1,1,20,907,28,1,1,allocated
877,1287,normal,0,0,65535_65535,2,27,137,862,0,1,0,19,0,28,1,1,pre_allocation
877,1287,normal,0,0,65535_65535,2,27,137,907,1,1,1,20,907,28,1,1,allocated
877,1287,normal,0,0,65535_65535,2,25,137,862,0,1,0,19,0,28,1,1,pre_allocation
877,1287,normal,0,0,65535_65535,2,25,137,907,1,1,1,20,907,28,1,1,allocated
989,1385,normal,0,0,65535_65535,0,1,155705,0,0,1,0,0,0,26,1,1,pre_allocation
989,1385,normal,0,0,65535_65535,0,1,155705,46,1,1,1,1,46,26,1,1,allocated
989,1385,normal,0,0,65535_65535,0,2,74629,0,0,1,0,0,0,28,1,1,pre_allocation
989,1385,normal,0,0,65535_65535,0,2,74629,50,1,1,1,1,50,28,1,1,allocated
989,1385,normal,0,0,65535_65535,0,3,85054,0,0,1,0,0,0,28,1,1,pre_allocation
989,1385,normal,0,0,65535_65535,0,3,85054,50,1,1,1,1,50,28,1,1,allocated
989,1385,normal,0,0,65535_65535,0,4,92782,0,0,1,0,0,0,28,1,1,pre_allocation
989,1385,normal,0,0,65535_65535,0,4,92782,50,1,1,1,1,50,28,1,1,allocated
989,1385,normal,0,0,65535_65535,0,5,95561,0,0,1,0,0,0,28,1,1,pre_allocation
989,1385,normal,0,0,65535_65535,0,5,95561,50,1,1,1,1,50,28,1,1,allocated
989,1385,normal,0,0,65535_65535,0,1,155705,46,0,1,0,1,0,26,1,1,pre_allocation
989,1385,normal,0,0,65535_65535,0,1,155705,95,1,1,1,2,95,26,1,1,allocated
989,1385,normal,0,0,65535_65535,0,2,74629,50,0,1,0,1,0,28,1,1,pre_allocation
989,1385,normal,0,0,65535_65535,0,2,74629,103,1,1,1,2,103,28,1,1,allocated
989,1385,normal,0,0,65535_65535,0,3,85054,50,0,1,0,1,0,28,1,1,pre_allocation
989,1385,normal,0,0,65535_65535,0,3,85054,103,1,1,1,2,103,28,1,1,allocated
989,1385,normal,0,0,65535_65535,0,4,92782,50,0,1,0,1,0,28,1,1,pre_allocation
989,1385,normal,0,0,65535_65535,0,4,92782,103,1,1,1,2,103,28,1,1,allocated
989,1385,normal,0,0,65535_65535,0,5,95561,50,0,1,0,1,0,28,1,1,pre_allocation
989,1385,normal,0,0,65535_65535,0,5,95561,103,1,1,1,2,103,28,1,1,allocated
989,1385,normal,0,0,65535_65535,0,1,155705,95,0,1,0,2,0,26,1,1,pre_allocation
989,1385,normal,0,0,65535_65535,0,1,155705,144,1,1,1,3,144,26,1,1,allocated
989,1385,normal,0,0,65535_65535,0,2,74629,103,0,1,0,2,0,28,1,1,pre_allocation
989,1385,normal,0,0,65535_65535,0,2,74629,156,1,1,1,3,156,28,1,1,allocated
989,1385,normal,0,0,65535_65535,0,3,85054,103,0,1,0,2,0,28,1,1,pre_allocation
989,1385,normal,0,0,65535_65535,0,3,85054,156,1,1,1,3,156,28,1,1,allocated
989,1385,normal,0,0,65535_65535,0,4,92782,103,0,1,0,2,0,28,1,1,pre_allocation
989,1385,normal,0,0,65535_65535,0,4,92782,156,1,1,1,3,156,28,1,1,allocated
989,1385,normal,0,0,65535_65535,0,5,95561,103,0,1,0,2,0,28,1,1,pre_allocation
989,1385,normal,0,0,65535_65535,0,5,95561,156,1,1,1,3,156,28,1,1,allocated
989,1385,normal,0,0,65535_65535,0,1,155705,144,0,1,0,3,0,26,1,1,pre_allocation
989,1385,normal,0,0,65535_65535,0,1,155705,193,1,1,1,4,193,26,1,1,allocated
989,1385,normal,0,0,65535_65535,0,2,74629,156,0,1,0,3,0,28,1,1,pre_allocation
989,1385,normal,0,0,65535_65535,0,2,74629,209,1,1,1,4,209,28,1,1,allocated
989,1385,normal,0,0,65535_65535,0,3,85054,156,0,1,0,3,0,28,1,1,pre_allocation
989,1385,normal,0,0,65535_65535,0,3,85054,209,1,1,1,4,209,28,1,1,allocated
989,1385,normal,0,0,65535_65535,0,4,92782,156,0,1,0,3,0,28,1,1,pre_allocation
989,1385,normal,0,0,65535_65535,0,4,92782,209,1,1,1,4,209,28,1,1,allocated
989,1385,normal,0,0,65535_65535,0,5,95561,156,0,1,0,3,0,28,1,1,pre_allocation
989,1385,normal,0,0,65535_65535,0,5,95561,209,1,1,1,4,209,28,1,1,allocated
989,1385,normal,0,0,65535_65535,0,1,155705,193,0,1,0,4,0,26,1,1,pre_allocation
989,1385,normal,0,0,65535_65535,0,1,155705,242,1,1,1,5,242,26,1,1,allocated
989,1385,normal,0,0,65535_65535,0,2,74629,209,0,1,0,4,0,28,1,1,pre_allocation
989,1385,normal,0,0,65535_65535,0,2,74629,262,1,1,1,5,262,28,1,1,allocated
989,1385,normal,0,0,65535_65535,0,3,85054,209,0,1,0,4,0,28,1,1,pre_allocation
989,1385,normal,0,0,65535_65535,0,3,85054,262,1,1,1,5,262,28,1,1,allocated
989,1385,normal,0,0,65535_65535,0,4,92782,209,0,1,0,4,0,28,1,1,pre_allocation
989,1385,normal,0,0,65535_65535,0,4,92782,262,1,1,1,5,262,28,1,1,allocated
989,1385,normal,0,0,65535_65535,0,5,95561,209,0,1,0,4,0,28,1,1,pre_allocation
989,1385,normal,0,0,65535_65535,0,5,95561,262,1,1,1,5,262,28,1,1,allocated
989,1385,normal,0,0,65535_65535,0,1,155705,242,0,1,0,5,0,26,1,1,pre_allocation
989,1385,normal,0,0,65535_65535,0,1,155705,291,1,1,1,6,291,26,1,1,allocated
989,1385,normal,0,0,65535_65535,0,2,74629,262,0,1,0,5,0,28,1,1,pre_allocation
989,1385,normal,0,0,65535_65535,0,2,74629,315,1,1,1,6,315,28,1,1,allocated
989,1385,normal,0,0,65535_65535,0,3,85054,262,0,1,0,5,0,28,1,1,pre_allocation
989,1385,normal,0,0,65535_65535,0,3,85054,315,1,1,1,6,315,28,1,1,allocated
989,1385,normal,0,0,65535_65535,0,4,92782,262,0,1,0,5,0,28,1,1,pre_allocation
989,1385,normal,0,0,65535_65535,0,4,92782,315,1,1,1,6,315,28,1,1,allocated
989,1385,normal,0,0,65535_65535,0,5,95561,262,0,1,0,5,0,28,1,1,pre_allocation
989,1385,normal,0,0,65535_65535,0,5,95561,315,1,1,1,6,315,28,1,1,allocated
989,1385,normal,0,0,65535_65535,0,1,155705,291,0,1,0,6,0,26,1,1,pre_allocation
989,1385,normal,0,0,65535_65535,0,1,155705,340,1,1,1,7,340,26,1,1,allocated
989,1385,normal,0,0,65535_65535,0,2,74629,315,0,1,0,6,0,28,1,1,pre_allocation
989,1385,normal,0,0,65535_65535,0,2,74629,368,1,1,1,7,368,28,1,1,allocated
989,1385,normal,0,0,65535_65535,0,3,85054,315,0,1,0,6,0,28,1,1,pre_allocation
989,1385,normal,0,0,65535_65535,0,3,85054,368,1,1,1,7,368,28,1,1,allocated
989,1385,normal,0,0,65535_65535,0,4,92782,315,0,1,0,6,0,28,1,1,pre_allocation
989,1385,normal,0,0,65535_65535,0,4,92782,368,1,1,1,7,368,28,1,1,allocated
989,1385,normal,0,0,65535_65535,0,5,95561,315,0,1,0,6,0,28,1,1,pre_allocation
989,1385,normal,0,0,65535_65535,0,5,95561,368,1,1,1,7,368,28,1,1,allocated
989,1385,normal,0,0,65535_65535,0,1,155705,340,0,1,0,7,0,26,1,1,pre_allocation
989,1385,normal,0,0,65535_65535,0,1,155705,389,1,1,1,8,389,26,1,1,allocated
989,1385,normal,0,0,65535_65535,0,2,74629,368,0,1,0,7,0,28,1,1,pre_allocation
989,1385,normal,0,0,65535_65535,0,2,74629,422,1,1,1,8,422,28,1,1,allocated
989,1385,normal,0,0,65535_65535,0,3,85054,368,0,1,0,7,0,28,1,1,pre_allocation
989,1385,normal,0,0,65535_65535,0,3,85054,422,1,1,1,8,422,28,1,1,allocated
989,1385,normal,0,0,65535_65535,0,4,92782,368,0,1,0,7,0,28,1,1,pre_allocation
989,1385,normal,0,0,65535_65535,0,4,92782,422,1,1,1,8,422,28,1,1,allocated
989,1385,normal,0,0,65535_65535,0,5,95561,368,0,1,0,7,0,28,1,1,pre_allocation
989,1385,normal,0,0,65535_65535,0,5,95561,422,1,1,1,8,422,28,1,1,allocated
989,1385,normal,0,0,65535_65535,0,1,155705,389,0,1,0,8,0,26,1,1,pre_allocation
989,1385,normal,0,0,65535_65535,0,1,155705,438,1,1,1,9,438,26,1,1,allocated
989,1385,normal,0,0,65535_65535,0,2,74629,422,0,1,0,8,0,28,1,1,pre_allocation
989,1385,normal,0,0,65535_65535,0,2,74629,475,1,1,1,9,475,28,1,1,allocated
989,1385,normal,0,0,65535_65535,0,3,85054,422,0,1,0,8,0,28,1,1,pre_allocation
989,1385,normal,0,0,65535_65535,0,3,85054,475,1,1,1,9,475,28,1,1,allocated
989,1385,normal,0,0,65535_65535,0,4,92782,422,0,1,0,8,0,28,1,1,pre_allocation
989,1385,normal,0,0,65535_65535,0,4,92782,475,1,1,1,9,475,28,1,1,allocated
989,1385,normal,0,0,65535_65535,0,5,95561,422,0,1,0,8,0,28,1,1,pre_allocation
989,1385,normal,0,0,65535_65535,0,5,95561,475,1,1,1,9,475,28,1,1,allocated
989,1385,normal,0,0,65535_65535,0,1,155705,438,0,1,0,9,0,26,1,1,pre_allocation
989,1385,normal,0,0,65535_65535,0,1,155705,487,1,1,1,10,487,26,1,1,allocated
989,1385,normal,0,0,65535_65535,0,2,74629,475,0,1,0,9,0,28,1,1,pre_allocation
989,1385,normal,0,0,65535_65535,0,2,74629,528,1,1,1,10,528,28,1,1,allocated
989,1385,normal,0,0,65535_65535,0,3,85054,475,0,1,0,9,0,28,1,1,pre_allocation
989,1385,normal,0,0,65535_65535,0,3,85054,528,1,1,1,10,528,28,1,1,allocated
989,1385,normal,0,0,65535_65535,0,4,92782,475,0,1,0,9,0,28,1,1,pre_allocation
989,1385,normal,0,0,65535_65535,0,4,92782,528,1,1,1,10,528,28,1,1,allocated
989,1385,normal,0,0,65535_65535,0,5,95561,475,0,1,0,9,0,28,1,1,pre_allocation
989,1385,normal,0,0,65535_65535,0,5,95561,528,1,1,1,10,528,28,1,1,allocated
989,1385,normal,0,0,65535_65535,0,1,155705,487,0,1,0,10,0,26,1,1,pre_allocation
989,1385,normal,0,0,65535_65535,0,1,155705,536,1,1,1,11,536,26,1,1,allocated
989,1385,normal,0,0,65535_65535,0,2,74629,528,0,1,0,10,0,28,1,1,pre_allocation
989,1385,normal,0,0,65535_65535,0,2,74629,581,1,1,1,11,581,28,1,1,allocated
989,1385,normal,0,0,65535_65535,0,3,85054,528,0,1,0,10,0,28,1,1,pre_allocation
989,1385,normal,0,0,65535_65535,0,3,85054,581,1,1,1,11,581,28,1,1,allocated
989,1385,normal,0,0,65535_65535,0,4,92782,528,0,1,0,10,0,28,1,1,pre_allocation
989,1385,normal,0,0,65535_65535,0,4,92782,581,1,1,1,11,581,28,1,1,allocated
989,1385,normal,0,0,65535_65535,0,5,95561,528,0,1,0,10,0,28,1,1,pre_allocation
989,1385,normal,0,0,65535_65535,0,5,95561,581,1,1,1,11,581,28,1,1,allocated
989,1385,normal,0,0,65535_65535,0,1,155705,536,0,1,0,11,0,26,1,1,pre_allocation
989,1385,normal,0,0,65535_65535,0,1,155705,586,1,1,1,12,586,26,1,1,allocated
989,1385,normal,0,0,65535_65535,0,2,74629,581,0,1,0,11,0,28,1,1,pre_allocation
989,1385,normal,0,0,65535_65535,0,2,74629,634,1,1,1,12,634,28,1,1,allocated
989,1385,normal,0,0,65535_65535,0,3,85054,581,0,1,0,11,0,28,1,1,pre_allocation
989,1385,normal,0,0,65535_65535,0,3,85054,634,1,1,1,12,634,28,1,1,allocated
989,1385,normal,0,0,65535_65535,1,6,87,0,0,1,0,0,0,28,1,1,pre_allocation
989,1385,normal,0,0,65535_65535,1,6,87,50,1,1,1,1,50,28,1,1,allocated
989,1385,normal,0,0,65535_65535,1,7,87,0,0,1,0,0,0,28,1,1,pre_allocation
989,1385,normal,0,0,65535_65535,1,7,87,50,1,1,1,1,50,28,1,1,allocated
989,1385,normal,0,0,65535_65535,1,9,87,0,0,1,0,0,0,28,1,1,pre_allocation
989,1385,normal,0,0,65535_65535,1,9,87,50,1,1,1,1,50,28,1,1,allocated
989,1385,normal,0,0,65535_65535,1,10,87,0,0,1,0,0,0,28,1,1,pre_allocation
989,1385,normal,0,0,65535_65535,1,10,87,50,1,1,1,1,50,28,1,1,allocated
989,1385,normal,0,0,65535_65535,1,6,87,50,0,1,0,1,0,28,1,1,pre_allocation
989,1385,normal,0,0,65535_65535,1,6,87,103,1,1,1,2,103,28,1,1,allocated
989,1385,normal,0,0,65535_65535,1,7,87,50,0,1,0,1,0,28,1,1,pre_allocation
989,1385,normal,0,0,65535_65535,1,7,87,103,1,1,1,2,103,28,1,1,allocated
989,1385,normal,0,0,65535_65535,1,9,87,50,0,1,0,1,0,28,1,1,pre_allocation
989,1385,normal,0,0,65535_65535,1,9,87,103,1,1,1,2,103,28,1,1,allocated
989,1385,normal,0,0,65535_65535,1,10,87,50,0,1,0,1,0,28,1,1,pre_allocation
989,1385,normal,0,0,65535_65535,1,10,87,103,1,1,1,2,103,28,1,1,allocated
989,1385,normal,0,0,65535_65535,1,6,87,103,0,1,0,2,0,28,1,1,pre_allocation
989,1385,normal,0,0,65535_65535,1,6,87,156,1,1,1,3,156,28,1,1,allocated
989,1385,normal,0,0,65535_65535,1,7,87,103,0,1,0,2,0,28,1,1,pre_allocation
989,1385,normal,0,0,65535_65535,1,7,87,156,1,1,1,3,156,28,1,1,allocated
989,1385,normal,0,0,65535_65535,1,9,87,103,0,1,0,2,0,28,1,1,pre_allocation
989,1385,normal,0,0,65535_65535,1,9,87,156,1,1,1,3,156,28,1,1,allocated
989,1385,normal,0,0,65535_65535,1,10,87,103,0,1,0,2,0,28,1,1,pre_allocation
989,1385,normal,0,0,65535_65535,1,10,87,156,1,1,1,3,156,28,1,1,allocated
989,1385,normal,0,0,65535_65535,1,6,87,156,0,1,0,3,0,28,1,1,pre_allocation
989,1385,normal,0,0,65535_65535,1,6,87,209,1,1,1,4,209,28,1,1,allocated
989,1385,normal,0,0,65535_65535,1,7,87,156,0,1,0,3,0,28,1,1,pre_allocation
989,1385,normal,0,0,65535_65535,1,7,87,209,1,1,1,4,209,28,1,1,allocated
989,1385,normal,0,0,65535_65535,1,9,87,156,0,1,0,3,0,28,1,1,pre_allocation
989,1385,normal,0,0,65535_65535,1,9,87,209,1,1,1,4,209,28,1,1,allocated
989,1385,normal,0,0,65535_65535,1,10,87,156,0,1,0,3,0,28,1,1,pre_allocation
989,1385,normal,0,0,65535_65535,1,10,87,209,1,1,1,4,209,28,1,1,allocated
989,1385,normal,0,0,65535_65535,1,6,87,209,0,1,0,4,0,28,1,1,pre_allocation
989,1385,normal,0,0,65535_65535,1,6,87,262,1,1,1,5,262,28,1,1,allocated
989,1385,normal,0,0,65535_65535,1,7,87,209,0,1,0,4,0,28,1,1,pre_allocation
989,1385,normal,0,0,65535_65535,1,7,87,262,1,1,1,5,262,28,1,1,allocated
989,1385,normal,0,0,65535_65535,1,9,87,209,0,1,0,4,0,28,1,1,pre_allocation
989,1385,normal,0,0,65535_65535,1,9,87,262,1,1,1,5,262,28,1,1,allocated
989,1385,normal,0,0,65535_65535,1,10,87,209,0,1,0,4,0,28,1,1,pre_allocation
989,1385,normal,0,0,65535_65535,1,10,87,262,1,1,1,5,262,28,1,1,allocated
989,1385,normal,0,0,65535_65535,1,6,87,262,0,1,0,5,0,28,1,1,pre_allocation
989,1385,normal,0,0,65535_65535,1,6,87,315,1,1,1,6,315,28,1,1,allocated
989,1385,normal,0,0,65535_65535,1,7,87,262,0,1,0,5,0,28,1,1,pre_allocation
989,1385,normal,0,0,65535_65535,1,7,87,315,1,1,1,6,315,28,1,1,allocated
989,1385,normal,0,0,65535_65535,1,9,87,262,0,1,0,5,0,28,1,1,pre_allocation
989,1385,normal,0,0,65535_65535,1,9,87,315,1,1,1,6,315,28,1,1,allocated
989,1385,normal,0,0,65535_65535,1,10,87,262,0,1,0,5,0,28,1,1,pre_allocation
989,1385,normal,0,0,65535_65535,1,10,87,315,1,1,1,6,315,28,1,1,allocated
989,1385,normal,0,0,65535_65535,1,6,87,315,0,1,0,6,0,28,1,1,pre_allocation
989,1385,normal,0,0,65535_65535,1,6,87,368,1,1,1,7,368,28,1,1,allocated
989,1385,normal,0,0,65535_65535,1,7,87,315,0,1,0,6,0,28,1,1,pre_allocation
989,1385,normal,0,0,65535_65535,1,7,87,368,1,1,1,7,368,28,1,1,allocated
989,1385,normal,0,0,65535_65535,1,9,87,315,0,1,0,6,0,28,1,1,pre_allocation
989,1385,normal,0,0,65535_65535,1,9,87,368,1,1,1,7,368,28,1,1,allocated
989,1385,normal,0,0,65535_65535,1,10,87,315,0,1,0,6,0,28,1,1,pre_allocation
989,1385,normal,0,0,65535_65535,1,10,87,368,1,1,1,7,368,28,1,1,allocated
989,1385,normal,0,0,65535_65535,1,6,87,368,0,1,0,7,0,28,1,1,pre_allocation
989,1385,normal,0,0,65535_65535,1,6,87,422,1,1,1,8,422,28,1,1,allocated
989,1385,normal,0,0,65535_65535,1,7,87,368,0,1,0,7,0,28,1,1,pre_allocation
989,1385,normal,0,0,65535_65535,1,7,87,422,1,1,1,8,422,28,1,1,allocated
989,1385,normal,0,0,65535_65535,1,9,87,368,0,1,0,7,0,28,1,1,pre_allocation
989,1385,normal,0,0,65535_65535,1,9,87,422,1,1,1,8,422,28,1,1,allocated
989,1385,normal,0,0,65535_65535,1,10,87,368,0,1,0,7,0,28,1,1,pre_allocation
989,1385,normal,0,0,65535_65535,1,10,87,422,1,1,1,8,422,28,1,1,allocated
989,1385,normal,0,0,65535_65535,1,6,87,422,0,1,0,8,0,28,1,1,pre_allocation
989,1385,normal,0,0,65535_65535,1,6,87,475,1,1,1,9,475,28,1,1,allocated
989,1385,normal,0,0,65535_65535,1,7,87,422,0,1,0,8,0,28,1,1,pre_allocation
989,1385,normal,0,0,65535_65535,1,7,87,475,1,1,1,9,475,28,1,1,allocated
989,1385,normal,0,0,65535_65535,1,9,87,422,0,1,0,8,0,28,1,1,pre_allocation
989,1385,normal,0,0,65535_65535,1,9,87,475,1,1,1,9,475,28,1,1,allocated
989,1385,normal,0,0,65535_65535,1,10,87,422,0,1,0,8,0,28,1,1,pre_allocation
989,1385,normal,0,0,65535_65535,1,10,87,475,1,1,1,9,475,28,1,1,allocated
989,1385,normal,0,0,65535_65535,1,6,87,475,0,1,0,9,0,28,1,1,pre_allocation
989,1385,normal,0,0,65535_65535,1,6,87,528,1,1,1,10,528,28,1,1,allocated
989,1385,normal,0,0,65535_65535,1,7,87,475,0,1,0,9,0,28,1,1,pre_allocation
989,1385,normal,0,0,65535_65535,1,7,87,528,1,1,1,10,528,28,1,1,allocated
989,1385,normal,0,0,65535_65535,1,9,87,475,0,1,0,9,0,28,1,1,pre_allocation
989,1385,normal,0,0,65535_65535,1,9,87,528,1,1,1,10,528,28,1,1,allocated
989,1385,normal,0,0,65535_65535,1,10,87,475,0,1,0,9,0,28,1,1,pre_allocation
989,1385,normal,0,0,65535_65535,1,10,87,528,1,1,1,10,528,28,1,1,allocated
989,1385,normal,0,0,65535_65535,1,6,87,528,0,1,0,10,0,28,1,1,pre_allocation
989,1385,normal,0,0,65535_65535,1,6,87,581,1,1,1,11,581,28,1,1,allocated
989,1385,normal,0,0,65535_65535,1,7,87,528,0,1,0,10,0,28,1,1,pre_allocation
989,1385,normal,0,0,65535_65535,1,7,87,581,1,1,1,11,581,28,1,1,allocated
989,1385,normal,0,0,65535_65535,1,9,87,528,0,1,0,10,0,28,1,1,pre_allocation
989,1385,normal,0,0,65535_65535,1,9,87,581,1,1,1,11,581,28,1,1,allocated
989,1385,normal,0,0,65535_65535,1,10,87,528,0,1,0,10,0,28,1,1,pre_allocation
989,1385,normal,0,0,65535_65535,1,10,87,581,1,1,1,11,581,28,1,1,allocated
989,1385,normal,0,0,65535_65535,1,6,87,581,0,1,0,11,0,28,1,1,pre_allocation
989,1385,normal,0,0,65535_65535,1,6,87,634,1,1,1,12,634,28,1,1,allocated
989,1385,normal,0,0,65535_65535,1,7,87,581,0,1,0,11,0,28,1,1,pre_allocation
989,1385,normal,0,0,65535_65535,1,7,87,634,1,1,1,12,634,28,1,1,allocated
989,1385,normal,0,0,65535_65535,1,9,87,581,0,1,0,11,0,28,1,1,pre_allocation
989,1385,normal,0,0,65535_65535,1,9,87,634,1,1,1,12,634,28,1,1,allocated
989,1385,normal,0,0,65535_65535,1,10,87,581,0,1,0,11,0,28,1,1,pre_allocation
989,1385,normal,0,0,65535_65535,1,10,87,634,1,1,1,12,634,28,1,1,allocated
989,1385,normal,0,0,65535_65535,1,6,87,634,0,1,0,12,0,28,1,1,pre_allocation
989,1385,normal,0,0,65535_65535,1,6,87,687,1,1,1,13,687,28,1,1,allocated
989,1385,normal,0,0,65535_65535,1,7,87,634,0,1,0,12,0,28,1,1,pre_allocation
989,1385,normal,0,0,65535_65535,1,7,87,687,1,1,1,13,687,28,1,1,allocated
989,1385,normal,0,0,65535_65535,1,9,87,634,0,1,0,12,0,28,1,1,pre_allocation
989,1385,normal,0,0,65535_65535,1,9,87,687,1,1,1,13,687,28,1,1,allocated
989,1385,normal,0,0,65535_65535,1,10,87,634,0,1,0,12,0,28,1,1,pre_allocation
989,1385,normal,0,0,65535_65535,1,10,87,687,1,1,1,13,687,28,1,1,allocated
989,1385,normal,0,0,65535_65535,1,6,87,687,0,1,0,13,0,28,1,1,pre_allocation
989,1385,normal,0,0,65535_65535,1,6,87,740,1,1,1,14,740,28,1,1,allocated
989,1385,normal,0,0,65535_65535,2,26,137,0,0,1,0,0,0,15,1,1,pre_allocation
989,1385,normal,0,0,65535_65535,2,26,137,17,1,1,1,1,17,15,1,1,allocated
989,1385,normal,0,0,65535_65535,2,23,137,0,0,1,0,0,0,15,1,1,pre_allocation
989,1385,normal,0,0,65535_65535,2,23,137,17,1,1,1,1,17,15,1,1,allocated
989,1385,normal,0,0,65535_65535,2,26,137,17,0,1,0,1,0,15,1,1,pre_allocation
989,1385,normal,0,0,65535_65535,2,26,137,38,1,1,1,2,38,15,1,1,allocated
989,1385,normal,0,0,65535_65535,2,23,137,17,0,1,0,1,0,15,1,1,pre_allocation
989,1385,normal,0,0,65535_65535,2,23,137,38,1,1,1,2,38,15,1,1,allocated
989,1385,normal,0,0,65535_65535,2,26,137,38,0,1,0,2,0,15,1,1,pre_allocation
989,1385,normal,0,0,65535_65535,2,26,137,59,1,1,1,3,59,15,1,1,allocated
989,1385,normal,0,0,65535_65535,2,23,137,38,0,1,0,2,0,15,1,1,pre_allocation
989,1385,normal,0,0,65535_65535,2,23,137,59,1,1,1,3,59,15,1,1,allocated
989,1385,normal,0,0,65535_65535,2,26,137,59,0,1,0,3,0,15,1,1,pre_allocation
989,1385,normal,0,0,65535_65535,2,26,137,80,1,1,1,4,80,15,1,1,allocated
989,1385,normal,0,0,65535_65535,2,23,137,59,0,1,0,3,0,15,1,1,pre_allocation
989,1385,normal,0,0,65535_65535,2,23,137,80,1,1,1,4,80,15,1,1,allocated
989,1385,normal,0,0,65535_65535,2,26,137,80,0,1,0,4,0,15,1,1,pre_allocation
989,1385,normal,0,0,65535_65535,2,26,137,100,1,1,1,5,100,15,1,1,allocated
989,1385,normal,0,0,65535_65535,2,23,137,80,0,1,0,4,0,15,1,1,pre_allocation
989,1385,normal,0,0,65535_65535,2,23,137,100,1,1,1,5,100,15,1,1,allocated
989,1385,normal,0,0,65535_65535,2,26,137,100,0,1,0,5,0,15,1,1,pre_allocation
989,1385,normal,0,0,65535_65535,2,26,137,121,1,1,1,6,121,15,1,1,allocated
989,1385,normal,0,0,65535_65535,2,23,137,100,0,1,0,5,0,15,1,1,pre_allocation
989,1385,normal,0,0,65535_65535,2,23,137,121,1,1,1,6,121,15,1,1,allocated
989,1385,normal,0,0,65535_65535,2,26,137,121,0,1,0,6,0,15,1,1,pre_allocation
989,1385,normal,0,0,65535_65535,2,26,137,142,1,1,1,7,142,15,1,1,allocated
989,1385,normal,0,0,65535_65535,2,23,137,121,0,1,0,6,0,15,1,1,pre_allocation
989,1385,normal,0,0,65535_65535,2,23,137,142,1,1,1,7,142,15,1,1,allocated
989,1385,normal,0,0,65535_65535,2,26,137,142,0,1,0,7,0,15,1,1,pre_allocation
989,1385,normal,0,0,65535_65535,2,26,137,163,1,1,1,8,163,15,1,1,allocated
989,1385,normal,0,0,65535_65535,2,23,137,142,0,1,0,7,0,15,1,1,pre_allocation
989,1385,normal,0,0,65535_65535,2,23,137,163,1,1,1,8,163,15,1,1,allocated
989,1385,normal,0,0,65535_65535,2,26,137,163,0,1,0,8,0,15,1,1,pre_allocation
989,1385,normal,0,0,65535_65535,2,26,137,184,1,1,1,9,184,15,1,1,allocated
989,1385,normal,0,0,65535_65535,2,23,137,163,0,1,0,8,0,15,1,1,pre_allocation
989,1385,normal,0,0,65535_65535,2,23,137,184,1,1,1,9,184,15,1,1,allocated
989,1385,normal,0,0,65535_65535,2,26,137,184,0,1,0,9,0,15,1,1,pre_allocation
989,1385,normal,0,0,65535_65535,2,26,137,204,1,1,1,10,204,15,1,1,allocated
989,1385,normal,0,0,65535_65535,2,23,137,184,0,1,0,9,0,15,1,1,pre_allocation
989,1385,normal,0,0,65535_65535,2,23,137,204,1,1,1,10,204,15,1,1,allocated
989,1385,normal,0,0,65535_65535,2,26,137,204,0,1,0,10,0,15,1,1,pre_allocation
989,1385,normal,0,0,65535_65535,2,26,137,225,1,1,1,11,225,15,1,1,allocated
989,1385,normal,0,0,65535_65535,2,23,137,204,0,1,0,10,0,15,1,1,pre_allocation
989,1385,normal,0,0,65535_65535,2,23,137,225,1,1,1,11,225,15,1,1,allocated
989,1385,normal,0,0,65535_65535,2,26,137,225,0,1,0,11,0,15,1,1,pre_allocation
989,1385,normal,0,0,65535_65535,2,26,137,246,1,1,1,12,246,15,1,1,allocated
989,1385,normal,0,0,65535_65535,2,23,137,225,0,1,0,11,0,15,1,1,pre_allocation
989,1385,normal,0,0,65535_65535,2,23,137,246,1,1,1,12,246,15,1,1,allocated
989,1385,normal,0,0,65535_65535,2,26,137,246,0,1,0,12,0,15,1,1,pre_allocation
989,1385,normal,0,0,65535_65535,2,26,137,267,1,1,1,13,267,15,1,1,allocated
989,1385,normal,0,0,65535_65535,2,23,137,246,0,1,0,12,0,15,1,1,pre_allocation
989,1385,normal,0,0,65535_65535,2,23,137,267,1,1,1,13,267,15,1,1,allocated
989,1385,normal,0,0,65535_65535,2,26,137,267,0,1,0,13,0,15,1,1,pre_allocation
989,1385,normal,0,0,65535_65535,2,26,137,288,1,1,1,14,288,15,1,1,allocated
989,1385,normal,0,0,65535_65535,2,23,137,267,0,1,0,13,0,15,1,1,pre_allocation
989,1385,normal,0,0,65535_65535,2,23,137,288,1,1,1,14,288,15,1,1,allocated
989,1385,normal,0,0,65535_65535,2,26,137,288,0,1,0,14,0,15,1,1,pre_allocation
989,1385,normal,0,0,65535_65535,2,26,137,308,1,1,1,15,308,15,1,1,allocated
989,1385,normal,0,0,65535_65535,2,23,137,288,0,1,0,14,0,15,1,1,pre_allocation
989,1385,normal,0,0,65535_65535,2,23,137,308,1,1,1,15,308,15,1,1,allocated
989,1385,normal,0,0,65535_65535,2,26,137,308,0,1,0,15,0,15,1,1,pre_allocation
989,1385,normal,0,0,65535_65535,2,26,137,329,1,1,1,16,329,15,1,1,allocated
989,1385,normal,0,0,65535_65535,2,23,137,308,0,1,0,15,0,15,1,1,pre_allocation
989,1385,normal,0,0,65535_65535,2,23,137,329,1,1,1,16,329,15,1,1,allocated
989,1385,normal,0,0,65535_65535,2,26,137,329,0,1,0,16,0,15,1,1,pre_allocation
989,1385,normal,0,0,65535_65535,2,26,137,350,1,1,1,17,350,15,1,1,allocated
989,1385,normal,0,0,65535_65535,2,23,137,329,0,1,0,16,0,15,1,1,pre_allocation
989,1385,normal,0,0,65535_65535,2,23,137,350,1,1,1,17,350,15,1,1,allocated
989,1385,normal,0,0,65535_65535,2,26,137,350,0,1,0,17,0,15,1,1,pre_allocation
989,1385,normal,0,0,65535_65535,2,26,137,371,1,1,1,18,371,15,1,1,allocated
989,1385,normal,0,0,65535_65535,2,23,137,350,0,1,0,17,0,15,1,1,pre_allocation
989,1385,normal,0,0,65535_65535,2,23,137,371,1,1,1,18,371,15,1,1,allocated
989,1385,normal,0,0,65535_65535,2,26,137,371,0,1,0,18,0,15,1,1,pre_allocation
989,1385,normal,0,0,65535_65535,2,26,137,392,1,1,1,19,392,15,1,1,allocated
989,1385,normal,0,0,65535_65535,2,23,137,371,0,1,0,18,0,15,1,1,pre_allocation
989,1385,normal,0,0,65535_65535,2,23,137,392,1,1,1,19,392,15,1,1,allocated
989,1385,normal,0,0,65535_65535,2,26,137,392,0,1,0,19,0,15,1,1,pre_allocation
989,1385,normal,0,0,65535_65535,2,26,137,412,1,1,1,20,412,15,1,1,allocated
989,1385,normal,0,0,65535_65535,2,23,137,392,0,1,0,19,0,15,1,1,pre_allocation
989,1385,normal,0,0,65535_65535,2,23,137,412,1,1,1,20,412,15,1,1,allocated
989,1385,normal,0,0,65535_65535,2,26,137,412,0,1,0,20,0,15,1,1,pre_allocation
989,1385,normal,0,0,65535_65535,2,26,137,433,1,1,1,21,433,15,1,1,allocated
989,1385,normal,0,0,65535_65535,2,23,137,412,0,1,0,20,0,15,1,1,pre_allocation
989,1385,normal,0,0,65535_65535,2,23,137,433,1,1,1,21,433,15,1,1,allocated
989,1385,normal,0,0,65535_65535,2,26,137,433,0,1,0,21,0,15,1,1,pre_allocation
989,1385,normal,0,0,65535_65535,2,26,137,454,1,1,1,22,454,15,1,1,allocated
989,1385,normal,0,0,65535_65535,2,23,137,433,0,1,0,21,0,15,1,1,pre_allocation
989,1385,normal,0,0,65535_65535,2,23,137,454,1,1,1,22,454,15,1,1,allocated
989,1385,normal,0,0,65535_65535,2,26,137,454,0,1,0,22,0,15,1,1,pre_allocation
989,1385,normal,0,0,65535_65535,2,26,137,475,1,1,1,23,475,15,1,1,allocated
989,1385,normal,0,0,65535_65535,2,23,137,454,0,1,0,22,0,15,1,1,pre_allocation
989,1385,normal,0,0,65535_65535,2,23,137,475,1,1,1,23,475,15,1,1,allocated
989,1385,normal,0,0,65535_65535,2,26,137,475,0,1,0,23,0,15,1,1,pre_allocation
989,1385,normal,0,0,65535_65535,2,26,137,495,1,1,1,24,495,15,1,1,allocated
989,1385,normal,0,0,65535_65535,2,23,137,475,0,1,0,23,0,15,1,1,pre_allocation
989,1385,normal,0,0,65535_65535,2,23,137,495,1,1,1,24,495,15,1,1,allocated
989,1385,normal,0,0,65535_65535,2,26,137,495,0,1,0,24,0,15,1,1,pre_allocation
989,1385,normal,0,0,65535_65535,2,26,137,516,1,1,1,25,516,15,1,1,allocated
989,1385,normal,0,0,65535_65535,2,23,137,495,0,1,0,24,0,15,1,1,pre_allocation
989,1385,normal,0,0,65535_65535,2,23,137,516,1,1,1,25,516,15,1,1,allocated
989,1385,normal,0,0,65535_65535,2,26,137,516,0,1,0,25,0,15,1,1,pre_allocation
989,1385,normal,0,0,65535_65535,2,26,137,537,1,1,1,26,537,15,1,1,allocated
989,1385,normal,0,0,65535_65535,2,23,137,516,0,1,0,25,0,15,1,1,pre_allocation
989,1385,normal,0,0,65535_65535,2,23,137,537,1,1,1,26,537,15,1,1,allocated
989,1385,normal,0,0,65535_65535,2,26,137,537,0,1,0,26,0,15,1,1,pre_allocation
989,1385,normal,0,0,65535_65535,2,26,137,558,1,1,1,27,558,15,1,1,allocated
989,1385,normal,0,0,65535_65535,2,23,137,537,0,1,0,26,0,15,1,1,pre_allocation
989,1385,normal,0,0,65535_65535,2,23,137,558,1,1,1,27,558,15,1,1,allocated
989,1385,normal,0,0,65535_65535,2,26,137,558,0,1,0,27,0,15,1,1,pre_allocation
989,1385,normal,0,0,65535_65535,2,26,137,579,1,1,1,28,579,15,1,1,allocated
989,1385,normal,0,0,65535_65535,2,23,137,558,0,1,0,27,0,15,1,1,pre_allocation
989,1385,normal,0,0,65535_65535,2,23,137,579,1,1,1,28,579,15,1,1,allocated
989,1385,normal,0,0,65535_65535,2,26,137,579,0,1,0,28,0,15,1,1,pre_allocation
989,1385,normal,0,0,65535_65535,2,26,137,599,1,1,1,29,599,15,1,1,allocated
989,1385,normal,0,0,65535_65535,2,23,137,579,0,1,0,28,0,15,1,1,pre_allocation
989,1385,normal,0,0,65535_65535,2,23,137,599,1,1,1,29,599,15,1,1,allocated
989,1385,normal,0,0,65535_65535,2,26,137,599,0,1,0,29,0,15,1,1,pre_allocation
989,1385,normal,0,0,65535_65535,2,26,137,620,1,1,1,30,620,15,1,1,allocated
989,1385,normal,0,0,65535_65535,2,23,137,599,0,1,0,29,0,15,1,1,pre_allocation
989,1385,normal,0,0,65535_65535,2,23,137,620,1,1,1,30,620,15,1,1,allocated
989,1385,normal,0,0,65535_65535,2,26,137,620,0,1,0,30,0,15,1,1,pre_allocation
989,1385,normal,0,0,65535_65535,2,26,137,641,1,1,1,31,641,15,1,1,allocated
989,1385,normal,0,0,65535_65535,2,23,137,620,0,1,0,30,0,15,1,1,pre_allocation
989,1385,normal,0,0,65535_65535,2,23,137,641,1,1,1,31,641,15,1,1,allocated
989,1385,normal,0,0,65535_65535,2,26,137,641,0,1,0,31,0,15,1,1,pre_allocation
989,1385,normal,0,0,65535_65535,2,26,137,662,1,1,1,32,662,15,1,1,allocated
989,1385,normal,0,0,65535_65535,2,23,137,641,0,1,0,31,0,15,1,1,pre_allocation
989,1385,normal,0,0,65535_65535,2,23,137,662,1,1,1,32,662,15,1,1,allocated
989,1385,normal,0,0,65535_65535,2,26,137,662,0,1,0,32,0,15,1,1,pre_allocation
989,1385,normal,0,0,65535_65535,2,26,137,683,1,1,1,33,683,15,1,1,allocated
989,1385,normal,0,0,65535_65535,2,23,137,662,0,1,0,32,0,15,1,1,pre_allocation
989,1385,normal,0,0,65535_65535,2,23,137,683,1,1,1,33,683,15,1,1,allocated
989,1385,normal,0,0,65535_65535,2,26,137,683,0,1,0,33,0,15,1,1,pre_allocation
989,1385,normal,0,0,65535_65535,2,26,137,703,1,1,1,34,703,15,1,1,allocated
989,1385,normal,0,0,65535_65535,2,23,137,683,0,1,0,33,0,15,1,1,pre_allocation
989,1385,normal,0,0,65535_65535,2,23,137,703,1,1,1,34,703,15,1,1,allocated
989,1385,normal,0,0,65535_65535,2,26,137,703,0,1,0,34,0,15,1,1,pre_allocation
989,1385,normal,0,0,65535_65535,2,26,137,724,1,1,1,35,724,15,1,1,allocated
989,1385,normal,0,0,65535_65535,2,23,137,703,0,1,0,34,0,15,1,1,pre_allocation
989,1385,normal,0,0,65535_65535,2,23,137,724,1,1,1,35,724,15,1,1,allocated
989,1385,normal,0,0,65535_65535,2,26,137,724,0,1,0,35,0,15,1,1,pre_allocation
989,1385,normal,0,0,65535_65535,2,26,137,745,1,1,1,36,745,15,1,1,allocated
989,1385,normal,0,0,65535_65535,2,23,137,724,0,1,0,35,0,15,1,1,pre_allocation
989,1385,normal,0,0,65535_65535,2,23,137,745,1,1,1,36,745,15,1,1,allocated
989,1385,normal,0,0,65535_65535,2,26,137,745,0,1,0,36,0,15,1,1,pre_allocation
989,1385,normal,0,0,65535_65535,2,26,137,766,1,1,1,37,766,15,1,1,allocated
989,1385,normal,0,0,65535_65535,2,23,137,745,0,1,0,36,0,15,1,1,pre_allocation
989,1385,normal,0,0,65535_65535,2,23,137,766,1,1,1,37,766,15,1,1,allocated
989,1385,normal,0,0,65535_65535,2,26,137,766,0,1,0,37,0,15,1,1,pre_allocation
989,1385,normal,0,0,65535_65535,2,26,137,787,1,1,1,38,787,15,1,1,allocated
989,1385,normal,0,0,65535_65535,2,23,137,766,0,1,0,37,0,15,1,1,pre_allocation
989,1385,normal,0,0,65535_65535,2,23,137,787,1,1,1,38,787,15,1,1,allocated
989,1385,normal,0,0,65535_65535,2,26,137,787,0,1,0,38,0,15,1,1,pre_allocation
989,1385,normal,0,0,65535_65535,2,26,137,807,1,1,1,39,807,15,1,1,allocated
989,1385,normal,0,0,65535_65535,2,23,137,787,0,1,0,38,0,15,1,1,pre_allocation
989,1385,normal,0,0,65535_65535,2,23,137,807,1,1,1,39,807,15,1,1,allocated
989,1385,normal,0,0,65535_65535,2,26,137,807,0,1,0,39,0,15,1,1,pre_allocation
989,1385,normal,0,0,65535_65535,2,26,137,828,1,1,1,40,828,15,1,1,allocated
989,1385,normal,0,0,65535_65535,2,23,137,807,0,1,0,39,0,15,1,1,pre_allocation
989,1385,normal,0,0,65535_65535,2,23,137,828,1,1,1,40,828,15,1,1,allocated
989,1385,normal,0,0,65535_65535,2,26,137,828,0,1,0,40,0,15,1,1,pre_allocation
989,1385,normal,0,0,65535_65535,2,26,137,849,1,1,1,41,849,15,1,1,allocated
989,1385,normal,0,0,65535_65535,2,23,137,828,0,1,0,40,0,15,1,1,pre_allocation
989,1385,normal,0,0,65535_65535,2,23,137,849,1,1,1,41,849,15,1,1,allocated
989,1385,normal,0,0,65535_65535,2,26,137,849,0,1,0,41,0,15,1,1,pre_allocation
989,1385,normal,0,0,65535_65535,2,26,137,870,1,1,1,42,870,15,1,1,allocated
989,1385,normal,0,0,65535_65535,2,23,137,849,0,1,0,41,0,15,1,1,pre_allocation
989,1385,normal,0,0,65535_65535,2,23,137,870,1,1,1,42,870,15,1,1,allocated
989,1385,normal,0,0,65535_65535,2,26,137,870,0,1,0,42,0,15,1,1,pre_allocation
989,1385,normal,0,0,65535_65535,2,26,137,890,1,1,1,43,890,15,1,1,allocated
989,1385,normal,0,0,65535_65535,2,23,137,870,0,1,0,42,0,15,1,1,pre_allocation
989,1385,normal,0,0,65535_65535,2,23,137,890,1,1,1,43,890,15,1,1,allocated
989,1385,normal,0,0,65535_65535,2,26,137,890,0,1,0,43,0,15,1,1,pre_allocation
989,1385,normal,0,0,65535_65535,2,26,137,911,1,1,1,44,911,15,1,1,allocated
989,1385,normal,0,0,65535_65535,2,23,137,890,0,1,0,43,0,15,1,1,pre_allocation
989,1385,normal,0,0,65535_65535,2,23,137,911,1,1,1,44,911,15,1,1,allocated
989,1385,normal,0,0,65535_65535,2,26,137,911,0,1,0,44,0,15,1,1,pre_allocation
989,1385,normal,0,0,65535_65535,2,26,137,932,1,1,1,45,932,15,1,1,allocated
989,1385,normal,0,0,65535_65535,2,23,137,911,0,1,0,44,0,15,1,1,pre_allocation
989,1385,normal,0,0,65535_65535,2,23,137,932,1,1,1,45,932,15,1,1,allocated
989,1385,normal,0,0,65535_65535,2,26,137,932,0,1,0,45,0,15,1,1,pre_allocation
989,1385,normal,0,0,65535_65535,2,26,137,953,1,1,1,46,953,15,1,1,allocated
989,1385,normal,0,0,65535_65535,2,23,137,932,0,1,0,45,0,15,1,1,pre_allocation
989,1385,normal,0,0,65535_65535,2,23,137,953,1,1,1,46,953,15,1,1,allocated
989,1385,normal,0,0,65535_65535,2,26,137,953,0,1,0,46,0,15,1,1,pre_allocation
989,1385,normal,0,0,65535_65535,2,26,137,974,1,1,1,47,974,15,1,1,allocated
989,1385,normal,0,0,65535_65535,2,23,137,953,0,1,0,46,0,15,1,1,pre_allocation
989,1385,normal,0,0,65535_65535,2,23,137,974,1,1,1,47,974,15,1,1,allocated
989,1385,normal,0,0,65535_65535,2,26,137,974,0,1,0,47,0,15,1,1,pre_allocation
989,1385,normal,0,0,65535_65535,2,26,137,994,1,1,1,48,994,15,1,1,allocated
989,1385,normal,0,0,65535_65535,2,23,137,974,0,1,0,47,0,15,1,1,pre_allocation
989,1385,normal,0,0,65535_65535,2,23,137,994,1,1,1,48,994,15,1,1,allocated
989,1385,normal,0,0,65535_65535,2,26,137,994,0,1,0,48,0,15,1,1,pre_allocation
989,1385,normal,0,0,65535_65535,2,26,137,1015,1,1,1,49,1015,15,1,1,allocated
989,1385,normal,0,0,65535_65535,2,23,137,994,0,1,0,48,0,15,1,1,pre_allocation
989,1385,normal,0,0,65535_65535,2,23,137,1015,1,1,1,49,1015,15,1,1,allocated
989,1385,normal,0,0,65535_65535,2,26,137,1015,0,1,0,49,0,15,1,1,pre_allocation
989,1385,normal,0,0,65535_65535,2,26,137,1036,1,1,1,50,1036,15,1,1,allocated
989,1385,normal,0,0,65535_65535,2,23,137,1015,0,1,0,49,0,15,1,1,pre_allocation
989,1385,normal,0,0,65535_65535,2,23,137,1036,1,1,1,50,1036,15,1,1,allocated
989,1385,normal,0,0,65535_65535,2,26,137,1036,0,1,0,50,0,15,1,1,pre_allocation
989,1385,normal,0,0,65535_65535,2,26,137,1057,1,1,1,51,1057,15,1,1,allocated
989,1385,normal,0,0,65535_65535,2,23,137,1036,0,1,0,50,0,15,1,1,pre_allocation
989,1385,normal,0,0,65535_65535,2,23,137,1057,1,1,1,51,1057,15,1,1,allocated
989,1385,normal,0,0,65535_65535,2,26,137,1057,0,1,0,51,0,15,1,1,pre_allocation
989,1385,normal,0,0,65535_65535,2,26,137,1078,1,1,1,52,1078,15,1,1,allocated
989,1385,normal,0,0,65535_65535,2,23,137,1057,0,1,0,51,0,15,1,1,pre_allocation
989,1385,normal,0,0,65535_65535,2,23,137,1078,1,1,1,52,1078,15,1,1,allocated
989,1385,normal,0,0,65535_65535,2,26,137,1078,0,1,0,52,0,15,1,1,pre_allocation
989,1385,normal,0,0,65535_65535,2,26,137,1098,1,1,1,53,1098,15,1,1,allocated
989,1385,normal,0,0,65535_65535,2,23,137,1078,0,1,0,52,0,15,1,1,pre_allocation
989,1385,normal,0,0,65535_65535,2,23,137,1098,1,1,1,53,1098,15,1,1,allocated
989,1385,normal,0,0,65535_65535,2,26,137,1098,0,1,0,53,0,15,1,1,pre_allocation
989,1385,normal,0,0,65535_65535,2,26,137,1119,1,1,1,54,1119,15,1,1,allocated
989,1385,normal,0,0,65535_65535,2,23,137,1098,0,1,0,53,0,15,1,1,pre_allocation
989,1385,normal,0,0,65535_65535,2,23,137,1119,1,1,1,54,1119,15,1,1,allocated
989,1385,normal,0,0,65535_65535,2,26,137,1119,0,1,0,54,0,15,1,1,pre_allocation
989,1385,normal,0,0,65535_65535,2,26,137,1140,1,1,1,55,1140,15,1,1,allocated
989,1385,normal,0,0,65535_65535,2,23,137,1119,0,1,0,54,0,15,1,1,pre_allocation
989,1385,normal,0,0,65535_65535,2,23,137,1140,1,1,1,55,1140,15,1,1,allocated
989,1385,normal,0,0,65535_65535,2,26,137,1140,0,1,0,55,0,15,1,1,pre_allocation
989,1385,normal,0,0,65535_65535,2,26,137,1161,1,1,1,56,1161,15,1,1,allocated
989,1385,normal,0,0,65535_65535,2,23,137,1140,0,1,0,55,0,15,1,1,pre_allocation
989,1385,normal,0,0,65535_65535,2,23,137,1161,1,1,1,56,1161,15,1,1,allocated
989,1385,normal,0,0,65535_65535,2,26,137,1161,0,1,0,56,0,15,1,1,pre_allocation
989,1385,normal,0,0,65535_65535,2,26,137,1182,1,1,1,57,1182,15,1,1,allocated
989,1385,normal,0,0,65535_65535,2,23,137,1161,0,1,0,56,0,15,1,1,pre_allocation
989,1385,normal,0,0,65535_65535,2,23,137,1182,1,1,1,57,1182,15,1,1,allocated
989,1385,normal,0,0,65535_65535,2,26,137,1182,0,1,0,57,0,15,1,1,pre_allocation
989,1385,normal,0,0,65535_65535,2,26,137,1202,1,1,1,58,1202,15,1,1,allocated
989,1385,normal,0,0,65535_65535,2,23,137,1182,0,1,0,57,0,15,1,1,pre_allocation
989,1385,normal,0,0,65535_65535,2,23,137,1202,1,1,1,58,1202,15,1,1,allocated
989,1385,normal,0,0,65535_65535,2,26,137,1202,0,1,0,58,0,15,1,1,pre_allocation
989,1385,normal,0,0,65535_65535,2,26,137,1223,1,1,1,59,1223,15,1,1,allocated
989,1385,normal,0,0,65535_65535,2,23,137,1202,0,1,0,58,0,15,1,1,pre_allocation
989,1385,normal,0,0,65535_65535,2,23,137,1223,1,1,1,59,1223,15,1,1,allocated
989,1385,normal,0,0,65535_65535,2,26,137,1223,0,1,0,59,0,15,1,1,pre_allocation
989,1385,normal,0,0,65535_65535,2,26,137,1244,1,1,1,60,1244,15,1,1,allocated
989,1385,normal,0,0,65535_65535,2,23,137,1223,0,1,0,59,0,15,1,1,pre_allocation
989,1385,normal,0,0,65535_65535,2,23,137,1244,1,1,1,60,1244,15,1,1,allocated
989,1385,normal,0,0,65535_65535,2,26,137,1244,0,1,0,60,0,15,1,1,pre_allocation
989,1385,normal,0,0,65535_65535,2,26,137,1265,1,1,1,61,1265,15,1,1,allocated
989,1385,normal,0,0,65535_65535,2,23,137,1244,0,1,0,60,0,15,1,1,pre_allocation
989,1385,normal,0,0,65535_65535,2,23,137,1265,1,1,1,61,1265,15,1,1,allocated
989,1385,normal,0,0,65535_65535,2,26,137,1265,0,1,0,61,0,15,1,1,pre_allocation
989,1385,normal,0,0,65535_65535,2,26,137,1285,1,1,1,62,1285,15,1,1,allocated
989,1385,normal,0,0,65535_65535,2,23,137,1265,0,1,0,61,0,15,1,1,pre_allocation
989,1385,normal,0,0,65535_65535,2,23,137,1285,1,1,1,62,1285,15,1,1,allocated
989,1385,normal,0,0,65535_65535,2,26,137,1285,0,1,0,62,0,15,1,1,pre_allocation
989,1385,normal,0,0,65535_65535,2,26,137,1306,1,1,1,63,1306,15,1,1,allocated
989,1385,normal,0,0,65535_65535,2,23,137,1285,0,1,0,62,0,15,1,1,pre_allocation
989,1385,normal,0,0,65535_65535,2,23,137,1306,1,1,1,63,1306,15,1,1,allocated
989,1385,normal,0,0,65535_65535,2,26,137,1306,0,1,0,63,0,15,1,1,pre_allocation
989,1385,normal,0,0,65535_65535,2,26,137,1327,1,1,1,64,1327,15,1,1,allocated
989,1385,normal,0,0,65535_65535,2,23,137,1306,0,1,0,63,0,15,1,1,pre_allocation
989,1385,normal,0,0,65535_65535,2,23,137,1327,1,1,1,64,1327,15,1,1,allocated
989,1385,normal,0,0,65535_65535,2,26,137,1327,0,1,0,64,0,15,1,1,pre_allocation
989,1385,normal,0,0,65535_65535,2,26,137,1348,1,1,1,65,1348,15,1,1,allocated
989,1385,normal,0,0,65535_65535,2,23,137,1327,0,1,0,64,0,15,1,1,pre_allocation
989,1385,normal,0,0,65535_65535,2,23,137,1348,1,1,1,65,1348,15,1,1,allocated
989,1385,normal,0,0,65535_65535,2,26,137,1348,0,1,0,65,0,15,1,1,pre_allocation
989,1385,normal,0,0,65535_65535,2,26,137,1369,1,1,1,66,1369,15,1,1,allocated
989,1385,normal,0,0,65535_65535,2,23,137,1348,0,1,0,65,0,15,1,1,pre_allocation
989,1385,normal,0,0,65535_65535,2,23,137,1369,1,1,1,66,1369,15,1,1,allocated
989,1385,normal,0,0,65535_65535,2,26,137,1369,0,1,0,66,0,15,1,1,pre_allocation
989,1385,normal,0,0,65535_65535,2,26,137,1389,1,1,1,67,1389,15,1,1,allocated
989,1385,normal,0,0,65535_65535,2,23,137,1369,0,1,0,66,0,15,1,1,pre_allocation
989,1385,normal,0,0,65535_65535,2,23,137,1389,1,1,1,67,1389,15,1,1,allocated
989,1385,normal,0,0,65535_65535,2,26,137,1389,0,1,0,67,0,15,1,1,pre_allocation
989,1385,normal,0,0,65535_65535,2,26,137,1410,1,1,1,68,1410,15,1,1,allocated
989,1385,normal,0,0,65535_65535,2,23,137,1389,0,1,0,67,0,15,1,1,pre_allocation
989,1385,normal,0,0,65535_65535,2,23,137,1410,1,1,1,68,1410,15,1,1,allocated
989,1385,normal,0,0,65535_65535,2,26,137,1410,0,1,0,68,0,15,1,1,pre_allocation
989,1385,normal,0,0,65535_65535,2,26,137,1431,1,1,1,69,1431,15,1,1,allocated
989,1385,normal,0,0,65535_65535,2,23,137,1410,0,1,0,68,0,15,1,1,pre_allocation
989,1385,normal,0,0,65535_65535,2,23,137,1431,1,1,1,69,1431,15,1,1,allocated
989,1385,normal,0,0,65535_65535,2,26,137,1431,0,1,0,69,0,15,1,1,pre_allocation
989,1385,normal,0,0,65535_65535,2,26,137,1452,1,1,1,70,1452,15,1,1,allocated
989,1385,normal,0,0,65535_65535,2,23,137,1431,0,1,0,69,0,15,1,1,pre_allocation
989,1385,normal,0,0,65535_65535,2,23,137,1452,1,1,1,70,1452,15,1,1,allocated
989,1385,normal,0,0,65535_65535,2,26,137,1452,0,1,0,70,0,15,1,1,pre_allocation
989,1385,normal,0,0,65535_65535,2,26,137,1473,1,1,1,71,1473,15,1,1,allocated
989,1385,normal,0,0,65535_65535,2,23,137,1452,0,1,0,70,0,15,1,1,pre_allocation
989,1385,normal,0,0,65535_65535,2,23,137,1473,1,1,1,71,1473,15,1,1,allocated
989,1385,normal,0,0,65535_65535,2,26,137,1473,0,1,0,71,0,15,1,1,pre_allocation
989,1385,normal,0,0,65535_65535,2,26,137,1493,1,1,1,72,1493,15,1,1,allocated
989,1385,normal,0,0,65535_65535,2,23,137,1473,0,1,0,71,0,15,1,1,pre_allocation
989,1385,normal,0,0,65535_65535,2,23,137,1493,1,1,1,72,1493,15,1,1,allocated
989,1385,normal,0,0,65535_65535,2,26,137,1493,0,1,0,72,0,15,1,1,pre_allocation
989,1385,normal,0,0,65535_65535,2,26,137,1514,1,1,1,73,1514,15,1,1,allocated
989,1385,normal,0,0,65535_65535,2,23,137,1493,0,1,0,72,0,15,1,1,pre_allocation
989,1385,normal,0,0,65535_65535,2,23,137,1514,1,1,1,73,1514,15,1,1,allocated
989,1385,normal,0,0,65535_65535,2,26,137,1514,0,1,0,73,0,15,1,1,pre_allocation
989,1385,normal,0,0,65535_65535,2,26,137,1535,1,1,1,74,1535,15,1,1,allocated
989,1385,normal,0,0,65535_65535,2,23,137,1514,0,1,0,73,0,15,1,1,pre_allocation
989,1385,normal,0,0,65535_65535,2,23,137,1535,1,1,1,74,1535,15,1,1,allocated
989,1385,normal,0,0,65535_65535,2,26,137,1535,0,1,0,74,0,15,1,1,pre_allocation
989,1385,normal,0,0,65535_65535,2,26,137,1553,1,1,1,75,1553,15,1,1,allocated
989,1385,normal,0,0,65535_65535,2,23,137,1535,0,1,0,74,0,15,1,1,pre_allocation
989,1385,normal,0,0,65535_65535,2,23,137,1553,1,1,1,75,1553,15,1,1,allocated
989,1385,normal,0,0,65535_65535,2,26,137,1553,0,1,0,75,0,15,1,1,pre_allocation
989,1385,normal,0,0,65535_65535,2,26,137,1574,1,1,1,76,1574,15,1,1,allocated
989,1385,normal,0,0,65535_65535,2,23,137,1553,0,1,0,75,0,15,1,1,pre_allocation
989,1385,normal,0,0,65535_65535,2,23,137,1574,1,1,1,76,1574,15,1,1,allocated
989,1385,normal,0,0,65535_65535,2,26,137,1574,0,1,0,76,0,15,1,1,pre_allocation
989,1385,normal,0,0,65535_65535,2,26,137,1594,1,1,1,77,1594,15,1,1,allocated
989,1385,normal,0,0,65535_65535,2,23,137,1574,0,1,0,76,0,15,1,1,pre_allocation
989,1385,normal,0,0,65535_65535,2,23,137,1594,1,1,1,77,1594,15,1,1,allocated
989,1385,normal,0,0,65535_65535,2,26,137,1594,0,1,0,77,0,15,1,1,pre_allocation
989,1385,normal,0,0,65535_65535,2,26,137,1615,1,1,1,78,1615,15,1,1,allocated
1101,1483,normal,0,0,65535_65535,0,2,85821,0,0,1,0,0,0,28,1,1,pre_allocation
1101,1483,normal,0,0,65535_65535,0,2,85821,42,1,1,1,1,42,28,1,1,allocated
1101,1483,normal,0,0,65535_65535,0,3,97945,0,0,1,0,0,0,28,1,1,pre_allocation
1101,1483,normal,0,0,65535_65535,0,3,97945,42,1,1,1,1,42,28,1,1,allocated
1101,1483,normal,0,0,65535_65535,0,4,106696,0,0,1,0,0,0,28,1,1,pre_allocation
1101,1483,normal,0,0,65535_65535,0,4,106696,42,1,1,1,1,42,28,1,1,allocated
1101,1483,normal,0,0,65535_65535,0,5,109590,0,0,1,0,0,0,28,1,1,pre_allocation
1101,1483,normal,0,0,65535_65535,0,5,109590,42,1,1,1,1,42,28,1,1,allocated
1101,1483,normal,0,0,65535_65535,0,1,175280,0,0,1,0,0,0,26,1,1,pre_allocation
1101,1483,normal,0,0,65535_65535,0,1,175280,39,1,1,1,1,39,26,1,1,allocated
1101,1483,normal,0,0,65535_65535,0,2,85821,42,0,1,0,1,0,28,1,1,pre_allocation
1101,1483,normal,0,0,65535_65535,0,2,85821,88,1,1,1,2,88,28,1,1,allocated
1101,1483,normal,0,0,65535_65535,0,3,97945,42,0,1,0,1,0,28,1,1,pre_allocation
1101,1483,normal,0,0,65535_65535,0,3,97945,88,1,1,1,2,88,28,1,1,allocated
1101,1483,normal,0,0,65535_65535,0,4,106696,42,0,1,0,1,0,28,1,1,pre_allocation
1101,1483,normal,0,0,65535_65535,0,4,106696,88,1,1,1,2,88,28,1,1,allocated
1101,1483,normal,0,0,65535_65535,0,5,109590,42,0,1,0,1,0,28,1,1,pre_allocation
1101,1483,normal,0,0,65535_65535,0,5,109590,88,1,1,1,2,88,28,1,1,allocated
1101,1483,normal,0,0,65535_65535,0,1,175280,39,0,1,0,1,0,26,1,1,pre_allocation
1101,1483,normal,0,0,65535_65535,0,1,175280,81,1,1,1,2,81,26,1,1,allocated
1101,1483,normal,0,0,65535_65535,0,2,85821,88,0,1,0,2,0,28,1,1,pre_allocation
1101,1483,normal,0,0,65535_65535,0,2,85821,133,1,1,1,3,133,28,1,1,allocated
1101,1483,normal,0,0,65535_65535,0,3,97945,88,0,1,0,2,0,28,1,1,pre_allocation
1101,1483,normal,0,0,65535_65535,0,3,97945,133,1,1,1,3,133,28,1,1,allocated
1101,1483,normal,0,0,65535_65535,0,4,106696,88,0,1,0,2,0,28,1,1,pre_allocation
1101,1483,normal,0,0,65535_65535,0,4,106696,133,1,1,1,3,133,28,1,1,allocated
1101,1483,normal,0,0,65535_65535,0,5,109590,88,0,1,0,2,0,28,1,1,pre_allocation
1101,1483,normal,0,0,65535_65535,0,5,109590,133,1,1,1,3,133,28,1,1,allocated
1101,1483,normal,0,0,65535_65535,0,1,175280,81,0,1,0,2,0,26,1,1,pre_allocation
1101,1483,normal,0,0,65535_65535,0,1,175280,123,1,1,1,3,123,26,1,1,allocated
1101,1483,normal,0,0,65535_65535,0,2,85821,133,0,1,0,3,0,28,1,1,pre_allocation
1101,1483,normal,0,0,65535_65535,0,2,85821,179,1,1,1,4,179,28,1,1,allocated
1101,1483,normal,0,0,65535_65535,0,3,97945,133,0,1,0,3,0,28,1,1,pre_allocation
1101,1483,normal,0,0,65535_65535,0,3,97945,179,1,1,1,4,179,28,1,1,allocated
1101,1483,normal,0,0,65535_65535,0,4,106696,133,0,1,0,3,0,28,1,1,pre_allocation
1101,1483,normal,0,0,65535_65535,0,4,106696,179,1,1,1,4,179,28,1,1,allocated
1101,1483,normal,0,0,65535_65535,0,5,109590,133,0,1,0,3,0,28,1,1,pre_allocation
1101,1483,normal,0,0,65535_65535,0,5,109590,179,1,1,1,4,179,28,1,1,allocated
1101,1483,normal,0,0,65535_65535,0,1,175280,123,0,1,0,3,0,26,1,1,pre_allocation
1101,1483,normal,0,0,65535_65535,0,1,175280,165,1,1,1,4,165,26,1,1,allocated
1101,1483,normal,0,0,65535_65535,0,2,85821,179,0,1,0,4,0,28,1,1,pre_allocation
1101,1483,normal,0,0,65535_65535,0,2,85821,224,1,1,1,5,224,28,1,1,allocated
1101,1483,normal,0,0,65535_65535,0,3,97945,179,0,1,0,4,0,28,1,1,pre_allocation
1101,1483,normal,0,0,65535_65535,0,3,97945,224,1,1,1,5,224,28,1,1,allocated
1101,1483,normal,0,0,65535_65535,0,4,106696,179,0,1,0,4,0,28,1,1,pre_allocation
1101,1483,normal,0,0,65535_65535,0,4,106696,224,1,1,1,5,224,28,1,1,allocated
1101,1483,normal,0,0,65535_65535,0,5,109590,179,0,1,0,4,0,28,1,1,pre_allocation
1101,1483,normal,0,0,65535_65535,0,5,109590,224,1,1,1,5,224,28,1,1,allocated
1101,1483,normal,0,0,65535_65535,0,1,175280,165,0,1,0,4,0,26,1,1,pre_allocation
1101,1483,normal,0,0,65535_65535,0,1,175280,207,1,1,1,5,207,26,1,1,allocated
1101,1483,normal,0,0,65535_65535,0,2,85821,224,0,1,0,5,0,28,1,1,pre_allocation
1101,1483,normal,0,0,65535_65535,0,2,85821,270,1,1,1,6,270,28,1,1,allocated
1101,1483,normal,0,0,65535_65535,0,3,97945,224,0,1,0,5,0,28,1,1,pre_allocation
1101,1483,normal,0,0,65535_65535,0,3,97945,270,1,1,1,6,270,28,1,1,allocated
1101,1483,normal,0,0,65535_65535,0,4,106696,224,0,1,0,5,0,28,1,1,pre_allocation
1101,1483,normal,0,0,65535_65535,0,4,106696,270,1,1,1,6,270,28,1,1,allocated
1101,1483,normal,0,0,65535_65535,0,5,109590,224,0,1,0,5,0,28,1,1,pre_allocation
1101,1483,normal,0,0,65535_65535,0,5,109590,270,1,1,1,6,270,28,1,1,allocated
1101,1483,normal,0,0,65535_65535,0,1,175280,207,0,1,0,5,0,26,1,1,pre_allocation
1101,1483,normal,0,0,65535_65535,0,1,175280,249,1,1,1,6,249,26,1,1,allocated
1101,1483,normal,0,0,65535_65535,0,2,85821,270,0,1,0,6,0,28,1,1,pre_allocation
1101,1483,normal,0,0,65535_65535,0,2,85821,315,1,1,1,7,315,28,1,1,allocated
1101,1483,normal,0,0,65535_65535,0,3,97945,270,0,1,0,6,0,28,1,1,pre_allocation
1101,1483,normal,0,0,65535_65535,0,3,97945,315,1,1,1,7,315,28,1,1,allocated
1101,1483,normal,0,0,65535_65535,0,4,106696,270,0,1,0,6,0,28,1,1,pre_allocation
1101,1483,normal,0,0,65535_65535,0,4,106696,315,1,1,1,7,315,28,1,1,allocated
1101,1483,normal,0,0,65535_65535,0,5,109590,270,0,1,0,6,0,28,1,1,pre_allocation
1101,1483,normal,0,0,65535_65535,0,5,109590,315,1,1,1,7,315,28,1,1,allocated
1101,1483,normal,0,0,65535_65535,0,1,175280,249,0,1,0,6,0,26,1,1,pre_allocation
1101,1483,normal,0,0,65535_65535,0,1,175280,291,1,1,1,7,291,26,1,1,allocated
1101,1483,normal,0,0,65535_65535,0,2,85821,315,0,1,0,7,0,28,1,1,pre_allocation
1101,1483,normal,0,0,65535_65535,0,2,85821,361,1,1,1,8,361,28,1,1,allocated
1101,1483,normal,0,0,65535_65535,0,3,97945,315,0,1,0,7,0,28,1,1,pre_allocation
1101,1483,normal,0,0,65535_65535,0,3,97945,361,1,1,1,8,361,28,1,1,allocated
1101,1483,normal,0,0,65535_65535,0,4,106696,315,0,1,0,7,0,28,1,1,pre_allocation
1101,1483,normal,0,0,65535_65535,0,4,106696,361,1,1,1,8,361,28,1,1,allocated
1101,1483,normal,0,0,65535_65535,0,5,109590,315,0,1,0,7,0,28,1,1,pre_allocation
1101,1483,normal,0,0,65535_65535,0,5,109590,361,1,1,1,8,361,28,1,1,allocated
1101,1483,normal,0,0,65535_65535,0,1,175280,291,0,1,0,7,0,26,1,1,pre_allocation
1101,1483,normal,0,0,65535_65535,0,1,175280,333,1,1,1,8,333,26,1,1,allocated
1101,1483,normal,0,0,65535_65535,0,2,85821,361,0,1,0,8,0,28,1,1,pre_allocation
1101,1483,normal,0,0,65535_65535,0,2,85821,406,1,1,1,9,406,28,1,1,allocated
1101,1483,normal,0,0,65535_65535,0,3,97945,361,0,1,0,8,0,28,1,1,pre_allocation
1101,1483,normal,0,0,65535_65535,0,3,97945,406,1,1,1,9,406,28,1,1,allocated
1101,1483,normal,0,0,65535_65535,0,4,106696,361,0,1,0,8,0,28,1,1,pre_allocation
1101,1483,normal,0,0,65535_65535,0,4,106696,406,1,1,1,9,406,28,1,1,allocated
1101,1483,normal,0,0,65535_65535,0,5,109590,361,0,1,0,8,0,28,1,1,pre_allocation
1101,1483,normal,0,0,65535_65535,0,5,109590,406,1,1,1,9,406,28,1,1,allocated
1101,1483,normal,0,0,65535_65535,0,1,175280,333,0,1,0,8,0,26,1,1,pre_allocation
1101,1483,normal,0,0,65535_65535,0,1,175280,375,1,1,1,9,375,26,1,1,allocated
1101,1483,normal,0,0,65535_65535,0,2,85821,406,0,1,0,9,0,28,1,1,pre_allocation
1101,1483,normal,0,0,65535_65535,0,2,85821,452,1,1,1,10,452,28,1,1,allocated
1101,1483,normal,0,0,65535_65535,0,3,97945,406,0,1,0,9,0,28,1,1,pre_allocation
1101,1483,normal,0,0,65535_65535,0,3,97945,452,1,1,1,10,452,28,1,1,allocated
1101,1483,normal,0,0,65535_65535,0,4,106696,406,0,1,0,9,0,28,1,1,pre_allocation
1101,1483,normal,0,0,65535_65535,0,4,106696,452,1,1,1,10,452,28,1,1,allocated
1101,1483,normal,0,0,65535_65535,0,5,109590,406,0,1,0,9,0,28,1,1,pre_allocation
1101,1483,normal,0,0,65535_65535,0,5,109590,452,1,1,1,10,452,28,1,1,allocated
1101,1483,normal,0,0,65535_65535,0,1,175280,375,0,1,0,9,0,26,1,1,pre_allocation
1101,1483,normal,0,0,65535_65535,0,1,175280,417,1,1,1,10,417,26,1,1,allocated
1101,1483,normal,0,0,65535_65535,0,2,85821,452,0,1,0,10,0,28,1,1,pre_allocation
1101,1483,normal,0,0,65535_65535,0,2,85821,497,1,1,1,11,497,28,1,1,allocated
1101,1483,normal,0,0,65535_65535,0,3,97945,452,0,1,0,10,0,28,1,1,pre_allocation
1101,1483,normal,0,0,65535_65535,0,3,97945,497,1,1,1,11,497,28,1,1,allocated
1101,1483,normal,0,0,65535_65535,0,4,106696,452,0,1,0,10,0,28,1,1,pre_allocation
1101,1483,normal,0,0,65535_65535,0,4,106696,497,1,1,1,11,497,28,1,1,allocated
1101,1483,normal,0,0,65535_65535,0,5,109590,452,0,1,0,10,0,28,1,1,pre_allocation
1101,1483,normal,0,0,65535_65535,0,5,109590,497,1,1,1,11,497,28,1,1,allocated
1101,1483,normal,0,0,65535_65535,0,1,175280,417,0,1,0,10,0,26,1,1,pre_allocation
1101,1483,normal,0,0,65535_65535,0,1,175280,459,1,1,1,11,459,26,1,1,allocated
1101,1483,normal,0,0,65535_65535,0,2,85821,497,0,1,0,11,0,28,1,1,pre_allocation
1101,1483,normal,0,0,65535_65535,0,2,85821,543,1,1,1,12,543,28,1,1,allocated
1101,1483,normal,0,0,65535_65535,0,3,97945,497,0,1,0,11,0,28,1,1,pre_allocation
1101,1483,normal,0,0,65535_65535,0,3,97945,543,1,1,1,12,543,28,1,1,allocated
1101,1483,normal,0,0,65535_65535,0,4,106696,497,0,1,0,11,0,28,1,1,pre_allocation
1101,1483,normal,0,0,65535_65535,0,4,106696,543,1,1,1,12,543,28,1,1,allocated
1101,1483,normal,0,0,65535_65535,0,5,109590,497,0,1,0,11,0,28,1,1,pre_allocation
1101,1483,normal,0,0,65535_65535,0,5,109590,543,1,1,1,12,543,28,1,1,allocated
1101,1483,normal,0,0,65535_65535,0,1,175280,459,0,1,0,11,0,26,1,1,pre_allocation
1101,1483,normal,0,0,65535_65535,0,1,175280,501,1,1,1,12,501,26,1,1,allocated
1101,1483,normal,0,0,65535_65535,0,2,85821,543,0,1,0,12,0,28,1,1,pre_allocation
1101,1483,normal,0,0,65535_65535,0,2,85821,589,1,1,1,13,589,28,1,1,allocated
1101,1483,normal,0,0,65535_65535,0,3,97945,543,0,1,0,12,0,28,1,1,pre_allocation
1101,1483,normal,0,0,65535_65535,0,3,97945,589,1,1,1,13,589,28,1,1,allocated
1101,1483,normal,0,0,65535_65535,0,4,106696,543,0,1,0,12,0,28,1,1,pre_allocation
1101,1483,normal,0,0,65535_65535,0,4,106696,589,1,1,1,13,589,28,1,1,allocated
1101,1483,normal,0,0,65535_65535,0,5,109590,543,0,1,0,12,0,28,1,1,pre_allocation
1101,1483,normal,0,0,65535_65535,0,5,109590,589,1,1,1,13,589,28,1,1,allocated
1101,1483,normal,0,0,65535_65535,0,1,175280,501,0,1,0,12,0,26,1,1,pre_allocation
1101,1483,normal,0,0,65535_65535,0,1,175280,543,1,1,1,13,543,26,1,1,allocated
1101,1483,normal,0,0,65535_65535,0,2,85821,589,0,1,0,13,0,28,1,1,pre_allocation
1101,1483,normal,0,0,65535_65535,0,2,85821,634,1,1,1,14,634,28,1,1,allocated
1101,1483,normal,0,0,65535_65535,0,3,97945,589,0,1,0,13,0,28,1,1,pre_allocation
1101,1483,normal,0,0,65535_65535,0,3,97945,634,1,1,1,14,634,28,1,1,allocated
1101,1483,normal,0,0,65535_65535,0,4,106696,589,0,1,0,13,0,28,1,1,pre_allocation
1101,1483,normal,0,0,65535_65535,0,4,106696,634,1,1,1,14,634,28,1,1,allocated
1101,1483,normal,0,0,65535_65535,0,5,109590,589,0,1,0,13,0,28,1,1,pre_allocation
1101,1483,normal,0,0,65535_65535,0,5,109590,634,1,1,1,14,634,28,1,1,allocated
1101,1483,normal,0,0,65535_65535,0,1,175280,543,0,1,0,13,0,26,1,1,pre_allocation
1101,1483,normal,0,0,65535_65535,0,1,175280,586,1,1,1,14,586,26,1,1,allocated
1101,1483,normal,0,0,65535_65535,0,2,85821,634,0,1,0,14,0,28,1,1,pre_allocation
1101,1483,normal,0,0,65535_65535,0,2,85821,680,1,1,1,15,680,28,1,1,allocated
1101,1483,normal,0,0,65535_65535,1,6,87,0,0,1,0,0,0,28,1,1,pre_allocation
1101,1483,normal,0,0,65535_65535,1,6,87,42,1,1,1,1,42,28,1,1,allocated
1101,1483,normal,0,0,65535_65535,1,7,87,0,0,1,0,0,0,28,1,1,pre_allocation
1101,1483,normal,0,0,65535_65535,1,7,87,42,1,1,1,1,42,28,1,1,allocated
1101,1483,normal,0,0,65535_65535,1,9,87,0,0,1,0,0,0,28,1,1,pre_allocation
1101,1483,normal,0,0,65535_65535,1,9,87,42,1,1,1,1,42,28,1,1,allocated
1101,1483,normal,0,0,65535_65535,1,10,87,0,0,1,0,0,0,28,1,1,pre_allocation
1101,1483,normal,0,0,65535_65535,1,10,87,42,1,1,1,1,42,28,1,1,allocated
1101,1483,normal,0,0,65535_65535,1,6,87,42,0,1,0,1,0,28,1,1,pre_allocation
1101,1483,normal,0,0,65535_65535,1,6,87,88,1,1,1,2,88,28,1,1,allocated
1101,1483,normal,0,0,65535_65535,1,7,87,42,0,1,0,1,0,28,1,1,pre_allocation
1101,1483,normal,0,0,65535_65535,1,7,87,88,1,1,1,2,88,28,1,1,allocated
1101,1483,normal,0,0,65535_65535,1,9,87,42,0,1,0,1,0,28,1,1,pre_allocation
1101,1483,normal,0,0,65535_65535,1,9,87,88,1,1,1,2,88,28,1,1,allocated
1101,1483,normal,0,0,65535_65535,1,10,87,42,0,1,0,1,0,28,1,1,pre_allocation
1101,1483,normal,0,0,65535_65535,1,10,87,88,1,1,1,2,88,28,1,1,allocated
1101,1483,normal,0,0,65535_65535,1,6,87,88,0,1,0,2,0,28,1,1,pre_allocation
1101,1483,normal,0,0,65535_65535,1,6,87,133,1,1,1,3,133,28,1,1,allocated
1101,1483,normal,0,0,65535_65535,1,7,87,88,0,1,0,2,0,28,1,1,pre_allocation
1101,1483,normal,0,0,65535_65535,1,7,87,133,1,1,1,3,133,28,1,1,allocated
1101,1483,normal,0,0,65535_65535,1,9,87,88,0,1,0,2,0,28,1,1,pre_allocation
1101,1483,normal,0,0,65535_65535,1,9,87,133,1,1,1,3,133,28,1,1,allocated
1101,1483,normal,0,0,65535_65535,1,10,87,88,0,1,0,2,0,28,1,1,pre_allocation
1101,1483,normal,0,0,65535_65535,1,10,87,133,1,1,1,3,133,28,1,1,allocated
1101,1483,normal,0,0,65535_65535,1,6,87,133,0,1,0,3,0,28,1,1,pre_allocation
1101,1483,normal,0,0,65535_65535,1,6,87,179,1,1,1,4,179,28,1,1,allocated
1101,1483,normal,0,0,65535_65535,1,7,87,133,0,1,0,3,0,28,1,1,pre_allocation
1101,1483,normal,0,0,65535_65535,1,7,87,179,1,1,1,4,179,28,1,1,allocated
1101,1483,normal,0,0,65535_65535,1,9,87,133,0,1,0,3,0,28,1,1,pre_allocation
1101,1483,normal,0,0,65535_65535,1,9,87,179,1,1,1,4,179,28,1,1,allocated
1101,1483,normal,0,0,65535_65535,1,10,87,133,0,1,0,3,0,28,1,1,pre_allocation
1101,1483,normal,0,0,65535_65535,1,10,87,179,1,1,1,4,179,28,1,1,allocated
1101,1483,normal,0,0,65535_65535,1,6,87,179,0,1,0,4,0,28,1,1,pre_allocation
1101,1483,normal,0,0,65535_65535,1,6,87,224,1,1,1,5,224,28,1,1,allocated
1101,1483,normal,0,0,65535_65535,1,7,87,179,0,1,0,4,0,28,1,1,pre_allocation
1101,1483,normal,0,0,65535_65535,1,7,87,224,1,1,1,5,224,28,1,1,allocated
1101,1483,normal,0,0,65535_65535,1,9,87,179,0,1,0,4,0,28,1,1,pre_allocation
1101,1483,normal,0,0,65535_65535,1,9,87,224,1,1,1,5,224,28,1,1,allocated
1101,1483,normal,0,0,65535_65535,1,10,87,179,0,1,0,4,0,28,1,1,pre_allocation
1101,1483,normal,0,0,65535_65535,1,10,87,224,1,1,1,5,224,28,1,1,allocated
1101,1483,normal,0,0,65535_65535,1,6,87,224,0,1,0,5,0,28,1,1,pre_allocation
1101,1483,normal,0,0,65535_65535,1,6,87,270,1,1,1,6,270,28,1,1,allocated
1101,1483,normal,0,0,65535_65535,1,7,87,224,0,1,0,5,0,28,1,1,pre_allocation
1101,1483,normal,0,0,65535_65535,1,7,87,270,1,1,1,6,270,28,1,1,allocated
1101,1483,normal,0,0,65535_65535,1,9,87,224,0,1,0,5,0,28,1,1,pre_allocation
1101,1483,normal,0,0,65535_65535,1,9,87,270,1,1,1,6,270,28,1,1,allocated
1101,1483,normal,0,0,65535_65535,1,10,87,224,0,1,0,5,0,28,1,1,pre_allocation
1101,1483,normal,0,0,65535_65535,1,10,87,270,1,1,1,6,270,28,1,1,allocated
1101,1483,normal,0,0,65535_65535,1,6,87,270,0,1,0,6,0,28,1,1,pre_allocation
1101,1483,normal,0,0,65535_65535,1,6,87,315,1,1,1,7,315,28,1,1,allocated
1101,1483,normal,0,0,65535_65535,1,7,87,270,0,1,0,6,0,28,1,1,pre_allocation
1101,1483,normal,0,0,65535_65535,1,7,87,315,1,1,1,7,315,28,1,1,allocated
1101,1483,normal,0,0,65535_65535,1,9,87,270,0,1,0,6,0,28,1,1,pre_allocation
1101,1483,normal,0,0,65535_65535,1,9,87,315,1,1,1,7,315,28,1,1,allocated
1101,1483,normal,0,0,65535_65535,1,10,87,270,0,1,0,6,0,28,1,1,pre_allocation
1101,1483,normal,0,0,65535_65535,1,10,87,315,1,1,1,7,315,28,1,1,allocated
1101,1483,normal,0,0,65535_65535,1,6,87,315,0,1,0,7,0,28,1,1,pre_allocation
1101,1483,normal,0,0,65535_65535,1,6,87,361,1,1,1,8,361,28,1,1,allocated
1101,1483,normal,0,0,65535_65535,1,7,87,315,0,1,0,7,0,28,1,1,pre_allocation
1101,1483,normal,0,0,65535_65535,1,7,87,361,1,1,1,8,361,28,1,1,allocated
1101,1483,normal,0,0,65535_65535,1,9,87,315,0,1,0,7,0,28,1,1,pre_allocation
1101,1483,normal,0,0,65535_65535,1,9,87,361,1,1,1,8,361,28,1,1,allocated
1101,1483,normal,0,0,65535_65535,1,10,87,315,0,1,0,7,0,28,1,1,pre_allocation
1101,1483,normal,0,0,65535_65535,1,10,87,361,1,1,1,8,361,28,1,1,allocated
1101,1483,normal,0,0,65535_65535,1,6,87,361,0,1,0,8,0,28,1,1,pre_allocation
1101,1483,normal,0,0,65535_65535,1,6,87,406,1,1,1,9,406,28,1,1,allocated
1101,1483,normal,0,0,65535_65535,1,7,87,361,0,1,0,8,0,28,1,1,pre_allocation
1101,1483,normal,0,0,65535_65535,1,7,87,406,1,1,1,9,406,28,1,1,allocated
1101,1483,normal,0,0,65535_65535,1,9,87,361,0,1,0,8,0,28,1,1,pre_allocation
1101,1483,normal,0,0,65535_65535,1,9,87,406,1,1,1,9,406,28,1,1,allocated
1101,1483,normal,0,0,65535_65535,1,10,87,361,0,1,0,8,0,28,1,1,pre_allocation
1101,1483,normal,0,0,65535_65535,1,10,87,406,1,1,1,9,406,28,1,1,allocated
1101,1483,normal,0,0,65535_65535,1,6,87,406,0,1,0,9,0,28,1,1,pre_allocation
1101,1483,normal,0,0,65535_65535,1,6,87,452,1,1,1,10,452,28,1,1,allocated
1101,1483,normal,0,0,65535_65535,1,7,87,406,0,1,0,9,0,28,1,1,pre_allocation
1101,1483,normal,0,0,65535_65535,1,7,87,452,1,1,1,10,452,28,1,1,allocated
1101,1483,normal,0,0,65535_65535,1,9,87,406,0,1,0,9,0,28,1,1,pre_allocation
1101,1483,normal,0,0,65535_65535,1,9,87,452,1,1,1,10,452,28,1,1,allocated
1101,1483,normal,0,0,65535_65535,1,10,87,406,0,1,0,9,0,28,1,1,pre_allocation
1101,1483,normal,0,0,65535_65535,1,10,87,452,1,1,1,10,452,28,1,1,allocated
1101,1483,normal,0,0,65535_65535,1,6,87,452,0,1,0,10,0,28,1,1,pre_allocation
1101,1483,normal,0,0,65535_65535,1,6,87,497,1,1,1,11,497,28,1,1,allocated
1101,1483,normal,0,0,65535_65535,1,7,87,452,0,1,0,10,0,28,1,1,pre_allocation
1101,1483,normal,0,0,65535_65535,1,7,87,497,1,1,1,11,497,28,1,1,allocated
1101,1483,normal,0,0,65535_65535,1,9,87,452,0,1,0,10,0,28,1,1,pre_allocation
1101,1483,normal,0,0,65535_65535,1,9,87,497,1,1,1,11,497,28,1,1,allocated
1101,1483,normal,0,0,65535_65535,1,10,87,452,0,1,0,10,0,28,1,1,pre_allocation
1101,1483,normal,0,0,65535_65535,1,10,87,497,1,1,1,11,497,28,1,1,allocated
1101,1483,normal,0,0,65535_65535,1,6,87,497,0,1,0,11,0,28,1,1,pre_allocation
1101,1483,normal,0,0,65535_65535,1,6,87,543,1,1,1,12,543,28,1,1,allocated
1101,1483,normal,0,0,65535_65535,1,7,87,497,0,1,0,11,0,28,1,1,pre_allocation
1101,1483,normal,0,0,65535_65535,1,7,87,543,1,1,1,12,543,28,1,1,allocated
1101,1483,normal,0,0,65535_65535,1,9,87,497,0,1,0,11,0,28,1,1,pre_allocation
1101,1483,normal,0,0,65535_65535,1,9,87,543,1,1,1,12,543,28,1,1,allocated
1101,1483,normal,0,0,65535_65535,1,10,87,497,0,1,0,11,0,28,1,1,pre_allocation
1101,1483,normal,0,0,65535_65535,1,10,87,543,1,1,1,12,543,28,1,1,allocated
1101,1483,normal,0,0,65535_65535,1,6,87,543,0,1,0,12,0,28,1,1,pre_allocation
1101,1483,normal,0,0,65535_65535,1,6,87,589,1,1,1,13,589,28,1,1,allocated
1101,1483,normal,0,0,65535_65535,1,7,87,543,0,1,0,12,0,28,1,1,pre_allocation
1101,1483,normal,0,0,65535_65535,1,7,87,589,1,1,1,13,589,28,1,1,allocated
1101,1483,normal,0,0,65535_65535,1,9,87,543,0,1,0,12,0,28,1,1,pre_allocation
1101,1483,normal,0,0,65535_65535,1,9,87,589,1,1,1,13,589,28,1,1,allocated
1101,1483,normal,0,0,65535_65535,1,10,87,543,0,1,0,12,0,28,1,1,pre_allocation
1101,1483,normal,0,0,65535_65535,1,10,87,589,1,1,1,13,589,28,1,1,allocated
1101,1483,normal,0,0,65535_65535,1,6,87,589,0,1,0,13,0,28,1,1,pre_allocation
1101,1483,normal,0,0,65535_65535,1,6,87,634,1,1,1,14,634,28,1,1,allocated
1101,1483,normal,0,0,65535_65535,1,7,87,589,0,1,0,13,0,28,1,1,pre_allocation
1101,1483,normal,0,0,65535_65535,1,7,87,634,1,1,1,14,634,28,1,1,allocated
1101,1483,normal,0,0,65535_65535,1,9,87,589,0,1,0,13,0,28,1,1,pre_allocation
1101,1483,normal,0,0,65535_65535,1,9,87,634,1,1,1,14,634,28,1,1,allocated
1101,1483,normal,0,0,65535_65535,1,10,87,589,0,1,0,13,0,28,1,1,pre_allocation
1101,1483,normal,0,0,65535_65535,1,10,87,634,1,1,1,14,634,28,1,1,allocated
1101,1483,normal,0,0,65535_65535,1,6,87,634,0,1,0,14,0,28,1,1,pre_allocation
1101,1483,normal,0,0,65535_65535,1,6,87,680,1,1,1,15,680,28,1,1,allocated
1101,1483,normal,0,0,65535_65535,1,7,87,634,0,1,0,14,0,28,1,1,pre_allocation
1101,1483,normal,0,0,65535_65535,1,7,87,680,1,1,1,15,680,28,1,1,allocated
1101,1483,normal,0,0,65535_65535,1,9,87,634,0,1,0,14,0,28,1,1,pre_allocation
1101,1483,normal,0,0,65535_65535,1,9,87,680,1,1,1,15,680,28,1,1,allocated
1101,1483,normal,0,0,65535_65535,1,10,87,634,0,1,0,14,0,28,1,1,pre_allocation
1101,1483,normal,0,0,65535_65535,1,10,87,680,1,1,1,15,680,28,1,1,allocated
1101,1483,normal,0,0,65535_65535,1,6,87,680,0,1,0,15,0,28,1,1,pre_allocation
1101,1483,normal,0,0,65535_65535,1,6,87,725,1,1,1,16,725,28,1,1,allocated
1101,1483,normal,0,0,65535_65535,1,7,87,680,0,1,0,15,0,28,1,1,pre_allocation
1101,1483,normal,0,0,65535_65535,1,7,87,725,1,1,1,16,725,28,1,1,allocated
1101,1483,normal,0,0,65535_65535,1,9,87,680,0,1,0,15,0,28,1,1,pre_allocation
1101,1483,normal,0,0,65535_65535,1,9,87,725,1,1,1,16,725,28,1,1,allocated
1101,1483,normal,0,0,65535_65535,1,10,87,680,0,1,0,15,0,28,1,1,pre_allocation
1101,1483,normal,0,0,65535_65535,1,10,87,725,1,1,1,16,725,28,1,1,allocated
1101,1483,normal,0,0,65535_65535,1,6,87,725,0,1,0,16,0,28,1,1,pre_allocation
1101,1483,normal,0,0,65535_65535,1,6,87,771,1,1,1,17,771,28,1,1,allocated
1101,1483,normal,0,0,65535_65535,1,7,87,725,0,1,0,16,0,28,1,1,pre_allocation
1101,1483,normal,0,0,65535_65535,1,7,87,771,1,1,1,17,771,28,1,1,allocated
1101,1483,normal,0,0,65535_65535,1,9,87,725,0,1,0,16,0,28,1,1,pre_allocation
1101,1483,normal,0,0,65535_65535,1,9,87,771,1,1,1,17,771,28,1,1,allocated
1101,1483,normal,0,0,65535_65535,1,10,87,725,0,1,0,16,0,28,1,1,pre_allocation
1101,1483,normal,0,0,65535_65535,1,10,87,771,1,1,1,17,771,28,1,1,allocated
1101,1483,normal,0,0,65535_65535,1,6,87,771,0,1,0,17,0,28,1,1,pre_allocation
1101,1483,normal,0,0,65535_65535,1,6,87,816,1,1,1,18,816,28,1,1,allocated
1101,1483,normal,0,0,65535_65535,1,7,87,771,0,1,0,17,0,28,1,1,pre_allocation
1101,1483,normal,0,0,65535_65535,1,7,87,816,1,1,1,18,816,28,1,1,allocated
1101,1483,normal,0,0,65535_65535,1,9,87,771,0,1,0,17,0,28,1,1,pre_allocation
1101,1483,normal,0,0,65535_65535,1,9,87,816,1,1,1,18,816,28,1,1,allocated
1101,1483,normal,0,0,65535_65535,1,10,87,771,0,1,0,17,0,28,1,1,pre_allocation
1101,1483,normal,0,0,65535_65535,1,10,87,816,1,1,1,18,816,28,1,1,allocated
1101,1483,normal,0,0,65535_65535,1,6,87,816,0,1,0,18,0,28,1,1,pre_allocation
1101,1483,normal,0,0,65535_65535,1,6,87,862,1,1,1,19,862,28,1,1,allocated
1101,1483,normal,0,0,65535_65535,1,7,87,816,0,1,0,18,0,28,1,1,pre_allocation
1101,1483,normal,0,0,65535_65535,1,7,87,862,1,1,1,19,862,28,1,1,allocated
1101,1483,normal,0,0,65535_65535,1,9,87,816,0,1,0,18,0,28,1,1,pre_allocation
1101,1483,normal,0,0,65535_65535,1,9,87,862,1,1,1,19,862,28,1,1,allocated
1101,1483,normal,0,0,65535_65535,1,10,87,816,0,1,0,18,0,28,1,1,pre_allocation
1101,1483,normal,0,0,65535_65535,1,10,87,862,1,1,1,19,862,28,1,1,allocated
1101,1483,normal,0,0,65535_65535,1,6,87,862,0,1,0,19,0,28,1,1,pre_allocation
1101,1483,normal,0,0,65535_65535,1,6,87,907,1,1,1,20,907,28,1,1,allocated
1101,1483,normal,0,0,65535_65535,1,7,87,862,0,1,0,19,0,28,1,1,pre_allocation
1101,1483,normal,0,0,65535_65535,1,7,87,907,1,1,1,20,907,28,1,1,allocated
1101,1483,normal,0,0,65535_65535,1,9,87,862,0,1,0,19,0,28,1,1,pre_allocation
1101,1483,normal,0,0,65535_65535,1,9,87,907,1,1,1,20,907,28,1,1,allocated
1101,1483,normal,0,0,65535_65535,1,10,87,862,0,1,0,19,0,28,1,1,pre_allocation
1101,1483,normal,0,0,65535_65535,1,10,87,907,1,1,1,20,907,28,1,1,allocated
1101,1483,normal,0,0,65535_65535,1,6,87,907,0,1,0,20,0,28,1,1,pre_allocation
1101,1483,normal,0,0,65535_65535,1,6,87,953,1,1,1,21,953,28,1,1,allocated
1101,1483,normal,0,0,65535_65535,1,7,87,907,0,1,0,20,0,28,1,1,pre_allocation
1101,1483,normal,0,0,65535_65535,1,7,87,953,1,1,1,21,953,28,1,1,allocated
1101,1483,normal,0,0,65535_65535,1,9,87,907,0,1,0,20,0,28,1,1,pre_allocation
1101,1483,normal,0,0,65535_65535,1,9,87,953,1,1,1,21,953,28,1,1,allocated
1101,1483,normal,0,0,65535_65535,1,10,87,907,0,1,0,20,0,28,1,1,pre_allocation
1101,1483,normal,0,0,65535_65535,1,10,87,953,1,1,1,21,953,28,1,1,allocated
1101,1483,normal,0,0,65535_65535,1,6,87,953,0,1,0,21,0,28,1,1,pre_allocation
1101,1483,normal,0,0,65535_65535,1,6,87,998,1,1,1,22,998,28,1,1,allocated
1101,1483,normal,0,0,65535_65535,1,7,87,953,0,1,0,21,0,28,1,1,pre_allocation
1101,1483,normal,0,0,65535_65535,1,7,87,998,1,1,1,22,998,28,1,1,allocated
1101,1483,normal,0,0,65535_65535,1,9,87,953,0,1,0,21,0,28,1,1,pre_allocation
1101,1483,normal,0,0,65535_65535,1,9,87,998,1,1,1,22,998,28,1,1,allocated
1101,1483,normal,0,0,65535_65535,1,10,87,953,0,1,0,21,0,28,1,1,pre_allocation
1101,1483,normal,0,0,65535_65535,1,10,87,998,1,1,1,22,998,28,1,1,allocated
1101,1483,normal,0,0,65535_65535,1,6,87,998,0,1,0,22,0,28,1,1,pre_allocation
1101,1483,normal,0,0,65535_65535,1,6,87,1044,1,1,1,23,1044,28,1,1,allocated
1101,1483,normal,0,0,65535_65535,1,7,87,998,0,1,0,22,0,28,1,1,pre_allocation
1101,1483,normal,0,0,65535_65535,1,7,87,1044,1,1,1,23,1044,28,1,1,allocated
1101,1483,normal,0,0,65535_65535,1,9,87,998,0,1,0,22,0,28,1,1,pre_allocation
1101,1483,normal,0,0,65535_65535,1,9,87,1044,1,1,1,23,1044,28,1,1,allocated
1101,1483,normal,0,0,65535_65535,1,10,87,998,0,1,0,22,0,28,1,1,pre_allocation
1101,1483,normal,0,0,65535_65535,1,10,87,1044,1,1,1,23,1044,28,1,1,allocated
1101,1483,normal,0,0,65535_65535,1,6,87,1044,0,1,0,23,0,28,1,1,pre_allocation
1101,1483,normal,0,0,65535_65535,1,6,87,1089,1,1,1,24,1089,28,1,1,allocated
1101,1483,normal,0,0,65535_65535,1,7,87,1044,0,1,0,23,0,28,1,1,pre_allocation
1101,1483,normal,0,0,65535_65535,1,7,87,1089,1,1,1,24,1089,28,1,1,allocated
1101,1483,normal,0,0,65535_65535,1,9,87,1044,0,1,0,23,0,28,1,1,pre_allocation
1101,1483,normal,0,0,65535_65535,1,9,87,1089,1,1,1,24,1089,28,1,1,allocated
1101,1483,normal,0,0,65535_65535,1,10,87,1044,0,1,0,23,0,28,1,1,pre_allocation
1101,1483,normal,0,0,65535_65535,1,10,87,1089,1,1,1,24,1089,28,1,1,allocated
1101,1483,normal,0,0,65535_65535,1,6,87,1089,0,1,0,24,0,28,1,1,pre_allocation
1101,1483,normal,0,0,65535_65535,1,6,87,1135,1,1,1,25,1135,28,1,1,allocated
1101,1483,normal,0,0,65535_65535,1,7,87,1089,0,1,0,24,0,28,1,1,pre_allocation
1101,1483,normal,0,0,65535_65535,1,7,87,1135,1,1,1,25,1135,28,1,1,allocated
1101,1483,normal,0,0,65535_65535,1,9,87,1089,0,1,0,24,0,28,1,1,pre_allocation
1101,1483,normal,0,0,65535_65535,1,9,87,1135,1,1,1,25,1135,28,1,1,allocated
1101,1483,normal,0,0,65535_65535,1,10,87,1089,0,1,0,24,0,28,1,1,pre_allocation
1101,1483,normal,0,0,65535_65535,1,10,87,1135,1,1,1,25,1135,28,1,1,allocated
1101,1483,normal,0,0,65535_65535,1,6,87,1135,0,1,0,25,0,28,1,1,pre_allocation
1101,1483,normal,0,0,65535_65535,1,6,87,1181,1,1,1,26,1181,28,1,1,allocated
1101,1483,normal,0,0,65535_65535,1,7,87,1135,0,1,0,25,0,28,1,1,pre_allocation
1101,1483,normal,0,0,65535_65535,1,7,87,1181,1,1,1,26,1181,28,1,1,allocated
1101,1483,normal,0,0,65535_65535,1,9,87,1135,0,1,0,25,0,28,1,1,pre_allocation
1101,1483,normal,0,0,65535_65535,1,9,87,1181,1,1,1,26,1181,28,1,1,allocated
1101,1483,normal,0,0,65535_65535,1,10,87,1135,0,1,0,25,0,28,1,1,pre_allocation
1101,1483,normal,0,0,65535_65535,1,10,87,1181,1,1,1,26,1181,28,1,1,allocated
1101,1483,normal,0,0,65535_65535,1,6,87,1181,0,1,0,26,0,28,1,1,pre_allocation
1101,1483,normal,0,0,65535_65535,1,6,87,1226,1,1,1,27,1226,28,1,1,allocated
1101,1483,normal,0,0,65535_65535,1,7,87,1181,0,1,0,26,0,28,1,1,pre_allocation
1101,1483,normal,0,0,65535_65535,1,7,87,1226,1,1,1,27,1226,28,1,1,allocated
1101,1483,normal,0,0,65535_65535,1,9,87,1181,0,1,0,26,0,28,1,1,pre_allocation
1101,1483,normal,0,0,65535_65535,1,9,87,1226,1,1,1,27,1226,28,1,1,allocated
1101,1483,normal,0,0,65535_65535,1,10,87,1181,0,1,0,26,0,28,1,1,pre_allocation
1101,1483,normal,0,0,65535_65535,1,10,87,1226,1,1,1,27,1226,28,1,1,allocated
1101,1483,normal,0,0,65535_65535,1,6,87,1226,0,1,0,27,0,28,1,1,pre_allocation
1101,1483,normal,0,0,65535_65535,1,6,87,1272,1,1,1,28,1272,28,1,1,allocated
1101,1483,normal,0,0,65535_65535,1,7,87,1226,0,1,0,27,0,28,1,1,pre_allocation
1101,1483,normal,0,0,65535_65535,1,7,87,1272,1,1,1,28,1272,28,1,1,allocated
1101,1483,normal,0,0,65535_65535,1,9,87,1226,0,1,0,27,0,28,1,1,pre_allocation
1101,1483,normal,0,0,65535_65535,1,9,87,1272,1,1,1,28,1272,28,1,1,allocated
1101,1483,normal,0,0,65535_65535,1,10,87,1226,0,1,0,27,0,28,1,1,pre_allocation
1101,1483,normal,0,0,65535_65535,1,10,87,1272,1,1,1,28,1272,28,1,1,allocated
1101,1483,normal,0,0,65535_65535,1,6,87,1272,0,1,0,28,0,28,1,1,pre_allocation
1101,1483,normal,0,0,65535_65535,1,6,87,1317,1,1,1,29,1317,28,1,1,allocated
1101,1483,normal,0,0,65535_65535,1,7,87,1272,0,1,0,28,0,28,1,1,pre_allocation
1101,1483,normal,0,0,65535_65535,1,7,87,1317,1,1,1,29,1317,28,1,1,allocated
1101,1483,normal,0,0,65535_65535,1,9,87,1272,0,1,0,28,0,28,1,1,pre_allocation
1101,1483,normal,0,0,65535_65535,1,9,87,1317,1,1,1,29,1317,28,1,1,allocated
1101,1483,normal,0,0,65535_65535,1,10,87,1272,0,1,0,28,0,28,1,1,pre_allocation
1101,1483,normal,0,0,65535_65535,1,10,87,1317,1,1,1,29,1317,28,1,1,allocated
1101,1483,normal,0,0,65535_65535,1,6,87,1317,0,1,0,29,0,28,1,1,pre_allocation
1101,1483,normal,0,0,65535_65535,1,6,87,1363,1,1,1,30,1363,28,1,1,allocated
1101,1483,normal,0,0,65535_65535,1,7,87,1317,0,1,0,29,0,28,1,1,pre_allocation
1101,1483,normal,0,0,65535_65535,1,7,87,1363,1,1,1,30,1363,28,1,1,allocated
1101,1483,normal,0,0,65535_65535,1,9,87,1317,0,1,0,29,0,28,1,1,pre_allocation
1101,1483,normal,0,0,65535_65535,1,9,87,1363,1,1,1,30,1363,28,1,1,allocated
1101,1483,normal,0,0,65535_65535,1,10,87,1317,0,1,0,29,0,28,1,1,pre_allocation
1101,1483,normal,0,0,65535_65535,1,10,87,1363,1,1,1,30,1363,28,1,1,allocated
1101,1483,normal,0,0,65535_65535,1,6,87,1363,0,1,0,30,0,28,1,1,pre_allocation
1101,1483,normal,0,0,65535_65535,1,6,87,1408,1,1,1,31,1408,28,1,1,allocated
1101,1483,normal,0,0,65535_65535,1,7,87,1363,0,1,0,30,0,28,1,1,pre_allocation
1101,1483,normal,0,0,65535_65535,1,7,87,1408,1,1,1,31,1408,28,1,1,allocated
1101,1483,normal,0,0,65535_65535,1,9,87,1363,0,1,0,30,0,28,1,1,pre_allocation
1101,1483,normal,0,0,65535_65535,1,9,87,1408,1,1,1,31,1408,28,1,1,allocated
1101,1483,normal,0,0,65535_65535,1,10,87,1363,0,1,0,30,0,28,1,1,pre_allocation
1101,1483,normal,0,0,65535_65535,1,10,87,1408,1,1,1,31,1408,28,1,1,allocated
1101,1483,normal,0,0,65535_65535,1,6,87,1408,0,1,0,31,0,28,1,1,pre_allocation
1101,1483,normal,0,0,65535_65535,1,6,87,1454,1,1,1,32,1454,28,1,1,allocated
1101,1483,normal,0,0,65535_65535,1,7,87,1408,0,1,0,31,0,28,1,1,pre_allocation
1101,1483,normal,0,0,65535_65535,1,7,87,1454,1,1,1,32,1454,28,1,1,allocated
1101,1483,normal,0,0,65535_65535,1,9,87,1408,0,1,0,31,0,28,1,1,pre_allocation
1101,1483,normal,0,0,65535_65535,1,9,87,1454,1,1,1,32,1454,28,1,1,allocated
1101,1483,normal,0,0,65535_65535,1,10,87,1408,0,1,0,31,0,28,1,1,pre_allocation
1101,1483,normal,0,0,65535_65535,1,10,87,1454,1,1,1,32,1454,28,1,1,allocated
1101,1483,normal,0,0,65535_65535,1,6,87,1454,0,1,0,32,0,28,1,1,pre_allocation
1101,1483,normal,0,0,65535_65535,1,6,87,1499,1,1,1,33,1499,28,1,1,allocated
1101,1483,normal,0,0,65535_65535,1,7,87,1454,0,1,0,32,0,28,1,1,pre_allocation
1101,1483,normal,0,0,65535_65535,1,7,87,1499,1,1,1,33,1499,28,1,1,allocated
1101,1483,normal,0,0,65535_65535,1,9,87,1454,0,1,0,32,0,28,1,1,pre_allocation
1101,1483,normal,0,0,65535_65535,1,9,87,1499,1,1,1,33,1499,28,1,1,allocated
1101,1483,normal,0,0,65535_65535,1,10,87,1454,0,1,0,32,0,28,1,1,pre_allocation
1101,1483,normal,0,0,65535_65535,1,10,87,1499,1,1,1,33,1499,28,1,1,allocated
1101,1483,normal,0,0,65535_65535,1,6,87,1499,0,1,0,33,0,28,1,1,pre_allocation
1101,1483,normal,0,0,65535_65535,1,6,87,1542,1,1,1,34,1542,28,1,1,allocated
1101,1483,normal,0,0,65535_65535,1,7,87,1499,0,1,0,33,0,28,1,1,pre_allocation
1101,1483,normal,0,0,65535_65535,1,7,87,1542,1,1,1,34,1542,28,1,1,allocated
1101,1483,normal,0,0,65535_65535,1,9,87,1499,0,1,0,33,0,28,1,1,pre_allocation
1101,1483,normal,0,0,65535_65535,1,9,87,1542,1,1,1,34,1542,28,1,1,allocated
1101,1483,normal,0,0,65535_65535,1,10,87,1499,0,1,0,33,0,28,1,1,pre_allocation
1101,1483,normal,0,0,65535_65535,1,10,87,1542,1,1,1,34,1542,28,1,1,allocated
1101,1483,normal,0,0,65535_65535,1,6,87,1542,0,1,0,34,0,28,1,1,pre_allocation
1101,1483,normal,0,0,65535_65535,1,6,87,1587,1,1,1,35,1587,28,1,1,allocated
1101,1483,normal,0,0,65535_65535,1,7,87,1542,0,1,0,34,0,28,1,1,pre_allocation
1101,1483,normal,0,0,65535_65535,1,7,87,1587,1,1,1,35,1587,28,1,1,allocated
1101,1483,normal,0,0,65535_65535,1,9,87,1542,0,1,0,34,0,28,1,1,pre_allocation
1101,1483,normal,0,0,65535_65535,1,9,87,1587,1,1,1,35,1587,28,1,1,allocated
1101,1483,normal,0,0,65535_65535,1,10,87,1542,0,1,0,34,0,28,1,1,pre_allocation
1101,1483,normal,0,0,65535_65535,1,10,87,1587,1,1,1,35,1587,28,1,1,allocated
1101,1483,normal,0,0,65535_65535,1,6,87,1587,0,1,0,35,0,28,1,1,pre_allocation
1101,1483,normal,0,0,65535_65535,1,6,87,1633,1,1,1,36,1633,28,1,1,allocated
1101,1483,normal,0,0,65535_65535,1,7,87,1587,0,1,0,35,0,28,1,1,pre_allocation
1101,1483,normal,0,0,65535_65535,1,7,87,1633,1,1,1,36,1633,28,1,1,allocated
1101,1483,normal,0,0,65535_65535,1,9,87,1587,0,1,0,35,0,28,1,1,pre_allocation
1101,1483,normal,0,0,65535_65535,1,9,87,1633,1,1,1,36,1633,28,1,1,allocated
1101,1483,normal,0,0,65535_65535,1,10,87,1587,0,1,0,35,0,28,1,1,pre_allocation
1101,1483,normal,0,0,65535_65535,1,10,87,1633,1,1,1,36,1633,28,1,1,allocated
1101,1483,normal,0,0,65535_65535,1,6,87,1633,0,1,0,36,0,28,1,1,pre_allocation
1101,1483,normal,0,0,65535_65535,1,6,87,1678,1,1,1,37,1678,28,1,1,allocated
1101,1483,normal,0,0,65535_65535,1,7,87,1633,0,1,0,36,0,28,1,1,pre_allocation
1101,1483,normal,0,0,65535_65535,1,7,87,1678,1,1,1,37,1678,28,1,1,allocated
1101,1483,normal,0,0,65535_65535,2,28,137,0,0,1,0,0,0,28,1,1,pre_allocation
1101,1483,normal,0,0,65535_65535,2,28,137,42,1,1,1,1,42,28,1,1,allocated
1101,1483,normal,0,0,65535_65535,2,27,137,0,0,1,0,0,0,28,1,1,pre_allocation
1101,1483,normal,0,0,65535_65535,2,27,137,42,1,1,1,1,42,28,1,1,allocated
1101,1483,normal,0,0,65535_65535,2,25,137,0,0,1,0,0,0,28,1,1,pre_allocation
1101,1483,normal,0,0,65535_65535,2,25,137,42,1,1,1,1,42,28,1,1,allocated
1101,1483,normal,0,0,65535_65535,2,24,137,0,0,1,0,0,0,28,1,1,pre_allocation
1101,1483,normal,0,0,65535_65535,2,24,137,42,1,1,1,1,42,28,1,1,allocated
1101,1483,normal,0,0,65535_65535,2,22,137,0,0,1,0,0,0,28,1,1,pre_allocation
1101,1483,normal,0,0,65535_65535,2,22,137,42,1,1,1,1,42,28,1,1,allocated
1101,1483,normal,0,0,65535_65535,2,21,137,0,0,1,0,0,0,28,1,1,pre_allocation
1101,1483,normal,0,0,65535_65535,2,21,137,42,1,1,1,1,42,28,1,1,allocated
1101,1483,normal,0,0,65535_65535,2,11,137,0,0,1,0,0,0,28,1,1,pre_allocation
1101,1483,normal,0,0,65535_65535,2,11,137,42,1,1,1,1,42,28,1,1,allocated
1101,1483,normal,0,0,65535_65535,2,12,137,0,0,1,0,0,0,28,1,1,pre_allocation
1101,1483,normal,0,0,65535_65535,2,12,137,42,1,1,1,1,42,28,1,1,allocated
1101,1483,normal,0,0,65535_65535,2,26,401,0,0,1,0,0,0,15,1,1,pre_allocation
1101,1483,normal,0,0,65535_65535,2,26,401,14,1,1,1,1,14,15,1,1,allocated
1101,1483,normal,0,0,65535_65535,2,23,137,0,0,1,0,0,0,15,1,1,pre_allocation
1101,1483,normal,0,0,65535_65535,2,23,137,14,1,1,1,1,14,15,1,1,allocated
1101,1483,normal,0,0,65535_65535,2,28,137,42,0,1,0,1,0,28,1,1,pre_allocation
1101,1483,normal,0,0,65535_65535,2,28,137,88,1,1,1,2,88,28,1,1,allocated
1101,1483,normal,0,0,65535_65535,2,27,137,42,0,1,0,1,0,28,1,1,pre_allocation
1101,1483,normal,0,0,65535_65535,2,27,137,88,1,1,1,2,88,28,1,1,allocated
1101,1483,normal,0,0,65535_65535,2,25,137,42,0,1,0,1,0,28,1,1,pre_allocation
1101,1483,normal,0,0,65535_65535,2,25,137,88,1,1,1,2,88,28,1,1,allocated
1101,1483,normal,0,0,65535_65535,2,24,137,42,0,1,0,1,0,28,1,1,pre_allocation
1101,1483,normal,0,0,65535_65535,2,24,137,88,1,1,1,2,88,28,1,1,allocated
1101,1483,normal,0,0,65535_65535,2,22,137,42,0,1,0,1,0,28,1,1,pre_allocation
1101,1483,normal,0,0,65535_65535,2,22,137,88,1,1,1,2,88,28,1,1,allocated
1101,1483,normal,0,0,65535_65535,2,21,137,42,0,1,0,1,0,28,1,1,pre_allocation
1101,1483,normal,0,0,65535_65535,2,21,137,88,1,1,1,2,88,28,1,1,allocated
1101,1483,normal,0,0,65535_65535,2,11,137,42,0,1,0,1,0,28,1,1,pre_allocation
1101,1483,normal,0,0,65535_65535,2,11,137,88,1,1,1,2,88,28,1,1,allocated
1101,1483,normal,0,0,65535_65535,2,12,137,42,0,1,0,1,0,28,1,1,pre_allocation
1101,1483,normal,0,0,65535_65535,2,12,137,88,1,1,1,2,88,28,1,1,allocated
1101,1483,normal,0,0,65535_65535,2,26,401,14,0,1,0,1,0,15,1,1,pre_allocation
1101,1483,normal,0,0,65535_65535,2,26,401,32,1,1,1,2,32,15,1,1,allocated
1101,1483,normal,0,0,65535_65535,2,23,137,14,0,1,0,1,0,15,1,1,pre_allocation
1101,1483,normal,0,0,65535_65535,2,23,137,32,1,1,1,2,32,15,1,1,allocated
1101,1483,normal,0,0,65535_65535,2,28,137,88,0,1,0,2,0,28,1,1,pre_allocation
1101,1483,normal,0,0,65535_65535,2,28,137,133,1,1,1,3,133,28,1,1,allocated
1101,1483,normal,0,0,65535_65535,2,27,137,88,0,1,0,2,0,28,1,1,pre_allocation
1101,1483,normal,0,0,65535_65535,2,27,137,133,1,1,1,3,133,28,1,1,allocated
1101,1483,normal,0,0,65535_65535,2,25,137,88,0,1,0,2,0,28,1,1,pre_allocation
1101,1483,normal,0,0,65535_65535,2,25,137,133,1,1,1,3,133,28,1,1,allocated
1101,1483,normal,0,0,65535_65535,2,24,137,88,0,1,0,2,0,28,1,1,pre_allocation
1101,1483,normal,0,0,65535_65535,2,24,137,133,1,1,1,3,133,28,1,1,allocated
1101,1483,normal,0,0,65535_65535,2,22,137,88,0,1,0,2,0,28,1,1,pre_allocation
1101,1483,normal,0,0,65535_65535,2,22,137,133,1,1,1,3,133,28,1,1,allocated
1101,1483,normal,0,0,65535_65535,2,21,137,88,0,1,0,2,0,28,1,1,pre_allocation
1101,1483,normal,0,0,65535_65535,2,21,137,133,1,1,1,3,133,28,1,1,allocated
1101,1483,normal,0,0,65535_65535,2,11,137,88,0,1,0,2,0,28,1,1,pre_allocation
1101,1483,normal,0,0,65535_65535,2,11,137,133,1,1,1,3,133,28,1,1,allocated
1101,1483,normal,0,0,65535_65535,2,12,137,88,0,1,0,2,0,28,1,1,pre_allocation
1101,1483,normal,0,0,65535_65535,2,12,137,133,1,1,1,3,133,28,1,1,allocated
1101,1483,normal,0,0,65535_65535,2,26,401,32,0,1,0,2,0,15,1,1,pre_allocation
1101,1483,normal,0,0,65535_65535,2,26,401,50,1,1,1,3,50,15,1,1,allocated
1101,1483,normal,0,0,65535_65535,2,23,137,32,0,1,0,2,0,15,1,1,pre_allocation
1101,1483,normal,0,0,65535_65535,2,23,137,50,1,1,1,3,50,15,1,1,allocated
1101,1483,normal,0,0,65535_65535,2,28,137,133,0,1,0,3,0,28,1,1,pre_allocation
1101,1483,normal,0,0,65535_65535,2,28,137,179,1,1,1,4,179,28,1,1,allocated
1101,1483,normal,0,0,65535_65535,2,27,137,133,0,1,0,3,0,28,1,1,pre_allocation
1101,1483,normal,0,0,65535_65535,2,27,137,179,1,1,1,4,179,28,1,1,allocated
1101,1483,normal,0,0,65535_65535,2,25,137,133,0,1,0,3,0,28,1,1,pre_allocation
1101,1483,normal,0,0,65535_65535,2,25,137,179,1,1,1,4,179,28,1,1,allocated
1101,1483,normal,0,0,65535_65535,2,24,137,133,0,1,0,3,0,28,1,1,pre_allocation
1101,1483,normal,0,0,65535_65535,2,24,137,179,1,1,1,4,179,28,1,1,allocated
1101,1483,normal,0,0,65535_65535,2,22,137,133,0,1,0,3,0,28,1,1,pre_allocation
1101,1483,normal,0,0,65535_65535,2,22,137,179,1,1,1,4,179,28,1,1,allocated
1101,1483,normal,0,0,65535_65535,2,21,137,133,0,1,0,3,0,28,1,1,pre_allocation
1101,1483,normal,0,0,65535_65535,2,21,137,179,1,1,1,4,179,28,1,1,allocated
1101,1483,normal,0,0,65535_65535,2,11,137,133,0,1,0,3,0,28,1,1,pre_allocation
1101,1483,normal,0,0,65535_65535,2,11,137,179,1,1,1,4,179,28,1,1,allocated
1101,1483,normal,0,0,65535_65535,2,12,137,133,0,1,0,3,0,28,1,1,pre_allocation
1101,1483,normal,0,0,65535_65535,2,12,137,179,1,1,1,4,179,28,1,1,allocated
1101,1483,normal,0,0,65535_65535,2,26,401,50,0,1,0,3,0,15,1,1,pre_allocation
1101,1483,normal,0,0,65535_65535,2,26,401,68,1,1,1,4,68,15,1,1,allocated
1101,1483,normal,0,0,65535_65535,2,23,137,50,0,1,0,3,0,15,1,1,pre_allocation
1101,1483,normal,0,0,65535_65535,2,23,137,68,1,1,1,4,68,15,1,1,allocated
1101,1483,normal,0,0,65535_65535,2,28,137,179,0,1,0,4,0,28,1,1,pre_allocation
1101,1483,normal,0,0,65535_65535,2,28,137,224,1,1,1,5,224,28,1,1,allocated
1101,1483,normal,0,0,65535_65535,2,27,137,179,0,1,0,4,0,28,1,1,pre_allocation
1101,1483,normal,0,0,65535_65535,2,27,137,224,1,1,1,5,224,28,1,1,allocated
1101,1483,normal,0,0,65535_65535,2,25,137,179,0,1,0,4,0,28,1,1,pre_allocation
1101,1483,normal,0,0,65535_65535,2,25,137,224,1,1,1,5,224,28,1,1,allocated
1101,1483,normal,0,0,65535_65535,2,24,137,179,0,1,0,4,0,28,1,1,pre_allocation
1101,1483,normal,0,0,65535_65535,2,24,137,224,1,1,1,5,224,28,1,1,allocated
1101,1483,normal,0,0,65535_65535,2,22,137,179,0,1,0,4,0,28,1,1,pre_allocation
1101,1483,normal,0,0,65535_65535,2,22,137,224,1,1,1,5,224,28,1,1,allocated
1101,1483,normal,0,0,65535_65535,2,21,137,179,0,1,0,4,0,28,1,1,pre_allocation
1101,1483,normal,0,0,65535_65535,2,21,137,224,1,1,1,5,224,28,1,1,allocated
1101,1483,normal,0,0,65535_65535,2,11,137,179,0,1,0,4,0,28,1,1,pre_allocation
1101,1483,normal,0,0,65535_65535,2,11,137,224,1,1,1,5,224,28,1,1,allocated
1101,1483,normal,0,0,65535_65535,2,12,137,179,0,1,0,4,0,28,1,1,pre_allocation
1101,1483,normal,0,0,65535_65535,2,12,137,224,1,1,1,5,224,28,1,1,allocated
1101,1483,normal,0,0,65535_65535,2,26,401,68,0,1,0,4,0,15,1,1,pre_allocation
1101,1483,normal,0,0,65535_65535,2,26,401,86,1,1,1,5,86,15,1,1,allocated
