timestamp,sliceId,dedicatedPRB,minPRB,maxPRB
510,0,13.281971698583844,13.281971698583844,100.0
510,1,14.094583567147234,14.094583567147234,100.0
510,2,72.62344473426892,72.62344473426892,100.0
520,0,28.477792177957046,28.477792177957046,100.0
520,1,45.1277585509114,45.1277585509114,100.0
520,2,26.394449271131542,26.394449271131542,100.0
530,0,62.71488518950731,62.71488518950731,100.0
530,1,24.88749902531375,24.88749902531375,100.0
530,2,12.397615785178942,12.397615785178942,100.0
540,0,57.828212990394356,57.828212990394356,100.0
540,1,18.739337031570365,18.739337031570365,100.0
540,2,23.432449978035276,23.432449978035276,100.0
550,0,12.272026155490316,12.272026155490316,100.0
550,1,26.082837125974777,26.082837125974777,100.0
550,2,61.64513671853491,61.64513671853491,100.0
560,0,56.887693005377315,56.887693005377315,100.0
560,1,26.320156109147554,26.320156109147554,100.0
560,2,16.792150885475134,16.792150885475134,100.0
570,0,14.509458475667806,14.509458475667806,100.0
570,1,14.986296331243349,14.986296331243349,100.0
570,2,70.50424519308885,70.50424519308885,100.0
580,0,72.04259469376125,72.04259469376125,100.0
580,1,11.96718251986178,11.96718251986178,100.0
580,2,15.99022278637698,15.99022278637698,100.0
590,0,27.376866895808877,27.376866895808877,100.0
590,1,31.936035893222027,31.936035893222027,100.0
590,2,40.6870972109691,40.6870972109691,100.0
600,0,16.356621929016693,16.356621929016693,100.0
600,1,21.289517544000642,21.289517544000642,100.0
600,2,62.35386052698267,62.35386052698267,100.0
610,0,10.233606517016124,10.233606517016124,100.0
610,1,40.18165225957111,40.18165225957111,100.0
610,2,49.58474122341276,49.58474122341276,100.0
620,0,21.305625469988566,21.305625469988566,100.0
620,1,41.622805373109465,41.622805373109465,100.0
620,2,37.07156915690198,37.07156915690198,100.0
630,0,10.912994492283524,10.912994492283524,100.0
630,1,17.399037862600643,17.399037862600643,100.0
630,2,71.68796764511583,71.68796764511583,100.0
640,0,28.57456667477688,28.57456667477688,100.0
640,1,37.068566339564526,37.068566339564526,100.0
640,2,34.35686698565858,34.35686698565858,100.0
650,0,48.32876328273561,48.32876328273561,100.0
650,1,11.121656401419383,11.121656401419383,100.0
650,2,40.549580315845006,40.549580315845006,100.0
660,0,42.73785584248713,42.73785584248713,100.0
660,1,8.059277007353959,8.059277007353959,100.0
660,2,49.202867150158916,49.202867150158916,100.0
670,0,25.75092018977091,25.75092018977091,100.0
670,1,25.67086572965826,25.67086572965826,100.0
670,2,48.57821408057083,48.57821408057083,100.0
680,0,13.874819813235284,13.874819813235284,100.0
680,1,35.87977408035856,35.87977408035856,100.0
680,2,50.24540610640615,50.24540610640615,100.0
690,0,13.2062891287057,13.2062891287057,100.0
690,1,13.711794433715188,13.711794433715188,100.0
690,2,73.08191643757912,73.08191643757912,100.0
700,0,43.997444475591294,43.997444475591294,100.0
700,1,35.255642323660666,35.255642323660666,100.0
700,2,20.746913200748043,20.746913200748043,100.0
710,0,30.369269778261536,30.369269778261536,100.0
710,1,10.490499793201122,10.490499793201122,100.0
710,2,59.14023042853734,59.14023042853734,100.0
720,0,19.25191864803255,19.25191864803255,100.0
720,1,36.30346614152841,36.30346614152841,100.0
720,2,44.444615210439046,44.444615210439046,100.0
730,0,21.177294397988312,21.177294397988312,100.0
730,1,42.96550915720884,42.96550915720884,100.0
730,2,35.857196444802845,35.857196444802845,100.0
740,0,23.68099027442235,23.68099027442235,100.0
740,1,20.611546810205535,20.611546810205535,100.0
740,2,55.70746291537212,55.70746291537212,100.0
750,0,11.295314401032734,11.295314401032734,100.0
750,1,22.99682473822927,22.99682473822927,100.0
750,2,65.707860860738,65.707860860738,100.0
760,0,15.790313748980816,15.790313748980816,100.0
760,1,64.23835637365998,64.23835637365998,100.0
760,2,19.971329877359207,19.971329877359207,100.0
770,0,43.82039443373466,43.82039443373466,100.0
770,1,44.44157165164436,44.44157165164436,100.0
770,2,11.738033914620985,11.738033914620985,100.0
780,0,35.47541260833482,35.47541260833482,100.0
780,1,29.71858068144767,29.71858068144767,100.0
780,2,34.80600671021751,34.80600671021751,100.0
790,0,68.14048995052627,68.14048995052627,100.0
790,1,16.054189462521364,16.054189462521364,100.0
790,2,15.805320586952362,15.805320586952362,100.0
800,0,43.208572756769655,43.208572756769655,100.0
800,1,31.677387629652042,31.677387629652042,100.0
800,2,25.114039613578303,25.114039613578303,100.0
810,0,25.680178015606046,25.680178015606046,100.0
810,1,10.547902769123258,10.547902769123258,100.0
810,2,63.77191921527069,63.77191921527069,100.0
820,0,29.683037451460397,29.683037451460397,100.0
820,1,13.840672006785788,13.840672006785788,100.0
820,2,56.47629054175381,56.47629054175381,100.0
830,0,55.83225148981246,55.83225148981246,100.0
830,1,19.43857976077777,19.43857976077777,100.0
830,2,24.72916874940978,24.72916874940978,100.0
840,0,52.88521789012102,52.88521789012102,100.0
840,1,10.532515275476946,10.532515275476946,100.0
840,2,36.58226683440204,36.58226683440204,100.0
850,0,19.89802158289057,19.89802158289057,100.0
850,1,21.163237119168627,21.163237119168627,100.0
850,2,58.93874129794081,58.93874129794081,100.0
860,0,44.04122451842652,44.04122451842652,100.0
860,1,28.74134428567402,28.74134428567402,100.0
860,2,27.217431195899472,27.217431195899472,100.0
870,0,17.76804604652876,17.76804604652876,100.0
870,1,16.02300923554722,16.02300923554722,100.0
870,2,66.20894471792403,66.20894471792403,100.0
880,0,11.11458506472783,11.11458506472783,100.0
880,1,53.026379070843035,53.026379070843035,100.0
880,2,35.85903586442913,35.85903586442913,100.0
890,0,17.754744307062673,17.754744307062673,100.0
890,1,19.41758831251773,19.41758831251773,100.0
890,2,62.82766738041959,62.82766738041959,100.0
900,0,12.942451739013336,12.942451739013336,100.0
900,1,63.51301455598018,63.51301455598018,100.0
900,2,23.544533705006483,23.544533705006483,100.0
910,0,19.94191504238688,19.94191504238688,100.0
910,1,15.930655954293199,15.930655954293199,100.0
910,2,64.12742900331992,64.12742900331992,100.0
920,0,16.548651746814393,16.548651746814393,100.0
920,1,19.096381966438813,19.096381966438813,100.0
920,2,64.3549662867468,64.3549662867468,100.0
930,0,11.92657418081941,11.92657418081941,100.0
930,1,12.425374734129468,12.425374734129468,100.0
930,2,75.64805108505112,75.64805108505112,100.0
940,0,27.30947776940299,27.30947776940299,100.0
940,1,58.24285657810771,58.24285657810771,100.0
940,2,14.447665652489306,14.447665652489306,100.0
950,0,9.945423729266608,9.945423729266608,100.0
950,1,49.724995022499996,49.724995022499996,100.0
950,2,40.329581248233396,40.329581248233396,100.0
960,0,61.89489000574425,61.89489000574425,100.0
960,1,11.194100761089345,11.194100761089345,100.0
960,2,26.9110092331664,26.9110092331664,100.0
970,0,57.07951075734776,57.07951075734776,100.0
970,1,21.96665419635395,21.96665419635395,100.0
970,2,20.953835046298295,20.953835046298295,100.0
980,0,53.97000166808114,53.97000166808114,100.0
980,1,34.83452026814427,34.83452026814427,100.0
980,2,11.195478063774605,11.195478063774605,100.0
990,0,13.217275745771568,13.217275745771568,100.0
990,1,15.020173082290972,15.020173082290972,100.0
990,2,71.76255117193746,71.76255117193746,100.0
1000,0,44.73344493897207,44.73344493897207,100.0
1000,1,9.855868520615948,9.855868520615948,100.0
1000,2,45.410686540411994,45.410686540411994,100.0
1010,0,57.07691308493346,57.07691308493346,100.0
1010,1,13.376200458538124,13.376200458538124,100.0
1010,2,29.546886456528433,29.546886456528433,100.0
1020,0,22.828109933200174,22.828109933200174,100.0
1020,1,35.995313141143875,35.995313141143875,100.0
1020,2,41.17657692565595,41.17657692565595,100.0
1030,0,15.727384998795854,15.727384998795854,100.0
1030,1,66.51161606669824,66.51161606669824,100.0
1030,2,17.760998934505913,17.760998934505913,100.0
1040,0,24.959378248614005,24.959378248614005,100.0
1040,1,31.60752198125908,31.60752198125908,100.0
1040,2,43.43309977012692,43.43309977012692,100.0
1050,0,12.363097223183114,12.363097223183114,100.0
1050,1,12.636120743606169,12.636120743606169,100.0
1050,2,75.00078203321073,75.00078203321073,100.0
1060,0,34.30206906843106,34.30206906843106,100.0
1060,1,36.846852472942686,36.846852472942686,100.0
1060,2,28.85107845862624,28.85107845862624,100.0
1070,0,47.72837270806926,47.72837270806926,100.0
1070,1,18.15905973936048,18.15905973936048,100.0
1070,2,34.11256755257026,34.11256755257026,100.0
1080,0,66.34116923277547,66.34116923277547,100.0
1080,1,21.163153986942937,21.163153986942937,100.0
1080,2,12.495676780281602,12.495676780281602,100.0
1090,0,19.688635640463872,19.688635640463872,100.0
1090,1,36.603019810500584,36.603019810500584,100.0
1090,2,43.70834454903553,43.70834454903553,100.0
1100,0,14.777021481624658,14.777021481624658,100.0
1100,1,55.88625748352768,55.88625748352768,100.0
1100,2,29.336721034847667,29.336721034847667,100.0
1110,0,14.922598860588899,14.922598860588899,100.0
1110,1,14.591986563089717,14.591986563089717,100.0
1110,2,70.48541457632139,70.48541457632139,100.0
1120,0,24.037195229069297,24.037195229069297,100.0
1120,1,37.57320761258847,37.57320761258847,100.0
1120,2,38.389597158342234,38.389597158342234,100.0
1130,0,24.42971687507985,24.42971687507985,100.0
1130,1,59.53422515057426,59.53422515057426,100.0
1130,2,16.036057974345884,16.036057974345884,100.0
1140,0,29.327221258370756,29.327221258370756,100.0
1140,1,20.887995358611903,20.887995358611903,100.0
1140,2,49.784783383017334,49.784783383017334,100.0
1150,0,32.42505299285882,32.42505299285882,100.0
1150,1,23.902547216442382,23.902547216442382,100.0
1150,2,43.672399790698805,43.672399790698805,100.0
1160,0,31.600631940185398,31.600631940185398,100.0
1160,1,17.17054554446569,17.17054554446569,100.0
1160,2,51.22882251534892,51.22882251534892,100.0
1170,0,12.55192353559953,12.55192353559953,100.0
1170,1,12.458068767103967,12.458068767103967,100.0
1170,2,74.9900076972965,74.9900076972965,100.0
1180,0,11.09950935509668,11.09950935509668,100.0
1180,1,31.229122208229594,31.229122208229594,100.0
1180,2,57.67136843667372,57.67136843667372,100.0
1190,0,41.96738342269799,41.96738342269799,100.0
1190,1,29.1209256985269,29.1209256985269,100.0
1190,2,28.91169087877512,28.91169087877512,100.0
1200,0,32.696947370120654,32.696947370120654,100.0
1200,1,42.06223706649255,42.06223706649255,100.0
1200,2,25.240815563386786,25.240815563386786,100.0
1210,0,25.655566602486118,25.655566602486118,100.0
1210,1,49.67997183486458,49.67997183486458,100.0
1210,2,24.664461562649308,24.664461562649308,100.0
1220,0,21.082298544065758,21.082298544065758,100.0
1220,1,45.89404529401001,45.89404529401001,100.0
1220,2,33.02365616192423,33.02365616192423,100.0
1230,0,10.003725961859379,10.003725961859379,100.0
1230,1,28.009327392622364,28.009327392622364,100.0
1230,2,61.98694664551826,61.98694664551826,100.0
1240,0,67.38868480535173,67.38868480535173,100.0
1240,1,16.73718952000197,16.73718952000197,100.0
1240,2,15.874125674646308,15.874125674646308,100.0
1250,0,39.923057045786884,39.923057045786884,100.0
1250,1,26.14527884490328,26.14527884490328,100.0
1250,2,33.93166410930984,33.93166410930984,100.0
1260,0,21.37383491057414,21.37383491057414,100.0
1260,1,27.744783241405802,27.744783241405802,100.0
1260,2,50.88138184802007,50.88138184802007,100.0
1270,0,36.798276495425085,36.798276495425085,100.0
1270,1,11.14266567885937,11.14266567885937,100.0
1270,2,52.05905782571555,52.05905782571555,100.0
1280,0,37.66341025133932,37.66341025133932,100.0
1280,1,24.333284662415096,24.333284662415096,100.0
1280,2,38.00330508624559,38.00330508624559,100.0
1290,0,12.547110863240366,12.547110863240366,100.0
1290,1,11.641261668467596,11.641261668467596,100.0
1290,2,75.81162746829204,75.81162746829204,100.0
1300,0,31.928996039045753,31.928996039045753,100.0
1300,1,13.51324212178687,13.51324212178687,100.0
1300,2,54.55776183916738,54.55776183916738,100.0
1310,0,29.13943450824967,29.13943450824967,100.0
1310,1,21.181052913513142,21.181052913513142,100.0
1310,2,49.67951257823719,49.67951257823719,100.0
1320,0,41.455543435049066,41.455543435049066,100.0
1320,1,32.50657022338898,32.50657022338898,100.0
1320,2,26.03788634156195,26.03788634156195,100.0
1330,0,41.601610673792635,41.601610673792635,100.0
1330,1,28.26577976775017,28.26577976775017,100.0
1330,2,30.1326095584572,30.1326095584572,100.0
1340,0,34.403895390311405,34.403895390311405,100.0
1340,1,46.31935872910873,46.31935872910873,100.0
1340,2,19.276745880579863,19.276745880579863,100.0
1350,0,11.380064589105423,11.380064589105423,100.0
1350,1,11.948218794988854,11.948218794988854,100.0
1350,2,76.67171661590572,76.67171661590572,100.0
1360,0,34.65508221457953,34.65508221457953,100.0
1360,1,36.40296933973903,36.40296933973903,100.0
1360,2,28.941948445681437,28.941948445681437,100.0
1370,0,53.941229509409936,53.941229509409936,100.0
1370,1,22.531950081442552,22.531950081442552,100.0
1370,2,23.526820409147504,23.526820409147504,100.0
1380,0,21.269690106301457,21.269690106301457,100.0
1380,1,21.368963873330113,21.368963873330113,100.0
1380,2,57.36134602036843,57.36134602036843,100.0
1390,0,19.39371897002938,19.39371897002938,100.0
1390,1,29.00891111394486,29.00891111394486,100.0
1390,2,51.59736991602576,51.59736991602576,100.0
1400,0,39.373317078386336,39.373317078386336,100.0
1400,1,34.597367606909465,34.597367606909465,100.0
1400,2,26.029315314704206,26.029315314704206,100.0
1410,0,22.407462677735264,22.407462677735264,100.0
1410,1,19.971865338090183,19.971865338090183,100.0
1410,2,57.62067198417456,57.62067198417456,100.0
1420,0,30.842121032236726,30.842121032236726,100.0
1420,1,22.35463016113128,22.35463016113128,100.0
1420,2,46.803248806631984,46.803248806631984,100.0
1430,0,40.29837817204373,40.29837817204373,100.0
1430,1,46.82901448145906,46.82901448145906,100.0
1430,2,12.872607346497208,12.872607346497208,100.0
1440,0,11.946269318864337,11.946269318864337,100.0
1440,1,20.361753525139086,20.361753525139086,100.0
1440,2,67.69197715599657,67.69197715599657,100.0
1450,0,19.653592896121904,19.653592896121904,100.0
1450,1,50.013760592155606,50.013760592155606,100.0
1450,2,30.3326465117225,30.3326465117225,100.0
1460,0,20.275011487141544,20.275011487141544,100.0
1460,1,23.048321481389866,23.048321481389866,100.0
1460,2,56.67666703146858,56.67666703146858,100.0
1470,0,12.940129916791388,12.940129916791388,100.0
1470,1,12.783195076759506,12.783195076759506,100.0
1470,2,74.27667500644911,74.27667500644911,100.0
1480,0,67.27841591958132,67.27841591958132,100.0
1480,1,13.604504748896856,13.604504748896856,100.0
1480,2,19.11707933152181,19.11707933152181,100.0
1490,0,30.350561882869993,30.350561882869993,100.0
1490,1,38.277154527120885,38.277154527120885,100.0
1490,2,31.372283590009125,31.372283590009125,100.0
1500,0,42.60543891486539,42.60543891486539,100.0
1500,1,11.138400111527133,11.138400111527133,100.0
1500,2,46.256160973607486,46.256160973607486,100.0
1510,0,15.644963587278319,15.644963587278319,100.0
1510,1,30.039036310453675,30.039036310453675,100.0
1510,2,54.316000102268006,54.316000102268006,100.0
1520,0,32.349789994963004,32.349789994963004,100.0
1520,1,35.62635997782134,35.62635997782134,100.0
1520,2,32.02385002721566,32.02385002721566,100.0
1530,0,17.56761134316799,17.56761134316799,100.0
1530,1,36.41215184223084,36.41215184223084,100.0
1530,2,46.02023681460116,46.02023681460116,100.0
1540,0,11.90206895344281,11.90206895344281,100.0
1540,1,35.520969613177094,35.520969613177094,100.0
1540,2,52.5769614333801,52.5769614333801,100.0
1550,0,40.871705640296845,40.871705640296845,100.0
1550,1,10.5462527247296,10.5462527247296,100.0
1550,2,48.58204163497356,48.58204163497356,100.0
1560,0,28.414931022719486,28.414931022719486,100.0
1560,1,43.6969646447823,43.6969646447823,100.0
1560,2,27.888104332498216,27.888104332498216,100.0
1570,0,20.944916236687952,20.944916236687952,100.0
1570,1,65.96674097675617,65.96674097675617,100.0
1570,2,13.088342786555879,13.088342786555879,100.0
1580,0,26.185896480964626,26.185896480964626,100.0
1580,1,47.55584214249614,47.55584214249614,100.0
1580,2,26.25826137653923,26.25826137653923,100.0
1590,0,13.924365864085056,13.924365864085056,100.0
1590,1,18.01032298424961,18.01032298424961,100.0
1590,2,68.06531115166534,68.06531115166534,100.0
1600,0,16.815183824421393,16.815183824421393,100.0
1600,1,66.82326541321675,66.82326541321675,100.0
1600,2,16.361550762361855,16.361550762361855,100.0
1610,0,47.06082986785217,47.06082986785217,100.0
1610,1,38.52735660246158,38.52735660246158,100.0
1610,2,14.411813529686244,14.411813529686244,100.0
1620,0,42.568724730238834,42.568724730238834,100.0
1620,1,19.87434510204808,19.87434510204808,100.0
1620,2,37.556930167713084,37.556930167713084,100.0
1630,0,21.074735229132475,21.074735229132475,100.0
1630,1,18.175055616992967,18.175055616992967,100.0
1630,2,60.75020915387456,60.75020915387456,100.0
1640,0,56.45991700287877,56.45991700287877,100.0
1640,1,32.13573877326189,32.13573877326189,100.0
1640,2,11.404344223859344,11.404344223859344,100.0
1650,0,17.167553782371215,17.167553782371215,100.0
1650,1,12.718802910637155,12.718802910637155,100.0
1650,2,70.11364330699162,70.11364330699162,100.0
1660,0,17.277044634445563,17.277044634445563,100.0
1660,1,44.39282763472349,44.39282763472349,100.0
1660,2,38.330127730830945,38.330127730830945,100.0
1670,0,16.911360116597656,16.911360116597656,100.0
1670,1,45.65106057335038,45.65106057335038,100.0
1670,2,37.43757931005196,37.43757931005196,100.0
1680,0,11.11335671542699,11.11335671542699,100.0
1680,1,70.76373584450363,70.76373584450363,100.0
1680,2,18.12290744006938,18.12290744006938,100.0
1690,0,44.733663157177965,44.733663157177965,100.0
1690,1,40.19138399972621,40.19138399972621,100.0
1690,2,15.07495284309583,15.07495284309583,100.0
1700,0,27.811247285402217,27.811247285402217,100.0
1700,1,31.793006012844515,31.793006012844515,100.0
1700,2,40.39574670175327,40.39574670175327,100.0
1710,0,11.379879071499186,11.379879071499186,100.0
1710,1,14.643624989022141,14.643624989022141,100.0
1710,2,73.97649593947867,73.97649593947867,100.0
1720,0,11.152525764646343,11.152525764646343,100.0
1720,1,36.57359541657193,36.57359541657193,100.0
1720,2,52.273878818781725,52.273878818781725,100.0
1730,0,40.78458362226884,40.78458362226884,100.0
1730,1,25.120099382017596,25.120099382017596,100.0
1730,2,34.09531699571356,34.09531699571356,100.0
1740,0,37.35902890607955,37.35902890607955,100.0
1740,1,31.698979565630903,31.698979565630903,100.0
1740,2,30.941991528289552,30.941991528289552,100.0
1750,0,22.351785823000025,22.351785823000025,100.0
1750,1,53.097752693491415,53.097752693491415,100.0
1750,2,24.550461483508563,24.550461483508563,100.0
1760,0,14.851297431875764,14.851297431875764,100.0
1760,1,45.855427163681405,45.855427163681405,100.0
1760,2,39.29327540444283,39.29327540444283,100.0
1770,0,13.22704617029587,13.22704617029587,100.0
1770,1,13.13557443418657,13.13557443418657,100.0
1770,2,73.63737939551757,73.63737939551757,100.0
1780,0,23.236589546756406,23.236589546756406,100.0
1780,1,47.33515096394149,47.33515096394149,100.0
1780,2,29.428259489302118,29.428259489302118,100.0
1790,0,52.50588956302605,52.50588956302605,100.0
1790,1,25.617411313510384,25.617411313510384,100.0
1790,2,21.87669912346356,21.87669912346356,100.0
1800,0,21.390700815999054,21.390700815999054,100.0
1800,1,26.725652211547988,26.725652211547988,100.0
1800,2,51.883646972452965,51.883646972452965,100.0
1810,0,42.440860144790946,42.440860144790946,100.0
1810,1,39.47004154964138,39.47004154964138,100.0
1810,2,18.08909830556767,18.08909830556767,100.0
1820,0,41.04905912153153,41.04905912153153,100.0
1820,1,19.00247686011992,19.00247686011992,100.0
1820,2,39.94846401834856,39.94846401834856,100.0
1830,0,11.32883727446002,11.32883727446002,100.0
1830,1,11.20688560050835,11.20688560050835,100.0
1830,2,77.46427712503163,77.46427712503163,100.0
1840,0,58.105118095585965,58.105118095585965,100.0
1840,1,19.084220563597704,19.084220563597704,100.0
1840,2,22.81066134081634,22.81066134081634,100.0
1850,0,44.468478378530904,44.468478378530904,100.0
1850,1,13.809939650427161,13.809939650427161,100.0
1850,2,41.72158197104193,41.72158197104193,100.0
1860,0,49.60920441042093,49.60920441042093,100.0
1860,1,35.42418145610103,35.42418145610103,100.0
1860,2,14.966614133478048,14.966614133478048,100.0
1870,0,23.713047672668914,23.713047672668914,100.0
1870,1,18.28397262908213,18.28397262908213,100.0
1870,2,58.00297969824896,58.00297969824896,100.0
1880,0,39.292773845933375,39.292773845933375,100.0
1880,1,42.75726384386007,42.75726384386007,100.0
1880,2,17.949962310206555,17.949962310206555,100.0
1890,0,12.897023931602417,12.897023931602417,100.0
1890,1,16.43286941943139,16.43286941943139,100.0
1890,2,70.6701066489662,70.6701066489662,100.0
1900,0,36.83732771970285,36.83732771970285,100.0
1900,1,21.90086849846434,21.90086849846434,100.0
1900,2,41.2618037818328,41.2618037818328,100.0
1910,0,17.483286492935772,17.483286492935772,100.0
1910,1,22.831167035792802,22.831167035792802,100.0
1910,2,59.68554647127144,59.68554647127144,100.0
1920,0,46.452031749975916,46.452031749975916,100.0
1920,1,40.31465976636726,40.31465976636726,100.0
1920,2,13.233308483656824,13.233308483656824,100.0
1930,0,37.40544165924065,37.40544165924065,100.0
1930,1,19.089423892407787,19.089423892407787,100.0
1930,2,43.505134448351555,43.505134448351555,100.0
1940,0,66.3423233356871,66.3423233356871,100.0
1940,1,17.83348672024576,17.83348672024576,100.0
1940,2,15.824189944067149,15.824189944067149,100.0
1950,0,11.802628007790936,11.802628007790936,100.0
1950,1,12.516418446365037,12.516418446365037,100.0
1950,2,75.68095354584403,75.68095354584403,100.0
1960,0,20.384628948734804,20.384628948734804,100.0
1960,1,56.47896383810761,56.47896383810761,100.0
1960,2,23.136407213157586,23.136407213157586,100.0
1970,0,34.99435511711212,34.99435511711212,100.0
1970,1,35.60426511840257,35.60426511840257,100.0
1970,2,29.40137976448531,29.40137976448531,100.0
1980,0,19.72390835533524,19.72390835533524,100.0
1980,1,69.05402990458322,69.05402990458322,100.0
1980,2,11.222061740081552,11.222061740081552,100.0
1990,0,39.40733318011203,39.40733318011203,100.0
1990,1,16.660958660616394,16.660958660616394,100.0
1990,2,43.93170815927158,43.93170815927158,100.0
2000,0,57.62398256926292,57.62398256926292,100.0
2000,1,20.408242988414262,20.408242988414262,100.0
2000,2,21.967774442322824,21.967774442322824,100.0
2010,0,15.664303932544943,15.664303932544943,100.0
2010,1,16.06936570038587,16.06936570038587,100.0
2010,2,68.2663303670692,68.2663303670692,100.0
2020,0,14.248381195563914,14.248381195563914,100.0
2020,1,45.84786427821895,45.84786427821895,100.0
2020,2,39.90375452621714,39.90375452621714,100.0
2030,0,44.354212161484256,44.354212161484256,100.0
2030,1,27.803304149852426,27.803304149852426,100.0
2030,2,27.84248368866332,27.84248368866332,100.0
2040,0,65.33670640886331,65.33670640886331,100.0
2040,1,22.46494785347755,22.46494785347755,100.0
2040,2,12.198345737659144,12.198345737659144,100.0
2050,0,31.223412928162347,31.223412928162347,100.0
2050,1,45.88553247242584,45.88553247242584,100.0
2050,2,22.89105459941182,22.89105459941182,100.0
2060,0,12.387749929802014,12.387749929802014,100.0
2060,1,24.399440443584023,24.399440443584023,100.0
2060,2,63.21280962661396,63.21280962661396,100.0
2070,0,13.88438977338568,13.88438977338568,100.0
2070,1,15.362529873954669,15.362529873954669,100.0
2070,2,70.75308035265965,70.75308035265965,100.0
2080,0,48.35299240544806,48.35299240544806,100.0
2080,1,24.036457497263658,24.036457497263658,100.0
2080,2,27.610550097288282,27.610550097288282,100.0
2090,0,45.89346859880805,45.89346859880805,100.0
2090,1,29.08845268188539,29.08845268188539,100.0
2090,2,25.018078719306562,25.018078719306562,100.0
2100,0,24.111115113221732,24.111115113221732,100.0
2100,1,54.425141723051404,54.425141723051404,100.0
2100,2,21.463743163726868,21.463743163726868,100.0
2110,0,23.190533830795264,23.190533830795264,100.0
2110,1,56.43375626702971,56.43375626702971,100.0
2110,2,20.37570990217502,20.37570990217502,100.0
2120,0,28.86579036180586,28.86579036180586,100.0
2120,1,20.22450661317457,20.22450661317457,100.0
2120,2,50.90970302501957,50.90970302501957,100.0
2130,0,12.822858594527304,12.822858594527304,100.0
2130,1,12.38340009877645,12.38340009877645,100.0
2130,2,74.79374130669625,74.79374130669625,100.0
2140,0,51.682574627993446,51.682574627993446,100.0
2140,1,23.565883862029118,23.565883862029118,100.0
2140,2,24.75154150997744,24.75154150997744,100.0
2150,0,46.18514795602456,46.18514795602456,100.0
2150,1,45.81890422567777,45.81890422567777,100.0
2150,2,7.995947818297678,7.995947818297678,100.0
2160,0,16.966720537958707,16.966720537958707,100.0
2160,1,62.88842621500371,62.88842621500371,100.0
2160,2,20.14485324703758,20.14485324703758,100.0
2170,0,48.06061629815866,48.06061629815866,100.0
2170,1,29.24834431813804,29.24834431813804,100.0
2170,2,22.691039383703295,22.691039383703295,100.0
2180,0,28.163095430948065,28.163095430948065,100.0
2180,1,43.67283718223025,43.67283718223025,100.0
2180,2,28.164067386821678,28.164067386821678,100.0
2190,0,16.085078886596712,16.085078886596712,100.0
2190,1,14.344238008424167,14.344238008424167,100.0
2190,2,69.57068310497912,69.57068310497912,100.0
2200,0,36.72690225618565,36.72690225618565,100.0
2200,1,12.390997733655578,12.390997733655578,100.0
2200,2,50.88210001015877,50.88210001015877,100.0
2210,0,12.73376617043198,12.73376617043198,100.0
2210,1,39.35445703954167,39.35445703954167,100.0
2210,2,47.91177679002636,47.91177679002636,100.0
2220,0,48.937234660918996,48.937234660918996,100.0
2220,1,19.160589716204356,19.160589716204356,100.0
2220,2,31.902175622876662,31.902175622876662,100.0
2230,0,17.860050467905143,17.860050467905143,100.0
2230,1,58.09630636964004,58.09630636964004,100.0
2230,2,24.043643162454813,24.043643162454813,100.0
2240,0,27.551911272695545,27.551911272695545,100.0
2240,1,38.517214260977994,38.517214260977994,100.0
2240,2,33.93087446632646,33.93087446632646,100.0
2250,0,11.617063410439519,11.617063410439519,100.0
2250,1,13.163205423791027,13.163205423791027,100.0
2250,2,75.21973116576946,75.21973116576946,100.0
2260,0,53.42698812406724,53.42698812406724,100.0
2260,1,30.863296726472207,30.863296726472207,100.0
2260,2,15.709715149460562,15.709715149460562,100.0
2270,0,14.369999145270127,14.369999145270127,100.0
2270,1,19.205957276660467,19.205957276660467,100.0
2270,2,66.42404357806942,66.42404357806942,100.0
2280,0,28.741162758258515,28.741162758258515,100.0
2280,1,52.70643308907442,52.70643308907442,100.0
2280,2,18.552404152667066,18.552404152667066,100.0
2290,0,24.232327121136322,24.232327121136322,100.0
2290,1,60.70327774794261,60.70327774794261,100.0
2290,2,15.064395130921074,15.064395130921074,100.0
2300,0,33.09612866079411,33.09612866079411,100.0
2300,1,34.932875486127614,34.932875486127614,100.0
2300,2,31.970995853078282,31.970995853078282,100.0
2310,0,16.461106837647954,16.461106837647954,100.0
2310,1,16.796359810859215,16.796359810859215,100.0
2310,2,66.74253335149284,66.74253335149284,100.0
2320,0,47.80330512960862,47.80330512960862,100.0
2320,1,9.52009779230917,9.52009779230917,100.0
2320,2,42.67659707808221,42.67659707808221,100.0
2330,0,19.33455085957734,19.33455085957734,100.0
2330,1,68.2379588328476,68.2379588328476,100.0
2330,2,12.427490307575075,12.427490307575075,100.0
2340,0,15.810402146280559,15.810402146280559,100.0
2340,1,66.81237454051775,66.81237454051775,100.0
2340,2,17.377223313201693,17.377223313201693,100.0
2350,0,48.803424413363445,48.803424413363445,100.0
2350,1,23.671670882912355,23.671670882912355,100.0
2350,2,27.52490470372419,27.52490470372419,100.0
2360,0,65.3280878835335,65.3280878835335,100.0
2360,1,18.821733147814616,18.821733147814616,100.0
2360,2,15.850178968651893,15.850178968651893,100.0
2370,0,11.333698205386291,11.333698205386291,100.0
2370,1,11.68371329289225,11.68371329289225,100.0
2370,2,76.98258850172147,76.98258850172147,100.0
2380,0,39.20698083150684,39.20698083150684,100.0
2380,1,15.207823414830637,15.207823414830637,100.0
2380,2,45.585195753662525,45.585195753662525,100.0
2390,0,50.49370640621601,50.49370640621601,100.0
2390,1,21.463354519234397,21.463354519234397,100.0
2390,2,28.0429390745496,28.0429390745496,100.0
2400,0,33.17940553609628,33.17940553609628,100.0
2400,1,52.84769076421886,52.84769076421886,100.0
2400,2,13.972903699684863,13.972903699684863,100.0
2410,0,11.242110257022157,11.242110257022157,100.0
2410,1,19.090991757350114,19.090991757350114,100.0
2410,2,69.66689798562773,69.66689798562773,100.0
2420,0,24.926042757929526,24.926042757929526,100.0
2420,1,60.17188913230627,60.17188913230627,100.0
2420,2,14.90206810976421,14.90206810976421,100.0
2430,0,9.844036618196128,9.844036618196128,100.0
2430,1,44.096337832432546,44.096337832432546,100.0
2430,2,46.05962554937133,46.05962554937133,100.0
2440,0,64.29909191025214,64.29909191025214,100.0
2440,1,16.84684897456617,16.84684897456617,100.0
2440,2,18.85405911518168,18.85405911518168,100.0
2450,0,13.002251855447414,13.002251855447414,100.0
2450,1,74.70972514806333,74.70972514806333,100.0
2450,2,12.288022996489262,12.288022996489262,100.0
2460,0,43.147344089243944,43.147344089243944,100.0
2460,1,34.743343237869105,34.743343237869105,100.0
2460,2,22.10931267288695,22.10931267288695,100.0
2470,0,31.038698355900557,31.038698355900557,100.0
2470,1,32.91423931993237,32.91423931993237,100.0
2470,2,36.047062324167065,36.047062324167065,100.0
2480,0,21.587581140433613,21.587581140433613,100.0
2480,1,35.3671551740868,35.3671551740868,100.0
2480,2,43.045263685479604,43.045263685479604,100.0
2490,0,12.90294684129065,12.90294684129065,100.0
2490,1,30.55230451808767,30.55230451808767,100.0
2490,2,56.54474864062168,56.54474864062168,100.0
2500,0,38.46515157068998,38.46515157068998,100.0
2500,1,15.55647537710055,15.55647537710055,100.0
2500,2,45.97837305220947,45.97837305220947,100.0
2510,0,56.037133112698044,56.037133112698044,100.0
2510,1,31.393023785056016,31.393023785056016,100.0
2510,2,12.569843102245926,12.569843102245926,100.0
2520,0,58.36621905704199,58.36621905704199,100.0
2520,1,29.026895178638433,29.026895178638433,100.0
2520,2,12.606885764319573,12.606885764319573,100.0
2530,0,56.652641271666184,56.652641271666184,100.0
2530,1,26.386955253312514,26.386955253312514,100.0
2530,2,16.960403475021316,16.960403475021316,100.0
2540,0,25.890634876496442,25.890634876496442,100.0
2540,1,32.33013549182163,32.33013549182163,100.0
2540,2,41.77922963168192,41.77922963168192,100.0
2550,0,13.122054050138225,13.122054050138225,100.0
2550,1,16.53861843897152,16.53861843897152,100.0
2550,2,70.33932751089026,70.33932751089026,100.0
2560,0,48.792582668797166,48.792582668797166,100.0
2560,1,15.699924115300357,15.699924115300357,100.0
2560,2,35.50749321590248,35.50749321590248,100.0
2570,0,32.91151969296395,32.91151969296395,100.0
2570,1,27.850548610825665,27.850548610825665,100.0
2570,2,39.237931696210374,39.237931696210374,100.0
2580,0,36.26949540112485,36.26949540112485,100.0
2580,1,29.54532953473344,29.54532953473344,100.0
2580,2,34.18517506414171,34.18517506414171,100.0
2590,0,22.304538091108906,22.304538091108906,100.0
2590,1,49.81362381205655,49.81362381205655,100.0
2590,2,27.881838096834542,27.881838096834542,100.0
2600,0,41.197263755432054,41.197263755432054,100.0
2600,1,39.156682586218444,39.156682586218444,100.0
2600,2,19.64605365834949,19.64605365834949,100.0
2610,0,10.329882499611735,10.329882499611735,100.0
2610,1,17.10276548712664,17.10276548712664,100.0
2610,2,72.56735201326163,72.56735201326163,100.0
2620,0,38.60210371234759,38.60210371234759,100.0
2620,1,38.09608416561242,38.09608416561242,100.0
2620,2,23.30181212203999,23.30181212203999,100.0
2630,0,21.710887845634016,21.710887845634016,100.0
2630,1,57.872363241576565,57.872363241576565,100.0
2630,2,20.41674891278943,20.41674891278943,100.0
2640,0,30.194487462333548,30.194487462333548,100.0
2640,1,16.76319177419741,16.76319177419741,100.0
2640,2,53.04232076346905,53.04232076346905,100.0
2650,0,37.04198172262533,37.04198172262533,100.0
2650,1,28.812801630446078,28.812801630446078,100.0
2650,2,34.14521664692859,34.14521664692859,100.0
2660,0,15.914386472808559,15.914386472808559,100.0
2660,1,13.557403632705547,13.557403632705547,100.0
2660,2,70.5282098944859,70.5282098944859,100.0
2670,0,17.094381569556187,17.094381569556187,100.0
2670,1,22.193109579998666,22.193109579998666,100.0
2670,2,60.71250885044515,60.71250885044515,100.0
2680,0,21.30104513810234,21.30104513810234,100.0
2680,1,25.139872067659187,25.139872067659187,100.0
2680,2,53.55908279423848,53.55908279423848,100.0
2690,0,43.679182454205176,43.679182454205176,100.0
2690,1,7.93075045782895,7.93075045782895,100.0
2690,2,48.39006708796588,48.39006708796588,100.0
2700,0,42.291917586189406,42.291917586189406,100.0
2700,1,28.741228460591344,28.741228460591344,100.0
2700,2,28.966853953219264,28.966853953219264,100.0
2710,0,17.98321190513298,17.98321190513298,100.0
2710,1,39.57350248579648,39.57350248579648,100.0
2710,2,42.44328560907054,42.44328560907054,100.0
2720,0,16.338798335371855,16.338798335371855,100.0
2720,1,45.01494603370765,45.01494603370765,100.0
2720,2,38.64625563092049,38.64625563092049,100.0
2730,0,13.286459008419053,13.286459008419053,100.0
2730,1,16.49626480965486,16.49626480965486,100.0
2730,2,70.2172761819261,70.2172761819261,100.0
2740,0,30.708619359536556,30.708619359536556,100.0
2740,1,27.340905124859276,27.340905124859276,100.0
2740,2,41.950475515604175,41.950475515604175,100.0
2750,0,27.35312763895306,27.35312763895306,100.0
2750,1,39.134882127337775,39.134882127337775,100.0
2750,2,33.51199023370918,33.51199023370918,100.0
2760,0,48.50301293783344,48.50301293783344,100.0
2760,1,22.991800337489092,22.991800337489092,100.0
2760,2,28.50518672467746,28.50518672467746,100.0
2770,0,18.792702540080388,18.792702540080388,100.0
2770,1,63.18929882590675,63.18929882590675,100.0
2770,2,18.017998634012862,18.017998634012862,100.0
2780,0,39.660395214319855,39.660395214319855,100.0
2780,1,42.600490079718206,42.600490079718206,100.0
2780,2,17.73911470596195,17.73911470596195,100.0
2790,0,11.000972499012516,11.000972499012516,100.0
2790,1,13.012152177858082,13.012152177858082,100.0
2790,2,75.98687532312941,75.98687532312941,100.0
2800,0,53.43884425620161,53.43884425620161,100.0
2800,1,30.736328759533375,30.736328759533375,100.0
2800,2,15.82482698426501,15.82482698426501,100.0
2810,0,15.327940530434752,15.327940530434752,100.0
2810,1,48.95365869540473,48.95365869540473,100.0
2810,2,35.71840077416052,35.71840077416052,100.0
2820,0,12.25677073279063,12.25677073279063,100.0
2820,1,62.66882209838065,62.66882209838065,100.0
2820,2,25.074407168828717,25.074407168828717,100.0
2830,0,36.30689634839314,36.30689634839314,100.0
2830,1,23.805130184714855,23.805130184714855,100.0
2830,2,39.88797346689201,39.88797346689201,100.0
2840,0,58.94306623769925,58.94306623769925,100.0
2840,1,23.859247755619307,23.859247755619307,100.0
2840,2,17.19768600668145,17.19768600668145,100.0
2850,0,11.585018264167411,11.585018264167411,100.0
2850,1,26.019481188248395,26.019481188248395,100.0
2850,2,62.39550054758419,62.39550054758419,100.0
2860,0,40.037173954528825,40.037173954528825,100.0
2860,1,25.949765755799525,25.949765755799525,100.0
2860,2,34.01306028967165,34.01306028967165,100.0
2870,0,24.44774899281099,24.44774899281099,100.0
2870,1,61.12642153518068,61.12642153518068,100.0
2870,2,14.425829472008326,14.425829472008326,100.0
2880,0,21.42679052244752,21.42679052244752,100.0
2880,1,22.327790990739445,22.327790990739445,100.0
2880,2,56.24541848681304,56.24541848681304,100.0
2890,0,44.54408539099979,44.54408539099979,100.0
2890,1,39.89564162470733,39.89564162470733,100.0
2890,2,15.560272984292892,15.560272984292892,100.0
2900,0,50.92835608216356,50.92835608216356,100.0
2900,1,13.190658646328998,13.190658646328998,100.0
2900,2,35.880985271507434,35.880985271507434,100.0
2910,0,23.68702260962523,23.68702260962523,100.0
2910,1,31.064659575350202,31.064659575350202,100.0
2910,2,45.24831781502457,45.24831781502457,100.0
2920,0,17.707811753170436,17.707811753170436,100.0
2920,1,43.93969296198548,43.93969296198548,100.0
2920,2,38.35249528484408,38.35249528484408,100.0
2930,0,62.005737147456905,62.005737147456905,100.0
2930,1,21.796822185319126,21.796822185319126,100.0
2930,2,16.197440667223965,16.197440667223965,100.0
2940,0,15.0695517522403,15.0695517522403,100.0
2940,1,59.96775272523258,59.96775272523258,100.0
2940,2,24.962695522527127,24.962695522527127,100.0
2950,0,22.494207335832492,22.494207335832492,100.0
2950,1,61.991436089079166,61.991436089079166,100.0
2950,2,15.514356575088344,15.514356575088344,100.0
2960,0,66.5452108758933,66.5452108758933,100.0
2960,1,19.58558821151222,19.58558821151222,100.0
2960,2,13.86920091259447,13.86920091259447,100.0
2970,0,17.664221450155193,17.664221450155193,100.0
2970,1,20.792988103006255,20.792988103006255,100.0
2970,2,61.542790446838545,61.542790446838545,100.0
2980,0,26.119532285561707,26.119532285561707,100.0
2980,1,59.99374722740905,59.99374722740905,100.0
2980,2,13.886720487029244,13.886720487029244,100.0
2990,0,27.559843731813405,27.559843731813405,100.0
2990,1,15.423275583811558,15.423275583811558,100.0
2990,2,57.01688068437504,57.01688068437504,100.0
3000,0,18.282209777000606,18.282209777000606,100.0
3000,1,53.74764004319815,53.74764004319815,100.0
3000,2,27.970150179801234,27.970150179801234,100.0
3010,0,54.48893669677036,54.48893669677036,100.0
3010,1,15.904122618468008,15.904122618468008,100.0
3010,2,29.606940684761625,29.606940684761625,100.0
3020,0,29.92671780476584,29.92671780476584,100.0
3020,1,38.86289960743585,38.86289960743585,100.0
3020,2,31.210382587798303,31.210382587798303,100.0
3030,0,12.477366860409491,12.477366860409491,100.0
3030,1,12.183682555197267,12.183682555197267,100.0
3030,2,75.33895058439325,75.33895058439325,100.0
3040,0,42.316524416261025,42.316524416261025,100.0
3040,1,16.303187373463498,16.303187373463498,100.0
3040,2,41.38028821027548,41.38028821027548,100.0
3050,0,69.81599677752664,69.81599677752664,100.0
3050,1,12.342295758770563,12.342295758770563,100.0
3050,2,17.841707463702804,17.841707463702804,100.0
3060,0,13.650557611894222,13.650557611894222,100.0
3060,1,69.74698343710703,69.74698343710703,100.0
3060,2,16.60245895099875,16.60245895099875,100.0
3070,0,28.64577792389533,28.64577792389533,100.0
3070,1,41.11827802870636,41.11827802870636,100.0
3070,2,30.235944047398316,30.235944047398316,100.0
3080,0,40.694296224927974,40.694296224927974,100.0
3080,1,36.616277738556974,36.616277738556974,100.0
3080,2,22.689426036515055,22.689426036515055,100.0
3090,0,17.31351287598874,17.31351287598874,100.0
3090,1,18.03356728915711,18.03356728915711,100.0
3090,2,64.65291983485415,64.65291983485415,100.0
3100,0,44.05103907999902,44.05103907999902,100.0
3100,1,27.441410986369668,27.441410986369668,100.0
3100,2,28.507549933631328,28.507549933631328,100.0
3110,0,16.255841648342496,16.255841648342496,100.0
3110,1,25.701883368635052,25.701883368635052,100.0
3110,2,58.042274983022445,58.042274983022445,100.0
3120,0,30.607800818898784,30.607800818898784,100.0
3120,1,21.990095185363597,21.990095185363597,100.0
3120,2,47.40210399573762,47.40210399573762,100.0
3130,0,25.65157226016712,25.65157226016712,100.0
3130,1,37.814173540262395,37.814173540262395,100.0
3130,2,36.53425419957049,36.53425419957049,100.0
3140,0,20.381061001895663,20.381061001895663,100.0
3140,1,22.600235219674005,22.600235219674005,100.0
3140,2,57.018703778430336,57.018703778430336,100.0
3150,0,8.982488948543004,8.982488948543004,100.0
3150,1,33.90650253663723,33.90650253663723,100.0
3150,2,57.11100851481976,57.11100851481976,100.0
3160,0,18.638509081366625,18.638509081366625,100.0
3160,1,62.235028456312605,62.235028456312605,100.0
3160,2,19.126462462320774,19.126462462320774,100.0
3170,0,26.262565710883923,26.262565710883923,100.0
3170,1,48.497224409746764,48.497224409746764,100.0
3170,2,25.240209879369317,25.240209879369317,100.0
3180,0,30.286446530278027,30.286446530278027,100.0
3180,1,38.202370096816004,38.202370096816004,100.0
3180,2,31.51118337290596,31.51118337290596,100.0
3190,0,27.055436751387056,27.055436751387056,100.0
3190,1,48.97659416233511,48.97659416233511,100.0
3190,2,23.96796908627784,23.96796908627784,100.0
3200,0,11.09474656021363,11.09474656021363,100.0
3200,1,22.640909194255265,22.640909194255265,100.0
3200,2,66.2643442455311,66.2643442455311,100.0
3210,0,12.325529440666775,12.325529440666775,100.0
3210,1,13.105294980731305,13.105294980731305,100.0
3210,2,74.56917557860191,74.56917557860191,100.0
3220,0,34.90478074424197,34.90478074424197,100.0
3220,1,31.687795267903084,31.687795267903084,100.0
3220,2,33.40742398785495,33.40742398785495,100.0
3230,0,25.185999367491902,25.185999367491902,100.0
3230,1,43.19589473395416,43.19589473395416,100.0
3230,2,31.618105898553928,31.618105898553928,100.0
3240,0,36.067890892793095,36.067890892793095,100.0
3240,1,46.895978097441954,46.895978097441954,100.0
3240,2,17.036131009764965,17.036131009764965,100.0
3250,0,33.34689534939951,33.34689534939951,100.0
3250,1,34.332345308545854,34.332345308545854,100.0
3250,2,32.320759342054636,32.320759342054636,100.0
3260,0,28.95163390537413,28.95163390537413,100.0
3260,1,28.65510145697618,28.65510145697618,100.0
3260,2,42.39326463764969,42.39326463764969,100.0
3270,0,15.618493001542236,15.618493001542236,100.0
3270,1,17.934905961484464,17.934905961484464,100.0
3270,2,66.4466010369733,66.4466010369733,100.0
3280,0,34.267196854297026,34.267196854297026,100.0
3280,1,37.22611612970406,37.22611612970406,100.0
3280,2,28.506687015998907,28.506687015998907,100.0
3290,0,19.85960808685745,19.85960808685745,100.0
3290,1,61.75777261017923,61.75777261017923,100.0
3290,2,18.382619302963313,18.382619302963313,100.0
3300,0,27.447141956698324,27.447141956698324,100.0
3300,1,22.39588772093068,22.39588772093068,100.0
3300,2,50.156970322370995,50.156970322370995,100.0
3310,0,31.484005091161976,31.484005091161976,100.0
3310,1,34.67191163899255,34.67191163899255,100.0
3310,2,33.84408326984547,33.84408326984547,100.0
3320,0,20.025009502215635,20.025009502215635,100.0
3320,1,28.26803719228568,28.26803719228568,100.0
3320,2,51.70695330549869,51.70695330549869,100.0
3330,0,12.26461741072925,12.26461741072925,100.0
3330,1,11.596808529105914,11.596808529105914,100.0
3330,2,76.13857406016484,76.13857406016484,100.0
3340,0,38.378296840396665,38.378296840396665,100.0
3340,1,32.40483973700932,32.40483973700932,100.0
3340,2,29.21686342259403,29.21686342259403,100.0
3350,0,37.41771419139279,37.41771419139279,100.0
3350,1,25.023943769858214,25.023943769858214,100.0
3350,2,37.558342038749,37.558342038749,100.0
3360,0,73.44475573336572,73.44475573336572,100.0
3360,1,13.807468003723185,13.807468003723185,100.0
3360,2,12.747776262911103,12.747776262911103,100.0
3370,0,56.69175029065606,56.69175029065606,100.0
3370,1,8.714017177847566,8.714017177847566,100.0
3370,2,34.594232531496374,34.594232531496374,100.0
3380,0,69.96618255136018,69.96618255136018,100.0
3380,1,18.897673622597118,18.897673622597118,100.0
3380,2,11.136143826042705,11.136143826042705,100.0
3390,0,12.305316756952784,12.305316756952784,100.0
3390,1,11.76542308624882,11.76542308624882,100.0
3390,2,75.92926015679839,75.92926015679839,100.0
3400,0,27.019639494809017,27.019639494809017,100.0
3400,1,34.886001492031575,34.886001492031575,100.0
3400,2,38.094359013159405,38.094359013159405,100.0
3410,0,36.80520118959502,36.80520118959502,100.0
3410,1,47.03130977573972,47.03130977573972,100.0
3410,2,16.163489034665268,16.163489034665268,100.0
3420,0,48.83115808004754,48.83115808004754,100.0
3420,1,31.54376319747374,31.54376319747374,100.0
3420,2,19.62507872247872,19.62507872247872,100.0
3430,0,21.96255947460905,21.96255947460905,100.0
3430,1,23.86476543527305,23.86476543527305,100.0
3430,2,54.172675090117906,54.172675090117906,100.0
3440,0,30.208710146211253,30.208710146211253,100.0
3440,1,41.311705495989834,41.311705495989834,100.0
3440,2,28.47958435779892,28.47958435779892,100.0
3450,0,11.540749601705667,11.540749601705667,100.0
3450,1,16.823140086753416,16.823140086753416,100.0
3450,2,71.63611031154092,71.63611031154092,100.0
3460,0,26.16194754147636,26.16194754147636,100.0
3460,1,57.453889262549175,57.453889262549175,100.0
3460,2,16.384163195974462,16.384163195974462,100.0
3470,0,32.05697672376513,32.05697672376513,100.0
3470,1,52.43605992145069,52.43605992145069,100.0
3470,2,15.50696335478417,15.50696335478417,100.0
3480,0,28.444533007962292,28.444533007962292,100.0
3480,1,56.614570861951854,56.614570861951854,100.0
3480,2,14.940896130085852,14.940896130085852,100.0
3490,0,12.259065876143634,12.259065876143634,100.0
3490,1,67.57300246788547,67.57300246788547,100.0
3490,2,20.167931655970904,20.167931655970904,100.0
3500,0,17.448693614527905,17.448693614527905,100.0
3500,1,65.1996113647168,65.1996113647168,100.0
3500,2,17.351695020755297,17.351695020755297,100.0
3510,0,35.22955503715728,35.22955503715728,100.0
3510,1,34.0761172150557,34.0761172150557,100.0
3510,2,30.69432774778701,30.69432774778701,100.0
3520,0,11.087859864552078,11.087859864552078,100.0
3520,1,38.62275193963332,38.62275193963332,100.0
3520,2,50.2893881958146,50.2893881958146,100.0
3530,0,43.1184058862776,43.1184058862776,100.0
3530,1,10.708877106065188,10.708877106065188,100.0
3530,2,46.172717007657205,46.172717007657205,100.0
3540,0,30.905287672481112,30.905287672481112,100.0
3540,1,30.635913922498215,30.635913922498215,100.0
3540,2,38.45879840502068,38.45879840502068,100.0
3550,0,45.543177355972205,45.543177355972205,100.0
3550,1,35.233982776390484,35.233982776390484,100.0
3550,2,19.222839867637326,19.222839867637326,100.0
3560,0,22.6377882136309,22.6377882136309,100.0
3560,1,39.201611889067436,39.201611889067436,100.0
3560,2,38.16059989730166,38.16059989730166,100.0
3570,0,11.455990926444496,11.455990926444496,100.0
3570,1,19.097028811171604,19.097028811171604,100.0
3570,2,69.44698026238389,69.44698026238389,100.0
3580,0,36.44621972690929,36.44621972690929,100.0
3580,1,37.98713660412088,37.98713660412088,100.0
3580,2,25.566643668969842,25.566643668969842,100.0
3590,0,19.973500832315324,19.973500832315324,100.0
3590,1,29.529558338080914,29.529558338080914,100.0
3590,2,50.496940829603766,50.496940829603766,100.0
3600,0,21.530147067178294,21.530147067178294,100.0
3600,1,25.46732799453839,25.46732799453839,100.0
3600,2,53.002524938283315,53.002524938283315,100.0
3610,0,11.829104604405963,11.829104604405963,100.0
3610,1,42.92701678912318,42.92701678912318,100.0
3610,2,45.24387860647086,45.24387860647086,100.0
3620,0,25.919494019651307,25.919494019651307,100.0
3620,1,33.58988927794514,33.58988927794514,100.0
3620,2,40.49061670240356,40.49061670240356,100.0
3630,0,13.015574601681482,13.015574601681482,100.0
3630,1,16.47192462159936,16.47192462159936,100.0
3630,2,70.51250077671915,70.51250077671915,100.0
3640,0,42.794492767625805,42.794492767625805,100.0
3640,1,32.91106355599514,32.91106355599514,100.0
3640,2,24.29444367637905,24.29444367637905,100.0
3650,0,72.74316365922087,72.74316365922087,100.0
3650,1,14.16600991931418,14.16600991931418,100.0
3650,2,13.090826421464962,13.090826421464962,100.0
3660,0,16.726075395094558,16.726075395094558,100.0
3660,1,30.618724038090093,30.618724038090093,100.0
3660,2,52.65520056681535,52.65520056681535,100.0
3670,0,34.004337048598735,34.004337048598735,100.0
3670,1,37.104414622220084,37.104414622220084,100.0
3670,2,28.89124832918119,28.89124832918119,100.0
3680,0,45.299076130971464,45.299076130971464,100.0
3680,1,29.289383761795694,29.289383761795694,100.0
3680,2,25.411540107232838,25.411540107232838,100.0
3690,0,12.402346707697887,12.402346707697887,100.0
3690,1,20.169721371961586,20.169721371961586,100.0
3690,2,67.42793192034054,67.42793192034054,100.0
3700,0,16.3380789749686,16.3380789749686,100.0
3700,1,53.46049453060885,53.46049453060885,100.0
3700,2,30.201426494422545,30.201426494422545,100.0
3710,0,16.470015430592618,16.470015430592618,100.0
3710,1,63.7492859732191,63.7492859732191,100.0
3710,2,19.78069859618827,19.78069859618827,100.0
3720,0,47.53230284134477,47.53230284134477,100.0
3720,1,18.840099583002072,18.840099583002072,100.0
3720,2,33.62759757565316,33.62759757565316,100.0
3730,0,32.342578895356375,32.342578895356375,100.0
3730,1,24.087247260037856,24.087247260037856,100.0
3730,2,43.570173844605776,43.570173844605776,100.0
3740,0,19.62262309361238,19.62262309361238,100.0
3740,1,51.180459527750656,51.180459527750656,100.0
3740,2,29.196917378636954,29.196917378636954,100.0
3750,0,11.075466213207005,11.075466213207005,100.0
3750,1,15.715217299354526,15.715217299354526,100.0
3750,2,73.20931648743847,73.20931648743847,100.0
3760,0,14.365700237753028,14.365700237753028,100.0
3760,1,72.78843788881227,72.78843788881227,100.0
3760,2,12.84586187343471,12.84586187343471,100.0
3770,0,53.87576770959889,53.87576770959889,100.0
3770,1,32.55687884070457,32.55687884070457,100.0
3770,2,13.56735344969655,13.56735344969655,100.0
3780,0,19.838595188034372,19.838595188034372,100.0
3780,1,24.40463215391933,24.40463215391933,100.0
3780,2,55.756772658046295,55.756772658046295,100.0
3790,0,55.486125808815665,55.486125808815665,100.0
3790,1,15.482818850303223,15.482818850303223,100.0
3790,2,29.031055340881107,29.031055340881107,100.0
3800,0,12.192586184874443,12.192586184874443,100.0
3800,1,68.95233538403326,68.95233538403326,100.0
3800,2,18.85507843109229,18.85507843109229,100.0
3810,0,34.027373599317826,34.027373599317826,100.0
3810,1,33.483646360809644,33.483646360809644,100.0
3810,2,32.48898003987253,32.48898003987253,100.0
3820,0,45.262739133416325,45.262739133416325,100.0
3820,1,11.079566590283465,11.079566590283465,100.0
3820,2,43.657694276300205,43.657694276300205,100.0
3830,0,66.12414019891233,66.12414019891233,100.0
3830,1,17.76925016007968,17.76925016007968,100.0
3830,2,16.106609641007992,16.106609641007992,100.0
3840,0,54.05451880008977,54.05451880008977,100.0
3840,1,32.93795867314338,32.93795867314338,100.0
3840,2,13.007522526766845,13.007522526766845,100.0
3850,0,35.38890677660769,35.38890677660769,100.0
3850,1,26.10008245896735,26.10008245896735,100.0
3850,2,38.51101076442497,38.51101076442497,100.0
3860,0,24.794921957656335,24.794921957656335,100.0
3860,1,46.88247197587511,46.88247197587511,100.0
3860,2,28.322606066468552,28.322606066468552,100.0
3870,0,12.049113820141706,12.049113820141706,100.0
3870,1,12.801831377405346,12.801831377405346,100.0
3870,2,75.14905480245295,75.14905480245295,100.0
3880,0,14.02789534741545,14.02789534741545,100.0
3880,1,23.38995613210236,23.38995613210236,100.0
3880,2,62.58214852048219,62.58214852048219,100.0
3890,0,29.966330544715515,29.966330544715515,100.0
3890,1,44.31468737153345,44.31468737153345,100.0
3890,2,25.71898208375104,25.71898208375104,100.0
3900,0,42.94818638580132,42.94818638580132,100.0
3900,1,11.283364876941219,11.283364876941219,100.0
3900,2,45.76844873725746,45.76844873725746,100.0
3910,0,65.11431639248137,65.11431639248137,100.0
3910,1,14.526741544707287,14.526741544707287,100.0
3910,2,20.358942062811348,20.358942062811348,100.0
3920,0,23.284001184766044,23.284001184766044,100.0
3920,1,36.162826132009364,36.162826132009364,100.0
3920,2,40.553172683224595,40.553172683224595,100.0
3930,0,11.524149380272407,11.524149380272407,100.0
3930,1,13.583506840551681,13.583506840551681,100.0
3930,2,74.8923437791759,74.8923437791759,100.0
3940,0,56.1999226557306,56.1999226557306,100.0
3940,1,14.523156705417936,14.523156705417936,100.0
3940,2,29.276920638851458,29.276920638851458,100.0
3950,0,44.65705737622752,44.65705737622752,100.0
3950,1,32.65014114197421,32.65014114197421,100.0
3950,2,22.69280148179826,22.69280148179826,100.0
3960,0,44.692534217257474,44.692534217257474,100.0
3960,1,13.802387205889794,13.802387205889794,100.0
3960,2,41.50507857685274,41.50507857685274,100.0
3970,0,22.07770939681122,22.07770939681122,100.0
3970,1,23.178834163179808,23.178834163179808,100.0
3970,2,54.74345644000898,54.74345644000898,100.0
3980,0,58.66614427337783,58.66614427337783,100.0
3980,1,18.75142109678093,18.75142109678093,100.0
3980,2,22.582434629841238,22.582434629841238,100.0
3990,0,15.199890453950877,15.199890453950877,100.0
3990,1,14.276671922148019,14.276671922148019,100.0
3990,2,70.5234376239011,70.5234376239011,100.0
4000,0,51.28380035128713,51.28380035128713,100.0
4000,1,9.687022373574562,9.687022373574562,100.0
4000,2,39.02917727513831,39.02917727513831,100.0
4010,0,31.690087267851553,31.690087267851553,100.0
4010,1,18.022861654511157,18.022861654511157,100.0
4010,2,50.28705107763729,50.28705107763729,100.0
4020,0,21.307218622226696,21.307218622226696,100.0
4020,1,40.24803264674573,40.24803264674573,100.0
4020,2,38.44474873102758,38.44474873102758,100.0
4030,0,19.221353531818817,19.221353531818817,100.0
4030,1,21.820373922809086,21.820373922809086,100.0
4030,2,58.958272545372104,58.958272545372104,100.0
4040,0,33.89574800546553,33.89574800546553,100.0
4040,1,33.907166892498566,33.907166892498566,100.0
4040,2,32.19708510203591,32.19708510203591,100.0
4050,0,15.009554384874729,15.009554384874729,100.0
4050,1,11.991740607135222,11.991740607135222,100.0
4050,2,72.99870500799005,72.99870500799005,100.0
4060,0,36.85212299098244,36.85212299098244,100.0
4060,1,35.71952548193952,35.71952548193952,100.0
4060,2,27.428351527078043,27.428351527078043,100.0
4070,0,34.63451283560359,34.63451283560359,100.0
4070,1,43.05176026928708,43.05176026928708,100.0
4070,2,22.31372689510932,22.31372689510932,100.0
4080,0,46.148214262746066,46.148214262746066,100.0
4080,1,10.407428895527863,10.407428895527863,100.0
4080,2,43.44435684172607,43.44435684172607,100.0
4090,0,28.11580123772796,28.11580123772796,100.0
4090,1,24.664574840844374,24.664574840844374,100.0
4090,2,47.219623921427676,47.219623921427676,100.0
4100,0,26.12003278498437,26.12003278498437,100.0
4100,1,15.41876298285726,15.41876298285726,100.0
4100,2,58.46120423215838,58.46120423215838,100.0
4110,0,12.222730935187077,12.222730935187077,100.0
4110,1,12.189808573228996,12.189808573228996,100.0
4110,2,75.58746049158393,75.58746049158393,100.0
4120,0,24.045117060648348,24.045117060648348,100.0
4120,1,46.97345251782994,46.97345251782994,100.0
4120,2,28.98143042152172,28.98143042152172,100.0
4130,0,49.27235099163988,49.27235099163988,100.0
4130,1,26.213837861919714,26.213837861919714,100.0
4130,2,24.513811146440414,24.513811146440414,100.0
4140,0,17.763698665622872,17.763698665622872,100.0
4140,1,55.226502758860526,55.226502758860526,100.0
4140,2,27.00979857551659,27.00979857551659,100.0
4150,0,12.206025758057033,12.206025758057033,100.0
4150,1,73.43231175528757,73.43231175528757,100.0
4150,2,14.361662486655405,14.361662486655405,100.0
4160,0,27.247760890336142,27.247760890336142,100.0
4160,1,15.336729592392468,15.336729592392468,100.0
4160,2,57.4155095172714,57.4155095172714,100.0
4170,0,11.448060355023836,11.448060355023836,100.0
4170,1,11.485255913678907,11.485255913678907,100.0
4170,2,77.06668373129726,77.06668373129726,100.0
4180,0,15.525942454305738,15.525942454305738,100.0
4180,1,41.20564351259688,41.20564351259688,100.0
4180,2,43.268414033097386,43.268414033097386,100.0
4190,0,69.64752094460121,69.64752094460121,100.0
4190,1,13.478074396639697,13.478074396639697,100.0
4190,2,16.874404658759097,16.874404658759097,100.0
4200,0,28.025136478411227,28.025136478411227,100.0
4200,1,41.88287075090032,41.88287075090032,100.0
4200,2,30.091992770688456,30.091992770688456,100.0
4210,0,50.39963433875906,50.39963433875906,100.0
4210,1,11.805556239807181,11.805556239807181,100.0
4210,2,37.79480942143377,37.79480942143377,100.0
4220,0,35.21135234742905,35.21135234742905,100.0
4220,1,43.7721197398451,43.7721197398451,100.0
4220,2,21.016527912725863,21.016527912725863,100.0
4230,0,11.768337353782844,11.768337353782844,100.0
4230,1,17.822861579114242,17.822861579114242,100.0
4230,2,70.40880106710293,70.40880106710293,100.0
4240,0,24.35173141560223,24.35173141560223,100.0
4240,1,25.83076340781733,25.83076340781733,100.0
4240,2,49.81750517658043,49.81750517658043,100.0
4250,0,24.293394989520362,24.293394989520362,100.0
4250,1,18.49587182047451,18.49587182047451,100.0
4250,2,57.210733190005136,57.210733190005136,100.0
4260,0,13.142183121704745,13.142183121704745,100.0
4260,1,47.31435132375045,47.31435132375045,100.0
4260,2,39.54346555454482,39.54346555454482,100.0
4270,0,30.94057349159894,30.94057349159894,100.0
4270,1,50.70604138684451,50.70604138684451,100.0
4270,2,18.35338512155655,18.35338512155655,100.0
4280,0,27.56713000405752,27.56713000405752,100.0
4280,1,54.059150300164625,54.059150300164625,100.0
4280,2,18.37371969577786,18.37371969577786,100.0
4290,0,11.425480944034167,11.425480944034167,100.0
4290,1,11.81420117869789,11.81420117869789,100.0
4290,2,76.76031787726795,76.76031787726795,100.0
4300,0,58.20822551804684,58.20822551804684,100.0
4300,1,24.932425160207373,24.932425160207373,100.0
4300,2,16.859349321745785,16.859349321745785,100.0
4310,0,29.34337301433572,29.34337301433572,100.0
4310,1,35.839165213531274,35.839165213531274,100.0
4310,2,34.817461772133,34.817461772133,100.0
4320,0,52.45775420157922,52.45775420157922,100.0
4320,1,28.679386476801984,28.679386476801984,100.0
4320,2,18.8628593216188,18.8628593216188,100.0
4330,0,37.9023522640591,37.9023522640591,100.0
4330,1,41.06249897720738,41.06249897720738,100.0
4330,2,21.035148758733524,21.035148758733524,100.0
4340,0,36.03630268698396,36.03630268698396,100.0
4340,1,18.19230302343953,18.19230302343953,100.0
4340,2,45.771394289576506,45.771394289576506,100.0
4350,0,11.480959548726199,11.480959548726199,100.0
4350,1,12.292808522959946,12.292808522959946,100.0
4350,2,76.22623192831387,76.22623192831387,100.0
4360,0,37.60223922594295,37.60223922594295,100.0
4360,1,13.529083606917256,13.529083606917256,100.0
4360,2,48.8686771671398,48.8686771671398,100.0
4370,0,33.27033183985815,33.27033183985815,100.0
4370,1,49.7003831993493,49.7003831993493,100.0
4370,2,17.029284960792555,17.029284960792555,100.0
4380,0,27.279276225127074,27.279276225127074,100.0
4380,1,45.630685341558504,45.630685341558504,100.0
4380,2,27.09003843331443,27.09003843331443,100.0
4390,0,42.04529202964297,42.04529202964297,100.0
4390,1,24.184910571027817,24.184910571027817,100.0
4390,2,33.769797399329214,33.769797399329214,100.0
4400,0,12.74498717314016,12.74498717314016,100.0
4400,1,29.885641029110012,29.885641029110012,100.0
4400,2,57.36937179774982,57.36937179774982,100.0
4410,0,11.07947156016414,11.07947156016414,100.0
4410,1,11.463191620520934,11.463191620520934,100.0
4410,2,77.45733681931493,77.45733681931493,100.0
4420,0,49.25150511803494,49.25150511803494,100.0
4420,1,39.92842055502529,39.92842055502529,100.0
4420,2,10.820074326939773,10.820074326939773,100.0
4430,0,26.474000181012723,26.474000181012723,100.0
4430,1,39.913751068042494,39.913751068042494,100.0
4430,2,33.61224875094478,33.61224875094478,100.0
4440,0,32.38451549410265,32.38451549410265,100.0
4440,1,28.87200249723679,28.87200249723679,100.0
4440,2,38.74348200866057,38.74348200866057,100.0
4450,0,42.14735505588833,42.14735505588833,100.0
4450,1,35.2858238150143,35.2858238150143,100.0
4450,2,22.566821129097374,22.566821129097374,100.0
4460,0,20.968241045856644,20.968241045856644,100.0
4460,1,53.501078994719585,53.501078994719585,100.0
4460,2,25.530679959423768,25.530679959423768,100.0
4470,0,13.767619195432577,13.767619195432577,100.0
4470,1,15.061383180216282,15.061383180216282,100.0
4470,2,71.17099762435114,71.17099762435114,100.0
4480,0,16.351596759597673,16.351596759597673,100.0
4480,1,58.5482262990382,58.5482262990382,100.0
4480,2,25.100176941364143,25.100176941364143,100.0
4490,0,22.57334311239813,22.57334311239813,100.0
4490,1,32.328303115987765,32.328303115987765,100.0
4490,2,45.0983537716141,45.0983537716141,100.0
4500,0,54.53157302247963,54.53157302247963,100.0
4500,1,25.074666827504565,25.074666827504565,100.0
4500,2,20.3937601500158,20.3937601500158,100.0
4510,0,55.104596837673284,55.104596837673284,100.0
4510,1,31.112632525186186,31.112632525186186,100.0
4510,2,13.782770637140546,13.782770637140546,100.0
4520,0,31.769299018794822,31.769299018794822,100.0
4520,1,45.7220235517824,45.7220235517824,100.0
4520,2,22.508677429422782,22.508677429422782,100.0
4530,0,10.516511211144564,10.516511211144564,100.0
4530,1,18.28462776837181,18.28462776837181,100.0
4530,2,71.19886102048363,71.19886102048363,100.0
4540,0,50.79941823903889,50.79941823903889,100.0
4540,1,17.04274327572317,17.04274327572317,100.0
4540,2,32.15783848523794,32.15783848523794,100.0
4550,0,33.64526064439232,33.64526064439232,100.0
4550,1,43.00371811591422,43.00371811591422,100.0
4550,2,23.351021239693466,23.351021239693466,100.0
4560,0,47.65366334800166,47.65366334800166,100.0
4560,1,21.133919960430454,21.133919960430454,100.0
4560,2,31.212416691567896,31.212416691567896,100.0
4570,0,43.873062944398505,43.873062944398505,100.0
4570,1,40.359843297219484,40.359843297219484,100.0
4570,2,15.767093758382018,15.767093758382018,100.0
4580,0,31.145532490370353,31.145532490370353,100.0
4580,1,56.656247686106745,56.656247686106745,100.0
4580,2,12.19821982352291,12.19821982352291,100.0
4590,0,11.150522994187138,11.150522994187138,100.0
4590,1,19.518442819917283,19.518442819917283,100.0
4590,2,69.33103418589558,69.33103418589558,100.0
4600,0,27.092095389528076,27.092095389528076,100.0
4600,1,42.655597945776655,42.655597945776655,100.0
4600,2,30.25230666469526,30.25230666469526,100.0
4610,0,36.00239618951434,36.00239618951434,100.0
4610,1,28.07424044999724,28.07424044999724,100.0
4610,2,35.923363360488416,35.923363360488416,100.0
4620,0,12.077364674350266,12.077364674350266,100.0
4620,1,47.443917776668776,47.443917776668776,100.0
4620,2,40.47871754898097,40.47871754898097,100.0
4630,0,28.62009145849299,28.62009145849299,100.0
4630,1,56.12568695495703,56.12568695495703,100.0
4630,2,15.254221586549976,15.254221586549976,100.0
4640,0,43.72785359992934,43.72785359992934,100.0
4640,1,35.50244476894747,35.50244476894747,100.0
4640,2,20.76970163112319,20.76970163112319,100.0
4650,0,16.00119495613815,16.00119495613815,100.0
4650,1,20.98224251081435,20.98224251081435,100.0
4650,2,63.016562533047505,63.016562533047505,100.0
4660,0,45.224082650997296,45.224082650997296,100.0
4660,1,40.72640445199481,40.72640445199481,100.0
4660,2,14.049512897007906,14.049512897007906,100.0
4670,0,24.624502550293577,24.624502550293577,100.0
4670,1,15.027898661493062,15.027898661493062,100.0
4670,2,60.34759878821336,60.34759878821336,100.0
4680,0,25.24055186053385,25.24055186053385,100.0
4680,1,29.91436289454906,29.91436289454906,100.0
4680,2,44.84508524491708,44.84508524491708,100.0
4690,0,29.856211423370212,29.856211423370212,100.0
4690,1,17.88837509277504,17.88837509277504,100.0
4690,2,52.25541348385476,52.25541348385476,100.0
4700,0,17.45162579649416,17.45162579649416,100.0
4700,1,60.37715945480243,60.37715945480243,100.0
4700,2,22.171214748703413,22.171214748703413,100.0
4710,0,22.07208534538604,22.07208534538604,100.0
4710,1,23.41632060638135,23.41632060638135,100.0
4710,2,54.51159404823262,54.51159404823262,100.0
4720,0,25.078134536806278,25.078134536806278,100.0
4720,1,50.589180904740374,50.589180904740374,100.0
4720,2,24.33268455845335,24.33268455845335,100.0
4730,0,49.75985532540601,49.75985532540601,100.0
4730,1,30.939743683488825,30.939743683488825,100.0
4730,2,19.300400991105175,19.300400991105175,100.0
4740,0,34.63147598691593,34.63147598691593,100.0
4740,1,23.940952362165095,23.940952362165095,100.0
4740,2,41.42757165091898,41.42757165091898,100.0
4750,0,22.640610212315085,22.640610212315085,100.0
4750,1,31.797044444205497,31.797044444205497,100.0
4750,2,45.562345343479414,45.562345343479414,100.0
4760,0,31.537907939296588,31.537907939296588,100.0
4760,1,26.078443147034108,26.078443147034108,100.0
4760,2,42.38364891366931,42.38364891366931,100.0
4770,0,11.897891447270634,11.897891447270634,100.0
4770,1,11.44474913537,11.44474913537,100.0
4770,2,76.65735941735936,76.65735941735936,100.0
4780,0,45.95051624134887,45.95051624134887,100.0
4780,1,11.851715413187383,11.851715413187383,100.0
4780,2,42.19776834546374,42.19776834546374,100.0
4790,0,31.101570528229033,31.101570528229033,100.0
4790,1,13.475349222808916,13.475349222808916,100.0
4790,2,55.42308024896205,55.42308024896205,100.0
4800,0,36.14219724566084,36.14219724566084,100.0
4800,1,30.156800492814302,30.156800492814302,100.0
4800,2,33.70100226152486,33.70100226152486,100.0
4810,0,12.635169633192115,12.635169633192115,100.0
4810,1,40.84805498969247,40.84805498969247,100.0
4810,2,46.51677537711542,46.51677537711542,100.0
4820,0,31.39552733956339,31.39552733956339,100.0
4820,1,40.44357830050803,40.44357830050803,100.0
4820,2,28.16089435992858,28.16089435992858,100.0
4830,0,10.738722379432408,10.738722379432408,100.0
4830,1,12.240805000792378,12.240805000792378,100.0
4830,2,77.02047261977522,77.02047261977522,100.0
4840,0,11.073834981614636,11.073834981614636,100.0
4840,1,15.428025045143986,15.428025045143986,100.0
4840,2,73.49813997324136,73.49813997324136,100.0
4850,0,34.85171211410649,34.85171211410649,100.0
4850,1,18.2480754028708,18.2480754028708,100.0
4850,2,46.90021248302271,46.90021248302271,100.0
4860,0,50.57907381873138,50.57907381873138,100.0
4860,1,32.68282612940663,32.68282612940663,100.0
4860,2,16.73810005186199,16.73810005186199,100.0
4870,0,27.17882999697264,27.17882999697264,100.0
4870,1,62.68751303578565,62.68751303578565,100.0
4870,2,10.133656967241714,10.133656967241714,100.0
4880,0,34.49081866833573,34.49081866833573,100.0
4880,1,17.90125747717606,17.90125747717606,100.0
4880,2,47.60792385448821,47.60792385448821,100.0
4890,0,11.370814458462773,11.370814458462773,100.0
4890,1,14.015470386911815,14.015470386911815,100.0
4890,2,74.61371515462541,74.61371515462541,100.0
4900,0,12.473007129262843,12.473007129262843,100.0
4900,1,32.35706742808907,32.35706742808907,100.0
4900,2,55.16992544264809,55.16992544264809,100.0
4910,0,49.74644732098646,49.74644732098646,100.0
4910,1,16.50485462505287,16.50485462505287,100.0
4910,2,33.748698053960666,33.748698053960666,100.0
4920,0,49.554381681296306,49.554381681296306,100.0
4920,1,13.618677639542343,13.618677639542343,100.0
4920,2,36.82694067916135,36.82694067916135,100.0
4930,0,22.820665200869676,22.820665200869676,100.0
4930,1,63.69478769440584,63.69478769440584,100.0
4930,2,13.484547104724484,13.484547104724484,100.0
4940,0,68.36013572054395,68.36013572054395,100.0
4940,1,14.091155289693624,14.091155289693624,100.0
4940,2,17.548708989762417,17.548708989762417,100.0
4950,0,13.747574079548091,13.747574079548091,100.0
4950,1,12.94947126289111,12.94947126289111,100.0
4950,2,73.30295465756079,73.30295465756079,100.0
4960,0,55.65137857845419,55.65137857845419,100.0
4960,1,20.78575171232251,20.78575171232251,100.0
4960,2,23.562869709223293,23.562869709223293,100.0
4970,0,53.35668798561437,53.35668798561437,100.0
4970,1,35.949993386916525,35.949993386916525,100.0
4970,2,10.693318627469104,10.693318627469104,100.0
4980,0,20.29314967470734,20.29314967470734,100.0
4980,1,20.602250237443435,20.602250237443435,100.0
4980,2,59.10460008784922,59.10460008784922,100.0
4990,0,23.518134635573283,23.518134635573283,100.0
4990,1,15.32352211483951,15.32352211483951,100.0
4990,2,61.15834324958721,61.15834324958721,100.0
5000,0,14.796499761238868,14.796499761238868,100.0
5000,1,50.48837242372591,50.48837242372591,100.0
5000,2,34.71512781503522,34.71512781503522,100.0
5010,0,11.066056898046272,11.066056898046272,100.0
5010,1,12.44966764761445,12.44966764761445,100.0
5010,2,76.48427545433928,76.48427545433928,100.0
5020,0,10.554789063161282,10.554789063161282,100.0
5020,1,34.71252004719535,34.71252004719535,100.0
5020,2,54.732690889643365,54.732690889643365,100.0
5030,0,21.0026340285795,21.0026340285795,100.0
5030,1,36.378517239723216,36.378517239723216,100.0
5030,2,42.61884873169728,42.61884873169728,100.0
5040,0,51.31214815898315,51.31214815898315,100.0
5040,1,16.767139344677524,16.767139344677524,100.0
5040,2,31.920712496339327,31.920712496339327,100.0
5050,0,41.57907190874891,41.57907190874891,100.0
5050,1,26.156465410041374,26.156465410041374,100.0
5050,2,32.26446268120971,32.26446268120971,100.0
5060,0,19.14759738316026,19.14759738316026,100.0
5060,1,31.584212456809794,31.584212456809794,100.0
5060,2,49.26819016002995,49.26819016002995,100.0
5070,0,11.43199850019054,11.43199850019054,100.0
5070,1,12.084542159220065,12.084542159220065,100.0
5070,2,76.48345934058939,76.48345934058939,100.0
5080,0,19.43364540025775,19.43364540025775,100.0
5080,1,44.88066517450996,44.88066517450996,100.0
5080,2,35.6856894252323,35.6856894252323,100.0
5090,0,34.907737743443704,34.907737743443704,100.0
5090,1,29.71966998857014,29.71966998857014,100.0
5090,2,35.37259226798616,35.37259226798616,100.0
5100,0,45.244030752763074,45.244030752763074,100.0
5100,1,16.845003913768906,16.845003913768906,100.0
5100,2,37.91096533346801,37.91096533346801,100.0
5110,0,33.996026683505214,33.996026683505214,100.0
5110,1,26.496002021508296,26.496002021508296,100.0
5110,2,39.5079712949865,39.5079712949865,100.0
5120,0,14.243028137828295,14.243028137828295,100.0
5120,1,66.45886345271441,66.45886345271441,100.0
5120,2,19.2981084094573,19.2981084094573,100.0
5130,0,14.16476240881325,14.16476240881325,100.0
5130,1,23.76774065398087,23.76774065398087,100.0
5130,2,62.06749693720588,62.06749693720588,100.0
5140,0,15.915013208794223,15.915013208794223,100.0
5140,1,56.83128179107315,56.83128179107315,100.0
5140,2,27.253705000132634,27.253705000132634,100.0
5150,0,55.73912324136793,55.73912324136793,100.0
5150,1,13.683814301162503,13.683814301162503,100.0
5150,2,30.577062457469577,30.577062457469577,100.0
5160,0,13.443965862133233,13.443965862133233,100.0
5160,1,35.797736414050526,35.797736414050526,100.0
5160,2,50.75829772381625,50.75829772381625,100.0
5170,0,27.87433974761624,27.87433974761624,100.0
5170,1,9.735569204262667,9.735569204262667,100.0
5170,2,62.390091048121086,62.390091048121086,100.0
5180,0,36.49890496919744,36.49890496919744,100.0
5180,1,12.413240927416512,12.413240927416512,100.0
5180,2,51.08785410338604,51.08785410338604,100.0
5190,0,13.546862208571204,13.546862208571204,100.0
5190,1,12.895317133269902,12.895317133269902,100.0
5190,2,73.55782065815889,73.55782065815889,100.0
5200,0,8.52716414608516,8.52716414608516,100.0
5200,1,51.01682278988259,51.01682278988259,100.0
5200,2,40.456013064032255,40.456013064032255,100.0
5210,0,41.243427888584904,41.243427888584904,100.0
5210,1,11.462828554463657,11.462828554463657,100.0
5210,2,47.29374355695145,47.29374355695145,100.0
5220,0,18.81989492008611,18.81989492008611,100.0
5220,1,60.004793335514115,60.004793335514115,100.0
5220,2,21.175311744399767,21.175311744399767,100.0
5230,0,39.1847683463697,39.1847683463697,100.0
5230,1,10.097202642357699,10.097202642357699,100.0
5230,2,50.71802901127259,50.71802901127259,100.0
5240,0,29.184296247138747,29.184296247138747,100.0
5240,1,33.103830176785365,33.103830176785365,100.0
5240,2,37.7118735760759,37.7118735760759,100.0
5250,0,14.078857583760197,14.078857583760197,100.0
5250,1,11.90190588601627,11.90190588601627,100.0
5250,2,74.01923653022354,74.01923653022354,100.0
5260,0,19.52411093628561,19.52411093628561,100.0
5260,1,55.813365895399116,55.813365895399116,100.0
5260,2,24.662523168315282,24.662523168315282,100.0
5270,0,15.509674348315542,15.509674348315542,100.0
5270,1,55.92574040128635,55.92574040128635,100.0
5270,2,28.5645852503981,28.5645852503981,100.0
5280,0,42.21017619049517,42.21017619049517,100.0
5280,1,41.01755241841998,41.01755241841998,100.0
5280,2,16.772271391084846,16.772271391084846,100.0
5290,0,12.142718234395932,12.142718234395932,100.0
5290,1,59.232753514619,59.232753514619,100.0
5290,2,28.624528250985065,28.624528250985065,100.0
5300,0,51.80439473609491,51.80439473609491,100.0
5300,1,34.60219499869341,34.60219499869341,100.0
5300,2,13.593410265211666,13.593410265211666,100.0
5310,0,11.799387336230762,11.799387336230762,100.0
5310,1,13.68029091722827,13.68029091722827,100.0
5310,2,74.52032174654097,74.52032174654097,100.0
5320,0,17.955164097613455,17.955164097613455,100.0
5320,1,29.845372565135627,29.845372565135627,100.0
5320,2,52.19946333725092,52.19946333725092,100.0
5330,0,62.47634314529663,62.47634314529663,100.0
5330,1,19.48806562680448,19.48806562680448,100.0
5330,2,18.035591227898895,18.035591227898895,100.0
5340,0,30.38204863472834,30.38204863472834,100.0
5340,1,45.47941855185324,45.47941855185324,100.0
5340,2,24.13853281341842,24.13853281341842,100.0
5350,0,50.77636344689711,50.77636344689711,100.0
5350,1,27.81840926862748,27.81840926862748,100.0
5350,2,21.405227284475405,21.405227284475405,100.0
5360,0,31.751642218061793,31.751642218061793,100.0
5360,1,17.164821614296315,17.164821614296315,100.0
5360,2,51.083536167641896,51.083536167641896,100.0
5370,0,13.214084944061552,13.214084944061552,100.0
5370,1,13.77888880212941,13.77888880212941,100.0
5370,2,73.00702625380904,73.00702625380904,100.0
5380,0,14.898228172801737,14.898228172801737,100.0
5380,1,52.77516362150568,52.77516362150568,100.0
5380,2,32.326608205692594,32.326608205692594,100.0
5390,0,57.07144425143924,57.07144425143924,100.0
5390,1,20.611091879521915,20.611091879521915,100.0
5390,2,22.317463869038857,22.317463869038857,100.0
5400,0,47.926301118774816,47.926301118774816,100.0
5400,1,22.953462209901474,22.953462209901474,100.0
5400,2,29.120236671323713,29.120236671323713,100.0
5410,0,24.50936010851014,24.50936010851014,100.0
5410,1,20.93742552816576,20.93742552816576,100.0
5410,2,54.5532143633241,54.5532143633241,100.0
5420,0,58.548430594947206,58.548430594947206,100.0
5420,1,22.18250063261114,22.18250063261114,100.0
5420,2,19.269068772441653,19.269068772441653,100.0
5430,0,11.597852268398565,11.597852268398565,100.0
5430,1,18.5842618085113,18.5842618085113,100.0
5430,2,69.81788592309015,69.81788592309015,100.0
5440,0,14.965288981597716,14.965288981597716,100.0
5440,1,15.548419338386275,15.548419338386275,100.0
5440,2,69.48629168001601,69.48629168001601,100.0
5450,0,63.58752052955886,63.58752052955886,100.0
5450,1,19.736734980478225,19.736734980478225,100.0
5450,2,16.675744489962923,16.675744489962923,100.0
5460,0,35.35765758047603,35.35765758047603,100.0
5460,1,10.997291322723376,10.997291322723376,100.0
5460,2,53.6450510968006,53.6450510968006,100.0
5470,0,17.64591508714444,17.64591508714444,100.0
5470,1,41.607697680526,41.607697680526,100.0
5470,2,40.74638723232956,40.74638723232956,100.0
5480,0,26.64367071078844,26.64367071078844,100.0
5480,1,23.220585934065742,23.220585934065742,100.0
5480,2,50.13574335514582,50.13574335514582,100.0
5490,0,10.851753900938387,10.851753900938387,100.0
5490,1,24.753849144636693,24.753849144636693,100.0
5490,2,64.39439695442492,64.39439695442492,100.0
5500,0,15.606456818731344,15.606456818731344,100.0
5500,1,18.99311732290558,18.99311732290558,100.0
5500,2,65.40042585836308,65.40042585836308,100.0
5510,0,20.535680137390237,20.535680137390237,100.0
5510,1,12.186489072014504,12.186489072014504,100.0
5510,2,67.27783079059526,67.27783079059526,100.0
5520,0,16.18586017471478,16.18586017471478,100.0
5520,1,10.473841216374929,10.473841216374929,100.0
5520,2,73.34029860891029,73.34029860891029,100.0
5530,0,18.06607589531893,18.06607589531893,100.0
5530,1,17.233540810707574,17.233540810707574,100.0
5530,2,64.7003832939735,64.7003832939735,100.0
5540,0,37.319950215758155,37.319950215758155,100.0
5540,1,18.385223021465936,18.385223021465936,100.0
5540,2,44.29482676277592,44.29482676277592,100.0
5550,0,12.25299866609141,12.25299866609141,100.0
5550,1,11.963913648738627,11.963913648738627,100.0
5550,2,75.78308768516997,75.78308768516997,100.0
5560,0,25.780414393040722,25.780414393040722,100.0
5560,1,49.11704666833563,49.11704666833563,100.0
5560,2,25.10253893862365,25.10253893862365,100.0
5570,0,19.88789349470633,19.88789349470633,100.0
5570,1,62.70195171185785,62.70195171185785,100.0
5570,2,17.410154793435822,17.410154793435822,100.0
5580,0,28.659569876896747,28.659569876896747,100.0
5580,1,23.74344160692756,23.74344160692756,100.0
5580,2,47.59698851617569,47.59698851617569,100.0
5590,0,48.42187126490477,48.42187126490477,100.0
5590,1,23.650001940465735,23.650001940465735,100.0
5590,2,27.928126794629506,27.928126794629506,100.0
5600,0,15.686835530698225,15.686835530698225,100.0
5600,1,33.45863007298719,33.45863007298719,100.0
5600,2,50.85453439631459,50.85453439631459,100.0
5610,0,15.04099453880432,15.04099453880432,100.0
5610,1,13.20012837163859,13.20012837163859,100.0
5610,2,71.75887708955709,71.75887708955709,100.0
5620,0,48.24290372781602,48.24290372781602,100.0
5620,1,30.84346833022859,30.84346833022859,100.0
5620,2,20.91362794195539,20.91362794195539,100.0
5630,0,20.479021685172167,20.479021685172167,100.0
5630,1,55.7176917418365,55.7176917418365,100.0
5630,2,23.803286572991347,23.803286572991347,100.0
5640,0,38.91086687756551,38.91086687756551,100.0
5640,1,34.130815519909405,34.130815519909405,100.0
5640,2,26.95831760252509,26.95831760252509,100.0
5650,0,12.476989063229455,12.476989063229455,100.0
5650,1,71.60218590933086,71.60218590933086,100.0
5650,2,15.920825027439697,15.920825027439697,100.0
5660,0,34.786991408598986,34.786991408598986,100.0
5660,1,19.73761037160306,19.73761037160306,100.0
5660,2,45.47539821979795,45.47539821979795,100.0
5670,0,12.30017784657759,12.30017784657759,100.0
5670,1,11.872503222126534,11.872503222126534,100.0
5670,2,75.82731893129588,75.82731893129588,100.0
5680,0,10.475564183114924,10.475564183114924,100.0
5680,1,38.464129692346596,38.464129692346596,100.0
5680,2,51.06030612453848,51.06030612453848,100.0
5690,0,43.947524170920644,43.947524170920644,100.0
5690,1,31.940458759448198,31.940458759448198,100.0
5690,2,24.112017069631158,24.112017069631158,100.0
5700,0,44.035242733919,44.035242733919,100.0
5700,1,35.925918165323786,35.925918165323786,100.0
5700,2,20.038839100757215,20.038839100757215,100.0
5710,0,72.55094968544925,72.55094968544925,100.0
5710,1,12.86909282933969,12.86909282933969,100.0
5710,2,14.579957485211064,14.579957485211064,100.0
5720,0,30.04186026283448,30.04186026283448,100.0
5720,1,38.71517561077156,38.71517561077156,100.0
5720,2,31.242964126393957,31.242964126393957,100.0
5730,0,16.693750848310803,16.693750848310803,100.0
5730,1,14.179470910706618,14.179470910706618,100.0
5730,2,69.12677824098259,69.12677824098259,100.0
5740,0,47.724230327834185,47.724230327834185,100.0
5740,1,20.742441850569943,20.742441850569943,100.0
5740,2,31.533327821595865,31.533327821595865,100.0
5750,0,32.68416496452512,32.68416496452512,100.0
5750,1,18.43142597000781,18.43142597000781,100.0
5750,2,48.884409065467075,48.884409065467075,100.0
5760,0,24.04859789776119,24.04859789776119,100.0
5760,1,36.582014270505105,36.582014270505105,100.0
5760,2,39.36938783173369,39.36938783173369,100.0
5770,0,29.260285652240263,29.260285652240263,100.0
5770,1,56.5407948327419,56.5407948327419,100.0
5770,2,14.198919515017844,14.198919515017844,100.0
5780,0,8.378346956413422,8.378346956413422,100.0
5780,1,50.393085614208324,50.393085614208324,100.0
5780,2,41.22856742937825,41.22856742937825,100.0
5790,0,13.007971631226702,13.007971631226702,100.0
5790,1,16.18912709084614,16.18912709084614,100.0
5790,2,70.80290127792716,70.80290127792716,100.0
5800,0,32.07161172534275,32.07161172534275,100.0
5800,1,34.8325912974768,34.8325912974768,100.0
5800,2,33.095796977180456,33.095796977180456,100.0
5810,0,18.766570528394833,18.766570528394833,100.0
5810,1,30.922519984063694,30.922519984063694,100.0
5810,2,50.310909487541466,50.310909487541466,100.0
5820,0,25.582961093703737,25.582961093703737,100.0
5820,1,22.374418897321405,22.374418897321405,100.0
5820,2,52.04262000897486,52.04262000897486,100.0
5830,0,26.640032439627483,26.640032439627483,100.0
5830,1,47.50909189157548,47.50909189157548,100.0
5830,2,25.850875668797045,25.850875668797045,100.0
5840,0,65.55596261843581,65.55596261843581,100.0
5840,1,17.66892595114506,17.66892595114506,100.0
5840,2,16.775111430419116,16.775111430419116,100.0
5850,0,17.089319811995612,17.089319811995612,100.0
5850,1,11.48749967588418,11.48749967588418,100.0
5850,2,71.42318051212021,71.42318051212021,100.0
5860,0,60.050538125383724,60.050538125383724,100.0
5860,1,25.528648448033874,25.528648448033874,100.0
5860,2,14.420813426582408,14.420813426582408,100.0
5870,0,35.29203194767586,35.29203194767586,100.0
5870,1,39.52201228441166,39.52201228441166,100.0
5870,2,25.185955767912493,25.185955767912493,100.0
5880,0,61.607788088139216,61.607788088139216,100.0
5880,1,26.575545659488988,26.575545659488988,100.0
5880,2,11.816666252371794,11.816666252371794,100.0
5890,0,32.725881331026855,32.725881331026855,100.0
5890,1,18.72134327112021,18.72134327112021,100.0
5890,2,48.55277539785294,48.55277539785294,100.0
5900,0,51.61625493072709,51.61625493072709,100.0
5900,1,9.956298711286827,9.956298711286827,100.0
5900,2,38.427446357986085,38.427446357986085,100.0
5910,0,24.285036531121236,24.285036531121236,100.0
5910,1,26.260643921246096,26.260643921246096,100.0
5910,2,49.45431954763266,49.45431954763266,100.0
5920,0,25.834757293802717,25.834757293802717,100.0
5920,1,50.757010225428886,50.757010225428886,100.0
5920,2,23.408232480768394,23.408232480768394,100.0
5930,0,26.31514963128142,26.31514963128142,100.0
5930,1,58.31254506570331,58.31254506570331,100.0
5930,2,15.372305303015263,15.372305303015263,100.0
5940,0,45.303700413282996,45.303700413282996,100.0
5940,1,18.845835454462918,18.845835454462918,100.0
5940,2,35.850464132254096,35.850464132254096,100.0
5950,0,12.591184510921138,12.591184510921138,100.0
5950,1,41.46187767567571,41.46187767567571,100.0
5950,2,45.94693781340316,45.94693781340316,100.0
5960,0,39.7675101580235,39.7675101580235,100.0
5960,1,37.38129692652384,37.38129692652384,100.0
5960,2,22.851192915452664,22.851192915452664,100.0
5970,0,14.525189003730452,14.525189003730452,100.0
5970,1,15.086488542740096,15.086488542740096,100.0
5970,2,70.38832245352945,70.38832245352945,100.0
5980,0,14.678858072219453,14.678858072219453,100.0
5980,1,25.102284696846517,25.102284696846517,100.0
5980,2,60.218857230934034,60.218857230934034,100.0
5990,0,15.065709669626232,15.065709669626232,100.0
5990,1,33.512137937484766,33.512137937484766,100.0
5990,2,51.422152392889,51.422152392889,100.0
6000,0,35.495987310807116,35.495987310807116,100.0
6000,1,44.279271872202905,44.279271872202905,100.0
6000,2,20.22474081698999,20.22474081698999,100.0
6010,0,44.15825277194834,44.15825277194834,100.0
6010,1,32.95683600746492,32.95683600746492,100.0
6010,2,22.884911220586744,22.884911220586744,100.0
6020,0,48.8455943229008,48.8455943229008,100.0
6020,1,31.28868491089607,31.28868491089607,100.0
6020,2,19.865720766203136,19.865720766203136,100.0
6030,0,12.85305069030191,12.85305069030191,100.0
6030,1,14.83453220707285,14.83453220707285,100.0
6030,2,72.31241710262525,72.31241710262525,100.0
6040,0,39.667638126006146,39.667638126006146,100.0
6040,1,33.00086889650546,33.00086889650546,100.0
6040,2,27.331492977488402,27.331492977488402,100.0
6050,0,29.313812974315802,29.313812974315802,100.0
6050,1,21.718678444175175,21.718678444175175,100.0
6050,2,48.96750858150903,48.96750858150903,100.0
6060,0,22.986350236682544,22.986350236682544,100.0
6060,1,37.32745123924743,37.32745123924743,100.0
6060,2,39.68619852407003,39.68619852407003,100.0
6070,0,21.97465119041608,21.97465119041608,100.0
6070,1,38.24467194020945,38.24467194020945,100.0
6070,2,39.780676869374474,39.780676869374474,100.0
6080,0,15.06114559450327,15.06114559450327,100.0
6080,1,55.71847076678247,55.71847076678247,100.0
6080,2,29.220383638714264,29.220383638714264,100.0
6090,0,18.651081628202196,18.651081628202196,100.0
6090,1,12.569127864376837,12.569127864376837,100.0
6090,2,68.77979050742097,68.77979050742097,100.0
6100,0,69.88250795370864,69.88250795370864,100.0
6100,1,15.347773780324403,15.347773780324403,100.0
6100,2,14.769718265966963,14.769718265966963,100.0
6110,0,21.505640968158165,21.505640968158165,100.0
6110,1,28.902606427737243,28.902606427737243,100.0
6110,2,49.59175260410459,49.59175260410459,100.0
6120,0,38.96673453238761,38.96673453238761,100.0
6120,1,24.61911926616076,24.61911926616076,100.0
6120,2,36.41414620145163,36.41414620145163,100.0
6130,0,25.701739089092975,25.701739089092975,100.0
6130,1,18.22348442740812,18.22348442740812,100.0
6130,2,56.07477648349891,56.07477648349891,100.0
6140,0,34.68252079264765,34.68252079264765,100.0
6140,1,19.97919234060689,19.97919234060689,100.0
6140,2,45.338286866745456,45.338286866745456,100.0
6150,0,13.182000792604917,13.182000792604917,100.0
6150,1,15.100251434395995,15.100251434395995,100.0
6150,2,71.71774777299909,71.71774777299909,100.0
6160,0,21.852324115638787,21.852324115638787,100.0
6160,1,38.88214735733918,38.88214735733918,100.0
6160,2,39.265528527022035,39.265528527022035,100.0
6170,0,20.116169924308096,20.116169924308096,100.0
6170,1,53.17329538518489,53.17329538518489,100.0
6170,2,26.710534690507014,26.710534690507014,100.0
6180,0,71.45365906606801,71.45365906606801,100.0
6180,1,15.314323413275247,15.314323413275247,100.0
6180,2,13.232017520656736,13.232017520656736,100.0
6190,0,24.449486777072135,24.449486777072135,100.0
6190,1,47.684403078775475,47.684403078775475,100.0
6190,2,27.866110144152394,27.866110144152394,100.0
6200,0,16.099410377973193,16.099410377973193,100.0
6200,1,15.971046778290212,15.971046778290212,100.0
6200,2,67.92954284373658,67.92954284373658,100.0
6210,0,10.989322321878173,10.989322321878173,100.0
6210,1,12.570734322504965,12.570734322504965,100.0
6210,2,76.43994335561686,76.43994335561686,100.0
6220,0,21.21744088587227,21.21744088587227,100.0
6220,1,13.159997888547808,13.159997888547808,100.0
6220,2,65.62256122557993,65.62256122557993,100.0
6230,0,13.441175882327444,13.441175882327444,100.0
6230,1,51.86017383673822,51.86017383673822,100.0
6230,2,34.698650280934324,34.698650280934324,100.0
6240,0,36.58128525645701,36.58128525645701,100.0
6240,1,32.789018733846206,32.789018733846206,100.0
6240,2,30.62969600969679,30.62969600969679,100.0
6250,0,57.32966121182355,57.32966121182355,100.0
6250,1,12.624259977598543,12.624259977598543,100.0
6250,2,30.046078810577914,30.046078810577914,100.0
6260,0,15.652971218683067,15.652971218683067,100.0
6260,1,28.173278492291093,28.173278492291093,100.0
6260,2,56.17375028902584,56.17375028902584,100.0
6270,0,11.98687448365657,11.98687448365657,100.0
6270,1,14.027282599135892,14.027282599135892,100.0
6270,2,73.98584291720755,73.98584291720755,100.0
6280,0,15.607677763028283,15.607677763028283,100.0
6280,1,65.99971708200624,65.99971708200624,100.0
6280,2,18.392605154965473,18.392605154965473,100.0
6290,0,31.945319215868434,31.945319215868434,100.0
6290,1,13.938565217391846,13.938565217391846,100.0
6290,2,54.11611556673972,54.11611556673972,100.0
6300,0,37.276686888603464,37.276686888603464,100.0
6300,1,29.151708697585033,29.151708697585033,100.0
6300,2,33.571604413811514,33.571604413811514,100.0
6310,0,43.24601549301757,43.24601549301757,100.0
6310,1,31.17060611335372,31.17060611335372,100.0
6310,2,25.58337839362871,25.58337839362871,100.0
6320,0,15.075264762635317,15.075264762635317,100.0
6320,1,72.57084780807412,72.57084780807412,100.0
6320,2,12.353887429290562,12.353887429290562,100.0
6330,0,9.366810537637564,9.366810537637564,100.0
6330,1,51.87808218047154,51.87808218047154,100.0
6330,2,38.75510728189091,38.75510728189091,100.0
6340,0,20.13059820957568,20.13059820957568,100.0
6340,1,18.617102929710462,18.617102929710462,100.0
6340,2,61.25229886071385,61.25229886071385,100.0
6350,0,35.46801266974152,35.46801266974152,100.0
6350,1,18.67817720021574,18.67817720021574,100.0
6350,2,45.853810130042746,45.853810130042746,100.0
6360,0,8.65819939701896,8.65819939701896,100.0
6360,1,50.86149451120471,50.86149451120471,100.0
6360,2,40.48030609177633,40.48030609177633,100.0
6370,0,21.59584682479625,21.59584682479625,100.0
6370,1,44.235194439879095,44.235194439879095,100.0
6370,2,34.168958735324665,34.168958735324665,100.0
6380,0,19.897334700222096,19.897334700222096,100.0
6380,1,36.16369065064151,36.16369065064151,100.0
6380,2,43.938974649136384,43.938974649136384,100.0
6390,0,13.50016446371576,13.50016446371576,100.0
6390,1,13.68208295964591,13.68208295964591,100.0
6390,2,72.81775257663833,72.81775257663833,100.0
6400,0,24.904584850034166,24.904584850034166,100.0
6400,1,62.8743458013667,62.8743458013667,100.0
6400,2,12.22106934859912,12.22106934859912,100.0
6410,0,62.85330194691036,62.85330194691036,100.0
6410,1,12.682382651313832,12.682382651313832,100.0
6410,2,24.464315401775806,24.464315401775806,100.0
6420,0,51.62695046824714,51.62695046824714,100.0
6420,1,14.20976535440629,14.20976535440629,100.0
6420,2,34.16328417734659,34.16328417734659,100.0
6430,0,21.371569798098193,21.371569798098193,100.0
6430,1,61.20715212132608,61.20715212132608,100.0
6430,2,17.42127808057572,17.42127808057572,100.0
6440,0,24.55951702596593,24.55951702596593,100.0
6440,1,19.76983972199019,19.76983972199019,100.0
6440,2,55.67064325204388,55.67064325204388,100.0
6450,0,11.332331760879994,11.332331760879994,100.0
6450,1,14.010979986004196,14.010979986004196,100.0
6450,2,74.65668825311582,74.65668825311582,100.0
6460,0,63.44396905208626,63.44396905208626,100.0
6460,1,19.02120975213154,19.02120975213154,100.0
6460,2,17.5348211957822,17.5348211957822,100.0
6470,0,64.29441932627446,64.29441932627446,100.0
6470,1,13.048874284494666,13.048874284494666,100.0
6470,2,22.65670638923087,22.65670638923087,100.0
6480,0,46.72314729485885,46.72314729485885,100.0
6480,1,38.10140659513602,38.10140659513602,100.0
6480,2,15.175446110005126,15.175446110005126,100.0
6490,0,10.57095361299111,10.57095361299111,100.0
6490,1,42.28571749122347,42.28571749122347,100.0
6490,2,47.143328895785416,47.143328895785416,100.0
6500,0,10.357105116277586,10.357105116277586,100.0
6500,1,47.342135560063895,47.342135560063895,100.0
6500,2,42.30075932365852,42.30075932365852,100.0
6510,0,11.45892609502439,11.45892609502439,100.0
6510,1,17.453155275027264,17.453155275027264,100.0
6510,2,71.08791862994835,71.08791862994835,100.0
6520,0,19.050027092772158,19.050027092772158,100.0
6520,1,52.647356313578506,52.647356313578506,100.0
6520,2,28.302616593649326,28.302616593649326,100.0
6530,0,70.43966464217169,70.43966464217169,100.0
6530,1,14.17464181296236,14.17464181296236,100.0
6530,2,15.385693544865939,15.385693544865939,100.0
6540,0,40.16848037196234,40.16848037196234,100.0
6540,1,30.988010853418263,30.988010853418263,100.0
6540,2,28.8435087746194,28.8435087746194,100.0
6550,0,45.742769476514475,45.742769476514475,100.0
6550,1,37.40157844698489,37.40157844698489,100.0
6550,2,16.855652076500625,16.855652076500625,100.0
6560,0,31.97878164041646,31.97878164041646,100.0
6560,1,13.161922130608996,13.161922130608996,100.0
6560,2,54.85929622897454,54.85929622897454,100.0
6570,0,18.504059305959792,18.504059305959792,100.0
6570,1,18.89048691970482,18.89048691970482,100.0
6570,2,62.60545377433539,62.60545377433539,100.0
6580,0,48.30896347114168,48.30896347114168,100.0
6580,1,21.81488205017811,21.81488205017811,100.0
6580,2,29.87615447868021,29.87615447868021,100.0
6590,0,49.93025687219529,49.93025687219529,100.0
6590,1,27.183679849282427,27.183679849282427,100.0
6590,2,22.886063278522283,22.886063278522283,100.0
6600,0,35.99999743391377,35.99999743391377,100.0
6600,1,32.771959115389436,32.771959115389436,100.0
6600,2,31.228043450696802,31.228043450696802,100.0
6610,0,23.91062921733039,23.91062921733039,100.0
6610,1,36.29876063465781,36.29876063465781,100.0
6610,2,39.79061014801181,39.79061014801181,100.0
6620,0,22.959755621164135,22.959755621164135,100.0
6620,1,46.61034046016147,46.61034046016147,100.0
6620,2,30.429903918674395,30.429903918674395,100.0
6630,0,11.9419230518092,11.9419230518092,100.0
6630,1,12.6043448613046,12.6043448613046,100.0
6630,2,75.4537320868862,75.4537320868862,100.0
6640,0,12.828041107735052,12.828041107735052,100.0
6640,1,36.424697212019645,36.424697212019645,100.0
6640,2,50.7472616802453,50.7472616802453,100.0
6650,0,27.902835825990614,27.902835825990614,100.0
6650,1,23.713251006375234,23.713251006375234,100.0
6650,2,48.38391316763415,48.38391316763415,100.0
6660,0,31.583811582711974,31.583811582711974,100.0
6660,1,22.713493969893015,22.713493969893015,100.0
6660,2,45.70269444739502,45.70269444739502,100.0
6670,0,35.217114427943024,35.217114427943024,100.0
6670,1,55.943280822159295,55.943280822159295,100.0
6670,2,8.839604749897683,8.839604749897683,100.0
6680,0,48.42076432216895,48.42076432216895,100.0
6680,1,41.99771185079665,41.99771185079665,100.0
6680,2,9.581523827034403,9.581523827034403,100.0
6690,0,16.716980134877662,16.716980134877662,100.0
6690,1,13.325227548925653,13.325227548925653,100.0
6690,2,69.95779231619669,69.95779231619669,100.0
6700,0,55.38789435896423,55.38789435896423,100.0
6700,1,20.03769979976103,20.03769979976103,100.0
6700,2,24.57440584127474,24.57440584127474,100.0
6710,0,65.9646997695338,65.9646997695338,100.0
6710,1,20.67093474678248,20.67093474678248,100.0
6710,2,13.364365483683734,13.364365483683734,100.0
6720,0,65.86087886731708,65.86087886731708,100.0
6720,1,16.641126125596937,16.641126125596937,100.0
6720,2,17.497995007085986,17.497995007085986,100.0
6730,0,22.72766728713692,22.72766728713692,100.0
6730,1,38.90990747676076,38.90990747676076,100.0
6730,2,38.36242523610232,38.36242523610232,100.0
6740,0,16.85711184166526,16.85711184166526,100.0
6740,1,56.67697978954017,56.67697978954017,100.0
6740,2,26.46590836879456,26.46590836879456,100.0
6750,0,14.889617997830037,14.889617997830037,100.0
6750,1,12.129273510570224,12.129273510570224,100.0
6750,2,72.98110849159973,72.98110849159973,100.0
6760,0,26.623890957539388,26.623890957539388,100.0
6760,1,42.39617390075857,42.39617390075857,100.0
6760,2,30.979935141702047,30.979935141702047,100.0
6770,0,65.61565179666337,65.61565179666337,100.0
6770,1,20.909066074300135,20.909066074300135,100.0
6770,2,13.4752821290365,13.4752821290365,100.0
6780,0,38.45359190780349,38.45359190780349,100.0
6780,1,22.702626440649414,22.702626440649414,100.0
6780,2,38.843781651547104,38.843781651547104,100.0
6790,0,18.195868552961052,18.195868552961052,100.0
6790,1,17.74039589366854,17.74039589366854,100.0
6790,2,64.06373555337042,64.06373555337042,100.0
6800,0,33.530097334364065,33.530097334364065,100.0
6800,1,35.80752265910817,35.80752265910817,100.0
6800,2,30.66238000652777,30.66238000652777,100.0
6810,0,12.375691238391116,12.375691238391116,100.0
6810,1,13.169134049058187,13.169134049058187,100.0
6810,2,74.4551747125507,74.4551747125507,100.0
6820,0,52.460240971201614,52.460240971201614,100.0
6820,1,37.038241832093426,37.038241832093426,100.0
6820,2,10.50151719670497,10.50151719670497,100.0
6830,0,54.38315468395386,54.38315468395386,100.0
6830,1,26.624874781172508,26.624874781172508,100.0
6830,2,18.991970534873637,18.991970534873637,100.0
6840,0,14.298980074289828,14.298980074289828,100.0
6840,1,46.524837401738935,46.524837401738935,100.0
6840,2,39.176182523971235,39.176182523971235,100.0
6850,0,9.086529899254145,9.086529899254145,100.0
6850,1,42.91940140013006,42.91940140013006,100.0
6850,2,47.994068700615784,47.994068700615784,100.0
6860,0,19.446409717960776,19.446409717960776,100.0
6860,1,20.618039335377212,20.618039335377212,100.0
6860,2,59.93555094666202,59.93555094666202,100.0
6870,0,10.700922412754126,10.700922412754126,100.0
6870,1,11.68868931729763,11.68868931729763,100.0
6870,2,77.61038826994825,77.61038826994825,100.0
6880,0,14.890091517188297,14.890091517188297,100.0
6880,1,20.85270505434779,20.85270505434779,100.0
6880,2,64.25720342846391,64.25720342846391,100.0
6890,0,15.108520829492047,15.108520829492047,100.0
6890,1,36.704967712235494,36.704967712235494,100.0
6890,2,48.186511458272456,48.186511458272456,100.0
6900,0,44.41956025174854,44.41956025174854,100.0
6900,1,38.3201037935066,38.3201037935066,100.0
6900,2,17.260335954744875,17.260335954744875,100.0
6910,0,21.146703612558575,21.146703612558575,100.0
6910,1,32.975097317063,32.975097317063,100.0
6910,2,45.878199070378415,45.878199070378415,100.0
6920,0,55.922516903122514,55.922516903122514,100.0
6920,1,18.171531818904064,18.171531818904064,100.0
6920,2,25.905951277973433,25.905951277973433,100.0
6930,0,14.430077431079921,14.430077431079921,100.0
6930,1,11.859887791872525,11.859887791872525,100.0
6930,2,73.71003477704755,73.71003477704755,100.0
6940,0,27.534194819078294,27.534194819078294,100.0
6940,1,42.24895268625583,42.24895268625583,100.0
6940,2,30.21685249466588,30.21685249466588,100.0
6950,0,45.85881664997745,45.85881664997745,100.0
6950,1,14.794174620739636,14.794174620739636,100.0
6950,2,39.34700872928292,39.34700872928292,100.0
6960,0,17.630430149709834,17.630430149709834,100.0
6960,1,38.02455338388304,38.02455338388304,100.0
6960,2,44.34501646640713,44.34501646640713,100.0
6970,0,42.98767442245178,42.98767442245178,100.0
6970,1,16.3172310160042,16.3172310160042,100.0
6970,2,40.69509456154402,40.69509456154402,100.0
6980,0,53.97353664857686,53.97353664857686,100.0
6980,1,9.193810452221603,9.193810452221603,100.0
6980,2,36.832652899201534,36.832652899201534,100.0
6990,0,13.365396051352944,13.365396051352944,100.0
6990,1,13.8304303217163,13.8304303217163,100.0
6990,2,72.80417362693076,72.80417362693076,100.0
7000,0,39.083989911014726,39.083989911014726,100.0
7000,1,30.84792031772951,30.84792031772951,100.0
7000,2,30.068089771255767,30.068089771255767,100.0
7010,0,17.03413800056952,17.03413800056952,100.0
7010,1,50.47576083411512,50.47576083411512,100.0
7010,2,32.49010116531535,32.49010116531535,100.0
7020,0,50.476627012999685,50.476627012999685,100.0
7020,1,17.645692150769538,17.645692150769538,100.0
7020,2,31.87768083623078,31.87768083623078,100.0
7030,0,12.56487873754085,12.56487873754085,100.0
7030,1,62.78019833405376,62.78019833405376,100.0
7030,2,24.6549229284054,24.6549229284054,100.0
7040,0,60.338906658818715,60.338906658818715,100.0
7040,1,14.472064548783091,14.472064548783091,100.0
7040,2,25.189028792398187,25.189028792398187,100.0
7050,0,14.279903388698264,14.279903388698264,100.0
7050,1,14.287047162643823,14.287047162643823,100.0
7050,2,71.43304944865791,71.43304944865791,100.0
7060,0,25.19695843204695,25.19695843204695,100.0
7060,1,38.79403822028968,38.79403822028968,100.0
7060,2,36.00900334766336,36.00900334766336,100.0
7070,0,29.55125105269523,29.55125105269523,100.0
7070,1,53.80190680573197,53.80190680573197,100.0
7070,2,16.646842141572797,16.646842141572797,100.0
7080,0,32.10457095051659,32.10457095051659,100.0
7080,1,52.65746505460231,52.65746505460231,100.0
7080,2,15.2379639948811,15.2379639948811,100.0
7090,0,32.7988059628013,32.7988059628013,100.0
7090,1,46.59606936528791,46.59606936528791,100.0
7090,2,20.605124671910787,20.605124671910787,100.0
7100,0,24.87421830911275,24.87421830911275,100.0
7100,1,35.25042828118513,35.25042828118513,100.0
7100,2,39.87535340970212,39.87535340970212,100.0
7110,0,11.768595084722586,11.768595084722586,100.0
7110,1,15.807118484471513,15.807118484471513,100.0
7110,2,72.4242864308059,72.4242864308059,100.0
7120,0,23.63961311838551,23.63961311838551,100.0
7120,1,29.34423872517052,29.34423872517052,100.0
7120,2,47.01614815644397,47.01614815644397,100.0
7130,0,32.25696515612747,32.25696515612747,100.0
7130,1,21.813913384042536,21.813913384042536,100.0
7130,2,45.92912145982999,45.92912145982999,100.0
7140,0,9.643103776031731,9.643103776031731,100.0
7140,1,51.32277114999256,51.32277114999256,100.0
7140,2,39.034125073975716,39.034125073975716,100.0
7150,0,15.60509214863442,15.60509214863442,100.0
7150,1,61.91888179884415,61.91888179884415,100.0
7150,2,22.476026052521433,22.476026052521433,100.0
7160,0,40.29258796526415,40.29258796526415,100.0
7160,1,39.97191612745393,39.97191612745393,100.0
7160,2,19.73549590728193,19.73549590728193,100.0
7170,0,10.557601161413732,10.557601161413732,100.0
7170,1,13.45813318942082,13.45813318942082,100.0
7170,2,75.98426564916545,75.98426564916545,100.0
7180,0,49.69877331976263,49.69877331976263,100.0
7180,1,28.883881345512908,28.883881345512908,100.0
7180,2,21.417345334724473,21.417345334724473,100.0
7190,0,30.118286176617115,30.118286176617115,100.0
7190,1,23.302063677196628,23.302063677196628,100.0
7190,2,46.57965014618626,46.57965014618626,100.0
7200,0,63.28303065746829,63.28303065746829,100.0
7200,1,21.841506810029998,21.841506810029998,100.0
7200,2,14.875462532501722,14.875462532501722,100.0
7210,0,33.003608888359395,33.003608888359395,100.0
7210,1,19.894156285432842,19.894156285432842,100.0
7210,2,47.10223482620777,47.10223482620777,100.0
7220,0,38.45289245808337,38.45289245808337,100.0
7220,1,32.530429870658004,32.530429870658004,100.0
7220,2,29.016677671258623,29.016677671258623,100.0
7230,0,13.880199635629545,13.880199635629545,100.0
7230,1,12.143923843339408,12.143923843339408,100.0
7230,2,73.97587652103105,73.97587652103105,100.0
7240,0,51.03163484704577,51.03163484704577,100.0
7240,1,31.22028333390506,31.22028333390506,100.0
7240,2,17.748081819049162,17.748081819049162,100.0
7250,0,34.40187764236808,34.40187764236808,100.0
7250,1,18.386226312983535,18.386226312983535,100.0
7250,2,47.21189604464839,47.21189604464839,100.0
7260,0,41.84215488986941,41.84215488986941,100.0
7260,1,35.10662509914805,35.10662509914805,100.0
7260,2,23.051220010982536,23.051220010982536,100.0
7270,0,23.90156260503228,23.90156260503228,100.0
7270,1,36.43549111331123,36.43549111331123,100.0
7270,2,39.662946281656495,39.662946281656495,100.0
7280,0,51.09813297093707,51.09813297093707,100.0
7280,1,23.49602391801966,23.49602391801966,100.0
7280,2,25.405843111043268,25.405843111043268,100.0
7290,0,12.895246003345964,12.895246003345964,100.0
7290,1,13.966791952324536,13.966791952324536,100.0
7290,2,73.1379620443295,73.1379620443295,100.0
7300,0,29.50933864135158,29.50933864135158,100.0
7300,1,30.89073935295711,30.89073935295711,100.0
7300,2,39.599922005691305,39.599922005691305,100.0
7310,0,19.79646834864712,19.79646834864712,100.0
7310,1,44.79379812020075,44.79379812020075,100.0
7310,2,35.409733531152135,35.409733531152135,100.0
7320,0,38.30729239015406,38.30729239015406,100.0
7320,1,20.5347993960261,20.5347993960261,100.0
7320,2,41.15790821381985,41.15790821381985,100.0
7330,0,28.062782297240464,28.062782297240464,100.0
7330,1,36.434094537587484,36.434094537587484,100.0
7330,2,35.503123165172056,35.503123165172056,100.0
7340,0,41.31335599899755,41.31335599899755,100.0
7340,1,39.15948492494367,39.15948492494367,100.0
7340,2,19.52715907605878,19.52715907605878,100.0
7350,0,11.698934755953385,11.698934755953385,100.0
7350,1,15.354447635771049,15.354447635771049,100.0
7350,2,72.94661760827557,72.94661760827557,100.0
7360,0,40.307519087945295,40.307519087945295,100.0
7360,1,17.803009194066934,17.803009194066934,100.0
7360,2,41.88947171798777,41.88947171798777,100.0
7370,0,9.992532793771657,9.992532793771657,100.0
7370,1,43.6329014801826,43.6329014801826,100.0
7370,2,46.37456572604574,46.37456572604574,100.0
7380,0,32.708545015393184,32.708545015393184,100.0
7380,1,23.702023541725993,23.702023541725993,100.0
7380,2,43.58943144288082,43.58943144288082,100.0
7390,0,25.96664303936716,25.96664303936716,100.0
7390,1,43.549200295363,43.549200295363,100.0
7390,2,30.48415666526984,30.48415666526984,100.0
7400,0,31.871075362428492,31.871075362428492,100.0
7400,1,26.963852485639112,26.963852485639112,100.0
7400,2,41.1650721519324,41.1650721519324,100.0
7410,0,12.073985074812427,12.073985074812427,100.0
7410,1,11.530279879978368,11.530279879978368,100.0
7410,2,76.39573504520921,76.39573504520921,100.0
7420,0,18.132185173744343,18.132185173744343,100.0
7420,1,32.872298937840235,32.872298937840235,100.0
7420,2,48.99551588841542,48.99551588841542,100.0
7430,0,56.24612524552356,56.24612524552356,100.0
7430,1,14.145255012755282,14.145255012755282,100.0
7430,2,29.60861974172115,29.60861974172115,100.0
7440,0,14.53192166247953,14.53192166247953,100.0
7440,1,35.95520084707394,35.95520084707394,100.0
7440,2,49.51287749044654,49.51287749044654,100.0
7450,0,54.9535216497653,54.9535216497653,100.0
7450,1,33.04558634605039,33.04558634605039,100.0
7450,2,12.000892004184315,12.000892004184315,100.0
7460,0,74.80826627562288,74.80826627562288,100.0
7460,1,12.370334233360209,12.370334233360209,100.0
7460,2,12.821399491016921,12.821399491016921,100.0
7470,0,25.350480329728875,25.350480329728875,100.0
7470,1,25.843219104527076,25.843219104527076,100.0
7470,2,48.80630056574405,48.80630056574405,100.0
7480,0,10.946543358474061,10.946543358474061,100.0
7480,1,44.01734712529744,44.01734712529744,100.0
7480,2,45.03610951622849,45.03610951622849,100.0
7490,0,24.758699143704966,24.758699143704966,100.0
7490,1,24.2376909220936,24.2376909220936,100.0
7490,2,51.003609934201435,51.003609934201435,100.0
7500,0,66.24783774055655,66.24783774055655,100.0
7500,1,21.887381644472743,21.887381644472743,100.0
7500,2,11.864780614970721,11.864780614970721,100.0
7510,0,48.45207934767935,48.45207934767935,100.0
7510,1,28.659430426115247,28.659430426115247,100.0
7510,2,22.888490226205413,22.888490226205413,100.0
7520,0,57.467077847664584,57.467077847664584,100.0
7520,1,19.190330510661685,19.190330510661685,100.0
7520,2,23.342591641673735,23.342591641673735,100.0
7530,0,18.849761662813314,18.849761662813314,100.0
7530,1,20.402485431560898,20.402485431560898,100.0
7530,2,60.747752905625795,60.747752905625795,100.0
7540,0,9.67194506506107,9.67194506506107,100.0
7540,1,38.77401940367992,38.77401940367992,100.0
7540,2,51.554035531259004,51.554035531259004,100.0
7550,0,18.524381065876224,18.524381065876224,100.0
7550,1,52.34137167003669,52.34137167003669,100.0
7550,2,29.134247264087083,29.134247264087083,100.0
7560,0,36.76292350703612,36.76292350703612,100.0
7560,1,18.61855424452749,18.61855424452749,100.0
7560,2,44.6185222484364,44.6185222484364,100.0
7570,0,15.5901814716421,15.5901814716421,100.0
7570,1,22.42346181832286,22.42346181832286,100.0
7570,2,61.98635671003504,61.98635671003504,100.0
7580,0,24.88163052281282,24.88163052281282,100.0
7580,1,19.85709349214198,19.85709349214198,100.0
7580,2,55.2612759850452,55.2612759850452,100.0
7590,0,10.071182993869602,10.071182993869602,100.0
7590,1,18.526440724057238,18.526440724057238,100.0
7590,2,71.40237628207315,71.40237628207315,100.0
7600,0,10.44224712753894,10.44224712753894,100.0
7600,1,63.25346421131155,63.25346421131155,100.0
7600,2,26.30428866114951,26.30428866114951,100.0
7610,0,34.872450946293974,34.872450946293974,100.0
7610,1,24.900212814282238,24.900212814282238,100.0
7610,2,40.22733623942379,40.22733623942379,100.0
7620,0,12.391319321215777,12.391319321215777,100.0
7620,1,73.80151728926404,73.80151728926404,100.0
7620,2,13.80716338952018,13.80716338952018,100.0
7630,0,13.962957647448235,13.962957647448235,100.0
7630,1,51.71184399805625,51.71184399805625,100.0
7630,2,34.32519835449552,34.32519835449552,100.0
7640,0,48.66451047168985,48.66451047168985,100.0
7640,1,20.543952519590828,20.543952519590828,100.0
7640,2,30.791537008719335,30.791537008719335,100.0
7650,0,14.050518247636564,14.050518247636564,100.0
7650,1,21.799836690235143,21.799836690235143,100.0
7650,2,64.14964506212829,64.14964506212829,100.0
7660,0,26.695726963066306,26.695726963066306,100.0
7660,1,35.9053581707459,35.9053581707459,100.0
7660,2,37.39891486618779,37.39891486618779,100.0
7670,0,33.8025300302459,33.8025300302459,100.0
7670,1,39.24440199687767,39.24440199687767,100.0
7670,2,26.953067972876426,26.953067972876426,100.0
7680,0,52.28613126468969,52.28613126468969,100.0
7680,1,36.895114877042325,36.895114877042325,100.0
7680,2,10.818753858267987,10.818753858267987,100.0
7690,0,41.59166718755113,41.59166718755113,100.0
7690,1,24.863280933239245,24.863280933239245,100.0
7690,2,33.54505187920962,33.54505187920962,100.0
7700,0,26.935478922667542,26.935478922667542,100.0
7700,1,58.00653449346561,58.00653449346561,100.0
7700,2,15.057986583866844,15.057986583866844,100.0
7710,0,10.772374424746685,10.772374424746685,100.0
7710,1,16.36633033058839,16.36633033058839,100.0
7710,2,72.86129524466493,72.86129524466493,100.0
7720,0,39.75353173952749,39.75353173952749,100.0
7720,1,18.551051070079446,18.551051070079446,100.0
7720,2,41.695417190393066,41.695417190393066,100.0
7730,0,16.506287438867368,16.506287438867368,100.0
7730,1,15.146313890400783,15.146313890400783,100.0
7730,2,68.34739867073185,68.34739867073185,100.0
7740,0,48.45971756239283,48.45971756239283,100.0
7740,1,28.492241983582133,28.492241983582133,100.0
7740,2,23.04804045402503,23.04804045402503,100.0
7750,0,25.27822223466262,25.27822223466262,100.0
7750,1,48.53778829846496,48.53778829846496,100.0
7750,2,26.183989466872426,26.183989466872426,100.0
7760,0,12.470742726219296,12.470742726219296,100.0
7760,1,32.122535269026436,32.122535269026436,100.0
7760,2,55.40672200475426,55.40672200475426,100.0
7770,0,11.772546787372242,11.772546787372242,100.0
7770,1,11.453767356128633,11.453767356128633,100.0
7770,2,76.77368585649913,76.77368585649913,100.0
7780,0,11.711731312399627,11.711731312399627,100.0
7780,1,27.396851427258955,27.396851427258955,100.0
7780,2,60.89141726034142,60.89141726034142,100.0
7790,0,45.79947842987729,45.79947842987729,100.0
7790,1,28.30467475550371,28.30467475550371,100.0
7790,2,25.895846814619006,25.895846814619006,100.0
7800,0,22.02008378888138,22.02008378888138,100.0
7800,1,13.222212000768351,13.222212000768351,100.0
7800,2,64.75770421035027,64.75770421035027,100.0
7810,0,26.228232324631577,26.228232324631577,100.0
7810,1,25.937125027281027,25.937125027281027,100.0
7810,2,47.83464264808738,47.83464264808738,100.0
7820,0,43.1735551181283,43.1735551181283,100.0
7820,1,21.659202159671572,21.659202159671572,100.0
7820,2,35.16724272220013,35.16724272220013,100.0
7830,0,11.198611112661757,11.198611112661757,100.0
7830,1,11.462413646817557,11.462413646817557,100.0
7830,2,77.3389752405207,77.3389752405207,100.0
7840,0,30.149365302346926,30.149365302346926,100.0
7840,1,13.312728466282643,13.312728466282643,100.0
7840,2,56.537906231370435,56.537906231370435,100.0
7850,0,18.70548714790424,18.70548714790424,100.0
7850,1,27.241393572896705,27.241393572896705,100.0
7850,2,54.05311927919906,54.05311927919906,100.0
7860,0,23.54882885567602,23.54882885567602,100.0
7860,1,40.31212121427642,40.31212121427642,100.0
7860,2,36.13904993004757,36.13904993004757,100.0
7870,0,58.96487019282013,58.96487019282013,100.0
7870,1,16.950483622452822,16.950483622452822,100.0
7870,2,24.084646184727053,24.084646184727053,100.0
7880,0,52.97574478685727,52.97574478685727,100.0
7880,1,9.660309728124318,9.660309728124318,100.0
7880,2,37.36394548501841,37.36394548501841,100.0
7890,0,13.030789714300717,13.030789714300717,100.0
7890,1,12.931230687356804,12.931230687356804,100.0
7890,2,74.03797959834249,74.03797959834249,100.0
7900,0,10.79185977820348,10.79185977820348,100.0
7900,1,36.239960282628594,36.239960282628594,100.0
7900,2,52.96817993916791,52.96817993916791,100.0
7910,0,30.064644352453634,30.064644352453634,100.0
7910,1,15.27407070606753,15.27407070606753,100.0
7910,2,54.66128494147884,54.66128494147884,100.0
7920,0,15.17772697202943,15.17772697202943,100.0
7920,1,11.789000080849009,11.789000080849009,100.0
7920,2,73.03327294712156,73.03327294712156,100.0
7930,0,42.4233074290597,42.4233074290597,100.0
7930,1,32.440922210736886,32.440922210736886,100.0
7930,2,25.135770360203423,25.135770360203423,100.0
7940,0,43.26097911091966,43.26097911091966,100.0
7940,1,25.22386658020364,25.22386658020364,100.0
7940,2,31.515154308876703,31.515154308876703,100.0
7950,0,14.619990540840444,14.619990540840444,100.0
7950,1,15.210253835341142,15.210253835341142,100.0
7950,2,70.16975562381842,70.16975562381842,100.0
7960,0,49.14297657501314,49.14297657501314,100.0
7960,1,37.75627695433929,37.75627695433929,100.0
7960,2,13.100746470647584,13.100746470647584,100.0
7970,0,12.35087131059608,12.35087131059608,100.0
7970,1,43.892477515536285,43.892477515536285,100.0
7970,2,43.75665117386764,43.75665117386764,100.0
7980,0,53.40038622132295,53.40038622132295,100.0
7980,1,16.29827026537183,16.29827026537183,100.0
7980,2,30.30134351330523,30.30134351330523,100.0
7990,0,28.57046492599497,28.57046492599497,100.0
7990,1,47.53647796246735,47.53647796246735,100.0
7990,2,23.89305711153767,23.89305711153767,100.0
8000,0,18.58932470187958,18.58932470187958,100.0
8000,1,39.879816962639495,39.879816962639495,100.0
8000,2,41.53085833548093,41.53085833548093,100.0
8010,0,10.701580414543626,10.701580414543626,100.0
8010,1,14.006558944213898,14.006558944213898,100.0
8010,2,75.29186064124247,75.29186064124247,100.0
8020,0,66.03171463569527,66.03171463569527,100.0
8020,1,16.44199188513632,16.44199188513632,100.0
8020,2,17.526293479168398,17.526293479168398,100.0
8030,0,11.283524005403882,11.283524005403882,100.0
8030,1,43.18337374942669,43.18337374942669,100.0
8030,2,45.533102245169424,45.533102245169424,100.0
8040,0,38.57510254837162,38.57510254837162,100.0
8040,1,40.83129117919106,40.83129117919106,100.0
8040,2,20.593606272437327,20.593606272437327,100.0
8050,0,50.54909175228629,50.54909175228629,100.0
8050,1,24.130327325382943,24.130327325382943,100.0
8050,2,25.32058092233077,25.32058092233077,100.0
8060,0,31.35416220474449,31.35416220474449,100.0
8060,1,39.43255690933926,39.43255690933926,100.0
8060,2,29.213280885916248,29.213280885916248,100.0
8070,0,11.393017716024985,11.393017716024985,100.0
8070,1,14.898339759304696,14.898339759304696,100.0
8070,2,73.70864252467032,73.70864252467032,100.0
8080,0,20.478078600231388,20.478078600231388,100.0
8080,1,26.233703300869077,26.233703300869077,100.0
8080,2,53.28821809889954,53.28821809889954,100.0
8090,0,43.876954275117086,43.876954275117086,100.0
8090,1,24.282591336924284,24.282591336924284,100.0
8090,2,31.840454387958633,31.840454387958633,100.0
8100,0,30.56079883805457,30.56079883805457,100.0
8100,1,30.29859189320871,30.29859189320871,100.0
8100,2,39.14060926873672,39.14060926873672,100.0
8110,0,18.549288561125994,18.549288561125994,100.0
8110,1,70.04004140727389,70.04004140727389,100.0
8110,2,11.410670031600127,11.410670031600127,100.0
8120,0,20.676883103354353,20.676883103354353,100.0
8120,1,26.326879726027997,26.326879726027997,100.0
8120,2,52.99623717061765,52.99623717061765,100.0
8130,0,15.860633299604476,15.860633299604476,100.0
8130,1,23.099523132125064,23.099523132125064,100.0
8130,2,61.03984356827047,61.03984356827047,100.0
8140,0,28.331189924551037,28.331189924551037,100.0
8140,1,38.99492523352275,38.99492523352275,100.0
8140,2,32.67388484192621,32.67388484192621,100.0
8150,0,24.646709638451416,24.646709638451416,100.0
8150,1,50.44494746825458,50.44494746825458,100.0
8150,2,24.908342893293995,24.908342893293995,100.0
8160,0,14.308027765005255,14.308027765005255,100.0
8160,1,48.98352133527781,48.98352133527781,100.0
8160,2,36.70845089971693,36.70845089971693,100.0
8170,0,32.89664247552743,32.89664247552743,100.0
8170,1,32.198199789950735,32.198199789950735,100.0
8170,2,34.90515773452182,34.90515773452182,100.0
8180,0,29.093573743751982,29.093573743751982,100.0
8180,1,56.0775186773667,56.0775186773667,100.0
8180,2,14.828907578881315,14.828907578881315,100.0
8190,0,10.884822611586218,10.884822611586218,100.0
8190,1,11.09289529560971,11.09289529560971,100.0
8190,2,78.02228209280408,78.02228209280408,100.0
8200,0,39.57548059644327,39.57548059644327,100.0
8200,1,30.30011284424431,30.30011284424431,100.0
8200,2,30.124406559312423,30.124406559312423,100.0
8210,0,22.586177191060226,22.586177191060226,100.0
8210,1,33.426802483666386,33.426802483666386,100.0
8210,2,43.98702032527339,43.98702032527339,100.0
8220,0,66.41667411025946,66.41667411025946,100.0
8220,1,15.70622914857785,15.70622914857785,100.0
8220,2,17.877096741162696,17.877096741162696,100.0
8230,0,19.31180058428012,19.31180058428012,100.0
8230,1,36.59237107439542,36.59237107439542,100.0
8230,2,44.09582834132444,44.09582834132444,100.0
8240,0,37.06674633742655,37.06674633742655,100.0
8240,1,29.939454387439966,29.939454387439966,100.0
8240,2,32.993799275133476,32.993799275133476,100.0
8250,0,11.787212076997564,11.787212076997564,100.0
8250,1,13.035671389323936,13.035671389323936,100.0
8250,2,75.17711653367851,75.17711653367851,100.0
8260,0,38.86007342567335,38.86007342567335,100.0
8260,1,17.470413360241626,17.470413360241626,100.0
8260,2,43.669513214085015,43.669513214085015,100.0
8270,0,30.620563189640425,30.620563189640425,100.0
8270,1,59.03219035063674,59.03219035063674,100.0
8270,2,10.347246459722832,10.347246459722832,100.0
8280,0,14.27689039548618,14.27689039548618,100.0
8280,1,30.446193660622452,30.446193660622452,100.0
8280,2,55.27691594389137,55.27691594389137,100.0
8290,0,45.66350522877705,45.66350522877705,100.0
8290,1,20.552892862457202,20.552892862457202,100.0
8290,2,33.78360190876576,33.78360190876576,100.0
8300,0,25.880000705798658,25.880000705798658,100.0
8300,1,32.27647405965694,32.27647405965694,100.0
8300,2,41.8435252345444,41.8435252345444,100.0
8310,0,16.477842224346098,16.477842224346098,100.0
8310,1,16.07939764329172,16.07939764329172,100.0
8310,2,67.44276013236218,67.44276013236218,100.0
8320,0,45.52547686123594,45.52547686123594,100.0
8320,1,18.18334284043386,18.18334284043386,100.0
8320,2,36.2911802983302,36.2911802983302,100.0
8330,0,33.3685787265582,33.3685787265582,100.0
8330,1,36.79783970965842,36.79783970965842,100.0
8330,2,29.833581563783383,29.833581563783383,100.0
8340,0,56.9574730247029,56.9574730247029,100.0
8340,1,30.48792386006964,30.48792386006964,100.0
8340,2,12.554603115227467,12.554603115227467,100.0
8350,0,32.2521421120801,32.2521421120801,100.0
8350,1,52.644810311674505,52.644810311674505,100.0
8350,2,15.103047576245396,15.103047576245396,100.0
8360,0,27.32079632532683,27.32079632532683,100.0
8360,1,29.126076941238388,29.126076941238388,100.0
8360,2,43.553126733434794,43.553126733434794,100.0
8370,0,11.356808055162748,11.356808055162748,100.0
8370,1,12.80169912243973,12.80169912243973,100.0
8370,2,75.84149282239753,75.84149282239753,100.0
8380,0,25.167174800830814,25.167174800830814,100.0
8380,1,64.42329615039567,64.42329615039567,100.0
8380,2,10.40952904877351,10.40952904877351,100.0
8390,0,16.28787573506571,16.28787573506571,100.0
8390,1,13.743048199281297,13.743048199281297,100.0
8390,2,69.96907606565298,69.96907606565298,100.0
8400,0,20.38861428312862,20.38861428312862,100.0
8400,1,54.21398895804547,54.21398895804547,100.0
8400,2,25.397396758825913,25.397396758825913,100.0
8410,0,44.46781719165615,44.46781719165615,100.0
8410,1,40.14481882613378,40.14481882613378,100.0
8410,2,15.387363982210045,15.387363982210045,100.0
8420,0,65.27094392607714,65.27094392607714,100.0
8420,1,12.475391244901704,12.475391244901704,100.0
8420,2,22.253664829021165,22.253664829021165,100.0
8430,0,28.081671268474288,28.081671268474288,100.0
8430,1,41.81109277330557,41.81109277330557,100.0
8430,2,30.107235958220137,30.107235958220137,100.0
8440,0,16.257931023271453,16.257931023271453,100.0
8440,1,34.21297805776778,34.21297805776778,100.0
8440,2,49.52909091896077,49.52909091896077,100.0
8450,0,14.865162241143537,14.865162241143537,100.0
8450,1,29.07220467701137,29.07220467701137,100.0
8450,2,56.06263308184509,56.06263308184509,100.0
8460,0,45.46224809958148,45.46224809958148,100.0
8460,1,27.238716343359528,27.238716343359528,100.0
8460,2,27.299035557058986,27.299035557058986,100.0
8470,0,14.75612583913507,14.75612583913507,100.0
8470,1,13.86938925007701,13.86938925007701,100.0
8470,2,71.37448491078793,71.37448491078793,100.0
8480,0,15.626808380603466,15.626808380603466,100.0
8480,1,68.16307382157713,68.16307382157713,100.0
8480,2,16.21011779781941,16.21011779781941,100.0
8490,0,14.616449634693277,14.616449634693277,100.0
8490,1,36.70116705363417,36.70116705363417,100.0
8490,2,48.68238331167256,48.68238331167256,100.0
8500,0,27.65262785238896,27.65262785238896,100.0
8500,1,34.992734489659306,34.992734489659306,100.0
8500,2,37.35463765795173,37.35463765795173,100.0
8510,0,33.576532978326185,33.576532978326185,100.0
8510,1,35.60859882178198,35.60859882178198,100.0
8510,2,30.814868199891848,30.814868199891848,100.0
8520,0,28.385470496638415,28.385470496638415,100.0
8520,1,44.306334374704655,44.306334374704655,100.0
8520,2,27.308195128656926,27.308195128656926,100.0
8530,0,9.73060961061177,9.73060961061177,100.0
8530,1,61.31942522589189,61.31942522589189,100.0
8530,2,28.949965163496344,28.949965163496344,100.0
8540,0,39.537282718591435,39.537282718591435,100.0
8540,1,11.071824340580878,11.071824340580878,100.0
8540,2,49.39089294082768,49.39089294082768,100.0
8550,0,13.834164584932088,13.834164584932088,100.0
8550,1,14.77727177655076,14.77727177655076,100.0
8550,2,71.38856363851717,71.38856363851717,100.0
8560,0,16.361350000191802,16.361350000191802,100.0
8560,1,40.349367493290615,40.349367493290615,100.0
8560,2,43.28928250651759,43.28928250651759,100.0
8570,0,28.109655507616537,28.109655507616537,100.0
8570,1,39.358729542968725,39.358729542968725,100.0
8570,2,32.531614949414745,32.531614949414745,100.0
8580,0,34.947649374943836,34.947649374943836,100.0
8580,1,29.677800238591313,29.677800238591313,100.0
8580,2,35.37455038646486,35.37455038646486,100.0
8590,0,23.296924779771008,23.296924779771008,100.0
8590,1,53.3019490829947,53.3019490829947,100.0
8590,2,23.40112613723429,23.40112613723429,100.0
8600,0,33.44126502795436,33.44126502795436,100.0
8600,1,46.71543643183357,46.71543643183357,100.0
8600,2,19.843298540212075,19.843298540212075,100.0
8610,0,11.341872516898425,11.341872516898425,100.0
8610,1,10.907816251967798,10.907816251967798,100.0
8610,2,77.75031123113378,77.75031123113378,100.0
8620,0,23.51348486331446,23.51348486331446,100.0
8620,1,43.77474417107763,43.77474417107763,100.0
8620,2,32.71177096560791,32.71177096560791,100.0
8630,0,18.218257137223894,18.218257137223894,100.0
8630,1,50.27211335613458,50.27211335613458,100.0
8630,2,31.509629506641524,31.509629506641524,100.0
8640,0,12.840913393729577,12.840913393729577,100.0
8640,1,36.44377871877546,36.44377871877546,100.0
8640,2,50.71530788749495,50.71530788749495,100.0
8650,0,58.49885831567756,58.49885831567756,100.0
8650,1,15.103409021746497,15.103409021746497,100.0
8650,2,26.397732662575947,26.397732662575947,100.0
8660,0,20.000052902130566,20.000052902130566,100.0
8660,1,64.52788960541116,64.52788960541116,100.0
8660,2,15.472057492458276,15.472057492458276,100.0
8670,0,11.04971338829439,11.04971338829439,100.0
8670,1,23.813251064226886,23.813251064226886,100.0
8670,2,65.13703554747873,65.13703554747873,100.0
8680,0,23.657543717188144,23.657543717188144,100.0
8680,1,39.19449367252302,39.19449367252302,100.0
8680,2,37.14796261028883,37.14796261028883,100.0
8690,0,14.42418382145772,14.42418382145772,100.0
8690,1,35.9490334420888,35.9490334420888,100.0
8690,2,49.626782736453485,49.626782736453485,100.0
8700,0,15.76978881240615,15.76978881240615,100.0
8700,1,59.8173729331219,59.8173729331219,100.0
8700,2,24.41283825447195,24.41283825447195,100.0
8710,0,16.585978480909645,16.585978480909645,100.0
8710,1,62.45148254127497,62.45148254127497,100.0
8710,2,20.962538977815385,20.962538977815385,100.0
8720,0,32.88072992194259,32.88072992194259,100.0
8720,1,12.782260597038487,12.782260597038487,100.0
8720,2,54.337009481018924,54.337009481018924,100.0
8730,0,25.163314896569304,25.163314896569304,100.0
8730,1,18.701197807292743,18.701197807292743,100.0
8730,2,56.13548729613795,56.13548729613795,100.0
8740,0,12.301159827298653,12.301159827298653,100.0
8740,1,36.05456968060242,36.05456968060242,100.0
8740,2,51.64427049209894,51.64427049209894,100.0
8750,0,25.558858698636378,25.558858698636378,100.0
8750,1,15.548528277103532,15.548528277103532,100.0
8750,2,58.892613024260086,58.892613024260086,100.0
8760,0,16.470134643862146,16.470134643862146,100.0
8760,1,15.721171075528545,15.721171075528545,100.0
8760,2,67.80869428060932,67.80869428060932,100.0
8770,0,35.765203549763235,35.765203549763235,100.0
8770,1,17.71963038563167,17.71963038563167,100.0
8770,2,46.51516606460509,46.51516606460509,100.0
8780,0,51.002411617479815,51.002411617479815,100.0
8780,1,17.616692014986597,17.616692014986597,100.0
8780,2,31.38089636753359,31.38089636753359,100.0
8790,0,12.362037438696476,12.362037438696476,100.0
8790,1,12.961066640145939,12.961066640145939,100.0
8790,2,74.67689592115758,74.67689592115758,100.0
8800,0,68.07839409883027,68.07839409883027,100.0
8800,1,14.132036027381142,14.132036027381142,100.0
8800,2,17.789569873788576,17.789569873788576,100.0
8810,0,29.512012314923787,29.512012314923787,100.0
8810,1,38.31473387420228,38.31473387420228,100.0
8810,2,32.17325381087393,32.17325381087393,100.0
8820,0,20.559398948613207,20.559398948613207,100.0
8820,1,51.76532304256628,51.76532304256628,100.0
8820,2,27.675278008820513,27.675278008820513,100.0
8830,0,70.39277295718097,70.39277295718097,100.0
8830,1,15.794562282882222,15.794562282882222,100.0
8830,2,13.812664759936824,13.812664759936824,100.0
8840,0,49.88961755970458,49.88961755970458,100.0
8840,1,17.31744192992344,17.31744192992344,100.0
8840,2,32.792940510371984,32.792940510371984,100.0
8850,0,15.502350834431148,15.502350834431148,100.0
8850,1,23.723137213798573,23.723137213798573,100.0
8850,2,60.77451195177028,60.77451195177028,100.0
8860,0,40.401220303162724,40.401220303162724,100.0
8860,1,16.528161759270716,16.528161759270716,100.0
8860,2,43.07061793756656,43.07061793756656,100.0
8870,0,17.588952136597673,17.588952136597673,100.0
8870,1,67.58735080337406,67.58735080337406,100.0
8870,2,14.823697060028259,14.823697060028259,100.0
8880,0,48.073401008004566,48.073401008004566,100.0
8880,1,38.62543220004752,38.62543220004752,100.0
8880,2,13.301166791947908,13.301166791947908,100.0
8890,0,49.81106765706703,49.81106765706703,100.0
8890,1,20.12604544489455,20.12604544489455,100.0
8890,2,30.06288689803843,30.06288689803843,100.0
8900,0,32.537049362169874,32.537049362169874,100.0
8900,1,31.351450642144226,31.351450642144226,100.0
8900,2,36.11149999568591,36.11149999568591,100.0
8910,0,14.505079919676339,14.505079919676339,100.0
8910,1,14.644951849101862,14.644951849101862,100.0
8910,2,70.84996823122181,70.84996823122181,100.0
8920,0,52.37943639870621,52.37943639870621,100.0
8920,1,33.51311286184534,33.51311286184534,100.0
8920,2,14.107450739448439,14.107450739448439,100.0
8930,0,37.17191955714169,37.17191955714169,100.0
8930,1,49.843025305026536,49.843025305026536,100.0
8930,2,12.98505513783178,12.98505513783178,100.0
8940,0,40.71664683960436,40.71664683960436,100.0
8940,1,19.203090658337764,19.203090658337764,100.0
8940,2,40.080262502057884,40.080262502057884,100.0
8950,0,44.46154656138317,44.46154656138317,100.0
8950,1,15.044032127347451,15.044032127347451,100.0
8950,2,40.49442131126938,40.49442131126938,100.0
8960,0,45.3974986526124,45.3974986526124,100.0
8960,1,40.080009642377604,40.080009642377604,100.0
8960,2,14.522491705010001,14.522491705010001,100.0
8970,0,11.01730730591207,11.01730730591207,100.0
8970,1,29.6584861232634,29.6584861232634,100.0
8970,2,59.324206570824536,59.324206570824536,100.0
8980,0,46.46371017913266,46.46371017913266,100.0
8980,1,29.1447915247492,29.1447915247492,100.0
8980,2,24.391498296118144,24.391498296118144,100.0
8990,0,17.861927604948853,17.861927604948853,100.0
8990,1,25.91219036217242,25.91219036217242,100.0
8990,2,56.22588203287873,56.22588203287873,100.0
9000,0,27.9118148433446,27.9118148433446,100.0
9000,1,35.323574884474056,35.323574884474056,100.0
9000,2,36.764610272181336,36.764610272181336,100.0
9010,0,11.979324680955973,11.979324680955973,100.0
9010,1,43.27656627314827,43.27656627314827,100.0
9010,2,44.744109045895755,44.744109045895755,100.0
9020,0,19.9567556204819,19.9567556204819,100.0
9020,1,12.566663594007874,12.566663594007874,100.0
9020,2,67.47658078551022,67.47658078551022,100.0
9030,0,10.810635047029777,10.810635047029777,100.0
9030,1,11.567434823688236,11.567434823688236,100.0
9030,2,77.62193012928199,77.62193012928199,100.0
9040,0,25.82501701325221,25.82501701325221,100.0
9040,1,29.52489559062053,29.52489559062053,100.0
9040,2,44.65008739612726,44.65008739612726,100.0
9050,0,57.839361468041076,57.839361468041076,100.0
9050,1,12.111674825827667,12.111674825827667,100.0
9050,2,30.048963706131264,30.048963706131264,100.0
9060,0,30.25517665876493,30.25517665876493,100.0
9060,1,36.74766121814327,36.74766121814327,100.0
9060,2,32.9971621230918,32.9971621230918,100.0
9070,0,38.16714889004424,38.16714889004424,100.0
9070,1,10.840884276527499,10.840884276527499,100.0
9070,2,50.99196683342826,50.99196683342826,100.0
9080,0,38.99656230593168,38.99656230593168,100.0
9080,1,52.678061339475335,52.678061339475335,100.0
9080,2,8.325376354592999,8.325376354592999,100.0
9090,0,12.337863762170292,12.337863762170292,100.0
9090,1,17.055754230411033,17.055754230411033,100.0
9090,2,70.60638200741867,70.60638200741867,100.0
9100,0,56.33528468229024,56.33528468229024,100.0
9100,1,23.100945919632753,23.100945919632753,100.0
9100,2,20.563769398077014,20.563769398077014,100.0
9110,0,17.654932151370307,17.654932151370307,100.0
9110,1,63.317117694718675,63.317117694718675,100.0
9110,2,19.027950153911018,19.027950153911018,100.0
9120,0,10.815435164607825,10.815435164607825,100.0
9120,1,65.35434968005752,65.35434968005752,100.0
9120,2,23.830215155334663,23.830215155334663,100.0
9130,0,40.82868853103312,40.82868853103312,100.0
9130,1,16.982465698086376,16.982465698086376,100.0
9130,2,42.1888457708805,42.1888457708805,100.0
9140,0,34.68742201829716,34.68742201829716,100.0
9140,1,49.261503211729526,49.261503211729526,100.0
9140,2,16.051074769973305,16.051074769973305,100.0
9150,0,12.032079380410826,12.032079380410826,100.0
9150,1,13.948500923496937,13.948500923496937,100.0
9150,2,74.01941969609224,74.01941969609224,100.0
9160,0,31.320663397977956,31.320663397977956,100.0
9160,1,43.147907147907155,43.147907147907155,100.0
9160,2,25.53142945411489,25.53142945411489,100.0
9170,0,54.93701269412053,54.93701269412053,100.0
9170,1,9.426804186106603,9.426804186106603,100.0
9170,2,35.63618311977287,35.63618311977287,100.0
9180,0,46.93550145452988,46.93550145452988,100.0
9180,1,20.356835317769544,20.356835317769544,100.0
9180,2,32.707663227700564,32.707663227700564,100.0
9190,0,13.58658017562419,13.58658017562419,100.0
9190,1,14.615283345253808,14.615283345253808,100.0
9190,2,71.798136479122,71.798136479122,100.0
9200,0,11.442404768896925,11.442404768896925,100.0
9200,1,72.11083424609458,72.11083424609458,100.0
9200,2,16.446760985008495,16.446760985008495,100.0
9210,0,32.901419135540934,32.901419135540934,100.0
9210,1,40.25629895373396,40.25629895373396,100.0
9210,2,26.842281910725102,26.842281910725102,100.0
9220,0,21.29809367195297,21.29809367195297,100.0
9220,1,33.80417977606439,33.80417977606439,100.0
9220,2,44.89772655198264,44.89772655198264,100.0
9230,0,41.748664644470836,41.748664644470836,100.0
9230,1,46.231117004026515,46.231117004026515,100.0
9230,2,12.020218351502653,12.020218351502653,100.0
9240,0,51.33597797996927,51.33597797996927,100.0
9240,1,35.27691233633318,35.27691233633318,100.0
9240,2,13.387109683697545,13.387109683697545,100.0
9250,0,39.84257684332406,39.84257684332406,100.0
9250,1,29.43825142268449,29.43825142268449,100.0
9250,2,30.719171733991452,30.719171733991452,100.0
9260,0,24.466523398651493,24.466523398651493,100.0
9260,1,50.25721087663501,50.25721087663501,100.0
9260,2,25.276265724713497,25.276265724713497,100.0
9270,0,11.374379538281799,11.374379538281799,100.0
9270,1,11.313001356162424,11.313001356162424,100.0
9270,2,77.31261910555578,77.31261910555578,100.0
9280,0,25.15254765177206,25.15254765177206,100.0
9280,1,52.054770638047145,52.054770638047145,100.0
9280,2,22.792681710180794,22.792681710180794,100.0
9290,0,49.36947605429435,49.36947605429435,100.0
9290,1,40.362872442945225,40.362872442945225,100.0
9290,2,10.267651502760419,10.267651502760419,100.0
9300,0,39.101470442737536,39.101470442737536,100.0
9300,1,38.3698445659566,38.3698445659566,100.0
9300,2,22.528684991305873,22.528684991305873,100.0
9310,0,27.132136649456235,27.132136649456235,100.0
9310,1,14.930659308206451,14.930659308206451,100.0
9310,2,57.93720404233732,57.93720404233732,100.0
9320,0,18.64693582514717,18.64693582514717,100.0
9320,1,56.28780395461139,56.28780395461139,100.0
9320,2,25.06526022024143,25.06526022024143,100.0
9330,0,13.731524322979238,13.731524322979238,100.0
9330,1,11.866467425243147,11.866467425243147,100.0
9330,2,74.40200825177762,74.40200825177762,100.0
9340,0,48.80347358868794,48.80347358868794,100.0
9340,1,33.17975707302071,33.17975707302071,100.0
9340,2,18.016769338291347,18.016769338291347,100.0
9350,0,37.814433040215015,37.814433040215015,100.0
9350,1,50.07305767776088,50.07305767776088,100.0
9350,2,12.112509282024108,12.112509282024108,100.0
9360,0,49.22379226129665,49.22379226129665,100.0
9360,1,18.990704821160914,18.990704821160914,100.0
9360,2,31.785502917542434,31.785502917542434,100.0
9370,0,38.745874075626354,38.745874075626354,100.0
9370,1,50.454419655101034,50.454419655101034,100.0
9370,2,10.79970626927261,10.79970626927261,100.0
9380,0,34.52129742775462,34.52129742775462,100.0
9380,1,54.919020068306246,54.919020068306246,100.0
9380,2,10.55968250393913,10.55968250393913,100.0
9390,0,11.010696018324705,11.010696018324705,100.0
9390,1,34.15516861014171,34.15516861014171,100.0
9390,2,54.83413537153359,54.83413537153359,100.0
9400,0,43.73317965997165,43.73317965997165,100.0
9400,1,32.990597649133704,32.990597649133704,100.0
9400,2,23.27622269089466,23.27622269089466,100.0
9410,0,11.035193780220894,11.035193780220894,100.0
9410,1,67.37424521498701,67.37424521498701,100.0
9410,2,21.590561004792082,21.590561004792082,100.0
9420,0,43.333701066596426,43.333701066596426,100.0
9420,1,39.439783418262586,39.439783418262586,100.0
9420,2,17.226515515140992,17.226515515140992,100.0
9430,0,38.02009368516574,38.02009368516574,100.0
9430,1,50.83630946260699,50.83630946260699,100.0
9430,2,11.143596852227278,11.143596852227278,100.0
9440,0,39.357352855669276,39.357352855669276,100.0
9440,1,24.968058772228645,24.968058772228645,100.0
9440,2,35.674588372102086,35.674588372102086,100.0
9450,0,16.499664271640487,16.499664271640487,100.0
9450,1,17.669694255212217,17.669694255212217,100.0
9450,2,65.8306414731473,65.8306414731473,100.0
9460,0,35.85793312484585,35.85793312484585,100.0
9460,1,24.16933522391354,24.16933522391354,100.0
9460,2,39.97273165124061,39.97273165124061,100.0
9470,0,13.729510105441436,13.729510105441436,100.0
9470,1,46.56924797062049,46.56924797062049,100.0
9470,2,39.70124192393808,39.70124192393808,100.0
9480,0,45.61785329754795,45.61785329754795,100.0
9480,1,19.45816712584056,19.45816712584056,100.0
9480,2,34.923979576611494,34.923979576611494,100.0
9490,0,35.21341971351279,35.21341971351279,100.0
9490,1,40.878311747411054,40.878311747411054,100.0
9490,2,23.908268539076158,23.908268539076158,100.0
9500,0,51.5236236109842,51.5236236109842,100.0
9500,1,32.02623804564359,32.02623804564359,100.0
9500,2,16.45013834337221,16.45013834337221,100.0
9510,0,12.869887446108727,12.869887446108727,100.0
9510,1,11.61763966129362,11.61763966129362,100.0
9510,2,75.51247289259766,75.51247289259766,100.0
9520,0,23.348943762357543,23.348943762357543,100.0
9520,1,31.721060716264354,31.721060716264354,100.0
9520,2,44.92999552137811,44.92999552137811,100.0
9530,0,21.285061597599313,21.285061597599313,100.0
9530,1,35.1293202711145,35.1293202711145,100.0
9530,2,43.58561813128619,43.58561813128619,100.0
9540,0,25.3580977259894,25.3580977259894,100.0
9540,1,40.12759678073219,40.12759678073219,100.0
9540,2,34.51430549327842,34.51430549327842,100.0
9550,0,49.36172917548154,49.36172917548154,100.0
9550,1,26.4345804955072,26.4345804955072,100.0
9550,2,24.203690329011263,24.203690329011263,100.0
9560,0,18.6636711502768,18.6636711502768,100.0
9560,1,35.3958740917727,35.3958740917727,100.0
9560,2,45.9404547579505,45.9404547579505,100.0
9570,0,11.604287503249544,11.604287503249544,100.0
9570,1,15.069188145932177,15.069188145932177,100.0
9570,2,73.32652435081827,73.32652435081827,100.0
9580,0,70.72202382989988,70.72202382989988,100.0
9580,1,12.718267707525488,12.718267707525488,100.0
9580,2,16.559708462574626,16.559708462574626,100.0
9590,0,24.405514429452918,24.405514429452918,100.0
9590,1,29.4327741795541,29.4327741795541,100.0
9590,2,46.16171139099297,46.16171139099297,100.0
9600,0,28.199880610259807,28.199880610259807,100.0
9600,1,18.950693642575096,18.950693642575096,100.0
9600,2,52.84942574716509,52.84942574716509,100.0
9610,0,25.49939939158265,25.49939939158265,100.0
9610,1,54.70078470561425,54.70078470561425,100.0
9610,2,19.799815902803104,19.799815902803104,100.0
9620,0,23.271451112703186,23.271451112703186,100.0
9620,1,35.717556506345815,35.717556506345815,100.0
9620,2,41.01099238095101,41.01099238095101,100.0
9630,0,14.42453967106076,14.42453967106076,100.0
9630,1,13.2533491051303,13.2533491051303,100.0
9630,2,72.32211122380895,72.32211122380895,100.0
9640,0,46.307896910989115,46.307896910989115,100.0
9640,1,36.048200578523684,36.048200578523684,100.0
9640,2,17.643902510487194,17.643902510487194,100.0
9650,0,58.031444620660785,58.031444620660785,100.0
9650,1,32.24608794425209,32.24608794425209,100.0
9650,2,9.722467435087122,9.722467435087122,100.0
9660,0,39.14441755415894,39.14441755415894,100.0
9660,1,25.920366171012567,25.920366171012567,100.0
9660,2,34.935216274828505,34.935216274828505,100.0
9670,0,62.38604796946278,62.38604796946278,100.0
9670,1,21.315266561801867,21.315266561801867,100.0
9670,2,16.29868546873536,16.29868546873536,100.0
9680,0,27.733734826991952,27.733734826991952,100.0
9680,1,54.9563707024896,54.9563707024896,100.0
9680,2,17.309894470518444,17.309894470518444,100.0
9690,0,14.453589395584638,14.453589395584638,100.0
9690,1,13.680598478066159,13.680598478066159,100.0
9690,2,71.8658121263492,71.8658121263492,100.0
9700,0,41.01892271108099,41.01892271108099,100.0
9700,1,39.64381827057918,39.64381827057918,100.0
9700,2,19.337259018339825,19.337259018339825,100.0
9710,0,28.628295059879825,28.628295059879825,100.0
9710,1,29.656407544822855,29.656407544822855,100.0
9710,2,41.71529739529731,41.71529739529731,100.0
9720,0,42.78250266791969,42.78250266791969,100.0
9720,1,31.657152135832806,31.657152135832806,100.0
9720,2,25.560345196247518,25.560345196247518,100.0
9730,0,43.94772191921371,43.94772191921371,100.0
9730,1,18.462346185783478,18.462346185783478,100.0
9730,2,37.589931895002806,37.589931895002806,100.0
9740,0,16.09165618536594,16.09165618536594,100.0
9740,1,36.350804534159394,36.350804534159394,100.0
9740,2,47.557539280474664,47.557539280474664,100.0
9750,0,11.182440260047136,11.182440260047136,100.0
9750,1,12.465207170112457,12.465207170112457,100.0
9750,2,76.3523525698404,76.3523525698404,100.0
9760,0,55.89067860104875,55.89067860104875,100.0
9760,1,15.50078414398233,15.50078414398233,100.0
9760,2,28.608537254968923,28.608537254968923,100.0
9770,0,42.25172329231917,42.25172329231917,100.0
9770,1,13.954132204442452,13.954132204442452,100.0
9770,2,43.79414450323839,43.79414450323839,100.0
9780,0,59.51029802913688,59.51029802913688,100.0
9780,1,19.075215923068317,19.075215923068317,100.0
9780,2,21.414486047794806,21.414486047794806,100.0
9790,0,43.8298403710467,43.8298403710467,100.0
9790,1,13.251777937275913,13.251777937275913,100.0
9790,2,42.918381691677396,42.918381691677396,100.0
9800,0,13.972901955784797,13.972901955784797,100.0
9800,1,67.61745127851943,67.61745127851943,100.0
9800,2,18.409646765695772,18.409646765695772,100.0
9810,0,12.694468760859825,12.694468760859825,100.0
9810,1,44.236476599427206,44.236476599427206,100.0
9810,2,43.06905463971296,43.06905463971296,100.0
9820,0,38.10837137004047,38.10837137004047,100.0
9820,1,16.378704383686973,16.378704383686973,100.0
9820,2,45.51292424627254,45.51292424627254,100.0
9830,0,46.80969144025636,46.80969144025636,100.0
9830,1,39.23720749759232,39.23720749759232,100.0
9830,2,13.95310106215133,13.95310106215133,100.0
9840,0,10.263632624031652,10.263632624031652,100.0
9840,1,44.96940640797582,44.96940640797582,100.0
9840,2,44.76696096799254,44.76696096799254,100.0
9850,0,66.30906450449994,66.30906450449994,100.0
9850,1,16.530760640316494,16.530760640316494,100.0
9850,2,17.160174855183573,17.160174855183573,100.0
9860,0,29.693424134421758,29.693424134421758,100.0
9860,1,29.5127743591493,29.5127743591493,100.0
9860,2,40.79380150642894,40.79380150642894,100.0
9870,0,14.308132406369639,14.308132406369639,100.0
9870,1,19.218170764029814,19.218170764029814,100.0
9870,2,66.47369682960054,66.47369682960054,100.0
9880,0,33.093724008886646,33.093724008886646,100.0
9880,1,15.03823726256661,15.03823726256661,100.0
9880,2,51.868038728546736,51.868038728546736,100.0
9890,0,40.65864169534578,40.65864169534578,100.0
9890,1,30.43035331338152,30.43035331338152,100.0
9890,2,28.91100499127271,28.91100499127271,100.0
9900,0,34.47866520704028,34.47866520704028,100.0
9900,1,34.18772515680066,34.18772515680066,100.0
9900,2,31.333609636159053,31.333609636159053,100.0
9910,0,67.95101951962198,67.95101951962198,100.0
9910,1,19.767698403589083,19.767698403589083,100.0
9910,2,12.281282076788932,12.281282076788932,100.0
9920,0,14.641762611075057,14.641762611075057,100.0
9920,1,34.562649931973255,34.562649931973255,100.0
9920,2,50.795587456951694,50.795587456951694,100.0
9930,0,11.858589410182795,11.858589410182795,100.0
9930,1,11.583582377300548,11.583582377300548,100.0
9930,2,76.55782821251665,76.55782821251665,100.0
9940,0,20.471598666241277,20.471598666241277,100.0
9940,1,44.69788245806623,44.69788245806623,100.0
9940,2,34.830518875692505,34.830518875692505,100.0
9950,0,36.20736113307495,36.20736113307495,100.0
9950,1,29.17433791617,29.17433791617,100.0
9950,2,34.61830095075506,34.61830095075506,100.0
9960,0,23.06759165426579,23.06759165426579,100.0
9960,1,60.76681132439058,60.76681132439058,100.0
9960,2,16.165597021343636,16.165597021343636,100.0
9970,0,52.30731372283388,52.30731372283388,100.0
9970,1,23.763091289240243,23.763091289240243,100.0
9970,2,23.92959498792587,23.92959498792587,100.0
9980,0,42.61789830392115,42.61789830392115,100.0
9980,1,42.25653492614318,42.25653492614318,100.0
9980,2,15.125566769935666,15.125566769935666,100.0
9990,0,11.696487593865486,11.696487593865486,100.0
9990,1,11.437451826358679,11.437451826358679,100.0
9990,2,76.86606057977585,76.86606057977585,100.0
