timestamp,sliceId,dedicatedPRB,minPRB,maxPRB
510,0,27.28599271095165,27.28599271095165,100.0
510,1,31.398569728928074,31.398569728928074,100.0
510,2,41.31543756012028,41.31543756012028,100.0
520,0,25.580330893108037,25.580330893108037,100.0
520,1,40.269679450146405,40.269679450146405,100.0
520,2,34.14998965674556,34.14998965674556,100.0
530,0,28.496394974747975,28.496394974747975,100.0
530,1,27.765378251945698,27.765378251945698,100.0
530,2,43.73822677330634,43.73822677330634,100.0
540,0,27.75449183091111,27.75449183091111,100.0
540,1,48.34015148137528,48.34015148137528,100.0
540,2,23.90535668771361,23.90535668771361,100.0
550,0,21.566064168050143,21.566064168050143,100.0
550,1,40.7388524360922,40.7388524360922,100.0
550,2,37.695083395857665,37.695083395857665,100.0
560,0,21.08390550309475,21.08390550309475,100.0
560,1,41.038154403310486,41.038154403310486,100.0
560,2,37.87794009359475,37.87794009359475,100.0
570,0,22.25654693410961,22.25654693410961,100.0
570,1,42.97191659794098,42.97191659794098,100.0
570,2,34.7715364679494,34.7715364679494,100.0
580,0,24.937171812142587,24.937171812142587,100.0
580,1,30.563062185023497,30.563062185023497,100.0
580,2,44.499766002833915,44.499766002833915,100.0
590,0,23.394328090789834,23.394328090789834,100.0
590,1,36.638182250526555,36.638182250526555,100.0
590,2,39.96748965868361,39.96748965868361,100.0
600,0,22.288201662242077,22.288201662242077,100.0
600,1,26.99138693594897,26.99138693594897,100.0
600,2,50.72041140180895,50.72041140180895,100.0
610,0,23.98291395435212,23.98291395435212,100.0
610,1,27.523681300063924,27.523681300063924,100.0
610,2,48.49340474558396,48.49340474558396,100.0
620,0,22.97526043671504,22.97526043671504,100.0
620,1,30.794810409127326,30.794810409127326,100.0
620,2,46.22992915415763,46.22992915415763,100.0
630,0,28.46268670453095,28.46268670453095,100.0
630,1,31.940444749845653,31.940444749845653,100.0
630,2,39.5968685456234,39.5968685456234,100.0
640,0,21.00086327428711,21.00086327428711,100.0
640,1,44.32426162014288,44.32426162014288,100.0
640,2,34.67487510557001,34.67487510557001,100.0
650,0,23.10240922708214,23.10240922708214,100.0
650,1,32.840537758774666,32.840537758774666,100.0
650,2,44.05705301414319,44.05705301414319,100.0
660,0,28.758451835133197,28.758451835133197,100.0
660,1,31.496142007535926,31.496142007535926,100.0
660,2,39.74540615733087,39.74540615733087,100.0
670,0,21.562215751267296,21.562215751267296,100.0
670,1,34.19579582899007,34.19579582899007,100.0
670,2,44.24198841974264,44.24198841974264,100.0
680,0,24.507420707221616,24.507420707221616,100.0
680,1,33.94754017621439,33.94754017621439,100.0
680,2,41.54503911656399,41.54503911656399,100.0
690,0,23.88841340883472,23.88841340883472,100.0
690,1,26.60062384812939,26.60062384812939,100.0
690,2,49.51096274303589,49.51096274303589,100.0
700,0,22.95921881776551,22.95921881776551,100.0
700,1,27.761974473043743,27.761974473043743,100.0
700,2,49.27880670919075,49.27880670919075,100.0
710,0,24.331375762653046,24.331375762653046,100.0
710,1,28.491409897884836,28.491409897884836,100.0
710,2,47.17721433946212,47.17721433946212,100.0
720,0,23.548244437899555,23.548244437899555,100.0
720,1,34.77586529029014,34.77586529029014,100.0
720,2,41.6758902718103,41.6758902718103,100.0
730,0,25.8483273827933,25.8483273827933,100.0
730,1,28.909936613659465,28.909936613659465,100.0
730,2,45.24173600354723,45.24173600354723,100.0
740,0,21.757786583740195,21.757786583740195,100.0
740,1,37.15522946058317,37.15522946058317,100.0
740,2,41.08698395567663,41.08698395567663,100.0
750,0,22.741398974293638,22.741398974293638,100.0
750,1,42.79848220494408,42.79848220494408,100.0
750,2,34.46011882076229,34.46011882076229,100.0
760,0,23.596708195968603,23.596708195968603,100.0
760,1,25.848391521340986,25.848391521340986,100.0
760,2,50.554900282690404,50.554900282690404,100.0
770,0,23.42083600466089,23.42083600466089,100.0
770,1,50.308137464889604,50.308137464889604,100.0
770,2,26.271026530449515,26.271026530449515,100.0
780,0,23.431517300793068,23.431517300793068,100.0
780,1,25.80179465528355,25.80179465528355,100.0
780,2,50.76668804392338,50.76668804392338,100.0
790,0,24.98912987850409,24.98912987850409,100.0
790,1,39.142417897200815,39.142417897200815,100.0
790,2,35.8684522242951,35.8684522242951,100.0
800,0,22.231100170760502,22.231100170760502,100.0
800,1,36.8348505625535,36.8348505625535,100.0
800,2,40.934049266685996,40.934049266685996,100.0
810,0,21.847649285607147,21.847649285607147,100.0
810,1,48.11280829867163,48.11280829867163,100.0
810,2,30.039542415721222,30.039542415721222,100.0
820,0,21.167570532898644,21.167570532898644,100.0
820,1,44.23299233354578,44.23299233354578,100.0
820,2,34.59943713355557,34.59943713355557,100.0
830,0,21.43062812263928,21.43062812263928,100.0
830,1,44.976879076041534,44.976879076041534,100.0
830,2,33.59249280131919,33.59249280131919,100.0
840,0,24.775269990204517,24.775269990204517,100.0
840,1,33.32244942331886,33.32244942331886,100.0
840,2,41.90228058647663,41.90228058647663,100.0
850,0,23.94485786272792,23.94485786272792,100.0
850,1,34.38862210116992,34.38862210116992,100.0
850,2,41.66652003610216,41.66652003610216,100.0
860,0,22.751924823216026,22.751924823216026,100.0
860,1,40.43814220802543,40.43814220802543,100.0
860,2,36.80993296875854,36.80993296875854,100.0
870,0,23.380271897218112,23.380271897218112,100.0
870,1,38.79531899300494,38.79531899300494,100.0
870,2,37.82440910977695,37.82440910977695,100.0
880,0,22.260739359388964,22.260739359388964,100.0
880,1,35.21809147407382,35.21809147407382,100.0
880,2,42.52116916653721,42.52116916653721,100.0
890,0,22.5558729464204,22.5558729464204,100.0
890,1,31.93855156802136,31.93855156802136,100.0
890,2,45.50557548555824,45.50557548555824,100.0
900,0,21.597688852592373,21.597688852592373,100.0
900,1,37.949132158805796,37.949132158805796,100.0
900,2,40.45317898860183,40.45317898860183,100.0
910,0,21.933311891217564,21.933311891217564,100.0
910,1,43.98789363020825,43.98789363020825,100.0
910,2,34.078794478574196,34.078794478574196,100.0
920,0,21.628672059384414,21.628672059384414,100.0
920,1,36.57648544042353,36.57648544042353,100.0
920,2,41.794842500192054,41.794842500192054,100.0
930,0,22.513933873374516,22.513933873374516,100.0
930,1,40.60976459270087,40.60976459270087,100.0
930,2,36.87630153392462,36.87630153392462,100.0
940,0,24.611349358279377,24.611349358279377,100.0
940,1,29.22894377040908,29.22894377040908,100.0
940,2,46.15970687131154,46.15970687131154,100.0
950,0,31.753882329888427,31.753882329888427,100.0
950,1,28.28198449974129,28.28198449974129,100.0
950,2,39.96413317037028,39.96413317037028,100.0
960,0,22.859584301218476,22.859584301218476,100.0
960,1,26.003185959076546,26.003185959076546,100.0
960,2,51.13722973970498,51.13722973970498,100.0
970,0,29.309979135750886,29.309979135750886,100.0
970,1,35.72113818281439,35.72113818281439,100.0
970,2,34.96888268143472,34.96888268143472,100.0
980,0,22.454233408873645,22.454233408873645,100.0
980,1,30.280346229885787,30.280346229885787,100.0
980,2,47.265420361240565,47.265420361240565,100.0
990,0,22.930543124544396,22.930543124544396,100.0
990,1,27.97153968823799,27.97153968823799,100.0
990,2,49.09791718721762,49.09791718721762,100.0
1000,0,24.199886233639766,24.199886233639766,100.0
1000,1,30.63384307205139,30.63384307205139,100.0
1000,2,45.16627069430884,45.16627069430884,100.0
1010,0,23.89713665062483,23.89713665062483,100.0
1010,1,32.610754318210425,32.610754318210425,100.0
1010,2,43.492109031164745,43.492109031164745,100.0
1020,0,22.002605575753023,22.002605575753023,100.0
1020,1,34.8508779290885,34.8508779290885,100.0
1020,2,43.14651649515848,43.14651649515848,100.0
1030,0,21.298724088774517,21.298724088774517,100.0
1030,1,40.130995358995044,40.130995358995044,100.0
1030,2,38.57028055223044,38.57028055223044,100.0
1040,0,24.160829428691052,24.160829428691052,100.0
1040,1,33.84179278921825,33.84179278921825,100.0
1040,2,41.997377782090695,41.997377782090695,100.0
1050,0,24.740939870220657,24.740939870220657,100.0
1050,1,26.783856106422334,26.783856106422334,100.0
1050,2,48.47520402335701,48.47520402335701,100.0
1060,0,23.732992443879485,23.732992443879485,100.0
1060,1,30.924385064436294,30.924385064436294,100.0
1060,2,45.34262249168422,45.34262249168422,100.0
1070,0,23.214441867902412,23.214441867902412,100.0
1070,1,33.786130222444726,33.786130222444726,100.0
1070,2,42.99942790965285,42.99942790965285,100.0
1080,0,23.70930356065576,23.70930356065576,100.0
1080,1,34.02751477282586,34.02751477282586,100.0
1080,2,42.263181666518385,42.263181666518385,100.0
1090,0,21.291467236305873,21.291467236305873,100.0
1090,1,43.24346524743579,43.24346524743579,100.0
1090,2,35.46506751625833,35.46506751625833,100.0
1100,0,22.83772115652208,22.83772115652208,100.0
1100,1,30.66604211375099,30.66604211375099,100.0
1100,2,46.49623672972693,46.49623672972693,100.0
1110,0,20.382332267841846,20.382332267841846,100.0
1110,1,43.356706890798655,43.356706890798655,100.0
1110,2,36.260960841359505,36.260960841359505,100.0
1120,0,22.32143750818982,22.32143750818982,100.0
1120,1,30.672790701790465,30.672790701790465,100.0
1120,2,47.005771790019715,47.005771790019715,100.0
1130,0,23.3669840134626,23.3669840134626,100.0
1130,1,43.036253885213306,43.036253885213306,100.0
1130,2,33.596762101324096,33.596762101324096,100.0
1140,0,21.470790971712777,21.470790971712777,100.0
1140,1,42.613806136345936,42.613806136345936,100.0
1140,2,35.915402891941284,35.915402891941284,100.0
1150,0,23.442167197879797,23.442167197879797,100.0
1150,1,42.237144722382034,42.237144722382034,100.0
1150,2,34.32068807973817,34.32068807973817,100.0
1160,0,23.906542408849553,23.906542408849553,100.0
1160,1,37.73823964741479,37.73823964741479,100.0
1160,2,38.35521794373567,38.35521794373567,100.0
1170,0,22.226114504143,22.226114504143,100.0
1170,1,36.406231056098314,36.406231056098314,100.0
1170,2,41.367654439758695,41.367654439758695,100.0
1180,0,23.967876279175627,23.967876279175627,100.0
1180,1,29.65211977022252,29.65211977022252,100.0
1180,2,46.38000395060185,46.38000395060185,100.0
1190,0,20.95313143088817,20.95313143088817,100.0
1190,1,42.798641522443084,42.798641522443084,100.0
1190,2,36.24822704666875,36.24822704666875,100.0
1200,0,22.089093431417442,22.089093431417442,100.0
1200,1,31.989333297957916,31.989333297957916,100.0
1200,2,45.92157327062464,45.92157327062464,100.0
1210,0,23.89611931599887,23.89611931599887,100.0
1210,1,27.596887135898562,27.596887135898562,100.0
1210,2,48.506993548102564,48.506993548102564,100.0
1220,0,21.94081432863629,21.94081432863629,100.0
1220,1,35.53223955840544,35.53223955840544,100.0
1220,2,42.526946112958264,42.526946112958264,100.0
1230,0,24.30594365758249,24.30594365758249,100.0
1230,1,27.991772711616296,27.991772711616296,100.0
1230,2,47.70228363080121,47.70228363080121,100.0
1240,0,22.128227154768425,22.128227154768425,100.0
1240,1,38.08161055381946,38.08161055381946,100.0
1240,2,39.790162291412116,39.790162291412116,100.0
1250,0,23.53537506554299,23.53537506554299,100.0
1250,1,34.28348259420606,34.28348259420606,100.0
1250,2,42.18114234025094,42.18114234025094,100.0
1260,0,21.72761957510058,21.72761957510058,100.0
1260,1,36.464152573776346,36.464152573776346,100.0
1260,2,41.80822785112308,41.80822785112308,100.0
1270,0,20.767285287944517,20.767285287944517,100.0
1270,1,40.2113620171536,40.2113620171536,100.0
1270,2,39.02135269490189,39.02135269490189,100.0
1280,0,22.38090325415549,22.38090325415549,100.0
1280,1,38.31478263850535,38.31478263850535,100.0
1280,2,39.30431410733916,39.30431410733916,100.0
1290,0,22.518219614099614,22.518219614099614,100.0
1290,1,35.2578440102264,35.2578440102264,100.0
1290,2,42.22393637567398,42.22393637567398,100.0
1300,0,21.810183163617662,21.810183163617662,100.0
1300,1,42.397470790649116,42.397470790649116,100.0
1300,2,35.792346045733225,35.792346045733225,100.0
1310,0,22.081063038535632,22.081063038535632,100.0
1310,1,33.975678478729414,33.975678478729414,100.0
1310,2,43.94325848273495,43.94325848273495,100.0
1320,0,21.898932602809783,21.898932602809783,100.0
1320,1,45.984446475540594,45.984446475540594,100.0
1320,2,32.11662092164963,32.11662092164963,100.0
1330,0,25.34949717403806,25.34949717403806,100.0
1330,1,27.171496654368926,27.171496654368926,100.0
1330,2,47.479006171593014,47.479006171593014,100.0
1340,0,24.49725784108702,24.49725784108702,100.0
1340,1,30.075089604194087,30.075089604194087,100.0
1340,2,45.42765255471889,45.42765255471889,100.0
1350,0,21.406352121818017,21.406352121818017,100.0
1350,1,41.02308765169983,41.02308765169983,100.0
1350,2,37.57056022648215,37.57056022648215,100.0
1360,0,21.472745586544004,21.472745586544004,100.0
1360,1,41.8581167679339,41.8581167679339,100.0
1360,2,36.669137645522106,36.669137645522106,100.0
1370,0,21.178921435979678,21.178921435979678,100.0
1370,1,40.051598198418866,40.051598198418866,100.0
1370,2,38.76948036560145,38.76948036560145,100.0
1380,0,25.48315591510813,25.48315591510813,100.0
1380,1,31.07914593467487,31.07914593467487,100.0
1380,2,43.43769815021701,43.43769815021701,100.0
1390,0,23.812105896716034,23.812105896716034,100.0
1390,1,28.077783057599742,28.077783057599742,100.0
1390,2,48.11011104568422,48.11011104568422,100.0
1400,0,21.8707969706738,21.8707969706738,100.0
1400,1,35.828402420541586,35.828402420541586,100.0
1400,2,42.30080060878462,42.30080060878462,100.0
1410,0,23.61983716167322,23.61983716167322,100.0
1410,1,27.124216601586,27.124216601586,100.0
1410,2,49.25594623674078,49.25594623674078,100.0
1420,0,22.219530121866423,22.219530121866423,100.0
1420,1,32.06593728313894,32.06593728313894,100.0
1420,2,45.71453259499463,45.71453259499463,100.0
1430,0,22.6640152777224,22.6640152777224,100.0
1430,1,40.86469416516174,40.86469416516174,100.0
1430,2,36.471290557115864,36.471290557115864,100.0
1440,0,21.351536872911243,21.351536872911243,100.0
1440,1,38.60905905024523,38.60905905024523,100.0
1440,2,40.039404076843525,40.039404076843525,100.0
1450,0,20.94609328189594,20.94609328189594,100.0
1450,1,40.023980937265826,40.023980937265826,100.0
1450,2,39.02992578083824,39.02992578083824,100.0
1460,0,22.045401018862528,22.045401018862528,100.0
1460,1,35.601152770217595,35.601152770217595,100.0
1460,2,42.353446210919884,42.353446210919884,100.0
1470,0,22.806321662036105,22.806321662036105,100.0
1470,1,43.131920781017286,43.131920781017286,100.0
1470,2,34.06175755694662,34.06175755694662,100.0
1480,0,22.588746408911998,22.588746408911998,100.0
1480,1,39.152800512279626,39.152800512279626,100.0
1480,2,38.258453078808365,38.258453078808365,100.0
1490,0,20.961482606854005,20.961482606854005,100.0
1490,1,44.119553752218046,44.119553752218046,100.0
1490,2,34.91896364092795,34.91896364092795,100.0
1500,0,20.571915258371998,20.571915258371998,100.0
1500,1,42.5976171946642,42.5976171946642,100.0
1500,2,36.830467546963796,36.830467546963796,100.0
1510,0,21.36152340281824,21.36152340281824,100.0
1510,1,36.2303431285727,36.2303431285727,100.0
1510,2,42.40813346860906,42.40813346860906,100.0
1520,0,21.760379305904877,21.760379305904877,100.0
1520,1,35.407777591793874,35.407777591793874,100.0
1520,2,42.83184310230125,42.83184310230125,100.0
1530,0,22.951517748675705,22.951517748675705,100.0
1530,1,30.66827335229642,30.66827335229642,100.0
1530,2,46.38020889902788,46.38020889902788,100.0
1540,0,23.949917213826147,23.949917213826147,100.0
1540,1,35.37396227469816,35.37396227469816,100.0
1540,2,40.676120511475695,40.676120511475695,100.0
1550,0,22.025774277211422,22.025774277211422,100.0
1550,1,43.28235882616889,43.28235882616889,100.0
1550,2,34.691866896619686,34.691866896619686,100.0
1560,0,24.102258735005343,24.102258735005343,100.0
1560,1,28.36758426683557,28.36758426683557,100.0
1560,2,47.530156998159086,47.530156998159086,100.0
1570,0,22.975857663571666,22.975857663571666,100.0
1570,1,26.138491727716534,26.138491727716534,100.0
1570,2,50.885650608711806,50.885650608711806,100.0
1580,0,23.706534331391588,23.706534331391588,100.0
1580,1,26.848758921236893,26.848758921236893,100.0
1580,2,49.44470674737151,49.44470674737151,100.0
1590,0,22.88047073511197,22.88047073511197,100.0
1590,1,29.249718943250873,29.249718943250873,100.0
1590,2,47.86981032163716,47.86981032163716,100.0
1600,0,21.686857898043645,21.686857898043645,100.0
1600,1,38.63272998935865,38.63272998935865,100.0
1600,2,39.680412112597715,39.680412112597715,100.0
1610,0,22.657777148998388,22.657777148998388,100.0
1610,1,33.50759756935785,33.50759756935785,100.0
1610,2,43.83462528164376,43.83462528164376,100.0
1620,0,22.458028377105148,22.458028377105148,100.0
1620,1,33.42133163853454,33.42133163853454,100.0
1620,2,44.1206399843603,44.1206399843603,100.0
1630,0,22.365331189198134,22.365331189198134,100.0
1630,1,39.084486386315554,39.084486386315554,100.0
1630,2,38.55018242448631,38.55018242448631,100.0
1640,0,20.66585760975571,20.66585760975571,100.0
1640,1,42.39381212255816,42.39381212255816,100.0
1640,2,36.94033026768613,36.94033026768613,100.0
1650,0,26.38679031925998,26.38679031925998,100.0
1650,1,30.585375293187383,30.585375293187383,100.0
1650,2,43.02783438755264,43.02783438755264,100.0
1660,0,21.038858826436485,21.038858826436485,100.0
1660,1,39.21139947049482,39.21139947049482,100.0
1660,2,39.7497417030687,39.7497417030687,100.0
1670,0,21.770396003237067,21.770396003237067,100.0
1670,1,34.04378025132996,34.04378025132996,100.0
1670,2,44.18582374543297,44.18582374543297,100.0
1680,0,24.442923264106746,24.442923264106746,100.0
1680,1,27.43043117533916,27.43043117533916,100.0
1680,2,48.126645560554095,48.126645560554095,100.0
1690,0,22.44427744077622,22.44427744077622,100.0
1690,1,41.33006563016601,41.33006563016601,100.0
1690,2,36.22565692905778,36.22565692905778,100.0
1700,0,22.16446697481827,22.16446697481827,100.0
1700,1,29.132798919013513,29.132798919013513,100.0
1700,2,48.70273410616821,48.70273410616821,100.0
1710,0,21.76136162524544,21.76136162524544,100.0
1710,1,42.92892516006095,42.92892516006095,100.0
1710,2,35.309713214693616,35.309713214693616,100.0
1720,0,22.665138726644106,22.665138726644106,100.0
1720,1,36.777588162234274,36.777588162234274,100.0
1720,2,40.557273111121624,40.557273111121624,100.0
1730,0,21.730414063056802,21.730414063056802,100.0
1730,1,37.28418330848026,37.28418330848026,100.0
1730,2,40.985402628462936,40.985402628462936,100.0
1740,0,23.30152629448532,23.30152629448532,100.0
1740,1,38.52343225001531,38.52343225001531,100.0
1740,2,38.17504145549936,38.17504145549936,100.0
1750,0,24.296595695064365,24.296595695064365,100.0
1750,1,30.49255099692604,30.49255099692604,100.0
1750,2,45.21085330800959,45.21085330800959,100.0
1760,0,23.52704185665911,23.52704185665911,100.0
1760,1,29.855773897875526,29.855773897875526,100.0
1760,2,46.61718424546537,46.61718424546537,100.0
1770,0,22.98249462291611,22.98249462291611,100.0
1770,1,33.48745169550323,33.48745169550323,100.0
1770,2,43.530053681580654,43.530053681580654,100.0
1780,0,23.855136398771123,23.855136398771123,100.0
1780,1,30.319234441521694,30.319234441521694,100.0
1780,2,45.825629159707184,45.825629159707184,100.0
1790,0,23.46911321453789,23.46911321453789,100.0
1790,1,33.17332366506395,33.17332366506395,100.0
1790,2,43.357563120398154,43.357563120398154,100.0
1800,0,24.730790804782494,24.730790804782494,100.0
1800,1,30.566499874323693,30.566499874323693,100.0
1800,2,44.70270932089382,44.70270932089382,100.0
1810,0,25.747018030692324,25.747018030692324,100.0
1810,1,29.03633247157284,29.03633247157284,100.0
1810,2,45.216649497734835,45.216649497734835,100.0
1820,0,22.487302985292924,22.487302985292924,100.0
1820,1,33.52581396061047,33.52581396061047,100.0
1820,2,43.986883054096616,43.986883054096616,100.0
1830,0,21.888015975398936,21.888015975398936,100.0
1830,1,36.134375037832186,36.134375037832186,100.0
1830,2,41.97760898676887,41.97760898676887,100.0
1840,0,22.301323339676216,22.301323339676216,100.0
1840,1,37.57206618954445,37.57206618954445,100.0
1840,2,40.12661047077933,40.12661047077933,100.0
1850,0,20.965380754882748,20.965380754882748,100.0
1850,1,43.84585531986846,43.84585531986846,100.0
1850,2,35.188763925248786,35.188763925248786,100.0
1860,0,22.338172735367234,22.338172735367234,100.0
1860,1,30.847771796751477,30.847771796751477,100.0
1860,2,46.814055467881296,46.814055467881296,100.0
1870,0,22.286093841953278,22.286093841953278,100.0
1870,1,36.24852999471652,36.24852999471652,100.0
1870,2,41.465376163330205,41.465376163330205,100.0
1880,0,24.435309712761494,24.435309712761494,100.0
1880,1,31.124134794822027,31.124134794822027,100.0
1880,2,44.44055549241648,44.44055549241648,100.0
1890,0,21.705662340994007,21.705662340994007,100.0
1890,1,34.729905458869325,34.729905458869325,100.0
1890,2,43.56443220013667,43.56443220013667,100.0
1900,0,21.939629406924443,21.939629406924443,100.0
1900,1,36.980834725493416,36.980834725493416,100.0
1900,2,41.07953586758214,41.07953586758214,100.0
1910,0,22.615869895626815,22.615869895626815,100.0
1910,1,41.62063488381875,41.62063488381875,100.0
1910,2,35.76349522055443,35.76349522055443,100.0
1920,0,24.34222194501352,24.34222194501352,100.0
1920,1,28.28743474367129,28.28743474367129,100.0
1920,2,47.37034331131519,47.37034331131519,100.0
1930,0,24.220208736972726,24.220208736972726,100.0
1930,1,28.294411092760228,28.294411092760228,100.0
1930,2,47.48538017026705,47.48538017026705,100.0
1940,0,24.03895886917614,24.03895886917614,100.0
1940,1,26.922361380354864,26.922361380354864,100.0
1940,2,49.03867975046899,49.03867975046899,100.0
1950,0,23.32609963496408,23.32609963496408,100.0
1950,1,29.069292804924828,29.069292804924828,100.0
1950,2,47.60460756011109,47.60460756011109,100.0
1960,0,21.629547831068212,21.629547831068212,100.0
1960,1,40.70195519615905,40.70195519615905,100.0
1960,2,37.66849697277274,37.66849697277274,100.0
1970,0,22.71668772423874,22.71668772423874,100.0
1970,1,35.90338215133748,35.90338215133748,100.0
1970,2,41.37993012442378,41.37993012442378,100.0
1980,0,20.85614564209501,20.85614564209501,100.0
1980,1,43.081328446273794,43.081328446273794,100.0
1980,2,36.062525911631205,36.062525911631205,100.0
1990,0,22.82153703030596,22.82153703030596,100.0
1990,1,33.632856632848004,33.632856632848004,100.0
1990,2,43.545606336846035,43.545606336846035,100.0
2000,0,22.735620014769438,22.735620014769438,100.0
2000,1,34.88059479287803,34.88059479287803,100.0
2000,2,42.38378519235253,42.38378519235253,100.0
2010,0,21.733294174269062,21.733294174269062,100.0
2010,1,38.563594198155215,38.563594198155215,100.0
2010,2,39.70311162757572,39.70311162757572,100.0
2020,0,24.067073745732685,24.067073745732685,100.0
2020,1,29.41351809986555,29.41351809986555,100.0
2020,2,46.519408154401766,46.519408154401766,100.0
2030,0,23.10647493373933,23.10647493373933,100.0
2030,1,35.13579928755724,35.13579928755724,100.0
2030,2,41.75772577870343,41.75772577870343,100.0
2040,0,20.906867117892514,20.906867117892514,100.0
2040,1,43.2819174442322,43.2819174442322,100.0
2040,2,35.81121543787529,35.81121543787529,100.0
2050,0,22.19283041882376,22.19283041882376,100.0
2050,1,40.37947391772116,40.37947391772116,100.0
2050,2,37.42769566345508,37.42769566345508,100.0
2060,0,21.899393750897257,21.899393750897257,100.0
2060,1,38.86881283176399,38.86881283176399,100.0
2060,2,39.23179341733875,39.23179341733875,100.0
2070,0,23.91279196718855,23.91279196718855,100.0
2070,1,30.08621561712877,30.08621561712877,100.0
2070,2,46.00099241568268,46.00099241568268,100.0
2080,0,24.12639122349407,24.12639122349407,100.0
2080,1,25.96863518292249,25.96863518292249,100.0
2080,2,49.90497359358345,49.90497359358345,100.0
2090,0,21.764240349691573,21.764240349691573,100.0
2090,1,36.77542813251951,36.77542813251951,100.0
2090,2,41.460331517788916,41.460331517788916,100.0
2100,0,22.767161932256,22.767161932256,100.0
2100,1,28.228783764754645,28.228783764754645,100.0
2100,2,49.00405430298936,49.00405430298936,100.0
2110,0,26.487299855947477,26.487299855947477,100.0
2110,1,29.64905948698291,29.64905948698291,100.0
2110,2,43.86364065706961,43.86364065706961,100.0
2120,0,22.703164972458634,22.703164972458634,100.0
2120,1,34.34141648097027,34.34141648097027,100.0
2120,2,42.9554185465711,42.9554185465711,100.0
2130,0,22.19496850871396,22.19496850871396,100.0
2130,1,31.520048446999592,31.520048446999592,100.0
2130,2,46.28498304428645,46.28498304428645,100.0
2140,0,22.777067544710807,22.777067544710807,100.0
2140,1,44.09376682057044,44.09376682057044,100.0
2140,2,33.12916563471877,33.12916563471877,100.0
2150,0,21.572792499250685,21.572792499250685,100.0
2150,1,34.78148871860057,34.78148871860057,100.0
2150,2,43.64571878214875,43.64571878214875,100.0
2160,0,21.920587421760168,21.920587421760168,100.0
2160,1,39.34148911583893,39.34148911583893,100.0
2160,2,38.7379234624009,38.7379234624009,100.0
2170,0,22.783678614386503,22.783678614386503,100.0
2170,1,39.44731632605079,39.44731632605079,100.0
2170,2,37.76900505956271,37.76900505956271,100.0
2180,0,22.60256439161529,22.60256439161529,100.0
2180,1,29.61326288758952,29.61326288758952,100.0
2180,2,47.78417272079519,47.78417272079519,100.0
2190,0,22.40324090750804,22.40324090750804,100.0
2190,1,40.56573754120313,40.56573754120313,100.0
2190,2,37.03102155128883,37.03102155128883,100.0
2200,0,22.8300091287256,22.8300091287256,100.0
2200,1,29.224574509254666,29.224574509254666,100.0
2200,2,47.945416362019735,47.945416362019735,100.0
2210,0,25.215710122283813,25.215710122283813,100.0
2210,1,31.765709634278988,31.765709634278988,100.0
2210,2,43.0185802434372,43.0185802434372,100.0
2220,0,23.394910200874993,23.394910200874993,100.0
2220,1,29.63754220740997,29.63754220740997,100.0
2220,2,46.96754759171504,46.96754759171504,100.0
2230,0,22.33375706607397,22.33375706607397,100.0
2230,1,37.45104289435471,37.45104289435471,100.0
2230,2,40.21520003957132,40.21520003957132,100.0
2240,0,23.907299323267132,23.907299323267132,100.0
2240,1,33.89106052210152,33.89106052210152,100.0
2240,2,42.20164015463135,42.20164015463135,100.0
2250,0,22.142468795851727,22.142468795851727,100.0
2250,1,43.46455049631675,43.46455049631675,100.0
2250,2,34.39298070783153,34.39298070783153,100.0
2260,0,25.00381119169183,25.00381119169183,100.0
2260,1,30.423071936806156,30.423071936806156,100.0
2260,2,44.57311687150201,44.57311687150201,100.0
2270,0,22.531886222867705,22.531886222867705,100.0
2270,1,29.078589252257547,29.078589252257547,100.0
2270,2,48.38952452487476,48.38952452487476,100.0
2280,0,21.775210827560425,21.775210827560425,100.0
2280,1,41.09111101421624,41.09111101421624,100.0
2280,2,37.13367815822333,37.13367815822333,100.0
2290,0,20.86602972155303,20.86602972155303,100.0
2290,1,42.180784845605345,42.180784845605345,100.0
2290,2,36.95318543284163,36.95318543284163,100.0
2300,0,23.294307586555348,23.294307586555348,100.0
2300,1,34.07993383627272,34.07993383627272,100.0
2300,2,42.62575857717193,42.62575857717193,100.0
2310,0,23.344132854926702,23.344132854926702,100.0
2310,1,33.27508232086363,33.27508232086363,100.0
2310,2,43.38078482420966,43.38078482420966,100.0
2320,0,22.400812947212646,22.400812947212646,100.0
2320,1,36.874636397491805,36.874636397491805,100.0
2320,2,40.72455065529555,40.72455065529555,100.0
2330,0,24.143327335920155,24.143327335920155,100.0
2330,1,30.5888325960534,30.5888325960534,100.0
2330,2,45.26784006802644,45.26784006802644,100.0
2340,0,23.701187881705415,23.701187881705415,100.0
2340,1,29.790997789553188,29.790997789553188,100.0
2340,2,46.5078143287414,46.5078143287414,100.0
2350,0,21.21590462188213,21.21590462188213,100.0
2350,1,40.28824790091593,40.28824790091593,100.0
2350,2,38.49584747720194,38.49584747720194,100.0
2360,0,22.90688256530686,22.90688256530686,100.0
2360,1,32.744802540859155,32.744802540859155,100.0
2360,2,44.34831489383399,44.34831489383399,100.0
2370,0,25.714355994395042,25.714355994395042,100.0
2370,1,27.282729944941657,27.282729944941657,100.0
2370,2,47.0029140606633,47.0029140606633,100.0
2380,0,25.42458380016258,25.42458380016258,100.0
2380,1,30.715385512897868,30.715385512897868,100.0
2380,2,43.86003068693955,43.86003068693955,100.0
2390,0,22.629720755540017,22.629720755540017,100.0
2390,1,42.79129282272287,42.79129282272287,100.0
2390,2,34.57898642173712,34.57898642173712,100.0
2400,0,23.06447366409683,23.06447366409683,100.0
2400,1,42.21953675740803,42.21953675740803,100.0
2400,2,34.71598957849514,34.71598957849514,100.0
2410,0,24.971254080210063,24.971254080210063,100.0
2410,1,28.5112572167774,28.5112572167774,100.0
2410,2,46.51748870301254,46.51748870301254,100.0
2420,0,23.6796821702046,23.6796821702046,100.0
2420,1,29.477635860637243,29.477635860637243,100.0
2420,2,46.842681969158164,46.842681969158164,100.0
2430,0,22.997497468371062,22.997497468371062,100.0
2430,1,40.11954458585218,40.11954458585218,100.0
2430,2,36.88295794577676,36.88295794577676,100.0
2440,0,23.933964478981213,23.933964478981213,100.0
2440,1,26.319355101244046,26.319355101244046,100.0
2440,2,49.74668041977474,49.74668041977474,100.0
2450,0,24.071683690516405,24.071683690516405,100.0
2450,1,33.64104282378755,33.64104282378755,100.0
2450,2,42.287273485696055,42.287273485696055,100.0
2460,0,26.328806940608025,26.328806940608025,100.0
2460,1,30.007041979920913,30.007041979920913,100.0
2460,2,43.66415107947106,43.66415107947106,100.0
2470,0,23.735053232534366,23.735053232534366,100.0
2470,1,28.405084072072984,28.405084072072984,100.0
2470,2,47.85986269539265,47.85986269539265,100.0
2480,0,21.629606099824827,21.629606099824827,100.0
2480,1,42.13113817722503,42.13113817722503,100.0
2480,2,36.23925572295013,36.23925572295013,100.0
2490,0,22.51165259090975,22.51165259090975,100.0
2490,1,38.75120855008194,38.75120855008194,100.0
2490,2,38.73713885900832,38.73713885900832,100.0
2500,0,22.59386508343941,22.59386508343941,100.0
2500,1,41.49205835324243,41.49205835324243,100.0
2500,2,35.91407656331817,35.91407656331817,100.0
2510,0,24.834676723890365,24.834676723890365,100.0
2510,1,30.351389765538862,30.351389765538862,100.0
2510,2,44.81393351057078,44.81393351057078,100.0
2520,0,24.18943492657609,24.18943492657609,100.0
2520,1,29.076399652075747,29.076399652075747,100.0
2520,2,46.73416542134816,46.73416542134816,100.0
2530,0,20.861858780462367,20.861858780462367,100.0
2530,1,44.02707520046384,44.02707520046384,100.0
2530,2,35.11106601907379,35.11106601907379,100.0
2540,0,21.506152064240958,21.506152064240958,100.0
2540,1,34.583062058049386,34.583062058049386,100.0
2540,2,43.910785877709664,43.910785877709664,100.0
2550,0,25.530143082930728,25.530143082930728,100.0
2550,1,27.400111270578947,27.400111270578947,100.0
2550,2,47.069745646490325,47.069745646490325,100.0
2560,0,22.41952205309203,22.41952205309203,100.0
2560,1,28.968796812643983,28.968796812643983,100.0
2560,2,48.611681134263996,48.611681134263996,100.0
2570,0,22.467248919922177,22.467248919922177,100.0
2570,1,33.924374922839355,33.924374922839355,100.0
2570,2,43.60837615723847,43.60837615723847,100.0
2580,0,22.351858604760572,22.351858604760572,100.0
2580,1,32.717549991742715,32.717549991742715,100.0
2580,2,44.93059140349672,44.93059140349672,100.0
2590,0,23.80370109108726,23.80370109108726,100.0
2590,1,26.607705412225886,26.607705412225886,100.0
2590,2,49.588593496686855,49.588593496686855,100.0
2600,0,24.276325074621973,24.276325074621973,100.0
2600,1,26.806203554031054,26.806203554031054,100.0
2600,2,48.91747137134698,48.91747137134698,100.0
2610,0,23.591217229512925,23.591217229512925,100.0
2610,1,38.7937492073297,38.7937492073297,100.0
2610,2,37.61503356315738,37.61503356315738,100.0
2620,0,21.762852180142037,21.762852180142037,100.0
2620,1,43.34009602164145,43.34009602164145,100.0
2620,2,34.89705179821651,34.89705179821651,100.0
2630,0,24.35157697349284,24.35157697349284,100.0
2630,1,42.0010174360866,42.0010174360866,100.0
2630,2,33.64740559042057,33.64740559042057,100.0
2640,0,22.88683154984449,22.88683154984449,100.0
2640,1,31.35788338180522,31.35788338180522,100.0
2640,2,45.75528506835029,45.75528506835029,100.0
2650,0,23.007477609241207,23.007477609241207,100.0
2650,1,29.322013300634186,29.322013300634186,100.0
2650,2,47.670509090124604,47.670509090124604,100.0
2660,0,21.064769900631468,21.064769900631468,100.0
2660,1,45.021043748843596,45.021043748843596,100.0
2660,2,33.914186350524936,33.914186350524936,100.0
2670,0,21.100242959459063,21.100242959459063,100.0
2670,1,43.82843308918189,43.82843308918189,100.0
2670,2,35.07132395135905,35.07132395135905,100.0
2680,0,22.604361314533637,22.604361314533637,100.0
2680,1,31.176874933511673,31.176874933511673,100.0
2680,2,46.2187637519547,46.2187637519547,100.0
2690,0,21.576971994242705,21.576971994242705,100.0
2690,1,35.3270652103016,35.3270652103016,100.0
2690,2,43.095962795455705,43.095962795455705,100.0
2700,0,23.266857114018237,23.266857114018237,100.0
2700,1,31.572421512432282,31.572421512432282,100.0
2700,2,45.160721373549485,45.160721373549485,100.0
2710,0,25.173347559454022,25.173347559454022,100.0
2710,1,34.13675342168484,34.13675342168484,100.0
2710,2,40.689899018861134,40.689899018861134,100.0
2720,0,21.854013153055767,21.854013153055767,100.0
2720,1,39.74594758600924,39.74594758600924,100.0
2720,2,38.400039260934996,38.400039260934996,100.0
2730,0,23.782411316775725,23.782411316775725,100.0
2730,1,33.78310875809027,33.78310875809027,100.0
2730,2,42.434479925134006,42.434479925134006,100.0
2740,0,23.3335308316344,23.3335308316344,100.0
2740,1,28.41279592497788,28.41279592497788,100.0
2740,2,48.253673243387716,48.253673243387716,100.0
2750,0,22.707653287565638,22.707653287565638,100.0
2750,1,30.901364845477335,30.901364845477335,100.0
2750,2,46.39098186695703,46.39098186695703,100.0
2760,0,22.584606048950103,22.584606048950103,100.0
2760,1,32.439108578068875,32.439108578068875,100.0
2760,2,44.976285372981025,44.976285372981025,100.0
2770,0,22.195184904749794,22.195184904749794,100.0
2770,1,37.023586971574815,37.023586971574815,100.0
2770,2,40.78122812367538,40.78122812367538,100.0
2780,0,24.263172335623956,24.263172335623956,100.0
2780,1,26.73685593753928,26.73685593753928,100.0
2780,2,48.99997172683677,48.99997172683677,100.0
2790,0,23.484611297338432,23.484611297338432,100.0
2790,1,42.42182080237089,42.42182080237089,100.0
2790,2,34.09356790029068,34.09356790029068,100.0
2800,0,24.69415597636978,24.69415597636978,100.0
2800,1,35.040061021013116,35.040061021013116,100.0
2800,2,40.265783002617106,40.265783002617106,100.0
2810,0,24.976867742229665,24.976867742229665,100.0
2810,1,35.790655461233044,35.790655461233044,100.0
2810,2,39.232476796537284,39.232476796537284,100.0
2820,0,23.236996560374234,23.236996560374234,100.0
2820,1,32.26870531523082,32.26870531523082,100.0
2820,2,44.494298124394945,44.494298124394945,100.0
2830,0,23.740097245359692,23.740097245359692,100.0
2830,1,32.15192968869853,32.15192968869853,100.0
2830,2,44.10797306594178,44.10797306594178,100.0
2840,0,22.985892515362654,22.985892515362654,100.0
2840,1,31.43620027819363,31.43620027819363,100.0
2840,2,45.57790720644371,45.57790720644371,100.0
2850,0,22.07774733624387,22.07774733624387,100.0
2850,1,29.37128060674391,29.37128060674391,100.0
2850,2,48.55097205701222,48.55097205701222,100.0
2860,0,22.46193482561126,22.46193482561126,100.0
2860,1,44.791520647550676,44.791520647550676,100.0
2860,2,32.746544526838065,32.746544526838065,100.0
2870,0,21.190416701702144,21.190416701702144,100.0
2870,1,42.338368012672554,42.338368012672554,100.0
2870,2,36.471215285625306,36.471215285625306,100.0
2880,0,21.757627484310916,21.757627484310916,100.0
2880,1,35.16024394668018,35.16024394668018,100.0
2880,2,43.0821285690089,43.0821285690089,100.0
2890,0,20.915004788985335,20.915004788985335,100.0
2890,1,43.264810300703715,43.264810300703715,100.0
2890,2,35.82018491031095,35.82018491031095,100.0
2900,0,21.141980915798243,21.141980915798243,100.0
2900,1,45.77822478949159,45.77822478949159,100.0
2900,2,33.079794294710176,33.079794294710176,100.0
2910,0,22.534143528640534,22.534143528640534,100.0
2910,1,35.00479486393126,35.00479486393126,100.0
2910,2,42.46106160742821,42.46106160742821,100.0
2920,0,22.308207433970235,22.308207433970235,100.0
2920,1,33.274246220577574,33.274246220577574,100.0
2920,2,44.417546345452195,44.417546345452195,100.0
2930,0,23.175646147769395,23.175646147769395,100.0
2930,1,35.76375158830513,35.76375158830513,100.0
2930,2,41.060602263925475,41.060602263925475,100.0
2940,0,21.182554851138693,21.182554851138693,100.0
2940,1,42.32273426725198,42.32273426725198,100.0
2940,2,36.49471088160932,36.49471088160932,100.0
2950,0,24.437242177601043,24.437242177601043,100.0
2950,1,29.83304783093375,29.83304783093375,100.0
2950,2,45.72970999146521,45.72970999146521,100.0
2960,0,23.313436829581978,23.313436829581978,100.0
2960,1,28.668378560522733,28.668378560522733,100.0
2960,2,48.018184609895286,48.018184609895286,100.0
2970,0,23.141857455247223,23.141857455247223,100.0
2970,1,32.60554565305581,32.60554565305581,100.0
2970,2,44.25259689169697,44.25259689169697,100.0
2980,0,22.880949836076503,22.880949836076503,100.0
2980,1,27.41262044386721,27.41262044386721,100.0
2980,2,49.706429720056285,49.706429720056285,100.0
2990,0,24.46082607971057,24.46082607971057,100.0
2990,1,29.458803149620007,29.458803149620007,100.0
2990,2,46.080370770669425,46.080370770669425,100.0
3000,0,22.202897037842874,22.202897037842874,100.0
3000,1,34.29721337216121,34.29721337216121,100.0
3000,2,43.49988958999592,43.49988958999592,100.0
3010,0,23.411551027323863,23.411551027323863,100.0
3010,1,34.61750129216478,34.61750129216478,100.0
3010,2,41.97094768051136,41.97094768051136,100.0
3020,0,25.07501959984434,25.07501959984434,100.0
3020,1,26.44378162101923,26.44378162101923,100.0
3020,2,48.48119877913643,48.48119877913643,100.0
3030,0,22.20631368605101,22.20631368605101,100.0
3030,1,34.488629683744506,34.488629683744506,100.0
3030,2,43.30505663020448,43.30505663020448,100.0
3040,0,22.635716987403615,22.635716987403615,100.0
3040,1,33.467831299463434,33.467831299463434,100.0
3040,2,43.89645171313295,43.89645171313295,100.0
3050,0,23.43455715503312,23.43455715503312,100.0
3050,1,27.752653606593725,27.752653606593725,100.0
3050,2,48.812789238373156,48.812789238373156,100.0
3060,0,23.381722872122907,23.381722872122907,100.0
3060,1,26.554982795243156,26.554982795243156,100.0
3060,2,50.063294332633944,50.063294332633944,100.0
3070,0,24.604392560653825,24.604392560653825,100.0
3070,1,40.80647698268,40.80647698268,100.0
3070,2,34.589130456666176,34.589130456666176,100.0
3080,0,22.454650937920306,22.454650937920306,100.0
3080,1,27.575883971266702,27.575883971266702,100.0
3080,2,49.96946509081299,49.96946509081299,100.0
3090,0,23.804352865091836,23.804352865091836,100.0
3090,1,30.356123803679967,30.356123803679967,100.0
3090,2,45.8395233312282,45.8395233312282,100.0
3100,0,21.470024749095014,21.470024749095014,100.0
3100,1,37.67171086690571,37.67171086690571,100.0
3100,2,40.85826438399928,40.85826438399928,100.0
3110,0,24.359142658200465,24.359142658200465,100.0
3110,1,31.321358436017277,31.321358436017277,100.0
3110,2,44.319498905782254,44.319498905782254,100.0
3120,0,22.480360357663564,22.480360357663564,100.0
3120,1,25.608681266643153,25.608681266643153,100.0
3120,2,51.9109583756933,51.9109583756933,100.0
3130,0,27.88731556344362,27.88731556344362,100.0
3130,1,30.05844465418976,30.05844465418976,100.0
3130,2,42.05423978236662,42.05423978236662,100.0
3140,0,23.48956449487706,23.48956449487706,100.0
3140,1,33.56890792638551,33.56890792638551,100.0
3140,2,42.94152757873742,42.94152757873742,100.0
3150,0,24.814242560442235,24.814242560442235,100.0
3150,1,32.87990710803852,32.87990710803852,100.0
3150,2,42.30585033151924,42.30585033151924,100.0
3160,0,22.05449446988635,22.05449446988635,100.0
3160,1,42.59611701049613,42.59611701049613,100.0
3160,2,35.34938851961753,35.34938851961753,100.0
3170,0,23.328902623700593,23.328902623700593,100.0
3170,1,26.13227266888898,26.13227266888898,100.0
3170,2,50.53882470741043,50.53882470741043,100.0
3180,0,25.366349688570857,25.366349688570857,100.0
3180,1,33.27967493414698,33.27967493414698,100.0
3180,2,41.35397537728217,41.35397537728217,100.0
3190,0,21.960104232894924,21.960104232894924,100.0
3190,1,35.694467081567694,35.694467081567694,100.0
3190,2,42.345428685537385,42.345428685537385,100.0
3200,0,21.925742091069665,21.925742091069665,100.0
3200,1,49.30151480527372,49.30151480527372,100.0
3200,2,28.772743103656605,28.772743103656605,100.0
3210,0,22.836778939242826,22.836778939242826,100.0
3210,1,29.21913529044513,29.21913529044513,100.0
3210,2,47.94408577031204,47.94408577031204,100.0
3220,0,21.285239854588365,21.285239854588365,100.0
3220,1,42.78502055035165,42.78502055035165,100.0
3220,2,35.929739595059985,35.929739595059985,100.0
3230,0,22.845924495825464,22.845924495825464,100.0
3230,1,31.237068591170882,31.237068591170882,100.0
3230,2,45.91700691300366,45.91700691300366,100.0
3240,0,21.17973211613587,21.17973211613587,100.0
3240,1,42.14817735652656,42.14817735652656,100.0
3240,2,36.67209052733757,36.67209052733757,100.0
3250,0,22.470188498103155,22.470188498103155,100.0
3250,1,35.24732871204797,35.24732871204797,100.0
3250,2,42.28248278984888,42.28248278984888,100.0
3260,0,21.384481357324987,21.384481357324987,100.0
3260,1,43.166441064970286,43.166441064970286,100.0
3260,2,35.449077577704735,35.449077577704735,100.0
3270,0,22.449331627132143,22.449331627132143,100.0
3270,1,33.477430566890156,33.477430566890156,100.0
3270,2,44.0732378059777,44.0732378059777,100.0
3280,0,23.86845567849585,23.86845567849585,100.0
3280,1,28.878701717762574,28.878701717762574,100.0
3280,2,47.25284260374158,47.25284260374158,100.0
3290,0,21.898306614320312,21.898306614320312,100.0
3290,1,33.303505826614995,33.303505826614995,100.0
3290,2,44.798187559064694,44.798187559064694,100.0
3300,0,22.60184031169918,22.60184031169918,100.0
3300,1,33.551531366901926,33.551531366901926,100.0
3300,2,43.84662832139889,43.84662832139889,100.0
3310,0,22.62347256467506,22.62347256467506,100.0
3310,1,32.04210015137217,32.04210015137217,100.0
3310,2,45.33442728395278,45.33442728395278,100.0
3320,0,23.017943651753143,23.017943651753143,100.0
3320,1,36.600945342884685,36.600945342884685,100.0
3320,2,40.38111100536217,40.38111100536217,100.0
3330,0,21.742031916443192,21.742031916443192,100.0
3330,1,41.71266950770208,41.71266950770208,100.0
3330,2,36.54529857585474,36.54529857585474,100.0
3340,0,20.589381469514226,20.589381469514226,100.0
3340,1,42.57908961076355,42.57908961076355,100.0
3340,2,36.83152891972223,36.83152891972223,100.0
3350,0,20.839626372306615,20.839626372306615,100.0
3350,1,43.17271240395842,43.17271240395842,100.0
3350,2,35.98766122373496,35.98766122373496,100.0
3360,0,20.92112326675113,20.92112326675113,100.0
3360,1,41.08355484388023,41.08355484388023,100.0
3360,2,37.99532188936865,37.99532188936865,100.0
3370,0,22.000169405374287,22.000169405374287,100.0
3370,1,37.71678934825209,37.71678934825209,100.0
3370,2,40.28304124637363,40.28304124637363,100.0
3380,0,24.00717391778126,24.00717391778126,100.0
3380,1,36.548308499606,36.548308499606,100.0
3380,2,39.44451758261274,39.44451758261274,100.0
3390,0,20.64390360082288,20.64390360082288,100.0
3390,1,44.09383405832166,44.09383405832166,100.0
3390,2,35.262262340855465,35.262262340855465,100.0
3400,0,24.112925613878733,24.112925613878733,100.0
3400,1,26.809721903527127,26.809721903527127,100.0
3400,2,49.07735248259414,49.07735248259414,100.0
3410,0,22.631917067424865,22.631917067424865,100.0
3410,1,33.50097202046744,33.50097202046744,100.0
3410,2,43.86711091210769,43.86711091210769,100.0
3420,0,23.63710162847549,23.63710162847549,100.0
3420,1,41.23183852711608,41.23183852711608,100.0
3420,2,35.131059844408426,35.131059844408426,100.0
3430,0,24.186632312072586,24.186632312072586,100.0
3430,1,26.627550023923707,26.627550023923707,100.0
3430,2,49.18581766400371,49.18581766400371,100.0
3440,0,23.78417811725134,23.78417811725134,100.0
3440,1,28.756855685544192,28.756855685544192,100.0
3440,2,47.45896619720447,47.45896619720447,100.0
3450,0,21.08814197808584,21.08814197808584,100.0
3450,1,42.4518590170591,42.4518590170591,100.0
3450,2,36.45999900485506,36.45999900485506,100.0
3460,0,21.735063028620857,21.735063028620857,100.0
3460,1,32.946373769646506,32.946373769646506,100.0
3460,2,45.31856320173264,45.31856320173264,100.0
3470,0,20.647301432875192,20.647301432875192,100.0
3470,1,42.44600306613784,42.44600306613784,100.0
3470,2,36.90669550098698,36.90669550098698,100.0
3480,0,20.72003947538882,20.72003947538882,100.0
3480,1,43.26019756563916,43.26019756563916,100.0
3480,2,36.01976295897201,36.01976295897201,100.0
3490,0,21.21547939841327,21.21547939841327,100.0
3490,1,39.43817558718781,39.43817558718781,100.0
3490,2,39.34634501439893,39.34634501439893,100.0
3500,0,22.088339105028552,22.088339105028552,100.0
3500,1,32.55723182906929,32.55723182906929,100.0
3500,2,45.35442906590216,45.35442906590216,100.0
3510,0,25.133369552826217,25.133369552826217,100.0
3510,1,28.47932532553149,28.47932532553149,100.0
3510,2,46.38730512164229,46.38730512164229,100.0
3520,0,25.466295132340335,25.466295132340335,100.0
3520,1,33.771561797776016,33.771561797776016,100.0
3520,2,40.76214306988365,40.76214306988365,100.0
3530,0,23.67188518342257,23.67188518342257,100.0
3530,1,31.508159373595678,31.508159373595678,100.0
3530,2,44.819955442981744,44.819955442981744,100.0
3540,0,21.522340826936993,21.522340826936993,100.0
3540,1,37.202599222869225,37.202599222869225,100.0
3540,2,41.27505995019378,41.27505995019378,100.0
3550,0,22.956342659466838,22.956342659466838,100.0
3550,1,30.956053005333406,30.956053005333406,100.0
3550,2,46.08760433519976,46.08760433519976,100.0
3560,0,20.851686617927463,20.851686617927463,100.0
3560,1,41.508231154924644,41.508231154924644,100.0
3560,2,37.6400822271479,37.6400822271479,100.0
3570,0,27.424551610329406,27.424551610329406,100.0
3570,1,29.896790014672746,29.896790014672746,100.0
3570,2,42.67865837499784,42.67865837499784,100.0
3580,0,21.48063403745462,21.48063403745462,100.0
3580,1,41.03460016501743,41.03460016501743,100.0
3580,2,37.48476579752795,37.48476579752795,100.0
3590,0,21.10771092108818,21.10771092108818,100.0
3590,1,42.84682884281214,42.84682884281214,100.0
3590,2,36.04546023609968,36.04546023609968,100.0
3600,0,21.832050568190688,21.832050568190688,100.0
3600,1,45.04664401283075,45.04664401283075,100.0
3600,2,33.12130541897857,33.12130541897857,100.0
3610,0,20.744110728418967,20.744110728418967,100.0
3610,1,40.822210449639606,40.822210449639606,100.0
3610,2,38.43367882194143,38.43367882194143,100.0
3620,0,24.587336842713643,24.587336842713643,100.0
3620,1,30.19413564765221,30.19413564765221,100.0
3620,2,45.21852750963415,45.21852750963415,100.0
3630,0,23.350572479433946,23.350572479433946,100.0
3630,1,30.116298832282144,30.116298832282144,100.0
3630,2,46.5331286882839,46.5331286882839,100.0
3640,0,22.016115896582235,22.016115896582235,100.0
3640,1,32.708638352822575,32.708638352822575,100.0
3640,2,45.2752457505952,45.2752457505952,100.0
3650,0,26.090606824901137,26.090606824901137,100.0
3650,1,27.64660447965398,27.64660447965398,100.0
3650,2,46.26278869544488,46.26278869544488,100.0
3660,0,23.111733860078047,23.111733860078047,100.0
3660,1,36.24260350607161,36.24260350607161,100.0
3660,2,40.64566263385034,40.64566263385034,100.0
3670,0,22.46873573945037,22.46873573945037,100.0
3670,1,34.8270996670121,34.8270996670121,100.0
3670,2,42.70416459353753,42.70416459353753,100.0
3680,0,24.155037602761514,24.155037602761514,100.0
3680,1,34.30106363696475,34.30106363696475,100.0
3680,2,41.543898760273734,41.543898760273734,100.0
3690,0,25.94324304727659,25.94324304727659,100.0
3690,1,35.31518802560579,35.31518802560579,100.0
3690,2,38.741568927117626,38.741568927117626,100.0
3700,0,21.720252111091153,21.720252111091153,100.0
3700,1,38.177953163073944,38.177953163073944,100.0
3700,2,40.101794725834914,40.101794725834914,100.0
3710,0,24.588111095305397,24.588111095305397,100.0
3710,1,32.03420117437928,32.03420117437928,100.0
3710,2,43.37768773031532,43.37768773031532,100.0
3720,0,23.405894639271274,23.405894639271274,100.0
3720,1,36.82132871631886,36.82132871631886,100.0
3720,2,39.77277664440987,39.77277664440987,100.0
3730,0,24.473222632417084,24.473222632417084,100.0
3730,1,26.17045106307538,26.17045106307538,100.0
3730,2,49.35632630450754,49.35632630450754,100.0
3740,0,22.42967302716696,22.42967302716696,100.0
3740,1,39.67212665919268,39.67212665919268,100.0
3740,2,37.898200313640366,37.898200313640366,100.0
3750,0,22.95910029583337,22.95910029583337,100.0
3750,1,29.44969893908548,29.44969893908548,100.0
3750,2,47.59120076508115,47.59120076508115,100.0
3760,0,24.49592879230887,24.49592879230887,100.0
3760,1,27.02466882858759,27.02466882858759,100.0
3760,2,48.47940237910354,48.47940237910354,100.0
3770,0,20.737874407441176,20.737874407441176,100.0
3770,1,44.93532891845898,44.93532891845898,100.0
3770,2,34.326796674099846,34.326796674099846,100.0
3780,0,21.588721212964064,21.588721212964064,100.0
3780,1,37.546441325768,37.546441325768,100.0
3780,2,40.86483746126794,40.86483746126794,100.0
3790,0,21.70940046562273,21.70940046562273,100.0
3790,1,41.001645717522685,41.001645717522685,100.0
3790,2,37.28895381685459,37.28895381685459,100.0
3800,0,24.43882502163155,24.43882502163155,100.0
3800,1,34.55274982986406,34.55274982986406,100.0
3800,2,41.008425148504394,41.008425148504394,100.0
3810,0,22.73678349824732,22.73678349824732,100.0
3810,1,33.95694662588481,33.95694662588481,100.0
3810,2,43.30626987586787,43.30626987586787,100.0
3820,0,23.959957308337394,23.959957308337394,100.0
3820,1,27.64681708447495,27.64681708447495,100.0
3820,2,48.39322560718766,48.39322560718766,100.0
3830,0,23.417759455420455,23.417759455420455,100.0
3830,1,31.551794808586475,31.551794808586475,100.0
3830,2,45.03044573599306,45.03044573599306,100.0
3840,0,22.860461089964097,22.860461089964097,100.0
3840,1,37.821463876742314,37.821463876742314,100.0
3840,2,39.31807503329359,39.31807503329359,100.0
3850,0,22.912081964467838,22.912081964467838,100.0
3850,1,37.18180923681725,37.18180923681725,100.0
3850,2,39.906108798714904,39.906108798714904,100.0
3860,0,23.768984081232304,23.768984081232304,100.0
3860,1,33.95473963975122,33.95473963975122,100.0
3860,2,42.27627627901648,42.27627627901648,100.0
3870,0,22.232471808015696,22.232471808015696,100.0
3870,1,34.12823532994773,34.12823532994773,100.0
3870,2,43.63929286203657,43.63929286203657,100.0
3880,0,22.073194809037787,22.073194809037787,100.0
3880,1,46.95536147848346,46.95536147848346,100.0
3880,2,30.971443712478752,30.971443712478752,100.0
3890,0,21.513226448243042,21.513226448243042,100.0
3890,1,35.31952133816061,35.31952133816061,100.0
3890,2,43.16725221359635,43.16725221359635,100.0
3900,0,23.834363108088986,23.834363108088986,100.0
3900,1,35.81445839428463,35.81445839428463,100.0
3900,2,40.351178497626385,40.351178497626385,100.0
3910,0,21.58352703425692,21.58352703425692,100.0
3910,1,43.38361705004172,43.38361705004172,100.0
3910,2,35.03285591570135,35.03285591570135,100.0
3920,0,23.910469760935875,23.910469760935875,100.0
3920,1,37.24704198814901,37.24704198814901,100.0
3920,2,38.842488250915125,38.842488250915125,100.0
3930,0,23.017382648918506,23.017382648918506,100.0
3930,1,32.695037980741645,32.695037980741645,100.0
3930,2,44.287579370339856,44.287579370339856,100.0
3940,0,24.0049739184464,24.0049739184464,100.0
3940,1,30.022861452149584,30.022861452149584,100.0
3940,2,45.97216462940401,45.97216462940401,100.0
3950,0,24.873662916189325,24.873662916189325,100.0
3950,1,28.518220554454743,28.518220554454743,100.0
3950,2,46.60811652935594,46.60811652935594,100.0
3960,0,21.02281075609658,21.02281075609658,100.0
3960,1,43.13840479404818,43.13840479404818,100.0
3960,2,35.83878444985524,35.83878444985524,100.0
3970,0,23.498866874968087,23.498866874968087,100.0
3970,1,30.58395288937753,30.58395288937753,100.0
3970,2,45.91718023565438,45.91718023565438,100.0
3980,0,23.870366937945665,23.870366937945665,100.0
3980,1,26.367435831931875,26.367435831931875,100.0
3980,2,49.76219723012246,49.76219723012246,100.0
3990,0,24.917703828734535,24.917703828734535,100.0
3990,1,27.88686852977461,27.88686852977461,100.0
3990,2,47.19542764149085,47.19542764149085,100.0
4000,0,21.29634151201728,21.29634151201728,100.0
4000,1,43.38024331908624,43.38024331908624,100.0
4000,2,35.323415168896496,35.323415168896496,100.0
4010,0,23.288714444439112,23.288714444439112,100.0
4010,1,35.512501481956896,35.512501481956896,100.0
4010,2,41.19878407360398,41.19878407360398,100.0
4020,0,21.74951957383379,21.74951957383379,100.0
4020,1,37.326584427360515,37.326584427360515,100.0
4020,2,40.92389599880569,40.92389599880569,100.0
4030,0,25.009572130933723,25.009572130933723,100.0
4030,1,29.857522012481475,29.857522012481475,100.0
4030,2,45.13290585658481,45.13290585658481,100.0
4040,0,21.91349790795999,21.91349790795999,100.0
4040,1,41.41388068743702,41.41388068743702,100.0
4040,2,36.67262140460299,36.67262140460299,100.0
4050,0,22.96337193701938,22.96337193701938,100.0
4050,1,35.73956134916238,35.73956134916238,100.0
4050,2,41.29706671381824,41.29706671381824,100.0
4060,0,22.820788921330035,22.820788921330035,100.0
4060,1,34.57832643951131,34.57832643951131,100.0
4060,2,42.60088463915865,42.60088463915865,100.0
4070,0,21.732572450247645,21.732572450247645,100.0
4070,1,40.95697843766985,40.95697843766985,100.0
4070,2,37.31044911208251,37.31044911208251,100.0
4080,0,24.699387546591943,24.699387546591943,100.0
4080,1,28.917674038621975,28.917674038621975,100.0
4080,2,46.38293841478608,46.38293841478608,100.0
4090,0,21.494678427287095,21.494678427287095,100.0
4090,1,44.390476202555895,44.390476202555895,100.0
4090,2,34.11484537015701,34.11484537015701,100.0
4100,0,24.513014206780714,24.513014206780714,100.0
4100,1,27.956292910318858,27.956292910318858,100.0
4100,2,47.530692882900425,47.530692882900425,100.0
4110,0,20.754458701870373,20.754458701870373,100.0
4110,1,43.93394625123274,43.93394625123274,100.0
4110,2,35.31159504689688,35.31159504689688,100.0
4120,0,24.13531257029514,24.13531257029514,100.0
4120,1,27.688842920693226,27.688842920693226,100.0
4120,2,48.17584450901163,48.17584450901163,100.0
4130,0,23.034780180583763,23.034780180583763,100.0
4130,1,28.093385198314735,28.093385198314735,100.0
4130,2,48.8718346211015,48.8718346211015,100.0
4140,0,25.975219103329866,25.975219103329866,100.0
4140,1,27.037031134747846,27.037031134747846,100.0
4140,2,46.98774976192229,46.98774976192229,100.0
4150,0,26.299797101777184,26.299797101777184,100.0
4150,1,39.659199135625855,39.659199135625855,100.0
4150,2,34.04100376259696,34.04100376259696,100.0
4160,0,22.461929202491856,22.461929202491856,100.0
4160,1,30.381504375360574,30.381504375360574,100.0
4160,2,47.15656642214758,47.15656642214758,100.0
4170,0,21.861673006364466,21.861673006364466,100.0
4170,1,39.07827606487322,39.07827606487322,100.0
4170,2,39.060050928762315,39.060050928762315,100.0
4180,0,22.320648108847788,22.320648108847788,100.0
4180,1,37.449887197141656,37.449887197141656,100.0
4180,2,40.22946469401056,40.22946469401056,100.0
4190,0,22.694535077661893,22.694535077661893,100.0
4190,1,33.31821158166198,33.31821158166198,100.0
4190,2,43.98725334067613,43.98725334067613,100.0
4200,0,24.518417370337865,24.518417370337865,100.0
4200,1,35.30324597176967,35.30324597176967,100.0
4200,2,40.178336657892466,40.178336657892466,100.0
4210,0,22.965197623191415,22.965197623191415,100.0
4210,1,38.493900094532044,38.493900094532044,100.0
4210,2,38.54090228227654,38.54090228227654,100.0
4220,0,25.14473729247733,25.14473729247733,100.0
4220,1,31.50999237071308,31.50999237071308,100.0
4220,2,43.34527033680959,43.34527033680959,100.0
4230,0,21.675804625190974,21.675804625190974,100.0
4230,1,45.01514688061984,45.01514688061984,100.0
4230,2,33.30904849418919,33.30904849418919,100.0
4240,0,21.079477374826393,21.079477374826393,100.0
4240,1,43.734962522624976,43.734962522624976,100.0
4240,2,35.18556010254863,35.18556010254863,100.0
4250,0,21.466370078035244,21.466370078035244,100.0
4250,1,37.311300245878726,37.311300245878726,100.0
4250,2,41.22232967608603,41.22232967608603,100.0
4260,0,23.352297596417827,23.352297596417827,100.0
4260,1,30.24795747065135,30.24795747065135,100.0
4260,2,46.39974493293082,46.39974493293082,100.0
4270,0,32.18285203355747,32.18285203355747,100.0
4270,1,29.66960017640577,29.66960017640577,100.0
4270,2,38.14754779003677,38.14754779003677,100.0
4280,0,23.308779589007916,23.308779589007916,100.0
4280,1,28.035207685966157,28.035207685966157,100.0
4280,2,48.656012725025924,48.656012725025924,100.0
4290,0,21.93468261393462,21.93468261393462,100.0
4290,1,40.75347156075586,40.75347156075586,100.0
4290,2,37.31184582530951,37.31184582530951,100.0
4300,0,20.579607435514795,20.579607435514795,100.0
4300,1,42.73908984847149,42.73908984847149,100.0
4300,2,36.68130271601372,36.68130271601372,100.0
4310,0,22.068080413567746,22.068080413567746,100.0
4310,1,37.591315119634814,37.591315119634814,100.0
4310,2,40.340604466797444,40.340604466797444,100.0
4320,0,24.38000642228115,24.38000642228115,100.0
4320,1,35.04796530569244,35.04796530569244,100.0
4320,2,40.5720282720264,40.5720282720264,100.0
4330,0,24.751815070734835,24.751815070734835,100.0
4330,1,28.470604758413675,28.470604758413675,100.0
4330,2,46.77758017085149,46.77758017085149,100.0
4340,0,21.556971410726366,21.556971410726366,100.0
4340,1,43.85128334906134,43.85128334906134,100.0
4340,2,34.5917452402123,34.5917452402123,100.0
4350,0,23.243014710504642,23.243014710504642,100.0
4350,1,34.0479634649601,34.0479634649601,100.0
4350,2,42.709021824535256,42.709021824535256,100.0
4360,0,20.518621872919724,20.518621872919724,100.0
4360,1,42.20746364350576,42.20746364350576,100.0
4360,2,37.27391448357452,37.27391448357452,100.0
4370,0,22.499587639309258,22.499587639309258,100.0
4370,1,29.435420037109612,29.435420037109612,100.0
4370,2,48.06499232358114,48.06499232358114,100.0
4380,0,25.117398577828197,25.117398577828197,100.0
4380,1,29.153447786044893,29.153447786044893,100.0
4380,2,45.72915363612691,45.72915363612691,100.0
4390,0,23.407255040184637,23.407255040184637,100.0
4390,1,30.479445766520364,30.479445766520364,100.0
4390,2,46.113299193295,46.113299193295,100.0
4400,0,21.29603819933951,21.29603819933951,100.0
4400,1,42.05016657978086,42.05016657978086,100.0
4400,2,36.65379522087963,36.65379522087963,100.0
4410,0,23.056169452301802,23.056169452301802,100.0
4410,1,31.876109253205758,31.876109253205758,100.0
4410,2,45.06772129449244,45.06772129449244,100.0
4420,0,23.956628761218234,23.956628761218234,100.0
4420,1,25.93162854497565,25.93162854497565,100.0
4420,2,50.11174269380613,50.11174269380613,100.0
4430,0,24.045058281053024,24.045058281053024,100.0
4430,1,37.66768456616587,37.66768456616587,100.0
4430,2,38.287257152781116,38.287257152781116,100.0
4440,0,21.922229033664394,21.922229033664394,100.0
4440,1,30.588523461477095,30.588523461477095,100.0
4440,2,47.48924750485852,47.48924750485852,100.0
4450,0,24.730346354084446,24.730346354084446,100.0
4450,1,32.022544186344604,32.022544186344604,100.0
4450,2,43.24710945957095,43.24710945957095,100.0
4460,0,23.35125936306713,23.35125936306713,100.0
4460,1,33.617483976613144,33.617483976613144,100.0
4460,2,43.031256660319734,43.031256660319734,100.0
4470,0,21.741354918198418,21.741354918198418,100.0
4470,1,36.23398358457376,36.23398358457376,100.0
4470,2,42.024661497227825,42.024661497227825,100.0
4480,0,21.021489004312503,21.021489004312503,100.0
4480,1,42.07427983710919,42.07427983710919,100.0
4480,2,36.904231158578305,36.904231158578305,100.0
4490,0,21.813112456946644,21.813112456946644,100.0
4490,1,34.65444255374971,34.65444255374971,100.0
4490,2,43.53244498930365,43.53244498930365,100.0
4500,0,25.43279436952371,25.43279436952371,100.0
4500,1,28.66781253461939,28.66781253461939,100.0
4500,2,45.8993930958569,45.8993930958569,100.0
4510,0,20.51566216003879,20.51566216003879,100.0
4510,1,42.958845701356175,42.958845701356175,100.0
4510,2,36.52549213860503,36.52549213860503,100.0
4520,0,21.302453218428347,21.302453218428347,100.0
4520,1,41.04233995873439,41.04233995873439,100.0
4520,2,37.655206822837265,37.655206822837265,100.0
4530,0,23.006864024774963,23.006864024774963,100.0
4530,1,40.37161499766896,40.37161499766896,100.0
4530,2,36.621520977556074,36.621520977556074,100.0
4540,0,22.373491820522602,22.373491820522602,100.0
4540,1,41.346652489705264,41.346652489705264,100.0
4540,2,36.279855689772134,36.279855689772134,100.0
4550,0,20.96207571440108,20.96207571440108,100.0
4550,1,40.88816995256367,40.88816995256367,100.0
4550,2,38.14975433303525,38.14975433303525,100.0
4560,0,28.19366383097668,28.19366383097668,100.0
4560,1,27.815405562403583,27.815405562403583,100.0
4560,2,43.99093060661974,43.99093060661974,100.0
4570,0,22.472260577732154,22.472260577732154,100.0
4570,1,27.718450083320523,27.718450083320523,100.0
4570,2,49.80928933894732,49.80928933894732,100.0
4580,0,31.915562520784857,31.915562520784857,100.0
4580,1,28.07073866497667,28.07073866497667,100.0
4580,2,40.013698814238474,40.013698814238474,100.0
4590,0,22.391621042775473,22.391621042775473,100.0
4590,1,31.40792019181068,31.40792019181068,100.0
4590,2,46.20045876541385,46.20045876541385,100.0
4600,0,24.12851747529604,24.12851747529604,100.0
4600,1,34.043283113845774,34.043283113845774,100.0
4600,2,41.82819941085818,41.82819941085818,100.0
4610,0,24.887381026622247,24.887381026622247,100.0
4610,1,30.78410770611181,30.78410770611181,100.0
4610,2,44.328511267265945,44.328511267265945,100.0
4620,0,24.08466284025163,24.08466284025163,100.0
4620,1,30.770564713557942,30.770564713557942,100.0
4620,2,45.14477244619043,45.14477244619043,100.0
4630,0,21.939313743776733,21.939313743776733,100.0
4630,1,35.36082030657931,35.36082030657931,100.0
4630,2,42.69986594964395,42.69986594964395,100.0
4640,0,21.05360835186364,21.05360835186364,100.0
4640,1,42.80173694864942,42.80173694864942,100.0
4640,2,36.14465469948694,36.14465469948694,100.0
4650,0,30.243712936152335,30.243712936152335,100.0
4650,1,29.744629788979264,29.744629788979264,100.0
4650,2,40.0116572748684,40.0116572748684,100.0
4660,0,22.537652564182135,22.537652564182135,100.0
4660,1,46.09819978626666,46.09819978626666,100.0
4660,2,31.3641476495512,31.3641476495512,100.0
4670,0,23.52946269340435,23.52946269340435,100.0
4670,1,27.984383003448286,27.984383003448286,100.0
4670,2,48.48615430314736,48.48615430314736,100.0
4680,0,23.556350952208184,23.556350952208184,100.0
4680,1,33.4840547798948,33.4840547798948,100.0
4680,2,42.959594267897025,42.959594267897025,100.0
4690,0,21.990602253836286,21.990602253836286,100.0
4690,1,40.62365834284065,40.62365834284065,100.0
4690,2,37.385739403323065,37.385739403323065,100.0
4700,0,22.941114763586256,22.941114763586256,100.0
4700,1,26.695192720312704,26.695192720312704,100.0
4700,2,50.36369251610105,50.36369251610105,100.0
4710,0,21.58719235295993,21.58719235295993,100.0
4710,1,43.37821239610451,43.37821239610451,100.0
4710,2,35.03459525093557,35.03459525093557,100.0
4720,0,22.4364248311808,22.4364248311808,100.0
4720,1,34.47679109056142,34.47679109056142,100.0
4720,2,43.08678407825777,43.08678407825777,100.0
4730,0,25.73781658343367,25.73781658343367,100.0
4730,1,27.354207911751637,27.354207911751637,100.0
4730,2,46.90797550481469,46.90797550481469,100.0
4740,0,22.606885017320785,22.606885017320785,100.0
4740,1,46.26865241768322,46.26865241768322,100.0
4740,2,31.124462564995998,31.124462564995998,100.0
4750,0,23.979223906700113,23.979223906700113,100.0
4750,1,29.155659692820468,29.155659692820468,100.0
4750,2,46.86511640047942,46.86511640047942,100.0
4760,0,23.70321097709222,23.70321097709222,100.0
4760,1,32.99753170988489,32.99753170988489,100.0
4760,2,43.2992573130229,43.2992573130229,100.0
4770,0,23.95350597832313,23.95350597832313,100.0
4770,1,33.98724744414523,33.98724744414523,100.0
4770,2,42.05924657753164,42.05924657753164,100.0
4780,0,23.20108871652434,23.20108871652434,100.0
4780,1,35.83062329779109,35.83062329779109,100.0
4780,2,40.96828798568457,40.96828798568457,100.0
4790,0,21.05044479145575,21.05044479145575,100.0
4790,1,44.110207156035194,44.110207156035194,100.0
4790,2,34.83934805250906,34.83934805250906,100.0
4800,0,21.84694815729387,21.84694815729387,100.0
4800,1,35.89896777344788,35.89896777344788,100.0
4800,2,42.254084069258255,42.254084069258255,100.0
4810,0,22.747744974979277,22.747744974979277,100.0
4810,1,34.680241746267235,34.680241746267235,100.0
4810,2,42.572013278753495,42.572013278753495,100.0
4820,0,22.920166653008696,22.920166653008696,100.0
4820,1,31.363027692228624,31.363027692228624,100.0
4820,2,45.71680565476268,45.71680565476268,100.0
4830,0,22.434239825068538,22.434239825068538,100.0
4830,1,36.01681193658288,36.01681193658288,100.0
4830,2,41.548948238348586,41.548948238348586,100.0
4840,0,21.390570923350836,21.390570923350836,100.0
4840,1,40.60372558552523,40.60372558552523,100.0
4840,2,38.005703491123946,38.005703491123946,100.0
4850,0,22.178331026694657,22.178331026694657,100.0
4850,1,35.64390922278676,35.64390922278676,100.0
4850,2,42.177759750518575,42.177759750518575,100.0
4860,0,21.15973582311158,21.15973582311158,100.0
4860,1,39.48970923209805,39.48970923209805,100.0
4860,2,39.350554944790375,39.350554944790375,100.0
4870,0,22.349291596176553,22.349291596176553,100.0
4870,1,41.89758984899567,41.89758984899567,100.0
4870,2,35.75311855482778,35.75311855482778,100.0
4880,0,25.40615246580171,25.40615246580171,100.0
4880,1,30.829902775257366,30.829902775257366,100.0
4880,2,43.763944758940916,43.763944758940916,100.0
4890,0,21.762864771638004,21.762864771638004,100.0
4890,1,35.536666931564014,35.536666931564014,100.0
4890,2,42.700468296797986,42.700468296797986,100.0
4900,0,24.106478393531987,24.106478393531987,100.0
4900,1,28.051232373839994,28.051232373839994,100.0
4900,2,47.84228923262801,47.84228923262801,100.0
4910,0,20.762953143065666,20.762953143065666,100.0
4910,1,42.311056834516,42.311056834516,100.0
4910,2,36.92599002241833,36.92599002241833,100.0
4920,0,23.13423295230215,23.13423295230215,100.0
4920,1,37.11162494677098,37.11162494677098,100.0
4920,2,39.75414210092686,39.75414210092686,100.0
4930,0,21.568340476113697,21.568340476113697,100.0
4930,1,39.14627678400513,39.14627678400513,100.0
4930,2,39.28538273988117,39.28538273988117,100.0
4940,0,27.02287243107674,27.02287243107674,100.0
4940,1,26.82134546491769,26.82134546491769,100.0
4940,2,46.155782104005574,46.155782104005574,100.0
4950,0,23.319799586053453,23.319799586053453,100.0
4950,1,32.98919391224487,32.98919391224487,100.0
4950,2,43.69100650170167,43.69100650170167,100.0
4960,0,22.855100870801294,22.855100870801294,100.0
4960,1,30.6576189571904,30.6576189571904,100.0
4960,2,46.487280172008305,46.487280172008305,100.0
4970,0,22.99396992183199,22.99396992183199,100.0
4970,1,30.842996895644763,30.842996895644763,100.0
4970,2,46.16303318252324,46.16303318252324,100.0
4980,0,21.08245138543278,21.08245138543278,100.0
4980,1,40.11560806514757,40.11560806514757,100.0
4980,2,38.80194054941965,38.80194054941965,100.0
4990,0,24.037195444346366,24.037195444346366,100.0
4990,1,26.264963630156025,26.264963630156025,100.0
4990,2,49.69784092549761,49.69784092549761,100.0
5000,0,25.078449089823053,25.078449089823053,100.0
5000,1,38.45051188891524,38.45051188891524,100.0
5000,2,36.47103902126172,36.47103902126172,100.0
5010,0,20.64055197003908,20.64055197003908,100.0
5010,1,40.65325990751483,40.65325990751483,100.0
5010,2,38.706188122446086,38.706188122446086,100.0
5020,0,21.457070034183918,21.457070034183918,100.0
5020,1,38.59570827114462,38.59570827114462,100.0
5020,2,39.94722169467146,39.94722169467146,100.0
5030,0,21.961322790653817,21.961322790653817,100.0
5030,1,45.71972190489049,45.71972190489049,100.0
5030,2,32.3189553044557,32.3189553044557,100.0
5040,0,26.18599033627308,26.18599033627308,100.0
5040,1,27.93819181358671,27.93819181358671,100.0
5040,2,45.8758178501402,45.8758178501402,100.0
5050,0,24.077483014852284,24.077483014852284,100.0
5050,1,37.72078897212075,37.72078897212075,100.0
5050,2,38.20172801302697,38.20172801302697,100.0
5060,0,21.340238505392044,21.340238505392044,100.0
5060,1,41.655083903337285,41.655083903337285,100.0
5060,2,37.00467759127067,37.00467759127067,100.0
5070,0,24.979693008959984,24.979693008959984,100.0
5070,1,30.436453697386522,30.436453697386522,100.0
5070,2,44.5838532936535,44.5838532936535,100.0
5080,0,22.01211748771969,22.01211748771969,100.0
5080,1,41.80791636949251,41.80791636949251,100.0
5080,2,36.17996614278781,36.17996614278781,100.0
5090,0,25.953663387350247,25.953663387350247,100.0
5090,1,36.99447809824693,36.99447809824693,100.0
5090,2,37.05185851440283,37.05185851440283,100.0
5100,0,21.877711693047655,21.877711693047655,100.0
5100,1,46.708647122238965,46.708647122238965,100.0
5100,2,31.413641184713377,31.413641184713377,100.0
5110,0,23.211864272305576,23.211864272305576,100.0
5110,1,34.53828854562827,34.53828854562827,100.0
5110,2,42.249847182066155,42.249847182066155,100.0
5120,0,23.50637398533414,23.50637398533414,100.0
5120,1,41.50205882811824,41.50205882811824,100.0
5120,2,34.99156718654762,34.99156718654762,100.0
5130,0,26.433557000200718,26.433557000200718,100.0
5130,1,26.573019988664914,26.573019988664914,100.0
5130,2,46.99342301113437,46.99342301113437,100.0
5140,0,22.705058727129522,22.705058727129522,100.0
5140,1,31.768812207840863,31.768812207840863,100.0
5140,2,45.526129065029615,45.526129065029615,100.0
5150,0,22.492449102898586,22.492449102898586,100.0
5150,1,40.63381684424472,40.63381684424472,100.0
5150,2,36.87373405285669,36.87373405285669,100.0
5160,0,23.187252311818245,23.187252311818245,100.0
5160,1,26.38349610843868,26.38349610843868,100.0
5160,2,50.42925157974308,50.42925157974308,100.0
5170,0,24.240750675561248,24.240750675561248,100.0
5170,1,33.32844347977258,33.32844347977258,100.0
5170,2,42.43080584466618,42.43080584466618,100.0
5180,0,21.469043221982588,21.469043221982588,100.0
5180,1,42.31895836649486,42.31895836649486,100.0
5180,2,36.21199841152254,36.21199841152254,100.0
5190,0,20.92145811802647,20.92145811802647,100.0
5190,1,42.24661344029723,42.24661344029723,100.0
5190,2,36.8319284416763,36.8319284416763,100.0
5200,0,21.117542059747016,21.117542059747016,100.0
5200,1,41.975054946698414,41.975054946698414,100.0
5200,2,36.90740299355457,36.90740299355457,100.0
5210,0,28.54267611479545,28.54267611479545,100.0
5210,1,28.619429198057134,28.619429198057134,100.0
5210,2,42.83789468714742,42.83789468714742,100.0
5220,0,21.890358995737056,21.890358995737056,100.0
5220,1,36.86859062966133,36.86859062966133,100.0
5220,2,41.24105037460162,41.24105037460162,100.0
5230,0,22.042771157604836,22.042771157604836,100.0
5230,1,35.85264404414775,35.85264404414775,100.0
5230,2,42.104584798247416,42.104584798247416,100.0
5240,0,25.103387817306523,25.103387817306523,100.0
5240,1,26.019072008733175,26.019072008733175,100.0
5240,2,48.877540173960305,48.877540173960305,100.0
5250,0,21.713569077190066,21.713569077190066,100.0
5250,1,45.41481741114715,45.41481741114715,100.0
5250,2,32.87161351166279,32.87161351166279,100.0
5260,0,21.0405760388165,21.0405760388165,100.0
5260,1,37.10507916754319,37.10507916754319,100.0
5260,2,41.85434479364032,41.85434479364032,100.0
5270,0,21.130479568646194,21.130479568646194,100.0
5270,1,45.76176019374566,45.76176019374566,100.0
5270,2,33.10776023760815,33.10776023760815,100.0
5280,0,21.254340817652285,21.254340817652285,100.0
5280,1,39.44869656859497,39.44869656859497,100.0
5280,2,39.296962613752754,39.296962613752754,100.0
5290,0,22.174585669853624,22.174585669853624,100.0
5290,1,40.74969865169105,40.74969865169105,100.0
5290,2,37.07571567845533,37.07571567845533,100.0
5300,0,24.05038078065261,24.05038078065261,100.0
5300,1,33.02795019565312,33.02795019565312,100.0
5300,2,42.92166902369427,42.92166902369427,100.0
5310,0,29.563871970582134,29.563871970582134,100.0
5310,1,33.29814165788515,33.29814165788515,100.0
5310,2,37.13798637153272,37.13798637153272,100.0
5320,0,20.429257667434356,20.429257667434356,100.0
5320,1,43.600951663571486,43.600951663571486,100.0
5320,2,35.96979066899416,35.96979066899416,100.0
5330,0,24.95598227766183,24.95598227766183,100.0
5330,1,31.938475936624855,31.938475936624855,100.0
5330,2,43.10554178571332,43.10554178571332,100.0
5340,0,22.023916002593875,22.023916002593875,100.0
5340,1,35.711092641156526,35.711092641156526,100.0
5340,2,42.264991356249595,42.264991356249595,100.0
5350,0,21.06881637522164,21.06881637522164,100.0
5350,1,45.24785900165861,45.24785900165861,100.0
5350,2,33.683324623119745,33.683324623119745,100.0
5360,0,22.178577584259905,22.178577584259905,100.0
5360,1,40.88883481151827,40.88883481151827,100.0
5360,2,36.93258760422182,36.93258760422182,100.0
5370,0,22.133674813817823,22.133674813817823,100.0
5370,1,38.20270104902948,38.20270104902948,100.0
5370,2,39.663624137152695,39.663624137152695,100.0
5380,0,23.338104561662878,23.338104561662878,100.0
5380,1,32.57263250458993,32.57263250458993,100.0
5380,2,44.089262933747186,44.089262933747186,100.0
5390,0,22.669295481131005,22.669295481131005,100.0
5390,1,36.50533161251833,36.50533161251833,100.0
5390,2,40.82537290635066,40.82537290635066,100.0
5400,0,23.004544475143256,23.004544475143256,100.0
5400,1,30.937839809679797,30.937839809679797,100.0
5400,2,46.05761571517695,46.05761571517695,100.0
5410,0,22.841573689962924,22.841573689962924,100.0
5410,1,41.60730937248129,41.60730937248129,100.0
5410,2,35.55111693755579,35.55111693755579,100.0
5420,0,23.730206930702607,23.730206930702607,100.0
5420,1,29.50101745560028,29.50101745560028,100.0
5420,2,46.76877561369711,46.76877561369711,100.0
5430,0,22.723638387474175,22.723638387474175,100.0
5430,1,30.564043026573028,30.564043026573028,100.0
5430,2,46.71231858595279,46.71231858595279,100.0
5440,0,21.49537087087688,21.49537087087688,100.0
5440,1,37.19150581578248,37.19150581578248,100.0
5440,2,41.31312331334065,41.31312331334065,100.0
5450,0,23.11362378578018,23.11362378578018,100.0
5450,1,33.04544946661102,33.04544946661102,100.0
5450,2,43.840926747608805,43.840926747608805,100.0
5460,0,23.455465876864775,23.455465876864775,100.0
5460,1,32.77607964374114,32.77607964374114,100.0
5460,2,43.76845447939409,43.76845447939409,100.0
5470,0,24.046826452222213,24.046826452222213,100.0
5470,1,30.344606191178826,30.344606191178826,100.0
5470,2,45.60856735659896,45.60856735659896,100.0
5480,0,21.87284106595215,21.87284106595215,100.0
5480,1,39.49824174860647,39.49824174860647,100.0
5480,2,38.62891718544138,38.62891718544138,100.0
5490,0,22.509418064176913,22.509418064176913,100.0
5490,1,32.02427236841122,32.02427236841122,100.0
5490,2,45.46630956741187,45.46630956741187,100.0
5500,0,23.697551118939405,23.697551118939405,100.0
5500,1,35.87534585914145,35.87534585914145,100.0
5500,2,40.42710302191916,40.42710302191916,100.0
5510,0,20.53102324532059,20.53102324532059,100.0
5510,1,43.17788914990847,43.17788914990847,100.0
5510,2,36.29108760477095,36.29108760477095,100.0
5520,0,21.945307030492188,21.945307030492188,100.0
5520,1,36.396401305342266,36.396401305342266,100.0
5520,2,41.658291664165546,41.658291664165546,100.0
5530,0,23.84344339489224,23.84344339489224,100.0
5530,1,37.5352043253515,37.5352043253515,100.0
5530,2,38.62135227975626,38.62135227975626,100.0
5540,0,23.12734465333909,23.12734465333909,100.0
5540,1,32.0236350868961,32.0236350868961,100.0
5540,2,44.849020259764806,44.849020259764806,100.0
5550,0,21.61706993812425,21.61706993812425,100.0
5550,1,40.01148654425436,40.01148654425436,100.0
5550,2,38.3714435176214,38.3714435176214,100.0
5560,0,24.13109317093587,24.13109317093587,100.0
5560,1,29.22701101216298,29.22701101216298,100.0
5560,2,46.641895816901155,46.641895816901155,100.0
5570,0,26.466029766802034,26.466029766802034,100.0
5570,1,30.805692681953534,30.805692681953534,100.0
5570,2,42.72827755124443,42.72827755124443,100.0
5580,0,21.636806762494214,21.636806762494214,100.0
5580,1,40.62751164640406,40.62751164640406,100.0
5580,2,37.735681591101724,37.735681591101724,100.0
5590,0,21.306671595460944,21.306671595460944,100.0
5590,1,35.36198437352561,35.36198437352561,100.0
5590,2,43.33134403101346,43.33134403101346,100.0
5600,0,24.128849609038706,24.128849609038706,100.0
5600,1,27.01627345853288,27.01627345853288,100.0
5600,2,48.85487693242842,48.85487693242842,100.0
5610,0,22.04240150369192,22.04240150369192,100.0
5610,1,41.243032809201196,41.243032809201196,100.0
5610,2,36.714565687106884,36.714565687106884,100.0
5620,0,22.953021054917144,22.953021054917144,100.0
5620,1,41.27967814694596,41.27967814694596,100.0
5620,2,35.767300798136894,35.767300798136894,100.0
5630,0,22.196321605890606,22.196321605890606,100.0
5630,1,32.29138844679432,32.29138844679432,100.0
5630,2,45.51228994731507,45.51228994731507,100.0
5640,0,23.377086929366474,23.377086929366474,100.0
5640,1,37.59420196690604,37.59420196690604,100.0
5640,2,39.02871110372749,39.02871110372749,100.0
5650,0,21.73528459842918,21.73528459842918,100.0
5650,1,44.963010531264224,44.963010531264224,100.0
5650,2,33.3017048703066,33.3017048703066,100.0
5660,0,22.726674503627915,22.726674503627915,100.0
5660,1,26.34108399210528,26.34108399210528,100.0
5660,2,50.932241504266806,50.932241504266806,100.0
5670,0,24.573286296850423,24.573286296850423,100.0
5670,1,33.62471632034574,33.62471632034574,100.0
5670,2,41.80199738280384,41.80199738280384,100.0
5680,0,22.31774898976203,22.31774898976203,100.0
5680,1,33.55283957924719,33.55283957924719,100.0
5680,2,44.129411430990785,44.129411430990785,100.0
5690,0,24.830596463909906,24.830596463909906,100.0
5690,1,29.156867595444492,29.156867595444492,100.0
5690,2,46.0125359406456,46.0125359406456,100.0
5700,0,24.249799376210465,24.249799376210465,100.0
5700,1,38.23495599738156,38.23495599738156,100.0
5700,2,37.515244626407984,37.515244626407984,100.0
5710,0,22.881565783353714,22.881565783353714,100.0
5710,1,30.57834858734237,30.57834858734237,100.0
5710,2,46.54008562930392,46.54008562930392,100.0
5720,0,25.17042740294217,25.17042740294217,100.0
5720,1,38.97872846614322,38.97872846614322,100.0
5720,2,35.850844130914616,35.850844130914616,100.0
5730,0,22.1344848577889,22.1344848577889,100.0
5730,1,35.53551766311869,35.53551766311869,100.0
5730,2,42.32999747909241,42.32999747909241,100.0
5740,0,22.095803889692434,22.095803889692434,100.0
5740,1,37.902853587434,37.902853587434,100.0
5740,2,40.001342522873564,40.001342522873564,100.0
5750,0,22.099804619352604,22.099804619352604,100.0
5750,1,32.24199763448479,32.24199763448479,100.0
5750,2,45.65819774616261,45.65819774616261,100.0
5760,0,22.966005166092806,22.966005166092806,100.0
5760,1,36.179381234220244,36.179381234220244,100.0
5760,2,40.85461359968695,40.85461359968695,100.0
5770,0,21.016415764256596,21.016415764256596,100.0
5770,1,42.91843036276614,42.91843036276614,100.0
5770,2,36.06515387297728,36.06515387297728,100.0
5780,0,22.05204702592589,22.05204702592589,100.0
5780,1,39.52929449380947,39.52929449380947,100.0
5780,2,38.41865848026463,38.41865848026463,100.0
5790,0,21.24049595265153,21.24049595265153,100.0
5790,1,42.91398490715469,42.91398490715469,100.0
5790,2,35.84551914019378,35.84551914019378,100.0
5800,0,22.8584746790252,22.8584746790252,100.0
5800,1,27.44098252397586,27.44098252397586,100.0
5800,2,49.700542796998946,49.700542796998946,100.0
5810,0,22.990623781530093,22.990623781530093,100.0
5810,1,34.48769768209165,34.48769768209165,100.0
5810,2,42.52167853637827,42.52167853637827,100.0
5820,0,22.93795300678563,22.93795300678563,100.0
5820,1,33.73044462616499,33.73044462616499,100.0
5820,2,43.331602367049385,43.331602367049385,100.0
5830,0,22.851044915485183,22.851044915485183,100.0
5830,1,31.134824341486834,31.134824341486834,100.0
5830,2,46.014130743027984,46.014130743027984,100.0
5840,0,24.180366560884377,24.180366560884377,100.0
5840,1,31.41039661405844,31.41039661405844,100.0
5840,2,44.40923682505718,44.40923682505718,100.0
5850,0,22.84913922093457,22.84913922093457,100.0
5850,1,32.87007243068308,32.87007243068308,100.0
5850,2,44.28078834838234,44.28078834838234,100.0
5860,0,22.680200100767042,22.680200100767042,100.0
5860,1,30.930428679455197,30.930428679455197,100.0
5860,2,46.38937121977776,46.38937121977776,100.0
5870,0,23.240898747145362,23.240898747145362,100.0
5870,1,27.660124672119597,27.660124672119597,100.0
5870,2,49.09897658073504,49.09897658073504,100.0
5880,0,21.36278639332868,21.36278639332868,100.0
5880,1,40.94083010348382,40.94083010348382,100.0
5880,2,37.69638350318749,37.69638350318749,100.0
5890,0,22.756602807081595,22.756602807081595,100.0
5890,1,28.497186657532232,28.497186657532232,100.0
5890,2,48.74621053538618,48.74621053538618,100.0
5900,0,24.678027172817792,24.678027172817792,100.0
5900,1,29.561068935729562,29.561068935729562,100.0
5900,2,45.76090389145265,45.76090389145265,100.0
5910,0,22.813721484891065,22.813721484891065,100.0
5910,1,39.1956091504367,39.1956091504367,100.0
5910,2,37.99066936467224,37.99066936467224,100.0
5920,0,22.871452870017094,22.871452870017094,100.0
5920,1,33.05885802401267,33.05885802401267,100.0
5920,2,44.06968910597024,44.06968910597024,100.0
5930,0,20.144703347910575,20.144703347910575,100.0
5930,1,43.709724899543644,43.709724899543644,100.0
5930,2,36.145571752545784,36.145571752545784,100.0
5940,0,22.651771105807832,22.651771105807832,100.0
5940,1,39.42919433929736,39.42919433929736,100.0
5940,2,37.91903455489481,37.91903455489481,100.0
5950,0,25.9963131348502,25.9963131348502,100.0
5950,1,33.21371718888708,33.21371718888708,100.0
5950,2,40.78996967626272,40.78996967626272,100.0
5960,0,21.393654010365683,21.393654010365683,100.0
5960,1,38.78822285396891,38.78822285396891,100.0
5960,2,39.8181231356654,39.8181231356654,100.0
5970,0,22.401714227960746,22.401714227960746,100.0
5970,1,35.368203670017365,35.368203670017365,100.0
5970,2,42.230082102021896,42.230082102021896,100.0
5980,0,21.755064435578745,21.755064435578745,100.0
5980,1,37.24293865432242,37.24293865432242,100.0
5980,2,41.00199691009883,41.00199691009883,100.0
5990,0,23.93728477353749,23.93728477353749,100.0
5990,1,30.216610911509544,30.216610911509544,100.0
5990,2,45.84610431495297,45.84610431495297,100.0
6000,0,21.706447000820333,21.706447000820333,100.0
6000,1,35.41148571864646,35.41148571864646,100.0
6000,2,42.88206728053321,42.88206728053321,100.0
6010,0,22.165488879200193,22.165488879200193,100.0
6010,1,32.99048866998312,32.99048866998312,100.0
6010,2,44.84402245081668,44.84402245081668,100.0
6020,0,22.763725863242815,22.763725863242815,100.0
6020,1,46.55269862369424,46.55269862369424,100.0
6020,2,30.683575513062944,30.683575513062944,100.0
6030,0,24.313355358165783,24.313355358165783,100.0
6030,1,25.497656364967153,25.497656364967153,100.0
6030,2,50.188988276867065,50.188988276867065,100.0
6040,0,23.36448501040468,23.36448501040468,100.0
6040,1,26.691491171540765,26.691491171540765,100.0
6040,2,49.94402381805455,49.94402381805455,100.0
6050,0,21.71161443517195,21.71161443517195,100.0
6050,1,41.2042482622936,41.2042482622936,100.0
6050,2,37.08413730253445,37.08413730253445,100.0
6060,0,22.803508371686448,22.803508371686448,100.0
6060,1,34.71951308383618,34.71951308383618,100.0
6060,2,42.47697854447736,42.47697854447736,100.0
6070,0,22.249510886962327,22.249510886962327,100.0
6070,1,35.51400507563799,35.51400507563799,100.0
6070,2,42.23648403739969,42.23648403739969,100.0
6080,0,24.927915457866735,24.927915457866735,100.0
6080,1,30.615662132700443,30.615662132700443,100.0
6080,2,44.45642240943282,44.45642240943282,100.0
6090,0,22.77664847444491,22.77664847444491,100.0
6090,1,37.90723162780261,37.90723162780261,100.0
6090,2,39.316119897752486,39.316119897752486,100.0
6100,0,22.37126134479115,22.37126134479115,100.0
6100,1,33.52684129044186,33.52684129044186,100.0
6100,2,44.10189736476699,44.10189736476699,100.0
6110,0,22.033074316765042,22.033074316765042,100.0
6110,1,33.34104969327643,33.34104969327643,100.0
6110,2,44.62587598995852,44.62587598995852,100.0
6120,0,25.083383654781873,25.083383654781873,100.0
6120,1,28.017419977495138,28.017419977495138,100.0
6120,2,46.899196367722986,46.899196367722986,100.0
6130,0,23.138446646120503,23.138446646120503,100.0
6130,1,28.30103074177132,28.30103074177132,100.0
6130,2,48.56052261210817,48.56052261210817,100.0
6140,0,23.65497584590593,23.65497584590593,100.0
6140,1,31.37696624033297,31.37696624033297,100.0
6140,2,44.9680579137611,44.9680579137611,100.0
6150,0,21.93490188524715,21.93490188524715,100.0
6150,1,36.3796642070334,36.3796642070334,100.0
6150,2,41.68543390771945,41.68543390771945,100.0
6160,0,24.4656806930415,24.4656806930415,100.0
6160,1,30.490943721539022,30.490943721539022,100.0
6160,2,45.04337558541948,45.04337558541948,100.0
6170,0,21.79347385482587,21.79347385482587,100.0
6170,1,39.87450640910655,39.87450640910655,100.0
6170,2,38.33201973606758,38.33201973606758,100.0
6180,0,22.618082627765993,22.618082627765993,100.0
6180,1,32.5892668780425,32.5892668780425,100.0
6180,2,44.79265049419151,44.79265049419151,100.0
6190,0,22.791114776958043,22.791114776958043,100.0
6190,1,31.638130993296777,31.638130993296777,100.0
6190,2,45.57075422974518,45.57075422974518,100.0
6200,0,21.520098231763683,21.520098231763683,100.0
6200,1,37.49059420724629,37.49059420724629,100.0
6200,2,40.98930756099002,40.98930756099002,100.0
6210,0,26.034966169896467,26.034966169896467,100.0
6210,1,30.301216908790714,30.301216908790714,100.0
6210,2,43.66381692131282,43.66381692131282,100.0
6220,0,22.426404665450807,22.426404665450807,100.0
6220,1,29.69661292711217,29.69661292711217,100.0
6220,2,47.876982407437026,47.876982407437026,100.0
6230,0,23.437555651181974,23.437555651181974,100.0
6230,1,29.162998712635158,29.162998712635158,100.0
6230,2,47.399445636182875,47.399445636182875,100.0
6240,0,21.72308441173195,21.72308441173195,100.0
6240,1,44.061676403459956,44.061676403459956,100.0
6240,2,34.215239184808105,34.215239184808105,100.0
6250,0,23.191197057164295,23.191197057164295,100.0
6250,1,26.46336135184636,26.46336135184636,100.0
6250,2,50.345441590989346,50.345441590989346,100.0
6260,0,21.4579875461175,21.4579875461175,100.0
6260,1,43.550857348422625,43.550857348422625,100.0
6260,2,34.99115510545987,34.99115510545987,100.0
6270,0,22.766192896371468,22.766192896371468,100.0
6270,1,29.641751380880677,29.641751380880677,100.0
6270,2,47.59205572274785,47.59205572274785,100.0
6280,0,22.98519655594374,22.98519655594374,100.0
6280,1,29.10369295341911,29.10369295341911,100.0
6280,2,47.91111049063716,47.91111049063716,100.0
6290,0,23.747810010135208,23.747810010135208,100.0
6290,1,26.957865862648955,26.957865862648955,100.0
6290,2,49.29432412721583,49.29432412721583,100.0
6300,0,24.668674382921107,24.668674382921107,100.0
6300,1,40.53008308237801,40.53008308237801,100.0
6300,2,34.801242534700876,34.801242534700876,100.0
6310,0,25.674126131563124,25.674126131563124,100.0
6310,1,30.827985388738217,30.827985388738217,100.0
6310,2,43.497888479698666,43.497888479698666,100.0
6320,0,21.933712378862058,21.933712378862058,100.0
6320,1,50.652583841097986,50.652583841097986,100.0
6320,2,27.41370378003996,27.41370378003996,100.0
6330,0,22.812945288416707,22.812945288416707,100.0
6330,1,25.938232608072788,25.938232608072788,100.0
6330,2,51.248822103510506,51.248822103510506,100.0
6340,0,24.691091895908162,24.691091895908162,100.0
6340,1,30.54856863973755,30.54856863973755,100.0
6340,2,44.76033946435429,44.76033946435429,100.0
6350,0,21.47630967530378,21.47630967530378,100.0
6350,1,37.21427853185407,37.21427853185407,100.0
6350,2,41.30941179284215,41.30941179284215,100.0
6360,0,23.037664526447088,23.037664526447088,100.0
6360,1,28.024956935465728,28.024956935465728,100.0
6360,2,48.93737853808718,48.93737853808718,100.0
6370,0,22.184668218401832,22.184668218401832,100.0
6370,1,43.16190409738508,43.16190409738508,100.0
6370,2,34.653427684213085,34.653427684213085,100.0
6380,0,24.868129095173728,24.868129095173728,100.0
6380,1,36.98154223373056,36.98154223373056,100.0
6380,2,38.15032867109572,38.15032867109572,100.0
6390,0,22.61732260534323,22.61732260534323,100.0
6390,1,33.45287296385139,33.45287296385139,100.0
6390,2,43.92980443080538,43.92980443080538,100.0
6400,0,22.9161145650832,22.9161145650832,100.0
6400,1,35.198577370858196,35.198577370858196,100.0
6400,2,41.8853080640586,41.8853080640586,100.0
6410,0,22.775213509233236,22.775213509233236,100.0
6410,1,26.247252524221448,26.247252524221448,100.0
6410,2,50.977533966545316,50.977533966545316,100.0
6420,0,25.684086336192347,25.684086336192347,100.0
6420,1,29.883336075903344,29.883336075903344,100.0
6420,2,44.43257758790431,44.43257758790431,100.0
6430,0,22.10697124245625,22.10697124245625,100.0
6430,1,38.826550586457905,38.826550586457905,100.0
6430,2,39.06647817108584,39.06647817108584,100.0
6440,0,23.87220524390387,23.87220524390387,100.0
6440,1,29.431540480199125,29.431540480199125,100.0
6440,2,46.696254275897005,46.696254275897005,100.0
6450,0,22.97949201599613,22.97949201599613,100.0
6450,1,29.740302617604435,29.740302617604435,100.0
6450,2,47.280205366399436,47.280205366399436,100.0
6460,0,22.97080153097648,22.97080153097648,100.0
6460,1,37.763236944392595,37.763236944392595,100.0
6460,2,39.265961524630924,39.265961524630924,100.0
6470,0,22.363942316745433,22.363942316745433,100.0
6470,1,28.09152107802109,28.09152107802109,100.0
6470,2,49.544536605233475,49.544536605233475,100.0
6480,0,23.718090917793678,23.718090917793678,100.0
6480,1,27.180125811299032,27.180125811299032,100.0
6480,2,49.10178327090728,49.10178327090728,100.0
6490,0,22.406675493444318,22.406675493444318,100.0
6490,1,29.71796847540854,29.71796847540854,100.0
6490,2,47.875356031147135,47.875356031147135,100.0
6500,0,21.777945875090797,21.777945875090797,100.0
6500,1,44.083923486708265,44.083923486708265,100.0
6500,2,34.138130638200934,34.138130638200934,100.0
6510,0,22.69634425310214,22.69634425310214,100.0
6510,1,32.13395438020673,32.13395438020673,100.0
6510,2,45.16970136669112,45.16970136669112,100.0
6520,0,21.6767591541585,21.6767591541585,100.0
6520,1,34.81143075747196,34.81143075747196,100.0
6520,2,43.51181008836954,43.51181008836954,100.0
6530,0,23.326139574812554,23.326139574812554,100.0
6530,1,29.808741853914388,29.808741853914388,100.0
6530,2,46.865118571273065,46.865118571273065,100.0
6540,0,25.311357506975195,25.311357506975195,100.0
6540,1,26.817052733514835,26.817052733514835,100.0
6540,2,47.87158975950997,47.87158975950997,100.0
6550,0,22.626690554513775,22.626690554513775,100.0
6550,1,30.151508986259834,30.151508986259834,100.0
6550,2,47.22180045922639,47.22180045922639,100.0
6560,0,20.544082302373152,20.544082302373152,100.0
6560,1,44.83575446940049,44.83575446940049,100.0
6560,2,34.62016322822636,34.62016322822636,100.0
6570,0,23.991704870080053,23.991704870080053,100.0
6570,1,27.22473645007209,27.22473645007209,100.0
6570,2,48.78355867984786,48.78355867984786,100.0
6580,0,22.456243939499018,22.456243939499018,100.0
6580,1,27.06286863711601,27.06286863711601,100.0
6580,2,50.48088742338497,50.48088742338497,100.0
6590,0,21.23546024080736,21.23546024080736,100.0
6590,1,39.58921044689503,39.58921044689503,100.0
6590,2,39.175329312297606,39.175329312297606,100.0
6600,0,25.926681642846905,25.926681642846905,100.0
6600,1,27.587288507532538,27.587288507532538,100.0
6600,2,46.48602984962056,46.48602984962056,100.0
6610,0,20.652964361127285,20.652964361127285,100.0
6610,1,42.87971335317011,42.87971335317011,100.0
6610,2,36.46732228570261,36.46732228570261,100.0
6620,0,21.24620823968575,21.24620823968575,100.0
6620,1,43.471411285652295,43.471411285652295,100.0
6620,2,35.28238047466196,35.28238047466196,100.0
6630,0,22.804752256085862,22.804752256085862,100.0
6630,1,32.352360627518394,32.352360627518394,100.0
6630,2,44.842887116395744,44.842887116395744,100.0
6640,0,22.450851981984986,22.450851981984986,100.0
6640,1,30.27497605877354,30.27497605877354,100.0
6640,2,47.27417195924147,47.27417195924147,100.0
6650,0,21.43651863470812,21.43651863470812,100.0
6650,1,40.39506730751261,40.39506730751261,100.0
6650,2,38.16841405777927,38.16841405777927,100.0
6660,0,22.070864768958437,22.070864768958437,100.0
6660,1,31.887182710345208,31.887182710345208,100.0
6660,2,46.041952520696356,46.041952520696356,100.0
6670,0,23.79882810335089,23.79882810335089,100.0
6670,1,29.419641282080217,29.419641282080217,100.0
6670,2,46.781530614568894,46.781530614568894,100.0
6680,0,23.5000818929633,23.5000818929633,100.0
6680,1,28.692131892196944,28.692131892196944,100.0
6680,2,47.80778621483976,47.80778621483976,100.0
6690,0,25.475943639143043,25.475943639143043,100.0
6690,1,31.161450232551285,31.161450232551285,100.0
6690,2,43.36260612830567,43.36260612830567,100.0
6700,0,23.25181255972509,23.25181255972509,100.0
6700,1,40.41062228968556,40.41062228968556,100.0
6700,2,36.33756515058935,36.33756515058935,100.0
6710,0,22.89498375211402,22.89498375211402,100.0
6710,1,44.81486853621922,44.81486853621922,100.0
6710,2,32.29014771166676,32.29014771166676,100.0
6720,0,23.335579881415924,23.335579881415924,100.0
6720,1,27.585096107883782,27.585096107883782,100.0
6720,2,49.07932401070029,49.07932401070029,100.0
6730,0,21.245703492886776,21.245703492886776,100.0
6730,1,42.525777307820675,42.525777307820675,100.0
6730,2,36.22851919929255,36.22851919929255,100.0
6740,0,23.015605697528148,23.015605697528148,100.0
6740,1,29.19385050254173,29.19385050254173,100.0
6740,2,47.79054379993013,47.79054379993013,100.0
6750,0,20.995830231057123,20.995830231057123,100.0
6750,1,42.47364154461341,42.47364154461341,100.0
6750,2,36.53052822432948,36.53052822432948,100.0
6760,0,21.37551054933395,21.37551054933395,100.0
6760,1,36.28485529024912,36.28485529024912,100.0
6760,2,42.339634160416935,42.339634160416935,100.0
6770,0,21.41482228274781,21.41482228274781,100.0
6770,1,43.61564928039198,43.61564928039198,100.0
6770,2,34.96952843686021,34.96952843686021,100.0
6780,0,25.88721664507552,25.88721664507552,100.0
6780,1,37.50772476563071,37.50772476563071,100.0
6780,2,36.60505858929377,36.60505858929377,100.0
6790,0,25.16550577251277,25.16550577251277,100.0
6790,1,38.09326468698253,38.09326468698253,100.0
6790,2,36.74122954050471,36.74122954050471,100.0
6800,0,23.906734361199778,23.906734361199778,100.0
6800,1,41.888001982889406,41.888001982889406,100.0
6800,2,34.20526365591082,34.20526365591082,100.0
6810,0,23.080989412511222,23.080989412511222,100.0
6810,1,29.400164815996376,29.400164815996376,100.0
6810,2,47.5188457714924,47.5188457714924,100.0
6820,0,22.097324102297968,22.097324102297968,100.0
6820,1,41.51666455384981,41.51666455384981,100.0
6820,2,36.38601134385222,36.38601134385222,100.0
6830,0,24.15695775412894,24.15695775412894,100.0
6830,1,28.973925030659014,28.973925030659014,100.0
6830,2,46.86911721521205,46.86911721521205,100.0
6840,0,22.47372537189029,22.47372537189029,100.0
6840,1,42.14315090353946,42.14315090353946,100.0
6840,2,35.38312372457027,35.38312372457027,100.0
6850,0,21.259108418713137,21.259108418713137,100.0
6850,1,40.00384771834664,40.00384771834664,100.0
6850,2,38.737043862940226,38.737043862940226,100.0
6860,0,22.194119245554923,22.194119245554923,100.0
6860,1,32.06202353967671,32.06202353967671,100.0
6860,2,45.74385721476836,45.74385721476836,100.0
6870,0,23.55017373338845,23.55017373338845,100.0
6870,1,34.28258685280444,34.28258685280444,100.0
6870,2,42.16723941380711,42.16723941380711,100.0
6880,0,22.381708466620353,22.381708466620353,100.0
6880,1,36.00351848048721,36.00351848048721,100.0
6880,2,41.61477305289244,41.61477305289244,100.0
6890,0,23.569017323911105,23.569017323911105,100.0
6890,1,28.430890160847483,28.430890160847483,100.0
6890,2,48.00009251524141,48.00009251524141,100.0
6900,0,23.251816315772405,23.251816315772405,100.0
6900,1,27.2553952462917,27.2553952462917,100.0
6900,2,49.4927884379359,49.4927884379359,100.0
6910,0,22.682378366780174,22.682378366780174,100.0
6910,1,39.523253577617425,39.523253577617425,100.0
6910,2,37.7943680556024,37.7943680556024,100.0
6920,0,22.416381169385556,22.416381169385556,100.0
6920,1,36.80212262302237,36.80212262302237,100.0
6920,2,40.78149620759207,40.78149620759207,100.0
6930,0,23.083360128639804,23.083360128639804,100.0
6930,1,28.394882970738085,28.394882970738085,100.0
6930,2,48.52175690062212,48.52175690062212,100.0
6940,0,23.56226973300161,23.56226973300161,100.0
6940,1,41.74110296333752,41.74110296333752,100.0
6940,2,34.696627303660875,34.696627303660875,100.0
6950,0,22.7141625392647,22.7141625392647,100.0
6950,1,33.04880933332839,33.04880933332839,100.0
6950,2,44.23702812740691,44.23702812740691,100.0
6960,0,22.058538494133366,22.058538494133366,100.0
6960,1,41.609023035328605,41.609023035328605,100.0
6960,2,36.33243847053804,36.33243847053804,100.0
6970,0,23.4560658688462,23.4560658688462,100.0
6970,1,39.28093912890378,39.28093912890378,100.0
6970,2,37.262995002250015,37.262995002250015,100.0
6980,0,21.718839853533055,21.718839853533055,100.0
6980,1,36.205312990163584,36.205312990163584,100.0
6980,2,42.07584715630336,42.07584715630336,100.0
6990,0,25.0801735091041,25.0801735091041,100.0
6990,1,27.17870777902457,27.17870777902457,100.0
6990,2,47.74111871187133,47.74111871187133,100.0
7000,0,21.510037306139925,21.510037306139925,100.0
7000,1,46.12388091348099,46.12388091348099,100.0
7000,2,32.36608178037908,32.36608178037908,100.0
7010,0,20.530007236340126,20.530007236340126,100.0
7010,1,41.22107311841548,41.22107311841548,100.0
7010,2,38.24891964524439,38.24891964524439,100.0
7020,0,24.782030035630246,24.782030035630246,100.0
7020,1,33.73240198310118,33.73240198310118,100.0
7020,2,41.48556798126858,41.48556798126858,100.0
7030,0,21.07364199455521,21.07364199455521,100.0
7030,1,39.392799285175684,39.392799285175684,100.0
7030,2,39.533558720269106,39.533558720269106,100.0
7040,0,23.126312827641055,23.126312827641055,100.0
7040,1,28.028097582709155,28.028097582709155,100.0
7040,2,48.84558958964979,48.84558958964979,100.0
7050,0,24.955769618997227,24.955769618997227,100.0
7050,1,26.488556315126072,26.488556315126072,100.0
7050,2,48.55567406587671,48.55567406587671,100.0
7060,0,24.61117777917348,24.61117777917348,100.0
7060,1,32.085742179085926,32.085742179085926,100.0
7060,2,43.303080041740586,43.303080041740586,100.0
7070,0,22.790053257488722,22.790053257488722,100.0
7070,1,28.290986785210247,28.290986785210247,100.0
7070,2,48.91895995730103,48.91895995730103,100.0
7080,0,24.27728237352376,24.27728237352376,100.0
7080,1,31.513572654814016,31.513572654814016,100.0
7080,2,44.20914497166223,44.20914497166223,100.0
7090,0,22.64604161117589,22.64604161117589,100.0
7090,1,39.771455668585695,39.771455668585695,100.0
7090,2,37.58250272023841,37.58250272023841,100.0
7100,0,23.565562771790066,23.565562771790066,100.0
7100,1,27.757595372498262,27.757595372498262,100.0
7100,2,48.676841855711665,48.676841855711665,100.0
7110,0,21.443384043548992,21.443384043548992,100.0
7110,1,42.356260889000886,42.356260889000886,100.0
7110,2,36.20035506745012,36.20035506745012,100.0
7120,0,20.622997135728983,20.622997135728983,100.0
7120,1,40.02818738798722,40.02818738798722,100.0
7120,2,39.348815476283804,39.348815476283804,100.0
7130,0,24.24123850984701,24.24123850984701,100.0
7130,1,38.217980817083976,38.217980817083976,100.0
7130,2,37.54078067306902,37.54078067306902,100.0
7140,0,22.986616921609095,22.986616921609095,100.0
7140,1,27.10207565532068,27.10207565532068,100.0
7140,2,49.91130742307023,49.91130742307023,100.0
7150,0,21.363712448031087,21.363712448031087,100.0
7150,1,38.418189810817466,38.418189810817466,100.0
7150,2,40.21809774115145,40.21809774115145,100.0
7160,0,24.134016602600568,24.134016602600568,100.0
7160,1,26.90245505865857,26.90245505865857,100.0
7160,2,48.96352833874086,48.96352833874086,100.0
7170,0,22.693147676512897,22.693147676512897,100.0
7170,1,39.12633326754092,39.12633326754092,100.0
7170,2,38.18051905594617,38.18051905594617,100.0
7180,0,23.16478393740633,23.16478393740633,100.0
7180,1,27.37125639257983,27.37125639257983,100.0
7180,2,49.46395967001385,49.46395967001385,100.0
7190,0,24.32692883090401,24.32692883090401,100.0
7190,1,31.652572529244576,31.652572529244576,100.0
7190,2,44.02049863985141,44.02049863985141,100.0
7200,0,23.02770556563166,23.02770556563166,100.0
7200,1,26.72917680307784,26.72917680307784,100.0
7200,2,50.2431176312905,50.2431176312905,100.0
7210,0,23.622427060495916,23.622427060495916,100.0
7210,1,35.502184638986016,35.502184638986016,100.0
7210,2,40.87538830051807,40.87538830051807,100.0
7220,0,26.537883391000484,26.537883391000484,100.0
7220,1,27.194249277419125,27.194249277419125,100.0
7220,2,46.2678673315804,46.2678673315804,100.0
7230,0,22.67430714175652,22.67430714175652,100.0
7230,1,36.39101032875218,36.39101032875218,100.0
7230,2,40.9346825294913,40.9346825294913,100.0
7240,0,23.25229942141788,23.25229942141788,100.0
7240,1,25.527230399929092,25.527230399929092,100.0
7240,2,51.22047017865303,51.22047017865303,100.0
7250,0,22.375939062393034,22.375939062393034,100.0
7250,1,31.617484235136295,31.617484235136295,100.0
7250,2,46.00657670247067,46.00657670247067,100.0
7260,0,25.420225187262034,25.420225187262034,100.0
7260,1,35.32983304295297,35.32983304295297,100.0
7260,2,39.249941769785,39.249941769785,100.0
7270,0,22.651998635888937,22.651998635888937,100.0
7270,1,27.84206360572136,27.84206360572136,100.0
7270,2,49.5059377583897,49.5059377583897,100.0
7280,0,24.493142759587343,24.493142759587343,100.0
7280,1,27.49020144127844,27.49020144127844,100.0
7280,2,48.01665579913423,48.01665579913423,100.0
7290,0,20.97424930975323,20.97424930975323,100.0
7290,1,44.44768593092548,44.44768593092548,100.0
7290,2,34.57806475932129,34.57806475932129,100.0
7300,0,21.672676047875427,21.672676047875427,100.0
7300,1,41.550418963803914,41.550418963803914,100.0
7300,2,36.77690498832066,36.77690498832066,100.0
7310,0,23.331204028392516,23.331204028392516,100.0
7310,1,34.46932269375947,34.46932269375947,100.0
7310,2,42.19947327784801,42.19947327784801,100.0
7320,0,22.443240500348,22.443240500348,100.0
7320,1,30.280909512132993,30.280909512132993,100.0
7320,2,47.27584998751902,47.27584998751902,100.0
7330,0,27.602178264031107,27.602178264031107,100.0
7330,1,26.2776907637979,26.2776907637979,100.0
7330,2,46.12013097217098,46.12013097217098,100.0
7340,0,22.7400236316352,22.7400236316352,100.0
7340,1,36.61239278498005,36.61239278498005,100.0
7340,2,40.647583583384744,40.647583583384744,100.0
7350,0,21.086126149839007,21.086126149839007,100.0
7350,1,37.84320023830542,37.84320023830542,100.0
7350,2,41.070673611855575,41.070673611855575,100.0
7360,0,22.209133886866432,22.209133886866432,100.0
7360,1,37.486386352180055,37.486386352180055,100.0
7360,2,40.30447976095351,40.30447976095351,100.0
7370,0,23.44218919536018,23.44218919536018,100.0
7370,1,33.30730281559489,33.30730281559489,100.0
7370,2,43.25050798904494,43.25050798904494,100.0
7380,0,23.969568985604216,23.969568985604216,100.0
7380,1,26.08342542505209,26.08342542505209,100.0
7380,2,49.94700558934369,49.94700558934369,100.0
7390,0,23.099014256300435,23.099014256300435,100.0
7390,1,29.237459933965553,29.237459933965553,100.0
7390,2,47.66352580973401,47.66352580973401,100.0
7400,0,22.11026405809456,22.11026405809456,100.0
7400,1,35.95704415228135,35.95704415228135,100.0
7400,2,41.932691789624094,41.932691789624094,100.0
7410,0,21.20583385895141,21.20583385895141,100.0
7410,1,43.82713613440577,43.82713613440577,100.0
7410,2,34.967030006642815,34.967030006642815,100.0
7420,0,25.355463624817396,25.355463624817396,100.0
7420,1,31.21927346806872,31.21927346806872,100.0
7420,2,43.42526290711389,43.42526290711389,100.0
7430,0,21.609481934368148,21.609481934368148,100.0
7430,1,37.69404751708373,37.69404751708373,100.0
7430,2,40.69647054854812,40.69647054854812,100.0
7440,0,21.901976877366817,21.901976877366817,100.0
7440,1,39.55690665979953,39.55690665979953,100.0
7440,2,38.54111646283365,38.54111646283365,100.0
7450,0,23.815282304574154,23.815282304574154,100.0
7450,1,26.11174482273081,26.11174482273081,100.0
7450,2,50.07297287269503,50.07297287269503,100.0
7460,0,21.818183836293347,21.818183836293347,100.0
7460,1,41.503380942657316,41.503380942657316,100.0
7460,2,36.67843522104934,36.67843522104934,100.0
7470,0,22.901053892662116,22.901053892662116,100.0
7470,1,31.370744111517613,31.370744111517613,100.0
7470,2,45.72820199582028,45.72820199582028,100.0
7480,0,22.74837560418326,22.74837560418326,100.0
7480,1,26.12836748407054,26.12836748407054,100.0
7480,2,51.123256911746196,51.123256911746196,100.0
7490,0,26.250845163440278,26.250845163440278,100.0
7490,1,31.306454457981737,31.306454457981737,100.0
7490,2,42.44270037857798,42.44270037857798,100.0
7500,0,21.77911170668826,21.77911170668826,100.0
7500,1,37.565831583534084,37.565831583534084,100.0
7500,2,40.655056709777654,40.655056709777654,100.0
7510,0,22.087462753967248,22.087462753967248,100.0
7510,1,39.986334673527274,39.986334673527274,100.0
7510,2,37.926202572505474,37.926202572505474,100.0
7520,0,22.55048188255416,22.55048188255416,100.0
7520,1,32.67826200582646,32.67826200582646,100.0
7520,2,44.77125611161938,44.77125611161938,100.0
7530,0,24.607616780154355,24.607616780154355,100.0
7530,1,26.698384580504943,26.698384580504943,100.0
7530,2,48.69399863934071,48.69399863934071,100.0
7540,0,23.065723542239073,23.065723542239073,100.0
7540,1,32.20290124152002,32.20290124152002,100.0
7540,2,44.73137521624091,44.73137521624091,100.0
7550,0,23.25363970889639,23.25363970889639,100.0
7550,1,32.57845076610928,32.57845076610928,100.0
7550,2,44.16790952499433,44.16790952499433,100.0
7560,0,20.78915961579291,20.78915961579291,100.0
7560,1,42.963195889597415,42.963195889597415,100.0
7560,2,36.247644494609666,36.247644494609666,100.0
7570,0,25.326263123965987,25.326263123965987,100.0
7570,1,31.061564273507024,31.061564273507024,100.0
7570,2,43.61217260252699,43.61217260252699,100.0
7580,0,22.199102911932496,22.199102911932496,100.0
7580,1,29.42923267865777,29.42923267865777,100.0
7580,2,48.37166440940974,48.37166440940974,100.0
7590,0,22.28336500864108,22.28336500864108,100.0
7590,1,33.86473685866225,33.86473685866225,100.0
7590,2,43.85189813269667,43.85189813269667,100.0
7600,0,22.495810902822413,22.495810902822413,100.0
7600,1,28.63714920445438,28.63714920445438,100.0
7600,2,48.8670398927232,48.8670398927232,100.0
7610,0,26.36589250324058,26.36589250324058,100.0
7610,1,28.92869584293451,28.92869584293451,100.0
7610,2,44.70541165382491,44.70541165382491,100.0
7620,0,23.784231980166243,23.784231980166243,100.0
7620,1,37.86570180191161,37.86570180191161,100.0
7620,2,38.35006621792215,38.35006621792215,100.0
7630,0,25.52094443329703,25.52094443329703,100.0
7630,1,29.766230846239473,29.766230846239473,100.0
7630,2,44.7128247204635,44.7128247204635,100.0
7640,0,21.880548165858038,21.880548165858038,100.0
7640,1,32.309028107131695,32.309028107131695,100.0
7640,2,45.81042372701027,45.81042372701027,100.0
7650,0,22.31266115267666,22.31266115267666,100.0
7650,1,38.001623303759736,38.001623303759736,100.0
7650,2,39.6857155435636,39.6857155435636,100.0
7660,0,23.896081262055542,23.896081262055542,100.0
7660,1,32.86004848553404,32.86004848553404,100.0
7660,2,43.24387025241042,43.24387025241042,100.0
7670,0,23.165941770354337,23.165941770354337,100.0
7670,1,29.445095725425585,29.445095725425585,100.0
7670,2,47.388962504220075,47.388962504220075,100.0
7680,0,22.613774640936064,22.613774640936064,100.0
7680,1,29.63800846413292,29.63800846413292,100.0
7680,2,47.74821689493102,47.74821689493102,100.0
7690,0,26.596089792588305,26.596089792588305,100.0
7690,1,28.470338439327435,28.470338439327435,100.0
7690,2,44.93357176808426,44.93357176808426,100.0
7700,0,21.051654018981445,21.051654018981445,100.0
7700,1,43.157746341696495,43.157746341696495,100.0
7700,2,35.79059963932207,35.79059963932207,100.0
7710,0,23.310526534327426,23.310526534327426,100.0
7710,1,26.191353522880657,26.191353522880657,100.0
7710,2,50.49811994279192,50.49811994279192,100.0
7720,0,21.639621898039056,21.639621898039056,100.0
7720,1,41.30343804694891,41.30343804694891,100.0
7720,2,37.05694005501203,37.05694005501203,100.0
7730,0,25.020528420063982,25.020528420063982,100.0
7730,1,31.150411529882344,31.150411529882344,100.0
7730,2,43.82906005005368,43.82906005005368,100.0
7740,0,24.070938654046476,24.070938654046476,100.0
7740,1,36.31236418837949,36.31236418837949,100.0
7740,2,39.61669715757403,39.61669715757403,100.0
7750,0,21.506676828756117,21.506676828756117,100.0
7750,1,40.020313029608076,40.020313029608076,100.0
7750,2,38.47301014163581,38.47301014163581,100.0
7760,0,21.700727497211755,21.700727497211755,100.0
7760,1,40.76974687600703,40.76974687600703,100.0
7760,2,37.52952562678121,37.52952562678121,100.0
7770,0,23.529115916990882,23.529115916990882,100.0
7770,1,38.084370695696116,38.084370695696116,100.0
7770,2,38.386513387312995,38.386513387312995,100.0
7780,0,22.560556531722398,22.560556531722398,100.0
7780,1,30.62792257870848,30.62792257870848,100.0
7780,2,46.81152088956913,46.81152088956913,100.0
7790,0,23.391434850262222,23.391434850262222,100.0
7790,1,26.256315142644272,26.256315142644272,100.0
7790,2,50.35225000709352,50.35225000709352,100.0
7800,0,23.960941199832806,23.960941199832806,100.0
7800,1,27.46602328941345,27.46602328941345,100.0
7800,2,48.573035510753755,48.573035510753755,100.0
7810,0,20.893049402266968,20.893049402266968,100.0
7810,1,42.874808851596754,42.874808851596754,100.0
7810,2,36.232141746136286,36.232141746136286,100.0
7820,0,23.453237096760034,23.453237096760034,100.0
7820,1,33.03635012941345,33.03635012941345,100.0
7820,2,43.510412773826516,43.510412773826516,100.0
7830,0,26.563428342675344,26.563428342675344,100.0
7830,1,29.110596489522234,29.110596489522234,100.0
7830,2,44.325975167802426,44.325975167802426,100.0
7840,0,25.041167054949604,25.041167054949604,100.0
7840,1,27.773565938952256,27.773565938952256,100.0
7840,2,47.185267006098144,47.185267006098144,100.0
7850,0,27.20312502071286,27.20312502071286,100.0
7850,1,25.803935007910393,25.803935007910393,100.0
7850,2,46.99293997137674,46.99293997137674,100.0
7860,0,22.956539423175222,22.956539423175222,100.0
7860,1,26.507981211851465,26.507981211851465,100.0
7860,2,50.53547936497331,50.53547936497331,100.0
7870,0,25.523451595777747,25.523451595777747,100.0
7870,1,34.523074914506054,34.523074914506054,100.0
7870,2,39.9534734897162,39.9534734897162,100.0
7880,0,20.503754430379722,20.503754430379722,100.0
7880,1,44.135915071405776,44.135915071405776,100.0
7880,2,35.36033049821451,35.36033049821451,100.0
7890,0,23.211633072586192,23.211633072586192,100.0
7890,1,30.182289553811714,30.182289553811714,100.0
7890,2,46.60607737360209,46.60607737360209,100.0
7900,0,25.188036355620042,25.188036355620042,100.0
7900,1,26.656514688653377,26.656514688653377,100.0
7900,2,48.155448955726584,48.155448955726584,100.0
7910,0,21.678106656286232,21.678106656286232,100.0
7910,1,38.5690707267133,38.5690707267133,100.0
7910,2,39.75282261700047,39.75282261700047,100.0
7920,0,23.137827794833175,23.137827794833175,100.0
7920,1,33.45556390135018,33.45556390135018,100.0
7920,2,43.40660830381665,43.40660830381665,100.0
7930,0,21.191088696629564,21.191088696629564,100.0
7930,1,35.925551287087075,35.925551287087075,100.0
7930,2,42.88336001628336,42.88336001628336,100.0
7940,0,20.77848618483989,20.77848618483989,100.0
7940,1,43.92730152156818,43.92730152156818,100.0
7940,2,35.294212293591926,35.294212293591926,100.0
7950,0,21.448185951404213,21.448185951404213,100.0
7950,1,39.087510117715226,39.087510117715226,100.0
7950,2,39.464303930880554,39.464303930880554,100.0
7960,0,23.241450819351194,23.241450819351194,100.0
7960,1,27.099207328304676,27.099207328304676,100.0
7960,2,49.65934185234413,49.65934185234413,100.0
7970,0,23.354028783207013,23.354028783207013,100.0
7970,1,34.83406813042239,34.83406813042239,100.0
7970,2,41.81190308637059,41.81190308637059,100.0
7980,0,21.213283991668625,21.213283991668625,100.0
7980,1,44.58783231891124,44.58783231891124,100.0
7980,2,34.19888368942014,34.19888368942014,100.0
7990,0,23.19622294925121,23.19622294925121,100.0
7990,1,34.0041466111288,34.0041466111288,100.0
7990,2,42.79963043961999,42.79963043961999,100.0
8000,0,22.836849637369045,22.836849637369045,100.0
8000,1,28.945846241153745,28.945846241153745,100.0
8000,2,48.21730412147721,48.21730412147721,100.0
8010,0,24.92235118509501,24.92235118509501,100.0
8010,1,35.43036476416634,35.43036476416634,100.0
8010,2,39.64728405073865,39.64728405073865,100.0
8020,0,21.338929690733288,21.338929690733288,100.0
8020,1,44.62203571581565,44.62203571581565,100.0
8020,2,34.03903459345106,34.03903459345106,100.0
8030,0,22.98238297472165,22.98238297472165,100.0
8030,1,27.985665876669273,27.985665876669273,100.0
8030,2,49.031951148609075,49.031951148609075,100.0
8040,0,26.810849744742576,26.810849744742576,100.0
8040,1,37.4671110748214,37.4671110748214,100.0
8040,2,35.72203918043603,35.72203918043603,100.0
8050,0,22.73788204557382,22.73788204557382,100.0
8050,1,35.10266842443886,35.10266842443886,100.0
8050,2,42.15944952998731,42.15944952998731,100.0
8060,0,22.726554388657924,22.726554388657924,100.0
8060,1,29.802631127206798,29.802631127206798,100.0
8060,2,47.470814484135275,47.470814484135275,100.0
8070,0,24.122873362141426,24.122873362141426,100.0
8070,1,50.05203613699717,50.05203613699717,100.0
8070,2,25.825090500861396,25.825090500861396,100.0
8080,0,22.662840997287834,22.662840997287834,100.0
8080,1,29.677381461682028,29.677381461682028,100.0
8080,2,47.65977754103014,47.65977754103014,100.0
8090,0,23.05789495233944,23.05789495233944,100.0
8090,1,27.011663466615982,27.011663466615982,100.0
8090,2,49.930441581044576,49.930441581044576,100.0
8100,0,22.565681167760115,22.565681167760115,100.0
8100,1,30.470203460990362,30.470203460990362,100.0
8100,2,46.96411537124951,46.96411537124951,100.0
8110,0,21.310579816093032,21.310579816093032,100.0
8110,1,45.65577752788893,45.65577752788893,100.0
8110,2,33.03364265601804,33.03364265601804,100.0
8120,0,22.857969895301185,22.857969895301185,100.0
8120,1,30.65214897755447,30.65214897755447,100.0
8120,2,46.48988112714435,46.48988112714435,100.0
8130,0,20.777152048563135,20.777152048563135,100.0
8130,1,43.64001613225095,43.64001613225095,100.0
8130,2,35.58283181918592,35.58283181918592,100.0
8140,0,25.66297699446694,25.66297699446694,100.0
8140,1,28.231010895294258,28.231010895294258,100.0
8140,2,46.1060121102388,46.1060121102388,100.0
8150,0,22.59222765117045,22.59222765117045,100.0
8150,1,32.058114362367604,32.058114362367604,100.0
8150,2,45.34965798646195,45.34965798646195,100.0
8160,0,28.206799946496297,28.206799946496297,100.0
8160,1,27.277958241859334,27.277958241859334,100.0
8160,2,44.515241811644366,44.515241811644366,100.0
8170,0,22.08180773153139,22.08180773153139,100.0
8170,1,42.17352202055293,42.17352202055293,100.0
8170,2,35.744670247915685,35.744670247915685,100.0
8180,0,21.932880122621434,21.932880122621434,100.0
8180,1,37.36433150135818,37.36433150135818,100.0
8180,2,40.70278837602038,40.70278837602038,100.0
8190,0,22.215772632089585,22.215772632089585,100.0
8190,1,27.66541553580812,27.66541553580812,100.0
8190,2,50.118811832102296,50.118811832102296,100.0
8200,0,28.23444964291611,28.23444964291611,100.0
8200,1,39.4991095672559,39.4991095672559,100.0
8200,2,32.266440789827996,32.266440789827996,100.0
