seed,scenario,episode,step,algo_mode,reward_mode,slice_id,slice,throughput_mbps,dTxBytes,dRxBytes,bufferBytes_mean,bufferBytes_max,plr_pct,pdr_pct,dLostPackets,resourceSharePct,action_embb,action_urllc,action_mtc,scheduler_id,scheduler_name,raw_action,reward,resource_efficiency,need_allocation_match,over_allocation,under_allocation,action_smoothness_penalty,resource_efficient_shaping,outage_flag,soft_flag,terminated,truncated,sim_id
1,normal,3,1,continuous,resource_efficient,0,eMBB,4.8896,91680.0,6112.0,1537.0,1537.0,93.334,6.665999999999997,56.0,36.79,36.787775958416276,35.39721239973522,27.815011641848514,-1,PF(default),"[0.18077999353408813, -0.08688583225011826, -0.14830312132835388]",0.44771369553456397,0.031094268517384057,0.720794863437702,0.21920513656229795,0.2492051365622979,0.15380217333302248,0.049005663099446914,False,False,False,False,23be0235-e2d3-4e4d-b573-4a3c4395d649
1,normal,3,1,continuous,resource_efficient,1,URLLC,0.0,1950.0,0.0,87.0,87.0,100.0,0.0,25.0,35.4,36.787775958416276,35.39721239973522,27.815011641848514,-1,PF(default),"[0.18077999353408813, -0.08688583225011826, -0.14830312132835388]",0.44771369553456397,0.031094268517384057,0.720794863437702,0.21920513656229795,0.2492051365622979,0.15380217333302248,0.049005663099446914,False,False,False,False,23be0235-e2d3-4e4d-b573-4a3c4395d649
1,normal,3,1,continuous,resource_efficient,2,MTC,0.0,2560.0,0.0,0.0,0.0,100.0,0.0,20.0,27.82,36.787775958416276,35.39721239973522,27.815011641848514,-1,PF(default),"[0.18077999353408813, -0.08688583225011826, -0.14830312132835388]",0.44771369553456397,0.031094268517384057,0.720794863437702,0.21920513656229795,0.2492051365622979,0.15380217333302248,0.049005663099446914,False,False,False,False,23be0235-e2d3-4e4d-b573-4a3c4395d649
1,normal,3,2,continuous,resource_efficient,0,eMBB,0.0,84040.0,0.0,1537.0,1537.0,100.0,0.0,55.0,35.06,35.06220233981111,31.05889466479249,33.8789029953964,-1,PF(default),"[-0.4561900198459625, -0.9651535749435425, -0.3458244204521179]",0.4350072004595699,0.0,0.7058400865687113,0.2341599134312887,0.26415991343128864,0.0606389135354789,0.03847210626445285,False,False,False,False,23be0235-e2d3-4e4d-b573-4a3c4395d649
1,normal,3,2,continuous,resource_efficient,1,URLLC,0.0,1950.0,0.0,87.0,87.0,100.0,0.0,25.0,31.059999999999995,35.06220233981111,31.05889466479249,33.8789029953964,-1,PF(default),"[-0.4561900198459625, -0.9651535749435425, -0.3458244204521179]",0.4350072004595699,0.0,0.7058400865687113,0.2341599134312887,0.26415991343128864,0.0606389135354789,0.03847210626445285,False,False,False,False,23be0235-e2d3-4e4d-b573-4a3c4395d649
1,normal,3,2,continuous,resource_efficient,2,MTC,0.0,3840.0,0.0,0.0,0.0,100.0,0.0,30.0,33.88,35.06220233981111,31.05889466479249,33.8789029953964,-1,PF(default),"[-0.4561900198459625, -0.9651535749435425, -0.3458244204521179]",0.4350072004595699,0.0,0.7058400865687113,0.2341599134312887,0.26415991343128864,0.0606389135354789,0.03847210626445285,False,False,False,False,23be0235-e2d3-4e4d-b573-4a3c4395d649
1,normal,3,3,continuous,resource_efficient,0,eMBB,0.0,91680.0,0.0,54389.8,54829.0,100.0,0.0,60.0,29.940000000000005,29.935476647530667,45.190475514381006,24.874047838088327,-1,PF(default),"[-0.5731814503669739, 0.06774275004863739, -0.7129864692687988]",0.3165867742317002,0.10039094589219368,0.500097509578971,0.439902490421029,0.46990249042102894,0.14131580849588518,-0.06892909549897291,False,False,False,False,23be0235-e2d3-4e4d-b573-4a3c4395d649
1,normal,3,3,continuous,resource_efficient,1,URLLC,3.8064,1950.0,4758.0,146.2,383.0,20.0,80.0,5.0,45.19,29.935476647530667,45.190475514381006,24.874047838088327,-1,PF(default),"[-0.5731814503669739, 0.06774275004863739, -0.7129864692687988]",0.3165867742317002,0.10039094589219368,0.500097509578971,0.439902490421029,0.46990249042102894,0.14131580849588518,-0.06892909549897291,False,False,False,False,23be0235-e2d3-4e4d-b573-4a3c4395d649
1,normal,3,3,continuous,resource_efficient,2,MTC,3.0720000000000005,2560.0,3840.0,560.7,570.0,20.0,80.0,4.0,24.87,29.935476647530667,45.190475514381006,24.874047838088327,-1,PF(default),"[-0.5731814503669739, 0.06774275004863739, -0.7129864692687988]",0.3165867742317002,0.10039094589219368,0.500097509578971,0.439902490421029,0.46990249042102894,0.14131580849588518,-0.06892909549897291,False,False,False,False,23be0235-e2d3-4e4d-b573-4a3c4395d649
1,normal,3,4,continuous,resource_efficient,0,eMBB,0.0,91680.0,0.0,54389.8,54829.0,100.0,0.0,60.0,41.82,41.82136329993056,26.451668281014705,31.726968419054735,-1,PF(default),"[0.6112040281295776, -0.7495681047439575, 0.29800722002983093]",0.43207339938335515,0.004363284205287095,0.7293341300471797,0.21066586995282033,0.24066586995282027,0.187388072333663,0.04710373125268209,False,False,False,False,23be0235-e2d3-4e4d-b573-4a3c4395d649
1,normal,3,4,continuous,resource_efficient,1,URLLC,0.0624,1950.0,78.0,146.2,383.0,96.0,4.0,24.0,26.45,41.82136329993056,26.451668281014705,31.726968419054735,-1,PF(default),"[0.6112040281295776, -0.7495681047439575, 0.29800722002983093]",0.43207339938335515,0.004363284205287095,0.7293341300471797,0.21066586995282033,0.24066586995282027,0.187388072333663,0.04710373125268209,False,False,False,False,23be0235-e2d3-4e4d-b573-4a3c4395d649
1,normal,3,4,continuous,resource_efficient,2,MTC,0.0,3840.0,0.0,560.7,570.0,100.0,0.0,30.0,31.73,41.82136329993056,26.451668281014705,31.726968419054735,-1,PF(default),"[0.6112040281295776, -0.7495681047439575, 0.29800722002983093]",0.43207339938335515,0.004363284205287095,0.7293341300471797,0.21066586995282033,0.24066586995282027,0.187388072333663,0.04710373125268209,False,False,False,False,23be0235-e2d3-4e4d-b573-4a3c4395d649
1,normal,3,5,continuous,resource_efficient,0,eMBB,0.0,84040.0,0.0,96884.6,97689.0,100.0,0.0,55.0,47.0,46.99616783964365,31.36990762381765,21.6339245365387,-1,PF(default),"[0.43075311183929443, -0.5504525303840637, -0.8652967810630798]",-0.3333,0.008740963478674374,0.7450586311340133,0.19494136886598673,0.22494136886598678,0.10093043882516034,0.0,True,False,False,False,23be0235-e2d3-4e4d-b573-4a3c4395d649
1,normal,3,5,continuous,resource_efficient,1,URLLC,0.1248,1950.0,156.0,833.0,987.0,92.0,8.0,23.0,31.369999999999997,46.99616783964365,31.36990762381765,21.6339245365387,-1,PF(default),"[0.43075311183929443, -0.5504525303840637, -0.8652967810630798]",-0.3333,0.008740963478674374,0.7450586311340133,0.19494136886598673,0.22494136886598678,0.10093043882516034,0.0,False,False,False,False,23be0235-e2d3-4e4d-b573-4a3c4395d649
1,normal,3,5,continuous,resource_efficient,2,MTC,0.0,2560.0,0.0,1274.2,1361.0,100.0,0.0,20.0,21.63,46.99616783964365,31.36990762381765,21.6339245365387,-1,PF(default),"[0.43075311183929443, -0.5504525303840637, -0.8652967810630798]",-0.3333,0.008740963478674374,0.7450586311340133,0.19494136886598673,0.22494136886598678,0.10093043882516034,0.0,False,False,False,False,23be0235-e2d3-4e4d-b573-4a3c4395d649
1,normal,3,6,continuous,resource_efficient,0,eMBB,4.8896,91680.0,6112.0,112256.0,113479.0,93.332,6.668000000000006,56.0,28.82,28.818642678218954,26.94915358650335,44.2322037352777,-1,PF(default),"[0.028303973376750946, -0.5307050943374634, 0.9613407254219055]",-0.3333,0.13713805478690475,0.5067250360966121,0.4332749639033878,0.46327496390338785,0.22598279198738996,0.0,True,False,False,False,23be0235-e2d3-4e4d-b573-4a3c4395d649
1,normal,3,6,continuous,resource_efficient,1,URLLC,2.184,1950.0,2730.0,237.2,516.0,40.0,60.0,10.0,26.95,28.818642678218954,26.94915358650335,44.2322037352777,-1,PF(default),"[0.028303973376750946, -0.5307050943374634, 0.9613407254219055]",-0.3333,0.13713805478690475,0.5067250360966121,0.4332749639033878,0.46327496390338785,0.22598279198738996,0.0,False,False,False,False,23be0235-e2d3-4e4d-b573-4a3c4395d649
1,normal,3,6,continuous,resource_efficient,2,MTC,10.035199999999998,3840.0,12544.0,372.4,1637.0,20.0,80.0,6.0,44.230000000000004,28.818642678218954,26.94915358650335,44.2322037352777,-1,PF(default),"[0.028303973376750946, -0.5307050943374634, 0.9613407254219055]",-0.3333,0.13713805478690475,0.5067250360966121,0.4332749639033878,0.46327496390338785,0.22598279198738996,0.0,False,False,False,False,23be0235-e2d3-4e4d-b573-4a3c4395d649
1,normal,3,7,continuous,resource_efficient,0,eMBB,3.6672,91680.0,4584.0,126713.4,128442.0,95.00200000000001,4.9979999999999905,57.0,35.74,35.73709740244256,29.394336619940326,34.86856597761712,-1,PF(default),"[0.5745691061019897, -0.1335502713918686, 0.6959556341171265]",-0.3333,0.10448995424362413,0.5743760105331214,0.3656239894668787,0.3956239894668786,0.09363637757660578,0.0,True,False,False,False,23be0235-e2d3-4e4d-b573-4a3c4395d649
1,normal,3,7,continuous,resource_efficient,1,URLLC,0.6864,1950.0,858.0,97.8,141.0,56.0,44.0,14.0,29.389999999999997,35.73709740244256,29.394336619940326,34.86856597761712,-1,PF(default),"[0.5745691061019897, -0.1335502713918686, 0.6959556341171265]",-0.3333,0.10448995424362413,0.5743760105331214,0.3656239894668787,0.3956239894668786,0.09363637757660578,0.0,False,False,False,False,23be0235-e2d3-4e4d-b573-4a3c4395d649
1,normal,3,7,continuous,resource_efficient,2,MTC,2.4576,2560.0,3072.0,225.5,644.0,20.0,80.0,4.0,34.87,35.73709740244256,29.394336619940326,34.86856597761712,-1,PF(default),"[0.5745691061019897, -0.1335502713918686, 0.6959556341171265]",-0.3333,0.10448995424362413,0.5743760105331214,0.3656239894668787,0.3956239894668786,0.09363637757660578,0.0,False,False,False,False,23be0235-e2d3-4e4d-b573-4a3c4395d649
1,normal,3,8,continuous,resource_efficient,0,eMBB,1.2224,84040.0,1528.0,140864.2,147370.0,98.18199999999999,1.818000000000012,54.0,40.73,40.7293547956375,24.86765447709049,34.40299072727201,-1,PF(default),"[0.7168110609054565, -0.8813084363937378, 0.5838342308998108]",-0.3333,0.07806326306152024,0.6467309486819607,0.29326905131803926,0.3232690513180393,0.049922573931949404,0.0,True,False,False,False,23be0235-e2d3-4e4d-b573-4a3c4395d649
1,normal,3,8,continuous,resource_efficient,1,URLLC,0.624,1950.0,780.0,74.8,87.0,60.0,40.0,15.0,24.87,40.7293547956375,24.86765447709049,34.40299072727201,-1,PF(default),"[0.7168110609054565, -0.8813084363937378, 0.5838342308998108]",-0.3333,0.07806326306152024,0.6467309486819607,0.29326905131803926,0.3232690513180393,0.049922573931949404,0.0,False,False,False,False,23be0235-e2d3-4e4d-b573-4a3c4395d649
1,normal,3,8,continuous,resource_efficient,2,MTC,1.5360000000000003,3840.0,1920.0,174.4,644.0,49.998,50.002,15.0,34.39999999999999,40.7293547956375,24.86765447709049,34.40299072727201,-1,PF(default),"[0.7168110609054565, -0.8813084363937378, 0.5838342308998108]",-0.3333,0.07806326306152024,0.6467309486819607,0.29326905131803926,0.3232690513180393,0.049922573931949404,0.0,False,False,False,False,23be0235-e2d3-4e4d-b573-4a3c4395d649
1,normal,3,9,continuous,resource_efficient,0,eMBB,6.112,91680.0,7640.0,155676.0,163069.0,91.666,8.334000000000003,55.0,21.6,21.60451586198641,33.28053012474612,45.114954013267464,-1,PF(default),"[-0.9075946807861328, 0.08143705874681473, 0.9539737105369568]",-0.3333,0.089797629370781,0.43820181275468584,0.5017981872453141,0.5317981872453141,0.19124838933651084,0.0,True,False,False,False,23be0235-e2d3-4e4d-b573-4a3c4395d649
1,normal,3,9,continuous,resource_efficient,1,URLLC,0.624,1950.0,780.0,103.4,169.0,60.0,40.0,15.0,33.28,21.60451586198641,33.28053012474612,45.114954013267464,-1,PF(default),"[-0.9075946807861328, 0.08143705874681473, 0.9539737105369568]",-0.3333,0.089797629370781,0.43820181275468584,0.5017981872453141,0.5317981872453141,0.19124838933651084,0.0,False,False,False,False,23be0235-e2d3-4e4d-b573-4a3c4395d649
1,normal,3,9,continuous,resource_efficient,2,MTC,2.56,2560.0,3200.0,182.1,644.0,20.0,80.0,4.0,45.11000000000001,21.60451586198641,33.28053012474612,45.114954013267464,-1,PF(default),"[-0.9075946807861328, 0.08143705874681473, 0.9539737105369568]",-0.3333,0.089797629370781,0.43820181275468584,0.5017981872453141,0.5317981872453141,0.19124838933651084,0.0,False,False,False,False,23be0235-e2d3-4e4d-b573-4a3c4395d649
1,normal,3,10,continuous,resource_efficient,0,eMBB,3.6672,91680.0,4584.0,174664.0,182345.0,95.0,5.0,57.0,37.31,37.314518694285454,29.56066937439406,33.12481193132049,-1,PF(default),"[0.9625628590583801, 0.1925285905599594, 0.920038104057312]",-0.3333,0.09043734499327552,0.6115239359716867,0.32847606402831325,0.35847606402831333,0.15710002832299041,0.0,True,False,False,False,23be0235-e2d3-4e4d-b573-4a3c4395d649
1,normal,3,10,continuous,resource_efficient,1,URLLC,0.624,1950.0,780.0,316.6,743.0,60.0,40.0,15.0,29.559999999999995,37.314518694285454,29.56066937439406,33.12481193132049,-1,PF(default),"[0.9625628590583801, 0.1925285905599594, 0.920038104057312]",-0.3333,0.09043734499327552,0.6115239359716867,0.32847606402831325,0.35847606402831333,0.15710002832299041,0.0,False,False,False,False,23be0235-e2d3-4e4d-b573-4a3c4395d649
1,normal,3,10,continuous,resource_efficient,2,MTC,1.6384000000000003,3840.0,2048.0,200.9,644.0,46.663999999999994,53.336000000000006,14.0,33.12,37.314518694285454,29.56066937439406,33.12481193132049,-1,PF(default),"[0.9625628590583801, 0.1925285905599594, 0.920038104057312]",-0.3333,0.09043734499327552,0.6115239359716867,0.32847606402831325,0.35847606402831333,0.15710002832299041,0.0,False,False,False,False,23be0235-e2d3-4e4d-b573-4a3c4395d649
1,normal,3,11,continuous,resource_efficient,0,eMBB,7.3344,84040.0,9168.0,184417.8,195070.0,89.092,10.908000000000001,49.0,23.7,23.696215924292087,29.69725521266978,46.606528863038136,-1,PF(default),"[-0.7353836297988892, -0.4139004051685333, 0.8189587593078613]",-0.3333,0.09323041026357236,0.46762949025178235,0.4723705097482176,0.5023705097482175,0.1361830276999337,0.0,True,False,False,False,23be0235-e2d3-4e4d-b573-4a3c4395d649
1,normal,3,11,continuous,resource_efficient,1,URLLC,0.4992,1950.0,624.0,201.8,579.0,68.0,32.0,17.0,29.7,23.696215924292087,29.69725521266978,46.606528863038136,-1,PF(default),"[-0.7353836297988892, -0.4139004051685333, 0.8189587593078613]",-0.3333,0.09323041026357236,0.46762949025178235,0.4723705097482176,0.5023705097482175,0.1361830276999337,0.0,False,False,False,False,23be0235-e2d3-4e4d-b573-4a3c4395d649
1,normal,3,11,continuous,resource_efficient,2,MTC,1.6384000000000003,2560.0,2048.0,194.0,644.0,20.0,80.0,4.0,46.61000000000001,23.696215924292087,29.69725521266978,46.606528863038136,-1,PF(default),"[-0.7353836297988892, -0.4139004051685333, 0.8189587593078613]",-0.3333,0.09323041026357236,0.46762949025178235,0.4723705097482176,0.5023705097482175,0.1361830276999337,0.0,False,False,False,False,23be0235-e2d3-4e4d-b573-4a3c4395d649
1,normal,3,12,continuous,resource_efficient,0,eMBB,6.112,91680.0,7640.0,205737.2,214546.0,91.666,8.334000000000003,55.0,28.889999999999997,28.88540322590082,41.91050418470811,29.204092589391074,-1,PF(default),"[-0.027600297704339027, 0.5562589168548584, 0.23366610705852509]",-0.3333,0.09855037390863627,0.5138457603172695,0.4261542396827305,0.4561542396827305,0.17402436273647062,0.0,True,False,False,False,23be0235-e2d3-4e4d-b573-4a3c4395d649
1,normal,3,12,continuous,resource_efficient,1,URLLC,0.624,1950.0,780.0,136.2,251.0,60.0,40.0,15.0,41.91,28.88540322590082,41.91050418470811,29.204092589391074,-1,PF(default),"[-0.027600297704339027, 0.5562589168548584, 0.23366610705852509]",-0.3333,0.09855037390863627,0.5138457603172695,0.4261542396827305,0.4561542396827305,0.17402436273647062,0.0,False,False,False,False,23be0235-e2d3-4e4d-b573-4a3c4395d649
1,normal,3,12,continuous,resource_efficient,2,MTC,2.4576,3840.0,3072.0,322.8,2093.0,20.0,80.0,6.0,29.199999999999996,28.88540322590082,41.91050418470811,29.204092589391074,-1,PF(default),"[-0.027600297704339027, 0.5562589168548584, 0.23366610705852509]",-0.3333,0.09855037390863627,0.5138457603172695,0.4261542396827305,0.4561542396827305,0.17402436273647062,0.0,False,False,False,False,23be0235-e2d3-4e4d-b573-4a3c4395d649
1,normal,3,13,continuous,resource_efficient,0,eMBB,7.3344,91680.0,9168.0,217615.8,228362.0,90.0,10.0,54.0,33.69,33.69391335178323,32.791921984078506,33.51416466413826,-1,PF(default),"[0.5538038015365601, 0.2677049934864044, 0.7235417366027832]",-0.3333,0.12785155621840052,0.5579542066290828,0.38204579337091715,0.4120457933709173,0.09118582200629599,0.0,True,False,False,False,23be0235-e2d3-4e4d-b573-4a3c4395d649
1,normal,3,13,continuous,resource_efficient,1,URLLC,0.7488,1950.0,936.0,136.2,251.0,60.0,40.0,15.0,32.79,33.69391335178323,32.791921984078506,33.51416466413826,-1,PF(default),"[0.5538038015365601, 0.2677049934864044, 0.7235417366027832]",-0.3333,0.12785155621840052,0.5579542066290828,0.38204579337091715,0.4120457933709173,0.09118582200629599,0.0,False,False,False,False,23be0235-e2d3-4e4d-b573-4a3c4395d649
1,normal,3,13,continuous,resource_efficient,2,MTC,2.3552,2560.0,2944.0,335.0,2093.0,20.0,80.0,4.0,33.51,33.69391335178323,32.791921984078506,33.51416466413826,-1,PF(default),"[0.5538038015365601, 0.2677049934864044, 0.7235417366027832]",-0.3333,0.12785155621840052,0.5579542066290828,0.38204579337091715,0.4120457933709173,0.09118582200629599,0.0,False,False,False,False,23be0235-e2d3-4e4d-b573-4a3c4395d649
1,normal,3,14,continuous,resource_efficient,0,eMBB,33.0048,84040.0,41256.0,226989.4,236181.0,65.456,34.544,36.0,23.23,23.230542381060253,44.7031119413109,32.066345677628846,-1,PF(default),"[-0.5759567022323608, 0.7491374015808105, 0.4724065363407135]",0.0,0.24991955229507812,0.5006850403020212,0.43931495969797885,0.4693149596979789,0.11911189957232393,0.0,False,True,False,False,23be0235-e2d3-4e4d-b573-4a3c4395d649
1,normal,3,14,continuous,resource_efficient,1,URLLC,0.7488,1950.0,936.0,300.2,661.0,52.0,48.0,13.0,44.7,23.230542381060253,44.7031119413109,32.066345677628846,-1,PF(default),"[-0.5759567022323608, 0.7491374015808105, 0.4724065363407135]",0.0,0.24991955229507812,0.5006850403020212,0.43931495969797885,0.4693149596979789,0.11911189957232393,0.0,False,False,False,False,23be0235-e2d3-4e4d-b573-4a3c4395d649
1,normal,3,14,continuous,resource_efficient,2,MTC,1.7408000000000003,3840.0,2176.0,340.0,2093.0,43.330999999999996,56.669000000000004,13.0,32.07,23.230542381060253,44.7031119413109,32.066345677628846,-1,PF(default),"[-0.5759567022323608, 0.7491374015808105, 0.4724065363407135]",0.0,0.24991955229507812,0.5006850403020212,0.43931495969797885,0.4693149596979789,0.11911189957232393,0.0,False,False,False,False,23be0235-e2d3-4e4d-b573-4a3c4395d649
1,normal,3,15,continuous,resource_efficient,0,eMBB,7.3344,91680.0,9168.0,247642.4,264417.0,90.0,10.0,54.0,31.99,31.994906824500337,25.662889108080638,42.34220406741904,-1,PF(default),"[0.09726457297801971, -0.8986068367958069, 0.7350031733512878]",0.32412430270493914,0.1395153095321802,0.529262391524612,0.4107376084753881,0.4407376084753881,0.19040222833230266,-0.04605961459541195,False,False,False,False,23be0235-e2d3-4e4d-b573-4a3c4395d649
1,normal,3,15,continuous,resource_efficient,1,URLLC,1.248,1950.0,1560.0,402.2,875.0,40.0,60.0,10.0,25.660000000000004,31.994906824500337,25.662889108080638,42.34220406741904,-1,PF(default),"[0.09726457297801971, -0.8986068367958069, 0.7350031733512878]",0.32412430270493914,0.1395153095321802,0.529262391524612,0.4107376084753881,0.4407376084753881,0.19040222833230266,-0.04605961459541195,False,False,False,False,23be0235-e2d3-4e4d-b573-4a3c4395d649
1,normal,3,15,continuous,resource_efficient,2,MTC,2.4576,2560.0,3072.0,325.6,2093.0,20.0,80.0,4.0,42.34000000000001,31.994906824500337,25.662889108080638,42.34220406741904,-1,PF(default),"[0.09726457297801971, -0.8986068367958069, 0.7350031733512878]",0.32412430270493914,0.1395153095321802,0.529262391524612,0.4107376084753881,0.4407376084753881,0.19040222833230266,-0.04605961459541195,False,False,False,False,23be0235-e2d3-4e4d-b573-4a3c4395d649
1,normal,3,16,continuous,resource_efficient,0,eMBB,11.0016,91680.0,13752.0,258431.2,272840.0,85.0,15.0,51.0,33.59,33.59435109967532,34.06068247040758,32.34496642991711,-1,PF(default),"[-0.6352209448814392, -0.8208873867988586, -0.5193064212799072]",0.36897780324904184,0.1384896355057043,0.5975796225302299,0.3424203774697701,0.37242037746976997,0.0999723763750193,-0.0007529181994721515,False,False,False,False,23be0235-e2d3-4e4d-b573-4a3c4395d649
1,normal,3,16,continuous,resource_efficient,1,URLLC,0.624,1950.0,780.0,429.2,928.0,60.0,40.0,15.0,34.06,33.59435109967532,34.06068247040758,32.34496642991711,-1,PF(default),"[-0.6352209448814392, -0.8208873867988586, -0.5193064212799072]",0.36897780324904184,0.1384896355057043,0.5975796225302299,0.3424203774697701,0.37242037746976997,0.0999723763750193,-0.0007529181994721515,False,False,False,False,23be0235-e2d3-4e4d-b573-4a3c4395d649
1,normal,3,16,continuous,resource_efficient,2,MTC,1.6384000000000003,3840.0,2048.0,284.3,1695.0,46.663999999999994,53.336000000000006,14.0,32.34000000000001,33.59435109967532,34.06068247040758,32.34496642991711,-1,PF(default),"[-0.6352209448814392, -0.8208873867988586, -0.5193064212799072]",0.36897780324904184,0.1384896355057043,0.5975796225302299,0.3424203774697701,0.37242037746976997,0.0999723763750193,-0.0007529181994721515,False,False,False,False,23be0235-e2d3-4e4d-b573-4a3c4395d649
1,normal,3,17,continuous,resource_efficient,0,eMBB,14.6688,84040.0,18336.0,280277.8,303708.0,78.18199999999999,21.818000000000012,43.0,31.690000000000005,31.692547658762066,29.0611572928784,39.246295048359535,-1,PF(default),"[0.12727005779743195, -0.37861812114715576, 0.6720640063285828]",0.34311598487877093,0.16847018383129025,0.5426695473540798,0.39733045264592015,0.4273304526459203,0.06901328618442432,-0.026154899130515295,False,False,False,False,23be0235-e2d3-4e4d-b573-4a3c4395d649
1,normal,3,17,continuous,resource_efficient,1,URLLC,0.624,1950.0,780.0,435.6,989.0,60.0,40.0,15.0,29.059999999999995,31.692547658762066,29.0611572928784,39.246295048359535,-1,PF(default),"[0.12727005779743195, -0.37861812114715576, 0.6720640063285828]",0.34311598487877093,0.16847018383129025,0.5426695473540798,0.39733045264592015,0.4273304526459203,0.06901328618442432,-0.026154899130515295,False,False,False,False,23be0235-e2d3-4e4d-b573-4a3c4395d649
1,normal,3,17,continuous,resource_efficient,2,MTC,2.3552,2560.0,2944.0,155.7,292.0,20.0,80.0,4.0,39.25,31.692547658762066,29.0611572928784,39.246295048359535,-1,PF(default),"[0.12727005779743195, -0.37861812114715576, 0.6720640063285828]",0.34311598487877093,0.16847018383129025,0.5426695473540798,0.39733045264592015,0.4273304526459203,0.06901328618442432,-0.026154899130515295,False,False,False,False,23be0235-e2d3-4e4d-b573-4a3c4395d649
1,normal,3,18,continuous,resource_efficient,0,eMBB,6.112,91680.0,7640.0,290105.2,309103.0,91.668,8.331999999999994,55.0,38.7,38.69653351336635,29.790677785489965,31.51278870114369,-1,PF(default),"[0.14423535764217377, -0.6668087244033813, -0.04803896322846413]",0.3626285956862673,0.10072817175300922,0.6182431386974967,0.3217568613025033,0.3517568613025033,0.07733506347215849,0.005224764395491933,False,False,False,False,23be0235-e2d3-4e4d-b573-4a3c4395d649
1,normal,3,18,continuous,resource_efficient,1,URLLC,0.4992,1950.0,624.0,492.2,1211.0,68.0,32.0,17.0,29.79,38.69653351336635,29.790677785489965,31.51278870114369,-1,PF(default),"[0.14423535764217377, -0.6668087244033813, -0.04803896322846413]",0.3626285956862673,0.10072817175300922,0.6182431386974967,0.3217568613025033,0.3517568613025033,0.07733506347215849,0.005224764395491933,False,False,False,False,23be0235-e2d3-4e4d-b573-4a3c4395d649
1,normal,3,18,continuous,resource_efficient,2,MTC,1.7408000000000003,3840.0,2176.0,165.7,292.0,43.330999999999996,56.669000000000004,13.0,31.509999999999998,38.69653351336635,29.790677785489965,31.51278870114369,-1,PF(default),"[0.14423535764217377, -0.6668087244033813, -0.04803896322846413]",0.3626285956862673,0.10072817175300922,0.6182431386974967,0.3217568613025033,0.3517568613025033,0.07733506347215849,0.005224764395491933,False,False,False,False,23be0235-e2d3-4e4d-b573-4a3c4395d649
1,normal,3,19,continuous,resource_efficient,0,eMBB,11.0016,91680.0,13752.0,301593.8,319415.0,85.0,15.0,51.0,26.72,26.71748092275241,29.95540467819661,43.327114399050984,-1,PF(default),"[-0.6948467493057251, -0.7045506238937378, 0.39826828241348267]",0.2888053919107787,0.117184860745397,0.48966563874371805,0.45033436125628196,0.4803343612562819,0.1197905259061394,-0.07075317089999673,False,False,False,False,23be0235-e2d3-4e4d-b573-4a3c4395d649
1,normal,3,19,continuous,resource_efficient,1,URLLC,0.624,1950.0,780.0,492.2,1211.0,60.0,40.0,15.0,29.96,26.71748092275241,29.95540467819661,43.327114399050984,-1,PF(default),"[-0.6948467493057251, -0.7045506238937378, 0.39826828241348267]",0.2888053919107787,0.117184860745397,0.48966563874371805,0.45033436125628196,0.4803343612562819,0.1197905259061394,-0.07075317089999673,False,False,False,False,23be0235-e2d3-4e4d-b573-4a3c4395d649
1,normal,3,19,continuous,resource_efficient,2,MTC,1.6384000000000003,2560.0,2048.0,121.0,137.0,20.0,80.0,4.0,43.32999999999999,26.71748092275241,29.95540467819661,43.327114399050984,-1,PF(default),"[-0.6948467493057251, -0.7045506238937378, 0.39826828241348267]",0.2888053919107787,0.117184860745397,0.48966563874371805,0.45033436125628196,0.4803343612562819,0.1197905259061394,-0.07075317089999673,False,False,False,False,23be0235-e2d3-4e4d-b573-4a3c4395d649
1,normal,3,20,continuous,resource_efficient,0,eMBB,12.224,84040.0,15280.0,319905.2,356317.0,81.82,18.180000000000007,45.0,40.79,40.79047247769082,30.64953720782877,28.559990314480416,-1,PF(default),"[0.707862138748169, -0.10988965630531311, 0.24753208458423615]",0.38762904121510977,0.17722867895388486,0.6355323605597378,0.30446763944026217,0.33446763944026214,0.14767124084570568,0.027381590084334384,False,False,False,False,23be0235-e2d3-4e4d-b573-4a3c4395d649
1,normal,3,20,continuous,resource_efficient,1,URLLC,0.7488,1950.0,936.0,492.2,1211.0,60.0,40.0,15.0,30.65,40.79047247769082,30.64953720782877,28.559990314480416,-1,PF(default),"[0.707862138748169, -0.10988965630531311, 0.24753208458423615]",0.38762904121510977,0.17722867895388486,0.6355323605597378,0.30446763944026217,0.33446763944026214,0.14767124084570568,0.027381590084334384,False,False,False,False,23be0235-e2d3-4e4d-b573-4a3c4395d649
1,normal,3,20,continuous,resource_efficient,2,MTC,2.4576,3840.0,3072.0,150.2,269.0,20.0,80.0,6.0,28.559999999999995,40.79047247769082,30.64953720782877,28.559990314480416,-1,PF(default),"[0.707862138748169, -0.10988965630531311, 0.24753208458423615]",0.38762904121510977,0.17722867895388486,0.6355323605597378,0.30446763944026217,0.33446763944026214,0.14767124084570568,0.027381590084334384,False,False,False,False,23be0235-e2d3-4e4d-b573-4a3c4395d649
1,normal,3,21,continuous,resource_efficient,0,eMBB,8.556799999999999,91680.0,10696.0,334276.0,361446.0,88.334,11.665999999999997,53.0,35.42,35.41749180666795,43.230161484815774,21.35234670851627,-1,PF(default),"[0.3754125237464905, 0.5895373821258545, -0.474306583404541]",0.3354032570221044,0.12741621046262977,0.5659876326954942,0.3740123673045058,0.40401236730450585,0.12580624276987012,-0.02321449042867104,False,False,False,False,23be0235-e2d3-4e4d-b573-4a3c4395d649
1,normal,3,21,continuous,resource_efficient,1,URLLC,0.624,1950.0,780.0,492.2,1211.0,60.0,40.0,15.0,43.23,35.41749180666795,43.230161484815774,21.35234670851627,-1,PF(default),"[0.3754125237464905, 0.5895373821258545, -0.474306583404541]",0.3354032570221044,0.12741621046262977,0.5659876326954942,0.3740123673045058,0.40401236730450585,0.12580624276987012,-0.02321449042867104,False,False,False,False,23be0235-e2d3-4e4d-b573-4a3c4395d649
1,normal,3,21,continuous,resource_efficient,2,MTC,2.4576,2560.0,3072.0,146.0,269.0,20.0,80.0,4.0,21.349999999999998,35.41749180666795,43.230161484815774,21.35234670851627,-1,PF(default),"[0.3754125237464905, 0.5895373821258545, -0.474306583404541]",0.3354032570221044,0.12741621046262977,0.5659876326954942,0.3740123673045058,0.40401236730450585,0.12580624276987012,-0.02321449042867104,False,False,False,False,23be0235-e2d3-4e4d-b573-4a3c4395d649
1,normal,3,22,continuous,resource_efficient,0,eMBB,14.6688,91680.0,18336.0,348083.8,380792.0,80.0,20.0,48.0,26.76,26.759057181943735,43.58811637260493,29.652826445451343,-1,PF(default),"[-0.3137706518173218, 0.5350255370140076, 0.16654065251350403]",0.2768177061552382,0.13501261128019834,0.5168427691873405,0.4231572308126596,0.45315723081265946,0.08658434624724216,-0.049221033543918144,False,False,False,False,23be0235-e2d3-4e4d-b573-4a3c4395d649
1,normal,3,22,continuous,resource_efficient,1,URLLC,0.624,1950.0,780.0,701.0,2255.0,60.0,40.0,15.0,43.59,26.759057181943735,43.58811637260493,29.652826445451343,-1,PF(default),"[-0.3137706518173218, 0.5350255370140076, 0.16654065251350403]",0.2768177061552382,0.13501261128019834,0.5168427691873405,0.4231572308126596,0.45315723081265946,0.08658434624724216,-0.049221033543918144,False,False,False,False,23be0235-e2d3-4e4d-b573-4a3c4395d649
1,normal,3,22,continuous,resource_efficient,2,MTC,1.5360000000000003,3840.0,1920.0,182.1,645.0,49.998,50.002,15.0,29.65,26.759057181943735,43.58811637260493,29.652826445451343,-1,PF(default),"[-0.3137706518173218, 0.5350255370140076, 0.16654065251350403]",0.2768177061552382,0.13501261128019834,0.5168427691873405,0.4231572308126596,0.45315723081265946,0.08658434624724216,-0.049221033543918144,False,False,False,False,23be0235-e2d3-4e4d-b573-4a3c4395d649
1,normal,3,23,continuous,resource_efficient,0,eMBB,4.8896,84040.0,6112.0,358289.2,392736.0,92.728,7.272000000000006,51.0,37.19,37.185588619034746,29.66022268724998,33.154188693715284,-1,PF(default),"[0.05718481168150902, -0.6962271928787231, 0.022406700998544693]",0.2982163615407238,0.10601220733909114,0.573504894160711,0.3664951058392889,0.39649510583928893,0.1392789368535495,-0.023658568878432616,False,False,False,False,23be0235-e2d3-4e4d-b573-4a3c4395d649
1,normal,3,23,continuous,resource_efficient,1,URLLC,0.624,1950.0,780.0,717.4,2255.0,60.0,40.0,15.0,29.660000000000004,37.185588619034746,29.66022268724998,33.154188693715284,-1,PF(default),"[0.05718481168150902, -0.6962271928787231, 0.022406700998544693]",0.2982163615407238,0.10601220733909114,0.573504894160711,0.3664951058392889,0.39649510583928893,0.1392789368535495,-0.023658568878432616,False,False,False,False,23be0235-e2d3-4e4d-b573-4a3c4395d649
1,normal,3,23,continuous,resource_efficient,2,MTC,2.56,2560.0,3200.0,128.5,137.0,20.0,80.0,4.0,33.14999999999999,37.185588619034746,29.66022268724998,33.154188693715284,-1,PF(default),"[0.05718481168150902, -0.6962271928787231, 0.022406700998544693]",0.2982163615407238,0.10601220733909114,0.573504894160711,0.3664951058392889,0.39649510583928893,0.1392789368535495,-0.023658568878432616,False,False,False,False,23be0235-e2d3-4e4d-b573-4a3c4395d649
1,normal,3,24,continuous,resource_efficient,0,eMBB,11.0016,91680.0,13752.0,382840.2,420957.0,84.99799999999999,15.00200000000001,51.0,41.64,41.63871235441251,31.05522218221526,27.30606546337223,-1,PF(default),"[0.7983272075653076, -0.01659364625811577, 0.21749188005924225]",0.3634307251589656,0.14763744330832176,0.6573334256221939,0.2826665743778062,0.3126665743778061,0.0584812323034305,0.03900348241980916,False,False,False,False,23be0235-e2d3-4e4d-b573-4a3c4395d649
1,normal,3,24,continuous,resource_efficient,1,URLLC,0.624,1950.0,780.0,828.4,2255.0,60.0,40.0,15.0,31.059999999999995,41.63871235441251,31.05522218221526,27.30606546337223,-1,PF(default),"[0.7983272075653076, -0.01659364625811577, 0.21749188005924225]",0.3634307251589656,0.14763744330832176,0.6573334256221939,0.2826665743778062,0.3126665743778061,0.0584812323034305,0.03900348241980916,False,False,False,False,23be0235-e2d3-4e4d-b573-4a3c4395d649
1,normal,3,24,continuous,resource_efficient,2,MTC,1.6384000000000003,3840.0,2048.0,163.4,401.0,46.663999999999994,53.336000000000006,14.0,27.309999999999995,41.63871235441251,31.05522218221526,27.30606546337223,-1,PF(default),"[0.7983272075653076, -0.01659364625811577, 0.21749188005924225]",0.3634307251589656,0.14763744330832176,0.6573334256221939,0.2826665743778062,0.3126665743778061,0.0584812323034305,0.03900348241980916,False,False,False,False,23be0235-e2d3-4e4d-b573-4a3c4395d649
1,normal,3,25,continuous,resource_efficient,0,eMBB,14.6688,91680.0,18336.0,391551.4,426595.0,80.0,20.0,48.0,25.79,25.79486733468428,45.857213580844316,28.347919084471407,-1,PF(default),"[-0.560857892036438, 0.480180561542511, -0.06349795311689377]",0.25048166391117527,0.1652120082949855,0.4688403972381432,0.4711596027618568,0.5011596027618568,0.1584384501972823,-0.07557528250798111,False,False,False,False,23be0235-e2d3-4e4d-b573-4a3c4395d649
1,normal,3,25,continuous,resource_efficient,1,URLLC,5.7408,1950.0,7176.0,886.0,2255.0,48.0,52.0,12.0,45.86,25.79486733468428,45.857213580844316,28.347919084471407,-1,PF(default),"[-0.560857892036438, 0.480180561542511, -0.06349795311689377]",0.25048166391117527,0.1652120082949855,0.4688403972381432,0.4711596027618568,0.5011596027618568,0.1584384501972823,-0.07557528250798111,False,False,False,False,23be0235-e2d3-4e4d-b573-4a3c4395d649
1,normal,3,25,continuous,resource_efficient,2,MTC,1.6384000000000003,2560.0,2048.0,158.2,269.0,20.0,80.0,4.0,28.35,25.79486733468428,45.857213580844316,28.347919084471407,-1,PF(default),"[-0.560857892036438, 0.480180561542511, -0.06349795311689377]",0.25048166391117527,0.1652120082949855,0.4688403972381432,0.4711596027618568,0.5011596027618568,0.1584384501972823,-0.07557528250798111,False,False,False,False,23be0235-e2d3-4e4d-b573-4a3c4395d649
1,normal,3,26,continuous,resource_efficient,0,eMBB,9.7792,84040.0,12224.0,410997.6,453034.0,85.456,14.543999999999997,47.0,29.25,29.25010206181811,46.65257041568649,24.097327522495398,-1,PF(default),"[-0.6544628143310547, 0.09590904414653778, -0.8109247088432312]",0.2703263157308501,0.1251102909438123,0.5089998189731988,0.43100018102680127,0.4610001810268013,0.04250591561976008,-0.05370334620830631,False,False,False,False,23be0235-e2d3-4e4d-b573-4a3c4395d649
1,normal,3,26,continuous,resource_efficient,1,URLLC,0.7488,1950.0,936.0,886.0,2255.0,52.0,48.0,13.0,46.65,29.25010206181811,46.65257041568649,24.097327522495398,-1,PF(default),"[-0.6544628143310547, 0.09590904414653778, -0.8109247088432312]",0.2703263157308501,0.1251102909438123,0.5089998189731988,0.43100018102680127,0.4610001810268013,0.04250591561976008,-0.05370334620830631,False,False,False,False,23be0235-e2d3-4e4d-b573-4a3c4395d649
1,normal,3,26,continuous,resource_efficient,2,MTC,2.4576,3840.0,3072.0,176.2,397.0,20.0,80.0,6.0,24.099999999999998,29.25010206181811,46.65257041568649,24.097327522495398,-1,PF(default),"[-0.6544628143310547, 0.09590904414653778, -0.8109247088432312]",0.2703263157308501,0.1251102909438123,0.5089998189731988,0.43100018102680127,0.4610001810268013,0.04250591561976008,-0.05370334620830631,False,False,False,False,23be0235-e2d3-4e4d-b573-4a3c4395d649
1,normal,3,27,continuous,resource_efficient,0,eMBB,13.4464,91680.0,16808.0,422263.2,470372.0,81.666,18.334000000000003,49.0,24.53,24.526684696559933,31.614366247210445,43.858949056229626,-1,PF(default),"[-0.4057067334651947, -0.01546485349535942, 0.9508039355278015]",0.19051194572751906,0.1544485631626833,0.4453926761354394,0.49460732386456063,0.5246073238645605,0.19761621533734225,-0.09375549245306682,False,False,False,False,23be0235-e2d3-4e4d-b573-4a3c4395d649
1,normal,3,27,continuous,resource_efficient,1,URLLC,2.2464,1950.0,2808.0,1163.6,3643.0,20.0,80.0,5.0,31.610000000000003,24.526684696559933,31.614366247210445,43.858949056229626,-1,PF(default),"[-0.4057067334651947, -0.01546485349535942, 0.9508039355278015]",0.19051194572751906,0.1544485631626833,0.4453926761354394,0.49460732386456063,0.5246073238645605,0.19761621533734225,-0.09375549245306682,False,False,False,False,23be0235-e2d3-4e4d-b573-4a3c4395d649
1,normal,3,27,continuous,resource_efficient,2,MTC,2.3552,2560.0,2944.0,219.7,797.0,20.0,80.0,4.0,43.86000000000001,24.526684696559933,31.614366247210445,43.858949056229626,-1,PF(default),"[-0.4057067334651947, -0.01546485349535942, 0.9508039355278015]",0.19051194572751906,0.1544485631626833,0.4453926761354394,0.49460732386456063,0.5246073238645605,0.19761621533734225,-0.09375549245306682,False,False,False,False,23be0235-e2d3-4e4d-b573-4a3c4395d649
1,normal,3,28,continuous,resource_efficient,0,eMBB,11.0016,91680.0,13752.0,435938.6,483958.0,84.99799999999999,15.00200000000001,51.0,39.79,39.7852662992451,41.18085942215451,19.033874278600386,-1,PF(default),"[0.4758501350879669, 0.38823848962783813, -0.9245907664299011]",0.29677431152023565,0.14865265400287936,0.6306409822798142,0.30935901772018565,0.33935901772018573,0.24825074777629239,0.013702582779649822,False,False,False,False,23be0235-e2d3-4e4d-b573-4a3c4395d649
1,normal,3,28,continuous,resource_efficient,1,URLLC,0.7488,1950.0,936.0,1163.6,3643.0,52.0,48.0,13.0,41.18,39.7852662992451,41.18085942215451,19.033874278600386,-1,PF(default),"[0.4758501350879669, 0.38823848962783813, -0.9245907664299011]",0.29677431152023565,0.14865265400287936,0.6306409822798142,0.30935901772018565,0.33935901772018573,0.24825074777629239,0.013702582779649822,False,False,False,False,23be0235-e2d3-4e4d-b573-4a3c4395d649
1,normal,3,28,continuous,resource_efficient,2,MTC,1.7408000000000003,3840.0,2176.0,218.0,941.0,43.330999999999996,56.669000000000004,13.0,19.03,39.7852662992451,41.18085942215451,19.033874278600386,-1,PF(default),"[0.4758501350879669, 0.38823848962783813, -0.9245907664299011]",0.29677431152023565,0.14865265400287936,0.6306409822798142,0.30935901772018565,0.33935901772018573,0.24825074777629239,0.013702582779649822,False,False,False,False,23be0235-e2d3-4e4d-b573-4a3c4395d649
1,normal,3,29,continuous,resource_efficient,0,eMBB,15.8912,84040.0,19864.0,445281.0,483958.0,76.364,23.635999999999996,42.0,25.12,25.122908409010297,26.77096795719951,48.10612363379019,-1,PF(default),"[-0.4841759502887726, -0.7066338062286377, 0.9295094013214111]",0.0,0.1610371559688928,0.4600522829207149,0.4799477170792851,0.5099477170792852,0.29072249355189805,0.0,False,True,False,False,23be0235-e2d3-4e4d-b573-4a3c4395d649
1,normal,3,29,continuous,resource_efficient,1,URLLC,0.9984,1950.0,1248.0,1316.6,3643.0,40.0,60.0,10.0,26.77,25.122908409010297,26.77096795719951,48.10612363379019,-1,PF(default),"[-0.4841759502887726, -0.7066338062286377, 0.9295094013214111]",0.0,0.1610371559688928,0.4600522829207149,0.4799477170792851,0.5099477170792852,0.29072249355189805,0.0,False,False,False,False,23be0235-e2d3-4e4d-b573-4a3c4395d649
1,normal,3,29,continuous,resource_efficient,2,MTC,2.4576,2560.0,3072.0,223.5,1124.0,20.0,80.0,4.0,48.11000000000001,25.122908409010297,26.77096795719951,48.10612363379019,-1,PF(default),"[-0.4841759502887726, -0.7066338062286377, 0.9295094013214111]",0.0,0.1610371559688928,0.4600522829207149,0.4799477170792851,0.5099477170792852,0.29072249355189805,0.0,False,False,False,False,23be0235-e2d3-4e4d-b573-4a3c4395d649
1,normal,3,30,continuous,resource_efficient,0,eMBB,7.3344,91680.0,9168.0,467457.8,515884.0,90.0,10.0,54.0,23.69,23.692760984725975,47.616898478311626,28.690340536962406,-1,PF(default),"[-0.4582715332508087, 0.9102881550788879, 0.32332363724708557]",0.1791840782806961,0.09520803047574573,0.4519026985091952,0.48809730149080477,0.5180973014908048,0.2084593052111211,-0.10223974005988978,False,False,False,False,23be0235-e2d3-4e4d-b573-4a3c4395d649
1,normal,3,30,continuous,resource_efficient,1,URLLC,1.0608,1950.0,1326.0,1333.0,3643.0,40.0,60.0,10.0,47.62,23.692760984725975,47.616898478311626,28.690340536962406,-1,PF(default),"[-0.4582715332508087, 0.9102881550788879, 0.32332363724708557]",0.1791840782806961,0.09520803047574573,0.4519026985091952,0.48809730149080477,0.5180973014908048,0.2084593052111211,-0.10223974005988978,False,False,False,False,23be0235-e2d3-4e4d-b573-4a3c4395d649
1,normal,3,30,continuous,resource_efficient,2,MTC,1.6384000000000003,3840.0,2048.0,170.9,401.0,46.663999999999994,53.336000000000006,14.0,28.690000000000005,23.692760984725975,47.616898478311626,28.690340536962406,-1,PF(default),"[-0.4582715332508087, 0.9102881550788879, 0.32332363724708557]",0.1791840782806961,0.09520803047574573,0.4519026985091952,0.48809730149080477,0.5180973014908048,0.2084593052111211,-0.10223974005988978,False,False,False,False,23be0235-e2d3-4e4d-b573-4a3c4395d649
1,normal,3,31,continuous,resource_efficient,0,eMBB,8.556799999999999,91680.0,10696.0,483115.4,537164.0,88.334,11.665999999999997,53.0,37.67,37.66648457628586,30.676259467111045,31.6572559566031,-1,PF(default),"[0.9315329194068909, 0.25496232509613037, 0.7950562834739685]",0.24384420967612364,0.13192897247519086,0.582282037032243,0.35771796296775704,0.38771796296775707,0.1694063901120058,-0.014715302791216345,False,False,False,False,23be0235-e2d3-4e4d-b573-4a3c4395d649
1,normal,3,31,continuous,resource_efficient,1,URLLC,0.6864,1950.0,858.0,1111.2,4528.0,56.0,44.0,14.0,30.68,37.66648457628586,30.676259467111045,31.6572559566031,-1,PF(default),"[0.9315329194068909, 0.25496232509613037, 0.7950562834739685]",0.24384420967612364,0.13192897247519086,0.582282037032243,0.35771796296775704,0.38771796296775707,0.1694063901120058,-0.014715302791216345,False,False,False,False,23be0235-e2d3-4e4d-b573-4a3c4395d649
1,normal,3,31,continuous,resource_efficient,2,MTC,2.3552,2560.0,2944.0,157.0,401.0,20.0,80.0,4.0,31.660000000000004,37.66648457628586,30.676259467111045,31.6572559566031,-1,PF(default),"[0.9315329194068909, 0.25496232509613037, 0.7950562834739685]",0.24384420967612364,0.13192897247519086,0.582282037032243,0.35771796296775704,0.38771796296775707,0.1694063901120058,-0.014715302791216345,False,False,False,False,23be0235-e2d3-4e4d-b573-4a3c4395d649
1,normal,3,32,continuous,resource_efficient,0,eMBB,13.4464,84040.0,16808.0,495245.4,555332.0,80.002,19.998000000000005,44.0,24.48,24.47681425894192,26.72172514644286,48.80146059461522,-1,PF(default),"[-0.8447670340538025, -0.9950594305992126, 0.6681832075119019]",0.17979976061446334,0.13114035274825836,0.47253430332746305,0.46746569667253696,0.49746569667253704,0.1714420463801212,-0.08082344977287657,False,False,False,False,23be0235-e2d3-4e4d-b573-4a3c4395d649
1,normal,3,32,continuous,resource_efficient,1,URLLC,0.8111999999999999,1950.0,1014.0,1094.6,4528.0,48.0,52.0,12.0,26.72,24.47681425894192,26.72172514644286,48.80146059461522,-1,PF(default),"[-0.8447670340538025, -0.9950594305992126, 0.6681832075119019]",0.17979976061446334,0.13114035274825836,0.47253430332746305,0.46746569667253696,0.49746569667253704,0.1714420463801212,-0.08082344977287657,False,False,False,False,23be0235-e2d3-4e4d-b573-4a3c4395d649
1,normal,3,32,continuous,resource_efficient,2,MTC,1.7408000000000003,3840.0,2176.0,163.4,401.0,43.330999999999996,56.669000000000004,13.0,48.800000000000004,24.47681425894192,26.72172514644286,48.80146059461522,-1,PF(default),"[-0.8447670340538025, -0.9950594305992126, 0.6681832075119019]",0.17979976061446334,0.13114035274825836,0.47253430332746305,0.46746569667253696,0.49746569667253704,0.1714420463801212,-0.08082344977287657,False,False,False,False,23be0235-e2d3-4e4d-b573-4a3c4395d649
1,normal,3,33,continuous,resource_efficient,0,eMBB,12.223999999999998,91680.0,15280.0,507615.2,561043.0,83.332,16.668000000000006,50.0,27.2,27.20386355479427,35.26671920052996,37.52941724467577,-1,PF(default),"[-0.6863629817962646, -0.3157574534416199, 0.14468921720981598]",0.16798066149392288,0.1298369406215278,0.477891535017974,0.462108464982026,0.492108464982026,0.1127204334993945,-0.07493371253987977,False,False,False,False,23be0235-e2d3-4e4d-b573-4a3c4395d649
1,normal,3,33,continuous,resource_efficient,1,URLLC,0.9359999999999999,1950.0,1170.0,1145.0,5226.0,40.0,60.0,10.0,35.27,27.20386355479427,35.26671920052996,37.52941724467577,-1,PF(default),"[-0.6863629817962646, -0.3157574534416199, 0.14468921720981598]",0.16798066149392288,0.1298369406215278,0.477891535017974,0.462108464982026,0.492108464982026,0.1127204334993945,-0.07493371253987977,False,False,False,False,23be0235-e2d3-4e4d-b573-4a3c4395d649
1,normal,3,33,continuous,resource_efficient,2,MTC,1.6384000000000003,2560.0,2048.0,182.7,401.0,20.0,80.0,4.0,37.529999999999994,27.20386355479427,35.26671920052996,37.52941724467577,-1,PF(default),"[-0.6863629817962646, -0.3157574534416199, 0.14468921720981598]",0.16798066149392288,0.1298369406215278,0.477891535017974,0.462108464982026,0.492108464982026,0.1127204334993945,-0.07493371253987977,False,False,False,False,23be0235-e2d3-4e4d-b573-4a3c4395d649
1,normal,3,34,continuous,resource_efficient,0,eMBB,12.224,91680.0,15280.0,526442.8,590498.0,83.334,16.665999999999997,50.0,26.79,26.792116910378372,35.013497669983444,38.19438541963818,-1,PF(default),"[-0.11643186956644058, 0.2773011028766632, 0.7815868258476257]",0.17903536171478923,0.13192943729028725,0.47955760051573826,0.4604423994842618,0.4904423994842617,0.006649681749624131,-0.06821203631998082,False,False,False,False,23be0235-e2d3-4e4d-b573-4a3c4395d649
1,normal,3,34,continuous,resource_efficient,1,URLLC,0.936,1950.0,1170.0,1161.8,5051.0,48.0,52.0,12.0,35.01,26.792116910378372,35.013497669983444,38.19438541963818,-1,PF(default),"[-0.11643186956644058, 0.2773011028766632, 0.7815868258476257]",0.17903536171478923,0.13192943729028725,0.47955760051573826,0.4604423994842618,0.4904423994842617,0.006649681749624131,-0.06821203631998082,False,False,False,False,23be0235-e2d3-4e4d-b573-4a3c4395d649
1,normal,3,34,continuous,resource_efficient,2,MTC,2.4576,3840.0,3072.0,189.8,401.0,20.0,80.0,6.0,38.19,26.792116910378372,35.013497669983444,38.19438541963818,-1,PF(default),"[-0.11643186956644058, 0.2773011028766632, 0.7815868258476257]",0.17903536171478923,0.13192943729028725,0.47955760051573826,0.4604423994842618,0.4904423994842617,0.006649681749624131,-0.06821203631998082,False,False,False,False,23be0235-e2d3-4e4d-b573-4a3c4395d649
1,normal,3,35,continuous,resource_efficient,0,eMBB,11.0016,84040.0,13752.0,539156.0,603537.0,83.638,16.361999999999995,46.0,36.99,36.994708537017615,39.902689496732776,23.102601966249598,-1,PF(default),"[-0.16267921030521393, -0.1839076280593872, -0.8956915140151978]",0.234095826755692,0.16042036039380542,0.5747558048814252,0.36524419511857475,0.3952441951185748,0.15091783453388585,-0.01260833671907808,False,False,False,False,23be0235-e2d3-4e4d-b573-4a3c4395d649
1,normal,3,35,continuous,resource_efficient,1,URLLC,0.8735999999999999,1950.0,1092.0,1161.8,5051.0,44.0,56.0,11.0,39.9,36.994708537017615,39.902689496732776,23.102601966249598,-1,PF(default),"[-0.16267921030521393, -0.1839076280593872, -0.8956915140151978]",0.234095826755692,0.16042036039380542,0.5747558048814252,0.36524419511857475,0.3952441951185748,0.15091783453388585,-0.01260833671907808,False,False,False,False,23be0235-e2d3-4e4d-b573-4a3c4395d649
1,normal,3,35,continuous,resource_efficient,2,MTC,2.4576,2560.0,3072.0,110.3,137.0,20.0,80.0,4.0,23.099999999999998,36.994708537017615,39.902689496732776,23.102601966249598,-1,PF(default),"[-0.16267921030521393, -0.1839076280593872, -0.8956915140151978]",0.234095826755692,0.16042036039380542,0.5747558048814252,0.36524419511857475,0.3952441951185748,0.15091783453388585,-0.01260833671907808,False,False,False,False,23be0235-e2d3-4e4d-b573-4a3c4395d649
1,normal,3,36,continuous,resource_efficient,0,eMBB,9.7792,91680.0,12224.0,552342.4,620042.0,86.666,13.334000000000003,52.0,25.97,25.965506673666518,50.01515054310664,24.01934278322685,-1,PF(default),"[-0.940606951713562, 0.23102644085884094, -0.8018964529037476]",0.16114379577872423,0.11298223156330202,0.4807754717987156,0.45922452820128434,0.48922452820128437,0.11029201863351104,-0.07645287153978579,False,False,False,False,23be0235-e2d3-4e4d-b573-4a3c4395d649
1,normal,3,36,continuous,resource_efficient,1,URLLC,0.9984,1950.0,1248.0,1232.8,5406.0,40.0,60.0,10.0,50.02,25.965506673666518,50.01515054310664,24.01934278322685,-1,PF(default),"[-0.940606951713562, 0.23102644085884094, -0.8018964529037476]",0.16114379577872423,0.11298223156330202,0.4807754717987156,0.45922452820128434,0.48922452820128437,0.11029201863351104,-0.07645287153978579,False,False,False,False,23be0235-e2d3-4e4d-b573-4a3c4395d649
1,normal,3,36,continuous,resource_efficient,2,MTC,1.6384000000000003,3840.0,2048.0,120.4,137.0,46.663999999999994,53.336000000000006,14.0,24.020000000000003,25.965506673666518,50.01515054310664,24.01934278322685,-1,PF(default),"[-0.940606951713562, 0.23102644085884094, -0.8018964529037476]",0.16114379577872423,0.11298223156330202,0.4807754717987156,0.45922452820128434,0.48922452820128437,0.11029201863351104,-0.07645287153978579,False,False,False,False,23be0235-e2d3-4e4d-b573-4a3c4395d649
1,normal,3,37,continuous,resource_efficient,0,eMBB,9.7792,91680.0,12224.0,566174.6,632992.0,86.666,13.334000000000003,52.0,28.43,28.430470895528444,51.11752763524577,20.452001469225785,-1,PF(default),"[-0.23126734793186188, 0.741334855556488, -0.7339498996734619]",0.17467016085488146,0.14893424106175246,0.48487443703503574,0.4551255629649642,0.48512556296496423,0.03567341314001064,-0.06307216022362856,False,False,False,False,23be0235-e2d3-4e4d-b573-4a3c4395d649
1,normal,3,37,continuous,resource_efficient,1,URLLC,3.1824,1950.0,3978.0,1347.6,5406.0,36.0,64.0,9.0,51.12,28.430470895528444,51.11752763524577,20.452001469225785,-1,PF(default),"[-0.23126734793186188, 0.741334855556488, -0.7339498996734619]",0.17467016085488146,0.14893424106175246,0.48487443703503574,0.4551255629649642,0.48512556296496423,0.03567341314001064,-0.06307216022362856,False,False,False,False,23be0235-e2d3-4e4d-b573-4a3c4395d649
1,normal,3,37,continuous,resource_efficient,2,MTC,2.4576,2560.0,3072.0,192.2,567.0,20.0,80.0,4.0,20.449999999999996,28.430470895528444,51.11752763524577,20.452001469225785,-1,PF(default),"[-0.23126734793186188, 0.741334855556488, -0.7339498996734619]",0.17467016085488146,0.14893424106175246,0.48487443703503574,0.4551255629649642,0.48512556296496423,0.03567341314001064,-0.06307216022362856,False,False,False,False,23be0235-e2d3-4e4d-b573-4a3c4395d649
1,normal,3,38,continuous,resource_efficient,0,eMBB,11.0016,84040.0,13752.0,584126.2,652813.0,83.638,16.361999999999995,46.0,24.9,24.90457856807654,36.41616220529937,38.67925922662408,-1,PF(default),"[-0.6178283095359802, 0.07148884236812592, 0.505774736404419]",0.15470626927262043,0.12646160506130885,0.47064612543424633,0.46935387456575367,0.49935387456575364,0.18227257757398302,-0.08343363260588958,False,False,False,False,23be0235-e2d3-4e4d-b573-4a3c4395d649
1,normal,3,38,continuous,resource_efficient,1,URLLC,1.1232,1950.0,1404.0,1331.2,5406.0,40.0,60.0,10.0,36.42,24.90457856807654,36.41616220529937,38.67925922662408,-1,PF(default),"[-0.6178283095359802, 0.07148884236812592, 0.505774736404419]",0.15470626927262043,0.12646160506130885,0.47064612543424633,0.46935387456575367,0.49935387456575364,0.18227257757398302,-0.08343363260588958,False,False,False,False,23be0235-e2d3-4e4d-b573-4a3c4395d649
1,normal,3,38,continuous,resource_efficient,2,MTC,1.6384000000000003,3840.0,2048.0,172.1,488.0,46.663999999999994,53.336000000000006,14.0,38.68,24.90457856807654,36.41616220529937,38.67925922662408,-1,PF(default),"[-0.6178283095359802, 0.07148884236812592, 0.505774736404419]",0.15470626927262043,0.12646160506130885,0.47064612543424633,0.46935387456575367,0.49935387456575364,0.18227257757398302,-0.08343363260588958,False,False,False,False,23be0235-e2d3-4e4d-b573-4a3c4395d649
1,normal,3,39,continuous,resource_efficient,0,eMBB,9.7792,91680.0,12224.0,602017.0,675076.0,86.668,13.331999999999994,52.0,24.98,24.98032869332583,40.50750870444689,34.51216260222728,-1,PF(default),"[-0.10361014306545258, 0.7990803122520447, 0.83121258020401]",0.1566814603086133,0.09758280434146177,0.4561794840001343,0.4838205159998656,0.5138205159998657,0.0416709662439681,-0.09085929704382546,False,False,False,False,23be0235-e2d3-4e4d-b573-4a3c4395d649
1,normal,3,39,continuous,resource_efficient,1,URLLC,0.5616,1950.0,702.0,1275.2,4988.0,64.0,36.0,16.0,40.51,24.98032869332583,40.50750870444689,34.51216260222728,-1,PF(default),"[-0.10361014306545258, 0.7990803122520447, 0.83121258020401]",0.1566814603086133,0.09758280434146177,0.4561794840001343,0.4838205159998656,0.5138205159998657,0.0416709662439681,-0.09085929704382546,False,False,False,False,23be0235-e2d3-4e4d-b573-4a3c4395d649
1,normal,3,39,continuous,resource_efficient,2,MTC,1.6384000000000003,2560.0,2048.0,129.1,137.0,20.0,80.0,4.0,34.51,24.98032869332583,40.50750870444689,34.51216260222728,-1,PF(default),"[-0.10361014306545258, 0.7990803122520447, 0.83121258020401]",0.1566814603086133,0.09758280434146177,0.4561794840001343,0.4838205159998656,0.5138205159998657,0.0416709662439681,-0.09085929704382546,False,False,False,False,23be0235-e2d3-4e4d-b573-4a3c4395d649
1,normal,3,40,continuous,resource_efficient,0,eMBB,6.112,91680.0,7640.0,618532.8,693744.0,91.666,8.334000000000003,55.0,24.81,24.810344301891384,32.539537655563535,42.65011804254508,-1,PF(default),"[-0.32299932837486267, 0.1084408238530159, 0.957657516002655]",0.14336155559262437,0.09191035296703082,0.44165292547823065,0.4983470745217694,0.5283470745217693,0.08137955440317807,-0.10269515183981436,False,False,False,False,23be0235-e2d3-4e4d-b573-4a3c4395d649
1,normal,3,40,continuous,resource_efficient,1,URLLC,1.0608,1950.0,1326.0,1275.2,4988.0,40.0,60.0,10.0,32.54,24.810344301891384,32.539537655563535,42.65011804254508,-1,PF(default),"[-0.32299932837486267, 0.1084408238530159, 0.957657516002655]",0.14336155559262437,0.09191035296703082,0.44165292547823065,0.4983470745217694,0.5283470745217693,0.08137955440317807,-0.10269515183981436,False,False,False,False,23be0235-e2d3-4e4d-b573-4a3c4395d649
1,normal,3,40,continuous,resource_efficient,2,MTC,2.4576,3840.0,3072.0,137.0,137.0,20.0,80.0,6.0,42.64999999999999,24.810344301891384,32.539537655563535,42.65011804254508,-1,PF(default),"[-0.32299932837486267, 0.1084408238530159, 0.957657516002655]",0.14336155559262437,0.09191035296703082,0.44165292547823065,0.4983470745217694,0.5283470745217693,0.08137955440317807,-0.10269515183981436,False,False,False,False,23be0235-e2d3-4e4d-b573-4a3c4395d649
1,normal,3,41,continuous,resource_efficient,0,eMBB,12.224,84040.0,15280.0,631163.8,705923.0,81.818,18.182000000000002,45.0,33.19,33.19007785971759,29.759889328516437,37.05003281176597,-1,PF(default),"[-0.09789401292800903, -0.6244920492172241, 0.26333603262901306]",0.2692784949801075,0.1629241915132403,0.5277459248316182,0.4122540751683818,0.4422540751683818,0.08379733557826205,-0.03695747357729409,False,False,False,False,23be0235-e2d3-4e4d-b573-4a3c4395d649
1,normal,3,41,continuous,resource_efficient,1,URLLC,1.1232,1950.0,1404.0,919.2,2864.0,40.0,60.0,10.0,29.76,33.19007785971759,29.759889328516437,37.05003281176597,-1,PF(default),"[-0.09789401292800903, -0.6244920492172241, 0.26333603262901306]",0.2692784949801075,0.1629241915132403,0.5277459248316182,0.4122540751683818,0.4422540751683818,0.08379733557826205,-0.03695747357729409,False,False,False,False,23be0235-e2d3-4e4d-b573-4a3c4395d649
1,normal,3,41,continuous,resource_efficient,2,MTC,2.3552,2560.0,2944.0,130.6,137.0,20.0,80.0,4.0,37.050000000000004,33.19007785971759,29.759889328516437,37.05003281176597,-1,PF(default),"[-0.09789401292800903, -0.6244920492172241, 0.26333603262901306]",0.2692784949801075,0.1629241915132403,0.5277459248316182,0.4122540751683818,0.4422540751683818,0.08379733557826205,-0.03695747357729409,False,False,False,False,23be0235-e2d3-4e4d-b573-4a3c4395d649
1,normal,3,42,continuous,resource_efficient,0,eMBB,14.6688,91680.0,18336.0,641989.2,716111.0,79.99799999999999,20.00200000000001,48.0,42.12,42.123280053953216,30.81695026841505,27.05976967763174,-1,PF(default),"[-0.0037102994974702597, -0.8596369624137878, -0.621549129486084]",0.33563723510324023,0.17822283575853937,0.6329576702686632,0.3070423297313368,0.33704232973133674,0.09990263134134236,0.028424037745838706,False,False,False,False,23be0235-e2d3-4e4d-b573-4a3c4395d649
1,normal,3,42,continuous,resource_efficient,1,URLLC,0.9359999999999999,1950.0,1170.0,942.6,2864.0,40.0,60.0,10.0,30.82,42.123280053953216,30.81695026841505,27.05976967763174,-1,PF(default),"[-0.0037102994974702597, -0.8596369624137878, -0.621549129486084]",0.33563723510324023,0.17822283575853937,0.6329576702686632,0.3070423297313368,0.33704232973133674,0.09990263134134236,0.028424037745838706,False,False,False,False,23be0235-e2d3-4e4d-b573-4a3c4395d649
1,normal,3,42,continuous,resource_efficient,2,MTC,1.7408000000000003,3840.0,2176.0,157.7,401.0,43.330999999999996,56.669000000000004,13.0,27.059999999999995,42.123280053953216,30.81695026841505,27.05976967763174,-1,PF(default),"[-0.0037102994974702597, -0.8596369624137878, -0.621549129486084]",0.33563723510324023,0.17822283575853937,0.6329576702686632,0.3070423297313368,0.33704232973133674,0.09990263134134236,0.028424037745838706,False,False,False,False,23be0235-e2d3-4e4d-b573-4a3c4395d649
1,normal,3,43,continuous,resource_efficient,0,eMBB,4.8896,91680.0,6112.0,659714.4,740718.0,93.332,6.668000000000006,56.0,23.5,23.495585204246826,54.49441345053686,22.010001345216324,-1,PF(default),"[-0.8927451372146606, 0.7266418933868408, -0.6537100076675415]",0.16520831087383708,0.07752003625393965,0.4235650545089634,0.5164349454910364,0.5464349454910367,0.23677463182121805,-0.1241956916348949,False,False,False,False,23be0235-e2d3-4e4d-b573-4a3c4395d649
1,normal,3,43,continuous,resource_efficient,1,URLLC,0.7488,1950.0,936.0,1035.2,3327.0,52.0,48.0,13.0,54.489999999999995,23.495585204246826,54.49441345053686,22.010001345216324,-1,PF(default),"[-0.8927451372146606, 0.7266418933868408, -0.6537100076675415]",0.16520831087383708,0.07752003625393965,0.4235650545089634,0.5164349454910364,0.5464349454910367,0.23677463182121805,-0.1241956916348949,False,False,False,False,23be0235-e2d3-4e4d-b573-4a3c4395d649
1,normal,3,43,continuous,resource_efficient,2,MTC,2.4576,2560.0,3072.0,249.9,1325.0,20.0,80.0,4.0,22.009999999999998,23.495585204246826,54.49441345053686,22.010001345216324,-1,PF(default),"[-0.8927451372146606, 0.7266418933868408, -0.6537100076675415]",0.16520831087383708,0.07752003625393965,0.4235650545089634,0.5164349454910364,0.5464349454910367,0.23677463182121805,-0.1241956916348949,False,False,False,False,23be0235-e2d3-4e4d-b573-4a3c4395d649
1,normal,3,44,continuous,resource_efficient,0,eMBB,12.223999999999998,84040.0,15280.0,670197.8,746948.0,81.82000000000001,18.179999999999993,45.0,40.05,40.05013182872041,25.561385004865716,34.38848316641388,-1,PF(default),"[0.7310740351676941, -0.7051792144775391, 0.6260396242141724]",0.3152338303992867,0.1623954399982771,0.6137289959459817,0.3262710040540182,0.35627100405401824,0.2893302844567114,0.004249971344408909,False,False,False,False,23be0235-e2d3-4e4d-b573-4a3c4395d649
1,normal,3,44,continuous,resource_efficient,1,URLLC,0.9359999999999999,1950.0,1170.0,910.4,2703.0,40.0,60.0,10.0,25.56,40.05013182872041,25.561385004865716,34.38848316641388,-1,PF(default),"[0.7310740351676941, -0.7051792144775391, 0.6260396242141724]",0.3152338303992867,0.1623954399982771,0.6137289959459817,0.3262710040540182,0.35627100405401824,0.2893302844567114,0.004249971344408909,False,False,False,False,23be0235-e2d3-4e4d-b573-4a3c4395d649
1,normal,3,44,continuous,resource_efficient,2,MTC,1.6384000000000003,3840.0,2048.0,248.7,1325.0,46.663999999999994,53.336000000000006,14.0,34.38999999999999,40.05013182872041,25.561385004865716,34.38848316641388,-1,PF(default),"[0.7310740351676941, -0.7051792144775391, 0.6260396242141724]",0.3152338303992867,0.1623954399982771,0.6137289959459817,0.3262710040540182,0.35627100405401824,0.2893302844567114,0.004249971344408909,False,False,False,False,23be0235-e2d3-4e4d-b573-4a3c4395d649
1,normal,3,45,continuous,resource_efficient,0,eMBB,13.446399999999999,91680.0,16808.0,687267.8,776358.0,81.666,18.334000000000003,49.0,43.13,43.12851434507584,39.061325284671916,17.81016037025224,-1,PF(default),"[0.8031037449836731, 0.47499820590019226, -0.9741210341453552]",0.33376508257631204,0.1796211410868306,0.6274894697035815,0.31251053029641845,0.3425105302964184,0.16578322796161632,0.02212874864143425,False,False,False,False,23be0235-e2d3-4e4d-b573-4a3c4395d649
1,normal,3,45,continuous,resource_efficient,1,URLLC,0.8112,1950.0,1014.0,1008.6,2703.0,48.0,52.0,12.0,39.06,43.12851434507584,39.061325284671916,17.81016037025224,-1,PF(default),"[0.8031037449836731, 0.47499820590019226, -0.9741210341453552]",0.33376508257631204,0.1796211410868306,0.6274894697035815,0.31251053029641845,0.3425105302964184,0.16578322796161632,0.02212874864143425,False,False,False,False,23be0235-e2d3-4e4d-b573-4a3c4395d649
1,normal,3,45,continuous,resource_efficient,2,MTC,2.2527999999999997,2560.0,2816.0,245.8,979.0,20.0,80.0,4.0,17.81,43.12851434507584,39.061325284671916,17.81016037025224,-1,PF(default),"[0.8031037449836731, 0.47499820590019226, -0.9741210341453552]",0.33376508257631204,0.1796211410868306,0.6274894697035815,0.31251053029641845,0.3425105302964184,0.16578322796161632,0.02212874864143425,False,False,False,False,23be0235-e2d3-4e4d-b573-4a3c4395d649
1,normal,3,46,continuous,resource_efficient,0,eMBB,11.0016,91680.0,13752.0,703093.0,794458.0,85.00200000000001,14.99799999999999,51.0,24.6,24.60098345704431,38.65595390638876,36.74306263656692,-1,PF(default),"[-0.6522359251976013, 0.2025221288204193, 0.4294373095035553]",0.22410594122118938,0.10865434075696467,0.45446804970543564,0.4855319502945645,0.5155319502945643,0.1893290226631468,-0.09705475315850304,False,False,False,False,23be0235-e2d3-4e4d-b573-4a3c4395d649
1,normal,3,46,continuous,resource_efficient,1,URLLC,0.8735999999999999,1950.0,1092.0,874.4,2359.0,48.0,52.0,12.0,38.66,24.60098345704431,38.65595390638876,36.74306263656692,-1,PF(default),"[-0.6522359251976013, 0.2025221288204193, 0.4294373095035553]",0.22410594122118938,0.10865434075696467,0.45446804970543564,0.4855319502945645,0.5155319502945643,0.1893290226631468,-0.09705475315850304,False,False,False,False,23be0235-e2d3-4e4d-b573-4a3c4395d649
1,normal,3,46,continuous,resource_efficient,2,MTC,1.8432000000000002,3840.0,2304.0,292.3,979.0,39.998,60.002,12.0,36.74,24.60098345704431,38.65595390638876,36.74306263656692,-1,PF(default),"[-0.6522359251976013, 0.2025221288204193, 0.4294373095035553]",0.22410594122118938,0.10865434075696467,0.45446804970543564,0.4855319502945645,0.5155319502945643,0.1893290226631468,-0.09705475315850304,False,False,False,False,23be0235-e2d3-4e4d-b573-4a3c4395d649
1,normal,3,47,continuous,resource_efficient,0,eMBB,13.446399999999999,84040.0,16808.0,715988.6,805823.0,80.002,19.998000000000005,44.0,30.610000000000003,30.608314093219846,34.31264119241692,35.07904471436324,-1,PF(default),"[0.16340263187885284, 0.1895456612110138, 0.607742428779602]",0.2665067529341919,0.1652814113950127,0.4937389765226412,0.44626102347735885,0.47626102347735866,0.0600733063617553,-0.05570399712550049,False,False,False,False,23be0235-e2d3-4e4d-b573-4a3c4395d649
1,normal,3,47,continuous,resource_efficient,1,URLLC,3.0576,1950.0,3822.0,874.4,2359.0,20.0,80.0,5.0,34.31,30.608314093219846,34.31264119241692,35.07904471436324,-1,PF(default),"[0.16340263187885284, 0.1895456612110138, 0.607742428779602]",0.2665067529341919,0.1652814113950127,0.4937389765226412,0.44626102347735885,0.47626102347735866,0.0600733063617553,-0.05570399712550049,False,False,False,False,23be0235-e2d3-4e4d-b573-4a3c4395d649
1,normal,3,47,continuous,resource_efficient,2,MTC,1.6384000000000003,2560.0,2048.0,201.0,848.0,20.0,80.0,4.0,35.07999999999999,30.608314093219846,34.31264119241692,35.07904471436324,-1,PF(default),"[0.16340263187885284, 0.1895456612110138, 0.607742428779602]",0.2665067529341919,0.1652814113950127,0.4937389765226412,0.44626102347735885,0.47626102347735866,0.0600733063617553,-0.05570399712550049,False,False,False,False,23be0235-e2d3-4e4d-b573-4a3c4395d649
1,normal,3,48,continuous,resource_efficient,0,eMBB,14.6688,91680.0,18336.0,734272.2,830771.0,79.99799999999999,20.00200000000001,48.0,23.46,23.464951682418278,33.2355283636011,43.299519953980635,-1,PF(default),"[-0.5348668694496155, 0.1311223804950714, 0.9482316374778748]",0.22203623275692097,0.13470187402296188,0.4305107619874081,0.5094892380125918,0.5394892380125919,0.08220475239617393,-0.10086340562277142,False,False,False,False,23be0235-e2d3-4e4d-b573-4a3c4395d649
1,normal,3,48,continuous,resource_efficient,1,URLLC,1.1856,1950.0,1482.0,946.8,2359.0,40.0,60.0,10.0,33.24,23.464951682418278,33.2355283636011,43.299519953980635,-1,PF(default),"[-0.5348668694496155, 0.1311223804950714, 0.9482316374778748]",0.22203623275692097,0.13470187402296188,0.4305107619874081,0.5094892380125918,0.5394892380125919,0.08220475239617393,-0.10086340562277142,False,False,False,False,23be0235-e2d3-4e4d-b573-4a3c4395d649
1,normal,3,48,continuous,resource_efficient,2,MTC,2.4576,3840.0,3072.0,193.9,665.0,20.0,80.0,6.0,43.300000000000004,23.464951682418278,33.2355283636011,43.299519953980635,-1,PF(default),"[-0.5348668694496155, 0.1311223804950714, 0.9482316374778748]",0.22203623275692097,0.13470187402296188,0.4305107619874081,0.5094892380125918,0.5394892380125919,0.08220475239617393,-0.10086340562277142,False,False,False,False,23be0235-e2d3-4e4d-b573-4a3c4395d649
1,normal,3,49,continuous,resource_efficient,0,eMBB,9.7792,91680.0,12224.0,741033.2,830771.0,86.666,13.334000000000003,52.0,35.41,35.41071244756332,25.146194422116064,39.44309313032062,-1,PF(default),"[0.5936111211776733, -0.6990964412689209, 0.9248914122581482]",0.3288897840843269,0.1577171468085449,0.538317017889617,0.40168298211038295,0.4316829821103829,0.11945760765145043,-0.033439240287093296,False,False,False,False,23be0235-e2d3-4e4d-b573-4a3c4395d649
1,normal,3,49,continuous,resource_efficient,1,URLLC,1.6223999999999998,1950.0,2028.0,310.4,1122.0,20.0,80.0,5.0,25.15,35.41071244756332,25.146194422116064,39.44309313032062,-1,PF(default),"[0.5936111211776733, -0.6990964412689209, 0.9248914122581482]",0.3288897840843269,0.1577171468085449,0.538317017889617,0.40168298211038295,0.4316829821103829,0.11945760765145043,-0.033439240287093296,False,False,False,False,23be0235-e2d3-4e4d-b573-4a3c4395d649
1,normal,3,49,continuous,resource_efficient,2,MTC,2.4576,2560.0,3072.0,185.5,724.0,20.0,80.0,4.0,39.44,35.41071244756332,25.146194422116064,39.44309313032062,-1,PF(default),"[0.5936111211776733, -0.6990964412689209, 0.9248914122581482]",0.3288897840843269,0.1577171468085449,0.538317017889617,0.40168298211038295,0.4316829821103829,0.11945760765145043,-0.033439240287093296,False,False,False,False,23be0235-e2d3-4e4d-b573-4a3c4395d649
1,normal,3,50,continuous,resource_efficient,0,eMBB,4.8896,84040.0,6112.0,761978.8,861041.0,92.728,7.272000000000006,51.0,20.81,20.814854038467118,42.19105400300159,36.9940919585313,-1,PF(default),"[-0.8199004530906677, 0.8567156195640564, 0.9207738637924194]",0.2236986238576682,0.06929797747573828,0.4005850429692386,0.5394149570307616,0.5694149570307614,0.1704485958088552,-0.13631180851375196,False,False,False,False,23be0235-e2d3-4e4d-b573-4a3c4395d649
1,normal,3,50,continuous,resource_efficient,1,URLLC,0.9984,1950.0,1248.0,326.8,1122.0,40.0,60.0,10.0,42.19,20.814854038467118,42.19105400300159,36.9940919585313,-1,PF(default),"[-0.8199004530906677, 0.8567156195640564, 0.9207738637924194]",0.2236986238576682,0.06929797747573828,0.4005850429692386,0.5394149570307616,0.5694149570307614,0.1704485958088552,-0.13631180851375196,False,False,False,False,23be0235-e2d3-4e4d-b573-4a3c4395d649
1,normal,3,50,continuous,resource_efficient,2,MTC,1.6384000000000003,3840.0,2048.0,150.7,345.0,46.663999999999994,53.336000000000006,14.0,36.99,20.814854038467118,42.19105400300159,36.9940919585313,-1,PF(default),"[-0.8199004530906677, 0.8567156195640564, 0.9207738637924194]",0.2236986238576682,0.06929797747573828,0.4005850429692386,0.5394149570307616,0.5694149570307614,0.1704485958088552,-0.13631180851375196,False,False,False,False,23be0235-e2d3-4e4d-b573-4a3c4395d649
1,normal,3,51,continuous,resource_efficient,0,eMBB,7.3344,91680.0,9168.0,778288.8,879184.0,90.0,10.0,54.0,38.37,38.365013905050176,28.702319831735522,32.9326662632143,-1,PF(default),"[0.056532178074121475, -0.8571910858154297, -0.045370232313871384]",0.3239650945520119,0.12155183727565394,0.5696591465552456,0.37034085344475437,0.40034085344475434,0.17550159866583062,-0.02466922454501337,False,False,False,False,23be0235-e2d3-4e4d-b573-4a3c4395d649
1,normal,3,51,continuous,resource_efficient,1,URLLC,0.8112,1950.0,1014.0,415.0,1481.0,48.0,52.0,12.0,28.7,38.365013905050176,28.702319831735522,32.9326662632143,-1,PF(default),"[0.056532178074121475, -0.8571910858154297, -0.045370232313871384]",0.3239650945520119,0.12155183727565394,0.5696591465552456,0.37034085344475437,0.40034085344475434,0.17550159866583062,-0.02466922454501337,False,False,False,False,23be0235-e2d3-4e4d-b573-4a3c4395d649
1,normal,3,51,continuous,resource_efficient,2,MTC,2.4576,2560.0,3072.0,154.9,401.0,20.0,80.0,4.0,32.93,38.365013905050176,28.702319831735522,32.9326662632143,-1,PF(default),"[0.056532178074121475, -0.8571910858154297, -0.045370232313871384]",0.3239650945520119,0.12155183727565394,0.5696591465552456,0.37034085344475437,0.40034085344475434,0.17550159866583062,-0.02466922454501337,False,False,False,False,23be0235-e2d3-4e4d-b573-4a3c4395d649
1,normal,3,52,continuous,resource_efficient,0,eMBB,6.112,91680.0,7640.0,789873.4,893604.0,91.666,8.334000000000003,55.0,25.01,25.01283358147919,27.192853438757545,47.79431297976326,-1,PF(default),"[-0.80402010679245, -0.952934205532074, 0.6137571334838867]",-0.3333,0.07705298433944126,0.44404104686948265,0.4959589531305173,0.5259589531305173,0.14861646716548965,0.0,True,False,False,False,23be0235-e2d3-4e4d-b573-4a3c4395d649
1,normal,3,52,continuous,resource_efficient,1,URLLC,0.8735999999999999,1950.0,1092.0,304.0,1008.0,44.0,56.0,11.0,27.190000000000005,25.01283358147919,27.192853438757545,47.79431297976326,-1,PF(default),"[-0.80402010679245, -0.952934205532074, 0.6137571334838867]",-0.3333,0.07705298433944126,0.44404104686948265,0.4959589531305173,0.5259589531305173,0.14861646716548965,0.0,False,False,False,False,23be0235-e2d3-4e4d-b573-4a3c4395d649
1,normal,3,52,continuous,resource_efficient,2,MTC,1.6384000000000003,3840.0,2048.0,137.0,137.0,46.663999999999994,53.336000000000006,14.0,47.790000000000006,25.01283358147919,27.192853438757545,47.79431297976326,-1,PF(default),"[-0.80402010679245, -0.952934205532074, 0.6137571334838867]",-0.3333,0.07705298433944126,0.44404104686948265,0.4959589531305173,0.5259589531305173,0.14861646716548965,0.0,False,False,False,False,23be0235-e2d3-4e4d-b573-4a3c4395d649
1,normal,3,53,continuous,resource_efficient,0,eMBB,8.556799999999999,84040.0,10696.0,807799.6,916583.0,87.274,12.725999999999999,48.0,40.15,40.146079847082206,35.42637847290223,24.42754168001557,-1,PF(default),"[-0.22222115099430084, -0.6423372030258179, -0.9721431732177734]",-0.3333,0.15761838614009333,0.5856532682104154,0.3543467317895847,0.38434673178958456,0.233667712997477,0.0,True,False,False,False,23be0235-e2d3-4e4d-b573-4a3c4395d649
1,normal,3,53,continuous,resource_efficient,1,URLLC,1.7471999999999999,1950.0,2184.0,435.2,1008.0,28.0,72.0,7.0,35.43,40.146079847082206,35.42637847290223,24.42754168001557,-1,PF(default),"[-0.22222115099430084, -0.6423372030258179, -0.9721431732177734]",-0.3333,0.15761838614009333,0.5856532682104154,0.3543467317895847,0.38434673178958456,0.233667712997477,0.0,False,False,False,False,23be0235-e2d3-4e4d-b573-4a3c4395d649
1,normal,3,53,continuous,resource_efficient,2,MTC,1.5360000000000003,2560.0,1920.0,158.4,401.0,25.0,75.0,5.0,24.430000000000003,40.146079847082206,35.42637847290223,24.42754168001557,-1,PF(default),"[-0.22222115099430084, -0.6423372030258179, -0.9721431732177734]",-0.3333,0.15761838614009333,0.5856532682104154,0.3543467317895847,0.38434673178958456,0.233667712997477,0.0,False,False,False,False,23be0235-e2d3-4e4d-b573-4a3c4395d649
1,normal,3,54,continuous,resource_efficient,0,eMBB,11.0016,91680.0,13752.0,818599.0,929250.0,85.0,15.0,51.0,39.06,39.060747774742275,40.30889915535992,20.630353069897815,-1,PF(default),"[0.7285089492797852, 0.6306970119476318, -0.3931245803833008]",0.3541777396430573,0.13587735069615733,0.5910294144459232,0.34897058555407695,0.3789705855540768,0.04882520682457685,-0.0026481415344435013,False,False,False,False,23be0235-e2d3-4e4d-b573-4a3c4395d649
1,normal,3,54,continuous,resource_efficient,1,URLLC,0.6864,1950.0,858.0,538.8,1291.0,56.0,44.0,14.0,40.31,39.060747774742275,40.30889915535992,20.630353069897815,-1,PF(default),"[0.7285089492797852, 0.6306970119476318, -0.3931245803833008]",0.3541777396430573,0.13587735069615733,0.5910294144459232,0.34897058555407695,0.3789705855540768,0.04882520682457685,-0.0026481415344435013,False,False,False,False,23be0235-e2d3-4e4d-b573-4a3c4395d649
1,normal,3,54,continuous,resource_efficient,2,MTC,2.1504,3840.0,2688.0,323.4,1457.0,30.0,70.0,9.0,20.63,39.060747774742275,40.30889915535992,20.630353069897815,-1,PF(default),"[0.7285089492797852, 0.6306970119476318, -0.3931245803833008]",0.3541777396430573,0.13587735069615733,0.5910294144459232,0.34897058555407695,0.3789705855540768,0.04882520682457685,-0.0026481415344435013,False,False,False,False,23be0235-e2d3-4e4d-b573-4a3c4395d649
1,normal,3,55,continuous,resource_efficient,0,eMBB,33.0048,91680.0,41256.0,833153.6,940622.0,66.666,33.334,40.0,37.07,37.06722812647821,31.170954072777224,31.761817800744563,-1,PF(default),"[-0.1855262666940689, -0.7878533601760864, -0.28736329078674316]",0.0,0.28167520483263714,0.5669800594171681,0.37301994058283194,0.40301994058283186,0.11131464730846753,0.0,False,True,False,False,23be0235-e2d3-4e4d-b573-4a3c4395d649
1,normal,3,55,continuous,resource_efficient,1,URLLC,0.7488,1950.0,936.0,509.6,1145.0,60.0,40.0,15.0,31.170000000000005,37.06722812647821,31.170954072777224,31.761817800744563,-1,PF(default),"[-0.1855262666940689, -0.7878533601760864, -0.28736329078674316]",0.0,0.28167520483263714,0.5669800594171681,0.37301994058283194,0.40301994058283186,0.11131464730846753,0.0,False,False,False,False,23be0235-e2d3-4e4d-b573-4a3c4395d649
1,normal,3,55,continuous,resource_efficient,2,MTC,2.048,2560.0,2560.0,317.6,1457.0,30.0,70.0,6.0,31.759999999999998,37.06722812647821,31.170954072777224,31.761817800744563,-1,PF(default),"[-0.1855262666940689, -0.7878533601760864, -0.28736329078674316]",0.0,0.28167520483263714,0.5669800594171681,0.37301994058283194,0.40301994058283186,0.11131464730846753,0.0,False,False,False,False,23be0235-e2d3-4e4d-b573-4a3c4395d649
1,normal,3,56,continuous,resource_efficient,0,eMBB,9.7792,84040.0,12224.0,849816.4,965685.0,85.45599999999999,14.544000000000011,47.0,29.26,29.26371555400351,51.53195047589999,19.204333970096496,-1,PF(default),"[-0.028182948008179665, 0.8892235159873962, -0.7920366525650024]",0.2916171361327343,0.11498053147010544,0.49590279004916815,0.4440972099508318,0.4740972099508318,0.20360996403122766,-0.0716427178780394,False,False,False,False,23be0235-e2d3-4e4d-b573-4a3c4395d649
1,normal,3,56,continuous,resource_efficient,1,URLLC,0.624,1950.0,780.0,443.2,1096.0,60.0,40.0,15.0,51.529999999999994,29.26371555400351,51.53195047589999,19.204333970096496,-1,PF(default),"[-0.028182948008179665, 0.8892235159873962, -0.7920366525650024]",0.2916171361327343,0.11498053147010544,0.49590279004916815,0.4440972099508318,0.4740972099508318,0.20360996403122766,-0.0716427178780394,False,False,False,False,23be0235-e2d3-4e4d-b573-4a3c4395d649
1,normal,3,56,continuous,resource_efficient,2,MTC,2.4576000000000002,3840.0,3072.0,307.6,1457.0,39.998,60.002,12.0,19.199999999999996,29.26371555400351,51.53195047589999,19.204333970096496,-1,PF(default),"[-0.028182948008179665, 0.8892235159873962, -0.7920366525650024]",0.2916171361327343,0.11498053147010544,0.49590279004916815,0.4440972099508318,0.4740972099508318,0.20360996403122766,-0.0716427178780394,False,False,False,False,23be0235-e2d3-4e4d-b573-4a3c4395d649
1,normal,3,57,continuous,resource_efficient,0,eMBB,12.224,91680.0,15280.0,858010.4,965685.0,83.332,16.668000000000006,50.0,29.26,39.33442700593241,27.095466910935063,33.57010608313252,-1,PF(default),"[0.8046615123748779, -0.35689955949783325, 0.6910633444786072]",0.36267568844445114,0.17307739125917687,0.5822852674042324,0.35771473259576764,0.3877147325957677,0.24436483564964928,-0.010231603088107687,False,False,False,False,23be0235-e2d3-4e4d-b573-4a3c4395d649
1,normal,3,57,continuous,resource_efficient,1,URLLC,1.1856,1950.0,1482.0,378.4,859.0,40.0,60.0,10.0,51.529999999999994,39.33442700593241,27.095466910935063,33.57010608313252,-1,PF(default),"[0.8046615123748779, -0.35689955949783325, 0.6910633444786072]",0.36267568844445114,0.17307739125917687,0.5822852674042324,0.35771473259576764,0.3877147325957677,0.24436483564964928,-0.010231603088107687,False,False,False,False,23be0235-e2d3-4e4d-b573-4a3c4395d649
1,normal,3,57,continuous,resource_efficient,2,MTC,2.2527999999999997,2560.0,2816.0,307.6,1457.0,25.0,75.0,5.0,19.199999999999996,39.33442700593241,27.095466910935063,33.57010608313252,-1,PF(default),"[0.8046615123748779, -0.35689955949783325, 0.6910633444786072]",0.36267568844445114,0.17307739125917687,0.5822852674042324,0.35771473259576764,0.3877147325957677,0.24436483564964928,-0.010231603088107687,False,False,False,False,23be0235-e2d3-4e4d-b573-4a3c4395d649
1,normal,3,58,continuous,resource_efficient,0,eMBB,9.7792,91680.0,12224.0,875281.8,989873.0,86.666,13.334000000000003,52.0,39.33,24.15053501711799,30.943360883873112,44.9061040990089,-1,PF(default),"[-0.5031119585037231, -0.12335149198770523, 0.9361578226089478]",0.25918014356712454,0.08768157535766713,0.4496719917931963,0.4903280082068037,0.5203280082068037,0.15183891988814424,-0.10225243584695602,False,False,False,False,23be0235-e2d3-4e4d-b573-4a3c4395d649
1,normal,3,58,continuous,resource_efficient,1,URLLC,0.624,1950.0,780.0,315.4,1142.0,60.0,40.0,15.0,27.1,24.15053501711799,30.943360883873112,44.9061040990089,-1,PF(default),"[-0.5031119585037231, -0.12335149198770523, 0.9361578226089478]",0.25918014356712454,0.08768157535766713,0.4496719917931963,0.4903280082068037,0.5203280082068037,0.15183891988814424,-0.10225243584695602,False,False,False,False,23be0235-e2d3-4e4d-b573-4a3c4395d649
1,normal,3,58,continuous,resource_efficient,2,MTC,1.4336000000000002,3840.0,1792.0,484.4,2035.0,53.330999999999996,46.669000000000004,16.0,33.57,24.15053501711799,30.943360883873112,44.9061040990089,-1,PF(default),"[-0.5031119585037231, -0.12335149198770523, 0.9361578226089478]",0.25918014356712454,0.08768157535766713,0.4496719917931963,0.4903280082068037,0.5203280082068037,0.15183891988814424,-0.10225243584695602,False,False,False,False,23be0235-e2d3-4e4d-b573-4a3c4395d649
1,normal,3,59,continuous,resource_efficient,0,eMBB,9.7792,84040.0,12224.0,894978.8,1013722.0,85.45599999999999,14.544000000000011,47.0,24.15,30.232006902533787,40.823458664582866,28.94453443288335,-1,PF(default),"[-0.693618655204773, -0.2651793658733368, -0.553377628326416]",0.2925209473311297,0.1191372924585968,0.49522075656398756,0.44477924343601244,0.4747792434360123,0.15961569666125552,-0.06902087240295085,False,False,False,False,23be0235-e2d3-4e4d-b573-4a3c4395d649
1,normal,3,59,continuous,resource_efficient,1,URLLC,0.624,1950.0,780.0,380.0,1142.0,60.0,40.0,15.0,30.940000000000005,30.232006902533787,40.823458664582866,28.94453443288335,-1,PF(default),"[-0.693618655204773, -0.2651793658733368, -0.553377628326416]",0.2925209473311297,0.1191372924585968,0.49522075656398756,0.44477924343601244,0.4747792434360123,0.15961569666125552,-0.06902087240295085,False,False,False,False,23be0235-e2d3-4e4d-b573-4a3c4395d649
1,normal,3,59,continuous,resource_efficient,2,MTC,2.048,2560.0,2560.0,154.1,269.0,30.0,70.0,6.0,44.90999999999999,30.232006902533787,40.823458664582866,28.94453443288335,-1,PF(default),"[-0.693618655204773, -0.2651793658733368, -0.553377628326416]",0.2925209473311297,0.1191372924585968,0.49522075656398756,0.44477924343601244,0.4747792434360123,0.15961569666125552,-0.06902087240295085,False,False,False,False,23be0235-e2d3-4e4d-b573-4a3c4395d649
1,normal,3,60,continuous,resource_efficient,0,eMBB,9.7792,91680.0,12224.0,907914.6,1036878.0,86.666,13.334000000000003,52.0,30.23,23.22410208590492,56.72980625467212,20.046091659422967,-1,PF(default),"[-0.906535804271698, 0.8161990642547607, -0.8836278915405273]",0.23427594046678618,0.0823239392460624,0.4384515082577649,0.5015484917422351,0.5315484917422351,0.15906347590089254,-0.1104174809911732,False,False,False,False,23be0235-e2d3-4e4d-b573-4a3c4395d649
1,normal,3,60,continuous,resource_efficient,1,URLLC,0.4992,1950.0,624.0,431.8,1623.0,68.0,32.0,17.0,40.82,23.22410208590492,56.72980625467212,20.046091659422967,-1,PF(default),"[-0.906535804271698, 0.8161990642547607, -0.8836278915405273]",0.23427594046678618,0.0823239392460624,0.4384515082577649,0.5015484917422351,0.5315484917422351,0.15906347590089254,-0.1104174809911732,False,False,False,False,23be0235-e2d3-4e4d-b573-4a3c4395d649
1,normal,3,60,continuous,resource_efficient,2,MTC,1.5360000000000003,3840.0,1920.0,169.0,310.0,49.998,50.002,15.0,28.940000000000005,23.22410208590492,56.72980625467212,20.046091659422967,-1,PF(default),"[-0.906535804271698, 0.8161990642547607, -0.8836278915405273]",0.23427594046678618,0.0823239392460624,0.4384515082577649,0.5015484917422351,0.5315484917422351,0.15906347590089254,-0.1104174809911732,False,False,False,False,23be0235-e2d3-4e4d-b573-4a3c4395d649
1,normal,3,61,continuous,resource_efficient,0,eMBB,7.3344,91680.0,9168.0,925378.6,1053198.0,90.0,10.0,54.0,23.22,28.666245872104657,29.978883817370267,41.35487031052509,-1,PF(default),"[0.14593873918056488, -0.038600485771894455, 0.9938421845436096]",-0.3333,0.11864029096310022,0.46884357713269464,0.4711564228673053,0.5011564228673053,0.26750922437301855,0.0,True,False,False,False,23be0235-e2d3-4e4d-b573-4a3c4395d649
1,normal,3,61,continuous,resource_efficient,1,URLLC,2.0592,1950.0,2574.0,403.4,1481.0,40.0,60.0,10.0,56.73,28.666245872104657,29.978883817370267,41.35487031052509,-1,PF(default),"[0.14593873918056488, -0.038600485771894455, 0.9938421845436096]",-0.3333,0.11864029096310022,0.46884357713269464,0.4711564228673053,0.5011564228673053,0.26750922437301855,0.0,False,False,False,False,23be0235-e2d3-4e4d-b573-4a3c4395d649
1,normal,3,61,continuous,resource_efficient,2,MTC,1.7408000000000001,2560.0,2176.0,181.9,546.0,20.0,80.0,4.0,20.050000000000004,28.666245872104657,29.978883817370267,41.35487031052509,-1,PF(default),"[0.14593873918056488, -0.038600485771894455, 0.9938421845436096]",-0.3333,0.11864029096310022,0.46884357713269464,0.4711564228673053,0.5011564228673053,0.26750922437301855,0.0,False,False,False,False,23be0235-e2d3-4e4d-b573-4a3c4395d649
1,normal,3,62,continuous,resource_efficient,0,eMBB,6.112,84040.0,7640.0,937186.0,1063572.0,90.91,9.090000000000003,50.0,28.670000000000005,29.631069578424913,36.44041395582473,33.928516465750356,-1,PF(default),"[-0.4243655502796173, -0.1869588941335678, 0.03827482834458351]",-0.3333,0.09747974703966635,0.4824931342628376,0.4575068657371625,0.4875068657371624,0.07426353844774727,0.0,True,False,False,False,23be0235-e2d3-4e4d-b573-4a3c4395d649
1,normal,3,62,continuous,resource_efficient,1,URLLC,0.7488,1950.0,936.0,431.4,1481.0,60.0,40.0,15.0,29.98,29.631069578424913,36.44041395582473,33.928516465750356,-1,PF(default),"[-0.4243655502796173, -0.1869588941335678, 0.03827482834458351]",-0.3333,0.09747974703966635,0.4824931342628376,0.4575068657371625,0.4875068657371624,0.07426353844774727,0.0,False,False,False,False,23be0235-e2d3-4e4d-b573-4a3c4395d649
1,normal,3,62,continuous,resource_efficient,2,MTC,3.2767999999999997,3840.0,4096.0,213.6,580.0,20.0,80.0,6.0,41.35000000000001,29.631069578424913,36.44041395582473,33.928516465750356,-1,PF(default),"[-0.4243655502796173, -0.1869588941335678, 0.03827482834458351]",-0.3333,0.09747974703966635,0.4824931342628376,0.4575068657371625,0.4875068657371624,0.07426353844774727,0.0,False,False,False,False,23be0235-e2d3-4e4d-b573-4a3c4395d649
1,normal,3,63,continuous,resource_efficient,0,eMBB,8.556799999999999,91680.0,10696.0,945302.4,1069263.0,88.332,11.668000000000006,53.0,29.630000000000003,33.145006649631966,38.81741005608619,28.037583294281838,-1,PF(default),"[-0.8030552268028259, -0.6704206466674805, -0.9171799421310425]",-0.3333,0.1432593517548006,0.5145583080466527,0.42544169195334736,0.4554416919533474,0.058909331714685154,0.0,True,False,False,False,23be0235-e2d3-4e4d-b573-4a3c4395d649
1,normal,3,63,continuous,resource_efficient,1,URLLC,2.0592,1950.0,2574.0,371.4,1345.0,40.0,60.0,10.0,36.44,33.145006649631966,38.81741005608619,28.037583294281838,-1,PF(default),"[-0.8030552268028259, -0.6704206466674805, -0.9171799421310425]",-0.3333,0.1432593517548006,0.5145583080466527,0.42544169195334736,0.4554416919533474,0.058909331714685154,0.0,False,False,False,False,23be0235-e2d3-4e4d-b573-4a3c4395d649
1,normal,3,63,continuous,resource_efficient,2,MTC,2.4576,2560.0,3072.0,140.9,269.0,20.0,80.0,4.0,33.93,33.145006649631966,38.81741005608619,28.037583294281838,-1,PF(default),"[-0.8030552268028259, -0.6704206466674805, -0.9171799421310425]",-0.3333,0.1432593517548006,0.5145583080466527,0.42544169195334736,0.4554416919533474,0.058909331714685154,0.0,False,False,False,False,23be0235-e2d3-4e4d-b573-4a3c4395d649
1,normal,3,64,continuous,resource_efficient,0,eMBB,6.112,91680.0,7640.0,957211.6,1088653.0,91.666,8.334000000000003,55.0,33.15,31.315752730154234,47.63679199384335,21.04745527600241,-1,PF(default),"[-0.11271174997091293, 0.5219444632530212, -0.7543668746948242]",-0.3333,0.07741047732459978,0.506575111676036,0.433424888323964,0.463424888323964,0.0881938193775716,0.0,True,False,False,False,23be0235-e2d3-4e4d-b573-4a3c4395d649
1,normal,3,64,continuous,resource_efficient,1,URLLC,0.624,1950.0,780.0,371.6,1264.0,60.0,40.0,15.0,38.82,31.315752730154234,47.63679199384335,21.04745527600241,-1,PF(default),"[-0.11271174997091293, 0.5219444632530212, -0.7543668746948242]",-0.3333,0.07741047732459978,0.506575111676036,0.433424888323964,0.463424888323964,0.0881938193775716,0.0,False,False,False,False,23be0235-e2d3-4e4d-b573-4a3c4395d649
1,normal,3,64,continuous,resource_efficient,2,MTC,1.5360000000000003,3840.0,1920.0,143.8,269.0,49.998,50.002,15.0,28.04,31.315752730154234,47.63679199384335,21.04745527600241,-1,PF(default),"[-0.11271174997091293, 0.5219444632530212, -0.7543668746948242]",-0.3333,0.07741047732459978,0.506575111676036,0.433424888323964,0.463424888323964,0.0881938193775716,0.0,False,False,False,False,23be0235-e2d3-4e4d-b573-4a3c4395d649
1,normal,3,65,continuous,resource_efficient,0,eMBB,7.3344,84040.0,9168.0,967875.4,1104595.0,89.092,10.908000000000001,49.0,31.32,46.87116545017956,29.08048336958079,24.048351180239646,-1,PF(default),"[0.26508447527885437, -0.9368341565132141, -0.771470844745636]",-0.3333,0.13603615652273207,0.6546404229673655,0.2853595770326346,0.3153595770326346,0.18556308624262563,0.0,True,False,False,False,23be0235-e2d3-4e4d-b573-4a3c4395d649
1,normal,3,65,continuous,resource_efficient,1,URLLC,0.624,1950.0,780.0,169.0,415.0,60.0,40.0,15.0,47.64,46.87116545017956,29.08048336958079,24.048351180239646,-1,PF(default),"[0.26508447527885437, -0.9368341565132141, -0.771470844745636]",-0.3333,0.13603615652273207,0.6546404229673655,0.2853595770326346,0.3153595770326346,0.18556308624262563,0.0,False,False,False,False,23be0235-e2d3-4e4d-b573-4a3c4395d649
1,normal,3,65,continuous,resource_efficient,2,MTC,2.1504,2560.0,2688.0,187.2,533.0,30.0,70.0,6.0,21.050000000000004,46.87116545017956,29.08048336958079,24.048351180239646,-1,PF(default),"[0.26508447527885437, -0.9368341565132141, -0.771470844745636]",-0.3333,0.13603615652273207,0.6546404229673655,0.2853595770326346,0.3153595770326346,0.18556308624262563,0.0,False,False,False,False,23be0235-e2d3-4e4d-b573-4a3c4395d649
1,normal,3,66,continuous,resource_efficient,0,eMBB,9.7792,91680.0,12224.0,997512.4,1140933.0,86.666,13.334000000000003,52.0,46.87,38.63358362865799,25.08772873402712,36.2786876373149,-1,PF(default),"[0.9029688835144043, -0.5598130226135254, 0.9463983178138733]",-0.3333,0.11354849755192362,0.5882004565599688,0.35179954344003117,0.3817995434400312,0.12230336457075253,0.0,True,False,False,False,23be0235-e2d3-4e4d-b573-4a3c4395d649
1,normal,3,66,continuous,resource_efficient,1,URLLC,0.624,1950.0,780.0,185.4,579.0,60.0,40.0,15.0,29.079999999999995,38.63358362865799,25.08772873402712,36.2786876373149,-1,PF(default),"[0.9029688835144043, -0.5598130226135254, 0.9463983178138733]",-0.3333,0.11354849755192362,0.5882004565599688,0.35179954344003117,0.3817995434400312,0.12230336457075253,0.0,False,False,False,False,23be0235-e2d3-4e4d-b573-4a3c4395d649
1,normal,3,66,continuous,resource_efficient,2,MTC,1.4336000000000002,3840.0,1792.0,176.6,401.0,53.330999999999996,46.669000000000004,16.0,24.050000000000004,38.63358362865799,25.08772873402712,36.2786876373149,-1,PF(default),"[0.9029688835144043, -0.5598130226135254, 0.9463983178138733]",-0.3333,0.11354849755192362,0.5882004565599688,0.35179954344003117,0.3817995434400312,0.12230336457075253,0.0,False,False,False,False,23be0235-e2d3-4e4d-b573-4a3c4395d649
1,normal,3,67,continuous,resource_efficient,0,eMBB,9.7792,91680.0,12224.0,1009060.6,1158132.0,86.666,13.334000000000003,52.0,38.63,43.87250524563996,26.924016554220636,29.203478200139404,-1,PF(default),"[0.7647774815559387, -0.6037193536758423, 0.22561925649642944]",-0.3333,0.12480145772653783,0.6301714921986736,0.3098285078013263,0.33982850780132634,0.07075209437175498,0.0,True,False,False,False,23be0235-e2d3-4e4d-b573-4a3c4395d649
1,normal,3,67,continuous,resource_efficient,1,URLLC,0.4992,1950.0,624.0,230.2,497.0,68.0,32.0,17.0,25.09,43.87250524563996,26.924016554220636,29.203478200139404,-1,PF(default),"[0.7647774815559387, -0.6037193536758423, 0.22561925649642944]",-0.3333,0.12480145772653783,0.6301714921986736,0.3098285078013263,0.33982850780132634,0.07075209437175498,0.0,False,False,False,False,23be0235-e2d3-4e4d-b573-4a3c4395d649
1,normal,3,67,continuous,resource_efficient,2,MTC,1.4336000000000002,2560.0,1792.0,226.6,980.0,30.0,70.0,6.0,36.279999999999994,43.87250524563996,26.924016554220636,29.203478200139404,-1,PF(default),"[0.7647774815559387, -0.6037193536758423, 0.22561925649642944]",-0.3333,0.12480145772653783,0.6301714921986736,0.3098285078013263,0.33982850780132634,0.07075209437175498,0.0,False,False,False,False,23be0235-e2d3-4e4d-b573-4a3c4395d649
1,normal,3,68,continuous,resource_efficient,0,eMBB,8.556799999999999,84040.0,10696.0,1020705.0,1176871.0,87.274,12.725999999999999,48.0,43.87,51.61716112735625,26.824746821725842,21.55809205091791,-1,PF(default),"[0.6835018396377563, -0.9499232172966003, -0.7635321617126465]",-0.3333,0.14349196750011842,0.7069957997236744,0.2330042002763256,0.26300420027632554,0.07744655881716289,0.0,True,False,False,False,23be0235-e2d3-4e4d-b573-4a3c4395d649
1,normal,3,68,continuous,resource_efficient,1,URLLC,0.624,1950.0,780.0,148.2,393.0,60.0,40.0,15.0,26.920000000000005,51.61716112735625,26.824746821725842,21.55809205091791,-1,PF(default),"[0.6835018396377563, -0.9499232172966003, -0.7635321617126465]",-0.3333,0.14349196750011842,0.7069957997236744,0.2330042002763256,0.26300420027632554,0.07744655881716289,0.0,False,False,False,False,23be0235-e2d3-4e4d-b573-4a3c4395d649
1,normal,3,68,continuous,resource_efficient,2,MTC,2.1504,3840.0,2688.0,234.5,980.0,30.0,70.0,9.0,29.199999999999996,51.61716112735625,26.824746821725842,21.55809205091791,-1,PF(default),"[0.6835018396377563, -0.9499232172966003, -0.7635321617126465]",-0.3333,0.14349196750011842,0.7069957997236744,0.2330042002763256,0.26300420027632554,0.07744655881716289,0.0,False,False,False,False,23be0235-e2d3-4e4d-b573-4a3c4395d649
1,normal,3,69,continuous,resource_efficient,0,eMBB,25.6704,91680.0,32088.0,1035788.2,1176871.0,66.666,33.334,40.0,51.61999999999999,21.71744187269012,42.657707416529774,35.624850710780116,-1,PF(default),"[-0.7184033989906311, 0.7822250127792358, 0.7658563852310181]",0.0,0.18301942807248106,0.40108500692309856,0.5389149930769014,0.5689149930769015,0.2989971925466613,0.0,False,True,False,False,23be0235-e2d3-4e4d-b573-4a3c4395d649
1,normal,3,69,continuous,resource_efficient,1,URLLC,1.3728,1950.0,1716.0,267.4,825.0,40.0,60.0,10.0,26.82,21.71744187269012,42.657707416529774,35.624850710780116,-1,PF(default),"[-0.7184033989906311, 0.7822250127792358, 0.7658563852310181]",0.0,0.18301942807248106,0.40108500692309856,0.5389149930769014,0.5689149930769015,0.2989971925466613,0.0,False,False,False,False,23be0235-e2d3-4e4d-b573-4a3c4395d649
1,normal,3,69,continuous,resource_efficient,2,MTC,3.4816000000000003,2560.0,4352.0,230.3,980.0,20.0,80.0,4.0,21.56,21.71744187269012,42.657707416529774,35.624850710780116,-1,PF(default),"[-0.7184033989906311, 0.7822250127792358, 0.7658563852310181]",0.0,0.18301942807248106,0.40108500692309856,0.5389149930769014,0.5689149930769015,0.2989971925466613,0.0,False,False,False,False,23be0235-e2d3-4e4d-b573-4a3c4395d649
1,normal,3,70,continuous,resource_efficient,0,eMBB,8.556799999999999,91680.0,10696.0,1049060.2,1199257.0,88.332,11.668000000000006,53.0,21.72,22.926673966197786,28.861327527290108,48.21199850651211,-1,PF(default),"[-0.921392023563385, -0.5741429924964905, 0.7959879636764526]",0.27086457917162987,0.09932424573436464,0.42007671612131314,0.5199232838786869,0.5499232838786868,0.13796379889239663,-0.11698731112495903,False,False,False,False,23be0235-e2d3-4e4d-b573-4a3c4395d649
1,normal,3,70,continuous,resource_efficient,1,URLLC,1.3728,1950.0,1716.0,218.2,415.0,40.0,60.0,10.0,42.66,22.926673966197786,28.861327527290108,48.21199850651211,-1,PF(default),"[-0.921392023563385, -0.5741429924964905, 0.7959879636764526]",0.27086457917162987,0.09932424573436464,0.42007671612131314,0.5199232838786869,0.5499232838786868,0.13796379889239663,-0.11698731112495903,False,False,False,False,23be0235-e2d3-4e4d-b573-4a3c4395d649
1,normal,3,70,continuous,resource_efficient,2,MTC,1.7408000000000003,3840.0,2176.0,226.6,980.0,43.330999999999996,56.669000000000004,13.0,35.62,22.926673966197786,28.861327527290108,48.21199850651211,-1,PF(default),"[-0.921392023563385, -0.5741429924964905, 0.7959879636764526]",0.27086457917162987,0.09932424573436464,0.42007671612131314,0.5199232838786869,0.5499232838786868,0.13796379889239663,-0.11698731112495903,False,False,False,False,23be0235-e2d3-4e4d-b573-4a3c4395d649
1,normal,3,71,continuous,resource_efficient,0,eMBB,6.112,84040.0,7640.0,1065728.0,1212786.0,90.91,9.090000000000003,50.0,22.93,35.58222136991097,38.64525708478769,25.77252154530136,-1,PF(default),"[0.9177004098892212, 0.9032195210456848, 0.4983455538749695]",0.33644497010938873,0.13356147205741498,0.5319889094057392,0.4080110905942609,0.4380110905942608,0.22439476961210753,-0.04731409842567889,False,False,False,False,23be0235-e2d3-4e4d-b573-4a3c4395d649
1,normal,3,71,continuous,resource_efficient,1,URLLC,4.7424,1950.0,5928.0,234.6,497.0,20.0,80.0,5.0,28.860000000000003,35.58222136991097,38.64525708478769,25.77252154530136,-1,PF(default),"[0.9177004098892212, 0.9032195210456848, 0.4983455538749695]",0.33644497010938873,0.13356147205741498,0.5319889094057392,0.4080110905942609,0.4380110905942608,0.22439476961210753,-0.04731409842567889,False,False,False,False,23be0235-e2d3-4e4d-b573-4a3c4395d649
1,normal,3,71,continuous,resource_efficient,2,MTC,2.4576,2560.0,3072.0,354.3,1589.0,20.0,80.0,4.0,48.209999999999994,35.58222136991097,38.64525708478769,25.77252154530136,-1,PF(default),"[0.9177004098892212, 0.9032195210456848, 0.4983455538749695]",0.33644497010938873,0.13356147205741498,0.5319889094057392,0.4080110905942609,0.4380110905942608,0.22439476961210753,-0.04731409842567889,False,False,False,False,23be0235-e2d3-4e4d-b573-4a3c4395d649
1,normal,3,72,continuous,resource_efficient,0,eMBB,6.112,91680.0,7640.0,1083992.4,1242313.0,91.666,8.334000000000003,55.0,35.58,41.94286136284974,25.524639644612268,32.532498992537995,-1,PF(default),"[0.6813420057296753, -0.8393689393997192, 0.4061930477619171]",0.375881349078723,0.09367195673411713,0.6086700987866792,0.33132990121332084,0.36132990121332076,0.13120617440175414,-0.004623858101256756,False,False,False,False,23be0235-e2d3-4e4d-b573-4a3c4395d649
1,normal,3,72,continuous,resource_efficient,1,URLLC,0.624,1950.0,780.0,283.8,579.0,60.0,40.0,15.0,38.65,41.94286136284974,25.524639644612268,32.532498992537995,-1,PF(default),"[0.6813420057296753, -0.8393689393997192, 0.4061930477619171]",0.375881349078723,0.09367195673411713,0.6086700987866792,0.33132990121332084,0.36132990121332076,0.13120617440175414,-0.004623858101256756,False,False,False,False,23be0235-e2d3-4e4d-b573-4a3c4395d649
1,normal,3,72,continuous,resource_efficient,2,MTC,1.6384000000000003,3840.0,2048.0,112.5,137.0,46.663999999999994,53.336000000000006,14.0,25.770000000000003,41.94286136284974,25.524639644612268,32.532498992537995,-1,PF(default),"[0.6813420057296753, -0.8393689393997192, 0.4061930477619171]",0.375881349078723,0.09367195673411713,0.6086700987866792,0.33132990121332084,0.36132990121332076,0.13120617440175414,-0.004623858101256756,False,False,False,False,23be0235-e2d3-4e4d-b573-4a3c4395d649
1,normal,3,73,continuous,resource_efficient,0,eMBB,7.3344,91680.0,9168.0,1098338.4,1259797.0,90.0,10.0,54.0,41.94,31.12811239123252,30.917768434733368,37.954119174034105,-1,PF(default),"[-0.16794554889202118, -0.44915539026260376, 0.3639763593673706]",-0.3333,0.09749053401014497,0.4933867262592513,0.44661327374074866,0.4766132737407487,0.10814748971617216,0.0,True,False,False,False,23be0235-e2d3-4e4d-b573-4a3c4395d649
1,normal,3,73,continuous,resource_efficient,1,URLLC,0.624,1950.0,780.0,300.2,743.0,60.0,40.0,15.0,25.52,31.12811239123252,30.917768434733368,37.954119174034105,-1,PF(default),"[-0.16794554889202118, -0.44915539026260376, 0.3639763593673706]",-0.3333,0.09749053401014497,0.4933867262592513,0.44661327374074866,0.4766132737407487,0.10814748971617216,0.0,False,False,False,False,23be0235-e2d3-4e4d-b573-4a3c4395d649
1,normal,3,73,continuous,resource_efficient,2,MTC,2.3552,2560.0,2944.0,139.7,249.0,20.0,80.0,4.0,32.529999999999994,31.12811239123252,30.917768434733368,37.954119174034105,-1,PF(default),"[-0.16794554889202118, -0.44915539026260376, 0.3639763593673706]",-0.3333,0.09749053401014497,0.4933867262592513,0.44661327374074866,0.4766132737407487,0.10814748971617216,0.0,False,False,False,False,23be0235-e2d3-4e4d-b573-4a3c4395d649
1,normal,3,74,continuous,resource_efficient,0,eMBB,8.556799999999999,84040.0,10696.0,1110638.0,1277150.0,87.274,12.725999999999999,48.0,31.130000000000003,27.952026353511005,50.94452287778487,21.10345076870413,-1,PF(default),"[-0.31809329986572266, 0.6904487609863281, -0.6916764974594116]",-0.3333,0.11984453249473843,0.46781279981418056,0.4721872001858195,0.5021872001858194,0.20026754443051498,0.0,True,False,False,False,23be0235-e2d3-4e4d-b573-4a3c4395d649
1,normal,3,74,continuous,resource_efficient,1,URLLC,2.496,1950.0,3120.0,431.4,1153.0,28.0,72.0,7.0,30.920000000000005,27.952026353511005,50.94452287778487,21.10345076870413,-1,PF(default),"[-0.31809329986572266, 0.6904487609863281, -0.6916764974594116]",-0.3333,0.11984453249473843,0.46781279981418056,0.4721872001858195,0.5021872001858194,0.20026754443051498,0.0,False,False,False,False,23be0235-e2d3-4e4d-b573-4a3c4395d649
1,normal,3,74,continuous,resource_efficient,2,MTC,1.7408000000000003,3840.0,2176.0,201.0,665.0,43.330999999999996,56.669000000000004,13.0,37.949999999999996,27.952026353511005,50.94452287778487,21.10345076870413,-1,PF(default),"[-0.31809329986572266, 0.6904487609863281, -0.6916764974594116]",-0.3333,0.11984453249473843,0.46781279981418056,0.4721872001858195,0.5021872001858194,0.20026754443051498,0.0,False,False,False,False,23be0235-e2d3-4e4d-b573-4a3c4395d649
1,normal,3,75,continuous,resource_efficient,0,eMBB,9.7792,91680.0,12224.0,1127036.0,1286550.0,86.666,13.334000000000003,52.0,27.95,40.165357359279284,29.550364163313812,30.284278477406907,-1,PF(default),"[0.5845405459403992, -0.31589579582214355, 0.25775018334388733]",-0.3333,0.13161417379574192,0.5853120260426445,0.3546879739573555,0.38468797395735543,0.21394158714471057,0.0,True,False,False,False,23be0235-e2d3-4e4d-b573-4a3c4395d649
1,normal,3,75,continuous,resource_efficient,1,URLLC,0.8112,1950.0,1014.0,185.4,579.0,48.0,52.0,12.0,50.94,40.165357359279284,29.550364163313812,30.284278477406907,-1,PF(default),"[0.5845405459403992, -0.31589579582214355, 0.25775018334388733]",-0.3333,0.13161417379574192,0.5853120260426445,0.3546879739573555,0.38468797395735543,0.21394158714471057,0.0,False,False,False,False,23be0235-e2d3-4e4d-b573-4a3c4395d649
1,normal,3,75,continuous,resource_efficient,2,MTC,1.6384000000000003,2560.0,2048.0,208.0,873.0,20.0,80.0,4.0,21.099999999999998,40.165357359279284,29.550364163313812,30.284278477406907,-1,PF(default),"[0.5845405459403992, -0.31589579582214355, 0.25775018334388733]",-0.3333,0.13161417379574192,0.5853120260426445,0.3546879739573555,0.38468797395735543,0.21394158714471057,0.0,False,False,False,False,23be0235-e2d3-4e4d-b573-4a3c4395d649
1,normal,3,76,continuous,resource_efficient,0,eMBB,9.7792,91680.0,12224.0,1142592.4,1304515.0,86.666,13.334000000000003,52.0,40.17,32.86740867526932,34.68240048045016,32.45019084428053,-1,PF(default),"[-0.8251369595527649, -0.9236473441123962, -0.6598135232925415]",-0.3333,0.1359045626144797,0.5130160073561423,0.42698399264385783,0.4569839926438577,0.07297948684009972,0.0,True,False,False,False,23be0235-e2d3-4e4d-b573-4a3c4395d649
1,normal,3,76,continuous,resource_efficient,1,URLLC,1.3728,1950.0,1716.0,136.2,333.0,40.0,60.0,10.0,29.55,32.86740867526932,34.68240048045016,32.45019084428053,-1,PF(default),"[-0.8251369595527649, -0.9236473441123962, -0.6598135232925415]",-0.3333,0.1359045626144797,0.5130160073561423,0.42698399264385783,0.4569839926438577,0.07297948684009972,0.0,False,False,False,False,23be0235-e2d3-4e4d-b573-4a3c4395d649
1,normal,3,76,continuous,resource_efficient,2,MTC,2.4576,3840.0,3072.0,228.3,763.0,20.0,80.0,6.0,30.279999999999994,32.86740867526932,34.68240048045016,32.45019084428053,-1,PF(default),"[-0.8251369595527649, -0.9236473441123962, -0.6598135232925415]",-0.3333,0.1359045626144797,0.5130160073561423,0.42698399264385783,0.4569839926438577,0.07297948684009972,0.0,False,False,False,False,23be0235-e2d3-4e4d-b573-4a3c4395d649
1,normal,3,77,continuous,resource_efficient,0,eMBB,9.7792,84040.0,12224.0,1150026.6,1304515.0,85.45599999999999,14.544000000000011,47.0,32.87,35.966777146728184,27.175730800196856,36.85749205307496,-1,PF(default),"[0.05329766497015953, -0.936194896697998, 0.25105756521224976]",-0.3333,0.14505606499272763,0.53917287692029,0.4008271230797099,0.43082712307971005,0.07506669680253303,0.0,True,False,False,False,23be0235-e2d3-4e4d-b573-4a3c4395d649
1,normal,3,77,continuous,resource_efficient,1,URLLC,1.1232,1950.0,1404.0,136.2,333.0,28.0,72.0,7.0,34.68,35.966777146728184,27.175730800196856,36.85749205307496,-1,PF(default),"[0.05329766497015953, -0.936194896697998, 0.25105756521224976]",-0.3333,0.14505606499272763,0.53917287692029,0.4008271230797099,0.43082712307971005,0.07506669680253303,0.0,False,False,False,False,23be0235-e2d3-4e4d-b573-4a3c4395d649
1,normal,3,77,continuous,resource_efficient,2,MTC,2.4576,2560.0,3072.0,206.4,763.0,20.0,80.0,4.0,32.449999999999996,35.966777146728184,27.175730800196856,36.85749205307496,-1,PF(default),"[0.05329766497015953, -0.936194896697998, 0.25105756521224976]",-0.3333,0.14505606499272763,0.53917287692029,0.4008271230797099,0.43082712307971005,0.07506669680253303,0.0,False,False,False,False,23be0235-e2d3-4e4d-b573-4a3c4395d649
1,normal,3,78,continuous,resource_efficient,0,eMBB,7.3344,91680.0,9168.0,1169113.2,1329819.0,90.0,10.0,54.0,35.97,26.956473546728212,43.976380383963686,29.0671460693081,-1,PF(default),"[0.10083863884210587, 0.9465920925140381, 0.5252290368080139]",-0.3333,0.07923978438253726,0.4599573935508453,0.48004260644915475,0.5100426064491547,0.1680064958376683,0.0,True,False,False,False,23be0235-e2d3-4e4d-b573-4a3c4395d649
1,normal,3,78,continuous,resource_efficient,1,URLLC,0.6864,1950.0,858.0,464.2,1071.0,56.0,44.0,14.0,27.18,26.956473546728212,43.976380383963686,29.0671460693081,-1,PF(default),"[0.10083863884210587, 0.9465920925140381, 0.5252290368080139]",-0.3333,0.07923978438253726,0.4599573935508453,0.48004260644915475,0.5100426064491547,0.1680064958376683,0.0,False,False,False,False,23be0235-e2d3-4e4d-b573-4a3c4395d649
1,normal,3,78,continuous,resource_efficient,2,MTC,1.6384000000000003,3840.0,2048.0,256.8,1289.0,46.663999999999994,53.336000000000006,14.0,36.86000000000001,26.956473546728212,43.976380383963686,29.0671460693081,-1,PF(default),"[0.10083863884210587, 0.9465920925140381, 0.5252290368080139]",-0.3333,0.07923978438253726,0.4599573935508453,0.48004260644915475,0.5100426064491547,0.1680064958376683,0.0,False,False,False,False,23be0235-e2d3-4e4d-b573-4a3c4395d649
1,normal,3,79,continuous,resource_efficient,0,eMBB,51.3408,91680.0,64176.0,1185979.4,1353653.0,71.666,28.334000000000003,43.0,26.96,27.473242712360925,40.73965496958136,31.787102318057727,-1,PF(default),"[-0.4995127320289612, 0.1522257775068283, 0.03535652160644531]",0.0,0.324732270687317,0.45678947514697144,0.4832105248530286,0.5132105248530285,0.032367254143823354,0.0,False,True,False,False,23be0235-e2d3-4e4d-b573-4a3c4395d649
1,normal,3,79,continuous,resource_efficient,1,URLLC,0.9359999999999999,1950.0,1170.0,365.8,1071.0,40.0,60.0,10.0,43.98,27.473242712360925,40.73965496958136,31.787102318057727,-1,PF(default),"[-0.4995127320289612, 0.1522257775068283, 0.03535652160644531]",0.0,0.324732270687317,0.45678947514697144,0.4832105248530286,0.5132105248530285,0.032367254143823354,0.0,False,False,False,False,23be0235-e2d3-4e4d-b573-4a3c4395d649
1,normal,3,79,continuous,resource_efficient,2,MTC,2.4576,2560.0,3072.0,170.9,533.0,20.0,80.0,4.0,29.07,27.473242712360925,40.73965496958136,31.787102318057727,-1,PF(default),"[-0.4995127320289612, 0.1522257775068283, 0.03535652160644531]",0.0,0.324732270687317,0.45678947514697144,0.4832105248530286,0.5132105248530285,0.032367254143823354,0.0,False,False,False,False,23be0235-e2d3-4e4d-b573-4a3c4395d649
1,normal,3,80,continuous,resource_efficient,0,eMBB,8.556799999999999,84040.0,10696.0,1194395.6,1353653.0,87.274,12.725999999999999,48.0,27.47,39.82614849263895,35.47789695481674,24.69595455254431,-1,PF(default),"[-0.091000497341156, -0.49406373500823975, -0.80329430103302]",0.3419975720769096,0.14772023902125728,0.5853640612604489,0.3546359387395511,0.38463593873955115,0.12352905780278027,-0.007413968329618225,False,False,False,False,23be0235-e2d3-4e4d-b573-4a3c4395d649
1,normal,3,80,continuous,resource_efficient,1,URLLC,1.6223999999999998,1950.0,2028.0,462.0,1470.0,20.0,80.0,5.0,40.74,39.82614849263895,35.47789695481674,24.69595455254431,-1,PF(default),"[-0.091000497341156, -0.49406373500823975, -0.80329430103302]",0.3419975720769096,0.14772023902125728,0.5853640612604489,0.3546359387395511,0.38463593873955115,0.12352905780278027,-0.007413968329618225,False,False,False,False,23be0235-e2d3-4e4d-b573-4a3c4395d649
1,normal,3,80,continuous,resource_efficient,2,MTC,1.6384000000000003,3840.0,2048.0,189.8,533.0,46.663999999999994,53.336000000000006,14.0,31.79,39.82614849263895,35.47789695481674,24.69595455254431,-1,PF(default),"[-0.091000497341156, -0.49406373500823975, -0.80329430103302]",0.3419975720769096,0.14772023902125728,0.5853640612604489,0.3546359387395511,0.38463593873955115,0.12352905780278027,-0.007413968329618225,False,False,False,False,23be0235-e2d3-4e4d-b573-4a3c4395d649
1,normal,3,81,continuous,resource_efficient,0,eMBB,7.3344,91680.0,9168.0,1215078.4,1395622.0,90.0,10.0,54.0,39.83,41.48298275523872,36.743222481618396,21.773794763142874,-1,PF(default),"[0.8013938069343567, 0.40781885385513306, -0.27733519673347473]",0.3538494908493134,0.11637831385858112,0.5948080396538707,0.34519196034612926,0.37519196034612934,0.029221597894014337,-0.003300593330662068,False,False,False,False,23be0235-e2d3-4e4d-b573-4a3c4395d649
1,normal,3,81,continuous,resource_efficient,1,URLLC,0.8111999999999999,1950.0,1014.0,332.6,1233.0,48.0,52.0,12.0,35.48,41.48298275523872,36.743222481618396,21.773794763142874,-1,PF(default),"[0.8013938069343567, 0.40781885385513306, -0.27733519673347473]",0.3538494908493134,0.11637831385858112,0.5948080396538707,0.34519196034612926,0.37519196034612934,0.029221597894014337,-0.003300593330662068,False,False,False,False,23be0235-e2d3-4e4d-b573-4a3c4395d649
1,normal,3,81,continuous,resource_efficient,2,MTC,1.6384000000000003,2560.0,2048.0,235.4,927.0,20.0,80.0,4.0,24.699999999999996,41.48298275523872,36.743222481618396,21.773794763142874,-1,PF(default),"[0.8013938069343567, 0.40781885385513306, -0.27733519673347473]",0.3538494908493134,0.11637831385858112,0.5948080396538707,0.34519196034612926,0.37519196034612934,0.029221597894014337,-0.003300593330662068,False,False,False,False,23be0235-e2d3-4e4d-b573-4a3c4395d649
1,normal,3,82,continuous,resource_efficient,0,eMBB,13.4464,91680.0,16808.0,1227702.0,1396737.0,81.668,18.331999999999994,49.0,41.48,22.139869306867986,42.140443170561184,35.71968752257084,-1,PF(default),"[-0.9553298354148865, 0.44190770387649536, 0.4528788924217224]",0.22918180606464164,0.11040037095636958,0.40688378573114814,0.5331162142688518,0.5631162142688518,0.1934311344837074,-0.12546121109422256,False,False,False,False,23be0235-e2d3-4e4d-b573-4a3c4395d649
1,normal,3,82,continuous,resource_efficient,1,URLLC,0.8735999999999999,1950.0,1092.0,363.2,1386.0,44.0,56.0,11.0,36.74,22.139869306867986,42.140443170561184,35.71968752257084,-1,PF(default),"[-0.9553298354148865, 0.44190770387649536, 0.4528788924217224]",0.22918180606464164,0.11040037095636958,0.40688378573114814,0.5331162142688518,0.5631162142688518,0.1934311344837074,-0.12546121109422256,False,False,False,False,23be0235-e2d3-4e4d-b573-4a3c4395d649
1,normal,3,82,continuous,resource_efficient,2,MTC,2.4576,3840.0,3072.0,241.1,927.0,20.0,80.0,6.0,21.770000000000003,22.139869306867986,42.140443170561184,35.71968752257084,-1,PF(default),"[-0.9553298354148865, 0.44190770387649536, 0.4528788924217224]",0.22918180606464164,0.11040037095636958,0.40688378573114814,0.5331162142688518,0.5631162142688518,0.1934311344837074,-0.12546121109422256,False,False,False,False,23be0235-e2d3-4e4d-b573-4a3c4395d649
1,normal,3,83,continuous,resource_efficient,0,eMBB,4.8896,84040.0,6112.0,1235328.2,1396737.0,92.728,7.272000000000006,51.0,22.14,32.585955607434975,38.258535732395195,29.155508660169826,-1,PF(default),"[0.4727660119533539, 0.6097624897956848, 0.4664369225502014]",0.3203722680141419,0.09398357317801025,0.5041119493203908,0.4358880506796091,0.46588805067960926,0.10446086300566992,-0.06595915892244696,False,False,False,False,23be0235-e2d3-4e4d-b573-4a3c4395d649
1,normal,3,83,continuous,resource_efficient,1,URLLC,0.8112,1950.0,1014.0,185.4,415.0,56.0,44.0,14.0,42.14,32.585955607434975,38.258535732395195,29.155508660169826,-1,PF(default),"[0.4727660119533539, 0.6097624897956848, 0.4664369225502014]",0.3203722680141419,0.09398357317801025,0.5041119493203908,0.4358880506796091,0.46588805067960926,0.10446086300566992,-0.06595915892244696,False,False,False,False,23be0235-e2d3-4e4d-b573-4a3c4395d649
1,normal,3,83,continuous,resource_efficient,2,MTC,2.3552,2560.0,2944.0,233.2,927.0,20.0,80.0,4.0,35.720000000000006,32.585955607434975,38.258535732395195,29.155508660169826,-1,PF(default),"[0.4727660119533539, 0.6097624897956848, 0.4664369225502014]",0.3203722680141419,0.09398357317801025,0.5041119493203908,0.4358880506796091,0.46588805067960926,0.10446086300566992,-0.06595915892244696,False,False,False,False,23be0235-e2d3-4e4d-b573-4a3c4395d649
1,normal,3,84,continuous,resource_efficient,0,eMBB,9.7792,91680.0,12224.0,1258066.8,1445321.0,86.666,13.334000000000003,52.0,32.59,34.31734751323249,37.47717057200182,28.20548191476569,-1,PF(default),"[-0.29652976989746094, -0.3065030574798584, -0.46802037954330444]",0.35222174509560955,0.13511265918677506,0.532782973924274,0.407217026075726,0.437217026075726,0.017313919057975163,-0.03617337976097937,False,False,False,False,23be0235-e2d3-4e4d-b573-4a3c4395d649
1,normal,3,84,continuous,resource_efficient,1,URLLC,1.4352,1950.0,1794.0,169.0,415.0,40.0,60.0,10.0,38.26,34.31734751323249,37.47717057200182,28.20548191476569,-1,PF(default),"[-0.29652976989746094, -0.3065030574798584, -0.46802037954330444]",0.35222174509560955,0.13511265918677506,0.532782973924274,0.407217026075726,0.437217026075726,0.017313919057975163,-0.03617337976097937,False,False,False,False,23be0235-e2d3-4e4d-b573-4a3c4395d649
1,normal,3,84,continuous,resource_efficient,2,MTC,1.7408000000000003,3840.0,2176.0,234.7,927.0,43.330999999999996,56.669000000000004,13.0,29.160000000000004,34.31734751323249,37.47717057200182,28.20548191476569,-1,PF(default),"[-0.29652976989746094, -0.3065030574798584, -0.46802037954330444]",0.35222174509560955,0.13511265918677506,0.532782973924274,0.407217026075726,0.437217026075726,0.017313919057975163,-0.03617337976097937,False,False,False,False,23be0235-e2d3-4e4d-b573-4a3c4395d649
1,normal,3,85,continuous,resource_efficient,0,eMBB,8.556799999999999,91680.0,10696.0,1271419.4,1458725.0,88.332,11.668000000000006,53.0,34.32,38.34146966422182,34.12003453871307,27.53849579706511,-1,PF(default),"[0.714478611946106, 0.28584596514701843, 0.29173940420150757]",0.3671677619165066,0.12388824735406559,0.5640380603076653,0.3759619396923347,0.40596193969233463,0.04024122150989323,-0.020811575420082357,False,False,False,False,23be0235-e2d3-4e4d-b573-4a3c4395d649
1,normal,3,85,continuous,resource_efficient,1,URLLC,0.7488,1950.0,936.0,201.8,415.0,52.0,48.0,13.0,37.48,38.34146966422182,34.12003453871307,27.53849579706511,-1,PF(default),"[0.714478611946106, 0.28584596514701843, 0.29173940420150757]",0.3671677619165066,0.12388824735406559,0.5640380603076653,0.3759619396923347,0.40596193969233463,0.04024122150989323,-0.020811575420082357,False,False,False,False,23be0235-e2d3-4e4d-b573-4a3c4395d649
1,normal,3,85,continuous,resource_efficient,2,MTC,2.4576,2560.0,3072.0,234.7,927.0,20.0,80.0,4.0,28.21,38.34146966422182,34.12003453871307,27.53849579706511,-1,PF(default),"[0.714478611946106, 0.28584596514701843, 0.29173940420150757]",0.3671677619165066,0.12388824735406559,0.5640380603076653,0.3759619396923347,0.40596193969233463,0.04024122150989323,-0.020811575420082357,False,False,False,False,23be0235-e2d3-4e4d-b573-4a3c4395d649
1,normal,3,86,continuous,resource_efficient,0,eMBB,6.112,84040.0,7640.0,1289379.8,1480115.0,90.91,9.090000000000003,50.0,38.34,24.663535283458206,39.03601963538019,36.300445081161605,-1,PF(default),"[-0.5656794905662537, 0.3013950288295746, 0.48905277252197266]",-0.3333,0.07599065529369818,0.43217089850836665,0.5078291014916333,0.5378291014916333,0.13677934380763612,0.0,True,False,False,False,23be0235-e2d3-4e4d-b573-4a3c4395d649
1,normal,3,86,continuous,resource_efficient,1,URLLC,0.8735999999999999,1950.0,1092.0,365.8,907.0,44.0,56.0,11.0,34.12,24.663535283458206,39.03601963538019,36.300445081161605,-1,PF(default),"[-0.5656794905662537, 0.3013950288295746, 0.48905277252197266]",-0.3333,0.07599065529369818,0.43217089850836665,0.5078291014916333,0.5378291014916333,0.13677934380763612,0.0,False,False,False,False,23be0235-e2d3-4e4d-b573-4a3c4395d649
1,normal,3,86,continuous,resource_efficient,2,MTC,1.6384000000000003,3840.0,2048.0,370.8,2281.0,46.663999999999994,53.336000000000006,14.0,27.54,24.663535283458206,39.03601963538019,36.300445081161605,-1,PF(default),"[-0.5656794905662537, 0.3013950288295746, 0.48905277252197266]",-0.3333,0.07599065529369818,0.43217089850836665,0.5078291014916333,0.5378291014916333,0.13677934380763612,0.0,False,False,False,False,23be0235-e2d3-4e4d-b573-4a3c4395d649
1,normal,3,87,continuous,resource_efficient,0,eMBB,35.449600000000004,91680.0,44312.0,1297259.2,1480115.0,70.0,30.0,42.0,24.66,33.524939558282455,47.14216860945773,19.332891832259826,-1,PF(default),"[0.4191746115684509, 0.8953227996826172, -0.6143577098846436]",0.0,0.27231237377323486,0.5184131330166621,0.4215868669833379,0.45158686698333794,0.16967553248901782,0.0,False,True,False,False,23be0235-e2d3-4e4d-b573-4a3c4395d649
1,normal,3,87,continuous,resource_efficient,1,URLLC,0.8112,1950.0,1014.0,365.8,907.0,48.0,52.0,12.0,39.04,33.524939558282455,47.14216860945773,19.332891832259826,-1,PF(default),"[0.4191746115684509, 0.8953227996826172, -0.6143577098846436]",0.0,0.27231237377323486,0.5184131330166621,0.4215868669833379,0.45158686698333794,0.16967553248901782,0.0,False,False,False,False,23be0235-e2d3-4e4d-b573-4a3c4395d649
1,normal,3,87,continuous,resource_efficient,2,MTC,2.3552,2560.0,2944.0,368.6,2281.0,20.0,80.0,4.0,36.300000000000004,33.524939558282455,47.14216860945773,19.332891832259826,-1,PF(default),"[0.4191746115684509, 0.8953227996826172, -0.6143577098846436]",0.0,0.27231237377323486,0.5184131330166621,0.4215868669833379,0.45158686698333794,0.16967553248901782,0.0,False,False,False,False,23be0235-e2d3-4e4d-b573-4a3c4395d649
1,normal,3,88,continuous,resource_efficient,0,eMBB,7.3344,91680.0,9168.0,1319270.6,1516843.0,90.0,10.0,54.0,33.52,31.260027856847593,44.59683024745832,24.143141895694093,-1,PF(default),"[-0.35853326320648193, 0.16340340673923492, -0.6589144468307495]",0.3073874612490294,0.09083550607914294,0.49906880350821425,0.4409311964917857,0.4709311964917857,0.04810250063434268,-0.06679674171095998,False,False,False,False,23be0235-e2d3-4e4d-b573-4a3c4395d649
1,normal,3,88,continuous,resource_efficient,1,URLLC,0.8111999999999999,1950.0,1014.0,287.8,763.0,48.0,52.0,12.0,47.14,31.260027856847593,44.59683024745832,24.143141895694093,-1,PF(default),"[-0.35853326320648193, 0.16340340673923492, -0.6589144468307495]",0.3073874612490294,0.09083550607914294,0.49906880350821425,0.4409311964917857,0.4709311964917857,0.04810250063434268,-0.06679674171095998,False,False,False,False,23be0235-e2d3-4e4d-b573-4a3c4395d649
1,normal,3,88,continuous,resource_efficient,2,MTC,1.7408000000000003,3840.0,2176.0,365.1,2513.0,43.330999999999996,56.669000000000004,13.0,19.329999999999995,31.260027856847593,44.59683024745832,24.143141895694093,-1,PF(default),"[-0.35853326320648193, 0.16340340673923492, -0.6589144468307495]",0.3073874612490294,0.09083550607914294,0.49906880350821425,0.4409311964917857,0.4709311964917857,0.04810250063434268,-0.06679674171095998,False,False,False,False,23be0235-e2d3-4e4d-b573-4a3c4395d649
1,normal,3,89,continuous,resource_efficient,0,eMBB,12.224,84040.0,15280.0,1331308.0,1517506.0,81.82000000000001,18.179999999999993,45.0,31.26,36.78372262961117,29.421524264814437,33.79475310557439,-1,PF(default),"[0.42314207553863525, -0.3355118930339813, 0.4399509131908417]",0.346341871668383,0.14556287004220028,0.5507966936187925,0.3892033063812075,0.4192033063812075,0.15175305982643877,-0.02999706281160641,False,False,False,False,23be0235-e2d3-4e4d-b573-4a3c4395d649
1,normal,3,89,continuous,resource_efficient,1,URLLC,0.8112,1950.0,1014.0,238.6,763.0,48.0,52.0,12.0,44.6,36.78372262961117,29.421524264814437,33.79475310557439,-1,PF(default),"[0.42314207553863525, -0.3355118930339813, 0.4399509131908417]",0.346341871668383,0.14556287004220028,0.5507966936187925,0.3892033063812075,0.4192033063812075,0.15175305982643877,-0.02999706281160641,False,False,False,False,23be0235-e2d3-4e4d-b573-4a3c4395d649
1,normal,3,89,continuous,resource_efficient,2,MTC,1.6384000000000003,2560.0,2048.0,362.5,2418.0,20.0,80.0,4.0,24.139999999999997,36.78372262961117,29.421524264814437,33.79475310557439,-1,PF(default),"[0.42314207553863525, -0.3355118930339813, 0.4399509131908417]",0.346341871668383,0.14556287004220028,0.5507966936187925,0.3892033063812075,0.4192033063812075,0.15175305982643877,-0.02999706281160641,False,False,False,False,23be0235-e2d3-4e4d-b573-4a3c4395d649
1,normal,3,90,continuous,resource_efficient,0,eMBB,12.223999999999998,91680.0,15280.0,1345881.8,1541923.0,83.332,16.668000000000006,50.0,36.78,37.413782972238295,40.858606757527184,21.727610270234525,-1,PF(default),"[0.8034415245056152, 0.808720588684082, -0.10169447958469391]",0.3547643798054295,0.16761340460146826,0.5546511367713607,0.38534886322863926,0.4153488632286392,0.12067142835339868,-0.02172020843455983,False,False,False,False,23be0235-e2d3-4e4d-b573-4a3c4395d649
1,normal,3,90,continuous,resource_efficient,1,URLLC,2.4336,1950.0,3042.0,255.0,763.0,28.0,72.0,7.0,29.420000000000005,37.413782972238295,40.858606757527184,21.727610270234525,-1,PF(default),"[0.8034415245056152, 0.808720588684082, -0.10169447958469391]",0.3547643798054295,0.16761340460146826,0.5546511367713607,0.38534886322863926,0.4153488632286392,0.12067142835339868,-0.02172020843455983,False,False,False,False,23be0235-e2d3-4e4d-b573-4a3c4395d649
1,normal,3,90,continuous,resource_efficient,2,MTC,2.4576,3840.0,3072.0,158.3,334.0,20.0,80.0,6.0,33.790000000000006,37.413782972238295,40.858606757527184,21.727610270234525,-1,PF(default),"[0.8034415245056152, 0.808720588684082, -0.10169447958469391]",0.3547643798054295,0.16761340460146826,0.5546511367713607,0.38534886322863926,0.4153488632286392,0.12067142835339868,-0.02172020843455983,False,False,False,False,23be0235-e2d3-4e4d-b573-4a3c4395d649
1,normal,3,91,continuous,resource_efficient,0,eMBB,12.224,91680.0,15280.0,1358967.0,1564863.0,83.332,16.668000000000006,50.0,37.41,36.975363046269656,28.01639147344344,35.00824548028691,-1,PF(default),"[0.21553070843219757, -0.7141121625900269, 0.28047803044319153]",0.33242708736415155,0.145375414198348,0.5535894869549328,0.38641051304506724,0.41641051304506715,0.13280635210052383,-0.02741154259239691,False,False,False,False,23be0235-e2d3-4e4d-b573-4a3c4395d649
1,normal,3,91,continuous,resource_efficient,1,URLLC,0.7488,1950.0,936.0,313.8,1221.0,52.0,48.0,13.0,40.86,36.975363046269656,28.01639147344344,35.00824548028691,-1,PF(default),"[0.21553070843219757, -0.7141121625900269, 0.28047803044319153]",0.33242708736415155,0.145375414198348,0.5535894869549328,0.38641051304506724,0.41641051304506715,0.13280635210052383,-0.02741154259239691,False,False,False,False,23be0235-e2d3-4e4d-b573-4a3c4395d649
1,normal,3,91,continuous,resource_efficient,2,MTC,2.1504,2560.0,2688.0,170.7,401.0,30.0,70.0,6.0,21.729999999999997,36.975363046269656,28.01639147344344,35.00824548028691,-1,PF(default),"[0.21553070843219757, -0.7141121625900269, 0.28047803044319153]",0.33242708736415155,0.145375414198348,0.5535894869549328,0.38641051304506724,0.41641051304506715,0.13280635210052383,-0.02741154259239691,False,False,False,False,23be0235-e2d3-4e4d-b573-4a3c4395d649
1,normal,3,92,continuous,resource_efficient,0,eMBB,9.7792,84040.0,12224.0,1371378.8,1577973.0,85.45599999999999,14.544000000000011,47.0,36.98,27.97631140507926,43.20712695438004,28.816561640540712,-1,PF(default),"[-0.04856152459979057, 0.6700946688652039, 0.2652849853038788]",0.27425589389189253,0.10614823715792165,0.47072627178414506,0.4692737282158549,0.4992737282158549,0.15190735480936596,-0.08592995723839691,False,False,False,False,23be0235-e2d3-4e4d-b573-4a3c4395d649
1,normal,3,92,continuous,resource_efficient,1,URLLC,0.9984,1950.0,1248.0,512.8,1177.0,40.0,60.0,10.0,28.02,27.97631140507926,43.20712695438004,28.816561640540712,-1,PF(default),"[-0.04856152459979057, 0.6700946688652039, 0.2652849853038788]",0.27425589389189253,0.10614823715792165,0.47072627178414506,0.4692737282158549,0.4992737282158549,0.15190735480936596,-0.08592995723839691,False,False,False,False,23be0235-e2d3-4e4d-b573-4a3c4395d649
1,normal,3,92,continuous,resource_efficient,2,MTC,1.4336000000000002,3840.0,1792.0,129.1,137.0,53.330999999999996,46.669000000000004,16.0,35.01,27.97631140507926,43.20712695438004,28.816561640540712,-1,PF(default),"[-0.04856152459979057, 0.6700946688652039, 0.2652849853038788]",0.27425589389189253,0.10614823715792165,0.47072627178414506,0.4692737282158549,0.4992737282158549,0.15190735480936596,-0.08592995723839691,False,False,False,False,23be0235-e2d3-4e4d-b573-4a3c4395d649
1,normal,3,93,continuous,resource_efficient,0,eMBB,12.224,91680.0,15280.0,1389132.6,1587814.0,83.334,16.665999999999997,50.0,27.98,28.24431551672535,33.91911718538779,37.83656729788687,-1,PF(default),"[-0.8604305386543274, -0.6763876676559448, -0.11091381311416626]",0.2839136367206101,0.12958737451870844,0.46413254704184215,0.4758674529581578,0.5058674529581578,0.0928800976899225,-0.08224700175564913,False,False,False,False,23be0235-e2d3-4e4d-b573-4a3c4395d649
1,normal,3,93,continuous,resource_efficient,1,URLLC,0.9984,1950.0,1248.0,441.2,1044.0,40.0,60.0,10.0,43.21,28.24431551672535,33.91911718538779,37.83656729788687,-1,PF(default),"[-0.8604305386543274, -0.6763876676559448, -0.11091381311416626]",0.2839136367206101,0.12958737451870844,0.46413254704184215,0.4758674529581578,0.5058674529581578,0.0928800976899225,-0.08224700175564913,False,False,False,False,23be0235-e2d3-4e4d-b573-4a3c4395d649
1,normal,3,93,continuous,resource_efficient,2,MTC,2.1504,2560.0,2688.0,181.5,507.0,30.0,70.0,6.0,28.82,28.24431551672535,33.91911718538779,37.83656729788687,-1,PF(default),"[-0.8604305386543274, -0.6763876676559448, -0.11091381311416626]",0.2839136367206101,0.12958737451870844,0.46413254704184215,0.4758674529581578,0.5058674529581578,0.0928800976899225,-0.08224700175564913,False,False,False,False,23be0235-e2d3-4e4d-b573-4a3c4395d649
1,normal,3,94,continuous,resource_efficient,0,eMBB,7.3344,91680.0,9168.0,1407206.2,1618067.0,90.0,10.0,54.0,28.24,29.951706132130184,49.75697604594939,20.291317821920423,-1,PF(default),"[-0.2831023037433624, 0.5231972932815552, -0.9302160143852234]",0.2815399127186021,0.08082511799054647,0.48714543443702807,0.452854565562972,0.4828545655629719,0.17545249475966443,-0.0823203404776571,False,False,False,False,23be0235-e2d3-4e4d-b573-4a3c4395d649
1,normal,3,94,continuous,resource_efficient,1,URLLC,0.6864,1950.0,858.0,409.6,1044.0,56.0,44.0,14.0,33.92,29.951706132130184,49.75697604594939,20.291317821920423,-1,PF(default),"[-0.2831023037433624, 0.5231972932815552, -0.9302160143852234]",0.2815399127186021,0.08082511799054647,0.48714543443702807,0.452854565562972,0.4828545655629719,0.17545249475966443,-0.0823203404776571,False,False,False,False,23be0235-e2d3-4e4d-b573-4a3c4395d649
1,normal,3,94,continuous,resource_efficient,2,MTC,1.4336000000000002,3840.0,1792.0,150.2,269.0,53.330999999999996,46.669000000000004,16.0,37.84000000000001,29.951706132130184,49.75697604594939,20.291317821920423,-1,PF(default),"[-0.2831023037433624, 0.5231972932815552, -0.9302160143852234]",0.2815399127186021,0.08082511799054647,0.48714543443702807,0.452854565562972,0.4828545655629719,0.17545249475966443,-0.0823203404776571,False,False,False,False,23be0235-e2d3-4e4d-b573-4a3c4395d649
1,normal,3,95,continuous,resource_efficient,0,eMBB,18.336,84040.0,22920.0,1417039.6,1618067.0,72.72800000000001,27.27199999999999,40.0,29.95,43.76122479501581,31.435067615251512,24.80370758973268,-1,PF(default),"[0.9008031487464905, 0.03809347748756409, 0.04103098437190056]",0.0,0.2007556898318248,0.6219500537124603,0.3180499462875397,0.3480499462875397,0.18321908430697884,0.0,False,True,False,False,23be0235-e2d3-4e4d-b573-4a3c4395d649
1,normal,3,95,continuous,resource_efficient,1,URLLC,0.6864,1950.0,858.0,409.6,1044.0,56.0,44.0,14.0,49.76,43.76122479501581,31.435067615251512,24.80370758973268,-1,PF(default),"[0.9008031487464905, 0.03809347748756409, 0.04103098437190056]",0.0,0.2007556898318248,0.6219500537124603,0.3180499462875397,0.3480499462875397,0.18321908430697884,0.0,False,False,False,False,23be0235-e2d3-4e4d-b573-4a3c4395d649
1,normal,3,95,continuous,resource_efficient,2,MTC,1.4336000000000002,2560.0,1792.0,174.0,665.0,30.0,70.0,6.0,20.289999999999996,43.76122479501581,31.435067615251512,24.80370758973268,-1,PF(default),"[0.9008031487464905, 0.03809347748756409, 0.04103098437190056]",0.0,0.2007556898318248,0.6219500537124603,0.3180499462875397,0.3480499462875397,0.18321908430697884,0.0,False,False,False,False,23be0235-e2d3-4e4d-b573-4a3c4395d649
1,normal,3,96,continuous,resource_efficient,0,eMBB,9.7792,91680.0,12224.0,1428172.4,1626056.0,86.666,13.334000000000003,52.0,43.76,35.86272776862831,42.51574029873992,21.62153193263176,-1,PF(default),"[0.008502263575792313, 0.16792497038841248, -0.831658124923706]",0.3297825702545312,0.13257588704318868,0.5428892663856307,0.3971107336143692,0.42711073361436924,0.11080672683488418,-0.03529159910172801,False,False,False,False,23be0235-e2d3-4e4d-b573-4a3c4395d649
1,normal,3,96,continuous,resource_efficient,1,URLLC,1.1856,1950.0,1482.0,409.6,1044.0,40.0,60.0,10.0,31.440000000000005,35.86272776862831,42.51574029873992,21.62153193263176,-1,PF(default),"[0.008502263575792313, 0.16792497038841248, -0.831658124923706]",0.3297825702545312,0.13257588704318868,0.5428892663856307,0.3971107336143692,0.42711073361436924,0.11080672683488418,-0.03529159910172801,False,False,False,False,23be0235-e2d3-4e4d-b573-4a3c4395d649
1,normal,3,96,continuous,resource_efficient,2,MTC,2.1504,3840.0,2688.0,213.5,638.0,30.0,70.0,9.0,24.800000000000004,35.86272776862831,42.51574029873992,21.62153193263176,-1,PF(default),"[0.008502263575792313, 0.16792497038841248, -0.831658124923706]",0.3297825702545312,0.13257588704318868,0.5428892663856307,0.3971107336143692,0.42711073361436924,0.11080672683488418,-0.03529159910172801,False,False,False,False,23be0235-e2d3-4e4d-b573-4a3c4395d649
1,normal,3,97,continuous,resource_efficient,0,eMBB,12.224,91680.0,15280.0,1446898.2,1662165.0,83.334,16.665999999999997,50.0,35.86,43.51327959111503,34.111481265748964,22.375239143136017,-1,PF(default),"[0.5364751815795898, -0.10673782229423523, -0.5520409345626831]",0.34481703983347906,0.18959946584234785,0.6153223566254288,0.32467764337457117,0.3546776433745713,0.08404259032990964,0.02091117762723134,False,False,False,False,23be0235-e2d3-4e4d-b573-4a3c4395d649
1,normal,3,97,continuous,resource_efficient,1,URLLC,1.4352,1950.0,1794.0,760.8,2301.0,40.0,60.0,10.0,42.52,43.51327959111503,34.111481265748964,22.375239143136017,-1,PF(default),"[0.5364751815795898, -0.10673782229423523, -0.5520409345626831]",0.34481703983347906,0.18959946584234785,0.6153223566254288,0.32467764337457117,0.3546776433745713,0.08404259032990964,0.02091117762723134,False,False,False,False,23be0235-e2d3-4e4d-b573-4a3c4395d649
1,normal,3,97,continuous,resource_efficient,2,MTC,3.8912,2560.0,4864.0,208.5,638.0,20.0,80.0,4.0,21.62,43.51327959111503,34.111481265748964,22.375239143136017,-1,PF(default),"[0.5364751815795898, -0.10673782229423523, -0.5520409345626831]",0.34481703983347906,0.18959946584234785,0.6153223566254288,0.32467764337457117,0.3546776433745713,0.08404259032990964,0.02091117762723134,False,False,False,False,23be0235-e2d3-4e4d-b573-4a3c4395d649
1,normal,3,98,continuous,resource_efficient,0,eMBB,13.446399999999999,84040.0,16808.0,1456369.0,1662165.0,80.00200000000001,19.99799999999999,44.0,43.51,42.59443259267327,32.14731442821584,25.258252979110896,-1,PF(default),"[0.9000192880630493, 0.14174868166446686, 0.12313109636306763]",0.3425206126360617,0.1556030999657266,0.6179579065244268,0.3220420934755731,0.35204209347557325,0.028830138359748778,0.018453856989813992,False,False,False,False,23be0235-e2d3-4e4d-b573-4a3c4395d649
1,normal,3,98,continuous,resource_efficient,1,URLLC,0.624,1950.0,780.0,564.0,2301.0,60.0,40.0,15.0,34.11,42.59443259267327,32.14731442821584,25.258252979110896,-1,PF(default),"[0.9000192880630493, 0.14174868166446686, 0.12313109636306763]",0.3425206126360617,0.1556030999657266,0.6179579065244268,0.3220420934755731,0.35204209347557325,0.028830138359748778,0.018453856989813992,False,False,False,False,23be0235-e2d3-4e4d-b573-4a3c4395d649
1,normal,3,98,continuous,resource_efficient,2,MTC,1.7408000000000003,3840.0,2176.0,290.9,945.0,43.330999999999996,56.669000000000004,13.0,22.38,42.59443259267327,32.14731442821584,25.258252979110896,-1,PF(default),"[0.9000192880630493, 0.14174868166446686, 0.12313109636306763]",0.3425206126360617,0.1556030999657266,0.6179579065244268,0.3220420934755731,0.35204209347557325,0.028830138359748778,0.018453856989813992,False,False,False,False,23be0235-e2d3-4e4d-b573-4a3c4395d649
1,normal,3,99,continuous,resource_efficient,0,eMBB,11.0016,91680.0,13752.0,1467254.0,1667046.0,84.99799999999999,15.00200000000001,51.0,42.59,34.63271195304163,28.998362018419755,36.36892602853862,-1,PF(default),"[0.2857837677001953, -0.405750036239624, 0.5341755747795105]",0.3383765644557037,0.13865414809152443,0.5256287869702215,0.4143712130297784,0.44437121302977844,0.11110673049427724,-0.044447234724276044,False,False,False,False,23be0235-e2d3-4e4d-b573-4a3c4395d649
1,normal,3,99,continuous,resource_efficient,1,URLLC,0.9984,1950.0,1248.0,234.6,579.0,40.0,60.0,10.0,32.15,34.63271195304163,28.998362018419755,36.36892602853862,-1,PF(default),"[0.2857837677001953, -0.405750036239624, 0.5341755747795105]",0.3383765644557037,0.13865414809152443,0.5256287869702215,0.4143712130297784,0.44437121302977844,0.11110673049427724,-0.044447234724276044,False,False,False,False,23be0235-e2d3-4e4d-b573-4a3c4395d649
1,normal,3,99,continuous,resource_efficient,2,MTC,2.4576,2560.0,3072.0,216.0,1111.0,20.0,80.0,4.0,25.259999999999998,34.63271195304163,28.998362018419755,36.36892602853862,-1,PF(default),"[0.2857837677001953, -0.405750036239624, 0.5341755747795105]",0.3383765644557037,0.13865414809152443,0.5256287869702215,0.4143712130297784,0.44437121302977844,0.11110673049427724,-0.044447234724276044,False,False,False,False,23be0235-e2d3-4e4d-b573-4a3c4395d649
1,normal,3,100,continuous,resource_efficient,0,eMBB,8.556799999999999,91680.0,10696.0,1486060.4,1717672.0,88.332,11.668000000000006,53.0,34.63,32.553890767601835,44.530224736173736,22.915884496224432,-1,PF(default),"[-0.0012025827309116721, 0.43308326601982117, -0.5070528388023376]",0.3302938983812601,0.12226814042366833,0.507688192654981,0.43231180734501895,0.462311807345019,0.1553186271775398,-0.06069938768115471,False,False,False,True,23be0235-e2d3-4e4d-b573-4a3c4395d649
1,normal,3,100,continuous,resource_efficient,1,URLLC,2.0592,1950.0,2574.0,136.2,333.0,20.0,80.0,5.0,29.0,32.553890767601835,44.530224736173736,22.915884496224432,-1,PF(default),"[-0.0012025827309116721, 0.43308326601982117, -0.5070528388023376]",0.3302938983812601,0.12226814042366833,0.507688192654981,0.43231180734501895,0.462311807345019,0.1553186271775398,-0.06069938768115471,False,False,False,True,23be0235-e2d3-4e4d-b573-4a3c4395d649
1,normal,3,100,continuous,resource_efficient,2,MTC,1.6384000000000003,3840.0,2048.0,117.5,137.0,46.663999999999994,53.336000000000006,14.0,36.37,32.553890767601835,44.530224736173736,22.915884496224432,-1,PF(default),"[-0.0012025827309116721, 0.43308326601982117, -0.5070528388023376]",0.3302938983812601,0.12226814042366833,0.507688192654981,0.43231180734501895,0.462311807345019,0.1553186271775398,-0.06069938768115471,False,False,False,True,23be0235-e2d3-4e4d-b573-4a3c4395d649
