timestamp,sliceId,dedicatedPRB,minPRB,maxPRB
510,0,45.23645257894425,45.23645257894425,100.0
510,1,18.673415723511717,18.673415723511717,100.0
510,2,36.09013169754403,36.09013169754403,100.0
520,0,11.792258020601775,11.792258020601775,100.0
520,1,49.60259083034436,49.60259083034436,100.0
520,2,38.60515114905387,38.60515114905387,100.0
530,0,43.77968360854672,43.77968360854672,100.0
530,1,38.470725794628585,38.470725794628585,100.0
530,2,17.749590596824714,17.749590596824714,100.0
540,0,12.869632821594198,12.869632821594198,100.0
540,1,11.886469673576485,11.886469673576485,100.0
540,2,75.24389750482932,75.24389750482932,100.0
550,0,17.345227267428136,17.345227267428136,100.0
550,1,34.1119210421115,34.1119210421115,100.0
550,2,48.54285169046037,48.54285169046037,100.0
560,0,23.53152323170302,23.53152323170302,100.0
560,1,23.00094096003832,23.00094096003832,100.0
560,2,53.46753580825866,53.46753580825866,100.0
570,0,31.50795558371159,31.50795558371159,100.0
570,1,44.66626559348935,44.66626559348935,100.0
570,2,23.82577882279907,23.82577882279907,100.0
580,0,26.343829921672366,26.343829921672366,100.0
580,1,36.58972743459958,36.58972743459958,100.0
580,2,37.06644264372806,37.06644264372806,100.0
590,0,33.7286983154716,33.7286983154716,100.0
590,1,35.06276356446268,35.06276356446268,100.0
590,2,31.20853812006572,31.20853812006572,100.0
600,0,14.837477572150116,14.837477572150116,100.0
600,1,48.48338265102033,48.48338265102033,100.0
600,2,36.67913977682955,36.67913977682955,100.0
610,0,29.80378280991732,29.80378280991732,100.0
610,1,35.805812964153674,35.805812964153674,100.0
610,2,34.39040422592901,34.39040422592901,100.0
620,0,56.77382154607986,56.77382154607986,100.0
620,1,15.18151325981778,15.18151325981778,100.0
620,2,28.044665194102357,28.044665194102357,100.0
630,0,36.166601347469125,36.166601347469125,100.0
630,1,26.67380795100466,26.67380795100466,100.0
630,2,37.15959070152622,37.15959070152622,100.0
640,0,42.866088744947284,42.866088744947284,100.0
640,1,40.9964279243179,40.9964279243179,100.0
640,2,16.13748333073481,16.13748333073481,100.0
650,0,13.76023231188401,13.76023231188401,100.0
650,1,35.46156444020326,35.46156444020326,100.0
650,2,50.778203247912735,50.778203247912735,100.0
660,0,18.128259007143477,18.128259007143477,100.0
660,1,63.38919306989615,63.38919306989615,100.0
660,2,18.48254792296037,18.48254792296037,100.0
670,0,48.05696249536708,48.05696249536708,100.0
670,1,27.017014429231285,27.017014429231285,100.0
670,2,24.92602307540165,24.92602307540165,100.0
680,0,51.5454026282504,51.5454026282504,100.0
680,1,22.05527293136947,22.05527293136947,100.0
680,2,26.39932444038014,26.39932444038014,100.0
690,0,34.76581489496701,34.76581489496701,100.0
690,1,16.500634213233248,16.500634213233248,100.0
690,2,48.733550891799744,48.733550891799744,100.0
700,0,7.917766321065368,7.917766321065368,100.0
700,1,48.77993606154018,48.77993606154018,100.0
700,2,43.30229761739445,43.30229761739445,100.0
710,0,18.71792926199624,18.71792926199624,100.0
710,1,52.284789405587595,52.284789405587595,100.0
710,2,28.99728133241617,28.99728133241617,100.0
720,0,16.55767517168765,16.55767517168765,100.0
720,1,57.12160122677932,57.12160122677932,100.0
720,2,26.320723601533043,26.320723601533043,100.0
730,0,53.22764260251777,53.22764260251777,100.0
730,1,30.684989292777693,30.684989292777693,100.0
730,2,16.087368104704545,16.087368104704545,100.0
740,0,26.339694101448202,26.339694101448202,100.0
740,1,30.52296009785776,30.52296009785776,100.0
740,2,43.13734580069404,43.13734580069404,100.0
750,0,51.57983089292162,51.57983089292162,100.0
750,1,22.311035674301177,22.311035674301177,100.0
750,2,26.10913343277721,26.10913343277721,100.0
760,0,10.601543445282298,10.601543445282298,100.0
760,1,66.07833775881059,66.07833775881059,100.0
760,2,23.320118795907117,23.320118795907117,100.0
770,0,50.44771851056111,50.44771851056111,100.0
770,1,11.195874130190939,11.195874130190939,100.0
770,2,38.35640735924795,38.35640735924795,100.0
780,0,67.84925112284937,67.84925112284937,100.0
780,1,15.108101970488391,15.108101970488391,100.0
780,2,17.042646906662245,17.042646906662245,100.0
790,0,28.211569362623816,28.211569362623816,100.0
790,1,36.15964282777852,36.15964282777852,100.0
790,2,35.628787809597654,35.628787809597654,100.0
800,0,40.11780466944988,40.11780466944988,100.0
800,1,43.40777979224758,43.40777979224758,100.0
800,2,16.47441553830253,16.47441553830253,100.0
810,0,15.212695636625199,15.212695636625199,100.0
810,1,44.64150995648574,44.64150995648574,100.0
810,2,40.14579440688906,40.14579440688906,100.0
820,0,8.866431707238068,8.866431707238068,100.0
820,1,48.617354982814284,48.617354982814284,100.0
820,2,42.51621330994766,42.51621330994766,100.0
830,0,43.540830065120055,43.540830065120055,100.0
830,1,23.85350064248983,23.85350064248983,100.0
830,2,32.60566929239012,32.60566929239012,100.0
840,0,32.093050394209605,32.093050394209605,100.0
840,1,41.637986364818715,41.637986364818715,100.0
840,2,26.268963240971672,26.268963240971672,100.0
850,0,32.322124809267905,32.322124809267905,100.0
850,1,42.587708259110954,42.587708259110954,100.0
850,2,25.090166931621138,25.090166931621138,100.0
860,0,17.336087413008507,17.336087413008507,100.0
860,1,57.61944649309153,57.61944649309153,100.0
860,2,25.04446609389997,25.04446609389997,100.0
870,0,13.164358215959846,13.164358215959846,100.0
870,1,52.672180401555416,52.672180401555416,100.0
870,2,34.16346138248475,34.16346138248475,100.0
880,0,16.765236375001432,16.765236375001432,100.0
880,1,38.9271378577685,38.9271378577685,100.0
880,2,44.30762576723006,44.30762576723006,100.0
890,0,24.590672319577063,24.590672319577063,100.0
890,1,27.935182719937046,27.935182719937046,100.0
890,2,47.474144960485894,47.474144960485894,100.0
900,0,21.60847115796867,21.60847115796867,100.0
900,1,28.501065029707064,28.501065029707064,100.0
900,2,49.89046381232427,49.89046381232427,100.0
910,0,49.81549256673826,49.81549256673826,100.0
910,1,9.66159141884447,9.66159141884447,100.0
910,2,40.52291601441729,40.52291601441729,100.0
920,0,8.041603719295235,8.041603719295235,100.0
920,1,51.02910631326626,51.02910631326626,100.0
920,2,40.929289967438514,40.929289967438514,100.0
930,0,26.311020611360046,26.311020611360046,100.0
930,1,17.824113599891113,17.824113599891113,100.0
930,2,55.864865788748844,55.864865788748844,100.0
940,0,13.187979901577984,13.187979901577984,100.0
940,1,14.4316933159428,14.4316933159428,100.0
940,2,72.38032678247922,72.38032678247922,100.0
950,0,21.627004638616164,21.627004638616164,100.0
950,1,45.03990500628878,45.03990500628878,100.0
950,2,33.33309035509506,33.33309035509506,100.0
960,0,16.643350093726102,16.643350093726102,100.0
960,1,51.56790450088554,51.56790450088554,100.0
960,2,31.78874540538836,31.78874540538836,100.0
970,0,42.21771131611934,42.21771131611934,100.0
970,1,20.692366829406645,20.692366829406645,100.0
970,2,37.089921854474014,37.089921854474014,100.0
980,0,60.261452771846066,60.261452771846066,100.0
980,1,22.387597950627324,22.387597950627324,100.0
980,2,17.3509492775266,17.3509492775266,100.0
990,0,45.22319544662592,45.22319544662592,100.0
990,1,21.025171546123396,21.025171546123396,100.0
990,2,33.751633007250675,33.751633007250675,100.0
1000,0,17.320368783544563,17.320368783544563,100.0
1000,1,37.29585748638863,37.29585748638863,100.0
1000,2,45.38377373006681,45.38377373006681,100.0
1010,0,48.021002366313176,48.021002366313176,100.0
1010,1,29.370831445430547,29.370831445430547,100.0
1010,2,22.60816618825628,22.60816618825628,100.0
1020,0,31.17777436616888,31.17777436616888,100.0
1020,1,31.479259969087742,31.479259969087742,100.0
1020,2,37.342965664743375,37.342965664743375,100.0
1030,0,36.01184032298942,36.01184032298942,100.0
1030,1,24.418215100436626,24.418215100436626,100.0
1030,2,39.56994457657396,39.56994457657396,100.0
1040,0,14.45782777967841,14.45782777967841,100.0
1040,1,72.11267145479508,72.11267145479508,100.0
1040,2,13.429500765526514,13.429500765526514,100.0
1050,0,24.660144179010622,24.660144179010622,100.0
1050,1,55.900782930988356,55.900782930988356,100.0
1050,2,19.43907289000102,19.43907289000102,100.0
1060,0,15.395937380281174,15.395937380281174,100.0
1060,1,34.72550658796469,34.72550658796469,100.0
1060,2,49.87855603175414,49.87855603175414,100.0
1070,0,24.423106566331114,24.423106566331114,100.0
1070,1,40.992430790743754,40.992430790743754,100.0
1070,2,34.58446264292513,34.58446264292513,100.0
1080,0,29.311677199047608,29.311677199047608,100.0
1080,1,20.577153253774743,20.577153253774743,100.0
1080,2,50.11116954717766,50.11116954717766,100.0
1090,0,37.13140404551348,37.13140404551348,100.0
1090,1,37.09506802127477,37.09506802127477,100.0
1090,2,25.77352793321175,25.77352793321175,100.0
1100,0,29.695614660950664,29.695614660950664,100.0
1100,1,27.778554620393514,27.778554620393514,100.0
1100,2,42.52583071865582,42.52583071865582,100.0
1110,0,39.46650247295499,39.46650247295499,100.0
1110,1,11.891261867910849,11.891261867910849,100.0
1110,2,48.642235659134165,48.642235659134165,100.0
1120,0,60.77475784383597,60.77475784383597,100.0
1120,1,25.293542462338674,25.293542462338674,100.0
1120,2,13.931699693825362,13.931699693825362,100.0
1130,0,17.042748318975757,17.042748318975757,100.0
1130,1,33.28714447091347,33.28714447091347,100.0
1130,2,49.67010721011078,49.67010721011078,100.0
1140,0,25.871856096617606,25.871856096617606,100.0
1140,1,60.352808322243234,60.352808322243234,100.0
1140,2,13.775335581139156,13.775335581139156,100.0
1150,0,10.939172877481983,10.939172877481983,100.0
1150,1,62.913645705760466,62.913645705760466,100.0
1150,2,26.147181416757554,26.147181416757554,100.0
1160,0,24.425873134400717,24.425873134400717,100.0
1160,1,17.067029372615195,17.067029372615195,100.0
1160,2,58.507097492984094,58.507097492984094,100.0
1170,0,14.107586267934893,14.107586267934893,100.0
1170,1,68.64903603553235,68.64903603553235,100.0
1170,2,17.243377696532754,17.243377696532754,100.0
1180,0,29.910833462370494,29.910833462370494,100.0
1180,1,44.17084854406093,44.17084854406093,100.0
1180,2,25.91831799356858,25.91831799356858,100.0
1190,0,43.40070109242524,43.40070109242524,100.0
1190,1,24.765469728650093,24.765469728650093,100.0
1190,2,31.83382917892466,31.83382917892466,100.0
1200,0,56.506583851021105,56.506583851021105,100.0
1200,1,15.596307096574966,15.596307096574966,100.0
1200,2,27.897109052403923,27.897109052403923,100.0
1210,0,45.71019882023703,45.71019882023703,100.0
1210,1,15.606175694365024,15.606175694365024,100.0
1210,2,38.683625485397954,38.683625485397954,100.0
1220,0,34.70450091844729,34.70450091844729,100.0
1220,1,13.593426145285909,13.593426145285909,100.0
1220,2,51.702072936266795,51.702072936266795,100.0
1230,0,32.61069986265808,32.61069986265808,100.0
1230,1,11.175928381367841,11.175928381367841,100.0
1230,2,56.21337175597409,56.21337175597409,100.0
1240,0,36.85650793504064,36.85650793504064,100.0
1240,1,8.59887349553606,8.59887349553606,100.0
1240,2,54.5446185694233,54.5446185694233,100.0
1250,0,49.262853986806036,49.262853986806036,100.0
1250,1,24.454206271211852,24.454206271211852,100.0
1250,2,26.282939741982116,26.282939741982116,100.0
1260,0,33.259200954912856,33.259200954912856,100.0
1260,1,34.769386351020856,34.769386351020856,100.0
1260,2,31.971412694066288,31.971412694066288,100.0
1270,0,60.161325733664725,60.161325733664725,100.0
1270,1,18.456616366120983,18.456616366120983,100.0
1270,2,21.382057900214303,21.382057900214303,100.0
1280,0,46.32539397265278,46.32539397265278,100.0
1280,1,41.653137272114385,41.653137272114385,100.0
1280,2,12.02146875523284,12.02146875523284,100.0
1290,0,24.75719722508865,24.75719722508865,100.0
1290,1,41.52257708270702,41.52257708270702,100.0
1290,2,33.72022569220432,33.72022569220432,100.0
1300,0,19.812676508901486,19.812676508901486,100.0
1300,1,45.03853766020065,45.03853766020065,100.0
1300,2,35.148785830897864,35.148785830897864,100.0
1310,0,26.698277479848386,26.698277479848386,100.0
1310,1,27.66827957346353,27.66827957346353,100.0
1310,2,45.6334429466881,45.6334429466881,100.0
1320,0,13.555676644200924,13.555676644200924,100.0
1320,1,44.18032017596628,44.18032017596628,100.0
1320,2,42.264003179832805,42.264003179832805,100.0
1330,0,29.467299667849932,29.467299667849932,100.0
1330,1,51.87778106428757,51.87778106428757,100.0
1330,2,18.6549192678625,18.6549192678625,100.0
1340,0,20.84240368295633,20.84240368295633,100.0
1340,1,17.13769427707553,17.13769427707553,100.0
1340,2,62.019902039968144,62.019902039968144,100.0
1350,0,43.73591244471782,43.73591244471782,100.0
1350,1,20.450746091564884,20.450746091564884,100.0
1350,2,35.8133414637173,35.8133414637173,100.0
1360,0,42.950568579599256,42.950568579599256,100.0
1360,1,25.61988280274528,25.61988280274528,100.0
1360,2,31.429548617655456,31.429548617655456,100.0
1370,0,16.734340732323936,16.734340732323936,100.0
1370,1,47.54084382413153,47.54084382413153,100.0
1370,2,35.724815443544536,35.724815443544536,100.0
1380,0,39.99655209794813,39.99655209794813,100.0
1380,1,26.752420336531983,26.752420336531983,100.0
1380,2,33.251027565519884,33.251027565519884,100.0
1390,0,48.99423536910294,48.99423536910294,100.0
1390,1,39.88119041511018,39.88119041511018,100.0
1390,2,11.124574215786872,11.124574215786872,100.0
1400,0,37.28335215407181,37.28335215407181,100.0
1400,1,50.182220943130496,50.182220943130496,100.0
1400,2,12.534426902797696,12.534426902797696,100.0
1410,0,25.081907866488145,25.081907866488145,100.0
1410,1,43.8902544473361,43.8902544473361,100.0
1410,2,31.027837686175776,31.027837686175776,100.0
1420,0,53.61701099561868,53.61701099561868,100.0
1420,1,26.27594011100291,26.27594011100291,100.0
1420,2,20.10704889337842,20.10704889337842,100.0
1430,0,51.69621656432404,51.69621656432404,100.0
1430,1,27.61164750734385,27.61164750734385,100.0
1430,2,20.69213592833211,20.69213592833211,100.0
1440,0,48.92949261971452,48.92949261971452,100.0
1440,1,43.97370403476248,43.97370403476248,100.0
1440,2,7.096803345523004,7.096803345523004,100.0
1450,0,15.141882978548887,15.141882978548887,100.0
1450,1,63.97559421321357,63.97559421321357,100.0
1450,2,20.88252280823755,20.88252280823755,100.0
1460,0,22.09114128056327,22.09114128056327,100.0
1460,1,52.333842771477144,52.333842771477144,100.0
1460,2,25.57501594795959,25.57501594795959,100.0
1470,0,55.17490211515479,55.17490211515479,100.0
1470,1,30.31005921571237,30.31005921571237,100.0
1470,2,14.515038669132831,14.515038669132831,100.0
1480,0,12.893338896293239,12.893338896293239,100.0
1480,1,28.801020724187342,28.801020724187342,100.0
1480,2,58.30564037951942,58.30564037951942,100.0
1490,0,51.83245165163181,51.83245165163181,100.0
1490,1,40.08845096556746,40.08845096556746,100.0
1490,2,8.079097382800732,8.079097382800732,100.0
1500,0,17.169057956626705,17.169057956626705,100.0
1500,1,68.44573436694523,68.44573436694523,100.0
1500,2,14.385207676428067,14.385207676428067,100.0
1510,0,37.889477415029454,37.889477415029454,100.0
1510,1,47.457926155503124,47.457926155503124,100.0
1510,2,14.65259642946742,14.65259642946742,100.0
1520,0,14.266659971189508,14.266659971189508,100.0
1520,1,63.34489358184657,63.34489358184657,100.0
1520,2,22.38844644696391,22.38844644696391,100.0
1530,0,42.09317502574408,42.09317502574408,100.0
1530,1,49.40100144715049,49.40100144715049,100.0
1530,2,8.50582352710543,8.50582352710543,100.0
1540,0,31.433639829397492,31.433639829397492,100.0
1540,1,41.836634948605095,41.836634948605095,100.0
1540,2,26.729725221997413,26.729725221997413,100.0
1550,0,16.12147738448656,16.12147738448656,100.0
1550,1,48.894784346491434,48.894784346491434,100.0
1550,2,34.983738269022005,34.983738269022005,100.0
1560,0,22.492788799329492,22.492788799329492,100.0
1560,1,53.675881524382575,53.675881524382575,100.0
1560,2,23.831329676287936,23.831329676287936,100.0
1570,0,27.03782467331928,27.03782467331928,100.0
1570,1,57.746029422717,57.746029422717,100.0
1570,2,15.216145903963715,15.216145903963715,100.0
1580,0,41.155646271105475,41.155646271105475,100.0
1580,1,22.22365021181753,22.22365021181753,100.0
1580,2,36.620703517077,36.620703517077,100.0
1590,0,41.83150456736575,41.83150456736575,100.0
1590,1,38.82133711439764,38.82133711439764,100.0
1590,2,19.34715831823662,19.34715831823662,100.0
1600,0,31.818267395625767,31.818267395625767,100.0
1600,1,38.031855091764825,38.031855091764825,100.0
1600,2,30.1498775126094,30.1498775126094,100.0
1610,0,42.265604286418316,42.265604286418316,100.0
1610,1,38.08578979221131,38.08578979221131,100.0
1610,2,19.648605921370372,19.648605921370372,100.0
1620,0,47.325735101017735,47.325735101017735,100.0
1620,1,21.790392134244374,21.790392134244374,100.0
1620,2,30.883872764737895,30.883872764737895,100.0
1630,0,40.72942981684019,40.72942981684019,100.0
1630,1,46.01995001076524,46.01995001076524,100.0
1630,2,13.250620172394582,13.250620172394582,100.0
1640,0,28.789875894901883,28.789875894901883,100.0
1640,1,58.34526390729875,58.34526390729875,100.0
1640,2,12.864860197799374,12.864860197799374,100.0
1650,0,33.42784277691661,33.42784277691661,100.0
1650,1,42.94331527069002,42.94331527069002,100.0
1650,2,23.628841952393365,23.628841952393365,100.0
1660,0,17.15000575103293,17.15000575103293,100.0
1660,1,29.988124591710534,29.988124591710534,100.0
1660,2,52.86186965725654,52.86186965725654,100.0
1670,0,19.666108628388766,19.666108628388766,100.0
1670,1,68.64013612151994,68.64013612151994,100.0
1670,2,11.693755250091284,11.693755250091284,100.0
1680,0,20.253264770946817,20.253264770946817,100.0
1680,1,42.18514208159604,42.18514208159604,100.0
1680,2,37.56159314745714,37.56159314745714,100.0
1690,0,46.45504270632082,46.45504270632082,100.0
1690,1,29.735901874541465,29.735901874541465,100.0
1690,2,23.809055419137724,23.809055419137724,100.0
1700,0,32.288528657660784,32.288528657660784,100.0
1700,1,46.031041919827,46.031041919827,100.0
1700,2,21.680429422512233,21.680429422512233,100.0
1710,0,48.60678872092423,48.60678872092423,100.0
1710,1,19.467390890735633,19.467390890735633,100.0
1710,2,31.92582038834013,31.92582038834013,100.0
1720,0,25.096593413567746,25.096593413567746,100.0
1720,1,61.345066628196044,61.345066628196044,100.0
1720,2,13.558339958236203,13.558339958236203,100.0
1730,0,48.23764585963962,48.23764585963962,100.0
1730,1,24.72693729412328,24.72693729412328,100.0
1730,2,27.035416846237098,27.035416846237098,100.0
1740,0,32.822660884692375,32.822660884692375,100.0
1740,1,56.631605038765755,56.631605038765755,100.0
1740,2,10.545734076541862,10.545734076541862,100.0
1750,0,24.658554488802963,24.658554488802963,100.0
1750,1,25.04456352887882,25.04456352887882,100.0
1750,2,50.29688198231822,50.29688198231822,100.0
1760,0,20.67063078699492,20.67063078699492,100.0
1760,1,55.675896023680934,55.675896023680934,100.0
1760,2,23.653473189324135,23.653473189324135,100.0
1770,0,23.392398809888604,23.392398809888604,100.0
1770,1,21.37024238589619,21.37024238589619,100.0
1770,2,55.237358804215205,55.237358804215205,100.0
1780,0,18.462361488289822,18.462361488289822,100.0
1780,1,24.60232131883081,24.60232131883081,100.0
1780,2,56.93531719287937,56.93531719287937,100.0
1790,0,7.8888971383812905,7.8888971383812905,100.0
1790,1,46.855250798526924,46.855250798526924,100.0
1790,2,45.25585206309178,45.25585206309178,100.0
1800,0,46.07107296288808,46.07107296288808,100.0
1800,1,32.64815269160405,32.64815269160405,100.0
1800,2,21.280774345507876,21.280774345507876,100.0
1810,0,31.41164300202941,31.41164300202941,100.0
1810,1,20.548171019437532,20.548171019437532,100.0
1810,2,48.04018597853306,48.04018597853306,100.0
1820,0,22.334546949079805,22.334546949079805,100.0
1820,1,16.56552076568971,16.56552076568971,100.0
1820,2,61.09993228523049,61.09993228523049,100.0
1830,0,38.807306281090206,38.807306281090206,100.0
1830,1,33.98265392443367,33.98265392443367,100.0
1830,2,27.21003979447613,27.21003979447613,100.0
1840,0,54.516781472646954,54.516781472646954,100.0
1840,1,11.707856261835063,11.707856261835063,100.0
1840,2,33.77536226551799,33.77536226551799,100.0
1850,0,26.35097996076429,26.35097996076429,100.0
1850,1,16.204968410271768,16.204968410271768,100.0
1850,2,57.44405162896394,57.44405162896394,100.0
1860,0,46.98735898512705,46.98735898512705,100.0
1860,1,42.967548569406,42.967548569406,100.0
1860,2,10.045092445466942,10.045092445466942,100.0
1870,0,66.25621433110473,66.25621433110473,100.0
1870,1,19.23040607040953,19.23040607040953,100.0
1870,2,14.513379598485754,14.513379598485754,100.0
1880,0,20.665278603685188,20.665278603685188,100.0
1880,1,44.25836683343339,44.25836683343339,100.0
1880,2,35.07635456288142,35.07635456288142,100.0
1890,0,26.65744707635598,26.65744707635598,100.0
1890,1,29.878971573978895,29.878971573978895,100.0
1890,2,43.46358134966512,43.46358134966512,100.0
1900,0,48.34896571254709,48.34896571254709,100.0
1900,1,9.294169451739819,9.294169451739819,100.0
1900,2,42.356864835713075,42.356864835713075,100.0
1910,0,17.02702435275266,17.02702435275266,100.0
1910,1,58.779530048117834,58.779530048117834,100.0
1910,2,24.1934455991295,24.1934455991295,100.0
1920,0,23.60131972161472,23.60131972161472,100.0
1920,1,19.519680508450524,19.519680508450524,100.0
1920,2,56.87899976993476,56.87899976993476,100.0
1930,0,32.32163959202526,32.32163959202526,100.0
1930,1,28.090396257450674,28.090396257450674,100.0
1930,2,39.587964150524066,39.587964150524066,100.0
1940,0,21.886630883641683,21.886630883641683,100.0
1940,1,19.230115828944992,19.230115828944992,100.0
1940,2,58.883253287413325,58.883253287413325,100.0
1950,0,42.60267647419906,42.60267647419906,100.0
1950,1,16.946998130974283,16.946998130974283,100.0
1950,2,40.450325394826656,40.450325394826656,100.0
1960,0,55.077926342766034,55.077926342766034,100.0
1960,1,8.57102500890706,8.57102500890706,100.0
1960,2,36.35104864832691,36.35104864832691,100.0
1970,0,38.47249929779507,38.47249929779507,100.0
1970,1,27.133246792249714,27.133246792249714,100.0
1970,2,34.39425390995523,34.39425390995523,100.0
1980,0,46.583498786617774,46.583498786617774,100.0
1980,1,43.28211165070449,43.28211165070449,100.0
1980,2,10.134389562677729,10.134389562677729,100.0
1990,0,34.506702369950965,34.506702369950965,100.0
1990,1,14.257814155849971,14.257814155849971,100.0
1990,2,51.235483474199064,51.235483474199064,100.0
2000,0,34.523327757249646,34.523327757249646,100.0
2000,1,55.869864745910434,55.869864745910434,100.0
2000,2,9.606807496839917,9.606807496839917,100.0
2010,0,34.87182478372969,34.87182478372969,100.0
2010,1,20.529545115284158,20.529545115284158,100.0
2010,2,44.598630100986156,44.598630100986156,100.0
2020,0,24.084960628258692,24.084960628258692,100.0
2020,1,28.159308016936084,28.159308016936084,100.0
2020,2,47.75573135480523,47.75573135480523,100.0
2030,0,17.50322490019332,17.50322490019332,100.0
2030,1,33.341770595256435,33.341770595256435,100.0
2030,2,49.155004504550234,49.155004504550234,100.0
2040,0,52.68674716704852,52.68674716704852,100.0
2040,1,23.607708506484553,23.607708506484553,100.0
2040,2,23.705544326466935,23.705544326466935,100.0
2050,0,52.797286942998156,52.797286942998156,100.0
2050,1,37.15582608100155,37.15582608100155,100.0
2050,2,10.04688697600029,10.04688697600029,100.0
2060,0,45.11151670014695,45.11151670014695,100.0
2060,1,46.19304690755662,46.19304690755662,100.0
2060,2,8.695436392296418,8.695436392296418,100.0
2070,0,27.355635889542757,27.355635889542757,100.0
2070,1,52.20486537433534,52.20486537433534,100.0
2070,2,20.4394987361219,20.4394987361219,100.0
2080,0,27.731353721534596,27.731353721534596,100.0
2080,1,24.579373425936897,24.579373425936897,100.0
2080,2,47.68927285252851,47.68927285252851,100.0
2090,0,42.29914616200679,42.29914616200679,100.0
2090,1,39.780965736697944,39.780965736697944,100.0
2090,2,17.919888101295264,17.919888101295264,100.0
2100,0,36.3695198798078,36.3695198798078,100.0
2100,1,29.870982469747954,29.870982469747954,100.0
2100,2,33.759497650444246,33.759497650444246,100.0
2110,0,21.61060670021872,21.61060670021872,100.0
2110,1,34.74794728819163,34.74794728819163,100.0
2110,2,43.64144601158964,43.64144601158964,100.0
2120,0,21.421969217769323,21.421969217769323,100.0
2120,1,50.64720244972091,50.64720244972091,100.0
2120,2,27.930828332509765,27.930828332509765,100.0
2130,0,43.580519934779296,43.580519934779296,100.0
2130,1,46.14533948016626,46.14533948016626,100.0
2130,2,10.274140585054448,10.274140585054448,100.0
2140,0,26.335494835476243,26.335494835476243,100.0
2140,1,28.688862717156134,28.688862717156134,100.0
2140,2,44.975642447367626,44.975642447367626,100.0
2150,0,16.32114761042651,16.32114761042651,100.0
2150,1,27.741786543924658,27.741786543924658,100.0
2150,2,55.93706584564884,55.93706584564884,100.0
2160,0,10.335353006459986,10.335353006459986,100.0
2160,1,22.29337192441066,22.29337192441066,100.0
2160,2,67.37127506912937,67.37127506912937,100.0
2170,0,36.92258442200227,36.92258442200227,100.0
2170,1,40.313511638509326,40.313511638509326,100.0
2170,2,22.76390393948842,22.76390393948842,100.0
2180,0,20.631489176810796,20.631489176810796,100.0
2180,1,38.00757077252995,38.00757077252995,100.0
2180,2,41.36094005065926,41.36094005065926,100.0
2190,0,44.72347549442553,44.72347549442553,100.0
2190,1,31.997418670892756,31.997418670892756,100.0
2190,2,23.279105834681708,23.279105834681708,100.0
2200,0,39.807901734905506,39.807901734905506,100.0
2200,1,12.69815902731701,12.69815902731701,100.0
2200,2,47.493939237777475,47.493939237777475,100.0
2210,0,31.218689060985916,31.218689060985916,100.0
2210,1,36.3387155676276,36.3387155676276,100.0
2210,2,32.442595371386474,32.442595371386474,100.0
2220,0,25.182532145781387,25.182532145781387,100.0
2220,1,52.87126657131331,52.87126657131331,100.0
2220,2,21.946201282905292,21.946201282905292,100.0
2230,0,30.82214908486175,30.82214908486175,100.0
2230,1,39.71076896784754,39.71076896784754,100.0
2230,2,29.4670819472907,29.4670819472907,100.0
2240,0,12.532196271777597,12.532196271777597,100.0
2240,1,13.59402044221718,13.59402044221718,100.0
2240,2,73.87378328600522,73.87378328600522,100.0
2250,0,31.28305884207969,31.28305884207969,100.0
2250,1,21.5330001594643,21.5330001594643,100.0
2250,2,47.183940998456016,47.183940998456016,100.0
2260,0,14.37116017994001,14.37116017994001,100.0
2260,1,27.446422067343452,27.446422067343452,100.0
2260,2,58.18241775271654,58.18241775271654,100.0
2270,0,24.306734036049665,24.306734036049665,100.0
2270,1,54.9686478752799,54.9686478752799,100.0
2270,2,20.724618088670443,20.724618088670443,100.0
2280,0,52.29778051283039,52.29778051283039,100.0
2280,1,15.69286832036863,15.69286832036863,100.0
2280,2,32.00935116680098,32.00935116680098,100.0
2290,0,22.801653957763694,22.801653957763694,100.0
2290,1,10.027785647631818,10.027785647631818,100.0
2290,2,67.1705603946045,67.1705603946045,100.0
2300,0,20.437893681367527,20.437893681367527,100.0
2300,1,13.380487487421908,13.380487487421908,100.0
2300,2,66.18161883121057,66.18161883121057,100.0
2310,0,9.806963630908404,9.806963630908404,100.0
2310,1,49.26888293164752,49.26888293164752,100.0
2310,2,40.92415343744408,40.92415343744408,100.0
2320,0,40.4929551070282,40.4929551070282,100.0
2320,1,48.6648798320579,48.6648798320579,100.0
2320,2,10.84216506091391,10.84216506091391,100.0
2330,0,22.873805795861415,22.873805795861415,100.0
2330,1,61.029883824911366,61.029883824911366,100.0
2330,2,16.096310379227216,16.096310379227216,100.0
2340,0,54.745673194953106,54.745673194953106,100.0
2340,1,8.479782975669856,8.479782975669856,100.0
2340,2,36.77454382937703,36.77454382937703,100.0
2350,0,15.662668481987813,15.662668481987813,100.0
2350,1,45.155353682721014,45.155353682721014,100.0
2350,2,39.18197783529118,39.18197783529118,100.0
2360,0,35.27056851876781,35.27056851876781,100.0
2360,1,22.633940300689094,22.633940300689094,100.0
2360,2,42.09549118054311,42.09549118054311,100.0
2370,0,25.734391969564278,25.734391969564278,100.0
2370,1,45.03435663472548,45.03435663472548,100.0
2370,2,29.231251395710256,29.231251395710256,100.0
2380,0,21.634591674822534,21.634591674822534,100.0
2380,1,55.050273427932716,55.050273427932716,100.0
2380,2,23.31513489724475,23.31513489724475,100.0
2390,0,22.34642168554478,22.34642168554478,100.0
2390,1,39.27938756338934,39.27938756338934,100.0
2390,2,38.37419075106587,38.37419075106587,100.0
2400,0,17.33175431639936,17.33175431639936,100.0
2400,1,45.055093849601214,45.055093849601214,100.0
2400,2,37.61315183399942,37.61315183399942,100.0
2410,0,18.299694966435563,18.299694966435563,100.0
2410,1,35.17223548670869,35.17223548670869,100.0
2410,2,46.52806954685575,46.52806954685575,100.0
2420,0,51.391554066061914,51.391554066061914,100.0
2420,1,10.581211525282603,10.581211525282603,100.0
2420,2,38.027234408655474,38.027234408655474,100.0
2430,0,31.546097162346086,31.546097162346086,100.0
2430,1,21.689922548356403,21.689922548356403,100.0
2430,2,46.76398028929752,46.76398028929752,100.0
2440,0,16.149743059401054,16.149743059401054,100.0
2440,1,51.43035183219511,51.43035183219511,100.0
2440,2,32.41990510840384,32.41990510840384,100.0
2450,0,10.50209948616214,10.50209948616214,100.0
2450,1,37.190315377980745,37.190315377980745,100.0
2450,2,52.30758513585712,52.30758513585712,100.0
2460,0,15.365623407909442,15.365623407909442,100.0
2460,1,71.61573234484496,71.61573234484496,100.0
2460,2,13.018644247245609,13.018644247245609,100.0
2470,0,23.502721367184996,23.502721367184996,100.0
2470,1,52.95440204565162,52.95440204565162,100.0
2470,2,23.542876587163384,23.542876587163384,100.0
2480,0,42.545994675722284,42.545994675722284,100.0
2480,1,39.25852982510812,39.25852982510812,100.0
2480,2,18.195475499169607,18.195475499169607,100.0
2490,0,59.27180078363011,59.27180078363011,100.0
2490,1,19.727670282973385,19.727670282973385,100.0
2490,2,21.0005289333965,21.0005289333965,100.0
2500,0,46.468250238537586,46.468250238537586,100.0
2500,1,19.815574958834606,19.815574958834606,100.0
2500,2,33.71617480262781,33.71617480262781,100.0
2510,0,12.315682948451997,12.315682948451997,100.0
2510,1,34.27187292119466,34.27187292119466,100.0
2510,2,53.41244413035334,53.41244413035334,100.0
2520,0,11.742506244847792,11.742506244847792,100.0
2520,1,34.26490360490718,34.26490360490718,100.0
2520,2,53.99259015024502,53.99259015024502,100.0
2530,0,54.64919045123416,54.64919045123416,100.0
2530,1,27.708930516573275,27.708930516573275,100.0
2530,2,17.64187903219257,17.64187903219257,100.0
2540,0,11.813967074616466,11.813967074616466,100.0
2540,1,28.675327287674286,28.675327287674286,100.0
2540,2,59.51070563770925,59.51070563770925,100.0
2550,0,34.28635053748035,34.28635053748035,100.0
2550,1,40.98163424122833,40.98163424122833,100.0
2550,2,24.73201522129133,24.73201522129133,100.0
2560,0,32.10484922265215,32.10484922265215,100.0
2560,1,38.16431690605278,38.16431690605278,100.0
2560,2,29.730833871295076,29.730833871295076,100.0
2570,0,63.97301987278999,63.97301987278999,100.0
2570,1,16.918375719713342,16.918375719713342,100.0
2570,2,19.108604407496674,19.108604407496674,100.0
2580,0,15.576936757985498,15.576936757985498,100.0
2580,1,32.613046783031194,32.613046783031194,100.0
2580,2,51.81001645898331,51.81001645898331,100.0
2590,0,12.18225465169413,12.18225465169413,100.0
2590,1,36.55288746492251,36.55288746492251,100.0
2590,2,51.26485788338335,51.26485788338335,100.0
2600,0,33.68049423472887,33.68049423472887,100.0
2600,1,42.707718104337076,42.707718104337076,100.0
2600,2,23.611787660934063,23.611787660934063,100.0
2610,0,27.131683477779855,27.131683477779855,100.0
2610,1,29.24288810877624,29.24288810877624,100.0
2610,2,43.6254284134439,43.6254284134439,100.0
2620,0,48.69313785263665,48.69313785263665,100.0
2620,1,28.038477118662364,28.038477118662364,100.0
2620,2,23.268385028700983,23.268385028700983,100.0
2630,0,61.62753621515379,61.62753621515379,100.0
2630,1,13.586593711452815,13.586593711452815,100.0
2630,2,24.7858700733934,24.7858700733934,100.0
2640,0,24.47486934692089,24.47486934692089,100.0
2640,1,51.6661631526909,51.6661631526909,100.0
2640,2,23.85896750038821,23.85896750038821,100.0
2650,0,54.900560954564725,54.900560954564725,100.0
2650,1,35.14805467517129,35.14805467517129,100.0
2650,2,9.951384370263995,9.951384370263995,100.0
2660,0,23.6413170598854,23.6413170598854,100.0
2660,1,57.8350994638415,57.8350994638415,100.0
2660,2,18.52358347627311,18.52358347627311,100.0
2670,0,26.54830491730494,26.54830491730494,100.0
2670,1,10.299624160039764,10.299624160039764,100.0
2670,2,63.15207092265529,63.15207092265529,100.0
2680,0,13.93542441898488,13.93542441898488,100.0
2680,1,65.63200043711358,65.63200043711358,100.0
2680,2,20.432575143901545,20.432575143901545,100.0
2690,0,11.462528901128447,11.462528901128447,100.0
2690,1,15.009463306968756,15.009463306968756,100.0
2690,2,73.52800779190281,73.52800779190281,100.0
2700,0,30.122150574527772,30.122150574527772,100.0
2700,1,44.444466853934614,44.444466853934614,100.0
2700,2,25.43338257153761,25.43338257153761,100.0
2710,0,32.738983863004705,32.738983863004705,100.0
2710,1,46.22308664790607,46.22308664790607,100.0
2710,2,21.037929489089223,21.037929489089223,100.0
2720,0,32.30208732453483,32.30208732453483,100.0
2720,1,46.86410455503987,46.86410455503987,100.0
2720,2,20.833808120425306,20.833808120425306,100.0
2730,0,25.24062727609867,25.24062727609867,100.0
2730,1,29.975993382810135,29.975993382810135,100.0
2730,2,44.7833793410912,44.7833793410912,100.0
2740,0,31.605991611139466,31.605991611139466,100.0
2740,1,17.15524116457841,17.15524116457841,100.0
2740,2,51.238767224282135,51.238767224282135,100.0
2750,0,28.88799553204406,28.88799553204406,100.0
2750,1,40.936327905137574,40.936327905137574,100.0
2750,2,30.175676562818367,30.175676562818367,100.0
2760,0,43.3995959977187,43.3995959977187,100.0
2760,1,44.132678960801854,44.132678960801854,100.0
2760,2,12.467725041479428,12.467725041479428,100.0
2770,0,30.925387786761156,30.925387786761156,100.0
2770,1,25.394692060292247,25.394692060292247,100.0
2770,2,43.6799201529466,43.6799201529466,100.0
2780,0,21.896805480132624,21.896805480132624,100.0
2780,1,49.77608715920498,49.77608715920498,100.0
2780,2,28.327107360662414,28.327107360662414,100.0
2790,0,25.957992443829514,25.957992443829514,100.0
2790,1,43.08781372829695,43.08781372829695,100.0
2790,2,30.95419382787354,30.95419382787354,100.0
2800,0,13.120659361534548,13.120659361534548,100.0
2800,1,29.17072410562984,29.17072410562984,100.0
2800,2,57.70861653283561,57.70861653283561,100.0
2810,0,19.781016144284223,19.781016144284223,100.0
2810,1,30.841194192032834,30.841194192032834,100.0
2810,2,49.37778966368293,49.37778966368293,100.0
2820,0,72.43600387582703,72.43600387582703,100.0
2820,1,14.479592273399405,14.479592273399405,100.0
2820,2,13.08440385077356,13.08440385077356,100.0
2830,0,19.53440689345369,19.53440689345369,100.0
2830,1,60.05968762857369,60.05968762857369,100.0
2830,2,20.40590547797263,20.40590547797263,100.0
2840,0,27.224137727744285,27.224137727744285,100.0
2840,1,56.32611379959,56.32611379959,100.0
2840,2,16.44974847266572,16.44974847266572,100.0
2850,0,11.451245736557134,11.451245736557134,100.0
2850,1,32.70299845021242,32.70299845021242,100.0
2850,2,55.84575581323045,55.84575581323045,100.0
2860,0,23.17528017991968,23.17528017991968,100.0
2860,1,13.110524249858182,13.110524249858182,100.0
2860,2,63.714195570222145,63.714195570222145,100.0
2870,0,7.729051011285695,7.729051011285695,100.0
2870,1,50.67258412033644,50.67258412033644,100.0
2870,2,41.59836486837787,41.59836486837787,100.0
2880,0,42.23474228416702,42.23474228416702,100.0
2880,1,9.596790456695336,9.596790456695336,100.0
2880,2,48.16846725913766,48.16846725913766,100.0
2890,0,30.905563016156464,30.905563016156464,100.0
2890,1,24.241534603538536,24.241534603538536,100.0
2890,2,44.85290238030501,44.85290238030501,100.0
2900,0,59.95659715221674,59.95659715221674,100.0
2900,1,11.219060759189658,11.219060759189658,100.0
2900,2,28.824342088593603,28.824342088593603,100.0
2910,0,18.87612793718829,18.87612793718829,100.0
2910,1,29.229279024285017,29.229279024285017,100.0
2910,2,51.89459303852669,51.89459303852669,100.0
2920,0,23.13237843976893,23.13237843976893,100.0
2920,1,54.10381300233637,54.10381300233637,100.0
2920,2,22.763808557894702,22.763808557894702,100.0
2930,0,26.498605654960794,26.498605654960794,100.0
2930,1,57.27238936295669,57.27238936295669,100.0
2930,2,16.22900498208251,16.22900498208251,100.0
2940,0,19.821571293752758,19.821571293752758,100.0
2940,1,28.0329141034121,28.0329141034121,100.0
2940,2,52.14551460283514,52.14551460283514,100.0
2950,0,21.859557562890856,21.859557562890856,100.0
2950,1,24.275685091693024,24.275685091693024,100.0
2950,2,53.864757345416116,53.864757345416116,100.0
2960,0,65.3639034654232,65.3639034654232,100.0
2960,1,14.007518530562708,14.007518530562708,100.0
2960,2,20.628578004014102,20.628578004014102,100.0
2970,0,8.52087429270458,8.52087429270458,100.0
2970,1,50.206108197514475,50.206108197514475,100.0
2970,2,41.27301750978095,41.27301750978095,100.0
2980,0,34.34233693991292,34.34233693991292,100.0
2980,1,42.86155163749438,42.86155163749438,100.0
2980,2,22.79611142259271,22.79611142259271,100.0
2990,0,44.132023579746814,44.132023579746814,100.0
2990,1,44.59032160335086,44.59032160335086,100.0
2990,2,11.277654816902329,11.277654816902329,100.0
3000,0,24.855059956210496,24.855059956210496,100.0
3000,1,14.517423826888571,14.517423826888571,100.0
3000,2,60.627516216900936,60.627516216900936,100.0
3010,0,11.799690731961148,11.799690731961148,100.0
3010,1,48.282186921686574,48.282186921686574,100.0
3010,2,39.918122346352284,39.918122346352284,100.0
3020,0,48.295381513092174,48.295381513092174,100.0
3020,1,25.109105271096517,25.109105271096517,100.0
3020,2,26.595513215811323,26.595513215811323,100.0
3030,0,44.0046544287163,44.0046544287163,100.0
3030,1,11.512562824909299,11.512562824909299,100.0
3030,2,44.48278274637441,44.48278274637441,100.0
3040,0,22.508366072178003,22.508366072178003,100.0
3040,1,53.14117079520824,53.14117079520824,100.0
3040,2,24.350463132613758,24.350463132613758,100.0
3050,0,15.969557907444317,15.969557907444317,100.0
3050,1,41.11557652444257,41.11557652444257,100.0
3050,2,42.914865568113115,42.914865568113115,100.0
3060,0,18.917743789984844,18.917743789984844,100.0
3060,1,42.615701734957355,42.615701734957355,100.0
3060,2,38.466554475057805,38.466554475057805,100.0
3070,0,26.853053678992577,26.853053678992577,100.0
3070,1,51.87147268304467,51.87147268304467,100.0
3070,2,21.275473637962747,21.275473637962747,100.0
3080,0,30.1127518339663,30.1127518339663,100.0
3080,1,43.522419652875236,43.522419652875236,100.0
3080,2,26.364828513158468,26.364828513158468,100.0
3090,0,27.33425578411869,27.33425578411869,100.0
3090,1,24.14847462315222,24.14847462315222,100.0
3090,2,48.517269592729086,48.517269592729086,100.0
3100,0,20.95340685182116,20.95340685182116,100.0
3100,1,30.536285970560893,30.536285970560893,100.0
3100,2,48.510307177617946,48.510307177617946,100.0
3110,0,17.423407898432274,17.423407898432274,100.0
3110,1,29.01332674908642,29.01332674908642,100.0
3110,2,53.5632653524813,53.5632653524813,100.0
3120,0,15.738569231333782,15.738569231333782,100.0
3120,1,42.39469976408725,42.39469976408725,100.0
3120,2,41.86673100457897,41.86673100457897,100.0
3130,0,35.04366674258212,35.04366674258212,100.0
3130,1,36.62422955981141,36.62422955981141,100.0
3130,2,28.332103697606463,28.332103697606463,100.0
3140,0,18.50073643555725,18.50073643555725,100.0
3140,1,42.5700197883548,42.5700197883548,100.0
3140,2,38.929243776087944,38.929243776087944,100.0
3150,0,32.29396860421112,32.29396860421112,100.0
3150,1,15.620309020546404,15.620309020546404,100.0
3150,2,52.08572237524247,52.08572237524247,100.0
3160,0,10.357266337683175,10.357266337683175,100.0
3160,1,28.772199435248442,28.772199435248442,100.0
3160,2,60.87053422706838,60.87053422706838,100.0
3170,0,17.60949706483827,17.60949706483827,100.0
3170,1,70.45438530999243,70.45438530999243,100.0
3170,2,11.936117625169302,11.936117625169302,100.0
3180,0,15.768242521004566,15.768242521004566,100.0
3180,1,65.72749893490001,65.72749893490001,100.0
3180,2,18.504258544095425,18.504258544095425,100.0
3190,0,11.852667910603628,11.852667910603628,100.0
3190,1,71.46624264519733,71.46624264519733,100.0
3190,2,16.68108944419904,16.68108944419904,100.0
3200,0,47.87272743935664,47.87272743935664,100.0
3200,1,26.90883465224619,26.90883465224619,100.0
3200,2,25.218437908397185,25.218437908397185,100.0
3210,0,22.567207675461553,22.567207675461553,100.0
3210,1,32.28526150116533,32.28526150116533,100.0
3210,2,45.147530823373124,45.147530823373124,100.0
3220,0,18.657703311573982,18.657703311573982,100.0
3220,1,69.36514092240279,69.36514092240279,100.0
3220,2,11.977155766023229,11.977155766023229,100.0
3230,0,65.31217387419898,65.31217387419898,100.0
3230,1,17.094508624030404,17.094508624030404,100.0
3230,2,17.59331750177062,17.59331750177062,100.0
3240,0,19.76157734169392,19.76157734169392,100.0
3240,1,25.670921782418134,25.670921782418134,100.0
3240,2,54.567500875887944,54.567500875887944,100.0
3250,0,58.57483172668727,58.57483172668727,100.0
3250,1,14.783954296024081,14.783954296024081,100.0
3250,2,26.64121397728864,26.64121397728864,100.0
3260,0,17.097301153348624,17.097301153348624,100.0
3260,1,48.365279884108986,48.365279884108986,100.0
3260,2,34.53741896254239,34.53741896254239,100.0
3270,0,47.112171958817655,47.112171958817655,100.0
3270,1,27.70296601314503,27.70296601314503,100.0
3270,2,25.184862028037326,25.184862028037326,100.0
3280,0,36.39504077394742,36.39504077394742,100.0
3280,1,27.622220866318237,27.622220866318237,100.0
3280,2,35.98273835973435,35.98273835973435,100.0
3290,0,40.09488353182184,40.09488353182184,100.0
3290,1,41.77241881001954,41.77241881001954,100.0
3290,2,18.13269765815862,18.13269765815862,100.0
3300,0,41.72845650579188,41.72845650579188,100.0
3300,1,43.39374237013559,43.39374237013559,100.0
3300,2,14.877801124072523,14.877801124072523,100.0
3310,0,43.19633486949744,43.19633486949744,100.0
3310,1,31.114032111353545,31.114032111353545,100.0
3310,2,25.68963301914901,25.68963301914901,100.0
3320,0,26.23861956613186,26.23861956613186,100.0
3320,1,53.69932173969374,53.69932173969374,100.0
3320,2,20.062058694174404,20.062058694174404,100.0
3330,0,26.510503719896267,26.510503719896267,100.0
3330,1,34.22838550525827,34.22838550525827,100.0
3330,2,39.261110774845456,39.261110774845456,100.0
3340,0,70.24336316503168,70.24336316503168,100.0
3340,1,14.500367002034828,14.500367002034828,100.0
3340,2,15.256269832933505,15.256269832933505,100.0
3350,0,66.4518668810761,66.4518668810761,100.0
3350,1,15.300556028295647,15.300556028295647,100.0
3350,2,18.247577090628248,18.247577090628248,100.0
3360,0,21.169397828769192,21.169397828769192,100.0
3360,1,34.98592065502444,34.98592065502444,100.0
3360,2,43.84468151620637,43.84468151620637,100.0
3370,0,45.01792098239051,45.01792098239051,100.0
3370,1,27.36591613317778,27.36591613317778,100.0
3370,2,27.61616288443171,27.61616288443171,100.0
3380,0,31.309339386118822,31.309339386118822,100.0
3380,1,43.28532954152413,43.28532954152413,100.0
3380,2,25.405331072357058,25.405331072357058,100.0
3390,0,20.630419785543065,20.630419785543065,100.0
3390,1,33.461824768037744,33.461824768037744,100.0
3390,2,45.907755446419195,45.907755446419195,100.0
3400,0,27.34247771021529,27.34247771021529,100.0
3400,1,37.10744575613951,37.10744575613951,100.0
3400,2,35.55007653364521,35.55007653364521,100.0
3410,0,51.58441435397314,51.58441435397314,100.0
3410,1,33.00202507130709,33.00202507130709,100.0
3410,2,15.413560574719773,15.413560574719773,100.0
3420,0,45.99156664242211,45.99156664242211,100.0
3420,1,35.36788625604282,35.36788625604282,100.0
3420,2,18.64054710153507,18.64054710153507,100.0
3430,0,12.378135723256358,12.378135723256358,100.0
3430,1,24.935353618255927,24.935353618255927,100.0
3430,2,62.68651065848771,62.68651065848771,100.0
3440,0,30.869704823438827,30.869704823438827,100.0
3440,1,36.11601585915285,36.11601585915285,100.0
3440,2,33.01427931740834,33.01427931740834,100.0
3450,0,11.439087493683806,11.439087493683806,100.0
3450,1,37.72544484980865,37.72544484980865,100.0
3450,2,50.83546765650755,50.83546765650755,100.0
3460,0,20.735848368548687,20.735848368548687,100.0
3460,1,15.496894933806562,15.496894933806562,100.0
3460,2,63.76725669764476,63.76725669764476,100.0
3470,0,13.335982863459359,13.335982863459359,100.0
3470,1,34.690405449013284,34.690405449013284,100.0
3470,2,51.97361168752735,51.97361168752735,100.0
3480,0,15.52017139070043,15.52017139070043,100.0
3480,1,57.45219130358865,57.45219130358865,100.0
3480,2,27.02763730571093,27.02763730571093,100.0
3490,0,40.35930251973441,40.35930251973441,100.0
3490,1,48.192561386371544,48.192561386371544,100.0
3490,2,11.44813609389405,11.44813609389405,100.0
3500,0,19.040985585976145,19.040985585976145,100.0
3500,1,52.90988552019434,52.90988552019434,100.0
3500,2,28.04912889382952,28.04912889382952,100.0
3510,0,45.34769387896388,45.34769387896388,100.0
3510,1,45.55257002222555,45.55257002222555,100.0
3510,2,9.099736098810563,9.099736098810563,100.0
3520,0,46.988033172789684,46.988033172789684,100.0
3520,1,21.31634998574274,21.31634998574274,100.0
3520,2,31.695616841467572,31.695616841467572,100.0
3530,0,14.893376907619391,14.893376907619391,100.0
3530,1,64.09578456227007,64.09578456227007,100.0
3530,2,21.010838530110533,21.010838530110533,100.0
3540,0,17.41397483972592,17.41397483972592,100.0
3540,1,17.130310744588282,17.130310744588282,100.0
3540,2,65.45571441568579,65.45571441568579,100.0
3550,0,23.37803269486891,23.37803269486891,100.0
3550,1,59.48893837909629,59.48893837909629,100.0
3550,2,17.133028926034797,17.133028926034797,100.0
3560,0,26.267880936696052,26.267880936696052,100.0
3560,1,50.095123401215915,50.095123401215915,100.0
3560,2,23.636995662088044,23.636995662088044,100.0
3570,0,47.20513607453763,47.20513607453763,100.0
3570,1,40.790453708446925,40.790453708446925,100.0
3570,2,12.004410217015455,12.004410217015455,100.0
3580,0,10.081759295988292,10.081759295988292,100.0
3580,1,58.44614680887634,58.44614680887634,100.0
3580,2,31.472093895135362,31.472093895135362,100.0
3590,0,34.15788456958732,34.15788456958732,100.0
3590,1,33.5169234112283,33.5169234112283,100.0
3590,2,32.32519201918439,32.32519201918439,100.0
3600,0,20.674508702193567,20.674508702193567,100.0
3600,1,32.086893532342344,32.086893532342344,100.0
3600,2,47.2385977654641,47.2385977654641,100.0
3610,0,7.492394553198253,7.492394553198253,100.0
3610,1,44.141213642845486,44.141213642845486,100.0
3610,2,48.36639180395626,48.36639180395626,100.0
3620,0,15.099701356309428,15.099701356309428,100.0
3620,1,67.57730288848043,67.57730288848043,100.0
3620,2,17.322995755210137,17.322995755210137,100.0
3630,0,12.417576742384288,12.417576742384288,100.0
3630,1,44.49860514047483,44.49860514047483,100.0
3630,2,43.0838181171409,43.0838181171409,100.0
3640,0,28.793708870479495,28.793708870479495,100.0
3640,1,38.90368247960378,38.90368247960378,100.0
3640,2,32.30260864991672,32.30260864991672,100.0
3650,0,28.054097009312294,28.054097009312294,100.0
3650,1,58.96934293942824,58.96934293942824,100.0
3650,2,12.976560051259472,12.976560051259472,100.0
3660,0,47.94432632766619,47.94432632766619,100.0
3660,1,22.200255960747466,22.200255960747466,100.0
3660,2,29.85541771158635,29.85541771158635,100.0
3670,0,18.904351648477615,18.904351648477615,100.0
3670,1,52.38504478232665,52.38504478232665,100.0
3670,2,28.71060356919574,28.71060356919574,100.0
3680,0,38.58244308883101,38.58244308883101,100.0
3680,1,14.673497182879162,14.673497182879162,100.0
3680,2,46.74405972828983,46.74405972828983,100.0
3690,0,42.496066832544486,42.496066832544486,100.0
3690,1,33.87937153248538,33.87937153248538,100.0
3690,2,23.624561634970142,23.624561634970142,100.0
3700,0,20.075782136376393,20.075782136376393,100.0
3700,1,63.214671765632644,63.214671765632644,100.0
3700,2,16.70954609799097,16.70954609799097,100.0
3710,0,51.74948020787862,51.74948020787862,100.0
3710,1,22.837067346783964,22.837067346783964,100.0
3710,2,25.41345244533743,25.41345244533743,100.0
3720,0,38.19501196446308,38.19501196446308,100.0
3720,1,33.66740479355717,33.66740479355717,100.0
3720,2,28.13758324197976,28.13758324197976,100.0
3730,0,27.271593432527318,27.271593432527318,100.0
3730,1,11.942861232220459,11.942861232220459,100.0
3730,2,60.78554533525222,60.78554533525222,100.0
3740,0,14.33477956410863,14.33477956410863,100.0
3740,1,46.32810982483136,46.32810982483136,100.0
3740,2,39.33711061106002,39.33711061106002,100.0
3750,0,22.450432273467968,22.450432273467968,100.0
3750,1,35.46959660546755,35.46959660546755,100.0
3750,2,42.07997112106448,42.07997112106448,100.0
3760,0,30.971687627178486,30.971687627178486,100.0
3760,1,35.970330545784975,35.970330545784975,100.0
3760,2,33.05798182703654,33.05798182703654,100.0
3770,0,21.692323651196155,21.692323651196155,100.0
3770,1,37.3267192429971,37.3267192429971,100.0
3770,2,40.980957105806745,40.980957105806745,100.0
3780,0,32.70302519883228,32.70302519883228,100.0
3780,1,9.609337459350373,9.609337459350373,100.0
3780,2,57.68763734181736,57.68763734181736,100.0
3790,0,32.693871376000466,32.693871376000466,100.0
3790,1,46.20388646353107,46.20388646353107,100.0
3790,2,21.102242160468464,21.102242160468464,100.0
3800,0,34.368109670850565,34.368109670850565,100.0
3800,1,35.56562098380383,35.56562098380383,100.0
3800,2,30.066269345345614,30.066269345345614,100.0
3810,0,12.214065349568735,12.214065349568735,100.0
3810,1,50.59280245561894,50.59280245561894,100.0
3810,2,37.193132194812335,37.193132194812335,100.0
3820,0,37.524903910389455,37.524903910389455,100.0
3820,1,23.505947933005476,23.505947933005476,100.0
3820,2,38.96914815660508,38.96914815660508,100.0
3830,0,42.44287855689224,42.44287855689224,100.0
3830,1,16.69407494767576,16.69407494767576,100.0
3830,2,40.863046495432016,40.863046495432016,100.0
3840,0,21.965726817209756,21.965726817209756,100.0
3840,1,63.08096502509426,63.08096502509426,100.0
3840,2,14.953308157695977,14.953308157695977,100.0
3850,0,12.934977486372057,12.934977486372057,100.0
3850,1,46.566742442933815,46.566742442933815,100.0
3850,2,40.49828007069413,40.49828007069413,100.0
3860,0,23.362847441413173,23.362847441413173,100.0
3860,1,34.576386066569725,34.576386066569725,100.0
3860,2,42.060766492017095,42.060766492017095,100.0
3870,0,11.17218641493858,11.17218641493858,100.0
3870,1,61.34012140134896,61.34012140134896,100.0
3870,2,27.487692183712458,27.487692183712458,100.0
3880,0,29.943764389970212,29.943764389970212,100.0
3880,1,34.75632061223992,34.75632061223992,100.0
3880,2,35.29991499778988,35.29991499778988,100.0
3890,0,36.55343964889956,36.55343964889956,100.0
3890,1,43.83637778711955,43.83637778711955,100.0
3890,2,19.6101825639809,19.6101825639809,100.0
3900,0,24.814828991014483,24.814828991014483,100.0
3900,1,44.899542884026374,44.899542884026374,100.0
3900,2,30.285628124959146,30.285628124959146,100.0
3910,0,55.029715884443405,55.029715884443405,100.0
3910,1,15.002568760552283,15.002568760552283,100.0
3910,2,29.967715355004305,29.967715355004305,100.0
3920,0,11.314521808728587,11.314521808728587,100.0
3920,1,34.63979929307069,34.63979929307069,100.0
3920,2,54.045678898200734,54.045678898200734,100.0
3930,0,29.001383549911935,29.001383549911935,100.0
3930,1,21.208875788788536,21.208875788788536,100.0
3930,2,49.789740661299525,49.789740661299525,100.0
3940,0,17.771477016867752,17.771477016867752,100.0
3940,1,21.058922618718196,21.058922618718196,100.0
3940,2,61.16960036441406,61.16960036441406,100.0
3950,0,29.723307021472394,29.723307021472394,100.0
3950,1,26.879393261253792,26.879393261253792,100.0
3950,2,43.39729971727382,43.39729971727382,100.0
3960,0,37.098483945793575,37.098483945793575,100.0
3960,1,40.94772438119763,40.94772438119763,100.0
3960,2,21.953791673008784,21.953791673008784,100.0
3970,0,62.45468603764315,62.45468603764315,100.0
3970,1,23.461392143312793,23.461392143312793,100.0
3970,2,14.08392181904405,14.08392181904405,100.0
3980,0,26.540052651794927,26.540052651794927,100.0
3980,1,28.39466332733251,28.39466332733251,100.0
3980,2,45.06528402087257,45.06528402087257,100.0
3990,0,30.71471614680484,30.71471614680484,100.0
3990,1,30.114828836624298,30.114828836624298,100.0
3990,2,39.17045501657088,39.17045501657088,100.0
4000,0,64.05106229308048,64.05106229308048,100.0
4000,1,24.470920830081056,24.470920830081056,100.0
4000,2,11.478016876838462,11.478016876838462,100.0
4010,0,16.368721578139482,16.368721578139482,100.0
4010,1,41.375340752358056,41.375340752358056,100.0
4010,2,42.25593766950247,42.25593766950247,100.0
4020,0,14.501210551887421,14.501210551887421,100.0
4020,1,22.03775815124351,22.03775815124351,100.0
4020,2,63.461031296869066,63.461031296869066,100.0
4030,0,23.22144331788855,23.22144331788855,100.0
4030,1,49.094812940208314,49.094812940208314,100.0
4030,2,27.68374374190314,27.68374374190314,100.0
4040,0,19.16663564138212,19.16663564138212,100.0
4040,1,67.62757052553516,67.62757052553516,100.0
4040,2,13.205793833082721,13.205793833082721,100.0
4050,0,41.983819208684636,41.983819208684636,100.0
4050,1,48.359722106721755,48.359722106721755,100.0
4050,2,9.65645868459362,9.65645868459362,100.0
4060,0,35.86909090932474,35.86909090932474,100.0
4060,1,26.609922022464684,26.609922022464684,100.0
4060,2,37.52098706821059,37.52098706821059,100.0
4070,0,24.549471514705594,24.549471514705594,100.0
4070,1,40.61589091773744,40.61589091773744,100.0
4070,2,34.83463756755697,34.83463756755697,100.0
4080,0,11.18591049900424,11.18591049900424,100.0
4080,1,24.854338635406492,24.854338635406492,100.0
4080,2,63.95975086558927,63.95975086558927,100.0
4090,0,63.010523221589274,63.010523221589274,100.0
4090,1,24.198338256039094,24.198338256039094,100.0
4090,2,12.791138522371634,12.791138522371634,100.0
4100,0,21.207990053088167,21.207990053088167,100.0
4100,1,27.41819582843244,27.41819582843244,100.0
4100,2,51.37381411847939,51.37381411847939,100.0
4110,0,50.59091310787812,50.59091310787812,100.0
4110,1,38.96470195033203,38.96470195033203,100.0
4110,2,10.444384941789853,10.444384941789853,100.0
4120,0,24.59484278174591,24.59484278174591,100.0
4120,1,37.27043473541215,37.27043473541215,100.0
4120,2,38.134722482841944,38.134722482841944,100.0
4130,0,53.381788144524876,53.381788144524876,100.0
4130,1,36.196644391091176,36.196644391091176,100.0
4130,2,10.421567464383957,10.421567464383957,100.0
4140,0,21.11526317382709,21.11526317382709,100.0
4140,1,41.039013622689026,41.039013622689026,100.0
4140,2,37.84572320348389,37.84572320348389,100.0
4150,0,35.77520337972105,35.77520337972105,100.0
4150,1,35.06968423843156,35.06968423843156,100.0
4150,2,29.155112381847392,29.155112381847392,100.0
4160,0,40.346086004076845,40.346086004076845,100.0
4160,1,29.027241608096972,29.027241608096972,100.0
4160,2,30.626672387826186,30.626672387826186,100.0
4170,0,44.529508085036575,44.529508085036575,100.0
4170,1,18.159039192065617,18.159039192065617,100.0
4170,2,37.311452722897805,37.311452722897805,100.0
4180,0,31.398807330381405,31.398807330381405,100.0
4180,1,24.400658869440853,24.400658869440853,100.0
4180,2,44.20053380017775,44.20053380017775,100.0
4190,0,24.55245762744391,24.55245762744391,100.0
4190,1,41.26714900788264,41.26714900788264,100.0
4190,2,34.18039336467346,34.18039336467346,100.0
4200,0,39.95600136822472,39.95600136822472,100.0
4200,1,48.44832404967152,48.44832404967152,100.0
4200,2,11.595674582103763,11.595674582103763,100.0
4210,0,10.660541182130611,10.660541182130611,100.0
4210,1,32.58088825976028,32.58088825976028,100.0
4210,2,56.7585705581091,56.7585705581091,100.0
4220,0,13.631830414741458,13.631830414741458,100.0
4220,1,36.54151625481732,36.54151625481732,100.0
4220,2,49.826653330441225,49.826653330441225,100.0
4230,0,49.392284866932535,49.392284866932535,100.0
4230,1,15.072498237096365,15.072498237096365,100.0
4230,2,35.535216895971104,35.535216895971104,100.0
4240,0,29.808274214607334,29.808274214607334,100.0
4240,1,16.31627809722059,16.31627809722059,100.0
4240,2,53.87544768817209,53.87544768817209,100.0
4250,0,24.037752704755675,24.037752704755675,100.0
4250,1,37.794409728809505,37.794409728809505,100.0
4250,2,38.16783756643482,38.16783756643482,100.0
4260,0,43.821632091704295,43.821632091704295,100.0
4260,1,23.66749194816572,23.66749194816572,100.0
4260,2,32.51087596012999,32.51087596012999,100.0
4270,0,18.013202227114835,18.013202227114835,100.0
4270,1,58.82328228527107,58.82328228527107,100.0
4270,2,23.163515487614102,23.163515487614102,100.0
4280,0,30.94965913347414,30.94965913347414,100.0
4280,1,56.955444819763244,56.955444819763244,100.0
4280,2,12.094896046762623,12.094896046762623,100.0
4290,0,41.769468649410214,41.769468649410214,100.0
4290,1,22.344728912160903,22.344728912160903,100.0
4290,2,35.8858024384289,35.8858024384289,100.0
4300,0,41.52043382384756,41.52043382384756,100.0
4300,1,42.3164755039914,42.3164755039914,100.0
4300,2,16.163090672161033,16.163090672161033,100.0
4310,0,17.178613957026364,17.178613957026364,100.0
4310,1,57.20942629755806,57.20942629755806,100.0
4310,2,25.611959745415575,25.611959745415575,100.0
4320,0,24.444699641843044,24.444699641843044,100.0
4320,1,37.503706650645086,37.503706650645086,100.0
4320,2,38.05159370751187,38.05159370751187,100.0
4330,0,15.548091437533355,15.548091437533355,100.0
4330,1,69.65522640515081,69.65522640515081,100.0
4330,2,14.796682157315837,14.796682157315837,100.0
4340,0,38.72952004794761,38.72952004794761,100.0
4340,1,42.19469425333045,42.19469425333045,100.0
4340,2,19.075785698721955,19.075785698721955,100.0
4350,0,39.999516380429206,39.999516380429206,100.0
4350,1,30.461621518818767,30.461621518818767,100.0
4350,2,29.538862100752024,29.538862100752024,100.0
4360,0,8.49747637542476,8.49747637542476,100.0
4360,1,55.728775688869405,55.728775688869405,100.0
4360,2,35.773747935705835,35.773747935705835,100.0
4370,0,23.941186026536183,23.941186026536183,100.0
4370,1,48.96310122815037,48.96310122815037,100.0
4370,2,27.09571274531344,27.09571274531344,100.0
4380,0,27.14444416180659,27.14444416180659,100.0
4380,1,10.734154602256137,10.734154602256137,100.0
4380,2,62.12140123593728,62.12140123593728,100.0
4390,0,37.59387211605432,37.59387211605432,100.0
4390,1,22.023628920614975,22.023628920614975,100.0
4390,2,40.382498963330704,40.382498963330704,100.0
4400,0,49.543418350441634,49.543418350441634,100.0
4400,1,11.903784069446361,11.903784069446361,100.0
4400,2,38.552797580112,38.552797580112,100.0
4410,0,16.796733006118576,16.796733006118576,100.0
4410,1,34.869253590274255,34.869253590274255,100.0
4410,2,48.33401340360717,48.33401340360717,100.0
4420,0,28.248532527913355,28.248532527913355,100.0
4420,1,57.692632605606384,57.692632605606384,100.0
4420,2,14.058834866480263,14.058834866480263,100.0
4430,0,42.37280133513815,42.37280133513815,100.0
4430,1,20.95163852836345,20.95163852836345,100.0
4430,2,36.67556013649839,36.67556013649839,100.0
4440,0,21.15872682854411,21.15872682854411,100.0
4440,1,15.573230272167669,15.573230272167669,100.0
4440,2,63.268042899288226,63.268042899288226,100.0
4450,0,20.870434217094026,20.870434217094026,100.0
4450,1,20.7951592967393,20.7951592967393,100.0
4450,2,58.33440648616668,58.33440648616668,100.0
4460,0,18.345579325341845,18.345579325341845,100.0
4460,1,52.61303559842351,52.61303559842351,100.0
4460,2,29.041385076234643,29.041385076234643,100.0
4470,0,52.31429017497118,52.31429017497118,100.0
4470,1,24.937124983444033,24.937124983444033,100.0
4470,2,22.748584841584783,22.748584841584783,100.0
4480,0,14.663390037607222,14.663390037607222,100.0
4480,1,45.2859533089225,45.2859533089225,100.0
4480,2,40.05065665347027,40.05065665347027,100.0
4490,0,45.67114808434208,45.67114808434208,100.0
4490,1,26.263485612840242,26.263485612840242,100.0
4490,2,28.065366302817697,28.065366302817697,100.0
4500,0,33.51967466777453,33.51967466777453,100.0
4500,1,52.38040425027685,52.38040425027685,100.0
4500,2,14.099921081948619,14.099921081948619,100.0
4510,0,22.130247460705295,22.130247460705295,100.0
4510,1,50.40806562961054,50.40806562961054,100.0
4510,2,27.461686909684175,27.461686909684175,100.0
4520,0,26.484909531328775,26.484909531328775,100.0
4520,1,37.68863782199638,37.68863782199638,100.0
4520,2,35.826452646674845,35.826452646674845,100.0
4530,0,33.7941020726453,33.7941020726453,100.0
4530,1,39.047057997457365,39.047057997457365,100.0
4530,2,27.158839929897326,27.158839929897326,100.0
4540,0,47.36000426348752,47.36000426348752,100.0
4540,1,30.720549719874008,30.720549719874008,100.0
4540,2,21.919446016638478,21.919446016638478,100.0
4550,0,23.764206997253744,23.764206997253744,100.0
4550,1,39.76442271096814,39.76442271096814,100.0
4550,2,36.47137029177812,36.47137029177812,100.0
4560,0,36.49132491456369,36.49132491456369,100.0
4560,1,32.040585484712416,32.040585484712416,100.0
4560,2,31.468089600723893,31.468089600723893,100.0
4570,0,17.933123291917543,17.933123291917543,100.0
4570,1,49.322643029057886,49.322643029057886,100.0
4570,2,32.744233679024575,32.744233679024575,100.0
4580,0,19.46885104232594,19.46885104232594,100.0
4580,1,10.34840628539399,10.34840628539399,100.0
4580,2,70.18274267228006,70.18274267228006,100.0
4590,0,35.686042197604614,35.686042197604614,100.0
4590,1,29.85144510394881,29.85144510394881,100.0
4590,2,34.46251269844658,34.46251269844658,100.0
4600,0,41.32447143397656,41.32447143397656,100.0
4600,1,19.95208822733322,19.95208822733322,100.0
4600,2,38.723440338690224,38.723440338690224,100.0
4610,0,42.054267743818144,42.054267743818144,100.0
4610,1,43.82082314716699,43.82082314716699,100.0
4610,2,14.124909109014874,14.124909109014874,100.0
4620,0,30.56022764645091,30.56022764645091,100.0
4620,1,19.50507190425595,19.50507190425595,100.0
4620,2,49.934700449293146,49.934700449293146,100.0
4630,0,33.184519430075916,33.184519430075916,100.0
4630,1,32.34035016684687,32.34035016684687,100.0
4630,2,34.475130403077216,34.475130403077216,100.0
4640,0,29.74094581907709,29.74094581907709,100.0
4640,1,34.741492962126465,34.741492962126465,100.0
4640,2,35.51756121879645,35.51756121879645,100.0
4650,0,26.129369856321027,26.129369856321027,100.0
4650,1,60.282543603323504,60.282543603323504,100.0
4650,2,13.588086540355466,13.588086540355466,100.0
4660,0,48.125809604271886,48.125809604271886,100.0
4660,1,23.615476839799854,23.615476839799854,100.0
4660,2,28.258713555928267,28.258713555928267,100.0
4670,0,11.50268309386949,11.50268309386949,100.0
4670,1,44.569806850640354,44.569806850640354,100.0
4670,2,43.92751005549016,43.92751005549016,100.0
4680,0,14.523618118771575,14.523618118771575,100.0
4680,1,62.19620602043398,62.19620602043398,100.0
4680,2,23.28017586079444,23.28017586079444,100.0
4690,0,34.32517869516865,34.32517869516865,100.0
4690,1,45.06928994948441,45.06928994948441,100.0
4690,2,20.605531355346944,20.605531355346944,100.0
4700,0,21.03526675641685,21.03526675641685,100.0
4700,1,15.908902798994859,15.908902798994859,100.0
4700,2,63.0558304445883,63.0558304445883,100.0
4710,0,54.993263943628655,54.993263943628655,100.0
4710,1,9.206841908323241,9.206841908323241,100.0
4710,2,35.799894148048104,35.799894148048104,100.0
4720,0,18.058824066607563,18.058824066607563,100.0
4720,1,45.40616163968216,45.40616163968216,100.0
4720,2,36.53501429371029,36.53501429371029,100.0
4730,0,14.968970366382559,14.968970366382559,100.0
4730,1,42.35397924420802,42.35397924420802,100.0
4730,2,42.677050389409416,42.677050389409416,100.0
4740,0,22.163953777015045,22.163953777015045,100.0
4740,1,47.91135478210153,47.91135478210153,100.0
4740,2,29.92469144088342,29.92469144088342,100.0
4750,0,44.23613925219781,44.23613925219781,100.0
4750,1,7.772407109338186,7.772407109338186,100.0
4750,2,47.99145363846401,47.99145363846401,100.0
4760,0,23.085054770692388,23.085054770692388,100.0
4760,1,30.6785995367565,30.6785995367565,100.0
4760,2,46.236345692551126,46.236345692551126,100.0
4770,0,42.140752731256306,42.140752731256306,100.0
4770,1,15.691236473379858,15.691236473379858,100.0
4770,2,42.16801079536383,42.16801079536383,100.0
4780,0,62.65027706896482,62.65027706896482,100.0
4780,1,15.972618595062551,15.972618595062551,100.0
4780,2,21.377104335972636,21.377104335972636,100.0
4790,0,35.12306231505453,35.12306231505453,100.0
4790,1,38.32626847857166,38.32626847857166,100.0
4790,2,26.55066920637382,26.55066920637382,100.0
4800,0,43.20549122954619,43.20549122954619,100.0
4800,1,17.714415043313238,17.714415043313238,100.0
4800,2,39.08009372714057,39.08009372714057,100.0
4810,0,59.40358559431195,59.40358559431195,100.0
4810,1,16.89101892956947,16.89101892956947,100.0
4810,2,23.70539547611858,23.70539547611858,100.0
4820,0,12.64634497842589,12.64634497842589,100.0
4820,1,57.73953145729314,57.73953145729314,100.0
4820,2,29.61412356428097,29.61412356428097,100.0
4830,0,30.01540296494001,30.01540296494001,100.0
4830,1,26.7816371340447,26.7816371340447,100.0
4830,2,43.202959901015284,43.202959901015284,100.0
4840,0,14.146271449467793,14.146271449467793,100.0
4840,1,61.577015791243426,61.577015791243426,100.0
4840,2,24.276712759288785,24.276712759288785,100.0
4850,0,22.359240780443788,22.359240780443788,100.0
4850,1,21.92423860353867,21.92423860353867,100.0
4850,2,55.71652061601755,55.71652061601755,100.0
4860,0,56.73185461565856,56.73185461565856,100.0
4860,1,12.323244165483183,12.323244165483183,100.0
4860,2,30.944901218858263,30.944901218858263,100.0
4870,0,17.13098546553014,17.13098546553014,100.0
4870,1,26.97494668917831,26.97494668917831,100.0
4870,2,55.89406784529155,55.89406784529155,100.0
4880,0,49.70651374842063,49.70651374842063,100.0
4880,1,25.54030980006229,25.54030980006229,100.0
4880,2,24.753176451517085,24.753176451517085,100.0
4890,0,14.604984893399632,14.604984893399632,100.0
4890,1,31.408800106052652,31.408800106052652,100.0
4890,2,53.98621500054771,53.98621500054771,100.0
4900,0,22.758059850387404,22.758059850387404,100.0
4900,1,26.283711583493602,26.283711583493602,100.0
4900,2,50.958228566119004,50.958228566119004,100.0
4910,0,29.93640555182644,29.93640555182644,100.0
4910,1,38.13111202294555,38.13111202294555,100.0
4910,2,31.932482425228017,31.932482425228017,100.0
4920,0,36.12039427523826,36.12039427523826,100.0
4920,1,31.096630960699397,31.096630960699397,100.0
4920,2,32.782974764062345,32.782974764062345,100.0
4930,0,20.971965312003732,20.971965312003732,100.0
4930,1,17.170287616680092,17.170287616680092,100.0
4930,2,61.85774707131618,61.85774707131618,100.0
4940,0,58.08487301520528,58.08487301520528,100.0
4940,1,15.926080507567592,15.926080507567592,100.0
4940,2,25.989046477227134,25.989046477227134,100.0
4950,0,13.942300798945553,13.942300798945553,100.0
4950,1,39.458391445713374,39.458391445713374,100.0
4950,2,46.59930775534108,46.59930775534108,100.0
4960,0,52.05565897574063,52.05565897574063,100.0
4960,1,13.271519815822463,13.271519815822463,100.0
4960,2,34.67282120843691,34.67282120843691,100.0
4970,0,10.52070104809376,10.52070104809376,100.0
4970,1,64.80497366874629,64.80497366874629,100.0
4970,2,24.674325283159952,24.674325283159952,100.0
4980,0,23.808495251586194,23.808495251586194,100.0
4980,1,36.449365640548635,36.449365640548635,100.0
4980,2,39.74213910786518,39.74213910786518,100.0
4990,0,26.41898021658513,26.41898021658513,100.0
4990,1,47.57945485466726,47.57945485466726,100.0
4990,2,26.001564928747616,26.001564928747616,100.0
5000,0,37.75642111166032,37.75642111166032,100.0
5000,1,53.38603218110441,53.38603218110441,100.0
5000,2,8.857546707235276,8.857546707235276,100.0
5010,0,55.61034788144501,55.61034788144501,100.0
5010,1,20.857661019569655,20.857661019569655,100.0
5010,2,23.531991098985333,23.531991098985333,100.0
5020,0,20.81051149978554,20.81051149978554,100.0
5020,1,43.258025630887424,43.258025630887424,100.0
5020,2,35.93146286932704,35.93146286932704,100.0
5030,0,9.054254134934487,9.054254134934487,100.0
5030,1,55.767275184257784,55.767275184257784,100.0
5030,2,35.17847068080774,35.17847068080774,100.0
5040,0,14.346096751323548,14.346096751323548,100.0
5040,1,57.568825774886776,57.568825774886776,100.0
5040,2,28.085077473789678,28.085077473789678,100.0
5050,0,12.442060996215679,12.442060996215679,100.0
5050,1,73.07797069593717,73.07797069593717,100.0
5050,2,14.479968307847155,14.479968307847155,100.0
5060,0,20.147176542144347,20.147176542144347,100.0
5060,1,23.203120008732984,23.203120008732984,100.0
5060,2,56.64970344912267,56.64970344912267,100.0
5070,0,22.59361890470808,22.59361890470808,100.0
5070,1,33.04015112018796,33.04015112018796,100.0
5070,2,44.36622997510396,44.36622997510396,100.0
5080,0,18.186372537028074,18.186372537028074,100.0
5080,1,47.81959163993281,47.81959163993281,100.0
5080,2,33.99403582303911,33.99403582303911,100.0
5090,0,17.70236761247116,17.70236761247116,100.0
5090,1,22.150558290631793,22.150558290631793,100.0
5090,2,60.14707409689704,60.14707409689704,100.0
5100,0,33.25428016951073,33.25428016951073,100.0
5100,1,12.19409709651876,12.19409709651876,100.0
5100,2,54.551622733970504,54.551622733970504,100.0
5110,0,21.127712588884805,21.127712588884805,100.0
5110,1,27.62212533649477,27.62212533649477,100.0
5110,2,51.250162074620434,51.250162074620434,100.0
5120,0,22.840864860375323,22.840864860375323,100.0
5120,1,16.542858390589434,16.542858390589434,100.0
5120,2,60.61627674903525,60.61627674903525,100.0
5130,0,12.705083623600277,12.705083623600277,100.0
5130,1,45.43147205428891,45.43147205428891,100.0
5130,2,41.863444322110816,41.863444322110816,100.0
5140,0,16.728305006561296,16.728305006561296,100.0
5140,1,21.790657850327328,21.790657850327328,100.0
5140,2,61.48103714311137,61.48103714311137,100.0
5150,0,16.93264066624303,16.93264066624303,100.0
5150,1,43.93880538751015,43.93880538751015,100.0
5150,2,39.128553946246825,39.128553946246825,100.0
5160,0,14.531762638001172,14.531762638001172,100.0
5160,1,54.849479769986885,54.849479769986885,100.0
5160,2,30.61875759201193,30.61875759201193,100.0
5170,0,67.47717871340613,67.47717871340613,100.0
5170,1,17.03907640966608,17.03907640966608,100.0
5170,2,15.483744876927794,15.483744876927794,100.0
5180,0,12.022586820318896,12.022586820318896,100.0
5180,1,33.48242270839668,33.48242270839668,100.0
5180,2,54.494990471284424,54.494990471284424,100.0
5190,0,43.968007579615666,43.968007579615666,100.0
5190,1,12.25334192841639,12.25334192841639,100.0
5190,2,43.77865049196794,43.77865049196794,100.0
5200,0,37.93588461657087,37.93588461657087,100.0
5200,1,34.17646757326588,34.17646757326588,100.0
5200,2,27.88764781016325,27.88764781016325,100.0
5210,0,58.84166099509201,58.84166099509201,100.0
5210,1,28.60105797408187,28.60105797408187,100.0
5210,2,12.557281030826125,12.557281030826125,100.0
5220,0,34.559431031153224,34.559431031153224,100.0
5220,1,30.42497297594085,30.42497297594085,100.0
5220,2,35.015595992905936,35.015595992905936,100.0
5230,0,42.370851006828474,42.370851006828474,100.0
5230,1,37.66080721059646,37.66080721059646,100.0
5230,2,19.968341782575074,19.968341782575074,100.0
5240,0,27.258079711277627,27.258079711277627,100.0
5240,1,33.70076045062629,33.70076045062629,100.0
5240,2,39.041159838096085,39.041159838096085,100.0
5250,0,11.24453125362637,11.24453125362637,100.0
5250,1,66.91559059843856,66.91559059843856,100.0
5250,2,21.83987814793508,21.83987814793508,100.0
5260,0,44.16061722821313,44.16061722821313,100.0
5260,1,46.72678438823682,46.72678438823682,100.0
5260,2,9.112598383550047,9.112598383550047,100.0
5270,0,10.36869879578329,10.36869879578329,100.0
5270,1,21.245812698082954,21.245812698082954,100.0
5270,2,68.38548850613375,68.38548850613375,100.0
5280,0,35.208380921267874,35.208380921267874,100.0
5280,1,30.859462911422657,30.859462911422657,100.0
5280,2,33.93215616730947,33.93215616730947,100.0
5290,0,27.55950391180794,27.55950391180794,100.0
5290,1,22.22845226642136,22.22845226642136,100.0
5290,2,50.2120438217707,50.2120438217707,100.0
5300,0,37.40324122043886,37.40324122043886,100.0
5300,1,39.296650100460404,39.296650100460404,100.0
5300,2,23.300108679100735,23.300108679100735,100.0
5310,0,35.86455495963362,35.86455495963362,100.0
5310,1,15.867682480263055,15.867682480263055,100.0
5310,2,48.267762560103336,48.267762560103336,100.0
5320,0,39.907634879392376,39.907634879392376,100.0
5320,1,22.092864788873516,22.092864788873516,100.0
5320,2,37.9995003317341,37.9995003317341,100.0
5330,0,26.722892077182365,26.722892077182365,100.0
5330,1,19.751001750529053,19.751001750529053,100.0
5330,2,53.52610617228858,53.52610617228858,100.0
5340,0,16.92958170228012,16.92958170228012,100.0
5340,1,25.279342453596325,25.279342453596325,100.0
5340,2,57.791075844123554,57.791075844123554,100.0
5350,0,25.815454264908343,25.815454264908343,100.0
5350,1,28.07691535900498,28.07691535900498,100.0
5350,2,46.107630376086675,46.107630376086675,100.0
5360,0,18.555232340262435,18.555232340262435,100.0
5360,1,58.32010296794161,58.32010296794161,100.0
5360,2,23.12466469179596,23.12466469179596,100.0
5370,0,21.72056113590948,21.72056113590948,100.0
5370,1,43.49402174360105,43.49402174360105,100.0
5370,2,34.78541712048948,34.78541712048948,100.0
5380,0,21.33843696848709,21.33843696848709,100.0
5380,1,47.96198572472668,47.96198572472668,100.0
5380,2,30.69957730678623,30.69957730678623,100.0
5390,0,41.07539795151884,41.07539795151884,100.0
5390,1,42.07586425060956,42.07586425060956,100.0
5390,2,16.8487377978716,16.8487377978716,100.0
5400,0,37.82345545425183,37.82345545425183,100.0
5400,1,29.510005221994106,29.510005221994106,100.0
5400,2,32.666539323754066,32.666539323754066,100.0
5410,0,40.720767381343144,40.720767381343144,100.0
5410,1,15.634402686426064,15.634402686426064,100.0
5410,2,43.644829932230806,43.644829932230806,100.0
5420,0,55.91717875679362,55.91717875679362,100.0
5420,1,19.353079210849423,19.353079210849423,100.0
5420,2,24.729742032356963,24.729742032356963,100.0
5430,0,27.2891388621285,27.2891388621285,100.0
5430,1,31.74158027714008,31.74158027714008,100.0
5430,2,40.969280860731416,40.969280860731416,100.0
5440,0,10.521533190346103,10.521533190346103,100.0
5440,1,39.662084332788126,39.662084332788126,100.0
5440,2,49.81638247686577,49.81638247686577,100.0
5450,0,18.376076999969854,18.376076999969854,100.0
5450,1,25.810463132753057,25.810463132753057,100.0
5450,2,55.81345986727708,55.81345986727708,100.0
5460,0,55.173866337437204,55.173866337437204,100.0
5460,1,23.56613568033455,23.56613568033455,100.0
5460,2,21.259997982228242,21.259997982228242,100.0
5470,0,16.087447283592187,16.087447283592187,100.0
5470,1,29.794044570274643,29.794044570274643,100.0
5470,2,54.11850814613317,54.11850814613317,100.0
5480,0,20.980822260463576,20.980822260463576,100.0
5480,1,39.420854314193484,39.420854314193484,100.0
5480,2,39.59832342534295,39.59832342534295,100.0
5490,0,63.26181139493077,63.26181139493077,100.0
5490,1,17.187441484436654,17.187441484436654,100.0
5490,2,19.550747120632586,19.550747120632586,100.0
5500,0,24.59652220525692,24.59652220525692,100.0
5500,1,16.923500954035163,16.923500954035163,100.0
5500,2,58.47997684070793,58.47997684070793,100.0
5510,0,39.729438216951806,39.729438216951806,100.0
5510,1,45.647616979007296,45.647616979007296,100.0
5510,2,14.622944804040907,14.622944804040907,100.0
5520,0,14.200756074926476,14.200756074926476,100.0
5520,1,67.34848047467452,67.34848047467452,100.0
5520,2,18.45076345039901,18.45076345039901,100.0
5530,0,15.633773593925996,15.633773593925996,100.0
5530,1,63.5753693535735,63.5753693535735,100.0
5530,2,20.79085705250052,20.79085705250052,100.0
5540,0,45.50122491708999,45.50122491708999,100.0
5540,1,40.75422780596216,40.75422780596216,100.0
5540,2,13.744547276947847,13.744547276947847,100.0
5550,0,37.72460921651353,37.72460921651353,100.0
5550,1,39.89813923388436,39.89813923388436,100.0
5550,2,22.37725154960211,22.37725154960211,100.0
5560,0,58.48860695489321,58.48860695489321,100.0
5560,1,20.821809460997827,20.821809460997827,100.0
5560,2,20.68958358410897,20.68958358410897,100.0
5570,0,14.711496609443515,14.711496609443515,100.0
5570,1,24.11432819199678,24.11432819199678,100.0
5570,2,61.1741751985597,61.1741751985597,100.0
5580,0,34.87003332582752,34.87003332582752,100.0
5580,1,32.50878006481585,32.50878006481585,100.0
5580,2,32.62118660935663,32.62118660935663,100.0
5590,0,47.65247172071048,47.65247172071048,100.0
5590,1,41.845724960555906,41.845724960555906,100.0
5590,2,10.50180331873362,10.50180331873362,100.0
5600,0,15.118119657616244,15.118119657616244,100.0
5600,1,69.38270515556063,69.38270515556063,100.0
5600,2,15.499175186823125,15.499175186823125,100.0
5610,0,22.751293080418602,22.751293080418602,100.0
5610,1,31.765377039574116,31.765377039574116,100.0
5610,2,45.483329880007275,45.483329880007275,100.0
5620,0,14.266607515355947,14.266607515355947,100.0
5620,1,14.828015014826843,14.828015014826843,100.0
5620,2,70.90537746981721,70.90537746981721,100.0
5630,0,34.14010585532253,34.14010585532253,100.0
5630,1,52.55510740354736,52.55510740354736,100.0
5630,2,13.304786741130116,13.304786741130116,100.0
5640,0,40.20484065837071,40.20484065837071,100.0
5640,1,37.334600551622884,37.334600551622884,100.0
5640,2,22.4605587900064,22.4605587900064,100.0
5650,0,34.321563749882294,34.321563749882294,100.0
5650,1,46.58012882512896,46.58012882512896,100.0
5650,2,19.098307424988743,19.098307424988743,100.0
5660,0,23.821127556712028,23.821127556712028,100.0
5660,1,46.977302681319756,46.977302681319756,100.0
5660,2,29.201569761968216,29.201569761968216,100.0
5670,0,39.53541825936846,39.53541825936846,100.0
5670,1,15.484439324909852,15.484439324909852,100.0
5670,2,44.98014241572169,44.98014241572169,100.0
5680,0,39.618911429009366,39.618911429009366,100.0
5680,1,14.541215502434952,14.541215502434952,100.0
5680,2,45.83987306855569,45.83987306855569,100.0
5690,0,31.90938028700136,31.90938028700136,100.0
5690,1,29.042653782927317,29.042653782927317,100.0
5690,2,39.047965930071314,39.047965930071314,100.0
5700,0,29.78165639806002,29.78165639806002,100.0
5700,1,40.78229779382852,40.78229779382852,100.0
5700,2,29.436045808111466,29.436045808111466,100.0
5710,0,50.441019285713416,50.441019285713416,100.0
5710,1,12.915997413962883,12.915997413962883,100.0
5710,2,36.64298330032371,36.64298330032371,100.0
5720,0,17.970891906570323,17.970891906570323,100.0
5720,1,28.392003835025136,28.392003835025136,100.0
5720,2,53.63710425840454,53.63710425840454,100.0
5730,0,27.726273796308387,27.726273796308387,100.0
5730,1,30.940391533387523,30.940391533387523,100.0
5730,2,41.33333467030409,41.33333467030409,100.0
5740,0,22.716351763906818,22.716351763906818,100.0
5740,1,29.819004880866384,29.819004880866384,100.0
5740,2,47.464643355226805,47.464643355226805,100.0
5750,0,39.6030438053768,39.6030438053768,100.0
5750,1,39.15942122836483,39.15942122836483,100.0
5750,2,21.237534966258373,21.237534966258373,100.0
5760,0,31.374528254999312,31.374528254999312,100.0
5760,1,54.932672844545834,54.932672844545834,100.0
5760,2,13.692798900454859,13.692798900454859,100.0
5770,0,11.33851220605438,11.33851220605438,100.0
5770,1,34.94098308250818,34.94098308250818,100.0
5770,2,53.720504711437435,53.720504711437435,100.0
5780,0,12.468661214287785,12.468661214287785,100.0
5780,1,30.64618097760511,30.64618097760511,100.0
5780,2,56.88515780810711,56.88515780810711,100.0
5790,0,20.86157981984859,20.86157981984859,100.0
5790,1,36.49402464488627,36.49402464488627,100.0
5790,2,42.64439553526515,42.64439553526515,100.0
5800,0,36.74981841259479,36.74981841259479,100.0
5800,1,31.043005622590847,31.043005622590847,100.0
5800,2,32.20717596481436,32.20717596481436,100.0
5810,0,39.971874568011,39.971874568011,100.0
5810,1,14.886077870135095,14.886077870135095,100.0
5810,2,45.14204756185389,45.14204756185389,100.0
5820,0,32.17785495889133,32.17785495889133,100.0
5820,1,34.97187836202585,34.97187836202585,100.0
5820,2,32.85026667908282,32.85026667908282,100.0
5830,0,57.84006824474314,57.84006824474314,100.0
5830,1,10.558114279602002,10.558114279602002,100.0
5830,2,31.601817475654858,31.601817475654858,100.0
5840,0,12.448565783088657,12.448565783088657,100.0
5840,1,44.49803942214794,44.49803942214794,100.0
5840,2,43.0533947947634,43.0533947947634,100.0
5850,0,20.368635582906446,20.368635582906446,100.0
5850,1,14.4852160727354,14.4852160727354,100.0
5850,2,65.14614834435815,65.14614834435815,100.0
5860,0,21.94270165896096,21.94270165896096,100.0
5860,1,56.2131369761162,56.2131369761162,100.0
5860,2,21.84416136492283,21.84416136492283,100.0
5870,0,17.928559563177096,17.928559563177096,100.0
5870,1,31.771237220679843,31.771237220679843,100.0
5870,2,50.30020321614306,50.30020321614306,100.0
5880,0,41.59667660519354,41.59667660519354,100.0
5880,1,28.841017525557017,28.841017525557017,100.0
5880,2,29.56230586924945,29.56230586924945,100.0
5890,0,17.963877889516418,17.963877889516418,100.0
5890,1,38.771474648458366,38.771474648458366,100.0
5890,2,43.264647462025216,43.264647462025216,100.0
5900,0,39.79547119011439,39.79547119011439,100.0
5900,1,36.02088320600867,36.02088320600867,100.0
5900,2,24.183645603876943,24.183645603876943,100.0
5910,0,51.06025678261889,51.06025678261889,100.0
5910,1,33.14219049303459,33.14219049303459,100.0
5910,2,15.79755272434651,15.79755272434651,100.0
5920,0,56.16955084948927,56.16955084948927,100.0
5920,1,19.24635214309659,19.24635214309659,100.0
5920,2,24.584097007414147,24.584097007414147,100.0
5930,0,27.272416487434892,27.272416487434892,100.0
5930,1,27.984185814233452,27.984185814233452,100.0
5930,2,44.743397698331655,44.743397698331655,100.0
5940,0,20.27675917470446,20.27675917470446,100.0
5940,1,51.24516133992317,51.24516133992317,100.0
5940,2,28.478079485372376,28.478079485372376,100.0
5950,0,27.301776785488656,27.301776785488656,100.0
5950,1,36.359011775518525,36.359011775518525,100.0
5950,2,36.33921143899282,36.33921143899282,100.0
5960,0,49.833624743096465,49.833624743096465,100.0
5960,1,19.523209053306296,19.523209053306296,100.0
5960,2,30.64316620359723,30.64316620359723,100.0
5970,0,31.581795638096672,31.581795638096672,100.0
5970,1,37.886777483544684,37.886777483544684,100.0
5970,2,30.53142687835865,30.53142687835865,100.0
5980,0,13.25607509082069,13.25607509082069,100.0
5980,1,58.91503573638512,58.91503573638512,100.0
5980,2,27.828889172794185,27.828889172794185,100.0
5990,0,26.695124185365515,26.695124185365515,100.0
5990,1,47.90835544149346,47.90835544149346,100.0
5990,2,25.396520373141023,25.396520373141023,100.0
6000,0,12.52095134300634,12.52095134300634,100.0
6000,1,69.0733873323227,69.0733873323227,100.0
6000,2,18.40566132467096,18.40566132467096,100.0
6010,0,14.851656024397435,14.851656024397435,100.0
6010,1,69.72348431413661,69.72348431413661,100.0
6010,2,15.424859661465945,15.424859661465945,100.0
6020,0,42.645535115449796,42.645535115449796,100.0
6020,1,37.37584334599411,37.37584334599411,100.0
6020,2,19.97862153855609,19.97862153855609,100.0
6030,0,19.581722075335247,19.581722075335247,100.0
6030,1,67.95761243146607,67.95761243146607,100.0
6030,2,12.460665493198682,12.460665493198682,100.0
6040,0,46.76968460767492,46.76968460767492,100.0
6040,1,36.73374480377771,36.73374480377771,100.0
6040,2,16.496570588547364,16.496570588547364,100.0
6050,0,26.45699212047676,26.45699212047676,100.0
6050,1,49.52007652518312,49.52007652518312,100.0
6050,2,24.02293135434013,24.02293135434013,100.0
6060,0,40.03409543564999,40.03409543564999,100.0
6060,1,19.280540550934806,19.280540550934806,100.0
6060,2,40.68536401341519,40.68536401341519,100.0
6070,0,50.1759488400537,50.1759488400537,100.0
6070,1,32.739751105657696,32.739751105657696,100.0
6070,2,17.08430005428862,17.08430005428862,100.0
6080,0,33.515141286255975,33.515141286255975,100.0
6080,1,41.76519454841164,41.76519454841164,100.0
6080,2,24.719664165332368,24.719664165332368,100.0
6090,0,50.07458626429874,50.07458626429874,100.0
6090,1,33.93862864660146,33.93862864660146,100.0
6090,2,15.986785089099802,15.986785089099802,100.0
6100,0,32.05665971795226,32.05665971795226,100.0
6100,1,46.33176949439462,46.33176949439462,100.0
6100,2,21.61157078765312,21.61157078765312,100.0
6110,0,19.898145662119546,19.898145662119546,100.0
6110,1,20.169642233329878,20.169642233329878,100.0
6110,2,59.93221210455059,59.93221210455059,100.0
6120,0,17.66670326098119,17.66670326098119,100.0
6120,1,65.30288045969318,65.30288045969318,100.0
6120,2,17.03041627932562,17.03041627932562,100.0
6130,0,12.03402002505164,12.03402002505164,100.0
6130,1,55.60533667582086,55.60533667582086,100.0
6130,2,32.3606432991275,32.3606432991275,100.0
6140,0,41.93609532122462,41.93609532122462,100.0
6140,1,48.13478955250548,48.13478955250548,100.0
6140,2,9.92911512626991,9.92911512626991,100.0
6150,0,46.50519756944781,46.50519756944781,100.0
6150,1,19.7738972703379,19.7738972703379,100.0
6150,2,33.72090516021429,33.72090516021429,100.0
6160,0,24.298783609061108,24.298783609061108,100.0
6160,1,15.417190781861384,15.417190781861384,100.0
6160,2,60.28402560907752,60.28402560907752,100.0
6170,0,53.37103773804769,53.37103773804769,100.0
6170,1,27.732601348139806,27.732601348139806,100.0
6170,2,18.896360913812504,18.896360913812504,100.0
6180,0,15.392316512776446,15.392316512776446,100.0
6180,1,53.743728391426124,53.743728391426124,100.0
6180,2,30.86395509579744,30.86395509579744,100.0
6190,0,37.98843398339461,37.98843398339461,100.0
6190,1,27.699437853252324,27.699437853252324,100.0
6190,2,34.31212816335308,34.31212816335308,100.0
6200,0,22.237689540673493,22.237689540673493,100.0
6200,1,25.359687065127034,25.359687065127034,100.0
6200,2,52.40262339419948,52.40262339419948,100.0
6210,0,31.132391347532916,31.132391347532916,100.0
6210,1,53.480840218720594,53.480840218720594,100.0
6210,2,15.386768433746479,15.386768433746479,100.0
6220,0,51.15834935899913,51.15834935899913,100.0
6220,1,24.09062438345615,24.09062438345615,100.0
6220,2,24.751026257544716,24.751026257544716,100.0
6230,0,12.196585191201123,12.196585191201123,100.0
6230,1,22.262076565218845,22.262076565218845,100.0
6230,2,65.54133824358003,65.54133824358003,100.0
6240,0,46.220070772752855,46.220070772752855,100.0
6240,1,27.12644422718087,27.12644422718087,100.0
6240,2,26.65348500006629,26.65348500006629,100.0
6250,0,36.38498015563808,36.38498015563808,100.0
6250,1,10.524744447931496,10.524744447931496,100.0
6250,2,53.09027539643042,53.09027539643042,100.0
6260,0,36.1024973302618,36.1024973302618,100.0
6260,1,30.617238049268288,30.617238049268288,100.0
6260,2,33.280264620469914,33.280264620469914,100.0
6270,0,23.23831960333634,23.23831960333634,100.0
6270,1,47.50527399927591,47.50527399927591,100.0
6270,2,29.256406397387764,29.256406397387764,100.0
6280,0,13.227657662137341,13.227657662137341,100.0
6280,1,70.9125257168994,70.9125257168994,100.0
6280,2,15.859816620963274,15.859816620963274,100.0
6290,0,32.53391577225816,32.53391577225816,100.0
6290,1,49.36397198557009,49.36397198557009,100.0
6290,2,18.10211224217175,18.10211224217175,100.0
6300,0,56.03616314279222,56.03616314279222,100.0
6300,1,16.762554482533417,16.762554482533417,100.0
6300,2,27.201282374674363,27.201282374674363,100.0
6310,0,33.57142381226449,33.57142381226449,100.0
6310,1,34.89221686575055,34.89221686575055,100.0
6310,2,31.536359321984957,31.536359321984957,100.0
6320,0,43.26629679426696,43.26629679426696,100.0
6320,1,9.333948431795937,9.333948431795937,100.0
6320,2,47.39975477393711,47.39975477393711,100.0
6330,0,34.267870157366715,34.267870157366715,100.0
6330,1,28.89992692614438,28.89992692614438,100.0
6330,2,36.8322029164889,36.8322029164889,100.0
6340,0,26.93958419331222,26.93958419331222,100.0
6340,1,41.72003963444179,41.72003963444179,100.0
6340,2,31.340376172245982,31.340376172245982,100.0
6350,0,39.332904140123,39.332904140123,100.0
6350,1,34.75394512784972,34.75394512784972,100.0
6350,2,25.91315073202729,25.91315073202729,100.0
6360,0,14.049259662638796,14.049259662638796,100.0
6360,1,45.58005122913272,45.58005122913272,100.0
6360,2,40.37068910822848,40.37068910822848,100.0
6370,0,34.77348255146539,34.77348255146539,100.0
6370,1,55.025160279295584,55.025160279295584,100.0
6370,2,10.201357169239024,10.201357169239024,100.0
6380,0,49.53960807761194,49.53960807761194,100.0
6380,1,11.283010372767546,11.283010372767546,100.0
6380,2,39.17738154962051,39.17738154962051,100.0
6390,0,35.43484801972835,35.43484801972835,100.0
6390,1,20.494877698250555,20.494877698250555,100.0
6390,2,44.070274282021096,44.070274282021096,100.0
6400,0,31.034642248483074,31.034642248483074,100.0
6400,1,26.02814829675687,26.02814829675687,100.0
6400,2,42.93720945476006,42.93720945476006,100.0
6410,0,28.75481161827189,28.75481161827189,100.0
6410,1,53.560446629128336,53.560446629128336,100.0
6410,2,17.68474175259978,17.68474175259978,100.0
6420,0,27.62692558354954,27.62692558354954,100.0
6420,1,54.37557986027315,54.37557986027315,100.0
6420,2,17.997494556177326,17.997494556177326,100.0
6430,0,11.317309846269335,11.317309846269335,100.0
6430,1,29.902801895853244,29.902801895853244,100.0
6430,2,58.779888257877424,58.779888257877424,100.0
6440,0,22.884050597494134,22.884050597494134,100.0
6440,1,34.825291255358984,34.825291255358984,100.0
6440,2,42.29065814714688,42.29065814714688,100.0
6450,0,60.8519186864295,60.8519186864295,100.0
6450,1,27.21205295858712,27.21205295858712,100.0
6450,2,11.936028354983389,11.936028354983389,100.0
6460,0,29.16352951128602,29.16352951128602,100.0
6460,1,26.717325257592904,26.717325257592904,100.0
6460,2,44.119145231121074,44.119145231121074,100.0
6470,0,24.214013339602563,24.214013339602563,100.0
6470,1,50.67275726230609,50.67275726230609,100.0
6470,2,25.113229398091345,25.113229398091345,100.0
6480,0,32.47190748853506,32.47190748853506,100.0
6480,1,26.509162238376327,26.509162238376327,100.0
6480,2,41.01893027308862,41.01893027308862,100.0
6490,0,19.95119285438792,19.95119285438792,100.0
6490,1,64.86984390145213,64.86984390145213,100.0
6490,2,15.178963244159963,15.178963244159963,100.0
6500,0,58.952197705383334,58.952197705383334,100.0
6500,1,19.64043644214976,19.64043644214976,100.0
6500,2,21.40736585246691,21.40736585246691,100.0
6510,0,22.241384942292296,22.241384942292296,100.0
6510,1,41.55366417933912,41.55366417933912,100.0
6510,2,36.204950878368585,36.204950878368585,100.0
6520,0,28.080937978517177,28.080937978517177,100.0
6520,1,60.89347615182845,60.89347615182845,100.0
6520,2,11.025585869654364,11.025585869654364,100.0
6530,0,13.373208845651362,13.373208845651362,100.0
6530,1,20.00766952191647,20.00766952191647,100.0
6530,2,66.61912163243217,66.61912163243217,100.0
6540,0,45.89776951832269,45.89776951832269,100.0
6540,1,33.08625674447685,33.08625674447685,100.0
6540,2,21.015973737200465,21.015973737200465,100.0
6550,0,30.345746662865665,30.345746662865665,100.0
6550,1,21.1607624322608,21.1607624322608,100.0
6550,2,48.49349090487353,48.49349090487353,100.0
6560,0,40.91700078086351,40.91700078086351,100.0
6560,1,48.988307738482625,48.988307738482625,100.0
6560,2,10.094691480653868,10.094691480653868,100.0
6570,0,11.73470109398416,11.73470109398416,100.0
6570,1,35.42225624094728,35.42225624094728,100.0
6570,2,52.843042665068566,52.843042665068566,100.0
6580,0,23.724946254023443,23.724946254023443,100.0
6580,1,18.83752845415212,18.83752845415212,100.0
6580,2,57.43752529182443,57.43752529182443,100.0
6590,0,17.266909764625577,17.266909764625577,100.0
6590,1,14.09772646181399,14.09772646181399,100.0
6590,2,68.63536377356043,68.63536377356043,100.0
6600,0,16.003021667419286,16.003021667419286,100.0
6600,1,43.26049659165951,43.26049659165951,100.0
6600,2,40.736481740921214,40.736481740921214,100.0
6610,0,19.994076906449127,19.994076906449127,100.0
6610,1,46.130985315772506,46.130985315772506,100.0
6610,2,33.87493777777838,33.87493777777838,100.0
6620,0,22.227087376997126,22.227087376997126,100.0
6620,1,44.13227897062184,44.13227897062184,100.0
6620,2,33.64063365238103,33.64063365238103,100.0
6630,0,27.464045896559558,27.464045896559558,100.0
6630,1,43.6716407029886,43.6716407029886,100.0
6630,2,28.864313400451845,28.864313400451845,100.0
6640,0,29.066875467185643,29.066875467185643,100.0
6640,1,50.172401666135436,50.172401666135436,100.0
6640,2,20.76072286667892,20.76072286667892,100.0
6650,0,37.15255735352645,37.15255735352645,100.0
6650,1,52.97252305796418,52.97252305796418,100.0
6650,2,9.874919588509377,9.874919588509377,100.0
6660,0,31.262726069856395,31.262726069856395,100.0
6660,1,32.79120994708304,32.79120994708304,100.0
6660,2,35.94606398306057,35.94606398306057,100.0
6670,0,48.32634920310006,48.32634920310006,100.0
6670,1,29.486480356894273,29.486480356894273,100.0
6670,2,22.18717044000568,22.18717044000568,100.0
6680,0,17.754396896050846,17.754396896050846,100.0
6680,1,36.705844764258714,36.705844764258714,100.0
6680,2,45.53975833969044,45.53975833969044,100.0
6690,0,13.385530885468949,13.385530885468949,100.0
6690,1,53.7794277841593,53.7794277841593,100.0
6690,2,32.83504133037175,32.83504133037175,100.0
6700,0,30.23482956337235,30.23482956337235,100.0
6700,1,36.690870988411454,36.690870988411454,100.0
6700,2,33.074299448216195,33.074299448216195,100.0
6710,0,33.893388290992306,33.893388290992306,100.0
6710,1,40.846225423153165,40.846225423153165,100.0
6710,2,25.260386285854537,25.260386285854537,100.0
6720,0,28.98036038911472,28.98036038911472,100.0
6720,1,27.126597539225493,27.126597539225493,100.0
6720,2,43.893042071659785,43.893042071659785,100.0
6730,0,66.32160317701671,66.32160317701671,100.0
6730,1,16.651437045041313,16.651437045041313,100.0
6730,2,17.026959777941986,17.026959777941986,100.0
6740,0,16.155148317074918,16.155148317074918,100.0
6740,1,53.59901679949617,53.59901679949617,100.0
6740,2,30.245834883428905,30.245834883428905,100.0
6750,0,19.26725845098424,19.26725845098424,100.0
6750,1,61.90184654999613,61.90184654999613,100.0
6750,2,18.83089499901963,18.83089499901963,100.0
6760,0,67.46494004874508,67.46494004874508,100.0
6760,1,18.21801805271888,18.21801805271888,100.0
6760,2,14.317041898536035,14.317041898536035,100.0
6770,0,32.22228137180731,32.22228137180731,100.0
6770,1,23.82998058203416,23.82998058203416,100.0
6770,2,43.94773804615853,43.94773804615853,100.0
6780,0,9.107126977344446,9.107126977344446,100.0
6780,1,51.91353245594633,51.91353245594633,100.0
6780,2,38.979340566709226,38.979340566709226,100.0
6790,0,12.917107479505157,12.917107479505157,100.0
6790,1,62.736529258696606,62.736529258696606,100.0
6790,2,24.34636326179825,24.34636326179825,100.0
6800,0,23.530410242482247,23.530410242482247,100.0
6800,1,14.62445036384635,14.62445036384635,100.0
6800,2,61.84513939367141,61.84513939367141,100.0
6810,0,26.841372936572178,26.841372936572178,100.0
6810,1,50.26436407848232,50.26436407848232,100.0
6810,2,22.8942629849455,22.8942629849455,100.0
6820,0,28.682038988446962,28.682038988446962,100.0
6820,1,47.84438509032173,47.84438509032173,100.0
6820,2,23.473575921231323,23.473575921231323,100.0
6830,0,11.807915564750715,11.807915564750715,100.0
6830,1,26.152572734945277,26.152572734945277,100.0
6830,2,62.03951170030402,62.03951170030402,100.0
6840,0,50.07416920756212,50.07416920756212,100.0
6840,1,36.884744758546965,36.884744758546965,100.0
6840,2,13.04108603389092,13.04108603389092,100.0
6850,0,11.985293463893093,11.985293463893093,100.0
6850,1,27.82700701288484,27.82700701288484,100.0
6850,2,60.18769952322207,60.18769952322207,100.0
6860,0,22.350320825050936,22.350320825050936,100.0
6860,1,41.37905392982919,41.37905392982919,100.0
6860,2,36.27062524511989,36.27062524511989,100.0
6870,0,34.77851455442394,34.77851455442394,100.0
6870,1,29.89187510118427,29.89187510118427,100.0
6870,2,35.32961034439178,35.32961034439178,100.0
6880,0,36.949804330757324,36.949804330757324,100.0
6880,1,40.84197761067613,40.84197761067613,100.0
6880,2,22.208218058566555,22.208218058566555,100.0
6890,0,30.198139046123885,30.198139046123885,100.0
6890,1,21.389721790373656,21.389721790373656,100.0
6890,2,48.41213916350246,48.41213916350246,100.0
6900,0,37.68677815679406,37.68677815679406,100.0
6900,1,24.931578324929458,24.931578324929458,100.0
6900,2,37.381643518276476,37.381643518276476,100.0
6910,0,34.833125507387585,34.833125507387585,100.0
6910,1,53.30775012443214,53.30775012443214,100.0
6910,2,11.859124368180268,11.859124368180268,100.0
6920,0,51.76779599353468,51.76779599353468,100.0
6920,1,20.7530419858043,20.7530419858043,100.0
6920,2,27.479162020661015,27.479162020661015,100.0
6930,0,23.930980783620768,23.930980783620768,100.0
6930,1,45.57371126610968,45.57371126610968,100.0
6930,2,30.49530795026954,30.49530795026954,100.0
6940,0,22.085700485159403,22.085700485159403,100.0
6940,1,58.57779646229317,58.57779646229317,100.0
6940,2,19.336503052547414,19.336503052547414,100.0
6950,0,14.87994104874509,14.87994104874509,100.0
6950,1,26.60122175632742,26.60122175632742,100.0
6950,2,58.518837194927485,58.518837194927485,100.0
6960,0,43.35339133780647,43.35339133780647,100.0
6960,1,19.747143399017265,19.747143399017265,100.0
6960,2,36.899465263176275,36.899465263176275,100.0
6970,0,35.648256334274336,35.648256334274336,100.0
6970,1,18.510002287280905,18.510002287280905,100.0
6970,2,45.84174137844476,45.84174137844476,100.0
6980,0,25.89926076822524,25.89926076822524,100.0
6980,1,60.00603033946283,60.00603033946283,100.0
6980,2,14.09470889231193,14.09470889231193,100.0
6990,0,22.3667260457753,22.3667260457753,100.0
6990,1,63.72874042061175,63.72874042061175,100.0
6990,2,13.904533533612955,13.904533533612955,100.0
7000,0,15.823679437005604,15.823679437005604,100.0
7000,1,50.09645017326324,50.09645017326324,100.0
7000,2,34.07987038973116,34.07987038973116,100.0
7010,0,19.230114360257662,19.230114360257662,100.0
7010,1,64.04084905343345,64.04084905343345,100.0
7010,2,16.729036586308887,16.729036586308887,100.0
7020,0,37.817464533724845,37.817464533724845,100.0
7020,1,23.67129575423013,23.67129575423013,100.0
7020,2,38.51123971204501,38.51123971204501,100.0
7030,0,35.02844371357969,35.02844371357969,100.0
7030,1,38.5908344074415,38.5908344074415,100.0
7030,2,26.380721878978814,26.380721878978814,100.0
7040,0,42.05588682840429,42.05588682840429,100.0
7040,1,30.931987247898356,30.931987247898356,100.0
7040,2,27.012125923697354,27.012125923697354,100.0
7050,0,48.76718168552433,48.76718168552433,100.0
7050,1,20.75426347921833,20.75426347921833,100.0
7050,2,30.47855483525733,30.47855483525733,100.0
7060,0,11.727762479628709,11.727762479628709,100.0
7060,1,25.165691020699587,25.165691020699587,100.0
7060,2,63.1065464996717,63.1065464996717,100.0
7070,0,34.34607327986463,34.34607327986463,100.0
7070,1,16.391367655048377,16.391367655048377,100.0
7070,2,49.26255906508699,49.26255906508699,100.0
7080,0,47.887056540162945,47.887056540162945,100.0
7080,1,27.913501972951643,27.913501972951643,100.0
7080,2,24.199441486885416,24.199441486885416,100.0
7090,0,37.281137450588695,37.281137450588695,100.0
7090,1,15.96036251329173,15.96036251329173,100.0
7090,2,46.75850003611957,46.75850003611957,100.0
7100,0,36.95014762649681,36.95014762649681,100.0
7100,1,20.690837968744415,20.690837968744415,100.0
7100,2,42.35901440475879,42.35901440475879,100.0
7110,0,20.24771811601378,20.24771811601378,100.0
7110,1,11.00031251272061,11.00031251272061,100.0
7110,2,68.7519693712656,68.7519693712656,100.0
7120,0,29.03434629834346,29.03434629834346,100.0
7120,1,17.072598603646583,17.072598603646583,100.0
7120,2,53.89305509800996,53.89305509800996,100.0
7130,0,59.48521778169184,59.48521778169184,100.0
7130,1,18.77292429672963,18.77292429672963,100.0
7130,2,21.741857921578532,21.741857921578532,100.0
7140,0,13.207582887836573,13.207582887836573,100.0
7140,1,39.87872727704892,39.87872727704892,100.0
7140,2,46.91368983511451,46.91368983511451,100.0
7150,0,8.476179256441654,8.476179256441654,100.0
7150,1,56.629788841589715,56.629788841589715,100.0
7150,2,34.89403190196864,34.89403190196864,100.0
7160,0,20.639920630301724,20.639920630301724,100.0
7160,1,56.188781632131146,56.188781632131146,100.0
7160,2,23.171297737567137,23.171297737567137,100.0
7170,0,36.24368554582578,36.24368554582578,100.0
7170,1,29.243978406677485,29.243978406677485,100.0
7170,2,34.51233604749673,34.51233604749673,100.0
7180,0,25.80316059271762,25.80316059271762,100.0
7180,1,54.61605025319607,54.61605025319607,100.0
7180,2,19.580789154086304,19.580789154086304,100.0
7190,0,48.277638004097845,48.277638004097845,100.0
7190,1,29.154659343984957,29.154659343984957,100.0
7190,2,22.5677026519172,22.5677026519172,100.0
7200,0,26.597721321393376,26.597721321393376,100.0
7200,1,59.633146545537564,59.633146545537564,100.0
7200,2,13.769132133069057,13.769132133069057,100.0
7210,0,15.631949311439897,15.631949311439897,100.0
7210,1,63.717106874749675,63.717106874749675,100.0
7210,2,20.650943813810425,20.650943813810425,100.0
7220,0,22.667408495159112,22.667408495159112,100.0
7220,1,67.00703413333675,67.00703413333675,100.0
7220,2,10.325557371504136,10.325557371504136,100.0
7230,0,11.441149566275175,11.441149566275175,100.0
7230,1,32.54155991267976,32.54155991267976,100.0
7230,2,56.01729052104507,56.01729052104507,100.0
7240,0,31.613199759247596,31.613199759247596,100.0
7240,1,41.08605494221337,41.08605494221337,100.0
7240,2,27.300745298539038,27.300745298539038,100.0
7250,0,36.78431032241687,36.78431032241687,100.0
7250,1,40.734465722368626,40.734465722368626,100.0
7250,2,22.481223955214503,22.481223955214503,100.0
7260,0,21.79990274172962,21.79990274172962,100.0
7260,1,19.085780821136396,19.085780821136396,100.0
7260,2,59.114316437133986,59.114316437133986,100.0
7270,0,24.3815544704827,24.3815544704827,100.0
7270,1,50.09776812791637,50.09776812791637,100.0
7270,2,25.52067740160095,25.52067740160095,100.0
7280,0,13.371271134211968,13.371271134211968,100.0
7280,1,16.522414985526147,16.522414985526147,100.0
7280,2,70.10631388026188,70.10631388026188,100.0
7290,0,40.191670890139925,40.191670890139925,100.0
7290,1,18.600253473449442,18.600253473449442,100.0
7290,2,41.20807563641065,41.20807563641065,100.0
7300,0,35.32286954945736,35.32286954945736,100.0
7300,1,22.129723717259107,22.129723717259107,100.0
7300,2,42.54740673328354,42.54740673328354,100.0
7310,0,32.110202010283984,32.110202010283984,100.0
7310,1,28.638504041245366,28.638504041245366,100.0
7310,2,39.25129394847066,39.25129394847066,100.0
7320,0,60.59030098591267,60.59030098591267,100.0
7320,1,23.59650838084726,23.59650838084726,100.0
7320,2,15.813190633240062,15.813190633240062,100.0
7330,0,44.98251919943326,44.98251919943326,100.0
7330,1,26.253799388225406,26.253799388225406,100.0
7330,2,28.763681412341334,28.763681412341334,100.0
7340,0,13.725897183963093,13.725897183963093,100.0
7340,1,20.389490323447095,20.389490323447095,100.0
7340,2,65.88461249258981,65.88461249258981,100.0
7350,0,11.178760368989764,11.178760368989764,100.0
7350,1,19.25869339392881,19.25869339392881,100.0
7350,2,69.56254623708142,69.56254623708142,100.0
7360,0,32.775748830786625,32.775748830786625,100.0
7360,1,12.999399817232026,12.999399817232026,100.0
7360,2,54.22485135198135,54.22485135198135,100.0
7370,0,44.781089548551165,44.781089548551165,100.0
7370,1,13.041827499160371,13.041827499160371,100.0
7370,2,42.177082952288465,42.177082952288465,100.0
7380,0,37.252360920479,37.252360920479,100.0
7380,1,24.367342066591004,24.367342066591004,100.0
7380,2,38.38029701293,38.38029701293,100.0
7390,0,29.389436178502663,29.389436178502663,100.0
7390,1,14.664500363573923,14.664500363573923,100.0
7390,2,55.94606345792342,55.94606345792342,100.0
7400,0,38.02258076896654,38.02258076896654,100.0
7400,1,34.7180141778026,34.7180141778026,100.0
7400,2,27.259405053230857,27.259405053230857,100.0
7410,0,17.869692518080246,17.869692518080246,100.0
7410,1,41.73760304523981,41.73760304523981,100.0
7410,2,40.392704436679956,40.392704436679956,100.0
7420,0,56.04861198793319,56.04861198793319,100.0
7420,1,30.457763250246295,30.457763250246295,100.0
7420,2,13.493624761820517,13.493624761820517,100.0
7430,0,19.41175582095952,19.41175582095952,100.0
7430,1,42.20556168067275,42.20556168067275,100.0
7430,2,38.382682498367735,38.382682498367735,100.0
7440,0,35.60721832535952,35.60721832535952,100.0
7440,1,44.40144524300415,44.40144524300415,100.0
7440,2,19.991336431636327,19.991336431636327,100.0
7450,0,28.659651743147425,28.659651743147425,100.0
7450,1,21.352942313527596,21.352942313527596,100.0
7450,2,49.987405943324994,49.987405943324994,100.0
7460,0,32.99849808360493,32.99849808360493,100.0
7460,1,21.833313472218286,21.833313472218286,100.0
7460,2,45.168188444176785,45.168188444176785,100.0
7470,0,25.45383157894904,25.45383157894904,100.0
7470,1,32.31969732982351,32.31969732982351,100.0
7470,2,42.226471091227445,42.226471091227445,100.0
7480,0,28.221153251488616,28.221153251488616,100.0
7480,1,13.402546866260822,13.402546866260822,100.0
7480,2,58.37629988225056,58.37629988225056,100.0
7490,0,19.44781025680411,19.44781025680411,100.0
7490,1,25.590381338796547,25.590381338796547,100.0
7490,2,54.96180840439935,54.96180840439935,100.0
7500,0,17.752132163084376,17.752132163084376,100.0
7500,1,55.709192280514905,55.709192280514905,100.0
7500,2,26.538675556400715,26.538675556400715,100.0
7510,0,22.937303026877533,22.937303026877533,100.0
7510,1,66.51842256538454,66.51842256538454,100.0
7510,2,10.544274407737927,10.544274407737927,100.0
7520,0,27.228900406683227,27.228900406683227,100.0
7520,1,32.13696792906571,32.13696792906571,100.0
7520,2,40.634131664251065,40.634131664251065,100.0
7530,0,25.228226458935886,25.228226458935886,100.0
7530,1,38.12312287897624,38.12312287897624,100.0
7530,2,36.64865066208788,36.64865066208788,100.0
7540,0,51.94272359281248,51.94272359281248,100.0
7540,1,34.16396041555653,34.16396041555653,100.0
7540,2,13.893315991630995,13.893315991630995,100.0
7550,0,41.742987415473884,41.742987415473884,100.0
7550,1,9.99322229207777,9.99322229207777,100.0
7550,2,48.263790292448356,48.263790292448356,100.0
7560,0,12.049751460862655,12.049751460862655,100.0
7560,1,59.96172205169462,59.96172205169462,100.0
7560,2,27.988526487442726,27.988526487442726,100.0
7570,0,24.825054328021743,24.825054328021743,100.0
7570,1,38.031852126700485,38.031852126700485,100.0
7570,2,37.143093545277765,37.143093545277765,100.0
7580,0,15.432628818937625,15.432628818937625,100.0
7580,1,32.45767584417052,32.45767584417052,100.0
7580,2,52.10969533689186,52.10969533689186,100.0
7590,0,17.677109916024566,17.677109916024566,100.0
7590,1,53.68962585705736,53.68962585705736,100.0
7590,2,28.633264226918083,28.633264226918083,100.0
7600,0,42.903634829259616,42.903634829259616,100.0
7600,1,36.101363011680746,36.101363011680746,100.0
7600,2,20.995002159059638,20.995002159059638,100.0
7610,0,25.081703877547888,25.081703877547888,100.0
7610,1,24.25488142509309,24.25488142509309,100.0
7610,2,50.66341469735903,50.66341469735903,100.0
7620,0,37.12446279283255,37.12446279283255,100.0
7620,1,41.187395419481625,41.187395419481625,100.0
7620,2,21.688141787685822,21.688141787685822,100.0
7630,0,11.73914307009114,11.73914307009114,100.0
7630,1,17.24888480744188,17.24888480744188,100.0
7630,2,71.01197212246699,71.01197212246699,100.0
7640,0,14.481920807466974,14.481920807466974,100.0
7640,1,41.86902215709892,41.86902215709892,100.0
7640,2,43.64905703543411,43.64905703543411,100.0
7650,0,36.830172580684646,36.830172580684646,100.0
7650,1,28.26374175188625,28.26374175188625,100.0
7650,2,34.906085667429096,34.906085667429096,100.0
7660,0,10.555491003626342,10.555491003626342,100.0
7660,1,41.87607434904576,41.87607434904576,100.0
7660,2,47.5684346473279,47.5684346473279,100.0
7670,0,7.411865725475969,7.411865725475969,100.0
7670,1,45.30880544487055,45.30880544487055,100.0
7670,2,47.27932882965348,47.27932882965348,100.0
7680,0,19.64267909784077,19.64267909784077,100.0
7680,1,34.160582570774544,34.160582570774544,100.0
7680,2,46.196738331384694,46.196738331384694,100.0
7690,0,45.87481475454531,45.87481475454531,100.0
7690,1,31.621488202848475,31.621488202848475,100.0
7690,2,22.50369704260622,22.50369704260622,100.0
7700,0,60.210141539563175,60.210141539563175,100.0
7700,1,18.449651039425703,18.449651039425703,100.0
7700,2,21.340207421011126,21.340207421011126,100.0
7710,0,39.5268972075565,39.5268972075565,100.0
7710,1,41.32235312308036,41.32235312308036,100.0
7710,2,19.15074966936313,19.15074966936313,100.0
7720,0,19.389072687903965,19.389072687903965,100.0
7720,1,62.05338779068943,62.05338779068943,100.0
7720,2,18.557539521406603,18.557539521406603,100.0
7730,0,24.378869670034828,24.378869670034828,100.0
7730,1,52.87608588977086,52.87608588977086,100.0
7730,2,22.745044440194313,22.745044440194313,100.0
7740,0,55.9332926273172,55.9332926273172,100.0
7740,1,28.334038358299406,28.334038358299406,100.0
7740,2,15.732669014383408,15.732669014383408,100.0
7750,0,24.870612253245188,24.870612253245188,100.0
7750,1,34.13444687603641,34.13444687603641,100.0
7750,2,40.9949408707184,40.9949408707184,100.0
7760,0,29.50281269414841,29.50281269414841,100.0
7760,1,21.372924484257673,21.372924484257673,100.0
7760,2,49.12426282159393,49.12426282159393,100.0
7770,0,53.879571044586186,53.879571044586186,100.0
7770,1,34.568918328832204,34.568918328832204,100.0
7770,2,11.551510626581623,11.551510626581623,100.0
7780,0,12.053237275039827,12.053237275039827,100.0
7780,1,46.08953703965139,46.08953703965139,100.0
7780,2,41.85722568530878,41.85722568530878,100.0
7790,0,31.37626083962387,31.37626083962387,100.0
7790,1,48.711917541044755,48.711917541044755,100.0
7790,2,19.911821619331366,19.911821619331366,100.0
7800,0,29.027659554008977,29.027659554008977,100.0
7800,1,39.433452979673056,39.433452979673056,100.0
7800,2,31.538887466317966,31.538887466317966,100.0
7810,0,21.980276662344362,21.980276662344362,100.0
7810,1,27.579282152681884,27.579282152681884,100.0
7810,2,50.44044118497375,50.44044118497375,100.0
7820,0,44.122736545272794,44.122736545272794,100.0
7820,1,42.475005798783855,42.475005798783855,100.0
7820,2,13.402257655943355,13.402257655943355,100.0
7830,0,34.1801540608613,34.1801540608613,100.0
7830,1,36.56192303057747,36.56192303057747,100.0
7830,2,29.257922908561234,29.257922908561234,100.0
7840,0,60.4746758104106,60.4746758104106,100.0
7840,1,21.904643350192828,21.904643350192828,100.0
7840,2,17.62068083939658,17.62068083939658,100.0
7850,0,21.847474191295493,21.847474191295493,100.0
7850,1,63.58770127638343,63.58770127638343,100.0
7850,2,14.564824532321087,14.564824532321087,100.0
7860,0,44.82719984078506,44.82719984078506,100.0
7860,1,30.795204712608847,30.795204712608847,100.0
7860,2,24.377595446606094,24.377595446606094,100.0
7870,0,31.80362057375837,31.80362057375837,100.0
7870,1,23.075711880182638,23.075711880182638,100.0
7870,2,45.12066754605898,45.12066754605898,100.0
7880,0,24.36342806385535,24.36342806385535,100.0
7880,1,17.375491911181108,17.375491911181108,100.0
7880,2,58.261080024963555,58.261080024963555,100.0
7890,0,25.31789853856478,25.31789853856478,100.0
7890,1,43.882296453558546,43.882296453558546,100.0
7890,2,30.799805007876667,30.799805007876667,100.0
7900,0,43.104179590331405,43.104179590331405,100.0
7900,1,14.979234830193192,14.979234830193192,100.0
7900,2,41.9165855794754,41.9165855794754,100.0
7910,0,19.559053919442537,19.559053919442537,100.0
7910,1,54.63867640172284,54.63867640172284,100.0
7910,2,25.802269678834623,25.802269678834623,100.0
7920,0,21.510839652720996,21.510839652720996,100.0
7920,1,41.1727310926247,41.1727310926247,100.0
7920,2,37.31642925465431,37.31642925465431,100.0
7930,0,18.474537245660784,18.474537245660784,100.0
7930,1,60.79106288312149,60.79106288312149,100.0
7930,2,20.73439987121772,20.73439987121772,100.0
7940,0,15.052892588562102,15.052892588562102,100.0
7940,1,43.713102279833365,43.713102279833365,100.0
7940,2,41.23400513160453,41.23400513160453,100.0
7950,0,32.30642887102667,32.30642887102667,100.0
7950,1,51.864865760930336,51.864865760930336,100.0
7950,2,15.828705368042998,15.828705368042998,100.0
7960,0,46.668237661677296,46.668237661677296,100.0
7960,1,43.87231676835199,43.87231676835199,100.0
7960,2,9.459445569970713,9.459445569970713,100.0
7970,0,19.666988198100285,19.666988198100285,100.0
7970,1,19.441010718763916,19.441010718763916,100.0
7970,2,60.892001083135796,60.892001083135796,100.0
7980,0,56.369296235692104,56.369296235692104,100.0
7980,1,25.289367080911212,25.289367080911212,100.0
7980,2,18.341336683396683,18.341336683396683,100.0
7990,0,31.030171727347337,31.030171727347337,100.0
7990,1,51.67418040170174,51.67418040170174,100.0
7990,2,17.29564787095093,17.29564787095093,100.0
8000,0,25.803516190098147,25.803516190098147,100.0
8000,1,36.52629462791282,36.52629462791282,100.0
8000,2,37.67018918198903,37.67018918198903,100.0
8010,0,17.811405351532887,17.811405351532887,100.0
8010,1,47.24374193885092,47.24374193885092,100.0
8010,2,34.9448527096162,34.9448527096162,100.0
8020,0,40.55452785144534,40.55452785144534,100.0
8020,1,39.18378937953542,39.18378937953542,100.0
8020,2,20.261682769019245,20.261682769019245,100.0
8030,0,37.12649482983073,37.12649482983073,100.0
8030,1,11.104289771647931,11.104289771647931,100.0
8030,2,51.76921539852134,51.76921539852134,100.0
8040,0,20.525232003848803,20.525232003848803,100.0
8040,1,16.905558880054237,16.905558880054237,100.0
8040,2,62.56920911609697,62.56920911609697,100.0
8050,0,40.706781358821274,40.706781358821274,100.0
8050,1,30.9949613110113,30.9949613110113,100.0
8050,2,28.298257330167438,28.298257330167438,100.0
8060,0,30.057802069242616,30.057802069242616,100.0
8060,1,31.25645610919603,31.25645610919603,100.0
8060,2,38.685741821561365,38.685741821561365,100.0
8070,0,43.446157579320044,43.446157579320044,100.0
8070,1,44.17906456255864,44.17906456255864,100.0
8070,2,12.374777858121327,12.374777858121327,100.0
8080,0,28.192010011349794,28.192010011349794,100.0
8080,1,42.5073244376921,42.5073244376921,100.0
8080,2,29.300665550958104,29.300665550958104,100.0
8090,0,17.90259614832941,17.90259614832941,100.0
8090,1,55.40465717771611,55.40465717771611,100.0
8090,2,26.692746673954478,26.692746673954478,100.0
8100,0,36.64084038743115,36.64084038743115,100.0
8100,1,45.54382790633854,45.54382790633854,100.0
8100,2,17.81533170623032,17.81533170623032,100.0
8110,0,30.4779480548401,30.4779480548401,100.0
8110,1,52.96084379597459,52.96084379597459,100.0
8110,2,16.561208149185312,16.561208149185312,100.0
8120,0,35.7928942385072,35.7928942385072,100.0
8120,1,41.43411604267097,41.43411604267097,100.0
8120,2,22.77298971882182,22.77298971882182,100.0
8130,0,55.50829179860518,55.50829179860518,100.0
8130,1,9.724509887910703,9.724509887910703,100.0
8130,2,34.76719831348411,34.76719831348411,100.0
8140,0,30.69575175700507,30.69575175700507,100.0
8140,1,51.23829302597844,51.23829302597844,100.0
8140,2,18.065955217016498,18.065955217016498,100.0
8150,0,18.421031481437485,18.421031481437485,100.0
8150,1,45.8883583235763,45.8883583235763,100.0
8150,2,35.69061019498621,35.69061019498621,100.0
8160,0,39.74737065424737,39.74737065424737,100.0
8160,1,45.03523955735443,45.03523955735443,100.0
8160,2,15.2173897883982,15.2173897883982,100.0
8170,0,24.4345154260585,24.4345154260585,100.0
8170,1,55.31422174360543,55.31422174360543,100.0
8170,2,20.251262830336074,20.251262830336074,100.0
8180,0,50.71845886398131,50.71845886398131,100.0
8180,1,13.797735921487666,13.797735921487666,100.0
8180,2,35.48380521453103,35.48380521453103,100.0
8190,0,25.314073543459337,25.314073543459337,100.0
8190,1,31.520626820955002,31.520626820955002,100.0
8190,2,43.165299635585654,43.165299635585654,100.0
8200,0,44.936716737608364,44.936716737608364,100.0
8200,1,25.53690646590371,25.53690646590371,100.0
8200,2,29.52637679648793,29.52637679648793,100.0
8210,0,37.977798438439564,37.977798438439564,100.0
8210,1,53.36441332278533,53.36441332278533,100.0
8210,2,8.65778823877509,8.65778823877509,100.0
8220,0,32.88539993900937,32.88539993900937,100.0
8220,1,14.30824220316218,14.30824220316218,100.0
8220,2,52.806357857828445,52.806357857828445,100.0
8230,0,43.03669167409812,43.03669167409812,100.0
8230,1,18.087575266116097,18.087575266116097,100.0
8230,2,38.87573305978577,38.87573305978577,100.0
8240,0,32.36537781562461,32.36537781562461,100.0
8240,1,35.446332320958405,35.446332320958405,100.0
8240,2,32.188289863416976,32.188289863416976,100.0
8250,0,28.84978692881221,28.84978692881221,100.0
8250,1,11.854668250489803,11.854668250489803,100.0
8250,2,59.295544820697984,59.295544820697984,100.0
8260,0,39.3963188777325,39.3963188777325,100.0
8260,1,39.45266670992187,39.45266670992187,100.0
8260,2,21.151014412345635,21.151014412345635,100.0
8270,0,40.823454966626116,40.823454966626116,100.0
8270,1,30.997662400932747,30.997662400932747,100.0
8270,2,28.178882632441137,28.178882632441137,100.0
8280,0,11.627758963181014,11.627758963181014,100.0
8280,1,44.505188804185686,44.505188804185686,100.0
8280,2,43.8670522326333,43.8670522326333,100.0
8290,0,34.054214569151284,34.054214569151284,100.0
8290,1,38.9821719539931,38.9821719539931,100.0
8290,2,26.963613476855624,26.963613476855624,100.0
8300,0,7.9281850314565725,7.9281850314565725,100.0
8300,1,47.87938914383963,47.87938914383963,100.0
8300,2,44.1924258247038,44.1924258247038,100.0
8310,0,41.319814898141324,41.319814898141324,100.0
8310,1,22.889138327214535,22.889138327214535,100.0
8310,2,35.79104677464414,35.79104677464414,100.0
8320,0,29.010057448712274,29.010057448712274,100.0
8320,1,52.503900820994346,52.503900820994346,100.0
8320,2,18.486041730293376,18.486041730293376,100.0
8330,0,15.943627802483853,15.943627802483853,100.0
8330,1,37.923451333696654,37.923451333696654,100.0
8330,2,46.132920863819486,46.132920863819486,100.0
8340,0,11.252251981863516,11.252251981863516,100.0
8340,1,59.501084486893575,59.501084486893575,100.0
8340,2,29.246663531242916,29.246663531242916,100.0
8350,0,14.900897530538693,14.900897530538693,100.0
8350,1,69.74887198484745,69.74887198484745,100.0
8350,2,15.350230484613864,15.350230484613864,100.0
8360,0,33.76521018687015,33.76521018687015,100.0
8360,1,27.08122207591655,27.08122207591655,100.0
8360,2,39.1535677372133,39.1535677372133,100.0
8370,0,51.93966117403773,51.93966117403773,100.0
8370,1,8.346594514459381,8.346594514459381,100.0
8370,2,39.71374431150289,39.71374431150289,100.0
8380,0,39.50655310572229,39.50655310572229,100.0
8380,1,21.770757993604953,21.770757993604953,100.0
8380,2,38.722688900672765,38.722688900672765,100.0
8390,0,30.86219882591846,30.86219882591846,100.0
8390,1,52.98580254249604,52.98580254249604,100.0
8390,2,16.151998631585506,16.151998631585506,100.0
8400,0,8.969461397979895,8.969461397979895,100.0
8400,1,41.59419992535346,41.59419992535346,100.0
8400,2,49.43633867666665,49.43633867666665,100.0
8410,0,24.58185567732561,24.58185567732561,100.0
8410,1,37.99693253120059,37.99693253120059,100.0
8410,2,37.4212117914738,37.4212117914738,100.0
8420,0,56.71145778242702,56.71145778242702,100.0
8420,1,24.369529692987065,24.369529692987065,100.0
8420,2,18.919012524585913,18.919012524585913,100.0
8430,0,32.546076738887656,32.546076738887656,100.0
8430,1,27.300342397326748,27.300342397326748,100.0
8430,2,40.15358086378559,40.15358086378559,100.0
8440,0,39.7248337889023,39.7248337889023,100.0
8440,1,44.31357085817245,44.31357085817245,100.0
8440,2,15.961595352925261,15.961595352925261,100.0
8450,0,15.96291596000658,15.96291596000658,100.0
8450,1,69.03309851515176,69.03309851515176,100.0
8450,2,15.003985524841662,15.003985524841662,100.0
8460,0,35.0903032919874,35.0903032919874,100.0
8460,1,39.98965643249132,39.98965643249132,100.0
8460,2,24.920040275521284,24.920040275521284,100.0
8470,0,18.819865392877112,18.819865392877112,100.0
8470,1,24.702668346813272,24.702668346813272,100.0
8470,2,56.47746626030962,56.47746626030962,100.0
8480,0,54.90885784050252,54.90885784050252,100.0
8480,1,34.6409079068106,34.6409079068106,100.0
8480,2,10.45023425268688,10.45023425268688,100.0
8490,0,15.99490890996534,15.99490890996534,100.0
8490,1,55.693962570929834,55.693962570929834,100.0
8490,2,28.311128519104823,28.311128519104823,100.0
8500,0,47.303065421161214,47.303065421161214,100.0
8500,1,40.81161904058743,40.81161904058743,100.0
8500,2,11.885315538251351,11.885315538251351,100.0
8510,0,12.14645747466089,12.14645747466089,100.0
8510,1,66.87636424152403,66.87636424152403,100.0
8510,2,20.977178283815075,20.977178283815075,100.0
8520,0,41.33156106973821,41.33156106973821,100.0
8520,1,18.858030303337667,18.858030303337667,100.0
8520,2,39.81040862692413,39.81040862692413,100.0
8530,0,13.12908720070943,13.12908720070943,100.0
8530,1,38.82729009800994,38.82729009800994,100.0
8530,2,48.043622701280626,48.043622701280626,100.0
8540,0,29.797895206740304,29.797895206740304,100.0
8540,1,23.70038848213554,23.70038848213554,100.0
8540,2,46.501716311124156,46.501716311124156,100.0
8550,0,36.964714606761056,36.964714606761056,100.0
8550,1,22.58062921699143,22.58062921699143,100.0
8550,2,40.454656176247525,40.454656176247525,100.0
8560,0,39.0955985389392,39.0955985389392,100.0
8560,1,42.185362974981075,42.185362974981075,100.0
8560,2,18.719038486079718,18.719038486079718,100.0
8570,0,49.05060662730437,49.05060662730437,100.0
8570,1,21.405576050770765,21.405576050770765,100.0
8570,2,29.543817321924877,29.543817321924877,100.0
8580,0,16.9659975051177,16.9659975051177,100.0
8580,1,57.83747037772938,57.83747037772938,100.0
8580,2,25.19653211715291,25.19653211715291,100.0
8590,0,29.18208838965078,29.18208838965078,100.0
8590,1,52.02024917624144,52.02024917624144,100.0
8590,2,18.79766243410778,18.79766243410778,100.0
8600,0,22.349667778292904,22.349667778292904,100.0
8600,1,34.35059931622859,34.35059931622859,100.0
8600,2,43.2997329054785,43.2997329054785,100.0
8610,0,37.80550136357081,37.80550136357081,100.0
8610,1,17.472754015993626,17.472754015993626,100.0
8610,2,44.72174462043555,44.72174462043555,100.0
8620,0,35.38982404478793,35.38982404478793,100.0
8620,1,32.61866374146658,32.61866374146658,100.0
8620,2,31.991512213745498,31.991512213745498,100.0
8630,0,26.446267085718027,26.446267085718027,100.0
8630,1,26.341944433939585,26.341944433939585,100.0
8630,2,47.2117884803424,47.2117884803424,100.0
8640,0,21.964806316032316,21.964806316032316,100.0
8640,1,59.845197284521525,59.845197284521525,100.0
8640,2,18.189996399446155,18.189996399446155,100.0
8650,0,15.848442635151795,15.848442635151795,100.0
8650,1,62.64968410391924,62.64968410391924,100.0
8650,2,21.50187326092897,21.50187326092897,100.0
8660,0,52.784905807581985,52.784905807581985,100.0
8660,1,20.140049617891844,20.140049617891844,100.0
8660,2,27.07504457452618,27.07504457452618,100.0
8670,0,22.186467583483473,22.186467583483473,100.0
8670,1,42.526186628249604,42.526186628249604,100.0
8670,2,35.28734578826692,35.28734578826692,100.0
8680,0,27.741579104979703,27.741579104979703,100.0
8680,1,43.4866009618725,43.4866009618725,100.0
8680,2,28.771819933147796,28.771819933147796,100.0
8690,0,37.41029409974532,37.41029409974532,100.0
8690,1,39.76666696133679,39.76666696133679,100.0
8690,2,22.82303893891788,22.82303893891788,100.0
8700,0,16.103958754241848,16.103958754241848,100.0
8700,1,59.70440657528599,59.70440657528599,100.0
8700,2,24.19163467047218,24.19163467047218,100.0
8710,0,49.66288774098891,49.66288774098891,100.0
8710,1,23.426455897549594,23.426455897549594,100.0
8710,2,26.91065636146151,26.91065636146151,100.0
8720,0,39.88244444238989,39.88244444238989,100.0
8720,1,36.70214295097908,36.70214295097908,100.0
8720,2,23.415412606631012,23.415412606631012,100.0
8730,0,21.6345487946601,21.6345487946601,100.0
8730,1,38.16522324978784,38.16522324978784,100.0
8730,2,40.20022795555206,40.20022795555206,100.0
8740,0,39.11953744761828,39.11953744761828,100.0
8740,1,14.210307725683242,14.210307725683242,100.0
8740,2,46.670154826698486,46.670154826698486,100.0
8750,0,42.059961376027694,42.059961376027694,100.0
8750,1,49.43108808787457,49.43108808787457,100.0
8750,2,8.508950536097739,8.508950536097739,100.0
8760,0,17.316668857338172,17.316668857338172,100.0
8760,1,58.76812652288258,58.76812652288258,100.0
8760,2,23.91520461977926,23.91520461977926,100.0
8770,0,41.951450825681896,41.951450825681896,100.0
8770,1,18.764752781712314,18.764752781712314,100.0
8770,2,39.2837963926058,39.2837963926058,100.0
8780,0,43.258492839036954,43.258492839036954,100.0
8780,1,36.534914254957236,36.534914254957236,100.0
8780,2,20.206592906005802,20.206592906005802,100.0
8790,0,15.787677458828641,15.787677458828641,100.0
8790,1,53.27354438545163,53.27354438545163,100.0
8790,2,30.938778155719724,30.938778155719724,100.0
8800,0,48.3770572289567,48.3770572289567,100.0
8800,1,18.04542501916546,18.04542501916546,100.0
8800,2,33.577517751877835,33.577517751877835,100.0
8810,0,21.106508718608833,21.106508718608833,100.0
8810,1,40.91013590570582,40.91013590570582,100.0
8810,2,37.98335537568535,37.98335537568535,100.0
8820,0,23.159767941143983,23.159767941143983,100.0
8820,1,20.7889680510813,20.7889680510813,100.0
8820,2,56.05126400777471,56.05126400777471,100.0
8830,0,58.17082071783148,58.17082071783148,100.0
8830,1,19.191904224831205,19.191904224831205,100.0
8830,2,22.6372750573373,22.6372750573373,100.0
8840,0,19.10203324392462,19.10203324392462,100.0
8840,1,32.15663424226163,32.15663424226163,100.0
8840,2,48.74133251381376,48.74133251381376,100.0
8850,0,36.11702437610673,36.11702437610673,100.0
8850,1,42.58902952116639,42.58902952116639,100.0
8850,2,21.293946102726874,21.293946102726874,100.0
8860,0,53.56629962983408,53.56629962983408,100.0
8860,1,22.456440997179563,22.456440997179563,100.0
8860,2,23.97725937298636,23.97725937298636,100.0
8870,0,24.087506513217207,24.087506513217207,100.0
8870,1,58.22212392115522,58.22212392115522,100.0
8870,2,17.69036956562757,17.69036956562757,100.0
8880,0,32.350780064700736,32.350780064700736,100.0
8880,1,26.691976831108615,26.691976831108615,100.0
8880,2,40.957243104190646,40.957243104190646,100.0
8890,0,55.941239002105334,55.941239002105334,100.0
8890,1,16.326800757442804,16.326800757442804,100.0
8890,2,27.73196024045185,27.73196024045185,100.0
8900,0,53.78186516492377,53.78186516492377,100.0
8900,1,21.70221019654635,21.70221019654635,100.0
8900,2,24.515924638529878,24.515924638529878,100.0
8910,0,39.98086194689046,39.98086194689046,100.0
8910,1,20.79213939845782,20.79213939845782,100.0
8910,2,39.22699865465173,39.22699865465173,100.0
8920,0,33.23129614953782,33.23129614953782,100.0
8920,1,37.367480575569026,37.367480575569026,100.0
8920,2,29.401223274893155,29.401223274893155,100.0
8930,0,9.071305266116237,9.071305266116237,100.0
8930,1,44.063805181349515,44.063805181349515,100.0
8930,2,46.86488955253426,46.86488955253426,100.0
8940,0,43.50742633901824,43.50742633901824,100.0
8940,1,40.204280113150254,40.204280113150254,100.0
8940,2,16.288293547831508,16.288293547831508,100.0
8950,0,14.408145738549091,14.408145738549091,100.0
8950,1,55.56481307724385,55.56481307724385,100.0
8950,2,30.02704118420707,30.02704118420707,100.0
8960,0,39.85813546312722,39.85813546312722,100.0
8960,1,29.74746816423425,29.74746816423425,100.0
8960,2,30.39439637263854,30.39439637263854,100.0
8970,0,27.464373937191166,27.464373937191166,100.0
8970,1,38.6172319186047,38.6172319186047,100.0
8970,2,33.918394144204136,33.918394144204136,100.0
8980,0,30.301914321083505,30.301914321083505,100.0
8980,1,44.84010579191533,44.84010579191533,100.0
8980,2,24.857979887001157,24.857979887001157,100.0
8990,0,48.05963805279686,48.05963805279686,100.0
8990,1,18.776750225712643,18.776750225712643,100.0
8990,2,33.1636117214905,33.1636117214905,100.0
9000,0,24.382636344489292,24.382636344489292,100.0
9000,1,57.066020302210504,57.066020302210504,100.0
9000,2,18.551343353300215,18.551343353300215,100.0
9010,0,45.09284894332344,45.09284894332344,100.0
9010,1,26.630216040497313,26.630216040497313,100.0
9010,2,28.276935016179262,28.276935016179262,100.0
9020,0,55.30286608277613,55.30286608277613,100.0
9020,1,15.674308064652928,15.674308064652928,100.0
9020,2,29.02282585257096,29.02282585257096,100.0
9030,0,49.88886641446276,49.88886641446276,100.0
9030,1,41.03245297595593,41.03245297595593,100.0
9030,2,9.078680609581301,9.078680609581301,100.0
9040,0,39.19871281632052,39.19871281632052,100.0
9040,1,25.480551487918518,25.480551487918518,100.0
9040,2,35.32073569576096,35.32073569576096,100.0
9050,0,16.43867388832862,16.43867388832862,100.0
9050,1,24.1508538506927,24.1508538506927,100.0
9050,2,59.410472260978686,59.410472260978686,100.0
9060,0,14.527295884552831,14.527295884552831,100.0
9060,1,64.6552314941925,64.6552314941925,100.0
9060,2,20.81747262125467,20.81747262125467,100.0
9070,0,20.98894523679507,20.98894523679507,100.0
9070,1,19.27408559182993,19.27408559182993,100.0
9070,2,59.736969171375,59.736969171375,100.0
9080,0,39.57962658406343,39.57962658406343,100.0
9080,1,36.4393046211637,36.4393046211637,100.0
9080,2,23.981068794772877,23.981068794772877,100.0
9090,0,26.314565007343127,26.314565007343127,100.0
9090,1,45.530431330672386,45.530431330672386,100.0
9090,2,28.155003661984484,28.155003661984484,100.0
9100,0,46.054306619371985,46.054306619371985,100.0
9100,1,27.13053120270231,27.13053120270231,100.0
9100,2,26.8151621779257,26.8151621779257,100.0
9110,0,40.346797322427314,40.346797322427314,100.0
9110,1,25.129004446128107,25.129004446128107,100.0
9110,2,34.52419823144458,34.52419823144458,100.0
9120,0,49.592550784587566,49.592550784587566,100.0
9120,1,12.549342913971351,12.549342913971351,100.0
9120,2,37.85810630144108,37.85810630144108,100.0
9130,0,50.4996842224885,50.4996842224885,100.0
9130,1,22.737581429630108,22.737581429630108,100.0
9130,2,26.762734347881395,26.762734347881395,100.0
9140,0,21.556263110053223,21.556263110053223,100.0
9140,1,49.83428180048123,49.83428180048123,100.0
9140,2,28.609455089465545,28.609455089465545,100.0
9150,0,35.21921841463034,35.21921841463034,100.0
9150,1,25.635185777770193,25.635185777770193,100.0
9150,2,39.14559580759947,39.14559580759947,100.0
9160,0,22.6202988275038,22.6202988275038,100.0
9160,1,52.76961446671899,52.76961446671899,100.0
9160,2,24.610086705777206,24.610086705777206,100.0
9170,0,41.806023094842296,41.806023094842296,100.0
9170,1,46.12028628952104,46.12028628952104,100.0
9170,2,12.07369061563667,12.07369061563667,100.0
9180,0,14.52028208051873,14.52028208051873,100.0
9180,1,39.954473862673815,39.954473862673815,100.0
9180,2,45.52524405680746,45.52524405680746,100.0
9190,0,24.422405718443446,24.422405718443446,100.0
9190,1,12.625406936771416,12.625406936771416,100.0
9190,2,62.95218734478514,62.95218734478514,100.0
9200,0,14.522748364647256,14.522748364647256,100.0
9200,1,49.321256183914464,49.321256183914464,100.0
9200,2,36.155995451438294,36.155995451438294,100.0
9210,0,53.336240748393415,53.336240748393415,100.0
9210,1,24.68926245484179,24.68926245484179,100.0
9210,2,21.974496796764782,21.974496796764782,100.0
9220,0,35.233156812681536,35.233156812681536,100.0
9220,1,37.06858213142248,37.06858213142248,100.0
9220,2,27.69826105589598,27.69826105589598,100.0
9230,0,37.76696533540671,37.76696533540671,100.0
9230,1,20.090855449413894,20.090855449413894,100.0
9230,2,42.1421792151794,42.1421792151794,100.0
9240,0,7.882172923332082,7.882172923332082,100.0
9240,1,49.421485134956676,49.421485134956676,100.0
9240,2,42.69634194171124,42.69634194171124,100.0
9250,0,48.31397339256524,48.31397339256524,100.0
9250,1,27.03566620539828,27.03566620539828,100.0
9250,2,24.650360402036473,24.650360402036473,100.0
9260,0,39.70150928140416,39.70150928140416,100.0
9260,1,23.654079655888086,23.654079655888086,100.0
9260,2,36.64441106270776,36.64441106270776,100.0
9270,0,15.975669239981228,15.975669239981228,100.0
9270,1,52.41900486695037,52.41900486695037,100.0
9270,2,31.605325893068414,31.605325893068414,100.0
9280,0,14.349962445477987,14.349962445477987,100.0
9280,1,18.74537881222325,18.74537881222325,100.0
9280,2,66.90465874229876,66.90465874229876,100.0
9290,0,56.18122432954181,56.18122432954181,100.0
9290,1,29.97027050007351,29.97027050007351,100.0
9290,2,13.848505170384689,13.848505170384689,100.0
9300,0,13.708293185775666,13.708293185775666,100.0
9300,1,41.015063679793215,41.015063679793215,100.0
9300,2,45.27664313443112,45.27664313443112,100.0
9310,0,31.644468982270478,31.644468982270478,100.0
9310,1,25.405478656442003,25.405478656442003,100.0
9310,2,42.95005236128752,42.95005236128752,100.0
9320,0,16.336199887295063,16.336199887295063,100.0
9320,1,64.96282861291579,64.96282861291579,100.0
9320,2,18.70097149978914,18.70097149978914,100.0
9330,0,35.62649089371156,35.62649089371156,100.0
9330,1,48.10143466687486,48.10143466687486,100.0
9330,2,16.27207443941359,16.27207443941359,100.0
9340,0,43.304998746430435,43.304998746430435,100.0
9340,1,37.15047305297246,37.15047305297246,100.0
9340,2,19.544528200597117,19.544528200597117,100.0
9350,0,26.519676574548573,26.519676574548573,100.0
9350,1,25.607780774549,25.607780774549,100.0
9350,2,47.87254265090244,47.87254265090244,100.0
9360,0,34.15012957530317,34.15012957530317,100.0
9360,1,32.77521969741499,32.77521969741499,100.0
9360,2,33.07465072728185,33.07465072728185,100.0
9370,0,30.482691251892668,30.482691251892668,100.0
9370,1,32.439847343630355,32.439847343630355,100.0
9370,2,37.07746140447698,37.07746140447698,100.0
9380,0,31.644234553494936,31.644234553494936,100.0
9380,1,25.0361546878918,25.0361546878918,100.0
9380,2,43.319610758613265,43.319610758613265,100.0
9390,0,35.90953968280811,35.90953968280811,100.0
9390,1,20.51123655706505,20.51123655706505,100.0
9390,2,43.57922376012686,43.57922376012686,100.0
9400,0,11.886473765223124,11.886473765223124,100.0
9400,1,63.573316858926496,63.573316858926496,100.0
9400,2,24.54020937585038,24.54020937585038,100.0
9410,0,15.512345722278445,15.512345722278445,100.0
9410,1,44.58393583691608,44.58393583691608,100.0
9410,2,39.90371844080548,39.90371844080548,100.0
9420,0,27.37399555997847,27.37399555997847,100.0
9420,1,22.287611002127576,22.287611002127576,100.0
9420,2,50.338393437893956,50.338393437893956,100.0
9430,0,11.807116302870746,11.807116302870746,100.0
9430,1,20.459574551197324,20.459574551197324,100.0
9430,2,67.73330914593193,67.73330914593193,100.0
9440,0,47.94439816927373,47.94439816927373,100.0
9440,1,27.792313781932123,27.792313781932123,100.0
9440,2,24.26328804879414,24.26328804879414,100.0
9450,0,36.2172332865809,36.2172332865809,100.0
9450,1,37.866443902499,37.866443902499,100.0
9450,2,25.9163228109201,25.9163228109201,100.0
9460,0,51.855120805873455,51.855120805873455,100.0
9460,1,36.336715927471026,36.336715927471026,100.0
9460,2,11.808163266655525,11.808163266655525,100.0
9470,0,31.801886272064216,31.801886272064216,100.0
9470,1,25.52486564275405,25.52486564275405,100.0
9470,2,42.67324808518174,42.67324808518174,100.0
9480,0,40.48584682000735,40.48584682000735,100.0
9480,1,26.31869068472399,26.31869068472399,100.0
9480,2,33.19546249526865,33.19546249526865,100.0
9490,0,42.69898701217759,42.69898701217759,100.0
9490,1,23.517249333446216,23.517249333446216,100.0
9490,2,33.783763654376195,33.783763654376195,100.0
9500,0,39.33802003781809,39.33802003781809,100.0
9500,1,27.72127435696008,27.72127435696008,100.0
9500,2,32.94070560522184,32.94070560522184,100.0
9510,0,47.4918461542652,47.4918461542652,100.0
9510,1,10.273367420364284,10.273367420364284,100.0
9510,2,42.23478642537052,42.23478642537052,100.0
9520,0,56.33715779517562,56.33715779517562,100.0
9520,1,19.99384860084452,19.99384860084452,100.0
9520,2,23.668993603979857,23.668993603979857,100.0
9530,0,23.474830071291784,23.474830071291784,100.0
9530,1,58.0925191563532,58.0925191563532,100.0
9530,2,18.432650772355018,18.432650772355018,100.0
9540,0,19.08030602870057,19.08030602870057,100.0
9540,1,21.943416174936186,21.943416174936186,100.0
9540,2,58.97627779636324,58.97627779636324,100.0
9550,0,75.88980018793058,75.88980018793058,100.0
9550,1,11.134183832020446,11.134183832020446,100.0
9550,2,12.97601598004896,12.97601598004896,100.0
9560,0,42.33307779573612,42.33307779573612,100.0
9560,1,34.31612154473462,34.31612154473462,100.0
9560,2,23.350800659529266,23.350800659529266,100.0
9570,0,19.19679936465719,19.19679936465719,100.0
9570,1,43.23945448806413,43.23945448806413,100.0
9570,2,37.56374614727868,37.56374614727868,100.0
9580,0,15.803598697355167,15.803598697355167,100.0
9580,1,40.10445811917842,40.10445811917842,100.0
9580,2,44.09194318346641,44.09194318346641,100.0
9590,0,13.213210179670188,13.213210179670188,100.0
9590,1,34.01723947408027,34.01723947408027,100.0
9590,2,52.76955034624955,52.76955034624955,100.0
9600,0,23.332400875428537,23.332400875428537,100.0
9600,1,14.134070186109938,14.134070186109938,100.0
9600,2,62.53352893846154,62.53352893846154,100.0
9610,0,58.96349847235977,58.96349847235977,100.0
9610,1,14.105510505479868,14.105510505479868,100.0
9610,2,26.930991022160367,26.930991022160367,100.0
9620,0,52.80400074603978,52.80400074603978,100.0
9620,1,33.52678496253233,33.52678496253233,100.0
9620,2,13.669214291427895,13.669214291427895,100.0
9630,0,33.368073097372346,33.368073097372346,100.0
9630,1,40.6370730031403,40.6370730031403,100.0
9630,2,25.994853899487342,25.994853899487342,100.0
9640,0,62.48327340972902,62.48327340972902,100.0
9640,1,20.433596578279957,20.433596578279957,100.0
9640,2,17.083130011991024,17.083130011991024,100.0
9650,0,29.787139741327923,29.787139741327923,100.0
9650,1,17.7026973973867,17.7026973973867,100.0
9650,2,52.51016286128537,52.51016286128537,100.0
9660,0,27.883305017160016,27.883305017160016,100.0
9660,1,21.986258351958593,21.986258351958593,100.0
9660,2,50.130436630881405,50.130436630881405,100.0
9670,0,43.883678730546094,43.883678730546094,100.0
9670,1,30.230026855170138,30.230026855170138,100.0
9670,2,25.88629441428378,25.88629441428378,100.0
9680,0,47.32284725842803,47.32284725842803,100.0
9680,1,35.29651744177642,35.29651744177642,100.0
9680,2,17.380635299795554,17.380635299795554,100.0
9690,0,27.1490036833071,27.1490036833071,100.0
9690,1,15.953810081455622,15.953810081455622,100.0
9690,2,56.89718623523727,56.89718623523727,100.0
9700,0,25.823070877483893,25.823070877483893,100.0
9700,1,43.62365522478639,43.62365522478639,100.0
9700,2,30.55327389772972,30.55327389772972,100.0
9710,0,26.510266319095322,26.510266319095322,100.0
9710,1,55.000316728142494,55.000316728142494,100.0
9710,2,18.489416952762184,18.489416952762184,100.0
9720,0,25.62316568478691,25.62316568478691,100.0
9720,1,45.56429418070564,45.56429418070564,100.0
9720,2,28.812540134507447,28.812540134507447,100.0
9730,0,41.11490749886883,41.11490749886883,100.0
9730,1,11.255353773873171,11.255353773873171,100.0
9730,2,47.629738727258,47.629738727258,100.0
9740,0,18.247228976369822,18.247228976369822,100.0
9740,1,27.36344708526494,27.36344708526494,100.0
9740,2,54.38932393836523,54.38932393836523,100.0
9750,0,39.57240927112854,39.57240927112854,100.0
9750,1,44.0301936164985,44.0301936164985,100.0
9750,2,16.397397112372953,16.397397112372953,100.0
9760,0,7.791954757554532,7.791954757554532,100.0
9760,1,43.659577543828874,43.659577543828874,100.0
9760,2,48.54846769861659,48.54846769861659,100.0
9770,0,8.916711493500461,8.916711493500461,100.0
9770,1,47.22562111766713,47.22562111766713,100.0
9770,2,43.8576673888324,43.8576673888324,100.0
9780,0,36.8857169667108,36.8857169667108,100.0
9780,1,21.75660788631165,21.75660788631165,100.0
9780,2,41.35767514697755,41.35767514697755,100.0
9790,0,33.32354483514741,33.32354483514741,100.0
9790,1,50.472620669957834,50.472620669957834,100.0
9790,2,16.203834494894757,16.203834494894757,100.0
9800,0,33.052053568898806,33.052053568898806,100.0
9800,1,39.43551518298972,39.43551518298972,100.0
9800,2,27.512431248111486,27.512431248111486,100.0
9810,0,36.94539838131548,36.94539838131548,100.0
9810,1,15.272750947903587,15.272750947903587,100.0
9810,2,47.781850670780926,47.781850670780926,100.0
9820,0,53.28590890651464,53.28590890651464,100.0
9820,1,19.276492455375223,19.276492455375223,100.0
9820,2,27.437598638110146,27.437598638110146,100.0
9830,0,13.275367979219013,13.275367979219013,100.0
9830,1,53.38607458129061,53.38607458129061,100.0
9830,2,33.33855743949039,33.33855743949039,100.0
9840,0,47.87608649574441,47.87608649574441,100.0
9840,1,40.02208420360249,40.02208420360249,100.0
9840,2,12.101829300653101,12.101829300653101,100.0
9850,0,24.182824514275676,24.182824514275676,100.0
9850,1,35.39499484907812,35.39499484907812,100.0
9850,2,40.4221806366462,40.4221806366462,100.0
9860,0,14.917245819820197,14.917245819820197,100.0
9860,1,15.427136771660008,15.427136771660008,100.0
9860,2,69.6556174085198,69.6556174085198,100.0
9870,0,16.695601419827224,16.695601419827224,100.0
9870,1,27.241240977699505,27.241240977699505,100.0
9870,2,56.06315760247327,56.06315760247327,100.0
9880,0,50.00901774990918,50.00901774990918,100.0
9880,1,38.62012059688207,38.62012059688207,100.0
9880,2,11.370861653208763,11.370861653208763,100.0
9890,0,31.058155130490228,31.058155130490228,100.0
9890,1,29.388805718212645,29.388805718212645,100.0
9890,2,39.55303915129713,39.55303915129713,100.0
9900,0,9.518965318730904,9.518965318730904,100.0
9900,1,44.6542538720533,44.6542538720533,100.0
9900,2,45.8267808092158,45.8267808092158,100.0
9910,0,17.66522150010934,17.66522150010934,100.0
9910,1,54.83210180361277,54.83210180361277,100.0
9910,2,27.502676696277888,27.502676696277888,100.0
9920,0,9.426602077787468,9.426602077787468,100.0
9920,1,46.941114987635316,46.941114987635316,100.0
9920,2,43.632282934577205,43.632282934577205,100.0
9930,0,16.889258980074327,16.889258980074327,100.0
9930,1,69.07108617240905,69.07108617240905,100.0
9930,2,14.039654847516637,14.039654847516637,100.0
9940,0,44.31911922263051,44.31911922263051,100.0
9940,1,29.70249258740298,29.70249258740298,100.0
9940,2,25.978388189966523,25.978388189966523,100.0
9950,0,52.287879487672775,52.287879487672775,100.0
9950,1,35.8861125946664,35.8861125946664,100.0
9950,2,11.826007917660828,11.826007917660828,100.0
9960,0,54.57448847144559,54.57448847144559,100.0
9960,1,12.648167416594733,12.648167416594733,100.0
9960,2,32.77734411195967,32.77734411195967,100.0
9970,0,21.42004037481532,21.42004037481532,100.0
9970,1,64.18069484026724,64.18069484026724,100.0
9970,2,14.399264784917442,14.399264784917442,100.0
9980,0,40.55910960004461,40.55910960004461,100.0
9980,1,25.66131500021977,25.66131500021977,100.0
9980,2,33.779575399735634,33.779575399735634,100.0
9990,0,61.22868047381316,61.22868047381316,100.0
9990,1,22.00305548241261,22.00305548241261,100.0
9990,2,16.768264043774234,16.768264043774234,100.0
