callId,timeMs,scenario,slot,bwpId,beamId,sliceId,rnti,bufQueueSize,dlTbSizeBefore,hasDemand,demandPassed,rbgAllocated,uniqueRbgs,tbSizeBytes,mcs,rank,numRbPerRbg,reason
1,503,normal,0,0,65535_65535,0,1,3069,0,0,1,0,0,0,15,1,1,pre_allocation
1,503,normal,0,0,65535_65535,0,1,3069,35,1,1,1,1,35,15,1,1,allocated
1,503,normal,0,0,65535_65535,0,2,3069,0,0,1,0,0,0,15,1,1,pre_allocation
1,503,normal,0,0,65535_65535,0,2,3069,35,1,1,1,1,35,15,1,1,allocated
1,503,normal,0,0,65535_65535,0,3,3069,0,0,1,0,0,0,15,1,1,pre_allocation
1,503,normal,0,0,65535_65535,0,3,3069,35,1,1,1,1,35,15,1,1,allocated
1,503,normal,0,0,65535_65535,0,4,3069,0,0,1,0,0,0,15,1,1,pre_allocation
1,503,normal,0,0,65535_65535,0,4,3069,35,1,1,1,1,35,15,1,1,allocated
1,503,normal,0,0,65535_65535,0,5,3069,0,0,1,0,0,0,15,1,1,pre_allocation
1,503,normal,0,0,65535_65535,0,5,3069,35,1,1,1,1,35,15,1,1,allocated
1,503,normal,0,0,65535_65535,0,1,3069,35,0,1,0,1,0,15,1,1,pre_allocation
1,503,normal,0,0,65535_65535,0,1,3069,74,1,1,1,2,74,15,1,1,allocated
1,503,normal,0,0,65535_65535,0,2,3069,35,0,1,0,1,0,15,1,1,pre_allocation
1,503,normal,0,0,65535_65535,0,2,3069,74,1,1,1,2,74,15,1,1,allocated
1,503,normal,0,0,65535_65535,0,3,3069,35,0,1,0,1,0,15,1,1,pre_allocation
1,503,normal,0,0,65535_65535,0,3,3069,74,1,1,1,2,74,15,1,1,allocated
1,503,normal,0,0,65535_65535,0,4,3069,35,0,1,0,1,0,15,1,1,pre_allocation
1,503,normal,0,0,65535_65535,0,4,3069,74,1,1,1,2,74,15,1,1,allocated
1,503,normal,0,0,65535_65535,0,5,3069,35,0,1,0,1,0,15,1,1,pre_allocation
1,503,normal,0,0,65535_65535,0,5,3069,74,1,1,1,2,74,15,1,1,allocated
1,503,normal,0,0,65535_65535,0,1,3069,74,0,1,0,2,0,15,1,1,pre_allocation
1,503,normal,0,0,65535_65535,0,1,3069,112,1,1,1,3,112,15,1,1,allocated
1,503,normal,0,0,65535_65535,0,2,3069,74,0,1,0,2,0,15,1,1,pre_allocation
1,503,normal,0,0,65535_65535,0,2,3069,112,1,1,1,3,112,15,1,1,allocated
1,503,normal,0,0,65535_65535,0,3,3069,74,0,1,0,2,0,15,1,1,pre_allocation
1,503,normal,0,0,65535_65535,0,3,3069,112,1,1,1,3,112,15,1,1,allocated
1,503,normal,0,0,65535_65535,0,4,3069,74,0,1,0,2,0,15,1,1,pre_allocation
1,503,normal,0,0,65535_65535,0,4,3069,112,1,1,1,3,112,15,1,1,allocated
1,503,normal,0,0,65535_65535,0,5,3069,74,0,1,0,2,0,15,1,1,pre_allocation
1,503,normal,0,0,65535_65535,0,5,3069,112,1,1,1,3,112,15,1,1,allocated
1,503,normal,0,0,65535_65535,0,1,3069,112,0,1,0,3,0,15,1,1,pre_allocation
1,503,normal,0,0,65535_65535,0,1,3069,151,1,1,1,4,151,15,1,1,allocated
1,503,normal,0,0,65535_65535,0,2,3069,112,0,1,0,3,0,15,1,1,pre_allocation
1,503,normal,0,0,65535_65535,0,2,3069,151,1,1,1,4,151,15,1,1,allocated
1,503,normal,0,0,65535_65535,0,3,3069,112,0,1,0,3,0,15,1,1,pre_allocation
1,503,normal,0,0,65535_65535,0,3,3069,151,1,1,1,4,151,15,1,1,allocated
1,503,normal,0,0,65535_65535,0,4,3069,112,0,1,0,3,0,15,1,1,pre_allocation
1,503,normal,0,0,65535_65535,0,4,3069,151,1,1,1,4,151,15,1,1,allocated
1,503,normal,0,0,65535_65535,0,5,3069,112,0,1,0,3,0,15,1,1,pre_allocation
1,503,normal,0,0,65535_65535,0,5,3069,151,1,1,1,4,151,15,1,1,allocated
1,503,normal,0,0,65535_65535,0,1,3069,151,0,1,0,4,0,15,1,1,pre_allocation
1,503,normal,0,0,65535_65535,0,1,3069,190,1,1,1,5,190,15,1,1,allocated
1,503,normal,0,0,65535_65535,0,2,3069,151,0,1,0,4,0,15,1,1,pre_allocation
1,503,normal,0,0,65535_65535,0,2,3069,190,1,1,1,5,190,15,1,1,allocated
1,503,normal,0,0,65535_65535,0,3,3069,151,0,1,0,4,0,15,1,1,pre_allocation
1,503,normal,0,0,65535_65535,0,3,3069,190,1,1,1,5,190,15,1,1,allocated
1,503,normal,0,0,65535_65535,0,4,3069,151,0,1,0,4,0,15,1,1,pre_allocation
1,503,normal,0,0,65535_65535,0,4,3069,190,1,1,1,5,190,15,1,1,allocated
1,503,normal,0,0,65535_65535,0,5,3069,151,0,1,0,4,0,15,1,1,pre_allocation
1,503,normal,0,0,65535_65535,0,5,3069,190,1,1,1,5,190,15,1,1,allocated
1,503,normal,0,0,65535_65535,0,1,3069,190,0,1,0,5,0,15,1,1,pre_allocation
1,503,normal,0,0,65535_65535,0,1,3069,228,1,1,1,6,228,15,1,1,allocated
1,503,normal,0,0,65535_65535,0,2,3069,190,0,1,0,5,0,15,1,1,pre_allocation
1,503,normal,0,0,65535_65535,0,2,3069,228,1,1,1,6,228,15,1,1,allocated
1,503,normal,0,0,65535_65535,0,3,3069,190,0,1,0,5,0,15,1,1,pre_allocation
1,503,normal,0,0,65535_65535,0,3,3069,228,1,1,1,6,228,15,1,1,allocated
1,503,normal,0,0,65535_65535,0,4,3069,190,0,1,0,5,0,15,1,1,pre_allocation
1,503,normal,0,0,65535_65535,0,4,3069,228,1,1,1,6,228,15,1,1,allocated
1,503,normal,0,0,65535_65535,0,5,3069,190,0,1,0,5,0,15,1,1,pre_allocation
1,503,normal,0,0,65535_65535,0,5,3069,228,1,1,1,6,228,15,1,1,allocated
1,503,normal,0,0,65535_65535,0,1,3069,228,0,1,0,6,0,15,1,1,pre_allocation
1,503,normal,0,0,65535_65535,0,1,3069,267,1,1,1,7,267,15,1,1,allocated
1,503,normal,0,0,65535_65535,0,2,3069,228,0,1,0,6,0,15,1,1,pre_allocation
1,503,normal,0,0,65535_65535,0,2,3069,267,1,1,1,7,267,15,1,1,allocated
1,503,normal,0,0,65535_65535,0,3,3069,228,0,1,0,6,0,15,1,1,pre_allocation
1,503,normal,0,0,65535_65535,0,3,3069,267,1,1,1,7,267,15,1,1,allocated
1,503,normal,0,0,65535_65535,0,4,3069,228,0,1,0,6,0,15,1,1,pre_allocation
1,503,normal,0,0,65535_65535,0,4,3069,267,1,1,1,7,267,15,1,1,allocated
1,503,normal,0,0,65535_65535,0,5,3069,228,0,1,0,6,0,15,1,1,pre_allocation
1,503,normal,0,0,65535_65535,0,5,3069,267,1,1,1,7,267,15,1,1,allocated
1,503,normal,0,0,65535_65535,0,1,3069,267,0,1,0,7,0,15,1,1,pre_allocation
1,503,normal,0,0,65535_65535,0,1,3069,305,1,1,1,8,305,15,1,1,allocated
1,503,normal,0,0,65535_65535,0,2,3069,267,0,1,0,7,0,15,1,1,pre_allocation
1,503,normal,0,0,65535_65535,0,2,3069,305,1,1,1,8,305,15,1,1,allocated
1,503,normal,0,0,65535_65535,0,3,3069,267,0,1,0,7,0,15,1,1,pre_allocation
1,503,normal,0,0,65535_65535,0,3,3069,305,1,1,1,8,305,15,1,1,allocated
1,503,normal,0,0,65535_65535,0,4,3069,267,0,1,0,7,0,15,1,1,pre_allocation
1,503,normal,0,0,65535_65535,0,4,3069,305,1,1,1,8,305,15,1,1,allocated
1,503,normal,0,0,65535_65535,0,5,3069,267,0,1,0,7,0,15,1,1,pre_allocation
1,503,normal,0,0,65535_65535,0,5,3069,305,1,1,1,8,305,15,1,1,allocated
1,503,normal,0,0,65535_65535,0,1,3069,305,0,1,0,8,0,15,1,1,pre_allocation
1,503,normal,0,0,65535_65535,0,1,3069,344,1,1,1,9,344,15,1,1,allocated
1,503,normal,0,0,65535_65535,0,2,3069,305,0,1,0,8,0,15,1,1,pre_allocation
1,503,normal,0,0,65535_65535,0,2,3069,344,1,1,1,9,344,15,1,1,allocated
1,503,normal,0,0,65535_65535,0,3,3069,305,0,1,0,8,0,15,1,1,pre_allocation
1,503,normal,0,0,65535_65535,0,3,3069,344,1,1,1,9,344,15,1,1,allocated
1,503,normal,0,0,65535_65535,0,4,3069,305,0,1,0,8,0,15,1,1,pre_allocation
1,503,normal,0,0,65535_65535,0,4,3069,344,1,1,1,9,344,15,1,1,allocated
1,503,normal,0,0,65535_65535,0,5,3069,305,0,1,0,8,0,15,1,1,pre_allocation
1,503,normal,0,0,65535_65535,0,5,3069,344,1,1,1,9,344,15,1,1,allocated
1,503,normal,0,0,65535_65535,0,1,3069,344,0,1,0,9,0,15,1,1,pre_allocation
1,503,normal,0,0,65535_65535,0,1,3069,383,1,1,1,10,383,15,1,1,allocated
1,503,normal,0,0,65535_65535,0,2,3069,344,0,1,0,9,0,15,1,1,pre_allocation
1,503,normal,0,0,65535_65535,0,2,3069,383,1,1,1,10,383,15,1,1,allocated
1,503,normal,0,0,65535_65535,0,3,3069,344,0,1,0,9,0,15,1,1,pre_allocation
1,503,normal,0,0,65535_65535,0,3,3069,383,1,1,1,10,383,15,1,1,allocated
1,503,normal,0,0,65535_65535,0,4,3069,344,0,1,0,9,0,15,1,1,pre_allocation
1,503,normal,0,0,65535_65535,0,4,3069,383,1,1,1,10,383,15,1,1,allocated
1,503,normal,0,0,65535_65535,0,5,3069,344,0,1,0,9,0,15,1,1,pre_allocation
1,503,normal,0,0,65535_65535,0,5,3069,383,1,1,1,10,383,15,1,1,allocated
1,503,normal,0,0,65535_65535,0,1,3069,383,0,1,0,10,0,15,1,1,pre_allocation
1,503,normal,0,0,65535_65535,0,1,3069,421,1,1,1,11,421,15,1,1,allocated
1,503,normal,0,0,65535_65535,0,2,3069,383,0,1,0,10,0,15,1,1,pre_allocation
1,503,normal,0,0,65535_65535,0,2,3069,421,1,1,1,11,421,15,1,1,allocated
1,503,normal,0,0,65535_65535,0,3,3069,383,0,1,0,10,0,15,1,1,pre_allocation
1,503,normal,0,0,65535_65535,0,3,3069,421,1,1,1,11,421,15,1,1,allocated
1,503,normal,0,0,65535_65535,0,4,3069,383,0,1,0,10,0,15,1,1,pre_allocation
1,503,normal,0,0,65535_65535,0,4,3069,421,1,1,1,11,421,15,1,1,allocated
1,503,normal,0,0,65535_65535,0,5,3069,383,0,1,0,10,0,15,1,1,pre_allocation
1,503,normal,0,0,65535_65535,0,5,3069,421,1,1,1,11,421,15,1,1,allocated
1,503,normal,0,0,65535_65535,0,1,3069,421,0,1,0,11,0,15,1,1,pre_allocation
1,503,normal,0,0,65535_65535,0,1,3069,460,1,1,1,12,460,15,1,1,allocated
1,503,normal,0,0,65535_65535,0,2,3069,421,0,1,0,11,0,15,1,1,pre_allocation
1,503,normal,0,0,65535_65535,0,2,3069,460,1,1,1,12,460,15,1,1,allocated
1,503,normal,0,0,65535_65535,0,3,3069,421,0,1,0,11,0,15,1,1,pre_allocation
1,503,normal,0,0,65535_65535,0,3,3069,460,1,1,1,12,460,15,1,1,allocated
1,503,normal,0,0,65535_65535,0,4,3069,421,0,1,0,11,0,15,1,1,pre_allocation
1,503,normal,0,0,65535_65535,0,4,3069,460,1,1,1,12,460,15,1,1,allocated
1,503,normal,0,0,65535_65535,0,5,3069,421,0,1,0,11,0,15,1,1,pre_allocation
1,503,normal,0,0,65535_65535,0,5,3069,460,1,1,1,12,460,15,1,1,allocated
1,503,normal,0,0,65535_65535,0,1,3069,460,0,1,0,12,0,15,1,1,pre_allocation
1,503,normal,0,0,65535_65535,0,1,3069,498,1,1,1,13,498,15,1,1,allocated
1,503,normal,0,0,65535_65535,0,2,3069,460,0,1,0,12,0,15,1,1,pre_allocation
1,503,normal,0,0,65535_65535,0,2,3069,498,1,1,1,13,498,15,1,1,allocated
1,503,normal,0,0,65535_65535,0,3,3069,460,0,1,0,12,0,15,1,1,pre_allocation
1,503,normal,0,0,65535_65535,0,3,3069,498,1,1,1,13,498,15,1,1,allocated
1,503,normal,0,0,65535_65535,0,4,3069,460,0,1,0,12,0,15,1,1,pre_allocation
1,503,normal,0,0,65535_65535,0,4,3069,498,1,1,1,13,498,15,1,1,allocated
1,503,normal,0,0,65535_65535,0,5,3069,460,0,1,0,12,0,15,1,1,pre_allocation
1,503,normal,0,0,65535_65535,0,5,3069,498,1,1,1,13,498,15,1,1,allocated
1,503,normal,0,0,65535_65535,0,1,3069,498,0,1,0,13,0,15,1,1,pre_allocation
1,503,normal,0,0,65535_65535,0,1,3069,537,1,1,1,14,537,15,1,1,allocated
1,503,normal,0,0,65535_65535,0,2,3069,498,0,1,0,13,0,15,1,1,pre_allocation
1,503,normal,0,0,65535_65535,0,2,3069,537,1,1,1,14,537,15,1,1,allocated
1,503,normal,0,0,65535_65535,0,3,3069,498,0,1,0,13,0,15,1,1,pre_allocation
1,503,normal,0,0,65535_65535,0,3,3069,537,1,1,1,14,537,15,1,1,allocated
1,503,normal,0,0,65535_65535,0,4,3069,498,0,1,0,13,0,15,1,1,pre_allocation
1,503,normal,0,0,65535_65535,0,4,3069,537,1,1,1,14,537,15,1,1,allocated
1,503,normal,0,0,65535_65535,0,5,3069,498,0,1,0,13,0,15,1,1,pre_allocation
1,503,normal,0,0,65535_65535,0,5,3069,537,1,1,1,14,537,15,1,1,allocated
1,503,normal,0,0,65535_65535,0,1,3069,537,0,1,0,14,0,15,1,1,pre_allocation
1,503,normal,0,0,65535_65535,0,1,3069,576,1,1,1,15,576,15,1,1,allocated
1,503,normal,0,0,65535_65535,0,2,3069,537,0,1,0,14,0,15,1,1,pre_allocation
1,503,normal,0,0,65535_65535,0,2,3069,576,1,1,1,15,576,15,1,1,allocated
1,503,normal,0,0,65535_65535,0,3,3069,537,0,1,0,14,0,15,1,1,pre_allocation
1,503,normal,0,0,65535_65535,0,3,3069,576,1,1,1,15,576,15,1,1,allocated
1,503,normal,0,0,65535_65535,0,4,3069,537,0,1,0,14,0,15,1,1,pre_allocation
1,503,normal,0,0,65535_65535,0,4,3069,576,1,1,1,15,576,15,1,1,allocated
1,503,normal,0,0,65535_65535,0,5,3069,537,0,1,0,14,0,15,1,1,pre_allocation
1,503,normal,0,0,65535_65535,0,5,3069,576,1,1,1,15,576,15,1,1,allocated
1,503,normal,0,0,65535_65535,0,1,3069,576,0,1,0,15,0,15,1,1,pre_allocation
1,503,normal,0,0,65535_65535,0,1,3069,614,1,1,1,16,614,15,1,1,allocated
1,503,normal,0,0,65535_65535,0,2,3069,576,0,1,0,15,0,15,1,1,pre_allocation
1,503,normal,0,0,65535_65535,0,2,3069,614,1,1,1,16,614,15,1,1,allocated
1,503,normal,0,0,65535_65535,0,3,3069,576,0,1,0,15,0,15,1,1,pre_allocation
1,503,normal,0,0,65535_65535,0,3,3069,614,1,1,1,16,614,15,1,1,allocated
1,503,normal,0,0,65535_65535,0,4,3069,576,0,1,0,15,0,15,1,1,pre_allocation
1,503,normal,0,0,65535_65535,0,4,3069,614,1,1,1,16,614,15,1,1,allocated
1,503,normal,0,0,65535_65535,0,5,3069,576,0,1,0,15,0,15,1,1,pre_allocation
1,503,normal,0,0,65535_65535,0,5,3069,614,1,1,1,16,614,15,1,1,allocated
1,503,normal,0,0,65535_65535,0,1,3069,614,0,1,0,16,0,15,1,1,pre_allocation
1,503,normal,0,0,65535_65535,0,1,3069,653,1,1,1,17,653,15,1,1,allocated
1,503,normal,0,0,65535_65535,0,2,3069,614,0,1,0,16,0,15,1,1,pre_allocation
1,503,normal,0,0,65535_65535,0,2,3069,653,1,1,1,17,653,15,1,1,allocated
1,503,normal,0,0,65535_65535,0,3,3069,614,0,1,0,16,0,15,1,1,pre_allocation
1,503,normal,0,0,65535_65535,0,3,3069,653,1,1,1,17,653,15,1,1,allocated
1,503,normal,0,0,65535_65535,0,4,3069,614,0,1,0,16,0,15,1,1,pre_allocation
1,503,normal,0,0,65535_65535,0,4,3069,653,1,1,1,17,653,15,1,1,allocated
1,503,normal,0,0,65535_65535,0,5,3069,614,0,1,0,16,0,15,1,1,pre_allocation
1,503,normal,0,0,65535_65535,0,5,3069,653,1,1,1,17,653,15,1,1,allocated
1,503,normal,0,0,65535_65535,0,1,3069,653,0,1,0,17,0,15,1,1,pre_allocation
1,503,normal,0,0,65535_65535,0,1,3069,691,1,1,1,18,691,15,1,1,allocated
1,503,normal,0,0,65535_65535,0,2,3069,653,0,1,0,17,0,15,1,1,pre_allocation
1,503,normal,0,0,65535_65535,0,2,3069,691,1,1,1,18,691,15,1,1,allocated
1,503,normal,0,0,65535_65535,0,3,3069,653,0,1,0,17,0,15,1,1,pre_allocation
1,503,normal,0,0,65535_65535,0,3,3069,691,1,1,1,18,691,15,1,1,allocated
1,503,normal,0,0,65535_65535,0,4,3069,653,0,1,0,17,0,15,1,1,pre_allocation
1,503,normal,0,0,65535_65535,0,4,3069,691,1,1,1,18,691,15,1,1,allocated
1,503,normal,0,0,65535_65535,0,5,3069,653,0,1,0,17,0,15,1,1,pre_allocation
1,503,normal,0,0,65535_65535,0,5,3069,691,1,1,1,18,691,15,1,1,allocated
1,503,normal,0,0,65535_65535,0,1,3069,691,0,1,0,18,0,15,1,1,pre_allocation
1,503,normal,0,0,65535_65535,0,1,3069,730,1,1,1,19,730,15,1,1,allocated
1,503,normal,0,0,65535_65535,0,2,3069,691,0,1,0,18,0,15,1,1,pre_allocation
1,503,normal,0,0,65535_65535,0,2,3069,730,1,1,1,19,730,15,1,1,allocated
1,503,normal,0,0,65535_65535,0,3,3069,691,0,1,0,18,0,15,1,1,pre_allocation
1,503,normal,0,0,65535_65535,0,3,3069,730,1,1,1,19,730,15,1,1,allocated
1,503,normal,0,0,65535_65535,0,4,3069,691,0,1,0,18,0,15,1,1,pre_allocation
1,503,normal,0,0,65535_65535,0,4,3069,730,1,1,1,19,730,15,1,1,allocated
1,503,normal,0,0,65535_65535,0,5,3069,691,0,1,0,18,0,15,1,1,pre_allocation
1,503,normal,0,0,65535_65535,0,5,3069,730,1,1,1,19,730,15,1,1,allocated
1,503,normal,0,0,65535_65535,0,1,3069,730,0,1,0,19,0,15,1,1,pre_allocation
1,503,normal,0,0,65535_65535,0,1,3069,769,1,1,1,20,769,15,1,1,allocated
1,503,normal,0,0,65535_65535,0,2,3069,730,0,1,0,19,0,15,1,1,pre_allocation
1,503,normal,0,0,65535_65535,0,2,3069,769,1,1,1,20,769,15,1,1,allocated
1,503,normal,0,0,65535_65535,0,3,3069,730,0,1,0,19,0,15,1,1,pre_allocation
1,503,normal,0,0,65535_65535,0,3,3069,769,1,1,1,20,769,15,1,1,allocated
1,503,normal,0,0,65535_65535,0,4,3069,730,0,1,0,19,0,15,1,1,pre_allocation
1,503,normal,0,0,65535_65535,0,4,3069,769,1,1,1,20,769,15,1,1,allocated
1,503,normal,0,0,65535_65535,0,5,3069,730,0,1,0,19,0,15,1,1,pre_allocation
1,503,normal,0,0,65535_65535,0,5,3069,769,1,1,1,20,769,15,1,1,allocated
1,503,normal,0,0,65535_65535,0,1,3069,769,0,1,0,20,0,15,1,1,pre_allocation
1,503,normal,0,0,65535_65535,0,1,3069,807,1,1,1,21,807,15,1,1,allocated
1,503,normal,0,0,65535_65535,0,2,3069,769,0,1,0,20,0,15,1,1,pre_allocation
1,503,normal,0,0,65535_65535,0,2,3069,807,1,1,1,21,807,15,1,1,allocated
1,503,normal,0,0,65535_65535,0,3,3069,769,0,1,0,20,0,15,1,1,pre_allocation
1,503,normal,0,0,65535_65535,0,3,3069,807,1,1,1,21,807,15,1,1,allocated
1,503,normal,0,0,65535_65535,0,4,3069,769,0,1,0,20,0,15,1,1,pre_allocation
1,503,normal,0,0,65535_65535,0,4,3069,807,1,1,1,21,807,15,1,1,allocated
1,503,normal,0,0,65535_65535,0,5,3069,769,0,1,0,20,0,15,1,1,pre_allocation
1,503,normal,0,0,65535_65535,0,5,3069,807,1,1,1,21,807,15,1,1,allocated
1,503,normal,0,0,65535_65535,0,1,3069,807,0,1,0,21,0,15,1,1,pre_allocation
1,503,normal,0,0,65535_65535,0,1,3069,846,1,1,1,22,846,15,1,1,allocated
1,503,normal,0,0,65535_65535,0,2,3069,807,0,1,0,21,0,15,1,1,pre_allocation
1,503,normal,0,0,65535_65535,0,2,3069,846,1,1,1,22,846,15,1,1,allocated
1,503,normal,0,0,65535_65535,0,3,3069,807,0,1,0,21,0,15,1,1,pre_allocation
1,503,normal,0,0,65535_65535,0,3,3069,846,1,1,1,22,846,15,1,1,allocated
1,503,normal,0,0,65535_65535,0,4,3069,807,0,1,0,21,0,15,1,1,pre_allocation
1,503,normal,0,0,65535_65535,0,4,3069,846,1,1,1,22,846,15,1,1,allocated
1,503,normal,0,0,65535_65535,0,5,3069,807,0,1,0,21,0,15,1,1,pre_allocation
1,503,normal,0,0,65535_65535,0,5,3069,846,1,1,1,22,846,15,1,1,allocated
1,503,normal,0,0,65535_65535,0,1,3069,846,0,1,0,22,0,15,1,1,pre_allocation
1,503,normal,0,0,65535_65535,0,1,3069,885,1,1,1,23,885,15,1,1,allocated
1,503,normal,0,0,65535_65535,0,2,3069,846,0,1,0,22,0,15,1,1,pre_allocation
1,503,normal,0,0,65535_65535,0,2,3069,885,1,1,1,23,885,15,1,1,allocated
1,503,normal,0,0,65535_65535,0,3,3069,846,0,1,0,22,0,15,1,1,pre_allocation
1,503,normal,0,0,65535_65535,0,3,3069,885,1,1,1,23,885,15,1,1,allocated
1,503,normal,0,0,65535_65535,0,4,3069,846,0,1,0,22,0,15,1,1,pre_allocation
1,503,normal,0,0,65535_65535,0,4,3069,885,1,1,1,23,885,15,1,1,allocated
1,503,normal,0,0,65535_65535,0,5,3069,846,0,1,0,22,0,15,1,1,pre_allocation
1,503,normal,0,0,65535_65535,0,5,3069,885,1,1,1,23,885,15,1,1,allocated
1,503,normal,0,0,65535_65535,0,1,3069,885,0,1,0,23,0,15,1,1,pre_allocation
1,503,normal,0,0,65535_65535,0,1,3069,923,1,1,1,24,923,15,1,1,allocated
1,503,normal,0,0,65535_65535,0,2,3069,885,0,1,0,23,0,15,1,1,pre_allocation
1,503,normal,0,0,65535_65535,0,2,3069,923,1,1,1,24,923,15,1,1,allocated
1,503,normal,0,0,65535_65535,0,3,3069,885,0,1,0,23,0,15,1,1,pre_allocation
1,503,normal,0,0,65535_65535,0,3,3069,923,1,1,1,24,923,15,1,1,allocated
1,503,normal,0,0,65535_65535,0,4,3069,885,0,1,0,23,0,15,1,1,pre_allocation
1,503,normal,0,0,65535_65535,0,4,3069,923,1,1,1,24,923,15,1,1,allocated
1,503,normal,0,0,65535_65535,0,5,3069,885,0,1,0,23,0,15,1,1,pre_allocation
1,503,normal,0,0,65535_65535,0,5,3069,923,1,1,1,24,923,15,1,1,allocated
1,503,normal,0,0,65535_65535,0,1,3069,923,0,1,0,24,0,15,1,1,pre_allocation
1,503,normal,0,0,65535_65535,0,1,3069,962,1,1,1,25,962,15,1,1,allocated
1,503,normal,0,0,65535_65535,0,2,3069,923,0,1,0,24,0,15,1,1,pre_allocation
1,503,normal,0,0,65535_65535,0,2,3069,962,1,1,1,25,962,15,1,1,allocated
1,503,normal,0,0,65535_65535,0,3,3069,923,0,1,0,24,0,15,1,1,pre_allocation
1,503,normal,0,0,65535_65535,0,3,3069,962,1,1,1,25,962,15,1,1,allocated
1,503,normal,0,0,65535_65535,0,4,3069,923,0,1,0,24,0,15,1,1,pre_allocation
1,503,normal,0,0,65535_65535,0,4,3069,962,1,1,1,25,962,15,1,1,allocated
1,503,normal,0,0,65535_65535,0,5,3069,923,0,1,0,24,0,15,1,1,pre_allocation
1,503,normal,0,0,65535_65535,0,5,3069,962,1,1,1,25,962,15,1,1,allocated
1,503,normal,0,0,65535_65535,0,1,3069,962,0,1,0,25,0,15,1,1,pre_allocation
1,503,normal,0,0,65535_65535,0,1,3069,1000,1,1,1,26,1000,15,1,1,allocated
1,503,normal,0,0,65535_65535,0,2,3069,962,0,1,0,25,0,15,1,1,pre_allocation
1,503,normal,0,0,65535_65535,0,2,3069,1000,1,1,1,26,1000,15,1,1,allocated
1,503,normal,0,0,65535_65535,0,3,3069,962,0,1,0,25,0,15,1,1,pre_allocation
1,503,normal,0,0,65535_65535,0,3,3069,1000,1,1,1,26,1000,15,1,1,allocated
1,503,normal,0,0,65535_65535,0,4,3069,962,0,1,0,25,0,15,1,1,pre_allocation
1,503,normal,0,0,65535_65535,0,4,3069,1000,1,1,1,26,1000,15,1,1,allocated
1,503,normal,0,0,65535_65535,0,5,3069,962,0,1,0,25,0,15,1,1,pre_allocation
1,503,normal,0,0,65535_65535,0,5,3069,1000,1,1,1,26,1000,15,1,1,allocated
1,503,normal,0,0,65535_65535,0,1,3069,1000,0,1,0,26,0,15,1,1,pre_allocation
1,503,normal,0,0,65535_65535,0,1,3069,1039,1,1,1,27,1039,15,1,1,allocated
1,503,normal,0,0,65535_65535,0,2,3069,1000,0,1,0,26,0,15,1,1,pre_allocation
1,503,normal,0,0,65535_65535,0,2,3069,1039,1,1,1,27,1039,15,1,1,allocated
1,503,normal,0,0,65535_65535,0,3,3069,1000,0,1,0,26,0,15,1,1,pre_allocation
1,503,normal,0,0,65535_65535,0,3,3069,1039,1,1,1,27,1039,15,1,1,allocated
1,503,normal,0,0,65535_65535,0,4,3069,1000,0,1,0,26,0,15,1,1,pre_allocation
1,503,normal,0,0,65535_65535,0,4,3069,1039,1,1,1,27,1039,15,1,1,allocated
1,503,normal,0,0,65535_65535,0,5,3069,1000,0,1,0,26,0,15,1,1,pre_allocation
1,503,normal,0,0,65535_65535,0,5,3069,1039,1,1,1,27,1039,15,1,1,allocated
1,503,normal,0,0,65535_65535,0,1,3069,1039,0,1,0,27,0,15,1,1,pre_allocation
1,503,normal,0,0,65535_65535,0,1,3069,1078,1,1,1,28,1078,15,1,1,allocated
1,503,normal,0,0,65535_65535,0,2,3069,1039,0,1,0,27,0,15,1,1,pre_allocation
1,503,normal,0,0,65535_65535,0,2,3069,1078,1,1,1,28,1078,15,1,1,allocated
1,503,normal,0,0,65535_65535,0,3,3069,1039,0,1,0,27,0,15,1,1,pre_allocation
1,503,normal,0,0,65535_65535,0,3,3069,1078,1,1,1,28,1078,15,1,1,allocated
1,503,normal,0,0,65535_65535,0,4,3069,1039,0,1,0,27,0,15,1,1,pre_allocation
1,503,normal,0,0,65535_65535,0,4,3069,1078,1,1,1,28,1078,15,1,1,allocated
1,503,normal,0,0,65535_65535,0,5,3069,1039,0,1,0,27,0,15,1,1,pre_allocation
1,503,normal,0,0,65535_65535,0,5,3069,1078,1,1,1,28,1078,15,1,1,allocated
1,503,normal,0,0,65535_65535,0,1,3069,1078,0,1,0,28,0,15,1,1,pre_allocation
1,503,normal,0,0,65535_65535,0,1,3069,1116,1,1,1,29,1116,15,1,1,allocated
1,503,normal,0,0,65535_65535,0,2,3069,1078,0,1,0,28,0,15,1,1,pre_allocation
1,503,normal,0,0,65535_65535,0,2,3069,1116,1,1,1,29,1116,15,1,1,allocated
1,503,normal,0,0,65535_65535,0,3,3069,1078,0,1,0,28,0,15,1,1,pre_allocation
1,503,normal,0,0,65535_65535,0,3,3069,1116,1,1,1,29,1116,15,1,1,allocated
1,503,normal,0,0,65535_65535,0,4,3069,1078,0,1,0,28,0,15,1,1,pre_allocation
1,503,normal,0,0,65535_65535,0,4,3069,1116,1,1,1,29,1116,15,1,1,allocated
1,503,normal,0,0,65535_65535,0,5,3069,1078,0,1,0,28,0,15,1,1,pre_allocation
1,503,normal,0,0,65535_65535,0,5,3069,1116,1,1,1,29,1116,15,1,1,allocated
1,503,normal,0,0,65535_65535,0,1,3069,1116,0,1,0,29,0,15,1,1,pre_allocation
1,503,normal,0,0,65535_65535,0,1,3069,1155,1,1,1,30,1155,15,1,1,allocated
1,503,normal,0,0,65535_65535,0,2,3069,1116,0,1,0,29,0,15,1,1,pre_allocation
1,503,normal,0,0,65535_65535,0,2,3069,1155,1,1,1,30,1155,15,1,1,allocated
1,503,normal,0,0,65535_65535,0,3,3069,1116,0,1,0,29,0,15,1,1,pre_allocation
1,503,normal,0,0,65535_65535,0,3,3069,1155,1,1,1,30,1155,15,1,1,allocated
1,503,normal,0,0,65535_65535,0,4,3069,1116,0,1,0,29,0,15,1,1,pre_allocation
1,503,normal,0,0,65535_65535,0,4,3069,1155,1,1,1,30,1155,15,1,1,allocated
1,503,normal,0,0,65535_65535,0,5,3069,1116,0,1,0,29,0,15,1,1,pre_allocation
1,503,normal,0,0,65535_65535,0,5,3069,1155,1,1,1,30,1155,15,1,1,allocated
1,503,normal,0,0,65535_65535,0,1,3069,1155,0,1,0,30,0,15,1,1,pre_allocation
1,503,normal,0,0,65535_65535,0,1,3069,1193,1,1,1,31,1193,15,1,1,allocated
1,503,normal,0,0,65535_65535,0,2,3069,1155,0,1,0,30,0,15,1,1,pre_allocation
1,503,normal,0,0,65535_65535,0,2,3069,1193,1,1,1,31,1193,15,1,1,allocated
1,503,normal,0,0,65535_65535,0,3,3069,1155,0,1,0,30,0,15,1,1,pre_allocation
1,503,normal,0,0,65535_65535,0,3,3069,1193,1,1,1,31,1193,15,1,1,allocated
1,503,normal,0,0,65535_65535,0,4,3069,1155,0,1,0,30,0,15,1,1,pre_allocation
1,503,normal,0,0,65535_65535,0,4,3069,1193,1,1,1,31,1193,15,1,1,allocated
1,503,normal,0,0,65535_65535,0,5,3069,1155,0,1,0,30,0,15,1,1,pre_allocation
1,503,normal,0,0,65535_65535,0,5,3069,1193,1,1,1,31,1193,15,1,1,allocated
1,503,normal,0,0,65535_65535,0,1,3069,1193,0,1,0,31,0,15,1,1,pre_allocation
1,503,normal,0,0,65535_65535,0,1,3069,1232,1,1,1,32,1232,15,1,1,allocated
1,503,normal,0,0,65535_65535,0,2,3069,1193,0,1,0,31,0,15,1,1,pre_allocation
1,503,normal,0,0,65535_65535,0,2,3069,1232,1,1,1,32,1232,15,1,1,allocated
1,503,normal,0,0,65535_65535,0,3,3069,1193,0,1,0,31,0,15,1,1,pre_allocation
1,503,normal,0,0,65535_65535,0,3,3069,1232,1,1,1,32,1232,15,1,1,allocated
1,503,normal,0,0,65535_65535,0,4,3069,1193,0,1,0,31,0,15,1,1,pre_allocation
1,503,normal,0,0,65535_65535,0,4,3069,1232,1,1,1,32,1232,15,1,1,allocated
1,503,normal,0,0,65535_65535,0,5,3069,1193,0,1,0,31,0,15,1,1,pre_allocation
1,503,normal,0,0,65535_65535,0,5,3069,1232,1,1,1,32,1232,15,1,1,allocated
1,503,normal,0,0,65535_65535,0,1,3069,1232,0,1,0,32,0,15,1,1,pre_allocation
1,503,normal,0,0,65535_65535,0,1,3069,1271,1,1,1,33,1271,15,1,1,allocated
1,503,normal,0,0,65535_65535,0,2,3069,1232,0,1,0,32,0,15,1,1,pre_allocation
1,503,normal,0,0,65535_65535,0,2,3069,1271,1,1,1,33,1271,15,1,1,allocated
1,503,normal,0,0,65535_65535,0,3,3069,1232,0,1,0,32,0,15,1,1,pre_allocation
1,503,normal,0,0,65535_65535,0,3,3069,1271,1,1,1,33,1271,15,1,1,allocated
1,503,normal,0,0,65535_65535,0,4,3069,1232,0,1,0,32,0,15,1,1,pre_allocation
1,503,normal,0,0,65535_65535,0,4,3069,1271,1,1,1,33,1271,15,1,1,allocated
1,503,normal,0,0,65535_65535,0,5,3069,1232,0,1,0,32,0,15,1,1,pre_allocation
1,503,normal,0,0,65535_65535,0,5,3069,1271,1,1,1,33,1271,15,1,1,allocated
1,503,normal,0,0,65535_65535,0,1,3069,1271,0,1,0,33,0,15,1,1,pre_allocation
1,503,normal,0,0,65535_65535,0,1,3069,1309,1,1,1,34,1309,15,1,1,allocated
1,503,normal,0,0,65535_65535,0,2,3069,1271,0,1,0,33,0,15,1,1,pre_allocation
1,503,normal,0,0,65535_65535,0,2,3069,1309,1,1,1,34,1309,15,1,1,allocated
1,503,normal,0,0,65535_65535,0,3,3069,1271,0,1,0,33,0,15,1,1,pre_allocation
1,503,normal,0,0,65535_65535,0,3,3069,1309,1,1,1,34,1309,15,1,1,allocated
1,503,normal,0,0,65535_65535,0,4,3069,1271,0,1,0,33,0,15,1,1,pre_allocation
1,503,normal,0,0,65535_65535,0,4,3069,1309,1,1,1,34,1309,15,1,1,allocated
1,503,normal,0,0,65535_65535,0,5,3069,1271,0,1,0,33,0,15,1,1,pre_allocation
1,503,normal,0,0,65535_65535,0,5,3069,1309,1,1,1,34,1309,15,1,1,allocated
1,503,normal,0,0,65535_65535,0,1,3069,1309,0,1,0,34,0,15,1,1,pre_allocation
1,503,normal,0,0,65535_65535,0,1,3069,1348,1,1,1,35,1348,15,1,1,allocated
1,503,normal,0,0,65535_65535,0,2,3069,1309,0,1,0,34,0,15,1,1,pre_allocation
1,503,normal,0,0,65535_65535,0,2,3069,1348,1,1,1,35,1348,15,1,1,allocated
1,503,normal,0,0,65535_65535,0,3,3069,1309,0,1,0,34,0,15,1,1,pre_allocation
1,503,normal,0,0,65535_65535,0,3,3069,1348,1,1,1,35,1348,15,1,1,allocated
1,503,normal,0,0,65535_65535,0,4,3069,1309,0,1,0,34,0,15,1,1,pre_allocation
1,503,normal,0,0,65535_65535,0,4,3069,1348,1,1,1,35,1348,15,1,1,allocated
1,503,normal,0,0,65535_65535,0,5,3069,1309,0,1,0,34,0,15,1,1,pre_allocation
1,503,normal,0,0,65535_65535,0,5,3069,1348,1,1,1,35,1348,15,1,1,allocated
1,503,normal,0,0,65535_65535,0,1,3069,1348,0,1,0,35,0,15,1,1,pre_allocation
1,503,normal,0,0,65535_65535,0,1,3069,1386,1,1,1,36,1386,15,1,1,allocated
1,503,normal,0,0,65535_65535,0,2,3069,1348,0,1,0,35,0,15,1,1,pre_allocation
1,503,normal,0,0,65535_65535,0,2,3069,1386,1,1,1,36,1386,15,1,1,allocated
1,503,normal,0,0,65535_65535,0,3,3069,1348,0,1,0,35,0,15,1,1,pre_allocation
1,503,normal,0,0,65535_65535,0,3,3069,1386,1,1,1,36,1386,15,1,1,allocated
1,503,normal,0,0,65535_65535,0,4,3069,1348,0,1,0,35,0,15,1,1,pre_allocation
1,503,normal,0,0,65535_65535,0,4,3069,1386,1,1,1,36,1386,15,1,1,allocated
1,503,normal,0,0,65535_65535,0,5,3069,1348,0,1,0,35,0,15,1,1,pre_allocation
1,503,normal,0,0,65535_65535,0,5,3069,1386,1,1,1,36,1386,15,1,1,allocated
1,503,normal,0,0,65535_65535,0,1,3069,1386,0,1,0,36,0,15,1,1,pre_allocation
1,503,normal,0,0,65535_65535,0,1,3069,1425,1,1,1,37,1425,15,1,1,allocated
1,503,normal,0,0,65535_65535,0,2,3069,1386,0,1,0,36,0,15,1,1,pre_allocation
1,503,normal,0,0,65535_65535,0,2,3069,1425,1,1,1,37,1425,15,1,1,allocated
1,503,normal,0,0,65535_65535,0,3,3069,1386,0,1,0,36,0,15,1,1,pre_allocation
1,503,normal,0,0,65535_65535,0,3,3069,1425,1,1,1,37,1425,15,1,1,allocated
1,503,normal,0,0,65535_65535,0,4,3069,1386,0,1,0,36,0,15,1,1,pre_allocation
1,503,normal,0,0,65535_65535,0,4,3069,1425,1,1,1,37,1425,15,1,1,allocated
1,503,normal,0,0,65535_65535,0,5,3069,1386,0,1,0,36,0,15,1,1,pre_allocation
1,503,normal,0,0,65535_65535,0,5,3069,1425,1,1,1,37,1425,15,1,1,allocated
1,503,normal,0,0,65535_65535,0,1,3069,1425,0,1,0,37,0,15,1,1,pre_allocation
1,503,normal,0,0,65535_65535,0,1,3069,1464,1,1,1,38,1464,15,1,1,allocated
1,503,normal,0,0,65535_65535,0,2,3069,1425,0,1,0,37,0,15,1,1,pre_allocation
1,503,normal,0,0,65535_65535,0,2,3069,1464,1,1,1,38,1464,15,1,1,allocated
1,503,normal,0,0,65535_65535,0,3,3069,1425,0,1,0,37,0,15,1,1,pre_allocation
1,503,normal,0,0,65535_65535,0,3,3069,1464,1,1,1,38,1464,15,1,1,allocated
1,503,normal,0,0,65535_65535,0,4,3069,1425,0,1,0,37,0,15,1,1,pre_allocation
1,503,normal,0,0,65535_65535,0,4,3069,1464,1,1,1,38,1464,15,1,1,allocated
1,503,normal,0,0,65535_65535,0,5,3069,1425,0,1,0,37,0,15,1,1,pre_allocation
1,503,normal,0,0,65535_65535,0,5,3069,1464,1,1,1,38,1464,15,1,1,allocated
1,503,normal,0,0,65535_65535,0,1,3069,1464,0,1,0,38,0,15,1,1,pre_allocation
1,503,normal,0,0,65535_65535,0,1,3069,1502,1,1,1,39,1502,15,1,1,allocated
1,503,normal,0,0,65535_65535,0,2,3069,1464,0,1,0,38,0,15,1,1,pre_allocation
1,503,normal,0,0,65535_65535,0,2,3069,1502,1,1,1,39,1502,15,1,1,allocated
1,503,normal,0,0,65535_65535,0,3,3069,1464,0,1,0,38,0,15,1,1,pre_allocation
1,503,normal,0,0,65535_65535,0,3,3069,1502,1,1,1,39,1502,15,1,1,allocated
1,503,normal,0,0,65535_65535,0,4,3069,1464,0,1,0,38,0,15,1,1,pre_allocation
1,503,normal,0,0,65535_65535,0,4,3069,1502,1,1,1,39,1502,15,1,1,allocated
1,503,normal,0,0,65535_65535,0,5,3069,1464,0,1,0,38,0,15,1,1,pre_allocation
1,503,normal,0,0,65535_65535,0,5,3069,1502,1,1,1,39,1502,15,1,1,allocated
1,503,normal,0,0,65535_65535,0,1,3069,1502,0,1,0,39,0,15,1,1,pre_allocation
1,503,normal,0,0,65535_65535,0,1,3069,1538,1,1,1,40,1538,15,1,1,allocated
1,503,normal,0,0,65535_65535,0,2,3069,1502,0,1,0,39,0,15,1,1,pre_allocation
1,503,normal,0,0,65535_65535,0,2,3069,1538,1,1,1,40,1538,15,1,1,allocated
1,503,normal,0,0,65535_65535,0,3,3069,1502,0,1,0,39,0,15,1,1,pre_allocation
1,503,normal,0,0,65535_65535,0,3,3069,1538,1,1,1,40,1538,15,1,1,allocated
1,503,normal,0,0,65535_65535,0,4,3069,1502,0,1,0,39,0,15,1,1,pre_allocation
1,503,normal,0,0,65535_65535,0,4,3069,1538,1,1,1,40,1538,15,1,1,allocated
1,503,normal,0,0,65535_65535,0,5,3069,1502,0,1,0,39,0,15,1,1,pre_allocation
1,503,normal,0,0,65535_65535,0,5,3069,1538,1,1,1,40,1538,15,1,1,allocated
1,503,normal,0,0,65535_65535,0,1,3069,1538,0,1,0,40,0,15,1,1,pre_allocation
1,503,normal,0,0,65535_65535,0,1,3069,1577,1,1,1,41,1577,15,1,1,allocated
1,503,normal,0,0,65535_65535,0,2,3069,1538,0,1,0,40,0,15,1,1,pre_allocation
1,503,normal,0,0,65535_65535,0,2,3069,1577,1,1,1,41,1577,15,1,1,allocated
1,503,normal,0,0,65535_65535,0,3,3069,1538,0,1,0,40,0,15,1,1,pre_allocation
1,503,normal,0,0,65535_65535,0,3,3069,1577,1,1,1,41,1577,15,1,1,allocated
1,503,normal,0,0,65535_65535,0,4,3069,1538,0,1,0,40,0,15,1,1,pre_allocation
1,503,normal,0,0,65535_65535,0,4,3069,1577,1,1,1,41,1577,15,1,1,allocated
1,503,normal,0,0,65535_65535,0,5,3069,1538,0,1,0,40,0,15,1,1,pre_allocation
1,503,normal,0,0,65535_65535,0,5,3069,1577,1,1,1,41,1577,15,1,1,allocated
1,503,normal,0,0,65535_65535,0,1,3069,1577,0,1,0,41,0,15,1,1,pre_allocation
1,503,normal,0,0,65535_65535,0,1,3069,1615,1,1,1,42,1615,15,1,1,allocated
1,503,normal,0,0,65535_65535,0,2,3069,1577,0,1,0,41,0,15,1,1,pre_allocation
1,503,normal,0,0,65535_65535,0,2,3069,1615,1,1,1,42,1615,15,1,1,allocated
1,503,normal,0,0,65535_65535,0,3,3069,1577,0,1,0,41,0,15,1,1,pre_allocation
1,503,normal,0,0,65535_65535,0,3,3069,1615,1,1,1,42,1615,15,1,1,allocated
1,503,normal,0,0,65535_65535,0,4,3069,1577,0,1,0,41,0,15,1,1,pre_allocation
1,503,normal,0,0,65535_65535,0,4,3069,1615,1,1,1,42,1615,15,1,1,allocated
1,503,normal,0,0,65535_65535,0,5,3069,1577,0,1,0,41,0,15,1,1,pre_allocation
1,503,normal,0,0,65535_65535,0,5,3069,1615,1,1,1,42,1615,15,1,1,allocated
1,503,normal,0,0,65535_65535,0,1,3069,1615,0,1,0,42,0,15,1,1,pre_allocation
1,503,normal,0,0,65535_65535,0,1,3069,1654,1,1,1,43,1654,15,1,1,allocated
1,503,normal,0,0,65535_65535,0,2,3069,1615,0,1,0,42,0,15,1,1,pre_allocation
1,503,normal,0,0,65535_65535,0,2,3069,1654,1,1,1,43,1654,15,1,1,allocated
1,503,normal,0,0,65535_65535,0,3,3069,1615,0,1,0,42,0,15,1,1,pre_allocation
1,503,normal,0,0,65535_65535,0,3,3069,1654,1,1,1,43,1654,15,1,1,allocated
1,503,normal,0,0,65535_65535,0,4,3069,1615,0,1,0,42,0,15,1,1,pre_allocation
1,503,normal,0,0,65535_65535,0,4,3069,1654,1,1,1,43,1654,15,1,1,allocated
1,503,normal,0,0,65535_65535,0,5,3069,1615,0,1,0,42,0,15,1,1,pre_allocation
1,503,normal,0,0,65535_65535,0,5,3069,1654,1,1,1,43,1654,15,1,1,allocated
1,503,normal,0,0,65535_65535,0,1,3069,1654,0,1,0,43,0,15,1,1,pre_allocation
1,503,normal,0,0,65535_65535,0,1,3069,1692,1,1,1,44,1692,15,1,1,allocated
1,503,normal,0,0,65535_65535,0,2,3069,1654,0,1,0,43,0,15,1,1,pre_allocation
1,503,normal,0,0,65535_65535,0,2,3069,1692,1,1,1,44,1692,15,1,1,allocated
1,503,normal,0,0,65535_65535,0,3,3069,1654,0,1,0,43,0,15,1,1,pre_allocation
1,503,normal,0,0,65535_65535,0,3,3069,1692,1,1,1,44,1692,15,1,1,allocated
1,503,normal,0,0,65535_65535,0,4,3069,1654,0,1,0,43,0,15,1,1,pre_allocation
1,503,normal,0,0,65535_65535,0,4,3069,1692,1,1,1,44,1692,15,1,1,allocated
1,503,normal,0,0,65535_65535,0,5,3069,1654,0,1,0,43,0,15,1,1,pre_allocation
1,503,normal,0,0,65535_65535,0,5,3069,1692,1,1,1,44,1692,15,1,1,allocated
1,503,normal,0,0,65535_65535,0,1,3069,1692,0,1,0,44,0,15,1,1,pre_allocation
1,503,normal,0,0,65535_65535,0,1,3069,1731,1,1,1,45,1731,15,1,1,allocated
1,503,normal,0,0,65535_65535,0,2,3069,1692,0,1,0,44,0,15,1,1,pre_allocation
1,503,normal,0,0,65535_65535,0,2,3069,1731,1,1,1,45,1731,15,1,1,allocated
1,503,normal,0,0,65535_65535,0,3,3069,1692,0,1,0,44,0,15,1,1,pre_allocation
1,503,normal,0,0,65535_65535,0,3,3069,1731,1,1,1,45,1731,15,1,1,allocated
1,503,normal,0,0,65535_65535,0,4,3069,1692,0,1,0,44,0,15,1,1,pre_allocation
1,503,normal,0,0,65535_65535,0,4,3069,1731,1,1,1,45,1731,15,1,1,allocated
1,503,normal,0,0,65535_65535,0,5,3069,1692,0,1,0,44,0,15,1,1,pre_allocation
1,503,normal,0,0,65535_65535,0,5,3069,1731,1,1,1,45,1731,15,1,1,allocated
1,503,normal,0,0,65535_65535,0,1,3069,1731,0,1,0,45,0,15,1,1,pre_allocation
1,503,normal,0,0,65535_65535,0,1,3069,1770,1,1,1,46,1770,15,1,1,allocated
1,503,normal,0,0,65535_65535,0,2,3069,1731,0,1,0,45,0,15,1,1,pre_allocation
1,503,normal,0,0,65535_65535,0,2,3069,1770,1,1,1,46,1770,15,1,1,allocated
1,503,normal,0,0,65535_65535,0,3,3069,1731,0,1,0,45,0,15,1,1,pre_allocation
1,503,normal,0,0,65535_65535,0,3,3069,1770,1,1,1,46,1770,15,1,1,allocated
1,503,normal,0,0,65535_65535,0,4,3069,1731,0,1,0,45,0,15,1,1,pre_allocation
1,503,normal,0,0,65535_65535,0,4,3069,1770,1,1,1,46,1770,15,1,1,allocated
1,503,normal,0,0,65535_65535,0,5,3069,1731,0,1,0,45,0,15,1,1,pre_allocation
1,503,normal,0,0,65535_65535,0,5,3069,1770,1,1,1,46,1770,15,1,1,allocated
1,503,normal,0,0,65535_65535,0,1,3069,1770,0,1,0,46,0,15,1,1,pre_allocation
1,503,normal,0,0,65535_65535,0,1,3069,1808,1,1,1,47,1808,15,1,1,allocated
1,503,normal,0,0,65535_65535,0,2,3069,1770,0,1,0,46,0,15,1,1,pre_allocation
1,503,normal,0,0,65535_65535,0,2,3069,1808,1,1,1,47,1808,15,1,1,allocated
1,503,normal,0,0,65535_65535,0,3,3069,1770,0,1,0,46,0,15,1,1,pre_allocation
1,503,normal,0,0,65535_65535,0,3,3069,1808,1,1,1,47,1808,15,1,1,allocated
1,503,normal,0,0,65535_65535,0,4,3069,1770,0,1,0,46,0,15,1,1,pre_allocation
1,503,normal,0,0,65535_65535,0,4,3069,1808,1,1,1,47,1808,15,1,1,allocated
1,503,normal,0,0,65535_65535,0,5,3069,1770,0,1,0,46,0,15,1,1,pre_allocation
1,503,normal,0,0,65535_65535,0,5,3069,1808,1,1,1,47,1808,15,1,1,allocated
1,503,normal,0,0,65535_65535,0,1,3069,1808,0,1,0,47,0,15,1,1,pre_allocation
1,503,normal,0,0,65535_65535,0,1,3069,1847,1,1,1,48,1847,15,1,1,allocated
1,503,normal,0,0,65535_65535,0,2,3069,1808,0,1,0,47,0,15,1,1,pre_allocation
1,503,normal,0,0,65535_65535,0,2,3069,1847,1,1,1,48,1847,15,1,1,allocated
1,503,normal,0,0,65535_65535,0,3,3069,1808,0,1,0,47,0,15,1,1,pre_allocation
1,503,normal,0,0,65535_65535,0,3,3069,1847,1,1,1,48,1847,15,1,1,allocated
1,503,normal,0,0,65535_65535,0,4,3069,1808,0,1,0,47,0,15,1,1,pre_allocation
1,503,normal,0,0,65535_65535,0,4,3069,1847,1,1,1,48,1847,15,1,1,allocated
1,503,normal,0,0,65535_65535,0,5,3069,1808,0,1,0,47,0,15,1,1,pre_allocation
1,503,normal,0,0,65535_65535,0,5,3069,1847,1,1,1,48,1847,15,1,1,allocated
1,503,normal,0,0,65535_65535,0,1,3069,1847,0,1,0,48,0,15,1,1,pre_allocation
1,503,normal,0,0,65535_65535,0,1,3069,1885,1,1,1,49,1885,15,1,1,allocated
1,503,normal,0,0,65535_65535,0,2,3069,1847,0,1,0,48,0,15,1,1,pre_allocation
1,503,normal,0,0,65535_65535,0,2,3069,1885,1,1,1,49,1885,15,1,1,allocated
1,503,normal,0,0,65535_65535,0,3,3069,1847,0,1,0,48,0,15,1,1,pre_allocation
1,503,normal,0,0,65535_65535,0,3,3069,1885,1,1,1,49,1885,15,1,1,allocated
1,503,normal,0,0,65535_65535,0,4,3069,1847,0,1,0,48,0,15,1,1,pre_allocation
1,503,normal,0,0,65535_65535,0,4,3069,1885,1,1,1,49,1885,15,1,1,allocated
1,503,normal,0,0,65535_65535,0,5,3069,1847,0,1,0,48,0,15,1,1,pre_allocation
1,503,normal,0,0,65535_65535,0,5,3069,1885,1,1,1,49,1885,15,1,1,allocated
1,503,normal,0,0,65535_65535,0,1,3069,1885,0,1,0,49,0,15,1,1,pre_allocation
1,503,normal,0,0,65535_65535,0,1,3069,1924,1,1,1,50,1924,15,1,1,allocated
1,503,normal,0,0,65535_65535,0,2,3069,1885,0,1,0,49,0,15,1,1,pre_allocation
1,503,normal,0,0,65535_65535,0,2,3069,1924,1,1,1,50,1924,15,1,1,allocated
1,503,normal,0,0,65535_65535,0,3,3069,1885,0,1,0,49,0,15,1,1,pre_allocation
1,503,normal,0,0,65535_65535,0,3,3069,1924,1,1,1,50,1924,15,1,1,allocated
1,503,normal,0,0,65535_65535,0,4,3069,1885,0,1,0,49,0,15,1,1,pre_allocation
1,503,normal,0,0,65535_65535,0,4,3069,1924,1,1,1,50,1924,15,1,1,allocated
1,503,normal,0,0,65535_65535,0,5,3069,1885,0,1,0,49,0,15,1,1,pre_allocation
1,503,normal,0,0,65535_65535,0,5,3069,1924,1,1,1,50,1924,15,1,1,allocated
1,503,normal,0,0,65535_65535,0,1,3069,1924,0,1,0,50,0,15,1,1,pre_allocation
1,503,normal,0,0,65535_65535,0,1,3069,1963,1,1,1,51,1963,15,1,1,allocated
1,503,normal,0,0,65535_65535,0,2,3069,1924,0,1,0,50,0,15,1,1,pre_allocation
1,503,normal,0,0,65535_65535,0,2,3069,1963,1,1,1,51,1963,15,1,1,allocated
1,503,normal,0,0,65535_65535,0,3,3069,1924,0,1,0,50,0,15,1,1,pre_allocation
1,503,normal,0,0,65535_65535,0,3,3069,1963,1,1,1,51,1963,15,1,1,allocated
1,503,normal,0,0,65535_65535,0,4,3069,1924,0,1,0,50,0,15,1,1,pre_allocation
1,503,normal,0,0,65535_65535,0,4,3069,1963,1,1,1,51,1963,15,1,1,allocated
1,503,normal,0,0,65535_65535,0,5,3069,1924,0,1,0,50,0,15,1,1,pre_allocation
1,503,normal,0,0,65535_65535,0,5,3069,1963,1,1,1,51,1963,15,1,1,allocated
1,503,normal,0,0,65535_65535,0,1,3069,1963,0,1,0,51,0,15,1,1,pre_allocation
1,503,normal,0,0,65535_65535,0,1,3069,2001,1,1,1,52,2001,15,1,1,allocated
1,503,normal,0,0,65535_65535,0,2,3069,1963,0,1,0,51,0,15,1,1,pre_allocation
1,503,normal,0,0,65535_65535,0,2,3069,2001,1,1,1,52,2001,15,1,1,allocated
1,503,normal,0,0,65535_65535,0,3,3069,1963,0,1,0,51,0,15,1,1,pre_allocation
1,503,normal,0,0,65535_65535,0,3,3069,2001,1,1,1,52,2001,15,1,1,allocated
1,503,normal,0,0,65535_65535,0,4,3069,1963,0,1,0,51,0,15,1,1,pre_allocation
1,503,normal,0,0,65535_65535,0,4,3069,2001,1,1,1,52,2001,15,1,1,allocated
1,503,normal,0,0,65535_65535,0,5,3069,1963,0,1,0,51,0,15,1,1,pre_allocation
1,503,normal,0,0,65535_65535,0,5,3069,2001,1,1,1,52,2001,15,1,1,allocated
1,503,normal,0,0,65535_65535,0,1,3069,2001,0,1,0,52,0,15,1,1,pre_allocation
1,503,normal,0,0,65535_65535,0,1,3069,2040,1,1,1,53,2040,15,1,1,allocated
1,503,normal,0,0,65535_65535,0,2,3069,2001,0,1,0,52,0,15,1,1,pre_allocation
1,503,normal,0,0,65535_65535,0,2,3069,2040,1,1,1,53,2040,15,1,1,allocated
1,503,normal,0,0,65535_65535,0,3,3069,2001,0,1,0,52,0,15,1,1,pre_allocation
1,503,normal,0,0,65535_65535,0,3,3069,2040,1,1,1,53,2040,15,1,1,allocated
1,503,normal,0,0,65535_65535,0,4,3069,2001,0,1,0,52,0,15,1,1,pre_allocation
1,503,normal,0,0,65535_65535,0,4,3069,2040,1,1,1,53,2040,15,1,1,allocated
1,503,normal,0,0,65535_65535,0,5,3069,2001,0,1,0,52,0,15,1,1,pre_allocation
1,503,normal,0,0,65535_65535,0,5,3069,2040,1,1,1,53,2040,15,1,1,allocated
1,503,normal,0,0,65535_65535,0,1,3069,2040,0,1,0,53,0,15,1,1,pre_allocation
1,503,normal,0,0,65535_65535,0,1,3069,2078,1,1,1,54,2078,15,1,1,allocated
94,601,normal,0,0,65535_65535,0,4,128761,0,0,1,0,0,0,15,1,1,pre_allocation
94,601,normal,0,0,65535_65535,0,4,128761,8,1,1,1,1,8,15,1,1,allocated
94,601,normal,0,0,65535_65535,0,2,88702,0,0,1,0,0,0,22,1,1,pre_allocation
94,601,normal,0,0,65535_65535,0,2,88702,18,1,1,1,1,18,22,1,1,allocated
94,601,normal,0,0,65535_65535,0,3,94868,0,0,1,0,0,0,24,1,1,pre_allocation
94,601,normal,0,0,65535_65535,0,3,94868,21,1,1,1,1,21,24,1,1,allocated
94,601,normal,0,0,65535_65535,0,1,49703,0,0,1,0,0,0,28,1,1,pre_allocation
94,601,normal,0,0,65535_65535,0,1,49703,27,1,1,1,1,27,28,1,1,allocated
94,601,normal,0,0,65535_65535,0,4,128761,8,0,1,0,1,0,15,1,1,pre_allocation
94,601,normal,0,0,65535_65535,0,4,128761,20,1,1,1,2,20,15,1,1,allocated
94,601,normal,0,0,65535_65535,0,2,88702,18,0,1,0,1,0,22,1,1,pre_allocation
94,601,normal,0,0,65535_65535,0,2,88702,39,1,1,1,2,39,22,1,1,allocated
94,601,normal,0,0,65535_65535,0,3,94868,21,0,1,0,1,0,24,1,1,pre_allocation
94,601,normal,0,0,65535_65535,0,3,94868,46,1,1,1,2,46,24,1,1,allocated
94,601,normal,0,0,65535_65535,0,1,49703,27,0,1,0,1,0,28,1,1,pre_allocation
94,601,normal,0,0,65535_65535,0,1,49703,57,1,1,1,2,57,28,1,1,allocated
94,601,normal,0,0,65535_65535,0,4,128761,20,0,1,0,2,0,15,1,1,pre_allocation
94,601,normal,0,0,65535_65535,0,4,128761,32,1,1,1,3,32,15,1,1,allocated
94,601,normal,0,0,65535_65535,0,2,88702,39,0,1,0,2,0,22,1,1,pre_allocation
94,601,normal,0,0,65535_65535,0,2,88702,61,1,1,1,3,61,22,1,1,allocated
94,601,normal,0,0,65535_65535,0,3,94868,46,0,1,0,2,0,24,1,1,pre_allocation
94,601,normal,0,0,65535_65535,0,3,94868,71,1,1,1,3,71,24,1,1,allocated
94,601,normal,0,0,65535_65535,0,1,49703,57,0,1,0,2,0,28,1,1,pre_allocation
94,601,normal,0,0,65535_65535,0,1,49703,88,1,1,1,3,88,28,1,1,allocated
94,601,normal,0,0,65535_65535,0,4,128761,32,0,1,0,3,0,15,1,1,pre_allocation
94,601,normal,0,0,65535_65535,0,4,128761,44,1,1,1,4,44,15,1,1,allocated
94,601,normal,0,0,65535_65535,0,2,88702,61,0,1,0,3,0,22,1,1,pre_allocation
94,601,normal,0,0,65535_65535,0,2,88702,82,1,1,1,4,82,22,1,1,allocated
94,601,normal,0,0,65535_65535,0,3,94868,71,0,1,0,3,0,24,1,1,pre_allocation
94,601,normal,0,0,65535_65535,0,3,94868,96,1,1,1,4,96,24,1,1,allocated
94,601,normal,0,0,65535_65535,0,1,49703,88,0,1,0,3,0,28,1,1,pre_allocation
94,601,normal,0,0,65535_65535,0,1,49703,118,1,1,1,4,118,28,1,1,allocated
94,601,normal,0,0,65535_65535,0,4,128761,44,0,1,0,4,0,15,1,1,pre_allocation
94,601,normal,0,0,65535_65535,0,4,128761,56,1,1,1,5,56,15,1,1,allocated
94,601,normal,0,0,65535_65535,0,2,88702,82,0,1,0,4,0,22,1,1,pre_allocation
94,601,normal,0,0,65535_65535,0,2,88702,104,1,1,1,5,104,22,1,1,allocated
94,601,normal,0,0,65535_65535,0,3,94868,96,0,1,0,4,0,24,1,1,pre_allocation
94,601,normal,0,0,65535_65535,0,3,94868,120,1,1,1,5,120,24,1,1,allocated
94,601,normal,0,0,65535_65535,0,1,49703,118,0,1,0,4,0,28,1,1,pre_allocation
94,601,normal,0,0,65535_65535,0,1,49703,148,1,1,1,5,148,28,1,1,allocated
94,601,normal,0,0,65535_65535,0,4,128761,56,0,1,0,5,0,15,1,1,pre_allocation
94,601,normal,0,0,65535_65535,0,4,128761,68,1,1,1,6,68,15,1,1,allocated
94,601,normal,0,0,65535_65535,0,2,88702,104,0,1,0,5,0,22,1,1,pre_allocation
94,601,normal,0,0,65535_65535,0,2,88702,125,1,1,1,6,125,22,1,1,allocated
94,601,normal,0,0,65535_65535,0,3,94868,120,0,1,0,5,0,24,1,1,pre_allocation
94,601,normal,0,0,65535_65535,0,3,94868,145,1,1,1,6,145,24,1,1,allocated
94,601,normal,0,0,65535_65535,0,1,49703,148,0,1,0,5,0,28,1,1,pre_allocation
94,601,normal,0,0,65535_65535,0,1,49703,179,1,1,1,6,179,28,1,1,allocated
94,601,normal,0,0,65535_65535,0,4,128761,68,0,1,0,6,0,15,1,1,pre_allocation
94,601,normal,0,0,65535_65535,0,4,128761,80,1,1,1,7,80,15,1,1,allocated
94,601,normal,0,0,65535_65535,0,2,88702,125,0,1,0,6,0,22,1,1,pre_allocation
94,601,normal,0,0,65535_65535,0,2,88702,147,1,1,1,7,147,22,1,1,allocated
94,601,normal,0,0,65535_65535,0,3,94868,145,0,1,0,6,0,24,1,1,pre_allocation
94,601,normal,0,0,65535_65535,0,3,94868,170,1,1,1,7,170,24,1,1,allocated
94,601,normal,0,0,65535_65535,0,1,49703,179,0,1,0,6,0,28,1,1,pre_allocation
94,601,normal,0,0,65535_65535,0,1,49703,209,1,1,1,7,209,28,1,1,allocated
94,601,normal,0,0,65535_65535,0,4,128761,80,0,1,0,7,0,15,1,1,pre_allocation
94,601,normal,0,0,65535_65535,0,4,128761,92,1,1,1,8,92,15,1,1,allocated
94,601,normal,0,0,65535_65535,0,2,88702,147,0,1,0,7,0,22,1,1,pre_allocation
94,601,normal,0,0,65535_65535,0,2,88702,168,1,1,1,8,168,22,1,1,allocated
94,601,normal,0,0,65535_65535,0,3,94868,170,0,1,0,7,0,24,1,1,pre_allocation
94,601,normal,0,0,65535_65535,0,3,94868,195,1,1,1,8,195,24,1,1,allocated
94,601,normal,0,0,65535_65535,0,1,49703,209,0,1,0,7,0,28,1,1,pre_allocation
94,601,normal,0,0,65535_65535,0,1,49703,239,1,1,1,8,239,28,1,1,allocated
94,601,normal,0,0,65535_65535,0,4,128761,92,0,1,0,8,0,15,1,1,pre_allocation
94,601,normal,0,0,65535_65535,0,4,128761,103,1,1,1,9,103,15,1,1,allocated
94,601,normal,0,0,65535_65535,0,2,88702,168,0,1,0,8,0,22,1,1,pre_allocation
94,601,normal,0,0,65535_65535,0,2,88702,190,1,1,1,9,190,22,1,1,allocated
94,601,normal,0,0,65535_65535,0,3,94868,195,0,1,0,8,0,24,1,1,pre_allocation
94,601,normal,0,0,65535_65535,0,3,94868,219,1,1,1,9,219,24,1,1,allocated
94,601,normal,0,0,65535_65535,0,1,49703,239,0,1,0,8,0,28,1,1,pre_allocation
94,601,normal,0,0,65535_65535,0,1,49703,270,1,1,1,9,270,28,1,1,allocated
94,601,normal,0,0,65535_65535,0,4,128761,103,0,1,0,9,0,15,1,1,pre_allocation
94,601,normal,0,0,65535_65535,0,4,128761,115,1,1,1,10,115,15,1,1,allocated
94,601,normal,0,0,65535_65535,0,2,88702,190,0,1,0,9,0,22,1,1,pre_allocation
94,601,normal,0,0,65535_65535,0,2,88702,211,1,1,1,10,211,22,1,1,allocated
94,601,normal,0,0,65535_65535,0,3,94868,219,0,1,0,9,0,24,1,1,pre_allocation
94,601,normal,0,0,65535_65535,0,3,94868,244,1,1,1,10,244,24,1,1,allocated
94,601,normal,0,0,65535_65535,0,1,49703,270,0,1,0,9,0,28,1,1,pre_allocation
94,601,normal,0,0,65535_65535,0,1,49703,300,1,1,1,10,300,28,1,1,allocated
94,601,normal,0,0,65535_65535,0,4,128761,115,0,1,0,10,0,15,1,1,pre_allocation
94,601,normal,0,0,65535_65535,0,4,128761,127,1,1,1,11,127,15,1,1,allocated
94,601,normal,0,0,65535_65535,0,2,88702,211,0,1,0,10,0,22,1,1,pre_allocation
94,601,normal,0,0,65535_65535,0,2,88702,232,1,1,1,11,232,22,1,1,allocated
94,601,normal,0,0,65535_65535,0,3,94868,244,0,1,0,10,0,24,1,1,pre_allocation
94,601,normal,0,0,65535_65535,0,3,94868,269,1,1,1,11,269,24,1,1,allocated
94,601,normal,0,0,65535_65535,0,1,49703,300,0,1,0,10,0,28,1,1,pre_allocation
94,601,normal,0,0,65535_65535,0,1,49703,330,1,1,1,11,330,28,1,1,allocated
94,601,normal,0,0,65535_65535,0,4,128761,127,0,1,0,11,0,15,1,1,pre_allocation
94,601,normal,0,0,65535_65535,0,4,128761,139,1,1,1,12,139,15,1,1,allocated
94,601,normal,0,0,65535_65535,0,2,88702,232,0,1,0,11,0,22,1,1,pre_allocation
94,601,normal,0,0,65535_65535,0,2,88702,254,1,1,1,12,254,22,1,1,allocated
94,601,normal,0,0,65535_65535,0,3,94868,269,0,1,0,11,0,24,1,1,pre_allocation
94,601,normal,0,0,65535_65535,0,3,94868,294,1,1,1,12,294,24,1,1,allocated
94,601,normal,0,0,65535_65535,0,1,49703,330,0,1,0,11,0,28,1,1,pre_allocation
94,601,normal,0,0,65535_65535,0,1,49703,361,1,1,1,12,361,28,1,1,allocated
94,601,normal,0,0,65535_65535,0,4,128761,139,0,1,0,12,0,15,1,1,pre_allocation
94,601,normal,0,0,65535_65535,0,4,128761,151,1,1,1,13,151,15,1,1,allocated
94,601,normal,0,0,65535_65535,0,2,88702,254,0,1,0,12,0,22,1,1,pre_allocation
94,601,normal,0,0,65535_65535,0,2,88702,275,1,1,1,13,275,22,1,1,allocated
94,601,normal,0,0,65535_65535,0,3,94868,294,0,1,0,12,0,24,1,1,pre_allocation
94,601,normal,0,0,65535_65535,0,3,94868,318,1,1,1,13,318,24,1,1,allocated
94,601,normal,0,0,65535_65535,0,1,49703,361,0,1,0,12,0,28,1,1,pre_allocation
94,601,normal,0,0,65535_65535,0,1,49703,391,1,1,1,13,391,28,1,1,allocated
94,601,normal,0,0,65535_65535,0,4,128761,151,0,1,0,13,0,15,1,1,pre_allocation
94,601,normal,0,0,65535_65535,0,4,128761,163,1,1,1,14,163,15,1,1,allocated
94,601,normal,0,0,65535_65535,0,2,88702,275,0,1,0,13,0,22,1,1,pre_allocation
94,601,normal,0,0,65535_65535,0,2,88702,297,1,1,1,14,297,22,1,1,allocated
94,601,normal,0,0,65535_65535,0,3,94868,318,0,1,0,13,0,24,1,1,pre_allocation
94,601,normal,0,0,65535_65535,0,3,94868,343,1,1,1,14,343,24,1,1,allocated
94,601,normal,0,0,65535_65535,0,1,49703,391,0,1,0,13,0,28,1,1,pre_allocation
94,601,normal,0,0,65535_65535,0,1,49703,422,1,1,1,14,422,28,1,1,allocated
94,601,normal,0,0,65535_65535,0,4,128761,163,0,1,0,14,0,15,1,1,pre_allocation
94,601,normal,0,0,65535_65535,0,4,128761,175,1,1,1,15,175,15,1,1,allocated
94,601,normal,0,0,65535_65535,0,2,88702,297,0,1,0,14,0,22,1,1,pre_allocation
94,601,normal,0,0,65535_65535,0,2,88702,318,1,1,1,15,318,22,1,1,allocated
94,601,normal,0,0,65535_65535,0,3,94868,343,0,1,0,14,0,24,1,1,pre_allocation
94,601,normal,0,0,65535_65535,0,3,94868,368,1,1,1,15,368,24,1,1,allocated
94,601,normal,0,0,65535_65535,0,1,49703,422,0,1,0,14,0,28,1,1,pre_allocation
94,601,normal,0,0,65535_65535,0,1,49703,452,1,1,1,15,452,28,1,1,allocated
94,601,normal,0,0,65535_65535,0,4,128761,175,0,1,0,15,0,15,1,1,pre_allocation
94,601,normal,0,0,65535_65535,0,4,128761,187,1,1,1,16,187,15,1,1,allocated
94,601,normal,0,0,65535_65535,0,2,88702,318,0,1,0,15,0,22,1,1,pre_allocation
94,601,normal,0,0,65535_65535,0,2,88702,340,1,1,1,16,340,22,1,1,allocated
94,601,normal,0,0,65535_65535,0,3,94868,368,0,1,0,15,0,24,1,1,pre_allocation
94,601,normal,0,0,65535_65535,0,3,94868,393,1,1,1,16,393,24,1,1,allocated
94,601,normal,0,0,65535_65535,0,1,49703,452,0,1,0,15,0,28,1,1,pre_allocation
94,601,normal,0,0,65535_65535,0,1,49703,482,1,1,1,16,482,28,1,1,allocated
94,601,normal,0,0,65535_65535,0,4,128761,187,0,1,0,16,0,15,1,1,pre_allocation
94,601,normal,0,0,65535_65535,0,4,128761,198,1,1,1,17,198,15,1,1,allocated
94,601,normal,0,0,65535_65535,0,2,88702,340,0,1,0,16,0,22,1,1,pre_allocation
94,601,normal,0,0,65535_65535,0,2,88702,361,1,1,1,17,361,22,1,1,allocated
94,601,normal,0,0,65535_65535,0,3,94868,393,0,1,0,16,0,24,1,1,pre_allocation
94,601,normal,0,0,65535_65535,0,3,94868,417,1,1,1,17,417,24,1,1,allocated
94,601,normal,0,0,65535_65535,0,1,49703,482,0,1,0,16,0,28,1,1,pre_allocation
94,601,normal,0,0,65535_65535,0,1,49703,513,1,1,1,17,513,28,1,1,allocated
94,601,normal,0,0,65535_65535,0,4,128761,198,0,1,0,17,0,15,1,1,pre_allocation
94,601,normal,0,0,65535_65535,0,4,128761,210,1,1,1,18,210,15,1,1,allocated
94,601,normal,0,0,65535_65535,0,2,88702,361,0,1,0,17,0,22,1,1,pre_allocation
94,601,normal,0,0,65535_65535,0,2,88702,383,1,1,1,18,383,22,1,1,allocated
94,601,normal,0,0,65535_65535,0,3,94868,417,0,1,0,17,0,24,1,1,pre_allocation
94,601,normal,0,0,65535_65535,0,3,94868,442,1,1,1,18,442,24,1,1,allocated
94,601,normal,0,0,65535_65535,0,1,49703,513,0,1,0,17,0,28,1,1,pre_allocation
94,601,normal,0,0,65535_65535,0,1,49703,543,1,1,1,18,543,28,1,1,allocated
94,601,normal,0,0,65535_65535,0,4,128761,210,0,1,0,18,0,15,1,1,pre_allocation
94,601,normal,0,0,65535_65535,0,4,128761,222,1,1,1,19,222,15,1,1,allocated
94,601,normal,0,0,65535_65535,0,2,88702,383,0,1,0,18,0,22,1,1,pre_allocation
94,601,normal,0,0,65535_65535,0,2,88702,404,1,1,1,19,404,22,1,1,allocated
94,601,normal,0,0,65535_65535,0,3,94868,442,0,1,0,18,0,24,1,1,pre_allocation
94,601,normal,0,0,65535_65535,0,3,94868,467,1,1,1,19,467,24,1,1,allocated
94,601,normal,0,0,65535_65535,0,1,49703,543,0,1,0,18,0,28,1,1,pre_allocation
94,601,normal,0,0,65535_65535,0,1,49703,573,1,1,1,19,573,28,1,1,allocated
94,601,normal,0,0,65535_65535,0,4,128761,222,0,1,0,19,0,15,1,1,pre_allocation
94,601,normal,0,0,65535_65535,0,4,128761,234,1,1,1,20,234,15,1,1,allocated
94,601,normal,0,0,65535_65535,0,2,88702,404,0,1,0,19,0,22,1,1,pre_allocation
94,601,normal,0,0,65535_65535,0,2,88702,426,1,1,1,20,426,22,1,1,allocated
94,601,normal,0,0,65535_65535,0,3,94868,467,0,1,0,19,0,24,1,1,pre_allocation
94,601,normal,0,0,65535_65535,0,3,94868,492,1,1,1,20,492,24,1,1,allocated
94,601,normal,0,0,65535_65535,0,1,49703,573,0,1,0,19,0,28,1,1,pre_allocation
94,601,normal,0,0,65535_65535,0,1,49703,604,1,1,1,20,604,28,1,1,allocated
94,601,normal,0,0,65535_65535,0,4,128761,234,0,1,0,20,0,15,1,1,pre_allocation
94,601,normal,0,0,65535_65535,0,4,128761,246,1,1,1,21,246,15,1,1,allocated
94,601,normal,0,0,65535_65535,0,2,88702,426,0,1,0,20,0,22,1,1,pre_allocation
94,601,normal,0,0,65535_65535,0,2,88702,447,1,1,1,21,447,22,1,1,allocated
94,601,normal,0,0,65535_65535,0,3,94868,492,0,1,0,20,0,24,1,1,pre_allocation
94,601,normal,0,0,65535_65535,0,3,94868,516,1,1,1,21,516,24,1,1,allocated
94,601,normal,0,0,65535_65535,0,1,49703,604,0,1,0,20,0,28,1,1,pre_allocation
94,601,normal,0,0,65535_65535,0,1,49703,634,1,1,1,21,634,28,1,1,allocated
94,601,normal,0,0,65535_65535,0,4,128761,246,0,1,0,21,0,15,1,1,pre_allocation
94,601,normal,0,0,65535_65535,0,4,128761,258,1,1,1,22,258,15,1,1,allocated
94,601,normal,0,0,65535_65535,0,2,88702,447,0,1,0,21,0,22,1,1,pre_allocation
94,601,normal,0,0,65535_65535,0,2,88702,468,1,1,1,22,468,22,1,1,allocated
94,601,normal,0,0,65535_65535,0,3,94868,516,0,1,0,21,0,24,1,1,pre_allocation
94,601,normal,0,0,65535_65535,0,3,94868,541,1,1,1,22,541,24,1,1,allocated
94,601,normal,0,0,65535_65535,0,1,49703,634,0,1,0,21,0,28,1,1,pre_allocation
94,601,normal,0,0,65535_65535,0,1,49703,664,1,1,1,22,664,28,1,1,allocated
94,601,normal,0,0,65535_65535,0,4,128761,258,0,1,0,22,0,15,1,1,pre_allocation
94,601,normal,0,0,65535_65535,0,4,128761,270,1,1,1,23,270,15,1,1,allocated
94,601,normal,0,0,65535_65535,0,2,88702,468,0,1,0,22,0,22,1,1,pre_allocation
94,601,normal,0,0,65535_65535,0,2,88702,490,1,1,1,23,490,22,1,1,allocated
94,601,normal,0,0,65535_65535,0,3,94868,541,0,1,0,22,0,24,1,1,pre_allocation
94,601,normal,0,0,65535_65535,0,3,94868,566,1,1,1,23,566,24,1,1,allocated
94,601,normal,0,0,65535_65535,0,1,49703,664,0,1,0,22,0,28,1,1,pre_allocation
94,601,normal,0,0,65535_65535,0,1,49703,695,1,1,1,23,695,28,1,1,allocated
94,601,normal,0,0,65535_65535,0,4,128761,270,0,1,0,23,0,15,1,1,pre_allocation
94,601,normal,0,0,65535_65535,0,4,128761,282,1,1,1,24,282,15,1,1,allocated
94,601,normal,0,0,65535_65535,0,2,88702,490,0,1,0,23,0,22,1,1,pre_allocation
94,601,normal,0,0,65535_65535,0,2,88702,511,1,1,1,24,511,22,1,1,allocated
94,601,normal,0,0,65535_65535,0,3,94868,566,0,1,0,23,0,24,1,1,pre_allocation
94,601,normal,0,0,65535_65535,0,3,94868,591,1,1,1,24,591,24,1,1,allocated
94,601,normal,0,0,65535_65535,0,1,49703,695,0,1,0,23,0,28,1,1,pre_allocation
94,601,normal,0,0,65535_65535,0,1,49703,725,1,1,1,24,725,28,1,1,allocated
94,601,normal,0,0,65535_65535,0,4,128761,282,0,1,0,24,0,15,1,1,pre_allocation
94,601,normal,0,0,65535_65535,0,4,128761,294,1,1,1,25,294,15,1,1,allocated
94,601,normal,0,0,65535_65535,1,10,87,0,0,1,0,0,0,20,1,1,pre_allocation
94,601,normal,0,0,65535_65535,1,10,87,15,1,1,1,1,15,20,1,1,allocated
94,601,normal,0,0,65535_65535,1,6,87,0,0,1,0,0,0,26,1,1,pre_allocation
94,601,normal,0,0,65535_65535,1,6,87,25,1,1,1,1,25,26,1,1,allocated
94,601,normal,0,0,65535_65535,1,7,87,0,0,1,0,0,0,28,1,1,pre_allocation
94,601,normal,0,0,65535_65535,1,7,87,27,1,1,1,1,27,28,1,1,allocated
94,601,normal,0,0,65535_65535,1,10,87,15,0,1,0,1,0,20,1,1,pre_allocation
94,601,normal,0,0,65535_65535,1,10,87,33,1,1,1,2,33,20,1,1,allocated
94,601,normal,0,0,65535_65535,1,6,87,25,0,1,0,1,0,26,1,1,pre_allocation
94,601,normal,0,0,65535_65535,1,6,87,53,1,1,1,2,53,26,1,1,allocated
94,601,normal,0,0,65535_65535,1,7,87,27,0,1,0,1,0,28,1,1,pre_allocation
94,601,normal,0,0,65535_65535,1,7,87,57,1,1,1,2,57,28,1,1,allocated
94,601,normal,0,0,65535_65535,1,10,87,33,0,1,0,2,0,20,1,1,pre_allocation
94,601,normal,0,0,65535_65535,1,10,87,51,1,1,1,3,51,20,1,1,allocated
94,601,normal,0,0,65535_65535,1,6,87,53,0,1,0,2,0,26,1,1,pre_allocation
94,601,normal,0,0,65535_65535,1,6,87,81,1,1,1,3,81,26,1,1,allocated
94,601,normal,0,0,65535_65535,1,7,87,57,0,1,0,2,0,28,1,1,pre_allocation
94,601,normal,0,0,65535_65535,1,7,87,88,1,1,1,3,88,28,1,1,allocated
94,601,normal,0,0,65535_65535,1,10,87,51,0,1,0,3,0,20,1,1,pre_allocation
94,601,normal,0,0,65535_65535,1,10,87,69,1,1,1,4,69,20,1,1,allocated
94,601,normal,0,0,65535_65535,1,6,87,81,0,1,0,3,0,26,1,1,pre_allocation
94,601,normal,0,0,65535_65535,1,6,87,109,1,1,1,4,109,26,1,1,allocated
94,601,normal,0,0,65535_65535,1,7,87,88,0,1,0,3,0,28,1,1,pre_allocation
94,601,normal,0,0,65535_65535,1,7,87,118,1,1,1,4,118,28,1,1,allocated
94,601,normal,0,0,65535_65535,1,10,87,69,0,1,0,4,0,20,1,1,pre_allocation
94,601,normal,0,0,65535_65535,1,10,87,87,1,1,1,5,87,20,1,1,allocated
94,601,normal,0,0,65535_65535,1,6,87,109,0,1,0,4,0,26,1,1,pre_allocation
94,601,normal,0,0,65535_65535,1,6,87,137,1,1,1,5,137,26,1,1,allocated
94,601,normal,0,0,65535_65535,1,7,87,118,0,1,0,4,0,28,1,1,pre_allocation
94,601,normal,0,0,65535_65535,1,7,87,148,1,1,1,5,148,28,1,1,allocated
94,601,normal,0,0,65535_65535,1,10,87,87,0,1,0,5,0,20,1,1,pre_allocation
94,601,normal,0,0,65535_65535,1,10,87,105,1,1,1,6,105,20,1,1,allocated
94,601,normal,0,0,65535_65535,1,6,87,137,0,1,0,5,0,26,1,1,pre_allocation
94,601,normal,0,0,65535_65535,1,6,87,165,1,1,1,6,165,26,1,1,allocated
94,601,normal,0,0,65535_65535,1,7,87,148,0,1,0,5,0,28,1,1,pre_allocation
94,601,normal,0,0,65535_65535,1,7,87,179,1,1,1,6,179,28,1,1,allocated
94,601,normal,0,0,65535_65535,1,10,87,105,0,1,0,6,0,20,1,1,pre_allocation
94,601,normal,0,0,65535_65535,1,10,87,124,1,1,1,7,124,20,1,1,allocated
94,601,normal,0,0,65535_65535,1,6,87,165,0,1,0,6,0,26,1,1,pre_allocation
94,601,normal,0,0,65535_65535,1,6,87,193,1,1,1,7,193,26,1,1,allocated
94,601,normal,0,0,65535_65535,1,7,87,179,0,1,0,6,0,28,1,1,pre_allocation
94,601,normal,0,0,65535_65535,1,7,87,209,1,1,1,7,209,28,1,1,allocated
94,601,normal,0,0,65535_65535,1,10,87,124,0,1,0,7,0,20,1,1,pre_allocation
94,601,normal,0,0,65535_65535,1,10,87,142,1,1,1,8,142,20,1,1,allocated
94,601,normal,0,0,65535_65535,1,6,87,193,0,1,0,7,0,26,1,1,pre_allocation
94,601,normal,0,0,65535_65535,1,6,87,221,1,1,1,8,221,26,1,1,allocated
94,601,normal,0,0,65535_65535,1,7,87,209,0,1,0,7,0,28,1,1,pre_allocation
94,601,normal,0,0,65535_65535,1,7,87,239,1,1,1,8,239,28,1,1,allocated
94,601,normal,0,0,65535_65535,1,10,87,142,0,1,0,8,0,20,1,1,pre_allocation
94,601,normal,0,0,65535_65535,1,10,87,160,1,1,1,9,160,20,1,1,allocated
94,601,normal,0,0,65535_65535,1,6,87,221,0,1,0,8,0,26,1,1,pre_allocation
94,601,normal,0,0,65535_65535,1,6,87,249,1,1,1,9,249,26,1,1,allocated
94,601,normal,0,0,65535_65535,1,7,87,239,0,1,0,8,0,28,1,1,pre_allocation
94,601,normal,0,0,65535_65535,1,7,87,270,1,1,1,9,270,28,1,1,allocated
94,601,normal,0,0,65535_65535,1,10,87,160,0,1,0,9,0,20,1,1,pre_allocation
94,601,normal,0,0,65535_65535,1,10,87,178,1,1,1,10,178,20,1,1,allocated
94,601,normal,0,0,65535_65535,1,6,87,249,0,1,0,9,0,26,1,1,pre_allocation
94,601,normal,0,0,65535_65535,1,6,87,277,1,1,1,10,277,26,1,1,allocated
94,601,normal,0,0,65535_65535,1,7,87,270,0,1,0,9,0,28,1,1,pre_allocation
94,601,normal,0,0,65535_65535,1,7,87,300,1,1,1,10,300,28,1,1,allocated
94,601,normal,0,0,65535_65535,1,10,87,178,0,1,0,10,0,20,1,1,pre_allocation
94,601,normal,0,0,65535_65535,1,10,87,196,1,1,1,11,196,20,1,1,allocated
94,601,normal,0,0,65535_65535,1,6,87,277,0,1,0,10,0,26,1,1,pre_allocation
94,601,normal,0,0,65535_65535,1,6,87,305,1,1,1,11,305,26,1,1,allocated
94,601,normal,0,0,65535_65535,1,7,87,300,0,1,0,10,0,28,1,1,pre_allocation
94,601,normal,0,0,65535_65535,1,7,87,330,1,1,1,11,330,28,1,1,allocated
94,601,normal,0,0,65535_65535,1,10,87,196,0,1,0,11,0,20,1,1,pre_allocation
94,601,normal,0,0,65535_65535,1,10,87,214,1,1,1,12,214,20,1,1,allocated
94,601,normal,0,0,65535_65535,1,6,87,305,0,1,0,11,0,26,1,1,pre_allocation
94,601,normal,0,0,65535_65535,1,6,87,333,1,1,1,12,333,26,1,1,allocated
94,601,normal,0,0,65535_65535,1,7,87,330,0,1,0,11,0,28,1,1,pre_allocation
94,601,normal,0,0,65535_65535,1,7,87,361,1,1,1,12,361,28,1,1,allocated
94,601,normal,0,0,65535_65535,1,10,87,214,0,1,0,12,0,20,1,1,pre_allocation
94,601,normal,0,0,65535_65535,1,10,87,232,1,1,1,13,232,20,1,1,allocated
94,601,normal,0,0,65535_65535,1,6,87,333,0,1,0,12,0,26,1,1,pre_allocation
94,601,normal,0,0,65535_65535,1,6,87,361,1,1,1,13,361,26,1,1,allocated
94,601,normal,0,0,65535_65535,1,7,87,361,0,1,0,12,0,28,1,1,pre_allocation
94,601,normal,0,0,65535_65535,1,7,87,391,1,1,1,13,391,28,1,1,allocated
94,601,normal,0,0,65535_65535,1,10,87,232,0,1,0,13,0,20,1,1,pre_allocation
94,601,normal,0,0,65535_65535,1,10,87,251,1,1,1,14,251,20,1,1,allocated
94,601,normal,0,0,65535_65535,1,6,87,361,0,1,0,13,0,26,1,1,pre_allocation
94,601,normal,0,0,65535_65535,1,6,87,389,1,1,1,14,389,26,1,1,allocated
94,601,normal,0,0,65535_65535,1,7,87,391,0,1,0,13,0,28,1,1,pre_allocation
94,601,normal,0,0,65535_65535,1,7,87,422,1,1,1,14,422,28,1,1,allocated
94,601,normal,0,0,65535_65535,1,10,87,251,0,1,0,14,0,20,1,1,pre_allocation
94,601,normal,0,0,65535_65535,1,10,87,269,1,1,1,15,269,20,1,1,allocated
94,601,normal,0,0,65535_65535,1,6,87,389,0,1,0,14,0,26,1,1,pre_allocation
94,601,normal,0,0,65535_65535,1,6,87,417,1,1,1,15,417,26,1,1,allocated
94,601,normal,0,0,65535_65535,1,7,87,422,0,1,0,14,0,28,1,1,pre_allocation
94,601,normal,0,0,65535_65535,1,7,87,452,1,1,1,15,452,28,1,1,allocated
94,601,normal,0,0,65535_65535,1,10,87,269,0,1,0,15,0,20,1,1,pre_allocation
94,601,normal,0,0,65535_65535,1,10,87,287,1,1,1,16,287,20,1,1,allocated
94,601,normal,0,0,65535_65535,1,6,87,417,0,1,0,15,0,26,1,1,pre_allocation
94,601,normal,0,0,65535_65535,1,6,87,445,1,1,1,16,445,26,1,1,allocated
94,601,normal,0,0,65535_65535,1,7,87,452,0,1,0,15,0,28,1,1,pre_allocation
94,601,normal,0,0,65535_65535,1,7,87,482,1,1,1,16,482,28,1,1,allocated
94,601,normal,0,0,65535_65535,1,10,87,287,0,1,0,16,0,20,1,1,pre_allocation
94,601,normal,0,0,65535_65535,1,10,87,305,1,1,1,17,305,20,1,1,allocated
94,601,normal,0,0,65535_65535,1,6,87,445,0,1,0,16,0,26,1,1,pre_allocation
94,601,normal,0,0,65535_65535,1,6,87,473,1,1,1,17,473,26,1,1,allocated
94,601,normal,0,0,65535_65535,1,7,87,482,0,1,0,16,0,28,1,1,pre_allocation
94,601,normal,0,0,65535_65535,1,7,87,513,1,1,1,17,513,28,1,1,allocated
94,601,normal,0,0,65535_65535,1,10,87,305,0,1,0,17,0,20,1,1,pre_allocation
94,601,normal,0,0,65535_65535,1,10,87,323,1,1,1,18,323,20,1,1,allocated
94,601,normal,0,0,65535_65535,1,6,87,473,0,1,0,17,0,26,1,1,pre_allocation
94,601,normal,0,0,65535_65535,1,6,87,501,1,1,1,18,501,26,1,1,allocated
94,601,normal,0,0,65535_65535,1,7,87,513,0,1,0,17,0,28,1,1,pre_allocation
94,601,normal,0,0,65535_65535,1,7,87,543,1,1,1,18,543,28,1,1,allocated
94,601,normal,0,0,65535_65535,1,10,87,323,0,1,0,18,0,20,1,1,pre_allocation
94,601,normal,0,0,65535_65535,1,10,87,341,1,1,1,19,341,20,1,1,allocated
94,601,normal,0,0,65535_65535,1,6,87,501,0,1,0,18,0,26,1,1,pre_allocation
94,601,normal,0,0,65535_65535,1,6,87,529,1,1,1,19,529,26,1,1,allocated
94,601,normal,0,0,65535_65535,1,7,87,543,0,1,0,18,0,28,1,1,pre_allocation
94,601,normal,0,0,65535_65535,1,7,87,573,1,1,1,19,573,28,1,1,allocated
94,601,normal,0,0,65535_65535,1,10,87,341,0,1,0,19,0,20,1,1,pre_allocation
94,601,normal,0,0,65535_65535,1,10,87,360,1,1,1,20,360,20,1,1,allocated
94,601,normal,0,0,65535_65535,1,6,87,529,0,1,0,19,0,26,1,1,pre_allocation
94,601,normal,0,0,65535_65535,1,6,87,558,1,1,1,20,558,26,1,1,allocated
94,601,normal,0,0,65535_65535,1,7,87,573,0,1,0,19,0,28,1,1,pre_allocation
94,601,normal,0,0,65535_65535,1,7,87,604,1,1,1,20,604,28,1,1,allocated
94,601,normal,0,0,65535_65535,1,10,87,360,0,1,0,20,0,20,1,1,pre_allocation
94,601,normal,0,0,65535_65535,1,10,87,378,1,1,1,21,378,20,1,1,allocated
94,601,normal,0,0,65535_65535,1,6,87,558,0,1,0,20,0,26,1,1,pre_allocation
94,601,normal,0,0,65535_65535,1,6,87,586,1,1,1,21,586,26,1,1,allocated
94,601,normal,0,0,65535_65535,1,7,87,604,0,1,0,20,0,28,1,1,pre_allocation
94,601,normal,0,0,65535_65535,1,7,87,634,1,1,1,21,634,28,1,1,allocated
94,601,normal,0,0,65535_65535,1,10,87,378,0,1,0,21,0,20,1,1,pre_allocation
94,601,normal,0,0,65535_65535,1,10,87,396,1,1,1,22,396,20,1,1,allocated
94,601,normal,0,0,65535_65535,1,6,87,586,0,1,0,21,0,26,1,1,pre_allocation
94,601,normal,0,0,65535_65535,1,6,87,614,1,1,1,22,614,26,1,1,allocated
94,601,normal,0,0,65535_65535,1,7,87,634,0,1,0,21,0,28,1,1,pre_allocation
94,601,normal,0,0,65535_65535,1,7,87,664,1,1,1,22,664,28,1,1,allocated
94,601,normal,0,0,65535_65535,1,10,87,396,0,1,0,22,0,20,1,1,pre_allocation
94,601,normal,0,0,65535_65535,1,10,87,414,1,1,1,23,414,20,1,1,allocated
94,601,normal,0,0,65535_65535,1,6,87,614,0,1,0,22,0,26,1,1,pre_allocation
94,601,normal,0,0,65535_65535,1,6,87,642,1,1,1,23,642,26,1,1,allocated
94,601,normal,0,0,65535_65535,1,7,87,664,0,1,0,22,0,28,1,1,pre_allocation
94,601,normal,0,0,65535_65535,1,7,87,695,1,1,1,23,695,28,1,1,allocated
94,601,normal,0,0,65535_65535,1,10,87,414,0,1,0,23,0,20,1,1,pre_allocation
94,601,normal,0,0,65535_65535,1,10,87,432,1,1,1,24,432,20,1,1,allocated
94,601,normal,0,0,65535_65535,1,6,87,642,0,1,0,23,0,26,1,1,pre_allocation
94,601,normal,0,0,65535_65535,1,6,87,670,1,1,1,24,670,26,1,1,allocated
94,601,normal,0,0,65535_65535,1,7,87,695,0,1,0,23,0,28,1,1,pre_allocation
94,601,normal,0,0,65535_65535,1,7,87,725,1,1,1,24,725,28,1,1,allocated
94,601,normal,0,0,65535_65535,1,10,87,432,0,1,0,24,0,20,1,1,pre_allocation
94,601,normal,0,0,65535_65535,1,10,87,450,1,1,1,25,450,20,1,1,allocated
94,601,normal,0,0,65535_65535,1,6,87,670,0,1,0,24,0,26,1,1,pre_allocation
94,601,normal,0,0,65535_65535,1,6,87,698,1,1,1,25,698,26,1,1,allocated
94,601,normal,0,0,65535_65535,1,7,87,725,0,1,0,24,0,28,1,1,pre_allocation
94,601,normal,0,0,65535_65535,1,7,87,756,1,1,1,25,756,28,1,1,allocated
94,601,normal,0,0,65535_65535,1,10,87,450,0,1,0,25,0,20,1,1,pre_allocation
94,601,normal,0,0,65535_65535,1,10,87,468,1,1,1,26,468,20,1,1,allocated
94,601,normal,0,0,65535_65535,1,6,87,698,0,1,0,25,0,26,1,1,pre_allocation
94,601,normal,0,0,65535_65535,1,6,87,726,1,1,1,26,726,26,1,1,allocated
94,601,normal,0,0,65535_65535,1,7,87,756,0,1,0,25,0,28,1,1,pre_allocation
94,601,normal,0,0,65535_65535,1,7,87,786,1,1,1,26,786,28,1,1,allocated
94,601,normal,0,0,65535_65535,1,10,87,468,0,1,0,26,0,20,1,1,pre_allocation
94,601,normal,0,0,65535_65535,1,10,87,487,1,1,1,27,487,20,1,1,allocated
94,601,normal,0,0,65535_65535,1,6,87,726,0,1,0,26,0,26,1,1,pre_allocation
94,601,normal,0,0,65535_65535,1,6,87,754,1,1,1,27,754,26,1,1,allocated
94,601,normal,0,0,65535_65535,1,7,87,786,0,1,0,26,0,28,1,1,pre_allocation
94,601,normal,0,0,65535_65535,1,7,87,816,1,1,1,27,816,28,1,1,allocated
94,601,normal,0,0,65535_65535,1,10,87,487,0,1,0,27,0,20,1,1,pre_allocation
94,601,normal,0,0,65535_65535,1,10,87,505,1,1,1,28,505,20,1,1,allocated
94,601,normal,0,0,65535_65535,1,6,87,754,0,1,0,27,0,26,1,1,pre_allocation
94,601,normal,0,0,65535_65535,1,6,87,782,1,1,1,28,782,26,1,1,allocated
94,601,normal,0,0,65535_65535,1,7,87,816,0,1,0,27,0,28,1,1,pre_allocation
94,601,normal,0,0,65535_65535,1,7,87,847,1,1,1,28,847,28,1,1,allocated
94,601,normal,0,0,65535_65535,1,10,87,505,0,1,0,28,0,20,1,1,pre_allocation
94,601,normal,0,0,65535_65535,1,10,87,523,1,1,1,29,523,20,1,1,allocated
94,601,normal,0,0,65535_65535,1,6,87,782,0,1,0,28,0,26,1,1,pre_allocation
94,601,normal,0,0,65535_65535,1,6,87,810,1,1,1,29,810,26,1,1,allocated
94,601,normal,0,0,65535_65535,1,7,87,847,0,1,0,28,0,28,1,1,pre_allocation
94,601,normal,0,0,65535_65535,1,7,87,877,1,1,1,29,877,28,1,1,allocated
94,601,normal,0,0,65535_65535,1,10,87,523,0,1,0,29,0,20,1,1,pre_allocation
94,601,normal,0,0,65535_65535,1,10,87,541,1,1,1,30,541,20,1,1,allocated
94,601,normal,0,0,65535_65535,1,6,87,810,0,1,0,29,0,26,1,1,pre_allocation
94,601,normal,0,0,65535_65535,1,6,87,838,1,1,1,30,838,26,1,1,allocated
94,601,normal,0,0,65535_65535,1,7,87,877,0,1,0,29,0,28,1,1,pre_allocation
94,601,normal,0,0,65535_65535,1,7,87,907,1,1,1,30,907,28,1,1,allocated
94,601,normal,0,0,65535_65535,1,10,87,541,0,1,0,30,0,20,1,1,pre_allocation
94,601,normal,0,0,65535_65535,1,10,87,559,1,1,1,31,559,20,1,1,allocated
94,601,normal,0,0,65535_65535,1,6,87,838,0,1,0,30,0,26,1,1,pre_allocation
94,601,normal,0,0,65535_65535,1,6,87,866,1,1,1,31,866,26,1,1,allocated
94,601,normal,0,0,65535_65535,1,7,87,907,0,1,0,30,0,28,1,1,pre_allocation
94,601,normal,0,0,65535_65535,1,7,87,938,1,1,1,31,938,28,1,1,allocated
94,601,normal,0,0,65535_65535,1,10,87,559,0,1,0,31,0,20,1,1,pre_allocation
94,601,normal,0,0,65535_65535,1,10,87,577,1,1,1,32,577,20,1,1,allocated
94,601,normal,0,0,65535_65535,1,6,87,866,0,1,0,31,0,26,1,1,pre_allocation
94,601,normal,0,0,65535_65535,1,6,87,894,1,1,1,32,894,26,1,1,allocated
94,601,normal,0,0,65535_65535,1,7,87,938,0,1,0,31,0,28,1,1,pre_allocation
94,601,normal,0,0,65535_65535,1,7,87,968,1,1,1,32,968,28,1,1,allocated
94,601,normal,0,0,65535_65535,1,10,87,577,0,1,0,32,0,20,1,1,pre_allocation
94,601,normal,0,0,65535_65535,1,10,87,595,1,1,1,33,595,20,1,1,allocated
94,601,normal,0,0,65535_65535,1,6,87,894,0,1,0,32,0,26,1,1,pre_allocation
94,601,normal,0,0,65535_65535,1,6,87,922,1,1,1,33,922,26,1,1,allocated
94,601,normal,0,0,65535_65535,1,7,87,968,0,1,0,32,0,28,1,1,pre_allocation
94,601,normal,0,0,65535_65535,1,7,87,998,1,1,1,33,998,28,1,1,allocated
94,601,normal,0,0,65535_65535,1,10,87,595,0,1,0,33,0,20,1,1,pre_allocation
94,601,normal,0,0,65535_65535,1,10,87,614,1,1,1,34,614,20,1,1,allocated
94,601,normal,0,0,65535_65535,1,6,87,922,0,1,0,33,0,26,1,1,pre_allocation
94,601,normal,0,0,65535_65535,1,6,87,950,1,1,1,34,950,26,1,1,allocated
94,601,normal,0,0,65535_65535,1,7,87,998,0,1,0,33,0,28,1,1,pre_allocation
94,601,normal,0,0,65535_65535,1,7,87,1029,1,1,1,34,1029,28,1,1,allocated
94,601,normal,0,0,65535_65535,1,10,87,614,0,1,0,34,0,20,1,1,pre_allocation
94,601,normal,0,0,65535_65535,1,10,87,632,1,1,1,35,632,20,1,1,allocated
94,601,normal,0,0,65535_65535,1,6,87,950,0,1,0,34,0,26,1,1,pre_allocation
94,601,normal,0,0,65535_65535,1,6,87,978,1,1,1,35,978,26,1,1,allocated
94,601,normal,0,0,65535_65535,1,7,87,1029,0,1,0,34,0,28,1,1,pre_allocation
94,601,normal,0,0,65535_65535,1,7,87,1059,1,1,1,35,1059,28,1,1,allocated
94,601,normal,0,0,65535_65535,1,10,87,632,0,1,0,35,0,20,1,1,pre_allocation
94,601,normal,0,0,65535_65535,1,10,87,650,1,1,1,36,650,20,1,1,allocated
94,601,normal,0,0,65535_65535,1,6,87,978,0,1,0,35,0,26,1,1,pre_allocation
94,601,normal,0,0,65535_65535,1,6,87,1006,1,1,1,36,1006,26,1,1,allocated
94,601,normal,0,0,65535_65535,1,7,87,1059,0,1,0,35,0,28,1,1,pre_allocation
94,601,normal,0,0,65535_65535,1,7,87,1089,1,1,1,36,1089,28,1,1,allocated
94,601,normal,0,0,65535_65535,1,10,87,650,0,1,0,36,0,20,1,1,pre_allocation
94,601,normal,0,0,65535_65535,1,10,87,668,1,1,1,37,668,20,1,1,allocated
94,601,normal,0,0,65535_65535,1,6,87,1006,0,1,0,36,0,26,1,1,pre_allocation
94,601,normal,0,0,65535_65535,1,6,87,1034,1,1,1,37,1034,26,1,1,allocated
94,601,normal,0,0,65535_65535,1,7,87,1089,0,1,0,36,0,28,1,1,pre_allocation
94,601,normal,0,0,65535_65535,1,7,87,1120,1,1,1,37,1120,28,1,1,allocated
94,601,normal,0,0,65535_65535,1,10,87,668,0,1,0,37,0,20,1,1,pre_allocation
94,601,normal,0,0,65535_65535,1,10,87,686,1,1,1,38,686,20,1,1,allocated
94,601,normal,0,0,65535_65535,1,6,87,1034,0,1,0,37,0,26,1,1,pre_allocation
94,601,normal,0,0,65535_65535,1,6,87,1062,1,1,1,38,1062,26,1,1,allocated
94,601,normal,0,0,65535_65535,1,7,87,1120,0,1,0,37,0,28,1,1,pre_allocation
94,601,normal,0,0,65535_65535,1,7,87,1150,1,1,1,38,1150,28,1,1,allocated
94,601,normal,0,0,65535_65535,1,10,87,686,0,1,0,38,0,20,1,1,pre_allocation
94,601,normal,0,0,65535_65535,1,10,87,704,1,1,1,39,704,20,1,1,allocated
94,601,normal,0,0,65535_65535,1,6,87,1062,0,1,0,38,0,26,1,1,pre_allocation
94,601,normal,0,0,65535_65535,1,6,87,1090,1,1,1,39,1090,26,1,1,allocated
94,601,normal,0,0,65535_65535,1,7,87,1150,0,1,0,38,0,28,1,1,pre_allocation
94,601,normal,0,0,65535_65535,1,7,87,1181,1,1,1,39,1181,28,1,1,allocated
94,601,normal,0,0,65535_65535,1,10,87,704,0,1,0,39,0,20,1,1,pre_allocation
94,601,normal,0,0,65535_65535,1,10,87,723,1,1,1,40,723,20,1,1,allocated
94,601,normal,0,0,65535_65535,1,6,87,1090,0,1,0,39,0,26,1,1,pre_allocation
94,601,normal,0,0,65535_65535,1,6,87,1119,1,1,1,40,1119,26,1,1,allocated
94,601,normal,0,0,65535_65535,1,7,87,1181,0,1,0,39,0,28,1,1,pre_allocation
94,601,normal,0,0,65535_65535,1,7,87,1211,1,1,1,40,1211,28,1,1,allocated
94,601,normal,0,0,65535_65535,2,21,291,0,0,1,0,0,0,15,1,1,pre_allocation
94,601,normal,0,0,65535_65535,2,21,291,8,1,1,1,1,8,15,1,1,allocated
94,601,normal,0,0,65535_65535,2,21,291,8,0,1,0,1,0,15,1,1,pre_allocation
94,601,normal,0,0,65535_65535,2,21,291,20,1,1,1,2,20,15,1,1,allocated
94,601,normal,0,0,65535_65535,2,21,291,20,0,1,0,2,0,15,1,1,pre_allocation
94,601,normal,0,0,65535_65535,2,21,291,32,1,1,1,3,32,15,1,1,allocated
94,601,normal,0,0,65535_65535,2,21,291,32,0,1,0,3,0,15,1,1,pre_allocation
94,601,normal,0,0,65535_65535,2,21,291,44,1,1,1,4,44,15,1,1,allocated
94,601,normal,0,0,65535_65535,2,21,291,44,0,1,0,4,0,15,1,1,pre_allocation
94,601,normal,0,0,65535_65535,2,21,291,56,1,1,1,5,56,15,1,1,allocated
94,601,normal,0,0,65535_65535,2,21,291,56,0,1,0,5,0,15,1,1,pre_allocation
94,601,normal,0,0,65535_65535,2,21,291,68,1,1,1,6,68,15,1,1,allocated
94,601,normal,0,0,65535_65535,2,21,291,68,0,1,0,6,0,15,1,1,pre_allocation
94,601,normal,0,0,65535_65535,2,21,291,80,1,1,1,7,80,15,1,1,allocated
94,601,normal,0,0,65535_65535,2,21,291,80,0,1,0,7,0,15,1,1,pre_allocation
94,601,normal,0,0,65535_65535,2,21,291,92,1,1,1,8,92,15,1,1,allocated
94,601,normal,0,0,65535_65535,2,21,291,92,0,1,0,8,0,15,1,1,pre_allocation
94,601,normal,0,0,65535_65535,2,21,291,103,1,1,1,9,103,15,1,1,allocated
94,601,normal,0,0,65535_65535,2,21,291,103,0,1,0,9,0,15,1,1,pre_allocation
94,601,normal,0,0,65535_65535,2,21,291,115,1,1,1,10,115,15,1,1,allocated
94,601,normal,0,0,65535_65535,2,21,291,115,0,1,0,10,0,15,1,1,pre_allocation
94,601,normal,0,0,65535_65535,2,21,291,127,1,1,1,11,127,15,1,1,allocated
94,601,normal,0,0,65535_65535,2,21,291,127,0,1,0,11,0,15,1,1,pre_allocation
94,601,normal,0,0,65535_65535,2,21,291,139,1,1,1,12,139,15,1,1,allocated
94,601,normal,0,0,65535_65535,2,21,291,139,0,1,0,12,0,15,1,1,pre_allocation
94,601,normal,0,0,65535_65535,2,21,291,151,1,1,1,13,151,15,1,1,allocated
94,601,normal,0,0,65535_65535,2,21,291,151,0,1,0,13,0,15,1,1,pre_allocation
94,601,normal,0,0,65535_65535,2,21,291,163,1,1,1,14,163,15,1,1,allocated
94,601,normal,0,0,65535_65535,2,21,291,163,0,1,0,14,0,15,1,1,pre_allocation
94,601,normal,0,0,65535_65535,2,21,291,175,1,1,1,15,175,15,1,1,allocated
94,601,normal,0,0,65535_65535,2,21,291,175,0,1,0,15,0,15,1,1,pre_allocation
94,601,normal,0,0,65535_65535,2,21,291,187,1,1,1,16,187,15,1,1,allocated
94,601,normal,0,0,65535_65535,2,21,291,187,0,1,0,16,0,15,1,1,pre_allocation
94,601,normal,0,0,65535_65535,2,21,291,198,1,1,1,17,198,15,1,1,allocated
94,601,normal,0,0,65535_65535,2,21,291,198,0,1,0,17,0,15,1,1,pre_allocation
94,601,normal,0,0,65535_65535,2,21,291,210,1,1,1,18,210,15,1,1,allocated
94,601,normal,0,0,65535_65535,2,21,291,210,0,1,0,18,0,15,1,1,pre_allocation
94,601,normal,0,0,65535_65535,2,21,291,222,1,1,1,19,222,15,1,1,allocated
94,601,normal,0,0,65535_65535,2,21,291,222,0,1,0,19,0,15,1,1,pre_allocation
94,601,normal,0,0,65535_65535,2,21,291,234,1,1,1,20,234,15,1,1,allocated
94,601,normal,0,0,65535_65535,2,21,291,234,0,1,0,20,0,15,1,1,pre_allocation
94,601,normal,0,0,65535_65535,2,21,291,246,1,1,1,21,246,15,1,1,allocated
94,601,normal,0,0,65535_65535,2,21,291,246,0,1,0,21,0,15,1,1,pre_allocation
94,601,normal,0,0,65535_65535,2,21,291,258,1,1,1,22,258,15,1,1,allocated
94,601,normal,0,0,65535_65535,2,21,291,258,0,1,0,22,0,15,1,1,pre_allocation
94,601,normal,0,0,65535_65535,2,21,291,270,1,1,1,23,270,15,1,1,allocated
94,601,normal,0,0,65535_65535,2,21,291,270,0,1,0,23,0,15,1,1,pre_allocation
94,601,normal,0,0,65535_65535,2,21,291,282,1,1,1,24,282,15,1,1,allocated
94,601,normal,0,0,65535_65535,2,21,291,282,0,1,0,24,0,15,1,1,pre_allocation
94,601,normal,0,0,65535_65535,2,21,291,294,1,1,1,25,294,15,1,1,allocated
94,601,normal,0,0,65535_65535,2,21,291,294,0,1,0,25,0,15,1,1,pre_allocation
94,601,normal,0,0,65535_65535,2,21,291,305,1,1,1,26,305,15,1,1,allocated
94,601,normal,0,0,65535_65535,2,21,291,305,0,1,0,26,0,15,1,1,pre_allocation
94,601,normal,0,0,65535_65535,2,21,291,317,1,1,1,27,317,15,1,1,allocated
94,601,normal,0,0,65535_65535,2,21,291,317,0,1,0,27,0,15,1,1,pre_allocation
94,601,normal,0,0,65535_65535,2,21,291,329,1,1,1,28,329,15,1,1,allocated
94,601,normal,0,0,65535_65535,2,21,291,329,0,1,0,28,0,15,1,1,pre_allocation
94,601,normal,0,0,65535_65535,2,21,291,341,1,1,1,29,341,15,1,1,allocated
94,601,normal,0,0,65535_65535,2,21,291,341,0,1,0,29,0,15,1,1,pre_allocation
94,601,normal,0,0,65535_65535,2,21,291,353,1,1,1,30,353,15,1,1,allocated
94,601,normal,0,0,65535_65535,2,21,291,353,0,1,0,30,0,15,1,1,pre_allocation
94,601,normal,0,0,65535_65535,2,21,291,365,1,1,1,31,365,15,1,1,allocated
94,601,normal,0,0,65535_65535,2,21,291,365,0,1,0,31,0,15,1,1,pre_allocation
94,601,normal,0,0,65535_65535,2,21,291,377,1,1,1,32,377,15,1,1,allocated
94,601,normal,0,0,65535_65535,2,21,291,377,0,1,0,32,0,15,1,1,pre_allocation
94,601,normal,0,0,65535_65535,2,21,291,389,1,1,1,33,389,15,1,1,allocated
94,601,normal,0,0,65535_65535,2,21,291,389,0,1,0,33,0,15,1,1,pre_allocation
94,601,normal,0,0,65535_65535,2,21,291,400,1,1,1,34,400,15,1,1,allocated
94,601,normal,0,0,65535_65535,2,21,291,400,0,1,0,34,0,15,1,1,pre_allocation
94,601,normal,0,0,65535_65535,2,21,291,412,1,1,1,35,412,15,1,1,allocated
94,601,normal,0,0,65535_65535,2,21,291,412,0,1,0,35,0,15,1,1,pre_allocation
94,601,normal,0,0,65535_65535,2,21,291,424,1,1,1,36,424,15,1,1,allocated
94,601,normal,0,0,65535_65535,2,21,291,424,0,1,0,36,0,15,1,1,pre_allocation
94,601,normal,0,0,65535_65535,2,21,291,436,1,1,1,37,436,15,1,1,allocated
94,601,normal,0,0,65535_65535,2,21,291,436,0,1,0,37,0,15,1,1,pre_allocation
94,601,normal,0,0,65535_65535,2,21,291,448,1,1,1,38,448,15,1,1,allocated
94,601,normal,0,0,65535_65535,2,21,291,448,0,1,0,38,0,15,1,1,pre_allocation
94,601,normal,0,0,65535_65535,2,21,291,460,1,1,1,39,460,15,1,1,allocated
94,601,normal,0,0,65535_65535,2,21,291,460,0,1,0,39,0,15,1,1,pre_allocation
94,601,normal,0,0,65535_65535,2,21,291,472,1,1,1,40,472,15,1,1,allocated
94,601,normal,0,0,65535_65535,2,21,291,472,0,1,0,40,0,15,1,1,pre_allocation
94,601,normal,0,0,65535_65535,2,21,291,484,1,1,1,41,484,15,1,1,allocated
94,601,normal,0,0,65535_65535,2,21,291,484,0,1,0,41,0,15,1,1,pre_allocation
94,601,normal,0,0,65535_65535,2,21,291,495,1,1,1,42,495,15,1,1,allocated
94,601,normal,0,0,65535_65535,2,21,291,495,0,1,0,42,0,15,1,1,pre_allocation
94,601,normal,0,0,65535_65535,2,21,291,507,1,1,1,43,507,15,1,1,allocated
94,601,normal,0,0,65535_65535,2,21,291,507,0,1,0,43,0,15,1,1,pre_allocation
94,601,normal,0,0,65535_65535,2,21,291,519,1,1,1,44,519,15,1,1,allocated
94,601,normal,0,0,65535_65535,2,21,291,519,0,1,0,44,0,15,1,1,pre_allocation
94,601,normal,0,0,65535_65535,2,21,291,531,1,1,1,45,531,15,1,1,allocated
94,601,normal,0,0,65535_65535,2,21,291,531,0,1,0,45,0,15,1,1,pre_allocation
94,601,normal,0,0,65535_65535,2,21,291,543,1,1,1,46,543,15,1,1,allocated
94,601,normal,0,0,65535_65535,2,21,291,543,0,1,0,46,0,15,1,1,pre_allocation
94,601,normal,0,0,65535_65535,2,21,291,555,1,1,1,47,555,15,1,1,allocated
94,601,normal,0,0,65535_65535,2,21,291,555,0,1,0,47,0,15,1,1,pre_allocation
94,601,normal,0,0,65535_65535,2,21,291,567,1,1,1,48,567,15,1,1,allocated
94,601,normal,0,0,65535_65535,2,21,291,567,0,1,0,48,0,15,1,1,pre_allocation
94,601,normal,0,0,65535_65535,2,21,291,579,1,1,1,49,579,15,1,1,allocated
206,699,normal,0,0,65535_65535,0,4,237500,0,0,1,0,0,0,15,1,1,pre_allocation
206,699,normal,0,0,65535_65535,0,4,237500,14,1,1,1,1,14,15,1,1,allocated
206,699,normal,0,0,65535_65535,0,2,153622,0,0,1,0,0,0,22,1,1,pre_allocation
206,699,normal,0,0,65535_65535,0,2,153622,29,1,1,1,1,29,22,1,1,allocated
206,699,normal,0,0,65535_65535,0,3,128650,0,0,1,0,0,0,26,1,1,pre_allocation
206,699,normal,0,0,65535_65535,0,3,128650,39,1,1,1,1,39,26,1,1,allocated
206,699,normal,0,0,65535_65535,0,1,57531,0,0,1,0,0,0,28,1,1,pre_allocation
206,699,normal,0,0,65535_65535,0,1,57531,42,1,1,1,1,42,28,1,1,allocated
206,699,normal,0,0,65535_65535,0,4,237500,14,0,1,0,1,0,15,1,1,pre_allocation
206,699,normal,0,0,65535_65535,0,4,237500,32,1,1,1,2,32,15,1,1,allocated
206,699,normal,0,0,65535_65535,0,2,153622,29,0,1,0,1,0,22,1,1,pre_allocation
206,699,normal,0,0,65535_65535,0,2,153622,61,1,1,1,2,61,22,1,1,allocated
206,699,normal,0,0,65535_65535,0,3,128650,39,0,1,0,1,0,26,1,1,pre_allocation
206,699,normal,0,0,65535_65535,0,3,128650,81,1,1,1,2,81,26,1,1,allocated
206,699,normal,0,0,65535_65535,0,1,57531,42,0,1,0,1,0,28,1,1,pre_allocation
206,699,normal,0,0,65535_65535,0,1,57531,88,1,1,1,2,88,28,1,1,allocated
206,699,normal,0,0,65535_65535,0,4,237500,32,0,1,0,2,0,15,1,1,pre_allocation
206,699,normal,0,0,65535_65535,0,4,237500,50,1,1,1,3,50,15,1,1,allocated
206,699,normal,0,0,65535_65535,0,2,153622,61,0,1,0,2,0,22,1,1,pre_allocation
206,699,normal,0,0,65535_65535,0,2,153622,93,1,1,1,3,93,22,1,1,allocated
206,699,normal,0,0,65535_65535,0,3,128650,81,0,1,0,2,0,26,1,1,pre_allocation
206,699,normal,0,0,65535_65535,0,3,128650,123,1,1,1,3,123,26,1,1,allocated
206,699,normal,0,0,65535_65535,0,1,57531,88,0,1,0,2,0,28,1,1,pre_allocation
206,699,normal,0,0,65535_65535,0,1,57531,133,1,1,1,3,133,28,1,1,allocated
206,699,normal,0,0,65535_65535,0,4,237500,50,0,1,0,3,0,15,1,1,pre_allocation
206,699,normal,0,0,65535_65535,0,4,237500,68,1,1,1,4,68,15,1,1,allocated
206,699,normal,0,0,65535_65535,0,2,153622,93,0,1,0,3,0,22,1,1,pre_allocation
206,699,normal,0,0,65535_65535,0,2,153622,125,1,1,1,4,125,22,1,1,allocated
206,699,normal,0,0,65535_65535,0,3,128650,123,0,1,0,3,0,26,1,1,pre_allocation
206,699,normal,0,0,65535_65535,0,3,128650,165,1,1,1,4,165,26,1,1,allocated
206,699,normal,0,0,65535_65535,0,1,57531,133,0,1,0,3,0,28,1,1,pre_allocation
206,699,normal,0,0,65535_65535,0,1,57531,179,1,1,1,4,179,28,1,1,allocated
206,699,normal,0,0,65535_65535,0,4,237500,68,0,1,0,4,0,15,1,1,pre_allocation
206,699,normal,0,0,65535_65535,0,4,237500,86,1,1,1,5,86,15,1,1,allocated
206,699,normal,0,0,65535_65535,0,2,153622,125,0,1,0,4,0,22,1,1,pre_allocation
206,699,normal,0,0,65535_65535,0,2,153622,157,1,1,1,5,157,22,1,1,allocated
206,699,normal,0,0,65535_65535,0,3,128650,165,0,1,0,4,0,26,1,1,pre_allocation
206,699,normal,0,0,65535_65535,0,3,128650,207,1,1,1,5,207,26,1,1,allocated
206,699,normal,0,0,65535_65535,0,1,57531,179,0,1,0,4,0,28,1,1,pre_allocation
206,699,normal,0,0,65535_65535,0,1,57531,224,1,1,1,5,224,28,1,1,allocated
206,699,normal,0,0,65535_65535,0,4,237500,86,0,1,0,5,0,15,1,1,pre_allocation
206,699,normal,0,0,65535_65535,0,4,237500,103,1,1,1,6,103,15,1,1,allocated
206,699,normal,0,0,65535_65535,0,2,153622,157,0,1,0,5,0,22,1,1,pre_allocation
206,699,normal,0,0,65535_65535,0,2,153622,190,1,1,1,6,190,22,1,1,allocated
206,699,normal,0,0,65535_65535,0,3,128650,207,0,1,0,5,0,26,1,1,pre_allocation
206,699,normal,0,0,65535_65535,0,3,128650,249,1,1,1,6,249,26,1,1,allocated
206,699,normal,0,0,65535_65535,0,1,57531,224,0,1,0,5,0,28,1,1,pre_allocation
206,699,normal,0,0,65535_65535,0,1,57531,270,1,1,1,6,270,28,1,1,allocated
206,699,normal,0,0,65535_65535,0,4,237500,103,0,1,0,6,0,15,1,1,pre_allocation
206,699,normal,0,0,65535_65535,0,4,237500,121,1,1,1,7,121,15,1,1,allocated
206,699,normal,0,0,65535_65535,0,2,153622,190,0,1,0,6,0,22,1,1,pre_allocation
206,699,normal,0,0,65535_65535,0,2,153622,222,1,1,1,7,222,22,1,1,allocated
206,699,normal,0,0,65535_65535,0,3,128650,249,0,1,0,6,0,26,1,1,pre_allocation
206,699,normal,0,0,65535_65535,0,3,128650,291,1,1,1,7,291,26,1,1,allocated
206,699,normal,0,0,65535_65535,0,1,57531,270,0,1,0,6,0,28,1,1,pre_allocation
206,699,normal,0,0,65535_65535,0,1,57531,315,1,1,1,7,315,28,1,1,allocated
206,699,normal,0,0,65535_65535,0,4,237500,121,0,1,0,7,0,15,1,1,pre_allocation
206,699,normal,0,0,65535_65535,0,4,237500,139,1,1,1,8,139,15,1,1,allocated
206,699,normal,0,0,65535_65535,0,2,153622,222,0,1,0,7,0,22,1,1,pre_allocation
206,699,normal,0,0,65535_65535,0,2,153622,254,1,1,1,8,254,22,1,1,allocated
206,699,normal,0,0,65535_65535,0,3,128650,291,0,1,0,7,0,26,1,1,pre_allocation
206,699,normal,0,0,65535_65535,0,3,128650,333,1,1,1,8,333,26,1,1,allocated
206,699,normal,0,0,65535_65535,0,1,57531,315,0,1,0,7,0,28,1,1,pre_allocation
206,699,normal,0,0,65535_65535,0,1,57531,361,1,1,1,8,361,28,1,1,allocated
206,699,normal,0,0,65535_65535,0,4,237500,139,0,1,0,8,0,15,1,1,pre_allocation
206,699,normal,0,0,65535_65535,0,4,237500,157,1,1,1,9,157,15,1,1,allocated
206,699,normal,0,0,65535_65535,0,2,153622,254,0,1,0,8,0,22,1,1,pre_allocation
206,699,normal,0,0,65535_65535,0,2,153622,286,1,1,1,9,286,22,1,1,allocated
206,699,normal,0,0,65535_65535,0,3,128650,333,0,1,0,8,0,26,1,1,pre_allocation
206,699,normal,0,0,65535_65535,0,3,128650,375,1,1,1,9,375,26,1,1,allocated
206,699,normal,0,0,65535_65535,0,1,57531,361,0,1,0,8,0,28,1,1,pre_allocation
206,699,normal,0,0,65535_65535,0,1,57531,406,1,1,1,9,406,28,1,1,allocated
206,699,normal,0,0,65535_65535,0,4,237500,157,0,1,0,9,0,15,1,1,pre_allocation
206,699,normal,0,0,65535_65535,0,4,237500,175,1,1,1,10,175,15,1,1,allocated
206,699,normal,0,0,65535_65535,0,2,153622,286,0,1,0,9,0,22,1,1,pre_allocation
206,699,normal,0,0,65535_65535,0,2,153622,318,1,1,1,10,318,22,1,1,allocated
206,699,normal,0,0,65535_65535,0,3,128650,375,0,1,0,9,0,26,1,1,pre_allocation
206,699,normal,0,0,65535_65535,0,3,128650,417,1,1,1,10,417,26,1,1,allocated
206,699,normal,0,0,65535_65535,0,1,57531,406,0,1,0,9,0,28,1,1,pre_allocation
206,699,normal,0,0,65535_65535,0,1,57531,452,1,1,1,10,452,28,1,1,allocated
206,699,normal,0,0,65535_65535,0,4,237500,175,0,1,0,10,0,15,1,1,pre_allocation
206,699,normal,0,0,65535_65535,0,4,237500,193,1,1,1,11,193,15,1,1,allocated
206,699,normal,0,0,65535_65535,0,2,153622,318,0,1,0,10,0,22,1,1,pre_allocation
206,699,normal,0,0,65535_65535,0,2,153622,350,1,1,1,11,350,22,1,1,allocated
206,699,normal,0,0,65535_65535,0,3,128650,417,0,1,0,10,0,26,1,1,pre_allocation
206,699,normal,0,0,65535_65535,0,3,128650,459,1,1,1,11,459,26,1,1,allocated
206,699,normal,0,0,65535_65535,0,1,57531,452,0,1,0,10,0,28,1,1,pre_allocation
206,699,normal,0,0,65535_65535,0,1,57531,497,1,1,1,11,497,28,1,1,allocated
206,699,normal,0,0,65535_65535,1,10,87,0,0,1,0,0,0,20,1,1,pre_allocation
206,699,normal,0,0,65535_65535,1,10,87,24,1,1,1,1,24,20,1,1,allocated
206,699,normal,0,0,65535_65535,1,8,87,0,0,1,0,0,0,15,1,1,pre_allocation
206,699,normal,0,0,65535_65535,1,8,87,14,1,1,1,1,14,15,1,1,allocated
206,699,normal,0,0,65535_65535,1,7,87,0,0,1,0,0,0,28,1,1,pre_allocation
206,699,normal,0,0,65535_65535,1,7,87,42,1,1,1,1,42,28,1,1,allocated
206,699,normal,0,0,65535_65535,1,6,87,0,0,1,0,0,0,28,1,1,pre_allocation
206,699,normal,0,0,65535_65535,1,6,87,42,1,1,1,1,42,28,1,1,allocated
206,699,normal,0,0,65535_65535,1,10,87,24,0,1,0,1,0,20,1,1,pre_allocation
206,699,normal,0,0,65535_65535,1,10,87,51,1,1,1,2,51,20,1,1,allocated
206,699,normal,0,0,65535_65535,1,8,87,14,0,1,0,1,0,15,1,1,pre_allocation
206,699,normal,0,0,65535_65535,1,8,87,32,1,1,1,2,32,15,1,1,allocated
206,699,normal,0,0,65535_65535,1,7,87,42,0,1,0,1,0,28,1,1,pre_allocation
206,699,normal,0,0,65535_65535,1,7,87,88,1,1,1,2,88,28,1,1,allocated
206,699,normal,0,0,65535_65535,1,6,87,42,0,1,0,1,0,28,1,1,pre_allocation
206,699,normal,0,0,65535_65535,1,6,87,88,1,1,1,2,88,28,1,1,allocated
206,699,normal,0,0,65535_65535,1,10,87,51,0,1,0,2,0,20,1,1,pre_allocation
206,699,normal,0,0,65535_65535,1,10,87,78,1,1,1,3,78,20,1,1,allocated
206,699,normal,0,0,65535_65535,1,8,87,32,0,1,0,2,0,15,1,1,pre_allocation
206,699,normal,0,0,65535_65535,1,8,87,50,1,1,1,3,50,15,1,1,allocated
206,699,normal,0,0,65535_65535,1,7,87,88,0,1,0,2,0,28,1,1,pre_allocation
206,699,normal,0,0,65535_65535,1,7,87,133,1,1,1,3,133,28,1,1,allocated
206,699,normal,0,0,65535_65535,1,6,87,88,0,1,0,2,0,28,1,1,pre_allocation
206,699,normal,0,0,65535_65535,1,6,87,133,1,1,1,3,133,28,1,1,allocated
206,699,normal,0,0,65535_65535,1,10,87,78,0,1,0,3,0,20,1,1,pre_allocation
206,699,normal,0,0,65535_65535,1,10,87,105,1,1,1,4,105,20,1,1,allocated
206,699,normal,0,0,65535_65535,1,8,87,50,0,1,0,3,0,15,1,1,pre_allocation
206,699,normal,0,0,65535_65535,1,8,87,68,1,1,1,4,68,15,1,1,allocated
206,699,normal,0,0,65535_65535,1,7,87,133,0,1,0,3,0,28,1,1,pre_allocation
206,699,normal,0,0,65535_65535,1,7,87,179,1,1,1,4,179,28,1,1,allocated
206,699,normal,0,0,65535_65535,1,6,87,133,0,1,0,3,0,28,1,1,pre_allocation
206,699,normal,0,0,65535_65535,1,6,87,179,1,1,1,4,179,28,1,1,allocated
206,699,normal,0,0,65535_65535,1,10,87,105,0,1,0,4,0,20,1,1,pre_allocation
206,699,normal,0,0,65535_65535,1,10,87,133,1,1,1,5,133,20,1,1,allocated
206,699,normal,0,0,65535_65535,1,8,87,68,0,1,0,4,0,15,1,1,pre_allocation
206,699,normal,0,0,65535_65535,1,8,87,86,1,1,1,5,86,15,1,1,allocated
206,699,normal,0,0,65535_65535,1,7,87,179,0,1,0,4,0,28,1,1,pre_allocation
206,699,normal,0,0,65535_65535,1,7,87,224,1,1,1,5,224,28,1,1,allocated
206,699,normal,0,0,65535_65535,1,6,87,179,0,1,0,4,0,28,1,1,pre_allocation
206,699,normal,0,0,65535_65535,1,6,87,224,1,1,1,5,224,28,1,1,allocated
206,699,normal,0,0,65535_65535,1,10,87,133,0,1,0,5,0,20,1,1,pre_allocation
206,699,normal,0,0,65535_65535,1,10,87,160,1,1,1,6,160,20,1,1,allocated
206,699,normal,0,0,65535_65535,1,8,87,86,0,1,0,5,0,15,1,1,pre_allocation
206,699,normal,0,0,65535_65535,1,8,87,103,1,1,1,6,103,15,1,1,allocated
206,699,normal,0,0,65535_65535,1,7,87,224,0,1,0,5,0,28,1,1,pre_allocation
206,699,normal,0,0,65535_65535,1,7,87,270,1,1,1,6,270,28,1,1,allocated
206,699,normal,0,0,65535_65535,1,6,87,224,0,1,0,5,0,28,1,1,pre_allocation
206,699,normal,0,0,65535_65535,1,6,87,270,1,1,1,6,270,28,1,1,allocated
206,699,normal,0,0,65535_65535,1,10,87,160,0,1,0,6,0,20,1,1,pre_allocation
206,699,normal,0,0,65535_65535,1,10,87,187,1,1,1,7,187,20,1,1,allocated
206,699,normal,0,0,65535_65535,1,8,87,103,0,1,0,6,0,15,1,1,pre_allocation
206,699,normal,0,0,65535_65535,1,8,87,121,1,1,1,7,121,15,1,1,allocated
206,699,normal,0,0,65535_65535,1,7,87,270,0,1,0,6,0,28,1,1,pre_allocation
206,699,normal,0,0,65535_65535,1,7,87,315,1,1,1,7,315,28,1,1,allocated
206,699,normal,0,0,65535_65535,1,6,87,270,0,1,0,6,0,28,1,1,pre_allocation
206,699,normal,0,0,65535_65535,1,6,87,315,1,1,1,7,315,28,1,1,allocated
206,699,normal,0,0,65535_65535,1,10,87,187,0,1,0,7,0,20,1,1,pre_allocation
206,699,normal,0,0,65535_65535,1,10,87,214,1,1,1,8,214,20,1,1,allocated
206,699,normal,0,0,65535_65535,1,8,87,121,0,1,0,7,0,15,1,1,pre_allocation
206,699,normal,0,0,65535_65535,1,8,87,139,1,1,1,8,139,15,1,1,allocated
206,699,normal,0,0,65535_65535,1,7,87,315,0,1,0,7,0,28,1,1,pre_allocation
206,699,normal,0,0,65535_65535,1,7,87,361,1,1,1,8,361,28,1,1,allocated
206,699,normal,0,0,65535_65535,1,6,87,315,0,1,0,7,0,28,1,1,pre_allocation
206,699,normal,0,0,65535_65535,1,6,87,361,1,1,1,8,361,28,1,1,allocated
206,699,normal,0,0,65535_65535,1,10,87,214,0,1,0,8,0,20,1,1,pre_allocation
206,699,normal,0,0,65535_65535,1,10,87,242,1,1,1,9,242,20,1,1,allocated
206,699,normal,0,0,65535_65535,1,8,87,139,0,1,0,8,0,15,1,1,pre_allocation
206,699,normal,0,0,65535_65535,1,8,87,157,1,1,1,9,157,15,1,1,allocated
206,699,normal,0,0,65535_65535,1,7,87,361,0,1,0,8,0,28,1,1,pre_allocation
206,699,normal,0,0,65535_65535,1,7,87,406,1,1,1,9,406,28,1,1,allocated
206,699,normal,0,0,65535_65535,1,6,87,361,0,1,0,8,0,28,1,1,pre_allocation
206,699,normal,0,0,65535_65535,1,6,87,406,1,1,1,9,406,28,1,1,allocated
206,699,normal,0,0,65535_65535,1,10,87,242,0,1,0,9,0,20,1,1,pre_allocation
206,699,normal,0,0,65535_65535,1,10,87,269,1,1,1,10,269,20,1,1,allocated
206,699,normal,0,0,65535_65535,1,8,87,157,0,1,0,9,0,15,1,1,pre_allocation
206,699,normal,0,0,65535_65535,1,8,87,175,1,1,1,10,175,15,1,1,allocated
206,699,normal,0,0,65535_65535,1,7,87,406,0,1,0,9,0,28,1,1,pre_allocation
206,699,normal,0,0,65535_65535,1,7,87,452,1,1,1,10,452,28,1,1,allocated
206,699,normal,0,0,65535_65535,1,6,87,406,0,1,0,9,0,28,1,1,pre_allocation
206,699,normal,0,0,65535_65535,1,6,87,452,1,1,1,10,452,28,1,1,allocated
206,699,normal,0,0,65535_65535,1,10,87,269,0,1,0,10,0,20,1,1,pre_allocation
206,699,normal,0,0,65535_65535,1,10,87,296,1,1,1,11,296,20,1,1,allocated
206,699,normal,0,0,65535_65535,1,8,87,175,0,1,0,10,0,15,1,1,pre_allocation
206,699,normal,0,0,65535_65535,1,8,87,193,1,1,1,11,193,15,1,1,allocated
206,699,normal,0,0,65535_65535,1,7,87,452,0,1,0,10,0,28,1,1,pre_allocation
206,699,normal,0,0,65535_65535,1,7,87,497,1,1,1,11,497,28,1,1,allocated
206,699,normal,0,0,65535_65535,1,6,87,452,0,1,0,10,0,28,1,1,pre_allocation
206,699,normal,0,0,65535_65535,1,6,87,497,1,1,1,11,497,28,1,1,allocated
206,699,normal,0,0,65535_65535,1,10,87,296,0,1,0,11,0,20,1,1,pre_allocation
206,699,normal,0,0,65535_65535,1,10,87,323,1,1,1,12,323,20,1,1,allocated
206,699,normal,0,0,65535_65535,1,8,87,193,0,1,0,11,0,15,1,1,pre_allocation
206,699,normal,0,0,65535_65535,1,8,87,210,1,1,1,12,210,15,1,1,allocated
206,699,normal,0,0,65535_65535,1,7,87,497,0,1,0,11,0,28,1,1,pre_allocation
206,699,normal,0,0,65535_65535,1,7,87,543,1,1,1,12,543,28,1,1,allocated
206,699,normal,0,0,65535_65535,1,6,87,497,0,1,0,11,0,28,1,1,pre_allocation
206,699,normal,0,0,65535_65535,1,6,87,543,1,1,1,12,543,28,1,1,allocated
206,699,normal,0,0,65535_65535,1,10,87,323,0,1,0,12,0,20,1,1,pre_allocation
206,699,normal,0,0,65535_65535,1,10,87,350,1,1,1,13,350,20,1,1,allocated
206,699,normal,0,0,65535_65535,1,8,87,210,0,1,0,12,0,15,1,1,pre_allocation
206,699,normal,0,0,65535_65535,1,8,87,228,1,1,1,13,228,15,1,1,allocated
206,699,normal,0,0,65535_65535,1,7,87,543,0,1,0,12,0,28,1,1,pre_allocation
206,699,normal,0,0,65535_65535,1,7,87,589,1,1,1,13,589,28,1,1,allocated
206,699,normal,0,0,65535_65535,1,6,87,543,0,1,0,12,0,28,1,1,pre_allocation
206,699,normal,0,0,65535_65535,1,6,87,589,1,1,1,13,589,28,1,1,allocated
206,699,normal,0,0,65535_65535,1,10,87,350,0,1,0,13,0,20,1,1,pre_allocation
206,699,normal,0,0,65535_65535,1,10,87,378,1,1,1,14,378,20,1,1,allocated
206,699,normal,0,0,65535_65535,1,8,87,228,0,1,0,13,0,15,1,1,pre_allocation
206,699,normal,0,0,65535_65535,1,8,87,246,1,1,1,14,246,15,1,1,allocated
206,699,normal,0,0,65535_65535,1,7,87,589,0,1,0,13,0,28,1,1,pre_allocation
206,699,normal,0,0,65535_65535,1,7,87,634,1,1,1,14,634,28,1,1,allocated
206,699,normal,0,0,65535_65535,1,6,87,589,0,1,0,13,0,28,1,1,pre_allocation
206,699,normal,0,0,65535_65535,1,6,87,634,1,1,1,14,634,28,1,1,allocated
206,699,normal,0,0,65535_65535,1,10,87,378,0,1,0,14,0,20,1,1,pre_allocation
206,699,normal,0,0,65535_65535,1,10,87,405,1,1,1,15,405,20,1,1,allocated
206,699,normal,0,0,65535_65535,1,8,87,246,0,1,0,14,0,15,1,1,pre_allocation
206,699,normal,0,0,65535_65535,1,8,87,264,1,1,1,15,264,15,1,1,allocated
206,699,normal,0,0,65535_65535,1,7,87,634,0,1,0,14,0,28,1,1,pre_allocation
206,699,normal,0,0,65535_65535,1,7,87,680,1,1,1,15,680,28,1,1,allocated
206,699,normal,0,0,65535_65535,1,6,87,634,0,1,0,14,0,28,1,1,pre_allocation
206,699,normal,0,0,65535_65535,1,6,87,680,1,1,1,15,680,28,1,1,allocated
206,699,normal,0,0,65535_65535,1,10,87,405,0,1,0,15,0,20,1,1,pre_allocation
206,699,normal,0,0,65535_65535,1,10,87,432,1,1,1,16,432,20,1,1,allocated
206,699,normal,0,0,65535_65535,1,8,87,264,0,1,0,15,0,15,1,1,pre_allocation
206,699,normal,0,0,65535_65535,1,8,87,282,1,1,1,16,282,15,1,1,allocated
206,699,normal,0,0,65535_65535,1,7,87,680,0,1,0,15,0,28,1,1,pre_allocation
206,699,normal,0,0,65535_65535,1,7,87,725,1,1,1,16,725,28,1,1,allocated
206,699,normal,0,0,65535_65535,1,6,87,680,0,1,0,15,0,28,1,1,pre_allocation
206,699,normal,0,0,65535_65535,1,6,87,725,1,1,1,16,725,28,1,1,allocated
206,699,normal,0,0,65535_65535,1,10,87,432,0,1,0,16,0,20,1,1,pre_allocation
206,699,normal,0,0,65535_65535,1,10,87,459,1,1,1,17,459,20,1,1,allocated
206,699,normal,0,0,65535_65535,1,8,87,282,0,1,0,16,0,15,1,1,pre_allocation
206,699,normal,0,0,65535_65535,1,8,87,299,1,1,1,17,299,15,1,1,allocated
206,699,normal,0,0,65535_65535,1,7,87,725,0,1,0,16,0,28,1,1,pre_allocation
206,699,normal,0,0,65535_65535,1,7,87,771,1,1,1,17,771,28,1,1,allocated
206,699,normal,0,0,65535_65535,2,25,1193,0,0,1,0,0,0,15,1,1,pre_allocation
206,699,normal,0,0,65535_65535,2,25,1193,14,1,1,1,1,14,15,1,1,allocated
206,699,normal,0,0,65535_65535,2,11,137,0,0,1,0,0,0,4,1,1,pre_allocation
206,699,normal,0,0,65535_65535,2,11,137,0,1,1,1,1,0,4,1,1,allocated
206,699,normal,0,0,65535_65535,2,12,137,0,0,1,0,0,0,15,1,1,pre_allocation
206,699,normal,0,0,65535_65535,2,12,137,14,1,1,1,1,14,15,1,1,allocated
206,699,normal,0,0,65535_65535,2,24,137,0,0,1,0,0,0,15,1,1,pre_allocation
206,699,normal,0,0,65535_65535,2,24,137,14,1,1,1,1,14,15,1,1,allocated
206,699,normal,0,0,65535_65535,2,22,137,0,0,1,0,0,0,24,1,1,pre_allocation
206,699,normal,0,0,65535_65535,2,22,137,34,1,1,1,1,34,24,1,1,allocated
206,699,normal,0,0,65535_65535,2,13,137,0,0,1,0,0,0,28,1,1,pre_allocation
206,699,normal,0,0,65535_65535,2,13,137,42,1,1,1,1,42,28,1,1,allocated
206,699,normal,0,0,65535_65535,2,26,137,0,0,1,0,0,0,28,1,1,pre_allocation
206,699,normal,0,0,65535_65535,2,26,137,42,1,1,1,1,42,28,1,1,allocated
206,699,normal,0,0,65535_65535,2,23,137,0,0,1,0,0,0,28,1,1,pre_allocation
206,699,normal,0,0,65535_65535,2,23,137,42,1,1,1,1,42,28,1,1,allocated
206,699,normal,0,0,65535_65535,2,27,137,0,0,1,0,0,0,20,1,1,pre_allocation
206,699,normal,0,0,65535_65535,2,27,137,24,1,1,1,1,24,20,1,1,allocated
206,699,normal,0,0,65535_65535,2,25,1193,14,0,1,0,1,0,15,1,1,pre_allocation
206,699,normal,0,0,65535_65535,2,25,1193,32,1,1,1,2,32,15,1,1,allocated
206,699,normal,0,0,65535_65535,2,11,137,0,0,1,0,1,0,4,1,1,pre_allocation
206,699,normal,0,0,65535_65535,2,11,137,3,1,1,1,2,3,4,1,1,allocated
206,699,normal,0,0,65535_65535,2,12,137,14,0,1,0,1,0,15,1,1,pre_allocation
206,699,normal,0,0,65535_65535,2,12,137,32,1,1,1,2,32,15,1,1,allocated
206,699,normal,0,0,65535_65535,2,24,137,14,0,1,0,1,0,15,1,1,pre_allocation
206,699,normal,0,0,65535_65535,2,24,137,32,1,1,1,2,32,15,1,1,allocated
206,699,normal,0,0,65535_65535,2,22,137,34,0,1,0,1,0,24,1,1,pre_allocation
206,699,normal,0,0,65535_65535,2,22,137,71,1,1,1,2,71,24,1,1,allocated
206,699,normal,0,0,65535_65535,2,13,137,42,0,1,0,1,0,28,1,1,pre_allocation
206,699,normal,0,0,65535_65535,2,13,137,88,1,1,1,2,88,28,1,1,allocated
206,699,normal,0,0,65535_65535,2,26,137,42,0,1,0,1,0,28,1,1,pre_allocation
206,699,normal,0,0,65535_65535,2,26,137,88,1,1,1,2,88,28,1,1,allocated
206,699,normal,0,0,65535_65535,2,23,137,42,0,1,0,1,0,28,1,1,pre_allocation
206,699,normal,0,0,65535_65535,2,23,137,88,1,1,1,2,88,28,1,1,allocated
206,699,normal,0,0,65535_65535,2,27,137,24,0,1,0,1,0,20,1,1,pre_allocation
206,699,normal,0,0,65535_65535,2,27,137,51,1,1,1,2,51,20,1,1,allocated
206,699,normal,0,0,65535_65535,2,25,1193,32,0,1,0,2,0,15,1,1,pre_allocation
206,699,normal,0,0,65535_65535,2,25,1193,50,1,1,1,3,50,15,1,1,allocated
206,699,normal,0,0,65535_65535,2,11,137,3,0,1,0,2,0,4,1,1,pre_allocation
206,699,normal,0,0,65535_65535,2,11,137,6,1,1,1,3,6,4,1,1,allocated
206,699,normal,0,0,65535_65535,2,12,137,32,0,1,0,2,0,15,1,1,pre_allocation
206,699,normal,0,0,65535_65535,2,12,137,50,1,1,1,3,50,15,1,1,allocated
206,699,normal,0,0,65535_65535,2,24,137,32,0,1,0,2,0,15,1,1,pre_allocation
206,699,normal,0,0,65535_65535,2,24,137,50,1,1,1,3,50,15,1,1,allocated
206,699,normal,0,0,65535_65535,2,22,137,71,0,1,0,2,0,24,1,1,pre_allocation
206,699,normal,0,0,65535_65535,2,22,137,108,1,1,1,3,108,24,1,1,allocated
206,699,normal,0,0,65535_65535,2,13,137,88,0,1,0,2,0,28,1,1,pre_allocation
206,699,normal,0,0,65535_65535,2,13,137,133,1,1,1,3,133,28,1,1,allocated
206,699,normal,0,0,65535_65535,2,26,137,88,0,1,0,2,0,28,1,1,pre_allocation
206,699,normal,0,0,65535_65535,2,26,137,133,1,1,1,3,133,28,1,1,allocated
206,699,normal,0,0,65535_65535,2,23,137,88,0,1,0,2,0,28,1,1,pre_allocation
206,699,normal,0,0,65535_65535,2,23,137,133,1,1,1,3,133,28,1,1,allocated
206,699,normal,0,0,65535_65535,2,27,137,51,0,1,0,2,0,20,1,1,pre_allocation
206,699,normal,0,0,65535_65535,2,27,137,78,1,1,1,3,78,20,1,1,allocated
206,699,normal,0,0,65535_65535,2,25,1193,50,0,1,0,3,0,15,1,1,pre_allocation
206,699,normal,0,0,65535_65535,2,25,1193,68,1,1,1,4,68,15,1,1,allocated
206,699,normal,0,0,65535_65535,2,11,137,6,0,1,0,3,0,4,1,1,pre_allocation
206,699,normal,0,0,65535_65535,2,11,137,9,1,1,1,4,9,4,1,1,allocated
206,699,normal,0,0,65535_65535,2,12,137,50,0,1,0,3,0,15,1,1,pre_allocation
206,699,normal,0,0,65535_65535,2,12,137,68,1,1,1,4,68,15,1,1,allocated
206,699,normal,0,0,65535_65535,2,24,137,50,0,1,0,3,0,15,1,1,pre_allocation
206,699,normal,0,0,65535_65535,2,24,137,68,1,1,1,4,68,15,1,1,allocated
206,699,normal,0,0,65535_65535,2,22,137,108,0,1,0,3,0,24,1,1,pre_allocation
206,699,normal,0,0,65535_65535,2,22,137,145,1,1,1,4,145,24,1,1,allocated
206,699,normal,0,0,65535_65535,2,13,137,133,0,1,0,3,0,28,1,1,pre_allocation
206,699,normal,0,0,65535_65535,2,13,137,179,1,1,1,4,179,28,1,1,allocated
206,699,normal,0,0,65535_65535,2,26,137,133,0,1,0,3,0,28,1,1,pre_allocation
206,699,normal,0,0,65535_65535,2,26,137,179,1,1,1,4,179,28,1,1,allocated
206,699,normal,0,0,65535_65535,2,23,137,133,0,1,0,3,0,28,1,1,pre_allocation
206,699,normal,0,0,65535_65535,2,23,137,179,1,1,1,4,179,28,1,1,allocated
206,699,normal,0,0,65535_65535,2,27,137,78,0,1,0,3,0,20,1,1,pre_allocation
206,699,normal,0,0,65535_65535,2,27,137,105,1,1,1,4,105,20,1,1,allocated
206,699,normal,0,0,65535_65535,2,25,1193,68,0,1,0,4,0,15,1,1,pre_allocation
206,699,normal,0,0,65535_65535,2,25,1193,86,1,1,1,5,86,15,1,1,allocated
206,699,normal,0,0,65535_65535,2,11,137,9,0,1,0,4,0,4,1,1,pre_allocation
206,699,normal,0,0,65535_65535,2,11,137,12,1,1,1,5,12,4,1,1,allocated
206,699,normal,0,0,65535_65535,2,12,137,68,0,1,0,4,0,15,1,1,pre_allocation
206,699,normal,0,0,65535_65535,2,12,137,86,1,1,1,5,86,15,1,1,allocated
206,699,normal,0,0,65535_65535,2,24,137,68,0,1,0,4,0,15,1,1,pre_allocation
206,699,normal,0,0,65535_65535,2,24,137,86,1,1,1,5,86,15,1,1,allocated
206,699,normal,0,0,65535_65535,2,22,137,145,0,1,0,4,0,24,1,1,pre_allocation
206,699,normal,0,0,65535_65535,2,22,137,182,1,1,1,5,182,24,1,1,allocated
206,699,normal,0,0,65535_65535,2,13,137,179,0,1,0,4,0,28,1,1,pre_allocation
206,699,normal,0,0,65535_65535,2,13,137,224,1,1,1,5,224,28,1,1,allocated
206,699,normal,0,0,65535_65535,2,26,137,179,0,1,0,4,0,28,1,1,pre_allocation
206,699,normal,0,0,65535_65535,2,26,137,224,1,1,1,5,224,28,1,1,allocated
206,699,normal,0,0,65535_65535,2,23,137,179,0,1,0,4,0,28,1,1,pre_allocation
206,699,normal,0,0,65535_65535,2,23,137,224,1,1,1,5,224,28,1,1,allocated
206,699,normal,0,0,65535_65535,2,27,137,105,0,1,0,4,0,20,1,1,pre_allocation
206,699,normal,0,0,65535_65535,2,27,137,133,1,1,1,5,133,20,1,1,allocated
206,699,normal,0,0,65535_65535,2,25,1193,86,0,1,0,5,0,15,1,1,pre_allocation
206,699,normal,0,0,65535_65535,2,25,1193,103,1,1,1,6,103,15,1,1,allocated
206,699,normal,0,0,65535_65535,2,11,137,12,0,1,0,5,0,4,1,1,pre_allocation
206,699,normal,0,0,65535_65535,2,11,137,15,1,1,1,6,15,4,1,1,allocated
206,699,normal,0,0,65535_65535,2,12,137,86,0,1,0,5,0,15,1,1,pre_allocation
206,699,normal,0,0,65535_65535,2,12,137,103,1,1,1,6,103,15,1,1,allocated
206,699,normal,0,0,65535_65535,2,24,137,86,0,1,0,5,0,15,1,1,pre_allocation
206,699,normal,0,0,65535_65535,2,24,137,103,1,1,1,6,103,15,1,1,allocated
206,699,normal,0,0,65535_65535,2,22,137,182,0,1,0,5,0,24,1,1,pre_allocation
206,699,normal,0,0,65535_65535,2,22,137,219,1,1,1,6,219,24,1,1,allocated
206,699,normal,0,0,65535_65535,2,13,137,224,0,1,0,5,0,28,1,1,pre_allocation
206,699,normal,0,0,65535_65535,2,13,137,270,1,1,1,6,270,28,1,1,allocated
206,699,normal,0,0,65535_65535,2,26,137,224,0,1,0,5,0,28,1,1,pre_allocation
206,699,normal,0,0,65535_65535,2,26,137,270,1,1,1,6,270,28,1,1,allocated
206,699,normal,0,0,65535_65535,2,23,137,224,0,1,0,5,0,28,1,1,pre_allocation
206,699,normal,0,0,65535_65535,2,23,137,270,1,1,1,6,270,28,1,1,allocated
206,699,normal,0,0,65535_65535,2,27,137,133,0,1,0,5,0,20,1,1,pre_allocation
206,699,normal,0,0,65535_65535,2,27,137,160,1,1,1,6,160,20,1,1,allocated
206,699,normal,0,0,65535_65535,2,25,1193,103,0,1,0,6,0,15,1,1,pre_allocation
206,699,normal,0,0,65535_65535,2,25,1193,121,1,1,1,7,121,15,1,1,allocated
206,699,normal,0,0,65535_65535,2,11,137,15,0,1,0,6,0,4,1,1,pre_allocation
206,699,normal,0,0,65535_65535,2,11,137,18,1,1,1,7,18,4,1,1,allocated
206,699,normal,0,0,65535_65535,2,12,137,103,0,1,0,6,0,15,1,1,pre_allocation
206,699,normal,0,0,65535_65535,2,12,137,121,1,1,1,7,121,15,1,1,allocated
206,699,normal,0,0,65535_65535,2,24,137,103,0,1,0,6,0,15,1,1,pre_allocation
206,699,normal,0,0,65535_65535,2,24,137,121,1,1,1,7,121,15,1,1,allocated
206,699,normal,0,0,65535_65535,2,22,137,219,0,1,0,6,0,24,1,1,pre_allocation
206,699,normal,0,0,65535_65535,2,22,137,256,1,1,1,7,256,24,1,1,allocated
206,699,normal,0,0,65535_65535,2,13,137,270,0,1,0,6,0,28,1,1,pre_allocation
206,699,normal,0,0,65535_65535,2,13,137,315,1,1,1,7,315,28,1,1,allocated
206,699,normal,0,0,65535_65535,2,26,137,270,0,1,0,6,0,28,1,1,pre_allocation
206,699,normal,0,0,65535_65535,2,26,137,315,1,1,1,7,315,28,1,1,allocated
206,699,normal,0,0,65535_65535,2,23,137,270,0,1,0,6,0,28,1,1,pre_allocation
206,699,normal,0,0,65535_65535,2,23,137,315,1,1,1,7,315,28,1,1,allocated
206,699,normal,0,0,65535_65535,2,27,137,160,0,1,0,6,0,20,1,1,pre_allocation
206,699,normal,0,0,65535_65535,2,27,137,187,1,1,1,7,187,20,1,1,allocated
206,699,normal,0,0,65535_65535,2,25,1193,121,0,1,0,7,0,15,1,1,pre_allocation
206,699,normal,0,0,65535_65535,2,25,1193,139,1,1,1,8,139,15,1,1,allocated
206,699,normal,0,0,65535_65535,2,11,137,18,0,1,0,7,0,4,1,1,pre_allocation
206,699,normal,0,0,65535_65535,2,11,137,22,1,1,1,8,22,4,1,1,allocated
206,699,normal,0,0,65535_65535,2,12,137,121,0,1,0,7,0,15,1,1,pre_allocation
206,699,normal,0,0,65535_65535,2,12,137,139,1,1,1,8,139,15,1,1,allocated
206,699,normal,0,0,65535_65535,2,24,137,121,0,1,0,7,0,15,1,1,pre_allocation
206,699,normal,0,0,65535_65535,2,24,137,139,1,1,1,8,139,15,1,1,allocated
206,699,normal,0,0,65535_65535,2,22,137,256,0,1,0,7,0,24,1,1,pre_allocation
206,699,normal,0,0,65535_65535,2,22,137,294,1,1,1,8,294,24,1,1,allocated
206,699,normal,0,0,65535_65535,2,13,137,315,0,1,0,7,0,28,1,1,pre_allocation
206,699,normal,0,0,65535_65535,2,13,137,361,1,1,1,8,361,28,1,1,allocated
206,699,normal,0,0,65535_65535,2,26,137,315,0,1,0,7,0,28,1,1,pre_allocation
206,699,normal,0,0,65535_65535,2,26,137,361,1,1,1,8,361,28,1,1,allocated
206,699,normal,0,0,65535_65535,2,23,137,315,0,1,0,7,0,28,1,1,pre_allocation
206,699,normal,0,0,65535_65535,2,23,137,361,1,1,1,8,361,28,1,1,allocated
206,699,normal,0,0,65535_65535,2,27,137,187,0,1,0,7,0,20,1,1,pre_allocation
206,699,normal,0,0,65535_65535,2,27,137,214,1,1,1,8,214,20,1,1,allocated
206,699,normal,0,0,65535_65535,2,25,1193,139,0,1,0,8,0,15,1,1,pre_allocation
206,699,normal,0,0,65535_65535,2,25,1193,157,1,1,1,9,157,15,1,1,allocated
206,699,normal,0,0,65535_65535,2,11,137,22,0,1,0,8,0,4,1,1,pre_allocation
206,699,normal,0,0,65535_65535,2,11,137,25,1,1,1,9,25,4,1,1,allocated
206,699,normal,0,0,65535_65535,2,12,137,139,0,1,0,8,0,15,1,1,pre_allocation
206,699,normal,0,0,65535_65535,2,12,137,157,1,1,1,9,157,15,1,1,allocated
206,699,normal,0,0,65535_65535,2,24,137,139,0,1,0,8,0,15,1,1,pre_allocation
206,699,normal,0,0,65535_65535,2,24,137,157,1,1,1,9,157,15,1,1,allocated
206,699,normal,0,0,65535_65535,2,22,137,294,0,1,0,8,0,24,1,1,pre_allocation
206,699,normal,0,0,65535_65535,2,22,137,331,1,1,1,9,331,24,1,1,allocated
206,699,normal,0,0,65535_65535,2,13,137,361,0,1,0,8,0,28,1,1,pre_allocation
206,699,normal,0,0,65535_65535,2,13,137,406,1,1,1,9,406,28,1,1,allocated
206,699,normal,0,0,65535_65535,2,26,137,361,0,1,0,8,0,28,1,1,pre_allocation
206,699,normal,0,0,65535_65535,2,26,137,406,1,1,1,9,406,28,1,1,allocated
206,699,normal,0,0,65535_65535,2,23,137,361,0,1,0,8,0,28,1,1,pre_allocation
206,699,normal,0,0,65535_65535,2,23,137,406,1,1,1,9,406,28,1,1,allocated
206,699,normal,0,0,65535_65535,2,27,137,214,0,1,0,8,0,20,1,1,pre_allocation
206,699,normal,0,0,65535_65535,2,27,137,242,1,1,1,9,242,20,1,1,allocated
206,699,normal,0,0,65535_65535,2,25,1193,157,0,1,0,9,0,15,1,1,pre_allocation
206,699,normal,0,0,65535_65535,2,25,1193,175,1,1,1,10,175,15,1,1,allocated
206,699,normal,0,0,65535_65535,2,11,137,25,0,1,0,9,0,4,1,1,pre_allocation
206,699,normal,0,0,65535_65535,2,11,137,28,1,1,1,10,28,4,1,1,allocated
206,699,normal,0,0,65535_65535,2,12,137,157,0,1,0,9,0,15,1,1,pre_allocation
206,699,normal,0,0,65535_65535,2,12,137,175,1,1,1,10,175,15,1,1,allocated
206,699,normal,0,0,65535_65535,2,24,137,157,0,1,0,9,0,15,1,1,pre_allocation
206,699,normal,0,0,65535_65535,2,24,137,175,1,1,1,10,175,15,1,1,allocated
206,699,normal,0,0,65535_65535,2,22,137,331,0,1,0,9,0,24,1,1,pre_allocation
206,699,normal,0,0,65535_65535,2,22,137,368,1,1,1,10,368,24,1,1,allocated
206,699,normal,0,0,65535_65535,2,13,137,406,0,1,0,9,0,28,1,1,pre_allocation
206,699,normal,0,0,65535_65535,2,13,137,452,1,1,1,10,452,28,1,1,allocated
206,699,normal,0,0,65535_65535,2,26,137,406,0,1,0,9,0,28,1,1,pre_allocation
206,699,normal,0,0,65535_65535,2,26,137,452,1,1,1,10,452,28,1,1,allocated
206,699,normal,0,0,65535_65535,2,23,137,406,0,1,0,9,0,28,1,1,pre_allocation
206,699,normal,0,0,65535_65535,2,23,137,452,1,1,1,10,452,28,1,1,allocated
206,699,normal,0,0,65535_65535,2,27,137,242,0,1,0,9,0,20,1,1,pre_allocation
206,699,normal,0,0,65535_65535,2,27,137,269,1,1,1,10,269,20,1,1,allocated
206,699,normal,0,0,65535_65535,2,25,1193,175,0,1,0,10,0,15,1,1,pre_allocation
206,699,normal,0,0,65535_65535,2,25,1193,193,1,1,1,11,193,15,1,1,allocated
206,699,normal,0,0,65535_65535,2,11,137,28,0,1,0,10,0,4,1,1,pre_allocation
206,699,normal,0,0,65535_65535,2,11,137,31,1,1,1,11,31,4,1,1,allocated
206,699,normal,0,0,65535_65535,2,12,137,175,0,1,0,10,0,15,1,1,pre_allocation
206,699,normal,0,0,65535_65535,2,12,137,193,1,1,1,11,193,15,1,1,allocated
206,699,normal,0,0,65535_65535,2,24,137,175,0,1,0,10,0,15,1,1,pre_allocation
206,699,normal,0,0,65535_65535,2,24,137,193,1,1,1,11,193,15,1,1,allocated
206,699,normal,0,0,65535_65535,2,22,137,368,0,1,0,10,0,24,1,1,pre_allocation
206,699,normal,0,0,65535_65535,2,22,137,405,1,1,1,11,405,24,1,1,allocated
206,699,normal,0,0,65535_65535,2,13,137,452,0,1,0,10,0,28,1,1,pre_allocation
206,699,normal,0,0,65535_65535,2,13,137,497,1,1,1,11,497,28,1,1,allocated
206,699,normal,0,0,65535_65535,2,26,137,452,0,1,0,10,0,28,1,1,pre_allocation
206,699,normal,0,0,65535_65535,2,26,137,497,1,1,1,11,497,28,1,1,allocated
206,699,normal,0,0,65535_65535,2,23,137,452,0,1,0,10,0,28,1,1,pre_allocation
206,699,normal,0,0,65535_65535,2,23,137,497,1,1,1,11,497,28,1,1,allocated
206,699,normal,0,0,65535_65535,2,27,137,269,0,1,0,10,0,20,1,1,pre_allocation
206,699,normal,0,0,65535_65535,2,27,137,296,1,1,1,11,296,20,1,1,allocated
206,699,normal,0,0,65535_65535,2,25,1193,193,0,1,0,11,0,15,1,1,pre_allocation
206,699,normal,0,0,65535_65535,2,25,1193,210,1,1,1,12,210,15,1,1,allocated
206,699,normal,0,0,65535_65535,2,11,137,31,0,1,0,11,0,4,1,1,pre_allocation
206,699,normal,0,0,65535_65535,2,11,137,34,1,1,1,12,34,4,1,1,allocated
206,699,normal,0,0,65535_65535,2,12,137,193,0,1,0,11,0,15,1,1,pre_allocation
206,699,normal,0,0,65535_65535,2,12,137,210,1,1,1,12,210,15,1,1,allocated
206,699,normal,0,0,65535_65535,2,24,137,193,0,1,0,11,0,15,1,1,pre_allocation
206,699,normal,0,0,65535_65535,2,24,137,210,1,1,1,12,210,15,1,1,allocated
206,699,normal,0,0,65535_65535,2,22,137,405,0,1,0,11,0,24,1,1,pre_allocation
206,699,normal,0,0,65535_65535,2,22,137,442,1,1,1,12,442,24,1,1,allocated
206,699,normal,0,0,65535_65535,2,13,137,497,0,1,0,11,0,28,1,1,pre_allocation
206,699,normal,0,0,65535_65535,2,13,137,543,1,1,1,12,543,28,1,1,allocated
206,699,normal,0,0,65535_65535,2,26,137,497,0,1,0,11,0,28,1,1,pre_allocation
206,699,normal,0,0,65535_65535,2,26,137,543,1,1,1,12,543,28,1,1,allocated
206,699,normal,0,0,65535_65535,2,23,137,497,0,1,0,11,0,28,1,1,pre_allocation
206,699,normal,0,0,65535_65535,2,23,137,543,1,1,1,12,543,28,1,1,allocated
206,699,normal,0,0,65535_65535,2,27,137,296,0,1,0,11,0,20,1,1,pre_allocation
206,699,normal,0,0,65535_65535,2,27,137,323,1,1,1,12,323,20,1,1,allocated
206,699,normal,0,0,65535_65535,2,25,1193,210,0,1,0,12,0,15,1,1,pre_allocation
206,699,normal,0,0,65535_65535,2,25,1193,228,1,1,1,13,228,15,1,1,allocated
206,699,normal,0,0,65535_65535,2,11,137,34,0,1,0,12,0,4,1,1,pre_allocation
206,699,normal,0,0,65535_65535,2,11,137,37,1,1,1,13,37,4,1,1,allocated
206,699,normal,0,0,65535_65535,2,12,137,210,0,1,0,12,0,15,1,1,pre_allocation
206,699,normal,0,0,65535_65535,2,12,137,228,1,1,1,13,228,15,1,1,allocated
206,699,normal,0,0,65535_65535,2,24,137,210,0,1,0,12,0,15,1,1,pre_allocation
206,699,normal,0,0,65535_65535,2,24,137,228,1,1,1,13,228,15,1,1,allocated
206,699,normal,0,0,65535_65535,2,22,137,442,0,1,0,12,0,24,1,1,pre_allocation
206,699,normal,0,0,65535_65535,2,22,137,479,1,1,1,13,479,24,1,1,allocated
206,699,normal,0,0,65535_65535,2,13,137,543,0,1,0,12,0,28,1,1,pre_allocation
206,699,normal,0,0,65535_65535,2,13,137,589,1,1,1,13,589,28,1,1,allocated
206,699,normal,0,0,65535_65535,2,26,137,543,0,1,0,12,0,28,1,1,pre_allocation
206,699,normal,0,0,65535_65535,2,26,137,589,1,1,1,13,589,28,1,1,allocated
206,699,normal,0,0,65535_65535,2,23,137,543,0,1,0,12,0,28,1,1,pre_allocation
206,699,normal,0,0,65535_65535,2,23,137,589,1,1,1,13,589,28,1,1,allocated
206,699,normal,0,0,65535_65535,2,27,137,323,0,1,0,12,0,20,1,1,pre_allocation
206,699,normal,0,0,65535_65535,2,27,137,350,1,1,1,13,350,20,1,1,allocated
206,699,normal,0,0,65535_65535,2,25,1193,228,0,1,0,13,0,15,1,1,pre_allocation
206,699,normal,0,0,65535_65535,2,25,1193,246,1,1,1,14,246,15,1,1,allocated
206,699,normal,0,0,65535_65535,2,11,137,37,0,1,0,13,0,4,1,1,pre_allocation
206,699,normal,0,0,65535_65535,2,11,137,40,1,1,1,14,40,4,1,1,allocated
206,699,normal,0,0,65535_65535,2,12,137,228,0,1,0,13,0,15,1,1,pre_allocation
206,699,normal,0,0,65535_65535,2,12,137,246,1,1,1,14,246,15,1,1,allocated
206,699,normal,0,0,65535_65535,2,24,137,228,0,1,0,13,0,15,1,1,pre_allocation
206,699,normal,0,0,65535_65535,2,24,137,246,1,1,1,14,246,15,1,1,allocated
206,699,normal,0,0,65535_65535,2,22,137,479,0,1,0,13,0,24,1,1,pre_allocation
206,699,normal,0,0,65535_65535,2,22,137,516,1,1,1,14,516,24,1,1,allocated
206,699,normal,0,0,65535_65535,2,13,137,589,0,1,0,13,0,28,1,1,pre_allocation
206,699,normal,0,0,65535_65535,2,13,137,634,1,1,1,14,634,28,1,1,allocated
206,699,normal,0,0,65535_65535,2,26,137,589,0,1,0,13,0,28,1,1,pre_allocation
206,699,normal,0,0,65535_65535,2,26,137,634,1,1,1,14,634,28,1,1,allocated
206,699,normal,0,0,65535_65535,2,23,137,589,0,1,0,13,0,28,1,1,pre_allocation
206,699,normal,0,0,65535_65535,2,23,137,634,1,1,1,14,634,28,1,1,allocated
206,699,normal,0,0,65535_65535,2,27,137,350,0,1,0,13,0,20,1,1,pre_allocation
206,699,normal,0,0,65535_65535,2,27,137,378,1,1,1,14,378,20,1,1,allocated
206,699,normal,0,0,65535_65535,2,25,1193,246,0,1,0,14,0,15,1,1,pre_allocation
206,699,normal,0,0,65535_65535,2,25,1193,264,1,1,1,15,264,15,1,1,allocated
206,699,normal,0,0,65535_65535,2,11,137,40,0,1,0,14,0,4,1,1,pre_allocation
206,699,normal,0,0,65535_65535,2,11,137,44,1,1,1,15,44,4,1,1,allocated
206,699,normal,0,0,65535_65535,2,12,137,246,0,1,0,14,0,15,1,1,pre_allocation
206,699,normal,0,0,65535_65535,2,12,137,264,1,1,1,15,264,15,1,1,allocated
206,699,normal,0,0,65535_65535,2,24,137,246,0,1,0,14,0,15,1,1,pre_allocation
206,699,normal,0,0,65535_65535,2,24,137,264,1,1,1,15,264,15,1,1,allocated
206,699,normal,0,0,65535_65535,2,22,137,516,0,1,0,14,0,24,1,1,pre_allocation
206,699,normal,0,0,65535_65535,2,22,137,553,1,1,1,15,553,24,1,1,allocated
206,699,normal,0,0,65535_65535,2,13,137,634,0,1,0,14,0,28,1,1,pre_allocation
206,699,normal,0,0,65535_65535,2,13,137,680,1,1,1,15,680,28,1,1,allocated
206,699,normal,0,0,65535_65535,2,26,137,634,0,1,0,14,0,28,1,1,pre_allocation
206,699,normal,0,0,65535_65535,2,26,137,680,1,1,1,15,680,28,1,1,allocated
206,699,normal,0,0,65535_65535,2,23,137,634,0,1,0,14,0,28,1,1,pre_allocation
206,699,normal,0,0,65535_65535,2,23,137,680,1,1,1,15,680,28,1,1,allocated
206,699,normal,0,0,65535_65535,2,27,137,378,0,1,0,14,0,20,1,1,pre_allocation
206,699,normal,0,0,65535_65535,2,27,137,405,1,1,1,15,405,20,1,1,allocated
206,699,normal,0,0,65535_65535,2,25,1193,264,0,1,0,15,0,15,1,1,pre_allocation
206,699,normal,0,0,65535_65535,2,25,1193,282,1,1,1,16,282,15,1,1,allocated
206,699,normal,0,0,65535_65535,2,11,137,44,0,1,0,15,0,4,1,1,pre_allocation
206,699,normal,0,0,65535_65535,2,11,137,47,1,1,1,16,47,4,1,1,allocated
206,699,normal,0,0,65535_65535,2,12,137,264,0,1,0,15,0,15,1,1,pre_allocation
206,699,normal,0,0,65535_65535,2,12,137,282,1,1,1,16,282,15,1,1,allocated
206,699,normal,0,0,65535_65535,2,24,137,264,0,1,0,15,0,15,1,1,pre_allocation
206,699,normal,0,0,65535_65535,2,24,137,282,1,1,1,16,282,15,1,1,allocated
206,699,normal,0,0,65535_65535,2,22,137,553,0,1,0,15,0,24,1,1,pre_allocation
206,699,normal,0,0,65535_65535,2,22,137,591,1,1,1,16,591,24,1,1,allocated
206,699,normal,0,0,65535_65535,2,13,137,680,0,1,0,15,0,28,1,1,pre_allocation
206,699,normal,0,0,65535_65535,2,13,137,725,1,1,1,16,725,28,1,1,allocated
206,699,normal,0,0,65535_65535,2,26,137,680,0,1,0,15,0,28,1,1,pre_allocation
206,699,normal,0,0,65535_65535,2,26,137,725,1,1,1,16,725,28,1,1,allocated
206,699,normal,0,0,65535_65535,2,23,137,680,0,1,0,15,0,28,1,1,pre_allocation
206,699,normal,0,0,65535_65535,2,23,137,725,1,1,1,16,725,28,1,1,allocated
206,699,normal,0,0,65535_65535,2,27,137,405,0,1,0,15,0,20,1,1,pre_allocation
206,699,normal,0,0,65535_65535,2,27,137,432,1,1,1,16,432,20,1,1,allocated
206,699,normal,0,0,65535_65535,2,25,1193,282,0,1,0,16,0,15,1,1,pre_allocation
206,699,normal,0,0,65535_65535,2,25,1193,299,1,1,1,17,299,15,1,1,allocated
206,699,normal,0,0,65535_65535,2,11,137,47,0,1,0,16,0,4,1,1,pre_allocation
206,699,normal,0,0,65535_65535,2,11,137,50,1,1,1,17,50,4,1,1,allocated
206,699,normal,0,0,65535_65535,2,12,137,282,0,1,0,16,0,15,1,1,pre_allocation
206,699,normal,0,0,65535_65535,2,12,137,299,1,1,1,17,299,15,1,1,allocated
206,699,normal,0,0,65535_65535,2,24,137,282,0,1,0,16,0,15,1,1,pre_allocation
206,699,normal,0,0,65535_65535,2,24,137,299,1,1,1,17,299,15,1,1,allocated
206,699,normal,0,0,65535_65535,2,22,137,591,0,1,0,16,0,24,1,1,pre_allocation
206,699,normal,0,0,65535_65535,2,22,137,628,1,1,1,17,628,24,1,1,allocated
206,699,normal,0,0,65535_65535,2,13,137,725,0,1,0,16,0,28,1,1,pre_allocation
206,699,normal,0,0,65535_65535,2,13,137,771,1,1,1,17,771,28,1,1,allocated
206,699,normal,0,0,65535_65535,2,26,137,725,0,1,0,16,0,28,1,1,pre_allocation
206,699,normal,0,0,65535_65535,2,26,137,771,1,1,1,17,771,28,1,1,allocated
206,699,normal,0,0,65535_65535,2,23,137,725,0,1,0,16,0,28,1,1,pre_allocation
206,699,normal,0,0,65535_65535,2,23,137,771,1,1,1,17,771,28,1,1,allocated
206,699,normal,0,0,65535_65535,2,27,137,432,0,1,0,16,0,20,1,1,pre_allocation
206,699,normal,0,0,65535_65535,2,27,137,459,1,1,1,17,459,20,1,1,allocated
206,699,normal,0,0,65535_65535,2,25,1193,299,0,1,0,17,0,15,1,1,pre_allocation
206,699,normal,0,0,65535_65535,2,25,1193,317,1,1,1,18,317,15,1,1,allocated
206,699,normal,0,0,65535_65535,2,11,137,50,0,1,0,17,0,4,1,1,pre_allocation
206,699,normal,0,0,65535_65535,2,11,137,53,1,1,1,18,53,4,1,1,allocated
318,797,normal,0,0,65535_65535,0,4,347897,0,0,1,0,0,0,15,1,1,pre_allocation
318,797,normal,0,0,65535_65535,0,4,347897,14,1,1,1,1,14,15,1,1,allocated
318,797,normal,0,0,65535_65535,0,2,222703,0,0,1,0,0,0,20,1,1,pre_allocation
318,797,normal,0,0,65535_65535,0,2,222703,24,1,1,1,1,24,20,1,1,allocated
318,797,normal,0,0,65535_65535,0,3,185882,0,0,1,0,0,0,26,1,1,pre_allocation
318,797,normal,0,0,65535_65535,0,3,185882,39,1,1,1,1,39,26,1,1,allocated
318,797,normal,0,0,65535_65535,0,1,68517,0,0,1,0,0,0,28,1,1,pre_allocation
318,797,normal,0,0,65535_65535,0,1,68517,42,1,1,1,1,42,28,1,1,allocated
318,797,normal,0,0,65535_65535,0,4,347897,14,0,1,0,1,0,15,1,1,pre_allocation
318,797,normal,0,0,65535_65535,0,4,347897,32,1,1,1,2,32,15,1,1,allocated
318,797,normal,0,0,65535_65535,0,2,222703,24,0,1,0,1,0,20,1,1,pre_allocation
318,797,normal,0,0,65535_65535,0,2,222703,51,1,1,1,2,51,20,1,1,allocated
318,797,normal,0,0,65535_65535,0,3,185882,39,0,1,0,1,0,26,1,1,pre_allocation
318,797,normal,0,0,65535_65535,0,3,185882,81,1,1,1,2,81,26,1,1,allocated
318,797,normal,0,0,65535_65535,0,1,68517,42,0,1,0,1,0,28,1,1,pre_allocation
318,797,normal,0,0,65535_65535,0,1,68517,88,1,1,1,2,88,28,1,1,allocated
318,797,normal,0,0,65535_65535,0,4,347897,32,0,1,0,2,0,15,1,1,pre_allocation
318,797,normal,0,0,65535_65535,0,4,347897,50,1,1,1,3,50,15,1,1,allocated
318,797,normal,0,0,65535_65535,0,2,222703,51,0,1,0,2,0,20,1,1,pre_allocation
318,797,normal,0,0,65535_65535,0,2,222703,78,1,1,1,3,78,20,1,1,allocated
318,797,normal,0,0,65535_65535,0,3,185882,81,0,1,0,2,0,26,1,1,pre_allocation
318,797,normal,0,0,65535_65535,0,3,185882,123,1,1,1,3,123,26,1,1,allocated
318,797,normal,0,0,65535_65535,0,1,68517,88,0,1,0,2,0,28,1,1,pre_allocation
318,797,normal,0,0,65535_65535,0,1,68517,133,1,1,1,3,133,28,1,1,allocated
318,797,normal,0,0,65535_65535,0,4,347897,50,0,1,0,3,0,15,1,1,pre_allocation
318,797,normal,0,0,65535_65535,0,4,347897,68,1,1,1,4,68,15,1,1,allocated
318,797,normal,0,0,65535_65535,0,2,222703,78,0,1,0,3,0,20,1,1,pre_allocation
318,797,normal,0,0,65535_65535,0,2,222703,105,1,1,1,4,105,20,1,1,allocated
318,797,normal,0,0,65535_65535,0,3,185882,123,0,1,0,3,0,26,1,1,pre_allocation
318,797,normal,0,0,65535_65535,0,3,185882,165,1,1,1,4,165,26,1,1,allocated
318,797,normal,0,0,65535_65535,0,1,68517,133,0,1,0,3,0,28,1,1,pre_allocation
318,797,normal,0,0,65535_65535,0,1,68517,179,1,1,1,4,179,28,1,1,allocated
318,797,normal,0,0,65535_65535,0,4,347897,68,0,1,0,4,0,15,1,1,pre_allocation
318,797,normal,0,0,65535_65535,0,4,347897,86,1,1,1,5,86,15,1,1,allocated
318,797,normal,0,0,65535_65535,0,2,222703,105,0,1,0,4,0,20,1,1,pre_allocation
318,797,normal,0,0,65535_65535,0,2,222703,133,1,1,1,5,133,20,1,1,allocated
318,797,normal,0,0,65535_65535,0,3,185882,165,0,1,0,4,0,26,1,1,pre_allocation
318,797,normal,0,0,65535_65535,0,3,185882,207,1,1,1,5,207,26,1,1,allocated
318,797,normal,0,0,65535_65535,0,1,68517,179,0,1,0,4,0,28,1,1,pre_allocation
318,797,normal,0,0,65535_65535,0,1,68517,224,1,1,1,5,224,28,1,1,allocated
318,797,normal,0,0,65535_65535,0,4,347897,86,0,1,0,5,0,15,1,1,pre_allocation
318,797,normal,0,0,65535_65535,0,4,347897,103,1,1,1,6,103,15,1,1,allocated
318,797,normal,0,0,65535_65535,0,2,222703,133,0,1,0,5,0,20,1,1,pre_allocation
318,797,normal,0,0,65535_65535,0,2,222703,160,1,1,1,6,160,20,1,1,allocated
318,797,normal,0,0,65535_65535,0,3,185882,207,0,1,0,5,0,26,1,1,pre_allocation
318,797,normal,0,0,65535_65535,0,3,185882,249,1,1,1,6,249,26,1,1,allocated
318,797,normal,0,0,65535_65535,0,1,68517,224,0,1,0,5,0,28,1,1,pre_allocation
318,797,normal,0,0,65535_65535,0,1,68517,270,1,1,1,6,270,28,1,1,allocated
318,797,normal,0,0,65535_65535,0,4,347897,103,0,1,0,6,0,15,1,1,pre_allocation
318,797,normal,0,0,65535_65535,0,4,347897,121,1,1,1,7,121,15,1,1,allocated
318,797,normal,0,0,65535_65535,0,2,222703,160,0,1,0,6,0,20,1,1,pre_allocation
318,797,normal,0,0,65535_65535,0,2,222703,187,1,1,1,7,187,20,1,1,allocated
318,797,normal,0,0,65535_65535,0,3,185882,249,0,1,0,6,0,26,1,1,pre_allocation
318,797,normal,0,0,65535_65535,0,3,185882,291,1,1,1,7,291,26,1,1,allocated
318,797,normal,0,0,65535_65535,0,1,68517,270,0,1,0,6,0,28,1,1,pre_allocation
318,797,normal,0,0,65535_65535,0,1,68517,315,1,1,1,7,315,28,1,1,allocated
318,797,normal,0,0,65535_65535,0,4,347897,121,0,1,0,7,0,15,1,1,pre_allocation
318,797,normal,0,0,65535_65535,0,4,347897,139,1,1,1,8,139,15,1,1,allocated
318,797,normal,0,0,65535_65535,0,2,222703,187,0,1,0,7,0,20,1,1,pre_allocation
318,797,normal,0,0,65535_65535,0,2,222703,214,1,1,1,8,214,20,1,1,allocated
318,797,normal,0,0,65535_65535,0,3,185882,291,0,1,0,7,0,26,1,1,pre_allocation
318,797,normal,0,0,65535_65535,0,3,185882,333,1,1,1,8,333,26,1,1,allocated
318,797,normal,0,0,65535_65535,0,1,68517,315,0,1,0,7,0,28,1,1,pre_allocation
318,797,normal,0,0,65535_65535,0,1,68517,361,1,1,1,8,361,28,1,1,allocated
318,797,normal,0,0,65535_65535,0,4,347897,139,0,1,0,8,0,15,1,1,pre_allocation
318,797,normal,0,0,65535_65535,0,4,347897,157,1,1,1,9,157,15,1,1,allocated
318,797,normal,0,0,65535_65535,0,2,222703,214,0,1,0,8,0,20,1,1,pre_allocation
318,797,normal,0,0,65535_65535,0,2,222703,242,1,1,1,9,242,20,1,1,allocated
318,797,normal,0,0,65535_65535,0,3,185882,333,0,1,0,8,0,26,1,1,pre_allocation
318,797,normal,0,0,65535_65535,0,3,185882,375,1,1,1,9,375,26,1,1,allocated
318,797,normal,0,0,65535_65535,0,1,68517,361,0,1,0,8,0,28,1,1,pre_allocation
318,797,normal,0,0,65535_65535,0,1,68517,406,1,1,1,9,406,28,1,1,allocated
318,797,normal,0,0,65535_65535,0,4,347897,157,0,1,0,9,0,15,1,1,pre_allocation
318,797,normal,0,0,65535_65535,0,4,347897,175,1,1,1,10,175,15,1,1,allocated
318,797,normal,0,0,65535_65535,0,2,222703,242,0,1,0,9,0,20,1,1,pre_allocation
318,797,normal,0,0,65535_65535,0,2,222703,269,1,1,1,10,269,20,1,1,allocated
318,797,normal,0,0,65535_65535,0,3,185882,375,0,1,0,9,0,26,1,1,pre_allocation
318,797,normal,0,0,65535_65535,0,3,185882,417,1,1,1,10,417,26,1,1,allocated
318,797,normal,0,0,65535_65535,0,1,68517,406,0,1,0,9,0,28,1,1,pre_allocation
318,797,normal,0,0,65535_65535,0,1,68517,452,1,1,1,10,452,28,1,1,allocated
318,797,normal,0,0,65535_65535,0,4,347897,175,0,1,0,10,0,15,1,1,pre_allocation
318,797,normal,0,0,65535_65535,0,4,347897,193,1,1,1,11,193,15,1,1,allocated
318,797,normal,0,0,65535_65535,0,2,222703,269,0,1,0,10,0,20,1,1,pre_allocation
318,797,normal,0,0,65535_65535,0,2,222703,296,1,1,1,11,296,20,1,1,allocated
318,797,normal,0,0,65535_65535,0,3,185882,417,0,1,0,10,0,26,1,1,pre_allocation
318,797,normal,0,0,65535_65535,0,3,185882,459,1,1,1,11,459,26,1,1,allocated
318,797,normal,0,0,65535_65535,0,1,68517,452,0,1,0,10,0,28,1,1,pre_allocation
318,797,normal,0,0,65535_65535,0,1,68517,497,1,1,1,11,497,28,1,1,allocated
318,797,normal,0,0,65535_65535,0,4,347897,193,0,1,0,11,0,15,1,1,pre_allocation
318,797,normal,0,0,65535_65535,0,4,347897,210,1,1,1,12,210,15,1,1,allocated
318,797,normal,0,0,65535_65535,0,2,222703,296,0,1,0,11,0,20,1,1,pre_allocation
318,797,normal,0,0,65535_65535,0,2,222703,323,1,1,1,12,323,20,1,1,allocated
318,797,normal,0,0,65535_65535,0,3,185882,459,0,1,0,11,0,26,1,1,pre_allocation
318,797,normal,0,0,65535_65535,0,3,185882,501,1,1,1,12,501,26,1,1,allocated
318,797,normal,0,0,65535_65535,0,1,68517,497,0,1,0,11,0,28,1,1,pre_allocation
318,797,normal,0,0,65535_65535,0,1,68517,543,1,1,1,12,543,28,1,1,allocated
318,797,normal,0,0,65535_65535,0,4,347897,210,0,1,0,12,0,15,1,1,pre_allocation
318,797,normal,0,0,65535_65535,0,4,347897,228,1,1,1,13,228,15,1,1,allocated
318,797,normal,0,0,65535_65535,0,2,222703,323,0,1,0,12,0,20,1,1,pre_allocation
318,797,normal,0,0,65535_65535,0,2,222703,350,1,1,1,13,350,20,1,1,allocated
318,797,normal,0,0,65535_65535,0,3,185882,501,0,1,0,12,0,26,1,1,pre_allocation
318,797,normal,0,0,65535_65535,0,3,185882,543,1,1,1,13,543,26,1,1,allocated
318,797,normal,0,0,65535_65535,0,1,68517,543,0,1,0,12,0,28,1,1,pre_allocation
318,797,normal,0,0,65535_65535,0,1,68517,589,1,1,1,13,589,28,1,1,allocated
318,797,normal,0,0,65535_65535,0,4,347897,228,0,1,0,13,0,15,1,1,pre_allocation
318,797,normal,0,0,65535_65535,0,4,347897,246,1,1,1,14,246,15,1,1,allocated
318,797,normal,0,0,65535_65535,0,2,222703,350,0,1,0,13,0,20,1,1,pre_allocation
318,797,normal,0,0,65535_65535,0,2,222703,378,1,1,1,14,378,20,1,1,allocated
318,797,normal,0,0,65535_65535,0,3,185882,543,0,1,0,13,0,26,1,1,pre_allocation
318,797,normal,0,0,65535_65535,0,3,185882,586,1,1,1,14,586,26,1,1,allocated
318,797,normal,0,0,65535_65535,0,1,68517,589,0,1,0,13,0,28,1,1,pre_allocation
318,797,normal,0,0,65535_65535,0,1,68517,634,1,1,1,14,634,28,1,1,allocated
318,797,normal,0,0,65535_65535,0,4,347897,246,0,1,0,14,0,15,1,1,pre_allocation
318,797,normal,0,0,65535_65535,0,4,347897,264,1,1,1,15,264,15,1,1,allocated
318,797,normal,0,0,65535_65535,0,2,222703,378,0,1,0,14,0,20,1,1,pre_allocation
318,797,normal,0,0,65535_65535,0,2,222703,405,1,1,1,15,405,20,1,1,allocated
318,797,normal,0,0,65535_65535,1,8,87,0,0,1,0,0,0,15,1,1,pre_allocation
318,797,normal,0,0,65535_65535,1,8,87,14,1,1,1,1,14,15,1,1,allocated
318,797,normal,0,0,65535_65535,1,10,87,0,0,1,0,0,0,20,1,1,pre_allocation
318,797,normal,0,0,65535_65535,1,10,87,24,1,1,1,1,24,20,1,1,allocated
318,797,normal,0,0,65535_65535,1,7,87,0,0,1,0,0,0,28,1,1,pre_allocation
318,797,normal,0,0,65535_65535,1,7,87,42,1,1,1,1,42,28,1,1,allocated
318,797,normal,0,0,65535_65535,1,6,87,0,0,1,0,0,0,26,1,1,pre_allocation
318,797,normal,0,0,65535_65535,1,6,87,39,1,1,1,1,39,26,1,1,allocated
318,797,normal,0,0,65535_65535,1,8,87,14,0,1,0,1,0,15,1,1,pre_allocation
318,797,normal,0,0,65535_65535,1,8,87,32,1,1,1,2,32,15,1,1,allocated
318,797,normal,0,0,65535_65535,1,10,87,24,0,1,0,1,0,20,1,1,pre_allocation
318,797,normal,0,0,65535_65535,1,10,87,51,1,1,1,2,51,20,1,1,allocated
318,797,normal,0,0,65535_65535,1,7,87,42,0,1,0,1,0,28,1,1,pre_allocation
318,797,normal,0,0,65535_65535,1,7,87,88,1,1,1,2,88,28,1,1,allocated
318,797,normal,0,0,65535_65535,1,6,87,39,0,1,0,1,0,26,1,1,pre_allocation
318,797,normal,0,0,65535_65535,1,6,87,81,1,1,1,2,81,26,1,1,allocated
318,797,normal,0,0,65535_65535,1,8,87,32,0,1,0,2,0,15,1,1,pre_allocation
318,797,normal,0,0,65535_65535,1,8,87,50,1,1,1,3,50,15,1,1,allocated
318,797,normal,0,0,65535_65535,1,10,87,51,0,1,0,2,0,20,1,1,pre_allocation
318,797,normal,0,0,65535_65535,1,10,87,78,1,1,1,3,78,20,1,1,allocated
318,797,normal,0,0,65535_65535,1,7,87,88,0,1,0,2,0,28,1,1,pre_allocation
318,797,normal,0,0,65535_65535,1,7,87,133,1,1,1,3,133,28,1,1,allocated
318,797,normal,0,0,65535_65535,1,6,87,81,0,1,0,2,0,26,1,1,pre_allocation
318,797,normal,0,0,65535_65535,1,6,87,123,1,1,1,3,123,26,1,1,allocated
318,797,normal,0,0,65535_65535,1,8,87,50,0,1,0,3,0,15,1,1,pre_allocation
318,797,normal,0,0,65535_65535,1,8,87,68,1,1,1,4,68,15,1,1,allocated
318,797,normal,0,0,65535_65535,1,10,87,78,0,1,0,3,0,20,1,1,pre_allocation
318,797,normal,0,0,65535_65535,1,10,87,105,1,1,1,4,105,20,1,1,allocated
318,797,normal,0,0,65535_65535,1,7,87,133,0,1,0,3,0,28,1,1,pre_allocation
318,797,normal,0,0,65535_65535,1,7,87,179,1,1,1,4,179,28,1,1,allocated
318,797,normal,0,0,65535_65535,1,6,87,123,0,1,0,3,0,26,1,1,pre_allocation
318,797,normal,0,0,65535_65535,1,6,87,165,1,1,1,4,165,26,1,1,allocated
318,797,normal,0,0,65535_65535,1,8,87,68,0,1,0,4,0,15,1,1,pre_allocation
318,797,normal,0,0,65535_65535,1,8,87,86,1,1,1,5,86,15,1,1,allocated
318,797,normal,0,0,65535_65535,1,10,87,105,0,1,0,4,0,20,1,1,pre_allocation
318,797,normal,0,0,65535_65535,1,10,87,133,1,1,1,5,133,20,1,1,allocated
318,797,normal,0,0,65535_65535,1,7,87,179,0,1,0,4,0,28,1,1,pre_allocation
318,797,normal,0,0,65535_65535,1,7,87,224,1,1,1,5,224,28,1,1,allocated
318,797,normal,0,0,65535_65535,1,6,87,165,0,1,0,4,0,26,1,1,pre_allocation
318,797,normal,0,0,65535_65535,1,6,87,207,1,1,1,5,207,26,1,1,allocated
318,797,normal,0,0,65535_65535,1,8,87,86,0,1,0,5,0,15,1,1,pre_allocation
318,797,normal,0,0,65535_65535,1,8,87,103,1,1,1,6,103,15,1,1,allocated
318,797,normal,0,0,65535_65535,1,10,87,133,0,1,0,5,0,20,1,1,pre_allocation
318,797,normal,0,0,65535_65535,1,10,87,160,1,1,1,6,160,20,1,1,allocated
318,797,normal,0,0,65535_65535,1,7,87,224,0,1,0,5,0,28,1,1,pre_allocation
318,797,normal,0,0,65535_65535,1,7,87,270,1,1,1,6,270,28,1,1,allocated
318,797,normal,0,0,65535_65535,1,6,87,207,0,1,0,5,0,26,1,1,pre_allocation
318,797,normal,0,0,65535_65535,1,6,87,249,1,1,1,6,249,26,1,1,allocated
318,797,normal,0,0,65535_65535,1,8,87,103,0,1,0,6,0,15,1,1,pre_allocation
318,797,normal,0,0,65535_65535,1,8,87,121,1,1,1,7,121,15,1,1,allocated
318,797,normal,0,0,65535_65535,1,10,87,160,0,1,0,6,0,20,1,1,pre_allocation
318,797,normal,0,0,65535_65535,1,10,87,187,1,1,1,7,187,20,1,1,allocated
318,797,normal,0,0,65535_65535,1,7,87,270,0,1,0,6,0,28,1,1,pre_allocation
318,797,normal,0,0,65535_65535,1,7,87,315,1,1,1,7,315,28,1,1,allocated
318,797,normal,0,0,65535_65535,1,6,87,249,0,1,0,6,0,26,1,1,pre_allocation
318,797,normal,0,0,65535_65535,1,6,87,291,1,1,1,7,291,26,1,1,allocated
318,797,normal,0,0,65535_65535,1,8,87,121,0,1,0,7,0,15,1,1,pre_allocation
318,797,normal,0,0,65535_65535,1,8,87,139,1,1,1,8,139,15,1,1,allocated
318,797,normal,0,0,65535_65535,1,10,87,187,0,1,0,7,0,20,1,1,pre_allocation
318,797,normal,0,0,65535_65535,1,10,87,214,1,1,1,8,214,20,1,1,allocated
318,797,normal,0,0,65535_65535,1,7,87,315,0,1,0,7,0,28,1,1,pre_allocation
318,797,normal,0,0,65535_65535,1,7,87,361,1,1,1,8,361,28,1,1,allocated
318,797,normal,0,0,65535_65535,1,6,87,291,0,1,0,7,0,26,1,1,pre_allocation
318,797,normal,0,0,65535_65535,1,6,87,333,1,1,1,8,333,26,1,1,allocated
318,797,normal,0,0,65535_65535,1,8,87,139,0,1,0,8,0,15,1,1,pre_allocation
318,797,normal,0,0,65535_65535,1,8,87,157,1,1,1,9,157,15,1,1,allocated
318,797,normal,0,0,65535_65535,1,10,87,214,0,1,0,8,0,20,1,1,pre_allocation
318,797,normal,0,0,65535_65535,1,10,87,242,1,1,1,9,242,20,1,1,allocated
318,797,normal,0,0,65535_65535,1,7,87,361,0,1,0,8,0,28,1,1,pre_allocation
318,797,normal,0,0,65535_65535,1,7,87,406,1,1,1,9,406,28,1,1,allocated
318,797,normal,0,0,65535_65535,1,6,87,333,0,1,0,8,0,26,1,1,pre_allocation
318,797,normal,0,0,65535_65535,1,6,87,375,1,1,1,9,375,26,1,1,allocated
318,797,normal,0,0,65535_65535,1,8,87,157,0,1,0,9,0,15,1,1,pre_allocation
318,797,normal,0,0,65535_65535,1,8,87,175,1,1,1,10,175,15,1,1,allocated
318,797,normal,0,0,65535_65535,1,10,87,242,0,1,0,9,0,20,1,1,pre_allocation
318,797,normal,0,0,65535_65535,1,10,87,269,1,1,1,10,269,20,1,1,allocated
318,797,normal,0,0,65535_65535,1,7,87,406,0,1,0,9,0,28,1,1,pre_allocation
318,797,normal,0,0,65535_65535,1,7,87,452,1,1,1,10,452,28,1,1,allocated
318,797,normal,0,0,65535_65535,1,6,87,375,0,1,0,9,0,26,1,1,pre_allocation
318,797,normal,0,0,65535_65535,1,6,87,417,1,1,1,10,417,26,1,1,allocated
318,797,normal,0,0,65535_65535,1,8,87,175,0,1,0,10,0,15,1,1,pre_allocation
318,797,normal,0,0,65535_65535,1,8,87,193,1,1,1,11,193,15,1,1,allocated
318,797,normal,0,0,65535_65535,1,10,87,269,0,1,0,10,0,20,1,1,pre_allocation
318,797,normal,0,0,65535_65535,1,10,87,296,1,1,1,11,296,20,1,1,allocated
318,797,normal,0,0,65535_65535,1,7,87,452,0,1,0,10,0,28,1,1,pre_allocation
318,797,normal,0,0,65535_65535,1,7,87,497,1,1,1,11,497,28,1,1,allocated
318,797,normal,0,0,65535_65535,1,6,87,417,0,1,0,10,0,26,1,1,pre_allocation
318,797,normal,0,0,65535_65535,1,6,87,459,1,1,1,11,459,26,1,1,allocated
318,797,normal,0,0,65535_65535,1,8,87,193,0,1,0,11,0,15,1,1,pre_allocation
318,797,normal,0,0,65535_65535,1,8,87,210,1,1,1,12,210,15,1,1,allocated
318,797,normal,0,0,65535_65535,1,10,87,296,0,1,0,11,0,20,1,1,pre_allocation
318,797,normal,0,0,65535_65535,1,10,87,323,1,1,1,12,323,20,1,1,allocated
318,797,normal,0,0,65535_65535,1,7,87,497,0,1,0,11,0,28,1,1,pre_allocation
318,797,normal,0,0,65535_65535,1,7,87,543,1,1,1,12,543,28,1,1,allocated
318,797,normal,0,0,65535_65535,1,6,87,459,0,1,0,11,0,26,1,1,pre_allocation
318,797,normal,0,0,65535_65535,1,6,87,501,1,1,1,12,501,26,1,1,allocated
318,797,normal,0,0,65535_65535,1,8,87,210,0,1,0,12,0,15,1,1,pre_allocation
318,797,normal,0,0,65535_65535,1,8,87,228,1,1,1,13,228,15,1,1,allocated
318,797,normal,0,0,65535_65535,1,10,87,323,0,1,0,12,0,20,1,1,pre_allocation
318,797,normal,0,0,65535_65535,1,10,87,350,1,1,1,13,350,20,1,1,allocated
318,797,normal,0,0,65535_65535,1,7,87,543,0,1,0,12,0,28,1,1,pre_allocation
318,797,normal,0,0,65535_65535,1,7,87,589,1,1,1,13,589,28,1,1,allocated
318,797,normal,0,0,65535_65535,1,6,87,501,0,1,0,12,0,26,1,1,pre_allocation
318,797,normal,0,0,65535_65535,1,6,87,543,1,1,1,13,543,26,1,1,allocated
318,797,normal,0,0,65535_65535,1,8,87,228,0,1,0,13,0,15,1,1,pre_allocation
318,797,normal,0,0,65535_65535,1,8,87,246,1,1,1,14,246,15,1,1,allocated
318,797,normal,0,0,65535_65535,1,10,87,350,0,1,0,13,0,20,1,1,pre_allocation
318,797,normal,0,0,65535_65535,1,10,87,378,1,1,1,14,378,20,1,1,allocated
318,797,normal,0,0,65535_65535,1,7,87,589,0,1,0,13,0,28,1,1,pre_allocation
318,797,normal,0,0,65535_65535,1,7,87,634,1,1,1,14,634,28,1,1,allocated
318,797,normal,0,0,65535_65535,1,6,87,543,0,1,0,13,0,26,1,1,pre_allocation
318,797,normal,0,0,65535_65535,1,6,87,586,1,1,1,14,586,26,1,1,allocated
318,797,normal,0,0,65535_65535,1,8,87,246,0,1,0,14,0,15,1,1,pre_allocation
318,797,normal,0,0,65535_65535,1,8,87,264,1,1,1,15,264,15,1,1,allocated
318,797,normal,0,0,65535_65535,1,10,87,378,0,1,0,14,0,20,1,1,pre_allocation
318,797,normal,0,0,65535_65535,1,10,87,405,1,1,1,15,405,20,1,1,allocated
318,797,normal,0,0,65535_65535,1,7,87,634,0,1,0,14,0,28,1,1,pre_allocation
318,797,normal,0,0,65535_65535,1,7,87,680,1,1,1,15,680,28,1,1,allocated
318,797,normal,0,0,65535_65535,1,6,87,586,0,1,0,14,0,26,1,1,pre_allocation
318,797,normal,0,0,65535_65535,1,6,87,628,1,1,1,15,628,26,1,1,allocated
318,797,normal,0,0,65535_65535,1,8,87,264,0,1,0,15,0,15,1,1,pre_allocation
318,797,normal,0,0,65535_65535,1,8,87,282,1,1,1,16,282,15,1,1,allocated
318,797,normal,0,0,65535_65535,1,10,87,405,0,1,0,15,0,20,1,1,pre_allocation
318,797,normal,0,0,65535_65535,1,10,87,432,1,1,1,16,432,20,1,1,allocated
318,797,normal,0,0,65535_65535,1,7,87,680,0,1,0,15,0,28,1,1,pre_allocation
318,797,normal,0,0,65535_65535,1,7,87,725,1,1,1,16,725,28,1,1,allocated
318,797,normal,0,0,65535_65535,1,6,87,628,0,1,0,15,0,26,1,1,pre_allocation
318,797,normal,0,0,65535_65535,1,6,87,670,1,1,1,16,670,26,1,1,allocated
318,797,normal,0,0,65535_65535,1,8,87,282,0,1,0,16,0,15,1,1,pre_allocation
318,797,normal,0,0,65535_65535,1,8,87,299,1,1,1,17,299,15,1,1,allocated
318,797,normal,0,0,65535_65535,1,10,87,432,0,1,0,16,0,20,1,1,pre_allocation
318,797,normal,0,0,65535_65535,1,10,87,459,1,1,1,17,459,20,1,1,allocated
318,797,normal,0,0,65535_65535,1,7,87,725,0,1,0,16,0,28,1,1,pre_allocation
318,797,normal,0,0,65535_65535,1,7,87,771,1,1,1,17,771,28,1,1,allocated
318,797,normal,0,0,65535_65535,1,6,87,670,0,1,0,16,0,26,1,1,pre_allocation
318,797,normal,0,0,65535_65535,1,6,87,712,1,1,1,17,712,26,1,1,allocated
318,797,normal,0,0,65535_65535,1,8,87,299,0,1,0,17,0,15,1,1,pre_allocation
318,797,normal,0,0,65535_65535,1,8,87,317,1,1,1,18,317,15,1,1,allocated
318,797,normal,0,0,65535_65535,1,10,87,459,0,1,0,17,0,20,1,1,pre_allocation
318,797,normal,0,0,65535_65535,1,10,87,487,1,1,1,18,487,20,1,1,allocated
318,797,normal,0,0,65535_65535,1,7,87,771,0,1,0,17,0,28,1,1,pre_allocation
318,797,normal,0,0,65535_65535,1,7,87,816,1,1,1,18,816,28,1,1,allocated
318,797,normal,0,0,65535_65535,1,6,87,712,0,1,0,17,0,26,1,1,pre_allocation
318,797,normal,0,0,65535_65535,1,6,87,754,1,1,1,18,754,26,1,1,allocated
318,797,normal,0,0,65535_65535,1,8,87,317,0,1,0,18,0,15,1,1,pre_allocation
318,797,normal,0,0,65535_65535,1,8,87,335,1,1,1,19,335,15,1,1,allocated
318,797,normal,0,0,65535_65535,1,10,87,487,0,1,0,18,0,20,1,1,pre_allocation
318,797,normal,0,0,65535_65535,1,10,87,514,1,1,1,19,514,20,1,1,allocated
318,797,normal,0,0,65535_65535,1,7,87,816,0,1,0,18,0,28,1,1,pre_allocation
318,797,normal,0,0,65535_65535,1,7,87,862,1,1,1,19,862,28,1,1,allocated
318,797,normal,0,0,65535_65535,1,6,87,754,0,1,0,18,0,26,1,1,pre_allocation
318,797,normal,0,0,65535_65535,1,6,87,796,1,1,1,19,796,26,1,1,allocated
318,797,normal,0,0,65535_65535,1,8,87,335,0,1,0,19,0,15,1,1,pre_allocation
318,797,normal,0,0,65535_65535,1,8,87,353,1,1,1,20,353,15,1,1,allocated
318,797,normal,0,0,65535_65535,1,10,87,514,0,1,0,19,0,20,1,1,pre_allocation
318,797,normal,0,0,65535_65535,1,10,87,541,1,1,1,20,541,20,1,1,allocated
318,797,normal,0,0,65535_65535,1,7,87,862,0,1,0,19,0,28,1,1,pre_allocation
318,797,normal,0,0,65535_65535,1,7,87,907,1,1,1,20,907,28,1,1,allocated
318,797,normal,0,0,65535_65535,1,6,87,796,0,1,0,19,0,26,1,1,pre_allocation
318,797,normal,0,0,65535_65535,1,6,87,838,1,1,1,20,838,26,1,1,allocated
318,797,normal,0,0,65535_65535,1,8,87,353,0,1,0,20,0,15,1,1,pre_allocation
318,797,normal,0,0,65535_65535,1,8,87,371,1,1,1,21,371,15,1,1,allocated
318,797,normal,0,0,65535_65535,1,10,87,541,0,1,0,20,0,20,1,1,pre_allocation
318,797,normal,0,0,65535_65535,1,10,87,568,1,1,1,21,568,20,1,1,allocated
318,797,normal,0,0,65535_65535,1,7,87,907,0,1,0,20,0,28,1,1,pre_allocation
318,797,normal,0,0,65535_65535,1,7,87,953,1,1,1,21,953,28,1,1,allocated
318,797,normal,0,0,65535_65535,1,6,87,838,0,1,0,20,0,26,1,1,pre_allocation
318,797,normal,0,0,65535_65535,1,6,87,880,1,1,1,21,880,26,1,1,allocated
318,797,normal,0,0,65535_65535,1,8,87,371,0,1,0,21,0,15,1,1,pre_allocation
318,797,normal,0,0,65535_65535,1,8,87,389,1,1,1,22,389,15,1,1,allocated
318,797,normal,0,0,65535_65535,1,10,87,568,0,1,0,21,0,20,1,1,pre_allocation
318,797,normal,0,0,65535_65535,1,10,87,595,1,1,1,22,595,20,1,1,allocated
318,797,normal,0,0,65535_65535,1,7,87,953,0,1,0,21,0,28,1,1,pre_allocation
318,797,normal,0,0,65535_65535,1,7,87,998,1,1,1,22,998,28,1,1,allocated
318,797,normal,0,0,65535_65535,1,6,87,880,0,1,0,21,0,26,1,1,pre_allocation
318,797,normal,0,0,65535_65535,1,6,87,922,1,1,1,22,922,26,1,1,allocated
318,797,normal,0,0,65535_65535,1,8,87,389,0,1,0,22,0,15,1,1,pre_allocation
318,797,normal,0,0,65535_65535,1,8,87,406,1,1,1,23,406,15,1,1,allocated
318,797,normal,0,0,65535_65535,1,10,87,595,0,1,0,22,0,20,1,1,pre_allocation
318,797,normal,0,0,65535_65535,1,10,87,623,1,1,1,23,623,20,1,1,allocated
318,797,normal,0,0,65535_65535,1,7,87,998,0,1,0,22,0,28,1,1,pre_allocation
318,797,normal,0,0,65535_65535,1,7,87,1044,1,1,1,23,1044,28,1,1,allocated
318,797,normal,0,0,65535_65535,1,6,87,922,0,1,0,22,0,26,1,1,pre_allocation
318,797,normal,0,0,65535_65535,1,6,87,964,1,1,1,23,964,26,1,1,allocated
318,797,normal,0,0,65535_65535,1,8,87,406,0,1,0,23,0,15,1,1,pre_allocation
318,797,normal,0,0,65535_65535,1,8,87,424,1,1,1,24,424,15,1,1,allocated
318,797,normal,0,0,65535_65535,2,25,401,0,0,1,0,0,0,15,1,1,pre_allocation
318,797,normal,0,0,65535_65535,2,25,401,14,1,1,1,1,14,15,1,1,allocated
318,797,normal,0,0,65535_65535,2,25,401,14,0,1,0,1,0,15,1,1,pre_allocation
318,797,normal,0,0,65535_65535,2,25,401,32,1,1,1,2,32,15,1,1,allocated
318,797,normal,0,0,65535_65535,2,25,401,32,0,1,0,2,0,15,1,1,pre_allocation
318,797,normal,0,0,65535_65535,2,25,401,50,1,1,1,3,50,15,1,1,allocated
318,797,normal,0,0,65535_65535,2,25,401,50,0,1,0,3,0,15,1,1,pre_allocation
318,797,normal,0,0,65535_65535,2,25,401,68,1,1,1,4,68,15,1,1,allocated
318,797,normal,0,0,65535_65535,2,25,401,68,0,1,0,4,0,15,1,1,pre_allocation
318,797,normal,0,0,65535_65535,2,25,401,86,1,1,1,5,86,15,1,1,allocated
318,797,normal,0,0,65535_65535,2,25,401,86,0,1,0,5,0,15,1,1,pre_allocation
318,797,normal,0,0,65535_65535,2,25,401,103,1,1,1,6,103,15,1,1,allocated
318,797,normal,0,0,65535_65535,2,25,401,103,0,1,0,6,0,15,1,1,pre_allocation
318,797,normal,0,0,65535_65535,2,25,401,121,1,1,1,7,121,15,1,1,allocated
318,797,normal,0,0,65535_65535,2,25,401,121,0,1,0,7,0,15,1,1,pre_allocation
318,797,normal,0,0,65535_65535,2,25,401,139,1,1,1,8,139,15,1,1,allocated
318,797,normal,0,0,65535_65535,2,25,401,139,0,1,0,8,0,15,1,1,pre_allocation
318,797,normal,0,0,65535_65535,2,25,401,157,1,1,1,9,157,15,1,1,allocated
318,797,normal,0,0,65535_65535,2,25,401,157,0,1,0,9,0,15,1,1,pre_allocation
318,797,normal,0,0,65535_65535,2,25,401,175,1,1,1,10,175,15,1,1,allocated
318,797,normal,0,0,65535_65535,2,25,401,175,0,1,0,10,0,15,1,1,pre_allocation
318,797,normal,0,0,65535_65535,2,25,401,193,1,1,1,11,193,15,1,1,allocated
318,797,normal,0,0,65535_65535,2,25,401,193,0,1,0,11,0,15,1,1,pre_allocation
318,797,normal,0,0,65535_65535,2,25,401,210,1,1,1,12,210,15,1,1,allocated
318,797,normal,0,0,65535_65535,2,25,401,210,0,1,0,12,0,15,1,1,pre_allocation
318,797,normal,0,0,65535_65535,2,25,401,228,1,1,1,13,228,15,1,1,allocated
318,797,normal,0,0,65535_65535,2,25,401,228,0,1,0,13,0,15,1,1,pre_allocation
318,797,normal,0,0,65535_65535,2,25,401,246,1,1,1,14,246,15,1,1,allocated
318,797,normal,0,0,65535_65535,2,25,401,246,0,1,0,14,0,15,1,1,pre_allocation
318,797,normal,0,0,65535_65535,2,25,401,264,1,1,1,15,264,15,1,1,allocated
318,797,normal,0,0,65535_65535,2,25,401,264,0,1,0,15,0,15,1,1,pre_allocation
318,797,normal,0,0,65535_65535,2,25,401,282,1,1,1,16,282,15,1,1,allocated
318,797,normal,0,0,65535_65535,2,25,401,282,0,1,0,16,0,15,1,1,pre_allocation
318,797,normal,0,0,65535_65535,2,25,401,299,1,1,1,17,299,15,1,1,allocated
318,797,normal,0,0,65535_65535,2,25,401,299,0,1,0,17,0,15,1,1,pre_allocation
318,797,normal,0,0,65535_65535,2,25,401,317,1,1,1,18,317,15,1,1,allocated
318,797,normal,0,0,65535_65535,2,25,401,317,0,1,0,18,0,15,1,1,pre_allocation
318,797,normal,0,0,65535_65535,2,25,401,335,1,1,1,19,335,15,1,1,allocated
318,797,normal,0,0,65535_65535,2,25,401,335,0,1,0,19,0,15,1,1,pre_allocation
318,797,normal,0,0,65535_65535,2,25,401,353,1,1,1,20,353,15,1,1,allocated
318,797,normal,0,0,65535_65535,2,25,401,353,0,1,0,20,0,15,1,1,pre_allocation
318,797,normal,0,0,65535_65535,2,25,401,371,1,1,1,21,371,15,1,1,allocated
318,797,normal,0,0,65535_65535,2,25,401,371,0,1,0,21,0,15,1,1,pre_allocation
318,797,normal,0,0,65535_65535,2,25,401,389,1,1,1,22,389,15,1,1,allocated
318,797,normal,0,0,65535_65535,2,25,401,389,0,1,0,22,0,15,1,1,pre_allocation
318,797,normal,0,0,65535_65535,2,25,401,406,1,1,1,23,406,15,1,1,allocated
318,797,normal,0,0,65535_65535,2,25,401,406,0,1,0,23,0,15,1,1,pre_allocation
318,797,normal,0,0,65535_65535,2,25,401,424,1,1,1,24,424,15,1,1,allocated
318,797,normal,0,0,65535_65535,2,25,401,424,0,1,0,24,0,15,1,1,pre_allocation
318,797,normal,0,0,65535_65535,2,25,401,442,1,1,1,25,442,15,1,1,allocated
318,797,normal,0,0,65535_65535,2,25,401,442,0,1,0,25,0,15,1,1,pre_allocation
318,797,normal,0,0,65535_65535,2,25,401,460,1,1,1,26,460,15,1,1,allocated
318,797,normal,0,0,65535_65535,2,25,401,460,0,1,0,26,0,15,1,1,pre_allocation
318,797,normal,0,0,65535_65535,2,25,401,478,1,1,1,27,478,15,1,1,allocated
318,797,normal,0,0,65535_65535,2,25,401,478,0,1,0,27,0,15,1,1,pre_allocation
318,797,normal,0,0,65535_65535,2,25,401,495,1,1,1,28,495,15,1,1,allocated
318,797,normal,0,0,65535_65535,2,25,401,495,0,1,0,28,0,15,1,1,pre_allocation
318,797,normal,0,0,65535_65535,2,25,401,513,1,1,1,29,513,15,1,1,allocated
318,797,normal,0,0,65535_65535,2,25,401,513,0,1,0,29,0,15,1,1,pre_allocation
318,797,normal,0,0,65535_65535,2,25,401,531,1,1,1,30,531,15,1,1,allocated
318,797,normal,0,0,65535_65535,2,25,401,531,0,1,0,30,0,15,1,1,pre_allocation
318,797,normal,0,0,65535_65535,2,25,401,549,1,1,1,31,549,15,1,1,allocated
318,797,normal,0,0,65535_65535,2,25,401,549,0,1,0,31,0,15,1,1,pre_allocation
318,797,normal,0,0,65535_65535,2,25,401,567,1,1,1,32,567,15,1,1,allocated
318,797,normal,0,0,65535_65535,2,25,401,567,0,1,0,32,0,15,1,1,pre_allocation
318,797,normal,0,0,65535_65535,2,25,401,585,1,1,1,33,585,15,1,1,allocated
318,797,normal,0,0,65535_65535,2,25,401,585,0,1,0,33,0,15,1,1,pre_allocation
318,797,normal,0,0,65535_65535,2,25,401,602,1,1,1,34,602,15,1,1,allocated
318,797,normal,0,0,65535_65535,2,25,401,602,0,1,0,34,0,15,1,1,pre_allocation
318,797,normal,0,0,65535_65535,2,25,401,620,1,1,1,35,620,15,1,1,allocated
318,797,normal,0,0,65535_65535,2,25,401,620,0,1,0,35,0,15,1,1,pre_allocation
318,797,normal,0,0,65535_65535,2,25,401,638,1,1,1,36,638,15,1,1,allocated
318,797,normal,0,0,65535_65535,2,25,401,638,0,1,0,36,0,15,1,1,pre_allocation
318,797,normal,0,0,65535_65535,2,25,401,656,1,1,1,37,656,15,1,1,allocated
318,797,normal,0,0,65535_65535,2,25,401,656,0,1,0,37,0,15,1,1,pre_allocation
318,797,normal,0,0,65535_65535,2,25,401,674,1,1,1,38,674,15,1,1,allocated
318,797,normal,0,0,65535_65535,2,25,401,674,0,1,0,38,0,15,1,1,pre_allocation
318,797,normal,0,0,65535_65535,2,25,401,691,1,1,1,39,691,15,1,1,allocated
318,797,normal,0,0,65535_65535,2,25,401,691,0,1,0,39,0,15,1,1,pre_allocation
318,797,normal,0,0,65535_65535,2,25,401,709,1,1,1,40,709,15,1,1,allocated
318,797,normal,0,0,65535_65535,2,25,401,709,0,1,0,40,0,15,1,1,pre_allocation
318,797,normal,0,0,65535_65535,2,25,401,727,1,1,1,41,727,15,1,1,allocated
318,797,normal,0,0,65535_65535,2,25,401,727,0,1,0,41,0,15,1,1,pre_allocation
318,797,normal,0,0,65535_65535,2,25,401,745,1,1,1,42,745,15,1,1,allocated
318,797,normal,0,0,65535_65535,2,25,401,745,0,1,0,42,0,15,1,1,pre_allocation
318,797,normal,0,0,65535_65535,2,25,401,763,1,1,1,43,763,15,1,1,allocated
318,797,normal,0,0,65535_65535,2,25,401,763,0,1,0,43,0,15,1,1,pre_allocation
318,797,normal,0,0,65535_65535,2,25,401,781,1,1,1,44,781,15,1,1,allocated
318,797,normal,0,0,65535_65535,2,25,401,781,0,1,0,44,0,15,1,1,pre_allocation
318,797,normal,0,0,65535_65535,2,25,401,798,1,1,1,45,798,15,1,1,allocated
318,797,normal,0,0,65535_65535,2,25,401,798,0,1,0,45,0,15,1,1,pre_allocation
318,797,normal,0,0,65535_65535,2,25,401,816,1,1,1,46,816,15,1,1,allocated
318,797,normal,0,0,65535_65535,2,25,401,816,0,1,0,46,0,15,1,1,pre_allocation
318,797,normal,0,0,65535_65535,2,25,401,834,1,1,1,47,834,15,1,1,allocated
318,797,normal,0,0,65535_65535,2,25,401,834,0,1,0,47,0,15,1,1,pre_allocation
318,797,normal,0,0,65535_65535,2,25,401,852,1,1,1,48,852,15,1,1,allocated
318,797,normal,0,0,65535_65535,2,25,401,852,0,1,0,48,0,15,1,1,pre_allocation
318,797,normal,0,0,65535_65535,2,25,401,870,1,1,1,49,870,15,1,1,allocated
318,797,normal,0,0,65535_65535,2,25,401,870,0,1,0,49,0,15,1,1,pre_allocation
318,797,normal,0,0,65535_65535,2,25,401,888,1,1,1,50,888,15,1,1,allocated
318,797,normal,0,0,65535_65535,2,25,401,888,0,1,0,50,0,15,1,1,pre_allocation
318,797,normal,0,0,65535_65535,2,25,401,905,1,1,1,51,905,15,1,1,allocated
318,797,normal,0,0,65535_65535,2,25,401,905,0,1,0,51,0,15,1,1,pre_allocation
318,797,normal,0,0,65535_65535,2,25,401,923,1,1,1,52,923,15,1,1,allocated
318,797,normal,0,0,65535_65535,2,25,401,923,0,1,0,52,0,15,1,1,pre_allocation
318,797,normal,0,0,65535_65535,2,25,401,941,1,1,1,53,941,15,1,1,allocated
318,797,normal,0,0,65535_65535,2,25,401,941,0,1,0,53,0,15,1,1,pre_allocation
318,797,normal,0,0,65535_65535,2,25,401,959,1,1,1,54,959,15,1,1,allocated
318,797,normal,0,0,65535_65535,2,25,401,959,0,1,0,54,0,15,1,1,pre_allocation
318,797,normal,0,0,65535_65535,2,25,401,977,1,1,1,55,977,15,1,1,allocated
318,797,normal,0,0,65535_65535,2,25,401,977,0,1,0,55,0,15,1,1,pre_allocation
318,797,normal,0,0,65535_65535,2,25,401,994,1,1,1,56,994,15,1,1,allocated
318,797,normal,0,0,65535_65535,2,25,401,994,0,1,0,56,0,15,1,1,pre_allocation
318,797,normal,0,0,65535_65535,2,25,401,1012,1,1,1,57,1012,15,1,1,allocated
318,797,normal,0,0,65535_65535,2,25,401,1012,0,1,0,57,0,15,1,1,pre_allocation
318,797,normal,0,0,65535_65535,2,25,401,1030,1,1,1,58,1030,15,1,1,allocated
318,797,normal,0,0,65535_65535,2,25,401,1030,0,1,0,58,0,15,1,1,pre_allocation
318,797,normal,0,0,65535_65535,2,25,401,1048,1,1,1,59,1048,15,1,1,allocated
318,797,normal,0,0,65535_65535,2,25,401,1048,0,1,0,59,0,15,1,1,pre_allocation
318,797,normal,0,0,65535_65535,2,25,401,1066,1,1,1,60,1066,15,1,1,allocated
318,797,normal,0,0,65535_65535,2,25,401,1066,0,1,0,60,0,15,1,1,pre_allocation
318,797,normal,0,0,65535_65535,2,25,401,1084,1,1,1,61,1084,15,1,1,allocated
318,797,normal,0,0,65535_65535,2,25,401,1084,0,1,0,61,0,15,1,1,pre_allocation
318,797,normal,0,0,65535_65535,2,25,401,1101,1,1,1,62,1101,15,1,1,allocated
318,797,normal,0,0,65535_65535,2,25,401,1101,0,1,0,62,0,15,1,1,pre_allocation
318,797,normal,0,0,65535_65535,2,25,401,1119,1,1,1,63,1119,15,1,1,allocated
318,797,normal,0,0,65535_65535,2,25,401,1119,0,1,0,63,0,15,1,1,pre_allocation
318,797,normal,0,0,65535_65535,2,25,401,1137,1,1,1,64,1137,15,1,1,allocated
318,797,normal,0,0,65535_65535,2,25,401,1137,0,1,0,64,0,15,1,1,pre_allocation
318,797,normal,0,0,65535_65535,2,25,401,1155,1,1,1,65,1155,15,1,1,allocated
318,797,normal,0,0,65535_65535,2,25,401,1155,0,1,0,65,0,15,1,1,pre_allocation
318,797,normal,0,0,65535_65535,2,25,401,1173,1,1,1,66,1173,15,1,1,allocated
318,797,normal,0,0,65535_65535,2,25,401,1173,0,1,0,66,0,15,1,1,pre_allocation
318,797,normal,0,0,65535_65535,2,25,401,1190,1,1,1,67,1190,15,1,1,allocated
318,797,normal,0,0,65535_65535,2,25,401,1190,0,1,0,67,0,15,1,1,pre_allocation
318,797,normal,0,0,65535_65535,2,25,401,1208,1,1,1,68,1208,15,1,1,allocated
318,797,normal,0,0,65535_65535,2,25,401,1208,0,1,0,68,0,15,1,1,pre_allocation
318,797,normal,0,0,65535_65535,2,25,401,1226,1,1,1,69,1226,15,1,1,allocated
318,797,normal,0,0,65535_65535,2,25,401,1226,0,1,0,69,0,15,1,1,pre_allocation
318,797,normal,0,0,65535_65535,2,25,401,1244,1,1,1,70,1244,15,1,1,allocated
318,797,normal,0,0,65535_65535,2,25,401,1244,0,1,0,70,0,15,1,1,pre_allocation
318,797,normal,0,0,65535_65535,2,25,401,1262,1,1,1,71,1262,15,1,1,allocated
318,797,normal,0,0,65535_65535,2,25,401,1262,0,1,0,71,0,15,1,1,pre_allocation
318,797,normal,0,0,65535_65535,2,25,401,1280,1,1,1,72,1280,15,1,1,allocated
318,797,normal,0,0,65535_65535,2,25,401,1280,0,1,0,72,0,15,1,1,pre_allocation
318,797,normal,0,0,65535_65535,2,25,401,1297,1,1,1,73,1297,15,1,1,allocated
318,797,normal,0,0,65535_65535,2,25,401,1297,0,1,0,73,0,15,1,1,pre_allocation
318,797,normal,0,0,65535_65535,2,25,401,1315,1,1,1,74,1315,15,1,1,allocated
318,797,normal,0,0,65535_65535,2,25,401,1315,0,1,0,74,0,15,1,1,pre_allocation
318,797,normal,0,0,65535_65535,2,25,401,1333,1,1,1,75,1333,15,1,1,allocated
318,797,normal,0,0,65535_65535,2,25,401,1333,0,1,0,75,0,15,1,1,pre_allocation
318,797,normal,0,0,65535_65535,2,25,401,1351,1,1,1,76,1351,15,1,1,allocated
318,797,normal,0,0,65535_65535,2,25,401,1351,0,1,0,76,0,15,1,1,pre_allocation
318,797,normal,0,0,65535_65535,2,25,401,1369,1,1,1,77,1369,15,1,1,allocated
318,797,normal,0,0,65535_65535,2,25,401,1369,0,1,0,77,0,15,1,1,pre_allocation
318,797,normal,0,0,65535_65535,2,25,401,1386,1,1,1,78,1386,15,1,1,allocated
318,797,normal,0,0,65535_65535,2,25,401,1386,0,1,0,78,0,15,1,1,pre_allocation
318,797,normal,0,0,65535_65535,2,25,401,1404,1,1,1,79,1404,15,1,1,allocated
318,797,normal,0,0,65535_65535,2,25,401,1404,0,1,0,79,0,15,1,1,pre_allocation
318,797,normal,0,0,65535_65535,2,25,401,1422,1,1,1,80,1422,15,1,1,allocated
318,797,normal,0,0,65535_65535,2,25,401,1422,0,1,0,80,0,15,1,1,pre_allocation
318,797,normal,0,0,65535_65535,2,25,401,1440,1,1,1,81,1440,15,1,1,allocated
318,797,normal,0,0,65535_65535,2,25,401,1440,0,1,0,81,0,15,1,1,pre_allocation
318,797,normal,0,0,65535_65535,2,25,401,1458,1,1,1,82,1458,15,1,1,allocated
318,797,normal,0,0,65535_65535,2,25,401,1458,0,1,0,82,0,15,1,1,pre_allocation
318,797,normal,0,0,65535_65535,2,25,401,1476,1,1,1,83,1476,15,1,1,allocated
318,797,normal,0,0,65535_65535,2,25,401,1476,0,1,0,83,0,15,1,1,pre_allocation
318,797,normal,0,0,65535_65535,2,25,401,1493,1,1,1,84,1493,15,1,1,allocated
318,797,normal,0,0,65535_65535,2,25,401,1493,0,1,0,84,0,15,1,1,pre_allocation
318,797,normal,0,0,65535_65535,2,25,401,1511,1,1,1,85,1511,15,1,1,allocated
318,797,normal,0,0,65535_65535,2,25,401,1511,0,1,0,85,0,15,1,1,pre_allocation
318,797,normal,0,0,65535_65535,2,25,401,1529,1,1,1,86,1529,15,1,1,allocated
318,797,normal,0,0,65535_65535,2,25,401,1529,0,1,0,86,0,15,1,1,pre_allocation
318,797,normal,0,0,65535_65535,2,25,401,1544,1,1,1,87,1544,15,1,1,allocated
318,797,normal,0,0,65535_65535,2,25,401,1544,0,1,0,87,0,15,1,1,pre_allocation
318,797,normal,0,0,65535_65535,2,25,401,1562,1,1,1,88,1562,15,1,1,allocated
318,797,normal,0,0,65535_65535,2,25,401,1562,0,1,0,88,0,15,1,1,pre_allocation
318,797,normal,0,0,65535_65535,2,25,401,1579,1,1,1,89,1579,15,1,1,allocated
318,797,normal,0,0,65535_65535,2,25,401,1579,0,1,0,89,0,15,1,1,pre_allocation
318,797,normal,0,0,65535_65535,2,25,401,1597,1,1,1,90,1597,15,1,1,allocated
318,797,normal,0,0,65535_65535,2,25,401,1597,0,1,0,90,0,15,1,1,pre_allocation
318,797,normal,0,0,65535_65535,2,25,401,1615,1,1,1,91,1615,15,1,1,allocated
318,797,normal,0,0,65535_65535,2,25,401,1615,0,1,0,91,0,15,1,1,pre_allocation
318,797,normal,0,0,65535_65535,2,25,401,1633,1,1,1,92,1633,15,1,1,allocated
318,797,normal,0,0,65535_65535,2,25,401,1633,0,1,0,92,0,15,1,1,pre_allocation
318,797,normal,0,0,65535_65535,2,25,401,1651,1,1,1,93,1651,15,1,1,allocated
318,797,normal,0,0,65535_65535,2,25,401,1651,0,1,0,93,0,15,1,1,pre_allocation
318,797,normal,0,0,65535_65535,2,25,401,1669,1,1,1,94,1669,15,1,1,allocated
318,797,normal,0,0,65535_65535,2,25,401,1669,0,1,0,94,0,15,1,1,pre_allocation
318,797,normal,0,0,65535_65535,2,25,401,1686,1,1,1,95,1686,15,1,1,allocated
318,797,normal,0,0,65535_65535,2,25,401,1686,0,1,0,95,0,15,1,1,pre_allocation
318,797,normal,0,0,65535_65535,2,25,401,1704,1,1,1,96,1704,15,1,1,allocated
318,797,normal,0,0,65535_65535,2,25,401,1704,0,1,0,96,0,15,1,1,pre_allocation
318,797,normal,0,0,65535_65535,2,25,401,1722,1,1,1,97,1722,15,1,1,allocated
318,797,normal,0,0,65535_65535,2,25,401,1722,0,1,0,97,0,15,1,1,pre_allocation
318,797,normal,0,0,65535_65535,2,25,401,1740,1,1,1,98,1740,15,1,1,allocated
318,797,normal,0,0,65535_65535,2,25,401,1740,0,1,0,98,0,15,1,1,pre_allocation
318,797,normal,0,0,65535_65535,2,25,401,1758,1,1,1,99,1758,15,1,1,allocated
318,797,normal,0,0,65535_65535,2,25,401,1758,0,1,0,99,0,15,1,1,pre_allocation
318,797,normal,0,0,65535_65535,2,25,401,1776,1,1,1,100,1776,15,1,1,allocated
318,797,normal,0,0,65535_65535,2,25,401,1776,0,1,0,100,0,15,1,1,pre_allocation
318,797,normal,0,0,65535_65535,2,25,401,1793,1,1,1,101,1793,15,1,1,allocated
318,797,normal,0,0,65535_65535,2,25,401,1793,0,1,0,101,0,15,1,1,pre_allocation
318,797,normal,0,0,65535_65535,2,25,401,1811,1,1,1,102,1811,15,1,1,allocated
318,797,normal,0,0,65535_65535,2,25,401,1811,0,1,0,102,0,15,1,1,pre_allocation
318,797,normal,0,0,65535_65535,2,25,401,1829,1,1,1,103,1829,15,1,1,allocated
318,797,normal,0,0,65535_65535,2,25,401,1829,0,1,0,103,0,15,1,1,pre_allocation
318,797,normal,0,0,65535_65535,2,25,401,1847,1,1,1,104,1847,15,1,1,allocated
318,797,normal,0,0,65535_65535,2,25,401,1847,0,1,0,104,0,15,1,1,pre_allocation
318,797,normal,0,0,65535_65535,2,25,401,1865,1,1,1,105,1865,15,1,1,allocated
318,797,normal,0,0,65535_65535,2,25,401,1865,0,1,0,105,0,15,1,1,pre_allocation
318,797,normal,0,0,65535_65535,2,25,401,1882,1,1,1,106,1882,15,1,1,allocated
318,797,normal,0,0,65535_65535,2,25,401,1882,0,1,0,106,0,15,1,1,pre_allocation
318,797,normal,0,0,65535_65535,2,25,401,1900,1,1,1,107,1900,15,1,1,allocated
318,797,normal,0,0,65535_65535,2,25,401,1900,0,1,0,107,0,15,1,1,pre_allocation
318,797,normal,0,0,65535_65535,2,25,401,1918,1,1,1,108,1918,15,1,1,allocated
318,797,normal,0,0,65535_65535,2,25,401,1918,0,1,0,108,0,15,1,1,pre_allocation
318,797,normal,0,0,65535_65535,2,25,401,1936,1,1,1,109,1936,15,1,1,allocated
318,797,normal,0,0,65535_65535,2,25,401,1936,0,1,0,109,0,15,1,1,pre_allocation
318,797,normal,0,0,65535_65535,2,25,401,1954,1,1,1,110,1954,15,1,1,allocated
318,797,normal,0,0,65535_65535,2,25,401,1954,0,1,0,110,0,15,1,1,pre_allocation
318,797,normal,0,0,65535_65535,2,25,401,1972,1,1,1,111,1972,15,1,1,allocated
318,797,normal,0,0,65535_65535,2,25,401,1972,0,1,0,111,0,15,1,1,pre_allocation
318,797,normal,0,0,65535_65535,2,25,401,1989,1,1,1,112,1989,15,1,1,allocated
318,797,normal,0,0,65535_65535,2,25,401,1989,0,1,0,112,0,15,1,1,pre_allocation
318,797,normal,0,0,65535_65535,2,25,401,2007,1,1,1,113,2007,15,1,1,allocated
318,797,normal,0,0,65535_65535,2,25,401,2007,0,1,0,113,0,15,1,1,pre_allocation
318,797,normal,0,0,65535_65535,2,25,401,2025,1,1,1,114,2025,15,1,1,allocated
318,797,normal,0,0,65535_65535,2,25,401,2025,0,1,0,114,0,15,1,1,pre_allocation
318,797,normal,0,0,65535_65535,2,25,401,2043,1,1,1,115,2043,15,1,1,allocated
430,895,normal,0,0,65535_65535,0,1,59285,0,0,1,0,0,0,28,1,1,pre_allocation
430,895,normal,0,0,65535_65535,0,1,59285,42,1,1,1,1,42,28,1,1,allocated
430,895,normal,0,0,65535_65535,0,2,276869,0,0,1,0,0,0,20,1,1,pre_allocation
430,895,normal,0,0,65535_65535,0,2,276869,24,1,1,1,1,24,20,1,1,allocated
430,895,normal,0,0,65535_65535,0,3,221231,0,0,1,0,0,0,24,1,1,pre_allocation
430,895,normal,0,0,65535_65535,0,3,221231,34,1,1,1,1,34,24,1,1,allocated
430,895,normal,0,0,65535_65535,0,4,449704,0,0,1,0,0,0,15,1,1,pre_allocation
430,895,normal,0,0,65535_65535,0,4,449704,14,1,1,1,1,14,15,1,1,allocated
430,895,normal,0,0,65535_65535,0,1,59285,42,0,1,0,1,0,28,1,1,pre_allocation
430,895,normal,0,0,65535_65535,0,1,59285,88,1,1,1,2,88,28,1,1,allocated
430,895,normal,0,0,65535_65535,0,2,276869,24,0,1,0,1,0,20,1,1,pre_allocation
430,895,normal,0,0,65535_65535,0,2,276869,51,1,1,1,2,51,20,1,1,allocated
430,895,normal,0,0,65535_65535,0,3,221231,34,0,1,0,1,0,24,1,1,pre_allocation
430,895,normal,0,0,65535_65535,0,3,221231,71,1,1,1,2,71,24,1,1,allocated
430,895,normal,0,0,65535_65535,0,4,449704,14,0,1,0,1,0,15,1,1,pre_allocation
430,895,normal,0,0,65535_65535,0,4,449704,32,1,1,1,2,32,15,1,1,allocated
430,895,normal,0,0,65535_65535,0,1,59285,88,0,1,0,2,0,28,1,1,pre_allocation
430,895,normal,0,0,65535_65535,0,1,59285,133,1,1,1,3,133,28,1,1,allocated
430,895,normal,0,0,65535_65535,0,2,276869,51,0,1,0,2,0,20,1,1,pre_allocation
430,895,normal,0,0,65535_65535,0,2,276869,78,1,1,1,3,78,20,1,1,allocated
430,895,normal,0,0,65535_65535,0,3,221231,71,0,1,0,2,0,24,1,1,pre_allocation
430,895,normal,0,0,65535_65535,0,3,221231,108,1,1,1,3,108,24,1,1,allocated
430,895,normal,0,0,65535_65535,0,4,449704,32,0,1,0,2,0,15,1,1,pre_allocation
430,895,normal,0,0,65535_65535,0,4,449704,50,1,1,1,3,50,15,1,1,allocated
430,895,normal,0,0,65535_65535,0,1,59285,133,0,1,0,3,0,28,1,1,pre_allocation
430,895,normal,0,0,65535_65535,0,1,59285,179,1,1,1,4,179,28,1,1,allocated
430,895,normal,0,0,65535_65535,0,2,276869,78,0,1,0,3,0,20,1,1,pre_allocation
430,895,normal,0,0,65535_65535,0,2,276869,105,1,1,1,4,105,20,1,1,allocated
430,895,normal,0,0,65535_65535,0,3,221231,108,0,1,0,3,0,24,1,1,pre_allocation
430,895,normal,0,0,65535_65535,0,3,221231,145,1,1,1,4,145,24,1,1,allocated
430,895,normal,0,0,65535_65535,0,4,449704,50,0,1,0,3,0,15,1,1,pre_allocation
430,895,normal,0,0,65535_65535,0,4,449704,68,1,1,1,4,68,15,1,1,allocated
430,895,normal,0,0,65535_65535,0,1,59285,179,0,1,0,4,0,28,1,1,pre_allocation
430,895,normal,0,0,65535_65535,0,1,59285,224,1,1,1,5,224,28,1,1,allocated
430,895,normal,0,0,65535_65535,0,2,276869,105,0,1,0,4,0,20,1,1,pre_allocation
430,895,normal,0,0,65535_65535,0,2,276869,133,1,1,1,5,133,20,1,1,allocated
430,895,normal,0,0,65535_65535,0,3,221231,145,0,1,0,4,0,24,1,1,pre_allocation
430,895,normal,0,0,65535_65535,0,3,221231,182,1,1,1,5,182,24,1,1,allocated
430,895,normal,0,0,65535_65535,0,4,449704,68,0,1,0,4,0,15,1,1,pre_allocation
430,895,normal,0,0,65535_65535,0,4,449704,86,1,1,1,5,86,15,1,1,allocated
430,895,normal,0,0,65535_65535,0,1,59285,224,0,1,0,5,0,28,1,1,pre_allocation
430,895,normal,0,0,65535_65535,0,1,59285,270,1,1,1,6,270,28,1,1,allocated
430,895,normal,0,0,65535_65535,0,2,276869,133,0,1,0,5,0,20,1,1,pre_allocation
430,895,normal,0,0,65535_65535,0,2,276869,160,1,1,1,6,160,20,1,1,allocated
430,895,normal,0,0,65535_65535,0,3,221231,182,0,1,0,5,0,24,1,1,pre_allocation
430,895,normal,0,0,65535_65535,0,3,221231,219,1,1,1,6,219,24,1,1,allocated
430,895,normal,0,0,65535_65535,0,4,449704,86,0,1,0,5,0,15,1,1,pre_allocation
430,895,normal,0,0,65535_65535,0,4,449704,103,1,1,1,6,103,15,1,1,allocated
430,895,normal,0,0,65535_65535,0,1,59285,270,0,1,0,6,0,28,1,1,pre_allocation
430,895,normal,0,0,65535_65535,0,1,59285,315,1,1,1,7,315,28,1,1,allocated
430,895,normal,0,0,65535_65535,0,2,276869,160,0,1,0,6,0,20,1,1,pre_allocation
430,895,normal,0,0,65535_65535,0,2,276869,187,1,1,1,7,187,20,1,1,allocated
430,895,normal,0,0,65535_65535,0,3,221231,219,0,1,0,6,0,24,1,1,pre_allocation
430,895,normal,0,0,65535_65535,0,3,221231,256,1,1,1,7,256,24,1,1,allocated
430,895,normal,0,0,65535_65535,0,4,449704,103,0,1,0,6,0,15,1,1,pre_allocation
430,895,normal,0,0,65535_65535,0,4,449704,121,1,1,1,7,121,15,1,1,allocated
430,895,normal,0,0,65535_65535,0,1,59285,315,0,1,0,7,0,28,1,1,pre_allocation
430,895,normal,0,0,65535_65535,0,1,59285,361,1,1,1,8,361,28,1,1,allocated
430,895,normal,0,0,65535_65535,0,2,276869,187,0,1,0,7,0,20,1,1,pre_allocation
430,895,normal,0,0,65535_65535,0,2,276869,214,1,1,1,8,214,20,1,1,allocated
430,895,normal,0,0,65535_65535,0,3,221231,256,0,1,0,7,0,24,1,1,pre_allocation
430,895,normal,0,0,65535_65535,0,3,221231,294,1,1,1,8,294,24,1,1,allocated
430,895,normal,0,0,65535_65535,0,4,449704,121,0,1,0,7,0,15,1,1,pre_allocation
430,895,normal,0,0,65535_65535,0,4,449704,139,1,1,1,8,139,15,1,1,allocated
430,895,normal,0,0,65535_65535,0,1,59285,361,0,1,0,8,0,28,1,1,pre_allocation
430,895,normal,0,0,65535_65535,0,1,59285,406,1,1,1,9,406,28,1,1,allocated
430,895,normal,0,0,65535_65535,0,2,276869,214,0,1,0,8,0,20,1,1,pre_allocation
430,895,normal,0,0,65535_65535,0,2,276869,242,1,1,1,9,242,20,1,1,allocated
430,895,normal,0,0,65535_65535,0,3,221231,294,0,1,0,8,0,24,1,1,pre_allocation
430,895,normal,0,0,65535_65535,0,3,221231,331,1,1,1,9,331,24,1,1,allocated
430,895,normal,0,0,65535_65535,0,4,449704,139,0,1,0,8,0,15,1,1,pre_allocation
430,895,normal,0,0,65535_65535,0,4,449704,157,1,1,1,9,157,15,1,1,allocated
430,895,normal,0,0,65535_65535,0,1,59285,406,0,1,0,9,0,28,1,1,pre_allocation
430,895,normal,0,0,65535_65535,0,1,59285,452,1,1,1,10,452,28,1,1,allocated
430,895,normal,0,0,65535_65535,0,2,276869,242,0,1,0,9,0,20,1,1,pre_allocation
430,895,normal,0,0,65535_65535,0,2,276869,269,1,1,1,10,269,20,1,1,allocated
430,895,normal,0,0,65535_65535,0,3,221231,331,0,1,0,9,0,24,1,1,pre_allocation
430,895,normal,0,0,65535_65535,0,3,221231,368,1,1,1,10,368,24,1,1,allocated
430,895,normal,0,0,65535_65535,0,4,449704,157,0,1,0,9,0,15,1,1,pre_allocation
430,895,normal,0,0,65535_65535,0,4,449704,175,1,1,1,10,175,15,1,1,allocated
430,895,normal,0,0,65535_65535,0,1,59285,452,0,1,0,10,0,28,1,1,pre_allocation
430,895,normal,0,0,65535_65535,0,1,59285,497,1,1,1,11,497,28,1,1,allocated
430,895,normal,0,0,65535_65535,0,2,276869,269,0,1,0,10,0,20,1,1,pre_allocation
430,895,normal,0,0,65535_65535,0,2,276869,296,1,1,1,11,296,20,1,1,allocated
430,895,normal,0,0,65535_65535,0,3,221231,368,0,1,0,10,0,24,1,1,pre_allocation
430,895,normal,0,0,65535_65535,0,3,221231,405,1,1,1,11,405,24,1,1,allocated
430,895,normal,0,0,65535_65535,0,4,449704,175,0,1,0,10,0,15,1,1,pre_allocation
430,895,normal,0,0,65535_65535,0,4,449704,193,1,1,1,11,193,15,1,1,allocated
430,895,normal,0,0,65535_65535,0,1,59285,497,0,1,0,11,0,28,1,1,pre_allocation
430,895,normal,0,0,65535_65535,0,1,59285,543,1,1,1,12,543,28,1,1,allocated
430,895,normal,0,0,65535_65535,0,2,276869,296,0,1,0,11,0,20,1,1,pre_allocation
430,895,normal,0,0,65535_65535,0,2,276869,323,1,1,1,12,323,20,1,1,allocated
430,895,normal,0,0,65535_65535,0,3,221231,405,0,1,0,11,0,24,1,1,pre_allocation
430,895,normal,0,0,65535_65535,0,3,221231,442,1,1,1,12,442,24,1,1,allocated
430,895,normal,0,0,65535_65535,0,4,449704,193,0,1,0,11,0,15,1,1,pre_allocation
430,895,normal,0,0,65535_65535,0,4,449704,210,1,1,1,12,210,15,1,1,allocated
430,895,normal,0,0,65535_65535,0,1,59285,543,0,1,0,12,0,28,1,1,pre_allocation
430,895,normal,0,0,65535_65535,0,1,59285,589,1,1,1,13,589,28,1,1,allocated
430,895,normal,0,0,65535_65535,0,2,276869,323,0,1,0,12,0,20,1,1,pre_allocation
430,895,normal,0,0,65535_65535,0,2,276869,350,1,1,1,13,350,20,1,1,allocated
430,895,normal,0,0,65535_65535,0,3,221231,442,0,1,0,12,0,24,1,1,pre_allocation
430,895,normal,0,0,65535_65535,0,3,221231,479,1,1,1,13,479,24,1,1,allocated
430,895,normal,0,0,65535_65535,0,4,449704,210,0,1,0,12,0,15,1,1,pre_allocation
430,895,normal,0,0,65535_65535,0,4,449704,228,1,1,1,13,228,15,1,1,allocated
430,895,normal,0,0,65535_65535,0,1,59285,589,0,1,0,13,0,28,1,1,pre_allocation
430,895,normal,0,0,65535_65535,0,1,59285,634,1,1,1,14,634,28,1,1,allocated
430,895,normal,0,0,65535_65535,0,2,276869,350,0,1,0,13,0,20,1,1,pre_allocation
430,895,normal,0,0,65535_65535,0,2,276869,378,1,1,1,14,378,20,1,1,allocated
430,895,normal,0,0,65535_65535,0,3,221231,479,0,1,0,13,0,24,1,1,pre_allocation
430,895,normal,0,0,65535_65535,0,3,221231,516,1,1,1,14,516,24,1,1,allocated
430,895,normal,0,0,65535_65535,0,4,449704,228,0,1,0,13,0,15,1,1,pre_allocation
430,895,normal,0,0,65535_65535,0,4,449704,246,1,1,1,14,246,15,1,1,allocated
430,895,normal,0,0,65535_65535,0,1,59285,634,0,1,0,14,0,28,1,1,pre_allocation
430,895,normal,0,0,65535_65535,0,1,59285,680,1,1,1,15,680,28,1,1,allocated
430,895,normal,0,0,65535_65535,0,2,276869,378,0,1,0,14,0,20,1,1,pre_allocation
430,895,normal,0,0,65535_65535,0,2,276869,405,1,1,1,15,405,20,1,1,allocated
430,895,normal,0,0,65535_65535,0,3,221231,516,0,1,0,14,0,24,1,1,pre_allocation
430,895,normal,0,0,65535_65535,0,3,221231,553,1,1,1,15,553,24,1,1,allocated
430,895,normal,0,0,65535_65535,0,4,449704,246,0,1,0,14,0,15,1,1,pre_allocation
430,895,normal,0,0,65535_65535,0,4,449704,264,1,1,1,15,264,15,1,1,allocated
430,895,normal,0,0,65535_65535,0,1,59285,680,0,1,0,15,0,28,1,1,pre_allocation
430,895,normal,0,0,65535_65535,0,1,59285,725,1,1,1,16,725,28,1,1,allocated
430,895,normal,0,0,65535_65535,0,2,276869,405,0,1,0,15,0,20,1,1,pre_allocation
430,895,normal,0,0,65535_65535,0,2,276869,432,1,1,1,16,432,20,1,1,allocated
430,895,normal,0,0,65535_65535,0,3,221231,553,0,1,0,15,0,24,1,1,pre_allocation
430,895,normal,0,0,65535_65535,0,3,221231,591,1,1,1,16,591,24,1,1,allocated
430,895,normal,0,0,65535_65535,0,4,449704,264,0,1,0,15,0,15,1,1,pre_allocation
430,895,normal,0,0,65535_65535,0,4,449704,282,1,1,1,16,282,15,1,1,allocated
430,895,normal,0,0,65535_65535,0,1,59285,725,0,1,0,16,0,28,1,1,pre_allocation
430,895,normal,0,0,65535_65535,0,1,59285,771,1,1,1,17,771,28,1,1,allocated
430,895,normal,0,0,65535_65535,0,2,276869,432,0,1,0,16,0,20,1,1,pre_allocation
430,895,normal,0,0,65535_65535,0,2,276869,459,1,1,1,17,459,20,1,1,allocated
430,895,normal,0,0,65535_65535,0,3,221231,591,0,1,0,16,0,24,1,1,pre_allocation
430,895,normal,0,0,65535_65535,0,3,221231,628,1,1,1,17,628,24,1,1,allocated
430,895,normal,0,0,65535_65535,0,4,449704,282,0,1,0,16,0,15,1,1,pre_allocation
430,895,normal,0,0,65535_65535,0,4,449704,299,1,1,1,17,299,15,1,1,allocated
430,895,normal,0,0,65535_65535,0,1,59285,771,0,1,0,17,0,28,1,1,pre_allocation
430,895,normal,0,0,65535_65535,0,1,59285,816,1,1,1,18,816,28,1,1,allocated
430,895,normal,0,0,65535_65535,0,2,276869,459,0,1,0,17,0,20,1,1,pre_allocation
430,895,normal,0,0,65535_65535,0,2,276869,487,1,1,1,18,487,20,1,1,allocated
430,895,normal,0,0,65535_65535,0,3,221231,628,0,1,0,17,0,24,1,1,pre_allocation
430,895,normal,0,0,65535_65535,0,3,221231,665,1,1,1,18,665,24,1,1,allocated
430,895,normal,0,0,65535_65535,0,4,449704,299,0,1,0,17,0,15,1,1,pre_allocation
430,895,normal,0,0,65535_65535,0,4,449704,317,1,1,1,18,317,15,1,1,allocated
430,895,normal,0,0,65535_65535,0,1,59285,816,0,1,0,18,0,28,1,1,pre_allocation
430,895,normal,0,0,65535_65535,0,1,59285,862,1,1,1,19,862,28,1,1,allocated
430,895,normal,0,0,65535_65535,0,2,276869,487,0,1,0,18,0,20,1,1,pre_allocation
430,895,normal,0,0,65535_65535,0,2,276869,514,1,1,1,19,514,20,1,1,allocated
430,895,normal,0,0,65535_65535,0,3,221231,665,0,1,0,18,0,24,1,1,pre_allocation
430,895,normal,0,0,65535_65535,0,3,221231,702,1,1,1,19,702,24,1,1,allocated
430,895,normal,0,0,65535_65535,0,4,449704,317,0,1,0,18,0,15,1,1,pre_allocation
430,895,normal,0,0,65535_65535,0,4,449704,335,1,1,1,19,335,15,1,1,allocated
430,895,normal,0,0,65535_65535,0,1,59285,862,0,1,0,19,0,28,1,1,pre_allocation
430,895,normal,0,0,65535_65535,0,1,59285,907,1,1,1,20,907,28,1,1,allocated
430,895,normal,0,0,65535_65535,0,2,276869,514,0,1,0,19,0,20,1,1,pre_allocation
430,895,normal,0,0,65535_65535,0,2,276869,541,1,1,1,20,541,20,1,1,allocated
430,895,normal,0,0,65535_65535,0,3,221231,702,0,1,0,19,0,24,1,1,pre_allocation
430,895,normal,0,0,65535_65535,0,3,221231,739,1,1,1,20,739,24,1,1,allocated
430,895,normal,0,0,65535_65535,0,4,449704,335,0,1,0,19,0,15,1,1,pre_allocation
430,895,normal,0,0,65535_65535,0,4,449704,353,1,1,1,20,353,15,1,1,allocated
430,895,normal,0,0,65535_65535,0,1,59285,907,0,1,0,20,0,28,1,1,pre_allocation
430,895,normal,0,0,65535_65535,0,1,59285,953,1,1,1,21,953,28,1,1,allocated
430,895,normal,0,0,65535_65535,0,2,276869,541,0,1,0,20,0,20,1,1,pre_allocation
430,895,normal,0,0,65535_65535,0,2,276869,568,1,1,1,21,568,20,1,1,allocated
430,895,normal,0,0,65535_65535,0,3,221231,739,0,1,0,20,0,24,1,1,pre_allocation
430,895,normal,0,0,65535_65535,0,3,221231,776,1,1,1,21,776,24,1,1,allocated
430,895,normal,0,0,65535_65535,0,4,449704,353,0,1,0,20,0,15,1,1,pre_allocation
430,895,normal,0,0,65535_65535,0,4,449704,371,1,1,1,21,371,15,1,1,allocated
430,895,normal,0,0,65535_65535,0,1,59285,953,0,1,0,21,0,28,1,1,pre_allocation
430,895,normal,0,0,65535_65535,0,1,59285,998,1,1,1,22,998,28,1,1,allocated
430,895,normal,0,0,65535_65535,0,2,276869,568,0,1,0,21,0,20,1,1,pre_allocation
430,895,normal,0,0,65535_65535,0,2,276869,595,1,1,1,22,595,20,1,1,allocated
430,895,normal,0,0,65535_65535,0,3,221231,776,0,1,0,21,0,24,1,1,pre_allocation
430,895,normal,0,0,65535_65535,0,3,221231,813,1,1,1,22,813,24,1,1,allocated
430,895,normal,0,0,65535_65535,0,4,449704,371,0,1,0,21,0,15,1,1,pre_allocation
430,895,normal,0,0,65535_65535,0,4,449704,389,1,1,1,22,389,15,1,1,allocated
430,895,normal,0,0,65535_65535,0,1,59285,998,0,1,0,22,0,28,1,1,pre_allocation
430,895,normal,0,0,65535_65535,0,1,59285,1044,1,1,1,23,1044,28,1,1,allocated
430,895,normal,0,0,65535_65535,0,2,276869,595,0,1,0,22,0,20,1,1,pre_allocation
430,895,normal,0,0,65535_65535,0,2,276869,623,1,1,1,23,623,20,1,1,allocated
430,895,normal,0,0,65535_65535,0,3,221231,813,0,1,0,22,0,24,1,1,pre_allocation
430,895,normal,0,0,65535_65535,0,3,221231,850,1,1,1,23,850,24,1,1,allocated
430,895,normal,0,0,65535_65535,0,4,449704,389,0,1,0,22,0,15,1,1,pre_allocation
430,895,normal,0,0,65535_65535,0,4,449704,406,1,1,1,23,406,15,1,1,allocated
430,895,normal,0,0,65535_65535,0,1,59285,1044,0,1,0,23,0,28,1,1,pre_allocation
430,895,normal,0,0,65535_65535,0,1,59285,1089,1,1,1,24,1089,28,1,1,allocated
430,895,normal,0,0,65535_65535,0,2,276869,623,0,1,0,23,0,20,1,1,pre_allocation
430,895,normal,0,0,65535_65535,0,2,276869,650,1,1,1,24,650,20,1,1,allocated
430,895,normal,0,0,65535_65535,0,3,221231,850,0,1,0,23,0,24,1,1,pre_allocation
430,895,normal,0,0,65535_65535,0,3,221231,888,1,1,1,24,888,24,1,1,allocated
430,895,normal,0,0,65535_65535,0,4,449704,406,0,1,0,23,0,15,1,1,pre_allocation
430,895,normal,0,0,65535_65535,0,4,449704,424,1,1,1,24,424,15,1,1,allocated
430,895,normal,0,0,65535_65535,0,1,59285,1089,0,1,0,24,0,28,1,1,pre_allocation
430,895,normal,0,0,65535_65535,0,1,59285,1135,1,1,1,25,1135,28,1,1,allocated
430,895,normal,0,0,65535_65535,0,2,276869,650,0,1,0,24,0,20,1,1,pre_allocation
430,895,normal,0,0,65535_65535,0,2,276869,677,1,1,1,25,677,20,1,1,allocated
430,895,normal,0,0,65535_65535,0,3,221231,888,0,1,0,24,0,24,1,1,pre_allocation
430,895,normal,0,0,65535_65535,0,3,221231,925,1,1,1,25,925,24,1,1,allocated
430,895,normal,0,0,65535_65535,0,4,449704,424,0,1,0,24,0,15,1,1,pre_allocation
430,895,normal,0,0,65535_65535,0,4,449704,442,1,1,1,25,442,15,1,1,allocated
430,895,normal,0,0,65535_65535,0,1,59285,1135,0,1,0,25,0,28,1,1,pre_allocation
430,895,normal,0,0,65535_65535,0,1,59285,1181,1,1,1,26,1181,28,1,1,allocated
430,895,normal,0,0,65535_65535,0,2,276869,677,0,1,0,25,0,20,1,1,pre_allocation
430,895,normal,0,0,65535_65535,0,2,276869,704,1,1,1,26,704,20,1,1,allocated
430,895,normal,0,0,65535_65535,0,3,221231,925,0,1,0,25,0,24,1,1,pre_allocation
430,895,normal,0,0,65535_65535,0,3,221231,962,1,1,1,26,962,24,1,1,allocated
430,895,normal,0,0,65535_65535,0,4,449704,442,0,1,0,25,0,15,1,1,pre_allocation
430,895,normal,0,0,65535_65535,0,4,449704,460,1,1,1,26,460,15,1,1,allocated
430,895,normal,0,0,65535_65535,0,1,59285,1181,0,1,0,26,0,28,1,1,pre_allocation
430,895,normal,0,0,65535_65535,0,1,59285,1226,1,1,1,27,1226,28,1,1,allocated
430,895,normal,0,0,65535_65535,0,2,276869,704,0,1,0,26,0,20,1,1,pre_allocation
430,895,normal,0,0,65535_65535,0,2,276869,732,1,1,1,27,732,20,1,1,allocated
430,895,normal,0,0,65535_65535,0,3,221231,962,0,1,0,26,0,24,1,1,pre_allocation
430,895,normal,0,0,65535_65535,0,3,221231,999,1,1,1,27,999,24,1,1,allocated
430,895,normal,0,0,65535_65535,0,4,449704,460,0,1,0,26,0,15,1,1,pre_allocation
430,895,normal,0,0,65535_65535,0,4,449704,478,1,1,1,27,478,15,1,1,allocated
430,895,normal,0,0,65535_65535,0,1,59285,1226,0,1,0,27,0,28,1,1,pre_allocation
430,895,normal,0,0,65535_65535,0,1,59285,1272,1,1,1,28,1272,28,1,1,allocated
430,895,normal,0,0,65535_65535,0,2,276869,732,0,1,0,27,0,20,1,1,pre_allocation
430,895,normal,0,0,65535_65535,0,2,276869,759,1,1,1,28,759,20,1,1,allocated
430,895,normal,0,0,65535_65535,0,3,221231,999,0,1,0,27,0,24,1,1,pre_allocation
430,895,normal,0,0,65535_65535,0,3,221231,1036,1,1,1,28,1036,24,1,1,allocated
430,895,normal,0,0,65535_65535,0,4,449704,478,0,1,0,27,0,15,1,1,pre_allocation
430,895,normal,0,0,65535_65535,0,4,449704,495,1,1,1,28,495,15,1,1,allocated
430,895,normal,0,0,65535_65535,0,1,59285,1272,0,1,0,28,0,28,1,1,pre_allocation
430,895,normal,0,0,65535_65535,0,1,59285,1317,1,1,1,29,1317,28,1,1,allocated
430,895,normal,0,0,65535_65535,0,2,276869,759,0,1,0,28,0,20,1,1,pre_allocation
430,895,normal,0,0,65535_65535,0,2,276869,786,1,1,1,29,786,20,1,1,allocated
430,895,normal,0,0,65535_65535,0,3,221231,1036,0,1,0,28,0,24,1,1,pre_allocation
430,895,normal,0,0,65535_65535,0,3,221231,1073,1,1,1,29,1073,24,1,1,allocated
430,895,normal,0,0,65535_65535,0,4,449704,495,0,1,0,28,0,15,1,1,pre_allocation
430,895,normal,0,0,65535_65535,0,4,449704,513,1,1,1,29,513,15,1,1,allocated
430,895,normal,0,0,65535_65535,0,1,59285,1317,0,1,0,29,0,28,1,1,pre_allocation
430,895,normal,0,0,65535_65535,0,1,59285,1363,1,1,1,30,1363,28,1,1,allocated
430,895,normal,0,0,65535_65535,0,2,276869,786,0,1,0,29,0,20,1,1,pre_allocation
430,895,normal,0,0,65535_65535,0,2,276869,813,1,1,1,30,813,20,1,1,allocated
430,895,normal,0,0,65535_65535,0,3,221231,1073,0,1,0,29,0,24,1,1,pre_allocation
430,895,normal,0,0,65535_65535,0,3,221231,1110,1,1,1,30,1110,24,1,1,allocated
430,895,normal,0,0,65535_65535,0,4,449704,513,0,1,0,29,0,15,1,1,pre_allocation
430,895,normal,0,0,65535_65535,0,4,449704,531,1,1,1,30,531,15,1,1,allocated
430,895,normal,0,0,65535_65535,0,1,59285,1363,0,1,0,30,0,28,1,1,pre_allocation
430,895,normal,0,0,65535_65535,0,1,59285,1408,1,1,1,31,1408,28,1,1,allocated
430,895,normal,0,0,65535_65535,0,2,276869,813,0,1,0,30,0,20,1,1,pre_allocation
430,895,normal,0,0,65535_65535,0,2,276869,840,1,1,1,31,840,20,1,1,allocated
430,895,normal,0,0,65535_65535,0,3,221231,1110,0,1,0,30,0,24,1,1,pre_allocation
430,895,normal,0,0,65535_65535,0,3,221231,1147,1,1,1,31,1147,24,1,1,allocated
430,895,normal,0,0,65535_65535,0,4,449704,531,0,1,0,30,0,15,1,1,pre_allocation
430,895,normal,0,0,65535_65535,0,4,449704,549,1,1,1,31,549,15,1,1,allocated
430,895,normal,0,0,65535_65535,0,1,59285,1408,0,1,0,31,0,28,1,1,pre_allocation
430,895,normal,0,0,65535_65535,0,1,59285,1454,1,1,1,32,1454,28,1,1,allocated
430,895,normal,0,0,65535_65535,0,2,276869,840,0,1,0,31,0,20,1,1,pre_allocation
430,895,normal,0,0,65535_65535,0,2,276869,868,1,1,1,32,868,20,1,1,allocated
430,895,normal,0,0,65535_65535,0,3,221231,1147,0,1,0,31,0,24,1,1,pre_allocation
430,895,normal,0,0,65535_65535,0,3,221231,1185,1,1,1,32,1185,24,1,1,allocated
430,895,normal,0,0,65535_65535,0,4,449704,549,0,1,0,31,0,15,1,1,pre_allocation
430,895,normal,0,0,65535_65535,0,4,449704,567,1,1,1,32,567,15,1,1,allocated
430,895,normal,0,0,65535_65535,0,1,59285,1454,0,1,0,32,0,28,1,1,pre_allocation
430,895,normal,0,0,65535_65535,0,1,59285,1499,1,1,1,33,1499,28,1,1,allocated
430,895,normal,0,0,65535_65535,0,2,276869,868,0,1,0,32,0,20,1,1,pre_allocation
430,895,normal,0,0,65535_65535,0,2,276869,895,1,1,1,33,895,20,1,1,allocated
430,895,normal,0,0,65535_65535,0,3,221231,1185,0,1,0,32,0,24,1,1,pre_allocation
430,895,normal,0,0,65535_65535,0,3,221231,1222,1,1,1,33,1222,24,1,1,allocated
430,895,normal,0,0,65535_65535,0,4,449704,567,0,1,0,32,0,15,1,1,pre_allocation
430,895,normal,0,0,65535_65535,0,4,449704,585,1,1,1,33,585,15,1,1,allocated
430,895,normal,0,0,65535_65535,0,1,59285,1499,0,1,0,33,0,28,1,1,pre_allocation
430,895,normal,0,0,65535_65535,0,1,59285,1542,1,1,1,34,1542,28,1,1,allocated
430,895,normal,0,0,65535_65535,0,2,276869,895,0,1,0,33,0,20,1,1,pre_allocation
430,895,normal,0,0,65535_65535,0,2,276869,922,1,1,1,34,922,20,1,1,allocated
430,895,normal,0,0,65535_65535,0,3,221231,1222,0,1,0,33,0,24,1,1,pre_allocation
430,895,normal,0,0,65535_65535,0,3,221231,1259,1,1,1,34,1259,24,1,1,allocated
430,895,normal,0,0,65535_65535,0,4,449704,585,0,1,0,33,0,15,1,1,pre_allocation
430,895,normal,0,0,65535_65535,0,4,449704,602,1,1,1,34,602,15,1,1,allocated
430,895,normal,0,0,65535_65535,0,1,59285,1542,0,1,0,34,0,28,1,1,pre_allocation
430,895,normal,0,0,65535_65535,0,1,59285,1587,1,1,1,35,1587,28,1,1,allocated
430,895,normal,0,0,65535_65535,0,2,276869,922,0,1,0,34,0,20,1,1,pre_allocation
430,895,normal,0,0,65535_65535,0,2,276869,949,1,1,1,35,949,20,1,1,allocated
430,895,normal,0,0,65535_65535,0,3,221231,1259,0,1,0,34,0,24,1,1,pre_allocation
430,895,normal,0,0,65535_65535,0,3,221231,1296,1,1,1,35,1296,24,1,1,allocated
430,895,normal,0,0,65535_65535,0,4,449704,602,0,1,0,34,0,15,1,1,pre_allocation
430,895,normal,0,0,65535_65535,0,4,449704,620,1,1,1,35,620,15,1,1,allocated
430,895,normal,0,0,65535_65535,0,1,59285,1587,0,1,0,35,0,28,1,1,pre_allocation
430,895,normal,0,0,65535_65535,0,1,59285,1633,1,1,1,36,1633,28,1,1,allocated
430,895,normal,0,0,65535_65535,0,2,276869,949,0,1,0,35,0,20,1,1,pre_allocation
430,895,normal,0,0,65535_65535,0,2,276869,977,1,1,1,36,977,20,1,1,allocated
430,895,normal,0,0,65535_65535,0,3,221231,1296,0,1,0,35,0,24,1,1,pre_allocation
430,895,normal,0,0,65535_65535,0,3,221231,1333,1,1,1,36,1333,24,1,1,allocated
430,895,normal,0,0,65535_65535,0,4,449704,620,0,1,0,35,0,15,1,1,pre_allocation
430,895,normal,0,0,65535_65535,0,4,449704,638,1,1,1,36,638,15,1,1,allocated
430,895,normal,0,0,65535_65535,0,1,59285,1633,0,1,0,36,0,28,1,1,pre_allocation
430,895,normal,0,0,65535_65535,0,1,59285,1678,1,1,1,37,1678,28,1,1,allocated
430,895,normal,0,0,65535_65535,0,2,276869,977,0,1,0,36,0,20,1,1,pre_allocation
430,895,normal,0,0,65535_65535,0,2,276869,1004,1,1,1,37,1004,20,1,1,allocated
430,895,normal,0,0,65535_65535,0,3,221231,1333,0,1,0,36,0,24,1,1,pre_allocation
430,895,normal,0,0,65535_65535,0,3,221231,1370,1,1,1,37,1370,24,1,1,allocated
430,895,normal,0,0,65535_65535,0,4,449704,638,0,1,0,36,0,15,1,1,pre_allocation
430,895,normal,0,0,65535_65535,0,4,449704,656,1,1,1,37,656,15,1,1,allocated
430,895,normal,0,0,65535_65535,0,1,59285,1678,0,1,0,37,0,28,1,1,pre_allocation
430,895,normal,0,0,65535_65535,0,1,59285,1724,1,1,1,38,1724,28,1,1,allocated
430,895,normal,0,0,65535_65535,0,2,276869,1004,0,1,0,37,0,20,1,1,pre_allocation
430,895,normal,0,0,65535_65535,0,2,276869,1031,1,1,1,38,1031,20,1,1,allocated
430,895,normal,0,0,65535_65535,0,3,221231,1370,0,1,0,37,0,24,1,1,pre_allocation
430,895,normal,0,0,65535_65535,0,3,221231,1407,1,1,1,38,1407,24,1,1,allocated
430,895,normal,0,0,65535_65535,0,4,449704,656,0,1,0,37,0,15,1,1,pre_allocation
430,895,normal,0,0,65535_65535,0,4,449704,674,1,1,1,38,674,15,1,1,allocated
430,895,normal,0,0,65535_65535,0,1,59285,1724,0,1,0,38,0,28,1,1,pre_allocation
430,895,normal,0,0,65535_65535,0,1,59285,1770,1,1,1,39,1770,28,1,1,allocated
430,895,normal,0,0,65535_65535,0,2,276869,1031,0,1,0,38,0,20,1,1,pre_allocation
430,895,normal,0,0,65535_65535,0,2,276869,1058,1,1,1,39,1058,20,1,1,allocated
430,895,normal,0,0,65535_65535,0,3,221231,1407,0,1,0,38,0,24,1,1,pre_allocation
430,895,normal,0,0,65535_65535,0,3,221231,1444,1,1,1,39,1444,24,1,1,allocated
430,895,normal,0,0,65535_65535,0,4,449704,674,0,1,0,38,0,15,1,1,pre_allocation
430,895,normal,0,0,65535_65535,0,4,449704,691,1,1,1,39,691,15,1,1,allocated
430,895,normal,0,0,65535_65535,0,1,59285,1770,0,1,0,39,0,28,1,1,pre_allocation
430,895,normal,0,0,65535_65535,0,1,59285,1815,1,1,1,40,1815,28,1,1,allocated
430,895,normal,0,0,65535_65535,0,2,276869,1058,0,1,0,39,0,20,1,1,pre_allocation
430,895,normal,0,0,65535_65535,0,2,276869,1086,1,1,1,40,1086,20,1,1,allocated
430,895,normal,0,0,65535_65535,0,3,221231,1444,0,1,0,39,0,24,1,1,pre_allocation
430,895,normal,0,0,65535_65535,0,3,221231,1482,1,1,1,40,1482,24,1,1,allocated
430,895,normal,0,0,65535_65535,0,4,449704,691,0,1,0,39,0,15,1,1,pre_allocation
430,895,normal,0,0,65535_65535,0,4,449704,709,1,1,1,40,709,15,1,1,allocated
430,895,normal,0,0,65535_65535,0,1,59285,1815,0,1,0,40,0,28,1,1,pre_allocation
430,895,normal,0,0,65535_65535,0,1,59285,1861,1,1,1,41,1861,28,1,1,allocated
430,895,normal,0,0,65535_65535,0,2,276869,1086,0,1,0,40,0,20,1,1,pre_allocation
430,895,normal,0,0,65535_65535,0,2,276869,1113,1,1,1,41,1113,20,1,1,allocated
430,895,normal,0,0,65535_65535,0,3,221231,1482,0,1,0,40,0,24,1,1,pre_allocation
430,895,normal,0,0,65535_65535,0,3,221231,1519,1,1,1,41,1519,24,1,1,allocated
430,895,normal,0,0,65535_65535,0,4,449704,709,0,1,0,40,0,15,1,1,pre_allocation
430,895,normal,0,0,65535_65535,0,4,449704,727,1,1,1,41,727,15,1,1,allocated
430,895,normal,0,0,65535_65535,1,7,87,0,0,1,0,0,0,28,1,1,pre_allocation
430,895,normal,0,0,65535_65535,1,7,87,42,1,1,1,1,42,28,1,1,allocated
430,895,normal,0,0,65535_65535,1,9,415,0,0,1,0,0,0,15,1,1,pre_allocation
430,895,normal,0,0,65535_65535,1,9,415,14,1,1,1,1,14,15,1,1,allocated
430,895,normal,0,0,65535_65535,1,10,87,0,0,1,0,0,0,20,1,1,pre_allocation
430,895,normal,0,0,65535_65535,1,10,87,24,1,1,1,1,24,20,1,1,allocated
430,895,normal,0,0,65535_65535,1,7,87,42,0,1,0,1,0,28,1,1,pre_allocation
430,895,normal,0,0,65535_65535,1,7,87,88,1,1,1,2,88,28,1,1,allocated
430,895,normal,0,0,65535_65535,1,9,415,14,0,1,0,1,0,15,1,1,pre_allocation
430,895,normal,0,0,65535_65535,1,9,415,32,1,1,1,2,32,15,1,1,allocated
430,895,normal,0,0,65535_65535,1,10,87,24,0,1,0,1,0,20,1,1,pre_allocation
430,895,normal,0,0,65535_65535,1,10,87,51,1,1,1,2,51,20,1,1,allocated
430,895,normal,0,0,65535_65535,1,7,87,88,0,1,0,2,0,28,1,1,pre_allocation
430,895,normal,0,0,65535_65535,1,7,87,133,1,1,1,3,133,28,1,1,allocated
430,895,normal,0,0,65535_65535,1,9,415,32,0,1,0,2,0,15,1,1,pre_allocation
430,895,normal,0,0,65535_65535,1,9,415,50,1,1,1,3,50,15,1,1,allocated
430,895,normal,0,0,65535_65535,1,10,87,51,0,1,0,2,0,20,1,1,pre_allocation
430,895,normal,0,0,65535_65535,1,10,87,78,1,1,1,3,78,20,1,1,allocated
430,895,normal,0,0,65535_65535,1,7,87,133,0,1,0,3,0,28,1,1,pre_allocation
430,895,normal,0,0,65535_65535,1,7,87,179,1,1,1,4,179,28,1,1,allocated
430,895,normal,0,0,65535_65535,1,9,415,50,0,1,0,3,0,15,1,1,pre_allocation
430,895,normal,0,0,65535_65535,1,9,415,68,1,1,1,4,68,15,1,1,allocated
430,895,normal,0,0,65535_65535,1,10,87,78,0,1,0,3,0,20,1,1,pre_allocation
430,895,normal,0,0,65535_65535,1,10,87,105,1,1,1,4,105,20,1,1,allocated
430,895,normal,0,0,65535_65535,1,7,87,179,0,1,0,4,0,28,1,1,pre_allocation
430,895,normal,0,0,65535_65535,1,7,87,224,1,1,1,5,224,28,1,1,allocated
430,895,normal,0,0,65535_65535,1,9,415,68,0,1,0,4,0,15,1,1,pre_allocation
430,895,normal,0,0,65535_65535,1,9,415,86,1,1,1,5,86,15,1,1,allocated
430,895,normal,0,0,65535_65535,1,10,87,105,0,1,0,4,0,20,1,1,pre_allocation
430,895,normal,0,0,65535_65535,1,10,87,133,1,1,1,5,133,20,1,1,allocated
430,895,normal,0,0,65535_65535,1,7,87,224,0,1,0,5,0,28,1,1,pre_allocation
430,895,normal,0,0,65535_65535,1,7,87,270,1,1,1,6,270,28,1,1,allocated
430,895,normal,0,0,65535_65535,1,9,415,86,0,1,0,5,0,15,1,1,pre_allocation
430,895,normal,0,0,65535_65535,1,9,415,103,1,1,1,6,103,15,1,1,allocated
430,895,normal,0,0,65535_65535,1,10,87,133,0,1,0,5,0,20,1,1,pre_allocation
430,895,normal,0,0,65535_65535,1,10,87,160,1,1,1,6,160,20,1,1,allocated
430,895,normal,0,0,65535_65535,1,7,87,270,0,1,0,6,0,28,1,1,pre_allocation
430,895,normal,0,0,65535_65535,1,7,87,315,1,1,1,7,315,28,1,1,allocated
430,895,normal,0,0,65535_65535,1,9,415,103,0,1,0,6,0,15,1,1,pre_allocation
430,895,normal,0,0,65535_65535,1,9,415,121,1,1,1,7,121,15,1,1,allocated
430,895,normal,0,0,65535_65535,1,10,87,160,0,1,0,6,0,20,1,1,pre_allocation
430,895,normal,0,0,65535_65535,1,10,87,187,1,1,1,7,187,20,1,1,allocated
430,895,normal,0,0,65535_65535,1,7,87,315,0,1,0,7,0,28,1,1,pre_allocation
430,895,normal,0,0,65535_65535,1,7,87,361,1,1,1,8,361,28,1,1,allocated
430,895,normal,0,0,65535_65535,1,9,415,121,0,1,0,7,0,15,1,1,pre_allocation
430,895,normal,0,0,65535_65535,1,9,415,139,1,1,1,8,139,15,1,1,allocated
430,895,normal,0,0,65535_65535,1,10,87,187,0,1,0,7,0,20,1,1,pre_allocation
430,895,normal,0,0,65535_65535,1,10,87,214,1,1,1,8,214,20,1,1,allocated
430,895,normal,0,0,65535_65535,1,7,87,361,0,1,0,8,0,28,1,1,pre_allocation
430,895,normal,0,0,65535_65535,1,7,87,406,1,1,1,9,406,28,1,1,allocated
430,895,normal,0,0,65535_65535,1,9,415,139,0,1,0,8,0,15,1,1,pre_allocation
430,895,normal,0,0,65535_65535,1,9,415,157,1,1,1,9,157,15,1,1,allocated
430,895,normal,0,0,65535_65535,1,10,87,214,0,1,0,8,0,20,1,1,pre_allocation
430,895,normal,0,0,65535_65535,1,10,87,242,1,1,1,9,242,20,1,1,allocated
430,895,normal,0,0,65535_65535,1,7,87,406,0,1,0,9,0,28,1,1,pre_allocation
430,895,normal,0,0,65535_65535,1,7,87,452,1,1,1,10,452,28,1,1,allocated
430,895,normal,0,0,65535_65535,1,9,415,157,0,1,0,9,0,15,1,1,pre_allocation
430,895,normal,0,0,65535_65535,1,9,415,175,1,1,1,10,175,15,1,1,allocated
430,895,normal,0,0,65535_65535,1,10,87,242,0,1,0,9,0,20,1,1,pre_allocation
430,895,normal,0,0,65535_65535,1,10,87,269,1,1,1,10,269,20,1,1,allocated
430,895,normal,0,0,65535_65535,1,7,87,452,0,1,0,10,0,28,1,1,pre_allocation
430,895,normal,0,0,65535_65535,1,7,87,497,1,1,1,11,497,28,1,1,allocated
430,895,normal,0,0,65535_65535,1,9,415,175,0,1,0,10,0,15,1,1,pre_allocation
430,895,normal,0,0,65535_65535,1,9,415,193,1,1,1,11,193,15,1,1,allocated
430,895,normal,0,0,65535_65535,1,10,87,269,0,1,0,10,0,20,1,1,pre_allocation
430,895,normal,0,0,65535_65535,1,10,87,296,1,1,1,11,296,20,1,1,allocated
430,895,normal,0,0,65535_65535,1,7,87,497,0,1,0,11,0,28,1,1,pre_allocation
430,895,normal,0,0,65535_65535,1,7,87,543,1,1,1,12,543,28,1,1,allocated
430,895,normal,0,0,65535_65535,1,9,415,193,0,1,0,11,0,15,1,1,pre_allocation
430,895,normal,0,0,65535_65535,1,9,415,210,1,1,1,12,210,15,1,1,allocated
430,895,normal,0,0,65535_65535,1,10,87,296,0,1,0,11,0,20,1,1,pre_allocation
430,895,normal,0,0,65535_65535,1,10,87,323,1,1,1,12,323,20,1,1,allocated
430,895,normal,0,0,65535_65535,1,7,87,543,0,1,0,12,0,28,1,1,pre_allocation
430,895,normal,0,0,65535_65535,1,7,87,589,1,1,1,13,589,28,1,1,allocated
430,895,normal,0,0,65535_65535,1,9,415,210,0,1,0,12,0,15,1,1,pre_allocation
430,895,normal,0,0,65535_65535,1,9,415,228,1,1,1,13,228,15,1,1,allocated
430,895,normal,0,0,65535_65535,1,10,87,323,0,1,0,12,0,20,1,1,pre_allocation
430,895,normal,0,0,65535_65535,1,10,87,350,1,1,1,13,350,20,1,1,allocated
430,895,normal,0,0,65535_65535,1,7,87,589,0,1,0,13,0,28,1,1,pre_allocation
430,895,normal,0,0,65535_65535,1,7,87,634,1,1,1,14,634,28,1,1,allocated
430,895,normal,0,0,65535_65535,1,9,415,228,0,1,0,13,0,15,1,1,pre_allocation
430,895,normal,0,0,65535_65535,1,9,415,246,1,1,1,14,246,15,1,1,allocated
430,895,normal,0,0,65535_65535,1,10,87,350,0,1,0,13,0,20,1,1,pre_allocation
430,895,normal,0,0,65535_65535,1,10,87,378,1,1,1,14,378,20,1,1,allocated
430,895,normal,0,0,65535_65535,1,7,87,634,0,1,0,14,0,28,1,1,pre_allocation
430,895,normal,0,0,65535_65535,1,7,87,680,1,1,1,15,680,28,1,1,allocated
430,895,normal,0,0,65535_65535,1,9,415,246,0,1,0,14,0,15,1,1,pre_allocation
430,895,normal,0,0,65535_65535,1,9,415,264,1,1,1,15,264,15,1,1,allocated
430,895,normal,0,0,65535_65535,1,10,87,378,0,1,0,14,0,20,1,1,pre_allocation
430,895,normal,0,0,65535_65535,1,10,87,405,1,1,1,15,405,20,1,1,allocated
430,895,normal,0,0,65535_65535,1,7,87,680,0,1,0,15,0,28,1,1,pre_allocation
430,895,normal,0,0,65535_65535,1,7,87,725,1,1,1,16,725,28,1,1,allocated
430,895,normal,0,0,65535_65535,1,9,415,264,0,1,0,15,0,15,1,1,pre_allocation
430,895,normal,0,0,65535_65535,1,9,415,282,1,1,1,16,282,15,1,1,allocated
430,895,normal,0,0,65535_65535,1,10,87,405,0,1,0,15,0,20,1,1,pre_allocation
430,895,normal,0,0,65535_65535,1,10,87,432,1,1,1,16,432,20,1,1,allocated
430,895,normal,0,0,65535_65535,1,7,87,725,0,1,0,16,0,28,1,1,pre_allocation
430,895,normal,0,0,65535_65535,1,7,87,771,1,1,1,17,771,28,1,1,allocated
430,895,normal,0,0,65535_65535,1,9,415,282,0,1,0,16,0,15,1,1,pre_allocation
430,895,normal,0,0,65535_65535,1,9,415,299,1,1,1,17,299,15,1,1,allocated
430,895,normal,0,0,65535_65535,1,10,87,432,0,1,0,16,0,20,1,1,pre_allocation
430,895,normal,0,0,65535_65535,1,10,87,459,1,1,1,17,459,20,1,1,allocated
430,895,normal,0,0,65535_65535,1,7,87,771,0,1,0,17,0,28,1,1,pre_allocation
430,895,normal,0,0,65535_65535,1,7,87,816,1,1,1,18,816,28,1,1,allocated
430,895,normal,0,0,65535_65535,1,9,415,299,0,1,0,17,0,15,1,1,pre_allocation
430,895,normal,0,0,65535_65535,1,9,415,317,1,1,1,18,317,15,1,1,allocated
430,895,normal,0,0,65535_65535,1,10,87,459,0,1,0,17,0,20,1,1,pre_allocation
430,895,normal,0,0,65535_65535,1,10,87,487,1,1,1,18,487,20,1,1,allocated
430,895,normal,0,0,65535_65535,1,7,87,816,0,1,0,18,0,28,1,1,pre_allocation
430,895,normal,0,0,65535_65535,1,7,87,862,1,1,1,19,862,28,1,1,allocated
430,895,normal,0,0,65535_65535,1,9,415,317,0,1,0,18,0,15,1,1,pre_allocation
430,895,normal,0,0,65535_65535,1,9,415,335,1,1,1,19,335,15,1,1,allocated
430,895,normal,0,0,65535_65535,1,10,87,487,0,1,0,18,0,20,1,1,pre_allocation
430,895,normal,0,0,65535_65535,1,10,87,514,1,1,1,19,514,20,1,1,allocated
430,895,normal,0,0,65535_65535,1,7,87,862,0,1,0,19,0,28,1,1,pre_allocation
430,895,normal,0,0,65535_65535,1,7,87,907,1,1,1,20,907,28,1,1,allocated
430,895,normal,0,0,65535_65535,1,9,415,335,0,1,0,19,0,15,1,1,pre_allocation
430,895,normal,0,0,65535_65535,1,9,415,353,1,1,1,20,353,15,1,1,allocated
430,895,normal,0,0,65535_65535,1,10,87,514,0,1,0,19,0,20,1,1,pre_allocation
430,895,normal,0,0,65535_65535,1,10,87,541,1,1,1,20,541,20,1,1,allocated
430,895,normal,0,0,65535_65535,1,7,87,907,0,1,0,20,0,28,1,1,pre_allocation
430,895,normal,0,0,65535_65535,1,7,87,953,1,1,1,21,953,28,1,1,allocated
430,895,normal,0,0,65535_65535,1,9,415,353,0,1,0,20,0,15,1,1,pre_allocation
430,895,normal,0,0,65535_65535,1,9,415,371,1,1,1,21,371,15,1,1,allocated
430,895,normal,0,0,65535_65535,1,10,87,541,0,1,0,20,0,20,1,1,pre_allocation
430,895,normal,0,0,65535_65535,1,10,87,568,1,1,1,21,568,20,1,1,allocated
430,895,normal,0,0,65535_65535,1,7,87,953,0,1,0,21,0,28,1,1,pre_allocation
430,895,normal,0,0,65535_65535,1,7,87,998,1,1,1,22,998,28,1,1,allocated
430,895,normal,0,0,65535_65535,1,9,415,371,0,1,0,21,0,15,1,1,pre_allocation
430,895,normal,0,0,65535_65535,1,9,415,389,1,1,1,22,389,15,1,1,allocated
430,895,normal,0,0,65535_65535,1,10,87,568,0,1,0,21,0,20,1,1,pre_allocation
430,895,normal,0,0,65535_65535,1,10,87,595,1,1,1,22,595,20,1,1,allocated
430,895,normal,0,0,65535_65535,1,7,87,998,0,1,0,22,0,28,1,1,pre_allocation
430,895,normal,0,0,65535_65535,1,7,87,1044,1,1,1,23,1044,28,1,1,allocated
430,895,normal,0,0,65535_65535,2,27,137,0,0,1,0,0,0,18,1,1,pre_allocation
430,895,normal,0,0,65535_65535,2,27,137,19,1,1,1,1,19,18,1,1,allocated
430,895,normal,0,0,65535_65535,2,26,137,0,0,1,0,0,0,28,1,1,pre_allocation
430,895,normal,0,0,65535_65535,2,26,137,42,1,1,1,1,42,28,1,1,allocated
430,895,normal,0,0,65535_65535,2,24,137,0,0,1,0,0,0,15,1,1,pre_allocation
430,895,normal,0,0,65535_65535,2,24,137,14,1,1,1,1,14,15,1,1,allocated
430,895,normal,0,0,65535_65535,2,23,137,0,0,1,0,0,0,28,1,1,pre_allocation
430,895,normal,0,0,65535_65535,2,23,137,42,1,1,1,1,42,28,1,1,allocated
430,895,normal,0,0,65535_65535,2,22,137,0,0,1,0,0,0,26,1,1,pre_allocation
430,895,normal,0,0,65535_65535,2,22,137,39,1,1,1,1,39,26,1,1,allocated
430,895,normal,0,0,65535_65535,2,11,137,0,0,1,0,0,0,4,1,1,pre_allocation
430,895,normal,0,0,65535_65535,2,11,137,0,1,1,1,1,0,4,1,1,allocated
430,895,normal,0,0,65535_65535,2,12,137,0,0,1,0,0,0,15,1,1,pre_allocation
430,895,normal,0,0,65535_65535,2,12,137,14,1,1,1,1,14,15,1,1,allocated
430,895,normal,0,0,65535_65535,2,13,137,0,0,1,0,0,0,28,1,1,pre_allocation
430,895,normal,0,0,65535_65535,2,13,137,42,1,1,1,1,42,28,1,1,allocated
430,895,normal,0,0,65535_65535,2,27,137,19,0,1,0,1,0,18,1,1,pre_allocation
430,895,normal,0,0,65535_65535,2,27,137,41,1,1,1,2,41,18,1,1,allocated
430,895,normal,0,0,65535_65535,2,26,137,42,0,1,0,1,0,28,1,1,pre_allocation
430,895,normal,0,0,65535_65535,2,26,137,88,1,1,1,2,88,28,1,1,allocated
430,895,normal,0,0,65535_65535,2,24,137,14,0,1,0,1,0,15,1,1,pre_allocation
430,895,normal,0,0,65535_65535,2,24,137,32,1,1,1,2,32,15,1,1,allocated
430,895,normal,0,0,65535_65535,2,23,137,42,0,1,0,1,0,28,1,1,pre_allocation
430,895,normal,0,0,65535_65535,2,23,137,88,1,1,1,2,88,28,1,1,allocated
430,895,normal,0,0,65535_65535,2,22,137,39,0,1,0,1,0,26,1,1,pre_allocation
430,895,normal,0,0,65535_65535,2,22,137,81,1,1,1,2,81,26,1,1,allocated
430,895,normal,0,0,65535_65535,2,11,137,0,0,1,0,1,0,4,1,1,pre_allocation
430,895,normal,0,0,65535_65535,2,11,137,3,1,1,1,2,3,4,1,1,allocated
430,895,normal,0,0,65535_65535,2,12,137,14,0,1,0,1,0,15,1,1,pre_allocation
430,895,normal,0,0,65535_65535,2,12,137,32,1,1,1,2,32,15,1,1,allocated
430,895,normal,0,0,65535_65535,2,13,137,42,0,1,0,1,0,28,1,1,pre_allocation
430,895,normal,0,0,65535_65535,2,13,137,88,1,1,1,2,88,28,1,1,allocated
430,895,normal,0,0,65535_65535,2,27,137,41,0,1,0,2,0,18,1,1,pre_allocation
430,895,normal,0,0,65535_65535,2,27,137,63,1,1,1,3,63,18,1,1,allocated
430,895,normal,0,0,65535_65535,2,26,137,88,0,1,0,2,0,28,1,1,pre_allocation
430,895,normal,0,0,65535_65535,2,26,137,133,1,1,1,3,133,28,1,1,allocated
430,895,normal,0,0,65535_65535,2,24,137,32,0,1,0,2,0,15,1,1,pre_allocation
430,895,normal,0,0,65535_65535,2,24,137,50,1,1,1,3,50,15,1,1,allocated
430,895,normal,0,0,65535_65535,2,23,137,88,0,1,0,2,0,28,1,1,pre_allocation
430,895,normal,0,0,65535_65535,2,23,137,133,1,1,1,3,133,28,1,1,allocated
430,895,normal,0,0,65535_65535,2,22,137,81,0,1,0,2,0,26,1,1,pre_allocation
430,895,normal,0,0,65535_65535,2,22,137,123,1,1,1,3,123,26,1,1,allocated
430,895,normal,0,0,65535_65535,2,11,137,3,0,1,0,2,0,4,1,1,pre_allocation
430,895,normal,0,0,65535_65535,2,11,137,6,1,1,1,3,6,4,1,1,allocated
430,895,normal,0,0,65535_65535,2,12,137,32,0,1,0,2,0,15,1,1,pre_allocation
430,895,normal,0,0,65535_65535,2,12,137,50,1,1,1,3,50,15,1,1,allocated
430,895,normal,0,0,65535_65535,2,13,137,88,0,1,0,2,0,28,1,1,pre_allocation
430,895,normal,0,0,65535_65535,2,13,137,133,1,1,1,3,133,28,1,1,allocated
430,895,normal,0,0,65535_65535,2,27,137,63,0,1,0,3,0,18,1,1,pre_allocation
430,895,normal,0,0,65535_65535,2,27,137,86,1,1,1,4,86,18,1,1,allocated
430,895,normal,0,0,65535_65535,2,26,137,133,0,1,0,3,0,28,1,1,pre_allocation
430,895,normal,0,0,65535_65535,2,26,137,179,1,1,1,4,179,28,1,1,allocated
430,895,normal,0,0,65535_65535,2,24,137,50,0,1,0,3,0,15,1,1,pre_allocation
430,895,normal,0,0,65535_65535,2,24,137,68,1,1,1,4,68,15,1,1,allocated
430,895,normal,0,0,65535_65535,2,23,137,133,0,1,0,3,0,28,1,1,pre_allocation
430,895,normal,0,0,65535_65535,2,23,137,179,1,1,1,4,179,28,1,1,allocated
430,895,normal,0,0,65535_65535,2,22,137,123,0,1,0,3,0,26,1,1,pre_allocation
430,895,normal,0,0,65535_65535,2,22,137,165,1,1,1,4,165,26,1,1,allocated
430,895,normal,0,0,65535_65535,2,11,137,6,0,1,0,3,0,4,1,1,pre_allocation
430,895,normal,0,0,65535_65535,2,11,137,9,1,1,1,4,9,4,1,1,allocated
430,895,normal,0,0,65535_65535,2,12,137,50,0,1,0,3,0,15,1,1,pre_allocation
430,895,normal,0,0,65535_65535,2,12,137,68,1,1,1,4,68,15,1,1,allocated
430,895,normal,0,0,65535_65535,2,13,137,133,0,1,0,3,0,28,1,1,pre_allocation
430,895,normal,0,0,65535_65535,2,13,137,179,1,1,1,4,179,28,1,1,allocated
430,895,normal,0,0,65535_65535,2,27,137,86,0,1,0,4,0,18,1,1,pre_allocation
430,895,normal,0,0,65535_65535,2,27,137,108,1,1,1,5,108,18,1,1,allocated
430,895,normal,0,0,65535_65535,2,26,137,179,0,1,0,4,0,28,1,1,pre_allocation
430,895,normal,0,0,65535_65535,2,26,137,224,1,1,1,5,224,28,1,1,allocated
430,895,normal,0,0,65535_65535,2,24,137,68,0,1,0,4,0,15,1,1,pre_allocation
430,895,normal,0,0,65535_65535,2,24,137,86,1,1,1,5,86,15,1,1,allocated
542,993,normal,0,0,65535_65535,0,1,3069,0,0,1,0,0,0,28,1,1,pre_allocation
542,993,normal,0,0,65535_65535,0,1,3069,42,1,1,1,1,42,28,1,1,allocated
542,993,normal,0,0,65535_65535,0,2,289702,0,0,1,0,0,0,22,1,1,pre_allocation
542,993,normal,0,0,65535_65535,0,2,289702,29,1,1,1,1,29,22,1,1,allocated
542,993,normal,0,0,65535_65535,0,3,189076,0,0,1,0,0,0,26,1,1,pre_allocation
542,993,normal,0,0,65535_65535,0,3,189076,39,1,1,1,1,39,26,1,1,allocated
542,993,normal,0,0,65535_65535,0,4,532652,0,0,1,0,0,0,15,1,1,pre_allocation
542,993,normal,0,0,65535_65535,0,4,532652,14,1,1,1,1,14,15,1,1,allocated
542,993,normal,0,0,65535_65535,0,5,833486,0,0,1,0,0,0,15,1,1,pre_allocation
542,993,normal,0,0,65535_65535,0,5,833486,14,1,1,1,1,14,15,1,1,allocated
542,993,normal,0,0,65535_65535,0,1,3069,42,0,1,0,1,0,28,1,1,pre_allocation
542,993,normal,0,0,65535_65535,0,1,3069,88,1,1,1,2,88,28,1,1,allocated
542,993,normal,0,0,65535_65535,0,2,289702,29,0,1,0,1,0,22,1,1,pre_allocation
542,993,normal,0,0,65535_65535,0,2,289702,61,1,1,1,2,61,22,1,1,allocated
542,993,normal,0,0,65535_65535,0,3,189076,39,0,1,0,1,0,26,1,1,pre_allocation
542,993,normal,0,0,65535_65535,0,3,189076,81,1,1,1,2,81,26,1,1,allocated
542,993,normal,0,0,65535_65535,0,4,532652,14,0,1,0,1,0,15,1,1,pre_allocation
542,993,normal,0,0,65535_65535,0,4,532652,32,1,1,1,2,32,15,1,1,allocated
542,993,normal,0,0,65535_65535,0,5,833486,14,0,1,0,1,0,15,1,1,pre_allocation
542,993,normal,0,0,65535_65535,0,5,833486,32,1,1,1,2,32,15,1,1,allocated
542,993,normal,0,0,65535_65535,0,1,3069,88,0,1,0,2,0,28,1,1,pre_allocation
542,993,normal,0,0,65535_65535,0,1,3069,133,1,1,1,3,133,28,1,1,allocated
542,993,normal,0,0,65535_65535,0,2,289702,61,0,1,0,2,0,22,1,1,pre_allocation
542,993,normal,0,0,65535_65535,0,2,289702,93,1,1,1,3,93,22,1,1,allocated
542,993,normal,0,0,65535_65535,0,3,189076,81,0,1,0,2,0,26,1,1,pre_allocation
542,993,normal,0,0,65535_65535,0,3,189076,123,1,1,1,3,123,26,1,1,allocated
542,993,normal,0,0,65535_65535,0,4,532652,32,0,1,0,2,0,15,1,1,pre_allocation
542,993,normal,0,0,65535_65535,0,4,532652,50,1,1,1,3,50,15,1,1,allocated
542,993,normal,0,0,65535_65535,0,5,833486,32,0,1,0,2,0,15,1,1,pre_allocation
542,993,normal,0,0,65535_65535,0,5,833486,50,1,1,1,3,50,15,1,1,allocated
542,993,normal,0,0,65535_65535,0,1,3069,133,0,1,0,3,0,28,1,1,pre_allocation
542,993,normal,0,0,65535_65535,0,1,3069,179,1,1,1,4,179,28,1,1,allocated
542,993,normal,0,0,65535_65535,0,2,289702,93,0,1,0,3,0,22,1,1,pre_allocation
542,993,normal,0,0,65535_65535,0,2,289702,125,1,1,1,4,125,22,1,1,allocated
542,993,normal,0,0,65535_65535,0,3,189076,123,0,1,0,3,0,26,1,1,pre_allocation
542,993,normal,0,0,65535_65535,0,3,189076,165,1,1,1,4,165,26,1,1,allocated
542,993,normal,0,0,65535_65535,0,4,532652,50,0,1,0,3,0,15,1,1,pre_allocation
542,993,normal,0,0,65535_65535,0,4,532652,68,1,1,1,4,68,15,1,1,allocated
542,993,normal,0,0,65535_65535,0,5,833486,50,0,1,0,3,0,15,1,1,pre_allocation
542,993,normal,0,0,65535_65535,0,5,833486,68,1,1,1,4,68,15,1,1,allocated
542,993,normal,0,0,65535_65535,0,1,3069,179,0,1,0,4,0,28,1,1,pre_allocation
542,993,normal,0,0,65535_65535,0,1,3069,224,1,1,1,5,224,28,1,1,allocated
542,993,normal,0,0,65535_65535,0,2,289702,125,0,1,0,4,0,22,1,1,pre_allocation
542,993,normal,0,0,65535_65535,0,2,289702,157,1,1,1,5,157,22,1,1,allocated
542,993,normal,0,0,65535_65535,0,3,189076,165,0,1,0,4,0,26,1,1,pre_allocation
542,993,normal,0,0,65535_65535,0,3,189076,207,1,1,1,5,207,26,1,1,allocated
542,993,normal,0,0,65535_65535,0,4,532652,68,0,1,0,4,0,15,1,1,pre_allocation
542,993,normal,0,0,65535_65535,0,4,532652,86,1,1,1,5,86,15,1,1,allocated
542,993,normal,0,0,65535_65535,0,5,833486,68,0,1,0,4,0,15,1,1,pre_allocation
542,993,normal,0,0,65535_65535,0,5,833486,86,1,1,1,5,86,15,1,1,allocated
542,993,normal,0,0,65535_65535,0,1,3069,224,0,1,0,5,0,28,1,1,pre_allocation
542,993,normal,0,0,65535_65535,0,1,3069,270,1,1,1,6,270,28,1,1,allocated
542,993,normal,0,0,65535_65535,0,2,289702,157,0,1,0,5,0,22,1,1,pre_allocation
542,993,normal,0,0,65535_65535,0,2,289702,190,1,1,1,6,190,22,1,1,allocated
542,993,normal,0,0,65535_65535,0,3,189076,207,0,1,0,5,0,26,1,1,pre_allocation
542,993,normal,0,0,65535_65535,0,3,189076,249,1,1,1,6,249,26,1,1,allocated
542,993,normal,0,0,65535_65535,0,4,532652,86,0,1,0,5,0,15,1,1,pre_allocation
542,993,normal,0,0,65535_65535,0,4,532652,103,1,1,1,6,103,15,1,1,allocated
542,993,normal,0,0,65535_65535,0,5,833486,86,0,1,0,5,0,15,1,1,pre_allocation
542,993,normal,0,0,65535_65535,0,5,833486,103,1,1,1,6,103,15,1,1,allocated
542,993,normal,0,0,65535_65535,0,1,3069,270,0,1,0,6,0,28,1,1,pre_allocation
542,993,normal,0,0,65535_65535,0,1,3069,315,1,1,1,7,315,28,1,1,allocated
542,993,normal,0,0,65535_65535,0,2,289702,190,0,1,0,6,0,22,1,1,pre_allocation
542,993,normal,0,0,65535_65535,0,2,289702,222,1,1,1,7,222,22,1,1,allocated
542,993,normal,0,0,65535_65535,0,3,189076,249,0,1,0,6,0,26,1,1,pre_allocation
542,993,normal,0,0,65535_65535,0,3,189076,291,1,1,1,7,291,26,1,1,allocated
542,993,normal,0,0,65535_65535,0,4,532652,103,0,1,0,6,0,15,1,1,pre_allocation
542,993,normal,0,0,65535_65535,0,4,532652,121,1,1,1,7,121,15,1,1,allocated
542,993,normal,0,0,65535_65535,0,5,833486,103,0,1,0,6,0,15,1,1,pre_allocation
542,993,normal,0,0,65535_65535,0,5,833486,121,1,1,1,7,121,15,1,1,allocated
542,993,normal,0,0,65535_65535,0,1,3069,315,0,1,0,7,0,28,1,1,pre_allocation
542,993,normal,0,0,65535_65535,0,1,3069,361,1,1,1,8,361,28,1,1,allocated
542,993,normal,0,0,65535_65535,0,2,289702,222,0,1,0,7,0,22,1,1,pre_allocation
542,993,normal,0,0,65535_65535,0,2,289702,254,1,1,1,8,254,22,1,1,allocated
542,993,normal,0,0,65535_65535,0,3,189076,291,0,1,0,7,0,26,1,1,pre_allocation
542,993,normal,0,0,65535_65535,0,3,189076,333,1,1,1,8,333,26,1,1,allocated
542,993,normal,0,0,65535_65535,0,4,532652,121,0,1,0,7,0,15,1,1,pre_allocation
542,993,normal,0,0,65535_65535,0,4,532652,139,1,1,1,8,139,15,1,1,allocated
542,993,normal,0,0,65535_65535,0,5,833486,121,0,1,0,7,0,15,1,1,pre_allocation
542,993,normal,0,0,65535_65535,0,5,833486,139,1,1,1,8,139,15,1,1,allocated
542,993,normal,0,0,65535_65535,0,1,3069,361,0,1,0,8,0,28,1,1,pre_allocation
542,993,normal,0,0,65535_65535,0,1,3069,406,1,1,1,9,406,28,1,1,allocated
542,993,normal,0,0,65535_65535,0,2,289702,254,0,1,0,8,0,22,1,1,pre_allocation
542,993,normal,0,0,65535_65535,0,2,289702,286,1,1,1,9,286,22,1,1,allocated
542,993,normal,0,0,65535_65535,0,3,189076,333,0,1,0,8,0,26,1,1,pre_allocation
542,993,normal,0,0,65535_65535,0,3,189076,375,1,1,1,9,375,26,1,1,allocated
542,993,normal,0,0,65535_65535,0,4,532652,139,0,1,0,8,0,15,1,1,pre_allocation
542,993,normal,0,0,65535_65535,0,4,532652,157,1,1,1,9,157,15,1,1,allocated
542,993,normal,0,0,65535_65535,0,5,833486,139,0,1,0,8,0,15,1,1,pre_allocation
542,993,normal,0,0,65535_65535,0,5,833486,157,1,1,1,9,157,15,1,1,allocated
542,993,normal,0,0,65535_65535,0,1,3069,406,0,1,0,9,0,28,1,1,pre_allocation
542,993,normal,0,0,65535_65535,0,1,3069,452,1,1,1,10,452,28,1,1,allocated
542,993,normal,0,0,65535_65535,0,2,289702,286,0,1,0,9,0,22,1,1,pre_allocation
542,993,normal,0,0,65535_65535,0,2,289702,318,1,1,1,10,318,22,1,1,allocated
542,993,normal,0,0,65535_65535,0,3,189076,375,0,1,0,9,0,26,1,1,pre_allocation
542,993,normal,0,0,65535_65535,0,3,189076,417,1,1,1,10,417,26,1,1,allocated
542,993,normal,0,0,65535_65535,0,4,532652,157,0,1,0,9,0,15,1,1,pre_allocation
542,993,normal,0,0,65535_65535,0,4,532652,175,1,1,1,10,175,15,1,1,allocated
542,993,normal,0,0,65535_65535,0,5,833486,157,0,1,0,9,0,15,1,1,pre_allocation
542,993,normal,0,0,65535_65535,0,5,833486,175,1,1,1,10,175,15,1,1,allocated
542,993,normal,0,0,65535_65535,0,1,3069,452,0,1,0,10,0,28,1,1,pre_allocation
542,993,normal,0,0,65535_65535,0,1,3069,497,1,1,1,11,497,28,1,1,allocated
542,993,normal,0,0,65535_65535,0,2,289702,318,0,1,0,10,0,22,1,1,pre_allocation
542,993,normal,0,0,65535_65535,0,2,289702,350,1,1,1,11,350,22,1,1,allocated
542,993,normal,0,0,65535_65535,0,3,189076,417,0,1,0,10,0,26,1,1,pre_allocation
542,993,normal,0,0,65535_65535,0,3,189076,459,1,1,1,11,459,26,1,1,allocated
542,993,normal,0,0,65535_65535,0,4,532652,175,0,1,0,10,0,15,1,1,pre_allocation
542,993,normal,0,0,65535_65535,0,4,532652,193,1,1,1,11,193,15,1,1,allocated
542,993,normal,0,0,65535_65535,0,5,833486,175,0,1,0,10,0,15,1,1,pre_allocation
542,993,normal,0,0,65535_65535,0,5,833486,193,1,1,1,11,193,15,1,1,allocated
542,993,normal,0,0,65535_65535,0,1,3069,497,0,1,0,11,0,28,1,1,pre_allocation
542,993,normal,0,0,65535_65535,0,1,3069,543,1,1,1,12,543,28,1,1,allocated
542,993,normal,0,0,65535_65535,0,2,289702,350,0,1,0,11,0,22,1,1,pre_allocation
542,993,normal,0,0,65535_65535,0,2,289702,383,1,1,1,12,383,22,1,1,allocated
542,993,normal,0,0,65535_65535,0,3,189076,459,0,1,0,11,0,26,1,1,pre_allocation
542,993,normal,0,0,65535_65535,0,3,189076,501,1,1,1,12,501,26,1,1,allocated
542,993,normal,0,0,65535_65535,0,4,532652,193,0,1,0,11,0,15,1,1,pre_allocation
542,993,normal,0,0,65535_65535,0,4,532652,210,1,1,1,12,210,15,1,1,allocated
542,993,normal,0,0,65535_65535,0,5,833486,193,0,1,0,11,0,15,1,1,pre_allocation
542,993,normal,0,0,65535_65535,0,5,833486,210,1,1,1,12,210,15,1,1,allocated
542,993,normal,0,0,65535_65535,0,1,3069,543,0,1,0,12,0,28,1,1,pre_allocation
542,993,normal,0,0,65535_65535,0,1,3069,589,1,1,1,13,589,28,1,1,allocated
542,993,normal,0,0,65535_65535,0,2,289702,383,0,1,0,12,0,22,1,1,pre_allocation
542,993,normal,0,0,65535_65535,0,2,289702,415,1,1,1,13,415,22,1,1,allocated
542,993,normal,0,0,65535_65535,0,3,189076,501,0,1,0,12,0,26,1,1,pre_allocation
542,993,normal,0,0,65535_65535,0,3,189076,543,1,1,1,13,543,26,1,1,allocated
542,993,normal,0,0,65535_65535,0,4,532652,210,0,1,0,12,0,15,1,1,pre_allocation
542,993,normal,0,0,65535_65535,0,4,532652,228,1,1,1,13,228,15,1,1,allocated
542,993,normal,0,0,65535_65535,0,5,833486,210,0,1,0,12,0,15,1,1,pre_allocation
542,993,normal,0,0,65535_65535,0,5,833486,228,1,1,1,13,228,15,1,1,allocated
542,993,normal,0,0,65535_65535,0,1,3069,589,0,1,0,13,0,28,1,1,pre_allocation
542,993,normal,0,0,65535_65535,0,1,3069,634,1,1,1,14,634,28,1,1,allocated
542,993,normal,0,0,65535_65535,0,2,289702,415,0,1,0,13,0,22,1,1,pre_allocation
542,993,normal,0,0,65535_65535,0,2,289702,447,1,1,1,14,447,22,1,1,allocated
542,993,normal,0,0,65535_65535,0,3,189076,543,0,1,0,13,0,26,1,1,pre_allocation
542,993,normal,0,0,65535_65535,0,3,189076,586,1,1,1,14,586,26,1,1,allocated
542,993,normal,0,0,65535_65535,0,4,532652,228,0,1,0,13,0,15,1,1,pre_allocation
542,993,normal,0,0,65535_65535,0,4,532652,246,1,1,1,14,246,15,1,1,allocated
542,993,normal,0,0,65535_65535,0,5,833486,228,0,1,0,13,0,15,1,1,pre_allocation
542,993,normal,0,0,65535_65535,0,5,833486,246,1,1,1,14,246,15,1,1,allocated
542,993,normal,0,0,65535_65535,0,1,3069,634,0,1,0,14,0,28,1,1,pre_allocation
542,993,normal,0,0,65535_65535,0,1,3069,680,1,1,1,15,680,28,1,1,allocated
542,993,normal,0,0,65535_65535,0,2,289702,447,0,1,0,14,0,22,1,1,pre_allocation
542,993,normal,0,0,65535_65535,0,2,289702,479,1,1,1,15,479,22,1,1,allocated
542,993,normal,0,0,65535_65535,0,3,189076,586,0,1,0,14,0,26,1,1,pre_allocation
542,993,normal,0,0,65535_65535,0,3,189076,628,1,1,1,15,628,26,1,1,allocated
542,993,normal,0,0,65535_65535,0,4,532652,246,0,1,0,14,0,15,1,1,pre_allocation
542,993,normal,0,0,65535_65535,0,4,532652,264,1,1,1,15,264,15,1,1,allocated
542,993,normal,0,0,65535_65535,0,5,833486,246,0,1,0,14,0,15,1,1,pre_allocation
542,993,normal,0,0,65535_65535,0,5,833486,264,1,1,1,15,264,15,1,1,allocated
542,993,normal,0,0,65535_65535,0,1,3069,680,0,1,0,15,0,28,1,1,pre_allocation
542,993,normal,0,0,65535_65535,0,1,3069,725,1,1,1,16,725,28,1,1,allocated
542,993,normal,0,0,65535_65535,0,2,289702,479,0,1,0,15,0,22,1,1,pre_allocation
542,993,normal,0,0,65535_65535,0,2,289702,511,1,1,1,16,511,22,1,1,allocated
542,993,normal,0,0,65535_65535,0,3,189076,628,0,1,0,15,0,26,1,1,pre_allocation
542,993,normal,0,0,65535_65535,0,3,189076,670,1,1,1,16,670,26,1,1,allocated
542,993,normal,0,0,65535_65535,0,4,532652,264,0,1,0,15,0,15,1,1,pre_allocation
542,993,normal,0,0,65535_65535,0,4,532652,282,1,1,1,16,282,15,1,1,allocated
542,993,normal,0,0,65535_65535,0,5,833486,264,0,1,0,15,0,15,1,1,pre_allocation
542,993,normal,0,0,65535_65535,0,5,833486,282,1,1,1,16,282,15,1,1,allocated
542,993,normal,0,0,65535_65535,0,1,3069,725,0,1,0,16,0,28,1,1,pre_allocation
542,993,normal,0,0,65535_65535,0,1,3069,771,1,1,1,17,771,28,1,1,allocated
542,993,normal,0,0,65535_65535,0,2,289702,511,0,1,0,16,0,22,1,1,pre_allocation
542,993,normal,0,0,65535_65535,0,2,289702,543,1,1,1,17,543,22,1,1,allocated
542,993,normal,0,0,65535_65535,0,3,189076,670,0,1,0,16,0,26,1,1,pre_allocation
542,993,normal,0,0,65535_65535,0,3,189076,712,1,1,1,17,712,26,1,1,allocated
542,993,normal,0,0,65535_65535,0,4,532652,282,0,1,0,16,0,15,1,1,pre_allocation
542,993,normal,0,0,65535_65535,0,4,532652,299,1,1,1,17,299,15,1,1,allocated
542,993,normal,0,0,65535_65535,0,5,833486,282,0,1,0,16,0,15,1,1,pre_allocation
542,993,normal,0,0,65535_65535,0,5,833486,299,1,1,1,17,299,15,1,1,allocated
542,993,normal,0,0,65535_65535,0,1,3069,771,0,1,0,17,0,28,1,1,pre_allocation
542,993,normal,0,0,65535_65535,0,1,3069,816,1,1,1,18,816,28,1,1,allocated
542,993,normal,0,0,65535_65535,1,7,87,0,0,1,0,0,0,28,1,1,pre_allocation
542,993,normal,0,0,65535_65535,1,7,87,42,1,1,1,1,42,28,1,1,allocated
542,993,normal,0,0,65535_65535,1,8,87,0,0,1,0,0,0,15,1,1,pre_allocation
542,993,normal,0,0,65535_65535,1,8,87,14,1,1,1,1,14,15,1,1,allocated
542,993,normal,0,0,65535_65535,1,10,87,0,0,1,0,0,0,20,1,1,pre_allocation
542,993,normal,0,0,65535_65535,1,10,87,24,1,1,1,1,24,20,1,1,allocated
542,993,normal,0,0,65535_65535,1,7,87,42,0,1,0,1,0,28,1,1,pre_allocation
542,993,normal,0,0,65535_65535,1,7,87,88,1,1,1,2,88,28,1,1,allocated
542,993,normal,0,0,65535_65535,1,8,87,14,0,1,0,1,0,15,1,1,pre_allocation
542,993,normal,0,0,65535_65535,1,8,87,32,1,1,1,2,32,15,1,1,allocated
542,993,normal,0,0,65535_65535,1,10,87,24,0,1,0,1,0,20,1,1,pre_allocation
542,993,normal,0,0,65535_65535,1,10,87,51,1,1,1,2,51,20,1,1,allocated
542,993,normal,0,0,65535_65535,1,7,87,88,0,1,0,2,0,28,1,1,pre_allocation
542,993,normal,0,0,65535_65535,1,7,87,133,1,1,1,3,133,28,1,1,allocated
542,993,normal,0,0,65535_65535,1,8,87,32,0,1,0,2,0,15,1,1,pre_allocation
542,993,normal,0,0,65535_65535,1,8,87,50,1,1,1,3,50,15,1,1,allocated
542,993,normal,0,0,65535_65535,1,10,87,51,0,1,0,2,0,20,1,1,pre_allocation
542,993,normal,0,0,65535_65535,1,10,87,78,1,1,1,3,78,20,1,1,allocated
542,993,normal,0,0,65535_65535,1,7,87,133,0,1,0,3,0,28,1,1,pre_allocation
542,993,normal,0,0,65535_65535,1,7,87,179,1,1,1,4,179,28,1,1,allocated
542,993,normal,0,0,65535_65535,1,8,87,50,0,1,0,3,0,15,1,1,pre_allocation
542,993,normal,0,0,65535_65535,1,8,87,68,1,1,1,4,68,15,1,1,allocated
542,993,normal,0,0,65535_65535,1,10,87,78,0,1,0,3,0,20,1,1,pre_allocation
542,993,normal,0,0,65535_65535,1,10,87,105,1,1,1,4,105,20,1,1,allocated
542,993,normal,0,0,65535_65535,1,7,87,179,0,1,0,4,0,28,1,1,pre_allocation
542,993,normal,0,0,65535_65535,1,7,87,224,1,1,1,5,224,28,1,1,allocated
542,993,normal,0,0,65535_65535,1,8,87,68,0,1,0,4,0,15,1,1,pre_allocation
542,993,normal,0,0,65535_65535,1,8,87,86,1,1,1,5,86,15,1,1,allocated
542,993,normal,0,0,65535_65535,1,10,87,105,0,1,0,4,0,20,1,1,pre_allocation
542,993,normal,0,0,65535_65535,1,10,87,133,1,1,1,5,133,20,1,1,allocated
542,993,normal,0,0,65535_65535,1,7,87,224,0,1,0,5,0,28,1,1,pre_allocation
542,993,normal,0,0,65535_65535,1,7,87,270,1,1,1,6,270,28,1,1,allocated
542,993,normal,0,0,65535_65535,1,8,87,86,0,1,0,5,0,15,1,1,pre_allocation
542,993,normal,0,0,65535_65535,1,8,87,103,1,1,1,6,103,15,1,1,allocated
542,993,normal,0,0,65535_65535,1,10,87,133,0,1,0,5,0,20,1,1,pre_allocation
542,993,normal,0,0,65535_65535,1,10,87,160,1,1,1,6,160,20,1,1,allocated
542,993,normal,0,0,65535_65535,1,7,87,270,0,1,0,6,0,28,1,1,pre_allocation
542,993,normal,0,0,65535_65535,1,7,87,315,1,1,1,7,315,28,1,1,allocated
542,993,normal,0,0,65535_65535,1,8,87,103,0,1,0,6,0,15,1,1,pre_allocation
542,993,normal,0,0,65535_65535,1,8,87,121,1,1,1,7,121,15,1,1,allocated
542,993,normal,0,0,65535_65535,1,10,87,160,0,1,0,6,0,20,1,1,pre_allocation
542,993,normal,0,0,65535_65535,1,10,87,187,1,1,1,7,187,20,1,1,allocated
542,993,normal,0,0,65535_65535,1,7,87,315,0,1,0,7,0,28,1,1,pre_allocation
542,993,normal,0,0,65535_65535,1,7,87,361,1,1,1,8,361,28,1,1,allocated
542,993,normal,0,0,65535_65535,1,8,87,121,0,1,0,7,0,15,1,1,pre_allocation
542,993,normal,0,0,65535_65535,1,8,87,139,1,1,1,8,139,15,1,1,allocated
542,993,normal,0,0,65535_65535,1,10,87,187,0,1,0,7,0,20,1,1,pre_allocation
542,993,normal,0,0,65535_65535,1,10,87,214,1,1,1,8,214,20,1,1,allocated
542,993,normal,0,0,65535_65535,1,7,87,361,0,1,0,8,0,28,1,1,pre_allocation
542,993,normal,0,0,65535_65535,1,7,87,406,1,1,1,9,406,28,1,1,allocated
542,993,normal,0,0,65535_65535,1,8,87,139,0,1,0,8,0,15,1,1,pre_allocation
542,993,normal,0,0,65535_65535,1,8,87,157,1,1,1,9,157,15,1,1,allocated
542,993,normal,0,0,65535_65535,1,10,87,214,0,1,0,8,0,20,1,1,pre_allocation
542,993,normal,0,0,65535_65535,1,10,87,242,1,1,1,9,242,20,1,1,allocated
542,993,normal,0,0,65535_65535,1,7,87,406,0,1,0,9,0,28,1,1,pre_allocation
542,993,normal,0,0,65535_65535,1,7,87,452,1,1,1,10,452,28,1,1,allocated
542,993,normal,0,0,65535_65535,1,8,87,157,0,1,0,9,0,15,1,1,pre_allocation
542,993,normal,0,0,65535_65535,1,8,87,175,1,1,1,10,175,15,1,1,allocated
542,993,normal,0,0,65535_65535,1,10,87,242,0,1,0,9,0,20,1,1,pre_allocation
542,993,normal,0,0,65535_65535,1,10,87,269,1,1,1,10,269,20,1,1,allocated
542,993,normal,0,0,65535_65535,1,7,87,452,0,1,0,10,0,28,1,1,pre_allocation
542,993,normal,0,0,65535_65535,1,7,87,497,1,1,1,11,497,28,1,1,allocated
542,993,normal,0,0,65535_65535,1,8,87,175,0,1,0,10,0,15,1,1,pre_allocation
542,993,normal,0,0,65535_65535,1,8,87,193,1,1,1,11,193,15,1,1,allocated
542,993,normal,0,0,65535_65535,1,10,87,269,0,1,0,10,0,20,1,1,pre_allocation
542,993,normal,0,0,65535_65535,1,10,87,296,1,1,1,11,296,20,1,1,allocated
542,993,normal,0,0,65535_65535,1,7,87,497,0,1,0,11,0,28,1,1,pre_allocation
542,993,normal,0,0,65535_65535,1,7,87,543,1,1,1,12,543,28,1,1,allocated
542,993,normal,0,0,65535_65535,1,8,87,193,0,1,0,11,0,15,1,1,pre_allocation
542,993,normal,0,0,65535_65535,1,8,87,210,1,1,1,12,210,15,1,1,allocated
542,993,normal,0,0,65535_65535,1,10,87,296,0,1,0,11,0,20,1,1,pre_allocation
542,993,normal,0,0,65535_65535,1,10,87,323,1,1,1,12,323,20,1,1,allocated
542,993,normal,0,0,65535_65535,1,7,87,543,0,1,0,12,0,28,1,1,pre_allocation
542,993,normal,0,0,65535_65535,1,7,87,589,1,1,1,13,589,28,1,1,allocated
542,993,normal,0,0,65535_65535,1,8,87,210,0,1,0,12,0,15,1,1,pre_allocation
542,993,normal,0,0,65535_65535,1,8,87,228,1,1,1,13,228,15,1,1,allocated
542,993,normal,0,0,65535_65535,1,10,87,323,0,1,0,12,0,20,1,1,pre_allocation
542,993,normal,0,0,65535_65535,1,10,87,350,1,1,1,13,350,20,1,1,allocated
542,993,normal,0,0,65535_65535,1,7,87,589,0,1,0,13,0,28,1,1,pre_allocation
542,993,normal,0,0,65535_65535,1,7,87,634,1,1,1,14,634,28,1,1,allocated
542,993,normal,0,0,65535_65535,1,8,87,228,0,1,0,13,0,15,1,1,pre_allocation
542,993,normal,0,0,65535_65535,1,8,87,246,1,1,1,14,246,15,1,1,allocated
542,993,normal,0,0,65535_65535,1,10,87,350,0,1,0,13,0,20,1,1,pre_allocation
542,993,normal,0,0,65535_65535,1,10,87,378,1,1,1,14,378,20,1,1,allocated
542,993,normal,0,0,65535_65535,1,7,87,634,0,1,0,14,0,28,1,1,pre_allocation
542,993,normal,0,0,65535_65535,1,7,87,680,1,1,1,15,680,28,1,1,allocated
542,993,normal,0,0,65535_65535,1,8,87,246,0,1,0,14,0,15,1,1,pre_allocation
542,993,normal,0,0,65535_65535,1,8,87,264,1,1,1,15,264,15,1,1,allocated
542,993,normal,0,0,65535_65535,1,10,87,378,0,1,0,14,0,20,1,1,pre_allocation
542,993,normal,0,0,65535_65535,1,10,87,405,1,1,1,15,405,20,1,1,allocated
542,993,normal,0,0,65535_65535,1,7,87,680,0,1,0,15,0,28,1,1,pre_allocation
542,993,normal,0,0,65535_65535,1,7,87,725,1,1,1,16,725,28,1,1,allocated
542,993,normal,0,0,65535_65535,1,8,87,264,0,1,0,15,0,15,1,1,pre_allocation
542,993,normal,0,0,65535_65535,1,8,87,282,1,1,1,16,282,15,1,1,allocated
542,993,normal,0,0,65535_65535,1,10,87,405,0,1,0,15,0,20,1,1,pre_allocation
542,993,normal,0,0,65535_65535,1,10,87,432,1,1,1,16,432,20,1,1,allocated
542,993,normal,0,0,65535_65535,1,7,87,725,0,1,0,16,0,28,1,1,pre_allocation
542,993,normal,0,0,65535_65535,1,7,87,771,1,1,1,17,771,28,1,1,allocated
542,993,normal,0,0,65535_65535,1,8,87,282,0,1,0,16,0,15,1,1,pre_allocation
542,993,normal,0,0,65535_65535,1,8,87,299,1,1,1,17,299,15,1,1,allocated
542,993,normal,0,0,65535_65535,1,10,87,432,0,1,0,16,0,20,1,1,pre_allocation
542,993,normal,0,0,65535_65535,1,10,87,459,1,1,1,17,459,20,1,1,allocated
542,993,normal,0,0,65535_65535,1,7,87,771,0,1,0,17,0,28,1,1,pre_allocation
542,993,normal,0,0,65535_65535,1,7,87,816,1,1,1,18,816,28,1,1,allocated
542,993,normal,0,0,65535_65535,1,8,87,299,0,1,0,17,0,15,1,1,pre_allocation
542,993,normal,0,0,65535_65535,1,8,87,317,1,1,1,18,317,15,1,1,allocated
542,993,normal,0,0,65535_65535,1,10,87,459,0,1,0,17,0,20,1,1,pre_allocation
542,993,normal,0,0,65535_65535,1,10,87,487,1,1,1,18,487,20,1,1,allocated
542,993,normal,0,0,65535_65535,1,7,87,816,0,1,0,18,0,28,1,1,pre_allocation
542,993,normal,0,0,65535_65535,1,7,87,862,1,1,1,19,862,28,1,1,allocated
542,993,normal,0,0,65535_65535,1,8,87,317,0,1,0,18,0,15,1,1,pre_allocation
542,993,normal,0,0,65535_65535,1,8,87,335,1,1,1,19,335,15,1,1,allocated
542,993,normal,0,0,65535_65535,1,10,87,487,0,1,0,18,0,20,1,1,pre_allocation
542,993,normal,0,0,65535_65535,1,10,87,514,1,1,1,19,514,20,1,1,allocated
542,993,normal,0,0,65535_65535,1,7,87,862,0,1,0,19,0,28,1,1,pre_allocation
542,993,normal,0,0,65535_65535,1,7,87,907,1,1,1,20,907,28,1,1,allocated
542,993,normal,0,0,65535_65535,1,8,87,335,0,1,0,19,0,15,1,1,pre_allocation
542,993,normal,0,0,65535_65535,1,8,87,353,1,1,1,20,353,15,1,1,allocated
542,993,normal,0,0,65535_65535,1,10,87,514,0,1,0,19,0,20,1,1,pre_allocation
542,993,normal,0,0,65535_65535,1,10,87,541,1,1,1,20,541,20,1,1,allocated
542,993,normal,0,0,65535_65535,1,7,87,907,0,1,0,20,0,28,1,1,pre_allocation
542,993,normal,0,0,65535_65535,1,7,87,953,1,1,1,21,953,28,1,1,allocated
542,993,normal,0,0,65535_65535,1,8,87,353,0,1,0,20,0,15,1,1,pre_allocation
542,993,normal,0,0,65535_65535,1,8,87,371,1,1,1,21,371,15,1,1,allocated
542,993,normal,0,0,65535_65535,1,10,87,541,0,1,0,20,0,20,1,1,pre_allocation
542,993,normal,0,0,65535_65535,1,10,87,568,1,1,1,21,568,20,1,1,allocated
542,993,normal,0,0,65535_65535,1,7,87,953,0,1,0,21,0,28,1,1,pre_allocation
542,993,normal,0,0,65535_65535,1,7,87,998,1,1,1,22,998,28,1,1,allocated
542,993,normal,0,0,65535_65535,1,8,87,371,0,1,0,21,0,15,1,1,pre_allocation
542,993,normal,0,0,65535_65535,1,8,87,389,1,1,1,22,389,15,1,1,allocated
542,993,normal,0,0,65535_65535,1,10,87,568,0,1,0,21,0,20,1,1,pre_allocation
542,993,normal,0,0,65535_65535,1,10,87,595,1,1,1,22,595,20,1,1,allocated
542,993,normal,0,0,65535_65535,1,7,87,998,0,1,0,22,0,28,1,1,pre_allocation
542,993,normal,0,0,65535_65535,1,7,87,1044,1,1,1,23,1044,28,1,1,allocated
542,993,normal,0,0,65535_65535,1,8,87,389,0,1,0,22,0,15,1,1,pre_allocation
542,993,normal,0,0,65535_65535,1,8,87,406,1,1,1,23,406,15,1,1,allocated
542,993,normal,0,0,65535_65535,1,10,87,595,0,1,0,22,0,20,1,1,pre_allocation
542,993,normal,0,0,65535_65535,1,10,87,623,1,1,1,23,623,20,1,1,allocated
542,993,normal,0,0,65535_65535,1,7,87,1044,0,1,0,23,0,28,1,1,pre_allocation
542,993,normal,0,0,65535_65535,1,7,87,1089,1,1,1,24,1089,28,1,1,allocated
542,993,normal,0,0,65535_65535,1,8,87,406,0,1,0,23,0,15,1,1,pre_allocation
542,993,normal,0,0,65535_65535,1,8,87,424,1,1,1,24,424,15,1,1,allocated
542,993,normal,0,0,65535_65535,1,10,87,623,0,1,0,23,0,20,1,1,pre_allocation
542,993,normal,0,0,65535_65535,1,10,87,650,1,1,1,24,650,20,1,1,allocated
542,993,normal,0,0,65535_65535,1,7,87,1089,0,1,0,24,0,28,1,1,pre_allocation
542,993,normal,0,0,65535_65535,1,7,87,1135,1,1,1,25,1135,28,1,1,allocated
542,993,normal,0,0,65535_65535,1,8,87,424,0,1,0,24,0,15,1,1,pre_allocation
542,993,normal,0,0,65535_65535,1,8,87,442,1,1,1,25,442,15,1,1,allocated
542,993,normal,0,0,65535_65535,1,10,87,650,0,1,0,24,0,20,1,1,pre_allocation
542,993,normal,0,0,65535_65535,1,10,87,677,1,1,1,25,677,20,1,1,allocated
542,993,normal,0,0,65535_65535,1,7,87,1135,0,1,0,25,0,28,1,1,pre_allocation
542,993,normal,0,0,65535_65535,1,7,87,1181,1,1,1,26,1181,28,1,1,allocated
542,993,normal,0,0,65535_65535,1,8,87,442,0,1,0,25,0,15,1,1,pre_allocation
542,993,normal,0,0,65535_65535,1,8,87,460,1,1,1,26,460,15,1,1,allocated
542,993,normal,0,0,65535_65535,1,10,87,677,0,1,0,25,0,20,1,1,pre_allocation
542,993,normal,0,0,65535_65535,1,10,87,704,1,1,1,26,704,20,1,1,allocated
542,993,normal,0,0,65535_65535,1,7,87,1181,0,1,0,26,0,28,1,1,pre_allocation
542,993,normal,0,0,65535_65535,1,7,87,1226,1,1,1,27,1226,28,1,1,allocated
542,993,normal,0,0,65535_65535,1,8,87,460,0,1,0,26,0,15,1,1,pre_allocation
542,993,normal,0,0,65535_65535,1,8,87,478,1,1,1,27,478,15,1,1,allocated
542,993,normal,0,0,65535_65535,1,10,87,704,0,1,0,26,0,20,1,1,pre_allocation
542,993,normal,0,0,65535_65535,1,10,87,732,1,1,1,27,732,20,1,1,allocated
542,993,normal,0,0,65535_65535,1,7,87,1226,0,1,0,27,0,28,1,1,pre_allocation
542,993,normal,0,0,65535_65535,1,7,87,1272,1,1,1,28,1272,28,1,1,allocated
542,993,normal,0,0,65535_65535,1,8,87,478,0,1,0,27,0,15,1,1,pre_allocation
542,993,normal,0,0,65535_65535,1,8,87,495,1,1,1,28,495,15,1,1,allocated
542,993,normal,0,0,65535_65535,1,10,87,732,0,1,0,27,0,20,1,1,pre_allocation
542,993,normal,0,0,65535_65535,1,10,87,759,1,1,1,28,759,20,1,1,allocated
542,993,normal,0,0,65535_65535,1,7,87,1272,0,1,0,28,0,28,1,1,pre_allocation
542,993,normal,0,0,65535_65535,1,7,87,1317,1,1,1,29,1317,28,1,1,allocated
542,993,normal,0,0,65535_65535,1,8,87,495,0,1,0,28,0,15,1,1,pre_allocation
542,993,normal,0,0,65535_65535,1,8,87,513,1,1,1,29,513,15,1,1,allocated
542,993,normal,0,0,65535_65535,1,10,87,759,0,1,0,28,0,20,1,1,pre_allocation
542,993,normal,0,0,65535_65535,1,10,87,786,1,1,1,29,786,20,1,1,allocated
542,993,normal,0,0,65535_65535,1,7,87,1317,0,1,0,29,0,28,1,1,pre_allocation
542,993,normal,0,0,65535_65535,1,7,87,1363,1,1,1,30,1363,28,1,1,allocated
542,993,normal,0,0,65535_65535,1,8,87,513,0,1,0,29,0,15,1,1,pre_allocation
542,993,normal,0,0,65535_65535,1,8,87,531,1,1,1,30,531,15,1,1,allocated
542,993,normal,0,0,65535_65535,1,10,87,786,0,1,0,29,0,20,1,1,pre_allocation
542,993,normal,0,0,65535_65535,1,10,87,813,1,1,1,30,813,20,1,1,allocated
542,993,normal,0,0,65535_65535,1,7,87,1363,0,1,0,30,0,28,1,1,pre_allocation
542,993,normal,0,0,65535_65535,1,7,87,1408,1,1,1,31,1408,28,1,1,allocated
542,993,normal,0,0,65535_65535,1,8,87,531,0,1,0,30,0,15,1,1,pre_allocation
542,993,normal,0,0,65535_65535,1,8,87,549,1,1,1,31,549,15,1,1,allocated
542,993,normal,0,0,65535_65535,1,10,87,813,0,1,0,30,0,20,1,1,pre_allocation
542,993,normal,0,0,65535_65535,1,10,87,840,1,1,1,31,840,20,1,1,allocated
542,993,normal,0,0,65535_65535,1,7,87,1408,0,1,0,31,0,28,1,1,pre_allocation
542,993,normal,0,0,65535_65535,1,7,87,1454,1,1,1,32,1454,28,1,1,allocated
542,993,normal,0,0,65535_65535,1,8,87,549,0,1,0,31,0,15,1,1,pre_allocation
542,993,normal,0,0,65535_65535,1,8,87,567,1,1,1,32,567,15,1,1,allocated
542,993,normal,0,0,65535_65535,1,10,87,840,0,1,0,31,0,20,1,1,pre_allocation
542,993,normal,0,0,65535_65535,1,10,87,868,1,1,1,32,868,20,1,1,allocated
542,993,normal,0,0,65535_65535,1,7,87,1454,0,1,0,32,0,28,1,1,pre_allocation
542,993,normal,0,0,65535_65535,1,7,87,1499,1,1,1,33,1499,28,1,1,allocated
542,993,normal,0,0,65535_65535,1,8,87,567,0,1,0,32,0,15,1,1,pre_allocation
542,993,normal,0,0,65535_65535,1,8,87,585,1,1,1,33,585,15,1,1,allocated
542,993,normal,0,0,65535_65535,1,10,87,868,0,1,0,32,0,20,1,1,pre_allocation
542,993,normal,0,0,65535_65535,1,10,87,895,1,1,1,33,895,20,1,1,allocated
542,993,normal,0,0,65535_65535,1,7,87,1499,0,1,0,33,0,28,1,1,pre_allocation
542,993,normal,0,0,65535_65535,1,7,87,1542,1,1,1,34,1542,28,1,1,allocated
542,993,normal,0,0,65535_65535,1,8,87,585,0,1,0,33,0,15,1,1,pre_allocation
542,993,normal,0,0,65535_65535,1,8,87,602,1,1,1,34,602,15,1,1,allocated
542,993,normal,0,0,65535_65535,1,10,87,895,0,1,0,33,0,20,1,1,pre_allocation
542,993,normal,0,0,65535_65535,1,10,87,922,1,1,1,34,922,20,1,1,allocated
542,993,normal,0,0,65535_65535,1,7,87,1542,0,1,0,34,0,28,1,1,pre_allocation
542,993,normal,0,0,65535_65535,1,7,87,1587,1,1,1,35,1587,28,1,1,allocated
542,993,normal,0,0,65535_65535,1,8,87,602,0,1,0,34,0,15,1,1,pre_allocation
542,993,normal,0,0,65535_65535,1,8,87,620,1,1,1,35,620,15,1,1,allocated
542,993,normal,0,0,65535_65535,1,10,87,922,0,1,0,34,0,20,1,1,pre_allocation
542,993,normal,0,0,65535_65535,1,10,87,949,1,1,1,35,949,20,1,1,allocated
542,993,normal,0,0,65535_65535,1,7,87,1587,0,1,0,35,0,28,1,1,pre_allocation
542,993,normal,0,0,65535_65535,1,7,87,1633,1,1,1,36,1633,28,1,1,allocated
542,993,normal,0,0,65535_65535,1,8,87,620,0,1,0,35,0,15,1,1,pre_allocation
542,993,normal,0,0,65535_65535,1,8,87,638,1,1,1,36,638,15,1,1,allocated
542,993,normal,0,0,65535_65535,1,10,87,949,0,1,0,35,0,20,1,1,pre_allocation
542,993,normal,0,0,65535_65535,1,10,87,977,1,1,1,36,977,20,1,1,allocated
542,993,normal,0,0,65535_65535,1,7,87,1633,0,1,0,36,0,28,1,1,pre_allocation
542,993,normal,0,0,65535_65535,1,7,87,1678,1,1,1,37,1678,28,1,1,allocated
542,993,normal,0,0,65535_65535,1,8,87,638,0,1,0,36,0,15,1,1,pre_allocation
542,993,normal,0,0,65535_65535,1,8,87,656,1,1,1,37,656,15,1,1,allocated
542,993,normal,0,0,65535_65535,1,10,87,977,0,1,0,36,0,20,1,1,pre_allocation
542,993,normal,0,0,65535_65535,1,10,87,1004,1,1,1,37,1004,20,1,1,allocated
542,993,normal,0,0,65535_65535,1,7,87,1678,0,1,0,37,0,28,1,1,pre_allocation
542,993,normal,0,0,65535_65535,1,7,87,1724,1,1,1,38,1724,28,1,1,allocated
542,993,normal,0,0,65535_65535,1,8,87,656,0,1,0,37,0,15,1,1,pre_allocation
542,993,normal,0,0,65535_65535,1,8,87,674,1,1,1,38,674,15,1,1,allocated
542,993,normal,0,0,65535_65535,1,10,87,1004,0,1,0,37,0,20,1,1,pre_allocation
542,993,normal,0,0,65535_65535,1,10,87,1031,1,1,1,38,1031,20,1,1,allocated
542,993,normal,0,0,65535_65535,1,7,87,1724,0,1,0,38,0,28,1,1,pre_allocation
542,993,normal,0,0,65535_65535,1,7,87,1770,1,1,1,39,1770,28,1,1,allocated
542,993,normal,0,0,65535_65535,1,8,87,674,0,1,0,38,0,15,1,1,pre_allocation
542,993,normal,0,0,65535_65535,1,8,87,691,1,1,1,39,691,15,1,1,allocated
542,993,normal,0,0,65535_65535,1,10,87,1031,0,1,0,38,0,20,1,1,pre_allocation
542,993,normal,0,0,65535_65535,1,10,87,1058,1,1,1,39,1058,20,1,1,allocated
542,993,normal,0,0,65535_65535,1,7,87,1770,0,1,0,39,0,28,1,1,pre_allocation
542,993,normal,0,0,65535_65535,1,7,87,1815,1,1,1,40,1815,28,1,1,allocated
542,993,normal,0,0,65535_65535,1,8,87,691,0,1,0,39,0,15,1,1,pre_allocation
542,993,normal,0,0,65535_65535,1,8,87,709,1,1,1,40,709,15,1,1,allocated
542,993,normal,0,0,65535_65535,1,10,87,1058,0,1,0,39,0,20,1,1,pre_allocation
542,993,normal,0,0,65535_65535,1,10,87,1086,1,1,1,40,1086,20,1,1,allocated
542,993,normal,0,0,65535_65535,1,7,87,1815,0,1,0,40,0,28,1,1,pre_allocation
542,993,normal,0,0,65535_65535,1,7,87,1861,1,1,1,41,1861,28,1,1,allocated
542,993,normal,0,0,65535_65535,1,8,87,709,0,1,0,40,0,15,1,1,pre_allocation
542,993,normal,0,0,65535_65535,1,8,87,727,1,1,1,41,727,15,1,1,allocated
542,993,normal,0,0,65535_65535,1,10,87,1086,0,1,0,40,0,20,1,1,pre_allocation
542,993,normal,0,0,65535_65535,1,10,87,1113,1,1,1,41,1113,20,1,1,allocated
542,993,normal,0,0,65535_65535,1,7,87,1861,0,1,0,41,0,28,1,1,pre_allocation
542,993,normal,0,0,65535_65535,1,7,87,1906,1,1,1,42,1906,28,1,1,allocated
542,993,normal,0,0,65535_65535,1,8,87,727,0,1,0,41,0,15,1,1,pre_allocation
542,993,normal,0,0,65535_65535,1,8,87,745,1,1,1,42,745,15,1,1,allocated
542,993,normal,0,0,65535_65535,1,10,87,1113,0,1,0,41,0,20,1,1,pre_allocation
542,993,normal,0,0,65535_65535,1,10,87,1140,1,1,1,42,1140,20,1,1,allocated
542,993,normal,0,0,65535_65535,1,7,87,1906,0,1,0,42,0,28,1,1,pre_allocation
542,993,normal,0,0,65535_65535,1,7,87,1952,1,1,1,43,1952,28,1,1,allocated
542,993,normal,0,0,65535_65535,1,8,87,745,0,1,0,42,0,15,1,1,pre_allocation
542,993,normal,0,0,65535_65535,1,8,87,763,1,1,1,43,763,15,1,1,allocated
542,993,normal,0,0,65535_65535,1,10,87,1140,0,1,0,42,0,20,1,1,pre_allocation
542,993,normal,0,0,65535_65535,1,10,87,1167,1,1,1,43,1167,20,1,1,allocated
542,993,normal,0,0,65535_65535,1,7,87,1952,0,1,0,43,0,28,1,1,pre_allocation
542,993,normal,0,0,65535_65535,1,7,87,1997,1,1,1,44,1997,28,1,1,allocated
542,993,normal,0,0,65535_65535,1,8,87,763,0,1,0,43,0,15,1,1,pre_allocation
542,993,normal,0,0,65535_65535,1,8,87,781,1,1,1,44,781,15,1,1,allocated
542,993,normal,0,0,65535_65535,1,10,87,1167,0,1,0,43,0,20,1,1,pre_allocation
542,993,normal,0,0,65535_65535,1,10,87,1194,1,1,1,44,1194,20,1,1,allocated
542,993,normal,0,0,65535_65535,1,7,87,1997,0,1,0,44,0,28,1,1,pre_allocation
542,993,normal,0,0,65535_65535,1,7,87,2043,1,1,1,45,2043,28,1,1,allocated
542,993,normal,0,0,65535_65535,1,8,87,781,0,1,0,44,0,15,1,1,pre_allocation
542,993,normal,0,0,65535_65535,1,8,87,798,1,1,1,45,798,15,1,1,allocated
542,993,normal,0,0,65535_65535,1,10,87,1194,0,1,0,44,0,20,1,1,pre_allocation
542,993,normal,0,0,65535_65535,1,10,87,1222,1,1,1,45,1222,20,1,1,allocated
542,993,normal,0,0,65535_65535,1,7,87,2043,0,1,0,45,0,28,1,1,pre_allocation
542,993,normal,0,0,65535_65535,1,7,87,2088,1,1,1,46,2088,28,1,1,allocated
542,993,normal,0,0,65535_65535,1,8,87,798,0,1,0,45,0,15,1,1,pre_allocation
542,993,normal,0,0,65535_65535,1,8,87,816,1,1,1,46,816,15,1,1,allocated
542,993,normal,0,0,65535_65535,1,10,87,1222,0,1,0,45,0,20,1,1,pre_allocation
542,993,normal,0,0,65535_65535,1,10,87,1249,1,1,1,46,1249,20,1,1,allocated
542,993,normal,0,0,65535_65535,1,7,87,2088,0,1,0,46,0,28,1,1,pre_allocation
542,993,normal,0,0,65535_65535,1,7,87,2134,1,1,1,47,2134,28,1,1,allocated
542,993,normal,0,0,65535_65535,1,8,87,816,0,1,0,46,0,15,1,1,pre_allocation
542,993,normal,0,0,65535_65535,1,8,87,834,1,1,1,47,834,15,1,1,allocated
542,993,normal,0,0,65535_65535,1,10,87,1249,0,1,0,46,0,20,1,1,pre_allocation
542,993,normal,0,0,65535_65535,1,10,87,1276,1,1,1,47,1276,20,1,1,allocated
542,993,normal,0,0,65535_65535,1,7,87,2134,0,1,0,47,0,28,1,1,pre_allocation
542,993,normal,0,0,65535_65535,1,7,87,2179,1,1,1,48,2179,28,1,1,allocated
542,993,normal,0,0,65535_65535,1,8,87,834,0,1,0,47,0,15,1,1,pre_allocation
542,993,normal,0,0,65535_65535,1,8,87,852,1,1,1,48,852,15,1,1,allocated
542,993,normal,0,0,65535_65535,1,10,87,1276,0,1,0,47,0,20,1,1,pre_allocation
542,993,normal,0,0,65535_65535,1,10,87,1303,1,1,1,48,1303,20,1,1,allocated
542,993,normal,0,0,65535_65535,1,7,87,2179,0,1,0,48,0,28,1,1,pre_allocation
542,993,normal,0,0,65535_65535,1,7,87,2225,1,1,1,49,2225,28,1,1,allocated
542,993,normal,0,0,65535_65535,1,8,87,852,0,1,0,48,0,15,1,1,pre_allocation
542,993,normal,0,0,65535_65535,1,8,87,870,1,1,1,49,870,15,1,1,allocated
542,993,normal,0,0,65535_65535,1,10,87,1303,0,1,0,48,0,20,1,1,pre_allocation
542,993,normal,0,0,65535_65535,1,10,87,1331,1,1,1,49,1331,20,1,1,allocated
542,993,normal,0,0,65535_65535,1,7,87,2225,0,1,0,49,0,28,1,1,pre_allocation
542,993,normal,0,0,65535_65535,1,7,87,2271,1,1,1,50,2271,28,1,1,allocated
542,993,normal,0,0,65535_65535,1,8,87,870,0,1,0,49,0,15,1,1,pre_allocation
542,993,normal,0,0,65535_65535,1,8,87,888,1,1,1,50,888,15,1,1,allocated
542,993,normal,0,0,65535_65535,1,10,87,1331,0,1,0,49,0,20,1,1,pre_allocation
542,993,normal,0,0,65535_65535,1,10,87,1358,1,1,1,50,1358,20,1,1,allocated
542,993,normal,0,0,65535_65535,1,7,87,2271,0,1,0,50,0,28,1,1,pre_allocation
542,993,normal,0,0,65535_65535,1,7,87,2313,1,1,1,51,2313,28,1,1,allocated
542,993,normal,0,0,65535_65535,1,8,87,888,0,1,0,50,0,15,1,1,pre_allocation
542,993,normal,0,0,65535_65535,1,8,87,905,1,1,1,51,905,15,1,1,allocated
542,993,normal,0,0,65535_65535,1,10,87,1358,0,1,0,50,0,20,1,1,pre_allocation
542,993,normal,0,0,65535_65535,1,10,87,1385,1,1,1,51,1385,20,1,1,allocated
542,993,normal,0,0,65535_65535,1,7,87,2313,0,1,0,51,0,28,1,1,pre_allocation
542,993,normal,0,0,65535_65535,1,7,87,2359,1,1,1,52,2359,28,1,1,allocated
542,993,normal,0,0,65535_65535,1,8,87,905,0,1,0,51,0,15,1,1,pre_allocation
542,993,normal,0,0,65535_65535,1,8,87,923,1,1,1,52,923,15,1,1,allocated
542,993,normal,0,0,65535_65535,1,10,87,1385,0,1,0,51,0,20,1,1,pre_allocation
542,993,normal,0,0,65535_65535,1,10,87,1412,1,1,1,52,1412,20,1,1,allocated
542,993,normal,0,0,65535_65535,1,7,87,2359,0,1,0,52,0,28,1,1,pre_allocation
542,993,normal,0,0,65535_65535,1,7,87,2404,1,1,1,53,2404,28,1,1,allocated
542,993,normal,0,0,65535_65535,1,8,87,923,0,1,0,52,0,15,1,1,pre_allocation
542,993,normal,0,0,65535_65535,1,8,87,941,1,1,1,53,941,15,1,1,allocated
542,993,normal,0,0,65535_65535,1,10,87,1412,0,1,0,52,0,20,1,1,pre_allocation
542,993,normal,0,0,65535_65535,1,10,87,1439,1,1,1,53,1439,20,1,1,allocated
542,993,normal,0,0,65535_65535,1,7,87,2404,0,1,0,53,0,28,1,1,pre_allocation
542,993,normal,0,0,65535_65535,1,7,87,2450,1,1,1,54,2450,28,1,1,allocated
542,993,normal,0,0,65535_65535,1,8,87,941,0,1,0,53,0,15,1,1,pre_allocation
542,993,normal,0,0,65535_65535,1,8,87,959,1,1,1,54,959,15,1,1,allocated
542,993,normal,0,0,65535_65535,1,10,87,1439,0,1,0,53,0,20,1,1,pre_allocation
542,993,normal,0,0,65535_65535,1,10,87,1467,1,1,1,54,1467,20,1,1,allocated
542,993,normal,0,0,65535_65535,1,7,87,2450,0,1,0,54,0,28,1,1,pre_allocation
542,993,normal,0,0,65535_65535,1,7,87,2495,1,1,1,55,2495,28,1,1,allocated
542,993,normal,0,0,65535_65535,1,8,87,959,0,1,0,54,0,15,1,1,pre_allocation
542,993,normal,0,0,65535_65535,1,8,87,977,1,1,1,55,977,15,1,1,allocated
542,993,normal,0,0,65535_65535,1,10,87,1467,0,1,0,54,0,20,1,1,pre_allocation
542,993,normal,0,0,65535_65535,1,10,87,1494,1,1,1,55,1494,20,1,1,allocated
542,993,normal,0,0,65535_65535,1,7,87,2495,0,1,0,55,0,28,1,1,pre_allocation
542,993,normal,0,0,65535_65535,1,7,87,2541,1,1,1,56,2541,28,1,1,allocated
542,993,normal,0,0,65535_65535,1,8,87,977,0,1,0,55,0,15,1,1,pre_allocation
542,993,normal,0,0,65535_65535,1,8,87,994,1,1,1,56,994,15,1,1,allocated
542,993,normal,0,0,65535_65535,1,10,87,1494,0,1,0,55,0,20,1,1,pre_allocation
542,993,normal,0,0,65535_65535,1,10,87,1521,1,1,1,56,1521,20,1,1,allocated
542,993,normal,0,0,65535_65535,1,7,87,2541,0,1,0,56,0,28,1,1,pre_allocation
542,993,normal,0,0,65535_65535,1,7,87,2586,1,1,1,57,2586,28,1,1,allocated
542,993,normal,0,0,65535_65535,1,8,87,994,0,1,0,56,0,15,1,1,pre_allocation
542,993,normal,0,0,65535_65535,1,8,87,1012,1,1,1,57,1012,15,1,1,allocated
542,993,normal,0,0,65535_65535,1,10,87,1521,0,1,0,56,0,20,1,1,pre_allocation
542,993,normal,0,0,65535_65535,1,10,87,1545,1,1,1,57,1545,20,1,1,allocated
542,993,normal,0,0,65535_65535,1,7,87,2586,0,1,0,57,0,28,1,1,pre_allocation
542,993,normal,0,0,65535_65535,1,7,87,2632,1,1,1,58,2632,28,1,1,allocated
542,993,normal,0,0,65535_65535,1,8,87,1012,0,1,0,57,0,15,1,1,pre_allocation
542,993,normal,0,0,65535_65535,1,8,87,1030,1,1,1,58,1030,15,1,1,allocated
542,993,normal,0,0,65535_65535,1,10,87,1545,0,1,0,57,0,20,1,1,pre_allocation
542,993,normal,0,0,65535_65535,1,10,87,1573,1,1,1,58,1573,20,1,1,allocated
542,993,normal,0,0,65535_65535,1,7,87,2632,0,1,0,58,0,28,1,1,pre_allocation
542,993,normal,0,0,65535_65535,1,7,87,2677,1,1,1,59,2677,28,1,1,allocated
542,993,normal,0,0,65535_65535,1,8,87,1030,0,1,0,58,0,15,1,1,pre_allocation
542,993,normal,0,0,65535_65535,1,8,87,1048,1,1,1,59,1048,15,1,1,allocated
542,993,normal,0,0,65535_65535,1,10,87,1573,0,1,0,58,0,20,1,1,pre_allocation
542,993,normal,0,0,65535_65535,1,10,87,1600,1,1,1,59,1600,20,1,1,allocated
542,993,normal,0,0,65535_65535,1,7,87,2677,0,1,0,59,0,28,1,1,pre_allocation
542,993,normal,0,0,65535_65535,1,7,87,2723,1,1,1,60,2723,28,1,1,allocated
542,993,normal,0,0,65535_65535,1,8,87,1048,0,1,0,59,0,15,1,1,pre_allocation
542,993,normal,0,0,65535_65535,1,8,87,1066,1,1,1,60,1066,15,1,1,allocated
542,993,normal,0,0,65535_65535,1,10,87,1600,0,1,0,59,0,20,1,1,pre_allocation
542,993,normal,0,0,65535_65535,1,10,87,1627,1,1,1,60,1627,20,1,1,allocated
654,1091,normal,0,0,65535_65535,0,4,632892,0,0,1,0,0,0,15,1,1,pre_allocation
654,1091,normal,0,0,65535_65535,0,4,632892,14,1,1,1,1,14,15,1,1,allocated
654,1091,normal,0,0,65535_65535,0,2,330830,0,0,1,0,0,0,20,1,1,pre_allocation
654,1091,normal,0,0,65535_65535,0,2,330830,24,1,1,1,1,24,20,1,1,allocated
654,1091,normal,0,0,65535_65535,0,3,196951,0,0,1,0,0,0,24,1,1,pre_allocation
654,1091,normal,0,0,65535_65535,0,3,196951,34,1,1,1,1,34,24,1,1,allocated
654,1091,normal,0,0,65535_65535,0,1,4601,0,0,1,0,0,0,28,1,1,pre_allocation
654,1091,normal,0,0,65535_65535,0,1,4601,42,1,1,1,1,42,28,1,1,allocated
654,1091,normal,0,0,65535_65535,0,4,632892,14,0,1,0,1,0,15,1,1,pre_allocation
654,1091,normal,0,0,65535_65535,0,4,632892,32,1,1,1,2,32,15,1,1,allocated
654,1091,normal,0,0,65535_65535,0,2,330830,24,0,1,0,1,0,20,1,1,pre_allocation
654,1091,normal,0,0,65535_65535,0,2,330830,51,1,1,1,2,51,20,1,1,allocated
654,1091,normal,0,0,65535_65535,0,3,196951,34,0,1,0,1,0,24,1,1,pre_allocation
654,1091,normal,0,0,65535_65535,0,3,196951,71,1,1,1,2,71,24,1,1,allocated
654,1091,normal,0,0,65535_65535,0,1,4601,42,0,1,0,1,0,28,1,1,pre_allocation
654,1091,normal,0,0,65535_65535,0,1,4601,88,1,1,1,2,88,28,1,1,allocated
654,1091,normal,0,0,65535_65535,0,4,632892,32,0,1,0,2,0,15,1,1,pre_allocation
654,1091,normal,0,0,65535_65535,0,4,632892,50,1,1,1,3,50,15,1,1,allocated
654,1091,normal,0,0,65535_65535,0,2,330830,51,0,1,0,2,0,20,1,1,pre_allocation
654,1091,normal,0,0,65535_65535,0,2,330830,78,1,1,1,3,78,20,1,1,allocated
654,1091,normal,0,0,65535_65535,0,3,196951,71,0,1,0,2,0,24,1,1,pre_allocation
654,1091,normal,0,0,65535_65535,0,3,196951,108,1,1,1,3,108,24,1,1,allocated
654,1091,normal,0,0,65535_65535,0,1,4601,88,0,1,0,2,0,28,1,1,pre_allocation
654,1091,normal,0,0,65535_65535,0,1,4601,133,1,1,1,3,133,28,1,1,allocated
654,1091,normal,0,0,65535_65535,0,4,632892,50,0,1,0,3,0,15,1,1,pre_allocation
654,1091,normal,0,0,65535_65535,0,4,632892,68,1,1,1,4,68,15,1,1,allocated
654,1091,normal,0,0,65535_65535,0,2,330830,78,0,1,0,3,0,20,1,1,pre_allocation
654,1091,normal,0,0,65535_65535,0,2,330830,105,1,1,1,4,105,20,1,1,allocated
654,1091,normal,0,0,65535_65535,0,3,196951,108,0,1,0,3,0,24,1,1,pre_allocation
654,1091,normal,0,0,65535_65535,0,3,196951,145,1,1,1,4,145,24,1,1,allocated
654,1091,normal,0,0,65535_65535,0,1,4601,133,0,1,0,3,0,28,1,1,pre_allocation
654,1091,normal,0,0,65535_65535,0,1,4601,179,1,1,1,4,179,28,1,1,allocated
654,1091,normal,0,0,65535_65535,0,4,632892,68,0,1,0,4,0,15,1,1,pre_allocation
654,1091,normal,0,0,65535_65535,0,4,632892,86,1,1,1,5,86,15,1,1,allocated
654,1091,normal,0,0,65535_65535,0,2,330830,105,0,1,0,4,0,20,1,1,pre_allocation
654,1091,normal,0,0,65535_65535,0,2,330830,133,1,1,1,5,133,20,1,1,allocated
654,1091,normal,0,0,65535_65535,0,3,196951,145,0,1,0,4,0,24,1,1,pre_allocation
654,1091,normal,0,0,65535_65535,0,3,196951,182,1,1,1,5,182,24,1,1,allocated
654,1091,normal,0,0,65535_65535,0,1,4601,179,0,1,0,4,0,28,1,1,pre_allocation
654,1091,normal,0,0,65535_65535,0,1,4601,224,1,1,1,5,224,28,1,1,allocated
654,1091,normal,0,0,65535_65535,0,4,632892,86,0,1,0,5,0,15,1,1,pre_allocation
654,1091,normal,0,0,65535_65535,0,4,632892,103,1,1,1,6,103,15,1,1,allocated
654,1091,normal,0,0,65535_65535,0,2,330830,133,0,1,0,5,0,20,1,1,pre_allocation
654,1091,normal,0,0,65535_65535,0,2,330830,160,1,1,1,6,160,20,1,1,allocated
654,1091,normal,0,0,65535_65535,0,3,196951,182,0,1,0,5,0,24,1,1,pre_allocation
654,1091,normal,0,0,65535_65535,0,3,196951,219,1,1,1,6,219,24,1,1,allocated
654,1091,normal,0,0,65535_65535,0,1,4601,224,0,1,0,5,0,28,1,1,pre_allocation
654,1091,normal,0,0,65535_65535,0,1,4601,270,1,1,1,6,270,28,1,1,allocated
654,1091,normal,0,0,65535_65535,0,4,632892,103,0,1,0,6,0,15,1,1,pre_allocation
654,1091,normal,0,0,65535_65535,0,4,632892,121,1,1,1,7,121,15,1,1,allocated
654,1091,normal,0,0,65535_65535,0,2,330830,160,0,1,0,6,0,20,1,1,pre_allocation
654,1091,normal,0,0,65535_65535,0,2,330830,187,1,1,1,7,187,20,1,1,allocated
654,1091,normal,0,0,65535_65535,0,3,196951,219,0,1,0,6,0,24,1,1,pre_allocation
654,1091,normal,0,0,65535_65535,0,3,196951,256,1,1,1,7,256,24,1,1,allocated
654,1091,normal,0,0,65535_65535,0,1,4601,270,0,1,0,6,0,28,1,1,pre_allocation
654,1091,normal,0,0,65535_65535,0,1,4601,315,1,1,1,7,315,28,1,1,allocated
654,1091,normal,0,0,65535_65535,0,4,632892,121,0,1,0,7,0,15,1,1,pre_allocation
654,1091,normal,0,0,65535_65535,0,4,632892,139,1,1,1,8,139,15,1,1,allocated
654,1091,normal,0,0,65535_65535,0,2,330830,187,0,1,0,7,0,20,1,1,pre_allocation
654,1091,normal,0,0,65535_65535,0,2,330830,214,1,1,1,8,214,20,1,1,allocated
654,1091,normal,0,0,65535_65535,0,3,196951,256,0,1,0,7,0,24,1,1,pre_allocation
654,1091,normal,0,0,65535_65535,0,3,196951,294,1,1,1,8,294,24,1,1,allocated
654,1091,normal,0,0,65535_65535,0,1,4601,315,0,1,0,7,0,28,1,1,pre_allocation
654,1091,normal,0,0,65535_65535,0,1,4601,361,1,1,1,8,361,28,1,1,allocated
654,1091,normal,0,0,65535_65535,0,4,632892,139,0,1,0,8,0,15,1,1,pre_allocation
654,1091,normal,0,0,65535_65535,0,4,632892,157,1,1,1,9,157,15,1,1,allocated
654,1091,normal,0,0,65535_65535,0,2,330830,214,0,1,0,8,0,20,1,1,pre_allocation
654,1091,normal,0,0,65535_65535,0,2,330830,242,1,1,1,9,242,20,1,1,allocated
654,1091,normal,0,0,65535_65535,0,3,196951,294,0,1,0,8,0,24,1,1,pre_allocation
654,1091,normal,0,0,65535_65535,0,3,196951,331,1,1,1,9,331,24,1,1,allocated
654,1091,normal,0,0,65535_65535,0,1,4601,361,0,1,0,8,0,28,1,1,pre_allocation
654,1091,normal,0,0,65535_65535,0,1,4601,406,1,1,1,9,406,28,1,1,allocated
654,1091,normal,0,0,65535_65535,0,4,632892,157,0,1,0,9,0,15,1,1,pre_allocation
654,1091,normal,0,0,65535_65535,0,4,632892,175,1,1,1,10,175,15,1,1,allocated
654,1091,normal,0,0,65535_65535,0,2,330830,242,0,1,0,9,0,20,1,1,pre_allocation
654,1091,normal,0,0,65535_65535,0,2,330830,269,1,1,1,10,269,20,1,1,allocated
654,1091,normal,0,0,65535_65535,0,3,196951,331,0,1,0,9,0,24,1,1,pre_allocation
654,1091,normal,0,0,65535_65535,0,3,196951,368,1,1,1,10,368,24,1,1,allocated
654,1091,normal,0,0,65535_65535,0,1,4601,406,0,1,0,9,0,28,1,1,pre_allocation
654,1091,normal,0,0,65535_65535,0,1,4601,452,1,1,1,10,452,28,1,1,allocated
654,1091,normal,0,0,65535_65535,0,4,632892,175,0,1,0,10,0,15,1,1,pre_allocation
654,1091,normal,0,0,65535_65535,0,4,632892,193,1,1,1,11,193,15,1,1,allocated
654,1091,normal,0,0,65535_65535,0,2,330830,269,0,1,0,10,0,20,1,1,pre_allocation
654,1091,normal,0,0,65535_65535,0,2,330830,296,1,1,1,11,296,20,1,1,allocated
654,1091,normal,0,0,65535_65535,0,3,196951,368,0,1,0,10,0,24,1,1,pre_allocation
654,1091,normal,0,0,65535_65535,0,3,196951,405,1,1,1,11,405,24,1,1,allocated
654,1091,normal,0,0,65535_65535,0,1,4601,452,0,1,0,10,0,28,1,1,pre_allocation
654,1091,normal,0,0,65535_65535,0,1,4601,497,1,1,1,11,497,28,1,1,allocated
654,1091,normal,0,0,65535_65535,0,4,632892,193,0,1,0,11,0,15,1,1,pre_allocation
654,1091,normal,0,0,65535_65535,0,4,632892,210,1,1,1,12,210,15,1,1,allocated
654,1091,normal,0,0,65535_65535,0,2,330830,296,0,1,0,11,0,20,1,1,pre_allocation
654,1091,normal,0,0,65535_65535,0,2,330830,323,1,1,1,12,323,20,1,1,allocated
654,1091,normal,0,0,65535_65535,0,3,196951,405,0,1,0,11,0,24,1,1,pre_allocation
654,1091,normal,0,0,65535_65535,0,3,196951,442,1,1,1,12,442,24,1,1,allocated
654,1091,normal,0,0,65535_65535,0,1,4601,497,0,1,0,11,0,28,1,1,pre_allocation
654,1091,normal,0,0,65535_65535,0,1,4601,543,1,1,1,12,543,28,1,1,allocated
654,1091,normal,0,0,65535_65535,0,4,632892,210,0,1,0,12,0,15,1,1,pre_allocation
654,1091,normal,0,0,65535_65535,0,4,632892,228,1,1,1,13,228,15,1,1,allocated
654,1091,normal,0,0,65535_65535,0,2,330830,323,0,1,0,12,0,20,1,1,pre_allocation
654,1091,normal,0,0,65535_65535,0,2,330830,350,1,1,1,13,350,20,1,1,allocated
654,1091,normal,0,0,65535_65535,0,3,196951,442,0,1,0,12,0,24,1,1,pre_allocation
654,1091,normal,0,0,65535_65535,0,3,196951,479,1,1,1,13,479,24,1,1,allocated
654,1091,normal,0,0,65535_65535,0,1,4601,543,0,1,0,12,0,28,1,1,pre_allocation
654,1091,normal,0,0,65535_65535,0,1,4601,589,1,1,1,13,589,28,1,1,allocated
654,1091,normal,0,0,65535_65535,0,4,632892,228,0,1,0,13,0,15,1,1,pre_allocation
654,1091,normal,0,0,65535_65535,0,4,632892,246,1,1,1,14,246,15,1,1,allocated
654,1091,normal,0,0,65535_65535,0,2,330830,350,0,1,0,13,0,20,1,1,pre_allocation
654,1091,normal,0,0,65535_65535,0,2,330830,378,1,1,1,14,378,20,1,1,allocated
654,1091,normal,0,0,65535_65535,0,3,196951,479,0,1,0,13,0,24,1,1,pre_allocation
654,1091,normal,0,0,65535_65535,0,3,196951,516,1,1,1,14,516,24,1,1,allocated
654,1091,normal,0,0,65535_65535,0,1,4601,589,0,1,0,13,0,28,1,1,pre_allocation
654,1091,normal,0,0,65535_65535,0,1,4601,634,1,1,1,14,634,28,1,1,allocated
654,1091,normal,0,0,65535_65535,0,4,632892,246,0,1,0,14,0,15,1,1,pre_allocation
654,1091,normal,0,0,65535_65535,0,4,632892,264,1,1,1,15,264,15,1,1,allocated
654,1091,normal,0,0,65535_65535,0,2,330830,378,0,1,0,14,0,20,1,1,pre_allocation
654,1091,normal,0,0,65535_65535,0,2,330830,405,1,1,1,15,405,20,1,1,allocated
654,1091,normal,0,0,65535_65535,0,3,196951,516,0,1,0,14,0,24,1,1,pre_allocation
654,1091,normal,0,0,65535_65535,0,3,196951,553,1,1,1,15,553,24,1,1,allocated
654,1091,normal,0,0,65535_65535,0,1,4601,634,0,1,0,14,0,28,1,1,pre_allocation
654,1091,normal,0,0,65535_65535,0,1,4601,680,1,1,1,15,680,28,1,1,allocated
654,1091,normal,0,0,65535_65535,0,4,632892,264,0,1,0,15,0,15,1,1,pre_allocation
654,1091,normal,0,0,65535_65535,0,4,632892,282,1,1,1,16,282,15,1,1,allocated
654,1091,normal,0,0,65535_65535,0,2,330830,405,0,1,0,15,0,20,1,1,pre_allocation
654,1091,normal,0,0,65535_65535,0,2,330830,432,1,1,1,16,432,20,1,1,allocated
654,1091,normal,0,0,65535_65535,0,3,196951,553,0,1,0,15,0,24,1,1,pre_allocation
654,1091,normal,0,0,65535_65535,0,3,196951,591,1,1,1,16,591,24,1,1,allocated
654,1091,normal,0,0,65535_65535,0,1,4601,680,0,1,0,15,0,28,1,1,pre_allocation
654,1091,normal,0,0,65535_65535,0,1,4601,725,1,1,1,16,725,28,1,1,allocated
654,1091,normal,0,0,65535_65535,0,4,632892,282,0,1,0,16,0,15,1,1,pre_allocation
654,1091,normal,0,0,65535_65535,0,4,632892,299,1,1,1,17,299,15,1,1,allocated
654,1091,normal,0,0,65535_65535,0,2,330830,432,0,1,0,16,0,20,1,1,pre_allocation
654,1091,normal,0,0,65535_65535,0,2,330830,459,1,1,1,17,459,20,1,1,allocated
654,1091,normal,0,0,65535_65535,0,3,196951,591,0,1,0,16,0,24,1,1,pre_allocation
654,1091,normal,0,0,65535_65535,0,3,196951,628,1,1,1,17,628,24,1,1,allocated
654,1091,normal,0,0,65535_65535,0,1,4601,725,0,1,0,16,0,28,1,1,pre_allocation
654,1091,normal,0,0,65535_65535,0,1,4601,771,1,1,1,17,771,28,1,1,allocated
654,1091,normal,0,0,65535_65535,0,4,632892,299,0,1,0,17,0,15,1,1,pre_allocation
654,1091,normal,0,0,65535_65535,0,4,632892,317,1,1,1,18,317,15,1,1,allocated
654,1091,normal,0,0,65535_65535,0,2,330830,459,0,1,0,17,0,20,1,1,pre_allocation
654,1091,normal,0,0,65535_65535,0,2,330830,487,1,1,1,18,487,20,1,1,allocated
654,1091,normal,0,0,65535_65535,0,3,196951,628,0,1,0,17,0,24,1,1,pre_allocation
654,1091,normal,0,0,65535_65535,0,3,196951,665,1,1,1,18,665,24,1,1,allocated
654,1091,normal,0,0,65535_65535,0,1,4601,771,0,1,0,17,0,28,1,1,pre_allocation
654,1091,normal,0,0,65535_65535,0,1,4601,816,1,1,1,18,816,28,1,1,allocated
654,1091,normal,0,0,65535_65535,0,4,632892,317,0,1,0,18,0,15,1,1,pre_allocation
654,1091,normal,0,0,65535_65535,0,4,632892,335,1,1,1,19,335,15,1,1,allocated
654,1091,normal,0,0,65535_65535,0,2,330830,487,0,1,0,18,0,20,1,1,pre_allocation
654,1091,normal,0,0,65535_65535,0,2,330830,514,1,1,1,19,514,20,1,1,allocated
654,1091,normal,0,0,65535_65535,0,3,196951,665,0,1,0,18,0,24,1,1,pre_allocation
654,1091,normal,0,0,65535_65535,0,3,196951,702,1,1,1,19,702,24,1,1,allocated
654,1091,normal,0,0,65535_65535,0,1,4601,816,0,1,0,18,0,28,1,1,pre_allocation
654,1091,normal,0,0,65535_65535,0,1,4601,862,1,1,1,19,862,28,1,1,allocated
654,1091,normal,0,0,65535_65535,0,4,632892,335,0,1,0,19,0,15,1,1,pre_allocation
654,1091,normal,0,0,65535_65535,0,4,632892,353,1,1,1,20,353,15,1,1,allocated
654,1091,normal,0,0,65535_65535,0,2,330830,514,0,1,0,19,0,20,1,1,pre_allocation
654,1091,normal,0,0,65535_65535,0,2,330830,541,1,1,1,20,541,20,1,1,allocated
654,1091,normal,0,0,65535_65535,0,3,196951,702,0,1,0,19,0,24,1,1,pre_allocation
654,1091,normal,0,0,65535_65535,0,3,196951,739,1,1,1,20,739,24,1,1,allocated
654,1091,normal,0,0,65535_65535,0,1,4601,862,0,1,0,19,0,28,1,1,pre_allocation
654,1091,normal,0,0,65535_65535,0,1,4601,907,1,1,1,20,907,28,1,1,allocated
654,1091,normal,0,0,65535_65535,0,4,632892,353,0,1,0,20,0,15,1,1,pre_allocation
654,1091,normal,0,0,65535_65535,0,4,632892,371,1,1,1,21,371,15,1,1,allocated
654,1091,normal,0,0,65535_65535,0,2,330830,541,0,1,0,20,0,20,1,1,pre_allocation
654,1091,normal,0,0,65535_65535,0,2,330830,568,1,1,1,21,568,20,1,1,allocated
654,1091,normal,0,0,65535_65535,0,3,196951,739,0,1,0,20,0,24,1,1,pre_allocation
654,1091,normal,0,0,65535_65535,0,3,196951,776,1,1,1,21,776,24,1,1,allocated
654,1091,normal,0,0,65535_65535,0,1,4601,907,0,1,0,20,0,28,1,1,pre_allocation
654,1091,normal,0,0,65535_65535,0,1,4601,953,1,1,1,21,953,28,1,1,allocated
654,1091,normal,0,0,65535_65535,1,8,87,0,0,1,0,0,0,15,1,1,pre_allocation
654,1091,normal,0,0,65535_65535,1,8,87,14,1,1,1,1,14,15,1,1,allocated
654,1091,normal,0,0,65535_65535,1,10,87,0,0,1,0,0,0,20,1,1,pre_allocation
654,1091,normal,0,0,65535_65535,1,10,87,24,1,1,1,1,24,20,1,1,allocated
654,1091,normal,0,0,65535_65535,1,7,87,0,0,1,0,0,0,28,1,1,pre_allocation
654,1091,normal,0,0,65535_65535,1,7,87,42,1,1,1,1,42,28,1,1,allocated
654,1091,normal,0,0,65535_65535,1,6,87,0,0,1,0,0,0,26,1,1,pre_allocation
654,1091,normal,0,0,65535_65535,1,6,87,39,1,1,1,1,39,26,1,1,allocated
654,1091,normal,0,0,65535_65535,1,8,87,14,0,1,0,1,0,15,1,1,pre_allocation
654,1091,normal,0,0,65535_65535,1,8,87,32,1,1,1,2,32,15,1,1,allocated
654,1091,normal,0,0,65535_65535,1,10,87,24,0,1,0,1,0,20,1,1,pre_allocation
654,1091,normal,0,0,65535_65535,1,10,87,51,1,1,1,2,51,20,1,1,allocated
654,1091,normal,0,0,65535_65535,1,7,87,42,0,1,0,1,0,28,1,1,pre_allocation
654,1091,normal,0,0,65535_65535,1,7,87,88,1,1,1,2,88,28,1,1,allocated
654,1091,normal,0,0,65535_65535,1,6,87,39,0,1,0,1,0,26,1,1,pre_allocation
654,1091,normal,0,0,65535_65535,1,6,87,81,1,1,1,2,81,26,1,1,allocated
654,1091,normal,0,0,65535_65535,1,8,87,32,0,1,0,2,0,15,1,1,pre_allocation
654,1091,normal,0,0,65535_65535,1,8,87,50,1,1,1,3,50,15,1,1,allocated
654,1091,normal,0,0,65535_65535,1,10,87,51,0,1,0,2,0,20,1,1,pre_allocation
654,1091,normal,0,0,65535_65535,1,10,87,78,1,1,1,3,78,20,1,1,allocated
654,1091,normal,0,0,65535_65535,1,7,87,88,0,1,0,2,0,28,1,1,pre_allocation
654,1091,normal,0,0,65535_65535,1,7,87,133,1,1,1,3,133,28,1,1,allocated
654,1091,normal,0,0,65535_65535,1,6,87,81,0,1,0,2,0,26,1,1,pre_allocation
654,1091,normal,0,0,65535_65535,1,6,87,123,1,1,1,3,123,26,1,1,allocated
654,1091,normal,0,0,65535_65535,1,8,87,50,0,1,0,3,0,15,1,1,pre_allocation
654,1091,normal,0,0,65535_65535,1,8,87,68,1,1,1,4,68,15,1,1,allocated
654,1091,normal,0,0,65535_65535,1,10,87,78,0,1,0,3,0,20,1,1,pre_allocation
654,1091,normal,0,0,65535_65535,1,10,87,105,1,1,1,4,105,20,1,1,allocated
654,1091,normal,0,0,65535_65535,1,7,87,133,0,1,0,3,0,28,1,1,pre_allocation
654,1091,normal,0,0,65535_65535,1,7,87,179,1,1,1,4,179,28,1,1,allocated
654,1091,normal,0,0,65535_65535,1,6,87,123,0,1,0,3,0,26,1,1,pre_allocation
654,1091,normal,0,0,65535_65535,1,6,87,165,1,1,1,4,165,26,1,1,allocated
654,1091,normal,0,0,65535_65535,1,8,87,68,0,1,0,4,0,15,1,1,pre_allocation
654,1091,normal,0,0,65535_65535,1,8,87,86,1,1,1,5,86,15,1,1,allocated
654,1091,normal,0,0,65535_65535,1,10,87,105,0,1,0,4,0,20,1,1,pre_allocation
654,1091,normal,0,0,65535_65535,1,10,87,133,1,1,1,5,133,20,1,1,allocated
654,1091,normal,0,0,65535_65535,1,7,87,179,0,1,0,4,0,28,1,1,pre_allocation
654,1091,normal,0,0,65535_65535,1,7,87,224,1,1,1,5,224,28,1,1,allocated
654,1091,normal,0,0,65535_65535,1,6,87,165,0,1,0,4,0,26,1,1,pre_allocation
654,1091,normal,0,0,65535_65535,1,6,87,207,1,1,1,5,207,26,1,1,allocated
654,1091,normal,0,0,65535_65535,1,8,87,86,0,1,0,5,0,15,1,1,pre_allocation
654,1091,normal,0,0,65535_65535,1,8,87,103,1,1,1,6,103,15,1,1,allocated
654,1091,normal,0,0,65535_65535,1,10,87,133,0,1,0,5,0,20,1,1,pre_allocation
654,1091,normal,0,0,65535_65535,1,10,87,160,1,1,1,6,160,20,1,1,allocated
654,1091,normal,0,0,65535_65535,1,7,87,224,0,1,0,5,0,28,1,1,pre_allocation
654,1091,normal,0,0,65535_65535,1,7,87,270,1,1,1,6,270,28,1,1,allocated
654,1091,normal,0,0,65535_65535,1,6,87,207,0,1,0,5,0,26,1,1,pre_allocation
654,1091,normal,0,0,65535_65535,1,6,87,249,1,1,1,6,249,26,1,1,allocated
654,1091,normal,0,0,65535_65535,1,8,87,103,0,1,0,6,0,15,1,1,pre_allocation
654,1091,normal,0,0,65535_65535,1,8,87,121,1,1,1,7,121,15,1,1,allocated
654,1091,normal,0,0,65535_65535,1,10,87,160,0,1,0,6,0,20,1,1,pre_allocation
654,1091,normal,0,0,65535_65535,1,10,87,187,1,1,1,7,187,20,1,1,allocated
654,1091,normal,0,0,65535_65535,1,7,87,270,0,1,0,6,0,28,1,1,pre_allocation
654,1091,normal,0,0,65535_65535,1,7,87,315,1,1,1,7,315,28,1,1,allocated
654,1091,normal,0,0,65535_65535,1,6,87,249,0,1,0,6,0,26,1,1,pre_allocation
654,1091,normal,0,0,65535_65535,1,6,87,291,1,1,1,7,291,26,1,1,allocated
654,1091,normal,0,0,65535_65535,1,8,87,121,0,1,0,7,0,15,1,1,pre_allocation
654,1091,normal,0,0,65535_65535,1,8,87,139,1,1,1,8,139,15,1,1,allocated
654,1091,normal,0,0,65535_65535,1,10,87,187,0,1,0,7,0,20,1,1,pre_allocation
654,1091,normal,0,0,65535_65535,1,10,87,214,1,1,1,8,214,20,1,1,allocated
654,1091,normal,0,0,65535_65535,1,7,87,315,0,1,0,7,0,28,1,1,pre_allocation
654,1091,normal,0,0,65535_65535,1,7,87,361,1,1,1,8,361,28,1,1,allocated
654,1091,normal,0,0,65535_65535,1,6,87,291,0,1,0,7,0,26,1,1,pre_allocation
654,1091,normal,0,0,65535_65535,1,6,87,333,1,1,1,8,333,26,1,1,allocated
654,1091,normal,0,0,65535_65535,1,8,87,139,0,1,0,8,0,15,1,1,pre_allocation
654,1091,normal,0,0,65535_65535,1,8,87,157,1,1,1,9,157,15,1,1,allocated
654,1091,normal,0,0,65535_65535,1,10,87,214,0,1,0,8,0,20,1,1,pre_allocation
654,1091,normal,0,0,65535_65535,1,10,87,242,1,1,1,9,242,20,1,1,allocated
654,1091,normal,0,0,65535_65535,1,7,87,361,0,1,0,8,0,28,1,1,pre_allocation
654,1091,normal,0,0,65535_65535,1,7,87,406,1,1,1,9,406,28,1,1,allocated
654,1091,normal,0,0,65535_65535,1,6,87,333,0,1,0,8,0,26,1,1,pre_allocation
654,1091,normal,0,0,65535_65535,1,6,87,375,1,1,1,9,375,26,1,1,allocated
654,1091,normal,0,0,65535_65535,1,8,87,157,0,1,0,9,0,15,1,1,pre_allocation
654,1091,normal,0,0,65535_65535,1,8,87,175,1,1,1,10,175,15,1,1,allocated
654,1091,normal,0,0,65535_65535,1,10,87,242,0,1,0,9,0,20,1,1,pre_allocation
654,1091,normal,0,0,65535_65535,1,10,87,269,1,1,1,10,269,20,1,1,allocated
654,1091,normal,0,0,65535_65535,1,7,87,406,0,1,0,9,0,28,1,1,pre_allocation
654,1091,normal,0,0,65535_65535,1,7,87,452,1,1,1,10,452,28,1,1,allocated
654,1091,normal,0,0,65535_65535,1,6,87,375,0,1,0,9,0,26,1,1,pre_allocation
654,1091,normal,0,0,65535_65535,1,6,87,417,1,1,1,10,417,26,1,1,allocated
654,1091,normal,0,0,65535_65535,1,8,87,175,0,1,0,10,0,15,1,1,pre_allocation
654,1091,normal,0,0,65535_65535,1,8,87,193,1,1,1,11,193,15,1,1,allocated
654,1091,normal,0,0,65535_65535,1,10,87,269,0,1,0,10,0,20,1,1,pre_allocation
654,1091,normal,0,0,65535_65535,1,10,87,296,1,1,1,11,296,20,1,1,allocated
654,1091,normal,0,0,65535_65535,1,7,87,452,0,1,0,10,0,28,1,1,pre_allocation
654,1091,normal,0,0,65535_65535,1,7,87,497,1,1,1,11,497,28,1,1,allocated
654,1091,normal,0,0,65535_65535,1,6,87,417,0,1,0,10,0,26,1,1,pre_allocation
654,1091,normal,0,0,65535_65535,1,6,87,459,1,1,1,11,459,26,1,1,allocated
654,1091,normal,0,0,65535_65535,1,8,87,193,0,1,0,11,0,15,1,1,pre_allocation
654,1091,normal,0,0,65535_65535,1,8,87,210,1,1,1,12,210,15,1,1,allocated
654,1091,normal,0,0,65535_65535,1,10,87,296,0,1,0,11,0,20,1,1,pre_allocation
654,1091,normal,0,0,65535_65535,1,10,87,323,1,1,1,12,323,20,1,1,allocated
654,1091,normal,0,0,65535_65535,1,7,87,497,0,1,0,11,0,28,1,1,pre_allocation
654,1091,normal,0,0,65535_65535,1,7,87,543,1,1,1,12,543,28,1,1,allocated
654,1091,normal,0,0,65535_65535,1,6,87,459,0,1,0,11,0,26,1,1,pre_allocation
654,1091,normal,0,0,65535_65535,1,6,87,501,1,1,1,12,501,26,1,1,allocated
654,1091,normal,0,0,65535_65535,1,8,87,210,0,1,0,12,0,15,1,1,pre_allocation
654,1091,normal,0,0,65535_65535,1,8,87,228,1,1,1,13,228,15,1,1,allocated
654,1091,normal,0,0,65535_65535,1,10,87,323,0,1,0,12,0,20,1,1,pre_allocation
654,1091,normal,0,0,65535_65535,1,10,87,350,1,1,1,13,350,20,1,1,allocated
654,1091,normal,0,0,65535_65535,1,7,87,543,0,1,0,12,0,28,1,1,pre_allocation
654,1091,normal,0,0,65535_65535,1,7,87,589,1,1,1,13,589,28,1,1,allocated
654,1091,normal,0,0,65535_65535,1,6,87,501,0,1,0,12,0,26,1,1,pre_allocation
654,1091,normal,0,0,65535_65535,1,6,87,543,1,1,1,13,543,26,1,1,allocated
654,1091,normal,0,0,65535_65535,1,8,87,228,0,1,0,13,0,15,1,1,pre_allocation
654,1091,normal,0,0,65535_65535,1,8,87,246,1,1,1,14,246,15,1,1,allocated
654,1091,normal,0,0,65535_65535,1,10,87,350,0,1,0,13,0,20,1,1,pre_allocation
654,1091,normal,0,0,65535_65535,1,10,87,378,1,1,1,14,378,20,1,1,allocated
654,1091,normal,0,0,65535_65535,1,7,87,589,0,1,0,13,0,28,1,1,pre_allocation
654,1091,normal,0,0,65535_65535,1,7,87,634,1,1,1,14,634,28,1,1,allocated
654,1091,normal,0,0,65535_65535,1,6,87,543,0,1,0,13,0,26,1,1,pre_allocation
654,1091,normal,0,0,65535_65535,1,6,87,586,1,1,1,14,586,26,1,1,allocated
654,1091,normal,0,0,65535_65535,1,8,87,246,0,1,0,14,0,15,1,1,pre_allocation
654,1091,normal,0,0,65535_65535,1,8,87,264,1,1,1,15,264,15,1,1,allocated
654,1091,normal,0,0,65535_65535,1,10,87,378,0,1,0,14,0,20,1,1,pre_allocation
654,1091,normal,0,0,65535_65535,1,10,87,405,1,1,1,15,405,20,1,1,allocated
654,1091,normal,0,0,65535_65535,1,7,87,634,0,1,0,14,0,28,1,1,pre_allocation
654,1091,normal,0,0,65535_65535,1,7,87,680,1,1,1,15,680,28,1,1,allocated
654,1091,normal,0,0,65535_65535,1,6,87,586,0,1,0,14,0,26,1,1,pre_allocation
654,1091,normal,0,0,65535_65535,1,6,87,628,1,1,1,15,628,26,1,1,allocated
654,1091,normal,0,0,65535_65535,1,8,87,264,0,1,0,15,0,15,1,1,pre_allocation
654,1091,normal,0,0,65535_65535,1,8,87,282,1,1,1,16,282,15,1,1,allocated
654,1091,normal,0,0,65535_65535,1,10,87,405,0,1,0,15,0,20,1,1,pre_allocation
654,1091,normal,0,0,65535_65535,1,10,87,432,1,1,1,16,432,20,1,1,allocated
654,1091,normal,0,0,65535_65535,1,7,87,680,0,1,0,15,0,28,1,1,pre_allocation
654,1091,normal,0,0,65535_65535,1,7,87,725,1,1,1,16,725,28,1,1,allocated
654,1091,normal,0,0,65535_65535,1,6,87,628,0,1,0,15,0,26,1,1,pre_allocation
654,1091,normal,0,0,65535_65535,1,6,87,670,1,1,1,16,670,26,1,1,allocated
654,1091,normal,0,0,65535_65535,1,8,87,282,0,1,0,16,0,15,1,1,pre_allocation
654,1091,normal,0,0,65535_65535,1,8,87,299,1,1,1,17,299,15,1,1,allocated
654,1091,normal,0,0,65535_65535,1,10,87,432,0,1,0,16,0,20,1,1,pre_allocation
654,1091,normal,0,0,65535_65535,1,10,87,459,1,1,1,17,459,20,1,1,allocated
654,1091,normal,0,0,65535_65535,1,7,87,725,0,1,0,16,0,28,1,1,pre_allocation
654,1091,normal,0,0,65535_65535,1,7,87,771,1,1,1,17,771,28,1,1,allocated
654,1091,normal,0,0,65535_65535,1,6,87,670,0,1,0,16,0,26,1,1,pre_allocation
654,1091,normal,0,0,65535_65535,1,6,87,712,1,1,1,17,712,26,1,1,allocated
654,1091,normal,0,0,65535_65535,1,8,87,299,0,1,0,17,0,15,1,1,pre_allocation
654,1091,normal,0,0,65535_65535,1,8,87,317,1,1,1,18,317,15,1,1,allocated
654,1091,normal,0,0,65535_65535,1,10,87,459,0,1,0,17,0,20,1,1,pre_allocation
654,1091,normal,0,0,65535_65535,1,10,87,487,1,1,1,18,487,20,1,1,allocated
654,1091,normal,0,0,65535_65535,1,7,87,771,0,1,0,17,0,28,1,1,pre_allocation
654,1091,normal,0,0,65535_65535,1,7,87,816,1,1,1,18,816,28,1,1,allocated
654,1091,normal,0,0,65535_65535,1,6,87,712,0,1,0,17,0,26,1,1,pre_allocation
654,1091,normal,0,0,65535_65535,1,6,87,754,1,1,1,18,754,26,1,1,allocated
654,1091,normal,0,0,65535_65535,1,8,87,317,0,1,0,18,0,15,1,1,pre_allocation
654,1091,normal,0,0,65535_65535,1,8,87,335,1,1,1,19,335,15,1,1,allocated
654,1091,normal,0,0,65535_65535,1,10,87,487,0,1,0,18,0,20,1,1,pre_allocation
654,1091,normal,0,0,65535_65535,1,10,87,514,1,1,1,19,514,20,1,1,allocated
654,1091,normal,0,0,65535_65535,1,7,87,816,0,1,0,18,0,28,1,1,pre_allocation
654,1091,normal,0,0,65535_65535,1,7,87,862,1,1,1,19,862,28,1,1,allocated
654,1091,normal,0,0,65535_65535,1,6,87,754,0,1,0,18,0,26,1,1,pre_allocation
654,1091,normal,0,0,65535_65535,1,6,87,796,1,1,1,19,796,26,1,1,allocated
654,1091,normal,0,0,65535_65535,1,8,87,335,0,1,0,19,0,15,1,1,pre_allocation
654,1091,normal,0,0,65535_65535,1,8,87,353,1,1,1,20,353,15,1,1,allocated
654,1091,normal,0,0,65535_65535,1,10,87,514,0,1,0,19,0,20,1,1,pre_allocation
654,1091,normal,0,0,65535_65535,1,10,87,541,1,1,1,20,541,20,1,1,allocated
654,1091,normal,0,0,65535_65535,1,7,87,862,0,1,0,19,0,28,1,1,pre_allocation
654,1091,normal,0,0,65535_65535,1,7,87,907,1,1,1,20,907,28,1,1,allocated
654,1091,normal,0,0,65535_65535,1,6,87,796,0,1,0,19,0,26,1,1,pre_allocation
654,1091,normal,0,0,65535_65535,1,6,87,838,1,1,1,20,838,26,1,1,allocated
654,1091,normal,0,0,65535_65535,1,8,87,353,0,1,0,20,0,15,1,1,pre_allocation
654,1091,normal,0,0,65535_65535,1,8,87,371,1,1,1,21,371,15,1,1,allocated
654,1091,normal,0,0,65535_65535,1,10,87,541,0,1,0,20,0,20,1,1,pre_allocation
654,1091,normal,0,0,65535_65535,1,10,87,568,1,1,1,21,568,20,1,1,allocated
654,1091,normal,0,0,65535_65535,1,7,87,907,0,1,0,20,0,28,1,1,pre_allocation
654,1091,normal,0,0,65535_65535,1,7,87,953,1,1,1,21,953,28,1,1,allocated
654,1091,normal,0,0,65535_65535,1,6,87,838,0,1,0,20,0,26,1,1,pre_allocation
654,1091,normal,0,0,65535_65535,1,6,87,880,1,1,1,21,880,26,1,1,allocated
654,1091,normal,0,0,65535_65535,1,8,87,371,0,1,0,21,0,15,1,1,pre_allocation
654,1091,normal,0,0,65535_65535,1,8,87,389,1,1,1,22,389,15,1,1,allocated
654,1091,normal,0,0,65535_65535,1,10,87,568,0,1,0,21,0,20,1,1,pre_allocation
654,1091,normal,0,0,65535_65535,1,10,87,595,1,1,1,22,595,20,1,1,allocated
654,1091,normal,0,0,65535_65535,1,7,87,953,0,1,0,21,0,28,1,1,pre_allocation
654,1091,normal,0,0,65535_65535,1,7,87,998,1,1,1,22,998,28,1,1,allocated
654,1091,normal,0,0,65535_65535,1,6,87,880,0,1,0,21,0,26,1,1,pre_allocation
654,1091,normal,0,0,65535_65535,1,6,87,922,1,1,1,22,922,26,1,1,allocated
654,1091,normal,0,0,65535_65535,1,8,87,389,0,1,0,22,0,15,1,1,pre_allocation
654,1091,normal,0,0,65535_65535,1,8,87,406,1,1,1,23,406,15,1,1,allocated
654,1091,normal,0,0,65535_65535,1,10,87,595,0,1,0,22,0,20,1,1,pre_allocation
654,1091,normal,0,0,65535_65535,1,10,87,623,1,1,1,23,623,20,1,1,allocated
654,1091,normal,0,0,65535_65535,1,7,87,998,0,1,0,22,0,28,1,1,pre_allocation
654,1091,normal,0,0,65535_65535,1,7,87,1044,1,1,1,23,1044,28,1,1,allocated
654,1091,normal,0,0,65535_65535,1,6,87,922,0,1,0,22,0,26,1,1,pre_allocation
654,1091,normal,0,0,65535_65535,1,6,87,964,1,1,1,23,964,26,1,1,allocated
654,1091,normal,0,0,65535_65535,1,8,87,406,0,1,0,23,0,15,1,1,pre_allocation
654,1091,normal,0,0,65535_65535,1,8,87,424,1,1,1,24,424,15,1,1,allocated
654,1091,normal,0,0,65535_65535,2,11,137,0,0,1,0,0,0,4,1,1,pre_allocation
654,1091,normal,0,0,65535_65535,2,11,137,0,1,1,1,1,0,4,1,1,allocated
654,1091,normal,0,0,65535_65535,2,12,137,0,0,1,0,0,0,15,1,1,pre_allocation
654,1091,normal,0,0,65535_65535,2,12,137,14,1,1,1,1,14,15,1,1,allocated
654,1091,normal,0,0,65535_65535,2,24,137,0,0,1,0,0,0,6,1,1,pre_allocation
654,1091,normal,0,0,65535_65535,2,24,137,1,1,1,1,1,1,6,1,1,allocated
654,1091,normal,0,0,65535_65535,2,22,137,0,0,1,0,0,0,24,1,1,pre_allocation
654,1091,normal,0,0,65535_65535,2,22,137,34,1,1,1,1,34,24,1,1,allocated
654,1091,normal,0,0,65535_65535,2,13,137,0,0,1,0,0,0,28,1,1,pre_allocation
654,1091,normal,0,0,65535_65535,2,13,137,42,1,1,1,1,42,28,1,1,allocated
654,1091,normal,0,0,65535_65535,2,23,137,0,0,1,0,0,0,28,1,1,pre_allocation
654,1091,normal,0,0,65535_65535,2,23,137,42,1,1,1,1,42,28,1,1,allocated
654,1091,normal,0,0,65535_65535,2,26,137,0,0,1,0,0,0,28,1,1,pre_allocation
654,1091,normal,0,0,65535_65535,2,26,137,42,1,1,1,1,42,28,1,1,allocated
654,1091,normal,0,0,65535_65535,2,11,137,0,0,1,0,1,0,4,1,1,pre_allocation
654,1091,normal,0,0,65535_65535,2,11,137,3,1,1,1,2,3,4,1,1,allocated
654,1091,normal,0,0,65535_65535,2,12,137,14,0,1,0,1,0,15,1,1,pre_allocation
654,1091,normal,0,0,65535_65535,2,12,137,32,1,1,1,2,32,15,1,1,allocated
654,1091,normal,0,0,65535_65535,2,24,137,1,0,1,0,1,0,6,1,1,pre_allocation
654,1091,normal,0,0,65535_65535,2,24,137,6,1,1,1,2,6,6,1,1,allocated
654,1091,normal,0,0,65535_65535,2,22,137,34,0,1,0,1,0,24,1,1,pre_allocation
654,1091,normal,0,0,65535_65535,2,22,137,71,1,1,1,2,71,24,1,1,allocated
654,1091,normal,0,0,65535_65535,2,13,137,42,0,1,0,1,0,28,1,1,pre_allocation
654,1091,normal,0,0,65535_65535,2,13,137,88,1,1,1,2,88,28,1,1,allocated
654,1091,normal,0,0,65535_65535,2,23,137,42,0,1,0,1,0,28,1,1,pre_allocation
654,1091,normal,0,0,65535_65535,2,23,137,88,1,1,1,2,88,28,1,1,allocated
654,1091,normal,0,0,65535_65535,2,26,137,42,0,1,0,1,0,28,1,1,pre_allocation
654,1091,normal,0,0,65535_65535,2,26,137,88,1,1,1,2,88,28,1,1,allocated
654,1091,normal,0,0,65535_65535,2,11,137,3,0,1,0,2,0,4,1,1,pre_allocation
654,1091,normal,0,0,65535_65535,2,11,137,6,1,1,1,3,6,4,1,1,allocated
654,1091,normal,0,0,65535_65535,2,12,137,32,0,1,0,2,0,15,1,1,pre_allocation
654,1091,normal,0,0,65535_65535,2,12,137,50,1,1,1,3,50,15,1,1,allocated
654,1091,normal,0,0,65535_65535,2,24,137,6,0,1,0,2,0,6,1,1,pre_allocation
654,1091,normal,0,0,65535_65535,2,24,137,11,1,1,1,3,11,6,1,1,allocated
654,1091,normal,0,0,65535_65535,2,22,137,71,0,1,0,2,0,24,1,1,pre_allocation
654,1091,normal,0,0,65535_65535,2,22,137,108,1,1,1,3,108,24,1,1,allocated
654,1091,normal,0,0,65535_65535,2,13,137,88,0,1,0,2,0,28,1,1,pre_allocation
654,1091,normal,0,0,65535_65535,2,13,137,133,1,1,1,3,133,28,1,1,allocated
654,1091,normal,0,0,65535_65535,2,23,137,88,0,1,0,2,0,28,1,1,pre_allocation
654,1091,normal,0,0,65535_65535,2,23,137,133,1,1,1,3,133,28,1,1,allocated
654,1091,normal,0,0,65535_65535,2,26,137,88,0,1,0,2,0,28,1,1,pre_allocation
654,1091,normal,0,0,65535_65535,2,26,137,133,1,1,1,3,133,28,1,1,allocated
654,1091,normal,0,0,65535_65535,2,11,137,6,0,1,0,3,0,4,1,1,pre_allocation
654,1091,normal,0,0,65535_65535,2,11,137,9,1,1,1,4,9,4,1,1,allocated
654,1091,normal,0,0,65535_65535,2,12,137,50,0,1,0,3,0,15,1,1,pre_allocation
654,1091,normal,0,0,65535_65535,2,12,137,68,1,1,1,4,68,15,1,1,allocated
654,1091,normal,0,0,65535_65535,2,24,137,11,0,1,0,3,0,6,1,1,pre_allocation
654,1091,normal,0,0,65535_65535,2,24,137,16,1,1,1,4,16,6,1,1,allocated
654,1091,normal,0,0,65535_65535,2,22,137,108,0,1,0,3,0,24,1,1,pre_allocation
654,1091,normal,0,0,65535_65535,2,22,137,145,1,1,1,4,145,24,1,1,allocated
654,1091,normal,0,0,65535_65535,2,13,137,133,0,1,0,3,0,28,1,1,pre_allocation
654,1091,normal,0,0,65535_65535,2,13,137,179,1,1,1,4,179,28,1,1,allocated
654,1091,normal,0,0,65535_65535,2,23,137,133,0,1,0,3,0,28,1,1,pre_allocation
654,1091,normal,0,0,65535_65535,2,23,137,179,1,1,1,4,179,28,1,1,allocated
654,1091,normal,0,0,65535_65535,2,26,137,133,0,1,0,3,0,28,1,1,pre_allocation
654,1091,normal,0,0,65535_65535,2,26,137,179,1,1,1,4,179,28,1,1,allocated
654,1091,normal,0,0,65535_65535,2,11,137,9,0,1,0,4,0,4,1,1,pre_allocation
654,1091,normal,0,0,65535_65535,2,11,137,12,1,1,1,5,12,4,1,1,allocated
654,1091,normal,0,0,65535_65535,2,12,137,68,0,1,0,4,0,15,1,1,pre_allocation
654,1091,normal,0,0,65535_65535,2,12,137,86,1,1,1,5,86,15,1,1,allocated
654,1091,normal,0,0,65535_65535,2,24,137,16,0,1,0,4,0,6,1,1,pre_allocation
654,1091,normal,0,0,65535_65535,2,24,137,21,1,1,1,5,21,6,1,1,allocated
654,1091,normal,0,0,65535_65535,2,22,137,145,0,1,0,4,0,24,1,1,pre_allocation
654,1091,normal,0,0,65535_65535,2,22,137,182,1,1,1,5,182,24,1,1,allocated
654,1091,normal,0,0,65535_65535,2,13,137,179,0,1,0,4,0,28,1,1,pre_allocation
654,1091,normal,0,0,65535_65535,2,13,137,224,1,1,1,5,224,28,1,1,allocated
654,1091,normal,0,0,65535_65535,2,23,137,179,0,1,0,4,0,28,1,1,pre_allocation
654,1091,normal,0,0,65535_65535,2,23,137,224,1,1,1,5,224,28,1,1,allocated
654,1091,normal,0,0,65535_65535,2,26,137,179,0,1,0,4,0,28,1,1,pre_allocation
654,1091,normal,0,0,65535_65535,2,26,137,224,1,1,1,5,224,28,1,1,allocated
654,1091,normal,0,0,65535_65535,2,11,137,12,0,1,0,5,0,4,1,1,pre_allocation
654,1091,normal,0,0,65535_65535,2,11,137,15,1,1,1,6,15,4,1,1,allocated
654,1091,normal,0,0,65535_65535,2,12,137,86,0,1,0,5,0,15,1,1,pre_allocation
654,1091,normal,0,0,65535_65535,2,12,137,103,1,1,1,6,103,15,1,1,allocated
654,1091,normal,0,0,65535_65535,2,24,137,21,0,1,0,5,0,6,1,1,pre_allocation
654,1091,normal,0,0,65535_65535,2,24,137,26,1,1,1,6,26,6,1,1,allocated
654,1091,normal,0,0,65535_65535,2,22,137,182,0,1,0,5,0,24,1,1,pre_allocation
654,1091,normal,0,0,65535_65535,2,22,137,219,1,1,1,6,219,24,1,1,allocated
654,1091,normal,0,0,65535_65535,2,13,137,224,0,1,0,5,0,28,1,1,pre_allocation
654,1091,normal,0,0,65535_65535,2,13,137,270,1,1,1,6,270,28,1,1,allocated
654,1091,normal,0,0,65535_65535,2,23,137,224,0,1,0,5,0,28,1,1,pre_allocation
654,1091,normal,0,0,65535_65535,2,23,137,270,1,1,1,6,270,28,1,1,allocated
654,1091,normal,0,0,65535_65535,2,26,137,224,0,1,0,5,0,28,1,1,pre_allocation
654,1091,normal,0,0,65535_65535,2,26,137,270,1,1,1,6,270,28,1,1,allocated
654,1091,normal,0,0,65535_65535,2,11,137,15,0,1,0,6,0,4,1,1,pre_allocation
654,1091,normal,0,0,65535_65535,2,11,137,18,1,1,1,7,18,4,1,1,allocated
654,1091,normal,0,0,65535_65535,2,12,137,103,0,1,0,6,0,15,1,1,pre_allocation
654,1091,normal,0,0,65535_65535,2,12,137,121,1,1,1,7,121,15,1,1,allocated
654,1091,normal,0,0,65535_65535,2,24,137,26,0,1,0,6,0,6,1,1,pre_allocation
654,1091,normal,0,0,65535_65535,2,24,137,31,1,1,1,7,31,6,1,1,allocated
654,1091,normal,0,0,65535_65535,2,22,137,219,0,1,0,6,0,24,1,1,pre_allocation
654,1091,normal,0,0,65535_65535,2,22,137,256,1,1,1,7,256,24,1,1,allocated
654,1091,normal,0,0,65535_65535,2,13,137,270,0,1,0,6,0,28,1,1,pre_allocation
654,1091,normal,0,0,65535_65535,2,13,137,315,1,1,1,7,315,28,1,1,allocated
654,1091,normal,0,0,65535_65535,2,23,137,270,0,1,0,6,0,28,1,1,pre_allocation
654,1091,normal,0,0,65535_65535,2,23,137,315,1,1,1,7,315,28,1,1,allocated
654,1091,normal,0,0,65535_65535,2,26,137,270,0,1,0,6,0,28,1,1,pre_allocation
654,1091,normal,0,0,65535_65535,2,26,137,315,1,1,1,7,315,28,1,1,allocated
654,1091,normal,0,0,65535_65535,2,11,137,18,0,1,0,7,0,4,1,1,pre_allocation
654,1091,normal,0,0,65535_65535,2,11,137,22,1,1,1,8,22,4,1,1,allocated
654,1091,normal,0,0,65535_65535,2,12,137,121,0,1,0,7,0,15,1,1,pre_allocation
654,1091,normal,0,0,65535_65535,2,12,137,139,1,1,1,8,139,15,1,1,allocated
654,1091,normal,0,0,65535_65535,2,24,137,31,0,1,0,7,0,6,1,1,pre_allocation
654,1091,normal,0,0,65535_65535,2,24,137,36,1,1,1,8,36,6,1,1,allocated
654,1091,normal,0,0,65535_65535,2,22,137,256,0,1,0,7,0,24,1,1,pre_allocation
654,1091,normal,0,0,65535_65535,2,22,137,294,1,1,1,8,294,24,1,1,allocated
654,1091,normal,0,0,65535_65535,2,13,137,315,0,1,0,7,0,28,1,1,pre_allocation
654,1091,normal,0,0,65535_65535,2,13,137,361,1,1,1,8,361,28,1,1,allocated
654,1091,normal,0,0,65535_65535,2,23,137,315,0,1,0,7,0,28,1,1,pre_allocation
654,1091,normal,0,0,65535_65535,2,23,137,361,1,1,1,8,361,28,1,1,allocated
654,1091,normal,0,0,65535_65535,2,26,137,315,0,1,0,7,0,28,1,1,pre_allocation
654,1091,normal,0,0,65535_65535,2,26,137,361,1,1,1,8,361,28,1,1,allocated
654,1091,normal,0,0,65535_65535,2,11,137,22,0,1,0,8,0,4,1,1,pre_allocation
654,1091,normal,0,0,65535_65535,2,11,137,25,1,1,1,9,25,4,1,1,allocated
654,1091,normal,0,0,65535_65535,2,12,137,139,0,1,0,8,0,15,1,1,pre_allocation
654,1091,normal,0,0,65535_65535,2,12,137,157,1,1,1,9,157,15,1,1,allocated
654,1091,normal,0,0,65535_65535,2,24,137,36,0,1,0,8,0,6,1,1,pre_allocation
654,1091,normal,0,0,65535_65535,2,24,137,41,1,1,1,9,41,6,1,1,allocated
654,1091,normal,0,0,65535_65535,2,22,137,294,0,1,0,8,0,24,1,1,pre_allocation
654,1091,normal,0,0,65535_65535,2,22,137,331,1,1,1,9,331,24,1,1,allocated
654,1091,normal,0,0,65535_65535,2,13,137,361,0,1,0,8,0,28,1,1,pre_allocation
654,1091,normal,0,0,65535_65535,2,13,137,406,1,1,1,9,406,28,1,1,allocated
654,1091,normal,0,0,65535_65535,2,23,137,361,0,1,0,8,0,28,1,1,pre_allocation
654,1091,normal,0,0,65535_65535,2,23,137,406,1,1,1,9,406,28,1,1,allocated
654,1091,normal,0,0,65535_65535,2,26,137,361,0,1,0,8,0,28,1,1,pre_allocation
654,1091,normal,0,0,65535_65535,2,26,137,406,1,1,1,9,406,28,1,1,allocated
654,1091,normal,0,0,65535_65535,2,11,137,25,0,1,0,9,0,4,1,1,pre_allocation
654,1091,normal,0,0,65535_65535,2,11,137,28,1,1,1,10,28,4,1,1,allocated
654,1091,normal,0,0,65535_65535,2,12,137,157,0,1,0,9,0,15,1,1,pre_allocation
654,1091,normal,0,0,65535_65535,2,12,137,175,1,1,1,10,175,15,1,1,allocated
654,1091,normal,0,0,65535_65535,2,24,137,41,0,1,0,9,0,6,1,1,pre_allocation
654,1091,normal,0,0,65535_65535,2,24,137,46,1,1,1,10,46,6,1,1,allocated
654,1091,normal,0,0,65535_65535,2,22,137,331,0,1,0,9,0,24,1,1,pre_allocation
654,1091,normal,0,0,65535_65535,2,22,137,368,1,1,1,10,368,24,1,1,allocated
654,1091,normal,0,0,65535_65535,2,13,137,406,0,1,0,9,0,28,1,1,pre_allocation
654,1091,normal,0,0,65535_65535,2,13,137,452,1,1,1,10,452,28,1,1,allocated
654,1091,normal,0,0,65535_65535,2,23,137,406,0,1,0,9,0,28,1,1,pre_allocation
654,1091,normal,0,0,65535_65535,2,23,137,452,1,1,1,10,452,28,1,1,allocated
654,1091,normal,0,0,65535_65535,2,26,137,406,0,1,0,9,0,28,1,1,pre_allocation
654,1091,normal,0,0,65535_65535,2,26,137,452,1,1,1,10,452,28,1,1,allocated
654,1091,normal,0,0,65535_65535,2,11,137,28,0,1,0,10,0,4,1,1,pre_allocation
654,1091,normal,0,0,65535_65535,2,11,137,31,1,1,1,11,31,4,1,1,allocated
654,1091,normal,0,0,65535_65535,2,12,137,175,0,1,0,10,0,15,1,1,pre_allocation
654,1091,normal,0,0,65535_65535,2,12,137,193,1,1,1,11,193,15,1,1,allocated
654,1091,normal,0,0,65535_65535,2,24,137,46,0,1,0,10,0,6,1,1,pre_allocation
654,1091,normal,0,0,65535_65535,2,24,137,51,1,1,1,11,51,6,1,1,allocated
654,1091,normal,0,0,65535_65535,2,22,137,368,0,1,0,10,0,24,1,1,pre_allocation
654,1091,normal,0,0,65535_65535,2,22,137,405,1,1,1,11,405,24,1,1,allocated
654,1091,normal,0,0,65535_65535,2,13,137,452,0,1,0,10,0,28,1,1,pre_allocation
654,1091,normal,0,0,65535_65535,2,13,137,497,1,1,1,11,497,28,1,1,allocated
654,1091,normal,0,0,65535_65535,2,23,137,452,0,1,0,10,0,28,1,1,pre_allocation
654,1091,normal,0,0,65535_65535,2,23,137,497,1,1,1,11,497,28,1,1,allocated
654,1091,normal,0,0,65535_65535,2,26,137,452,0,1,0,10,0,28,1,1,pre_allocation
654,1091,normal,0,0,65535_65535,2,26,137,497,1,1,1,11,497,28,1,1,allocated
654,1091,normal,0,0,65535_65535,2,11,137,31,0,1,0,11,0,4,1,1,pre_allocation
654,1091,normal,0,0,65535_65535,2,11,137,34,1,1,1,12,34,4,1,1,allocated
654,1091,normal,0,0,65535_65535,2,12,137,193,0,1,0,11,0,15,1,1,pre_allocation
654,1091,normal,0,0,65535_65535,2,12,137,210,1,1,1,12,210,15,1,1,allocated
654,1091,normal,0,0,65535_65535,2,24,137,51,0,1,0,11,0,6,1,1,pre_allocation
654,1091,normal,0,0,65535_65535,2,24,137,56,1,1,1,12,56,6,1,1,allocated
654,1091,normal,0,0,65535_65535,2,22,137,405,0,1,0,11,0,24,1,1,pre_allocation
654,1091,normal,0,0,65535_65535,2,22,137,442,1,1,1,12,442,24,1,1,allocated
654,1091,normal,0,0,65535_65535,2,13,137,497,0,1,0,11,0,28,1,1,pre_allocation
654,1091,normal,0,0,65535_65535,2,13,137,543,1,1,1,12,543,28,1,1,allocated
654,1091,normal,0,0,65535_65535,2,23,137,497,0,1,0,11,0,28,1,1,pre_allocation
654,1091,normal,0,0,65535_65535,2,23,137,543,1,1,1,12,543,28,1,1,allocated
654,1091,normal,0,0,65535_65535,2,26,137,497,0,1,0,11,0,28,1,1,pre_allocation
654,1091,normal,0,0,65535_65535,2,26,137,543,1,1,1,12,543,28,1,1,allocated
654,1091,normal,0,0,65535_65535,2,11,137,34,0,1,0,12,0,4,1,1,pre_allocation
654,1091,normal,0,0,65535_65535,2,11,137,37,1,1,1,13,37,4,1,1,allocated
654,1091,normal,0,0,65535_65535,2,12,137,210,0,1,0,12,0,15,1,1,pre_allocation
654,1091,normal,0,0,65535_65535,2,12,137,228,1,1,1,13,228,15,1,1,allocated
654,1091,normal,0,0,65535_65535,2,24,137,56,0,1,0,12,0,6,1,1,pre_allocation
654,1091,normal,0,0,65535_65535,2,24,137,61,1,1,1,13,61,6,1,1,allocated
654,1091,normal,0,0,65535_65535,2,22,137,442,0,1,0,12,0,24,1,1,pre_allocation
654,1091,normal,0,0,65535_65535,2,22,137,479,1,1,1,13,479,24,1,1,allocated
654,1091,normal,0,0,65535_65535,2,13,137,543,0,1,0,12,0,28,1,1,pre_allocation
654,1091,normal,0,0,65535_65535,2,13,137,589,1,1,1,13,589,28,1,1,allocated
766,1189,normal,0,0,65535_65535,0,4,729740,0,0,1,0,0,0,15,1,1,pre_allocation
766,1189,normal,0,0,65535_65535,0,4,729740,14,1,1,1,1,14,15,1,1,allocated
766,1189,normal,0,0,65535_65535,0,2,374083,0,0,1,0,0,0,22,1,1,pre_allocation
766,1189,normal,0,0,65535_65535,0,2,374083,29,1,1,1,1,29,22,1,1,allocated
766,1189,normal,0,0,65535_65535,0,3,207217,0,0,1,0,0,0,24,1,1,pre_allocation
766,1189,normal,0,0,65535_65535,0,3,207217,34,1,1,1,1,34,24,1,1,allocated
766,1189,normal,0,0,65535_65535,0,1,3069,0,0,1,0,0,0,28,1,1,pre_allocation
766,1189,normal,0,0,65535_65535,0,1,3069,42,1,1,1,1,42,28,1,1,allocated
766,1189,normal,0,0,65535_65535,0,4,729740,14,0,1,0,1,0,15,1,1,pre_allocation
766,1189,normal,0,0,65535_65535,0,4,729740,32,1,1,1,2,32,15,1,1,allocated
766,1189,normal,0,0,65535_65535,0,2,374083,29,0,1,0,1,0,22,1,1,pre_allocation
766,1189,normal,0,0,65535_65535,0,2,374083,61,1,1,1,2,61,22,1,1,allocated
766,1189,normal,0,0,65535_65535,0,3,207217,34,0,1,0,1,0,24,1,1,pre_allocation
766,1189,normal,0,0,65535_65535,0,3,207217,71,1,1,1,2,71,24,1,1,allocated
766,1189,normal,0,0,65535_65535,0,1,3069,42,0,1,0,1,0,28,1,1,pre_allocation
766,1189,normal,0,0,65535_65535,0,1,3069,88,1,1,1,2,88,28,1,1,allocated
766,1189,normal,0,0,65535_65535,0,4,729740,32,0,1,0,2,0,15,1,1,pre_allocation
766,1189,normal,0,0,65535_65535,0,4,729740,50,1,1,1,3,50,15,1,1,allocated
766,1189,normal,0,0,65535_65535,0,2,374083,61,0,1,0,2,0,22,1,1,pre_allocation
766,1189,normal,0,0,65535_65535,0,2,374083,93,1,1,1,3,93,22,1,1,allocated
766,1189,normal,0,0,65535_65535,0,3,207217,71,0,1,0,2,0,24,1,1,pre_allocation
766,1189,normal,0,0,65535_65535,0,3,207217,108,1,1,1,3,108,24,1,1,allocated
766,1189,normal,0,0,65535_65535,0,1,3069,88,0,1,0,2,0,28,1,1,pre_allocation
766,1189,normal,0,0,65535_65535,0,1,3069,133,1,1,1,3,133,28,1,1,allocated
766,1189,normal,0,0,65535_65535,0,4,729740,50,0,1,0,3,0,15,1,1,pre_allocation
766,1189,normal,0,0,65535_65535,0,4,729740,68,1,1,1,4,68,15,1,1,allocated
766,1189,normal,0,0,65535_65535,0,2,374083,93,0,1,0,3,0,22,1,1,pre_allocation
766,1189,normal,0,0,65535_65535,0,2,374083,125,1,1,1,4,125,22,1,1,allocated
766,1189,normal,0,0,65535_65535,0,3,207217,108,0,1,0,3,0,24,1,1,pre_allocation
766,1189,normal,0,0,65535_65535,0,3,207217,145,1,1,1,4,145,24,1,1,allocated
766,1189,normal,0,0,65535_65535,0,1,3069,133,0,1,0,3,0,28,1,1,pre_allocation
766,1189,normal,0,0,65535_65535,0,1,3069,179,1,1,1,4,179,28,1,1,allocated
766,1189,normal,0,0,65535_65535,0,4,729740,68,0,1,0,4,0,15,1,1,pre_allocation
766,1189,normal,0,0,65535_65535,0,4,729740,86,1,1,1,5,86,15,1,1,allocated
766,1189,normal,0,0,65535_65535,0,2,374083,125,0,1,0,4,0,22,1,1,pre_allocation
766,1189,normal,0,0,65535_65535,0,2,374083,157,1,1,1,5,157,22,1,1,allocated
766,1189,normal,0,0,65535_65535,0,3,207217,145,0,1,0,4,0,24,1,1,pre_allocation
766,1189,normal,0,0,65535_65535,0,3,207217,182,1,1,1,5,182,24,1,1,allocated
766,1189,normal,0,0,65535_65535,0,1,3069,179,0,1,0,4,0,28,1,1,pre_allocation
766,1189,normal,0,0,65535_65535,0,1,3069,224,1,1,1,5,224,28,1,1,allocated
766,1189,normal,0,0,65535_65535,0,4,729740,86,0,1,0,5,0,15,1,1,pre_allocation
766,1189,normal,0,0,65535_65535,0,4,729740,103,1,1,1,6,103,15,1,1,allocated
766,1189,normal,0,0,65535_65535,0,2,374083,157,0,1,0,5,0,22,1,1,pre_allocation
766,1189,normal,0,0,65535_65535,0,2,374083,190,1,1,1,6,190,22,1,1,allocated
766,1189,normal,0,0,65535_65535,0,3,207217,182,0,1,0,5,0,24,1,1,pre_allocation
766,1189,normal,0,0,65535_65535,0,3,207217,219,1,1,1,6,219,24,1,1,allocated
766,1189,normal,0,0,65535_65535,0,1,3069,224,0,1,0,5,0,28,1,1,pre_allocation
766,1189,normal,0,0,65535_65535,0,1,3069,270,1,1,1,6,270,28,1,1,allocated
766,1189,normal,0,0,65535_65535,0,4,729740,103,0,1,0,6,0,15,1,1,pre_allocation
766,1189,normal,0,0,65535_65535,0,4,729740,121,1,1,1,7,121,15,1,1,allocated
766,1189,normal,0,0,65535_65535,0,2,374083,190,0,1,0,6,0,22,1,1,pre_allocation
766,1189,normal,0,0,65535_65535,0,2,374083,222,1,1,1,7,222,22,1,1,allocated
766,1189,normal,0,0,65535_65535,0,3,207217,219,0,1,0,6,0,24,1,1,pre_allocation
766,1189,normal,0,0,65535_65535,0,3,207217,256,1,1,1,7,256,24,1,1,allocated
766,1189,normal,0,0,65535_65535,0,1,3069,270,0,1,0,6,0,28,1,1,pre_allocation
766,1189,normal,0,0,65535_65535,0,1,3069,315,1,1,1,7,315,28,1,1,allocated
766,1189,normal,0,0,65535_65535,0,4,729740,121,0,1,0,7,0,15,1,1,pre_allocation
766,1189,normal,0,0,65535_65535,0,4,729740,139,1,1,1,8,139,15,1,1,allocated
766,1189,normal,0,0,65535_65535,0,2,374083,222,0,1,0,7,0,22,1,1,pre_allocation
766,1189,normal,0,0,65535_65535,0,2,374083,254,1,1,1,8,254,22,1,1,allocated
766,1189,normal,0,0,65535_65535,0,3,207217,256,0,1,0,7,0,24,1,1,pre_allocation
766,1189,normal,0,0,65535_65535,0,3,207217,294,1,1,1,8,294,24,1,1,allocated
766,1189,normal,0,0,65535_65535,0,1,3069,315,0,1,0,7,0,28,1,1,pre_allocation
766,1189,normal,0,0,65535_65535,0,1,3069,361,1,1,1,8,361,28,1,1,allocated
766,1189,normal,0,0,65535_65535,0,4,729740,139,0,1,0,8,0,15,1,1,pre_allocation
766,1189,normal,0,0,65535_65535,0,4,729740,157,1,1,1,9,157,15,1,1,allocated
766,1189,normal,0,0,65535_65535,0,2,374083,254,0,1,0,8,0,22,1,1,pre_allocation
766,1189,normal,0,0,65535_65535,0,2,374083,286,1,1,1,9,286,22,1,1,allocated
766,1189,normal,0,0,65535_65535,0,3,207217,294,0,1,0,8,0,24,1,1,pre_allocation
766,1189,normal,0,0,65535_65535,0,3,207217,331,1,1,1,9,331,24,1,1,allocated
766,1189,normal,0,0,65535_65535,0,1,3069,361,0,1,0,8,0,28,1,1,pre_allocation
766,1189,normal,0,0,65535_65535,0,1,3069,406,1,1,1,9,406,28,1,1,allocated
766,1189,normal,0,0,65535_65535,0,4,729740,157,0,1,0,9,0,15,1,1,pre_allocation
766,1189,normal,0,0,65535_65535,0,4,729740,175,1,1,1,10,175,15,1,1,allocated
766,1189,normal,0,0,65535_65535,0,2,374083,286,0,1,0,9,0,22,1,1,pre_allocation
766,1189,normal,0,0,65535_65535,0,2,374083,318,1,1,1,10,318,22,1,1,allocated
766,1189,normal,0,0,65535_65535,0,3,207217,331,0,1,0,9,0,24,1,1,pre_allocation
766,1189,normal,0,0,65535_65535,0,3,207217,368,1,1,1,10,368,24,1,1,allocated
766,1189,normal,0,0,65535_65535,0,1,3069,406,0,1,0,9,0,28,1,1,pre_allocation
766,1189,normal,0,0,65535_65535,0,1,3069,452,1,1,1,10,452,28,1,1,allocated
766,1189,normal,0,0,65535_65535,0,4,729740,175,0,1,0,10,0,15,1,1,pre_allocation
766,1189,normal,0,0,65535_65535,0,4,729740,193,1,1,1,11,193,15,1,1,allocated
766,1189,normal,0,0,65535_65535,0,2,374083,318,0,1,0,10,0,22,1,1,pre_allocation
766,1189,normal,0,0,65535_65535,0,2,374083,350,1,1,1,11,350,22,1,1,allocated
766,1189,normal,0,0,65535_65535,0,3,207217,368,0,1,0,10,0,24,1,1,pre_allocation
766,1189,normal,0,0,65535_65535,0,3,207217,405,1,1,1,11,405,24,1,1,allocated
766,1189,normal,0,0,65535_65535,0,1,3069,452,0,1,0,10,0,28,1,1,pre_allocation
766,1189,normal,0,0,65535_65535,0,1,3069,497,1,1,1,11,497,28,1,1,allocated
766,1189,normal,0,0,65535_65535,0,4,729740,193,0,1,0,11,0,15,1,1,pre_allocation
766,1189,normal,0,0,65535_65535,0,4,729740,210,1,1,1,12,210,15,1,1,allocated
766,1189,normal,0,0,65535_65535,0,2,374083,350,0,1,0,11,0,22,1,1,pre_allocation
766,1189,normal,0,0,65535_65535,0,2,374083,383,1,1,1,12,383,22,1,1,allocated
766,1189,normal,0,0,65535_65535,0,3,207217,405,0,1,0,11,0,24,1,1,pre_allocation
766,1189,normal,0,0,65535_65535,0,3,207217,442,1,1,1,12,442,24,1,1,allocated
766,1189,normal,0,0,65535_65535,0,1,3069,497,0,1,0,11,0,28,1,1,pre_allocation
766,1189,normal,0,0,65535_65535,0,1,3069,543,1,1,1,12,543,28,1,1,allocated
766,1189,normal,0,0,65535_65535,0,4,729740,210,0,1,0,12,0,15,1,1,pre_allocation
766,1189,normal,0,0,65535_65535,0,4,729740,228,1,1,1,13,228,15,1,1,allocated
766,1189,normal,0,0,65535_65535,0,2,374083,383,0,1,0,12,0,22,1,1,pre_allocation
766,1189,normal,0,0,65535_65535,0,2,374083,415,1,1,1,13,415,22,1,1,allocated
766,1189,normal,0,0,65535_65535,0,3,207217,442,0,1,0,12,0,24,1,1,pre_allocation
766,1189,normal,0,0,65535_65535,0,3,207217,479,1,1,1,13,479,24,1,1,allocated
766,1189,normal,0,0,65535_65535,0,1,3069,543,0,1,0,12,0,28,1,1,pre_allocation
766,1189,normal,0,0,65535_65535,0,1,3069,589,1,1,1,13,589,28,1,1,allocated
766,1189,normal,0,0,65535_65535,0,4,729740,228,0,1,0,13,0,15,1,1,pre_allocation
766,1189,normal,0,0,65535_65535,0,4,729740,246,1,1,1,14,246,15,1,1,allocated
766,1189,normal,0,0,65535_65535,0,2,374083,415,0,1,0,13,0,22,1,1,pre_allocation
766,1189,normal,0,0,65535_65535,0,2,374083,447,1,1,1,14,447,22,1,1,allocated
766,1189,normal,0,0,65535_65535,0,3,207217,479,0,1,0,13,0,24,1,1,pre_allocation
766,1189,normal,0,0,65535_65535,0,3,207217,516,1,1,1,14,516,24,1,1,allocated
766,1189,normal,0,0,65535_65535,0,1,3069,589,0,1,0,13,0,28,1,1,pre_allocation
766,1189,normal,0,0,65535_65535,0,1,3069,634,1,1,1,14,634,28,1,1,allocated
766,1189,normal,0,0,65535_65535,0,4,729740,246,0,1,0,14,0,15,1,1,pre_allocation
766,1189,normal,0,0,65535_65535,0,4,729740,264,1,1,1,15,264,15,1,1,allocated
766,1189,normal,0,0,65535_65535,0,2,374083,447,0,1,0,14,0,22,1,1,pre_allocation
766,1189,normal,0,0,65535_65535,0,2,374083,479,1,1,1,15,479,22,1,1,allocated
766,1189,normal,0,0,65535_65535,0,3,207217,516,0,1,0,14,0,24,1,1,pre_allocation
766,1189,normal,0,0,65535_65535,0,3,207217,553,1,1,1,15,553,24,1,1,allocated
766,1189,normal,0,0,65535_65535,0,1,3069,634,0,1,0,14,0,28,1,1,pre_allocation
766,1189,normal,0,0,65535_65535,0,1,3069,680,1,1,1,15,680,28,1,1,allocated
766,1189,normal,0,0,65535_65535,0,4,729740,264,0,1,0,15,0,15,1,1,pre_allocation
766,1189,normal,0,0,65535_65535,0,4,729740,282,1,1,1,16,282,15,1,1,allocated
766,1189,normal,0,0,65535_65535,0,2,374083,479,0,1,0,15,0,22,1,1,pre_allocation
766,1189,normal,0,0,65535_65535,0,2,374083,511,1,1,1,16,511,22,1,1,allocated
766,1189,normal,0,0,65535_65535,0,3,207217,553,0,1,0,15,0,24,1,1,pre_allocation
766,1189,normal,0,0,65535_65535,0,3,207217,591,1,1,1,16,591,24,1,1,allocated
766,1189,normal,0,0,65535_65535,0,1,3069,680,0,1,0,15,0,28,1,1,pre_allocation
766,1189,normal,0,0,65535_65535,0,1,3069,725,1,1,1,16,725,28,1,1,allocated
766,1189,normal,0,0,65535_65535,0,4,729740,282,0,1,0,16,0,15,1,1,pre_allocation
766,1189,normal,0,0,65535_65535,0,4,729740,299,1,1,1,17,299,15,1,1,allocated
766,1189,normal,0,0,65535_65535,0,2,374083,511,0,1,0,16,0,22,1,1,pre_allocation
766,1189,normal,0,0,65535_65535,0,2,374083,543,1,1,1,17,543,22,1,1,allocated
766,1189,normal,0,0,65535_65535,0,3,207217,591,0,1,0,16,0,24,1,1,pre_allocation
766,1189,normal,0,0,65535_65535,0,3,207217,628,1,1,1,17,628,24,1,1,allocated
766,1189,normal,0,0,65535_65535,0,1,3069,725,0,1,0,16,0,28,1,1,pre_allocation
766,1189,normal,0,0,65535_65535,0,1,3069,771,1,1,1,17,771,28,1,1,allocated
766,1189,normal,0,0,65535_65535,0,4,729740,299,0,1,0,17,0,15,1,1,pre_allocation
766,1189,normal,0,0,65535_65535,0,4,729740,317,1,1,1,18,317,15,1,1,allocated
766,1189,normal,0,0,65535_65535,0,2,374083,543,0,1,0,17,0,22,1,1,pre_allocation
766,1189,normal,0,0,65535_65535,0,2,374083,576,1,1,1,18,576,22,1,1,allocated
766,1189,normal,0,0,65535_65535,0,3,207217,628,0,1,0,17,0,24,1,1,pre_allocation
766,1189,normal,0,0,65535_65535,0,3,207217,665,1,1,1,18,665,24,1,1,allocated
766,1189,normal,0,0,65535_65535,0,1,3069,771,0,1,0,17,0,28,1,1,pre_allocation
766,1189,normal,0,0,65535_65535,0,1,3069,816,1,1,1,18,816,28,1,1,allocated
766,1189,normal,0,0,65535_65535,0,4,729740,317,0,1,0,18,0,15,1,1,pre_allocation
766,1189,normal,0,0,65535_65535,0,4,729740,335,1,1,1,19,335,15,1,1,allocated
766,1189,normal,0,0,65535_65535,0,2,374083,576,0,1,0,18,0,22,1,1,pre_allocation
766,1189,normal,0,0,65535_65535,0,2,374083,608,1,1,1,19,608,22,1,1,allocated
766,1189,normal,0,0,65535_65535,0,3,207217,665,0,1,0,18,0,24,1,1,pre_allocation
766,1189,normal,0,0,65535_65535,0,3,207217,702,1,1,1,19,702,24,1,1,allocated
766,1189,normal,0,0,65535_65535,0,1,3069,816,0,1,0,18,0,28,1,1,pre_allocation
766,1189,normal,0,0,65535_65535,0,1,3069,862,1,1,1,19,862,28,1,1,allocated
766,1189,normal,0,0,65535_65535,0,4,729740,335,0,1,0,19,0,15,1,1,pre_allocation
766,1189,normal,0,0,65535_65535,0,4,729740,353,1,1,1,20,353,15,1,1,allocated
766,1189,normal,0,0,65535_65535,0,2,374083,608,0,1,0,19,0,22,1,1,pre_allocation
766,1189,normal,0,0,65535_65535,0,2,374083,640,1,1,1,20,640,22,1,1,allocated
766,1189,normal,0,0,65535_65535,0,3,207217,702,0,1,0,19,0,24,1,1,pre_allocation
766,1189,normal,0,0,65535_65535,0,3,207217,739,1,1,1,20,739,24,1,1,allocated
766,1189,normal,0,0,65535_65535,0,1,3069,862,0,1,0,19,0,28,1,1,pre_allocation
766,1189,normal,0,0,65535_65535,0,1,3069,907,1,1,1,20,907,28,1,1,allocated
766,1189,normal,0,0,65535_65535,0,4,729740,353,0,1,0,20,0,15,1,1,pre_allocation
766,1189,normal,0,0,65535_65535,0,4,729740,371,1,1,1,21,371,15,1,1,allocated
766,1189,normal,0,0,65535_65535,0,2,374083,640,0,1,0,20,0,22,1,1,pre_allocation
766,1189,normal,0,0,65535_65535,0,2,374083,672,1,1,1,21,672,22,1,1,allocated
766,1189,normal,0,0,65535_65535,0,3,207217,739,0,1,0,20,0,24,1,1,pre_allocation
766,1189,normal,0,0,65535_65535,0,3,207217,776,1,1,1,21,776,24,1,1,allocated
766,1189,normal,0,0,65535_65535,0,1,3069,907,0,1,0,20,0,28,1,1,pre_allocation
766,1189,normal,0,0,65535_65535,0,1,3069,953,1,1,1,21,953,28,1,1,allocated
766,1189,normal,0,0,65535_65535,0,4,729740,371,0,1,0,21,0,15,1,1,pre_allocation
766,1189,normal,0,0,65535_65535,0,4,729740,389,1,1,1,22,389,15,1,1,allocated
766,1189,normal,0,0,65535_65535,0,2,374083,672,0,1,0,21,0,22,1,1,pre_allocation
766,1189,normal,0,0,65535_65535,0,2,374083,704,1,1,1,22,704,22,1,1,allocated
766,1189,normal,0,0,65535_65535,0,3,207217,776,0,1,0,21,0,24,1,1,pre_allocation
766,1189,normal,0,0,65535_65535,0,3,207217,813,1,1,1,22,813,24,1,1,allocated
766,1189,normal,0,0,65535_65535,0,1,3069,953,0,1,0,21,0,28,1,1,pre_allocation
766,1189,normal,0,0,65535_65535,0,1,3069,998,1,1,1,22,998,28,1,1,allocated
766,1189,normal,0,0,65535_65535,0,4,729740,389,0,1,0,22,0,15,1,1,pre_allocation
766,1189,normal,0,0,65535_65535,0,4,729740,406,1,1,1,23,406,15,1,1,allocated
766,1189,normal,0,0,65535_65535,0,2,374083,704,0,1,0,22,0,22,1,1,pre_allocation
766,1189,normal,0,0,65535_65535,0,2,374083,737,1,1,1,23,737,22,1,1,allocated
766,1189,normal,0,0,65535_65535,0,3,207217,813,0,1,0,22,0,24,1,1,pre_allocation
766,1189,normal,0,0,65535_65535,0,3,207217,850,1,1,1,23,850,24,1,1,allocated
766,1189,normal,0,0,65535_65535,0,1,3069,998,0,1,0,22,0,28,1,1,pre_allocation
766,1189,normal,0,0,65535_65535,0,1,3069,1044,1,1,1,23,1044,28,1,1,allocated
766,1189,normal,0,0,65535_65535,0,4,729740,406,0,1,0,23,0,15,1,1,pre_allocation
766,1189,normal,0,0,65535_65535,0,4,729740,424,1,1,1,24,424,15,1,1,allocated
766,1189,normal,0,0,65535_65535,0,2,374083,737,0,1,0,23,0,22,1,1,pre_allocation
766,1189,normal,0,0,65535_65535,0,2,374083,769,1,1,1,24,769,22,1,1,allocated
766,1189,normal,0,0,65535_65535,0,3,207217,850,0,1,0,23,0,24,1,1,pre_allocation
766,1189,normal,0,0,65535_65535,0,3,207217,888,1,1,1,24,888,24,1,1,allocated
766,1189,normal,0,0,65535_65535,0,1,3069,1044,0,1,0,23,0,28,1,1,pre_allocation
766,1189,normal,0,0,65535_65535,0,1,3069,1089,1,1,1,24,1089,28,1,1,allocated
766,1189,normal,0,0,65535_65535,0,4,729740,424,0,1,0,24,0,15,1,1,pre_allocation
766,1189,normal,0,0,65535_65535,0,4,729740,442,1,1,1,25,442,15,1,1,allocated
766,1189,normal,0,0,65535_65535,0,2,374083,769,0,1,0,24,0,22,1,1,pre_allocation
766,1189,normal,0,0,65535_65535,0,2,374083,801,1,1,1,25,801,22,1,1,allocated
766,1189,normal,0,0,65535_65535,0,3,207217,888,0,1,0,24,0,24,1,1,pre_allocation
766,1189,normal,0,0,65535_65535,0,3,207217,925,1,1,1,25,925,24,1,1,allocated
766,1189,normal,0,0,65535_65535,0,1,3069,1089,0,1,0,24,0,28,1,1,pre_allocation
766,1189,normal,0,0,65535_65535,0,1,3069,1135,1,1,1,25,1135,28,1,1,allocated
766,1189,normal,0,0,65535_65535,0,4,729740,442,0,1,0,25,0,15,1,1,pre_allocation
766,1189,normal,0,0,65535_65535,0,4,729740,460,1,1,1,26,460,15,1,1,allocated
766,1189,normal,0,0,65535_65535,0,2,374083,801,0,1,0,25,0,22,1,1,pre_allocation
766,1189,normal,0,0,65535_65535,0,2,374083,833,1,1,1,26,833,22,1,1,allocated
766,1189,normal,0,0,65535_65535,0,3,207217,925,0,1,0,25,0,24,1,1,pre_allocation
766,1189,normal,0,0,65535_65535,0,3,207217,962,1,1,1,26,962,24,1,1,allocated
766,1189,normal,0,0,65535_65535,0,1,3069,1135,0,1,0,25,0,28,1,1,pre_allocation
766,1189,normal,0,0,65535_65535,0,1,3069,1181,1,1,1,26,1181,28,1,1,allocated
766,1189,normal,0,0,65535_65535,0,4,729740,460,0,1,0,26,0,15,1,1,pre_allocation
766,1189,normal,0,0,65535_65535,0,4,729740,478,1,1,1,27,478,15,1,1,allocated
766,1189,normal,0,0,65535_65535,0,2,374083,833,0,1,0,26,0,22,1,1,pre_allocation
766,1189,normal,0,0,65535_65535,0,2,374083,865,1,1,1,27,865,22,1,1,allocated
766,1189,normal,0,0,65535_65535,0,3,207217,962,0,1,0,26,0,24,1,1,pre_allocation
766,1189,normal,0,0,65535_65535,0,3,207217,999,1,1,1,27,999,24,1,1,allocated
766,1189,normal,0,0,65535_65535,0,1,3069,1181,0,1,0,26,0,28,1,1,pre_allocation
766,1189,normal,0,0,65535_65535,0,1,3069,1226,1,1,1,27,1226,28,1,1,allocated
766,1189,normal,0,0,65535_65535,0,4,729740,478,0,1,0,27,0,15,1,1,pre_allocation
766,1189,normal,0,0,65535_65535,0,4,729740,495,1,1,1,28,495,15,1,1,allocated
766,1189,normal,0,0,65535_65535,0,2,374083,865,0,1,0,27,0,22,1,1,pre_allocation
766,1189,normal,0,0,65535_65535,0,2,374083,897,1,1,1,28,897,22,1,1,allocated
766,1189,normal,0,0,65535_65535,0,3,207217,999,0,1,0,27,0,24,1,1,pre_allocation
766,1189,normal,0,0,65535_65535,0,3,207217,1036,1,1,1,28,1036,24,1,1,allocated
766,1189,normal,0,0,65535_65535,0,1,3069,1226,0,1,0,27,0,28,1,1,pre_allocation
766,1189,normal,0,0,65535_65535,0,1,3069,1272,1,1,1,28,1272,28,1,1,allocated
766,1189,normal,0,0,65535_65535,0,4,729740,495,0,1,0,28,0,15,1,1,pre_allocation
766,1189,normal,0,0,65535_65535,0,4,729740,513,1,1,1,29,513,15,1,1,allocated
766,1189,normal,0,0,65535_65535,0,2,374083,897,0,1,0,28,0,22,1,1,pre_allocation
766,1189,normal,0,0,65535_65535,0,2,374083,930,1,1,1,29,930,22,1,1,allocated
766,1189,normal,0,0,65535_65535,0,3,207217,1036,0,1,0,28,0,24,1,1,pre_allocation
766,1189,normal,0,0,65535_65535,0,3,207217,1073,1,1,1,29,1073,24,1,1,allocated
766,1189,normal,0,0,65535_65535,0,1,3069,1272,0,1,0,28,0,28,1,1,pre_allocation
766,1189,normal,0,0,65535_65535,0,1,3069,1317,1,1,1,29,1317,28,1,1,allocated
766,1189,normal,0,0,65535_65535,0,4,729740,513,0,1,0,29,0,15,1,1,pre_allocation
766,1189,normal,0,0,65535_65535,0,4,729740,531,1,1,1,30,531,15,1,1,allocated
766,1189,normal,0,0,65535_65535,0,2,374083,930,0,1,0,29,0,22,1,1,pre_allocation
766,1189,normal,0,0,65535_65535,0,2,374083,962,1,1,1,30,962,22,1,1,allocated
766,1189,normal,0,0,65535_65535,0,3,207217,1073,0,1,0,29,0,24,1,1,pre_allocation
766,1189,normal,0,0,65535_65535,0,3,207217,1110,1,1,1,30,1110,24,1,1,allocated
766,1189,normal,0,0,65535_65535,0,1,3069,1317,0,1,0,29,0,28,1,1,pre_allocation
766,1189,normal,0,0,65535_65535,0,1,3069,1363,1,1,1,30,1363,28,1,1,allocated
766,1189,normal,0,0,65535_65535,0,4,729740,531,0,1,0,30,0,15,1,1,pre_allocation
766,1189,normal,0,0,65535_65535,0,4,729740,549,1,1,1,31,549,15,1,1,allocated
766,1189,normal,0,0,65535_65535,0,2,374083,962,0,1,0,30,0,22,1,1,pre_allocation
766,1189,normal,0,0,65535_65535,0,2,374083,994,1,1,1,31,994,22,1,1,allocated
766,1189,normal,0,0,65535_65535,0,3,207217,1110,0,1,0,30,0,24,1,1,pre_allocation
766,1189,normal,0,0,65535_65535,0,3,207217,1147,1,1,1,31,1147,24,1,1,allocated
766,1189,normal,0,0,65535_65535,0,1,3069,1363,0,1,0,30,0,28,1,1,pre_allocation
766,1189,normal,0,0,65535_65535,0,1,3069,1408,1,1,1,31,1408,28,1,1,allocated
766,1189,normal,0,0,65535_65535,1,8,87,0,0,1,0,0,0,15,1,1,pre_allocation
766,1189,normal,0,0,65535_65535,1,8,87,14,1,1,1,1,14,15,1,1,allocated
766,1189,normal,0,0,65535_65535,1,10,87,0,0,1,0,0,0,20,1,1,pre_allocation
766,1189,normal,0,0,65535_65535,1,10,87,24,1,1,1,1,24,20,1,1,allocated
766,1189,normal,0,0,65535_65535,1,7,87,0,0,1,0,0,0,28,1,1,pre_allocation
766,1189,normal,0,0,65535_65535,1,7,87,42,1,1,1,1,42,28,1,1,allocated
766,1189,normal,0,0,65535_65535,1,6,87,0,0,1,0,0,0,26,1,1,pre_allocation
766,1189,normal,0,0,65535_65535,1,6,87,39,1,1,1,1,39,26,1,1,allocated
766,1189,normal,0,0,65535_65535,1,8,87,14,0,1,0,1,0,15,1,1,pre_allocation
766,1189,normal,0,0,65535_65535,1,8,87,32,1,1,1,2,32,15,1,1,allocated
766,1189,normal,0,0,65535_65535,1,10,87,24,0,1,0,1,0,20,1,1,pre_allocation
766,1189,normal,0,0,65535_65535,1,10,87,51,1,1,1,2,51,20,1,1,allocated
766,1189,normal,0,0,65535_65535,1,7,87,42,0,1,0,1,0,28,1,1,pre_allocation
766,1189,normal,0,0,65535_65535,1,7,87,88,1,1,1,2,88,28,1,1,allocated
766,1189,normal,0,0,65535_65535,1,6,87,39,0,1,0,1,0,26,1,1,pre_allocation
766,1189,normal,0,0,65535_65535,1,6,87,81,1,1,1,2,81,26,1,1,allocated
766,1189,normal,0,0,65535_65535,1,8,87,32,0,1,0,2,0,15,1,1,pre_allocation
766,1189,normal,0,0,65535_65535,1,8,87,50,1,1,1,3,50,15,1,1,allocated
766,1189,normal,0,0,65535_65535,1,10,87,51,0,1,0,2,0,20,1,1,pre_allocation
766,1189,normal,0,0,65535_65535,1,10,87,78,1,1,1,3,78,20,1,1,allocated
766,1189,normal,0,0,65535_65535,1,7,87,88,0,1,0,2,0,28,1,1,pre_allocation
766,1189,normal,0,0,65535_65535,1,7,87,133,1,1,1,3,133,28,1,1,allocated
766,1189,normal,0,0,65535_65535,1,6,87,81,0,1,0,2,0,26,1,1,pre_allocation
766,1189,normal,0,0,65535_65535,1,6,87,123,1,1,1,3,123,26,1,1,allocated
766,1189,normal,0,0,65535_65535,1,8,87,50,0,1,0,3,0,15,1,1,pre_allocation
766,1189,normal,0,0,65535_65535,1,8,87,68,1,1,1,4,68,15,1,1,allocated
766,1189,normal,0,0,65535_65535,1,10,87,78,0,1,0,3,0,20,1,1,pre_allocation
766,1189,normal,0,0,65535_65535,1,10,87,105,1,1,1,4,105,20,1,1,allocated
766,1189,normal,0,0,65535_65535,1,7,87,133,0,1,0,3,0,28,1,1,pre_allocation
766,1189,normal,0,0,65535_65535,1,7,87,179,1,1,1,4,179,28,1,1,allocated
766,1189,normal,0,0,65535_65535,1,6,87,123,0,1,0,3,0,26,1,1,pre_allocation
766,1189,normal,0,0,65535_65535,1,6,87,165,1,1,1,4,165,26,1,1,allocated
766,1189,normal,0,0,65535_65535,1,8,87,68,0,1,0,4,0,15,1,1,pre_allocation
766,1189,normal,0,0,65535_65535,1,8,87,86,1,1,1,5,86,15,1,1,allocated
766,1189,normal,0,0,65535_65535,1,10,87,105,0,1,0,4,0,20,1,1,pre_allocation
766,1189,normal,0,0,65535_65535,1,10,87,133,1,1,1,5,133,20,1,1,allocated
766,1189,normal,0,0,65535_65535,1,7,87,179,0,1,0,4,0,28,1,1,pre_allocation
766,1189,normal,0,0,65535_65535,1,7,87,224,1,1,1,5,224,28,1,1,allocated
766,1189,normal,0,0,65535_65535,1,6,87,165,0,1,0,4,0,26,1,1,pre_allocation
766,1189,normal,0,0,65535_65535,1,6,87,207,1,1,1,5,207,26,1,1,allocated
766,1189,normal,0,0,65535_65535,1,8,87,86,0,1,0,5,0,15,1,1,pre_allocation
766,1189,normal,0,0,65535_65535,1,8,87,103,1,1,1,6,103,15,1,1,allocated
766,1189,normal,0,0,65535_65535,1,10,87,133,0,1,0,5,0,20,1,1,pre_allocation
766,1189,normal,0,0,65535_65535,1,10,87,160,1,1,1,6,160,20,1,1,allocated
766,1189,normal,0,0,65535_65535,1,7,87,224,0,1,0,5,0,28,1,1,pre_allocation
766,1189,normal,0,0,65535_65535,1,7,87,270,1,1,1,6,270,28,1,1,allocated
766,1189,normal,0,0,65535_65535,1,6,87,207,0,1,0,5,0,26,1,1,pre_allocation
766,1189,normal,0,0,65535_65535,1,6,87,249,1,1,1,6,249,26,1,1,allocated
766,1189,normal,0,0,65535_65535,1,8,87,103,0,1,0,6,0,15,1,1,pre_allocation
766,1189,normal,0,0,65535_65535,1,8,87,121,1,1,1,7,121,15,1,1,allocated
766,1189,normal,0,0,65535_65535,1,10,87,160,0,1,0,6,0,20,1,1,pre_allocation
766,1189,normal,0,0,65535_65535,1,10,87,187,1,1,1,7,187,20,1,1,allocated
766,1189,normal,0,0,65535_65535,1,7,87,270,0,1,0,6,0,28,1,1,pre_allocation
766,1189,normal,0,0,65535_65535,1,7,87,315,1,1,1,7,315,28,1,1,allocated
766,1189,normal,0,0,65535_65535,1,6,87,249,0,1,0,6,0,26,1,1,pre_allocation
766,1189,normal,0,0,65535_65535,1,6,87,291,1,1,1,7,291,26,1,1,allocated
766,1189,normal,0,0,65535_65535,1,8,87,121,0,1,0,7,0,15,1,1,pre_allocation
766,1189,normal,0,0,65535_65535,1,8,87,139,1,1,1,8,139,15,1,1,allocated
766,1189,normal,0,0,65535_65535,1,10,87,187,0,1,0,7,0,20,1,1,pre_allocation
766,1189,normal,0,0,65535_65535,1,10,87,214,1,1,1,8,214,20,1,1,allocated
766,1189,normal,0,0,65535_65535,1,7,87,315,0,1,0,7,0,28,1,1,pre_allocation
766,1189,normal,0,0,65535_65535,1,7,87,361,1,1,1,8,361,28,1,1,allocated
766,1189,normal,0,0,65535_65535,1,6,87,291,0,1,0,7,0,26,1,1,pre_allocation
766,1189,normal,0,0,65535_65535,1,6,87,333,1,1,1,8,333,26,1,1,allocated
766,1189,normal,0,0,65535_65535,1,8,87,139,0,1,0,8,0,15,1,1,pre_allocation
766,1189,normal,0,0,65535_65535,1,8,87,157,1,1,1,9,157,15,1,1,allocated
766,1189,normal,0,0,65535_65535,1,10,87,214,0,1,0,8,0,20,1,1,pre_allocation
766,1189,normal,0,0,65535_65535,1,10,87,242,1,1,1,9,242,20,1,1,allocated
766,1189,normal,0,0,65535_65535,1,7,87,361,0,1,0,8,0,28,1,1,pre_allocation
766,1189,normal,0,0,65535_65535,1,7,87,406,1,1,1,9,406,28,1,1,allocated
766,1189,normal,0,0,65535_65535,1,6,87,333,0,1,0,8,0,26,1,1,pre_allocation
766,1189,normal,0,0,65535_65535,1,6,87,375,1,1,1,9,375,26,1,1,allocated
766,1189,normal,0,0,65535_65535,1,8,87,157,0,1,0,9,0,15,1,1,pre_allocation
766,1189,normal,0,0,65535_65535,1,8,87,175,1,1,1,10,175,15,1,1,allocated
766,1189,normal,0,0,65535_65535,1,10,87,242,0,1,0,9,0,20,1,1,pre_allocation
766,1189,normal,0,0,65535_65535,1,10,87,269,1,1,1,10,269,20,1,1,allocated
766,1189,normal,0,0,65535_65535,1,7,87,406,0,1,0,9,0,28,1,1,pre_allocation
766,1189,normal,0,0,65535_65535,1,7,87,452,1,1,1,10,452,28,1,1,allocated
766,1189,normal,0,0,65535_65535,1,6,87,375,0,1,0,9,0,26,1,1,pre_allocation
766,1189,normal,0,0,65535_65535,1,6,87,417,1,1,1,10,417,26,1,1,allocated
766,1189,normal,0,0,65535_65535,1,8,87,175,0,1,0,10,0,15,1,1,pre_allocation
766,1189,normal,0,0,65535_65535,1,8,87,193,1,1,1,11,193,15,1,1,allocated
766,1189,normal,0,0,65535_65535,1,10,87,269,0,1,0,10,0,20,1,1,pre_allocation
766,1189,normal,0,0,65535_65535,1,10,87,296,1,1,1,11,296,20,1,1,allocated
766,1189,normal,0,0,65535_65535,1,7,87,452,0,1,0,10,0,28,1,1,pre_allocation
766,1189,normal,0,0,65535_65535,1,7,87,497,1,1,1,11,497,28,1,1,allocated
766,1189,normal,0,0,65535_65535,1,6,87,417,0,1,0,10,0,26,1,1,pre_allocation
766,1189,normal,0,0,65535_65535,1,6,87,459,1,1,1,11,459,26,1,1,allocated
766,1189,normal,0,0,65535_65535,1,8,87,193,0,1,0,11,0,15,1,1,pre_allocation
766,1189,normal,0,0,65535_65535,1,8,87,210,1,1,1,12,210,15,1,1,allocated
766,1189,normal,0,0,65535_65535,1,10,87,296,0,1,0,11,0,20,1,1,pre_allocation
766,1189,normal,0,0,65535_65535,1,10,87,323,1,1,1,12,323,20,1,1,allocated
766,1189,normal,0,0,65535_65535,1,7,87,497,0,1,0,11,0,28,1,1,pre_allocation
766,1189,normal,0,0,65535_65535,1,7,87,543,1,1,1,12,543,28,1,1,allocated
766,1189,normal,0,0,65535_65535,1,6,87,459,0,1,0,11,0,26,1,1,pre_allocation
766,1189,normal,0,0,65535_65535,1,6,87,501,1,1,1,12,501,26,1,1,allocated
766,1189,normal,0,0,65535_65535,1,8,87,210,0,1,0,12,0,15,1,1,pre_allocation
766,1189,normal,0,0,65535_65535,1,8,87,228,1,1,1,13,228,15,1,1,allocated
766,1189,normal,0,0,65535_65535,1,10,87,323,0,1,0,12,0,20,1,1,pre_allocation
766,1189,normal,0,0,65535_65535,1,10,87,350,1,1,1,13,350,20,1,1,allocated
766,1189,normal,0,0,65535_65535,1,7,87,543,0,1,0,12,0,28,1,1,pre_allocation
766,1189,normal,0,0,65535_65535,1,7,87,589,1,1,1,13,589,28,1,1,allocated
766,1189,normal,0,0,65535_65535,1,6,87,501,0,1,0,12,0,26,1,1,pre_allocation
766,1189,normal,0,0,65535_65535,1,6,87,543,1,1,1,13,543,26,1,1,allocated
766,1189,normal,0,0,65535_65535,1,8,87,228,0,1,0,13,0,15,1,1,pre_allocation
766,1189,normal,0,0,65535_65535,1,8,87,246,1,1,1,14,246,15,1,1,allocated
766,1189,normal,0,0,65535_65535,1,10,87,350,0,1,0,13,0,20,1,1,pre_allocation
766,1189,normal,0,0,65535_65535,1,10,87,378,1,1,1,14,378,20,1,1,allocated
766,1189,normal,0,0,65535_65535,1,7,87,589,0,1,0,13,0,28,1,1,pre_allocation
766,1189,normal,0,0,65535_65535,1,7,87,634,1,1,1,14,634,28,1,1,allocated
766,1189,normal,0,0,65535_65535,1,6,87,543,0,1,0,13,0,26,1,1,pre_allocation
766,1189,normal,0,0,65535_65535,1,6,87,586,1,1,1,14,586,26,1,1,allocated
766,1189,normal,0,0,65535_65535,1,8,87,246,0,1,0,14,0,15,1,1,pre_allocation
766,1189,normal,0,0,65535_65535,1,8,87,264,1,1,1,15,264,15,1,1,allocated
766,1189,normal,0,0,65535_65535,1,10,87,378,0,1,0,14,0,20,1,1,pre_allocation
766,1189,normal,0,0,65535_65535,1,10,87,405,1,1,1,15,405,20,1,1,allocated
766,1189,normal,0,0,65535_65535,1,7,87,634,0,1,0,14,0,28,1,1,pre_allocation
766,1189,normal,0,0,65535_65535,1,7,87,680,1,1,1,15,680,28,1,1,allocated
766,1189,normal,0,0,65535_65535,1,6,87,586,0,1,0,14,0,26,1,1,pre_allocation
766,1189,normal,0,0,65535_65535,1,6,87,628,1,1,1,15,628,26,1,1,allocated
766,1189,normal,0,0,65535_65535,1,8,87,264,0,1,0,15,0,15,1,1,pre_allocation
766,1189,normal,0,0,65535_65535,1,8,87,282,1,1,1,16,282,15,1,1,allocated
766,1189,normal,0,0,65535_65535,1,10,87,405,0,1,0,15,0,20,1,1,pre_allocation
766,1189,normal,0,0,65535_65535,1,10,87,432,1,1,1,16,432,20,1,1,allocated
766,1189,normal,0,0,65535_65535,1,7,87,680,0,1,0,15,0,28,1,1,pre_allocation
766,1189,normal,0,0,65535_65535,1,7,87,725,1,1,1,16,725,28,1,1,allocated
766,1189,normal,0,0,65535_65535,1,6,87,628,0,1,0,15,0,26,1,1,pre_allocation
766,1189,normal,0,0,65535_65535,1,6,87,670,1,1,1,16,670,26,1,1,allocated
766,1189,normal,0,0,65535_65535,1,8,87,282,0,1,0,16,0,15,1,1,pre_allocation
766,1189,normal,0,0,65535_65535,1,8,87,299,1,1,1,17,299,15,1,1,allocated
766,1189,normal,0,0,65535_65535,1,10,87,432,0,1,0,16,0,20,1,1,pre_allocation
766,1189,normal,0,0,65535_65535,1,10,87,459,1,1,1,17,459,20,1,1,allocated
766,1189,normal,0,0,65535_65535,1,7,87,725,0,1,0,16,0,28,1,1,pre_allocation
766,1189,normal,0,0,65535_65535,1,7,87,771,1,1,1,17,771,28,1,1,allocated
766,1189,normal,0,0,65535_65535,2,21,424,0,0,1,0,0,0,15,1,1,pre_allocation
766,1189,normal,0,0,65535_65535,2,21,424,14,1,1,1,1,14,15,1,1,allocated
766,1189,normal,0,0,65535_65535,2,21,424,14,0,1,0,1,0,15,1,1,pre_allocation
766,1189,normal,0,0,65535_65535,2,21,424,32,1,1,1,2,32,15,1,1,allocated
766,1189,normal,0,0,65535_65535,2,21,424,32,0,1,0,2,0,15,1,1,pre_allocation
766,1189,normal,0,0,65535_65535,2,21,424,50,1,1,1,3,50,15,1,1,allocated
766,1189,normal,0,0,65535_65535,2,21,424,50,0,1,0,3,0,15,1,1,pre_allocation
766,1189,normal,0,0,65535_65535,2,21,424,68,1,1,1,4,68,15,1,1,allocated
766,1189,normal,0,0,65535_65535,2,21,424,68,0,1,0,4,0,15,1,1,pre_allocation
766,1189,normal,0,0,65535_65535,2,21,424,86,1,1,1,5,86,15,1,1,allocated
766,1189,normal,0,0,65535_65535,2,21,424,86,0,1,0,5,0,15,1,1,pre_allocation
766,1189,normal,0,0,65535_65535,2,21,424,103,1,1,1,6,103,15,1,1,allocated
766,1189,normal,0,0,65535_65535,2,21,424,103,0,1,0,6,0,15,1,1,pre_allocation
766,1189,normal,0,0,65535_65535,2,21,424,121,1,1,1,7,121,15,1,1,allocated
766,1189,normal,0,0,65535_65535,2,21,424,121,0,1,0,7,0,15,1,1,pre_allocation
766,1189,normal,0,0,65535_65535,2,21,424,139,1,1,1,8,139,15,1,1,allocated
766,1189,normal,0,0,65535_65535,2,21,424,139,0,1,0,8,0,15,1,1,pre_allocation
766,1189,normal,0,0,65535_65535,2,21,424,157,1,1,1,9,157,15,1,1,allocated
766,1189,normal,0,0,65535_65535,2,21,424,157,0,1,0,9,0,15,1,1,pre_allocation
766,1189,normal,0,0,65535_65535,2,21,424,175,1,1,1,10,175,15,1,1,allocated
766,1189,normal,0,0,65535_65535,2,21,424,175,0,1,0,10,0,15,1,1,pre_allocation
766,1189,normal,0,0,65535_65535,2,21,424,193,1,1,1,11,193,15,1,1,allocated
766,1189,normal,0,0,65535_65535,2,21,424,193,0,1,0,11,0,15,1,1,pre_allocation
766,1189,normal,0,0,65535_65535,2,21,424,210,1,1,1,12,210,15,1,1,allocated
766,1189,normal,0,0,65535_65535,2,21,424,210,0,1,0,12,0,15,1,1,pre_allocation
766,1189,normal,0,0,65535_65535,2,21,424,228,1,1,1,13,228,15,1,1,allocated
766,1189,normal,0,0,65535_65535,2,21,424,228,0,1,0,13,0,15,1,1,pre_allocation
766,1189,normal,0,0,65535_65535,2,21,424,246,1,1,1,14,246,15,1,1,allocated
766,1189,normal,0,0,65535_65535,2,21,424,246,0,1,0,14,0,15,1,1,pre_allocation
766,1189,normal,0,0,65535_65535,2,21,424,264,1,1,1,15,264,15,1,1,allocated
766,1189,normal,0,0,65535_65535,2,21,424,264,0,1,0,15,0,15,1,1,pre_allocation
766,1189,normal,0,0,65535_65535,2,21,424,282,1,1,1,16,282,15,1,1,allocated
766,1189,normal,0,0,65535_65535,2,21,424,282,0,1,0,16,0,15,1,1,pre_allocation
766,1189,normal,0,0,65535_65535,2,21,424,299,1,1,1,17,299,15,1,1,allocated
766,1189,normal,0,0,65535_65535,2,21,424,299,0,1,0,17,0,15,1,1,pre_allocation
766,1189,normal,0,0,65535_65535,2,21,424,317,1,1,1,18,317,15,1,1,allocated
766,1189,normal,0,0,65535_65535,2,21,424,317,0,1,0,18,0,15,1,1,pre_allocation
766,1189,normal,0,0,65535_65535,2,21,424,335,1,1,1,19,335,15,1,1,allocated
766,1189,normal,0,0,65535_65535,2,21,424,335,0,1,0,19,0,15,1,1,pre_allocation
766,1189,normal,0,0,65535_65535,2,21,424,353,1,1,1,20,353,15,1,1,allocated
766,1189,normal,0,0,65535_65535,2,21,424,353,0,1,0,20,0,15,1,1,pre_allocation
766,1189,normal,0,0,65535_65535,2,21,424,371,1,1,1,21,371,15,1,1,allocated
766,1189,normal,0,0,65535_65535,2,21,424,371,0,1,0,21,0,15,1,1,pre_allocation
766,1189,normal,0,0,65535_65535,2,21,424,389,1,1,1,22,389,15,1,1,allocated
766,1189,normal,0,0,65535_65535,2,21,424,389,0,1,0,22,0,15,1,1,pre_allocation
766,1189,normal,0,0,65535_65535,2,21,424,406,1,1,1,23,406,15,1,1,allocated
766,1189,normal,0,0,65535_65535,2,21,424,406,0,1,0,23,0,15,1,1,pre_allocation
766,1189,normal,0,0,65535_65535,2,21,424,424,1,1,1,24,424,15,1,1,allocated
766,1189,normal,0,0,65535_65535,2,21,424,424,0,1,0,24,0,15,1,1,pre_allocation
766,1189,normal,0,0,65535_65535,2,21,424,442,1,1,1,25,442,15,1,1,allocated
766,1189,normal,0,0,65535_65535,2,21,424,442,0,1,0,25,0,15,1,1,pre_allocation
766,1189,normal,0,0,65535_65535,2,21,424,460,1,1,1,26,460,15,1,1,allocated
766,1189,normal,0,0,65535_65535,2,21,424,460,0,1,0,26,0,15,1,1,pre_allocation
766,1189,normal,0,0,65535_65535,2,21,424,478,1,1,1,27,478,15,1,1,allocated
766,1189,normal,0,0,65535_65535,2,21,424,478,0,1,0,27,0,15,1,1,pre_allocation
766,1189,normal,0,0,65535_65535,2,21,424,495,1,1,1,28,495,15,1,1,allocated
766,1189,normal,0,0,65535_65535,2,21,424,495,0,1,0,28,0,15,1,1,pre_allocation
766,1189,normal,0,0,65535_65535,2,21,424,513,1,1,1,29,513,15,1,1,allocated
766,1189,normal,0,0,65535_65535,2,21,424,513,0,1,0,29,0,15,1,1,pre_allocation
766,1189,normal,0,0,65535_65535,2,21,424,531,1,1,1,30,531,15,1,1,allocated
766,1189,normal,0,0,65535_65535,2,21,424,531,0,1,0,30,0,15,1,1,pre_allocation
766,1189,normal,0,0,65535_65535,2,21,424,549,1,1,1,31,549,15,1,1,allocated
766,1189,normal,0,0,65535_65535,2,21,424,549,0,1,0,31,0,15,1,1,pre_allocation
766,1189,normal,0,0,65535_65535,2,21,424,567,1,1,1,32,567,15,1,1,allocated
766,1189,normal,0,0,65535_65535,2,21,424,567,0,1,0,32,0,15,1,1,pre_allocation
766,1189,normal,0,0,65535_65535,2,21,424,585,1,1,1,33,585,15,1,1,allocated
766,1189,normal,0,0,65535_65535,2,21,424,585,0,1,0,33,0,15,1,1,pre_allocation
766,1189,normal,0,0,65535_65535,2,21,424,602,1,1,1,34,602,15,1,1,allocated
766,1189,normal,0,0,65535_65535,2,21,424,602,0,1,0,34,0,15,1,1,pre_allocation
766,1189,normal,0,0,65535_65535,2,21,424,620,1,1,1,35,620,15,1,1,allocated
766,1189,normal,0,0,65535_65535,2,21,424,620,0,1,0,35,0,15,1,1,pre_allocation
766,1189,normal,0,0,65535_65535,2,21,424,638,1,1,1,36,638,15,1,1,allocated
766,1189,normal,0,0,65535_65535,2,21,424,638,0,1,0,36,0,15,1,1,pre_allocation
766,1189,normal,0,0,65535_65535,2,21,424,656,1,1,1,37,656,15,1,1,allocated
766,1189,normal,0,0,65535_65535,2,21,424,656,0,1,0,37,0,15,1,1,pre_allocation
766,1189,normal,0,0,65535_65535,2,21,424,674,1,1,1,38,674,15,1,1,allocated
766,1189,normal,0,0,65535_65535,2,21,424,674,0,1,0,38,0,15,1,1,pre_allocation
766,1189,normal,0,0,65535_65535,2,21,424,691,1,1,1,39,691,15,1,1,allocated
766,1189,normal,0,0,65535_65535,2,21,424,691,0,1,0,39,0,15,1,1,pre_allocation
766,1189,normal,0,0,65535_65535,2,21,424,709,1,1,1,40,709,15,1,1,allocated
766,1189,normal,0,0,65535_65535,2,21,424,709,0,1,0,40,0,15,1,1,pre_allocation
766,1189,normal,0,0,65535_65535,2,21,424,727,1,1,1,41,727,15,1,1,allocated
766,1189,normal,0,0,65535_65535,2,21,424,727,0,1,0,41,0,15,1,1,pre_allocation
766,1189,normal,0,0,65535_65535,2,21,424,745,1,1,1,42,745,15,1,1,allocated
766,1189,normal,0,0,65535_65535,2,21,424,745,0,1,0,42,0,15,1,1,pre_allocation
766,1189,normal,0,0,65535_65535,2,21,424,763,1,1,1,43,763,15,1,1,allocated
766,1189,normal,0,0,65535_65535,2,21,424,763,0,1,0,43,0,15,1,1,pre_allocation
766,1189,normal,0,0,65535_65535,2,21,424,781,1,1,1,44,781,15,1,1,allocated
766,1189,normal,0,0,65535_65535,2,21,424,781,0,1,0,44,0,15,1,1,pre_allocation
766,1189,normal,0,0,65535_65535,2,21,424,798,1,1,1,45,798,15,1,1,allocated
766,1189,normal,0,0,65535_65535,2,21,424,798,0,1,0,45,0,15,1,1,pre_allocation
766,1189,normal,0,0,65535_65535,2,21,424,816,1,1,1,46,816,15,1,1,allocated
766,1189,normal,0,0,65535_65535,2,21,424,816,0,1,0,46,0,15,1,1,pre_allocation
766,1189,normal,0,0,65535_65535,2,21,424,834,1,1,1,47,834,15,1,1,allocated
766,1189,normal,0,0,65535_65535,2,21,424,834,0,1,0,47,0,15,1,1,pre_allocation
766,1189,normal,0,0,65535_65535,2,21,424,852,1,1,1,48,852,15,1,1,allocated
766,1189,normal,0,0,65535_65535,2,21,424,852,0,1,0,48,0,15,1,1,pre_allocation
766,1189,normal,0,0,65535_65535,2,21,424,870,1,1,1,49,870,15,1,1,allocated
766,1189,normal,0,0,65535_65535,2,21,424,870,0,1,0,49,0,15,1,1,pre_allocation
766,1189,normal,0,0,65535_65535,2,21,424,888,1,1,1,50,888,15,1,1,allocated
766,1189,normal,0,0,65535_65535,2,21,424,888,0,1,0,50,0,15,1,1,pre_allocation
766,1189,normal,0,0,65535_65535,2,21,424,905,1,1,1,51,905,15,1,1,allocated
766,1189,normal,0,0,65535_65535,2,21,424,905,0,1,0,51,0,15,1,1,pre_allocation
766,1189,normal,0,0,65535_65535,2,21,424,923,1,1,1,52,923,15,1,1,allocated
766,1189,normal,0,0,65535_65535,2,21,424,923,0,1,0,52,0,15,1,1,pre_allocation
766,1189,normal,0,0,65535_65535,2,21,424,941,1,1,1,53,941,15,1,1,allocated
766,1189,normal,0,0,65535_65535,2,21,424,941,0,1,0,53,0,15,1,1,pre_allocation
766,1189,normal,0,0,65535_65535,2,21,424,959,1,1,1,54,959,15,1,1,allocated
766,1189,normal,0,0,65535_65535,2,21,424,959,0,1,0,54,0,15,1,1,pre_allocation
766,1189,normal,0,0,65535_65535,2,21,424,977,1,1,1,55,977,15,1,1,allocated
766,1189,normal,0,0,65535_65535,2,21,424,977,0,1,0,55,0,15,1,1,pre_allocation
766,1189,normal,0,0,65535_65535,2,21,424,994,1,1,1,56,994,15,1,1,allocated
766,1189,normal,0,0,65535_65535,2,21,424,994,0,1,0,56,0,15,1,1,pre_allocation
766,1189,normal,0,0,65535_65535,2,21,424,1012,1,1,1,57,1012,15,1,1,allocated
766,1189,normal,0,0,65535_65535,2,21,424,1012,0,1,0,57,0,15,1,1,pre_allocation
766,1189,normal,0,0,65535_65535,2,21,424,1030,1,1,1,58,1030,15,1,1,allocated
766,1189,normal,0,0,65535_65535,2,21,424,1030,0,1,0,58,0,15,1,1,pre_allocation
766,1189,normal,0,0,65535_65535,2,21,424,1048,1,1,1,59,1048,15,1,1,allocated
766,1189,normal,0,0,65535_65535,2,21,424,1048,0,1,0,59,0,15,1,1,pre_allocation
766,1189,normal,0,0,65535_65535,2,21,424,1066,1,1,1,60,1066,15,1,1,allocated
766,1189,normal,0,0,65535_65535,2,21,424,1066,0,1,0,60,0,15,1,1,pre_allocation
766,1189,normal,0,0,65535_65535,2,21,424,1084,1,1,1,61,1084,15,1,1,allocated
766,1189,normal,0,0,65535_65535,2,21,424,1084,0,1,0,61,0,15,1,1,pre_allocation
766,1189,normal,0,0,65535_65535,2,21,424,1101,1,1,1,62,1101,15,1,1,allocated
766,1189,normal,0,0,65535_65535,2,21,424,1101,0,1,0,62,0,15,1,1,pre_allocation
766,1189,normal,0,0,65535_65535,2,21,424,1119,1,1,1,63,1119,15,1,1,allocated
766,1189,normal,0,0,65535_65535,2,21,424,1119,0,1,0,63,0,15,1,1,pre_allocation
766,1189,normal,0,0,65535_65535,2,21,424,1137,1,1,1,64,1137,15,1,1,allocated
766,1189,normal,0,0,65535_65535,2,21,424,1137,0,1,0,64,0,15,1,1,pre_allocation
766,1189,normal,0,0,65535_65535,2,21,424,1155,1,1,1,65,1155,15,1,1,allocated
766,1189,normal,0,0,65535_65535,2,21,424,1155,0,1,0,65,0,15,1,1,pre_allocation
766,1189,normal,0,0,65535_65535,2,21,424,1173,1,1,1,66,1173,15,1,1,allocated
766,1189,normal,0,0,65535_65535,2,21,424,1173,0,1,0,66,0,15,1,1,pre_allocation
766,1189,normal,0,0,65535_65535,2,21,424,1190,1,1,1,67,1190,15,1,1,allocated
766,1189,normal,0,0,65535_65535,2,21,424,1190,0,1,0,67,0,15,1,1,pre_allocation
766,1189,normal,0,0,65535_65535,2,21,424,1208,1,1,1,68,1208,15,1,1,allocated
766,1189,normal,0,0,65535_65535,2,21,424,1208,0,1,0,68,0,15,1,1,pre_allocation
766,1189,normal,0,0,65535_65535,2,21,424,1226,1,1,1,69,1226,15,1,1,allocated
766,1189,normal,0,0,65535_65535,2,21,424,1226,0,1,0,69,0,15,1,1,pre_allocation
766,1189,normal,0,0,65535_65535,2,21,424,1244,1,1,1,70,1244,15,1,1,allocated
766,1189,normal,0,0,65535_65535,2,21,424,1244,0,1,0,70,0,15,1,1,pre_allocation
766,1189,normal,0,0,65535_65535,2,21,424,1262,1,1,1,71,1262,15,1,1,allocated
766,1189,normal,0,0,65535_65535,2,21,424,1262,0,1,0,71,0,15,1,1,pre_allocation
766,1189,normal,0,0,65535_65535,2,21,424,1280,1,1,1,72,1280,15,1,1,allocated
766,1189,normal,0,0,65535_65535,2,21,424,1280,0,1,0,72,0,15,1,1,pre_allocation
766,1189,normal,0,0,65535_65535,2,21,424,1297,1,1,1,73,1297,15,1,1,allocated
766,1189,normal,0,0,65535_65535,2,21,424,1297,0,1,0,73,0,15,1,1,pre_allocation
766,1189,normal,0,0,65535_65535,2,21,424,1315,1,1,1,74,1315,15,1,1,allocated
766,1189,normal,0,0,65535_65535,2,21,424,1315,0,1,0,74,0,15,1,1,pre_allocation
766,1189,normal,0,0,65535_65535,2,21,424,1333,1,1,1,75,1333,15,1,1,allocated
878,1287,normal,0,0,65535_65535,0,1,3069,0,0,1,0,0,0,28,1,1,pre_allocation
878,1287,normal,0,0,65535_65535,0,1,3069,42,1,1,1,1,42,28,1,1,allocated
878,1287,normal,0,0,65535_65535,0,3,194001,0,0,1,0,0,0,24,1,1,pre_allocation
878,1287,normal,0,0,65535_65535,0,3,194001,34,1,1,1,1,34,24,1,1,allocated
878,1287,normal,0,0,65535_65535,0,2,397062,0,0,1,0,0,0,22,1,1,pre_allocation
878,1287,normal,0,0,65535_65535,0,2,397062,29,1,1,1,1,29,22,1,1,allocated
878,1287,normal,0,0,65535_65535,0,4,820510,0,0,1,0,0,0,15,1,1,pre_allocation
878,1287,normal,0,0,65535_65535,0,4,820510,14,1,1,1,1,14,15,1,1,allocated
878,1287,normal,0,0,65535_65535,0,1,3069,42,0,1,0,1,0,28,1,1,pre_allocation
878,1287,normal,0,0,65535_65535,0,1,3069,88,1,1,1,2,88,28,1,1,allocated
878,1287,normal,0,0,65535_65535,0,3,194001,34,0,1,0,1,0,24,1,1,pre_allocation
878,1287,normal,0,0,65535_65535,0,3,194001,71,1,1,1,2,71,24,1,1,allocated
878,1287,normal,0,0,65535_65535,0,2,397062,29,0,1,0,1,0,22,1,1,pre_allocation
878,1287,normal,0,0,65535_65535,0,2,397062,61,1,1,1,2,61,22,1,1,allocated
878,1287,normal,0,0,65535_65535,0,4,820510,14,0,1,0,1,0,15,1,1,pre_allocation
878,1287,normal,0,0,65535_65535,0,4,820510,32,1,1,1,2,32,15,1,1,allocated
878,1287,normal,0,0,65535_65535,0,1,3069,88,0,1,0,2,0,28,1,1,pre_allocation
878,1287,normal,0,0,65535_65535,0,1,3069,133,1,1,1,3,133,28,1,1,allocated
878,1287,normal,0,0,65535_65535,0,3,194001,71,0,1,0,2,0,24,1,1,pre_allocation
878,1287,normal,0,0,65535_65535,0,3,194001,108,1,1,1,3,108,24,1,1,allocated
878,1287,normal,0,0,65535_65535,0,2,397062,61,0,1,0,2,0,22,1,1,pre_allocation
878,1287,normal,0,0,65535_65535,0,2,397062,93,1,1,1,3,93,22,1,1,allocated
878,1287,normal,0,0,65535_65535,0,4,820510,32,0,1,0,2,0,15,1,1,pre_allocation
878,1287,normal,0,0,65535_65535,0,4,820510,50,1,1,1,3,50,15,1,1,allocated
878,1287,normal,0,0,65535_65535,0,1,3069,133,0,1,0,3,0,28,1,1,pre_allocation
878,1287,normal,0,0,65535_65535,0,1,3069,179,1,1,1,4,179,28,1,1,allocated
878,1287,normal,0,0,65535_65535,0,3,194001,108,0,1,0,3,0,24,1,1,pre_allocation
878,1287,normal,0,0,65535_65535,0,3,194001,145,1,1,1,4,145,24,1,1,allocated
878,1287,normal,0,0,65535_65535,0,2,397062,93,0,1,0,3,0,22,1,1,pre_allocation
878,1287,normal,0,0,65535_65535,0,2,397062,125,1,1,1,4,125,22,1,1,allocated
878,1287,normal,0,0,65535_65535,0,4,820510,50,0,1,0,3,0,15,1,1,pre_allocation
878,1287,normal,0,0,65535_65535,0,4,820510,68,1,1,1,4,68,15,1,1,allocated
878,1287,normal,0,0,65535_65535,0,1,3069,179,0,1,0,4,0,28,1,1,pre_allocation
878,1287,normal,0,0,65535_65535,0,1,3069,224,1,1,1,5,224,28,1,1,allocated
878,1287,normal,0,0,65535_65535,0,3,194001,145,0,1,0,4,0,24,1,1,pre_allocation
878,1287,normal,0,0,65535_65535,0,3,194001,182,1,1,1,5,182,24,1,1,allocated
878,1287,normal,0,0,65535_65535,0,2,397062,125,0,1,0,4,0,22,1,1,pre_allocation
878,1287,normal,0,0,65535_65535,0,2,397062,157,1,1,1,5,157,22,1,1,allocated
878,1287,normal,0,0,65535_65535,0,4,820510,68,0,1,0,4,0,15,1,1,pre_allocation
878,1287,normal,0,0,65535_65535,0,4,820510,86,1,1,1,5,86,15,1,1,allocated
878,1287,normal,0,0,65535_65535,0,1,3069,224,0,1,0,5,0,28,1,1,pre_allocation
878,1287,normal,0,0,65535_65535,0,1,3069,270,1,1,1,6,270,28,1,1,allocated
878,1287,normal,0,0,65535_65535,0,3,194001,182,0,1,0,5,0,24,1,1,pre_allocation
878,1287,normal,0,0,65535_65535,0,3,194001,219,1,1,1,6,219,24,1,1,allocated
878,1287,normal,0,0,65535_65535,0,2,397062,157,0,1,0,5,0,22,1,1,pre_allocation
878,1287,normal,0,0,65535_65535,0,2,397062,190,1,1,1,6,190,22,1,1,allocated
878,1287,normal,0,0,65535_65535,0,4,820510,86,0,1,0,5,0,15,1,1,pre_allocation
878,1287,normal,0,0,65535_65535,0,4,820510,103,1,1,1,6,103,15,1,1,allocated
878,1287,normal,0,0,65535_65535,0,1,3069,270,0,1,0,6,0,28,1,1,pre_allocation
878,1287,normal,0,0,65535_65535,0,1,3069,315,1,1,1,7,315,28,1,1,allocated
878,1287,normal,0,0,65535_65535,0,3,194001,219,0,1,0,6,0,24,1,1,pre_allocation
878,1287,normal,0,0,65535_65535,0,3,194001,256,1,1,1,7,256,24,1,1,allocated
878,1287,normal,0,0,65535_65535,0,2,397062,190,0,1,0,6,0,22,1,1,pre_allocation
878,1287,normal,0,0,65535_65535,0,2,397062,222,1,1,1,7,222,22,1,1,allocated
878,1287,normal,0,0,65535_65535,0,4,820510,103,0,1,0,6,0,15,1,1,pre_allocation
878,1287,normal,0,0,65535_65535,0,4,820510,121,1,1,1,7,121,15,1,1,allocated
878,1287,normal,0,0,65535_65535,0,1,3069,315,0,1,0,7,0,28,1,1,pre_allocation
878,1287,normal,0,0,65535_65535,0,1,3069,361,1,1,1,8,361,28,1,1,allocated
878,1287,normal,0,0,65535_65535,0,3,194001,256,0,1,0,7,0,24,1,1,pre_allocation
878,1287,normal,0,0,65535_65535,0,3,194001,294,1,1,1,8,294,24,1,1,allocated
878,1287,normal,0,0,65535_65535,0,2,397062,222,0,1,0,7,0,22,1,1,pre_allocation
878,1287,normal,0,0,65535_65535,0,2,397062,254,1,1,1,8,254,22,1,1,allocated
878,1287,normal,0,0,65535_65535,0,4,820510,121,0,1,0,7,0,15,1,1,pre_allocation
878,1287,normal,0,0,65535_65535,0,4,820510,139,1,1,1,8,139,15,1,1,allocated
878,1287,normal,0,0,65535_65535,0,1,3069,361,0,1,0,8,0,28,1,1,pre_allocation
878,1287,normal,0,0,65535_65535,0,1,3069,406,1,1,1,9,406,28,1,1,allocated
878,1287,normal,0,0,65535_65535,0,3,194001,294,0,1,0,8,0,24,1,1,pre_allocation
878,1287,normal,0,0,65535_65535,0,3,194001,331,1,1,1,9,331,24,1,1,allocated
878,1287,normal,0,0,65535_65535,0,2,397062,254,0,1,0,8,0,22,1,1,pre_allocation
878,1287,normal,0,0,65535_65535,0,2,397062,286,1,1,1,9,286,22,1,1,allocated
878,1287,normal,0,0,65535_65535,0,4,820510,139,0,1,0,8,0,15,1,1,pre_allocation
878,1287,normal,0,0,65535_65535,0,4,820510,157,1,1,1,9,157,15,1,1,allocated
878,1287,normal,0,0,65535_65535,0,1,3069,406,0,1,0,9,0,28,1,1,pre_allocation
878,1287,normal,0,0,65535_65535,0,1,3069,452,1,1,1,10,452,28,1,1,allocated
878,1287,normal,0,0,65535_65535,0,3,194001,331,0,1,0,9,0,24,1,1,pre_allocation
878,1287,normal,0,0,65535_65535,0,3,194001,368,1,1,1,10,368,24,1,1,allocated
878,1287,normal,0,0,65535_65535,0,2,397062,286,0,1,0,9,0,22,1,1,pre_allocation
878,1287,normal,0,0,65535_65535,0,2,397062,318,1,1,1,10,318,22,1,1,allocated
878,1287,normal,0,0,65535_65535,0,4,820510,157,0,1,0,9,0,15,1,1,pre_allocation
878,1287,normal,0,0,65535_65535,0,4,820510,175,1,1,1,10,175,15,1,1,allocated
878,1287,normal,0,0,65535_65535,0,1,3069,452,0,1,0,10,0,28,1,1,pre_allocation
878,1287,normal,0,0,65535_65535,0,1,3069,497,1,1,1,11,497,28,1,1,allocated
878,1287,normal,0,0,65535_65535,0,3,194001,368,0,1,0,10,0,24,1,1,pre_allocation
878,1287,normal,0,0,65535_65535,0,3,194001,405,1,1,1,11,405,24,1,1,allocated
878,1287,normal,0,0,65535_65535,0,2,397062,318,0,1,0,10,0,22,1,1,pre_allocation
878,1287,normal,0,0,65535_65535,0,2,397062,350,1,1,1,11,350,22,1,1,allocated
878,1287,normal,0,0,65535_65535,0,4,820510,175,0,1,0,10,0,15,1,1,pre_allocation
878,1287,normal,0,0,65535_65535,0,4,820510,193,1,1,1,11,193,15,1,1,allocated
878,1287,normal,0,0,65535_65535,0,1,3069,497,0,1,0,11,0,28,1,1,pre_allocation
878,1287,normal,0,0,65535_65535,0,1,3069,543,1,1,1,12,543,28,1,1,allocated
878,1287,normal,0,0,65535_65535,0,3,194001,405,0,1,0,11,0,24,1,1,pre_allocation
878,1287,normal,0,0,65535_65535,0,3,194001,442,1,1,1,12,442,24,1,1,allocated
878,1287,normal,0,0,65535_65535,0,2,397062,350,0,1,0,11,0,22,1,1,pre_allocation
878,1287,normal,0,0,65535_65535,0,2,397062,383,1,1,1,12,383,22,1,1,allocated
878,1287,normal,0,0,65535_65535,0,4,820510,193,0,1,0,11,0,15,1,1,pre_allocation
878,1287,normal,0,0,65535_65535,0,4,820510,210,1,1,1,12,210,15,1,1,allocated
878,1287,normal,0,0,65535_65535,0,1,3069,543,0,1,0,12,0,28,1,1,pre_allocation
878,1287,normal,0,0,65535_65535,0,1,3069,589,1,1,1,13,589,28,1,1,allocated
878,1287,normal,0,0,65535_65535,0,3,194001,442,0,1,0,12,0,24,1,1,pre_allocation
878,1287,normal,0,0,65535_65535,0,3,194001,479,1,1,1,13,479,24,1,1,allocated
878,1287,normal,0,0,65535_65535,0,2,397062,383,0,1,0,12,0,22,1,1,pre_allocation
878,1287,normal,0,0,65535_65535,0,2,397062,415,1,1,1,13,415,22,1,1,allocated
878,1287,normal,0,0,65535_65535,0,4,820510,210,0,1,0,12,0,15,1,1,pre_allocation
878,1287,normal,0,0,65535_65535,0,4,820510,228,1,1,1,13,228,15,1,1,allocated
878,1287,normal,0,0,65535_65535,0,1,3069,589,0,1,0,13,0,28,1,1,pre_allocation
878,1287,normal,0,0,65535_65535,0,1,3069,634,1,1,1,14,634,28,1,1,allocated
878,1287,normal,0,0,65535_65535,0,3,194001,479,0,1,0,13,0,24,1,1,pre_allocation
878,1287,normal,0,0,65535_65535,0,3,194001,516,1,1,1,14,516,24,1,1,allocated
878,1287,normal,0,0,65535_65535,0,2,397062,415,0,1,0,13,0,22,1,1,pre_allocation
878,1287,normal,0,0,65535_65535,0,2,397062,447,1,1,1,14,447,22,1,1,allocated
878,1287,normal,0,0,65535_65535,0,4,820510,228,0,1,0,13,0,15,1,1,pre_allocation
878,1287,normal,0,0,65535_65535,0,4,820510,246,1,1,1,14,246,15,1,1,allocated
878,1287,normal,0,0,65535_65535,0,1,3069,634,0,1,0,14,0,28,1,1,pre_allocation
878,1287,normal,0,0,65535_65535,0,1,3069,680,1,1,1,15,680,28,1,1,allocated
878,1287,normal,0,0,65535_65535,0,3,194001,516,0,1,0,14,0,24,1,1,pre_allocation
878,1287,normal,0,0,65535_65535,0,3,194001,553,1,1,1,15,553,24,1,1,allocated
878,1287,normal,0,0,65535_65535,0,2,397062,447,0,1,0,14,0,22,1,1,pre_allocation
878,1287,normal,0,0,65535_65535,0,2,397062,479,1,1,1,15,479,22,1,1,allocated
878,1287,normal,0,0,65535_65535,0,4,820510,246,0,1,0,14,0,15,1,1,pre_allocation
878,1287,normal,0,0,65535_65535,0,4,820510,264,1,1,1,15,264,15,1,1,allocated
878,1287,normal,0,0,65535_65535,0,1,3069,680,0,1,0,15,0,28,1,1,pre_allocation
878,1287,normal,0,0,65535_65535,0,1,3069,725,1,1,1,16,725,28,1,1,allocated
878,1287,normal,0,0,65535_65535,0,3,194001,553,0,1,0,15,0,24,1,1,pre_allocation
878,1287,normal,0,0,65535_65535,0,3,194001,591,1,1,1,16,591,24,1,1,allocated
878,1287,normal,0,0,65535_65535,0,2,397062,479,0,1,0,15,0,22,1,1,pre_allocation
878,1287,normal,0,0,65535_65535,0,2,397062,511,1,1,1,16,511,22,1,1,allocated
878,1287,normal,0,0,65535_65535,0,4,820510,264,0,1,0,15,0,15,1,1,pre_allocation
878,1287,normal,0,0,65535_65535,0,4,820510,282,1,1,1,16,282,15,1,1,allocated
878,1287,normal,0,0,65535_65535,0,1,3069,725,0,1,0,16,0,28,1,1,pre_allocation
878,1287,normal,0,0,65535_65535,0,1,3069,771,1,1,1,17,771,28,1,1,allocated
878,1287,normal,0,0,65535_65535,0,3,194001,591,0,1,0,16,0,24,1,1,pre_allocation
878,1287,normal,0,0,65535_65535,0,3,194001,628,1,1,1,17,628,24,1,1,allocated
878,1287,normal,0,0,65535_65535,0,2,397062,511,0,1,0,16,0,22,1,1,pre_allocation
878,1287,normal,0,0,65535_65535,0,2,397062,543,1,1,1,17,543,22,1,1,allocated
878,1287,normal,0,0,65535_65535,0,4,820510,282,0,1,0,16,0,15,1,1,pre_allocation
878,1287,normal,0,0,65535_65535,0,4,820510,299,1,1,1,17,299,15,1,1,allocated
878,1287,normal,0,0,65535_65535,0,1,3069,771,0,1,0,17,0,28,1,1,pre_allocation
878,1287,normal,0,0,65535_65535,0,1,3069,816,1,1,1,18,816,28,1,1,allocated
878,1287,normal,0,0,65535_65535,0,3,194001,628,0,1,0,17,0,24,1,1,pre_allocation
878,1287,normal,0,0,65535_65535,0,3,194001,665,1,1,1,18,665,24,1,1,allocated
878,1287,normal,0,0,65535_65535,0,2,397062,543,0,1,0,17,0,22,1,1,pre_allocation
878,1287,normal,0,0,65535_65535,0,2,397062,576,1,1,1,18,576,22,1,1,allocated
878,1287,normal,0,0,65535_65535,0,4,820510,299,0,1,0,17,0,15,1,1,pre_allocation
878,1287,normal,0,0,65535_65535,0,4,820510,317,1,1,1,18,317,15,1,1,allocated
878,1287,normal,0,0,65535_65535,0,1,3069,816,0,1,0,18,0,28,1,1,pre_allocation
878,1287,normal,0,0,65535_65535,0,1,3069,862,1,1,1,19,862,28,1,1,allocated
878,1287,normal,0,0,65535_65535,0,3,194001,665,0,1,0,18,0,24,1,1,pre_allocation
878,1287,normal,0,0,65535_65535,0,3,194001,702,1,1,1,19,702,24,1,1,allocated
878,1287,normal,0,0,65535_65535,0,2,397062,576,0,1,0,18,0,22,1,1,pre_allocation
878,1287,normal,0,0,65535_65535,0,2,397062,608,1,1,1,19,608,22,1,1,allocated
878,1287,normal,0,0,65535_65535,0,4,820510,317,0,1,0,18,0,15,1,1,pre_allocation
878,1287,normal,0,0,65535_65535,0,4,820510,335,1,1,1,19,335,15,1,1,allocated
878,1287,normal,0,0,65535_65535,0,1,3069,862,0,1,0,19,0,28,1,1,pre_allocation
878,1287,normal,0,0,65535_65535,0,1,3069,907,1,1,1,20,907,28,1,1,allocated
878,1287,normal,0,0,65535_65535,0,3,194001,702,0,1,0,19,0,24,1,1,pre_allocation
878,1287,normal,0,0,65535_65535,0,3,194001,739,1,1,1,20,739,24,1,1,allocated
878,1287,normal,0,0,65535_65535,0,2,397062,608,0,1,0,19,0,22,1,1,pre_allocation
878,1287,normal,0,0,65535_65535,0,2,397062,640,1,1,1,20,640,22,1,1,allocated
878,1287,normal,0,0,65535_65535,0,4,820510,335,0,1,0,19,0,15,1,1,pre_allocation
878,1287,normal,0,0,65535_65535,0,4,820510,353,1,1,1,20,353,15,1,1,allocated
878,1287,normal,0,0,65535_65535,0,1,3069,907,0,1,0,20,0,28,1,1,pre_allocation
878,1287,normal,0,0,65535_65535,0,1,3069,953,1,1,1,21,953,28,1,1,allocated
878,1287,normal,0,0,65535_65535,0,3,194001,739,0,1,0,20,0,24,1,1,pre_allocation
878,1287,normal,0,0,65535_65535,0,3,194001,776,1,1,1,21,776,24,1,1,allocated
878,1287,normal,0,0,65535_65535,0,2,397062,640,0,1,0,20,0,22,1,1,pre_allocation
878,1287,normal,0,0,65535_65535,0,2,397062,672,1,1,1,21,672,22,1,1,allocated
878,1287,normal,0,0,65535_65535,0,4,820510,353,0,1,0,20,0,15,1,1,pre_allocation
878,1287,normal,0,0,65535_65535,0,4,820510,371,1,1,1,21,371,15,1,1,allocated
878,1287,normal,0,0,65535_65535,0,1,3069,953,0,1,0,21,0,28,1,1,pre_allocation
878,1287,normal,0,0,65535_65535,0,1,3069,998,1,1,1,22,998,28,1,1,allocated
878,1287,normal,0,0,65535_65535,0,3,194001,776,0,1,0,21,0,24,1,1,pre_allocation
878,1287,normal,0,0,65535_65535,0,3,194001,813,1,1,1,22,813,24,1,1,allocated
878,1287,normal,0,0,65535_65535,0,2,397062,672,0,1,0,21,0,22,1,1,pre_allocation
878,1287,normal,0,0,65535_65535,0,2,397062,704,1,1,1,22,704,22,1,1,allocated
878,1287,normal,0,0,65535_65535,0,4,820510,371,0,1,0,21,0,15,1,1,pre_allocation
878,1287,normal,0,0,65535_65535,0,4,820510,389,1,1,1,22,389,15,1,1,allocated
878,1287,normal,0,0,65535_65535,0,1,3069,998,0,1,0,22,0,28,1,1,pre_allocation
878,1287,normal,0,0,65535_65535,0,1,3069,1044,1,1,1,23,1044,28,1,1,allocated
878,1287,normal,0,0,65535_65535,0,3,194001,813,0,1,0,22,0,24,1,1,pre_allocation
878,1287,normal,0,0,65535_65535,0,3,194001,850,1,1,1,23,850,24,1,1,allocated
878,1287,normal,0,0,65535_65535,0,2,397062,704,0,1,0,22,0,22,1,1,pre_allocation
878,1287,normal,0,0,65535_65535,0,2,397062,737,1,1,1,23,737,22,1,1,allocated
878,1287,normal,0,0,65535_65535,0,4,820510,389,0,1,0,22,0,15,1,1,pre_allocation
878,1287,normal,0,0,65535_65535,0,4,820510,406,1,1,1,23,406,15,1,1,allocated
878,1287,normal,0,0,65535_65535,0,1,3069,1044,0,1,0,23,0,28,1,1,pre_allocation
878,1287,normal,0,0,65535_65535,0,1,3069,1089,1,1,1,24,1089,28,1,1,allocated
878,1287,normal,0,0,65535_65535,0,3,194001,850,0,1,0,23,0,24,1,1,pre_allocation
878,1287,normal,0,0,65535_65535,0,3,194001,888,1,1,1,24,888,24,1,1,allocated
878,1287,normal,0,0,65535_65535,0,2,397062,737,0,1,0,23,0,22,1,1,pre_allocation
878,1287,normal,0,0,65535_65535,0,2,397062,769,1,1,1,24,769,22,1,1,allocated
878,1287,normal,0,0,65535_65535,0,4,820510,406,0,1,0,23,0,15,1,1,pre_allocation
878,1287,normal,0,0,65535_65535,0,4,820510,424,1,1,1,24,424,15,1,1,allocated
878,1287,normal,0,0,65535_65535,0,1,3069,1089,0,1,0,24,0,28,1,1,pre_allocation
878,1287,normal,0,0,65535_65535,0,1,3069,1135,1,1,1,25,1135,28,1,1,allocated
878,1287,normal,0,0,65535_65535,0,3,194001,888,0,1,0,24,0,24,1,1,pre_allocation
878,1287,normal,0,0,65535_65535,0,3,194001,925,1,1,1,25,925,24,1,1,allocated
878,1287,normal,0,0,65535_65535,0,2,397062,769,0,1,0,24,0,22,1,1,pre_allocation
878,1287,normal,0,0,65535_65535,0,2,397062,801,1,1,1,25,801,22,1,1,allocated
878,1287,normal,0,0,65535_65535,0,4,820510,424,0,1,0,24,0,15,1,1,pre_allocation
878,1287,normal,0,0,65535_65535,0,4,820510,442,1,1,1,25,442,15,1,1,allocated
878,1287,normal,0,0,65535_65535,0,1,3069,1135,0,1,0,25,0,28,1,1,pre_allocation
878,1287,normal,0,0,65535_65535,0,1,3069,1181,1,1,1,26,1181,28,1,1,allocated
878,1287,normal,0,0,65535_65535,0,3,194001,925,0,1,0,25,0,24,1,1,pre_allocation
878,1287,normal,0,0,65535_65535,0,3,194001,962,1,1,1,26,962,24,1,1,allocated
878,1287,normal,0,0,65535_65535,0,2,397062,801,0,1,0,25,0,22,1,1,pre_allocation
878,1287,normal,0,0,65535_65535,0,2,397062,833,1,1,1,26,833,22,1,1,allocated
878,1287,normal,0,0,65535_65535,0,4,820510,442,0,1,0,25,0,15,1,1,pre_allocation
878,1287,normal,0,0,65535_65535,0,4,820510,460,1,1,1,26,460,15,1,1,allocated
878,1287,normal,0,0,65535_65535,0,1,3069,1181,0,1,0,26,0,28,1,1,pre_allocation
878,1287,normal,0,0,65535_65535,0,1,3069,1226,1,1,1,27,1226,28,1,1,allocated
878,1287,normal,0,0,65535_65535,0,3,194001,962,0,1,0,26,0,24,1,1,pre_allocation
878,1287,normal,0,0,65535_65535,0,3,194001,999,1,1,1,27,999,24,1,1,allocated
878,1287,normal,0,0,65535_65535,0,2,397062,833,0,1,0,26,0,22,1,1,pre_allocation
878,1287,normal,0,0,65535_65535,0,2,397062,865,1,1,1,27,865,22,1,1,allocated
878,1287,normal,0,0,65535_65535,0,4,820510,460,0,1,0,26,0,15,1,1,pre_allocation
878,1287,normal,0,0,65535_65535,0,4,820510,478,1,1,1,27,478,15,1,1,allocated
878,1287,normal,0,0,65535_65535,0,1,3069,1226,0,1,0,27,0,28,1,1,pre_allocation
878,1287,normal,0,0,65535_65535,0,1,3069,1272,1,1,1,28,1272,28,1,1,allocated
878,1287,normal,0,0,65535_65535,0,3,194001,999,0,1,0,27,0,24,1,1,pre_allocation
878,1287,normal,0,0,65535_65535,0,3,194001,1036,1,1,1,28,1036,24,1,1,allocated
878,1287,normal,0,0,65535_65535,0,2,397062,865,0,1,0,27,0,22,1,1,pre_allocation
878,1287,normal,0,0,65535_65535,0,2,397062,897,1,1,1,28,897,22,1,1,allocated
878,1287,normal,0,0,65535_65535,1,7,87,0,0,1,0,0,0,28,1,1,pre_allocation
878,1287,normal,0,0,65535_65535,1,7,87,42,1,1,1,1,42,28,1,1,allocated
878,1287,normal,0,0,65535_65535,1,6,87,0,0,1,0,0,0,26,1,1,pre_allocation
878,1287,normal,0,0,65535_65535,1,6,87,39,1,1,1,1,39,26,1,1,allocated
878,1287,normal,0,0,65535_65535,1,10,87,0,0,1,0,0,0,20,1,1,pre_allocation
878,1287,normal,0,0,65535_65535,1,10,87,24,1,1,1,1,24,20,1,1,allocated
878,1287,normal,0,0,65535_65535,1,7,87,42,0,1,0,1,0,28,1,1,pre_allocation
878,1287,normal,0,0,65535_65535,1,7,87,88,1,1,1,2,88,28,1,1,allocated
878,1287,normal,0,0,65535_65535,1,6,87,39,0,1,0,1,0,26,1,1,pre_allocation
878,1287,normal,0,0,65535_65535,1,6,87,81,1,1,1,2,81,26,1,1,allocated
878,1287,normal,0,0,65535_65535,1,10,87,24,0,1,0,1,0,20,1,1,pre_allocation
878,1287,normal,0,0,65535_65535,1,10,87,51,1,1,1,2,51,20,1,1,allocated
878,1287,normal,0,0,65535_65535,1,7,87,88,0,1,0,2,0,28,1,1,pre_allocation
878,1287,normal,0,0,65535_65535,1,7,87,133,1,1,1,3,133,28,1,1,allocated
878,1287,normal,0,0,65535_65535,1,6,87,81,0,1,0,2,0,26,1,1,pre_allocation
878,1287,normal,0,0,65535_65535,1,6,87,123,1,1,1,3,123,26,1,1,allocated
878,1287,normal,0,0,65535_65535,1,10,87,51,0,1,0,2,0,20,1,1,pre_allocation
878,1287,normal,0,0,65535_65535,1,10,87,78,1,1,1,3,78,20,1,1,allocated
878,1287,normal,0,0,65535_65535,1,7,87,133,0,1,0,3,0,28,1,1,pre_allocation
878,1287,normal,0,0,65535_65535,1,7,87,179,1,1,1,4,179,28,1,1,allocated
878,1287,normal,0,0,65535_65535,1,6,87,123,0,1,0,3,0,26,1,1,pre_allocation
878,1287,normal,0,0,65535_65535,1,6,87,165,1,1,1,4,165,26,1,1,allocated
878,1287,normal,0,0,65535_65535,1,10,87,78,0,1,0,3,0,20,1,1,pre_allocation
878,1287,normal,0,0,65535_65535,1,10,87,105,1,1,1,4,105,20,1,1,allocated
878,1287,normal,0,0,65535_65535,1,7,87,179,0,1,0,4,0,28,1,1,pre_allocation
878,1287,normal,0,0,65535_65535,1,7,87,224,1,1,1,5,224,28,1,1,allocated
878,1287,normal,0,0,65535_65535,1,6,87,165,0,1,0,4,0,26,1,1,pre_allocation
878,1287,normal,0,0,65535_65535,1,6,87,207,1,1,1,5,207,26,1,1,allocated
878,1287,normal,0,0,65535_65535,1,10,87,105,0,1,0,4,0,20,1,1,pre_allocation
878,1287,normal,0,0,65535_65535,1,10,87,133,1,1,1,5,133,20,1,1,allocated
878,1287,normal,0,0,65535_65535,1,7,87,224,0,1,0,5,0,28,1,1,pre_allocation
878,1287,normal,0,0,65535_65535,1,7,87,270,1,1,1,6,270,28,1,1,allocated
878,1287,normal,0,0,65535_65535,1,6,87,207,0,1,0,5,0,26,1,1,pre_allocation
878,1287,normal,0,0,65535_65535,1,6,87,249,1,1,1,6,249,26,1,1,allocated
878,1287,normal,0,0,65535_65535,1,10,87,133,0,1,0,5,0,20,1,1,pre_allocation
878,1287,normal,0,0,65535_65535,1,10,87,160,1,1,1,6,160,20,1,1,allocated
878,1287,normal,0,0,65535_65535,1,7,87,270,0,1,0,6,0,28,1,1,pre_allocation
878,1287,normal,0,0,65535_65535,1,7,87,315,1,1,1,7,315,28,1,1,allocated
878,1287,normal,0,0,65535_65535,1,6,87,249,0,1,0,6,0,26,1,1,pre_allocation
878,1287,normal,0,0,65535_65535,1,6,87,291,1,1,1,7,291,26,1,1,allocated
878,1287,normal,0,0,65535_65535,1,10,87,160,0,1,0,6,0,20,1,1,pre_allocation
878,1287,normal,0,0,65535_65535,1,10,87,187,1,1,1,7,187,20,1,1,allocated
878,1287,normal,0,0,65535_65535,1,7,87,315,0,1,0,7,0,28,1,1,pre_allocation
878,1287,normal,0,0,65535_65535,1,7,87,361,1,1,1,8,361,28,1,1,allocated
878,1287,normal,0,0,65535_65535,1,6,87,291,0,1,0,7,0,26,1,1,pre_allocation
878,1287,normal,0,0,65535_65535,1,6,87,333,1,1,1,8,333,26,1,1,allocated
878,1287,normal,0,0,65535_65535,1,10,87,187,0,1,0,7,0,20,1,1,pre_allocation
878,1287,normal,0,0,65535_65535,1,10,87,214,1,1,1,8,214,20,1,1,allocated
878,1287,normal,0,0,65535_65535,1,7,87,361,0,1,0,8,0,28,1,1,pre_allocation
878,1287,normal,0,0,65535_65535,1,7,87,406,1,1,1,9,406,28,1,1,allocated
878,1287,normal,0,0,65535_65535,1,6,87,333,0,1,0,8,0,26,1,1,pre_allocation
878,1287,normal,0,0,65535_65535,1,6,87,375,1,1,1,9,375,26,1,1,allocated
878,1287,normal,0,0,65535_65535,1,10,87,214,0,1,0,8,0,20,1,1,pre_allocation
878,1287,normal,0,0,65535_65535,1,10,87,242,1,1,1,9,242,20,1,1,allocated
878,1287,normal,0,0,65535_65535,1,7,87,406,0,1,0,9,0,28,1,1,pre_allocation
878,1287,normal,0,0,65535_65535,1,7,87,452,1,1,1,10,452,28,1,1,allocated
878,1287,normal,0,0,65535_65535,1,6,87,375,0,1,0,9,0,26,1,1,pre_allocation
878,1287,normal,0,0,65535_65535,1,6,87,417,1,1,1,10,417,26,1,1,allocated
878,1287,normal,0,0,65535_65535,1,10,87,242,0,1,0,9,0,20,1,1,pre_allocation
878,1287,normal,0,0,65535_65535,1,10,87,269,1,1,1,10,269,20,1,1,allocated
878,1287,normal,0,0,65535_65535,1,7,87,452,0,1,0,10,0,28,1,1,pre_allocation
878,1287,normal,0,0,65535_65535,1,7,87,497,1,1,1,11,497,28,1,1,allocated
878,1287,normal,0,0,65535_65535,1,6,87,417,0,1,0,10,0,26,1,1,pre_allocation
878,1287,normal,0,0,65535_65535,1,6,87,459,1,1,1,11,459,26,1,1,allocated
878,1287,normal,0,0,65535_65535,1,10,87,269,0,1,0,10,0,20,1,1,pre_allocation
878,1287,normal,0,0,65535_65535,1,10,87,296,1,1,1,11,296,20,1,1,allocated
878,1287,normal,0,0,65535_65535,1,7,87,497,0,1,0,11,0,28,1,1,pre_allocation
878,1287,normal,0,0,65535_65535,1,7,87,543,1,1,1,12,543,28,1,1,allocated
878,1287,normal,0,0,65535_65535,1,6,87,459,0,1,0,11,0,26,1,1,pre_allocation
878,1287,normal,0,0,65535_65535,1,6,87,501,1,1,1,12,501,26,1,1,allocated
878,1287,normal,0,0,65535_65535,1,10,87,296,0,1,0,11,0,20,1,1,pre_allocation
878,1287,normal,0,0,65535_65535,1,10,87,323,1,1,1,12,323,20,1,1,allocated
878,1287,normal,0,0,65535_65535,1,7,87,543,0,1,0,12,0,28,1,1,pre_allocation
878,1287,normal,0,0,65535_65535,1,7,87,589,1,1,1,13,589,28,1,1,allocated
878,1287,normal,0,0,65535_65535,1,6,87,501,0,1,0,12,0,26,1,1,pre_allocation
878,1287,normal,0,0,65535_65535,1,6,87,543,1,1,1,13,543,26,1,1,allocated
878,1287,normal,0,0,65535_65535,1,10,87,323,0,1,0,12,0,20,1,1,pre_allocation
878,1287,normal,0,0,65535_65535,1,10,87,350,1,1,1,13,350,20,1,1,allocated
878,1287,normal,0,0,65535_65535,1,7,87,589,0,1,0,13,0,28,1,1,pre_allocation
878,1287,normal,0,0,65535_65535,1,7,87,634,1,1,1,14,634,28,1,1,allocated
878,1287,normal,0,0,65535_65535,1,6,87,543,0,1,0,13,0,26,1,1,pre_allocation
878,1287,normal,0,0,65535_65535,1,6,87,586,1,1,1,14,586,26,1,1,allocated
878,1287,normal,0,0,65535_65535,1,10,87,350,0,1,0,13,0,20,1,1,pre_allocation
878,1287,normal,0,0,65535_65535,1,10,87,378,1,1,1,14,378,20,1,1,allocated
878,1287,normal,0,0,65535_65535,1,7,87,634,0,1,0,14,0,28,1,1,pre_allocation
878,1287,normal,0,0,65535_65535,1,7,87,680,1,1,1,15,680,28,1,1,allocated
878,1287,normal,0,0,65535_65535,1,6,87,586,0,1,0,14,0,26,1,1,pre_allocation
878,1287,normal,0,0,65535_65535,1,6,87,628,1,1,1,15,628,26,1,1,allocated
878,1287,normal,0,0,65535_65535,1,10,87,378,0,1,0,14,0,20,1,1,pre_allocation
878,1287,normal,0,0,65535_65535,1,10,87,405,1,1,1,15,405,20,1,1,allocated
878,1287,normal,0,0,65535_65535,1,7,87,680,0,1,0,15,0,28,1,1,pre_allocation
878,1287,normal,0,0,65535_65535,1,7,87,725,1,1,1,16,725,28,1,1,allocated
878,1287,normal,0,0,65535_65535,1,6,87,628,0,1,0,15,0,26,1,1,pre_allocation
878,1287,normal,0,0,65535_65535,1,6,87,670,1,1,1,16,670,26,1,1,allocated
878,1287,normal,0,0,65535_65535,1,10,87,405,0,1,0,15,0,20,1,1,pre_allocation
878,1287,normal,0,0,65535_65535,1,10,87,432,1,1,1,16,432,20,1,1,allocated
878,1287,normal,0,0,65535_65535,1,7,87,725,0,1,0,16,0,28,1,1,pre_allocation
878,1287,normal,0,0,65535_65535,1,7,87,771,1,1,1,17,771,28,1,1,allocated
878,1287,normal,0,0,65535_65535,1,6,87,670,0,1,0,16,0,26,1,1,pre_allocation
878,1287,normal,0,0,65535_65535,1,6,87,712,1,1,1,17,712,26,1,1,allocated
878,1287,normal,0,0,65535_65535,1,10,87,432,0,1,0,16,0,20,1,1,pre_allocation
878,1287,normal,0,0,65535_65535,1,10,87,459,1,1,1,17,459,20,1,1,allocated
878,1287,normal,0,0,65535_65535,1,7,87,771,0,1,0,17,0,28,1,1,pre_allocation
878,1287,normal,0,0,65535_65535,1,7,87,816,1,1,1,18,816,28,1,1,allocated
878,1287,normal,0,0,65535_65535,1,6,87,712,0,1,0,17,0,26,1,1,pre_allocation
878,1287,normal,0,0,65535_65535,1,6,87,754,1,1,1,18,754,26,1,1,allocated
878,1287,normal,0,0,65535_65535,2,26,137,0,0,1,0,0,0,28,1,1,pre_allocation
878,1287,normal,0,0,65535_65535,2,26,137,42,1,1,1,1,42,28,1,1,allocated
878,1287,normal,0,0,65535_65535,2,23,137,0,0,1,0,0,0,28,1,1,pre_allocation
878,1287,normal,0,0,65535_65535,2,23,137,42,1,1,1,1,42,28,1,1,allocated
878,1287,normal,0,0,65535_65535,2,13,137,0,0,1,0,0,0,28,1,1,pre_allocation
878,1287,normal,0,0,65535_65535,2,13,137,42,1,1,1,1,42,28,1,1,allocated
878,1287,normal,0,0,65535_65535,2,27,137,0,0,1,0,0,0,26,1,1,pre_allocation
878,1287,normal,0,0,65535_65535,2,27,137,39,1,1,1,1,39,26,1,1,allocated
878,1287,normal,0,0,65535_65535,2,22,137,0,0,1,0,0,0,24,1,1,pre_allocation
878,1287,normal,0,0,65535_65535,2,22,137,34,1,1,1,1,34,24,1,1,allocated
878,1287,normal,0,0,65535_65535,2,24,137,0,0,1,0,0,0,15,1,1,pre_allocation
878,1287,normal,0,0,65535_65535,2,24,137,14,1,1,1,1,14,15,1,1,allocated
878,1287,normal,0,0,65535_65535,2,21,269,0,0,1,0,0,0,15,1,1,pre_allocation
878,1287,normal,0,0,65535_65535,2,21,269,14,1,1,1,1,14,15,1,1,allocated
878,1287,normal,0,0,65535_65535,2,12,137,0,0,1,0,0,0,15,1,1,pre_allocation
878,1287,normal,0,0,65535_65535,2,12,137,14,1,1,1,1,14,15,1,1,allocated
878,1287,normal,0,0,65535_65535,2,11,137,0,0,1,0,0,0,2,1,1,pre_allocation
878,1287,normal,0,0,65535_65535,2,11,137,1,1,1,1,1,1,2,1,1,allocated
878,1287,normal,0,0,65535_65535,2,26,137,42,0,1,0,1,0,28,1,1,pre_allocation
878,1287,normal,0,0,65535_65535,2,26,137,88,1,1,1,2,88,28,1,1,allocated
878,1287,normal,0,0,65535_65535,2,23,137,42,0,1,0,1,0,28,1,1,pre_allocation
878,1287,normal,0,0,65535_65535,2,23,137,88,1,1,1,2,88,28,1,1,allocated
878,1287,normal,0,0,65535_65535,2,13,137,42,0,1,0,1,0,28,1,1,pre_allocation
878,1287,normal,0,0,65535_65535,2,13,137,88,1,1,1,2,88,28,1,1,allocated
878,1287,normal,0,0,65535_65535,2,27,137,39,0,1,0,1,0,26,1,1,pre_allocation
878,1287,normal,0,0,65535_65535,2,27,137,81,1,1,1,2,81,26,1,1,allocated
878,1287,normal,0,0,65535_65535,2,22,137,34,0,1,0,1,0,24,1,1,pre_allocation
878,1287,normal,0,0,65535_65535,2,22,137,71,1,1,1,2,71,24,1,1,allocated
878,1287,normal,0,0,65535_65535,2,24,137,14,0,1,0,1,0,15,1,1,pre_allocation
878,1287,normal,0,0,65535_65535,2,24,137,32,1,1,1,2,32,15,1,1,allocated
878,1287,normal,0,0,65535_65535,2,21,269,14,0,1,0,1,0,15,1,1,pre_allocation
878,1287,normal,0,0,65535_65535,2,21,269,32,1,1,1,2,32,15,1,1,allocated
878,1287,normal,0,0,65535_65535,2,12,137,14,0,1,0,1,0,15,1,1,pre_allocation
878,1287,normal,0,0,65535_65535,2,12,137,32,1,1,1,2,32,15,1,1,allocated
878,1287,normal,0,0,65535_65535,2,11,137,1,0,1,0,1,0,2,1,1,pre_allocation
878,1287,normal,0,0,65535_65535,2,11,137,0,1,1,1,2,0,2,1,1,allocated
878,1287,normal,0,0,65535_65535,2,26,137,88,0,1,0,2,0,28,1,1,pre_allocation
878,1287,normal,0,0,65535_65535,2,26,137,133,1,1,1,3,133,28,1,1,allocated
878,1287,normal,0,0,65535_65535,2,23,137,88,0,1,0,2,0,28,1,1,pre_allocation
878,1287,normal,0,0,65535_65535,2,23,137,133,1,1,1,3,133,28,1,1,allocated
878,1287,normal,0,0,65535_65535,2,13,137,88,0,1,0,2,0,28,1,1,pre_allocation
878,1287,normal,0,0,65535_65535,2,13,137,133,1,1,1,3,133,28,1,1,allocated
878,1287,normal,0,0,65535_65535,2,27,137,81,0,1,0,2,0,26,1,1,pre_allocation
878,1287,normal,0,0,65535_65535,2,27,137,123,1,1,1,3,123,26,1,1,allocated
878,1287,normal,0,0,65535_65535,2,22,137,71,0,1,0,2,0,24,1,1,pre_allocation
878,1287,normal,0,0,65535_65535,2,22,137,108,1,1,1,3,108,24,1,1,allocated
878,1287,normal,0,0,65535_65535,2,24,137,32,0,1,0,2,0,15,1,1,pre_allocation
878,1287,normal,0,0,65535_65535,2,24,137,50,1,1,1,3,50,15,1,1,allocated
878,1287,normal,0,0,65535_65535,2,21,269,32,0,1,0,2,0,15,1,1,pre_allocation
878,1287,normal,0,0,65535_65535,2,21,269,50,1,1,1,3,50,15,1,1,allocated
878,1287,normal,0,0,65535_65535,2,12,137,32,0,1,0,2,0,15,1,1,pre_allocation
878,1287,normal,0,0,65535_65535,2,12,137,50,1,1,1,3,50,15,1,1,allocated
878,1287,normal,0,0,65535_65535,2,11,137,0,0,1,0,2,0,2,1,1,pre_allocation
878,1287,normal,0,0,65535_65535,2,11,137,2,1,1,1,3,2,2,1,1,allocated
878,1287,normal,0,0,65535_65535,2,26,137,133,0,1,0,3,0,28,1,1,pre_allocation
878,1287,normal,0,0,65535_65535,2,26,137,179,1,1,1,4,179,28,1,1,allocated
878,1287,normal,0,0,65535_65535,2,23,137,133,0,1,0,3,0,28,1,1,pre_allocation
878,1287,normal,0,0,65535_65535,2,23,137,179,1,1,1,4,179,28,1,1,allocated
878,1287,normal,0,0,65535_65535,2,13,137,133,0,1,0,3,0,28,1,1,pre_allocation
878,1287,normal,0,0,65535_65535,2,13,137,179,1,1,1,4,179,28,1,1,allocated
878,1287,normal,0,0,65535_65535,2,27,137,123,0,1,0,3,0,26,1,1,pre_allocation
878,1287,normal,0,0,65535_65535,2,27,137,165,1,1,1,4,165,26,1,1,allocated
878,1287,normal,0,0,65535_65535,2,22,137,108,0,1,0,3,0,24,1,1,pre_allocation
878,1287,normal,0,0,65535_65535,2,22,137,145,1,1,1,4,145,24,1,1,allocated
878,1287,normal,0,0,65535_65535,2,24,137,50,0,1,0,3,0,15,1,1,pre_allocation
878,1287,normal,0,0,65535_65535,2,24,137,68,1,1,1,4,68,15,1,1,allocated
878,1287,normal,0,0,65535_65535,2,21,269,50,0,1,0,3,0,15,1,1,pre_allocation
878,1287,normal,0,0,65535_65535,2,21,269,68,1,1,1,4,68,15,1,1,allocated
878,1287,normal,0,0,65535_65535,2,12,137,50,0,1,0,3,0,15,1,1,pre_allocation
878,1287,normal,0,0,65535_65535,2,12,137,68,1,1,1,4,68,15,1,1,allocated
878,1287,normal,0,0,65535_65535,2,11,137,2,0,1,0,3,0,2,1,1,pre_allocation
878,1287,normal,0,0,65535_65535,2,11,137,4,1,1,1,4,4,2,1,1,allocated
878,1287,normal,0,0,65535_65535,2,26,137,179,0,1,0,4,0,28,1,1,pre_allocation
878,1287,normal,0,0,65535_65535,2,26,137,224,1,1,1,5,224,28,1,1,allocated
878,1287,normal,0,0,65535_65535,2,23,137,179,0,1,0,4,0,28,1,1,pre_allocation
878,1287,normal,0,0,65535_65535,2,23,137,224,1,1,1,5,224,28,1,1,allocated
878,1287,normal,0,0,65535_65535,2,13,137,179,0,1,0,4,0,28,1,1,pre_allocation
878,1287,normal,0,0,65535_65535,2,13,137,224,1,1,1,5,224,28,1,1,allocated
878,1287,normal,0,0,65535_65535,2,27,137,165,0,1,0,4,0,26,1,1,pre_allocation
878,1287,normal,0,0,65535_65535,2,27,137,207,1,1,1,5,207,26,1,1,allocated
878,1287,normal,0,0,65535_65535,2,22,137,145,0,1,0,4,0,24,1,1,pre_allocation
878,1287,normal,0,0,65535_65535,2,22,137,182,1,1,1,5,182,24,1,1,allocated
878,1287,normal,0,0,65535_65535,2,24,137,68,0,1,0,4,0,15,1,1,pre_allocation
878,1287,normal,0,0,65535_65535,2,24,137,86,1,1,1,5,86,15,1,1,allocated
878,1287,normal,0,0,65535_65535,2,21,269,68,0,1,0,4,0,15,1,1,pre_allocation
878,1287,normal,0,0,65535_65535,2,21,269,86,1,1,1,5,86,15,1,1,allocated
878,1287,normal,0,0,65535_65535,2,12,137,68,0,1,0,4,0,15,1,1,pre_allocation
878,1287,normal,0,0,65535_65535,2,12,137,86,1,1,1,5,86,15,1,1,allocated
878,1287,normal,0,0,65535_65535,2,11,137,4,0,1,0,4,0,2,1,1,pre_allocation
878,1287,normal,0,0,65535_65535,2,11,137,6,1,1,1,5,6,2,1,1,allocated
878,1287,normal,0,0,65535_65535,2,26,137,224,0,1,0,5,0,28,1,1,pre_allocation
878,1287,normal,0,0,65535_65535,2,26,137,270,1,1,1,6,270,28,1,1,allocated
878,1287,normal,0,0,65535_65535,2,23,137,224,0,1,0,5,0,28,1,1,pre_allocation
878,1287,normal,0,0,65535_65535,2,23,137,270,1,1,1,6,270,28,1,1,allocated
878,1287,normal,0,0,65535_65535,2,13,137,224,0,1,0,5,0,28,1,1,pre_allocation
878,1287,normal,0,0,65535_65535,2,13,137,270,1,1,1,6,270,28,1,1,allocated
878,1287,normal,0,0,65535_65535,2,27,137,207,0,1,0,5,0,26,1,1,pre_allocation
878,1287,normal,0,0,65535_65535,2,27,137,249,1,1,1,6,249,26,1,1,allocated
878,1287,normal,0,0,65535_65535,2,22,137,182,0,1,0,5,0,24,1,1,pre_allocation
878,1287,normal,0,0,65535_65535,2,22,137,219,1,1,1,6,219,24,1,1,allocated
878,1287,normal,0,0,65535_65535,2,24,137,86,0,1,0,5,0,15,1,1,pre_allocation
878,1287,normal,0,0,65535_65535,2,24,137,103,1,1,1,6,103,15,1,1,allocated
878,1287,normal,0,0,65535_65535,2,21,269,86,0,1,0,5,0,15,1,1,pre_allocation
878,1287,normal,0,0,65535_65535,2,21,269,103,1,1,1,6,103,15,1,1,allocated
878,1287,normal,0,0,65535_65535,2,12,137,86,0,1,0,5,0,15,1,1,pre_allocation
878,1287,normal,0,0,65535_65535,2,12,137,103,1,1,1,6,103,15,1,1,allocated
878,1287,normal,0,0,65535_65535,2,11,137,6,0,1,0,5,0,2,1,1,pre_allocation
878,1287,normal,0,0,65535_65535,2,11,137,7,1,1,1,6,7,2,1,1,allocated
878,1287,normal,0,0,65535_65535,2,26,137,270,0,1,0,6,0,28,1,1,pre_allocation
878,1287,normal,0,0,65535_65535,2,26,137,315,1,1,1,7,315,28,1,1,allocated
878,1287,normal,0,0,65535_65535,2,23,137,270,0,1,0,6,0,28,1,1,pre_allocation
878,1287,normal,0,0,65535_65535,2,23,137,315,1,1,1,7,315,28,1,1,allocated
878,1287,normal,0,0,65535_65535,2,13,137,270,0,1,0,6,0,28,1,1,pre_allocation
878,1287,normal,0,0,65535_65535,2,13,137,315,1,1,1,7,315,28,1,1,allocated
878,1287,normal,0,0,65535_65535,2,27,137,249,0,1,0,6,0,26,1,1,pre_allocation
878,1287,normal,0,0,65535_65535,2,27,137,291,1,1,1,7,291,26,1,1,allocated
878,1287,normal,0,0,65535_65535,2,22,137,219,0,1,0,6,0,24,1,1,pre_allocation
878,1287,normal,0,0,65535_65535,2,22,137,256,1,1,1,7,256,24,1,1,allocated
878,1287,normal,0,0,65535_65535,2,24,137,103,0,1,0,6,0,15,1,1,pre_allocation
878,1287,normal,0,0,65535_65535,2,24,137,121,1,1,1,7,121,15,1,1,allocated
878,1287,normal,0,0,65535_65535,2,21,269,103,0,1,0,6,0,15,1,1,pre_allocation
878,1287,normal,0,0,65535_65535,2,21,269,121,1,1,1,7,121,15,1,1,allocated
878,1287,normal,0,0,65535_65535,2,12,137,103,0,1,0,6,0,15,1,1,pre_allocation
878,1287,normal,0,0,65535_65535,2,12,137,121,1,1,1,7,121,15,1,1,allocated
878,1287,normal,0,0,65535_65535,2,11,137,7,0,1,0,6,0,2,1,1,pre_allocation
878,1287,normal,0,0,65535_65535,2,11,137,9,1,1,1,7,9,2,1,1,allocated
878,1287,normal,0,0,65535_65535,2,26,137,315,0,1,0,7,0,28,1,1,pre_allocation
878,1287,normal,0,0,65535_65535,2,26,137,361,1,1,1,8,361,28,1,1,allocated
878,1287,normal,0,0,65535_65535,2,23,137,315,0,1,0,7,0,28,1,1,pre_allocation
878,1287,normal,0,0,65535_65535,2,23,137,361,1,1,1,8,361,28,1,1,allocated
878,1287,normal,0,0,65535_65535,2,13,137,315,0,1,0,7,0,28,1,1,pre_allocation
878,1287,normal,0,0,65535_65535,2,13,137,361,1,1,1,8,361,28,1,1,allocated
878,1287,normal,0,0,65535_65535,2,27,137,291,0,1,0,7,0,26,1,1,pre_allocation
878,1287,normal,0,0,65535_65535,2,27,137,333,1,1,1,8,333,26,1,1,allocated
878,1287,normal,0,0,65535_65535,2,22,137,256,0,1,0,7,0,24,1,1,pre_allocation
878,1287,normal,0,0,65535_65535,2,22,137,294,1,1,1,8,294,24,1,1,allocated
878,1287,normal,0,0,65535_65535,2,24,137,121,0,1,0,7,0,15,1,1,pre_allocation
878,1287,normal,0,0,65535_65535,2,24,137,139,1,1,1,8,139,15,1,1,allocated
878,1287,normal,0,0,65535_65535,2,21,269,121,0,1,0,7,0,15,1,1,pre_allocation
878,1287,normal,0,0,65535_65535,2,21,269,139,1,1,1,8,139,15,1,1,allocated
878,1287,normal,0,0,65535_65535,2,12,137,121,0,1,0,7,0,15,1,1,pre_allocation
878,1287,normal,0,0,65535_65535,2,12,137,139,1,1,1,8,139,15,1,1,allocated
878,1287,normal,0,0,65535_65535,2,11,137,9,0,1,0,7,0,2,1,1,pre_allocation
878,1287,normal,0,0,65535_65535,2,11,137,11,1,1,1,8,11,2,1,1,allocated
878,1287,normal,0,0,65535_65535,2,26,137,361,0,1,0,8,0,28,1,1,pre_allocation
878,1287,normal,0,0,65535_65535,2,26,137,406,1,1,1,9,406,28,1,1,allocated
878,1287,normal,0,0,65535_65535,2,23,137,361,0,1,0,8,0,28,1,1,pre_allocation
878,1287,normal,0,0,65535_65535,2,23,137,406,1,1,1,9,406,28,1,1,allocated
878,1287,normal,0,0,65535_65535,2,13,137,361,0,1,0,8,0,28,1,1,pre_allocation
878,1287,normal,0,0,65535_65535,2,13,137,406,1,1,1,9,406,28,1,1,allocated
878,1287,normal,0,0,65535_65535,2,27,137,333,0,1,0,8,0,26,1,1,pre_allocation
878,1287,normal,0,0,65535_65535,2,27,137,375,1,1,1,9,375,26,1,1,allocated
878,1287,normal,0,0,65535_65535,2,22,137,294,0,1,0,8,0,24,1,1,pre_allocation
878,1287,normal,0,0,65535_65535,2,22,137,331,1,1,1,9,331,24,1,1,allocated
878,1287,normal,0,0,65535_65535,2,24,137,139,0,1,0,8,0,15,1,1,pre_allocation
878,1287,normal,0,0,65535_65535,2,24,137,157,1,1,1,9,157,15,1,1,allocated
878,1287,normal,0,0,65535_65535,2,21,269,139,0,1,0,8,0,15,1,1,pre_allocation
878,1287,normal,0,0,65535_65535,2,21,269,157,1,1,1,9,157,15,1,1,allocated
878,1287,normal,0,0,65535_65535,2,12,137,139,0,1,0,8,0,15,1,1,pre_allocation
878,1287,normal,0,0,65535_65535,2,12,137,157,1,1,1,9,157,15,1,1,allocated
878,1287,normal,0,0,65535_65535,2,11,137,11,0,1,0,8,0,2,1,1,pre_allocation
878,1287,normal,0,0,65535_65535,2,11,137,13,1,1,1,9,13,2,1,1,allocated
878,1287,normal,0,0,65535_65535,2,26,137,406,0,1,0,9,0,28,1,1,pre_allocation
878,1287,normal,0,0,65535_65535,2,26,137,452,1,1,1,10,452,28,1,1,allocated
878,1287,normal,0,0,65535_65535,2,23,137,406,0,1,0,9,0,28,1,1,pre_allocation
878,1287,normal,0,0,65535_65535,2,23,137,452,1,1,1,10,452,28,1,1,allocated
878,1287,normal,0,0,65535_65535,2,13,137,406,0,1,0,9,0,28,1,1,pre_allocation
878,1287,normal,0,0,65535_65535,2,13,137,452,1,1,1,10,452,28,1,1,allocated
878,1287,normal,0,0,65535_65535,2,27,137,375,0,1,0,9,0,26,1,1,pre_allocation
878,1287,normal,0,0,65535_65535,2,27,137,417,1,1,1,10,417,26,1,1,allocated
878,1287,normal,0,0,65535_65535,2,22,137,331,0,1,0,9,0,24,1,1,pre_allocation
878,1287,normal,0,0,65535_65535,2,22,137,368,1,1,1,10,368,24,1,1,allocated
878,1287,normal,0,0,65535_65535,2,24,137,157,0,1,0,9,0,15,1,1,pre_allocation
878,1287,normal,0,0,65535_65535,2,24,137,175,1,1,1,10,175,15,1,1,allocated
878,1287,normal,0,0,65535_65535,2,21,269,157,0,1,0,9,0,15,1,1,pre_allocation
878,1287,normal,0,0,65535_65535,2,21,269,175,1,1,1,10,175,15,1,1,allocated
878,1287,normal,0,0,65535_65535,2,12,137,157,0,1,0,9,0,15,1,1,pre_allocation
878,1287,normal,0,0,65535_65535,2,12,137,175,1,1,1,10,175,15,1,1,allocated
878,1287,normal,0,0,65535_65535,2,11,137,13,0,1,0,9,0,2,1,1,pre_allocation
878,1287,normal,0,0,65535_65535,2,11,137,15,1,1,1,10,15,2,1,1,allocated
878,1287,normal,0,0,65535_65535,2,26,137,452,0,1,0,10,0,28,1,1,pre_allocation
878,1287,normal,0,0,65535_65535,2,26,137,497,1,1,1,11,497,28,1,1,allocated
878,1287,normal,0,0,65535_65535,2,23,137,452,0,1,0,10,0,28,1,1,pre_allocation
878,1287,normal,0,0,65535_65535,2,23,137,497,1,1,1,11,497,28,1,1,allocated
878,1287,normal,0,0,65535_65535,2,13,137,452,0,1,0,10,0,28,1,1,pre_allocation
878,1287,normal,0,0,65535_65535,2,13,137,497,1,1,1,11,497,28,1,1,allocated
878,1287,normal,0,0,65535_65535,2,27,137,417,0,1,0,10,0,26,1,1,pre_allocation
878,1287,normal,0,0,65535_65535,2,27,137,459,1,1,1,11,459,26,1,1,allocated
878,1287,normal,0,0,65535_65535,2,22,137,368,0,1,0,10,0,24,1,1,pre_allocation
878,1287,normal,0,0,65535_65535,2,22,137,405,1,1,1,11,405,24,1,1,allocated
878,1287,normal,0,0,65535_65535,2,24,137,175,0,1,0,10,0,15,1,1,pre_allocation
878,1287,normal,0,0,65535_65535,2,24,137,193,1,1,1,11,193,15,1,1,allocated
878,1287,normal,0,0,65535_65535,2,21,269,175,0,1,0,10,0,15,1,1,pre_allocation
878,1287,normal,0,0,65535_65535,2,21,269,193,1,1,1,11,193,15,1,1,allocated
878,1287,normal,0,0,65535_65535,2,12,137,175,0,1,0,10,0,15,1,1,pre_allocation
878,1287,normal,0,0,65535_65535,2,12,137,193,1,1,1,11,193,15,1,1,allocated
878,1287,normal,0,0,65535_65535,2,11,137,15,0,1,0,10,0,2,1,1,pre_allocation
878,1287,normal,0,0,65535_65535,2,11,137,16,1,1,1,11,16,2,1,1,allocated
878,1287,normal,0,0,65535_65535,2,26,137,497,0,1,0,11,0,28,1,1,pre_allocation
878,1287,normal,0,0,65535_65535,2,26,137,543,1,1,1,12,543,28,1,1,allocated
878,1287,normal,0,0,65535_65535,2,23,137,497,0,1,0,11,0,28,1,1,pre_allocation
878,1287,normal,0,0,65535_65535,2,23,137,543,1,1,1,12,543,28,1,1,allocated
878,1287,normal,0,0,65535_65535,2,13,137,497,0,1,0,11,0,28,1,1,pre_allocation
878,1287,normal,0,0,65535_65535,2,13,137,543,1,1,1,12,543,28,1,1,allocated
990,1385,normal,0,0,65535_65535,0,4,924396,0,0,1,0,0,0,15,1,1,pre_allocation
990,1385,normal,0,0,65535_65535,0,4,924396,14,1,1,1,1,14,15,1,1,allocated
990,1385,normal,0,0,65535_65535,0,2,446286,0,0,1,0,0,0,22,1,1,pre_allocation
990,1385,normal,0,0,65535_65535,0,2,446286,29,1,1,1,1,29,22,1,1,allocated
990,1385,normal,0,0,65535_65535,0,3,205026,0,0,1,0,0,0,28,1,1,pre_allocation
990,1385,normal,0,0,65535_65535,0,3,205026,42,1,1,1,1,42,28,1,1,allocated
990,1385,normal,0,0,65535_65535,0,1,10385,0,0,1,0,0,0,28,1,1,pre_allocation
990,1385,normal,0,0,65535_65535,0,1,10385,42,1,1,1,1,42,28,1,1,allocated
990,1385,normal,0,0,65535_65535,0,4,924396,14,0,1,0,1,0,15,1,1,pre_allocation
990,1385,normal,0,0,65535_65535,0,4,924396,32,1,1,1,2,32,15,1,1,allocated
990,1385,normal,0,0,65535_65535,0,2,446286,29,0,1,0,1,0,22,1,1,pre_allocation
990,1385,normal,0,0,65535_65535,0,2,446286,61,1,1,1,2,61,22,1,1,allocated
990,1385,normal,0,0,65535_65535,0,3,205026,42,0,1,0,1,0,28,1,1,pre_allocation
990,1385,normal,0,0,65535_65535,0,3,205026,88,1,1,1,2,88,28,1,1,allocated
990,1385,normal,0,0,65535_65535,0,1,10385,42,0,1,0,1,0,28,1,1,pre_allocation
990,1385,normal,0,0,65535_65535,0,1,10385,88,1,1,1,2,88,28,1,1,allocated
990,1385,normal,0,0,65535_65535,0,4,924396,32,0,1,0,2,0,15,1,1,pre_allocation
990,1385,normal,0,0,65535_65535,0,4,924396,50,1,1,1,3,50,15,1,1,allocated
990,1385,normal,0,0,65535_65535,0,2,446286,61,0,1,0,2,0,22,1,1,pre_allocation
990,1385,normal,0,0,65535_65535,0,2,446286,93,1,1,1,3,93,22,1,1,allocated
990,1385,normal,0,0,65535_65535,0,3,205026,88,0,1,0,2,0,28,1,1,pre_allocation
990,1385,normal,0,0,65535_65535,0,3,205026,133,1,1,1,3,133,28,1,1,allocated
990,1385,normal,0,0,65535_65535,0,1,10385,88,0,1,0,2,0,28,1,1,pre_allocation
990,1385,normal,0,0,65535_65535,0,1,10385,133,1,1,1,3,133,28,1,1,allocated
990,1385,normal,0,0,65535_65535,0,4,924396,50,0,1,0,3,0,15,1,1,pre_allocation
990,1385,normal,0,0,65535_65535,0,4,924396,68,1,1,1,4,68,15,1,1,allocated
990,1385,normal,0,0,65535_65535,0,2,446286,93,0,1,0,3,0,22,1,1,pre_allocation
990,1385,normal,0,0,65535_65535,0,2,446286,125,1,1,1,4,125,22,1,1,allocated
990,1385,normal,0,0,65535_65535,0,3,205026,133,0,1,0,3,0,28,1,1,pre_allocation
990,1385,normal,0,0,65535_65535,0,3,205026,179,1,1,1,4,179,28,1,1,allocated
990,1385,normal,0,0,65535_65535,0,1,10385,133,0,1,0,3,0,28,1,1,pre_allocation
990,1385,normal,0,0,65535_65535,0,1,10385,179,1,1,1,4,179,28,1,1,allocated
990,1385,normal,0,0,65535_65535,0,4,924396,68,0,1,0,4,0,15,1,1,pre_allocation
990,1385,normal,0,0,65535_65535,0,4,924396,86,1,1,1,5,86,15,1,1,allocated
990,1385,normal,0,0,65535_65535,0,2,446286,125,0,1,0,4,0,22,1,1,pre_allocation
990,1385,normal,0,0,65535_65535,0,2,446286,157,1,1,1,5,157,22,1,1,allocated
990,1385,normal,0,0,65535_65535,0,3,205026,179,0,1,0,4,0,28,1,1,pre_allocation
990,1385,normal,0,0,65535_65535,0,3,205026,224,1,1,1,5,224,28,1,1,allocated
990,1385,normal,0,0,65535_65535,0,1,10385,179,0,1,0,4,0,28,1,1,pre_allocation
990,1385,normal,0,0,65535_65535,0,1,10385,224,1,1,1,5,224,28,1,1,allocated
990,1385,normal,0,0,65535_65535,0,4,924396,86,0,1,0,5,0,15,1,1,pre_allocation
990,1385,normal,0,0,65535_65535,0,4,924396,103,1,1,1,6,103,15,1,1,allocated
990,1385,normal,0,0,65535_65535,0,2,446286,157,0,1,0,5,0,22,1,1,pre_allocation
990,1385,normal,0,0,65535_65535,0,2,446286,190,1,1,1,6,190,22,1,1,allocated
990,1385,normal,0,0,65535_65535,0,3,205026,224,0,1,0,5,0,28,1,1,pre_allocation
990,1385,normal,0,0,65535_65535,0,3,205026,270,1,1,1,6,270,28,1,1,allocated
990,1385,normal,0,0,65535_65535,0,1,10385,224,0,1,0,5,0,28,1,1,pre_allocation
990,1385,normal,0,0,65535_65535,0,1,10385,270,1,1,1,6,270,28,1,1,allocated
990,1385,normal,0,0,65535_65535,0,4,924396,103,0,1,0,6,0,15,1,1,pre_allocation
990,1385,normal,0,0,65535_65535,0,4,924396,121,1,1,1,7,121,15,1,1,allocated
990,1385,normal,0,0,65535_65535,0,2,446286,190,0,1,0,6,0,22,1,1,pre_allocation
990,1385,normal,0,0,65535_65535,0,2,446286,222,1,1,1,7,222,22,1,1,allocated
990,1385,normal,0,0,65535_65535,0,3,205026,270,0,1,0,6,0,28,1,1,pre_allocation
990,1385,normal,0,0,65535_65535,0,3,205026,315,1,1,1,7,315,28,1,1,allocated
990,1385,normal,0,0,65535_65535,0,1,10385,270,0,1,0,6,0,28,1,1,pre_allocation
990,1385,normal,0,0,65535_65535,0,1,10385,315,1,1,1,7,315,28,1,1,allocated
990,1385,normal,0,0,65535_65535,0,4,924396,121,0,1,0,7,0,15,1,1,pre_allocation
990,1385,normal,0,0,65535_65535,0,4,924396,139,1,1,1,8,139,15,1,1,allocated
990,1385,normal,0,0,65535_65535,0,2,446286,222,0,1,0,7,0,22,1,1,pre_allocation
990,1385,normal,0,0,65535_65535,0,2,446286,254,1,1,1,8,254,22,1,1,allocated
990,1385,normal,0,0,65535_65535,0,3,205026,315,0,1,0,7,0,28,1,1,pre_allocation
990,1385,normal,0,0,65535_65535,0,3,205026,361,1,1,1,8,361,28,1,1,allocated
990,1385,normal,0,0,65535_65535,0,1,10385,315,0,1,0,7,0,28,1,1,pre_allocation
990,1385,normal,0,0,65535_65535,0,1,10385,361,1,1,1,8,361,28,1,1,allocated
990,1385,normal,0,0,65535_65535,0,4,924396,139,0,1,0,8,0,15,1,1,pre_allocation
990,1385,normal,0,0,65535_65535,0,4,924396,157,1,1,1,9,157,15,1,1,allocated
990,1385,normal,0,0,65535_65535,0,2,446286,254,0,1,0,8,0,22,1,1,pre_allocation
990,1385,normal,0,0,65535_65535,0,2,446286,286,1,1,1,9,286,22,1,1,allocated
990,1385,normal,0,0,65535_65535,0,3,205026,361,0,1,0,8,0,28,1,1,pre_allocation
990,1385,normal,0,0,65535_65535,0,3,205026,406,1,1,1,9,406,28,1,1,allocated
990,1385,normal,0,0,65535_65535,0,1,10385,361,0,1,0,8,0,28,1,1,pre_allocation
990,1385,normal,0,0,65535_65535,0,1,10385,406,1,1,1,9,406,28,1,1,allocated
990,1385,normal,0,0,65535_65535,0,4,924396,157,0,1,0,9,0,15,1,1,pre_allocation
990,1385,normal,0,0,65535_65535,0,4,924396,175,1,1,1,10,175,15,1,1,allocated
990,1385,normal,0,0,65535_65535,0,2,446286,286,0,1,0,9,0,22,1,1,pre_allocation
990,1385,normal,0,0,65535_65535,0,2,446286,318,1,1,1,10,318,22,1,1,allocated
990,1385,normal,0,0,65535_65535,0,3,205026,406,0,1,0,9,0,28,1,1,pre_allocation
990,1385,normal,0,0,65535_65535,0,3,205026,452,1,1,1,10,452,28,1,1,allocated
990,1385,normal,0,0,65535_65535,0,1,10385,406,0,1,0,9,0,28,1,1,pre_allocation
990,1385,normal,0,0,65535_65535,0,1,10385,452,1,1,1,10,452,28,1,1,allocated
990,1385,normal,0,0,65535_65535,0,4,924396,175,0,1,0,10,0,15,1,1,pre_allocation
990,1385,normal,0,0,65535_65535,0,4,924396,193,1,1,1,11,193,15,1,1,allocated
990,1385,normal,0,0,65535_65535,0,2,446286,318,0,1,0,10,0,22,1,1,pre_allocation
990,1385,normal,0,0,65535_65535,0,2,446286,350,1,1,1,11,350,22,1,1,allocated
990,1385,normal,0,0,65535_65535,0,3,205026,452,0,1,0,10,0,28,1,1,pre_allocation
990,1385,normal,0,0,65535_65535,0,3,205026,497,1,1,1,11,497,28,1,1,allocated
990,1385,normal,0,0,65535_65535,0,1,10385,452,0,1,0,10,0,28,1,1,pre_allocation
990,1385,normal,0,0,65535_65535,0,1,10385,497,1,1,1,11,497,28,1,1,allocated
990,1385,normal,0,0,65535_65535,0,4,924396,193,0,1,0,11,0,15,1,1,pre_allocation
990,1385,normal,0,0,65535_65535,0,4,924396,210,1,1,1,12,210,15,1,1,allocated
990,1385,normal,0,0,65535_65535,0,2,446286,350,0,1,0,11,0,22,1,1,pre_allocation
990,1385,normal,0,0,65535_65535,0,2,446286,383,1,1,1,12,383,22,1,1,allocated
990,1385,normal,0,0,65535_65535,0,3,205026,497,0,1,0,11,0,28,1,1,pre_allocation
990,1385,normal,0,0,65535_65535,0,3,205026,543,1,1,1,12,543,28,1,1,allocated
990,1385,normal,0,0,65535_65535,0,1,10385,497,0,1,0,11,0,28,1,1,pre_allocation
990,1385,normal,0,0,65535_65535,0,1,10385,543,1,1,1,12,543,28,1,1,allocated
990,1385,normal,0,0,65535_65535,0,4,924396,210,0,1,0,12,0,15,1,1,pre_allocation
990,1385,normal,0,0,65535_65535,0,4,924396,228,1,1,1,13,228,15,1,1,allocated
990,1385,normal,0,0,65535_65535,0,2,446286,383,0,1,0,12,0,22,1,1,pre_allocation
990,1385,normal,0,0,65535_65535,0,2,446286,415,1,1,1,13,415,22,1,1,allocated
990,1385,normal,0,0,65535_65535,0,3,205026,543,0,1,0,12,0,28,1,1,pre_allocation
990,1385,normal,0,0,65535_65535,0,3,205026,589,1,1,1,13,589,28,1,1,allocated
990,1385,normal,0,0,65535_65535,0,1,10385,543,0,1,0,12,0,28,1,1,pre_allocation
990,1385,normal,0,0,65535_65535,0,1,10385,589,1,1,1,13,589,28,1,1,allocated
990,1385,normal,0,0,65535_65535,0,4,924396,228,0,1,0,13,0,15,1,1,pre_allocation
990,1385,normal,0,0,65535_65535,0,4,924396,246,1,1,1,14,246,15,1,1,allocated
990,1385,normal,0,0,65535_65535,0,2,446286,415,0,1,0,13,0,22,1,1,pre_allocation
990,1385,normal,0,0,65535_65535,0,2,446286,447,1,1,1,14,447,22,1,1,allocated
990,1385,normal,0,0,65535_65535,0,3,205026,589,0,1,0,13,0,28,1,1,pre_allocation
990,1385,normal,0,0,65535_65535,0,3,205026,634,1,1,1,14,634,28,1,1,allocated
990,1385,normal,0,0,65535_65535,0,1,10385,589,0,1,0,13,0,28,1,1,pre_allocation
990,1385,normal,0,0,65535_65535,0,1,10385,634,1,1,1,14,634,28,1,1,allocated
990,1385,normal,0,0,65535_65535,0,4,924396,246,0,1,0,14,0,15,1,1,pre_allocation
990,1385,normal,0,0,65535_65535,0,4,924396,264,1,1,1,15,264,15,1,1,allocated
990,1385,normal,0,0,65535_65535,0,2,446286,447,0,1,0,14,0,22,1,1,pre_allocation
990,1385,normal,0,0,65535_65535,0,2,446286,479,1,1,1,15,479,22,1,1,allocated
990,1385,normal,0,0,65535_65535,0,3,205026,634,0,1,0,14,0,28,1,1,pre_allocation
990,1385,normal,0,0,65535_65535,0,3,205026,680,1,1,1,15,680,28,1,1,allocated
990,1385,normal,0,0,65535_65535,0,1,10385,634,0,1,0,14,0,28,1,1,pre_allocation
990,1385,normal,0,0,65535_65535,0,1,10385,680,1,1,1,15,680,28,1,1,allocated
990,1385,normal,0,0,65535_65535,0,4,924396,264,0,1,0,15,0,15,1,1,pre_allocation
990,1385,normal,0,0,65535_65535,0,4,924396,282,1,1,1,16,282,15,1,1,allocated
990,1385,normal,0,0,65535_65535,0,2,446286,479,0,1,0,15,0,22,1,1,pre_allocation
990,1385,normal,0,0,65535_65535,0,2,446286,511,1,1,1,16,511,22,1,1,allocated
990,1385,normal,0,0,65535_65535,0,3,205026,680,0,1,0,15,0,28,1,1,pre_allocation
990,1385,normal,0,0,65535_65535,0,3,205026,725,1,1,1,16,725,28,1,1,allocated
990,1385,normal,0,0,65535_65535,0,1,10385,680,0,1,0,15,0,28,1,1,pre_allocation
990,1385,normal,0,0,65535_65535,0,1,10385,725,1,1,1,16,725,28,1,1,allocated
990,1385,normal,0,0,65535_65535,0,4,924396,282,0,1,0,16,0,15,1,1,pre_allocation
990,1385,normal,0,0,65535_65535,0,4,924396,299,1,1,1,17,299,15,1,1,allocated
990,1385,normal,0,0,65535_65535,0,2,446286,511,0,1,0,16,0,22,1,1,pre_allocation
990,1385,normal,0,0,65535_65535,0,2,446286,543,1,1,1,17,543,22,1,1,allocated
990,1385,normal,0,0,65535_65535,0,3,205026,725,0,1,0,16,0,28,1,1,pre_allocation
990,1385,normal,0,0,65535_65535,0,3,205026,771,1,1,1,17,771,28,1,1,allocated
990,1385,normal,0,0,65535_65535,0,1,10385,725,0,1,0,16,0,28,1,1,pre_allocation
990,1385,normal,0,0,65535_65535,0,1,10385,771,1,1,1,17,771,28,1,1,allocated
990,1385,normal,0,0,65535_65535,0,4,924396,299,0,1,0,17,0,15,1,1,pre_allocation
990,1385,normal,0,0,65535_65535,0,4,924396,317,1,1,1,18,317,15,1,1,allocated
990,1385,normal,0,0,65535_65535,0,2,446286,543,0,1,0,17,0,22,1,1,pre_allocation
990,1385,normal,0,0,65535_65535,0,2,446286,576,1,1,1,18,576,22,1,1,allocated
990,1385,normal,0,0,65535_65535,0,3,205026,771,0,1,0,17,0,28,1,1,pre_allocation
990,1385,normal,0,0,65535_65535,0,3,205026,816,1,1,1,18,816,28,1,1,allocated
990,1385,normal,0,0,65535_65535,0,1,10385,771,0,1,0,17,0,28,1,1,pre_allocation
990,1385,normal,0,0,65535_65535,0,1,10385,816,1,1,1,18,816,28,1,1,allocated
990,1385,normal,0,0,65535_65535,0,4,924396,317,0,1,0,18,0,15,1,1,pre_allocation
990,1385,normal,0,0,65535_65535,0,4,924396,335,1,1,1,19,335,15,1,1,allocated
990,1385,normal,0,0,65535_65535,0,2,446286,576,0,1,0,18,0,22,1,1,pre_allocation
990,1385,normal,0,0,65535_65535,0,2,446286,608,1,1,1,19,608,22,1,1,allocated
990,1385,normal,0,0,65535_65535,0,3,205026,816,0,1,0,18,0,28,1,1,pre_allocation
990,1385,normal,0,0,65535_65535,0,3,205026,862,1,1,1,19,862,28,1,1,allocated
990,1385,normal,0,0,65535_65535,0,1,10385,816,0,1,0,18,0,28,1,1,pre_allocation
990,1385,normal,0,0,65535_65535,0,1,10385,862,1,1,1,19,862,28,1,1,allocated
990,1385,normal,0,0,65535_65535,0,4,924396,335,0,1,0,19,0,15,1,1,pre_allocation
990,1385,normal,0,0,65535_65535,0,4,924396,353,1,1,1,20,353,15,1,1,allocated
990,1385,normal,0,0,65535_65535,0,2,446286,608,0,1,0,19,0,22,1,1,pre_allocation
990,1385,normal,0,0,65535_65535,0,2,446286,640,1,1,1,20,640,22,1,1,allocated
990,1385,normal,0,0,65535_65535,0,3,205026,862,0,1,0,19,0,28,1,1,pre_allocation
990,1385,normal,0,0,65535_65535,0,3,205026,907,1,1,1,20,907,28,1,1,allocated
990,1385,normal,0,0,65535_65535,0,1,10385,862,0,1,0,19,0,28,1,1,pre_allocation
990,1385,normal,0,0,65535_65535,0,1,10385,907,1,1,1,20,907,28,1,1,allocated
990,1385,normal,0,0,65535_65535,0,4,924396,353,0,1,0,20,0,15,1,1,pre_allocation
990,1385,normal,0,0,65535_65535,0,4,924396,371,1,1,1,21,371,15,1,1,allocated
990,1385,normal,0,0,65535_65535,0,2,446286,640,0,1,0,20,0,22,1,1,pre_allocation
990,1385,normal,0,0,65535_65535,0,2,446286,672,1,1,1,21,672,22,1,1,allocated
990,1385,normal,0,0,65535_65535,0,3,205026,907,0,1,0,20,0,28,1,1,pre_allocation
990,1385,normal,0,0,65535_65535,0,3,205026,953,1,1,1,21,953,28,1,1,allocated
990,1385,normal,0,0,65535_65535,0,1,10385,907,0,1,0,20,0,28,1,1,pre_allocation
990,1385,normal,0,0,65535_65535,0,1,10385,953,1,1,1,21,953,28,1,1,allocated
990,1385,normal,0,0,65535_65535,0,4,924396,371,0,1,0,21,0,15,1,1,pre_allocation
990,1385,normal,0,0,65535_65535,0,4,924396,389,1,1,1,22,389,15,1,1,allocated
990,1385,normal,0,0,65535_65535,0,2,446286,672,0,1,0,21,0,22,1,1,pre_allocation
990,1385,normal,0,0,65535_65535,0,2,446286,704,1,1,1,22,704,22,1,1,allocated
990,1385,normal,0,0,65535_65535,0,3,205026,953,0,1,0,21,0,28,1,1,pre_allocation
990,1385,normal,0,0,65535_65535,0,3,205026,998,1,1,1,22,998,28,1,1,allocated
990,1385,normal,0,0,65535_65535,0,1,10385,953,0,1,0,21,0,28,1,1,pre_allocation
990,1385,normal,0,0,65535_65535,0,1,10385,998,1,1,1,22,998,28,1,1,allocated
990,1385,normal,0,0,65535_65535,0,4,924396,389,0,1,0,22,0,15,1,1,pre_allocation
990,1385,normal,0,0,65535_65535,0,4,924396,406,1,1,1,23,406,15,1,1,allocated
990,1385,normal,0,0,65535_65535,0,2,446286,704,0,1,0,22,0,22,1,1,pre_allocation
990,1385,normal,0,0,65535_65535,0,2,446286,737,1,1,1,23,737,22,1,1,allocated
990,1385,normal,0,0,65535_65535,0,3,205026,998,0,1,0,22,0,28,1,1,pre_allocation
990,1385,normal,0,0,65535_65535,0,3,205026,1044,1,1,1,23,1044,28,1,1,allocated
990,1385,normal,0,0,65535_65535,0,1,10385,998,0,1,0,22,0,28,1,1,pre_allocation
990,1385,normal,0,0,65535_65535,0,1,10385,1044,1,1,1,23,1044,28,1,1,allocated
990,1385,normal,0,0,65535_65535,0,4,924396,406,0,1,0,23,0,15,1,1,pre_allocation
990,1385,normal,0,0,65535_65535,0,4,924396,424,1,1,1,24,424,15,1,1,allocated
990,1385,normal,0,0,65535_65535,0,2,446286,737,0,1,0,23,0,22,1,1,pre_allocation
990,1385,normal,0,0,65535_65535,0,2,446286,769,1,1,1,24,769,22,1,1,allocated
990,1385,normal,0,0,65535_65535,0,3,205026,1044,0,1,0,23,0,28,1,1,pre_allocation
990,1385,normal,0,0,65535_65535,0,3,205026,1089,1,1,1,24,1089,28,1,1,allocated
990,1385,normal,0,0,65535_65535,0,1,10385,1044,0,1,0,23,0,28,1,1,pre_allocation
990,1385,normal,0,0,65535_65535,0,1,10385,1089,1,1,1,24,1089,28,1,1,allocated
990,1385,normal,0,0,65535_65535,0,4,924396,424,0,1,0,24,0,15,1,1,pre_allocation
990,1385,normal,0,0,65535_65535,0,4,924396,442,1,1,1,25,442,15,1,1,allocated
990,1385,normal,0,0,65535_65535,0,2,446286,769,0,1,0,24,0,22,1,1,pre_allocation
990,1385,normal,0,0,65535_65535,0,2,446286,801,1,1,1,25,801,22,1,1,allocated
990,1385,normal,0,0,65535_65535,0,3,205026,1089,0,1,0,24,0,28,1,1,pre_allocation
990,1385,normal,0,0,65535_65535,0,3,205026,1135,1,1,1,25,1135,28,1,1,allocated
990,1385,normal,0,0,65535_65535,0,1,10385,1089,0,1,0,24,0,28,1,1,pre_allocation
990,1385,normal,0,0,65535_65535,0,1,10385,1135,1,1,1,25,1135,28,1,1,allocated
990,1385,normal,0,0,65535_65535,0,4,924396,442,0,1,0,25,0,15,1,1,pre_allocation
990,1385,normal,0,0,65535_65535,0,4,924396,460,1,1,1,26,460,15,1,1,allocated
990,1385,normal,0,0,65535_65535,0,2,446286,801,0,1,0,25,0,22,1,1,pre_allocation
990,1385,normal,0,0,65535_65535,0,2,446286,833,1,1,1,26,833,22,1,1,allocated
990,1385,normal,0,0,65535_65535,0,3,205026,1135,0,1,0,25,0,28,1,1,pre_allocation
990,1385,normal,0,0,65535_65535,0,3,205026,1181,1,1,1,26,1181,28,1,1,allocated
990,1385,normal,0,0,65535_65535,1,8,87,0,0,1,0,0,0,15,1,1,pre_allocation
990,1385,normal,0,0,65535_65535,1,8,87,14,1,1,1,1,14,15,1,1,allocated
990,1385,normal,0,0,65535_65535,1,10,87,0,0,1,0,0,0,20,1,1,pre_allocation
990,1385,normal,0,0,65535_65535,1,10,87,24,1,1,1,1,24,20,1,1,allocated
990,1385,normal,0,0,65535_65535,1,7,87,0,0,1,0,0,0,28,1,1,pre_allocation
990,1385,normal,0,0,65535_65535,1,7,87,42,1,1,1,1,42,28,1,1,allocated
990,1385,normal,0,0,65535_65535,1,6,87,0,0,1,0,0,0,28,1,1,pre_allocation
990,1385,normal,0,0,65535_65535,1,6,87,42,1,1,1,1,42,28,1,1,allocated
990,1385,normal,0,0,65535_65535,1,8,87,14,0,1,0,1,0,15,1,1,pre_allocation
990,1385,normal,0,0,65535_65535,1,8,87,32,1,1,1,2,32,15,1,1,allocated
990,1385,normal,0,0,65535_65535,1,10,87,24,0,1,0,1,0,20,1,1,pre_allocation
990,1385,normal,0,0,65535_65535,1,10,87,51,1,1,1,2,51,20,1,1,allocated
990,1385,normal,0,0,65535_65535,1,7,87,42,0,1,0,1,0,28,1,1,pre_allocation
990,1385,normal,0,0,65535_65535,1,7,87,88,1,1,1,2,88,28,1,1,allocated
990,1385,normal,0,0,65535_65535,1,6,87,42,0,1,0,1,0,28,1,1,pre_allocation
990,1385,normal,0,0,65535_65535,1,6,87,88,1,1,1,2,88,28,1,1,allocated
990,1385,normal,0,0,65535_65535,1,8,87,32,0,1,0,2,0,15,1,1,pre_allocation
990,1385,normal,0,0,65535_65535,1,8,87,50,1,1,1,3,50,15,1,1,allocated
990,1385,normal,0,0,65535_65535,1,10,87,51,0,1,0,2,0,20,1,1,pre_allocation
990,1385,normal,0,0,65535_65535,1,10,87,78,1,1,1,3,78,20,1,1,allocated
990,1385,normal,0,0,65535_65535,1,7,87,88,0,1,0,2,0,28,1,1,pre_allocation
990,1385,normal,0,0,65535_65535,1,7,87,133,1,1,1,3,133,28,1,1,allocated
990,1385,normal,0,0,65535_65535,1,6,87,88,0,1,0,2,0,28,1,1,pre_allocation
990,1385,normal,0,0,65535_65535,1,6,87,133,1,1,1,3,133,28,1,1,allocated
990,1385,normal,0,0,65535_65535,1,8,87,50,0,1,0,3,0,15,1,1,pre_allocation
990,1385,normal,0,0,65535_65535,1,8,87,68,1,1,1,4,68,15,1,1,allocated
990,1385,normal,0,0,65535_65535,1,10,87,78,0,1,0,3,0,20,1,1,pre_allocation
990,1385,normal,0,0,65535_65535,1,10,87,105,1,1,1,4,105,20,1,1,allocated
990,1385,normal,0,0,65535_65535,1,7,87,133,0,1,0,3,0,28,1,1,pre_allocation
990,1385,normal,0,0,65535_65535,1,7,87,179,1,1,1,4,179,28,1,1,allocated
990,1385,normal,0,0,65535_65535,1,6,87,133,0,1,0,3,0,28,1,1,pre_allocation
990,1385,normal,0,0,65535_65535,1,6,87,179,1,1,1,4,179,28,1,1,allocated
990,1385,normal,0,0,65535_65535,1,8,87,68,0,1,0,4,0,15,1,1,pre_allocation
990,1385,normal,0,0,65535_65535,1,8,87,86,1,1,1,5,86,15,1,1,allocated
990,1385,normal,0,0,65535_65535,1,10,87,105,0,1,0,4,0,20,1,1,pre_allocation
990,1385,normal,0,0,65535_65535,1,10,87,133,1,1,1,5,133,20,1,1,allocated
990,1385,normal,0,0,65535_65535,1,7,87,179,0,1,0,4,0,28,1,1,pre_allocation
990,1385,normal,0,0,65535_65535,1,7,87,224,1,1,1,5,224,28,1,1,allocated
990,1385,normal,0,0,65535_65535,1,6,87,179,0,1,0,4,0,28,1,1,pre_allocation
990,1385,normal,0,0,65535_65535,1,6,87,224,1,1,1,5,224,28,1,1,allocated
990,1385,normal,0,0,65535_65535,1,8,87,86,0,1,0,5,0,15,1,1,pre_allocation
990,1385,normal,0,0,65535_65535,1,8,87,103,1,1,1,6,103,15,1,1,allocated
990,1385,normal,0,0,65535_65535,1,10,87,133,0,1,0,5,0,20,1,1,pre_allocation
990,1385,normal,0,0,65535_65535,1,10,87,160,1,1,1,6,160,20,1,1,allocated
990,1385,normal,0,0,65535_65535,1,7,87,224,0,1,0,5,0,28,1,1,pre_allocation
990,1385,normal,0,0,65535_65535,1,7,87,270,1,1,1,6,270,28,1,1,allocated
990,1385,normal,0,0,65535_65535,1,6,87,224,0,1,0,5,0,28,1,1,pre_allocation
990,1385,normal,0,0,65535_65535,1,6,87,270,1,1,1,6,270,28,1,1,allocated
990,1385,normal,0,0,65535_65535,1,8,87,103,0,1,0,6,0,15,1,1,pre_allocation
990,1385,normal,0,0,65535_65535,1,8,87,121,1,1,1,7,121,15,1,1,allocated
990,1385,normal,0,0,65535_65535,1,10,87,160,0,1,0,6,0,20,1,1,pre_allocation
990,1385,normal,0,0,65535_65535,1,10,87,187,1,1,1,7,187,20,1,1,allocated
990,1385,normal,0,0,65535_65535,1,7,87,270,0,1,0,6,0,28,1,1,pre_allocation
990,1385,normal,0,0,65535_65535,1,7,87,315,1,1,1,7,315,28,1,1,allocated
990,1385,normal,0,0,65535_65535,1,6,87,270,0,1,0,6,0,28,1,1,pre_allocation
990,1385,normal,0,0,65535_65535,1,6,87,315,1,1,1,7,315,28,1,1,allocated
990,1385,normal,0,0,65535_65535,1,8,87,121,0,1,0,7,0,15,1,1,pre_allocation
990,1385,normal,0,0,65535_65535,1,8,87,139,1,1,1,8,139,15,1,1,allocated
990,1385,normal,0,0,65535_65535,1,10,87,187,0,1,0,7,0,20,1,1,pre_allocation
990,1385,normal,0,0,65535_65535,1,10,87,214,1,1,1,8,214,20,1,1,allocated
990,1385,normal,0,0,65535_65535,1,7,87,315,0,1,0,7,0,28,1,1,pre_allocation
990,1385,normal,0,0,65535_65535,1,7,87,361,1,1,1,8,361,28,1,1,allocated
990,1385,normal,0,0,65535_65535,1,6,87,315,0,1,0,7,0,28,1,1,pre_allocation
990,1385,normal,0,0,65535_65535,1,6,87,361,1,1,1,8,361,28,1,1,allocated
990,1385,normal,0,0,65535_65535,1,8,87,139,0,1,0,8,0,15,1,1,pre_allocation
990,1385,normal,0,0,65535_65535,1,8,87,157,1,1,1,9,157,15,1,1,allocated
990,1385,normal,0,0,65535_65535,1,10,87,214,0,1,0,8,0,20,1,1,pre_allocation
990,1385,normal,0,0,65535_65535,1,10,87,242,1,1,1,9,242,20,1,1,allocated
990,1385,normal,0,0,65535_65535,1,7,87,361,0,1,0,8,0,28,1,1,pre_allocation
990,1385,normal,0,0,65535_65535,1,7,87,406,1,1,1,9,406,28,1,1,allocated
990,1385,normal,0,0,65535_65535,1,6,87,361,0,1,0,8,0,28,1,1,pre_allocation
990,1385,normal,0,0,65535_65535,1,6,87,406,1,1,1,9,406,28,1,1,allocated
990,1385,normal,0,0,65535_65535,1,8,87,157,0,1,0,9,0,15,1,1,pre_allocation
990,1385,normal,0,0,65535_65535,1,8,87,175,1,1,1,10,175,15,1,1,allocated
990,1385,normal,0,0,65535_65535,1,10,87,242,0,1,0,9,0,20,1,1,pre_allocation
990,1385,normal,0,0,65535_65535,1,10,87,269,1,1,1,10,269,20,1,1,allocated
990,1385,normal,0,0,65535_65535,1,7,87,406,0,1,0,9,0,28,1,1,pre_allocation
990,1385,normal,0,0,65535_65535,1,7,87,452,1,1,1,10,452,28,1,1,allocated
990,1385,normal,0,0,65535_65535,1,6,87,406,0,1,0,9,0,28,1,1,pre_allocation
990,1385,normal,0,0,65535_65535,1,6,87,452,1,1,1,10,452,28,1,1,allocated
990,1385,normal,0,0,65535_65535,1,8,87,175,0,1,0,10,0,15,1,1,pre_allocation
990,1385,normal,0,0,65535_65535,1,8,87,193,1,1,1,11,193,15,1,1,allocated
990,1385,normal,0,0,65535_65535,1,10,87,269,0,1,0,10,0,20,1,1,pre_allocation
990,1385,normal,0,0,65535_65535,1,10,87,296,1,1,1,11,296,20,1,1,allocated
990,1385,normal,0,0,65535_65535,1,7,87,452,0,1,0,10,0,28,1,1,pre_allocation
990,1385,normal,0,0,65535_65535,1,7,87,497,1,1,1,11,497,28,1,1,allocated
990,1385,normal,0,0,65535_65535,1,6,87,452,0,1,0,10,0,28,1,1,pre_allocation
990,1385,normal,0,0,65535_65535,1,6,87,497,1,1,1,11,497,28,1,1,allocated
990,1385,normal,0,0,65535_65535,1,8,87,193,0,1,0,11,0,15,1,1,pre_allocation
990,1385,normal,0,0,65535_65535,1,8,87,210,1,1,1,12,210,15,1,1,allocated
990,1385,normal,0,0,65535_65535,1,10,87,296,0,1,0,11,0,20,1,1,pre_allocation
990,1385,normal,0,0,65535_65535,1,10,87,323,1,1,1,12,323,20,1,1,allocated
990,1385,normal,0,0,65535_65535,1,7,87,497,0,1,0,11,0,28,1,1,pre_allocation
990,1385,normal,0,0,65535_65535,1,7,87,543,1,1,1,12,543,28,1,1,allocated
990,1385,normal,0,0,65535_65535,1,6,87,497,0,1,0,11,0,28,1,1,pre_allocation
990,1385,normal,0,0,65535_65535,1,6,87,543,1,1,1,12,543,28,1,1,allocated
990,1385,normal,0,0,65535_65535,1,8,87,210,0,1,0,12,0,15,1,1,pre_allocation
990,1385,normal,0,0,65535_65535,1,8,87,228,1,1,1,13,228,15,1,1,allocated
990,1385,normal,0,0,65535_65535,1,10,87,323,0,1,0,12,0,20,1,1,pre_allocation
990,1385,normal,0,0,65535_65535,1,10,87,350,1,1,1,13,350,20,1,1,allocated
990,1385,normal,0,0,65535_65535,1,7,87,543,0,1,0,12,0,28,1,1,pre_allocation
990,1385,normal,0,0,65535_65535,1,7,87,589,1,1,1,13,589,28,1,1,allocated
990,1385,normal,0,0,65535_65535,1,6,87,543,0,1,0,12,0,28,1,1,pre_allocation
990,1385,normal,0,0,65535_65535,1,6,87,589,1,1,1,13,589,28,1,1,allocated
990,1385,normal,0,0,65535_65535,1,8,87,228,0,1,0,13,0,15,1,1,pre_allocation
990,1385,normal,0,0,65535_65535,1,8,87,246,1,1,1,14,246,15,1,1,allocated
990,1385,normal,0,0,65535_65535,1,10,87,350,0,1,0,13,0,20,1,1,pre_allocation
990,1385,normal,0,0,65535_65535,1,10,87,378,1,1,1,14,378,20,1,1,allocated
990,1385,normal,0,0,65535_65535,1,7,87,589,0,1,0,13,0,28,1,1,pre_allocation
990,1385,normal,0,0,65535_65535,1,7,87,634,1,1,1,14,634,28,1,1,allocated
990,1385,normal,0,0,65535_65535,1,6,87,589,0,1,0,13,0,28,1,1,pre_allocation
990,1385,normal,0,0,65535_65535,1,6,87,634,1,1,1,14,634,28,1,1,allocated
990,1385,normal,0,0,65535_65535,1,8,87,246,0,1,0,14,0,15,1,1,pre_allocation
990,1385,normal,0,0,65535_65535,1,8,87,264,1,1,1,15,264,15,1,1,allocated
990,1385,normal,0,0,65535_65535,1,10,87,378,0,1,0,14,0,20,1,1,pre_allocation
990,1385,normal,0,0,65535_65535,1,10,87,405,1,1,1,15,405,20,1,1,allocated
990,1385,normal,0,0,65535_65535,1,7,87,634,0,1,0,14,0,28,1,1,pre_allocation
990,1385,normal,0,0,65535_65535,1,7,87,680,1,1,1,15,680,28,1,1,allocated
990,1385,normal,0,0,65535_65535,1,6,87,634,0,1,0,14,0,28,1,1,pre_allocation
990,1385,normal,0,0,65535_65535,1,6,87,680,1,1,1,15,680,28,1,1,allocated
990,1385,normal,0,0,65535_65535,1,8,87,264,0,1,0,15,0,15,1,1,pre_allocation
990,1385,normal,0,0,65535_65535,1,8,87,282,1,1,1,16,282,15,1,1,allocated
990,1385,normal,0,0,65535_65535,1,10,87,405,0,1,0,15,0,20,1,1,pre_allocation
990,1385,normal,0,0,65535_65535,1,10,87,432,1,1,1,16,432,20,1,1,allocated
990,1385,normal,0,0,65535_65535,1,7,87,680,0,1,0,15,0,28,1,1,pre_allocation
990,1385,normal,0,0,65535_65535,1,7,87,725,1,1,1,16,725,28,1,1,allocated
990,1385,normal,0,0,65535_65535,1,6,87,680,0,1,0,15,0,28,1,1,pre_allocation
990,1385,normal,0,0,65535_65535,1,6,87,725,1,1,1,16,725,28,1,1,allocated
990,1385,normal,0,0,65535_65535,1,8,87,282,0,1,0,16,0,15,1,1,pre_allocation
990,1385,normal,0,0,65535_65535,1,8,87,299,1,1,1,17,299,15,1,1,allocated
990,1385,normal,0,0,65535_65535,1,10,87,432,0,1,0,16,0,20,1,1,pre_allocation
990,1385,normal,0,0,65535_65535,1,10,87,459,1,1,1,17,459,20,1,1,allocated
990,1385,normal,0,0,65535_65535,1,7,87,725,0,1,0,16,0,28,1,1,pre_allocation
990,1385,normal,0,0,65535_65535,1,7,87,771,1,1,1,17,771,28,1,1,allocated
990,1385,normal,0,0,65535_65535,1,6,87,725,0,1,0,16,0,28,1,1,pre_allocation
990,1385,normal,0,0,65535_65535,1,6,87,771,1,1,1,17,771,28,1,1,allocated
990,1385,normal,0,0,65535_65535,1,8,87,299,0,1,0,17,0,15,1,1,pre_allocation
990,1385,normal,0,0,65535_65535,1,8,87,317,1,1,1,18,317,15,1,1,allocated
990,1385,normal,0,0,65535_65535,1,10,87,459,0,1,0,17,0,20,1,1,pre_allocation
990,1385,normal,0,0,65535_65535,1,10,87,487,1,1,1,18,487,20,1,1,allocated
990,1385,normal,0,0,65535_65535,1,7,87,771,0,1,0,17,0,28,1,1,pre_allocation
990,1385,normal,0,0,65535_65535,1,7,87,816,1,1,1,18,816,28,1,1,allocated
990,1385,normal,0,0,65535_65535,1,6,87,771,0,1,0,17,0,28,1,1,pre_allocation
990,1385,normal,0,0,65535_65535,1,6,87,816,1,1,1,18,816,28,1,1,allocated
990,1385,normal,0,0,65535_65535,1,8,87,317,0,1,0,18,0,15,1,1,pre_allocation
990,1385,normal,0,0,65535_65535,1,8,87,335,1,1,1,19,335,15,1,1,allocated
990,1385,normal,0,0,65535_65535,1,10,87,487,0,1,0,18,0,20,1,1,pre_allocation
990,1385,normal,0,0,65535_65535,1,10,87,514,1,1,1,19,514,20,1,1,allocated
990,1385,normal,0,0,65535_65535,1,7,87,816,0,1,0,18,0,28,1,1,pre_allocation
990,1385,normal,0,0,65535_65535,1,7,87,862,1,1,1,19,862,28,1,1,allocated
990,1385,normal,0,0,65535_65535,1,6,87,816,0,1,0,18,0,28,1,1,pre_allocation
990,1385,normal,0,0,65535_65535,1,6,87,862,1,1,1,19,862,28,1,1,allocated
990,1385,normal,0,0,65535_65535,1,8,87,335,0,1,0,19,0,15,1,1,pre_allocation
990,1385,normal,0,0,65535_65535,1,8,87,353,1,1,1,20,353,15,1,1,allocated
990,1385,normal,0,0,65535_65535,1,10,87,514,0,1,0,19,0,20,1,1,pre_allocation
990,1385,normal,0,0,65535_65535,1,10,87,541,1,1,1,20,541,20,1,1,allocated
990,1385,normal,0,0,65535_65535,1,7,87,862,0,1,0,19,0,28,1,1,pre_allocation
990,1385,normal,0,0,65535_65535,1,7,87,907,1,1,1,20,907,28,1,1,allocated
990,1385,normal,0,0,65535_65535,1,6,87,862,0,1,0,19,0,28,1,1,pre_allocation
990,1385,normal,0,0,65535_65535,1,6,87,907,1,1,1,20,907,28,1,1,allocated
990,1385,normal,0,0,65535_65535,1,8,87,353,0,1,0,20,0,15,1,1,pre_allocation
990,1385,normal,0,0,65535_65535,1,8,87,371,1,1,1,21,371,15,1,1,allocated
990,1385,normal,0,0,65535_65535,1,10,87,541,0,1,0,20,0,20,1,1,pre_allocation
990,1385,normal,0,0,65535_65535,1,10,87,568,1,1,1,21,568,20,1,1,allocated
990,1385,normal,0,0,65535_65535,1,7,87,907,0,1,0,20,0,28,1,1,pre_allocation
990,1385,normal,0,0,65535_65535,1,7,87,953,1,1,1,21,953,28,1,1,allocated
990,1385,normal,0,0,65535_65535,1,6,87,907,0,1,0,20,0,28,1,1,pre_allocation
990,1385,normal,0,0,65535_65535,1,6,87,953,1,1,1,21,953,28,1,1,allocated
990,1385,normal,0,0,65535_65535,1,8,87,371,0,1,0,21,0,15,1,1,pre_allocation
990,1385,normal,0,0,65535_65535,1,8,87,389,1,1,1,22,389,15,1,1,allocated
990,1385,normal,0,0,65535_65535,1,10,87,568,0,1,0,21,0,20,1,1,pre_allocation
990,1385,normal,0,0,65535_65535,1,10,87,595,1,1,1,22,595,20,1,1,allocated
990,1385,normal,0,0,65535_65535,1,7,87,953,0,1,0,21,0,28,1,1,pre_allocation
990,1385,normal,0,0,65535_65535,1,7,87,998,1,1,1,22,998,28,1,1,allocated
990,1385,normal,0,0,65535_65535,1,6,87,953,0,1,0,21,0,28,1,1,pre_allocation
990,1385,normal,0,0,65535_65535,1,6,87,998,1,1,1,22,998,28,1,1,allocated
990,1385,normal,0,0,65535_65535,1,8,87,389,0,1,0,22,0,15,1,1,pre_allocation
990,1385,normal,0,0,65535_65535,1,8,87,406,1,1,1,23,406,15,1,1,allocated
990,1385,normal,0,0,65535_65535,1,10,87,595,0,1,0,22,0,20,1,1,pre_allocation
990,1385,normal,0,0,65535_65535,1,10,87,623,1,1,1,23,623,20,1,1,allocated
990,1385,normal,0,0,65535_65535,1,7,87,998,0,1,0,22,0,28,1,1,pre_allocation
990,1385,normal,0,0,65535_65535,1,7,87,1044,1,1,1,23,1044,28,1,1,allocated
990,1385,normal,0,0,65535_65535,1,6,87,998,0,1,0,22,0,28,1,1,pre_allocation
990,1385,normal,0,0,65535_65535,1,6,87,1044,1,1,1,23,1044,28,1,1,allocated
990,1385,normal,0,0,65535_65535,1,8,87,406,0,1,0,23,0,15,1,1,pre_allocation
990,1385,normal,0,0,65535_65535,1,8,87,424,1,1,1,24,424,15,1,1,allocated
990,1385,normal,0,0,65535_65535,1,10,87,623,0,1,0,23,0,20,1,1,pre_allocation
990,1385,normal,0,0,65535_65535,1,10,87,650,1,1,1,24,650,20,1,1,allocated
990,1385,normal,0,0,65535_65535,1,7,87,1044,0,1,0,23,0,28,1,1,pre_allocation
990,1385,normal,0,0,65535_65535,1,7,87,1089,1,1,1,24,1089,28,1,1,allocated
990,1385,normal,0,0,65535_65535,1,6,87,1044,0,1,0,23,0,28,1,1,pre_allocation
990,1385,normal,0,0,65535_65535,1,6,87,1089,1,1,1,24,1089,28,1,1,allocated
990,1385,normal,0,0,65535_65535,1,8,87,424,0,1,0,24,0,15,1,1,pre_allocation
990,1385,normal,0,0,65535_65535,1,8,87,442,1,1,1,25,442,15,1,1,allocated
990,1385,normal,0,0,65535_65535,1,10,87,650,0,1,0,24,0,20,1,1,pre_allocation
990,1385,normal,0,0,65535_65535,1,10,87,677,1,1,1,25,677,20,1,1,allocated
990,1385,normal,0,0,65535_65535,1,7,87,1089,0,1,0,24,0,28,1,1,pre_allocation
990,1385,normal,0,0,65535_65535,1,7,87,1135,1,1,1,25,1135,28,1,1,allocated
990,1385,normal,0,0,65535_65535,1,6,87,1089,0,1,0,24,0,28,1,1,pre_allocation
990,1385,normal,0,0,65535_65535,1,6,87,1135,1,1,1,25,1135,28,1,1,allocated
990,1385,normal,0,0,65535_65535,1,8,87,442,0,1,0,25,0,15,1,1,pre_allocation
990,1385,normal,0,0,65535_65535,1,8,87,460,1,1,1,26,460,15,1,1,allocated
990,1385,normal,0,0,65535_65535,1,10,87,677,0,1,0,25,0,20,1,1,pre_allocation
990,1385,normal,0,0,65535_65535,1,10,87,704,1,1,1,26,704,20,1,1,allocated
990,1385,normal,0,0,65535_65535,1,7,87,1135,0,1,0,25,0,28,1,1,pre_allocation
990,1385,normal,0,0,65535_65535,1,7,87,1181,1,1,1,26,1181,28,1,1,allocated
990,1385,normal,0,0,65535_65535,1,6,87,1135,0,1,0,25,0,28,1,1,pre_allocation
990,1385,normal,0,0,65535_65535,1,6,87,1181,1,1,1,26,1181,28,1,1,allocated
990,1385,normal,0,0,65535_65535,1,8,87,460,0,1,0,26,0,15,1,1,pre_allocation
990,1385,normal,0,0,65535_65535,1,8,87,478,1,1,1,27,478,15,1,1,allocated
990,1385,normal,0,0,65535_65535,1,10,87,704,0,1,0,26,0,20,1,1,pre_allocation
990,1385,normal,0,0,65535_65535,1,10,87,732,1,1,1,27,732,20,1,1,allocated
990,1385,normal,0,0,65535_65535,1,7,87,1181,0,1,0,26,0,28,1,1,pre_allocation
990,1385,normal,0,0,65535_65535,1,7,87,1226,1,1,1,27,1226,28,1,1,allocated
990,1385,normal,0,0,65535_65535,1,6,87,1181,0,1,0,26,0,28,1,1,pre_allocation
990,1385,normal,0,0,65535_65535,1,6,87,1226,1,1,1,27,1226,28,1,1,allocated
990,1385,normal,0,0,65535_65535,1,8,87,478,0,1,0,27,0,15,1,1,pre_allocation
990,1385,normal,0,0,65535_65535,1,8,87,495,1,1,1,28,495,15,1,1,allocated
990,1385,normal,0,0,65535_65535,1,10,87,732,0,1,0,27,0,20,1,1,pre_allocation
990,1385,normal,0,0,65535_65535,1,10,87,759,1,1,1,28,759,20,1,1,allocated
990,1385,normal,0,0,65535_65535,1,7,87,1226,0,1,0,27,0,28,1,1,pre_allocation
990,1385,normal,0,0,65535_65535,1,7,87,1272,1,1,1,28,1272,28,1,1,allocated
990,1385,normal,0,0,65535_65535,1,6,87,1226,0,1,0,27,0,28,1,1,pre_allocation
990,1385,normal,0,0,65535_65535,1,6,87,1272,1,1,1,28,1272,28,1,1,allocated
990,1385,normal,0,0,65535_65535,1,8,87,495,0,1,0,28,0,15,1,1,pre_allocation
990,1385,normal,0,0,65535_65535,1,8,87,513,1,1,1,29,513,15,1,1,allocated
990,1385,normal,0,0,65535_65535,1,10,87,759,0,1,0,28,0,20,1,1,pre_allocation
990,1385,normal,0,0,65535_65535,1,10,87,786,1,1,1,29,786,20,1,1,allocated
990,1385,normal,0,0,65535_65535,1,7,87,1272,0,1,0,28,0,28,1,1,pre_allocation
990,1385,normal,0,0,65535_65535,1,7,87,1317,1,1,1,29,1317,28,1,1,allocated
990,1385,normal,0,0,65535_65535,1,6,87,1272,0,1,0,28,0,28,1,1,pre_allocation
990,1385,normal,0,0,65535_65535,1,6,87,1317,1,1,1,29,1317,28,1,1,allocated
990,1385,normal,0,0,65535_65535,1,8,87,513,0,1,0,29,0,15,1,1,pre_allocation
990,1385,normal,0,0,65535_65535,1,8,87,531,1,1,1,30,531,15,1,1,allocated
990,1385,normal,0,0,65535_65535,1,10,87,786,0,1,0,29,0,20,1,1,pre_allocation
990,1385,normal,0,0,65535_65535,1,10,87,813,1,1,1,30,813,20,1,1,allocated
990,1385,normal,0,0,65535_65535,1,7,87,1317,0,1,0,29,0,28,1,1,pre_allocation
990,1385,normal,0,0,65535_65535,1,7,87,1363,1,1,1,30,1363,28,1,1,allocated
990,1385,normal,0,0,65535_65535,1,6,87,1317,0,1,0,29,0,28,1,1,pre_allocation
990,1385,normal,0,0,65535_65535,1,6,87,1363,1,1,1,30,1363,28,1,1,allocated
990,1385,normal,0,0,65535_65535,1,8,87,531,0,1,0,30,0,15,1,1,pre_allocation
990,1385,normal,0,0,65535_65535,1,8,87,549,1,1,1,31,549,15,1,1,allocated
990,1385,normal,0,0,65535_65535,1,10,87,813,0,1,0,30,0,20,1,1,pre_allocation
990,1385,normal,0,0,65535_65535,1,10,87,840,1,1,1,31,840,20,1,1,allocated
990,1385,normal,0,0,65535_65535,1,7,87,1363,0,1,0,30,0,28,1,1,pre_allocation
990,1385,normal,0,0,65535_65535,1,7,87,1408,1,1,1,31,1408,28,1,1,allocated
990,1385,normal,0,0,65535_65535,1,6,87,1363,0,1,0,30,0,28,1,1,pre_allocation
990,1385,normal,0,0,65535_65535,1,6,87,1408,1,1,1,31,1408,28,1,1,allocated
990,1385,normal,0,0,65535_65535,1,8,87,549,0,1,0,31,0,15,1,1,pre_allocation
990,1385,normal,0,0,65535_65535,1,8,87,567,1,1,1,32,567,15,1,1,allocated
990,1385,normal,0,0,65535_65535,1,10,87,840,0,1,0,31,0,20,1,1,pre_allocation
990,1385,normal,0,0,65535_65535,1,10,87,868,1,1,1,32,868,20,1,1,allocated
990,1385,normal,0,0,65535_65535,1,7,87,1408,0,1,0,31,0,28,1,1,pre_allocation
990,1385,normal,0,0,65535_65535,1,7,87,1454,1,1,1,32,1454,28,1,1,allocated
990,1385,normal,0,0,65535_65535,1,6,87,1408,0,1,0,31,0,28,1,1,pre_allocation
990,1385,normal,0,0,65535_65535,1,6,87,1454,1,1,1,32,1454,28,1,1,allocated
990,1385,normal,0,0,65535_65535,1,8,87,567,0,1,0,32,0,15,1,1,pre_allocation
990,1385,normal,0,0,65535_65535,1,8,87,585,1,1,1,33,585,15,1,1,allocated
990,1385,normal,0,0,65535_65535,1,10,87,868,0,1,0,32,0,20,1,1,pre_allocation
990,1385,normal,0,0,65535_65535,1,10,87,895,1,1,1,33,895,20,1,1,allocated
990,1385,normal,0,0,65535_65535,1,7,87,1454,0,1,0,32,0,28,1,1,pre_allocation
990,1385,normal,0,0,65535_65535,1,7,87,1499,1,1,1,33,1499,28,1,1,allocated
990,1385,normal,0,0,65535_65535,1,6,87,1454,0,1,0,32,0,28,1,1,pre_allocation
990,1385,normal,0,0,65535_65535,1,6,87,1499,1,1,1,33,1499,28,1,1,allocated
990,1385,normal,0,0,65535_65535,1,8,87,585,0,1,0,33,0,15,1,1,pre_allocation
990,1385,normal,0,0,65535_65535,1,8,87,602,1,1,1,34,602,15,1,1,allocated
990,1385,normal,0,0,65535_65535,1,10,87,895,0,1,0,33,0,20,1,1,pre_allocation
990,1385,normal,0,0,65535_65535,1,10,87,922,1,1,1,34,922,20,1,1,allocated
990,1385,normal,0,0,65535_65535,1,7,87,1499,0,1,0,33,0,28,1,1,pre_allocation
990,1385,normal,0,0,65535_65535,1,7,87,1542,1,1,1,34,1542,28,1,1,allocated
990,1385,normal,0,0,65535_65535,1,6,87,1499,0,1,0,33,0,28,1,1,pre_allocation
990,1385,normal,0,0,65535_65535,1,6,87,1542,1,1,1,34,1542,28,1,1,allocated
990,1385,normal,0,0,65535_65535,1,8,87,602,0,1,0,34,0,15,1,1,pre_allocation
990,1385,normal,0,0,65535_65535,1,8,87,620,1,1,1,35,620,15,1,1,allocated
990,1385,normal,0,0,65535_65535,1,10,87,922,0,1,0,34,0,20,1,1,pre_allocation
990,1385,normal,0,0,65535_65535,1,10,87,949,1,1,1,35,949,20,1,1,allocated
990,1385,normal,0,0,65535_65535,1,7,87,1542,0,1,0,34,0,28,1,1,pre_allocation
990,1385,normal,0,0,65535_65535,1,7,87,1587,1,1,1,35,1587,28,1,1,allocated
990,1385,normal,0,0,65535_65535,1,6,87,1542,0,1,0,34,0,28,1,1,pre_allocation
990,1385,normal,0,0,65535_65535,1,6,87,1587,1,1,1,35,1587,28,1,1,allocated
990,1385,normal,0,0,65535_65535,1,8,87,620,0,1,0,35,0,15,1,1,pre_allocation
990,1385,normal,0,0,65535_65535,1,8,87,638,1,1,1,36,638,15,1,1,allocated
990,1385,normal,0,0,65535_65535,1,10,87,949,0,1,0,35,0,20,1,1,pre_allocation
990,1385,normal,0,0,65535_65535,1,10,87,977,1,1,1,36,977,20,1,1,allocated
990,1385,normal,0,0,65535_65535,1,7,87,1587,0,1,0,35,0,28,1,1,pre_allocation
990,1385,normal,0,0,65535_65535,1,7,87,1633,1,1,1,36,1633,28,1,1,allocated
990,1385,normal,0,0,65535_65535,1,6,87,1587,0,1,0,35,0,28,1,1,pre_allocation
990,1385,normal,0,0,65535_65535,1,6,87,1633,1,1,1,36,1633,28,1,1,allocated
990,1385,normal,0,0,65535_65535,1,8,87,638,0,1,0,36,0,15,1,1,pre_allocation
990,1385,normal,0,0,65535_65535,1,8,87,656,1,1,1,37,656,15,1,1,allocated
990,1385,normal,0,0,65535_65535,1,10,87,977,0,1,0,36,0,20,1,1,pre_allocation
990,1385,normal,0,0,65535_65535,1,10,87,1004,1,1,1,37,1004,20,1,1,allocated
990,1385,normal,0,0,65535_65535,1,7,87,1633,0,1,0,36,0,28,1,1,pre_allocation
990,1385,normal,0,0,65535_65535,1,7,87,1678,1,1,1,37,1678,28,1,1,allocated
990,1385,normal,0,0,65535_65535,1,6,87,1633,0,1,0,36,0,28,1,1,pre_allocation
990,1385,normal,0,0,65535_65535,1,6,87,1678,1,1,1,37,1678,28,1,1,allocated
990,1385,normal,0,0,65535_65535,1,8,87,656,0,1,0,37,0,15,1,1,pre_allocation
990,1385,normal,0,0,65535_65535,1,8,87,674,1,1,1,38,674,15,1,1,allocated
990,1385,normal,0,0,65535_65535,1,10,87,1004,0,1,0,37,0,20,1,1,pre_allocation
990,1385,normal,0,0,65535_65535,1,10,87,1031,1,1,1,38,1031,20,1,1,allocated
990,1385,normal,0,0,65535_65535,1,7,87,1678,0,1,0,37,0,28,1,1,pre_allocation
990,1385,normal,0,0,65535_65535,1,7,87,1724,1,1,1,38,1724,28,1,1,allocated
990,1385,normal,0,0,65535_65535,1,6,87,1678,0,1,0,37,0,28,1,1,pre_allocation
990,1385,normal,0,0,65535_65535,1,6,87,1724,1,1,1,38,1724,28,1,1,allocated
990,1385,normal,0,0,65535_65535,1,8,87,674,0,1,0,38,0,15,1,1,pre_allocation
990,1385,normal,0,0,65535_65535,1,8,87,691,1,1,1,39,691,15,1,1,allocated
990,1385,normal,0,0,65535_65535,1,10,87,1031,0,1,0,38,0,20,1,1,pre_allocation
990,1385,normal,0,0,65535_65535,1,10,87,1058,1,1,1,39,1058,20,1,1,allocated
990,1385,normal,0,0,65535_65535,1,7,87,1724,0,1,0,38,0,28,1,1,pre_allocation
990,1385,normal,0,0,65535_65535,1,7,87,1770,1,1,1,39,1770,28,1,1,allocated
990,1385,normal,0,0,65535_65535,1,6,87,1724,0,1,0,38,0,28,1,1,pre_allocation
990,1385,normal,0,0,65535_65535,1,6,87,1770,1,1,1,39,1770,28,1,1,allocated
990,1385,normal,0,0,65535_65535,1,8,87,691,0,1,0,39,0,15,1,1,pre_allocation
990,1385,normal,0,0,65535_65535,1,8,87,709,1,1,1,40,709,15,1,1,allocated
990,1385,normal,0,0,65535_65535,1,10,87,1058,0,1,0,39,0,20,1,1,pre_allocation
990,1385,normal,0,0,65535_65535,1,10,87,1086,1,1,1,40,1086,20,1,1,allocated
990,1385,normal,0,0,65535_65535,1,7,87,1770,0,1,0,39,0,28,1,1,pre_allocation
990,1385,normal,0,0,65535_65535,1,7,87,1815,1,1,1,40,1815,28,1,1,allocated
990,1385,normal,0,0,65535_65535,1,6,87,1770,0,1,0,39,0,28,1,1,pre_allocation
990,1385,normal,0,0,65535_65535,1,6,87,1815,1,1,1,40,1815,28,1,1,allocated
990,1385,normal,0,0,65535_65535,1,8,87,709,0,1,0,40,0,15,1,1,pre_allocation
990,1385,normal,0,0,65535_65535,1,8,87,727,1,1,1,41,727,15,1,1,allocated
990,1385,normal,0,0,65535_65535,1,10,87,1086,0,1,0,40,0,20,1,1,pre_allocation
990,1385,normal,0,0,65535_65535,1,10,87,1113,1,1,1,41,1113,20,1,1,allocated
990,1385,normal,0,0,65535_65535,1,7,87,1815,0,1,0,40,0,28,1,1,pre_allocation
990,1385,normal,0,0,65535_65535,1,7,87,1861,1,1,1,41,1861,28,1,1,allocated
1102,1483,normal,0,0,65535_65535,0,4,1016887,0,0,1,0,0,0,15,1,1,pre_allocation
1102,1483,normal,0,0,65535_65535,0,4,1016887,14,1,1,1,1,14,15,1,1,allocated
1102,1483,normal,0,0,65535_65535,0,2,477474,0,0,1,0,0,0,20,1,1,pre_allocation
1102,1483,normal,0,0,65535_65535,0,2,477474,24,1,1,1,1,24,20,1,1,allocated
1102,1483,normal,0,0,65535_65535,0,3,204509,0,0,1,0,0,0,24,1,1,pre_allocation
1102,1483,normal,0,0,65535_65535,0,3,204509,34,1,1,1,1,34,24,1,1,allocated
1102,1483,normal,0,0,65535_65535,0,1,3069,0,0,1,0,0,0,28,1,1,pre_allocation
1102,1483,normal,0,0,65535_65535,0,1,3069,42,1,1,1,1,42,28,1,1,allocated
1102,1483,normal,0,0,65535_65535,0,4,1016887,14,0,1,0,1,0,15,1,1,pre_allocation
1102,1483,normal,0,0,65535_65535,0,4,1016887,32,1,1,1,2,32,15,1,1,allocated
1102,1483,normal,0,0,65535_65535,0,2,477474,24,0,1,0,1,0,20,1,1,pre_allocation
1102,1483,normal,0,0,65535_65535,0,2,477474,51,1,1,1,2,51,20,1,1,allocated
1102,1483,normal,0,0,65535_65535,0,3,204509,34,0,1,0,1,0,24,1,1,pre_allocation
1102,1483,normal,0,0,65535_65535,0,3,204509,71,1,1,1,2,71,24,1,1,allocated
1102,1483,normal,0,0,65535_65535,0,1,3069,42,0,1,0,1,0,28,1,1,pre_allocation
1102,1483,normal,0,0,65535_65535,0,1,3069,88,1,1,1,2,88,28,1,1,allocated
1102,1483,normal,0,0,65535_65535,0,4,1016887,32,0,1,0,2,0,15,1,1,pre_allocation
1102,1483,normal,0,0,65535_65535,0,4,1016887,50,1,1,1,3,50,15,1,1,allocated
1102,1483,normal,0,0,65535_65535,0,2,477474,51,0,1,0,2,0,20,1,1,pre_allocation
1102,1483,normal,0,0,65535_65535,0,2,477474,78,1,1,1,3,78,20,1,1,allocated
1102,1483,normal,0,0,65535_65535,0,3,204509,71,0,1,0,2,0,24,1,1,pre_allocation
1102,1483,normal,0,0,65535_65535,0,3,204509,108,1,1,1,3,108,24,1,1,allocated
1102,1483,normal,0,0,65535_65535,0,1,3069,88,0,1,0,2,0,28,1,1,pre_allocation
1102,1483,normal,0,0,65535_65535,0,1,3069,133,1,1,1,3,133,28,1,1,allocated
1102,1483,normal,0,0,65535_65535,0,4,1016887,50,0,1,0,3,0,15,1,1,pre_allocation
1102,1483,normal,0,0,65535_65535,0,4,1016887,68,1,1,1,4,68,15,1,1,allocated
1102,1483,normal,0,0,65535_65535,0,2,477474,78,0,1,0,3,0,20,1,1,pre_allocation
1102,1483,normal,0,0,65535_65535,0,2,477474,105,1,1,1,4,105,20,1,1,allocated
1102,1483,normal,0,0,65535_65535,0,3,204509,108,0,1,0,3,0,24,1,1,pre_allocation
1102,1483,normal,0,0,65535_65535,0,3,204509,145,1,1,1,4,145,24,1,1,allocated
1102,1483,normal,0,0,65535_65535,0,1,3069,133,0,1,0,3,0,28,1,1,pre_allocation
1102,1483,normal,0,0,65535_65535,0,1,3069,179,1,1,1,4,179,28,1,1,allocated
1102,1483,normal,0,0,65535_65535,0,4,1016887,68,0,1,0,4,0,15,1,1,pre_allocation
1102,1483,normal,0,0,65535_65535,0,4,1016887,86,1,1,1,5,86,15,1,1,allocated
1102,1483,normal,0,0,65535_65535,0,2,477474,105,0,1,0,4,0,20,1,1,pre_allocation
1102,1483,normal,0,0,65535_65535,0,2,477474,133,1,1,1,5,133,20,1,1,allocated
1102,1483,normal,0,0,65535_65535,0,3,204509,145,0,1,0,4,0,24,1,1,pre_allocation
1102,1483,normal,0,0,65535_65535,0,3,204509,182,1,1,1,5,182,24,1,1,allocated
1102,1483,normal,0,0,65535_65535,0,1,3069,179,0,1,0,4,0,28,1,1,pre_allocation
1102,1483,normal,0,0,65535_65535,0,1,3069,224,1,1,1,5,224,28,1,1,allocated
1102,1483,normal,0,0,65535_65535,0,4,1016887,86,0,1,0,5,0,15,1,1,pre_allocation
1102,1483,normal,0,0,65535_65535,0,4,1016887,103,1,1,1,6,103,15,1,1,allocated
1102,1483,normal,0,0,65535_65535,0,2,477474,133,0,1,0,5,0,20,1,1,pre_allocation
1102,1483,normal,0,0,65535_65535,0,2,477474,160,1,1,1,6,160,20,1,1,allocated
1102,1483,normal,0,0,65535_65535,0,3,204509,182,0,1,0,5,0,24,1,1,pre_allocation
1102,1483,normal,0,0,65535_65535,0,3,204509,219,1,1,1,6,219,24,1,1,allocated
1102,1483,normal,0,0,65535_65535,0,1,3069,224,0,1,0,5,0,28,1,1,pre_allocation
1102,1483,normal,0,0,65535_65535,0,1,3069,270,1,1,1,6,270,28,1,1,allocated
1102,1483,normal,0,0,65535_65535,0,4,1016887,103,0,1,0,6,0,15,1,1,pre_allocation
1102,1483,normal,0,0,65535_65535,0,4,1016887,121,1,1,1,7,121,15,1,1,allocated
1102,1483,normal,0,0,65535_65535,0,2,477474,160,0,1,0,6,0,20,1,1,pre_allocation
1102,1483,normal,0,0,65535_65535,0,2,477474,187,1,1,1,7,187,20,1,1,allocated
1102,1483,normal,0,0,65535_65535,0,3,204509,219,0,1,0,6,0,24,1,1,pre_allocation
1102,1483,normal,0,0,65535_65535,0,3,204509,256,1,1,1,7,256,24,1,1,allocated
1102,1483,normal,0,0,65535_65535,0,1,3069,270,0,1,0,6,0,28,1,1,pre_allocation
1102,1483,normal,0,0,65535_65535,0,1,3069,315,1,1,1,7,315,28,1,1,allocated
1102,1483,normal,0,0,65535_65535,0,4,1016887,121,0,1,0,7,0,15,1,1,pre_allocation
1102,1483,normal,0,0,65535_65535,0,4,1016887,139,1,1,1,8,139,15,1,1,allocated
1102,1483,normal,0,0,65535_65535,0,2,477474,187,0,1,0,7,0,20,1,1,pre_allocation
1102,1483,normal,0,0,65535_65535,0,2,477474,214,1,1,1,8,214,20,1,1,allocated
1102,1483,normal,0,0,65535_65535,0,3,204509,256,0,1,0,7,0,24,1,1,pre_allocation
1102,1483,normal,0,0,65535_65535,0,3,204509,294,1,1,1,8,294,24,1,1,allocated
1102,1483,normal,0,0,65535_65535,0,1,3069,315,0,1,0,7,0,28,1,1,pre_allocation
1102,1483,normal,0,0,65535_65535,0,1,3069,361,1,1,1,8,361,28,1,1,allocated
1102,1483,normal,0,0,65535_65535,0,4,1016887,139,0,1,0,8,0,15,1,1,pre_allocation
1102,1483,normal,0,0,65535_65535,0,4,1016887,157,1,1,1,9,157,15,1,1,allocated
1102,1483,normal,0,0,65535_65535,0,2,477474,214,0,1,0,8,0,20,1,1,pre_allocation
1102,1483,normal,0,0,65535_65535,0,2,477474,242,1,1,1,9,242,20,1,1,allocated
1102,1483,normal,0,0,65535_65535,0,3,204509,294,0,1,0,8,0,24,1,1,pre_allocation
1102,1483,normal,0,0,65535_65535,0,3,204509,331,1,1,1,9,331,24,1,1,allocated
1102,1483,normal,0,0,65535_65535,0,1,3069,361,0,1,0,8,0,28,1,1,pre_allocation
1102,1483,normal,0,0,65535_65535,0,1,3069,406,1,1,1,9,406,28,1,1,allocated
1102,1483,normal,0,0,65535_65535,0,4,1016887,157,0,1,0,9,0,15,1,1,pre_allocation
1102,1483,normal,0,0,65535_65535,0,4,1016887,175,1,1,1,10,175,15,1,1,allocated
1102,1483,normal,0,0,65535_65535,0,2,477474,242,0,1,0,9,0,20,1,1,pre_allocation
1102,1483,normal,0,0,65535_65535,0,2,477474,269,1,1,1,10,269,20,1,1,allocated
1102,1483,normal,0,0,65535_65535,0,3,204509,331,0,1,0,9,0,24,1,1,pre_allocation
1102,1483,normal,0,0,65535_65535,0,3,204509,368,1,1,1,10,368,24,1,1,allocated
1102,1483,normal,0,0,65535_65535,0,1,3069,406,0,1,0,9,0,28,1,1,pre_allocation
1102,1483,normal,0,0,65535_65535,0,1,3069,452,1,1,1,10,452,28,1,1,allocated
1102,1483,normal,0,0,65535_65535,0,4,1016887,175,0,1,0,10,0,15,1,1,pre_allocation
1102,1483,normal,0,0,65535_65535,0,4,1016887,193,1,1,1,11,193,15,1,1,allocated
1102,1483,normal,0,0,65535_65535,0,2,477474,269,0,1,0,10,0,20,1,1,pre_allocation
1102,1483,normal,0,0,65535_65535,0,2,477474,296,1,1,1,11,296,20,1,1,allocated
1102,1483,normal,0,0,65535_65535,0,3,204509,368,0,1,0,10,0,24,1,1,pre_allocation
1102,1483,normal,0,0,65535_65535,0,3,204509,405,1,1,1,11,405,24,1,1,allocated
1102,1483,normal,0,0,65535_65535,0,1,3069,452,0,1,0,10,0,28,1,1,pre_allocation
1102,1483,normal,0,0,65535_65535,0,1,3069,497,1,1,1,11,497,28,1,1,allocated
1102,1483,normal,0,0,65535_65535,0,4,1016887,193,0,1,0,11,0,15,1,1,pre_allocation
1102,1483,normal,0,0,65535_65535,0,4,1016887,210,1,1,1,12,210,15,1,1,allocated
1102,1483,normal,0,0,65535_65535,0,2,477474,296,0,1,0,11,0,20,1,1,pre_allocation
1102,1483,normal,0,0,65535_65535,0,2,477474,323,1,1,1,12,323,20,1,1,allocated
1102,1483,normal,0,0,65535_65535,0,3,204509,405,0,1,0,11,0,24,1,1,pre_allocation
1102,1483,normal,0,0,65535_65535,0,3,204509,442,1,1,1,12,442,24,1,1,allocated
1102,1483,normal,0,0,65535_65535,0,1,3069,497,0,1,0,11,0,28,1,1,pre_allocation
1102,1483,normal,0,0,65535_65535,0,1,3069,543,1,1,1,12,543,28,1,1,allocated
1102,1483,normal,0,0,65535_65535,0,4,1016887,210,0,1,0,12,0,15,1,1,pre_allocation
1102,1483,normal,0,0,65535_65535,0,4,1016887,228,1,1,1,13,228,15,1,1,allocated
1102,1483,normal,0,0,65535_65535,0,2,477474,323,0,1,0,12,0,20,1,1,pre_allocation
1102,1483,normal,0,0,65535_65535,0,2,477474,350,1,1,1,13,350,20,1,1,allocated
1102,1483,normal,0,0,65535_65535,0,3,204509,442,0,1,0,12,0,24,1,1,pre_allocation
1102,1483,normal,0,0,65535_65535,0,3,204509,479,1,1,1,13,479,24,1,1,allocated
1102,1483,normal,0,0,65535_65535,0,1,3069,543,0,1,0,12,0,28,1,1,pre_allocation
1102,1483,normal,0,0,65535_65535,0,1,3069,589,1,1,1,13,589,28,1,1,allocated
1102,1483,normal,0,0,65535_65535,0,4,1016887,228,0,1,0,13,0,15,1,1,pre_allocation
1102,1483,normal,0,0,65535_65535,0,4,1016887,246,1,1,1,14,246,15,1,1,allocated
1102,1483,normal,0,0,65535_65535,0,2,477474,350,0,1,0,13,0,20,1,1,pre_allocation
1102,1483,normal,0,0,65535_65535,0,2,477474,378,1,1,1,14,378,20,1,1,allocated
1102,1483,normal,0,0,65535_65535,0,3,204509,479,0,1,0,13,0,24,1,1,pre_allocation
1102,1483,normal,0,0,65535_65535,0,3,204509,516,1,1,1,14,516,24,1,1,allocated
1102,1483,normal,0,0,65535_65535,0,1,3069,589,0,1,0,13,0,28,1,1,pre_allocation
1102,1483,normal,0,0,65535_65535,0,1,3069,634,1,1,1,14,634,28,1,1,allocated
1102,1483,normal,0,0,65535_65535,0,4,1016887,246,0,1,0,14,0,15,1,1,pre_allocation
1102,1483,normal,0,0,65535_65535,0,4,1016887,264,1,1,1,15,264,15,1,1,allocated
1102,1483,normal,0,0,65535_65535,0,2,477474,378,0,1,0,14,0,20,1,1,pre_allocation
1102,1483,normal,0,0,65535_65535,0,2,477474,405,1,1,1,15,405,20,1,1,allocated
1102,1483,normal,0,0,65535_65535,1,8,169,0,0,1,0,0,0,15,1,1,pre_allocation
1102,1483,normal,0,0,65535_65535,1,8,169,14,1,1,1,1,14,15,1,1,allocated
1102,1483,normal,0,0,65535_65535,1,10,87,0,0,1,0,0,0,20,1,1,pre_allocation
1102,1483,normal,0,0,65535_65535,1,10,87,24,1,1,1,1,24,20,1,1,allocated
1102,1483,normal,0,0,65535_65535,1,7,87,0,0,1,0,0,0,28,1,1,pre_allocation
1102,1483,normal,0,0,65535_65535,1,7,87,42,1,1,1,1,42,28,1,1,allocated
1102,1483,normal,0,0,65535_65535,1,6,87,0,0,1,0,0,0,28,1,1,pre_allocation
1102,1483,normal,0,0,65535_65535,1,6,87,42,1,1,1,1,42,28,1,1,allocated
1102,1483,normal,0,0,65535_65535,1,8,169,14,0,1,0,1,0,15,1,1,pre_allocation
1102,1483,normal,0,0,65535_65535,1,8,169,32,1,1,1,2,32,15,1,1,allocated
1102,1483,normal,0,0,65535_65535,1,10,87,24,0,1,0,1,0,20,1,1,pre_allocation
1102,1483,normal,0,0,65535_65535,1,10,87,51,1,1,1,2,51,20,1,1,allocated
1102,1483,normal,0,0,65535_65535,1,7,87,42,0,1,0,1,0,28,1,1,pre_allocation
1102,1483,normal,0,0,65535_65535,1,7,87,88,1,1,1,2,88,28,1,1,allocated
1102,1483,normal,0,0,65535_65535,1,6,87,42,0,1,0,1,0,28,1,1,pre_allocation
1102,1483,normal,0,0,65535_65535,1,6,87,88,1,1,1,2,88,28,1,1,allocated
1102,1483,normal,0,0,65535_65535,1,8,169,32,0,1,0,2,0,15,1,1,pre_allocation
1102,1483,normal,0,0,65535_65535,1,8,169,50,1,1,1,3,50,15,1,1,allocated
1102,1483,normal,0,0,65535_65535,1,10,87,51,0,1,0,2,0,20,1,1,pre_allocation
1102,1483,normal,0,0,65535_65535,1,10,87,78,1,1,1,3,78,20,1,1,allocated
1102,1483,normal,0,0,65535_65535,1,7,87,88,0,1,0,2,0,28,1,1,pre_allocation
1102,1483,normal,0,0,65535_65535,1,7,87,133,1,1,1,3,133,28,1,1,allocated
1102,1483,normal,0,0,65535_65535,1,6,87,88,0,1,0,2,0,28,1,1,pre_allocation
1102,1483,normal,0,0,65535_65535,1,6,87,133,1,1,1,3,133,28,1,1,allocated
1102,1483,normal,0,0,65535_65535,1,8,169,50,0,1,0,3,0,15,1,1,pre_allocation
1102,1483,normal,0,0,65535_65535,1,8,169,68,1,1,1,4,68,15,1,1,allocated
1102,1483,normal,0,0,65535_65535,1,10,87,78,0,1,0,3,0,20,1,1,pre_allocation
1102,1483,normal,0,0,65535_65535,1,10,87,105,1,1,1,4,105,20,1,1,allocated
1102,1483,normal,0,0,65535_65535,1,7,87,133,0,1,0,3,0,28,1,1,pre_allocation
1102,1483,normal,0,0,65535_65535,1,7,87,179,1,1,1,4,179,28,1,1,allocated
1102,1483,normal,0,0,65535_65535,1,6,87,133,0,1,0,3,0,28,1,1,pre_allocation
1102,1483,normal,0,0,65535_65535,1,6,87,179,1,1,1,4,179,28,1,1,allocated
1102,1483,normal,0,0,65535_65535,1,8,169,68,0,1,0,4,0,15,1,1,pre_allocation
1102,1483,normal,0,0,65535_65535,1,8,169,86,1,1,1,5,86,15,1,1,allocated
1102,1483,normal,0,0,65535_65535,1,10,87,105,0,1,0,4,0,20,1,1,pre_allocation
1102,1483,normal,0,0,65535_65535,1,10,87,133,1,1,1,5,133,20,1,1,allocated
1102,1483,normal,0,0,65535_65535,1,7,87,179,0,1,0,4,0,28,1,1,pre_allocation
1102,1483,normal,0,0,65535_65535,1,7,87,224,1,1,1,5,224,28,1,1,allocated
1102,1483,normal,0,0,65535_65535,1,6,87,179,0,1,0,4,0,28,1,1,pre_allocation
1102,1483,normal,0,0,65535_65535,1,6,87,224,1,1,1,5,224,28,1,1,allocated
1102,1483,normal,0,0,65535_65535,1,8,169,86,0,1,0,5,0,15,1,1,pre_allocation
1102,1483,normal,0,0,65535_65535,1,8,169,103,1,1,1,6,103,15,1,1,allocated
1102,1483,normal,0,0,65535_65535,1,10,87,133,0,1,0,5,0,20,1,1,pre_allocation
1102,1483,normal,0,0,65535_65535,1,10,87,160,1,1,1,6,160,20,1,1,allocated
1102,1483,normal,0,0,65535_65535,1,7,87,224,0,1,0,5,0,28,1,1,pre_allocation
1102,1483,normal,0,0,65535_65535,1,7,87,270,1,1,1,6,270,28,1,1,allocated
1102,1483,normal,0,0,65535_65535,1,6,87,224,0,1,0,5,0,28,1,1,pre_allocation
1102,1483,normal,0,0,65535_65535,1,6,87,270,1,1,1,6,270,28,1,1,allocated
1102,1483,normal,0,0,65535_65535,1,8,169,103,0,1,0,6,0,15,1,1,pre_allocation
1102,1483,normal,0,0,65535_65535,1,8,169,121,1,1,1,7,121,15,1,1,allocated
1102,1483,normal,0,0,65535_65535,1,10,87,160,0,1,0,6,0,20,1,1,pre_allocation
1102,1483,normal,0,0,65535_65535,1,10,87,187,1,1,1,7,187,20,1,1,allocated
1102,1483,normal,0,0,65535_65535,1,7,87,270,0,1,0,6,0,28,1,1,pre_allocation
1102,1483,normal,0,0,65535_65535,1,7,87,315,1,1,1,7,315,28,1,1,allocated
1102,1483,normal,0,0,65535_65535,1,6,87,270,0,1,0,6,0,28,1,1,pre_allocation
1102,1483,normal,0,0,65535_65535,1,6,87,315,1,1,1,7,315,28,1,1,allocated
1102,1483,normal,0,0,65535_65535,1,8,169,121,0,1,0,7,0,15,1,1,pre_allocation
1102,1483,normal,0,0,65535_65535,1,8,169,139,1,1,1,8,139,15,1,1,allocated
1102,1483,normal,0,0,65535_65535,1,10,87,187,0,1,0,7,0,20,1,1,pre_allocation
1102,1483,normal,0,0,65535_65535,1,10,87,214,1,1,1,8,214,20,1,1,allocated
1102,1483,normal,0,0,65535_65535,1,7,87,315,0,1,0,7,0,28,1,1,pre_allocation
1102,1483,normal,0,0,65535_65535,1,7,87,361,1,1,1,8,361,28,1,1,allocated
1102,1483,normal,0,0,65535_65535,1,6,87,315,0,1,0,7,0,28,1,1,pre_allocation
1102,1483,normal,0,0,65535_65535,1,6,87,361,1,1,1,8,361,28,1,1,allocated
1102,1483,normal,0,0,65535_65535,1,8,169,139,0,1,0,8,0,15,1,1,pre_allocation
1102,1483,normal,0,0,65535_65535,1,8,169,157,1,1,1,9,157,15,1,1,allocated
1102,1483,normal,0,0,65535_65535,1,10,87,214,0,1,0,8,0,20,1,1,pre_allocation
1102,1483,normal,0,0,65535_65535,1,10,87,242,1,1,1,9,242,20,1,1,allocated
1102,1483,normal,0,0,65535_65535,1,7,87,361,0,1,0,8,0,28,1,1,pre_allocation
1102,1483,normal,0,0,65535_65535,1,7,87,406,1,1,1,9,406,28,1,1,allocated
1102,1483,normal,0,0,65535_65535,1,6,87,361,0,1,0,8,0,28,1,1,pre_allocation
1102,1483,normal,0,0,65535_65535,1,6,87,406,1,1,1,9,406,28,1,1,allocated
1102,1483,normal,0,0,65535_65535,1,8,169,157,0,1,0,9,0,15,1,1,pre_allocation
1102,1483,normal,0,0,65535_65535,1,8,169,175,1,1,1,10,175,15,1,1,allocated
1102,1483,normal,0,0,65535_65535,1,10,87,242,0,1,0,9,0,20,1,1,pre_allocation
1102,1483,normal,0,0,65535_65535,1,10,87,269,1,1,1,10,269,20,1,1,allocated
1102,1483,normal,0,0,65535_65535,1,7,87,406,0,1,0,9,0,28,1,1,pre_allocation
1102,1483,normal,0,0,65535_65535,1,7,87,452,1,1,1,10,452,28,1,1,allocated
1102,1483,normal,0,0,65535_65535,1,6,87,406,0,1,0,9,0,28,1,1,pre_allocation
1102,1483,normal,0,0,65535_65535,1,6,87,452,1,1,1,10,452,28,1,1,allocated
1102,1483,normal,0,0,65535_65535,1,8,169,175,0,1,0,10,0,15,1,1,pre_allocation
1102,1483,normal,0,0,65535_65535,1,8,169,193,1,1,1,11,193,15,1,1,allocated
1102,1483,normal,0,0,65535_65535,1,10,87,269,0,1,0,10,0,20,1,1,pre_allocation
1102,1483,normal,0,0,65535_65535,1,10,87,296,1,1,1,11,296,20,1,1,allocated
1102,1483,normal,0,0,65535_65535,1,7,87,452,0,1,0,10,0,28,1,1,pre_allocation
1102,1483,normal,0,0,65535_65535,1,7,87,497,1,1,1,11,497,28,1,1,allocated
1102,1483,normal,0,0,65535_65535,1,6,87,452,0,1,0,10,0,28,1,1,pre_allocation
1102,1483,normal,0,0,65535_65535,1,6,87,497,1,1,1,11,497,28,1,1,allocated
1102,1483,normal,0,0,65535_65535,1,8,169,193,0,1,0,11,0,15,1,1,pre_allocation
1102,1483,normal,0,0,65535_65535,1,8,169,210,1,1,1,12,210,15,1,1,allocated
1102,1483,normal,0,0,65535_65535,1,10,87,296,0,1,0,11,0,20,1,1,pre_allocation
1102,1483,normal,0,0,65535_65535,1,10,87,323,1,1,1,12,323,20,1,1,allocated
1102,1483,normal,0,0,65535_65535,1,7,87,497,0,1,0,11,0,28,1,1,pre_allocation
1102,1483,normal,0,0,65535_65535,1,7,87,543,1,1,1,12,543,28,1,1,allocated
1102,1483,normal,0,0,65535_65535,1,6,87,497,0,1,0,11,0,28,1,1,pre_allocation
1102,1483,normal,0,0,65535_65535,1,6,87,543,1,1,1,12,543,28,1,1,allocated
1102,1483,normal,0,0,65535_65535,1,8,169,210,0,1,0,12,0,15,1,1,pre_allocation
1102,1483,normal,0,0,65535_65535,1,8,169,228,1,1,1,13,228,15,1,1,allocated
1102,1483,normal,0,0,65535_65535,1,10,87,323,0,1,0,12,0,20,1,1,pre_allocation
1102,1483,normal,0,0,65535_65535,1,10,87,350,1,1,1,13,350,20,1,1,allocated
1102,1483,normal,0,0,65535_65535,1,7,87,543,0,1,0,12,0,28,1,1,pre_allocation
1102,1483,normal,0,0,65535_65535,1,7,87,589,1,1,1,13,589,28,1,1,allocated
1102,1483,normal,0,0,65535_65535,1,6,87,543,0,1,0,12,0,28,1,1,pre_allocation
1102,1483,normal,0,0,65535_65535,1,6,87,589,1,1,1,13,589,28,1,1,allocated
1102,1483,normal,0,0,65535_65535,1,8,169,228,0,1,0,13,0,15,1,1,pre_allocation
1102,1483,normal,0,0,65535_65535,1,8,169,246,1,1,1,14,246,15,1,1,allocated
1102,1483,normal,0,0,65535_65535,1,10,87,350,0,1,0,13,0,20,1,1,pre_allocation
1102,1483,normal,0,0,65535_65535,1,10,87,378,1,1,1,14,378,20,1,1,allocated
1102,1483,normal,0,0,65535_65535,1,7,87,589,0,1,0,13,0,28,1,1,pre_allocation
1102,1483,normal,0,0,65535_65535,1,7,87,634,1,1,1,14,634,28,1,1,allocated
1102,1483,normal,0,0,65535_65535,1,6,87,589,0,1,0,13,0,28,1,1,pre_allocation
1102,1483,normal,0,0,65535_65535,1,6,87,634,1,1,1,14,634,28,1,1,allocated
1102,1483,normal,0,0,65535_65535,1,8,169,246,0,1,0,14,0,15,1,1,pre_allocation
1102,1483,normal,0,0,65535_65535,1,8,169,264,1,1,1,15,264,15,1,1,allocated
1102,1483,normal,0,0,65535_65535,1,10,87,378,0,1,0,14,0,20,1,1,pre_allocation
1102,1483,normal,0,0,65535_65535,1,10,87,405,1,1,1,15,405,20,1,1,allocated
1102,1483,normal,0,0,65535_65535,1,7,87,634,0,1,0,14,0,28,1,1,pre_allocation
1102,1483,normal,0,0,65535_65535,1,7,87,680,1,1,1,15,680,28,1,1,allocated
1102,1483,normal,0,0,65535_65535,1,6,87,634,0,1,0,14,0,28,1,1,pre_allocation
1102,1483,normal,0,0,65535_65535,1,6,87,680,1,1,1,15,680,28,1,1,allocated
1102,1483,normal,0,0,65535_65535,1,8,169,264,0,1,0,15,0,15,1,1,pre_allocation
1102,1483,normal,0,0,65535_65535,1,8,169,282,1,1,1,16,282,15,1,1,allocated
1102,1483,normal,0,0,65535_65535,1,10,87,405,0,1,0,15,0,20,1,1,pre_allocation
1102,1483,normal,0,0,65535_65535,1,10,87,432,1,1,1,16,432,20,1,1,allocated
1102,1483,normal,0,0,65535_65535,1,7,87,680,0,1,0,15,0,28,1,1,pre_allocation
1102,1483,normal,0,0,65535_65535,1,7,87,725,1,1,1,16,725,28,1,1,allocated
1102,1483,normal,0,0,65535_65535,1,6,87,680,0,1,0,15,0,28,1,1,pre_allocation
1102,1483,normal,0,0,65535_65535,1,6,87,725,1,1,1,16,725,28,1,1,allocated
1102,1483,normal,0,0,65535_65535,1,8,169,282,0,1,0,16,0,15,1,1,pre_allocation
1102,1483,normal,0,0,65535_65535,1,8,169,299,1,1,1,17,299,15,1,1,allocated
1102,1483,normal,0,0,65535_65535,1,10,87,432,0,1,0,16,0,20,1,1,pre_allocation
1102,1483,normal,0,0,65535_65535,1,10,87,459,1,1,1,17,459,20,1,1,allocated
1102,1483,normal,0,0,65535_65535,1,7,87,725,0,1,0,16,0,28,1,1,pre_allocation
1102,1483,normal,0,0,65535_65535,1,7,87,771,1,1,1,17,771,28,1,1,allocated
1102,1483,normal,0,0,65535_65535,1,6,87,725,0,1,0,16,0,28,1,1,pre_allocation
1102,1483,normal,0,0,65535_65535,1,6,87,771,1,1,1,17,771,28,1,1,allocated
1102,1483,normal,0,0,65535_65535,1,8,169,299,0,1,0,17,0,15,1,1,pre_allocation
1102,1483,normal,0,0,65535_65535,1,8,169,317,1,1,1,18,317,15,1,1,allocated
1102,1483,normal,0,0,65535_65535,1,10,87,459,0,1,0,17,0,20,1,1,pre_allocation
1102,1483,normal,0,0,65535_65535,1,10,87,487,1,1,1,18,487,20,1,1,allocated
1102,1483,normal,0,0,65535_65535,1,7,87,771,0,1,0,17,0,28,1,1,pre_allocation
1102,1483,normal,0,0,65535_65535,1,7,87,816,1,1,1,18,816,28,1,1,allocated
1102,1483,normal,0,0,65535_65535,1,6,87,771,0,1,0,17,0,28,1,1,pre_allocation
1102,1483,normal,0,0,65535_65535,1,6,87,816,1,1,1,18,816,28,1,1,allocated
1102,1483,normal,0,0,65535_65535,1,8,169,317,0,1,0,18,0,15,1,1,pre_allocation
1102,1483,normal,0,0,65535_65535,1,8,169,335,1,1,1,19,335,15,1,1,allocated
1102,1483,normal,0,0,65535_65535,1,10,87,487,0,1,0,18,0,20,1,1,pre_allocation
1102,1483,normal,0,0,65535_65535,1,10,87,514,1,1,1,19,514,20,1,1,allocated
1102,1483,normal,0,0,65535_65535,1,7,87,816,0,1,0,18,0,28,1,1,pre_allocation
1102,1483,normal,0,0,65535_65535,1,7,87,862,1,1,1,19,862,28,1,1,allocated
1102,1483,normal,0,0,65535_65535,1,6,87,816,0,1,0,18,0,28,1,1,pre_allocation
1102,1483,normal,0,0,65535_65535,1,6,87,862,1,1,1,19,862,28,1,1,allocated
1102,1483,normal,0,0,65535_65535,1,8,169,335,0,1,0,19,0,15,1,1,pre_allocation
1102,1483,normal,0,0,65535_65535,1,8,169,353,1,1,1,20,353,15,1,1,allocated
1102,1483,normal,0,0,65535_65535,1,10,87,514,0,1,0,19,0,20,1,1,pre_allocation
1102,1483,normal,0,0,65535_65535,1,10,87,541,1,1,1,20,541,20,1,1,allocated
1102,1483,normal,0,0,65535_65535,1,7,87,862,0,1,0,19,0,28,1,1,pre_allocation
1102,1483,normal,0,0,65535_65535,1,7,87,907,1,1,1,20,907,28,1,1,allocated
1102,1483,normal,0,0,65535_65535,1,6,87,862,0,1,0,19,0,28,1,1,pre_allocation
1102,1483,normal,0,0,65535_65535,1,6,87,907,1,1,1,20,907,28,1,1,allocated
1102,1483,normal,0,0,65535_65535,1,8,169,353,0,1,0,20,0,15,1,1,pre_allocation
1102,1483,normal,0,0,65535_65535,1,8,169,371,1,1,1,21,371,15,1,1,allocated
1102,1483,normal,0,0,65535_65535,1,10,87,541,0,1,0,20,0,20,1,1,pre_allocation
1102,1483,normal,0,0,65535_65535,1,10,87,568,1,1,1,21,568,20,1,1,allocated
1102,1483,normal,0,0,65535_65535,1,7,87,907,0,1,0,20,0,28,1,1,pre_allocation
1102,1483,normal,0,0,65535_65535,1,7,87,953,1,1,1,21,953,28,1,1,allocated
1102,1483,normal,0,0,65535_65535,1,6,87,907,0,1,0,20,0,28,1,1,pre_allocation
1102,1483,normal,0,0,65535_65535,1,6,87,953,1,1,1,21,953,28,1,1,allocated
1102,1483,normal,0,0,65535_65535,1,8,169,371,0,1,0,21,0,15,1,1,pre_allocation
1102,1483,normal,0,0,65535_65535,1,8,169,389,1,1,1,22,389,15,1,1,allocated
1102,1483,normal,0,0,65535_65535,1,10,87,568,0,1,0,21,0,20,1,1,pre_allocation
1102,1483,normal,0,0,65535_65535,1,10,87,595,1,1,1,22,595,20,1,1,allocated
1102,1483,normal,0,0,65535_65535,1,7,87,953,0,1,0,21,0,28,1,1,pre_allocation
1102,1483,normal,0,0,65535_65535,1,7,87,998,1,1,1,22,998,28,1,1,allocated
1102,1483,normal,0,0,65535_65535,1,6,87,953,0,1,0,21,0,28,1,1,pre_allocation
1102,1483,normal,0,0,65535_65535,1,6,87,998,1,1,1,22,998,28,1,1,allocated
1102,1483,normal,0,0,65535_65535,1,8,169,389,0,1,0,22,0,15,1,1,pre_allocation
1102,1483,normal,0,0,65535_65535,1,8,169,406,1,1,1,23,406,15,1,1,allocated
1102,1483,normal,0,0,65535_65535,1,10,87,595,0,1,0,22,0,20,1,1,pre_allocation
1102,1483,normal,0,0,65535_65535,1,10,87,623,1,1,1,23,623,20,1,1,allocated
1102,1483,normal,0,0,65535_65535,1,7,87,998,0,1,0,22,0,28,1,1,pre_allocation
1102,1483,normal,0,0,65535_65535,1,7,87,1044,1,1,1,23,1044,28,1,1,allocated
1102,1483,normal,0,0,65535_65535,1,6,87,998,0,1,0,22,0,28,1,1,pre_allocation
1102,1483,normal,0,0,65535_65535,1,6,87,1044,1,1,1,23,1044,28,1,1,allocated
1102,1483,normal,0,0,65535_65535,1,8,169,406,0,1,0,23,0,15,1,1,pre_allocation
1102,1483,normal,0,0,65535_65535,1,8,169,424,1,1,1,24,424,15,1,1,allocated
1102,1483,normal,0,0,65535_65535,1,10,87,623,0,1,0,23,0,20,1,1,pre_allocation
1102,1483,normal,0,0,65535_65535,1,10,87,650,1,1,1,24,650,20,1,1,allocated
1102,1483,normal,0,0,65535_65535,1,7,87,1044,0,1,0,23,0,28,1,1,pre_allocation
1102,1483,normal,0,0,65535_65535,1,7,87,1089,1,1,1,24,1089,28,1,1,allocated
1102,1483,normal,0,0,65535_65535,1,6,87,1044,0,1,0,23,0,28,1,1,pre_allocation
1102,1483,normal,0,0,65535_65535,1,6,87,1089,1,1,1,24,1089,28,1,1,allocated
1102,1483,normal,0,0,65535_65535,1,8,169,424,0,1,0,24,0,15,1,1,pre_allocation
1102,1483,normal,0,0,65535_65535,1,8,169,442,1,1,1,25,442,15,1,1,allocated
1102,1483,normal,0,0,65535_65535,1,10,87,650,0,1,0,24,0,20,1,1,pre_allocation
1102,1483,normal,0,0,65535_65535,1,10,87,677,1,1,1,25,677,20,1,1,allocated
1102,1483,normal,0,0,65535_65535,1,7,87,1089,0,1,0,24,0,28,1,1,pre_allocation
1102,1483,normal,0,0,65535_65535,1,7,87,1135,1,1,1,25,1135,28,1,1,allocated
1102,1483,normal,0,0,65535_65535,1,6,87,1089,0,1,0,24,0,28,1,1,pre_allocation
1102,1483,normal,0,0,65535_65535,1,6,87,1135,1,1,1,25,1135,28,1,1,allocated
1102,1483,normal,0,0,65535_65535,1,8,169,442,0,1,0,25,0,15,1,1,pre_allocation
1102,1483,normal,0,0,65535_65535,1,8,169,460,1,1,1,26,460,15,1,1,allocated
1102,1483,normal,0,0,65535_65535,1,10,87,677,0,1,0,25,0,20,1,1,pre_allocation
1102,1483,normal,0,0,65535_65535,1,10,87,704,1,1,1,26,704,20,1,1,allocated
1102,1483,normal,0,0,65535_65535,1,7,87,1135,0,1,0,25,0,28,1,1,pre_allocation
1102,1483,normal,0,0,65535_65535,1,7,87,1181,1,1,1,26,1181,28,1,1,allocated
1102,1483,normal,0,0,65535_65535,1,6,87,1135,0,1,0,25,0,28,1,1,pre_allocation
1102,1483,normal,0,0,65535_65535,1,6,87,1181,1,1,1,26,1181,28,1,1,allocated
1102,1483,normal,0,0,65535_65535,1,8,169,460,0,1,0,26,0,15,1,1,pre_allocation
1102,1483,normal,0,0,65535_65535,1,8,169,478,1,1,1,27,478,15,1,1,allocated
1102,1483,normal,0,0,65535_65535,1,10,87,704,0,1,0,26,0,20,1,1,pre_allocation
1102,1483,normal,0,0,65535_65535,1,10,87,732,1,1,1,27,732,20,1,1,allocated
1102,1483,normal,0,0,65535_65535,1,7,87,1181,0,1,0,26,0,28,1,1,pre_allocation
1102,1483,normal,0,0,65535_65535,1,7,87,1226,1,1,1,27,1226,28,1,1,allocated
1102,1483,normal,0,0,65535_65535,1,6,87,1181,0,1,0,26,0,28,1,1,pre_allocation
1102,1483,normal,0,0,65535_65535,1,6,87,1226,1,1,1,27,1226,28,1,1,allocated
1102,1483,normal,0,0,65535_65535,1,8,169,478,0,1,0,27,0,15,1,1,pre_allocation
1102,1483,normal,0,0,65535_65535,1,8,169,495,1,1,1,28,495,15,1,1,allocated
1102,1483,normal,0,0,65535_65535,1,10,87,732,0,1,0,27,0,20,1,1,pre_allocation
1102,1483,normal,0,0,65535_65535,1,10,87,759,1,1,1,28,759,20,1,1,allocated
1102,1483,normal,0,0,65535_65535,1,7,87,1226,0,1,0,27,0,28,1,1,pre_allocation
1102,1483,normal,0,0,65535_65535,1,7,87,1272,1,1,1,28,1272,28,1,1,allocated
1102,1483,normal,0,0,65535_65535,1,6,87,1226,0,1,0,27,0,28,1,1,pre_allocation
1102,1483,normal,0,0,65535_65535,1,6,87,1272,1,1,1,28,1272,28,1,1,allocated
1102,1483,normal,0,0,65535_65535,1,8,169,495,0,1,0,28,0,15,1,1,pre_allocation
1102,1483,normal,0,0,65535_65535,1,8,169,513,1,1,1,29,513,15,1,1,allocated
1102,1483,normal,0,0,65535_65535,1,10,87,759,0,1,0,28,0,20,1,1,pre_allocation
1102,1483,normal,0,0,65535_65535,1,10,87,786,1,1,1,29,786,20,1,1,allocated
1102,1483,normal,0,0,65535_65535,1,7,87,1272,0,1,0,28,0,28,1,1,pre_allocation
1102,1483,normal,0,0,65535_65535,1,7,87,1317,1,1,1,29,1317,28,1,1,allocated
1102,1483,normal,0,0,65535_65535,1,6,87,1272,0,1,0,28,0,28,1,1,pre_allocation
1102,1483,normal,0,0,65535_65535,1,6,87,1317,1,1,1,29,1317,28,1,1,allocated
1102,1483,normal,0,0,65535_65535,1,8,169,513,0,1,0,29,0,15,1,1,pre_allocation
1102,1483,normal,0,0,65535_65535,1,8,169,531,1,1,1,30,531,15,1,1,allocated
1102,1483,normal,0,0,65535_65535,1,10,87,786,0,1,0,29,0,20,1,1,pre_allocation
1102,1483,normal,0,0,65535_65535,1,10,87,813,1,1,1,30,813,20,1,1,allocated
1102,1483,normal,0,0,65535_65535,1,7,87,1317,0,1,0,29,0,28,1,1,pre_allocation
1102,1483,normal,0,0,65535_65535,1,7,87,1363,1,1,1,30,1363,28,1,1,allocated
1102,1483,normal,0,0,65535_65535,1,6,87,1317,0,1,0,29,0,28,1,1,pre_allocation
1102,1483,normal,0,0,65535_65535,1,6,87,1363,1,1,1,30,1363,28,1,1,allocated
1102,1483,normal,0,0,65535_65535,1,8,169,531,0,1,0,30,0,15,1,1,pre_allocation
1102,1483,normal,0,0,65535_65535,1,8,169,549,1,1,1,31,549,15,1,1,allocated
1102,1483,normal,0,0,65535_65535,1,10,87,813,0,1,0,30,0,20,1,1,pre_allocation
1102,1483,normal,0,0,65535_65535,1,10,87,840,1,1,1,31,840,20,1,1,allocated
1102,1483,normal,0,0,65535_65535,1,7,87,1363,0,1,0,30,0,28,1,1,pre_allocation
1102,1483,normal,0,0,65535_65535,1,7,87,1408,1,1,1,31,1408,28,1,1,allocated
1102,1483,normal,0,0,65535_65535,1,6,87,1363,0,1,0,30,0,28,1,1,pre_allocation
1102,1483,normal,0,0,65535_65535,1,6,87,1408,1,1,1,31,1408,28,1,1,allocated
1102,1483,normal,0,0,65535_65535,1,8,169,549,0,1,0,31,0,15,1,1,pre_allocation
1102,1483,normal,0,0,65535_65535,1,8,169,567,1,1,1,32,567,15,1,1,allocated
1102,1483,normal,0,0,65535_65535,1,10,87,840,0,1,0,31,0,20,1,1,pre_allocation
1102,1483,normal,0,0,65535_65535,1,10,87,868,1,1,1,32,868,20,1,1,allocated
1102,1483,normal,0,0,65535_65535,1,7,87,1408,0,1,0,31,0,28,1,1,pre_allocation
1102,1483,normal,0,0,65535_65535,1,7,87,1454,1,1,1,32,1454,28,1,1,allocated
1102,1483,normal,0,0,65535_65535,1,6,87,1408,0,1,0,31,0,28,1,1,pre_allocation
1102,1483,normal,0,0,65535_65535,1,6,87,1454,1,1,1,32,1454,28,1,1,allocated
1102,1483,normal,0,0,65535_65535,1,8,169,567,0,1,0,32,0,15,1,1,pre_allocation
1102,1483,normal,0,0,65535_65535,1,8,169,585,1,1,1,33,585,15,1,1,allocated
1102,1483,normal,0,0,65535_65535,1,10,87,868,0,1,0,32,0,20,1,1,pre_allocation
1102,1483,normal,0,0,65535_65535,1,10,87,895,1,1,1,33,895,20,1,1,allocated
1102,1483,normal,0,0,65535_65535,1,7,87,1454,0,1,0,32,0,28,1,1,pre_allocation
1102,1483,normal,0,0,65535_65535,1,7,87,1499,1,1,1,33,1499,28,1,1,allocated
1102,1483,normal,0,0,65535_65535,1,6,87,1454,0,1,0,32,0,28,1,1,pre_allocation
1102,1483,normal,0,0,65535_65535,1,6,87,1499,1,1,1,33,1499,28,1,1,allocated
1102,1483,normal,0,0,65535_65535,1,8,169,585,0,1,0,33,0,15,1,1,pre_allocation
1102,1483,normal,0,0,65535_65535,1,8,169,602,1,1,1,34,602,15,1,1,allocated
1102,1483,normal,0,0,65535_65535,1,10,87,895,0,1,0,33,0,20,1,1,pre_allocation
1102,1483,normal,0,0,65535_65535,1,10,87,922,1,1,1,34,922,20,1,1,allocated
1102,1483,normal,0,0,65535_65535,1,7,87,1499,0,1,0,33,0,28,1,1,pre_allocation
1102,1483,normal,0,0,65535_65535,1,7,87,1542,1,1,1,34,1542,28,1,1,allocated
1102,1483,normal,0,0,65535_65535,1,6,87,1499,0,1,0,33,0,28,1,1,pre_allocation
1102,1483,normal,0,0,65535_65535,1,6,87,1542,1,1,1,34,1542,28,1,1,allocated
1102,1483,normal,0,0,65535_65535,1,8,169,602,0,1,0,34,0,15,1,1,pre_allocation
1102,1483,normal,0,0,65535_65535,1,8,169,620,1,1,1,35,620,15,1,1,allocated
1102,1483,normal,0,0,65535_65535,1,10,87,922,0,1,0,34,0,20,1,1,pre_allocation
1102,1483,normal,0,0,65535_65535,1,10,87,949,1,1,1,35,949,20,1,1,allocated
1102,1483,normal,0,0,65535_65535,1,7,87,1542,0,1,0,34,0,28,1,1,pre_allocation
1102,1483,normal,0,0,65535_65535,1,7,87,1587,1,1,1,35,1587,28,1,1,allocated
1102,1483,normal,0,0,65535_65535,1,6,87,1542,0,1,0,34,0,28,1,1,pre_allocation
1102,1483,normal,0,0,65535_65535,1,6,87,1587,1,1,1,35,1587,28,1,1,allocated
1102,1483,normal,0,0,65535_65535,1,8,169,620,0,1,0,35,0,15,1,1,pre_allocation
1102,1483,normal,0,0,65535_65535,1,8,169,638,1,1,1,36,638,15,1,1,allocated
1102,1483,normal,0,0,65535_65535,1,10,87,949,0,1,0,35,0,20,1,1,pre_allocation
1102,1483,normal,0,0,65535_65535,1,10,87,977,1,1,1,36,977,20,1,1,allocated
1102,1483,normal,0,0,65535_65535,1,7,87,1587,0,1,0,35,0,28,1,1,pre_allocation
1102,1483,normal,0,0,65535_65535,1,7,87,1633,1,1,1,36,1633,28,1,1,allocated
1102,1483,normal,0,0,65535_65535,1,6,87,1587,0,1,0,35,0,28,1,1,pre_allocation
1102,1483,normal,0,0,65535_65535,1,6,87,1633,1,1,1,36,1633,28,1,1,allocated
1102,1483,normal,0,0,65535_65535,1,8,169,638,0,1,0,36,0,15,1,1,pre_allocation
1102,1483,normal,0,0,65535_65535,1,8,169,656,1,1,1,37,656,15,1,1,allocated
1102,1483,normal,0,0,65535_65535,1,10,87,977,0,1,0,36,0,20,1,1,pre_allocation
1102,1483,normal,0,0,65535_65535,1,10,87,1004,1,1,1,37,1004,20,1,1,allocated
1102,1483,normal,0,0,65535_65535,2,11,137,0,0,1,0,0,0,4,1,1,pre_allocation
1102,1483,normal,0,0,65535_65535,2,11,137,0,1,1,1,1,0,4,1,1,allocated
1102,1483,normal,0,0,65535_65535,2,12,137,0,0,1,0,0,0,15,1,1,pre_allocation
1102,1483,normal,0,0,65535_65535,2,12,137,14,1,1,1,1,14,15,1,1,allocated
1102,1483,normal,0,0,65535_65535,2,24,137,0,0,1,0,0,0,15,1,1,pre_allocation
1102,1483,normal,0,0,65535_65535,2,24,137,14,1,1,1,1,14,15,1,1,allocated
1102,1483,normal,0,0,65535_65535,2,22,137,0,0,1,0,0,0,24,1,1,pre_allocation
1102,1483,normal,0,0,65535_65535,2,22,137,34,1,1,1,1,34,24,1,1,allocated
1102,1483,normal,0,0,65535_65535,2,27,137,0,0,1,0,0,0,22,1,1,pre_allocation
1102,1483,normal,0,0,65535_65535,2,27,137,29,1,1,1,1,29,22,1,1,allocated
1102,1483,normal,0,0,65535_65535,2,13,137,0,0,1,0,0,0,28,1,1,pre_allocation
1102,1483,normal,0,0,65535_65535,2,13,137,42,1,1,1,1,42,28,1,1,allocated
1102,1483,normal,0,0,65535_65535,2,23,137,0,0,1,0,0,0,28,1,1,pre_allocation
1102,1483,normal,0,0,65535_65535,2,23,137,42,1,1,1,1,42,28,1,1,allocated
1102,1483,normal,0,0,65535_65535,2,26,137,0,0,1,0,0,0,28,1,1,pre_allocation
1102,1483,normal,0,0,65535_65535,2,26,137,42,1,1,1,1,42,28,1,1,allocated
1102,1483,normal,0,0,65535_65535,2,11,137,0,0,1,0,1,0,4,1,1,pre_allocation
1102,1483,normal,0,0,65535_65535,2,11,137,3,1,1,1,2,3,4,1,1,allocated
1102,1483,normal,0,0,65535_65535,2,12,137,14,0,1,0,1,0,15,1,1,pre_allocation
1102,1483,normal,0,0,65535_65535,2,12,137,32,1,1,1,2,32,15,1,1,allocated
1102,1483,normal,0,0,65535_65535,2,24,137,14,0,1,0,1,0,15,1,1,pre_allocation
1102,1483,normal,0,0,65535_65535,2,24,137,32,1,1,1,2,32,15,1,1,allocated
1102,1483,normal,0,0,65535_65535,2,22,137,34,0,1,0,1,0,24,1,1,pre_allocation
1102,1483,normal,0,0,65535_65535,2,22,137,71,1,1,1,2,71,24,1,1,allocated
1102,1483,normal,0,0,65535_65535,2,27,137,29,0,1,0,1,0,22,1,1,pre_allocation
1102,1483,normal,0,0,65535_65535,2,27,137,61,1,1,1,2,61,22,1,1,allocated
1102,1483,normal,0,0,65535_65535,2,13,137,42,0,1,0,1,0,28,1,1,pre_allocation
1102,1483,normal,0,0,65535_65535,2,13,137,88,1,1,1,2,88,28,1,1,allocated
1102,1483,normal,0,0,65535_65535,2,23,137,42,0,1,0,1,0,28,1,1,pre_allocation
1102,1483,normal,0,0,65535_65535,2,23,137,88,1,1,1,2,88,28,1,1,allocated
1102,1483,normal,0,0,65535_65535,2,26,137,42,0,1,0,1,0,28,1,1,pre_allocation
1102,1483,normal,0,0,65535_65535,2,26,137,88,1,1,1,2,88,28,1,1,allocated
1102,1483,normal,0,0,65535_65535,2,11,137,3,0,1,0,2,0,4,1,1,pre_allocation
1102,1483,normal,0,0,65535_65535,2,11,137,6,1,1,1,3,6,4,1,1,allocated
1102,1483,normal,0,0,65535_65535,2,12,137,32,0,1,0,2,0,15,1,1,pre_allocation
1102,1483,normal,0,0,65535_65535,2,12,137,50,1,1,1,3,50,15,1,1,allocated
1102,1483,normal,0,0,65535_65535,2,24,137,32,0,1,0,2,0,15,1,1,pre_allocation
1102,1483,normal,0,0,65535_65535,2,24,137,50,1,1,1,3,50,15,1,1,allocated
1102,1483,normal,0,0,65535_65535,2,22,137,71,0,1,0,2,0,24,1,1,pre_allocation
1102,1483,normal,0,0,65535_65535,2,22,137,108,1,1,1,3,108,24,1,1,allocated
1102,1483,normal,0,0,65535_65535,2,27,137,61,0,1,0,2,0,22,1,1,pre_allocation
1102,1483,normal,0,0,65535_65535,2,27,137,93,1,1,1,3,93,22,1,1,allocated
1102,1483,normal,0,0,65535_65535,2,13,137,88,0,1,0,2,0,28,1,1,pre_allocation
1102,1483,normal,0,0,65535_65535,2,13,137,133,1,1,1,3,133,28,1,1,allocated
1102,1483,normal,0,0,65535_65535,2,23,137,88,0,1,0,2,0,28,1,1,pre_allocation
1102,1483,normal,0,0,65535_65535,2,23,137,133,1,1,1,3,133,28,1,1,allocated
1102,1483,normal,0,0,65535_65535,2,26,137,88,0,1,0,2,0,28,1,1,pre_allocation
1102,1483,normal,0,0,65535_65535,2,26,137,133,1,1,1,3,133,28,1,1,allocated
1102,1483,normal,0,0,65535_65535,2,11,137,6,0,1,0,3,0,4,1,1,pre_allocation
1102,1483,normal,0,0,65535_65535,2,11,137,9,1,1,1,4,9,4,1,1,allocated
1102,1483,normal,0,0,65535_65535,2,12,137,50,0,1,0,3,0,15,1,1,pre_allocation
1102,1483,normal,0,0,65535_65535,2,12,137,68,1,1,1,4,68,15,1,1,allocated
1102,1483,normal,0,0,65535_65535,2,24,137,50,0,1,0,3,0,15,1,1,pre_allocation
1102,1483,normal,0,0,65535_65535,2,24,137,68,1,1,1,4,68,15,1,1,allocated
1102,1483,normal,0,0,65535_65535,2,22,137,108,0,1,0,3,0,24,1,1,pre_allocation
1102,1483,normal,0,0,65535_65535,2,22,137,145,1,1,1,4,145,24,1,1,allocated
1102,1483,normal,0,0,65535_65535,2,27,137,93,0,1,0,3,0,22,1,1,pre_allocation
1102,1483,normal,0,0,65535_65535,2,27,137,125,1,1,1,4,125,22,1,1,allocated
1102,1483,normal,0,0,65535_65535,2,13,137,133,0,1,0,3,0,28,1,1,pre_allocation
1102,1483,normal,0,0,65535_65535,2,13,137,179,1,1,1,4,179,28,1,1,allocated
1102,1483,normal,0,0,65535_65535,2,23,137,133,0,1,0,3,0,28,1,1,pre_allocation
1102,1483,normal,0,0,65535_65535,2,23,137,179,1,1,1,4,179,28,1,1,allocated
1102,1483,normal,0,0,65535_65535,2,26,137,133,0,1,0,3,0,28,1,1,pre_allocation
1102,1483,normal,0,0,65535_65535,2,26,137,179,1,1,1,4,179,28,1,1,allocated
1102,1483,normal,0,0,65535_65535,2,11,137,9,0,1,0,4,0,4,1,1,pre_allocation
1102,1483,normal,0,0,65535_65535,2,11,137,12,1,1,1,5,12,4,1,1,allocated
1102,1483,normal,0,0,65535_65535,2,12,137,68,0,1,0,4,0,15,1,1,pre_allocation
1102,1483,normal,0,0,65535_65535,2,12,137,86,1,1,1,5,86,15,1,1,allocated
1102,1483,normal,0,0,65535_65535,2,24,137,68,0,1,0,4,0,15,1,1,pre_allocation
1102,1483,normal,0,0,65535_65535,2,24,137,86,1,1,1,5,86,15,1,1,allocated
1102,1483,normal,0,0,65535_65535,2,22,137,145,0,1,0,4,0,24,1,1,pre_allocation
1102,1483,normal,0,0,65535_65535,2,22,137,182,1,1,1,5,182,24,1,1,allocated
1102,1483,normal,0,0,65535_65535,2,27,137,125,0,1,0,4,0,22,1,1,pre_allocation
1102,1483,normal,0,0,65535_65535,2,27,137,157,1,1,1,5,157,22,1,1,allocated
1102,1483,normal,0,0,65535_65535,2,13,137,179,0,1,0,4,0,28,1,1,pre_allocation
1102,1483,normal,0,0,65535_65535,2,13,137,224,1,1,1,5,224,28,1,1,allocated
1102,1483,normal,0,0,65535_65535,2,23,137,179,0,1,0,4,0,28,1,1,pre_allocation
1102,1483,normal,0,0,65535_65535,2,23,137,224,1,1,1,5,224,28,1,1,allocated
1102,1483,normal,0,0,65535_65535,2,26,137,179,0,1,0,4,0,28,1,1,pre_allocation
1102,1483,normal,0,0,65535_65535,2,26,137,224,1,1,1,5,224,28,1,1,allocated
1102,1483,normal,0,0,65535_65535,2,11,137,12,0,1,0,5,0,4,1,1,pre_allocation
1102,1483,normal,0,0,65535_65535,2,11,137,15,1,1,1,6,15,4,1,1,allocated
1102,1483,normal,0,0,65535_65535,2,12,137,86,0,1,0,5,0,15,1,1,pre_allocation
1102,1483,normal,0,0,65535_65535,2,12,137,103,1,1,1,6,103,15,1,1,allocated
1102,1483,normal,0,0,65535_65535,2,24,137,86,0,1,0,5,0,15,1,1,pre_allocation
1102,1483,normal,0,0,65535_65535,2,24,137,103,1,1,1,6,103,15,1,1,allocated
1102,1483,normal,0,0,65535_65535,2,22,137,182,0,1,0,5,0,24,1,1,pre_allocation
1102,1483,normal,0,0,65535_65535,2,22,137,219,1,1,1,6,219,24,1,1,allocated
1102,1483,normal,0,0,65535_65535,2,27,137,157,0,1,0,5,0,22,1,1,pre_allocation
1102,1483,normal,0,0,65535_65535,2,27,137,190,1,1,1,6,190,22,1,1,allocated
1102,1483,normal,0,0,65535_65535,2,13,137,224,0,1,0,5,0,28,1,1,pre_allocation
1102,1483,normal,0,0,65535_65535,2,13,137,270,1,1,1,6,270,28,1,1,allocated
1102,1483,normal,0,0,65535_65535,2,23,137,224,0,1,0,5,0,28,1,1,pre_allocation
1102,1483,normal,0,0,65535_65535,2,23,137,270,1,1,1,6,270,28,1,1,allocated
1102,1483,normal,0,0,65535_65535,2,26,137,224,0,1,0,5,0,28,1,1,pre_allocation
1102,1483,normal,0,0,65535_65535,2,26,137,270,1,1,1,6,270,28,1,1,allocated
1102,1483,normal,0,0,65535_65535,2,11,137,15,0,1,0,6,0,4,1,1,pre_allocation
1102,1483,normal,0,0,65535_65535,2,11,137,18,1,1,1,7,18,4,1,1,allocated
1102,1483,normal,0,0,65535_65535,2,12,137,103,0,1,0,6,0,15,1,1,pre_allocation
1102,1483,normal,0,0,65535_65535,2,12,137,121,1,1,1,7,121,15,1,1,allocated
1102,1483,normal,0,0,65535_65535,2,24,137,103,0,1,0,6,0,15,1,1,pre_allocation
1102,1483,normal,0,0,65535_65535,2,24,137,121,1,1,1,7,121,15,1,1,allocated
1102,1483,normal,0,0,65535_65535,2,22,137,219,0,1,0,6,0,24,1,1,pre_allocation
1102,1483,normal,0,0,65535_65535,2,22,137,256,1,1,1,7,256,24,1,1,allocated
1102,1483,normal,0,0,65535_65535,2,27,137,190,0,1,0,6,0,22,1,1,pre_allocation
1102,1483,normal,0,0,65535_65535,2,27,137,222,1,1,1,7,222,22,1,1,allocated
1102,1483,normal,0,0,65535_65535,2,13,137,270,0,1,0,6,0,28,1,1,pre_allocation
1102,1483,normal,0,0,65535_65535,2,13,137,315,1,1,1,7,315,28,1,1,allocated
1102,1483,normal,0,0,65535_65535,2,23,137,270,0,1,0,6,0,28,1,1,pre_allocation
1102,1483,normal,0,0,65535_65535,2,23,137,315,1,1,1,7,315,28,1,1,allocated
1102,1483,normal,0,0,65535_65535,2,26,137,270,0,1,0,6,0,28,1,1,pre_allocation
1102,1483,normal,0,0,65535_65535,2,26,137,315,1,1,1,7,315,28,1,1,allocated
1102,1483,normal,0,0,65535_65535,2,11,137,18,0,1,0,7,0,4,1,1,pre_allocation
1102,1483,normal,0,0,65535_65535,2,11,137,22,1,1,1,8,22,4,1,1,allocated
1102,1483,normal,0,0,65535_65535,2,12,137,121,0,1,0,7,0,15,1,1,pre_allocation
1102,1483,normal,0,0,65535_65535,2,12,137,139,1,1,1,8,139,15,1,1,allocated
1102,1483,normal,0,0,65535_65535,2,24,137,121,0,1,0,7,0,15,1,1,pre_allocation
1102,1483,normal,0,0,65535_65535,2,24,137,139,1,1,1,8,139,15,1,1,allocated
1102,1483,normal,0,0,65535_65535,2,22,137,256,0,1,0,7,0,24,1,1,pre_allocation
1102,1483,normal,0,0,65535_65535,2,22,137,294,1,1,1,8,294,24,1,1,allocated
1102,1483,normal,0,0,65535_65535,2,27,137,222,0,1,0,7,0,22,1,1,pre_allocation
1102,1483,normal,0,0,65535_65535,2,27,137,254,1,1,1,8,254,22,1,1,allocated
1102,1483,normal,0,0,65535_65535,2,13,137,315,0,1,0,7,0,28,1,1,pre_allocation
1102,1483,normal,0,0,65535_65535,2,13,137,361,1,1,1,8,361,28,1,1,allocated
