timestamp,sliceId,dedicatedPRB,minPRB,maxPRB
510,0,20.42102283593828,20.42102283593828,100.0
510,1,35.837198189128024,35.837198189128024,100.0
510,2,43.74177897493371,43.74177897493371,100.0
520,0,32.81812910541009,32.81812910541009,100.0
520,1,24.665484674883267,24.665484674883267,100.0
520,2,42.51638621970665,42.51638621970665,100.0
530,0,63.06982248428664,63.06982248428664,100.0
530,1,17.518254662980333,17.518254662980333,100.0
530,2,19.411922852733028,19.411922852733028,100.0
540,0,52.9109599770203,52.9109599770203,100.0
540,1,28.558109742582218,28.558109742582218,100.0
540,2,18.530930280397488,18.530930280397488,100.0
550,0,33.03512500096415,33.03512500096415,100.0
550,1,28.56535749068549,28.56535749068549,100.0
550,2,38.399517508350364,38.399517508350364,100.0
560,0,41.125479995975866,41.125479995975866,100.0
560,1,24.34732355226437,24.34732355226437,100.0
560,2,34.527196451759764,34.527196451759764,100.0
570,0,15.068431922351063,15.068431922351063,100.0
570,1,13.737761503893594,13.737761503893594,100.0
570,2,71.19380657375535,71.19380657375535,100.0
580,0,19.812824289835994,19.812824289835994,100.0
580,1,61.6472757134921,61.6472757134921,100.0
580,2,18.539899996671906,18.539899996671906,100.0
590,0,32.73178078455577,32.73178078455577,100.0
590,1,21.49060461420454,21.49060461420454,100.0
590,2,45.777614601239705,45.777614601239705,100.0
600,0,11.681498839143718,11.681498839143718,100.0
600,1,70.68738986974003,70.68738986974003,100.0
600,2,17.63111129111625,17.63111129111625,100.0
610,0,38.144223070188204,38.144223070188204,100.0
610,1,37.65419291855385,37.65419291855385,100.0
610,2,24.201584011257943,24.201584011257943,100.0
620,0,44.454792952310655,44.454792952310655,100.0
620,1,44.72187754734191,44.72187754734191,100.0
620,2,10.82332950034743,10.82332950034743,100.0
630,0,39.18219525407107,39.18219525407107,100.0
630,1,35.93545522433639,35.93545522433639,100.0
630,2,24.882349521592555,24.882349521592555,100.0
640,0,36.41499844182886,36.41499844182886,100.0
640,1,12.055065610011154,12.055065610011154,100.0
640,2,51.52993594815999,51.52993594815999,100.0
650,0,22.585429450017504,22.585429450017504,100.0
650,1,33.96452555620248,33.96452555620248,100.0
650,2,43.45004499378002,43.45004499378002,100.0
660,0,46.99970939157389,46.99970939157389,100.0
660,1,30.058994248464664,30.058994248464664,100.0
660,2,22.94129635996146,22.94129635996146,100.0
670,0,40.856252455471235,40.856252455471235,100.0
670,1,21.391208996613837,21.391208996613837,100.0
670,2,37.75253854791493,37.75253854791493,100.0
680,0,41.94238695196217,41.94238695196217,100.0
680,1,15.796458304266928,15.796458304266928,100.0
680,2,42.26115474377091,42.26115474377091,100.0
690,0,16.090763345229277,16.090763345229277,100.0
690,1,18.874586059723768,18.874586059723768,100.0
690,2,65.03465059504695,65.03465059504695,100.0
700,0,21.31494137654912,21.31494137654912,100.0
700,1,50.61560930731006,50.61560930731006,100.0
700,2,28.069449316140815,28.069449316140815,100.0
710,0,26.630918092565718,26.630918092565718,100.0
710,1,51.474940063509486,51.474940063509486,100.0
710,2,21.8941418439248,21.8941418439248,100.0
720,0,63.00842498632968,63.00842498632968,100.0
720,1,23.755656392247285,23.755656392247285,100.0
720,2,13.235918621423043,13.235918621423043,100.0
730,0,43.351966689969316,43.351966689969316,100.0
730,1,10.316891315244488,10.316891315244488,100.0
730,2,46.33114199478619,46.33114199478619,100.0
740,0,15.777583154047297,15.777583154047297,100.0
740,1,48.48919229385817,48.48919229385817,100.0
740,2,35.733224552094526,35.733224552094526,100.0
750,0,47.1577211840677,47.1577211840677,100.0
750,1,13.162949918540043,13.162949918540043,100.0
750,2,39.67932889739227,39.67932889739227,100.0
760,0,37.114523262714336,37.114523262714336,100.0
760,1,47.99051812929419,47.99051812929419,100.0
760,2,14.894958607991477,14.894958607991477,100.0
770,0,31.277289865948887,31.277289865948887,100.0
770,1,32.39841675330666,32.39841675330666,100.0
770,2,36.32429338074446,36.32429338074446,100.0
780,0,33.66698849079955,33.66698849079955,100.0
780,1,37.144525435283505,37.144525435283505,100.0
780,2,29.18848607391695,29.18848607391695,100.0
790,0,59.40923146174243,59.40923146174243,100.0
790,1,18.90902670462259,18.90902670462259,100.0
790,2,21.681741833634984,21.681741833634984,100.0
800,0,44.06427399239771,44.06427399239771,100.0
800,1,10.984818885719498,10.984818885719498,100.0
800,2,44.95090712188281,44.95090712188281,100.0
810,0,31.01879644159021,31.01879644159021,100.0
810,1,9.546671056252165,9.546671056252165,100.0
810,2,59.43453250215762,59.43453250215762,100.0
820,0,32.6561949307658,32.6561949307658,100.0
820,1,33.26334719624972,33.26334719624972,100.0
820,2,34.080457872984496,34.080457872984496,100.0
830,0,54.16977556997642,54.16977556997642,100.0
830,1,23.797936288537898,23.797936288537898,100.0
830,2,22.03228814148569,22.03228814148569,100.0
840,0,39.546342764768795,39.546342764768795,100.0
840,1,25.329896093459155,25.329896093459155,100.0
840,2,35.12376114177205,35.12376114177205,100.0
850,0,44.60134572799813,44.60134572799813,100.0
850,1,28.649254525413948,28.649254525413948,100.0
850,2,26.74939974658791,26.74939974658791,100.0
860,0,63.621737967157465,63.621737967157465,100.0
860,1,16.932335255335364,16.932335255335364,100.0
860,2,19.445926777507175,19.445926777507175,100.0
870,0,14.902721091567736,14.902721091567736,100.0
870,1,15.38000790529945,15.38000790529945,100.0
870,2,69.71727100313282,69.71727100313282,100.0
880,0,29.845507102266446,29.845507102266446,100.0
880,1,23.35536042085134,23.35536042085134,100.0
880,2,46.79913247688221,46.79913247688221,100.0
890,0,12.599986783164175,12.599986783164175,100.0
890,1,26.06373999135161,26.06373999135161,100.0
890,2,61.33627322548423,61.33627322548423,100.0
900,0,17.188540259084785,17.188540259084785,100.0
900,1,67.45147988284664,67.45147988284664,100.0
900,2,15.359979858068575,15.359979858068575,100.0
910,0,15.871402957955723,15.871402957955723,100.0
910,1,30.86840286795433,30.86840286795433,100.0
910,2,53.260194174089946,53.260194174089946,100.0
920,0,38.31090560115754,38.31090560115754,100.0
920,1,15.517133858214418,15.517133858214418,100.0
920,2,46.17196054062803,46.17196054062803,100.0
930,0,21.07414168308711,21.07414168308711,100.0
930,1,14.300360778021753,14.300360778021753,100.0
930,2,64.62549753889114,64.62549753889114,100.0
940,0,28.232616708415026,28.232616708415026,100.0
940,1,43.212437844164754,43.212437844164754,100.0
940,2,28.55494544742022,28.55494544742022,100.0
950,0,16.555284366654945,16.555284366654945,100.0
950,1,41.87663235509142,41.87663235509142,100.0
950,2,41.568083278253646,41.568083278253646,100.0
960,0,16.600356423884385,16.600356423884385,100.0
960,1,20.996935469265498,20.996935469265498,100.0
960,2,62.40270810685011,62.40270810685011,100.0
970,0,58.3409433294802,58.3409433294802,100.0
970,1,16.317405350106828,16.317405350106828,100.0
970,2,25.34165132041297,25.34165132041297,100.0
980,0,25.994716878154318,25.994716878154318,100.0
980,1,33.55858329895752,33.55858329895752,100.0
980,2,40.44669982288817,40.44669982288817,100.0
990,0,11.024924352087924,11.024924352087924,100.0
990,1,13.302550032009892,13.302550032009892,100.0
990,2,75.67252561590219,75.67252561590219,100.0
1000,0,39.0297001233973,39.0297001233973,100.0
1000,1,16.331195471600086,16.331195471600086,100.0
1000,2,44.63910440500263,44.63910440500263,100.0
1010,0,34.9693101214428,34.9693101214428,100.0
1010,1,33.68235692809164,33.68235692809164,100.0
1010,2,31.348332950465558,31.348332950465558,100.0
1020,0,38.540956060438894,38.540956060438894,100.0
1020,1,44.945239271075096,44.945239271075096,100.0
1020,2,16.513804668486,16.513804668486,100.0
1030,0,73.27280937622773,73.27280937622773,100.0
1030,1,14.61032630310641,14.61032630310641,100.0
1030,2,12.11686432066586,12.11686432066586,100.0
1040,0,56.98034236934859,56.98034236934859,100.0
1040,1,16.375632302696626,16.375632302696626,100.0
1040,2,26.64402532795478,26.64402532795478,100.0
1050,0,14.127159648789114,14.127159648789114,100.0
1050,1,11.519125540031922,11.519125540031922,100.0
1050,2,74.35371481117896,74.35371481117896,100.0
1060,0,63.078708207505905,63.078708207505905,100.0
1060,1,15.76837991967705,15.76837991967705,100.0
1060,2,21.152911872817036,21.152911872817036,100.0
1070,0,21.068439833722753,21.068439833722753,100.0
1070,1,42.92923892528009,42.92923892528009,100.0
1070,2,36.002321240997155,36.002321240997155,100.0
1080,0,37.82015608664668,37.82015608664668,100.0
1080,1,39.20300799531834,39.20300799531834,100.0
1080,2,22.976835918034986,22.976835918034986,100.0
1090,0,60.56550747980789,60.56550747980789,100.0
1090,1,18.940384032239646,18.940384032239646,100.0
1090,2,20.494108487952467,20.494108487952467,100.0
1100,0,59.13788327670601,59.13788327670601,100.0
1100,1,20.383154402491307,20.383154402491307,100.0
1100,2,20.47896232080268,20.47896232080268,100.0
1110,0,11.700914522252921,11.700914522252921,100.0
1110,1,11.420288444415517,11.420288444415517,100.0
1110,2,76.87879703333157,76.87879703333157,100.0
1120,0,10.48350294959296,10.48350294959296,100.0
1120,1,37.2617299561681,37.2617299561681,100.0
1120,2,52.25476709423895,52.25476709423895,100.0
1130,0,25.899558407966172,25.899558407966172,100.0
1130,1,48.853208701503256,48.853208701503256,100.0
1130,2,25.247232890530576,25.247232890530576,100.0
1140,0,26.651736989148212,26.651736989148212,100.0
1140,1,58.229541554030796,58.229541554030796,100.0
1140,2,15.118721456821,15.118721456821,100.0
1150,0,60.05126211266902,60.05126211266902,100.0
1150,1,22.969369237439793,22.969369237439793,100.0
1150,2,16.97936864989119,16.97936864989119,100.0
1160,0,39.157234568716696,39.157234568716696,100.0
1160,1,37.57241453323323,37.57241453323323,100.0
1160,2,23.27035089805008,23.27035089805008,100.0
1170,0,12.639418274917185,12.639418274917185,100.0
1170,1,14.720914793966966,14.720914793966966,100.0
1170,2,72.63966693111585,72.63966693111585,100.0
1180,0,61.69544517208648,61.69544517208648,100.0
1180,1,18.519873939276764,18.519873939276764,100.0
1180,2,19.78468088863676,19.78468088863676,100.0
1190,0,40.14941212061173,40.14941212061173,100.0
1190,1,45.23231311463605,45.23231311463605,100.0
1190,2,14.61827476475222,14.61827476475222,100.0
1200,0,70.91829300542265,70.91829300542265,100.0
1200,1,14.899768283593176,14.899768283593176,100.0
1200,2,14.181938710984179,14.181938710984179,100.0
1210,0,17.24949904700997,17.24949904700997,100.0
1210,1,30.782744072093614,30.782744072093614,100.0
1210,2,51.967756880896424,51.967756880896424,100.0
1220,0,38.719577277834574,38.719577277834574,100.0
1220,1,10.64835116741421,10.64835116741421,100.0
1220,2,50.632071554751214,50.632071554751214,100.0
1230,0,15.436683122136866,15.436683122136866,100.0
1230,1,16.050492267744225,16.050492267744225,100.0
1230,2,68.51282461011891,68.51282461011891,100.0
1240,0,57.16352220008063,57.16352220008063,100.0
1240,1,13.844112051162336,13.844112051162336,100.0
1240,2,28.99236574875704,28.99236574875704,100.0
1250,0,54.73905533809926,54.73905533809926,100.0
1250,1,14.376053111869835,14.376053111869835,100.0
1250,2,30.8848915500309,30.8848915500309,100.0
1260,0,43.86685638467903,43.86685638467903,100.0
1260,1,21.985381272869986,21.985381272869986,100.0
1260,2,34.147762342450974,34.147762342450974,100.0
1270,0,37.73971249760379,37.73971249760379,100.0
1270,1,10.40183787427003,10.40183787427003,100.0
1270,2,51.85844962812618,51.85844962812618,100.0
1280,0,40.312161499196634,40.312161499196634,100.0
1280,1,18.746273721532717,18.746273721532717,100.0
1280,2,40.94156477927065,40.94156477927065,100.0
1290,0,17.74978380878003,17.74978380878003,100.0
1290,1,14.40011502440061,14.40011502440061,100.0
1290,2,67.85010116681936,67.85010116681936,100.0
1300,0,73.82328364120148,73.82328364120148,100.0
1300,1,11.39726531974407,11.39726531974407,100.0
1300,2,14.77945103905445,14.77945103905445,100.0
1310,0,16.92795994204746,16.92795994204746,100.0
1310,1,20.921869108093777,20.921869108093777,100.0
1310,2,62.150170949858776,62.150170949858776,100.0
1320,0,35.79376860118196,35.79376860118196,100.0
1320,1,18.698936030268857,18.698936030268857,100.0
1320,2,45.50729536854918,45.50729536854918,100.0
1330,0,14.028402884818899,14.028402884818899,100.0
1330,1,50.66242265263294,50.66242265263294,100.0
1330,2,35.30917446254815,35.30917446254815,100.0
1340,0,69.81907444386054,69.81907444386054,100.0
1340,1,12.779295828494686,12.779295828494686,100.0
1340,2,17.401629727644785,17.401629727644785,100.0
1350,0,11.288857748833877,11.288857748833877,100.0
1350,1,13.345000431861601,13.345000431861601,100.0
1350,2,75.36614181930452,75.36614181930452,100.0
1360,0,57.53090112268225,57.53090112268225,100.0
1360,1,29.5171513883123,29.5171513883123,100.0
1360,2,12.951947489005445,12.951947489005445,100.0
1370,0,51.30240486393999,51.30240486393999,100.0
1370,1,27.256067886987488,27.256067886987488,100.0
1370,2,21.44152724907252,21.44152724907252,100.0
1380,0,38.10583273037601,38.10583273037601,100.0
1380,1,9.461167142164252,9.461167142164252,100.0
1380,2,52.43300012745974,52.43300012745974,100.0
1390,0,37.80718283680784,37.80718283680784,100.0
1390,1,21.173835666490998,21.173835666490998,100.0
1390,2,41.01898149670116,41.01898149670116,100.0
1400,0,29.32178506234171,29.32178506234171,100.0
1400,1,25.396691059460863,25.396691059460863,100.0
1400,2,45.28152387819742,45.28152387819742,100.0
1410,0,21.903532539339487,21.903532539339487,100.0
1410,1,37.03533745621381,37.03533745621381,100.0
1410,2,41.0611300044467,41.0611300044467,100.0
1420,0,69.10543387226096,69.10543387226096,100.0
1420,1,10.108968196911896,10.108968196911896,100.0
1420,2,20.78559793082715,20.78559793082715,100.0
1430,0,55.437037799133016,55.437037799133016,100.0
1430,1,15.980641470300377,15.980641470300377,100.0
1430,2,28.582320730566607,28.582320730566607,100.0
1440,0,33.351874559258704,33.351874559258704,100.0
1440,1,33.3464578990825,33.3464578990825,100.0
1440,2,33.301667541658794,33.301667541658794,100.0
1450,0,36.34546931597136,36.34546931597136,100.0
1450,1,15.692427759904213,15.692427759904213,100.0
1450,2,47.96210292412442,47.96210292412442,100.0
1460,0,45.16040576560863,45.16040576560863,100.0
1460,1,9.256610347856348,9.256610347856348,100.0
1460,2,45.582983886535025,45.582983886535025,100.0
1470,0,14.449228407882023,14.449228407882023,100.0
1470,1,11.97646085991432,11.97646085991432,100.0
1470,2,73.57431073220366,73.57431073220366,100.0
1480,0,18.11902463273241,18.11902463273241,100.0
1480,1,39.59619029284189,39.59619029284189,100.0
1480,2,42.284785074425706,42.284785074425706,100.0
1490,0,21.591231916583066,21.591231916583066,100.0
1490,1,58.70248854755319,58.70248854755319,100.0
1490,2,19.70627953586375,19.70627953586375,100.0
1500,0,34.63118230584914,34.63118230584914,100.0
1500,1,10.25560492143444,10.25560492143444,100.0
1500,2,55.113212772716416,55.113212772716416,100.0
1510,0,60.9845593855351,60.9845593855351,100.0
1510,1,20.668731782442894,20.668731782442894,100.0
1510,2,18.346708832022014,18.346708832022014,100.0
1520,0,73.90998417363595,73.90998417363595,100.0
1520,1,13.977602667482412,13.977602667482412,100.0
1520,2,12.112413158881635,12.112413158881635,100.0
1530,0,15.008329592047986,15.008329592047986,100.0
1530,1,16.2884553653882,16.2884553653882,100.0
1530,2,68.70321504256381,68.70321504256381,100.0
1540,0,39.35894504079312,39.35894504079312,100.0
1540,1,18.156489923095023,18.156489923095023,100.0
1540,2,42.48456503611187,42.48456503611187,100.0
1550,0,18.949624531913745,18.949624531913745,100.0
1550,1,11.3283031957291,11.3283031957291,100.0
1550,2,69.72207227235717,69.72207227235717,100.0
1560,0,42.3951019206308,42.3951019206308,100.0
1560,1,27.752685394726374,27.752685394726374,100.0
1560,2,29.852212684642836,29.852212684642836,100.0
1570,0,16.743072908034286,16.743072908034286,100.0
1570,1,33.662242127859926,33.662242127859926,100.0
1570,2,49.59468496410579,49.59468496410579,100.0
1580,0,25.09908628919526,25.09908628919526,100.0
1580,1,22.157117453380575,22.157117453380575,100.0
1580,2,52.74379625742416,52.74379625742416,100.0
1590,0,13.127647061998832,13.127647061998832,100.0
1590,1,17.373134236059006,17.373134236059006,100.0
1590,2,69.49921870194217,69.49921870194217,100.0
1600,0,21.797940748096238,21.797940748096238,100.0
1600,1,24.348542444583018,24.348542444583018,100.0
1600,2,53.853516807320744,53.853516807320744,100.0
1610,0,24.4753116418775,24.4753116418775,100.0
1610,1,30.21707934054537,30.21707934054537,100.0
1610,2,45.307609017577136,45.307609017577136,100.0
1620,0,38.73988248525487,38.73988248525487,100.0
1620,1,26.02275959730072,26.02275959730072,100.0
1620,2,35.23735791744442,35.23735791744442,100.0
1630,0,22.673640578580418,22.673640578580418,100.0
1630,1,62.64407784937218,62.64407784937218,100.0
1630,2,14.682281572047403,14.682281572047403,100.0
1640,0,35.870904946119545,35.870904946119545,100.0
1640,1,15.260436876620897,15.260436876620897,100.0
1640,2,48.86865817725957,48.86865817725957,100.0
1650,0,8.448006797831784,8.448006797831784,100.0
1650,1,41.0134571401865,41.0134571401865,100.0
1650,2,50.53853606198171,50.53853606198171,100.0
1660,0,56.02016757543351,56.02016757543351,100.0
1660,1,18.811601004446192,18.811601004446192,100.0
1660,2,25.168231420120296,25.168231420120296,100.0
1670,0,48.586303801738794,48.586303801738794,100.0
1670,1,16.26300217268644,16.26300217268644,100.0
1670,2,35.15069402557476,35.15069402557476,100.0
1680,0,59.60166951260899,59.60166951260899,100.0
1680,1,10.206177016635818,10.206177016635818,100.0
1680,2,30.19215347075519,30.19215347075519,100.0
1690,0,37.63741726948419,37.63741726948419,100.0
1690,1,38.88088001750993,38.88088001750993,100.0
1690,2,23.48170271300588,23.48170271300588,100.0
1700,0,61.86518354462375,61.86518354462375,100.0
1700,1,23.664550911133432,23.664550911133432,100.0
1700,2,14.470265544242825,14.470265544242825,100.0
1710,0,21.657582612897073,21.657582612897073,100.0
1710,1,10.897773011187223,10.897773011187223,100.0
1710,2,67.4446443759157,67.4446443759157,100.0
1720,0,34.966406710673134,34.966406710673134,100.0
1720,1,42.322747931776256,42.322747931776256,100.0
1720,2,22.710845357550614,22.710845357550614,100.0
1730,0,65.30710709007714,65.30710709007714,100.0
1730,1,19.18837882080014,19.18837882080014,100.0
1730,2,15.504514089122729,15.504514089122729,100.0
1740,0,32.32200869784238,32.32200869784238,100.0
1740,1,23.160994148214908,23.160994148214908,100.0
1740,2,44.5169971539427,44.5169971539427,100.0
1750,0,57.78927890233957,57.78927890233957,100.0
1750,1,11.5420070987238,11.5420070987238,100.0
1750,2,30.668713998936635,30.668713998936635,100.0
1760,0,20.32974283349783,20.32974283349783,100.0
1760,1,17.204819168532044,17.204819168532044,100.0
1760,2,62.46543799797014,62.46543799797014,100.0
1770,0,16.558978161106758,16.558978161106758,100.0
1770,1,14.1575708977728,14.1575708977728,100.0
1770,2,69.28345094112044,69.28345094112044,100.0
1780,0,29.846587402837493,29.846587402837493,100.0
1780,1,30.613615027388807,30.613615027388807,100.0
1780,2,39.53979756977369,39.53979756977369,100.0
1790,0,18.054006587256303,18.054006587256303,100.0
1790,1,13.568775058707283,13.568775058707283,100.0
1790,2,68.37721835403642,68.37721835403642,100.0
1800,0,28.746987318227486,28.746987318227486,100.0
1800,1,31.102274780213072,31.102274780213072,100.0
1800,2,40.150737901559445,40.150737901559445,100.0
1810,0,48.268068943892814,48.268068943892814,100.0
1810,1,38.22388064162183,38.22388064162183,100.0
1810,2,13.508050414485353,13.508050414485353,100.0
1820,0,10.889552843236606,10.889552843236606,100.0
1820,1,56.735085118729,56.735085118729,100.0
1820,2,32.375362038034396,32.375362038034396,100.0
1830,0,24.655428265078523,24.655428265078523,100.0
1830,1,40.767801628499484,40.767801628499484,100.0
1830,2,34.576770106422,34.576770106422,100.0
1840,0,53.591592853228306,53.591592853228306,100.0
1840,1,28.848746148459654,28.848746148459654,100.0
1840,2,17.559660998312044,17.559660998312044,100.0
1850,0,68.64581669196168,68.64581669196168,100.0
1850,1,12.156312807767247,12.156312807767247,100.0
1850,2,19.197870500271076,19.197870500271076,100.0
1860,0,42.51568733347151,42.51568733347151,100.0
1860,1,47.40280200513408,47.40280200513408,100.0
1860,2,10.081510661394413,10.081510661394413,100.0
1870,0,61.8903490978973,61.8903490978973,100.0
1870,1,9.128985060182563,9.128985060182563,100.0
1870,2,28.980665841920132,28.980665841920132,100.0
1880,0,35.26963388882066,35.26963388882066,100.0
1880,1,11.843888529724643,11.843888529724643,100.0
1880,2,52.88647758145469,52.88647758145469,100.0
1890,0,14.325983933790502,14.325983933790502,100.0
1890,1,17.152117310142305,17.152117310142305,100.0
1890,2,68.52189875606719,68.52189875606719,100.0
1900,0,64.32282477735062,64.32282477735062,100.0
1900,1,9.569898760079056,9.569898760079056,100.0
1900,2,26.10727646257033,26.10727646257033,100.0
1910,0,64.51533099561645,64.51533099561645,100.0
1910,1,15.838953498569474,15.838953498569474,100.0
1910,2,19.645715505814085,19.645715505814085,100.0
1920,0,64.98783462399436,64.98783462399436,100.0
1920,1,11.592575648161601,11.592575648161601,100.0
1920,2,23.419589727844045,23.419589727844045,100.0
1930,0,38.79164159046005,38.79164159046005,100.0
1930,1,14.449494043260058,14.449494043260058,100.0
1930,2,46.758864366279894,46.758864366279894,100.0
1940,0,42.26420646068677,42.26420646068677,100.0
1940,1,9.627500080135105,9.627500080135105,100.0
1940,2,48.10829345917812,48.10829345917812,100.0
1950,0,13.100121525307248,13.100121525307248,100.0
1950,1,13.220645243519261,13.220645243519261,100.0
1950,2,73.6792332311735,73.6792332311735,100.0
1960,0,17.063073589860117,17.063073589860117,100.0
1960,1,56.861320204836204,56.861320204836204,100.0
1960,2,26.075606205303664,26.075606205303664,100.0
1970,0,41.06657561282551,41.06657561282551,100.0
1970,1,28.64223940040267,28.64223940040267,100.0
1970,2,30.291184986771828,30.291184986771828,100.0
1980,0,21.47679785606668,21.47679785606668,100.0
1980,1,49.6076223865792,49.6076223865792,100.0
1980,2,28.915579757354127,28.915579757354127,100.0
1990,0,50.71974012674514,50.71974012674514,100.0
1990,1,29.141954331360864,29.141954331360864,100.0
1990,2,20.13830554189401,20.13830554189401,100.0
2000,0,23.439933121415024,23.439933121415024,100.0
2000,1,56.456739136367005,56.456739136367005,100.0
2000,2,20.103327742217967,20.103327742217967,100.0
2010,0,9.655182256881012,9.655182256881012,100.0
2010,1,45.180646530501875,45.180646530501875,100.0
2010,2,45.16417121261713,45.16417121261713,100.0
2020,0,39.53847816727594,39.53847816727594,100.0
2020,1,38.22806259823028,38.22806259823028,100.0
2020,2,22.233459234493782,22.233459234493782,100.0
2030,0,30.276962177030292,30.276962177030292,100.0
2030,1,19.271902085855075,19.271902085855075,100.0
2030,2,50.45113573711464,50.45113573711464,100.0
2040,0,38.26294334360407,38.26294334360407,100.0
2040,1,16.35366969368243,16.35366969368243,100.0
2040,2,45.383386962713494,45.383386962713494,100.0
2050,0,40.42289120178138,40.42289120178138,100.0
2050,1,8.559949538535559,8.559949538535559,100.0
2050,2,51.017159259683055,51.017159259683055,100.0
2060,0,24.90196284807768,24.90196284807768,100.0
2060,1,58.42492275610185,58.42492275610185,100.0
2060,2,16.673114395820477,16.673114395820477,100.0
2070,0,15.635470267612398,15.635470267612398,100.0
2070,1,39.135110612609594,39.135110612609594,100.0
2070,2,45.22941911977802,45.22941911977802,100.0
2080,0,45.37604530208755,45.37604530208755,100.0
2080,1,28.212890889599123,28.212890889599123,100.0
2080,2,26.41106380831333,26.41106380831333,100.0
2090,0,20.36756316371589,20.36756316371589,100.0
2090,1,35.988143208434195,35.988143208434195,100.0
2090,2,43.64429362784991,43.64429362784991,100.0
2100,0,14.468830798077292,14.468830798077292,100.0
2100,1,16.37839375453567,16.37839375453567,100.0
2100,2,69.15277544738704,69.15277544738704,100.0
2110,0,41.686984592200204,41.686984592200204,100.0
2110,1,22.758306104477246,22.758306104477246,100.0
2110,2,35.554709303322554,35.554709303322554,100.0
2120,0,51.66998853781539,51.66998853781539,100.0
2120,1,18.174380052942603,18.174380052942603,100.0
2120,2,30.155631409242012,30.155631409242012,100.0
2130,0,11.213525566564027,11.213525566564027,100.0
2130,1,11.178050146788307,11.178050146788307,100.0
2130,2,77.60842428664768,77.60842428664768,100.0
2140,0,18.898825992181433,18.898825992181433,100.0
2140,1,52.16948157818679,52.16948157818679,100.0
2140,2,28.931692429631774,28.931692429631774,100.0
2150,0,25.449071843281533,25.449071843281533,100.0
2150,1,20.706937898192503,20.706937898192503,100.0
2150,2,53.84399025852596,53.84399025852596,100.0
2160,0,46.56683479515797,46.56683479515797,100.0
2160,1,10.412185231868772,10.412185231868772,100.0
2160,2,43.02097997297326,43.02097997297326,100.0
2170,0,50.297696343352996,50.297696343352996,100.0
2170,1,41.69713394134126,41.69713394134126,100.0
2170,2,8.005169715305748,8.005169715305748,100.0
2180,0,52.42603867532951,52.42603867532951,100.0
2180,1,39.15850625128211,39.15850625128211,100.0
2180,2,8.415455073388383,8.415455073388383,100.0
2190,0,13.942470444975868,13.942470444975868,100.0
2190,1,10.936467378349572,10.936467378349572,100.0
2190,2,75.12106217667457,75.12106217667457,100.0
2200,0,55.52541796851207,55.52541796851207,100.0
2200,1,11.086399908146676,11.086399908146676,100.0
2200,2,33.38818212334125,33.38818212334125,100.0
2210,0,31.858648557998464,31.858648557998464,100.0
2210,1,25.346178692476517,25.346178692476517,100.0
2210,2,42.79517274952503,42.79517274952503,100.0
2220,0,46.268061023031414,46.268061023031414,100.0
2220,1,19.007978445299432,19.007978445299432,100.0
2220,2,34.72396053166916,34.72396053166916,100.0
2230,0,18.76651191045131,18.76651191045131,100.0
2230,1,38.68313206375349,38.68313206375349,100.0
2230,2,42.5503560257952,42.5503560257952,100.0
2240,0,29.589163054100993,29.589163054100993,100.0
2240,1,29.223075338538436,29.223075338538436,100.0
2240,2,41.18776160736057,41.18776160736057,100.0
2250,0,33.97366944582977,33.97366944582977,100.0
2250,1,8.140605373227263,8.140605373227263,100.0
2250,2,57.88572518094296,57.88572518094296,100.0
2260,0,31.94200040802298,31.94200040802298,100.0
2260,1,33.744653838473035,33.744653838473035,100.0
2260,2,34.31334575350399,34.31334575350399,100.0
2270,0,33.069669758176765,33.069669758176765,100.0
2270,1,32.77894255146967,32.77894255146967,100.0
2270,2,34.15138769035357,34.15138769035357,100.0
2280,0,67.35110517636151,67.35110517636151,100.0
2280,1,14.93155687682014,14.93155687682014,100.0
2280,2,17.717337946818347,17.717337946818347,100.0
2290,0,25.803852734275807,25.803852734275807,100.0
2290,1,43.5775943583171,43.5775943583171,100.0
2290,2,30.6185529074071,30.6185529074071,100.0
2300,0,19.295894834401057,19.295894834401057,100.0
2300,1,29.740646196903963,29.740646196903963,100.0
2300,2,50.96345896869497,50.96345896869497,100.0
2310,0,38.89800255489372,38.89800255489372,100.0
2310,1,22.692207297804316,22.692207297804316,100.0
2310,2,38.40979014730196,38.40979014730196,100.0
2320,0,53.42600256628831,53.42600256628831,100.0
2320,1,36.975956720831356,36.975956720831356,100.0
2320,2,9.59804071288033,9.59804071288033,100.0
2330,0,32.3404659351547,32.3404659351547,100.0
2330,1,27.758692661598754,27.758692661598754,100.0
2330,2,39.900841403246545,39.900841403246545,100.0
2340,0,64.28053556359849,64.28053556359849,100.0
2340,1,24.59935055624715,24.59935055624715,100.0
2340,2,11.120113880154369,11.120113880154369,100.0
2350,0,35.80977007082507,35.80977007082507,100.0
2350,1,32.600395942607854,32.600395942607854,100.0
2350,2,31.589833986567072,31.589833986567072,100.0
2360,0,62.242584026165694,62.242584026165694,100.0
2360,1,12.220360451410562,12.220360451410562,100.0
2360,2,25.537055522423746,25.537055522423746,100.0
2370,0,13.179499879394363,13.179499879394363,100.0
2370,1,20.80825834941012,20.80825834941012,100.0
2370,2,66.0122417711955,66.0122417711955,100.0
2380,0,18.47714142845493,18.47714142845493,100.0
2380,1,64.16047835305623,64.16047835305623,100.0
2380,2,17.362380218488827,17.362380218488827,100.0
2390,0,63.79063241088295,63.79063241088295,100.0
2390,1,16.82991953708394,16.82991953708394,100.0
2390,2,19.37944805203311,19.37944805203311,100.0
2400,0,52.97972537564998,52.97972537564998,100.0
2400,1,15.738092453746374,15.738092453746374,100.0
2400,2,31.28218217060365,31.28218217060365,100.0
2410,0,11.974032017637825,11.974032017637825,100.0
2410,1,36.40680807543099,36.40680807543099,100.0
2410,2,51.61915990693119,51.61915990693119,100.0
2420,0,35.83767964058688,35.83767964058688,100.0
2420,1,17.0327888084653,17.0327888084653,100.0
2420,2,47.12953155094783,47.12953155094783,100.0
2430,0,12.596675215902012,12.596675215902012,100.0
2430,1,10.944964555625967,10.944964555625967,100.0
2430,2,76.45836022847202,76.45836022847202,100.0
2440,0,33.58408293915367,33.58408293915367,100.0
2440,1,53.39753411676682,53.39753411676682,100.0
2440,2,13.018382944079521,13.018382944079521,100.0
2450,0,42.0671251812915,42.0671251812915,100.0
2450,1,14.011828463692607,14.011828463692607,100.0
2450,2,43.92104635501589,43.92104635501589,100.0
2460,0,67.15834256201353,67.15834256201353,100.0
2460,1,13.872202433374683,13.872202433374683,100.0
2460,2,18.969455004611792,18.969455004611792,100.0
2470,0,48.99596354507025,48.99596354507025,100.0
2470,1,35.88940336108715,35.88940336108715,100.0
2470,2,15.114633093842606,15.114633093842606,100.0
2480,0,30.104876948541516,30.104876948541516,100.0
2480,1,27.37139299678818,27.37139299678818,100.0
2480,2,42.52373005467032,42.52373005467032,100.0
2490,0,9.46999521393883,9.46999521393883,100.0
2490,1,27.866141050490224,27.866141050490224,100.0
2490,2,62.663863735570956,62.663863735570956,100.0
2500,0,63.97801508777551,63.97801508777551,100.0
2500,1,18.341606609543323,18.341606609543323,100.0
2500,2,17.68037830268117,17.68037830268117,100.0
2510,0,13.857120113332586,13.857120113332586,100.0
2510,1,73.47268257570272,73.47268257570272,100.0
2510,2,12.670197310964696,12.670197310964696,100.0
2520,0,33.483167872233636,33.483167872233636,100.0
2520,1,11.246070626638422,11.246070626638422,100.0
2520,2,55.27076150112794,55.27076150112794,100.0
2530,0,35.518842158748896,35.518842158748896,100.0
2530,1,32.77384297241074,32.77384297241074,100.0
2530,2,31.70731486884037,31.70731486884037,100.0
2540,0,63.580883211832564,63.580883211832564,100.0
2540,1,10.259071556217613,10.259071556217613,100.0
2540,2,26.160045231949823,26.160045231949823,100.0
2550,0,25.489998045155044,25.489998045155044,100.0
2550,1,9.801788085143741,9.801788085143741,100.0
2550,2,64.70821386970121,64.70821386970121,100.0
2560,0,28.447311280059257,28.447311280059257,100.0
2560,1,49.05757045951487,49.05757045951487,100.0
2560,2,22.495118260425862,22.495118260425862,100.0
2570,0,63.58619714397654,63.58619714397654,100.0
2570,1,16.366729330367075,16.366729330367075,100.0
2570,2,20.047073525656383,20.047073525656383,100.0
2580,0,40.6799547447616,40.6799547447616,100.0
2580,1,8.12796401297167,8.12796401297167,100.0
2580,2,51.19208124226673,51.19208124226673,100.0
2590,0,54.09633948168754,54.09633948168754,100.0
2590,1,14.384633948252654,14.384633948252654,100.0
2590,2,31.519026570059804,31.519026570059804,100.0
2600,0,25.385206057604016,25.385206057604016,100.0
2600,1,44.811882542017955,44.811882542017955,100.0
2600,2,29.802911400378022,29.802911400378022,100.0
2610,0,16.460692627330026,16.460692627330026,100.0
2610,1,13.765615554871074,13.765615554871074,100.0
2610,2,69.7736918177989,69.7736918177989,100.0
2620,0,32.62100582840547,32.62100582840547,100.0
2620,1,42.92335918499993,42.92335918499993,100.0
2620,2,24.455634986594585,24.455634986594585,100.0
2630,0,68.9183856735238,68.9183856735238,100.0
2630,1,14.447384698264102,14.447384698264102,100.0
2630,2,16.634229628212093,16.634229628212093,100.0
2640,0,45.983390260757076,45.983390260757076,100.0
2640,1,31.18476428917728,31.18476428917728,100.0
2640,2,22.831845450065654,22.831845450065654,100.0
2650,0,23.677356767185177,23.677356767185177,100.0
2650,1,18.91608679467024,18.91608679467024,100.0
2650,2,57.4065564381446,57.4065564381446,100.0
2660,0,32.74862937539925,32.74862937539925,100.0
2660,1,33.23735566483904,33.23735566483904,100.0
2660,2,34.01401495976172,34.01401495976172,100.0
2670,0,12.5052350240757,12.5052350240757,100.0
2670,1,12.247971094081779,12.247971094081779,100.0
2670,2,75.24679388184252,75.24679388184252,100.0
2680,0,16.187362780298,16.187362780298,100.0
2680,1,45.666887235394896,45.666887235394896,100.0
2680,2,38.1457499843071,38.1457499843071,100.0
2690,0,71.15818533808724,71.15818533808724,100.0
2690,1,17.825607805395176,17.825607805395176,100.0
2690,2,11.016206856517595,11.016206856517595,100.0
2700,0,37.306342994758445,37.306342994758445,100.0
2700,1,24.87306042445428,24.87306042445428,100.0
2700,2,37.82059658078728,37.82059658078728,100.0
2710,0,46.795829968370974,46.795829968370974,100.0
2710,1,8.331548818096648,8.331548818096648,100.0
2710,2,44.87262121353238,44.87262121353238,100.0
2720,0,37.70134224439684,37.70134224439684,100.0
2720,1,31.371871806216422,31.371871806216422,100.0
2720,2,30.926785949386744,30.926785949386744,100.0
2730,0,11.68848591033449,11.68848591033449,100.0
2730,1,12.306187482747086,12.306187482747086,100.0
2730,2,76.00532660691842,76.00532660691842,100.0
2740,0,40.90474464169657,40.90474464169657,100.0
2740,1,22.61616855395739,22.61616855395739,100.0
2740,2,36.479086804346046,36.479086804346046,100.0
2750,0,35.55288492423447,35.55288492423447,100.0
2750,1,13.542164637579578,13.542164637579578,100.0
2750,2,50.904950438185956,50.904950438185956,100.0
2760,0,39.64958759031303,39.64958759031303,100.0
2760,1,20.83551305810286,20.83551305810286,100.0
2760,2,39.51489935158411,39.51489935158411,100.0
2770,0,26.80150594993691,26.80150594993691,100.0
2770,1,30.745911304735902,30.745911304735902,100.0
2770,2,42.45258274532718,42.45258274532718,100.0
2780,0,22.116194855277982,22.116194855277982,100.0
2780,1,24.69080255382149,24.69080255382149,100.0
2780,2,53.19300259090053,53.19300259090053,100.0
2790,0,14.29005651136809,14.29005651136809,100.0
2790,1,12.097120804902032,12.097120804902032,100.0
2790,2,73.61282268372989,73.61282268372989,100.0
2800,0,38.75333554781059,38.75333554781059,100.0
2800,1,10.109065422704168,10.109065422704168,100.0
2800,2,51.137599029485244,51.137599029485244,100.0
2810,0,27.491912100871897,27.491912100871897,100.0
2810,1,16.288079304829445,16.288079304829445,100.0
2810,2,56.22000859429866,56.22000859429866,100.0
2820,0,38.67392895731602,38.67392895731602,100.0
2820,1,9.290538768830494,9.290538768830494,100.0
2820,2,52.03553227385348,52.03553227385348,100.0
2830,0,44.88641978556372,44.88641978556372,100.0
2830,1,31.054088942380687,31.054088942380687,100.0
2830,2,24.059491272055602,24.059491272055602,100.0
2840,0,51.9347835994195,51.9347835994195,100.0
2840,1,13.343948023882254,13.343948023882254,100.0
2840,2,34.72126837669826,34.72126837669826,100.0
2850,0,12.817863113982819,12.817863113982819,100.0
2850,1,14.948968899176746,14.948968899176746,100.0
2850,2,72.23316798684044,72.23316798684044,100.0
2860,0,16.674910763813987,16.674910763813987,100.0
2860,1,34.95305662977134,34.95305662977134,100.0
2860,2,48.37203260641466,48.37203260641466,100.0
2870,0,59.98624144558787,59.98624144558787,100.0
2870,1,14.89598000389373,14.89598000389373,100.0
2870,2,25.117778550518405,25.117778550518405,100.0
2880,0,29.04932973993073,29.04932973993073,100.0
2880,1,30.39987890062217,30.39987890062217,100.0
2880,2,40.550791359447096,40.550791359447096,100.0
2890,0,25.71045141594663,25.71045141594663,100.0
2890,1,25.0499135520357,25.0499135520357,100.0
2890,2,49.23963503201767,49.23963503201767,100.0
2900,0,56.08326665629249,56.08326665629249,100.0
2900,1,21.834406967720426,21.834406967720426,100.0
2900,2,22.082326375987094,22.082326375987094,100.0
2910,0,12.952175523041445,12.952175523041445,100.0
2910,1,13.782442928387958,13.782442928387958,100.0
2910,2,73.2653815485706,73.2653815485706,100.0
2920,0,37.911396373207324,37.911396373207324,100.0
2920,1,38.49970439161948,38.49970439161948,100.0
2920,2,23.5888992351732,23.5888992351732,100.0
2930,0,43.695680331473646,43.695680331473646,100.0
2930,1,10.07427067790607,10.07427067790607,100.0
2930,2,46.23004899062028,46.23004899062028,100.0
2940,0,73.9327830366392,73.9327830366392,100.0
2940,1,12.698866716100673,12.698866716100673,100.0
2940,2,13.368350247260134,13.368350247260134,100.0
2950,0,25.005315829164832,25.005315829164832,100.0
2950,1,47.770398660018145,47.770398660018145,100.0
2950,2,27.22428551081702,27.22428551081702,100.0
2960,0,36.098511352550645,36.098511352550645,100.0
2960,1,51.593345718901915,51.593345718901915,100.0
2960,2,12.308142928547447,12.308142928547447,100.0
2970,0,33.819829698923314,33.819829698923314,100.0
2970,1,29.13422054091135,29.13422054091135,100.0
2970,2,37.04594976016535,37.04594976016535,100.0
2980,0,30.078545001694522,30.078545001694522,100.0
2980,1,12.204043230277808,12.204043230277808,100.0
2980,2,57.717411768027674,57.717411768027674,100.0
2990,0,33.40176265432101,33.40176265432101,100.0
2990,1,31.003885106692486,31.003885106692486,100.0
2990,2,35.5943522389865,35.5943522389865,100.0
3000,0,40.91027259295398,40.91027259295398,100.0
3000,1,39.11577735598147,39.11577735598147,100.0
3000,2,19.973950051064534,19.973950051064534,100.0
3010,0,23.449138891815295,23.449138891815295,100.0
3010,1,50.375054765194605,50.375054765194605,100.0
3010,2,26.175806342990114,26.175806342990114,100.0
3020,0,32.69603872561132,32.69603872561132,100.0
3020,1,22.976583424645238,22.976583424645238,100.0
3020,2,44.32737784974344,44.32737784974344,100.0
3030,0,14.527155589939841,14.527155589939841,100.0
3030,1,23.903732773382966,23.903732773382966,100.0
3030,2,61.569111636677185,61.569111636677185,100.0
3040,0,26.52440954439303,26.52440954439303,100.0
3040,1,35.15749829355279,35.15749829355279,100.0
3040,2,38.31809216205418,38.31809216205418,100.0
3050,0,43.953351668698595,43.953351668698595,100.0
3050,1,10.625975688909769,10.625975688909769,100.0
3050,2,45.42067264239164,45.42067264239164,100.0
3060,0,67.6780802316163,67.6780802316163,100.0
3060,1,9.987839030619499,9.987839030619499,100.0
3060,2,22.33408073776419,22.33408073776419,100.0
3070,0,54.52026817407742,54.52026817407742,100.0
3070,1,22.072074757977404,22.072074757977404,100.0
3070,2,23.407657067945177,23.407657067945177,100.0
3080,0,61.96252069186017,61.96252069186017,100.0
3080,1,22.155281766569622,22.155281766569622,100.0
3080,2,15.882197541570214,15.882197541570214,100.0
3090,0,23.37923532106265,23.37923532106265,100.0
3090,1,21.185731137741353,21.185731137741353,100.0
3090,2,55.43503354119599,55.43503354119599,100.0
3100,0,50.48302374295363,50.48302374295363,100.0
3100,1,24.701656003284096,24.701656003284096,100.0
3100,2,24.815320253762287,24.815320253762287,100.0
3110,0,44.35546255283418,44.35546255283418,100.0
3110,1,31.68959697835859,31.68959697835859,100.0
3110,2,23.954940468807226,23.954940468807226,100.0
3120,0,42.49017961022265,42.49017961022265,100.0
3120,1,27.90632699838835,27.90632699838835,100.0
3120,2,29.603493391389,29.603493391389,100.0
3130,0,42.14701235664533,42.14701235664533,100.0
3130,1,47.601245734165595,47.601245734165595,100.0
3130,2,10.251741909189082,10.251741909189082,100.0
3140,0,55.576988281537595,55.576988281537595,100.0
3140,1,21.980142609559238,21.980142609559238,100.0
3140,2,22.44286910890317,22.44286910890317,100.0
3150,0,13.197023001452818,13.197023001452818,100.0
3150,1,13.82646024280312,13.82646024280312,100.0
3150,2,72.97651675574406,72.97651675574406,100.0
3160,0,26.500542717598847,26.500542717598847,100.0
3160,1,37.17401670944973,37.17401670944973,100.0
3160,2,36.32544057295143,36.32544057295143,100.0
3170,0,37.89956024547758,37.89956024547758,100.0
3170,1,45.79908084705215,45.79908084705215,100.0
3170,2,16.301358907470263,16.301358907470263,100.0
3180,0,34.776220559913696,34.776220559913696,100.0
3180,1,23.32907704894885,23.32907704894885,100.0
3180,2,41.894702391137464,41.894702391137464,100.0
3190,0,62.81247374065585,62.81247374065585,100.0
3190,1,15.376738648732523,15.376738648732523,100.0
3190,2,21.81078761061163,21.81078761061163,100.0
3200,0,30.12777256582376,30.12777256582376,100.0
3200,1,33.02638076802006,33.02638076802006,100.0
3200,2,36.845846666156184,36.845846666156184,100.0
3210,0,12.045295797857525,12.045295797857525,100.0
3210,1,35.5888321595765,35.5888321595765,100.0
3210,2,52.365872042565975,52.365872042565975,100.0
3220,0,46.20789307559028,46.20789307559028,100.0
3220,1,34.3952308286026,34.3952308286026,100.0
3220,2,19.396876095807112,19.396876095807112,100.0
3230,0,14.34956444795744,14.34956444795744,100.0
3230,1,72.87585080279307,72.87585080279307,100.0
3230,2,12.774584749249488,12.774584749249488,100.0
3240,0,14.072939382148478,14.072939382148478,100.0
3240,1,37.27048633899187,37.27048633899187,100.0
3240,2,48.65657427885965,48.65657427885965,100.0
3250,0,70.08573266279845,70.08573266279845,100.0
3250,1,14.617687141609945,14.617687141609945,100.0
3250,2,15.296580195591597,15.296580195591597,100.0
3260,0,50.442433848923315,50.442433848923315,100.0
3260,1,29.14157382054581,29.14157382054581,100.0
3260,2,20.415992330530884,20.415992330530884,100.0
3270,0,18.448161577534623,18.448161577534623,100.0
3270,1,12.798690070285737,12.798690070285737,100.0
3270,2,68.75314835217964,68.75314835217964,100.0
3280,0,53.09391390738873,53.09391390738873,100.0
3280,1,22.911866162254327,22.911866162254327,100.0
3280,2,23.994219930356937,23.994219930356937,100.0
3290,0,29.803334667634868,29.803334667634868,100.0
3290,1,54.21121707228343,54.21121707228343,100.0
3290,2,15.985448260081709,15.985448260081709,100.0
3300,0,38.286749446732536,38.286749446732536,100.0
3300,1,48.79470714487041,48.79470714487041,100.0
3300,2,12.918543408397051,12.918543408397051,100.0
3310,0,40.40971032996932,40.40971032996932,100.0
3310,1,37.56156595803425,37.56156595803425,100.0
3310,2,22.028723711996427,22.028723711996427,100.0
3320,0,23.941219089448225,23.941219089448225,100.0
3320,1,54.34917404906543,54.34917404906543,100.0
3320,2,21.709606861486346,21.709606861486346,100.0
3330,0,22.186719466116024,22.186719466116024,100.0
3330,1,46.37332548083108,46.37332548083108,100.0
3330,2,31.4399550530529,31.4399550530529,100.0
3340,0,16.126307906865637,16.126307906865637,100.0
3340,1,48.28274968708991,48.28274968708991,100.0
3340,2,35.59094240604447,35.59094240604447,100.0
3350,0,51.43935045270822,51.43935045270822,100.0
3350,1,35.713363522412436,35.713363522412436,100.0
3350,2,12.847286024879361,12.847286024879361,100.0
3360,0,61.91680446072269,61.91680446072269,100.0
3360,1,14.442076715338672,14.442076715338672,100.0
3360,2,23.641118823938655,23.641118823938655,100.0
3370,0,56.95930894572733,56.95930894572733,100.0
3370,1,25.280379973860228,25.280379973860228,100.0
3370,2,17.760311080412446,17.760311080412446,100.0
3380,0,39.92757553029362,39.92757553029362,100.0
3380,1,28.879623639376938,28.879623639376938,100.0
3380,2,31.192800830329443,31.192800830329443,100.0
3390,0,35.19220072287665,35.19220072287665,100.0
3390,1,24.404307923755283,24.404307923755283,100.0
3390,2,40.40349135336807,40.40349135336807,100.0
3400,0,33.09782397155263,33.09782397155263,100.0
3400,1,41.97555462266531,41.97555462266531,100.0
3400,2,24.926621405782072,24.926621405782072,100.0
3410,0,49.719444220076255,49.719444220076255,100.0
3410,1,32.02758903110296,32.02758903110296,100.0
3410,2,18.252966748820768,18.252966748820768,100.0
3420,0,11.136874990590291,11.136874990590291,100.0
3420,1,23.014900739177687,23.014900739177687,100.0
3420,2,65.84822427023201,65.84822427023201,100.0
3430,0,49.53848685200406,49.53848685200406,100.0
3430,1,14.76193577292391,14.76193577292391,100.0
3430,2,35.699577375072025,35.699577375072025,100.0
3440,0,21.093548944941723,21.093548944941723,100.0
3440,1,29.971331252650984,29.971331252650984,100.0
3440,2,48.93511980240729,48.93511980240729,100.0
3450,0,35.91029526609745,35.91029526609745,100.0
3450,1,35.53687415607694,35.53687415607694,100.0
3450,2,28.552830577825617,28.552830577825617,100.0
3460,0,66.69427523613774,66.69427523613774,100.0
3460,1,14.338293271681483,14.338293271681483,100.0
3460,2,18.967431492180786,18.967431492180786,100.0
3470,0,39.64330418729206,39.64330418729206,100.0
3470,1,13.762325025732444,13.762325025732444,100.0
3470,2,46.5943707869755,46.5943707869755,100.0
3480,0,11.42566748591582,11.42566748591582,100.0
3480,1,30.161536297974585,30.161536297974585,100.0
3480,2,58.4127962161096,58.4127962161096,100.0
3490,0,49.412026868014,49.412026868014,100.0
3490,1,17.972424344552582,17.972424344552582,100.0
3490,2,32.61554878743341,32.61554878743341,100.0
3500,0,52.012184719641716,52.012184719641716,100.0
3500,1,17.452874280296125,17.452874280296125,100.0
3500,2,30.534941000062165,30.534941000062165,100.0
3510,0,14.65184736785116,14.65184736785116,100.0
3510,1,16.90803475980405,16.90803475980405,100.0
3510,2,68.4401178723448,68.4401178723448,100.0
3520,0,23.956822451848982,23.956822451848982,100.0
3520,1,61.39920101111348,61.39920101111348,100.0
3520,2,14.643976537037547,14.643976537037547,100.0
3530,0,41.15720709574019,41.15720709574019,100.0
3530,1,13.309452608408526,13.309452608408526,100.0
3530,2,45.53334029585128,45.53334029585128,100.0
3540,0,35.758301800289544,35.758301800289544,100.0
3540,1,37.197917381774474,37.197917381774474,100.0
3540,2,27.043780817935993,27.043780817935993,100.0
3550,0,24.317250711713882,24.317250711713882,100.0
3550,1,28.416609901683593,28.416609901683593,100.0
3550,2,47.26613938660253,47.26613938660253,100.0
3560,0,35.79765299041119,35.79765299041119,100.0
3560,1,30.752063458537155,30.752063458537155,100.0
3560,2,33.45028355105166,33.45028355105166,100.0
3570,0,36.16638046987602,36.16638046987602,100.0
3570,1,13.62677272510937,13.62677272510937,100.0
3570,2,50.206846805014614,50.206846805014614,100.0
3580,0,23.107756477063973,23.107756477063973,100.0
3580,1,30.988524743464506,30.988524743464506,100.0
3580,2,45.90371877947151,45.90371877947151,100.0
3590,0,33.508854827146244,33.508854827146244,100.0
3590,1,45.85689007247451,45.85689007247451,100.0
3590,2,20.634255100379246,20.634255100379246,100.0
3600,0,51.43762993171993,51.43762993171993,100.0
3600,1,15.996034934597281,15.996034934597281,100.0
3600,2,32.56633513368279,32.56633513368279,100.0
3610,0,19.242983286864597,19.242983286864597,100.0
3610,1,17.976471066906335,17.976471066906335,100.0
3610,2,62.78054564622907,62.78054564622907,100.0
3620,0,16.56107420846906,16.56107420846906,100.0
3620,1,69.25444868463089,69.25444868463089,100.0
3620,2,14.184477106900067,14.184477106900067,100.0
3630,0,38.45129227187752,38.45129227187752,100.0
3630,1,40.17280500776212,40.17280500776212,100.0
3630,2,21.375902720360354,21.375902720360354,100.0
3640,0,31.039026540804148,31.039026540804148,100.0
3640,1,44.210246382400854,44.210246382400854,100.0
3640,2,24.750727076795,24.750727076795,100.0
3650,0,18.71915472558199,18.71915472558199,100.0
3650,1,36.17876070511722,36.17876070511722,100.0
3650,2,45.1020845693008,45.1020845693008,100.0
3660,0,22.363361948871354,22.363361948871354,100.0
3660,1,41.84455186611874,41.84455186611874,100.0
3660,2,35.79208618500991,35.79208618500991,100.0
3670,0,53.17836271699476,53.17836271699476,100.0
3670,1,12.947594219135505,12.947594219135505,100.0
3670,2,33.874043063869735,33.874043063869735,100.0
3680,0,38.90581331555196,38.90581331555196,100.0
3680,1,19.37881092578964,19.37881092578964,100.0
3680,2,41.71537575865838,41.71537575865838,100.0
3690,0,14.19436160017634,14.19436160017634,100.0
3690,1,14.228531468739359,14.228531468739359,100.0
3690,2,71.5771069310843,71.5771069310843,100.0
3700,0,68.81634577189162,68.81634577189162,100.0
3700,1,13.353637371217541,13.353637371217541,100.0
3700,2,17.83001685689084,17.83001685689084,100.0
3710,0,29.691684326503225,29.691684326503225,100.0
3710,1,23.469338052324787,23.469338052324787,100.0
3710,2,46.83897762117199,46.83897762117199,100.0
3720,0,64.88554483019855,64.88554483019855,100.0
3720,1,13.044013817634148,13.044013817634148,100.0
3720,2,22.070441352167304,22.070441352167304,100.0
3730,0,70.55454494117997,70.55454494117997,100.0
3730,1,15.180382344825968,15.180382344825968,100.0
3730,2,14.265072713994053,14.265072713994053,100.0
3740,0,26.377587669891376,26.377587669891376,100.0
3740,1,37.270469556980316,37.270469556980316,100.0
3740,2,36.35194277312831,36.35194277312831,100.0
3750,0,35.49233999961409,35.49233999961409,100.0
3750,1,13.321052168326727,13.321052168326727,100.0
3750,2,51.18660783205918,51.18660783205918,100.0
3760,0,70.00584206841552,70.00584206841552,100.0
3760,1,14.043722026490851,14.043722026490851,100.0
3760,2,15.950435905093618,15.950435905093618,100.0
3770,0,43.96205821064903,43.96205821064903,100.0
3770,1,15.316269228901358,15.316269228901358,100.0
3770,2,40.72167256044962,40.72167256044962,100.0
3780,0,57.25309202866718,57.25309202866718,100.0
3780,1,18.186049730027346,18.186049730027346,100.0
3780,2,24.560858241305475,24.560858241305475,100.0
3790,0,15.349741113607754,15.349741113607754,100.0
3790,1,52.881363117452416,52.881363117452416,100.0
3790,2,31.768895768939824,31.768895768939824,100.0
3800,0,62.042638429074515,62.042638429074515,100.0
3800,1,27.906989257895535,27.906989257895535,100.0
3800,2,10.050372313029959,10.050372313029959,100.0
3810,0,14.822212623226482,14.822212623226482,100.0
3810,1,17.68570085600056,17.68570085600056,100.0
3810,2,67.49208652077296,67.49208652077296,100.0
3820,0,63.1641845259836,63.1641845259836,100.0
3820,1,20.017397907211638,20.017397907211638,100.0
3820,2,16.818417566804772,16.818417566804772,100.0
3830,0,39.70774113447925,39.70774113447925,100.0
3830,1,38.72551272087674,38.72551272087674,100.0
3830,2,21.56674614464399,21.56674614464399,100.0
3840,0,30.93602074184539,30.93602074184539,100.0
3840,1,25.723975186905513,25.723975186905513,100.0
3840,2,43.3400040712491,43.3400040712491,100.0
3850,0,20.340446334386282,20.340446334386282,100.0
3850,1,61.30291263861167,61.30291263861167,100.0
3850,2,18.35664102700206,18.35664102700206,100.0
3860,0,45.03677594855308,45.03677594855308,100.0
3860,1,9.2157932799801,9.2157932799801,100.0
3860,2,45.747430771466824,45.747430771466824,100.0
3870,0,16.389757754468434,16.389757754468434,100.0
3870,1,14.309274143459133,14.309274143459133,100.0
3870,2,69.30096810207243,69.30096810207243,100.0
3880,0,25.547880664571988,25.547880664571988,100.0
3880,1,22.520459361320764,22.520459361320764,100.0
3880,2,51.93165997410725,51.93165997410725,100.0
3890,0,29.280934228220364,29.280934228220364,100.0
3890,1,13.941736515634284,13.941736515634284,100.0
3890,2,56.77732925614535,56.77732925614535,100.0
3900,0,38.785371232974306,38.785371232974306,100.0
3900,1,13.482882774464969,13.482882774464969,100.0
3900,2,47.731745992560725,47.731745992560725,100.0
3910,0,58.02005389568025,58.02005389568025,100.0
3910,1,12.828212476862996,12.828212476862996,100.0
3910,2,29.151733627456757,29.151733627456757,100.0
3920,0,48.72268086458625,48.72268086458625,100.0
3920,1,14.130600284769551,14.130600284769551,100.0
3920,2,37.146718850644206,37.146718850644206,100.0
3930,0,11.899358852453265,11.899358852453265,100.0
3930,1,12.742388048918471,12.742388048918471,100.0
3930,2,75.35825309862827,75.35825309862827,100.0
3940,0,18.01170421891267,18.01170421891267,100.0
3940,1,38.24689660670243,38.24689660670243,100.0
3940,2,43.7413991743849,43.7413991743849,100.0
3950,0,22.02885009894107,22.02885009894107,100.0
3950,1,36.94057180847348,36.94057180847348,100.0
3950,2,41.03057809258545,41.03057809258545,100.0
3960,0,51.65845781836841,51.65845781836841,100.0
3960,1,32.35593119692394,32.35593119692394,100.0
3960,2,15.985610984707662,15.985610984707662,100.0
3970,0,29.550598768411145,29.550598768411145,100.0
3970,1,21.870521522220827,21.870521522220827,100.0
3970,2,48.57887970936803,48.57887970936803,100.0
3980,0,40.627142857466474,40.627142857466474,100.0
3980,1,24.27652553557426,24.27652553557426,100.0
3980,2,35.09633160695926,35.09633160695926,100.0
3990,0,16.214955987311974,16.214955987311974,100.0
3990,1,15.965960080205619,15.965960080205619,100.0
3990,2,67.81908393248241,67.81908393248241,100.0
4000,0,39.37602010254469,39.37602010254469,100.0
4000,1,23.62931390546408,23.62931390546408,100.0
4000,2,36.99466599199122,36.99466599199122,100.0
4010,0,32.00922038123765,32.00922038123765,100.0
4010,1,18.57797320297744,18.57797320297744,100.0
4010,2,49.41280641578492,49.41280641578492,100.0
4020,0,63.6522231586311,63.6522231586311,100.0
4020,1,17.683581176113975,17.683581176113975,100.0
4020,2,18.66419566525492,18.66419566525492,100.0
4030,0,23.117822303498592,23.117822303498592,100.0
4030,1,17.766156163980128,17.766156163980128,100.0
4030,2,59.11602153252128,59.11602153252128,100.0
4040,0,51.49616317598229,51.49616317598229,100.0
4040,1,26.361901433360163,26.361901433360163,100.0
4040,2,22.14193539065755,22.14193539065755,100.0
4050,0,12.225688486393386,12.225688486393386,100.0
4050,1,12.271809923900513,12.271809923900513,100.0
4050,2,75.5025015897061,75.5025015897061,100.0
4060,0,22.266631452340587,22.266631452340587,100.0
4060,1,27.948301569425144,27.948301569425144,100.0
4060,2,49.785066978234276,49.785066978234276,100.0
4070,0,19.354937992291553,19.354937992291553,100.0
4070,1,69.5972785166014,69.5972785166014,100.0
4070,2,11.047783491107044,11.047783491107044,100.0
4080,0,52.0591554221068,52.0591554221068,100.0
4080,1,38.013324020456665,38.013324020456665,100.0
4080,2,9.927520557436543,9.927520557436543,100.0
4090,0,39.800724596468065,39.800724596468065,100.0
4090,1,17.91365960472972,17.91365960472972,100.0
4090,2,42.285615798802226,42.285615798802226,100.0
4100,0,25.54459762701618,25.54459762701618,100.0
4100,1,18.386035781035215,18.386035781035215,100.0
4100,2,56.0693665919486,56.0693665919486,100.0
4110,0,12.785372676787466,12.785372676787466,100.0
4110,1,12.559428821596837,12.559428821596837,100.0
4110,2,74.6551985016157,74.6551985016157,100.0
4120,0,18.187600944313136,18.187600944313136,100.0
4120,1,12.056188974743215,12.056188974743215,100.0
4120,2,69.75621008094365,69.75621008094365,100.0
4130,0,19.877583231450608,19.877583231450608,100.0
4130,1,16.57030724875261,16.57030724875261,100.0
4130,2,63.55210951979679,63.55210951979679,100.0
4140,0,12.5754446530807,12.5754446530807,100.0
4140,1,32.873677138790924,32.873677138790924,100.0
4140,2,54.55087820812838,54.55087820812838,100.0
4150,0,57.47739949639027,57.47739949639027,100.0
4150,1,28.48704829993125,28.48704829993125,100.0
4150,2,14.035552203678478,14.035552203678478,100.0
4160,0,14.67998034337607,14.67998034337607,100.0
4160,1,67.88293197053744,67.88293197053744,100.0
4160,2,17.437087686086496,17.437087686086496,100.0
4170,0,11.027969316128578,11.027969316128578,100.0
4170,1,46.28883166096118,46.28883166096118,100.0
4170,2,42.68319902291025,42.68319902291025,100.0
4180,0,12.298853266290012,12.298853266290012,100.0
4180,1,41.457099914329085,41.457099914329085,100.0
4180,2,46.2440468193809,46.2440468193809,100.0
4190,0,21.80421120791921,21.80421120791921,100.0
4190,1,38.09063314701662,38.09063314701662,100.0
4190,2,40.10515564506417,40.10515564506417,100.0
4200,0,15.355842667103614,15.355842667103614,100.0
4200,1,30.40600733082004,30.40600733082004,100.0
4200,2,54.238150002076345,54.238150002076345,100.0
4210,0,20.931972242829275,20.931972242829275,100.0
4210,1,38.27645068565641,38.27645068565641,100.0
4210,2,40.791577071514325,40.791577071514325,100.0
4220,0,13.021425410010758,13.021425410010758,100.0
4220,1,68.55635343295714,68.55635343295714,100.0
4220,2,18.4222211570321,18.4222211570321,100.0
4230,0,26.93454820008865,26.93454820008865,100.0
4230,1,36.66605595552333,36.66605595552333,100.0
4230,2,36.399395844388025,36.399395844388025,100.0
4240,0,12.437557565681939,12.437557565681939,100.0
4240,1,36.91280194090542,36.91280194090542,100.0
4240,2,50.64964049341265,50.64964049341265,100.0
4250,0,34.869251914511025,34.869251914511025,100.0
4250,1,17.8945316614941,17.8945316614941,100.0
4250,2,47.23621642399489,47.23621642399489,100.0
4260,0,36.990240824334364,36.990240824334364,100.0
4260,1,11.486095594532424,11.486095594532424,100.0
4260,2,51.523663581133206,51.523663581133206,100.0
4270,0,36.67122504074527,36.67122504074527,100.0
4270,1,12.779021229447624,12.779021229447624,100.0
4270,2,50.5497537298071,50.5497537298071,100.0
4280,0,15.561978595637893,15.561978595637893,100.0
4280,1,71.80562798219178,71.80562798219178,100.0
4280,2,12.632393422170326,12.632393422170326,100.0
4290,0,38.274451878508366,38.274451878508366,100.0
4290,1,34.140566263047944,34.140566263047944,100.0
4290,2,27.58498185844369,27.58498185844369,100.0
4300,0,43.55617151835055,43.55617151835055,100.0
4300,1,13.466510566068578,13.466510566068578,100.0
4300,2,42.97731791558086,42.97731791558086,100.0
4310,0,29.22691632066644,29.22691632066644,100.0
4310,1,36.076062581783724,36.076062581783724,100.0
4310,2,34.697021097549836,34.697021097549836,100.0
4320,0,49.59926096128084,49.59926096128084,100.0
4320,1,10.224872479008477,10.224872479008477,100.0
4320,2,40.175866559710684,40.175866559710684,100.0
4330,0,25.45414756003187,25.45414756003187,100.0
4330,1,47.802024791829176,47.802024791829176,100.0
4330,2,26.743827648138957,26.743827648138957,100.0
4340,0,72.60337912452417,72.60337912452417,100.0
4340,1,12.452392934687506,12.452392934687506,100.0
4340,2,14.944227940788318,14.944227940788318,100.0
4350,0,23.580733734182875,23.580733734182875,100.0
4350,1,24.158151703728254,24.158151703728254,100.0
4350,2,52.26111456208887,52.26111456208887,100.0
4360,0,38.99105746436074,38.99105746436074,100.0
4360,1,10.25828989063257,10.25828989063257,100.0
4360,2,50.75065264500669,50.75065264500669,100.0
4370,0,45.92390516106944,45.92390516106944,100.0
4370,1,34.20324725723574,34.20324725723574,100.0
4370,2,19.872847581694824,19.872847581694824,100.0
4380,0,22.686194739357394,22.686194739357394,100.0
4380,1,32.61456743493948,32.61456743493948,100.0
4380,2,44.699237825703115,44.699237825703115,100.0
4390,0,21.98635540830564,21.98635540830564,100.0
4390,1,42.72156223771807,42.72156223771807,100.0
4390,2,35.2920823539763,35.2920823539763,100.0
4400,0,50.1767382739627,50.1767382739627,100.0
4400,1,20.325562744071128,20.325562744071128,100.0
4400,2,29.49769898196617,29.49769898196617,100.0
4410,0,13.207515215082239,13.207515215082239,100.0
4410,1,13.915038566938312,13.915038566938312,100.0
4410,2,72.87744621797944,72.87744621797944,100.0
4420,0,11.072632021118343,11.072632021118343,100.0
4420,1,41.27649379944058,41.27649379944058,100.0
4420,2,47.650874179441075,47.650874179441075,100.0
4430,0,33.25246539807601,33.25246539807601,100.0
4430,1,21.397463279831573,21.397463279831573,100.0
4430,2,45.350071322092425,45.350071322092425,100.0
4440,0,57.509806571104804,57.509806571104804,100.0
4440,1,18.678895277261397,18.678895277261397,100.0
4440,2,23.8112981516338,23.8112981516338,100.0
4450,0,17.719377284164718,17.719377284164718,100.0
4450,1,27.26147691425019,27.26147691425019,100.0
4450,2,55.01914580158509,55.01914580158509,100.0
4460,0,32.04432888708091,32.04432888708091,100.0
4460,1,30.92476407837849,30.92476407837849,100.0
4460,2,37.0309070345406,37.0309070345406,100.0
4470,0,13.679157717889293,13.679157717889293,100.0
4470,1,10.875443258018528,10.875443258018528,100.0
4470,2,75.44539902409217,75.44539902409217,100.0
4480,0,35.00355208110949,35.00355208110949,100.0
4480,1,36.8150607860496,36.8150607860496,100.0
4480,2,28.181387132840918,28.181387132840918,100.0
4490,0,43.384933146056696,43.384933146056696,100.0
4490,1,30.40587069677182,30.40587069677182,100.0
4490,2,26.209196157171494,26.209196157171494,100.0
4500,0,70.27686630023699,70.27686630023699,100.0
4500,1,15.963996818623158,15.963996818623158,100.0
4500,2,13.759136881139863,13.759136881139863,100.0
4510,0,55.686956343298235,55.686956343298235,100.0
4510,1,15.459527140122967,15.459527140122967,100.0
4510,2,28.853516516578797,28.853516516578797,100.0
4520,0,65.23281146132233,65.23281146132233,100.0
4520,1,12.36272741178508,12.36272741178508,100.0
4520,2,22.404461126892596,22.404461126892596,100.0
4530,0,16.421198944271406,16.421198944271406,100.0
4530,1,12.536813539990602,12.536813539990602,100.0
4530,2,71.04198751573799,71.04198751573799,100.0
4540,0,21.700520455394145,21.700520455394145,100.0
4540,1,28.416623428077635,28.416623428077635,100.0
4540,2,49.882856116528224,49.882856116528224,100.0
4550,0,72.25765496943643,72.25765496943643,100.0
4550,1,12.865649896521614,12.865649896521614,100.0
4550,2,14.876695134041956,14.876695134041956,100.0
4560,0,21.732006635020646,21.732006635020646,100.0
4560,1,14.80763585205783,14.80763585205783,100.0
4560,2,63.460357512921526,63.460357512921526,100.0
4570,0,35.79670048630783,35.79670048630783,100.0
4570,1,21.79496553377098,21.79496553377098,100.0
4570,2,42.408333979921196,42.408333979921196,100.0
4580,0,51.720209419628404,51.720209419628404,100.0
4580,1,29.32881146713413,29.32881146713413,100.0
4580,2,18.950979113237477,18.950979113237477,100.0
4590,0,14.392804284477936,14.392804284477936,100.0
4590,1,12.1747776321988,12.1747776321988,100.0
4590,2,73.43241808332326,73.43241808332326,100.0
4600,0,59.84557034077692,59.84557034077692,100.0
4600,1,22.06260473380562,22.06260473380562,100.0
4600,2,18.091824925417463,18.091824925417463,100.0
4610,0,10.387480190270807,10.387480190270807,100.0
4610,1,42.80016743753769,42.80016743753769,100.0
4610,2,46.812352372191505,46.812352372191505,100.0
4620,0,47.087592143728635,47.087592143728635,100.0
4620,1,10.21197333853067,10.21197333853067,100.0
4620,2,42.70043451774069,42.70043451774069,100.0
4630,0,14.472740694434554,14.472740694434554,100.0
4630,1,32.63195571501128,32.63195571501128,100.0
4630,2,52.895303590554164,52.895303590554164,100.0
4640,0,61.91976436522151,61.91976436522151,100.0
4640,1,18.300696709704088,18.300696709704088,100.0
4640,2,19.779538925074412,19.779538925074412,100.0
4650,0,12.199322870058147,12.199322870058147,100.0
4650,1,12.861469727067783,12.861469727067783,100.0
4650,2,74.93920740287408,74.93920740287408,100.0
4660,0,63.30861517664357,63.30861517664357,100.0
4660,1,23.912909038395767,23.912909038395767,100.0
4660,2,12.778475784960659,12.778475784960659,100.0
4670,0,44.71966841809395,44.71966841809395,100.0
4670,1,44.13310629811323,44.13310629811323,100.0
4670,2,11.147225283792816,11.147225283792816,100.0
4680,0,25.486572621819438,25.486572621819438,100.0
4680,1,57.643325301646996,57.643325301646996,100.0
4680,2,16.870102076533563,16.870102076533563,100.0
4690,0,31.655283219461378,31.655283219461378,100.0
4690,1,18.81844607378966,18.81844607378966,100.0
4690,2,49.52627070674896,49.52627070674896,100.0
4700,0,32.165725916197275,32.165725916197275,100.0
4700,1,43.25461848764618,43.25461848764618,100.0
4700,2,24.579655596156556,24.579655596156556,100.0
4710,0,30.172542821607447,30.172542821607447,100.0
4710,1,12.638590859133462,12.638590859133462,100.0
4710,2,57.18886631925909,57.18886631925909,100.0
4720,0,27.920127483139023,27.920127483139023,100.0
4720,1,56.835283038044494,56.835283038044494,100.0
4720,2,15.244589478816472,15.244589478816472,100.0
4730,0,20.655727166013193,20.655727166013193,100.0
4730,1,22.795001427683562,22.795001427683562,100.0
4730,2,56.54927140630325,56.54927140630325,100.0
4740,0,14.906850675625833,14.906850675625833,100.0
4740,1,54.1137012082898,54.1137012082898,100.0
4740,2,30.979448116084367,30.979448116084367,100.0
4750,0,69.49105626141595,69.49105626141595,100.0
4750,1,12.111002462406221,12.111002462406221,100.0
4750,2,18.397941276177836,18.397941276177836,100.0
4760,0,24.313828297077364,24.313828297077364,100.0
4760,1,34.861479808951096,34.861479808951096,100.0
4760,2,40.82469189397155,40.82469189397155,100.0
4770,0,12.548757734732524,12.548757734732524,100.0
4770,1,12.650677873231828,12.650677873231828,100.0
4770,2,74.80056439203565,74.80056439203565,100.0
4780,0,47.162384717592495,47.162384717592495,100.0
4780,1,21.810418609395164,21.810418609395164,100.0
4780,2,31.027196673012337,31.027196673012337,100.0
4790,0,46.855490014395144,46.855490014395144,100.0
4790,1,12.187240093104942,12.187240093104942,100.0
4790,2,40.95726989249992,40.95726989249992,100.0
4800,0,27.030639862249,27.030639862249,100.0
4800,1,37.999638589440146,37.999638589440146,100.0
4800,2,34.96972154831086,34.96972154831086,100.0
4810,0,17.929395321145066,17.929395321145066,100.0
4810,1,30.36287509145868,30.36287509145868,100.0
4810,2,51.70772958739626,51.70772958739626,100.0
4820,0,38.41928681261432,38.41928681261432,100.0
4820,1,36.89843369156637,36.89843369156637,100.0
4820,2,24.68227949581932,24.68227949581932,100.0
4830,0,42.95942632734565,42.95942632734565,100.0
4830,1,10.549663752010057,10.549663752010057,100.0
4830,2,46.49090992064428,46.49090992064428,100.0
4840,0,27.56996681514466,27.56996681514466,100.0
4840,1,25.05149554852723,25.05149554852723,100.0
4840,2,47.37853763632811,47.37853763632811,100.0
4850,0,28.151447581059774,28.151447581059774,100.0
4850,1,24.546256407334436,24.546256407334436,100.0
4850,2,47.3022960116058,47.3022960116058,100.0
4860,0,38.707252202346794,38.707252202346794,100.0
4860,1,29.485572564298245,29.485572564298245,100.0
4860,2,31.807175233354968,31.807175233354968,100.0
4870,0,22.73263608179466,22.73263608179466,100.0
4870,1,17.75338260259998,17.75338260259998,100.0
4870,2,59.51398131560537,59.51398131560537,100.0
4880,0,10.064453143119714,10.064453143119714,100.0
4880,1,41.812229221191664,41.812229221191664,100.0
4880,2,48.12331763568863,48.12331763568863,100.0
4890,0,9.819489179686821,9.819489179686821,100.0
4890,1,33.780427539628874,33.780427539628874,100.0
4890,2,56.4000832806843,56.4000832806843,100.0
4900,0,21.909712510402134,21.909712510402134,100.0
4900,1,15.522654010952616,15.522654010952616,100.0
4900,2,62.56763347864525,62.56763347864525,100.0
4910,0,24.125025048795155,24.125025048795155,100.0
4910,1,10.802343404043459,10.802343404043459,100.0
4910,2,65.0726315471614,65.0726315471614,100.0
4920,0,50.5533144989727,50.5533144989727,100.0
4920,1,9.976073120992874,9.976073120992874,100.0
4920,2,39.47061238003442,39.47061238003442,100.0
4930,0,34.85490257395607,34.85490257395607,100.0
4930,1,29.21828964265538,29.21828964265538,100.0
4930,2,35.92680778338854,35.92680778338854,100.0
4940,0,37.14517928998081,37.14517928998081,100.0
4940,1,27.16757197342891,27.16757197342891,100.0
4940,2,35.687248736590284,35.687248736590284,100.0
4950,0,15.302015221736537,15.302015221736537,100.0
4950,1,10.919851470566776,10.919851470566776,100.0
4950,2,73.77813330769668,73.77813330769668,100.0
4960,0,32.4283341772307,32.4283341772307,100.0
4960,1,37.90049618180702,37.90049618180702,100.0
4960,2,29.67116964096228,29.67116964096228,100.0
4970,0,21.048824727361577,21.048824727361577,100.0
4970,1,23.70917746379213,23.70917746379213,100.0
4970,2,55.241997808846286,55.241997808846286,100.0
4980,0,49.58996602548977,49.58996602548977,100.0
4980,1,23.755473138455297,23.755473138455297,100.0
4980,2,26.654560836054937,26.654560836054937,100.0
4990,0,57.73315367864274,57.73315367864274,100.0
4990,1,15.150653998763236,15.150653998763236,100.0
4990,2,27.116192322594017,27.116192322594017,100.0
5000,0,50.077456305498444,50.077456305498444,100.0
5000,1,26.32427609547331,26.32427609547331,100.0
5000,2,23.598267599028254,23.598267599028254,100.0
5010,0,14.460158991592328,14.460158991592328,100.0
5010,1,15.343334176605472,15.343334176605472,100.0
5010,2,70.19650683180221,70.19650683180221,100.0
5020,0,28.969842816614626,28.969842816614626,100.0
5020,1,23.006971768504954,23.006971768504954,100.0
5020,2,48.023185414880416,48.023185414880416,100.0
5030,0,32.365393747521466,32.365393747521466,100.0
5030,1,28.72012056738244,28.72012056738244,100.0
5030,2,38.9144856850961,38.9144856850961,100.0
5040,0,27.124111931979687,27.124111931979687,100.0
5040,1,10.869596742870643,10.869596742870643,100.0
5040,2,62.00629132514967,62.00629132514967,100.0
5050,0,46.459251611826716,46.459251611826716,100.0
5050,1,44.26899969972135,44.26899969972135,100.0
5050,2,9.271748688451922,9.271748688451922,100.0
5060,0,12.198746990108805,12.198746990108805,100.0
5060,1,53.3505639225877,53.3505639225877,100.0
5060,2,34.4506890873035,34.4506890873035,100.0
5070,0,34.59779636018585,34.59779636018585,100.0
5070,1,32.32970378092193,32.32970378092193,100.0
5070,2,33.072499858892215,33.072499858892215,100.0
5080,0,45.810372649174454,45.810372649174454,100.0
5080,1,37.955860303536944,37.955860303536944,100.0
5080,2,16.233767047288612,16.233767047288612,100.0
5090,0,47.717641192674535,47.717641192674535,100.0
5090,1,15.806728742575283,15.806728742575283,100.0
5090,2,36.475630064750185,36.475630064750185,100.0
5100,0,18.070366287057368,18.070366287057368,100.0
5100,1,62.671025295787466,62.671025295787466,100.0
5100,2,19.258608417155163,19.258608417155163,100.0
5110,0,31.892888930526826,31.892888930526826,100.0
5110,1,21.512132567470747,21.512132567470747,100.0
5110,2,46.59497850200243,46.59497850200243,100.0
5120,0,28.401712475701185,28.401712475701185,100.0
5120,1,45.095087502736156,45.095087502736156,100.0
5120,2,26.503200021562666,26.503200021562666,100.0
5130,0,11.542139682926097,11.542139682926097,100.0
5130,1,25.654891940580267,25.654891940580267,100.0
5130,2,62.80296837649364,62.80296837649364,100.0
5140,0,56.729967994024,56.729967994024,100.0
5140,1,28.540531733293,28.540531733293,100.0
5140,2,14.729500272683,14.729500272683,100.0
5150,0,41.46275441470878,41.46275441470878,100.0
5150,1,22.392454797968554,22.392454797968554,100.0
5150,2,36.14479078732268,36.14479078732268,100.0
5160,0,53.33781223815103,53.33781223815103,100.0
5160,1,38.328695368425954,38.328695368425954,100.0
5160,2,8.333492393423024,8.333492393423024,100.0
5170,0,63.72166928634236,63.72166928634236,100.0
5170,1,12.965829142618675,12.965829142618675,100.0
5170,2,23.31250157103896,23.31250157103896,100.0
5180,0,28.571638427595918,28.571638427595918,100.0
5180,1,19.343340634095906,19.343340634095906,100.0
5180,2,52.08502093830817,52.08502093830817,100.0
5190,0,9.794771474762978,9.794771474762978,100.0
5190,1,26.112089636967646,26.112089636967646,100.0
5190,2,64.09313888826938,64.09313888826938,100.0
5200,0,36.614147853801484,36.614147853801484,100.0
5200,1,30.683456607796742,30.683456607796742,100.0
5200,2,32.702395538401774,32.702395538401774,100.0
5210,0,44.50175531949585,44.50175531949585,100.0
5210,1,27.730795455422964,27.730795455422964,100.0
5210,2,27.767449225081187,27.767449225081187,100.0
5220,0,32.25117926070272,32.25117926070272,100.0
5220,1,36.23099364059827,36.23099364059827,100.0
5220,2,31.51782709869901,31.51782709869901,100.0
5230,0,71.09365797385615,71.09365797385615,100.0
5230,1,12.519563901734307,12.519563901734307,100.0
5230,2,16.386778124409556,16.386778124409556,100.0
5240,0,75.0202938262865,75.0202938262865,100.0
5240,1,12.286141841995352,12.286141841995352,100.0
5240,2,12.693564331718148,12.693564331718148,100.0
5250,0,11.835745747002893,11.835745747002893,100.0
5250,1,12.19330532763127,12.19330532763127,100.0
5250,2,75.97094892536583,75.97094892536583,100.0
5260,0,21.054654829190937,21.054654829190937,100.0
5260,1,24.444789984047137,24.444789984047137,100.0
5260,2,54.50055518676192,54.50055518676192,100.0
5270,0,61.89302975060896,61.89302975060896,100.0
5270,1,20.346374290151097,20.346374290151097,100.0
5270,2,17.76059595923994,17.76059595923994,100.0
5280,0,36.52584108318192,36.52584108318192,100.0
5280,1,42.41516361261732,42.41516361261732,100.0
5280,2,21.05899530420075,21.05899530420075,100.0
5290,0,63.43660023897629,63.43660023897629,100.0
5290,1,22.035691253049652,22.035691253049652,100.0
5290,2,14.527708507974063,14.527708507974063,100.0
5300,0,38.740021429029596,38.740021429029596,100.0
5300,1,22.76543771203253,22.76543771203253,100.0
5300,2,38.494540858937874,38.494540858937874,100.0
5310,0,10.34091484001186,10.34091484001186,100.0
5310,1,26.714189507444846,26.714189507444846,100.0
5310,2,62.94489565254329,62.94489565254329,100.0
5320,0,67.12193421441303,67.12193421441303,100.0
5320,1,22.78492735007247,22.78492735007247,100.0
5320,2,10.093138435514515,10.093138435514515,100.0
5330,0,62.75343924163518,62.75343924163518,100.0
5330,1,16.8923941382935,16.8923941382935,100.0
5330,2,20.35416662007131,20.35416662007131,100.0
5340,0,13.27806355155694,13.27806355155694,100.0
5340,1,28.330960056581063,28.330960056581063,100.0
5340,2,58.390976391862004,58.390976391862004,100.0
5350,0,43.365671321450044,43.365671321450044,100.0
5350,1,46.98437003205057,46.98437003205057,100.0
5350,2,9.649958646499387,9.649958646499387,100.0
5360,0,44.862185243051925,44.862185243051925,100.0
5360,1,24.82650254174147,24.82650254174147,100.0
5360,2,30.311312215206616,30.311312215206616,100.0
5370,0,12.821966011754876,12.821966011754876,100.0
5370,1,12.957100690948774,12.957100690948774,100.0
5370,2,74.22093329729634,74.22093329729634,100.0
5380,0,22.626660873383212,22.626660873383212,100.0
5380,1,48.67120912014149,48.67120912014149,100.0
5380,2,28.7021300064753,28.7021300064753,100.0
5390,0,15.017312731719146,15.017312731719146,100.0
5390,1,26.993242415303488,26.993242415303488,100.0
5390,2,57.98944485297737,57.98944485297737,100.0
5400,0,71.10724961246858,71.10724961246858,100.0
5400,1,14.202952780726013,14.202952780726013,100.0
5400,2,14.689797606805403,14.689797606805403,100.0
5410,0,44.21157939091672,44.21157939091672,100.0
5410,1,31.76071242571715,31.76071242571715,100.0
5410,2,24.027708183366137,24.027708183366137,100.0
5420,0,42.37159650267901,42.37159650267901,100.0
5420,1,49.732739655647656,49.732739655647656,100.0
5420,2,7.895663841673336,7.895663841673336,100.0
5430,0,36.643866400658695,36.643866400658695,100.0
5430,1,14.16880305730836,14.16880305730836,100.0
5430,2,49.18733054203294,49.18733054203294,100.0
5440,0,65.30366748553779,65.30366748553779,100.0
5440,1,17.32635544678058,17.32635544678058,100.0
5440,2,17.369977067681646,17.369977067681646,100.0
5450,0,50.07734741101575,50.07734741101575,100.0
5450,1,19.95324945795326,19.95324945795326,100.0
5450,2,29.969403131030997,29.969403131030997,100.0
5460,0,20.68837433460404,20.68837433460404,100.0
5460,1,60.480737646495356,60.480737646495356,100.0
5460,2,18.83088801890061,18.83088801890061,100.0
5470,0,47.12758773831228,47.12758773831228,100.0
5470,1,22.31289271786733,22.31289271786733,100.0
5470,2,30.559519543820386,30.559519543820386,100.0
5480,0,29.77498937432478,29.77498937432478,100.0
5480,1,10.797661464024117,10.797661464024117,100.0
5480,2,59.42734916165111,59.42734916165111,100.0
5490,0,15.146817607714066,15.146817607714066,100.0
5490,1,11.940554647886815,11.940554647886815,100.0
5490,2,72.91262774439912,72.91262774439912,100.0
5500,0,63.729199314822495,63.729199314822495,100.0
5500,1,23.32511771786382,23.32511771786382,100.0
5500,2,12.945682967313694,12.945682967313694,100.0
5510,0,59.91829835251138,59.91829835251138,100.0
5510,1,14.034261796643152,14.034261796643152,100.0
5510,2,26.047439850845468,26.047439850845468,100.0
5520,0,35.815097286140904,35.815097286140904,100.0
5520,1,30.226765691689327,30.226765691689327,100.0
5520,2,33.95813702216978,33.95813702216978,100.0
5530,0,29.92790702347997,29.92790702347997,100.0
5530,1,38.550399772545425,38.550399772545425,100.0
5530,2,31.521693203974603,31.521693203974603,100.0
5540,0,45.85041675447133,45.85041675447133,100.0
5540,1,10.816574602484515,10.816574602484515,100.0
5540,2,43.33300864304416,43.33300864304416,100.0
5550,0,11.850073299093404,11.850073299093404,100.0
5550,1,12.919727717633295,12.919727717633295,100.0
5550,2,75.2301989832733,75.2301989832733,100.0
5560,0,49.47271722212804,49.47271722212804,100.0
5560,1,36.919892739298696,36.919892739298696,100.0
5560,2,13.60739003857326,13.60739003857326,100.0
5570,0,54.036377172428516,54.036377172428516,100.0
5570,1,23.238694011577543,23.238694011577543,100.0
5570,2,22.724928815993945,22.724928815993945,100.0
5580,0,29.10716923068116,29.10716923068116,100.0
5580,1,28.365099127915826,28.365099127915826,100.0
5580,2,42.52773164140301,42.52773164140301,100.0
5590,0,60.330396348241145,60.330396348241145,100.0
5590,1,26.466575690121918,26.466575690121918,100.0
5590,2,13.203027961636945,13.203027961636945,100.0
5600,0,43.222154701283145,43.222154701283145,100.0
5600,1,30.703156177724704,30.703156177724704,100.0
5600,2,26.07468912099215,26.07468912099215,100.0
5610,0,13.54291102664116,13.54291102664116,100.0
5610,1,17.957384224835764,17.957384224835764,100.0
5610,2,68.49970474852307,68.49970474852307,100.0
5620,0,69.62201479967032,69.62201479967032,100.0
5620,1,17.559384095486834,17.559384095486834,100.0
5620,2,12.818601104842841,12.818601104842841,100.0
5630,0,48.34520464511893,48.34520464511893,100.0
5630,1,37.111361498474494,37.111361498474494,100.0
5630,2,14.54343385640658,14.54343385640658,100.0
5640,0,27.652871447986243,27.652871447986243,100.0
5640,1,24.263583451200073,24.263583451200073,100.0
5640,2,48.08354510081369,48.08354510081369,100.0
5650,0,75.54301943835465,75.54301943835465,100.0
5650,1,12.358448141414794,12.358448141414794,100.0
5650,2,12.098532420230566,12.098532420230566,100.0
5660,0,34.40664134161529,34.40664134161529,100.0
5660,1,10.329167530103659,10.329167530103659,100.0
5660,2,55.26419112828106,55.26419112828106,100.0
5670,0,14.731085095394494,14.731085095394494,100.0
5670,1,14.241342221755199,14.241342221755199,100.0
5670,2,71.0275726828503,71.0275726828503,100.0
5680,0,55.668524646205874,55.668524646205874,100.0
5680,1,31.174348969092257,31.174348969092257,100.0
5680,2,13.157126384701876,13.157126384701876,100.0
5690,0,34.52076055383416,34.52076055383416,100.0
5690,1,25.110243740531157,25.110243740531157,100.0
5690,2,40.36899570563469,40.36899570563469,100.0
5700,0,24.737991622793057,24.737991622793057,100.0
5700,1,42.08654881145532,42.08654881145532,100.0
5700,2,33.17545956575162,33.17545956575162,100.0
5710,0,45.70701744018071,45.70701744018071,100.0
5710,1,39.74059502510875,39.74059502510875,100.0
5710,2,14.552387534710537,14.552387534710537,100.0
5720,0,34.509953449927536,34.509953449927536,100.0
5720,1,27.62634826795219,27.62634826795219,100.0
5720,2,37.86369828212027,37.86369828212027,100.0
5730,0,15.78521296300732,15.78521296300732,100.0
5730,1,11.788890449159835,11.788890449159835,100.0
5730,2,72.42589658783285,72.42589658783285,100.0
5740,0,40.50704668950414,40.50704668950414,100.0
5740,1,19.468304791170503,19.468304791170503,100.0
5740,2,40.02464851932536,40.02464851932536,100.0
5750,0,62.24880310593076,62.24880310593076,100.0
5750,1,15.019068608628992,15.019068608628992,100.0
5750,2,22.732128285440254,22.732128285440254,100.0
5760,0,38.38354753737051,38.38354753737051,100.0
5760,1,53.16861395091564,53.16861395091564,100.0
5760,2,8.447838511713847,8.447838511713847,100.0
5770,0,28.304184652752838,28.304184652752838,100.0
5770,1,34.68671508650677,34.68671508650677,100.0
5770,2,37.00910026074038,37.00910026074038,100.0
5780,0,29.050143015758067,29.050143015758067,100.0
5780,1,17.31529904360217,17.31529904360217,100.0
5780,2,53.63455794063976,53.63455794063976,100.0
5790,0,10.264767054330333,10.264767054330333,100.0
5790,1,36.799972506365584,36.799972506365584,100.0
5790,2,52.93526043930407,52.93526043930407,100.0
5800,0,66.08569298112039,66.08569298112039,100.0
5800,1,13.133130316468636,13.133130316468636,100.0
5800,2,20.78117670241097,20.78117670241097,100.0
5810,0,37.765410724469,37.765410724469,100.0
5810,1,51.52016789706633,51.52016789706633,100.0
5810,2,10.71442137846468,10.71442137846468,100.0
5820,0,23.267176547100867,23.267176547100867,100.0
5820,1,33.76684131086972,33.76684131086972,100.0
5820,2,42.96598214202941,42.96598214202941,100.0
5830,0,21.087517191445333,21.087517191445333,100.0
5830,1,38.59736061677491,38.59736061677491,100.0
5830,2,40.31512219177977,40.31512219177977,100.0
5840,0,66.28444827090527,66.28444827090527,100.0
5840,1,14.876280149366902,14.876280149366902,100.0
5840,2,18.83927157972782,18.83927157972782,100.0
5850,0,15.419022157442821,15.419022157442821,100.0
5850,1,14.468600069157816,14.468600069157816,100.0
5850,2,70.11237777339937,70.11237777339937,100.0
5860,0,25.621715350076723,25.621715350076723,100.0
5860,1,18.75584235389507,18.75584235389507,100.0
5860,2,55.622442296028204,55.622442296028204,100.0
5870,0,49.49861109754949,49.49861109754949,100.0
5870,1,24.40386861109066,24.40386861109066,100.0
5870,2,26.09752029135984,26.09752029135984,100.0
5880,0,21.31212430455319,21.31212430455319,100.0
5880,1,46.651864169497095,46.651864169497095,100.0
5880,2,32.03601152594971,32.03601152594971,100.0
5890,0,36.23059353751618,36.23059353751618,100.0
5890,1,13.42974049873262,13.42974049873262,100.0
5890,2,50.3396659637512,50.3396659637512,100.0
5900,0,73.21597192004243,73.21597192004243,100.0
5900,1,14.513665070906942,14.513665070906942,100.0
5900,2,12.27036300905063,12.27036300905063,100.0
5910,0,15.560446269749248,15.560446269749248,100.0
5910,1,15.620159158788885,15.620159158788885,100.0
5910,2,68.81939457146187,68.81939457146187,100.0
5920,0,41.216907411150906,41.216907411150906,100.0
5920,1,35.772239158679604,35.772239158679604,100.0
5920,2,23.01085343016948,23.01085343016948,100.0
5930,0,20.45634871396392,20.45634871396392,100.0
5930,1,36.116119716631744,36.116119716631744,100.0
5930,2,43.42753156940434,43.42753156940434,100.0
5940,0,50.7899139149664,50.7899139149664,100.0
5940,1,31.91955369553801,31.91955369553801,100.0
5940,2,17.29053238949558,17.29053238949558,100.0
5950,0,34.60372230272839,34.60372230272839,100.0
5950,1,13.198644785365104,13.198644785365104,100.0
5950,2,52.19763291190651,52.19763291190651,100.0
5960,0,45.36115597820085,45.36115597820085,100.0
5960,1,37.477068309356135,37.477068309356135,100.0
5960,2,17.16177571244302,17.16177571244302,100.0
5970,0,26.279185515432868,26.279185515432868,100.0
5970,1,34.09859882163654,34.09859882163654,100.0
5970,2,39.62221566293058,39.62221566293058,100.0
5980,0,11.204356689828533,11.204356689828533,100.0
5980,1,46.73756529035204,46.73756529035204,100.0
5980,2,42.05807801981945,42.05807801981945,100.0
5990,0,66.82149162653701,66.82149162653701,100.0
5990,1,19.269739639074817,19.269739639074817,100.0
5990,2,13.908768734388177,13.908768734388177,100.0
6000,0,28.804063079416075,28.804063079416075,100.0
6000,1,29.10357680417453,29.10357680417453,100.0
6000,2,42.0923601164094,42.0923601164094,100.0
6010,0,62.25994502568989,62.25994502568989,100.0
6010,1,20.725451474518003,20.725451474518003,100.0
6010,2,17.01460349979211,17.01460349979211,100.0
6020,0,56.57230842328092,56.57230842328092,100.0
6020,1,22.813674629263826,22.813674629263826,100.0
6020,2,20.61401694745526,20.61401694745526,100.0
6030,0,14.921319715508549,14.921319715508549,100.0
6030,1,12.677337755638352,12.677337755638352,100.0
6030,2,72.4013425288531,72.4013425288531,100.0
6040,0,36.82178849819226,36.82178849819226,100.0
6040,1,46.626996319906375,46.626996319906375,100.0
6040,2,16.55121518190136,16.55121518190136,100.0
6050,0,27.898431686983326,27.898431686983326,100.0
6050,1,25.12526474616081,25.12526474616081,100.0
6050,2,46.97630356685587,46.97630356685587,100.0
6060,0,46.12543887180764,46.12543887180764,100.0
6060,1,11.655233176692617,11.655233176692617,100.0
6060,2,42.21932795149975,42.21932795149975,100.0
6070,0,13.721773934445572,13.721773934445572,100.0
6070,1,12.981245918610545,12.981245918610545,100.0
6070,2,73.2969801469439,73.2969801469439,100.0
6080,0,46.47915820807809,46.47915820807809,100.0
6080,1,34.566953773621236,34.566953773621236,100.0
6080,2,18.953888018300677,18.953888018300677,100.0
6090,0,15.69747809302855,15.69747809302855,100.0
6090,1,19.088939843467287,19.088939843467287,100.0
6090,2,65.21358206350418,65.21358206350418,100.0
6100,0,61.50258048904797,61.50258048904797,100.0
6100,1,29.10550435041282,29.10550435041282,100.0
6100,2,9.391915160539217,9.391915160539217,100.0
6110,0,39.57321094540027,39.57321094540027,100.0
6110,1,41.62467263782298,41.62467263782298,100.0
6110,2,18.80211641677675,18.80211641677675,100.0
6120,0,32.03435107342298,32.03435107342298,100.0
6120,1,38.93794438986718,38.93794438986718,100.0
6120,2,29.02770453670984,29.02770453670984,100.0
6130,0,57.55649158348969,57.55649158348969,100.0
6130,1,22.247411615696233,22.247411615696233,100.0
6130,2,20.196096800814075,20.196096800814075,100.0
6140,0,33.11333921643356,33.11333921643356,100.0
6140,1,22.67445481707116,22.67445481707116,100.0
6140,2,44.21220596649528,44.21220596649528,100.0
6150,0,15.891807035857564,15.891807035857564,100.0
6150,1,16.228792417444453,16.228792417444453,100.0
6150,2,67.879400546698,67.879400546698,100.0
6160,0,66.4082849801885,66.4082849801885,100.0
6160,1,14.99116593139255,14.99116593139255,100.0
6160,2,18.60054908841895,18.60054908841895,100.0
6170,0,58.977783021038036,58.977783021038036,100.0
6170,1,30.395101672120955,30.395101672120955,100.0
6170,2,10.627115306841016,10.627115306841016,100.0
6180,0,56.27275546639873,56.27275546639873,100.0
6180,1,25.64138751247412,25.64138751247412,100.0
6180,2,18.08585702112714,18.08585702112714,100.0
6190,0,11.679664300385124,11.679664300385124,100.0
6190,1,53.370141493656874,53.370141493656874,100.0
6190,2,34.95019420595801,34.95019420595801,100.0
6200,0,42.18702697381987,42.18702697381987,100.0
6200,1,11.91699395259774,11.91699395259774,100.0
6200,2,45.895979073582396,45.895979073582396,100.0
6210,0,14.112600883685802,14.112600883685802,100.0
6210,1,11.411645649661377,11.411645649661377,100.0
6210,2,74.47575346665283,74.47575346665283,100.0
6220,0,36.61966547235402,36.61966547235402,100.0
6220,1,34.48066457977826,34.48066457977826,100.0
6220,2,28.899669947867718,28.899669947867718,100.0
6230,0,31.27240934557385,31.27240934557385,100.0
6230,1,13.965416499942847,13.965416499942847,100.0
6230,2,54.762174154483304,54.762174154483304,100.0
6240,0,16.37097085420946,16.37097085420946,100.0
6240,1,58.05588819102074,58.05588819102074,100.0
6240,2,25.573140954769784,25.573140954769784,100.0
6250,0,32.737877034386756,32.737877034386756,100.0
6250,1,21.01153132893244,21.01153132893244,100.0
6250,2,46.25059163668081,46.25059163668081,100.0
6260,0,16.63040070968683,16.63040070968683,100.0
6260,1,49.79009124845326,49.79009124845326,100.0
6260,2,33.57950804185993,33.57950804185993,100.0
6270,0,20.34595106365223,20.34595106365223,100.0
6270,1,29.194000166925438,29.194000166925438,100.0
6270,2,50.46004876942233,50.46004876942233,100.0
6280,0,74.0962257931961,74.0962257931961,100.0
6280,1,14.059779790727193,14.059779790727193,100.0
6280,2,11.843994416076715,11.843994416076715,100.0
6290,0,16.823581036027196,16.823581036027196,100.0
6290,1,49.556389689231125,49.556389689231125,100.0
6290,2,33.62002927474169,33.62002927474169,100.0
6300,0,10.739974243385879,10.739974243385879,100.0
6300,1,32.17131968851586,32.17131968851586,100.0
6300,2,57.08870606809827,57.08870606809827,100.0
6310,0,38.36303471169409,38.36303471169409,100.0
6310,1,23.769033437973288,23.769033437973288,100.0
6310,2,37.86793185033263,37.86793185033263,100.0
6320,0,49.29461508478787,49.29461508478787,100.0
6320,1,28.56333390594308,28.56333390594308,100.0
6320,2,22.14205100926906,22.14205100926906,100.0
6330,0,38.46260147416732,38.46260147416732,100.0
6330,1,8.595020737203615,8.595020737203615,100.0
6330,2,52.94237778862907,52.94237778862907,100.0
6340,0,51.329417628221776,51.329417628221776,100.0
6340,1,16.876019656935163,16.876019656935163,100.0
6340,2,31.79456271484306,31.79456271484306,100.0
6350,0,41.57217234803603,41.57217234803603,100.0
6350,1,16.768386547555856,16.768386547555856,100.0
6350,2,41.65944110440813,41.65944110440813,100.0
6360,0,68.1654135436788,68.1654135436788,100.0
6360,1,10.896924012697141,10.896924012697141,100.0
6360,2,20.937662443624067,20.937662443624067,100.0
6370,0,39.439480569492225,39.439480569492225,100.0
6370,1,12.337397127361688,12.337397127361688,100.0
6370,2,48.223122303146084,48.223122303146084,100.0
6380,0,21.595840962924093,21.595840962924093,100.0
6380,1,50.967490334194885,50.967490334194885,100.0
6380,2,27.43666870288103,27.43666870288103,100.0
6390,0,23.157692463542965,23.157692463542965,100.0
6390,1,19.03054197584167,19.03054197584167,100.0
6390,2,57.81176556061537,57.81176556061537,100.0
6400,0,53.37906410973026,53.37906410973026,100.0
6400,1,22.845225328282346,22.845225328282346,100.0
6400,2,23.77571056198738,23.77571056198738,100.0
6410,0,40.112393437350384,40.112393437350384,100.0
6410,1,37.798185488359096,37.798185488359096,100.0
6410,2,22.089421074290517,22.089421074290517,100.0
6420,0,67.85302600075744,67.85302600075744,100.0
6420,1,14.42636487273751,14.42636487273751,100.0
6420,2,17.72060912650505,17.72060912650505,100.0
6430,0,34.30377845358933,34.30377845358933,100.0
6430,1,27.442410285384895,27.442410285384895,100.0
6430,2,38.253811261025774,38.253811261025774,100.0
6440,0,58.52338419804275,58.52338419804275,100.0
6440,1,25.59124218952768,25.59124218952768,100.0
6440,2,15.885373612429563,15.885373612429563,100.0
6450,0,30.32012152536726,30.32012152536726,100.0
6450,1,35.24830230810807,35.24830230810807,100.0
6450,2,34.43157616652467,34.43157616652467,100.0
6460,0,25.772444188135278,25.772444188135278,100.0
6460,1,36.041776775688774,36.041776775688774,100.0
6460,2,38.18577903617595,38.18577903617595,100.0
6470,0,63.54613375533277,63.54613375533277,100.0
6470,1,23.874485176391428,23.874485176391428,100.0
6470,2,12.579381068275804,12.579381068275804,100.0
6480,0,15.350976906497028,15.350976906497028,100.0
6480,1,25.484486332228112,25.484486332228112,100.0
6480,2,59.16453676127485,59.16453676127485,100.0
6490,0,41.42280931425969,41.42280931425969,100.0
6490,1,31.18677066616322,31.18677066616322,100.0
6490,2,27.390420019577093,27.390420019577093,100.0
6500,0,46.17441439161784,46.17441439161784,100.0
6500,1,34.82183111778365,34.82183111778365,100.0
6500,2,19.003754490598507,19.003754490598507,100.0
6510,0,20.19553595266429,20.19553595266429,100.0
6510,1,9.927881466097425,9.927881466097425,100.0
6510,2,69.8765825812383,69.8765825812383,100.0
6520,0,22.34191748263241,22.34191748263241,100.0
6520,1,55.197373253201256,55.197373253201256,100.0
6520,2,22.46070926416633,22.46070926416633,100.0
6530,0,67.10449555431471,67.10449555431471,100.0
6530,1,23.59637249393445,23.59637249393445,100.0
6530,2,9.299131951750836,9.299131951750836,100.0
6540,0,13.853679949692822,13.853679949692822,100.0
6540,1,28.159110716974773,28.159110716974773,100.0
6540,2,57.987209333332416,57.987209333332416,100.0
6550,0,21.93361108421403,21.93361108421403,100.0
6550,1,28.520161184796635,28.520161184796635,100.0
6550,2,49.54622773098934,49.54622773098934,100.0
6560,0,54.35060271192288,54.35060271192288,100.0
6560,1,15.83452695913467,15.83452695913467,100.0
6560,2,29.81487032894246,29.81487032894246,100.0
6570,0,13.773150728502698,13.773150728502698,100.0
6570,1,17.00287807297222,17.00287807297222,100.0
6570,2,69.22397119852508,69.22397119852508,100.0
6580,0,25.95967994381061,25.95967994381061,100.0
6580,1,39.591562201948655,39.591562201948655,100.0
6580,2,34.44875785424074,34.44875785424074,100.0
6590,0,24.63262236662382,24.63262236662382,100.0
6590,1,22.364501761945984,22.364501761945984,100.0
6590,2,53.00287587143019,53.00287587143019,100.0
6600,0,16.213684649604716,16.213684649604716,100.0
6600,1,22.4249452500384,22.4249452500384,100.0
6600,2,61.36137010035688,61.36137010035688,100.0
6610,0,59.570891425793846,59.570891425793846,100.0
6610,1,10.013889807323176,10.013889807323176,100.0
6610,2,30.415218766882973,30.415218766882973,100.0
6620,0,19.78564837173404,19.78564837173404,100.0
6620,1,34.5909948541597,34.5909948541597,100.0
6620,2,45.62335677410626,45.62335677410626,100.0
6630,0,11.137330015372461,11.137330015372461,100.0
6630,1,26.021816159287564,26.021816159287564,100.0
6630,2,62.840853825339984,62.840853825339984,100.0
6640,0,49.6256113877009,49.6256113877009,100.0
6640,1,24.716535218195958,24.716535218195958,100.0
6640,2,25.657853394103142,25.657853394103142,100.0
6650,0,21.0686327059272,21.0686327059272,100.0
6650,1,14.848473534056183,14.848473534056183,100.0
6650,2,64.08289376001662,64.08289376001662,100.0
6660,0,32.40877632323152,32.40877632323152,100.0
6660,1,29.82550943131933,29.82550943131933,100.0
6660,2,37.76571424544915,37.76571424544915,100.0
6670,0,60.74237562068476,60.74237562068476,100.0
6670,1,13.22837549519204,13.22837549519204,100.0
6670,2,26.02924888412319,26.02924888412319,100.0
6680,0,34.767597381617215,34.767597381617215,100.0
6680,1,45.65548048188355,45.65548048188355,100.0
6680,2,19.57692213649923,19.57692213649923,100.0
6690,0,20.365810388060126,20.365810388060126,100.0
6690,1,29.673450255971943,29.673450255971943,100.0
6690,2,49.96073935596794,49.96073935596794,100.0
6700,0,45.38357245302266,45.38357245302266,100.0
6700,1,34.44557110748317,34.44557110748317,100.0
6700,2,20.17085643949418,20.17085643949418,100.0
6710,0,39.87275628308803,39.87275628308803,100.0
6710,1,34.9986337279323,34.9986337279323,100.0
6710,2,25.128609988979672,25.128609988979672,100.0
6720,0,24.934545753044535,24.934545753044535,100.0
6720,1,34.5471971588534,34.5471971588534,100.0
6720,2,40.51825708810207,40.51825708810207,100.0
6730,0,43.183684291372735,43.183684291372735,100.0
6730,1,30.743183304168802,30.743183304168802,100.0
6730,2,26.073132404458455,26.073132404458455,100.0
6740,0,47.41999005021665,47.41999005021665,100.0
6740,1,24.017992565774982,24.017992565774982,100.0
6740,2,28.56201738400837,28.56201738400837,100.0
6750,0,13.73303789363926,13.73303789363926,100.0
6750,1,11.175749315336251,11.175749315336251,100.0
6750,2,75.0912127910245,75.0912127910245,100.0
6760,0,36.83210506981915,36.83210506981915,100.0
6760,1,47.4048807378756,47.4048807378756,100.0
6760,2,15.763014192305242,15.763014192305242,100.0
6770,0,35.683507825102936,35.683507825102936,100.0
6770,1,32.287179576203,32.287179576203,100.0
6770,2,32.02931259869406,32.02931259869406,100.0
6780,0,42.52499826034301,42.52499826034301,100.0
6780,1,19.322693801906755,19.322693801906755,100.0
6780,2,38.15230793775024,38.15230793775024,100.0
6790,0,40.42351171587899,40.42351171587899,100.0
6790,1,11.498176180326722,11.498176180326722,100.0
6790,2,48.07831210379431,48.07831210379431,100.0
6800,0,24.30163717890334,24.30163717890334,100.0
6800,1,24.386467267098624,24.386467267098624,100.0
6800,2,51.31189555399804,51.31189555399804,100.0
6810,0,12.117194171219788,12.117194171219788,100.0
6810,1,15.561876545610884,15.561876545610884,100.0
6810,2,72.32092928316932,72.32092928316932,100.0
6820,0,25.878912970125185,25.878912970125185,100.0
6820,1,25.432711587795147,25.432711587795147,100.0
6820,2,48.68837544207966,48.68837544207966,100.0
6830,0,55.28939394680571,55.28939394680571,100.0
6830,1,20.891843759350483,20.891843759350483,100.0
6830,2,23.81876229384382,23.81876229384382,100.0
6840,0,29.839396550551477,29.839396550551477,100.0
6840,1,28.529177822943364,28.529177822943364,100.0
6840,2,41.631425626505155,41.631425626505155,100.0
6850,0,22.03353181309405,22.03353181309405,100.0
6850,1,57.548525950288074,57.548525950288074,100.0
6850,2,20.417942236617872,20.417942236617872,100.0
6860,0,27.050094793120877,27.050094793120877,100.0
6860,1,23.754881058572128,23.754881058572128,100.0
6860,2,49.195024148307006,49.195024148307006,100.0
6870,0,14.496256632565863,14.496256632565863,100.0
6870,1,20.543772749981272,20.543772749981272,100.0
6870,2,64.95997061745287,64.95997061745287,100.0
6880,0,38.78597612593745,38.78597612593745,100.0
6880,1,30.2875413110405,30.2875413110405,100.0
6880,2,30.926482563022056,30.926482563022056,100.0
6890,0,23.40820886017503,23.40820886017503,100.0
6890,1,59.19370026392924,59.19370026392924,100.0
6890,2,17.398090875895743,17.398090875895743,100.0
6900,0,42.59706529273197,42.59706529273197,100.0
6900,1,14.312723531117141,14.312723531117141,100.0
6900,2,43.09021117615089,43.09021117615089,100.0
6910,0,72.43989446897184,72.43989446897184,100.0
6910,1,12.298696054552442,12.298696054552442,100.0
6910,2,15.261409476475718,15.261409476475718,100.0
6920,0,13.76096378183492,13.76096378183492,100.0
6920,1,56.634536945044424,56.634536945044424,100.0
6920,2,29.604499273120656,29.604499273120656,100.0
6930,0,36.68984963627297,36.68984963627297,100.0
6930,1,30.881919807002784,30.881919807002784,100.0
6930,2,32.428230556724245,32.428230556724245,100.0
6940,0,54.18037650061206,54.18037650061206,100.0
6940,1,17.33168083178039,17.33168083178039,100.0
6940,2,28.487942667607552,28.487942667607552,100.0
6950,0,41.79569336637973,41.79569336637973,100.0
6950,1,15.32531519441778,15.32531519441778,100.0
6950,2,42.878991439202494,42.878991439202494,100.0
6960,0,25.418170550586904,25.418170550586904,100.0
6960,1,39.23648125780774,39.23648125780774,100.0
6960,2,35.34534819160536,35.34534819160536,100.0
6970,0,31.999592616486673,31.999592616486673,100.0
6970,1,16.09417640761835,16.09417640761835,100.0
6970,2,51.906230975894985,51.906230975894985,100.0
6980,0,36.33508280589071,36.33508280589071,100.0
6980,1,46.49965667538206,46.49965667538206,100.0
6980,2,17.165260518727244,17.165260518727244,100.0
6990,0,29.257750927659497,29.257750927659497,100.0
6990,1,12.628657806847238,12.628657806847238,100.0
6990,2,58.11359126549327,58.11359126549327,100.0
7000,0,47.464097917792984,47.464097917792984,100.0
7000,1,33.755073568908394,33.755073568908394,100.0
7000,2,18.780828513298637,18.780828513298637,100.0
7010,0,63.89778646229707,63.89778646229707,100.0
7010,1,17.81518385988318,17.81518385988318,100.0
7010,2,18.287029677819756,18.287029677819756,100.0
7020,0,48.72150314348016,48.72150314348016,100.0
7020,1,14.132004769618018,14.132004769618018,100.0
7020,2,37.146492086901816,37.146492086901816,100.0
7030,0,37.07927976483865,37.07927976483865,100.0
7030,1,11.791040702500835,11.791040702500835,100.0
7030,2,51.12967953266052,51.12967953266052,100.0
7040,0,67.63407327612096,67.63407327612096,100.0
7040,1,12.403505316621485,12.403505316621485,100.0
7040,2,19.962421407257555,19.962421407257555,100.0
7050,0,10.380033987583932,10.380033987583932,100.0
7050,1,24.488649916990173,24.488649916990173,100.0
7050,2,65.1313160954259,65.1313160954259,100.0
7060,0,12.791822870585149,12.791822870585149,100.0
7060,1,17.5590277309165,17.5590277309165,100.0
7060,2,69.64914939849835,69.64914939849835,100.0
7070,0,42.218448285048915,42.218448285048915,100.0
7070,1,41.005529435181984,41.005529435181984,100.0
7070,2,16.776022279769105,16.776022279769105,100.0
7080,0,34.92576024697965,34.92576024697965,100.0
7080,1,26.998641090783266,26.998641090783266,100.0
7080,2,38.075598662237084,38.075598662237084,100.0
7090,0,44.753627356521655,44.753627356521655,100.0
7090,1,38.73445308396409,38.73445308396409,100.0
7090,2,16.511919559514247,16.511919559514247,100.0
7100,0,49.97937359379729,49.97937359379729,100.0
7100,1,30.48737752167929,30.48737752167929,100.0
7100,2,19.533248884523413,19.533248884523413,100.0
7110,0,12.382819550989083,12.382819550989083,100.0
7110,1,14.457399654830011,14.457399654830011,100.0
7110,2,73.1597807941809,73.1597807941809,100.0
7120,0,65.2462152540498,65.2462152540498,100.0
7120,1,14.94856542283712,14.94856542283712,100.0
7120,2,19.805219323113082,19.805219323113082,100.0
7130,0,57.43100102899017,57.43100102899017,100.0
7130,1,11.462552439436053,11.462552439436053,100.0
7130,2,31.106446531573784,31.106446531573784,100.0
7140,0,34.935235171207644,34.935235171207644,100.0
7140,1,55.24716781286754,55.24716781286754,100.0
7140,2,9.817597015924822,9.817597015924822,100.0
7150,0,34.66039722705053,34.66039722705053,100.0
7150,1,14.213060490061316,14.213060490061316,100.0
7150,2,51.12654228288815,51.12654228288815,100.0
7160,0,14.873296940257836,14.873296940257836,100.0
7160,1,49.32817884235672,49.32817884235672,100.0
7160,2,35.79852421738544,35.79852421738544,100.0
7170,0,38.70041265232241,38.70041265232241,100.0
7170,1,14.044720299204078,14.044720299204078,100.0
7170,2,47.25486704847352,47.25486704847352,100.0
7180,0,26.5142283300971,26.5142283300971,100.0
7180,1,35.77911302621774,35.77911302621774,100.0
7180,2,37.706658643685145,37.706658643685145,100.0
7190,0,58.85685668821176,58.85685668821176,100.0
7190,1,19.467422336641633,19.467422336641633,100.0
7190,2,21.675720975146604,21.675720975146604,100.0
7200,0,26.900637950198114,26.900637950198114,100.0
7200,1,43.16681597777631,43.16681597777631,100.0
7200,2,29.932546072025584,29.932546072025584,100.0
7210,0,27.12017309314823,27.12017309314823,100.0
7210,1,51.12331272470391,51.12331272470391,100.0
7210,2,21.756514182147868,21.756514182147868,100.0
7220,0,55.7108733508851,55.7108733508851,100.0
7220,1,20.15382679255721,20.15382679255721,100.0
7220,2,24.135299856557687,24.135299856557687,100.0
7230,0,20.322081850560345,20.322081850560345,100.0
7230,1,17.972670314564336,17.972670314564336,100.0
7230,2,61.70524783487532,61.70524783487532,100.0
7240,0,26.352187727367042,26.352187727367042,100.0
7240,1,20.893055600618563,20.893055600618563,100.0
7240,2,52.7547566720144,52.7547566720144,100.0
7250,0,27.478531592907203,27.478531592907203,100.0
7250,1,31.906873569168866,31.906873569168866,100.0
7250,2,40.61459483792393,40.61459483792393,100.0
7260,0,33.78841945233697,33.78841945233697,100.0
7260,1,39.622229744261794,39.622229744261794,100.0
7260,2,26.589350803401242,26.589350803401242,100.0
7270,0,28.766738004862123,28.766738004862123,100.0
7270,1,38.815607351040335,38.815607351040335,100.0
7270,2,32.417654644097546,32.417654644097546,100.0
7280,0,38.41881621820022,38.41881621820022,100.0
7280,1,16.26215187172751,16.26215187172751,100.0
7280,2,45.31903191007228,45.31903191007228,100.0
7290,0,12.12138602218208,12.12138602218208,100.0
7290,1,20.70102453523238,20.70102453523238,100.0
7290,2,67.17758944258554,67.17758944258554,100.0
7300,0,23.922378417006627,23.922378417006627,100.0
7300,1,25.403390912229913,25.403390912229913,100.0
7300,2,50.674230670763464,50.674230670763464,100.0
7310,0,21.529593572116184,21.529593572116184,100.0
7310,1,55.106112488231254,55.106112488231254,100.0
7310,2,23.364293939652566,23.364293939652566,100.0
7320,0,17.88120237519881,17.88120237519881,100.0
7320,1,41.025805532559545,41.025805532559545,100.0
7320,2,41.09299209224165,41.09299209224165,100.0
7330,0,52.37704899184862,52.37704899184862,100.0
7330,1,32.22860870166425,32.22860870166425,100.0
7330,2,15.394342306487133,15.394342306487133,100.0
7340,0,12.844096970123209,12.844096970123209,100.0
7340,1,40.57236366013583,40.57236366013583,100.0
7340,2,46.58353936974097,46.58353936974097,100.0
7350,0,28.02932960628987,28.02932960628987,100.0
7350,1,42.87414074536045,42.87414074536045,100.0
7350,2,29.096529648349673,29.096529648349673,100.0
7360,0,30.94824409159857,30.94824409159857,100.0
7360,1,16.963943234415904,16.963943234415904,100.0
7360,2,52.087812673985525,52.087812673985525,100.0
7370,0,37.27719898278845,37.27719898278845,100.0
7370,1,20.53661979380912,20.53661979380912,100.0
7370,2,42.186181223402436,42.186181223402436,100.0
7380,0,49.677605424791764,49.677605424791764,100.0
7380,1,25.209852030176084,25.209852030176084,100.0
7380,2,25.112542545032145,25.112542545032145,100.0
7390,0,59.6139896983837,59.6139896983837,100.0
7390,1,26.47274580283395,26.47274580283395,100.0
7390,2,13.913264498782363,13.913264498782363,100.0
7400,0,68.03830457319432,68.03830457319432,100.0
7400,1,12.329284244149008,12.329284244149008,100.0
7400,2,19.63241118265667,19.63241118265667,100.0
7410,0,13.030289780777085,13.030289780777085,100.0
7410,1,12.054139274192902,12.054139274192902,100.0
7410,2,74.91557094503001,74.91557094503001,100.0
7420,0,27.43339179379356,27.43339179379356,100.0
7420,1,42.47181223391191,42.47181223391191,100.0
7420,2,30.094795972294534,30.094795972294534,100.0
7430,0,32.570772236195026,32.570772236195026,100.0
7430,1,38.72866619391185,38.72866619391185,100.0
7430,2,28.70056156989314,28.70056156989314,100.0
7440,0,34.25669212236537,34.25669212236537,100.0
7440,1,17.391281852458373,17.391281852458373,100.0
7440,2,48.35202602517626,48.35202602517626,100.0
7450,0,67.82004225994368,67.82004225994368,100.0
7450,1,15.869149903035323,15.869149903035323,100.0
7450,2,16.310807837021006,16.310807837021006,100.0
7460,0,64.69008959622144,64.69008959622144,100.0
7460,1,13.648878723135894,13.648878723135894,100.0
7460,2,21.66103168064267,21.66103168064267,100.0
7470,0,11.8052607688508,11.8052607688508,100.0
7470,1,13.447319594017044,13.447319594017044,100.0
7470,2,74.74741963713215,74.74741963713215,100.0
7480,0,47.779533632012196,47.779533632012196,100.0
7480,1,25.38240766714328,25.38240766714328,100.0
7480,2,26.838058700844524,26.838058700844524,100.0
7490,0,46.093517782645705,46.093517782645705,100.0
7490,1,18.878464924325993,18.878464924325993,100.0
7490,2,35.0280172930283,35.0280172930283,100.0
7500,0,22.69483625487507,22.69483625487507,100.0
7500,1,43.71401272588438,43.71401272588438,100.0
7500,2,33.59115101924054,33.59115101924054,100.0
7510,0,34.8226666691096,34.8226666691096,100.0
7510,1,35.266821600802096,35.266821600802096,100.0
7510,2,29.910511730088313,29.910511730088313,100.0
7520,0,30.535505932452878,30.535505932452878,100.0
7520,1,33.13094482178236,33.13094482178236,100.0
7520,2,36.333549245764765,36.333549245764765,100.0
7530,0,7.469382901746553,7.469382901746553,100.0
7530,1,40.43447231698708,40.43447231698708,100.0
7530,2,52.096144781266375,52.096144781266375,100.0
7540,0,28.07461873934556,28.07461873934556,100.0
7540,1,46.82579509534365,46.82579509534365,100.0
7540,2,25.0995861653108,25.0995861653108,100.0
7550,0,25.18343294160011,25.18343294160011,100.0
7550,1,55.639523033247286,55.639523033247286,100.0
7550,2,19.177044025152608,19.177044025152608,100.0
7560,0,47.79582350237861,47.79582350237861,100.0
7560,1,26.83940929027472,26.83940929027472,100.0
7560,2,25.364767207346674,25.364767207346674,100.0
7570,0,31.658700157011655,31.658700157011655,100.0
7570,1,44.69718218255873,44.69718218255873,100.0
7570,2,23.644117660429625,23.644117660429625,100.0
7580,0,42.74404775328459,42.74404775328459,100.0
7580,1,23.43427615798708,23.43427615798708,100.0
7580,2,33.821676088728324,33.821676088728324,100.0
7590,0,11.472644481960256,11.472644481960256,100.0
7590,1,25.44704922629024,25.44704922629024,100.0
7590,2,63.08030629174951,63.08030629174951,100.0
7600,0,62.56366561016087,62.56366561016087,100.0
7600,1,21.571525980151407,21.571525980151407,100.0
7600,2,15.864808409687722,15.864808409687722,100.0
7610,0,26.659611849529526,26.659611849529526,100.0
7610,1,54.092683689973164,54.092683689973164,100.0
7610,2,19.24770446049731,19.24770446049731,100.0
7620,0,58.57075048409518,58.57075048409518,100.0
7620,1,21.692467834559878,21.692467834559878,100.0
7620,2,19.73678168134495,19.73678168134495,100.0
7630,0,20.17826394383616,20.17826394383616,100.0
7630,1,34.093216172700416,34.093216172700416,100.0
7630,2,45.728519883463434,45.728519883463434,100.0
7640,0,22.013194770827965,22.013194770827965,100.0
7640,1,51.83067683616574,51.83067683616574,100.0
7640,2,26.156128393006302,26.156128393006302,100.0
7650,0,17.912122006079002,17.912122006079002,100.0
7650,1,32.210196986568725,32.210196986568725,100.0
7650,2,49.87768100735227,49.87768100735227,100.0
7660,0,19.956168669411635,19.956168669411635,100.0
7660,1,64.28735348568942,64.28735348568942,100.0
7660,2,15.756477844898939,15.756477844898939,100.0
7670,0,38.74314882249909,38.74314882249909,100.0
7670,1,20.23413074503315,20.23413074503315,100.0
7670,2,41.02272043246777,41.02272043246777,100.0
7680,0,22.379230582121433,22.379230582121433,100.0
7680,1,16.69496593422595,16.69496593422595,100.0
7680,2,60.925803483652615,60.925803483652615,100.0
7690,0,33.41208155450144,33.41208155450144,100.0
7690,1,20.14190996610174,20.14190996610174,100.0
7690,2,46.446008479396816,46.446008479396816,100.0
7700,0,62.21444872791055,62.21444872791055,100.0
7700,1,17.42392844629725,17.42392844629725,100.0
7700,2,20.361622825792196,20.361622825792196,100.0
7710,0,21.108227305627324,21.108227305627324,100.0
7710,1,22.21084776577612,22.21084776577612,100.0
7710,2,56.68092492859657,56.68092492859657,100.0
7720,0,23.19337183862894,23.19337183862894,100.0
7720,1,48.81829724257406,48.81829724257406,100.0
7720,2,27.98833091879699,27.98833091879699,100.0
7730,0,37.78279837370593,37.78279837370593,100.0
7730,1,44.50593092315297,44.50593092315297,100.0
7730,2,17.71127070314111,17.71127070314111,100.0
7740,0,54.40108698531624,54.40108698531624,100.0
7740,1,18.93380397796765,18.93380397796765,100.0
7740,2,26.665109036716117,26.665109036716117,100.0
7750,0,67.09613381844713,67.09613381844713,100.0
7750,1,14.775382337601936,14.775382337601936,100.0
7750,2,18.12848384395093,18.12848384395093,100.0
7760,0,36.3594362454473,36.3594362454473,100.0
7760,1,50.1959294274455,50.1959294274455,100.0
7760,2,13.444634327107213,13.444634327107213,100.0
7770,0,31.411243732500928,31.411243732500928,100.0
7770,1,20.14054145484555,20.14054145484555,100.0
7770,2,48.448214812653525,48.448214812653525,100.0
7780,0,45.12271582927158,45.12271582927158,100.0
7780,1,19.53117936004985,19.53117936004985,100.0
7780,2,35.34610481067856,35.34610481067856,100.0
7790,0,38.22656808598613,38.22656808598613,100.0
7790,1,12.79162984120165,12.79162984120165,100.0
7790,2,48.981802072812236,48.981802072812236,100.0
7800,0,52.5044089821613,52.5044089821613,100.0
7800,1,8.027911641880793,8.027911641880793,100.0
7800,2,39.46767937595791,39.46767937595791,100.0
7810,0,47.21691686590432,47.21691686590432,100.0
7810,1,38.859692737355836,38.859692737355836,100.0
7810,2,13.92339039673986,13.92339039673986,100.0
7820,0,37.7216934753222,37.7216934753222,100.0
7820,1,27.877077406076378,27.877077406076378,100.0
7820,2,34.40122911860142,34.40122911860142,100.0
7830,0,13.223708549870794,13.223708549870794,100.0
7830,1,13.151880702014514,13.151880702014514,100.0
7830,2,73.6244107481147,73.6244107481147,100.0
7840,0,20.758892650550976,20.758892650550976,100.0
7840,1,12.93602085384727,12.93602085384727,100.0
7840,2,66.30508649560176,66.30508649560176,100.0
7850,0,58.91846143698024,58.91846143698024,100.0
7850,1,15.586074164270903,15.586074164270903,100.0
7850,2,25.49546439874886,25.49546439874886,100.0
7860,0,46.71458443412051,46.71458443412051,100.0
7860,1,39.41498239597851,39.41498239597851,100.0
7860,2,13.870433169900979,13.870433169900979,100.0
7870,0,46.989071509821464,46.989071509821464,100.0
7870,1,19.76060325143309,19.76060325143309,100.0
7870,2,33.25032523874545,33.25032523874545,100.0
7880,0,47.96152252537876,47.96152252537876,100.0
7880,1,10.601135910302064,10.601135910302064,100.0
7880,2,41.43734156431917,41.43734156431917,100.0
7890,0,14.876796545082529,14.876796545082529,100.0
7890,1,11.303780704583193,11.303780704583193,100.0
7890,2,73.81942275033427,73.81942275033427,100.0
7900,0,60.4720210144188,60.4720210144188,100.0
7900,1,10.08204124081798,10.08204124081798,100.0
7900,2,29.445937744763228,29.445937744763228,100.0
7910,0,52.07483902265181,52.07483902265181,100.0
7910,1,23.75171094011209,23.75171094011209,100.0
7910,2,24.1734500372361,24.1734500372361,100.0
7920,0,47.182583075596895,47.182583075596895,100.0
7920,1,28.698407062040165,28.698407062040165,100.0
7920,2,24.11900986236294,24.11900986236294,100.0
7930,0,23.480622474591133,23.480622474591133,100.0
7930,1,60.236802982077286,60.236802982077286,100.0
7930,2,16.28257454333158,16.28257454333158,100.0
7940,0,44.11193029094618,44.11193029094618,100.0
7940,1,9.383623905820297,9.383623905820297,100.0
7940,2,46.50444580323354,46.50444580323354,100.0
7950,0,12.497885976762872,12.497885976762872,100.0
7950,1,11.492447844947897,11.492447844947897,100.0
7950,2,76.00966617828924,76.00966617828924,100.0
7960,0,24.127405413130784,24.127405413130784,100.0
7960,1,11.582855176509169,11.582855176509169,100.0
7960,2,64.28973941036004,64.28973941036004,100.0
7970,0,30.57137603659376,30.57137603659376,100.0
7970,1,41.281699233584554,41.281699233584554,100.0
7970,2,28.146924729821688,28.146924729821688,100.0
7980,0,31.32588572570658,31.32588572570658,100.0
7980,1,19.22711558092753,19.22711558092753,100.0
7980,2,49.4469986933659,49.4469986933659,100.0
7990,0,16.21379771504041,16.21379771504041,100.0
7990,1,33.33358847800031,33.33358847800031,100.0
7990,2,50.45261380695928,50.45261380695928,100.0
8000,0,26.181027864856876,26.181027864856876,100.0
8000,1,33.066611514887,33.066611514887,100.0
8000,2,40.75236062025612,40.75236062025612,100.0
8010,0,13.061574767537024,13.061574767537024,100.0
8010,1,21.203446718211698,21.203446718211698,100.0
8010,2,65.73497851425128,65.73497851425128,100.0
8020,0,33.34458722049458,33.34458722049458,100.0
8020,1,34.45517200323669,34.45517200323669,100.0
8020,2,32.20024077626873,32.20024077626873,100.0
8030,0,38.497959274991295,38.497959274991295,100.0
8030,1,50.56501561905197,50.56501561905197,100.0
8030,2,10.937025105956732,10.937025105956732,100.0
8040,0,23.89795843723088,23.89795843723088,100.0
8040,1,19.915657280801128,19.915657280801128,100.0
8040,2,56.186384281967996,56.186384281967996,100.0
8050,0,32.053921332250916,32.053921332250916,100.0
8050,1,21.995663231148104,21.995663231148104,100.0
8050,2,45.95041543660097,45.95041543660097,100.0
8060,0,35.144415257794876,35.144415257794876,100.0
8060,1,34.9718812518774,34.9718812518774,100.0
8060,2,29.883703490327733,29.883703490327733,100.0
8070,0,16.148103585726815,16.148103585726815,100.0
8070,1,14.454053203443651,14.454053203443651,100.0
8070,2,69.39784321082954,69.39784321082954,100.0
8080,0,49.71947949030967,49.71947949030967,100.0
8080,1,23.391923351060903,23.391923351060903,100.0
8080,2,26.888597158629423,26.888597158629423,100.0
8090,0,41.78240665417707,41.78240665417707,100.0
8090,1,23.25877726502206,23.25877726502206,100.0
8090,2,34.95881608080087,34.95881608080087,100.0
8100,0,32.23446569998155,32.23446569998155,100.0
8100,1,13.661001672790613,13.661001672790613,100.0
8100,2,54.10453262722783,54.10453262722783,100.0
8110,0,50.175990658628145,50.175990658628145,100.0
8110,1,8.485384713035323,8.485384713035323,100.0
8110,2,41.33862462833654,41.33862462833654,100.0
8120,0,32.00603366355744,32.00603366355744,100.0
8120,1,29.154076223612158,29.154076223612158,100.0
8120,2,38.83989011283041,38.83989011283041,100.0
8130,0,15.49395608971063,15.49395608971063,100.0
8130,1,29.188624225183542,29.188624225183542,100.0
8130,2,55.31741968510584,55.31741968510584,100.0
8140,0,44.383397097043,44.383397097043,100.0
8140,1,43.013422794969145,43.013422794969145,100.0
8140,2,12.60318010798785,12.60318010798785,100.0
8150,0,59.997729184471225,59.997729184471225,100.0
8150,1,20.786531478129415,20.786531478129415,100.0
8150,2,19.21573933739936,19.21573933739936,100.0
8160,0,40.452738269342056,40.452738269342056,100.0
8160,1,20.305603669417422,20.305603669417422,100.0
8160,2,39.24165806124052,39.24165806124052,100.0
8170,0,30.48832143182677,30.48832143182677,100.0
8170,1,51.05203310114636,51.05203310114636,100.0
8170,2,18.45964546702687,18.45964546702687,100.0
8180,0,41.738073941329056,41.738073941329056,100.0
8180,1,7.501216203958096,7.501216203958096,100.0
8180,2,50.76070985471285,50.76070985471285,100.0
8190,0,12.672043740706151,12.672043740706151,100.0
8190,1,11.953253456905733,11.953253456905733,100.0
8190,2,75.37470280238813,75.37470280238813,100.0
8200,0,21.572149103113407,21.572149103113407,100.0
8200,1,23.156153487351933,23.156153487351933,100.0
8200,2,55.27169740953466,55.27169740953466,100.0
8210,0,45.39648837851684,45.39648837851684,100.0
8210,1,32.75587893068233,32.75587893068233,100.0
8210,2,21.847632690800843,21.847632690800843,100.0
8220,0,55.53865375617659,55.53865375617659,100.0
8220,1,27.811150778717803,27.811150778717803,100.0
8220,2,16.650195465105604,16.650195465105604,100.0
8230,0,50.37549360505624,50.37549360505624,100.0
8230,1,7.336913940045117,7.336913940045117,100.0
8230,2,42.28759245489864,42.28759245489864,100.0
8240,0,42.6965378621162,42.6965378621162,100.0
8240,1,30.60595150629064,30.60595150629064,100.0
8240,2,26.697510631593165,26.697510631593165,100.0
8250,0,14.807892615191223,14.807892615191223,100.0
8250,1,10.511474514806322,10.511474514806322,100.0
8250,2,74.68063287000246,74.68063287000246,100.0
8260,0,30.54363971655652,30.54363971655652,100.0
8260,1,40.41064225446417,40.41064225446417,100.0
8260,2,29.045718028979305,29.045718028979305,100.0
8270,0,69.97896306229525,69.97896306229525,100.0
8270,1,14.184774942867723,14.184774942867723,100.0
8270,2,15.836261994837026,15.836261994837026,100.0
8280,0,50.73103791982031,50.73103791982031,100.0
8280,1,25.230419156593804,25.230419156593804,100.0
8280,2,24.038542923585897,24.038542923585897,100.0
8290,0,36.109386645568186,36.109386645568186,100.0
8290,1,34.16334794723578,34.16334794723578,100.0
8290,2,29.72726540719604,29.72726540719604,100.0
8300,0,46.21820298284822,46.21820298284822,100.0
8300,1,26.7237914175145,26.7237914175145,100.0
8300,2,27.05800559963728,27.05800559963728,100.0
8310,0,15.96797716320981,15.96797716320981,100.0
8310,1,12.408733519168162,12.408733519168162,100.0
8310,2,71.62328931762202,71.62328931762202,100.0
8320,0,31.99254385400695,31.99254385400695,100.0
8320,1,22.630103578223615,22.630103578223615,100.0
8320,2,45.37735256776944,45.37735256776944,100.0
8330,0,62.25010031033483,62.25010031033483,100.0
8330,1,20.354307449245574,20.354307449245574,100.0
8330,2,17.39559224041958,17.39559224041958,100.0
8340,0,45.20503042174153,45.20503042174153,100.0
8340,1,21.034323647450105,21.034323647450105,100.0
8340,2,33.760645930808366,33.760645930808366,100.0
8350,0,34.70069235512936,34.70069235512936,100.0
8350,1,26.493505040231508,26.493505040231508,100.0
8350,2,38.80580260463915,38.80580260463915,100.0
8360,0,27.61625185187056,27.61625185187056,100.0
8360,1,32.30005667738231,32.30005667738231,100.0
8360,2,40.08369147074713,40.08369147074713,100.0
8370,0,26.177378019597885,26.177378019597885,100.0
8370,1,23.138076914443996,23.138076914443996,100.0
8370,2,50.68454506595812,50.68454506595812,100.0
8380,0,8.06648309534654,8.06648309534654,100.0
8380,1,39.22954614322083,39.22954614322083,100.0
8380,2,52.70397076143263,52.70397076143263,100.0
8390,0,36.78558791841115,36.78558791841115,100.0
8390,1,10.40346420503365,10.40346420503365,100.0
8390,2,52.81094787655519,52.81094787655519,100.0
8400,0,32.29290293216192,32.29290293216192,100.0
8400,1,31.79088921594252,31.79088921594252,100.0
8400,2,35.916207851895564,35.916207851895564,100.0
8410,0,61.16060053975604,61.16060053975604,100.0
8410,1,12.932573012158437,12.932573012158437,100.0
8410,2,25.906826448085535,25.906826448085535,100.0
8420,0,27.13889586860831,27.13889586860831,100.0
8420,1,60.04357956347155,60.04357956347155,100.0
8420,2,12.817524567920147,12.817524567920147,100.0
8430,0,28.26144254080453,28.26144254080453,100.0
8430,1,32.161962712700074,32.161962712700074,100.0
8430,2,39.576594746495395,39.576594746495395,100.0
8440,0,44.74331656820434,44.74331656820434,100.0
8440,1,37.500108723663445,37.500108723663445,100.0
8440,2,17.756574708132224,17.756574708132224,100.0
8450,0,39.684039350379564,39.684039350379564,100.0
8450,1,15.744749553838536,15.744749553838536,100.0
8450,2,44.571211095781905,44.571211095781905,100.0
8460,0,61.42384606005742,61.42384606005742,100.0
8460,1,20.177534075344838,20.177534075344838,100.0
8460,2,18.398619864597737,18.398619864597737,100.0
8470,0,13.19624948126866,13.19624948126866,100.0
8470,1,60.68102357789099,60.68102357789099,100.0
8470,2,26.12272694084035,26.12272694084035,100.0
8480,0,45.92865735666759,45.92865735666759,100.0
8480,1,7.435984034372786,7.435984034372786,100.0
8480,2,46.63535860895961,46.63535860895961,100.0
8490,0,11.40057852100038,11.40057852100038,100.0
8490,1,14.604813166568986,14.604813166568986,100.0
8490,2,73.99460831243064,73.99460831243064,100.0
8500,0,26.606754797718235,26.606754797718235,100.0
8500,1,19.256348395844004,19.256348395844004,100.0
8500,2,54.13689680643776,54.13689680643776,100.0
8510,0,49.992844563144345,49.992844563144345,100.0
8510,1,35.2852275195447,35.2852275195447,100.0
8510,2,14.72192791731095,14.72192791731095,100.0
8520,0,45.564114373078816,45.564114373078816,100.0
8520,1,14.916892754190956,14.916892754190956,100.0
8520,2,39.51899287273023,39.51899287273023,100.0
8530,0,25.278614615264715,25.278614615264715,100.0
8530,1,13.424588894286305,13.424588894286305,100.0
8530,2,61.296796490448976,61.296796490448976,100.0
8540,0,35.63604645971105,35.63604645971105,100.0
8540,1,21.0706923799225,21.0706923799225,100.0
8540,2,43.293261160366455,43.293261160366455,100.0
8550,0,21.21801210483761,21.21801210483761,100.0
8550,1,14.509823404131536,14.509823404131536,100.0
8550,2,64.27216449103086,64.27216449103086,100.0
8560,0,33.223306799730615,33.223306799730615,100.0
8560,1,30.815801672339305,30.815801672339305,100.0
8560,2,35.96089152793008,35.96089152793008,100.0
8570,0,19.026038437009458,19.026038437009458,100.0
8570,1,33.264969678075545,33.264969678075545,100.0
8570,2,47.708991884915,47.708991884915,100.0
8580,0,65.97170114000849,65.97170114000849,100.0
8580,1,9.318487390135525,9.318487390135525,100.0
8580,2,24.70981146985598,24.70981146985598,100.0
8590,0,57.61671071672745,57.61671071672745,100.0
8590,1,32.239892147736946,32.239892147736946,100.0
8590,2,10.143397135535594,10.143397135535594,100.0
8600,0,47.08510349236566,47.08510349236566,100.0
8600,1,9.904719088275565,9.904719088275565,100.0
8600,2,43.01017741935878,43.01017741935878,100.0
8610,0,20.115007103053774,20.115007103053774,100.0
8610,1,10.97881151103269,10.97881151103269,100.0
8610,2,68.90618138591353,68.90618138591353,100.0
8620,0,27.816619506102967,27.816619506102967,100.0
8620,1,23.551575119628744,23.551575119628744,100.0
8620,2,48.63180537426829,48.63180537426829,100.0
8630,0,47.78475401795697,47.78475401795697,100.0
8630,1,35.61326543300196,35.61326543300196,100.0
8630,2,16.601980549041077,16.601980549041077,100.0
8640,0,25.140304634932765,25.140304634932765,100.0
8640,1,15.097451008553605,15.097451008553605,100.0
8640,2,59.76224435651364,59.76224435651364,100.0
8650,0,48.82716495533085,48.82716495533085,100.0
8650,1,41.21209366689821,41.21209366689821,100.0
8650,2,9.960741377770937,9.960741377770937,100.0
8660,0,44.76081980285432,44.76081980285432,100.0
8660,1,12.441601089970373,12.441601089970373,100.0
8660,2,42.797579107175316,42.797579107175316,100.0
8670,0,18.108422003538745,18.108422003538745,100.0
8670,1,14.030289537411967,14.030289537411967,100.0
8670,2,67.86128845904929,67.86128845904929,100.0
8680,0,19.054418049278706,19.054418049278706,100.0
8680,1,16.827140508983998,16.827140508983998,100.0
8680,2,64.11844144173729,64.11844144173729,100.0
8690,0,57.062079072503295,57.062079072503295,100.0
8690,1,14.287778980039246,14.287778980039246,100.0
8690,2,28.65014194745747,28.65014194745747,100.0
8700,0,58.396978407857645,58.396978407857645,100.0
8700,1,15.512166671920905,15.512166671920905,100.0
8700,2,26.090854920221464,26.090854920221464,100.0
8710,0,58.348505070527764,58.348505070527764,100.0
8710,1,20.163559893663013,20.163559893663013,100.0
8710,2,21.487935035809215,21.487935035809215,100.0
8720,0,10.352439758209893,10.352439758209893,100.0
8720,1,40.78469820473983,40.78469820473983,100.0
8720,2,48.86286203705027,48.86286203705027,100.0
8730,0,39.54796546767662,39.54796546767662,100.0
8730,1,12.784669616430552,12.784669616430552,100.0
8730,2,47.66736491589283,47.66736491589283,100.0
8740,0,57.690686439688456,57.690686439688456,100.0
8740,1,28.447798333390732,28.447798333390732,100.0
8740,2,13.861515226920815,13.861515226920815,100.0
8750,0,43.11906815347926,43.11906815347926,100.0
8750,1,21.16033694940731,21.16033694940731,100.0
8750,2,35.720594897113436,35.720594897113436,100.0
8760,0,40.84676848323571,40.84676848323571,100.0
8760,1,20.72560240304998,20.72560240304998,100.0
8760,2,38.42762911371431,38.42762911371431,100.0
8770,0,15.407885770436543,15.407885770436543,100.0
8770,1,29.88366671013816,29.88366671013816,100.0
8770,2,54.7084475194253,54.7084475194253,100.0
8780,0,60.082352311607735,60.082352311607735,100.0
8780,1,15.792840303473376,15.792840303473376,100.0
8780,2,24.1248073849189,24.1248073849189,100.0
8790,0,12.049862419742395,12.049862419742395,100.0
8790,1,11.755711990856865,11.755711990856865,100.0
8790,2,76.19442558940075,76.19442558940075,100.0
8800,0,56.965011175276544,56.965011175276544,100.0
8800,1,12.321644991056965,12.321644991056965,100.0
8800,2,30.71334383366649,30.71334383366649,100.0
8810,0,63.67543932658334,63.67543932658334,100.0
8810,1,15.460338749995813,15.460338749995813,100.0
8810,2,20.86422192342085,20.86422192342085,100.0
8820,0,26.854985896056334,26.854985896056334,100.0
8820,1,24.840388335579476,24.840388335579476,100.0
8820,2,48.30462576836419,48.30462576836419,100.0
8830,0,43.24061648409447,43.24061648409447,100.0
8830,1,28.368496159102737,28.368496159102737,100.0
8830,2,28.390887356802796,28.390887356802796,100.0
8840,0,55.31600447975288,55.31600447975288,100.0
8840,1,15.491002774684102,15.491002774684102,100.0
8840,2,29.192992745563025,29.192992745563025,100.0
8850,0,14.659446735165549,14.659446735165549,100.0
8850,1,14.850412279095448,14.850412279095448,100.0
8850,2,70.490140985739,70.490140985739,100.0
8860,0,34.5587342121363,34.5587342121363,100.0
8860,1,26.305247352191003,26.305247352191003,100.0
8860,2,39.13601843567271,39.13601843567271,100.0
8870,0,51.076708609507826,51.076708609507826,100.0
8870,1,37.08232895285786,37.08232895285786,100.0
8870,2,11.84096243763432,11.84096243763432,100.0
8880,0,51.025356551283885,51.025356551283885,100.0
8880,1,14.263872886419806,14.263872886419806,100.0
8880,2,34.71077056229631,34.71077056229631,100.0
8890,0,47.579382807923096,47.579382807923096,100.0
8890,1,19.623456293860446,19.623456293860446,100.0
8890,2,32.79716089821646,32.79716089821646,100.0
8900,0,36.90774361526987,36.90774361526987,100.0
8900,1,49.490110880688526,49.490110880688526,100.0
8900,2,13.60214550404161,13.60214550404161,100.0
8910,0,32.01679241491646,32.01679241491646,100.0
8910,1,12.502927168929807,12.502927168929807,100.0
8910,2,55.48028041615374,55.48028041615374,100.0
8920,0,68.10435786456516,68.10435786456516,100.0
8920,1,20.170031147771997,20.170031147771997,100.0
8920,2,11.725610987662844,11.725610987662844,100.0
8930,0,41.2176573724321,41.2176573724321,100.0
8930,1,8.688103507706483,8.688103507706483,100.0
8930,2,50.09423911986141,50.09423911986141,100.0
8940,0,12.682219562614588,12.682219562614588,100.0
8940,1,60.513825801741575,60.513825801741575,100.0
8940,2,26.80395463564384,26.80395463564384,100.0
8950,0,42.08031764135208,42.08031764135208,100.0
8950,1,18.226666606378018,18.226666606378018,100.0
8950,2,39.69301575226989,39.69301575226989,100.0
8960,0,57.33112366642923,57.33112366642923,100.0
8960,1,25.67504895559811,25.67504895559811,100.0
8960,2,16.99382737797267,16.99382737797267,100.0
8970,0,11.97142046286754,11.97142046286754,100.0
8970,1,11.365420787624796,11.365420787624796,100.0
8970,2,76.66315874950766,76.66315874950766,100.0
8980,0,27.077618135895282,27.077618135895282,100.0
8980,1,18.043499152613396,18.043499152613396,100.0
8980,2,54.87888271149133,54.87888271149133,100.0
8990,0,23.096630336688627,23.096630336688627,100.0
8990,1,42.703919196806424,42.703919196806424,100.0
8990,2,34.19945046650495,34.19945046650495,100.0
9000,0,36.49532355932376,36.49532355932376,100.0
9000,1,40.9639887522224,40.9639887522224,100.0
9000,2,22.54068768845384,22.54068768845384,100.0
9010,0,50.36865669135088,50.36865669135088,100.0
9010,1,26.190001588827617,26.190001588827617,100.0
9010,2,23.44134171982152,23.44134171982152,100.0
9020,0,40.84007034428201,40.84007034428201,100.0
9020,1,42.84610823738592,42.84610823738592,100.0
9020,2,16.31382141833207,16.31382141833207,100.0
9030,0,14.643954029912168,14.643954029912168,100.0
9030,1,16.957495317514052,16.957495317514052,100.0
9030,2,68.39855065257377,68.39855065257377,100.0
9040,0,36.79271286955119,36.79271286955119,100.0
9040,1,18.491854901408193,18.491854901408193,100.0
9040,2,44.715432229040616,44.715432229040616,100.0
9050,0,46.60819238923665,46.60819238923665,100.0
9050,1,19.32434949257031,19.32434949257031,100.0
9050,2,34.067458118193045,34.067458118193045,100.0
9060,0,22.245218209556405,22.245218209556405,100.0
9060,1,55.699682053777465,55.699682053777465,100.0
9060,2,22.05509973666613,22.05509973666613,100.0
9070,0,75.02238828004604,75.02238828004604,100.0
9070,1,11.509263742125418,11.509263742125418,100.0
9070,2,13.468347977828524,13.468347977828524,100.0
9080,0,27.204980963900127,27.204980963900127,100.0
9080,1,23.172998056167156,23.172998056167156,100.0
9080,2,49.62202097993272,49.62202097993272,100.0
9090,0,17.896212096891883,17.896212096891883,100.0
9090,1,40.91664906948908,40.91664906948908,100.0
9090,2,41.18713883361904,41.18713883361904,100.0
9100,0,65.19714527391211,65.19714527391211,100.0
9100,1,17.66102540571597,17.66102540571597,100.0
9100,2,17.141829320371908,17.141829320371908,100.0
9110,0,44.005151559163835,44.005151559163835,100.0
9110,1,40.26873252058367,40.26873252058367,100.0
9110,2,15.7261159202525,15.7261159202525,100.0
9120,0,52.773209588728264,52.773209588728264,100.0
9120,1,24.250924942237692,24.250924942237692,100.0
9120,2,22.975865469034044,22.975865469034044,100.0
9130,0,20.31420332337431,20.31420332337431,100.0
9130,1,23.38991408213985,23.38991408213985,100.0
9130,2,56.29588259448583,56.29588259448583,100.0
9140,0,45.58575624865038,45.58575624865038,100.0
9140,1,13.541008972814991,13.541008972814991,100.0
9140,2,40.87323477853463,40.87323477853463,100.0
9150,0,19.899829319345066,19.899829319345066,100.0
9150,1,20.41523971071824,20.41523971071824,100.0
9150,2,59.68493096993669,59.68493096993669,100.0
9160,0,43.63078154177392,43.63078154177392,100.0
9160,1,48.02537596036422,48.02537596036422,100.0
9160,2,8.343842497861848,8.343842497861848,100.0
9170,0,70.0338104516199,70.0338104516199,100.0
9170,1,19.277393326306193,19.277393326306193,100.0
9170,2,10.688796222073925,10.688796222073925,100.0
9180,0,21.242714504188523,21.242714504188523,100.0
9180,1,34.189351041118414,34.189351041118414,100.0
9180,2,44.56793445469307,44.56793445469307,100.0
9190,0,63.819376851254596,63.819376851254596,100.0
9190,1,24.831939707350493,24.831939707350493,100.0
9190,2,11.348683441394908,11.348683441394908,100.0
9200,0,67.4839797540245,67.4839797540245,100.0
9200,1,17.97378806546859,17.97378806546859,100.0
9200,2,14.542232180506911,14.542232180506911,100.0
9210,0,13.034639242994391,13.034639242994391,100.0
9210,1,23.250125778070284,23.250125778070284,100.0
9210,2,63.71523497893532,63.71523497893532,100.0
9220,0,37.32511705911258,37.32511705911258,100.0
9220,1,52.38690062015965,52.38690062015965,100.0
9220,2,10.287982320727778,10.287982320727778,100.0
9230,0,46.318501157332946,46.318501157332946,100.0
9230,1,25.909487630413157,25.909487630413157,100.0
9230,2,27.772011212253904,27.772011212253904,100.0
9240,0,15.668520527618968,15.668520527618968,100.0
9240,1,20.041973470330994,20.041973470330994,100.0
9240,2,64.28950600205005,64.28950600205005,100.0
9250,0,17.492017876746402,17.492017876746402,100.0
9250,1,17.177148100336492,17.177148100336492,100.0
9250,2,65.3308340229171,65.3308340229171,100.0
9260,0,51.4307289110382,51.4307289110382,100.0
9260,1,19.78856375284273,19.78856375284273,100.0
9260,2,28.780707336119054,28.780707336119054,100.0
9270,0,33.82203793375809,33.82203793375809,100.0
9270,1,24.62296051415167,24.62296051415167,100.0
9270,2,41.555001552090246,41.555001552090246,100.0
9280,0,40.99700620179077,40.99700620179077,100.0
9280,1,17.229155074316775,17.229155074316775,100.0
9280,2,41.77383872389247,41.77383872389247,100.0
9290,0,30.977399411169102,30.977399411169102,100.0
9290,1,10.564378805679901,10.564378805679901,100.0
9290,2,58.458221783151,58.458221783151,100.0
9300,0,20.967296921271743,20.967296921271743,100.0
9300,1,18.824994931436706,18.824994931436706,100.0
9300,2,60.20770814729155,60.20770814729155,100.0
9310,0,20.698401345816045,20.698401345816045,100.0
9310,1,38.5646447612813,38.5646447612813,100.0
9310,2,40.73695389290266,40.73695389290266,100.0
9320,0,37.3279432598247,37.3279432598247,100.0
9320,1,48.469244813539554,48.469244813539554,100.0
9320,2,14.202811926635746,14.202811926635746,100.0
9330,0,8.599124144945886,8.599124144945886,100.0
9330,1,38.40743833958165,38.40743833958165,100.0
9330,2,52.99343751547247,52.99343751547247,100.0
9340,0,41.44704518364823,41.44704518364823,100.0
9340,1,28.504577940439564,28.504577940439564,100.0
9340,2,30.048376875912215,30.048376875912215,100.0
9350,0,50.48069839091863,50.48069839091863,100.0
9350,1,23.79062818673416,23.79062818673416,100.0
9350,2,25.728673422347214,25.728673422347214,100.0
9360,0,64.91711600206152,64.91711600206152,100.0
9360,1,13.446151776384562,13.446151776384562,100.0
9360,2,21.636732221553924,21.636732221553924,100.0
9370,0,41.12198297880545,41.12198297880545,100.0
9370,1,20.470836979144778,20.470836979144778,100.0
9370,2,38.407180042049774,38.407180042049774,100.0
9380,0,22.982004277949088,22.982004277949088,100.0
9380,1,14.233033173915121,14.233033173915121,100.0
9380,2,62.784962548135795,62.784962548135795,100.0
9390,0,10.718297830123639,10.718297830123639,100.0
9390,1,18.014776190823476,18.014776190823476,100.0
9390,2,71.26692597905289,71.26692597905289,100.0
9400,0,43.48149022427507,43.48149022427507,100.0
9400,1,16.243380930409234,16.243380930409234,100.0
9400,2,40.27512884531569,40.27512884531569,100.0
9410,0,19.13818866646275,19.13818866646275,100.0
9410,1,15.939998351658414,15.939998351658414,100.0
9410,2,64.92181298187883,64.92181298187883,100.0
9420,0,40.92402973210814,40.92402973210814,100.0
9420,1,16.757896474889307,16.757896474889307,100.0
9420,2,42.31807379300255,42.31807379300255,100.0
9430,0,42.18469134531563,42.18469134531563,100.0
9430,1,28.06707575289739,28.06707575289739,100.0
9430,2,29.74823290178698,29.74823290178698,100.0
9440,0,74.98447916671759,74.98447916671759,100.0
9440,1,13.269826988218616,13.269826988218616,100.0
9440,2,11.745693845063803,11.745693845063803,100.0
9450,0,13.28000955149587,13.28000955149587,100.0
9450,1,13.506138819144581,13.506138819144581,100.0
9450,2,73.21385162935955,73.21385162935955,100.0
9460,0,34.62662950300518,34.62662950300518,100.0
9460,1,26.105726748700388,26.105726748700388,100.0
9460,2,39.26764374829443,39.26764374829443,100.0
9470,0,54.47694640994146,54.47694640994146,100.0
9470,1,12.486674642975068,12.486674642975068,100.0
9470,2,33.03637894708348,33.03637894708348,100.0
9480,0,41.72230165978501,41.72230165978501,100.0
9480,1,21.854882689499494,21.854882689499494,100.0
9480,2,36.4228156507155,36.4228156507155,100.0
9490,0,69.44498180770881,69.44498180770881,100.0
9490,1,14.579023606078504,14.579023606078504,100.0
9490,2,15.97599458621268,15.97599458621268,100.0
9500,0,44.28335346901918,44.28335346901918,100.0
9500,1,23.34266252393101,23.34266252393101,100.0
9500,2,32.373984007049806,32.373984007049806,100.0
9510,0,11.055201635211786,11.055201635211786,100.0
9510,1,15.38521740690908,15.38521740690908,100.0
9510,2,73.55958095787913,73.55958095787913,100.0
9520,0,44.97601015566884,44.97601015566884,100.0
9520,1,33.04685070387076,33.04685070387076,100.0
9520,2,21.9771391404604,21.9771391404604,100.0
9530,0,35.53508279948605,35.53508279948605,100.0
9530,1,22.752801786472578,22.752801786472578,100.0
9530,2,41.71211541404138,41.71211541404138,100.0
9540,0,43.07128234342732,43.07128234342732,100.0
9540,1,11.197040719406525,11.197040719406525,100.0
9540,2,45.731676937166164,45.731676937166164,100.0
9550,0,50.29703440266617,50.29703440266617,100.0
9550,1,16.865328907114662,16.865328907114662,100.0
9550,2,32.83763669021916,32.83763669021916,100.0
9560,0,35.77526192225899,35.77526192225899,100.0
9560,1,55.62962346585345,55.62962346585345,100.0
9560,2,8.595114611887556,8.595114611887556,100.0
9570,0,19.85553150132161,19.85553150132161,100.0
9570,1,32.65005169856433,32.65005169856433,100.0
9570,2,47.49441680011407,47.49441680011407,100.0
9580,0,47.060952191787294,47.060952191787294,100.0
9580,1,16.643346959954645,16.643346959954645,100.0
9580,2,36.295700848258065,36.295700848258065,100.0
9590,0,44.41477767361717,44.41477767361717,100.0
9590,1,33.967137508581715,33.967137508581715,100.0
9590,2,21.618084817801115,21.618084817801115,100.0
9600,0,44.80870076917501,44.80870076917501,100.0
9600,1,11.833195358021461,11.833195358021461,100.0
9600,2,43.358103872803525,43.358103872803525,100.0
9610,0,34.30779538678172,34.30779538678172,100.0
9610,1,23.377750391956045,23.377750391956045,100.0
9610,2,42.314454221262245,42.314454221262245,100.0
9620,0,43.06536789199165,43.06536789199165,100.0
9620,1,35.032554421627374,35.032554421627374,100.0
9620,2,21.90207768638098,21.90207768638098,100.0
9630,0,15.703082263481303,15.703082263481303,100.0
9630,1,11.81771343015557,11.81771343015557,100.0
9630,2,72.47920430636313,72.47920430636313,100.0
9640,0,42.01736187344219,42.01736187344219,100.0
9640,1,29.34423533344764,29.34423533344764,100.0
9640,2,28.638402793110156,28.638402793110156,100.0
9650,0,49.54642675148289,49.54642675148289,100.0
9650,1,37.70770406785542,37.70770406785542,100.0
9650,2,12.745869180661703,12.745869180661703,100.0
9660,0,29.632856185615736,29.632856185615736,100.0
9660,1,38.97113158069905,38.97113158069905,100.0
9660,2,31.396012233685212,31.396012233685212,100.0
9670,0,44.72501348346169,44.72501348346169,100.0
9670,1,28.40590311912002,28.40590311912002,100.0
9670,2,26.86908339741828,26.86908339741828,100.0
9680,0,43.14108794277557,43.14108794277557,100.0
9680,1,23.263128443341508,23.263128443341508,100.0
9680,2,33.59578361388293,33.59578361388293,100.0
9690,0,11.117086572218922,11.117086572218922,100.0
9690,1,15.496356407991902,15.496356407991902,100.0
9690,2,73.38655701978918,73.38655701978918,100.0
9700,0,57.853082202375184,57.853082202375184,100.0
9700,1,27.696086047629688,27.696086047629688,100.0
9700,2,14.45083174999513,14.45083174999513,100.0
9710,0,48.33925409574826,48.33925409574826,100.0
9710,1,35.521177959586325,35.521177959586325,100.0
9710,2,16.13956794466542,16.13956794466542,100.0
9720,0,51.645229912993294,51.645229912993294,100.0
9720,1,20.702954468905627,20.702954468905627,100.0
9720,2,27.65181561810109,27.65181561810109,100.0
9730,0,44.66545130605557,44.66545130605557,100.0
9730,1,25.020363412102025,25.020363412102025,100.0
9730,2,30.314185281842406,30.314185281842406,100.0
9740,0,38.309070426525906,38.309070426525906,100.0
9740,1,28.176180665189783,28.176180665189783,100.0
9740,2,33.51474890828431,33.51474890828431,100.0
9750,0,12.75015509824623,12.75015509824623,100.0
9750,1,12.742117926066154,12.742117926066154,100.0
9750,2,74.50772697568762,74.50772697568762,100.0
9760,0,56.04292068788339,56.04292068788339,100.0
9760,1,12.290013385263062,12.290013385263062,100.0
9760,2,31.66706592685355,31.66706592685355,100.0
9770,0,43.18412872637026,43.18412872637026,100.0
9770,1,32.470411021119865,32.470411021119865,100.0
9770,2,24.345460252509877,24.345460252509877,100.0
9780,0,38.77976507982866,38.77976507982866,100.0
9780,1,16.43697302336509,16.43697302336509,100.0
9780,2,44.78326189680626,44.78326189680626,100.0
9790,0,12.018917257684398,12.018917257684398,100.0
9790,1,24.78526715603656,24.78526715603656,100.0
9790,2,63.195815586279046,63.195815586279046,100.0
9800,0,47.87945226123121,47.87945226123121,100.0
9800,1,32.38394161690534,32.38394161690534,100.0
9800,2,19.736606121863453,19.736606121863453,100.0
9810,0,19.190340229592735,19.190340229592735,100.0
9810,1,24.14388771015183,24.14388771015183,100.0
9810,2,56.665772060255435,56.665772060255435,100.0
9820,0,36.517079957395175,36.517079957395175,100.0
9820,1,48.52781560610499,48.52781560610499,100.0
9820,2,14.95510443649984,14.95510443649984,100.0
9830,0,41.66494540873601,41.66494540873601,100.0
9830,1,16.075353950951527,16.075353950951527,100.0
9830,2,42.25970064031246,42.25970064031246,100.0
9840,0,19.336385936285428,19.336385936285428,100.0
9840,1,27.633530628202617,27.633530628202617,100.0
9840,2,53.030083435511955,53.030083435511955,100.0
9850,0,44.21738422809214,44.21738422809214,100.0
9850,1,17.926988724390434,17.926988724390434,100.0
9850,2,37.85562704751742,37.85562704751742,100.0
9860,0,16.889941586595004,16.889941586595004,100.0
9860,1,65.23244514750259,65.23244514750259,100.0
9860,2,17.87761326590241,17.87761326590241,100.0
9870,0,39.8596800753419,39.8596800753419,100.0
9870,1,37.97459266284582,37.97459266284582,100.0
9870,2,22.165727261812272,22.165727261812272,100.0
9880,0,33.44620584885112,33.44620584885112,100.0
9880,1,21.56718410416311,21.56718410416311,100.0
9880,2,44.98661004698577,44.98661004698577,100.0
9890,0,29.77153072609487,29.77153072609487,100.0
9890,1,13.36821361062449,13.36821361062449,100.0
9890,2,56.86025566328065,56.86025566328065,100.0
9900,0,20.188440408252557,20.188440408252557,100.0
9900,1,62.82797953664666,62.82797953664666,100.0
9900,2,16.983580055100784,16.983580055100784,100.0
9910,0,33.40492845055916,33.40492845055916,100.0
9910,1,44.71801085254331,44.71801085254331,100.0
9910,2,21.87706069689752,21.87706069689752,100.0
9920,0,50.54576933026706,50.54576933026706,100.0
9920,1,15.100426543292631,15.100426543292631,100.0
9920,2,34.3538041264403,34.3538041264403,100.0
9930,0,12.207607275879532,12.207607275879532,100.0
9930,1,15.861778444640331,15.861778444640331,100.0
9930,2,71.93061427948012,71.93061427948012,100.0
9940,0,32.46468401313337,32.46468401313337,100.0
9940,1,10.929134831668676,10.929134831668676,100.0
9940,2,56.60618115519795,56.60618115519795,100.0
9950,0,21.704171108900674,21.704171108900674,100.0
9950,1,37.09050765619192,37.09050765619192,100.0
9950,2,41.205321234907416,41.205321234907416,100.0
9960,0,55.68243394909705,55.68243394909705,100.0
9960,1,16.504449609095857,16.504449609095857,100.0
9960,2,27.81311644180708,27.81311644180708,100.0
9970,0,30.342163145038015,30.342163145038015,100.0
9970,1,54.79199954255637,54.79199954255637,100.0
9970,2,14.865837312405619,14.865837312405619,100.0
9980,0,24.220906263123894,24.220906263123894,100.0
9980,1,18.225415266791583,18.225415266791583,100.0
9980,2,57.55367847008452,57.55367847008452,100.0
9990,0,37.928142031506454,37.928142031506454,100.0
9990,1,13.981108060519192,13.981108060519192,100.0
9990,2,48.09074990797435,48.09074990797435,100.0
