timestamp,sliceId,dedicatedPRB,minPRB,maxPRB
510,0,36.60672689234074,36.60672689234074,100.0
510,1,52.33084532026591,52.33084532026591,100.0
510,2,11.062427787393354,11.062427787393354,100.0
520,0,16.608514733777096,16.608514733777096,100.0
520,1,19.01737411012372,19.01737411012372,100.0
520,2,64.37411115609919,64.37411115609919,100.0
530,0,35.39508690871919,35.39508690871919,100.0
530,1,53.4196504304149,53.4196504304149,100.0
530,2,11.185262660865899,11.185262660865899,100.0
540,0,29.633934279908686,29.633934279908686,100.0
540,1,46.39117694891864,46.39117694891864,100.0
540,2,23.97488877117268,23.97488877117268,100.0
550,0,53.37519080201319,53.37519080201319,100.0
550,1,29.240138266383216,29.240138266383216,100.0
550,2,17.38467093160359,17.38467093160359,100.0
560,0,29.449298627249693,29.449298627249693,100.0
560,1,31.056753153313014,31.056753153313014,100.0
560,2,39.493948219437286,39.493948219437286,100.0
570,0,12.998306511968863,12.998306511968863,100.0
570,1,18.332492973857867,18.332492973857867,100.0
570,2,68.66920051417328,68.66920051417328,100.0
580,0,39.122521905113764,39.122521905113764,100.0
580,1,30.84780194007391,30.84780194007391,100.0
580,2,30.029676154812318,30.029676154812318,100.0
590,0,42.802055485688044,42.802055485688044,100.0
590,1,32.42678360309028,32.42678360309028,100.0
590,2,24.77116091122168,24.77116091122168,100.0
600,0,57.28053742963337,57.28053742963337,100.0
600,1,24.23737677864295,24.23737677864295,100.0
600,2,18.482085791723673,18.482085791723673,100.0
610,0,15.24371456555231,15.24371456555231,100.0
610,1,54.64272130563813,54.64272130563813,100.0
610,2,30.11356412880955,30.11356412880955,100.0
620,0,44.34728511403483,44.34728511403483,100.0
620,1,10.491160089373324,10.491160089373324,100.0
620,2,45.16155479659184,45.16155479659184,100.0
630,0,15.92865085423357,15.92865085423357,100.0
630,1,15.1309571480212,15.1309571480212,100.0
630,2,68.94039199774524,68.94039199774524,100.0
640,0,16.558867729106534,16.558867729106534,100.0
640,1,39.828921827023166,39.828921827023166,100.0
640,2,43.6122104438703,43.6122104438703,100.0
650,0,30.352960219504777,30.352960219504777,100.0
650,1,59.18939118787496,59.18939118787496,100.0
650,2,10.457648592620265,10.457648592620265,100.0
660,0,58.01971123629141,58.01971123629141,100.0
660,1,20.37596214045689,20.37596214045689,100.0
660,2,21.60432662325171,21.60432662325171,100.0
670,0,12.857745828711392,12.857745828711392,100.0
670,1,44.756648766096866,44.756648766096866,100.0
670,2,42.38560540519174,42.38560540519174,100.0
680,0,25.124946381525497,25.124946381525497,100.0
680,1,61.736959339508815,61.736959339508815,100.0
680,2,13.138094278965687,13.138094278965687,100.0
690,0,26.20528319803827,26.20528319803827,100.0
690,1,49.80206015229401,49.80206015229401,100.0
690,2,23.992656649667733,23.992656649667733,100.0
700,0,29.500216275878195,29.500216275878195,100.0
700,1,37.252263381950904,37.252263381950904,100.0
700,2,33.2475203421709,33.2475203421709,100.0
710,0,22.66752796431972,22.66752796431972,100.0
710,1,31.505749117247326,31.505749117247326,100.0
710,2,45.82672291843296,45.82672291843296,100.0
720,0,42.89704971770295,42.89704971770295,100.0
720,1,28.030191586690776,28.030191586690776,100.0
720,2,29.072758695606264,29.072758695606264,100.0
730,0,35.665109579834485,35.665109579834485,100.0
730,1,21.884181162124765,21.884181162124765,100.0
730,2,42.450709258040746,42.450709258040746,100.0
740,0,47.17393574849568,47.17393574849568,100.0
740,1,30.225834243816806,30.225834243816806,100.0
740,2,22.600230007687525,22.600230007687525,100.0
750,0,25.16828199688796,25.16828199688796,100.0
750,1,35.64533214072539,35.64533214072539,100.0
750,2,39.186385862386665,39.186385862386665,100.0
760,0,39.76337780501213,39.76337780501213,100.0
760,1,51.975696173914145,51.975696173914145,100.0
760,2,8.260926021073741,8.260926021073741,100.0
770,0,37.95319997762942,37.95319997762942,100.0
770,1,16.389547848974907,16.389547848974907,100.0
770,2,45.65725217339567,45.65725217339567,100.0
780,0,20.012676928435944,20.012676928435944,100.0
780,1,55.34413440253056,55.34413440253056,100.0
780,2,24.643188669033496,24.643188669033496,100.0
790,0,24.46777804920463,24.46777804920463,100.0
790,1,49.69555589453895,49.69555589453895,100.0
790,2,25.836666056256423,25.836666056256423,100.0
800,0,40.827671489886555,40.827671489886555,100.0
800,1,25.470326419580008,25.470326419580008,100.0
800,2,33.70200209053345,33.70200209053345,100.0
810,0,44.95611879196829,44.95611879196829,100.0
810,1,31.469731662527632,31.469731662527632,100.0
810,2,23.574149545504085,23.574149545504085,100.0
820,0,22.65389518972811,22.65389518972811,100.0
820,1,20.625022341322076,20.625022341322076,100.0
820,2,56.72108246894981,56.72108246894981,100.0
830,0,20.899382431982684,20.899382431982684,100.0
830,1,14.268822900513403,14.268822900513403,100.0
830,2,64.83179466750391,64.83179466750391,100.0
840,0,26.412297702913083,26.412297702913083,100.0
840,1,49.79377481506583,49.79377481506583,100.0
840,2,23.79392748202109,23.79392748202109,100.0
850,0,70.96712688771143,70.96712688771143,100.0
850,1,11.97167556222941,11.97167556222941,100.0
850,2,17.061197550059163,17.061197550059163,100.0
860,0,22.367935442056215,22.367935442056215,100.0
860,1,52.15850607171381,52.15850607171381,100.0
860,2,25.47355848622999,25.47355848622999,100.0
870,0,35.623934907357096,35.623934907357096,100.0
870,1,34.49153085630458,34.49153085630458,100.0
870,2,29.88453423633833,29.88453423633833,100.0
880,0,22.744495986453128,22.744495986453128,100.0
880,1,27.30717937325973,27.30717937325973,100.0
880,2,49.94832464028715,49.94832464028715,100.0
890,0,15.612609016749465,15.612609016749465,100.0
890,1,68.75096133511161,68.75096133511161,100.0
890,2,15.636429648138925,15.636429648138925,100.0
900,0,40.961597602410336,40.961597602410336,100.0
900,1,25.729270102224522,25.729270102224522,100.0
900,2,33.30913229536513,33.30913229536513,100.0
910,0,45.48714466013103,45.48714466013103,100.0
910,1,41.896274889288776,41.896274889288776,100.0
910,2,12.616580450580184,12.616580450580184,100.0
920,0,24.52908715237121,24.52908715237121,100.0
920,1,17.906946207984433,17.906946207984433,100.0
920,2,57.56396663964435,57.56396663964435,100.0
930,0,42.26378434577903,42.26378434577903,100.0
930,1,22.09646239998257,22.09646239998257,100.0
930,2,35.6397532542384,35.6397532542384,100.0
940,0,42.93632423488841,42.93632423488841,100.0
940,1,29.166574301781477,29.166574301781477,100.0
940,2,27.897101463330117,27.897101463330117,100.0
950,0,10.919105528861552,10.919105528861552,100.0
950,1,24.016317440721778,24.016317440721778,100.0
950,2,65.06457703041667,65.06457703041667,100.0
960,0,44.23909251627225,44.23909251627225,100.0
960,1,15.96440824011878,15.96440824011878,100.0
960,2,39.79649924360897,39.79649924360897,100.0
970,0,14.392880111208829,14.392880111208829,100.0
970,1,27.121818154807876,27.121818154807876,100.0
970,2,58.4853017339833,58.4853017339833,100.0
980,0,16.31161135229569,16.31161135229569,100.0
980,1,61.17302093279342,61.17302093279342,100.0
980,2,22.515367714910905,22.515367714910905,100.0
990,0,12.409951964850192,12.409951964850192,100.0
990,1,49.166083076713875,49.166083076713875,100.0
990,2,38.423964958435924,38.423964958435924,100.0
1000,0,49.46133099515749,49.46133099515749,100.0
1000,1,18.723149832277027,18.723149832277027,100.0
1000,2,31.81551917256548,31.81551917256548,100.0
1010,0,70.67323020210074,70.67323020210074,100.0
1010,1,11.649997469976466,11.649997469976466,100.0
1010,2,17.676772327922798,17.676772327922798,100.0
1020,0,27.851725334567824,27.851725334567824,100.0
1020,1,31.23761829408558,31.23761829408558,100.0
1020,2,40.91065637134659,40.91065637134659,100.0
1030,0,18.842323958754832,18.842323958754832,100.0
1030,1,52.93881758103136,52.93881758103136,100.0
1030,2,28.218858460213802,28.218858460213802,100.0
1040,0,39.227908121109664,39.227908121109664,100.0
1040,1,36.06402024090777,36.06402024090777,100.0
1040,2,24.70807163798257,24.70807163798257,100.0
1050,0,24.707939055711705,24.707939055711705,100.0
1050,1,52.312996995665785,52.312996995665785,100.0
1050,2,22.979063948622517,22.979063948622517,100.0
1060,0,14.731411407316925,14.731411407316925,100.0
1060,1,13.41575966998175,13.41575966998175,100.0
1060,2,71.85282892270133,71.85282892270133,100.0
1070,0,18.40662932817174,18.40662932817174,100.0
1070,1,20.16985949878253,20.16985949878253,100.0
1070,2,61.42351117304574,61.42351117304574,100.0
1080,0,27.690549605901786,27.690549605901786,100.0
1080,1,58.07013135916277,58.07013135916277,100.0
1080,2,14.239319034935452,14.239319034935452,100.0
1090,0,44.67818367544818,44.67818367544818,100.0
1090,1,27.711691317426514,27.711691317426514,100.0
1090,2,27.61012500712531,27.61012500712531,100.0
1100,0,38.113714526764944,38.113714526764944,100.0
1100,1,47.596135214978254,47.596135214978254,100.0
1100,2,14.290150258256812,14.290150258256812,100.0
1110,0,24.239874611934713,24.239874611934713,100.0
1110,1,32.02838591202053,32.02838591202053,100.0
1110,2,43.731739476044744,43.731739476044744,100.0
1120,0,43.52858400894298,43.52858400894298,100.0
1120,1,24.59298569576501,24.59298569576501,100.0
1120,2,31.878430295292027,31.878430295292027,100.0
1130,0,13.114500187449494,13.114500187449494,100.0
1130,1,49.68794256671457,49.68794256671457,100.0
1130,2,37.19755724583593,37.19755724583593,100.0
1140,0,52.13082004864719,52.13082004864719,100.0
1140,1,11.228169290434318,11.228169290434318,100.0
1140,2,36.641010660918504,36.641010660918504,100.0
1150,0,24.502510517328083,24.502510517328083,100.0
1150,1,52.51853402511354,52.51853402511354,100.0
1150,2,22.978955457558374,22.978955457558374,100.0
1160,0,40.66686880951625,40.66686880951625,100.0
1160,1,33.41120165631636,33.41120165631636,100.0
1160,2,25.921929534167386,25.921929534167386,100.0
1170,0,45.03643513461256,45.03643513461256,100.0
1170,1,9.24577243807861,9.24577243807861,100.0
1170,2,45.71779242730884,45.71779242730884,100.0
1180,0,48.27986751182194,48.27986751182194,100.0
1180,1,20.46745444398596,20.46745444398596,100.0
1180,2,31.252678044192095,31.252678044192095,100.0
1190,0,38.738238903231924,38.738238903231924,100.0
1190,1,18.529454953568155,18.529454953568155,100.0
1190,2,42.732306143199914,42.732306143199914,100.0
1200,0,20.025035740593395,20.025035740593395,100.0
1200,1,55.160515442352555,55.160515442352555,100.0
1200,2,24.814448817054064,24.814448817054064,100.0
1210,0,58.31458276852407,58.31458276852407,100.0
1210,1,26.62853951349585,26.62853951349585,100.0
1210,2,15.056877717980083,15.056877717980083,100.0
1220,0,37.68648653718208,37.68648653718208,100.0
1220,1,33.88505861452934,33.88505861452934,100.0
1220,2,28.428454848288574,28.428454848288574,100.0
1230,0,14.498514089913678,14.498514089913678,100.0
1230,1,46.683638588588195,46.683638588588195,100.0
1230,2,38.817847321498135,38.817847321498135,100.0
1240,0,10.951036066504951,10.951036066504951,100.0
1240,1,54.79290006475739,54.79290006475739,100.0
1240,2,34.25606386873767,34.25606386873767,100.0
1250,0,24.920660637206353,24.920660637206353,100.0
1250,1,52.00302938928254,52.00302938928254,100.0
1250,2,23.07630997351111,23.07630997351111,100.0
1260,0,12.126856224479216,12.126856224479216,100.0
1260,1,35.07560934709303,35.07560934709303,100.0
1260,2,52.79753442842776,52.79753442842776,100.0
1270,0,21.568195265115513,21.568195265115513,100.0
1270,1,42.81737059236044,42.81737059236044,100.0
1270,2,35.61443414252405,35.61443414252405,100.0
1280,0,31.736393936322965,31.736393936322965,100.0
1280,1,19.80417137431358,19.80417137431358,100.0
1280,2,48.459434689363455,48.459434689363455,100.0
1290,0,31.96109323329762,31.96109323329762,100.0
1290,1,36.02625618307445,36.02625618307445,100.0
1290,2,32.01265058362793,32.01265058362793,100.0
1300,0,56.52044077719265,56.52044077719265,100.0
1300,1,26.928317328020057,26.928317328020057,100.0
1300,2,16.551241894787296,16.551241894787296,100.0
1310,0,54.5774818264231,54.5774818264231,100.0
1310,1,16.047731775813443,16.047731775813443,100.0
1310,2,29.37478639776345,29.37478639776345,100.0
1320,0,58.271158198329196,58.271158198329196,100.0
1320,1,27.7960561721869,27.7960561721869,100.0
1320,2,13.932785629483904,13.932785629483904,100.0
1330,0,22.783588060231843,22.783588060231843,100.0
1330,1,30.562038705724493,30.562038705724493,100.0
1330,2,46.65437323404367,46.65437323404367,100.0
1340,0,35.97114526040906,35.97114526040906,100.0
1340,1,37.401184846007645,37.401184846007645,100.0
1340,2,26.627669893583295,26.627669893583295,100.0
1350,0,46.069213726641614,46.069213726641614,100.0
1350,1,33.973334945573704,33.973334945573704,100.0
1350,2,19.95745132778469,19.95745132778469,100.0
1360,0,17.783796188626113,17.783796188626113,100.0
1360,1,43.31934620925788,43.31934620925788,100.0
1360,2,38.89685760211601,38.89685760211601,100.0
1370,0,39.45823528743761,39.45823528743761,100.0
1370,1,35.284782952667406,35.284782952667406,100.0
1370,2,25.25698175989499,25.25698175989499,100.0
1380,0,23.787005986167404,23.787005986167404,100.0
1380,1,47.325772170571604,47.325772170571604,100.0
1380,2,28.887221843260992,28.887221843260992,100.0
1390,0,51.5455717603703,51.5455717603703,100.0
1390,1,32.305594210565715,32.305594210565715,100.0
1390,2,16.148834029063984,16.148834029063984,100.0
1400,0,66.06805264415713,66.06805264415713,100.0
1400,1,17.91409531485308,17.91409531485308,100.0
1400,2,16.017852040989773,16.017852040989773,100.0
1410,0,46.15216367721446,46.15216367721446,100.0
1410,1,41.45919140703421,41.45919140703421,100.0
1410,2,12.388644915751323,12.388644915751323,100.0
1420,0,30.527958290449114,30.527958290449114,100.0
1420,1,45.897176853481376,45.897176853481376,100.0
1420,2,23.574864856069514,23.574864856069514,100.0
1430,0,31.790362743803442,31.790362743803442,100.0
1430,1,44.70318055076632,44.70318055076632,100.0
1430,2,23.506456705430246,23.506456705430246,100.0
1440,0,41.289664240671286,41.289664240671286,100.0
1440,1,46.268943418776,46.268943418776,100.0
1440,2,12.441392340552717,12.441392340552717,100.0
1450,0,20.7505843298145,20.7505843298145,100.0
1450,1,20.444067370699393,20.444067370699393,100.0
1450,2,58.805348299486106,58.805348299486106,100.0
1460,0,63.28550746755776,63.28550746755776,100.0
1460,1,9.287399494434286,9.287399494434286,100.0
1460,2,27.42709303800796,27.42709303800796,100.0
1470,0,44.40106990137516,44.40106990137516,100.0
1470,1,35.53146060722433,35.53146060722433,100.0
1470,2,20.067469491400487,20.067469491400487,100.0
1480,0,60.92249813708,60.92249813708,100.0
1480,1,11.201049533591927,11.201049533591927,100.0
1480,2,27.876452329328078,27.876452329328078,100.0
1490,0,30.807960007729925,30.807960007729925,100.0
1490,1,18.521402117653228,18.521402117653228,100.0
1490,2,50.67063787461685,50.67063787461685,100.0
1500,0,24.05276392061193,24.05276392061193,100.0
1500,1,17.31813808534286,17.31813808534286,100.0
1500,2,58.62909799404522,58.62909799404522,100.0
1510,0,32.793274767279804,32.793274767279804,100.0
1510,1,14.104373557604427,14.104373557604427,100.0
1510,2,53.10235167511577,53.10235167511577,100.0
1520,0,20.078236623067646,20.078236623067646,100.0
1520,1,60.53815401111004,60.53815401111004,100.0
1520,2,19.383609365822323,19.383609365822323,100.0
1530,0,15.24810327807634,15.24810327807634,100.0
1530,1,52.12307608258207,52.12307608258207,100.0
1530,2,32.628820639341605,32.628820639341605,100.0
1540,0,48.34552362456528,48.34552362456528,100.0
1540,1,41.73415990833122,41.73415990833122,100.0
1540,2,9.92031646710349,9.92031646710349,100.0
1550,0,42.0963009333945,42.0963009333945,100.0
1550,1,41.25068587521291,41.25068587521291,100.0
1550,2,16.65301319139258,16.65301319139258,100.0
1560,0,21.11586974320708,21.11586974320708,100.0
1560,1,18.918207554403292,18.918207554403292,100.0
1560,2,59.965922702389626,59.965922702389626,100.0
1570,0,31.212567072615293,31.212567072615293,100.0
1570,1,40.62183619498502,40.62183619498502,100.0
1570,2,28.165596732399695,28.165596732399695,100.0
1580,0,59.65366786426838,59.65366786426838,100.0
1580,1,10.27913666365731,10.27913666365731,100.0
1580,2,30.067195472074314,30.067195472074314,100.0
1590,0,66.22394563987038,66.22394563987038,100.0
1590,1,18.674681612178407,18.674681612178407,100.0
1590,2,15.101372747951219,15.101372747951219,100.0
1600,0,59.93157804797804,59.93157804797804,100.0
1600,1,21.53388482940076,21.53388482940076,100.0
1600,2,18.534537122621206,18.534537122621206,100.0
1610,0,40.226606496730014,40.226606496730014,100.0
1610,1,48.99595237179197,48.99595237179197,100.0
1610,2,10.777441131478005,10.777441131478005,100.0
1620,0,12.894152423207558,12.894152423207558,100.0
1620,1,44.55234993164643,44.55234993164643,100.0
1620,2,42.55349764514601,42.55349764514601,100.0
1630,0,15.29413651589471,15.29413651589471,100.0
1630,1,48.66993505574734,48.66993505574734,100.0
1630,2,36.03592842835795,36.03592842835795,100.0
1640,0,15.011000554141244,15.011000554141244,100.0
1640,1,26.9513514274886,26.9513514274886,100.0
1640,2,58.037648018370156,58.037648018370156,100.0
1650,0,39.48749409925082,39.48749409925082,100.0
1650,1,8.044093062373276,8.044093062373276,100.0
1650,2,52.46841283837591,52.46841283837591,100.0
1660,0,48.665223941316704,48.665223941316704,100.0
1660,1,39.58578613255664,39.58578613255664,100.0
1660,2,11.748989926126656,11.748989926126656,100.0
1670,0,29.539581753412218,29.539581753412218,100.0
1670,1,49.654989197794144,49.654989197794144,100.0
1670,2,20.805429048793638,20.805429048793638,100.0
1680,0,33.040945862051416,33.040945862051416,100.0
1680,1,12.696045374984921,12.696045374984921,100.0
1680,2,54.26300876296366,54.26300876296366,100.0
1690,0,55.68305658908933,55.68305658908933,100.0
1690,1,9.13446815508507,9.13446815508507,100.0
1690,2,35.18247525582561,35.18247525582561,100.0
1700,0,15.788382073678637,15.788382073678637,100.0
1700,1,18.39433709124361,18.39433709124361,100.0
1700,2,65.81728083507775,65.81728083507775,100.0
1710,0,22.527022568549864,22.527022568549864,100.0
1710,1,40.04820473860254,40.04820473860254,100.0
1710,2,37.42477269284759,37.42477269284759,100.0
1720,0,49.5493417718594,49.5493417718594,100.0
1720,1,14.621402628673607,14.621402628673607,100.0
1720,2,35.82925559946699,35.82925559946699,100.0
1730,0,15.322420425486815,15.322420425486815,100.0
1730,1,50.29471092748166,50.29471092748166,100.0
1730,2,34.38286864703152,34.38286864703152,100.0
1740,0,25.970004869187687,25.970004869187687,100.0
1740,1,47.04869302505263,47.04869302505263,100.0
1740,2,26.981302105759685,26.981302105759685,100.0
1750,0,19.340575441085996,19.340575441085996,100.0
1750,1,61.14085265176898,61.14085265176898,100.0
1750,2,19.518571907145027,19.518571907145027,100.0
1760,0,37.097128811334414,37.097128811334414,100.0
1760,1,29.53046751062132,29.53046751062132,100.0
1760,2,33.37240367804428,33.37240367804428,100.0
1770,0,29.477516191694047,29.477516191694047,100.0
1770,1,33.99826209380984,33.99826209380984,100.0
1770,2,36.524221714496115,36.524221714496115,100.0
1780,0,30.167590425839798,30.167590425839798,100.0
1780,1,26.599826439382262,26.599826439382262,100.0
1780,2,43.23258313477794,43.23258313477794,100.0
1790,0,33.84551103672025,33.84551103672025,100.0
1790,1,26.91568626712951,26.91568626712951,100.0
1790,2,39.23880269615024,39.23880269615024,100.0
1800,0,15.528009720192646,15.528009720192646,100.0
1800,1,68.1546654429846,68.1546654429846,100.0
1800,2,16.317324836822753,16.317324836822753,100.0
1810,0,28.85120288118563,28.85120288118563,100.0
1810,1,42.05935370004253,42.05935370004253,100.0
1810,2,29.089443418771843,29.089443418771843,100.0
1820,0,15.17636793811534,15.17636793811534,100.0
1820,1,55.43208479420508,55.43208479420508,100.0
1820,2,29.39154726767958,29.39154726767958,100.0
1830,0,24.263840028599386,24.263840028599386,100.0
1830,1,32.75044135960392,32.75044135960392,100.0
1830,2,42.9857186117967,42.9857186117967,100.0
1840,0,17.289071062459392,17.289071062459392,100.0
1840,1,66.34141126529084,66.34141126529084,100.0
1840,2,16.369517672249774,16.369517672249774,100.0
1850,0,16.54214771943184,16.54214771943184,100.0
1850,1,23.755036690127863,23.755036690127863,100.0
1850,2,59.70281559044031,59.70281559044031,100.0
1860,0,42.355378183772785,42.355378183772785,100.0
1860,1,24.918673588388376,24.918673588388376,100.0
1860,2,32.72594822783885,32.72594822783885,100.0
1870,0,46.4974817796664,46.4974817796664,100.0
1870,1,19.91437279342449,19.91437279342449,100.0
1870,2,33.58814542690911,33.58814542690911,100.0
1880,0,16.038809288734715,16.038809288734715,100.0
1880,1,32.62510827711536,32.62510827711536,100.0
1880,2,51.33608243414993,51.33608243414993,100.0
1890,0,32.040288893445805,32.040288893445805,100.0
1890,1,24.709997170765174,24.709997170765174,100.0
1890,2,43.24971393578902,43.24971393578902,100.0
1900,0,22.187566804868748,22.187566804868748,100.0
1900,1,44.183072526300336,44.183072526300336,100.0
1900,2,33.62936066883092,33.62936066883092,100.0
1910,0,37.622608272007334,37.622608272007334,100.0
1910,1,43.11544216496381,43.11544216496381,100.0
1910,2,19.261949563028853,19.261949563028853,100.0
1920,0,47.74518865050133,47.74518865050133,100.0
1920,1,29.41206773339079,29.41206773339079,100.0
1920,2,22.84274361610788,22.84274361610788,100.0
1930,0,47.70408134386009,47.70408134386009,100.0
1930,1,26.895021646248868,26.895021646248868,100.0
1930,2,25.40089700989105,25.40089700989105,100.0
1940,0,34.8228542936463,34.8228542936463,100.0
1940,1,31.97212823973378,31.97212823973378,100.0
1940,2,33.20501746661992,33.20501746661992,100.0
1950,0,20.19946163842255,20.19946163842255,100.0
1950,1,19.16581963516558,19.16581963516558,100.0
1950,2,60.634718726411876,60.634718726411876,100.0
1960,0,28.008398601549867,28.008398601549867,100.0
1960,1,24.955363836774858,24.955363836774858,100.0
1960,2,47.03623756167527,47.03623756167527,100.0
1970,0,56.0233706770657,56.0233706770657,100.0
1970,1,18.782591207361833,18.782591207361833,100.0
1970,2,25.194038115572464,25.194038115572464,100.0
1980,0,30.732992692281613,30.732992692281613,100.0
1980,1,46.35066697804556,46.35066697804556,100.0
1980,2,22.916340329672828,22.916340329672828,100.0
1990,0,58.29018687358094,58.29018687358094,100.0
1990,1,25.058529276187556,25.058529276187556,100.0
1990,2,16.6512838502315,16.6512838502315,100.0
2000,0,25.026659307150968,25.026659307150968,100.0
2000,1,19.37373266761183,19.37373266761183,100.0
2000,2,55.5996080252372,55.5996080252372,100.0
2010,0,40.98557030397521,40.98557030397521,100.0
2010,1,46.00080972690341,46.00080972690341,100.0
2010,2,13.013619969121393,13.013619969121393,100.0
2020,0,39.687511741532575,39.687511741532575,100.0
2020,1,46.9668876575549,46.9668876575549,100.0
2020,2,13.34560060091251,13.34560060091251,100.0
2030,0,12.580219346651756,12.580219346651756,100.0
2030,1,60.319956044873216,60.319956044873216,100.0
2030,2,27.099824608475036,27.099824608475036,100.0
2040,0,14.54941949414942,14.54941949414942,100.0
2040,1,27.897646604208408,27.897646604208408,100.0
2040,2,57.55293390164217,57.55293390164217,100.0
2050,0,49.69723384064064,49.69723384064064,100.0
2050,1,32.165664436141405,32.165664436141405,100.0
2050,2,18.137101723217963,18.137101723217963,100.0
2060,0,46.232031876700745,46.232031876700745,100.0
2060,1,20.003783842925245,20.003783842925245,100.0
2060,2,33.76418428037401,33.76418428037401,100.0
2070,0,24.559359288682884,24.559359288682884,100.0
2070,1,42.20916440017482,42.20916440017482,100.0
2070,2,33.2314763111423,33.2314763111423,100.0
2080,0,18.223515940254796,18.223515940254796,100.0
2080,1,40.41231413782287,40.41231413782287,100.0
2080,2,41.36416992192234,41.36416992192234,100.0
2090,0,25.005764461919405,25.005764461919405,100.0
2090,1,33.326063353253794,33.326063353253794,100.0
2090,2,41.6681721848268,41.6681721848268,100.0
2100,0,43.83387065161216,43.83387065161216,100.0
2100,1,22.888000190584922,22.888000190584922,100.0
2100,2,33.27812915780293,33.27812915780293,100.0
2110,0,17.522766783650734,17.522766783650734,100.0
2110,1,28.954688149607726,28.954688149607726,100.0
2110,2,53.522545066741536,53.522545066741536,100.0
2120,0,17.7483187830182,17.7483187830182,100.0
2120,1,54.76881135072949,54.76881135072949,100.0
2120,2,27.482869866252308,27.482869866252308,100.0
2130,0,52.49258155445279,52.49258155445279,100.0
2130,1,25.843766416686936,25.843766416686936,100.0
2130,2,21.663652028860287,21.663652028860287,100.0
2140,0,39.45734527698559,39.45734527698559,100.0
2140,1,40.04744574315266,40.04744574315266,100.0
2140,2,20.49520897986176,20.49520897986176,100.0
2150,0,41.78035889029294,41.78035889029294,100.0
2150,1,24.17186208647375,24.17186208647375,100.0
2150,2,34.0477790232333,34.0477790232333,100.0
2160,0,60.37523069324708,60.37523069324708,100.0
2160,1,27.47095467039112,27.47095467039112,100.0
2160,2,12.153814636361801,12.153814636361801,100.0
2170,0,53.41056673449697,53.41056673449697,100.0
2170,1,27.841604165539525,27.841604165539525,100.0
2170,2,18.747829099963504,18.747829099963504,100.0
2180,0,43.51366734387273,43.51366734387273,100.0
2180,1,43.66360529007643,43.66360529007643,100.0
2180,2,12.822727366050824,12.822727366050824,100.0
2190,0,16.792855244520393,16.792855244520393,100.0
2190,1,65.47093198540732,65.47093198540732,100.0
2190,2,17.736212770072278,17.736212770072278,100.0
2200,0,17.792031771738724,17.792031771738724,100.0
2200,1,65.19488214740021,65.19488214740021,100.0
2200,2,17.01308608086107,17.01308608086107,100.0
2210,0,27.76001646929467,27.76001646929467,100.0
2210,1,20.235973837584336,20.235973837584336,100.0
2210,2,52.004009693121,52.004009693121,100.0
2220,0,29.025951612420425,29.025951612420425,100.0
2220,1,15.5281156189894,15.5281156189894,100.0
2220,2,55.445932768590175,55.445932768590175,100.0
2230,0,36.67618636488601,36.67618636488601,100.0
2230,1,35.15398491518618,35.15398491518618,100.0
2230,2,28.169828719927825,28.169828719927825,100.0
2240,0,53.26921606324518,53.26921606324518,100.0
2240,1,11.787864601445042,11.787864601445042,100.0
2240,2,34.94291933530977,34.94291933530977,100.0
2250,0,18.177372082263823,18.177372082263823,100.0
2250,1,68.95556171825643,68.95556171825643,100.0
2250,2,12.86706619947974,12.86706619947974,100.0
2260,0,25.57562939224689,25.57562939224689,100.0
2260,1,38.78898741655556,38.78898741655556,100.0
2260,2,35.63538319119756,35.63538319119756,100.0
2270,0,26.222098370386625,26.222098370386625,100.0
2270,1,53.314030122931854,53.314030122931854,100.0
2270,2,20.463871506681517,20.463871506681517,100.0
2280,0,20.737379919527964,20.737379919527964,100.0
2280,1,16.508441443808035,16.508441443808035,100.0
2280,2,62.754178636664015,62.754178636664015,100.0
2290,0,21.552638999806224,21.552638999806224,100.0
2290,1,45.1572539384496,45.1572539384496,100.0
2290,2,33.29010706174417,33.29010706174417,100.0
2300,0,43.621361099821975,43.621361099821975,100.0
2300,1,43.053790409709435,43.053790409709435,100.0
2300,2,13.324848490468588,13.324848490468588,100.0
2310,0,34.94903491288382,34.94903491288382,100.0
2310,1,32.44302915351166,32.44302915351166,100.0
2310,2,32.60793593360453,32.60793593360453,100.0
2320,0,50.06529082237582,50.06529082237582,100.0
2320,1,36.87576619524765,36.87576619524765,100.0
2320,2,13.058942982376532,13.058942982376532,100.0
2330,0,29.473140927132093,29.473140927132093,100.0
2330,1,44.826145784816326,44.826145784816326,100.0
2330,2,25.700713288051585,25.700713288051585,100.0
2340,0,40.79103262819353,40.79103262819353,100.0
2340,1,50.336872444819804,50.336872444819804,100.0
2340,2,8.872094926986676,8.872094926986676,100.0
2350,0,10.30143580344232,10.30143580344232,100.0
2350,1,40.439506569329176,40.439506569329176,100.0
2350,2,49.2590576272285,49.2590576272285,100.0
2360,0,23.234359021540342,23.234359021540342,100.0
2360,1,40.241686305916176,40.241686305916176,100.0
2360,2,36.52395467254349,36.52395467254349,100.0
2370,0,66.51573586237699,66.51573586237699,100.0
2370,1,16.519941752521625,16.519941752521625,100.0
2370,2,16.96432238510141,16.96432238510141,100.0
2380,0,16.67071479900318,16.67071479900318,100.0
2380,1,22.215026086741766,22.215026086741766,100.0
2380,2,61.11425911425506,61.11425911425506,100.0
2390,0,21.004146300590882,21.004146300590882,100.0
2390,1,14.245401030308894,14.245401030308894,100.0
2390,2,64.75045266910023,64.75045266910023,100.0
2400,0,49.99761422238196,49.99761422238196,100.0
2400,1,30.56040764443071,30.56040764443071,100.0
2400,2,19.44197813318733,19.44197813318733,100.0
2410,0,23.625455040143695,23.625455040143695,100.0
2410,1,48.17277327128596,48.17277327128596,100.0
2410,2,28.201771688570354,28.201771688570354,100.0
2420,0,26.986594797901354,26.986594797901354,100.0
2420,1,55.378500872011685,55.378500872011685,100.0
2420,2,17.63490433008698,17.63490433008698,100.0
2430,0,41.83765198881087,41.83765198881087,100.0
2430,1,22.10057109660635,22.10057109660635,100.0
2430,2,36.06177691458277,36.06177691458277,100.0
2440,0,37.60056614288649,37.60056614288649,100.0
2440,1,43.01596721927416,43.01596721927416,100.0
2440,2,19.383466637839355,19.383466637839355,100.0
2450,0,19.976526497061503,19.976526497061503,100.0
2450,1,64.47492876490358,64.47492876490358,100.0
2450,2,15.548544738034911,15.548544738034911,100.0
2460,0,32.58124498338148,32.58124498338148,100.0
2460,1,23.516841945695436,23.516841945695436,100.0
2460,2,43.901913070923094,43.901913070923094,100.0
2470,0,58.20333539701929,58.20333539701929,100.0
2470,1,25.349816149969417,25.349816149969417,100.0
2470,2,16.446848453011295,16.446848453011295,100.0
2480,0,44.33948178547224,44.33948178547224,100.0
2480,1,16.519882578806204,16.519882578806204,100.0
2480,2,39.14063563572155,39.14063563572155,100.0
2490,0,16.604076008372594,16.604076008372594,100.0
2490,1,28.379145172725543,28.379145172725543,100.0
2490,2,55.01677881890187,55.01677881890187,100.0
2500,0,32.8425973365519,32.8425973365519,100.0
2500,1,35.23071601332628,35.23071601332628,100.0
2500,2,31.926686650121827,31.926686650121827,100.0
2510,0,43.520769401172565,43.520769401172565,100.0
2510,1,11.863334965364409,11.863334965364409,100.0
2510,2,44.61589563346304,44.61589563346304,100.0
2520,0,40.463729283889585,40.463729283889585,100.0
2520,1,46.361622659616145,46.361622659616145,100.0
2520,2,13.174648056494265,13.174648056494265,100.0
2530,0,21.533356881352184,21.533356881352184,100.0
2530,1,58.03940665259495,58.03940665259495,100.0
2530,2,20.42723646605287,20.42723646605287,100.0
2540,0,40.87356124852135,40.87356124852135,100.0
2540,1,47.63989714637356,47.63989714637356,100.0
2540,2,11.48654160510507,11.48654160510507,100.0
2550,0,45.72048559708647,45.72048559708647,100.0
2550,1,17.938796047731756,17.938796047731756,100.0
2550,2,36.34071835518177,36.34071835518177,100.0
2560,0,43.483095964116856,43.483095964116856,100.0
2560,1,17.08500968390819,17.08500968390819,100.0
2560,2,39.43189435197495,39.43189435197495,100.0
2570,0,18.451080127030327,18.451080127030327,100.0
2570,1,18.546807434664718,18.546807434664718,100.0
2570,2,63.00211243830497,63.00211243830497,100.0
2580,0,23.577270473082958,23.577270473082958,100.0
2580,1,24.248480840042923,24.248480840042923,100.0
2580,2,52.17424868687412,52.17424868687412,100.0
2590,0,26.927381618737268,26.927381618737268,100.0
2590,1,56.75030227006756,56.75030227006756,100.0
2590,2,16.322316111195175,16.322316111195175,100.0
2600,0,22.036235643163625,22.036235643163625,100.0
2600,1,33.7590862465332,33.7590862465332,100.0
2600,2,44.20467811030318,44.20467811030318,100.0
2610,0,39.19966205923488,39.19966205923488,100.0
2610,1,50.25419503596817,50.25419503596817,100.0
2610,2,10.546142904796953,10.546142904796953,100.0
2620,0,24.682377636774955,24.682377636774955,100.0
2620,1,34.54473050954969,34.54473050954969,100.0
2620,2,40.77289185367536,40.77289185367536,100.0
2630,0,21.403841352445415,21.403841352445415,100.0
2630,1,58.78865641197522,58.78865641197522,100.0
2630,2,19.80750223557936,19.80750223557936,100.0
2640,0,54.89818654549061,54.89818654549061,100.0
2640,1,27.99379747784194,27.99379747784194,100.0
2640,2,17.108015976667453,17.108015976667453,100.0
2650,0,38.154478917111746,38.154478917111746,100.0
2650,1,27.996682297322366,27.996682297322366,100.0
2650,2,33.84883878556589,33.84883878556589,100.0
2660,0,44.997941768946376,44.997941768946376,100.0
2660,1,45.5827158564249,45.5827158564249,100.0
2660,2,9.41934237462872,9.41934237462872,100.0
2670,0,69.22349365237511,69.22349365237511,100.0
2670,1,17.118526552004514,17.118526552004514,100.0
2670,2,13.657979795620385,13.657979795620385,100.0
2680,0,33.00857324173283,33.00857324173283,100.0
2680,1,37.82816305783357,37.82816305783357,100.0
2680,2,29.16326370043361,29.16326370043361,100.0
2690,0,36.84258933143416,36.84258933143416,100.0
2690,1,27.064911983697538,27.064911983697538,100.0
2690,2,36.0924986848683,36.0924986848683,100.0
2700,0,27.569520162256843,27.569520162256843,100.0
2700,1,12.164266487097358,12.164266487097358,100.0
2700,2,60.266213350645806,60.266213350645806,100.0
2710,0,20.61768455870018,20.61768455870018,100.0
2710,1,31.78563665800128,31.78563665800128,100.0
2710,2,47.596678783298536,47.596678783298536,100.0
2720,0,12.945353272419982,12.945353272419982,100.0
2720,1,70.10823355875577,70.10823355875577,100.0
2720,2,16.946413168824257,16.946413168824257,100.0
2730,0,17.305029243363734,17.305029243363734,100.0
2730,1,46.240880163441645,46.240880163441645,100.0
2730,2,36.45409059319463,36.45409059319463,100.0
2740,0,10.991682143102537,10.991682143102537,100.0
2740,1,16.077390178102902,16.077390178102902,100.0
2740,2,72.93092767879456,72.93092767879456,100.0
2750,0,28.4522582459841,28.4522582459841,100.0
2750,1,40.9796698952631,40.9796698952631,100.0
2750,2,30.568071858752795,30.568071858752795,100.0
2760,0,35.81491760901321,35.81491760901321,100.0
2760,1,20.211874589597787,20.211874589597787,100.0
2760,2,43.97320780138901,43.97320780138901,100.0
2770,0,43.07155492703414,43.07155492703414,100.0
2770,1,23.92499508874544,23.92499508874544,100.0
2770,2,33.00344998422041,33.00344998422041,100.0
2780,0,15.740209132519361,15.740209132519361,100.0
2780,1,63.37685872887897,63.37685872887897,100.0
2780,2,20.882932138601678,20.882932138601678,100.0
2790,0,39.59275832746167,39.59275832746167,100.0
2790,1,31.295753562880456,31.295753562880456,100.0
2790,2,29.11148810965788,29.11148810965788,100.0
2800,0,13.308921052822914,13.308921052822914,100.0
2800,1,50.0101095534592,50.0101095534592,100.0
2800,2,36.680969393717895,36.680969393717895,100.0
2810,0,22.5224846240776,22.5224846240776,100.0
2810,1,29.983987214360408,29.983987214360408,100.0
2810,2,47.49352816156199,47.49352816156199,100.0
2820,0,23.578326584899152,23.578326584899152,100.0
2820,1,13.908479985245181,13.908479985245181,100.0
2820,2,62.513193429855676,62.513193429855676,100.0
2830,0,13.040052162896135,13.040052162896135,100.0
2830,1,72.9542259070534,72.9542259070534,100.0
2830,2,14.005721930050473,14.005721930050473,100.0
2840,0,33.99512041596744,33.99512041596744,100.0
2840,1,33.32867051798629,33.32867051798629,100.0
2840,2,32.67620906604626,32.67620906604626,100.0
2850,0,64.55883060411222,64.55883060411222,100.0
2850,1,21.734277510930912,21.734277510930912,100.0
2850,2,13.706891884956878,13.706891884956878,100.0
2860,0,68.71752247590975,68.71752247590975,100.0
2860,1,14.95503359711291,14.95503359711291,100.0
2860,2,16.32744392697735,16.32744392697735,100.0
2870,0,36.789515045740565,36.789515045740565,100.0
2870,1,37.26108135600042,37.26108135600042,100.0
2870,2,25.949403598259014,25.949403598259014,100.0
2880,0,27.556559423802124,27.556559423802124,100.0
2880,1,29.933957607489113,29.933957607489113,100.0
2880,2,42.509482968708774,42.509482968708774,100.0
2890,0,7.406091545944124,7.406091545944124,100.0
2890,1,45.744382368261114,45.744382368261114,100.0
2890,2,46.84952608579475,46.84952608579475,100.0
2900,0,26.290066238227322,26.290066238227322,100.0
2900,1,17.2721233877395,17.2721233877395,100.0
2900,2,56.437810374033184,56.437810374033184,100.0
2910,0,55.13097296532678,55.13097296532678,100.0
2910,1,26.33635785491848,26.33635785491848,100.0
2910,2,18.532669179754745,18.532669179754745,100.0
2920,0,16.403733416041586,16.403733416041586,100.0
2920,1,13.787079049762449,13.787079049762449,100.0
2920,2,69.80918753419597,69.80918753419597,100.0
2930,0,21.93398802310104,21.93398802310104,100.0
2930,1,55.01300970416416,55.01300970416416,100.0
2930,2,23.05300227273479,23.05300227273479,100.0
2940,0,30.534785920566083,30.534785920566083,100.0
2940,1,13.576717164677103,13.576717164677103,100.0
2940,2,55.88849691475682,55.88849691475682,100.0
2950,0,33.9315484232322,33.9315484232322,100.0
2950,1,39.044934077382095,39.044934077382095,100.0
2950,2,27.02351749938572,27.02351749938572,100.0
2960,0,9.27728485070871,9.27728485070871,100.0
2960,1,46.25812652244429,46.25812652244429,100.0
2960,2,44.46458862684699,44.46458862684699,100.0
2970,0,38.66523732424152,38.66523732424152,100.0
2970,1,25.56059443051719,25.56059443051719,100.0
2970,2,35.77416824524129,35.77416824524129,100.0
2980,0,38.52729595632167,38.52729595632167,100.0
2980,1,44.80848902464227,44.80848902464227,100.0
2980,2,16.664215019036046,16.664215019036046,100.0
2990,0,24.461782237620493,24.461782237620493,100.0
2990,1,29.24349709859953,29.24349709859953,100.0
2990,2,46.294720663779984,46.294720663779984,100.0
3000,0,40.71035359323788,40.71035359323788,100.0
3000,1,31.733830741705386,31.733830741705386,100.0
3000,2,27.555815665056738,27.555815665056738,100.0
3010,0,38.5952924751216,38.5952924751216,100.0
3010,1,46.56134665801898,46.56134665801898,100.0
3010,2,14.843360866859417,14.843360866859417,100.0
3020,0,9.962109893277251,9.962109893277251,100.0
3020,1,55.23058684686851,55.23058684686851,100.0
3020,2,34.80730325985425,34.80730325985425,100.0
3030,0,19.120692986309805,19.120692986309805,100.0
3030,1,25.85321891450924,25.85321891450924,100.0
3030,2,55.02608809918096,55.02608809918096,100.0
3040,0,48.477489774672286,48.477489774672286,100.0
3040,1,23.13836468754799,23.13836468754799,100.0
3040,2,28.384145537779727,28.384145537779727,100.0
3050,0,25.01504716163923,25.01504716163923,100.0
3050,1,35.72798049005258,35.72798049005258,100.0
3050,2,39.256972348308196,39.256972348308196,100.0
3060,0,15.348887166276388,15.348887166276388,100.0
3060,1,42.82479785637892,42.82479785637892,100.0
3060,2,41.826314977344694,41.826314977344694,100.0
3070,0,11.904314240549937,11.904314240549937,100.0
3070,1,42.49978525228744,42.49978525228744,100.0
3070,2,45.595900507162625,45.595900507162625,100.0
3080,0,34.04053042652301,34.04053042652301,100.0
3080,1,24.09378667718009,24.09378667718009,100.0
3080,2,41.86568289629689,41.86568289629689,100.0
3090,0,18.12340862952422,18.12340862952422,100.0
3090,1,16.277147130673992,16.277147130673992,100.0
3090,2,65.59944423980178,65.59944423980178,100.0
3100,0,18.6121749840411,18.6121749840411,100.0
3100,1,19.702840423444048,19.702840423444048,100.0
3100,2,61.684984592514844,61.684984592514844,100.0
3110,0,35.714460664517574,35.714460664517574,100.0
3110,1,23.72276433757215,23.72276433757215,100.0
3110,2,40.56277499791028,40.56277499791028,100.0
3120,0,28.292281441408374,28.292281441408374,100.0
3120,1,26.213633655345557,26.213633655345557,100.0
3120,2,45.494084903246076,45.494084903246076,100.0
3130,0,42.25377347258523,42.25377347258523,100.0
3130,1,32.41291007257258,32.41291007257258,100.0
3130,2,25.333316454842187,25.333316454842187,100.0
3140,0,17.452664630269208,17.452664630269208,100.0
3140,1,30.013015062207337,30.013015062207337,100.0
3140,2,52.534320307523465,52.534320307523465,100.0
3150,0,11.574491101383748,11.574491101383748,100.0
3150,1,57.79514083870113,57.79514083870113,100.0
3150,2,30.63036805991513,30.63036805991513,100.0
3160,0,15.365736304397718,15.365736304397718,100.0
3160,1,48.143955568108574,48.143955568108574,100.0
3160,2,36.49030812749371,36.49030812749371,100.0
3170,0,51.33243870372078,51.33243870372078,100.0
3170,1,25.295597077023462,25.295597077023462,100.0
3170,2,23.371964219255762,23.371964219255762,100.0
3180,0,51.025060187781115,51.025060187781115,100.0
3180,1,27.57424861987169,27.57424861987169,100.0
3180,2,21.400691192347193,21.400691192347193,100.0
3190,0,25.28780718668921,25.28780718668921,100.0
3190,1,43.23296745900401,43.23296745900401,100.0
3190,2,31.479225354306784,31.479225354306784,100.0
3200,0,51.62514682039097,51.62514682039097,100.0
3200,1,29.897452882458303,29.897452882458303,100.0
3200,2,18.477400297150734,18.477400297150734,100.0
3210,0,33.43849924745768,33.43849924745768,100.0
3210,1,23.008155525590844,23.008155525590844,100.0
3210,2,43.55334522695148,43.55334522695148,100.0
3220,0,30.51086501716896,30.51086501716896,100.0
3220,1,27.840194528981467,27.840194528981467,100.0
3220,2,41.64894045384958,41.64894045384958,100.0
3230,0,59.31750001032368,59.31750001032368,100.0
3230,1,11.685254455968565,11.685254455968565,100.0
3230,2,28.997245533707762,28.997245533707762,100.0
3240,0,34.55085265903959,34.55085265903959,100.0
3240,1,22.54303397176638,22.54303397176638,100.0
3240,2,42.90611336919404,42.90611336919404,100.0
3250,0,13.799950983645646,13.799950983645646,100.0
3250,1,47.75937732819329,47.75937732819329,100.0
3250,2,38.44067168816106,38.44067168816106,100.0
3260,0,19.08302079106634,19.08302079106634,100.0
3260,1,63.25295435055214,63.25295435055214,100.0
3260,2,17.664024858381527,17.664024858381527,100.0
3270,0,50.024049765380894,50.024049765380894,100.0
3270,1,12.032211193158966,12.032211193158966,100.0
3270,2,37.94373904146015,37.94373904146015,100.0
3280,0,19.511817622596592,19.511817622596592,100.0
3280,1,35.41263219864805,35.41263219864805,100.0
3280,2,45.07555017875536,45.07555017875536,100.0
3290,0,17.999474716714793,17.999474716714793,100.0
3290,1,66.87095593579404,66.87095593579404,100.0
3290,2,15.129569347491161,15.129569347491161,100.0
3300,0,35.99550962317421,35.99550962317421,100.0
3300,1,29.378414314279265,29.378414314279265,100.0
3300,2,34.62607606254653,34.62607606254653,100.0
3310,0,15.712446809306321,15.712446809306321,100.0
3310,1,69.5373302321428,69.5373302321428,100.0
3310,2,14.750222958550863,14.750222958550863,100.0
3320,0,26.48643783191986,26.48643783191986,100.0
3320,1,57.925652560322916,57.925652560322916,100.0
3320,2,15.587909607757231,15.587909607757231,100.0
3330,0,42.5465197306717,42.5465197306717,100.0
3330,1,18.333888599738252,18.333888599738252,100.0
3330,2,39.11959166959005,39.11959166959005,100.0
3340,0,13.413305006960272,13.413305006960272,100.0
3340,1,28.92065291009274,28.92065291009274,100.0
3340,2,57.66604208294699,57.66604208294699,100.0
3350,0,48.300287529553145,48.300287529553145,100.0
3350,1,37.47067705022137,37.47067705022137,100.0
3350,2,14.229035420225495,14.229035420225495,100.0
3360,0,22.389472421905733,22.389472421905733,100.0
3360,1,36.89086888657292,36.89086888657292,100.0
3360,2,40.719658691521346,40.719658691521346,100.0
3370,0,28.91553867356853,28.91553867356853,100.0
3370,1,54.318155760375596,54.318155760375596,100.0
3370,2,16.766305566055863,16.766305566055863,100.0
3380,0,22.614220505258718,22.614220505258718,100.0
3380,1,53.84604786449915,53.84604786449915,100.0
3380,2,23.53973163024213,23.53973163024213,100.0
3390,0,10.720410467967763,10.720410467967763,100.0
3390,1,51.17156359842435,51.17156359842435,100.0
3390,2,38.108025933607884,38.108025933607884,100.0
3400,0,53.81102186399097,53.81102186399097,100.0
3400,1,18.81057677212518,18.81057677212518,100.0
3400,2,27.378401363883853,27.378401363883853,100.0
3410,0,18.945606443985994,18.945606443985994,100.0
3410,1,53.723303129126975,53.723303129126975,100.0
3410,2,27.331090426887034,27.331090426887034,100.0
3420,0,16.398006385171307,16.398006385171307,100.0
3420,1,20.88403493858238,20.88403493858238,100.0
3420,2,62.71795867624631,62.71795867624631,100.0
3430,0,40.8187738278994,40.8187738278994,100.0
3430,1,27.427815159741055,27.427815159741055,100.0
3430,2,31.75341101235955,31.75341101235955,100.0
3440,0,15.171645279539565,15.171645279539565,100.0
3440,1,39.86572594322045,39.86572594322045,100.0
3440,2,44.96262877723999,44.96262877723999,100.0
3450,0,12.757778290396566,12.757778290396566,100.0
3450,1,49.13336243165388,49.13336243165388,100.0
3450,2,38.10885927794956,38.10885927794956,100.0
3460,0,9.975729134875538,9.975729134875538,100.0
3460,1,61.299473056675346,61.299473056675346,100.0
3460,2,28.724797808449125,28.724797808449125,100.0
3470,0,38.82805016915698,38.82805016915698,100.0
3470,1,17.862878120147986,17.862878120147986,100.0
3470,2,43.30907171069503,43.30907171069503,100.0
3480,0,14.873418521549914,14.873418521549914,100.0
3480,1,66.35322256255658,66.35322256255658,100.0
3480,2,18.773358915893507,18.773358915893507,100.0
3490,0,28.835800907725723,28.835800907725723,100.0
3490,1,35.98216671797675,35.98216671797675,100.0
3490,2,35.18203237429752,35.18203237429752,100.0
3500,0,15.377289555837947,15.377289555837947,100.0
3500,1,71.24160730627028,71.24160730627028,100.0
3500,2,13.381103137891772,13.381103137891772,100.0
3510,0,28.25548428103442,28.25548428103442,100.0
3510,1,26.073591643407575,26.073591643407575,100.0
3510,2,45.670924075558005,45.670924075558005,100.0
3520,0,27.71818524234731,27.71818524234731,100.0
3520,1,13.7766949174769,13.7766949174769,100.0
3520,2,58.5051198401758,58.5051198401758,100.0
3530,0,28.323021431817676,28.323021431817676,100.0
3530,1,22.353652615302437,22.353652615302437,100.0
3530,2,49.323325952879884,49.323325952879884,100.0
3540,0,28.075889520503583,28.075889520503583,100.0
3540,1,62.052580375315166,62.052580375315166,100.0
3540,2,9.87153010418126,9.87153010418126,100.0
3550,0,15.305956244813562,15.305956244813562,100.0
3550,1,63.85199847881977,63.85199847881977,100.0
3550,2,20.842045276366665,20.842045276366665,100.0
3560,0,37.23895513477203,37.23895513477203,100.0
3560,1,22.129120619879675,22.129120619879675,100.0
3560,2,40.63192424534829,40.63192424534829,100.0
3570,0,10.000063917350857,10.000063917350857,100.0
3570,1,31.612669695979857,31.612669695979857,100.0
3570,2,58.38726638666929,58.38726638666929,100.0
3580,0,23.962512706637153,23.962512706637153,100.0
3580,1,58.55626086570308,58.55626086570308,100.0
3580,2,17.481226427659767,17.481226427659767,100.0
3590,0,22.088546076432976,22.088546076432976,100.0
3590,1,62.68252738183391,62.68252738183391,100.0
3590,2,15.228926541733124,15.228926541733124,100.0
3600,0,22.80847369213798,22.80847369213798,100.0
3600,1,20.59800998468899,20.59800998468899,100.0
3600,2,56.593516323173034,56.593516323173034,100.0
3610,0,52.56356000053607,52.56356000053607,100.0
3610,1,15.04077953526217,15.04077953526217,100.0
3610,2,32.39566046420176,32.39566046420176,100.0
3620,0,26.338605085148505,26.338605085148505,100.0
3620,1,28.610667843674403,28.610667843674403,100.0
3620,2,45.050727071177086,45.050727071177086,100.0
3630,0,48.06141587476796,48.06141587476796,100.0
3630,1,16.249309433453654,16.249309433453654,100.0
3630,2,35.689274691778394,35.689274691778394,100.0
3640,0,20.24717197538343,20.24717197538343,100.0
3640,1,47.33873133030865,47.33873133030865,100.0
3640,2,32.41409669430792,32.41409669430792,100.0
3650,0,21.238805756715497,21.238805756715497,100.0
3650,1,23.552943976435188,23.552943976435188,100.0
3650,2,55.20825026684931,55.20825026684931,100.0
3660,0,47.832790361359855,47.832790361359855,100.0
3660,1,27.174341045903972,27.174341045903972,100.0
3660,2,24.99286859273618,24.99286859273618,100.0
3670,0,15.509089783173376,15.509089783173376,100.0
3670,1,31.545434162612707,31.545434162612707,100.0
3670,2,52.94547605421391,52.94547605421391,100.0
3680,0,15.893276907131169,15.893276907131169,100.0
3680,1,49.39001794044163,49.39001794044163,100.0
3680,2,34.7167051524272,34.7167051524272,100.0
3690,0,53.77821382722067,53.77821382722067,100.0
3690,1,11.479917149933081,11.479917149933081,100.0
3690,2,34.74186902284626,34.74186902284626,100.0
3700,0,31.526835701053272,31.526835701053272,100.0
3700,1,48.600005914631154,48.600005914631154,100.0
3700,2,19.87315838431557,19.87315838431557,100.0
3710,0,30.575127821033437,30.575127821033437,100.0
3710,1,43.46634697190998,43.46634697190998,100.0
3710,2,25.958525207056592,25.958525207056592,100.0
3720,0,50.60577836820863,50.60577836820863,100.0
3720,1,24.142433794021798,24.142433794021798,100.0
3720,2,25.251787837769573,25.251787837769573,100.0
3730,0,40.93807444516504,40.93807444516504,100.0
3730,1,29.8633486528556,29.8633486528556,100.0
3730,2,29.198576901979372,29.198576901979372,100.0
3740,0,23.480339321790627,23.480339321790627,100.0
3740,1,46.28212490309941,46.28212490309941,100.0
3740,2,30.237535775109976,30.237535775109976,100.0
3750,0,27.856845010406843,27.856845010406843,100.0
3750,1,16.05130193560281,16.05130193560281,100.0
3750,2,56.09185305399035,56.09185305399035,100.0
3760,0,44.596927628045094,44.596927628045094,100.0
3760,1,41.15039916276285,41.15039916276285,100.0
3760,2,14.252673209192066,14.252673209192066,100.0
3770,0,10.070409772068594,10.070409772068594,100.0
3770,1,38.57566582365817,38.57566582365817,100.0
3770,2,51.35392440427324,51.35392440427324,100.0
3780,0,22.952411622138374,22.952411622138374,100.0
3780,1,27.826707526252477,27.826707526252477,100.0
3780,2,49.22088085160915,49.22088085160915,100.0
3790,0,45.74619762281562,45.74619762281562,100.0
3790,1,38.49129834044291,38.49129834044291,100.0
3790,2,15.762504036741479,15.762504036741479,100.0
3800,0,14.177446529128678,14.177446529128678,100.0
3800,1,27.29544269500569,27.29544269500569,100.0
3800,2,58.52711077586563,58.52711077586563,100.0
3810,0,12.12479865241528,12.12479865241528,100.0
3810,1,71.39083114108466,71.39083114108466,100.0
3810,2,16.48437020650007,16.48437020650007,100.0
3820,0,18.05451421247691,18.05451421247691,100.0
3820,1,43.817194410286206,43.817194410286206,100.0
3820,2,38.12829137723689,38.12829137723689,100.0
3830,0,36.35805565844502,36.35805565844502,100.0
3830,1,42.19441958233489,42.19441958233489,100.0
3830,2,21.44752475922009,21.44752475922009,100.0
3840,0,27.420363917529254,27.420363917529254,100.0
3840,1,28.176539935044705,28.176539935044705,100.0
3840,2,44.403096147426055,44.403096147426055,100.0
3850,0,66.39817710534497,66.39817710534497,100.0
3850,1,16.88724144555025,16.88724144555025,100.0
3850,2,16.71458144910479,16.71458144910479,100.0
3860,0,11.293169085802889,11.293169085802889,100.0
3860,1,24.323134923986803,24.323134923986803,100.0
3860,2,64.38369599021031,64.38369599021031,100.0
3870,0,33.4455189463571,33.4455189463571,100.0
3870,1,55.39270475580873,55.39270475580873,100.0
3870,2,11.161776297834168,11.161776297834168,100.0
3880,0,17.097807866928395,17.097807866928395,100.0
3880,1,61.19259058066222,61.19259058066222,100.0
3880,2,21.709601552409392,21.709601552409392,100.0
3890,0,50.434255426227914,50.434255426227914,100.0
3890,1,30.29337655238734,30.29337655238734,100.0
3890,2,19.27236802138474,19.27236802138474,100.0
3900,0,24.727969759511094,24.727969759511094,100.0
3900,1,28.376385662120473,28.376385662120473,100.0
3900,2,46.89564457836844,46.89564457836844,100.0
3910,0,34.08577175429489,34.08577175429489,100.0
3910,1,9.938240706418886,9.938240706418886,100.0
3910,2,55.97598753928623,55.97598753928623,100.0
3920,0,54.157773111904405,54.157773111904405,100.0
3920,1,22.497130940091857,22.497130940091857,100.0
3920,2,23.34509594800373,23.34509594800373,100.0
3930,0,26.26207136356296,26.26207136356296,100.0
3930,1,15.16501582821772,15.16501582821772,100.0
3930,2,58.57291280821932,58.57291280821932,100.0
3940,0,24.158617477510536,24.158617477510536,100.0
3940,1,39.05998972301198,39.05998972301198,100.0
3940,2,36.78139279947749,36.78139279947749,100.0
3950,0,13.548297787656423,13.548297787656423,100.0
3950,1,56.517820234298654,56.517820234298654,100.0
3950,2,29.933881978044912,29.933881978044912,100.0
3960,0,18.91042275390022,18.91042275390022,100.0
3960,1,52.190486837668715,52.190486837668715,100.0
3960,2,28.89909040843108,28.89909040843108,100.0
3970,0,13.14975107079969,13.14975107079969,100.0
3970,1,47.43215575987077,47.43215575987077,100.0
3970,2,39.41809316932955,39.41809316932955,100.0
3980,0,16.340389958075804,16.340389958075804,100.0
3980,1,47.918678303263896,47.918678303263896,100.0
3980,2,35.7409317386603,35.7409317386603,100.0
3990,0,21.693704248229345,21.693704248229345,100.0
3990,1,19.988004988735973,19.988004988735973,100.0
3990,2,58.31829076303469,58.31829076303469,100.0
4000,0,26.360386031514842,26.360386031514842,100.0
4000,1,29.867338526786835,29.867338526786835,100.0
4000,2,43.77227544169833,43.77227544169833,100.0
4010,0,15.484673567735074,15.484673567735074,100.0
4010,1,32.563512142338816,32.563512142338816,100.0
4010,2,51.951814289926126,51.951814289926126,100.0
4020,0,51.625186384082525,51.625186384082525,100.0
4020,1,12.847625373592317,12.847625373592317,100.0
4020,2,35.52718824232517,35.52718824232517,100.0
4030,0,54.21602166399663,54.21602166399663,100.0
4030,1,16.906966379991896,16.906966379991896,100.0
4030,2,28.877011956011483,28.877011956011483,100.0
4040,0,36.013353697165854,36.013353697165854,100.0
4040,1,19.15743275304117,19.15743275304117,100.0
4040,2,44.82921354979298,44.82921354979298,100.0
4050,0,28.203412171436586,28.203412171436586,100.0
4050,1,33.93309386252018,33.93309386252018,100.0
4050,2,37.863493966043244,37.863493966043244,100.0
4060,0,50.51352669094206,50.51352669094206,100.0
4060,1,25.141194318219313,25.141194318219313,100.0
4060,2,24.345278990838636,24.345278990838636,100.0
4070,0,58.27308184472658,58.27308184472658,100.0
4070,1,18.648559481221845,18.648559481221845,100.0
4070,2,23.078358674051582,23.078358674051582,100.0
4080,0,58.55466965966576,58.55466965966576,100.0
4080,1,25.266408611542683,25.266408611542683,100.0
4080,2,16.178921728791558,16.178921728791558,100.0
4090,0,25.46884448092026,25.46884448092026,100.0
4090,1,29.910345955300727,29.910345955300727,100.0
4090,2,44.62080956377902,44.62080956377902,100.0
4100,0,29.573206776393256,29.573206776393256,100.0
4100,1,19.5834841002225,19.5834841002225,100.0
4100,2,50.84330912338424,50.84330912338424,100.0
4110,0,37.82472617889054,37.82472617889054,100.0
4110,1,38.672474565381144,38.672474565381144,100.0
4110,2,23.502799255728316,23.502799255728316,100.0
4120,0,68.24280594393224,68.24280594393224,100.0
4120,1,14.916003361839067,14.916003361839067,100.0
4120,2,16.841190694228704,16.841190694228704,100.0
4130,0,40.412579963702505,40.412579963702505,100.0
4130,1,10.013785109815776,10.013785109815776,100.0
4130,2,49.57363492648172,49.57363492648172,100.0
4140,0,29.397527831882986,29.397527831882986,100.0
4140,1,20.822783542156646,20.822783542156646,100.0
4140,2,49.779688625960354,49.779688625960354,100.0
4150,0,39.40893265180782,39.40893265180782,100.0
4150,1,36.094924898795256,36.094924898795256,100.0
4150,2,24.496142449396928,24.496142449396928,100.0
4160,0,13.11545242299275,13.11545242299275,100.0
4160,1,70.71834267311768,70.71834267311768,100.0
4160,2,16.166204903889586,16.166204903889586,100.0
4170,0,39.88550645100677,39.88550645100677,100.0
4170,1,22.684827057359634,22.684827057359634,100.0
4170,2,37.42966649163359,37.42966649163359,100.0
4180,0,53.64029605559735,53.64029605559735,100.0
4180,1,17.377087802313014,17.377087802313014,100.0
4180,2,28.98261614208963,28.98261614208963,100.0
4190,0,47.370610957455426,47.370610957455426,100.0
4190,1,28.20170444571949,28.20170444571949,100.0
4190,2,24.427684596825088,24.427684596825088,100.0
4200,0,70.84971916451458,70.84971916451458,100.0
4200,1,13.283963821745361,13.283963821745361,100.0
4200,2,15.866317013740058,15.866317013740058,100.0
4210,0,41.71544227280412,41.71544227280412,100.0
4210,1,31.343072090019707,31.343072090019707,100.0
4210,2,26.94148563717619,26.94148563717619,100.0
4220,0,22.956276275525934,22.956276275525934,100.0
4220,1,26.657235155457315,26.657235155457315,100.0
4220,2,50.38648856901675,50.38648856901675,100.0
4230,0,47.330278661276154,47.330278661276154,100.0
4230,1,33.9128859288831,33.9128859288831,100.0
4230,2,18.75683540984076,18.75683540984076,100.0
4240,0,37.4929079964062,37.4929079964062,100.0
4240,1,38.662361096472786,38.662361096472786,100.0
4240,2,23.844730907121004,23.844730907121004,100.0
4250,0,21.217504548568016,21.217504548568016,100.0
4250,1,33.675192926952825,33.675192926952825,100.0
4250,2,45.10730252447916,45.10730252447916,100.0
4260,0,36.97885873111406,36.97885873111406,100.0
4260,1,38.9528156538349,38.9528156538349,100.0
4260,2,24.06832561505105,24.06832561505105,100.0
4270,0,23.423951867345995,23.423951867345995,100.0
4270,1,23.250222549600842,23.250222549600842,100.0
4270,2,53.32582558305317,53.32582558305317,100.0
4280,0,48.00019927448436,48.00019927448436,100.0
4280,1,14.086834616372931,14.086834616372931,100.0
4280,2,37.912966109142715,37.912966109142715,100.0
4290,0,60.84198630183022,60.84198630183022,100.0
4290,1,18.75721726032593,18.75721726032593,100.0
4290,2,20.400796437843844,20.400796437843844,100.0
4300,0,31.232407982571203,31.232407982571203,100.0
4300,1,35.58206545559428,35.58206545559428,100.0
4300,2,33.185526561834514,33.185526561834514,100.0
4310,0,41.43574724299903,41.43574724299903,100.0
4310,1,28.869055441428166,28.869055441428166,100.0
4310,2,29.695197315572813,29.695197315572813,100.0
4320,0,30.435541245910585,30.435541245910585,100.0
4320,1,17.68127795748139,17.68127795748139,100.0
4320,2,51.883180796608016,51.883180796608016,100.0
4330,0,13.648789387820107,13.648789387820107,100.0
4330,1,51.41399651839331,51.41399651839331,100.0
4330,2,34.93721409378659,34.93721409378659,100.0
4340,0,57.09997597047259,57.09997597047259,100.0
4340,1,27.481168732798224,27.481168732798224,100.0
4340,2,15.418855296729179,15.418855296729179,100.0
4350,0,54.35226386592969,54.35226386592969,100.0
4350,1,23.968163702621542,23.968163702621542,100.0
4350,2,21.67957243144876,21.67957243144876,100.0
4360,0,17.73044818810009,17.73044818810009,100.0
4360,1,47.153272477987635,47.153272477987635,100.0
4360,2,35.11627933391228,35.11627933391228,100.0
4370,0,17.437355235949788,17.437355235949788,100.0
4370,1,16.82385450294851,16.82385450294851,100.0
4370,2,65.7387902611017,65.7387902611017,100.0
4380,0,21.097893197628455,21.097893197628455,100.0
4380,1,56.388100886739025,56.388100886739025,100.0
4380,2,22.514005915632524,22.514005915632524,100.0
4390,0,53.56624059463291,53.56624059463291,100.0
4390,1,26.522997002874817,26.522997002874817,100.0
4390,2,19.91076240249228,19.91076240249228,100.0
4400,0,38.01692097271791,38.01692097271791,100.0
4400,1,22.27410921080277,22.27410921080277,100.0
4400,2,39.708969816479325,39.708969816479325,100.0
4410,0,8.72222536817989,8.72222536817989,100.0
4410,1,41.416645570329926,41.416645570329926,100.0
4410,2,49.86112906149018,49.86112906149018,100.0
4420,0,16.892048375632022,16.892048375632022,100.0
4420,1,41.965593923447706,41.965593923447706,100.0
4420,2,41.14235770092028,41.14235770092028,100.0
4430,0,29.602392318882814,29.602392318882814,100.0
4430,1,47.89166595295671,47.89166595295671,100.0
4430,2,22.505941728160472,22.505941728160472,100.0
4440,0,24.041748083812564,24.041748083812564,100.0
4440,1,24.37317612333506,24.37317612333506,100.0
4440,2,51.58507579285237,51.58507579285237,100.0
4450,0,39.214781072666085,39.214781072666085,100.0
4450,1,15.859775220107691,15.859775220107691,100.0
4450,2,44.92544370722623,44.92544370722623,100.0
4460,0,28.9429243357731,28.9429243357731,100.0
4460,1,57.56166731466451,57.56166731466451,100.0
4460,2,13.495408349562393,13.495408349562393,100.0
4470,0,39.66967129267844,39.66967129267844,100.0
4470,1,24.08151012874008,24.08151012874008,100.0
4470,2,36.24881857858147,36.24881857858147,100.0
4480,0,34.5839534321554,34.5839534321554,100.0
4480,1,52.975862627726364,52.975862627726364,100.0
4480,2,12.44018394011824,12.44018394011824,100.0
4490,0,11.44148289905741,11.44148289905741,100.0
4490,1,45.224902989561805,45.224902989561805,100.0
4490,2,43.33361411138078,43.33361411138078,100.0
4500,0,23.981271366514274,23.981271366514274,100.0
4500,1,35.50218401532008,35.50218401532008,100.0
4500,2,40.51654461816564,40.51654461816564,100.0
4510,0,28.37525585318088,28.37525585318088,100.0
4510,1,55.4531483374826,55.4531483374826,100.0
4510,2,16.171595809336527,16.171595809336527,100.0
4520,0,19.320029197147758,19.320029197147758,100.0
4520,1,43.213709082379594,43.213709082379594,100.0
4520,2,37.46626172047265,37.46626172047265,100.0
4530,0,35.43645663272348,35.43645663272348,100.0
4530,1,33.8425414552536,33.8425414552536,100.0
4530,2,30.72100191202292,30.72100191202292,100.0
4540,0,15.940857667580588,15.940857667580588,100.0
4540,1,50.04335071243512,50.04335071243512,100.0
4540,2,34.015791619984284,34.015791619984284,100.0
4550,0,49.45404116483345,49.45404116483345,100.0
4550,1,40.793399750767904,40.793399750767904,100.0
4550,2,9.75255908439866,9.75255908439866,100.0
4560,0,47.67401852985498,47.67401852985498,100.0
4560,1,15.32460458028966,15.32460458028966,100.0
4560,2,37.00137688985535,37.00137688985535,100.0
4570,0,26.147673152869338,26.147673152869338,100.0
4570,1,40.12341346693989,40.12341346693989,100.0
4570,2,33.72891338019076,33.72891338019076,100.0
4580,0,14.132165713003609,14.132165713003609,100.0
4580,1,33.22749570593334,33.22749570593334,100.0
4580,2,52.64033858106304,52.64033858106304,100.0
4590,0,26.701601513111186,26.701601513111186,100.0
4590,1,29.217601161227417,29.217601161227417,100.0
4590,2,44.08079732566139,44.08079732566139,100.0
4600,0,37.32425035670965,37.32425035670965,100.0
4600,1,17.301372602107527,17.301372602107527,100.0
4600,2,45.374377041182825,45.374377041182825,100.0
4610,0,45.98699806334263,45.98699806334263,100.0
4610,1,17.974736454941738,17.974736454941738,100.0
4610,2,36.03826548171563,36.03826548171563,100.0
4620,0,36.99472472953342,36.99472472953342,100.0
4620,1,21.617766928193646,21.617766928193646,100.0
4620,2,41.38750834227293,41.38750834227293,100.0
4630,0,50.936137264557146,50.936137264557146,100.0
4630,1,37.954963695835225,37.954963695835225,100.0
4630,2,11.10889903960763,11.10889903960763,100.0
4640,0,56.930005008068676,56.930005008068676,100.0
4640,1,23.090353076244053,23.090353076244053,100.0
4640,2,19.979641915687285,19.979641915687285,100.0
4650,0,19.65602400898528,19.65602400898528,100.0
4650,1,63.79430893196171,63.79430893196171,100.0
4650,2,16.549667059053007,16.549667059053007,100.0
4660,0,47.23976740194719,47.23976740194719,100.0
4660,1,41.79385907351103,41.79385907351103,100.0
4660,2,10.966373524541783,10.966373524541783,100.0
4670,0,33.08915682173444,33.08915682173444,100.0
4670,1,23.106469878293613,23.106469878293613,100.0
4670,2,43.80437329997195,43.80437329997195,100.0
4680,0,27.100131838443946,27.100131838443946,100.0
4680,1,44.47638451443926,44.47638451443926,100.0
4680,2,28.423483647116793,28.423483647116793,100.0
4690,0,59.82345348047641,59.82345348047641,100.0
4690,1,12.081187242122386,12.081187242122386,100.0
4690,2,28.095359277401215,28.095359277401215,100.0
4700,0,36.628906519196825,36.628906519196825,100.0
4700,1,32.35192398355776,32.35192398355776,100.0
4700,2,31.019169497245414,31.019169497245414,100.0
4710,0,36.90198028717271,36.90198028717271,100.0
4710,1,31.402585483202543,31.402585483202543,100.0
4710,2,31.69543422962474,31.69543422962474,100.0
4720,0,9.482854443450142,9.482854443450142,100.0
4720,1,53.282038626957565,53.282038626957565,100.0
4720,2,37.2351069295923,37.2351069295923,100.0
4730,0,13.08833916120643,13.08833916120643,100.0
4730,1,22.442356155452362,22.442356155452362,100.0
4730,2,64.4693046833412,64.4693046833412,100.0
4740,0,18.59185715188521,18.59185715188521,100.0
4740,1,54.893560957507916,54.893560957507916,100.0
4740,2,26.51458189060688,26.51458189060688,100.0
4750,0,49.985205750998325,49.985205750998325,100.0
4750,1,41.68497497376451,41.68497497376451,100.0
4750,2,8.329819275237169,8.329819275237169,100.0
4760,0,24.876277845118093,24.876277845118093,100.0
4760,1,41.408187826763374,41.408187826763374,100.0
4760,2,33.71553432811854,33.71553432811854,100.0
4770,0,14.460493047445997,14.460493047445997,100.0
4770,1,41.63328234074047,41.63328234074047,100.0
4770,2,43.90622461181354,43.90622461181354,100.0
4780,0,46.380282996021144,46.380282996021144,100.0
4780,1,18.474727534328085,18.474727534328085,100.0
4780,2,35.14498946965078,35.14498946965078,100.0
4790,0,69.66795814126381,69.66795814126381,100.0
4790,1,13.401532190356422,13.401532190356422,100.0
4790,2,16.930509668379774,16.930509668379774,100.0
4800,0,31.421684031495555,31.421684031495555,100.0
4800,1,17.907086058118693,17.907086058118693,100.0
4800,2,50.67122991038575,50.67122991038575,100.0
4810,0,31.811276213587075,31.811276213587075,100.0
4810,1,9.142912390034429,9.142912390034429,100.0
4810,2,59.04581139637849,59.04581139637849,100.0
4820,0,20.299021896210434,20.299021896210434,100.0
4820,1,32.049929281439205,32.049929281439205,100.0
4820,2,47.651048822350354,47.651048822350354,100.0
4830,0,66.75263983762864,66.75263983762864,100.0
4830,1,17.090776865743038,17.090776865743038,100.0
4830,2,16.156583296628334,16.156583296628334,100.0
4840,0,29.29317265288275,29.29317265288275,100.0
4840,1,53.27146376406221,53.27146376406221,100.0
4840,2,17.435363583055047,17.435363583055047,100.0
4850,0,31.22305654663493,31.22305654663493,100.0
4850,1,36.35465175606421,36.35465175606421,100.0
4850,2,32.42229169730087,32.42229169730087,100.0
4860,0,30.22405299249023,30.22405299249023,100.0
4860,1,42.39997121382491,42.39997121382491,100.0
4860,2,27.375975793684866,27.375975793684866,100.0
4870,0,59.79546326241388,59.79546326241388,100.0
4870,1,23.878066732482324,23.878066732482324,100.0
4870,2,16.326470005103783,16.326470005103783,100.0
4880,0,54.011018864830326,54.011018864830326,100.0
4880,1,24.220643782122917,24.220643782122917,100.0
4880,2,21.768337353046757,21.768337353046757,100.0
4890,0,21.416719960557064,21.416719960557064,100.0
4890,1,32.80660927293054,32.80660927293054,100.0
4890,2,45.77667076651239,45.77667076651239,100.0
4900,0,10.970381507174285,10.970381507174285,100.0
4900,1,23.301302713362077,23.301302713362077,100.0
4900,2,65.72831577946364,65.72831577946364,100.0
4910,0,42.19000954326811,42.19000954326811,100.0
4910,1,32.73459996607294,32.73459996607294,100.0
4910,2,25.07539049065896,25.07539049065896,100.0
4920,0,10.686051424787829,10.686051424787829,100.0
4920,1,46.27854839193383,46.27854839193383,100.0
4920,2,43.03540018327834,43.03540018327834,100.0
4930,0,14.781574512048829,14.781574512048829,100.0
4930,1,63.72268042429433,63.72268042429433,100.0
4930,2,21.495745063656848,21.495745063656848,100.0
4940,0,43.812437422396634,43.812437422396634,100.0
4940,1,9.482078053719624,9.482078053719624,100.0
4940,2,46.70548452388375,46.70548452388375,100.0
4950,0,31.737654147674476,31.737654147674476,100.0
4950,1,18.38879101222074,18.38879101222074,100.0
4950,2,49.87355484010478,49.87355484010478,100.0
4960,0,15.717700676144203,15.717700676144203,100.0
4960,1,23.941121676660032,23.941121676660032,100.0
4960,2,60.341177647195764,60.341177647195764,100.0
4970,0,35.04462987439771,35.04462987439771,100.0
4970,1,21.843026307687722,21.843026307687722,100.0
4970,2,43.11234381791458,43.11234381791458,100.0
4980,0,40.47994487127038,40.47994487127038,100.0
4980,1,19.560297841474753,19.560297841474753,100.0
4980,2,39.95975728725485,39.95975728725485,100.0
4990,0,46.153364191528105,46.153364191528105,100.0
4990,1,35.43980723603597,35.43980723603597,100.0
4990,2,18.40682857243593,18.40682857243593,100.0
5000,0,40.44562576695246,40.44562576695246,100.0
5000,1,48.02742896290702,48.02742896290702,100.0
5000,2,11.526945270140528,11.526945270140528,100.0
5010,0,22.394491888254457,22.394491888254457,100.0
5010,1,48.598271908868156,48.598271908868156,100.0
5010,2,29.00723620287738,29.00723620287738,100.0
5020,0,53.983392593541346,53.983392593541346,100.0
5020,1,24.563294042585625,24.563294042585625,100.0
5020,2,21.45331336387303,21.45331336387303,100.0
5030,0,32.76152911396165,32.76152911396165,100.0
5030,1,37.36185119621783,37.36185119621783,100.0
5030,2,29.876619689820522,29.876619689820522,100.0
5040,0,28.65792670463385,28.65792670463385,100.0
5040,1,53.79277468236556,53.79277468236556,100.0
5040,2,17.549298613000595,17.549298613000595,100.0
5050,0,57.58707472992802,57.58707472992802,100.0
5050,1,18.657529147243974,18.657529147243974,100.0
5050,2,23.75539612282801,23.75539612282801,100.0
5060,0,63.680536491978344,63.680536491978344,100.0
5060,1,12.256946357490902,12.256946357490902,100.0
5060,2,24.062517150530745,24.062517150530745,100.0
5070,0,39.052913479179445,39.052913479179445,100.0
5070,1,11.862830138197141,11.862830138197141,100.0
5070,2,49.084256382623416,49.084256382623416,100.0
5080,0,35.53574070268717,35.53574070268717,100.0
5080,1,38.53219356293798,38.53219356293798,100.0
5080,2,25.932065734374866,25.932065734374866,100.0
5090,0,25.09614883996209,25.09614883996209,100.0
5090,1,13.798323530282541,13.798323530282541,100.0
5090,2,61.105527629755365,61.105527629755365,100.0
5100,0,28.83425290087198,28.83425290087198,100.0
5100,1,41.284347343195144,41.284347343195144,100.0
5100,2,29.881399755932865,29.881399755932865,100.0
5110,0,41.075068916700744,41.075068916700744,100.0
5110,1,39.60348778137342,39.60348778137342,100.0
5110,2,19.321443301925843,19.321443301925843,100.0
5120,0,46.327142047268346,46.327142047268346,100.0
5120,1,20.073397903003986,20.073397903003986,100.0
5120,2,33.59946004972767,33.59946004972767,100.0
5130,0,22.807285394911116,22.807285394911116,100.0
5130,1,33.93928876672144,33.93928876672144,100.0
5130,2,43.253425838367455,43.253425838367455,100.0
5140,0,30.595481990108958,30.595481990108958,100.0
5140,1,37.56279911897837,37.56279911897837,100.0
5140,2,31.841718890912684,31.841718890912684,100.0
5150,0,20.849741144662197,20.849741144662197,100.0
5150,1,34.11402201753627,34.11402201753627,100.0
5150,2,45.03623683780154,45.03623683780154,100.0
5160,0,16.63587188773639,16.63587188773639,100.0
5160,1,71.01050672401486,71.01050672401486,100.0
5160,2,12.353621388248744,12.353621388248744,100.0
5170,0,29.18329403572712,29.18329403572712,100.0
5170,1,31.58576389560062,31.58576389560062,100.0
5170,2,39.23094206867227,39.23094206867227,100.0
5180,0,21.419297041697803,21.419297041697803,100.0
5180,1,59.520547370787966,59.520547370787966,100.0
5180,2,19.060155587514224,19.060155587514224,100.0
5190,0,29.916138858610253,29.916138858610253,100.0
5190,1,33.69105235856485,33.69105235856485,100.0
5190,2,36.3928087828249,36.3928087828249,100.0
5200,0,26.27465119044456,26.27465119044456,100.0
5200,1,18.816981085894174,18.816981085894174,100.0
5200,2,54.90836772366128,54.90836772366128,100.0
5210,0,22.584722759839202,22.584722759839202,100.0
5210,1,41.29980437936822,41.29980437936822,100.0
5210,2,36.11547286079259,36.11547286079259,100.0
5220,0,10.91002663209032,10.91002663209032,100.0
5220,1,52.55743125130864,52.55743125130864,100.0
5220,2,36.53254211660105,36.53254211660105,100.0
5230,0,20.221134942260637,20.221134942260637,100.0
5230,1,16.00333531796847,16.00333531796847,100.0
5230,2,63.77552973977091,63.77552973977091,100.0
5240,0,39.41570565358128,39.41570565358128,100.0
5240,1,34.399176456306265,34.399176456306265,100.0
5240,2,26.18511789011245,26.18511789011245,100.0
5250,0,25.258934390609245,25.258934390609245,100.0
5250,1,30.557144369398987,30.557144369398987,100.0
5250,2,44.18392123999177,44.18392123999177,100.0
5260,0,11.56315600994632,11.56315600994632,100.0
5260,1,40.60608996613771,40.60608996613771,100.0
5260,2,47.83075402391597,47.83075402391597,100.0
5270,0,45.94966122486305,45.94966122486305,100.0
5270,1,43.425647098390364,43.425647098390364,100.0
5270,2,10.624691676746593,10.624691676746593,100.0
5280,0,56.35201164209314,56.35201164209314,100.0
5280,1,27.37363463694046,27.37363463694046,100.0
5280,2,16.274353720966406,16.274353720966406,100.0
5290,0,27.091025837174058,27.091025837174058,100.0
5290,1,34.365891414954234,34.365891414954234,100.0
5290,2,38.5430827478717,38.5430827478717,100.0
5300,0,13.371146671345768,13.371146671345768,100.0
5300,1,14.578498850256441,14.578498850256441,100.0
5300,2,72.0503544783978,72.0503544783978,100.0
5310,0,45.67993785215667,45.67993785215667,100.0
5310,1,32.367982818872875,32.367982818872875,100.0
5310,2,21.95207932897045,21.95207932897045,100.0
5320,0,39.94637058056234,39.94637058056234,100.0
5320,1,9.595332205643741,9.595332205643741,100.0
5320,2,50.458297213793934,50.458297213793934,100.0
5330,0,31.982845314132604,31.982845314132604,100.0
5330,1,49.599245618070775,49.599245618070775,100.0
5330,2,18.41790906779662,18.41790906779662,100.0
5340,0,31.689012102655973,31.689012102655973,100.0
5340,1,22.277185442173646,22.277185442173646,100.0
5340,2,46.03380245517039,46.03380245517039,100.0
5350,0,30.016902621220353,30.016902621220353,100.0
5350,1,50.80534313952708,50.80534313952708,100.0
5350,2,19.17775423925257,19.17775423925257,100.0
5360,0,41.438752557949535,41.438752557949535,100.0
5360,1,13.415532392906822,13.415532392906822,100.0
5360,2,45.14571504914365,45.14571504914365,100.0
5370,0,42.27813709216418,42.27813709216418,100.0
5370,1,31.778379616643228,31.778379616643228,100.0
5370,2,25.943483291192592,25.943483291192592,100.0
5380,0,38.173240417509554,38.173240417509554,100.0
5380,1,23.969271140131163,23.969271140131163,100.0
5380,2,37.85748844235929,37.85748844235929,100.0
5390,0,19.88205748594099,19.88205748594099,100.0
5390,1,61.509727889952174,61.509727889952174,100.0
5390,2,18.608214624106843,18.608214624106843,100.0
5400,0,33.31996461269354,33.31996461269354,100.0
5400,1,56.51397796732333,56.51397796732333,100.0
5400,2,10.166057419983145,10.166057419983145,100.0
5410,0,15.264121911363503,15.264121911363503,100.0
5410,1,40.7367109562862,40.7367109562862,100.0
5410,2,43.99916713235029,43.99916713235029,100.0
5420,0,35.21534744778115,35.21534744778115,100.0
5420,1,34.01953653938813,34.01953653938813,100.0
5420,2,30.765116012830735,30.765116012830735,100.0
5430,0,20.834191096478047,20.834191096478047,100.0
5430,1,23.26884117235254,23.26884117235254,100.0
5430,2,55.89696773116941,55.89696773116941,100.0
5440,0,54.102361742218875,54.102361742218875,100.0
5440,1,9.204101214889626,9.204101214889626,100.0
5440,2,36.693537042891506,36.693537042891506,100.0
5450,0,36.502327010475675,36.502327010475675,100.0
5450,1,29.512333644911852,29.512333644911852,100.0
5450,2,33.985339344612484,33.985339344612484,100.0
5460,0,32.44292318162205,32.44292318162205,100.0
5460,1,35.524870543115725,35.524870543115725,100.0
5460,2,32.03220627526224,32.03220627526224,100.0
5470,0,27.679481619747765,27.679481619747765,100.0
5470,1,31.21756748892666,31.21756748892666,100.0
5470,2,41.10295089132557,41.10295089132557,100.0
5480,0,40.130092934847085,40.130092934847085,100.0
5480,1,40.82288407371652,40.82288407371652,100.0
5480,2,19.04702299143638,19.04702299143638,100.0
5490,0,32.63540401839901,32.63540401839901,100.0
5490,1,42.17136240406432,42.17136240406432,100.0
5490,2,25.193233577536674,25.193233577536674,100.0
5500,0,24.114458634661627,24.114458634661627,100.0
5500,1,10.097382032635064,10.097382032635064,100.0
5500,2,65.78815933270332,65.78815933270332,100.0
5510,0,15.937060920093069,15.937060920093069,100.0
5510,1,38.25343888635669,38.25343888635669,100.0
5510,2,45.80950019355026,45.80950019355026,100.0
5520,0,42.05888828075543,42.05888828075543,100.0
5520,1,39.98605497804688,39.98605497804688,100.0
5520,2,17.955056741197687,17.955056741197687,100.0
5530,0,18.72571739251942,18.72571739251942,100.0
5530,1,67.72279335551715,67.72279335551715,100.0
5530,2,13.55148925196343,13.55148925196343,100.0
5540,0,9.369718399036726,9.369718399036726,100.0
5540,1,57.80804600983043,57.80804600983043,100.0
5540,2,32.82223559113285,32.82223559113285,100.0
5550,0,40.4024790833426,40.4024790833426,100.0
5550,1,31.168957596267983,31.168957596267983,100.0
5550,2,28.428563320389433,28.428563320389433,100.0
5560,0,68.56725234221656,68.56725234221656,100.0
5560,1,20.49530549002578,20.49530549002578,100.0
5560,2,10.937442167757663,10.937442167757663,100.0
5570,0,10.88190065523225,10.88190065523225,100.0
5570,1,53.42874486944894,53.42874486944894,100.0
5570,2,35.689354475318815,35.689354475318815,100.0
5580,0,48.3751686050859,48.3751686050859,100.0
5580,1,20.16268946310633,20.16268946310633,100.0
5580,2,31.462141931807764,31.462141931807764,100.0
5590,0,20.47149345029743,20.47149345029743,100.0
5590,1,40.00934545151429,40.00934545151429,100.0
5590,2,39.51916109818828,39.51916109818828,100.0
5600,0,21.873159651580913,21.873159651580913,100.0
5600,1,41.41044773743667,41.41044773743667,100.0
5600,2,36.71639261098243,36.71639261098243,100.0
5610,0,15.919717096720287,15.919717096720287,100.0
5610,1,15.137447240027177,15.137447240027177,100.0
5610,2,68.94283566325254,68.94283566325254,100.0
5620,0,11.835962442225654,11.835962442225654,100.0
5620,1,47.26731668128359,47.26731668128359,100.0
5620,2,40.896720876490754,40.896720876490754,100.0
5630,0,19.212504241411217,19.212504241411217,100.0
5630,1,42.09353867341725,42.09353867341725,100.0
5630,2,38.69395708517153,38.69395708517153,100.0
5640,0,6.717787575480028,6.717787575480028,100.0
5640,1,47.5830179359864,47.5830179359864,100.0
5640,2,45.699194488533564,45.699194488533564,100.0
5650,0,20.576004049956847,20.576004049956847,100.0
5650,1,39.01530028145769,39.01530028145769,100.0
5650,2,40.40869566858545,40.40869566858545,100.0
5660,0,17.11676220360756,17.11676220360756,100.0
5660,1,12.698590381690126,12.698590381690126,100.0
5660,2,70.18464741470231,70.18464741470231,100.0
5670,0,31.852820314940217,31.852820314940217,100.0
5670,1,53.35701475929729,53.35701475929729,100.0
5670,2,14.7901649257625,14.7901649257625,100.0
5680,0,35.9171789153737,35.9171789153737,100.0
5680,1,52.666645190574116,52.666645190574116,100.0
5680,2,11.4161758940522,11.4161758940522,100.0
5690,0,29.77609023097523,29.77609023097523,100.0
5690,1,36.46977050079033,36.46977050079033,100.0
5690,2,33.75413926823445,33.75413926823445,100.0
5700,0,20.247258171399256,20.247258171399256,100.0
5700,1,56.31877847313886,56.31877847313886,100.0
5700,2,23.433963355461877,23.433963355461877,100.0
5710,0,16.706339646256517,16.706339646256517,100.0
5710,1,52.43160140520909,52.43160140520909,100.0
5710,2,30.862058948534393,30.862058948534393,100.0
5720,0,16.447569607287598,16.447569607287598,100.0
5720,1,43.0220467328412,43.0220467328412,100.0
5720,2,40.53038365987122,40.53038365987122,100.0
5730,0,27.7114397708716,27.7114397708716,100.0
5730,1,17.392985021140696,17.392985021140696,100.0
5730,2,54.895575207987704,54.895575207987704,100.0
5740,0,27.86131222210223,27.86131222210223,100.0
5740,1,22.570714225299366,22.570714225299366,100.0
5740,2,49.56797355259841,49.56797355259841,100.0
5750,0,25.02799563603608,25.02799563603608,100.0
5750,1,25.033097314012632,25.033097314012632,100.0
5750,2,49.93890704995129,49.93890704995129,100.0
5760,0,29.24232242491371,29.24232242491371,100.0
5760,1,26.251453762664845,26.251453762664845,100.0
5760,2,44.50622381242144,44.50622381242144,100.0
5770,0,15.882857956624537,15.882857956624537,100.0
5770,1,56.2953468961473,56.2953468961473,100.0
5770,2,27.82179514722816,27.82179514722816,100.0
5780,0,15.51542237304147,15.51542237304147,100.0
5780,1,19.6019554564433,19.6019554564433,100.0
5780,2,64.88262217051523,64.88262217051523,100.0
5790,0,16.50811102581225,16.50811102581225,100.0
5790,1,64.51271289598036,64.51271289598036,100.0
5790,2,18.979176078207384,18.979176078207384,100.0
5800,0,40.99307252157867,40.99307252157867,100.0
5800,1,21.276823902884736,21.276823902884736,100.0
5800,2,37.730103575536596,37.730103575536596,100.0
5810,0,22.76994887786673,22.76994887786673,100.0
5810,1,58.35590978322084,58.35590978322084,100.0
5810,2,18.874141338912427,18.874141338912427,100.0
5820,0,16.484431371880543,16.484431371880543,100.0
5820,1,19.741064760577746,19.741064760577746,100.0
5820,2,63.77450386754171,63.77450386754171,100.0
5830,0,35.25897897598844,35.25897897598844,100.0
5830,1,14.899016102660509,14.899016102660509,100.0
5830,2,49.842004921351055,49.842004921351055,100.0
5840,0,17.276355086486273,17.276355086486273,100.0
5840,1,28.93215210617039,28.93215210617039,100.0
5840,2,53.791492807343346,53.791492807343346,100.0
5850,0,44.082968601237,44.082968601237,100.0
5850,1,15.687095088201092,15.687095088201092,100.0
5850,2,40.229936310561904,40.229936310561904,100.0
5860,0,11.628608699158086,11.628608699158086,100.0
5860,1,58.599363686686154,58.599363686686154,100.0
5860,2,29.772027614155753,29.772027614155753,100.0
5870,0,41.896129126176206,41.896129126176206,100.0
5870,1,43.99688774823478,43.99688774823478,100.0
5870,2,14.106983125589013,14.106983125589013,100.0
5880,0,29.06735412534067,29.06735412534067,100.0
5880,1,36.20114304511179,36.20114304511179,100.0
5880,2,34.73150282954754,34.73150282954754,100.0
5890,0,41.78139833537149,41.78139833537149,100.0
5890,1,22.368238954155547,22.368238954155547,100.0
5890,2,35.85036271047296,35.85036271047296,100.0
5900,0,21.324908531837703,21.324908531837703,100.0
5900,1,26.291437612419255,26.291437612419255,100.0
5900,2,52.38365385574304,52.38365385574304,100.0
5910,0,23.8846136031591,23.8846136031591,100.0
5910,1,53.28235840020146,53.28235840020146,100.0
5910,2,22.83302799663944,22.83302799663944,100.0
5920,0,50.974472690035675,50.974472690035675,100.0
5920,1,34.15280486915185,34.15280486915185,100.0
5920,2,14.872722440812478,14.872722440812478,100.0
5930,0,31.238064692192264,31.238064692192264,100.0
5930,1,16.51614696412609,16.51614696412609,100.0
5930,2,52.245788343681646,52.245788343681646,100.0
5940,0,31.062903036222128,31.062903036222128,100.0
5940,1,54.053783914363386,54.053783914363386,100.0
5940,2,14.883313049414493,14.883313049414493,100.0
5950,0,34.217247510292864,34.217247510292864,100.0
5950,1,35.035591425559204,35.035591425559204,100.0
5950,2,30.74716106414794,30.74716106414794,100.0
5960,0,24.84031077553666,24.84031077553666,100.0
5960,1,36.859887118951455,36.859887118951455,100.0
5960,2,38.29980210551189,38.29980210551189,100.0
5970,0,25.638888776288415,25.638888776288415,100.0
5970,1,22.062685702161357,22.062685702161357,100.0
5970,2,52.29842552155023,52.29842552155023,100.0
5980,0,57.323388632334925,57.323388632334925,100.0
5980,1,10.17093158391989,10.17093158391989,100.0
5980,2,32.50567978374519,32.50567978374519,100.0
5990,0,12.690706683424546,12.690706683424546,100.0
5990,1,46.90800009365289,46.90800009365289,100.0
5990,2,40.40129322292257,40.40129322292257,100.0
6000,0,24.06035951567247,24.06035951567247,100.0
6000,1,30.26813143884402,30.26813143884402,100.0
6000,2,45.67150904548351,45.67150904548351,100.0
6010,0,37.343046121676,37.343046121676,100.0
6010,1,15.134607965809826,15.134607965809826,100.0
6010,2,47.52234591251418,47.52234591251418,100.0
6020,0,24.54673627588523,24.54673627588523,100.0
6020,1,25.633872957546483,25.633872957546483,100.0
6020,2,49.819390766568276,49.819390766568276,100.0
6030,0,68.38206937028723,68.38206937028723,100.0
6030,1,17.177826117742583,17.177826117742583,100.0
6030,2,14.440104511970198,14.440104511970198,100.0
6040,0,32.946485523833466,32.946485523833466,100.0
6040,1,27.26511830216671,27.26511830216671,100.0
6040,2,39.78839617399983,39.78839617399983,100.0
6050,0,22.328947150480925,22.328947150480925,100.0
6050,1,32.58975352934397,32.58975352934397,100.0
6050,2,45.0812993201751,45.0812993201751,100.0
6060,0,26.26417738780642,26.26417738780642,100.0
6060,1,15.786287869431234,15.786287869431234,100.0
6060,2,57.94953474276235,57.94953474276235,100.0
6070,0,48.341062232368046,48.341062232368046,100.0
6070,1,34.09480194640487,34.09480194640487,100.0
6070,2,17.56413582122708,17.56413582122708,100.0
6080,0,62.83752432376319,62.83752432376319,100.0
6080,1,15.134378062540991,15.134378062540991,100.0
6080,2,22.02809761369582,22.02809761369582,100.0
6090,0,25.53286208521839,25.53286208521839,100.0
6090,1,45.61444591547018,45.61444591547018,100.0
6090,2,28.852691999311443,28.852691999311443,100.0
6100,0,53.07398701997135,53.07398701997135,100.0
6100,1,12.208778794292193,12.208778794292193,100.0
6100,2,34.71723418573646,34.71723418573646,100.0
6110,0,20.549725625137338,20.549725625137338,100.0
6110,1,67.1119302799405,67.1119302799405,100.0
6110,2,12.338344094922158,12.338344094922158,100.0
6120,0,28.803505617391966,28.803505617391966,100.0
6120,1,36.806090337451955,36.806090337451955,100.0
6120,2,34.39040404515609,34.39040404515609,100.0
6130,0,45.192225154476226,45.192225154476226,100.0
6130,1,16.047978721640938,16.047978721640938,100.0
6130,2,38.75979612388284,38.75979612388284,100.0
6140,0,21.344260121881227,21.344260121881227,100.0
6140,1,55.63574695030374,55.63574695030374,100.0
6140,2,23.019992927815025,23.019992927815025,100.0
6150,0,15.749752666555988,15.749752666555988,100.0
6150,1,14.376869267572982,14.376869267572982,100.0
6150,2,69.87337806587104,69.87337806587104,100.0
6160,0,9.460546377950457,9.460546377950457,100.0
6160,1,47.41190180864708,47.41190180864708,100.0
6160,2,43.12755181340247,43.12755181340247,100.0
6170,0,46.599572498919386,46.599572498919386,100.0
6170,1,12.81175301159196,12.81175301159196,100.0
6170,2,40.588674489488646,40.588674489488646,100.0
6180,0,21.566270333745692,21.566270333745692,100.0
6180,1,32.24335953750719,32.24335953750719,100.0
6180,2,46.190370128747126,46.190370128747126,100.0
6190,0,16.012494132339143,16.012494132339143,100.0
6190,1,27.336307280948063,27.336307280948063,100.0
6190,2,56.651198586712795,56.651198586712795,100.0
6200,0,44.715220098140335,44.715220098140335,100.0
6200,1,42.10014054999197,42.10014054999197,100.0
6200,2,13.184639351867695,13.184639351867695,100.0
6210,0,16.06003926483624,16.06003926483624,100.0
6210,1,23.126805594228742,23.126805594228742,100.0
6210,2,60.81315514093502,60.81315514093502,100.0
6220,0,24.554989098283713,24.554989098283713,100.0
6220,1,21.167797135167177,21.167797135167177,100.0
6220,2,54.2772137665491,54.2772137665491,100.0
6230,0,10.698435051689282,10.698435051689282,100.0
6230,1,33.48619915209918,33.48619915209918,100.0
6230,2,55.81536579621154,55.81536579621154,100.0
6240,0,22.401554469872092,22.401554469872092,100.0
6240,1,21.994921374899427,21.994921374899427,100.0
6240,2,55.60352415522848,55.60352415522848,100.0
6250,0,31.15370913114553,31.15370913114553,100.0
6250,1,36.16983493544323,36.16983493544323,100.0
6250,2,32.67645593341125,32.67645593341125,100.0
6260,0,42.27643448992392,42.27643448992392,100.0
6260,1,20.399771760172772,20.399771760172772,100.0
6260,2,37.32379374990331,37.32379374990331,100.0
6270,0,11.148403428095985,11.148403428095985,100.0
6270,1,59.891967594177466,59.891967594177466,100.0
6270,2,28.95962897772655,28.95962897772655,100.0
6280,0,26.780172185798456,26.780172185798456,100.0
6280,1,46.95902808356313,46.95902808356313,100.0
6280,2,26.26079973063841,26.26079973063841,100.0
6290,0,25.26106206917324,25.26106206917324,100.0
6290,1,52.1414819834785,52.1414819834785,100.0
6290,2,22.597455947348266,22.597455947348266,100.0
6300,0,15.925461795139615,15.925461795139615,100.0
6300,1,54.1751214406388,54.1751214406388,100.0
6300,2,29.89941676422159,29.89941676422159,100.0
6310,0,40.77550551054205,40.77550551054205,100.0
6310,1,40.447295542890345,40.447295542890345,100.0
6310,2,18.777198946567605,18.777198946567605,100.0
6320,0,23.871608159266643,23.871608159266643,100.0
6320,1,50.2625903987622,50.2625903987622,100.0
6320,2,25.865801441971158,25.865801441971158,100.0
6330,0,36.35410786751346,36.35410786751346,100.0
6330,1,33.191169134195995,33.191169134195995,100.0
6330,2,30.45472299829054,30.45472299829054,100.0
6340,0,15.872007660567522,15.872007660567522,100.0
6340,1,45.364025821616075,45.364025821616075,100.0
6340,2,38.76396651781641,38.76396651781641,100.0
6350,0,13.788427208278216,13.788427208278216,100.0
6350,1,41.066624862455555,41.066624862455555,100.0
6350,2,45.14494792926622,45.14494792926622,100.0
6360,0,23.39423217419986,23.39423217419986,100.0
6360,1,59.96317292690678,59.96317292690678,100.0
6360,2,16.642594898893353,16.642594898893353,100.0
6370,0,25.990026122751047,25.990026122751047,100.0
6370,1,50.44168238617668,50.44168238617668,100.0
6370,2,23.568291491072277,23.568291491072277,100.0
6380,0,53.26240636972349,53.26240636972349,100.0
6380,1,16.116179385358738,16.116179385358738,100.0
6380,2,30.621414244917773,30.621414244917773,100.0
6390,0,44.655230098761436,44.655230098761436,100.0
6390,1,44.77836554848344,44.77836554848344,100.0
6390,2,10.56640435275512,10.56640435275512,100.0
6400,0,47.7699407361174,47.7699407361174,100.0
6400,1,44.94450406802407,44.94450406802407,100.0
6400,2,7.285555195858538,7.285555195858538,100.0
6410,0,29.553925299060612,29.553925299060612,100.0
6410,1,30.847969803782547,30.847969803782547,100.0
6410,2,39.59810489715684,39.59810489715684,100.0
6420,0,46.62144313068389,46.62144313068389,100.0
6420,1,8.285797660214063,8.285797660214063,100.0
6420,2,45.092759209102034,45.092759209102034,100.0
6430,0,45.28446791658819,45.28446791658819,100.0
6430,1,28.799069189735228,28.799069189735228,100.0
6430,2,25.916462893676574,25.916462893676574,100.0
6440,0,33.59941572204457,33.59941572204457,100.0
6440,1,19.800892161365777,19.800892161365777,100.0
6440,2,46.59969211658966,46.59969211658966,100.0
6450,0,40.47532233918823,40.47532233918823,100.0
6450,1,30.485925124250073,30.485925124250073,100.0
6450,2,29.038752536561706,29.038752536561706,100.0
6460,0,48.188055702689134,48.188055702689134,100.0
6460,1,29.045917452233745,29.045917452233745,100.0
6460,2,22.76602684507712,22.76602684507712,100.0
6470,0,9.674170929398771,9.674170929398771,100.0
6470,1,55.177970494243034,55.177970494243034,100.0
6470,2,35.147858576358196,35.147858576358196,100.0
6480,0,25.75429484322483,25.75429484322483,100.0
6480,1,15.90257393328153,15.90257393328153,100.0
6480,2,58.34313122349365,58.34313122349365,100.0
6490,0,36.220255051733986,36.220255051733986,100.0
6490,1,20.977667554626063,20.977667554626063,100.0
6490,2,42.80207739363995,42.80207739363995,100.0
6500,0,54.8607898238375,54.8607898238375,100.0
6500,1,18.7656137865719,18.7656137865719,100.0
6500,2,26.3735963895906,26.3735963895906,100.0
6510,0,10.520845403621296,10.520845403621296,100.0
6510,1,51.35138526646297,51.35138526646297,100.0
6510,2,38.127769329915736,38.127769329915736,100.0
6520,0,50.84033595524019,50.84033595524019,100.0
6520,1,23.77706030713334,23.77706030713334,100.0
6520,2,25.382603737626468,25.382603737626468,100.0
6530,0,30.126656578788968,30.126656578788968,100.0
6530,1,40.05741360853985,40.05741360853985,100.0
6530,2,29.81592981267119,29.81592981267119,100.0
6540,0,53.261193385077874,53.261193385077874,100.0
6540,1,16.795098613202406,16.795098613202406,100.0
6540,2,29.943708001719717,29.943708001719717,100.0
6550,0,11.255288463215319,11.255288463215319,100.0
6550,1,26.55754236619203,26.55754236619203,100.0
6550,2,62.18716917059265,62.18716917059265,100.0
6560,0,24.335827551657406,24.335827551657406,100.0
6560,1,47.65586385801875,47.65586385801875,100.0
6560,2,28.00830859032384,28.00830859032384,100.0
6570,0,37.69497702110088,37.69497702110088,100.0
6570,1,39.83602974281582,39.83602974281582,100.0
6570,2,22.468993236083303,22.468993236083303,100.0
6580,0,55.79061821445694,55.79061821445694,100.0
6580,1,20.79684571686672,20.79684571686672,100.0
6580,2,23.412536068676346,23.412536068676346,100.0
6590,0,13.249364141232945,13.249364141232945,100.0
6590,1,20.304574864889542,20.304574864889542,100.0
6590,2,66.44606099387752,66.44606099387752,100.0
6600,0,57.03895300775975,57.03895300775975,100.0
6600,1,21.02553796073575,21.02553796073575,100.0
6600,2,21.935509031504484,21.935509031504484,100.0
6610,0,20.735545100979113,20.735545100979113,100.0
6610,1,65.59429688184049,65.59429688184049,100.0
6610,2,13.670158017180386,13.670158017180386,100.0
6620,0,30.494566788475176,30.494566788475176,100.0
6620,1,53.466427670813886,53.466427670813886,100.0
6620,2,16.03900554071093,16.03900554071093,100.0
6630,0,54.33266544038744,54.33266544038744,100.0
6630,1,19.83358273149377,19.83358273149377,100.0
6630,2,25.83375182811879,25.83375182811879,100.0
6640,0,29.036701415123133,29.036701415123133,100.0
6640,1,13.511804886980169,13.511804886980169,100.0
6640,2,57.451493697896694,57.451493697896694,100.0
6650,0,22.08738930766687,22.08738930766687,100.0
6650,1,41.388152684142206,41.388152684142206,100.0
6650,2,36.524458008190926,36.524458008190926,100.0
6660,0,12.831725348649197,12.831725348649197,100.0
6660,1,68.75001197401755,68.75001197401755,100.0
6660,2,18.418262677333253,18.418262677333253,100.0
6670,0,27.850088926330212,27.850088926330212,100.0
6670,1,41.02253219028254,41.02253219028254,100.0
6670,2,31.127378883387248,31.127378883387248,100.0
6680,0,10.416638715350773,10.416638715350773,100.0
6680,1,31.177040859648564,31.177040859648564,100.0
6680,2,58.40632042500067,58.40632042500067,100.0
6690,0,65.7274665673403,65.7274665673403,100.0
6690,1,17.263643810978245,17.263643810978245,100.0
6690,2,17.00888962168145,17.00888962168145,100.0
6700,0,24.095953818568457,24.095953818568457,100.0
6700,1,37.75121911347201,37.75121911347201,100.0
6700,2,38.152827067959535,38.152827067959535,100.0
6710,0,22.243554659440328,22.243554659440328,100.0
6710,1,15.694103482508595,15.694103482508595,100.0
6710,2,62.06234185805107,62.06234185805107,100.0
6720,0,27.669917741769446,27.669917741769446,100.0
6720,1,9.679362714944276,9.679362714944276,100.0
6720,2,62.65071954328628,62.65071954328628,100.0
6730,0,13.300546798836574,13.300546798836574,100.0
6730,1,65.8389316542111,65.8389316542111,100.0
6730,2,20.860521546952334,20.860521546952334,100.0
6740,0,17.02552722105797,17.02552722105797,100.0
6740,1,58.48876036170072,58.48876036170072,100.0
6740,2,24.485712417241313,24.485712417241313,100.0
6750,0,51.10913693134857,51.10913693134857,100.0
6750,1,13.29918557129037,13.29918557129037,100.0
6750,2,35.59167749736107,35.59167749736107,100.0
6760,0,44.80216078094414,44.80216078094414,100.0
6760,1,11.970977033482598,11.970977033482598,100.0
6760,2,43.22686218557326,43.22686218557326,100.0
6770,0,31.56403387681686,31.56403387681686,100.0
6770,1,30.071335262942917,30.071335262942917,100.0
6770,2,38.364630860240226,38.364630860240226,100.0
6780,0,15.428940493624863,15.428940493624863,100.0
6780,1,28.389839611755296,28.389839611755296,100.0
6780,2,56.18121989461984,56.18121989461984,100.0
6790,0,23.818125738051773,23.818125738051773,100.0
6790,1,38.35030779079543,38.35030779079543,100.0
6790,2,37.83156647115279,37.83156647115279,100.0
6800,0,9.150350066522694,9.150350066522694,100.0
6800,1,32.724398632980204,32.724398632980204,100.0
6800,2,58.12525130049709,58.12525130049709,100.0
6810,0,52.346043243310106,52.346043243310106,100.0
6810,1,22.70496149117164,22.70496149117164,100.0
6810,2,24.948995265518246,24.948995265518246,100.0
6820,0,12.774085304731006,12.774085304731006,100.0
6820,1,12.999482072919522,12.999482072919522,100.0
6820,2,74.22643262234946,74.22643262234946,100.0
6830,0,16.161491839813987,16.161491839813987,100.0
6830,1,43.5509314757677,43.5509314757677,100.0
6830,2,40.28757668441831,40.28757668441831,100.0
6840,0,51.43109619355138,51.43109619355138,100.0
6840,1,39.621441786689616,39.621441786689616,100.0
6840,2,8.947462019759005,8.947462019759005,100.0
6850,0,41.94241967448519,41.94241967448519,100.0
6850,1,11.039121233807666,11.039121233807666,100.0
6850,2,47.01845909170714,47.01845909170714,100.0
6860,0,45.651471414764394,45.651471414764394,100.0
6860,1,37.549895262896484,37.549895262896484,100.0
6860,2,16.79863332233911,16.79863332233911,100.0
6870,0,34.37009336196593,34.37009336196593,100.0
6870,1,26.080333103187765,26.080333103187765,100.0
6870,2,39.54957353484631,39.54957353484631,100.0
6880,0,15.29606601488063,15.29606601488063,100.0
6880,1,55.55357262330762,55.55357262330762,100.0
6880,2,29.150361361811743,29.150361361811743,100.0
6890,0,52.96200374292286,52.96200374292286,100.0
6890,1,27.089638127565795,27.089638127565795,100.0
6890,2,19.948358129511362,19.948358129511362,100.0
6900,0,35.97706277410463,35.97706277410463,100.0
6900,1,32.79063518075356,32.79063518075356,100.0
6900,2,31.232302045141797,31.232302045141797,100.0
6910,0,28.413448537901793,28.413448537901793,100.0
6910,1,45.14713268988796,45.14713268988796,100.0
6910,2,26.43941877221025,26.43941877221025,100.0
6920,0,47.79239205845611,47.79239205845611,100.0
6920,1,26.866158421258817,26.866158421258817,100.0
6920,2,25.341449520285074,25.341449520285074,100.0
6930,0,12.119847927960787,12.119847927960787,100.0
6930,1,15.69692096593164,15.69692096593164,100.0
6930,2,72.18323110610757,72.18323110610757,100.0
6940,0,38.002614774881835,38.002614774881835,100.0
6940,1,34.59898828607473,34.59898828607473,100.0
6940,2,27.39839693904345,27.39839693904345,100.0
6950,0,41.998123007007635,41.998123007007635,100.0
6950,1,22.22530984630813,22.22530984630813,100.0
6950,2,35.776567146684236,35.776567146684236,100.0
6960,0,9.841592215776705,9.841592215776705,100.0
6960,1,49.39526314652738,49.39526314652738,100.0
6960,2,40.76314463769593,40.76314463769593,100.0
6970,0,30.96958426124682,30.96958426124682,100.0
6970,1,47.68319847766345,47.68319847766345,100.0
6970,2,21.347217261089728,21.347217261089728,100.0
6980,0,56.391970597811316,56.391970597811316,100.0
6980,1,31.86846676147522,31.86846676147522,100.0
6980,2,11.73956264071347,11.73956264071347,100.0
6990,0,23.003060644154825,23.003060644154825,100.0
6990,1,46.52346731035444,46.52346731035444,100.0
6990,2,30.47347204549073,30.47347204549073,100.0
7000,0,9.663766116497072,9.663766116497072,100.0
7000,1,33.83982588304594,33.83982588304594,100.0
7000,2,56.49640800045699,56.49640800045699,100.0
7010,0,16.92911688567616,16.92911688567616,100.0
7010,1,51.5703394636425,51.5703394636425,100.0
7010,2,31.500543650681344,31.500543650681344,100.0
7020,0,18.65451315858969,18.65451315858969,100.0
7020,1,55.74776841461776,55.74776841461776,100.0
7020,2,25.597718426792543,25.597718426792543,100.0
7030,0,42.70131718728388,42.70131718728388,100.0
7030,1,34.86273768762315,34.86273768762315,100.0
7030,2,22.435945125092964,22.435945125092964,100.0
7040,0,47.989937313458384,47.989937313458384,100.0
7040,1,29.52840470840266,29.52840470840266,100.0
7040,2,22.481657978138962,22.481657978138962,100.0
7050,0,14.076676546584002,14.076676546584002,100.0
7050,1,36.521914337809946,36.521914337809946,100.0
7050,2,49.40140911560606,49.40140911560606,100.0
7060,0,38.12259668082968,38.12259668082968,100.0
7060,1,15.870262998797207,15.870262998797207,100.0
7060,2,46.00714032037311,46.00714032037311,100.0
7070,0,36.885785322469104,36.885785322469104,100.0
7070,1,38.07843691889941,38.07843691889941,100.0
7070,2,25.035777758631472,25.035777758631472,100.0
7080,0,26.131541868519637,26.131541868519637,100.0
7080,1,52.38187345492039,52.38187345492039,100.0
7080,2,21.486584676559975,21.486584676559975,100.0
7090,0,31.748587134716246,31.748587134716246,100.0
7090,1,18.421990499399428,18.421990499399428,100.0
7090,2,49.82942236588432,49.82942236588432,100.0
7100,0,26.435757314130715,26.435757314130715,100.0
7100,1,31.21562687818052,31.21562687818052,100.0
7100,2,42.34861580768878,42.34861580768878,100.0
7110,0,35.300747590570566,35.300747590570566,100.0
7110,1,9.126397210397705,9.126397210397705,100.0
7110,2,55.572855199031736,55.572855199031736,100.0
7120,0,27.077603624589454,27.077603624589454,100.0
7120,1,46.520197420247804,46.520197420247804,100.0
7120,2,26.40219895516273,26.40219895516273,100.0
7130,0,17.795871748167052,17.795871748167052,100.0
7130,1,21.62867078161085,21.62867078161085,100.0
7130,2,60.575457470222105,60.575457470222105,100.0
7140,0,42.352801731924785,42.352801731924785,100.0
7140,1,41.851627852093884,41.851627852093884,100.0
7140,2,15.795570415981313,15.795570415981313,100.0
7150,0,39.202177288254916,39.202177288254916,100.0
7150,1,31.331355222368153,31.331355222368153,100.0
7150,2,29.466467489376928,29.466467489376928,100.0
7160,0,41.77743199584559,41.77743199584559,100.0
7160,1,24.4557512057151,24.4557512057151,100.0
7160,2,33.76681679843931,33.76681679843931,100.0
7170,0,35.95098700668012,35.95098700668012,100.0
7170,1,33.05458357771059,33.05458357771059,100.0
7170,2,30.994429415609297,30.994429415609297,100.0
7180,0,25.851062825133774,25.851062825133774,100.0
7180,1,61.680812080790226,61.680812080790226,100.0
7180,2,12.468125094075994,12.468125094075994,100.0
7190,0,45.420295186868074,45.420295186868074,100.0
7190,1,21.665875692975508,21.665875692975508,100.0
7190,2,32.91382912015642,32.91382912015642,100.0
7200,0,53.758028541902426,53.758028541902426,100.0
7200,1,20.473346279055367,20.473346279055367,100.0
7200,2,25.76862517904221,25.76862517904221,100.0
7210,0,53.66538553760759,53.66538553760759,100.0
7210,1,20.41409943910072,20.41409943910072,100.0
7210,2,25.920515023291696,25.920515023291696,100.0
7220,0,43.13686736657257,43.13686736657257,100.0
7220,1,32.66792851195511,32.66792851195511,100.0
7220,2,24.195204121472326,24.195204121472326,100.0
7230,0,39.81874849811505,39.81874849811505,100.0
7230,1,24.49502722927058,24.49502722927058,100.0
7230,2,35.68622427261438,35.68622427261438,100.0
7240,0,51.219970809293855,51.219970809293855,100.0
7240,1,18.957782234776992,18.957782234776992,100.0
7240,2,29.82224695592915,29.82224695592915,100.0
7250,0,67.56681422898868,67.56681422898868,100.0
7250,1,14.70924590773978,14.70924590773978,100.0
7250,2,17.723939863271546,17.723939863271546,100.0
7260,0,39.445170901168595,39.445170901168595,100.0
7260,1,32.11376211596818,32.11376211596818,100.0
7260,2,28.441066982863234,28.441066982863234,100.0
7270,0,14.551706640270684,14.551706640270684,100.0
7270,1,58.45721764787128,58.45721764787128,100.0
7270,2,26.99107571185803,26.99107571185803,100.0
7280,0,35.73768208700093,35.73768208700093,100.0
7280,1,33.0045736650591,33.0045736650591,100.0
7280,2,31.257744247939982,31.257744247939982,100.0
7290,0,61.95770189516481,61.95770189516481,100.0
7290,1,16.25595811801955,16.25595811801955,100.0
7290,2,21.786339986815634,21.786339986815634,100.0
7300,0,40.77581740672238,40.77581740672238,100.0
7300,1,23.01521132594592,23.01521132594592,100.0
7300,2,36.208971267331705,36.208971267331705,100.0
7310,0,55.018695314919206,55.018695314919206,100.0
7310,1,24.16095374563702,24.16095374563702,100.0
7310,2,20.820350939443763,20.820350939443763,100.0
7320,0,20.363520072522107,20.363520072522107,100.0
7320,1,51.971788270463335,51.971788270463335,100.0
7320,2,27.66469165701456,27.66469165701456,100.0
7330,0,20.067056807598004,20.067056807598004,100.0
7330,1,49.540494578755826,49.540494578755826,100.0
7330,2,30.392448613646177,30.392448613646177,100.0
7340,0,38.36096374745219,38.36096374745219,100.0
7340,1,42.39495504804291,42.39495504804291,100.0
7340,2,19.2440812045049,19.2440812045049,100.0
7350,0,26.483043785397676,26.483043785397676,100.0
7350,1,41.41836208223585,41.41836208223585,100.0
7350,2,32.09859413236648,32.09859413236648,100.0
7360,0,46.29454194548418,46.29454194548418,100.0
7360,1,22.372686990221823,22.372686990221823,100.0
7360,2,31.332771064293997,31.332771064293997,100.0
7370,0,14.050457894969531,14.050457894969531,100.0
7370,1,71.45843096187161,71.45843096187161,100.0
7370,2,14.491111143158864,14.491111143158864,100.0
7380,0,63.531461086145136,63.531461086145136,100.0
7380,1,13.67562227486459,13.67562227486459,100.0
7380,2,22.792916638990285,22.792916638990285,100.0
7390,0,23.650366511079152,23.650366511079152,100.0
7390,1,27.489039371860457,27.489039371860457,100.0
7390,2,48.860594117060394,48.860594117060394,100.0
7400,0,24.420939058747933,24.420939058747933,100.0
7400,1,38.809000470757645,38.809000470757645,100.0
7400,2,36.77006047049442,36.77006047049442,100.0
7410,0,53.310503809386645,53.310503809386645,100.0
7410,1,37.430192155511236,37.430192155511236,100.0
7410,2,9.259304035102124,9.259304035102124,100.0
7420,0,31.77952130909878,31.77952130909878,100.0
7420,1,55.567203593092664,55.567203593092664,100.0
7420,2,12.653275097808569,12.653275097808569,100.0
7430,0,40.56647767518107,40.56647767518107,100.0
7430,1,41.600373638978354,41.600373638978354,100.0
7430,2,17.833148685840577,17.833148685840577,100.0
7440,0,11.589177051611866,11.589177051611866,100.0
7440,1,17.359266748151498,17.359266748151498,100.0
7440,2,71.05155620023665,71.05155620023665,100.0
7450,0,10.571225736496066,10.571225736496066,100.0
7450,1,67.36047676302799,67.36047676302799,100.0
7450,2,22.068297500475957,22.068297500475957,100.0
7460,0,48.4578147329001,48.4578147329001,100.0
7460,1,42.62365345452867,42.62365345452867,100.0
7460,2,8.918531812571235,8.918531812571235,100.0
7470,0,26.425437249488194,26.425437249488194,100.0
7470,1,10.94990071644727,10.94990071644727,100.0
7470,2,62.624662034064535,62.624662034064535,100.0
7480,0,54.28729834320162,54.28729834320162,100.0
7480,1,21.739216153596956,21.739216153596956,100.0
7480,2,23.973485503201434,23.973485503201434,100.0
7490,0,50.21702178539231,50.21702178539231,100.0
7490,1,25.518056466561973,25.518056466561973,100.0
7490,2,24.264921748045712,24.264921748045712,100.0
7500,0,64.78723281280692,64.78723281280692,100.0
7500,1,21.44177135080015,21.44177135080015,100.0
7500,2,13.770995836392947,13.770995836392947,100.0
7510,0,31.541655562147103,31.541655562147103,100.0
7510,1,48.51347604187667,48.51347604187667,100.0
7510,2,19.944868395976208,19.944868395976208,100.0
7520,0,45.30481924410098,45.30481924410098,100.0
7520,1,17.67725050480523,17.67725050480523,100.0
7520,2,37.01793025109379,37.01793025109379,100.0
7530,0,52.63288938038738,52.63288938038738,100.0
7530,1,23.674721205133935,23.674721205133935,100.0
7530,2,23.692389414478683,23.692389414478683,100.0
7540,0,42.11800188232365,42.11800188232365,100.0
7540,1,30.795911658701268,30.795911658701268,100.0
7540,2,27.086086458975085,27.086086458975085,100.0
7550,0,19.92418527789635,19.92418527789635,100.0
7550,1,13.748020969063642,13.748020969063642,100.0
7550,2,66.32779375304003,66.32779375304003,100.0
7560,0,39.15224540085462,39.15224540085462,100.0
7560,1,50.5702321001833,50.5702321001833,100.0
7560,2,10.277522498962083,10.277522498962083,100.0
7570,0,19.253763194574006,19.253763194574006,100.0
7570,1,56.70516850919147,56.70516850919147,100.0
7570,2,24.041068296234528,24.041068296234528,100.0
7580,0,6.895562239323347,6.895562239323347,100.0
7580,1,44.81734126557387,44.81734126557387,100.0
7580,2,48.28709649510278,48.28709649510278,100.0
7590,0,17.321451568734865,17.321451568734865,100.0
7590,1,41.49782834690715,41.49782834690715,100.0
7590,2,41.18072008435799,41.18072008435799,100.0
7600,0,22.890728878530297,22.890728878530297,100.0
7600,1,41.1911518972909,41.1911518972909,100.0
7600,2,35.91811922417881,35.91811922417881,100.0
7610,0,44.34984211899348,44.34984211899348,100.0
7610,1,20.80256212912571,20.80256212912571,100.0
7610,2,34.8475957518808,34.8475957518808,100.0
7620,0,14.443896650336777,14.443896650336777,100.0
7620,1,30.07420944598423,30.07420944598423,100.0
7620,2,55.481893903678994,55.481893903678994,100.0
7630,0,17.04491134542821,17.04491134542821,100.0
7630,1,37.72799189348903,37.72799189348903,100.0
7630,2,45.227096761082755,45.227096761082755,100.0
7640,0,15.654286740261517,15.654286740261517,100.0
7640,1,23.632653617906822,23.632653617906822,100.0
7640,2,60.713059641831656,60.713059641831656,100.0
7650,0,10.277887806180965,10.277887806180965,100.0
7650,1,36.135768744780734,36.135768744780734,100.0
7650,2,53.586343449038296,53.586343449038296,100.0
7660,0,33.68409641290818,33.68409641290818,100.0
7660,1,33.86147987095446,33.86147987095446,100.0
7660,2,32.45442371613736,32.45442371613736,100.0
7670,0,15.296676425087854,15.296676425087854,100.0
7670,1,34.45283690593601,34.45283690593601,100.0
7670,2,50.25048666897614,50.25048666897614,100.0
7680,0,26.912075700572345,26.912075700572345,100.0
7680,1,13.678552169053726,13.678552169053726,100.0
7680,2,59.409372130373924,59.409372130373924,100.0
7690,0,29.192199404353957,29.192199404353957,100.0
7690,1,31.950830869539832,31.950830869539832,100.0
7690,2,38.856969726106215,38.856969726106215,100.0
7700,0,22.442090660562254,22.442090660562254,100.0
7700,1,42.84582838839948,42.84582838839948,100.0
7700,2,34.71208095103826,34.71208095103826,100.0
7710,0,50.246054072552596,50.246054072552596,100.0
7710,1,8.812904349224308,8.812904349224308,100.0
7710,2,40.94104157822311,40.94104157822311,100.0
7720,0,27.71427627998002,27.71427627998002,100.0
7720,1,44.04683569686283,44.04683569686283,100.0
7720,2,28.23888802315715,28.23888802315715,100.0
7730,0,52.18646662072708,52.18646662072708,100.0
7730,1,32.2518566505202,32.2518566505202,100.0
7730,2,15.56167672875271,15.56167672875271,100.0
7740,0,18.778947083722475,18.778947083722475,100.0
7740,1,52.40753750700543,52.40753750700543,100.0
7740,2,28.813515409272096,28.813515409272096,100.0
7750,0,28.235411868452925,28.235411868452925,100.0
7750,1,21.535165120448656,21.535165120448656,100.0
7750,2,50.22942301109842,50.22942301109842,100.0
7760,0,17.223816299317818,17.223816299317818,100.0
7760,1,28.415146371712325,28.415146371712325,100.0
7760,2,54.36103732896985,54.36103732896985,100.0
7770,0,37.41601429945861,37.41601429945861,100.0
7770,1,37.17258169614648,37.17258169614648,100.0
7770,2,25.41140400439492,25.41140400439492,100.0
7780,0,39.14063760961788,39.14063760961788,100.0
7780,1,27.65223249726399,27.65223249726399,100.0
7780,2,33.20712989311813,33.20712989311813,100.0
7790,0,20.620441146346995,20.620441146346995,100.0
7790,1,25.437752196825116,25.437752196825116,100.0
7790,2,53.941806656827886,53.941806656827886,100.0
7800,0,25.92343400036265,25.92343400036265,100.0
7800,1,49.043283480064076,49.043283480064076,100.0
7800,2,25.033282519573284,25.033282519573284,100.0
7810,0,37.35567371175632,37.35567371175632,100.0
7810,1,29.235629474954077,29.235629474954077,100.0
7810,2,33.408696813289616,33.408696813289616,100.0
7820,0,20.885248556758103,20.885248556758103,100.0
7820,1,41.242208756064194,41.242208756064194,100.0
7820,2,37.8725426871777,37.8725426871777,100.0
7830,0,42.61545861322282,42.61545861322282,100.0
7830,1,39.37561343889009,39.37561343889009,100.0
7830,2,18.008927947887095,18.008927947887095,100.0
7840,0,22.882325345843153,22.882325345843153,100.0
7840,1,34.44979377273762,34.44979377273762,100.0
7840,2,42.66788088141922,42.66788088141922,100.0
7850,0,38.176280894307936,38.176280894307936,100.0
7850,1,18.60782123477018,18.60782123477018,100.0
7850,2,43.21589787092188,43.21589787092188,100.0
7860,0,27.75587186397626,27.75587186397626,100.0
7860,1,10.903189153695413,10.903189153695413,100.0
7860,2,61.34093898232833,61.34093898232833,100.0
7870,0,61.83616353694881,61.83616353694881,100.0
7870,1,13.676372074774532,13.676372074774532,100.0
7870,2,24.487464388276663,24.487464388276663,100.0
7880,0,19.45544711050028,19.45544711050028,100.0
7880,1,13.297423120639046,13.297423120639046,100.0
7880,2,67.24712976886067,67.24712976886067,100.0
7890,0,16.370792720805134,16.370792720805134,100.0
7890,1,69.17321889505149,69.17321889505149,100.0
7890,2,14.455988384143378,14.455988384143378,100.0
7900,0,26.272141312358876,26.272141312358876,100.0
7900,1,38.16127477055833,38.16127477055833,100.0
7900,2,35.5665839170828,35.5665839170828,100.0
7910,0,22.31091192275238,22.31091192275238,100.0
7910,1,36.86262337211591,36.86262337211591,100.0
7910,2,40.82646470513171,40.82646470513171,100.0
7920,0,18.610210932628725,18.610210932628725,100.0
7920,1,30.857632638577805,30.857632638577805,100.0
7920,2,50.532156428793485,50.532156428793485,100.0
7930,0,29.831466603449847,29.831466603449847,100.0
7930,1,29.28574812487124,29.28574812487124,100.0
7930,2,40.88278527167892,40.88278527167892,100.0
7940,0,21.630314560228356,21.630314560228356,100.0
7940,1,31.86086066448508,31.86086066448508,100.0
7940,2,46.50882477528656,46.50882477528656,100.0
7950,0,34.774908715480784,34.774908715480784,100.0
7950,1,14.623421407518663,14.623421407518663,100.0
7950,2,50.60166987700055,50.60166987700055,100.0
7960,0,53.036072468104365,53.036072468104365,100.0
7960,1,15.839814195381784,15.839814195381784,100.0
7960,2,31.124113336513854,31.124113336513854,100.0
7970,0,16.3173621816363,16.3173621816363,100.0
7970,1,30.15500833501159,30.15500833501159,100.0
7970,2,53.527629483352115,53.527629483352115,100.0
7980,0,31.717970173076683,31.717970173076683,100.0
7980,1,28.819087897009776,28.819087897009776,100.0
7980,2,39.46294192991355,39.46294192991355,100.0
7990,0,23.79266150939901,23.79266150939901,100.0
7990,1,53.83777844394631,53.83777844394631,100.0
7990,2,22.369560046654666,22.369560046654666,100.0
8000,0,21.78344688996761,21.78344688996761,100.0
8000,1,40.386735010897475,40.386735010897475,100.0
8000,2,37.82981809913492,37.82981809913492,100.0
8010,0,28.9913012603551,28.9913012603551,100.0
8010,1,15.940338341468621,15.940338341468621,100.0
8010,2,55.068360398176274,55.068360398176274,100.0
8020,0,17.197123275565726,17.197123275565726,100.0
8020,1,21.052005267671515,21.052005267671515,100.0
8020,2,61.75087145676276,61.75087145676276,100.0
8030,0,52.95045400103589,52.95045400103589,100.0
8030,1,32.413974339938164,32.413974339938164,100.0
8030,2,14.63557165902595,14.63557165902595,100.0
8040,0,63.840891510400496,63.840891510400496,100.0
8040,1,18.36990622159776,18.36990622159776,100.0
8040,2,17.789202268001745,17.789202268001745,100.0
8050,0,24.403768889534337,24.403768889534337,100.0
8050,1,16.212818586084325,16.212818586084325,100.0
8050,2,59.38341252438135,59.38341252438135,100.0
8060,0,32.51202676592237,32.51202676592237,100.0
8060,1,26.09188747056539,26.09188747056539,100.0
8060,2,41.396085763512254,41.396085763512254,100.0
8070,0,32.98910730558665,32.98910730558665,100.0
8070,1,44.03881123706937,44.03881123706937,100.0
8070,2,22.97208145734398,22.97208145734398,100.0
8080,0,22.286012408308697,22.286012408308697,100.0
8080,1,67.16830294561491,67.16830294561491,100.0
8080,2,10.545684646076397,10.545684646076397,100.0
8090,0,35.63135442215619,35.63135442215619,100.0
8090,1,36.8034518985249,36.8034518985249,100.0
8090,2,27.565193679318906,27.565193679318906,100.0
8100,0,42.30383194900411,42.30383194900411,100.0
8100,1,43.81965407636989,43.81965407636989,100.0
8100,2,13.876513974625995,13.876513974625995,100.0
8110,0,44.30303790279597,44.30303790279597,100.0
8110,1,43.8824688673929,43.8824688673929,100.0
8110,2,11.814493229811129,11.814493229811129,100.0
8120,0,13.054084759146775,13.054084759146775,100.0
8120,1,24.61031754807844,24.61031754807844,100.0
8120,2,62.33559769277478,62.33559769277478,100.0
8130,0,17.44928156766349,17.44928156766349,100.0
8130,1,72.19097254432502,72.19097254432502,100.0
8130,2,10.359745888011487,10.359745888011487,100.0
8140,0,19.262674917099403,19.262674917099403,100.0
8140,1,35.81238427046216,35.81238427046216,100.0
8140,2,44.92494081243844,44.92494081243844,100.0
8150,0,24.47866731721798,24.47866731721798,100.0
8150,1,38.22170638222025,38.22170638222025,100.0
8150,2,37.29962630056177,37.29962630056177,100.0
8160,0,37.76850544138014,37.76850544138014,100.0
8160,1,20.360859517999973,20.360859517999973,100.0
8160,2,41.870635040619874,41.870635040619874,100.0
8170,0,28.341342140547958,28.341342140547958,100.0
8170,1,28.39210466929597,28.39210466929597,100.0
8170,2,43.26655319015607,43.26655319015607,100.0
8180,0,15.25891784677744,15.25891784677744,100.0
8180,1,59.31328689713532,59.31328689713532,100.0
8180,2,25.427795256087244,25.427795256087244,100.0
8190,0,25.71267479502149,25.71267479502149,100.0
8190,1,43.298035677702266,43.298035677702266,100.0
8190,2,30.98928952727625,30.98928952727625,100.0
8200,0,32.229626315526936,32.229626315526936,100.0
8200,1,35.2617670602448,35.2617670602448,100.0
8200,2,32.50860662422825,32.50860662422825,100.0
8210,0,28.859174681248135,28.859174681248135,100.0
8210,1,45.64081293254131,45.64081293254131,100.0
8210,2,25.500012386210564,25.500012386210564,100.0
8220,0,37.438933740859106,37.438933740859106,100.0
8220,1,13.14462695629246,13.14462695629246,100.0
8220,2,49.416439302848424,49.416439302848424,100.0
8230,0,29.340090370730437,29.340090370730437,100.0
8230,1,40.817499995317505,40.817499995317505,100.0
8230,2,29.842409633952066,29.842409633952066,100.0
8240,0,29.991347604363945,29.991347604363945,100.0
8240,1,41.0582988506231,41.0582988506231,100.0
8240,2,28.95035354501295,28.95035354501295,100.0
8250,0,39.890964543279885,39.890964543279885,100.0
8250,1,44.33868320275969,44.33868320275969,100.0
8250,2,15.770352253960423,15.770352253960423,100.0
8260,0,58.88587588464195,58.88587588464195,100.0
8260,1,20.51722373997327,20.51722373997327,100.0
8260,2,20.596900375384788,20.596900375384788,100.0
8270,0,10.302462113170971,10.302462113170971,100.0
8270,1,52.73154662950367,52.73154662950367,100.0
8270,2,36.965991257325356,36.965991257325356,100.0
8280,0,58.276373719380324,58.276373719380324,100.0
8280,1,17.14436425981021,17.14436425981021,100.0
8280,2,24.579262020809466,24.579262020809466,100.0
8290,0,22.202427592440074,22.202427592440074,100.0
8290,1,40.79831742546023,40.79831742546023,100.0
8290,2,36.9992549820997,36.9992549820997,100.0
8300,0,12.786343425080432,12.786343425080432,100.0
8300,1,66.50963306375883,66.50963306375883,100.0
8300,2,20.704023511160752,20.704023511160752,100.0
8310,0,13.97727297229881,13.97727297229881,100.0
8310,1,15.437647223249598,15.437647223249598,100.0
8310,2,70.5850798044516,70.5850798044516,100.0
8320,0,29.055072210720954,29.055072210720954,100.0
8320,1,21.88232224891972,21.88232224891972,100.0
8320,2,49.062605540359336,49.062605540359336,100.0
8330,0,31.079399308008902,31.079399308008902,100.0
8330,1,35.18627875374955,35.18627875374955,100.0
8330,2,33.73432193824154,33.73432193824154,100.0
8340,0,15.093955998221666,15.093955998221666,100.0
8340,1,24.30138983281794,24.30138983281794,100.0
8340,2,60.604654168960394,60.604654168960394,100.0
8350,0,44.02606426458232,44.02606426458232,100.0
8350,1,21.804548903136617,21.804548903136617,100.0
8350,2,34.16938683228108,34.16938683228108,100.0
8360,0,29.71476918554962,29.71476918554962,100.0
8360,1,43.56455594917375,43.56455594917375,100.0
8360,2,26.720674865276628,26.720674865276628,100.0
8370,0,17.165338167338305,17.165338167338305,100.0
8370,1,21.614233504396164,21.614233504396164,100.0
8370,2,61.22042832826553,61.22042832826553,100.0
8380,0,42.52551501767355,42.52551501767355,100.0
8380,1,46.57125247238562,46.57125247238562,100.0
8380,2,10.90323250994083,10.90323250994083,100.0
8390,0,15.763389347342413,15.763389347342413,100.0
8390,1,15.102197796769357,15.102197796769357,100.0
8390,2,69.13441285588824,69.13441285588824,100.0
8400,0,13.352300460026834,13.352300460026834,100.0
8400,1,47.260972215086944,47.260972215086944,100.0
8400,2,39.38672732488622,39.38672732488622,100.0
8410,0,18.03706070938387,18.03706070938387,100.0
8410,1,61.37877986116841,61.37877986116841,100.0
8410,2,20.584159429447727,20.584159429447727,100.0
8420,0,15.819483526798262,15.819483526798262,100.0
8420,1,58.30918590825607,58.30918590825607,100.0
8420,2,25.871330564945676,25.871330564945676,100.0
8430,0,52.73491868700826,52.73491868700826,100.0
8430,1,29.176855712777854,29.176855712777854,100.0
8430,2,18.088225600213878,18.088225600213878,100.0
8440,0,18.888427385753793,18.888427385753793,100.0
8440,1,54.92898978822149,54.92898978822149,100.0
8440,2,26.18258282602472,26.18258282602472,100.0
8450,0,21.691410478698888,21.691410478698888,100.0
8450,1,37.62800188016133,37.62800188016133,100.0
8450,2,40.68058764113978,40.68058764113978,100.0
8460,0,30.627740304866485,30.627740304866485,100.0
8460,1,40.428927786043026,40.428927786043026,100.0
8460,2,28.943331909090496,28.943331909090496,100.0
8470,0,42.59655945142619,42.59655945142619,100.0
8470,1,25.152768396740882,25.152768396740882,100.0
8470,2,32.25067215183293,32.25067215183293,100.0
8480,0,18.89098852872101,18.89098852872101,100.0
8480,1,49.51859822628016,49.51859822628016,100.0
8480,2,31.590413244998828,31.590413244998828,100.0
8490,0,17.610443275781375,17.610443275781375,100.0
8490,1,27.804738088656173,27.804738088656173,100.0
8490,2,54.584818635562456,54.584818635562456,100.0
8500,0,20.40462954522622,20.40462954522622,100.0
8500,1,62.67150634703454,62.67150634703454,100.0
8500,2,16.92386410773925,16.92386410773925,100.0
8510,0,34.879276994437994,34.879276994437994,100.0
8510,1,20.263985938968826,20.263985938968826,100.0
8510,2,44.85673706659317,44.85673706659317,100.0
8520,0,35.76468190172862,35.76468190172862,100.0
8520,1,12.79822650465097,12.79822650465097,100.0
8520,2,51.43709159362041,51.43709159362041,100.0
8530,0,32.47007744052189,32.47007744052189,100.0
8530,1,55.44962097701476,55.44962097701476,100.0
8530,2,12.080301582463361,12.080301582463361,100.0
8540,0,25.725867319061546,25.725867319061546,100.0
8540,1,33.49544619553393,33.49544619553393,100.0
8540,2,40.77868648540452,40.77868648540452,100.0
8550,0,11.905704837570427,11.905704837570427,100.0
8550,1,27.00721932503155,27.00721932503155,100.0
8550,2,61.08707583739802,61.08707583739802,100.0
8560,0,41.090706158319534,41.090706158319534,100.0
8560,1,46.27121462700751,46.27121462700751,100.0
8560,2,12.638079214672945,12.638079214672945,100.0
8570,0,21.87816466582105,21.87816466582105,100.0
8570,1,18.623366331113015,18.623366331113015,100.0
8570,2,59.49846900306595,59.49846900306595,100.0
8580,0,60.30010432535469,60.30010432535469,100.0
8580,1,29.364003032811365,29.364003032811365,100.0
8580,2,10.335892641833944,10.335892641833944,100.0
8590,0,30.605287094615175,30.605287094615175,100.0
8590,1,13.566169188824789,13.566169188824789,100.0
8590,2,55.828543716560034,55.828543716560034,100.0
8600,0,9.82350702948082,9.82350702948082,100.0
8600,1,30.056352559542564,30.056352559542564,100.0
8600,2,60.12014041097662,60.12014041097662,100.0
8610,0,37.17813904706606,37.17813904706606,100.0
8610,1,29.897357769873057,29.897357769873057,100.0
8610,2,32.92450318306088,32.92450318306088,100.0
8620,0,37.71801599663225,37.71801599663225,100.0
8620,1,41.48359980470316,41.48359980470316,100.0
8620,2,20.798384198664582,20.798384198664582,100.0
8630,0,17.896194062783536,17.896194062783536,100.0
8630,1,21.99261491524059,21.99261491524059,100.0
8630,2,60.11119102197588,60.11119102197588,100.0
8640,0,25.33719524449604,25.33719524449604,100.0
8640,1,23.27725347321455,23.27725347321455,100.0
8640,2,51.38555128228941,51.38555128228941,100.0
8650,0,27.84566777179635,27.84566777179635,100.0
8650,1,24.612462690259854,24.612462690259854,100.0
8650,2,47.541869537943796,47.541869537943796,100.0
8660,0,42.23265533539309,42.23265533539309,100.0
8660,1,12.204079208990212,12.204079208990212,100.0
8660,2,45.5632654556167,45.5632654556167,100.0
8670,0,36.17740235569603,36.17740235569603,100.0
8670,1,46.01960410237063,46.01960410237063,100.0
8670,2,17.80299354193334,17.80299354193334,100.0
8680,0,23.820172219693088,23.820172219693088,100.0
8680,1,55.060674691128156,55.060674691128156,100.0
8680,2,21.11915308917877,21.11915308917877,100.0
8690,0,49.70009129645824,49.70009129645824,100.0
8690,1,9.094708482498115,9.094708482498115,100.0
8690,2,41.20520022104365,41.20520022104365,100.0
8700,0,33.030151998787076,33.030151998787076,100.0
8700,1,35.93498490250472,35.93498490250472,100.0
8700,2,31.034863098708204,31.034863098708204,100.0
8710,0,35.97446708559485,35.97446708559485,100.0
8710,1,38.869502462414346,38.869502462414346,100.0
8710,2,25.156030451990794,25.156030451990794,100.0
8720,0,32.06222174214177,32.06222174214177,100.0
8720,1,34.381467488379194,34.381467488379194,100.0
8720,2,33.55631076947903,33.55631076947903,100.0
8730,0,40.23373971423908,40.23373971423908,100.0
8730,1,16.027895172095818,16.027895172095818,100.0
8730,2,43.73836511366511,43.73836511366511,100.0
8740,0,21.4362304927621,21.4362304927621,100.0
8740,1,22.396558301681363,22.396558301681363,100.0
8740,2,56.16721120555654,56.16721120555654,100.0
8750,0,69.82496094764406,69.82496094764406,100.0
8750,1,18.213098975075827,18.213098975075827,100.0
8750,2,11.961940077280119,11.961940077280119,100.0
8760,0,53.36333759994194,53.36333759994194,100.0
8760,1,17.928952866291723,17.928952866291723,100.0
8760,2,28.707709533766334,28.707709533766334,100.0
8770,0,29.72056185696119,29.72056185696119,100.0
8770,1,34.09586831848999,34.09586831848999,100.0
8770,2,36.183569824548826,36.183569824548826,100.0
8780,0,16.384278598719973,16.384278598719973,100.0
8780,1,40.614845655192575,40.614845655192575,100.0
8780,2,43.00087574608746,43.00087574608746,100.0
8790,0,15.647225433544627,15.647225433544627,100.0
8790,1,30.89335549069507,30.89335549069507,100.0
8790,2,53.459419075760316,53.459419075760316,100.0
8800,0,40.65973468630035,40.65973468630035,100.0
8800,1,37.838225757068116,37.838225757068116,100.0
8800,2,21.502039556631534,21.502039556631534,100.0
8810,0,38.73425476433428,38.73425476433428,100.0
8810,1,36.04829906693601,36.04829906693601,100.0
8810,2,25.21744616872971,25.21744616872971,100.0
8820,0,21.91080620202085,21.91080620202085,100.0
8820,1,43.7236699933359,43.7236699933359,100.0
8820,2,34.36552380464325,34.36552380464325,100.0
8830,0,16.74513103718958,16.74513103718958,100.0
8830,1,13.61252834028849,13.61252834028849,100.0
8830,2,69.64234062252193,69.64234062252193,100.0
8840,0,13.40698439405911,13.40698439405911,100.0
8840,1,69.22971835454135,69.22971835454135,100.0
8840,2,17.36329725139956,17.36329725139956,100.0
8850,0,62.54815022494018,62.54815022494018,100.0
8850,1,19.967157225440914,19.967157225440914,100.0
8850,2,17.484692549618906,17.484692549618906,100.0
8860,0,37.84583158783176,37.84583158783176,100.0
8860,1,39.29735206010727,39.29735206010727,100.0
8860,2,22.856816352060946,22.856816352060946,100.0
8870,0,60.37565336438199,60.37565336438199,100.0
8870,1,18.9453548431712,18.9453548431712,100.0
8870,2,20.678991792446812,20.678991792446812,100.0
8880,0,39.86680949904143,39.86680949904143,100.0
8880,1,22.810821655656657,22.810821655656657,100.0
8880,2,37.32236884530192,37.32236884530192,100.0
8890,0,39.775074679274105,39.775074679274105,100.0
8890,1,45.89183927524185,45.89183927524185,100.0
8890,2,14.33308604548404,14.33308604548404,100.0
8900,0,13.674972566965474,13.674972566965474,100.0
8900,1,10.833574190900853,10.833574190900853,100.0
8900,2,75.49145324213367,75.49145324213367,100.0
8910,0,34.329050086043274,34.329050086043274,100.0
8910,1,28.824634887162887,28.824634887162887,100.0
8910,2,36.84631502679384,36.84631502679384,100.0
8920,0,16.776215904238708,16.776215904238708,100.0
8920,1,41.403237993049146,41.403237993049146,100.0
8920,2,41.82054610271215,41.82054610271215,100.0
8930,0,28.296439785247067,28.296439785247067,100.0
8930,1,42.039645644828724,42.039645644828724,100.0
8930,2,29.66391456992422,29.66391456992422,100.0
8940,0,39.73005816218967,39.73005816218967,100.0
8940,1,27.478873784965106,27.478873784965106,100.0
8940,2,32.79106805284522,32.79106805284522,100.0
8950,0,59.66686944973457,59.66686944973457,100.0
8950,1,25.861884711403178,25.861884711403178,100.0
8950,2,14.471245838862263,14.471245838862263,100.0
8960,0,17.283876497965405,17.283876497965405,100.0
8960,1,64.03669401261634,64.03669401261634,100.0
8960,2,18.679429489418265,18.679429489418265,100.0
8970,0,34.73239627336005,34.73239627336005,100.0
8970,1,52.930014552380825,52.930014552380825,100.0
8970,2,12.33758917425913,12.33758917425913,100.0
8980,0,22.044101550909232,22.044101550909232,100.0
8980,1,44.148607824758066,44.148607824758066,100.0
8980,2,33.8072906243327,33.8072906243327,100.0
8990,0,32.832511800955736,32.832511800955736,100.0
8990,1,37.59735373790005,37.59735373790005,100.0
8990,2,29.57013446114422,29.57013446114422,100.0
9000,0,38.8539614775303,38.8539614775303,100.0
9000,1,33.06386566891639,33.06386566891639,100.0
9000,2,28.08217285355331,28.08217285355331,100.0
9010,0,54.71471088096291,54.71471088096291,100.0
9010,1,25.09401634565245,25.09401634565245,100.0
9010,2,20.191272773384643,20.191272773384643,100.0
9020,0,69.07561791961247,69.07561791961247,100.0
9020,1,16.77506936288431,16.77506936288431,100.0
9020,2,14.149312717503232,14.149312717503232,100.0
9030,0,34.27742344850994,34.27742344850994,100.0
9030,1,24.358514125074073,24.358514125074073,100.0
9030,2,41.364062426415984,41.364062426415984,100.0
9040,0,16.73262364828819,16.73262364828819,100.0
9040,1,49.016048435956336,49.016048435956336,100.0
9040,2,34.25132791575546,34.25132791575546,100.0
9050,0,24.323346771028458,24.323346771028458,100.0
9050,1,25.703040280952926,25.703040280952926,100.0
9050,2,49.97361294801861,49.97361294801861,100.0
9060,0,25.840278526203686,25.840278526203686,100.0
9060,1,23.05699203719617,23.05699203719617,100.0
9060,2,51.10272943660015,51.10272943660015,100.0
9070,0,32.27537155313821,32.27537155313821,100.0
9070,1,16.756140608392638,16.756140608392638,100.0
9070,2,50.96848783846916,50.96848783846916,100.0
9080,0,33.75934376976324,33.75934376976324,100.0
9080,1,15.404369100613383,15.404369100613383,100.0
9080,2,50.83628712962338,50.83628712962338,100.0
9090,0,15.499886389460723,15.499886389460723,100.0
9090,1,42.38632152564689,42.38632152564689,100.0
9090,2,42.113792084892395,42.113792084892395,100.0
9100,0,17.290725885071243,17.290725885071243,100.0
9100,1,47.17526880702313,47.17526880702313,100.0
9100,2,35.53400530790564,35.53400530790564,100.0
9110,0,31.160534660424755,31.160534660424755,100.0
9110,1,17.1869437507959,17.1869437507959,100.0
9110,2,51.652521588779344,51.652521588779344,100.0
9120,0,13.93495849436565,13.93495849436565,100.0
9120,1,57.64191641363452,57.64191641363452,100.0
9120,2,28.42312509199982,28.42312509199982,100.0
9130,0,32.83852479761715,32.83852479761715,100.0
9130,1,11.281733382755657,11.281733382755657,100.0
9130,2,55.87974181962719,55.87974181962719,100.0
9140,0,12.713309875927479,12.713309875927479,100.0
9140,1,11.482165699133926,11.482165699133926,100.0
9140,2,75.80452442493859,75.80452442493859,100.0
9150,0,36.63146027955463,36.63146027955463,100.0
9150,1,37.73100587806126,37.73100587806126,100.0
9150,2,25.637533842384112,25.637533842384112,100.0
9160,0,33.32346352393593,33.32346352393593,100.0
9160,1,41.57282085582409,41.57282085582409,100.0
9160,2,25.103715620239985,25.103715620239985,100.0
9170,0,24.450755094758712,24.450755094758712,100.0
9170,1,38.155086009599415,38.155086009599415,100.0
9170,2,37.39415889564188,37.39415889564188,100.0
9180,0,49.18727617553279,49.18727617553279,100.0
9180,1,41.39182277482801,41.39182277482801,100.0
9180,2,9.4209010496392,9.4209010496392,100.0
9190,0,9.621854466836801,9.621854466836801,100.0
9190,1,49.40077272022237,49.40077272022237,100.0
9190,2,40.977372812940835,40.977372812940835,100.0
9200,0,22.86493380703687,22.86493380703687,100.0
9200,1,23.243437225866604,23.243437225866604,100.0
9200,2,53.89162896709653,53.89162896709653,100.0
9210,0,19.344395350416377,19.344395350416377,100.0
9210,1,57.450334661525616,57.450334661525616,100.0
9210,2,23.205269988058003,23.205269988058003,100.0
9220,0,45.047392595067656,45.047392595067656,100.0
9220,1,9.826902246535143,9.826902246535143,100.0
9220,2,45.1257051583972,45.1257051583972,100.0
9230,0,39.260768949538225,39.260768949538225,100.0
9230,1,51.325386261512385,51.325386261512385,100.0
9230,2,9.413844788949396,9.413844788949396,100.0
9240,0,9.195765710308331,9.195765710308331,100.0
9240,1,54.745781340674206,54.745781340674206,100.0
9240,2,36.058452949017465,36.058452949017465,100.0
9250,0,14.186986950300327,14.186986950300327,100.0
9250,1,68.44436389681454,68.44436389681454,100.0
9250,2,17.368649152885144,17.368649152885144,100.0
9260,0,68.19200114137995,68.19200114137995,100.0
9260,1,16.771543183448653,16.771543183448653,100.0
9260,2,15.036455675171412,15.036455675171412,100.0
9270,0,43.31819560957307,43.31819560957307,100.0
9270,1,28.14647622819932,28.14647622819932,100.0
9270,2,28.535328162227625,28.535328162227625,100.0
9280,0,55.79636861527681,55.79636861527681,100.0
9280,1,18.090846092104627,18.090846092104627,100.0
9280,2,26.11278529261856,26.11278529261856,100.0
9290,0,35.12982996800905,35.12982996800905,100.0
9290,1,23.758285311537662,23.758285311537662,100.0
9290,2,41.11188472045329,41.11188472045329,100.0
9300,0,37.503695099874896,37.503695099874896,100.0
9300,1,35.747049656902135,35.747049656902135,100.0
9300,2,26.74925524322297,26.74925524322297,100.0
9310,0,38.66427174959098,38.66427174959098,100.0
9310,1,12.86260166920562,12.86260166920562,100.0
9310,2,48.4731265812034,48.4731265812034,100.0
9320,0,15.257291369423795,15.257291369423795,100.0
9320,1,24.809507125798618,24.809507125798618,100.0
9320,2,59.933201504777585,59.933201504777585,100.0
9330,0,55.81917419255622,55.81917419255622,100.0
9330,1,32.03470394028105,32.03470394028105,100.0
9330,2,12.146121867162728,12.146121867162728,100.0
9340,0,10.199881736590841,10.199881736590841,100.0
9340,1,28.16358692886555,28.16358692886555,100.0
9340,2,61.63653133454362,61.63653133454362,100.0
9350,0,15.799691302354313,15.799691302354313,100.0
9350,1,68.47899412547194,68.47899412547194,100.0
9350,2,15.721314572173744,15.721314572173744,100.0
9360,0,16.591957523665553,16.591957523665553,100.0
9360,1,58.70790466246818,58.70790466246818,100.0
9360,2,24.700137813866274,24.700137813866274,100.0
9370,0,47.341941608743134,47.341941608743134,100.0
9370,1,18.29169710005399,18.29169710005399,100.0
9370,2,34.36636129120287,34.36636129120287,100.0
9380,0,35.45647985878302,35.45647985878302,100.0
9380,1,36.363315602635446,36.363315602635446,100.0
9380,2,28.18020453858153,28.18020453858153,100.0
9390,0,43.111429514687806,43.111429514687806,100.0
9390,1,40.74992422560829,40.74992422560829,100.0
9390,2,16.138646259703897,16.138646259703897,100.0
9400,0,35.86515537876836,35.86515537876836,100.0
9400,1,34.84356873312136,34.84356873312136,100.0
9400,2,29.291275888110285,29.291275888110285,100.0
9410,0,18.181807383197857,18.181807383197857,100.0
9410,1,25.367029842838807,25.367029842838807,100.0
9410,2,56.45116277396335,56.45116277396335,100.0
9420,0,26.131149164483524,26.131149164483524,100.0
9420,1,11.946633731521793,11.946633731521793,100.0
9420,2,61.92221710399469,61.92221710399469,100.0
9430,0,35.52017175712494,35.52017175712494,100.0
9430,1,8.73954651102362,8.73954651102362,100.0
9430,2,55.74028173185144,55.74028173185144,100.0
9440,0,16.4323066852605,16.4323066852605,100.0
9440,1,25.413315084360878,25.413315084360878,100.0
9440,2,58.15437823037863,58.15437823037863,100.0
9450,0,26.640037005651564,26.640037005651564,100.0
9450,1,39.31482861190289,39.31482861190289,100.0
9450,2,34.045134382445546,34.045134382445546,100.0
9460,0,60.92416823135953,60.92416823135953,100.0
9460,1,25.855957497660924,25.855957497660924,100.0
9460,2,13.21987427097955,13.21987427097955,100.0
9470,0,43.85493366616132,43.85493366616132,100.0
9470,1,22.80975926782343,22.80975926782343,100.0
9470,2,33.335307066015254,33.335307066015254,100.0
9480,0,55.82197342412011,55.82197342412011,100.0
9480,1,19.220679478600935,19.220679478600935,100.0
9480,2,24.957347097278955,24.957347097278955,100.0
9490,0,14.957438469100975,14.957438469100975,100.0
9490,1,58.88532659444243,58.88532659444243,100.0
9490,2,26.157234936456597,26.157234936456597,100.0
9500,0,18.151777113373633,18.151777113373633,100.0
9500,1,46.62736796893974,46.62736796893974,100.0
9500,2,35.22085491768664,35.22085491768664,100.0
9510,0,40.959452988810284,40.959452988810284,100.0
9510,1,39.94302604741811,39.94302604741811,100.0
9510,2,19.09752096377161,19.09752096377161,100.0
9520,0,36.15377824760451,36.15377824760451,100.0
9520,1,31.17207660002923,31.17207660002923,100.0
9520,2,32.67414515236627,32.67414515236627,100.0
9530,0,20.53024853772852,20.53024853772852,100.0
9530,1,22.4720872117743,22.4720872117743,100.0
9530,2,56.99766425049718,56.99766425049718,100.0
9540,0,17.258826339956137,17.258826339956137,100.0
9540,1,34.461635817077365,34.461635817077365,100.0
9540,2,48.2795378429665,48.2795378429665,100.0
9550,0,31.64435191191412,31.64435191191412,100.0
9550,1,42.04478301323942,42.04478301323942,100.0
9550,2,26.310865074846472,26.310865074846472,100.0
9560,0,47.779286409142955,47.779286409142955,100.0
9560,1,24.60290672608235,24.60290672608235,100.0
9560,2,27.617806864774703,27.617806864774703,100.0
9570,0,31.347860581781628,31.347860581781628,100.0
9570,1,32.25191551535113,32.25191551535113,100.0
9570,2,36.40022390286725,36.40022390286725,100.0
9580,0,36.18885443869803,36.18885443869803,100.0
9580,1,21.474785236818843,21.474785236818843,100.0
9580,2,42.33636032448313,42.33636032448313,100.0
9590,0,54.577204399883506,54.577204399883506,100.0
9590,1,23.01891772153101,23.01891772153101,100.0
9590,2,22.403877878585483,22.403877878585483,100.0
9600,0,44.21324546388316,44.21324546388316,100.0
9600,1,15.444410942581834,15.444410942581834,100.0
9600,2,40.34234359353501,40.34234359353501,100.0
9610,0,19.090838855827847,19.090838855827847,100.0
9610,1,29.76916895380908,29.76916895380908,100.0
9610,2,51.139992190363074,51.139992190363074,100.0
9620,0,48.34626288996853,48.34626288996853,100.0
9620,1,14.729104438776009,14.729104438776009,100.0
9620,2,36.924632671255466,36.924632671255466,100.0
9630,0,25.768889332814933,25.768889332814933,100.0
9630,1,19.751053148744116,19.751053148744116,100.0
9630,2,54.48005751844095,54.48005751844095,100.0
9640,0,23.967823138244256,23.967823138244256,100.0
9640,1,29.201275724239643,29.201275724239643,100.0
9640,2,46.83090113751609,46.83090113751609,100.0
9650,0,36.66818210930994,36.66818210930994,100.0
9650,1,21.176266285537803,21.176266285537803,100.0
9650,2,42.15555160515226,42.15555160515226,100.0
9660,0,62.21563003413833,62.21563003413833,100.0
9660,1,18.366584837673233,18.366584837673233,100.0
9660,2,19.41778512818844,19.41778512818844,100.0
9670,0,48.92977781855002,48.92977781855002,100.0
9670,1,40.43604921068139,40.43604921068139,100.0
9670,2,10.634172970768587,10.634172970768587,100.0
9680,0,48.39389775921419,48.39389775921419,100.0
9680,1,14.812210622217197,14.812210622217197,100.0
9680,2,36.79389161856861,36.79389161856861,100.0
9690,0,45.63725074492101,45.63725074492101,100.0
9690,1,26.696701915960425,26.696701915960425,100.0
9690,2,27.666047339118567,27.666047339118567,100.0
9700,0,57.23024059402192,57.23024059402192,100.0
9700,1,23.264466576637687,23.264466576637687,100.0
9700,2,19.505292829340387,19.505292829340387,100.0
9710,0,32.82854326410901,32.82854326410901,100.0
9710,1,17.11125927163308,17.11125927163308,100.0
9710,2,50.060197464257904,50.060197464257904,100.0
9720,0,23.44475902214338,23.44475902214338,100.0
9720,1,54.27216782799824,54.27216782799824,100.0
9720,2,22.283073149858375,22.283073149858375,100.0
9730,0,20.568639887866585,20.568639887866585,100.0
9730,1,33.30692864574657,33.30692864574657,100.0
9730,2,46.124431466386845,46.124431466386845,100.0
9740,0,65.09046294183197,65.09046294183197,100.0
9740,1,21.644051799676863,21.644051799676863,100.0
9740,2,13.265485258491164,13.265485258491164,100.0
9750,0,27.864702432117944,27.864702432117944,100.0
9750,1,35.59541160314285,35.59541160314285,100.0
9750,2,36.53988596473921,36.53988596473921,100.0
9760,0,12.877233910314578,12.877233910314578,100.0
9760,1,57.41318746407722,57.41318746407722,100.0
9760,2,29.709578625608202,29.709578625608202,100.0
9770,0,38.29501792161017,38.29501792161017,100.0
9770,1,13.08439618373429,13.08439618373429,100.0
9770,2,48.620585894655555,48.620585894655555,100.0
9780,0,20.498949761646962,20.498949761646962,100.0
9780,1,37.7099214492668,37.7099214492668,100.0
9780,2,41.791128789086244,41.791128789086244,100.0
9790,0,21.81584507321177,21.81584507321177,100.0
9790,1,44.63014196768214,44.63014196768214,100.0
9790,2,33.55401295910609,33.55401295910609,100.0
9800,0,28.05586723492004,28.05586723492004,100.0
9800,1,31.580345052604418,31.580345052604418,100.0
9800,2,40.36378771247554,40.36378771247554,100.0
9810,0,59.823732648343565,59.823732648343565,100.0
9810,1,26.473049316503435,26.473049316503435,100.0
9810,2,13.703218035153006,13.703218035153006,100.0
9820,0,54.88873667998171,54.88873667998171,100.0
9820,1,30.67667411841,30.67667411841,100.0
9820,2,14.434589201608294,14.434589201608294,100.0
9830,0,19.38072518631313,19.38072518631313,100.0
9830,1,54.258800715215074,54.258800715215074,100.0
9830,2,26.36047409847179,26.36047409847179,100.0
9840,0,43.25305054569565,43.25305054569565,100.0
9840,1,29.239572645466534,29.239572645466534,100.0
9840,2,27.507376808837808,27.507376808837808,100.0
9850,0,24.646344826065107,24.646344826065107,100.0
9850,1,33.362393467516895,33.362393467516895,100.0
9850,2,41.991261706418,41.991261706418,100.0
9860,0,16.536715917796897,16.536715917796897,100.0
9860,1,33.31076210787056,33.31076210787056,100.0
9860,2,50.15252197433255,50.15252197433255,100.0
9870,0,12.622509383810845,12.622509383810845,100.0
9870,1,76.34615455556761,76.34615455556761,100.0
9870,2,11.031336060621545,11.031336060621545,100.0
9880,0,25.495871708347572,25.495871708347572,100.0
9880,1,58.14182881259988,58.14182881259988,100.0
9880,2,16.36229947905254,16.36229947905254,100.0
9890,0,18.086882331232477,18.086882331232477,100.0
9890,1,51.93305136653776,51.93305136653776,100.0
9890,2,29.98006630222977,29.98006630222977,100.0
9900,0,35.94216593457508,35.94216593457508,100.0
9900,1,40.932545289715186,40.932545289715186,100.0
9900,2,23.125288775709734,23.125288775709734,100.0
9910,0,35.02166326896551,35.02166326896551,100.0
9910,1,25.290849220870097,25.290849220870097,100.0
9910,2,39.687487510164395,39.687487510164395,100.0
9920,0,57.30867782450538,57.30867782450538,100.0
9920,1,30.119094295878163,30.119094295878163,100.0
9920,2,12.572227879616449,12.572227879616449,100.0
9930,0,41.348783105225905,41.348783105225905,100.0
9930,1,26.284825157478707,26.284825157478707,100.0
9930,2,32.366391737295395,32.366391737295395,100.0
9940,0,13.73089713728865,13.73089713728865,100.0
9940,1,30.649877491497506,30.649877491497506,100.0
9940,2,55.619225371213844,55.619225371213844,100.0
9950,0,12.369213282034686,12.369213282034686,100.0
9950,1,22.257361373298057,22.257361373298057,100.0
9950,2,65.37342534466725,65.37342534466725,100.0
9960,0,38.09123286062209,38.09123286062209,100.0
9960,1,49.100963356017516,49.100963356017516,100.0
9960,2,12.807803783360388,12.807803783360388,100.0
9970,0,42.81499675084656,42.81499675084656,100.0
9970,1,10.843402453131796,10.843402453131796,100.0
9970,2,46.34160079602165,46.34160079602165,100.0
9980,0,56.75045918024569,56.75045918024569,100.0
9980,1,23.083471484247966,23.083471484247966,100.0
9980,2,20.166069335506343,20.166069335506343,100.0
9990,0,29.905241334289766,29.905241334289766,100.0
9990,1,15.982452249874438,15.982452249874438,100.0
9990,2,54.112306415835796,54.112306415835796,100.0
