timestamp,sliceId,dedicatedPRB,minPRB,maxPRB
510,0,33.44071644795889,33.44071644795889,100.0
510,1,28.16876014936777,28.16876014936777,100.0
510,2,38.390523402673345,38.390523402673345,100.0
520,0,32.60971617594693,32.60971617594693,100.0
520,1,50.63746600874127,50.63746600874127,100.0
520,2,16.75281781531181,16.75281781531181,100.0
530,0,66.05391046554864,66.05391046554864,100.0
530,1,18.940904045252452,18.940904045252452,100.0
530,2,15.005185489198913,15.005185489198913,100.0
540,0,19.168124540965707,19.168124540965707,100.0
540,1,18.113755695376728,18.113755695376728,100.0
540,2,62.71811976365756,62.71811976365756,100.0
550,0,54.44306022105445,54.44306022105445,100.0
550,1,31.80483756054482,31.80483756054482,100.0
550,2,13.752102218400747,13.752102218400747,100.0
560,0,42.09842572909495,42.09842572909495,100.0
560,1,12.384546149355401,12.384546149355401,100.0
560,2,45.51702812154965,45.51702812154965,100.0
570,0,11.588334207863648,11.588334207863648,100.0
570,1,14.5747216002561,14.5747216002561,100.0
570,2,73.83694419188026,73.83694419188026,100.0
580,0,30.783230603711235,30.783230603711235,100.0
580,1,57.971281725502855,57.971281725502855,100.0
580,2,11.245487670785915,11.245487670785915,100.0
590,0,19.900005018899915,19.900005018899915,100.0
590,1,52.78211682442336,52.78211682442336,100.0
590,2,27.317878156676734,27.317878156676734,100.0
600,0,29.384225850998657,29.384225850998657,100.0
600,1,10.647185832182423,10.647185832182423,100.0
600,2,59.968588316818916,59.968588316818916,100.0
610,0,49.96435037688601,49.96435037688601,100.0
610,1,12.743909383134438,12.743909383134438,100.0
610,2,37.29174023997955,37.29174023997955,100.0
620,0,39.80339605512683,39.80339605512683,100.0
620,1,23.22550919830324,23.22550919830324,100.0
620,2,36.971094746569925,36.971094746569925,100.0
630,0,14.218411569754455,14.218411569754455,100.0
630,1,19.67911709272731,19.67911709272731,100.0
630,2,66.10247133751824,66.10247133751824,100.0
640,0,55.315017921053936,55.315017921053936,100.0
640,1,21.00050258277956,21.00050258277956,100.0
640,2,23.6844794961665,23.6844794961665,100.0
650,0,18.695446786715387,18.695446786715387,100.0
650,1,18.00072891174964,18.00072891174964,100.0
650,2,63.30382430153497,63.30382430153497,100.0
660,0,38.053891791153475,38.053891791153475,100.0
660,1,27.681736131486435,27.681736131486435,100.0
660,2,34.264372077360086,34.264372077360086,100.0
670,0,34.25375984471526,34.25375984471526,100.0
670,1,22.945711186893938,22.945711186893938,100.0
670,2,42.80052896839081,42.80052896839081,100.0
680,0,34.70847099443068,34.70847099443068,100.0
680,1,30.015042892639315,30.015042892639315,100.0
680,2,35.276486112930016,35.276486112930016,100.0
690,0,16.73499604649558,16.73499604649558,100.0
690,1,10.294948865889053,10.294948865889053,100.0
690,2,72.97005508761536,72.97005508761536,100.0
700,0,33.73146735996176,33.73146735996176,100.0
700,1,15.992837157244058,15.992837157244058,100.0
700,2,50.27569548279418,50.27569548279418,100.0
710,0,46.68664702906611,46.68664702906611,100.0
710,1,44.30575269876433,44.30575269876433,100.0
710,2,9.007600272169565,9.007600272169565,100.0
720,0,13.200706589596765,13.200706589596765,100.0
720,1,28.312746433862994,28.312746433862994,100.0
720,2,58.48654697654025,58.48654697654025,100.0
730,0,39.881683606206465,39.881683606206465,100.0
730,1,24.64104452216563,24.64104452216563,100.0
730,2,35.477271871627906,35.477271871627906,100.0
740,0,22.50863134285474,22.50863134285474,100.0
740,1,22.2206325739742,22.2206325739742,100.0
740,2,55.27073608317106,55.27073608317106,100.0
750,0,21.999695709905488,21.999695709905488,100.0
750,1,13.410316259736371,13.410316259736371,100.0
750,2,64.58998803035814,64.58998803035814,100.0
760,0,54.33183527142479,54.33183527142479,100.0
760,1,14.05218412540355,14.05218412540355,100.0
760,2,31.615980603171657,31.615980603171657,100.0
770,0,60.80829203941557,60.80829203941557,100.0
770,1,26.936335567234504,26.936335567234504,100.0
770,2,12.25537239334993,12.25537239334993,100.0
780,0,53.693570237763474,53.693570237763474,100.0
780,1,23.203800653127335,23.203800653127335,100.0
780,2,23.10262910910919,23.10262910910919,100.0
790,0,18.986261755431038,18.986261755431038,100.0
790,1,22.832584150644752,22.832584150644752,100.0
790,2,58.181154093924214,58.181154093924214,100.0
800,0,38.09267635106278,38.09267635106278,100.0
800,1,46.97093054015426,46.97093054015426,100.0
800,2,14.936393108782969,14.936393108782969,100.0
810,0,14.739873314095439,14.739873314095439,100.0
810,1,11.218078924746681,11.218078924746681,100.0
810,2,74.04204776115789,74.04204776115789,100.0
820,0,27.259078818895432,27.259078818895432,100.0
820,1,51.432356282325934,51.432356282325934,100.0
820,2,21.308564898778634,21.308564898778634,100.0
830,0,18.34927569455731,18.34927569455731,100.0
830,1,17.330625609549443,17.330625609549443,100.0
830,2,64.32009869589325,64.32009869589325,100.0
840,0,64.36789130348903,64.36789130348903,100.0
840,1,12.937543946735671,12.937543946735671,100.0
840,2,22.6945647497753,22.6945647497753,100.0
850,0,63.23268014293879,63.23268014293879,100.0
850,1,17.78156211004637,17.78156211004637,100.0
850,2,18.98575774701484,18.98575774701484,100.0
860,0,29.22168273897675,29.22168273897675,100.0
860,1,22.40507205316233,22.40507205316233,100.0
860,2,48.37324520786093,48.37324520786093,100.0
870,0,10.911806048218544,10.911806048218544,100.0
870,1,23.73808935043381,23.73808935043381,100.0
870,2,65.35010460134765,65.35010460134765,100.0
880,0,27.292488991552986,27.292488991552986,100.0
880,1,39.995016026932355,39.995016026932355,100.0
880,2,32.71249498151465,32.71249498151465,100.0
890,0,18.398541835259206,18.398541835259206,100.0
890,1,11.99557549269345,11.99557549269345,100.0
890,2,69.60588267204734,69.60588267204734,100.0
900,0,28.595619362637393,28.595619362637393,100.0
900,1,39.94589145482937,39.94589145482937,100.0
900,2,31.45848918253324,31.45848918253324,100.0
910,0,41.83686678568661,41.83686678568661,100.0
910,1,19.515608543473363,19.515608543473363,100.0
910,2,38.64752467084003,38.64752467084003,100.0
920,0,30.100450495277624,30.100450495277624,100.0
920,1,53.29619306480308,53.29619306480308,100.0
920,2,16.6033564399193,16.6033564399193,100.0
930,0,11.97518325569544,11.97518325569544,100.0
930,1,28.97009687379306,28.97009687379306,100.0
930,2,59.054719870511505,59.054719870511505,100.0
940,0,57.316578534540405,57.316578534540405,100.0
940,1,12.836823582044431,12.836823582044431,100.0
940,2,29.846597883415154,29.846597883415154,100.0
950,0,32.36777646352062,32.36777646352062,100.0
950,1,40.637218024149824,40.637218024149824,100.0
950,2,26.995005512329556,26.995005512329556,100.0
960,0,28.40439860444776,28.40439860444776,100.0
960,1,45.09581901942952,45.09581901942952,100.0
960,2,26.49978237612272,26.49978237612272,100.0
970,0,33.95387815437639,33.95387815437639,100.0
970,1,38.313386115294065,38.313386115294065,100.0
970,2,27.73273573032955,27.73273573032955,100.0
980,0,24.354780483369794,24.354780483369794,100.0
980,1,62.12649313536788,62.12649313536788,100.0
980,2,13.518726381262326,13.518726381262326,100.0
990,0,37.57761711164226,37.57761711164226,100.0
990,1,21.461366222605168,21.461366222605168,100.0
990,2,40.961016665752574,40.961016665752574,100.0
1000,0,28.417100331947935,28.417100331947935,100.0
1000,1,25.676214388102032,25.676214388102032,100.0
1000,2,45.90668527995004,45.90668527995004,100.0
1010,0,70.80820320396384,70.80820320396384,100.0
1010,1,15.51848684077719,15.51848684077719,100.0
1010,2,13.673309955258967,13.673309955258967,100.0
1020,0,60.252089481385696,60.252089481385696,100.0
1020,1,23.447185863099396,23.447185863099396,100.0
1020,2,16.300724655514912,16.300724655514912,100.0
1030,0,28.273099787240312,28.273099787240312,100.0
1030,1,19.760300650448727,19.760300650448727,100.0
1030,2,51.966599562310954,51.966599562310954,100.0
1040,0,66.68553252043677,66.68553252043677,100.0
1040,1,21.170582938190577,21.170582938190577,100.0
1040,2,12.143884541372659,12.143884541372659,100.0
1050,0,36.07759757509334,36.07759757509334,100.0
1050,1,9.522216568166106,9.522216568166106,100.0
1050,2,54.400185856740556,54.400185856740556,100.0
1060,0,73.04983741069586,73.04983741069586,100.0
1060,1,13.79653904757954,13.79653904757954,100.0
1060,2,13.153623541724599,13.153623541724599,100.0
1070,0,15.571135137713368,15.571135137713368,100.0
1070,1,21.688842213655033,21.688842213655033,100.0
1070,2,62.7400226486316,62.7400226486316,100.0
1080,0,28.566327651171903,28.566327651171903,100.0
1080,1,27.779884462862558,27.779884462862558,100.0
1080,2,43.65378788596554,43.65378788596554,100.0
1090,0,35.256108235330075,35.256108235330075,100.0
1090,1,24.820760881670488,24.820760881670488,100.0
1090,2,39.92313088299944,39.92313088299944,100.0
1100,0,13.917264273729444,13.917264273729444,100.0
1100,1,25.76174454001151,25.76174454001151,100.0
1100,2,60.32099118625904,60.32099118625904,100.0
1110,0,41.98611606552704,41.98611606552704,100.0
1110,1,9.740699972843192,9.740699972843192,100.0
1110,2,48.273183961629776,48.273183961629776,100.0
1120,0,43.630915938651285,43.630915938651285,100.0
1120,1,31.400196303708324,31.400196303708324,100.0
1120,2,24.96888775764039,24.96888775764039,100.0
1130,0,16.690827582187342,16.690827582187342,100.0
1130,1,17.435749106576726,17.435749106576726,100.0
1130,2,65.87342331123594,65.87342331123594,100.0
1140,0,70.09999703218237,70.09999703218237,100.0
1140,1,15.553665147490376,15.553665147490376,100.0
1140,2,14.346337820327266,14.346337820327266,100.0
1150,0,22.59599705313414,22.59599705313414,100.0
1150,1,52.07137980344246,52.07137980344246,100.0
1150,2,25.3326231434234,25.3326231434234,100.0
1160,0,17.337677251312254,17.337677251312254,100.0
1160,1,45.94252090217658,45.94252090217658,100.0
1160,2,36.71980184651117,36.71980184651117,100.0
1170,0,15.79282996754863,15.79282996754863,100.0
1170,1,11.085424168419115,11.085424168419115,100.0
1170,2,73.12174586403226,73.12174586403226,100.0
1180,0,19.37993966606912,19.37993966606912,100.0
1180,1,52.18049901704622,52.18049901704622,100.0
1180,2,28.439561316884664,28.439561316884664,100.0
1190,0,56.623401552079976,56.623401552079976,100.0
1190,1,26.47654367194483,26.47654367194483,100.0
1190,2,16.90005477597519,16.90005477597519,100.0
1200,0,50.11335520959953,50.11335520959953,100.0
1200,1,18.257758922777327,18.257758922777327,100.0
1200,2,31.628885867623147,31.628885867623147,100.0
1210,0,51.55099744553867,51.55099744553867,100.0
1210,1,12.832324020521666,12.832324020521666,100.0
1210,2,35.61667853393966,35.61667853393966,100.0
1220,0,17.813334468335032,17.813334468335032,100.0
1220,1,13.935575396783708,13.935575396783708,100.0
1220,2,68.25109013488127,68.25109013488127,100.0
1230,0,11.928200579503663,11.928200579503663,100.0
1230,1,11.260312003849483,11.260312003849483,100.0
1230,2,76.81148741664686,76.81148741664686,100.0
1240,0,14.31514192416678,14.31514192416678,100.0
1240,1,45.64239451184323,45.64239451184323,100.0
1240,2,40.04246356399,40.04246356399,100.0
1250,0,30.237115282816852,30.237115282816852,100.0
1250,1,14.833605672045827,14.833605672045827,100.0
1250,2,54.92927904513733,54.92927904513733,100.0
1260,0,41.64962287262633,41.64962287262633,100.0
1260,1,13.050733756783384,13.050733756783384,100.0
1260,2,45.299643370590296,45.299643370590296,100.0
1270,0,18.110744406220505,18.110744406220505,100.0
1270,1,64.67610227438048,64.67610227438048,100.0
1270,2,17.213153319399016,17.213153319399016,100.0
1280,0,58.72119731146913,58.72119731146913,100.0
1280,1,31.64532124068519,31.64532124068519,100.0
1280,2,9.633481447845673,9.633481447845673,100.0
1290,0,17.100072552818222,17.100072552818222,100.0
1290,1,12.253018817072642,12.253018817072642,100.0
1290,2,70.64690863010914,70.64690863010914,100.0
1300,0,16.57292740069172,16.57292740069172,100.0
1300,1,27.03306514589256,27.03306514589256,100.0
1300,2,56.39400745341572,56.39400745341572,100.0
1310,0,58.22693000625681,58.22693000625681,100.0
1310,1,16.20815504985402,16.20815504985402,100.0
1310,2,25.564914943889168,25.564914943889168,100.0
1320,0,30.90043116504414,30.90043116504414,100.0
1320,1,28.60281083593163,28.60281083593163,100.0
1320,2,40.49675799902424,40.49675799902424,100.0
1330,0,41.284090351988965,41.284090351988965,100.0
1330,1,9.358680085079857,9.358680085079857,100.0
1330,2,49.35722956293118,49.35722956293118,100.0
1340,0,74.09447074863503,74.09447074863503,100.0
1340,1,13.238707538528697,13.238707538528697,100.0
1340,2,12.66682171283628,12.66682171283628,100.0
1350,0,11.545358449356767,11.545358449356767,100.0
1350,1,11.532465462759722,11.532465462759722,100.0
1350,2,76.92217608788351,76.92217608788351,100.0
1360,0,33.716502911937745,33.716502911937745,100.0
1360,1,55.412434801879016,55.412434801879016,100.0
1360,2,10.871062286183239,10.871062286183239,100.0
1370,0,41.60889193839765,41.60889193839765,100.0
1370,1,28.032986081131366,28.032986081131366,100.0
1370,2,30.358121980470976,30.358121980470976,100.0
1380,0,25.033247995059916,25.033247995059916,100.0
1380,1,15.76425959377585,15.76425959377585,100.0
1380,2,59.20249241116424,59.20249241116424,100.0
1390,0,19.49899894159277,19.49899894159277,100.0
1390,1,33.2203133723886,33.2203133723886,100.0
1390,2,47.280687686018624,47.280687686018624,100.0
1400,0,31.937793344826993,31.937793344826993,100.0
1400,1,44.64047174166782,44.64047174166782,100.0
1400,2,23.421734913505198,23.421734913505198,100.0
1410,0,13.973541798734109,13.973541798734109,100.0
1410,1,12.626990693563137,12.626990693563137,100.0
1410,2,73.39946750770277,73.39946750770277,100.0
1420,0,36.6479977795906,36.6479977795906,100.0
1420,1,11.291735632686775,11.291735632686775,100.0
1420,2,52.06026658772262,52.06026658772262,100.0
1430,0,13.892639796504003,13.892639796504003,100.0
1430,1,42.96964231351459,42.96964231351459,100.0
1430,2,43.13771788998141,43.13771788998141,100.0
1440,0,20.25372739122676,20.25372739122676,100.0
1440,1,64.49454930526123,64.49454930526123,100.0
1440,2,15.25172330351201,15.25172330351201,100.0
1450,0,36.90484815262669,36.90484815262669,100.0
1450,1,19.18164782334985,19.18164782334985,100.0
1450,2,43.91350402402347,43.91350402402347,100.0
1460,0,26.814953719811697,26.814953719811697,100.0
1460,1,18.144248907580867,18.144248907580867,100.0
1460,2,55.04079737260743,55.04079737260743,100.0
1470,0,10.378729600813926,10.378729600813926,100.0
1470,1,17.233182515667263,17.233182515667263,100.0
1470,2,72.3880878835188,72.3880878835188,100.0
1480,0,40.62890967938806,40.62890967938806,100.0
1480,1,20.46498328770966,20.46498328770966,100.0
1480,2,38.906107032902284,38.906107032902284,100.0
1490,0,25.74857080189786,25.74857080189786,100.0
1490,1,13.030340755025735,13.030340755025735,100.0
1490,2,61.22108844307641,61.22108844307641,100.0
1500,0,35.841936170524924,35.841936170524924,100.0
1500,1,40.43567561623297,40.43567561623297,100.0
1500,2,23.722388213242102,23.722388213242102,100.0
1510,0,40.77284280467654,40.77284280467654,100.0
1510,1,24.207970100795166,24.207970100795166,100.0
1510,2,35.019187094528306,35.019187094528306,100.0
1520,0,58.30711743040165,58.30711743040165,100.0
1520,1,19.974729475734836,19.974729475734836,100.0
1520,2,21.718153093863528,21.718153093863528,100.0
1530,0,11.102280002582576,11.102280002582576,100.0
1530,1,10.930263252724025,10.930263252724025,100.0
1530,2,77.9674567446934,77.9674567446934,100.0
1540,0,21.740634136007266,21.740634136007266,100.0
1540,1,30.482318535258397,30.482318535258397,100.0
1540,2,47.777047328734334,47.777047328734334,100.0
1550,0,13.533507861568783,13.533507861568783,100.0
1550,1,22.50073989781892,22.50073989781892,100.0
1550,2,63.965752240612304,63.965752240612304,100.0
1560,0,45.19713745173387,45.19713745173387,100.0
1560,1,10.924214311018583,10.924214311018583,100.0
1560,2,43.878648237247546,43.878648237247546,100.0
1570,0,9.672834946169173,9.672834946169173,100.0
1570,1,44.052247119202484,44.052247119202484,100.0
1570,2,46.27491793462835,46.27491793462835,100.0
1580,0,53.00687216731369,53.00687216731369,100.0
1580,1,11.309551480092445,11.309551480092445,100.0
1580,2,35.683576352593875,35.683576352593875,100.0
1590,0,15.002153643838124,15.002153643838124,100.0
1590,1,10.91108448941533,10.91108448941533,100.0
1590,2,74.08676186674654,74.08676186674654,100.0
1600,0,43.15802137549949,43.15802137549949,100.0
1600,1,43.434488251162556,43.434488251162556,100.0
1600,2,13.407490373337946,13.407490373337946,100.0
1610,0,16.225678331109645,16.225678331109645,100.0
1610,1,71.33325211445742,71.33325211445742,100.0
1610,2,12.441069554432937,12.441069554432937,100.0
1620,0,58.40481777049891,58.40481777049891,100.0
1620,1,10.406741226125254,10.406741226125254,100.0
1620,2,31.18844100337584,31.18844100337584,100.0
1630,0,38.98177205453466,38.98177205453466,100.0
1630,1,31.389435392160063,31.389435392160063,100.0
1630,2,29.62879255330528,29.62879255330528,100.0
1640,0,48.13287663614049,48.13287663614049,100.0
1640,1,24.34546661937694,24.34546661937694,100.0
1640,2,27.521656744482577,27.521656744482577,100.0
1650,0,21.608033755171864,21.608033755171864,100.0
1650,1,11.258518157522486,11.258518157522486,100.0
1650,2,67.13344808730565,67.13344808730565,100.0
1660,0,31.51052648039958,31.51052648039958,100.0
1660,1,45.009253221153365,45.009253221153365,100.0
1660,2,23.48022029844706,23.48022029844706,100.0
1670,0,37.576749587143446,37.576749587143446,100.0
1670,1,11.067560581363804,11.067560581363804,100.0
1670,2,51.355689831492754,51.355689831492754,100.0
1680,0,30.19166404323274,30.19166404323274,100.0
1680,1,18.9497622389451,18.9497622389451,100.0
1680,2,50.85857371782215,50.85857371782215,100.0
1690,0,26.933738631582354,26.933738631582354,100.0
1690,1,25.180762978959926,25.180762978959926,100.0
1690,2,47.88549838945772,47.88549838945772,100.0
1700,0,19.001724627375577,19.001724627375577,100.0
1700,1,34.42914975035306,34.42914975035306,100.0
1700,2,46.56912562227136,46.56912562227136,100.0
1710,0,24.293965537839714,24.293965537839714,100.0
1710,1,9.876574926748624,9.876574926748624,100.0
1710,2,65.82945953541166,65.82945953541166,100.0
1720,0,26.95548260758741,26.95548260758741,100.0
1720,1,43.659314973896365,43.659314973896365,100.0
1720,2,29.385202418516233,29.385202418516233,100.0
1730,0,36.58096484218014,36.58096484218014,100.0
1730,1,35.23881023596493,35.23881023596493,100.0
1730,2,28.18022492185494,28.18022492185494,100.0
1740,0,31.182390216303123,31.182390216303123,100.0
1740,1,48.5610658902877,48.5610658902877,100.0
1740,2,20.256543893409173,20.256543893409173,100.0
1750,0,69.00510007116786,69.00510007116786,100.0
1750,1,19.064434535682448,19.064434535682448,100.0
1750,2,11.930465393149703,11.930465393149703,100.0
1760,0,47.484579435293405,47.484579435293405,100.0
1760,1,27.344568991312563,27.344568991312563,100.0
1760,2,25.17085157339402,25.17085157339402,100.0
1770,0,14.058763402409538,14.058763402409538,100.0
1770,1,11.736546134618706,11.736546134618706,100.0
1770,2,74.20469046297175,74.20469046297175,100.0
1780,0,53.700583758045205,53.700583758045205,100.0
1780,1,28.839706465190655,28.839706465190655,100.0
1780,2,17.45970977676415,17.45970977676415,100.0
1790,0,34.62738786614879,34.62738786614879,100.0
1790,1,37.15790935214442,37.15790935214442,100.0
1790,2,28.21470278170679,28.21470278170679,100.0
1800,0,44.58760453490662,44.58760453490662,100.0
1800,1,33.16810891803292,33.16810891803292,100.0
1800,2,22.244286547060472,22.244286547060472,100.0
1810,0,40.61888341120205,40.61888341120205,100.0
1810,1,11.98509809394559,11.98509809394559,100.0
1810,2,47.39601849485236,47.39601849485236,100.0
1820,0,32.40341056791295,32.40341056791295,100.0
1820,1,40.12413816620193,40.12413816620193,100.0
1820,2,27.472451265885116,27.472451265885116,100.0
1830,0,26.61486477636145,26.61486477636145,100.0
1830,1,10.016310528901712,10.016310528901712,100.0
1830,2,63.36882469473684,63.36882469473684,100.0
1840,0,44.5410164075079,44.5410164075079,100.0
1840,1,21.894654871613575,21.894654871613575,100.0
1840,2,33.564328720878535,33.564328720878535,100.0
1850,0,42.31639818260967,42.31639818260967,100.0
1850,1,25.522451520400676,25.522451520400676,100.0
1850,2,32.161150296989675,32.161150296989675,100.0
1860,0,46.60589256140421,46.60589256140421,100.0
1860,1,8.275293754507663,8.275293754507663,100.0
1860,2,45.11881368408813,45.11881368408813,100.0
1870,0,26.129893072945652,26.129893072945652,100.0
1870,1,57.27165119545986,57.27165119545986,100.0
1870,2,16.598455731594488,16.598455731594488,100.0
1880,0,22.4742910675445,22.4742910675445,100.0
1880,1,48.779505844590126,48.779505844590126,100.0
1880,2,28.746203087865368,28.746203087865368,100.0
1890,0,29.1840317588872,29.1840317588872,100.0
1890,1,13.318566928476017,13.318566928476017,100.0
1890,2,57.49740131263679,57.49740131263679,100.0
1900,0,40.19930522442299,40.19930522442299,100.0
1900,1,27.843259143308263,27.843259143308263,100.0
1900,2,31.957435632268748,31.957435632268748,100.0
1910,0,55.68978712062203,55.68978712062203,100.0
1910,1,28.98468282481794,28.98468282481794,100.0
1910,2,15.325530054560035,15.325530054560035,100.0
1920,0,16.414400733834388,16.414400733834388,100.0
1920,1,64.52419877507603,64.52419877507603,100.0
1920,2,19.06140049108957,19.06140049108957,100.0
1930,0,36.61630438945763,36.61630438945763,100.0
1930,1,31.99448067254241,31.99448067254241,100.0
1930,2,31.389214937999952,31.389214937999952,100.0
1940,0,24.889911071232024,24.889911071232024,100.0
1940,1,31.975623028704486,31.975623028704486,100.0
1940,2,43.13446590006349,43.13446590006349,100.0
1950,0,25.936150349103,25.936150349103,100.0
1950,1,10.257100907968123,10.257100907968123,100.0
1950,2,63.80674874292889,63.80674874292889,100.0
1960,0,54.2307571437726,54.2307571437726,100.0
1960,1,20.21999328261394,20.21999328261394,100.0
1960,2,25.54924957361346,25.54924957361346,100.0
1970,0,34.11176105039513,34.11176105039513,100.0
1970,1,39.355901892541915,39.355901892541915,100.0
1970,2,26.532337057062964,26.532337057062964,100.0
1980,0,19.59596819338327,19.59596819338327,100.0
1980,1,59.26547417595028,59.26547417595028,100.0
1980,2,21.138557630666437,21.138557630666437,100.0
1990,0,30.757461705009497,30.757461705009497,100.0
1990,1,12.11466697493416,12.11466697493416,100.0
1990,2,57.12787132005634,57.12787132005634,100.0
2000,0,33.19560809537456,33.19560809537456,100.0
2000,1,45.42401047877831,45.42401047877831,100.0
2000,2,21.380381425847137,21.380381425847137,100.0
2010,0,22.215038403319802,22.215038403319802,100.0
2010,1,11.685706331100281,11.685706331100281,100.0
2010,2,66.09925526557993,66.09925526557993,100.0
2020,0,27.05706531724826,27.05706531724826,100.0
2020,1,17.006804251775424,17.006804251775424,100.0
2020,2,55.93613043097633,55.93613043097633,100.0
2030,0,14.991528816189852,14.991528816189852,100.0
2030,1,39.48850827595351,39.48850827595351,100.0
2030,2,45.519962907856645,45.519962907856645,100.0
2040,0,14.86789979895452,14.86789979895452,100.0
2040,1,37.58570821552852,37.58570821552852,100.0
2040,2,47.54639198551697,47.54639198551697,100.0
2050,0,34.598375324545536,34.598375324545536,100.0
2050,1,26.24346503423739,26.24346503423739,100.0
2050,2,39.15815964121709,39.15815964121709,100.0
2060,0,70.37843711591579,70.37843711591579,100.0
2060,1,14.118774681299447,14.118774681299447,100.0
2060,2,15.502788202784762,15.502788202784762,100.0
2070,0,14.833376786314586,14.833376786314586,100.0
2070,1,12.119573771567742,12.119573771567742,100.0
2070,2,73.04704944211767,73.04704944211767,100.0
2080,0,28.02887751882885,28.02887751882885,100.0
2080,1,32.68706747447048,32.68706747447048,100.0
2080,2,39.28405500670066,39.28405500670066,100.0
2090,0,42.90356408621455,42.90356408621455,100.0
2090,1,19.726280691712258,19.726280691712258,100.0
2090,2,37.37015522207318,37.37015522207318,100.0
2100,0,26.874692984696257,26.874692984696257,100.0
2100,1,51.894841242335566,51.894841242335566,100.0
2100,2,21.230465772968177,21.230465772968177,100.0
2110,0,51.15662549787482,51.15662549787482,100.0
2110,1,29.56702345980688,29.56702345980688,100.0
2110,2,19.27635104231831,19.27635104231831,100.0
2120,0,47.78934739154834,47.78934739154834,100.0
2120,1,33.31527964484433,33.31527964484433,100.0
2120,2,18.895372963607326,18.895372963607326,100.0
2130,0,15.302826669359554,15.302826669359554,100.0
2130,1,13.629949567355567,13.629949567355567,100.0
2130,2,71.06722376328489,71.06722376328489,100.0
2140,0,36.632513809051744,36.632513809051744,100.0
2140,1,43.708722625106184,43.708722625106184,100.0
2140,2,19.658763565842065,19.658763565842065,100.0
2150,0,45.38758939337154,45.38758939337154,100.0
2150,1,20.231689896258455,20.231689896258455,100.0
2150,2,34.380720710370014,34.380720710370014,100.0
2160,0,47.550437693725364,47.550437693725364,100.0
2160,1,19.09721879081993,19.09721879081993,100.0
2160,2,33.35234351545471,33.35234351545471,100.0
2170,0,21.901428442882047,21.901428442882047,100.0
2170,1,22.62347967972545,22.62347967972545,100.0
2170,2,55.4750918773925,55.4750918773925,100.0
2180,0,17.474479795371852,17.474479795371852,100.0
2180,1,66.15119486144361,66.15119486144361,100.0
2180,2,16.37432534318453,16.37432534318453,100.0
2190,0,40.26235390786242,40.26235390786242,100.0
2190,1,20.844295347245296,20.844295347245296,100.0
2190,2,38.89335074489229,38.89335074489229,100.0
2200,0,54.72525082855226,54.72525082855226,100.0
2200,1,12.08910475096828,12.08910475096828,100.0
2200,2,33.18564442047946,33.18564442047946,100.0
2210,0,45.48460397249252,45.48460397249252,100.0
2210,1,7.372237660002029,7.372237660002029,100.0
2210,2,47.14315836750545,47.14315836750545,100.0
2220,0,58.10068248415748,58.10068248415748,100.0
2220,1,16.27106697627763,16.27106697627763,100.0
2220,2,25.628250539564885,25.628250539564885,100.0
2230,0,19.36702568349781,19.36702568349781,100.0
2230,1,15.053031794166294,15.053031794166294,100.0
2230,2,65.5799425223359,65.5799425223359,100.0
2240,0,34.55724469029192,34.55724469029192,100.0
2240,1,25.868364762565548,25.868364762565548,100.0
2240,2,39.57439054714253,39.57439054714253,100.0
2250,0,15.630099664993779,15.630099664993779,100.0
2250,1,13.596975678072035,13.596975678072035,100.0
2250,2,70.7729246569342,70.7729246569342,100.0
2260,0,32.92251410988734,32.92251410988734,100.0
2260,1,49.28935172570565,49.28935172570565,100.0
2260,2,17.78813416440702,17.78813416440702,100.0
2270,0,24.285190006268735,24.285190006268735,100.0
2270,1,29.479837725024787,29.479837725024787,100.0
2270,2,46.23497226870648,46.23497226870648,100.0
2280,0,52.79179212062122,52.79179212062122,100.0
2280,1,9.214796048382787,9.214796048382787,100.0
2280,2,37.993411830995996,37.993411830995996,100.0
2290,0,58.0311115291999,58.0311115291999,100.0
2290,1,21.1056337790125,21.1056337790125,100.0
2290,2,20.86325469178761,20.86325469178761,100.0
2300,0,59.54214128300372,59.54214128300372,100.0
2300,1,26.46155851005105,26.46155851005105,100.0
2300,2,13.996300206945229,13.996300206945229,100.0
2310,0,15.499953997904441,15.499953997904441,100.0
2310,1,15.572634672299557,15.572634672299557,100.0
2310,2,68.927411329796,68.927411329796,100.0
2320,0,20.689113171488092,20.689113171488092,100.0
2320,1,14.209744425526083,14.209744425526083,100.0
2320,2,65.10114240298583,65.10114240298583,100.0
2330,0,47.24647809664808,47.24647809664808,100.0
2330,1,33.6861151234985,33.6861151234985,100.0
2330,2,19.067406779853407,19.067406779853407,100.0
2340,0,23.64751883889794,23.64751883889794,100.0
2340,1,38.10857978503922,38.10857978503922,100.0
2340,2,38.24390137606284,38.24390137606284,100.0
2350,0,63.011863963615056,63.011863963615056,100.0
2350,1,16.59561391634999,16.59561391634999,100.0
2350,2,20.392522120034958,20.392522120034958,100.0
2360,0,24.553476724631636,24.553476724631636,100.0
2360,1,64.837843308013,64.837843308013,100.0
2360,2,10.608679967355346,10.608679967355346,100.0
2370,0,44.715946291628164,44.715946291628164,100.0
2370,1,10.842015255277694,10.842015255277694,100.0
2370,2,44.44203845309414,44.44203845309414,100.0
2380,0,29.065034320438226,29.065034320438226,100.0
2380,1,14.928197692085368,14.928197692085368,100.0
2380,2,56.0067679874764,56.0067679874764,100.0
2390,0,42.944061572442,42.944061572442,100.0
2390,1,20.692763180747914,20.692763180747914,100.0
2390,2,36.36317524681009,36.36317524681009,100.0
2400,0,59.97792385732112,59.97792385732112,100.0
2400,1,15.608304206522769,15.608304206522769,100.0
2400,2,24.4137719361561,24.4137719361561,100.0
2410,0,47.0817886219786,47.0817886219786,100.0
2410,1,44.76033648399379,44.76033648399379,100.0
2410,2,8.157874894027609,8.157874894027609,100.0
2420,0,60.32938060120689,60.32938060120689,100.0
2420,1,14.533441746718792,14.533441746718792,100.0
2420,2,25.13717765207432,25.13717765207432,100.0
2430,0,20.09341416726108,20.09341416726108,100.0
2430,1,11.566764099771385,11.566764099771385,100.0
2430,2,68.33982173296754,68.33982173296754,100.0
2440,0,51.57010982024538,51.57010982024538,100.0
2440,1,10.567092273553728,10.567092273553728,100.0
2440,2,37.8627979062009,37.8627979062009,100.0
2450,0,24.7852036997385,24.7852036997385,100.0
2450,1,41.07121180849309,41.07121180849309,100.0
2450,2,34.14358449176841,34.14358449176841,100.0
2460,0,64.08550972508394,64.08550972508394,100.0
2460,1,12.842315576913693,12.842315576913693,100.0
2460,2,23.072174698002375,23.072174698002375,100.0
2470,0,30.70631512716065,30.70631512716065,100.0
2470,1,32.59090190585413,32.59090190585413,100.0
2470,2,36.70278296698522,36.70278296698522,100.0
2480,0,26.498980301478674,26.498980301478674,100.0
2480,1,44.549935708057134,44.549935708057134,100.0
2480,2,28.951083990464195,28.951083990464195,100.0
2490,0,14.367515685338663,14.367515685338663,100.0
2490,1,13.702866325044594,13.702866325044594,100.0
2490,2,71.92961798961674,71.92961798961674,100.0
2500,0,49.8530946302932,49.8530946302932,100.0
2500,1,28.94103754466157,28.94103754466157,100.0
2500,2,21.20586782504524,21.20586782504524,100.0
2510,0,29.140966890850173,29.140966890850173,100.0
2510,1,59.60618460317569,59.60618460317569,100.0
2510,2,11.252848505974134,11.252848505974134,100.0
2520,0,67.06993192377169,67.06993192377169,100.0
2520,1,16.404752763529416,16.404752763529416,100.0
2520,2,16.52531531269889,16.52531531269889,100.0
2530,0,55.671477553027934,55.671477553027934,100.0
2530,1,21.92122586774011,21.92122586774011,100.0
2530,2,22.40729657923195,22.40729657923195,100.0
2540,0,20.084520947861485,20.084520947861485,100.0
2540,1,65.15744228510232,65.15744228510232,100.0
2540,2,14.758036767036199,14.758036767036199,100.0
2550,0,24.411294996013737,24.411294996013737,100.0
2550,1,46.56658722614574,46.56658722614574,100.0
2550,2,29.022117777840528,29.022117777840528,100.0
2560,0,34.765920817386615,34.765920817386615,100.0
2560,1,36.537818016832304,36.537818016832304,100.0
2560,2,28.696261165781085,28.696261165781085,100.0
2570,0,67.91300542331273,67.91300542331273,100.0
2570,1,13.59901766132501,13.59901766132501,100.0
2570,2,18.487976915362275,18.487976915362275,100.0
2580,0,54.38453233685235,54.38453233685235,100.0
2580,1,33.3085802969662,33.3085802969662,100.0
2580,2,12.306887366181455,12.306887366181455,100.0
2590,0,47.31177817404288,47.31177817404288,100.0
2590,1,30.350145978448833,30.350145978448833,100.0
2590,2,22.338075847508293,22.338075847508293,100.0
2600,0,73.12385697777417,73.12385697777417,100.0
2600,1,14.49418859493415,14.49418859493415,100.0
2600,2,12.381954427291685,12.381954427291685,100.0
2610,0,17.930936039218174,17.930936039218174,100.0
2610,1,10.972117627632501,10.972117627632501,100.0
2610,2,71.09694633314932,71.09694633314932,100.0
2620,0,18.80919915866377,18.80919915866377,100.0
2620,1,22.72818377439484,22.72818377439484,100.0
2620,2,58.46261706694139,58.46261706694139,100.0
2630,0,10.974706937385559,10.974706937385559,100.0
2630,1,57.470664071410226,57.470664071410226,100.0
2630,2,31.554628991204215,31.554628991204215,100.0
2640,0,35.4834053093879,35.4834053093879,100.0
2640,1,34.450563941780224,34.450563941780224,100.0
2640,2,30.066030748831885,30.066030748831885,100.0
2650,0,63.31816975733644,63.31816975733644,100.0
2650,1,21.89366047823241,21.89366047823241,100.0
2650,2,14.788169764431148,14.788169764431148,100.0
2660,0,40.0769649205393,40.0769649205393,100.0
2660,1,16.44125571712189,16.44125571712189,100.0
2660,2,43.48177936233883,43.48177936233883,100.0
2670,0,13.45162206226736,13.45162206226736,100.0
2670,1,11.810563252981439,11.810563252981439,100.0
2670,2,74.7378146847512,74.7378146847512,100.0
2680,0,74.47207701334857,74.47207701334857,100.0
2680,1,14.645307560265769,14.645307560265769,100.0
2680,2,10.882615426385662,10.882615426385662,100.0
2690,0,39.98748744239033,39.98748744239033,100.0
2690,1,49.35412962022132,49.35412962022132,100.0
2690,2,10.658382937388339,10.658382937388339,100.0
2700,0,35.75337164961551,35.75337164961551,100.0
2700,1,46.682272456356735,46.682272456356735,100.0
2700,2,17.564355894027763,17.564355894027763,100.0
2710,0,45.63923844175443,45.63923844175443,100.0
2710,1,37.151679137747415,37.151679137747415,100.0
2710,2,17.209082420498166,17.209082420498166,100.0
2720,0,41.025292953453324,41.025292953453324,100.0
2720,1,32.95746607799938,32.95746607799938,100.0
2720,2,26.017240968547302,26.017240968547302,100.0
2730,0,18.014541496225743,18.014541496225743,100.0
2730,1,10.505994463468092,10.505994463468092,100.0
2730,2,71.47946404030617,71.47946404030617,100.0
2740,0,43.701143899360915,43.701143899360915,100.0
2740,1,20.046280732399328,20.046280732399328,100.0
2740,2,36.25257536823975,36.25257536823975,100.0
2750,0,32.4194884406822,32.4194884406822,100.0
2750,1,15.366044189484604,15.366044189484604,100.0
2750,2,52.21446736983321,52.21446736983321,100.0
2760,0,31.60395527280325,31.60395527280325,100.0
2760,1,15.368829833378383,15.368829833378383,100.0
2760,2,53.02721489381837,53.02721489381837,100.0
2770,0,65.19313645209681,65.19313645209681,100.0
2770,1,13.949858358691964,13.949858358691964,100.0
2770,2,20.857005189211243,20.857005189211243,100.0
2780,0,42.30815599123516,42.30815599123516,100.0
2780,1,23.23217608585971,23.23217608585971,100.0
2780,2,34.459667922905126,34.459667922905126,100.0
2790,0,13.156384252451014,13.156384252451014,100.0
2790,1,20.622557956984537,20.622557956984537,100.0
2790,2,66.22105779056446,66.22105779056446,100.0
2800,0,25.15551923292377,25.15551923292377,100.0
2800,1,28.919692919311135,28.919692919311135,100.0
2800,2,45.9247878477651,45.9247878477651,100.0
2810,0,28.75154447812579,28.75154447812579,100.0
2810,1,43.657600805556484,43.657600805556484,100.0
2810,2,27.590854716317725,27.590854716317725,100.0
2820,0,19.871110784905476,19.871110784905476,100.0
2820,1,27.246400325287446,27.246400325287446,100.0
2820,2,52.88248888980708,52.88248888980708,100.0
2830,0,24.162326663158655,24.162326663158655,100.0
2830,1,62.74231095405759,62.74231095405759,100.0
2830,2,13.095362382783756,13.095362382783756,100.0
2840,0,63.19096341202888,63.19096341202888,100.0
2840,1,11.997271762675668,11.997271762675668,100.0
2840,2,24.81176482529546,24.81176482529546,100.0
2850,0,18.18755025306243,18.18755025306243,100.0
2850,1,11.75940347559443,11.75940347559443,100.0
2850,2,70.05304627134315,70.05304627134315,100.0
2860,0,27.982639942024395,27.982639942024395,100.0
2860,1,44.77202667267561,44.77202667267561,100.0
2860,2,27.245333385299997,27.245333385299997,100.0
2870,0,43.543106955830964,43.543106955830964,100.0
2870,1,41.19822151022874,41.19822151022874,100.0
2870,2,15.258671533940294,15.258671533940294,100.0
2880,0,57.855068453736436,57.855068453736436,100.0
2880,1,21.22043908048595,21.22043908048595,100.0
2880,2,20.92449246577763,20.92449246577763,100.0
2890,0,46.24460339645465,46.24460339645465,100.0
2890,1,25.68376323759636,25.68376323759636,100.0
2890,2,28.071633365948983,28.071633365948983,100.0
2900,0,65.23807441805876,65.23807441805876,100.0
2900,1,22.737032028998296,22.737032028998296,100.0
2900,2,12.024893552942945,12.024893552942945,100.0
2910,0,26.87058150070626,26.87058150070626,100.0
2910,1,11.801401017697666,11.801401017697666,100.0
2910,2,61.32801748159608,61.32801748159608,100.0
2920,0,34.776350563864696,34.776350563864696,100.0
2920,1,16.9342327539066,16.9342327539066,100.0
2920,2,48.2894166822287,48.2894166822287,100.0
2930,0,62.40087425874455,62.40087425874455,100.0
2930,1,21.233778816595397,21.233778816595397,100.0
2930,2,16.36534692466005,16.36534692466005,100.0
2940,0,48.53639556577115,48.53639556577115,100.0
2940,1,37.16600896749133,37.16600896749133,100.0
2940,2,14.29759546673752,14.29759546673752,100.0
2950,0,25.494675582809894,25.494675582809894,100.0
2950,1,62.158233382008596,62.158233382008596,100.0
2950,2,12.347091035181506,12.347091035181506,100.0
2960,0,49.98666985782396,49.98666985782396,100.0
2960,1,26.13048761818582,26.13048761818582,100.0
2960,2,23.88284252399021,23.88284252399021,100.0
2970,0,38.5612108992928,38.5612108992928,100.0
2970,1,8.96012439588948,8.96012439588948,100.0
2970,2,52.478664704817724,52.478664704817724,100.0
2980,0,14.420412636395858,14.420412636395858,100.0
2980,1,72.14250867867145,72.14250867867145,100.0
2980,2,13.437078684932697,13.437078684932697,100.0
2990,0,44.189469195843785,44.189469195843785,100.0
2990,1,15.11487005770723,15.11487005770723,100.0
2990,2,40.695660746448986,40.695660746448986,100.0
3000,0,40.75797243303211,40.75797243303211,100.0
3000,1,14.116882733001269,14.116882733001269,100.0
3000,2,45.125144833966615,45.125144833966615,100.0
3010,0,26.651766742989473,26.651766742989473,100.0
3010,1,22.115366006627664,22.115366006627664,100.0
3010,2,51.23286725038286,51.23286725038286,100.0
3020,0,32.54452535592651,32.54452535592651,100.0
3020,1,18.011578112002404,18.011578112002404,100.0
3020,2,49.44389653207109,49.44389653207109,100.0
3030,0,20.94163090570727,20.94163090570727,100.0
3030,1,16.33277411360022,16.33277411360022,100.0
3030,2,62.72559498069251,62.72559498069251,100.0
3040,0,29.752059325593887,29.752059325593887,100.0
3040,1,25.77230420364159,25.77230420364159,100.0
3040,2,44.47563647076453,44.47563647076453,100.0
3050,0,19.139617770319585,19.139617770319585,100.0
3050,1,36.8098459351147,36.8098459351147,100.0
3050,2,44.05053629456572,44.05053629456572,100.0
3060,0,58.17646297836565,58.17646297836565,100.0
3060,1,9.69025373282916,9.69025373282916,100.0
3060,2,32.13328328880519,32.13328328880519,100.0
3070,0,38.77975162259612,38.77975162259612,100.0
3070,1,43.23125423471368,43.23125423471368,100.0
3070,2,17.988994142690203,17.988994142690203,100.0
3080,0,43.70746541090089,43.70746541090089,100.0
3080,1,43.778806175439875,43.778806175439875,100.0
3080,2,12.513728413659233,12.513728413659233,100.0
3090,0,11.09483280567395,11.09483280567395,100.0
3090,1,19.578298797560645,19.578298797560645,100.0
3090,2,69.3268683967654,69.3268683967654,100.0
3100,0,44.68153767176731,44.68153767176731,100.0
3100,1,19.82329850121555,19.82329850121555,100.0
3100,2,35.49516382701714,35.49516382701714,100.0
3110,0,42.03446397503992,42.03446397503992,100.0
3110,1,21.7534623983842,21.7534623983842,100.0
3110,2,36.21207362657587,36.21207362657587,100.0
3120,0,53.1148104227127,53.1148104227127,100.0
3120,1,26.298108398668756,26.298108398668756,100.0
3120,2,20.587081178618543,20.587081178618543,100.0
3130,0,17.72072665453799,17.72072665453799,100.0
3130,1,11.923290171745576,11.923290171745576,100.0
3130,2,70.35598317371642,70.35598317371642,100.0
3140,0,14.283511041349179,14.283511041349179,100.0
3140,1,32.13584565654117,32.13584565654117,100.0
3140,2,53.58064330210964,53.58064330210964,100.0
3150,0,31.717286188835246,31.717286188835246,100.0
3150,1,8.704176480290728,8.704176480290728,100.0
3150,2,59.57853733087403,59.57853733087403,100.0
3160,0,47.43575073517993,47.43575073517993,100.0
3160,1,10.968246087888964,10.968246087888964,100.0
3160,2,41.59600317693111,41.59600317693111,100.0
3170,0,51.71972454760992,51.71972454760992,100.0
3170,1,24.440180164576194,24.440180164576194,100.0
3170,2,23.840095287813874,23.840095287813874,100.0
3180,0,27.89269634584293,27.89269634584293,100.0
3180,1,30.946277920381622,30.946277920381622,100.0
3180,2,41.16102573377546,41.16102573377546,100.0
3190,0,63.858058377050064,63.858058377050064,100.0
3190,1,26.267117127146083,26.267117127146083,100.0
3190,2,9.874824495803857,9.874824495803857,100.0
3200,0,44.9721406644249,44.9721406644249,100.0
3200,1,44.83033317015514,44.83033317015514,100.0
3200,2,10.197526165419953,10.197526165419953,100.0
3210,0,22.457417928713014,22.457417928713014,100.0
3210,1,10.748437699763187,10.748437699763187,100.0
3210,2,66.7941443715238,66.7941443715238,100.0
3220,0,33.059007785804546,33.059007785804546,100.0
3220,1,20.336109430181317,20.336109430181317,100.0
3220,2,46.60488278401414,46.60488278401414,100.0
3230,0,38.270888079840475,38.270888079840475,100.0
3230,1,47.83771388529996,47.83771388529996,100.0
3230,2,13.891398034859565,13.891398034859565,100.0
3240,0,35.38656514708018,35.38656514708018,100.0
3240,1,17.006194993597376,17.006194993597376,100.0
3240,2,47.60723985932245,47.60723985932245,100.0
3250,0,29.411361070449644,29.411361070449644,100.0
3250,1,10.542948596947854,10.542948596947854,100.0
3250,2,60.0456903326025,60.0456903326025,100.0
3260,0,41.65749692189906,41.65749692189906,100.0
3260,1,13.059093640422791,13.059093640422791,100.0
3260,2,45.28340943767816,45.28340943767816,100.0
3270,0,13.166744679506875,13.166744679506875,100.0
3270,1,12.680727238479303,12.680727238479303,100.0
3270,2,74.15252808201383,74.15252808201383,100.0
3280,0,19.19265926396725,19.19265926396725,100.0
3280,1,29.28169984880916,29.28169984880916,100.0
3280,2,51.52564088722359,51.52564088722359,100.0
3290,0,61.81453232727313,61.81453232727313,100.0
3290,1,17.09111973654985,17.09111973654985,100.0
3290,2,21.094347936177016,21.094347936177016,100.0
3300,0,38.19331846928126,38.19331846928126,100.0
3300,1,17.195955620511445,17.195955620511445,100.0
3300,2,44.610725910207286,44.610725910207286,100.0
3310,0,29.699017386034026,29.699017386034026,100.0
3310,1,49.904404258267505,49.904404258267505,100.0
3310,2,20.396578355698477,20.396578355698477,100.0
3320,0,38.78620077701148,38.78620077701148,100.0
3320,1,15.9254727512756,15.9254727512756,100.0
3320,2,45.28832647171293,45.28832647171293,100.0
3330,0,17.63667738130721,17.63667738130721,100.0
3330,1,10.980826985744105,10.980826985744105,100.0
3330,2,71.38249563294869,71.38249563294869,100.0
3340,0,39.31165307587951,39.31165307587951,100.0
3340,1,31.173995209724136,31.173995209724136,100.0
3340,2,29.51435171439636,29.51435171439636,100.0
3350,0,29.183762570620388,29.183762570620388,100.0
3350,1,31.48443146875654,31.48443146875654,100.0
3350,2,39.33180596062308,39.33180596062308,100.0
3360,0,29.14271695553555,29.14271695553555,100.0
3360,1,19.577834916513602,19.577834916513602,100.0
3360,2,51.27944812795086,51.27944812795086,100.0
3370,0,22.712124859611443,22.712124859611443,100.0
3370,1,14.1069223056872,14.1069223056872,100.0
3370,2,63.180952834701365,63.180952834701365,100.0
3380,0,19.995353536800785,19.995353536800785,100.0
3380,1,61.66451880403978,61.66451880403978,100.0
3380,2,18.340127659159428,18.340127659159428,100.0
3390,0,40.08479654661109,40.08479654661109,100.0
3390,1,13.954828045065787,13.954828045065787,100.0
3390,2,45.96037540832313,45.96037540832313,100.0
3400,0,20.87487187654343,20.87487187654343,100.0
3400,1,31.892163157986776,31.892163157986776,100.0
3400,2,47.2329649654698,47.2329649654698,100.0
3410,0,55.632842955938166,55.632842955938166,100.0
3410,1,15.900971589068991,15.900971589068991,100.0
3410,2,28.46618545499285,28.46618545499285,100.0
3420,0,16.691820248075167,16.691820248075167,100.0
3420,1,24.08174135407264,24.08174135407264,100.0
3420,2,59.226438397852185,59.226438397852185,100.0
3430,0,45.27552525535283,45.27552525535283,100.0
3430,1,21.2022890456645,21.2022890456645,100.0
3430,2,33.52218569898267,33.52218569898267,100.0
3440,0,42.00746680117824,42.00746680117824,100.0
3440,1,36.42142386171267,36.42142386171267,100.0
3440,2,21.5711093371091,21.5711093371091,100.0
3450,0,10.821520611187221,10.821520611187221,100.0
3450,1,12.818842440273986,12.818842440273986,100.0
3450,2,76.3596369485388,76.3596369485388,100.0
3460,0,41.54748303404608,41.54748303404608,100.0
3460,1,47.984094903256015,47.984094903256015,100.0
3460,2,10.468422062697902,10.468422062697902,100.0
3470,0,39.70959436073995,39.70959436073995,100.0
3470,1,21.642184629663767,21.642184629663767,100.0
3470,2,38.64822100959629,38.64822100959629,100.0
3480,0,24.296809918986824,24.296809918986824,100.0
3480,1,41.79565145053606,41.79565145053606,100.0
3480,2,33.90753863047711,33.90753863047711,100.0
3490,0,23.063328604702527,23.063328604702527,100.0
3490,1,56.24341192371314,56.24341192371314,100.0
3490,2,20.69325947158433,20.69325947158433,100.0
3500,0,46.754697557800654,46.754697557800654,100.0
3500,1,31.424846144656925,31.424846144656925,100.0
3500,2,21.820456297542425,21.820456297542425,100.0
3510,0,15.435272785798492,15.435272785798492,100.0
3510,1,12.924078740649156,12.924078740649156,100.0
3510,2,71.64064847355236,71.64064847355236,100.0
3520,0,45.260522823205704,45.260522823205704,100.0
3520,1,26.924294547167282,26.924294547167282,100.0
3520,2,27.81518262962702,27.81518262962702,100.0
3530,0,26.80537134383828,26.80537134383828,100.0
3530,1,14.226284206545529,14.226284206545529,100.0
3530,2,58.9683444496162,58.9683444496162,100.0
3540,0,12.16896028100032,12.16896028100032,100.0
3540,1,63.57474454198865,63.57474454198865,100.0
3540,2,24.256295177011037,24.256295177011037,100.0
3550,0,30.013138220459325,30.013138220459325,100.0
3550,1,34.37472324223358,34.37472324223358,100.0
3550,2,35.6121385373071,35.6121385373071,100.0
3560,0,54.778093697403776,54.778093697403776,100.0
3560,1,19.066291076163537,19.066291076163537,100.0
3560,2,26.155615226432698,26.155615226432698,100.0
3570,0,12.239248682458456,12.239248682458456,100.0
3570,1,11.7050894535325,11.7050894535325,100.0
3570,2,76.05566186400904,76.05566186400904,100.0
3580,0,39.444208168691866,39.444208168691866,100.0
3580,1,48.74483846478236,48.74483846478236,100.0
3580,2,11.810953366525787,11.810953366525787,100.0
3590,0,62.27854205256166,62.27854205256166,100.0
3590,1,22.550831107683916,22.550831107683916,100.0
3590,2,15.170626839754437,15.170626839754437,100.0
3600,0,35.1966681859983,35.1966681859983,100.0
3600,1,38.234963892632265,38.234963892632265,100.0
3600,2,26.568367921369436,26.568367921369436,100.0
3610,0,35.52142211395237,35.52142211395237,100.0
3610,1,46.597226646386936,46.597226646386936,100.0
3610,2,17.88135123966071,17.88135123966071,100.0
3620,0,23.55010549274966,23.55010549274966,100.0
3620,1,50.70370554461703,50.70370554461703,100.0
3620,2,25.74618896263332,25.74618896263332,100.0
3630,0,14.700437285273582,14.700437285273582,100.0
3630,1,12.156368907346854,12.156368907346854,100.0
3630,2,73.14319380737957,73.14319380737957,100.0
3640,0,23.26403345997709,23.26403345997709,100.0
3640,1,32.963342493544026,32.963342493544026,100.0
3640,2,43.772624046478875,43.772624046478875,100.0
3650,0,22.74582521201152,22.74582521201152,100.0
3650,1,14.285651095354309,14.285651095354309,100.0
3650,2,62.96852369263417,62.96852369263417,100.0
3660,0,53.4529974993351,53.4529974993351,100.0
3660,1,25.706130930466635,25.706130930466635,100.0
3660,2,20.84087157019827,20.84087157019827,100.0
3670,0,67.9204177715789,67.9204177715789,100.0
3670,1,17.017968451021922,17.017968451021922,100.0
3670,2,15.061613777399174,15.061613777399174,100.0
3680,0,43.376680044946625,43.376680044946625,100.0
3680,1,17.34037414725674,17.34037414725674,100.0
3680,2,39.28294580779664,39.28294580779664,100.0
3690,0,17.677751758152674,17.677751758152674,100.0
3690,1,15.215613569426237,15.215613569426237,100.0
3690,2,67.1066346724211,67.1066346724211,100.0
3700,0,45.836950391993334,45.836950391993334,100.0
3700,1,35.521462752884666,35.521462752884666,100.0
3700,2,18.641586855122007,18.641586855122007,100.0
3710,0,26.8614279636009,26.8614279636009,100.0
3710,1,10.896820583972755,10.896820583972755,100.0
3710,2,62.24175145242634,62.24175145242634,100.0
3720,0,41.3943798102415,41.3943798102415,100.0
3720,1,24.661690039323332,24.661690039323332,100.0
3720,2,33.94393015043518,33.94393015043518,100.0
3730,0,19.33958371306137,19.33958371306137,100.0
3730,1,44.085158014053036,44.085158014053036,100.0
3730,2,36.5752582728856,36.5752582728856,100.0
3740,0,32.79771495231716,32.79771495231716,100.0
3740,1,14.64207839942085,14.64207839942085,100.0
3740,2,52.56020664826199,52.56020664826199,100.0
3750,0,46.3444033885189,46.3444033885189,100.0
3750,1,11.912989068530468,11.912989068530468,100.0
3750,2,41.74260754295064,41.74260754295064,100.0
3760,0,16.297989021101326,16.297989021101326,100.0
3760,1,12.706471769559224,12.706471769559224,100.0
3760,2,70.99553920933946,70.99553920933946,100.0
3770,0,53.91686307217319,53.91686307217319,100.0
3770,1,24.332199460792488,24.332199460792488,100.0
3770,2,21.75093746703432,21.75093746703432,100.0
3780,0,64.92726287385452,64.92726287385452,100.0
3780,1,17.350879841326197,17.350879841326197,100.0
3780,2,17.721857284819293,17.721857284819293,100.0
3790,0,27.509972770892244,27.509972770892244,100.0
3790,1,10.854804321412717,10.854804321412717,100.0
3790,2,61.635222907695045,61.635222907695045,100.0
3800,0,38.4278375210463,38.4278375210463,100.0
3800,1,30.660940422593903,30.660940422593903,100.0
3800,2,30.911222056359794,30.911222056359794,100.0
3810,0,36.816662626789196,36.816662626789196,100.0
3810,1,17.215061619299405,17.215061619299405,100.0
3810,2,45.9682757539114,45.9682757539114,100.0
3820,0,11.830634083205563,11.830634083205563,100.0
3820,1,62.73544660164482,62.73544660164482,100.0
3820,2,25.433919315149613,25.433919315149613,100.0
3830,0,63.68030352686252,63.68030352686252,100.0
3830,1,25.586392679350205,25.586392679350205,100.0
3830,2,10.733303793787279,10.733303793787279,100.0
3840,0,23.115075702858864,23.115075702858864,100.0
3840,1,51.67551972994271,51.67551972994271,100.0
3840,2,25.20940456719844,25.20940456719844,100.0
3850,0,30.442515519293305,30.442515519293305,100.0
3850,1,44.58262114751304,44.58262114751304,100.0
3850,2,24.97486333319364,24.97486333319364,100.0
3860,0,47.33782568362907,47.33782568362907,100.0
3860,1,43.75589804330708,43.75589804330708,100.0
3860,2,8.906276273063856,8.906276273063856,100.0
3870,0,14.838849948758526,14.838849948758526,100.0
3870,1,11.89227828964097,11.89227828964097,100.0
3870,2,73.26887176160052,73.26887176160052,100.0
3880,0,39.55605646193071,39.55605646193071,100.0
3880,1,37.302982019689,37.302982019689,100.0
3880,2,23.14096151838031,23.14096151838031,100.0
3890,0,43.21329834043372,43.21329834043372,100.0
3890,1,36.12259943208163,36.12259943208163,100.0
3890,2,20.664102227484648,20.664102227484648,100.0
3900,0,32.438601826940946,32.438601826940946,100.0
3900,1,52.855738544067954,52.855738544067954,100.0
3900,2,14.7056596289911,14.7056596289911,100.0
3910,0,15.366396004372657,15.366396004372657,100.0
3910,1,33.90485965644769,33.90485965644769,100.0
3910,2,50.728744339179656,50.728744339179656,100.0
3920,0,16.69103225672293,16.69103225672293,100.0
3920,1,61.93068757397422,61.93068757397422,100.0
3920,2,21.378280169302847,21.378280169302847,100.0
3930,0,32.34079168583819,32.34079168583819,100.0
3930,1,19.98183368565797,19.98183368565797,100.0
3930,2,47.67737462850384,47.67737462850384,100.0
3940,0,39.39958291267972,39.39958291267972,100.0
3940,1,34.84785745110903,34.84785745110903,100.0
3940,2,25.752559636211263,25.752559636211263,100.0
3950,0,38.36487138884009,38.36487138884009,100.0
3950,1,50.66687517157178,50.66687517157178,100.0
3950,2,10.968253439588135,10.968253439588135,100.0
3960,0,60.738017810750975,60.738017810750975,100.0
3960,1,13.506930681383778,13.506930681383778,100.0
3960,2,25.755051507865257,25.755051507865257,100.0
3970,0,10.919275978341386,10.919275978341386,100.0
3970,1,53.19481079064104,53.19481079064104,100.0
3970,2,35.88591323101757,35.88591323101757,100.0
3980,0,28.76081503850683,28.76081503850683,100.0
3980,1,30.56047639442679,30.56047639442679,100.0
3980,2,40.67870856706639,40.67870856706639,100.0
3990,0,20.824624429037762,20.824624429037762,100.0
3990,1,11.830207865179558,11.830207865179558,100.0
3990,2,67.34516770578267,67.34516770578267,100.0
4000,0,53.14665578024081,53.14665578024081,100.0
4000,1,23.213348207751114,23.213348207751114,100.0
4000,2,23.639996012008073,23.639996012008073,100.0
4010,0,31.484597669369553,31.484597669369553,100.0
4010,1,15.941595066422792,15.941595066422792,100.0
4010,2,52.57380726420766,52.57380726420766,100.0
4020,0,64.36586454387258,64.36586454387258,100.0
4020,1,10.434507454802336,10.434507454802336,100.0
4020,2,25.199628001325085,25.199628001325085,100.0
4030,0,43.31087894822424,43.31087894822424,100.0
4030,1,36.37232652370401,36.37232652370401,100.0
4030,2,20.316794528071735,20.316794528071735,100.0
4040,0,10.60229790583686,10.60229790583686,100.0
4040,1,36.698596385077735,36.698596385077735,100.0
4040,2,52.6991057090854,52.6991057090854,100.0
4050,0,15.881038910357223,15.881038910357223,100.0
4050,1,21.041367410861575,21.041367410861575,100.0
4050,2,63.077593678781206,63.077593678781206,100.0
4060,0,17.956021668738316,17.956021668738316,100.0
4060,1,69.29870372426018,69.29870372426018,100.0
4060,2,12.745274607001505,12.745274607001505,100.0
4070,0,17.181823797384503,17.181823797384503,100.0
4070,1,14.202508820484608,14.202508820484608,100.0
4070,2,68.6156673821309,68.6156673821309,100.0
4080,0,19.679641562844036,19.679641562844036,100.0
4080,1,32.95959453727734,32.95959453727734,100.0
4080,2,47.36076389987864,47.36076389987864,100.0
4090,0,58.61772250475848,58.61772250475848,100.0
4090,1,13.429205727584371,13.429205727584371,100.0
4090,2,27.95307176765715,27.95307176765715,100.0
4100,0,44.054485906575856,44.054485906575856,100.0
4100,1,40.56621863073339,40.56621863073339,100.0
4100,2,15.379295462690756,15.379295462690756,100.0
4110,0,10.763318749672393,10.763318749672393,100.0
4110,1,18.35431128072658,18.35431128072658,100.0
4110,2,70.88236996960103,70.88236996960103,100.0
4120,0,55.32251009135807,55.32251009135807,100.0
4120,1,18.29877316886434,18.29877316886434,100.0
4120,2,26.378716739777598,26.378716739777598,100.0
4130,0,54.24685801731614,54.24685801731614,100.0
4130,1,29.793341755598075,29.793341755598075,100.0
4130,2,15.959800227085779,15.959800227085779,100.0
4140,0,37.105223118688116,37.105223118688116,100.0
4140,1,13.08345524456232,13.08345524456232,100.0
4140,2,49.81132163674957,49.81132163674957,100.0
4150,0,22.032480547446482,22.032480547446482,100.0
4150,1,49.08060926356944,49.08060926356944,100.0
4150,2,28.88691018898407,28.88691018898407,100.0
4160,0,11.534640803411845,11.534640803411845,100.0
4160,1,46.66262305130605,46.66262305130605,100.0
4160,2,41.802736145282104,41.802736145282104,100.0
4170,0,28.146035562039785,28.146035562039785,100.0
4170,1,10.640130845033129,10.640130845033129,100.0
4170,2,61.21383359292709,61.21383359292709,100.0
4180,0,36.622160146875096,36.622160146875096,100.0
4180,1,40.48388076274512,40.48388076274512,100.0
4180,2,22.893959090379784,22.893959090379784,100.0
4190,0,39.95946394372988,39.95946394372988,100.0
4190,1,50.55072924062315,50.55072924062315,100.0
4190,2,9.489806815646979,9.489806815646979,100.0
4200,0,40.81421565730659,40.81421565730659,100.0
4200,1,27.305908074067997,27.305908074067997,100.0
4200,2,31.879876268625413,31.879876268625413,100.0
4210,0,12.98573816397393,12.98573816397393,100.0
4210,1,23.3755171474379,23.3755171474379,100.0
4210,2,63.638744688588176,63.638744688588176,100.0
4220,0,56.186717636901705,56.186717636901705,100.0
4220,1,29.5269566701499,29.5269566701499,100.0
4220,2,14.286325692948393,14.286325692948393,100.0
4230,0,21.732171259943726,21.732171259943726,100.0
4230,1,16.74921570590086,16.74921570590086,100.0
4230,2,61.518613034155415,61.518613034155415,100.0
4240,0,32.33361172237079,32.33361172237079,100.0
4240,1,35.46927878241825,35.46927878241825,100.0
4240,2,32.19710949521096,32.19710949521096,100.0
4250,0,26.17370424097956,26.17370424097956,100.0
4250,1,16.51478129888139,16.51478129888139,100.0
4250,2,57.311514460139044,57.311514460139044,100.0
4260,0,30.71728107295145,30.71728107295145,100.0
4260,1,33.649248789572745,33.649248789572745,100.0
4260,2,35.63347013747581,35.63347013747581,100.0
4270,0,39.75798446228433,39.75798446228433,100.0
4270,1,9.54407225097557,9.54407225097557,100.0
4270,2,50.6979432867401,50.6979432867401,100.0
4280,0,33.6030625646485,33.6030625646485,100.0
4280,1,11.45643943840986,11.45643943840986,100.0
4280,2,54.94049799694165,54.94049799694165,100.0
4290,0,29.6114241087546,29.6114241087546,100.0
4290,1,21.94991254770465,21.94991254770465,100.0
4290,2,48.43866334354074,48.43866334354074,100.0
4300,0,64.24325531084656,64.24325531084656,100.0
4300,1,25.432465985546926,25.432465985546926,100.0
4300,2,10.324278703606513,10.324278703606513,100.0
4310,0,31.389068859080215,31.389068859080215,100.0
4310,1,18.036252323493436,18.036252323493436,100.0
4310,2,50.57467881742635,50.57467881742635,100.0
4320,0,43.14520143693199,43.14520143693199,100.0
4320,1,33.074086254603365,33.074086254603365,100.0
4320,2,23.780712308464647,23.780712308464647,100.0
4330,0,28.746164998875116,28.746164998875116,100.0
4330,1,54.76231585677274,54.76231585677274,100.0
4330,2,16.491519144352143,16.491519144352143,100.0
4340,0,13.79868483465103,13.79868483465103,100.0
4340,1,35.157696115386635,35.157696115386635,100.0
4340,2,51.04361904996234,51.04361904996234,100.0
4350,0,21.588184539752405,21.588184539752405,100.0
4350,1,26.744567696674526,26.744567696674526,100.0
4350,2,51.667247763573066,51.667247763573066,100.0
4360,0,47.254367839221025,47.254367839221025,100.0
4360,1,8.663820340808176,8.663820340808176,100.0
4360,2,44.081811819970795,44.081811819970795,100.0
4370,0,28.162776023307025,28.162776023307025,100.0
4370,1,50.65697149544044,50.65697149544044,100.0
4370,2,21.180252481252538,21.180252481252538,100.0
4380,0,42.44084496469804,42.44084496469804,100.0
4380,1,33.02607336782684,33.02607336782684,100.0
4380,2,24.53308166747513,24.53308166747513,100.0
4390,0,11.064484137317052,11.064484137317052,100.0
4390,1,15.872600455625902,15.872600455625902,100.0
4390,2,73.06291540705705,73.06291540705705,100.0
4400,0,64.80126852769352,64.80126852769352,100.0
4400,1,18.650442168237603,18.650442168237603,100.0
4400,2,16.548289304068874,16.548289304068874,100.0
4410,0,22.23234482927478,22.23234482927478,100.0
4410,1,11.246316246588064,11.246316246588064,100.0
4410,2,66.52133892413717,66.52133892413717,100.0
4420,0,45.95706411241095,45.95706411241095,100.0
4420,1,14.32293399698897,14.32293399698897,100.0
4420,2,39.720001890600074,39.720001890600074,100.0
4430,0,55.858262254117484,55.858262254117484,100.0
4430,1,24.086449835557875,24.086449835557875,100.0
4430,2,20.055287910324648,20.055287910324648,100.0
4440,0,32.84457497696531,32.84457497696531,100.0
4440,1,53.523328913925695,53.523328913925695,100.0
4440,2,13.632096109108987,13.632096109108987,100.0
4450,0,62.09855618021878,62.09855618021878,100.0
4450,1,18.275924364915042,18.275924364915042,100.0
4450,2,19.625519454866183,19.625519454866183,100.0
4460,0,48.484061765778534,48.484061765778534,100.0
4460,1,10.850297127169705,10.850297127169705,100.0
4460,2,40.665641107051755,40.665641107051755,100.0
4470,0,11.951822649520318,11.951822649520318,100.0
4470,1,11.096373789148728,11.096373789148728,100.0
4470,2,76.95180356133096,76.95180356133096,100.0
4480,0,72.27118267401272,72.27118267401272,100.0
4480,1,12.764779659465415,12.764779659465415,100.0
4480,2,14.964037666521863,14.964037666521863,100.0
4490,0,41.914138209915095,41.914138209915095,100.0
4490,1,42.21579880701549,42.21579880701549,100.0
4490,2,15.870062983069419,15.870062983069419,100.0
4500,0,41.619389105712756,41.619389105712756,100.0
4500,1,38.10210238477797,38.10210238477797,100.0
4500,2,20.278508509509276,20.278508509509276,100.0
4510,0,11.973793126869085,11.973793126869085,100.0
4510,1,56.831461072560664,56.831461072560664,100.0
4510,2,31.19474580057025,31.19474580057025,100.0
4520,0,20.321137019508754,20.321137019508754,100.0
4520,1,12.148509252539451,12.148509252539451,100.0
4520,2,67.53035372795179,67.53035372795179,100.0
4530,0,14.066386493815774,14.066386493815774,100.0
4530,1,12.855674370018729,12.855674370018729,100.0
4530,2,73.0779391361655,73.0779391361655,100.0
4540,0,15.931701134605284,15.931701134605284,100.0
4540,1,25.050515578858185,25.050515578858185,100.0
4540,2,59.01778328653653,59.01778328653653,100.0
4550,0,54.1037720849056,54.1037720849056,100.0
4550,1,17.298087475310172,17.298087475310172,100.0
4550,2,28.598140439784224,28.598140439784224,100.0
4560,0,25.903610804416736,25.903610804416736,100.0
4560,1,56.948280809781615,56.948280809781615,100.0
4560,2,17.148108385801653,17.148108385801653,100.0
4570,0,43.91689690459692,43.91689690459692,100.0
4570,1,20.527288029838097,20.527288029838097,100.0
4570,2,35.555815065564985,35.555815065564985,100.0
4580,0,50.92873162535941,50.92873162535941,100.0
4580,1,16.425083213468987,16.425083213468987,100.0
4580,2,32.6461851611716,32.6461851611716,100.0
4590,0,22.905811501369413,22.905811501369413,100.0
4590,1,15.791148571931716,15.791148571931716,100.0
4590,2,61.30303992669888,61.30303992669888,100.0
4600,0,20.813682348901065,20.813682348901065,100.0
4600,1,21.78775036122841,21.78775036122841,100.0
4600,2,57.39856728987053,57.39856728987053,100.0
4610,0,41.91589763713133,41.91589763713133,100.0
4610,1,43.400269179931726,43.400269179931726,100.0
4610,2,14.68383318293694,14.68383318293694,100.0
4620,0,60.985894359294775,60.985894359294775,100.0
4620,1,23.022872861041797,23.022872861041797,100.0
4620,2,15.99123277966343,15.99123277966343,100.0
4630,0,49.92497785352013,49.92497785352013,100.0
4630,1,23.29430659906397,23.29430659906397,100.0
4630,2,26.7807155474159,26.7807155474159,100.0
4640,0,22.7013481039194,22.7013481039194,100.0
4640,1,13.78757902087154,13.78757902087154,100.0
4640,2,63.51107287520906,63.51107287520906,100.0
4650,0,17.507200791807314,17.507200791807314,100.0
4650,1,13.833262975198494,13.833262975198494,100.0
4650,2,68.65953623299418,68.65953623299418,100.0
4660,0,30.500485274370178,30.500485274370178,100.0
4660,1,23.421583915125915,23.421583915125915,100.0
4660,2,46.077930810503915,46.077930810503915,100.0
4670,0,44.96363574048024,44.96363574048024,100.0
4670,1,9.006926752448297,9.006926752448297,100.0
4670,2,46.029437507071464,46.029437507071464,100.0
4680,0,31.846148654110017,31.846148654110017,100.0
4680,1,14.633384027575783,14.633384027575783,100.0
4680,2,53.5204673183142,53.5204673183142,100.0
4690,0,9.853679735987866,9.853679735987866,100.0
4690,1,39.84738264731224,39.84738264731224,100.0
4690,2,50.2989376166999,50.2989376166999,100.0
4700,0,29.714402905998938,29.714402905998938,100.0
4700,1,45.49981079432398,45.49981079432398,100.0
4700,2,24.78578629967709,24.78578629967709,100.0
4710,0,20.466117587639797,20.466117587639797,100.0
4710,1,12.736033460097115,12.736033460097115,100.0
4710,2,66.79784895226308,66.79784895226308,100.0
4720,0,43.551266882298904,43.551266882298904,100.0
4720,1,11.174531760174546,11.174531760174546,100.0
4720,2,45.27420135752656,45.27420135752656,100.0
4730,0,19.78133290355395,19.78133290355395,100.0
4730,1,12.825353318683957,12.825353318683957,100.0
4730,2,67.39331377776209,67.39331377776209,100.0
4740,0,37.59525559931931,37.59525559931931,100.0
4740,1,49.20498105278527,49.20498105278527,100.0
4740,2,13.199763347895418,13.199763347895418,100.0
4750,0,36.90707486753555,36.90707486753555,100.0
4750,1,30.200367048172595,30.200367048172595,100.0
4750,2,32.89255808429187,32.89255808429187,100.0
4760,0,34.510029031235675,34.510029031235675,100.0
4760,1,35.48410891377697,35.48410891377697,100.0
4760,2,30.005862054987354,30.005862054987354,100.0
4770,0,19.475998458312997,19.475998458312997,100.0
4770,1,10.374174613001053,10.374174613001053,100.0
4770,2,70.14982692868597,70.14982692868597,100.0
4780,0,53.0439012106602,53.0439012106602,100.0
4780,1,15.86005392079182,15.86005392079182,100.0
4780,2,31.096044868547985,31.096044868547985,100.0
4790,0,46.18170162794629,46.18170162794629,100.0
4790,1,27.553420647928505,27.553420647928505,100.0
4790,2,26.264877724125196,26.264877724125196,100.0
4800,0,44.342897356124624,44.342897356124624,100.0
4800,1,14.590236821075617,14.590236821075617,100.0
4800,2,41.066865822799755,41.066865822799755,100.0
4810,0,33.241427031888335,33.241427031888335,100.0
4810,1,39.93951610337564,39.93951610337564,100.0
4810,2,26.81905686473604,26.81905686473604,100.0
4820,0,52.39039820569539,52.39039820569539,100.0
4820,1,18.601608404224372,18.601608404224372,100.0
4820,2,29.007993390080237,29.007993390080237,100.0
4830,0,11.346746549201345,11.346746549201345,100.0
4830,1,13.39280096958692,13.39280096958692,100.0
4830,2,75.26045248121174,75.26045248121174,100.0
4840,0,55.084712985609585,55.084712985609585,100.0
4840,1,19.41517837074255,19.41517837074255,100.0
4840,2,25.500108643647874,25.500108643647874,100.0
4850,0,37.19129722364827,37.19129722364827,100.0
4850,1,24.073696245210762,24.073696245210762,100.0
4850,2,38.73500653114096,38.73500653114096,100.0
4860,0,35.04548092230271,35.04548092230271,100.0
4860,1,34.955694156683656,34.955694156683656,100.0
4860,2,29.99882492101364,29.99882492101364,100.0
4870,0,22.217449534273243,22.217449534273243,100.0
4870,1,57.34561615341659,57.34561615341659,100.0
4870,2,20.43693431231017,20.43693431231017,100.0
4880,0,53.535616826297094,53.535616826297094,100.0
4880,1,16.955342692983056,16.955342692983056,100.0
4880,2,29.50904048071985,29.50904048071985,100.0
4890,0,11.706580094129478,11.706580094129478,100.0
4890,1,13.1110744332898,13.1110744332898,100.0
4890,2,75.18234547258072,75.18234547258072,100.0
4900,0,10.657584407536405,10.657584407536405,100.0
4900,1,26.117502936494724,26.117502936494724,100.0
4900,2,63.224912655968865,63.224912655968865,100.0
4910,0,37.81814212356367,37.81814212356367,100.0
4910,1,33.58777109711696,33.58777109711696,100.0
4910,2,28.594086779319372,28.594086779319372,100.0
4920,0,20.760369774680466,20.760369774680466,100.0
4920,1,17.546450789706217,17.546450789706217,100.0
4920,2,61.693179435613324,61.693179435613324,100.0
4930,0,55.81715869065912,55.81715869065912,100.0
4930,1,15.2171609657384,15.2171609657384,100.0
4930,2,28.96568034360248,28.96568034360248,100.0
4940,0,15.792208120920167,15.792208120920167,100.0
4940,1,26.674651522481064,26.674651522481064,100.0
4940,2,57.533140356598764,57.533140356598764,100.0
4950,0,22.536729752339422,22.536729752339422,100.0
4950,1,9.53640670609207,9.53640670609207,100.0
4950,2,67.92686354156851,67.92686354156851,100.0
4960,0,64.16728260974305,64.16728260974305,100.0
4960,1,22.88965666584761,22.88965666584761,100.0
4960,2,12.943060724409344,12.943060724409344,100.0
4970,0,10.72319050643828,10.72319050643828,100.0
4970,1,60.851995743833555,60.851995743833555,100.0
4970,2,28.424813749728155,28.424813749728155,100.0
4980,0,37.49071174366645,37.49071174366645,100.0
4980,1,26.574080524249638,26.574080524249638,100.0
4980,2,35.93520773208391,35.93520773208391,100.0
4990,0,34.22199558405412,34.22199558405412,100.0
4990,1,26.53504041350182,26.53504041350182,100.0
4990,2,39.24296400244407,39.24296400244407,100.0
5000,0,16.93367220160912,16.93367220160912,100.0
5000,1,38.41476722762321,38.41476722762321,100.0
5000,2,44.65156057076767,44.65156057076767,100.0
5010,0,45.95069237625985,45.95069237625985,100.0
5010,1,14.897609541277582,14.897609541277582,100.0
5010,2,39.15169808246257,39.15169808246257,100.0
5020,0,39.41907743345258,39.41907743345258,100.0
5020,1,14.623595595705819,14.623595595705819,100.0
5020,2,45.957326970841606,45.957326970841606,100.0
5030,0,36.34562861298398,36.34562861298398,100.0
5030,1,27.098639185377305,27.098639185377305,100.0
5030,2,36.55573220163872,36.55573220163872,100.0
5040,0,13.299981468302619,13.299981468302619,100.0
5040,1,59.23368512109588,59.23368512109588,100.0
5040,2,27.466333410601507,27.466333410601507,100.0
5050,0,41.214237644286534,41.214237644286534,100.0
5050,1,20.25385350555013,20.25385350555013,100.0
5050,2,38.53190885016334,38.53190885016334,100.0
5060,0,22.24967307131488,22.24967307131488,100.0
5060,1,36.44232916839083,36.44232916839083,100.0
5060,2,41.3079977602943,41.3079977602943,100.0
5070,0,20.075721660476752,20.075721660476752,100.0
5070,1,10.439295985874319,10.439295985874319,100.0
5070,2,69.48498235364893,69.48498235364893,100.0
5080,0,19.56787494768925,19.56787494768925,100.0
5080,1,61.323411722084984,61.323411722084984,100.0
5080,2,19.10871333022576,19.10871333022576,100.0
5090,0,53.640429560401245,53.640429560401245,100.0
5090,1,15.064497482511193,15.064497482511193,100.0
5090,2,31.295072957087555,31.295072957087555,100.0
5100,0,16.527160279216393,16.527160279216393,100.0
5100,1,13.676377259828548,13.676377259828548,100.0
5100,2,69.79646246095507,69.79646246095507,100.0
5110,0,30.358066435176813,30.358066435176813,100.0
5110,1,21.68896822017,21.68896822017,100.0
5110,2,47.95296534465318,47.95296534465318,100.0
5120,0,52.9465152101372,52.9465152101372,100.0
5120,1,14.834112724783452,14.834112724783452,100.0
5120,2,32.219372065079355,32.219372065079355,100.0
5130,0,42.48731277274774,42.48731277274774,100.0
5130,1,7.355104969452508,7.355104969452508,100.0
5130,2,50.157582257799746,50.157582257799746,100.0
5140,0,12.388075573039249,12.388075573039249,100.0
5140,1,48.498669544878,48.498669544878,100.0
5140,2,39.11325488208276,39.11325488208276,100.0
5150,0,45.648886204864844,45.648886204864844,100.0
5150,1,14.952136817537573,14.952136817537573,100.0
5150,2,39.398976977597584,39.398976977597584,100.0
5160,0,51.56680965396694,51.56680965396694,100.0
5160,1,22.97531732198595,22.97531732198595,100.0
5160,2,25.457873024047117,25.457873024047117,100.0
5170,0,58.57525253200141,58.57525253200141,100.0
5170,1,30.716930437535233,30.716930437535233,100.0
5170,2,10.70781703046335,10.70781703046335,100.0
5180,0,25.032521979544995,25.032521979544995,100.0
5180,1,24.437684930426983,24.437684930426983,100.0
5180,2,50.52979309002803,50.52979309002803,100.0
5190,0,34.94577752071795,34.94577752071795,100.0
5190,1,16.457498552055018,16.457498552055018,100.0
5190,2,48.59672392722704,48.59672392722704,100.0
5200,0,24.856666431466326,24.856666431466326,100.0
5200,1,24.49867604606368,24.49867604606368,100.0
5200,2,50.644657522470006,50.644657522470006,100.0
5210,0,23.33276016026996,23.33276016026996,100.0
5210,1,29.44712251752325,29.44712251752325,100.0
5210,2,47.22011732220678,47.22011732220678,100.0
5220,0,42.522114062513275,42.522114062513275,100.0
5220,1,42.62746476435939,42.62746476435939,100.0
5220,2,14.85042117312734,14.85042117312734,100.0
5230,0,38.65246388983915,38.65246388983915,100.0
5230,1,25.225646505865008,25.225646505865008,100.0
5230,2,36.12188960429584,36.12188960429584,100.0
5240,0,45.052488689002615,45.052488689002615,100.0
5240,1,38.45224952134085,38.45224952134085,100.0
5240,2,16.49526178965654,16.49526178965654,100.0
5250,0,21.583120223648564,21.583120223648564,100.0
5250,1,11.08334646020853,11.08334646020853,100.0
5250,2,67.3335333161429,67.3335333161429,100.0
5260,0,42.76587396298706,42.76587396298706,100.0
5260,1,11.519208695307672,11.519208695307672,100.0
5260,2,45.71491734170526,45.71491734170526,100.0
5270,0,51.56248867477466,51.56248867477466,100.0
5270,1,13.047674976870887,13.047674976870887,100.0
5270,2,35.389836348354436,35.389836348354436,100.0
5280,0,47.95350768943105,47.95350768943105,100.0
5280,1,7.769712874191346,7.769712874191346,100.0
5280,2,44.27677943637761,44.27677943637761,100.0
5290,0,34.58395612774064,34.58395612774064,100.0
5290,1,31.110234779939827,31.110234779939827,100.0
5290,2,34.30580909231952,34.30580909231952,100.0
5300,0,28.584715896494416,28.584715896494416,100.0
5300,1,43.21751126427888,43.21751126427888,100.0
5300,2,28.197772839226708,28.197772839226708,100.0
5310,0,13.494311690938579,13.494311690938579,100.0
5310,1,11.447870235812015,11.447870235812015,100.0
5310,2,75.05781807324941,75.05781807324941,100.0
5320,0,29.82455101667026,29.82455101667026,100.0
5320,1,37.62389253772282,37.62389253772282,100.0
5320,2,32.551556445606934,32.551556445606934,100.0
5330,0,36.562304562923785,36.562304562923785,100.0
5330,1,50.57013390501473,50.57013390501473,100.0
5330,2,12.867561532061488,12.867561532061488,100.0
5340,0,28.674193979801576,28.674193979801576,100.0
5340,1,23.65090302477946,23.65090302477946,100.0
5340,2,47.67490299541896,47.67490299541896,100.0
5350,0,48.70371432856748,48.70371432856748,100.0
5350,1,43.17942491626388,43.17942491626388,100.0
5350,2,8.116860755168636,8.116860755168636,100.0
5360,0,36.384339381948465,36.384339381948465,100.0
5360,1,31.2808577984011,31.2808577984011,100.0
5360,2,32.334802819650434,32.334802819650434,100.0
5370,0,14.89097977126125,14.89097977126125,100.0
5370,1,11.772884499533436,11.772884499533436,100.0
5370,2,73.33613572920531,73.33613572920531,100.0
5380,0,39.944156897206604,39.944156897206604,100.0
5380,1,34.33483558630554,34.33483558630554,100.0
5380,2,25.721007516487866,25.721007516487866,100.0
5390,0,37.681093429782685,37.681093429782685,100.0
5390,1,21.799899638809503,21.799899638809503,100.0
5390,2,40.519006931407816,40.519006931407816,100.0
5400,0,16.308321852358265,16.308321852358265,100.0
5400,1,68.54149285003271,68.54149285003271,100.0
5400,2,15.150185297609026,15.150185297609026,100.0
5410,0,64.47391130250774,64.47391130250774,100.0
5410,1,24.56655027241165,24.56655027241165,100.0
5410,2,10.959538425080607,10.959538425080607,100.0
5420,0,38.273761843899514,38.273761843899514,100.0
5420,1,47.61211977623548,47.61211977623548,100.0
5420,2,14.114118379864992,14.114118379864992,100.0
5430,0,30.80430598360938,30.80430598360938,100.0
5430,1,15.97057623657274,15.97057623657274,100.0
5430,2,53.225117779817886,53.225117779817886,100.0
5440,0,49.749682609888325,49.749682609888325,100.0
5440,1,12.557269223228875,12.557269223228875,100.0
5440,2,37.69304816688282,37.69304816688282,100.0
5450,0,20.52782341649665,20.52782341649665,100.0
5450,1,48.20225493990492,48.20225493990492,100.0
5450,2,31.269921643598426,31.269921643598426,100.0
5460,0,38.47716890083566,38.47716890083566,100.0
5460,1,50.73843042022693,50.73843042022693,100.0
5460,2,10.784400678937413,10.784400678937413,100.0
5470,0,64.73301777769369,64.73301777769369,100.0
5470,1,14.30650066753045,14.30650066753045,100.0
5470,2,20.96048155477585,20.96048155477585,100.0
5480,0,32.99861656390055,32.99861656390055,100.0
5480,1,27.022356743135965,27.022356743135965,100.0
5480,2,39.97902669296348,39.97902669296348,100.0
5490,0,16.035518184539225,16.035518184539225,100.0
5490,1,10.858997908301088,10.858997908301088,100.0
5490,2,73.1054839071597,73.1054839071597,100.0
5500,0,55.56645309094983,55.56645309094983,100.0
5500,1,22.71818780657582,22.71818780657582,100.0
5500,2,21.715359102474345,21.715359102474345,100.0
5510,0,20.17652627505067,20.17652627505067,100.0
5510,1,28.231322037129864,28.231322037129864,100.0
5510,2,51.59215168781947,51.59215168781947,100.0
5520,0,57.90409113480893,57.90409113480893,100.0
5520,1,20.737774156588333,20.737774156588333,100.0
5520,2,21.358134708602734,21.358134708602734,100.0
5530,0,36.816644677459756,36.816644677459756,100.0
5530,1,20.509648271915385,20.509648271915385,100.0
5530,2,42.67370705062486,42.67370705062486,100.0
5540,0,38.749111290952186,38.749111290952186,100.0
5540,1,32.96465851877339,32.96465851877339,100.0
5540,2,28.28623019027443,28.28623019027443,100.0
5550,0,56.80255219547193,56.80255219547193,100.0
5550,1,10.294366565847431,10.294366565847431,100.0
5550,2,32.903081238680635,32.903081238680635,100.0
5560,0,20.257062821488343,20.257062821488343,100.0
5560,1,12.450988271505704,12.450988271505704,100.0
5560,2,67.29194890700596,67.29194890700596,100.0
5570,0,50.06666929147986,50.06666929147986,100.0
5570,1,18.693245221670622,18.693245221670622,100.0
5570,2,31.240085486849516,31.240085486849516,100.0
5580,0,36.12063617431054,36.12063617431054,100.0
5580,1,18.735335275702436,18.735335275702436,100.0
5580,2,45.14402854998702,45.14402854998702,100.0
5590,0,45.99677106394419,45.99677106394419,100.0
5590,1,11.348208525259691,11.348208525259691,100.0
5590,2,42.65502041079611,42.65502041079611,100.0
5600,0,42.499720256040604,42.499720256040604,100.0
5600,1,27.997343326824147,27.997343326824147,100.0
5600,2,29.502936417135256,29.502936417135256,100.0
5610,0,21.66057303544353,21.66057303544353,100.0
5610,1,10.21840632073155,10.21840632073155,100.0
5610,2,68.12102064382492,68.12102064382492,100.0
5620,0,55.57064704257941,55.57064704257941,100.0
5620,1,18.073908467368845,18.073908467368845,100.0
5620,2,26.355444490051756,26.355444490051756,100.0
5630,0,68.47055939220962,68.47055939220962,100.0
5630,1,14.40013799019032,14.40013799019032,100.0
5630,2,17.12930261760006,17.12930261760006,100.0
5640,0,42.70676533815821,42.70676533815821,100.0
5640,1,39.68807820951804,39.68807820951804,100.0
5640,2,17.605156452323744,17.605156452323744,100.0
5650,0,54.56715941024237,54.56715941024237,100.0
5650,1,24.636381993317904,24.636381993317904,100.0
5650,2,20.796458596439724,20.796458596439724,100.0
5660,0,44.13297041916472,44.13297041916472,100.0
5660,1,12.606900263122705,12.606900263122705,100.0
5660,2,43.26012931771258,43.26012931771258,100.0
5670,0,12.9290811021008,12.9290811021008,100.0
5670,1,11.4411243226558,11.4411243226558,100.0
5670,2,75.62979457524341,75.62979457524341,100.0
5680,0,54.607074189871675,54.607074189871675,100.0
5680,1,34.433364565650095,34.433364565650095,100.0
5680,2,10.95956124447822,10.95956124447822,100.0
5690,0,23.425477037742883,23.425477037742883,100.0
5690,1,65.78433741129659,65.78433741129659,100.0
5690,2,10.79018555096052,10.79018555096052,100.0
5700,0,42.515477688656176,42.515477688656176,100.0
5700,1,33.460346522066,33.460346522066,100.0
5700,2,24.024175789277823,24.024175789277823,100.0
5710,0,51.07198203195846,51.07198203195846,100.0
5710,1,24.026972373684128,24.026972373684128,100.0
5710,2,24.901045594357416,24.901045594357416,100.0
5720,0,40.346470640016705,40.346470640016705,100.0
5720,1,12.043048064566172,12.043048064566172,100.0
5720,2,47.610481295417124,47.610481295417124,100.0
5730,0,26.909629454333306,26.909629454333306,100.0
5730,1,9.460055977344624,9.460055977344624,100.0
5730,2,63.63031456832206,63.63031456832206,100.0
5740,0,53.84320993396029,53.84320993396029,100.0
5740,1,27.16782592166831,27.16782592166831,100.0
5740,2,18.988964144371398,18.988964144371398,100.0
5750,0,64.06422370788847,64.06422370788847,100.0
5750,1,15.15906370900913,15.15906370900913,100.0
5750,2,20.776712583102412,20.776712583102412,100.0
5760,0,36.87106923769085,36.87106923769085,100.0
5760,1,52.518277835479935,52.518277835479935,100.0
5760,2,10.61065292682923,10.61065292682923,100.0
5770,0,67.50598229149065,67.50598229149065,100.0
5770,1,12.94747321551442,12.94747321551442,100.0
5770,2,19.54654449299494,19.54654449299494,100.0
5780,0,48.736626334778734,48.736626334778734,100.0
5780,1,27.125347479657314,27.125347479657314,100.0
5780,2,24.13802618556396,24.13802618556396,100.0
5790,0,12.077531518090593,12.077531518090593,100.0
5790,1,12.00894062519839,12.00894062519839,100.0
5790,2,75.91352785671101,75.91352785671101,100.0
5800,0,43.22981307669607,43.22981307669607,100.0
5800,1,9.226417650530818,9.226417650530818,100.0
5800,2,47.54376927277311,47.54376927277311,100.0
5810,0,66.38071855587684,66.38071855587684,100.0
5810,1,14.473301248315696,14.473301248315696,100.0
5810,2,19.145980195807464,19.145980195807464,100.0
5820,0,19.335685104244774,19.335685104244774,100.0
5820,1,48.55990518441553,48.55990518441553,100.0
5820,2,32.10440971133969,32.10440971133969,100.0
5830,0,30.197850744230404,30.197850744230404,100.0
5830,1,55.40170772943057,55.40170772943057,100.0
5830,2,14.40044152633903,14.40044152633903,100.0
5840,0,24.7259520028096,24.7259520028096,100.0
5840,1,48.337173010245394,48.337173010245394,100.0
5840,2,26.936874986945007,26.936874986945007,100.0
5850,0,15.278263216416674,15.278263216416674,100.0
5850,1,15.453935588173087,15.453935588173087,100.0
5850,2,69.26780119541024,69.26780119541024,100.0
5860,0,50.594127493559945,50.594127493559945,100.0
5860,1,18.060852392887927,18.060852392887927,100.0
5860,2,31.345020113552124,31.345020113552124,100.0
5870,0,32.85702422185619,32.85702422185619,100.0
5870,1,47.735351464758445,47.735351464758445,100.0
5870,2,19.407624313385355,19.407624313385355,100.0
5880,0,33.96497004436394,33.96497004436394,100.0
5880,1,30.749022072614874,30.749022072614874,100.0
5880,2,35.2860078830212,35.2860078830212,100.0
5890,0,21.171776463280246,21.171776463280246,100.0
5890,1,19.972949679798358,19.972949679798358,100.0
5890,2,58.8552738569214,58.8552738569214,100.0
5900,0,66.55018526528839,66.55018526528839,100.0
5900,1,22.12673010955509,22.12673010955509,100.0
5900,2,11.32308462515651,11.32308462515651,100.0
5910,0,61.96893369993478,61.96893369993478,100.0
5910,1,13.799608050258735,13.799608050258735,100.0
5910,2,24.23145824980648,24.23145824980648,100.0
5920,0,53.30018573057822,53.30018573057822,100.0
5920,1,18.067789583380947,18.067789583380947,100.0
5920,2,28.63202468604084,28.63202468604084,100.0
5930,0,38.31489544522698,38.31489544522698,100.0
5930,1,13.342801701318058,13.342801701318058,100.0
5930,2,48.342302853454974,48.342302853454974,100.0
5940,0,25.269074584576813,25.269074584576813,100.0
5940,1,12.03040802840277,12.03040802840277,100.0
5940,2,62.70051738702042,62.70051738702042,100.0
5950,0,26.992670283667763,26.992670283667763,100.0
5950,1,35.28335582770048,35.28335582770048,100.0
5950,2,37.723973888631754,37.723973888631754,100.0
5960,0,21.232812093332708,21.232812093332708,100.0
5960,1,28.0841135149284,28.0841135149284,100.0
5960,2,50.68307439173889,50.68307439173889,100.0
5970,0,33.26339941488711,33.26339941488711,100.0
5970,1,8.88850046439902,8.88850046439902,100.0
5970,2,57.84810012071387,57.84810012071387,100.0
5980,0,42.45400393349852,42.45400393349852,100.0
5980,1,7.375595698323072,7.375595698323072,100.0
5980,2,50.170400368178406,50.170400368178406,100.0
5990,0,36.84527369843501,36.84527369843501,100.0
5990,1,20.30963664365678,20.30963664365678,100.0
5990,2,42.84508965790821,42.84508965790821,100.0
6000,0,48.9059381864075,48.9059381864075,100.0
6000,1,23.935758854076862,23.935758854076862,100.0
6000,2,27.158302959515645,27.158302959515645,100.0
6010,0,34.30016772786148,34.30016772786148,100.0
6010,1,22.30402106811135,22.30402106811135,100.0
6010,2,43.395811204027176,43.395811204027176,100.0
6020,0,44.77282842879314,44.77282842879314,100.0
6020,1,38.22645022573886,38.22645022573886,100.0
6020,2,17.000721345467994,17.000721345467994,100.0
6030,0,23.27001778313265,23.27001778313265,100.0
6030,1,13.236759438393866,13.236759438393866,100.0
6030,2,63.49322277847349,63.49322277847349,100.0
6040,0,28.89859860291445,28.89859860291445,100.0
6040,1,32.78931080012507,32.78931080012507,100.0
6040,2,38.31209059696049,38.31209059696049,100.0
6050,0,61.03921592131517,61.03921592131517,100.0
6050,1,13.614941840523995,13.614941840523995,100.0
6050,2,25.34584223816083,25.34584223816083,100.0
6060,0,34.758791685718435,34.758791685718435,100.0
6060,1,40.095704897913635,40.095704897913635,100.0
6060,2,25.145503416367937,25.145503416367937,100.0
6070,0,70.49798233761139,70.49798233761139,100.0
6070,1,14.178016031941947,14.178016031941947,100.0
6070,2,15.32400163044667,15.32400163044667,100.0
6080,0,30.530191240686072,30.530191240686072,100.0
6080,1,18.573552902076596,18.573552902076596,100.0
6080,2,50.896255857237335,50.896255857237335,100.0
6090,0,12.661539189620171,12.661539189620171,100.0
6090,1,12.636902297803656,12.636902297803656,100.0
6090,2,74.70155851257618,74.70155851257618,100.0
6100,0,73.63416922689716,73.63416922689716,100.0
6100,1,14.196163576548107,14.196163576548107,100.0
6100,2,12.169667196554744,12.169667196554744,100.0
6110,0,55.12998531666735,55.12998531666735,100.0
6110,1,12.966518863305824,12.966518863305824,100.0
6110,2,31.903495820026833,31.903495820026833,100.0
6120,0,12.960940058259569,12.960940058259569,100.0
6120,1,44.20659829303918,44.20659829303918,100.0
6120,2,42.832461648701255,42.832461648701255,100.0
6130,0,22.749307986194253,22.749307986194253,100.0
6130,1,30.75174507037498,30.75174507037498,100.0
6130,2,46.49894694343077,46.49894694343077,100.0
6140,0,55.16520615537564,55.16520615537564,100.0
6140,1,19.632513293272552,19.632513293272552,100.0
6140,2,25.2022805513518,25.2022805513518,100.0
6150,0,22.916607940304946,22.916607940304946,100.0
6150,1,11.513694988412494,11.513694988412494,100.0
6150,2,65.56969707128256,65.56969707128256,100.0
6160,0,59.72728077660647,59.72728077660647,100.0
6160,1,16.41478550764905,16.41478550764905,100.0
6160,2,23.857933715744483,23.857933715744483,100.0
6170,0,46.24692373337581,46.24692373337581,100.0
6170,1,17.575379219892866,17.575379219892866,100.0
6170,2,36.17769704673133,36.17769704673133,100.0
6180,0,21.152494137322776,21.152494137322776,100.0
6180,1,20.73813221340052,20.73813221340052,100.0
6180,2,58.109373649276705,58.109373649276705,100.0
6190,0,42.11868147750104,42.11868147750104,100.0
6190,1,38.67822337430387,38.67822337430387,100.0
6190,2,19.2030951481951,19.2030951481951,100.0
6200,0,61.611983264090775,61.611983264090775,100.0
6200,1,21.16435891447768,21.16435891447768,100.0
6200,2,17.223657821431544,17.223657821431544,100.0
6210,0,12.378359287109005,12.378359287109005,100.0
6210,1,14.276791713278246,14.276791713278246,100.0
6210,2,73.34484899961275,73.34484899961275,100.0
6220,0,52.17658727389993,52.17658727389993,100.0
6220,1,19.338908996377967,19.338908996377967,100.0
6220,2,28.484503729722103,28.484503729722103,100.0
6230,0,46.26822001917205,46.26822001917205,100.0
6230,1,29.92487119322092,29.92487119322092,100.0
6230,2,23.806908787607032,23.806908787607032,100.0
6240,0,51.151567441914025,51.151567441914025,100.0
6240,1,12.285024870029314,12.285024870029314,100.0
6240,2,36.563407688056664,36.563407688056664,100.0
6250,0,33.716659025171715,33.716659025171715,100.0
6250,1,18.38244466474218,18.38244466474218,100.0
6250,2,47.9008963100861,47.9008963100861,100.0
6260,0,44.673682862625505,44.673682862625505,100.0
6260,1,11.51376114512157,11.51376114512157,100.0
6260,2,43.812555992252925,43.812555992252925,100.0
6270,0,12.918372813217863,12.918372813217863,100.0
6270,1,11.332000173291805,11.332000173291805,100.0
6270,2,75.74962701349034,75.74962701349034,100.0
6280,0,46.15777976152607,46.15777976152607,100.0
6280,1,42.185812437474134,42.185812437474134,100.0
6280,2,11.656407800999794,11.656407800999794,100.0
6290,0,32.62945213017894,32.62945213017894,100.0
6290,1,42.29035448177857,42.29035448177857,100.0
6290,2,25.0801933880425,25.0801933880425,100.0
6300,0,22.36230357279775,22.36230357279775,100.0
6300,1,61.20321908243177,61.20321908243177,100.0
6300,2,16.43447734477049,16.43447734477049,100.0
6310,0,70.94969067183247,70.94969067183247,100.0
6310,1,10.98186906097977,10.98186906097977,100.0
6310,2,18.068440267187775,18.068440267187775,100.0
6320,0,34.55184242347318,34.55184242347318,100.0
6320,1,29.1733186957151,29.1733186957151,100.0
6320,2,36.27483888081172,36.27483888081172,100.0
6330,0,16.442708843289598,16.442708843289598,100.0
6330,1,11.885985415387287,11.885985415387287,100.0
6330,2,71.67130574132312,71.67130574132312,100.0
6340,0,56.6840832058056,56.6840832058056,100.0
6340,1,27.381350724370417,27.381350724370417,100.0
6340,2,15.934566069823978,15.934566069823978,100.0
6350,0,67.33124558068539,67.33124558068539,100.0
6350,1,20.666886549314214,20.666886549314214,100.0
6350,2,12.001867870000396,12.001867870000396,100.0
6360,0,53.2996061881376,53.2996061881376,100.0
6360,1,8.816563305928563,8.816563305928563,100.0
6360,2,37.88383050593384,37.88383050593384,100.0
6370,0,37.60255742923817,37.60255742923817,100.0
6370,1,29.226518038488475,29.226518038488475,100.0
6370,2,33.170924532273375,33.170924532273375,100.0
6380,0,34.753634677060816,34.753634677060816,100.0
6380,1,23.26084925787389,23.26084925787389,100.0
6380,2,41.9855160650653,41.9855160650653,100.0
6390,0,19.735057287218783,19.735057287218783,100.0
6390,1,16.94605410131934,16.94605410131934,100.0
6390,2,63.31888861146189,63.31888861146189,100.0
6400,0,33.04248050271737,33.04248050271737,100.0
6400,1,48.39053872681195,48.39053872681195,100.0
6400,2,18.566980770470686,18.566980770470686,100.0
6410,0,70.62041227657876,70.62041227657876,100.0
6410,1,12.355256669992075,12.355256669992075,100.0
6410,2,17.024331053429165,17.024331053429165,100.0
6420,0,16.514393359646874,16.514393359646874,100.0
6420,1,69.23058179158613,69.23058179158613,100.0
6420,2,14.255024848767,14.255024848767,100.0
6430,0,47.066525025153645,47.066525025153645,100.0
6430,1,45.641805805842154,45.641805805842154,100.0
6430,2,7.291669169004211,7.291669169004211,100.0
6440,0,24.50821107423148,24.50821107423148,100.0
6440,1,13.628064057920236,13.628064057920236,100.0
6440,2,61.86372486784829,61.86372486784829,100.0
6450,0,11.98677438372481,11.98677438372481,100.0
6450,1,16.977259417025532,16.977259417025532,100.0
6450,2,71.03596619924966,71.03596619924966,100.0
6460,0,33.1838168676432,33.1838168676432,100.0
6460,1,14.699666305762173,14.699666305762173,100.0
6460,2,52.116516826594626,52.116516826594626,100.0
6470,0,27.130350377459184,27.130350377459184,100.0
6470,1,15.223595634251744,15.223595634251744,100.0
6470,2,57.64605398828907,57.64605398828907,100.0
6480,0,21.825806617511784,21.825806617511784,100.0
6480,1,53.86815705805935,53.86815705805935,100.0
6480,2,24.306036324428874,24.306036324428874,100.0
6490,0,43.473990674333066,43.473990674333066,100.0
6490,1,13.874088473765772,13.874088473765772,100.0
6490,2,42.65192085190118,42.65192085190118,100.0
6500,0,47.47137676143047,47.47137676143047,100.0
6500,1,23.990980608107826,23.990980608107826,100.0
6500,2,28.53764263046171,28.53764263046171,100.0
6510,0,13.01001087541903,13.01001087541903,100.0
6510,1,11.93787647110923,11.93787647110923,100.0
6510,2,75.05211265347174,75.05211265347174,100.0
6520,0,59.40843650744547,59.40843650744547,100.0
6520,1,21.333595252103084,21.333595252103084,100.0
6520,2,19.257968240451454,19.257968240451454,100.0
6530,0,20.151506428157784,20.151506428157784,100.0
6530,1,58.290588083356155,58.290588083356155,100.0
6530,2,21.557905488486067,21.557905488486067,100.0
6540,0,55.4407109243693,55.4407109243693,100.0
6540,1,35.484838554242195,35.484838554242195,100.0
6540,2,9.074450521388524,9.074450521388524,100.0
6550,0,36.85997540970414,36.85997540970414,100.0
6550,1,22.82214547887418,22.82214547887418,100.0
6550,2,40.317879111421675,40.317879111421675,100.0
6560,0,24.124504109463317,24.124504109463317,100.0
6560,1,36.209139400298405,36.209139400298405,100.0
6560,2,39.66635649023827,39.66635649023827,100.0
6570,0,15.188428936365494,15.188428936365494,100.0
6570,1,13.876972620471967,13.876972620471967,100.0
6570,2,70.93459844316254,70.93459844316254,100.0
6580,0,55.82758227600703,55.82758227600703,100.0
6580,1,12.94418187549376,12.94418187549376,100.0
6580,2,31.228235848499203,31.228235848499203,100.0
6590,0,26.124558564557848,26.124558564557848,100.0
6590,1,51.45136073255907,51.45136073255907,100.0
6590,2,22.42408070288308,22.42408070288308,100.0
6600,0,63.77155110029381,63.77155110029381,100.0
6600,1,24.78149310608767,24.78149310608767,100.0
6600,2,11.446955793618521,11.446955793618521,100.0
6610,0,54.37014075813159,54.37014075813159,100.0
6610,1,30.772501681253072,30.772501681253072,100.0
6610,2,14.857357560615336,14.857357560615336,100.0
6620,0,22.72124182514435,22.72124182514435,100.0
6620,1,50.65222252622013,50.65222252622013,100.0
6620,2,26.62653564863553,26.62653564863553,100.0
6630,0,59.91828058043684,59.91828058043684,100.0
6630,1,12.803464065000036,12.803464065000036,100.0
6630,2,27.278255354563118,27.278255354563118,100.0
6640,0,27.27530063699206,27.27530063699206,100.0
6640,1,24.842639845939072,24.842639845939072,100.0
6640,2,47.88205951706887,47.88205951706887,100.0
6650,0,39.65241807247368,39.65241807247368,100.0
6650,1,24.63350737704576,24.63350737704576,100.0
6650,2,35.71407455048056,35.71407455048056,100.0
6660,0,36.00106508064634,36.00106508064634,100.0
6660,1,11.117334276214166,11.117334276214166,100.0
6660,2,52.88160064313949,52.88160064313949,100.0
6670,0,52.28100844719841,52.28100844719841,100.0
6670,1,15.631949561956837,15.631949561956837,100.0
6670,2,32.08704199084475,32.08704199084475,100.0
6680,0,40.58557387257981,40.58557387257981,100.0
6680,1,39.64430181120067,39.64430181120067,100.0
6680,2,19.77012431621952,19.77012431621952,100.0
6690,0,23.167917713411004,23.167917713411004,100.0
6690,1,13.967295321237458,13.967295321237458,100.0
6690,2,62.86478696535154,62.86478696535154,100.0
6700,0,42.67159280008114,42.67159280008114,100.0
6700,1,36.378985250126775,36.378985250126775,100.0
6700,2,20.949421949792082,20.949421949792082,100.0
6710,0,40.14416691466669,40.14416691466669,100.0
6710,1,21.368968859941685,21.368968859941685,100.0
6710,2,38.486864225391635,38.486864225391635,100.0
6720,0,36.38776500679297,36.38776500679297,100.0
6720,1,20.738994985028103,20.738994985028103,100.0
6720,2,42.87324000817893,42.87324000817893,100.0
6730,0,32.26573148199681,32.26573148199681,100.0
6730,1,20.4036666760883,20.4036666760883,100.0
6730,2,47.330601841914884,47.330601841914884,100.0
6740,0,15.475697532165247,15.475697532165247,100.0
6740,1,60.67924756636708,60.67924756636708,100.0
6740,2,23.845054901467677,23.845054901467677,100.0
6750,0,39.83620027595286,39.83620027595286,100.0
6750,1,19.14925398215216,19.14925398215216,100.0
6750,2,41.01454574189498,41.01454574189498,100.0
6760,0,19.2242233733744,19.2242233733744,100.0
6760,1,63.167474617577355,63.167474617577355,100.0
6760,2,17.60830200904825,17.60830200904825,100.0
6770,0,68.04343204908248,68.04343204908248,100.0
6770,1,15.217759890637367,15.217759890637367,100.0
6770,2,16.738808060280157,16.738808060280157,100.0
6780,0,49.2531340306337,49.2531340306337,100.0
6780,1,25.62658888487081,25.62658888487081,100.0
6780,2,25.120277084495495,25.120277084495495,100.0
6790,0,46.36483877726597,46.36483877726597,100.0
6790,1,34.69177483911623,34.69177483911623,100.0
6790,2,18.943386383617803,18.943386383617803,100.0
6800,0,26.06606220609419,26.06606220609419,100.0
6800,1,23.10970867123986,23.10970867123986,100.0
6800,2,50.824229122665955,50.824229122665955,100.0
6810,0,24.210410224416638,24.210410224416638,100.0
6810,1,11.890761231304294,11.890761231304294,100.0
6810,2,63.89882854427906,63.89882854427906,100.0
6820,0,46.508145217058804,46.508145217058804,100.0
6820,1,27.504828220907623,27.504828220907623,100.0
6820,2,25.987026562033577,25.987026562033577,100.0
6830,0,46.686723692535914,46.686723692535914,100.0
6830,1,34.29585735457076,34.29585735457076,100.0
6830,2,19.01741895289333,19.01741895289333,100.0
6840,0,32.97660576398517,32.97660576398517,100.0
6840,1,39.935202320313465,39.935202320313465,100.0
6840,2,27.08819191570136,27.08819191570136,100.0
6850,0,26.302086108590878,26.302086108590878,100.0
6850,1,11.08357288900305,11.08357288900305,100.0
6850,2,62.61434100240607,62.61434100240607,100.0
6860,0,20.231810520036937,20.231810520036937,100.0
6860,1,50.1089146180516,50.1089146180516,100.0
6860,2,29.659274861911456,29.659274861911456,100.0
6870,0,42.05080793462612,42.05080793462612,100.0
6870,1,9.481426734037218,9.481426734037218,100.0
6870,2,48.46776533133668,48.46776533133668,100.0
6880,0,25.033545183786778,25.033545183786778,100.0
6880,1,54.29610795190341,54.29610795190341,100.0
6880,2,20.67034686430983,20.67034686430983,100.0
6890,0,23.60288187617612,23.60288187617612,100.0
6890,1,50.6086742800304,50.6086742800304,100.0
6890,2,25.788443843793484,25.788443843793484,100.0
6900,0,19.18572272623732,19.18572272623732,100.0
6900,1,65.64300758230092,65.64300758230092,100.0
6900,2,15.17126969146175,15.17126969146175,100.0
6910,0,65.72673349698445,65.72673349698445,100.0
6910,1,21.704771906042232,21.704771906042232,100.0
6910,2,12.568494596973325,12.568494596973325,100.0
6920,0,31.83395575069442,31.83395575069442,100.0
6920,1,39.84843227845703,39.84843227845703,100.0
6920,2,28.31761197084854,28.31761197084854,100.0
6930,0,15.76325483218638,15.76325483218638,100.0
6930,1,11.342106395038797,11.342106395038797,100.0
6930,2,72.89463877277483,72.89463877277483,100.0
6940,0,49.95644933442286,49.95644933442286,100.0
6940,1,22.245144541320965,22.245144541320965,100.0
6940,2,27.798406124256164,27.798406124256164,100.0
6950,0,24.022316828887917,24.022316828887917,100.0
6950,1,46.2350412558346,46.2350412558346,100.0
6950,2,29.74264191527749,29.74264191527749,100.0
6960,0,50.11079719707252,50.11079719707252,100.0
6960,1,23.50448195527835,23.50448195527835,100.0
6960,2,26.38472084764914,26.38472084764914,100.0
6970,0,34.07820896353137,34.07820896353137,100.0
6970,1,37.19510444336455,37.19510444336455,100.0
6970,2,28.72668659310409,28.72668659310409,100.0
6980,0,25.317328039786947,25.317328039786947,100.0
6980,1,43.67762728562549,43.67762728562549,100.0
6980,2,31.005044674587573,31.005044674587573,100.0
6990,0,20.092888743049148,20.092888743049148,100.0
6990,1,15.304418719865726,15.304418719865726,100.0
6990,2,64.60269253708513,64.60269253708513,100.0
7000,0,9.877804298806817,9.877804298806817,100.0
7000,1,31.42136898482123,31.42136898482123,100.0
7000,2,58.70082671637196,58.70082671637196,100.0
7010,0,65.90355815434393,65.90355815434393,100.0
7010,1,21.839787386371874,21.839787386371874,100.0
7010,2,12.256654459284208,12.256654459284208,100.0
7020,0,43.1713092866369,43.1713092866369,100.0
7020,1,30.677690454233115,30.677690454233115,100.0
7020,2,26.15100025912998,26.15100025912998,100.0
7030,0,20.041269115260018,20.041269115260018,100.0
7030,1,31.67029409404613,31.67029409404613,100.0
7030,2,48.28843679069386,48.28843679069386,100.0
7040,0,42.99014165759413,42.99014165759413,100.0
7040,1,28.480891354540315,28.480891354540315,100.0
7040,2,28.528966987865562,28.528966987865562,100.0
7050,0,41.07557181311441,41.07557181311441,100.0
7050,1,18.271029901645935,18.271029901645935,100.0
7050,2,40.65339828523965,40.65339828523965,100.0
7060,0,63.64356951311453,63.64356951311453,100.0
7060,1,18.807008351155087,18.807008351155087,100.0
7060,2,17.54942213573039,17.54942213573039,100.0
7070,0,22.38254395165103,22.38254395165103,100.0
7070,1,49.90736694719429,49.90736694719429,100.0
7070,2,27.710089101154672,27.710089101154672,100.0
7080,0,40.97214432820486,40.97214432820486,100.0
7080,1,30.05799507615507,30.05799507615507,100.0
7080,2,28.969860595640068,28.969860595640068,100.0
7090,0,15.128779707745435,15.128779707745435,100.0
7090,1,30.986960846210724,30.986960846210724,100.0
7090,2,53.88425944604385,53.88425944604385,100.0
7100,0,42.4328181864009,42.4328181864009,100.0
7100,1,18.583905529052792,18.583905529052792,100.0
7100,2,38.983276284546314,38.983276284546314,100.0
7110,0,16.27628448968678,16.27628448968678,100.0
7110,1,10.453644442671832,10.453644442671832,100.0
7110,2,73.2700710676414,73.2700710676414,100.0
7120,0,24.6346445539878,24.6346445539878,100.0
7120,1,56.984170635288855,56.984170635288855,100.0
7120,2,18.381184810723344,18.381184810723344,100.0
7130,0,31.204119194297842,31.204119194297842,100.0
7130,1,35.90661546828283,35.90661546828283,100.0
7130,2,32.88926533741933,32.88926533741933,100.0
7140,0,22.084934113406813,22.084934113406813,100.0
7140,1,44.025284128695304,44.025284128695304,100.0
7140,2,33.889781757897886,33.889781757897886,100.0
7150,0,36.89995141094807,36.89995141094807,100.0
7150,1,35.48049702163868,35.48049702163868,100.0
7150,2,27.619551567413254,27.619551567413254,100.0
7160,0,37.340944609942106,37.340944609942106,100.0
7160,1,20.384720860598684,20.384720860598684,100.0
7160,2,42.27433452945922,42.27433452945922,100.0
7170,0,15.344218403757079,15.344218403757079,100.0
7170,1,15.22613643428917,15.22613643428917,100.0
7170,2,69.42964516195374,69.42964516195374,100.0
7180,0,36.66225132234198,36.66225132234198,100.0
7180,1,14.692091327946535,14.692091327946535,100.0
7180,2,48.64565734971148,48.64565734971148,100.0
7190,0,51.552949174913806,51.552949174913806,100.0
7190,1,27.92416406251811,27.92416406251811,100.0
7190,2,20.522886762568085,20.522886762568085,100.0
7200,0,35.56303046164852,35.56303046164852,100.0
7200,1,41.144965356467345,41.144965356467345,100.0
7200,2,23.29200418188413,23.29200418188413,100.0
7210,0,64.27330434568375,64.27330434568375,100.0
7210,1,16.44033216619442,16.44033216619442,100.0
7210,2,19.286363488121825,19.286363488121825,100.0
7220,0,48.21669795119406,48.21669795119406,100.0
7220,1,17.715035795254565,17.715035795254565,100.0
7220,2,34.068266253551386,34.068266253551386,100.0
7230,0,19.97107907663098,19.97107907663098,100.0
7230,1,15.868814846448501,15.868814846448501,100.0
7230,2,64.16010607692053,64.16010607692053,100.0
7240,0,61.61038566447159,61.61038566447159,100.0
7240,1,12.806027363489529,12.806027363489529,100.0
7240,2,25.583586972038873,25.583586972038873,100.0
7250,0,48.97908872037826,48.97908872037826,100.0
7250,1,22.265760747520673,22.265760747520673,100.0
7250,2,28.755150532101066,28.755150532101066,100.0
7260,0,22.440227626820437,22.440227626820437,100.0
7260,1,46.50820408173789,46.50820408173789,100.0
7260,2,31.05156829144168,31.05156829144168,100.0
7270,0,14.847852873193778,14.847852873193778,100.0
7270,1,21.00377921347133,21.00377921347133,100.0
7270,2,64.1483679133349,64.1483679133349,100.0
7280,0,48.557896430038895,48.557896430038895,100.0
7280,1,22.635483120741466,22.635483120741466,100.0
7280,2,28.80662044921964,28.80662044921964,100.0
7290,0,11.384963164061313,11.384963164061313,100.0
7290,1,12.481575489914814,12.481575489914814,100.0
7290,2,76.13346134602386,76.13346134602386,100.0
7300,0,51.837234678259016,51.837234678259016,100.0
7300,1,12.177874140801082,12.177874140801082,100.0
7300,2,35.984891180939904,35.984891180939904,100.0
7310,0,42.738298917112914,42.738298917112914,100.0
7310,1,35.78789656279065,35.78789656279065,100.0
7310,2,21.473804520096433,21.473804520096433,100.0
7320,0,58.519048966919364,58.519048966919364,100.0
7320,1,13.244614012460968,13.244614012460968,100.0
7320,2,28.23633702061966,28.23633702061966,100.0
7330,0,51.39434611186277,51.39434611186277,100.0
7330,1,17.809397407747127,17.809397407747127,100.0
7330,2,30.79625648039012,30.79625648039012,100.0
7340,0,21.272722868192,21.272722868192,100.0
7340,1,26.092471113461663,26.092471113461663,100.0
7340,2,52.63480601834634,52.63480601834634,100.0
7350,0,20.194352781397022,20.194352781397022,100.0
7350,1,13.24350439678301,13.24350439678301,100.0
7350,2,66.56214282181998,66.56214282181998,100.0
7360,0,26.854157555514202,26.854157555514202,100.0
7360,1,20.782710711705352,20.782710711705352,100.0
7360,2,52.363131732780445,52.363131732780445,100.0
7370,0,33.184362867801454,33.184362867801454,100.0
7370,1,19.42887581589014,19.42887581589014,100.0
7370,2,47.38676131630841,47.38676131630841,100.0
7380,0,26.493215736997584,26.493215736997584,100.0
7380,1,27.41594704933812,27.41594704933812,100.0
7380,2,46.0908372136643,46.0908372136643,100.0
7390,0,67.16577286376142,67.16577286376142,100.0
7390,1,10.977092251656577,10.977092251656577,100.0
7390,2,21.857134884582013,21.857134884582013,100.0
7400,0,25.301772624234705,25.301772624234705,100.0
7400,1,16.59809968794465,16.59809968794465,100.0
7400,2,58.10012768782066,58.10012768782066,100.0
7410,0,21.562125827739706,21.562125827739706,100.0
7410,1,9.918748578445298,9.918748578445298,100.0
7410,2,68.519125593815,68.519125593815,100.0
7420,0,43.290519419890146,43.290519419890146,100.0
7420,1,37.690476836775694,37.690476836775694,100.0
7420,2,19.019003743334167,19.019003743334167,100.0
7430,0,37.981180830660854,37.981180830660854,100.0
7430,1,15.008579020690535,15.008579020690535,100.0
7430,2,47.010240148648606,47.010240148648606,100.0
7440,0,46.713788524737325,46.713788524737325,100.0
7440,1,32.281437322050856,32.281437322050856,100.0
7440,2,21.004774153211816,21.004774153211816,100.0
7450,0,11.684535492923759,11.684535492923759,100.0
7450,1,71.8170531048328,71.8170531048328,100.0
7450,2,16.498411402243455,16.498411402243455,100.0
7460,0,32.27906595212544,32.27906595212544,100.0
7460,1,34.49720151738584,34.49720151738584,100.0
7460,2,33.22373253048871,33.22373253048871,100.0
7470,0,12.806101881781066,12.806101881781066,100.0
7470,1,21.643747499159794,21.643747499159794,100.0
7470,2,65.55015061905914,65.55015061905914,100.0
7480,0,53.4660363284242,53.4660363284242,100.0
7480,1,19.31107720661248,19.31107720661248,100.0
7480,2,27.22288646496332,27.22288646496332,100.0
7490,0,62.22305518101163,62.22305518101163,100.0
7490,1,15.044590233854693,15.044590233854693,100.0
7490,2,22.732354585133674,22.732354585133674,100.0
7500,0,41.33466856248223,41.33466856248223,100.0
7500,1,16.11345468427893,16.11345468427893,100.0
7500,2,42.55187675323885,42.55187675323885,100.0
7510,0,39.28295668755163,39.28295668755163,100.0
7510,1,49.95753003989183,49.95753003989183,100.0
7510,2,10.759513272556537,10.759513272556537,100.0
7520,0,22.60043864578469,22.60043864578469,100.0
7520,1,49.58889352996862,49.58889352996862,100.0
7520,2,27.810667824246682,27.810667824246682,100.0
7530,0,10.262265498067732,10.262265498067732,100.0
7530,1,43.83242620995479,43.83242620995479,100.0
7530,2,45.905308291977484,45.905308291977484,100.0
7540,0,34.108702068065426,34.108702068065426,100.0
7540,1,37.71690196220598,37.71690196220598,100.0
7540,2,28.174395969728593,28.174395969728593,100.0
7550,0,48.33213407223566,48.33213407223566,100.0
7550,1,27.315987555797587,27.315987555797587,100.0
7550,2,24.351878371966755,24.351878371966755,100.0
7560,0,29.2673818476273,29.2673818476273,100.0
7560,1,22.388768852109546,22.388768852109546,100.0
7560,2,48.34384930026315,48.34384930026315,100.0
7570,0,39.39315305378571,39.39315305378571,100.0
7570,1,38.314400700589566,38.314400700589566,100.0
7570,2,22.292446245624735,22.292446245624735,100.0
7580,0,26.528614047334838,26.528614047334838,100.0
7580,1,14.598856880469366,14.598856880469366,100.0
7580,2,58.8725290721958,58.8725290721958,100.0
7590,0,14.398551596726508,14.398551596726508,100.0
7590,1,11.687956882011278,11.687956882011278,100.0
7590,2,73.91349152126222,73.91349152126222,100.0
7600,0,38.3540480985347,38.3540480985347,100.0
7600,1,43.96690015525087,43.96690015525087,100.0
7600,2,17.679051746214437,17.679051746214437,100.0
7610,0,36.140157907311576,36.140157907311576,100.0
7610,1,44.00539212789735,44.00539212789735,100.0
7610,2,19.85444996479108,19.85444996479108,100.0
7620,0,61.981922349061115,61.981922349061115,100.0
7620,1,18.981015122300736,18.981015122300736,100.0
7620,2,19.037062528638145,19.037062528638145,100.0
7630,0,74.43832014983727,74.43832014983727,100.0
7630,1,12.600174560357596,12.600174560357596,100.0
7630,2,12.961505289805132,12.961505289805132,100.0
7640,0,19.388723127241445,19.388723127241445,100.0
7640,1,24.868278656041905,24.868278656041905,100.0
7640,2,55.74299821671664,55.74299821671664,100.0
7650,0,24.779441198096404,24.779441198096404,100.0
7650,1,25.712009496273986,25.712009496273986,100.0
7650,2,49.508549305629614,49.508549305629614,100.0
7660,0,28.854530418663156,28.854530418663156,100.0
7660,1,59.29373189089727,59.29373189089727,100.0
7660,2,11.851737690439563,11.851737690439563,100.0
7670,0,52.88947945426382,52.88947945426382,100.0
7670,1,20.50115514568755,20.50115514568755,100.0
7670,2,26.609365400048624,26.609365400048624,100.0
7680,0,29.95984772968543,29.95984772968543,100.0
7680,1,30.15153765941288,30.15153765941288,100.0
7680,2,39.8886146109017,39.8886146109017,100.0
7690,0,37.33039386174227,37.33039386174227,100.0
7690,1,31.372461482187543,31.372461482187543,100.0
7690,2,31.2971446560702,31.2971446560702,100.0
7700,0,36.34626250000083,36.34626250000083,100.0
7700,1,15.811692656626274,15.811692656626274,100.0
7700,2,47.842044843372896,47.842044843372896,100.0
7710,0,11.942769596172123,11.942769596172123,100.0
7710,1,11.34008968924213,11.34008968924213,100.0
7710,2,76.71714071458574,76.71714071458574,100.0
7720,0,29.54788455040342,29.54788455040342,100.0
7720,1,57.36464031313324,57.36464031313324,100.0
7720,2,13.08747513646334,13.08747513646334,100.0
7730,0,21.03072090209843,21.03072090209843,100.0
7730,1,14.283852162933162,14.283852162933162,100.0
7730,2,64.6854269349684,64.6854269349684,100.0
7740,0,25.384491725243898,25.384491725243898,100.0
7740,1,17.553523457610353,17.553523457610353,100.0
7740,2,57.06198481714575,57.06198481714575,100.0
7750,0,39.46458508840526,39.46458508840526,100.0
7750,1,31.087774108466103,31.087774108466103,100.0
7750,2,29.44764080312864,29.44764080312864,100.0
7760,0,45.98866349113636,45.98866349113636,100.0
7760,1,15.926366662284439,15.926366662284439,100.0
7760,2,38.08496984657921,38.08496984657921,100.0
7770,0,15.673733554133179,15.673733554133179,100.0
7770,1,13.516547859490291,13.516547859490291,100.0
7770,2,70.80971858637652,70.80971858637652,100.0
7780,0,38.8148783349361,38.8148783349361,100.0
7780,1,41.695934310256575,41.695934310256575,100.0
7780,2,19.489187354807324,19.489187354807324,100.0
7790,0,62.443642209745406,62.443642209745406,100.0
7790,1,13.020513444885925,13.020513444885925,100.0
7790,2,24.535844345368666,24.535844345368666,100.0
7800,0,63.401620215969665,63.401620215969665,100.0
7800,1,13.6967691486533,13.6967691486533,100.0
7800,2,22.901610635377043,22.901610635377043,100.0
7810,0,62.52039755883845,62.52039755883845,100.0
7810,1,14.253628588798403,14.253628588798403,100.0
7810,2,23.225973852363147,23.225973852363147,100.0
7820,0,22.224910658955505,22.224910658955505,100.0
7820,1,41.02318099550177,41.02318099550177,100.0
7820,2,36.75190834554274,36.75190834554274,100.0
7830,0,11.367247238780768,11.367247238780768,100.0
7830,1,13.443601642253537,13.443601642253537,100.0
7830,2,75.1891511189657,75.1891511189657,100.0
7840,0,46.51196461697714,46.51196461697714,100.0
7840,1,35.145945063734075,35.145945063734075,100.0
7840,2,18.34209031928879,18.34209031928879,100.0
7850,0,52.97055509662331,52.97055509662331,100.0
7850,1,36.85237400366907,36.85237400366907,100.0
7850,2,10.177070899707633,10.177070899707633,100.0
7860,0,37.394277717216475,37.394277717216475,100.0
7860,1,31.88374079661492,31.88374079661492,100.0
7860,2,30.72198148616861,30.72198148616861,100.0
7870,0,47.28358205646836,47.28358205646836,100.0
7870,1,25.612399001785775,25.612399001785775,100.0
7870,2,27.104018941745856,27.104018941745856,100.0
7880,0,32.17015712665273,32.17015712665273,100.0
7880,1,44.151862313943376,44.151862313943376,100.0
7880,2,23.677980559403895,23.677980559403895,100.0
7890,0,32.18190729228737,32.18190729228737,100.0
7890,1,12.381390606898984,12.381390606898984,100.0
7890,2,55.43670210081364,55.43670210081364,100.0
7900,0,46.864073989863826,46.864073989863826,100.0
7900,1,37.82495029695415,37.82495029695415,100.0
7900,2,15.310975713182032,15.310975713182032,100.0
7910,0,21.37363017729907,21.37363017729907,100.0
7910,1,29.410674838421286,29.410674838421286,100.0
7910,2,49.215694984279644,49.215694984279644,100.0
7920,0,36.7415856338242,36.7415856338242,100.0
7920,1,12.9655306424937,12.9655306424937,100.0
7920,2,50.2928837236821,50.2928837236821,100.0
7930,0,24.639880048979716,24.639880048979716,100.0
7930,1,53.19532366752875,53.19532366752875,100.0
7930,2,22.164796283491526,22.164796283491526,100.0
7940,0,32.257858692025195,32.257858692025195,100.0
7940,1,20.03065111928333,20.03065111928333,100.0
7940,2,47.71149018869147,47.71149018869147,100.0
7950,0,22.31472474452016,22.31472474452016,100.0
7950,1,13.996497308947095,13.996497308947095,100.0
7950,2,63.688777946532745,63.688777946532745,100.0
7960,0,20.954273702806656,20.954273702806656,100.0
7960,1,44.03731823070349,44.03731823070349,100.0
7960,2,35.00840806648986,35.00840806648986,100.0
7970,0,19.328896640007297,19.328896640007297,100.0
7970,1,30.767689368688995,30.767689368688995,100.0
7970,2,49.903413991303694,49.903413991303694,100.0
7980,0,26.42933560924992,26.42933560924992,100.0
7980,1,45.5424374626854,45.5424374626854,100.0
7980,2,28.028226928064676,28.028226928064676,100.0
7990,0,18.551642852434117,18.551642852434117,100.0
7990,1,60.86935914163292,60.86935914163292,100.0
7990,2,20.578998005932974,20.578998005932974,100.0
8000,0,26.438960686347322,26.438960686347322,100.0
8000,1,22.08073046421464,22.08073046421464,100.0
8000,2,51.48030884943804,51.48030884943804,100.0
8010,0,21.624445645848837,21.624445645848837,100.0
8010,1,12.950762227834012,12.950762227834012,100.0
8010,2,65.42479212631714,65.42479212631714,100.0
8020,0,39.808568650434474,39.808568650434474,100.0
8020,1,19.34751510973137,19.34751510973137,100.0
8020,2,40.84391623983416,40.84391623983416,100.0
8030,0,64.1225718190816,64.1225718190816,100.0
8030,1,23.732372971878164,23.732372971878164,100.0
8030,2,12.145055209040242,12.145055209040242,100.0
8040,0,53.050613850712914,53.050613850712914,100.0
8040,1,13.460404575384791,13.460404575384791,100.0
8040,2,33.488981573902294,33.488981573902294,100.0
8050,0,59.196851320349765,59.196851320349765,100.0
8050,1,20.927639808394748,20.927639808394748,100.0
8050,2,19.87550887125548,19.87550887125548,100.0
8060,0,31.67905080208501,31.67905080208501,100.0
8060,1,45.29546944501995,45.29546944501995,100.0
8060,2,23.02547975289505,23.02547975289505,100.0
8070,0,32.304073319057636,32.304073319057636,100.0
8070,1,10.786223432178463,10.786223432178463,100.0
8070,2,56.9097032487639,56.9097032487639,100.0
8080,0,44.23492574301701,44.23492574301701,100.0
8080,1,28.1283784191261,28.1283784191261,100.0
8080,2,27.6366958378569,27.6366958378569,100.0
8090,0,17.124355721846715,17.124355721846715,100.0
8090,1,16.79890415308356,16.79890415308356,100.0
8090,2,66.07674012506972,66.07674012506972,100.0
8100,0,23.679222369004087,23.679222369004087,100.0
8100,1,31.182772999076764,31.182772999076764,100.0
8100,2,45.138004631919145,45.138004631919145,100.0
8110,0,48.441872620004496,48.441872620004496,100.0
8110,1,20.3783253522354,20.3783253522354,100.0
8110,2,31.17980202776011,31.17980202776011,100.0
8120,0,45.54016726398252,45.54016726398252,100.0
8120,1,19.039007104674916,19.039007104674916,100.0
8120,2,35.42082563134258,35.42082563134258,100.0
8130,0,10.833584484366686,10.833584484366686,100.0
8130,1,12.546191700042684,12.546191700042684,100.0
8130,2,76.62022381559062,76.62022381559062,100.0
8140,0,56.14479784885401,56.14479784885401,100.0
8140,1,18.561569177451805,18.561569177451805,100.0
8140,2,25.293632973694187,25.293632973694187,100.0
8150,0,32.28293835156963,32.28293835156963,100.0
8150,1,21.207081957619472,21.207081957619472,100.0
8150,2,46.50997969081088,46.50997969081088,100.0
8160,0,44.92230210248697,44.92230210248697,100.0
8160,1,9.8697713571087,9.8697713571087,100.0
8160,2,45.20792654040434,45.20792654040434,100.0
8170,0,49.97678812390496,49.97678812390496,100.0
8170,1,20.326397174484388,20.326397174484388,100.0
8170,2,29.69681470161066,29.69681470161066,100.0
8180,0,62.68719377099732,62.68719377099732,100.0
8180,1,16.796783813161028,16.796783813161028,100.0
8180,2,20.516022415841668,20.516022415841668,100.0
8190,0,27.50179101688935,27.50179101688935,100.0
8190,1,9.691960960761904,9.691960960761904,100.0
8190,2,62.806248022348754,62.806248022348754,100.0
8200,0,36.57013757434541,36.57013757434541,100.0
8200,1,11.436345235446515,11.436345235446515,100.0
8200,2,51.99351719020808,51.99351719020808,100.0
8210,0,49.74431585192139,49.74431585192139,100.0
8210,1,15.664692917429127,15.664692917429127,100.0
8210,2,34.59099123064948,34.59099123064948,100.0
8220,0,18.850258517208264,18.850258517208264,100.0
8220,1,26.73349527880659,26.73349527880659,100.0
8220,2,54.41624620398515,54.41624620398515,100.0
8230,0,32.930494194449146,32.930494194449146,100.0
8230,1,28.135061980301153,28.135061980301153,100.0
8230,2,38.9344438252497,38.9344438252497,100.0
8240,0,62.60190192651399,62.60190192651399,100.0
8240,1,27.73517323376814,27.73517323376814,100.0
8240,2,9.662924839717881,9.662924839717881,100.0
8250,0,11.35087768312987,11.35087768312987,100.0
8250,1,12.965863261920116,12.965863261920116,100.0
8250,2,75.68325905495001,75.68325905495001,100.0
8260,0,12.18760087496228,12.18760087496228,100.0
8260,1,23.45879239560436,23.45879239560436,100.0
8260,2,64.35360672943337,64.35360672943337,100.0
8270,0,35.930586772376586,35.930586772376586,100.0
8270,1,24.1752720508083,24.1752720508083,100.0
8270,2,39.894141176815126,39.894141176815126,100.0
8280,0,20.030870251480124,20.030870251480124,100.0
8280,1,12.427450318324713,12.427450318324713,100.0
8280,2,67.54167943019517,67.54167943019517,100.0
8290,0,35.0080479854767,35.0080479854767,100.0
8290,1,28.636406228007022,28.636406228007022,100.0
8290,2,36.35554578651629,36.35554578651629,100.0
8300,0,27.396509150525656,27.396509150525656,100.0
8300,1,23.173619163328723,23.173619163328723,100.0
8300,2,49.42987168614563,49.42987168614563,100.0
8310,0,11.537927697223099,11.537927697223099,100.0
8310,1,11.223256081472195,11.223256081472195,100.0
8310,2,77.2388162213047,77.2388162213047,100.0
8320,0,60.95950396768606,60.95950396768606,100.0
8320,1,10.826365660577517,10.826365660577517,100.0
8320,2,28.214130371736427,28.214130371736427,100.0
8330,0,17.66149725625972,17.66149725625972,100.0
8330,1,30.867147976858185,30.867147976858185,100.0
8330,2,51.47135476688211,51.47135476688211,100.0
8340,0,48.078111799333755,48.078111799333755,100.0
8340,1,9.49457275168266,9.49457275168266,100.0
8340,2,42.427315448983585,42.427315448983585,100.0
8350,0,59.018052016157405,59.018052016157405,100.0
8350,1,25.841391511576905,25.841391511576905,100.0
8350,2,15.1405564722657,15.1405564722657,100.0
8360,0,27.74669278371036,27.74669278371036,100.0
8360,1,15.668183354096609,15.668183354096609,100.0
8360,2,56.58512386219303,56.58512386219303,100.0
8370,0,13.482889214092845,13.482889214092845,100.0
8370,1,22.941277274287348,22.941277274287348,100.0
8370,2,63.57583351161982,63.57583351161982,100.0
8380,0,35.04099493618159,35.04099493618159,100.0
8380,1,14.237444073819109,14.237444073819109,100.0
8380,2,50.721560989999304,50.721560989999304,100.0
8390,0,57.17441324855276,57.17441324855276,100.0
8390,1,31.074488318636504,31.074488318636504,100.0
8390,2,11.751098432810736,11.751098432810736,100.0
8400,0,56.53254598378624,56.53254598378624,100.0
8400,1,23.580962288152097,23.580962288152097,100.0
8400,2,19.88649172806167,19.88649172806167,100.0
8410,0,29.019747233400327,29.019747233400327,100.0
8410,1,16.46255779052412,16.46255779052412,100.0
8410,2,54.517694976075546,54.517694976075546,100.0
8420,0,40.07485505484344,40.07485505484344,100.0
8420,1,42.411684930638316,42.411684930638316,100.0
8420,2,17.513460014518248,17.513460014518248,100.0
8430,0,13.947193653762483,13.947193653762483,100.0
8430,1,12.435259157289082,12.435259157289082,100.0
8430,2,73.61754718894844,73.61754718894844,100.0
8440,0,13.543495512155923,13.543495512155923,100.0
8440,1,50.2841874812889,50.2841874812889,100.0
8440,2,36.172317006555176,36.172317006555176,100.0
8450,0,10.459569975772308,10.459569975772308,100.0
8450,1,31.69853015366521,31.69853015366521,100.0
8450,2,57.841899870562486,57.841899870562486,100.0
8460,0,21.543045769548204,21.543045769548204,100.0
8460,1,22.861010892687478,22.861010892687478,100.0
8460,2,55.59594333776432,55.59594333776432,100.0
8470,0,49.32570314737645,49.32570314737645,100.0
8470,1,17.548666271302515,17.548666271302515,100.0
8470,2,33.12563058132103,33.12563058132103,100.0
8480,0,23.853318972285525,23.853318972285525,100.0
8480,1,47.08883286904138,47.08883286904138,100.0
8480,2,29.057848158673096,29.057848158673096,100.0
8490,0,17.51198934230996,17.51198934230996,100.0
8490,1,19.911125120907876,19.911125120907876,100.0
8490,2,62.576885536782164,62.576885536782164,100.0
8500,0,28.57181042580164,28.57181042580164,100.0
8500,1,15.684149283548182,15.684149283548182,100.0
8500,2,55.74404029065019,55.74404029065019,100.0
8510,0,14.884802045535148,14.884802045535148,100.0
8510,1,11.1516288965153,11.1516288965153,100.0
8510,2,73.96356905794956,73.96356905794956,100.0
8520,0,42.706933210604745,42.706933210604745,100.0
8520,1,9.662746156131028,9.662746156131028,100.0
8520,2,47.630320633264226,47.630320633264226,100.0
8530,0,50.62312787189606,50.62312787189606,100.0
8530,1,11.989917143278253,11.989917143278253,100.0
8530,2,37.38695498482569,37.38695498482569,100.0
8540,0,28.41931659372627,28.41931659372627,100.0
8540,1,14.98478490040845,14.98478490040845,100.0
8540,2,56.595898505865286,56.595898505865286,100.0
8550,0,16.940028209143467,16.940028209143467,100.0
8550,1,14.264533485183506,14.264533485183506,100.0
8550,2,68.79543830567303,68.79543830567303,100.0
8560,0,14.60993094329055,14.60993094329055,100.0
8560,1,26.490997851121158,26.490997851121158,100.0
8560,2,58.89907120558831,58.89907120558831,100.0
8570,0,20.751950725506905,20.751950725506905,100.0
8570,1,22.932210528232115,22.932210528232115,100.0
8570,2,56.31583874626098,56.31583874626098,100.0
8580,0,10.72896604089485,10.72896604089485,100.0
8580,1,41.86280332402062,41.86280332402062,100.0
8580,2,47.408230635084536,47.408230635084536,100.0
8590,0,26.844546378940947,26.844546378940947,100.0
8590,1,15.326654183508879,15.326654183508879,100.0
8590,2,57.82879943755018,57.82879943755018,100.0
8600,0,62.97657952521523,62.97657952521523,100.0
8600,1,13.687249942718168,13.687249942718168,100.0
8600,2,23.33617053206661,23.33617053206661,100.0
8610,0,14.826432039544244,14.826432039544244,100.0
8610,1,11.890619085597928,11.890619085597928,100.0
8610,2,73.28294887485784,73.28294887485784,100.0
8620,0,31.540637066958244,31.540637066958244,100.0
8620,1,9.984462156275308,9.984462156275308,100.0
8620,2,58.47490077676645,58.47490077676645,100.0
8630,0,24.73345385269479,24.73345385269479,100.0
8630,1,32.531765545005356,32.531765545005356,100.0
8630,2,42.73478060229986,42.73478060229986,100.0
8640,0,29.391547051162487,29.391547051162487,100.0
8640,1,47.381350465084836,47.381350465084836,100.0
8640,2,23.227102483752677,23.227102483752677,100.0
8650,0,33.02750412260714,33.02750412260714,100.0
8650,1,40.99721220650123,40.99721220650123,100.0
8650,2,25.975283670891624,25.975283670891624,100.0
8660,0,60.763585583821126,60.763585583821126,100.0
8660,1,24.809613642198126,24.809613642198126,100.0
8660,2,14.426800773980755,14.426800773980755,100.0
8670,0,13.985924966496633,13.985924966496633,100.0
8670,1,19.364155132880594,19.364155132880594,100.0
8670,2,66.64991990062278,66.64991990062278,100.0
8680,0,20.138478484932058,20.138478484932058,100.0
8680,1,52.89201400630582,52.89201400630582,100.0
8680,2,26.969507508762113,26.969507508762113,100.0
8690,0,52.509318133575334,52.509318133575334,100.0
8690,1,30.22418339332345,30.22418339332345,100.0
8690,2,17.26649847310123,17.26649847310123,100.0
8700,0,32.11687356122096,32.11687356122096,100.0
8700,1,28.60256785786259,28.60256785786259,100.0
8700,2,39.280558580916455,39.280558580916455,100.0
8710,0,22.188784603143237,22.188784603143237,100.0
8710,1,65.22467207884807,65.22467207884807,100.0
8710,2,12.586543318008687,12.586543318008687,100.0
8720,0,44.04090026320217,44.04090026320217,100.0
8720,1,12.151092144553207,12.151092144553207,100.0
8720,2,43.80800759224462,43.80800759224462,100.0
8730,0,14.822133290882183,14.822133290882183,100.0
8730,1,10.858317414897218,10.858317414897218,100.0
8730,2,74.3195492942206,74.3195492942206,100.0
8740,0,9.102123130681916,9.102123130681916,100.0
8740,1,37.71940476040558,37.71940476040558,100.0
8740,2,53.1784721089125,53.1784721089125,100.0
8750,0,60.90000668538084,60.90000668538084,100.0
8750,1,19.097254917526104,19.097254917526104,100.0
8750,2,20.002738397093054,20.002738397093054,100.0
8760,0,15.761173414992536,15.761173414992536,100.0
8760,1,53.275989684179706,53.275989684179706,100.0
8760,2,30.96283690082776,30.96283690082776,100.0
8770,0,64.55462736217403,64.55462736217403,100.0
8770,1,25.97448561048611,25.97448561048611,100.0
8770,2,9.470887027339856,9.470887027339856,100.0
8780,0,41.05812718041623,41.05812718041623,100.0
8780,1,9.820210078411304,9.820210078411304,100.0
8780,2,49.121662741172464,49.121662741172464,100.0
8790,0,24.55978862034767,24.55978862034767,100.0
8790,1,11.326621803015751,11.326621803015751,100.0
8790,2,64.11358957663657,64.11358957663657,100.0
8800,0,26.099908163532664,26.099908163532664,100.0
8800,1,33.02448871839753,33.02448871839753,100.0
8800,2,40.8756031180698,40.8756031180698,100.0
8810,0,16.534903955823008,16.534903955823008,100.0
8810,1,59.71554483713605,59.71554483713605,100.0
8810,2,23.749551207040938,23.749551207040938,100.0
8820,0,33.06701266521059,33.06701266521059,100.0
8820,1,23.780018595395486,23.780018595395486,100.0
8820,2,43.15296873939392,43.15296873939392,100.0
8830,0,66.58829363313956,66.58829363313956,100.0
8830,1,15.978540075082185,15.978540075082185,100.0
8830,2,17.43316629177826,17.43316629177826,100.0
8840,0,49.046916635973325,49.046916635973325,100.0
8840,1,34.50104520142227,34.50104520142227,100.0
8840,2,16.452038162604413,16.452038162604413,100.0
8850,0,20.85473127734599,20.85473127734599,100.0
8850,1,14.910333485891798,14.910333485891798,100.0
8850,2,64.23493523676221,64.23493523676221,100.0
8860,0,31.089751549750762,31.089751549750762,100.0
8860,1,42.12116653910724,42.12116653910724,100.0
8860,2,26.789081911142,26.789081911142,100.0
8870,0,47.29618901249615,47.29618901249615,100.0
8870,1,31.60593602508483,31.60593602508483,100.0
8870,2,21.097874962419034,21.097874962419034,100.0
8880,0,58.37368189389317,58.37368189389317,100.0
8880,1,27.73078612065092,27.73078612065092,100.0
8880,2,13.895531985455921,13.895531985455921,100.0
8890,0,49.92348544784616,49.92348544784616,100.0
8890,1,31.710188702774616,31.710188702774616,100.0
8890,2,18.366325849379237,18.366325849379237,100.0
8900,0,18.389560666267126,18.389560666267126,100.0
8900,1,52.35902237823596,52.35902237823596,100.0
8900,2,29.251416955496907,29.251416955496907,100.0
8910,0,16.35926533686628,16.35926533686628,100.0
8910,1,36.875607055424844,36.875607055424844,100.0
8910,2,46.76512760770889,46.76512760770889,100.0
8920,0,16.63560857630802,16.63560857630802,100.0
8920,1,67.07408357634006,67.07408357634006,100.0
8920,2,16.290307847351922,16.290307847351922,100.0
8930,0,39.43725490653132,39.43725490653132,100.0
8930,1,20.681076778920158,20.681076778920158,100.0
8930,2,39.88166831454852,39.88166831454852,100.0
8940,0,9.13289335323012,9.13289335323012,100.0
8940,1,44.970021518484096,44.970021518484096,100.0
8940,2,45.897085128285795,45.897085128285795,100.0
8950,0,67.57576955484002,67.57576955484002,100.0
8950,1,21.872888994014016,21.872888994014016,100.0
8950,2,10.551341451145953,10.551341451145953,100.0
8960,0,58.03324766415193,58.03324766415193,100.0
8960,1,12.17999340400144,12.17999340400144,100.0
8960,2,29.78675893184662,29.78675893184662,100.0
8970,0,12.628160532566069,12.628160532566069,100.0
8970,1,17.477240621841784,17.477240621841784,100.0
8970,2,69.89459884559214,69.89459884559214,100.0
8980,0,66.06348496210134,66.06348496210134,100.0
8980,1,14.614092670675236,14.614092670675236,100.0
8980,2,19.32242236722343,19.32242236722343,100.0
8990,0,30.07131955242629,30.07131955242629,100.0
8990,1,28.655030481168055,28.655030481168055,100.0
8990,2,41.273649966405664,41.273649966405664,100.0
9000,0,35.17055464182518,35.17055464182518,100.0
9000,1,42.66552335165994,42.66552335165994,100.0
9000,2,22.163922006514884,22.163922006514884,100.0
9010,0,18.90408441765165,18.90408441765165,100.0
9010,1,38.495030052672305,38.495030052672305,100.0
9010,2,42.600885529676056,42.600885529676056,100.0
9020,0,61.47527514779287,61.47527514779287,100.0
9020,1,21.48929227508532,21.48929227508532,100.0
9020,2,17.03543257712181,17.03543257712181,100.0
9030,0,14.830407684462706,14.830407684462706,100.0
9030,1,16.931730641891548,16.931730641891548,100.0
9030,2,68.23786167364575,68.23786167364575,100.0
9040,0,58.88500331717347,58.88500331717347,100.0
9040,1,19.657123964583295,19.657123964583295,100.0
9040,2,21.45787271824324,21.45787271824324,100.0
9050,0,55.07321013322293,55.07321013322293,100.0
9050,1,22.16589032189127,22.16589032189127,100.0
9050,2,22.760899544885817,22.760899544885817,100.0
9060,0,41.01396994677671,41.01396994677671,100.0
9060,1,17.512559880318705,17.512559880318705,100.0
9060,2,41.473470172904584,41.473470172904584,100.0
9070,0,32.97775393202996,32.97775393202996,100.0
9070,1,31.178803995033082,31.178803995033082,100.0
9070,2,35.843442072936945,35.843442072936945,100.0
9080,0,14.014451553415663,14.014451553415663,100.0
9080,1,28.302814945022025,28.302814945022025,100.0
9080,2,57.682733501562325,57.682733501562325,100.0
9090,0,14.33292896624547,14.33292896624547,100.0
9090,1,25.549189692383344,25.549189692383344,100.0
9090,2,60.117881341371195,60.117881341371195,100.0
9100,0,63.851412070227575,63.851412070227575,100.0
9100,1,23.796503535121836,23.796503535121836,100.0
9100,2,12.352084394650594,12.352084394650594,100.0
9110,0,36.549984586811554,36.549984586811554,100.0
9110,1,14.874519921679722,14.874519921679722,100.0
9110,2,48.575495491508725,48.575495491508725,100.0
9120,0,34.54003405577524,34.54003405577524,100.0
9120,1,30.790976872089708,30.790976872089708,100.0
9120,2,34.66898907213506,34.66898907213506,100.0
9130,0,57.873583742400825,57.873583742400825,100.0
9130,1,25.56509993808892,25.56509993808892,100.0
9130,2,16.561316319510265,16.561316319510265,100.0
9140,0,42.43717400603254,42.43717400603254,100.0
9140,1,19.254187462309915,19.254187462309915,100.0
9140,2,38.30863853165754,38.30863853165754,100.0
9150,0,17.27447269116385,17.27447269116385,100.0
9150,1,11.949971896864932,11.949971896864932,100.0
9150,2,70.77555541197123,70.77555541197123,100.0
9160,0,46.29863156910967,46.29863156910967,100.0
9160,1,8.742182864139398,8.742182864139398,100.0
9160,2,44.95918556675093,44.95918556675093,100.0
9170,0,11.983228483805593,11.983228483805593,100.0
9170,1,12.812317942683492,12.812317942683492,100.0
9170,2,75.20445357351092,75.20445357351092,100.0
9180,0,22.79747876679846,22.79747876679846,100.0
9180,1,32.715092910420246,32.715092910420246,100.0
9180,2,44.4874283227813,44.4874283227813,100.0
9190,0,15.40783990219447,15.40783990219447,100.0
9190,1,65.30948252260544,65.30948252260544,100.0
9190,2,19.282677575200097,19.282677575200097,100.0
9200,0,13.345669207012618,13.345669207012618,100.0
9200,1,20.94534280914212,20.94534280914212,100.0
9200,2,65.70898798384526,65.70898798384526,100.0
9210,0,11.781318210535726,11.781318210535726,100.0
9210,1,12.102129765420386,12.102129765420386,100.0
9210,2,76.1165520240439,76.1165520240439,100.0
9220,0,48.13897203649644,48.13897203649644,100.0
9220,1,30.774574360315782,30.774574360315782,100.0
9220,2,21.08645360318777,21.08645360318777,100.0
9230,0,13.674745707604297,13.674745707604297,100.0
9230,1,17.60249961541062,17.60249961541062,100.0
9230,2,68.72275467698509,68.72275467698509,100.0
9240,0,32.44573327898549,32.44573327898549,100.0
9240,1,12.810400435090285,12.810400435090285,100.0
9240,2,54.74386628592421,54.74386628592421,100.0
9250,0,44.60110323768425,44.60110323768425,100.0
9250,1,46.38013130499238,46.38013130499238,100.0
9250,2,9.018765457323372,9.018765457323372,100.0
9260,0,43.709763007046035,43.709763007046035,100.0
9260,1,25.092144654226463,25.092144654226463,100.0
9260,2,31.198092338727502,31.198092338727502,100.0
9270,0,10.914472358591684,10.914472358591684,100.0
9270,1,11.847925469306162,11.847925469306162,100.0
9270,2,77.23760217210216,77.23760217210216,100.0
9280,0,40.6684762358067,40.6684762358067,100.0
9280,1,10.542240038576454,10.542240038576454,100.0
9280,2,48.78928372561685,48.78928372561685,100.0
9290,0,61.66571267945439,61.66571267945439,100.0
9290,1,23.780822600220127,23.780822600220127,100.0
9290,2,14.553464720325488,14.553464720325488,100.0
9300,0,32.90961599758431,32.90961599758431,100.0
9300,1,44.73796828922739,44.73796828922739,100.0
9300,2,22.352415713188307,22.352415713188307,100.0
9310,0,47.6841448846023,47.6841448846023,100.0
9310,1,31.86092384104635,31.86092384104635,100.0
9310,2,20.45493127435135,20.45493127435135,100.0
9320,0,35.05547633615524,35.05547633615524,100.0
9320,1,39.22752464046613,39.22752464046613,100.0
9320,2,25.716999023378634,25.716999023378634,100.0
9330,0,18.61804832816213,18.61804832816213,100.0
9330,1,22.87386962151342,22.87386962151342,100.0
9330,2,58.50808205032445,58.50808205032445,100.0
9340,0,37.057923465309,37.057923465309,100.0
9340,1,25.992853035103025,25.992853035103025,100.0
9340,2,36.94922349958798,36.94922349958798,100.0
9350,0,30.27543880966054,30.27543880966054,100.0
9350,1,21.746868952962593,21.746868952962593,100.0
9350,2,47.977692237376864,47.977692237376864,100.0
9360,0,48.391575606285265,48.391575606285265,100.0
9360,1,42.89492035516748,42.89492035516748,100.0
9360,2,8.713504038547265,8.713504038547265,100.0
9370,0,26.915609373967868,26.915609373967868,100.0
9370,1,23.64707389565429,23.64707389565429,100.0
9370,2,49.43731673037784,49.43731673037784,100.0
9380,0,51.01970323091517,51.01970323091517,100.0
9380,1,17.623609416127024,17.623609416127024,100.0
9380,2,31.356687352957813,31.356687352957813,100.0
9390,0,14.569848753184994,14.569848753184994,100.0
9390,1,17.770093807376263,17.770093807376263,100.0
9390,2,67.66005743943875,67.66005743943875,100.0
9400,0,63.509604189917034,63.509604189917034,100.0
9400,1,17.031135829897558,17.031135829897558,100.0
9400,2,19.459259980185404,19.459259980185404,100.0
9410,0,34.860799724682764,34.860799724682764,100.0
9410,1,14.139113913783536,14.139113913783536,100.0
9410,2,51.000086361533704,51.000086361533704,100.0
9420,0,36.72354552538957,36.72354552538957,100.0
9420,1,25.070277240071647,25.070277240071647,100.0
9420,2,38.206177234538785,38.206177234538785,100.0
9430,0,45.50257147686005,45.50257147686005,100.0
9430,1,22.771813153300766,22.771813153300766,100.0
9430,2,31.725615369839193,31.725615369839193,100.0
9440,0,10.066074410590147,10.066074410590147,100.0
9440,1,33.40805696387422,33.40805696387422,100.0
9440,2,56.52586862553562,56.52586862553562,100.0
9450,0,39.697066473528324,39.697066473528324,100.0
9450,1,13.070950758163647,13.070950758163647,100.0
9450,2,47.231982768308015,47.231982768308015,100.0
9460,0,45.319897320989874,45.319897320989874,100.0
9460,1,24.88996129794255,24.88996129794255,100.0
9460,2,29.79014138106757,29.79014138106757,100.0
9470,0,20.07112951091901,20.07112951091901,100.0
9470,1,63.94207346102662,63.94207346102662,100.0
9470,2,15.986797028054381,15.986797028054381,100.0
9480,0,36.766162144073654,36.766162144073654,100.0
9480,1,35.756316172464714,35.756316172464714,100.0
9480,2,27.47752168346163,27.47752168346163,100.0
9490,0,38.408114824189255,38.408114824189255,100.0
9490,1,21.058927291812367,21.058927291812367,100.0
9490,2,40.532957883998385,40.532957883998385,100.0
9500,0,47.82504801917696,47.82504801917696,100.0
9500,1,36.955904301603304,36.955904301603304,100.0
9500,2,15.219047679219736,15.219047679219736,100.0
9510,0,12.984926437795805,12.984926437795805,100.0
9510,1,11.639655152774974,11.639655152774974,100.0
9510,2,75.37541840942922,75.37541840942922,100.0
9520,0,14.090839123783056,14.090839123783056,100.0
9520,1,54.93312458165224,54.93312458165224,100.0
9520,2,30.976036294564715,30.976036294564715,100.0
9530,0,30.049640462714734,30.049640462714734,100.0
9530,1,17.843938977149346,17.843938977149346,100.0
9530,2,52.10642056013592,52.10642056013592,100.0
9540,0,23.491654333980044,23.491654333980044,100.0
9540,1,36.2231119042016,36.2231119042016,100.0
9540,2,40.285233761818354,40.285233761818354,100.0
9550,0,55.29069906227424,55.29069906227424,100.0
9550,1,16.098581422480784,16.098581422480784,100.0
9550,2,28.61071951524498,28.61071951524498,100.0
9560,0,34.00327600658006,34.00327600658006,100.0
9560,1,19.49486576513091,19.49486576513091,100.0
9560,2,46.501858228289024,46.501858228289024,100.0
9570,0,11.69367668232346,11.69367668232346,100.0
9570,1,11.640493021207286,11.640493021207286,100.0
9570,2,76.66583029646924,76.66583029646924,100.0
9580,0,42.923489962600605,42.923489962600605,100.0
9580,1,39.50337506681474,39.50337506681474,100.0
9580,2,17.573134970584654,17.573134970584654,100.0
9590,0,21.495821436913573,21.495821436913573,100.0
9590,1,53.59152664320078,53.59152664320078,100.0
9590,2,24.912651919885644,24.912651919885644,100.0
9600,0,55.418952577045985,55.418952577045985,100.0
9600,1,26.793680706575145,26.793680706575145,100.0
9600,2,17.787366716378862,17.787366716378862,100.0
9610,0,28.023450682652403,28.023450682652403,100.0
9610,1,26.34234669513856,26.34234669513856,100.0
9610,2,45.63420262220904,45.63420262220904,100.0
9620,0,66.00142991879903,66.00142991879903,100.0
9620,1,21.051545476435045,21.051545476435045,100.0
9620,2,12.947024604765922,12.947024604765922,100.0
9630,0,16.56308519772324,16.56308519772324,100.0
9630,1,11.025511073418388,11.025511073418388,100.0
9630,2,72.41140372885837,72.41140372885837,100.0
9640,0,39.94345826368531,39.94345826368531,100.0
9640,1,12.952810384775892,12.952810384775892,100.0
9640,2,47.103731351538805,47.103731351538805,100.0
9650,0,42.07068679017063,42.07068679017063,100.0
9650,1,13.15479405763062,13.15479405763062,100.0
9650,2,44.77451915219875,44.77451915219875,100.0
9660,0,40.38980287183335,40.38980287183335,100.0
9660,1,27.23785554000631,27.23785554000631,100.0
9660,2,32.37234158816033,32.37234158816033,100.0
9670,0,50.676360923869964,50.676360923869964,100.0
9670,1,10.728624020178437,10.728624020178437,100.0
9670,2,38.595015055951606,38.595015055951606,100.0
9680,0,38.5418272192909,38.5418272192909,100.0
9680,1,20.950519990799847,20.950519990799847,100.0
9680,2,40.507652789909244,40.507652789909244,100.0
9690,0,17.38895709047866,17.38895709047866,100.0
9690,1,12.93012112211746,12.93012112211746,100.0
9690,2,69.68092178740389,69.68092178740389,100.0
9700,0,38.99811240407123,38.99811240407123,100.0
9700,1,23.143544493513062,23.143544493513062,100.0
9700,2,37.858343102415716,37.858343102415716,100.0
9710,0,41.350156038172784,41.350156038172784,100.0
9710,1,35.424101659324315,35.424101659324315,100.0
9710,2,23.2257423025029,23.2257423025029,100.0
9720,0,12.543361394279383,12.543361394279383,100.0
9720,1,17.3296488226562,17.3296488226562,100.0
9720,2,70.12698978306442,70.12698978306442,100.0
9730,0,47.60068287691658,47.60068287691658,100.0
9730,1,10.300834005928554,10.300834005928554,100.0
9730,2,42.09848311715487,42.09848311715487,100.0
9740,0,62.17232571502444,62.17232571502444,100.0
9740,1,26.56740757666017,26.56740757666017,100.0
9740,2,11.26026670831539,11.26026670831539,100.0
9750,0,11.436409516605542,11.436409516605542,100.0
9750,1,15.83221248083125,15.83221248083125,100.0
9750,2,72.7313780025632,72.7313780025632,100.0
9760,0,37.767732839209046,37.767732839209046,100.0
9760,1,15.220970988170329,15.220970988170329,100.0
9760,2,47.011296172620625,47.011296172620625,100.0
9770,0,22.46485999331428,22.46485999331428,100.0
9770,1,14.404431131558908,14.404431131558908,100.0
9770,2,63.130708875126814,63.130708875126814,100.0
9780,0,29.36976339407017,29.36976339407017,100.0
9780,1,53.36446484834701,53.36446484834701,100.0
9780,2,17.26577175758283,17.26577175758283,100.0
9790,0,9.42351070443365,9.42351070443365,100.0
9790,1,44.551996980518666,44.551996980518666,100.0
9790,2,46.02449231504769,46.02449231504769,100.0
9800,0,37.67007290889994,37.67007290889994,100.0
9800,1,38.90977579313209,38.90977579313209,100.0
9800,2,23.420151297967973,23.420151297967973,100.0
9810,0,34.624150679454765,34.624150679454765,100.0
9810,1,22.17516555637328,22.17516555637328,100.0
9810,2,43.20068376417196,43.20068376417196,100.0
9820,0,59.92301312921576,59.92301312921576,100.0
9820,1,29.05006819496412,29.05006819496412,100.0
9820,2,11.02691867582012,11.02691867582012,100.0
9830,0,34.98604728896545,34.98604728896545,100.0
9830,1,10.625926869056917,10.625926869056917,100.0
9830,2,54.38802584197763,54.38802584197763,100.0
9840,0,7.222068407989861,7.222068407989861,100.0
9840,1,48.119816460748176,48.119816460748176,100.0
9840,2,44.65811513126198,44.65811513126198,100.0
9850,0,36.47724732263595,36.47724732263595,100.0
9850,1,38.87475372002609,38.87475372002609,100.0
9850,2,24.647998957337958,24.647998957337958,100.0
9860,0,68.37195869962126,68.37195869962126,100.0
9860,1,13.958368226215168,13.958368226215168,100.0
9860,2,17.669673074163573,17.669673074163573,100.0
9870,0,20.12719507638294,20.12719507638294,100.0
9870,1,10.812030650199565,10.812030650199565,100.0
9870,2,69.06077427341751,69.06077427341751,100.0
9880,0,30.636562264710353,30.636562264710353,100.0
9880,1,38.6492528414714,38.6492528414714,100.0
9880,2,30.714184893818235,30.714184893818235,100.0
9890,0,50.115556844482356,50.115556844482356,100.0
9890,1,24.3179761921062,24.3179761921062,100.0
9890,2,25.566466963411443,25.566466963411443,100.0
9900,0,54.92551095822071,54.92551095822071,100.0
9900,1,36.51499505419592,36.51499505419592,100.0
9900,2,8.559493987583364,8.559493987583364,100.0
9910,0,45.96173127451933,45.96173127451933,100.0
9910,1,26.785202018392777,26.785202018392777,100.0
9910,2,27.253066707087886,27.253066707087886,100.0
9920,0,66.4782115805314,66.4782115805314,100.0
9920,1,16.066202296954778,16.066202296954778,100.0
9920,2,17.455586122513843,17.455586122513843,100.0
9930,0,35.10301994273288,35.10301994273288,100.0
9930,1,17.821290058218057,17.821290058218057,100.0
9930,2,47.07568999904907,47.07568999904907,100.0
9940,0,18.782747290502375,18.782747290502375,100.0
9940,1,39.46924575435822,39.46924575435822,100.0
9940,2,41.7480069551394,41.7480069551394,100.0
9950,0,50.64073435593062,50.64073435593062,100.0
9950,1,21.621572058302217,21.621572058302217,100.0
9950,2,27.737693585767165,27.737693585767165,100.0
9960,0,44.83390283159102,44.83390283159102,100.0
9960,1,14.364979964172322,14.364979964172322,100.0
9960,2,40.801117204236654,40.801117204236654,100.0
9970,0,36.56869720617673,36.56869720617673,100.0
9970,1,18.837514891807167,18.837514891807167,100.0
9970,2,44.59378790201611,44.59378790201611,100.0
9980,0,25.257335000748988,25.257335000748988,100.0
9980,1,37.892488104273156,37.892488104273156,100.0
9980,2,36.850176894977864,36.850176894977864,100.0
9990,0,17.556991962412667,17.556991962412667,100.0
9990,1,16.071857971496648,16.071857971496648,100.0
9990,2,66.37115006609068,66.37115006609068,100.0
