callId,timeMs,scenario,slot,bwpId,beamId,sliceId,rnti,bufQueueSize,dlTbSizeBefore,hasDemand,demandPassed,rbgAllocated,uniqueRbgs,tbSizeBytes,mcs,rank,numRbPerRbg,reason
1,503,normal,0,0,65535_65535,0,1,3069,0,0,1,0,0,0,15,1,1,pre_allocation
1,503,normal,0,0,65535_65535,0,1,3069,35,1,1,1,1,35,15,1,1,allocated
1,503,normal,0,0,65535_65535,0,2,3069,0,0,1,0,0,0,15,1,1,pre_allocation
1,503,normal,0,0,65535_65535,0,2,3069,35,1,1,1,1,35,15,1,1,allocated
1,503,normal,0,0,65535_65535,0,3,3069,0,0,1,0,0,0,15,1,1,pre_allocation
1,503,normal,0,0,65535_65535,0,3,3069,35,1,1,1,1,35,15,1,1,allocated
1,503,normal,0,0,65535_65535,0,4,3069,0,0,1,0,0,0,15,1,1,pre_allocation
1,503,normal,0,0,65535_65535,0,4,3069,35,1,1,1,1,35,15,1,1,allocated
1,503,normal,0,0,65535_65535,0,5,3069,0,0,1,0,0,0,15,1,1,pre_allocation
1,503,normal,0,0,65535_65535,0,5,3069,35,1,1,1,1,35,15,1,1,allocated
1,503,normal,0,0,65535_65535,0,1,3069,35,0,1,0,1,0,15,1,1,pre_allocation
1,503,normal,0,0,65535_65535,0,1,3069,74,1,1,1,2,74,15,1,1,allocated
1,503,normal,0,0,65535_65535,0,2,3069,35,0,1,0,1,0,15,1,1,pre_allocation
1,503,normal,0,0,65535_65535,0,2,3069,74,1,1,1,2,74,15,1,1,allocated
1,503,normal,0,0,65535_65535,0,3,3069,35,0,1,0,1,0,15,1,1,pre_allocation
1,503,normal,0,0,65535_65535,0,3,3069,74,1,1,1,2,74,15,1,1,allocated
1,503,normal,0,0,65535_65535,0,4,3069,35,0,1,0,1,0,15,1,1,pre_allocation
1,503,normal,0,0,65535_65535,0,4,3069,74,1,1,1,2,74,15,1,1,allocated
1,503,normal,0,0,65535_65535,0,5,3069,35,0,1,0,1,0,15,1,1,pre_allocation
1,503,normal,0,0,65535_65535,0,5,3069,74,1,1,1,2,74,15,1,1,allocated
1,503,normal,0,0,65535_65535,0,1,3069,74,0,1,0,2,0,15,1,1,pre_allocation
1,503,normal,0,0,65535_65535,0,1,3069,112,1,1,1,3,112,15,1,1,allocated
1,503,normal,0,0,65535_65535,0,2,3069,74,0,1,0,2,0,15,1,1,pre_allocation
1,503,normal,0,0,65535_65535,0,2,3069,112,1,1,1,3,112,15,1,1,allocated
1,503,normal,0,0,65535_65535,0,3,3069,74,0,1,0,2,0,15,1,1,pre_allocation
1,503,normal,0,0,65535_65535,0,3,3069,112,1,1,1,3,112,15,1,1,allocated
1,503,normal,0,0,65535_65535,0,4,3069,74,0,1,0,2,0,15,1,1,pre_allocation
1,503,normal,0,0,65535_65535,0,4,3069,112,1,1,1,3,112,15,1,1,allocated
1,503,normal,0,0,65535_65535,0,5,3069,74,0,1,0,2,0,15,1,1,pre_allocation
1,503,normal,0,0,65535_65535,0,5,3069,112,1,1,1,3,112,15,1,1,allocated
1,503,normal,0,0,65535_65535,0,1,3069,112,0,1,0,3,0,15,1,1,pre_allocation
1,503,normal,0,0,65535_65535,0,1,3069,151,1,1,1,4,151,15,1,1,allocated
1,503,normal,0,0,65535_65535,0,2,3069,112,0,1,0,3,0,15,1,1,pre_allocation
1,503,normal,0,0,65535_65535,0,2,3069,151,1,1,1,4,151,15,1,1,allocated
1,503,normal,0,0,65535_65535,0,3,3069,112,0,1,0,3,0,15,1,1,pre_allocation
1,503,normal,0,0,65535_65535,0,3,3069,151,1,1,1,4,151,15,1,1,allocated
1,503,normal,0,0,65535_65535,0,4,3069,112,0,1,0,3,0,15,1,1,pre_allocation
1,503,normal,0,0,65535_65535,0,4,3069,151,1,1,1,4,151,15,1,1,allocated
1,503,normal,0,0,65535_65535,0,5,3069,112,0,1,0,3,0,15,1,1,pre_allocation
1,503,normal,0,0,65535_65535,0,5,3069,151,1,1,1,4,151,15,1,1,allocated
1,503,normal,0,0,65535_65535,0,1,3069,151,0,1,0,4,0,15,1,1,pre_allocation
1,503,normal,0,0,65535_65535,0,1,3069,190,1,1,1,5,190,15,1,1,allocated
1,503,normal,0,0,65535_65535,0,2,3069,151,0,1,0,4,0,15,1,1,pre_allocation
1,503,normal,0,0,65535_65535,0,2,3069,190,1,1,1,5,190,15,1,1,allocated
1,503,normal,0,0,65535_65535,0,3,3069,151,0,1,0,4,0,15,1,1,pre_allocation
1,503,normal,0,0,65535_65535,0,3,3069,190,1,1,1,5,190,15,1,1,allocated
1,503,normal,0,0,65535_65535,0,4,3069,151,0,1,0,4,0,15,1,1,pre_allocation
1,503,normal,0,0,65535_65535,0,4,3069,190,1,1,1,5,190,15,1,1,allocated
1,503,normal,0,0,65535_65535,0,5,3069,151,0,1,0,4,0,15,1,1,pre_allocation
1,503,normal,0,0,65535_65535,0,5,3069,190,1,1,1,5,190,15,1,1,allocated
1,503,normal,0,0,65535_65535,0,1,3069,190,0,1,0,5,0,15,1,1,pre_allocation
1,503,normal,0,0,65535_65535,0,1,3069,228,1,1,1,6,228,15,1,1,allocated
1,503,normal,0,0,65535_65535,0,2,3069,190,0,1,0,5,0,15,1,1,pre_allocation
1,503,normal,0,0,65535_65535,0,2,3069,228,1,1,1,6,228,15,1,1,allocated
1,503,normal,0,0,65535_65535,0,3,3069,190,0,1,0,5,0,15,1,1,pre_allocation
1,503,normal,0,0,65535_65535,0,3,3069,228,1,1,1,6,228,15,1,1,allocated
1,503,normal,0,0,65535_65535,0,4,3069,190,0,1,0,5,0,15,1,1,pre_allocation
1,503,normal,0,0,65535_65535,0,4,3069,228,1,1,1,6,228,15,1,1,allocated
1,503,normal,0,0,65535_65535,0,5,3069,190,0,1,0,5,0,15,1,1,pre_allocation
1,503,normal,0,0,65535_65535,0,5,3069,228,1,1,1,6,228,15,1,1,allocated
1,503,normal,0,0,65535_65535,0,1,3069,228,0,1,0,6,0,15,1,1,pre_allocation
1,503,normal,0,0,65535_65535,0,1,3069,267,1,1,1,7,267,15,1,1,allocated
1,503,normal,0,0,65535_65535,0,2,3069,228,0,1,0,6,0,15,1,1,pre_allocation
1,503,normal,0,0,65535_65535,0,2,3069,267,1,1,1,7,267,15,1,1,allocated
1,503,normal,0,0,65535_65535,0,3,3069,228,0,1,0,6,0,15,1,1,pre_allocation
1,503,normal,0,0,65535_65535,0,3,3069,267,1,1,1,7,267,15,1,1,allocated
1,503,normal,0,0,65535_65535,0,4,3069,228,0,1,0,6,0,15,1,1,pre_allocation
1,503,normal,0,0,65535_65535,0,4,3069,267,1,1,1,7,267,15,1,1,allocated
1,503,normal,0,0,65535_65535,0,5,3069,228,0,1,0,6,0,15,1,1,pre_allocation
1,503,normal,0,0,65535_65535,0,5,3069,267,1,1,1,7,267,15,1,1,allocated
1,503,normal,0,0,65535_65535,0,1,3069,267,0,1,0,7,0,15,1,1,pre_allocation
1,503,normal,0,0,65535_65535,0,1,3069,305,1,1,1,8,305,15,1,1,allocated
1,503,normal,0,0,65535_65535,0,2,3069,267,0,1,0,7,0,15,1,1,pre_allocation
1,503,normal,0,0,65535_65535,0,2,3069,305,1,1,1,8,305,15,1,1,allocated
1,503,normal,0,0,65535_65535,0,3,3069,267,0,1,0,7,0,15,1,1,pre_allocation
1,503,normal,0,0,65535_65535,0,3,3069,305,1,1,1,8,305,15,1,1,allocated
1,503,normal,0,0,65535_65535,0,4,3069,267,0,1,0,7,0,15,1,1,pre_allocation
1,503,normal,0,0,65535_65535,0,4,3069,305,1,1,1,8,305,15,1,1,allocated
1,503,normal,0,0,65535_65535,0,5,3069,267,0,1,0,7,0,15,1,1,pre_allocation
1,503,normal,0,0,65535_65535,0,5,3069,305,1,1,1,8,305,15,1,1,allocated
1,503,normal,0,0,65535_65535,0,1,3069,305,0,1,0,8,0,15,1,1,pre_allocation
1,503,normal,0,0,65535_65535,0,1,3069,344,1,1,1,9,344,15,1,1,allocated
1,503,normal,0,0,65535_65535,0,2,3069,305,0,1,0,8,0,15,1,1,pre_allocation
1,503,normal,0,0,65535_65535,0,2,3069,344,1,1,1,9,344,15,1,1,allocated
1,503,normal,0,0,65535_65535,0,3,3069,305,0,1,0,8,0,15,1,1,pre_allocation
1,503,normal,0,0,65535_65535,0,3,3069,344,1,1,1,9,344,15,1,1,allocated
1,503,normal,0,0,65535_65535,0,4,3069,305,0,1,0,8,0,15,1,1,pre_allocation
1,503,normal,0,0,65535_65535,0,4,3069,344,1,1,1,9,344,15,1,1,allocated
1,503,normal,0,0,65535_65535,0,5,3069,305,0,1,0,8,0,15,1,1,pre_allocation
1,503,normal,0,0,65535_65535,0,5,3069,344,1,1,1,9,344,15,1,1,allocated
1,503,normal,0,0,65535_65535,0,1,3069,344,0,1,0,9,0,15,1,1,pre_allocation
1,503,normal,0,0,65535_65535,0,1,3069,383,1,1,1,10,383,15,1,1,allocated
1,503,normal,0,0,65535_65535,0,2,3069,344,0,1,0,9,0,15,1,1,pre_allocation
1,503,normal,0,0,65535_65535,0,2,3069,383,1,1,1,10,383,15,1,1,allocated
1,503,normal,0,0,65535_65535,0,3,3069,344,0,1,0,9,0,15,1,1,pre_allocation
1,503,normal,0,0,65535_65535,0,3,3069,383,1,1,1,10,383,15,1,1,allocated
1,503,normal,0,0,65535_65535,0,4,3069,344,0,1,0,9,0,15,1,1,pre_allocation
1,503,normal,0,0,65535_65535,0,4,3069,383,1,1,1,10,383,15,1,1,allocated
1,503,normal,0,0,65535_65535,0,5,3069,344,0,1,0,9,0,15,1,1,pre_allocation
1,503,normal,0,0,65535_65535,0,5,3069,383,1,1,1,10,383,15,1,1,allocated
1,503,normal,0,0,65535_65535,0,1,3069,383,0,1,0,10,0,15,1,1,pre_allocation
1,503,normal,0,0,65535_65535,0,1,3069,421,1,1,1,11,421,15,1,1,allocated
1,503,normal,0,0,65535_65535,0,2,3069,383,0,1,0,10,0,15,1,1,pre_allocation
1,503,normal,0,0,65535_65535,0,2,3069,421,1,1,1,11,421,15,1,1,allocated
1,503,normal,0,0,65535_65535,0,3,3069,383,0,1,0,10,0,15,1,1,pre_allocation
1,503,normal,0,0,65535_65535,0,3,3069,421,1,1,1,11,421,15,1,1,allocated
1,503,normal,0,0,65535_65535,0,4,3069,383,0,1,0,10,0,15,1,1,pre_allocation
1,503,normal,0,0,65535_65535,0,4,3069,421,1,1,1,11,421,15,1,1,allocated
1,503,normal,0,0,65535_65535,0,5,3069,383,0,1,0,10,0,15,1,1,pre_allocation
1,503,normal,0,0,65535_65535,0,5,3069,421,1,1,1,11,421,15,1,1,allocated
1,503,normal,0,0,65535_65535,0,1,3069,421,0,1,0,11,0,15,1,1,pre_allocation
1,503,normal,0,0,65535_65535,0,1,3069,460,1,1,1,12,460,15,1,1,allocated
1,503,normal,0,0,65535_65535,0,2,3069,421,0,1,0,11,0,15,1,1,pre_allocation
1,503,normal,0,0,65535_65535,0,2,3069,460,1,1,1,12,460,15,1,1,allocated
1,503,normal,0,0,65535_65535,0,3,3069,421,0,1,0,11,0,15,1,1,pre_allocation
1,503,normal,0,0,65535_65535,0,3,3069,460,1,1,1,12,460,15,1,1,allocated
1,503,normal,0,0,65535_65535,0,4,3069,421,0,1,0,11,0,15,1,1,pre_allocation
1,503,normal,0,0,65535_65535,0,4,3069,460,1,1,1,12,460,15,1,1,allocated
1,503,normal,0,0,65535_65535,0,5,3069,421,0,1,0,11,0,15,1,1,pre_allocation
1,503,normal,0,0,65535_65535,0,5,3069,460,1,1,1,12,460,15,1,1,allocated
1,503,normal,0,0,65535_65535,0,1,3069,460,0,1,0,12,0,15,1,1,pre_allocation
1,503,normal,0,0,65535_65535,0,1,3069,498,1,1,1,13,498,15,1,1,allocated
1,503,normal,0,0,65535_65535,0,2,3069,460,0,1,0,12,0,15,1,1,pre_allocation
1,503,normal,0,0,65535_65535,0,2,3069,498,1,1,1,13,498,15,1,1,allocated
1,503,normal,0,0,65535_65535,0,3,3069,460,0,1,0,12,0,15,1,1,pre_allocation
1,503,normal,0,0,65535_65535,0,3,3069,498,1,1,1,13,498,15,1,1,allocated
1,503,normal,0,0,65535_65535,0,4,3069,460,0,1,0,12,0,15,1,1,pre_allocation
1,503,normal,0,0,65535_65535,0,4,3069,498,1,1,1,13,498,15,1,1,allocated
1,503,normal,0,0,65535_65535,0,5,3069,460,0,1,0,12,0,15,1,1,pre_allocation
1,503,normal,0,0,65535_65535,0,5,3069,498,1,1,1,13,498,15,1,1,allocated
1,503,normal,0,0,65535_65535,0,1,3069,498,0,1,0,13,0,15,1,1,pre_allocation
1,503,normal,0,0,65535_65535,0,1,3069,537,1,1,1,14,537,15,1,1,allocated
1,503,normal,0,0,65535_65535,0,2,3069,498,0,1,0,13,0,15,1,1,pre_allocation
1,503,normal,0,0,65535_65535,0,2,3069,537,1,1,1,14,537,15,1,1,allocated
1,503,normal,0,0,65535_65535,0,3,3069,498,0,1,0,13,0,15,1,1,pre_allocation
1,503,normal,0,0,65535_65535,0,3,3069,537,1,1,1,14,537,15,1,1,allocated
1,503,normal,0,0,65535_65535,0,4,3069,498,0,1,0,13,0,15,1,1,pre_allocation
1,503,normal,0,0,65535_65535,0,4,3069,537,1,1,1,14,537,15,1,1,allocated
1,503,normal,0,0,65535_65535,0,5,3069,498,0,1,0,13,0,15,1,1,pre_allocation
1,503,normal,0,0,65535_65535,0,5,3069,537,1,1,1,14,537,15,1,1,allocated
1,503,normal,0,0,65535_65535,0,1,3069,537,0,1,0,14,0,15,1,1,pre_allocation
1,503,normal,0,0,65535_65535,0,1,3069,576,1,1,1,15,576,15,1,1,allocated
1,503,normal,0,0,65535_65535,0,2,3069,537,0,1,0,14,0,15,1,1,pre_allocation
1,503,normal,0,0,65535_65535,0,2,3069,576,1,1,1,15,576,15,1,1,allocated
1,503,normal,0,0,65535_65535,0,3,3069,537,0,1,0,14,0,15,1,1,pre_allocation
1,503,normal,0,0,65535_65535,0,3,3069,576,1,1,1,15,576,15,1,1,allocated
1,503,normal,0,0,65535_65535,0,4,3069,537,0,1,0,14,0,15,1,1,pre_allocation
1,503,normal,0,0,65535_65535,0,4,3069,576,1,1,1,15,576,15,1,1,allocated
1,503,normal,0,0,65535_65535,0,5,3069,537,0,1,0,14,0,15,1,1,pre_allocation
1,503,normal,0,0,65535_65535,0,5,3069,576,1,1,1,15,576,15,1,1,allocated
1,503,normal,0,0,65535_65535,0,1,3069,576,0,1,0,15,0,15,1,1,pre_allocation
1,503,normal,0,0,65535_65535,0,1,3069,614,1,1,1,16,614,15,1,1,allocated
1,503,normal,0,0,65535_65535,0,2,3069,576,0,1,0,15,0,15,1,1,pre_allocation
1,503,normal,0,0,65535_65535,0,2,3069,614,1,1,1,16,614,15,1,1,allocated
1,503,normal,0,0,65535_65535,0,3,3069,576,0,1,0,15,0,15,1,1,pre_allocation
1,503,normal,0,0,65535_65535,0,3,3069,614,1,1,1,16,614,15,1,1,allocated
1,503,normal,0,0,65535_65535,0,4,3069,576,0,1,0,15,0,15,1,1,pre_allocation
1,503,normal,0,0,65535_65535,0,4,3069,614,1,1,1,16,614,15,1,1,allocated
1,503,normal,0,0,65535_65535,0,5,3069,576,0,1,0,15,0,15,1,1,pre_allocation
1,503,normal,0,0,65535_65535,0,5,3069,614,1,1,1,16,614,15,1,1,allocated
1,503,normal,0,0,65535_65535,0,1,3069,614,0,1,0,16,0,15,1,1,pre_allocation
1,503,normal,0,0,65535_65535,0,1,3069,653,1,1,1,17,653,15,1,1,allocated
1,503,normal,0,0,65535_65535,0,2,3069,614,0,1,0,16,0,15,1,1,pre_allocation
1,503,normal,0,0,65535_65535,0,2,3069,653,1,1,1,17,653,15,1,1,allocated
1,503,normal,0,0,65535_65535,0,3,3069,614,0,1,0,16,0,15,1,1,pre_allocation
1,503,normal,0,0,65535_65535,0,3,3069,653,1,1,1,17,653,15,1,1,allocated
1,503,normal,0,0,65535_65535,0,4,3069,614,0,1,0,16,0,15,1,1,pre_allocation
1,503,normal,0,0,65535_65535,0,4,3069,653,1,1,1,17,653,15,1,1,allocated
1,503,normal,0,0,65535_65535,0,5,3069,614,0,1,0,16,0,15,1,1,pre_allocation
1,503,normal,0,0,65535_65535,0,5,3069,653,1,1,1,17,653,15,1,1,allocated
1,503,normal,0,0,65535_65535,0,1,3069,653,0,1,0,17,0,15,1,1,pre_allocation
1,503,normal,0,0,65535_65535,0,1,3069,691,1,1,1,18,691,15,1,1,allocated
1,503,normal,0,0,65535_65535,0,2,3069,653,0,1,0,17,0,15,1,1,pre_allocation
1,503,normal,0,0,65535_65535,0,2,3069,691,1,1,1,18,691,15,1,1,allocated
1,503,normal,0,0,65535_65535,0,3,3069,653,0,1,0,17,0,15,1,1,pre_allocation
1,503,normal,0,0,65535_65535,0,3,3069,691,1,1,1,18,691,15,1,1,allocated
1,503,normal,0,0,65535_65535,0,4,3069,653,0,1,0,17,0,15,1,1,pre_allocation
1,503,normal,0,0,65535_65535,0,4,3069,691,1,1,1,18,691,15,1,1,allocated
1,503,normal,0,0,65535_65535,0,5,3069,653,0,1,0,17,0,15,1,1,pre_allocation
1,503,normal,0,0,65535_65535,0,5,3069,691,1,1,1,18,691,15,1,1,allocated
1,503,normal,0,0,65535_65535,0,1,3069,691,0,1,0,18,0,15,1,1,pre_allocation
1,503,normal,0,0,65535_65535,0,1,3069,730,1,1,1,19,730,15,1,1,allocated
1,503,normal,0,0,65535_65535,0,2,3069,691,0,1,0,18,0,15,1,1,pre_allocation
1,503,normal,0,0,65535_65535,0,2,3069,730,1,1,1,19,730,15,1,1,allocated
1,503,normal,0,0,65535_65535,0,3,3069,691,0,1,0,18,0,15,1,1,pre_allocation
1,503,normal,0,0,65535_65535,0,3,3069,730,1,1,1,19,730,15,1,1,allocated
1,503,normal,0,0,65535_65535,0,4,3069,691,0,1,0,18,0,15,1,1,pre_allocation
1,503,normal,0,0,65535_65535,0,4,3069,730,1,1,1,19,730,15,1,1,allocated
1,503,normal,0,0,65535_65535,0,5,3069,691,0,1,0,18,0,15,1,1,pre_allocation
1,503,normal,0,0,65535_65535,0,5,3069,730,1,1,1,19,730,15,1,1,allocated
1,503,normal,0,0,65535_65535,0,1,3069,730,0,1,0,19,0,15,1,1,pre_allocation
1,503,normal,0,0,65535_65535,0,1,3069,769,1,1,1,20,769,15,1,1,allocated
1,503,normal,0,0,65535_65535,0,2,3069,730,0,1,0,19,0,15,1,1,pre_allocation
1,503,normal,0,0,65535_65535,0,2,3069,769,1,1,1,20,769,15,1,1,allocated
1,503,normal,0,0,65535_65535,0,3,3069,730,0,1,0,19,0,15,1,1,pre_allocation
1,503,normal,0,0,65535_65535,0,3,3069,769,1,1,1,20,769,15,1,1,allocated
1,503,normal,0,0,65535_65535,0,4,3069,730,0,1,0,19,0,15,1,1,pre_allocation
1,503,normal,0,0,65535_65535,0,4,3069,769,1,1,1,20,769,15,1,1,allocated
1,503,normal,0,0,65535_65535,0,5,3069,730,0,1,0,19,0,15,1,1,pre_allocation
1,503,normal,0,0,65535_65535,0,5,3069,769,1,1,1,20,769,15,1,1,allocated
1,503,normal,0,0,65535_65535,0,1,3069,769,0,1,0,20,0,15,1,1,pre_allocation
1,503,normal,0,0,65535_65535,0,1,3069,807,1,1,1,21,807,15,1,1,allocated
1,503,normal,0,0,65535_65535,0,2,3069,769,0,1,0,20,0,15,1,1,pre_allocation
1,503,normal,0,0,65535_65535,0,2,3069,807,1,1,1,21,807,15,1,1,allocated
1,503,normal,0,0,65535_65535,0,3,3069,769,0,1,0,20,0,15,1,1,pre_allocation
1,503,normal,0,0,65535_65535,0,3,3069,807,1,1,1,21,807,15,1,1,allocated
1,503,normal,0,0,65535_65535,0,4,3069,769,0,1,0,20,0,15,1,1,pre_allocation
1,503,normal,0,0,65535_65535,0,4,3069,807,1,1,1,21,807,15,1,1,allocated
1,503,normal,0,0,65535_65535,0,5,3069,769,0,1,0,20,0,15,1,1,pre_allocation
1,503,normal,0,0,65535_65535,0,5,3069,807,1,1,1,21,807,15,1,1,allocated
1,503,normal,0,0,65535_65535,0,1,3069,807,0,1,0,21,0,15,1,1,pre_allocation
1,503,normal,0,0,65535_65535,0,1,3069,846,1,1,1,22,846,15,1,1,allocated
1,503,normal,0,0,65535_65535,0,2,3069,807,0,1,0,21,0,15,1,1,pre_allocation
1,503,normal,0,0,65535_65535,0,2,3069,846,1,1,1,22,846,15,1,1,allocated
1,503,normal,0,0,65535_65535,0,3,3069,807,0,1,0,21,0,15,1,1,pre_allocation
1,503,normal,0,0,65535_65535,0,3,3069,846,1,1,1,22,846,15,1,1,allocated
1,503,normal,0,0,65535_65535,0,4,3069,807,0,1,0,21,0,15,1,1,pre_allocation
1,503,normal,0,0,65535_65535,0,4,3069,846,1,1,1,22,846,15,1,1,allocated
1,503,normal,0,0,65535_65535,0,5,3069,807,0,1,0,21,0,15,1,1,pre_allocation
1,503,normal,0,0,65535_65535,0,5,3069,846,1,1,1,22,846,15,1,1,allocated
1,503,normal,0,0,65535_65535,0,1,3069,846,0,1,0,22,0,15,1,1,pre_allocation
1,503,normal,0,0,65535_65535,0,1,3069,885,1,1,1,23,885,15,1,1,allocated
1,503,normal,0,0,65535_65535,0,2,3069,846,0,1,0,22,0,15,1,1,pre_allocation
1,503,normal,0,0,65535_65535,0,2,3069,885,1,1,1,23,885,15,1,1,allocated
1,503,normal,0,0,65535_65535,0,3,3069,846,0,1,0,22,0,15,1,1,pre_allocation
1,503,normal,0,0,65535_65535,0,3,3069,885,1,1,1,23,885,15,1,1,allocated
1,503,normal,0,0,65535_65535,0,4,3069,846,0,1,0,22,0,15,1,1,pre_allocation
1,503,normal,0,0,65535_65535,0,4,3069,885,1,1,1,23,885,15,1,1,allocated
1,503,normal,0,0,65535_65535,0,5,3069,846,0,1,0,22,0,15,1,1,pre_allocation
1,503,normal,0,0,65535_65535,0,5,3069,885,1,1,1,23,885,15,1,1,allocated
1,503,normal,0,0,65535_65535,0,1,3069,885,0,1,0,23,0,15,1,1,pre_allocation
1,503,normal,0,0,65535_65535,0,1,3069,923,1,1,1,24,923,15,1,1,allocated
1,503,normal,0,0,65535_65535,0,2,3069,885,0,1,0,23,0,15,1,1,pre_allocation
1,503,normal,0,0,65535_65535,0,2,3069,923,1,1,1,24,923,15,1,1,allocated
1,503,normal,0,0,65535_65535,0,3,3069,885,0,1,0,23,0,15,1,1,pre_allocation
1,503,normal,0,0,65535_65535,0,3,3069,923,1,1,1,24,923,15,1,1,allocated
1,503,normal,0,0,65535_65535,0,4,3069,885,0,1,0,23,0,15,1,1,pre_allocation
1,503,normal,0,0,65535_65535,0,4,3069,923,1,1,1,24,923,15,1,1,allocated
1,503,normal,0,0,65535_65535,0,5,3069,885,0,1,0,23,0,15,1,1,pre_allocation
1,503,normal,0,0,65535_65535,0,5,3069,923,1,1,1,24,923,15,1,1,allocated
1,503,normal,0,0,65535_65535,0,1,3069,923,0,1,0,24,0,15,1,1,pre_allocation
1,503,normal,0,0,65535_65535,0,1,3069,962,1,1,1,25,962,15,1,1,allocated
1,503,normal,0,0,65535_65535,0,2,3069,923,0,1,0,24,0,15,1,1,pre_allocation
1,503,normal,0,0,65535_65535,0,2,3069,962,1,1,1,25,962,15,1,1,allocated
1,503,normal,0,0,65535_65535,0,3,3069,923,0,1,0,24,0,15,1,1,pre_allocation
1,503,normal,0,0,65535_65535,0,3,3069,962,1,1,1,25,962,15,1,1,allocated
1,503,normal,0,0,65535_65535,0,4,3069,923,0,1,0,24,0,15,1,1,pre_allocation
1,503,normal,0,0,65535_65535,0,4,3069,962,1,1,1,25,962,15,1,1,allocated
1,503,normal,0,0,65535_65535,0,5,3069,923,0,1,0,24,0,15,1,1,pre_allocation
1,503,normal,0,0,65535_65535,0,5,3069,962,1,1,1,25,962,15,1,1,allocated
1,503,normal,0,0,65535_65535,0,1,3069,962,0,1,0,25,0,15,1,1,pre_allocation
1,503,normal,0,0,65535_65535,0,1,3069,1000,1,1,1,26,1000,15,1,1,allocated
1,503,normal,0,0,65535_65535,0,2,3069,962,0,1,0,25,0,15,1,1,pre_allocation
1,503,normal,0,0,65535_65535,0,2,3069,1000,1,1,1,26,1000,15,1,1,allocated
1,503,normal,0,0,65535_65535,0,3,3069,962,0,1,0,25,0,15,1,1,pre_allocation
1,503,normal,0,0,65535_65535,0,3,3069,1000,1,1,1,26,1000,15,1,1,allocated
1,503,normal,0,0,65535_65535,0,4,3069,962,0,1,0,25,0,15,1,1,pre_allocation
1,503,normal,0,0,65535_65535,0,4,3069,1000,1,1,1,26,1000,15,1,1,allocated
1,503,normal,0,0,65535_65535,0,5,3069,962,0,1,0,25,0,15,1,1,pre_allocation
1,503,normal,0,0,65535_65535,0,5,3069,1000,1,1,1,26,1000,15,1,1,allocated
1,503,normal,0,0,65535_65535,0,1,3069,1000,0,1,0,26,0,15,1,1,pre_allocation
1,503,normal,0,0,65535_65535,0,1,3069,1039,1,1,1,27,1039,15,1,1,allocated
1,503,normal,0,0,65535_65535,0,2,3069,1000,0,1,0,26,0,15,1,1,pre_allocation
1,503,normal,0,0,65535_65535,0,2,3069,1039,1,1,1,27,1039,15,1,1,allocated
1,503,normal,0,0,65535_65535,0,3,3069,1000,0,1,0,26,0,15,1,1,pre_allocation
1,503,normal,0,0,65535_65535,0,3,3069,1039,1,1,1,27,1039,15,1,1,allocated
1,503,normal,0,0,65535_65535,0,4,3069,1000,0,1,0,26,0,15,1,1,pre_allocation
1,503,normal,0,0,65535_65535,0,4,3069,1039,1,1,1,27,1039,15,1,1,allocated
1,503,normal,0,0,65535_65535,0,5,3069,1000,0,1,0,26,0,15,1,1,pre_allocation
1,503,normal,0,0,65535_65535,0,5,3069,1039,1,1,1,27,1039,15,1,1,allocated
1,503,normal,0,0,65535_65535,0,1,3069,1039,0,1,0,27,0,15,1,1,pre_allocation
1,503,normal,0,0,65535_65535,0,1,3069,1078,1,1,1,28,1078,15,1,1,allocated
1,503,normal,0,0,65535_65535,0,2,3069,1039,0,1,0,27,0,15,1,1,pre_allocation
1,503,normal,0,0,65535_65535,0,2,3069,1078,1,1,1,28,1078,15,1,1,allocated
1,503,normal,0,0,65535_65535,0,3,3069,1039,0,1,0,27,0,15,1,1,pre_allocation
1,503,normal,0,0,65535_65535,0,3,3069,1078,1,1,1,28,1078,15,1,1,allocated
1,503,normal,0,0,65535_65535,0,4,3069,1039,0,1,0,27,0,15,1,1,pre_allocation
1,503,normal,0,0,65535_65535,0,4,3069,1078,1,1,1,28,1078,15,1,1,allocated
1,503,normal,0,0,65535_65535,0,5,3069,1039,0,1,0,27,0,15,1,1,pre_allocation
1,503,normal,0,0,65535_65535,0,5,3069,1078,1,1,1,28,1078,15,1,1,allocated
1,503,normal,0,0,65535_65535,0,1,3069,1078,0,1,0,28,0,15,1,1,pre_allocation
1,503,normal,0,0,65535_65535,0,1,3069,1116,1,1,1,29,1116,15,1,1,allocated
1,503,normal,0,0,65535_65535,0,2,3069,1078,0,1,0,28,0,15,1,1,pre_allocation
1,503,normal,0,0,65535_65535,0,2,3069,1116,1,1,1,29,1116,15,1,1,allocated
1,503,normal,0,0,65535_65535,0,3,3069,1078,0,1,0,28,0,15,1,1,pre_allocation
1,503,normal,0,0,65535_65535,0,3,3069,1116,1,1,1,29,1116,15,1,1,allocated
1,503,normal,0,0,65535_65535,0,4,3069,1078,0,1,0,28,0,15,1,1,pre_allocation
1,503,normal,0,0,65535_65535,0,4,3069,1116,1,1,1,29,1116,15,1,1,allocated
1,503,normal,0,0,65535_65535,0,5,3069,1078,0,1,0,28,0,15,1,1,pre_allocation
1,503,normal,0,0,65535_65535,0,5,3069,1116,1,1,1,29,1116,15,1,1,allocated
1,503,normal,0,0,65535_65535,0,1,3069,1116,0,1,0,29,0,15,1,1,pre_allocation
1,503,normal,0,0,65535_65535,0,1,3069,1155,1,1,1,30,1155,15,1,1,allocated
1,503,normal,0,0,65535_65535,0,2,3069,1116,0,1,0,29,0,15,1,1,pre_allocation
1,503,normal,0,0,65535_65535,0,2,3069,1155,1,1,1,30,1155,15,1,1,allocated
1,503,normal,0,0,65535_65535,0,3,3069,1116,0,1,0,29,0,15,1,1,pre_allocation
1,503,normal,0,0,65535_65535,0,3,3069,1155,1,1,1,30,1155,15,1,1,allocated
1,503,normal,0,0,65535_65535,0,4,3069,1116,0,1,0,29,0,15,1,1,pre_allocation
1,503,normal,0,0,65535_65535,0,4,3069,1155,1,1,1,30,1155,15,1,1,allocated
1,503,normal,0,0,65535_65535,0,5,3069,1116,0,1,0,29,0,15,1,1,pre_allocation
1,503,normal,0,0,65535_65535,0,5,3069,1155,1,1,1,30,1155,15,1,1,allocated
1,503,normal,0,0,65535_65535,0,1,3069,1155,0,1,0,30,0,15,1,1,pre_allocation
1,503,normal,0,0,65535_65535,0,1,3069,1193,1,1,1,31,1193,15,1,1,allocated
1,503,normal,0,0,65535_65535,0,2,3069,1155,0,1,0,30,0,15,1,1,pre_allocation
1,503,normal,0,0,65535_65535,0,2,3069,1193,1,1,1,31,1193,15,1,1,allocated
1,503,normal,0,0,65535_65535,0,3,3069,1155,0,1,0,30,0,15,1,1,pre_allocation
1,503,normal,0,0,65535_65535,0,3,3069,1193,1,1,1,31,1193,15,1,1,allocated
1,503,normal,0,0,65535_65535,0,4,3069,1155,0,1,0,30,0,15,1,1,pre_allocation
1,503,normal,0,0,65535_65535,0,4,3069,1193,1,1,1,31,1193,15,1,1,allocated
1,503,normal,0,0,65535_65535,0,5,3069,1155,0,1,0,30,0,15,1,1,pre_allocation
1,503,normal,0,0,65535_65535,0,5,3069,1193,1,1,1,31,1193,15,1,1,allocated
1,503,normal,0,0,65535_65535,0,1,3069,1193,0,1,0,31,0,15,1,1,pre_allocation
1,503,normal,0,0,65535_65535,0,1,3069,1232,1,1,1,32,1232,15,1,1,allocated
1,503,normal,0,0,65535_65535,0,2,3069,1193,0,1,0,31,0,15,1,1,pre_allocation
1,503,normal,0,0,65535_65535,0,2,3069,1232,1,1,1,32,1232,15,1,1,allocated
1,503,normal,0,0,65535_65535,0,3,3069,1193,0,1,0,31,0,15,1,1,pre_allocation
1,503,normal,0,0,65535_65535,0,3,3069,1232,1,1,1,32,1232,15,1,1,allocated
1,503,normal,0,0,65535_65535,0,4,3069,1193,0,1,0,31,0,15,1,1,pre_allocation
1,503,normal,0,0,65535_65535,0,4,3069,1232,1,1,1,32,1232,15,1,1,allocated
1,503,normal,0,0,65535_65535,0,5,3069,1193,0,1,0,31,0,15,1,1,pre_allocation
1,503,normal,0,0,65535_65535,0,5,3069,1232,1,1,1,32,1232,15,1,1,allocated
1,503,normal,0,0,65535_65535,0,1,3069,1232,0,1,0,32,0,15,1,1,pre_allocation
1,503,normal,0,0,65535_65535,0,1,3069,1271,1,1,1,33,1271,15,1,1,allocated
1,503,normal,0,0,65535_65535,0,2,3069,1232,0,1,0,32,0,15,1,1,pre_allocation
1,503,normal,0,0,65535_65535,0,2,3069,1271,1,1,1,33,1271,15,1,1,allocated
1,503,normal,0,0,65535_65535,0,3,3069,1232,0,1,0,32,0,15,1,1,pre_allocation
1,503,normal,0,0,65535_65535,0,3,3069,1271,1,1,1,33,1271,15,1,1,allocated
1,503,normal,0,0,65535_65535,0,4,3069,1232,0,1,0,32,0,15,1,1,pre_allocation
1,503,normal,0,0,65535_65535,0,4,3069,1271,1,1,1,33,1271,15,1,1,allocated
1,503,normal,0,0,65535_65535,0,5,3069,1232,0,1,0,32,0,15,1,1,pre_allocation
1,503,normal,0,0,65535_65535,0,5,3069,1271,1,1,1,33,1271,15,1,1,allocated
1,503,normal,0,0,65535_65535,0,1,3069,1271,0,1,0,33,0,15,1,1,pre_allocation
1,503,normal,0,0,65535_65535,0,1,3069,1309,1,1,1,34,1309,15,1,1,allocated
1,503,normal,0,0,65535_65535,0,2,3069,1271,0,1,0,33,0,15,1,1,pre_allocation
1,503,normal,0,0,65535_65535,0,2,3069,1309,1,1,1,34,1309,15,1,1,allocated
1,503,normal,0,0,65535_65535,0,3,3069,1271,0,1,0,33,0,15,1,1,pre_allocation
1,503,normal,0,0,65535_65535,0,3,3069,1309,1,1,1,34,1309,15,1,1,allocated
1,503,normal,0,0,65535_65535,0,4,3069,1271,0,1,0,33,0,15,1,1,pre_allocation
1,503,normal,0,0,65535_65535,0,4,3069,1309,1,1,1,34,1309,15,1,1,allocated
1,503,normal,0,0,65535_65535,0,5,3069,1271,0,1,0,33,0,15,1,1,pre_allocation
1,503,normal,0,0,65535_65535,0,5,3069,1309,1,1,1,34,1309,15,1,1,allocated
1,503,normal,0,0,65535_65535,0,1,3069,1309,0,1,0,34,0,15,1,1,pre_allocation
1,503,normal,0,0,65535_65535,0,1,3069,1348,1,1,1,35,1348,15,1,1,allocated
1,503,normal,0,0,65535_65535,0,2,3069,1309,0,1,0,34,0,15,1,1,pre_allocation
1,503,normal,0,0,65535_65535,0,2,3069,1348,1,1,1,35,1348,15,1,1,allocated
1,503,normal,0,0,65535_65535,0,3,3069,1309,0,1,0,34,0,15,1,1,pre_allocation
1,503,normal,0,0,65535_65535,0,3,3069,1348,1,1,1,35,1348,15,1,1,allocated
1,503,normal,0,0,65535_65535,0,4,3069,1309,0,1,0,34,0,15,1,1,pre_allocation
1,503,normal,0,0,65535_65535,0,4,3069,1348,1,1,1,35,1348,15,1,1,allocated
1,503,normal,0,0,65535_65535,0,5,3069,1309,0,1,0,34,0,15,1,1,pre_allocation
1,503,normal,0,0,65535_65535,0,5,3069,1348,1,1,1,35,1348,15,1,1,allocated
1,503,normal,0,0,65535_65535,0,1,3069,1348,0,1,0,35,0,15,1,1,pre_allocation
1,503,normal,0,0,65535_65535,0,1,3069,1386,1,1,1,36,1386,15,1,1,allocated
1,503,normal,0,0,65535_65535,0,2,3069,1348,0,1,0,35,0,15,1,1,pre_allocation
1,503,normal,0,0,65535_65535,0,2,3069,1386,1,1,1,36,1386,15,1,1,allocated
1,503,normal,0,0,65535_65535,0,3,3069,1348,0,1,0,35,0,15,1,1,pre_allocation
1,503,normal,0,0,65535_65535,0,3,3069,1386,1,1,1,36,1386,15,1,1,allocated
1,503,normal,0,0,65535_65535,0,4,3069,1348,0,1,0,35,0,15,1,1,pre_allocation
1,503,normal,0,0,65535_65535,0,4,3069,1386,1,1,1,36,1386,15,1,1,allocated
1,503,normal,0,0,65535_65535,0,5,3069,1348,0,1,0,35,0,15,1,1,pre_allocation
1,503,normal,0,0,65535_65535,0,5,3069,1386,1,1,1,36,1386,15,1,1,allocated
1,503,normal,0,0,65535_65535,0,1,3069,1386,0,1,0,36,0,15,1,1,pre_allocation
1,503,normal,0,0,65535_65535,0,1,3069,1425,1,1,1,37,1425,15,1,1,allocated
1,503,normal,0,0,65535_65535,0,2,3069,1386,0,1,0,36,0,15,1,1,pre_allocation
1,503,normal,0,0,65535_65535,0,2,3069,1425,1,1,1,37,1425,15,1,1,allocated
1,503,normal,0,0,65535_65535,0,3,3069,1386,0,1,0,36,0,15,1,1,pre_allocation
1,503,normal,0,0,65535_65535,0,3,3069,1425,1,1,1,37,1425,15,1,1,allocated
1,503,normal,0,0,65535_65535,0,4,3069,1386,0,1,0,36,0,15,1,1,pre_allocation
1,503,normal,0,0,65535_65535,0,4,3069,1425,1,1,1,37,1425,15,1,1,allocated
1,503,normal,0,0,65535_65535,0,5,3069,1386,0,1,0,36,0,15,1,1,pre_allocation
1,503,normal,0,0,65535_65535,0,5,3069,1425,1,1,1,37,1425,15,1,1,allocated
1,503,normal,0,0,65535_65535,0,1,3069,1425,0,1,0,37,0,15,1,1,pre_allocation
1,503,normal,0,0,65535_65535,0,1,3069,1464,1,1,1,38,1464,15,1,1,allocated
1,503,normal,0,0,65535_65535,0,2,3069,1425,0,1,0,37,0,15,1,1,pre_allocation
1,503,normal,0,0,65535_65535,0,2,3069,1464,1,1,1,38,1464,15,1,1,allocated
1,503,normal,0,0,65535_65535,0,3,3069,1425,0,1,0,37,0,15,1,1,pre_allocation
1,503,normal,0,0,65535_65535,0,3,3069,1464,1,1,1,38,1464,15,1,1,allocated
1,503,normal,0,0,65535_65535,0,4,3069,1425,0,1,0,37,0,15,1,1,pre_allocation
1,503,normal,0,0,65535_65535,0,4,3069,1464,1,1,1,38,1464,15,1,1,allocated
1,503,normal,0,0,65535_65535,0,5,3069,1425,0,1,0,37,0,15,1,1,pre_allocation
1,503,normal,0,0,65535_65535,0,5,3069,1464,1,1,1,38,1464,15,1,1,allocated
1,503,normal,0,0,65535_65535,0,1,3069,1464,0,1,0,38,0,15,1,1,pre_allocation
1,503,normal,0,0,65535_65535,0,1,3069,1502,1,1,1,39,1502,15,1,1,allocated
1,503,normal,0,0,65535_65535,0,2,3069,1464,0,1,0,38,0,15,1,1,pre_allocation
1,503,normal,0,0,65535_65535,0,2,3069,1502,1,1,1,39,1502,15,1,1,allocated
1,503,normal,0,0,65535_65535,0,3,3069,1464,0,1,0,38,0,15,1,1,pre_allocation
1,503,normal,0,0,65535_65535,0,3,3069,1502,1,1,1,39,1502,15,1,1,allocated
1,503,normal,0,0,65535_65535,0,4,3069,1464,0,1,0,38,0,15,1,1,pre_allocation
1,503,normal,0,0,65535_65535,0,4,3069,1502,1,1,1,39,1502,15,1,1,allocated
1,503,normal,0,0,65535_65535,0,5,3069,1464,0,1,0,38,0,15,1,1,pre_allocation
1,503,normal,0,0,65535_65535,0,5,3069,1502,1,1,1,39,1502,15,1,1,allocated
1,503,normal,0,0,65535_65535,0,1,3069,1502,0,1,0,39,0,15,1,1,pre_allocation
1,503,normal,0,0,65535_65535,0,1,3069,1538,1,1,1,40,1538,15,1,1,allocated
1,503,normal,0,0,65535_65535,0,2,3069,1502,0,1,0,39,0,15,1,1,pre_allocation
1,503,normal,0,0,65535_65535,0,2,3069,1538,1,1,1,40,1538,15,1,1,allocated
1,503,normal,0,0,65535_65535,0,3,3069,1502,0,1,0,39,0,15,1,1,pre_allocation
1,503,normal,0,0,65535_65535,0,3,3069,1538,1,1,1,40,1538,15,1,1,allocated
1,503,normal,0,0,65535_65535,0,4,3069,1502,0,1,0,39,0,15,1,1,pre_allocation
1,503,normal,0,0,65535_65535,0,4,3069,1538,1,1,1,40,1538,15,1,1,allocated
1,503,normal,0,0,65535_65535,0,5,3069,1502,0,1,0,39,0,15,1,1,pre_allocation
1,503,normal,0,0,65535_65535,0,5,3069,1538,1,1,1,40,1538,15,1,1,allocated
1,503,normal,0,0,65535_65535,0,1,3069,1538,0,1,0,40,0,15,1,1,pre_allocation
1,503,normal,0,0,65535_65535,0,1,3069,1577,1,1,1,41,1577,15,1,1,allocated
1,503,normal,0,0,65535_65535,0,2,3069,1538,0,1,0,40,0,15,1,1,pre_allocation
1,503,normal,0,0,65535_65535,0,2,3069,1577,1,1,1,41,1577,15,1,1,allocated
1,503,normal,0,0,65535_65535,0,3,3069,1538,0,1,0,40,0,15,1,1,pre_allocation
1,503,normal,0,0,65535_65535,0,3,3069,1577,1,1,1,41,1577,15,1,1,allocated
1,503,normal,0,0,65535_65535,0,4,3069,1538,0,1,0,40,0,15,1,1,pre_allocation
1,503,normal,0,0,65535_65535,0,4,3069,1577,1,1,1,41,1577,15,1,1,allocated
1,503,normal,0,0,65535_65535,0,5,3069,1538,0,1,0,40,0,15,1,1,pre_allocation
1,503,normal,0,0,65535_65535,0,5,3069,1577,1,1,1,41,1577,15,1,1,allocated
1,503,normal,0,0,65535_65535,0,1,3069,1577,0,1,0,41,0,15,1,1,pre_allocation
1,503,normal,0,0,65535_65535,0,1,3069,1615,1,1,1,42,1615,15,1,1,allocated
1,503,normal,0,0,65535_65535,0,2,3069,1577,0,1,0,41,0,15,1,1,pre_allocation
1,503,normal,0,0,65535_65535,0,2,3069,1615,1,1,1,42,1615,15,1,1,allocated
1,503,normal,0,0,65535_65535,0,3,3069,1577,0,1,0,41,0,15,1,1,pre_allocation
1,503,normal,0,0,65535_65535,0,3,3069,1615,1,1,1,42,1615,15,1,1,allocated
1,503,normal,0,0,65535_65535,0,4,3069,1577,0,1,0,41,0,15,1,1,pre_allocation
1,503,normal,0,0,65535_65535,0,4,3069,1615,1,1,1,42,1615,15,1,1,allocated
1,503,normal,0,0,65535_65535,0,5,3069,1577,0,1,0,41,0,15,1,1,pre_allocation
1,503,normal,0,0,65535_65535,0,5,3069,1615,1,1,1,42,1615,15,1,1,allocated
1,503,normal,0,0,65535_65535,0,1,3069,1615,0,1,0,42,0,15,1,1,pre_allocation
1,503,normal,0,0,65535_65535,0,1,3069,1654,1,1,1,43,1654,15,1,1,allocated
1,503,normal,0,0,65535_65535,0,2,3069,1615,0,1,0,42,0,15,1,1,pre_allocation
1,503,normal,0,0,65535_65535,0,2,3069,1654,1,1,1,43,1654,15,1,1,allocated
1,503,normal,0,0,65535_65535,0,3,3069,1615,0,1,0,42,0,15,1,1,pre_allocation
1,503,normal,0,0,65535_65535,0,3,3069,1654,1,1,1,43,1654,15,1,1,allocated
1,503,normal,0,0,65535_65535,0,4,3069,1615,0,1,0,42,0,15,1,1,pre_allocation
1,503,normal,0,0,65535_65535,0,4,3069,1654,1,1,1,43,1654,15,1,1,allocated
1,503,normal,0,0,65535_65535,0,5,3069,1615,0,1,0,42,0,15,1,1,pre_allocation
1,503,normal,0,0,65535_65535,0,5,3069,1654,1,1,1,43,1654,15,1,1,allocated
1,503,normal,0,0,65535_65535,0,1,3069,1654,0,1,0,43,0,15,1,1,pre_allocation
1,503,normal,0,0,65535_65535,0,1,3069,1692,1,1,1,44,1692,15,1,1,allocated
1,503,normal,0,0,65535_65535,0,2,3069,1654,0,1,0,43,0,15,1,1,pre_allocation
1,503,normal,0,0,65535_65535,0,2,3069,1692,1,1,1,44,1692,15,1,1,allocated
1,503,normal,0,0,65535_65535,0,3,3069,1654,0,1,0,43,0,15,1,1,pre_allocation
1,503,normal,0,0,65535_65535,0,3,3069,1692,1,1,1,44,1692,15,1,1,allocated
1,503,normal,0,0,65535_65535,0,4,3069,1654,0,1,0,43,0,15,1,1,pre_allocation
1,503,normal,0,0,65535_65535,0,4,3069,1692,1,1,1,44,1692,15,1,1,allocated
1,503,normal,0,0,65535_65535,0,5,3069,1654,0,1,0,43,0,15,1,1,pre_allocation
1,503,normal,0,0,65535_65535,0,5,3069,1692,1,1,1,44,1692,15,1,1,allocated
1,503,normal,0,0,65535_65535,0,1,3069,1692,0,1,0,44,0,15,1,1,pre_allocation
1,503,normal,0,0,65535_65535,0,1,3069,1731,1,1,1,45,1731,15,1,1,allocated
1,503,normal,0,0,65535_65535,0,2,3069,1692,0,1,0,44,0,15,1,1,pre_allocation
1,503,normal,0,0,65535_65535,0,2,3069,1731,1,1,1,45,1731,15,1,1,allocated
1,503,normal,0,0,65535_65535,0,3,3069,1692,0,1,0,44,0,15,1,1,pre_allocation
1,503,normal,0,0,65535_65535,0,3,3069,1731,1,1,1,45,1731,15,1,1,allocated
1,503,normal,0,0,65535_65535,0,4,3069,1692,0,1,0,44,0,15,1,1,pre_allocation
1,503,normal,0,0,65535_65535,0,4,3069,1731,1,1,1,45,1731,15,1,1,allocated
1,503,normal,0,0,65535_65535,0,5,3069,1692,0,1,0,44,0,15,1,1,pre_allocation
1,503,normal,0,0,65535_65535,0,5,3069,1731,1,1,1,45,1731,15,1,1,allocated
1,503,normal,0,0,65535_65535,0,1,3069,1731,0,1,0,45,0,15,1,1,pre_allocation
1,503,normal,0,0,65535_65535,0,1,3069,1770,1,1,1,46,1770,15,1,1,allocated
1,503,normal,0,0,65535_65535,0,2,3069,1731,0,1,0,45,0,15,1,1,pre_allocation
1,503,normal,0,0,65535_65535,0,2,3069,1770,1,1,1,46,1770,15,1,1,allocated
1,503,normal,0,0,65535_65535,0,3,3069,1731,0,1,0,45,0,15,1,1,pre_allocation
1,503,normal,0,0,65535_65535,0,3,3069,1770,1,1,1,46,1770,15,1,1,allocated
1,503,normal,0,0,65535_65535,0,4,3069,1731,0,1,0,45,0,15,1,1,pre_allocation
1,503,normal,0,0,65535_65535,0,4,3069,1770,1,1,1,46,1770,15,1,1,allocated
1,503,normal,0,0,65535_65535,0,5,3069,1731,0,1,0,45,0,15,1,1,pre_allocation
1,503,normal,0,0,65535_65535,0,5,3069,1770,1,1,1,46,1770,15,1,1,allocated
1,503,normal,0,0,65535_65535,0,1,3069,1770,0,1,0,46,0,15,1,1,pre_allocation
1,503,normal,0,0,65535_65535,0,1,3069,1808,1,1,1,47,1808,15,1,1,allocated
1,503,normal,0,0,65535_65535,0,2,3069,1770,0,1,0,46,0,15,1,1,pre_allocation
1,503,normal,0,0,65535_65535,0,2,3069,1808,1,1,1,47,1808,15,1,1,allocated
1,503,normal,0,0,65535_65535,0,3,3069,1770,0,1,0,46,0,15,1,1,pre_allocation
1,503,normal,0,0,65535_65535,0,3,3069,1808,1,1,1,47,1808,15,1,1,allocated
1,503,normal,0,0,65535_65535,0,4,3069,1770,0,1,0,46,0,15,1,1,pre_allocation
1,503,normal,0,0,65535_65535,0,4,3069,1808,1,1,1,47,1808,15,1,1,allocated
1,503,normal,0,0,65535_65535,0,5,3069,1770,0,1,0,46,0,15,1,1,pre_allocation
1,503,normal,0,0,65535_65535,0,5,3069,1808,1,1,1,47,1808,15,1,1,allocated
1,503,normal,0,0,65535_65535,0,1,3069,1808,0,1,0,47,0,15,1,1,pre_allocation
1,503,normal,0,0,65535_65535,0,1,3069,1847,1,1,1,48,1847,15,1,1,allocated
1,503,normal,0,0,65535_65535,0,2,3069,1808,0,1,0,47,0,15,1,1,pre_allocation
1,503,normal,0,0,65535_65535,0,2,3069,1847,1,1,1,48,1847,15,1,1,allocated
1,503,normal,0,0,65535_65535,0,3,3069,1808,0,1,0,47,0,15,1,1,pre_allocation
1,503,normal,0,0,65535_65535,0,3,3069,1847,1,1,1,48,1847,15,1,1,allocated
1,503,normal,0,0,65535_65535,0,4,3069,1808,0,1,0,47,0,15,1,1,pre_allocation
1,503,normal,0,0,65535_65535,0,4,3069,1847,1,1,1,48,1847,15,1,1,allocated
1,503,normal,0,0,65535_65535,0,5,3069,1808,0,1,0,47,0,15,1,1,pre_allocation
1,503,normal,0,0,65535_65535,0,5,3069,1847,1,1,1,48,1847,15,1,1,allocated
1,503,normal,0,0,65535_65535,0,1,3069,1847,0,1,0,48,0,15,1,1,pre_allocation
1,503,normal,0,0,65535_65535,0,1,3069,1885,1,1,1,49,1885,15,1,1,allocated
1,503,normal,0,0,65535_65535,0,2,3069,1847,0,1,0,48,0,15,1,1,pre_allocation
1,503,normal,0,0,65535_65535,0,2,3069,1885,1,1,1,49,1885,15,1,1,allocated
1,503,normal,0,0,65535_65535,0,3,3069,1847,0,1,0,48,0,15,1,1,pre_allocation
1,503,normal,0,0,65535_65535,0,3,3069,1885,1,1,1,49,1885,15,1,1,allocated
1,503,normal,0,0,65535_65535,0,4,3069,1847,0,1,0,48,0,15,1,1,pre_allocation
1,503,normal,0,0,65535_65535,0,4,3069,1885,1,1,1,49,1885,15,1,1,allocated
1,503,normal,0,0,65535_65535,0,5,3069,1847,0,1,0,48,0,15,1,1,pre_allocation
1,503,normal,0,0,65535_65535,0,5,3069,1885,1,1,1,49,1885,15,1,1,allocated
1,503,normal,0,0,65535_65535,0,1,3069,1885,0,1,0,49,0,15,1,1,pre_allocation
1,503,normal,0,0,65535_65535,0,1,3069,1924,1,1,1,50,1924,15,1,1,allocated
1,503,normal,0,0,65535_65535,0,2,3069,1885,0,1,0,49,0,15,1,1,pre_allocation
1,503,normal,0,0,65535_65535,0,2,3069,1924,1,1,1,50,1924,15,1,1,allocated
1,503,normal,0,0,65535_65535,0,3,3069,1885,0,1,0,49,0,15,1,1,pre_allocation
1,503,normal,0,0,65535_65535,0,3,3069,1924,1,1,1,50,1924,15,1,1,allocated
1,503,normal,0,0,65535_65535,0,4,3069,1885,0,1,0,49,0,15,1,1,pre_allocation
1,503,normal,0,0,65535_65535,0,4,3069,1924,1,1,1,50,1924,15,1,1,allocated
1,503,normal,0,0,65535_65535,0,5,3069,1885,0,1,0,49,0,15,1,1,pre_allocation
1,503,normal,0,0,65535_65535,0,5,3069,1924,1,1,1,50,1924,15,1,1,allocated
1,503,normal,0,0,65535_65535,0,1,3069,1924,0,1,0,50,0,15,1,1,pre_allocation
1,503,normal,0,0,65535_65535,0,1,3069,1963,1,1,1,51,1963,15,1,1,allocated
1,503,normal,0,0,65535_65535,0,2,3069,1924,0,1,0,50,0,15,1,1,pre_allocation
1,503,normal,0,0,65535_65535,0,2,3069,1963,1,1,1,51,1963,15,1,1,allocated
1,503,normal,0,0,65535_65535,0,3,3069,1924,0,1,0,50,0,15,1,1,pre_allocation
1,503,normal,0,0,65535_65535,0,3,3069,1963,1,1,1,51,1963,15,1,1,allocated
1,503,normal,0,0,65535_65535,0,4,3069,1924,0,1,0,50,0,15,1,1,pre_allocation
1,503,normal,0,0,65535_65535,0,4,3069,1963,1,1,1,51,1963,15,1,1,allocated
1,503,normal,0,0,65535_65535,0,5,3069,1924,0,1,0,50,0,15,1,1,pre_allocation
1,503,normal,0,0,65535_65535,0,5,3069,1963,1,1,1,51,1963,15,1,1,allocated
1,503,normal,0,0,65535_65535,0,1,3069,1963,0,1,0,51,0,15,1,1,pre_allocation
1,503,normal,0,0,65535_65535,0,1,3069,2001,1,1,1,52,2001,15,1,1,allocated
1,503,normal,0,0,65535_65535,0,2,3069,1963,0,1,0,51,0,15,1,1,pre_allocation
1,503,normal,0,0,65535_65535,0,2,3069,2001,1,1,1,52,2001,15,1,1,allocated
1,503,normal,0,0,65535_65535,0,3,3069,1963,0,1,0,51,0,15,1,1,pre_allocation
1,503,normal,0,0,65535_65535,0,3,3069,2001,1,1,1,52,2001,15,1,1,allocated
1,503,normal,0,0,65535_65535,0,4,3069,1963,0,1,0,51,0,15,1,1,pre_allocation
1,503,normal,0,0,65535_65535,0,4,3069,2001,1,1,1,52,2001,15,1,1,allocated
1,503,normal,0,0,65535_65535,0,5,3069,1963,0,1,0,51,0,15,1,1,pre_allocation
1,503,normal,0,0,65535_65535,0,5,3069,2001,1,1,1,52,2001,15,1,1,allocated
1,503,normal,0,0,65535_65535,0,1,3069,2001,0,1,0,52,0,15,1,1,pre_allocation
1,503,normal,0,0,65535_65535,0,1,3069,2040,1,1,1,53,2040,15,1,1,allocated
1,503,normal,0,0,65535_65535,0,2,3069,2001,0,1,0,52,0,15,1,1,pre_allocation
1,503,normal,0,0,65535_65535,0,2,3069,2040,1,1,1,53,2040,15,1,1,allocated
1,503,normal,0,0,65535_65535,0,3,3069,2001,0,1,0,52,0,15,1,1,pre_allocation
1,503,normal,0,0,65535_65535,0,3,3069,2040,1,1,1,53,2040,15,1,1,allocated
1,503,normal,0,0,65535_65535,0,4,3069,2001,0,1,0,52,0,15,1,1,pre_allocation
1,503,normal,0,0,65535_65535,0,4,3069,2040,1,1,1,53,2040,15,1,1,allocated
1,503,normal,0,0,65535_65535,0,5,3069,2001,0,1,0,52,0,15,1,1,pre_allocation
1,503,normal,0,0,65535_65535,0,5,3069,2040,1,1,1,53,2040,15,1,1,allocated
1,503,normal,0,0,65535_65535,0,1,3069,2040,0,1,0,53,0,15,1,1,pre_allocation
1,503,normal,0,0,65535_65535,0,1,3069,2078,1,1,1,54,2078,15,1,1,allocated
93,601,normal,0,0,65535_65535,0,2,66080,0,0,1,0,0,0,28,1,1,pre_allocation
93,601,normal,0,0,65535_65535,0,2,66080,27,1,1,1,1,27,28,1,1,allocated
93,601,normal,0,0,65535_65535,0,3,67510,0,0,1,0,0,0,28,1,1,pre_allocation
93,601,normal,0,0,65535_65535,0,3,67510,27,1,1,1,1,27,28,1,1,allocated
93,601,normal,0,0,65535_65535,0,4,67419,0,0,1,0,0,0,28,1,1,pre_allocation
93,601,normal,0,0,65535_65535,0,4,67419,27,1,1,1,1,27,28,1,1,allocated
93,601,normal,0,0,65535_65535,0,5,67908,0,0,1,0,0,0,28,1,1,pre_allocation
93,601,normal,0,0,65535_65535,0,5,67908,27,1,1,1,1,27,28,1,1,allocated
93,601,normal,0,0,65535_65535,0,1,73431,0,0,1,0,0,0,26,1,1,pre_allocation
93,601,normal,0,0,65535_65535,0,1,73431,25,1,1,1,1,25,26,1,1,allocated
93,601,normal,0,0,65535_65535,0,2,66080,27,0,1,0,1,0,28,1,1,pre_allocation
93,601,normal,0,0,65535_65535,0,2,66080,57,1,1,1,2,57,28,1,1,allocated
93,601,normal,0,0,65535_65535,0,3,67510,27,0,1,0,1,0,28,1,1,pre_allocation
93,601,normal,0,0,65535_65535,0,3,67510,57,1,1,1,2,57,28,1,1,allocated
93,601,normal,0,0,65535_65535,0,4,67419,27,0,1,0,1,0,28,1,1,pre_allocation
93,601,normal,0,0,65535_65535,0,4,67419,57,1,1,1,2,57,28,1,1,allocated
93,601,normal,0,0,65535_65535,0,5,67908,27,0,1,0,1,0,28,1,1,pre_allocation
93,601,normal,0,0,65535_65535,0,5,67908,57,1,1,1,2,57,28,1,1,allocated
93,601,normal,0,0,65535_65535,0,1,73431,25,0,1,0,1,0,26,1,1,pre_allocation
93,601,normal,0,0,65535_65535,0,1,73431,53,1,1,1,2,53,26,1,1,allocated
93,601,normal,0,0,65535_65535,0,2,66080,57,0,1,0,2,0,28,1,1,pre_allocation
93,601,normal,0,0,65535_65535,0,2,66080,88,1,1,1,3,88,28,1,1,allocated
93,601,normal,0,0,65535_65535,0,3,67510,57,0,1,0,2,0,28,1,1,pre_allocation
93,601,normal,0,0,65535_65535,0,3,67510,88,1,1,1,3,88,28,1,1,allocated
93,601,normal,0,0,65535_65535,0,4,67419,57,0,1,0,2,0,28,1,1,pre_allocation
93,601,normal,0,0,65535_65535,0,4,67419,88,1,1,1,3,88,28,1,1,allocated
93,601,normal,0,0,65535_65535,0,5,67908,57,0,1,0,2,0,28,1,1,pre_allocation
93,601,normal,0,0,65535_65535,0,5,67908,88,1,1,1,3,88,28,1,1,allocated
93,601,normal,0,0,65535_65535,0,1,73431,53,0,1,0,2,0,26,1,1,pre_allocation
93,601,normal,0,0,65535_65535,0,1,73431,81,1,1,1,3,81,26,1,1,allocated
93,601,normal,0,0,65535_65535,0,2,66080,88,0,1,0,3,0,28,1,1,pre_allocation
93,601,normal,0,0,65535_65535,0,2,66080,118,1,1,1,4,118,28,1,1,allocated
93,601,normal,0,0,65535_65535,0,3,67510,88,0,1,0,3,0,28,1,1,pre_allocation
93,601,normal,0,0,65535_65535,0,3,67510,118,1,1,1,4,118,28,1,1,allocated
93,601,normal,0,0,65535_65535,0,4,67419,88,0,1,0,3,0,28,1,1,pre_allocation
93,601,normal,0,0,65535_65535,0,4,67419,118,1,1,1,4,118,28,1,1,allocated
93,601,normal,0,0,65535_65535,0,5,67908,88,0,1,0,3,0,28,1,1,pre_allocation
93,601,normal,0,0,65535_65535,0,5,67908,118,1,1,1,4,118,28,1,1,allocated
93,601,normal,0,0,65535_65535,0,1,73431,81,0,1,0,3,0,26,1,1,pre_allocation
93,601,normal,0,0,65535_65535,0,1,73431,109,1,1,1,4,109,26,1,1,allocated
93,601,normal,0,0,65535_65535,0,2,66080,118,0,1,0,4,0,28,1,1,pre_allocation
93,601,normal,0,0,65535_65535,0,2,66080,148,1,1,1,5,148,28,1,1,allocated
93,601,normal,0,0,65535_65535,0,3,67510,118,0,1,0,4,0,28,1,1,pre_allocation
93,601,normal,0,0,65535_65535,0,3,67510,148,1,1,1,5,148,28,1,1,allocated
93,601,normal,0,0,65535_65535,0,4,67419,118,0,1,0,4,0,28,1,1,pre_allocation
93,601,normal,0,0,65535_65535,0,4,67419,148,1,1,1,5,148,28,1,1,allocated
93,601,normal,0,0,65535_65535,0,5,67908,118,0,1,0,4,0,28,1,1,pre_allocation
93,601,normal,0,0,65535_65535,0,5,67908,148,1,1,1,5,148,28,1,1,allocated
93,601,normal,0,0,65535_65535,0,1,73431,109,0,1,0,4,0,26,1,1,pre_allocation
93,601,normal,0,0,65535_65535,0,1,73431,137,1,1,1,5,137,26,1,1,allocated
93,601,normal,0,0,65535_65535,0,2,66080,148,0,1,0,5,0,28,1,1,pre_allocation
93,601,normal,0,0,65535_65535,0,2,66080,179,1,1,1,6,179,28,1,1,allocated
93,601,normal,0,0,65535_65535,0,3,67510,148,0,1,0,5,0,28,1,1,pre_allocation
93,601,normal,0,0,65535_65535,0,3,67510,179,1,1,1,6,179,28,1,1,allocated
93,601,normal,0,0,65535_65535,0,4,67419,148,0,1,0,5,0,28,1,1,pre_allocation
93,601,normal,0,0,65535_65535,0,4,67419,179,1,1,1,6,179,28,1,1,allocated
93,601,normal,0,0,65535_65535,0,5,67908,148,0,1,0,5,0,28,1,1,pre_allocation
93,601,normal,0,0,65535_65535,0,5,67908,179,1,1,1,6,179,28,1,1,allocated
93,601,normal,0,0,65535_65535,0,1,73431,137,0,1,0,5,0,26,1,1,pre_allocation
93,601,normal,0,0,65535_65535,0,1,73431,165,1,1,1,6,165,26,1,1,allocated
93,601,normal,0,0,65535_65535,0,2,66080,179,0,1,0,6,0,28,1,1,pre_allocation
93,601,normal,0,0,65535_65535,0,2,66080,209,1,1,1,7,209,28,1,1,allocated
93,601,normal,0,0,65535_65535,0,3,67510,179,0,1,0,6,0,28,1,1,pre_allocation
93,601,normal,0,0,65535_65535,0,3,67510,209,1,1,1,7,209,28,1,1,allocated
93,601,normal,0,0,65535_65535,0,4,67419,179,0,1,0,6,0,28,1,1,pre_allocation
93,601,normal,0,0,65535_65535,0,4,67419,209,1,1,1,7,209,28,1,1,allocated
93,601,normal,0,0,65535_65535,0,5,67908,179,0,1,0,6,0,28,1,1,pre_allocation
93,601,normal,0,0,65535_65535,0,5,67908,209,1,1,1,7,209,28,1,1,allocated
93,601,normal,0,0,65535_65535,0,1,73431,165,0,1,0,6,0,26,1,1,pre_allocation
93,601,normal,0,0,65535_65535,0,1,73431,193,1,1,1,7,193,26,1,1,allocated
93,601,normal,0,0,65535_65535,0,2,66080,209,0,1,0,7,0,28,1,1,pre_allocation
93,601,normal,0,0,65535_65535,0,2,66080,239,1,1,1,8,239,28,1,1,allocated
93,601,normal,0,0,65535_65535,0,3,67510,209,0,1,0,7,0,28,1,1,pre_allocation
93,601,normal,0,0,65535_65535,0,3,67510,239,1,1,1,8,239,28,1,1,allocated
93,601,normal,0,0,65535_65535,0,4,67419,209,0,1,0,7,0,28,1,1,pre_allocation
93,601,normal,0,0,65535_65535,0,4,67419,239,1,1,1,8,239,28,1,1,allocated
93,601,normal,0,0,65535_65535,0,5,67908,209,0,1,0,7,0,28,1,1,pre_allocation
93,601,normal,0,0,65535_65535,0,5,67908,239,1,1,1,8,239,28,1,1,allocated
93,601,normal,0,0,65535_65535,0,1,73431,193,0,1,0,7,0,26,1,1,pre_allocation
93,601,normal,0,0,65535_65535,0,1,73431,221,1,1,1,8,221,26,1,1,allocated
93,601,normal,0,0,65535_65535,0,2,66080,239,0,1,0,8,0,28,1,1,pre_allocation
93,601,normal,0,0,65535_65535,0,2,66080,270,1,1,1,9,270,28,1,1,allocated
93,601,normal,0,0,65535_65535,0,3,67510,239,0,1,0,8,0,28,1,1,pre_allocation
93,601,normal,0,0,65535_65535,0,3,67510,270,1,1,1,9,270,28,1,1,allocated
93,601,normal,0,0,65535_65535,0,4,67419,239,0,1,0,8,0,28,1,1,pre_allocation
93,601,normal,0,0,65535_65535,0,4,67419,270,1,1,1,9,270,28,1,1,allocated
93,601,normal,0,0,65535_65535,0,5,67908,239,0,1,0,8,0,28,1,1,pre_allocation
93,601,normal,0,0,65535_65535,0,5,67908,270,1,1,1,9,270,28,1,1,allocated
93,601,normal,0,0,65535_65535,0,1,73431,221,0,1,0,8,0,26,1,1,pre_allocation
93,601,normal,0,0,65535_65535,0,1,73431,249,1,1,1,9,249,26,1,1,allocated
93,601,normal,0,0,65535_65535,0,2,66080,270,0,1,0,9,0,28,1,1,pre_allocation
93,601,normal,0,0,65535_65535,0,2,66080,300,1,1,1,10,300,28,1,1,allocated
93,601,normal,0,0,65535_65535,0,3,67510,270,0,1,0,9,0,28,1,1,pre_allocation
93,601,normal,0,0,65535_65535,0,3,67510,300,1,1,1,10,300,28,1,1,allocated
93,601,normal,0,0,65535_65535,0,4,67419,270,0,1,0,9,0,28,1,1,pre_allocation
93,601,normal,0,0,65535_65535,0,4,67419,300,1,1,1,10,300,28,1,1,allocated
93,601,normal,0,0,65535_65535,0,5,67908,270,0,1,0,9,0,28,1,1,pre_allocation
93,601,normal,0,0,65535_65535,0,5,67908,300,1,1,1,10,300,28,1,1,allocated
93,601,normal,0,0,65535_65535,0,1,73431,249,0,1,0,9,0,26,1,1,pre_allocation
93,601,normal,0,0,65535_65535,0,1,73431,277,1,1,1,10,277,26,1,1,allocated
93,601,normal,0,0,65535_65535,0,2,66080,300,0,1,0,10,0,28,1,1,pre_allocation
93,601,normal,0,0,65535_65535,0,2,66080,330,1,1,1,11,330,28,1,1,allocated
93,601,normal,0,0,65535_65535,0,3,67510,300,0,1,0,10,0,28,1,1,pre_allocation
93,601,normal,0,0,65535_65535,0,3,67510,330,1,1,1,11,330,28,1,1,allocated
93,601,normal,0,0,65535_65535,0,4,67419,300,0,1,0,10,0,28,1,1,pre_allocation
93,601,normal,0,0,65535_65535,0,4,67419,330,1,1,1,11,330,28,1,1,allocated
93,601,normal,0,0,65535_65535,0,5,67908,300,0,1,0,10,0,28,1,1,pre_allocation
93,601,normal,0,0,65535_65535,0,5,67908,330,1,1,1,11,330,28,1,1,allocated
93,601,normal,0,0,65535_65535,0,1,73431,277,0,1,0,10,0,26,1,1,pre_allocation
93,601,normal,0,0,65535_65535,0,1,73431,305,1,1,1,11,305,26,1,1,allocated
93,601,normal,0,0,65535_65535,0,2,66080,330,0,1,0,11,0,28,1,1,pre_allocation
93,601,normal,0,0,65535_65535,0,2,66080,361,1,1,1,12,361,28,1,1,allocated
93,601,normal,0,0,65535_65535,0,3,67510,330,0,1,0,11,0,28,1,1,pre_allocation
93,601,normal,0,0,65535_65535,0,3,67510,361,1,1,1,12,361,28,1,1,allocated
93,601,normal,0,0,65535_65535,0,4,67419,330,0,1,0,11,0,28,1,1,pre_allocation
93,601,normal,0,0,65535_65535,0,4,67419,361,1,1,1,12,361,28,1,1,allocated
93,601,normal,0,0,65535_65535,0,5,67908,330,0,1,0,11,0,28,1,1,pre_allocation
93,601,normal,0,0,65535_65535,0,5,67908,361,1,1,1,12,361,28,1,1,allocated
93,601,normal,0,0,65535_65535,0,1,73431,305,0,1,0,11,0,26,1,1,pre_allocation
93,601,normal,0,0,65535_65535,0,1,73431,333,1,1,1,12,333,26,1,1,allocated
93,601,normal,0,0,65535_65535,0,2,66080,361,0,1,0,12,0,28,1,1,pre_allocation
93,601,normal,0,0,65535_65535,0,2,66080,391,1,1,1,13,391,28,1,1,allocated
93,601,normal,0,0,65535_65535,0,3,67510,361,0,1,0,12,0,28,1,1,pre_allocation
93,601,normal,0,0,65535_65535,0,3,67510,391,1,1,1,13,391,28,1,1,allocated
93,601,normal,0,0,65535_65535,0,4,67419,361,0,1,0,12,0,28,1,1,pre_allocation
93,601,normal,0,0,65535_65535,0,4,67419,391,1,1,1,13,391,28,1,1,allocated
93,601,normal,0,0,65535_65535,0,5,67908,361,0,1,0,12,0,28,1,1,pre_allocation
93,601,normal,0,0,65535_65535,0,5,67908,391,1,1,1,13,391,28,1,1,allocated
93,601,normal,0,0,65535_65535,0,1,73431,333,0,1,0,12,0,26,1,1,pre_allocation
93,601,normal,0,0,65535_65535,0,1,73431,361,1,1,1,13,361,26,1,1,allocated
93,601,normal,0,0,65535_65535,0,2,66080,391,0,1,0,13,0,28,1,1,pre_allocation
93,601,normal,0,0,65535_65535,0,2,66080,422,1,1,1,14,422,28,1,1,allocated
93,601,normal,0,0,65535_65535,0,3,67510,391,0,1,0,13,0,28,1,1,pre_allocation
93,601,normal,0,0,65535_65535,0,3,67510,422,1,1,1,14,422,28,1,1,allocated
93,601,normal,0,0,65535_65535,0,4,67419,391,0,1,0,13,0,28,1,1,pre_allocation
93,601,normal,0,0,65535_65535,0,4,67419,422,1,1,1,14,422,28,1,1,allocated
93,601,normal,0,0,65535_65535,0,5,67908,391,0,1,0,13,0,28,1,1,pre_allocation
93,601,normal,0,0,65535_65535,0,5,67908,422,1,1,1,14,422,28,1,1,allocated
93,601,normal,0,0,65535_65535,0,1,73431,361,0,1,0,13,0,26,1,1,pre_allocation
93,601,normal,0,0,65535_65535,0,1,73431,389,1,1,1,14,389,26,1,1,allocated
93,601,normal,0,0,65535_65535,0,2,66080,422,0,1,0,14,0,28,1,1,pre_allocation
93,601,normal,0,0,65535_65535,0,2,66080,452,1,1,1,15,452,28,1,1,allocated
93,601,normal,0,0,65535_65535,0,3,67510,422,0,1,0,14,0,28,1,1,pre_allocation
93,601,normal,0,0,65535_65535,0,3,67510,452,1,1,1,15,452,28,1,1,allocated
93,601,normal,0,0,65535_65535,0,4,67419,422,0,1,0,14,0,28,1,1,pre_allocation
93,601,normal,0,0,65535_65535,0,4,67419,452,1,1,1,15,452,28,1,1,allocated
93,601,normal,0,0,65535_65535,0,5,67908,422,0,1,0,14,0,28,1,1,pre_allocation
93,601,normal,0,0,65535_65535,0,5,67908,452,1,1,1,15,452,28,1,1,allocated
93,601,normal,0,0,65535_65535,0,1,73431,389,0,1,0,14,0,26,1,1,pre_allocation
93,601,normal,0,0,65535_65535,0,1,73431,417,1,1,1,15,417,26,1,1,allocated
93,601,normal,0,0,65535_65535,0,2,66080,452,0,1,0,15,0,28,1,1,pre_allocation
93,601,normal,0,0,65535_65535,0,2,66080,482,1,1,1,16,482,28,1,1,allocated
93,601,normal,0,0,65535_65535,0,3,67510,452,0,1,0,15,0,28,1,1,pre_allocation
93,601,normal,0,0,65535_65535,0,3,67510,482,1,1,1,16,482,28,1,1,allocated
93,601,normal,0,0,65535_65535,0,4,67419,452,0,1,0,15,0,28,1,1,pre_allocation
93,601,normal,0,0,65535_65535,0,4,67419,482,1,1,1,16,482,28,1,1,allocated
93,601,normal,0,0,65535_65535,0,5,67908,452,0,1,0,15,0,28,1,1,pre_allocation
93,601,normal,0,0,65535_65535,0,5,67908,482,1,1,1,16,482,28,1,1,allocated
93,601,normal,0,0,65535_65535,0,1,73431,417,0,1,0,15,0,26,1,1,pre_allocation
93,601,normal,0,0,65535_65535,0,1,73431,445,1,1,1,16,445,26,1,1,allocated
93,601,normal,0,0,65535_65535,0,2,66080,482,0,1,0,16,0,28,1,1,pre_allocation
93,601,normal,0,0,65535_65535,0,2,66080,513,1,1,1,17,513,28,1,1,allocated
93,601,normal,0,0,65535_65535,0,3,67510,482,0,1,0,16,0,28,1,1,pre_allocation
93,601,normal,0,0,65535_65535,0,3,67510,513,1,1,1,17,513,28,1,1,allocated
93,601,normal,0,0,65535_65535,0,4,67419,482,0,1,0,16,0,28,1,1,pre_allocation
93,601,normal,0,0,65535_65535,0,4,67419,513,1,1,1,17,513,28,1,1,allocated
93,601,normal,0,0,65535_65535,0,5,67908,482,0,1,0,16,0,28,1,1,pre_allocation
93,601,normal,0,0,65535_65535,0,5,67908,513,1,1,1,17,513,28,1,1,allocated
93,601,normal,0,0,65535_65535,0,1,73431,445,0,1,0,16,0,26,1,1,pre_allocation
93,601,normal,0,0,65535_65535,0,1,73431,473,1,1,1,17,473,26,1,1,allocated
93,601,normal,0,0,65535_65535,0,2,66080,513,0,1,0,17,0,28,1,1,pre_allocation
93,601,normal,0,0,65535_65535,0,2,66080,543,1,1,1,18,543,28,1,1,allocated
93,601,normal,0,0,65535_65535,0,3,67510,513,0,1,0,17,0,28,1,1,pre_allocation
93,601,normal,0,0,65535_65535,0,3,67510,543,1,1,1,18,543,28,1,1,allocated
93,601,normal,0,0,65535_65535,0,4,67419,513,0,1,0,17,0,28,1,1,pre_allocation
93,601,normal,0,0,65535_65535,0,4,67419,543,1,1,1,18,543,28,1,1,allocated
93,601,normal,0,0,65535_65535,0,5,67908,513,0,1,0,17,0,28,1,1,pre_allocation
93,601,normal,0,0,65535_65535,0,5,67908,543,1,1,1,18,543,28,1,1,allocated
93,601,normal,0,0,65535_65535,0,1,73431,473,0,1,0,17,0,26,1,1,pre_allocation
93,601,normal,0,0,65535_65535,0,1,73431,501,1,1,1,18,501,26,1,1,allocated
93,601,normal,0,0,65535_65535,0,2,66080,543,0,1,0,18,0,28,1,1,pre_allocation
93,601,normal,0,0,65535_65535,0,2,66080,573,1,1,1,19,573,28,1,1,allocated
93,601,normal,0,0,65535_65535,0,3,67510,543,0,1,0,18,0,28,1,1,pre_allocation
93,601,normal,0,0,65535_65535,0,3,67510,573,1,1,1,19,573,28,1,1,allocated
93,601,normal,0,0,65535_65535,0,4,67419,543,0,1,0,18,0,28,1,1,pre_allocation
93,601,normal,0,0,65535_65535,0,4,67419,573,1,1,1,19,573,28,1,1,allocated
93,601,normal,0,0,65535_65535,0,5,67908,543,0,1,0,18,0,28,1,1,pre_allocation
93,601,normal,0,0,65535_65535,0,5,67908,573,1,1,1,19,573,28,1,1,allocated
93,601,normal,0,0,65535_65535,0,1,73431,501,0,1,0,18,0,26,1,1,pre_allocation
93,601,normal,0,0,65535_65535,0,1,73431,529,1,1,1,19,529,26,1,1,allocated
93,601,normal,0,0,65535_65535,0,2,66080,573,0,1,0,19,0,28,1,1,pre_allocation
93,601,normal,0,0,65535_65535,0,2,66080,604,1,1,1,20,604,28,1,1,allocated
93,601,normal,0,0,65535_65535,0,3,67510,573,0,1,0,19,0,28,1,1,pre_allocation
93,601,normal,0,0,65535_65535,0,3,67510,604,1,1,1,20,604,28,1,1,allocated
93,601,normal,0,0,65535_65535,0,4,67419,573,0,1,0,19,0,28,1,1,pre_allocation
93,601,normal,0,0,65535_65535,0,4,67419,604,1,1,1,20,604,28,1,1,allocated
93,601,normal,0,0,65535_65535,0,5,67908,573,0,1,0,19,0,28,1,1,pre_allocation
93,601,normal,0,0,65535_65535,0,5,67908,604,1,1,1,20,604,28,1,1,allocated
93,601,normal,0,0,65535_65535,0,1,73431,529,0,1,0,19,0,26,1,1,pre_allocation
93,601,normal,0,0,65535_65535,0,1,73431,558,1,1,1,20,558,26,1,1,allocated
93,601,normal,0,0,65535_65535,0,2,66080,604,0,1,0,20,0,28,1,1,pre_allocation
93,601,normal,0,0,65535_65535,0,2,66080,634,1,1,1,21,634,28,1,1,allocated
93,601,normal,0,0,65535_65535,0,3,67510,604,0,1,0,20,0,28,1,1,pre_allocation
93,601,normal,0,0,65535_65535,0,3,67510,634,1,1,1,21,634,28,1,1,allocated
93,601,normal,0,0,65535_65535,0,4,67419,604,0,1,0,20,0,28,1,1,pre_allocation
93,601,normal,0,0,65535_65535,0,4,67419,634,1,1,1,21,634,28,1,1,allocated
93,601,normal,0,0,65535_65535,0,5,67908,604,0,1,0,20,0,28,1,1,pre_allocation
93,601,normal,0,0,65535_65535,0,5,67908,634,1,1,1,21,634,28,1,1,allocated
93,601,normal,0,0,65535_65535,0,1,73431,558,0,1,0,20,0,26,1,1,pre_allocation
93,601,normal,0,0,65535_65535,0,1,73431,586,1,1,1,21,586,26,1,1,allocated
93,601,normal,0,0,65535_65535,0,2,66080,634,0,1,0,21,0,28,1,1,pre_allocation
93,601,normal,0,0,65535_65535,0,2,66080,664,1,1,1,22,664,28,1,1,allocated
93,601,normal,0,0,65535_65535,0,3,67510,634,0,1,0,21,0,28,1,1,pre_allocation
93,601,normal,0,0,65535_65535,0,3,67510,664,1,1,1,22,664,28,1,1,allocated
93,601,normal,0,0,65535_65535,0,4,67419,634,0,1,0,21,0,28,1,1,pre_allocation
93,601,normal,0,0,65535_65535,0,4,67419,664,1,1,1,22,664,28,1,1,allocated
93,601,normal,0,0,65535_65535,0,5,67908,634,0,1,0,21,0,28,1,1,pre_allocation
93,601,normal,0,0,65535_65535,0,5,67908,664,1,1,1,22,664,28,1,1,allocated
93,601,normal,0,0,65535_65535,0,1,73431,586,0,1,0,21,0,26,1,1,pre_allocation
93,601,normal,0,0,65535_65535,0,1,73431,614,1,1,1,22,614,26,1,1,allocated
93,601,normal,0,0,65535_65535,0,2,66080,664,0,1,0,22,0,28,1,1,pre_allocation
93,601,normal,0,0,65535_65535,0,2,66080,695,1,1,1,23,695,28,1,1,allocated
93,601,normal,0,0,65535_65535,0,3,67510,664,0,1,0,22,0,28,1,1,pre_allocation
93,601,normal,0,0,65535_65535,0,3,67510,695,1,1,1,23,695,28,1,1,allocated
93,601,normal,0,0,65535_65535,0,4,67419,664,0,1,0,22,0,28,1,1,pre_allocation
93,601,normal,0,0,65535_65535,0,4,67419,695,1,1,1,23,695,28,1,1,allocated
93,601,normal,0,0,65535_65535,0,5,67908,664,0,1,0,22,0,28,1,1,pre_allocation
93,601,normal,0,0,65535_65535,0,5,67908,695,1,1,1,23,695,28,1,1,allocated
93,601,normal,0,0,65535_65535,0,1,73431,614,0,1,0,22,0,26,1,1,pre_allocation
93,601,normal,0,0,65535_65535,0,1,73431,642,1,1,1,23,642,26,1,1,allocated
93,601,normal,0,0,65535_65535,0,2,66080,695,0,1,0,23,0,28,1,1,pre_allocation
93,601,normal,0,0,65535_65535,0,2,66080,725,1,1,1,24,725,28,1,1,allocated
93,601,normal,0,0,65535_65535,0,3,67510,695,0,1,0,23,0,28,1,1,pre_allocation
93,601,normal,0,0,65535_65535,0,3,67510,725,1,1,1,24,725,28,1,1,allocated
93,601,normal,0,0,65535_65535,0,4,67419,695,0,1,0,23,0,28,1,1,pre_allocation
93,601,normal,0,0,65535_65535,0,4,67419,725,1,1,1,24,725,28,1,1,allocated
93,601,normal,0,0,65535_65535,0,5,67908,695,0,1,0,23,0,28,1,1,pre_allocation
93,601,normal,0,0,65535_65535,0,5,67908,725,1,1,1,24,725,28,1,1,allocated
93,601,normal,0,0,65535_65535,0,1,73431,642,0,1,0,23,0,26,1,1,pre_allocation
93,601,normal,0,0,65535_65535,0,1,73431,670,1,1,1,24,670,26,1,1,allocated
93,601,normal,0,0,65535_65535,0,2,66080,725,0,1,0,24,0,28,1,1,pre_allocation
93,601,normal,0,0,65535_65535,0,2,66080,756,1,1,1,25,756,28,1,1,allocated
93,601,normal,0,0,65535_65535,0,3,67510,725,0,1,0,24,0,28,1,1,pre_allocation
93,601,normal,0,0,65535_65535,0,3,67510,756,1,1,1,25,756,28,1,1,allocated
93,601,normal,0,0,65535_65535,0,4,67419,725,0,1,0,24,0,28,1,1,pre_allocation
93,601,normal,0,0,65535_65535,0,4,67419,756,1,1,1,25,756,28,1,1,allocated
93,601,normal,0,0,65535_65535,0,5,67908,725,0,1,0,24,0,28,1,1,pre_allocation
93,601,normal,0,0,65535_65535,0,5,67908,756,1,1,1,25,756,28,1,1,allocated
93,601,normal,0,0,65535_65535,0,1,73431,670,0,1,0,24,0,26,1,1,pre_allocation
93,601,normal,0,0,65535_65535,0,1,73431,698,1,1,1,25,698,26,1,1,allocated
93,601,normal,0,0,65535_65535,0,2,66080,756,0,1,0,25,0,28,1,1,pre_allocation
93,601,normal,0,0,65535_65535,0,2,66080,786,1,1,1,26,786,28,1,1,allocated
93,601,normal,0,0,65535_65535,0,3,67510,756,0,1,0,25,0,28,1,1,pre_allocation
93,601,normal,0,0,65535_65535,0,3,67510,786,1,1,1,26,786,28,1,1,allocated
93,601,normal,0,0,65535_65535,0,4,67419,756,0,1,0,25,0,28,1,1,pre_allocation
93,601,normal,0,0,65535_65535,0,4,67419,786,1,1,1,26,786,28,1,1,allocated
93,601,normal,0,0,65535_65535,0,5,67908,756,0,1,0,25,0,28,1,1,pre_allocation
93,601,normal,0,0,65535_65535,0,5,67908,786,1,1,1,26,786,28,1,1,allocated
93,601,normal,0,0,65535_65535,0,1,73431,698,0,1,0,25,0,26,1,1,pre_allocation
93,601,normal,0,0,65535_65535,0,1,73431,726,1,1,1,26,726,26,1,1,allocated
93,601,normal,0,0,65535_65535,0,2,66080,786,0,1,0,26,0,28,1,1,pre_allocation
93,601,normal,0,0,65535_65535,0,2,66080,816,1,1,1,27,816,28,1,1,allocated
93,601,normal,0,0,65535_65535,0,3,67510,786,0,1,0,26,0,28,1,1,pre_allocation
93,601,normal,0,0,65535_65535,0,3,67510,816,1,1,1,27,816,28,1,1,allocated
93,601,normal,0,0,65535_65535,0,4,67419,786,0,1,0,26,0,28,1,1,pre_allocation
93,601,normal,0,0,65535_65535,0,4,67419,816,1,1,1,27,816,28,1,1,allocated
93,601,normal,0,0,65535_65535,0,5,67908,786,0,1,0,26,0,28,1,1,pre_allocation
93,601,normal,0,0,65535_65535,0,5,67908,816,1,1,1,27,816,28,1,1,allocated
93,601,normal,0,0,65535_65535,0,1,73431,726,0,1,0,26,0,26,1,1,pre_allocation
93,601,normal,0,0,65535_65535,0,1,73431,754,1,1,1,27,754,26,1,1,allocated
93,601,normal,0,0,65535_65535,0,2,66080,816,0,1,0,27,0,28,1,1,pre_allocation
93,601,normal,0,0,65535_65535,0,2,66080,847,1,1,1,28,847,28,1,1,allocated
93,601,normal,0,0,65535_65535,0,3,67510,816,0,1,0,27,0,28,1,1,pre_allocation
93,601,normal,0,0,65535_65535,0,3,67510,847,1,1,1,28,847,28,1,1,allocated
93,601,normal,0,0,65535_65535,0,4,67419,816,0,1,0,27,0,28,1,1,pre_allocation
93,601,normal,0,0,65535_65535,0,4,67419,847,1,1,1,28,847,28,1,1,allocated
93,601,normal,0,0,65535_65535,0,5,67908,816,0,1,0,27,0,28,1,1,pre_allocation
93,601,normal,0,0,65535_65535,0,5,67908,847,1,1,1,28,847,28,1,1,allocated
93,601,normal,0,0,65535_65535,0,1,73431,754,0,1,0,27,0,26,1,1,pre_allocation
93,601,normal,0,0,65535_65535,0,1,73431,782,1,1,1,28,782,26,1,1,allocated
93,601,normal,0,0,65535_65535,0,2,66080,847,0,1,0,28,0,28,1,1,pre_allocation
93,601,normal,0,0,65535_65535,0,2,66080,877,1,1,1,29,877,28,1,1,allocated
93,601,normal,0,0,65535_65535,0,3,67510,847,0,1,0,28,0,28,1,1,pre_allocation
93,601,normal,0,0,65535_65535,0,3,67510,877,1,1,1,29,877,28,1,1,allocated
93,601,normal,0,0,65535_65535,0,4,67419,847,0,1,0,28,0,28,1,1,pre_allocation
93,601,normal,0,0,65535_65535,0,4,67419,877,1,1,1,29,877,28,1,1,allocated
93,601,normal,0,0,65535_65535,0,5,67908,847,0,1,0,28,0,28,1,1,pre_allocation
93,601,normal,0,0,65535_65535,0,5,67908,877,1,1,1,29,877,28,1,1,allocated
93,601,normal,0,0,65535_65535,0,1,73431,782,0,1,0,28,0,26,1,1,pre_allocation
93,601,normal,0,0,65535_65535,0,1,73431,810,1,1,1,29,810,26,1,1,allocated
93,601,normal,0,0,65535_65535,1,6,87,0,0,1,0,0,0,28,1,1,pre_allocation
93,601,normal,0,0,65535_65535,1,6,87,27,1,1,1,1,27,28,1,1,allocated
93,601,normal,0,0,65535_65535,1,7,87,0,0,1,0,0,0,28,1,1,pre_allocation
93,601,normal,0,0,65535_65535,1,7,87,27,1,1,1,1,27,28,1,1,allocated
93,601,normal,0,0,65535_65535,1,9,87,0,0,1,0,0,0,28,1,1,pre_allocation
93,601,normal,0,0,65535_65535,1,9,87,27,1,1,1,1,27,28,1,1,allocated
93,601,normal,0,0,65535_65535,1,10,87,0,0,1,0,0,0,28,1,1,pre_allocation
93,601,normal,0,0,65535_65535,1,10,87,27,1,1,1,1,27,28,1,1,allocated
93,601,normal,0,0,65535_65535,1,8,87,0,0,1,0,0,0,15,1,1,pre_allocation
93,601,normal,0,0,65535_65535,1,8,87,8,1,1,1,1,8,15,1,1,allocated
93,601,normal,0,0,65535_65535,1,6,87,27,0,1,0,1,0,28,1,1,pre_allocation
93,601,normal,0,0,65535_65535,1,6,87,57,1,1,1,2,57,28,1,1,allocated
93,601,normal,0,0,65535_65535,1,7,87,27,0,1,0,1,0,28,1,1,pre_allocation
93,601,normal,0,0,65535_65535,1,7,87,57,1,1,1,2,57,28,1,1,allocated
93,601,normal,0,0,65535_65535,1,9,87,27,0,1,0,1,0,28,1,1,pre_allocation
93,601,normal,0,0,65535_65535,1,9,87,57,1,1,1,2,57,28,1,1,allocated
93,601,normal,0,0,65535_65535,1,10,87,27,0,1,0,1,0,28,1,1,pre_allocation
93,601,normal,0,0,65535_65535,1,10,87,57,1,1,1,2,57,28,1,1,allocated
93,601,normal,0,0,65535_65535,1,8,87,8,0,1,0,1,0,15,1,1,pre_allocation
93,601,normal,0,0,65535_65535,1,8,87,20,1,1,1,2,20,15,1,1,allocated
93,601,normal,0,0,65535_65535,1,6,87,57,0,1,0,2,0,28,1,1,pre_allocation
93,601,normal,0,0,65535_65535,1,6,87,88,1,1,1,3,88,28,1,1,allocated
93,601,normal,0,0,65535_65535,1,7,87,57,0,1,0,2,0,28,1,1,pre_allocation
93,601,normal,0,0,65535_65535,1,7,87,88,1,1,1,3,88,28,1,1,allocated
93,601,normal,0,0,65535_65535,1,9,87,57,0,1,0,2,0,28,1,1,pre_allocation
93,601,normal,0,0,65535_65535,1,9,87,88,1,1,1,3,88,28,1,1,allocated
93,601,normal,0,0,65535_65535,1,10,87,57,0,1,0,2,0,28,1,1,pre_allocation
93,601,normal,0,0,65535_65535,1,10,87,88,1,1,1,3,88,28,1,1,allocated
93,601,normal,0,0,65535_65535,1,8,87,20,0,1,0,2,0,15,1,1,pre_allocation
93,601,normal,0,0,65535_65535,1,8,87,32,1,1,1,3,32,15,1,1,allocated
93,601,normal,0,0,65535_65535,1,6,87,88,0,1,0,3,0,28,1,1,pre_allocation
93,601,normal,0,0,65535_65535,1,6,87,118,1,1,1,4,118,28,1,1,allocated
93,601,normal,0,0,65535_65535,1,7,87,88,0,1,0,3,0,28,1,1,pre_allocation
93,601,normal,0,0,65535_65535,1,7,87,118,1,1,1,4,118,28,1,1,allocated
93,601,normal,0,0,65535_65535,1,9,87,88,0,1,0,3,0,28,1,1,pre_allocation
93,601,normal,0,0,65535_65535,1,9,87,118,1,1,1,4,118,28,1,1,allocated
93,601,normal,0,0,65535_65535,1,10,87,88,0,1,0,3,0,28,1,1,pre_allocation
93,601,normal,0,0,65535_65535,1,10,87,118,1,1,1,4,118,28,1,1,allocated
93,601,normal,0,0,65535_65535,1,8,87,32,0,1,0,3,0,15,1,1,pre_allocation
93,601,normal,0,0,65535_65535,1,8,87,44,1,1,1,4,44,15,1,1,allocated
93,601,normal,0,0,65535_65535,1,6,87,118,0,1,0,4,0,28,1,1,pre_allocation
93,601,normal,0,0,65535_65535,1,6,87,148,1,1,1,5,148,28,1,1,allocated
93,601,normal,0,0,65535_65535,1,7,87,118,0,1,0,4,0,28,1,1,pre_allocation
93,601,normal,0,0,65535_65535,1,7,87,148,1,1,1,5,148,28,1,1,allocated
93,601,normal,0,0,65535_65535,1,9,87,118,0,1,0,4,0,28,1,1,pre_allocation
93,601,normal,0,0,65535_65535,1,9,87,148,1,1,1,5,148,28,1,1,allocated
93,601,normal,0,0,65535_65535,1,10,87,118,0,1,0,4,0,28,1,1,pre_allocation
93,601,normal,0,0,65535_65535,1,10,87,148,1,1,1,5,148,28,1,1,allocated
93,601,normal,0,0,65535_65535,1,8,87,44,0,1,0,4,0,15,1,1,pre_allocation
93,601,normal,0,0,65535_65535,1,8,87,56,1,1,1,5,56,15,1,1,allocated
93,601,normal,0,0,65535_65535,1,6,87,148,0,1,0,5,0,28,1,1,pre_allocation
93,601,normal,0,0,65535_65535,1,6,87,179,1,1,1,6,179,28,1,1,allocated
93,601,normal,0,0,65535_65535,1,7,87,148,0,1,0,5,0,28,1,1,pre_allocation
93,601,normal,0,0,65535_65535,1,7,87,179,1,1,1,6,179,28,1,1,allocated
93,601,normal,0,0,65535_65535,1,9,87,148,0,1,0,5,0,28,1,1,pre_allocation
93,601,normal,0,0,65535_65535,1,9,87,179,1,1,1,6,179,28,1,1,allocated
93,601,normal,0,0,65535_65535,1,10,87,148,0,1,0,5,0,28,1,1,pre_allocation
93,601,normal,0,0,65535_65535,1,10,87,179,1,1,1,6,179,28,1,1,allocated
93,601,normal,0,0,65535_65535,1,8,87,56,0,1,0,5,0,15,1,1,pre_allocation
93,601,normal,0,0,65535_65535,1,8,87,68,1,1,1,6,68,15,1,1,allocated
93,601,normal,0,0,65535_65535,1,6,87,179,0,1,0,6,0,28,1,1,pre_allocation
93,601,normal,0,0,65535_65535,1,6,87,209,1,1,1,7,209,28,1,1,allocated
93,601,normal,0,0,65535_65535,1,7,87,179,0,1,0,6,0,28,1,1,pre_allocation
93,601,normal,0,0,65535_65535,1,7,87,209,1,1,1,7,209,28,1,1,allocated
93,601,normal,0,0,65535_65535,1,9,87,179,0,1,0,6,0,28,1,1,pre_allocation
93,601,normal,0,0,65535_65535,1,9,87,209,1,1,1,7,209,28,1,1,allocated
93,601,normal,0,0,65535_65535,1,10,87,179,0,1,0,6,0,28,1,1,pre_allocation
93,601,normal,0,0,65535_65535,1,10,87,209,1,1,1,7,209,28,1,1,allocated
93,601,normal,0,0,65535_65535,1,8,87,68,0,1,0,6,0,15,1,1,pre_allocation
93,601,normal,0,0,65535_65535,1,8,87,80,1,1,1,7,80,15,1,1,allocated
93,601,normal,0,0,65535_65535,1,6,87,209,0,1,0,7,0,28,1,1,pre_allocation
93,601,normal,0,0,65535_65535,1,6,87,239,1,1,1,8,239,28,1,1,allocated
93,601,normal,0,0,65535_65535,1,7,87,209,0,1,0,7,0,28,1,1,pre_allocation
93,601,normal,0,0,65535_65535,1,7,87,239,1,1,1,8,239,28,1,1,allocated
93,601,normal,0,0,65535_65535,1,9,87,209,0,1,0,7,0,28,1,1,pre_allocation
93,601,normal,0,0,65535_65535,1,9,87,239,1,1,1,8,239,28,1,1,allocated
93,601,normal,0,0,65535_65535,1,10,87,209,0,1,0,7,0,28,1,1,pre_allocation
93,601,normal,0,0,65535_65535,1,10,87,239,1,1,1,8,239,28,1,1,allocated
93,601,normal,0,0,65535_65535,1,8,87,80,0,1,0,7,0,15,1,1,pre_allocation
93,601,normal,0,0,65535_65535,1,8,87,92,1,1,1,8,92,15,1,1,allocated
93,601,normal,0,0,65535_65535,1,6,87,239,0,1,0,8,0,28,1,1,pre_allocation
93,601,normal,0,0,65535_65535,1,6,87,270,1,1,1,9,270,28,1,1,allocated
93,601,normal,0,0,65535_65535,1,7,87,239,0,1,0,8,0,28,1,1,pre_allocation
93,601,normal,0,0,65535_65535,1,7,87,270,1,1,1,9,270,28,1,1,allocated
93,601,normal,0,0,65535_65535,1,9,87,239,0,1,0,8,0,28,1,1,pre_allocation
93,601,normal,0,0,65535_65535,1,9,87,270,1,1,1,9,270,28,1,1,allocated
93,601,normal,0,0,65535_65535,1,10,87,239,0,1,0,8,0,28,1,1,pre_allocation
93,601,normal,0,0,65535_65535,1,10,87,270,1,1,1,9,270,28,1,1,allocated
93,601,normal,0,0,65535_65535,1,8,87,92,0,1,0,8,0,15,1,1,pre_allocation
93,601,normal,0,0,65535_65535,1,8,87,103,1,1,1,9,103,15,1,1,allocated
93,601,normal,0,0,65535_65535,1,6,87,270,0,1,0,9,0,28,1,1,pre_allocation
93,601,normal,0,0,65535_65535,1,6,87,300,1,1,1,10,300,28,1,1,allocated
93,601,normal,0,0,65535_65535,1,7,87,270,0,1,0,9,0,28,1,1,pre_allocation
93,601,normal,0,0,65535_65535,1,7,87,300,1,1,1,10,300,28,1,1,allocated
93,601,normal,0,0,65535_65535,1,9,87,270,0,1,0,9,0,28,1,1,pre_allocation
93,601,normal,0,0,65535_65535,1,9,87,300,1,1,1,10,300,28,1,1,allocated
93,601,normal,0,0,65535_65535,1,10,87,270,0,1,0,9,0,28,1,1,pre_allocation
93,601,normal,0,0,65535_65535,1,10,87,300,1,1,1,10,300,28,1,1,allocated
93,601,normal,0,0,65535_65535,1,8,87,103,0,1,0,9,0,15,1,1,pre_allocation
93,601,normal,0,0,65535_65535,1,8,87,115,1,1,1,10,115,15,1,1,allocated
93,601,normal,0,0,65535_65535,1,6,87,300,0,1,0,10,0,28,1,1,pre_allocation
93,601,normal,0,0,65535_65535,1,6,87,330,1,1,1,11,330,28,1,1,allocated
93,601,normal,0,0,65535_65535,1,7,87,300,0,1,0,10,0,28,1,1,pre_allocation
93,601,normal,0,0,65535_65535,1,7,87,330,1,1,1,11,330,28,1,1,allocated
93,601,normal,0,0,65535_65535,1,9,87,300,0,1,0,10,0,28,1,1,pre_allocation
93,601,normal,0,0,65535_65535,1,9,87,330,1,1,1,11,330,28,1,1,allocated
93,601,normal,0,0,65535_65535,1,10,87,300,0,1,0,10,0,28,1,1,pre_allocation
93,601,normal,0,0,65535_65535,1,10,87,330,1,1,1,11,330,28,1,1,allocated
93,601,normal,0,0,65535_65535,1,8,87,115,0,1,0,10,0,15,1,1,pre_allocation
93,601,normal,0,0,65535_65535,1,8,87,127,1,1,1,11,127,15,1,1,allocated
93,601,normal,0,0,65535_65535,1,6,87,330,0,1,0,11,0,28,1,1,pre_allocation
93,601,normal,0,0,65535_65535,1,6,87,361,1,1,1,12,361,28,1,1,allocated
93,601,normal,0,0,65535_65535,1,7,87,330,0,1,0,11,0,28,1,1,pre_allocation
93,601,normal,0,0,65535_65535,1,7,87,361,1,1,1,12,361,28,1,1,allocated
93,601,normal,0,0,65535_65535,1,9,87,330,0,1,0,11,0,28,1,1,pre_allocation
93,601,normal,0,0,65535_65535,1,9,87,361,1,1,1,12,361,28,1,1,allocated
93,601,normal,0,0,65535_65535,1,10,87,330,0,1,0,11,0,28,1,1,pre_allocation
93,601,normal,0,0,65535_65535,1,10,87,361,1,1,1,12,361,28,1,1,allocated
93,601,normal,0,0,65535_65535,1,8,87,127,0,1,0,11,0,15,1,1,pre_allocation
93,601,normal,0,0,65535_65535,1,8,87,139,1,1,1,12,139,15,1,1,allocated
93,601,normal,0,0,65535_65535,1,6,87,361,0,1,0,12,0,28,1,1,pre_allocation
93,601,normal,0,0,65535_65535,1,6,87,391,1,1,1,13,391,28,1,1,allocated
93,601,normal,0,0,65535_65535,1,7,87,361,0,1,0,12,0,28,1,1,pre_allocation
93,601,normal,0,0,65535_65535,1,7,87,391,1,1,1,13,391,28,1,1,allocated
93,601,normal,0,0,65535_65535,1,9,87,361,0,1,0,12,0,28,1,1,pre_allocation
93,601,normal,0,0,65535_65535,1,9,87,391,1,1,1,13,391,28,1,1,allocated
93,601,normal,0,0,65535_65535,1,10,87,361,0,1,0,12,0,28,1,1,pre_allocation
93,601,normal,0,0,65535_65535,1,10,87,391,1,1,1,13,391,28,1,1,allocated
93,601,normal,0,0,65535_65535,1,8,87,139,0,1,0,12,0,15,1,1,pre_allocation
93,601,normal,0,0,65535_65535,1,8,87,151,1,1,1,13,151,15,1,1,allocated
93,601,normal,0,0,65535_65535,1,6,87,391,0,1,0,13,0,28,1,1,pre_allocation
93,601,normal,0,0,65535_65535,1,6,87,422,1,1,1,14,422,28,1,1,allocated
93,601,normal,0,0,65535_65535,1,7,87,391,0,1,0,13,0,28,1,1,pre_allocation
93,601,normal,0,0,65535_65535,1,7,87,422,1,1,1,14,422,28,1,1,allocated
93,601,normal,0,0,65535_65535,1,9,87,391,0,1,0,13,0,28,1,1,pre_allocation
93,601,normal,0,0,65535_65535,1,9,87,422,1,1,1,14,422,28,1,1,allocated
93,601,normal,0,0,65535_65535,1,10,87,391,0,1,0,13,0,28,1,1,pre_allocation
93,601,normal,0,0,65535_65535,1,10,87,422,1,1,1,14,422,28,1,1,allocated
93,601,normal,0,0,65535_65535,1,8,87,151,0,1,0,13,0,15,1,1,pre_allocation
93,601,normal,0,0,65535_65535,1,8,87,163,1,1,1,14,163,15,1,1,allocated
93,601,normal,0,0,65535_65535,1,6,87,422,0,1,0,14,0,28,1,1,pre_allocation
93,601,normal,0,0,65535_65535,1,6,87,452,1,1,1,15,452,28,1,1,allocated
93,601,normal,0,0,65535_65535,1,7,87,422,0,1,0,14,0,28,1,1,pre_allocation
93,601,normal,0,0,65535_65535,1,7,87,452,1,1,1,15,452,28,1,1,allocated
93,601,normal,0,0,65535_65535,1,9,87,422,0,1,0,14,0,28,1,1,pre_allocation
93,601,normal,0,0,65535_65535,1,9,87,452,1,1,1,15,452,28,1,1,allocated
93,601,normal,0,0,65535_65535,1,10,87,422,0,1,0,14,0,28,1,1,pre_allocation
93,601,normal,0,0,65535_65535,1,10,87,452,1,1,1,15,452,28,1,1,allocated
93,601,normal,0,0,65535_65535,1,8,87,163,0,1,0,14,0,15,1,1,pre_allocation
93,601,normal,0,0,65535_65535,1,8,87,175,1,1,1,15,175,15,1,1,allocated
93,601,normal,0,0,65535_65535,1,6,87,452,0,1,0,15,0,28,1,1,pre_allocation
93,601,normal,0,0,65535_65535,1,6,87,482,1,1,1,16,482,28,1,1,allocated
93,601,normal,0,0,65535_65535,1,7,87,452,0,1,0,15,0,28,1,1,pre_allocation
93,601,normal,0,0,65535_65535,1,7,87,482,1,1,1,16,482,28,1,1,allocated
93,601,normal,0,0,65535_65535,1,9,87,452,0,1,0,15,0,28,1,1,pre_allocation
93,601,normal,0,0,65535_65535,1,9,87,482,1,1,1,16,482,28,1,1,allocated
93,601,normal,0,0,65535_65535,1,10,87,452,0,1,0,15,0,28,1,1,pre_allocation
93,601,normal,0,0,65535_65535,1,10,87,482,1,1,1,16,482,28,1,1,allocated
93,601,normal,0,0,65535_65535,1,8,87,175,0,1,0,15,0,15,1,1,pre_allocation
93,601,normal,0,0,65535_65535,1,8,87,187,1,1,1,16,187,15,1,1,allocated
93,601,normal,0,0,65535_65535,1,6,87,482,0,1,0,16,0,28,1,1,pre_allocation
93,601,normal,0,0,65535_65535,1,6,87,513,1,1,1,17,513,28,1,1,allocated
93,601,normal,0,0,65535_65535,1,7,87,482,0,1,0,16,0,28,1,1,pre_allocation
93,601,normal,0,0,65535_65535,1,7,87,513,1,1,1,17,513,28,1,1,allocated
93,601,normal,0,0,65535_65535,1,9,87,482,0,1,0,16,0,28,1,1,pre_allocation
93,601,normal,0,0,65535_65535,1,9,87,513,1,1,1,17,513,28,1,1,allocated
93,601,normal,0,0,65535_65535,1,10,87,482,0,1,0,16,0,28,1,1,pre_allocation
93,601,normal,0,0,65535_65535,1,10,87,513,1,1,1,17,513,28,1,1,allocated
93,601,normal,0,0,65535_65535,1,8,87,187,0,1,0,16,0,15,1,1,pre_allocation
93,601,normal,0,0,65535_65535,1,8,87,198,1,1,1,17,198,15,1,1,allocated
93,601,normal,0,0,65535_65535,1,6,87,513,0,1,0,17,0,28,1,1,pre_allocation
93,601,normal,0,0,65535_65535,1,6,87,543,1,1,1,18,543,28,1,1,allocated
93,601,normal,0,0,65535_65535,1,7,87,513,0,1,0,17,0,28,1,1,pre_allocation
93,601,normal,0,0,65535_65535,1,7,87,543,1,1,1,18,543,28,1,1,allocated
93,601,normal,0,0,65535_65535,1,9,87,513,0,1,0,17,0,28,1,1,pre_allocation
93,601,normal,0,0,65535_65535,1,9,87,543,1,1,1,18,543,28,1,1,allocated
93,601,normal,0,0,65535_65535,1,10,87,513,0,1,0,17,0,28,1,1,pre_allocation
93,601,normal,0,0,65535_65535,1,10,87,543,1,1,1,18,543,28,1,1,allocated
93,601,normal,0,0,65535_65535,1,8,87,198,0,1,0,17,0,15,1,1,pre_allocation
93,601,normal,0,0,65535_65535,1,8,87,210,1,1,1,18,210,15,1,1,allocated
93,601,normal,0,0,65535_65535,1,6,87,543,0,1,0,18,0,28,1,1,pre_allocation
93,601,normal,0,0,65535_65535,1,6,87,573,1,1,1,19,573,28,1,1,allocated
93,601,normal,0,0,65535_65535,1,7,87,543,0,1,0,18,0,28,1,1,pre_allocation
93,601,normal,0,0,65535_65535,1,7,87,573,1,1,1,19,573,28,1,1,allocated
93,601,normal,0,0,65535_65535,1,9,87,543,0,1,0,18,0,28,1,1,pre_allocation
93,601,normal,0,0,65535_65535,1,9,87,573,1,1,1,19,573,28,1,1,allocated
93,601,normal,0,0,65535_65535,1,10,87,543,0,1,0,18,0,28,1,1,pre_allocation
93,601,normal,0,0,65535_65535,1,10,87,573,1,1,1,19,573,28,1,1,allocated
93,601,normal,0,0,65535_65535,1,8,87,210,0,1,0,18,0,15,1,1,pre_allocation
93,601,normal,0,0,65535_65535,1,8,87,222,1,1,1,19,222,15,1,1,allocated
93,601,normal,0,0,65535_65535,1,6,87,573,0,1,0,19,0,28,1,1,pre_allocation
93,601,normal,0,0,65535_65535,1,6,87,604,1,1,1,20,604,28,1,1,allocated
93,601,normal,0,0,65535_65535,1,7,87,573,0,1,0,19,0,28,1,1,pre_allocation
93,601,normal,0,0,65535_65535,1,7,87,604,1,1,1,20,604,28,1,1,allocated
93,601,normal,0,0,65535_65535,1,9,87,573,0,1,0,19,0,28,1,1,pre_allocation
93,601,normal,0,0,65535_65535,1,9,87,604,1,1,1,20,604,28,1,1,allocated
93,601,normal,0,0,65535_65535,1,10,87,573,0,1,0,19,0,28,1,1,pre_allocation
93,601,normal,0,0,65535_65535,1,10,87,604,1,1,1,20,604,28,1,1,allocated
93,601,normal,0,0,65535_65535,1,8,87,222,0,1,0,19,0,15,1,1,pre_allocation
93,601,normal,0,0,65535_65535,1,8,87,234,1,1,1,20,234,15,1,1,allocated
93,601,normal,0,0,65535_65535,1,6,87,604,0,1,0,20,0,28,1,1,pre_allocation
93,601,normal,0,0,65535_65535,1,6,87,634,1,1,1,21,634,28,1,1,allocated
93,601,normal,0,0,65535_65535,1,7,87,604,0,1,0,20,0,28,1,1,pre_allocation
93,601,normal,0,0,65535_65535,1,7,87,634,1,1,1,21,634,28,1,1,allocated
93,601,normal,0,0,65535_65535,1,9,87,604,0,1,0,20,0,28,1,1,pre_allocation
93,601,normal,0,0,65535_65535,1,9,87,634,1,1,1,21,634,28,1,1,allocated
93,601,normal,0,0,65535_65535,1,10,87,604,0,1,0,20,0,28,1,1,pre_allocation
93,601,normal,0,0,65535_65535,1,10,87,634,1,1,1,21,634,28,1,1,allocated
93,601,normal,0,0,65535_65535,1,8,87,234,0,1,0,20,0,15,1,1,pre_allocation
93,601,normal,0,0,65535_65535,1,8,87,246,1,1,1,21,246,15,1,1,allocated
93,601,normal,0,0,65535_65535,1,6,87,634,0,1,0,21,0,28,1,1,pre_allocation
93,601,normal,0,0,65535_65535,1,6,87,664,1,1,1,22,664,28,1,1,allocated
93,601,normal,0,0,65535_65535,1,7,87,634,0,1,0,21,0,28,1,1,pre_allocation
93,601,normal,0,0,65535_65535,1,7,87,664,1,1,1,22,664,28,1,1,allocated
93,601,normal,0,0,65535_65535,1,9,87,634,0,1,0,21,0,28,1,1,pre_allocation
93,601,normal,0,0,65535_65535,1,9,87,664,1,1,1,22,664,28,1,1,allocated
93,601,normal,0,0,65535_65535,1,10,87,634,0,1,0,21,0,28,1,1,pre_allocation
93,601,normal,0,0,65535_65535,1,10,87,664,1,1,1,22,664,28,1,1,allocated
93,601,normal,0,0,65535_65535,1,8,87,246,0,1,0,21,0,15,1,1,pre_allocation
93,601,normal,0,0,65535_65535,1,8,87,258,1,1,1,22,258,15,1,1,allocated
93,601,normal,0,0,65535_65535,1,6,87,664,0,1,0,22,0,28,1,1,pre_allocation
93,601,normal,0,0,65535_65535,1,6,87,695,1,1,1,23,695,28,1,1,allocated
93,601,normal,0,0,65535_65535,1,7,87,664,0,1,0,22,0,28,1,1,pre_allocation
93,601,normal,0,0,65535_65535,1,7,87,695,1,1,1,23,695,28,1,1,allocated
93,601,normal,0,0,65535_65535,1,9,87,664,0,1,0,22,0,28,1,1,pre_allocation
93,601,normal,0,0,65535_65535,1,9,87,695,1,1,1,23,695,28,1,1,allocated
93,601,normal,0,0,65535_65535,1,10,87,664,0,1,0,22,0,28,1,1,pre_allocation
93,601,normal,0,0,65535_65535,1,10,87,695,1,1,1,23,695,28,1,1,allocated
93,601,normal,0,0,65535_65535,1,8,87,258,0,1,0,22,0,15,1,1,pre_allocation
93,601,normal,0,0,65535_65535,1,8,87,270,1,1,1,23,270,15,1,1,allocated
93,601,normal,0,0,65535_65535,1,6,87,695,0,1,0,23,0,28,1,1,pre_allocation
93,601,normal,0,0,65535_65535,1,6,87,725,1,1,1,24,725,28,1,1,allocated
93,601,normal,0,0,65535_65535,1,7,87,695,0,1,0,23,0,28,1,1,pre_allocation
93,601,normal,0,0,65535_65535,1,7,87,725,1,1,1,24,725,28,1,1,allocated
93,601,normal,0,0,65535_65535,1,9,87,695,0,1,0,23,0,28,1,1,pre_allocation
93,601,normal,0,0,65535_65535,1,9,87,725,1,1,1,24,725,28,1,1,allocated
93,601,normal,0,0,65535_65535,1,10,87,695,0,1,0,23,0,28,1,1,pre_allocation
93,601,normal,0,0,65535_65535,1,10,87,725,1,1,1,24,725,28,1,1,allocated
93,601,normal,0,0,65535_65535,1,8,87,270,0,1,0,23,0,15,1,1,pre_allocation
93,601,normal,0,0,65535_65535,1,8,87,282,1,1,1,24,282,15,1,1,allocated
93,601,normal,0,0,65535_65535,1,6,87,725,0,1,0,24,0,28,1,1,pre_allocation
93,601,normal,0,0,65535_65535,1,6,87,756,1,1,1,25,756,28,1,1,allocated
205,699,normal,0,0,65535_65535,0,1,75695,0,0,1,0,0,0,26,1,1,pre_allocation
205,699,normal,0,0,65535_65535,0,1,75695,46,1,1,1,1,46,26,1,1,allocated
205,699,normal,0,0,65535_65535,0,2,57824,0,0,1,0,0,0,28,1,1,pre_allocation
205,699,normal,0,0,65535_65535,0,2,57824,50,1,1,1,1,50,28,1,1,allocated
205,699,normal,0,0,65535_65535,0,3,59566,0,0,1,0,0,0,28,1,1,pre_allocation
205,699,normal,0,0,65535_65535,0,3,59566,50,1,1,1,1,50,28,1,1,allocated
205,699,normal,0,0,65535_65535,0,4,60096,0,0,1,0,0,0,28,1,1,pre_allocation
205,699,normal,0,0,65535_65535,0,4,60096,50,1,1,1,1,50,28,1,1,allocated
205,699,normal,0,0,65535_65535,0,5,60635,0,0,1,0,0,0,28,1,1,pre_allocation
205,699,normal,0,0,65535_65535,0,5,60635,50,1,1,1,1,50,28,1,1,allocated
205,699,normal,0,0,65535_65535,0,1,75695,46,0,1,0,1,0,26,1,1,pre_allocation
205,699,normal,0,0,65535_65535,0,1,75695,95,1,1,1,2,95,26,1,1,allocated
205,699,normal,0,0,65535_65535,0,2,57824,50,0,1,0,1,0,28,1,1,pre_allocation
205,699,normal,0,0,65535_65535,0,2,57824,103,1,1,1,2,103,28,1,1,allocated
205,699,normal,0,0,65535_65535,0,3,59566,50,0,1,0,1,0,28,1,1,pre_allocation
205,699,normal,0,0,65535_65535,0,3,59566,103,1,1,1,2,103,28,1,1,allocated
205,699,normal,0,0,65535_65535,0,4,60096,50,0,1,0,1,0,28,1,1,pre_allocation
205,699,normal,0,0,65535_65535,0,4,60096,103,1,1,1,2,103,28,1,1,allocated
205,699,normal,0,0,65535_65535,0,5,60635,50,0,1,0,1,0,28,1,1,pre_allocation
205,699,normal,0,0,65535_65535,0,5,60635,103,1,1,1,2,103,28,1,1,allocated
205,699,normal,0,0,65535_65535,0,1,75695,95,0,1,0,2,0,26,1,1,pre_allocation
205,699,normal,0,0,65535_65535,0,1,75695,144,1,1,1,3,144,26,1,1,allocated
205,699,normal,0,0,65535_65535,0,2,57824,103,0,1,0,2,0,28,1,1,pre_allocation
205,699,normal,0,0,65535_65535,0,2,57824,156,1,1,1,3,156,28,1,1,allocated
205,699,normal,0,0,65535_65535,0,3,59566,103,0,1,0,2,0,28,1,1,pre_allocation
205,699,normal,0,0,65535_65535,0,3,59566,156,1,1,1,3,156,28,1,1,allocated
205,699,normal,0,0,65535_65535,0,4,60096,103,0,1,0,2,0,28,1,1,pre_allocation
205,699,normal,0,0,65535_65535,0,4,60096,156,1,1,1,3,156,28,1,1,allocated
205,699,normal,0,0,65535_65535,0,5,60635,103,0,1,0,2,0,28,1,1,pre_allocation
205,699,normal,0,0,65535_65535,0,5,60635,156,1,1,1,3,156,28,1,1,allocated
205,699,normal,0,0,65535_65535,0,1,75695,144,0,1,0,3,0,26,1,1,pre_allocation
205,699,normal,0,0,65535_65535,0,1,75695,193,1,1,1,4,193,26,1,1,allocated
205,699,normal,0,0,65535_65535,0,2,57824,156,0,1,0,3,0,28,1,1,pre_allocation
205,699,normal,0,0,65535_65535,0,2,57824,209,1,1,1,4,209,28,1,1,allocated
205,699,normal,0,0,65535_65535,0,3,59566,156,0,1,0,3,0,28,1,1,pre_allocation
205,699,normal,0,0,65535_65535,0,3,59566,209,1,1,1,4,209,28,1,1,allocated
205,699,normal,0,0,65535_65535,0,4,60096,156,0,1,0,3,0,28,1,1,pre_allocation
205,699,normal,0,0,65535_65535,0,4,60096,209,1,1,1,4,209,28,1,1,allocated
205,699,normal,0,0,65535_65535,0,5,60635,156,0,1,0,3,0,28,1,1,pre_allocation
205,699,normal,0,0,65535_65535,0,5,60635,209,1,1,1,4,209,28,1,1,allocated
205,699,normal,0,0,65535_65535,0,1,75695,193,0,1,0,4,0,26,1,1,pre_allocation
205,699,normal,0,0,65535_65535,0,1,75695,242,1,1,1,5,242,26,1,1,allocated
205,699,normal,0,0,65535_65535,0,2,57824,209,0,1,0,4,0,28,1,1,pre_allocation
205,699,normal,0,0,65535_65535,0,2,57824,262,1,1,1,5,262,28,1,1,allocated
205,699,normal,0,0,65535_65535,0,3,59566,209,0,1,0,4,0,28,1,1,pre_allocation
205,699,normal,0,0,65535_65535,0,3,59566,262,1,1,1,5,262,28,1,1,allocated
205,699,normal,0,0,65535_65535,0,4,60096,209,0,1,0,4,0,28,1,1,pre_allocation
205,699,normal,0,0,65535_65535,0,4,60096,262,1,1,1,5,262,28,1,1,allocated
205,699,normal,0,0,65535_65535,0,5,60635,209,0,1,0,4,0,28,1,1,pre_allocation
205,699,normal,0,0,65535_65535,0,5,60635,262,1,1,1,5,262,28,1,1,allocated
205,699,normal,0,0,65535_65535,0,1,75695,242,0,1,0,5,0,26,1,1,pre_allocation
205,699,normal,0,0,65535_65535,0,1,75695,291,1,1,1,6,291,26,1,1,allocated
205,699,normal,0,0,65535_65535,0,2,57824,262,0,1,0,5,0,28,1,1,pre_allocation
205,699,normal,0,0,65535_65535,0,2,57824,315,1,1,1,6,315,28,1,1,allocated
205,699,normal,0,0,65535_65535,0,3,59566,262,0,1,0,5,0,28,1,1,pre_allocation
205,699,normal,0,0,65535_65535,0,3,59566,315,1,1,1,6,315,28,1,1,allocated
205,699,normal,0,0,65535_65535,0,4,60096,262,0,1,0,5,0,28,1,1,pre_allocation
205,699,normal,0,0,65535_65535,0,4,60096,315,1,1,1,6,315,28,1,1,allocated
205,699,normal,0,0,65535_65535,0,5,60635,262,0,1,0,5,0,28,1,1,pre_allocation
205,699,normal,0,0,65535_65535,0,5,60635,315,1,1,1,6,315,28,1,1,allocated
205,699,normal,0,0,65535_65535,0,1,75695,291,0,1,0,6,0,26,1,1,pre_allocation
205,699,normal,0,0,65535_65535,0,1,75695,340,1,1,1,7,340,26,1,1,allocated
205,699,normal,0,0,65535_65535,0,2,57824,315,0,1,0,6,0,28,1,1,pre_allocation
205,699,normal,0,0,65535_65535,0,2,57824,368,1,1,1,7,368,28,1,1,allocated
205,699,normal,0,0,65535_65535,0,3,59566,315,0,1,0,6,0,28,1,1,pre_allocation
205,699,normal,0,0,65535_65535,0,3,59566,368,1,1,1,7,368,28,1,1,allocated
205,699,normal,0,0,65535_65535,0,4,60096,315,0,1,0,6,0,28,1,1,pre_allocation
205,699,normal,0,0,65535_65535,0,4,60096,368,1,1,1,7,368,28,1,1,allocated
205,699,normal,0,0,65535_65535,0,5,60635,315,0,1,0,6,0,28,1,1,pre_allocation
205,699,normal,0,0,65535_65535,0,5,60635,368,1,1,1,7,368,28,1,1,allocated
205,699,normal,0,0,65535_65535,0,1,75695,340,0,1,0,7,0,26,1,1,pre_allocation
205,699,normal,0,0,65535_65535,0,1,75695,389,1,1,1,8,389,26,1,1,allocated
205,699,normal,0,0,65535_65535,0,2,57824,368,0,1,0,7,0,28,1,1,pre_allocation
205,699,normal,0,0,65535_65535,0,2,57824,422,1,1,1,8,422,28,1,1,allocated
205,699,normal,0,0,65535_65535,0,3,59566,368,0,1,0,7,0,28,1,1,pre_allocation
205,699,normal,0,0,65535_65535,0,3,59566,422,1,1,1,8,422,28,1,1,allocated
205,699,normal,0,0,65535_65535,0,4,60096,368,0,1,0,7,0,28,1,1,pre_allocation
205,699,normal,0,0,65535_65535,0,4,60096,422,1,1,1,8,422,28,1,1,allocated
205,699,normal,0,0,65535_65535,0,5,60635,368,0,1,0,7,0,28,1,1,pre_allocation
205,699,normal,0,0,65535_65535,0,5,60635,422,1,1,1,8,422,28,1,1,allocated
205,699,normal,0,0,65535_65535,0,1,75695,389,0,1,0,8,0,26,1,1,pre_allocation
205,699,normal,0,0,65535_65535,0,1,75695,438,1,1,1,9,438,26,1,1,allocated
205,699,normal,0,0,65535_65535,0,2,57824,422,0,1,0,8,0,28,1,1,pre_allocation
205,699,normal,0,0,65535_65535,0,2,57824,475,1,1,1,9,475,28,1,1,allocated
205,699,normal,0,0,65535_65535,0,3,59566,422,0,1,0,8,0,28,1,1,pre_allocation
205,699,normal,0,0,65535_65535,0,3,59566,475,1,1,1,9,475,28,1,1,allocated
205,699,normal,0,0,65535_65535,0,4,60096,422,0,1,0,8,0,28,1,1,pre_allocation
205,699,normal,0,0,65535_65535,0,4,60096,475,1,1,1,9,475,28,1,1,allocated
205,699,normal,0,0,65535_65535,0,5,60635,422,0,1,0,8,0,28,1,1,pre_allocation
205,699,normal,0,0,65535_65535,0,5,60635,475,1,1,1,9,475,28,1,1,allocated
205,699,normal,0,0,65535_65535,0,1,75695,438,0,1,0,9,0,26,1,1,pre_allocation
205,699,normal,0,0,65535_65535,0,1,75695,487,1,1,1,10,487,26,1,1,allocated
205,699,normal,0,0,65535_65535,0,2,57824,475,0,1,0,9,0,28,1,1,pre_allocation
205,699,normal,0,0,65535_65535,0,2,57824,528,1,1,1,10,528,28,1,1,allocated
205,699,normal,0,0,65535_65535,0,3,59566,475,0,1,0,9,0,28,1,1,pre_allocation
205,699,normal,0,0,65535_65535,0,3,59566,528,1,1,1,10,528,28,1,1,allocated
205,699,normal,0,0,65535_65535,0,4,60096,475,0,1,0,9,0,28,1,1,pre_allocation
205,699,normal,0,0,65535_65535,0,4,60096,528,1,1,1,10,528,28,1,1,allocated
205,699,normal,0,0,65535_65535,0,5,60635,475,0,1,0,9,0,28,1,1,pre_allocation
205,699,normal,0,0,65535_65535,0,5,60635,528,1,1,1,10,528,28,1,1,allocated
205,699,normal,0,0,65535_65535,0,1,75695,487,0,1,0,10,0,26,1,1,pre_allocation
205,699,normal,0,0,65535_65535,0,1,75695,536,1,1,1,11,536,26,1,1,allocated
205,699,normal,0,0,65535_65535,0,2,57824,528,0,1,0,10,0,28,1,1,pre_allocation
205,699,normal,0,0,65535_65535,0,2,57824,581,1,1,1,11,581,28,1,1,allocated
205,699,normal,0,0,65535_65535,0,3,59566,528,0,1,0,10,0,28,1,1,pre_allocation
205,699,normal,0,0,65535_65535,0,3,59566,581,1,1,1,11,581,28,1,1,allocated
205,699,normal,0,0,65535_65535,0,4,60096,528,0,1,0,10,0,28,1,1,pre_allocation
205,699,normal,0,0,65535_65535,0,4,60096,581,1,1,1,11,581,28,1,1,allocated
205,699,normal,0,0,65535_65535,0,5,60635,528,0,1,0,10,0,28,1,1,pre_allocation
205,699,normal,0,0,65535_65535,0,5,60635,581,1,1,1,11,581,28,1,1,allocated
205,699,normal,0,0,65535_65535,0,1,75695,536,0,1,0,11,0,26,1,1,pre_allocation
205,699,normal,0,0,65535_65535,0,1,75695,586,1,1,1,12,586,26,1,1,allocated
205,699,normal,0,0,65535_65535,0,2,57824,581,0,1,0,11,0,28,1,1,pre_allocation
205,699,normal,0,0,65535_65535,0,2,57824,634,1,1,1,12,634,28,1,1,allocated
205,699,normal,0,0,65535_65535,0,3,59566,581,0,1,0,11,0,28,1,1,pre_allocation
205,699,normal,0,0,65535_65535,0,3,59566,634,1,1,1,12,634,28,1,1,allocated
205,699,normal,0,0,65535_65535,0,4,60096,581,0,1,0,11,0,28,1,1,pre_allocation
205,699,normal,0,0,65535_65535,0,4,60096,634,1,1,1,12,634,28,1,1,allocated
205,699,normal,0,0,65535_65535,0,5,60635,581,0,1,0,11,0,28,1,1,pre_allocation
205,699,normal,0,0,65535_65535,0,5,60635,634,1,1,1,12,634,28,1,1,allocated
205,699,normal,0,0,65535_65535,0,1,75695,586,0,1,0,12,0,26,1,1,pre_allocation
205,699,normal,0,0,65535_65535,0,1,75695,635,1,1,1,13,635,26,1,1,allocated
205,699,normal,0,0,65535_65535,0,2,57824,634,0,1,0,12,0,28,1,1,pre_allocation
205,699,normal,0,0,65535_65535,0,2,57824,687,1,1,1,13,687,28,1,1,allocated
205,699,normal,0,0,65535_65535,0,3,59566,634,0,1,0,12,0,28,1,1,pre_allocation
205,699,normal,0,0,65535_65535,0,3,59566,687,1,1,1,13,687,28,1,1,allocated
205,699,normal,0,0,65535_65535,0,4,60096,634,0,1,0,12,0,28,1,1,pre_allocation
205,699,normal,0,0,65535_65535,0,4,60096,687,1,1,1,13,687,28,1,1,allocated
205,699,normal,0,0,65535_65535,0,5,60635,634,0,1,0,12,0,28,1,1,pre_allocation
205,699,normal,0,0,65535_65535,0,5,60635,687,1,1,1,13,687,28,1,1,allocated
205,699,normal,0,0,65535_65535,0,1,75695,635,0,1,0,13,0,26,1,1,pre_allocation
205,699,normal,0,0,65535_65535,0,1,75695,684,1,1,1,14,684,26,1,1,allocated
205,699,normal,0,0,65535_65535,0,2,57824,687,0,1,0,13,0,28,1,1,pre_allocation
205,699,normal,0,0,65535_65535,0,2,57824,740,1,1,1,14,740,28,1,1,allocated
205,699,normal,0,0,65535_65535,0,3,59566,687,0,1,0,13,0,28,1,1,pre_allocation
205,699,normal,0,0,65535_65535,0,3,59566,740,1,1,1,14,740,28,1,1,allocated
205,699,normal,0,0,65535_65535,0,4,60096,687,0,1,0,13,0,28,1,1,pre_allocation
205,699,normal,0,0,65535_65535,0,4,60096,740,1,1,1,14,740,28,1,1,allocated
205,699,normal,0,0,65535_65535,0,5,60635,687,0,1,0,13,0,28,1,1,pre_allocation
205,699,normal,0,0,65535_65535,0,5,60635,740,1,1,1,14,740,28,1,1,allocated
205,699,normal,0,0,65535_65535,0,1,75695,684,0,1,0,14,0,26,1,1,pre_allocation
205,699,normal,0,0,65535_65535,0,1,75695,733,1,1,1,15,733,26,1,1,allocated
205,699,normal,0,0,65535_65535,1,6,87,0,0,1,0,0,0,28,1,1,pre_allocation
205,699,normal,0,0,65535_65535,1,6,87,50,1,1,1,1,50,28,1,1,allocated
205,699,normal,0,0,65535_65535,1,7,87,0,0,1,0,0,0,28,1,1,pre_allocation
205,699,normal,0,0,65535_65535,1,7,87,50,1,1,1,1,50,28,1,1,allocated
205,699,normal,0,0,65535_65535,1,9,87,0,0,1,0,0,0,28,1,1,pre_allocation
205,699,normal,0,0,65535_65535,1,9,87,50,1,1,1,1,50,28,1,1,allocated
205,699,normal,0,0,65535_65535,1,10,87,0,0,1,0,0,0,28,1,1,pre_allocation
205,699,normal,0,0,65535_65535,1,10,87,50,1,1,1,1,50,28,1,1,allocated
205,699,normal,0,0,65535_65535,1,6,87,50,0,1,0,1,0,28,1,1,pre_allocation
205,699,normal,0,0,65535_65535,1,6,87,103,1,1,1,2,103,28,1,1,allocated
205,699,normal,0,0,65535_65535,1,7,87,50,0,1,0,1,0,28,1,1,pre_allocation
205,699,normal,0,0,65535_65535,1,7,87,103,1,1,1,2,103,28,1,1,allocated
205,699,normal,0,0,65535_65535,1,9,87,50,0,1,0,1,0,28,1,1,pre_allocation
205,699,normal,0,0,65535_65535,1,9,87,103,1,1,1,2,103,28,1,1,allocated
205,699,normal,0,0,65535_65535,1,10,87,50,0,1,0,1,0,28,1,1,pre_allocation
205,699,normal,0,0,65535_65535,1,10,87,103,1,1,1,2,103,28,1,1,allocated
205,699,normal,0,0,65535_65535,1,6,87,103,0,1,0,2,0,28,1,1,pre_allocation
205,699,normal,0,0,65535_65535,1,6,87,156,1,1,1,3,156,28,1,1,allocated
205,699,normal,0,0,65535_65535,1,7,87,103,0,1,0,2,0,28,1,1,pre_allocation
205,699,normal,0,0,65535_65535,1,7,87,156,1,1,1,3,156,28,1,1,allocated
205,699,normal,0,0,65535_65535,1,9,87,103,0,1,0,2,0,28,1,1,pre_allocation
205,699,normal,0,0,65535_65535,1,9,87,156,1,1,1,3,156,28,1,1,allocated
205,699,normal,0,0,65535_65535,1,10,87,103,0,1,0,2,0,28,1,1,pre_allocation
205,699,normal,0,0,65535_65535,1,10,87,156,1,1,1,3,156,28,1,1,allocated
205,699,normal,0,0,65535_65535,1,6,87,156,0,1,0,3,0,28,1,1,pre_allocation
205,699,normal,0,0,65535_65535,1,6,87,209,1,1,1,4,209,28,1,1,allocated
205,699,normal,0,0,65535_65535,1,7,87,156,0,1,0,3,0,28,1,1,pre_allocation
205,699,normal,0,0,65535_65535,1,7,87,209,1,1,1,4,209,28,1,1,allocated
205,699,normal,0,0,65535_65535,1,9,87,156,0,1,0,3,0,28,1,1,pre_allocation
205,699,normal,0,0,65535_65535,1,9,87,209,1,1,1,4,209,28,1,1,allocated
205,699,normal,0,0,65535_65535,1,10,87,156,0,1,0,3,0,28,1,1,pre_allocation
205,699,normal,0,0,65535_65535,1,10,87,209,1,1,1,4,209,28,1,1,allocated
205,699,normal,0,0,65535_65535,1,6,87,209,0,1,0,4,0,28,1,1,pre_allocation
205,699,normal,0,0,65535_65535,1,6,87,262,1,1,1,5,262,28,1,1,allocated
205,699,normal,0,0,65535_65535,1,7,87,209,0,1,0,4,0,28,1,1,pre_allocation
205,699,normal,0,0,65535_65535,1,7,87,262,1,1,1,5,262,28,1,1,allocated
205,699,normal,0,0,65535_65535,1,9,87,209,0,1,0,4,0,28,1,1,pre_allocation
205,699,normal,0,0,65535_65535,1,9,87,262,1,1,1,5,262,28,1,1,allocated
205,699,normal,0,0,65535_65535,1,10,87,209,0,1,0,4,0,28,1,1,pre_allocation
205,699,normal,0,0,65535_65535,1,10,87,262,1,1,1,5,262,28,1,1,allocated
205,699,normal,0,0,65535_65535,1,6,87,262,0,1,0,5,0,28,1,1,pre_allocation
205,699,normal,0,0,65535_65535,1,6,87,315,1,1,1,6,315,28,1,1,allocated
205,699,normal,0,0,65535_65535,1,7,87,262,0,1,0,5,0,28,1,1,pre_allocation
205,699,normal,0,0,65535_65535,1,7,87,315,1,1,1,6,315,28,1,1,allocated
205,699,normal,0,0,65535_65535,1,9,87,262,0,1,0,5,0,28,1,1,pre_allocation
205,699,normal,0,0,65535_65535,1,9,87,315,1,1,1,6,315,28,1,1,allocated
205,699,normal,0,0,65535_65535,1,10,87,262,0,1,0,5,0,28,1,1,pre_allocation
205,699,normal,0,0,65535_65535,1,10,87,315,1,1,1,6,315,28,1,1,allocated
205,699,normal,0,0,65535_65535,1,6,87,315,0,1,0,6,0,28,1,1,pre_allocation
205,699,normal,0,0,65535_65535,1,6,87,368,1,1,1,7,368,28,1,1,allocated
205,699,normal,0,0,65535_65535,1,7,87,315,0,1,0,6,0,28,1,1,pre_allocation
205,699,normal,0,0,65535_65535,1,7,87,368,1,1,1,7,368,28,1,1,allocated
205,699,normal,0,0,65535_65535,1,9,87,315,0,1,0,6,0,28,1,1,pre_allocation
205,699,normal,0,0,65535_65535,1,9,87,368,1,1,1,7,368,28,1,1,allocated
205,699,normal,0,0,65535_65535,1,10,87,315,0,1,0,6,0,28,1,1,pre_allocation
205,699,normal,0,0,65535_65535,1,10,87,368,1,1,1,7,368,28,1,1,allocated
205,699,normal,0,0,65535_65535,1,6,87,368,0,1,0,7,0,28,1,1,pre_allocation
205,699,normal,0,0,65535_65535,1,6,87,422,1,1,1,8,422,28,1,1,allocated
205,699,normal,0,0,65535_65535,1,7,87,368,0,1,0,7,0,28,1,1,pre_allocation
205,699,normal,0,0,65535_65535,1,7,87,422,1,1,1,8,422,28,1,1,allocated
205,699,normal,0,0,65535_65535,1,9,87,368,0,1,0,7,0,28,1,1,pre_allocation
205,699,normal,0,0,65535_65535,1,9,87,422,1,1,1,8,422,28,1,1,allocated
205,699,normal,0,0,65535_65535,1,10,87,368,0,1,0,7,0,28,1,1,pre_allocation
205,699,normal,0,0,65535_65535,1,10,87,422,1,1,1,8,422,28,1,1,allocated
205,699,normal,0,0,65535_65535,1,6,87,422,0,1,0,8,0,28,1,1,pre_allocation
205,699,normal,0,0,65535_65535,1,6,87,475,1,1,1,9,475,28,1,1,allocated
205,699,normal,0,0,65535_65535,1,7,87,422,0,1,0,8,0,28,1,1,pre_allocation
205,699,normal,0,0,65535_65535,1,7,87,475,1,1,1,9,475,28,1,1,allocated
205,699,normal,0,0,65535_65535,1,9,87,422,0,1,0,8,0,28,1,1,pre_allocation
205,699,normal,0,0,65535_65535,1,9,87,475,1,1,1,9,475,28,1,1,allocated
205,699,normal,0,0,65535_65535,1,10,87,422,0,1,0,8,0,28,1,1,pre_allocation
205,699,normal,0,0,65535_65535,1,10,87,475,1,1,1,9,475,28,1,1,allocated
205,699,normal,0,0,65535_65535,1,6,87,475,0,1,0,9,0,28,1,1,pre_allocation
205,699,normal,0,0,65535_65535,1,6,87,528,1,1,1,10,528,28,1,1,allocated
205,699,normal,0,0,65535_65535,1,7,87,475,0,1,0,9,0,28,1,1,pre_allocation
205,699,normal,0,0,65535_65535,1,7,87,528,1,1,1,10,528,28,1,1,allocated
205,699,normal,0,0,65535_65535,1,9,87,475,0,1,0,9,0,28,1,1,pre_allocation
205,699,normal,0,0,65535_65535,1,9,87,528,1,1,1,10,528,28,1,1,allocated
205,699,normal,0,0,65535_65535,1,10,87,475,0,1,0,9,0,28,1,1,pre_allocation
205,699,normal,0,0,65535_65535,1,10,87,528,1,1,1,10,528,28,1,1,allocated
205,699,normal,0,0,65535_65535,1,6,87,528,0,1,0,10,0,28,1,1,pre_allocation
205,699,normal,0,0,65535_65535,1,6,87,581,1,1,1,11,581,28,1,1,allocated
205,699,normal,0,0,65535_65535,1,7,87,528,0,1,0,10,0,28,1,1,pre_allocation
205,699,normal,0,0,65535_65535,1,7,87,581,1,1,1,11,581,28,1,1,allocated
205,699,normal,0,0,65535_65535,1,9,87,528,0,1,0,10,0,28,1,1,pre_allocation
205,699,normal,0,0,65535_65535,1,9,87,581,1,1,1,11,581,28,1,1,allocated
205,699,normal,0,0,65535_65535,1,10,87,528,0,1,0,10,0,28,1,1,pre_allocation
205,699,normal,0,0,65535_65535,1,10,87,581,1,1,1,11,581,28,1,1,allocated
205,699,normal,0,0,65535_65535,1,6,87,581,0,1,0,11,0,28,1,1,pre_allocation
205,699,normal,0,0,65535_65535,1,6,87,634,1,1,1,12,634,28,1,1,allocated
205,699,normal,0,0,65535_65535,1,7,87,581,0,1,0,11,0,28,1,1,pre_allocation
205,699,normal,0,0,65535_65535,1,7,87,634,1,1,1,12,634,28,1,1,allocated
205,699,normal,0,0,65535_65535,1,9,87,581,0,1,0,11,0,28,1,1,pre_allocation
205,699,normal,0,0,65535_65535,1,9,87,634,1,1,1,12,634,28,1,1,allocated
205,699,normal,0,0,65535_65535,1,10,87,581,0,1,0,11,0,28,1,1,pre_allocation
205,699,normal,0,0,65535_65535,1,10,87,634,1,1,1,12,634,28,1,1,allocated
205,699,normal,0,0,65535_65535,1,6,87,634,0,1,0,12,0,28,1,1,pre_allocation
205,699,normal,0,0,65535_65535,1,6,87,687,1,1,1,13,687,28,1,1,allocated
205,699,normal,0,0,65535_65535,1,7,87,634,0,1,0,12,0,28,1,1,pre_allocation
205,699,normal,0,0,65535_65535,1,7,87,687,1,1,1,13,687,28,1,1,allocated
205,699,normal,0,0,65535_65535,1,9,87,634,0,1,0,12,0,28,1,1,pre_allocation
205,699,normal,0,0,65535_65535,1,9,87,687,1,1,1,13,687,28,1,1,allocated
205,699,normal,0,0,65535_65535,1,10,87,634,0,1,0,12,0,28,1,1,pre_allocation
205,699,normal,0,0,65535_65535,1,10,87,687,1,1,1,13,687,28,1,1,allocated
205,699,normal,0,0,65535_65535,1,6,87,687,0,1,0,13,0,28,1,1,pre_allocation
205,699,normal,0,0,65535_65535,1,6,87,740,1,1,1,14,740,28,1,1,allocated
205,699,normal,0,0,65535_65535,1,7,87,687,0,1,0,13,0,28,1,1,pre_allocation
205,699,normal,0,0,65535_65535,1,7,87,740,1,1,1,14,740,28,1,1,allocated
205,699,normal,0,0,65535_65535,1,9,87,687,0,1,0,13,0,28,1,1,pre_allocation
205,699,normal,0,0,65535_65535,1,9,87,740,1,1,1,14,740,28,1,1,allocated
205,699,normal,0,0,65535_65535,1,10,87,687,0,1,0,13,0,28,1,1,pre_allocation
205,699,normal,0,0,65535_65535,1,10,87,740,1,1,1,14,740,28,1,1,allocated
205,699,normal,0,0,65535_65535,1,6,87,740,0,1,0,14,0,28,1,1,pre_allocation
205,699,normal,0,0,65535_65535,1,6,87,793,1,1,1,15,793,28,1,1,allocated
205,699,normal,0,0,65535_65535,1,7,87,740,0,1,0,14,0,28,1,1,pre_allocation
205,699,normal,0,0,65535_65535,1,7,87,793,1,1,1,15,793,28,1,1,allocated
205,699,normal,0,0,65535_65535,1,9,87,740,0,1,0,14,0,28,1,1,pre_allocation
205,699,normal,0,0,65535_65535,1,9,87,793,1,1,1,15,793,28,1,1,allocated
205,699,normal,0,0,65535_65535,1,10,87,740,0,1,0,14,0,28,1,1,pre_allocation
205,699,normal,0,0,65535_65535,1,10,87,793,1,1,1,15,793,28,1,1,allocated
205,699,normal,0,0,65535_65535,1,6,87,793,0,1,0,15,0,28,1,1,pre_allocation
205,699,normal,0,0,65535_65535,1,6,87,847,1,1,1,16,847,28,1,1,allocated
205,699,normal,0,0,65535_65535,1,7,87,793,0,1,0,15,0,28,1,1,pre_allocation
205,699,normal,0,0,65535_65535,1,7,87,847,1,1,1,16,847,28,1,1,allocated
205,699,normal,0,0,65535_65535,1,9,87,793,0,1,0,15,0,28,1,1,pre_allocation
205,699,normal,0,0,65535_65535,1,9,87,847,1,1,1,16,847,28,1,1,allocated
205,699,normal,0,0,65535_65535,1,10,87,793,0,1,0,15,0,28,1,1,pre_allocation
205,699,normal,0,0,65535_65535,1,10,87,847,1,1,1,16,847,28,1,1,allocated
205,699,normal,0,0,65535_65535,1,6,87,847,0,1,0,16,0,28,1,1,pre_allocation
205,699,normal,0,0,65535_65535,1,6,87,900,1,1,1,17,900,28,1,1,allocated
205,699,normal,0,0,65535_65535,1,7,87,847,0,1,0,16,0,28,1,1,pre_allocation
205,699,normal,0,0,65535_65535,1,7,87,900,1,1,1,17,900,28,1,1,allocated
205,699,normal,0,0,65535_65535,1,9,87,847,0,1,0,16,0,28,1,1,pre_allocation
205,699,normal,0,0,65535_65535,1,9,87,900,1,1,1,17,900,28,1,1,allocated
205,699,normal,0,0,65535_65535,1,10,87,847,0,1,0,16,0,28,1,1,pre_allocation
205,699,normal,0,0,65535_65535,1,10,87,900,1,1,1,17,900,28,1,1,allocated
205,699,normal,0,0,65535_65535,1,6,87,900,0,1,0,17,0,28,1,1,pre_allocation
205,699,normal,0,0,65535_65535,1,6,87,953,1,1,1,18,953,28,1,1,allocated
205,699,normal,0,0,65535_65535,1,7,87,900,0,1,0,17,0,28,1,1,pre_allocation
205,699,normal,0,0,65535_65535,1,7,87,953,1,1,1,18,953,28,1,1,allocated
205,699,normal,0,0,65535_65535,1,9,87,900,0,1,0,17,0,28,1,1,pre_allocation
205,699,normal,0,0,65535_65535,1,9,87,953,1,1,1,18,953,28,1,1,allocated
205,699,normal,0,0,65535_65535,1,10,87,900,0,1,0,17,0,28,1,1,pre_allocation
205,699,normal,0,0,65535_65535,1,10,87,953,1,1,1,18,953,28,1,1,allocated
205,699,normal,0,0,65535_65535,1,6,87,953,0,1,0,18,0,28,1,1,pre_allocation
205,699,normal,0,0,65535_65535,1,6,87,1006,1,1,1,19,1006,28,1,1,allocated
205,699,normal,0,0,65535_65535,1,7,87,953,0,1,0,18,0,28,1,1,pre_allocation
205,699,normal,0,0,65535_65535,1,7,87,1006,1,1,1,19,1006,28,1,1,allocated
205,699,normal,0,0,65535_65535,1,9,87,953,0,1,0,18,0,28,1,1,pre_allocation
205,699,normal,0,0,65535_65535,1,9,87,1006,1,1,1,19,1006,28,1,1,allocated
205,699,normal,0,0,65535_65535,1,10,87,953,0,1,0,18,0,28,1,1,pre_allocation
205,699,normal,0,0,65535_65535,1,10,87,1006,1,1,1,19,1006,28,1,1,allocated
205,699,normal,0,0,65535_65535,1,6,87,1006,0,1,0,19,0,28,1,1,pre_allocation
205,699,normal,0,0,65535_65535,1,6,87,1059,1,1,1,20,1059,28,1,1,allocated
205,699,normal,0,0,65535_65535,1,7,87,1006,0,1,0,19,0,28,1,1,pre_allocation
205,699,normal,0,0,65535_65535,1,7,87,1059,1,1,1,20,1059,28,1,1,allocated
205,699,normal,0,0,65535_65535,1,9,87,1006,0,1,0,19,0,28,1,1,pre_allocation
205,699,normal,0,0,65535_65535,1,9,87,1059,1,1,1,20,1059,28,1,1,allocated
205,699,normal,0,0,65535_65535,1,10,87,1006,0,1,0,19,0,28,1,1,pre_allocation
205,699,normal,0,0,65535_65535,1,10,87,1059,1,1,1,20,1059,28,1,1,allocated
205,699,normal,0,0,65535_65535,1,6,87,1059,0,1,0,20,0,28,1,1,pre_allocation
205,699,normal,0,0,65535_65535,1,6,87,1112,1,1,1,21,1112,28,1,1,allocated
205,699,normal,0,0,65535_65535,1,7,87,1059,0,1,0,20,0,28,1,1,pre_allocation
205,699,normal,0,0,65535_65535,1,7,87,1112,1,1,1,21,1112,28,1,1,allocated
205,699,normal,0,0,65535_65535,1,9,87,1059,0,1,0,20,0,28,1,1,pre_allocation
205,699,normal,0,0,65535_65535,1,9,87,1112,1,1,1,21,1112,28,1,1,allocated
205,699,normal,0,0,65535_65535,1,10,87,1059,0,1,0,20,0,28,1,1,pre_allocation
205,699,normal,0,0,65535_65535,1,10,87,1112,1,1,1,21,1112,28,1,1,allocated
205,699,normal,0,0,65535_65535,1,6,87,1112,0,1,0,21,0,28,1,1,pre_allocation
205,699,normal,0,0,65535_65535,1,6,87,1165,1,1,1,22,1165,28,1,1,allocated
205,699,normal,0,0,65535_65535,1,7,87,1112,0,1,0,21,0,28,1,1,pre_allocation
205,699,normal,0,0,65535_65535,1,7,87,1165,1,1,1,22,1165,28,1,1,allocated
205,699,normal,0,0,65535_65535,1,9,87,1112,0,1,0,21,0,28,1,1,pre_allocation
205,699,normal,0,0,65535_65535,1,9,87,1165,1,1,1,22,1165,28,1,1,allocated
205,699,normal,0,0,65535_65535,1,10,87,1112,0,1,0,21,0,28,1,1,pre_allocation
205,699,normal,0,0,65535_65535,1,10,87,1165,1,1,1,22,1165,28,1,1,allocated
205,699,normal,0,0,65535_65535,1,6,87,1165,0,1,0,22,0,28,1,1,pre_allocation
205,699,normal,0,0,65535_65535,1,6,87,1218,1,1,1,23,1218,28,1,1,allocated
205,699,normal,0,0,65535_65535,1,7,87,1165,0,1,0,22,0,28,1,1,pre_allocation
205,699,normal,0,0,65535_65535,1,7,87,1218,1,1,1,23,1218,28,1,1,allocated
205,699,normal,0,0,65535_65535,1,9,87,1165,0,1,0,22,0,28,1,1,pre_allocation
205,699,normal,0,0,65535_65535,1,9,87,1218,1,1,1,23,1218,28,1,1,allocated
205,699,normal,0,0,65535_65535,1,10,87,1165,0,1,0,22,0,28,1,1,pre_allocation
205,699,normal,0,0,65535_65535,1,10,87,1218,1,1,1,23,1218,28,1,1,allocated
205,699,normal,0,0,65535_65535,1,6,87,1218,0,1,0,23,0,28,1,1,pre_allocation
205,699,normal,0,0,65535_65535,1,6,87,1272,1,1,1,24,1272,28,1,1,allocated
205,699,normal,0,0,65535_65535,2,28,137,0,0,1,0,0,0,28,1,1,pre_allocation
205,699,normal,0,0,65535_65535,2,28,137,50,1,1,1,1,50,28,1,1,allocated
205,699,normal,0,0,65535_65535,2,27,137,0,0,1,0,0,0,28,1,1,pre_allocation
205,699,normal,0,0,65535_65535,2,27,137,50,1,1,1,1,50,28,1,1,allocated
205,699,normal,0,0,65535_65535,2,25,137,0,0,1,0,0,0,28,1,1,pre_allocation
205,699,normal,0,0,65535_65535,2,25,137,50,1,1,1,1,50,28,1,1,allocated
205,699,normal,0,0,65535_65535,2,24,137,0,0,1,0,0,0,28,1,1,pre_allocation
205,699,normal,0,0,65535_65535,2,24,137,50,1,1,1,1,50,28,1,1,allocated
205,699,normal,0,0,65535_65535,2,22,137,0,0,1,0,0,0,28,1,1,pre_allocation
205,699,normal,0,0,65535_65535,2,22,137,50,1,1,1,1,50,28,1,1,allocated
205,699,normal,0,0,65535_65535,2,21,137,0,0,1,0,0,0,28,1,1,pre_allocation
205,699,normal,0,0,65535_65535,2,21,137,50,1,1,1,1,50,28,1,1,allocated
205,699,normal,0,0,65535_65535,2,11,137,0,0,1,0,0,0,28,1,1,pre_allocation
205,699,normal,0,0,65535_65535,2,11,137,50,1,1,1,1,50,28,1,1,allocated
205,699,normal,0,0,65535_65535,2,12,137,0,0,1,0,0,0,28,1,1,pre_allocation
205,699,normal,0,0,65535_65535,2,12,137,50,1,1,1,1,50,28,1,1,allocated
205,699,normal,0,0,65535_65535,2,28,137,50,0,1,0,1,0,28,1,1,pre_allocation
205,699,normal,0,0,65535_65535,2,28,137,103,1,1,1,2,103,28,1,1,allocated
205,699,normal,0,0,65535_65535,2,27,137,50,0,1,0,1,0,28,1,1,pre_allocation
205,699,normal,0,0,65535_65535,2,27,137,103,1,1,1,2,103,28,1,1,allocated
205,699,normal,0,0,65535_65535,2,25,137,50,0,1,0,1,0,28,1,1,pre_allocation
205,699,normal,0,0,65535_65535,2,25,137,103,1,1,1,2,103,28,1,1,allocated
205,699,normal,0,0,65535_65535,2,24,137,50,0,1,0,1,0,28,1,1,pre_allocation
205,699,normal,0,0,65535_65535,2,24,137,103,1,1,1,2,103,28,1,1,allocated
205,699,normal,0,0,65535_65535,2,22,137,50,0,1,0,1,0,28,1,1,pre_allocation
205,699,normal,0,0,65535_65535,2,22,137,103,1,1,1,2,103,28,1,1,allocated
205,699,normal,0,0,65535_65535,2,21,137,50,0,1,0,1,0,28,1,1,pre_allocation
205,699,normal,0,0,65535_65535,2,21,137,103,1,1,1,2,103,28,1,1,allocated
205,699,normal,0,0,65535_65535,2,11,137,50,0,1,0,1,0,28,1,1,pre_allocation
205,699,normal,0,0,65535_65535,2,11,137,103,1,1,1,2,103,28,1,1,allocated
205,699,normal,0,0,65535_65535,2,12,137,50,0,1,0,1,0,28,1,1,pre_allocation
205,699,normal,0,0,65535_65535,2,12,137,103,1,1,1,2,103,28,1,1,allocated
205,699,normal,0,0,65535_65535,2,28,137,103,0,1,0,2,0,28,1,1,pre_allocation
205,699,normal,0,0,65535_65535,2,28,137,156,1,1,1,3,156,28,1,1,allocated
205,699,normal,0,0,65535_65535,2,27,137,103,0,1,0,2,0,28,1,1,pre_allocation
205,699,normal,0,0,65535_65535,2,27,137,156,1,1,1,3,156,28,1,1,allocated
205,699,normal,0,0,65535_65535,2,25,137,103,0,1,0,2,0,28,1,1,pre_allocation
205,699,normal,0,0,65535_65535,2,25,137,156,1,1,1,3,156,28,1,1,allocated
205,699,normal,0,0,65535_65535,2,24,137,103,0,1,0,2,0,28,1,1,pre_allocation
205,699,normal,0,0,65535_65535,2,24,137,156,1,1,1,3,156,28,1,1,allocated
205,699,normal,0,0,65535_65535,2,22,137,103,0,1,0,2,0,28,1,1,pre_allocation
205,699,normal,0,0,65535_65535,2,22,137,156,1,1,1,3,156,28,1,1,allocated
205,699,normal,0,0,65535_65535,2,21,137,103,0,1,0,2,0,28,1,1,pre_allocation
205,699,normal,0,0,65535_65535,2,21,137,156,1,1,1,3,156,28,1,1,allocated
205,699,normal,0,0,65535_65535,2,11,137,103,0,1,0,2,0,28,1,1,pre_allocation
205,699,normal,0,0,65535_65535,2,11,137,156,1,1,1,3,156,28,1,1,allocated
205,699,normal,0,0,65535_65535,2,12,137,103,0,1,0,2,0,28,1,1,pre_allocation
205,699,normal,0,0,65535_65535,2,12,137,156,1,1,1,3,156,28,1,1,allocated
205,699,normal,0,0,65535_65535,2,28,137,156,0,1,0,3,0,28,1,1,pre_allocation
205,699,normal,0,0,65535_65535,2,28,137,209,1,1,1,4,209,28,1,1,allocated
205,699,normal,0,0,65535_65535,2,27,137,156,0,1,0,3,0,28,1,1,pre_allocation
205,699,normal,0,0,65535_65535,2,27,137,209,1,1,1,4,209,28,1,1,allocated
205,699,normal,0,0,65535_65535,2,25,137,156,0,1,0,3,0,28,1,1,pre_allocation
205,699,normal,0,0,65535_65535,2,25,137,209,1,1,1,4,209,28,1,1,allocated
205,699,normal,0,0,65535_65535,2,24,137,156,0,1,0,3,0,28,1,1,pre_allocation
205,699,normal,0,0,65535_65535,2,24,137,209,1,1,1,4,209,28,1,1,allocated
205,699,normal,0,0,65535_65535,2,22,137,156,0,1,0,3,0,28,1,1,pre_allocation
205,699,normal,0,0,65535_65535,2,22,137,209,1,1,1,4,209,28,1,1,allocated
205,699,normal,0,0,65535_65535,2,21,137,156,0,1,0,3,0,28,1,1,pre_allocation
205,699,normal,0,0,65535_65535,2,21,137,209,1,1,1,4,209,28,1,1,allocated
205,699,normal,0,0,65535_65535,2,11,137,156,0,1,0,3,0,28,1,1,pre_allocation
205,699,normal,0,0,65535_65535,2,11,137,209,1,1,1,4,209,28,1,1,allocated
205,699,normal,0,0,65535_65535,2,12,137,156,0,1,0,3,0,28,1,1,pre_allocation
205,699,normal,0,0,65535_65535,2,12,137,209,1,1,1,4,209,28,1,1,allocated
205,699,normal,0,0,65535_65535,2,28,137,209,0,1,0,4,0,28,1,1,pre_allocation
205,699,normal,0,0,65535_65535,2,28,137,262,1,1,1,5,262,28,1,1,allocated
205,699,normal,0,0,65535_65535,2,27,137,209,0,1,0,4,0,28,1,1,pre_allocation
205,699,normal,0,0,65535_65535,2,27,137,262,1,1,1,5,262,28,1,1,allocated
205,699,normal,0,0,65535_65535,2,25,137,209,0,1,0,4,0,28,1,1,pre_allocation
205,699,normal,0,0,65535_65535,2,25,137,262,1,1,1,5,262,28,1,1,allocated
205,699,normal,0,0,65535_65535,2,24,137,209,0,1,0,4,0,28,1,1,pre_allocation
205,699,normal,0,0,65535_65535,2,24,137,262,1,1,1,5,262,28,1,1,allocated
205,699,normal,0,0,65535_65535,2,22,137,209,0,1,0,4,0,28,1,1,pre_allocation
205,699,normal,0,0,65535_65535,2,22,137,262,1,1,1,5,262,28,1,1,allocated
205,699,normal,0,0,65535_65535,2,21,137,209,0,1,0,4,0,28,1,1,pre_allocation
205,699,normal,0,0,65535_65535,2,21,137,262,1,1,1,5,262,28,1,1,allocated
205,699,normal,0,0,65535_65535,2,11,137,209,0,1,0,4,0,28,1,1,pre_allocation
205,699,normal,0,0,65535_65535,2,11,137,262,1,1,1,5,262,28,1,1,allocated
205,699,normal,0,0,65535_65535,2,12,137,209,0,1,0,4,0,28,1,1,pre_allocation
205,699,normal,0,0,65535_65535,2,12,137,262,1,1,1,5,262,28,1,1,allocated
205,699,normal,0,0,65535_65535,2,28,137,262,0,1,0,5,0,28,1,1,pre_allocation
205,699,normal,0,0,65535_65535,2,28,137,315,1,1,1,6,315,28,1,1,allocated
205,699,normal,0,0,65535_65535,2,27,137,262,0,1,0,5,0,28,1,1,pre_allocation
205,699,normal,0,0,65535_65535,2,27,137,315,1,1,1,6,315,28,1,1,allocated
205,699,normal,0,0,65535_65535,2,25,137,262,0,1,0,5,0,28,1,1,pre_allocation
205,699,normal,0,0,65535_65535,2,25,137,315,1,1,1,6,315,28,1,1,allocated
205,699,normal,0,0,65535_65535,2,24,137,262,0,1,0,5,0,28,1,1,pre_allocation
205,699,normal,0,0,65535_65535,2,24,137,315,1,1,1,6,315,28,1,1,allocated
205,699,normal,0,0,65535_65535,2,22,137,262,0,1,0,5,0,28,1,1,pre_allocation
205,699,normal,0,0,65535_65535,2,22,137,315,1,1,1,6,315,28,1,1,allocated
205,699,normal,0,0,65535_65535,2,21,137,262,0,1,0,5,0,28,1,1,pre_allocation
205,699,normal,0,0,65535_65535,2,21,137,315,1,1,1,6,315,28,1,1,allocated
205,699,normal,0,0,65535_65535,2,11,137,262,0,1,0,5,0,28,1,1,pre_allocation
205,699,normal,0,0,65535_65535,2,11,137,315,1,1,1,6,315,28,1,1,allocated
205,699,normal,0,0,65535_65535,2,12,137,262,0,1,0,5,0,28,1,1,pre_allocation
205,699,normal,0,0,65535_65535,2,12,137,315,1,1,1,6,315,28,1,1,allocated
205,699,normal,0,0,65535_65535,2,28,137,315,0,1,0,6,0,28,1,1,pre_allocation
205,699,normal,0,0,65535_65535,2,28,137,368,1,1,1,7,368,28,1,1,allocated
205,699,normal,0,0,65535_65535,2,27,137,315,0,1,0,6,0,28,1,1,pre_allocation
205,699,normal,0,0,65535_65535,2,27,137,368,1,1,1,7,368,28,1,1,allocated
205,699,normal,0,0,65535_65535,2,25,137,315,0,1,0,6,0,28,1,1,pre_allocation
205,699,normal,0,0,65535_65535,2,25,137,368,1,1,1,7,368,28,1,1,allocated
205,699,normal,0,0,65535_65535,2,24,137,315,0,1,0,6,0,28,1,1,pre_allocation
205,699,normal,0,0,65535_65535,2,24,137,368,1,1,1,7,368,28,1,1,allocated
205,699,normal,0,0,65535_65535,2,22,137,315,0,1,0,6,0,28,1,1,pre_allocation
205,699,normal,0,0,65535_65535,2,22,137,368,1,1,1,7,368,28,1,1,allocated
205,699,normal,0,0,65535_65535,2,21,137,315,0,1,0,6,0,28,1,1,pre_allocation
205,699,normal,0,0,65535_65535,2,21,137,368,1,1,1,7,368,28,1,1,allocated
205,699,normal,0,0,65535_65535,2,11,137,315,0,1,0,6,0,28,1,1,pre_allocation
205,699,normal,0,0,65535_65535,2,11,137,368,1,1,1,7,368,28,1,1,allocated
205,699,normal,0,0,65535_65535,2,12,137,315,0,1,0,6,0,28,1,1,pre_allocation
205,699,normal,0,0,65535_65535,2,12,137,368,1,1,1,7,368,28,1,1,allocated
205,699,normal,0,0,65535_65535,2,28,137,368,0,1,0,7,0,28,1,1,pre_allocation
205,699,normal,0,0,65535_65535,2,28,137,422,1,1,1,8,422,28,1,1,allocated
205,699,normal,0,0,65535_65535,2,27,137,368,0,1,0,7,0,28,1,1,pre_allocation
205,699,normal,0,0,65535_65535,2,27,137,422,1,1,1,8,422,28,1,1,allocated
205,699,normal,0,0,65535_65535,2,25,137,368,0,1,0,7,0,28,1,1,pre_allocation
205,699,normal,0,0,65535_65535,2,25,137,422,1,1,1,8,422,28,1,1,allocated
205,699,normal,0,0,65535_65535,2,24,137,368,0,1,0,7,0,28,1,1,pre_allocation
205,699,normal,0,0,65535_65535,2,24,137,422,1,1,1,8,422,28,1,1,allocated
205,699,normal,0,0,65535_65535,2,22,137,368,0,1,0,7,0,28,1,1,pre_allocation
205,699,normal,0,0,65535_65535,2,22,137,422,1,1,1,8,422,28,1,1,allocated
205,699,normal,0,0,65535_65535,2,21,137,368,0,1,0,7,0,28,1,1,pre_allocation
205,699,normal,0,0,65535_65535,2,21,137,422,1,1,1,8,422,28,1,1,allocated
205,699,normal,0,0,65535_65535,2,11,137,368,0,1,0,7,0,28,1,1,pre_allocation
205,699,normal,0,0,65535_65535,2,11,137,422,1,1,1,8,422,28,1,1,allocated
205,699,normal,0,0,65535_65535,2,12,137,368,0,1,0,7,0,28,1,1,pre_allocation
205,699,normal,0,0,65535_65535,2,12,137,422,1,1,1,8,422,28,1,1,allocated
205,699,normal,0,0,65535_65535,2,28,137,422,0,1,0,8,0,28,1,1,pre_allocation
205,699,normal,0,0,65535_65535,2,28,137,475,1,1,1,9,475,28,1,1,allocated
205,699,normal,0,0,65535_65535,2,27,137,422,0,1,0,8,0,28,1,1,pre_allocation
205,699,normal,0,0,65535_65535,2,27,137,475,1,1,1,9,475,28,1,1,allocated
205,699,normal,0,0,65535_65535,2,25,137,422,0,1,0,8,0,28,1,1,pre_allocation
205,699,normal,0,0,65535_65535,2,25,137,475,1,1,1,9,475,28,1,1,allocated
205,699,normal,0,0,65535_65535,2,24,137,422,0,1,0,8,0,28,1,1,pre_allocation
205,699,normal,0,0,65535_65535,2,24,137,475,1,1,1,9,475,28,1,1,allocated
205,699,normal,0,0,65535_65535,2,22,137,422,0,1,0,8,0,28,1,1,pre_allocation
205,699,normal,0,0,65535_65535,2,22,137,475,1,1,1,9,475,28,1,1,allocated
205,699,normal,0,0,65535_65535,2,21,137,422,0,1,0,8,0,28,1,1,pre_allocation
205,699,normal,0,0,65535_65535,2,21,137,475,1,1,1,9,475,28,1,1,allocated
205,699,normal,0,0,65535_65535,2,11,137,422,0,1,0,8,0,28,1,1,pre_allocation
205,699,normal,0,0,65535_65535,2,11,137,475,1,1,1,9,475,28,1,1,allocated
205,699,normal,0,0,65535_65535,2,12,137,422,0,1,0,8,0,28,1,1,pre_allocation
205,699,normal,0,0,65535_65535,2,12,137,475,1,1,1,9,475,28,1,1,allocated
205,699,normal,0,0,65535_65535,2,28,137,475,0,1,0,9,0,28,1,1,pre_allocation
205,699,normal,0,0,65535_65535,2,28,137,528,1,1,1,10,528,28,1,1,allocated
205,699,normal,0,0,65535_65535,2,27,137,475,0,1,0,9,0,28,1,1,pre_allocation
205,699,normal,0,0,65535_65535,2,27,137,528,1,1,1,10,528,28,1,1,allocated
205,699,normal,0,0,65535_65535,2,25,137,475,0,1,0,9,0,28,1,1,pre_allocation
205,699,normal,0,0,65535_65535,2,25,137,528,1,1,1,10,528,28,1,1,allocated
205,699,normal,0,0,65535_65535,2,24,137,475,0,1,0,9,0,28,1,1,pre_allocation
205,699,normal,0,0,65535_65535,2,24,137,528,1,1,1,10,528,28,1,1,allocated
205,699,normal,0,0,65535_65535,2,22,137,475,0,1,0,9,0,28,1,1,pre_allocation
205,699,normal,0,0,65535_65535,2,22,137,528,1,1,1,10,528,28,1,1,allocated
205,699,normal,0,0,65535_65535,2,21,137,475,0,1,0,9,0,28,1,1,pre_allocation
205,699,normal,0,0,65535_65535,2,21,137,528,1,1,1,10,528,28,1,1,allocated
205,699,normal,0,0,65535_65535,2,11,137,475,0,1,0,9,0,28,1,1,pre_allocation
205,699,normal,0,0,65535_65535,2,11,137,528,1,1,1,10,528,28,1,1,allocated
205,699,normal,0,0,65535_65535,2,12,137,475,0,1,0,9,0,28,1,1,pre_allocation
205,699,normal,0,0,65535_65535,2,12,137,528,1,1,1,10,528,28,1,1,allocated
205,699,normal,0,0,65535_65535,2,28,137,528,0,1,0,10,0,28,1,1,pre_allocation
205,699,normal,0,0,65535_65535,2,28,137,581,1,1,1,11,581,28,1,1,allocated
205,699,normal,0,0,65535_65535,2,27,137,528,0,1,0,10,0,28,1,1,pre_allocation
205,699,normal,0,0,65535_65535,2,27,137,581,1,1,1,11,581,28,1,1,allocated
205,699,normal,0,0,65535_65535,2,25,137,528,0,1,0,10,0,28,1,1,pre_allocation
205,699,normal,0,0,65535_65535,2,25,137,581,1,1,1,11,581,28,1,1,allocated
205,699,normal,0,0,65535_65535,2,24,137,528,0,1,0,10,0,28,1,1,pre_allocation
205,699,normal,0,0,65535_65535,2,24,137,581,1,1,1,11,581,28,1,1,allocated
205,699,normal,0,0,65535_65535,2,22,137,528,0,1,0,10,0,28,1,1,pre_allocation
205,699,normal,0,0,65535_65535,2,22,137,581,1,1,1,11,581,28,1,1,allocated
205,699,normal,0,0,65535_65535,2,21,137,528,0,1,0,10,0,28,1,1,pre_allocation
205,699,normal,0,0,65535_65535,2,21,137,581,1,1,1,11,581,28,1,1,allocated
205,699,normal,0,0,65535_65535,2,11,137,528,0,1,0,10,0,28,1,1,pre_allocation
205,699,normal,0,0,65535_65535,2,11,137,581,1,1,1,11,581,28,1,1,allocated
205,699,normal,0,0,65535_65535,2,12,137,528,0,1,0,10,0,28,1,1,pre_allocation
205,699,normal,0,0,65535_65535,2,12,137,581,1,1,1,11,581,28,1,1,allocated
205,699,normal,0,0,65535_65535,2,28,137,581,0,1,0,11,0,28,1,1,pre_allocation
205,699,normal,0,0,65535_65535,2,28,137,634,1,1,1,12,634,28,1,1,allocated
205,699,normal,0,0,65535_65535,2,27,137,581,0,1,0,11,0,28,1,1,pre_allocation
205,699,normal,0,0,65535_65535,2,27,137,634,1,1,1,12,634,28,1,1,allocated
205,699,normal,0,0,65535_65535,2,25,137,581,0,1,0,11,0,28,1,1,pre_allocation
205,699,normal,0,0,65535_65535,2,25,137,634,1,1,1,12,634,28,1,1,allocated
205,699,normal,0,0,65535_65535,2,24,137,581,0,1,0,11,0,28,1,1,pre_allocation
205,699,normal,0,0,65535_65535,2,24,137,634,1,1,1,12,634,28,1,1,allocated
205,699,normal,0,0,65535_65535,2,22,137,581,0,1,0,11,0,28,1,1,pre_allocation
205,699,normal,0,0,65535_65535,2,22,137,634,1,1,1,12,634,28,1,1,allocated
205,699,normal,0,0,65535_65535,2,21,137,581,0,1,0,11,0,28,1,1,pre_allocation
205,699,normal,0,0,65535_65535,2,21,137,634,1,1,1,12,634,28,1,1,allocated
205,699,normal,0,0,65535_65535,2,11,137,581,0,1,0,11,0,28,1,1,pre_allocation
205,699,normal,0,0,65535_65535,2,11,137,634,1,1,1,12,634,28,1,1,allocated
205,699,normal,0,0,65535_65535,2,12,137,581,0,1,0,11,0,28,1,1,pre_allocation
205,699,normal,0,0,65535_65535,2,12,137,634,1,1,1,12,634,28,1,1,allocated
205,699,normal,0,0,65535_65535,2,28,137,634,0,1,0,12,0,28,1,1,pre_allocation
205,699,normal,0,0,65535_65535,2,28,137,687,1,1,1,13,687,28,1,1,allocated
205,699,normal,0,0,65535_65535,2,27,137,634,0,1,0,12,0,28,1,1,pre_allocation
205,699,normal,0,0,65535_65535,2,27,137,687,1,1,1,13,687,28,1,1,allocated
205,699,normal,0,0,65535_65535,2,25,137,634,0,1,0,12,0,28,1,1,pre_allocation
205,699,normal,0,0,65535_65535,2,25,137,687,1,1,1,13,687,28,1,1,allocated
205,699,normal,0,0,65535_65535,2,24,137,634,0,1,0,12,0,28,1,1,pre_allocation
205,699,normal,0,0,65535_65535,2,24,137,687,1,1,1,13,687,28,1,1,allocated
205,699,normal,0,0,65535_65535,2,22,137,634,0,1,0,12,0,28,1,1,pre_allocation
205,699,normal,0,0,65535_65535,2,22,137,687,1,1,1,13,687,28,1,1,allocated
205,699,normal,0,0,65535_65535,2,21,137,634,0,1,0,12,0,28,1,1,pre_allocation
205,699,normal,0,0,65535_65535,2,21,137,687,1,1,1,13,687,28,1,1,allocated
317,797,normal,0,0,65535_65535,0,2,25582,0,0,1,0,0,0,28,1,1,pre_allocation
317,797,normal,0,0,65535_65535,0,2,25582,42,1,1,1,1,42,28,1,1,allocated
317,797,normal,0,0,65535_65535,0,3,27325,0,0,1,0,0,0,28,1,1,pre_allocation
317,797,normal,0,0,65535_65535,0,3,27325,42,1,1,1,1,42,28,1,1,allocated
317,797,normal,0,0,65535_65535,0,4,27672,0,0,1,0,0,0,28,1,1,pre_allocation
317,797,normal,0,0,65535_65535,0,4,27672,42,1,1,1,1,42,28,1,1,allocated
317,797,normal,0,0,65535_65535,0,5,28039,0,0,1,0,0,0,28,1,1,pre_allocation
317,797,normal,0,0,65535_65535,0,5,28039,42,1,1,1,1,42,28,1,1,allocated
317,797,normal,0,0,65535_65535,0,1,55569,0,0,1,0,0,0,26,1,1,pre_allocation
317,797,normal,0,0,65535_65535,0,1,55569,39,1,1,1,1,39,26,1,1,allocated
317,797,normal,0,0,65535_65535,0,2,25582,42,0,1,0,1,0,28,1,1,pre_allocation
317,797,normal,0,0,65535_65535,0,2,25582,88,1,1,1,2,88,28,1,1,allocated
317,797,normal,0,0,65535_65535,0,3,27325,42,0,1,0,1,0,28,1,1,pre_allocation
317,797,normal,0,0,65535_65535,0,3,27325,88,1,1,1,2,88,28,1,1,allocated
317,797,normal,0,0,65535_65535,0,4,27672,42,0,1,0,1,0,28,1,1,pre_allocation
317,797,normal,0,0,65535_65535,0,4,27672,88,1,1,1,2,88,28,1,1,allocated
317,797,normal,0,0,65535_65535,0,5,28039,42,0,1,0,1,0,28,1,1,pre_allocation
317,797,normal,0,0,65535_65535,0,5,28039,88,1,1,1,2,88,28,1,1,allocated
317,797,normal,0,0,65535_65535,0,1,55569,39,0,1,0,1,0,26,1,1,pre_allocation
317,797,normal,0,0,65535_65535,0,1,55569,81,1,1,1,2,81,26,1,1,allocated
317,797,normal,0,0,65535_65535,0,2,25582,88,0,1,0,2,0,28,1,1,pre_allocation
317,797,normal,0,0,65535_65535,0,2,25582,133,1,1,1,3,133,28,1,1,allocated
317,797,normal,0,0,65535_65535,0,3,27325,88,0,1,0,2,0,28,1,1,pre_allocation
317,797,normal,0,0,65535_65535,0,3,27325,133,1,1,1,3,133,28,1,1,allocated
317,797,normal,0,0,65535_65535,0,4,27672,88,0,1,0,2,0,28,1,1,pre_allocation
317,797,normal,0,0,65535_65535,0,4,27672,133,1,1,1,3,133,28,1,1,allocated
317,797,normal,0,0,65535_65535,0,5,28039,88,0,1,0,2,0,28,1,1,pre_allocation
317,797,normal,0,0,65535_65535,0,5,28039,133,1,1,1,3,133,28,1,1,allocated
317,797,normal,0,0,65535_65535,0,1,55569,81,0,1,0,2,0,26,1,1,pre_allocation
317,797,normal,0,0,65535_65535,0,1,55569,123,1,1,1,3,123,26,1,1,allocated
317,797,normal,0,0,65535_65535,0,2,25582,133,0,1,0,3,0,28,1,1,pre_allocation
317,797,normal,0,0,65535_65535,0,2,25582,179,1,1,1,4,179,28,1,1,allocated
317,797,normal,0,0,65535_65535,0,3,27325,133,0,1,0,3,0,28,1,1,pre_allocation
317,797,normal,0,0,65535_65535,0,3,27325,179,1,1,1,4,179,28,1,1,allocated
317,797,normal,0,0,65535_65535,0,4,27672,133,0,1,0,3,0,28,1,1,pre_allocation
317,797,normal,0,0,65535_65535,0,4,27672,179,1,1,1,4,179,28,1,1,allocated
317,797,normal,0,0,65535_65535,0,5,28039,133,0,1,0,3,0,28,1,1,pre_allocation
317,797,normal,0,0,65535_65535,0,5,28039,179,1,1,1,4,179,28,1,1,allocated
317,797,normal,0,0,65535_65535,0,1,55569,123,0,1,0,3,0,26,1,1,pre_allocation
317,797,normal,0,0,65535_65535,0,1,55569,165,1,1,1,4,165,26,1,1,allocated
317,797,normal,0,0,65535_65535,0,2,25582,179,0,1,0,4,0,28,1,1,pre_allocation
317,797,normal,0,0,65535_65535,0,2,25582,224,1,1,1,5,224,28,1,1,allocated
317,797,normal,0,0,65535_65535,0,3,27325,179,0,1,0,4,0,28,1,1,pre_allocation
317,797,normal,0,0,65535_65535,0,3,27325,224,1,1,1,5,224,28,1,1,allocated
317,797,normal,0,0,65535_65535,0,4,27672,179,0,1,0,4,0,28,1,1,pre_allocation
317,797,normal,0,0,65535_65535,0,4,27672,224,1,1,1,5,224,28,1,1,allocated
317,797,normal,0,0,65535_65535,0,5,28039,179,0,1,0,4,0,28,1,1,pre_allocation
317,797,normal,0,0,65535_65535,0,5,28039,224,1,1,1,5,224,28,1,1,allocated
317,797,normal,0,0,65535_65535,0,1,55569,165,0,1,0,4,0,26,1,1,pre_allocation
317,797,normal,0,0,65535_65535,0,1,55569,207,1,1,1,5,207,26,1,1,allocated
317,797,normal,0,0,65535_65535,0,2,25582,224,0,1,0,5,0,28,1,1,pre_allocation
317,797,normal,0,0,65535_65535,0,2,25582,270,1,1,1,6,270,28,1,1,allocated
317,797,normal,0,0,65535_65535,0,3,27325,224,0,1,0,5,0,28,1,1,pre_allocation
317,797,normal,0,0,65535_65535,0,3,27325,270,1,1,1,6,270,28,1,1,allocated
317,797,normal,0,0,65535_65535,0,4,27672,224,0,1,0,5,0,28,1,1,pre_allocation
317,797,normal,0,0,65535_65535,0,4,27672,270,1,1,1,6,270,28,1,1,allocated
317,797,normal,0,0,65535_65535,0,5,28039,224,0,1,0,5,0,28,1,1,pre_allocation
317,797,normal,0,0,65535_65535,0,5,28039,270,1,1,1,6,270,28,1,1,allocated
317,797,normal,0,0,65535_65535,0,1,55569,207,0,1,0,5,0,26,1,1,pre_allocation
317,797,normal,0,0,65535_65535,0,1,55569,249,1,1,1,6,249,26,1,1,allocated
317,797,normal,0,0,65535_65535,0,2,25582,270,0,1,0,6,0,28,1,1,pre_allocation
317,797,normal,0,0,65535_65535,0,2,25582,315,1,1,1,7,315,28,1,1,allocated
317,797,normal,0,0,65535_65535,0,3,27325,270,0,1,0,6,0,28,1,1,pre_allocation
317,797,normal,0,0,65535_65535,0,3,27325,315,1,1,1,7,315,28,1,1,allocated
317,797,normal,0,0,65535_65535,0,4,27672,270,0,1,0,6,0,28,1,1,pre_allocation
317,797,normal,0,0,65535_65535,0,4,27672,315,1,1,1,7,315,28,1,1,allocated
317,797,normal,0,0,65535_65535,0,5,28039,270,0,1,0,6,0,28,1,1,pre_allocation
317,797,normal,0,0,65535_65535,0,5,28039,315,1,1,1,7,315,28,1,1,allocated
317,797,normal,0,0,65535_65535,0,1,55569,249,0,1,0,6,0,26,1,1,pre_allocation
317,797,normal,0,0,65535_65535,0,1,55569,291,1,1,1,7,291,26,1,1,allocated
317,797,normal,0,0,65535_65535,0,2,25582,315,0,1,0,7,0,28,1,1,pre_allocation
317,797,normal,0,0,65535_65535,0,2,25582,361,1,1,1,8,361,28,1,1,allocated
317,797,normal,0,0,65535_65535,0,3,27325,315,0,1,0,7,0,28,1,1,pre_allocation
317,797,normal,0,0,65535_65535,0,3,27325,361,1,1,1,8,361,28,1,1,allocated
317,797,normal,0,0,65535_65535,0,4,27672,315,0,1,0,7,0,28,1,1,pre_allocation
317,797,normal,0,0,65535_65535,0,4,27672,361,1,1,1,8,361,28,1,1,allocated
317,797,normal,0,0,65535_65535,0,5,28039,315,0,1,0,7,0,28,1,1,pre_allocation
317,797,normal,0,0,65535_65535,0,5,28039,361,1,1,1,8,361,28,1,1,allocated
317,797,normal,0,0,65535_65535,0,1,55569,291,0,1,0,7,0,26,1,1,pre_allocation
317,797,normal,0,0,65535_65535,0,1,55569,333,1,1,1,8,333,26,1,1,allocated
317,797,normal,0,0,65535_65535,0,2,25582,361,0,1,0,8,0,28,1,1,pre_allocation
317,797,normal,0,0,65535_65535,0,2,25582,406,1,1,1,9,406,28,1,1,allocated
317,797,normal,0,0,65535_65535,0,3,27325,361,0,1,0,8,0,28,1,1,pre_allocation
317,797,normal,0,0,65535_65535,0,3,27325,406,1,1,1,9,406,28,1,1,allocated
317,797,normal,0,0,65535_65535,0,4,27672,361,0,1,0,8,0,28,1,1,pre_allocation
317,797,normal,0,0,65535_65535,0,4,27672,406,1,1,1,9,406,28,1,1,allocated
317,797,normal,0,0,65535_65535,0,5,28039,361,0,1,0,8,0,28,1,1,pre_allocation
317,797,normal,0,0,65535_65535,0,5,28039,406,1,1,1,9,406,28,1,1,allocated
317,797,normal,0,0,65535_65535,0,1,55569,333,0,1,0,8,0,26,1,1,pre_allocation
317,797,normal,0,0,65535_65535,0,1,55569,375,1,1,1,9,375,26,1,1,allocated
317,797,normal,0,0,65535_65535,0,2,25582,406,0,1,0,9,0,28,1,1,pre_allocation
317,797,normal,0,0,65535_65535,0,2,25582,452,1,1,1,10,452,28,1,1,allocated
317,797,normal,0,0,65535_65535,0,3,27325,406,0,1,0,9,0,28,1,1,pre_allocation
317,797,normal,0,0,65535_65535,0,3,27325,452,1,1,1,10,452,28,1,1,allocated
317,797,normal,0,0,65535_65535,0,4,27672,406,0,1,0,9,0,28,1,1,pre_allocation
317,797,normal,0,0,65535_65535,0,4,27672,452,1,1,1,10,452,28,1,1,allocated
317,797,normal,0,0,65535_65535,0,5,28039,406,0,1,0,9,0,28,1,1,pre_allocation
317,797,normal,0,0,65535_65535,0,5,28039,452,1,1,1,10,452,28,1,1,allocated
317,797,normal,0,0,65535_65535,0,1,55569,375,0,1,0,9,0,26,1,1,pre_allocation
317,797,normal,0,0,65535_65535,0,1,55569,417,1,1,1,10,417,26,1,1,allocated
317,797,normal,0,0,65535_65535,0,2,25582,452,0,1,0,10,0,28,1,1,pre_allocation
317,797,normal,0,0,65535_65535,0,2,25582,497,1,1,1,11,497,28,1,1,allocated
317,797,normal,0,0,65535_65535,0,3,27325,452,0,1,0,10,0,28,1,1,pre_allocation
317,797,normal,0,0,65535_65535,0,3,27325,497,1,1,1,11,497,28,1,1,allocated
317,797,normal,0,0,65535_65535,0,4,27672,452,0,1,0,10,0,28,1,1,pre_allocation
317,797,normal,0,0,65535_65535,0,4,27672,497,1,1,1,11,497,28,1,1,allocated
317,797,normal,0,0,65535_65535,0,5,28039,452,0,1,0,10,0,28,1,1,pre_allocation
317,797,normal,0,0,65535_65535,0,5,28039,497,1,1,1,11,497,28,1,1,allocated
317,797,normal,0,0,65535_65535,0,1,55569,417,0,1,0,10,0,26,1,1,pre_allocation
317,797,normal,0,0,65535_65535,0,1,55569,459,1,1,1,11,459,26,1,1,allocated
317,797,normal,0,0,65535_65535,0,2,25582,497,0,1,0,11,0,28,1,1,pre_allocation
317,797,normal,0,0,65535_65535,0,2,25582,543,1,1,1,12,543,28,1,1,allocated
317,797,normal,0,0,65535_65535,0,3,27325,497,0,1,0,11,0,28,1,1,pre_allocation
317,797,normal,0,0,65535_65535,0,3,27325,543,1,1,1,12,543,28,1,1,allocated
317,797,normal,0,0,65535_65535,0,4,27672,497,0,1,0,11,0,28,1,1,pre_allocation
317,797,normal,0,0,65535_65535,0,4,27672,543,1,1,1,12,543,28,1,1,allocated
317,797,normal,0,0,65535_65535,0,5,28039,497,0,1,0,11,0,28,1,1,pre_allocation
317,797,normal,0,0,65535_65535,0,5,28039,543,1,1,1,12,543,28,1,1,allocated
317,797,normal,0,0,65535_65535,0,1,55569,459,0,1,0,11,0,26,1,1,pre_allocation
317,797,normal,0,0,65535_65535,0,1,55569,501,1,1,1,12,501,26,1,1,allocated
317,797,normal,0,0,65535_65535,0,2,25582,543,0,1,0,12,0,28,1,1,pre_allocation
317,797,normal,0,0,65535_65535,0,2,25582,589,1,1,1,13,589,28,1,1,allocated
317,797,normal,0,0,65535_65535,0,3,27325,543,0,1,0,12,0,28,1,1,pre_allocation
317,797,normal,0,0,65535_65535,0,3,27325,589,1,1,1,13,589,28,1,1,allocated
317,797,normal,0,0,65535_65535,0,4,27672,543,0,1,0,12,0,28,1,1,pre_allocation
317,797,normal,0,0,65535_65535,0,4,27672,589,1,1,1,13,589,28,1,1,allocated
317,797,normal,0,0,65535_65535,0,5,28039,543,0,1,0,12,0,28,1,1,pre_allocation
317,797,normal,0,0,65535_65535,0,5,28039,589,1,1,1,13,589,28,1,1,allocated
317,797,normal,0,0,65535_65535,0,1,55569,501,0,1,0,12,0,26,1,1,pre_allocation
317,797,normal,0,0,65535_65535,0,1,55569,543,1,1,1,13,543,26,1,1,allocated
317,797,normal,0,0,65535_65535,0,2,25582,589,0,1,0,13,0,28,1,1,pre_allocation
317,797,normal,0,0,65535_65535,0,2,25582,634,1,1,1,14,634,28,1,1,allocated
317,797,normal,0,0,65535_65535,0,3,27325,589,0,1,0,13,0,28,1,1,pre_allocation
317,797,normal,0,0,65535_65535,0,3,27325,634,1,1,1,14,634,28,1,1,allocated
317,797,normal,0,0,65535_65535,0,4,27672,589,0,1,0,13,0,28,1,1,pre_allocation
317,797,normal,0,0,65535_65535,0,4,27672,634,1,1,1,14,634,28,1,1,allocated
317,797,normal,0,0,65535_65535,0,5,28039,589,0,1,0,13,0,28,1,1,pre_allocation
317,797,normal,0,0,65535_65535,0,5,28039,634,1,1,1,14,634,28,1,1,allocated
317,797,normal,0,0,65535_65535,0,1,55569,543,0,1,0,13,0,26,1,1,pre_allocation
317,797,normal,0,0,65535_65535,0,1,55569,586,1,1,1,14,586,26,1,1,allocated
317,797,normal,0,0,65535_65535,0,2,25582,634,0,1,0,14,0,28,1,1,pre_allocation
317,797,normal,0,0,65535_65535,0,2,25582,680,1,1,1,15,680,28,1,1,allocated
317,797,normal,0,0,65535_65535,0,3,27325,634,0,1,0,14,0,28,1,1,pre_allocation
317,797,normal,0,0,65535_65535,0,3,27325,680,1,1,1,15,680,28,1,1,allocated
317,797,normal,0,0,65535_65535,0,4,27672,634,0,1,0,14,0,28,1,1,pre_allocation
317,797,normal,0,0,65535_65535,0,4,27672,680,1,1,1,15,680,28,1,1,allocated
317,797,normal,0,0,65535_65535,0,5,28039,634,0,1,0,14,0,28,1,1,pre_allocation
317,797,normal,0,0,65535_65535,0,5,28039,680,1,1,1,15,680,28,1,1,allocated
317,797,normal,0,0,65535_65535,0,1,55569,586,0,1,0,14,0,26,1,1,pre_allocation
317,797,normal,0,0,65535_65535,0,1,55569,628,1,1,1,15,628,26,1,1,allocated
317,797,normal,0,0,65535_65535,0,2,25582,680,0,1,0,15,0,28,1,1,pre_allocation
317,797,normal,0,0,65535_65535,0,2,25582,725,1,1,1,16,725,28,1,1,allocated
317,797,normal,0,0,65535_65535,0,3,27325,680,0,1,0,15,0,28,1,1,pre_allocation
317,797,normal,0,0,65535_65535,0,3,27325,725,1,1,1,16,725,28,1,1,allocated
317,797,normal,0,0,65535_65535,0,4,27672,680,0,1,0,15,0,28,1,1,pre_allocation
317,797,normal,0,0,65535_65535,0,4,27672,725,1,1,1,16,725,28,1,1,allocated
317,797,normal,0,0,65535_65535,0,5,28039,680,0,1,0,15,0,28,1,1,pre_allocation
317,797,normal,0,0,65535_65535,0,5,28039,725,1,1,1,16,725,28,1,1,allocated
317,797,normal,0,0,65535_65535,0,1,55569,628,0,1,0,15,0,26,1,1,pre_allocation
317,797,normal,0,0,65535_65535,0,1,55569,670,1,1,1,16,670,26,1,1,allocated
317,797,normal,0,0,65535_65535,0,2,25582,725,0,1,0,16,0,28,1,1,pre_allocation
317,797,normal,0,0,65535_65535,0,2,25582,771,1,1,1,17,771,28,1,1,allocated
317,797,normal,0,0,65535_65535,0,3,27325,725,0,1,0,16,0,28,1,1,pre_allocation
317,797,normal,0,0,65535_65535,0,3,27325,771,1,1,1,17,771,28,1,1,allocated
317,797,normal,0,0,65535_65535,1,6,87,0,0,1,0,0,0,28,1,1,pre_allocation
317,797,normal,0,0,65535_65535,1,6,87,42,1,1,1,1,42,28,1,1,allocated
317,797,normal,0,0,65535_65535,1,7,87,0,0,1,0,0,0,28,1,1,pre_allocation
317,797,normal,0,0,65535_65535,1,7,87,42,1,1,1,1,42,28,1,1,allocated
317,797,normal,0,0,65535_65535,1,9,87,0,0,1,0,0,0,28,1,1,pre_allocation
317,797,normal,0,0,65535_65535,1,9,87,42,1,1,1,1,42,28,1,1,allocated
317,797,normal,0,0,65535_65535,1,10,87,0,0,1,0,0,0,28,1,1,pre_allocation
317,797,normal,0,0,65535_65535,1,10,87,42,1,1,1,1,42,28,1,1,allocated
317,797,normal,0,0,65535_65535,1,8,333,0,0,1,0,0,0,15,1,1,pre_allocation
317,797,normal,0,0,65535_65535,1,8,333,14,1,1,1,1,14,15,1,1,allocated
317,797,normal,0,0,65535_65535,1,6,87,42,0,1,0,1,0,28,1,1,pre_allocation
317,797,normal,0,0,65535_65535,1,6,87,88,1,1,1,2,88,28,1,1,allocated
317,797,normal,0,0,65535_65535,1,7,87,42,0,1,0,1,0,28,1,1,pre_allocation
317,797,normal,0,0,65535_65535,1,7,87,88,1,1,1,2,88,28,1,1,allocated
317,797,normal,0,0,65535_65535,1,9,87,42,0,1,0,1,0,28,1,1,pre_allocation
317,797,normal,0,0,65535_65535,1,9,87,88,1,1,1,2,88,28,1,1,allocated
317,797,normal,0,0,65535_65535,1,10,87,42,0,1,0,1,0,28,1,1,pre_allocation
317,797,normal,0,0,65535_65535,1,10,87,88,1,1,1,2,88,28,1,1,allocated
317,797,normal,0,0,65535_65535,1,8,333,14,0,1,0,1,0,15,1,1,pre_allocation
317,797,normal,0,0,65535_65535,1,8,333,32,1,1,1,2,32,15,1,1,allocated
317,797,normal,0,0,65535_65535,1,6,87,88,0,1,0,2,0,28,1,1,pre_allocation
317,797,normal,0,0,65535_65535,1,6,87,133,1,1,1,3,133,28,1,1,allocated
317,797,normal,0,0,65535_65535,1,7,87,88,0,1,0,2,0,28,1,1,pre_allocation
317,797,normal,0,0,65535_65535,1,7,87,133,1,1,1,3,133,28,1,1,allocated
317,797,normal,0,0,65535_65535,1,9,87,88,0,1,0,2,0,28,1,1,pre_allocation
317,797,normal,0,0,65535_65535,1,9,87,133,1,1,1,3,133,28,1,1,allocated
317,797,normal,0,0,65535_65535,1,10,87,88,0,1,0,2,0,28,1,1,pre_allocation
317,797,normal,0,0,65535_65535,1,10,87,133,1,1,1,3,133,28,1,1,allocated
317,797,normal,0,0,65535_65535,1,8,333,32,0,1,0,2,0,15,1,1,pre_allocation
317,797,normal,0,0,65535_65535,1,8,333,50,1,1,1,3,50,15,1,1,allocated
317,797,normal,0,0,65535_65535,1,6,87,133,0,1,0,3,0,28,1,1,pre_allocation
317,797,normal,0,0,65535_65535,1,6,87,179,1,1,1,4,179,28,1,1,allocated
317,797,normal,0,0,65535_65535,1,7,87,133,0,1,0,3,0,28,1,1,pre_allocation
317,797,normal,0,0,65535_65535,1,7,87,179,1,1,1,4,179,28,1,1,allocated
317,797,normal,0,0,65535_65535,1,9,87,133,0,1,0,3,0,28,1,1,pre_allocation
317,797,normal,0,0,65535_65535,1,9,87,179,1,1,1,4,179,28,1,1,allocated
317,797,normal,0,0,65535_65535,1,10,87,133,0,1,0,3,0,28,1,1,pre_allocation
317,797,normal,0,0,65535_65535,1,10,87,179,1,1,1,4,179,28,1,1,allocated
317,797,normal,0,0,65535_65535,1,8,333,50,0,1,0,3,0,15,1,1,pre_allocation
317,797,normal,0,0,65535_65535,1,8,333,68,1,1,1,4,68,15,1,1,allocated
317,797,normal,0,0,65535_65535,1,6,87,179,0,1,0,4,0,28,1,1,pre_allocation
317,797,normal,0,0,65535_65535,1,6,87,224,1,1,1,5,224,28,1,1,allocated
317,797,normal,0,0,65535_65535,1,7,87,179,0,1,0,4,0,28,1,1,pre_allocation
317,797,normal,0,0,65535_65535,1,7,87,224,1,1,1,5,224,28,1,1,allocated
317,797,normal,0,0,65535_65535,1,9,87,179,0,1,0,4,0,28,1,1,pre_allocation
317,797,normal,0,0,65535_65535,1,9,87,224,1,1,1,5,224,28,1,1,allocated
317,797,normal,0,0,65535_65535,1,10,87,179,0,1,0,4,0,28,1,1,pre_allocation
317,797,normal,0,0,65535_65535,1,10,87,224,1,1,1,5,224,28,1,1,allocated
317,797,normal,0,0,65535_65535,1,8,333,68,0,1,0,4,0,15,1,1,pre_allocation
317,797,normal,0,0,65535_65535,1,8,333,86,1,1,1,5,86,15,1,1,allocated
317,797,normal,0,0,65535_65535,1,6,87,224,0,1,0,5,0,28,1,1,pre_allocation
317,797,normal,0,0,65535_65535,1,6,87,270,1,1,1,6,270,28,1,1,allocated
317,797,normal,0,0,65535_65535,1,7,87,224,0,1,0,5,0,28,1,1,pre_allocation
317,797,normal,0,0,65535_65535,1,7,87,270,1,1,1,6,270,28,1,1,allocated
317,797,normal,0,0,65535_65535,1,9,87,224,0,1,0,5,0,28,1,1,pre_allocation
317,797,normal,0,0,65535_65535,1,9,87,270,1,1,1,6,270,28,1,1,allocated
317,797,normal,0,0,65535_65535,1,10,87,224,0,1,0,5,0,28,1,1,pre_allocation
317,797,normal,0,0,65535_65535,1,10,87,270,1,1,1,6,270,28,1,1,allocated
317,797,normal,0,0,65535_65535,1,8,333,86,0,1,0,5,0,15,1,1,pre_allocation
317,797,normal,0,0,65535_65535,1,8,333,103,1,1,1,6,103,15,1,1,allocated
317,797,normal,0,0,65535_65535,1,6,87,270,0,1,0,6,0,28,1,1,pre_allocation
317,797,normal,0,0,65535_65535,1,6,87,315,1,1,1,7,315,28,1,1,allocated
317,797,normal,0,0,65535_65535,1,7,87,270,0,1,0,6,0,28,1,1,pre_allocation
317,797,normal,0,0,65535_65535,1,7,87,315,1,1,1,7,315,28,1,1,allocated
317,797,normal,0,0,65535_65535,1,9,87,270,0,1,0,6,0,28,1,1,pre_allocation
317,797,normal,0,0,65535_65535,1,9,87,315,1,1,1,7,315,28,1,1,allocated
317,797,normal,0,0,65535_65535,1,10,87,270,0,1,0,6,0,28,1,1,pre_allocation
317,797,normal,0,0,65535_65535,1,10,87,315,1,1,1,7,315,28,1,1,allocated
317,797,normal,0,0,65535_65535,1,8,333,103,0,1,0,6,0,15,1,1,pre_allocation
317,797,normal,0,0,65535_65535,1,8,333,121,1,1,1,7,121,15,1,1,allocated
317,797,normal,0,0,65535_65535,1,6,87,315,0,1,0,7,0,28,1,1,pre_allocation
317,797,normal,0,0,65535_65535,1,6,87,361,1,1,1,8,361,28,1,1,allocated
317,797,normal,0,0,65535_65535,1,7,87,315,0,1,0,7,0,28,1,1,pre_allocation
317,797,normal,0,0,65535_65535,1,7,87,361,1,1,1,8,361,28,1,1,allocated
317,797,normal,0,0,65535_65535,1,9,87,315,0,1,0,7,0,28,1,1,pre_allocation
317,797,normal,0,0,65535_65535,1,9,87,361,1,1,1,8,361,28,1,1,allocated
317,797,normal,0,0,65535_65535,1,10,87,315,0,1,0,7,0,28,1,1,pre_allocation
317,797,normal,0,0,65535_65535,1,10,87,361,1,1,1,8,361,28,1,1,allocated
317,797,normal,0,0,65535_65535,1,8,333,121,0,1,0,7,0,15,1,1,pre_allocation
317,797,normal,0,0,65535_65535,1,8,333,139,1,1,1,8,139,15,1,1,allocated
317,797,normal,0,0,65535_65535,1,6,87,361,0,1,0,8,0,28,1,1,pre_allocation
317,797,normal,0,0,65535_65535,1,6,87,406,1,1,1,9,406,28,1,1,allocated
317,797,normal,0,0,65535_65535,1,7,87,361,0,1,0,8,0,28,1,1,pre_allocation
317,797,normal,0,0,65535_65535,1,7,87,406,1,1,1,9,406,28,1,1,allocated
317,797,normal,0,0,65535_65535,1,9,87,361,0,1,0,8,0,28,1,1,pre_allocation
317,797,normal,0,0,65535_65535,1,9,87,406,1,1,1,9,406,28,1,1,allocated
317,797,normal,0,0,65535_65535,1,10,87,361,0,1,0,8,0,28,1,1,pre_allocation
317,797,normal,0,0,65535_65535,1,10,87,406,1,1,1,9,406,28,1,1,allocated
317,797,normal,0,0,65535_65535,1,8,333,139,0,1,0,8,0,15,1,1,pre_allocation
317,797,normal,0,0,65535_65535,1,8,333,157,1,1,1,9,157,15,1,1,allocated
317,797,normal,0,0,65535_65535,1,6,87,406,0,1,0,9,0,28,1,1,pre_allocation
317,797,normal,0,0,65535_65535,1,6,87,452,1,1,1,10,452,28,1,1,allocated
317,797,normal,0,0,65535_65535,1,7,87,406,0,1,0,9,0,28,1,1,pre_allocation
317,797,normal,0,0,65535_65535,1,7,87,452,1,1,1,10,452,28,1,1,allocated
317,797,normal,0,0,65535_65535,1,9,87,406,0,1,0,9,0,28,1,1,pre_allocation
317,797,normal,0,0,65535_65535,1,9,87,452,1,1,1,10,452,28,1,1,allocated
317,797,normal,0,0,65535_65535,1,10,87,406,0,1,0,9,0,28,1,1,pre_allocation
317,797,normal,0,0,65535_65535,1,10,87,452,1,1,1,10,452,28,1,1,allocated
317,797,normal,0,0,65535_65535,1,8,333,157,0,1,0,9,0,15,1,1,pre_allocation
317,797,normal,0,0,65535_65535,1,8,333,175,1,1,1,10,175,15,1,1,allocated
317,797,normal,0,0,65535_65535,1,6,87,452,0,1,0,10,0,28,1,1,pre_allocation
317,797,normal,0,0,65535_65535,1,6,87,497,1,1,1,11,497,28,1,1,allocated
317,797,normal,0,0,65535_65535,1,7,87,452,0,1,0,10,0,28,1,1,pre_allocation
317,797,normal,0,0,65535_65535,1,7,87,497,1,1,1,11,497,28,1,1,allocated
317,797,normal,0,0,65535_65535,1,9,87,452,0,1,0,10,0,28,1,1,pre_allocation
317,797,normal,0,0,65535_65535,1,9,87,497,1,1,1,11,497,28,1,1,allocated
317,797,normal,0,0,65535_65535,1,10,87,452,0,1,0,10,0,28,1,1,pre_allocation
317,797,normal,0,0,65535_65535,1,10,87,497,1,1,1,11,497,28,1,1,allocated
317,797,normal,0,0,65535_65535,1,8,333,175,0,1,0,10,0,15,1,1,pre_allocation
317,797,normal,0,0,65535_65535,1,8,333,193,1,1,1,11,193,15,1,1,allocated
317,797,normal,0,0,65535_65535,1,6,87,497,0,1,0,11,0,28,1,1,pre_allocation
317,797,normal,0,0,65535_65535,1,6,87,543,1,1,1,12,543,28,1,1,allocated
317,797,normal,0,0,65535_65535,1,7,87,497,0,1,0,11,0,28,1,1,pre_allocation
317,797,normal,0,0,65535_65535,1,7,87,543,1,1,1,12,543,28,1,1,allocated
317,797,normal,0,0,65535_65535,1,9,87,497,0,1,0,11,0,28,1,1,pre_allocation
317,797,normal,0,0,65535_65535,1,9,87,543,1,1,1,12,543,28,1,1,allocated
317,797,normal,0,0,65535_65535,1,10,87,497,0,1,0,11,0,28,1,1,pre_allocation
317,797,normal,0,0,65535_65535,1,10,87,543,1,1,1,12,543,28,1,1,allocated
317,797,normal,0,0,65535_65535,1,8,333,193,0,1,0,11,0,15,1,1,pre_allocation
317,797,normal,0,0,65535_65535,1,8,333,210,1,1,1,12,210,15,1,1,allocated
317,797,normal,0,0,65535_65535,1,6,87,543,0,1,0,12,0,28,1,1,pre_allocation
317,797,normal,0,0,65535_65535,1,6,87,589,1,1,1,13,589,28,1,1,allocated
317,797,normal,0,0,65535_65535,1,7,87,543,0,1,0,12,0,28,1,1,pre_allocation
317,797,normal,0,0,65535_65535,1,7,87,589,1,1,1,13,589,28,1,1,allocated
317,797,normal,0,0,65535_65535,1,9,87,543,0,1,0,12,0,28,1,1,pre_allocation
317,797,normal,0,0,65535_65535,1,9,87,589,1,1,1,13,589,28,1,1,allocated
317,797,normal,0,0,65535_65535,1,10,87,543,0,1,0,12,0,28,1,1,pre_allocation
317,797,normal,0,0,65535_65535,1,10,87,589,1,1,1,13,589,28,1,1,allocated
317,797,normal,0,0,65535_65535,1,8,333,210,0,1,0,12,0,15,1,1,pre_allocation
317,797,normal,0,0,65535_65535,1,8,333,228,1,1,1,13,228,15,1,1,allocated
317,797,normal,0,0,65535_65535,1,6,87,589,0,1,0,13,0,28,1,1,pre_allocation
317,797,normal,0,0,65535_65535,1,6,87,634,1,1,1,14,634,28,1,1,allocated
317,797,normal,0,0,65535_65535,1,7,87,589,0,1,0,13,0,28,1,1,pre_allocation
317,797,normal,0,0,65535_65535,1,7,87,634,1,1,1,14,634,28,1,1,allocated
317,797,normal,0,0,65535_65535,1,9,87,589,0,1,0,13,0,28,1,1,pre_allocation
317,797,normal,0,0,65535_65535,1,9,87,634,1,1,1,14,634,28,1,1,allocated
317,797,normal,0,0,65535_65535,1,10,87,589,0,1,0,13,0,28,1,1,pre_allocation
317,797,normal,0,0,65535_65535,1,10,87,634,1,1,1,14,634,28,1,1,allocated
317,797,normal,0,0,65535_65535,1,8,333,228,0,1,0,13,0,15,1,1,pre_allocation
317,797,normal,0,0,65535_65535,1,8,333,246,1,1,1,14,246,15,1,1,allocated
317,797,normal,0,0,65535_65535,1,6,87,634,0,1,0,14,0,28,1,1,pre_allocation
317,797,normal,0,0,65535_65535,1,6,87,680,1,1,1,15,680,28,1,1,allocated
317,797,normal,0,0,65535_65535,1,7,87,634,0,1,0,14,0,28,1,1,pre_allocation
317,797,normal,0,0,65535_65535,1,7,87,680,1,1,1,15,680,28,1,1,allocated
317,797,normal,0,0,65535_65535,1,9,87,634,0,1,0,14,0,28,1,1,pre_allocation
317,797,normal,0,0,65535_65535,1,9,87,680,1,1,1,15,680,28,1,1,allocated
317,797,normal,0,0,65535_65535,1,10,87,634,0,1,0,14,0,28,1,1,pre_allocation
317,797,normal,0,0,65535_65535,1,10,87,680,1,1,1,15,680,28,1,1,allocated
317,797,normal,0,0,65535_65535,1,8,333,246,0,1,0,14,0,15,1,1,pre_allocation
317,797,normal,0,0,65535_65535,1,8,333,264,1,1,1,15,264,15,1,1,allocated
317,797,normal,0,0,65535_65535,1,6,87,680,0,1,0,15,0,28,1,1,pre_allocation
317,797,normal,0,0,65535_65535,1,6,87,725,1,1,1,16,725,28,1,1,allocated
317,797,normal,0,0,65535_65535,1,7,87,680,0,1,0,15,0,28,1,1,pre_allocation
317,797,normal,0,0,65535_65535,1,7,87,725,1,1,1,16,725,28,1,1,allocated
317,797,normal,0,0,65535_65535,1,9,87,680,0,1,0,15,0,28,1,1,pre_allocation
317,797,normal,0,0,65535_65535,1,9,87,725,1,1,1,16,725,28,1,1,allocated
317,797,normal,0,0,65535_65535,1,10,87,680,0,1,0,15,0,28,1,1,pre_allocation
317,797,normal,0,0,65535_65535,1,10,87,725,1,1,1,16,725,28,1,1,allocated
317,797,normal,0,0,65535_65535,1,8,333,264,0,1,0,15,0,15,1,1,pre_allocation
317,797,normal,0,0,65535_65535,1,8,333,282,1,1,1,16,282,15,1,1,allocated
317,797,normal,0,0,65535_65535,1,6,87,725,0,1,0,16,0,28,1,1,pre_allocation
317,797,normal,0,0,65535_65535,1,6,87,771,1,1,1,17,771,28,1,1,allocated
317,797,normal,0,0,65535_65535,1,7,87,725,0,1,0,16,0,28,1,1,pre_allocation
317,797,normal,0,0,65535_65535,1,7,87,771,1,1,1,17,771,28,1,1,allocated
317,797,normal,0,0,65535_65535,1,9,87,725,0,1,0,16,0,28,1,1,pre_allocation
317,797,normal,0,0,65535_65535,1,9,87,771,1,1,1,17,771,28,1,1,allocated
317,797,normal,0,0,65535_65535,1,10,87,725,0,1,0,16,0,28,1,1,pre_allocation
317,797,normal,0,0,65535_65535,1,10,87,771,1,1,1,17,771,28,1,1,allocated
317,797,normal,0,0,65535_65535,1,8,333,282,0,1,0,16,0,15,1,1,pre_allocation
317,797,normal,0,0,65535_65535,1,8,333,299,1,1,1,17,299,15,1,1,allocated
317,797,normal,0,0,65535_65535,1,6,87,771,0,1,0,17,0,28,1,1,pre_allocation
317,797,normal,0,0,65535_65535,1,6,87,816,1,1,1,18,816,28,1,1,allocated
317,797,normal,0,0,65535_65535,1,7,87,771,0,1,0,17,0,28,1,1,pre_allocation
317,797,normal,0,0,65535_65535,1,7,87,816,1,1,1,18,816,28,1,1,allocated
317,797,normal,0,0,65535_65535,1,9,87,771,0,1,0,17,0,28,1,1,pre_allocation
317,797,normal,0,0,65535_65535,1,9,87,816,1,1,1,18,816,28,1,1,allocated
317,797,normal,0,0,65535_65535,1,10,87,771,0,1,0,17,0,28,1,1,pre_allocation
317,797,normal,0,0,65535_65535,1,10,87,816,1,1,1,18,816,28,1,1,allocated
317,797,normal,0,0,65535_65535,1,8,333,299,0,1,0,17,0,15,1,1,pre_allocation
317,797,normal,0,0,65535_65535,1,8,333,317,1,1,1,18,317,15,1,1,allocated
317,797,normal,0,0,65535_65535,1,6,87,816,0,1,0,18,0,28,1,1,pre_allocation
317,797,normal,0,0,65535_65535,1,6,87,862,1,1,1,19,862,28,1,1,allocated
317,797,normal,0,0,65535_65535,1,7,87,816,0,1,0,18,0,28,1,1,pre_allocation
317,797,normal,0,0,65535_65535,1,7,87,862,1,1,1,19,862,28,1,1,allocated
317,797,normal,0,0,65535_65535,1,9,87,816,0,1,0,18,0,28,1,1,pre_allocation
317,797,normal,0,0,65535_65535,1,9,87,862,1,1,1,19,862,28,1,1,allocated
317,797,normal,0,0,65535_65535,1,10,87,816,0,1,0,18,0,28,1,1,pre_allocation
317,797,normal,0,0,65535_65535,1,10,87,862,1,1,1,19,862,28,1,1,allocated
317,797,normal,0,0,65535_65535,1,8,333,317,0,1,0,18,0,15,1,1,pre_allocation
317,797,normal,0,0,65535_65535,1,8,333,335,1,1,1,19,335,15,1,1,allocated
317,797,normal,0,0,65535_65535,1,6,87,862,0,1,0,19,0,28,1,1,pre_allocation
317,797,normal,0,0,65535_65535,1,6,87,907,1,1,1,20,907,28,1,1,allocated
317,797,normal,0,0,65535_65535,1,7,87,862,0,1,0,19,0,28,1,1,pre_allocation
317,797,normal,0,0,65535_65535,1,7,87,907,1,1,1,20,907,28,1,1,allocated
317,797,normal,0,0,65535_65535,1,9,87,862,0,1,0,19,0,28,1,1,pre_allocation
317,797,normal,0,0,65535_65535,1,9,87,907,1,1,1,20,907,28,1,1,allocated
317,797,normal,0,0,65535_65535,1,10,87,862,0,1,0,19,0,28,1,1,pre_allocation
317,797,normal,0,0,65535_65535,1,10,87,907,1,1,1,20,907,28,1,1,allocated
317,797,normal,0,0,65535_65535,1,8,333,335,0,1,0,19,0,15,1,1,pre_allocation
317,797,normal,0,0,65535_65535,1,8,333,353,1,1,1,20,353,15,1,1,allocated
317,797,normal,0,0,65535_65535,1,6,87,907,0,1,0,20,0,28,1,1,pre_allocation
317,797,normal,0,0,65535_65535,1,6,87,953,1,1,1,21,953,28,1,1,allocated
317,797,normal,0,0,65535_65535,1,7,87,907,0,1,0,20,0,28,1,1,pre_allocation
317,797,normal,0,0,65535_65535,1,7,87,953,1,1,1,21,953,28,1,1,allocated
317,797,normal,0,0,65535_65535,1,9,87,907,0,1,0,20,0,28,1,1,pre_allocation
317,797,normal,0,0,65535_65535,1,9,87,953,1,1,1,21,953,28,1,1,allocated
317,797,normal,0,0,65535_65535,1,10,87,907,0,1,0,20,0,28,1,1,pre_allocation
317,797,normal,0,0,65535_65535,1,10,87,953,1,1,1,21,953,28,1,1,allocated
317,797,normal,0,0,65535_65535,1,8,333,353,0,1,0,20,0,15,1,1,pre_allocation
317,797,normal,0,0,65535_65535,1,8,333,371,1,1,1,21,371,15,1,1,allocated
317,797,normal,0,0,65535_65535,1,6,87,953,0,1,0,21,0,28,1,1,pre_allocation
317,797,normal,0,0,65535_65535,1,6,87,998,1,1,1,22,998,28,1,1,allocated
317,797,normal,0,0,65535_65535,1,7,87,953,0,1,0,21,0,28,1,1,pre_allocation
317,797,normal,0,0,65535_65535,1,7,87,998,1,1,1,22,998,28,1,1,allocated
317,797,normal,0,0,65535_65535,1,9,87,953,0,1,0,21,0,28,1,1,pre_allocation
317,797,normal,0,0,65535_65535,1,9,87,998,1,1,1,22,998,28,1,1,allocated
317,797,normal,0,0,65535_65535,1,10,87,953,0,1,0,21,0,28,1,1,pre_allocation
317,797,normal,0,0,65535_65535,1,10,87,998,1,1,1,22,998,28,1,1,allocated
317,797,normal,0,0,65535_65535,1,8,333,371,0,1,0,21,0,15,1,1,pre_allocation
317,797,normal,0,0,65535_65535,1,8,333,389,1,1,1,22,389,15,1,1,allocated
317,797,normal,0,0,65535_65535,1,6,87,998,0,1,0,22,0,28,1,1,pre_allocation
317,797,normal,0,0,65535_65535,1,6,87,1044,1,1,1,23,1044,28,1,1,allocated
317,797,normal,0,0,65535_65535,1,7,87,998,0,1,0,22,0,28,1,1,pre_allocation
317,797,normal,0,0,65535_65535,1,7,87,1044,1,1,1,23,1044,28,1,1,allocated
317,797,normal,0,0,65535_65535,1,9,87,998,0,1,0,22,0,28,1,1,pre_allocation
317,797,normal,0,0,65535_65535,1,9,87,1044,1,1,1,23,1044,28,1,1,allocated
317,797,normal,0,0,65535_65535,1,10,87,998,0,1,0,22,0,28,1,1,pre_allocation
317,797,normal,0,0,65535_65535,1,10,87,1044,1,1,1,23,1044,28,1,1,allocated
317,797,normal,0,0,65535_65535,1,8,333,389,0,1,0,22,0,15,1,1,pre_allocation
317,797,normal,0,0,65535_65535,1,8,333,406,1,1,1,23,406,15,1,1,allocated
317,797,normal,0,0,65535_65535,1,6,87,1044,0,1,0,23,0,28,1,1,pre_allocation
317,797,normal,0,0,65535_65535,1,6,87,1089,1,1,1,24,1089,28,1,1,allocated
317,797,normal,0,0,65535_65535,1,7,87,1044,0,1,0,23,0,28,1,1,pre_allocation
317,797,normal,0,0,65535_65535,1,7,87,1089,1,1,1,24,1089,28,1,1,allocated
317,797,normal,0,0,65535_65535,1,9,87,1044,0,1,0,23,0,28,1,1,pre_allocation
317,797,normal,0,0,65535_65535,1,9,87,1089,1,1,1,24,1089,28,1,1,allocated
317,797,normal,0,0,65535_65535,1,10,87,1044,0,1,0,23,0,28,1,1,pre_allocation
317,797,normal,0,0,65535_65535,1,10,87,1089,1,1,1,24,1089,28,1,1,allocated
317,797,normal,0,0,65535_65535,1,8,333,406,0,1,0,23,0,15,1,1,pre_allocation
317,797,normal,0,0,65535_65535,1,8,333,424,1,1,1,24,424,15,1,1,allocated
317,797,normal,0,0,65535_65535,1,6,87,1089,0,1,0,24,0,28,1,1,pre_allocation
317,797,normal,0,0,65535_65535,1,6,87,1135,1,1,1,25,1135,28,1,1,allocated
317,797,normal,0,0,65535_65535,1,7,87,1089,0,1,0,24,0,28,1,1,pre_allocation
317,797,normal,0,0,65535_65535,1,7,87,1135,1,1,1,25,1135,28,1,1,allocated
317,797,normal,0,0,65535_65535,1,9,87,1089,0,1,0,24,0,28,1,1,pre_allocation
317,797,normal,0,0,65535_65535,1,9,87,1135,1,1,1,25,1135,28,1,1,allocated
317,797,normal,0,0,65535_65535,1,10,87,1089,0,1,0,24,0,28,1,1,pre_allocation
317,797,normal,0,0,65535_65535,1,10,87,1135,1,1,1,25,1135,28,1,1,allocated
317,797,normal,0,0,65535_65535,1,8,333,424,0,1,0,24,0,15,1,1,pre_allocation
317,797,normal,0,0,65535_65535,1,8,333,442,1,1,1,25,442,15,1,1,allocated
317,797,normal,0,0,65535_65535,1,6,87,1135,0,1,0,25,0,28,1,1,pre_allocation
317,797,normal,0,0,65535_65535,1,6,87,1181,1,1,1,26,1181,28,1,1,allocated
317,797,normal,0,0,65535_65535,1,7,87,1135,0,1,0,25,0,28,1,1,pre_allocation
317,797,normal,0,0,65535_65535,1,7,87,1181,1,1,1,26,1181,28,1,1,allocated
317,797,normal,0,0,65535_65535,1,9,87,1135,0,1,0,25,0,28,1,1,pre_allocation
317,797,normal,0,0,65535_65535,1,9,87,1181,1,1,1,26,1181,28,1,1,allocated
317,797,normal,0,0,65535_65535,1,10,87,1135,0,1,0,25,0,28,1,1,pre_allocation
317,797,normal,0,0,65535_65535,1,10,87,1181,1,1,1,26,1181,28,1,1,allocated
317,797,normal,0,0,65535_65535,1,8,333,442,0,1,0,25,0,15,1,1,pre_allocation
317,797,normal,0,0,65535_65535,1,8,333,460,1,1,1,26,460,15,1,1,allocated
317,797,normal,0,0,65535_65535,1,6,87,1181,0,1,0,26,0,28,1,1,pre_allocation
317,797,normal,0,0,65535_65535,1,6,87,1226,1,1,1,27,1226,28,1,1,allocated
317,797,normal,0,0,65535_65535,1,7,87,1181,0,1,0,26,0,28,1,1,pre_allocation
317,797,normal,0,0,65535_65535,1,7,87,1226,1,1,1,27,1226,28,1,1,allocated
317,797,normal,0,0,65535_65535,1,9,87,1181,0,1,0,26,0,28,1,1,pre_allocation
317,797,normal,0,0,65535_65535,1,9,87,1226,1,1,1,27,1226,28,1,1,allocated
317,797,normal,0,0,65535_65535,1,10,87,1181,0,1,0,26,0,28,1,1,pre_allocation
317,797,normal,0,0,65535_65535,1,10,87,1226,1,1,1,27,1226,28,1,1,allocated
317,797,normal,0,0,65535_65535,1,8,333,460,0,1,0,26,0,15,1,1,pre_allocation
317,797,normal,0,0,65535_65535,1,8,333,478,1,1,1,27,478,15,1,1,allocated
317,797,normal,0,0,65535_65535,1,6,87,1226,0,1,0,27,0,28,1,1,pre_allocation
317,797,normal,0,0,65535_65535,1,6,87,1272,1,1,1,28,1272,28,1,1,allocated
317,797,normal,0,0,65535_65535,1,7,87,1226,0,1,0,27,0,28,1,1,pre_allocation
317,797,normal,0,0,65535_65535,1,7,87,1272,1,1,1,28,1272,28,1,1,allocated
317,797,normal,0,0,65535_65535,1,9,87,1226,0,1,0,27,0,28,1,1,pre_allocation
317,797,normal,0,0,65535_65535,1,9,87,1272,1,1,1,28,1272,28,1,1,allocated
317,797,normal,0,0,65535_65535,1,10,87,1226,0,1,0,27,0,28,1,1,pre_allocation
317,797,normal,0,0,65535_65535,1,10,87,1272,1,1,1,28,1272,28,1,1,allocated
317,797,normal,0,0,65535_65535,1,8,333,478,0,1,0,27,0,15,1,1,pre_allocation
317,797,normal,0,0,65535_65535,1,8,333,495,1,1,1,28,495,15,1,1,allocated
317,797,normal,0,0,65535_65535,1,6,87,1272,0,1,0,28,0,28,1,1,pre_allocation
317,797,normal,0,0,65535_65535,1,6,87,1317,1,1,1,29,1317,28,1,1,allocated
317,797,normal,0,0,65535_65535,1,7,87,1272,0,1,0,28,0,28,1,1,pre_allocation
317,797,normal,0,0,65535_65535,1,7,87,1317,1,1,1,29,1317,28,1,1,allocated
317,797,normal,0,0,65535_65535,1,9,87,1272,0,1,0,28,0,28,1,1,pre_allocation
317,797,normal,0,0,65535_65535,1,9,87,1317,1,1,1,29,1317,28,1,1,allocated
317,797,normal,0,0,65535_65535,1,10,87,1272,0,1,0,28,0,28,1,1,pre_allocation
317,797,normal,0,0,65535_65535,1,10,87,1317,1,1,1,29,1317,28,1,1,allocated
317,797,normal,0,0,65535_65535,1,8,333,495,0,1,0,28,0,15,1,1,pre_allocation
317,797,normal,0,0,65535_65535,1,8,333,513,1,1,1,29,513,15,1,1,allocated
317,797,normal,0,0,65535_65535,1,6,87,1317,0,1,0,29,0,28,1,1,pre_allocation
317,797,normal,0,0,65535_65535,1,6,87,1363,1,1,1,30,1363,28,1,1,allocated
317,797,normal,0,0,65535_65535,1,7,87,1317,0,1,0,29,0,28,1,1,pre_allocation
317,797,normal,0,0,65535_65535,1,7,87,1363,1,1,1,30,1363,28,1,1,allocated
317,797,normal,0,0,65535_65535,1,9,87,1317,0,1,0,29,0,28,1,1,pre_allocation
317,797,normal,0,0,65535_65535,1,9,87,1363,1,1,1,30,1363,28,1,1,allocated
317,797,normal,0,0,65535_65535,1,10,87,1317,0,1,0,29,0,28,1,1,pre_allocation
317,797,normal,0,0,65535_65535,1,10,87,1363,1,1,1,30,1363,28,1,1,allocated
317,797,normal,0,0,65535_65535,1,8,333,513,0,1,0,29,0,15,1,1,pre_allocation
317,797,normal,0,0,65535_65535,1,8,333,531,1,1,1,30,531,15,1,1,allocated
317,797,normal,0,0,65535_65535,1,6,87,1363,0,1,0,30,0,28,1,1,pre_allocation
317,797,normal,0,0,65535_65535,1,6,87,1408,1,1,1,31,1408,28,1,1,allocated
317,797,normal,0,0,65535_65535,1,7,87,1363,0,1,0,30,0,28,1,1,pre_allocation
317,797,normal,0,0,65535_65535,1,7,87,1408,1,1,1,31,1408,28,1,1,allocated
317,797,normal,0,0,65535_65535,1,9,87,1363,0,1,0,30,0,28,1,1,pre_allocation
317,797,normal,0,0,65535_65535,1,9,87,1408,1,1,1,31,1408,28,1,1,allocated
317,797,normal,0,0,65535_65535,1,10,87,1363,0,1,0,30,0,28,1,1,pre_allocation
317,797,normal,0,0,65535_65535,1,10,87,1408,1,1,1,31,1408,28,1,1,allocated
317,797,normal,0,0,65535_65535,1,8,333,531,0,1,0,30,0,15,1,1,pre_allocation
317,797,normal,0,0,65535_65535,1,8,333,549,1,1,1,31,549,15,1,1,allocated
317,797,normal,0,0,65535_65535,1,6,87,1408,0,1,0,31,0,28,1,1,pre_allocation
317,797,normal,0,0,65535_65535,1,6,87,1454,1,1,1,32,1454,28,1,1,allocated
317,797,normal,0,0,65535_65535,1,7,87,1408,0,1,0,31,0,28,1,1,pre_allocation
317,797,normal,0,0,65535_65535,1,7,87,1454,1,1,1,32,1454,28,1,1,allocated
317,797,normal,0,0,65535_65535,1,9,87,1408,0,1,0,31,0,28,1,1,pre_allocation
317,797,normal,0,0,65535_65535,1,9,87,1454,1,1,1,32,1454,28,1,1,allocated
317,797,normal,0,0,65535_65535,1,10,87,1408,0,1,0,31,0,28,1,1,pre_allocation
317,797,normal,0,0,65535_65535,1,10,87,1454,1,1,1,32,1454,28,1,1,allocated
317,797,normal,0,0,65535_65535,1,8,333,549,0,1,0,31,0,15,1,1,pre_allocation
317,797,normal,0,0,65535_65535,1,8,333,567,1,1,1,32,567,15,1,1,allocated
317,797,normal,0,0,65535_65535,1,6,87,1454,0,1,0,32,0,28,1,1,pre_allocation
317,797,normal,0,0,65535_65535,1,6,87,1499,1,1,1,33,1499,28,1,1,allocated
317,797,normal,0,0,65535_65535,1,7,87,1454,0,1,0,32,0,28,1,1,pre_allocation
317,797,normal,0,0,65535_65535,1,7,87,1499,1,1,1,33,1499,28,1,1,allocated
317,797,normal,0,0,65535_65535,1,9,87,1454,0,1,0,32,0,28,1,1,pre_allocation
317,797,normal,0,0,65535_65535,1,9,87,1499,1,1,1,33,1499,28,1,1,allocated
317,797,normal,0,0,65535_65535,1,10,87,1454,0,1,0,32,0,28,1,1,pre_allocation
317,797,normal,0,0,65535_65535,1,10,87,1499,1,1,1,33,1499,28,1,1,allocated
317,797,normal,0,0,65535_65535,1,8,333,567,0,1,0,32,0,15,1,1,pre_allocation
317,797,normal,0,0,65535_65535,1,8,333,585,1,1,1,33,585,15,1,1,allocated
317,797,normal,0,0,65535_65535,1,6,87,1499,0,1,0,33,0,28,1,1,pre_allocation
317,797,normal,0,0,65535_65535,1,6,87,1542,1,1,1,34,1542,28,1,1,allocated
317,797,normal,0,0,65535_65535,1,7,87,1499,0,1,0,33,0,28,1,1,pre_allocation
317,797,normal,0,0,65535_65535,1,7,87,1542,1,1,1,34,1542,28,1,1,allocated
317,797,normal,0,0,65535_65535,1,9,87,1499,0,1,0,33,0,28,1,1,pre_allocation
317,797,normal,0,0,65535_65535,1,9,87,1542,1,1,1,34,1542,28,1,1,allocated
317,797,normal,0,0,65535_65535,1,10,87,1499,0,1,0,33,0,28,1,1,pre_allocation
317,797,normal,0,0,65535_65535,1,10,87,1542,1,1,1,34,1542,28,1,1,allocated
317,797,normal,0,0,65535_65535,1,8,333,585,0,1,0,33,0,15,1,1,pre_allocation
317,797,normal,0,0,65535_65535,1,8,333,602,1,1,1,34,602,15,1,1,allocated
317,797,normal,0,0,65535_65535,1,6,87,1542,0,1,0,34,0,28,1,1,pre_allocation
317,797,normal,0,0,65535_65535,1,6,87,1587,1,1,1,35,1587,28,1,1,allocated
317,797,normal,0,0,65535_65535,1,7,87,1542,0,1,0,34,0,28,1,1,pre_allocation
317,797,normal,0,0,65535_65535,1,7,87,1587,1,1,1,35,1587,28,1,1,allocated
317,797,normal,0,0,65535_65535,1,9,87,1542,0,1,0,34,0,28,1,1,pre_allocation
317,797,normal,0,0,65535_65535,1,9,87,1587,1,1,1,35,1587,28,1,1,allocated
317,797,normal,0,0,65535_65535,1,10,87,1542,0,1,0,34,0,28,1,1,pre_allocation
317,797,normal,0,0,65535_65535,1,10,87,1587,1,1,1,35,1587,28,1,1,allocated
317,797,normal,0,0,65535_65535,1,8,333,602,0,1,0,34,0,15,1,1,pre_allocation
317,797,normal,0,0,65535_65535,1,8,333,620,1,1,1,35,620,15,1,1,allocated
317,797,normal,0,0,65535_65535,1,6,87,1587,0,1,0,35,0,28,1,1,pre_allocation
317,797,normal,0,0,65535_65535,1,6,87,1633,1,1,1,36,1633,28,1,1,allocated
317,797,normal,0,0,65535_65535,1,7,87,1587,0,1,0,35,0,28,1,1,pre_allocation
317,797,normal,0,0,65535_65535,1,7,87,1633,1,1,1,36,1633,28,1,1,allocated
317,797,normal,0,0,65535_65535,1,9,87,1587,0,1,0,35,0,28,1,1,pre_allocation
317,797,normal,0,0,65535_65535,1,9,87,1633,1,1,1,36,1633,28,1,1,allocated
317,797,normal,0,0,65535_65535,1,10,87,1587,0,1,0,35,0,28,1,1,pre_allocation
317,797,normal,0,0,65535_65535,1,10,87,1633,1,1,1,36,1633,28,1,1,allocated
317,797,normal,0,0,65535_65535,1,8,333,620,0,1,0,35,0,15,1,1,pre_allocation
317,797,normal,0,0,65535_65535,1,8,333,638,1,1,1,36,638,15,1,1,allocated
317,797,normal,0,0,65535_65535,1,6,87,1633,0,1,0,36,0,28,1,1,pre_allocation
317,797,normal,0,0,65535_65535,1,6,87,1678,1,1,1,37,1678,28,1,1,allocated
317,797,normal,0,0,65535_65535,1,7,87,1633,0,1,0,36,0,28,1,1,pre_allocation
317,797,normal,0,0,65535_65535,1,7,87,1678,1,1,1,37,1678,28,1,1,allocated
317,797,normal,0,0,65535_65535,1,9,87,1633,0,1,0,36,0,28,1,1,pre_allocation
317,797,normal,0,0,65535_65535,1,9,87,1678,1,1,1,37,1678,28,1,1,allocated
317,797,normal,0,0,65535_65535,1,10,87,1633,0,1,0,36,0,28,1,1,pre_allocation
317,797,normal,0,0,65535_65535,1,10,87,1678,1,1,1,37,1678,28,1,1,allocated
429,895,normal,0,0,65535_65535,0,2,29095,0,0,1,0,0,0,28,1,1,pre_allocation
429,895,normal,0,0,65535_65535,0,2,29095,42,1,1,1,1,42,28,1,1,allocated
429,895,normal,0,0,65535_65535,0,3,33804,0,0,1,0,0,0,28,1,1,pre_allocation
429,895,normal,0,0,65535_65535,0,3,33804,42,1,1,1,1,42,28,1,1,allocated
429,895,normal,0,0,65535_65535,0,4,35053,0,0,1,0,0,0,28,1,1,pre_allocation
429,895,normal,0,0,65535_65535,0,4,35053,42,1,1,1,1,42,28,1,1,allocated
429,895,normal,0,0,65535_65535,0,5,35722,0,0,1,0,0,0,28,1,1,pre_allocation
429,895,normal,0,0,65535_65535,0,5,35722,42,1,1,1,1,42,28,1,1,allocated
429,895,normal,0,0,65535_65535,0,1,70435,0,0,1,0,0,0,26,1,1,pre_allocation
429,895,normal,0,0,65535_65535,0,1,70435,39,1,1,1,1,39,26,1,1,allocated
429,895,normal,0,0,65535_65535,0,2,29095,42,0,1,0,1,0,28,1,1,pre_allocation
429,895,normal,0,0,65535_65535,0,2,29095,88,1,1,1,2,88,28,1,1,allocated
429,895,normal,0,0,65535_65535,0,3,33804,42,0,1,0,1,0,28,1,1,pre_allocation
429,895,normal,0,0,65535_65535,0,3,33804,88,1,1,1,2,88,28,1,1,allocated
429,895,normal,0,0,65535_65535,0,4,35053,42,0,1,0,1,0,28,1,1,pre_allocation
429,895,normal,0,0,65535_65535,0,4,35053,88,1,1,1,2,88,28,1,1,allocated
429,895,normal,0,0,65535_65535,0,5,35722,42,0,1,0,1,0,28,1,1,pre_allocation
429,895,normal,0,0,65535_65535,0,5,35722,88,1,1,1,2,88,28,1,1,allocated
429,895,normal,0,0,65535_65535,0,1,70435,39,0,1,0,1,0,26,1,1,pre_allocation
429,895,normal,0,0,65535_65535,0,1,70435,81,1,1,1,2,81,26,1,1,allocated
429,895,normal,0,0,65535_65535,0,2,29095,88,0,1,0,2,0,28,1,1,pre_allocation
429,895,normal,0,0,65535_65535,0,2,29095,133,1,1,1,3,133,28,1,1,allocated
429,895,normal,0,0,65535_65535,0,3,33804,88,0,1,0,2,0,28,1,1,pre_allocation
429,895,normal,0,0,65535_65535,0,3,33804,133,1,1,1,3,133,28,1,1,allocated
429,895,normal,0,0,65535_65535,0,4,35053,88,0,1,0,2,0,28,1,1,pre_allocation
429,895,normal,0,0,65535_65535,0,4,35053,133,1,1,1,3,133,28,1,1,allocated
429,895,normal,0,0,65535_65535,0,5,35722,88,0,1,0,2,0,28,1,1,pre_allocation
429,895,normal,0,0,65535_65535,0,5,35722,133,1,1,1,3,133,28,1,1,allocated
429,895,normal,0,0,65535_65535,0,1,70435,81,0,1,0,2,0,26,1,1,pre_allocation
429,895,normal,0,0,65535_65535,0,1,70435,123,1,1,1,3,123,26,1,1,allocated
429,895,normal,0,0,65535_65535,0,2,29095,133,0,1,0,3,0,28,1,1,pre_allocation
429,895,normal,0,0,65535_65535,0,2,29095,179,1,1,1,4,179,28,1,1,allocated
429,895,normal,0,0,65535_65535,0,3,33804,133,0,1,0,3,0,28,1,1,pre_allocation
429,895,normal,0,0,65535_65535,0,3,33804,179,1,1,1,4,179,28,1,1,allocated
429,895,normal,0,0,65535_65535,0,4,35053,133,0,1,0,3,0,28,1,1,pre_allocation
429,895,normal,0,0,65535_65535,0,4,35053,179,1,1,1,4,179,28,1,1,allocated
429,895,normal,0,0,65535_65535,0,5,35722,133,0,1,0,3,0,28,1,1,pre_allocation
429,895,normal,0,0,65535_65535,0,5,35722,179,1,1,1,4,179,28,1,1,allocated
429,895,normal,0,0,65535_65535,0,1,70435,123,0,1,0,3,0,26,1,1,pre_allocation
429,895,normal,0,0,65535_65535,0,1,70435,165,1,1,1,4,165,26,1,1,allocated
429,895,normal,0,0,65535_65535,0,2,29095,179,0,1,0,4,0,28,1,1,pre_allocation
429,895,normal,0,0,65535_65535,0,2,29095,224,1,1,1,5,224,28,1,1,allocated
429,895,normal,0,0,65535_65535,0,3,33804,179,0,1,0,4,0,28,1,1,pre_allocation
429,895,normal,0,0,65535_65535,0,3,33804,224,1,1,1,5,224,28,1,1,allocated
429,895,normal,0,0,65535_65535,0,4,35053,179,0,1,0,4,0,28,1,1,pre_allocation
429,895,normal,0,0,65535_65535,0,4,35053,224,1,1,1,5,224,28,1,1,allocated
429,895,normal,0,0,65535_65535,0,5,35722,179,0,1,0,4,0,28,1,1,pre_allocation
429,895,normal,0,0,65535_65535,0,5,35722,224,1,1,1,5,224,28,1,1,allocated
429,895,normal,0,0,65535_65535,0,1,70435,165,0,1,0,4,0,26,1,1,pre_allocation
429,895,normal,0,0,65535_65535,0,1,70435,207,1,1,1,5,207,26,1,1,allocated
429,895,normal,0,0,65535_65535,0,2,29095,224,0,1,0,5,0,28,1,1,pre_allocation
429,895,normal,0,0,65535_65535,0,2,29095,270,1,1,1,6,270,28,1,1,allocated
429,895,normal,0,0,65535_65535,0,3,33804,224,0,1,0,5,0,28,1,1,pre_allocation
429,895,normal,0,0,65535_65535,0,3,33804,270,1,1,1,6,270,28,1,1,allocated
429,895,normal,0,0,65535_65535,0,4,35053,224,0,1,0,5,0,28,1,1,pre_allocation
429,895,normal,0,0,65535_65535,0,4,35053,270,1,1,1,6,270,28,1,1,allocated
429,895,normal,0,0,65535_65535,0,5,35722,224,0,1,0,5,0,28,1,1,pre_allocation
429,895,normal,0,0,65535_65535,0,5,35722,270,1,1,1,6,270,28,1,1,allocated
429,895,normal,0,0,65535_65535,0,1,70435,207,0,1,0,5,0,26,1,1,pre_allocation
429,895,normal,0,0,65535_65535,0,1,70435,249,1,1,1,6,249,26,1,1,allocated
429,895,normal,0,0,65535_65535,0,2,29095,270,0,1,0,6,0,28,1,1,pre_allocation
429,895,normal,0,0,65535_65535,0,2,29095,315,1,1,1,7,315,28,1,1,allocated
429,895,normal,0,0,65535_65535,0,3,33804,270,0,1,0,6,0,28,1,1,pre_allocation
429,895,normal,0,0,65535_65535,0,3,33804,315,1,1,1,7,315,28,1,1,allocated
429,895,normal,0,0,65535_65535,0,4,35053,270,0,1,0,6,0,28,1,1,pre_allocation
429,895,normal,0,0,65535_65535,0,4,35053,315,1,1,1,7,315,28,1,1,allocated
429,895,normal,0,0,65535_65535,0,5,35722,270,0,1,0,6,0,28,1,1,pre_allocation
429,895,normal,0,0,65535_65535,0,5,35722,315,1,1,1,7,315,28,1,1,allocated
429,895,normal,0,0,65535_65535,0,1,70435,249,0,1,0,6,0,26,1,1,pre_allocation
429,895,normal,0,0,65535_65535,0,1,70435,291,1,1,1,7,291,26,1,1,allocated
429,895,normal,0,0,65535_65535,0,2,29095,315,0,1,0,7,0,28,1,1,pre_allocation
429,895,normal,0,0,65535_65535,0,2,29095,361,1,1,1,8,361,28,1,1,allocated
429,895,normal,0,0,65535_65535,0,3,33804,315,0,1,0,7,0,28,1,1,pre_allocation
429,895,normal,0,0,65535_65535,0,3,33804,361,1,1,1,8,361,28,1,1,allocated
429,895,normal,0,0,65535_65535,0,4,35053,315,0,1,0,7,0,28,1,1,pre_allocation
429,895,normal,0,0,65535_65535,0,4,35053,361,1,1,1,8,361,28,1,1,allocated
429,895,normal,0,0,65535_65535,0,5,35722,315,0,1,0,7,0,28,1,1,pre_allocation
429,895,normal,0,0,65535_65535,0,5,35722,361,1,1,1,8,361,28,1,1,allocated
429,895,normal,0,0,65535_65535,0,1,70435,291,0,1,0,7,0,26,1,1,pre_allocation
429,895,normal,0,0,65535_65535,0,1,70435,333,1,1,1,8,333,26,1,1,allocated
429,895,normal,0,0,65535_65535,0,2,29095,361,0,1,0,8,0,28,1,1,pre_allocation
429,895,normal,0,0,65535_65535,0,2,29095,406,1,1,1,9,406,28,1,1,allocated
429,895,normal,0,0,65535_65535,0,3,33804,361,0,1,0,8,0,28,1,1,pre_allocation
429,895,normal,0,0,65535_65535,0,3,33804,406,1,1,1,9,406,28,1,1,allocated
429,895,normal,0,0,65535_65535,0,4,35053,361,0,1,0,8,0,28,1,1,pre_allocation
429,895,normal,0,0,65535_65535,0,4,35053,406,1,1,1,9,406,28,1,1,allocated
429,895,normal,0,0,65535_65535,0,5,35722,361,0,1,0,8,0,28,1,1,pre_allocation
429,895,normal,0,0,65535_65535,0,5,35722,406,1,1,1,9,406,28,1,1,allocated
429,895,normal,0,0,65535_65535,0,1,70435,333,0,1,0,8,0,26,1,1,pre_allocation
429,895,normal,0,0,65535_65535,0,1,70435,375,1,1,1,9,375,26,1,1,allocated
429,895,normal,0,0,65535_65535,0,2,29095,406,0,1,0,9,0,28,1,1,pre_allocation
429,895,normal,0,0,65535_65535,0,2,29095,452,1,1,1,10,452,28,1,1,allocated
429,895,normal,0,0,65535_65535,0,3,33804,406,0,1,0,9,0,28,1,1,pre_allocation
429,895,normal,0,0,65535_65535,0,3,33804,452,1,1,1,10,452,28,1,1,allocated
429,895,normal,0,0,65535_65535,0,4,35053,406,0,1,0,9,0,28,1,1,pre_allocation
429,895,normal,0,0,65535_65535,0,4,35053,452,1,1,1,10,452,28,1,1,allocated
429,895,normal,0,0,65535_65535,0,5,35722,406,0,1,0,9,0,28,1,1,pre_allocation
429,895,normal,0,0,65535_65535,0,5,35722,452,1,1,1,10,452,28,1,1,allocated
429,895,normal,0,0,65535_65535,0,1,70435,375,0,1,0,9,0,26,1,1,pre_allocation
429,895,normal,0,0,65535_65535,0,1,70435,417,1,1,1,10,417,26,1,1,allocated
429,895,normal,0,0,65535_65535,0,2,29095,452,0,1,0,10,0,28,1,1,pre_allocation
429,895,normal,0,0,65535_65535,0,2,29095,497,1,1,1,11,497,28,1,1,allocated
429,895,normal,0,0,65535_65535,0,3,33804,452,0,1,0,10,0,28,1,1,pre_allocation
429,895,normal,0,0,65535_65535,0,3,33804,497,1,1,1,11,497,28,1,1,allocated
429,895,normal,0,0,65535_65535,0,4,35053,452,0,1,0,10,0,28,1,1,pre_allocation
429,895,normal,0,0,65535_65535,0,4,35053,497,1,1,1,11,497,28,1,1,allocated
429,895,normal,0,0,65535_65535,0,5,35722,452,0,1,0,10,0,28,1,1,pre_allocation
429,895,normal,0,0,65535_65535,0,5,35722,497,1,1,1,11,497,28,1,1,allocated
429,895,normal,0,0,65535_65535,0,1,70435,417,0,1,0,10,0,26,1,1,pre_allocation
429,895,normal,0,0,65535_65535,0,1,70435,459,1,1,1,11,459,26,1,1,allocated
429,895,normal,0,0,65535_65535,0,2,29095,497,0,1,0,11,0,28,1,1,pre_allocation
429,895,normal,0,0,65535_65535,0,2,29095,543,1,1,1,12,543,28,1,1,allocated
429,895,normal,0,0,65535_65535,0,3,33804,497,0,1,0,11,0,28,1,1,pre_allocation
429,895,normal,0,0,65535_65535,0,3,33804,543,1,1,1,12,543,28,1,1,allocated
429,895,normal,0,0,65535_65535,0,4,35053,497,0,1,0,11,0,28,1,1,pre_allocation
429,895,normal,0,0,65535_65535,0,4,35053,543,1,1,1,12,543,28,1,1,allocated
429,895,normal,0,0,65535_65535,0,5,35722,497,0,1,0,11,0,28,1,1,pre_allocation
429,895,normal,0,0,65535_65535,0,5,35722,543,1,1,1,12,543,28,1,1,allocated
429,895,normal,0,0,65535_65535,0,1,70435,459,0,1,0,11,0,26,1,1,pre_allocation
429,895,normal,0,0,65535_65535,0,1,70435,501,1,1,1,12,501,26,1,1,allocated
429,895,normal,0,0,65535_65535,0,2,29095,543,0,1,0,12,0,28,1,1,pre_allocation
429,895,normal,0,0,65535_65535,0,2,29095,589,1,1,1,13,589,28,1,1,allocated
429,895,normal,0,0,65535_65535,0,3,33804,543,0,1,0,12,0,28,1,1,pre_allocation
429,895,normal,0,0,65535_65535,0,3,33804,589,1,1,1,13,589,28,1,1,allocated
429,895,normal,0,0,65535_65535,0,4,35053,543,0,1,0,12,0,28,1,1,pre_allocation
429,895,normal,0,0,65535_65535,0,4,35053,589,1,1,1,13,589,28,1,1,allocated
429,895,normal,0,0,65535_65535,0,5,35722,543,0,1,0,12,0,28,1,1,pre_allocation
429,895,normal,0,0,65535_65535,0,5,35722,589,1,1,1,13,589,28,1,1,allocated
429,895,normal,0,0,65535_65535,0,1,70435,501,0,1,0,12,0,26,1,1,pre_allocation
429,895,normal,0,0,65535_65535,0,1,70435,543,1,1,1,13,543,26,1,1,allocated
429,895,normal,0,0,65535_65535,0,2,29095,589,0,1,0,13,0,28,1,1,pre_allocation
429,895,normal,0,0,65535_65535,0,2,29095,634,1,1,1,14,634,28,1,1,allocated
429,895,normal,0,0,65535_65535,0,3,33804,589,0,1,0,13,0,28,1,1,pre_allocation
429,895,normal,0,0,65535_65535,0,3,33804,634,1,1,1,14,634,28,1,1,allocated
429,895,normal,0,0,65535_65535,0,4,35053,589,0,1,0,13,0,28,1,1,pre_allocation
429,895,normal,0,0,65535_65535,0,4,35053,634,1,1,1,14,634,28,1,1,allocated
429,895,normal,0,0,65535_65535,0,5,35722,589,0,1,0,13,0,28,1,1,pre_allocation
429,895,normal,0,0,65535_65535,0,5,35722,634,1,1,1,14,634,28,1,1,allocated
429,895,normal,0,0,65535_65535,0,1,70435,543,0,1,0,13,0,26,1,1,pre_allocation
429,895,normal,0,0,65535_65535,0,1,70435,586,1,1,1,14,586,26,1,1,allocated
429,895,normal,0,0,65535_65535,0,2,29095,634,0,1,0,14,0,28,1,1,pre_allocation
429,895,normal,0,0,65535_65535,0,2,29095,680,1,1,1,15,680,28,1,1,allocated
429,895,normal,0,0,65535_65535,1,6,87,0,0,1,0,0,0,28,1,1,pre_allocation
429,895,normal,0,0,65535_65535,1,6,87,42,1,1,1,1,42,28,1,1,allocated
429,895,normal,0,0,65535_65535,1,7,87,0,0,1,0,0,0,28,1,1,pre_allocation
429,895,normal,0,0,65535_65535,1,7,87,42,1,1,1,1,42,28,1,1,allocated
429,895,normal,0,0,65535_65535,1,9,87,0,0,1,0,0,0,28,1,1,pre_allocation
429,895,normal,0,0,65535_65535,1,9,87,42,1,1,1,1,42,28,1,1,allocated
429,895,normal,0,0,65535_65535,1,10,87,0,0,1,0,0,0,28,1,1,pre_allocation
429,895,normal,0,0,65535_65535,1,10,87,42,1,1,1,1,42,28,1,1,allocated
429,895,normal,0,0,65535_65535,1,6,87,42,0,1,0,1,0,28,1,1,pre_allocation
429,895,normal,0,0,65535_65535,1,6,87,88,1,1,1,2,88,28,1,1,allocated
429,895,normal,0,0,65535_65535,1,7,87,42,0,1,0,1,0,28,1,1,pre_allocation
429,895,normal,0,0,65535_65535,1,7,87,88,1,1,1,2,88,28,1,1,allocated
429,895,normal,0,0,65535_65535,1,9,87,42,0,1,0,1,0,28,1,1,pre_allocation
429,895,normal,0,0,65535_65535,1,9,87,88,1,1,1,2,88,28,1,1,allocated
429,895,normal,0,0,65535_65535,1,10,87,42,0,1,0,1,0,28,1,1,pre_allocation
429,895,normal,0,0,65535_65535,1,10,87,88,1,1,1,2,88,28,1,1,allocated
429,895,normal,0,0,65535_65535,1,6,87,88,0,1,0,2,0,28,1,1,pre_allocation
429,895,normal,0,0,65535_65535,1,6,87,133,1,1,1,3,133,28,1,1,allocated
429,895,normal,0,0,65535_65535,1,7,87,88,0,1,0,2,0,28,1,1,pre_allocation
429,895,normal,0,0,65535_65535,1,7,87,133,1,1,1,3,133,28,1,1,allocated
429,895,normal,0,0,65535_65535,1,9,87,88,0,1,0,2,0,28,1,1,pre_allocation
429,895,normal,0,0,65535_65535,1,9,87,133,1,1,1,3,133,28,1,1,allocated
429,895,normal,0,0,65535_65535,1,10,87,88,0,1,0,2,0,28,1,1,pre_allocation
429,895,normal,0,0,65535_65535,1,10,87,133,1,1,1,3,133,28,1,1,allocated
429,895,normal,0,0,65535_65535,1,6,87,133,0,1,0,3,0,28,1,1,pre_allocation
429,895,normal,0,0,65535_65535,1,6,87,179,1,1,1,4,179,28,1,1,allocated
429,895,normal,0,0,65535_65535,1,7,87,133,0,1,0,3,0,28,1,1,pre_allocation
429,895,normal,0,0,65535_65535,1,7,87,179,1,1,1,4,179,28,1,1,allocated
429,895,normal,0,0,65535_65535,1,9,87,133,0,1,0,3,0,28,1,1,pre_allocation
429,895,normal,0,0,65535_65535,1,9,87,179,1,1,1,4,179,28,1,1,allocated
429,895,normal,0,0,65535_65535,1,10,87,133,0,1,0,3,0,28,1,1,pre_allocation
429,895,normal,0,0,65535_65535,1,10,87,179,1,1,1,4,179,28,1,1,allocated
429,895,normal,0,0,65535_65535,1,6,87,179,0,1,0,4,0,28,1,1,pre_allocation
429,895,normal,0,0,65535_65535,1,6,87,224,1,1,1,5,224,28,1,1,allocated
429,895,normal,0,0,65535_65535,1,7,87,179,0,1,0,4,0,28,1,1,pre_allocation
429,895,normal,0,0,65535_65535,1,7,87,224,1,1,1,5,224,28,1,1,allocated
429,895,normal,0,0,65535_65535,1,9,87,179,0,1,0,4,0,28,1,1,pre_allocation
429,895,normal,0,0,65535_65535,1,9,87,224,1,1,1,5,224,28,1,1,allocated
429,895,normal,0,0,65535_65535,1,10,87,179,0,1,0,4,0,28,1,1,pre_allocation
429,895,normal,0,0,65535_65535,1,10,87,224,1,1,1,5,224,28,1,1,allocated
429,895,normal,0,0,65535_65535,1,6,87,224,0,1,0,5,0,28,1,1,pre_allocation
429,895,normal,0,0,65535_65535,1,6,87,270,1,1,1,6,270,28,1,1,allocated
429,895,normal,0,0,65535_65535,1,7,87,224,0,1,0,5,0,28,1,1,pre_allocation
429,895,normal,0,0,65535_65535,1,7,87,270,1,1,1,6,270,28,1,1,allocated
429,895,normal,0,0,65535_65535,1,9,87,224,0,1,0,5,0,28,1,1,pre_allocation
429,895,normal,0,0,65535_65535,1,9,87,270,1,1,1,6,270,28,1,1,allocated
429,895,normal,0,0,65535_65535,1,10,87,224,0,1,0,5,0,28,1,1,pre_allocation
429,895,normal,0,0,65535_65535,1,10,87,270,1,1,1,6,270,28,1,1,allocated
429,895,normal,0,0,65535_65535,1,6,87,270,0,1,0,6,0,28,1,1,pre_allocation
429,895,normal,0,0,65535_65535,1,6,87,315,1,1,1,7,315,28,1,1,allocated
429,895,normal,0,0,65535_65535,1,7,87,270,0,1,0,6,0,28,1,1,pre_allocation
429,895,normal,0,0,65535_65535,1,7,87,315,1,1,1,7,315,28,1,1,allocated
429,895,normal,0,0,65535_65535,1,9,87,270,0,1,0,6,0,28,1,1,pre_allocation
429,895,normal,0,0,65535_65535,1,9,87,315,1,1,1,7,315,28,1,1,allocated
429,895,normal,0,0,65535_65535,1,10,87,270,0,1,0,6,0,28,1,1,pre_allocation
429,895,normal,0,0,65535_65535,1,10,87,315,1,1,1,7,315,28,1,1,allocated
429,895,normal,0,0,65535_65535,1,6,87,315,0,1,0,7,0,28,1,1,pre_allocation
429,895,normal,0,0,65535_65535,1,6,87,361,1,1,1,8,361,28,1,1,allocated
429,895,normal,0,0,65535_65535,1,7,87,315,0,1,0,7,0,28,1,1,pre_allocation
429,895,normal,0,0,65535_65535,1,7,87,361,1,1,1,8,361,28,1,1,allocated
429,895,normal,0,0,65535_65535,1,9,87,315,0,1,0,7,0,28,1,1,pre_allocation
429,895,normal,0,0,65535_65535,1,9,87,361,1,1,1,8,361,28,1,1,allocated
429,895,normal,0,0,65535_65535,1,10,87,315,0,1,0,7,0,28,1,1,pre_allocation
429,895,normal,0,0,65535_65535,1,10,87,361,1,1,1,8,361,28,1,1,allocated
429,895,normal,0,0,65535_65535,1,6,87,361,0,1,0,8,0,28,1,1,pre_allocation
429,895,normal,0,0,65535_65535,1,6,87,406,1,1,1,9,406,28,1,1,allocated
429,895,normal,0,0,65535_65535,1,7,87,361,0,1,0,8,0,28,1,1,pre_allocation
429,895,normal,0,0,65535_65535,1,7,87,406,1,1,1,9,406,28,1,1,allocated
429,895,normal,0,0,65535_65535,1,9,87,361,0,1,0,8,0,28,1,1,pre_allocation
429,895,normal,0,0,65535_65535,1,9,87,406,1,1,1,9,406,28,1,1,allocated
429,895,normal,0,0,65535_65535,1,10,87,361,0,1,0,8,0,28,1,1,pre_allocation
429,895,normal,0,0,65535_65535,1,10,87,406,1,1,1,9,406,28,1,1,allocated
429,895,normal,0,0,65535_65535,1,6,87,406,0,1,0,9,0,28,1,1,pre_allocation
429,895,normal,0,0,65535_65535,1,6,87,452,1,1,1,10,452,28,1,1,allocated
429,895,normal,0,0,65535_65535,1,7,87,406,0,1,0,9,0,28,1,1,pre_allocation
429,895,normal,0,0,65535_65535,1,7,87,452,1,1,1,10,452,28,1,1,allocated
429,895,normal,0,0,65535_65535,1,9,87,406,0,1,0,9,0,28,1,1,pre_allocation
429,895,normal,0,0,65535_65535,1,9,87,452,1,1,1,10,452,28,1,1,allocated
429,895,normal,0,0,65535_65535,1,10,87,406,0,1,0,9,0,28,1,1,pre_allocation
429,895,normal,0,0,65535_65535,1,10,87,452,1,1,1,10,452,28,1,1,allocated
429,895,normal,0,0,65535_65535,1,6,87,452,0,1,0,10,0,28,1,1,pre_allocation
429,895,normal,0,0,65535_65535,1,6,87,497,1,1,1,11,497,28,1,1,allocated
429,895,normal,0,0,65535_65535,1,7,87,452,0,1,0,10,0,28,1,1,pre_allocation
429,895,normal,0,0,65535_65535,1,7,87,497,1,1,1,11,497,28,1,1,allocated
429,895,normal,0,0,65535_65535,1,9,87,452,0,1,0,10,0,28,1,1,pre_allocation
429,895,normal,0,0,65535_65535,1,9,87,497,1,1,1,11,497,28,1,1,allocated
429,895,normal,0,0,65535_65535,1,10,87,452,0,1,0,10,0,28,1,1,pre_allocation
429,895,normal,0,0,65535_65535,1,10,87,497,1,1,1,11,497,28,1,1,allocated
429,895,normal,0,0,65535_65535,1,6,87,497,0,1,0,11,0,28,1,1,pre_allocation
429,895,normal,0,0,65535_65535,1,6,87,543,1,1,1,12,543,28,1,1,allocated
429,895,normal,0,0,65535_65535,1,7,87,497,0,1,0,11,0,28,1,1,pre_allocation
429,895,normal,0,0,65535_65535,1,7,87,543,1,1,1,12,543,28,1,1,allocated
429,895,normal,0,0,65535_65535,1,9,87,497,0,1,0,11,0,28,1,1,pre_allocation
429,895,normal,0,0,65535_65535,1,9,87,543,1,1,1,12,543,28,1,1,allocated
429,895,normal,0,0,65535_65535,1,10,87,497,0,1,0,11,0,28,1,1,pre_allocation
429,895,normal,0,0,65535_65535,1,10,87,543,1,1,1,12,543,28,1,1,allocated
429,895,normal,0,0,65535_65535,1,6,87,543,0,1,0,12,0,28,1,1,pre_allocation
429,895,normal,0,0,65535_65535,1,6,87,589,1,1,1,13,589,28,1,1,allocated
429,895,normal,0,0,65535_65535,1,7,87,543,0,1,0,12,0,28,1,1,pre_allocation
429,895,normal,0,0,65535_65535,1,7,87,589,1,1,1,13,589,28,1,1,allocated
429,895,normal,0,0,65535_65535,1,9,87,543,0,1,0,12,0,28,1,1,pre_allocation
429,895,normal,0,0,65535_65535,1,9,87,589,1,1,1,13,589,28,1,1,allocated
429,895,normal,0,0,65535_65535,1,10,87,543,0,1,0,12,0,28,1,1,pre_allocation
429,895,normal,0,0,65535_65535,1,10,87,589,1,1,1,13,589,28,1,1,allocated
429,895,normal,0,0,65535_65535,1,6,87,589,0,1,0,13,0,28,1,1,pre_allocation
429,895,normal,0,0,65535_65535,1,6,87,634,1,1,1,14,634,28,1,1,allocated
429,895,normal,0,0,65535_65535,1,7,87,589,0,1,0,13,0,28,1,1,pre_allocation
429,895,normal,0,0,65535_65535,1,7,87,634,1,1,1,14,634,28,1,1,allocated
429,895,normal,0,0,65535_65535,1,9,87,589,0,1,0,13,0,28,1,1,pre_allocation
429,895,normal,0,0,65535_65535,1,9,87,634,1,1,1,14,634,28,1,1,allocated
429,895,normal,0,0,65535_65535,1,10,87,589,0,1,0,13,0,28,1,1,pre_allocation
429,895,normal,0,0,65535_65535,1,10,87,634,1,1,1,14,634,28,1,1,allocated
429,895,normal,0,0,65535_65535,1,6,87,634,0,1,0,14,0,28,1,1,pre_allocation
429,895,normal,0,0,65535_65535,1,6,87,680,1,1,1,15,680,28,1,1,allocated
429,895,normal,0,0,65535_65535,1,7,87,634,0,1,0,14,0,28,1,1,pre_allocation
429,895,normal,0,0,65535_65535,1,7,87,680,1,1,1,15,680,28,1,1,allocated
429,895,normal,0,0,65535_65535,1,9,87,634,0,1,0,14,0,28,1,1,pre_allocation
429,895,normal,0,0,65535_65535,1,9,87,680,1,1,1,15,680,28,1,1,allocated
429,895,normal,0,0,65535_65535,1,10,87,634,0,1,0,14,0,28,1,1,pre_allocation
429,895,normal,0,0,65535_65535,1,10,87,680,1,1,1,15,680,28,1,1,allocated
429,895,normal,0,0,65535_65535,1,6,87,680,0,1,0,15,0,28,1,1,pre_allocation
429,895,normal,0,0,65535_65535,1,6,87,725,1,1,1,16,725,28,1,1,allocated
429,895,normal,0,0,65535_65535,1,7,87,680,0,1,0,15,0,28,1,1,pre_allocation
429,895,normal,0,0,65535_65535,1,7,87,725,1,1,1,16,725,28,1,1,allocated
429,895,normal,0,0,65535_65535,1,9,87,680,0,1,0,15,0,28,1,1,pre_allocation
429,895,normal,0,0,65535_65535,1,9,87,725,1,1,1,16,725,28,1,1,allocated
429,895,normal,0,0,65535_65535,1,10,87,680,0,1,0,15,0,28,1,1,pre_allocation
429,895,normal,0,0,65535_65535,1,10,87,725,1,1,1,16,725,28,1,1,allocated
429,895,normal,0,0,65535_65535,1,6,87,725,0,1,0,16,0,28,1,1,pre_allocation
429,895,normal,0,0,65535_65535,1,6,87,771,1,1,1,17,771,28,1,1,allocated
429,895,normal,0,0,65535_65535,1,7,87,725,0,1,0,16,0,28,1,1,pre_allocation
429,895,normal,0,0,65535_65535,1,7,87,771,1,1,1,17,771,28,1,1,allocated
429,895,normal,0,0,65535_65535,1,9,87,725,0,1,0,16,0,28,1,1,pre_allocation
429,895,normal,0,0,65535_65535,1,9,87,771,1,1,1,17,771,28,1,1,allocated
429,895,normal,0,0,65535_65535,1,10,87,725,0,1,0,16,0,28,1,1,pre_allocation
429,895,normal,0,0,65535_65535,1,10,87,771,1,1,1,17,771,28,1,1,allocated
429,895,normal,0,0,65535_65535,1,6,87,771,0,1,0,17,0,28,1,1,pre_allocation
429,895,normal,0,0,65535_65535,1,6,87,816,1,1,1,18,816,28,1,1,allocated
429,895,normal,0,0,65535_65535,1,7,87,771,0,1,0,17,0,28,1,1,pre_allocation
429,895,normal,0,0,65535_65535,1,7,87,816,1,1,1,18,816,28,1,1,allocated
429,895,normal,0,0,65535_65535,1,9,87,771,0,1,0,17,0,28,1,1,pre_allocation
429,895,normal,0,0,65535_65535,1,9,87,816,1,1,1,18,816,28,1,1,allocated
429,895,normal,0,0,65535_65535,1,10,87,771,0,1,0,17,0,28,1,1,pre_allocation
429,895,normal,0,0,65535_65535,1,10,87,816,1,1,1,18,816,28,1,1,allocated
429,895,normal,0,0,65535_65535,1,6,87,816,0,1,0,18,0,28,1,1,pre_allocation
429,895,normal,0,0,65535_65535,1,6,87,862,1,1,1,19,862,28,1,1,allocated
429,895,normal,0,0,65535_65535,1,7,87,816,0,1,0,18,0,28,1,1,pre_allocation
429,895,normal,0,0,65535_65535,1,7,87,862,1,1,1,19,862,28,1,1,allocated
429,895,normal,0,0,65535_65535,1,9,87,816,0,1,0,18,0,28,1,1,pre_allocation
429,895,normal,0,0,65535_65535,1,9,87,862,1,1,1,19,862,28,1,1,allocated
429,895,normal,0,0,65535_65535,1,10,87,816,0,1,0,18,0,28,1,1,pre_allocation
429,895,normal,0,0,65535_65535,1,10,87,862,1,1,1,19,862,28,1,1,allocated
429,895,normal,0,0,65535_65535,1,6,87,862,0,1,0,19,0,28,1,1,pre_allocation
429,895,normal,0,0,65535_65535,1,6,87,907,1,1,1,20,907,28,1,1,allocated
429,895,normal,0,0,65535_65535,1,7,87,862,0,1,0,19,0,28,1,1,pre_allocation
429,895,normal,0,0,65535_65535,1,7,87,907,1,1,1,20,907,28,1,1,allocated
429,895,normal,0,0,65535_65535,1,9,87,862,0,1,0,19,0,28,1,1,pre_allocation
429,895,normal,0,0,65535_65535,1,9,87,907,1,1,1,20,907,28,1,1,allocated
429,895,normal,0,0,65535_65535,1,10,87,862,0,1,0,19,0,28,1,1,pre_allocation
429,895,normal,0,0,65535_65535,1,10,87,907,1,1,1,20,907,28,1,1,allocated
429,895,normal,0,0,65535_65535,1,6,87,907,0,1,0,20,0,28,1,1,pre_allocation
429,895,normal,0,0,65535_65535,1,6,87,953,1,1,1,21,953,28,1,1,allocated
429,895,normal,0,0,65535_65535,1,7,87,907,0,1,0,20,0,28,1,1,pre_allocation
429,895,normal,0,0,65535_65535,1,7,87,953,1,1,1,21,953,28,1,1,allocated
429,895,normal,0,0,65535_65535,1,9,87,907,0,1,0,20,0,28,1,1,pre_allocation
429,895,normal,0,0,65535_65535,1,9,87,953,1,1,1,21,953,28,1,1,allocated
429,895,normal,0,0,65535_65535,1,10,87,907,0,1,0,20,0,28,1,1,pre_allocation
429,895,normal,0,0,65535_65535,1,10,87,953,1,1,1,21,953,28,1,1,allocated
429,895,normal,0,0,65535_65535,1,6,87,953,0,1,0,21,0,28,1,1,pre_allocation
429,895,normal,0,0,65535_65535,1,6,87,998,1,1,1,22,998,28,1,1,allocated
429,895,normal,0,0,65535_65535,1,7,87,953,0,1,0,21,0,28,1,1,pre_allocation
429,895,normal,0,0,65535_65535,1,7,87,998,1,1,1,22,998,28,1,1,allocated
429,895,normal,0,0,65535_65535,1,9,87,953,0,1,0,21,0,28,1,1,pre_allocation
429,895,normal,0,0,65535_65535,1,9,87,998,1,1,1,22,998,28,1,1,allocated
429,895,normal,0,0,65535_65535,1,10,87,953,0,1,0,21,0,28,1,1,pre_allocation
429,895,normal,0,0,65535_65535,1,10,87,998,1,1,1,22,998,28,1,1,allocated
429,895,normal,0,0,65535_65535,1,6,87,998,0,1,0,22,0,28,1,1,pre_allocation
429,895,normal,0,0,65535_65535,1,6,87,1044,1,1,1,23,1044,28,1,1,allocated
429,895,normal,0,0,65535_65535,1,7,87,998,0,1,0,22,0,28,1,1,pre_allocation
429,895,normal,0,0,65535_65535,1,7,87,1044,1,1,1,23,1044,28,1,1,allocated
429,895,normal,0,0,65535_65535,1,9,87,998,0,1,0,22,0,28,1,1,pre_allocation
429,895,normal,0,0,65535_65535,1,9,87,1044,1,1,1,23,1044,28,1,1,allocated
429,895,normal,0,0,65535_65535,1,10,87,998,0,1,0,22,0,28,1,1,pre_allocation
429,895,normal,0,0,65535_65535,1,10,87,1044,1,1,1,23,1044,28,1,1,allocated
429,895,normal,0,0,65535_65535,1,6,87,1044,0,1,0,23,0,28,1,1,pre_allocation
429,895,normal,0,0,65535_65535,1,6,87,1089,1,1,1,24,1089,28,1,1,allocated
429,895,normal,0,0,65535_65535,1,7,87,1044,0,1,0,23,0,28,1,1,pre_allocation
429,895,normal,0,0,65535_65535,1,7,87,1089,1,1,1,24,1089,28,1,1,allocated
429,895,normal,0,0,65535_65535,1,9,87,1044,0,1,0,23,0,28,1,1,pre_allocation
429,895,normal,0,0,65535_65535,1,9,87,1089,1,1,1,24,1089,28,1,1,allocated
429,895,normal,0,0,65535_65535,1,10,87,1044,0,1,0,23,0,28,1,1,pre_allocation
429,895,normal,0,0,65535_65535,1,10,87,1089,1,1,1,24,1089,28,1,1,allocated
429,895,normal,0,0,65535_65535,1,6,87,1089,0,1,0,24,0,28,1,1,pre_allocation
429,895,normal,0,0,65535_65535,1,6,87,1135,1,1,1,25,1135,28,1,1,allocated
429,895,normal,0,0,65535_65535,1,7,87,1089,0,1,0,24,0,28,1,1,pre_allocation
429,895,normal,0,0,65535_65535,1,7,87,1135,1,1,1,25,1135,28,1,1,allocated
429,895,normal,0,0,65535_65535,1,9,87,1089,0,1,0,24,0,28,1,1,pre_allocation
429,895,normal,0,0,65535_65535,1,9,87,1135,1,1,1,25,1135,28,1,1,allocated
429,895,normal,0,0,65535_65535,1,10,87,1089,0,1,0,24,0,28,1,1,pre_allocation
429,895,normal,0,0,65535_65535,1,10,87,1135,1,1,1,25,1135,28,1,1,allocated
429,895,normal,0,0,65535_65535,1,6,87,1135,0,1,0,25,0,28,1,1,pre_allocation
429,895,normal,0,0,65535_65535,1,6,87,1181,1,1,1,26,1181,28,1,1,allocated
429,895,normal,0,0,65535_65535,1,7,87,1135,0,1,0,25,0,28,1,1,pre_allocation
429,895,normal,0,0,65535_65535,1,7,87,1181,1,1,1,26,1181,28,1,1,allocated
429,895,normal,0,0,65535_65535,1,9,87,1135,0,1,0,25,0,28,1,1,pre_allocation
429,895,normal,0,0,65535_65535,1,9,87,1181,1,1,1,26,1181,28,1,1,allocated
429,895,normal,0,0,65535_65535,1,10,87,1135,0,1,0,25,0,28,1,1,pre_allocation
429,895,normal,0,0,65535_65535,1,10,87,1181,1,1,1,26,1181,28,1,1,allocated
429,895,normal,0,0,65535_65535,1,6,87,1181,0,1,0,26,0,28,1,1,pre_allocation
429,895,normal,0,0,65535_65535,1,6,87,1226,1,1,1,27,1226,28,1,1,allocated
429,895,normal,0,0,65535_65535,1,7,87,1181,0,1,0,26,0,28,1,1,pre_allocation
429,895,normal,0,0,65535_65535,1,7,87,1226,1,1,1,27,1226,28,1,1,allocated
429,895,normal,0,0,65535_65535,1,9,87,1181,0,1,0,26,0,28,1,1,pre_allocation
429,895,normal,0,0,65535_65535,1,9,87,1226,1,1,1,27,1226,28,1,1,allocated
429,895,normal,0,0,65535_65535,1,10,87,1181,0,1,0,26,0,28,1,1,pre_allocation
429,895,normal,0,0,65535_65535,1,10,87,1226,1,1,1,27,1226,28,1,1,allocated
429,895,normal,0,0,65535_65535,1,6,87,1226,0,1,0,27,0,28,1,1,pre_allocation
429,895,normal,0,0,65535_65535,1,6,87,1272,1,1,1,28,1272,28,1,1,allocated
429,895,normal,0,0,65535_65535,1,7,87,1226,0,1,0,27,0,28,1,1,pre_allocation
429,895,normal,0,0,65535_65535,1,7,87,1272,1,1,1,28,1272,28,1,1,allocated
429,895,normal,0,0,65535_65535,1,9,87,1226,0,1,0,27,0,28,1,1,pre_allocation
429,895,normal,0,0,65535_65535,1,9,87,1272,1,1,1,28,1272,28,1,1,allocated
429,895,normal,0,0,65535_65535,1,10,87,1226,0,1,0,27,0,28,1,1,pre_allocation
429,895,normal,0,0,65535_65535,1,10,87,1272,1,1,1,28,1272,28,1,1,allocated
429,895,normal,0,0,65535_65535,1,6,87,1272,0,1,0,28,0,28,1,1,pre_allocation
429,895,normal,0,0,65535_65535,1,6,87,1317,1,1,1,29,1317,28,1,1,allocated
429,895,normal,0,0,65535_65535,1,7,87,1272,0,1,0,28,0,28,1,1,pre_allocation
429,895,normal,0,0,65535_65535,1,7,87,1317,1,1,1,29,1317,28,1,1,allocated
429,895,normal,0,0,65535_65535,1,9,87,1272,0,1,0,28,0,28,1,1,pre_allocation
429,895,normal,0,0,65535_65535,1,9,87,1317,1,1,1,29,1317,28,1,1,allocated
429,895,normal,0,0,65535_65535,1,10,87,1272,0,1,0,28,0,28,1,1,pre_allocation
429,895,normal,0,0,65535_65535,1,10,87,1317,1,1,1,29,1317,28,1,1,allocated
429,895,normal,0,0,65535_65535,1,6,87,1317,0,1,0,29,0,28,1,1,pre_allocation
429,895,normal,0,0,65535_65535,1,6,87,1363,1,1,1,30,1363,28,1,1,allocated
429,895,normal,0,0,65535_65535,1,7,87,1317,0,1,0,29,0,28,1,1,pre_allocation
429,895,normal,0,0,65535_65535,1,7,87,1363,1,1,1,30,1363,28,1,1,allocated
429,895,normal,0,0,65535_65535,1,9,87,1317,0,1,0,29,0,28,1,1,pre_allocation
429,895,normal,0,0,65535_65535,1,9,87,1363,1,1,1,30,1363,28,1,1,allocated
429,895,normal,0,0,65535_65535,1,10,87,1317,0,1,0,29,0,28,1,1,pre_allocation
429,895,normal,0,0,65535_65535,1,10,87,1363,1,1,1,30,1363,28,1,1,allocated
429,895,normal,0,0,65535_65535,1,6,87,1363,0,1,0,30,0,28,1,1,pre_allocation
429,895,normal,0,0,65535_65535,1,6,87,1408,1,1,1,31,1408,28,1,1,allocated
429,895,normal,0,0,65535_65535,1,7,87,1363,0,1,0,30,0,28,1,1,pre_allocation
429,895,normal,0,0,65535_65535,1,7,87,1408,1,1,1,31,1408,28,1,1,allocated
429,895,normal,0,0,65535_65535,1,9,87,1363,0,1,0,30,0,28,1,1,pre_allocation
429,895,normal,0,0,65535_65535,1,9,87,1408,1,1,1,31,1408,28,1,1,allocated
429,895,normal,0,0,65535_65535,1,10,87,1363,0,1,0,30,0,28,1,1,pre_allocation
429,895,normal,0,0,65535_65535,1,10,87,1408,1,1,1,31,1408,28,1,1,allocated
429,895,normal,0,0,65535_65535,1,6,87,1408,0,1,0,31,0,28,1,1,pre_allocation
429,895,normal,0,0,65535_65535,1,6,87,1454,1,1,1,32,1454,28,1,1,allocated
429,895,normal,0,0,65535_65535,1,7,87,1408,0,1,0,31,0,28,1,1,pre_allocation
429,895,normal,0,0,65535_65535,1,7,87,1454,1,1,1,32,1454,28,1,1,allocated
429,895,normal,0,0,65535_65535,1,9,87,1408,0,1,0,31,0,28,1,1,pre_allocation
429,895,normal,0,0,65535_65535,1,9,87,1454,1,1,1,32,1454,28,1,1,allocated
429,895,normal,0,0,65535_65535,1,10,87,1408,0,1,0,31,0,28,1,1,pre_allocation
429,895,normal,0,0,65535_65535,1,10,87,1454,1,1,1,32,1454,28,1,1,allocated
429,895,normal,0,0,65535_65535,1,6,87,1454,0,1,0,32,0,28,1,1,pre_allocation
429,895,normal,0,0,65535_65535,1,6,87,1499,1,1,1,33,1499,28,1,1,allocated
429,895,normal,0,0,65535_65535,1,7,87,1454,0,1,0,32,0,28,1,1,pre_allocation
429,895,normal,0,0,65535_65535,1,7,87,1499,1,1,1,33,1499,28,1,1,allocated
429,895,normal,0,0,65535_65535,1,9,87,1454,0,1,0,32,0,28,1,1,pre_allocation
429,895,normal,0,0,65535_65535,1,9,87,1499,1,1,1,33,1499,28,1,1,allocated
429,895,normal,0,0,65535_65535,1,10,87,1454,0,1,0,32,0,28,1,1,pre_allocation
429,895,normal,0,0,65535_65535,1,10,87,1499,1,1,1,33,1499,28,1,1,allocated
429,895,normal,0,0,65535_65535,1,6,87,1499,0,1,0,33,0,28,1,1,pre_allocation
429,895,normal,0,0,65535_65535,1,6,87,1542,1,1,1,34,1542,28,1,1,allocated
429,895,normal,0,0,65535_65535,1,7,87,1499,0,1,0,33,0,28,1,1,pre_allocation
429,895,normal,0,0,65535_65535,1,7,87,1542,1,1,1,34,1542,28,1,1,allocated
429,895,normal,0,0,65535_65535,1,9,87,1499,0,1,0,33,0,28,1,1,pre_allocation
429,895,normal,0,0,65535_65535,1,9,87,1542,1,1,1,34,1542,28,1,1,allocated
429,895,normal,0,0,65535_65535,1,10,87,1499,0,1,0,33,0,28,1,1,pre_allocation
429,895,normal,0,0,65535_65535,1,10,87,1542,1,1,1,34,1542,28,1,1,allocated
429,895,normal,0,0,65535_65535,1,6,87,1542,0,1,0,34,0,28,1,1,pre_allocation
429,895,normal,0,0,65535_65535,1,6,87,1587,1,1,1,35,1587,28,1,1,allocated
429,895,normal,0,0,65535_65535,1,7,87,1542,0,1,0,34,0,28,1,1,pre_allocation
429,895,normal,0,0,65535_65535,1,7,87,1587,1,1,1,35,1587,28,1,1,allocated
429,895,normal,0,0,65535_65535,1,9,87,1542,0,1,0,34,0,28,1,1,pre_allocation
429,895,normal,0,0,65535_65535,1,9,87,1587,1,1,1,35,1587,28,1,1,allocated
429,895,normal,0,0,65535_65535,1,10,87,1542,0,1,0,34,0,28,1,1,pre_allocation
429,895,normal,0,0,65535_65535,1,10,87,1587,1,1,1,35,1587,28,1,1,allocated
429,895,normal,0,0,65535_65535,1,6,87,1587,0,1,0,35,0,28,1,1,pre_allocation
429,895,normal,0,0,65535_65535,1,6,87,1633,1,1,1,36,1633,28,1,1,allocated
429,895,normal,0,0,65535_65535,1,7,87,1587,0,1,0,35,0,28,1,1,pre_allocation
429,895,normal,0,0,65535_65535,1,7,87,1633,1,1,1,36,1633,28,1,1,allocated
429,895,normal,0,0,65535_65535,1,9,87,1587,0,1,0,35,0,28,1,1,pre_allocation
429,895,normal,0,0,65535_65535,1,9,87,1633,1,1,1,36,1633,28,1,1,allocated
429,895,normal,0,0,65535_65535,1,10,87,1587,0,1,0,35,0,28,1,1,pre_allocation
429,895,normal,0,0,65535_65535,1,10,87,1633,1,1,1,36,1633,28,1,1,allocated
429,895,normal,0,0,65535_65535,1,6,87,1633,0,1,0,36,0,28,1,1,pre_allocation
429,895,normal,0,0,65535_65535,1,6,87,1678,1,1,1,37,1678,28,1,1,allocated
429,895,normal,0,0,65535_65535,1,7,87,1633,0,1,0,36,0,28,1,1,pre_allocation
429,895,normal,0,0,65535_65535,1,7,87,1678,1,1,1,37,1678,28,1,1,allocated
429,895,normal,0,0,65535_65535,1,9,87,1633,0,1,0,36,0,28,1,1,pre_allocation
429,895,normal,0,0,65535_65535,1,9,87,1678,1,1,1,37,1678,28,1,1,allocated
429,895,normal,0,0,65535_65535,1,10,87,1633,0,1,0,36,0,28,1,1,pre_allocation
429,895,normal,0,0,65535_65535,1,10,87,1678,1,1,1,37,1678,28,1,1,allocated
429,895,normal,0,0,65535_65535,1,6,87,1678,0,1,0,37,0,28,1,1,pre_allocation
429,895,normal,0,0,65535_65535,1,6,87,1724,1,1,1,38,1724,28,1,1,allocated
429,895,normal,0,0,65535_65535,1,7,87,1678,0,1,0,37,0,28,1,1,pre_allocation
429,895,normal,0,0,65535_65535,1,7,87,1724,1,1,1,38,1724,28,1,1,allocated
429,895,normal,0,0,65535_65535,1,9,87,1678,0,1,0,37,0,28,1,1,pre_allocation
429,895,normal,0,0,65535_65535,1,9,87,1724,1,1,1,38,1724,28,1,1,allocated
429,895,normal,0,0,65535_65535,1,10,87,1678,0,1,0,37,0,28,1,1,pre_allocation
429,895,normal,0,0,65535_65535,1,10,87,1724,1,1,1,38,1724,28,1,1,allocated
429,895,normal,0,0,65535_65535,1,6,87,1724,0,1,0,38,0,28,1,1,pre_allocation
429,895,normal,0,0,65535_65535,1,6,87,1770,1,1,1,39,1770,28,1,1,allocated
429,895,normal,0,0,65535_65535,1,7,87,1724,0,1,0,38,0,28,1,1,pre_allocation
429,895,normal,0,0,65535_65535,1,7,87,1770,1,1,1,39,1770,28,1,1,allocated
429,895,normal,0,0,65535_65535,1,9,87,1724,0,1,0,38,0,28,1,1,pre_allocation
429,895,normal,0,0,65535_65535,1,9,87,1770,1,1,1,39,1770,28,1,1,allocated
429,895,normal,0,0,65535_65535,1,10,87,1724,0,1,0,38,0,28,1,1,pre_allocation
429,895,normal,0,0,65535_65535,1,10,87,1770,1,1,1,39,1770,28,1,1,allocated
429,895,normal,0,0,65535_65535,1,6,87,1770,0,1,0,39,0,28,1,1,pre_allocation
429,895,normal,0,0,65535_65535,1,6,87,1815,1,1,1,40,1815,28,1,1,allocated
429,895,normal,0,0,65535_65535,1,7,87,1770,0,1,0,39,0,28,1,1,pre_allocation
429,895,normal,0,0,65535_65535,1,7,87,1815,1,1,1,40,1815,28,1,1,allocated
429,895,normal,0,0,65535_65535,1,9,87,1770,0,1,0,39,0,28,1,1,pre_allocation
429,895,normal,0,0,65535_65535,1,9,87,1815,1,1,1,40,1815,28,1,1,allocated
429,895,normal,0,0,65535_65535,1,10,87,1770,0,1,0,39,0,28,1,1,pre_allocation
429,895,normal,0,0,65535_65535,1,10,87,1815,1,1,1,40,1815,28,1,1,allocated
429,895,normal,0,0,65535_65535,2,27,137,0,0,1,0,0,0,28,1,1,pre_allocation
429,895,normal,0,0,65535_65535,2,27,137,42,1,1,1,1,42,28,1,1,allocated
429,895,normal,0,0,65535_65535,2,25,137,0,0,1,0,0,0,28,1,1,pre_allocation
429,895,normal,0,0,65535_65535,2,25,137,42,1,1,1,1,42,28,1,1,allocated
429,895,normal,0,0,65535_65535,2,24,137,0,0,1,0,0,0,28,1,1,pre_allocation
429,895,normal,0,0,65535_65535,2,24,137,42,1,1,1,1,42,28,1,1,allocated
429,895,normal,0,0,65535_65535,2,22,137,0,0,1,0,0,0,28,1,1,pre_allocation
429,895,normal,0,0,65535_65535,2,22,137,42,1,1,1,1,42,28,1,1,allocated
429,895,normal,0,0,65535_65535,2,21,137,0,0,1,0,0,0,28,1,1,pre_allocation
429,895,normal,0,0,65535_65535,2,21,137,42,1,1,1,1,42,28,1,1,allocated
429,895,normal,0,0,65535_65535,2,11,137,0,0,1,0,0,0,28,1,1,pre_allocation
429,895,normal,0,0,65535_65535,2,11,137,42,1,1,1,1,42,28,1,1,allocated
429,895,normal,0,0,65535_65535,2,12,137,0,0,1,0,0,0,28,1,1,pre_allocation
429,895,normal,0,0,65535_65535,2,12,137,42,1,1,1,1,42,28,1,1,allocated
429,895,normal,0,0,65535_65535,2,28,137,0,0,1,0,0,0,26,1,1,pre_allocation
429,895,normal,0,0,65535_65535,2,28,137,39,1,1,1,1,39,26,1,1,allocated
429,895,normal,0,0,65535_65535,2,26,137,0,0,1,0,0,0,15,1,1,pre_allocation
429,895,normal,0,0,65535_65535,2,26,137,14,1,1,1,1,14,15,1,1,allocated
429,895,normal,0,0,65535_65535,2,27,137,42,0,1,0,1,0,28,1,1,pre_allocation
429,895,normal,0,0,65535_65535,2,27,137,88,1,1,1,2,88,28,1,1,allocated
429,895,normal,0,0,65535_65535,2,25,137,42,0,1,0,1,0,28,1,1,pre_allocation
429,895,normal,0,0,65535_65535,2,25,137,88,1,1,1,2,88,28,1,1,allocated
429,895,normal,0,0,65535_65535,2,24,137,42,0,1,0,1,0,28,1,1,pre_allocation
429,895,normal,0,0,65535_65535,2,24,137,88,1,1,1,2,88,28,1,1,allocated
429,895,normal,0,0,65535_65535,2,22,137,42,0,1,0,1,0,28,1,1,pre_allocation
429,895,normal,0,0,65535_65535,2,22,137,88,1,1,1,2,88,28,1,1,allocated
429,895,normal,0,0,65535_65535,2,21,137,42,0,1,0,1,0,28,1,1,pre_allocation
429,895,normal,0,0,65535_65535,2,21,137,88,1,1,1,2,88,28,1,1,allocated
429,895,normal,0,0,65535_65535,2,11,137,42,0,1,0,1,0,28,1,1,pre_allocation
429,895,normal,0,0,65535_65535,2,11,137,88,1,1,1,2,88,28,1,1,allocated
429,895,normal,0,0,65535_65535,2,12,137,42,0,1,0,1,0,28,1,1,pre_allocation
429,895,normal,0,0,65535_65535,2,12,137,88,1,1,1,2,88,28,1,1,allocated
429,895,normal,0,0,65535_65535,2,28,137,39,0,1,0,1,0,26,1,1,pre_allocation
429,895,normal,0,0,65535_65535,2,28,137,81,1,1,1,2,81,26,1,1,allocated
429,895,normal,0,0,65535_65535,2,26,137,14,0,1,0,1,0,15,1,1,pre_allocation
429,895,normal,0,0,65535_65535,2,26,137,32,1,1,1,2,32,15,1,1,allocated
429,895,normal,0,0,65535_65535,2,27,137,88,0,1,0,2,0,28,1,1,pre_allocation
429,895,normal,0,0,65535_65535,2,27,137,133,1,1,1,3,133,28,1,1,allocated
429,895,normal,0,0,65535_65535,2,25,137,88,0,1,0,2,0,28,1,1,pre_allocation
429,895,normal,0,0,65535_65535,2,25,137,133,1,1,1,3,133,28,1,1,allocated
429,895,normal,0,0,65535_65535,2,24,137,88,0,1,0,2,0,28,1,1,pre_allocation
429,895,normal,0,0,65535_65535,2,24,137,133,1,1,1,3,133,28,1,1,allocated
429,895,normal,0,0,65535_65535,2,22,137,88,0,1,0,2,0,28,1,1,pre_allocation
429,895,normal,0,0,65535_65535,2,22,137,133,1,1,1,3,133,28,1,1,allocated
429,895,normal,0,0,65535_65535,2,21,137,88,0,1,0,2,0,28,1,1,pre_allocation
429,895,normal,0,0,65535_65535,2,21,137,133,1,1,1,3,133,28,1,1,allocated
429,895,normal,0,0,65535_65535,2,11,137,88,0,1,0,2,0,28,1,1,pre_allocation
429,895,normal,0,0,65535_65535,2,11,137,133,1,1,1,3,133,28,1,1,allocated
429,895,normal,0,0,65535_65535,2,12,137,88,0,1,0,2,0,28,1,1,pre_allocation
429,895,normal,0,0,65535_65535,2,12,137,133,1,1,1,3,133,28,1,1,allocated
429,895,normal,0,0,65535_65535,2,28,137,81,0,1,0,2,0,26,1,1,pre_allocation
429,895,normal,0,0,65535_65535,2,28,137,123,1,1,1,3,123,26,1,1,allocated
429,895,normal,0,0,65535_65535,2,26,137,32,0,1,0,2,0,15,1,1,pre_allocation
429,895,normal,0,0,65535_65535,2,26,137,50,1,1,1,3,50,15,1,1,allocated
429,895,normal,0,0,65535_65535,2,27,137,133,0,1,0,3,0,28,1,1,pre_allocation
429,895,normal,0,0,65535_65535,2,27,137,179,1,1,1,4,179,28,1,1,allocated
429,895,normal,0,0,65535_65535,2,25,137,133,0,1,0,3,0,28,1,1,pre_allocation
429,895,normal,0,0,65535_65535,2,25,137,179,1,1,1,4,179,28,1,1,allocated
429,895,normal,0,0,65535_65535,2,24,137,133,0,1,0,3,0,28,1,1,pre_allocation
429,895,normal,0,0,65535_65535,2,24,137,179,1,1,1,4,179,28,1,1,allocated
429,895,normal,0,0,65535_65535,2,22,137,133,0,1,0,3,0,28,1,1,pre_allocation
429,895,normal,0,0,65535_65535,2,22,137,179,1,1,1,4,179,28,1,1,allocated
429,895,normal,0,0,65535_65535,2,21,137,133,0,1,0,3,0,28,1,1,pre_allocation
429,895,normal,0,0,65535_65535,2,21,137,179,1,1,1,4,179,28,1,1,allocated
429,895,normal,0,0,65535_65535,2,11,137,133,0,1,0,3,0,28,1,1,pre_allocation
429,895,normal,0,0,65535_65535,2,11,137,179,1,1,1,4,179,28,1,1,allocated
429,895,normal,0,0,65535_65535,2,12,137,133,0,1,0,3,0,28,1,1,pre_allocation
429,895,normal,0,0,65535_65535,2,12,137,179,1,1,1,4,179,28,1,1,allocated
429,895,normal,0,0,65535_65535,2,28,137,123,0,1,0,3,0,26,1,1,pre_allocation
429,895,normal,0,0,65535_65535,2,28,137,165,1,1,1,4,165,26,1,1,allocated
541,993,normal,0,0,65535_65535,0,2,7389,0,0,1,0,0,0,28,1,1,pre_allocation
541,993,normal,0,0,65535_65535,0,2,7389,50,1,1,1,1,50,28,1,1,allocated
541,993,normal,0,0,65535_65535,0,3,15850,0,0,1,0,0,0,28,1,1,pre_allocation
541,993,normal,0,0,65535_65535,0,3,15850,50,1,1,1,1,50,28,1,1,allocated
541,993,normal,0,0,65535_65535,0,4,17345,0,0,1,0,0,0,28,1,1,pre_allocation
541,993,normal,0,0,65535_65535,0,4,17345,50,1,1,1,1,50,28,1,1,allocated
541,993,normal,0,0,65535_65535,0,5,18008,0,0,1,0,0,0,28,1,1,pre_allocation
541,993,normal,0,0,65535_65535,0,5,18008,50,1,1,1,1,50,28,1,1,allocated
541,993,normal,0,0,65535_65535,0,1,64456,0,0,1,0,0,0,26,1,1,pre_allocation
541,993,normal,0,0,65535_65535,0,1,64456,46,1,1,1,1,46,26,1,1,allocated
541,993,normal,0,0,65535_65535,0,2,7389,50,0,1,0,1,0,28,1,1,pre_allocation
541,993,normal,0,0,65535_65535,0,2,7389,103,1,1,1,2,103,28,1,1,allocated
541,993,normal,0,0,65535_65535,0,3,15850,50,0,1,0,1,0,28,1,1,pre_allocation
541,993,normal,0,0,65535_65535,0,3,15850,103,1,1,1,2,103,28,1,1,allocated
541,993,normal,0,0,65535_65535,0,4,17345,50,0,1,0,1,0,28,1,1,pre_allocation
541,993,normal,0,0,65535_65535,0,4,17345,103,1,1,1,2,103,28,1,1,allocated
541,993,normal,0,0,65535_65535,0,5,18008,50,0,1,0,1,0,28,1,1,pre_allocation
541,993,normal,0,0,65535_65535,0,5,18008,103,1,1,1,2,103,28,1,1,allocated
541,993,normal,0,0,65535_65535,0,1,64456,46,0,1,0,1,0,26,1,1,pre_allocation
541,993,normal,0,0,65535_65535,0,1,64456,95,1,1,1,2,95,26,1,1,allocated
541,993,normal,0,0,65535_65535,0,2,7389,103,0,1,0,2,0,28,1,1,pre_allocation
541,993,normal,0,0,65535_65535,0,2,7389,156,1,1,1,3,156,28,1,1,allocated
541,993,normal,0,0,65535_65535,0,3,15850,103,0,1,0,2,0,28,1,1,pre_allocation
541,993,normal,0,0,65535_65535,0,3,15850,156,1,1,1,3,156,28,1,1,allocated
541,993,normal,0,0,65535_65535,0,4,17345,103,0,1,0,2,0,28,1,1,pre_allocation
541,993,normal,0,0,65535_65535,0,4,17345,156,1,1,1,3,156,28,1,1,allocated
541,993,normal,0,0,65535_65535,0,5,18008,103,0,1,0,2,0,28,1,1,pre_allocation
541,993,normal,0,0,65535_65535,0,5,18008,156,1,1,1,3,156,28,1,1,allocated
541,993,normal,0,0,65535_65535,0,1,64456,95,0,1,0,2,0,26,1,1,pre_allocation
541,993,normal,0,0,65535_65535,0,1,64456,144,1,1,1,3,144,26,1,1,allocated
541,993,normal,0,0,65535_65535,0,2,7389,156,0,1,0,3,0,28,1,1,pre_allocation
541,993,normal,0,0,65535_65535,0,2,7389,209,1,1,1,4,209,28,1,1,allocated
541,993,normal,0,0,65535_65535,0,3,15850,156,0,1,0,3,0,28,1,1,pre_allocation
541,993,normal,0,0,65535_65535,0,3,15850,209,1,1,1,4,209,28,1,1,allocated
541,993,normal,0,0,65535_65535,0,4,17345,156,0,1,0,3,0,28,1,1,pre_allocation
541,993,normal,0,0,65535_65535,0,4,17345,209,1,1,1,4,209,28,1,1,allocated
541,993,normal,0,0,65535_65535,0,5,18008,156,0,1,0,3,0,28,1,1,pre_allocation
541,993,normal,0,0,65535_65535,0,5,18008,209,1,1,1,4,209,28,1,1,allocated
541,993,normal,0,0,65535_65535,0,1,64456,144,0,1,0,3,0,26,1,1,pre_allocation
541,993,normal,0,0,65535_65535,0,1,64456,193,1,1,1,4,193,26,1,1,allocated
541,993,normal,0,0,65535_65535,0,2,7389,209,0,1,0,4,0,28,1,1,pre_allocation
541,993,normal,0,0,65535_65535,0,2,7389,262,1,1,1,5,262,28,1,1,allocated
541,993,normal,0,0,65535_65535,0,3,15850,209,0,1,0,4,0,28,1,1,pre_allocation
541,993,normal,0,0,65535_65535,0,3,15850,262,1,1,1,5,262,28,1,1,allocated
541,993,normal,0,0,65535_65535,0,4,17345,209,0,1,0,4,0,28,1,1,pre_allocation
541,993,normal,0,0,65535_65535,0,4,17345,262,1,1,1,5,262,28,1,1,allocated
541,993,normal,0,0,65535_65535,0,5,18008,209,0,1,0,4,0,28,1,1,pre_allocation
541,993,normal,0,0,65535_65535,0,5,18008,262,1,1,1,5,262,28,1,1,allocated
541,993,normal,0,0,65535_65535,0,1,64456,193,0,1,0,4,0,26,1,1,pre_allocation
541,993,normal,0,0,65535_65535,0,1,64456,242,1,1,1,5,242,26,1,1,allocated
541,993,normal,0,0,65535_65535,0,2,7389,262,0,1,0,5,0,28,1,1,pre_allocation
541,993,normal,0,0,65535_65535,0,2,7389,315,1,1,1,6,315,28,1,1,allocated
541,993,normal,0,0,65535_65535,0,3,15850,262,0,1,0,5,0,28,1,1,pre_allocation
541,993,normal,0,0,65535_65535,0,3,15850,315,1,1,1,6,315,28,1,1,allocated
541,993,normal,0,0,65535_65535,0,4,17345,262,0,1,0,5,0,28,1,1,pre_allocation
541,993,normal,0,0,65535_65535,0,4,17345,315,1,1,1,6,315,28,1,1,allocated
541,993,normal,0,0,65535_65535,0,5,18008,262,0,1,0,5,0,28,1,1,pre_allocation
541,993,normal,0,0,65535_65535,0,5,18008,315,1,1,1,6,315,28,1,1,allocated
541,993,normal,0,0,65535_65535,0,1,64456,242,0,1,0,5,0,26,1,1,pre_allocation
541,993,normal,0,0,65535_65535,0,1,64456,291,1,1,1,6,291,26,1,1,allocated
541,993,normal,0,0,65535_65535,0,2,7389,315,0,1,0,6,0,28,1,1,pre_allocation
541,993,normal,0,0,65535_65535,0,2,7389,368,1,1,1,7,368,28,1,1,allocated
541,993,normal,0,0,65535_65535,0,3,15850,315,0,1,0,6,0,28,1,1,pre_allocation
541,993,normal,0,0,65535_65535,0,3,15850,368,1,1,1,7,368,28,1,1,allocated
541,993,normal,0,0,65535_65535,0,4,17345,315,0,1,0,6,0,28,1,1,pre_allocation
541,993,normal,0,0,65535_65535,0,4,17345,368,1,1,1,7,368,28,1,1,allocated
541,993,normal,0,0,65535_65535,0,5,18008,315,0,1,0,6,0,28,1,1,pre_allocation
541,993,normal,0,0,65535_65535,0,5,18008,368,1,1,1,7,368,28,1,1,allocated
541,993,normal,0,0,65535_65535,0,1,64456,291,0,1,0,6,0,26,1,1,pre_allocation
541,993,normal,0,0,65535_65535,0,1,64456,340,1,1,1,7,340,26,1,1,allocated
541,993,normal,0,0,65535_65535,0,2,7389,368,0,1,0,7,0,28,1,1,pre_allocation
541,993,normal,0,0,65535_65535,0,2,7389,422,1,1,1,8,422,28,1,1,allocated
541,993,normal,0,0,65535_65535,0,3,15850,368,0,1,0,7,0,28,1,1,pre_allocation
541,993,normal,0,0,65535_65535,0,3,15850,422,1,1,1,8,422,28,1,1,allocated
541,993,normal,0,0,65535_65535,0,4,17345,368,0,1,0,7,0,28,1,1,pre_allocation
541,993,normal,0,0,65535_65535,0,4,17345,422,1,1,1,8,422,28,1,1,allocated
541,993,normal,0,0,65535_65535,0,5,18008,368,0,1,0,7,0,28,1,1,pre_allocation
541,993,normal,0,0,65535_65535,0,5,18008,422,1,1,1,8,422,28,1,1,allocated
541,993,normal,0,0,65535_65535,0,1,64456,340,0,1,0,7,0,26,1,1,pre_allocation
541,993,normal,0,0,65535_65535,0,1,64456,389,1,1,1,8,389,26,1,1,allocated
541,993,normal,0,0,65535_65535,0,2,7389,422,0,1,0,8,0,28,1,1,pre_allocation
541,993,normal,0,0,65535_65535,0,2,7389,475,1,1,1,9,475,28,1,1,allocated
541,993,normal,0,0,65535_65535,0,3,15850,422,0,1,0,8,0,28,1,1,pre_allocation
541,993,normal,0,0,65535_65535,0,3,15850,475,1,1,1,9,475,28,1,1,allocated
541,993,normal,0,0,65535_65535,0,4,17345,422,0,1,0,8,0,28,1,1,pre_allocation
541,993,normal,0,0,65535_65535,0,4,17345,475,1,1,1,9,475,28,1,1,allocated
541,993,normal,0,0,65535_65535,0,5,18008,422,0,1,0,8,0,28,1,1,pre_allocation
541,993,normal,0,0,65535_65535,0,5,18008,475,1,1,1,9,475,28,1,1,allocated
541,993,normal,0,0,65535_65535,0,1,64456,389,0,1,0,8,0,26,1,1,pre_allocation
541,993,normal,0,0,65535_65535,0,1,64456,438,1,1,1,9,438,26,1,1,allocated
541,993,normal,0,0,65535_65535,0,2,7389,475,0,1,0,9,0,28,1,1,pre_allocation
541,993,normal,0,0,65535_65535,0,2,7389,528,1,1,1,10,528,28,1,1,allocated
541,993,normal,0,0,65535_65535,0,3,15850,475,0,1,0,9,0,28,1,1,pre_allocation
541,993,normal,0,0,65535_65535,0,3,15850,528,1,1,1,10,528,28,1,1,allocated
541,993,normal,0,0,65535_65535,0,4,17345,475,0,1,0,9,0,28,1,1,pre_allocation
541,993,normal,0,0,65535_65535,0,4,17345,528,1,1,1,10,528,28,1,1,allocated
541,993,normal,0,0,65535_65535,0,5,18008,475,0,1,0,9,0,28,1,1,pre_allocation
541,993,normal,0,0,65535_65535,0,5,18008,528,1,1,1,10,528,28,1,1,allocated
541,993,normal,0,0,65535_65535,0,1,64456,438,0,1,0,9,0,26,1,1,pre_allocation
541,993,normal,0,0,65535_65535,0,1,64456,487,1,1,1,10,487,26,1,1,allocated
541,993,normal,0,0,65535_65535,0,2,7389,528,0,1,0,10,0,28,1,1,pre_allocation
541,993,normal,0,0,65535_65535,0,2,7389,581,1,1,1,11,581,28,1,1,allocated
541,993,normal,0,0,65535_65535,0,3,15850,528,0,1,0,10,0,28,1,1,pre_allocation
541,993,normal,0,0,65535_65535,0,3,15850,581,1,1,1,11,581,28,1,1,allocated
541,993,normal,0,0,65535_65535,0,4,17345,528,0,1,0,10,0,28,1,1,pre_allocation
541,993,normal,0,0,65535_65535,0,4,17345,581,1,1,1,11,581,28,1,1,allocated
541,993,normal,0,0,65535_65535,0,5,18008,528,0,1,0,10,0,28,1,1,pre_allocation
541,993,normal,0,0,65535_65535,0,5,18008,581,1,1,1,11,581,28,1,1,allocated
541,993,normal,0,0,65535_65535,0,1,64456,487,0,1,0,10,0,26,1,1,pre_allocation
541,993,normal,0,0,65535_65535,0,1,64456,536,1,1,1,11,536,26,1,1,allocated
541,993,normal,0,0,65535_65535,0,2,7389,581,0,1,0,11,0,28,1,1,pre_allocation
541,993,normal,0,0,65535_65535,0,2,7389,634,1,1,1,12,634,28,1,1,allocated
541,993,normal,0,0,65535_65535,0,3,15850,581,0,1,0,11,0,28,1,1,pre_allocation
541,993,normal,0,0,65535_65535,0,3,15850,634,1,1,1,12,634,28,1,1,allocated
541,993,normal,0,0,65535_65535,0,4,17345,581,0,1,0,11,0,28,1,1,pre_allocation
541,993,normal,0,0,65535_65535,0,4,17345,634,1,1,1,12,634,28,1,1,allocated
541,993,normal,0,0,65535_65535,0,5,18008,581,0,1,0,11,0,28,1,1,pre_allocation
541,993,normal,0,0,65535_65535,0,5,18008,634,1,1,1,12,634,28,1,1,allocated
541,993,normal,0,0,65535_65535,0,1,64456,536,0,1,0,11,0,26,1,1,pre_allocation
541,993,normal,0,0,65535_65535,0,1,64456,586,1,1,1,12,586,26,1,1,allocated
541,993,normal,0,0,65535_65535,0,2,7389,634,0,1,0,12,0,28,1,1,pre_allocation
541,993,normal,0,0,65535_65535,0,2,7389,687,1,1,1,13,687,28,1,1,allocated
541,993,normal,0,0,65535_65535,0,3,15850,634,0,1,0,12,0,28,1,1,pre_allocation
541,993,normal,0,0,65535_65535,0,3,15850,687,1,1,1,13,687,28,1,1,allocated
541,993,normal,0,0,65535_65535,0,4,17345,634,0,1,0,12,0,28,1,1,pre_allocation
541,993,normal,0,0,65535_65535,0,4,17345,687,1,1,1,13,687,28,1,1,allocated
541,993,normal,0,0,65535_65535,0,5,18008,634,0,1,0,12,0,28,1,1,pre_allocation
541,993,normal,0,0,65535_65535,0,5,18008,687,1,1,1,13,687,28,1,1,allocated
541,993,normal,0,0,65535_65535,0,1,64456,586,0,1,0,12,0,26,1,1,pre_allocation
541,993,normal,0,0,65535_65535,0,1,64456,635,1,1,1,13,635,26,1,1,allocated
541,993,normal,0,0,65535_65535,0,2,7389,687,0,1,0,13,0,28,1,1,pre_allocation
541,993,normal,0,0,65535_65535,0,2,7389,740,1,1,1,14,740,28,1,1,allocated
541,993,normal,0,0,65535_65535,0,3,15850,687,0,1,0,13,0,28,1,1,pre_allocation
541,993,normal,0,0,65535_65535,0,3,15850,740,1,1,1,14,740,28,1,1,allocated
541,993,normal,0,0,65535_65535,0,4,17345,687,0,1,0,13,0,28,1,1,pre_allocation
541,993,normal,0,0,65535_65535,0,4,17345,740,1,1,1,14,740,28,1,1,allocated
541,993,normal,0,0,65535_65535,0,5,18008,687,0,1,0,13,0,28,1,1,pre_allocation
541,993,normal,0,0,65535_65535,0,5,18008,740,1,1,1,14,740,28,1,1,allocated
541,993,normal,0,0,65535_65535,0,1,64456,635,0,1,0,13,0,26,1,1,pre_allocation
541,993,normal,0,0,65535_65535,0,1,64456,684,1,1,1,14,684,26,1,1,allocated
541,993,normal,0,0,65535_65535,0,2,7389,740,0,1,0,14,0,28,1,1,pre_allocation
541,993,normal,0,0,65535_65535,0,2,7389,793,1,1,1,15,793,28,1,1,allocated
541,993,normal,0,0,65535_65535,0,3,15850,740,0,1,0,14,0,28,1,1,pre_allocation
541,993,normal,0,0,65535_65535,0,3,15850,793,1,1,1,15,793,28,1,1,allocated
541,993,normal,0,0,65535_65535,0,4,17345,740,0,1,0,14,0,28,1,1,pre_allocation
541,993,normal,0,0,65535_65535,0,4,17345,793,1,1,1,15,793,28,1,1,allocated
541,993,normal,0,0,65535_65535,0,5,18008,740,0,1,0,14,0,28,1,1,pre_allocation
541,993,normal,0,0,65535_65535,0,5,18008,793,1,1,1,15,793,28,1,1,allocated
541,993,normal,0,0,65535_65535,0,1,64456,684,0,1,0,14,0,26,1,1,pre_allocation
541,993,normal,0,0,65535_65535,0,1,64456,733,1,1,1,15,733,26,1,1,allocated
541,993,normal,0,0,65535_65535,0,2,7389,793,0,1,0,15,0,28,1,1,pre_allocation
541,993,normal,0,0,65535_65535,0,2,7389,847,1,1,1,16,847,28,1,1,allocated
541,993,normal,0,0,65535_65535,0,3,15850,793,0,1,0,15,0,28,1,1,pre_allocation
541,993,normal,0,0,65535_65535,0,3,15850,847,1,1,1,16,847,28,1,1,allocated
541,993,normal,0,0,65535_65535,0,4,17345,793,0,1,0,15,0,28,1,1,pre_allocation
541,993,normal,0,0,65535_65535,0,4,17345,847,1,1,1,16,847,28,1,1,allocated
541,993,normal,0,0,65535_65535,0,5,18008,793,0,1,0,15,0,28,1,1,pre_allocation
541,993,normal,0,0,65535_65535,0,5,18008,847,1,1,1,16,847,28,1,1,allocated
541,993,normal,0,0,65535_65535,0,1,64456,733,0,1,0,15,0,26,1,1,pre_allocation
541,993,normal,0,0,65535_65535,0,1,64456,782,1,1,1,16,782,26,1,1,allocated
541,993,normal,0,0,65535_65535,0,2,7389,847,0,1,0,16,0,28,1,1,pre_allocation
541,993,normal,0,0,65535_65535,0,2,7389,900,1,1,1,17,900,28,1,1,allocated
541,993,normal,0,0,65535_65535,0,3,15850,847,0,1,0,16,0,28,1,1,pre_allocation
541,993,normal,0,0,65535_65535,0,3,15850,900,1,1,1,17,900,28,1,1,allocated
541,993,normal,0,0,65535_65535,0,4,17345,847,0,1,0,16,0,28,1,1,pre_allocation
541,993,normal,0,0,65535_65535,0,4,17345,900,1,1,1,17,900,28,1,1,allocated
541,993,normal,0,0,65535_65535,0,5,18008,847,0,1,0,16,0,28,1,1,pre_allocation
541,993,normal,0,0,65535_65535,0,5,18008,900,1,1,1,17,900,28,1,1,allocated
541,993,normal,0,0,65535_65535,0,1,64456,782,0,1,0,16,0,26,1,1,pre_allocation
541,993,normal,0,0,65535_65535,0,1,64456,831,1,1,1,17,831,26,1,1,allocated
541,993,normal,0,0,65535_65535,0,2,7389,900,0,1,0,17,0,28,1,1,pre_allocation
541,993,normal,0,0,65535_65535,0,2,7389,953,1,1,1,18,953,28,1,1,allocated
541,993,normal,0,0,65535_65535,0,3,15850,900,0,1,0,17,0,28,1,1,pre_allocation
541,993,normal,0,0,65535_65535,0,3,15850,953,1,1,1,18,953,28,1,1,allocated
541,993,normal,0,0,65535_65535,0,4,17345,900,0,1,0,17,0,28,1,1,pre_allocation
541,993,normal,0,0,65535_65535,0,4,17345,953,1,1,1,18,953,28,1,1,allocated
541,993,normal,0,0,65535_65535,0,5,18008,900,0,1,0,17,0,28,1,1,pre_allocation
541,993,normal,0,0,65535_65535,0,5,18008,953,1,1,1,18,953,28,1,1,allocated
541,993,normal,0,0,65535_65535,0,1,64456,831,0,1,0,17,0,26,1,1,pre_allocation
541,993,normal,0,0,65535_65535,0,1,64456,880,1,1,1,18,880,26,1,1,allocated
541,993,normal,0,0,65535_65535,0,2,7389,953,0,1,0,18,0,28,1,1,pre_allocation
541,993,normal,0,0,65535_65535,0,2,7389,1006,1,1,1,19,1006,28,1,1,allocated
541,993,normal,0,0,65535_65535,0,3,15850,953,0,1,0,18,0,28,1,1,pre_allocation
541,993,normal,0,0,65535_65535,0,3,15850,1006,1,1,1,19,1006,28,1,1,allocated
541,993,normal,0,0,65535_65535,0,4,17345,953,0,1,0,18,0,28,1,1,pre_allocation
541,993,normal,0,0,65535_65535,0,4,17345,1006,1,1,1,19,1006,28,1,1,allocated
541,993,normal,0,0,65535_65535,0,5,18008,953,0,1,0,18,0,28,1,1,pre_allocation
541,993,normal,0,0,65535_65535,0,5,18008,1006,1,1,1,19,1006,28,1,1,allocated
541,993,normal,0,0,65535_65535,0,1,64456,880,0,1,0,18,0,26,1,1,pre_allocation
541,993,normal,0,0,65535_65535,0,1,64456,929,1,1,1,19,929,26,1,1,allocated
541,993,normal,0,0,65535_65535,0,2,7389,1006,0,1,0,19,0,28,1,1,pre_allocation
541,993,normal,0,0,65535_65535,0,2,7389,1059,1,1,1,20,1059,28,1,1,allocated
541,993,normal,0,0,65535_65535,0,3,15850,1006,0,1,0,19,0,28,1,1,pre_allocation
541,993,normal,0,0,65535_65535,0,3,15850,1059,1,1,1,20,1059,28,1,1,allocated
541,993,normal,0,0,65535_65535,0,4,17345,1006,0,1,0,19,0,28,1,1,pre_allocation
541,993,normal,0,0,65535_65535,0,4,17345,1059,1,1,1,20,1059,28,1,1,allocated
541,993,normal,0,0,65535_65535,0,5,18008,1006,0,1,0,19,0,28,1,1,pre_allocation
541,993,normal,0,0,65535_65535,0,5,18008,1059,1,1,1,20,1059,28,1,1,allocated
541,993,normal,0,0,65535_65535,0,1,64456,929,0,1,0,19,0,26,1,1,pre_allocation
541,993,normal,0,0,65535_65535,0,1,64456,978,1,1,1,20,978,26,1,1,allocated
541,993,normal,0,0,65535_65535,0,2,7389,1059,0,1,0,20,0,28,1,1,pre_allocation
541,993,normal,0,0,65535_65535,0,2,7389,1112,1,1,1,21,1112,28,1,1,allocated
541,993,normal,0,0,65535_65535,0,3,15850,1059,0,1,0,20,0,28,1,1,pre_allocation
541,993,normal,0,0,65535_65535,0,3,15850,1112,1,1,1,21,1112,28,1,1,allocated
541,993,normal,0,0,65535_65535,0,4,17345,1059,0,1,0,20,0,28,1,1,pre_allocation
541,993,normal,0,0,65535_65535,0,4,17345,1112,1,1,1,21,1112,28,1,1,allocated
541,993,normal,0,0,65535_65535,0,5,18008,1059,0,1,0,20,0,28,1,1,pre_allocation
541,993,normal,0,0,65535_65535,0,5,18008,1112,1,1,1,21,1112,28,1,1,allocated
541,993,normal,0,0,65535_65535,0,1,64456,978,0,1,0,20,0,26,1,1,pre_allocation
541,993,normal,0,0,65535_65535,0,1,64456,1027,1,1,1,21,1027,26,1,1,allocated
541,993,normal,0,0,65535_65535,0,2,7389,1112,0,1,0,21,0,28,1,1,pre_allocation
541,993,normal,0,0,65535_65535,0,2,7389,1165,1,1,1,22,1165,28,1,1,allocated
541,993,normal,0,0,65535_65535,0,3,15850,1112,0,1,0,21,0,28,1,1,pre_allocation
541,993,normal,0,0,65535_65535,0,3,15850,1165,1,1,1,22,1165,28,1,1,allocated
541,993,normal,0,0,65535_65535,0,4,17345,1112,0,1,0,21,0,28,1,1,pre_allocation
541,993,normal,0,0,65535_65535,0,4,17345,1165,1,1,1,22,1165,28,1,1,allocated
541,993,normal,0,0,65535_65535,0,5,18008,1112,0,1,0,21,0,28,1,1,pre_allocation
541,993,normal,0,0,65535_65535,0,5,18008,1165,1,1,1,22,1165,28,1,1,allocated
541,993,normal,0,0,65535_65535,0,1,64456,1027,0,1,0,21,0,26,1,1,pre_allocation
541,993,normal,0,0,65535_65535,0,1,64456,1076,1,1,1,22,1076,26,1,1,allocated
541,993,normal,0,0,65535_65535,0,2,7389,1165,0,1,0,22,0,28,1,1,pre_allocation
541,993,normal,0,0,65535_65535,0,2,7389,1218,1,1,1,23,1218,28,1,1,allocated
541,993,normal,0,0,65535_65535,1,6,87,0,0,1,0,0,0,28,1,1,pre_allocation
541,993,normal,0,0,65535_65535,1,6,87,50,1,1,1,1,50,28,1,1,allocated
541,993,normal,0,0,65535_65535,1,7,87,0,0,1,0,0,0,28,1,1,pre_allocation
541,993,normal,0,0,65535_65535,1,7,87,50,1,1,1,1,50,28,1,1,allocated
541,993,normal,0,0,65535_65535,1,9,87,0,0,1,0,0,0,28,1,1,pre_allocation
541,993,normal,0,0,65535_65535,1,9,87,50,1,1,1,1,50,28,1,1,allocated
541,993,normal,0,0,65535_65535,1,10,87,0,0,1,0,0,0,28,1,1,pre_allocation
541,993,normal,0,0,65535_65535,1,10,87,50,1,1,1,1,50,28,1,1,allocated
541,993,normal,0,0,65535_65535,1,8,87,0,0,1,0,0,0,15,1,1,pre_allocation
541,993,normal,0,0,65535_65535,1,8,87,17,1,1,1,1,17,15,1,1,allocated
541,993,normal,0,0,65535_65535,1,6,87,50,0,1,0,1,0,28,1,1,pre_allocation
541,993,normal,0,0,65535_65535,1,6,87,103,1,1,1,2,103,28,1,1,allocated
541,993,normal,0,0,65535_65535,1,7,87,50,0,1,0,1,0,28,1,1,pre_allocation
541,993,normal,0,0,65535_65535,1,7,87,103,1,1,1,2,103,28,1,1,allocated
541,993,normal,0,0,65535_65535,1,9,87,50,0,1,0,1,0,28,1,1,pre_allocation
541,993,normal,0,0,65535_65535,1,9,87,103,1,1,1,2,103,28,1,1,allocated
541,993,normal,0,0,65535_65535,1,10,87,50,0,1,0,1,0,28,1,1,pre_allocation
541,993,normal,0,0,65535_65535,1,10,87,103,1,1,1,2,103,28,1,1,allocated
541,993,normal,0,0,65535_65535,1,8,87,17,0,1,0,1,0,15,1,1,pre_allocation
541,993,normal,0,0,65535_65535,1,8,87,38,1,1,1,2,38,15,1,1,allocated
541,993,normal,0,0,65535_65535,1,6,87,103,0,1,0,2,0,28,1,1,pre_allocation
541,993,normal,0,0,65535_65535,1,6,87,156,1,1,1,3,156,28,1,1,allocated
541,993,normal,0,0,65535_65535,1,7,87,103,0,1,0,2,0,28,1,1,pre_allocation
541,993,normal,0,0,65535_65535,1,7,87,156,1,1,1,3,156,28,1,1,allocated
541,993,normal,0,0,65535_65535,1,9,87,103,0,1,0,2,0,28,1,1,pre_allocation
541,993,normal,0,0,65535_65535,1,9,87,156,1,1,1,3,156,28,1,1,allocated
541,993,normal,0,0,65535_65535,1,10,87,103,0,1,0,2,0,28,1,1,pre_allocation
541,993,normal,0,0,65535_65535,1,10,87,156,1,1,1,3,156,28,1,1,allocated
541,993,normal,0,0,65535_65535,1,8,87,38,0,1,0,2,0,15,1,1,pre_allocation
541,993,normal,0,0,65535_65535,1,8,87,59,1,1,1,3,59,15,1,1,allocated
541,993,normal,0,0,65535_65535,1,6,87,156,0,1,0,3,0,28,1,1,pre_allocation
541,993,normal,0,0,65535_65535,1,6,87,209,1,1,1,4,209,28,1,1,allocated
541,993,normal,0,0,65535_65535,1,7,87,156,0,1,0,3,0,28,1,1,pre_allocation
541,993,normal,0,0,65535_65535,1,7,87,209,1,1,1,4,209,28,1,1,allocated
541,993,normal,0,0,65535_65535,1,9,87,156,0,1,0,3,0,28,1,1,pre_allocation
541,993,normal,0,0,65535_65535,1,9,87,209,1,1,1,4,209,28,1,1,allocated
541,993,normal,0,0,65535_65535,1,10,87,156,0,1,0,3,0,28,1,1,pre_allocation
541,993,normal,0,0,65535_65535,1,10,87,209,1,1,1,4,209,28,1,1,allocated
541,993,normal,0,0,65535_65535,1,8,87,59,0,1,0,3,0,15,1,1,pre_allocation
541,993,normal,0,0,65535_65535,1,8,87,80,1,1,1,4,80,15,1,1,allocated
541,993,normal,0,0,65535_65535,1,6,87,209,0,1,0,4,0,28,1,1,pre_allocation
541,993,normal,0,0,65535_65535,1,6,87,262,1,1,1,5,262,28,1,1,allocated
541,993,normal,0,0,65535_65535,1,7,87,209,0,1,0,4,0,28,1,1,pre_allocation
541,993,normal,0,0,65535_65535,1,7,87,262,1,1,1,5,262,28,1,1,allocated
541,993,normal,0,0,65535_65535,1,9,87,209,0,1,0,4,0,28,1,1,pre_allocation
541,993,normal,0,0,65535_65535,1,9,87,262,1,1,1,5,262,28,1,1,allocated
541,993,normal,0,0,65535_65535,1,10,87,209,0,1,0,4,0,28,1,1,pre_allocation
541,993,normal,0,0,65535_65535,1,10,87,262,1,1,1,5,262,28,1,1,allocated
541,993,normal,0,0,65535_65535,1,8,87,80,0,1,0,4,0,15,1,1,pre_allocation
541,993,normal,0,0,65535_65535,1,8,87,100,1,1,1,5,100,15,1,1,allocated
541,993,normal,0,0,65535_65535,1,6,87,262,0,1,0,5,0,28,1,1,pre_allocation
541,993,normal,0,0,65535_65535,1,6,87,315,1,1,1,6,315,28,1,1,allocated
541,993,normal,0,0,65535_65535,1,7,87,262,0,1,0,5,0,28,1,1,pre_allocation
541,993,normal,0,0,65535_65535,1,7,87,315,1,1,1,6,315,28,1,1,allocated
541,993,normal,0,0,65535_65535,1,9,87,262,0,1,0,5,0,28,1,1,pre_allocation
541,993,normal,0,0,65535_65535,1,9,87,315,1,1,1,6,315,28,1,1,allocated
541,993,normal,0,0,65535_65535,1,10,87,262,0,1,0,5,0,28,1,1,pre_allocation
541,993,normal,0,0,65535_65535,1,10,87,315,1,1,1,6,315,28,1,1,allocated
541,993,normal,0,0,65535_65535,1,8,87,100,0,1,0,5,0,15,1,1,pre_allocation
541,993,normal,0,0,65535_65535,1,8,87,121,1,1,1,6,121,15,1,1,allocated
541,993,normal,0,0,65535_65535,1,6,87,315,0,1,0,6,0,28,1,1,pre_allocation
541,993,normal,0,0,65535_65535,1,6,87,368,1,1,1,7,368,28,1,1,allocated
541,993,normal,0,0,65535_65535,1,7,87,315,0,1,0,6,0,28,1,1,pre_allocation
541,993,normal,0,0,65535_65535,1,7,87,368,1,1,1,7,368,28,1,1,allocated
541,993,normal,0,0,65535_65535,1,9,87,315,0,1,0,6,0,28,1,1,pre_allocation
541,993,normal,0,0,65535_65535,1,9,87,368,1,1,1,7,368,28,1,1,allocated
541,993,normal,0,0,65535_65535,1,10,87,315,0,1,0,6,0,28,1,1,pre_allocation
541,993,normal,0,0,65535_65535,1,10,87,368,1,1,1,7,368,28,1,1,allocated
541,993,normal,0,0,65535_65535,1,8,87,121,0,1,0,6,0,15,1,1,pre_allocation
541,993,normal,0,0,65535_65535,1,8,87,142,1,1,1,7,142,15,1,1,allocated
541,993,normal,0,0,65535_65535,1,6,87,368,0,1,0,7,0,28,1,1,pre_allocation
541,993,normal,0,0,65535_65535,1,6,87,422,1,1,1,8,422,28,1,1,allocated
541,993,normal,0,0,65535_65535,1,7,87,368,0,1,0,7,0,28,1,1,pre_allocation
541,993,normal,0,0,65535_65535,1,7,87,422,1,1,1,8,422,28,1,1,allocated
541,993,normal,0,0,65535_65535,1,9,87,368,0,1,0,7,0,28,1,1,pre_allocation
541,993,normal,0,0,65535_65535,1,9,87,422,1,1,1,8,422,28,1,1,allocated
541,993,normal,0,0,65535_65535,1,10,87,368,0,1,0,7,0,28,1,1,pre_allocation
541,993,normal,0,0,65535_65535,1,10,87,422,1,1,1,8,422,28,1,1,allocated
541,993,normal,0,0,65535_65535,1,8,87,142,0,1,0,7,0,15,1,1,pre_allocation
541,993,normal,0,0,65535_65535,1,8,87,163,1,1,1,8,163,15,1,1,allocated
541,993,normal,0,0,65535_65535,1,6,87,422,0,1,0,8,0,28,1,1,pre_allocation
541,993,normal,0,0,65535_65535,1,6,87,475,1,1,1,9,475,28,1,1,allocated
541,993,normal,0,0,65535_65535,1,7,87,422,0,1,0,8,0,28,1,1,pre_allocation
541,993,normal,0,0,65535_65535,1,7,87,475,1,1,1,9,475,28,1,1,allocated
541,993,normal,0,0,65535_65535,1,9,87,422,0,1,0,8,0,28,1,1,pre_allocation
541,993,normal,0,0,65535_65535,1,9,87,475,1,1,1,9,475,28,1,1,allocated
541,993,normal,0,0,65535_65535,1,10,87,422,0,1,0,8,0,28,1,1,pre_allocation
541,993,normal,0,0,65535_65535,1,10,87,475,1,1,1,9,475,28,1,1,allocated
541,993,normal,0,0,65535_65535,1,8,87,163,0,1,0,8,0,15,1,1,pre_allocation
541,993,normal,0,0,65535_65535,1,8,87,184,1,1,1,9,184,15,1,1,allocated
541,993,normal,0,0,65535_65535,1,6,87,475,0,1,0,9,0,28,1,1,pre_allocation
541,993,normal,0,0,65535_65535,1,6,87,528,1,1,1,10,528,28,1,1,allocated
541,993,normal,0,0,65535_65535,1,7,87,475,0,1,0,9,0,28,1,1,pre_allocation
541,993,normal,0,0,65535_65535,1,7,87,528,1,1,1,10,528,28,1,1,allocated
541,993,normal,0,0,65535_65535,1,9,87,475,0,1,0,9,0,28,1,1,pre_allocation
541,993,normal,0,0,65535_65535,1,9,87,528,1,1,1,10,528,28,1,1,allocated
541,993,normal,0,0,65535_65535,1,10,87,475,0,1,0,9,0,28,1,1,pre_allocation
541,993,normal,0,0,65535_65535,1,10,87,528,1,1,1,10,528,28,1,1,allocated
541,993,normal,0,0,65535_65535,1,8,87,184,0,1,0,9,0,15,1,1,pre_allocation
541,993,normal,0,0,65535_65535,1,8,87,204,1,1,1,10,204,15,1,1,allocated
541,993,normal,0,0,65535_65535,1,6,87,528,0,1,0,10,0,28,1,1,pre_allocation
541,993,normal,0,0,65535_65535,1,6,87,581,1,1,1,11,581,28,1,1,allocated
541,993,normal,0,0,65535_65535,1,7,87,528,0,1,0,10,0,28,1,1,pre_allocation
541,993,normal,0,0,65535_65535,1,7,87,581,1,1,1,11,581,28,1,1,allocated
541,993,normal,0,0,65535_65535,1,9,87,528,0,1,0,10,0,28,1,1,pre_allocation
541,993,normal,0,0,65535_65535,1,9,87,581,1,1,1,11,581,28,1,1,allocated
541,993,normal,0,0,65535_65535,1,10,87,528,0,1,0,10,0,28,1,1,pre_allocation
541,993,normal,0,0,65535_65535,1,10,87,581,1,1,1,11,581,28,1,1,allocated
541,993,normal,0,0,65535_65535,1,8,87,204,0,1,0,10,0,15,1,1,pre_allocation
541,993,normal,0,0,65535_65535,1,8,87,225,1,1,1,11,225,15,1,1,allocated
541,993,normal,0,0,65535_65535,1,6,87,581,0,1,0,11,0,28,1,1,pre_allocation
541,993,normal,0,0,65535_65535,1,6,87,634,1,1,1,12,634,28,1,1,allocated
541,993,normal,0,0,65535_65535,1,7,87,581,0,1,0,11,0,28,1,1,pre_allocation
541,993,normal,0,0,65535_65535,1,7,87,634,1,1,1,12,634,28,1,1,allocated
541,993,normal,0,0,65535_65535,1,9,87,581,0,1,0,11,0,28,1,1,pre_allocation
541,993,normal,0,0,65535_65535,1,9,87,634,1,1,1,12,634,28,1,1,allocated
541,993,normal,0,0,65535_65535,1,10,87,581,0,1,0,11,0,28,1,1,pre_allocation
541,993,normal,0,0,65535_65535,1,10,87,634,1,1,1,12,634,28,1,1,allocated
541,993,normal,0,0,65535_65535,1,8,87,225,0,1,0,11,0,15,1,1,pre_allocation
541,993,normal,0,0,65535_65535,1,8,87,246,1,1,1,12,246,15,1,1,allocated
541,993,normal,0,0,65535_65535,1,6,87,634,0,1,0,12,0,28,1,1,pre_allocation
541,993,normal,0,0,65535_65535,1,6,87,687,1,1,1,13,687,28,1,1,allocated
541,993,normal,0,0,65535_65535,1,7,87,634,0,1,0,12,0,28,1,1,pre_allocation
541,993,normal,0,0,65535_65535,1,7,87,687,1,1,1,13,687,28,1,1,allocated
541,993,normal,0,0,65535_65535,1,9,87,634,0,1,0,12,0,28,1,1,pre_allocation
541,993,normal,0,0,65535_65535,1,9,87,687,1,1,1,13,687,28,1,1,allocated
541,993,normal,0,0,65535_65535,1,10,87,634,0,1,0,12,0,28,1,1,pre_allocation
541,993,normal,0,0,65535_65535,1,10,87,687,1,1,1,13,687,28,1,1,allocated
541,993,normal,0,0,65535_65535,1,8,87,246,0,1,0,12,0,15,1,1,pre_allocation
541,993,normal,0,0,65535_65535,1,8,87,267,1,1,1,13,267,15,1,1,allocated
541,993,normal,0,0,65535_65535,1,6,87,687,0,1,0,13,0,28,1,1,pre_allocation
541,993,normal,0,0,65535_65535,1,6,87,740,1,1,1,14,740,28,1,1,allocated
541,993,normal,0,0,65535_65535,1,7,87,687,0,1,0,13,0,28,1,1,pre_allocation
541,993,normal,0,0,65535_65535,1,7,87,740,1,1,1,14,740,28,1,1,allocated
541,993,normal,0,0,65535_65535,1,9,87,687,0,1,0,13,0,28,1,1,pre_allocation
541,993,normal,0,0,65535_65535,1,9,87,740,1,1,1,14,740,28,1,1,allocated
541,993,normal,0,0,65535_65535,1,10,87,687,0,1,0,13,0,28,1,1,pre_allocation
541,993,normal,0,0,65535_65535,1,10,87,740,1,1,1,14,740,28,1,1,allocated
541,993,normal,0,0,65535_65535,1,8,87,267,0,1,0,13,0,15,1,1,pre_allocation
541,993,normal,0,0,65535_65535,1,8,87,288,1,1,1,14,288,15,1,1,allocated
541,993,normal,0,0,65535_65535,1,6,87,740,0,1,0,14,0,28,1,1,pre_allocation
541,993,normal,0,0,65535_65535,1,6,87,793,1,1,1,15,793,28,1,1,allocated
541,993,normal,0,0,65535_65535,1,7,87,740,0,1,0,14,0,28,1,1,pre_allocation
541,993,normal,0,0,65535_65535,1,7,87,793,1,1,1,15,793,28,1,1,allocated
541,993,normal,0,0,65535_65535,1,9,87,740,0,1,0,14,0,28,1,1,pre_allocation
541,993,normal,0,0,65535_65535,1,9,87,793,1,1,1,15,793,28,1,1,allocated
541,993,normal,0,0,65535_65535,1,10,87,740,0,1,0,14,0,28,1,1,pre_allocation
541,993,normal,0,0,65535_65535,1,10,87,793,1,1,1,15,793,28,1,1,allocated
541,993,normal,0,0,65535_65535,1,8,87,288,0,1,0,14,0,15,1,1,pre_allocation
541,993,normal,0,0,65535_65535,1,8,87,308,1,1,1,15,308,15,1,1,allocated
541,993,normal,0,0,65535_65535,1,6,87,793,0,1,0,15,0,28,1,1,pre_allocation
541,993,normal,0,0,65535_65535,1,6,87,847,1,1,1,16,847,28,1,1,allocated
541,993,normal,0,0,65535_65535,1,7,87,793,0,1,0,15,0,28,1,1,pre_allocation
541,993,normal,0,0,65535_65535,1,7,87,847,1,1,1,16,847,28,1,1,allocated
541,993,normal,0,0,65535_65535,1,9,87,793,0,1,0,15,0,28,1,1,pre_allocation
541,993,normal,0,0,65535_65535,1,9,87,847,1,1,1,16,847,28,1,1,allocated
541,993,normal,0,0,65535_65535,1,10,87,793,0,1,0,15,0,28,1,1,pre_allocation
541,993,normal,0,0,65535_65535,1,10,87,847,1,1,1,16,847,28,1,1,allocated
541,993,normal,0,0,65535_65535,1,8,87,308,0,1,0,15,0,15,1,1,pre_allocation
541,993,normal,0,0,65535_65535,1,8,87,329,1,1,1,16,329,15,1,1,allocated
541,993,normal,0,0,65535_65535,1,6,87,847,0,1,0,16,0,28,1,1,pre_allocation
541,993,normal,0,0,65535_65535,1,6,87,900,1,1,1,17,900,28,1,1,allocated
541,993,normal,0,0,65535_65535,1,7,87,847,0,1,0,16,0,28,1,1,pre_allocation
541,993,normal,0,0,65535_65535,1,7,87,900,1,1,1,17,900,28,1,1,allocated
541,993,normal,0,0,65535_65535,1,9,87,847,0,1,0,16,0,28,1,1,pre_allocation
541,993,normal,0,0,65535_65535,1,9,87,900,1,1,1,17,900,28,1,1,allocated
541,993,normal,0,0,65535_65535,1,10,87,847,0,1,0,16,0,28,1,1,pre_allocation
541,993,normal,0,0,65535_65535,1,10,87,900,1,1,1,17,900,28,1,1,allocated
541,993,normal,0,0,65535_65535,1,8,87,329,0,1,0,16,0,15,1,1,pre_allocation
541,993,normal,0,0,65535_65535,1,8,87,350,1,1,1,17,350,15,1,1,allocated
541,993,normal,0,0,65535_65535,1,6,87,900,0,1,0,17,0,28,1,1,pre_allocation
541,993,normal,0,0,65535_65535,1,6,87,953,1,1,1,18,953,28,1,1,allocated
541,993,normal,0,0,65535_65535,1,7,87,900,0,1,0,17,0,28,1,1,pre_allocation
541,993,normal,0,0,65535_65535,1,7,87,953,1,1,1,18,953,28,1,1,allocated
541,993,normal,0,0,65535_65535,1,9,87,900,0,1,0,17,0,28,1,1,pre_allocation
541,993,normal,0,0,65535_65535,1,9,87,953,1,1,1,18,953,28,1,1,allocated
541,993,normal,0,0,65535_65535,1,10,87,900,0,1,0,17,0,28,1,1,pre_allocation
541,993,normal,0,0,65535_65535,1,10,87,953,1,1,1,18,953,28,1,1,allocated
541,993,normal,0,0,65535_65535,1,8,87,350,0,1,0,17,0,15,1,1,pre_allocation
541,993,normal,0,0,65535_65535,1,8,87,371,1,1,1,18,371,15,1,1,allocated
541,993,normal,0,0,65535_65535,1,6,87,953,0,1,0,18,0,28,1,1,pre_allocation
541,993,normal,0,0,65535_65535,1,6,87,1006,1,1,1,19,1006,28,1,1,allocated
541,993,normal,0,0,65535_65535,1,7,87,953,0,1,0,18,0,28,1,1,pre_allocation
541,993,normal,0,0,65535_65535,1,7,87,1006,1,1,1,19,1006,28,1,1,allocated
541,993,normal,0,0,65535_65535,1,9,87,953,0,1,0,18,0,28,1,1,pre_allocation
541,993,normal,0,0,65535_65535,1,9,87,1006,1,1,1,19,1006,28,1,1,allocated
541,993,normal,0,0,65535_65535,1,10,87,953,0,1,0,18,0,28,1,1,pre_allocation
541,993,normal,0,0,65535_65535,1,10,87,1006,1,1,1,19,1006,28,1,1,allocated
541,993,normal,0,0,65535_65535,1,8,87,371,0,1,0,18,0,15,1,1,pre_allocation
541,993,normal,0,0,65535_65535,1,8,87,392,1,1,1,19,392,15,1,1,allocated
541,993,normal,0,0,65535_65535,1,6,87,1006,0,1,0,19,0,28,1,1,pre_allocation
541,993,normal,0,0,65535_65535,1,6,87,1059,1,1,1,20,1059,28,1,1,allocated
541,993,normal,0,0,65535_65535,1,7,87,1006,0,1,0,19,0,28,1,1,pre_allocation
541,993,normal,0,0,65535_65535,1,7,87,1059,1,1,1,20,1059,28,1,1,allocated
541,993,normal,0,0,65535_65535,1,9,87,1006,0,1,0,19,0,28,1,1,pre_allocation
541,993,normal,0,0,65535_65535,1,9,87,1059,1,1,1,20,1059,28,1,1,allocated
541,993,normal,0,0,65535_65535,1,10,87,1006,0,1,0,19,0,28,1,1,pre_allocation
541,993,normal,0,0,65535_65535,1,10,87,1059,1,1,1,20,1059,28,1,1,allocated
541,993,normal,0,0,65535_65535,1,8,87,392,0,1,0,19,0,15,1,1,pre_allocation
541,993,normal,0,0,65535_65535,1,8,87,412,1,1,1,20,412,15,1,1,allocated
541,993,normal,0,0,65535_65535,1,6,87,1059,0,1,0,20,0,28,1,1,pre_allocation
541,993,normal,0,0,65535_65535,1,6,87,1112,1,1,1,21,1112,28,1,1,allocated
541,993,normal,0,0,65535_65535,1,7,87,1059,0,1,0,20,0,28,1,1,pre_allocation
541,993,normal,0,0,65535_65535,1,7,87,1112,1,1,1,21,1112,28,1,1,allocated
541,993,normal,0,0,65535_65535,1,9,87,1059,0,1,0,20,0,28,1,1,pre_allocation
541,993,normal,0,0,65535_65535,1,9,87,1112,1,1,1,21,1112,28,1,1,allocated
541,993,normal,0,0,65535_65535,1,10,87,1059,0,1,0,20,0,28,1,1,pre_allocation
541,993,normal,0,0,65535_65535,1,10,87,1112,1,1,1,21,1112,28,1,1,allocated
541,993,normal,0,0,65535_65535,1,8,87,412,0,1,0,20,0,15,1,1,pre_allocation
541,993,normal,0,0,65535_65535,1,8,87,433,1,1,1,21,433,15,1,1,allocated
541,993,normal,0,0,65535_65535,1,6,87,1112,0,1,0,21,0,28,1,1,pre_allocation
541,993,normal,0,0,65535_65535,1,6,87,1165,1,1,1,22,1165,28,1,1,allocated
541,993,normal,0,0,65535_65535,2,26,401,0,0,1,0,0,0,15,1,1,pre_allocation
541,993,normal,0,0,65535_65535,2,26,401,17,1,1,1,1,17,15,1,1,allocated
541,993,normal,0,0,65535_65535,2,26,401,17,0,1,0,1,0,15,1,1,pre_allocation
541,993,normal,0,0,65535_65535,2,26,401,38,1,1,1,2,38,15,1,1,allocated
541,993,normal,0,0,65535_65535,2,26,401,38,0,1,0,2,0,15,1,1,pre_allocation
541,993,normal,0,0,65535_65535,2,26,401,59,1,1,1,3,59,15,1,1,allocated
541,993,normal,0,0,65535_65535,2,26,401,59,0,1,0,3,0,15,1,1,pre_allocation
541,993,normal,0,0,65535_65535,2,26,401,80,1,1,1,4,80,15,1,1,allocated
541,993,normal,0,0,65535_65535,2,26,401,80,0,1,0,4,0,15,1,1,pre_allocation
541,993,normal,0,0,65535_65535,2,26,401,100,1,1,1,5,100,15,1,1,allocated
541,993,normal,0,0,65535_65535,2,26,401,100,0,1,0,5,0,15,1,1,pre_allocation
541,993,normal,0,0,65535_65535,2,26,401,121,1,1,1,6,121,15,1,1,allocated
541,993,normal,0,0,65535_65535,2,26,401,121,0,1,0,6,0,15,1,1,pre_allocation
541,993,normal,0,0,65535_65535,2,26,401,142,1,1,1,7,142,15,1,1,allocated
541,993,normal,0,0,65535_65535,2,26,401,142,0,1,0,7,0,15,1,1,pre_allocation
541,993,normal,0,0,65535_65535,2,26,401,163,1,1,1,8,163,15,1,1,allocated
541,993,normal,0,0,65535_65535,2,26,401,163,0,1,0,8,0,15,1,1,pre_allocation
541,993,normal,0,0,65535_65535,2,26,401,184,1,1,1,9,184,15,1,1,allocated
541,993,normal,0,0,65535_65535,2,26,401,184,0,1,0,9,0,15,1,1,pre_allocation
541,993,normal,0,0,65535_65535,2,26,401,204,1,1,1,10,204,15,1,1,allocated
541,993,normal,0,0,65535_65535,2,26,401,204,0,1,0,10,0,15,1,1,pre_allocation
541,993,normal,0,0,65535_65535,2,26,401,225,1,1,1,11,225,15,1,1,allocated
541,993,normal,0,0,65535_65535,2,26,401,225,0,1,0,11,0,15,1,1,pre_allocation
541,993,normal,0,0,65535_65535,2,26,401,246,1,1,1,12,246,15,1,1,allocated
541,993,normal,0,0,65535_65535,2,26,401,246,0,1,0,12,0,15,1,1,pre_allocation
541,993,normal,0,0,65535_65535,2,26,401,267,1,1,1,13,267,15,1,1,allocated
541,993,normal,0,0,65535_65535,2,26,401,267,0,1,0,13,0,15,1,1,pre_allocation
541,993,normal,0,0,65535_65535,2,26,401,288,1,1,1,14,288,15,1,1,allocated
541,993,normal,0,0,65535_65535,2,26,401,288,0,1,0,14,0,15,1,1,pre_allocation
541,993,normal,0,0,65535_65535,2,26,401,308,1,1,1,15,308,15,1,1,allocated
541,993,normal,0,0,65535_65535,2,26,401,308,0,1,0,15,0,15,1,1,pre_allocation
541,993,normal,0,0,65535_65535,2,26,401,329,1,1,1,16,329,15,1,1,allocated
541,993,normal,0,0,65535_65535,2,26,401,329,0,1,0,16,0,15,1,1,pre_allocation
541,993,normal,0,0,65535_65535,2,26,401,350,1,1,1,17,350,15,1,1,allocated
541,993,normal,0,0,65535_65535,2,26,401,350,0,1,0,17,0,15,1,1,pre_allocation
541,993,normal,0,0,65535_65535,2,26,401,371,1,1,1,18,371,15,1,1,allocated
541,993,normal,0,0,65535_65535,2,26,401,371,0,1,0,18,0,15,1,1,pre_allocation
541,993,normal,0,0,65535_65535,2,26,401,392,1,1,1,19,392,15,1,1,allocated
541,993,normal,0,0,65535_65535,2,26,401,392,0,1,0,19,0,15,1,1,pre_allocation
541,993,normal,0,0,65535_65535,2,26,401,412,1,1,1,20,412,15,1,1,allocated
541,993,normal,0,0,65535_65535,2,26,401,412,0,1,0,20,0,15,1,1,pre_allocation
541,993,normal,0,0,65535_65535,2,26,401,433,1,1,1,21,433,15,1,1,allocated
541,993,normal,0,0,65535_65535,2,26,401,433,0,1,0,21,0,15,1,1,pre_allocation
541,993,normal,0,0,65535_65535,2,26,401,454,1,1,1,22,454,15,1,1,allocated
541,993,normal,0,0,65535_65535,2,26,401,454,0,1,0,22,0,15,1,1,pre_allocation
541,993,normal,0,0,65535_65535,2,26,401,475,1,1,1,23,475,15,1,1,allocated
541,993,normal,0,0,65535_65535,2,26,401,475,0,1,0,23,0,15,1,1,pre_allocation
541,993,normal,0,0,65535_65535,2,26,401,495,1,1,1,24,495,15,1,1,allocated
541,993,normal,0,0,65535_65535,2,26,401,495,0,1,0,24,0,15,1,1,pre_allocation
541,993,normal,0,0,65535_65535,2,26,401,516,1,1,1,25,516,15,1,1,allocated
541,993,normal,0,0,65535_65535,2,26,401,516,0,1,0,25,0,15,1,1,pre_allocation
541,993,normal,0,0,65535_65535,2,26,401,537,1,1,1,26,537,15,1,1,allocated
541,993,normal,0,0,65535_65535,2,26,401,537,0,1,0,26,0,15,1,1,pre_allocation
541,993,normal,0,0,65535_65535,2,26,401,558,1,1,1,27,558,15,1,1,allocated
541,993,normal,0,0,65535_65535,2,26,401,558,0,1,0,27,0,15,1,1,pre_allocation
541,993,normal,0,0,65535_65535,2,26,401,579,1,1,1,28,579,15,1,1,allocated
541,993,normal,0,0,65535_65535,2,26,401,579,0,1,0,28,0,15,1,1,pre_allocation
541,993,normal,0,0,65535_65535,2,26,401,599,1,1,1,29,599,15,1,1,allocated
541,993,normal,0,0,65535_65535,2,26,401,599,0,1,0,29,0,15,1,1,pre_allocation
541,993,normal,0,0,65535_65535,2,26,401,620,1,1,1,30,620,15,1,1,allocated
541,993,normal,0,0,65535_65535,2,26,401,620,0,1,0,30,0,15,1,1,pre_allocation
541,993,normal,0,0,65535_65535,2,26,401,641,1,1,1,31,641,15,1,1,allocated
541,993,normal,0,0,65535_65535,2,26,401,641,0,1,0,31,0,15,1,1,pre_allocation
541,993,normal,0,0,65535_65535,2,26,401,662,1,1,1,32,662,15,1,1,allocated
541,993,normal,0,0,65535_65535,2,26,401,662,0,1,0,32,0,15,1,1,pre_allocation
541,993,normal,0,0,65535_65535,2,26,401,683,1,1,1,33,683,15,1,1,allocated
541,993,normal,0,0,65535_65535,2,26,401,683,0,1,0,33,0,15,1,1,pre_allocation
541,993,normal,0,0,65535_65535,2,26,401,703,1,1,1,34,703,15,1,1,allocated
541,993,normal,0,0,65535_65535,2,26,401,703,0,1,0,34,0,15,1,1,pre_allocation
541,993,normal,0,0,65535_65535,2,26,401,724,1,1,1,35,724,15,1,1,allocated
541,993,normal,0,0,65535_65535,2,26,401,724,0,1,0,35,0,15,1,1,pre_allocation
541,993,normal,0,0,65535_65535,2,26,401,745,1,1,1,36,745,15,1,1,allocated
541,993,normal,0,0,65535_65535,2,26,401,745,0,1,0,36,0,15,1,1,pre_allocation
541,993,normal,0,0,65535_65535,2,26,401,766,1,1,1,37,766,15,1,1,allocated
541,993,normal,0,0,65535_65535,2,26,401,766,0,1,0,37,0,15,1,1,pre_allocation
541,993,normal,0,0,65535_65535,2,26,401,787,1,1,1,38,787,15,1,1,allocated
541,993,normal,0,0,65535_65535,2,26,401,787,0,1,0,38,0,15,1,1,pre_allocation
541,993,normal,0,0,65535_65535,2,26,401,807,1,1,1,39,807,15,1,1,allocated
541,993,normal,0,0,65535_65535,2,26,401,807,0,1,0,39,0,15,1,1,pre_allocation
541,993,normal,0,0,65535_65535,2,26,401,828,1,1,1,40,828,15,1,1,allocated
541,993,normal,0,0,65535_65535,2,26,401,828,0,1,0,40,0,15,1,1,pre_allocation
541,993,normal,0,0,65535_65535,2,26,401,849,1,1,1,41,849,15,1,1,allocated
541,993,normal,0,0,65535_65535,2,26,401,849,0,1,0,41,0,15,1,1,pre_allocation
541,993,normal,0,0,65535_65535,2,26,401,870,1,1,1,42,870,15,1,1,allocated
541,993,normal,0,0,65535_65535,2,26,401,870,0,1,0,42,0,15,1,1,pre_allocation
541,993,normal,0,0,65535_65535,2,26,401,890,1,1,1,43,890,15,1,1,allocated
541,993,normal,0,0,65535_65535,2,26,401,890,0,1,0,43,0,15,1,1,pre_allocation
541,993,normal,0,0,65535_65535,2,26,401,911,1,1,1,44,911,15,1,1,allocated
541,993,normal,0,0,65535_65535,2,26,401,911,0,1,0,44,0,15,1,1,pre_allocation
541,993,normal,0,0,65535_65535,2,26,401,932,1,1,1,45,932,15,1,1,allocated
541,993,normal,0,0,65535_65535,2,26,401,932,0,1,0,45,0,15,1,1,pre_allocation
541,993,normal,0,0,65535_65535,2,26,401,953,1,1,1,46,953,15,1,1,allocated
541,993,normal,0,0,65535_65535,2,26,401,953,0,1,0,46,0,15,1,1,pre_allocation
541,993,normal,0,0,65535_65535,2,26,401,974,1,1,1,47,974,15,1,1,allocated
541,993,normal,0,0,65535_65535,2,26,401,974,0,1,0,47,0,15,1,1,pre_allocation
541,993,normal,0,0,65535_65535,2,26,401,994,1,1,1,48,994,15,1,1,allocated
541,993,normal,0,0,65535_65535,2,26,401,994,0,1,0,48,0,15,1,1,pre_allocation
541,993,normal,0,0,65535_65535,2,26,401,1015,1,1,1,49,1015,15,1,1,allocated
653,1091,normal,0,0,65535_65535,0,1,67449,0,0,1,0,0,0,26,1,1,pre_allocation
653,1091,normal,0,0,65535_65535,0,1,67449,39,1,1,1,1,39,26,1,1,allocated
653,1091,normal,0,0,65535_65535,0,5,10964,0,0,1,0,0,0,28,1,1,pre_allocation
653,1091,normal,0,0,65535_65535,0,5,10964,42,1,1,1,1,42,28,1,1,allocated
653,1091,normal,0,0,65535_65535,0,4,10023,0,0,1,0,0,0,28,1,1,pre_allocation
653,1091,normal,0,0,65535_65535,0,4,10023,42,1,1,1,1,42,28,1,1,allocated
653,1091,normal,0,0,65535_65535,0,3,8240,0,0,1,0,0,0,28,1,1,pre_allocation
653,1091,normal,0,0,65535_65535,0,3,8240,42,1,1,1,1,42,28,1,1,allocated
653,1091,normal,0,0,65535_65535,0,2,4601,0,0,1,0,0,0,28,1,1,pre_allocation
653,1091,normal,0,0,65535_65535,0,2,4601,42,1,1,1,1,42,28,1,1,allocated
653,1091,normal,0,0,65535_65535,0,1,67449,39,0,1,0,1,0,26,1,1,pre_allocation
653,1091,normal,0,0,65535_65535,0,1,67449,81,1,1,1,2,81,26,1,1,allocated
653,1091,normal,0,0,65535_65535,0,5,10964,42,0,1,0,1,0,28,1,1,pre_allocation
653,1091,normal,0,0,65535_65535,0,5,10964,88,1,1,1,2,88,28,1,1,allocated
653,1091,normal,0,0,65535_65535,0,4,10023,42,0,1,0,1,0,28,1,1,pre_allocation
653,1091,normal,0,0,65535_65535,0,4,10023,88,1,1,1,2,88,28,1,1,allocated
653,1091,normal,0,0,65535_65535,0,3,8240,42,0,1,0,1,0,28,1,1,pre_allocation
653,1091,normal,0,0,65535_65535,0,3,8240,88,1,1,1,2,88,28,1,1,allocated
653,1091,normal,0,0,65535_65535,0,2,4601,42,0,1,0,1,0,28,1,1,pre_allocation
653,1091,normal,0,0,65535_65535,0,2,4601,88,1,1,1,2,88,28,1,1,allocated
653,1091,normal,0,0,65535_65535,0,1,67449,81,0,1,0,2,0,26,1,1,pre_allocation
653,1091,normal,0,0,65535_65535,0,1,67449,123,1,1,1,3,123,26,1,1,allocated
653,1091,normal,0,0,65535_65535,0,5,10964,88,0,1,0,2,0,28,1,1,pre_allocation
653,1091,normal,0,0,65535_65535,0,5,10964,133,1,1,1,3,133,28,1,1,allocated
653,1091,normal,0,0,65535_65535,0,4,10023,88,0,1,0,2,0,28,1,1,pre_allocation
653,1091,normal,0,0,65535_65535,0,4,10023,133,1,1,1,3,133,28,1,1,allocated
653,1091,normal,0,0,65535_65535,0,3,8240,88,0,1,0,2,0,28,1,1,pre_allocation
653,1091,normal,0,0,65535_65535,0,3,8240,133,1,1,1,3,133,28,1,1,allocated
653,1091,normal,0,0,65535_65535,0,2,4601,88,0,1,0,2,0,28,1,1,pre_allocation
653,1091,normal,0,0,65535_65535,0,2,4601,133,1,1,1,3,133,28,1,1,allocated
653,1091,normal,0,0,65535_65535,0,1,67449,123,0,1,0,3,0,26,1,1,pre_allocation
653,1091,normal,0,0,65535_65535,0,1,67449,165,1,1,1,4,165,26,1,1,allocated
653,1091,normal,0,0,65535_65535,0,5,10964,133,0,1,0,3,0,28,1,1,pre_allocation
653,1091,normal,0,0,65535_65535,0,5,10964,179,1,1,1,4,179,28,1,1,allocated
653,1091,normal,0,0,65535_65535,0,4,10023,133,0,1,0,3,0,28,1,1,pre_allocation
653,1091,normal,0,0,65535_65535,0,4,10023,179,1,1,1,4,179,28,1,1,allocated
653,1091,normal,0,0,65535_65535,0,3,8240,133,0,1,0,3,0,28,1,1,pre_allocation
653,1091,normal,0,0,65535_65535,0,3,8240,179,1,1,1,4,179,28,1,1,allocated
653,1091,normal,0,0,65535_65535,0,2,4601,133,0,1,0,3,0,28,1,1,pre_allocation
653,1091,normal,0,0,65535_65535,0,2,4601,179,1,1,1,4,179,28,1,1,allocated
653,1091,normal,0,0,65535_65535,0,1,67449,165,0,1,0,4,0,26,1,1,pre_allocation
653,1091,normal,0,0,65535_65535,0,1,67449,207,1,1,1,5,207,26,1,1,allocated
653,1091,normal,0,0,65535_65535,0,5,10964,179,0,1,0,4,0,28,1,1,pre_allocation
653,1091,normal,0,0,65535_65535,0,5,10964,224,1,1,1,5,224,28,1,1,allocated
653,1091,normal,0,0,65535_65535,0,4,10023,179,0,1,0,4,0,28,1,1,pre_allocation
653,1091,normal,0,0,65535_65535,0,4,10023,224,1,1,1,5,224,28,1,1,allocated
653,1091,normal,0,0,65535_65535,0,3,8240,179,0,1,0,4,0,28,1,1,pre_allocation
653,1091,normal,0,0,65535_65535,0,3,8240,224,1,1,1,5,224,28,1,1,allocated
653,1091,normal,0,0,65535_65535,0,2,4601,179,0,1,0,4,0,28,1,1,pre_allocation
653,1091,normal,0,0,65535_65535,0,2,4601,224,1,1,1,5,224,28,1,1,allocated
653,1091,normal,0,0,65535_65535,0,1,67449,207,0,1,0,5,0,26,1,1,pre_allocation
653,1091,normal,0,0,65535_65535,0,1,67449,249,1,1,1,6,249,26,1,1,allocated
653,1091,normal,0,0,65535_65535,0,5,10964,224,0,1,0,5,0,28,1,1,pre_allocation
653,1091,normal,0,0,65535_65535,0,5,10964,270,1,1,1,6,270,28,1,1,allocated
653,1091,normal,0,0,65535_65535,0,4,10023,224,0,1,0,5,0,28,1,1,pre_allocation
653,1091,normal,0,0,65535_65535,0,4,10023,270,1,1,1,6,270,28,1,1,allocated
653,1091,normal,0,0,65535_65535,0,3,8240,224,0,1,0,5,0,28,1,1,pre_allocation
653,1091,normal,0,0,65535_65535,0,3,8240,270,1,1,1,6,270,28,1,1,allocated
653,1091,normal,0,0,65535_65535,0,2,4601,224,0,1,0,5,0,28,1,1,pre_allocation
653,1091,normal,0,0,65535_65535,0,2,4601,270,1,1,1,6,270,28,1,1,allocated
653,1091,normal,0,0,65535_65535,0,1,67449,249,0,1,0,6,0,26,1,1,pre_allocation
653,1091,normal,0,0,65535_65535,0,1,67449,291,1,1,1,7,291,26,1,1,allocated
653,1091,normal,0,0,65535_65535,0,5,10964,270,0,1,0,6,0,28,1,1,pre_allocation
653,1091,normal,0,0,65535_65535,0,5,10964,315,1,1,1,7,315,28,1,1,allocated
653,1091,normal,0,0,65535_65535,0,4,10023,270,0,1,0,6,0,28,1,1,pre_allocation
653,1091,normal,0,0,65535_65535,0,4,10023,315,1,1,1,7,315,28,1,1,allocated
653,1091,normal,0,0,65535_65535,0,3,8240,270,0,1,0,6,0,28,1,1,pre_allocation
653,1091,normal,0,0,65535_65535,0,3,8240,315,1,1,1,7,315,28,1,1,allocated
653,1091,normal,0,0,65535_65535,0,2,4601,270,0,1,0,6,0,28,1,1,pre_allocation
653,1091,normal,0,0,65535_65535,0,2,4601,315,1,1,1,7,315,28,1,1,allocated
653,1091,normal,0,0,65535_65535,0,1,67449,291,0,1,0,7,0,26,1,1,pre_allocation
653,1091,normal,0,0,65535_65535,0,1,67449,333,1,1,1,8,333,26,1,1,allocated
653,1091,normal,0,0,65535_65535,0,5,10964,315,0,1,0,7,0,28,1,1,pre_allocation
653,1091,normal,0,0,65535_65535,0,5,10964,361,1,1,1,8,361,28,1,1,allocated
653,1091,normal,0,0,65535_65535,0,4,10023,315,0,1,0,7,0,28,1,1,pre_allocation
653,1091,normal,0,0,65535_65535,0,4,10023,361,1,1,1,8,361,28,1,1,allocated
653,1091,normal,0,0,65535_65535,0,3,8240,315,0,1,0,7,0,28,1,1,pre_allocation
653,1091,normal,0,0,65535_65535,0,3,8240,361,1,1,1,8,361,28,1,1,allocated
653,1091,normal,0,0,65535_65535,0,2,4601,315,0,1,0,7,0,28,1,1,pre_allocation
653,1091,normal,0,0,65535_65535,0,2,4601,361,1,1,1,8,361,28,1,1,allocated
653,1091,normal,0,0,65535_65535,0,1,67449,333,0,1,0,8,0,26,1,1,pre_allocation
653,1091,normal,0,0,65535_65535,0,1,67449,375,1,1,1,9,375,26,1,1,allocated
653,1091,normal,0,0,65535_65535,0,5,10964,361,0,1,0,8,0,28,1,1,pre_allocation
653,1091,normal,0,0,65535_65535,0,5,10964,406,1,1,1,9,406,28,1,1,allocated
653,1091,normal,0,0,65535_65535,0,4,10023,361,0,1,0,8,0,28,1,1,pre_allocation
653,1091,normal,0,0,65535_65535,0,4,10023,406,1,1,1,9,406,28,1,1,allocated
653,1091,normal,0,0,65535_65535,0,3,8240,361,0,1,0,8,0,28,1,1,pre_allocation
653,1091,normal,0,0,65535_65535,0,3,8240,406,1,1,1,9,406,28,1,1,allocated
653,1091,normal,0,0,65535_65535,0,2,4601,361,0,1,0,8,0,28,1,1,pre_allocation
653,1091,normal,0,0,65535_65535,0,2,4601,406,1,1,1,9,406,28,1,1,allocated
653,1091,normal,0,0,65535_65535,0,1,67449,375,0,1,0,9,0,26,1,1,pre_allocation
653,1091,normal,0,0,65535_65535,0,1,67449,417,1,1,1,10,417,26,1,1,allocated
653,1091,normal,0,0,65535_65535,0,5,10964,406,0,1,0,9,0,28,1,1,pre_allocation
653,1091,normal,0,0,65535_65535,0,5,10964,452,1,1,1,10,452,28,1,1,allocated
653,1091,normal,0,0,65535_65535,0,4,10023,406,0,1,0,9,0,28,1,1,pre_allocation
653,1091,normal,0,0,65535_65535,0,4,10023,452,1,1,1,10,452,28,1,1,allocated
653,1091,normal,0,0,65535_65535,0,3,8240,406,0,1,0,9,0,28,1,1,pre_allocation
653,1091,normal,0,0,65535_65535,0,3,8240,452,1,1,1,10,452,28,1,1,allocated
653,1091,normal,0,0,65535_65535,0,2,4601,406,0,1,0,9,0,28,1,1,pre_allocation
653,1091,normal,0,0,65535_65535,0,2,4601,452,1,1,1,10,452,28,1,1,allocated
653,1091,normal,0,0,65535_65535,0,1,67449,417,0,1,0,10,0,26,1,1,pre_allocation
653,1091,normal,0,0,65535_65535,0,1,67449,459,1,1,1,11,459,26,1,1,allocated
653,1091,normal,0,0,65535_65535,0,5,10964,452,0,1,0,10,0,28,1,1,pre_allocation
653,1091,normal,0,0,65535_65535,0,5,10964,497,1,1,1,11,497,28,1,1,allocated
653,1091,normal,0,0,65535_65535,0,4,10023,452,0,1,0,10,0,28,1,1,pre_allocation
653,1091,normal,0,0,65535_65535,0,4,10023,497,1,1,1,11,497,28,1,1,allocated
653,1091,normal,0,0,65535_65535,0,3,8240,452,0,1,0,10,0,28,1,1,pre_allocation
653,1091,normal,0,0,65535_65535,0,3,8240,497,1,1,1,11,497,28,1,1,allocated
653,1091,normal,0,0,65535_65535,0,2,4601,452,0,1,0,10,0,28,1,1,pre_allocation
653,1091,normal,0,0,65535_65535,0,2,4601,497,1,1,1,11,497,28,1,1,allocated
653,1091,normal,0,0,65535_65535,0,1,67449,459,0,1,0,11,0,26,1,1,pre_allocation
653,1091,normal,0,0,65535_65535,0,1,67449,501,1,1,1,12,501,26,1,1,allocated
653,1091,normal,0,0,65535_65535,0,5,10964,497,0,1,0,11,0,28,1,1,pre_allocation
653,1091,normal,0,0,65535_65535,0,5,10964,543,1,1,1,12,543,28,1,1,allocated
653,1091,normal,0,0,65535_65535,0,4,10023,497,0,1,0,11,0,28,1,1,pre_allocation
653,1091,normal,0,0,65535_65535,0,4,10023,543,1,1,1,12,543,28,1,1,allocated
653,1091,normal,0,0,65535_65535,0,3,8240,497,0,1,0,11,0,28,1,1,pre_allocation
653,1091,normal,0,0,65535_65535,0,3,8240,543,1,1,1,12,543,28,1,1,allocated
653,1091,normal,0,0,65535_65535,0,2,4601,497,0,1,0,11,0,28,1,1,pre_allocation
653,1091,normal,0,0,65535_65535,0,2,4601,543,1,1,1,12,543,28,1,1,allocated
653,1091,normal,0,0,65535_65535,0,1,67449,501,0,1,0,12,0,26,1,1,pre_allocation
653,1091,normal,0,0,65535_65535,0,1,67449,543,1,1,1,13,543,26,1,1,allocated
653,1091,normal,0,0,65535_65535,0,5,10964,543,0,1,0,12,0,28,1,1,pre_allocation
653,1091,normal,0,0,65535_65535,0,5,10964,589,1,1,1,13,589,28,1,1,allocated
653,1091,normal,0,0,65535_65535,0,4,10023,543,0,1,0,12,0,28,1,1,pre_allocation
653,1091,normal,0,0,65535_65535,0,4,10023,589,1,1,1,13,589,28,1,1,allocated
653,1091,normal,0,0,65535_65535,0,3,8240,543,0,1,0,12,0,28,1,1,pre_allocation
653,1091,normal,0,0,65535_65535,0,3,8240,589,1,1,1,13,589,28,1,1,allocated
653,1091,normal,0,0,65535_65535,0,2,4601,543,0,1,0,12,0,28,1,1,pre_allocation
653,1091,normal,0,0,65535_65535,0,2,4601,589,1,1,1,13,589,28,1,1,allocated
653,1091,normal,0,0,65535_65535,0,1,67449,543,0,1,0,13,0,26,1,1,pre_allocation
653,1091,normal,0,0,65535_65535,0,1,67449,586,1,1,1,14,586,26,1,1,allocated
653,1091,normal,0,0,65535_65535,0,5,10964,589,0,1,0,13,0,28,1,1,pre_allocation
653,1091,normal,0,0,65535_65535,0,5,10964,634,1,1,1,14,634,28,1,1,allocated
653,1091,normal,0,0,65535_65535,0,4,10023,589,0,1,0,13,0,28,1,1,pre_allocation
653,1091,normal,0,0,65535_65535,0,4,10023,634,1,1,1,14,634,28,1,1,allocated
653,1091,normal,0,0,65535_65535,0,3,8240,589,0,1,0,13,0,28,1,1,pre_allocation
653,1091,normal,0,0,65535_65535,0,3,8240,634,1,1,1,14,634,28,1,1,allocated
653,1091,normal,0,0,65535_65535,0,2,4601,589,0,1,0,13,0,28,1,1,pre_allocation
653,1091,normal,0,0,65535_65535,0,2,4601,634,1,1,1,14,634,28,1,1,allocated
653,1091,normal,0,0,65535_65535,0,1,67449,586,0,1,0,14,0,26,1,1,pre_allocation
653,1091,normal,0,0,65535_65535,0,1,67449,628,1,1,1,15,628,26,1,1,allocated
653,1091,normal,0,0,65535_65535,0,5,10964,634,0,1,0,14,0,28,1,1,pre_allocation
653,1091,normal,0,0,65535_65535,0,5,10964,680,1,1,1,15,680,28,1,1,allocated
653,1091,normal,0,0,65535_65535,0,4,10023,634,0,1,0,14,0,28,1,1,pre_allocation
653,1091,normal,0,0,65535_65535,0,4,10023,680,1,1,1,15,680,28,1,1,allocated
653,1091,normal,0,0,65535_65535,0,3,8240,634,0,1,0,14,0,28,1,1,pre_allocation
653,1091,normal,0,0,65535_65535,0,3,8240,680,1,1,1,15,680,28,1,1,allocated
653,1091,normal,0,0,65535_65535,0,2,4601,634,0,1,0,14,0,28,1,1,pre_allocation
653,1091,normal,0,0,65535_65535,0,2,4601,680,1,1,1,15,680,28,1,1,allocated
653,1091,normal,0,0,65535_65535,0,1,67449,628,0,1,0,15,0,26,1,1,pre_allocation
653,1091,normal,0,0,65535_65535,0,1,67449,670,1,1,1,16,670,26,1,1,allocated
653,1091,normal,0,0,65535_65535,0,5,10964,680,0,1,0,15,0,28,1,1,pre_allocation
653,1091,normal,0,0,65535_65535,0,5,10964,725,1,1,1,16,725,28,1,1,allocated
653,1091,normal,0,0,65535_65535,0,4,10023,680,0,1,0,15,0,28,1,1,pre_allocation
653,1091,normal,0,0,65535_65535,0,4,10023,725,1,1,1,16,725,28,1,1,allocated
653,1091,normal,0,0,65535_65535,0,3,8240,680,0,1,0,15,0,28,1,1,pre_allocation
653,1091,normal,0,0,65535_65535,0,3,8240,725,1,1,1,16,725,28,1,1,allocated
653,1091,normal,0,0,65535_65535,0,2,4601,680,0,1,0,15,0,28,1,1,pre_allocation
653,1091,normal,0,0,65535_65535,0,2,4601,725,1,1,1,16,725,28,1,1,allocated
653,1091,normal,0,0,65535_65535,0,1,67449,670,0,1,0,16,0,26,1,1,pre_allocation
653,1091,normal,0,0,65535_65535,0,1,67449,712,1,1,1,17,712,26,1,1,allocated
653,1091,normal,0,0,65535_65535,0,5,10964,725,0,1,0,16,0,28,1,1,pre_allocation
653,1091,normal,0,0,65535_65535,0,5,10964,771,1,1,1,17,771,28,1,1,allocated
653,1091,normal,0,0,65535_65535,0,4,10023,725,0,1,0,16,0,28,1,1,pre_allocation
653,1091,normal,0,0,65535_65535,0,4,10023,771,1,1,1,17,771,28,1,1,allocated
653,1091,normal,0,0,65535_65535,0,3,8240,725,0,1,0,16,0,28,1,1,pre_allocation
653,1091,normal,0,0,65535_65535,0,3,8240,771,1,1,1,17,771,28,1,1,allocated
653,1091,normal,0,0,65535_65535,0,2,4601,725,0,1,0,16,0,28,1,1,pre_allocation
653,1091,normal,0,0,65535_65535,0,2,4601,771,1,1,1,17,771,28,1,1,allocated
653,1091,normal,0,0,65535_65535,0,1,67449,712,0,1,0,17,0,26,1,1,pre_allocation
653,1091,normal,0,0,65535_65535,0,1,67449,754,1,1,1,18,754,26,1,1,allocated
653,1091,normal,0,0,65535_65535,0,5,10964,771,0,1,0,17,0,28,1,1,pre_allocation
653,1091,normal,0,0,65535_65535,0,5,10964,816,1,1,1,18,816,28,1,1,allocated
653,1091,normal,0,0,65535_65535,0,4,10023,771,0,1,0,17,0,28,1,1,pre_allocation
653,1091,normal,0,0,65535_65535,0,4,10023,816,1,1,1,18,816,28,1,1,allocated
653,1091,normal,0,0,65535_65535,0,3,8240,771,0,1,0,17,0,28,1,1,pre_allocation
653,1091,normal,0,0,65535_65535,0,3,8240,816,1,1,1,18,816,28,1,1,allocated
653,1091,normal,0,0,65535_65535,0,2,4601,771,0,1,0,17,0,28,1,1,pre_allocation
653,1091,normal,0,0,65535_65535,0,2,4601,816,1,1,1,18,816,28,1,1,allocated
653,1091,normal,0,0,65535_65535,0,1,67449,754,0,1,0,18,0,26,1,1,pre_allocation
653,1091,normal,0,0,65535_65535,0,1,67449,796,1,1,1,19,796,26,1,1,allocated
653,1091,normal,0,0,65535_65535,0,5,10964,816,0,1,0,18,0,28,1,1,pre_allocation
653,1091,normal,0,0,65535_65535,0,5,10964,862,1,1,1,19,862,28,1,1,allocated
653,1091,normal,0,0,65535_65535,0,4,10023,816,0,1,0,18,0,28,1,1,pre_allocation
653,1091,normal,0,0,65535_65535,0,4,10023,862,1,1,1,19,862,28,1,1,allocated
653,1091,normal,0,0,65535_65535,0,3,8240,816,0,1,0,18,0,28,1,1,pre_allocation
653,1091,normal,0,0,65535_65535,0,3,8240,862,1,1,1,19,862,28,1,1,allocated
653,1091,normal,0,0,65535_65535,0,2,4601,816,0,1,0,18,0,28,1,1,pre_allocation
653,1091,normal,0,0,65535_65535,0,2,4601,862,1,1,1,19,862,28,1,1,allocated
653,1091,normal,0,0,65535_65535,0,1,67449,796,0,1,0,19,0,26,1,1,pre_allocation
653,1091,normal,0,0,65535_65535,0,1,67449,838,1,1,1,20,838,26,1,1,allocated
653,1091,normal,0,0,65535_65535,0,5,10964,862,0,1,0,19,0,28,1,1,pre_allocation
653,1091,normal,0,0,65535_65535,0,5,10964,907,1,1,1,20,907,28,1,1,allocated
653,1091,normal,0,0,65535_65535,0,4,10023,862,0,1,0,19,0,28,1,1,pre_allocation
653,1091,normal,0,0,65535_65535,0,4,10023,907,1,1,1,20,907,28,1,1,allocated
653,1091,normal,0,0,65535_65535,0,3,8240,862,0,1,0,19,0,28,1,1,pre_allocation
653,1091,normal,0,0,65535_65535,0,3,8240,907,1,1,1,20,907,28,1,1,allocated
653,1091,normal,0,0,65535_65535,0,2,4601,862,0,1,0,19,0,28,1,1,pre_allocation
653,1091,normal,0,0,65535_65535,0,2,4601,907,1,1,1,20,907,28,1,1,allocated
653,1091,normal,0,0,65535_65535,0,1,67449,838,0,1,0,20,0,26,1,1,pre_allocation
653,1091,normal,0,0,65535_65535,0,1,67449,880,1,1,1,21,880,26,1,1,allocated
653,1091,normal,0,0,65535_65535,0,5,10964,907,0,1,0,20,0,28,1,1,pre_allocation
653,1091,normal,0,0,65535_65535,0,5,10964,953,1,1,1,21,953,28,1,1,allocated
653,1091,normal,0,0,65535_65535,0,4,10023,907,0,1,0,20,0,28,1,1,pre_allocation
653,1091,normal,0,0,65535_65535,0,4,10023,953,1,1,1,21,953,28,1,1,allocated
653,1091,normal,0,0,65535_65535,0,3,8240,907,0,1,0,20,0,28,1,1,pre_allocation
653,1091,normal,0,0,65535_65535,0,3,8240,953,1,1,1,21,953,28,1,1,allocated
653,1091,normal,0,0,65535_65535,0,2,4601,907,0,1,0,20,0,28,1,1,pre_allocation
653,1091,normal,0,0,65535_65535,0,2,4601,953,1,1,1,21,953,28,1,1,allocated
653,1091,normal,0,0,65535_65535,0,1,67449,880,0,1,0,21,0,26,1,1,pre_allocation
653,1091,normal,0,0,65535_65535,0,1,67449,922,1,1,1,22,922,26,1,1,allocated
653,1091,normal,0,0,65535_65535,0,5,10964,953,0,1,0,21,0,28,1,1,pre_allocation
653,1091,normal,0,0,65535_65535,0,5,10964,998,1,1,1,22,998,28,1,1,allocated
653,1091,normal,0,0,65535_65535,0,4,10023,953,0,1,0,21,0,28,1,1,pre_allocation
653,1091,normal,0,0,65535_65535,0,4,10023,998,1,1,1,22,998,28,1,1,allocated
653,1091,normal,0,0,65535_65535,0,3,8240,953,0,1,0,21,0,28,1,1,pre_allocation
653,1091,normal,0,0,65535_65535,0,3,8240,998,1,1,1,22,998,28,1,1,allocated
653,1091,normal,0,0,65535_65535,0,2,4601,953,0,1,0,21,0,28,1,1,pre_allocation
653,1091,normal,0,0,65535_65535,0,2,4601,998,1,1,1,22,998,28,1,1,allocated
653,1091,normal,0,0,65535_65535,0,1,67449,922,0,1,0,22,0,26,1,1,pre_allocation
653,1091,normal,0,0,65535_65535,0,1,67449,964,1,1,1,23,964,26,1,1,allocated
653,1091,normal,0,0,65535_65535,0,5,10964,998,0,1,0,22,0,28,1,1,pre_allocation
653,1091,normal,0,0,65535_65535,0,5,10964,1044,1,1,1,23,1044,28,1,1,allocated
653,1091,normal,0,0,65535_65535,0,4,10023,998,0,1,0,22,0,28,1,1,pre_allocation
653,1091,normal,0,0,65535_65535,0,4,10023,1044,1,1,1,23,1044,28,1,1,allocated
653,1091,normal,0,0,65535_65535,0,3,8240,998,0,1,0,22,0,28,1,1,pre_allocation
653,1091,normal,0,0,65535_65535,0,3,8240,1044,1,1,1,23,1044,28,1,1,allocated
653,1091,normal,0,0,65535_65535,0,2,4601,998,0,1,0,22,0,28,1,1,pre_allocation
653,1091,normal,0,0,65535_65535,0,2,4601,1044,1,1,1,23,1044,28,1,1,allocated
653,1091,normal,0,0,65535_65535,0,1,67449,964,0,1,0,23,0,26,1,1,pre_allocation
653,1091,normal,0,0,65535_65535,0,1,67449,1006,1,1,1,24,1006,26,1,1,allocated
653,1091,normal,0,0,65535_65535,0,5,10964,1044,0,1,0,23,0,28,1,1,pre_allocation
653,1091,normal,0,0,65535_65535,0,5,10964,1089,1,1,1,24,1089,28,1,1,allocated
653,1091,normal,0,0,65535_65535,0,4,10023,1044,0,1,0,23,0,28,1,1,pre_allocation
653,1091,normal,0,0,65535_65535,0,4,10023,1089,1,1,1,24,1089,28,1,1,allocated
653,1091,normal,0,0,65535_65535,0,3,8240,1044,0,1,0,23,0,28,1,1,pre_allocation
653,1091,normal,0,0,65535_65535,0,3,8240,1089,1,1,1,24,1089,28,1,1,allocated
653,1091,normal,0,0,65535_65535,0,2,4601,1044,0,1,0,23,0,28,1,1,pre_allocation
653,1091,normal,0,0,65535_65535,0,2,4601,1089,1,1,1,24,1089,28,1,1,allocated
653,1091,normal,0,0,65535_65535,0,1,67449,1006,0,1,0,24,0,26,1,1,pre_allocation
653,1091,normal,0,0,65535_65535,0,1,67449,1048,1,1,1,25,1048,26,1,1,allocated
653,1091,normal,0,0,65535_65535,0,5,10964,1089,0,1,0,24,0,28,1,1,pre_allocation
653,1091,normal,0,0,65535_65535,0,5,10964,1135,1,1,1,25,1135,28,1,1,allocated
653,1091,normal,0,0,65535_65535,0,4,10023,1089,0,1,0,24,0,28,1,1,pre_allocation
653,1091,normal,0,0,65535_65535,0,4,10023,1135,1,1,1,25,1135,28,1,1,allocated
653,1091,normal,0,0,65535_65535,0,3,8240,1089,0,1,0,24,0,28,1,1,pre_allocation
653,1091,normal,0,0,65535_65535,0,3,8240,1135,1,1,1,25,1135,28,1,1,allocated
653,1091,normal,0,0,65535_65535,1,10,87,0,0,1,0,0,0,28,1,1,pre_allocation
653,1091,normal,0,0,65535_65535,1,10,87,42,1,1,1,1,42,28,1,1,allocated
653,1091,normal,0,0,65535_65535,1,9,87,0,0,1,0,0,0,28,1,1,pre_allocation
653,1091,normal,0,0,65535_65535,1,9,87,42,1,1,1,1,42,28,1,1,allocated
653,1091,normal,0,0,65535_65535,1,7,87,0,0,1,0,0,0,28,1,1,pre_allocation
653,1091,normal,0,0,65535_65535,1,7,87,42,1,1,1,1,42,28,1,1,allocated
653,1091,normal,0,0,65535_65535,1,6,87,0,0,1,0,0,0,28,1,1,pre_allocation
653,1091,normal,0,0,65535_65535,1,6,87,42,1,1,1,1,42,28,1,1,allocated
653,1091,normal,0,0,65535_65535,1,10,87,42,0,1,0,1,0,28,1,1,pre_allocation
653,1091,normal,0,0,65535_65535,1,10,87,88,1,1,1,2,88,28,1,1,allocated
653,1091,normal,0,0,65535_65535,1,9,87,42,0,1,0,1,0,28,1,1,pre_allocation
653,1091,normal,0,0,65535_65535,1,9,87,88,1,1,1,2,88,28,1,1,allocated
653,1091,normal,0,0,65535_65535,1,7,87,42,0,1,0,1,0,28,1,1,pre_allocation
653,1091,normal,0,0,65535_65535,1,7,87,88,1,1,1,2,88,28,1,1,allocated
653,1091,normal,0,0,65535_65535,1,6,87,42,0,1,0,1,0,28,1,1,pre_allocation
653,1091,normal,0,0,65535_65535,1,6,87,88,1,1,1,2,88,28,1,1,allocated
653,1091,normal,0,0,65535_65535,1,10,87,88,0,1,0,2,0,28,1,1,pre_allocation
653,1091,normal,0,0,65535_65535,1,10,87,133,1,1,1,3,133,28,1,1,allocated
653,1091,normal,0,0,65535_65535,1,9,87,88,0,1,0,2,0,28,1,1,pre_allocation
653,1091,normal,0,0,65535_65535,1,9,87,133,1,1,1,3,133,28,1,1,allocated
653,1091,normal,0,0,65535_65535,1,7,87,88,0,1,0,2,0,28,1,1,pre_allocation
653,1091,normal,0,0,65535_65535,1,7,87,133,1,1,1,3,133,28,1,1,allocated
653,1091,normal,0,0,65535_65535,1,6,87,88,0,1,0,2,0,28,1,1,pre_allocation
653,1091,normal,0,0,65535_65535,1,6,87,133,1,1,1,3,133,28,1,1,allocated
653,1091,normal,0,0,65535_65535,1,10,87,133,0,1,0,3,0,28,1,1,pre_allocation
653,1091,normal,0,0,65535_65535,1,10,87,179,1,1,1,4,179,28,1,1,allocated
653,1091,normal,0,0,65535_65535,1,9,87,133,0,1,0,3,0,28,1,1,pre_allocation
653,1091,normal,0,0,65535_65535,1,9,87,179,1,1,1,4,179,28,1,1,allocated
653,1091,normal,0,0,65535_65535,1,7,87,133,0,1,0,3,0,28,1,1,pre_allocation
653,1091,normal,0,0,65535_65535,1,7,87,179,1,1,1,4,179,28,1,1,allocated
653,1091,normal,0,0,65535_65535,1,6,87,133,0,1,0,3,0,28,1,1,pre_allocation
653,1091,normal,0,0,65535_65535,1,6,87,179,1,1,1,4,179,28,1,1,allocated
653,1091,normal,0,0,65535_65535,1,10,87,179,0,1,0,4,0,28,1,1,pre_allocation
653,1091,normal,0,0,65535_65535,1,10,87,224,1,1,1,5,224,28,1,1,allocated
653,1091,normal,0,0,65535_65535,1,9,87,179,0,1,0,4,0,28,1,1,pre_allocation
653,1091,normal,0,0,65535_65535,1,9,87,224,1,1,1,5,224,28,1,1,allocated
653,1091,normal,0,0,65535_65535,1,7,87,179,0,1,0,4,0,28,1,1,pre_allocation
653,1091,normal,0,0,65535_65535,1,7,87,224,1,1,1,5,224,28,1,1,allocated
653,1091,normal,0,0,65535_65535,1,6,87,179,0,1,0,4,0,28,1,1,pre_allocation
653,1091,normal,0,0,65535_65535,1,6,87,224,1,1,1,5,224,28,1,1,allocated
653,1091,normal,0,0,65535_65535,1,10,87,224,0,1,0,5,0,28,1,1,pre_allocation
653,1091,normal,0,0,65535_65535,1,10,87,270,1,1,1,6,270,28,1,1,allocated
653,1091,normal,0,0,65535_65535,1,9,87,224,0,1,0,5,0,28,1,1,pre_allocation
653,1091,normal,0,0,65535_65535,1,9,87,270,1,1,1,6,270,28,1,1,allocated
653,1091,normal,0,0,65535_65535,1,7,87,224,0,1,0,5,0,28,1,1,pre_allocation
653,1091,normal,0,0,65535_65535,1,7,87,270,1,1,1,6,270,28,1,1,allocated
653,1091,normal,0,0,65535_65535,1,6,87,224,0,1,0,5,0,28,1,1,pre_allocation
653,1091,normal,0,0,65535_65535,1,6,87,270,1,1,1,6,270,28,1,1,allocated
653,1091,normal,0,0,65535_65535,1,10,87,270,0,1,0,6,0,28,1,1,pre_allocation
653,1091,normal,0,0,65535_65535,1,10,87,315,1,1,1,7,315,28,1,1,allocated
653,1091,normal,0,0,65535_65535,1,9,87,270,0,1,0,6,0,28,1,1,pre_allocation
653,1091,normal,0,0,65535_65535,1,9,87,315,1,1,1,7,315,28,1,1,allocated
653,1091,normal,0,0,65535_65535,1,7,87,270,0,1,0,6,0,28,1,1,pre_allocation
653,1091,normal,0,0,65535_65535,1,7,87,315,1,1,1,7,315,28,1,1,allocated
653,1091,normal,0,0,65535_65535,1,6,87,270,0,1,0,6,0,28,1,1,pre_allocation
653,1091,normal,0,0,65535_65535,1,6,87,315,1,1,1,7,315,28,1,1,allocated
653,1091,normal,0,0,65535_65535,1,10,87,315,0,1,0,7,0,28,1,1,pre_allocation
653,1091,normal,0,0,65535_65535,1,10,87,361,1,1,1,8,361,28,1,1,allocated
653,1091,normal,0,0,65535_65535,1,9,87,315,0,1,0,7,0,28,1,1,pre_allocation
653,1091,normal,0,0,65535_65535,1,9,87,361,1,1,1,8,361,28,1,1,allocated
653,1091,normal,0,0,65535_65535,1,7,87,315,0,1,0,7,0,28,1,1,pre_allocation
653,1091,normal,0,0,65535_65535,1,7,87,361,1,1,1,8,361,28,1,1,allocated
653,1091,normal,0,0,65535_65535,1,6,87,315,0,1,0,7,0,28,1,1,pre_allocation
653,1091,normal,0,0,65535_65535,1,6,87,361,1,1,1,8,361,28,1,1,allocated
653,1091,normal,0,0,65535_65535,1,10,87,361,0,1,0,8,0,28,1,1,pre_allocation
653,1091,normal,0,0,65535_65535,1,10,87,406,1,1,1,9,406,28,1,1,allocated
653,1091,normal,0,0,65535_65535,1,9,87,361,0,1,0,8,0,28,1,1,pre_allocation
653,1091,normal,0,0,65535_65535,1,9,87,406,1,1,1,9,406,28,1,1,allocated
653,1091,normal,0,0,65535_65535,1,7,87,361,0,1,0,8,0,28,1,1,pre_allocation
653,1091,normal,0,0,65535_65535,1,7,87,406,1,1,1,9,406,28,1,1,allocated
653,1091,normal,0,0,65535_65535,1,6,87,361,0,1,0,8,0,28,1,1,pre_allocation
653,1091,normal,0,0,65535_65535,1,6,87,406,1,1,1,9,406,28,1,1,allocated
653,1091,normal,0,0,65535_65535,1,10,87,406,0,1,0,9,0,28,1,1,pre_allocation
653,1091,normal,0,0,65535_65535,1,10,87,452,1,1,1,10,452,28,1,1,allocated
653,1091,normal,0,0,65535_65535,1,9,87,406,0,1,0,9,0,28,1,1,pre_allocation
653,1091,normal,0,0,65535_65535,1,9,87,452,1,1,1,10,452,28,1,1,allocated
653,1091,normal,0,0,65535_65535,1,7,87,406,0,1,0,9,0,28,1,1,pre_allocation
653,1091,normal,0,0,65535_65535,1,7,87,452,1,1,1,10,452,28,1,1,allocated
653,1091,normal,0,0,65535_65535,1,6,87,406,0,1,0,9,0,28,1,1,pre_allocation
653,1091,normal,0,0,65535_65535,1,6,87,452,1,1,1,10,452,28,1,1,allocated
653,1091,normal,0,0,65535_65535,1,10,87,452,0,1,0,10,0,28,1,1,pre_allocation
653,1091,normal,0,0,65535_65535,1,10,87,497,1,1,1,11,497,28,1,1,allocated
653,1091,normal,0,0,65535_65535,1,9,87,452,0,1,0,10,0,28,1,1,pre_allocation
653,1091,normal,0,0,65535_65535,1,9,87,497,1,1,1,11,497,28,1,1,allocated
653,1091,normal,0,0,65535_65535,1,7,87,452,0,1,0,10,0,28,1,1,pre_allocation
653,1091,normal,0,0,65535_65535,1,7,87,497,1,1,1,11,497,28,1,1,allocated
653,1091,normal,0,0,65535_65535,1,6,87,452,0,1,0,10,0,28,1,1,pre_allocation
653,1091,normal,0,0,65535_65535,1,6,87,497,1,1,1,11,497,28,1,1,allocated
653,1091,normal,0,0,65535_65535,1,10,87,497,0,1,0,11,0,28,1,1,pre_allocation
653,1091,normal,0,0,65535_65535,1,10,87,543,1,1,1,12,543,28,1,1,allocated
653,1091,normal,0,0,65535_65535,1,9,87,497,0,1,0,11,0,28,1,1,pre_allocation
653,1091,normal,0,0,65535_65535,1,9,87,543,1,1,1,12,543,28,1,1,allocated
653,1091,normal,0,0,65535_65535,1,7,87,497,0,1,0,11,0,28,1,1,pre_allocation
653,1091,normal,0,0,65535_65535,1,7,87,543,1,1,1,12,543,28,1,1,allocated
653,1091,normal,0,0,65535_65535,1,6,87,497,0,1,0,11,0,28,1,1,pre_allocation
653,1091,normal,0,0,65535_65535,1,6,87,543,1,1,1,12,543,28,1,1,allocated
653,1091,normal,0,0,65535_65535,1,10,87,543,0,1,0,12,0,28,1,1,pre_allocation
653,1091,normal,0,0,65535_65535,1,10,87,589,1,1,1,13,589,28,1,1,allocated
653,1091,normal,0,0,65535_65535,1,9,87,543,0,1,0,12,0,28,1,1,pre_allocation
653,1091,normal,0,0,65535_65535,1,9,87,589,1,1,1,13,589,28,1,1,allocated
653,1091,normal,0,0,65535_65535,1,7,87,543,0,1,0,12,0,28,1,1,pre_allocation
653,1091,normal,0,0,65535_65535,1,7,87,589,1,1,1,13,589,28,1,1,allocated
653,1091,normal,0,0,65535_65535,1,6,87,543,0,1,0,12,0,28,1,1,pre_allocation
653,1091,normal,0,0,65535_65535,1,6,87,589,1,1,1,13,589,28,1,1,allocated
653,1091,normal,0,0,65535_65535,1,10,87,589,0,1,0,13,0,28,1,1,pre_allocation
653,1091,normal,0,0,65535_65535,1,10,87,634,1,1,1,14,634,28,1,1,allocated
653,1091,normal,0,0,65535_65535,2,21,137,0,0,1,0,0,0,28,1,1,pre_allocation
653,1091,normal,0,0,65535_65535,2,21,137,42,1,1,1,1,42,28,1,1,allocated
653,1091,normal,0,0,65535_65535,2,11,137,0,0,1,0,0,0,28,1,1,pre_allocation
653,1091,normal,0,0,65535_65535,2,11,137,42,1,1,1,1,42,28,1,1,allocated
653,1091,normal,0,0,65535_65535,2,22,137,0,0,1,0,0,0,28,1,1,pre_allocation
653,1091,normal,0,0,65535_65535,2,22,137,42,1,1,1,1,42,28,1,1,allocated
653,1091,normal,0,0,65535_65535,2,12,137,0,0,1,0,0,0,28,1,1,pre_allocation
653,1091,normal,0,0,65535_65535,2,12,137,42,1,1,1,1,42,28,1,1,allocated
653,1091,normal,0,0,65535_65535,2,24,137,0,0,1,0,0,0,28,1,1,pre_allocation
653,1091,normal,0,0,65535_65535,2,24,137,42,1,1,1,1,42,28,1,1,allocated
653,1091,normal,0,0,65535_65535,2,25,137,0,0,1,0,0,0,28,1,1,pre_allocation
653,1091,normal,0,0,65535_65535,2,25,137,42,1,1,1,1,42,28,1,1,allocated
653,1091,normal,0,0,65535_65535,2,28,137,0,0,1,0,0,0,28,1,1,pre_allocation
653,1091,normal,0,0,65535_65535,2,28,137,42,1,1,1,1,42,28,1,1,allocated
653,1091,normal,0,0,65535_65535,2,27,137,0,0,1,0,0,0,28,1,1,pre_allocation
653,1091,normal,0,0,65535_65535,2,27,137,42,1,1,1,1,42,28,1,1,allocated
653,1091,normal,0,0,65535_65535,2,21,137,42,0,1,0,1,0,28,1,1,pre_allocation
653,1091,normal,0,0,65535_65535,2,21,137,88,1,1,1,2,88,28,1,1,allocated
653,1091,normal,0,0,65535_65535,2,11,137,42,0,1,0,1,0,28,1,1,pre_allocation
653,1091,normal,0,0,65535_65535,2,11,137,88,1,1,1,2,88,28,1,1,allocated
653,1091,normal,0,0,65535_65535,2,22,137,42,0,1,0,1,0,28,1,1,pre_allocation
653,1091,normal,0,0,65535_65535,2,22,137,88,1,1,1,2,88,28,1,1,allocated
653,1091,normal,0,0,65535_65535,2,12,137,42,0,1,0,1,0,28,1,1,pre_allocation
653,1091,normal,0,0,65535_65535,2,12,137,88,1,1,1,2,88,28,1,1,allocated
653,1091,normal,0,0,65535_65535,2,24,137,42,0,1,0,1,0,28,1,1,pre_allocation
653,1091,normal,0,0,65535_65535,2,24,137,88,1,1,1,2,88,28,1,1,allocated
653,1091,normal,0,0,65535_65535,2,25,137,42,0,1,0,1,0,28,1,1,pre_allocation
653,1091,normal,0,0,65535_65535,2,25,137,88,1,1,1,2,88,28,1,1,allocated
653,1091,normal,0,0,65535_65535,2,28,137,42,0,1,0,1,0,28,1,1,pre_allocation
653,1091,normal,0,0,65535_65535,2,28,137,88,1,1,1,2,88,28,1,1,allocated
653,1091,normal,0,0,65535_65535,2,27,137,42,0,1,0,1,0,28,1,1,pre_allocation
653,1091,normal,0,0,65535_65535,2,27,137,88,1,1,1,2,88,28,1,1,allocated
653,1091,normal,0,0,65535_65535,2,21,137,88,0,1,0,2,0,28,1,1,pre_allocation
653,1091,normal,0,0,65535_65535,2,21,137,133,1,1,1,3,133,28,1,1,allocated
653,1091,normal,0,0,65535_65535,2,11,137,88,0,1,0,2,0,28,1,1,pre_allocation
653,1091,normal,0,0,65535_65535,2,11,137,133,1,1,1,3,133,28,1,1,allocated
653,1091,normal,0,0,65535_65535,2,22,137,88,0,1,0,2,0,28,1,1,pre_allocation
653,1091,normal,0,0,65535_65535,2,22,137,133,1,1,1,3,133,28,1,1,allocated
653,1091,normal,0,0,65535_65535,2,12,137,88,0,1,0,2,0,28,1,1,pre_allocation
653,1091,normal,0,0,65535_65535,2,12,137,133,1,1,1,3,133,28,1,1,allocated
653,1091,normal,0,0,65535_65535,2,24,137,88,0,1,0,2,0,28,1,1,pre_allocation
653,1091,normal,0,0,65535_65535,2,24,137,133,1,1,1,3,133,28,1,1,allocated
653,1091,normal,0,0,65535_65535,2,25,137,88,0,1,0,2,0,28,1,1,pre_allocation
653,1091,normal,0,0,65535_65535,2,25,137,133,1,1,1,3,133,28,1,1,allocated
653,1091,normal,0,0,65535_65535,2,28,137,88,0,1,0,2,0,28,1,1,pre_allocation
653,1091,normal,0,0,65535_65535,2,28,137,133,1,1,1,3,133,28,1,1,allocated
653,1091,normal,0,0,65535_65535,2,27,137,88,0,1,0,2,0,28,1,1,pre_allocation
653,1091,normal,0,0,65535_65535,2,27,137,133,1,1,1,3,133,28,1,1,allocated
653,1091,normal,0,0,65535_65535,2,21,137,133,0,1,0,3,0,28,1,1,pre_allocation
653,1091,normal,0,0,65535_65535,2,21,137,179,1,1,1,4,179,28,1,1,allocated
653,1091,normal,0,0,65535_65535,2,11,137,133,0,1,0,3,0,28,1,1,pre_allocation
653,1091,normal,0,0,65535_65535,2,11,137,179,1,1,1,4,179,28,1,1,allocated
653,1091,normal,0,0,65535_65535,2,22,137,133,0,1,0,3,0,28,1,1,pre_allocation
653,1091,normal,0,0,65535_65535,2,22,137,179,1,1,1,4,179,28,1,1,allocated
653,1091,normal,0,0,65535_65535,2,12,137,133,0,1,0,3,0,28,1,1,pre_allocation
653,1091,normal,0,0,65535_65535,2,12,137,179,1,1,1,4,179,28,1,1,allocated
653,1091,normal,0,0,65535_65535,2,24,137,133,0,1,0,3,0,28,1,1,pre_allocation
653,1091,normal,0,0,65535_65535,2,24,137,179,1,1,1,4,179,28,1,1,allocated
653,1091,normal,0,0,65535_65535,2,25,137,133,0,1,0,3,0,28,1,1,pre_allocation
653,1091,normal,0,0,65535_65535,2,25,137,179,1,1,1,4,179,28,1,1,allocated
653,1091,normal,0,0,65535_65535,2,28,137,133,0,1,0,3,0,28,1,1,pre_allocation
653,1091,normal,0,0,65535_65535,2,28,137,179,1,1,1,4,179,28,1,1,allocated
653,1091,normal,0,0,65535_65535,2,27,137,133,0,1,0,3,0,28,1,1,pre_allocation
653,1091,normal,0,0,65535_65535,2,27,137,179,1,1,1,4,179,28,1,1,allocated
653,1091,normal,0,0,65535_65535,2,21,137,179,0,1,0,4,0,28,1,1,pre_allocation
653,1091,normal,0,0,65535_65535,2,21,137,224,1,1,1,5,224,28,1,1,allocated
653,1091,normal,0,0,65535_65535,2,11,137,179,0,1,0,4,0,28,1,1,pre_allocation
653,1091,normal,0,0,65535_65535,2,11,137,224,1,1,1,5,224,28,1,1,allocated
653,1091,normal,0,0,65535_65535,2,22,137,179,0,1,0,4,0,28,1,1,pre_allocation
653,1091,normal,0,0,65535_65535,2,22,137,224,1,1,1,5,224,28,1,1,allocated
653,1091,normal,0,0,65535_65535,2,12,137,179,0,1,0,4,0,28,1,1,pre_allocation
653,1091,normal,0,0,65535_65535,2,12,137,224,1,1,1,5,224,28,1,1,allocated
653,1091,normal,0,0,65535_65535,2,24,137,179,0,1,0,4,0,28,1,1,pre_allocation
653,1091,normal,0,0,65535_65535,2,24,137,224,1,1,1,5,224,28,1,1,allocated
653,1091,normal,0,0,65535_65535,2,25,137,179,0,1,0,4,0,28,1,1,pre_allocation
653,1091,normal,0,0,65535_65535,2,25,137,224,1,1,1,5,224,28,1,1,allocated
653,1091,normal,0,0,65535_65535,2,28,137,179,0,1,0,4,0,28,1,1,pre_allocation
653,1091,normal,0,0,65535_65535,2,28,137,224,1,1,1,5,224,28,1,1,allocated
653,1091,normal,0,0,65535_65535,2,27,137,179,0,1,0,4,0,28,1,1,pre_allocation
653,1091,normal,0,0,65535_65535,2,27,137,224,1,1,1,5,224,28,1,1,allocated
653,1091,normal,0,0,65535_65535,2,21,137,224,0,1,0,5,0,28,1,1,pre_allocation
653,1091,normal,0,0,65535_65535,2,21,137,270,1,1,1,6,270,28,1,1,allocated
653,1091,normal,0,0,65535_65535,2,11,137,224,0,1,0,5,0,28,1,1,pre_allocation
653,1091,normal,0,0,65535_65535,2,11,137,270,1,1,1,6,270,28,1,1,allocated
653,1091,normal,0,0,65535_65535,2,22,137,224,0,1,0,5,0,28,1,1,pre_allocation
653,1091,normal,0,0,65535_65535,2,22,137,270,1,1,1,6,270,28,1,1,allocated
653,1091,normal,0,0,65535_65535,2,12,137,224,0,1,0,5,0,28,1,1,pre_allocation
653,1091,normal,0,0,65535_65535,2,12,137,270,1,1,1,6,270,28,1,1,allocated
653,1091,normal,0,0,65535_65535,2,24,137,224,0,1,0,5,0,28,1,1,pre_allocation
653,1091,normal,0,0,65535_65535,2,24,137,270,1,1,1,6,270,28,1,1,allocated
653,1091,normal,0,0,65535_65535,2,25,137,224,0,1,0,5,0,28,1,1,pre_allocation
653,1091,normal,0,0,65535_65535,2,25,137,270,1,1,1,6,270,28,1,1,allocated
653,1091,normal,0,0,65535_65535,2,28,137,224,0,1,0,5,0,28,1,1,pre_allocation
653,1091,normal,0,0,65535_65535,2,28,137,270,1,1,1,6,270,28,1,1,allocated
653,1091,normal,0,0,65535_65535,2,27,137,224,0,1,0,5,0,28,1,1,pre_allocation
653,1091,normal,0,0,65535_65535,2,27,137,270,1,1,1,6,270,28,1,1,allocated
653,1091,normal,0,0,65535_65535,2,21,137,270,0,1,0,6,0,28,1,1,pre_allocation
653,1091,normal,0,0,65535_65535,2,21,137,315,1,1,1,7,315,28,1,1,allocated
653,1091,normal,0,0,65535_65535,2,11,137,270,0,1,0,6,0,28,1,1,pre_allocation
653,1091,normal,0,0,65535_65535,2,11,137,315,1,1,1,7,315,28,1,1,allocated
653,1091,normal,0,0,65535_65535,2,22,137,270,0,1,0,6,0,28,1,1,pre_allocation
653,1091,normal,0,0,65535_65535,2,22,137,315,1,1,1,7,315,28,1,1,allocated
653,1091,normal,0,0,65535_65535,2,12,137,270,0,1,0,6,0,28,1,1,pre_allocation
653,1091,normal,0,0,65535_65535,2,12,137,315,1,1,1,7,315,28,1,1,allocated
653,1091,normal,0,0,65535_65535,2,24,137,270,0,1,0,6,0,28,1,1,pre_allocation
653,1091,normal,0,0,65535_65535,2,24,137,315,1,1,1,7,315,28,1,1,allocated
653,1091,normal,0,0,65535_65535,2,25,137,270,0,1,0,6,0,28,1,1,pre_allocation
653,1091,normal,0,0,65535_65535,2,25,137,315,1,1,1,7,315,28,1,1,allocated
653,1091,normal,0,0,65535_65535,2,28,137,270,0,1,0,6,0,28,1,1,pre_allocation
653,1091,normal,0,0,65535_65535,2,28,137,315,1,1,1,7,315,28,1,1,allocated
653,1091,normal,0,0,65535_65535,2,27,137,270,0,1,0,6,0,28,1,1,pre_allocation
653,1091,normal,0,0,65535_65535,2,27,137,315,1,1,1,7,315,28,1,1,allocated
653,1091,normal,0,0,65535_65535,2,21,137,315,0,1,0,7,0,28,1,1,pre_allocation
653,1091,normal,0,0,65535_65535,2,21,137,361,1,1,1,8,361,28,1,1,allocated
653,1091,normal,0,0,65535_65535,2,11,137,315,0,1,0,7,0,28,1,1,pre_allocation
653,1091,normal,0,0,65535_65535,2,11,137,361,1,1,1,8,361,28,1,1,allocated
653,1091,normal,0,0,65535_65535,2,22,137,315,0,1,0,7,0,28,1,1,pre_allocation
653,1091,normal,0,0,65535_65535,2,22,137,361,1,1,1,8,361,28,1,1,allocated
653,1091,normal,0,0,65535_65535,2,12,137,315,0,1,0,7,0,28,1,1,pre_allocation
653,1091,normal,0,0,65535_65535,2,12,137,361,1,1,1,8,361,28,1,1,allocated
653,1091,normal,0,0,65535_65535,2,24,137,315,0,1,0,7,0,28,1,1,pre_allocation
653,1091,normal,0,0,65535_65535,2,24,137,361,1,1,1,8,361,28,1,1,allocated
653,1091,normal,0,0,65535_65535,2,25,137,315,0,1,0,7,0,28,1,1,pre_allocation
653,1091,normal,0,0,65535_65535,2,25,137,361,1,1,1,8,361,28,1,1,allocated
653,1091,normal,0,0,65535_65535,2,28,137,315,0,1,0,7,0,28,1,1,pre_allocation
653,1091,normal,0,0,65535_65535,2,28,137,361,1,1,1,8,361,28,1,1,allocated
653,1091,normal,0,0,65535_65535,2,27,137,315,0,1,0,7,0,28,1,1,pre_allocation
653,1091,normal,0,0,65535_65535,2,27,137,361,1,1,1,8,361,28,1,1,allocated
653,1091,normal,0,0,65535_65535,2,21,137,361,0,1,0,8,0,28,1,1,pre_allocation
653,1091,normal,0,0,65535_65535,2,21,137,406,1,1,1,9,406,28,1,1,allocated
653,1091,normal,0,0,65535_65535,2,11,137,361,0,1,0,8,0,28,1,1,pre_allocation
653,1091,normal,0,0,65535_65535,2,11,137,406,1,1,1,9,406,28,1,1,allocated
653,1091,normal,0,0,65535_65535,2,22,137,361,0,1,0,8,0,28,1,1,pre_allocation
653,1091,normal,0,0,65535_65535,2,22,137,406,1,1,1,9,406,28,1,1,allocated
653,1091,normal,0,0,65535_65535,2,12,137,361,0,1,0,8,0,28,1,1,pre_allocation
653,1091,normal,0,0,65535_65535,2,12,137,406,1,1,1,9,406,28,1,1,allocated
653,1091,normal,0,0,65535_65535,2,24,137,361,0,1,0,8,0,28,1,1,pre_allocation
653,1091,normal,0,0,65535_65535,2,24,137,406,1,1,1,9,406,28,1,1,allocated
653,1091,normal,0,0,65535_65535,2,25,137,361,0,1,0,8,0,28,1,1,pre_allocation
653,1091,normal,0,0,65535_65535,2,25,137,406,1,1,1,9,406,28,1,1,allocated
653,1091,normal,0,0,65535_65535,2,28,137,361,0,1,0,8,0,28,1,1,pre_allocation
653,1091,normal,0,0,65535_65535,2,28,137,406,1,1,1,9,406,28,1,1,allocated
653,1091,normal,0,0,65535_65535,2,27,137,361,0,1,0,8,0,28,1,1,pre_allocation
653,1091,normal,0,0,65535_65535,2,27,137,406,1,1,1,9,406,28,1,1,allocated
653,1091,normal,0,0,65535_65535,2,21,137,406,0,1,0,9,0,28,1,1,pre_allocation
653,1091,normal,0,0,65535_65535,2,21,137,452,1,1,1,10,452,28,1,1,allocated
653,1091,normal,0,0,65535_65535,2,11,137,406,0,1,0,9,0,28,1,1,pre_allocation
653,1091,normal,0,0,65535_65535,2,11,137,452,1,1,1,10,452,28,1,1,allocated
653,1091,normal,0,0,65535_65535,2,22,137,406,0,1,0,9,0,28,1,1,pre_allocation
653,1091,normal,0,0,65535_65535,2,22,137,452,1,1,1,10,452,28,1,1,allocated
653,1091,normal,0,0,65535_65535,2,12,137,406,0,1,0,9,0,28,1,1,pre_allocation
653,1091,normal,0,0,65535_65535,2,12,137,452,1,1,1,10,452,28,1,1,allocated
653,1091,normal,0,0,65535_65535,2,24,137,406,0,1,0,9,0,28,1,1,pre_allocation
653,1091,normal,0,0,65535_65535,2,24,137,452,1,1,1,10,452,28,1,1,allocated
653,1091,normal,0,0,65535_65535,2,25,137,406,0,1,0,9,0,28,1,1,pre_allocation
653,1091,normal,0,0,65535_65535,2,25,137,452,1,1,1,10,452,28,1,1,allocated
653,1091,normal,0,0,65535_65535,2,28,137,406,0,1,0,9,0,28,1,1,pre_allocation
653,1091,normal,0,0,65535_65535,2,28,137,452,1,1,1,10,452,28,1,1,allocated
653,1091,normal,0,0,65535_65535,2,27,137,406,0,1,0,9,0,28,1,1,pre_allocation
653,1091,normal,0,0,65535_65535,2,27,137,452,1,1,1,10,452,28,1,1,allocated
653,1091,normal,0,0,65535_65535,2,21,137,452,0,1,0,10,0,28,1,1,pre_allocation
653,1091,normal,0,0,65535_65535,2,21,137,497,1,1,1,11,497,28,1,1,allocated
653,1091,normal,0,0,65535_65535,2,11,137,452,0,1,0,10,0,28,1,1,pre_allocation
653,1091,normal,0,0,65535_65535,2,11,137,497,1,1,1,11,497,28,1,1,allocated
653,1091,normal,0,0,65535_65535,2,22,137,452,0,1,0,10,0,28,1,1,pre_allocation
653,1091,normal,0,0,65535_65535,2,22,137,497,1,1,1,11,497,28,1,1,allocated
653,1091,normal,0,0,65535_65535,2,12,137,452,0,1,0,10,0,28,1,1,pre_allocation
653,1091,normal,0,0,65535_65535,2,12,137,497,1,1,1,11,497,28,1,1,allocated
653,1091,normal,0,0,65535_65535,2,24,137,452,0,1,0,10,0,28,1,1,pre_allocation
653,1091,normal,0,0,65535_65535,2,24,137,497,1,1,1,11,497,28,1,1,allocated
653,1091,normal,0,0,65535_65535,2,25,137,452,0,1,0,10,0,28,1,1,pre_allocation
653,1091,normal,0,0,65535_65535,2,25,137,497,1,1,1,11,497,28,1,1,allocated
653,1091,normal,0,0,65535_65535,2,28,137,452,0,1,0,10,0,28,1,1,pre_allocation
653,1091,normal,0,0,65535_65535,2,28,137,497,1,1,1,11,497,28,1,1,allocated
653,1091,normal,0,0,65535_65535,2,27,137,452,0,1,0,10,0,28,1,1,pre_allocation
653,1091,normal,0,0,65535_65535,2,27,137,497,1,1,1,11,497,28,1,1,allocated
653,1091,normal,0,0,65535_65535,2,21,137,497,0,1,0,11,0,28,1,1,pre_allocation
653,1091,normal,0,0,65535_65535,2,21,137,543,1,1,1,12,543,28,1,1,allocated
765,1189,normal,0,0,65535_65535,0,1,46235,0,0,1,0,0,0,28,1,1,pre_allocation
765,1189,normal,0,0,65535_65535,0,1,46235,42,1,1,1,1,42,28,1,1,allocated
765,1189,normal,0,0,65535_65535,0,2,6162,0,0,1,0,0,0,28,1,1,pre_allocation
765,1189,normal,0,0,65535_65535,0,2,6162,42,1,1,1,1,42,28,1,1,allocated
765,1189,normal,0,0,65535_65535,0,3,6299,0,0,1,0,0,0,28,1,1,pre_allocation
765,1189,normal,0,0,65535_65535,0,3,6299,42,1,1,1,1,42,28,1,1,allocated
765,1189,normal,0,0,65535_65535,0,4,6451,0,0,1,0,0,0,28,1,1,pre_allocation
765,1189,normal,0,0,65535_65535,0,4,6451,42,1,1,1,1,42,28,1,1,allocated
765,1189,normal,0,0,65535_65535,0,5,6451,0,0,1,0,0,0,28,1,1,pre_allocation
765,1189,normal,0,0,65535_65535,0,5,6451,42,1,1,1,1,42,28,1,1,allocated
765,1189,normal,0,0,65535_65535,0,1,46235,42,0,1,0,1,0,28,1,1,pre_allocation
765,1189,normal,0,0,65535_65535,0,1,46235,88,1,1,1,2,88,28,1,1,allocated
765,1189,normal,0,0,65535_65535,0,2,6162,42,0,1,0,1,0,28,1,1,pre_allocation
765,1189,normal,0,0,65535_65535,0,2,6162,88,1,1,1,2,88,28,1,1,allocated
765,1189,normal,0,0,65535_65535,0,3,6299,42,0,1,0,1,0,28,1,1,pre_allocation
765,1189,normal,0,0,65535_65535,0,3,6299,88,1,1,1,2,88,28,1,1,allocated
765,1189,normal,0,0,65535_65535,0,4,6451,42,0,1,0,1,0,28,1,1,pre_allocation
765,1189,normal,0,0,65535_65535,0,4,6451,88,1,1,1,2,88,28,1,1,allocated
765,1189,normal,0,0,65535_65535,0,5,6451,42,0,1,0,1,0,28,1,1,pre_allocation
765,1189,normal,0,0,65535_65535,0,5,6451,88,1,1,1,2,88,28,1,1,allocated
765,1189,normal,0,0,65535_65535,0,1,46235,88,0,1,0,2,0,28,1,1,pre_allocation
765,1189,normal,0,0,65535_65535,0,1,46235,133,1,1,1,3,133,28,1,1,allocated
765,1189,normal,0,0,65535_65535,0,2,6162,88,0,1,0,2,0,28,1,1,pre_allocation
765,1189,normal,0,0,65535_65535,0,2,6162,133,1,1,1,3,133,28,1,1,allocated
765,1189,normal,0,0,65535_65535,0,3,6299,88,0,1,0,2,0,28,1,1,pre_allocation
765,1189,normal,0,0,65535_65535,0,3,6299,133,1,1,1,3,133,28,1,1,allocated
765,1189,normal,0,0,65535_65535,0,4,6451,88,0,1,0,2,0,28,1,1,pre_allocation
765,1189,normal,0,0,65535_65535,0,4,6451,133,1,1,1,3,133,28,1,1,allocated
765,1189,normal,0,0,65535_65535,0,5,6451,88,0,1,0,2,0,28,1,1,pre_allocation
765,1189,normal,0,0,65535_65535,0,5,6451,133,1,1,1,3,133,28,1,1,allocated
765,1189,normal,0,0,65535_65535,0,1,46235,133,0,1,0,3,0,28,1,1,pre_allocation
765,1189,normal,0,0,65535_65535,0,1,46235,179,1,1,1,4,179,28,1,1,allocated
765,1189,normal,0,0,65535_65535,0,2,6162,133,0,1,0,3,0,28,1,1,pre_allocation
765,1189,normal,0,0,65535_65535,0,2,6162,179,1,1,1,4,179,28,1,1,allocated
765,1189,normal,0,0,65535_65535,0,3,6299,133,0,1,0,3,0,28,1,1,pre_allocation
765,1189,normal,0,0,65535_65535,0,3,6299,179,1,1,1,4,179,28,1,1,allocated
765,1189,normal,0,0,65535_65535,0,4,6451,133,0,1,0,3,0,28,1,1,pre_allocation
765,1189,normal,0,0,65535_65535,0,4,6451,179,1,1,1,4,179,28,1,1,allocated
765,1189,normal,0,0,65535_65535,0,5,6451,133,0,1,0,3,0,28,1,1,pre_allocation
765,1189,normal,0,0,65535_65535,0,5,6451,179,1,1,1,4,179,28,1,1,allocated
765,1189,normal,0,0,65535_65535,0,1,46235,179,0,1,0,4,0,28,1,1,pre_allocation
765,1189,normal,0,0,65535_65535,0,1,46235,224,1,1,1,5,224,28,1,1,allocated
765,1189,normal,0,0,65535_65535,0,2,6162,179,0,1,0,4,0,28,1,1,pre_allocation
765,1189,normal,0,0,65535_65535,0,2,6162,224,1,1,1,5,224,28,1,1,allocated
765,1189,normal,0,0,65535_65535,0,3,6299,179,0,1,0,4,0,28,1,1,pre_allocation
765,1189,normal,0,0,65535_65535,0,3,6299,224,1,1,1,5,224,28,1,1,allocated
765,1189,normal,0,0,65535_65535,0,4,6451,179,0,1,0,4,0,28,1,1,pre_allocation
765,1189,normal,0,0,65535_65535,0,4,6451,224,1,1,1,5,224,28,1,1,allocated
765,1189,normal,0,0,65535_65535,0,5,6451,179,0,1,0,4,0,28,1,1,pre_allocation
765,1189,normal,0,0,65535_65535,0,5,6451,224,1,1,1,5,224,28,1,1,allocated
765,1189,normal,0,0,65535_65535,0,1,46235,224,0,1,0,5,0,28,1,1,pre_allocation
765,1189,normal,0,0,65535_65535,0,1,46235,270,1,1,1,6,270,28,1,1,allocated
765,1189,normal,0,0,65535_65535,0,2,6162,224,0,1,0,5,0,28,1,1,pre_allocation
765,1189,normal,0,0,65535_65535,0,2,6162,270,1,1,1,6,270,28,1,1,allocated
765,1189,normal,0,0,65535_65535,0,3,6299,224,0,1,0,5,0,28,1,1,pre_allocation
765,1189,normal,0,0,65535_65535,0,3,6299,270,1,1,1,6,270,28,1,1,allocated
765,1189,normal,0,0,65535_65535,0,4,6451,224,0,1,0,5,0,28,1,1,pre_allocation
765,1189,normal,0,0,65535_65535,0,4,6451,270,1,1,1,6,270,28,1,1,allocated
765,1189,normal,0,0,65535_65535,0,5,6451,224,0,1,0,5,0,28,1,1,pre_allocation
765,1189,normal,0,0,65535_65535,0,5,6451,270,1,1,1,6,270,28,1,1,allocated
765,1189,normal,0,0,65535_65535,0,1,46235,270,0,1,0,6,0,28,1,1,pre_allocation
765,1189,normal,0,0,65535_65535,0,1,46235,315,1,1,1,7,315,28,1,1,allocated
765,1189,normal,0,0,65535_65535,0,2,6162,270,0,1,0,6,0,28,1,1,pre_allocation
765,1189,normal,0,0,65535_65535,0,2,6162,315,1,1,1,7,315,28,1,1,allocated
765,1189,normal,0,0,65535_65535,0,3,6299,270,0,1,0,6,0,28,1,1,pre_allocation
765,1189,normal,0,0,65535_65535,0,3,6299,315,1,1,1,7,315,28,1,1,allocated
765,1189,normal,0,0,65535_65535,0,4,6451,270,0,1,0,6,0,28,1,1,pre_allocation
765,1189,normal,0,0,65535_65535,0,4,6451,315,1,1,1,7,315,28,1,1,allocated
765,1189,normal,0,0,65535_65535,0,5,6451,270,0,1,0,6,0,28,1,1,pre_allocation
765,1189,normal,0,0,65535_65535,0,5,6451,315,1,1,1,7,315,28,1,1,allocated
765,1189,normal,0,0,65535_65535,0,1,46235,315,0,1,0,7,0,28,1,1,pre_allocation
765,1189,normal,0,0,65535_65535,0,1,46235,361,1,1,1,8,361,28,1,1,allocated
765,1189,normal,0,0,65535_65535,0,2,6162,315,0,1,0,7,0,28,1,1,pre_allocation
765,1189,normal,0,0,65535_65535,0,2,6162,361,1,1,1,8,361,28,1,1,allocated
765,1189,normal,0,0,65535_65535,0,3,6299,315,0,1,0,7,0,28,1,1,pre_allocation
765,1189,normal,0,0,65535_65535,0,3,6299,361,1,1,1,8,361,28,1,1,allocated
765,1189,normal,0,0,65535_65535,0,4,6451,315,0,1,0,7,0,28,1,1,pre_allocation
765,1189,normal,0,0,65535_65535,0,4,6451,361,1,1,1,8,361,28,1,1,allocated
765,1189,normal,0,0,65535_65535,0,5,6451,315,0,1,0,7,0,28,1,1,pre_allocation
765,1189,normal,0,0,65535_65535,0,5,6451,361,1,1,1,8,361,28,1,1,allocated
765,1189,normal,0,0,65535_65535,0,1,46235,361,0,1,0,8,0,28,1,1,pre_allocation
765,1189,normal,0,0,65535_65535,0,1,46235,406,1,1,1,9,406,28,1,1,allocated
765,1189,normal,0,0,65535_65535,0,2,6162,361,0,1,0,8,0,28,1,1,pre_allocation
765,1189,normal,0,0,65535_65535,0,2,6162,406,1,1,1,9,406,28,1,1,allocated
765,1189,normal,0,0,65535_65535,0,3,6299,361,0,1,0,8,0,28,1,1,pre_allocation
765,1189,normal,0,0,65535_65535,0,3,6299,406,1,1,1,9,406,28,1,1,allocated
765,1189,normal,0,0,65535_65535,0,4,6451,361,0,1,0,8,0,28,1,1,pre_allocation
765,1189,normal,0,0,65535_65535,0,4,6451,406,1,1,1,9,406,28,1,1,allocated
765,1189,normal,0,0,65535_65535,0,5,6451,361,0,1,0,8,0,28,1,1,pre_allocation
765,1189,normal,0,0,65535_65535,0,5,6451,406,1,1,1,9,406,28,1,1,allocated
765,1189,normal,0,0,65535_65535,0,1,46235,406,0,1,0,9,0,28,1,1,pre_allocation
765,1189,normal,0,0,65535_65535,0,1,46235,452,1,1,1,10,452,28,1,1,allocated
765,1189,normal,0,0,65535_65535,0,2,6162,406,0,1,0,9,0,28,1,1,pre_allocation
765,1189,normal,0,0,65535_65535,0,2,6162,452,1,1,1,10,452,28,1,1,allocated
765,1189,normal,0,0,65535_65535,0,3,6299,406,0,1,0,9,0,28,1,1,pre_allocation
765,1189,normal,0,0,65535_65535,0,3,6299,452,1,1,1,10,452,28,1,1,allocated
765,1189,normal,0,0,65535_65535,0,4,6451,406,0,1,0,9,0,28,1,1,pre_allocation
765,1189,normal,0,0,65535_65535,0,4,6451,452,1,1,1,10,452,28,1,1,allocated
765,1189,normal,0,0,65535_65535,0,5,6451,406,0,1,0,9,0,28,1,1,pre_allocation
765,1189,normal,0,0,65535_65535,0,5,6451,452,1,1,1,10,452,28,1,1,allocated
765,1189,normal,0,0,65535_65535,0,1,46235,452,0,1,0,10,0,28,1,1,pre_allocation
765,1189,normal,0,0,65535_65535,0,1,46235,497,1,1,1,11,497,28,1,1,allocated
765,1189,normal,0,0,65535_65535,0,2,6162,452,0,1,0,10,0,28,1,1,pre_allocation
765,1189,normal,0,0,65535_65535,0,2,6162,497,1,1,1,11,497,28,1,1,allocated
765,1189,normal,0,0,65535_65535,0,3,6299,452,0,1,0,10,0,28,1,1,pre_allocation
765,1189,normal,0,0,65535_65535,0,3,6299,497,1,1,1,11,497,28,1,1,allocated
765,1189,normal,0,0,65535_65535,0,4,6451,452,0,1,0,10,0,28,1,1,pre_allocation
765,1189,normal,0,0,65535_65535,0,4,6451,497,1,1,1,11,497,28,1,1,allocated
765,1189,normal,0,0,65535_65535,0,5,6451,452,0,1,0,10,0,28,1,1,pre_allocation
765,1189,normal,0,0,65535_65535,0,5,6451,497,1,1,1,11,497,28,1,1,allocated
765,1189,normal,0,0,65535_65535,0,1,46235,497,0,1,0,11,0,28,1,1,pre_allocation
765,1189,normal,0,0,65535_65535,0,1,46235,543,1,1,1,12,543,28,1,1,allocated
765,1189,normal,0,0,65535_65535,0,2,6162,497,0,1,0,11,0,28,1,1,pre_allocation
765,1189,normal,0,0,65535_65535,0,2,6162,543,1,1,1,12,543,28,1,1,allocated
765,1189,normal,0,0,65535_65535,0,3,6299,497,0,1,0,11,0,28,1,1,pre_allocation
765,1189,normal,0,0,65535_65535,0,3,6299,543,1,1,1,12,543,28,1,1,allocated
765,1189,normal,0,0,65535_65535,0,4,6451,497,0,1,0,11,0,28,1,1,pre_allocation
765,1189,normal,0,0,65535_65535,0,4,6451,543,1,1,1,12,543,28,1,1,allocated
765,1189,normal,0,0,65535_65535,0,5,6451,497,0,1,0,11,0,28,1,1,pre_allocation
765,1189,normal,0,0,65535_65535,0,5,6451,543,1,1,1,12,543,28,1,1,allocated
765,1189,normal,0,0,65535_65535,0,1,46235,543,0,1,0,12,0,28,1,1,pre_allocation
765,1189,normal,0,0,65535_65535,0,1,46235,589,1,1,1,13,589,28,1,1,allocated
765,1189,normal,0,0,65535_65535,0,2,6162,543,0,1,0,12,0,28,1,1,pre_allocation
765,1189,normal,0,0,65535_65535,0,2,6162,589,1,1,1,13,589,28,1,1,allocated
765,1189,normal,0,0,65535_65535,0,3,6299,543,0,1,0,12,0,28,1,1,pre_allocation
765,1189,normal,0,0,65535_65535,0,3,6299,589,1,1,1,13,589,28,1,1,allocated
765,1189,normal,0,0,65535_65535,0,4,6451,543,0,1,0,12,0,28,1,1,pre_allocation
765,1189,normal,0,0,65535_65535,0,4,6451,589,1,1,1,13,589,28,1,1,allocated
765,1189,normal,0,0,65535_65535,0,5,6451,543,0,1,0,12,0,28,1,1,pre_allocation
765,1189,normal,0,0,65535_65535,0,5,6451,589,1,1,1,13,589,28,1,1,allocated
765,1189,normal,0,0,65535_65535,0,1,46235,589,0,1,0,13,0,28,1,1,pre_allocation
765,1189,normal,0,0,65535_65535,0,1,46235,634,1,1,1,14,634,28,1,1,allocated
765,1189,normal,0,0,65535_65535,0,2,6162,589,0,1,0,13,0,28,1,1,pre_allocation
765,1189,normal,0,0,65535_65535,0,2,6162,634,1,1,1,14,634,28,1,1,allocated
765,1189,normal,0,0,65535_65535,0,3,6299,589,0,1,0,13,0,28,1,1,pre_allocation
765,1189,normal,0,0,65535_65535,0,3,6299,634,1,1,1,14,634,28,1,1,allocated
765,1189,normal,0,0,65535_65535,0,4,6451,589,0,1,0,13,0,28,1,1,pre_allocation
765,1189,normal,0,0,65535_65535,0,4,6451,634,1,1,1,14,634,28,1,1,allocated
765,1189,normal,0,0,65535_65535,0,5,6451,589,0,1,0,13,0,28,1,1,pre_allocation
765,1189,normal,0,0,65535_65535,0,5,6451,634,1,1,1,14,634,28,1,1,allocated
765,1189,normal,0,0,65535_65535,0,1,46235,634,0,1,0,14,0,28,1,1,pre_allocation
765,1189,normal,0,0,65535_65535,0,1,46235,680,1,1,1,15,680,28,1,1,allocated
765,1189,normal,0,0,65535_65535,0,2,6162,634,0,1,0,14,0,28,1,1,pre_allocation
765,1189,normal,0,0,65535_65535,0,2,6162,680,1,1,1,15,680,28,1,1,allocated
765,1189,normal,0,0,65535_65535,0,3,6299,634,0,1,0,14,0,28,1,1,pre_allocation
765,1189,normal,0,0,65535_65535,0,3,6299,680,1,1,1,15,680,28,1,1,allocated
765,1189,normal,0,0,65535_65535,0,4,6451,634,0,1,0,14,0,28,1,1,pre_allocation
765,1189,normal,0,0,65535_65535,0,4,6451,680,1,1,1,15,680,28,1,1,allocated
765,1189,normal,0,0,65535_65535,0,5,6451,634,0,1,0,14,0,28,1,1,pre_allocation
765,1189,normal,0,0,65535_65535,0,5,6451,680,1,1,1,15,680,28,1,1,allocated
765,1189,normal,0,0,65535_65535,1,6,87,0,0,1,0,0,0,28,1,1,pre_allocation
765,1189,normal,0,0,65535_65535,1,6,87,42,1,1,1,1,42,28,1,1,allocated
765,1189,normal,0,0,65535_65535,1,7,87,0,0,1,0,0,0,28,1,1,pre_allocation
765,1189,normal,0,0,65535_65535,1,7,87,42,1,1,1,1,42,28,1,1,allocated
765,1189,normal,0,0,65535_65535,1,8,251,0,0,1,0,0,0,15,1,1,pre_allocation
765,1189,normal,0,0,65535_65535,1,8,251,14,1,1,1,1,14,15,1,1,allocated
765,1189,normal,0,0,65535_65535,1,9,87,0,0,1,0,0,0,28,1,1,pre_allocation
765,1189,normal,0,0,65535_65535,1,9,87,42,1,1,1,1,42,28,1,1,allocated
765,1189,normal,0,0,65535_65535,1,10,87,0,0,1,0,0,0,28,1,1,pre_allocation
765,1189,normal,0,0,65535_65535,1,10,87,42,1,1,1,1,42,28,1,1,allocated
765,1189,normal,0,0,65535_65535,1,6,87,42,0,1,0,1,0,28,1,1,pre_allocation
765,1189,normal,0,0,65535_65535,1,6,87,88,1,1,1,2,88,28,1,1,allocated
765,1189,normal,0,0,65535_65535,1,7,87,42,0,1,0,1,0,28,1,1,pre_allocation
765,1189,normal,0,0,65535_65535,1,7,87,88,1,1,1,2,88,28,1,1,allocated
765,1189,normal,0,0,65535_65535,1,8,251,14,0,1,0,1,0,15,1,1,pre_allocation
765,1189,normal,0,0,65535_65535,1,8,251,32,1,1,1,2,32,15,1,1,allocated
765,1189,normal,0,0,65535_65535,1,9,87,42,0,1,0,1,0,28,1,1,pre_allocation
765,1189,normal,0,0,65535_65535,1,9,87,88,1,1,1,2,88,28,1,1,allocated
765,1189,normal,0,0,65535_65535,1,10,87,42,0,1,0,1,0,28,1,1,pre_allocation
765,1189,normal,0,0,65535_65535,1,10,87,88,1,1,1,2,88,28,1,1,allocated
765,1189,normal,0,0,65535_65535,1,6,87,88,0,1,0,2,0,28,1,1,pre_allocation
765,1189,normal,0,0,65535_65535,1,6,87,133,1,1,1,3,133,28,1,1,allocated
765,1189,normal,0,0,65535_65535,1,7,87,88,0,1,0,2,0,28,1,1,pre_allocation
765,1189,normal,0,0,65535_65535,1,7,87,133,1,1,1,3,133,28,1,1,allocated
765,1189,normal,0,0,65535_65535,1,8,251,32,0,1,0,2,0,15,1,1,pre_allocation
765,1189,normal,0,0,65535_65535,1,8,251,50,1,1,1,3,50,15,1,1,allocated
765,1189,normal,0,0,65535_65535,1,9,87,88,0,1,0,2,0,28,1,1,pre_allocation
765,1189,normal,0,0,65535_65535,1,9,87,133,1,1,1,3,133,28,1,1,allocated
765,1189,normal,0,0,65535_65535,1,10,87,88,0,1,0,2,0,28,1,1,pre_allocation
765,1189,normal,0,0,65535_65535,1,10,87,133,1,1,1,3,133,28,1,1,allocated
765,1189,normal,0,0,65535_65535,1,6,87,133,0,1,0,3,0,28,1,1,pre_allocation
765,1189,normal,0,0,65535_65535,1,6,87,179,1,1,1,4,179,28,1,1,allocated
765,1189,normal,0,0,65535_65535,1,7,87,133,0,1,0,3,0,28,1,1,pre_allocation
765,1189,normal,0,0,65535_65535,1,7,87,179,1,1,1,4,179,28,1,1,allocated
765,1189,normal,0,0,65535_65535,1,8,251,50,0,1,0,3,0,15,1,1,pre_allocation
765,1189,normal,0,0,65535_65535,1,8,251,68,1,1,1,4,68,15,1,1,allocated
765,1189,normal,0,0,65535_65535,1,9,87,133,0,1,0,3,0,28,1,1,pre_allocation
765,1189,normal,0,0,65535_65535,1,9,87,179,1,1,1,4,179,28,1,1,allocated
765,1189,normal,0,0,65535_65535,1,10,87,133,0,1,0,3,0,28,1,1,pre_allocation
765,1189,normal,0,0,65535_65535,1,10,87,179,1,1,1,4,179,28,1,1,allocated
765,1189,normal,0,0,65535_65535,1,6,87,179,0,1,0,4,0,28,1,1,pre_allocation
765,1189,normal,0,0,65535_65535,1,6,87,224,1,1,1,5,224,28,1,1,allocated
765,1189,normal,0,0,65535_65535,1,7,87,179,0,1,0,4,0,28,1,1,pre_allocation
765,1189,normal,0,0,65535_65535,1,7,87,224,1,1,1,5,224,28,1,1,allocated
765,1189,normal,0,0,65535_65535,1,8,251,68,0,1,0,4,0,15,1,1,pre_allocation
765,1189,normal,0,0,65535_65535,1,8,251,86,1,1,1,5,86,15,1,1,allocated
765,1189,normal,0,0,65535_65535,1,9,87,179,0,1,0,4,0,28,1,1,pre_allocation
765,1189,normal,0,0,65535_65535,1,9,87,224,1,1,1,5,224,28,1,1,allocated
765,1189,normal,0,0,65535_65535,1,10,87,179,0,1,0,4,0,28,1,1,pre_allocation
765,1189,normal,0,0,65535_65535,1,10,87,224,1,1,1,5,224,28,1,1,allocated
765,1189,normal,0,0,65535_65535,1,6,87,224,0,1,0,5,0,28,1,1,pre_allocation
765,1189,normal,0,0,65535_65535,1,6,87,270,1,1,1,6,270,28,1,1,allocated
765,1189,normal,0,0,65535_65535,1,7,87,224,0,1,0,5,0,28,1,1,pre_allocation
765,1189,normal,0,0,65535_65535,1,7,87,270,1,1,1,6,270,28,1,1,allocated
765,1189,normal,0,0,65535_65535,1,8,251,86,0,1,0,5,0,15,1,1,pre_allocation
765,1189,normal,0,0,65535_65535,1,8,251,103,1,1,1,6,103,15,1,1,allocated
765,1189,normal,0,0,65535_65535,1,9,87,224,0,1,0,5,0,28,1,1,pre_allocation
765,1189,normal,0,0,65535_65535,1,9,87,270,1,1,1,6,270,28,1,1,allocated
765,1189,normal,0,0,65535_65535,1,10,87,224,0,1,0,5,0,28,1,1,pre_allocation
765,1189,normal,0,0,65535_65535,1,10,87,270,1,1,1,6,270,28,1,1,allocated
765,1189,normal,0,0,65535_65535,1,6,87,270,0,1,0,6,0,28,1,1,pre_allocation
765,1189,normal,0,0,65535_65535,1,6,87,315,1,1,1,7,315,28,1,1,allocated
765,1189,normal,0,0,65535_65535,1,7,87,270,0,1,0,6,0,28,1,1,pre_allocation
765,1189,normal,0,0,65535_65535,1,7,87,315,1,1,1,7,315,28,1,1,allocated
765,1189,normal,0,0,65535_65535,1,8,251,103,0,1,0,6,0,15,1,1,pre_allocation
765,1189,normal,0,0,65535_65535,1,8,251,121,1,1,1,7,121,15,1,1,allocated
765,1189,normal,0,0,65535_65535,1,9,87,270,0,1,0,6,0,28,1,1,pre_allocation
765,1189,normal,0,0,65535_65535,1,9,87,315,1,1,1,7,315,28,1,1,allocated
765,1189,normal,0,0,65535_65535,1,10,87,270,0,1,0,6,0,28,1,1,pre_allocation
765,1189,normal,0,0,65535_65535,1,10,87,315,1,1,1,7,315,28,1,1,allocated
765,1189,normal,0,0,65535_65535,1,6,87,315,0,1,0,7,0,28,1,1,pre_allocation
765,1189,normal,0,0,65535_65535,1,6,87,361,1,1,1,8,361,28,1,1,allocated
765,1189,normal,0,0,65535_65535,1,7,87,315,0,1,0,7,0,28,1,1,pre_allocation
765,1189,normal,0,0,65535_65535,1,7,87,361,1,1,1,8,361,28,1,1,allocated
765,1189,normal,0,0,65535_65535,1,8,251,121,0,1,0,7,0,15,1,1,pre_allocation
765,1189,normal,0,0,65535_65535,1,8,251,139,1,1,1,8,139,15,1,1,allocated
765,1189,normal,0,0,65535_65535,1,9,87,315,0,1,0,7,0,28,1,1,pre_allocation
765,1189,normal,0,0,65535_65535,1,9,87,361,1,1,1,8,361,28,1,1,allocated
765,1189,normal,0,0,65535_65535,1,10,87,315,0,1,0,7,0,28,1,1,pre_allocation
765,1189,normal,0,0,65535_65535,1,10,87,361,1,1,1,8,361,28,1,1,allocated
765,1189,normal,0,0,65535_65535,1,6,87,361,0,1,0,8,0,28,1,1,pre_allocation
765,1189,normal,0,0,65535_65535,1,6,87,406,1,1,1,9,406,28,1,1,allocated
765,1189,normal,0,0,65535_65535,1,7,87,361,0,1,0,8,0,28,1,1,pre_allocation
765,1189,normal,0,0,65535_65535,1,7,87,406,1,1,1,9,406,28,1,1,allocated
765,1189,normal,0,0,65535_65535,1,8,251,139,0,1,0,8,0,15,1,1,pre_allocation
765,1189,normal,0,0,65535_65535,1,8,251,157,1,1,1,9,157,15,1,1,allocated
765,1189,normal,0,0,65535_65535,1,9,87,361,0,1,0,8,0,28,1,1,pre_allocation
765,1189,normal,0,0,65535_65535,1,9,87,406,1,1,1,9,406,28,1,1,allocated
765,1189,normal,0,0,65535_65535,1,10,87,361,0,1,0,8,0,28,1,1,pre_allocation
765,1189,normal,0,0,65535_65535,1,10,87,406,1,1,1,9,406,28,1,1,allocated
765,1189,normal,0,0,65535_65535,1,6,87,406,0,1,0,9,0,28,1,1,pre_allocation
765,1189,normal,0,0,65535_65535,1,6,87,452,1,1,1,10,452,28,1,1,allocated
765,1189,normal,0,0,65535_65535,1,7,87,406,0,1,0,9,0,28,1,1,pre_allocation
765,1189,normal,0,0,65535_65535,1,7,87,452,1,1,1,10,452,28,1,1,allocated
765,1189,normal,0,0,65535_65535,1,8,251,157,0,1,0,9,0,15,1,1,pre_allocation
765,1189,normal,0,0,65535_65535,1,8,251,175,1,1,1,10,175,15,1,1,allocated
765,1189,normal,0,0,65535_65535,1,9,87,406,0,1,0,9,0,28,1,1,pre_allocation
765,1189,normal,0,0,65535_65535,1,9,87,452,1,1,1,10,452,28,1,1,allocated
765,1189,normal,0,0,65535_65535,1,10,87,406,0,1,0,9,0,28,1,1,pre_allocation
765,1189,normal,0,0,65535_65535,1,10,87,452,1,1,1,10,452,28,1,1,allocated
765,1189,normal,0,0,65535_65535,1,6,87,452,0,1,0,10,0,28,1,1,pre_allocation
765,1189,normal,0,0,65535_65535,1,6,87,497,1,1,1,11,497,28,1,1,allocated
765,1189,normal,0,0,65535_65535,1,7,87,452,0,1,0,10,0,28,1,1,pre_allocation
765,1189,normal,0,0,65535_65535,1,7,87,497,1,1,1,11,497,28,1,1,allocated
765,1189,normal,0,0,65535_65535,1,8,251,175,0,1,0,10,0,15,1,1,pre_allocation
765,1189,normal,0,0,65535_65535,1,8,251,193,1,1,1,11,193,15,1,1,allocated
765,1189,normal,0,0,65535_65535,1,9,87,452,0,1,0,10,0,28,1,1,pre_allocation
765,1189,normal,0,0,65535_65535,1,9,87,497,1,1,1,11,497,28,1,1,allocated
765,1189,normal,0,0,65535_65535,1,10,87,452,0,1,0,10,0,28,1,1,pre_allocation
765,1189,normal,0,0,65535_65535,1,10,87,497,1,1,1,11,497,28,1,1,allocated
765,1189,normal,0,0,65535_65535,1,6,87,497,0,1,0,11,0,28,1,1,pre_allocation
765,1189,normal,0,0,65535_65535,1,6,87,543,1,1,1,12,543,28,1,1,allocated
765,1189,normal,0,0,65535_65535,1,7,87,497,0,1,0,11,0,28,1,1,pre_allocation
765,1189,normal,0,0,65535_65535,1,7,87,543,1,1,1,12,543,28,1,1,allocated
765,1189,normal,0,0,65535_65535,1,8,251,193,0,1,0,11,0,15,1,1,pre_allocation
765,1189,normal,0,0,65535_65535,1,8,251,210,1,1,1,12,210,15,1,1,allocated
765,1189,normal,0,0,65535_65535,1,9,87,497,0,1,0,11,0,28,1,1,pre_allocation
765,1189,normal,0,0,65535_65535,1,9,87,543,1,1,1,12,543,28,1,1,allocated
765,1189,normal,0,0,65535_65535,1,10,87,497,0,1,0,11,0,28,1,1,pre_allocation
765,1189,normal,0,0,65535_65535,1,10,87,543,1,1,1,12,543,28,1,1,allocated
765,1189,normal,0,0,65535_65535,1,6,87,543,0,1,0,12,0,28,1,1,pre_allocation
765,1189,normal,0,0,65535_65535,1,6,87,589,1,1,1,13,589,28,1,1,allocated
765,1189,normal,0,0,65535_65535,1,7,87,543,0,1,0,12,0,28,1,1,pre_allocation
765,1189,normal,0,0,65535_65535,1,7,87,589,1,1,1,13,589,28,1,1,allocated
765,1189,normal,0,0,65535_65535,1,8,251,210,0,1,0,12,0,15,1,1,pre_allocation
765,1189,normal,0,0,65535_65535,1,8,251,228,1,1,1,13,228,15,1,1,allocated
765,1189,normal,0,0,65535_65535,1,9,87,543,0,1,0,12,0,28,1,1,pre_allocation
765,1189,normal,0,0,65535_65535,1,9,87,589,1,1,1,13,589,28,1,1,allocated
765,1189,normal,0,0,65535_65535,1,10,87,543,0,1,0,12,0,28,1,1,pre_allocation
765,1189,normal,0,0,65535_65535,1,10,87,589,1,1,1,13,589,28,1,1,allocated
765,1189,normal,0,0,65535_65535,1,6,87,589,0,1,0,13,0,28,1,1,pre_allocation
765,1189,normal,0,0,65535_65535,1,6,87,634,1,1,1,14,634,28,1,1,allocated
765,1189,normal,0,0,65535_65535,1,7,87,589,0,1,0,13,0,28,1,1,pre_allocation
765,1189,normal,0,0,65535_65535,1,7,87,634,1,1,1,14,634,28,1,1,allocated
765,1189,normal,0,0,65535_65535,1,8,251,228,0,1,0,13,0,15,1,1,pre_allocation
765,1189,normal,0,0,65535_65535,1,8,251,246,1,1,1,14,246,15,1,1,allocated
765,1189,normal,0,0,65535_65535,1,9,87,589,0,1,0,13,0,28,1,1,pre_allocation
765,1189,normal,0,0,65535_65535,1,9,87,634,1,1,1,14,634,28,1,1,allocated
765,1189,normal,0,0,65535_65535,1,10,87,589,0,1,0,13,0,28,1,1,pre_allocation
765,1189,normal,0,0,65535_65535,1,10,87,634,1,1,1,14,634,28,1,1,allocated
765,1189,normal,0,0,65535_65535,1,6,87,634,0,1,0,14,0,28,1,1,pre_allocation
765,1189,normal,0,0,65535_65535,1,6,87,680,1,1,1,15,680,28,1,1,allocated
765,1189,normal,0,0,65535_65535,1,7,87,634,0,1,0,14,0,28,1,1,pre_allocation
765,1189,normal,0,0,65535_65535,1,7,87,680,1,1,1,15,680,28,1,1,allocated
765,1189,normal,0,0,65535_65535,1,8,251,246,0,1,0,14,0,15,1,1,pre_allocation
765,1189,normal,0,0,65535_65535,1,8,251,264,1,1,1,15,264,15,1,1,allocated
765,1189,normal,0,0,65535_65535,1,9,87,634,0,1,0,14,0,28,1,1,pre_allocation
765,1189,normal,0,0,65535_65535,1,9,87,680,1,1,1,15,680,28,1,1,allocated
765,1189,normal,0,0,65535_65535,1,10,87,634,0,1,0,14,0,28,1,1,pre_allocation
765,1189,normal,0,0,65535_65535,1,10,87,680,1,1,1,15,680,28,1,1,allocated
765,1189,normal,0,0,65535_65535,1,6,87,680,0,1,0,15,0,28,1,1,pre_allocation
765,1189,normal,0,0,65535_65535,1,6,87,725,1,1,1,16,725,28,1,1,allocated
765,1189,normal,0,0,65535_65535,1,7,87,680,0,1,0,15,0,28,1,1,pre_allocation
765,1189,normal,0,0,65535_65535,1,7,87,725,1,1,1,16,725,28,1,1,allocated
765,1189,normal,0,0,65535_65535,1,8,251,264,0,1,0,15,0,15,1,1,pre_allocation
765,1189,normal,0,0,65535_65535,1,8,251,282,1,1,1,16,282,15,1,1,allocated
765,1189,normal,0,0,65535_65535,1,9,87,680,0,1,0,15,0,28,1,1,pre_allocation
765,1189,normal,0,0,65535_65535,1,9,87,725,1,1,1,16,725,28,1,1,allocated
765,1189,normal,0,0,65535_65535,1,10,87,680,0,1,0,15,0,28,1,1,pre_allocation
765,1189,normal,0,0,65535_65535,1,10,87,725,1,1,1,16,725,28,1,1,allocated
765,1189,normal,0,0,65535_65535,1,6,87,725,0,1,0,16,0,28,1,1,pre_allocation
765,1189,normal,0,0,65535_65535,1,6,87,771,1,1,1,17,771,28,1,1,allocated
765,1189,normal,0,0,65535_65535,1,7,87,725,0,1,0,16,0,28,1,1,pre_allocation
765,1189,normal,0,0,65535_65535,1,7,87,771,1,1,1,17,771,28,1,1,allocated
765,1189,normal,0,0,65535_65535,1,8,251,282,0,1,0,16,0,15,1,1,pre_allocation
765,1189,normal,0,0,65535_65535,1,8,251,299,1,1,1,17,299,15,1,1,allocated
765,1189,normal,0,0,65535_65535,1,9,87,725,0,1,0,16,0,28,1,1,pre_allocation
765,1189,normal,0,0,65535_65535,1,9,87,771,1,1,1,17,771,28,1,1,allocated
765,1189,normal,0,0,65535_65535,1,10,87,725,0,1,0,16,0,28,1,1,pre_allocation
765,1189,normal,0,0,65535_65535,1,10,87,771,1,1,1,17,771,28,1,1,allocated
765,1189,normal,0,0,65535_65535,1,6,87,771,0,1,0,17,0,28,1,1,pre_allocation
765,1189,normal,0,0,65535_65535,1,6,87,816,1,1,1,18,816,28,1,1,allocated
765,1189,normal,0,0,65535_65535,1,7,87,771,0,1,0,17,0,28,1,1,pre_allocation
765,1189,normal,0,0,65535_65535,1,7,87,816,1,1,1,18,816,28,1,1,allocated
765,1189,normal,0,0,65535_65535,1,8,251,299,0,1,0,17,0,15,1,1,pre_allocation
765,1189,normal,0,0,65535_65535,1,8,251,317,1,1,1,18,317,15,1,1,allocated
765,1189,normal,0,0,65535_65535,1,9,87,771,0,1,0,17,0,28,1,1,pre_allocation
765,1189,normal,0,0,65535_65535,1,9,87,816,1,1,1,18,816,28,1,1,allocated
765,1189,normal,0,0,65535_65535,1,10,87,771,0,1,0,17,0,28,1,1,pre_allocation
765,1189,normal,0,0,65535_65535,1,10,87,816,1,1,1,18,816,28,1,1,allocated
765,1189,normal,0,0,65535_65535,1,6,87,816,0,1,0,18,0,28,1,1,pre_allocation
765,1189,normal,0,0,65535_65535,1,6,87,862,1,1,1,19,862,28,1,1,allocated
765,1189,normal,0,0,65535_65535,1,7,87,816,0,1,0,18,0,28,1,1,pre_allocation
765,1189,normal,0,0,65535_65535,1,7,87,862,1,1,1,19,862,28,1,1,allocated
765,1189,normal,0,0,65535_65535,1,8,251,317,0,1,0,18,0,15,1,1,pre_allocation
765,1189,normal,0,0,65535_65535,1,8,251,335,1,1,1,19,335,15,1,1,allocated
765,1189,normal,0,0,65535_65535,1,9,87,816,0,1,0,18,0,28,1,1,pre_allocation
765,1189,normal,0,0,65535_65535,1,9,87,862,1,1,1,19,862,28,1,1,allocated
765,1189,normal,0,0,65535_65535,1,10,87,816,0,1,0,18,0,28,1,1,pre_allocation
765,1189,normal,0,0,65535_65535,1,10,87,862,1,1,1,19,862,28,1,1,allocated
765,1189,normal,0,0,65535_65535,1,6,87,862,0,1,0,19,0,28,1,1,pre_allocation
765,1189,normal,0,0,65535_65535,1,6,87,907,1,1,1,20,907,28,1,1,allocated
765,1189,normal,0,0,65535_65535,1,7,87,862,0,1,0,19,0,28,1,1,pre_allocation
765,1189,normal,0,0,65535_65535,1,7,87,907,1,1,1,20,907,28,1,1,allocated
765,1189,normal,0,0,65535_65535,1,8,251,335,0,1,0,19,0,15,1,1,pre_allocation
765,1189,normal,0,0,65535_65535,1,8,251,353,1,1,1,20,353,15,1,1,allocated
765,1189,normal,0,0,65535_65535,1,9,87,862,0,1,0,19,0,28,1,1,pre_allocation
765,1189,normal,0,0,65535_65535,1,9,87,907,1,1,1,20,907,28,1,1,allocated
765,1189,normal,0,0,65535_65535,1,10,87,862,0,1,0,19,0,28,1,1,pre_allocation
765,1189,normal,0,0,65535_65535,1,10,87,907,1,1,1,20,907,28,1,1,allocated
765,1189,normal,0,0,65535_65535,1,6,87,907,0,1,0,20,0,28,1,1,pre_allocation
765,1189,normal,0,0,65535_65535,1,6,87,953,1,1,1,21,953,28,1,1,allocated
765,1189,normal,0,0,65535_65535,1,7,87,907,0,1,0,20,0,28,1,1,pre_allocation
765,1189,normal,0,0,65535_65535,1,7,87,953,1,1,1,21,953,28,1,1,allocated
765,1189,normal,0,0,65535_65535,1,8,251,353,0,1,0,20,0,15,1,1,pre_allocation
765,1189,normal,0,0,65535_65535,1,8,251,371,1,1,1,21,371,15,1,1,allocated
765,1189,normal,0,0,65535_65535,1,9,87,907,0,1,0,20,0,28,1,1,pre_allocation
765,1189,normal,0,0,65535_65535,1,9,87,953,1,1,1,21,953,28,1,1,allocated
765,1189,normal,0,0,65535_65535,1,10,87,907,0,1,0,20,0,28,1,1,pre_allocation
765,1189,normal,0,0,65535_65535,1,10,87,953,1,1,1,21,953,28,1,1,allocated
765,1189,normal,0,0,65535_65535,1,6,87,953,0,1,0,21,0,28,1,1,pre_allocation
765,1189,normal,0,0,65535_65535,1,6,87,998,1,1,1,22,998,28,1,1,allocated
765,1189,normal,0,0,65535_65535,1,7,87,953,0,1,0,21,0,28,1,1,pre_allocation
765,1189,normal,0,0,65535_65535,1,7,87,998,1,1,1,22,998,28,1,1,allocated
765,1189,normal,0,0,65535_65535,1,8,251,371,0,1,0,21,0,15,1,1,pre_allocation
765,1189,normal,0,0,65535_65535,1,8,251,389,1,1,1,22,389,15,1,1,allocated
765,1189,normal,0,0,65535_65535,1,9,87,953,0,1,0,21,0,28,1,1,pre_allocation
765,1189,normal,0,0,65535_65535,1,9,87,998,1,1,1,22,998,28,1,1,allocated
765,1189,normal,0,0,65535_65535,1,10,87,953,0,1,0,21,0,28,1,1,pre_allocation
765,1189,normal,0,0,65535_65535,1,10,87,998,1,1,1,22,998,28,1,1,allocated
765,1189,normal,0,0,65535_65535,1,6,87,998,0,1,0,22,0,28,1,1,pre_allocation
765,1189,normal,0,0,65535_65535,1,6,87,1044,1,1,1,23,1044,28,1,1,allocated
765,1189,normal,0,0,65535_65535,1,7,87,998,0,1,0,22,0,28,1,1,pre_allocation
765,1189,normal,0,0,65535_65535,1,7,87,1044,1,1,1,23,1044,28,1,1,allocated
765,1189,normal,0,0,65535_65535,1,8,251,389,0,1,0,22,0,15,1,1,pre_allocation
765,1189,normal,0,0,65535_65535,1,8,251,406,1,1,1,23,406,15,1,1,allocated
765,1189,normal,0,0,65535_65535,1,9,87,998,0,1,0,22,0,28,1,1,pre_allocation
765,1189,normal,0,0,65535_65535,1,9,87,1044,1,1,1,23,1044,28,1,1,allocated
765,1189,normal,0,0,65535_65535,1,10,87,998,0,1,0,22,0,28,1,1,pre_allocation
765,1189,normal,0,0,65535_65535,1,10,87,1044,1,1,1,23,1044,28,1,1,allocated
765,1189,normal,0,0,65535_65535,1,6,87,1044,0,1,0,23,0,28,1,1,pre_allocation
765,1189,normal,0,0,65535_65535,1,6,87,1089,1,1,1,24,1089,28,1,1,allocated
765,1189,normal,0,0,65535_65535,1,7,87,1044,0,1,0,23,0,28,1,1,pre_allocation
765,1189,normal,0,0,65535_65535,1,7,87,1089,1,1,1,24,1089,28,1,1,allocated
765,1189,normal,0,0,65535_65535,1,8,251,406,0,1,0,23,0,15,1,1,pre_allocation
765,1189,normal,0,0,65535_65535,1,8,251,424,1,1,1,24,424,15,1,1,allocated
765,1189,normal,0,0,65535_65535,1,9,87,1044,0,1,0,23,0,28,1,1,pre_allocation
765,1189,normal,0,0,65535_65535,1,9,87,1089,1,1,1,24,1089,28,1,1,allocated
765,1189,normal,0,0,65535_65535,1,10,87,1044,0,1,0,23,0,28,1,1,pre_allocation
765,1189,normal,0,0,65535_65535,1,10,87,1089,1,1,1,24,1089,28,1,1,allocated
765,1189,normal,0,0,65535_65535,1,6,87,1089,0,1,0,24,0,28,1,1,pre_allocation
765,1189,normal,0,0,65535_65535,1,6,87,1135,1,1,1,25,1135,28,1,1,allocated
765,1189,normal,0,0,65535_65535,1,7,87,1089,0,1,0,24,0,28,1,1,pre_allocation
765,1189,normal,0,0,65535_65535,1,7,87,1135,1,1,1,25,1135,28,1,1,allocated
765,1189,normal,0,0,65535_65535,1,8,251,424,0,1,0,24,0,15,1,1,pre_allocation
765,1189,normal,0,0,65535_65535,1,8,251,442,1,1,1,25,442,15,1,1,allocated
765,1189,normal,0,0,65535_65535,1,9,87,1089,0,1,0,24,0,28,1,1,pre_allocation
765,1189,normal,0,0,65535_65535,1,9,87,1135,1,1,1,25,1135,28,1,1,allocated
765,1189,normal,0,0,65535_65535,1,10,87,1089,0,1,0,24,0,28,1,1,pre_allocation
765,1189,normal,0,0,65535_65535,1,10,87,1135,1,1,1,25,1135,28,1,1,allocated
765,1189,normal,0,0,65535_65535,1,6,87,1135,0,1,0,25,0,28,1,1,pre_allocation
765,1189,normal,0,0,65535_65535,1,6,87,1181,1,1,1,26,1181,28,1,1,allocated
765,1189,normal,0,0,65535_65535,1,7,87,1135,0,1,0,25,0,28,1,1,pre_allocation
765,1189,normal,0,0,65535_65535,1,7,87,1181,1,1,1,26,1181,28,1,1,allocated
765,1189,normal,0,0,65535_65535,1,8,251,442,0,1,0,25,0,15,1,1,pre_allocation
765,1189,normal,0,0,65535_65535,1,8,251,460,1,1,1,26,460,15,1,1,allocated
765,1189,normal,0,0,65535_65535,1,9,87,1135,0,1,0,25,0,28,1,1,pre_allocation
765,1189,normal,0,0,65535_65535,1,9,87,1181,1,1,1,26,1181,28,1,1,allocated
765,1189,normal,0,0,65535_65535,1,10,87,1135,0,1,0,25,0,28,1,1,pre_allocation
765,1189,normal,0,0,65535_65535,1,10,87,1181,1,1,1,26,1181,28,1,1,allocated
765,1189,normal,0,0,65535_65535,1,6,87,1181,0,1,0,26,0,28,1,1,pre_allocation
765,1189,normal,0,0,65535_65535,1,6,87,1226,1,1,1,27,1226,28,1,1,allocated
765,1189,normal,0,0,65535_65535,1,7,87,1181,0,1,0,26,0,28,1,1,pre_allocation
765,1189,normal,0,0,65535_65535,1,7,87,1226,1,1,1,27,1226,28,1,1,allocated
765,1189,normal,0,0,65535_65535,1,8,251,460,0,1,0,26,0,15,1,1,pre_allocation
765,1189,normal,0,0,65535_65535,1,8,251,478,1,1,1,27,478,15,1,1,allocated
765,1189,normal,0,0,65535_65535,1,9,87,1181,0,1,0,26,0,28,1,1,pre_allocation
765,1189,normal,0,0,65535_65535,1,9,87,1226,1,1,1,27,1226,28,1,1,allocated
765,1189,normal,0,0,65535_65535,1,10,87,1181,0,1,0,26,0,28,1,1,pre_allocation
765,1189,normal,0,0,65535_65535,1,10,87,1226,1,1,1,27,1226,28,1,1,allocated
765,1189,normal,0,0,65535_65535,1,6,87,1226,0,1,0,27,0,28,1,1,pre_allocation
765,1189,normal,0,0,65535_65535,1,6,87,1272,1,1,1,28,1272,28,1,1,allocated
765,1189,normal,0,0,65535_65535,1,7,87,1226,0,1,0,27,0,28,1,1,pre_allocation
765,1189,normal,0,0,65535_65535,1,7,87,1272,1,1,1,28,1272,28,1,1,allocated
765,1189,normal,0,0,65535_65535,1,8,251,478,0,1,0,27,0,15,1,1,pre_allocation
765,1189,normal,0,0,65535_65535,1,8,251,495,1,1,1,28,495,15,1,1,allocated
765,1189,normal,0,0,65535_65535,1,9,87,1226,0,1,0,27,0,28,1,1,pre_allocation
765,1189,normal,0,0,65535_65535,1,9,87,1272,1,1,1,28,1272,28,1,1,allocated
765,1189,normal,0,0,65535_65535,1,10,87,1226,0,1,0,27,0,28,1,1,pre_allocation
765,1189,normal,0,0,65535_65535,1,10,87,1272,1,1,1,28,1272,28,1,1,allocated
765,1189,normal,0,0,65535_65535,1,6,87,1272,0,1,0,28,0,28,1,1,pre_allocation
765,1189,normal,0,0,65535_65535,1,6,87,1317,1,1,1,29,1317,28,1,1,allocated
765,1189,normal,0,0,65535_65535,1,7,87,1272,0,1,0,28,0,28,1,1,pre_allocation
765,1189,normal,0,0,65535_65535,1,7,87,1317,1,1,1,29,1317,28,1,1,allocated
765,1189,normal,0,0,65535_65535,1,8,251,495,0,1,0,28,0,15,1,1,pre_allocation
765,1189,normal,0,0,65535_65535,1,8,251,513,1,1,1,29,513,15,1,1,allocated
765,1189,normal,0,0,65535_65535,1,9,87,1272,0,1,0,28,0,28,1,1,pre_allocation
765,1189,normal,0,0,65535_65535,1,9,87,1317,1,1,1,29,1317,28,1,1,allocated
765,1189,normal,0,0,65535_65535,1,10,87,1272,0,1,0,28,0,28,1,1,pre_allocation
765,1189,normal,0,0,65535_65535,1,10,87,1317,1,1,1,29,1317,28,1,1,allocated
765,1189,normal,0,0,65535_65535,1,6,87,1317,0,1,0,29,0,28,1,1,pre_allocation
765,1189,normal,0,0,65535_65535,1,6,87,1363,1,1,1,30,1363,28,1,1,allocated
765,1189,normal,0,0,65535_65535,1,7,87,1317,0,1,0,29,0,28,1,1,pre_allocation
765,1189,normal,0,0,65535_65535,1,7,87,1363,1,1,1,30,1363,28,1,1,allocated
765,1189,normal,0,0,65535_65535,1,8,251,513,0,1,0,29,0,15,1,1,pre_allocation
765,1189,normal,0,0,65535_65535,1,8,251,531,1,1,1,30,531,15,1,1,allocated
765,1189,normal,0,0,65535_65535,1,9,87,1317,0,1,0,29,0,28,1,1,pre_allocation
765,1189,normal,0,0,65535_65535,1,9,87,1363,1,1,1,30,1363,28,1,1,allocated
765,1189,normal,0,0,65535_65535,1,10,87,1317,0,1,0,29,0,28,1,1,pre_allocation
765,1189,normal,0,0,65535_65535,1,10,87,1363,1,1,1,30,1363,28,1,1,allocated
765,1189,normal,0,0,65535_65535,1,6,87,1363,0,1,0,30,0,28,1,1,pre_allocation
765,1189,normal,0,0,65535_65535,1,6,87,1408,1,1,1,31,1408,28,1,1,allocated
765,1189,normal,0,0,65535_65535,1,7,87,1363,0,1,0,30,0,28,1,1,pre_allocation
765,1189,normal,0,0,65535_65535,1,7,87,1408,1,1,1,31,1408,28,1,1,allocated
765,1189,normal,0,0,65535_65535,1,8,251,531,0,1,0,30,0,15,1,1,pre_allocation
765,1189,normal,0,0,65535_65535,1,8,251,549,1,1,1,31,549,15,1,1,allocated
765,1189,normal,0,0,65535_65535,1,9,87,1363,0,1,0,30,0,28,1,1,pre_allocation
765,1189,normal,0,0,65535_65535,1,9,87,1408,1,1,1,31,1408,28,1,1,allocated
765,1189,normal,0,0,65535_65535,1,10,87,1363,0,1,0,30,0,28,1,1,pre_allocation
765,1189,normal,0,0,65535_65535,1,10,87,1408,1,1,1,31,1408,28,1,1,allocated
765,1189,normal,0,0,65535_65535,1,6,87,1408,0,1,0,31,0,28,1,1,pre_allocation
765,1189,normal,0,0,65535_65535,1,6,87,1454,1,1,1,32,1454,28,1,1,allocated
765,1189,normal,0,0,65535_65535,1,7,87,1408,0,1,0,31,0,28,1,1,pre_allocation
765,1189,normal,0,0,65535_65535,1,7,87,1454,1,1,1,32,1454,28,1,1,allocated
765,1189,normal,0,0,65535_65535,1,8,251,549,0,1,0,31,0,15,1,1,pre_allocation
765,1189,normal,0,0,65535_65535,1,8,251,567,1,1,1,32,567,15,1,1,allocated
765,1189,normal,0,0,65535_65535,1,9,87,1408,0,1,0,31,0,28,1,1,pre_allocation
765,1189,normal,0,0,65535_65535,1,9,87,1454,1,1,1,32,1454,28,1,1,allocated
765,1189,normal,0,0,65535_65535,1,10,87,1408,0,1,0,31,0,28,1,1,pre_allocation
765,1189,normal,0,0,65535_65535,1,10,87,1454,1,1,1,32,1454,28,1,1,allocated
765,1189,normal,0,0,65535_65535,1,6,87,1454,0,1,0,32,0,28,1,1,pre_allocation
765,1189,normal,0,0,65535_65535,1,6,87,1499,1,1,1,33,1499,28,1,1,allocated
765,1189,normal,0,0,65535_65535,1,7,87,1454,0,1,0,32,0,28,1,1,pre_allocation
765,1189,normal,0,0,65535_65535,1,7,87,1499,1,1,1,33,1499,28,1,1,allocated
765,1189,normal,0,0,65535_65535,1,8,251,567,0,1,0,32,0,15,1,1,pre_allocation
765,1189,normal,0,0,65535_65535,1,8,251,585,1,1,1,33,585,15,1,1,allocated
765,1189,normal,0,0,65535_65535,1,9,87,1454,0,1,0,32,0,28,1,1,pre_allocation
765,1189,normal,0,0,65535_65535,1,9,87,1499,1,1,1,33,1499,28,1,1,allocated
765,1189,normal,0,0,65535_65535,1,10,87,1454,0,1,0,32,0,28,1,1,pre_allocation
765,1189,normal,0,0,65535_65535,1,10,87,1499,1,1,1,33,1499,28,1,1,allocated
765,1189,normal,0,0,65535_65535,1,6,87,1499,0,1,0,33,0,28,1,1,pre_allocation
765,1189,normal,0,0,65535_65535,1,6,87,1542,1,1,1,34,1542,28,1,1,allocated
765,1189,normal,0,0,65535_65535,1,7,87,1499,0,1,0,33,0,28,1,1,pre_allocation
765,1189,normal,0,0,65535_65535,1,7,87,1542,1,1,1,34,1542,28,1,1,allocated
765,1189,normal,0,0,65535_65535,1,8,251,585,0,1,0,33,0,15,1,1,pre_allocation
765,1189,normal,0,0,65535_65535,1,8,251,602,1,1,1,34,602,15,1,1,allocated
765,1189,normal,0,0,65535_65535,1,9,87,1499,0,1,0,33,0,28,1,1,pre_allocation
765,1189,normal,0,0,65535_65535,1,9,87,1542,1,1,1,34,1542,28,1,1,allocated
765,1189,normal,0,0,65535_65535,1,10,87,1499,0,1,0,33,0,28,1,1,pre_allocation
765,1189,normal,0,0,65535_65535,1,10,87,1542,1,1,1,34,1542,28,1,1,allocated
765,1189,normal,0,0,65535_65535,1,6,87,1542,0,1,0,34,0,28,1,1,pre_allocation
765,1189,normal,0,0,65535_65535,1,6,87,1587,1,1,1,35,1587,28,1,1,allocated
765,1189,normal,0,0,65535_65535,1,7,87,1542,0,1,0,34,0,28,1,1,pre_allocation
765,1189,normal,0,0,65535_65535,1,7,87,1587,1,1,1,35,1587,28,1,1,allocated
765,1189,normal,0,0,65535_65535,1,8,251,602,0,1,0,34,0,15,1,1,pre_allocation
765,1189,normal,0,0,65535_65535,1,8,251,620,1,1,1,35,620,15,1,1,allocated
765,1189,normal,0,0,65535_65535,1,9,87,1542,0,1,0,34,0,28,1,1,pre_allocation
765,1189,normal,0,0,65535_65535,1,9,87,1587,1,1,1,35,1587,28,1,1,allocated
765,1189,normal,0,0,65535_65535,1,10,87,1542,0,1,0,34,0,28,1,1,pre_allocation
765,1189,normal,0,0,65535_65535,1,10,87,1587,1,1,1,35,1587,28,1,1,allocated
765,1189,normal,0,0,65535_65535,1,6,87,1587,0,1,0,35,0,28,1,1,pre_allocation
765,1189,normal,0,0,65535_65535,1,6,87,1633,1,1,1,36,1633,28,1,1,allocated
765,1189,normal,0,0,65535_65535,1,7,87,1587,0,1,0,35,0,28,1,1,pre_allocation
765,1189,normal,0,0,65535_65535,1,7,87,1633,1,1,1,36,1633,28,1,1,allocated
765,1189,normal,0,0,65535_65535,1,8,251,620,0,1,0,35,0,15,1,1,pre_allocation
765,1189,normal,0,0,65535_65535,1,8,251,638,1,1,1,36,638,15,1,1,allocated
765,1189,normal,0,0,65535_65535,1,9,87,1587,0,1,0,35,0,28,1,1,pre_allocation
765,1189,normal,0,0,65535_65535,1,9,87,1633,1,1,1,36,1633,28,1,1,allocated
765,1189,normal,0,0,65535_65535,1,10,87,1587,0,1,0,35,0,28,1,1,pre_allocation
765,1189,normal,0,0,65535_65535,1,10,87,1633,1,1,1,36,1633,28,1,1,allocated
765,1189,normal,0,0,65535_65535,1,6,87,1633,0,1,0,36,0,28,1,1,pre_allocation
765,1189,normal,0,0,65535_65535,1,6,87,1678,1,1,1,37,1678,28,1,1,allocated
765,1189,normal,0,0,65535_65535,1,7,87,1633,0,1,0,36,0,28,1,1,pre_allocation
765,1189,normal,0,0,65535_65535,1,7,87,1678,1,1,1,37,1678,28,1,1,allocated
765,1189,normal,0,0,65535_65535,1,8,251,638,0,1,0,36,0,15,1,1,pre_allocation
765,1189,normal,0,0,65535_65535,1,8,251,656,1,1,1,37,656,15,1,1,allocated
765,1189,normal,0,0,65535_65535,1,9,87,1633,0,1,0,36,0,28,1,1,pre_allocation
765,1189,normal,0,0,65535_65535,1,9,87,1678,1,1,1,37,1678,28,1,1,allocated
765,1189,normal,0,0,65535_65535,1,10,87,1633,0,1,0,36,0,28,1,1,pre_allocation
765,1189,normal,0,0,65535_65535,1,10,87,1678,1,1,1,37,1678,28,1,1,allocated
765,1189,normal,0,0,65535_65535,1,6,87,1678,0,1,0,37,0,28,1,1,pre_allocation
765,1189,normal,0,0,65535_65535,1,6,87,1724,1,1,1,38,1724,28,1,1,allocated
765,1189,normal,0,0,65535_65535,1,7,87,1678,0,1,0,37,0,28,1,1,pre_allocation
765,1189,normal,0,0,65535_65535,1,7,87,1724,1,1,1,38,1724,28,1,1,allocated
765,1189,normal,0,0,65535_65535,1,8,251,656,0,1,0,37,0,15,1,1,pre_allocation
765,1189,normal,0,0,65535_65535,1,8,251,674,1,1,1,38,674,15,1,1,allocated
765,1189,normal,0,0,65535_65535,1,9,87,1678,0,1,0,37,0,28,1,1,pre_allocation
765,1189,normal,0,0,65535_65535,1,9,87,1724,1,1,1,38,1724,28,1,1,allocated
765,1189,normal,0,0,65535_65535,1,10,87,1678,0,1,0,37,0,28,1,1,pre_allocation
765,1189,normal,0,0,65535_65535,1,10,87,1724,1,1,1,38,1724,28,1,1,allocated
765,1189,normal,0,0,65535_65535,1,6,87,1724,0,1,0,38,0,28,1,1,pre_allocation
765,1189,normal,0,0,65535_65535,1,6,87,1770,1,1,1,39,1770,28,1,1,allocated
877,1287,normal,0,0,65535_65535,0,1,58092,0,0,1,0,0,0,26,1,1,pre_allocation
877,1287,normal,0,0,65535_65535,0,1,58092,39,1,1,1,1,39,26,1,1,allocated
877,1287,normal,0,0,65535_65535,0,5,14699,0,0,1,0,0,0,28,1,1,pre_allocation
877,1287,normal,0,0,65535_65535,0,5,14699,42,1,1,1,1,42,28,1,1,allocated
877,1287,normal,0,0,65535_65535,0,4,14699,0,0,1,0,0,0,28,1,1,pre_allocation
877,1287,normal,0,0,65535_65535,0,4,14699,42,1,1,1,1,42,28,1,1,allocated
877,1287,normal,0,0,65535_65535,0,3,13080,0,0,1,0,0,0,28,1,1,pre_allocation
877,1287,normal,0,0,65535_65535,0,3,13080,42,1,1,1,1,42,28,1,1,allocated
877,1287,normal,0,0,65535_65535,0,2,12656,0,0,1,0,0,0,28,1,1,pre_allocation
877,1287,normal,0,0,65535_65535,0,2,12656,42,1,1,1,1,42,28,1,1,allocated
877,1287,normal,0,0,65535_65535,0,1,58092,39,0,1,0,1,0,26,1,1,pre_allocation
877,1287,normal,0,0,65535_65535,0,1,58092,81,1,1,1,2,81,26,1,1,allocated
877,1287,normal,0,0,65535_65535,0,5,14699,42,0,1,0,1,0,28,1,1,pre_allocation
877,1287,normal,0,0,65535_65535,0,5,14699,88,1,1,1,2,88,28,1,1,allocated
877,1287,normal,0,0,65535_65535,0,4,14699,42,0,1,0,1,0,28,1,1,pre_allocation
877,1287,normal,0,0,65535_65535,0,4,14699,88,1,1,1,2,88,28,1,1,allocated
877,1287,normal,0,0,65535_65535,0,3,13080,42,0,1,0,1,0,28,1,1,pre_allocation
877,1287,normal,0,0,65535_65535,0,3,13080,88,1,1,1,2,88,28,1,1,allocated
877,1287,normal,0,0,65535_65535,0,2,12656,42,0,1,0,1,0,28,1,1,pre_allocation
877,1287,normal,0,0,65535_65535,0,2,12656,88,1,1,1,2,88,28,1,1,allocated
877,1287,normal,0,0,65535_65535,0,1,58092,81,0,1,0,2,0,26,1,1,pre_allocation
877,1287,normal,0,0,65535_65535,0,1,58092,123,1,1,1,3,123,26,1,1,allocated
877,1287,normal,0,0,65535_65535,0,5,14699,88,0,1,0,2,0,28,1,1,pre_allocation
877,1287,normal,0,0,65535_65535,0,5,14699,133,1,1,1,3,133,28,1,1,allocated
877,1287,normal,0,0,65535_65535,0,4,14699,88,0,1,0,2,0,28,1,1,pre_allocation
877,1287,normal,0,0,65535_65535,0,4,14699,133,1,1,1,3,133,28,1,1,allocated
877,1287,normal,0,0,65535_65535,0,3,13080,88,0,1,0,2,0,28,1,1,pre_allocation
877,1287,normal,0,0,65535_65535,0,3,13080,133,1,1,1,3,133,28,1,1,allocated
877,1287,normal,0,0,65535_65535,0,2,12656,88,0,1,0,2,0,28,1,1,pre_allocation
877,1287,normal,0,0,65535_65535,0,2,12656,133,1,1,1,3,133,28,1,1,allocated
877,1287,normal,0,0,65535_65535,0,1,58092,123,0,1,0,3,0,26,1,1,pre_allocation
877,1287,normal,0,0,65535_65535,0,1,58092,165,1,1,1,4,165,26,1,1,allocated
877,1287,normal,0,0,65535_65535,0,5,14699,133,0,1,0,3,0,28,1,1,pre_allocation
877,1287,normal,0,0,65535_65535,0,5,14699,179,1,1,1,4,179,28,1,1,allocated
877,1287,normal,0,0,65535_65535,0,4,14699,133,0,1,0,3,0,28,1,1,pre_allocation
877,1287,normal,0,0,65535_65535,0,4,14699,179,1,1,1,4,179,28,1,1,allocated
877,1287,normal,0,0,65535_65535,0,3,13080,133,0,1,0,3,0,28,1,1,pre_allocation
877,1287,normal,0,0,65535_65535,0,3,13080,179,1,1,1,4,179,28,1,1,allocated
877,1287,normal,0,0,65535_65535,0,2,12656,133,0,1,0,3,0,28,1,1,pre_allocation
877,1287,normal,0,0,65535_65535,0,2,12656,179,1,1,1,4,179,28,1,1,allocated
877,1287,normal,0,0,65535_65535,0,1,58092,165,0,1,0,4,0,26,1,1,pre_allocation
877,1287,normal,0,0,65535_65535,0,1,58092,207,1,1,1,5,207,26,1,1,allocated
877,1287,normal,0,0,65535_65535,0,5,14699,179,0,1,0,4,0,28,1,1,pre_allocation
877,1287,normal,0,0,65535_65535,0,5,14699,224,1,1,1,5,224,28,1,1,allocated
877,1287,normal,0,0,65535_65535,0,4,14699,179,0,1,0,4,0,28,1,1,pre_allocation
877,1287,normal,0,0,65535_65535,0,4,14699,224,1,1,1,5,224,28,1,1,allocated
877,1287,normal,0,0,65535_65535,0,3,13080,179,0,1,0,4,0,28,1,1,pre_allocation
877,1287,normal,0,0,65535_65535,0,3,13080,224,1,1,1,5,224,28,1,1,allocated
877,1287,normal,0,0,65535_65535,0,2,12656,179,0,1,0,4,0,28,1,1,pre_allocation
877,1287,normal,0,0,65535_65535,0,2,12656,224,1,1,1,5,224,28,1,1,allocated
877,1287,normal,0,0,65535_65535,0,1,58092,207,0,1,0,5,0,26,1,1,pre_allocation
877,1287,normal,0,0,65535_65535,0,1,58092,249,1,1,1,6,249,26,1,1,allocated
877,1287,normal,0,0,65535_65535,0,5,14699,224,0,1,0,5,0,28,1,1,pre_allocation
877,1287,normal,0,0,65535_65535,0,5,14699,270,1,1,1,6,270,28,1,1,allocated
877,1287,normal,0,0,65535_65535,0,4,14699,224,0,1,0,5,0,28,1,1,pre_allocation
877,1287,normal,0,0,65535_65535,0,4,14699,270,1,1,1,6,270,28,1,1,allocated
877,1287,normal,0,0,65535_65535,0,3,13080,224,0,1,0,5,0,28,1,1,pre_allocation
877,1287,normal,0,0,65535_65535,0,3,13080,270,1,1,1,6,270,28,1,1,allocated
877,1287,normal,0,0,65535_65535,0,2,12656,224,0,1,0,5,0,28,1,1,pre_allocation
877,1287,normal,0,0,65535_65535,0,2,12656,270,1,1,1,6,270,28,1,1,allocated
877,1287,normal,0,0,65535_65535,0,1,58092,249,0,1,0,6,0,26,1,1,pre_allocation
877,1287,normal,0,0,65535_65535,0,1,58092,291,1,1,1,7,291,26,1,1,allocated
877,1287,normal,0,0,65535_65535,0,5,14699,270,0,1,0,6,0,28,1,1,pre_allocation
877,1287,normal,0,0,65535_65535,0,5,14699,315,1,1,1,7,315,28,1,1,allocated
877,1287,normal,0,0,65535_65535,0,4,14699,270,0,1,0,6,0,28,1,1,pre_allocation
877,1287,normal,0,0,65535_65535,0,4,14699,315,1,1,1,7,315,28,1,1,allocated
877,1287,normal,0,0,65535_65535,0,3,13080,270,0,1,0,6,0,28,1,1,pre_allocation
877,1287,normal,0,0,65535_65535,0,3,13080,315,1,1,1,7,315,28,1,1,allocated
877,1287,normal,0,0,65535_65535,0,2,12656,270,0,1,0,6,0,28,1,1,pre_allocation
877,1287,normal,0,0,65535_65535,0,2,12656,315,1,1,1,7,315,28,1,1,allocated
877,1287,normal,0,0,65535_65535,0,1,58092,291,0,1,0,7,0,26,1,1,pre_allocation
877,1287,normal,0,0,65535_65535,0,1,58092,333,1,1,1,8,333,26,1,1,allocated
877,1287,normal,0,0,65535_65535,0,5,14699,315,0,1,0,7,0,28,1,1,pre_allocation
877,1287,normal,0,0,65535_65535,0,5,14699,361,1,1,1,8,361,28,1,1,allocated
877,1287,normal,0,0,65535_65535,0,4,14699,315,0,1,0,7,0,28,1,1,pre_allocation
877,1287,normal,0,0,65535_65535,0,4,14699,361,1,1,1,8,361,28,1,1,allocated
877,1287,normal,0,0,65535_65535,0,3,13080,315,0,1,0,7,0,28,1,1,pre_allocation
877,1287,normal,0,0,65535_65535,0,3,13080,361,1,1,1,8,361,28,1,1,allocated
877,1287,normal,0,0,65535_65535,0,2,12656,315,0,1,0,7,0,28,1,1,pre_allocation
877,1287,normal,0,0,65535_65535,0,2,12656,361,1,1,1,8,361,28,1,1,allocated
877,1287,normal,0,0,65535_65535,0,1,58092,333,0,1,0,8,0,26,1,1,pre_allocation
877,1287,normal,0,0,65535_65535,0,1,58092,375,1,1,1,9,375,26,1,1,allocated
877,1287,normal,0,0,65535_65535,0,5,14699,361,0,1,0,8,0,28,1,1,pre_allocation
877,1287,normal,0,0,65535_65535,0,5,14699,406,1,1,1,9,406,28,1,1,allocated
877,1287,normal,0,0,65535_65535,0,4,14699,361,0,1,0,8,0,28,1,1,pre_allocation
877,1287,normal,0,0,65535_65535,0,4,14699,406,1,1,1,9,406,28,1,1,allocated
877,1287,normal,0,0,65535_65535,0,3,13080,361,0,1,0,8,0,28,1,1,pre_allocation
877,1287,normal,0,0,65535_65535,0,3,13080,406,1,1,1,9,406,28,1,1,allocated
877,1287,normal,0,0,65535_65535,0,2,12656,361,0,1,0,8,0,28,1,1,pre_allocation
877,1287,normal,0,0,65535_65535,0,2,12656,406,1,1,1,9,406,28,1,1,allocated
877,1287,normal,0,0,65535_65535,0,1,58092,375,0,1,0,9,0,26,1,1,pre_allocation
877,1287,normal,0,0,65535_65535,0,1,58092,417,1,1,1,10,417,26,1,1,allocated
877,1287,normal,0,0,65535_65535,0,5,14699,406,0,1,0,9,0,28,1,1,pre_allocation
877,1287,normal,0,0,65535_65535,0,5,14699,452,1,1,1,10,452,28,1,1,allocated
877,1287,normal,0,0,65535_65535,0,4,14699,406,0,1,0,9,0,28,1,1,pre_allocation
877,1287,normal,0,0,65535_65535,0,4,14699,452,1,1,1,10,452,28,1,1,allocated
877,1287,normal,0,0,65535_65535,0,3,13080,406,0,1,0,9,0,28,1,1,pre_allocation
877,1287,normal,0,0,65535_65535,0,3,13080,452,1,1,1,10,452,28,1,1,allocated
877,1287,normal,0,0,65535_65535,0,2,12656,406,0,1,0,9,0,28,1,1,pre_allocation
877,1287,normal,0,0,65535_65535,0,2,12656,452,1,1,1,10,452,28,1,1,allocated
877,1287,normal,0,0,65535_65535,0,1,58092,417,0,1,0,10,0,26,1,1,pre_allocation
877,1287,normal,0,0,65535_65535,0,1,58092,459,1,1,1,11,459,26,1,1,allocated
877,1287,normal,0,0,65535_65535,0,5,14699,452,0,1,0,10,0,28,1,1,pre_allocation
877,1287,normal,0,0,65535_65535,0,5,14699,497,1,1,1,11,497,28,1,1,allocated
877,1287,normal,0,0,65535_65535,0,4,14699,452,0,1,0,10,0,28,1,1,pre_allocation
877,1287,normal,0,0,65535_65535,0,4,14699,497,1,1,1,11,497,28,1,1,allocated
877,1287,normal,0,0,65535_65535,0,3,13080,452,0,1,0,10,0,28,1,1,pre_allocation
877,1287,normal,0,0,65535_65535,0,3,13080,497,1,1,1,11,497,28,1,1,allocated
877,1287,normal,0,0,65535_65535,0,2,12656,452,0,1,0,10,0,28,1,1,pre_allocation
877,1287,normal,0,0,65535_65535,0,2,12656,497,1,1,1,11,497,28,1,1,allocated
877,1287,normal,0,0,65535_65535,0,1,58092,459,0,1,0,11,0,26,1,1,pre_allocation
877,1287,normal,0,0,65535_65535,0,1,58092,501,1,1,1,12,501,26,1,1,allocated
877,1287,normal,0,0,65535_65535,0,5,14699,497,0,1,0,11,0,28,1,1,pre_allocation
877,1287,normal,0,0,65535_65535,0,5,14699,543,1,1,1,12,543,28,1,1,allocated
877,1287,normal,0,0,65535_65535,0,4,14699,497,0,1,0,11,0,28,1,1,pre_allocation
877,1287,normal,0,0,65535_65535,0,4,14699,543,1,1,1,12,543,28,1,1,allocated
877,1287,normal,0,0,65535_65535,0,3,13080,497,0,1,0,11,0,28,1,1,pre_allocation
877,1287,normal,0,0,65535_65535,0,3,13080,543,1,1,1,12,543,28,1,1,allocated
877,1287,normal,0,0,65535_65535,0,2,12656,497,0,1,0,11,0,28,1,1,pre_allocation
877,1287,normal,0,0,65535_65535,0,2,12656,543,1,1,1,12,543,28,1,1,allocated
877,1287,normal,0,0,65535_65535,0,1,58092,501,0,1,0,12,0,26,1,1,pre_allocation
877,1287,normal,0,0,65535_65535,0,1,58092,543,1,1,1,13,543,26,1,1,allocated
877,1287,normal,0,0,65535_65535,0,5,14699,543,0,1,0,12,0,28,1,1,pre_allocation
877,1287,normal,0,0,65535_65535,0,5,14699,589,1,1,1,13,589,28,1,1,allocated
877,1287,normal,0,0,65535_65535,0,4,14699,543,0,1,0,12,0,28,1,1,pre_allocation
877,1287,normal,0,0,65535_65535,0,4,14699,589,1,1,1,13,589,28,1,1,allocated
877,1287,normal,0,0,65535_65535,0,3,13080,543,0,1,0,12,0,28,1,1,pre_allocation
877,1287,normal,0,0,65535_65535,0,3,13080,589,1,1,1,13,589,28,1,1,allocated
877,1287,normal,0,0,65535_65535,0,2,12656,543,0,1,0,12,0,28,1,1,pre_allocation
877,1287,normal,0,0,65535_65535,0,2,12656,589,1,1,1,13,589,28,1,1,allocated
877,1287,normal,0,0,65535_65535,0,1,58092,543,0,1,0,13,0,26,1,1,pre_allocation
877,1287,normal,0,0,65535_65535,0,1,58092,586,1,1,1,14,586,26,1,1,allocated
877,1287,normal,0,0,65535_65535,0,5,14699,589,0,1,0,13,0,28,1,1,pre_allocation
877,1287,normal,0,0,65535_65535,0,5,14699,634,1,1,1,14,634,28,1,1,allocated
877,1287,normal,0,0,65535_65535,0,4,14699,589,0,1,0,13,0,28,1,1,pre_allocation
877,1287,normal,0,0,65535_65535,0,4,14699,634,1,1,1,14,634,28,1,1,allocated
877,1287,normal,0,0,65535_65535,0,3,13080,589,0,1,0,13,0,28,1,1,pre_allocation
877,1287,normal,0,0,65535_65535,0,3,13080,634,1,1,1,14,634,28,1,1,allocated
877,1287,normal,0,0,65535_65535,0,2,12656,589,0,1,0,13,0,28,1,1,pre_allocation
877,1287,normal,0,0,65535_65535,0,2,12656,634,1,1,1,14,634,28,1,1,allocated
877,1287,normal,0,0,65535_65535,0,1,58092,586,0,1,0,14,0,26,1,1,pre_allocation
877,1287,normal,0,0,65535_65535,0,1,58092,628,1,1,1,15,628,26,1,1,allocated
877,1287,normal,0,0,65535_65535,0,5,14699,634,0,1,0,14,0,28,1,1,pre_allocation
877,1287,normal,0,0,65535_65535,0,5,14699,680,1,1,1,15,680,28,1,1,allocated
877,1287,normal,0,0,65535_65535,0,4,14699,634,0,1,0,14,0,28,1,1,pre_allocation
877,1287,normal,0,0,65535_65535,0,4,14699,680,1,1,1,15,680,28,1,1,allocated
877,1287,normal,0,0,65535_65535,0,3,13080,634,0,1,0,14,0,28,1,1,pre_allocation
877,1287,normal,0,0,65535_65535,0,3,13080,680,1,1,1,15,680,28,1,1,allocated
877,1287,normal,0,0,65535_65535,0,2,12656,634,0,1,0,14,0,28,1,1,pre_allocation
877,1287,normal,0,0,65535_65535,0,2,12656,680,1,1,1,15,680,28,1,1,allocated
877,1287,normal,0,0,65535_65535,0,1,58092,628,0,1,0,15,0,26,1,1,pre_allocation
877,1287,normal,0,0,65535_65535,0,1,58092,670,1,1,1,16,670,26,1,1,allocated
877,1287,normal,0,0,65535_65535,0,5,14699,680,0,1,0,15,0,28,1,1,pre_allocation
877,1287,normal,0,0,65535_65535,0,5,14699,725,1,1,1,16,725,28,1,1,allocated
877,1287,normal,0,0,65535_65535,0,4,14699,680,0,1,0,15,0,28,1,1,pre_allocation
877,1287,normal,0,0,65535_65535,0,4,14699,725,1,1,1,16,725,28,1,1,allocated
877,1287,normal,0,0,65535_65535,0,3,13080,680,0,1,0,15,0,28,1,1,pre_allocation
877,1287,normal,0,0,65535_65535,0,3,13080,725,1,1,1,16,725,28,1,1,allocated
877,1287,normal,0,0,65535_65535,0,2,12656,680,0,1,0,15,0,28,1,1,pre_allocation
877,1287,normal,0,0,65535_65535,0,2,12656,725,1,1,1,16,725,28,1,1,allocated
877,1287,normal,0,0,65535_65535,0,1,58092,670,0,1,0,16,0,26,1,1,pre_allocation
877,1287,normal,0,0,65535_65535,0,1,58092,712,1,1,1,17,712,26,1,1,allocated
877,1287,normal,0,0,65535_65535,0,5,14699,725,0,1,0,16,0,28,1,1,pre_allocation
877,1287,normal,0,0,65535_65535,0,5,14699,771,1,1,1,17,771,28,1,1,allocated
877,1287,normal,0,0,65535_65535,0,4,14699,725,0,1,0,16,0,28,1,1,pre_allocation
877,1287,normal,0,0,65535_65535,0,4,14699,771,1,1,1,17,771,28,1,1,allocated
877,1287,normal,0,0,65535_65535,0,3,13080,725,0,1,0,16,0,28,1,1,pre_allocation
877,1287,normal,0,0,65535_65535,0,3,13080,771,1,1,1,17,771,28,1,1,allocated
877,1287,normal,0,0,65535_65535,0,2,12656,725,0,1,0,16,0,28,1,1,pre_allocation
877,1287,normal,0,0,65535_65535,0,2,12656,771,1,1,1,17,771,28,1,1,allocated
877,1287,normal,0,0,65535_65535,0,1,58092,712,0,1,0,17,0,26,1,1,pre_allocation
877,1287,normal,0,0,65535_65535,0,1,58092,754,1,1,1,18,754,26,1,1,allocated
877,1287,normal,0,0,65535_65535,0,5,14699,771,0,1,0,17,0,28,1,1,pre_allocation
877,1287,normal,0,0,65535_65535,0,5,14699,816,1,1,1,18,816,28,1,1,allocated
877,1287,normal,0,0,65535_65535,0,4,14699,771,0,1,0,17,0,28,1,1,pre_allocation
877,1287,normal,0,0,65535_65535,0,4,14699,816,1,1,1,18,816,28,1,1,allocated
877,1287,normal,0,0,65535_65535,0,3,13080,771,0,1,0,17,0,28,1,1,pre_allocation
877,1287,normal,0,0,65535_65535,0,3,13080,816,1,1,1,18,816,28,1,1,allocated
877,1287,normal,0,0,65535_65535,0,2,12656,771,0,1,0,17,0,28,1,1,pre_allocation
877,1287,normal,0,0,65535_65535,0,2,12656,816,1,1,1,18,816,28,1,1,allocated
877,1287,normal,0,0,65535_65535,0,1,58092,754,0,1,0,18,0,26,1,1,pre_allocation
877,1287,normal,0,0,65535_65535,0,1,58092,796,1,1,1,19,796,26,1,1,allocated
877,1287,normal,0,0,65535_65535,0,5,14699,816,0,1,0,18,0,28,1,1,pre_allocation
877,1287,normal,0,0,65535_65535,0,5,14699,862,1,1,1,19,862,28,1,1,allocated
877,1287,normal,0,0,65535_65535,0,4,14699,816,0,1,0,18,0,28,1,1,pre_allocation
877,1287,normal,0,0,65535_65535,0,4,14699,862,1,1,1,19,862,28,1,1,allocated
877,1287,normal,0,0,65535_65535,0,3,13080,816,0,1,0,18,0,28,1,1,pre_allocation
877,1287,normal,0,0,65535_65535,0,3,13080,862,1,1,1,19,862,28,1,1,allocated
877,1287,normal,0,0,65535_65535,0,2,12656,816,0,1,0,18,0,28,1,1,pre_allocation
877,1287,normal,0,0,65535_65535,0,2,12656,862,1,1,1,19,862,28,1,1,allocated
877,1287,normal,0,0,65535_65535,0,1,58092,796,0,1,0,19,0,26,1,1,pre_allocation
877,1287,normal,0,0,65535_65535,0,1,58092,838,1,1,1,20,838,26,1,1,allocated
877,1287,normal,0,0,65535_65535,0,5,14699,862,0,1,0,19,0,28,1,1,pre_allocation
877,1287,normal,0,0,65535_65535,0,5,14699,907,1,1,1,20,907,28,1,1,allocated
877,1287,normal,0,0,65535_65535,0,4,14699,862,0,1,0,19,0,28,1,1,pre_allocation
877,1287,normal,0,0,65535_65535,0,4,14699,907,1,1,1,20,907,28,1,1,allocated
877,1287,normal,0,0,65535_65535,0,3,13080,862,0,1,0,19,0,28,1,1,pre_allocation
877,1287,normal,0,0,65535_65535,0,3,13080,907,1,1,1,20,907,28,1,1,allocated
877,1287,normal,0,0,65535_65535,0,2,12656,862,0,1,0,19,0,28,1,1,pre_allocation
877,1287,normal,0,0,65535_65535,0,2,12656,907,1,1,1,20,907,28,1,1,allocated
877,1287,normal,0,0,65535_65535,0,1,58092,838,0,1,0,20,0,26,1,1,pre_allocation
877,1287,normal,0,0,65535_65535,0,1,58092,880,1,1,1,21,880,26,1,1,allocated
877,1287,normal,0,0,65535_65535,0,5,14699,907,0,1,0,20,0,28,1,1,pre_allocation
877,1287,normal,0,0,65535_65535,0,5,14699,953,1,1,1,21,953,28,1,1,allocated
877,1287,normal,0,0,65535_65535,0,4,14699,907,0,1,0,20,0,28,1,1,pre_allocation
877,1287,normal,0,0,65535_65535,0,4,14699,953,1,1,1,21,953,28,1,1,allocated
877,1287,normal,0,0,65535_65535,0,3,13080,907,0,1,0,20,0,28,1,1,pre_allocation
877,1287,normal,0,0,65535_65535,0,3,13080,953,1,1,1,21,953,28,1,1,allocated
877,1287,normal,0,0,65535_65535,0,2,12656,907,0,1,0,20,0,28,1,1,pre_allocation
877,1287,normal,0,0,65535_65535,0,2,12656,953,1,1,1,21,953,28,1,1,allocated
877,1287,normal,0,0,65535_65535,0,1,58092,880,0,1,0,21,0,26,1,1,pre_allocation
877,1287,normal,0,0,65535_65535,0,1,58092,922,1,1,1,22,922,26,1,1,allocated
877,1287,normal,0,0,65535_65535,0,5,14699,953,0,1,0,21,0,28,1,1,pre_allocation
877,1287,normal,0,0,65535_65535,0,5,14699,998,1,1,1,22,998,28,1,1,allocated
877,1287,normal,0,0,65535_65535,0,4,14699,953,0,1,0,21,0,28,1,1,pre_allocation
877,1287,normal,0,0,65535_65535,0,4,14699,998,1,1,1,22,998,28,1,1,allocated
877,1287,normal,0,0,65535_65535,0,3,13080,953,0,1,0,21,0,28,1,1,pre_allocation
877,1287,normal,0,0,65535_65535,0,3,13080,998,1,1,1,22,998,28,1,1,allocated
877,1287,normal,0,0,65535_65535,0,2,12656,953,0,1,0,21,0,28,1,1,pre_allocation
877,1287,normal,0,0,65535_65535,0,2,12656,998,1,1,1,22,998,28,1,1,allocated
877,1287,normal,0,0,65535_65535,0,1,58092,922,0,1,0,22,0,26,1,1,pre_allocation
877,1287,normal,0,0,65535_65535,0,1,58092,964,1,1,1,23,964,26,1,1,allocated
877,1287,normal,0,0,65535_65535,0,5,14699,998,0,1,0,22,0,28,1,1,pre_allocation
877,1287,normal,0,0,65535_65535,0,5,14699,1044,1,1,1,23,1044,28,1,1,allocated
877,1287,normal,0,0,65535_65535,0,4,14699,998,0,1,0,22,0,28,1,1,pre_allocation
877,1287,normal,0,0,65535_65535,0,4,14699,1044,1,1,1,23,1044,28,1,1,allocated
877,1287,normal,0,0,65535_65535,0,3,13080,998,0,1,0,22,0,28,1,1,pre_allocation
877,1287,normal,0,0,65535_65535,0,3,13080,1044,1,1,1,23,1044,28,1,1,allocated
877,1287,normal,0,0,65535_65535,0,2,12656,998,0,1,0,22,0,28,1,1,pre_allocation
877,1287,normal,0,0,65535_65535,0,2,12656,1044,1,1,1,23,1044,28,1,1,allocated
877,1287,normal,0,0,65535_65535,0,1,58092,964,0,1,0,23,0,26,1,1,pre_allocation
877,1287,normal,0,0,65535_65535,0,1,58092,1006,1,1,1,24,1006,26,1,1,allocated
877,1287,normal,0,0,65535_65535,0,5,14699,1044,0,1,0,23,0,28,1,1,pre_allocation
877,1287,normal,0,0,65535_65535,0,5,14699,1089,1,1,1,24,1089,28,1,1,allocated
877,1287,normal,0,0,65535_65535,0,4,14699,1044,0,1,0,23,0,28,1,1,pre_allocation
877,1287,normal,0,0,65535_65535,0,4,14699,1089,1,1,1,24,1089,28,1,1,allocated
877,1287,normal,0,0,65535_65535,0,3,13080,1044,0,1,0,23,0,28,1,1,pre_allocation
877,1287,normal,0,0,65535_65535,0,3,13080,1089,1,1,1,24,1089,28,1,1,allocated
877,1287,normal,0,0,65535_65535,0,2,12656,1044,0,1,0,23,0,28,1,1,pre_allocation
877,1287,normal,0,0,65535_65535,0,2,12656,1089,1,1,1,24,1089,28,1,1,allocated
877,1287,normal,0,0,65535_65535,0,1,58092,1006,0,1,0,24,0,26,1,1,pre_allocation
877,1287,normal,0,0,65535_65535,0,1,58092,1048,1,1,1,25,1048,26,1,1,allocated
877,1287,normal,0,0,65535_65535,0,5,14699,1089,0,1,0,24,0,28,1,1,pre_allocation
877,1287,normal,0,0,65535_65535,0,5,14699,1135,1,1,1,25,1135,28,1,1,allocated
877,1287,normal,0,0,65535_65535,0,4,14699,1089,0,1,0,24,0,28,1,1,pre_allocation
877,1287,normal,0,0,65535_65535,0,4,14699,1135,1,1,1,25,1135,28,1,1,allocated
877,1287,normal,0,0,65535_65535,0,3,13080,1089,0,1,0,24,0,28,1,1,pre_allocation
877,1287,normal,0,0,65535_65535,0,3,13080,1135,1,1,1,25,1135,28,1,1,allocated
877,1287,normal,0,0,65535_65535,0,2,12656,1089,0,1,0,24,0,28,1,1,pre_allocation
877,1287,normal,0,0,65535_65535,0,2,12656,1135,1,1,1,25,1135,28,1,1,allocated
877,1287,normal,0,0,65535_65535,0,1,58092,1048,0,1,0,25,0,26,1,1,pre_allocation
877,1287,normal,0,0,65535_65535,0,1,58092,1090,1,1,1,26,1090,26,1,1,allocated
877,1287,normal,0,0,65535_65535,0,5,14699,1135,0,1,0,25,0,28,1,1,pre_allocation
877,1287,normal,0,0,65535_65535,0,5,14699,1181,1,1,1,26,1181,28,1,1,allocated
877,1287,normal,0,0,65535_65535,0,4,14699,1135,0,1,0,25,0,28,1,1,pre_allocation
877,1287,normal,0,0,65535_65535,0,4,14699,1181,1,1,1,26,1181,28,1,1,allocated
877,1287,normal,0,0,65535_65535,0,3,13080,1135,0,1,0,25,0,28,1,1,pre_allocation
877,1287,normal,0,0,65535_65535,0,3,13080,1181,1,1,1,26,1181,28,1,1,allocated
877,1287,normal,0,0,65535_65535,0,2,12656,1135,0,1,0,25,0,28,1,1,pre_allocation
877,1287,normal,0,0,65535_65535,0,2,12656,1181,1,1,1,26,1181,28,1,1,allocated
877,1287,normal,0,0,65535_65535,0,1,58092,1090,0,1,0,26,0,26,1,1,pre_allocation
877,1287,normal,0,0,65535_65535,0,1,58092,1133,1,1,1,27,1133,26,1,1,allocated
877,1287,normal,0,0,65535_65535,0,5,14699,1181,0,1,0,26,0,28,1,1,pre_allocation
877,1287,normal,0,0,65535_65535,0,5,14699,1226,1,1,1,27,1226,28,1,1,allocated
877,1287,normal,0,0,65535_65535,0,4,14699,1181,0,1,0,26,0,28,1,1,pre_allocation
877,1287,normal,0,0,65535_65535,0,4,14699,1226,1,1,1,27,1226,28,1,1,allocated
877,1287,normal,0,0,65535_65535,0,3,13080,1181,0,1,0,26,0,28,1,1,pre_allocation
877,1287,normal,0,0,65535_65535,0,3,13080,1226,1,1,1,27,1226,28,1,1,allocated
877,1287,normal,0,0,65535_65535,0,2,12656,1181,0,1,0,26,0,28,1,1,pre_allocation
877,1287,normal,0,0,65535_65535,0,2,12656,1226,1,1,1,27,1226,28,1,1,allocated
877,1287,normal,0,0,65535_65535,0,1,58092,1133,0,1,0,27,0,26,1,1,pre_allocation
877,1287,normal,0,0,65535_65535,0,1,58092,1175,1,1,1,28,1175,26,1,1,allocated
877,1287,normal,0,0,65535_65535,0,5,14699,1226,0,1,0,27,0,28,1,1,pre_allocation
877,1287,normal,0,0,65535_65535,0,5,14699,1272,1,1,1,28,1272,28,1,1,allocated
877,1287,normal,0,0,65535_65535,0,4,14699,1226,0,1,0,27,0,28,1,1,pre_allocation
877,1287,normal,0,0,65535_65535,0,4,14699,1272,1,1,1,28,1272,28,1,1,allocated
877,1287,normal,0,0,65535_65535,0,3,13080,1226,0,1,0,27,0,28,1,1,pre_allocation
877,1287,normal,0,0,65535_65535,0,3,13080,1272,1,1,1,28,1272,28,1,1,allocated
877,1287,normal,0,0,65535_65535,0,2,12656,1226,0,1,0,27,0,28,1,1,pre_allocation
877,1287,normal,0,0,65535_65535,0,2,12656,1272,1,1,1,28,1272,28,1,1,allocated
877,1287,normal,0,0,65535_65535,0,1,58092,1175,0,1,0,28,0,26,1,1,pre_allocation
877,1287,normal,0,0,65535_65535,0,1,58092,1217,1,1,1,29,1217,26,1,1,allocated
877,1287,normal,0,0,65535_65535,0,5,14699,1272,0,1,0,28,0,28,1,1,pre_allocation
877,1287,normal,0,0,65535_65535,0,5,14699,1317,1,1,1,29,1317,28,1,1,allocated
877,1287,normal,0,0,65535_65535,0,4,14699,1272,0,1,0,28,0,28,1,1,pre_allocation
877,1287,normal,0,0,65535_65535,0,4,14699,1317,1,1,1,29,1317,28,1,1,allocated
877,1287,normal,0,0,65535_65535,0,3,13080,1272,0,1,0,28,0,28,1,1,pre_allocation
877,1287,normal,0,0,65535_65535,0,3,13080,1317,1,1,1,29,1317,28,1,1,allocated
877,1287,normal,0,0,65535_65535,0,2,12656,1272,0,1,0,28,0,28,1,1,pre_allocation
877,1287,normal,0,0,65535_65535,0,2,12656,1317,1,1,1,29,1317,28,1,1,allocated
877,1287,normal,0,0,65535_65535,0,1,58092,1217,0,1,0,29,0,26,1,1,pre_allocation
877,1287,normal,0,0,65535_65535,0,1,58092,1259,1,1,1,30,1259,26,1,1,allocated
877,1287,normal,0,0,65535_65535,0,5,14699,1317,0,1,0,29,0,28,1,1,pre_allocation
877,1287,normal,0,0,65535_65535,0,5,14699,1363,1,1,1,30,1363,28,1,1,allocated
877,1287,normal,0,0,65535_65535,0,4,14699,1317,0,1,0,29,0,28,1,1,pre_allocation
877,1287,normal,0,0,65535_65535,0,4,14699,1363,1,1,1,30,1363,28,1,1,allocated
877,1287,normal,0,0,65535_65535,0,3,13080,1317,0,1,0,29,0,28,1,1,pre_allocation
877,1287,normal,0,0,65535_65535,0,3,13080,1363,1,1,1,30,1363,28,1,1,allocated
877,1287,normal,0,0,65535_65535,0,2,12656,1317,0,1,0,29,0,28,1,1,pre_allocation
877,1287,normal,0,0,65535_65535,0,2,12656,1363,1,1,1,30,1363,28,1,1,allocated
877,1287,normal,0,0,65535_65535,0,1,58092,1259,0,1,0,30,0,26,1,1,pre_allocation
877,1287,normal,0,0,65535_65535,0,1,58092,1301,1,1,1,31,1301,26,1,1,allocated
877,1287,normal,0,0,65535_65535,0,5,14699,1363,0,1,0,30,0,28,1,1,pre_allocation
877,1287,normal,0,0,65535_65535,0,5,14699,1408,1,1,1,31,1408,28,1,1,allocated
877,1287,normal,0,0,65535_65535,0,4,14699,1363,0,1,0,30,0,28,1,1,pre_allocation
877,1287,normal,0,0,65535_65535,0,4,14699,1408,1,1,1,31,1408,28,1,1,allocated
877,1287,normal,0,0,65535_65535,0,3,13080,1363,0,1,0,30,0,28,1,1,pre_allocation
877,1287,normal,0,0,65535_65535,0,3,13080,1408,1,1,1,31,1408,28,1,1,allocated
877,1287,normal,0,0,65535_65535,0,2,12656,1363,0,1,0,30,0,28,1,1,pre_allocation
877,1287,normal,0,0,65535_65535,0,2,12656,1408,1,1,1,31,1408,28,1,1,allocated
877,1287,normal,0,0,65535_65535,0,1,58092,1301,0,1,0,31,0,26,1,1,pre_allocation
877,1287,normal,0,0,65535_65535,0,1,58092,1343,1,1,1,32,1343,26,1,1,allocated
877,1287,normal,0,0,65535_65535,0,5,14699,1408,0,1,0,31,0,28,1,1,pre_allocation
877,1287,normal,0,0,65535_65535,0,5,14699,1454,1,1,1,32,1454,28,1,1,allocated
877,1287,normal,0,0,65535_65535,0,4,14699,1408,0,1,0,31,0,28,1,1,pre_allocation
877,1287,normal,0,0,65535_65535,0,4,14699,1454,1,1,1,32,1454,28,1,1,allocated
877,1287,normal,0,0,65535_65535,0,3,13080,1408,0,1,0,31,0,28,1,1,pre_allocation
877,1287,normal,0,0,65535_65535,0,3,13080,1454,1,1,1,32,1454,28,1,1,allocated
877,1287,normal,0,0,65535_65535,0,2,12656,1408,0,1,0,31,0,28,1,1,pre_allocation
877,1287,normal,0,0,65535_65535,0,2,12656,1454,1,1,1,32,1454,28,1,1,allocated
877,1287,normal,0,0,65535_65535,0,1,58092,1343,0,1,0,32,0,26,1,1,pre_allocation
877,1287,normal,0,0,65535_65535,0,1,58092,1385,1,1,1,33,1385,26,1,1,allocated
877,1287,normal,0,0,65535_65535,0,5,14699,1454,0,1,0,32,0,28,1,1,pre_allocation
877,1287,normal,0,0,65535_65535,0,5,14699,1499,1,1,1,33,1499,28,1,1,allocated
877,1287,normal,0,0,65535_65535,0,4,14699,1454,0,1,0,32,0,28,1,1,pre_allocation
877,1287,normal,0,0,65535_65535,0,4,14699,1499,1,1,1,33,1499,28,1,1,allocated
877,1287,normal,0,0,65535_65535,0,3,13080,1454,0,1,0,32,0,28,1,1,pre_allocation
877,1287,normal,0,0,65535_65535,0,3,13080,1499,1,1,1,33,1499,28,1,1,allocated
877,1287,normal,0,0,65535_65535,1,10,87,0,0,1,0,0,0,28,1,1,pre_allocation
877,1287,normal,0,0,65535_65535,1,10,87,42,1,1,1,1,42,28,1,1,allocated
877,1287,normal,0,0,65535_65535,1,9,87,0,0,1,0,0,0,28,1,1,pre_allocation
877,1287,normal,0,0,65535_65535,1,9,87,42,1,1,1,1,42,28,1,1,allocated
877,1287,normal,0,0,65535_65535,1,7,87,0,0,1,0,0,0,28,1,1,pre_allocation
877,1287,normal,0,0,65535_65535,1,7,87,42,1,1,1,1,42,28,1,1,allocated
877,1287,normal,0,0,65535_65535,1,6,87,0,0,1,0,0,0,28,1,1,pre_allocation
877,1287,normal,0,0,65535_65535,1,6,87,42,1,1,1,1,42,28,1,1,allocated
877,1287,normal,0,0,65535_65535,1,10,87,42,0,1,0,1,0,28,1,1,pre_allocation
877,1287,normal,0,0,65535_65535,1,10,87,88,1,1,1,2,88,28,1,1,allocated
877,1287,normal,0,0,65535_65535,1,9,87,42,0,1,0,1,0,28,1,1,pre_allocation
877,1287,normal,0,0,65535_65535,1,9,87,88,1,1,1,2,88,28,1,1,allocated
877,1287,normal,0,0,65535_65535,1,7,87,42,0,1,0,1,0,28,1,1,pre_allocation
877,1287,normal,0,0,65535_65535,1,7,87,88,1,1,1,2,88,28,1,1,allocated
877,1287,normal,0,0,65535_65535,1,6,87,42,0,1,0,1,0,28,1,1,pre_allocation
877,1287,normal,0,0,65535_65535,1,6,87,88,1,1,1,2,88,28,1,1,allocated
877,1287,normal,0,0,65535_65535,1,10,87,88,0,1,0,2,0,28,1,1,pre_allocation
877,1287,normal,0,0,65535_65535,1,10,87,133,1,1,1,3,133,28,1,1,allocated
877,1287,normal,0,0,65535_65535,1,9,87,88,0,1,0,2,0,28,1,1,pre_allocation
877,1287,normal,0,0,65535_65535,1,9,87,133,1,1,1,3,133,28,1,1,allocated
877,1287,normal,0,0,65535_65535,1,7,87,88,0,1,0,2,0,28,1,1,pre_allocation
877,1287,normal,0,0,65535_65535,1,7,87,133,1,1,1,3,133,28,1,1,allocated
877,1287,normal,0,0,65535_65535,1,6,87,88,0,1,0,2,0,28,1,1,pre_allocation
877,1287,normal,0,0,65535_65535,1,6,87,133,1,1,1,3,133,28,1,1,allocated
877,1287,normal,0,0,65535_65535,1,10,87,133,0,1,0,3,0,28,1,1,pre_allocation
877,1287,normal,0,0,65535_65535,1,10,87,179,1,1,1,4,179,28,1,1,allocated
877,1287,normal,0,0,65535_65535,1,9,87,133,0,1,0,3,0,28,1,1,pre_allocation
877,1287,normal,0,0,65535_65535,1,9,87,179,1,1,1,4,179,28,1,1,allocated
877,1287,normal,0,0,65535_65535,1,7,87,133,0,1,0,3,0,28,1,1,pre_allocation
877,1287,normal,0,0,65535_65535,1,7,87,179,1,1,1,4,179,28,1,1,allocated
877,1287,normal,0,0,65535_65535,1,6,87,133,0,1,0,3,0,28,1,1,pre_allocation
877,1287,normal,0,0,65535_65535,1,6,87,179,1,1,1,4,179,28,1,1,allocated
877,1287,normal,0,0,65535_65535,1,10,87,179,0,1,0,4,0,28,1,1,pre_allocation
877,1287,normal,0,0,65535_65535,1,10,87,224,1,1,1,5,224,28,1,1,allocated
877,1287,normal,0,0,65535_65535,1,9,87,179,0,1,0,4,0,28,1,1,pre_allocation
877,1287,normal,0,0,65535_65535,1,9,87,224,1,1,1,5,224,28,1,1,allocated
877,1287,normal,0,0,65535_65535,1,7,87,179,0,1,0,4,0,28,1,1,pre_allocation
877,1287,normal,0,0,65535_65535,1,7,87,224,1,1,1,5,224,28,1,1,allocated
877,1287,normal,0,0,65535_65535,1,6,87,179,0,1,0,4,0,28,1,1,pre_allocation
877,1287,normal,0,0,65535_65535,1,6,87,224,1,1,1,5,224,28,1,1,allocated
877,1287,normal,0,0,65535_65535,1,10,87,224,0,1,0,5,0,28,1,1,pre_allocation
877,1287,normal,0,0,65535_65535,1,10,87,270,1,1,1,6,270,28,1,1,allocated
877,1287,normal,0,0,65535_65535,1,9,87,224,0,1,0,5,0,28,1,1,pre_allocation
877,1287,normal,0,0,65535_65535,1,9,87,270,1,1,1,6,270,28,1,1,allocated
877,1287,normal,0,0,65535_65535,1,7,87,224,0,1,0,5,0,28,1,1,pre_allocation
877,1287,normal,0,0,65535_65535,1,7,87,270,1,1,1,6,270,28,1,1,allocated
877,1287,normal,0,0,65535_65535,1,6,87,224,0,1,0,5,0,28,1,1,pre_allocation
877,1287,normal,0,0,65535_65535,1,6,87,270,1,1,1,6,270,28,1,1,allocated
877,1287,normal,0,0,65535_65535,1,10,87,270,0,1,0,6,0,28,1,1,pre_allocation
877,1287,normal,0,0,65535_65535,1,10,87,315,1,1,1,7,315,28,1,1,allocated
877,1287,normal,0,0,65535_65535,1,9,87,270,0,1,0,6,0,28,1,1,pre_allocation
877,1287,normal,0,0,65535_65535,1,9,87,315,1,1,1,7,315,28,1,1,allocated
877,1287,normal,0,0,65535_65535,1,7,87,270,0,1,0,6,0,28,1,1,pre_allocation
877,1287,normal,0,0,65535_65535,1,7,87,315,1,1,1,7,315,28,1,1,allocated
877,1287,normal,0,0,65535_65535,1,6,87,270,0,1,0,6,0,28,1,1,pre_allocation
877,1287,normal,0,0,65535_65535,1,6,87,315,1,1,1,7,315,28,1,1,allocated
877,1287,normal,0,0,65535_65535,1,10,87,315,0,1,0,7,0,28,1,1,pre_allocation
877,1287,normal,0,0,65535_65535,1,10,87,361,1,1,1,8,361,28,1,1,allocated
877,1287,normal,0,0,65535_65535,1,9,87,315,0,1,0,7,0,28,1,1,pre_allocation
877,1287,normal,0,0,65535_65535,1,9,87,361,1,1,1,8,361,28,1,1,allocated
877,1287,normal,0,0,65535_65535,1,7,87,315,0,1,0,7,0,28,1,1,pre_allocation
877,1287,normal,0,0,65535_65535,1,7,87,361,1,1,1,8,361,28,1,1,allocated
877,1287,normal,0,0,65535_65535,1,6,87,315,0,1,0,7,0,28,1,1,pre_allocation
877,1287,normal,0,0,65535_65535,1,6,87,361,1,1,1,8,361,28,1,1,allocated
877,1287,normal,0,0,65535_65535,1,10,87,361,0,1,0,8,0,28,1,1,pre_allocation
877,1287,normal,0,0,65535_65535,1,10,87,406,1,1,1,9,406,28,1,1,allocated
877,1287,normal,0,0,65535_65535,1,9,87,361,0,1,0,8,0,28,1,1,pre_allocation
877,1287,normal,0,0,65535_65535,1,9,87,406,1,1,1,9,406,28,1,1,allocated
877,1287,normal,0,0,65535_65535,1,7,87,361,0,1,0,8,0,28,1,1,pre_allocation
877,1287,normal,0,0,65535_65535,1,7,87,406,1,1,1,9,406,28,1,1,allocated
877,1287,normal,0,0,65535_65535,1,6,87,361,0,1,0,8,0,28,1,1,pre_allocation
877,1287,normal,0,0,65535_65535,1,6,87,406,1,1,1,9,406,28,1,1,allocated
877,1287,normal,0,0,65535_65535,1,10,87,406,0,1,0,9,0,28,1,1,pre_allocation
877,1287,normal,0,0,65535_65535,1,10,87,452,1,1,1,10,452,28,1,1,allocated
877,1287,normal,0,0,65535_65535,1,9,87,406,0,1,0,9,0,28,1,1,pre_allocation
877,1287,normal,0,0,65535_65535,1,9,87,452,1,1,1,10,452,28,1,1,allocated
877,1287,normal,0,0,65535_65535,1,7,87,406,0,1,0,9,0,28,1,1,pre_allocation
877,1287,normal,0,0,65535_65535,1,7,87,452,1,1,1,10,452,28,1,1,allocated
877,1287,normal,0,0,65535_65535,1,6,87,406,0,1,0,9,0,28,1,1,pre_allocation
877,1287,normal,0,0,65535_65535,1,6,87,452,1,1,1,10,452,28,1,1,allocated
877,1287,normal,0,0,65535_65535,1,10,87,452,0,1,0,10,0,28,1,1,pre_allocation
877,1287,normal,0,0,65535_65535,1,10,87,497,1,1,1,11,497,28,1,1,allocated
877,1287,normal,0,0,65535_65535,1,9,87,452,0,1,0,10,0,28,1,1,pre_allocation
877,1287,normal,0,0,65535_65535,1,9,87,497,1,1,1,11,497,28,1,1,allocated
877,1287,normal,0,0,65535_65535,1,7,87,452,0,1,0,10,0,28,1,1,pre_allocation
877,1287,normal,0,0,65535_65535,1,7,87,497,1,1,1,11,497,28,1,1,allocated
877,1287,normal,0,0,65535_65535,1,6,87,452,0,1,0,10,0,28,1,1,pre_allocation
877,1287,normal,0,0,65535_65535,1,6,87,497,1,1,1,11,497,28,1,1,allocated
877,1287,normal,0,0,65535_65535,1,10,87,497,0,1,0,11,0,28,1,1,pre_allocation
877,1287,normal,0,0,65535_65535,1,10,87,543,1,1,1,12,543,28,1,1,allocated
877,1287,normal,0,0,65535_65535,1,9,87,497,0,1,0,11,0,28,1,1,pre_allocation
877,1287,normal,0,0,65535_65535,1,9,87,543,1,1,1,12,543,28,1,1,allocated
877,1287,normal,0,0,65535_65535,1,7,87,497,0,1,0,11,0,28,1,1,pre_allocation
877,1287,normal,0,0,65535_65535,1,7,87,543,1,1,1,12,543,28,1,1,allocated
877,1287,normal,0,0,65535_65535,1,6,87,497,0,1,0,11,0,28,1,1,pre_allocation
877,1287,normal,0,0,65535_65535,1,6,87,543,1,1,1,12,543,28,1,1,allocated
877,1287,normal,0,0,65535_65535,1,10,87,543,0,1,0,12,0,28,1,1,pre_allocation
877,1287,normal,0,0,65535_65535,1,10,87,589,1,1,1,13,589,28,1,1,allocated
877,1287,normal,0,0,65535_65535,1,9,87,543,0,1,0,12,0,28,1,1,pre_allocation
877,1287,normal,0,0,65535_65535,1,9,87,589,1,1,1,13,589,28,1,1,allocated
877,1287,normal,0,0,65535_65535,1,7,87,543,0,1,0,12,0,28,1,1,pre_allocation
877,1287,normal,0,0,65535_65535,1,7,87,589,1,1,1,13,589,28,1,1,allocated
877,1287,normal,0,0,65535_65535,1,6,87,543,0,1,0,12,0,28,1,1,pre_allocation
877,1287,normal,0,0,65535_65535,1,6,87,589,1,1,1,13,589,28,1,1,allocated
877,1287,normal,0,0,65535_65535,1,10,87,589,0,1,0,13,0,28,1,1,pre_allocation
877,1287,normal,0,0,65535_65535,1,10,87,634,1,1,1,14,634,28,1,1,allocated
877,1287,normal,0,0,65535_65535,1,9,87,589,0,1,0,13,0,28,1,1,pre_allocation
877,1287,normal,0,0,65535_65535,1,9,87,634,1,1,1,14,634,28,1,1,allocated
877,1287,normal,0,0,65535_65535,1,7,87,589,0,1,0,13,0,28,1,1,pre_allocation
877,1287,normal,0,0,65535_65535,1,7,87,634,1,1,1,14,634,28,1,1,allocated
877,1287,normal,0,0,65535_65535,1,6,87,589,0,1,0,13,0,28,1,1,pre_allocation
877,1287,normal,0,0,65535_65535,1,6,87,634,1,1,1,14,634,28,1,1,allocated
877,1287,normal,0,0,65535_65535,1,10,87,634,0,1,0,14,0,28,1,1,pre_allocation
877,1287,normal,0,0,65535_65535,1,10,87,680,1,1,1,15,680,28,1,1,allocated
877,1287,normal,0,0,65535_65535,1,9,87,634,0,1,0,14,0,28,1,1,pre_allocation
877,1287,normal,0,0,65535_65535,1,9,87,680,1,1,1,15,680,28,1,1,allocated
877,1287,normal,0,0,65535_65535,1,7,87,634,0,1,0,14,0,28,1,1,pre_allocation
877,1287,normal,0,0,65535_65535,1,7,87,680,1,1,1,15,680,28,1,1,allocated
877,1287,normal,0,0,65535_65535,1,6,87,634,0,1,0,14,0,28,1,1,pre_allocation
877,1287,normal,0,0,65535_65535,1,6,87,680,1,1,1,15,680,28,1,1,allocated
877,1287,normal,0,0,65535_65535,1,10,87,680,0,1,0,15,0,28,1,1,pre_allocation
877,1287,normal,0,0,65535_65535,1,10,87,725,1,1,1,16,725,28,1,1,allocated
877,1287,normal,0,0,65535_65535,1,9,87,680,0,1,0,15,0,28,1,1,pre_allocation
877,1287,normal,0,0,65535_65535,1,9,87,725,1,1,1,16,725,28,1,1,allocated
877,1287,normal,0,0,65535_65535,1,7,87,680,0,1,0,15,0,28,1,1,pre_allocation
877,1287,normal,0,0,65535_65535,1,7,87,725,1,1,1,16,725,28,1,1,allocated
877,1287,normal,0,0,65535_65535,1,6,87,680,0,1,0,15,0,28,1,1,pre_allocation
877,1287,normal,0,0,65535_65535,1,6,87,725,1,1,1,16,725,28,1,1,allocated
877,1287,normal,0,0,65535_65535,1,10,87,725,0,1,0,16,0,28,1,1,pre_allocation
877,1287,normal,0,0,65535_65535,1,10,87,771,1,1,1,17,771,28,1,1,allocated
877,1287,normal,0,0,65535_65535,1,9,87,725,0,1,0,16,0,28,1,1,pre_allocation
877,1287,normal,0,0,65535_65535,1,9,87,771,1,1,1,17,771,28,1,1,allocated
877,1287,normal,0,0,65535_65535,1,7,87,725,0,1,0,16,0,28,1,1,pre_allocation
877,1287,normal,0,0,65535_65535,1,7,87,771,1,1,1,17,771,28,1,1,allocated
877,1287,normal,0,0,65535_65535,2,12,137,0,0,1,0,0,0,28,1,1,pre_allocation
877,1287,normal,0,0,65535_65535,2,12,137,42,1,1,1,1,42,28,1,1,allocated
877,1287,normal,0,0,65535_65535,2,11,137,0,0,1,0,0,0,28,1,1,pre_allocation
877,1287,normal,0,0,65535_65535,2,11,137,42,1,1,1,1,42,28,1,1,allocated
877,1287,normal,0,0,65535_65535,2,21,137,0,0,1,0,0,0,28,1,1,pre_allocation
877,1287,normal,0,0,65535_65535,2,21,137,42,1,1,1,1,42,28,1,1,allocated
877,1287,normal,0,0,65535_65535,2,22,137,0,0,1,0,0,0,28,1,1,pre_allocation
877,1287,normal,0,0,65535_65535,2,22,137,42,1,1,1,1,42,28,1,1,allocated
877,1287,normal,0,0,65535_65535,2,24,137,0,0,1,0,0,0,28,1,1,pre_allocation
877,1287,normal,0,0,65535_65535,2,24,137,42,1,1,1,1,42,28,1,1,allocated
877,1287,normal,0,0,65535_65535,2,25,137,0,0,1,0,0,0,28,1,1,pre_allocation
877,1287,normal,0,0,65535_65535,2,25,137,42,1,1,1,1,42,28,1,1,allocated
877,1287,normal,0,0,65535_65535,2,28,137,0,0,1,0,0,0,28,1,1,pre_allocation
877,1287,normal,0,0,65535_65535,2,28,137,42,1,1,1,1,42,28,1,1,allocated
877,1287,normal,0,0,65535_65535,2,27,137,0,0,1,0,0,0,28,1,1,pre_allocation
877,1287,normal,0,0,65535_65535,2,27,137,42,1,1,1,1,42,28,1,1,allocated
877,1287,normal,0,0,65535_65535,2,26,137,0,0,1,0,0,0,15,1,1,pre_allocation
877,1287,normal,0,0,65535_65535,2,26,137,14,1,1,1,1,14,15,1,1,allocated
877,1287,normal,0,0,65535_65535,2,12,137,42,0,1,0,1,0,28,1,1,pre_allocation
877,1287,normal,0,0,65535_65535,2,12,137,88,1,1,1,2,88,28,1,1,allocated
877,1287,normal,0,0,65535_65535,2,11,137,42,0,1,0,1,0,28,1,1,pre_allocation
877,1287,normal,0,0,65535_65535,2,11,137,88,1,1,1,2,88,28,1,1,allocated
877,1287,normal,0,0,65535_65535,2,21,137,42,0,1,0,1,0,28,1,1,pre_allocation
877,1287,normal,0,0,65535_65535,2,21,137,88,1,1,1,2,88,28,1,1,allocated
877,1287,normal,0,0,65535_65535,2,22,137,42,0,1,0,1,0,28,1,1,pre_allocation
877,1287,normal,0,0,65535_65535,2,22,137,88,1,1,1,2,88,28,1,1,allocated
877,1287,normal,0,0,65535_65535,2,24,137,42,0,1,0,1,0,28,1,1,pre_allocation
877,1287,normal,0,0,65535_65535,2,24,137,88,1,1,1,2,88,28,1,1,allocated
877,1287,normal,0,0,65535_65535,2,25,137,42,0,1,0,1,0,28,1,1,pre_allocation
877,1287,normal,0,0,65535_65535,2,25,137,88,1,1,1,2,88,28,1,1,allocated
877,1287,normal,0,0,65535_65535,2,28,137,42,0,1,0,1,0,28,1,1,pre_allocation
877,1287,normal,0,0,65535_65535,2,28,137,88,1,1,1,2,88,28,1,1,allocated
877,1287,normal,0,0,65535_65535,2,27,137,42,0,1,0,1,0,28,1,1,pre_allocation
877,1287,normal,0,0,65535_65535,2,27,137,88,1,1,1,2,88,28,1,1,allocated
877,1287,normal,0,0,65535_65535,2,26,137,14,0,1,0,1,0,15,1,1,pre_allocation
877,1287,normal,0,0,65535_65535,2,26,137,32,1,1,1,2,32,15,1,1,allocated
877,1287,normal,0,0,65535_65535,2,12,137,88,0,1,0,2,0,28,1,1,pre_allocation
877,1287,normal,0,0,65535_65535,2,12,137,133,1,1,1,3,133,28,1,1,allocated
877,1287,normal,0,0,65535_65535,2,11,137,88,0,1,0,2,0,28,1,1,pre_allocation
877,1287,normal,0,0,65535_65535,2,11,137,133,1,1,1,3,133,28,1,1,allocated
877,1287,normal,0,0,65535_65535,2,21,137,88,0,1,0,2,0,28,1,1,pre_allocation
877,1287,normal,0,0,65535_65535,2,21,137,133,1,1,1,3,133,28,1,1,allocated
877,1287,normal,0,0,65535_65535,2,22,137,88,0,1,0,2,0,28,1,1,pre_allocation
877,1287,normal,0,0,65535_65535,2,22,137,133,1,1,1,3,133,28,1,1,allocated
877,1287,normal,0,0,65535_65535,2,24,137,88,0,1,0,2,0,28,1,1,pre_allocation
877,1287,normal,0,0,65535_65535,2,24,137,133,1,1,1,3,133,28,1,1,allocated
877,1287,normal,0,0,65535_65535,2,25,137,88,0,1,0,2,0,28,1,1,pre_allocation
877,1287,normal,0,0,65535_65535,2,25,137,133,1,1,1,3,133,28,1,1,allocated
877,1287,normal,0,0,65535_65535,2,28,137,88,0,1,0,2,0,28,1,1,pre_allocation
877,1287,normal,0,0,65535_65535,2,28,137,133,1,1,1,3,133,28,1,1,allocated
877,1287,normal,0,0,65535_65535,2,27,137,88,0,1,0,2,0,28,1,1,pre_allocation
877,1287,normal,0,0,65535_65535,2,27,137,133,1,1,1,3,133,28,1,1,allocated
877,1287,normal,0,0,65535_65535,2,26,137,32,0,1,0,2,0,15,1,1,pre_allocation
877,1287,normal,0,0,65535_65535,2,26,137,50,1,1,1,3,50,15,1,1,allocated
877,1287,normal,0,0,65535_65535,2,12,137,133,0,1,0,3,0,28,1,1,pre_allocation
877,1287,normal,0,0,65535_65535,2,12,137,179,1,1,1,4,179,28,1,1,allocated
877,1287,normal,0,0,65535_65535,2,11,137,133,0,1,0,3,0,28,1,1,pre_allocation
877,1287,normal,0,0,65535_65535,2,11,137,179,1,1,1,4,179,28,1,1,allocated
877,1287,normal,0,0,65535_65535,2,21,137,133,0,1,0,3,0,28,1,1,pre_allocation
877,1287,normal,0,0,65535_65535,2,21,137,179,1,1,1,4,179,28,1,1,allocated
877,1287,normal,0,0,65535_65535,2,22,137,133,0,1,0,3,0,28,1,1,pre_allocation
877,1287,normal,0,0,65535_65535,2,22,137,179,1,1,1,4,179,28,1,1,allocated
877,1287,normal,0,0,65535_65535,2,24,137,133,0,1,0,3,0,28,1,1,pre_allocation
877,1287,normal,0,0,65535_65535,2,24,137,179,1,1,1,4,179,28,1,1,allocated
877,1287,normal,0,0,65535_65535,2,25,137,133,0,1,0,3,0,28,1,1,pre_allocation
877,1287,normal,0,0,65535_65535,2,25,137,179,1,1,1,4,179,28,1,1,allocated
877,1287,normal,0,0,65535_65535,2,28,137,133,0,1,0,3,0,28,1,1,pre_allocation
877,1287,normal,0,0,65535_65535,2,28,137,179,1,1,1,4,179,28,1,1,allocated
877,1287,normal,0,0,65535_65535,2,27,137,133,0,1,0,3,0,28,1,1,pre_allocation
877,1287,normal,0,0,65535_65535,2,27,137,179,1,1,1,4,179,28,1,1,allocated
989,1385,normal,0,0,65535_65535,0,2,30132,0,0,1,0,0,0,28,1,1,pre_allocation
989,1385,normal,0,0,65535_65535,0,2,30132,42,1,1,1,1,42,28,1,1,allocated
989,1385,normal,0,0,65535_65535,0,3,30696,0,0,1,0,0,0,28,1,1,pre_allocation
989,1385,normal,0,0,65535_65535,0,3,30696,42,1,1,1,1,42,28,1,1,allocated
989,1385,normal,0,0,65535_65535,0,4,32516,0,0,1,0,0,0,28,1,1,pre_allocation
989,1385,normal,0,0,65535_65535,0,4,32516,42,1,1,1,1,42,28,1,1,allocated
989,1385,normal,0,0,65535_65535,0,5,32730,0,0,1,0,0,0,28,1,1,pre_allocation
989,1385,normal,0,0,65535_65535,0,5,32730,42,1,1,1,1,42,28,1,1,allocated
989,1385,normal,0,0,65535_65535,0,1,81312,0,0,1,0,0,0,26,1,1,pre_allocation
989,1385,normal,0,0,65535_65535,0,1,81312,39,1,1,1,1,39,26,1,1,allocated
989,1385,normal,0,0,65535_65535,0,2,30132,42,0,1,0,1,0,28,1,1,pre_allocation
989,1385,normal,0,0,65535_65535,0,2,30132,88,1,1,1,2,88,28,1,1,allocated
989,1385,normal,0,0,65535_65535,0,3,30696,42,0,1,0,1,0,28,1,1,pre_allocation
989,1385,normal,0,0,65535_65535,0,3,30696,88,1,1,1,2,88,28,1,1,allocated
989,1385,normal,0,0,65535_65535,0,4,32516,42,0,1,0,1,0,28,1,1,pre_allocation
989,1385,normal,0,0,65535_65535,0,4,32516,88,1,1,1,2,88,28,1,1,allocated
989,1385,normal,0,0,65535_65535,0,5,32730,42,0,1,0,1,0,28,1,1,pre_allocation
989,1385,normal,0,0,65535_65535,0,5,32730,88,1,1,1,2,88,28,1,1,allocated
989,1385,normal,0,0,65535_65535,0,1,81312,39,0,1,0,1,0,26,1,1,pre_allocation
989,1385,normal,0,0,65535_65535,0,1,81312,81,1,1,1,2,81,26,1,1,allocated
989,1385,normal,0,0,65535_65535,0,2,30132,88,0,1,0,2,0,28,1,1,pre_allocation
989,1385,normal,0,0,65535_65535,0,2,30132,133,1,1,1,3,133,28,1,1,allocated
989,1385,normal,0,0,65535_65535,0,3,30696,88,0,1,0,2,0,28,1,1,pre_allocation
989,1385,normal,0,0,65535_65535,0,3,30696,133,1,1,1,3,133,28,1,1,allocated
989,1385,normal,0,0,65535_65535,0,4,32516,88,0,1,0,2,0,28,1,1,pre_allocation
989,1385,normal,0,0,65535_65535,0,4,32516,133,1,1,1,3,133,28,1,1,allocated
989,1385,normal,0,0,65535_65535,0,5,32730,88,0,1,0,2,0,28,1,1,pre_allocation
989,1385,normal,0,0,65535_65535,0,5,32730,133,1,1,1,3,133,28,1,1,allocated
989,1385,normal,0,0,65535_65535,0,1,81312,81,0,1,0,2,0,26,1,1,pre_allocation
989,1385,normal,0,0,65535_65535,0,1,81312,123,1,1,1,3,123,26,1,1,allocated
989,1385,normal,0,0,65535_65535,0,2,30132,133,0,1,0,3,0,28,1,1,pre_allocation
989,1385,normal,0,0,65535_65535,0,2,30132,179,1,1,1,4,179,28,1,1,allocated
989,1385,normal,0,0,65535_65535,0,3,30696,133,0,1,0,3,0,28,1,1,pre_allocation
989,1385,normal,0,0,65535_65535,0,3,30696,179,1,1,1,4,179,28,1,1,allocated
989,1385,normal,0,0,65535_65535,0,4,32516,133,0,1,0,3,0,28,1,1,pre_allocation
989,1385,normal,0,0,65535_65535,0,4,32516,179,1,1,1,4,179,28,1,1,allocated
989,1385,normal,0,0,65535_65535,0,5,32730,133,0,1,0,3,0,28,1,1,pre_allocation
989,1385,normal,0,0,65535_65535,0,5,32730,179,1,1,1,4,179,28,1,1,allocated
989,1385,normal,0,0,65535_65535,0,1,81312,123,0,1,0,3,0,26,1,1,pre_allocation
989,1385,normal,0,0,65535_65535,0,1,81312,165,1,1,1,4,165,26,1,1,allocated
989,1385,normal,0,0,65535_65535,0,2,30132,179,0,1,0,4,0,28,1,1,pre_allocation
989,1385,normal,0,0,65535_65535,0,2,30132,224,1,1,1,5,224,28,1,1,allocated
989,1385,normal,0,0,65535_65535,0,3,30696,179,0,1,0,4,0,28,1,1,pre_allocation
989,1385,normal,0,0,65535_65535,0,3,30696,224,1,1,1,5,224,28,1,1,allocated
989,1385,normal,0,0,65535_65535,0,4,32516,179,0,1,0,4,0,28,1,1,pre_allocation
989,1385,normal,0,0,65535_65535,0,4,32516,224,1,1,1,5,224,28,1,1,allocated
989,1385,normal,0,0,65535_65535,0,5,32730,179,0,1,0,4,0,28,1,1,pre_allocation
989,1385,normal,0,0,65535_65535,0,5,32730,224,1,1,1,5,224,28,1,1,allocated
989,1385,normal,0,0,65535_65535,0,1,81312,165,0,1,0,4,0,26,1,1,pre_allocation
989,1385,normal,0,0,65535_65535,0,1,81312,207,1,1,1,5,207,26,1,1,allocated
989,1385,normal,0,0,65535_65535,0,2,30132,224,0,1,0,5,0,28,1,1,pre_allocation
989,1385,normal,0,0,65535_65535,0,2,30132,270,1,1,1,6,270,28,1,1,allocated
989,1385,normal,0,0,65535_65535,0,3,30696,224,0,1,0,5,0,28,1,1,pre_allocation
989,1385,normal,0,0,65535_65535,0,3,30696,270,1,1,1,6,270,28,1,1,allocated
989,1385,normal,0,0,65535_65535,0,4,32516,224,0,1,0,5,0,28,1,1,pre_allocation
989,1385,normal,0,0,65535_65535,0,4,32516,270,1,1,1,6,270,28,1,1,allocated
989,1385,normal,0,0,65535_65535,0,5,32730,224,0,1,0,5,0,28,1,1,pre_allocation
989,1385,normal,0,0,65535_65535,0,5,32730,270,1,1,1,6,270,28,1,1,allocated
989,1385,normal,0,0,65535_65535,0,1,81312,207,0,1,0,5,0,26,1,1,pre_allocation
989,1385,normal,0,0,65535_65535,0,1,81312,249,1,1,1,6,249,26,1,1,allocated
989,1385,normal,0,0,65535_65535,0,2,30132,270,0,1,0,6,0,28,1,1,pre_allocation
989,1385,normal,0,0,65535_65535,0,2,30132,315,1,1,1,7,315,28,1,1,allocated
989,1385,normal,0,0,65535_65535,0,3,30696,270,0,1,0,6,0,28,1,1,pre_allocation
989,1385,normal,0,0,65535_65535,0,3,30696,315,1,1,1,7,315,28,1,1,allocated
989,1385,normal,0,0,65535_65535,0,4,32516,270,0,1,0,6,0,28,1,1,pre_allocation
989,1385,normal,0,0,65535_65535,0,4,32516,315,1,1,1,7,315,28,1,1,allocated
989,1385,normal,0,0,65535_65535,0,5,32730,270,0,1,0,6,0,28,1,1,pre_allocation
989,1385,normal,0,0,65535_65535,0,5,32730,315,1,1,1,7,315,28,1,1,allocated
989,1385,normal,0,0,65535_65535,0,1,81312,249,0,1,0,6,0,26,1,1,pre_allocation
989,1385,normal,0,0,65535_65535,0,1,81312,291,1,1,1,7,291,26,1,1,allocated
989,1385,normal,0,0,65535_65535,0,2,30132,315,0,1,0,7,0,28,1,1,pre_allocation
989,1385,normal,0,0,65535_65535,0,2,30132,361,1,1,1,8,361,28,1,1,allocated
989,1385,normal,0,0,65535_65535,0,3,30696,315,0,1,0,7,0,28,1,1,pre_allocation
989,1385,normal,0,0,65535_65535,0,3,30696,361,1,1,1,8,361,28,1,1,allocated
989,1385,normal,0,0,65535_65535,0,4,32516,315,0,1,0,7,0,28,1,1,pre_allocation
989,1385,normal,0,0,65535_65535,0,4,32516,361,1,1,1,8,361,28,1,1,allocated
989,1385,normal,0,0,65535_65535,0,5,32730,315,0,1,0,7,0,28,1,1,pre_allocation
989,1385,normal,0,0,65535_65535,0,5,32730,361,1,1,1,8,361,28,1,1,allocated
989,1385,normal,0,0,65535_65535,0,1,81312,291,0,1,0,7,0,26,1,1,pre_allocation
989,1385,normal,0,0,65535_65535,0,1,81312,333,1,1,1,8,333,26,1,1,allocated
989,1385,normal,0,0,65535_65535,0,2,30132,361,0,1,0,8,0,28,1,1,pre_allocation
989,1385,normal,0,0,65535_65535,0,2,30132,406,1,1,1,9,406,28,1,1,allocated
989,1385,normal,0,0,65535_65535,0,3,30696,361,0,1,0,8,0,28,1,1,pre_allocation
989,1385,normal,0,0,65535_65535,0,3,30696,406,1,1,1,9,406,28,1,1,allocated
989,1385,normal,0,0,65535_65535,0,4,32516,361,0,1,0,8,0,28,1,1,pre_allocation
989,1385,normal,0,0,65535_65535,0,4,32516,406,1,1,1,9,406,28,1,1,allocated
989,1385,normal,0,0,65535_65535,0,5,32730,361,0,1,0,8,0,28,1,1,pre_allocation
989,1385,normal,0,0,65535_65535,0,5,32730,406,1,1,1,9,406,28,1,1,allocated
989,1385,normal,0,0,65535_65535,0,1,81312,333,0,1,0,8,0,26,1,1,pre_allocation
989,1385,normal,0,0,65535_65535,0,1,81312,375,1,1,1,9,375,26,1,1,allocated
989,1385,normal,0,0,65535_65535,0,2,30132,406,0,1,0,9,0,28,1,1,pre_allocation
989,1385,normal,0,0,65535_65535,0,2,30132,452,1,1,1,10,452,28,1,1,allocated
989,1385,normal,0,0,65535_65535,0,3,30696,406,0,1,0,9,0,28,1,1,pre_allocation
989,1385,normal,0,0,65535_65535,0,3,30696,452,1,1,1,10,452,28,1,1,allocated
989,1385,normal,0,0,65535_65535,0,4,32516,406,0,1,0,9,0,28,1,1,pre_allocation
989,1385,normal,0,0,65535_65535,0,4,32516,452,1,1,1,10,452,28,1,1,allocated
989,1385,normal,0,0,65535_65535,0,5,32730,406,0,1,0,9,0,28,1,1,pre_allocation
989,1385,normal,0,0,65535_65535,0,5,32730,452,1,1,1,10,452,28,1,1,allocated
989,1385,normal,0,0,65535_65535,0,1,81312,375,0,1,0,9,0,26,1,1,pre_allocation
989,1385,normal,0,0,65535_65535,0,1,81312,417,1,1,1,10,417,26,1,1,allocated
989,1385,normal,0,0,65535_65535,0,2,30132,452,0,1,0,10,0,28,1,1,pre_allocation
989,1385,normal,0,0,65535_65535,0,2,30132,497,1,1,1,11,497,28,1,1,allocated
989,1385,normal,0,0,65535_65535,0,3,30696,452,0,1,0,10,0,28,1,1,pre_allocation
989,1385,normal,0,0,65535_65535,0,3,30696,497,1,1,1,11,497,28,1,1,allocated
989,1385,normal,0,0,65535_65535,0,4,32516,452,0,1,0,10,0,28,1,1,pre_allocation
989,1385,normal,0,0,65535_65535,0,4,32516,497,1,1,1,11,497,28,1,1,allocated
989,1385,normal,0,0,65535_65535,0,5,32730,452,0,1,0,10,0,28,1,1,pre_allocation
989,1385,normal,0,0,65535_65535,0,5,32730,497,1,1,1,11,497,28,1,1,allocated
989,1385,normal,0,0,65535_65535,0,1,81312,417,0,1,0,10,0,26,1,1,pre_allocation
989,1385,normal,0,0,65535_65535,0,1,81312,459,1,1,1,11,459,26,1,1,allocated
989,1385,normal,0,0,65535_65535,0,2,30132,497,0,1,0,11,0,28,1,1,pre_allocation
989,1385,normal,0,0,65535_65535,0,2,30132,543,1,1,1,12,543,28,1,1,allocated
989,1385,normal,0,0,65535_65535,0,3,30696,497,0,1,0,11,0,28,1,1,pre_allocation
989,1385,normal,0,0,65535_65535,0,3,30696,543,1,1,1,12,543,28,1,1,allocated
989,1385,normal,0,0,65535_65535,0,4,32516,497,0,1,0,11,0,28,1,1,pre_allocation
989,1385,normal,0,0,65535_65535,0,4,32516,543,1,1,1,12,543,28,1,1,allocated
989,1385,normal,0,0,65535_65535,0,5,32730,497,0,1,0,11,0,28,1,1,pre_allocation
989,1385,normal,0,0,65535_65535,0,5,32730,543,1,1,1,12,543,28,1,1,allocated
989,1385,normal,0,0,65535_65535,0,1,81312,459,0,1,0,11,0,26,1,1,pre_allocation
989,1385,normal,0,0,65535_65535,0,1,81312,501,1,1,1,12,501,26,1,1,allocated
989,1385,normal,0,0,65535_65535,0,2,30132,543,0,1,0,12,0,28,1,1,pre_allocation
989,1385,normal,0,0,65535_65535,0,2,30132,589,1,1,1,13,589,28,1,1,allocated
989,1385,normal,0,0,65535_65535,0,3,30696,543,0,1,0,12,0,28,1,1,pre_allocation
989,1385,normal,0,0,65535_65535,0,3,30696,589,1,1,1,13,589,28,1,1,allocated
989,1385,normal,0,0,65535_65535,0,4,32516,543,0,1,0,12,0,28,1,1,pre_allocation
989,1385,normal,0,0,65535_65535,0,4,32516,589,1,1,1,13,589,28,1,1,allocated
989,1385,normal,0,0,65535_65535,0,5,32730,543,0,1,0,12,0,28,1,1,pre_allocation
989,1385,normal,0,0,65535_65535,0,5,32730,589,1,1,1,13,589,28,1,1,allocated
989,1385,normal,0,0,65535_65535,0,1,81312,501,0,1,0,12,0,26,1,1,pre_allocation
989,1385,normal,0,0,65535_65535,0,1,81312,543,1,1,1,13,543,26,1,1,allocated
989,1385,normal,0,0,65535_65535,0,2,30132,589,0,1,0,13,0,28,1,1,pre_allocation
989,1385,normal,0,0,65535_65535,0,2,30132,634,1,1,1,14,634,28,1,1,allocated
989,1385,normal,0,0,65535_65535,0,3,30696,589,0,1,0,13,0,28,1,1,pre_allocation
989,1385,normal,0,0,65535_65535,0,3,30696,634,1,1,1,14,634,28,1,1,allocated
989,1385,normal,0,0,65535_65535,0,4,32516,589,0,1,0,13,0,28,1,1,pre_allocation
989,1385,normal,0,0,65535_65535,0,4,32516,634,1,1,1,14,634,28,1,1,allocated
989,1385,normal,0,0,65535_65535,0,5,32730,589,0,1,0,13,0,28,1,1,pre_allocation
989,1385,normal,0,0,65535_65535,0,5,32730,634,1,1,1,14,634,28,1,1,allocated
989,1385,normal,0,0,65535_65535,0,1,81312,543,0,1,0,13,0,26,1,1,pre_allocation
989,1385,normal,0,0,65535_65535,0,1,81312,586,1,1,1,14,586,26,1,1,allocated
989,1385,normal,0,0,65535_65535,0,2,30132,634,0,1,0,14,0,28,1,1,pre_allocation
989,1385,normal,0,0,65535_65535,0,2,30132,680,1,1,1,15,680,28,1,1,allocated
989,1385,normal,0,0,65535_65535,0,3,30696,634,0,1,0,14,0,28,1,1,pre_allocation
989,1385,normal,0,0,65535_65535,0,3,30696,680,1,1,1,15,680,28,1,1,allocated
989,1385,normal,0,0,65535_65535,0,4,32516,634,0,1,0,14,0,28,1,1,pre_allocation
989,1385,normal,0,0,65535_65535,0,4,32516,680,1,1,1,15,680,28,1,1,allocated
989,1385,normal,0,0,65535_65535,0,5,32730,634,0,1,0,14,0,28,1,1,pre_allocation
989,1385,normal,0,0,65535_65535,0,5,32730,680,1,1,1,15,680,28,1,1,allocated
989,1385,normal,0,0,65535_65535,0,1,81312,586,0,1,0,14,0,26,1,1,pre_allocation
989,1385,normal,0,0,65535_65535,0,1,81312,628,1,1,1,15,628,26,1,1,allocated
989,1385,normal,0,0,65535_65535,0,2,30132,680,0,1,0,15,0,28,1,1,pre_allocation
989,1385,normal,0,0,65535_65535,0,2,30132,725,1,1,1,16,725,28,1,1,allocated
989,1385,normal,0,0,65535_65535,0,3,30696,680,0,1,0,15,0,28,1,1,pre_allocation
989,1385,normal,0,0,65535_65535,0,3,30696,725,1,1,1,16,725,28,1,1,allocated
989,1385,normal,0,0,65535_65535,0,4,32516,680,0,1,0,15,0,28,1,1,pre_allocation
989,1385,normal,0,0,65535_65535,0,4,32516,725,1,1,1,16,725,28,1,1,allocated
989,1385,normal,0,0,65535_65535,0,5,32730,680,0,1,0,15,0,28,1,1,pre_allocation
989,1385,normal,0,0,65535_65535,0,5,32730,725,1,1,1,16,725,28,1,1,allocated
989,1385,normal,0,0,65535_65535,0,1,81312,628,0,1,0,15,0,26,1,1,pre_allocation
989,1385,normal,0,0,65535_65535,0,1,81312,670,1,1,1,16,670,26,1,1,allocated
989,1385,normal,0,0,65535_65535,0,2,30132,725,0,1,0,16,0,28,1,1,pre_allocation
989,1385,normal,0,0,65535_65535,0,2,30132,771,1,1,1,17,771,28,1,1,allocated
989,1385,normal,0,0,65535_65535,0,3,30696,725,0,1,0,16,0,28,1,1,pre_allocation
989,1385,normal,0,0,65535_65535,0,3,30696,771,1,1,1,17,771,28,1,1,allocated
989,1385,normal,0,0,65535_65535,0,4,32516,725,0,1,0,16,0,28,1,1,pre_allocation
989,1385,normal,0,0,65535_65535,0,4,32516,771,1,1,1,17,771,28,1,1,allocated
989,1385,normal,0,0,65535_65535,0,5,32730,725,0,1,0,16,0,28,1,1,pre_allocation
989,1385,normal,0,0,65535_65535,0,5,32730,771,1,1,1,17,771,28,1,1,allocated
989,1385,normal,0,0,65535_65535,0,1,81312,670,0,1,0,16,0,26,1,1,pre_allocation
989,1385,normal,0,0,65535_65535,0,1,81312,712,1,1,1,17,712,26,1,1,allocated
989,1385,normal,0,0,65535_65535,0,2,30132,771,0,1,0,17,0,28,1,1,pre_allocation
989,1385,normal,0,0,65535_65535,0,2,30132,816,1,1,1,18,816,28,1,1,allocated
989,1385,normal,0,0,65535_65535,0,3,30696,771,0,1,0,17,0,28,1,1,pre_allocation
989,1385,normal,0,0,65535_65535,0,3,30696,816,1,1,1,18,816,28,1,1,allocated
989,1385,normal,0,0,65535_65535,0,4,32516,771,0,1,0,17,0,28,1,1,pre_allocation
989,1385,normal,0,0,65535_65535,0,4,32516,816,1,1,1,18,816,28,1,1,allocated
989,1385,normal,0,0,65535_65535,0,5,32730,771,0,1,0,17,0,28,1,1,pre_allocation
989,1385,normal,0,0,65535_65535,0,5,32730,816,1,1,1,18,816,28,1,1,allocated
989,1385,normal,0,0,65535_65535,0,1,81312,712,0,1,0,17,0,26,1,1,pre_allocation
989,1385,normal,0,0,65535_65535,0,1,81312,754,1,1,1,18,754,26,1,1,allocated
989,1385,normal,0,0,65535_65535,0,2,30132,816,0,1,0,18,0,28,1,1,pre_allocation
989,1385,normal,0,0,65535_65535,0,2,30132,862,1,1,1,19,862,28,1,1,allocated
989,1385,normal,0,0,65535_65535,0,3,30696,816,0,1,0,18,0,28,1,1,pre_allocation
989,1385,normal,0,0,65535_65535,0,3,30696,862,1,1,1,19,862,28,1,1,allocated
989,1385,normal,0,0,65535_65535,0,4,32516,816,0,1,0,18,0,28,1,1,pre_allocation
989,1385,normal,0,0,65535_65535,0,4,32516,862,1,1,1,19,862,28,1,1,allocated
989,1385,normal,0,0,65535_65535,0,5,32730,816,0,1,0,18,0,28,1,1,pre_allocation
989,1385,normal,0,0,65535_65535,0,5,32730,862,1,1,1,19,862,28,1,1,allocated
989,1385,normal,0,0,65535_65535,0,1,81312,754,0,1,0,18,0,26,1,1,pre_allocation
989,1385,normal,0,0,65535_65535,0,1,81312,796,1,1,1,19,796,26,1,1,allocated
989,1385,normal,0,0,65535_65535,0,2,30132,862,0,1,0,19,0,28,1,1,pre_allocation
989,1385,normal,0,0,65535_65535,0,2,30132,907,1,1,1,20,907,28,1,1,allocated
989,1385,normal,0,0,65535_65535,0,3,30696,862,0,1,0,19,0,28,1,1,pre_allocation
989,1385,normal,0,0,65535_65535,0,3,30696,907,1,1,1,20,907,28,1,1,allocated
989,1385,normal,0,0,65535_65535,0,4,32516,862,0,1,0,19,0,28,1,1,pre_allocation
989,1385,normal,0,0,65535_65535,0,4,32516,907,1,1,1,20,907,28,1,1,allocated
989,1385,normal,0,0,65535_65535,0,5,32730,862,0,1,0,19,0,28,1,1,pre_allocation
989,1385,normal,0,0,65535_65535,0,5,32730,907,1,1,1,20,907,28,1,1,allocated
989,1385,normal,0,0,65535_65535,0,1,81312,796,0,1,0,19,0,26,1,1,pre_allocation
989,1385,normal,0,0,65535_65535,0,1,81312,838,1,1,1,20,838,26,1,1,allocated
989,1385,normal,0,0,65535_65535,0,2,30132,907,0,1,0,20,0,28,1,1,pre_allocation
989,1385,normal,0,0,65535_65535,0,2,30132,953,1,1,1,21,953,28,1,1,allocated
989,1385,normal,0,0,65535_65535,0,3,30696,907,0,1,0,20,0,28,1,1,pre_allocation
989,1385,normal,0,0,65535_65535,0,3,30696,953,1,1,1,21,953,28,1,1,allocated
989,1385,normal,0,0,65535_65535,0,4,32516,907,0,1,0,20,0,28,1,1,pre_allocation
989,1385,normal,0,0,65535_65535,0,4,32516,953,1,1,1,21,953,28,1,1,allocated
989,1385,normal,0,0,65535_65535,0,5,32730,907,0,1,0,20,0,28,1,1,pre_allocation
989,1385,normal,0,0,65535_65535,0,5,32730,953,1,1,1,21,953,28,1,1,allocated
989,1385,normal,0,0,65535_65535,0,1,81312,838,0,1,0,20,0,26,1,1,pre_allocation
989,1385,normal,0,0,65535_65535,0,1,81312,880,1,1,1,21,880,26,1,1,allocated
989,1385,normal,0,0,65535_65535,0,2,30132,953,0,1,0,21,0,28,1,1,pre_allocation
989,1385,normal,0,0,65535_65535,0,2,30132,998,1,1,1,22,998,28,1,1,allocated
989,1385,normal,0,0,65535_65535,0,3,30696,953,0,1,0,21,0,28,1,1,pre_allocation
989,1385,normal,0,0,65535_65535,0,3,30696,998,1,1,1,22,998,28,1,1,allocated
989,1385,normal,0,0,65535_65535,0,4,32516,953,0,1,0,21,0,28,1,1,pre_allocation
989,1385,normal,0,0,65535_65535,0,4,32516,998,1,1,1,22,998,28,1,1,allocated
989,1385,normal,0,0,65535_65535,0,5,32730,953,0,1,0,21,0,28,1,1,pre_allocation
989,1385,normal,0,0,65535_65535,0,5,32730,998,1,1,1,22,998,28,1,1,allocated
989,1385,normal,0,0,65535_65535,0,1,81312,880,0,1,0,21,0,26,1,1,pre_allocation
989,1385,normal,0,0,65535_65535,0,1,81312,922,1,1,1,22,922,26,1,1,allocated
989,1385,normal,0,0,65535_65535,0,2,30132,998,0,1,0,22,0,28,1,1,pre_allocation
989,1385,normal,0,0,65535_65535,0,2,30132,1044,1,1,1,23,1044,28,1,1,allocated
989,1385,normal,0,0,65535_65535,0,3,30696,998,0,1,0,22,0,28,1,1,pre_allocation
989,1385,normal,0,0,65535_65535,0,3,30696,1044,1,1,1,23,1044,28,1,1,allocated
989,1385,normal,0,0,65535_65535,0,4,32516,998,0,1,0,22,0,28,1,1,pre_allocation
989,1385,normal,0,0,65535_65535,0,4,32516,1044,1,1,1,23,1044,28,1,1,allocated
989,1385,normal,0,0,65535_65535,0,5,32730,998,0,1,0,22,0,28,1,1,pre_allocation
989,1385,normal,0,0,65535_65535,0,5,32730,1044,1,1,1,23,1044,28,1,1,allocated
989,1385,normal,0,0,65535_65535,0,1,81312,922,0,1,0,22,0,26,1,1,pre_allocation
989,1385,normal,0,0,65535_65535,0,1,81312,964,1,1,1,23,964,26,1,1,allocated
989,1385,normal,0,0,65535_65535,0,2,30132,1044,0,1,0,23,0,28,1,1,pre_allocation
989,1385,normal,0,0,65535_65535,0,2,30132,1089,1,1,1,24,1089,28,1,1,allocated
989,1385,normal,0,0,65535_65535,0,3,30696,1044,0,1,0,23,0,28,1,1,pre_allocation
989,1385,normal,0,0,65535_65535,0,3,30696,1089,1,1,1,24,1089,28,1,1,allocated
989,1385,normal,0,0,65535_65535,0,4,32516,1044,0,1,0,23,0,28,1,1,pre_allocation
989,1385,normal,0,0,65535_65535,0,4,32516,1089,1,1,1,24,1089,28,1,1,allocated
989,1385,normal,0,0,65535_65535,0,5,32730,1044,0,1,0,23,0,28,1,1,pre_allocation
989,1385,normal,0,0,65535_65535,0,5,32730,1089,1,1,1,24,1089,28,1,1,allocated
989,1385,normal,0,0,65535_65535,0,1,81312,964,0,1,0,23,0,26,1,1,pre_allocation
989,1385,normal,0,0,65535_65535,0,1,81312,1006,1,1,1,24,1006,26,1,1,allocated
989,1385,normal,0,0,65535_65535,0,2,30132,1089,0,1,0,24,0,28,1,1,pre_allocation
989,1385,normal,0,0,65535_65535,0,2,30132,1135,1,1,1,25,1135,28,1,1,allocated
989,1385,normal,0,0,65535_65535,0,3,30696,1089,0,1,0,24,0,28,1,1,pre_allocation
989,1385,normal,0,0,65535_65535,0,3,30696,1135,1,1,1,25,1135,28,1,1,allocated
989,1385,normal,0,0,65535_65535,0,4,32516,1089,0,1,0,24,0,28,1,1,pre_allocation
989,1385,normal,0,0,65535_65535,0,4,32516,1135,1,1,1,25,1135,28,1,1,allocated
989,1385,normal,0,0,65535_65535,0,5,32730,1089,0,1,0,24,0,28,1,1,pre_allocation
989,1385,normal,0,0,65535_65535,0,5,32730,1135,1,1,1,25,1135,28,1,1,allocated
989,1385,normal,0,0,65535_65535,0,1,81312,1006,0,1,0,24,0,26,1,1,pre_allocation
989,1385,normal,0,0,65535_65535,0,1,81312,1048,1,1,1,25,1048,26,1,1,allocated
989,1385,normal,0,0,65535_65535,0,2,30132,1135,0,1,0,25,0,28,1,1,pre_allocation
989,1385,normal,0,0,65535_65535,0,2,30132,1181,1,1,1,26,1181,28,1,1,allocated
989,1385,normal,0,0,65535_65535,1,6,87,0,0,1,0,0,0,28,1,1,pre_allocation
989,1385,normal,0,0,65535_65535,1,6,87,42,1,1,1,1,42,28,1,1,allocated
989,1385,normal,0,0,65535_65535,1,7,87,0,0,1,0,0,0,28,1,1,pre_allocation
989,1385,normal,0,0,65535_65535,1,7,87,42,1,1,1,1,42,28,1,1,allocated
989,1385,normal,0,0,65535_65535,1,9,87,0,0,1,0,0,0,28,1,1,pre_allocation
989,1385,normal,0,0,65535_65535,1,9,87,42,1,1,1,1,42,28,1,1,allocated
989,1385,normal,0,0,65535_65535,1,10,87,0,0,1,0,0,0,28,1,1,pre_allocation
989,1385,normal,0,0,65535_65535,1,10,87,42,1,1,1,1,42,28,1,1,allocated
989,1385,normal,0,0,65535_65535,1,6,87,42,0,1,0,1,0,28,1,1,pre_allocation
989,1385,normal,0,0,65535_65535,1,6,87,88,1,1,1,2,88,28,1,1,allocated
989,1385,normal,0,0,65535_65535,1,7,87,42,0,1,0,1,0,28,1,1,pre_allocation
989,1385,normal,0,0,65535_65535,1,7,87,88,1,1,1,2,88,28,1,1,allocated
989,1385,normal,0,0,65535_65535,1,9,87,42,0,1,0,1,0,28,1,1,pre_allocation
989,1385,normal,0,0,65535_65535,1,9,87,88,1,1,1,2,88,28,1,1,allocated
989,1385,normal,0,0,65535_65535,1,10,87,42,0,1,0,1,0,28,1,1,pre_allocation
989,1385,normal,0,0,65535_65535,1,10,87,88,1,1,1,2,88,28,1,1,allocated
989,1385,normal,0,0,65535_65535,1,6,87,88,0,1,0,2,0,28,1,1,pre_allocation
989,1385,normal,0,0,65535_65535,1,6,87,133,1,1,1,3,133,28,1,1,allocated
989,1385,normal,0,0,65535_65535,1,7,87,88,0,1,0,2,0,28,1,1,pre_allocation
989,1385,normal,0,0,65535_65535,1,7,87,133,1,1,1,3,133,28,1,1,allocated
989,1385,normal,0,0,65535_65535,1,9,87,88,0,1,0,2,0,28,1,1,pre_allocation
989,1385,normal,0,0,65535_65535,1,9,87,133,1,1,1,3,133,28,1,1,allocated
989,1385,normal,0,0,65535_65535,1,10,87,88,0,1,0,2,0,28,1,1,pre_allocation
989,1385,normal,0,0,65535_65535,1,10,87,133,1,1,1,3,133,28,1,1,allocated
989,1385,normal,0,0,65535_65535,1,6,87,133,0,1,0,3,0,28,1,1,pre_allocation
989,1385,normal,0,0,65535_65535,1,6,87,179,1,1,1,4,179,28,1,1,allocated
989,1385,normal,0,0,65535_65535,1,7,87,133,0,1,0,3,0,28,1,1,pre_allocation
989,1385,normal,0,0,65535_65535,1,7,87,179,1,1,1,4,179,28,1,1,allocated
989,1385,normal,0,0,65535_65535,1,9,87,133,0,1,0,3,0,28,1,1,pre_allocation
989,1385,normal,0,0,65535_65535,1,9,87,179,1,1,1,4,179,28,1,1,allocated
989,1385,normal,0,0,65535_65535,1,10,87,133,0,1,0,3,0,28,1,1,pre_allocation
989,1385,normal,0,0,65535_65535,1,10,87,179,1,1,1,4,179,28,1,1,allocated
989,1385,normal,0,0,65535_65535,1,6,87,179,0,1,0,4,0,28,1,1,pre_allocation
989,1385,normal,0,0,65535_65535,1,6,87,224,1,1,1,5,224,28,1,1,allocated
989,1385,normal,0,0,65535_65535,1,7,87,179,0,1,0,4,0,28,1,1,pre_allocation
989,1385,normal,0,0,65535_65535,1,7,87,224,1,1,1,5,224,28,1,1,allocated
989,1385,normal,0,0,65535_65535,1,9,87,179,0,1,0,4,0,28,1,1,pre_allocation
989,1385,normal,0,0,65535_65535,1,9,87,224,1,1,1,5,224,28,1,1,allocated
989,1385,normal,0,0,65535_65535,1,10,87,179,0,1,0,4,0,28,1,1,pre_allocation
989,1385,normal,0,0,65535_65535,1,10,87,224,1,1,1,5,224,28,1,1,allocated
989,1385,normal,0,0,65535_65535,1,6,87,224,0,1,0,5,0,28,1,1,pre_allocation
989,1385,normal,0,0,65535_65535,1,6,87,270,1,1,1,6,270,28,1,1,allocated
989,1385,normal,0,0,65535_65535,1,7,87,224,0,1,0,5,0,28,1,1,pre_allocation
989,1385,normal,0,0,65535_65535,1,7,87,270,1,1,1,6,270,28,1,1,allocated
989,1385,normal,0,0,65535_65535,1,9,87,224,0,1,0,5,0,28,1,1,pre_allocation
989,1385,normal,0,0,65535_65535,1,9,87,270,1,1,1,6,270,28,1,1,allocated
989,1385,normal,0,0,65535_65535,1,10,87,224,0,1,0,5,0,28,1,1,pre_allocation
989,1385,normal,0,0,65535_65535,1,10,87,270,1,1,1,6,270,28,1,1,allocated
989,1385,normal,0,0,65535_65535,1,6,87,270,0,1,0,6,0,28,1,1,pre_allocation
989,1385,normal,0,0,65535_65535,1,6,87,315,1,1,1,7,315,28,1,1,allocated
989,1385,normal,0,0,65535_65535,1,7,87,270,0,1,0,6,0,28,1,1,pre_allocation
989,1385,normal,0,0,65535_65535,1,7,87,315,1,1,1,7,315,28,1,1,allocated
989,1385,normal,0,0,65535_65535,1,9,87,270,0,1,0,6,0,28,1,1,pre_allocation
989,1385,normal,0,0,65535_65535,1,9,87,315,1,1,1,7,315,28,1,1,allocated
989,1385,normal,0,0,65535_65535,1,10,87,270,0,1,0,6,0,28,1,1,pre_allocation
989,1385,normal,0,0,65535_65535,1,10,87,315,1,1,1,7,315,28,1,1,allocated
989,1385,normal,0,0,65535_65535,1,6,87,315,0,1,0,7,0,28,1,1,pre_allocation
989,1385,normal,0,0,65535_65535,1,6,87,361,1,1,1,8,361,28,1,1,allocated
989,1385,normal,0,0,65535_65535,1,7,87,315,0,1,0,7,0,28,1,1,pre_allocation
989,1385,normal,0,0,65535_65535,1,7,87,361,1,1,1,8,361,28,1,1,allocated
989,1385,normal,0,0,65535_65535,1,9,87,315,0,1,0,7,0,28,1,1,pre_allocation
989,1385,normal,0,0,65535_65535,1,9,87,361,1,1,1,8,361,28,1,1,allocated
989,1385,normal,0,0,65535_65535,1,10,87,315,0,1,0,7,0,28,1,1,pre_allocation
989,1385,normal,0,0,65535_65535,1,10,87,361,1,1,1,8,361,28,1,1,allocated
989,1385,normal,0,0,65535_65535,1,6,87,361,0,1,0,8,0,28,1,1,pre_allocation
989,1385,normal,0,0,65535_65535,1,6,87,406,1,1,1,9,406,28,1,1,allocated
989,1385,normal,0,0,65535_65535,1,7,87,361,0,1,0,8,0,28,1,1,pre_allocation
989,1385,normal,0,0,65535_65535,1,7,87,406,1,1,1,9,406,28,1,1,allocated
989,1385,normal,0,0,65535_65535,1,9,87,361,0,1,0,8,0,28,1,1,pre_allocation
989,1385,normal,0,0,65535_65535,1,9,87,406,1,1,1,9,406,28,1,1,allocated
989,1385,normal,0,0,65535_65535,1,10,87,361,0,1,0,8,0,28,1,1,pre_allocation
989,1385,normal,0,0,65535_65535,1,10,87,406,1,1,1,9,406,28,1,1,allocated
989,1385,normal,0,0,65535_65535,1,6,87,406,0,1,0,9,0,28,1,1,pre_allocation
989,1385,normal,0,0,65535_65535,1,6,87,452,1,1,1,10,452,28,1,1,allocated
989,1385,normal,0,0,65535_65535,1,7,87,406,0,1,0,9,0,28,1,1,pre_allocation
989,1385,normal,0,0,65535_65535,1,7,87,452,1,1,1,10,452,28,1,1,allocated
989,1385,normal,0,0,65535_65535,1,9,87,406,0,1,0,9,0,28,1,1,pre_allocation
989,1385,normal,0,0,65535_65535,1,9,87,452,1,1,1,10,452,28,1,1,allocated
989,1385,normal,0,0,65535_65535,1,10,87,406,0,1,0,9,0,28,1,1,pre_allocation
989,1385,normal,0,0,65535_65535,1,10,87,452,1,1,1,10,452,28,1,1,allocated
989,1385,normal,0,0,65535_65535,1,6,87,452,0,1,0,10,0,28,1,1,pre_allocation
989,1385,normal,0,0,65535_65535,1,6,87,497,1,1,1,11,497,28,1,1,allocated
989,1385,normal,0,0,65535_65535,1,7,87,452,0,1,0,10,0,28,1,1,pre_allocation
989,1385,normal,0,0,65535_65535,1,7,87,497,1,1,1,11,497,28,1,1,allocated
989,1385,normal,0,0,65535_65535,1,9,87,452,0,1,0,10,0,28,1,1,pre_allocation
989,1385,normal,0,0,65535_65535,1,9,87,497,1,1,1,11,497,28,1,1,allocated
989,1385,normal,0,0,65535_65535,1,10,87,452,0,1,0,10,0,28,1,1,pre_allocation
989,1385,normal,0,0,65535_65535,1,10,87,497,1,1,1,11,497,28,1,1,allocated
989,1385,normal,0,0,65535_65535,1,6,87,497,0,1,0,11,0,28,1,1,pre_allocation
989,1385,normal,0,0,65535_65535,1,6,87,543,1,1,1,12,543,28,1,1,allocated
989,1385,normal,0,0,65535_65535,1,7,87,497,0,1,0,11,0,28,1,1,pre_allocation
989,1385,normal,0,0,65535_65535,1,7,87,543,1,1,1,12,543,28,1,1,allocated
989,1385,normal,0,0,65535_65535,1,9,87,497,0,1,0,11,0,28,1,1,pre_allocation
989,1385,normal,0,0,65535_65535,1,9,87,543,1,1,1,12,543,28,1,1,allocated
989,1385,normal,0,0,65535_65535,1,10,87,497,0,1,0,11,0,28,1,1,pre_allocation
989,1385,normal,0,0,65535_65535,1,10,87,543,1,1,1,12,543,28,1,1,allocated
989,1385,normal,0,0,65535_65535,1,6,87,543,0,1,0,12,0,28,1,1,pre_allocation
989,1385,normal,0,0,65535_65535,1,6,87,589,1,1,1,13,589,28,1,1,allocated
989,1385,normal,0,0,65535_65535,1,7,87,543,0,1,0,12,0,28,1,1,pre_allocation
989,1385,normal,0,0,65535_65535,1,7,87,589,1,1,1,13,589,28,1,1,allocated
989,1385,normal,0,0,65535_65535,1,9,87,543,0,1,0,12,0,28,1,1,pre_allocation
989,1385,normal,0,0,65535_65535,1,9,87,589,1,1,1,13,589,28,1,1,allocated
989,1385,normal,0,0,65535_65535,1,10,87,543,0,1,0,12,0,28,1,1,pre_allocation
989,1385,normal,0,0,65535_65535,1,10,87,589,1,1,1,13,589,28,1,1,allocated
989,1385,normal,0,0,65535_65535,1,6,87,589,0,1,0,13,0,28,1,1,pre_allocation
989,1385,normal,0,0,65535_65535,1,6,87,634,1,1,1,14,634,28,1,1,allocated
989,1385,normal,0,0,65535_65535,1,7,87,589,0,1,0,13,0,28,1,1,pre_allocation
989,1385,normal,0,0,65535_65535,1,7,87,634,1,1,1,14,634,28,1,1,allocated
989,1385,normal,0,0,65535_65535,1,9,87,589,0,1,0,13,0,28,1,1,pre_allocation
989,1385,normal,0,0,65535_65535,1,9,87,634,1,1,1,14,634,28,1,1,allocated
989,1385,normal,0,0,65535_65535,1,10,87,589,0,1,0,13,0,28,1,1,pre_allocation
989,1385,normal,0,0,65535_65535,1,10,87,634,1,1,1,14,634,28,1,1,allocated
989,1385,normal,0,0,65535_65535,1,6,87,634,0,1,0,14,0,28,1,1,pre_allocation
989,1385,normal,0,0,65535_65535,1,6,87,680,1,1,1,15,680,28,1,1,allocated
989,1385,normal,0,0,65535_65535,1,7,87,634,0,1,0,14,0,28,1,1,pre_allocation
989,1385,normal,0,0,65535_65535,1,7,87,680,1,1,1,15,680,28,1,1,allocated
989,1385,normal,0,0,65535_65535,1,9,87,634,0,1,0,14,0,28,1,1,pre_allocation
989,1385,normal,0,0,65535_65535,1,9,87,680,1,1,1,15,680,28,1,1,allocated
989,1385,normal,0,0,65535_65535,1,10,87,634,0,1,0,14,0,28,1,1,pre_allocation
989,1385,normal,0,0,65535_65535,1,10,87,680,1,1,1,15,680,28,1,1,allocated
989,1385,normal,0,0,65535_65535,1,6,87,680,0,1,0,15,0,28,1,1,pre_allocation
989,1385,normal,0,0,65535_65535,1,6,87,725,1,1,1,16,725,28,1,1,allocated
989,1385,normal,0,0,65535_65535,1,7,87,680,0,1,0,15,0,28,1,1,pre_allocation
989,1385,normal,0,0,65535_65535,1,7,87,725,1,1,1,16,725,28,1,1,allocated
989,1385,normal,0,0,65535_65535,1,9,87,680,0,1,0,15,0,28,1,1,pre_allocation
989,1385,normal,0,0,65535_65535,1,9,87,725,1,1,1,16,725,28,1,1,allocated
989,1385,normal,0,0,65535_65535,1,10,87,680,0,1,0,15,0,28,1,1,pre_allocation
989,1385,normal,0,0,65535_65535,1,10,87,725,1,1,1,16,725,28,1,1,allocated
989,1385,normal,0,0,65535_65535,1,6,87,725,0,1,0,16,0,28,1,1,pre_allocation
989,1385,normal,0,0,65535_65535,1,6,87,771,1,1,1,17,771,28,1,1,allocated
989,1385,normal,0,0,65535_65535,1,7,87,725,0,1,0,16,0,28,1,1,pre_allocation
989,1385,normal,0,0,65535_65535,1,7,87,771,1,1,1,17,771,28,1,1,allocated
989,1385,normal,0,0,65535_65535,1,9,87,725,0,1,0,16,0,28,1,1,pre_allocation
989,1385,normal,0,0,65535_65535,1,9,87,771,1,1,1,17,771,28,1,1,allocated
989,1385,normal,0,0,65535_65535,1,10,87,725,0,1,0,16,0,28,1,1,pre_allocation
989,1385,normal,0,0,65535_65535,1,10,87,771,1,1,1,17,771,28,1,1,allocated
989,1385,normal,0,0,65535_65535,1,6,87,771,0,1,0,17,0,28,1,1,pre_allocation
989,1385,normal,0,0,65535_65535,1,6,87,816,1,1,1,18,816,28,1,1,allocated
989,1385,normal,0,0,65535_65535,1,7,87,771,0,1,0,17,0,28,1,1,pre_allocation
989,1385,normal,0,0,65535_65535,1,7,87,816,1,1,1,18,816,28,1,1,allocated
989,1385,normal,0,0,65535_65535,1,9,87,771,0,1,0,17,0,28,1,1,pre_allocation
989,1385,normal,0,0,65535_65535,1,9,87,816,1,1,1,18,816,28,1,1,allocated
989,1385,normal,0,0,65535_65535,1,10,87,771,0,1,0,17,0,28,1,1,pre_allocation
989,1385,normal,0,0,65535_65535,1,10,87,816,1,1,1,18,816,28,1,1,allocated
989,1385,normal,0,0,65535_65535,1,6,87,816,0,1,0,18,0,28,1,1,pre_allocation
989,1385,normal,0,0,65535_65535,1,6,87,862,1,1,1,19,862,28,1,1,allocated
989,1385,normal,0,0,65535_65535,1,7,87,816,0,1,0,18,0,28,1,1,pre_allocation
989,1385,normal,0,0,65535_65535,1,7,87,862,1,1,1,19,862,28,1,1,allocated
989,1385,normal,0,0,65535_65535,1,9,87,816,0,1,0,18,0,28,1,1,pre_allocation
989,1385,normal,0,0,65535_65535,1,9,87,862,1,1,1,19,862,28,1,1,allocated
989,1385,normal,0,0,65535_65535,1,10,87,816,0,1,0,18,0,28,1,1,pre_allocation
989,1385,normal,0,0,65535_65535,1,10,87,862,1,1,1,19,862,28,1,1,allocated
989,1385,normal,0,0,65535_65535,1,6,87,862,0,1,0,19,0,28,1,1,pre_allocation
989,1385,normal,0,0,65535_65535,1,6,87,907,1,1,1,20,907,28,1,1,allocated
989,1385,normal,0,0,65535_65535,1,7,87,862,0,1,0,19,0,28,1,1,pre_allocation
989,1385,normal,0,0,65535_65535,1,7,87,907,1,1,1,20,907,28,1,1,allocated
989,1385,normal,0,0,65535_65535,1,9,87,862,0,1,0,19,0,28,1,1,pre_allocation
989,1385,normal,0,0,65535_65535,1,9,87,907,1,1,1,20,907,28,1,1,allocated
989,1385,normal,0,0,65535_65535,1,10,87,862,0,1,0,19,0,28,1,1,pre_allocation
989,1385,normal,0,0,65535_65535,1,10,87,907,1,1,1,20,907,28,1,1,allocated
989,1385,normal,0,0,65535_65535,1,6,87,907,0,1,0,20,0,28,1,1,pre_allocation
989,1385,normal,0,0,65535_65535,1,6,87,953,1,1,1,21,953,28,1,1,allocated
989,1385,normal,0,0,65535_65535,1,7,87,907,0,1,0,20,0,28,1,1,pre_allocation
989,1385,normal,0,0,65535_65535,1,7,87,953,1,1,1,21,953,28,1,1,allocated
989,1385,normal,0,0,65535_65535,1,9,87,907,0,1,0,20,0,28,1,1,pre_allocation
989,1385,normal,0,0,65535_65535,1,9,87,953,1,1,1,21,953,28,1,1,allocated
989,1385,normal,0,0,65535_65535,1,10,87,907,0,1,0,20,0,28,1,1,pre_allocation
989,1385,normal,0,0,65535_65535,1,10,87,953,1,1,1,21,953,28,1,1,allocated
989,1385,normal,0,0,65535_65535,1,6,87,953,0,1,0,21,0,28,1,1,pre_allocation
989,1385,normal,0,0,65535_65535,1,6,87,998,1,1,1,22,998,28,1,1,allocated
989,1385,normal,0,0,65535_65535,1,7,87,953,0,1,0,21,0,28,1,1,pre_allocation
989,1385,normal,0,0,65535_65535,1,7,87,998,1,1,1,22,998,28,1,1,allocated
989,1385,normal,0,0,65535_65535,1,9,87,953,0,1,0,21,0,28,1,1,pre_allocation
989,1385,normal,0,0,65535_65535,1,9,87,998,1,1,1,22,998,28,1,1,allocated
989,1385,normal,0,0,65535_65535,1,10,87,953,0,1,0,21,0,28,1,1,pre_allocation
989,1385,normal,0,0,65535_65535,1,10,87,998,1,1,1,22,998,28,1,1,allocated
989,1385,normal,0,0,65535_65535,1,6,87,998,0,1,0,22,0,28,1,1,pre_allocation
989,1385,normal,0,0,65535_65535,1,6,87,1044,1,1,1,23,1044,28,1,1,allocated
989,1385,normal,0,0,65535_65535,1,7,87,998,0,1,0,22,0,28,1,1,pre_allocation
989,1385,normal,0,0,65535_65535,1,7,87,1044,1,1,1,23,1044,28,1,1,allocated
989,1385,normal,0,0,65535_65535,1,9,87,998,0,1,0,22,0,28,1,1,pre_allocation
989,1385,normal,0,0,65535_65535,1,9,87,1044,1,1,1,23,1044,28,1,1,allocated
989,1385,normal,0,0,65535_65535,1,10,87,998,0,1,0,22,0,28,1,1,pre_allocation
989,1385,normal,0,0,65535_65535,1,10,87,1044,1,1,1,23,1044,28,1,1,allocated
989,1385,normal,0,0,65535_65535,1,6,87,1044,0,1,0,23,0,28,1,1,pre_allocation
989,1385,normal,0,0,65535_65535,1,6,87,1089,1,1,1,24,1089,28,1,1,allocated
989,1385,normal,0,0,65535_65535,1,7,87,1044,0,1,0,23,0,28,1,1,pre_allocation
989,1385,normal,0,0,65535_65535,1,7,87,1089,1,1,1,24,1089,28,1,1,allocated
989,1385,normal,0,0,65535_65535,1,9,87,1044,0,1,0,23,0,28,1,1,pre_allocation
989,1385,normal,0,0,65535_65535,1,9,87,1089,1,1,1,24,1089,28,1,1,allocated
989,1385,normal,0,0,65535_65535,1,10,87,1044,0,1,0,23,0,28,1,1,pre_allocation
989,1385,normal,0,0,65535_65535,1,10,87,1089,1,1,1,24,1089,28,1,1,allocated
989,1385,normal,0,0,65535_65535,1,6,87,1089,0,1,0,24,0,28,1,1,pre_allocation
989,1385,normal,0,0,65535_65535,1,6,87,1135,1,1,1,25,1135,28,1,1,allocated
989,1385,normal,0,0,65535_65535,1,7,87,1089,0,1,0,24,0,28,1,1,pre_allocation
989,1385,normal,0,0,65535_65535,1,7,87,1135,1,1,1,25,1135,28,1,1,allocated
989,1385,normal,0,0,65535_65535,1,9,87,1089,0,1,0,24,0,28,1,1,pre_allocation
989,1385,normal,0,0,65535_65535,1,9,87,1135,1,1,1,25,1135,28,1,1,allocated
989,1385,normal,0,0,65535_65535,1,10,87,1089,0,1,0,24,0,28,1,1,pre_allocation
989,1385,normal,0,0,65535_65535,1,10,87,1135,1,1,1,25,1135,28,1,1,allocated
989,1385,normal,0,0,65535_65535,1,6,87,1135,0,1,0,25,0,28,1,1,pre_allocation
989,1385,normal,0,0,65535_65535,1,6,87,1181,1,1,1,26,1181,28,1,1,allocated
989,1385,normal,0,0,65535_65535,1,7,87,1135,0,1,0,25,0,28,1,1,pre_allocation
989,1385,normal,0,0,65535_65535,1,7,87,1181,1,1,1,26,1181,28,1,1,allocated
989,1385,normal,0,0,65535_65535,1,9,87,1135,0,1,0,25,0,28,1,1,pre_allocation
989,1385,normal,0,0,65535_65535,1,9,87,1181,1,1,1,26,1181,28,1,1,allocated
989,1385,normal,0,0,65535_65535,1,10,87,1135,0,1,0,25,0,28,1,1,pre_allocation
989,1385,normal,0,0,65535_65535,1,10,87,1181,1,1,1,26,1181,28,1,1,allocated
989,1385,normal,0,0,65535_65535,1,6,87,1181,0,1,0,26,0,28,1,1,pre_allocation
989,1385,normal,0,0,65535_65535,1,6,87,1226,1,1,1,27,1226,28,1,1,allocated
989,1385,normal,0,0,65535_65535,1,7,87,1181,0,1,0,26,0,28,1,1,pre_allocation
989,1385,normal,0,0,65535_65535,1,7,87,1226,1,1,1,27,1226,28,1,1,allocated
989,1385,normal,0,0,65535_65535,1,9,87,1181,0,1,0,26,0,28,1,1,pre_allocation
989,1385,normal,0,0,65535_65535,1,9,87,1226,1,1,1,27,1226,28,1,1,allocated
989,1385,normal,0,0,65535_65535,1,10,87,1181,0,1,0,26,0,28,1,1,pre_allocation
989,1385,normal,0,0,65535_65535,1,10,87,1226,1,1,1,27,1226,28,1,1,allocated
989,1385,normal,0,0,65535_65535,1,6,87,1226,0,1,0,27,0,28,1,1,pre_allocation
989,1385,normal,0,0,65535_65535,1,6,87,1272,1,1,1,28,1272,28,1,1,allocated
989,1385,normal,0,0,65535_65535,1,7,87,1226,0,1,0,27,0,28,1,1,pre_allocation
989,1385,normal,0,0,65535_65535,1,7,87,1272,1,1,1,28,1272,28,1,1,allocated
989,1385,normal,0,0,65535_65535,1,9,87,1226,0,1,0,27,0,28,1,1,pre_allocation
989,1385,normal,0,0,65535_65535,1,9,87,1272,1,1,1,28,1272,28,1,1,allocated
989,1385,normal,0,0,65535_65535,1,10,87,1226,0,1,0,27,0,28,1,1,pre_allocation
989,1385,normal,0,0,65535_65535,1,10,87,1272,1,1,1,28,1272,28,1,1,allocated
989,1385,normal,0,0,65535_65535,1,6,87,1272,0,1,0,28,0,28,1,1,pre_allocation
989,1385,normal,0,0,65535_65535,1,6,87,1317,1,1,1,29,1317,28,1,1,allocated
989,1385,normal,0,0,65535_65535,1,7,87,1272,0,1,0,28,0,28,1,1,pre_allocation
989,1385,normal,0,0,65535_65535,1,7,87,1317,1,1,1,29,1317,28,1,1,allocated
989,1385,normal,0,0,65535_65535,1,9,87,1272,0,1,0,28,0,28,1,1,pre_allocation
989,1385,normal,0,0,65535_65535,1,9,87,1317,1,1,1,29,1317,28,1,1,allocated
989,1385,normal,0,0,65535_65535,1,10,87,1272,0,1,0,28,0,28,1,1,pre_allocation
989,1385,normal,0,0,65535_65535,1,10,87,1317,1,1,1,29,1317,28,1,1,allocated
989,1385,normal,0,0,65535_65535,1,6,87,1317,0,1,0,29,0,28,1,1,pre_allocation
989,1385,normal,0,0,65535_65535,1,6,87,1363,1,1,1,30,1363,28,1,1,allocated
989,1385,normal,0,0,65535_65535,1,7,87,1317,0,1,0,29,0,28,1,1,pre_allocation
989,1385,normal,0,0,65535_65535,1,7,87,1363,1,1,1,30,1363,28,1,1,allocated
989,1385,normal,0,0,65535_65535,1,9,87,1317,0,1,0,29,0,28,1,1,pre_allocation
989,1385,normal,0,0,65535_65535,1,9,87,1363,1,1,1,30,1363,28,1,1,allocated
989,1385,normal,0,0,65535_65535,1,10,87,1317,0,1,0,29,0,28,1,1,pre_allocation
989,1385,normal,0,0,65535_65535,1,10,87,1363,1,1,1,30,1363,28,1,1,allocated
989,1385,normal,0,0,65535_65535,1,6,87,1363,0,1,0,30,0,28,1,1,pre_allocation
989,1385,normal,0,0,65535_65535,1,6,87,1408,1,1,1,31,1408,28,1,1,allocated
989,1385,normal,0,0,65535_65535,1,7,87,1363,0,1,0,30,0,28,1,1,pre_allocation
989,1385,normal,0,0,65535_65535,1,7,87,1408,1,1,1,31,1408,28,1,1,allocated
989,1385,normal,0,0,65535_65535,1,9,87,1363,0,1,0,30,0,28,1,1,pre_allocation
989,1385,normal,0,0,65535_65535,1,9,87,1408,1,1,1,31,1408,28,1,1,allocated
989,1385,normal,0,0,65535_65535,1,10,87,1363,0,1,0,30,0,28,1,1,pre_allocation
989,1385,normal,0,0,65535_65535,1,10,87,1408,1,1,1,31,1408,28,1,1,allocated
989,1385,normal,0,0,65535_65535,1,6,87,1408,0,1,0,31,0,28,1,1,pre_allocation
989,1385,normal,0,0,65535_65535,1,6,87,1454,1,1,1,32,1454,28,1,1,allocated
989,1385,normal,0,0,65535_65535,1,7,87,1408,0,1,0,31,0,28,1,1,pre_allocation
989,1385,normal,0,0,65535_65535,1,7,87,1454,1,1,1,32,1454,28,1,1,allocated
989,1385,normal,0,0,65535_65535,1,9,87,1408,0,1,0,31,0,28,1,1,pre_allocation
989,1385,normal,0,0,65535_65535,1,9,87,1454,1,1,1,32,1454,28,1,1,allocated
989,1385,normal,0,0,65535_65535,1,10,87,1408,0,1,0,31,0,28,1,1,pre_allocation
989,1385,normal,0,0,65535_65535,1,10,87,1454,1,1,1,32,1454,28,1,1,allocated
989,1385,normal,0,0,65535_65535,1,6,87,1454,0,1,0,32,0,28,1,1,pre_allocation
989,1385,normal,0,0,65535_65535,1,6,87,1499,1,1,1,33,1499,28,1,1,allocated
989,1385,normal,0,0,65535_65535,1,7,87,1454,0,1,0,32,0,28,1,1,pre_allocation
989,1385,normal,0,0,65535_65535,1,7,87,1499,1,1,1,33,1499,28,1,1,allocated
989,1385,normal,0,0,65535_65535,1,9,87,1454,0,1,0,32,0,28,1,1,pre_allocation
989,1385,normal,0,0,65535_65535,1,9,87,1499,1,1,1,33,1499,28,1,1,allocated
989,1385,normal,0,0,65535_65535,1,10,87,1454,0,1,0,32,0,28,1,1,pre_allocation
989,1385,normal,0,0,65535_65535,1,10,87,1499,1,1,1,33,1499,28,1,1,allocated
989,1385,normal,0,0,65535_65535,1,6,87,1499,0,1,0,33,0,28,1,1,pre_allocation
989,1385,normal,0,0,65535_65535,1,6,87,1542,1,1,1,34,1542,28,1,1,allocated
989,1385,normal,0,0,65535_65535,1,7,87,1499,0,1,0,33,0,28,1,1,pre_allocation
989,1385,normal,0,0,65535_65535,1,7,87,1542,1,1,1,34,1542,28,1,1,allocated
989,1385,normal,0,0,65535_65535,1,9,87,1499,0,1,0,33,0,28,1,1,pre_allocation
989,1385,normal,0,0,65535_65535,1,9,87,1542,1,1,1,34,1542,28,1,1,allocated
989,1385,normal,0,0,65535_65535,1,10,87,1499,0,1,0,33,0,28,1,1,pre_allocation
989,1385,normal,0,0,65535_65535,1,10,87,1542,1,1,1,34,1542,28,1,1,allocated
989,1385,normal,0,0,65535_65535,1,6,87,1542,0,1,0,34,0,28,1,1,pre_allocation
989,1385,normal,0,0,65535_65535,1,6,87,1587,1,1,1,35,1587,28,1,1,allocated
989,1385,normal,0,0,65535_65535,1,7,87,1542,0,1,0,34,0,28,1,1,pre_allocation
989,1385,normal,0,0,65535_65535,1,7,87,1587,1,1,1,35,1587,28,1,1,allocated
989,1385,normal,0,0,65535_65535,1,9,87,1542,0,1,0,34,0,28,1,1,pre_allocation
989,1385,normal,0,0,65535_65535,1,9,87,1587,1,1,1,35,1587,28,1,1,allocated
989,1385,normal,0,0,65535_65535,1,10,87,1542,0,1,0,34,0,28,1,1,pre_allocation
989,1385,normal,0,0,65535_65535,1,10,87,1587,1,1,1,35,1587,28,1,1,allocated
1101,1483,normal,0,0,65535_65535,0,1,96782,0,0,1,0,0,0,26,1,1,pre_allocation
1101,1483,normal,0,0,65535_65535,0,1,96782,39,1,1,1,1,39,26,1,1,allocated
1101,1483,normal,0,0,65535_65535,0,2,39393,0,0,1,0,0,0,28,1,1,pre_allocation
1101,1483,normal,0,0,65535_65535,0,2,39393,42,1,1,1,1,42,28,1,1,allocated
1101,1483,normal,0,0,65535_65535,0,3,40697,0,0,1,0,0,0,28,1,1,pre_allocation
1101,1483,normal,0,0,65535_65535,0,3,40697,42,1,1,1,1,42,28,1,1,allocated
1101,1483,normal,0,0,65535_65535,0,4,42571,0,0,1,0,0,0,28,1,1,pre_allocation
1101,1483,normal,0,0,65535_65535,0,4,42571,42,1,1,1,1,42,28,1,1,allocated
1101,1483,normal,0,0,65535_65535,0,5,43125,0,0,1,0,0,0,28,1,1,pre_allocation
1101,1483,normal,0,0,65535_65535,0,5,43125,42,1,1,1,1,42,28,1,1,allocated
1101,1483,normal,0,0,65535_65535,0,1,96782,39,0,1,0,1,0,26,1,1,pre_allocation
1101,1483,normal,0,0,65535_65535,0,1,96782,81,1,1,1,2,81,26,1,1,allocated
1101,1483,normal,0,0,65535_65535,0,2,39393,42,0,1,0,1,0,28,1,1,pre_allocation
1101,1483,normal,0,0,65535_65535,0,2,39393,88,1,1,1,2,88,28,1,1,allocated
1101,1483,normal,0,0,65535_65535,0,3,40697,42,0,1,0,1,0,28,1,1,pre_allocation
1101,1483,normal,0,0,65535_65535,0,3,40697,88,1,1,1,2,88,28,1,1,allocated
1101,1483,normal,0,0,65535_65535,0,4,42571,42,0,1,0,1,0,28,1,1,pre_allocation
1101,1483,normal,0,0,65535_65535,0,4,42571,88,1,1,1,2,88,28,1,1,allocated
1101,1483,normal,0,0,65535_65535,0,5,43125,42,0,1,0,1,0,28,1,1,pre_allocation
1101,1483,normal,0,0,65535_65535,0,5,43125,88,1,1,1,2,88,28,1,1,allocated
1101,1483,normal,0,0,65535_65535,0,1,96782,81,0,1,0,2,0,26,1,1,pre_allocation
1101,1483,normal,0,0,65535_65535,0,1,96782,123,1,1,1,3,123,26,1,1,allocated
1101,1483,normal,0,0,65535_65535,0,2,39393,88,0,1,0,2,0,28,1,1,pre_allocation
1101,1483,normal,0,0,65535_65535,0,2,39393,133,1,1,1,3,133,28,1,1,allocated
1101,1483,normal,0,0,65535_65535,0,3,40697,88,0,1,0,2,0,28,1,1,pre_allocation
1101,1483,normal,0,0,65535_65535,0,3,40697,133,1,1,1,3,133,28,1,1,allocated
1101,1483,normal,0,0,65535_65535,0,4,42571,88,0,1,0,2,0,28,1,1,pre_allocation
1101,1483,normal,0,0,65535_65535,0,4,42571,133,1,1,1,3,133,28,1,1,allocated
1101,1483,normal,0,0,65535_65535,0,5,43125,88,0,1,0,2,0,28,1,1,pre_allocation
1101,1483,normal,0,0,65535_65535,0,5,43125,133,1,1,1,3,133,28,1,1,allocated
1101,1483,normal,0,0,65535_65535,0,1,96782,123,0,1,0,3,0,26,1,1,pre_allocation
1101,1483,normal,0,0,65535_65535,0,1,96782,165,1,1,1,4,165,26,1,1,allocated
1101,1483,normal,0,0,65535_65535,0,2,39393,133,0,1,0,3,0,28,1,1,pre_allocation
1101,1483,normal,0,0,65535_65535,0,2,39393,179,1,1,1,4,179,28,1,1,allocated
1101,1483,normal,0,0,65535_65535,0,3,40697,133,0,1,0,3,0,28,1,1,pre_allocation
1101,1483,normal,0,0,65535_65535,0,3,40697,179,1,1,1,4,179,28,1,1,allocated
1101,1483,normal,0,0,65535_65535,0,4,42571,133,0,1,0,3,0,28,1,1,pre_allocation
1101,1483,normal,0,0,65535_65535,0,4,42571,179,1,1,1,4,179,28,1,1,allocated
1101,1483,normal,0,0,65535_65535,0,5,43125,133,0,1,0,3,0,28,1,1,pre_allocation
1101,1483,normal,0,0,65535_65535,0,5,43125,179,1,1,1,4,179,28,1,1,allocated
1101,1483,normal,0,0,65535_65535,0,1,96782,165,0,1,0,4,0,26,1,1,pre_allocation
1101,1483,normal,0,0,65535_65535,0,1,96782,207,1,1,1,5,207,26,1,1,allocated
1101,1483,normal,0,0,65535_65535,0,2,39393,179,0,1,0,4,0,28,1,1,pre_allocation
1101,1483,normal,0,0,65535_65535,0,2,39393,224,1,1,1,5,224,28,1,1,allocated
1101,1483,normal,0,0,65535_65535,0,3,40697,179,0,1,0,4,0,28,1,1,pre_allocation
1101,1483,normal,0,0,65535_65535,0,3,40697,224,1,1,1,5,224,28,1,1,allocated
1101,1483,normal,0,0,65535_65535,0,4,42571,179,0,1,0,4,0,28,1,1,pre_allocation
1101,1483,normal,0,0,65535_65535,0,4,42571,224,1,1,1,5,224,28,1,1,allocated
1101,1483,normal,0,0,65535_65535,0,5,43125,179,0,1,0,4,0,28,1,1,pre_allocation
1101,1483,normal,0,0,65535_65535,0,5,43125,224,1,1,1,5,224,28,1,1,allocated
1101,1483,normal,0,0,65535_65535,0,1,96782,207,0,1,0,5,0,26,1,1,pre_allocation
1101,1483,normal,0,0,65535_65535,0,1,96782,249,1,1,1,6,249,26,1,1,allocated
1101,1483,normal,0,0,65535_65535,0,2,39393,224,0,1,0,5,0,28,1,1,pre_allocation
1101,1483,normal,0,0,65535_65535,0,2,39393,270,1,1,1,6,270,28,1,1,allocated
1101,1483,normal,0,0,65535_65535,0,3,40697,224,0,1,0,5,0,28,1,1,pre_allocation
1101,1483,normal,0,0,65535_65535,0,3,40697,270,1,1,1,6,270,28,1,1,allocated
1101,1483,normal,0,0,65535_65535,0,4,42571,224,0,1,0,5,0,28,1,1,pre_allocation
1101,1483,normal,0,0,65535_65535,0,4,42571,270,1,1,1,6,270,28,1,1,allocated
1101,1483,normal,0,0,65535_65535,0,5,43125,224,0,1,0,5,0,28,1,1,pre_allocation
1101,1483,normal,0,0,65535_65535,0,5,43125,270,1,1,1,6,270,28,1,1,allocated
1101,1483,normal,0,0,65535_65535,0,1,96782,249,0,1,0,6,0,26,1,1,pre_allocation
1101,1483,normal,0,0,65535_65535,0,1,96782,291,1,1,1,7,291,26,1,1,allocated
1101,1483,normal,0,0,65535_65535,0,2,39393,270,0,1,0,6,0,28,1,1,pre_allocation
1101,1483,normal,0,0,65535_65535,0,2,39393,315,1,1,1,7,315,28,1,1,allocated
1101,1483,normal,0,0,65535_65535,0,3,40697,270,0,1,0,6,0,28,1,1,pre_allocation
1101,1483,normal,0,0,65535_65535,0,3,40697,315,1,1,1,7,315,28,1,1,allocated
1101,1483,normal,0,0,65535_65535,0,4,42571,270,0,1,0,6,0,28,1,1,pre_allocation
1101,1483,normal,0,0,65535_65535,0,4,42571,315,1,1,1,7,315,28,1,1,allocated
1101,1483,normal,0,0,65535_65535,0,5,43125,270,0,1,0,6,0,28,1,1,pre_allocation
1101,1483,normal,0,0,65535_65535,0,5,43125,315,1,1,1,7,315,28,1,1,allocated
1101,1483,normal,0,0,65535_65535,0,1,96782,291,0,1,0,7,0,26,1,1,pre_allocation
1101,1483,normal,0,0,65535_65535,0,1,96782,333,1,1,1,8,333,26,1,1,allocated
1101,1483,normal,0,0,65535_65535,0,2,39393,315,0,1,0,7,0,28,1,1,pre_allocation
1101,1483,normal,0,0,65535_65535,0,2,39393,361,1,1,1,8,361,28,1,1,allocated
1101,1483,normal,0,0,65535_65535,0,3,40697,315,0,1,0,7,0,28,1,1,pre_allocation
1101,1483,normal,0,0,65535_65535,0,3,40697,361,1,1,1,8,361,28,1,1,allocated
1101,1483,normal,0,0,65535_65535,0,4,42571,315,0,1,0,7,0,28,1,1,pre_allocation
1101,1483,normal,0,0,65535_65535,0,4,42571,361,1,1,1,8,361,28,1,1,allocated
1101,1483,normal,0,0,65535_65535,0,5,43125,315,0,1,0,7,0,28,1,1,pre_allocation
1101,1483,normal,0,0,65535_65535,0,5,43125,361,1,1,1,8,361,28,1,1,allocated
1101,1483,normal,0,0,65535_65535,0,1,96782,333,0,1,0,8,0,26,1,1,pre_allocation
1101,1483,normal,0,0,65535_65535,0,1,96782,375,1,1,1,9,375,26,1,1,allocated
1101,1483,normal,0,0,65535_65535,0,2,39393,361,0,1,0,8,0,28,1,1,pre_allocation
1101,1483,normal,0,0,65535_65535,0,2,39393,406,1,1,1,9,406,28,1,1,allocated
1101,1483,normal,0,0,65535_65535,0,3,40697,361,0,1,0,8,0,28,1,1,pre_allocation
1101,1483,normal,0,0,65535_65535,0,3,40697,406,1,1,1,9,406,28,1,1,allocated
1101,1483,normal,0,0,65535_65535,0,4,42571,361,0,1,0,8,0,28,1,1,pre_allocation
1101,1483,normal,0,0,65535_65535,0,4,42571,406,1,1,1,9,406,28,1,1,allocated
1101,1483,normal,0,0,65535_65535,0,5,43125,361,0,1,0,8,0,28,1,1,pre_allocation
1101,1483,normal,0,0,65535_65535,0,5,43125,406,1,1,1,9,406,28,1,1,allocated
1101,1483,normal,0,0,65535_65535,0,1,96782,375,0,1,0,9,0,26,1,1,pre_allocation
1101,1483,normal,0,0,65535_65535,0,1,96782,417,1,1,1,10,417,26,1,1,allocated
1101,1483,normal,0,0,65535_65535,0,2,39393,406,0,1,0,9,0,28,1,1,pre_allocation
1101,1483,normal,0,0,65535_65535,0,2,39393,452,1,1,1,10,452,28,1,1,allocated
1101,1483,normal,0,0,65535_65535,0,3,40697,406,0,1,0,9,0,28,1,1,pre_allocation
1101,1483,normal,0,0,65535_65535,0,3,40697,452,1,1,1,10,452,28,1,1,allocated
1101,1483,normal,0,0,65535_65535,0,4,42571,406,0,1,0,9,0,28,1,1,pre_allocation
1101,1483,normal,0,0,65535_65535,0,4,42571,452,1,1,1,10,452,28,1,1,allocated
1101,1483,normal,0,0,65535_65535,0,5,43125,406,0,1,0,9,0,28,1,1,pre_allocation
1101,1483,normal,0,0,65535_65535,0,5,43125,452,1,1,1,10,452,28,1,1,allocated
1101,1483,normal,0,0,65535_65535,0,1,96782,417,0,1,0,10,0,26,1,1,pre_allocation
1101,1483,normal,0,0,65535_65535,0,1,96782,459,1,1,1,11,459,26,1,1,allocated
1101,1483,normal,0,0,65535_65535,0,2,39393,452,0,1,0,10,0,28,1,1,pre_allocation
1101,1483,normal,0,0,65535_65535,0,2,39393,497,1,1,1,11,497,28,1,1,allocated
1101,1483,normal,0,0,65535_65535,0,3,40697,452,0,1,0,10,0,28,1,1,pre_allocation
1101,1483,normal,0,0,65535_65535,0,3,40697,497,1,1,1,11,497,28,1,1,allocated
1101,1483,normal,0,0,65535_65535,0,4,42571,452,0,1,0,10,0,28,1,1,pre_allocation
1101,1483,normal,0,0,65535_65535,0,4,42571,497,1,1,1,11,497,28,1,1,allocated
1101,1483,normal,0,0,65535_65535,0,5,43125,452,0,1,0,10,0,28,1,1,pre_allocation
1101,1483,normal,0,0,65535_65535,0,5,43125,497,1,1,1,11,497,28,1,1,allocated
1101,1483,normal,0,0,65535_65535,0,1,96782,459,0,1,0,11,0,26,1,1,pre_allocation
1101,1483,normal,0,0,65535_65535,0,1,96782,501,1,1,1,12,501,26,1,1,allocated
1101,1483,normal,0,0,65535_65535,0,2,39393,497,0,1,0,11,0,28,1,1,pre_allocation
1101,1483,normal,0,0,65535_65535,0,2,39393,543,1,1,1,12,543,28,1,1,allocated
1101,1483,normal,0,0,65535_65535,0,3,40697,497,0,1,0,11,0,28,1,1,pre_allocation
1101,1483,normal,0,0,65535_65535,0,3,40697,543,1,1,1,12,543,28,1,1,allocated
1101,1483,normal,0,0,65535_65535,1,6,87,0,0,1,0,0,0,28,1,1,pre_allocation
1101,1483,normal,0,0,65535_65535,1,6,87,42,1,1,1,1,42,28,1,1,allocated
1101,1483,normal,0,0,65535_65535,1,7,87,0,0,1,0,0,0,28,1,1,pre_allocation
1101,1483,normal,0,0,65535_65535,1,7,87,42,1,1,1,1,42,28,1,1,allocated
1101,1483,normal,0,0,65535_65535,1,9,87,0,0,1,0,0,0,28,1,1,pre_allocation
1101,1483,normal,0,0,65535_65535,1,9,87,42,1,1,1,1,42,28,1,1,allocated
1101,1483,normal,0,0,65535_65535,1,10,87,0,0,1,0,0,0,28,1,1,pre_allocation
1101,1483,normal,0,0,65535_65535,1,10,87,42,1,1,1,1,42,28,1,1,allocated
1101,1483,normal,0,0,65535_65535,1,6,87,42,0,1,0,1,0,28,1,1,pre_allocation
1101,1483,normal,0,0,65535_65535,1,6,87,88,1,1,1,2,88,28,1,1,allocated
1101,1483,normal,0,0,65535_65535,1,7,87,42,0,1,0,1,0,28,1,1,pre_allocation
1101,1483,normal,0,0,65535_65535,1,7,87,88,1,1,1,2,88,28,1,1,allocated
1101,1483,normal,0,0,65535_65535,1,9,87,42,0,1,0,1,0,28,1,1,pre_allocation
1101,1483,normal,0,0,65535_65535,1,9,87,88,1,1,1,2,88,28,1,1,allocated
1101,1483,normal,0,0,65535_65535,1,10,87,42,0,1,0,1,0,28,1,1,pre_allocation
1101,1483,normal,0,0,65535_65535,1,10,87,88,1,1,1,2,88,28,1,1,allocated
1101,1483,normal,0,0,65535_65535,1,6,87,88,0,1,0,2,0,28,1,1,pre_allocation
1101,1483,normal,0,0,65535_65535,1,6,87,133,1,1,1,3,133,28,1,1,allocated
1101,1483,normal,0,0,65535_65535,1,7,87,88,0,1,0,2,0,28,1,1,pre_allocation
1101,1483,normal,0,0,65535_65535,1,7,87,133,1,1,1,3,133,28,1,1,allocated
1101,1483,normal,0,0,65535_65535,1,9,87,88,0,1,0,2,0,28,1,1,pre_allocation
1101,1483,normal,0,0,65535_65535,1,9,87,133,1,1,1,3,133,28,1,1,allocated
1101,1483,normal,0,0,65535_65535,1,10,87,88,0,1,0,2,0,28,1,1,pre_allocation
1101,1483,normal,0,0,65535_65535,1,10,87,133,1,1,1,3,133,28,1,1,allocated
1101,1483,normal,0,0,65535_65535,1,6,87,133,0,1,0,3,0,28,1,1,pre_allocation
1101,1483,normal,0,0,65535_65535,1,6,87,179,1,1,1,4,179,28,1,1,allocated
1101,1483,normal,0,0,65535_65535,1,7,87,133,0,1,0,3,0,28,1,1,pre_allocation
1101,1483,normal,0,0,65535_65535,1,7,87,179,1,1,1,4,179,28,1,1,allocated
1101,1483,normal,0,0,65535_65535,1,9,87,133,0,1,0,3,0,28,1,1,pre_allocation
1101,1483,normal,0,0,65535_65535,1,9,87,179,1,1,1,4,179,28,1,1,allocated
1101,1483,normal,0,0,65535_65535,1,10,87,133,0,1,0,3,0,28,1,1,pre_allocation
1101,1483,normal,0,0,65535_65535,1,10,87,179,1,1,1,4,179,28,1,1,allocated
1101,1483,normal,0,0,65535_65535,1,6,87,179,0,1,0,4,0,28,1,1,pre_allocation
1101,1483,normal,0,0,65535_65535,1,6,87,224,1,1,1,5,224,28,1,1,allocated
1101,1483,normal,0,0,65535_65535,1,7,87,179,0,1,0,4,0,28,1,1,pre_allocation
1101,1483,normal,0,0,65535_65535,1,7,87,224,1,1,1,5,224,28,1,1,allocated
1101,1483,normal,0,0,65535_65535,1,9,87,179,0,1,0,4,0,28,1,1,pre_allocation
1101,1483,normal,0,0,65535_65535,1,9,87,224,1,1,1,5,224,28,1,1,allocated
1101,1483,normal,0,0,65535_65535,1,10,87,179,0,1,0,4,0,28,1,1,pre_allocation
1101,1483,normal,0,0,65535_65535,1,10,87,224,1,1,1,5,224,28,1,1,allocated
1101,1483,normal,0,0,65535_65535,1,6,87,224,0,1,0,5,0,28,1,1,pre_allocation
1101,1483,normal,0,0,65535_65535,1,6,87,270,1,1,1,6,270,28,1,1,allocated
1101,1483,normal,0,0,65535_65535,1,7,87,224,0,1,0,5,0,28,1,1,pre_allocation
1101,1483,normal,0,0,65535_65535,1,7,87,270,1,1,1,6,270,28,1,1,allocated
1101,1483,normal,0,0,65535_65535,1,9,87,224,0,1,0,5,0,28,1,1,pre_allocation
1101,1483,normal,0,0,65535_65535,1,9,87,270,1,1,1,6,270,28,1,1,allocated
1101,1483,normal,0,0,65535_65535,1,10,87,224,0,1,0,5,0,28,1,1,pre_allocation
1101,1483,normal,0,0,65535_65535,1,10,87,270,1,1,1,6,270,28,1,1,allocated
1101,1483,normal,0,0,65535_65535,1,6,87,270,0,1,0,6,0,28,1,1,pre_allocation
1101,1483,normal,0,0,65535_65535,1,6,87,315,1,1,1,7,315,28,1,1,allocated
1101,1483,normal,0,0,65535_65535,1,7,87,270,0,1,0,6,0,28,1,1,pre_allocation
1101,1483,normal,0,0,65535_65535,1,7,87,315,1,1,1,7,315,28,1,1,allocated
1101,1483,normal,0,0,65535_65535,1,9,87,270,0,1,0,6,0,28,1,1,pre_allocation
1101,1483,normal,0,0,65535_65535,1,9,87,315,1,1,1,7,315,28,1,1,allocated
1101,1483,normal,0,0,65535_65535,1,10,87,270,0,1,0,6,0,28,1,1,pre_allocation
1101,1483,normal,0,0,65535_65535,1,10,87,315,1,1,1,7,315,28,1,1,allocated
1101,1483,normal,0,0,65535_65535,1,6,87,315,0,1,0,7,0,28,1,1,pre_allocation
1101,1483,normal,0,0,65535_65535,1,6,87,361,1,1,1,8,361,28,1,1,allocated
1101,1483,normal,0,0,65535_65535,1,7,87,315,0,1,0,7,0,28,1,1,pre_allocation
1101,1483,normal,0,0,65535_65535,1,7,87,361,1,1,1,8,361,28,1,1,allocated
1101,1483,normal,0,0,65535_65535,1,9,87,315,0,1,0,7,0,28,1,1,pre_allocation
1101,1483,normal,0,0,65535_65535,1,9,87,361,1,1,1,8,361,28,1,1,allocated
1101,1483,normal,0,0,65535_65535,1,10,87,315,0,1,0,7,0,28,1,1,pre_allocation
1101,1483,normal,0,0,65535_65535,1,10,87,361,1,1,1,8,361,28,1,1,allocated
1101,1483,normal,0,0,65535_65535,1,6,87,361,0,1,0,8,0,28,1,1,pre_allocation
1101,1483,normal,0,0,65535_65535,1,6,87,406,1,1,1,9,406,28,1,1,allocated
1101,1483,normal,0,0,65535_65535,1,7,87,361,0,1,0,8,0,28,1,1,pre_allocation
1101,1483,normal,0,0,65535_65535,1,7,87,406,1,1,1,9,406,28,1,1,allocated
1101,1483,normal,0,0,65535_65535,1,9,87,361,0,1,0,8,0,28,1,1,pre_allocation
1101,1483,normal,0,0,65535_65535,1,9,87,406,1,1,1,9,406,28,1,1,allocated
1101,1483,normal,0,0,65535_65535,1,10,87,361,0,1,0,8,0,28,1,1,pre_allocation
1101,1483,normal,0,0,65535_65535,1,10,87,406,1,1,1,9,406,28,1,1,allocated
1101,1483,normal,0,0,65535_65535,1,6,87,406,0,1,0,9,0,28,1,1,pre_allocation
1101,1483,normal,0,0,65535_65535,1,6,87,452,1,1,1,10,452,28,1,1,allocated
1101,1483,normal,0,0,65535_65535,1,7,87,406,0,1,0,9,0,28,1,1,pre_allocation
1101,1483,normal,0,0,65535_65535,1,7,87,452,1,1,1,10,452,28,1,1,allocated
1101,1483,normal,0,0,65535_65535,1,9,87,406,0,1,0,9,0,28,1,1,pre_allocation
1101,1483,normal,0,0,65535_65535,1,9,87,452,1,1,1,10,452,28,1,1,allocated
1101,1483,normal,0,0,65535_65535,1,10,87,406,0,1,0,9,0,28,1,1,pre_allocation
1101,1483,normal,0,0,65535_65535,1,10,87,452,1,1,1,10,452,28,1,1,allocated
1101,1483,normal,0,0,65535_65535,1,6,87,452,0,1,0,10,0,28,1,1,pre_allocation
1101,1483,normal,0,0,65535_65535,1,6,87,497,1,1,1,11,497,28,1,1,allocated
1101,1483,normal,0,0,65535_65535,1,7,87,452,0,1,0,10,0,28,1,1,pre_allocation
1101,1483,normal,0,0,65535_65535,1,7,87,497,1,1,1,11,497,28,1,1,allocated
1101,1483,normal,0,0,65535_65535,1,9,87,452,0,1,0,10,0,28,1,1,pre_allocation
1101,1483,normal,0,0,65535_65535,1,9,87,497,1,1,1,11,497,28,1,1,allocated
1101,1483,normal,0,0,65535_65535,1,10,87,452,0,1,0,10,0,28,1,1,pre_allocation
1101,1483,normal,0,0,65535_65535,1,10,87,497,1,1,1,11,497,28,1,1,allocated
1101,1483,normal,0,0,65535_65535,1,6,87,497,0,1,0,11,0,28,1,1,pre_allocation
1101,1483,normal,0,0,65535_65535,1,6,87,543,1,1,1,12,543,28,1,1,allocated
1101,1483,normal,0,0,65535_65535,1,7,87,497,0,1,0,11,0,28,1,1,pre_allocation
1101,1483,normal,0,0,65535_65535,1,7,87,543,1,1,1,12,543,28,1,1,allocated
1101,1483,normal,0,0,65535_65535,1,9,87,497,0,1,0,11,0,28,1,1,pre_allocation
1101,1483,normal,0,0,65535_65535,1,9,87,543,1,1,1,12,543,28,1,1,allocated
1101,1483,normal,0,0,65535_65535,1,10,87,497,0,1,0,11,0,28,1,1,pre_allocation
1101,1483,normal,0,0,65535_65535,1,10,87,543,1,1,1,12,543,28,1,1,allocated
1101,1483,normal,0,0,65535_65535,1,6,87,543,0,1,0,12,0,28,1,1,pre_allocation
1101,1483,normal,0,0,65535_65535,1,6,87,589,1,1,1,13,589,28,1,1,allocated
1101,1483,normal,0,0,65535_65535,1,7,87,543,0,1,0,12,0,28,1,1,pre_allocation
1101,1483,normal,0,0,65535_65535,1,7,87,589,1,1,1,13,589,28,1,1,allocated
1101,1483,normal,0,0,65535_65535,1,9,87,543,0,1,0,12,0,28,1,1,pre_allocation
1101,1483,normal,0,0,65535_65535,1,9,87,589,1,1,1,13,589,28,1,1,allocated
1101,1483,normal,0,0,65535_65535,1,10,87,543,0,1,0,12,0,28,1,1,pre_allocation
1101,1483,normal,0,0,65535_65535,1,10,87,589,1,1,1,13,589,28,1,1,allocated
1101,1483,normal,0,0,65535_65535,1,6,87,589,0,1,0,13,0,28,1,1,pre_allocation
1101,1483,normal,0,0,65535_65535,1,6,87,634,1,1,1,14,634,28,1,1,allocated
1101,1483,normal,0,0,65535_65535,1,7,87,589,0,1,0,13,0,28,1,1,pre_allocation
1101,1483,normal,0,0,65535_65535,1,7,87,634,1,1,1,14,634,28,1,1,allocated
1101,1483,normal,0,0,65535_65535,1,9,87,589,0,1,0,13,0,28,1,1,pre_allocation
1101,1483,normal,0,0,65535_65535,1,9,87,634,1,1,1,14,634,28,1,1,allocated
1101,1483,normal,0,0,65535_65535,1,10,87,589,0,1,0,13,0,28,1,1,pre_allocation
1101,1483,normal,0,0,65535_65535,1,10,87,634,1,1,1,14,634,28,1,1,allocated
1101,1483,normal,0,0,65535_65535,1,6,87,634,0,1,0,14,0,28,1,1,pre_allocation
1101,1483,normal,0,0,65535_65535,1,6,87,680,1,1,1,15,680,28,1,1,allocated
1101,1483,normal,0,0,65535_65535,1,7,87,634,0,1,0,14,0,28,1,1,pre_allocation
1101,1483,normal,0,0,65535_65535,1,7,87,680,1,1,1,15,680,28,1,1,allocated
1101,1483,normal,0,0,65535_65535,1,9,87,634,0,1,0,14,0,28,1,1,pre_allocation
1101,1483,normal,0,0,65535_65535,1,9,87,680,1,1,1,15,680,28,1,1,allocated
1101,1483,normal,0,0,65535_65535,1,10,87,634,0,1,0,14,0,28,1,1,pre_allocation
1101,1483,normal,0,0,65535_65535,1,10,87,680,1,1,1,15,680,28,1,1,allocated
1101,1483,normal,0,0,65535_65535,1,6,87,680,0,1,0,15,0,28,1,1,pre_allocation
1101,1483,normal,0,0,65535_65535,1,6,87,725,1,1,1,16,725,28,1,1,allocated
1101,1483,normal,0,0,65535_65535,1,7,87,680,0,1,0,15,0,28,1,1,pre_allocation
1101,1483,normal,0,0,65535_65535,1,7,87,725,1,1,1,16,725,28,1,1,allocated
1101,1483,normal,0,0,65535_65535,1,9,87,680,0,1,0,15,0,28,1,1,pre_allocation
1101,1483,normal,0,0,65535_65535,1,9,87,725,1,1,1,16,725,28,1,1,allocated
1101,1483,normal,0,0,65535_65535,1,10,87,680,0,1,0,15,0,28,1,1,pre_allocation
1101,1483,normal,0,0,65535_65535,1,10,87,725,1,1,1,16,725,28,1,1,allocated
1101,1483,normal,0,0,65535_65535,1,6,87,725,0,1,0,16,0,28,1,1,pre_allocation
1101,1483,normal,0,0,65535_65535,1,6,87,771,1,1,1,17,771,28,1,1,allocated
1101,1483,normal,0,0,65535_65535,1,7,87,725,0,1,0,16,0,28,1,1,pre_allocation
1101,1483,normal,0,0,65535_65535,1,7,87,771,1,1,1,17,771,28,1,1,allocated
1101,1483,normal,0,0,65535_65535,1,9,87,725,0,1,0,16,0,28,1,1,pre_allocation
1101,1483,normal,0,0,65535_65535,1,9,87,771,1,1,1,17,771,28,1,1,allocated
1101,1483,normal,0,0,65535_65535,1,10,87,725,0,1,0,16,0,28,1,1,pre_allocation
1101,1483,normal,0,0,65535_65535,1,10,87,771,1,1,1,17,771,28,1,1,allocated
1101,1483,normal,0,0,65535_65535,1,6,87,771,0,1,0,17,0,28,1,1,pre_allocation
1101,1483,normal,0,0,65535_65535,1,6,87,816,1,1,1,18,816,28,1,1,allocated
1101,1483,normal,0,0,65535_65535,1,7,87,771,0,1,0,17,0,28,1,1,pre_allocation
1101,1483,normal,0,0,65535_65535,1,7,87,816,1,1,1,18,816,28,1,1,allocated
1101,1483,normal,0,0,65535_65535,1,9,87,771,0,1,0,17,0,28,1,1,pre_allocation
1101,1483,normal,0,0,65535_65535,1,9,87,816,1,1,1,18,816,28,1,1,allocated
1101,1483,normal,0,0,65535_65535,1,10,87,771,0,1,0,17,0,28,1,1,pre_allocation
1101,1483,normal,0,0,65535_65535,1,10,87,816,1,1,1,18,816,28,1,1,allocated
1101,1483,normal,0,0,65535_65535,1,6,87,816,0,1,0,18,0,28,1,1,pre_allocation
1101,1483,normal,0,0,65535_65535,1,6,87,862,1,1,1,19,862,28,1,1,allocated
1101,1483,normal,0,0,65535_65535,1,7,87,816,0,1,0,18,0,28,1,1,pre_allocation
1101,1483,normal,0,0,65535_65535,1,7,87,862,1,1,1,19,862,28,1,1,allocated
1101,1483,normal,0,0,65535_65535,1,9,87,816,0,1,0,18,0,28,1,1,pre_allocation
1101,1483,normal,0,0,65535_65535,1,9,87,862,1,1,1,19,862,28,1,1,allocated
1101,1483,normal,0,0,65535_65535,1,10,87,816,0,1,0,18,0,28,1,1,pre_allocation
1101,1483,normal,0,0,65535_65535,1,10,87,862,1,1,1,19,862,28,1,1,allocated
1101,1483,normal,0,0,65535_65535,1,6,87,862,0,1,0,19,0,28,1,1,pre_allocation
1101,1483,normal,0,0,65535_65535,1,6,87,907,1,1,1,20,907,28,1,1,allocated
1101,1483,normal,0,0,65535_65535,1,7,87,862,0,1,0,19,0,28,1,1,pre_allocation
1101,1483,normal,0,0,65535_65535,1,7,87,907,1,1,1,20,907,28,1,1,allocated
1101,1483,normal,0,0,65535_65535,1,9,87,862,0,1,0,19,0,28,1,1,pre_allocation
1101,1483,normal,0,0,65535_65535,1,9,87,907,1,1,1,20,907,28,1,1,allocated
1101,1483,normal,0,0,65535_65535,1,10,87,862,0,1,0,19,0,28,1,1,pre_allocation
1101,1483,normal,0,0,65535_65535,1,10,87,907,1,1,1,20,907,28,1,1,allocated
1101,1483,normal,0,0,65535_65535,1,6,87,907,0,1,0,20,0,28,1,1,pre_allocation
1101,1483,normal,0,0,65535_65535,1,6,87,953,1,1,1,21,953,28,1,1,allocated
1101,1483,normal,0,0,65535_65535,1,7,87,907,0,1,0,20,0,28,1,1,pre_allocation
1101,1483,normal,0,0,65535_65535,1,7,87,953,1,1,1,21,953,28,1,1,allocated
1101,1483,normal,0,0,65535_65535,1,9,87,907,0,1,0,20,0,28,1,1,pre_allocation
1101,1483,normal,0,0,65535_65535,1,9,87,953,1,1,1,21,953,28,1,1,allocated
1101,1483,normal,0,0,65535_65535,1,10,87,907,0,1,0,20,0,28,1,1,pre_allocation
1101,1483,normal,0,0,65535_65535,1,10,87,953,1,1,1,21,953,28,1,1,allocated
1101,1483,normal,0,0,65535_65535,1,6,87,953,0,1,0,21,0,28,1,1,pre_allocation
1101,1483,normal,0,0,65535_65535,1,6,87,998,1,1,1,22,998,28,1,1,allocated
1101,1483,normal,0,0,65535_65535,1,7,87,953,0,1,0,21,0,28,1,1,pre_allocation
1101,1483,normal,0,0,65535_65535,1,7,87,998,1,1,1,22,998,28,1,1,allocated
1101,1483,normal,0,0,65535_65535,1,9,87,953,0,1,0,21,0,28,1,1,pre_allocation
1101,1483,normal,0,0,65535_65535,1,9,87,998,1,1,1,22,998,28,1,1,allocated
1101,1483,normal,0,0,65535_65535,1,10,87,953,0,1,0,21,0,28,1,1,pre_allocation
1101,1483,normal,0,0,65535_65535,1,10,87,998,1,1,1,22,998,28,1,1,allocated
1101,1483,normal,0,0,65535_65535,1,6,87,998,0,1,0,22,0,28,1,1,pre_allocation
1101,1483,normal,0,0,65535_65535,1,6,87,1044,1,1,1,23,1044,28,1,1,allocated
1101,1483,normal,0,0,65535_65535,1,7,87,998,0,1,0,22,0,28,1,1,pre_allocation
1101,1483,normal,0,0,65535_65535,1,7,87,1044,1,1,1,23,1044,28,1,1,allocated
1101,1483,normal,0,0,65535_65535,1,9,87,998,0,1,0,22,0,28,1,1,pre_allocation
1101,1483,normal,0,0,65535_65535,1,9,87,1044,1,1,1,23,1044,28,1,1,allocated
1101,1483,normal,0,0,65535_65535,1,10,87,998,0,1,0,22,0,28,1,1,pre_allocation
1101,1483,normal,0,0,65535_65535,1,10,87,1044,1,1,1,23,1044,28,1,1,allocated
1101,1483,normal,0,0,65535_65535,1,6,87,1044,0,1,0,23,0,28,1,1,pre_allocation
1101,1483,normal,0,0,65535_65535,1,6,87,1089,1,1,1,24,1089,28,1,1,allocated
1101,1483,normal,0,0,65535_65535,1,7,87,1044,0,1,0,23,0,28,1,1,pre_allocation
1101,1483,normal,0,0,65535_65535,1,7,87,1089,1,1,1,24,1089,28,1,1,allocated
1101,1483,normal,0,0,65535_65535,1,9,87,1044,0,1,0,23,0,28,1,1,pre_allocation
1101,1483,normal,0,0,65535_65535,1,9,87,1089,1,1,1,24,1089,28,1,1,allocated
1101,1483,normal,0,0,65535_65535,1,10,87,1044,0,1,0,23,0,28,1,1,pre_allocation
1101,1483,normal,0,0,65535_65535,1,10,87,1089,1,1,1,24,1089,28,1,1,allocated
1101,1483,normal,0,0,65535_65535,1,6,87,1089,0,1,0,24,0,28,1,1,pre_allocation
1101,1483,normal,0,0,65535_65535,1,6,87,1135,1,1,1,25,1135,28,1,1,allocated
1101,1483,normal,0,0,65535_65535,1,7,87,1089,0,1,0,24,0,28,1,1,pre_allocation
1101,1483,normal,0,0,65535_65535,1,7,87,1135,1,1,1,25,1135,28,1,1,allocated
1101,1483,normal,0,0,65535_65535,1,9,87,1089,0,1,0,24,0,28,1,1,pre_allocation
1101,1483,normal,0,0,65535_65535,1,9,87,1135,1,1,1,25,1135,28,1,1,allocated
1101,1483,normal,0,0,65535_65535,1,10,87,1089,0,1,0,24,0,28,1,1,pre_allocation
1101,1483,normal,0,0,65535_65535,1,10,87,1135,1,1,1,25,1135,28,1,1,allocated
1101,1483,normal,0,0,65535_65535,1,6,87,1135,0,1,0,25,0,28,1,1,pre_allocation
1101,1483,normal,0,0,65535_65535,1,6,87,1181,1,1,1,26,1181,28,1,1,allocated
1101,1483,normal,0,0,65535_65535,1,7,87,1135,0,1,0,25,0,28,1,1,pre_allocation
1101,1483,normal,0,0,65535_65535,1,7,87,1181,1,1,1,26,1181,28,1,1,allocated
1101,1483,normal,0,0,65535_65535,1,9,87,1135,0,1,0,25,0,28,1,1,pre_allocation
1101,1483,normal,0,0,65535_65535,1,9,87,1181,1,1,1,26,1181,28,1,1,allocated
1101,1483,normal,0,0,65535_65535,1,10,87,1135,0,1,0,25,0,28,1,1,pre_allocation
1101,1483,normal,0,0,65535_65535,1,10,87,1181,1,1,1,26,1181,28,1,1,allocated
1101,1483,normal,0,0,65535_65535,1,6,87,1181,0,1,0,26,0,28,1,1,pre_allocation
1101,1483,normal,0,0,65535_65535,1,6,87,1226,1,1,1,27,1226,28,1,1,allocated
1101,1483,normal,0,0,65535_65535,1,7,87,1181,0,1,0,26,0,28,1,1,pre_allocation
1101,1483,normal,0,0,65535_65535,1,7,87,1226,1,1,1,27,1226,28,1,1,allocated
1101,1483,normal,0,0,65535_65535,1,9,87,1181,0,1,0,26,0,28,1,1,pre_allocation
1101,1483,normal,0,0,65535_65535,1,9,87,1226,1,1,1,27,1226,28,1,1,allocated
1101,1483,normal,0,0,65535_65535,1,10,87,1181,0,1,0,26,0,28,1,1,pre_allocation
1101,1483,normal,0,0,65535_65535,1,10,87,1226,1,1,1,27,1226,28,1,1,allocated
1101,1483,normal,0,0,65535_65535,1,6,87,1226,0,1,0,27,0,28,1,1,pre_allocation
1101,1483,normal,0,0,65535_65535,1,6,87,1272,1,1,1,28,1272,28,1,1,allocated
1101,1483,normal,0,0,65535_65535,1,7,87,1226,0,1,0,27,0,28,1,1,pre_allocation
1101,1483,normal,0,0,65535_65535,1,7,87,1272,1,1,1,28,1272,28,1,1,allocated
1101,1483,normal,0,0,65535_65535,1,9,87,1226,0,1,0,27,0,28,1,1,pre_allocation
1101,1483,normal,0,0,65535_65535,1,9,87,1272,1,1,1,28,1272,28,1,1,allocated
1101,1483,normal,0,0,65535_65535,1,10,87,1226,0,1,0,27,0,28,1,1,pre_allocation
1101,1483,normal,0,0,65535_65535,1,10,87,1272,1,1,1,28,1272,28,1,1,allocated
1101,1483,normal,0,0,65535_65535,1,6,87,1272,0,1,0,28,0,28,1,1,pre_allocation
1101,1483,normal,0,0,65535_65535,1,6,87,1317,1,1,1,29,1317,28,1,1,allocated
1101,1483,normal,0,0,65535_65535,1,7,87,1272,0,1,0,28,0,28,1,1,pre_allocation
1101,1483,normal,0,0,65535_65535,1,7,87,1317,1,1,1,29,1317,28,1,1,allocated
1101,1483,normal,0,0,65535_65535,1,9,87,1272,0,1,0,28,0,28,1,1,pre_allocation
1101,1483,normal,0,0,65535_65535,1,9,87,1317,1,1,1,29,1317,28,1,1,allocated
1101,1483,normal,0,0,65535_65535,1,10,87,1272,0,1,0,28,0,28,1,1,pre_allocation
1101,1483,normal,0,0,65535_65535,1,10,87,1317,1,1,1,29,1317,28,1,1,allocated
1101,1483,normal,0,0,65535_65535,1,6,87,1317,0,1,0,29,0,28,1,1,pre_allocation
1101,1483,normal,0,0,65535_65535,1,6,87,1363,1,1,1,30,1363,28,1,1,allocated
1101,1483,normal,0,0,65535_65535,1,7,87,1317,0,1,0,29,0,28,1,1,pre_allocation
1101,1483,normal,0,0,65535_65535,1,7,87,1363,1,1,1,30,1363,28,1,1,allocated
1101,1483,normal,0,0,65535_65535,1,9,87,1317,0,1,0,29,0,28,1,1,pre_allocation
1101,1483,normal,0,0,65535_65535,1,9,87,1363,1,1,1,30,1363,28,1,1,allocated
1101,1483,normal,0,0,65535_65535,1,10,87,1317,0,1,0,29,0,28,1,1,pre_allocation
1101,1483,normal,0,0,65535_65535,1,10,87,1363,1,1,1,30,1363,28,1,1,allocated
1101,1483,normal,0,0,65535_65535,1,6,87,1363,0,1,0,30,0,28,1,1,pre_allocation
1101,1483,normal,0,0,65535_65535,1,6,87,1408,1,1,1,31,1408,28,1,1,allocated
1101,1483,normal,0,0,65535_65535,1,7,87,1363,0,1,0,30,0,28,1,1,pre_allocation
1101,1483,normal,0,0,65535_65535,1,7,87,1408,1,1,1,31,1408,28,1,1,allocated
1101,1483,normal,0,0,65535_65535,1,9,87,1363,0,1,0,30,0,28,1,1,pre_allocation
1101,1483,normal,0,0,65535_65535,1,9,87,1408,1,1,1,31,1408,28,1,1,allocated
1101,1483,normal,0,0,65535_65535,1,10,87,1363,0,1,0,30,0,28,1,1,pre_allocation
1101,1483,normal,0,0,65535_65535,1,10,87,1408,1,1,1,31,1408,28,1,1,allocated
1101,1483,normal,0,0,65535_65535,1,6,87,1408,0,1,0,31,0,28,1,1,pre_allocation
1101,1483,normal,0,0,65535_65535,1,6,87,1454,1,1,1,32,1454,28,1,1,allocated
1101,1483,normal,0,0,65535_65535,1,7,87,1408,0,1,0,31,0,28,1,1,pre_allocation
1101,1483,normal,0,0,65535_65535,1,7,87,1454,1,1,1,32,1454,28,1,1,allocated
1101,1483,normal,0,0,65535_65535,1,9,87,1408,0,1,0,31,0,28,1,1,pre_allocation
1101,1483,normal,0,0,65535_65535,1,9,87,1454,1,1,1,32,1454,28,1,1,allocated
1101,1483,normal,0,0,65535_65535,1,10,87,1408,0,1,0,31,0,28,1,1,pre_allocation
1101,1483,normal,0,0,65535_65535,1,10,87,1454,1,1,1,32,1454,28,1,1,allocated
1101,1483,normal,0,0,65535_65535,1,6,87,1454,0,1,0,32,0,28,1,1,pre_allocation
1101,1483,normal,0,0,65535_65535,1,6,87,1499,1,1,1,33,1499,28,1,1,allocated
1101,1483,normal,0,0,65535_65535,1,7,87,1454,0,1,0,32,0,28,1,1,pre_allocation
1101,1483,normal,0,0,65535_65535,1,7,87,1499,1,1,1,33,1499,28,1,1,allocated
1101,1483,normal,0,0,65535_65535,1,9,87,1454,0,1,0,32,0,28,1,1,pre_allocation
1101,1483,normal,0,0,65535_65535,1,9,87,1499,1,1,1,33,1499,28,1,1,allocated
1101,1483,normal,0,0,65535_65535,1,10,87,1454,0,1,0,32,0,28,1,1,pre_allocation
1101,1483,normal,0,0,65535_65535,1,10,87,1499,1,1,1,33,1499,28,1,1,allocated
1101,1483,normal,0,0,65535_65535,1,6,87,1499,0,1,0,33,0,28,1,1,pre_allocation
1101,1483,normal,0,0,65535_65535,1,6,87,1542,1,1,1,34,1542,28,1,1,allocated
1101,1483,normal,0,0,65535_65535,1,7,87,1499,0,1,0,33,0,28,1,1,pre_allocation
1101,1483,normal,0,0,65535_65535,1,7,87,1542,1,1,1,34,1542,28,1,1,allocated
1101,1483,normal,0,0,65535_65535,1,9,87,1499,0,1,0,33,0,28,1,1,pre_allocation
1101,1483,normal,0,0,65535_65535,1,9,87,1542,1,1,1,34,1542,28,1,1,allocated
1101,1483,normal,0,0,65535_65535,1,10,87,1499,0,1,0,33,0,28,1,1,pre_allocation
1101,1483,normal,0,0,65535_65535,1,10,87,1542,1,1,1,34,1542,28,1,1,allocated
1101,1483,normal,0,0,65535_65535,1,6,87,1542,0,1,0,34,0,28,1,1,pre_allocation
1101,1483,normal,0,0,65535_65535,1,6,87,1587,1,1,1,35,1587,28,1,1,allocated
1101,1483,normal,0,0,65535_65535,1,7,87,1542,0,1,0,34,0,28,1,1,pre_allocation
1101,1483,normal,0,0,65535_65535,1,7,87,1587,1,1,1,35,1587,28,1,1,allocated
1101,1483,normal,0,0,65535_65535,1,9,87,1542,0,1,0,34,0,28,1,1,pre_allocation
1101,1483,normal,0,0,65535_65535,1,9,87,1587,1,1,1,35,1587,28,1,1,allocated
1101,1483,normal,0,0,65535_65535,1,10,87,1542,0,1,0,34,0,28,1,1,pre_allocation
1101,1483,normal,0,0,65535_65535,1,10,87,1587,1,1,1,35,1587,28,1,1,allocated
1101,1483,normal,0,0,65535_65535,1,6,87,1587,0,1,0,35,0,28,1,1,pre_allocation
1101,1483,normal,0,0,65535_65535,1,6,87,1633,1,1,1,36,1633,28,1,1,allocated
1101,1483,normal,0,0,65535_65535,1,7,87,1587,0,1,0,35,0,28,1,1,pre_allocation
1101,1483,normal,0,0,65535_65535,1,7,87,1633,1,1,1,36,1633,28,1,1,allocated
1101,1483,normal,0,0,65535_65535,1,9,87,1587,0,1,0,35,0,28,1,1,pre_allocation
1101,1483,normal,0,0,65535_65535,1,9,87,1633,1,1,1,36,1633,28,1,1,allocated
1101,1483,normal,0,0,65535_65535,1,10,87,1587,0,1,0,35,0,28,1,1,pre_allocation
1101,1483,normal,0,0,65535_65535,1,10,87,1633,1,1,1,36,1633,28,1,1,allocated
1101,1483,normal,0,0,65535_65535,1,6,87,1633,0,1,0,36,0,28,1,1,pre_allocation
1101,1483,normal,0,0,65535_65535,1,6,87,1678,1,1,1,37,1678,28,1,1,allocated
1101,1483,normal,0,0,65535_65535,1,7,87,1633,0,1,0,36,0,28,1,1,pre_allocation
1101,1483,normal,0,0,65535_65535,1,7,87,1678,1,1,1,37,1678,28,1,1,allocated
1101,1483,normal,0,0,65535_65535,1,9,87,1633,0,1,0,36,0,28,1,1,pre_allocation
1101,1483,normal,0,0,65535_65535,1,9,87,1678,1,1,1,37,1678,28,1,1,allocated
1101,1483,normal,0,0,65535_65535,1,10,87,1633,0,1,0,36,0,28,1,1,pre_allocation
1101,1483,normal,0,0,65535_65535,1,10,87,1678,1,1,1,37,1678,28,1,1,allocated
1101,1483,normal,0,0,65535_65535,1,6,87,1678,0,1,0,37,0,28,1,1,pre_allocation
1101,1483,normal,0,0,65535_65535,1,6,87,1724,1,1,1,38,1724,28,1,1,allocated
1101,1483,normal,0,0,65535_65535,1,7,87,1678,0,1,0,37,0,28,1,1,pre_allocation
1101,1483,normal,0,0,65535_65535,1,7,87,1724,1,1,1,38,1724,28,1,1,allocated
1101,1483,normal,0,0,65535_65535,1,9,87,1678,0,1,0,37,0,28,1,1,pre_allocation
1101,1483,normal,0,0,65535_65535,1,9,87,1724,1,1,1,38,1724,28,1,1,allocated
1101,1483,normal,0,0,65535_65535,1,10,87,1678,0,1,0,37,0,28,1,1,pre_allocation
1101,1483,normal,0,0,65535_65535,1,10,87,1724,1,1,1,38,1724,28,1,1,allocated
1101,1483,normal,0,0,65535_65535,1,6,87,1724,0,1,0,38,0,28,1,1,pre_allocation
1101,1483,normal,0,0,65535_65535,1,6,87,1770,1,1,1,39,1770,28,1,1,allocated
1101,1483,normal,0,0,65535_65535,1,7,87,1724,0,1,0,38,0,28,1,1,pre_allocation
1101,1483,normal,0,0,65535_65535,1,7,87,1770,1,1,1,39,1770,28,1,1,allocated
1101,1483,normal,0,0,65535_65535,1,9,87,1724,0,1,0,38,0,28,1,1,pre_allocation
1101,1483,normal,0,0,65535_65535,1,9,87,1770,1,1,1,39,1770,28,1,1,allocated
1101,1483,normal,0,0,65535_65535,1,10,87,1724,0,1,0,38,0,28,1,1,pre_allocation
1101,1483,normal,0,0,65535_65535,1,10,87,1770,1,1,1,39,1770,28,1,1,allocated
1101,1483,normal,0,0,65535_65535,1,6,87,1770,0,1,0,39,0,28,1,1,pre_allocation
1101,1483,normal,0,0,65535_65535,1,6,87,1815,1,1,1,40,1815,28,1,1,allocated
1101,1483,normal,0,0,65535_65535,1,7,87,1770,0,1,0,39,0,28,1,1,pre_allocation
1101,1483,normal,0,0,65535_65535,1,7,87,1815,1,1,1,40,1815,28,1,1,allocated
1101,1483,normal,0,0,65535_65535,1,9,87,1770,0,1,0,39,0,28,1,1,pre_allocation
1101,1483,normal,0,0,65535_65535,1,9,87,1815,1,1,1,40,1815,28,1,1,allocated
1101,1483,normal,0,0,65535_65535,2,28,137,0,0,1,0,0,0,26,1,1,pre_allocation
1101,1483,normal,0,0,65535_65535,2,28,137,39,1,1,1,1,39,26,1,1,allocated
1101,1483,normal,0,0,65535_65535,2,27,137,0,0,1,0,0,0,28,1,1,pre_allocation
1101,1483,normal,0,0,65535_65535,2,27,137,42,1,1,1,1,42,28,1,1,allocated
1101,1483,normal,0,0,65535_65535,2,25,137,0,0,1,0,0,0,28,1,1,pre_allocation
1101,1483,normal,0,0,65535_65535,2,25,137,42,1,1,1,1,42,28,1,1,allocated
1101,1483,normal,0,0,65535_65535,2,24,137,0,0,1,0,0,0,28,1,1,pre_allocation
1101,1483,normal,0,0,65535_65535,2,24,137,42,1,1,1,1,42,28,1,1,allocated
1101,1483,normal,0,0,65535_65535,2,22,137,0,0,1,0,0,0,28,1,1,pre_allocation
1101,1483,normal,0,0,65535_65535,2,22,137,42,1,1,1,1,42,28,1,1,allocated
1101,1483,normal,0,0,65535_65535,2,21,137,0,0,1,0,0,0,28,1,1,pre_allocation
1101,1483,normal,0,0,65535_65535,2,21,137,42,1,1,1,1,42,28,1,1,allocated
1101,1483,normal,0,0,65535_65535,2,11,137,0,0,1,0,0,0,28,1,1,pre_allocation
1101,1483,normal,0,0,65535_65535,2,11,137,42,1,1,1,1,42,28,1,1,allocated
1101,1483,normal,0,0,65535_65535,2,12,137,0,0,1,0,0,0,28,1,1,pre_allocation
1101,1483,normal,0,0,65535_65535,2,12,137,42,1,1,1,1,42,28,1,1,allocated
1101,1483,normal,0,0,65535_65535,2,28,137,39,0,1,0,1,0,26,1,1,pre_allocation
1101,1483,normal,0,0,65535_65535,2,28,137,81,1,1,1,2,81,26,1,1,allocated
1101,1483,normal,0,0,65535_65535,2,27,137,42,0,1,0,1,0,28,1,1,pre_allocation
1101,1483,normal,0,0,65535_65535,2,27,137,88,1,1,1,2,88,28,1,1,allocated
1101,1483,normal,0,0,65535_65535,2,25,137,42,0,1,0,1,0,28,1,1,pre_allocation
1101,1483,normal,0,0,65535_65535,2,25,137,88,1,1,1,2,88,28,1,1,allocated
1101,1483,normal,0,0,65535_65535,2,24,137,42,0,1,0,1,0,28,1,1,pre_allocation
1101,1483,normal,0,0,65535_65535,2,24,137,88,1,1,1,2,88,28,1,1,allocated
1101,1483,normal,0,0,65535_65535,2,22,137,42,0,1,0,1,0,28,1,1,pre_allocation
1101,1483,normal,0,0,65535_65535,2,22,137,88,1,1,1,2,88,28,1,1,allocated
1101,1483,normal,0,0,65535_65535,2,21,137,42,0,1,0,1,0,28,1,1,pre_allocation
1101,1483,normal,0,0,65535_65535,2,21,137,88,1,1,1,2,88,28,1,1,allocated
1101,1483,normal,0,0,65535_65535,2,11,137,42,0,1,0,1,0,28,1,1,pre_allocation
1101,1483,normal,0,0,65535_65535,2,11,137,88,1,1,1,2,88,28,1,1,allocated
1101,1483,normal,0,0,65535_65535,2,12,137,42,0,1,0,1,0,28,1,1,pre_allocation
1101,1483,normal,0,0,65535_65535,2,12,137,88,1,1,1,2,88,28,1,1,allocated
1101,1483,normal,0,0,65535_65535,2,28,137,81,0,1,0,2,0,26,1,1,pre_allocation
1101,1483,normal,0,0,65535_65535,2,28,137,123,1,1,1,3,123,26,1,1,allocated
1101,1483,normal,0,0,65535_65535,2,27,137,88,0,1,0,2,0,28,1,1,pre_allocation
1101,1483,normal,0,0,65535_65535,2,27,137,133,1,1,1,3,133,28,1,1,allocated
1101,1483,normal,0,0,65535_65535,2,25,137,88,0,1,0,2,0,28,1,1,pre_allocation
1101,1483,normal,0,0,65535_65535,2,25,137,133,1,1,1,3,133,28,1,1,allocated
1101,1483,normal,0,0,65535_65535,2,24,137,88,0,1,0,2,0,28,1,1,pre_allocation
1101,1483,normal,0,0,65535_65535,2,24,137,133,1,1,1,3,133,28,1,1,allocated
1101,1483,normal,0,0,65535_65535,2,22,137,88,0,1,0,2,0,28,1,1,pre_allocation
1101,1483,normal,0,0,65535_65535,2,22,137,133,1,1,1,3,133,28,1,1,allocated
1101,1483,normal,0,0,65535_65535,2,21,137,88,0,1,0,2,0,28,1,1,pre_allocation
1101,1483,normal,0,0,65535_65535,2,21,137,133,1,1,1,3,133,28,1,1,allocated
1101,1483,normal,0,0,65535_65535,2,11,137,88,0,1,0,2,0,28,1,1,pre_allocation
1101,1483,normal,0,0,65535_65535,2,11,137,133,1,1,1,3,133,28,1,1,allocated
1101,1483,normal,0,0,65535_65535,2,12,137,88,0,1,0,2,0,28,1,1,pre_allocation
1101,1483,normal,0,0,65535_65535,2,12,137,133,1,1,1,3,133,28,1,1,allocated
1101,1483,normal,0,0,65535_65535,2,28,137,123,0,1,0,3,0,26,1,1,pre_allocation
1101,1483,normal,0,0,65535_65535,2,28,137,165,1,1,1,4,165,26,1,1,allocated
1101,1483,normal,0,0,65535_65535,2,27,137,133,0,1,0,3,0,28,1,1,pre_allocation
1101,1483,normal,0,0,65535_65535,2,27,137,179,1,1,1,4,179,28,1,1,allocated
1101,1483,normal,0,0,65535_65535,2,25,137,133,0,1,0,3,0,28,1,1,pre_allocation
1101,1483,normal,0,0,65535_65535,2,25,137,179,1,1,1,4,179,28,1,1,allocated
1101,1483,normal,0,0,65535_65535,2,24,137,133,0,1,0,3,0,28,1,1,pre_allocation
1101,1483,normal,0,0,65535_65535,2,24,137,179,1,1,1,4,179,28,1,1,allocated
1101,1483,normal,0,0,65535_65535,2,22,137,133,0,1,0,3,0,28,1,1,pre_allocation
1101,1483,normal,0,0,65535_65535,2,22,137,179,1,1,1,4,179,28,1,1,allocated
1101,1483,normal,0,0,65535_65535,2,21,137,133,0,1,0,3,0,28,1,1,pre_allocation
1101,1483,normal,0,0,65535_65535,2,21,137,179,1,1,1,4,179,28,1,1,allocated
1101,1483,normal,0,0,65535_65535,2,11,137,133,0,1,0,3,0,28,1,1,pre_allocation
1101,1483,normal,0,0,65535_65535,2,11,137,179,1,1,1,4,179,28,1,1,allocated
1101,1483,normal,0,0,65535_65535,2,12,137,133,0,1,0,3,0,28,1,1,pre_allocation
1101,1483,normal,0,0,65535_65535,2,12,137,179,1,1,1,4,179,28,1,1,allocated
1101,1483,normal,0,0,65535_65535,2,28,137,165,0,1,0,4,0,26,1,1,pre_allocation
1101,1483,normal,0,0,65535_65535,2,28,137,207,1,1,1,5,207,26,1,1,allocated
1101,1483,normal,0,0,65535_65535,2,27,137,179,0,1,0,4,0,28,1,1,pre_allocation
1101,1483,normal,0,0,65535_65535,2,27,137,224,1,1,1,5,224,28,1,1,allocated
1101,1483,normal,0,0,65535_65535,2,25,137,179,0,1,0,4,0,28,1,1,pre_allocation
1101,1483,normal,0,0,65535_65535,2,25,137,224,1,1,1,5,224,28,1,1,allocated
1101,1483,normal,0,0,65535_65535,2,24,137,179,0,1,0,4,0,28,1,1,pre_allocation
1101,1483,normal,0,0,65535_65535,2,24,137,224,1,1,1,5,224,28,1,1,allocated
1101,1483,normal,0,0,65535_65535,2,22,137,179,0,1,0,4,0,28,1,1,pre_allocation
1101,1483,normal,0,0,65535_65535,2,22,137,224,1,1,1,5,224,28,1,1,allocated
1101,1483,normal,0,0,65535_65535,2,21,137,179,0,1,0,4,0,28,1,1,pre_allocation
1101,1483,normal,0,0,65535_65535,2,21,137,224,1,1,1,5,224,28,1,1,allocated
1101,1483,normal,0,0,65535_65535,2,11,137,179,0,1,0,4,0,28,1,1,pre_allocation
1101,1483,normal,0,0,65535_65535,2,11,137,224,1,1,1,5,224,28,1,1,allocated
1101,1483,normal,0,0,65535_65535,2,12,137,179,0,1,0,4,0,28,1,1,pre_allocation
1101,1483,normal,0,0,65535_65535,2,12,137,224,1,1,1,5,224,28,1,1,allocated
1101,1483,normal,0,0,65535_65535,2,28,137,207,0,1,0,5,0,26,1,1,pre_allocation
1101,1483,normal,0,0,65535_65535,2,28,137,249,1,1,1,6,249,26,1,1,allocated
1101,1483,normal,0,0,65535_65535,2,27,137,224,0,1,0,5,0,28,1,1,pre_allocation
1101,1483,normal,0,0,65535_65535,2,27,137,270,1,1,1,6,270,28,1,1,allocated
1101,1483,normal,0,0,65535_65535,2,25,137,224,0,1,0,5,0,28,1,1,pre_allocation
1101,1483,normal,0,0,65535_65535,2,25,137,270,1,1,1,6,270,28,1,1,allocated
1101,1483,normal,0,0,65535_65535,2,24,137,224,0,1,0,5,0,28,1,1,pre_allocation
1101,1483,normal,0,0,65535_65535,2,24,137,270,1,1,1,6,270,28,1,1,allocated
1101,1483,normal,0,0,65535_65535,2,22,137,224,0,1,0,5,0,28,1,1,pre_allocation
1101,1483,normal,0,0,65535_65535,2,22,137,270,1,1,1,6,270,28,1,1,allocated
1101,1483,normal,0,0,65535_65535,2,21,137,224,0,1,0,5,0,28,1,1,pre_allocation
1101,1483,normal,0,0,65535_65535,2,21,137,270,1,1,1,6,270,28,1,1,allocated
1101,1483,normal,0,0,65535_65535,2,11,137,224,0,1,0,5,0,28,1,1,pre_allocation
1101,1483,normal,0,0,65535_65535,2,11,137,270,1,1,1,6,270,28,1,1,allocated
1101,1483,normal,0,0,65535_65535,2,12,137,224,0,1,0,5,0,28,1,1,pre_allocation
1101,1483,normal,0,0,65535_65535,2,12,137,270,1,1,1,6,270,28,1,1,allocated
1101,1483,normal,0,0,65535_65535,2,28,137,249,0,1,0,6,0,26,1,1,pre_allocation
1101,1483,normal,0,0,65535_65535,2,28,137,291,1,1,1,7,291,26,1,1,allocated
