timestamp,sliceId,dedicatedPRB,minPRB,maxPRB
510,0,26.06151566865012,26.06151566865012,100.0
510,1,41.106911327517956,41.106911327517956,100.0
510,2,32.83157300383193,32.83157300383193,100.0
520,0,36.32019994968357,36.32019994968357,100.0
520,1,24.015504552425586,24.015504552425586,100.0
520,2,39.66429549789085,39.66429549789085,100.0
530,0,48.07676903075267,48.07676903075267,100.0
530,1,22.666808268992778,22.666808268992778,100.0
530,2,29.256422700254557,29.256422700254557,100.0
540,0,32.64422785844041,32.64422785844041,100.0
540,1,15.938774604261289,15.938774604261289,100.0
540,2,51.4169975372983,51.4169975372983,100.0
550,0,15.86876867474266,15.86876867474266,100.0
550,1,29.394213317190378,29.394213317190378,100.0
550,2,54.73701800806696,54.73701800806696,100.0
560,0,62.47891029764132,62.47891029764132,100.0
560,1,18.94836832684024,18.94836832684024,100.0
560,2,18.572721375518444,18.572721375518444,100.0
570,0,51.09658297114208,51.09658297114208,100.0
570,1,16.607695087246853,16.607695087246853,100.0
570,2,32.29572194161106,32.29572194161106,100.0
580,0,26.569723631923093,26.569723631923093,100.0
580,1,50.10748814877514,50.10748814877514,100.0
580,2,23.322788219301778,23.322788219301778,100.0
590,0,14.614006919450823,14.614006919450823,100.0
590,1,15.044383765318074,15.044383765318074,100.0
590,2,70.3416093152311,70.3416093152311,100.0
600,0,44.963859256467394,44.963859256467394,100.0
600,1,41.80433533152422,41.80433533152422,100.0
600,2,13.231805412008388,13.231805412008388,100.0
610,0,32.417044810610555,32.417044810610555,100.0
610,1,55.64341219225696,55.64341219225696,100.0
610,2,11.939542997132492,11.939542997132492,100.0
620,0,25.09593488306548,25.09593488306548,100.0
620,1,42.001487013694025,42.001487013694025,100.0
620,2,32.9025781032405,32.9025781032405,100.0
630,0,25.441203495012616,25.441203495012616,100.0
630,1,57.39421428677225,57.39421428677225,100.0
630,2,17.16458221821514,17.16458221821514,100.0
640,0,16.989803520003136,16.989803520003136,100.0
640,1,57.802568840514176,57.802568840514176,100.0
640,2,25.207627639482695,25.207627639482695,100.0
650,0,40.351617501766604,40.351617501766604,100.0
650,1,29.642527721014428,29.642527721014428,100.0
650,2,30.00585477721897,30.00585477721897,100.0
660,0,9.271818944961144,9.271818944961144,100.0
660,1,40.95233160459591,40.95233160459591,100.0
660,2,49.77584945044294,49.77584945044294,100.0
670,0,20.38767322028943,20.38767322028943,100.0
670,1,53.270817569149706,53.270817569149706,100.0
670,2,26.341509210560858,26.341509210560858,100.0
680,0,28.36479113399537,28.36479113399537,100.0
680,1,46.58090496997262,46.58090496997262,100.0
680,2,25.054303896032014,25.054303896032014,100.0
690,0,53.02426007241735,53.02426007241735,100.0
690,1,21.513401325097824,21.513401325097824,100.0
690,2,25.46233860248483,25.46233860248483,100.0
700,0,14.354673559612733,14.354673559612733,100.0
700,1,72.22004963715113,72.22004963715113,100.0
700,2,13.425276803236146,13.425276803236146,100.0
710,0,22.970640984784254,22.970640984784254,100.0
710,1,24.405160655612253,24.405160655612253,100.0
710,2,52.62419835960349,52.62419835960349,100.0
720,0,31.11528215869918,31.11528215869918,100.0
720,1,22.389701029436036,22.389701029436036,100.0
720,2,46.4950168118648,46.4950168118648,100.0
730,0,12.097196869275544,12.097196869275544,100.0
730,1,56.7705933735824,56.7705933735824,100.0
730,2,31.132209757142064,31.132209757142064,100.0
740,0,8.499044136349996,8.499044136349996,100.0
740,1,42.36824210906149,42.36824210906149,100.0
740,2,49.1327137545885,49.1327137545885,100.0
750,0,8.397196236239283,8.397196236239283,100.0
750,1,46.08277426827754,46.08277426827754,100.0
750,2,45.520029495483186,45.520029495483186,100.0
760,0,31.76579475121759,31.76579475121759,100.0
760,1,32.65383635892768,32.65383635892768,100.0
760,2,35.580368889854725,35.580368889854725,100.0
770,0,16.011590753712042,16.011590753712042,100.0
770,1,53.542886590819386,53.542886590819386,100.0
770,2,30.445522655468572,30.445522655468572,100.0
780,0,24.82101063777314,24.82101063777314,100.0
780,1,37.643147261004586,37.643147261004586,100.0
780,2,37.53584210122227,37.53584210122227,100.0
790,0,45.117400342319904,45.117400342319904,100.0
790,1,30.191486432198193,30.191486432198193,100.0
790,2,24.69111322548191,24.69111322548191,100.0
800,0,35.40265534335736,35.40265534335736,100.0
800,1,15.973981007014098,15.973981007014098,100.0
800,2,48.623363649628544,48.623363649628544,100.0
810,0,51.01678100678386,51.01678100678386,100.0
810,1,11.068078498031742,11.068078498031742,100.0
810,2,37.9151404951844,37.9151404951844,100.0
820,0,37.86515346573394,37.86515346573394,100.0
820,1,26.50994500464765,26.50994500464765,100.0
820,2,35.624901529618406,35.624901529618406,100.0
830,0,22.08888999152541,22.08888999152541,100.0
830,1,55.09554701958365,55.09554701958365,100.0
830,2,22.81556298889095,22.81556298889095,100.0
840,0,19.576584715941355,19.576584715941355,100.0
840,1,33.2660875806121,33.2660875806121,100.0
840,2,47.15732770344655,47.15732770344655,100.0
850,0,60.267916738789374,60.267916738789374,100.0
850,1,15.930538156250732,15.930538156250732,100.0
850,2,23.801545104959892,23.801545104959892,100.0
860,0,23.98414412301034,23.98414412301034,100.0
860,1,20.98602168126713,20.98602168126713,100.0
860,2,55.029834195722536,55.029834195722536,100.0
870,0,46.6434861756486,46.6434861756486,100.0
870,1,25.479200006764934,25.479200006764934,100.0
870,2,27.877313817586458,27.877313817586458,100.0
880,0,35.12148770416054,35.12148770416054,100.0
880,1,28.466102618669243,28.466102618669243,100.0
880,2,36.412409677170224,36.412409677170224,100.0
890,0,31.56506818407277,31.56506818407277,100.0
890,1,32.422850822999514,32.422850822999514,100.0
890,2,36.012080992927714,36.012080992927714,100.0
900,0,56.39997771892617,56.39997771892617,100.0
900,1,22.205430023338057,22.205430023338057,100.0
900,2,21.394592257735777,21.394592257735777,100.0
910,0,47.77448009184941,47.77448009184941,100.0
910,1,21.111138614408393,21.111138614408393,100.0
910,2,31.114381293742195,31.114381293742195,100.0
920,0,55.58097852975873,55.58097852975873,100.0
920,1,33.913125429918196,33.913125429918196,100.0
920,2,10.505896040323082,10.505896040323082,100.0
930,0,26.64117706273904,26.64117706273904,100.0
930,1,37.287762143417304,37.287762143417304,100.0
930,2,36.071060793843664,36.071060793843664,100.0
940,0,25.62194936356969,25.62194936356969,100.0
940,1,44.7836197645421,44.7836197645421,100.0
940,2,29.5944308718882,29.5944308718882,100.0
950,0,22.214721402364574,22.214721402364574,100.0
950,1,39.398278154601805,39.398278154601805,100.0
950,2,38.38700044303362,38.38700044303362,100.0
960,0,40.87024718750485,40.87024718750485,100.0
960,1,31.555780249448716,31.555780249448716,100.0
960,2,27.57397256304643,27.57397256304643,100.0
970,0,49.571733984512875,49.571733984512875,100.0
970,1,31.258857135980772,31.258857135980772,100.0
970,2,19.169408879506364,19.169408879506364,100.0
980,0,32.49414496347732,32.49414496347732,100.0
980,1,34.15413278079128,34.15413278079128,100.0
980,2,33.35172225573139,33.35172225573139,100.0
990,0,47.25660599064357,47.25660599064357,100.0
990,1,39.929897299494534,39.929897299494534,100.0
990,2,12.813496709861896,12.813496709861896,100.0
1000,0,33.92621863224106,33.92621863224106,100.0
1000,1,36.427278216204655,36.427278216204655,100.0
1000,2,29.64650315155428,29.64650315155428,100.0
1010,0,55.24065490814546,55.24065490814546,100.0
1010,1,16.692945640182675,16.692945640182675,100.0
1010,2,28.066399451671874,28.066399451671874,100.0
1020,0,13.785569181680282,13.785569181680282,100.0
1020,1,45.95322212992338,45.95322212992338,100.0
1020,2,40.26120868839633,40.26120868839633,100.0
1030,0,14.47151476297276,14.47151476297276,100.0
1030,1,23.190816867548403,23.190816867548403,100.0
1030,2,62.33766836947884,62.33766836947884,100.0
1040,0,29.963928463873575,29.963928463873575,100.0
1040,1,34.258700896986824,34.258700896986824,100.0
1040,2,35.777370639139605,35.777370639139605,100.0
1050,0,20.261546798869695,20.261546798869695,100.0
1050,1,55.544221872210365,55.544221872210365,100.0
1050,2,24.194231328919948,24.194231328919948,100.0
1060,0,21.612552879036485,21.612552879036485,100.0
1060,1,19.077187896105603,19.077187896105603,100.0
1060,2,59.31025922485792,59.31025922485792,100.0
1070,0,35.705861221833736,35.705861221833736,100.0
1070,1,52.755572105919576,52.755572105919576,100.0
1070,2,11.538566672246674,11.538566672246674,100.0
1080,0,49.291854107022544,49.291854107022544,100.0
1080,1,41.595153094695114,41.595153094695114,100.0
1080,2,9.112992798282338,9.112992798282338,100.0
1090,0,27.995299919596185,27.995299919596185,100.0
1090,1,23.810796112075376,23.810796112075376,100.0
1090,2,48.19390396832845,48.19390396832845,100.0
1100,0,29.880010324159535,29.880010324159535,100.0
1100,1,17.306675739746257,17.306675739746257,100.0
1100,2,52.81331393609421,52.81331393609421,100.0
1110,0,28.980483718777627,28.980483718777627,100.0
1110,1,37.63798009669455,37.63798009669455,100.0
1110,2,33.381536184527825,33.381536184527825,100.0
1120,0,16.126995865438385,16.126995865438385,100.0
1120,1,37.093052749560144,37.093052749560144,100.0
1120,2,46.779951385001475,46.779951385001475,100.0
1130,0,32.8370744526819,32.8370744526819,100.0
1130,1,25.863659657354347,25.863659657354347,100.0
1130,2,41.29926588996376,41.29926588996376,100.0
1140,0,60.72122767443956,60.72122767443956,100.0
1140,1,26.141856727218237,26.141856727218237,100.0
1140,2,13.136915598342197,13.136915598342197,100.0
1150,0,12.196744358217623,12.196744358217623,100.0
1150,1,47.52400999400753,47.52400999400753,100.0
1150,2,40.27924564777486,40.27924564777486,100.0
1160,0,59.61009527898018,59.61009527898018,100.0
1160,1,14.788485205050014,14.788485205050014,100.0
1160,2,25.601419515969816,25.601419515969816,100.0
1170,0,45.56844649935481,45.56844649935481,100.0
1170,1,44.511432495183044,44.511432495183044,100.0
1170,2,9.920121005462141,9.920121005462141,100.0
1180,0,27.238665523342725,27.238665523342725,100.0
1180,1,32.34297937993173,32.34297937993173,100.0
1180,2,40.41835509672555,40.41835509672555,100.0
1190,0,57.12103922408874,57.12103922408874,100.0
1190,1,28.04100207490673,28.04100207490673,100.0
1190,2,14.837958701004538,14.837958701004538,100.0
1200,0,29.997486825629917,29.997486825629917,100.0
1200,1,33.786239406389754,33.786239406389754,100.0
1200,2,36.21627376798034,36.21627376798034,100.0
1210,0,33.737625493614196,33.737625493614196,100.0
1210,1,26.689912999836064,26.689912999836064,100.0
1210,2,39.572461506549736,39.572461506549736,100.0
1220,0,45.422141785364886,45.422141785364886,100.0
1220,1,40.378242869820724,40.378242869820724,100.0
1220,2,14.1996153448144,14.1996153448144,100.0
1230,0,27.688901500792667,27.688901500792667,100.0
1230,1,37.63381097370726,37.63381097370726,100.0
1230,2,34.67728752550007,34.67728752550007,100.0
1240,0,40.322952036728964,40.322952036728964,100.0
1240,1,47.25375980157117,47.25375980157117,100.0
1240,2,12.423288161699851,12.423288161699851,100.0
1250,0,21.26966376382101,21.26966376382101,100.0
1250,1,32.62469631165585,32.62469631165585,100.0
1250,2,46.10563992452313,46.10563992452313,100.0
1260,0,38.67280922101947,38.67280922101947,100.0
1260,1,13.561581832692598,13.561581832692598,100.0
1260,2,47.765608946287934,47.765608946287934,100.0
1270,0,15.094231278924674,15.094231278924674,100.0
1270,1,27.64914633642294,27.64914633642294,100.0
1270,2,57.25662238465239,57.25662238465239,100.0
1280,0,27.011927826633364,27.011927826633364,100.0
1280,1,14.33633908327636,14.33633908327636,100.0
1280,2,58.651733090090275,58.651733090090275,100.0
1290,0,31.64420986953437,31.64420986953437,100.0
1290,1,28.348894003698856,28.348894003698856,100.0
1290,2,40.00689612676677,40.00689612676677,100.0
1300,0,27.405141695634267,27.405141695634267,100.0
1300,1,52.427976239966135,52.427976239966135,100.0
1300,2,20.166882064399605,20.166882064399605,100.0
1310,0,23.45529447086264,23.45529447086264,100.0
1310,1,57.48215004135114,57.48215004135114,100.0
1310,2,19.062555487786213,19.062555487786213,100.0
1320,0,14.537188451037528,14.537188451037528,100.0
1320,1,24.193280523112836,24.193280523112836,100.0
1320,2,61.269531025849645,61.269531025849645,100.0
1330,0,24.445860189023332,24.445860189023332,100.0
1330,1,37.35337387493443,37.35337387493443,100.0
1330,2,38.200765936042245,38.200765936042245,100.0
1340,0,23.662332467565253,23.662332467565253,100.0
1340,1,30.80633431800222,30.80633431800222,100.0
1340,2,45.53133321443252,45.53133321443252,100.0
1350,0,19.83764811174905,19.83764811174905,100.0
1350,1,50.60992464568279,50.60992464568279,100.0
1350,2,29.552427242568157,29.552427242568157,100.0
1360,0,22.89071117785019,22.89071117785019,100.0
1360,1,16.81744533141393,16.81744533141393,100.0
1360,2,60.291843490735886,60.291843490735886,100.0
1370,0,30.45458852840257,30.45458852840257,100.0
1370,1,44.64165029805095,44.64165029805095,100.0
1370,2,24.90376117354649,24.90376117354649,100.0
1380,0,33.162874982309866,33.162874982309866,100.0
1380,1,51.01280534407595,51.01280534407595,100.0
1380,2,15.824319673614193,15.824319673614193,100.0
1390,0,41.04867276477794,41.04867276477794,100.0
1390,1,15.76616810932046,15.76616810932046,100.0
1390,2,43.18515912590159,43.18515912590159,100.0
1400,0,17.591137650980038,17.591137650980038,100.0
1400,1,31.704925574175764,31.704925574175764,100.0
1400,2,50.703936774844195,50.703936774844195,100.0
1410,0,33.51117126105323,33.51117126105323,100.0
1410,1,23.171924756462563,23.171924756462563,100.0
1410,2,43.31690398248419,43.31690398248419,100.0
1420,0,17.04679866859563,17.04679866859563,100.0
1420,1,30.634070442164905,30.634070442164905,100.0
1420,2,52.31913088923946,52.31913088923946,100.0
1430,0,28.97033886645089,28.97033886645089,100.0
1430,1,40.8311048610149,40.8311048610149,100.0
1430,2,30.198556272534198,30.198556272534198,100.0
1440,0,30.098404477005648,30.098404477005648,100.0
1440,1,40.7292841962252,40.7292841962252,100.0
1440,2,29.172311326769158,29.172311326769158,100.0
1450,0,56.019088510386524,56.019088510386524,100.0
1450,1,14.067169621351997,14.067169621351997,100.0
1450,2,29.91374186826147,29.91374186826147,100.0
1460,0,59.33306910226849,59.33306910226849,100.0
1460,1,27.86537654784477,27.86537654784477,100.0
1460,2,12.801554349886743,12.801554349886743,100.0
1470,0,40.223169933771025,40.223169933771025,100.0
1470,1,16.160912229166172,16.160912229166172,100.0
1470,2,43.615917837062796,43.615917837062796,100.0
1480,0,12.174001116103584,12.174001116103584,100.0
1480,1,70.78469294068313,70.78469294068313,100.0
1480,2,17.0413059432133,17.0413059432133,100.0
1490,0,49.30851497719688,49.30851497719688,100.0
1490,1,32.31053785208588,32.31053785208588,100.0
1490,2,18.380947170717253,18.380947170717253,100.0
1500,0,12.139095713080756,12.139095713080756,100.0
1500,1,37.95380975308538,37.95380975308538,100.0
1500,2,49.90709453383387,49.90709453383387,100.0
1510,0,28.398003516493393,28.398003516493393,100.0
1510,1,16.861692565288923,16.861692565288923,100.0
1510,2,54.74030391821769,54.74030391821769,100.0
1520,0,49.29609588609183,49.29609588609183,100.0
1520,1,33.43689719933774,33.43689719933774,100.0
1520,2,17.26700691457044,17.26700691457044,100.0
1530,0,30.629972105041723,30.629972105041723,100.0
1530,1,28.952608680570137,28.952608680570137,100.0
1530,2,40.41741921438815,40.41741921438815,100.0
1540,0,17.493612579265996,17.493612579265996,100.0
1540,1,69.4140570372849,69.4140570372849,100.0
1540,2,13.092330383449108,13.092330383449108,100.0
1550,0,45.80909954276889,45.80909954276889,100.0
1550,1,25.51662041973284,25.51662041973284,100.0
1550,2,28.674280037498278,28.674280037498278,100.0
1560,0,31.977025451214274,31.977025451214274,100.0
1560,1,40.98588505431734,40.98588505431734,100.0
1560,2,27.037089494468386,27.037089494468386,100.0
1570,0,24.081838922892164,24.081838922892164,100.0
1570,1,41.793163608306685,41.793163608306685,100.0
1570,2,34.12499746880117,34.12499746880117,100.0
1580,0,28.064319125172553,28.064319125172553,100.0
1580,1,19.73003778389046,19.73003778389046,100.0
1580,2,52.205643090936995,52.205643090936995,100.0
1590,0,22.478306190490766,22.478306190490766,100.0
1590,1,40.198063593465875,40.198063593465875,100.0
1590,2,37.32363021604336,37.32363021604336,100.0
1600,0,27.65938718074209,27.65938718074209,100.0
1600,1,27.8313875843258,27.8313875843258,100.0
1600,2,44.50922523493212,44.50922523493212,100.0
1610,0,58.98509235045968,58.98509235045968,100.0
1610,1,14.63412096559643,14.63412096559643,100.0
1610,2,26.380786683943885,26.380786683943885,100.0
1620,0,21.407390362520474,21.407390362520474,100.0
1620,1,31.866154536137532,31.866154536137532,100.0
1620,2,46.726455101342005,46.726455101342005,100.0
1630,0,23.33045027623526,23.33045027623526,100.0
1630,1,37.22723911907185,37.22723911907185,100.0
1630,2,39.4423106046929,39.4423106046929,100.0
1640,0,29.024562176310663,29.024562176310663,100.0
1640,1,12.425344619206868,12.425344619206868,100.0
1640,2,58.550093204482465,58.550093204482465,100.0
1650,0,9.942170631421185,9.942170631421185,100.0
1650,1,53.2483828810707,53.2483828810707,100.0
1650,2,36.809446487508104,36.809446487508104,100.0
1660,0,36.7781955733186,36.7781955733186,100.0
1660,1,25.41863176292486,25.41863176292486,100.0
1660,2,37.80317266375655,37.80317266375655,100.0
1670,0,10.614923661131655,10.614923661131655,100.0
1670,1,42.23529713043825,42.23529713043825,100.0
1670,2,47.1497792084301,47.1497792084301,100.0
1680,0,14.15345730132372,14.15345730132372,100.0
1680,1,13.543425941704879,13.543425941704879,100.0
1680,2,72.30311675697139,72.30311675697139,100.0
1690,0,40.48041796472535,40.48041796472535,100.0
1690,1,34.89137257814878,34.89137257814878,100.0
1690,2,24.62820945712587,24.62820945712587,100.0
1700,0,11.535614976906196,11.535614976906196,100.0
1700,1,23.72760206832496,23.72760206832496,100.0
1700,2,64.73678295476884,64.73678295476884,100.0
1710,0,30.10877908651899,30.10877908651899,100.0
1710,1,34.27388358678698,34.27388358678698,100.0
1710,2,35.617337326694035,35.617337326694035,100.0
1720,0,14.185422604305442,14.185422604305442,100.0
1720,1,25.31896698725939,25.31896698725939,100.0
1720,2,60.49561040843516,60.49561040843516,100.0
1730,0,58.681609974379235,58.681609974379235,100.0
1730,1,29.59314525444947,29.59314525444947,100.0
1730,2,11.72524477117129,11.72524477117129,100.0
1740,0,37.83383267368433,37.83383267368433,100.0
1740,1,49.975934664614705,49.975934664614705,100.0
1740,2,12.19023266170097,12.19023266170097,100.0
1750,0,20.956042004403148,20.956042004403148,100.0
1750,1,63.00114839792774,63.00114839792774,100.0
1750,2,16.04280959766911,16.04280959766911,100.0
1760,0,33.03959999588211,33.03959999588211,100.0
1760,1,41.872420049196386,41.872420049196386,100.0
1760,2,25.08797995492152,25.08797995492152,100.0
1770,0,21.6568023272339,21.6568023272339,100.0
1770,1,13.173334726895988,13.173334726895988,100.0
1770,2,65.16986294587011,65.16986294587011,100.0
1780,0,61.31032133357558,61.31032133357558,100.0
1780,1,25.24915826342811,25.24915826342811,100.0
1780,2,13.44052040299631,13.44052040299631,100.0
1790,0,20.506715160376224,20.506715160376224,100.0
1790,1,36.055976111437616,36.055976111437616,100.0
1790,2,43.43730872818617,43.43730872818617,100.0
1800,0,14.48948070233972,14.48948070233972,100.0
1800,1,29.1726423970815,29.1726423970815,100.0
1800,2,56.337876900578785,56.337876900578785,100.0
1810,0,64.31386954647039,64.31386954647039,100.0
1810,1,22.609233553971038,22.609233553971038,100.0
1810,2,13.076896899558587,13.076896899558587,100.0
1820,0,22.702352922455074,22.702352922455074,100.0
1820,1,62.98716251633502,62.98716251633502,100.0
1820,2,14.310484561209918,14.310484561209918,100.0
1830,0,47.567587244207104,47.567587244207104,100.0
1830,1,13.043255575061233,13.043255575061233,100.0
1830,2,39.38915718073168,39.38915718073168,100.0
1840,0,10.15788415261856,10.15788415261856,100.0
1840,1,54.41584247544012,54.41584247544012,100.0
1840,2,35.42627337194133,35.42627337194133,100.0
1850,0,64.80981854681376,64.80981854681376,100.0
1850,1,24.28815505770019,24.28815505770019,100.0
1850,2,10.902026395486061,10.902026395486061,100.0
1860,0,40.611632246480276,40.611632246480276,100.0
1860,1,25.68395038920374,25.68395038920374,100.0
1860,2,33.70441736431599,33.70441736431599,100.0
1870,0,15.142275649121625,15.142275649121625,100.0
1870,1,53.597377449942954,53.597377449942954,100.0
1870,2,31.26034690093542,31.26034690093542,100.0
1880,0,15.654845794385757,15.654845794385757,100.0
1880,1,37.30514484839546,37.30514484839546,100.0
1880,2,47.04000935721878,47.04000935721878,100.0
1890,0,16.353123822364957,16.353123822364957,100.0
1890,1,71.50581220977288,71.50581220977288,100.0
1890,2,12.14106396786215,12.14106396786215,100.0
1900,0,36.38535177204139,36.38535177204139,100.0
1900,1,11.716812218749917,11.716812218749917,100.0
1900,2,51.89783600920869,51.89783600920869,100.0
1910,0,25.00685868352326,25.00685868352326,100.0
1910,1,24.65785860950035,24.65785860950035,100.0
1910,2,50.33528270697639,50.33528270697639,100.0
1920,0,23.745474810498564,23.745474810498564,100.0
1920,1,66.62533231692686,66.62533231692686,100.0
1920,2,9.629192872574583,9.629192872574583,100.0
1930,0,23.959401551446664,23.959401551446664,100.0
1930,1,19.86656500510902,19.86656500510902,100.0
1930,2,56.17403344344433,56.17403344344433,100.0
1940,0,19.96941070111112,19.96941070111112,100.0
1940,1,61.17048569569147,61.17048569569147,100.0
1940,2,18.86010360319741,18.86010360319741,100.0
1950,0,35.93811492768509,35.93811492768509,100.0
1950,1,49.260273150617614,49.260273150617614,100.0
1950,2,14.8016119216973,14.8016119216973,100.0
1960,0,40.59283860310501,40.59283860310501,100.0
1960,1,39.17356112922112,39.17356112922112,100.0
1960,2,20.23360026767388,20.23360026767388,100.0
1970,0,28.146051727283954,28.146051727283954,100.0
1970,1,30.45065878333968,30.45065878333968,100.0
1970,2,41.403289489376355,41.403289489376355,100.0
1980,0,37.039124274492636,37.039124274492636,100.0
1980,1,40.03883922871456,40.03883922871456,100.0
1980,2,22.92203649679281,22.92203649679281,100.0
1990,0,32.03294273951516,32.03294273951516,100.0
1990,1,28.17625990456298,28.17625990456298,100.0
1990,2,39.79079735592187,39.79079735592187,100.0
2000,0,54.03845144854959,54.03845144854959,100.0
2000,1,32.31709648727063,32.31709648727063,100.0
2000,2,13.644452064179788,13.644452064179788,100.0
2010,0,30.745182536973875,30.745182536973875,100.0
2010,1,40.56709101433689,40.56709101433689,100.0
2010,2,28.687726448689244,28.687726448689244,100.0
2020,0,15.291594975263736,15.291594975263736,100.0
2020,1,39.65459532414744,39.65459532414744,100.0
2020,2,45.05380970058883,45.05380970058883,100.0
2030,0,43.097265977018004,43.097265977018004,100.0
2030,1,25.428173503616968,25.428173503616968,100.0
2030,2,31.474560519365035,31.474560519365035,100.0
2040,0,26.791274828177965,26.791274828177965,100.0
2040,1,29.918734992228124,29.918734992228124,100.0
2040,2,43.289990179593914,43.289990179593914,100.0
2050,0,19.619662685687267,19.619662685687267,100.0
2050,1,48.14518614772774,48.14518614772774,100.0
2050,2,32.235151166585,32.235151166585,100.0
2060,0,69.41068145351682,69.41068145351682,100.0
2060,1,13.163383505508586,13.163383505508586,100.0
2060,2,17.42593504097461,17.42593504097461,100.0
2070,0,37.2608706403893,37.2608706403893,100.0
2070,1,50.43412445251768,50.43412445251768,100.0
2070,2,12.305004907093018,12.305004907093018,100.0
2080,0,20.494046281132157,20.494046281132157,100.0
2080,1,59.43081950005181,59.43081950005181,100.0
2080,2,20.075134218816025,20.075134218816025,100.0
2090,0,16.63020707610289,16.63020707610289,100.0
2090,1,61.150213542449414,61.150213542449414,100.0
2090,2,22.219579381447694,22.219579381447694,100.0
2100,0,19.815159211654613,19.815159211654613,100.0
2100,1,62.41172927982282,62.41172927982282,100.0
2100,2,17.77311150852256,17.77311150852256,100.0
2110,0,17.459171043918527,17.459171043918527,100.0
2110,1,34.328060858219544,34.328060858219544,100.0
2110,2,48.21276809786192,48.21276809786192,100.0
2120,0,19.759795156715125,19.759795156715125,100.0
2120,1,34.493926620173085,34.493926620173085,100.0
2120,2,45.746278223111794,45.746278223111794,100.0
2130,0,25.342730769664506,25.342730769664506,100.0
2130,1,42.10444581807549,42.10444581807549,100.0
2130,2,32.55282341225999,32.55282341225999,100.0
2140,0,17.669054896886767,17.669054896886767,100.0
2140,1,22.672767996874953,22.672767996874953,100.0
2140,2,59.658177106238284,59.658177106238284,100.0
2150,0,16.75268490339079,16.75268490339079,100.0
2150,1,45.30470318075654,45.30470318075654,100.0
2150,2,37.942611915852666,37.942611915852666,100.0
2160,0,13.155718495083986,13.155718495083986,100.0
2160,1,68.79246907545456,68.79246907545456,100.0
2160,2,18.051812429461446,18.051812429461446,100.0
2170,0,32.516808100333805,32.516808100333805,100.0
2170,1,30.417529146950994,30.417529146950994,100.0
2170,2,37.065662752715205,37.065662752715205,100.0
2180,0,39.266495509244734,39.266495509244734,100.0
2180,1,45.07722180463894,45.07722180463894,100.0
2180,2,15.656282686116333,15.656282686116333,100.0
2190,0,25.11178262365282,25.11178262365282,100.0
2190,1,52.475061341811035,52.475061341811035,100.0
2190,2,22.413156034536136,22.413156034536136,100.0
2200,0,17.628499597834608,17.628499597834608,100.0
2200,1,67.39977774498688,67.39977774498688,100.0
2200,2,14.97172265717851,14.97172265717851,100.0
2210,0,60.873403878308075,60.873403878308075,100.0
2210,1,19.024299247406056,19.024299247406056,100.0
2210,2,20.10229687428587,20.10229687428587,100.0
2220,0,46.310694502685486,46.310694502685486,100.0
2220,1,32.603406450177715,32.603406450177715,100.0
2220,2,21.08589904713681,21.08589904713681,100.0
2230,0,32.26360566847851,32.26360566847851,100.0
2230,1,47.62265995238951,47.62265995238951,100.0
2230,2,20.113734379131976,20.113734379131976,100.0
2240,0,17.300840440981425,17.300840440981425,100.0
2240,1,12.67638162757159,12.67638162757159,100.0
2240,2,70.022777931447,70.022777931447,100.0
2250,0,22.001903046374476,22.001903046374476,100.0
2250,1,24.919730377709193,24.919730377709193,100.0
2250,2,53.078366575916334,53.078366575916334,100.0
2260,0,23.939969604486173,23.939969604486173,100.0
2260,1,34.60441484385362,34.60441484385362,100.0
2260,2,41.45561555166022,41.45561555166022,100.0
2270,0,38.33850729669702,38.33850729669702,100.0
2270,1,46.98701981728572,46.98701981728572,100.0
2270,2,14.674472886017268,14.674472886017268,100.0
2280,0,17.173664441040213,17.173664441040213,100.0
2280,1,66.61913143353651,66.61913143353651,100.0
2280,2,16.207204125423278,16.207204125423278,100.0
2290,0,32.175445392329515,32.175445392329515,100.0
2290,1,34.27395620178449,34.27395620178449,100.0
2290,2,33.550598405886,33.550598405886,100.0
2300,0,26.813212095784582,26.813212095784582,100.0
2300,1,58.74338008039401,58.74338008039401,100.0
2300,2,14.443407823821408,14.443407823821408,100.0
2310,0,52.91068027922547,52.91068027922547,100.0
2310,1,20.04420624563944,20.04420624563944,100.0
2310,2,27.04511347513509,27.04511347513509,100.0
2320,0,44.54290123267177,44.54290123267177,100.0
2320,1,37.737669907227534,37.737669907227534,100.0
2320,2,17.7194288601007,17.7194288601007,100.0
2330,0,25.12886559302437,25.12886559302437,100.0
2330,1,27.17456392170489,27.17456392170489,100.0
2330,2,47.69657048527075,47.69657048527075,100.0
2340,0,49.96092999145618,49.96092999145618,100.0
2340,1,23.5617642456344,23.5617642456344,100.0
2340,2,26.47730576290942,26.47730576290942,100.0
2350,0,49.17628332147427,49.17628332147427,100.0
2350,1,28.09228279759865,28.09228279759865,100.0
2350,2,22.731433880927074,22.731433880927074,100.0
2360,0,17.509382860624715,17.509382860624715,100.0
2360,1,54.15181746833772,54.15181746833772,100.0
2360,2,28.338799671037567,28.338799671037567,100.0
2370,0,16.51022469709734,16.51022469709734,100.0
2370,1,44.13322870785814,44.13322870785814,100.0
2370,2,39.356546595044534,39.356546595044534,100.0
2380,0,27.22586638807875,27.22586638807875,100.0
2380,1,24.942062554397836,24.942062554397836,100.0
2380,2,47.832071057523414,47.832071057523414,100.0
2390,0,18.338312837264574,18.338312837264574,100.0
2390,1,14.206120226995376,14.206120226995376,100.0
2390,2,67.45556693574005,67.45556693574005,100.0
2400,0,17.363714456304148,17.363714456304148,100.0
2400,1,37.35067037923086,37.35067037923086,100.0
2400,2,45.285615164464986,45.285615164464986,100.0
2410,0,35.38675596437365,35.38675596437365,100.0
2410,1,36.06739372448777,36.06739372448777,100.0
2410,2,28.545850311138587,28.545850311138587,100.0
2420,0,34.8183300088372,34.8183300088372,100.0
2420,1,22.159630883566503,22.159630883566503,100.0
2420,2,43.0220391075963,43.0220391075963,100.0
2430,0,41.02861694579575,41.02861694579575,100.0
2430,1,12.70083728035219,12.70083728035219,100.0
2430,2,46.270545773852064,46.270545773852064,100.0
2440,0,27.770096131873707,27.770096131873707,100.0
2440,1,55.24382532346973,55.24382532346973,100.0
2440,2,16.986078544656568,16.986078544656568,100.0
2450,0,37.27720036502865,37.27720036502865,100.0
2450,1,30.28022971245582,30.28022971245582,100.0
2450,2,32.44256992251554,32.44256992251554,100.0
2460,0,37.10121683804526,37.10121683804526,100.0
2460,1,31.50294122241038,31.50294122241038,100.0
2460,2,31.39584193954436,31.39584193954436,100.0
2470,0,11.095616672126683,11.095616672126683,100.0
2470,1,72.82082566301756,72.82082566301756,100.0
2470,2,16.083557664855768,16.083557664855768,100.0
2480,0,27.667746644234725,27.667746644234725,100.0
2480,1,49.117280065947945,49.117280065947945,100.0
2480,2,23.21497328981733,23.21497328981733,100.0
2490,0,29.291525859486285,29.291525859486285,100.0
2490,1,54.225645627489506,54.225645627489506,100.0
2490,2,16.48282851302421,16.48282851302421,100.0
2500,0,50.280850357626896,50.280850357626896,100.0
2500,1,19.83831286759412,19.83831286759412,100.0
2500,2,29.880836774778984,29.880836774778984,100.0
2510,0,39.94572745037341,39.94572745037341,100.0
2510,1,45.37902117889336,45.37902117889336,100.0
2510,2,14.675251370733214,14.675251370733214,100.0
2520,0,35.93315277405439,35.93315277405439,100.0
2520,1,42.31615294131545,42.31615294131545,100.0
2520,2,21.750694284630146,21.750694284630146,100.0
2530,0,41.941305581764105,41.941305581764105,100.0
2530,1,29.663789730794992,29.663789730794992,100.0
2530,2,28.39490468744091,28.39490468744091,100.0
2540,0,30.895236917036,30.895236917036,100.0
2540,1,37.77963408655617,37.77963408655617,100.0
2540,2,31.32512899640784,31.32512899640784,100.0
2550,0,26.740008063059058,26.740008063059058,100.0
2550,1,41.01532181976072,41.01532181976072,100.0
2550,2,32.24467011718022,32.24467011718022,100.0
2560,0,9.237753155069967,9.237753155069967,100.0
2560,1,39.74374469084483,39.74374469084483,100.0
2560,2,51.0185021540852,51.0185021540852,100.0
2570,0,53.49032203684335,53.49032203684335,100.0
2570,1,11.472308684129557,11.472308684129557,100.0
2570,2,35.0373692790271,35.0373692790271,100.0
2580,0,11.286685588719449,11.286685588719449,100.0
2580,1,14.316732415702862,14.316732415702862,100.0
2580,2,74.39658199557769,74.39658199557769,100.0
2590,0,58.9652442191378,58.9652442191378,100.0
2590,1,22.804094992995918,22.804094992995918,100.0
2590,2,18.230660787866277,18.230660787866277,100.0
2600,0,43.7905850484874,43.7905850484874,100.0
2600,1,44.050759282294706,44.050759282294706,100.0
2600,2,12.1586556692179,12.1586556692179,100.0
2610,0,14.373304573577931,14.373304573577931,100.0
2610,1,46.84785106367684,46.84785106367684,100.0
2610,2,38.77884436274523,38.77884436274523,100.0
2620,0,49.74059637701194,49.74059637701194,100.0
2620,1,24.205812035044637,24.205812035044637,100.0
2620,2,26.05359158794342,26.05359158794342,100.0
2630,0,24.721556523661548,24.721556523661548,100.0
2630,1,45.974585337161336,45.974585337161336,100.0
2630,2,29.303858139177123,29.303858139177123,100.0
2640,0,29.7033815516472,29.7033815516472,100.0
2640,1,36.64087551250297,36.64087551250297,100.0
2640,2,33.65574293584984,33.65574293584984,100.0
2650,0,31.988493312935955,31.988493312935955,100.0
2650,1,33.07371379074658,33.07371379074658,100.0
2650,2,34.93779289631746,34.93779289631746,100.0
2660,0,29.871977828532902,29.871977828532902,100.0
2660,1,33.215702468279936,33.215702468279936,100.0
2660,2,36.91231970318717,36.91231970318717,100.0
2670,0,39.23638042741789,39.23638042741789,100.0
2670,1,19.37452224708574,19.37452224708574,100.0
2670,2,41.38909732549637,41.38909732549637,100.0
2680,0,40.445500554114794,40.445500554114794,100.0
2680,1,21.334373929423908,21.334373929423908,100.0
2680,2,38.2201255164613,38.2201255164613,100.0
2690,0,28.76298874859229,28.76298874859229,100.0
2690,1,10.995281007578292,10.995281007578292,100.0
2690,2,60.241730243829416,60.241730243829416,100.0
2700,0,21.41844165461912,21.41844165461912,100.0
2700,1,58.70833628160372,58.70833628160372,100.0
2700,2,19.873222063777167,19.873222063777167,100.0
2710,0,12.243159627295821,12.243159627295821,100.0
2710,1,34.37329091966241,34.37329091966241,100.0
2710,2,53.383549453041766,53.383549453041766,100.0
2720,0,12.017222037536532,12.017222037536532,100.0
2720,1,69.32941530045382,69.32941530045382,100.0
2720,2,18.65336266200966,18.65336266200966,100.0
2730,0,23.246771503836644,23.246771503836644,100.0
2730,1,18.136143709741567,18.136143709741567,100.0
2730,2,58.61708478642179,58.61708478642179,100.0
2740,0,17.8137872184646,17.8137872184646,100.0
2740,1,18.722767077975476,18.722767077975476,100.0
2740,2,63.46344570355992,63.46344570355992,100.0
2750,0,18.321020791484834,18.321020791484834,100.0
2750,1,61.38319629707026,61.38319629707026,100.0
2750,2,20.295782911444903,20.295782911444903,100.0
2760,0,18.560891893613785,18.560891893613785,100.0
2760,1,18.162100396297788,18.162100396297788,100.0
2760,2,63.27700771008843,63.27700771008843,100.0
2770,0,14.42656485403922,14.42656485403922,100.0
2770,1,15.598876792728621,15.598876792728621,100.0
2770,2,69.97455835323217,69.97455835323217,100.0
2780,0,21.989088452633034,21.989088452633034,100.0
2780,1,56.42967264225936,56.42967264225936,100.0
2780,2,21.581238905107604,21.581238905107604,100.0
2790,0,24.346009794820866,24.346009794820866,100.0
2790,1,33.683776194583395,33.683776194583395,100.0
2790,2,41.97021401059573,41.97021401059573,100.0
2800,0,9.481613826474861,9.481613826474861,100.0
2800,1,54.00333768957033,54.00333768957033,100.0
2800,2,36.51504848395481,36.51504848395481,100.0
2810,0,13.016031813598106,13.016031813598106,100.0
2810,1,32.8509931517702,32.8509931517702,100.0
2810,2,54.13297503463169,54.13297503463169,100.0
2820,0,31.17312235768513,31.17312235768513,100.0
2820,1,36.75286814626665,36.75286814626665,100.0
2820,2,32.074009496048234,32.074009496048234,100.0
2830,0,18.768125295000228,18.768125295000228,100.0
2830,1,68.0230983503584,68.0230983503584,100.0
2830,2,13.20877635464138,13.20877635464138,100.0
2840,0,12.752250645178197,12.752250645178197,100.0
2840,1,48.91203811990386,48.91203811990386,100.0
2840,2,38.33571123491794,38.33571123491794,100.0
2850,0,38.838691931689965,38.838691931689965,100.0
2850,1,41.88828044678479,41.88828044678479,100.0
2850,2,19.273027621525255,19.273027621525255,100.0
2860,0,26.05282349661367,26.05282349661367,100.0
2860,1,43.00400062910031,43.00400062910031,100.0
2860,2,30.943175874286013,30.943175874286013,100.0
2870,0,40.495061064780415,40.495061064780415,100.0
2870,1,34.71413810729911,34.71413810729911,100.0
2870,2,24.790800827920478,24.790800827920478,100.0
2880,0,18.641957298182437,18.641957298182437,100.0
2880,1,68.91772782871679,68.91772782871679,100.0
2880,2,12.440314873100771,12.440314873100771,100.0
2890,0,38.86776851713458,38.86776851713458,100.0
2890,1,38.62744115378277,38.62744115378277,100.0
2890,2,22.50479032908266,22.50479032908266,100.0
2900,0,39.320178002905294,39.320178002905294,100.0
2900,1,14.742734830592937,14.742734830592937,100.0
2900,2,45.93708716650177,45.93708716650177,100.0
2910,0,14.546019707102095,14.546019707102095,100.0
2910,1,40.51035868886677,40.51035868886677,100.0
2910,2,44.94362160403113,44.94362160403113,100.0
2920,0,17.129630256413463,17.129630256413463,100.0
2920,1,19.434516695240244,19.434516695240244,100.0
2920,2,63.43585304834629,63.43585304834629,100.0
2930,0,35.37187003524598,35.37187003524598,100.0
2930,1,16.148766494105143,16.148766494105143,100.0
2930,2,48.47936347064887,48.47936347064887,100.0
2940,0,25.260938790988313,25.260938790988313,100.0
2940,1,31.584706969430464,31.584706969430464,100.0
2940,2,43.154354239581224,43.154354239581224,100.0
2950,0,54.44867810651073,54.44867810651073,100.0
2950,1,30.664985929999688,30.664985929999688,100.0
2950,2,14.886335963489595,14.886335963489595,100.0
2960,0,13.001797466002413,13.001797466002413,100.0
2960,1,63.089268211157986,63.089268211157986,100.0
2960,2,23.908934322839613,23.908934322839613,100.0
2970,0,31.045824129071818,31.045824129071818,100.0
2970,1,19.918884463479376,19.918884463479376,100.0
2970,2,49.0352914074488,49.0352914074488,100.0
2980,0,59.148754823903516,59.148754823903516,100.0
2980,1,11.611409180809844,11.611409180809844,100.0
2980,2,29.239835995286644,29.239835995286644,100.0
2990,0,22.63577463692822,22.63577463692822,100.0
2990,1,47.60148222257593,47.60148222257593,100.0
2990,2,29.762743140495857,29.762743140495857,100.0
3000,0,13.660947691757938,13.660947691757938,100.0
3000,1,57.338963353890314,57.338963353890314,100.0
3000,2,29.00008895435175,29.00008895435175,100.0
3010,0,26.642889068614217,26.642889068614217,100.0
3010,1,17.91762867542822,17.91762867542822,100.0
3010,2,55.439482255957564,55.439482255957564,100.0
3020,0,18.423151002565593,18.423151002565593,100.0
3020,1,62.92514498666924,62.92514498666924,100.0
3020,2,18.651704010765183,18.651704010765183,100.0
3030,0,11.195058662331329,11.195058662331329,100.0
3030,1,34.27909075946653,34.27909075946653,100.0
3030,2,54.52585057820214,54.52585057820214,100.0
3040,0,9.356073860250456,9.356073860250456,100.0
3040,1,56.37604216652154,56.37604216652154,100.0
3040,2,34.26788397322799,34.26788397322799,100.0
3050,0,27.55435137224605,27.55435137224605,100.0
3050,1,33.78124924266216,33.78124924266216,100.0
3050,2,38.664399385091784,38.664399385091784,100.0
3060,0,52.92615362608106,52.92615362608106,100.0
3060,1,15.046142138208761,15.046142138208761,100.0
3060,2,32.027704235710175,32.027704235710175,100.0
3070,0,16.807368486717913,16.807368486717913,100.0
3070,1,15.608522694986595,15.608522694986595,100.0
3070,2,67.58410881829549,67.58410881829549,100.0
3080,0,11.209502707065367,11.209502707065367,100.0
3080,1,13.418542066910955,13.418542066910955,100.0
3080,2,75.37195522602367,75.37195522602367,100.0
3090,0,17.195324749690023,17.195324749690023,100.0
3090,1,66.63628537325546,66.63628537325546,100.0
3090,2,16.16838987705451,16.16838987705451,100.0
3100,0,8.309667748713958,8.309667748713958,100.0
3100,1,43.48514902781135,43.48514902781135,100.0
3100,2,48.20518322347469,48.20518322347469,100.0
3110,0,35.60067020188292,35.60067020188292,100.0
3110,1,30.942239198238607,30.942239198238607,100.0
3110,2,33.45709059987848,33.45709059987848,100.0
3120,0,13.050711865585034,13.050711865585034,100.0
3120,1,12.750194214276464,12.750194214276464,100.0
3120,2,74.19909392013851,74.19909392013851,100.0
3130,0,19.009594013886595,19.009594013886595,100.0
3130,1,34.78925837685476,34.78925837685476,100.0
3130,2,46.20114760925865,46.20114760925865,100.0
3140,0,38.20551712359853,38.20551712359853,100.0
3140,1,27.86368821294232,27.86368821294232,100.0
3140,2,33.930794663459146,33.930794663459146,100.0
3150,0,24.761252837593556,24.761252837593556,100.0
3150,1,38.302358737973705,38.302358737973705,100.0
3150,2,36.936388424432735,36.936388424432735,100.0
3160,0,14.694117008287675,14.694117008287675,100.0
3160,1,19.09799643952278,19.09799643952278,100.0
3160,2,66.20788655218955,66.20788655218955,100.0
3170,0,11.278109637251305,11.278109637251305,100.0
3170,1,65.45734271222699,65.45734271222699,100.0
3170,2,23.264547650521706,23.264547650521706,100.0
3180,0,15.301919898719879,15.301919898719879,100.0
3180,1,61.38368559907859,61.38368559907859,100.0
3180,2,23.314394502201544,23.314394502201544,100.0
3190,0,17.623686052804718,17.623686052804718,100.0
3190,1,12.085293614495964,12.085293614495964,100.0
3190,2,70.29102033269933,70.29102033269933,100.0
3200,0,31.738304971193323,31.738304971193323,100.0
3200,1,32.119900822467315,32.119900822467315,100.0
3200,2,36.14179420633937,36.14179420633937,100.0
3210,0,19.308881835891025,19.308881835891025,100.0
3210,1,64.59159557199679,64.59159557199679,100.0
3210,2,16.099522592112198,16.099522592112198,100.0
3220,0,43.18773949089875,43.18773949089875,100.0
3220,1,8.699846271943375,8.699846271943375,100.0
3220,2,48.112414237157886,48.112414237157886,100.0
3230,0,40.139983498196315,40.139983498196315,100.0
3230,1,27.23933647635605,27.23933647635605,100.0
3230,2,32.62068002544765,32.62068002544765,100.0
3240,0,25.22679512999193,25.22679512999193,100.0
3240,1,31.55279509079693,31.55279509079693,100.0
3240,2,43.22040977921114,43.22040977921114,100.0
3250,0,28.430114862041115,28.430114862041115,100.0
3250,1,41.58947456893955,41.58947456893955,100.0
3250,2,29.980410569019327,29.980410569019327,100.0
3260,0,37.47083531435595,37.47083531435595,100.0
3260,1,52.28255439818772,52.28255439818772,100.0
3260,2,10.246610287456342,10.246610287456342,100.0
3270,0,18.65845421191618,18.65845421191618,100.0
3270,1,32.15937397657971,32.15937397657971,100.0
3270,2,49.18217181150412,49.18217181150412,100.0
3280,0,19.044702501725673,19.044702501725673,100.0
3280,1,16.224903267714836,16.224903267714836,100.0
3280,2,64.7303942305595,64.7303942305595,100.0
3290,0,44.60764247468865,44.60764247468865,100.0
3290,1,13.387911585642437,13.387911585642437,100.0
3290,2,42.004445939668905,42.004445939668905,100.0
3300,0,61.08649595777891,61.08649595777891,100.0
3300,1,13.802228080845428,13.802228080845428,100.0
3300,2,25.111275961375668,25.111275961375668,100.0
3310,0,28.041833652147563,28.041833652147563,100.0
3310,1,16.272710846678436,16.272710846678436,100.0
3310,2,55.685455501174,55.685455501174,100.0
3320,0,33.83351312726884,33.83351312726884,100.0
3320,1,56.61629816078004,56.61629816078004,100.0
3320,2,9.55018871195112,9.55018871195112,100.0
3330,0,20.709376429725886,20.709376429725886,100.0
3330,1,65.22632892383959,65.22632892383959,100.0
3330,2,14.064294646434533,14.064294646434533,100.0
3340,0,37.87352947913754,37.87352947913754,100.0
3340,1,24.338919423376172,24.338919423376172,100.0
3340,2,37.7875510974863,37.7875510974863,100.0
3350,0,41.703494974145464,41.703494974145464,100.0
3350,1,26.965411704481255,26.965411704481255,100.0
3350,2,31.331093321373288,31.331093321373288,100.0
3360,0,41.59771904827828,41.59771904827828,100.0
3360,1,41.95616672129934,41.95616672129934,100.0
3360,2,16.44611423042239,16.44611423042239,100.0
3370,0,50.496367726864435,50.496367726864435,100.0
3370,1,24.352131605674384,24.352131605674384,100.0
3370,2,25.151500667461185,25.151500667461185,100.0
3380,0,17.78702120969457,17.78702120969457,100.0
3380,1,64.54703333858916,64.54703333858916,100.0
3380,2,17.66594545171629,17.66594545171629,100.0
3390,0,55.516528433937175,55.516528433937175,100.0
3390,1,31.7877360329051,31.7877360329051,100.0
3390,2,12.69573553315774,12.69573553315774,100.0
3400,0,20.670423868674195,20.670423868674195,100.0
3400,1,52.02141820697892,52.02141820697892,100.0
3400,2,27.308157924346887,27.308157924346887,100.0
3410,0,32.54442192505876,32.54442192505876,100.0
3410,1,56.93228775713413,56.93228775713413,100.0
3410,2,10.523290317807128,10.523290317807128,100.0
3420,0,22.117612638492993,22.117612638492993,100.0
3420,1,37.35021259201016,37.35021259201016,100.0
3420,2,40.53217476949686,40.53217476949686,100.0
3430,0,27.67832041678483,27.67832041678483,100.0
3430,1,18.904423167463147,18.904423167463147,100.0
3430,2,53.41725641575202,53.41725641575202,100.0
3440,0,35.32909444399843,35.32909444399843,100.0
3440,1,51.021444609603904,51.021444609603904,100.0
3440,2,13.64946094639767,13.64946094639767,100.0
3450,0,36.647546955110045,36.647546955110045,100.0
3450,1,33.60076517637104,33.60076517637104,100.0
3450,2,29.751687868518918,29.751687868518918,100.0
3460,0,13.572542794341716,13.572542794341716,100.0
3460,1,32.421847596779244,32.421847596779244,100.0
3460,2,54.00560960887905,54.00560960887905,100.0
3470,0,44.86197850073594,44.86197850073594,100.0
3470,1,30.609214413902606,30.609214413902606,100.0
3470,2,24.52880708536145,24.52880708536145,100.0
3480,0,29.0849111362773,29.0849111362773,100.0
3480,1,48.76693718965347,48.76693718965347,100.0
3480,2,22.148151674069236,22.148151674069236,100.0
3490,0,51.37560323497563,51.37560323497563,100.0
3490,1,37.683402237248266,37.683402237248266,100.0
3490,2,10.940994527776118,10.940994527776118,100.0
3500,0,14.763920466007264,14.763920466007264,100.0
3500,1,23.592149341914034,23.592149341914034,100.0
3500,2,61.64393019207871,61.64393019207871,100.0
3510,0,45.131118595049635,45.131118595049635,100.0
3510,1,9.435986733181092,9.435986733181092,100.0
3510,2,45.43289467176927,45.43289467176927,100.0
3520,0,44.210543926946556,44.210543926946556,100.0
3520,1,30.756536537412295,30.756536537412295,100.0
3520,2,25.032919535641145,25.032919535641145,100.0
3530,0,24.590294951467154,24.590294951467154,100.0
3530,1,36.38369676622089,36.38369676622089,100.0
3530,2,39.026008282311956,39.026008282311956,100.0
3540,0,45.155328981560125,45.155328981560125,100.0
3540,1,43.21215673552584,43.21215673552584,100.0
3540,2,11.632514282914022,11.632514282914022,100.0
3550,0,9.309298166952916,9.309298166952916,100.0
3550,1,62.46702604496226,62.46702604496226,100.0
3550,2,28.223675788084833,28.223675788084833,100.0
3560,0,40.50367820230658,40.50367820230658,100.0
3560,1,12.422636129434421,12.422636129434421,100.0
3560,2,47.073685668258996,47.073685668258996,100.0
3570,0,30.194844025044738,30.194844025044738,100.0
3570,1,10.93635314266829,10.93635314266829,100.0
3570,2,58.86880283228698,58.86880283228698,100.0
3580,0,11.605040565437418,11.605040565437418,100.0
3580,1,20.879757385389432,20.879757385389432,100.0
3580,2,67.51520204917315,67.51520204917315,100.0
3590,0,47.262925586337616,47.262925586337616,100.0
3590,1,20.956955179188334,20.956955179188334,100.0
3590,2,31.780119234474054,31.780119234474054,100.0
3600,0,13.578912695909978,13.578912695909978,100.0
3600,1,32.92154941272261,32.92154941272261,100.0
3600,2,53.499537891367424,53.499537891367424,100.0
3610,0,22.52571961367577,22.52571961367577,100.0
3610,1,45.491657329044884,45.491657329044884,100.0
3610,2,31.982623057279348,31.982623057279348,100.0
3620,0,38.491215686285294,38.491215686285294,100.0
3620,1,11.460420068914868,11.460420068914868,100.0
3620,2,50.048364244799835,50.048364244799835,100.0
3630,0,39.58306798995842,39.58306798995842,100.0
3630,1,29.67139924140784,29.67139924140784,100.0
3630,2,30.745532768633733,30.745532768633733,100.0
3640,0,13.879984400785423,13.879984400785423,100.0
3640,1,42.27917465532294,42.27917465532294,100.0
3640,2,43.84084094389165,43.84084094389165,100.0
3650,0,41.56944236147726,41.56944236147726,100.0
3650,1,27.826560238995256,27.826560238995256,100.0
3650,2,30.60399739952749,30.60399739952749,100.0
3660,0,14.389900912651644,14.389900912651644,100.0
3660,1,43.228950942781715,43.228950942781715,100.0
3660,2,42.38114814456665,42.38114814456665,100.0
3670,0,24.71379955565013,24.71379955565013,100.0
3670,1,30.812232639710384,30.812232639710384,100.0
3670,2,44.473967804639486,44.473967804639486,100.0
3680,0,38.9873930386458,38.9873930386458,100.0
3680,1,33.28740406962855,33.28740406962855,100.0
3680,2,27.725202891725658,27.725202891725658,100.0
3690,0,58.63358275645499,58.63358275645499,100.0
3690,1,24.084881585146096,24.084881585146096,100.0
3690,2,17.281535658398912,17.281535658398912,100.0
3700,0,18.467826903609456,18.467826903609456,100.0
3700,1,49.2131595174466,49.2131595174466,100.0
3700,2,32.319013578943945,32.319013578943945,100.0
3710,0,50.20140040129637,50.20140040129637,100.0
3710,1,21.764336953100447,21.764336953100447,100.0
3710,2,28.03426264560318,28.03426264560318,100.0
3720,0,13.600095633374771,13.600095633374771,100.0
3720,1,39.9800654581359,39.9800654581359,100.0
3720,2,46.41983890848933,46.41983890848933,100.0
3730,0,49.995560494461714,49.995560494461714,100.0
3730,1,31.479412372669792,31.479412372669792,100.0
3730,2,18.525027132868505,18.525027132868505,100.0
3740,0,8.486717668753922,8.486717668753922,100.0
3740,1,50.26369028356265,50.26369028356265,100.0
3740,2,41.24959204768343,41.24959204768343,100.0
3750,0,24.760542415285876,24.760542415285876,100.0
3750,1,27.06751003907678,27.06751003907678,100.0
3750,2,48.17194754563734,48.17194754563734,100.0
3760,0,15.984553529653633,15.984553529653633,100.0
3760,1,51.98986555212435,51.98986555212435,100.0
3760,2,32.02558091822201,32.02558091822201,100.0
3770,0,38.48714524135319,38.48714524135319,100.0
3770,1,15.924982586810263,15.924982586810263,100.0
3770,2,45.58787217183654,45.58787217183654,100.0
3780,0,46.90423568913042,46.90423568913042,100.0
3780,1,23.665880922931688,23.665880922931688,100.0
3780,2,29.429883387937895,29.429883387937895,100.0
3790,0,25.318946361125843,25.318946361125843,100.0
3790,1,34.79718288787429,34.79718288787429,100.0
3790,2,39.88387075099987,39.88387075099987,100.0
3800,0,17.891674711584045,17.891674711584045,100.0
3800,1,41.49882790711595,41.49882790711595,100.0
3800,2,40.6094973813,40.6094973813,100.0
3810,0,48.56149285735278,48.56149285735278,100.0
3810,1,28.957136887727437,28.957136887727437,100.0
3810,2,22.48137025491978,22.48137025491978,100.0
3820,0,12.90819996334222,12.90819996334222,100.0
3820,1,25.396885247690992,25.396885247690992,100.0
3820,2,61.694914788966784,61.694914788966784,100.0
3830,0,10.29545214322436,10.29545214322436,100.0
3830,1,44.91026670919251,44.91026670919251,100.0
3830,2,44.79428114758312,44.79428114758312,100.0
3840,0,8.228881938714732,8.228881938714732,100.0
3840,1,41.41005018837319,41.41005018837319,100.0
3840,2,50.361067872912066,50.361067872912066,100.0
3850,0,14.092464781617744,14.092464781617744,100.0
3850,1,72.57829644183118,72.57829644183118,100.0
3850,2,13.329238776551081,13.329238776551081,100.0
3860,0,26.057677986454948,26.057677986454948,100.0
3860,1,38.254174249116204,38.254174249116204,100.0
3860,2,35.68814776442885,35.68814776442885,100.0
3870,0,40.80358326235309,40.80358326235309,100.0
3870,1,27.814890926858453,27.814890926858453,100.0
3870,2,31.381525810788464,31.381525810788464,100.0
3880,0,15.926157941759591,15.926157941759591,100.0
3880,1,16.258876201388794,16.258876201388794,100.0
3880,2,67.81496585685161,67.81496585685161,100.0
3890,0,59.340192079150555,59.340192079150555,100.0
3890,1,30.16783016615173,30.16783016615173,100.0
3890,2,10.491977754697709,10.491977754697709,100.0
3900,0,59.92814624302032,59.92814624302032,100.0
3900,1,13.001158384779352,13.001158384779352,100.0
3900,2,27.070695372200337,27.070695372200337,100.0
3910,0,66.25447876441103,66.25447876441103,100.0
3910,1,21.29536527781446,21.29536527781446,100.0
3910,2,12.450155957774506,12.450155957774506,100.0
3920,0,23.020518217904275,23.020518217904275,100.0
3920,1,61.33758323918652,61.33758323918652,100.0
3920,2,15.641898542909205,15.641898542909205,100.0
3930,0,43.59564291296922,43.59564291296922,100.0
3930,1,17.144119025383468,17.144119025383468,100.0
3930,2,39.26023806164732,39.26023806164732,100.0
3940,0,52.86467437356818,52.86467437356818,100.0
3940,1,29.391353368392103,29.391353368392103,100.0
3940,2,17.74397225803972,17.74397225803972,100.0
3950,0,13.497439609590995,13.497439609590995,100.0
3950,1,64.22313198235994,64.22313198235994,100.0
3950,2,22.279428408049068,22.279428408049068,100.0
3960,0,32.128433063246625,32.128433063246625,100.0
3960,1,14.697933334388589,14.697933334388589,100.0
3960,2,53.17363360236479,53.17363360236479,100.0
3970,0,25.478566708617645,25.478566708617645,100.0
3970,1,50.14078717024738,50.14078717024738,100.0
3970,2,24.380646121134983,24.380646121134983,100.0
3980,0,46.00823520178141,46.00823520178141,100.0
3980,1,41.5833288684147,41.5833288684147,100.0
3980,2,12.408435929803886,12.408435929803886,100.0
3990,0,60.47120583983837,60.47120583983837,100.0
3990,1,26.32468649240401,26.32468649240401,100.0
3990,2,13.20410766775762,13.20410766775762,100.0
4000,0,40.936295229499684,40.936295229499684,100.0
4000,1,23.758052603333233,23.758052603333233,100.0
4000,2,35.305652167167075,35.305652167167075,100.0
4010,0,43.768654778315344,43.768654778315344,100.0
4010,1,20.940906196003773,20.940906196003773,100.0
4010,2,35.29043902568089,35.29043902568089,100.0
4020,0,36.59812592619228,36.59812592619228,100.0
4020,1,12.628546680627029,12.628546680627029,100.0
4020,2,50.773327393180686,50.773327393180686,100.0
4030,0,39.115947712541605,39.115947712541605,100.0
4030,1,12.383194336888613,12.383194336888613,100.0
4030,2,48.50085795056978,48.50085795056978,100.0
4040,0,21.686659526708926,21.686659526708926,100.0
4040,1,49.95104464719253,49.95104464719253,100.0
4040,2,28.362295826098542,28.362295826098542,100.0
4050,0,62.365743726596094,62.365743726596094,100.0
4050,1,19.795286759501963,19.795286759501963,100.0
4050,2,17.838969513901954,17.838969513901954,100.0
4060,0,34.395200695404974,34.395200695404974,100.0
4060,1,30.562518591486132,30.562518591486132,100.0
4060,2,35.0422807131089,35.0422807131089,100.0
4070,0,13.839656678998772,13.839656678998772,100.0
4070,1,67.62801614809905,67.62801614809905,100.0
4070,2,18.532327172902168,18.532327172902168,100.0
4080,0,32.18429276493713,32.18429276493713,100.0
4080,1,38.90478555622682,38.90478555622682,100.0
4080,2,28.910921678836036,28.910921678836036,100.0
4090,0,44.987005743554334,44.987005743554334,100.0
4090,1,22.110228844425492,22.110228844425492,100.0
4090,2,32.90276541202018,32.90276541202018,100.0
4100,0,19.910636621638567,19.910636621638567,100.0
4100,1,61.524440783071924,61.524440783071924,100.0
4100,2,18.564922595289506,18.564922595289506,100.0
4110,0,29.614516410949847,29.614516410949847,100.0
4110,1,28.097609805545076,28.097609805545076,100.0
4110,2,42.28787378350508,42.28787378350508,100.0
4120,0,23.489882363958355,23.489882363958355,100.0
4120,1,44.32883931230281,44.32883931230281,100.0
4120,2,32.18127832373882,32.18127832373882,100.0
4130,0,42.312822291651976,42.312822291651976,100.0
4130,1,14.615305223237435,14.615305223237435,100.0
4130,2,43.07187248511059,43.07187248511059,100.0
4140,0,14.212580607584258,14.212580607584258,100.0
4140,1,41.4466035280446,41.4466035280446,100.0
4140,2,44.34081586437115,44.34081586437115,100.0
4150,0,27.227432084082725,27.227432084082725,100.0
4150,1,28.740275421205176,28.740275421205176,100.0
4150,2,44.032292494712095,44.032292494712095,100.0
4160,0,34.93040546610316,34.93040546610316,100.0
4160,1,47.32887524171826,47.32887524171826,100.0
4160,2,17.740719292178586,17.740719292178586,100.0
4170,0,63.76238305052235,63.76238305052235,100.0
4170,1,21.371844855190357,21.371844855190357,100.0
4170,2,14.865772094287294,14.865772094287294,100.0
4180,0,27.5468387610394,27.5468387610394,100.0
4180,1,20.36807715468294,20.36807715468294,100.0
4180,2,52.08508408427767,52.08508408427767,100.0
4190,0,29.869653746891693,29.869653746891693,100.0
4190,1,36.51462838713071,36.51462838713071,100.0
4190,2,33.61571786597759,33.61571786597759,100.0
4200,0,41.77610677226066,41.77610677226066,100.0
4200,1,16.29825920511799,16.29825920511799,100.0
4200,2,41.92563402262135,41.92563402262135,100.0
4210,0,33.86665841584461,33.86665841584461,100.0
4210,1,46.523978260525986,46.523978260525986,100.0
4210,2,19.60936332362939,19.60936332362939,100.0
4220,0,47.61889712179451,47.61889712179451,100.0
4220,1,34.51035277901685,34.51035277901685,100.0
4220,2,17.870750099188648,17.870750099188648,100.0
4230,0,17.56679816724489,17.56679816724489,100.0
4230,1,40.10166729266423,40.10166729266423,100.0
4230,2,42.33153454009088,42.33153454009088,100.0
4240,0,11.533033263314616,11.533033263314616,100.0
4240,1,44.008628288023644,44.008628288023644,100.0
4240,2,44.45833844866174,44.45833844866174,100.0
4250,0,39.96977952769493,39.96977952769493,100.0
4250,1,13.04393063477249,13.04393063477249,100.0
4250,2,46.986289837532574,46.986289837532574,100.0
4260,0,29.34553831321048,29.34553831321048,100.0
4260,1,55.03548358965734,55.03548358965734,100.0
4260,2,15.618978097132178,15.618978097132178,100.0
4270,0,41.482104276733615,41.482104276733615,100.0
4270,1,22.20807176707734,22.20807176707734,100.0
4270,2,36.30982395618904,36.30982395618904,100.0
4280,0,21.276675164174904,21.276675164174904,100.0
4280,1,20.17327448651469,20.17327448651469,100.0
4280,2,58.55005034931041,58.55005034931041,100.0
4290,0,21.280012018322363,21.280012018322363,100.0
4290,1,27.872585069785178,27.872585069785178,100.0
4290,2,50.84740291189247,50.84740291189247,100.0
4300,0,25.78755858024042,25.78755858024042,100.0
4300,1,22.77116400481658,22.77116400481658,100.0
4300,2,51.441277414943,51.441277414943,100.0
4310,0,14.314306382701563,14.314306382701563,100.0
4310,1,43.37858681535779,43.37858681535779,100.0
4310,2,42.30710680194065,42.30710680194065,100.0
4320,0,29.623234502350204,29.623234502350204,100.0
4320,1,19.61524102247509,19.61524102247509,100.0
4320,2,50.7615244751747,50.7615244751747,100.0
4330,0,43.715197868768776,43.715197868768776,100.0
4330,1,12.618492375706975,12.618492375706975,100.0
4330,2,43.66630975552425,43.66630975552425,100.0
4340,0,30.445253421987807,30.445253421987807,100.0
4340,1,59.14807642242453,59.14807642242453,100.0
4340,2,10.406670155587666,10.406670155587666,100.0
4350,0,30.729088982354746,30.729088982354746,100.0
4350,1,10.914804438989878,10.914804438989878,100.0
4350,2,58.35610657865538,58.35610657865538,100.0
4360,0,11.463596987841765,11.463596987841765,100.0
4360,1,37.79483229831334,37.79483229831334,100.0
4360,2,50.741570713844894,50.741570713844894,100.0
4370,0,62.28976941619566,62.28976941619566,100.0
4370,1,17.58361132717405,17.58361132717405,100.0
4370,2,20.126619256630292,20.126619256630292,100.0
4380,0,37.371421406006874,37.371421406006874,100.0
4380,1,42.96746604862731,42.96746604862731,100.0
4380,2,19.661112545365818,19.661112545365818,100.0
4390,0,30.733586403773337,30.733586403773337,100.0
4390,1,16.14615067283025,16.14615067283025,100.0
4390,2,53.12026292339641,53.12026292339641,100.0
4400,0,12.850772600970833,12.850772600970833,100.0
4400,1,12.560980251807369,12.560980251807369,100.0
4400,2,74.5882471472218,74.5882471472218,100.0
4410,0,40.74701916057495,40.74701916057495,100.0
4410,1,28.343924193206725,28.343924193206725,100.0
4410,2,30.909056646218318,30.909056646218318,100.0
4420,0,12.605106317675856,12.605106317675856,100.0
4420,1,57.229627492949675,57.229627492949675,100.0
4420,2,30.165266189374467,30.165266189374467,100.0
4430,0,26.07762264178651,26.07762264178651,100.0
4430,1,36.70449573181128,36.70449573181128,100.0
4430,2,37.217881626402225,37.217881626402225,100.0
4440,0,57.412920118957246,57.412920118957246,100.0
4440,1,23.0471630038041,23.0471630038041,100.0
4440,2,19.53991687723866,19.53991687723866,100.0
4450,0,15.342277627758532,15.342277627758532,100.0
4450,1,32.59876584964012,32.59876584964012,100.0
4450,2,52.05895652260135,52.05895652260135,100.0
4460,0,9.195562779840724,9.195562779840724,100.0
4460,1,55.28251557744955,55.28251557744955,100.0
4460,2,35.52192164270973,35.52192164270973,100.0
4470,0,19.010680698692862,19.010680698692862,100.0
4470,1,46.85312842414534,46.85312842414534,100.0
4470,2,34.136190877161795,34.136190877161795,100.0
4480,0,11.12738804567854,11.12738804567854,100.0
4480,1,77.0234797724004,77.0234797724004,100.0
4480,2,11.849132181921055,11.849132181921055,100.0
4490,0,30.584473523661927,30.584473523661927,100.0
4490,1,15.833031386216328,15.833031386216328,100.0
4490,2,53.58249509012175,53.58249509012175,100.0
4500,0,17.06214835623806,17.06214835623806,100.0
4500,1,67.16075975835962,67.16075975835962,100.0
4500,2,15.777091885402344,15.777091885402344,100.0
4510,0,12.259606749424028,12.259606749424028,100.0
4510,1,66.13766965908991,66.13766965908991,100.0
4510,2,21.602723591486058,21.602723591486058,100.0
4520,0,45.17908570086005,45.17908570086005,100.0
4520,1,36.25258917234873,36.25258917234873,100.0
4520,2,18.56832512679123,18.56832512679123,100.0
4530,0,34.12805559575441,34.12805559575441,100.0
4530,1,36.91377950902579,36.91377950902579,100.0
4530,2,28.958164895219802,28.958164895219802,100.0
4540,0,44.87195925073426,44.87195925073426,100.0
4540,1,32.59773268507946,32.59773268507946,100.0
4540,2,22.530308064186293,22.530308064186293,100.0
4550,0,14.518215947671342,14.518215947671342,100.0
4550,1,62.32805222765633,62.32805222765633,100.0
4550,2,23.15373182467233,23.15373182467233,100.0
4560,0,12.011036353171574,12.011036353171574,100.0
4560,1,58.81838718979423,58.81838718979423,100.0
4560,2,29.170576457034198,29.170576457034198,100.0
4570,0,32.84409973158019,32.84409973158019,100.0
4570,1,10.853978073978801,10.853978073978801,100.0
4570,2,56.301922194441026,56.301922194441026,100.0
4580,0,26.3026927454127,26.3026927454127,100.0
4580,1,58.07198464367246,58.07198464367246,100.0
4580,2,15.625322610914843,15.625322610914843,100.0
4590,0,24.38012506744501,24.38012506744501,100.0
4590,1,16.56921583793511,16.56921583793511,100.0
4590,2,59.050659094619874,59.050659094619874,100.0
4600,0,14.574442804800873,14.574442804800873,100.0
4600,1,53.700690773594985,53.700690773594985,100.0
4600,2,31.724866421604155,31.724866421604155,100.0
4610,0,37.108600139218694,37.108600139218694,100.0
4610,1,39.51259479798827,39.51259479798827,100.0
4610,2,23.378805062793035,23.378805062793035,100.0
4620,0,18.805939510621403,18.805939510621403,100.0
4620,1,62.32474964454159,62.32474964454159,100.0
4620,2,18.869310844837013,18.869310844837013,100.0
4630,0,10.039175127669141,10.039175127669141,100.0
4630,1,26.901617575742225,26.901617575742225,100.0
4630,2,63.059207296588625,63.059207296588625,100.0
4640,0,16.284849288011998,16.284849288011998,100.0
4640,1,25.432782089530452,25.432782089530452,100.0
4640,2,58.28236862245755,58.28236862245755,100.0
4650,0,25.007026829012126,25.007026829012126,100.0
4650,1,12.951661265275295,12.951661265275295,100.0
4650,2,62.04131190571258,62.04131190571258,100.0
4660,0,22.78382575821936,22.78382575821936,100.0
4660,1,47.84185107070836,47.84185107070836,100.0
4660,2,29.374323171072287,29.374323171072287,100.0
4670,0,32.77079328444626,32.77079328444626,100.0
4670,1,29.461827382135052,29.461827382135052,100.0
4670,2,37.76737933341868,37.76737933341868,100.0
4680,0,58.399334173767556,58.399334173767556,100.0
4680,1,19.590264691557884,19.590264691557884,100.0
4680,2,22.010401134674563,22.010401134674563,100.0
4690,0,17.250199051156116,17.250199051156116,100.0
4690,1,32.71259800699276,32.71259800699276,100.0
4690,2,50.03720294185112,50.03720294185112,100.0
4700,0,11.966452385470427,11.966452385470427,100.0
4700,1,69.51377069584316,69.51377069584316,100.0
4700,2,18.519776918686407,18.519776918686407,100.0
4710,0,21.63521314683657,21.63521314683657,100.0
4710,1,11.40993927015931,11.40993927015931,100.0
4710,2,66.95484758300412,66.95484758300412,100.0
4720,0,62.975990063949084,62.975990063949084,100.0
4720,1,17.061295863807434,17.061295863807434,100.0
4720,2,19.962714072243482,19.962714072243482,100.0
4730,0,24.973763587266834,24.973763587266834,100.0
4730,1,38.967781186512205,38.967781186512205,100.0
4730,2,36.05845522622096,36.05845522622096,100.0
4740,0,24.14414113227607,24.14414113227607,100.0
4740,1,49.0144647183614,49.0144647183614,100.0
4740,2,26.84139414936253,26.84139414936253,100.0
4750,0,22.195095244880818,22.195095244880818,100.0
4750,1,51.49980085501543,51.49980085501543,100.0
4750,2,26.30510390010376,26.30510390010376,100.0
4760,0,16.59651191757512,16.59651191757512,100.0
4760,1,33.59836409108561,33.59836409108561,100.0
4760,2,49.80512399133928,49.80512399133928,100.0
4770,0,29.538279485962306,29.538279485962306,100.0
4770,1,38.07889486445097,38.07889486445097,100.0
4770,2,32.382825649586714,32.382825649586714,100.0
4780,0,23.916529899030373,23.916529899030373,100.0
4780,1,52.29624051602079,52.29624051602079,100.0
4780,2,23.787229584948843,23.787229584948843,100.0
4790,0,21.74684293865786,21.74684293865786,100.0
4790,1,47.96584838312911,47.96584838312911,100.0
4790,2,30.287308678213027,30.287308678213027,100.0
4800,0,33.618565743630846,33.618565743630846,100.0
4800,1,45.99948314359132,45.99948314359132,100.0
4800,2,20.381951112777838,20.381951112777838,100.0
4810,0,26.826954659067916,26.826954659067916,100.0
4810,1,33.080194004963765,33.080194004963765,100.0
4810,2,40.09285133596831,40.09285133596831,100.0
4820,0,22.35742766391956,22.35742766391956,100.0
4820,1,41.9016953805138,41.9016953805138,100.0
4820,2,35.740876955566634,35.740876955566634,100.0
4830,0,8.614142812292323,8.614142812292323,100.0
4830,1,50.853972146992234,50.853972146992234,100.0
4830,2,40.53188504071545,40.53188504071545,100.0
4840,0,15.923265338633339,15.923265338633339,100.0
4840,1,71.05783232766821,71.05783232766821,100.0
4840,2,13.018902333698465,13.018902333698465,100.0
4850,0,25.516959652840697,25.516959652840697,100.0
4850,1,42.86561384355456,42.86561384355456,100.0
4850,2,31.617426503604733,31.617426503604733,100.0
4860,0,13.421842177716305,13.421842177716305,100.0
4860,1,16.918074182241575,16.918074182241575,100.0
4860,2,69.66008364004213,69.66008364004213,100.0
4870,0,41.86640028961251,41.86640028961251,100.0
4870,1,16.248062571935286,16.248062571935286,100.0
4870,2,41.88553713845221,41.88553713845221,100.0
4880,0,11.951548208392179,11.951548208392179,100.0
4880,1,51.38369579541197,51.38369579541197,100.0
4880,2,36.664755996195865,36.664755996195865,100.0
4890,0,27.266574135261845,27.266574135261845,100.0
4890,1,13.47768806571298,13.47768806571298,100.0
4890,2,59.25573779902518,59.25573779902518,100.0
4900,0,30.5036565531263,30.5036565531263,100.0
4900,1,56.00012310991707,56.00012310991707,100.0
4900,2,13.496220336956629,13.496220336956629,100.0
4910,0,29.56923403815179,29.56923403815179,100.0
4910,1,22.36562915517844,22.36562915517844,100.0
4910,2,48.06513680666977,48.06513680666977,100.0
4920,0,18.79370566007866,18.79370566007866,100.0
4920,1,38.04658512385244,38.04658512385244,100.0
4920,2,43.1597092160689,43.1597092160689,100.0
4930,0,36.843982096597756,36.843982096597756,100.0
4930,1,10.259178069761013,10.259178069761013,100.0
4930,2,52.89683983364123,52.89683983364123,100.0
4940,0,32.87173628373373,32.87173628373373,100.0
4940,1,43.911351552156184,43.911351552156184,100.0
4940,2,23.216912164110077,23.216912164110077,100.0
4950,0,38.92283580190552,38.92283580190552,100.0
4950,1,37.90778275769121,37.90778275769121,100.0
4950,2,23.169381440403267,23.169381440403267,100.0
4960,0,14.685686361282393,14.685686361282393,100.0
4960,1,33.69390650497342,33.69390650497342,100.0
4960,2,51.62040713374418,51.62040713374418,100.0
4970,0,44.411862393131955,44.411862393131955,100.0
4970,1,25.56294101096993,25.56294101096993,100.0
4970,2,30.025196595898112,30.025196595898112,100.0
4980,0,23.741577782625086,23.741577782625086,100.0
4980,1,30.08620391862667,30.08620391862667,100.0
4980,2,46.17221829874824,46.17221829874824,100.0
4990,0,36.86177500912534,36.86177500912534,100.0
4990,1,15.900714536718203,15.900714536718203,100.0
4990,2,47.23751045415645,47.23751045415645,100.0
5000,0,15.60171440110829,15.60171440110829,100.0
5000,1,22.07038872888966,22.07038872888966,100.0
5000,2,62.32789687000205,62.32789687000205,100.0
5010,0,29.602131381809453,29.602131381809453,100.0
5010,1,29.718173295796785,29.718173295796785,100.0
5010,2,40.67969532239376,40.67969532239376,100.0
5020,0,53.81525643820915,53.81525643820915,100.0
5020,1,19.054427598112067,19.054427598112067,100.0
5020,2,27.130315963678786,27.130315963678786,100.0
5030,0,15.915310537998852,15.915310537998852,100.0
5030,1,57.35180921930708,57.35180921930708,100.0
5030,2,26.732880242694062,26.732880242694062,100.0
5040,0,27.110341177568927,27.110341177568927,100.0
5040,1,44.39784646700607,44.39784646700607,100.0
5040,2,28.491812355425004,28.491812355425004,100.0
5050,0,40.55001018491306,40.55001018491306,100.0
5050,1,19.997486118178564,19.997486118178564,100.0
5050,2,39.45250369690837,39.45250369690837,100.0
5060,0,16.40863973818993,16.40863973818993,100.0
5060,1,55.04402939980356,55.04402939980356,100.0
5060,2,28.547330862006522,28.547330862006522,100.0
5070,0,24.120222812682783,24.120222812682783,100.0
5070,1,57.35545657962932,57.35545657962932,100.0
5070,2,18.524320607687912,18.524320607687912,100.0
5080,0,43.02698090636062,43.02698090636062,100.0
5080,1,36.187764128947755,36.187764128947755,100.0
5080,2,20.785254964691628,20.785254964691628,100.0
5090,0,18.764995677995042,18.764995677995042,100.0
5090,1,58.52680012853207,58.52680012853207,100.0
5090,2,22.7082041934729,22.7082041934729,100.0
5100,0,26.894516268026596,26.894516268026596,100.0
5100,1,17.056126025837216,17.056126025837216,100.0
5100,2,56.049357706136185,56.049357706136185,100.0
5110,0,44.057490793424726,44.057490793424726,100.0
5110,1,30.328183185292584,30.328183185292584,100.0
5110,2,25.61432602128269,25.61432602128269,100.0
5120,0,12.910621615662182,12.910621615662182,100.0
5120,1,27.450403151209073,27.450403151209073,100.0
5120,2,59.63897523312875,59.63897523312875,100.0
5130,0,10.1588641831991,10.1588641831991,100.0
5130,1,32.657145475871424,32.657145475871424,100.0
5130,2,57.18399034092948,57.18399034092948,100.0
5140,0,34.62293114756618,34.62293114756618,100.0
5140,1,14.390649954303166,14.390649954303166,100.0
5140,2,50.98641889813066,50.98641889813066,100.0
5150,0,39.64326955740422,39.64326955740422,100.0
5150,1,40.20586888162293,40.20586888162293,100.0
5150,2,20.15086156097286,20.15086156097286,100.0
5160,0,33.34397677829897,33.34397677829897,100.0
5160,1,30.467186775307486,30.467186775307486,100.0
5160,2,36.188836446393545,36.188836446393545,100.0
5170,0,38.81218294449308,38.81218294449308,100.0
5170,1,25.1974249143943,25.1974249143943,100.0
5170,2,35.990392141112615,35.990392141112615,100.0
5180,0,18.162354314265777,18.162354314265777,100.0
5180,1,51.60651596089365,51.60651596089365,100.0
5180,2,30.23112972484056,30.23112972484056,100.0
5190,0,33.90992870617998,33.90992870617998,100.0
5190,1,19.3875307384162,19.3875307384162,100.0
5190,2,46.70254055540381,46.70254055540381,100.0
5200,0,7.5701505198647325,7.5701505198647325,100.0
5200,1,42.78213278401396,42.78213278401396,100.0
5200,2,49.64771669612131,49.64771669612131,100.0
5210,0,45.98480805899589,45.98480805899589,100.0
5210,1,13.848272191540692,13.848272191540692,100.0
5210,2,40.16691974946343,40.16691974946343,100.0
5220,0,39.25431291894608,39.25431291894608,100.0
5220,1,32.961468103176074,32.961468103176074,100.0
5220,2,27.784218977877845,27.784218977877845,100.0
5230,0,33.3464614002386,33.3464614002386,100.0
5230,1,55.00086251192543,55.00086251192543,100.0
5230,2,11.652676087835975,11.652676087835975,100.0
5240,0,11.133412857147045,11.133412857147045,100.0
5240,1,45.903788126142395,45.903788126142395,100.0
5240,2,42.962799016710576,42.962799016710576,100.0
5250,0,23.15059555936025,23.15059555936025,100.0
5250,1,53.767723713464456,53.767723713464456,100.0
5250,2,23.081680727175296,23.081680727175296,100.0
5260,0,10.8862578124615,10.8862578124615,100.0
5260,1,44.02186005047635,44.02186005047635,100.0
5260,2,45.091882137062164,45.091882137062164,100.0
5270,0,35.67797996245269,35.67797996245269,100.0
5270,1,53.303765421043195,53.303765421043195,100.0
5270,2,11.018254616504128,11.018254616504128,100.0
5280,0,10.591094559699679,10.591094559699679,100.0
5280,1,42.207038553578116,42.207038553578116,100.0
5280,2,47.20186688672221,47.20186688672221,100.0
5290,0,55.767743623784305,55.767743623784305,100.0
5290,1,28.354631344556854,28.354631344556854,100.0
5290,2,15.877625031658841,15.877625031658841,100.0
5300,0,18.448388242057053,18.448388242057053,100.0
5300,1,36.847891732961315,36.847891732961315,100.0
5300,2,44.703720024981635,44.703720024981635,100.0
5310,0,20.43087157357939,20.43087157357939,100.0
5310,1,58.02198480564573,58.02198480564573,100.0
5310,2,21.54714362077489,21.54714362077489,100.0
5320,0,24.805029055978547,24.805029055978547,100.0
5320,1,48.94008071296194,48.94008071296194,100.0
5320,2,26.254890231059512,26.254890231059512,100.0
5330,0,37.34534779544788,37.34534779544788,100.0
5330,1,51.32953874817531,51.32953874817531,100.0
5330,2,11.325113456376812,11.325113456376812,100.0
5340,0,25.58160153681585,25.58160153681585,100.0
5340,1,44.68748633433478,44.68748633433478,100.0
5340,2,29.730912128849386,29.730912128849386,100.0
5350,0,32.19159658229322,32.19159658229322,100.0
5350,1,46.10106899047564,46.10106899047564,100.0
5350,2,21.70733442723115,21.70733442723115,100.0
5360,0,18.757431236059368,18.757431236059368,100.0
5360,1,42.037549526132246,42.037549526132246,100.0
5360,2,39.205019237808386,39.205019237808386,100.0
5370,0,14.24671870713953,14.24671870713953,100.0
5370,1,21.772168866603153,21.772168866603153,100.0
5370,2,63.981112426257326,63.981112426257326,100.0
5380,0,12.64864282222184,12.64864282222184,100.0
5380,1,28.620481946454156,28.620481946454156,100.0
5380,2,58.730875231324,58.730875231324,100.0
5390,0,20.3039441139022,20.3039441139022,100.0
5390,1,64.62748174932551,64.62748174932551,100.0
5390,2,15.068574136772295,15.068574136772295,100.0
5400,0,47.96042993077758,47.96042993077758,100.0
5400,1,35.225302073287494,35.225302073287494,100.0
5400,2,16.814267995934927,16.814267995934927,100.0
5410,0,26.657709406907408,26.657709406907408,100.0
5410,1,50.58238487308133,50.58238487308133,100.0
5410,2,22.759905720011258,22.759905720011258,100.0
5420,0,26.45829180172604,26.45829180172604,100.0
5420,1,54.94615562207331,54.94615562207331,100.0
5420,2,18.595552576200653,18.595552576200653,100.0
5430,0,16.38911346509024,16.38911346509024,100.0
5430,1,62.9353753982932,62.9353753982932,100.0
5430,2,20.67551113661656,20.67551113661656,100.0
5440,0,37.03625005020002,37.03625005020002,100.0
5440,1,33.72250095970622,33.72250095970622,100.0
5440,2,29.241248990093773,29.241248990093773,100.0
5450,0,57.50728367812473,57.50728367812473,100.0
5450,1,15.5404427203448,15.5404427203448,100.0
5450,2,26.952273601530468,26.952273601530468,100.0
5460,0,20.00943393017727,20.00943393017727,100.0
5460,1,28.413534394418193,28.413534394418193,100.0
5460,2,51.57703167540454,51.57703167540454,100.0
5470,0,13.787010683052369,13.787010683052369,100.0
5470,1,71.0643493576417,71.0643493576417,100.0
5470,2,15.148639959305926,15.148639959305926,100.0
5480,0,17.29901294588238,17.29901294588238,100.0
5480,1,37.69736063496967,37.69736063496967,100.0
5480,2,45.00362641914796,45.00362641914796,100.0
5490,0,35.630407680553105,35.630407680553105,100.0
5490,1,47.837758601164055,47.837758601164055,100.0
5490,2,16.531833718282847,16.531833718282847,100.0
5500,0,33.63134237491013,33.63134237491013,100.0
5500,1,22.944888676006826,22.944888676006826,100.0
5500,2,43.42376894908303,43.42376894908303,100.0
5510,0,19.197153914083785,19.197153914083785,100.0
5510,1,41.694586662995185,41.694586662995185,100.0
5510,2,39.10825942292103,39.10825942292103,100.0
5520,0,59.878556984295905,59.878556984295905,100.0
5520,1,18.74437886061309,18.74437886061309,100.0
5520,2,21.37706415509101,21.37706415509101,100.0
5530,0,37.718202766477624,37.718202766477624,100.0
5530,1,14.286533441574711,14.286533441574711,100.0
5530,2,47.995263791947664,47.995263791947664,100.0
5540,0,68.0693688290019,68.0693688290019,100.0
5540,1,17.90128859278896,17.90128859278896,100.0
5540,2,14.029342578209143,14.029342578209143,100.0
5550,0,50.34678506734499,50.34678506734499,100.0
5550,1,13.965740213033298,13.965740213033298,100.0
5550,2,35.68747471962171,35.68747471962171,100.0
5560,0,40.341911522180844,40.341911522180844,100.0
5560,1,34.6655847915381,34.6655847915381,100.0
5560,2,24.99250368628105,24.99250368628105,100.0
5570,0,51.2895344388685,51.2895344388685,100.0
5570,1,12.242194505840315,12.242194505840315,100.0
5570,2,36.46827105529119,36.46827105529119,100.0
5580,0,13.557155445704872,13.557155445704872,100.0
5580,1,30.879765647365176,30.879765647365176,100.0
5580,2,55.56307890692995,55.56307890692995,100.0
5590,0,62.10139030731972,62.10139030731972,100.0
5590,1,16.453164828691023,16.453164828691023,100.0
5590,2,21.445444863989263,21.445444863989263,100.0
5600,0,21.221170180161142,21.221170180161142,100.0
5600,1,48.92889011123388,48.92889011123388,100.0
5600,2,29.84993970860498,29.84993970860498,100.0
5610,0,34.772780373832504,34.772780373832504,100.0
5610,1,40.46578191891953,40.46578191891953,100.0
5610,2,24.761437707247964,24.761437707247964,100.0
5620,0,11.472159191545087,11.472159191545087,100.0
5620,1,42.64860096957363,42.64860096957363,100.0
5620,2,45.87923983888128,45.87923983888128,100.0
5630,0,23.872021435105655,23.872021435105655,100.0
5630,1,17.146157865063085,17.146157865063085,100.0
5630,2,58.98182069983127,58.98182069983127,100.0
5640,0,33.463252525465556,33.463252525465556,100.0
5640,1,50.889886468683066,50.889886468683066,100.0
5640,2,15.646861005851372,15.646861005851372,100.0
5650,0,20.037609069665347,20.037609069665347,100.0
5650,1,36.82240621634479,36.82240621634479,100.0
5650,2,43.13998471398987,43.13998471398987,100.0
5660,0,41.765280553684455,41.765280553684455,100.0
5660,1,13.563991165495844,13.563991165495844,100.0
5660,2,44.6707282808197,44.6707282808197,100.0
5670,0,11.6867556296373,11.6867556296373,100.0
5670,1,38.881242081352426,38.881242081352426,100.0
5670,2,49.432002289010285,49.432002289010285,100.0
5680,0,46.02668696778649,46.02668696778649,100.0
5680,1,9.941262773651193,9.941262773651193,100.0
5680,2,44.03205025856231,44.03205025856231,100.0
5690,0,30.103518080586696,30.103518080586696,100.0
5690,1,41.98374225373579,41.98374225373579,100.0
5690,2,27.912739665677528,27.912739665677528,100.0
5700,0,16.547714669215345,16.547714669215345,100.0
5700,1,45.15536394230068,45.15536394230068,100.0
5700,2,38.29692138848397,38.29692138848397,100.0
5710,0,26.054130416155918,26.054130416155918,100.0
5710,1,22.824122938487672,22.824122938487672,100.0
5710,2,51.12174664535642,51.12174664535642,100.0
5720,0,23.834963157222116,23.834963157222116,100.0
5720,1,51.68968562746931,51.68968562746931,100.0
5720,2,24.475351215308578,24.475351215308578,100.0
5730,0,45.15341530465539,45.15341530465539,100.0
5730,1,31.276298565665666,31.276298565665666,100.0
5730,2,23.570286129678948,23.570286129678948,100.0
5740,0,19.221082651356017,19.221082651356017,100.0
5740,1,38.63281336371008,38.63281336371008,100.0
5740,2,42.146103984933916,42.146103984933916,100.0
5750,0,22.698567140957003,22.698567140957003,100.0
5750,1,18.23573371715153,18.23573371715153,100.0
5750,2,59.06569914189147,59.06569914189147,100.0
5760,0,55.75642448638036,55.75642448638036,100.0
5760,1,19.546574440617057,19.546574440617057,100.0
5760,2,24.697001073002575,24.697001073002575,100.0
5770,0,30.43556447789111,30.43556447789111,100.0
5770,1,12.83366791552529,12.83366791552529,100.0
5770,2,56.7307676065836,56.7307676065836,100.0
5780,0,40.60891514602972,40.60891514602972,100.0
5780,1,17.629768774894817,17.629768774894817,100.0
5780,2,41.761316079075456,41.761316079075456,100.0
5790,0,11.444755820484112,11.444755820484112,100.0
5790,1,70.3274822176032,70.3274822176032,100.0
5790,2,18.227761961912687,18.227761961912687,100.0
5800,0,15.547577152928291,15.547577152928291,100.0
5800,1,44.328809163787454,44.328809163787454,100.0
5800,2,40.12361368328425,40.12361368328425,100.0
5810,0,40.11119712008878,40.11119712008878,100.0
5810,1,23.33662367238892,23.33662367238892,100.0
5810,2,36.55217920752229,36.55217920752229,100.0
5820,0,38.88437340018726,38.88437340018726,100.0
5820,1,24.95913550214966,24.95913550214966,100.0
5820,2,36.15649109766308,36.15649109766308,100.0
5830,0,13.188937159772834,13.188937159772834,100.0
5830,1,26.23365429801105,26.23365429801105,100.0
5830,2,60.577408542216126,60.577408542216126,100.0
5840,0,50.149676177754245,50.149676177754245,100.0
5840,1,19.389195023496573,19.389195023496573,100.0
5840,2,30.461128798749183,30.461128798749183,100.0
5850,0,53.4706466429571,53.4706466429571,100.0
5850,1,21.29225881753495,21.29225881753495,100.0
5850,2,25.23709453950796,25.23709453950796,100.0
5860,0,34.75239855279308,34.75239855279308,100.0
5860,1,42.13158271033899,42.13158271033899,100.0
5860,2,23.11601873686793,23.11601873686793,100.0
5870,0,11.161375281064217,11.161375281064217,100.0
5870,1,41.02943159642213,41.02943159642213,100.0
5870,2,47.80919312251364,47.80919312251364,100.0
5880,0,28.37209584632141,28.37209584632141,100.0
5880,1,59.50189807661032,59.50189807661032,100.0
5880,2,12.126006077068276,12.126006077068276,100.0
5890,0,21.839549461510778,21.839549461510778,100.0
5890,1,17.874379286277005,17.874379286277005,100.0
5890,2,60.28607125221222,60.28607125221222,100.0
5900,0,23.93768742708282,23.93768742708282,100.0
5900,1,51.0030486368653,51.0030486368653,100.0
5900,2,25.059263936051885,25.059263936051885,100.0
5910,0,20.994751047920122,20.994751047920122,100.0
5910,1,44.552742804581385,44.552742804581385,100.0
5910,2,34.452506147498504,34.452506147498504,100.0
5920,0,32.102567279531094,32.102567279531094,100.0
5920,1,16.54863709616427,16.54863709616427,100.0
5920,2,51.348795624304636,51.348795624304636,100.0
5930,0,30.04493383617705,30.04493383617705,100.0
5930,1,14.854955686575789,14.854955686575789,100.0
5930,2,55.100110477247156,55.100110477247156,100.0
5940,0,12.623952549022283,12.623952549022283,100.0
5940,1,16.91472488050243,16.91472488050243,100.0
5940,2,70.46132257047529,70.46132257047529,100.0
5950,0,54.772356279113474,54.772356279113474,100.0
5950,1,25.531578220840235,25.531578220840235,100.0
5950,2,19.696065500046284,19.696065500046284,100.0
5960,0,26.07839136336365,26.07839136336365,100.0
5960,1,34.38175474102071,34.38175474102071,100.0
5960,2,39.539853895615636,39.539853895615636,100.0
5970,0,21.508114328095886,21.508114328095886,100.0
5970,1,29.262599384418635,29.262599384418635,100.0
5970,2,49.22928628748547,49.22928628748547,100.0
5980,0,29.185747725652778,29.185747725652778,100.0
5980,1,39.75719069702022,39.75719069702022,100.0
5980,2,31.057061577327,31.057061577327,100.0
5990,0,31.411728723926245,31.411728723926245,100.0
5990,1,20.10657011682435,20.10657011682435,100.0
5990,2,48.481701159249404,48.481701159249404,100.0
6000,0,39.46736443310002,39.46736443310002,100.0
6000,1,32.9373874265165,32.9373874265165,100.0
6000,2,27.595248140383482,27.595248140383482,100.0
6010,0,14.217378194799316,14.217378194799316,100.0
6010,1,40.05313661521474,40.05313661521474,100.0
6010,2,45.72948518998596,45.72948518998596,100.0
6020,0,11.011427522674726,11.011427522674726,100.0
6020,1,26.311259705051942,26.311259705051942,100.0
6020,2,62.67731277227333,62.67731277227333,100.0
6030,0,18.50495758240061,18.50495758240061,100.0
6030,1,30.065863191595593,30.065863191595593,100.0
6030,2,51.42917922600381,51.42917922600381,100.0
6040,0,15.192582806428142,15.192582806428142,100.0
6040,1,15.002805136936084,15.002805136936084,100.0
6040,2,69.80461205663578,69.80461205663578,100.0
6050,0,28.800346569538064,28.800346569538064,100.0
6050,1,31.679762953383182,31.679762953383182,100.0
6050,2,39.519890477078754,39.519890477078754,100.0
6060,0,30.696608984659363,30.696608984659363,100.0
6060,1,50.48727256667278,50.48727256667278,100.0
6060,2,18.81611844866787,18.81611844866787,100.0
6070,0,47.98337989317899,47.98337989317899,100.0
6070,1,33.578299915257,33.578299915257,100.0
6070,2,18.43832019156401,18.43832019156401,100.0
6080,0,16.568219771114652,16.568219771114652,100.0
6080,1,20.697658921370955,20.697658921370955,100.0
6080,2,62.7341213075144,62.7341213075144,100.0
6090,0,23.354951003941967,23.354951003941967,100.0
6090,1,15.078472698045772,15.078472698045772,100.0
6090,2,61.566576298012265,61.566576298012265,100.0
6100,0,21.838390343389065,21.838390343389065,100.0
6100,1,37.51218966327196,37.51218966327196,100.0
6100,2,40.649419993338974,40.649419993338974,100.0
6110,0,39.913482599050795,39.913482599050795,100.0
6110,1,29.425445215862204,29.425445215862204,100.0
6110,2,30.661072185087008,30.661072185087008,100.0
6120,0,37.53922778323797,37.53922778323797,100.0
6120,1,39.92453509861772,39.92453509861772,100.0
6120,2,22.536237118144307,22.536237118144307,100.0
6130,0,21.824006892515232,21.824006892515232,100.0
6130,1,65.54243147248978,65.54243147248978,100.0
6130,2,12.633561634994983,12.633561634994983,100.0
6140,0,31.799092888274604,31.799092888274604,100.0
6140,1,54.45192078782157,54.45192078782157,100.0
6140,2,13.748986323903814,13.748986323903814,100.0
6150,0,28.50766872030063,28.50766872030063,100.0
6150,1,37.647330785223396,37.647330785223396,100.0
6150,2,33.84500049447597,33.84500049447597,100.0
6160,0,9.724382009916857,9.724382009916857,100.0
6160,1,49.36152358442297,49.36152358442297,100.0
6160,2,40.91409440566019,40.91409440566019,100.0
6170,0,46.01463851678714,46.01463851678714,100.0
6170,1,9.100497946257882,9.100497946257882,100.0
6170,2,44.884863536954974,44.884863536954974,100.0
6180,0,41.51505672766798,41.51505672766798,100.0
6180,1,33.974105230161626,33.974105230161626,100.0
6180,2,24.510838042170388,24.510838042170388,100.0
6190,0,36.899615703462665,36.899615703462665,100.0
6190,1,30.653631823923668,30.653631823923668,100.0
6190,2,32.446752472613674,32.446752472613674,100.0
6200,0,32.88274594152991,32.88274594152991,100.0
6200,1,35.15977570286194,35.15977570286194,100.0
6200,2,31.957478355608153,31.957478355608153,100.0
6210,0,38.12270662065598,38.12270662065598,100.0
6210,1,41.07931141962728,41.07931141962728,100.0
6210,2,20.797981959716736,20.797981959716736,100.0
6220,0,48.41961943720356,48.41961943720356,100.0
6220,1,32.34377953155269,32.34377953155269,100.0
6220,2,19.23660103124375,19.23660103124375,100.0
6230,0,19.69507643911981,19.69507643911981,100.0
6230,1,42.029876225620235,42.029876225620235,100.0
6230,2,38.27504733525996,38.27504733525996,100.0
6240,0,38.45509275206873,38.45509275206873,100.0
6240,1,39.46555548552549,39.46555548552549,100.0
6240,2,22.07935176240578,22.07935176240578,100.0
6250,0,9.858467133776614,9.858467133776614,100.0
6250,1,50.88283784037382,50.88283784037382,100.0
6250,2,39.25869502584957,39.25869502584957,100.0
6260,0,65.39364338942887,65.39364338942887,100.0
6260,1,21.475413596800045,21.475413596800045,100.0
6260,2,13.130943013771079,13.130943013771079,100.0
6270,0,16.707235729457263,16.707235729457263,100.0
6270,1,67.58007235224463,67.58007235224463,100.0
6270,2,15.71269191829812,15.71269191829812,100.0
6280,0,31.50616206799143,31.50616206799143,100.0
6280,1,11.455879040173432,11.455879040173432,100.0
6280,2,57.03795889183514,57.03795889183514,100.0
6290,0,48.341775969471215,48.341775969471215,100.0
6290,1,35.58752572960742,35.58752572960742,100.0
6290,2,16.070698300921364,16.070698300921364,100.0
6300,0,41.56304128429453,41.56304128429453,100.0
6300,1,37.404050296309435,37.404050296309435,100.0
6300,2,21.03290841939603,21.03290841939603,100.0
6310,0,57.75812106062846,57.75812106062846,100.0
6310,1,25.357230707521204,25.357230707521204,100.0
6310,2,16.88464823185034,16.88464823185034,100.0
6320,0,40.65897681760401,40.65897681760401,100.0
6320,1,19.64294637514326,19.64294637514326,100.0
6320,2,39.69807680725273,39.69807680725273,100.0
6330,0,11.804584734076732,11.804584734076732,100.0
6330,1,58.99042066861628,58.99042066861628,100.0
6330,2,29.204994597306992,29.204994597306992,100.0
6340,0,55.65465252977104,55.65465252977104,100.0
6340,1,30.897887864776504,30.897887864776504,100.0
6340,2,13.447459605452467,13.447459605452467,100.0
6350,0,51.07817464466914,51.07817464466914,100.0
6350,1,26.929340153104718,26.929340153104718,100.0
6350,2,21.992485202226142,21.992485202226142,100.0
6360,0,16.769013008892543,16.769013008892543,100.0
6360,1,60.98803070745667,60.98803070745667,100.0
6360,2,22.24295628365078,22.24295628365078,100.0
6370,0,41.66609342847293,41.66609342847293,100.0
6370,1,17.412037464210556,17.412037464210556,100.0
6370,2,40.92186910731652,40.92186910731652,100.0
6380,0,13.659356672758182,13.659356672758182,100.0
6380,1,66.05606346584536,66.05606346584536,100.0
6380,2,20.284579861396455,20.284579861396455,100.0
6390,0,27.413282013189537,27.413282013189537,100.0
6390,1,28.241902437723493,28.241902437723493,100.0
6390,2,44.34481554908697,44.34481554908697,100.0
6400,0,40.2230238351043,40.2230238351043,100.0
6400,1,13.424003921377986,13.424003921377986,100.0
6400,2,46.35297224351771,46.35297224351771,100.0
6410,0,26.237359345685025,26.237359345685025,100.0
6410,1,14.746650187967598,14.746650187967598,100.0
6410,2,59.015990466347375,59.015990466347375,100.0
6420,0,30.477610124066757,30.477610124066757,100.0
6420,1,39.88110323398097,39.88110323398097,100.0
6420,2,29.64128664195227,29.64128664195227,100.0
6430,0,27.20878087436343,27.20878087436343,100.0
6430,1,63.16163113530897,63.16163113530897,100.0
6430,2,9.6295879903276,9.6295879903276,100.0
6440,0,9.098146860828791,9.098146860828791,100.0
6440,1,50.29950071788335,50.29950071788335,100.0
6440,2,40.60235242128786,40.60235242128786,100.0
6450,0,24.888691493449077,24.888691493449077,100.0
6450,1,52.61786090054223,52.61786090054223,100.0
6450,2,22.493447606008683,22.493447606008683,100.0
6460,0,43.66893611387644,43.66893611387644,100.0
6460,1,12.132798318793027,12.132798318793027,100.0
6460,2,44.19826556733054,44.19826556733054,100.0
6470,0,43.83152911757101,43.83152911757101,100.0
6470,1,31.85750306437051,31.85750306437051,100.0
6470,2,24.310967818058494,24.310967818058494,100.0
6480,0,34.97728870057128,34.97728870057128,100.0
6480,1,14.4931248299588,14.4931248299588,100.0
6480,2,50.52958646946992,50.52958646946992,100.0
6490,0,42.114231075732164,42.114231075732164,100.0
6490,1,31.19052465718562,31.19052465718562,100.0
6490,2,26.695244267082213,26.695244267082213,100.0
6500,0,38.01171819959317,38.01171819959317,100.0
6500,1,17.52724401273049,17.52724401273049,100.0
6500,2,44.46103778767633,44.46103778767633,100.0
6510,0,42.301270774949714,42.301270774949714,100.0
6510,1,37.75759749355948,37.75759749355948,100.0
6510,2,19.94113173149082,19.94113173149082,100.0
6520,0,40.46367434498169,40.46367434498169,100.0
6520,1,30.272517581276475,30.272517581276475,100.0
6520,2,29.26380807374183,29.26380807374183,100.0
6530,0,8.85786367734454,8.85786367734454,100.0
6530,1,58.08967660253918,58.08967660253918,100.0
6530,2,33.0524597201163,33.0524597201163,100.0
6540,0,24.979382349938586,24.979382349938586,100.0
6540,1,44.888148782331236,44.888148782331236,100.0
6540,2,30.132468867730182,30.132468867730182,100.0
6550,0,26.94836108715628,26.94836108715628,100.0
6550,1,36.56629678524657,36.56629678524657,100.0
6550,2,36.48534212759715,36.48534212759715,100.0
6560,0,67.90986972296682,67.90986972296682,100.0
6560,1,12.223138773601718,12.223138773601718,100.0
6560,2,19.866991503431464,19.866991503431464,100.0
6570,0,29.82092819150537,29.82092819150537,100.0
6570,1,9.925272558975257,9.925272558975257,100.0
6570,2,60.25379924951937,60.25379924951937,100.0
6580,0,35.659322906469285,35.659322906469285,100.0
6580,1,21.77747255738713,21.77747255738713,100.0
6580,2,42.56320453614359,42.56320453614359,100.0
6590,0,34.11507374153115,34.11507374153115,100.0
6590,1,21.20619794910282,21.20619794910282,100.0
6590,2,44.67872830936603,44.67872830936603,100.0
6600,0,27.4334906277664,27.4334906277664,100.0
6600,1,22.433930290062314,22.433930290062314,100.0
6600,2,50.13257908217129,50.13257908217129,100.0
6610,0,46.99993231490135,46.99993231490135,100.0
6610,1,31.102418743454095,31.102418743454095,100.0
6610,2,21.897648941644547,21.897648941644547,100.0
6620,0,29.45998634912944,29.45998634912944,100.0
6620,1,32.854778753529466,32.854778753529466,100.0
6620,2,37.685234897341104,37.685234897341104,100.0
6630,0,52.38352236119416,52.38352236119416,100.0
6630,1,10.76798075840879,10.76798075840879,100.0
6630,2,36.84849688039705,36.84849688039705,100.0
6640,0,26.923335368728917,26.923335368728917,100.0
6640,1,25.08851650516548,25.08851650516548,100.0
6640,2,47.98814812610561,47.98814812610561,100.0
6650,0,22.265845505598715,22.265845505598715,100.0
6650,1,33.32575326267751,33.32575326267751,100.0
6650,2,44.40840123172378,44.40840123172378,100.0
6660,0,49.82334779367905,49.82334779367905,100.0
6660,1,23.759959201183424,23.759959201183424,100.0
6660,2,26.41669300513752,26.41669300513752,100.0
6670,0,50.95895839852977,50.95895839852977,100.0
6670,1,31.81726310197101,31.81726310197101,100.0
6670,2,17.223778499499225,17.223778499499225,100.0
6680,0,46.089296468284424,46.089296468284424,100.0
6680,1,28.490221765917696,28.490221765917696,100.0
6680,2,25.42048176579788,25.42048176579788,100.0
6690,0,15.551556222918917,15.551556222918917,100.0
6690,1,26.78172732700484,26.78172732700484,100.0
6690,2,57.66671645007624,57.66671645007624,100.0
6700,0,24.206745756730683,24.206745756730683,100.0
6700,1,53.74179441726339,53.74179441726339,100.0
6700,2,22.051459826005924,22.051459826005924,100.0
6710,0,66.00399054766235,66.00399054766235,100.0
6710,1,13.822281803664813,13.822281803664813,100.0
6710,2,20.173727648672827,20.173727648672827,100.0
6720,0,50.4063025600245,50.4063025600245,100.0
6720,1,13.469537303812409,13.469537303812409,100.0
6720,2,36.1241601361631,36.1241601361631,100.0
6730,0,41.0080635458678,41.0080635458678,100.0
6730,1,32.199679209436425,32.199679209436425,100.0
6730,2,26.792257244695776,26.792257244695776,100.0
6740,0,15.050445114768547,15.050445114768547,100.0
6740,1,50.429817476997115,50.429817476997115,100.0
6740,2,34.51973740823434,34.51973740823434,100.0
6750,0,23.731300414645517,23.731300414645517,100.0
6750,1,47.363554624275935,47.363554624275935,100.0
6750,2,28.905144961078545,28.905144961078545,100.0
6760,0,17.038013392753687,17.038013392753687,100.0
6760,1,36.15945014777714,36.15945014777714,100.0
6760,2,46.80253645946917,46.80253645946917,100.0
6770,0,27.0162002203993,27.0162002203993,100.0
6770,1,25.20143562057282,25.20143562057282,100.0
6770,2,47.782364159027885,47.782364159027885,100.0
6780,0,21.993910707098955,21.993910707098955,100.0
6780,1,45.447061834390794,45.447061834390794,100.0
6780,2,32.55902745851025,32.55902745851025,100.0
6790,0,39.742211469019196,39.742211469019196,100.0
6790,1,19.199253283595482,19.199253283595482,100.0
6790,2,41.05853524738532,41.05853524738532,100.0
6800,0,32.02102090298702,32.02102090298702,100.0
6800,1,40.24503191878315,40.24503191878315,100.0
6800,2,27.73394717822984,27.73394717822984,100.0
6810,0,47.431773456212895,47.431773456212895,100.0
6810,1,19.018139539946244,19.018139539946244,100.0
6810,2,33.550087003840865,33.550087003840865,100.0
6820,0,15.154654246803176,15.154654246803176,100.0
6820,1,64.23368884711495,64.23368884711495,100.0
6820,2,20.611656906081883,20.611656906081883,100.0
6830,0,25.423581534077368,25.423581534077368,100.0
6830,1,26.405395368760416,26.405395368760416,100.0
6830,2,48.17102309716221,48.17102309716221,100.0
6840,0,34.671491543962304,34.671491543962304,100.0
6840,1,21.95648505225732,21.95648505225732,100.0
6840,2,43.37202340378037,43.37202340378037,100.0
6850,0,24.895295866658817,24.895295866658817,100.0
6850,1,46.5766634200897,46.5766634200897,100.0
6850,2,28.528040713251485,28.528040713251485,100.0
6860,0,11.185323271055081,11.185323271055081,100.0
6860,1,70.20045079618511,70.20045079618511,100.0
6860,2,18.614225932759815,18.614225932759815,100.0
6870,0,21.534238687077043,21.534238687077043,100.0
6870,1,27.034449784989036,27.034449784989036,100.0
6870,2,51.43131152793392,51.43131152793392,100.0
6880,0,38.84102008346042,38.84102008346042,100.0
6880,1,17.995102909794397,17.995102909794397,100.0
6880,2,43.16387700674519,43.16387700674519,100.0
6890,0,36.21953223593075,36.21953223593075,100.0
6890,1,15.530850494829455,15.530850494829455,100.0
6890,2,48.249617269239806,48.249617269239806,100.0
6900,0,31.472625984284345,31.472625984284345,100.0
6900,1,20.578366602302754,20.578366602302754,100.0
6900,2,47.9490074134129,47.9490074134129,100.0
6910,0,14.06071063000795,14.06071063000795,100.0
6910,1,21.103771201592526,21.103771201592526,100.0
6910,2,64.83551816839952,64.83551816839952,100.0
6920,0,16.26329820494014,16.26329820494014,100.0
6920,1,40.27635015943986,40.27635015943986,100.0
6920,2,43.46035163562001,43.46035163562001,100.0
6930,0,13.352095657856184,13.352095657856184,100.0
6930,1,24.734663284848775,24.734663284848775,100.0
6930,2,61.913241057295046,61.913241057295046,100.0
6940,0,42.52220599017463,42.52220599017463,100.0
6940,1,36.04089623113257,36.04089623113257,100.0
6940,2,21.4368977786928,21.4368977786928,100.0
6950,0,44.26594368505514,44.26594368505514,100.0
6950,1,17.954669125768135,17.954669125768135,100.0
6950,2,37.779387189176724,37.779387189176724,100.0
6960,0,15.810388090965443,15.810388090965443,100.0
6960,1,22.08863982288226,22.08863982288226,100.0
6960,2,62.1009720861523,62.1009720861523,100.0
6970,0,37.265342959583045,37.265342959583045,100.0
6970,1,26.186119938574336,26.186119938574336,100.0
6970,2,36.54853710184261,36.54853710184261,100.0
6980,0,34.88864751897564,34.88864751897564,100.0
6980,1,38.9690013052699,38.9690013052699,100.0
6980,2,26.14235117575446,26.14235117575446,100.0
6990,0,29.85857794769252,29.85857794769252,100.0
6990,1,36.42963546473628,36.42963546473628,100.0
6990,2,33.7117865875712,33.7117865875712,100.0
7000,0,75.16166155530428,75.16166155530428,100.0
7000,1,13.455926521023187,13.455926521023187,100.0
7000,2,11.382411923672532,11.382411923672532,100.0
7010,0,45.228863933495845,45.228863933495845,100.0
7010,1,34.367188329145705,34.367188329145705,100.0
7010,2,20.40394773735846,20.40394773735846,100.0
7020,0,18.53290913271818,18.53290913271818,100.0
7020,1,19.26313741908436,19.26313741908436,100.0
7020,2,62.20395344819746,62.20395344819746,100.0
7030,0,49.8695522790635,49.8695522790635,100.0
7030,1,27.27961347367436,27.27961347367436,100.0
7030,2,22.85083424726215,22.85083424726215,100.0
7040,0,60.509693851590306,60.509693851590306,100.0
7040,1,27.916120401760747,27.916120401760747,100.0
7040,2,11.574185746648947,11.574185746648947,100.0
7050,0,33.54880174281783,33.54880174281783,100.0
7050,1,38.529898111073,38.529898111073,100.0
7050,2,27.921300146109175,27.921300146109175,100.0
7060,0,25.945328245457873,25.945328245457873,100.0
7060,1,54.79490340895627,54.79490340895627,100.0
7060,2,19.259768345585858,19.259768345585858,100.0
7070,0,25.495644924918835,25.495644924918835,100.0
7070,1,39.55396849336259,39.55396849336259,100.0
7070,2,34.950386581718575,34.950386581718575,100.0
7080,0,27.464330232631674,27.464330232631674,100.0
7080,1,52.58313646183594,52.58313646183594,100.0
7080,2,19.952533305532384,19.952533305532384,100.0
7090,0,25.628901274182375,25.628901274182375,100.0
7090,1,43.40313633175517,43.40313633175517,100.0
7090,2,30.96796239406246,30.96796239406246,100.0
7100,0,30.450032562663964,30.450032562663964,100.0
7100,1,32.150583027793424,32.150583027793424,100.0
7100,2,37.39938440954263,37.39938440954263,100.0
7110,0,28.142345326429353,28.142345326429353,100.0
7110,1,37.72547372020488,37.72547372020488,100.0
7110,2,34.13218095336577,34.13218095336577,100.0
7120,0,19.392971103886158,19.392971103886158,100.0
7120,1,42.75119983433905,42.75119983433905,100.0
7120,2,37.8558290617748,37.8558290617748,100.0
7130,0,10.528301054890772,10.528301054890772,100.0
7130,1,22.460932604711743,22.460932604711743,100.0
7130,2,67.01076634039748,67.01076634039748,100.0
7140,0,35.431143149861896,35.431143149861896,100.0
7140,1,24.948810949504363,24.948810949504363,100.0
7140,2,39.620045900633734,39.620045900633734,100.0
7150,0,35.03648082866633,35.03648082866633,100.0
7150,1,25.649130098511613,25.649130098511613,100.0
7150,2,39.31438907282207,39.31438907282207,100.0
7160,0,24.94286931334579,24.94286931334579,100.0
7160,1,48.55943461608963,48.55943461608963,100.0
7160,2,26.497696070564587,26.497696070564587,100.0
7170,0,56.7459336999242,56.7459336999242,100.0
7170,1,20.900270503426707,20.900270503426707,100.0
7170,2,22.353795796649102,22.353795796649102,100.0
7180,0,12.81815858454329,12.81815858454329,100.0
7180,1,52.18057611730331,52.18057611730331,100.0
7180,2,35.00126529815339,35.00126529815339,100.0
7190,0,38.25226107275973,38.25226107275973,100.0
7190,1,26.597427239916144,26.597427239916144,100.0
7190,2,35.150311687324134,35.150311687324134,100.0
7200,0,34.49900897844216,34.49900897844216,100.0
7200,1,10.670498465862746,10.670498465862746,100.0
7200,2,54.83049255569509,54.83049255569509,100.0
7210,0,42.7650351822718,42.7650351822718,100.0
7210,1,18.122285427301378,18.122285427301378,100.0
7210,2,39.11267939042683,39.11267939042683,100.0
7220,0,62.90184814772392,62.90184814772392,100.0
7220,1,21.608681887333834,21.608681887333834,100.0
7220,2,15.489469964942252,15.489469964942252,100.0
7230,0,35.345229157748236,35.345229157748236,100.0
7230,1,41.32633093792031,41.32633093792031,100.0
7230,2,23.328439904331468,23.328439904331468,100.0
7240,0,15.817779590909845,15.817779590909845,100.0
7240,1,42.259152964062395,42.259152964062395,100.0
7240,2,41.92306744502777,41.92306744502777,100.0
7250,0,22.992443762536503,22.992443762536503,100.0
7250,1,60.04977067166316,60.04977067166316,100.0
7250,2,16.95778556580034,16.95778556580034,100.0
7260,0,10.71559598539605,10.71559598539605,100.0
7260,1,24.609361739542663,24.609361739542663,100.0
7260,2,64.67504227506129,64.67504227506129,100.0
7270,0,8.28037402529061,8.28037402529061,100.0
7270,1,44.35504905714897,44.35504905714897,100.0
7270,2,47.36457691756042,47.36457691756042,100.0
7280,0,61.30539332832004,61.30539332832004,100.0
7280,1,11.209748237465321,11.209748237465321,100.0
7280,2,27.484858434214647,27.484858434214647,100.0
7290,0,13.937941259375084,13.937941259375084,100.0
7290,1,48.076786845861044,48.076786845861044,100.0
7290,2,37.985271894763876,37.985271894763876,100.0
7300,0,24.92155630936046,24.92155630936046,100.0
7300,1,30.46453216013745,30.46453216013745,100.0
7300,2,44.6139115305021,44.6139115305021,100.0
7310,0,46.46648770232775,46.46648770232775,100.0
7310,1,31.5923355623683,31.5923355623683,100.0
7310,2,21.94117673530396,21.94117673530396,100.0
7320,0,31.548298529391783,31.548298529391783,100.0
7320,1,53.36678811596358,53.36678811596358,100.0
7320,2,15.084913354644645,15.084913354644645,100.0
7330,0,23.86235309992236,23.86235309992236,100.0
7330,1,36.8933569637292,36.8933569637292,100.0
7330,2,39.24428993634845,39.24428993634845,100.0
7340,0,29.136820853201,29.136820853201,100.0
7340,1,37.26232674801135,37.26232674801135,100.0
7340,2,33.600852398787644,33.600852398787644,100.0
7350,0,22.145497544789887,22.145497544789887,100.0
7350,1,13.004125036427764,13.004125036427764,100.0
7350,2,64.85037741878236,64.85037741878236,100.0
7360,0,43.36710771325436,43.36710771325436,100.0
7360,1,29.916170067141017,29.916170067141017,100.0
7360,2,26.716722219604623,26.716722219604623,100.0
7370,0,48.33654810196809,48.33654810196809,100.0
7370,1,37.20035022276574,37.20035022276574,100.0
7370,2,14.463101675266154,14.463101675266154,100.0
7380,0,52.6292201882798,52.6292201882798,100.0
7380,1,32.88413029225362,32.88413029225362,100.0
7380,2,14.486649519466585,14.486649519466585,100.0
7390,0,21.725396210202938,21.725396210202938,100.0
7390,1,62.17722934756868,62.17722934756868,100.0
7390,2,16.097374442228386,16.097374442228386,100.0
7400,0,41.04029318910959,41.04029318910959,100.0
7400,1,39.29728248402349,39.29728248402349,100.0
7400,2,19.66242432686692,19.66242432686692,100.0
7410,0,16.49137529947121,16.49137529947121,100.0
7410,1,41.38632645109791,41.38632645109791,100.0
7410,2,42.122298249430884,42.122298249430884,100.0
7420,0,9.658886881718885,9.658886881718885,100.0
7420,1,52.24126258791344,52.24126258791344,100.0
7420,2,38.09985053036768,38.09985053036768,100.0
7430,0,32.242306330475394,32.242306330475394,100.0
7430,1,44.525105495669735,44.525105495669735,100.0
7430,2,23.23258817385488,23.23258817385488,100.0
7440,0,11.463417027424605,11.463417027424605,100.0
7440,1,25.297381239761506,25.297381239761506,100.0
7440,2,63.23920173281389,63.23920173281389,100.0
7450,0,14.296077699314447,14.296077699314447,100.0
7450,1,51.21688884580239,51.21688884580239,100.0
7450,2,34.48703345488316,34.48703345488316,100.0
7460,0,20.857292276670098,20.857292276670098,100.0
7460,1,49.75867610736203,49.75867610736203,100.0
7460,2,29.38403161596788,29.38403161596788,100.0
7470,0,55.73326949864611,55.73326949864611,100.0
7470,1,17.88717012334102,17.88717012334102,100.0
7470,2,26.37956037801287,26.37956037801287,100.0
7480,0,54.32949221734585,54.32949221734585,100.0
7480,1,29.3370221079941,29.3370221079941,100.0
7480,2,16.333485674660047,16.333485674660047,100.0
7490,0,17.006327717746885,17.006327717746885,100.0
7490,1,54.25873487197982,54.25873487197982,100.0
7490,2,28.734937410273297,28.734937410273297,100.0
7500,0,26.46893197028721,26.46893197028721,100.0
7500,1,27.07586902773718,27.07586902773718,100.0
7500,2,46.45519900197562,46.45519900197562,100.0
7510,0,62.454960716757235,62.454960716757235,100.0
7510,1,22.214698355379902,22.214698355379902,100.0
7510,2,15.330340927862874,15.330340927862874,100.0
7520,0,18.67702702539895,18.67702702539895,100.0
7520,1,25.000139665061855,25.000139665061855,100.0
7520,2,56.3228333095392,56.3228333095392,100.0
7530,0,20.212216202690524,20.212216202690524,100.0
7530,1,66.71819976153938,66.71819976153938,100.0
7530,2,13.069584035770108,13.069584035770108,100.0
7540,0,24.388021194981167,24.388021194981167,100.0
7540,1,22.12771769648775,22.12771769648775,100.0
7540,2,53.484261108531086,53.484261108531086,100.0
7550,0,43.86056023078581,43.86056023078581,100.0
7550,1,45.591877119779326,45.591877119779326,100.0
7550,2,10.547562649434878,10.547562649434878,100.0
7560,0,33.27759700863034,33.27759700863034,100.0
7560,1,24.104538495055223,24.104538495055223,100.0
7560,2,42.61786449631443,42.61786449631443,100.0
7570,0,14.800490073209938,14.800490073209938,100.0
7570,1,38.65332708297217,38.65332708297217,100.0
7570,2,46.546182843817896,46.546182843817896,100.0
7580,0,18.262297775591378,18.262297775591378,100.0
7580,1,53.30784996757044,53.30784996757044,100.0
7580,2,28.429852256838178,28.429852256838178,100.0
7590,0,56.04371981102394,56.04371981102394,100.0
7590,1,19.91742645735464,19.91742645735464,100.0
7590,2,24.03885373162143,24.03885373162143,100.0
7600,0,23.099068099638632,23.099068099638632,100.0
7600,1,55.27763724325104,55.27763724325104,100.0
7600,2,21.623294657110314,21.623294657110314,100.0
7610,0,15.264957293255446,15.264957293255446,100.0
7610,1,33.59525289768256,33.59525289768256,100.0
7610,2,51.139789809061995,51.139789809061995,100.0
7620,0,10.552003042786216,10.552003042786216,100.0
7620,1,52.7347171289456,52.7347171289456,100.0
7620,2,36.71327982826818,36.71327982826818,100.0
7630,0,40.8979796387428,40.8979796387428,100.0
7630,1,50.32082449897859,50.32082449897859,100.0
7630,2,8.781195862278626,8.781195862278626,100.0
7640,0,47.89507315751401,47.89507315751401,100.0
7640,1,43.54610273629091,43.54610273629091,100.0
7640,2,8.558824106195077,8.558824106195077,100.0
7650,0,26.238930779008413,26.238930779008413,100.0
7650,1,60.199189165957264,60.199189165957264,100.0
7650,2,13.561880055034315,13.561880055034315,100.0
7660,0,19.199071529933562,19.199071529933562,100.0
7660,1,28.17313159326397,28.17313159326397,100.0
7660,2,52.62779687680247,52.62779687680247,100.0
7670,0,33.24071222071305,33.24071222071305,100.0
7670,1,43.2226143128036,43.2226143128036,100.0
7670,2,23.53667346648335,23.53667346648335,100.0
7680,0,33.25337697479983,33.25337697479983,100.0
7680,1,36.09621065220099,36.09621065220099,100.0
7680,2,30.65041237299918,30.65041237299918,100.0
7690,0,30.66274183943613,30.66274183943613,100.0
7690,1,25.742108017904396,25.742108017904396,100.0
7690,2,43.595150142659485,43.595150142659485,100.0
7700,0,19.045799814912815,19.045799814912815,100.0
7700,1,34.844797642526615,34.844797642526615,100.0
7700,2,46.10940254256058,46.10940254256058,100.0
7710,0,62.359205445136276,62.359205445136276,100.0
7710,1,21.95791763976985,21.95791763976985,100.0
7710,2,15.682876915093868,15.682876915093868,100.0
7720,0,42.243797286711775,42.243797286711775,100.0
7720,1,29.395655611278766,29.395655611278766,100.0
7720,2,28.36054710200947,28.36054710200947,100.0
7730,0,16.132135952999267,16.132135952999267,100.0
7730,1,28.93169711946183,28.93169711946183,100.0
7730,2,54.9361669275389,54.9361669275389,100.0
7740,0,21.100197757338783,21.100197757338783,100.0
7740,1,29.624515737180673,29.624515737180673,100.0
7740,2,49.27528650548054,49.27528650548054,100.0
7750,0,30.022385006999073,30.022385006999073,100.0
7750,1,39.318852742917045,39.318852742917045,100.0
7750,2,30.658762250083875,30.658762250083875,100.0
7760,0,45.98202236830689,45.98202236830689,100.0
7760,1,9.171732849061858,9.171732849061858,100.0
7760,2,44.84624478263125,44.84624478263125,100.0
7770,0,27.33534849547793,27.33534849547793,100.0
7770,1,40.59790677473041,40.59790677473041,100.0
7770,2,32.066744729791665,32.066744729791665,100.0
7780,0,9.988781753208828,9.988781753208828,100.0
7780,1,33.53828365464118,33.53828365464118,100.0
7780,2,56.47293459214999,56.47293459214999,100.0
7790,0,29.702872479159204,29.702872479159204,100.0
7790,1,40.97635052935181,40.97635052935181,100.0
7790,2,29.320776991488977,29.320776991488977,100.0
7800,0,14.24869276051217,14.24869276051217,100.0
7800,1,45.25884388895471,45.25884388895471,100.0
7800,2,40.49246335053313,40.49246335053313,100.0
7810,0,35.838204249468845,35.838204249468845,100.0
7810,1,28.71884289922765,28.71884289922765,100.0
7810,2,35.4429528513035,35.4429528513035,100.0
7820,0,14.089919332017237,14.089919332017237,100.0
7820,1,51.694230781203,51.694230781203,100.0
7820,2,34.215849886779765,34.215849886779765,100.0
7830,0,38.1633426672047,38.1633426672047,100.0
7830,1,49.25693696574877,49.25693696574877,100.0
7830,2,12.579720367046537,12.579720367046537,100.0
7840,0,37.02898044700037,37.02898044700037,100.0
7840,1,30.88718373135538,30.88718373135538,100.0
7840,2,32.083835821644264,32.083835821644264,100.0
7850,0,41.79561157439822,41.79561157439822,100.0
7850,1,30.352100116695684,30.352100116695684,100.0
7850,2,27.852288308906086,27.852288308906086,100.0
7860,0,60.26220183440654,60.26220183440654,100.0
7860,1,20.84247280528326,20.84247280528326,100.0
7860,2,18.895325360310217,18.895325360310217,100.0
7870,0,38.928372677613545,38.928372677613545,100.0
7870,1,38.392650746072675,38.392650746072675,100.0
7870,2,22.67897657631378,22.67897657631378,100.0
7880,0,12.004551256694459,12.004551256694459,100.0
7880,1,47.92771487864664,47.92771487864664,100.0
7880,2,40.06773386465889,40.06773386465889,100.0
7890,0,37.177826694917684,37.177826694917684,100.0
7890,1,26.280841852615765,26.280841852615765,100.0
7890,2,36.54133145246656,36.54133145246656,100.0
7900,0,24.655145638433368,24.655145638433368,100.0
7900,1,41.12789705793296,41.12789705793296,100.0
7900,2,34.21695730363367,34.21695730363367,100.0
7910,0,46.59904232600342,46.59904232600342,100.0
7910,1,16.478433321803166,16.478433321803166,100.0
7910,2,36.922524352193406,36.922524352193406,100.0
7920,0,50.6270628611839,50.6270628611839,100.0
7920,1,34.6703732724606,34.6703732724606,100.0
7920,2,14.70256386635549,14.70256386635549,100.0
7930,0,12.206282473104958,12.206282473104958,100.0
7930,1,53.52500281476581,53.52500281476581,100.0
7930,2,34.26871471212923,34.26871471212923,100.0
7940,0,34.59506201979253,34.59506201979253,100.0
7940,1,37.680474956289025,37.680474956289025,100.0
7940,2,27.72446302391845,27.72446302391845,100.0
7950,0,37.203727933889894,37.203727933889894,100.0
7950,1,53.88745005211343,53.88745005211343,100.0
7950,2,8.908822013996671,8.908822013996671,100.0
7960,0,26.103572894946293,26.103572894946293,100.0
7960,1,36.40110240761978,36.40110240761978,100.0
7960,2,37.49532469743393,37.49532469743393,100.0
7970,0,69.15199215687002,69.15199215687002,100.0
7970,1,15.57145779301238,15.57145779301238,100.0
7970,2,15.276550050117596,15.276550050117596,100.0
7980,0,24.16615903128923,24.16615903128923,100.0
7980,1,52.680078767187,52.680078767187,100.0
7980,2,23.153762201523772,23.153762201523772,100.0
7990,0,40.763102492390345,40.763102492390345,100.0
7990,1,30.587188707611123,30.587188707611123,100.0
7990,2,28.649708799998535,28.649708799998535,100.0
8000,0,27.115126902107043,27.115126902107043,100.0
8000,1,30.707387975762213,30.707387975762213,100.0
8000,2,42.177485122130754,42.177485122130754,100.0
8010,0,26.304806168105465,26.304806168105465,100.0
8010,1,26.20712820402203,26.20712820402203,100.0
8010,2,47.488065627872494,47.488065627872494,100.0
8020,0,29.484481130592094,29.484481130592094,100.0
8020,1,31.77738154426113,31.77738154426113,100.0
8020,2,38.73813732514679,38.73813732514679,100.0
8030,0,43.77817701432928,43.77817701432928,100.0
8030,1,22.485167784727896,22.485167784727896,100.0
8030,2,33.73665520094283,33.73665520094283,100.0
8040,0,12.71842099605288,12.71842099605288,100.0
8040,1,57.71172313869955,57.71172313869955,100.0
8040,2,29.569855865247586,29.569855865247586,100.0
8050,0,46.02228497734567,46.02228497734567,100.0
8050,1,43.3582247468952,43.3582247468952,100.0
8050,2,10.61949027575914,10.61949027575914,100.0
8060,0,42.51132812372009,42.51132812372009,100.0
8060,1,24.007632241364202,24.007632241364202,100.0
8060,2,33.4810396349157,33.4810396349157,100.0
8070,0,32.48875709041016,32.48875709041016,100.0
8070,1,39.55008947125342,39.55008947125342,100.0
8070,2,27.96115343833642,27.96115343833642,100.0
8080,0,40.050283256806736,40.050283256806736,100.0
8080,1,8.072207398329857,8.072207398329857,100.0
8080,2,51.877509344863405,51.877509344863405,100.0
8090,0,14.66490745027901,14.66490745027901,100.0
8090,1,41.65368579532965,41.65368579532965,100.0
8090,2,43.68140675439135,43.68140675439135,100.0
8100,0,31.38642801890991,31.38642801890991,100.0
8100,1,17.584516687567213,17.584516687567213,100.0
8100,2,51.02905529352287,51.02905529352287,100.0
8110,0,10.169026538156361,10.169026538156361,100.0
8110,1,57.90912800218514,57.90912800218514,100.0
8110,2,31.921845459658506,31.921845459658506,100.0
8120,0,26.76779122744363,26.76779122744363,100.0
8120,1,39.91608147203201,39.91608147203201,100.0
8120,2,33.31612730052436,33.31612730052436,100.0
8130,0,61.30160655150998,61.30160655150998,100.0
8130,1,25.164914977828996,25.164914977828996,100.0
8130,2,13.53347847066103,13.53347847066103,100.0
8140,0,29.7851219400295,29.7851219400295,100.0
8140,1,33.30218941316797,33.30218941316797,100.0
8140,2,36.91268864680252,36.91268864680252,100.0
8150,0,40.940304497406856,40.940304497406856,100.0
8150,1,20.801913886047245,20.801913886047245,100.0
8150,2,38.2577816165459,38.2577816165459,100.0
8160,0,35.148576229903476,35.148576229903476,100.0
8160,1,17.193623959506926,17.193623959506926,100.0
8160,2,47.65779981058959,47.65779981058959,100.0
8170,0,46.55204973874855,46.55204973874855,100.0
8170,1,28.739173236317146,28.739173236317146,100.0
8170,2,24.70877702493431,24.70877702493431,100.0
8180,0,21.779033120129444,21.779033120129444,100.0
8180,1,42.797855157953606,42.797855157953606,100.0
8180,2,35.423111721916946,35.423111721916946,100.0
8190,0,31.671135293667653,31.671135293667653,100.0
8190,1,42.05474584635393,42.05474584635393,100.0
8190,2,26.27411885997843,26.27411885997843,100.0
8200,0,17.747379019525695,17.747379019525695,100.0
8200,1,70.55016575007149,70.55016575007149,100.0
8200,2,11.702455230402828,11.702455230402828,100.0
8210,0,67.46037515612478,67.46037515612478,100.0
8210,1,15.934944168568748,15.934944168568748,100.0
8210,2,16.60468067530646,16.60468067530646,100.0
8220,0,28.85819453296787,28.85819453296787,100.0
8220,1,44.074459413998845,44.074459413998845,100.0
8220,2,27.067346053033287,27.067346053033287,100.0
8230,0,44.564268861247164,44.564268861247164,100.0
8230,1,37.12586153258838,37.12586153258838,100.0
8230,2,18.309869606164458,18.309869606164458,100.0
8240,0,35.00113208177144,35.00113208177144,100.0
8240,1,50.32800288370023,50.32800288370023,100.0
8240,2,14.670865034528319,14.670865034528319,100.0
8250,0,15.984660598399678,15.984660598399678,100.0
8250,1,39.92200235439672,39.92200235439672,100.0
8250,2,44.09333704720361,44.09333704720361,100.0
8260,0,16.530994091726637,16.530994091726637,100.0
8260,1,27.047744814542483,27.047744814542483,100.0
8260,2,56.42126109373088,56.42126109373088,100.0
8270,0,39.84545805014862,39.84545805014862,100.0
8270,1,51.05704509325455,51.05704509325455,100.0
8270,2,9.097496856596823,9.097496856596823,100.0
8280,0,38.92058956598546,38.92058956598546,100.0
8280,1,16.91669775533372,16.91669775533372,100.0
8280,2,44.16271267868083,44.16271267868083,100.0
8290,0,62.07452306226501,62.07452306226501,100.0
8290,1,23.91102570118018,23.91102570118018,100.0
8290,2,14.014451236554818,14.014451236554818,100.0
8300,0,46.0142018389968,46.0142018389968,100.0
8300,1,20.339726850961153,20.339726850961153,100.0
8300,2,33.646071310042046,33.646071310042046,100.0
8310,0,40.377924336269764,40.377924336269764,100.0
8310,1,31.88939917584127,31.88939917584127,100.0
8310,2,27.73267648788897,27.73267648788897,100.0
8320,0,44.74813195900394,44.74813195900394,100.0
8320,1,17.249313864974685,17.249313864974685,100.0
8320,2,38.00255417602137,38.00255417602137,100.0
8330,0,29.133130128744135,29.133130128744135,100.0
8330,1,38.90446934758639,38.90446934758639,100.0
8330,2,31.96240052366947,31.96240052366947,100.0
8340,0,27.012686278755133,27.012686278755133,100.0
8340,1,52.75554391877271,52.75554391877271,100.0
8340,2,20.23176980247216,20.23176980247216,100.0
8350,0,32.35889323800977,32.35889323800977,100.0
8350,1,36.71862813852606,36.71862813852606,100.0
8350,2,30.922478623464162,30.922478623464162,100.0
8360,0,16.358902955688524,16.358902955688524,100.0
8360,1,67.91073162817155,67.91073162817155,100.0
8360,2,15.73036541613993,15.73036541613993,100.0
8370,0,52.43466770551638,52.43466770551638,100.0
8370,1,34.070859142734534,34.070859142734534,100.0
8370,2,13.494473151749087,13.494473151749087,100.0
8380,0,25.400003432576458,25.400003432576458,100.0
8380,1,52.021795284352834,52.021795284352834,100.0
8380,2,22.578201283070705,22.578201283070705,100.0
8390,0,30.893673641390208,30.893673641390208,100.0
8390,1,41.01442233033213,41.01442233033213,100.0
8390,2,28.091904028277664,28.091904028277664,100.0
8400,0,30.455288762674044,30.455288762674044,100.0
8400,1,45.830885042977584,45.830885042977584,100.0
8400,2,23.71382619434837,23.71382619434837,100.0
8410,0,56.801280091147,56.801280091147,100.0
8410,1,23.672019546718317,23.672019546718317,100.0
8410,2,19.52670036213469,19.52670036213469,100.0
8420,0,39.17282218022212,39.17282218022212,100.0
8420,1,10.29560764890913,10.29560764890913,100.0
8420,2,50.531570170868754,50.531570170868754,100.0
8430,0,37.2039876332107,37.2039876332107,100.0
8430,1,27.33138536470988,27.33138536470988,100.0
8430,2,35.46462700207943,35.46462700207943,100.0
8440,0,17.91644321468809,17.91644321468809,100.0
8440,1,42.80094678133642,42.80094678133642,100.0
8440,2,39.28261000397549,39.28261000397549,100.0
8450,0,17.5539982045362,17.5539982045362,100.0
8450,1,66.674047944714,66.674047944714,100.0
8450,2,15.771953850749806,15.771953850749806,100.0
8460,0,36.15470178383506,36.15470178383506,100.0
8460,1,19.30311529051652,19.30311529051652,100.0
8460,2,44.54218292564842,44.54218292564842,100.0
8470,0,48.09681739351165,48.09681739351165,100.0
8470,1,34.41939586685185,34.41939586685185,100.0
8470,2,17.483786739636507,17.483786739636507,100.0
8480,0,21.818517909825204,21.818517909825204,100.0
8480,1,20.677503647553326,20.677503647553326,100.0
8480,2,57.503978442621474,57.503978442621474,100.0
8490,0,53.060839783695236,53.060839783695236,100.0
8490,1,9.84324777126965,9.84324777126965,100.0
8490,2,37.095912445035125,37.095912445035125,100.0
8500,0,29.695083466228983,29.695083466228983,100.0
8500,1,29.831497291221247,29.831497291221247,100.0
8500,2,40.473419242549774,40.473419242549774,100.0
8510,0,36.87543125126304,36.87543125126304,100.0
8510,1,42.40376979062911,42.40376979062911,100.0
8510,2,20.720798958107856,20.720798958107856,100.0
8520,0,61.916502132463144,61.916502132463144,100.0
8520,1,20.125218984706983,20.125218984706983,100.0
8520,2,17.958278882829877,17.958278882829877,100.0
8530,0,42.060478088338016,42.060478088338016,100.0
8530,1,41.54715413967966,41.54715413967966,100.0
8530,2,16.392367771982315,16.392367771982315,100.0
8540,0,15.260177363726008,15.260177363726008,100.0
8540,1,16.73272731511508,16.73272731511508,100.0
8540,2,68.0070953211589,68.0070953211589,100.0
8550,0,42.20665989091974,42.20665989091974,100.0
8550,1,36.00268561792524,36.00268561792524,100.0
8550,2,21.790654491155024,21.790654491155024,100.0
8560,0,38.80509076472677,38.80509076472677,100.0
8560,1,14.913517597367154,14.913517597367154,100.0
8560,2,46.28139163790607,46.28139163790607,100.0
8570,0,17.2147086237953,17.2147086237953,100.0
8570,1,34.80604785333523,34.80604785333523,100.0
8570,2,47.97924352286946,47.97924352286946,100.0
8580,0,35.95078961459247,35.95078961459247,100.0
8580,1,32.44732308227711,32.44732308227711,100.0
8580,2,31.601887303130415,31.601887303130415,100.0
8590,0,50.821456138719626,50.821456138719626,100.0
8590,1,24.304011735597495,24.304011735597495,100.0
8590,2,24.87453212568288,24.87453212568288,100.0
8600,0,21.905928452123963,21.905928452123963,100.0
8600,1,16.183316964220317,16.183316964220317,100.0
8600,2,61.910754583655724,61.910754583655724,100.0
8610,0,22.95677381182413,22.95677381182413,100.0
8610,1,13.394058514241685,13.394058514241685,100.0
8610,2,63.649167673934194,63.649167673934194,100.0
8620,0,29.280396140112945,29.280396140112945,100.0
8620,1,41.033945878150945,41.033945878150945,100.0
8620,2,29.685657981736117,29.685657981736117,100.0
8630,0,51.96141522793327,51.96141522793327,100.0
8630,1,23.831921775747173,23.831921775747173,100.0
8630,2,24.20666299631955,24.20666299631955,100.0
8640,0,38.036354086265455,38.036354086265455,100.0
8640,1,37.87925182166468,37.87925182166468,100.0
8640,2,24.084394092069868,24.084394092069868,100.0
8650,0,32.49120840477862,32.49120840477862,100.0
8650,1,50.319888709330115,50.319888709330115,100.0
8650,2,17.188902885891277,17.188902885891277,100.0
8660,0,29.31979400605136,29.31979400605136,100.0
8660,1,35.39310295029607,35.39310295029607,100.0
8660,2,35.287103043652564,35.287103043652564,100.0
8670,0,56.876896900759924,56.876896900759924,100.0
8670,1,21.76407467385747,21.76407467385747,100.0
8670,2,21.35902842538261,21.35902842538261,100.0
8680,0,32.495900776622,32.495900776622,100.0
8680,1,47.07529615648601,47.07529615648601,100.0
8680,2,20.42880306689199,20.42880306689199,100.0
8690,0,16.26846761306634,16.26846761306634,100.0
8690,1,53.11489374339594,53.11489374339594,100.0
8690,2,30.616638643537712,30.616638643537712,100.0
8700,0,10.115024960970633,10.115024960970633,100.0
8700,1,49.97494231668777,49.97494231668777,100.0
8700,2,39.910032722341604,39.910032722341604,100.0
8710,0,67.77681637387535,67.77681637387535,100.0
8710,1,13.601410742752492,13.601410742752492,100.0
8710,2,18.621772883372152,18.621772883372152,100.0
8720,0,39.50360732756037,39.50360732756037,100.0
8720,1,15.670100442576329,15.670100442576329,100.0
8720,2,44.826292229863306,44.826292229863306,100.0
8730,0,40.393208697810756,40.393208697810756,100.0
8730,1,17.815103172544006,17.815103172544006,100.0
8730,2,41.79168812964524,41.79168812964524,100.0
8740,0,27.051367396430287,27.051367396430287,100.0
8740,1,62.212973221908506,62.212973221908506,100.0
8740,2,10.73565938166122,10.73565938166122,100.0
8750,0,33.716528575236154,33.716528575236154,100.0
8750,1,42.34092056453308,42.34092056453308,100.0
8750,2,23.942550860230767,23.942550860230767,100.0
8760,0,18.04530757150287,18.04530757150287,100.0
8760,1,20.188345715420496,20.188345715420496,100.0
8760,2,61.76634671307662,61.76634671307662,100.0
8770,0,39.4645791604144,39.4645791604144,100.0
8770,1,14.59084951344011,14.59084951344011,100.0
8770,2,45.94457132614549,45.94457132614549,100.0
8780,0,15.807161065384486,15.807161065384486,100.0
8780,1,68.83353222787859,68.83353222787859,100.0
8780,2,15.35930670673692,15.35930670673692,100.0
8790,0,22.355927298388554,22.355927298388554,100.0
8790,1,29.386359013965507,29.386359013965507,100.0
8790,2,48.25771368764594,48.25771368764594,100.0
8800,0,39.77858749590776,39.77858749590776,100.0
8800,1,31.36476426895204,31.36476426895204,100.0
8800,2,28.85664823514021,28.85664823514021,100.0
8810,0,11.115279455320689,11.115279455320689,100.0
8810,1,37.71151360370108,37.71151360370108,100.0
8810,2,51.17320694097823,51.17320694097823,100.0
8820,0,35.65018665525986,35.65018665525986,100.0
8820,1,49.09094409498669,49.09094409498669,100.0
8820,2,15.258869249753463,15.258869249753463,100.0
8830,0,26.73862183427498,26.73862183427498,100.0
8830,1,28.187106439216684,28.187106439216684,100.0
8830,2,45.07427172650835,45.07427172650835,100.0
8840,0,28.206582886064474,28.206582886064474,100.0
8840,1,55.93400192843504,55.93400192843504,100.0
8840,2,15.859415185500495,15.859415185500495,100.0
8850,0,37.248486508465334,37.248486508465334,100.0
8850,1,44.43261748851565,44.43261748851565,100.0
8850,2,18.318896003019024,18.318896003019024,100.0
8860,0,31.94675124051195,31.94675124051195,100.0
8860,1,38.60878374046525,38.60878374046525,100.0
8860,2,29.444465019022793,29.444465019022793,100.0
8870,0,28.2500210685021,28.2500210685021,100.0
8870,1,21.662472364724454,21.662472364724454,100.0
8870,2,50.08750656677344,50.08750656677344,100.0
8880,0,19.094726373033634,19.094726373033634,100.0
8880,1,41.804258343647994,41.804258343647994,100.0
8880,2,39.10101528331839,39.10101528331839,100.0
8890,0,19.373973669552466,19.373973669552466,100.0
8890,1,18.389221524112262,18.389221524112262,100.0
8890,2,62.23680480633528,62.23680480633528,100.0
8900,0,24.823735772952947,24.823735772952947,100.0
8900,1,45.834238428071636,45.834238428071636,100.0
8900,2,29.342025798975413,29.342025798975413,100.0
8910,0,23.025377836351737,23.025377836351737,100.0
8910,1,33.0128115469222,33.0128115469222,100.0
8910,2,43.96181061672607,43.96181061672607,100.0
8920,0,49.922657460932406,49.922657460932406,100.0
8920,1,35.04913779195639,35.04913779195639,100.0
8920,2,15.028204747111197,15.028204747111197,100.0
8930,0,30.852390401267492,30.852390401267492,100.0
8930,1,43.77992824976158,43.77992824976158,100.0
8930,2,25.367681348970923,25.367681348970923,100.0
8940,0,15.046871961135885,15.046871961135885,100.0
8940,1,36.15037162377096,36.15037162377096,100.0
8940,2,48.80275641509316,48.80275641509316,100.0
8950,0,11.668546139921196,11.668546139921196,100.0
8950,1,14.514803602418139,14.514803602418139,100.0
8950,2,73.81665025766068,73.81665025766068,100.0
8960,0,25.966288785613223,25.966288785613223,100.0
8960,1,26.527876040166333,26.527876040166333,100.0
8960,2,47.50583517422045,47.50583517422045,100.0
8970,0,52.251570209973885,52.251570209973885,100.0
8970,1,22.60717611572396,22.60717611572396,100.0
8970,2,25.141253674302167,25.141253674302167,100.0
8980,0,36.856362635199,36.856362635199,100.0
8980,1,16.229122114403367,16.229122114403367,100.0
8980,2,46.914515250397635,46.914515250397635,100.0
8990,0,25.706615415436634,25.706615415436634,100.0
8990,1,16.01532111769435,16.01532111769435,100.0
8990,2,58.27806346686902,58.27806346686902,100.0
9000,0,11.276157362964797,11.276157362964797,100.0
9000,1,22.478349157785452,22.478349157785452,100.0
9000,2,66.24549347924975,66.24549347924975,100.0
9010,0,23.337024892211147,23.337024892211147,100.0
9010,1,55.11459379253394,55.11459379253394,100.0
9010,2,21.54838131525493,21.54838131525493,100.0
9020,0,13.816953416075158,13.816953416075158,100.0
9020,1,67.07665498057584,67.07665498057584,100.0
9020,2,19.106391603349003,19.106391603349003,100.0
9030,0,50.880290354204895,50.880290354204895,100.0
9030,1,31.22315156940858,31.22315156940858,100.0
9030,2,17.89655807638653,17.89655807638653,100.0
9040,0,23.631727212177307,23.631727212177307,100.0
9040,1,59.863752133513856,59.863752133513856,100.0
9040,2,16.504520654308845,16.504520654308845,100.0
9050,0,17.07511149390644,17.07511149390644,100.0
9050,1,63.601247108477764,63.601247108477764,100.0
9050,2,19.3236413976158,19.3236413976158,100.0
9060,0,39.246255948029464,39.246255948029464,100.0
9060,1,31.48011908626974,31.48011908626974,100.0
9060,2,29.2736249657008,29.2736249657008,100.0
9070,0,21.353097690622562,21.353097690622562,100.0
9070,1,12.252069023113735,12.252069023113735,100.0
9070,2,66.3948332862637,66.3948332862637,100.0
9080,0,14.75280189558131,14.75280189558131,100.0
9080,1,72.1420263953647,72.1420263953647,100.0
9080,2,13.105171709053984,13.105171709053984,100.0
9090,0,52.38824164201229,52.38824164201229,100.0
9090,1,22.27428307037569,22.27428307037569,100.0
9090,2,25.337475287612026,25.337475287612026,100.0
9100,0,15.105717659978554,15.105717659978554,100.0
9100,1,38.05987400834381,38.05987400834381,100.0
9100,2,46.83440833167763,46.83440833167763,100.0
9110,0,50.77042036154461,50.77042036154461,100.0
9110,1,33.5993431796833,33.5993431796833,100.0
9110,2,15.630236458772082,15.630236458772082,100.0
9120,0,58.00965063519082,58.00965063519082,100.0
9120,1,13.067455048704474,13.067455048704474,100.0
9120,2,28.922894316104713,28.922894316104713,100.0
9130,0,13.547833022179168,13.547833022179168,100.0
9130,1,24.419162139053967,24.419162139053967,100.0
9130,2,62.03300483876687,62.03300483876687,100.0
9140,0,12.033698951047263,12.033698951047263,100.0
9140,1,71.42998315898512,71.42998315898512,100.0
9140,2,16.536317889967613,16.536317889967613,100.0
9150,0,20.354823412833003,20.354823412833003,100.0
9150,1,36.88440634411666,36.88440634411666,100.0
9150,2,42.760770243050324,42.760770243050324,100.0
9160,0,12.657497853069277,12.657497853069277,100.0
9160,1,35.78166271275451,35.78166271275451,100.0
9160,2,51.560839434176216,51.560839434176216,100.0
9170,0,40.519089100693165,40.519089100693165,100.0
9170,1,32.61235696879456,32.61235696879456,100.0
9170,2,26.86855393051229,26.86855393051229,100.0
9180,0,45.9646958198785,45.9646958198785,100.0
9180,1,40.9695588497359,40.9695588497359,100.0
9180,2,13.065745330385603,13.065745330385603,100.0
9190,0,41.142662238129006,41.142662238129006,100.0
9190,1,21.424899521364402,21.424899521364402,100.0
9190,2,37.432438240506585,37.432438240506585,100.0
9200,0,42.92641034086385,42.92641034086385,100.0
9200,1,9.15416758556417,9.15416758556417,100.0
9200,2,47.91942207357199,47.91942207357199,100.0
9210,0,13.651758920677853,13.651758920677853,100.0
9210,1,14.06590666639486,14.06590666639486,100.0
9210,2,72.28233441292728,72.28233441292728,100.0
9220,0,16.67187426896579,16.67187426896579,100.0
9220,1,24.467007183834795,24.467007183834795,100.0
9220,2,58.86111854719942,58.86111854719942,100.0
9230,0,33.658997853541514,33.658997853541514,100.0
9230,1,44.50654290284601,44.50654290284601,100.0
9230,2,21.83445924361247,21.83445924361247,100.0
9240,0,7.9011138341819915,7.9011138341819915,100.0
9240,1,54.912307171992204,54.912307171992204,100.0
9240,2,37.1865789938258,37.1865789938258,100.0
9250,0,17.974279057504393,17.974279057504393,100.0
9250,1,21.561660743448176,21.561660743448176,100.0
9250,2,60.46406019904743,60.46406019904743,100.0
9260,0,12.365413563705472,12.365413563705472,100.0
9260,1,74.40687165669337,74.40687165669337,100.0
9260,2,13.227714779601166,13.227714779601166,100.0
9270,0,40.68625329747564,40.68625329747564,100.0
9270,1,37.14862361988341,37.14862361988341,100.0
9270,2,22.16512308264096,22.16512308264096,100.0
9280,0,66.94342431636795,66.94342431636795,100.0
9280,1,18.071346270248572,18.071346270248572,100.0
9280,2,14.985229413383488,14.985229413383488,100.0
9290,0,43.424407419080815,43.424407419080815,100.0
9290,1,35.85762258815729,35.85762258815729,100.0
9290,2,20.7179699927619,20.7179699927619,100.0
9300,0,12.323409360787391,12.323409360787391,100.0
9300,1,63.829113216988176,63.829113216988176,100.0
9300,2,23.847477422224443,23.847477422224443,100.0
9310,0,30.707549167479577,30.707549167479577,100.0
9310,1,52.793971127594745,52.793971127594745,100.0
9310,2,16.498479704925682,16.498479704925682,100.0
9320,0,39.24934276929443,39.24934276929443,100.0
9320,1,37.83394571715192,37.83394571715192,100.0
9320,2,22.916711513553647,22.916711513553647,100.0
9330,0,26.853754060784933,26.853754060784933,100.0
9330,1,51.94941492530044,51.94941492530044,100.0
9330,2,21.196831013914615,21.196831013914615,100.0
9340,0,12.373278866460744,12.373278866460744,100.0
9340,1,36.93253866012489,36.93253866012489,100.0
9340,2,50.69418247341437,50.69418247341437,100.0
9350,0,61.628182738261295,61.628182738261295,100.0
9350,1,12.92163445304165,12.92163445304165,100.0
9350,2,25.450182808697058,25.450182808697058,100.0
9360,0,28.149283672311082,28.149283672311082,100.0
9360,1,36.18938329901152,36.18938329901152,100.0
9360,2,35.661333028677404,35.661333028677404,100.0
9370,0,35.97942233550354,35.97942233550354,100.0
9370,1,46.088571567322745,46.088571567322745,100.0
9370,2,17.93200609717371,17.93200609717371,100.0
9380,0,59.6745818924249,59.6745818924249,100.0
9380,1,19.964522055839765,19.964522055839765,100.0
9380,2,20.360896051735345,20.360896051735345,100.0
9390,0,52.18315639812114,52.18315639812114,100.0
9390,1,37.64121008800242,37.64121008800242,100.0
9390,2,10.175633513876441,10.175633513876441,100.0
9400,0,16.700567571668028,16.700567571668028,100.0
9400,1,20.862304613246295,20.862304613246295,100.0
9400,2,62.43712781508568,62.43712781508568,100.0
9410,0,18.46706060646105,18.46706060646105,100.0
9410,1,37.901851343215135,37.901851343215135,100.0
9410,2,43.63108805032381,43.63108805032381,100.0
9420,0,73.74065491164224,73.74065491164224,100.0
9420,1,12.760005746051398,12.760005746051398,100.0
9420,2,13.499339342306369,13.499339342306369,100.0
9430,0,43.34835899444364,43.34835899444364,100.0
9430,1,22.939708048842398,22.939708048842398,100.0
9430,2,33.71193295671397,33.71193295671397,100.0
9440,0,54.20369223509894,54.20369223509894,100.0
9440,1,34.7044611801894,34.7044611801894,100.0
9440,2,11.091846584711652,11.091846584711652,100.0
9450,0,17.223280850115017,17.223280850115017,100.0
9450,1,41.605340552238495,41.605340552238495,100.0
9450,2,41.17137859764648,41.17137859764648,100.0
9460,0,37.67451552389746,37.67451552389746,100.0
9460,1,42.73678849399173,42.73678849399173,100.0
9460,2,19.588695982110814,19.588695982110814,100.0
9470,0,47.39345379151537,47.39345379151537,100.0
9470,1,25.914529240756057,25.914529240756057,100.0
9470,2,26.692016967728566,26.692016967728566,100.0
9480,0,13.777793787672895,13.777793787672895,100.0
9480,1,17.035970820185646,17.035970820185646,100.0
9480,2,69.18623539214146,69.18623539214146,100.0
9490,0,14.775511086492923,14.775511086492923,100.0
9490,1,68.96147595637663,68.96147595637663,100.0
9490,2,16.263012957130464,16.263012957130464,100.0
9500,0,28.774347381284855,28.774347381284855,100.0
9500,1,18.165687503562793,18.165687503562793,100.0
9500,2,53.05996511515235,53.05996511515235,100.0
9510,0,28.75376215000731,28.75376215000731,100.0
9510,1,38.809919965583575,38.809919965583575,100.0
9510,2,32.436317884409114,32.436317884409114,100.0
9520,0,43.21181278855447,43.21181278855447,100.0
9520,1,12.886054663396553,12.886054663396553,100.0
9520,2,43.902132548048975,43.902132548048975,100.0
9530,0,14.192029685243899,14.192029685243899,100.0
9530,1,28.77759705300989,28.77759705300989,100.0
9530,2,57.03037326174621,57.03037326174621,100.0
9540,0,24.697708438840216,24.697708438840216,100.0
9540,1,34.762527196792895,34.762527196792895,100.0
9540,2,40.53976436436688,40.53976436436688,100.0
9550,0,15.887444267829565,15.887444267829565,100.0
9550,1,30.01505349610532,30.01505349610532,100.0
9550,2,54.09750223606512,54.09750223606512,100.0
9560,0,31.348158163433908,31.348158163433908,100.0
9560,1,28.62253704036079,28.62253704036079,100.0
9560,2,40.02930479620531,40.02930479620531,100.0
9570,0,14.448347731460377,14.448347731460377,100.0
9570,1,66.71082589249788,66.71082589249788,100.0
9570,2,18.84082637604175,18.84082637604175,100.0
9580,0,38.72234712219548,38.72234712219548,100.0
9580,1,40.746710984356454,40.746710984356454,100.0
9580,2,20.530941893448073,20.530941893448073,100.0
9590,0,8.956856582834003,8.956856582834003,100.0
9590,1,46.11220028066257,46.11220028066257,100.0
9590,2,44.93094313650343,44.93094313650343,100.0
9600,0,27.417069048799725,27.417069048799725,100.0
9600,1,39.77726609923929,39.77726609923929,100.0
9600,2,32.80566485196099,32.80566485196099,100.0
9610,0,28.255442377004382,28.255442377004382,100.0
9610,1,25.856128394626214,25.856128394626214,100.0
9610,2,45.8884292283694,45.8884292283694,100.0
9620,0,42.93834875549874,42.93834875549874,100.0
9620,1,39.58871780469476,39.58871780469476,100.0
9620,2,17.47293343980651,17.47293343980651,100.0
9630,0,40.635909859767985,40.635909859767985,100.0
9630,1,7.7873779095872955,7.7873779095872955,100.0
9630,2,51.576712230644716,51.576712230644716,100.0
9640,0,26.227949691656942,26.227949691656942,100.0
9640,1,32.95848119285522,32.95848119285522,100.0
9640,2,40.813569115487844,40.813569115487844,100.0
9650,0,17.24488776036551,17.24488776036551,100.0
9650,1,62.85086820578357,62.85086820578357,100.0
9650,2,19.904244033850933,19.904244033850933,100.0
9660,0,36.74446447776835,36.74446447776835,100.0
9660,1,14.521977425881815,14.521977425881815,100.0
9660,2,48.73355809634983,48.73355809634983,100.0
9670,0,17.5173605865493,17.5173605865493,100.0
9670,1,51.14084376022993,51.14084376022993,100.0
9670,2,31.341795653220778,31.341795653220778,100.0
9680,0,36.088706740730494,36.088706740730494,100.0
9680,1,44.73595830716363,44.73595830716363,100.0
9680,2,19.17533495210588,19.17533495210588,100.0
9690,0,49.35118434696613,49.35118434696613,100.0
9690,1,32.67604103296648,32.67604103296648,100.0
9690,2,17.972774620067398,17.972774620067398,100.0
9700,0,29.0992357302689,29.0992357302689,100.0
9700,1,17.815623552022934,17.815623552022934,100.0
9700,2,53.08514071770817,53.08514071770817,100.0
9710,0,33.97001364768954,33.97001364768954,100.0
9710,1,33.427222894485894,33.427222894485894,100.0
9710,2,32.602763457824565,32.602763457824565,100.0
9720,0,43.72734739260753,43.72734739260753,100.0
9720,1,20.585871671675648,20.585871671675648,100.0
9720,2,35.68678093571683,35.68678093571683,100.0
9730,0,20.071149537928758,20.071149537928758,100.0
9730,1,28.3054516004967,28.3054516004967,100.0
9730,2,51.62339886157454,51.62339886157454,100.0
9740,0,43.92634981760255,43.92634981760255,100.0
9740,1,26.223929749707736,26.223929749707736,100.0
9740,2,29.84972043268972,29.84972043268972,100.0
9750,0,25.50758663953111,25.50758663953111,100.0
9750,1,54.79738740663822,54.79738740663822,100.0
9750,2,19.69502595383067,19.69502595383067,100.0
9760,0,17.15669779892414,17.15669779892414,100.0
9760,1,52.68502916039449,52.68502916039449,100.0
9760,2,30.158273040681372,30.158273040681372,100.0
9770,0,28.53984354878935,28.53984354878935,100.0
9770,1,37.78861150406674,37.78861150406674,100.0
9770,2,33.6715449471439,33.6715449471439,100.0
9780,0,18.910897266885694,18.910897266885694,100.0
9780,1,50.144130206901906,50.144130206901906,100.0
9780,2,30.94497252621241,30.94497252621241,100.0
9790,0,31.539828301968086,31.539828301968086,100.0
9790,1,39.36247522483706,39.36247522483706,100.0
9790,2,29.09769647319485,29.09769647319485,100.0
9800,0,15.451401966503134,15.451401966503134,100.0
9800,1,60.70864075906018,60.70864075906018,100.0
9800,2,23.839957274436678,23.839957274436678,100.0
9810,0,25.316562315048714,25.316562315048714,100.0
9810,1,34.78951002127288,34.78951002127288,100.0
9810,2,39.893927663678404,39.893927663678404,100.0
9820,0,22.176735909383417,22.176735909383417,100.0
9820,1,28.157133275761982,28.157133275761982,100.0
9820,2,49.666130814854604,49.666130814854604,100.0
9830,0,24.108657089698006,24.108657089698006,100.0
9830,1,27.49578652272176,27.49578652272176,100.0
9830,2,48.39555638758022,48.39555638758022,100.0
9840,0,42.22431918597356,42.22431918597356,100.0
9840,1,35.941391303241794,35.941391303241794,100.0
9840,2,21.834289510784647,21.834289510784647,100.0
9850,0,53.10588351408933,53.10588351408933,100.0
9850,1,34.0464006432223,34.0464006432223,100.0
9850,2,12.847715842688382,12.847715842688382,100.0
9860,0,13.836394055307967,13.836394055307967,100.0
9860,1,45.90902535027052,45.90902535027052,100.0
9860,2,40.254580594421526,40.254580594421526,100.0
9870,0,26.361312227840333,26.361312227840333,100.0
9870,1,40.11086423641767,40.11086423641767,100.0
9870,2,33.52782353574199,33.52782353574199,100.0
9880,0,20.128733064954403,20.128733064954403,100.0
9880,1,37.52470189660143,37.52470189660143,100.0
9880,2,42.346565038444155,42.346565038444155,100.0
9890,0,40.64203212410261,40.64203212410261,100.0
9890,1,26.30252251597536,26.30252251597536,100.0
9890,2,33.05544535992204,33.05544535992204,100.0
9900,0,17.431982542145512,17.431982542145512,100.0
9900,1,29.027914019585015,29.027914019585015,100.0
9900,2,53.54010343826948,53.54010343826948,100.0
9910,0,14.615120518592725,14.615120518592725,100.0
9910,1,55.37920782116302,55.37920782116302,100.0
9910,2,30.005671660244253,30.005671660244253,100.0
9920,0,32.84063901406905,32.84063901406905,100.0
9920,1,31.454912776995286,31.454912776995286,100.0
9920,2,35.704448208935666,35.704448208935666,100.0
9930,0,23.8555149771964,23.8555149771964,100.0
9930,1,26.099204467781444,26.099204467781444,100.0
9930,2,50.04528055502215,50.04528055502215,100.0
9940,0,15.613331559802152,15.613331559802152,100.0
9940,1,51.10419515637166,51.10419515637166,100.0
9940,2,33.282473283826185,33.282473283826185,100.0
9950,0,10.371923265795214,10.371923265795214,100.0
9950,1,43.64393900845341,43.64393900845341,100.0
9950,2,45.98413772575138,45.98413772575138,100.0
9960,0,55.61085514617741,55.61085514617741,100.0
9960,1,22.659499605411273,22.659499605411273,100.0
9960,2,21.729645248411323,21.729645248411323,100.0
9970,0,26.2861582179469,26.2861582179469,100.0
9970,1,49.635819569431696,49.635819569431696,100.0
9970,2,24.078022212621413,24.078022212621413,100.0
9980,0,38.9556112594982,38.9556112594982,100.0
9980,1,43.8401363975093,43.8401363975093,100.0
9980,2,17.20425234299251,17.20425234299251,100.0
9990,0,33.81368413347635,33.81368413347635,100.0
9990,1,34.38292458219044,34.38292458219044,100.0
9990,2,31.803391284333205,31.803391284333205,100.0
