timestamp,sliceId,dedicatedPRB,minPRB,maxPRB
510,0,11.749621464164077,11.749621464164077,100.0
510,1,11.662996150016655,11.662996150016655,100.0
510,2,76.58738238581927,76.58738238581927,100.0
520,0,51.718558683185364,51.718558683185364,100.0
520,1,27.60081797851403,27.60081797851403,100.0
520,2,20.680623338300606,20.680623338300606,100.0
530,0,29.360194233911585,29.360194233911585,100.0
530,1,9.854364661632763,9.854364661632763,100.0
530,2,60.78544110445565,60.78544110445565,100.0
540,0,34.20634308515617,34.20634308515617,100.0
540,1,38.3954028938969,38.3954028938969,100.0
540,2,27.398254020946926,27.398254020946926,100.0
550,0,31.77210495103806,31.77210495103806,100.0
550,1,23.26489497381834,23.26489497381834,100.0
550,2,44.963000075143604,44.963000075143604,100.0
560,0,38.346513169912946,38.346513169912946,100.0
560,1,37.638657694504126,37.638657694504126,100.0
560,2,24.014829135582932,24.014829135582932,100.0
570,0,10.871418666270024,10.871418666270024,100.0
570,1,10.932697849482082,10.932697849482082,100.0
570,2,78.19588348424789,78.19588348424789,100.0
580,0,46.02871257079855,46.02871257079855,100.0
580,1,39.38165229571818,39.38165229571818,100.0
580,2,14.589635133483272,14.589635133483272,100.0
590,0,48.69465073499775,48.69465073499775,100.0
590,1,28.0827400177349,28.0827400177349,100.0
590,2,23.22260924726735,23.22260924726735,100.0
600,0,12.715099578102976,12.715099578102976,100.0
600,1,11.303275089219268,11.303275089219268,100.0
600,2,75.98162533267777,75.98162533267777,100.0
610,0,48.84637893481285,48.84637893481285,100.0
610,1,10.149332461041958,10.149332461041958,100.0
610,2,41.004288604145195,41.004288604145195,100.0
620,0,54.294867476898986,54.294867476898986,100.0
620,1,16.283629237824734,16.283629237824734,100.0
620,2,29.421503285276284,29.421503285276284,100.0
630,0,11.515927501969898,11.515927501969898,100.0
630,1,13.977775223321775,13.977775223321775,100.0
630,2,74.50629727470832,74.50629727470832,100.0
640,0,41.39915157134272,41.39915157134272,100.0
640,1,24.400400676682573,24.400400676682573,100.0
640,2,34.20044775197469,34.20044775197469,100.0
650,0,56.46898171377234,56.46898171377234,100.0
650,1,25.860836225026635,25.860836225026635,100.0
650,2,17.67018206120104,17.67018206120104,100.0
660,0,36.40391072186575,36.40391072186575,100.0
660,1,31.883615125111792,31.883615125111792,100.0
660,2,31.71247415302247,31.71247415302247,100.0
670,0,33.0510259277271,33.0510259277271,100.0
670,1,15.965138849380908,15.965138849380908,100.0
670,2,50.98383522289199,50.98383522289199,100.0
680,0,41.49463236483676,41.49463236483676,100.0
680,1,17.204379521445055,17.204379521445055,100.0
680,2,41.30098811371818,41.30098811371818,100.0
690,0,11.409782139723806,11.409782139723806,100.0
690,1,11.272710418251227,11.272710418251227,100.0
690,2,77.31750744202498,77.31750744202498,100.0
700,0,34.23062166741582,34.23062166741582,100.0
700,1,23.300154289988427,23.300154289988427,100.0
700,2,42.46922404259577,42.46922404259577,100.0
710,0,17.176563928154483,17.176563928154483,100.0
710,1,17.51366367499539,17.51366367499539,100.0
710,2,65.30977239685014,65.30977239685014,100.0
720,0,21.20142341814592,21.20142341814592,100.0
720,1,27.33184212086902,27.33184212086902,100.0
720,2,51.466734460985066,51.466734460985066,100.0
730,0,25.87670189392523,25.87670189392523,100.0
730,1,11.506042392735372,11.506042392735372,100.0
730,2,62.617255713339404,62.617255713339404,100.0
740,0,66.26015582865507,66.26015582865507,100.0
740,1,14.6251668666317,14.6251668666317,100.0
740,2,19.114677304713222,19.114677304713222,100.0
750,0,10.993452195568604,10.993452195568604,100.0
750,1,13.785604226815737,13.785604226815737,100.0
750,2,75.22094357761566,75.22094357761566,100.0
760,0,54.27236650099667,54.27236650099667,100.0
760,1,16.631827768411206,16.631827768411206,100.0
760,2,29.095805730592122,29.095805730592122,100.0
770,0,23.983662855229507,23.983662855229507,100.0
770,1,13.497239610802374,13.497239610802374,100.0
770,2,62.51909753396813,62.51909753396813,100.0
780,0,46.552556025085465,46.552556025085465,100.0
780,1,34.17021134310429,34.17021134310429,100.0
780,2,19.27723263181025,19.27723263181025,100.0
790,0,36.323091128575484,36.323091128575484,100.0
790,1,39.02698782007544,39.02698782007544,100.0
790,2,24.649921051349068,24.649921051349068,100.0
800,0,26.416537843671634,26.416537843671634,100.0
800,1,55.85365789637245,55.85365789637245,100.0
800,2,17.729804259955912,17.729804259955912,100.0
810,0,11.949343942486601,11.949343942486601,100.0
810,1,11.512117407737572,11.512117407737572,100.0
810,2,76.53853864977582,76.53853864977582,100.0
820,0,24.030565606839954,24.030565606839954,100.0
820,1,43.02427998003166,43.02427998003166,100.0
820,2,32.94515441312839,32.94515441312839,100.0
830,0,46.5496537760153,46.5496537760153,100.0
830,1,43.82917981143349,43.82917981143349,100.0
830,2,9.621166412551203,9.621166412551203,100.0
840,0,54.50339831473826,54.50339831473826,100.0
840,1,13.300377118802789,13.300377118802789,100.0
840,2,32.19622456645895,32.19622456645895,100.0
850,0,44.41974123120227,44.41974123120227,100.0
850,1,13.722296600094582,13.722296600094582,100.0
850,2,41.857962168703125,41.857962168703125,100.0
860,0,23.043409604108454,23.043409604108454,100.0
860,1,18.736462018414084,18.736462018414084,100.0
860,2,58.22012837747745,58.22012837747745,100.0
870,0,11.771433245494839,11.771433245494839,100.0
870,1,11.57956434259027,11.57956434259027,100.0
870,2,76.64900241191489,76.64900241191489,100.0
880,0,30.865032287303855,30.865032287303855,100.0
880,1,31.48711191330517,31.48711191330517,100.0
880,2,37.647855799390975,37.647855799390975,100.0
890,0,37.70179870783081,37.70179870783081,100.0
890,1,32.54141029565038,32.54141029565038,100.0
890,2,29.756790996518806,29.756790996518806,100.0
900,0,57.37604696349965,57.37604696349965,100.0
900,1,12.16375779943952,12.16375779943952,100.0
900,2,30.460195237060827,30.460195237060827,100.0
910,0,43.986668503418024,43.986668503418024,100.0
910,1,23.58750523410132,23.58750523410132,100.0
910,2,32.425826262480655,32.425826262480655,100.0
920,0,26.063565825251896,26.063565825251896,100.0
920,1,55.77482000017297,55.77482000017297,100.0
920,2,18.16161417457514,18.16161417457514,100.0
930,0,10.61747520965622,10.61747520965622,100.0
930,1,12.623525824439874,12.623525824439874,100.0
930,2,76.7589989659039,76.7589989659039,100.0
940,0,15.888736520082066,15.888736520082066,100.0
940,1,71.75184097586558,71.75184097586558,100.0
940,2,12.359422504052368,12.359422504052368,100.0
950,0,63.45979139721106,63.45979139721106,100.0
950,1,11.49524500736395,11.49524500736395,100.0
950,2,25.044963595424992,25.044963595424992,100.0
960,0,32.071947633884044,32.071947633884044,100.0
960,1,12.047256357558858,12.047256357558858,100.0
960,2,55.8807960085571,55.8807960085571,100.0
970,0,51.23403468805861,51.23403468805861,100.0
970,1,26.398649894800563,26.398649894800563,100.0
970,2,22.367315417140844,22.367315417140844,100.0
980,0,9.575967204863307,9.575967204863307,100.0
980,1,35.845174019355,35.845174019355,100.0
980,2,54.57885877578169,54.57885877578169,100.0
990,0,13.838140509737423,13.838140509737423,100.0
990,1,12.238239940697188,12.238239940697188,100.0
990,2,73.9236195495654,73.9236195495654,100.0
1000,0,48.54162294011067,48.54162294011067,100.0
1000,1,42.55257758624434,42.55257758624434,100.0
1000,2,8.905799473644988,8.905799473644988,100.0
1010,0,25.104682128416993,25.104682128416993,100.0
1010,1,23.34185251388809,23.34185251388809,100.0
1010,2,51.55346535769492,51.55346535769492,100.0
1020,0,26.65307312612155,26.65307312612155,100.0
1020,1,18.70987828439957,18.70987828439957,100.0
1020,2,54.63704858947887,54.63704858947887,100.0
1030,0,59.801572751286024,59.801572751286024,100.0
1030,1,14.313663667350932,14.313663667350932,100.0
1030,2,25.88476358136304,25.88476358136304,100.0
1040,0,53.149217342079055,53.149217342079055,100.0
1040,1,27.923742259280175,27.923742259280175,100.0
1040,2,18.92704039864077,18.92704039864077,100.0
1050,0,15.161227533087974,15.161227533087974,100.0
1050,1,18.817280853121822,18.817280853121822,100.0
1050,2,66.0214916137902,66.0214916137902,100.0
1060,0,18.145258874050445,18.145258874050445,100.0
1060,1,33.034775169960376,33.034775169960376,100.0
1060,2,48.81996595598918,48.81996595598918,100.0
1070,0,58.4691661221341,58.4691661221341,100.0
1070,1,15.973622834613538,15.973622834613538,100.0
1070,2,25.55721104325237,25.55721104325237,100.0
1080,0,41.329592549961085,41.329592549961085,100.0
1080,1,42.65875785138054,42.65875785138054,100.0
1080,2,16.01164959865838,16.01164959865838,100.0
1090,0,26.768015433320148,26.768015433320148,100.0
1090,1,45.94858113207079,45.94858113207079,100.0
1090,2,27.283403434609067,27.283403434609067,100.0
1100,0,53.82495854572611,53.82495854572611,100.0
1100,1,32.56676696491842,32.56676696491842,100.0
1100,2,13.608274489355468,13.608274489355468,100.0
1110,0,13.440968962141111,13.440968962141111,100.0
1110,1,10.957347578275952,10.957347578275952,100.0
1110,2,75.60168345958294,75.60168345958294,100.0
1120,0,66.79792836958059,66.79792836958059,100.0
1120,1,10.831757627547686,10.831757627547686,100.0
1120,2,22.370314002871734,22.370314002871734,100.0
1130,0,50.629503979512336,50.629503979512336,100.0
1130,1,19.425210593852665,19.425210593852665,100.0
1130,2,29.94528542663501,29.94528542663501,100.0
1140,0,30.827205166734785,30.827205166734785,100.0
1140,1,51.14842173174814,51.14842173174814,100.0
1140,2,18.024373101517092,18.024373101517092,100.0
1150,0,12.089544330709593,12.089544330709593,100.0
1150,1,34.13674093195055,34.13674093195055,100.0
1150,2,53.77371473733985,53.77371473733985,100.0
1160,0,37.2136815211023,37.2136815211023,100.0
1160,1,27.435793372143664,27.435793372143664,100.0
1160,2,35.35052510675404,35.35052510675404,100.0
1170,0,10.891222057670864,10.891222057670864,100.0
1170,1,11.458279741164166,11.458279741164166,100.0
1170,2,77.65049820116498,77.65049820116498,100.0
1180,0,64.00249481763767,64.00249481763767,100.0
1180,1,16.679200775625937,16.679200775625937,100.0
1180,2,19.3183044067364,19.3183044067364,100.0
1190,0,27.58858784930277,27.58858784930277,100.0
1190,1,12.246116674464115,12.246116674464115,100.0
1190,2,60.16529547623312,60.16529547623312,100.0
1200,0,51.021048780234544,51.021048780234544,100.0
1200,1,13.025472422169262,13.025472422169262,100.0
1200,2,35.9534787975962,35.9534787975962,100.0
1210,0,68.78839264702896,68.78839264702896,100.0
1210,1,17.045114367312426,17.045114367312426,100.0
1210,2,14.166492985658625,14.166492985658625,100.0
1220,0,49.86934904083517,49.86934904083517,100.0
1220,1,20.56777198938847,20.56777198938847,100.0
1220,2,29.562878969776364,29.562878969776364,100.0
1230,0,12.865680782557485,12.865680782557485,100.0
1230,1,12.00515073357338,12.00515073357338,100.0
1230,2,75.12916848386914,75.12916848386914,100.0
1240,0,40.431570763153964,40.431570763153964,100.0
1240,1,40.988577644448284,40.988577644448284,100.0
1240,2,18.579851592397752,18.579851592397752,100.0
1250,0,34.68130895225387,34.68130895225387,100.0
1250,1,34.54189335559102,34.54189335559102,100.0
1250,2,30.776797692155107,30.776797692155107,100.0
1260,0,37.0435057461255,37.0435057461255,100.0
1260,1,51.186667420054576,51.186667420054576,100.0
1260,2,11.769826833819929,11.769826833819929,100.0
1270,0,43.81983634521423,43.81983634521423,100.0
1270,1,26.831029546427672,26.831029546427672,100.0
1270,2,29.3491341083581,29.3491341083581,100.0
1280,0,69.63571623911776,69.63571623911776,100.0
1280,1,10.16563213576883,10.16563213576883,100.0
1280,2,20.198651625113413,20.198651625113413,100.0
1290,0,34.358216805613154,34.358216805613154,100.0
1290,1,18.617395030649377,18.617395030649377,100.0
1290,2,47.02438816373747,47.02438816373747,100.0
1300,0,33.69143158154305,33.69143158154305,100.0
1300,1,40.61423998257637,40.61423998257637,100.0
1300,2,25.694328435880585,25.694328435880585,100.0
1310,0,21.852932495861637,21.852932495861637,100.0
1310,1,52.07750263100527,52.07750263100527,100.0
1310,2,26.069564873133093,26.069564873133093,100.0
1320,0,45.99846035790344,45.99846035790344,100.0
1320,1,39.60033375502515,39.60033375502515,100.0
1320,2,14.401205887071416,14.401205887071416,100.0
1330,0,46.821403989393744,46.821403989393744,100.0
1330,1,9.901900676585893,9.901900676585893,100.0
1330,2,43.27669533402037,43.27669533402037,100.0
1340,0,47.559830080636125,47.559830080636125,100.0
1340,1,13.516452659994952,13.516452659994952,100.0
1340,2,38.923717259368935,38.923717259368935,100.0
1350,0,17.130730396155233,17.130730396155233,100.0
1350,1,16.494265605886888,16.494265605886888,100.0
1350,2,66.37500399795788,66.37500399795788,100.0
1360,0,67.49452262831176,67.49452262831176,100.0
1360,1,19.05139921678873,19.05139921678873,100.0
1360,2,13.454078154899515,13.454078154899515,100.0
1370,0,63.773580395639144,63.773580395639144,100.0
1370,1,13.629430131793635,13.629430131793635,100.0
1370,2,22.596989472567227,22.596989472567227,100.0
1380,0,52.48307206277183,52.48307206277183,100.0
1380,1,32.90035346425473,32.90035346425473,100.0
1380,2,14.616574472973454,14.616574472973454,100.0
1390,0,17.775106226723768,17.775106226723768,100.0
1390,1,27.331195913949163,27.331195913949163,100.0
1390,2,54.89369785932708,54.89369785932708,100.0
1400,0,31.067975100657552,31.067975100657552,100.0
1400,1,46.65146116989466,46.65146116989466,100.0
1400,2,22.280563729447792,22.280563729447792,100.0
1410,0,11.741610206891101,11.741610206891101,100.0
1410,1,11.104110955205023,11.104110955205023,100.0
1410,2,77.15427883790387,77.15427883790387,100.0
1420,0,64.64845578014916,64.64845578014916,100.0
1420,1,19.22602167027584,19.22602167027584,100.0
1420,2,16.125522549575006,16.125522549575006,100.0
1430,0,9.8825927378047,9.8825927378047,100.0
1430,1,60.668310965274486,60.668310965274486,100.0
1430,2,29.449096296920825,29.449096296920825,100.0
1440,0,36.811163596219885,36.811163596219885,100.0
1440,1,33.73837827796348,33.73837827796348,100.0
1440,2,29.45045812581664,29.45045812581664,100.0
1450,0,19.6043051878789,19.6043051878789,100.0
1450,1,36.13473904290175,36.13473904290175,100.0
1450,2,44.26095576921936,44.26095576921936,100.0
1460,0,41.262787459933605,41.262787459933605,100.0
1460,1,13.534501475429185,13.534501475429185,100.0
1460,2,45.202711064637214,45.202711064637214,100.0
1470,0,11.438484401058604,11.438484401058604,100.0
1470,1,10.853426135570754,10.853426135570754,100.0
1470,2,77.70808946337064,77.70808946337064,100.0
1480,0,59.02541414654551,59.02541414654551,100.0
1480,1,27.629705749360532,27.629705749360532,100.0
1480,2,13.34488010409397,13.34488010409397,100.0
1490,0,19.893310640406074,19.893310640406074,100.0
1490,1,53.77735425252963,53.77735425252963,100.0
1490,2,26.329335107064296,26.329335107064296,100.0
1500,0,66.6055359579397,66.6055359579397,100.0
1500,1,16.651808225135152,16.651808225135152,100.0
1500,2,16.742655816925158,16.742655816925158,100.0
1510,0,74.11310708661615,74.11310708661615,100.0
1510,1,12.847027093263597,12.847027093263597,100.0
1510,2,13.039865820120255,13.039865820120255,100.0
1520,0,37.153465469951676,37.153465469951676,100.0
1520,1,27.100972000281875,27.100972000281875,100.0
1520,2,35.74556252976645,35.74556252976645,100.0
1530,0,15.443791062829252,15.443791062829252,100.0
1530,1,10.85211843006457,10.85211843006457,100.0
1530,2,73.70409050710617,73.70409050710617,100.0
1540,0,16.29974125198908,16.29974125198908,100.0
1540,1,60.451880394591726,60.451880394591726,100.0
1540,2,23.248378353419195,23.248378353419195,100.0
1550,0,49.91729782523288,49.91729782523288,100.0
1550,1,37.39299434833696,37.39299434833696,100.0
1550,2,12.689707826430169,12.689707826430169,100.0
1560,0,49.72103915214561,49.72103915214561,100.0
1560,1,27.317004353308967,27.317004353308967,100.0
1560,2,22.961956494545426,22.961956494545426,100.0
1570,0,48.03442501065979,48.03442501065979,100.0
1570,1,31.034846901299986,31.034846901299986,100.0
1570,2,20.930728088040237,20.930728088040237,100.0
1580,0,43.63559484236606,43.63559484236606,100.0
1580,1,29.357848408867316,29.357848408867316,100.0
1580,2,27.006556748766634,27.006556748766634,100.0
1590,0,12.058992522285255,12.058992522285255,100.0
1590,1,11.50131635048332,11.50131635048332,100.0
1590,2,76.43969112723143,76.43969112723143,100.0
1600,0,14.684068891362642,14.684068891362642,100.0
1600,1,57.92418553949381,57.92418553949381,100.0
1600,2,27.391745569143545,27.391745569143545,100.0
1610,0,36.00967474433718,36.00967474433718,100.0
1610,1,25.395642179456594,25.395642179456594,100.0
1610,2,38.59468307620623,38.59468307620623,100.0
1620,0,30.670623279503502,30.670623279503502,100.0
1620,1,28.89196947864292,28.89196947864292,100.0
1620,2,40.437407241853585,40.437407241853585,100.0
1630,0,38.40420211833304,38.40420211833304,100.0
1630,1,36.551817472311306,36.551817472311306,100.0
1630,2,25.043980409355665,25.043980409355665,100.0
1640,0,13.360546207842274,13.360546207842274,100.0
1640,1,66.29447447321273,66.29447447321273,100.0
1640,2,20.344979318945,20.344979318945,100.0
1650,0,12.748125540618904,12.748125540618904,100.0
1650,1,12.243368635820966,12.243368635820966,100.0
1650,2,75.00850582356013,75.00850582356013,100.0
1660,0,61.93930647290562,61.93930647290562,100.0
1660,1,11.18466837299802,11.18466837299802,100.0
1660,2,26.87602515409637,26.87602515409637,100.0
1670,0,19.022855927234534,19.022855927234534,100.0
1670,1,17.700294367565018,17.700294367565018,100.0
1670,2,63.27684970520045,63.27684970520045,100.0
1680,0,66.15734478826847,66.15734478826847,100.0
1680,1,20.735301732710116,20.735301732710116,100.0
1680,2,13.107353479021397,13.107353479021397,100.0
1690,0,71.95264141306417,71.95264141306417,100.0
1690,1,17.846111060037213,17.846111060037213,100.0
1690,2,10.20124752689862,10.20124752689862,100.0
1700,0,57.073790125766486,57.073790125766486,100.0
1700,1,20.45598890966073,20.45598890966073,100.0
1700,2,22.47022096457278,22.47022096457278,100.0
1710,0,17.388842241594567,17.388842241594567,100.0
1710,1,15.822617191924463,15.822617191924463,100.0
1710,2,66.78854056648098,66.78854056648098,100.0
1720,0,54.935348995820156,54.935348995820156,100.0
1720,1,23.9157624508509,23.9157624508509,100.0
1720,2,21.148888553328955,21.148888553328955,100.0
1730,0,30.56870105279742,30.56870105279742,100.0
1730,1,57.7140859237836,57.7140859237836,100.0
1730,2,11.717213023418985,11.717213023418985,100.0
1740,0,29.01433952421857,29.01433952421857,100.0
1740,1,19.205550250573253,19.205550250573253,100.0
1740,2,51.780110225208176,51.780110225208176,100.0
1750,0,40.695477486788185,40.695477486788185,100.0
1750,1,25.734969284564542,25.734969284564542,100.0
1750,2,33.569553228647266,33.569553228647266,100.0
1760,0,37.842223546049965,37.842223546049965,100.0
1760,1,25.13552792175672,25.13552792175672,100.0
1760,2,37.02224853219332,37.02224853219332,100.0
1770,0,10.694072017565661,10.694072017565661,100.0
1770,1,12.256413876477893,12.256413876477893,100.0
1770,2,77.04951410595643,77.04951410595643,100.0
1780,0,28.018049430595838,28.018049430595838,100.0
1780,1,38.30665764302092,38.30665764302092,100.0
1780,2,33.67529292638325,33.67529292638325,100.0
1790,0,50.099996690625794,50.099996690625794,100.0
1790,1,21.354449711425367,21.354449711425367,100.0
1790,2,28.545553597948835,28.545553597948835,100.0
1800,0,58.572393188742225,58.572393188742225,100.0
1800,1,19.76235506262386,19.76235506262386,100.0
1800,2,21.665251748633906,21.665251748633906,100.0
1810,0,45.96235953415224,45.96235953415224,100.0
1810,1,35.20580472705705,35.20580472705705,100.0
1810,2,18.831835738790716,18.831835738790716,100.0
1820,0,34.57766174753271,34.57766174753271,100.0
1820,1,50.04157551115708,50.04157551115708,100.0
1820,2,15.380762741310217,15.380762741310217,100.0
1830,0,13.189443025298372,13.189443025298372,100.0
1830,1,12.707445669977368,12.707445669977368,100.0
1830,2,74.10311130472427,74.10311130472427,100.0
1840,0,28.488084395104966,28.488084395104966,100.0
1840,1,31.530583772227455,31.530583772227455,100.0
1840,2,39.981331832667586,39.981331832667586,100.0
1850,0,46.977898420167044,46.977898420167044,100.0
1850,1,25.07060312225839,25.07060312225839,100.0
1850,2,27.951498457574576,27.951498457574576,100.0
1860,0,35.3885476961415,35.3885476961415,100.0
1860,1,42.786884893220886,42.786884893220886,100.0
1860,2,21.82456741063762,21.82456741063762,100.0
1870,0,16.03711185783336,16.03711185783336,100.0
1870,1,37.66144385437155,37.66144385437155,100.0
1870,2,46.30144428779509,46.30144428779509,100.0
1880,0,24.989057358063093,24.989057358063093,100.0
1880,1,38.28553472135038,38.28553472135038,100.0
1880,2,36.72540792058652,36.72540792058652,100.0
1890,0,10.769083367170271,10.769083367170271,100.0
1890,1,13.235153858261775,13.235153858261775,100.0
1890,2,75.99576277456795,75.99576277456795,100.0
1900,0,25.170832430572233,25.170832430572233,100.0
1900,1,30.914106642942247,30.914106642942247,100.0
1900,2,43.91506092648552,43.91506092648552,100.0
1910,0,34.55501762493374,34.55501762493374,100.0
1910,1,32.336529378988374,32.336529378988374,100.0
1910,2,33.1084529960779,33.1084529960779,100.0
1920,0,40.57043851615749,40.57043851615749,100.0
1920,1,34.597131374811056,34.597131374811056,100.0
1920,2,24.832430109031456,24.832430109031456,100.0
1930,0,36.43800790592028,36.43800790592028,100.0
1930,1,37.26972923614312,37.26972923614312,100.0
1930,2,26.2922628579366,26.2922628579366,100.0
1940,0,54.32701341693863,54.32701341693863,100.0
1940,1,14.394800338818772,14.394800338818772,100.0
1940,2,31.278186244242605,31.278186244242605,100.0
1950,0,11.332531298111528,11.332531298111528,100.0
1950,1,13.899439660724727,13.899439660724727,100.0
1950,2,74.76802904116376,74.76802904116376,100.0
1960,0,63.527468226232976,63.527468226232976,100.0
1960,1,13.622559849047668,13.622559849047668,100.0
1960,2,22.849971924719345,22.849971924719345,100.0
1970,0,35.82417003169295,35.82417003169295,100.0
1970,1,41.326872798875264,41.326872798875264,100.0
1970,2,22.848957169431788,22.848957169431788,100.0
1980,0,33.35694771178622,33.35694771178622,100.0
1980,1,37.1345783816842,37.1345783816842,100.0
1980,2,29.50847390652958,29.50847390652958,100.0
1990,0,40.08275696453429,40.08275696453429,100.0
1990,1,34.83733502575426,34.83733502575426,100.0
1990,2,25.07990800971146,25.07990800971146,100.0
2000,0,44.79407174957399,44.79407174957399,100.0
2000,1,36.21683805256069,36.21683805256069,100.0
2000,2,18.989090197865316,18.989090197865316,100.0
2010,0,10.413921523142076,10.413921523142076,100.0
2010,1,14.287033225004247,14.287033225004247,100.0
2010,2,75.29904525185368,75.29904525185368,100.0
2020,0,33.72028141437091,33.72028141437091,100.0
2020,1,52.97848130555411,52.97848130555411,100.0
2020,2,13.301237280074977,13.301237280074977,100.0
2030,0,35.37908564350825,35.37908564350825,100.0
2030,1,27.53183507182191,27.53183507182191,100.0
2030,2,37.08907928466985,37.08907928466985,100.0
2040,0,65.97115740121305,65.97115740121305,100.0
2040,1,12.049165249517623,12.049165249517623,100.0
2040,2,21.979677349269316,21.979677349269316,100.0
2050,0,66.76120499077066,66.76120499077066,100.0
2050,1,18.198254559578185,18.198254559578185,100.0
2050,2,15.04054044965116,15.04054044965116,100.0
2060,0,45.36334039131319,45.36334039131319,100.0
2060,1,34.90078033651315,34.90078033651315,100.0
2060,2,19.735879272173662,19.735879272173662,100.0
2070,0,20.801213139784103,20.801213139784103,100.0
2070,1,21.473546269855877,21.473546269855877,100.0
2070,2,57.72524059036003,57.72524059036003,100.0
2080,0,19.924363166107355,19.924363166107355,100.0
2080,1,11.613009278004705,11.613009278004705,100.0
2080,2,68.46262755588795,68.46262755588795,100.0
2090,0,47.021917281639844,47.021917281639844,100.0
2090,1,31.495486009417778,31.495486009417778,100.0
2090,2,21.482596708942385,21.482596708942385,100.0
2100,0,42.21759995859115,42.21759995859115,100.0
2100,1,12.647349094390279,12.647349094390279,100.0
2100,2,45.13505094701858,45.13505094701858,100.0
2110,0,26.964461206543454,26.964461206543454,100.0
2110,1,32.051277818541884,32.051277818541884,100.0
2110,2,40.98426097491467,40.98426097491467,100.0
2120,0,39.53390429246173,39.53390429246173,100.0
2120,1,50.28394558430165,50.28394558430165,100.0
2120,2,10.182150123236621,10.182150123236621,100.0
2130,0,11.075604686400672,11.075604686400672,100.0
2130,1,14.921236735995338,14.921236735995338,100.0
2130,2,74.00315857760398,74.00315857760398,100.0
2140,0,59.165001734102404,59.165001734102404,100.0
2140,1,16.322701014898108,16.322701014898108,100.0
2140,2,24.5122972509995,24.5122972509995,100.0
2150,0,59.06198293392514,59.06198293392514,100.0
2150,1,19.831972284081342,19.831972284081342,100.0
2150,2,21.106044781993525,21.106044781993525,100.0
2160,0,39.13551602902776,39.13551602902776,100.0
2160,1,35.98135320434996,35.98135320434996,100.0
2160,2,24.88313076662228,24.88313076662228,100.0
2170,0,40.50260744138002,40.50260744138002,100.0
2170,1,44.05842299112449,44.05842299112449,100.0
2170,2,15.438969567495498,15.438969567495498,100.0
2180,0,54.042418335198846,54.042418335198846,100.0
2180,1,15.88333654999503,15.88333654999503,100.0
2180,2,30.074245114806132,30.074245114806132,100.0
2190,0,13.027772512803068,13.027772512803068,100.0
2190,1,10.868554835052151,10.868554835052151,100.0
2190,2,76.10367265214478,76.10367265214478,100.0
2200,0,50.37100470393517,50.37100470393517,100.0
2200,1,18.75439114696509,18.75439114696509,100.0
2200,2,30.87460414909975,30.87460414909975,100.0
2210,0,59.58907642797929,59.58907642797929,100.0
2210,1,29.544297671800624,29.544297671800624,100.0
2210,2,10.866625900220095,10.866625900220095,100.0
2220,0,50.31554239866915,50.31554239866915,100.0
2220,1,17.91287150507809,17.91287150507809,100.0
2220,2,31.77158609625275,31.77158609625275,100.0
2230,0,41.8403448977214,41.8403448977214,100.0
2230,1,9.01090185551776,9.01090185551776,100.0
2230,2,49.148753246760855,49.148753246760855,100.0
2240,0,25.716683945296293,25.716683945296293,100.0
2240,1,21.427729788535675,21.427729788535675,100.0
2240,2,52.85558626616803,52.85558626616803,100.0
2250,0,11.265724947322417,11.265724947322417,100.0
2250,1,11.019780611326327,11.019780611326327,100.0
2250,2,77.71449444135126,77.71449444135126,100.0
2260,0,47.55527795397919,47.55527795397919,100.0
2260,1,22.875922835027026,22.875922835027026,100.0
2260,2,29.56879921099378,29.56879921099378,100.0
2270,0,50.65525811766711,50.65525811766711,100.0
2270,1,11.692375016074815,11.692375016074815,100.0
2270,2,37.65236686625807,37.65236686625807,100.0
2280,0,51.793615800632494,51.793615800632494,100.0
2280,1,25.502547667839476,25.502547667839476,100.0
2280,2,22.703836531528033,22.703836531528033,100.0
2290,0,40.72299298071578,40.72299298071578,100.0
2290,1,34.96061359023581,34.96061359023581,100.0
2290,2,24.316393429048404,24.316393429048404,100.0
2300,0,69.67998678834432,69.67998678834432,100.0
2300,1,16.543505135314597,16.543505135314597,100.0
2300,2,13.776508076341093,13.776508076341093,100.0
2310,0,12.411647569958175,12.411647569958175,100.0
2310,1,11.460325024105288,11.460325024105288,100.0
2310,2,76.12802740593654,76.12802740593654,100.0
2320,0,21.50714826264712,21.50714826264712,100.0
2320,1,34.48916541833967,34.48916541833967,100.0
2320,2,44.00368631901323,44.00368631901323,100.0
2330,0,62.25998405045563,62.25998405045563,100.0
2330,1,18.84549315285954,18.84549315285954,100.0
2330,2,18.894522796684825,18.894522796684825,100.0
2340,0,39.923782289660664,39.923782289660664,100.0
2340,1,18.004290334541032,18.004290334541032,100.0
2340,2,42.07192737579832,42.07192737579832,100.0
2350,0,40.77309090449669,40.77309090449669,100.0
2350,1,14.608238793077913,14.608238793077913,100.0
2350,2,44.6186703024254,44.6186703024254,100.0
2360,0,31.075622059230177,31.075622059230177,100.0
2360,1,33.41994924046144,33.41994924046144,100.0
2360,2,35.504428700308374,35.504428700308374,100.0
2370,0,10.814659156402662,10.814659156402662,100.0
2370,1,12.083171912741495,12.083171912741495,100.0
2370,2,77.10216893085584,77.10216893085584,100.0
2380,0,36.72258010766267,36.72258010766267,100.0
2380,1,39.841314398881,39.841314398881,100.0
2380,2,23.43610549345632,23.43610549345632,100.0
2390,0,60.58165014253206,60.58165014253206,100.0
2390,1,16.785569616544997,16.785569616544997,100.0
2390,2,22.63278024092295,22.63278024092295,100.0
2400,0,21.272096086226245,21.272096086226245,100.0
2400,1,41.33867980114868,41.33867980114868,100.0
2400,2,37.38922411262507,37.38922411262507,100.0
2410,0,42.45453723720479,42.45453723720479,100.0
2410,1,22.313217107599865,22.313217107599865,100.0
2410,2,35.23224565519535,35.23224565519535,100.0
2420,0,48.65314059148921,48.65314059148921,100.0
2420,1,32.484616012572154,32.484616012572154,100.0
2420,2,18.862243395938624,18.862243395938624,100.0
2430,0,11.170645486464968,11.170645486464968,100.0
2430,1,10.953432605769278,10.953432605769278,100.0
2430,2,77.87592190776576,77.87592190776576,100.0
2440,0,59.7899096639405,59.7899096639405,100.0
2440,1,20.81227826096112,20.81227826096112,100.0
2440,2,19.397812075098393,19.397812075098393,100.0
2450,0,26.021740857355308,26.021740857355308,100.0
2450,1,22.008917107634467,22.008917107634467,100.0
2450,2,51.96934203501022,51.96934203501022,100.0
2460,0,29.132637606428673,29.132637606428673,100.0
2460,1,24.337336410161047,24.337336410161047,100.0
2460,2,46.53002598341028,46.53002598341028,100.0
2470,0,41.71719110796306,41.71719110796306,100.0
2470,1,9.571141567905132,9.571141567905132,100.0
2470,2,48.71166732413182,48.71166732413182,100.0
2480,0,21.289414524419065,21.289414524419065,100.0
2480,1,30.156763513278413,30.156763513278413,100.0
2480,2,48.55382196230252,48.55382196230252,100.0
2490,0,11.172669189843349,11.172669189843349,100.0
2490,1,11.1956918845883,11.1956918845883,100.0
2490,2,77.63163892556835,77.63163892556835,100.0
2500,0,51.61510179529062,51.61510179529062,100.0
2500,1,21.515860031152055,21.515860031152055,100.0
2500,2,26.869038173557325,26.869038173557325,100.0
2510,0,31.180734920765964,31.180734920765964,100.0
2510,1,42.264984024276,42.264984024276,100.0
2510,2,26.55428105495802,26.55428105495802,100.0
2520,0,64.54996852947384,64.54996852947384,100.0
2520,1,19.73824141382019,19.73824141382019,100.0
2520,2,15.71179005670597,15.71179005670597,100.0
2530,0,46.41084350357262,46.41084350357262,100.0
2530,1,42.11930739728641,42.11930739728641,100.0
2530,2,11.469849099140973,11.469849099140973,100.0
2540,0,54.35736254122134,54.35736254122134,100.0
2540,1,15.345412896483076,15.345412896483076,100.0
2540,2,30.29722456229559,30.29722456229559,100.0
2550,0,13.92887131466885,13.92887131466885,100.0
2550,1,10.940210987875012,10.940210987875012,100.0
2550,2,75.13091769745614,75.13091769745614,100.0
2560,0,49.90968284872979,49.90968284872979,100.0
2560,1,25.146693075356215,25.146693075356215,100.0
2560,2,24.943624075914002,24.943624075914002,100.0
2570,0,33.98562642907335,33.98562642907335,100.0
2570,1,33.41946754628082,33.41946754628082,100.0
2570,2,32.59490602464584,32.59490602464584,100.0
2580,0,50.87251827484667,50.87251827484667,100.0
2580,1,31.59186710567804,31.59186710567804,100.0
2580,2,17.535614619475297,17.535614619475297,100.0
2590,0,43.51895532925869,43.51895532925869,100.0
2590,1,22.925054058223086,22.925054058223086,100.0
2590,2,33.55599061251823,33.55599061251823,100.0
2600,0,48.013939216439304,48.013939216439304,100.0
2600,1,19.658643445939557,19.658643445939557,100.0
2600,2,32.32741733762114,32.32741733762114,100.0
2610,0,11.193796484765523,11.193796484765523,100.0
2610,1,10.997356162940166,10.997356162940166,100.0
2610,2,77.80884735229432,77.80884735229432,100.0
2620,0,21.60589627878875,21.60589627878875,100.0
2620,1,44.36004784556229,44.36004784556229,100.0
2620,2,34.03405587564897,34.03405587564897,100.0
2630,0,46.419001116032895,46.419001116032895,100.0
2630,1,29.19664216871192,29.19664216871192,100.0
2630,2,24.384356715255194,24.384356715255194,100.0
2640,0,47.82855923125975,47.82855923125975,100.0
2640,1,22.108045587159666,22.108045587159666,100.0
2640,2,30.063395181580578,30.063395181580578,100.0
2650,0,74.90603902642398,74.90603902642398,100.0
2650,1,13.745577746761747,13.745577746761747,100.0
2650,2,11.348383226814263,11.348383226814263,100.0
2660,0,63.67545120792235,63.67545120792235,100.0
2660,1,18.29993877130841,18.29993877130841,100.0
2660,2,18.024610020769245,18.024610020769245,100.0
2670,0,27.695895428438,27.695895428438,100.0
2670,1,28.20915991437019,28.20915991437019,100.0
2670,2,44.09494465719181,44.09494465719181,100.0
2680,0,15.94297627130819,15.94297627130819,100.0
2680,1,31.88923027178759,31.88923027178759,100.0
2680,2,52.16779345690422,52.16779345690422,100.0
2690,0,65.19753663487526,65.19753663487526,100.0
2690,1,10.473495874555429,10.473495874555429,100.0
2690,2,24.32896749056931,24.32896749056931,100.0
2700,0,19.763840566314013,19.763840566314013,100.0
2700,1,47.78824451459532,47.78824451459532,100.0
2700,2,32.44791491909067,32.44791491909067,100.0
2710,0,33.62171454624413,33.62171454624413,100.0
2710,1,48.419267988965956,48.419267988965956,100.0
2710,2,17.959017464789927,17.959017464789927,100.0
2720,0,35.50160540484114,35.50160540484114,100.0
2720,1,35.044992745939865,35.044992745939865,100.0
2720,2,29.45340184921899,29.45340184921899,100.0
2730,0,10.915196827228025,10.915196827228025,100.0
2730,1,12.418888944642735,12.418888944642735,100.0
2730,2,76.66591422812924,76.66591422812924,100.0
2740,0,33.51228843120066,33.51228843120066,100.0
2740,1,34.47649679960305,34.47649679960305,100.0
2740,2,32.01121476919629,32.01121476919629,100.0
2750,0,13.676585811690506,13.676585811690506,100.0
2750,1,15.798677304946246,15.798677304946246,100.0
2750,2,70.52473688336325,70.52473688336325,100.0
2760,0,38.09813276440644,38.09813276440644,100.0
2760,1,23.17290636557832,23.17290636557832,100.0
2760,2,38.72896087001524,38.72896087001524,100.0
2770,0,33.12905644036869,33.12905644036869,100.0
2770,1,21.482066746771473,21.482066746771473,100.0
2770,2,45.388876812859834,45.388876812859834,100.0
2780,0,55.139405815790354,55.139405815790354,100.0
2780,1,34.460905250622474,34.460905250622474,100.0
2780,2,10.399688933587173,10.399688933587173,100.0
2790,0,11.806578043042453,11.806578043042453,100.0
2790,1,12.269807010041337,12.269807010041337,100.0
2790,2,75.92361494691622,75.92361494691622,100.0
2800,0,32.0651119624433,32.0651119624433,100.0
2800,1,37.944704305927225,37.944704305927225,100.0
2800,2,29.99018373162948,29.99018373162948,100.0
2810,0,54.460559755541816,54.460559755541816,100.0
2810,1,32.15371634098719,32.15371634098719,100.0
2810,2,13.385723903470998,13.385723903470998,100.0
2820,0,59.135642196060346,59.135642196060346,100.0
2820,1,14.02188422475398,14.02188422475398,100.0
2820,2,26.842473579185672,26.842473579185672,100.0
2830,0,63.39714904199328,63.39714904199328,100.0
2830,1,15.62298051462986,15.62298051462986,100.0
2830,2,20.979870443376843,20.979870443376843,100.0
2840,0,12.349448697518918,12.349448697518918,100.0
2840,1,29.892922214528067,29.892922214528067,100.0
2840,2,57.75762908795301,57.75762908795301,100.0
2850,0,18.01431859197394,18.01431859197394,100.0
2850,1,18.104042650135277,18.104042650135277,100.0
2850,2,63.88163875789079,63.88163875789079,100.0
2860,0,12.662630594592914,12.662630594592914,100.0
2860,1,64.446364230727,64.446364230727,100.0
2860,2,22.891005174680075,22.891005174680075,100.0
2870,0,39.159827499142075,39.159827499142075,100.0
2870,1,38.721412282349945,38.721412282349945,100.0
2870,2,22.11876021850798,22.11876021850798,100.0
2880,0,53.24755756947561,53.24755756947561,100.0
2880,1,9.667730013989097,9.667730013989097,100.0
2880,2,37.08471241653529,37.08471241653529,100.0
2890,0,26.592306122099973,26.592306122099973,100.0
2890,1,20.330644945288856,20.330644945288856,100.0
2890,2,53.07704893261117,53.07704893261117,100.0
2900,0,50.528513880293026,50.528513880293026,100.0
2900,1,19.263632585279204,19.263632585279204,100.0
2900,2,30.20785353442778,30.20785353442778,100.0
2910,0,11.625029718351147,11.625029718351147,100.0
2910,1,11.16675523621015,11.16675523621015,100.0
2910,2,77.2082150454387,77.2082150454387,100.0
2920,0,27.005756477489957,27.005756477489957,100.0
2920,1,39.16363661829024,39.16363661829024,100.0
2920,2,33.83060690421981,33.83060690421981,100.0
2930,0,57.54234056692311,57.54234056692311,100.0
2930,1,22.42834430261739,22.42834430261739,100.0
2930,2,20.029315130459498,20.029315130459498,100.0
2940,0,61.58663843703728,61.58663843703728,100.0
2940,1,12.734166795403187,12.734166795403187,100.0
2940,2,25.679194767559537,25.679194767559537,100.0
2950,0,36.19032776244875,36.19032776244875,100.0
2950,1,19.387161828371976,19.387161828371976,100.0
2950,2,44.422510409179274,44.422510409179274,100.0
2960,0,72.95060818792297,72.95060818792297,100.0
2960,1,15.932846818776392,15.932846818776392,100.0
2960,2,11.116544993300648,11.116544993300648,100.0
2970,0,11.190689842898896,11.190689842898896,100.0
2970,1,11.270813931742445,11.270813931742445,100.0
2970,2,77.53849622535866,77.53849622535866,100.0
2980,0,33.46489681672409,33.46489681672409,100.0
2980,1,24.80527843150145,24.80527843150145,100.0
2980,2,41.72982475177446,41.72982475177446,100.0
2990,0,59.92027634843631,59.92027634843631,100.0
2990,1,28.303334174167148,28.303334174167148,100.0
2990,2,11.776389477396545,11.776389477396545,100.0
3000,0,36.85416218485918,36.85416218485918,100.0
3000,1,43.02395974072628,43.02395974072628,100.0
3000,2,20.12187807441455,20.12187807441455,100.0
3010,0,45.88847937438139,45.88847937438139,100.0
3010,1,19.787969516456247,19.787969516456247,100.0
3010,2,34.323551109162366,34.323551109162366,100.0
3020,0,37.247229481894834,37.247229481894834,100.0
3020,1,33.3113602876094,33.3113602876094,100.0
3020,2,29.44141023049577,29.44141023049577,100.0
3030,0,11.268841992426335,11.268841992426335,100.0
3030,1,11.447839697747545,11.447839697747545,100.0
3030,2,77.28331830982611,77.28331830982611,100.0
3040,0,48.336721493403765,48.336721493403765,100.0
3040,1,23.830223384038547,23.830223384038547,100.0
3040,2,27.833055122557692,27.833055122557692,100.0
3050,0,32.48024782016759,32.48024782016759,100.0
3050,1,26.71427031974328,26.71427031974328,100.0
3050,2,40.805481860089124,40.805481860089124,100.0
3060,0,49.14789275108516,49.14789275108516,100.0
3060,1,38.643645027705645,38.643645027705645,100.0
3060,2,12.208462221209205,12.208462221209205,100.0
3070,0,51.83292907910305,51.83292907910305,100.0
3070,1,32.10132328933697,32.10132328933697,100.0
3070,2,16.065747631559983,16.065747631559983,100.0
3080,0,57.52812146367204,57.52812146367204,100.0
3080,1,20.268005767954186,20.268005767954186,100.0
3080,2,22.203872768373767,22.203872768373767,100.0
3090,0,10.985059490301657,10.985059490301657,100.0
3090,1,10.870207563013254,10.870207563013254,100.0
3090,2,78.1447329466851,78.1447329466851,100.0
3100,0,36.05301188730278,36.05301188730278,100.0
3100,1,18.35475794603633,18.35475794603633,100.0
3100,2,45.5922301666609,45.5922301666609,100.0
3110,0,46.37991209717829,46.37991209717829,100.0
3110,1,9.32475553511088,9.32475553511088,100.0
3110,2,44.29533236771084,44.29533236771084,100.0
3120,0,13.748340151410494,13.748340151410494,100.0
3120,1,46.56914170134051,46.56914170134051,100.0
3120,2,39.682518147249,39.682518147249,100.0
3130,0,22.012496377825812,22.012496377825812,100.0
3130,1,22.983249465968928,22.983249465968928,100.0
3130,2,55.004254156205256,55.004254156205256,100.0
3140,0,57.76118248021847,57.76118248021847,100.0
3140,1,27.044115081725558,27.044115081725558,100.0
3140,2,15.194702438055971,15.194702438055971,100.0
3150,0,23.720152423773357,23.720152423773357,100.0
3150,1,9.5072251435661,9.5072251435661,100.0
3150,2,66.77262243266054,66.77262243266054,100.0
3160,0,63.05304051299168,63.05304051299168,100.0
3160,1,19.619291455420424,19.619291455420424,100.0
3160,2,17.327668031587905,17.327668031587905,100.0
3170,0,32.32046938671262,32.32046938671262,100.0
3170,1,12.484916334831707,12.484916334831707,100.0
3170,2,55.19461427845568,55.19461427845568,100.0
3180,0,32.76931069848228,32.76931069848228,100.0
3180,1,27.599023372956673,27.599023372956673,100.0
3180,2,39.631665928561056,39.631665928561056,100.0
3190,0,53.52137747208643,53.52137747208643,100.0
3190,1,33.50572844369523,33.50572844369523,100.0
3190,2,12.972894084218343,12.972894084218343,100.0
3200,0,32.43752829522587,32.43752829522587,100.0
3200,1,31.890071873606306,31.890071873606306,100.0
3200,2,35.67239983116782,35.67239983116782,100.0
3210,0,12.073158039037013,12.073158039037013,100.0
3210,1,12.335384737092534,12.335384737092534,100.0
3210,2,75.59145722387045,75.59145722387045,100.0
3220,0,18.57648704874014,18.57648704874014,100.0
3220,1,15.439000689030232,15.439000689030232,100.0
3220,2,65.98451226222963,65.98451226222963,100.0
3230,0,53.52205751113722,53.52205751113722,100.0
3230,1,31.214479201232876,31.214479201232876,100.0
3230,2,15.26346328762991,15.26346328762991,100.0
3240,0,37.548010021637445,37.548010021637445,100.0
3240,1,43.77549336911373,43.77549336911373,100.0
3240,2,18.676496609248815,18.676496609248815,100.0
3250,0,21.241908264162493,21.241908264162493,100.0
3250,1,22.674308102939012,22.674308102939012,100.0
3250,2,56.0837836328985,56.0837836328985,100.0
3260,0,65.94134293997264,65.94134293997264,100.0
3260,1,12.974560612674585,12.974560612674585,100.0
3260,2,21.08409644735276,21.08409644735276,100.0
3270,0,11.60815077959248,11.60815077959248,100.0
3270,1,11.068542286888515,11.068542286888515,100.0
3270,2,77.32330693351899,77.32330693351899,100.0
3280,0,12.94339638931585,12.94339638931585,100.0
3280,1,18.805884354134857,18.805884354134857,100.0
3280,2,68.2507192565493,68.2507192565493,100.0
3290,0,38.65249666065244,38.65249666065244,100.0
3290,1,25.36282284530668,25.36282284530668,100.0
3290,2,35.98468049404088,35.98468049404088,100.0
3300,0,58.092102437260486,58.092102437260486,100.0
3300,1,24.66024307158305,24.66024307158305,100.0
3300,2,17.247654491156467,17.247654491156467,100.0
3310,0,61.619466510931076,61.619466510931076,100.0
3310,1,13.633179971272494,13.633179971272494,100.0
3310,2,24.747353517796434,24.747353517796434,100.0
3320,0,32.3126154470059,32.3126154470059,100.0
3320,1,28.53179208553065,28.53179208553065,100.0
3320,2,39.15559246746344,39.15559246746344,100.0
3330,0,12.785594182381832,12.785594182381832,100.0
3330,1,13.922615945951122,13.922615945951122,100.0
3330,2,73.29178987166705,73.29178987166705,100.0
3340,0,56.29792002522891,56.29792002522891,100.0
3340,1,23.33952842485881,23.33952842485881,100.0
3340,2,20.362551549912286,20.362551549912286,100.0
3350,0,35.373978038610375,35.373978038610375,100.0
3350,1,30.550470731256407,30.550470731256407,100.0
3350,2,34.075551230133215,34.075551230133215,100.0
3360,0,40.31099813333381,40.31099813333381,100.0
3360,1,40.064397530581964,40.064397530581964,100.0
3360,2,19.624604336084218,19.624604336084218,100.0
3370,0,70.22214909375958,70.22214909375958,100.0
3370,1,15.55630337960435,15.55630337960435,100.0
3370,2,14.22154752663608,14.22154752663608,100.0
3380,0,53.32746597675008,53.32746597675008,100.0
3380,1,17.256667388747687,17.256667388747687,100.0
3380,2,29.41586663450224,29.41586663450224,100.0
3390,0,29.328192362011663,29.328192362011663,100.0
3390,1,27.70246101290009,27.70246101290009,100.0
3390,2,42.96934662508825,42.96934662508825,100.0
3400,0,35.58317163246761,35.58317163246761,100.0
3400,1,45.79871306261122,45.79871306261122,100.0
3400,2,18.618115304921172,18.618115304921172,100.0
3410,0,41.80756727516269,41.80756727516269,100.0
3410,1,22.713922053045263,22.713922053045263,100.0
3410,2,35.47851067179206,35.47851067179206,100.0
3420,0,28.788980560691606,28.788980560691606,100.0
3420,1,25.81579074880201,25.81579074880201,100.0
3420,2,45.395228690506386,45.395228690506386,100.0
3430,0,46.237632470718346,46.237632470718346,100.0
3430,1,36.399797468121726,36.399797468121726,100.0
3430,2,17.362570061159932,17.362570061159932,100.0
3440,0,31.8332194737866,31.8332194737866,100.0
3440,1,18.35650871820686,18.35650871820686,100.0
3440,2,49.81027180800654,49.81027180800654,100.0
3450,0,11.694830105122882,11.694830105122882,100.0
3450,1,11.750234096470708,11.750234096470708,100.0
3450,2,76.55493579840642,76.55493579840642,100.0
3460,0,41.746637170815994,41.746637170815994,100.0
3460,1,25.23620313086714,25.23620313086714,100.0
3460,2,33.01715969831687,33.01715969831687,100.0
3470,0,23.21505560330192,23.21505560330192,100.0
3470,1,63.92778825530721,63.92778825530721,100.0
3470,2,12.857156141390874,12.857156141390874,100.0
3480,0,43.80744154821578,43.80744154821578,100.0
3480,1,27.09937906294809,27.09937906294809,100.0
3480,2,29.093179388836134,29.093179388836134,100.0
3490,0,35.50316683449375,35.50316683449375,100.0
3490,1,33.50604186578746,33.50604186578746,100.0
3490,2,30.99079129971879,30.99079129971879,100.0
3500,0,27.898420539637815,27.898420539637815,100.0
3500,1,11.903772779715387,11.903772779715387,100.0
3500,2,60.19780668064679,60.19780668064679,100.0
3510,0,10.875122834028259,10.875122834028259,100.0
3510,1,11.505105689775876,11.505105689775876,100.0
3510,2,77.61977147619587,77.61977147619587,100.0
3520,0,20.405307070340747,20.405307070340747,100.0
3520,1,34.323452821293074,34.323452821293074,100.0
3520,2,45.271240108366186,45.271240108366186,100.0
3530,0,10.707023479653657,10.707023479653657,100.0
3530,1,27.154551342196747,27.154551342196747,100.0
3530,2,62.1384251781496,62.1384251781496,100.0
3540,0,25.04879160147524,25.04879160147524,100.0
3540,1,42.45294860468249,42.45294860468249,100.0
3540,2,32.49825979384226,32.49825979384226,100.0
3550,0,27.793937743566005,27.793937743566005,100.0
3550,1,51.26100609089609,51.26100609089609,100.0
3550,2,20.94505616553791,20.94505616553791,100.0
3560,0,46.63053402964933,46.63053402964933,100.0
3560,1,42.98198781176787,42.98198781176787,100.0
3560,2,10.387478158582793,10.387478158582793,100.0
3570,0,10.847611461967062,10.847611461967062,100.0
3570,1,11.224492895321978,11.224492895321978,100.0
3570,2,77.92789564271096,77.92789564271096,100.0
3580,0,60.88458959696691,60.88458959696691,100.0
3580,1,23.034572016381365,23.034572016381365,100.0
3580,2,16.080838386651727,16.080838386651727,100.0
3590,0,53.7444058465319,53.7444058465319,100.0
3590,1,11.093842845357102,11.093842845357102,100.0
3590,2,35.16175130811099,35.16175130811099,100.0
3600,0,39.016849868370535,39.016849868370535,100.0
3600,1,18.136823245487953,18.136823245487953,100.0
3600,2,42.8463268861415,42.8463268861415,100.0
3610,0,29.29267146084816,29.29267146084816,100.0
3610,1,27.73312072590276,27.73312072590276,100.0
3610,2,42.97420781324908,42.97420781324908,100.0
3620,0,37.89847635995544,37.89847635995544,100.0
3620,1,32.42458822625827,32.42458822625827,100.0
3620,2,29.67693541378629,29.67693541378629,100.0
3630,0,12.463636084805005,12.463636084805005,100.0
3630,1,12.440076061421976,12.440076061421976,100.0
3630,2,75.09628785377302,75.09628785377302,100.0
3640,0,46.766824035831895,46.766824035831895,100.0
3640,1,11.742472066984426,11.742472066984426,100.0
3640,2,41.49070389718367,41.49070389718367,100.0
3650,0,26.12567952901943,26.12567952901943,100.0
3650,1,16.85171670245855,16.85171670245855,100.0
3650,2,57.02260376852203,57.02260376852203,100.0
3660,0,48.30178881051432,48.30178881051432,100.0
3660,1,30.190960053426895,30.190960053426895,100.0
3660,2,21.507251136058798,21.507251136058798,100.0
3670,0,49.12725086808776,49.12725086808776,100.0
3670,1,14.15752721416021,14.15752721416021,100.0
3670,2,36.715221917752025,36.715221917752025,100.0
3680,0,46.181890480513786,46.181890480513786,100.0
3680,1,19.030663173151076,19.030663173151076,100.0
3680,2,34.787446346335145,34.787446346335145,100.0
3690,0,12.337135824543946,12.337135824543946,100.0
3690,1,12.568618162132935,12.568618162132935,100.0
3690,2,75.09424601332312,75.09424601332312,100.0
3700,0,46.80436241169391,46.80436241169391,100.0
3700,1,15.907500348750087,15.907500348750087,100.0
3700,2,37.288137239556,37.288137239556,100.0
3710,0,23.05358567249624,23.05358567249624,100.0
3710,1,14.939639732112092,14.939639732112092,100.0
3710,2,62.00677459539167,62.00677459539167,100.0
3720,0,29.52163749027888,29.52163749027888,100.0
3720,1,19.40817851598095,19.40817851598095,100.0
3720,2,51.07018399374018,51.07018399374018,100.0
3730,0,47.574797821988284,47.574797821988284,100.0
3730,1,42.440379123987306,42.440379123987306,100.0
3730,2,9.98482305402441,9.98482305402441,100.0
3740,0,45.62678696466205,45.62678696466205,100.0
3740,1,23.182213524597966,23.182213524597966,100.0
3740,2,31.190999510739992,31.190999510739992,100.0
3750,0,13.448941022713903,13.448941022713903,100.0
3750,1,13.00097050771546,13.00097050771546,100.0
3750,2,73.55008846957064,73.55008846957064,100.0
3760,0,44.75076375920723,44.75076375920723,100.0
3760,1,40.49343651519865,40.49343651519865,100.0
3760,2,14.755799725594121,14.755799725594121,100.0
3770,0,51.88433856859709,51.88433856859709,100.0
3770,1,8.041075418361437,8.041075418361437,100.0
3770,2,40.07458601304148,40.07458601304148,100.0
3780,0,49.83616689174012,49.83616689174012,100.0
3780,1,27.752293271244476,27.752293271244476,100.0
3780,2,22.4115398370154,22.4115398370154,100.0
3790,0,66.99745064092221,66.99745064092221,100.0
3790,1,16.13098159188878,16.13098159188878,100.0
3790,2,16.87156776718902,16.87156776718902,100.0
3800,0,45.110162151734166,45.110162151734166,100.0
3800,1,16.927831158968498,16.927831158968498,100.0
3800,2,37.96200668929735,37.96200668929735,100.0
3810,0,14.062668670424081,14.062668670424081,100.0
3810,1,14.066050377260652,14.066050377260652,100.0
3810,2,71.87128095231527,71.87128095231527,100.0
3820,0,66.33922527318835,66.33922527318835,100.0
3820,1,19.630645690037795,19.630645690037795,100.0
3820,2,14.030129036773856,14.030129036773856,100.0
3830,0,51.75881784010908,51.75881784010908,100.0
3830,1,27.57937047041358,27.57937047041358,100.0
3830,2,20.66181168947734,20.66181168947734,100.0
3840,0,18.065307175722264,18.065307175722264,100.0
3840,1,24.297200375947856,24.297200375947856,100.0
3840,2,57.63749244832989,57.63749244832989,100.0
3850,0,34.79285690907947,34.79285690907947,100.0
3850,1,28.810849048408343,28.810849048408343,100.0
3850,2,36.396294042512196,36.396294042512196,100.0
3860,0,60.205809233092275,60.205809233092275,100.0
3860,1,18.4096837692208,18.4096837692208,100.0
3860,2,21.38450699768693,21.38450699768693,100.0
3870,0,11.947792599149064,11.947792599149064,100.0
3870,1,11.507323910492955,11.507323910492955,100.0
3870,2,76.54488349035799,76.54488349035799,100.0
3880,0,14.801770677765704,14.801770677765704,100.0
3880,1,30.544533081015775,30.544533081015775,100.0
3880,2,54.65369624121852,54.65369624121852,100.0
3890,0,40.083520290703404,40.083520290703404,100.0
3890,1,41.73675854833434,41.73675854833434,100.0
3890,2,18.17972116096226,18.17972116096226,100.0
3900,0,54.56955218673896,54.56955218673896,100.0
3900,1,28.448832678858142,28.448832678858142,100.0
3900,2,16.9816151344029,16.9816151344029,100.0
3910,0,11.160927398246232,11.160927398246232,100.0
3910,1,63.372000723414324,63.372000723414324,100.0
3910,2,25.467071878339446,25.467071878339446,100.0
3920,0,48.719433852581176,48.719433852581176,100.0
3920,1,18.66603295503965,18.66603295503965,100.0
3920,2,32.614533192379184,32.614533192379184,100.0
3930,0,11.192524794638057,11.192524794638057,100.0
3930,1,13.483727402977411,13.483727402977411,100.0
3930,2,75.32374780238453,75.32374780238453,100.0
3940,0,27.080254011184817,27.080254011184817,100.0
3940,1,21.77779710648436,21.77779710648436,100.0
3940,2,51.14194888233084,51.14194888233084,100.0
3950,0,59.19676734315472,59.19676734315472,100.0
3950,1,14.761062787441631,14.761062787441631,100.0
3950,2,26.042169869403637,26.042169869403637,100.0
3960,0,60.70390288113801,60.70390288113801,100.0
3960,1,11.590816173202157,11.590816173202157,100.0
3960,2,27.705280945659837,27.705280945659837,100.0
3970,0,39.73628558343566,39.73628558343566,100.0
3970,1,8.6952345163141,8.6952345163141,100.0
3970,2,51.56847990025024,51.56847990025024,100.0
3980,0,39.967407478698405,39.967407478698405,100.0
3980,1,10.98492878266192,10.98492878266192,100.0
3980,2,49.04766373863968,49.04766373863968,100.0
3990,0,11.979123366744872,11.979123366744872,100.0
3990,1,11.460618900858258,11.460618900858258,100.0
3990,2,76.56025773239688,76.56025773239688,100.0
4000,0,42.46524910092322,42.46524910092322,100.0
4000,1,18.078004268087135,18.078004268087135,100.0
4000,2,39.456746630989656,39.456746630989656,100.0
4010,0,42.77545083852378,42.77545083852378,100.0
4010,1,43.587431918730715,43.587431918730715,100.0
4010,2,13.63711724274549,13.63711724274549,100.0
4020,0,71.13283062101662,71.13283062101662,100.0
4020,1,18.67134282216533,18.67134282216533,100.0
4020,2,10.195826556818043,10.195826556818043,100.0
4030,0,49.866326169511964,49.866326169511964,100.0
4030,1,23.927515135350973,23.927515135350973,100.0
4030,2,26.20615869513706,26.20615869513706,100.0
4040,0,37.940969031653246,37.940969031653246,100.0
4040,1,50.48767883990221,50.48767883990221,100.0
4040,2,11.57135212844454,11.57135212844454,100.0
4050,0,11.05610159291722,11.05610159291722,100.0
4050,1,10.976177030733208,10.976177030733208,100.0
4050,2,77.96772137634957,77.96772137634957,100.0
4060,0,12.966941096721255,12.966941096721255,100.0
4060,1,36.30848226862882,36.30848226862882,100.0
4060,2,50.72457663464992,50.72457663464992,100.0
4070,0,50.76168820729438,50.76168820729438,100.0
4070,1,18.81645910769777,18.81645910769777,100.0
4070,2,30.42185268500786,30.42185268500786,100.0
4080,0,29.286048238285154,29.286048238285154,100.0
4080,1,42.22825885964608,42.22825885964608,100.0
4080,2,28.485692902068767,28.485692902068767,100.0
4090,0,52.18711769263075,52.18711769263075,100.0
4090,1,11.66286120961468,11.66286120961468,100.0
4090,2,36.150021097754575,36.150021097754575,100.0
4100,0,30.71522647081033,30.71522647081033,100.0
4100,1,14.171707466828282,14.171707466828282,100.0
4100,2,55.11306606236139,55.11306606236139,100.0
4110,0,11.41888252571114,11.41888252571114,100.0
4110,1,11.038993736658234,11.038993736658234,100.0
4110,2,77.54212373763062,77.54212373763062,100.0
4120,0,25.228088457182857,25.228088457182857,100.0
4120,1,49.433810737898774,49.433810737898774,100.0
4120,2,25.33810080491837,25.33810080491837,100.0
4130,0,15.322661914713521,15.322661914713521,100.0
4130,1,61.9614278497192,61.9614278497192,100.0
4130,2,22.715910235567282,22.715910235567282,100.0
4140,0,21.786274507528244,21.786274507528244,100.0
4140,1,56.93831814811302,56.93831814811302,100.0
4140,2,21.27540734435874,21.27540734435874,100.0
4150,0,37.45169627088353,37.45169627088353,100.0
4150,1,9.620833077319805,9.620833077319805,100.0
4150,2,52.92747065179667,52.92747065179667,100.0
4160,0,58.332739205736,58.332739205736,100.0
4160,1,15.383052756325696,15.383052756325696,100.0
4160,2,26.28420803793831,26.28420803793831,100.0
4170,0,12.02864575003713,12.02864575003713,100.0
4170,1,16.24016087749623,16.24016087749623,100.0
4170,2,71.73119337246663,71.73119337246663,100.0
4180,0,39.58131228401502,39.58131228401502,100.0
4180,1,26.4330402340979,26.4330402340979,100.0
4180,2,33.98564748188708,33.98564748188708,100.0
4190,0,33.19171064276314,33.19171064276314,100.0
4190,1,55.60677882405089,55.60677882405089,100.0
4190,2,11.201510533185962,11.201510533185962,100.0
4200,0,42.97309332863891,42.97309332863891,100.0
4200,1,34.279756129622726,34.279756129622726,100.0
4200,2,22.747150541738353,22.747150541738353,100.0
4210,0,57.46050435823008,57.46050435823008,100.0
4210,1,15.920124756599238,15.920124756599238,100.0
4210,2,26.619370885170685,26.619370885170685,100.0
4220,0,27.83263537742961,27.83263537742961,100.0
4220,1,44.04176630614376,44.04176630614376,100.0
4220,2,28.125598316426633,28.125598316426633,100.0
4230,0,13.202834106262,13.202834106262,100.0
4230,1,26.385699085627845,26.385699085627845,100.0
4230,2,60.41146680811016,60.41146680811016,100.0
4240,0,71.40339976200866,71.40339976200866,100.0
4240,1,16.175926277457815,16.175926277457815,100.0
4240,2,12.42067396053352,12.42067396053352,100.0
4250,0,72.93233706531507,72.93233706531507,100.0
4250,1,14.316807976224712,14.316807976224712,100.0
4250,2,12.75085495846023,12.75085495846023,100.0
4260,0,29.948883479484962,29.948883479484962,100.0
4260,1,31.717678625109308,31.717678625109308,100.0
4260,2,38.33343789540574,38.33343789540574,100.0
4270,0,47.96266745800579,47.96266745800579,100.0
4270,1,17.92736412571382,17.92736412571382,100.0
4270,2,34.109968416280395,34.109968416280395,100.0
4280,0,24.96538321765642,24.96538321765642,100.0
4280,1,49.328123490850366,49.328123490850366,100.0
4280,2,25.70649329149322,25.70649329149322,100.0
4290,0,11.529858356844356,11.529858356844356,100.0
4290,1,11.262029712636506,11.262029712636506,100.0
4290,2,77.20811193051914,77.20811193051914,100.0
4300,0,23.59312298020191,23.59312298020191,100.0
4300,1,17.630459544848815,17.630459544848815,100.0
4300,2,58.77641747494927,58.77641747494927,100.0
4310,0,23.877706350770335,23.877706350770335,100.0
4310,1,22.264686683338233,22.264686683338233,100.0
4310,2,53.857606965891435,53.857606965891435,100.0
4320,0,14.280577835600623,14.280577835600623,100.0
4320,1,64.23023672544083,64.23023672544083,100.0
4320,2,21.48918543895854,21.48918543895854,100.0
4330,0,46.237024979929515,46.237024979929515,100.0
4330,1,43.834701958682494,43.834701958682494,100.0
4330,2,9.928273061388,9.928273061388,100.0
4340,0,23.88077398426943,23.88077398426943,100.0
4340,1,18.29325594359251,18.29325594359251,100.0
4340,2,57.825970072138055,57.825970072138055,100.0
4350,0,11.789905324727101,11.789905324727101,100.0
4350,1,14.67875224333694,14.67875224333694,100.0
4350,2,73.53134243193597,73.53134243193597,100.0
4360,0,32.86487879277696,32.86487879277696,100.0
4360,1,29.77831912745124,29.77831912745124,100.0
4360,2,37.3568020797718,37.3568020797718,100.0
4370,0,59.617190847681,59.617190847681,100.0
4370,1,26.509910080690723,26.509910080690723,100.0
4370,2,13.872899071628284,13.872899071628284,100.0
4380,0,27.68556868515238,27.68556868515238,100.0
4380,1,26.670498091889772,26.670498091889772,100.0
4380,2,45.64393322295785,45.64393322295785,100.0
4390,0,51.96713214801688,51.96713214801688,100.0
4390,1,19.283234134768396,19.283234134768396,100.0
4390,2,28.749633717214724,28.749633717214724,100.0
4400,0,56.39363413354527,56.39363413354527,100.0
4400,1,29.811655920109647,29.811655920109647,100.0
4400,2,13.794709946345096,13.794709946345096,100.0
4410,0,11.988777205562021,11.988777205562021,100.0
4410,1,11.666848123993057,11.666848123993057,100.0
4410,2,76.34437467044492,76.34437467044492,100.0
4420,0,11.373047306113204,11.373047306113204,100.0
4420,1,55.18451607660438,55.18451607660438,100.0
4420,2,33.44243661728242,33.44243661728242,100.0
4430,0,64.15455877352315,64.15455877352315,100.0
4430,1,19.194153081515253,19.194153081515253,100.0
4430,2,16.651288144961587,16.651288144961587,100.0
4440,0,47.03832385936755,47.03832385936755,100.0
4440,1,25.555081725883987,25.555081725883987,100.0
4440,2,27.406594414748465,27.406594414748465,100.0
4450,0,46.0861304363167,46.0861304363167,100.0
4450,1,7.937247728149875,7.937247728149875,100.0
4450,2,45.97662183553343,45.97662183553343,100.0
4460,0,59.99135160602275,59.99135160602275,100.0
4460,1,26.599471467189666,26.599471467189666,100.0
4460,2,13.409176926787591,13.409176926787591,100.0
4470,0,10.823597349914422,10.823597349914422,100.0
4470,1,11.678758051983063,11.678758051983063,100.0
4470,2,77.49764459810251,77.49764459810251,100.0
4480,0,70.16824041639488,70.16824041639488,100.0
4480,1,15.810487063909834,15.810487063909834,100.0
4480,2,14.021272519695295,14.021272519695295,100.0
4490,0,14.40127183411144,14.40127183411144,100.0
4490,1,11.620241858439769,11.620241858439769,100.0
4490,2,73.9784863074488,73.9784863074488,100.0
4500,0,29.0009961672895,29.0009961672895,100.0
4500,1,46.25754763246486,46.25754763246486,100.0
4500,2,24.741456200245636,24.741456200245636,100.0
4510,0,19.763303909231677,19.763303909231677,100.0
4510,1,68.71258104993463,68.71258104993463,100.0
4510,2,11.524115040833697,11.524115040833697,100.0
4520,0,61.3276321201998,61.3276321201998,100.0
4520,1,13.672745191792371,13.672745191792371,100.0
4520,2,24.99962268800784,24.99962268800784,100.0
4530,0,12.445867656414213,12.445867656414213,100.0
4530,1,11.898773957396495,11.898773957396495,100.0
4530,2,75.65535838618929,75.65535838618929,100.0
4540,0,39.06653995568496,39.06653995568496,100.0
4540,1,18.08230138866585,18.08230138866585,100.0
4540,2,42.85115865564919,42.85115865564919,100.0
4550,0,59.91451048611547,59.91451048611547,100.0
4550,1,19.66027635489395,19.66027635489395,100.0
4550,2,20.425213158990584,20.425213158990584,100.0
4560,0,13.256100568970819,13.256100568970819,100.0
4560,1,19.22742056475381,19.22742056475381,100.0
4560,2,67.51647886627536,67.51647886627536,100.0
4570,0,64.91387498067094,64.91387498067094,100.0
4570,1,20.461582220665335,20.461582220665335,100.0
4570,2,14.624542798663724,14.624542798663724,100.0
4580,0,11.178579774193306,11.178579774193306,100.0
4580,1,22.21538132307226,22.21538132307226,100.0
4580,2,66.60603890273443,66.60603890273443,100.0
4590,0,10.939348169446012,10.939348169446012,100.0
4590,1,10.831196508572782,10.831196508572782,100.0
4590,2,78.2294553219812,78.2294553219812,100.0
4600,0,32.09600114744404,32.09600114744404,100.0
4600,1,12.576101075148088,12.576101075148088,100.0
4600,2,55.32789777740786,55.32789777740786,100.0
4610,0,16.267475158636383,16.267475158636383,100.0
4610,1,46.39352468022391,46.39352468022391,100.0
4610,2,37.339000161139694,37.339000161139694,100.0
4620,0,39.49430789769045,39.49430789769045,100.0
4620,1,29.151393654597967,29.151393654597967,100.0
4620,2,31.35429844771159,31.35429844771159,100.0
4630,0,38.6195636917505,38.6195636917505,100.0
4630,1,49.762825667003256,49.762825667003256,100.0
4630,2,11.617610641246243,11.617610641246243,100.0
4640,0,21.380784086803654,21.380784086803654,100.0
4640,1,52.38719918115342,52.38719918115342,100.0
4640,2,26.23201673204292,26.23201673204292,100.0
4650,0,12.610405978338765,12.610405978338765,100.0
4650,1,12.214267220607933,12.214267220607933,100.0
4650,2,75.1753268010533,75.1753268010533,100.0
4660,0,27.08855900446576,27.08855900446576,100.0
4660,1,12.963494371894472,12.963494371894472,100.0
4660,2,59.94794662363977,59.94794662363977,100.0
4670,0,37.54693592795805,37.54693592795805,100.0
4670,1,15.808935209455457,15.808935209455457,100.0
4670,2,46.644128862586484,46.644128862586484,100.0
4680,0,19.461591428364404,19.461591428364404,100.0
4680,1,31.60308468909908,31.60308468909908,100.0
4680,2,48.935323882536515,48.935323882536515,100.0
4690,0,21.70038404113872,21.70038404113872,100.0
4690,1,56.24275731702806,56.24275731702806,100.0
4690,2,22.05685864183322,22.05685864183322,100.0
4700,0,40.38029258449553,40.38029258449553,100.0
4700,1,11.076447318860144,11.076447318860144,100.0
4700,2,48.54326009664434,48.54326009664434,100.0
4710,0,17.911574287381313,17.911574287381313,100.0
4710,1,12.925728018548915,12.925728018548915,100.0
4710,2,69.16269769406978,69.16269769406978,100.0
4720,0,37.34357577302732,37.34357577302732,100.0
4720,1,14.069190227882306,14.069190227882306,100.0
4720,2,48.58723399909038,48.58723399909038,100.0
4730,0,19.728747362310557,19.728747362310557,100.0
4730,1,12.122678000381581,12.122678000381581,100.0
4730,2,68.14857463730786,68.14857463730786,100.0
4740,0,53.48297135652079,53.48297135652079,100.0
4740,1,9.853706573826795,9.853706573826795,100.0
4740,2,36.66332206965242,36.66332206965242,100.0
4750,0,66.20530596581015,66.20530596581015,100.0
4750,1,23.32788042695307,23.32788042695307,100.0
4750,2,10.466813607236785,10.466813607236785,100.0
4760,0,22.705902629409703,22.705902629409703,100.0
4760,1,31.899739119285535,31.899739119285535,100.0
4760,2,45.394358251304766,45.394358251304766,100.0
4770,0,12.615481816698,12.615481816698,100.0
4770,1,12.897889953906375,12.897889953906375,100.0
4770,2,74.48662822939562,74.48662822939562,100.0
4780,0,54.042395335453854,54.042395335453854,100.0
4780,1,21.15592824193834,21.15592824193834,100.0
4780,2,24.801676422607816,24.801676422607816,100.0
4790,0,56.17894415733762,56.17894415733762,100.0
4790,1,20.159573578346446,20.159573578346446,100.0
4790,2,23.661482264315943,23.661482264315943,100.0
4800,0,16.545501135972167,16.545501135972167,100.0
4800,1,20.459405307115528,20.459405307115528,100.0
4800,2,62.99509355691231,62.99509355691231,100.0
4810,0,30.305890941167423,30.305890941167423,100.0
4810,1,22.176701737543727,22.176701737543727,100.0
4810,2,47.51740732128884,47.51740732128884,100.0
4820,0,13.445607127856842,13.445607127856842,100.0
4820,1,14.497841975210275,14.497841975210275,100.0
4820,2,72.05655089693288,72.05655089693288,100.0
4830,0,10.9830261935096,10.9830261935096,100.0
4830,1,11.089339603941792,11.089339603941792,100.0
4830,2,77.92763420254862,77.92763420254862,100.0
4840,0,23.55175975463017,23.55175975463017,100.0
4840,1,18.10086824509913,18.10086824509913,100.0
4840,2,58.34737200027072,58.34737200027072,100.0
4850,0,11.806386482708213,11.806386482708213,100.0
4850,1,34.20875575429832,34.20875575429832,100.0
4850,2,53.984857762993464,53.984857762993464,100.0
4860,0,49.36265256721628,49.36265256721628,100.0
4860,1,9.80351686427235,9.80351686427235,100.0
4860,2,40.83383056851138,40.83383056851138,100.0
4870,0,42.10791081001304,42.10791081001304,100.0
4870,1,31.878010569270998,31.878010569270998,100.0
4870,2,26.01407862071597,26.01407862071597,100.0
4880,0,30.16029705108658,30.16029705108658,100.0
4880,1,26.206865961110026,26.206865961110026,100.0
4880,2,43.632836987803394,43.632836987803394,100.0
4890,0,11.110813758094519,11.110813758094519,100.0
4890,1,12.006778243091391,12.006778243091391,100.0
4890,2,76.8824079988141,76.8824079988141,100.0
4900,0,31.694378115461237,31.694378115461237,100.0
4900,1,30.93884428196671,30.93884428196671,100.0
4900,2,37.36677760257206,37.36677760257206,100.0
4910,0,33.01660302546786,33.01660302546786,100.0
4910,1,24.123130479675368,24.123130479675368,100.0
4910,2,42.860266494856766,42.860266494856766,100.0
4920,0,17.686029876864414,17.686029876864414,100.0
4920,1,48.98962075102706,48.98962075102706,100.0
4920,2,33.32434937210852,33.32434937210852,100.0
4930,0,57.662683905218955,57.662683905218955,100.0
4930,1,11.194404785633093,11.194404785633093,100.0
4930,2,31.14291130914794,31.14291130914794,100.0
4940,0,37.81961387461232,37.81961387461232,100.0
4940,1,17.425362269908202,17.425362269908202,100.0
4940,2,44.75502385547948,44.75502385547948,100.0
4950,0,14.768879006661315,14.768879006661315,100.0
4950,1,12.83632323923137,12.83632323923137,100.0
4950,2,72.39479775410732,72.39479775410732,100.0
4960,0,32.81179762818156,32.81179762818156,100.0
4960,1,40.82367062641655,40.82367062641655,100.0
4960,2,26.364531745401887,26.364531745401887,100.0
4970,0,39.79005900990023,39.79005900990023,100.0
4970,1,41.70042974041681,41.70042974041681,100.0
4970,2,18.509511249682973,18.509511249682973,100.0
4980,0,15.031192653278138,15.031192653278138,100.0
4980,1,21.471652752633695,21.471652752633695,100.0
4980,2,63.497154594088165,63.497154594088165,100.0
4990,0,59.83033189123215,59.83033189123215,100.0
4990,1,10.680949595992429,10.680949595992429,100.0
4990,2,29.488718512775424,29.488718512775424,100.0
5000,0,40.91074141479854,40.91074141479854,100.0
5000,1,13.510555725031928,13.510555725031928,100.0
5000,2,45.578702860169535,45.578702860169535,100.0
5010,0,11.820855017241547,11.820855017241547,100.0
5010,1,11.683878845287603,11.683878845287603,100.0
5010,2,76.49526613747085,76.49526613747085,100.0
5020,0,35.04600051102656,35.04600051102656,100.0
5020,1,41.388027888717104,41.388027888717104,100.0
5020,2,23.565971600256336,23.565971600256336,100.0
5030,0,54.70111255776514,54.70111255776514,100.0
5030,1,20.695748539725063,20.695748539725063,100.0
5030,2,24.603138902509798,24.603138902509798,100.0
5040,0,40.39519801141055,40.39519801141055,100.0
5040,1,49.17280560366741,49.17280560366741,100.0
5040,2,10.431996384922043,10.431996384922043,100.0
5050,0,30.25105313224933,30.25105313224933,100.0
5050,1,52.29667450247825,52.29667450247825,100.0
5050,2,17.452272365272425,17.452272365272425,100.0
5060,0,38.62034324181077,38.62034324181077,100.0
5060,1,49.91460382866758,49.91460382866758,100.0
5060,2,11.465052929521645,11.465052929521645,100.0
5070,0,10.286776085054987,10.286776085054987,100.0
5070,1,20.563849723708447,20.563849723708447,100.0
5070,2,69.14937419123657,69.14937419123657,100.0
5080,0,37.66815018525032,37.66815018525032,100.0
5080,1,16.559178036601878,16.559178036601878,100.0
5080,2,45.7726717781478,45.7726717781478,100.0
5090,0,29.52518309578624,29.52518309578624,100.0
5090,1,34.05081590115045,34.05081590115045,100.0
5090,2,36.42400100306332,36.42400100306332,100.0
5100,0,48.90420121694354,48.90420121694354,100.0
5100,1,16.700088791813673,16.700088791813673,100.0
5100,2,34.39570999124279,34.39570999124279,100.0
5110,0,43.911647774904054,43.911647774904054,100.0
5110,1,37.993508728275174,37.993508728275174,100.0
5110,2,18.094843496820783,18.094843496820783,100.0
5120,0,44.259682040314225,44.259682040314225,100.0
5120,1,32.529065906013585,32.529065906013585,100.0
5120,2,23.211252053672183,23.211252053672183,100.0
5130,0,11.449976436081606,11.449976436081606,100.0
5130,1,13.330987537707204,13.330987537707204,100.0
5130,2,75.2190360262112,75.2190360262112,100.0
5140,0,29.977664251882086,29.977664251882086,100.0
5140,1,27.49250030591747,27.49250030591747,100.0
5140,2,42.52983544220044,42.52983544220044,100.0
5150,0,22.38758134167712,22.38758134167712,100.0
5150,1,34.87419231801065,34.87419231801065,100.0
5150,2,42.73822634031224,42.73822634031224,100.0
5160,0,38.73901502165853,38.73901502165853,100.0
5160,1,35.52448555688098,35.52448555688098,100.0
5160,2,25.736499421460486,25.736499421460486,100.0
5170,0,50.39596465642697,50.39596465642697,100.0
5170,1,12.137506372834405,12.137506372834405,100.0
5170,2,37.466528970738615,37.466528970738615,100.0
5180,0,15.79035183447893,15.79035183447893,100.0
5180,1,64.46487253960481,64.46487253960481,100.0
5180,2,19.744775625916255,19.744775625916255,100.0
5190,0,14.18903336478504,14.18903336478504,100.0
5190,1,15.644559703799027,15.644559703799027,100.0
5190,2,70.16640693141593,70.16640693141593,100.0
5200,0,39.35447560948023,39.35447560948023,100.0
5200,1,52.8192964197152,52.8192964197152,100.0
5200,2,7.8262279708045766,7.8262279708045766,100.0
5210,0,37.150952990533646,37.150952990533646,100.0
5210,1,18.411503281830754,18.411503281830754,100.0
5210,2,44.4375437276356,44.4375437276356,100.0
5220,0,36.493079141790005,36.493079141790005,100.0
5220,1,18.710450543830515,18.710450543830515,100.0
5220,2,44.79647031437948,44.79647031437948,100.0
5230,0,10.355516678282408,10.355516678282408,100.0
5230,1,46.709892659195845,46.709892659195845,100.0
5230,2,42.93459066252174,42.93459066252174,100.0
5240,0,34.81801908709776,34.81801908709776,100.0
5240,1,23.910376510550464,23.910376510550464,100.0
5240,2,41.27160440235178,41.27160440235178,100.0
5250,0,11.695362128374798,11.695362128374798,100.0
5250,1,12.688089108226075,12.688089108226075,100.0
5250,2,75.61654876339912,75.61654876339912,100.0
5260,0,61.4326594661531,61.4326594661531,100.0
5260,1,16.954245835066054,16.954245835066054,100.0
5260,2,21.613094698780856,21.613094698780856,100.0
5270,0,23.536149449663,23.536149449663,100.0
5270,1,58.17949482190902,58.17949482190902,100.0
5270,2,18.284355728427975,18.284355728427975,100.0
5280,0,21.3025938578419,21.3025938578419,100.0
5280,1,35.607765624032936,35.607765624032936,100.0
5280,2,43.08964051812517,43.08964051812517,100.0
5290,0,44.59352428528405,44.59352428528405,100.0
5290,1,20.507440413404595,20.507440413404595,100.0
5290,2,34.89903530131136,34.89903530131136,100.0
5300,0,32.269905774832026,32.269905774832026,100.0
5300,1,43.67145892332707,43.67145892332707,100.0
5300,2,24.058635301840905,24.058635301840905,100.0
5310,0,11.536370451628002,11.536370451628002,100.0
5310,1,11.89310395138747,11.89310395138747,100.0
5310,2,76.57052559698452,76.57052559698452,100.0
5320,0,52.62173254487534,52.62173254487534,100.0
5320,1,25.504630379156584,25.504630379156584,100.0
5320,2,21.873637075968073,21.873637075968073,100.0
5330,0,69.98220874926928,69.98220874926928,100.0
5330,1,16.938890269093186,16.938890269093186,100.0
5330,2,13.078900981637545,13.078900981637545,100.0
5340,0,40.14656215993991,40.14656215993991,100.0
5340,1,45.85898503659204,45.85898503659204,100.0
5340,2,13.994452803468057,13.994452803468057,100.0
5350,0,57.83326854532164,57.83326854532164,100.0
5350,1,29.182052676824416,29.182052676824416,100.0
5350,2,12.984678777853937,12.984678777853937,100.0
5360,0,51.197404682651616,51.197404682651616,100.0
5360,1,25.903589632324923,25.903589632324923,100.0
5360,2,22.899005685023464,22.899005685023464,100.0
5370,0,13.15343433539711,13.15343433539711,100.0
5370,1,13.23256433869083,13.23256433869083,100.0
5370,2,73.61400132591206,73.61400132591206,100.0
5380,0,12.835999914911952,12.835999914911952,100.0
5380,1,67.0088645893738,67.0088645893738,100.0
5380,2,20.15513549571425,20.15513549571425,100.0
5390,0,32.96564710974012,32.96564710974012,100.0
5390,1,26.34917953244656,26.34917953244656,100.0
5390,2,40.68517335781333,40.68517335781333,100.0
5400,0,32.661004930971075,32.661004930971075,100.0
5400,1,19.79317092842077,19.79317092842077,100.0
5400,2,47.54582414060815,47.54582414060815,100.0
5410,0,63.30223124845319,63.30223124845319,100.0
5410,1,12.21398886084399,12.21398886084399,100.0
5410,2,24.483779890702817,24.483779890702817,100.0
5420,0,22.510636085178664,22.510636085178664,100.0
5420,1,25.53343712996559,25.53343712996559,100.0
5420,2,51.95592678485574,51.95592678485574,100.0
5430,0,15.570147018043231,15.570147018043231,100.0
5430,1,20.953186773503734,20.953186773503734,100.0
5430,2,63.47666620845304,63.47666620845304,100.0
5440,0,20.845003565935134,20.845003565935134,100.0
5440,1,47.84090930725766,47.84090930725766,100.0
5440,2,31.31408712680721,31.31408712680721,100.0
5450,0,68.14494325328369,68.14494325328369,100.0
5450,1,19.70553531133163,19.70553531133163,100.0
5450,2,12.149521435384695,12.149521435384695,100.0
5460,0,39.30135987238172,39.30135987238172,100.0
5460,1,42.38914387829915,42.38914387829915,100.0
5460,2,18.30949624931914,18.30949624931914,100.0
5470,0,33.236234310002274,33.236234310002274,100.0
5470,1,30.01754099955126,30.01754099955126,100.0
5470,2,36.74622469044646,36.74622469044646,100.0
5480,0,24.063645123896528,24.063645123896528,100.0
5480,1,62.91282535134706,62.91282535134706,100.0
5480,2,13.023529524756414,13.023529524756414,100.0
5490,0,11.330604861322984,11.330604861322984,100.0
5490,1,12.183755311077373,12.183755311077373,100.0
5490,2,76.48563982759966,76.48563982759966,100.0
5500,0,33.79490193350634,33.79490193350634,100.0
5500,1,27.218964558874386,27.218964558874386,100.0
5500,2,38.98613350761928,38.98613350761928,100.0
5510,0,47.27730333001306,47.27730333001306,100.0
5510,1,16.486421763091975,16.486421763091975,100.0
5510,2,36.23627490689495,36.23627490689495,100.0
5520,0,31.412070185326336,31.412070185326336,100.0
5520,1,32.572176017864614,32.572176017864614,100.0
5520,2,36.01575379680906,36.01575379680906,100.0
5530,0,32.081337970470486,32.081337970470486,100.0
5530,1,27.393053458325472,27.393053458325472,100.0
5530,2,40.525608571204046,40.525608571204046,100.0
5540,0,25.075763994686824,25.075763994686824,100.0
5540,1,37.960415227404646,37.960415227404646,100.0
5540,2,36.96382077790854,36.96382077790854,100.0
5550,0,11.456163895777733,11.456163895777733,100.0
5550,1,12.249732576640714,12.249732576640714,100.0
5550,2,76.29410352758156,76.29410352758156,100.0
5560,0,39.711131815481124,39.711131815481124,100.0
5560,1,40.90318885614346,40.90318885614346,100.0
5560,2,19.385679328375424,19.385679328375424,100.0
5570,0,50.999844628972646,50.999844628972646,100.0
5570,1,40.12724904532769,40.12724904532769,100.0
5570,2,8.872906325699667,8.872906325699667,100.0
5580,0,57.37923318129439,57.37923318129439,100.0
5580,1,30.809951476399345,30.809951476399345,100.0
5580,2,11.810815342306272,11.810815342306272,100.0
5590,0,29.26718088955561,29.26718088955561,100.0
5590,1,30.03382944668884,30.03382944668884,100.0
5590,2,40.698989663755555,40.698989663755555,100.0
5600,0,59.83998938817378,59.83998938817378,100.0
5600,1,24.650710881193312,24.650710881193312,100.0
5600,2,15.50929973063292,15.50929973063292,100.0
5610,0,15.152924111264063,15.152924111264063,100.0
5610,1,11.219192823332586,11.219192823332586,100.0
5610,2,73.62788306540335,73.62788306540335,100.0
5620,0,49.93890967125529,49.93890967125529,100.0
5620,1,28.53421764151176,28.53421764151176,100.0
5620,2,21.526872687232952,21.526872687232952,100.0
5630,0,37.77910126958678,37.77910126958678,100.0
5630,1,44.01308015664835,44.01308015664835,100.0
5630,2,18.207818573764865,18.207818573764865,100.0
5640,0,24.791343973428575,24.791343973428575,100.0
5640,1,16.80972393335578,16.80972393335578,100.0
5640,2,58.39893209321564,58.39893209321564,100.0
5650,0,37.52864419569456,37.52864419569456,100.0
5650,1,35.49255718942941,35.49255718942941,100.0
5650,2,26.978798614876027,26.978798614876027,100.0
5660,0,21.892710779946583,21.892710779946583,100.0
5660,1,45.85225172640347,45.85225172640347,100.0
5660,2,32.255037493649944,32.255037493649944,100.0
5670,0,12.047089262067653,12.047089262067653,100.0
5670,1,12.262112342609448,12.262112342609448,100.0
5670,2,75.69079839532291,75.69079839532291,100.0
5680,0,27.488412255406757,27.488412255406757,100.0
5680,1,23.030104974990522,23.030104974990522,100.0
5680,2,49.48148276960271,49.48148276960271,100.0
5690,0,63.34613950324205,63.34613950324205,100.0
5690,1,23.055638955915747,23.055638955915747,100.0
5690,2,13.598221540842212,13.598221540842212,100.0
5700,0,50.47351784463155,50.47351784463155,100.0
5700,1,24.024166306041668,24.024166306041668,100.0
5700,2,25.502315849326777,25.502315849326777,100.0
5710,0,32.606316029193025,32.606316029193025,100.0
5710,1,31.03932104469212,31.03932104469212,100.0
5710,2,36.35436292611487,36.35436292611487,100.0
5720,0,41.20369629932005,41.20369629932005,100.0
5720,1,43.46520556068942,43.46520556068942,100.0
5720,2,15.331098139990528,15.331098139990528,100.0
5730,0,12.047316281671554,12.047316281671554,100.0
5730,1,11.21326528537318,11.21326528537318,100.0
5730,2,76.73941843295526,76.73941843295526,100.0
5740,0,64.86057269136354,64.86057269136354,100.0
5740,1,23.49635919464874,23.49635919464874,100.0
5740,2,11.643068113987713,11.643068113987713,100.0
5750,0,28.640689859325125,28.640689859325125,100.0
5750,1,19.35363285600985,19.35363285600985,100.0
5750,2,52.00567728466503,52.00567728466503,100.0
5760,0,66.87189418874232,66.87189418874232,100.0
5760,1,10.322888815209382,10.322888815209382,100.0
5760,2,22.805216996048294,22.805216996048294,100.0
5770,0,27.646944425643095,27.646944425643095,100.0
5770,1,13.401459266534863,13.401459266534863,100.0
5770,2,58.95159630782205,58.95159630782205,100.0
5780,0,68.28766092794109,68.28766092794109,100.0
5780,1,19.066188372839164,19.066188372839164,100.0
5780,2,12.646150699219735,12.646150699219735,100.0
5790,0,12.721288740940809,12.721288740940809,100.0
5790,1,11.387367384482555,11.387367384482555,100.0
5790,2,75.89134387457663,75.89134387457663,100.0
5800,0,46.21855042916224,46.21855042916224,100.0
5800,1,17.851492493520205,17.851492493520205,100.0
5800,2,35.92995707731756,35.92995707731756,100.0
5810,0,40.2083646195866,40.2083646195866,100.0
5810,1,9.823126335898495,9.823126335898495,100.0
5810,2,49.96850904451491,49.96850904451491,100.0
5820,0,54.95681961265003,54.95681961265003,100.0
5820,1,26.190079637440018,26.190079637440018,100.0
5820,2,18.853100749909952,18.853100749909952,100.0
5830,0,25.407178909124728,25.407178909124728,100.0
5830,1,52.672962731517956,52.672962731517956,100.0
5830,2,21.919858359357313,21.919858359357313,100.0
5840,0,64.5984025806354,64.5984025806354,100.0
5840,1,20.287608486413887,20.287608486413887,100.0
5840,2,15.113988932950729,15.113988932950729,100.0
5850,0,13.77340576834708,13.77340576834708,100.0
5850,1,12.555918378413299,12.555918378413299,100.0
5850,2,73.67067585323962,73.67067585323962,100.0
5860,0,34.48444613189981,34.48444613189981,100.0
5860,1,16.87447430427674,16.87447430427674,100.0
5860,2,48.64107956382346,48.64107956382346,100.0
5870,0,12.331093869735126,12.331093869735126,100.0
5870,1,23.07648741356915,23.07648741356915,100.0
5870,2,64.59241871669572,64.59241871669572,100.0
5880,0,32.55975910490147,32.55975910490147,100.0
5880,1,22.39221786588975,22.39221786588975,100.0
5880,2,45.04802302920878,45.04802302920878,100.0
5890,0,22.872753100760548,22.872753100760548,100.0
5890,1,32.32473802830032,32.32473802830032,100.0
5890,2,44.80250887093914,44.80250887093914,100.0
5900,0,47.80237046508525,47.80237046508525,100.0
5900,1,30.063535911504065,30.063535911504065,100.0
5900,2,22.134093623410696,22.134093623410696,100.0
5910,0,13.882635037256902,13.882635037256902,100.0
5910,1,10.722188550368465,10.722188550368465,100.0
5910,2,75.39517641237464,75.39517641237464,100.0
5920,0,55.24444610111604,55.24444610111604,100.0
5920,1,19.8054818933621,19.8054818933621,100.0
5920,2,24.950072005521857,24.950072005521857,100.0
5930,0,15.594631195541774,15.594631195541774,100.0
5930,1,12.262798854013903,12.262798854013903,100.0
5930,2,72.14256995044433,72.14256995044433,100.0
5940,0,45.122007110774334,45.122007110774334,100.0
5940,1,8.36409655140756,8.36409655140756,100.0
5940,2,46.51389633781811,46.51389633781811,100.0
5950,0,58.19161994022879,58.19161994022879,100.0
5950,1,17.482227729495143,17.482227729495143,100.0
5950,2,24.326152330276066,24.326152330276066,100.0
5960,0,38.633971576563965,38.633971576563965,100.0
5960,1,16.442669632884545,16.442669632884545,100.0
5960,2,44.9233587905515,44.9233587905515,100.0
5970,0,11.437705370849361,11.437705370849361,100.0
5970,1,13.708702290127587,13.708702290127587,100.0
5970,2,74.85359233902305,74.85359233902305,100.0
5980,0,25.525174712291744,25.525174712291744,100.0
5980,1,29.557774791254598,29.557774791254598,100.0
5980,2,44.91705049645366,44.91705049645366,100.0
5990,0,58.04293642751996,58.04293642751996,100.0
5990,1,20.177010358598043,20.177010358598043,100.0
5990,2,21.780053213882,21.780053213882,100.0
6000,0,44.37359661875011,44.37359661875011,100.0
6000,1,37.58189071626608,37.58189071626608,100.0
6000,2,18.04451266498381,18.04451266498381,100.0
6010,0,24.510309275475755,24.510309275475755,100.0
6010,1,56.10189284768909,56.10189284768909,100.0
6010,2,19.387797876835158,19.387797876835158,100.0
6020,0,54.84063479791106,54.84063479791106,100.0
6020,1,17.830836648412923,17.830836648412923,100.0
6020,2,27.32852855367602,27.32852855367602,100.0
6030,0,11.643020099090666,11.643020099090666,100.0
6030,1,12.649649468594736,12.649649468594736,100.0
6030,2,75.7073304323146,75.7073304323146,100.0
6040,0,20.27306874865265,20.27306874865265,100.0
6040,1,35.609038211963465,35.609038211963465,100.0
6040,2,44.11789303938389,44.11789303938389,100.0
6050,0,70.20910508294439,70.20910508294439,100.0
6050,1,14.696314184830308,14.696314184830308,100.0
6050,2,15.09458073222531,15.09458073222531,100.0
6060,0,60.927894107733096,60.927894107733096,100.0
6060,1,13.52829601682924,13.52829601682924,100.0
6060,2,25.543809875437677,25.543809875437677,100.0
6070,0,44.6847178356503,44.6847178356503,100.0
6070,1,26.854686586462726,26.854686586462726,100.0
6070,2,28.460595577886988,28.460595577886988,100.0
6080,0,14.752533712197499,14.752533712197499,100.0
6080,1,64.098121993925,64.098121993925,100.0
6080,2,21.14934429387751,21.14934429387751,100.0
6090,0,11.690614231113512,11.690614231113512,100.0
6090,1,11.185904314925105,11.185904314925105,100.0
6090,2,77.12348145396139,77.12348145396139,100.0
6100,0,64.34411378855768,64.34411378855768,100.0
6100,1,11.980727137025106,11.980727137025106,100.0
6100,2,23.675159074417223,23.675159074417223,100.0
6110,0,42.913762989846134,42.913762989846134,100.0
6110,1,29.771718336849105,29.771718336849105,100.0
6110,2,27.31451867330477,27.31451867330477,100.0
6120,0,48.23252332035521,48.23252332035521,100.0
6120,1,37.74240674381023,37.74240674381023,100.0
6120,2,14.02506993583456,14.02506993583456,100.0
6130,0,50.340084348404226,50.340084348404226,100.0
6130,1,15.8497680204919,15.8497680204919,100.0
6130,2,33.810147631103874,33.810147631103874,100.0
6140,0,46.94811702880079,46.94811702880079,100.0
6140,1,10.201729233522078,10.201729233522078,100.0
6140,2,42.85015373767714,42.85015373767714,100.0
6150,0,11.331510838226606,11.331510838226606,100.0
6150,1,12.448765118939727,12.448765118939727,100.0
6150,2,76.21972404283368,76.21972404283368,100.0
6160,0,69.49139617600424,69.49139617600424,100.0
6160,1,16.69825392419816,16.69825392419816,100.0
6160,2,13.810349899797602,13.810349899797602,100.0
6170,0,18.18085193005212,18.18085193005212,100.0
6170,1,16.03910014274606,16.03910014274606,100.0
6170,2,65.78004792720182,65.78004792720182,100.0
6180,0,53.5912264524256,53.5912264524256,100.0
6180,1,15.711102197991133,15.711102197991133,100.0
6180,2,30.69767134958326,30.69767134958326,100.0
6190,0,48.74781961508617,48.74781961508617,100.0
6190,1,22.67679255428116,22.67679255428116,100.0
6190,2,28.57538783063267,28.57538783063267,100.0
6200,0,38.48831982980796,38.48831982980796,100.0
6200,1,24.139648555567756,24.139648555567756,100.0
6200,2,37.37203161462428,37.37203161462428,100.0
6210,0,11.510429382241195,11.510429382241195,100.0
6210,1,11.560912769351846,11.560912769351846,100.0
6210,2,76.92865784840697,76.92865784840697,100.0
6220,0,33.56302505079706,33.56302505079706,100.0
6220,1,42.62848919271454,42.62848919271454,100.0
6220,2,23.808485756488405,23.808485756488405,100.0
6230,0,11.836411391791387,11.836411391791387,100.0
6230,1,18.93904173906088,18.93904173906088,100.0
6230,2,69.22454686914773,69.22454686914773,100.0
6240,0,54.212671692112146,54.212671692112146,100.0
6240,1,22.588940524466604,22.588940524466604,100.0
6240,2,23.198387783421246,23.198387783421246,100.0
6250,0,20.44455690594043,20.44455690594043,100.0
6250,1,47.846791335729755,47.846791335729755,100.0
6250,2,31.708651758329825,31.708651758329825,100.0
6260,0,48.06499991151441,48.06499991151441,100.0
6260,1,15.003394830104522,15.003394830104522,100.0
6260,2,36.931605258381076,36.931605258381076,100.0
6270,0,15.22077387308105,15.22077387308105,100.0
6270,1,11.27879012504311,11.27879012504311,100.0
6270,2,73.50043600187584,73.50043600187584,100.0
6280,0,55.47945359133738,55.47945359133738,100.0
6280,1,16.15918715419479,16.15918715419479,100.0
6280,2,28.36135925446784,28.36135925446784,100.0
6290,0,29.29534739900782,29.29534739900782,100.0
6290,1,51.57211231076306,51.57211231076306,100.0
6290,2,19.132540290229116,19.132540290229116,100.0
6300,0,13.544650193240043,13.544650193240043,100.0
6300,1,37.5822732515623,37.5822732515623,100.0
6300,2,48.87307655519766,48.87307655519766,100.0
6310,0,12.453608014100384,12.453608014100384,100.0
6310,1,59.02369122918262,59.02369122918262,100.0
6310,2,28.522700756717008,28.522700756717008,100.0
6320,0,60.721144485513015,60.721144485513015,100.0
6320,1,22.894113925009837,22.894113925009837,100.0
6320,2,16.38474158947715,16.38474158947715,100.0
6330,0,12.039282636838413,12.039282636838413,100.0
6330,1,11.223144380712863,11.223144380712863,100.0
6330,2,76.73757298244873,76.73757298244873,100.0
6340,0,40.780277980394544,40.780277980394544,100.0
6340,1,19.313850384395334,19.313850384395334,100.0
6340,2,39.905871635210126,39.905871635210126,100.0
6350,0,43.59980788910986,43.59980788910986,100.0
6350,1,21.714114587004953,21.714114587004953,100.0
6350,2,34.686077523885196,34.686077523885196,100.0
6360,0,41.935382843454214,41.935382843454214,100.0
6360,1,24.04240668999513,24.04240668999513,100.0
6360,2,34.02221046655066,34.02221046655066,100.0
6370,0,57.32281720083462,57.32281720083462,100.0
6370,1,11.882996012928778,11.882996012928778,100.0
6370,2,30.794186786236605,30.794186786236605,100.0
6380,0,60.54219490090077,60.54219490090077,100.0
6380,1,25.490879199962897,25.490879199962897,100.0
6380,2,13.966925899136326,13.966925899136326,100.0
6390,0,16.538123444779835,16.538123444779835,100.0
6390,1,12.819136273457934,12.819136273457934,100.0
6390,2,70.64274028176224,70.64274028176224,100.0
6400,0,21.07120521178399,21.07120521178399,100.0
6400,1,36.524794524491185,36.524794524491185,100.0
6400,2,42.404000263724825,42.404000263724825,100.0
6410,0,45.25108745790728,45.25108745790728,100.0
6410,1,37.222176316956904,37.222176316956904,100.0
6410,2,17.526736225135824,17.526736225135824,100.0
6420,0,18.476218839965135,18.476218839965135,100.0
6420,1,37.53054305765166,37.53054305765166,100.0
6420,2,43.993238102383216,43.993238102383216,100.0
6430,0,39.87648599131843,39.87648599131843,100.0
6430,1,52.2083901709395,52.2083901709395,100.0
6430,2,7.915123837742081,7.915123837742081,100.0
6440,0,23.888516139894183,23.888516139894183,100.0
6440,1,46.132204354625344,46.132204354625344,100.0
6440,2,29.979279505480477,29.979279505480477,100.0
6450,0,12.324801526975977,12.324801526975977,100.0
6450,1,15.1652234946976,15.1652234946976,100.0
6450,2,72.50997497832643,72.50997497832643,100.0
6460,0,33.046245020753545,33.046245020753545,100.0
6460,1,40.61718592366636,40.61718592366636,100.0
6460,2,26.3365690555801,26.3365690555801,100.0
6470,0,20.22360881940907,20.22360881940907,100.0
6470,1,19.436860076909067,19.436860076909067,100.0
6470,2,60.339531103681864,60.339531103681864,100.0
6480,0,38.43115305472612,38.43115305472612,100.0
6480,1,19.420035184253248,19.420035184253248,100.0
6480,2,42.148811761020625,42.148811761020625,100.0
6490,0,58.91342784153769,58.91342784153769,100.0
6490,1,24.543497182906023,24.543497182906023,100.0
6490,2,16.543074975556287,16.543074975556287,100.0
6500,0,21.059490122819238,21.059490122819238,100.0
6500,1,45.47061596143114,45.47061596143114,100.0
6500,2,33.469893915749616,33.469893915749616,100.0
6510,0,12.369702071435833,12.369702071435833,100.0
6510,1,12.075143486910722,12.075143486910722,100.0
6510,2,75.55515444165344,75.55515444165344,100.0
6520,0,57.619033203119095,57.619033203119095,100.0
6520,1,17.646267051801523,17.646267051801523,100.0
6520,2,24.734699745079382,24.734699745079382,100.0
6530,0,53.05803349266489,53.05803349266489,100.0
6530,1,18.30240209754743,18.30240209754743,100.0
6530,2,28.639564409787692,28.639564409787692,100.0
6540,0,39.44625936886811,39.44625936886811,100.0
6540,1,40.47866098239741,40.47866098239741,100.0
6540,2,20.07507964873448,20.07507964873448,100.0
6550,0,70.8592058321095,70.8592058321095,100.0
6550,1,13.808446501497432,13.808446501497432,100.0
6550,2,15.332347666393082,15.332347666393082,100.0
6560,0,37.93746675147209,37.93746675147209,100.0
6560,1,16.293970949390786,16.293970949390786,100.0
6560,2,45.76856229913713,45.76856229913713,100.0
6570,0,16.631272519262204,16.631272519262204,100.0
6570,1,14.390915755333603,14.390915755333603,100.0
6570,2,68.9778117254042,68.9778117254042,100.0
6580,0,34.60019946703458,34.60019946703458,100.0
6580,1,25.903411492389814,25.903411492389814,100.0
6580,2,39.49638904057561,39.49638904057561,100.0
6590,0,40.83557563244058,40.83557563244058,100.0
6590,1,26.18096170962392,26.18096170962392,100.0
6590,2,32.9834626579355,32.9834626579355,100.0
6600,0,37.484284904211904,37.484284904211904,100.0
6600,1,39.89274156376611,39.89274156376611,100.0
6600,2,22.622973532021973,22.622973532021973,100.0
6610,0,57.98420485208459,57.98420485208459,100.0
6610,1,18.238562572653798,18.238562572653798,100.0
6610,2,23.777232575261614,23.777232575261614,100.0
6620,0,65.13017909907646,65.13017909907646,100.0
6620,1,14.40127310470383,14.40127310470383,100.0
6620,2,20.468547796219703,20.468547796219703,100.0
6630,0,14.23633857631251,14.23633857631251,100.0
6630,1,14.54125821521729,14.54125821521729,100.0
6630,2,71.2224032084702,71.2224032084702,100.0
6640,0,46.78040819852474,46.78040819852474,100.0
6640,1,19.17326841329151,19.17326841329151,100.0
6640,2,34.046323388183744,34.046323388183744,100.0
6650,0,69.34008193073362,69.34008193073362,100.0
6650,1,15.30455626214487,15.30455626214487,100.0
6650,2,15.355361807121524,15.355361807121524,100.0
6660,0,71.30045961426664,71.30045961426664,100.0
6660,1,14.400171439759553,14.400171439759553,100.0
6660,2,14.29936894597381,14.29936894597381,100.0
6670,0,56.5256200856596,56.5256200856596,100.0
6670,1,17.468834042205255,17.468834042205255,100.0
6670,2,26.005545872135144,26.005545872135144,100.0
6680,0,51.95788597220273,51.95788597220273,100.0
6680,1,21.925363073696413,21.925363073696413,100.0
6680,2,26.116750954100848,26.116750954100848,100.0
6690,0,12.361572120353724,12.361572120353724,100.0
6690,1,10.929405319584937,10.929405319584937,100.0
6690,2,76.70902256006133,76.70902256006133,100.0
6700,0,62.43529987453941,62.43529987453941,100.0
6700,1,12.59003791598047,12.59003791598047,100.0
6700,2,24.97466220948012,24.97466220948012,100.0
6710,0,18.449748141084367,18.449748141084367,100.0
6710,1,22.651831790730427,22.651831790730427,100.0
6710,2,58.89842006818521,58.89842006818521,100.0
6720,0,28.541312760442267,28.541312760442267,100.0
6720,1,27.228969163372057,27.228969163372057,100.0
6720,2,44.22971807618567,44.22971807618567,100.0
6730,0,24.277560903021662,24.277560903021662,100.0
6730,1,35.82876119990451,35.82876119990451,100.0
6730,2,39.89367789707383,39.89367789707383,100.0
6740,0,36.07086114078336,36.07086114078336,100.0
6740,1,25.226043453907682,25.226043453907682,100.0
6740,2,38.70309540530897,38.70309540530897,100.0
6750,0,11.814817412763713,11.814817412763713,100.0
6750,1,11.598258564245118,11.598258564245118,100.0
6750,2,76.58692402299117,76.58692402299117,100.0
6760,0,36.20024528127053,36.20024528127053,100.0
6760,1,39.88487237906625,39.88487237906625,100.0
6760,2,23.91488233966322,23.91488233966322,100.0
6770,0,66.40566807695524,66.40566807695524,100.0
6770,1,22.904587667296415,22.904587667296415,100.0
6770,2,10.689744255748348,10.689744255748348,100.0
6780,0,45.40834848687816,45.40834848687816,100.0
6780,1,45.6523991794967,45.6523991794967,100.0
6780,2,8.939252333625138,8.939252333625138,100.0
6790,0,40.09436048057952,40.09436048057952,100.0
6790,1,11.7625058332102,11.7625058332102,100.0
6790,2,48.14313368621029,48.14313368621029,100.0
6800,0,28.289424425413667,28.289424425413667,100.0
6800,1,31.898227705437233,31.898227705437233,100.0
6800,2,39.8123478691491,39.8123478691491,100.0
6810,0,10.858165798866262,10.858165798866262,100.0
6810,1,13.643720366066853,13.643720366066853,100.0
6810,2,75.49811383506689,75.49811383506689,100.0
6820,0,40.15930880771948,40.15930880771948,100.0
6820,1,44.61995653201569,44.61995653201569,100.0
6820,2,15.220734660264828,15.220734660264828,100.0
6830,0,74.02192981650232,74.02192981650232,100.0
6830,1,11.519734089640252,11.519734089640252,100.0
6830,2,14.458336093857433,14.458336093857433,100.0
6840,0,22.464089740871586,22.464089740871586,100.0
6840,1,34.14504374953542,34.14504374953542,100.0
6840,2,43.390866509592996,43.390866509592996,100.0
6850,0,52.741466287784974,52.741466287784974,100.0
6850,1,24.038273808079072,24.038273808079072,100.0
6850,2,23.220259904135947,23.220259904135947,100.0
6860,0,65.3935248084001,65.3935248084001,100.0
6860,1,21.85631501687957,21.85631501687957,100.0
6860,2,12.75016017472033,12.75016017472033,100.0
6870,0,16.380132455927775,16.380132455927775,100.0
6870,1,15.237164825631694,15.237164825631694,100.0
6870,2,68.38270271844054,68.38270271844054,100.0
6880,0,60.37100403019391,60.37100403019391,100.0
6880,1,13.782071991644646,13.782071991644646,100.0
6880,2,25.846923978161453,25.846923978161453,100.0
6890,0,37.00234959392836,37.00234959392836,100.0
6890,1,16.568561789105278,16.568561789105278,100.0
6890,2,46.42908861696637,46.42908861696637,100.0
6900,0,37.75623891552336,37.75623891552336,100.0
6900,1,10.123389022353596,10.123389022353596,100.0
6900,2,52.120372062123046,52.120372062123046,100.0
6910,0,45.28776414026858,45.28776414026858,100.0
6910,1,14.282083937213228,14.282083937213228,100.0
6910,2,40.430151922518185,40.430151922518185,100.0
6920,0,13.691720629029183,13.691720629029183,100.0
6920,1,17.056555692255323,17.056555692255323,100.0
6920,2,69.25172367871549,69.25172367871549,100.0
6930,0,11.20086377035015,11.20086377035015,100.0
6930,1,18.985287759511174,18.985287759511174,100.0
6930,2,69.81384847013868,69.81384847013868,100.0
6940,0,41.91898829036466,41.91898829036466,100.0
6940,1,43.260813629058966,43.260813629058966,100.0
6940,2,14.820198080576386,14.820198080576386,100.0
6950,0,24.941206906030114,24.941206906030114,100.0
6950,1,30.257375710524144,30.257375710524144,100.0
6950,2,44.80141738344574,44.80141738344574,100.0
6960,0,47.33084530227061,47.33084530227061,100.0
6960,1,13.157950995253472,13.157950995253472,100.0
6960,2,39.51120370247592,39.51120370247592,100.0
6970,0,29.354638378360736,29.354638378360736,100.0
6970,1,39.05742828433363,39.05742828433363,100.0
6970,2,31.58793333730563,31.58793333730563,100.0
6980,0,10.261890747720518,10.261890747720518,100.0
6980,1,46.17072957755739,46.17072957755739,100.0
6980,2,43.56737967472209,43.56737967472209,100.0
6990,0,11.05668760299044,11.05668760299044,100.0
6990,1,10.933428129198647,10.933428129198647,100.0
6990,2,78.00988426781092,78.00988426781092,100.0
7000,0,27.796054590019903,27.796054590019903,100.0
7000,1,57.97259752026053,57.97259752026053,100.0
7000,2,14.231347889719576,14.231347889719576,100.0
7010,0,31.682387482668656,31.682387482668656,100.0
7010,1,48.85603890025992,48.85603890025992,100.0
7010,2,19.461573617071437,19.461573617071437,100.0
7020,0,35.879465975938096,35.879465975938096,100.0
7020,1,36.514719808748545,36.514719808748545,100.0
7020,2,27.605814215313355,27.605814215313355,100.0
7030,0,61.59479531451277,61.59479531451277,100.0
7030,1,21.23554335653583,21.23554335653583,100.0
7030,2,17.169661328951396,17.169661328951396,100.0
7040,0,35.804565106721256,35.804565106721256,100.0
7040,1,51.522507731280456,51.522507731280456,100.0
7040,2,12.672927161998299,12.672927161998299,100.0
7050,0,12.976959079413087,12.976959079413087,100.0
7050,1,14.635686465730169,14.635686465730169,100.0
7050,2,72.38735445485675,72.38735445485675,100.0
7060,0,42.576810324085265,42.576810324085265,100.0
7060,1,26.699336018445504,26.699336018445504,100.0
7060,2,30.723853657469235,30.723853657469235,100.0
7070,0,20.778112441852805,20.778112441852805,100.0
7070,1,13.22477693709885,13.22477693709885,100.0
7070,2,65.99711062104834,65.99711062104834,100.0
7080,0,20.889956813506593,20.889956813506593,100.0
7080,1,64.41167082076606,64.41167082076606,100.0
7080,2,14.698372365727344,14.698372365727344,100.0
7090,0,28.464653081880552,28.464653081880552,100.0
7090,1,25.6829809340632,25.6829809340632,100.0
7090,2,45.852365984056256,45.852365984056256,100.0
7100,0,24.406601556581577,24.406601556581577,100.0
7100,1,55.962470850126564,55.962470850126564,100.0
7100,2,19.63092759329186,19.63092759329186,100.0
7110,0,12.124344938590184,12.124344938590184,100.0
7110,1,12.44380468193012,12.44380468193012,100.0
7110,2,75.4318503794797,75.4318503794797,100.0
7120,0,49.227126582318434,49.227126582318434,100.0
7120,1,38.52014333415678,38.52014333415678,100.0
7120,2,12.2527300835248,12.2527300835248,100.0
7130,0,20.357374380465068,20.357374380465068,100.0
7130,1,17.33632734153144,17.33632734153144,100.0
7130,2,62.30629827800349,62.30629827800349,100.0
7140,0,63.157473258691454,63.157473258691454,100.0
7140,1,12.484528612358236,12.484528612358236,100.0
7140,2,24.357998128950314,24.357998128950314,100.0
7150,0,28.886244986857402,28.886244986857402,100.0
7150,1,34.53364725161532,34.53364725161532,100.0
7150,2,36.58010776152728,36.58010776152728,100.0
7160,0,29.666878364053158,29.666878364053158,100.0
7160,1,40.79430281358739,40.79430281358739,100.0
7160,2,29.538818822359453,29.538818822359453,100.0
7170,0,20.707852085996898,20.707852085996898,100.0
7170,1,14.31199462991434,14.31199462991434,100.0
7170,2,64.98015328408876,64.98015328408876,100.0
7180,0,57.16831730428883,57.16831730428883,100.0
7180,1,24.25784141582531,24.25784141582531,100.0
7180,2,18.57384127988586,18.57384127988586,100.0
7190,0,64.37334417719437,64.37334417719437,100.0
7190,1,25.706035905557407,25.706035905557407,100.0
7190,2,9.920619917248224,9.920619917248224,100.0
7200,0,52.093885026755984,52.093885026755984,100.0
7200,1,14.100778947437725,14.100778947437725,100.0
7200,2,33.805336025806284,33.805336025806284,100.0
7210,0,52.146139469014905,52.146139469014905,100.0
7210,1,15.082406452306497,15.082406452306497,100.0
7210,2,32.771454078678595,32.771454078678595,100.0
7220,0,12.498377649597005,12.498377649597005,100.0
7220,1,50.61431663334456,50.61431663334456,100.0
7220,2,36.88730571705844,36.88730571705844,100.0
7230,0,15.54640659055595,15.54640659055595,100.0
7230,1,17.550113634373744,17.550113634373744,100.0
7230,2,66.90347977507031,66.90347977507031,100.0
7240,0,65.5719584186697,65.5719584186697,100.0
7240,1,17.49365245188585,17.49365245188585,100.0
7240,2,16.934389129444448,16.934389129444448,100.0
7250,0,14.945062012763955,14.945062012763955,100.0
7250,1,30.466916805946916,30.466916805946916,100.0
7250,2,54.588021181289136,54.588021181289136,100.0
7260,0,60.41659824487766,60.41659824487766,100.0
7260,1,20.50965052217115,20.50965052217115,100.0
7260,2,19.073751232951192,19.073751232951192,100.0
7270,0,31.4347523334378,31.4347523334378,100.0
7270,1,37.20202874543582,37.20202874543582,100.0
7270,2,31.363218921126386,31.363218921126386,100.0
7280,0,29.75995851316243,29.75995851316243,100.0
7280,1,29.006711336984498,29.006711336984498,100.0
7280,2,41.23333014985306,41.23333014985306,100.0
7290,0,11.764628928309552,11.764628928309552,100.0
7290,1,12.507593615108577,12.507593615108577,100.0
7290,2,75.72777745658188,75.72777745658188,100.0
7300,0,42.54598257330293,42.54598257330293,100.0
7300,1,8.24776155862798,8.24776155862798,100.0
7300,2,49.206255868069086,49.206255868069086,100.0
7310,0,41.609277203474306,41.609277203474306,100.0
7310,1,47.63310221020373,47.63310221020373,100.0
7310,2,10.75762058632196,10.75762058632196,100.0
7320,0,55.035467952196484,55.035467952196484,100.0
7320,1,19.03319654380816,19.03319654380816,100.0
7320,2,25.931335503995374,25.931335503995374,100.0
7330,0,37.74362670794859,37.74362670794859,100.0
7330,1,20.05091158672875,20.05091158672875,100.0
7330,2,42.20546170532266,42.20546170532266,100.0
7340,0,35.35939646683446,35.35939646683446,100.0
7340,1,38.32283752467207,38.32283752467207,100.0
7340,2,26.31776600849347,26.31776600849347,100.0
7350,0,11.978387675357691,11.978387675357691,100.0
7350,1,12.289992530262102,12.289992530262102,100.0
7350,2,75.73161979438021,75.73161979438021,100.0
7360,0,63.029154764791826,63.029154764791826,100.0
7360,1,23.914915103501503,23.914915103501503,100.0
7360,2,13.055930131706678,13.055930131706678,100.0
7370,0,42.215223284317645,42.215223284317645,100.0
7370,1,18.67660717519201,18.67660717519201,100.0
7370,2,39.108169540490344,39.108169540490344,100.0
7380,0,29.21581693605343,29.21581693605343,100.0
7380,1,18.927961434561116,18.927961434561116,100.0
7380,2,51.85622162938546,51.85622162938546,100.0
7390,0,36.14861454094533,36.14861454094533,100.0
7390,1,41.56887987938148,41.56887987938148,100.0
7390,2,22.282505579673188,22.282505579673188,100.0
7400,0,54.11149835193477,54.11149835193477,100.0
7400,1,11.690523257232579,11.690523257232579,100.0
7400,2,34.197978390832645,34.197978390832645,100.0
7410,0,11.61981000633834,11.61981000633834,100.0
7410,1,11.303762890428363,11.303762890428363,100.0
7410,2,77.0764271032333,77.0764271032333,100.0
7420,0,43.496238934022365,43.496238934022365,100.0
7420,1,17.803911517350574,17.803911517350574,100.0
7420,2,38.69984954862707,38.69984954862707,100.0
7430,0,25.65868986753388,25.65868986753388,100.0
7430,1,56.78822891717523,56.78822891717523,100.0
7430,2,17.553081215290895,17.553081215290895,100.0
7440,0,29.263088649854048,29.263088649854048,100.0
7440,1,28.444780303809985,28.444780303809985,100.0
7440,2,42.29213104633597,42.29213104633597,100.0
7450,0,20.249917967235202,20.249917967235202,100.0
7450,1,35.00193160081512,35.00193160081512,100.0
7450,2,44.74815043194967,44.74815043194967,100.0
7460,0,28.060663698565797,28.060663698565797,100.0
7460,1,22.125196696525432,22.125196696525432,100.0
7460,2,49.81413960490878,49.81413960490878,100.0
7470,0,11.06560495142139,11.06560495142139,100.0
7470,1,11.122327015974264,11.122327015974264,100.0
7470,2,77.81206803260436,77.81206803260436,100.0
7480,0,38.350005713223986,38.350005713223986,100.0
7480,1,41.44151488980364,41.44151488980364,100.0
7480,2,20.208479396972383,20.208479396972383,100.0
7490,0,72.76987397072003,72.76987397072003,100.0
7490,1,12.044516884406606,12.044516884406606,100.0
7490,2,15.185609144873366,15.185609144873366,100.0
7500,0,21.298826363408637,21.298826363408637,100.0
7500,1,22.03085147926024,22.03085147926024,100.0
7500,2,56.67032215733112,56.67032215733112,100.0
7510,0,44.82646936951337,44.82646936951337,100.0
7510,1,36.16502305494368,36.16502305494368,100.0
7510,2,19.00850757554295,19.00850757554295,100.0
7520,0,29.15491988757551,29.15491988757551,100.0
7520,1,26.14726165743238,26.14726165743238,100.0
7520,2,44.69781845499211,44.69781845499211,100.0
7530,0,14.517782953836011,14.517782953836011,100.0
7530,1,14.402880691556664,14.402880691556664,100.0
7530,2,71.07933635460734,71.07933635460734,100.0
7540,0,12.866067037083113,12.866067037083113,100.0
7540,1,64.72759718083815,64.72759718083815,100.0
7540,2,22.406335782078738,22.406335782078738,100.0
7550,0,27.7089920542351,27.7089920542351,100.0
7550,1,48.71092853504046,48.71092853504046,100.0
7550,2,23.58007941072445,23.58007941072445,100.0
7560,0,60.89140421715935,60.89140421715935,100.0
7560,1,13.80744641547249,13.80744641547249,100.0
7560,2,25.301149367368154,25.301149367368154,100.0
7570,0,20.44133681112182,20.44133681112182,100.0
7570,1,39.83734569063834,39.83734569063834,100.0
7570,2,39.72131749823984,39.72131749823984,100.0
7580,0,59.551868761391326,59.551868761391326,100.0
7580,1,15.901122616687804,15.901122616687804,100.0
7580,2,24.547008621920877,24.547008621920877,100.0
7590,0,11.004224599133948,11.004224599133948,100.0
7590,1,11.385421391247561,11.385421391247561,100.0
7590,2,77.61035400961848,77.61035400961848,100.0
7600,0,34.50613073047233,34.50613073047233,100.0
7600,1,27.597737512391717,27.597737512391717,100.0
7600,2,37.89613175713596,37.89613175713596,100.0
7610,0,27.52046076489616,27.52046076489616,100.0
7610,1,39.758868725485996,39.758868725485996,100.0
7610,2,32.72067050961783,32.72067050961783,100.0
7620,0,16.7449615540758,16.7449615540758,100.0
7620,1,47.59297098903993,47.59297098903993,100.0
7620,2,35.66206745688428,35.66206745688428,100.0
7630,0,14.912236719572547,14.912236719572547,100.0
7630,1,23.48015868828917,23.48015868828917,100.0
7630,2,61.60760459213829,61.60760459213829,100.0
7640,0,71.95013340275727,71.95013340275727,100.0
7640,1,15.128175021834856,15.128175021834856,100.0
7640,2,12.921691575407863,12.921691575407863,100.0
7650,0,11.861618009058054,11.861618009058054,100.0
7650,1,13.31491045952351,13.31491045952351,100.0
7650,2,74.82347153141843,74.82347153141843,100.0
7660,0,31.40758745741171,31.40758745741171,100.0
7660,1,39.19226425658823,39.19226425658823,100.0
7660,2,29.40014828600006,29.40014828600006,100.0
7670,0,31.035401571367625,31.035401571367625,100.0
7670,1,15.729008672120626,15.729008672120626,100.0
7670,2,53.23558975651175,53.23558975651175,100.0
7680,0,37.50137743941647,37.50137743941647,100.0
7680,1,17.14947607395638,17.14947607395638,100.0
7680,2,45.349146486627156,45.349146486627156,100.0
7690,0,52.37954227971039,52.37954227971039,100.0
7690,1,21.295519885900312,21.295519885900312,100.0
7690,2,26.324937834389306,26.324937834389306,100.0
7700,0,34.73966174138081,34.73966174138081,100.0
7700,1,31.161394109006313,31.161394109006313,100.0
7700,2,34.09894414961289,34.09894414961289,100.0
7710,0,19.10391960261052,19.10391960261052,100.0
7710,1,17.844100921433686,17.844100921433686,100.0
7710,2,63.05197947595579,63.05197947595579,100.0
7720,0,53.31454289193558,53.31454289193558,100.0
7720,1,36.692676675313,36.692676675313,100.0
7720,2,9.992780432751422,9.992780432751422,100.0
7730,0,24.911612467151585,24.911612467151585,100.0
7730,1,15.184191284537235,15.184191284537235,100.0
7730,2,59.90419624831118,59.90419624831118,100.0
7740,0,42.18790705852036,42.18790705852036,100.0
7740,1,24.552033045601185,24.552033045601185,100.0
7740,2,33.260059895878456,33.260059895878456,100.0
7750,0,55.314873877973994,55.314873877973994,100.0
7750,1,14.31956396789133,14.31956396789133,100.0
7750,2,30.36556215413469,30.36556215413469,100.0
7760,0,26.892552727187503,26.892552727187503,100.0
7760,1,24.18780155528024,24.18780155528024,100.0
7760,2,48.919645717532255,48.919645717532255,100.0
7770,0,13.65778741870503,13.65778741870503,100.0
7770,1,14.084892341284574,14.084892341284574,100.0
7770,2,72.25732024001039,72.25732024001039,100.0
7780,0,68.92922738382342,68.92922738382342,100.0
7780,1,20.167094713398544,20.167094713398544,100.0
7780,2,10.903677902778043,10.903677902778043,100.0
7790,0,58.546744046500685,58.546744046500685,100.0
7790,1,18.838115149242284,18.838115149242284,100.0
7790,2,22.615140804257035,22.615140804257035,100.0
7800,0,32.77041488278631,32.77041488278631,100.0
7800,1,56.38280640274203,56.38280640274203,100.0
7800,2,10.846778714471677,10.846778714471677,100.0
7810,0,39.849684410681014,39.849684410681014,100.0
7810,1,30.53157018232067,30.53157018232067,100.0
7810,2,29.618745406998304,29.618745406998304,100.0
7820,0,21.70080922715304,21.70080922715304,100.0
7820,1,23.408954456262823,23.408954456262823,100.0
7820,2,54.89023631658414,54.89023631658414,100.0
7830,0,12.626613108237155,12.626613108237155,100.0
7830,1,11.577460005865001,11.577460005865001,100.0
7830,2,75.79592688589784,75.79592688589784,100.0
7840,0,41.80094462096321,41.80094462096321,100.0
7840,1,35.47166640398323,35.47166640398323,100.0
7840,2,22.727388975053568,22.727388975053568,100.0
7850,0,63.53323384333554,63.53323384333554,100.0
7850,1,25.208010980876605,25.208010980876605,100.0
7850,2,11.258755175787865,11.258755175787865,100.0
7860,0,43.92175471677897,43.92175471677897,100.0
7860,1,23.232114361913986,23.232114361913986,100.0
7860,2,32.84613092130703,32.84613092130703,100.0
7870,0,15.254290954453825,15.254290954453825,100.0
7870,1,14.80607536123329,14.80607536123329,100.0
7870,2,69.9396336843129,69.9396336843129,100.0
7880,0,69.62434443459784,69.62434443459784,100.0
7880,1,17.320790469492312,17.320790469492312,100.0
7880,2,13.054865095909843,13.054865095909843,100.0
7890,0,10.923705186108739,10.923705186108739,100.0
7890,1,11.96269882072493,11.96269882072493,100.0
7890,2,77.11359599316634,77.11359599316634,100.0
7900,0,75.59844539977796,75.59844539977796,100.0
7900,1,11.982623836214334,11.982623836214334,100.0
7900,2,12.418930764007708,12.418930764007708,100.0
7910,0,14.150879583590983,14.150879583590983,100.0
7910,1,58.72266782316198,58.72266782316198,100.0
7910,2,27.12645259324703,27.12645259324703,100.0
7920,0,15.427764864137455,15.427764864137455,100.0
7920,1,29.00538377734923,29.00538377734923,100.0
7920,2,55.566851358513325,55.566851358513325,100.0
7930,0,37.08583222606191,37.08583222606191,100.0
7930,1,7.949384990422034,7.949384990422034,100.0
7930,2,54.96478278351605,54.96478278351605,100.0
7940,0,34.02225057074817,34.02225057074817,100.0
7940,1,42.9965089599174,42.9965089599174,100.0
7940,2,22.981240469334434,22.981240469334434,100.0
7950,0,11.942377241584364,11.942377241584364,100.0
7950,1,11.57896633663991,11.57896633663991,100.0
7950,2,76.47865642177572,76.47865642177572,100.0
7960,0,48.71479948527056,48.71479948527056,100.0
7960,1,21.8357145294791,21.8357145294791,100.0
7960,2,29.44948598525034,29.44948598525034,100.0
7970,0,66.8608625235743,66.8608625235743,100.0
7970,1,21.007601832951657,21.007601832951657,100.0
7970,2,12.131535643474043,12.131535643474043,100.0
7980,0,11.87573779345332,11.87573779345332,100.0
7980,1,72.86998594702843,72.86998594702843,100.0
7980,2,15.254276259518251,15.254276259518251,100.0
7990,0,17.240175117424982,17.240175117424982,100.0
7990,1,15.725280723853075,15.725280723853075,100.0
7990,2,67.03454415872194,67.03454415872194,100.0
8000,0,34.23767639884817,34.23767639884817,100.0
8000,1,50.03557744299384,50.03557744299384,100.0
8000,2,15.726746158157978,15.726746158157978,100.0
8010,0,10.57977483482314,10.57977483482314,100.0
8010,1,12.506343106254292,12.506343106254292,100.0
8010,2,76.91388205892257,76.91388205892257,100.0
8020,0,35.450123919083424,35.450123919083424,100.0
8020,1,12.51063214148137,12.51063214148137,100.0
8020,2,52.03924393943521,52.03924393943521,100.0
8030,0,49.466012100857185,49.466012100857185,100.0
8030,1,11.010794534506916,11.010794534506916,100.0
8030,2,39.523193364635894,39.523193364635894,100.0
8040,0,46.370791431685795,46.370791431685795,100.0
8040,1,42.447274110184516,42.447274110184516,100.0
8040,2,11.181934458129701,11.181934458129701,100.0
8050,0,49.8333554443256,49.8333554443256,100.0
8050,1,12.52408251854047,12.52408251854047,100.0
8050,2,37.642562037133935,37.642562037133935,100.0
8060,0,28.981718015267603,28.981718015267603,100.0
8060,1,37.13078150657041,37.13078150657041,100.0
8060,2,33.88750047816199,33.88750047816199,100.0
8070,0,11.837304100012796,11.837304100012796,100.0
8070,1,12.088125791314564,12.088125791314564,100.0
8070,2,76.07457010867265,76.07457010867265,100.0
8080,0,62.93448009335471,62.93448009335471,100.0
8080,1,13.672224026863624,13.672224026863624,100.0
8080,2,23.39329587978168,23.39329587978168,100.0
8090,0,20.059449411763556,20.059449411763556,100.0
8090,1,24.949724649037755,24.949724649037755,100.0
8090,2,54.990825939198686,54.990825939198686,100.0
8100,0,29.364789417364634,29.364789417364634,100.0
8100,1,20.24574586928346,20.24574586928346,100.0
8100,2,50.389464713351906,50.389464713351906,100.0
8110,0,29.815474844359198,29.815474844359198,100.0
8110,1,52.35639371150952,52.35639371150952,100.0
8110,2,17.828131444131287,17.828131444131287,100.0
8120,0,42.03677481393005,42.03677481393005,100.0
8120,1,22.824530895243043,22.824530895243043,100.0
8120,2,35.13869429082691,35.13869429082691,100.0
8130,0,12.162545809722888,12.162545809722888,100.0
8130,1,12.245919025774281,12.245919025774281,100.0
8130,2,75.59153516450284,75.59153516450284,100.0
8140,0,36.76708548995371,36.76708548995371,100.0
8140,1,9.890988063837357,9.890988063837357,100.0
8140,2,53.34192644620893,53.34192644620893,100.0
8150,0,53.08833903154161,53.08833903154161,100.0
8150,1,31.74897508684584,31.74897508684584,100.0
8150,2,15.162685881612562,15.162685881612562,100.0
8160,0,39.246067389857345,39.246067389857345,100.0
8160,1,23.930722104180735,23.930722104180735,100.0
8160,2,36.823210505961924,36.823210505961924,100.0
8170,0,41.717325296871294,41.717325296871294,100.0
8170,1,27.265728630922098,27.265728630922098,100.0
8170,2,31.016946072206604,31.016946072206604,100.0
8180,0,37.5104413211917,37.5104413211917,100.0
8180,1,49.5266439575828,49.5266439575828,100.0
8180,2,12.962914721225506,12.962914721225506,100.0
8190,0,12.170700928573103,12.170700928573103,100.0
8190,1,10.959117852714064,10.959117852714064,100.0
8190,2,76.87018121871284,76.87018121871284,100.0
8200,0,33.072849235780076,33.072849235780076,100.0
8200,1,24.154508095076803,24.154508095076803,100.0
8200,2,42.77264266914313,42.77264266914313,100.0
8210,0,46.5182526459965,46.5182526459965,100.0
8210,1,28.585575456164502,28.585575456164502,100.0
8210,2,24.896171897839007,24.896171897839007,100.0
8220,0,19.252491149548803,19.252491149548803,100.0
8220,1,36.67326455284473,36.67326455284473,100.0
8220,2,44.07424429760648,44.07424429760648,100.0
8230,0,58.58220928975308,58.58220928975308,100.0
8230,1,21.27723945136051,21.27723945136051,100.0
8230,2,20.140551258886404,20.140551258886404,100.0
8240,0,42.04309911391281,42.04309911391281,100.0
8240,1,15.818537542164126,15.818537542164126,100.0
8240,2,42.13836334392306,42.13836334392306,100.0
8250,0,15.412806343343105,15.412806343343105,100.0
8250,1,12.809957047674075,12.809957047674075,100.0
8250,2,71.77723660898282,71.77723660898282,100.0
8260,0,42.48784281135461,42.48784281135461,100.0
8260,1,27.825848366560862,27.825848366560862,100.0
8260,2,29.686308822084534,29.686308822084534,100.0
8270,0,34.22042627413068,34.22042627413068,100.0
8270,1,20.37155914531282,20.37155914531282,100.0
8270,2,45.408014580556504,45.408014580556504,100.0
8280,0,20.72417258956013,20.72417258956013,100.0
8280,1,60.015704767143,60.015704767143,100.0
8280,2,19.26012264329688,19.26012264329688,100.0
8290,0,56.51948712396697,56.51948712396697,100.0
8290,1,20.504439505145953,20.504439505145953,100.0
8290,2,22.976073370887075,22.976073370887075,100.0
8300,0,15.931704539960162,15.931704539960162,100.0
8300,1,59.15578356951803,59.15578356951803,100.0
8300,2,24.912511890521817,24.912511890521817,100.0
8310,0,11.603960818908117,11.603960818908117,100.0
8310,1,11.31649907302911,11.31649907302911,100.0
8310,2,77.07954010806277,77.07954010806277,100.0
8320,0,49.072915214504114,49.072915214504114,100.0
8320,1,41.32465102146155,41.32465102146155,100.0
8320,2,9.602433764034343,9.602433764034343,100.0
8330,0,28.929240970645953,28.929240970645953,100.0
8330,1,38.27644480204809,38.27644480204809,100.0
8330,2,32.79431422730596,32.79431422730596,100.0
8340,0,22.459185749738467,22.459185749738467,100.0
8340,1,58.738154819328784,58.738154819328784,100.0
8340,2,18.802659430932767,18.802659430932767,100.0
8350,0,36.242427187626426,36.242427187626426,100.0
8350,1,46.58796633588602,46.58796633588602,100.0
8350,2,17.169606476487562,17.169606476487562,100.0
8360,0,44.44443655634288,44.44443655634288,100.0
8360,1,13.915795287071134,13.915795287071134,100.0
8360,2,41.63976815658599,41.63976815658599,100.0
8370,0,10.800799435281373,10.800799435281373,100.0
8370,1,11.084350250686345,11.084350250686345,100.0
8370,2,78.1148503140323,78.1148503140323,100.0
8380,0,12.254315761769954,12.254315761769954,100.0
8380,1,76.22739362122229,76.22739362122229,100.0
8380,2,11.51829061700777,11.51829061700777,100.0
8390,0,37.10546387048102,37.10546387048102,100.0
8390,1,50.79563254638,50.79563254638,100.0
8390,2,12.098903583138997,12.098903583138997,100.0
8400,0,31.135593700243597,31.135593700243597,100.0
8400,1,59.82757059337773,59.82757059337773,100.0
8400,2,9.036835706378676,9.036835706378676,100.0
8410,0,46.427659591473024,46.427659591473024,100.0
8410,1,12.616068722923224,12.616068722923224,100.0
8410,2,40.95627168560376,40.95627168560376,100.0
8420,0,61.57748958864937,61.57748958864937,100.0
8420,1,23.45449905355375,23.45449905355375,100.0
8420,2,14.96801135779688,14.96801135779688,100.0
8430,0,11.820891504991135,11.820891504991135,100.0
8430,1,10.998222180293492,10.998222180293492,100.0
8430,2,77.18088631471537,77.18088631471537,100.0
8440,0,60.70400020666413,60.70400020666413,100.0
8440,1,28.210087190375432,28.210087190375432,100.0
8440,2,11.085912602960452,11.085912602960452,100.0
8450,0,49.99742094622658,49.99742094622658,100.0
8450,1,38.64041984071645,38.64041984071645,100.0
8450,2,11.362159213056968,11.362159213056968,100.0
8460,0,71.62730153926124,71.62730153926124,100.0
8460,1,11.667580398293289,11.667580398293289,100.0
8460,2,16.705118062445475,16.705118062445475,100.0
8470,0,16.86093073486025,16.86093073486025,100.0
8470,1,47.19425307608101,47.19425307608101,100.0
8470,2,35.94481618905874,35.94481618905874,100.0
8480,0,33.51216750892434,33.51216750892434,100.0
8480,1,34.59624710550248,34.59624710550248,100.0
8480,2,31.891585385573183,31.891585385573183,100.0
8490,0,10.796203391370582,10.796203391370582,100.0
8490,1,11.40047476286069,11.40047476286069,100.0
8490,2,77.80332184576874,77.80332184576874,100.0
8500,0,46.680441163048606,46.680441163048606,100.0
8500,1,29.95807043124766,29.95807043124766,100.0
8500,2,23.36148840570374,23.36148840570374,100.0
8510,0,29.435917367110875,29.435917367110875,100.0
8510,1,35.024642973381795,35.024642973381795,100.0
8510,2,35.53943965950733,35.53943965950733,100.0
8520,0,37.09674803166194,37.09674803166194,100.0
8520,1,29.53269558071277,29.53269558071277,100.0
8520,2,33.37055638762529,33.37055638762529,100.0
8530,0,45.181110770048974,45.181110770048974,100.0
8530,1,17.556098901325498,17.556098901325498,100.0
8530,2,37.26279032862553,37.26279032862553,100.0
8540,0,53.35114830676246,53.35114830676246,100.0
8540,1,22.030300038320398,22.030300038320398,100.0
8540,2,24.61855165491714,24.61855165491714,100.0
8550,0,14.082660517866803,14.082660517866803,100.0
8550,1,14.39001956598547,14.39001956598547,100.0
8550,2,71.52731991614772,71.52731991614772,100.0
8560,0,20.0197161682598,20.0197161682598,100.0
8560,1,11.017216411486842,11.017216411486842,100.0
8560,2,68.96306742025335,68.96306742025335,100.0
8570,0,9.121045970527849,9.121045970527849,100.0
8570,1,32.14111469462049,32.14111469462049,100.0
8570,2,58.73783933485166,58.73783933485166,100.0
8580,0,38.9207890031968,38.9207890031968,100.0
8580,1,19.038071326016954,19.038071326016954,100.0
8580,2,42.041139670786244,42.041139670786244,100.0
8590,0,68.07428609313818,68.07428609313818,100.0
8590,1,17.368449012820562,17.368449012820562,100.0
8590,2,14.557264894041266,14.557264894041266,100.0
8600,0,34.90410878758032,34.90410878758032,100.0
8600,1,29.484367190558835,29.484367190558835,100.0
8600,2,35.611524021860845,35.611524021860845,100.0
8610,0,30.340767333129627,30.340767333129627,100.0
8610,1,24.40101600811771,24.40101600811771,100.0
8610,2,45.25821665875267,45.25821665875267,100.0
8620,0,40.90650607444597,40.90650607444597,100.0
8620,1,16.54403049474464,16.54403049474464,100.0
8620,2,42.54946343080939,42.54946343080939,100.0
8630,0,59.2473936856991,59.2473936856991,100.0
8630,1,17.77082063561246,17.77082063561246,100.0
8630,2,22.981785678688436,22.981785678688436,100.0
8640,0,9.666624111433643,9.666624111433643,100.0
8640,1,31.479447944678025,31.479447944678025,100.0
8640,2,58.85392794388833,58.85392794388833,100.0
8650,0,25.875034795393347,25.875034795393347,100.0
8650,1,49.179964812688645,49.179964812688645,100.0
8650,2,24.945000391918,24.945000391918,100.0
8660,0,39.818838088829835,39.818838088829835,100.0
8660,1,49.02416311333863,49.02416311333863,100.0
8660,2,11.156998797831527,11.156998797831527,100.0
8670,0,12.67044942271366,12.67044942271366,100.0
8670,1,13.425510710455596,13.425510710455596,100.0
8670,2,73.90403986683076,73.90403986683076,100.0
8680,0,47.06631189332093,47.06631189332093,100.0
8680,1,17.6162479769681,17.6162479769681,100.0
8680,2,35.317440129710974,35.317440129710974,100.0
8690,0,68.9346037017316,68.9346037017316,100.0
8690,1,12.319460354874149,12.319460354874149,100.0
8690,2,18.745935943394258,18.745935943394258,100.0
8700,0,12.270314133605087,12.270314133605087,100.0
8700,1,14.687808883468872,14.687808883468872,100.0
8700,2,73.04187698292604,73.04187698292604,100.0
8710,0,26.13592370300643,26.13592370300643,100.0
8710,1,60.17680007201896,60.17680007201896,100.0
8710,2,13.687276224974616,13.687276224974616,100.0
8720,0,67.59787295101744,67.59787295101744,100.0
8720,1,15.845249469328454,15.845249469328454,100.0
8720,2,16.556877579654117,16.556877579654117,100.0
8730,0,12.019013193340568,12.019013193340568,100.0
8730,1,11.023772021356958,11.023772021356958,100.0
8730,2,76.95721478530247,76.95721478530247,100.0
8740,0,30.980889022090967,30.980889022090967,100.0
8740,1,14.769427902989623,14.769427902989623,100.0
8740,2,54.24968307491941,54.24968307491941,100.0
8750,0,33.98886084328805,33.98886084328805,100.0
8750,1,32.48044414573617,32.48044414573617,100.0
8750,2,33.53069501097578,33.53069501097578,100.0
8760,0,63.01893857368499,63.01893857368499,100.0
8760,1,22.526227214095528,22.526227214095528,100.0
8760,2,14.454834212219488,14.454834212219488,100.0
8770,0,55.63216159290252,55.63216159290252,100.0
8770,1,25.052774682253965,25.052774682253965,100.0
8770,2,19.31506372484352,19.31506372484352,100.0
8780,0,67.32341213935483,67.32341213935483,100.0
8780,1,12.16383202512737,12.16383202512737,100.0
8780,2,20.512755835517794,20.512755835517794,100.0
8790,0,14.281967584611586,14.281967584611586,100.0
8790,1,12.746567984014712,12.746567984014712,100.0
8790,2,72.97146443137372,72.97146443137372,100.0
8800,0,29.733595197456232,29.733595197456232,100.0
8800,1,47.424952846331664,47.424952846331664,100.0
8800,2,22.8414519562121,22.8414519562121,100.0
8810,0,55.85175055199104,55.85175055199104,100.0
8810,1,23.591469335314912,23.591469335314912,100.0
8810,2,20.556780112694057,20.556780112694057,100.0
8820,0,46.33768562183248,46.33768562183248,100.0
8820,1,16.85925471377745,16.85925471377745,100.0
8820,2,36.803059664390084,36.803059664390084,100.0
8830,0,47.99381481331811,47.99381481331811,100.0
8830,1,22.561393081978494,22.561393081978494,100.0
8830,2,29.444792104703403,29.444792104703403,100.0
8840,0,36.57897139471479,36.57897139471479,100.0
8840,1,36.35228152186781,36.35228152186781,100.0
8840,2,27.0687470834174,27.0687470834174,100.0
8850,0,11.614589337948205,11.614589337948205,100.0
8850,1,13.798519106435187,13.798519106435187,100.0
8850,2,74.5868915556166,74.5868915556166,100.0
8860,0,66.94332480920792,66.94332480920792,100.0
8860,1,16.657040487997474,16.657040487997474,100.0
8860,2,16.399634702794607,16.399634702794607,100.0
8870,0,48.06652412607183,48.06652412607183,100.0
8870,1,30.68754822886744,30.68754822886744,100.0
8870,2,21.245927645060732,21.245927645060732,100.0
8880,0,32.65846079679427,32.65846079679427,100.0
8880,1,40.341624326815456,40.341624326815456,100.0
8880,2,26.999914876390264,26.999914876390264,100.0
8890,0,37.59831145978276,37.59831145978276,100.0
8890,1,15.57939031362657,15.57939031362657,100.0
8890,2,46.82229822659069,46.82229822659069,100.0
8900,0,42.287464204997924,42.287464204997924,100.0
8900,1,12.708576019040985,12.708576019040985,100.0
8900,2,45.003959775961086,45.003959775961086,100.0
8910,0,11.003190946746777,11.003190946746777,100.0
8910,1,12.543065388865033,12.543065388865033,100.0
8910,2,76.4537436643882,76.4537436643882,100.0
8920,0,14.469722079856846,14.469722079856846,100.0
8920,1,42.88626461072317,42.88626461072317,100.0
8920,2,42.644013309419975,42.644013309419975,100.0
8930,0,38.47530332029741,38.47530332029741,100.0
8930,1,16.017423251538723,16.017423251538723,100.0
8930,2,45.507273428163856,45.507273428163856,100.0
8940,0,55.693416095595474,55.693416095595474,100.0
8940,1,15.594675263942253,15.594675263942253,100.0
8940,2,28.711908640462262,28.711908640462262,100.0
8950,0,31.731916204045785,31.731916204045785,100.0
8950,1,32.75861762030057,32.75861762030057,100.0
8950,2,35.50946617565366,35.50946617565366,100.0
8960,0,47.64258681267932,47.64258681267932,100.0
8960,1,7.495296861475359,7.495296861475359,100.0
8960,2,44.86211632584532,44.86211632584532,100.0
8970,0,10.815671673065003,10.815671673065003,100.0
8970,1,10.919183798790293,10.919183798790293,100.0
8970,2,78.26514452814472,78.26514452814472,100.0
8980,0,11.239807323384877,11.239807323384877,100.0
8980,1,13.194034010355015,13.194034010355015,100.0
8980,2,75.56615866626012,75.56615866626012,100.0
8990,0,30.21019013163691,30.21019013163691,100.0
8990,1,43.12743971688657,43.12743971688657,100.0
8990,2,26.662370151476523,26.662370151476523,100.0
9000,0,40.49615171434571,40.49615171434571,100.0
9000,1,29.553720311451393,29.553720311451393,100.0
9000,2,29.950127974202896,29.950127974202896,100.0
9010,0,49.063828749412934,49.063828749412934,100.0
9010,1,11.012816968620653,11.012816968620653,100.0
9010,2,39.92335428196641,39.92335428196641,100.0
9020,0,23.212369652848732,23.212369652848732,100.0
9020,1,17.889008778714704,17.889008778714704,100.0
9020,2,58.89862156843657,58.89862156843657,100.0
9030,0,21.251106259802256,21.251106259802256,100.0
9030,1,21.308582754567915,21.308582754567915,100.0
9030,2,57.44031098562983,57.44031098562983,100.0
9040,0,59.251067836119006,59.251067836119006,100.0
9040,1,21.26046051386784,21.26046051386784,100.0
9040,2,19.48847165001316,19.48847165001316,100.0
9050,0,34.666785230073586,34.666785230073586,100.0
9050,1,21.325980658701287,21.325980658701287,100.0
9050,2,44.00723411122513,44.00723411122513,100.0
9060,0,31.701165289975275,31.701165289975275,100.0
9060,1,38.55590458772333,38.55590458772333,100.0
9060,2,29.742930122301388,29.742930122301388,100.0
9070,0,15.94405734997754,15.94405734997754,100.0
9070,1,20.481590931942346,20.481590931942346,100.0
9070,2,63.574351718080116,63.574351718080116,100.0
9080,0,60.49151097667812,60.49151097667812,100.0
9080,1,16.31099078440414,16.31099078440414,100.0
9080,2,23.197498238917742,23.197498238917742,100.0
9090,0,10.73453327760127,10.73453327760127,100.0
9090,1,10.75931871418648,10.75931871418648,100.0
9090,2,78.50614800821225,78.50614800821225,100.0
9100,0,32.227699599286886,32.227699599286886,100.0
9100,1,9.09439868607048,9.09439868607048,100.0
9100,2,58.67790171464263,58.67790171464263,100.0
9110,0,62.78578953685968,62.78578953685968,100.0
9110,1,23.960078878039393,23.960078878039393,100.0
9110,2,13.25413158510092,13.25413158510092,100.0
9120,0,58.8965521015063,58.8965521015063,100.0
9120,1,13.510680640152342,13.510680640152342,100.0
9120,2,27.59276725834136,27.59276725834136,100.0
9130,0,69.17788902047754,69.17788902047754,100.0
9130,1,17.206592141382135,17.206592141382135,100.0
9130,2,13.61551883814034,13.61551883814034,100.0
9140,0,62.04620968677964,62.04620968677964,100.0
9140,1,15.163334046280506,15.163334046280506,100.0
9140,2,22.790456266939866,22.790456266939866,100.0
9150,0,11.484633720890752,11.484633720890752,100.0
9150,1,12.474991888797755,12.474991888797755,100.0
9150,2,76.0403743903115,76.0403743903115,100.0
9160,0,57.474705326235906,57.474705326235906,100.0
9160,1,24.507236599956013,24.507236599956013,100.0
9160,2,18.018058073808092,18.018058073808092,100.0
9170,0,45.45553678954127,45.45553678954127,100.0
9170,1,21.182098478154256,21.182098478154256,100.0
9170,2,33.362364732304485,33.362364732304485,100.0
9180,0,64.5588518714778,64.5588518714778,100.0
9180,1,9.64823546084197,9.64823546084197,100.0
9180,2,25.79291266768024,25.79291266768024,100.0
9190,0,30.082956815690288,30.082956815690288,100.0
9190,1,55.4258335429755,55.4258335429755,100.0
9190,2,14.491209641334212,14.491209641334212,100.0
9200,0,31.84798210750921,31.84798210750921,100.0
9200,1,16.405185176221945,16.405185176221945,100.0
9200,2,51.74683271626884,51.74683271626884,100.0
9210,0,11.016210285244641,11.016210285244641,100.0
9210,1,14.703956268240278,14.703956268240278,100.0
9210,2,74.27983344651508,74.27983344651508,100.0
9220,0,53.894109251727585,53.894109251727585,100.0
9220,1,11.709534403094004,11.709534403094004,100.0
9220,2,34.39635634517841,34.39635634517841,100.0
9230,0,38.78714937014148,38.78714937014148,100.0
9230,1,40.46763033259095,40.46763033259095,100.0
9230,2,20.745220297267583,20.745220297267583,100.0
9240,0,38.81490662735926,38.81490662735926,100.0
9240,1,16.68980865430859,16.68980865430859,100.0
9240,2,44.495284718332144,44.495284718332144,100.0
9250,0,66.10106704137291,66.10106704137291,100.0
9250,1,20.84426289407214,20.84426289407214,100.0
9250,2,13.05467006455496,13.05467006455496,100.0
9260,0,61.647746455165496,61.647746455165496,100.0
9260,1,27.790255679819765,27.790255679819765,100.0
9260,2,10.561997865014737,10.561997865014737,100.0
9270,0,12.994175083923507,12.994175083923507,100.0
9270,1,10.942711649637246,10.942711649637246,100.0
9270,2,76.06311326643926,76.06311326643926,100.0
9280,0,18.234101832589943,18.234101832589943,100.0
9280,1,31.519100521954407,31.519100521954407,100.0
9280,2,50.24679764545566,50.24679764545566,100.0
9290,0,34.302617442816235,34.302617442816235,100.0
9290,1,38.75135532857396,38.75135532857396,100.0
9290,2,26.946027228609807,26.946027228609807,100.0
9300,0,55.69182919077746,55.69182919077746,100.0
9300,1,32.006641346812465,32.006641346812465,100.0
9300,2,12.301529462410073,12.301529462410073,100.0
9310,0,29.51004489004364,29.51004489004364,100.0
9310,1,31.28541645929613,31.28541645929613,100.0
9310,2,39.20453865066023,39.20453865066023,100.0
9320,0,59.999062010180246,59.999062010180246,100.0
9320,1,24.864137135163233,24.864137135163233,100.0
9320,2,15.136800854656526,15.136800854656526,100.0
9330,0,12.33240095213346,12.33240095213346,100.0
9330,1,12.604083953395381,12.604083953395381,100.0
9330,2,75.06351509447116,75.06351509447116,100.0
9340,0,34.749685760486344,34.749685760486344,100.0
9340,1,37.768053864462445,37.768053864462445,100.0
9340,2,27.482260375051215,27.482260375051215,100.0
9350,0,31.209501239959696,31.209501239959696,100.0
9350,1,18.309286807140275,18.309286807140275,100.0
9350,2,50.481211952900026,50.481211952900026,100.0
9360,0,49.793758789480314,49.793758789480314,100.0
9360,1,26.19745364816039,26.19745364816039,100.0
9360,2,24.0087875623593,24.0087875623593,100.0
9370,0,34.96424069092882,34.96424069092882,100.0
9370,1,39.031233632995445,39.031233632995445,100.0
9370,2,26.00452567607574,26.00452567607574,100.0
9380,0,37.757977624035746,37.757977624035746,100.0
9380,1,28.617169951591652,28.617169951591652,100.0
9380,2,33.624852424372605,33.624852424372605,100.0
9390,0,13.318948443022324,13.318948443022324,100.0
9390,1,11.231013719439803,11.231013719439803,100.0
9390,2,75.45003783753788,75.45003783753788,100.0
9400,0,46.137752458419634,46.137752458419634,100.0
9400,1,11.93041103688671,11.93041103688671,100.0
9400,2,41.93183650469366,41.93183650469366,100.0
9410,0,58.857609640751804,58.857609640751804,100.0
9410,1,11.477682538796662,11.477682538796662,100.0
9410,2,29.664707820451536,29.664707820451536,100.0
9420,0,41.43633141162879,41.43633141162879,100.0
9420,1,29.82350999747232,29.82350999747232,100.0
9420,2,28.740158590898897,28.740158590898897,100.0
9430,0,62.081376288874054,62.081376288874054,100.0
9430,1,25.10174344020184,25.10174344020184,100.0
9430,2,12.816880270924097,12.816880270924097,100.0
9440,0,25.350081759300842,25.350081759300842,100.0
9440,1,24.517323015352613,24.517323015352613,100.0
9440,2,50.13259522534654,50.13259522534654,100.0
9450,0,22.431875449316117,22.431875449316117,100.0
9450,1,18.930665316969677,18.930665316969677,100.0
9450,2,58.6374592337142,58.6374592337142,100.0
9460,0,30.854815470196918,30.854815470196918,100.0
9460,1,57.35440451488718,57.35440451488718,100.0
9460,2,11.790780014915914,11.790780014915914,100.0
9470,0,12.790997472376194,12.790997472376194,100.0
9470,1,68.20406863693688,68.20406863693688,100.0
9470,2,19.004933890686925,19.004933890686925,100.0
9480,0,44.97866670562248,44.97866670562248,100.0
9480,1,37.44661430091089,37.44661430091089,100.0
9480,2,17.574718993466636,17.574718993466636,100.0
9490,0,31.392912726661226,31.392912726661226,100.0
9490,1,17.91366465848391,17.91366465848391,100.0
9490,2,50.69342261485487,50.69342261485487,100.0
9500,0,29.155288634723004,29.155288634723004,100.0
9500,1,59.26495817093167,59.26495817093167,100.0
9500,2,11.579753194345324,11.579753194345324,100.0
9510,0,11.391009802858218,11.391009802858218,100.0
9510,1,11.001097630032156,11.001097630032156,100.0
9510,2,77.60789256710963,77.60789256710963,100.0
9520,0,33.23580363314505,33.23580363314505,100.0
9520,1,52.38285908299719,52.38285908299719,100.0
9520,2,14.381337283857764,14.381337283857764,100.0
9530,0,67.34432641603088,67.34432641603088,100.0
9530,1,15.102756928676046,15.102756928676046,100.0
9530,2,17.552916655293068,17.552916655293068,100.0
9540,0,68.57837763791747,68.57837763791747,100.0
9540,1,15.520127726759773,15.520127726759773,100.0
9540,2,15.901494635322761,15.901494635322761,100.0
9550,0,58.79740586812056,58.79740586812056,100.0
9550,1,28.979311416115607,28.979311416115607,100.0
9550,2,12.223282715763826,12.223282715763826,100.0
9560,0,68.1628825329824,68.1628825329824,100.0
9560,1,11.439658935542965,11.439658935542965,100.0
9560,2,20.397458531474648,20.397458531474648,100.0
9570,0,22.008403837257855,22.008403837257855,100.0
9570,1,23.333658457402986,23.333658457402986,100.0
9570,2,54.657937705339165,54.657937705339165,100.0
9580,0,51.474113093829054,51.474113093829054,100.0
9580,1,38.572351559726684,38.572351559726684,100.0
9580,2,9.953535346444262,9.953535346444262,100.0
9590,0,48.51894193657685,48.51894193657685,100.0
9590,1,27.919101529374302,27.919101529374302,100.0
9590,2,23.56195653404885,23.56195653404885,100.0
9600,0,39.14815063594359,39.14815063594359,100.0
9600,1,29.906434078792582,29.906434078792582,100.0
9600,2,30.945415285263827,30.945415285263827,100.0
9610,0,22.839880955101687,22.839880955101687,100.0
9610,1,30.75873692639428,30.75873692639428,100.0
9610,2,46.401382118504024,46.401382118504024,100.0
9620,0,66.47925407305615,66.47925407305615,100.0
9620,1,18.320252431575526,18.320252431575526,100.0
9620,2,15.20049349536832,15.20049349536832,100.0
9630,0,11.045819380811869,11.045819380811869,100.0
9630,1,11.117183825468114,11.117183825468114,100.0
9630,2,77.83699679372002,77.83699679372002,100.0
9640,0,48.82427740467715,48.82427740467715,100.0
9640,1,17.996735990910086,17.996735990910086,100.0
9640,2,33.17898660441276,33.17898660441276,100.0
9650,0,58.97162257087444,58.97162257087444,100.0
9650,1,17.02844103285423,17.02844103285423,100.0
9650,2,23.999936396271345,23.999936396271345,100.0
9660,0,50.63178132939344,50.63178132939344,100.0
9660,1,7.89731998747584,7.89731998747584,100.0
9660,2,41.47089868313072,41.47089868313072,100.0
9670,0,39.901738760441695,39.901738760441695,100.0
9670,1,31.09424649420354,31.09424649420354,100.0
9670,2,29.004014745354766,29.004014745354766,100.0
9680,0,49.9651801965386,49.9651801965386,100.0
9680,1,27.087486443006615,27.087486443006615,100.0
9680,2,22.947333360454795,22.947333360454795,100.0
9690,0,11.389863735993686,11.389863735993686,100.0
9690,1,11.994960144328868,11.994960144328868,100.0
9690,2,76.61517611967746,76.61517611967746,100.0
9700,0,38.63716536823855,38.63716536823855,100.0
9700,1,9.985868776004745,9.985868776004745,100.0
9700,2,51.37696585575671,51.37696585575671,100.0
9710,0,20.151642869940055,20.151642869940055,100.0
9710,1,55.41735645892357,55.41735645892357,100.0
9710,2,24.431000671136367,24.431000671136367,100.0
9720,0,32.471376895031746,32.471376895031746,100.0
9720,1,35.69066661183615,35.69066661183615,100.0
9720,2,31.837956493132097,31.837956493132097,100.0
9730,0,46.80679707511064,46.80679707511064,100.0
9730,1,15.943378093490331,15.943378093490331,100.0
9730,2,37.24982483139904,37.24982483139904,100.0
9740,0,24.21732332339128,24.21732332339128,100.0
9740,1,61.11517016208009,61.11517016208009,100.0
9740,2,14.667506514528622,14.667506514528622,100.0
9750,0,24.846661871331115,24.846661871331115,100.0
9750,1,25.95827980127637,25.95827980127637,100.0
9750,2,49.19505832739253,49.19505832739253,100.0
9760,0,46.226456380836595,46.226456380836595,100.0
9760,1,38.42261038608293,38.42261038608293,100.0
9760,2,15.350933233080472,15.350933233080472,100.0
9770,0,25.96331641705015,25.96331641705015,100.0
9770,1,19.396179667410138,19.396179667410138,100.0
9770,2,54.6405039155397,54.6405039155397,100.0
9780,0,49.38277736246333,49.38277736246333,100.0
9780,1,24.05141918698889,24.05141918698889,100.0
9780,2,26.565803450547776,26.565803450547776,100.0
9790,0,66.03010279174987,66.03010279174987,100.0
9790,1,15.011684497786987,15.011684497786987,100.0
9790,2,18.95821271046314,18.95821271046314,100.0
9800,0,15.337602419003888,15.337602419003888,100.0
9800,1,30.598303601493022,30.598303601493022,100.0
9800,2,54.06409397950309,54.06409397950309,100.0
9810,0,18.613509644716572,18.613509644716572,100.0
9810,1,22.411961098277978,22.411961098277978,100.0
9810,2,58.97452925700546,58.97452925700546,100.0
9820,0,55.78033576035417,55.78033576035417,100.0
9820,1,23.353666344223324,23.353666344223324,100.0
9820,2,20.86599789542251,20.86599789542251,100.0
9830,0,20.289276790377844,20.289276790377844,100.0
9830,1,39.315200777632896,39.315200777632896,100.0
9830,2,40.39552243198926,40.39552243198926,100.0
9840,0,24.55026935816301,24.55026935816301,100.0
9840,1,29.559794270590388,29.559794270590388,100.0
9840,2,45.8899363712466,45.8899363712466,100.0
9850,0,66.1662852483385,66.1662852483385,100.0
9850,1,12.567249740970896,12.567249740970896,100.0
9850,2,21.26646501069061,21.26646501069061,100.0
9860,0,44.40384541989706,44.40384541989706,100.0
9860,1,43.94241655850472,43.94241655850472,100.0
9860,2,11.653738021598228,11.653738021598228,100.0
9870,0,16.673567461714587,16.673567461714587,100.0
9870,1,14.234888398476611,14.234888398476611,100.0
9870,2,69.0915441398088,69.0915441398088,100.0
9880,0,30.171416866756907,30.171416866756907,100.0
9880,1,55.472598103289684,55.472598103289684,100.0
9880,2,14.355985029953425,14.355985029953425,100.0
9890,0,21.040031787671847,21.040031787671847,100.0
9890,1,15.195777687020529,15.195777687020529,100.0
9890,2,63.764190525307626,63.764190525307626,100.0
9900,0,49.85780952003459,49.85780952003459,100.0
9900,1,22.14228943389932,22.14228943389932,100.0
9900,2,27.999901046066082,27.999901046066082,100.0
9910,0,39.51053380420452,39.51053380420452,100.0
9910,1,30.313471394441294,30.313471394441294,100.0
9910,2,30.17599480135419,30.17599480135419,100.0
9920,0,51.60668858897935,51.60668858897935,100.0
9920,1,17.85166739939519,17.85166739939519,100.0
9920,2,30.54164401162545,30.54164401162545,100.0
9930,0,11.23552643625573,11.23552643625573,100.0
9930,1,12.256298211313048,12.256298211313048,100.0
9930,2,76.50817535243122,76.50817535243122,100.0
9940,0,38.66472505262599,38.66472505262599,100.0
9940,1,35.5609286982215,35.5609286982215,100.0
9940,2,25.774346249152515,25.774346249152515,100.0
9950,0,59.50192666981394,59.50192666981394,100.0
9950,1,11.737689605324839,11.737689605324839,100.0
9950,2,28.76038372486122,28.76038372486122,100.0
9960,0,38.39564883791541,38.39564883791541,100.0
9960,1,13.802757378637265,13.802757378637265,100.0
9960,2,47.80159378344733,47.80159378344733,100.0
9970,0,7.736323369262946,7.736323369262946,100.0
9970,1,47.95185095292442,47.95185095292442,100.0
9970,2,44.311825677812635,44.311825677812635,100.0
9980,0,9.568331816248556,9.568331816248556,100.0
9980,1,43.944214631904735,43.944214631904735,100.0
9980,2,46.487453551846706,46.487453551846706,100.0
9990,0,11.170585875575672,11.170585875575672,100.0
9990,1,11.446650693341896,11.446650693341896,100.0
9990,2,77.38276343108244,77.38276343108244,100.0
