timestamp,sliceId,dedicatedPRB,minPRB,maxPRB
510,0,33.779675863812194,33.779675863812194,100.0
510,1,18.34906944313591,18.34906944313591,100.0
510,2,47.87125469305188,47.87125469305188,100.0
520,0,39.377882866616346,39.377882866616346,100.0
520,1,23.059275291980974,23.059275291980974,100.0
520,2,37.56284184140268,37.56284184140268,100.0
530,0,37.40292435839152,37.40292435839152,100.0
530,1,50.219134005348586,50.219134005348586,100.0
530,2,12.377941636259893,12.377941636259893,100.0
540,0,17.342609086560042,17.342609086560042,100.0
540,1,26.59924149620575,26.59924149620575,100.0
540,2,56.058149417234205,56.058149417234205,100.0
550,0,53.48181215660458,53.48181215660458,100.0
550,1,24.891881642271873,24.891881642271873,100.0
550,2,21.626306201123548,21.626306201123548,100.0
560,0,22.138189547654182,22.138189547654182,100.0
560,1,49.12752450691819,49.12752450691819,100.0
560,2,28.734285945427633,28.734285945427633,100.0
570,0,12.25194422927269,12.25194422927269,100.0
570,1,11.480842214056647,11.480842214056647,100.0
570,2,76.26721355667067,76.26721355667067,100.0
580,0,58.39552097467,58.39552097467,100.0
580,1,24.758762077512504,24.758762077512504,100.0
580,2,16.845716947817493,16.845716947817493,100.0
590,0,14.438066665777397,14.438066665777397,100.0
590,1,65.06934904496056,65.06934904496056,100.0
590,2,20.49258428926204,20.49258428926204,100.0
600,0,52.26151418406384,52.26151418406384,100.0
600,1,32.517654789561966,32.517654789561966,100.0
600,2,15.22083102637419,15.22083102637419,100.0
610,0,20.945959892724037,20.945959892724037,100.0
610,1,19.280742506936523,19.280742506936523,100.0
610,2,59.77329760033945,59.77329760033945,100.0
620,0,47.49600133717837,47.49600133717837,100.0
620,1,10.375447378662074,10.375447378662074,100.0
620,2,42.12855128415956,42.12855128415956,100.0
630,0,11.600850982168657,11.600850982168657,100.0
630,1,12.137657119544269,12.137657119544269,100.0
630,2,76.26149189828708,76.26149189828708,100.0
640,0,46.394993242732475,46.394993242732475,100.0
640,1,40.44328990468928,40.44328990468928,100.0
640,2,13.161716852578248,13.161716852578248,100.0
650,0,42.886509293166064,42.886509293166064,100.0
650,1,40.5606874606917,40.5606874606917,100.0
650,2,16.55280324614224,16.55280324614224,100.0
660,0,12.600307212733863,12.600307212733863,100.0
660,1,52.15588543150046,52.15588543150046,100.0
660,2,35.243807355765675,35.243807355765675,100.0
670,0,35.90771117644873,35.90771117644873,100.0
670,1,27.36165660911026,27.36165660911026,100.0
670,2,36.730632214441016,36.730632214441016,100.0
680,0,60.80389687796851,60.80389687796851,100.0
680,1,23.790994028939362,23.790994028939362,100.0
680,2,15.405109093092136,15.405109093092136,100.0
690,0,27.873872636652365,27.873872636652365,100.0
690,1,14.64865703618987,14.64865703618987,100.0
690,2,57.47747032715777,57.47747032715777,100.0
700,0,24.142834616265798,24.142834616265798,100.0
700,1,50.020784130938225,50.020784130938225,100.0
700,2,25.83638125279598,25.83638125279598,100.0
710,0,18.589601165471457,18.589601165471457,100.0
710,1,41.52388937037188,41.52388937037188,100.0
710,2,39.88650946415666,39.88650946415666,100.0
720,0,21.782135430058943,21.782135430058943,100.0
720,1,41.148363087511804,41.148363087511804,100.0
720,2,37.06950148242926,37.06950148242926,100.0
730,0,27.03872152858764,27.03872152858764,100.0
730,1,17.57785832414968,17.57785832414968,100.0
730,2,55.38342014726268,55.38342014726268,100.0
740,0,32.04210069533912,32.04210069533912,100.0
740,1,39.90694830235609,39.90694830235609,100.0
740,2,28.050951002304785,28.050951002304785,100.0
750,0,16.41009558362951,16.41009558362951,100.0
750,1,11.200732007077823,11.200732007077823,100.0
750,2,72.38917240929267,72.38917240929267,100.0
760,0,29.62237586748945,29.62237586748945,100.0
760,1,10.383256784024887,10.383256784024887,100.0
760,2,59.99436734848567,59.99436734848567,100.0
770,0,10.369177827374521,10.369177827374521,100.0
770,1,53.65514565574433,53.65514565574433,100.0
770,2,35.97567651688115,35.97567651688115,100.0
780,0,24.321209314609245,24.321209314609245,100.0
780,1,61.989785277473295,61.989785277473295,100.0
780,2,13.68900540791745,13.68900540791745,100.0
790,0,16.209999246225536,16.209999246225536,100.0
790,1,67.99017725778305,67.99017725778305,100.0
790,2,15.799823495991419,15.799823495991419,100.0
800,0,34.831900307013186,34.831900307013186,100.0
800,1,41.17372557546978,41.17372557546978,100.0
800,2,23.99437411751704,23.99437411751704,100.0
810,0,12.852003798749903,12.852003798749903,100.0
810,1,10.802206395783836,10.802206395783836,100.0
810,2,76.34578980546625,76.34578980546625,100.0
820,0,17.935840115418717,17.935840115418717,100.0
820,1,21.759358029837014,21.759358029837014,100.0
820,2,60.30480185474427,60.30480185474427,100.0
830,0,24.47346308168963,24.47346308168963,100.0
830,1,57.740080821523485,57.740080821523485,100.0
830,2,17.786456096786893,17.786456096786893,100.0
840,0,32.32074845656377,32.32074845656377,100.0
840,1,28.814313241327195,28.814313241327195,100.0
840,2,38.86493830210904,38.86493830210904,100.0
850,0,31.60981264567726,31.60981264567726,100.0
850,1,18.77772421767226,18.77772421767226,100.0
850,2,49.61246313665047,49.61246313665047,100.0
860,0,29.986970886465038,29.986970886465038,100.0
860,1,25.255381459676002,25.255381459676002,100.0
860,2,44.75764765385897,44.75764765385897,100.0
870,0,12.802336365851346,12.802336365851346,100.0
870,1,11.529514084306307,11.529514084306307,100.0
870,2,75.66814954984235,75.66814954984235,100.0
880,0,38.13290715648306,38.13290715648306,100.0
880,1,15.464562966407195,15.464562966407195,100.0
880,2,46.402529877109764,46.402529877109764,100.0
890,0,18.729467134615927,18.729467134615927,100.0
890,1,53.28425756056053,53.28425756056053,100.0
890,2,27.986275304823554,27.986275304823554,100.0
900,0,22.3101310572735,22.3101310572735,100.0
900,1,47.46960963558961,47.46960963558961,100.0
900,2,30.22025930713688,30.22025930713688,100.0
910,0,31.127374529950945,31.127374529950945,100.0
910,1,56.33457011329879,56.33457011329879,100.0
910,2,12.538055356750268,12.538055356750268,100.0
920,0,28.025605928839543,28.025605928839543,100.0
920,1,22.06629899104928,22.06629899104928,100.0
920,2,49.908095080111174,49.908095080111174,100.0
930,0,12.065911902292008,12.065911902292008,100.0
930,1,12.531995632000209,12.531995632000209,100.0
930,2,75.40209246570778,75.40209246570778,100.0
940,0,18.61681414695453,18.61681414695453,100.0
940,1,48.53372139126888,48.53372139126888,100.0
940,2,32.849464461776606,32.849464461776606,100.0
950,0,54.80367729850168,54.80367729850168,100.0
950,1,29.23520095257455,29.23520095257455,100.0
950,2,15.961121748923768,15.961121748923768,100.0
960,0,37.91196178630984,37.91196178630984,100.0
960,1,17.42429826145872,17.42429826145872,100.0
960,2,44.663739952231445,44.663739952231445,100.0
970,0,35.79556278012518,35.79556278012518,100.0
970,1,42.02762038956455,42.02762038956455,100.0
970,2,22.17681683031028,22.17681683031028,100.0
980,0,62.93694021786279,62.93694021786279,100.0
980,1,19.713488097606252,19.713488097606252,100.0
980,2,17.34957168453095,17.34957168453095,100.0
990,0,19.823817419299775,19.823817419299775,100.0
990,1,11.195606011479878,11.195606011479878,100.0
990,2,68.98057656922035,68.98057656922035,100.0
1000,0,39.00341355688248,39.00341355688248,100.0
1000,1,25.660866589460152,25.660866589460152,100.0
1000,2,35.33571985365738,35.33571985365738,100.0
1010,0,33.70007640096539,33.70007640096539,100.0
1010,1,24.039746769429136,24.039746769429136,100.0
1010,2,42.26017682960547,42.26017682960547,100.0
1020,0,34.37810300403333,34.37810300403333,100.0
1020,1,46.76400413195942,46.76400413195942,100.0
1020,2,18.85789286400724,18.85789286400724,100.0
1030,0,42.353512917976126,42.353512917976126,100.0
1030,1,19.27363155177957,19.27363155177957,100.0
1030,2,38.372855530244294,38.372855530244294,100.0
1040,0,19.59301901627344,19.59301901627344,100.0
1040,1,19.718465999895102,19.718465999895102,100.0
1040,2,60.68851498383147,60.68851498383147,100.0
1050,0,15.366668938751374,15.366668938751374,100.0
1050,1,11.049600162877182,11.049600162877182,100.0
1050,2,73.58373089837144,73.58373089837144,100.0
1060,0,50.90719320161443,50.90719320161443,100.0
1060,1,25.409814710666506,25.409814710666506,100.0
1060,2,23.682992087719068,23.682992087719068,100.0
1070,0,30.12061776830442,30.12061776830442,100.0
1070,1,48.07671933903367,48.07671933903367,100.0
1070,2,21.802662892661917,21.802662892661917,100.0
1080,0,33.53762650815308,33.53762650815308,100.0
1080,1,10.789256080477214,10.789256080477214,100.0
1080,2,55.67311741136971,55.67311741136971,100.0
1090,0,74.66909703709783,74.66909703709783,100.0
1090,1,12.927811967434003,12.927811967434003,100.0
1090,2,12.403090995468173,12.403090995468173,100.0
1100,0,20.629023023866882,20.629023023866882,100.0
1100,1,14.40795451690962,14.40795451690962,100.0
1100,2,64.96302245922351,64.96302245922351,100.0
1110,0,12.048762742381394,12.048762742381394,100.0
1110,1,11.907084452706899,11.907084452706899,100.0
1110,2,76.04415280491172,76.04415280491172,100.0
1120,0,22.114967973741027,22.114967973741027,100.0
1120,1,20.26116238940392,20.26116238940392,100.0
1120,2,57.623869636855055,57.623869636855055,100.0
1130,0,39.34917300077635,39.34917300077635,100.0
1130,1,28.59758386882182,28.59758386882182,100.0
1130,2,32.05324313040182,32.05324313040182,100.0
1140,0,46.20938241229361,46.20938241229361,100.0
1140,1,22.796069359891415,22.796069359891415,100.0
1140,2,30.994548227814985,30.994548227814985,100.0
1150,0,41.168340673303504,41.168340673303504,100.0
1150,1,42.43682462157568,42.43682462157568,100.0
1150,2,16.394834705120825,16.394834705120825,100.0
1160,0,52.3398345295637,52.3398345295637,100.0
1160,1,22.5025529971331,22.5025529971331,100.0
1160,2,25.157612473303203,25.157612473303203,100.0
1170,0,13.352058161632055,13.352058161632055,100.0
1170,1,11.203817957138924,11.203817957138924,100.0
1170,2,75.444123881229,75.444123881229,100.0
1180,0,15.440692070121134,15.440692070121134,100.0
1180,1,55.60861384667625,55.60861384667625,100.0
1180,2,28.950694083202617,28.950694083202617,100.0
1190,0,15.537210283715646,15.537210283715646,100.0
1190,1,38.10890649031005,38.10890649031005,100.0
1190,2,46.35388322597429,46.35388322597429,100.0
1200,0,27.012101825332245,27.012101825332245,100.0
1200,1,47.20436859885824,47.20436859885824,100.0
1200,2,25.783529575809506,25.783529575809506,100.0
1210,0,19.747209495752184,19.747209495752184,100.0
1210,1,15.176028426791403,15.176028426791403,100.0
1210,2,65.07676207745641,65.07676207745641,100.0
1220,0,56.592095959081966,56.592095959081966,100.0
1220,1,21.945866735156326,21.945866735156326,100.0
1220,2,21.462037305761708,21.462037305761708,100.0
1230,0,13.087612932349439,13.087612932349439,100.0
1230,1,11.518660583924282,11.518660583924282,100.0
1230,2,75.39372648372627,75.39372648372627,100.0
1240,0,17.66895757628201,17.66895757628201,100.0
1240,1,32.071775348305145,32.071775348305145,100.0
1240,2,50.25926707541285,50.25926707541285,100.0
1250,0,31.477659661445866,31.477659661445866,100.0
1250,1,45.42231580852284,45.42231580852284,100.0
1250,2,23.100024530031295,23.100024530031295,100.0
1260,0,61.087251486639914,61.087251486639914,100.0
1260,1,27.338616532754536,27.338616532754536,100.0
1260,2,11.574131980605552,11.574131980605552,100.0
1270,0,63.02281368049889,63.02281368049889,100.0
1270,1,24.233578602229105,24.233578602229105,100.0
1270,2,12.743607717272019,12.743607717272019,100.0
1280,0,22.125118455549018,22.125118455549018,100.0
1280,1,39.14246166647547,39.14246166647547,100.0
1280,2,38.7324198779755,38.7324198779755,100.0
1290,0,24.178163494951686,24.178163494951686,100.0
1290,1,10.318085292187003,10.318085292187003,100.0
1290,2,65.50375121286132,65.50375121286132,100.0
1300,0,10.68068975175292,10.68068975175292,100.0
1300,1,57.32115888722118,57.32115888722118,100.0
1300,2,31.998151361025904,31.998151361025904,100.0
1310,0,17.890590467544108,17.890590467544108,100.0
1310,1,25.384634483309128,25.384634483309128,100.0
1310,2,56.72477504914677,56.72477504914677,100.0
1320,0,62.334404629757,62.334404629757,100.0
1320,1,24.514006112792817,24.514006112792817,100.0
1320,2,13.15158925745018,13.15158925745018,100.0
1330,0,40.51518556012345,40.51518556012345,100.0
1330,1,17.469471705102777,17.469471705102777,100.0
1330,2,42.01534273477377,42.01534273477377,100.0
1340,0,59.05214624521173,59.05214624521173,100.0
1340,1,12.403881340593962,12.403881340593962,100.0
1340,2,28.543972414194307,28.543972414194307,100.0
1350,0,19.798595181819973,19.798595181819973,100.0
1350,1,10.383489713496138,10.383489713496138,100.0
1350,2,69.81791510468389,69.81791510468389,100.0
1360,0,46.01456428573577,46.01456428573577,100.0
1360,1,30.822929652838425,30.822929652838425,100.0
1360,2,23.162506061425802,23.162506061425802,100.0
1370,0,9.86161568507945,9.86161568507945,100.0
1370,1,58.58452325562489,58.58452325562489,100.0
1370,2,31.553861059295656,31.553861059295656,100.0
1380,0,17.51493425973219,17.51493425973219,100.0
1380,1,51.37871849892009,51.37871849892009,100.0
1380,2,31.106347241347738,31.106347241347738,100.0
1390,0,42.62736365860278,42.62736365860278,100.0
1390,1,48.60549427987813,48.60549427987813,100.0
1390,2,8.767142061519092,8.767142061519092,100.0
1400,0,32.505446261420836,32.505446261420836,100.0
1400,1,39.2286816019453,39.2286816019453,100.0
1400,2,28.265872136633867,28.265872136633867,100.0
1410,0,14.72378702198738,14.72378702198738,100.0
1410,1,13.138210637469852,13.138210637469852,100.0
1410,2,72.13800234054277,72.13800234054277,100.0
1420,0,33.96892427396517,33.96892427396517,100.0
1420,1,43.59329243250259,43.59329243250259,100.0
1420,2,22.43778329353225,22.43778329353225,100.0
1430,0,64.65346234885202,64.65346234885202,100.0
1430,1,16.988415259742894,16.988415259742894,100.0
1430,2,18.35812239140509,18.35812239140509,100.0
1440,0,21.019553223947092,21.019553223947092,100.0
1440,1,23.801286713714443,23.801286713714443,100.0
1440,2,55.17916006233846,55.17916006233846,100.0
1450,0,35.265497130510916,35.265497130510916,100.0
1450,1,27.269718892047536,27.269718892047536,100.0
1450,2,37.46478397744155,37.46478397744155,100.0
1460,0,20.17898623126343,20.17898623126343,100.0
1460,1,63.79654216864659,63.79654216864659,100.0
1460,2,16.024471600089978,16.024471600089978,100.0
1470,0,16.417032832151943,16.417032832151943,100.0
1470,1,12.394283057267272,12.394283057267272,100.0
1470,2,71.18868411058078,71.18868411058078,100.0
1480,0,27.511750490502624,27.511750490502624,100.0
1480,1,21.23757845415661,21.23757845415661,100.0
1480,2,51.25067105534077,51.25067105534077,100.0
1490,0,69.2129730092711,69.2129730092711,100.0
1490,1,17.2841922033263,17.2841922033263,100.0
1490,2,13.502834787402618,13.502834787402618,100.0
1500,0,44.4129551007538,44.4129551007538,100.0
1500,1,18.671246619320346,18.671246619320346,100.0
1500,2,36.91579827992586,36.91579827992586,100.0
1510,0,44.05839485453717,44.05839485453717,100.0
1510,1,28.156289718206946,28.156289718206946,100.0
1510,2,27.785315427255895,27.785315427255895,100.0
1520,0,23.866936477663327,23.866936477663327,100.0
1520,1,18.284328208480595,18.284328208480595,100.0
1520,2,57.84873531385608,57.84873531385608,100.0
1530,0,14.321694435514843,14.321694435514843,100.0
1530,1,14.101165751420961,14.101165751420961,100.0
1530,2,71.57713981306419,71.57713981306419,100.0
1540,0,33.8784693442658,33.8784693442658,100.0
1540,1,43.45435850752287,43.45435850752287,100.0
1540,2,22.66717214821134,22.66717214821134,100.0
1550,0,35.55933729528477,35.55933729528477,100.0
1550,1,32.824625418948514,32.824625418948514,100.0
1550,2,31.616037285766712,31.616037285766712,100.0
1560,0,56.828500798158764,56.828500798158764,100.0
1560,1,17.439083232573452,17.439083232573452,100.0
1560,2,25.73241596926779,25.73241596926779,100.0
1570,0,69.0892348622396,69.0892348622396,100.0
1570,1,10.896576909892996,10.896576909892996,100.0
1570,2,20.014188227867407,20.014188227867407,100.0
1580,0,26.67860852933434,26.67860852933434,100.0
1580,1,39.48757018863516,39.48757018863516,100.0
1580,2,33.83382128203051,33.83382128203051,100.0
1590,0,17.103351937042895,17.103351937042895,100.0
1590,1,11.41601672596946,11.41601672596946,100.0
1590,2,71.48063133698764,71.48063133698764,100.0
1600,0,46.1585581601021,46.1585581601021,100.0
1600,1,42.75490478308475,42.75490478308475,100.0
1600,2,11.086537056813155,11.086537056813155,100.0
1610,0,34.986443632744866,34.986443632744866,100.0
1610,1,26.887742896318723,26.887742896318723,100.0
1610,2,38.125813470936414,38.125813470936414,100.0
1620,0,10.93804679651966,10.93804679651966,100.0
1620,1,49.67089828926798,49.67089828926798,100.0
1620,2,39.39105491421236,39.39105491421236,100.0
1630,0,34.097358474100915,34.097358474100915,100.0
1630,1,48.917026920741655,48.917026920741655,100.0
1630,2,16.985614605157433,16.985614605157433,100.0
1640,0,24.434906203888804,24.434906203888804,100.0
1640,1,53.00527747365421,53.00527747365421,100.0
1640,2,22.559816322456992,22.559816322456992,100.0
1650,0,14.468517699663227,14.468517699663227,100.0
1650,1,11.368075595694807,11.368075595694807,100.0
1650,2,74.16340670464197,74.16340670464197,100.0
1660,0,48.35419942607038,48.35419942607038,100.0
1660,1,40.34833372583235,40.34833372583235,100.0
1660,2,11.297466848097287,11.297466848097287,100.0
1670,0,13.080856926395471,13.080856926395471,100.0
1670,1,37.85088939498848,37.85088939498848,100.0
1670,2,49.06825367861605,49.06825367861605,100.0
1680,0,35.41862236444417,35.41862236444417,100.0
1680,1,22.198934290861335,22.198934290861335,100.0
1680,2,42.3824433446945,42.3824433446945,100.0
1690,0,24.158844562322855,24.158844562322855,100.0
1690,1,20.596211527968972,20.596211527968972,100.0
1690,2,55.24494390970818,55.24494390970818,100.0
1700,0,33.450716927375424,33.450716927375424,100.0
1700,1,29.018349182089793,29.018349182089793,100.0
1700,2,37.53093389053478,37.53093389053478,100.0
1710,0,12.671465603493928,12.671465603493928,100.0
1710,1,12.918720258538825,12.918720258538825,100.0
1710,2,74.40981413796725,74.40981413796725,100.0
1720,0,43.39603554427035,43.39603554427035,100.0
1720,1,30.23141957544093,30.23141957544093,100.0
1720,2,26.37254488028873,26.37254488028873,100.0
1730,0,21.908002454509294,21.908002454509294,100.0
1730,1,26.258217580535636,26.258217580535636,100.0
1730,2,51.83377996495507,51.83377996495507,100.0
1740,0,10.369608866094229,10.369608866094229,100.0
1740,1,70.62142251515627,70.62142251515627,100.0
1740,2,19.00896861874951,19.00896861874951,100.0
1750,0,19.782823917464306,19.782823917464306,100.0
1750,1,36.15899265784509,36.15899265784509,100.0
1750,2,44.0581834246906,44.0581834246906,100.0
1760,0,63.011305728596554,63.011305728596554,100.0
1760,1,23.265450546146045,23.265450546146045,100.0
1760,2,13.7232437252574,13.7232437252574,100.0
1770,0,17.013738541865333,17.013738541865333,100.0
1770,1,17.808129727371902,17.808129727371902,100.0
1770,2,65.17813173076277,65.17813173076277,100.0
1780,0,39.25056609241063,39.25056609241063,100.0
1780,1,44.52609958046546,44.52609958046546,100.0
1780,2,16.2233343271239,16.2233343271239,100.0
1790,0,36.074258429782816,36.074258429782816,100.0
1790,1,28.40617091731939,28.40617091731939,100.0
1790,2,35.519570652897805,35.519570652897805,100.0
1800,0,44.91537688580682,44.91537688580682,100.0
1800,1,27.06562901417369,27.06562901417369,100.0
1800,2,28.018994100019484,28.018994100019484,100.0
1810,0,39.02123932836578,39.02123932836578,100.0
1810,1,48.663679951417,48.663679951417,100.0
1810,2,12.315080720217212,12.315080720217212,100.0
1820,0,52.34438041404857,52.34438041404857,100.0
1820,1,19.124747871471605,19.124747871471605,100.0
1820,2,28.530871714479826,28.530871714479826,100.0
1830,0,17.356394609252824,17.356394609252824,100.0
1830,1,15.029828114921607,15.029828114921607,100.0
1830,2,67.61377727582557,67.61377727582557,100.0
1840,0,42.12316739978746,42.12316739978746,100.0
1840,1,42.988037341980856,42.988037341980856,100.0
1840,2,14.88879525823168,14.88879525823168,100.0
1850,0,13.926842457475114,13.926842457475114,100.0
1850,1,30.65586834335171,30.65586834335171,100.0
1850,2,55.41728919917317,55.41728919917317,100.0
1860,0,33.532076695213554,33.532076695213554,100.0
1860,1,35.57042342173792,35.57042342173792,100.0
1860,2,30.897499883048525,30.897499883048525,100.0
1870,0,33.8241454789415,33.8241454789415,100.0
1870,1,37.08549563514249,37.08549563514249,100.0
1870,2,29.090358885916007,29.090358885916007,100.0
1880,0,42.15638653670648,42.15638653670648,100.0
1880,1,27.207131793031714,27.207131793031714,100.0
1880,2,30.636481670261823,30.636481670261823,100.0
1890,0,15.079495334051925,15.079495334051925,100.0
1890,1,11.914135947124763,11.914135947124763,100.0
1890,2,73.00636871882331,73.00636871882331,100.0
1900,0,21.92706859369452,21.92706859369452,100.0
1900,1,62.40124968687256,62.40124968687256,100.0
1900,2,15.671681719432911,15.671681719432911,100.0
1910,0,40.30134700757675,40.30134700757675,100.0
1910,1,50.81502432049061,50.81502432049061,100.0
1910,2,8.883628671932653,8.883628671932653,100.0
1920,0,27.011028298342566,27.011028298342566,100.0
1920,1,35.7940464327781,35.7940464327781,100.0
1920,2,37.19492526887933,37.19492526887933,100.0
1930,0,38.79643376649565,38.79643376649565,100.0
1930,1,41.30928729281811,41.30928729281811,100.0
1930,2,19.894278940686245,19.894278940686245,100.0
1940,0,23.729587598562937,23.729587598562937,100.0
1940,1,10.277461455066273,10.277461455066273,100.0
1940,2,65.99295094637078,65.99295094637078,100.0
1950,0,15.923730685018334,15.923730685018334,100.0
1950,1,15.81631634164362,15.81631634164362,100.0
1950,2,68.25995297333805,68.25995297333805,100.0
1960,0,37.552551380289096,37.552551380289096,100.0
1960,1,29.24277591735957,29.24277591735957,100.0
1960,2,33.20467270235134,33.20467270235134,100.0
1970,0,50.901334260876716,50.901334260876716,100.0
1970,1,12.872710611688671,12.872710611688671,100.0
1970,2,36.22595512743462,36.22595512743462,100.0
1980,0,15.368816990204278,15.368816990204278,100.0
1980,1,66.48728770822441,66.48728770822441,100.0
1980,2,18.14389530157132,18.14389530157132,100.0
1990,0,45.71664489109355,45.71664489109355,100.0
1990,1,39.54313880401867,39.54313880401867,100.0
1990,2,14.740216304887783,14.740216304887783,100.0
2000,0,22.926717686121574,22.926717686121574,100.0
2000,1,24.643466706944213,24.643466706944213,100.0
2000,2,52.42981560693421,52.42981560693421,100.0
2010,0,11.326527364840958,11.326527364840958,100.0
2010,1,11.48591474922177,11.48591474922177,100.0
2010,2,77.18755788593728,77.18755788593728,100.0
2020,0,29.385018514564038,29.385018514564038,100.0
2020,1,16.500640149850916,16.500640149850916,100.0
2020,2,54.11434133558506,54.11434133558506,100.0
2030,0,17.00574459570578,17.00574459570578,100.0
2030,1,59.13688387126732,59.13688387126732,100.0
2030,2,23.857371533026896,23.857371533026896,100.0
2040,0,29.643586053812992,29.643586053812992,100.0
2040,1,58.15735705277715,58.15735705277715,100.0
2040,2,12.199056893409864,12.199056893409864,100.0
2050,0,30.378429003905538,30.378429003905538,100.0
2050,1,38.67292716361826,38.67292716361826,100.0
2050,2,30.948643832476197,30.948643832476197,100.0
2060,0,18.641358634686892,18.641358634686892,100.0
2060,1,52.059248610781296,52.059248610781296,100.0
2060,2,29.299392754531823,29.299392754531823,100.0
2070,0,12.403542821558126,12.403542821558126,100.0
2070,1,12.251617011738327,12.251617011738327,100.0
2070,2,75.34484016670355,75.34484016670355,100.0
2080,0,40.70458621485684,40.70458621485684,100.0
2080,1,14.852916036057916,14.852916036057916,100.0
2080,2,44.44249774908524,44.44249774908524,100.0
2090,0,19.4368655531287,19.4368655531287,100.0
2090,1,27.134197673322934,27.134197673322934,100.0
2090,2,53.428936773548365,53.428936773548365,100.0
2100,0,33.7766868315492,33.7766868315492,100.0
2100,1,11.74372625702335,11.74372625702335,100.0
2100,2,54.47958691142746,54.47958691142746,100.0
2110,0,27.165365996638357,27.165365996638357,100.0
2110,1,35.55680276151741,35.55680276151741,100.0
2110,2,37.27783124184424,37.27783124184424,100.0
2120,0,47.055304543199185,47.055304543199185,100.0
2120,1,39.55139076685963,39.55139076685963,100.0
2120,2,13.393304689941191,13.393304689941191,100.0
2130,0,25.21981169371012,25.21981169371012,100.0
2130,1,9.282368156543457,9.282368156543457,100.0
2130,2,65.49782014974643,65.49782014974643,100.0
2140,0,53.39965483394147,53.39965483394147,100.0
2140,1,28.896637500691845,28.896637500691845,100.0
2140,2,17.7037076653667,17.7037076653667,100.0
2150,0,24.18988970406371,24.18988970406371,100.0
2150,1,37.05687872311516,37.05687872311516,100.0
2150,2,38.753231572821136,38.753231572821136,100.0
2160,0,43.20599608751446,43.20599608751446,100.0
2160,1,22.907214364692802,22.907214364692802,100.0
2160,2,33.886789547792745,33.886789547792745,100.0
2170,0,22.576014354678634,22.576014354678634,100.0
2170,1,43.06065892571632,43.06065892571632,100.0
2170,2,34.36332671960504,34.36332671960504,100.0
2180,0,24.53182901521273,24.53182901521273,100.0
2180,1,24.69879939749617,24.69879939749617,100.0
2180,2,50.769371587291104,50.769371587291104,100.0
2190,0,11.457479597514366,11.457479597514366,100.0
2190,1,11.633003329392535,11.633003329392535,100.0
2190,2,76.9095170730931,76.9095170730931,100.0
2200,0,49.73682653202656,49.73682653202656,100.0
2200,1,31.323982441318275,31.323982441318275,100.0
2200,2,18.93919102665515,18.93919102665515,100.0
2210,0,22.18872646354174,22.18872646354174,100.0
2210,1,27.183020518478873,27.183020518478873,100.0
2210,2,50.6282530179794,50.6282530179794,100.0
2220,0,15.76094120016415,15.76094120016415,100.0
2220,1,67.32057579793923,67.32057579793923,100.0
2220,2,16.918483001896625,16.918483001896625,100.0
2230,0,29.32264350269215,29.32264350269215,100.0
2230,1,36.02025365814511,36.02025365814511,100.0
2230,2,34.65710283916274,34.65710283916274,100.0
2240,0,13.366834610033013,13.366834610033013,100.0
2240,1,13.18264569679223,13.18264569679223,100.0
2240,2,73.45051969317475,73.45051969317475,100.0
2250,0,12.075156945256678,12.075156945256678,100.0
2250,1,12.381168360122402,12.381168360122402,100.0
2250,2,75.54367469462092,75.54367469462092,100.0
2260,0,37.566307709511946,37.566307709511946,100.0
2260,1,37.505202439353376,37.505202439353376,100.0
2260,2,24.92848985113469,24.92848985113469,100.0
2270,0,16.967546182548862,16.967546182548862,100.0
2270,1,21.143694944664794,21.143694944664794,100.0
2270,2,61.88875887278634,61.88875887278634,100.0
2280,0,14.752695288851156,14.752695288851156,100.0
2280,1,66.18761996995619,66.18761996995619,100.0
2280,2,19.05968474119266,19.05968474119266,100.0
2290,0,40.06934029521445,40.06934029521445,100.0
2290,1,43.000577032759715,43.000577032759715,100.0
2290,2,16.930082672025843,16.930082672025843,100.0
2300,0,9.70442836746293,9.70442836746293,100.0
2300,1,61.73897080131636,61.73897080131636,100.0
2300,2,28.55660083122072,28.55660083122072,100.0
2310,0,11.89247340006563,11.89247340006563,100.0
2310,1,11.291810018900666,11.291810018900666,100.0
2310,2,76.81571658103371,76.81571658103371,100.0
2320,0,29.214018692141806,29.214018692141806,100.0
2320,1,35.002554705208496,35.002554705208496,100.0
2320,2,35.7834266026497,35.7834266026497,100.0
2330,0,31.18024982995269,31.18024982995269,100.0
2330,1,20.011697765494137,20.011697765494137,100.0
2330,2,48.80805240455317,48.80805240455317,100.0
2340,0,34.85653777970516,34.85653777970516,100.0
2340,1,48.23659280371549,48.23659280371549,100.0
2340,2,16.90686941657935,16.90686941657935,100.0
2350,0,20.22591145619731,20.22591145619731,100.0
2350,1,49.72406211625472,49.72406211625472,100.0
2350,2,30.05002642754797,30.05002642754797,100.0
2360,0,27.316131964406885,27.316131964406885,100.0
2360,1,39.75253098277,39.75253098277,100.0
2360,2,32.93133705282312,32.93133705282312,100.0
2370,0,16.738714984758943,16.738714984758943,100.0
2370,1,18.61792319097572,18.61792319097572,100.0
2370,2,64.64336182426534,64.64336182426534,100.0
2380,0,32.955513051092225,32.955513051092225,100.0
2380,1,35.38587959307842,35.38587959307842,100.0
2380,2,31.65860735582935,31.65860735582935,100.0
2390,0,31.248886425383642,31.248886425383642,100.0
2390,1,36.056861391235465,36.056861391235465,100.0
2390,2,32.69425218338089,32.69425218338089,100.0
2400,0,46.43806890026944,46.43806890026944,100.0
2400,1,22.548008375622494,22.548008375622494,100.0
2400,2,31.013922724108067,31.013922724108067,100.0
2410,0,39.03295127734992,39.03295127734992,100.0
2410,1,18.98140710631217,18.98140710631217,100.0
2410,2,41.98564161633791,41.98564161633791,100.0
2420,0,18.812089144117444,18.812089144117444,100.0
2420,1,59.91680827595115,59.91680827595115,100.0
2420,2,21.271102579931398,21.271102579931398,100.0
2430,0,15.533765597418864,15.533765597418864,100.0
2430,1,12.944547841948973,12.944547841948973,100.0
2430,2,71.52168656063216,71.52168656063216,100.0
2440,0,10.347401256126885,10.347401256126885,100.0
2440,1,46.87925071610852,46.87925071610852,100.0
2440,2,42.77334802776459,42.77334802776459,100.0
2450,0,31.560010961332523,31.560010961332523,100.0
2450,1,26.559968380239624,26.559968380239624,100.0
2450,2,41.880020658427846,41.880020658427846,100.0
2460,0,65.39582967082201,65.39582967082201,100.0
2460,1,19.499077123817425,19.499077123817425,100.0
2460,2,15.105093205360568,15.105093205360568,100.0
2470,0,38.4388917617172,38.4388917617172,100.0
2470,1,51.028077690591566,51.028077690591566,100.0
2470,2,10.53303054769123,10.53303054769123,100.0
2480,0,40.6642688415282,40.6642688415282,100.0
2480,1,18.040791121763757,18.040791121763757,100.0
2480,2,41.29494003670806,41.29494003670806,100.0
2490,0,11.452018040695847,11.452018040695847,100.0
2490,1,11.630787301957778,11.630787301957778,100.0
2490,2,76.91719465734637,76.91719465734637,100.0
2500,0,32.9349739234988,32.9349739234988,100.0
2500,1,50.17258960589833,50.17258960589833,100.0
2500,2,16.892436470602863,16.892436470602863,100.0
2510,0,13.306943097287293,13.306943097287293,100.0
2510,1,45.4637058214438,45.4637058214438,100.0
2510,2,41.22935108126891,41.22935108126891,100.0
2520,0,63.02093576540122,63.02093576540122,100.0
2520,1,17.42891501898309,17.42891501898309,100.0
2520,2,19.55014921561568,19.55014921561568,100.0
2530,0,20.06097268883975,20.06097268883975,100.0
2530,1,42.94753257541879,42.94753257541879,100.0
2530,2,36.99149473574146,36.99149473574146,100.0
2540,0,44.78196765300859,44.78196765300859,100.0
2540,1,37.37143233897918,37.37143233897918,100.0
2540,2,17.846600008012224,17.846600008012224,100.0
2550,0,16.84846142481405,16.84846142481405,100.0
2550,1,10.444950548669032,10.444950548669032,100.0
2550,2,72.70658802651693,72.70658802651693,100.0
2560,0,39.05988329803668,39.05988329803668,100.0
2560,1,34.99332246443742,34.99332246443742,100.0
2560,2,25.946794237525907,25.946794237525907,100.0
2570,0,34.63191173483854,34.63191173483854,100.0
2570,1,35.32891294364119,35.32891294364119,100.0
2570,2,30.03917532152027,30.03917532152027,100.0
2580,0,20.239377600946554,20.239377600946554,100.0
2580,1,35.96698562647141,35.96698562647141,100.0
2580,2,43.79363677258203,43.79363677258203,100.0
2590,0,16.84928623149436,16.84928623149436,100.0
2590,1,25.214289374569432,25.214289374569432,100.0
2590,2,57.93642439393621,57.93642439393621,100.0
2600,0,36.70935615904881,36.70935615904881,100.0
2600,1,51.3456601284341,51.3456601284341,100.0
2600,2,11.944983712517088,11.944983712517088,100.0
2610,0,12.300751507397507,12.300751507397507,100.0
2610,1,12.134169263556466,12.134169263556466,100.0
2610,2,75.56507922904603,75.56507922904603,100.0
2620,0,19.823563358681564,19.823563358681564,100.0
2620,1,30.55416273797536,30.55416273797536,100.0
2620,2,49.622273903343064,49.622273903343064,100.0
2630,0,19.35375266879129,19.35375266879129,100.0
2630,1,62.60724631415462,62.60724631415462,100.0
2630,2,18.039001017054094,18.039001017054094,100.0
2640,0,53.36279191038494,53.36279191038494,100.0
2640,1,11.249271859700329,11.249271859700329,100.0
2640,2,35.387936229914736,35.387936229914736,100.0
2650,0,54.020788833228416,54.020788833228416,100.0
2650,1,15.90136322356305,15.90136322356305,100.0
2650,2,30.077847943208525,30.077847943208525,100.0
2660,0,34.584503141831306,34.584503141831306,100.0
2660,1,46.25196115082112,46.25196115082112,100.0
2660,2,19.16353570734757,19.16353570734757,100.0
2670,0,11.56842485534178,11.56842485534178,100.0
2670,1,11.386210736336219,11.386210736336219,100.0
2670,2,77.045364408322,77.045364408322,100.0
2680,0,29.719776150628245,29.719776150628245,100.0
2680,1,45.22475862092632,45.22475862092632,100.0
2680,2,25.05546522844544,25.05546522844544,100.0
2690,0,47.104978316478196,47.104978316478196,100.0
2690,1,31.502873112450803,31.502873112450803,100.0
2690,2,21.392148571071004,21.392148571071004,100.0
2700,0,47.65427669664255,47.65427669664255,100.0
2700,1,33.460440967789545,33.460440967789545,100.0
2700,2,18.88528233556791,18.88528233556791,100.0
2710,0,20.753648842386973,20.753648842386973,100.0
2710,1,17.682239767113053,17.682239767113053,100.0
2710,2,61.564111390499974,61.564111390499974,100.0
2720,0,35.86201165777461,35.86201165777461,100.0
2720,1,14.60632548361751,14.60632548361751,100.0
2720,2,49.53166285860788,49.53166285860788,100.0
2730,0,11.274190818059713,11.274190818059713,100.0
2730,1,11.160831323314913,11.160831323314913,100.0
2730,2,77.56497785862538,77.56497785862538,100.0
2740,0,24.472975696091094,24.472975696091094,100.0
2740,1,61.05130389713088,61.05130389713088,100.0
2740,2,14.475720406778029,14.475720406778029,100.0
2750,0,40.61124347408519,40.61124347408519,100.0
2750,1,49.867645832461676,49.867645832461676,100.0
2750,2,9.521110693453137,9.521110693453137,100.0
2760,0,34.722372478913464,34.722372478913464,100.0
2760,1,42.55537502333183,42.55537502333183,100.0
2760,2,22.722252497754713,22.722252497754713,100.0
2770,0,15.314302118176604,15.314302118176604,100.0
2770,1,48.05860014299624,48.05860014299624,100.0
2770,2,36.62709773882716,36.62709773882716,100.0
2780,0,19.80124398436945,19.80124398436945,100.0
2780,1,28.447163018382614,28.447163018382614,100.0
2780,2,51.75159299724794,51.75159299724794,100.0
2790,0,11.650821245737978,11.650821245737978,100.0
2790,1,11.694523752391927,11.694523752391927,100.0
2790,2,76.6546550018701,76.6546550018701,100.0
2800,0,45.194120225131435,45.194120225131435,100.0
2800,1,46.50879980306198,46.50879980306198,100.0
2800,2,8.29707997180657,8.29707997180657,100.0
2810,0,42.523530749063596,42.523530749063596,100.0
2810,1,18.103489103132276,18.103489103132276,100.0
2810,2,39.37298014780412,39.37298014780412,100.0
2820,0,48.4398006411754,48.4398006411754,100.0
2820,1,42.830697625850874,42.830697625850874,100.0
2820,2,8.729501732973732,8.729501732973732,100.0
2830,0,24.363099151469804,24.363099151469804,100.0
2830,1,24.439624159626753,24.439624159626753,100.0
2830,2,51.19727668890345,51.19727668890345,100.0
2840,0,36.223731844468055,36.223731844468055,100.0
2840,1,39.2946744802951,39.2946744802951,100.0
2840,2,24.481593675236844,24.481593675236844,100.0
2850,0,15.250834436684038,15.250834436684038,100.0
2850,1,10.625079776839758,10.625079776839758,100.0
2850,2,74.1240857864762,74.1240857864762,100.0
2860,0,30.191721268644134,30.191721268644134,100.0
2860,1,21.772635044760456,21.772635044760456,100.0
2860,2,48.0356436865954,48.0356436865954,100.0
2870,0,16.73080811623378,16.73080811623378,100.0
2870,1,57.41598204602264,57.41598204602264,100.0
2870,2,25.85320983774358,25.85320983774358,100.0
2880,0,49.896679665730595,49.896679665730595,100.0
2880,1,37.4625456829815,37.4625456829815,100.0
2880,2,12.6407746512879,12.6407746512879,100.0
2890,0,49.887489952670116,49.887489952670116,100.0
2890,1,14.482126140888345,14.482126140888345,100.0
2890,2,35.630383906441544,35.630383906441544,100.0
2900,0,33.204980085216526,33.204980085216526,100.0
2900,1,37.29744670792465,37.29744670792465,100.0
2900,2,29.497573206858817,29.497573206858817,100.0
2910,0,11.30298310694853,11.30298310694853,100.0
2910,1,10.836949493209035,10.836949493209035,100.0
2910,2,77.86006739984244,77.86006739984244,100.0
2920,0,37.063093946294515,37.063093946294515,100.0
2920,1,20.29409615283496,20.29409615283496,100.0
2920,2,42.64280990087052,42.64280990087052,100.0
2930,0,46.34408923186327,46.34408923186327,100.0
2930,1,38.96594704193889,38.96594704193889,100.0
2930,2,14.689963726197835,14.689963726197835,100.0
2940,0,72.78803805624673,72.78803805624673,100.0
2940,1,15.284774056421957,15.284774056421957,100.0
2940,2,11.927187887331318,11.927187887331318,100.0
2950,0,11.846789089345759,11.846789089345759,100.0
2950,1,73.66993819815468,73.66993819815468,100.0
2950,2,14.483272712499563,14.483272712499563,100.0
2960,0,18.622309972030187,18.622309972030187,100.0
2960,1,68.4652491268012,68.4652491268012,100.0
2960,2,12.912440901168615,12.912440901168615,100.0
2970,0,10.920939938597737,10.920939938597737,100.0
2970,1,11.557764656003487,11.557764656003487,100.0
2970,2,77.52129540539879,77.52129540539879,100.0
2980,0,29.883143406281658,29.883143406281658,100.0
2980,1,10.023950879523207,10.023950879523207,100.0
2980,2,60.09290571419513,60.09290571419513,100.0
2990,0,33.99507061671706,33.99507061671706,100.0
2990,1,51.98111330078016,51.98111330078016,100.0
2990,2,14.02381608250279,14.02381608250279,100.0
3000,0,12.92086827511159,12.92086827511159,100.0
3000,1,73.9174933122879,73.9174933122879,100.0
3000,2,13.161638412600512,13.161638412600512,100.0
3010,0,39.95266771024926,39.95266771024926,100.0
3010,1,44.03048041615956,44.03048041615956,100.0
3010,2,16.016851873591182,16.016851873591182,100.0
3020,0,11.879864673779956,11.879864673779956,100.0
3020,1,64.21827461561395,64.21827461561395,100.0
3020,2,23.9018607106061,23.9018607106061,100.0
3030,0,11.503676928167124,11.503676928167124,100.0
3030,1,11.319204596713272,11.319204596713272,100.0
3030,2,77.17711847511961,77.17711847511961,100.0
3040,0,43.79781911631992,43.79781911631992,100.0
3040,1,43.347237514367066,43.347237514367066,100.0
3040,2,12.854943369313027,12.854943369313027,100.0
3050,0,36.23310000487977,36.23310000487977,100.0
3050,1,48.962847017989056,48.962847017989056,100.0
3050,2,14.80405297713118,14.80405297713118,100.0
3060,0,21.679552389426025,21.679552389426025,100.0
3060,1,18.98989789053821,18.98989789053821,100.0
3060,2,59.33054972003576,59.33054972003576,100.0
3070,0,49.133132964689686,49.133132964689686,100.0
3070,1,35.95106178792102,35.95106178792102,100.0
3070,2,14.915805247389297,14.915805247389297,100.0
3080,0,36.313247239338885,36.313247239338885,100.0
3080,1,34.89039022630928,34.89039022630928,100.0
3080,2,28.796362534351832,28.796362534351832,100.0
3090,0,14.056725895866998,14.056725895866998,100.0
3090,1,10.982533127435639,10.982533127435639,100.0
3090,2,74.96074097669737,74.96074097669737,100.0
3100,0,13.801247353414045,13.801247353414045,100.0
3100,1,68.52005229987942,68.52005229987942,100.0
3100,2,17.678700346706545,17.678700346706545,100.0
3110,0,42.085645582688564,42.085645582688564,100.0
3110,1,27.25167324042939,27.25167324042939,100.0
3110,2,30.662681176882046,30.662681176882046,100.0
3120,0,40.05087973926641,40.05087973926641,100.0
3120,1,35.64663001937456,35.64663001937456,100.0
3120,2,24.302490241359013,24.302490241359013,100.0
3130,0,28.580273846202587,28.580273846202587,100.0
3130,1,61.213436767145005,61.213436767145005,100.0
3130,2,10.206289386652418,10.206289386652418,100.0
3140,0,36.64274604152679,36.64274604152679,100.0
3140,1,48.37833571654679,48.37833571654679,100.0
3140,2,14.978918241926408,14.978918241926408,100.0
3150,0,14.300736664610064,14.300736664610064,100.0
3150,1,12.231777380441459,12.231777380441459,100.0
3150,2,73.46748595494847,73.46748595494847,100.0
3160,0,16.473610825097946,16.473610825097946,100.0
3160,1,38.19767039431381,38.19767039431381,100.0
3160,2,45.32871878058824,45.32871878058824,100.0
3170,0,14.446545652305137,14.446545652305137,100.0
3170,1,64.04925560245583,64.04925560245583,100.0
3170,2,21.504198745239037,21.504198745239037,100.0
3180,0,22.39460805134695,22.39460805134695,100.0
3180,1,41.52485819918757,41.52485819918757,100.0
3180,2,36.08053374946548,36.08053374946548,100.0
3190,0,50.66069835965917,50.66069835965917,100.0
3190,1,29.666759160156253,29.666759160156253,100.0
3190,2,19.67254248018457,19.67254248018457,100.0
3200,0,54.01863170999596,54.01863170999596,100.0
3200,1,21.47991127611047,21.47991127611047,100.0
3200,2,24.501457013893578,24.501457013893578,100.0
3210,0,20.123123149872853,20.123123149872853,100.0
3210,1,10.604004202280981,10.604004202280981,100.0
3210,2,69.27287264784616,69.27287264784616,100.0
3220,0,15.552039191988396,15.552039191988396,100.0
3220,1,67.69377889976388,67.69377889976388,100.0
3220,2,16.754181908247716,16.754181908247716,100.0
3230,0,28.437829686159056,28.437829686159056,100.0
3230,1,46.63145999808885,46.63145999808885,100.0
3230,2,24.930710315752105,24.930710315752105,100.0
3240,0,39.083634145305034,39.083634145305034,100.0
3240,1,11.322206681953634,11.322206681953634,100.0
3240,2,49.59415917274132,49.59415917274132,100.0
3250,0,17.661020613939776,17.661020613939776,100.0
3250,1,49.90996560744574,49.90996560744574,100.0
3250,2,32.42901377861448,32.42901377861448,100.0
3260,0,45.81312016937289,45.81312016937289,100.0
3260,1,30.7249172237707,30.7249172237707,100.0
3260,2,23.461962606856417,23.461962606856417,100.0
3270,0,14.78485726343337,14.78485726343337,100.0
3270,1,10.889923044464886,10.889923044464886,100.0
3270,2,74.32521969210174,74.32521969210174,100.0
3280,0,13.59013271942025,13.59013271942025,100.0
3280,1,47.086328864619226,47.086328864619226,100.0
3280,2,39.32353841596052,39.32353841596052,100.0
3290,0,32.661586498680094,32.661586498680094,100.0
3290,1,12.408267410285799,12.408267410285799,100.0
3290,2,54.93014609103412,54.93014609103412,100.0
3300,0,66.08264155528005,66.08264155528005,100.0
3300,1,16.100460423414624,16.100460423414624,100.0
3300,2,17.816898021305335,17.816898021305335,100.0
3310,0,28.072461384163905,28.072461384163905,100.0
3310,1,57.45197484540381,57.45197484540381,100.0
3310,2,14.475563770432293,14.475563770432293,100.0
3320,0,63.84094440786645,63.84094440786645,100.0
3320,1,21.451945828232503,21.451945828232503,100.0
3320,2,14.707109763901052,14.707109763901052,100.0
3330,0,14.565869064474288,14.565869064474288,100.0
3330,1,12.293659107249491,12.293659107249491,100.0
3330,2,73.14047182827622,73.14047182827622,100.0
3340,0,40.48866598125841,40.48866598125841,100.0
3340,1,31.57131640082674,31.57131640082674,100.0
3340,2,27.940017617914865,27.940017617914865,100.0
3350,0,12.730371711685033,12.730371711685033,100.0
3350,1,27.25786512175152,27.25786512175152,100.0
3350,2,60.01176316656345,60.01176316656345,100.0
3360,0,12.659099025748832,12.659099025748832,100.0
3360,1,46.202336856440866,46.202336856440866,100.0
3360,2,41.1385641178103,41.1385641178103,100.0
3370,0,20.546843580020834,20.546843580020834,100.0
3370,1,50.419825237148586,50.419825237148586,100.0
3370,2,29.033331182830572,29.033331182830572,100.0
3380,0,40.56331025768312,40.56331025768312,100.0
3380,1,42.20441141263197,42.20441141263197,100.0
3380,2,17.2322783296849,17.2322783296849,100.0
3390,0,33.12108421763457,33.12108421763457,100.0
3390,1,10.359386245383963,10.359386245383963,100.0
3390,2,56.51952953698147,56.51952953698147,100.0
3400,0,33.35956187404812,33.35956187404812,100.0
3400,1,35.432628753161396,35.432628753161396,100.0
3400,2,31.207809372790486,31.207809372790486,100.0
3410,0,46.42414236952972,46.42414236952972,100.0
3410,1,14.588250279847706,14.588250279847706,100.0
3410,2,38.98760735062258,38.98760735062258,100.0
3420,0,44.75257315837911,44.75257315837911,100.0
3420,1,16.52889903825271,16.52889903825271,100.0
3420,2,38.71852780336819,38.71852780336819,100.0
3430,0,34.51558342144697,34.51558342144697,100.0
3430,1,33.99236206726794,33.99236206726794,100.0
3430,2,31.492054511285094,31.492054511285094,100.0
3440,0,54.23469918713937,54.23469918713937,100.0
3440,1,22.675492116599546,22.675492116599546,100.0
3440,2,23.089808696261084,23.089808696261084,100.0
3450,0,12.791776571419977,12.791776571419977,100.0
3450,1,12.056513861040157,12.056513861040157,100.0
3450,2,75.15170956753987,75.15170956753987,100.0
3460,0,48.63609002332101,48.63609002332101,100.0
3460,1,37.0784295762075,37.0784295762075,100.0
3460,2,14.285480400471485,14.285480400471485,100.0
3470,0,24.016328753631907,24.016328753631907,100.0
3470,1,39.71535056508617,39.71535056508617,100.0
3470,2,36.268320681281914,36.268320681281914,100.0
3480,0,57.54093568467815,57.54093568467815,100.0
3480,1,9.519452446731256,9.519452446731256,100.0
3480,2,32.93961186859058,32.93961186859058,100.0
3490,0,51.14230964892129,51.14230964892129,100.0
3490,1,19.304726342734778,19.304726342734778,100.0
3490,2,29.552964008343928,29.552964008343928,100.0
3500,0,47.40050713840623,47.40050713840623,100.0
3500,1,16.744212521216085,16.744212521216085,100.0
3500,2,35.85528034037769,35.85528034037769,100.0
3510,0,11.83453198857549,11.83453198857549,100.0
3510,1,11.111692050990191,11.111692050990191,100.0
3510,2,77.05377596043432,77.05377596043432,100.0
3520,0,45.38912897499065,45.38912897499065,100.0
3520,1,24.13321801122318,24.13321801122318,100.0
3520,2,30.477653013786167,30.477653013786167,100.0
3530,0,36.226707517670306,36.226707517670306,100.0
3530,1,45.624441084507225,45.624441084507225,100.0
3530,2,18.14885139782248,18.14885139782248,100.0
3540,0,41.29392302113993,41.29392302113993,100.0
3540,1,40.483478271711355,40.483478271711355,100.0
3540,2,18.222598707148705,18.222598707148705,100.0
3550,0,18.86120009851919,18.86120009851919,100.0
3550,1,60.520915602105774,60.520915602105774,100.0
3550,2,20.617884299375046,20.617884299375046,100.0
3560,0,20.41117862296764,20.41117862296764,100.0
3560,1,36.407279874619974,36.407279874619974,100.0
3560,2,43.181541502412394,43.181541502412394,100.0
3570,0,14.315561359144583,14.315561359144583,100.0
3570,1,12.899497199296786,12.899497199296786,100.0
3570,2,72.78494144155863,72.78494144155863,100.0
3580,0,24.549509702845874,24.549509702845874,100.0
3580,1,22.31604821296714,22.31604821296714,100.0
3580,2,53.134442084186986,53.134442084186986,100.0
3590,0,44.22944652717178,44.22944652717178,100.0
3590,1,30.41516541597708,30.41516541597708,100.0
3590,2,25.355388056851137,25.355388056851137,100.0
3600,0,15.550048706519082,15.550048706519082,100.0
3600,1,46.88991476182047,46.88991476182047,100.0
3600,2,37.56003653166045,37.56003653166045,100.0
3610,0,56.92842151504812,56.92842151504812,100.0
3610,1,17.225138561120303,17.225138561120303,100.0
3610,2,25.846439923831575,25.846439923831575,100.0
3620,0,28.33595874152725,28.33595874152725,100.0
3620,1,36.183057551415274,36.183057551415274,100.0
3620,2,35.48098370705748,35.48098370705748,100.0
3630,0,12.78506196389166,12.78506196389166,100.0
3630,1,12.039945200891484,12.039945200891484,100.0
3630,2,75.17499283521684,75.17499283521684,100.0
3640,0,23.74884347258484,23.74884347258484,100.0
3640,1,65.62505248892009,65.62505248892009,100.0
3640,2,10.62610403849507,10.62610403849507,100.0
3650,0,42.762506673735295,42.762506673735295,100.0
3650,1,13.47004241265937,13.47004241265937,100.0
3650,2,43.76745091360534,43.76745091360534,100.0
3660,0,30.132570053840453,30.132570053840453,100.0
3660,1,39.608841905481626,39.608841905481626,100.0
3660,2,30.25858804067793,30.25858804067793,100.0
3670,0,60.28153107942151,60.28153107942151,100.0
3670,1,27.699212264327034,27.699212264327034,100.0
3670,2,12.019256656251462,12.019256656251462,100.0
3680,0,54.85431816393723,54.85431816393723,100.0
3680,1,35.266248050488784,35.266248050488784,100.0
3680,2,9.879433785573985,9.879433785573985,100.0
3690,0,27.634792564079802,27.634792564079802,100.0
3690,1,10.077849007286284,10.077849007286284,100.0
3690,2,62.28735842863391,62.28735842863391,100.0
3700,0,27.027545485235393,27.027545485235393,100.0
3700,1,46.440091828290356,46.440091828290356,100.0
3700,2,26.532362686474247,26.532362686474247,100.0
3710,0,58.92023496087179,58.92023496087179,100.0
3710,1,18.381042428053494,18.381042428053494,100.0
3710,2,22.698722611074718,22.698722611074718,100.0
3720,0,45.87937493948817,45.87937493948817,100.0
3720,1,40.79869394220987,40.79869394220987,100.0
3720,2,13.321931118301954,13.321931118301954,100.0
3730,0,51.51573624727097,51.51573624727097,100.0
3730,1,15.873762209737816,15.873762209737816,100.0
3730,2,32.610501542991216,32.610501542991216,100.0
3740,0,44.635534981169364,44.635534981169364,100.0
3740,1,20.718796851585726,20.718796851585726,100.0
3740,2,34.64566816724492,34.64566816724492,100.0
3750,0,17.04443554085622,17.04443554085622,100.0
3750,1,12.199174665838264,12.199174665838264,100.0
3750,2,70.75638979330552,70.75638979330552,100.0
3760,0,34.629472295340875,34.629472295340875,100.0
3760,1,55.27567527338666,55.27567527338666,100.0
3760,2,10.094852431272464,10.094852431272464,100.0
3770,0,27.478948793072817,27.478948793072817,100.0
3770,1,45.66529842672217,45.66529842672217,100.0
3770,2,26.855752780205023,26.855752780205023,100.0
3780,0,45.59103613918004,45.59103613918004,100.0
3780,1,32.50900001536824,32.50900001536824,100.0
3780,2,21.899963845451715,21.899963845451715,100.0
3790,0,29.475992949285697,29.475992949285697,100.0
3790,1,27.07518094806767,27.07518094806767,100.0
3790,2,43.44882610264664,43.44882610264664,100.0
3800,0,38.86921797737302,38.86921797737302,100.0
3800,1,12.141386312943949,12.141386312943949,100.0
3800,2,48.989395709683045,48.989395709683045,100.0
3810,0,14.727547769673844,14.727547769673844,100.0
3810,1,14.80327910919628,14.80327910919628,100.0
3810,2,70.46917312112988,70.46917312112988,100.0
3820,0,29.47146198145357,29.47146198145357,100.0
3820,1,49.01833523106694,49.01833523106694,100.0
3820,2,21.510202787479486,21.510202787479486,100.0
3830,0,28.815754919066585,28.815754919066585,100.0
3830,1,25.826662570450292,25.826662570450292,100.0
3830,2,45.357582510483134,45.357582510483134,100.0
3840,0,19.589819171386182,19.589819171386182,100.0
3840,1,12.753888099321173,12.753888099321173,100.0
3840,2,67.65629272929264,67.65629272929264,100.0
3850,0,54.762234380625685,54.762234380625685,100.0
3850,1,10.953004719265556,10.953004719265556,100.0
3850,2,34.284760900108765,34.284760900108765,100.0
3860,0,49.72098987645657,49.72098987645657,100.0
3860,1,28.34596804055134,28.34596804055134,100.0
3860,2,21.9330420829921,21.9330420829921,100.0
3870,0,26.241948165707324,26.241948165707324,100.0
3870,1,9.558316231199242,9.558316231199242,100.0
3870,2,64.19973560309344,64.19973560309344,100.0
3880,0,49.08102762758463,49.08102762758463,100.0
3880,1,28.461063450527675,28.461063450527675,100.0
3880,2,22.457908921887704,22.457908921887704,100.0
3890,0,38.75415127979347,38.75415127979347,100.0
3890,1,21.186144937189198,21.186144937189198,100.0
3890,2,40.059703783017326,40.059703783017326,100.0
3900,0,41.205016689023424,41.205016689023424,100.0
3900,1,21.061000600294562,21.061000600294562,100.0
3900,2,37.73398271068202,37.73398271068202,100.0
3910,0,10.89283155917722,10.89283155917722,100.0
3910,1,35.40787999159827,35.40787999159827,100.0
3910,2,53.69928844922451,53.69928844922451,100.0
3920,0,27.93027931786923,27.93027931786923,100.0
3920,1,46.2133108622017,46.2133108622017,100.0
3920,2,25.856409819929066,25.856409819929066,100.0
3930,0,11.862767105699753,11.862767105699753,100.0
3930,1,10.786778868656647,10.786778868656647,100.0
3930,2,77.3504540256436,77.3504540256436,100.0
3940,0,41.284180589828686,41.284180589828686,100.0
3940,1,36.29412405371401,36.29412405371401,100.0
3940,2,22.421695356457317,22.421695356457317,100.0
3950,0,32.13458079212831,32.13458079212831,100.0
3950,1,41.85787157899618,41.85787157899618,100.0
3950,2,26.0075476288755,26.0075476288755,100.0
3960,0,26.938320821058177,26.938320821058177,100.0
3960,1,22.538193216753008,22.538193216753008,100.0
3960,2,50.52348596218882,50.52348596218882,100.0
3970,0,42.0257903093629,42.0257903093629,100.0
3970,1,26.206424531132654,26.206424531132654,100.0
3970,2,31.76778515950446,31.76778515950446,100.0
3980,0,63.6756793771304,63.6756793771304,100.0
3980,1,16.40629033847237,16.40629033847237,100.0
3980,2,19.918030284397236,19.918030284397236,100.0
3990,0,23.486700796704152,23.486700796704152,100.0
3990,1,13.548542351214271,13.548542351214271,100.0
3990,2,62.964756852081585,62.964756852081585,100.0
4000,0,24.057264265027026,24.057264265027026,100.0
4000,1,29.655543250132954,29.655543250132954,100.0
4000,2,46.28719248484003,46.28719248484003,100.0
4010,0,48.97232334562763,48.97232334562763,100.0
4010,1,36.58041376819573,36.58041376819573,100.0
4010,2,14.447262886176635,14.447262886176635,100.0
4020,0,15.589627852882437,15.589627852882437,100.0
4020,1,65.52916393068617,65.52916393068617,100.0
4020,2,18.881208216431386,18.881208216431386,100.0
4030,0,30.172440232964316,30.172440232964316,100.0
4030,1,52.87265045520253,52.87265045520253,100.0
4030,2,16.954909311833152,16.954909311833152,100.0
4040,0,8.417272922282331,8.417272922282331,100.0
4040,1,45.86582499797608,45.86582499797608,100.0
4040,2,45.71690207974158,45.71690207974158,100.0
4050,0,11.26258074812764,11.26258074812764,100.0
4050,1,11.508913951999086,11.508913951999086,100.0
4050,2,77.22850529987328,77.22850529987328,100.0
4060,0,18.689627285539807,18.689627285539807,100.0
4060,1,17.69244392189706,17.69244392189706,100.0
4060,2,63.61792879256314,63.61792879256314,100.0
4070,0,29.54008769238779,29.54008769238779,100.0
4070,1,11.753307280539149,11.753307280539149,100.0
4070,2,58.70660502707307,58.70660502707307,100.0
4080,0,35.140343832585394,35.140343832585394,100.0
4080,1,45.462742668936315,45.462742668936315,100.0
4080,2,19.39691349847829,19.39691349847829,100.0
4090,0,32.42794608062782,32.42794608062782,100.0
4090,1,54.18849567735586,54.18849567735586,100.0
4090,2,13.383558242016308,13.383558242016308,100.0
4100,0,44.77745786928853,44.77745786928853,100.0
4100,1,21.615455154029377,21.615455154029377,100.0
4100,2,33.60708697668209,33.60708697668209,100.0
4110,0,11.523105623982204,11.523105623982204,100.0
4110,1,10.887116574837469,10.887116574837469,100.0
4110,2,77.58977780118033,77.58977780118033,100.0
4120,0,38.99304172782081,38.99304172782081,100.0
4120,1,23.42501732565665,23.42501732565665,100.0
4120,2,37.58194094652254,37.58194094652254,100.0
4130,0,24.64223623511069,24.64223623511069,100.0
4130,1,58.88372463873627,58.88372463873627,100.0
4130,2,16.47403912615305,16.47403912615305,100.0
4140,0,28.718417855003548,28.718417855003548,100.0
4140,1,51.66797959223658,51.66797959223658,100.0
4140,2,19.613602552759872,19.613602552759872,100.0
4150,0,69.24274904686308,69.24274904686308,100.0
4150,1,15.351894520461586,15.351894520461586,100.0
4150,2,15.405356432675344,15.405356432675344,100.0
4160,0,51.54665621933382,51.54665621933382,100.0
4160,1,18.688077530314153,18.688077530314153,100.0
4160,2,29.765266250352028,29.765266250352028,100.0
4170,0,17.01288094299005,17.01288094299005,100.0
4170,1,13.900474752624126,13.900474752624126,100.0
4170,2,69.08664430438584,69.08664430438584,100.0
4180,0,46.168254640585765,46.168254640585765,100.0
4180,1,8.557086275397033,8.557086275397033,100.0
4180,2,45.2746590840172,45.2746590840172,100.0
4190,0,44.54722317380877,44.54722317380877,100.0
4190,1,39.52155250115741,39.52155250115741,100.0
4190,2,15.93122432503382,15.93122432503382,100.0
4200,0,57.737805124550334,57.737805124550334,100.0
4200,1,14.756553356840326,14.756553356840326,100.0
4200,2,27.505641518609348,27.505641518609348,100.0
4210,0,52.52269419278568,52.52269419278568,100.0
4210,1,34.854545875701334,34.854545875701334,100.0
4210,2,12.622759931513,12.622759931513,100.0
4220,0,43.37691097530649,43.37691097530649,100.0
4220,1,47.24973968527294,47.24973968527294,100.0
4220,2,9.373349339420562,9.373349339420562,100.0
4230,0,43.6213990432557,43.6213990432557,100.0
4230,1,7.534149311234653,7.534149311234653,100.0
4230,2,48.84445164550964,48.84445164550964,100.0
4240,0,24.464095504954937,24.464095504954937,100.0
4240,1,52.41936527913544,52.41936527913544,100.0
4240,2,23.11653921590961,23.11653921590961,100.0
4250,0,51.53470415659962,51.53470415659962,100.0
4250,1,35.815340372459545,35.815340372459545,100.0
4250,2,12.64995547094084,12.64995547094084,100.0
4260,0,67.91213313114925,67.91213313114925,100.0
4260,1,18.26057140421975,18.26057140421975,100.0
4260,2,13.827295464631007,13.827295464631007,100.0
4270,0,61.09582079429418,61.09582079429418,100.0
4270,1,12.60636616206829,12.60636616206829,100.0
4270,2,26.29781304363753,26.29781304363753,100.0
4280,0,43.54206465091819,43.54206465091819,100.0
4280,1,28.19083575728095,28.19083575728095,100.0
4280,2,28.26709959180085,28.26709959180085,100.0
4290,0,12.123437565848233,12.123437565848233,100.0
4290,1,12.126757705386877,12.126757705386877,100.0
4290,2,75.74980472876489,75.74980472876489,100.0
4300,0,43.70933417408411,43.70933417408411,100.0
4300,1,44.71350474503923,44.71350474503923,100.0
4300,2,11.577161080876651,11.577161080876651,100.0
4310,0,41.37596086283967,41.37596086283967,100.0
4310,1,8.964469156620419,8.964469156620419,100.0
4310,2,49.65956998053991,49.65956998053991,100.0
4320,0,12.344100207852799,12.344100207852799,100.0
4320,1,42.19860817237141,42.19860817237141,100.0
4320,2,45.457291619775795,45.457291619775795,100.0
4330,0,36.184449221482,36.184449221482,100.0
4330,1,36.98794761672705,36.98794761672705,100.0
4330,2,26.827603161790954,26.827603161790954,100.0
4340,0,25.86962089385309,25.86962089385309,100.0
4340,1,49.18141386978324,49.18141386978324,100.0
4340,2,24.94896523636367,24.94896523636367,100.0
4350,0,12.228090256663005,12.228090256663005,100.0
4350,1,12.097004917288881,12.097004917288881,100.0
4350,2,75.67490482604812,75.67490482604812,100.0
4360,0,11.278479332459085,11.278479332459085,100.0
4360,1,56.73061915312936,56.73061915312936,100.0
4360,2,31.990901514411558,31.990901514411558,100.0
4370,0,50.573614805508626,50.573614805508626,100.0
4370,1,39.459603000137555,39.459603000137555,100.0
4370,2,9.966782194353808,9.966782194353808,100.0
4380,0,69.32670140464103,69.32670140464103,100.0
4380,1,15.140761163245292,15.140761163245292,100.0
4380,2,15.532537432113685,15.532537432113685,100.0
4390,0,24.68291997253642,24.68291997253642,100.0
4390,1,20.242501444446432,20.242501444446432,100.0
4390,2,55.07457858301714,55.07457858301714,100.0
4400,0,11.533957778377145,11.533957778377145,100.0
4400,1,69.78759281538012,69.78759281538012,100.0
4400,2,18.678449406242738,18.678449406242738,100.0
4410,0,12.282385443447005,12.282385443447005,100.0
4410,1,12.554758705319857,12.554758705319857,100.0
4410,2,75.16285585123313,75.16285585123313,100.0
4420,0,17.490632732633358,17.490632732633358,100.0
4420,1,56.40939016252564,56.40939016252564,100.0
4420,2,26.099977104841017,26.099977104841017,100.0
4430,0,36.12526161789969,36.12526161789969,100.0
4430,1,28.104914361615457,28.104914361615457,100.0
4430,2,35.769824020484855,35.769824020484855,100.0
4440,0,59.10174178433949,59.10174178433949,100.0
4440,1,16.02901598287991,16.02901598287991,100.0
4440,2,24.869242232780596,24.869242232780596,100.0
4450,0,25.63762547331136,25.63762547331136,100.0
4450,1,23.86474231770294,23.86474231770294,100.0
4450,2,50.497632208985706,50.497632208985706,100.0
4460,0,44.47818321269335,44.47818321269335,100.0
4460,1,14.996003140727673,14.996003140727673,100.0
4460,2,40.525813646578975,40.525813646578975,100.0
4470,0,15.586583726275501,15.586583726275501,100.0
4470,1,15.498426289798903,15.498426289798903,100.0
4470,2,68.91498998392561,68.91498998392561,100.0
4480,0,20.95125734590624,20.95125734590624,100.0
4480,1,55.442631804008336,55.442631804008336,100.0
4480,2,23.606110850085425,23.606110850085425,100.0
4490,0,42.042872904165044,42.042872904165044,100.0
4490,1,30.596830642544397,30.596830642544397,100.0
4490,2,27.360296453290566,27.360296453290566,100.0
4500,0,32.12733675414155,32.12733675414155,100.0
4500,1,14.652833852611883,14.652833852611883,100.0
4500,2,53.21982939324656,53.21982939324656,100.0
4510,0,37.79627942602883,37.79627942602883,100.0
4510,1,42.476319156400955,42.476319156400955,100.0
4510,2,19.727401417570206,19.727401417570206,100.0
4520,0,26.779247095157956,26.779247095157956,100.0
4520,1,40.1490554428403,40.1490554428403,100.0
4520,2,33.07169746200175,33.07169746200175,100.0
4530,0,14.790558889215,14.790558889215,100.0
4530,1,10.849624207784426,10.849624207784426,100.0
4530,2,74.35981690300058,74.35981690300058,100.0
4540,0,18.03902157550026,18.03902157550026,100.0
4540,1,50.39598076348487,50.39598076348487,100.0
4540,2,31.564997661014875,31.564997661014875,100.0
4550,0,36.41078472714337,36.41078472714337,100.0
4550,1,49.76527046657018,49.76527046657018,100.0
4550,2,13.823944806286462,13.823944806286462,100.0
4560,0,42.61221497638304,42.61221497638304,100.0
4560,1,41.28090440435529,41.28090440435529,100.0
4560,2,16.106880619261656,16.106880619261656,100.0
4570,0,19.202344583279935,19.202344583279935,100.0
4570,1,59.51009571858932,59.51009571858932,100.0
4570,2,21.287559698130742,21.287559698130742,100.0
4580,0,25.314058722348022,25.314058722348022,100.0
4580,1,48.786843304573075,48.786843304573075,100.0
4580,2,25.899097973078916,25.899097973078916,100.0
4590,0,12.303418459262456,12.303418459262456,100.0
4590,1,11.146419559115278,11.146419559115278,100.0
4590,2,76.55016198162227,76.55016198162227,100.0
4600,0,32.37131551043221,32.37131551043221,100.0
4600,1,39.99118281091051,39.99118281091051,100.0
4600,2,27.637501678657276,27.637501678657276,100.0
4610,0,39.871496720377145,39.871496720377145,100.0
4610,1,37.32174021632549,37.32174021632549,100.0
4610,2,22.80676306329737,22.80676306329737,100.0
4620,0,28.165514352086383,28.165514352086383,100.0
4620,1,34.23022131775884,34.23022131775884,100.0
4620,2,37.60426433015478,37.60426433015478,100.0
4630,0,10.74862071035892,10.74862071035892,100.0
4630,1,55.62108636741063,55.62108636741063,100.0
4630,2,33.63029292223045,33.63029292223045,100.0
4640,0,43.82325377604211,43.82325377604211,100.0
4640,1,38.73239116863364,38.73239116863364,100.0
4640,2,17.44435505532425,17.44435505532425,100.0
4650,0,23.079890001188655,23.079890001188655,100.0
4650,1,11.932899153938727,11.932899153938727,100.0
4650,2,64.9872108448726,64.9872108448726,100.0
4660,0,16.497180021792627,16.497180021792627,100.0
4660,1,32.1169279567561,32.1169279567561,100.0
4660,2,51.385892021451276,51.385892021451276,100.0
4670,0,34.33156020121719,34.33156020121719,100.0
4670,1,53.07961119654916,53.07961119654916,100.0
4670,2,12.58882860223366,12.58882860223366,100.0
4680,0,13.344256721058104,13.344256721058104,100.0
4680,1,71.24465313866362,71.24465313866362,100.0
4680,2,15.41109014027828,15.41109014027828,100.0
4690,0,24.404807382693214,24.404807382693214,100.0
4690,1,14.326150476643122,14.326150476643122,100.0
4690,2,61.269042140663664,61.269042140663664,100.0
4700,0,36.571042817616934,36.571042817616934,100.0
4700,1,28.043803700058213,28.043803700058213,100.0
4700,2,35.38515348232485,35.38515348232485,100.0
4710,0,12.797290840553494,12.797290840553494,100.0
4710,1,12.097218283671545,12.097218283671545,100.0
4710,2,75.10549087577498,75.10549087577498,100.0
4720,0,40.185452238859504,40.185452238859504,100.0
4720,1,50.270062189246055,50.270062189246055,100.0
4720,2,9.544485571894453,9.544485571894453,100.0
4730,0,25.51713502867089,25.51713502867089,100.0
4730,1,51.79260731302604,51.79260731302604,100.0
4730,2,22.690257658303075,22.690257658303075,100.0
4740,0,71.0430660330021,71.0430660330021,100.0
4740,1,12.203563053978538,12.203563053978538,100.0
4740,2,16.753370913019353,16.753370913019353,100.0
4750,0,53.39036349726245,53.39036349726245,100.0
4750,1,28.60898962887263,28.60898962887263,100.0
4750,2,18.000646873864923,18.000646873864923,100.0
4760,0,39.92759809537596,39.92759809537596,100.0
4760,1,16.62600058199448,16.62600058199448,100.0
4760,2,43.446401322629555,43.446401322629555,100.0
4770,0,12.201822005972423,12.201822005972423,100.0
4770,1,13.596505031238054,13.596505031238054,100.0
4770,2,74.20167296278953,74.20167296278953,100.0
4780,0,51.610708369414105,51.610708369414105,100.0
4780,1,17.774262781231567,17.774262781231567,100.0
4780,2,30.61502884935433,30.61502884935433,100.0
4790,0,63.51822284492496,63.51822284492496,100.0
4790,1,16.26902048243349,16.26902048243349,100.0
4790,2,20.212756672641536,20.212756672641536,100.0
4800,0,46.12274072793127,46.12274072793127,100.0
4800,1,13.89550383039944,13.89550383039944,100.0
4800,2,39.98175544166929,39.98175544166929,100.0
4810,0,44.34169771065508,44.34169771065508,100.0
4810,1,46.81009858918645,46.81009858918645,100.0
4810,2,8.84820370015847,8.84820370015847,100.0
4820,0,60.88321688750658,60.88321688750658,100.0
4820,1,21.745668089236943,21.745668089236943,100.0
4820,2,17.37111502325649,17.37111502325649,100.0
4830,0,12.689643669955341,12.689643669955341,100.0
4830,1,12.613225004452639,12.613225004452639,100.0
4830,2,74.69713132559203,74.69713132559203,100.0
4840,0,63.84726035529543,63.84726035529543,100.0
4840,1,22.886741199297013,22.886741199297013,100.0
4840,2,13.265998445407554,13.265998445407554,100.0
4850,0,34.06237946108489,34.06237946108489,100.0
4850,1,56.8325258578,56.8325258578,100.0
4850,2,9.10509468111511,9.10509468111511,100.0
4860,0,24.33259598307501,24.33259598307501,100.0
4860,1,19.518276135728954,19.518276135728954,100.0
4860,2,56.14912788119605,56.14912788119605,100.0
4870,0,23.816080739935266,23.816080739935266,100.0
4870,1,56.5226089302866,56.5226089302866,100.0
4870,2,19.66131032977814,19.66131032977814,100.0
4880,0,40.07137278981136,40.07137278981136,100.0
4880,1,39.880293656653194,39.880293656653194,100.0
4880,2,20.048333553535443,20.048333553535443,100.0
4890,0,29.376490977841012,29.376490977841012,100.0
4890,1,8.861832706411867,8.861832706411867,100.0
4890,2,61.761676315747124,61.761676315747124,100.0
4900,0,14.194688048031331,14.194688048031331,100.0
4900,1,58.17840583331561,58.17840583331561,100.0
4900,2,27.62690611865308,27.62690611865308,100.0
4910,0,18.310375486340202,18.310375486340202,100.0
4910,1,28.661875682665222,28.661875682665222,100.0
4910,2,53.02774883099458,53.02774883099458,100.0
4920,0,41.63349687797918,41.63349687797918,100.0
4920,1,22.466174588544234,22.466174588544234,100.0
4920,2,35.90032853347658,35.90032853347658,100.0
4930,0,17.20456644267565,17.20456644267565,100.0
4930,1,71.15343251417262,71.15343251417262,100.0
4930,2,11.642001043151733,11.642001043151733,100.0
4940,0,26.615191741968676,26.615191741968676,100.0
4940,1,35.39562320309909,35.39562320309909,100.0
4940,2,37.989185054932236,37.989185054932236,100.0
4950,0,11.363461273753977,11.363461273753977,100.0
4950,1,11.002005890655328,11.002005890655328,100.0
4950,2,77.6345328355907,77.6345328355907,100.0
4960,0,20.138375486304977,20.138375486304977,100.0
4960,1,36.25906787087329,36.25906787087329,100.0
4960,2,43.602556642821725,43.602556642821725,100.0
4970,0,29.499036357682712,29.499036357682712,100.0
4970,1,53.87526381355963,53.87526381355963,100.0
4970,2,16.625699828757668,16.625699828757668,100.0
4980,0,43.09255597228358,43.09255597228358,100.0
4980,1,23.309813460059527,23.309813460059527,100.0
4980,2,33.5976305676569,33.5976305676569,100.0
4990,0,51.59561959512941,51.59561959512941,100.0
4990,1,26.567768748608245,26.567768748608245,100.0
4990,2,21.836611656262352,21.836611656262352,100.0
5000,0,21.032839969503446,21.032839969503446,100.0
5000,1,57.10994589398199,57.10994589398199,100.0
5000,2,21.857214136514568,21.857214136514568,100.0
5010,0,11.217195032832715,11.217195032832715,100.0
5010,1,10.806297927983909,10.806297927983909,100.0
5010,2,77.97650703918337,77.97650703918337,100.0
5020,0,41.326504854954074,41.326504854954074,100.0
5020,1,20.398506861407288,20.398506861407288,100.0
5020,2,38.274988283638656,38.274988283638656,100.0
5030,0,19.589478124146492,19.589478124146492,100.0
5030,1,46.59239282496651,46.59239282496651,100.0
5030,2,33.818129050886995,33.818129050886995,100.0
5040,0,63.04065250769146,63.04065250769146,100.0
5040,1,21.81418533428131,21.81418533428131,100.0
5040,2,15.145162158027222,15.145162158027222,100.0
5050,0,39.98216099642736,39.98216099642736,100.0
5050,1,12.322248163664149,12.322248163664149,100.0
5050,2,47.69559083990849,47.69559083990849,100.0
5060,0,13.69781067628438,13.69781067628438,100.0
5060,1,61.504536672186106,61.504536672186106,100.0
5060,2,24.79765265152953,24.79765265152953,100.0
5070,0,13.236136533127812,13.236136533127812,100.0
5070,1,12.818632771041132,12.818632771041132,100.0
5070,2,73.94523069583107,73.94523069583107,100.0
5080,0,22.728197957348332,22.728197957348332,100.0
5080,1,64.2313884176112,64.2313884176112,100.0
5080,2,13.040413625040467,13.040413625040467,100.0
5090,0,47.1210075535986,47.1210075535986,100.0
5090,1,39.39686945412034,39.39686945412034,100.0
5090,2,13.482122992281056,13.482122992281056,100.0
5100,0,54.821995062229725,54.821995062229725,100.0
5100,1,33.63943303625738,33.63943303625738,100.0
5100,2,11.538571901512901,11.538571901512901,100.0
5110,0,60.00586771046913,60.00586771046913,100.0
5110,1,14.240767210263652,14.240767210263652,100.0
5110,2,25.753365079267216,25.753365079267216,100.0
5120,0,42.193648640810565,42.193648640810565,100.0
5120,1,15.257398603567013,15.257398603567013,100.0
5120,2,42.54895275562242,42.54895275562242,100.0
5130,0,10.61590453386174,10.61590453386174,100.0
5130,1,12.914703350705,12.914703350705,100.0
5130,2,76.46939211543327,76.46939211543327,100.0
5140,0,54.91675650285208,54.91675650285208,100.0
5140,1,11.957547574785723,11.957547574785723,100.0
5140,2,33.12569592236219,33.12569592236219,100.0
5150,0,51.77248952552449,51.77248952552449,100.0
5150,1,22.31744110988157,22.31744110988157,100.0
5150,2,25.91006936459393,25.91006936459393,100.0
5160,0,20.044973575768353,20.044973575768353,100.0
5160,1,55.32194443531515,55.32194443531515,100.0
5160,2,24.633081988916498,24.633081988916498,100.0
5170,0,33.381635925532095,33.381635925532095,100.0
5170,1,54.59783242350419,54.59783242350419,100.0
5170,2,12.020531650963717,12.020531650963717,100.0
5180,0,47.22023329406489,47.22023329406489,100.0
5180,1,23.705795328140514,23.705795328140514,100.0
5180,2,29.073971377794592,29.073971377794592,100.0
5190,0,12.574223806124197,12.574223806124197,100.0
5190,1,11.280614759931991,11.280614759931991,100.0
5190,2,76.14516143394383,76.14516143394383,100.0
5200,0,30.946886827479283,30.946886827479283,100.0
5200,1,52.331619093124836,52.331619093124836,100.0
5200,2,16.72149407939589,16.72149407939589,100.0
5210,0,31.475056351682305,31.475056351682305,100.0
5210,1,13.18442536035712,13.18442536035712,100.0
5210,2,55.340518287960585,55.340518287960585,100.0
5220,0,23.82068355930444,23.82068355930444,100.0
5220,1,58.747115173520484,58.747115173520484,100.0
5220,2,17.43220126717508,17.43220126717508,100.0
5230,0,47.39028657320708,47.39028657320708,100.0
5230,1,20.806359313352825,20.806359313352825,100.0
5230,2,31.803354113440097,31.803354113440097,100.0
5240,0,26.967459557509027,26.967459557509027,100.0
5240,1,57.31743503348336,57.31743503348336,100.0
5240,2,15.715105409007602,15.715105409007602,100.0
5250,0,16.867765510239973,16.867765510239973,100.0
5250,1,10.764297362825298,10.764297362825298,100.0
5250,2,72.36793712693473,72.36793712693473,100.0
5260,0,38.148466274239105,38.148466274239105,100.0
5260,1,39.24657371441352,39.24657371441352,100.0
5260,2,22.604960011347377,22.604960011347377,100.0
5270,0,11.352877128387824,11.352877128387824,100.0
5270,1,55.190535987876075,55.190535987876075,100.0
5270,2,33.456586883736094,33.456586883736094,100.0
5280,0,18.971176190124282,18.971176190124282,100.0
5280,1,24.307893288515785,24.307893288515785,100.0
5280,2,56.720930521359925,56.720930521359925,100.0
5290,0,15.269236406293205,15.269236406293205,100.0
5290,1,20.490064259730588,20.490064259730588,100.0
5290,2,64.24069933397621,64.24069933397621,100.0
5300,0,23.98414015344937,23.98414015344937,100.0
5300,1,31.086159246756605,31.086159246756605,100.0
5300,2,44.929700599794025,44.929700599794025,100.0
5310,0,16.209301014644307,16.209301014644307,100.0
5310,1,15.06615880414298,15.06615880414298,100.0
5310,2,68.72454018121272,68.72454018121272,100.0
5320,0,16.867144853505103,16.867144853505103,100.0
5320,1,72.68406787090655,72.68406787090655,100.0
5320,2,10.448787275588357,10.448787275588357,100.0
5330,0,12.642853752098235,12.642853752098235,100.0
5330,1,36.947889561909896,36.947889561909896,100.0
5330,2,50.40925668599186,50.40925668599186,100.0
5340,0,16.306322188586307,16.306322188586307,100.0
5340,1,66.29925737325128,66.29925737325128,100.0
5340,2,17.394420438162435,17.394420438162435,100.0
5350,0,37.48481251449937,37.48481251449937,100.0
5350,1,32.31337929118661,32.31337929118661,100.0
5350,2,30.201808194314033,30.201808194314033,100.0
5360,0,41.905822244535976,41.905822244535976,100.0
5360,1,41.41456309190295,41.41456309190295,100.0
5360,2,16.679614663561086,16.679614663561086,100.0
5370,0,17.024228872763103,17.024228872763103,100.0
5370,1,13.165653373083538,13.165653373083538,100.0
5370,2,69.81011775415335,69.81011775415335,100.0
5380,0,40.308098569150005,40.308098569150005,100.0
5380,1,47.7640428666372,47.7640428666372,100.0
5380,2,11.92785856421279,11.92785856421279,100.0
5390,0,29.38318323176525,29.38318323176525,100.0
5390,1,27.357111924511845,27.357111924511845,100.0
5390,2,43.2597048437229,43.2597048437229,100.0
5400,0,48.02086691090098,48.02086691090098,100.0
5400,1,9.20311592350196,9.20311592350196,100.0
5400,2,42.77601716559706,42.77601716559706,100.0
5410,0,33.61260977748947,33.61260977748947,100.0
5410,1,47.505904425573426,47.505904425573426,100.0
5410,2,18.88148579693712,18.88148579693712,100.0
5420,0,23.80116740543903,23.80116740543903,100.0
5420,1,38.175793447803464,38.175793447803464,100.0
5420,2,38.023039146757505,38.023039146757505,100.0
5430,0,13.06666081090233,13.06666081090233,100.0
5430,1,11.022823973293201,11.022823973293201,100.0
5430,2,75.91051521580448,75.91051521580448,100.0
5440,0,43.14514265744962,43.14514265744962,100.0
5440,1,48.37342052123549,48.37342052123549,100.0
5440,2,8.481436821314896,8.481436821314896,100.0
5450,0,29.615806486564278,29.615806486564278,100.0
5450,1,37.073509894508646,37.073509894508646,100.0
5450,2,33.310683618927065,33.310683618927065,100.0
5460,0,44.468371954350225,44.468371954350225,100.0
5460,1,12.116228515704444,12.116228515704444,100.0
5460,2,43.415399529945326,43.415399529945326,100.0
5470,0,24.685715426096465,24.685715426096465,100.0
5470,1,30.1717157208222,30.1717157208222,100.0
5470,2,45.142568853081336,45.142568853081336,100.0
5480,0,31.408809847427232,31.408809847427232,100.0
5480,1,35.542102936736256,35.542102936736256,100.0
5480,2,33.049087215836515,33.049087215836515,100.0
5490,0,12.361887338647506,12.361887338647506,100.0
5490,1,11.248001099994516,11.248001099994516,100.0
5490,2,76.39011156135797,76.39011156135797,100.0
5500,0,22.472545000120675,22.472545000120675,100.0
5500,1,51.01819519546677,51.01819519546677,100.0
5500,2,26.509259804412565,26.509259804412565,100.0
5510,0,33.44173453005586,33.44173453005586,100.0
5510,1,57.82435146065161,57.82435146065161,100.0
5510,2,8.733914009292535,8.733914009292535,100.0
5520,0,58.84408494031301,58.84408494031301,100.0
5520,1,30.03577996829988,30.03577996829988,100.0
5520,2,11.120135091387104,11.120135091387104,100.0
5530,0,33.57760355323238,33.57760355323238,100.0
5530,1,49.48963886314547,49.48963886314547,100.0
5530,2,16.93275758362213,16.93275758362213,100.0
5540,0,36.92525600208886,36.92525600208886,100.0
5540,1,26.809958390676016,26.809958390676016,100.0
5540,2,36.26478560723513,36.26478560723513,100.0
5550,0,12.350734073478124,12.350734073478124,100.0
5550,1,11.851768926021757,11.851768926021757,100.0
5550,2,75.79749700050013,75.79749700050013,100.0
5560,0,31.11236248447147,31.11236248447147,100.0
5560,1,34.082299774067366,34.082299774067366,100.0
5560,2,34.805337741461166,34.805337741461166,100.0
5570,0,15.439346149470722,15.439346149470722,100.0
5570,1,13.816534499564675,13.816534499564675,100.0
5570,2,70.74411935096461,70.74411935096461,100.0
5580,0,35.559664965606345,35.559664965606345,100.0
5580,1,19.273388276554307,19.273388276554307,100.0
5580,2,45.16694675783935,45.16694675783935,100.0
5590,0,10.519620929958164,10.519620929958164,100.0
5590,1,39.390679295084006,39.390679295084006,100.0
5590,2,50.08969977495784,50.08969977495784,100.0
5600,0,25.39800220232514,25.39800220232514,100.0
5600,1,13.499411745567711,13.499411745567711,100.0
5600,2,61.102586052107156,61.102586052107156,100.0
5610,0,13.582538180682644,13.582538180682644,100.0
5610,1,13.395220479437556,13.395220479437556,100.0
5610,2,73.0222413398798,73.0222413398798,100.0
5620,0,17.516700557842707,17.516700557842707,100.0
5620,1,68.57116068456192,68.57116068456192,100.0
5620,2,13.912138757595377,13.912138757595377,100.0
5630,0,31.27192456430364,31.27192456430364,100.0
5630,1,59.40713683685155,59.40713683685155,100.0
5630,2,9.320938598844817,9.320938598844817,100.0
5640,0,54.6325248315919,54.6325248315919,100.0
5640,1,33.36086871652097,33.36086871652097,100.0
5640,2,12.006606451887137,12.006606451887137,100.0
5650,0,18.27629904126863,18.27629904126863,100.0
5650,1,44.325107118271454,44.325107118271454,100.0
5650,2,37.398593840459924,37.398593840459924,100.0
5660,0,41.783546626131226,41.783546626131226,100.0
5660,1,48.85229983262444,48.85229983262444,100.0
5660,2,9.364153541244342,9.364153541244342,100.0
5670,0,15.890536150816551,15.890536150816551,100.0
5670,1,12.937124524491084,12.937124524491084,100.0
5670,2,71.17233932469237,71.17233932469237,100.0
5680,0,18.323243551816034,18.323243551816034,100.0
5680,1,41.695644682301634,41.695644682301634,100.0
5680,2,39.98111176588232,39.98111176588232,100.0
5690,0,23.222552565262564,23.222552565262564,100.0
5690,1,58.068565797316616,58.068565797316616,100.0
5690,2,18.70888163742082,18.70888163742082,100.0
5700,0,22.032682303703087,22.032682303703087,100.0
5700,1,61.20365121445007,61.20365121445007,100.0
5700,2,16.763666481846855,16.763666481846855,100.0
5710,0,14.70119085039305,14.70119085039305,100.0
5710,1,39.119613601235606,39.119613601235606,100.0
5710,2,46.17919554837135,46.17919554837135,100.0
5720,0,11.168146282701997,11.168146282701997,100.0
5720,1,31.82543514651215,31.82543514651215,100.0
5720,2,57.00641857078587,57.00641857078587,100.0
5730,0,17.361240037807537,17.361240037807537,100.0
5730,1,11.015571161229989,11.015571161229989,100.0
5730,2,71.62318880096248,71.62318880096248,100.0
5740,0,48.58708735932153,48.58708735932153,100.0
5740,1,18.417780478739203,18.417780478739203,100.0
5740,2,32.99513216193927,32.99513216193927,100.0
5750,0,19.277911380268666,19.277911380268666,100.0
5750,1,68.4823171903433,68.4823171903433,100.0
5750,2,12.239771429388044,12.239771429388044,100.0
5760,0,19.875437709538847,19.875437709538847,100.0
5760,1,23.086257983815024,23.086257983815024,100.0
5760,2,57.03830430664614,57.03830430664614,100.0
5770,0,31.121693818862887,31.121693818862887,100.0
5770,1,51.391179086531395,51.391179086531395,100.0
5770,2,17.487127094605714,17.487127094605714,100.0
5780,0,18.847396543630264,18.847396543630264,100.0
5780,1,43.61642079765944,43.61642079765944,100.0
5780,2,37.5361826587103,37.5361826587103,100.0
5790,0,12.244677733049894,12.244677733049894,100.0
5790,1,12.163934383104449,12.163934383104449,100.0
5790,2,75.59138788384566,75.59138788384566,100.0
5800,0,20.451177457270354,20.451177457270354,100.0
5800,1,61.40544041935379,61.40544041935379,100.0
5800,2,18.143382123375858,18.143382123375858,100.0
5810,0,33.187178152135104,33.187178152135104,100.0
5810,1,49.545039315627896,49.545039315627896,100.0
5810,2,17.267782532236993,17.267782532236993,100.0
5820,0,55.979476122049434,55.979476122049434,100.0
5820,1,10.489546813676128,10.489546813676128,100.0
5820,2,33.53097706427443,33.53097706427443,100.0
5830,0,8.953642727264677,8.953642727264677,100.0
5830,1,49.44943920612474,49.44943920612474,100.0
5830,2,41.59691806661059,41.59691806661059,100.0
5840,0,26.848740182200086,26.848740182200086,100.0
5840,1,53.60117228579321,53.60117228579321,100.0
5840,2,19.55008753200671,19.55008753200671,100.0
5850,0,14.800908025091688,14.800908025091688,100.0
5850,1,15.57663688805722,15.57663688805722,100.0
5850,2,69.6224550868511,69.6224550868511,100.0
5860,0,39.36488315983887,39.36488315983887,100.0
5860,1,46.13760564108647,46.13760564108647,100.0
5860,2,14.497511199074669,14.497511199074669,100.0
5870,0,59.14374842893281,59.14374842893281,100.0
5870,1,20.904957062170528,20.904957062170528,100.0
5870,2,19.951294508896662,19.951294508896662,100.0
5880,0,19.469261801269823,19.469261801269823,100.0
5880,1,29.76573962131926,29.76573962131926,100.0
5880,2,50.764998577410914,50.764998577410914,100.0
5890,0,46.31558636585853,46.31558636585853,100.0
5890,1,15.119747311511194,15.119747311511194,100.0
5890,2,38.56466632263028,38.56466632263028,100.0
5900,0,29.19430478204179,29.19430478204179,100.0
5900,1,43.24965178907889,43.24965178907889,100.0
5900,2,27.556043428879324,27.556043428879324,100.0
5910,0,12.10592613155646,12.10592613155646,100.0
5910,1,12.441676429670462,12.441676429670462,100.0
5910,2,75.45239743877309,75.45239743877309,100.0
5920,0,39.005911983711115,39.005911983711115,100.0
5920,1,36.862760895188565,36.862760895188565,100.0
5920,2,24.13132712110031,24.13132712110031,100.0
5930,0,46.35527219616771,46.35527219616771,100.0
5930,1,36.34045912362291,36.34045912362291,100.0
5930,2,17.304268680209383,17.304268680209383,100.0
5940,0,24.24841343246424,24.24841343246424,100.0
5940,1,51.25597034658248,51.25597034658248,100.0
5940,2,24.495616220953288,24.495616220953288,100.0
5950,0,21.502611318234727,21.502611318234727,100.0
5950,1,60.66596077326116,60.66596077326116,100.0
5950,2,17.83142790850412,17.83142790850412,100.0
5960,0,27.83536679931623,27.83536679931623,100.0
5960,1,54.595888236369184,54.595888236369184,100.0
5960,2,17.568744964314597,17.568744964314597,100.0
5970,0,11.623267335725409,11.623267335725409,100.0
5970,1,12.28600077617214,12.28600077617214,100.0
5970,2,76.09073188810245,76.09073188810245,100.0
5980,0,12.946566993259811,12.946566993259811,100.0
5980,1,60.40764723784613,60.40764723784613,100.0
5980,2,26.645785768894054,26.645785768894054,100.0
5990,0,32.42368827385277,32.42368827385277,100.0
5990,1,43.21074493539232,43.21074493539232,100.0
5990,2,24.365566790754908,24.365566790754908,100.0
6000,0,36.407714866723005,36.407714866723005,100.0
6000,1,49.61221222753726,49.61221222753726,100.0
6000,2,13.980072905739723,13.980072905739723,100.0
6010,0,23.00823180195934,23.00823180195934,100.0
6010,1,55.0755156509835,55.0755156509835,100.0
6010,2,21.916252547057155,21.916252547057155,100.0
6020,0,22.567070459231374,22.567070459231374,100.0
6020,1,46.87414248233029,46.87414248233029,100.0
6020,2,30.55878705843833,30.55878705843833,100.0
6030,0,13.222715277707378,13.222715277707378,100.0
6030,1,13.309517282585952,13.309517282585952,100.0
6030,2,73.46776743970668,73.46776743970668,100.0
6040,0,20.574794112353246,20.574794112353246,100.0
6040,1,26.871030111914727,26.871030111914727,100.0
6040,2,52.55417577573203,52.55417577573203,100.0
6050,0,25.485771043784045,25.485771043784045,100.0
6050,1,28.179388215350038,28.179388215350038,100.0
6050,2,46.33484074086591,46.33484074086591,100.0
6060,0,57.23349438432016,57.23349438432016,100.0
6060,1,17.14204629090294,17.14204629090294,100.0
6060,2,25.624459324776904,25.624459324776904,100.0
6070,0,46.04005489524795,46.04005489524795,100.0
6070,1,21.77575240699791,21.77575240699791,100.0
6070,2,32.18419269775415,32.18419269775415,100.0
6080,0,12.800235416095216,12.800235416095216,100.0
6080,1,50.91840304510963,50.91840304510963,100.0
6080,2,36.281361538795146,36.281361538795146,100.0
6090,0,12.278073965868455,12.278073965868455,100.0
6090,1,10.880743167583704,10.880743167583704,100.0
6090,2,76.84118286654785,76.84118286654785,100.0
6100,0,29.18448837580901,29.18448837580901,100.0
6100,1,26.835397952119855,26.835397952119855,100.0
6100,2,43.98011367207114,43.98011367207114,100.0
6110,0,55.534279803404715,55.534279803404715,100.0
6110,1,18.141350372637017,18.141350372637017,100.0
6110,2,26.324369823958264,26.324369823958264,100.0
6120,0,10.186315833956293,10.186315833956293,100.0
6120,1,36.72815598382235,36.72815598382235,100.0
6120,2,53.08552818222135,53.08552818222135,100.0
6130,0,44.34811176760095,44.34811176760095,100.0
6130,1,26.034307788034177,26.034307788034177,100.0
6130,2,29.617580444364876,29.617580444364876,100.0
6140,0,25.828384210766643,25.828384210766643,100.0
6140,1,46.309019948400994,46.309019948400994,100.0
6140,2,27.86259584083237,27.86259584083237,100.0
6150,0,11.927411671542691,11.927411671542691,100.0
6150,1,11.59527903808552,11.59527903808552,100.0
6150,2,76.47730929037179,76.47730929037179,100.0
6160,0,24.43469269131186,24.43469269131186,100.0
6160,1,45.188881754050776,45.188881754050776,100.0
6160,2,30.376425554637372,30.376425554637372,100.0
6170,0,48.82110938399221,48.82110938399221,100.0
6170,1,37.35032658820241,37.35032658820241,100.0
6170,2,13.828564027805399,13.828564027805399,100.0
6180,0,50.90124113234753,50.90124113234753,100.0
6180,1,27.110310962884682,27.110310962884682,100.0
6180,2,21.988447904767796,21.988447904767796,100.0
6190,0,31.30291203188475,31.30291203188475,100.0
6190,1,28.260618289879382,28.260618289879382,100.0
6190,2,40.43646967823586,40.43646967823586,100.0
6200,0,29.848364251872738,29.848364251872738,100.0
6200,1,41.11836700186441,41.11836700186441,100.0
6200,2,29.03326874626286,29.03326874626286,100.0
6210,0,12.767043109800328,12.767043109800328,100.0
6210,1,12.049055494280962,12.049055494280962,100.0
6210,2,75.18390139591871,75.18390139591871,100.0
6220,0,12.813085169562843,12.813085169562843,100.0
6220,1,38.34973514895259,38.34973514895259,100.0
6220,2,48.83717968148457,48.83717968148457,100.0
6230,0,22.15802661241881,22.15802661241881,100.0
6230,1,57.68892454927701,57.68892454927701,100.0
6230,2,20.153048838304187,20.153048838304187,100.0
6240,0,10.453886043312647,10.453886043312647,100.0
6240,1,40.70156181085054,40.70156181085054,100.0
6240,2,48.8445521458368,48.8445521458368,100.0
6250,0,13.516184170475162,13.516184170475162,100.0
6250,1,38.63150750981954,38.63150750981954,100.0
6250,2,47.852308319705294,47.852308319705294,100.0
6260,0,21.454140375339072,21.454140375339072,100.0
6260,1,18.34504143413459,18.34504143413459,100.0
6260,2,60.20081819052634,60.20081819052634,100.0
6270,0,12.275389853818957,12.275389853818957,100.0
6270,1,11.974174479657766,11.974174479657766,100.0
6270,2,75.75043566652327,75.75043566652327,100.0
6280,0,25.639688667725295,25.639688667725295,100.0
6280,1,36.367564149958426,36.367564149958426,100.0
6280,2,37.99274718231628,37.99274718231628,100.0
6290,0,13.386771859742483,13.386771859742483,100.0
6290,1,55.92010788260665,55.92010788260665,100.0
6290,2,30.693120257650865,30.693120257650865,100.0
6300,0,11.320629623210584,11.320629623210584,100.0
6300,1,35.96805059409534,35.96805059409534,100.0
6300,2,52.711319782694076,52.711319782694076,100.0
6310,0,24.55313422850815,24.55313422850815,100.0
6310,1,58.788973041383805,58.788973041383805,100.0
6310,2,16.657892730108042,16.657892730108042,100.0
6320,0,42.784157198882696,42.784157198882696,100.0
6320,1,44.903426084050245,44.903426084050245,100.0
6320,2,12.312416717067073,12.312416717067073,100.0
6330,0,31.709633593208093,31.709633593208093,100.0
6330,1,8.686864234642073,8.686864234642073,100.0
6330,2,59.60350217214984,59.60350217214984,100.0
6340,0,13.092589727162105,13.092589727162105,100.0
6340,1,71.13621661187638,71.13621661187638,100.0
6340,2,15.771193660961517,15.771193660961517,100.0
6350,0,15.285641513094363,15.285641513094363,100.0
6350,1,25.719251801248127,25.719251801248127,100.0
6350,2,58.99510668565752,58.99510668565752,100.0
6360,0,22.733830966533482,22.733830966533482,100.0
6360,1,42.41313390461681,42.41313390461681,100.0
6360,2,34.853035128849704,34.853035128849704,100.0
6370,0,29.800079444188736,29.800079444188736,100.0
6370,1,49.680058082026626,49.680058082026626,100.0
6370,2,20.519862473784645,20.519862473784645,100.0
6380,0,36.35104773075016,36.35104773075016,100.0
6380,1,47.82638406094682,47.82638406094682,100.0
6380,2,15.822568208303023,15.822568208303023,100.0
6390,0,15.796587060730172,15.796587060730172,100.0
6390,1,10.899840970091475,10.899840970091475,100.0
6390,2,73.30357196917836,73.30357196917836,100.0
6400,0,10.936146873162663,10.936146873162663,100.0
6400,1,28.829722757235483,28.829722757235483,100.0
6400,2,60.23413036960187,60.23413036960187,100.0
6410,0,53.4355440667937,53.4355440667937,100.0
6410,1,28.679016241976075,28.679016241976075,100.0
6410,2,17.885439691230236,17.885439691230236,100.0
6420,0,27.078072281453046,27.078072281453046,100.0
6420,1,53.00887421448318,53.00887421448318,100.0
6420,2,19.913053504063765,19.913053504063765,100.0
6430,0,15.797803154537455,15.797803154537455,100.0
6430,1,52.204417484391016,52.204417484391016,100.0
6430,2,31.997779361071533,31.997779361071533,100.0
6440,0,34.62687917071622,34.62687917071622,100.0
6440,1,50.82353698504897,50.82353698504897,100.0
6440,2,14.549583844234817,14.549583844234817,100.0
6450,0,22.598009485828566,22.598009485828566,100.0
6450,1,10.012596567268037,10.012596567268037,100.0
6450,2,67.3893939469034,67.3893939469034,100.0
6460,0,32.51408881848196,32.51408881848196,100.0
6460,1,13.878007985151436,13.878007985151436,100.0
6460,2,53.6079031963666,53.6079031963666,100.0
6470,0,27.92589389507422,27.92589389507422,100.0
6470,1,29.42011128086337,29.42011128086337,100.0
6470,2,42.6539948240624,42.6539948240624,100.0
6480,0,63.664456333212684,63.664456333212684,100.0
6480,1,18.54602741789437,18.54602741789437,100.0
6480,2,17.78951624889295,17.78951624889295,100.0
6490,0,56.031823066802964,56.031823066802964,100.0
6490,1,30.166924012534718,30.166924012534718,100.0
6490,2,13.801252920662321,13.801252920662321,100.0
6500,0,43.736542104881856,43.736542104881856,100.0
6500,1,19.01130142815722,19.01130142815722,100.0
6500,2,37.25215646696093,37.25215646696093,100.0
6510,0,14.816321304892316,14.816321304892316,100.0
6510,1,11.718125218490227,11.718125218490227,100.0
6510,2,73.46555347661746,73.46555347661746,100.0
6520,0,10.127455275081491,10.127455275081491,100.0
6520,1,51.113947017152874,51.113947017152874,100.0
6520,2,38.758597707765645,38.758597707765645,100.0
6530,0,14.81699158686555,14.81699158686555,100.0
6530,1,30.623982910572234,30.623982910572234,100.0
6530,2,54.55902550256222,54.55902550256222,100.0
6540,0,17.20916252861635,17.20916252861635,100.0
6540,1,45.17375706889678,45.17375706889678,100.0
6540,2,37.61708040248687,37.61708040248687,100.0
6550,0,13.424659008118716,13.424659008118716,100.0
6550,1,33.54369765706559,33.54369765706559,100.0
6550,2,53.03164333481569,53.03164333481569,100.0
6560,0,42.61783115849971,42.61783115849971,100.0
6560,1,32.08127381876421,32.08127381876421,100.0
6560,2,25.30089502273607,25.30089502273607,100.0
6570,0,14.015501442521817,14.015501442521817,100.0
6570,1,10.813144985798283,10.813144985798283,100.0
6570,2,75.1713535716799,75.1713535716799,100.0
6580,0,12.966295493509818,12.966295493509818,100.0
6580,1,72.75009295809424,72.75009295809424,100.0
6580,2,14.28361154839594,14.28361154839594,100.0
6590,0,23.648593616827068,23.648593616827068,100.0
6590,1,14.61139160385985,14.61139160385985,100.0
6590,2,61.74001477931309,61.74001477931309,100.0
6600,0,21.462804802986113,21.462804802986113,100.0
6600,1,50.115544164143444,50.115544164143444,100.0
6600,2,28.42165103287045,28.42165103287045,100.0
6610,0,25.615624000839084,25.615624000839084,100.0
6610,1,39.02354682829438,39.02354682829438,100.0
6610,2,35.36082917086655,35.36082917086655,100.0
6620,0,31.41014802082804,31.41014802082804,100.0
6620,1,38.12511690622989,38.12511690622989,100.0
6620,2,30.464735072942073,30.464735072942073,100.0
6630,0,12.868054244215008,12.868054244215008,100.0
6630,1,10.921831164397693,10.921831164397693,100.0
6630,2,76.2101145913873,76.2101145913873,100.0
6640,0,46.76883971076278,46.76883971076278,100.0
6640,1,12.821017219293266,12.821017219293266,100.0
6640,2,40.41014306994396,40.41014306994396,100.0
6650,0,22.24203878319253,22.24203878319253,100.0
6650,1,58.04881171393983,58.04881171393983,100.0
6650,2,19.709149502867636,19.709149502867636,100.0
6660,0,18.928540271384342,18.928540271384342,100.0
6660,1,68.3700449238376,68.3700449238376,100.0
6660,2,12.701414804778071,12.701414804778071,100.0
6670,0,16.398501871891558,16.398501871891558,100.0
6670,1,18.166758050946818,18.166758050946818,100.0
6670,2,65.43474007716162,65.43474007716162,100.0
6680,0,47.45180373623215,47.45180373623215,100.0
6680,1,40.939294318665006,40.939294318665006,100.0
6680,2,11.608901945102842,11.608901945102842,100.0
6690,0,33.72931376277309,33.72931376277309,100.0
6690,1,9.825725266372627,9.825725266372627,100.0
6690,2,56.44496097085428,56.44496097085428,100.0
6700,0,51.88963347418063,51.88963347418063,100.0
6700,1,36.46794001034727,36.46794001034727,100.0
6700,2,11.6424265154721,11.6424265154721,100.0
6710,0,25.008781818404575,25.008781818404575,100.0
6710,1,65.06143356030819,65.06143356030819,100.0
6710,2,9.929784621287249,9.929784621287249,100.0
6720,0,46.14206520799115,46.14206520799115,100.0
6720,1,26.760000022410598,26.760000022410598,100.0
6720,2,27.097934769598258,27.097934769598258,100.0
6730,0,11.562426960245704,11.562426960245704,100.0
6730,1,68.72927401390879,68.72927401390879,100.0
6730,2,19.7082990258455,19.7082990258455,100.0
6740,0,25.504653371083453,25.504653371083453,100.0
6740,1,61.41659761419612,61.41659761419612,100.0
6740,2,13.078749014720433,13.078749014720433,100.0
6750,0,11.699236200198436,11.699236200198436,100.0
6750,1,10.938923883948453,10.938923883948453,100.0
6750,2,77.36183991585311,77.36183991585311,100.0
6760,0,35.1500442506593,35.1500442506593,100.0
6760,1,30.338335781553162,30.338335781553162,100.0
6760,2,34.511619967787546,34.511619967787546,100.0
6770,0,37.655793199651846,37.655793199651846,100.0
6770,1,22.34585101384241,22.34585101384241,100.0
6770,2,39.998355786505755,39.998355786505755,100.0
6780,0,33.93081695994138,33.93081695994138,100.0
6780,1,20.099115847712415,20.099115847712415,100.0
6780,2,45.97006719234619,45.97006719234619,100.0
6790,0,31.348812390025348,31.348812390025348,100.0
6790,1,26.791256881940996,26.791256881940996,100.0
6790,2,41.85993072803365,41.85993072803365,100.0
6800,0,51.841172578777915,51.841172578777915,100.0
6800,1,30.61176758734843,30.61176758734843,100.0
6800,2,17.547059833873664,17.547059833873664,100.0
6810,0,34.926978654959605,34.926978654959605,100.0
6810,1,8.879397522349896,8.879397522349896,100.0
6810,2,56.1936238226905,56.1936238226905,100.0
6820,0,11.855883906695675,11.855883906695675,100.0
6820,1,69.10764642426629,69.10764642426629,100.0
6820,2,19.036469669038034,19.036469669038034,100.0
6830,0,24.05873619334893,24.05873619334893,100.0
6830,1,33.69021713279791,33.69021713279791,100.0
6830,2,42.25104667385316,42.25104667385316,100.0
6840,0,54.69532561523474,54.69532561523474,100.0
6840,1,20.30938031332191,20.30938031332191,100.0
6840,2,24.99529407144335,24.99529407144335,100.0
6850,0,66.6051246547545,66.6051246547545,100.0
6850,1,18.952367067643976,18.952367067643976,100.0
6850,2,14.44250827760152,14.44250827760152,100.0
6860,0,57.35482999765401,57.35482999765401,100.0
6860,1,20.449412340465795,20.449412340465795,100.0
6860,2,22.195757661880194,22.195757661880194,100.0
6870,0,11.668787676311517,11.668787676311517,100.0
6870,1,12.260775800695022,12.260775800695022,100.0
6870,2,76.07043652299346,76.07043652299346,100.0
6880,0,25.178137726488934,25.178137726488934,100.0
6880,1,48.81977327904503,48.81977327904503,100.0
6880,2,26.002088994466032,26.002088994466032,100.0
6890,0,42.07678432605538,42.07678432605538,100.0
6890,1,19.447436350323162,19.447436350323162,100.0
6890,2,38.47577932362145,38.47577932362145,100.0
6900,0,29.103890148627258,29.103890148627258,100.0
6900,1,47.603470662201815,47.603470662201815,100.0
6900,2,23.292639189170913,23.292639189170913,100.0
6910,0,70.54024923062809,70.54024923062809,100.0
6910,1,16.97400290998954,16.97400290998954,100.0
6910,2,12.485747859382373,12.485747859382373,100.0
6920,0,43.62626860916409,43.62626860916409,100.0
6920,1,25.274381509827197,25.274381509827197,100.0
6920,2,31.099349881008703,31.099349881008703,100.0
6930,0,12.736601792520574,12.736601792520574,100.0
6930,1,12.212142085857042,12.212142085857042,100.0
6930,2,75.05125612162239,75.05125612162239,100.0
6940,0,34.80582072419163,34.80582072419163,100.0
6940,1,26.743107911197946,26.743107911197946,100.0
6940,2,38.45107136461042,38.45107136461042,100.0
6950,0,32.0668765279871,32.0668765279871,100.0
6950,1,25.353169896742177,25.353169896742177,100.0
6950,2,42.57995357527073,42.57995357527073,100.0
6960,0,43.83153304731915,43.83153304731915,100.0
6960,1,37.89316961525674,37.89316961525674,100.0
6960,2,18.275297337424114,18.275297337424114,100.0
6970,0,32.61112874116902,32.61112874116902,100.0
6970,1,52.018105718002026,52.018105718002026,100.0
6970,2,15.370765540828952,15.370765540828952,100.0
6980,0,42.83948954179741,42.83948954179741,100.0
6980,1,43.578107921841806,43.578107921841806,100.0
6980,2,13.582402536360794,13.582402536360794,100.0
6990,0,22.17612127252705,22.17612127252705,100.0
6990,1,11.31576576822275,11.31576576822275,100.0
6990,2,66.5081129592502,66.5081129592502,100.0
7000,0,33.84773067569009,33.84773067569009,100.0
7000,1,49.83267110211398,49.83267110211398,100.0
7000,2,16.319598222195932,16.319598222195932,100.0
7010,0,36.90763751596499,36.90763751596499,100.0
7010,1,24.932297875817792,24.932297875817792,100.0
7010,2,38.16006460821721,38.16006460821721,100.0
7020,0,30.10086901832487,30.10086901832487,100.0
7020,1,37.702736255387656,37.702736255387656,100.0
7020,2,32.19639472628747,32.19639472628747,100.0
7030,0,30.79542877089724,30.79542877089724,100.0
7030,1,49.01958729552028,49.01958729552028,100.0
7030,2,20.184983933582494,20.184983933582494,100.0
7040,0,14.441948154689147,14.441948154689147,100.0
7040,1,66.15278565458131,66.15278565458131,100.0
7040,2,19.405266190729538,19.405266190729538,100.0
7050,0,13.531310109834324,13.531310109834324,100.0
7050,1,12.669269224340027,12.669269224340027,100.0
7050,2,73.79942066582565,73.79942066582565,100.0
7060,0,22.657399256108647,22.657399256108647,100.0
7060,1,63.618077313143395,63.618077313143395,100.0
7060,2,13.724523430747965,13.724523430747965,100.0
7070,0,42.69352602660647,42.69352602660647,100.0
7070,1,36.5482217808344,36.5482217808344,100.0
7070,2,20.758252192559137,20.758252192559137,100.0
7080,0,29.23794766754437,29.23794766754437,100.0
7080,1,38.62236586881893,38.62236586881893,100.0
7080,2,32.139686463636714,32.139686463636714,100.0
7090,0,17.24638463312231,17.24638463312231,100.0
7090,1,26.580195836491903,26.580195836491903,100.0
7090,2,56.17341953038578,56.17341953038578,100.0
7100,0,17.67776154742918,17.67776154742918,100.0
7100,1,58.422237207476115,58.422237207476115,100.0
7100,2,23.900001245094714,23.900001245094714,100.0
7110,0,11.610257118695957,11.610257118695957,100.0
7110,1,11.319772860917245,11.319772860917245,100.0
7110,2,77.0699700203868,77.0699700203868,100.0
7120,0,26.34590742073904,26.34590742073904,100.0
7120,1,36.15902031771741,36.15902031771741,100.0
7120,2,37.49507226154354,37.49507226154354,100.0
7130,0,60.6186877732241,60.6186877732241,100.0
7130,1,9.706090066247851,9.706090066247851,100.0
7130,2,29.675222160528048,29.675222160528048,100.0
7140,0,39.34011692369901,39.34011692369901,100.0
7140,1,18.52850786622566,18.52850786622566,100.0
7140,2,42.13137521007533,42.13137521007533,100.0
7150,0,14.826996166196347,14.826996166196347,100.0
7150,1,46.950974617876376,46.950974617876376,100.0
7150,2,38.222029215927286,38.222029215927286,100.0
7160,0,67.25717123396986,67.25717123396986,100.0
7160,1,16.765667812177696,16.765667812177696,100.0
7160,2,15.97716095385245,15.97716095385245,100.0
7170,0,13.862600495793481,13.862600495793481,100.0
7170,1,12.239530308235594,12.239530308235594,100.0
7170,2,73.89786919597093,73.89786919597093,100.0
7180,0,18.249227358098747,18.249227358098747,100.0
7180,1,49.51134198288887,49.51134198288887,100.0
7180,2,32.239430659012385,32.239430659012385,100.0
7190,0,58.324586735822294,58.324586735822294,100.0
7190,1,21.818978134493356,21.818978134493356,100.0
7190,2,19.856435129684357,19.856435129684357,100.0
7200,0,34.50885770331622,34.50885770331622,100.0
7200,1,24.978757514604453,24.978757514604453,100.0
7200,2,40.51238478207933,40.51238478207933,100.0
7210,0,32.6008987122965,32.6008987122965,100.0
7210,1,42.04397350031232,42.04397350031232,100.0
7210,2,25.355127787391176,25.355127787391176,100.0
7220,0,41.318528796598066,41.318528796598066,100.0
7220,1,24.788689338269624,24.788689338269624,100.0
7220,2,33.89278186513231,33.89278186513231,100.0
7230,0,17.575465274802475,17.575465274802475,100.0
7230,1,13.599724060274726,13.599724060274726,100.0
7230,2,68.82481066492281,68.82481066492281,100.0
7240,0,19.812524440671943,19.812524440671943,100.0
7240,1,50.88740244193492,50.88740244193492,100.0
7240,2,29.300073117393154,29.300073117393154,100.0
7250,0,25.058258174749664,25.058258174749664,100.0
7250,1,14.691593782331442,14.691593782331442,100.0
7250,2,60.25014804291891,60.25014804291891,100.0
7260,0,57.53155857836995,57.53155857836995,100.0
7260,1,27.00353582382382,27.00353582382382,100.0
7260,2,15.464905597806238,15.464905597806238,100.0
7270,0,43.81968300407026,43.81968300407026,100.0
7270,1,46.73336026513636,46.73336026513636,100.0
7270,2,9.446956730793392,9.446956730793392,100.0
7280,0,15.923880307905508,15.923880307905508,100.0
7280,1,36.47660338976486,36.47660338976486,100.0
7280,2,47.59951630232964,47.59951630232964,100.0
7290,0,12.216789933656802,12.216789933656802,100.0
7290,1,12.498455280627518,12.498455280627518,100.0
7290,2,75.28475478571568,75.28475478571568,100.0
7300,0,37.70816260304219,37.70816260304219,100.0
7300,1,21.145536781392472,21.145536781392472,100.0
7300,2,41.14630061556534,41.14630061556534,100.0
7310,0,23.070738645149397,23.070738645149397,100.0
7310,1,29.390702459410196,29.390702459410196,100.0
7310,2,47.53855889544042,47.53855889544042,100.0
7320,0,25.611748598093286,25.611748598093286,100.0
7320,1,40.208939046744895,40.208939046744895,100.0
7320,2,34.17931235516182,34.17931235516182,100.0
7330,0,52.03847129654686,52.03847129654686,100.0
7330,1,33.182256732121054,33.182256732121054,100.0
7330,2,14.779271971332086,14.779271971332086,100.0
7340,0,48.4529411465956,48.4529411465956,100.0
7340,1,28.0909661769563,28.0909661769563,100.0
7340,2,23.456092676448097,23.456092676448097,100.0
7350,0,11.370242626785435,11.370242626785435,100.0
7350,1,10.901008939284134,10.901008939284134,100.0
7350,2,77.72874843393043,77.72874843393043,100.0
7360,0,37.367438400458944,37.367438400458944,100.0
7360,1,44.26534868827992,44.26534868827992,100.0
7360,2,18.367212911261145,18.367212911261145,100.0
7370,0,34.96634618878533,34.96634618878533,100.0
7370,1,39.92629097809356,39.92629097809356,100.0
7370,2,25.107362833121115,25.107362833121115,100.0
7380,0,15.957135980908019,15.957135980908019,100.0
7380,1,16.20643233784366,16.20643233784366,100.0
7380,2,67.83643168124833,67.83643168124833,100.0
7390,0,46.56076745015916,46.56076745015916,100.0
7390,1,29.515580380091784,29.515580380091784,100.0
7390,2,23.923652169749047,23.923652169749047,100.0
7400,0,26.63861957372301,26.63861957372301,100.0
7400,1,50.674406403239004,50.674406403239004,100.0
7400,2,22.686974023037994,22.686974023037994,100.0
7410,0,12.044542717070685,12.044542717070685,100.0
7410,1,11.37903900947462,11.37903900947462,100.0
7410,2,76.57641827345469,76.57641827345469,100.0
7420,0,10.439788533261819,10.439788533261819,100.0
7420,1,54.308979572841935,54.308979572841935,100.0
7420,2,35.251231893896254,35.251231893896254,100.0
7430,0,46.837129554489465,46.837129554489465,100.0
7430,1,18.285168202954164,18.285168202954164,100.0
7430,2,34.87770224255637,34.87770224255637,100.0
7440,0,21.53825819666753,21.53825819666753,100.0
7440,1,54.259759651638994,54.259759651638994,100.0
7440,2,24.201982151693485,24.201982151693485,100.0
7450,0,18.31941878506324,18.31941878506324,100.0
7450,1,57.889569766565764,57.889569766565764,100.0
7450,2,23.791011448371,23.791011448371,100.0
7460,0,45.35131768264661,45.35131768264661,100.0
7460,1,25.69423066941064,25.69423066941064,100.0
7460,2,28.954451647942754,28.954451647942754,100.0
7470,0,15.816262313305343,15.816262313305343,100.0
7470,1,13.174316225345112,13.174316225345112,100.0
7470,2,71.00942146134955,71.00942146134955,100.0
7480,0,56.58818876219923,56.58818876219923,100.0
7480,1,25.463329339556022,25.463329339556022,100.0
7480,2,17.948481898244744,17.948481898244744,100.0
7490,0,14.010023576250532,14.010023576250532,100.0
7490,1,27.827616180827047,27.827616180827047,100.0
7490,2,58.16236024292243,58.16236024292243,100.0
7500,0,21.25010658054792,21.25010658054792,100.0
7500,1,34.43039932924098,34.43039932924098,100.0
7500,2,44.3194940902111,44.3194940902111,100.0
7510,0,44.32151809676822,44.32151809676822,100.0
7510,1,34.54085869704432,34.54085869704432,100.0
7510,2,21.13762320618745,21.13762320618745,100.0
7520,0,59.53527723001648,59.53527723001648,100.0
7520,1,27.826487889319502,27.826487889319502,100.0
7520,2,12.63823488066402,12.63823488066402,100.0
7530,0,18.27918495179741,18.27918495179741,100.0
7530,1,10.58875099163586,10.58875099163586,100.0
7530,2,71.13206405656672,71.13206405656672,100.0
7540,0,42.486190105716595,42.486190105716595,100.0
7540,1,23.815144984116948,23.815144984116948,100.0
7540,2,33.69866491016646,33.69866491016646,100.0
7550,0,12.408628003686479,12.408628003686479,100.0
7550,1,49.59489961551144,49.59489961551144,100.0
7550,2,37.99647238080208,37.99647238080208,100.0
7560,0,31.320029284985463,31.320029284985463,100.0
7560,1,31.99297664135548,31.99297664135548,100.0
7560,2,36.686994073659065,36.686994073659065,100.0
7570,0,38.84351630524364,38.84351630524364,100.0
7570,1,26.582209796934507,26.582209796934507,100.0
7570,2,34.57427389782185,34.57427389782185,100.0
7580,0,27.70597309515308,27.70597309515308,100.0
7580,1,29.033834905790208,29.033834905790208,100.0
7580,2,43.260191999056715,43.260191999056715,100.0
7590,0,17.148349079503266,17.148349079503266,100.0
7590,1,13.231409460301391,13.231409460301391,100.0
7590,2,69.62024146019536,69.62024146019536,100.0
7600,0,47.30937068186318,47.30937068186318,100.0
7600,1,42.625395232569886,42.625395232569886,100.0
7600,2,10.065234085566944,10.065234085566944,100.0
7610,0,17.860943540669137,17.860943540669137,100.0
7610,1,62.25791281596322,62.25791281596322,100.0
7610,2,19.881143643367647,19.881143643367647,100.0
7620,0,24.698071213506978,24.698071213506978,100.0
7620,1,59.033287969958,59.033287969958,100.0
7620,2,16.268640816535015,16.268640816535015,100.0
7630,0,33.20518907756999,33.20518907756999,100.0
7630,1,36.49397044172719,36.49397044172719,100.0
7630,2,30.300840480702824,30.300840480702824,100.0
7640,0,25.252115105910562,25.252115105910562,100.0
7640,1,53.91304720221455,53.91304720221455,100.0
7640,2,20.834837691874903,20.834837691874903,100.0
7650,0,17.006769759994995,17.006769759994995,100.0
7650,1,10.410643730604017,10.410643730604017,100.0
7650,2,72.582586509401,72.582586509401,100.0
7660,0,65.13541331073844,65.13541331073844,100.0
7660,1,15.024110996622392,15.024110996622392,100.0
7660,2,19.840475692639163,19.840475692639163,100.0
7670,0,43.34165182479156,43.34165182479156,100.0
7670,1,24.295721370004944,24.295721370004944,100.0
7670,2,32.3626268052035,32.3626268052035,100.0
7680,0,13.492175136265292,13.492175136265292,100.0
7680,1,43.9945386053818,43.9945386053818,100.0
7680,2,42.51328625835289,42.51328625835289,100.0
7690,0,29.133888991566337,29.133888991566337,100.0
7690,1,22.039324371998877,22.039324371998877,100.0
7690,2,48.8267866364348,48.8267866364348,100.0
7700,0,46.1977759754183,46.1977759754183,100.0
7700,1,44.228678695002976,44.228678695002976,100.0
7700,2,9.573545329578725,9.573545329578725,100.0
7710,0,28.204495686337605,28.204495686337605,100.0
7710,1,10.318194718657205,10.318194718657205,100.0
7710,2,61.477309595005195,61.477309595005195,100.0
7720,0,18.374363354203776,18.374363354203776,100.0
7720,1,50.20088390094772,50.20088390094772,100.0
7720,2,31.4247527448485,31.4247527448485,100.0
7730,0,52.448559855375464,52.448559855375464,100.0
7730,1,34.396889274804664,34.396889274804664,100.0
7730,2,13.154550869819866,13.154550869819866,100.0
7740,0,51.19452793942272,51.19452793942272,100.0
7740,1,22.103260149704383,22.103260149704383,100.0
7740,2,26.702211910872908,26.702211910872908,100.0
7750,0,33.343609348846606,33.343609348846606,100.0
7750,1,13.186153994372171,13.186153994372171,100.0
7750,2,53.470236656781225,53.470236656781225,100.0
7760,0,21.44080457501996,21.44080457501996,100.0
7760,1,24.48312277853068,24.48312277853068,100.0
7760,2,54.07607264644936,54.07607264644936,100.0
7770,0,14.557889049846596,14.557889049846596,100.0
7770,1,10.782802404709395,10.782802404709395,100.0
7770,2,74.65930854544402,74.65930854544402,100.0
7780,0,43.5929584432732,43.5929584432732,100.0
7780,1,48.59639242952711,48.59639242952711,100.0
7780,2,7.810649127199685,7.810649127199685,100.0
7790,0,41.78136795229106,41.78136795229106,100.0
7790,1,39.60573949744438,39.60573949744438,100.0
7790,2,18.612892550264544,18.612892550264544,100.0
7800,0,18.223701235739423,18.223701235739423,100.0
7800,1,66.30565572341676,66.30565572341676,100.0
7800,2,15.47064304084382,15.47064304084382,100.0
7810,0,62.52076535736888,62.52076535736888,100.0
7810,1,22.730339502935518,22.730339502935518,100.0
7810,2,14.7488951396956,14.7488951396956,100.0
7820,0,24.25024202663083,24.25024202663083,100.0
7820,1,18.076218361113973,18.076218361113973,100.0
7820,2,57.6735396122552,57.6735396122552,100.0
7830,0,14.11359731236681,14.11359731236681,100.0
7830,1,11.783085317507542,11.783085317507542,100.0
7830,2,74.10331737012564,74.10331737012564,100.0
7840,0,40.80239054518688,40.80239054518688,100.0
7840,1,22.830383289342677,22.830383289342677,100.0
7840,2,36.36722616547045,36.36722616547045,100.0
7850,0,18.45959102272942,18.45959102272942,100.0
7850,1,63.41316259695772,63.41316259695772,100.0
7850,2,18.127246380312855,18.127246380312855,100.0
7860,0,66.50232250648556,66.50232250648556,100.0
7860,1,17.979106249318527,17.979106249318527,100.0
7860,2,15.51857124419592,15.51857124419592,100.0
7870,0,18.09727588044183,18.09727588044183,100.0
7870,1,45.93119821455641,45.93119821455641,100.0
7870,2,35.97152590500175,35.97152590500175,100.0
7880,0,43.60890448384288,43.60890448384288,100.0
7880,1,21.569944394262595,21.569944394262595,100.0
7880,2,34.82115112189453,34.82115112189453,100.0
7890,0,11.15778037119506,11.15778037119506,100.0
7890,1,11.55037601293413,11.55037601293413,100.0
7890,2,77.29184361587082,77.29184361587082,100.0
7900,0,14.15747925537876,14.15747925537876,100.0
7900,1,43.871748616504426,43.871748616504426,100.0
7900,2,41.97077212811683,41.97077212811683,100.0
7910,0,45.5926541002176,45.5926541002176,100.0
7910,1,18.460111903798555,18.460111903798555,100.0
7910,2,35.94723399598385,35.94723399598385,100.0
7920,0,21.823353542547224,21.823353542547224,100.0
7920,1,54.57303731911802,54.57303731911802,100.0
7920,2,23.603609138334765,23.603609138334765,100.0
7930,0,40.00214521054999,40.00214521054999,100.0
7930,1,47.34124433229116,47.34124433229116,100.0
7930,2,12.656610457158857,12.656610457158857,100.0
7940,0,15.495893768772595,15.495893768772595,100.0
7940,1,57.98683345326887,57.98683345326887,100.0
7940,2,26.517272777958528,26.517272777958528,100.0
7950,0,11.980907493431078,11.980907493431078,100.0
7950,1,11.71761484727189,11.71761484727189,100.0
7950,2,76.30147765929703,76.30147765929703,100.0
7960,0,24.6379771522782,24.6379771522782,100.0
7960,1,49.1498731159988,49.1498731159988,100.0
7960,2,26.212149731722995,26.212149731722995,100.0
7970,0,54.520614137731904,54.520614137731904,100.0
7970,1,29.898343960304008,29.898343960304008,100.0
7970,2,15.581041901964094,15.581041901964094,100.0
7980,0,53.10837130646242,53.10837130646242,100.0
7980,1,37.08467116806201,37.08467116806201,100.0
7980,2,9.806957525475562,9.806957525475562,100.0
7990,0,10.831957411133338,10.831957411133338,100.0
7990,1,18.91573101731087,18.91573101731087,100.0
7990,2,70.25231157155581,70.25231157155581,100.0
8000,0,42.96659428245527,42.96659428245527,100.0
8000,1,10.642561969296153,10.642561969296153,100.0
8000,2,46.390843748248585,46.390843748248585,100.0
8010,0,22.124106803590823,22.124106803590823,100.0
8010,1,13.01460578644492,13.01460578644492,100.0
8010,2,64.86128740996425,64.86128740996425,100.0
8020,0,10.12005224367871,10.12005224367871,100.0
8020,1,52.89127390260132,52.89127390260132,100.0
8020,2,36.988673853719966,36.988673853719966,100.0
8030,0,21.409201881452997,21.409201881452997,100.0
8030,1,60.81141518205803,60.81141518205803,100.0
8030,2,17.779382936488968,17.779382936488968,100.0
8040,0,47.64793177684679,47.64793177684679,100.0
8040,1,30.183878604271207,30.183878604271207,100.0
8040,2,22.168189618882,22.168189618882,100.0
8050,0,49.29684827770758,49.29684827770758,100.0
8050,1,22.803290205877083,22.803290205877083,100.0
8050,2,27.899861516415324,27.899861516415324,100.0
8060,0,20.552256438052616,20.552256438052616,100.0
8060,1,33.10415520300329,33.10415520300329,100.0
8060,2,46.3435883589441,46.3435883589441,100.0
8070,0,11.95302090263916,11.95302090263916,100.0
8070,1,11.322005547937227,11.322005547937227,100.0
8070,2,76.72497354942361,76.72497354942361,100.0
8080,0,16.54848035945136,16.54848035945136,100.0
8080,1,26.520830540376338,26.520830540376338,100.0
8080,2,56.930689100172295,56.930689100172295,100.0
8090,0,14.439576245474811,14.439576245474811,100.0
8090,1,52.0683063937703,52.0683063937703,100.0
8090,2,33.49211736075488,33.49211736075488,100.0
8100,0,12.880577982838185,12.880577982838185,100.0
8100,1,68.81474097715575,68.81474097715575,100.0
8100,2,18.30468104000607,18.30468104000607,100.0
8110,0,45.13363755991236,45.13363755991236,100.0
8110,1,32.73527525456187,32.73527525456187,100.0
8110,2,22.131087185525764,22.131087185525764,100.0
8120,0,66.78448873250544,66.78448873250544,100.0
8120,1,15.371327873545464,15.371327873545464,100.0
8120,2,17.844183393949102,17.844183393949102,100.0
8130,0,19.579971498081676,19.579971498081676,100.0
8130,1,20.58261922397615,20.58261922397615,100.0
8130,2,59.83740927794218,59.83740927794218,100.0
8140,0,19.168442558333183,19.168442558333183,100.0
8140,1,44.678360991074925,44.678360991074925,100.0
8140,2,36.153196450591885,36.153196450591885,100.0
8150,0,32.05332135587378,32.05332135587378,100.0
8150,1,21.22977715863498,21.22977715863498,100.0
8150,2,46.71690148549125,46.71690148549125,100.0
8160,0,16.769917001968736,16.769917001968736,100.0
8160,1,70.0677225169423,70.0677225169423,100.0
8160,2,13.16236048108897,13.16236048108897,100.0
8170,0,57.75019568417332,57.75019568417332,100.0
8170,1,19.014217650609886,19.014217650609886,100.0
8170,2,23.235586665216793,23.235586665216793,100.0
8180,0,33.23503738043815,33.23503738043815,100.0
8180,1,17.092932059511842,17.092932059511842,100.0
8180,2,49.672030560050004,49.672030560050004,100.0
8190,0,11.350417299786155,11.350417299786155,100.0
8190,1,11.746399062111882,11.746399062111882,100.0
8190,2,76.90318363810196,76.90318363810196,100.0
8200,0,49.81611033555835,49.81611033555835,100.0
8200,1,14.37382943307765,14.37382943307765,100.0
8200,2,35.81006023136399,35.81006023136399,100.0
8210,0,35.49903611822271,35.49903611822271,100.0
8210,1,36.41832240111019,36.41832240111019,100.0
8210,2,28.082641480667103,28.082641480667103,100.0
8220,0,25.672415551342304,25.672415551342304,100.0
8220,1,15.003861091276283,15.003861091276283,100.0
8220,2,59.32372335738142,59.32372335738142,100.0
8230,0,31.64980447312121,31.64980447312121,100.0
8230,1,34.716822661069216,34.716822661069216,100.0
8230,2,33.63337286580958,33.63337286580958,100.0
8240,0,24.4520659877592,24.4520659877592,100.0
8240,1,19.21968425908287,19.21968425908287,100.0
8240,2,56.32824975315792,56.32824975315792,100.0
8250,0,12.469676491937703,12.469676491937703,100.0
8250,1,10.843961100012233,10.843961100012233,100.0
8250,2,76.68636240805007,76.68636240805007,100.0
8260,0,47.252693296462326,47.252693296462326,100.0
8260,1,11.566031092317285,11.566031092317285,100.0
8260,2,41.18127561122039,41.18127561122039,100.0
8270,0,55.52186813098257,55.52186813098257,100.0
8270,1,25.234897004517464,25.234897004517464,100.0
8270,2,19.24323486449998,19.24323486449998,100.0
8280,0,14.925190336064247,14.925190336064247,100.0
8280,1,18.652235443738785,18.652235443738785,100.0
8280,2,66.42257422019696,66.42257422019696,100.0
8290,0,38.05187026219245,38.05187026219245,100.0
8290,1,47.68377192692009,47.68377192692009,100.0
8290,2,14.264357810887466,14.264357810887466,100.0
8300,0,42.99776407584607,42.99776407584607,100.0
8300,1,30.677244658699493,30.677244658699493,100.0
8300,2,26.32499126545444,26.32499126545444,100.0
8310,0,20.767778319401547,20.767778319401547,100.0
8310,1,11.533400165586523,11.533400165586523,100.0
8310,2,67.69882151501193,67.69882151501193,100.0
8320,0,44.55524055191778,44.55524055191778,100.0
8320,1,34.056252099802464,34.056252099802464,100.0
8320,2,21.388507348279763,21.388507348279763,100.0
8330,0,13.793322502303464,13.793322502303464,100.0
8330,1,35.55646444454347,35.55646444454347,100.0
8330,2,50.65021305315306,50.65021305315306,100.0
8340,0,26.861531115888624,26.861531115888624,100.0
8340,1,47.066304306721484,47.066304306721484,100.0
8340,2,26.072164577389895,26.072164577389895,100.0
8350,0,68.35685980002162,68.35685980002162,100.0
8350,1,13.767369534096954,13.767369534096954,100.0
8350,2,17.87577066588141,17.87577066588141,100.0
8360,0,24.994465319332413,24.994465319332413,100.0
8360,1,37.98261257932255,37.98261257932255,100.0
8360,2,37.02292210134504,37.02292210134504,100.0
8370,0,10.826670476809566,10.826670476809566,100.0
8370,1,15.815829964485829,15.815829964485829,100.0
8370,2,73.3574995587046,73.3574995587046,100.0
8380,0,32.82976148669937,32.82976148669937,100.0
8380,1,29.1793119955618,29.1793119955618,100.0
8380,2,37.99092651773883,37.99092651773883,100.0
8390,0,49.40792744558786,49.40792744558786,100.0
8390,1,31.122815394829512,31.122815394829512,100.0
8390,2,19.46925715958264,19.46925715958264,100.0
8400,0,70.77409909433993,70.77409909433993,100.0
8400,1,15.630560273790042,15.630560273790042,100.0
8400,2,13.595340631870014,13.595340631870014,100.0
8410,0,51.32047070689042,51.32047070689042,100.0
8410,1,34.991402598753076,34.991402598753076,100.0
8410,2,13.688126694356509,13.688126694356509,100.0
8420,0,26.253829373102445,26.253829373102445,100.0
8420,1,57.02653014872606,57.02653014872606,100.0
8420,2,16.719640478171485,16.719640478171485,100.0
8430,0,12.434299807218887,12.434299807218887,100.0
8430,1,15.04254641486637,15.04254641486637,100.0
8430,2,72.52315377791474,72.52315377791474,100.0
8440,0,33.945872232626954,33.945872232626954,100.0
8440,1,30.628062437156512,30.628062437156512,100.0
8440,2,35.426065330216545,35.426065330216545,100.0
8450,0,22.38945400158053,22.38945400158053,100.0
8450,1,20.312806452300908,20.312806452300908,100.0
8450,2,57.297739546118564,57.297739546118564,100.0
8460,0,15.240771098852454,15.240771098852454,100.0
8460,1,68.03633957830384,68.03633957830384,100.0
8460,2,16.722889322843702,16.722889322843702,100.0
8470,0,41.85217541431728,41.85217541431728,100.0
8470,1,30.996831900367923,30.996831900367923,100.0
8470,2,27.1509926853148,27.1509926853148,100.0
8480,0,18.872960622599035,18.872960622599035,100.0
8480,1,52.68015779052252,52.68015779052252,100.0
8480,2,28.446881586878447,28.446881586878447,100.0
8490,0,12.132763258315512,12.132763258315512,100.0
8490,1,11.131754939972344,11.131754939972344,100.0
8490,2,76.73548180171214,76.73548180171214,100.0
8500,0,20.162521086099037,20.162521086099037,100.0
8500,1,38.916262127828354,38.916262127828354,100.0
8500,2,40.92121678607261,40.92121678607261,100.0
8510,0,71.65764500464668,71.65764500464668,100.0
8510,1,15.681559730566551,15.681559730566551,100.0
8510,2,12.660795264786767,12.660795264786767,100.0
8520,0,16.61870294356319,16.61870294356319,100.0
8520,1,49.554703933882706,49.554703933882706,100.0
8520,2,33.82659312255411,33.82659312255411,100.0
8530,0,60.34020271952342,60.34020271952342,100.0
8530,1,23.21462639995061,23.21462639995061,100.0
8530,2,16.44517088052597,16.44517088052597,100.0
8540,0,22.11946062871685,22.11946062871685,100.0
8540,1,54.2578652064539,54.2578652064539,100.0
8540,2,23.622674164829245,23.622674164829245,100.0
8550,0,11.272704674600739,11.272704674600739,100.0
8550,1,10.920060190067314,10.920060190067314,100.0
8550,2,77.80723513533194,77.80723513533194,100.0
8560,0,68.2753916913091,68.2753916913091,100.0
8560,1,12.355008765056084,12.355008765056084,100.0
8560,2,19.36959954363482,19.36959954363482,100.0
8570,0,29.354960528254466,29.354960528254466,100.0
8570,1,54.07513314816054,54.07513314816054,100.0
8570,2,16.569906323585002,16.569906323585002,100.0
8580,0,50.506339295989044,50.506339295989044,100.0
8580,1,25.822872678441904,25.822872678441904,100.0
8580,2,23.67078802556905,23.67078802556905,100.0
8590,0,44.11056970848349,44.11056970848349,100.0
8590,1,40.89567420610903,40.89567420610903,100.0
8590,2,14.993756085407487,14.993756085407487,100.0
8600,0,19.62939660981955,19.62939660981955,100.0
8600,1,19.538061689085914,19.538061689085914,100.0
8600,2,60.832541701094534,60.832541701094534,100.0
8610,0,16.488427982663772,16.488427982663772,100.0
8610,1,15.43659716973315,15.43659716973315,100.0
8610,2,68.07497484760309,68.07497484760309,100.0
8620,0,53.460186847452626,53.460186847452626,100.0
8620,1,22.215472380947247,22.215472380947247,100.0
8620,2,24.324340771600113,24.324340771600113,100.0
8630,0,41.07193277092929,41.07193277092929,100.0
8630,1,48.67550822259191,48.67550822259191,100.0
8630,2,10.25255900647881,10.25255900647881,100.0
8640,0,31.845318642256824,31.845318642256824,100.0
8640,1,55.615939819486634,55.615939819486634,100.0
8640,2,12.53874153825654,12.53874153825654,100.0
8650,0,10.401274830639903,10.401274830639903,100.0
8650,1,37.07855588319838,37.07855588319838,100.0
8650,2,52.52016928616171,52.52016928616171,100.0
8660,0,19.81665482473802,19.81665482473802,100.0
8660,1,60.76802664029775,60.76802664029775,100.0
8660,2,19.415318534964232,19.415318534964232,100.0
8670,0,14.204540837039312,14.204540837039312,100.0
8670,1,15.475047432664471,15.475047432664471,100.0
8670,2,70.32041173029623,70.32041173029623,100.0
8680,0,24.561658754646984,24.561658754646984,100.0
8680,1,37.870944962783405,37.870944962783405,100.0
8680,2,37.56739628256962,37.56739628256962,100.0
8690,0,15.98223974986624,15.98223974986624,100.0
8690,1,43.036492848142004,43.036492848142004,100.0
8690,2,40.98126740199176,40.98126740199176,100.0
8700,0,50.65191872091649,50.65191872091649,100.0
8700,1,21.617679696790724,21.617679696790724,100.0
8700,2,27.730401582292803,27.730401582292803,100.0
8710,0,31.728996642246077,31.728996642246077,100.0
8710,1,48.85988119964781,48.85988119964781,100.0
8710,2,19.41112215810611,19.41112215810611,100.0
8720,0,26.21057646007999,26.21057646007999,100.0
8720,1,35.27149319570251,35.27149319570251,100.0
8720,2,38.5179303442175,38.5179303442175,100.0
8730,0,11.812681547466942,11.812681547466942,100.0
8730,1,11.33987986882262,11.33987986882262,100.0
8730,2,76.84743858371044,76.84743858371044,100.0
8740,0,19.99356735077025,19.99356735077025,100.0
8740,1,23.516248922754468,23.516248922754468,100.0
8740,2,56.49018372647529,56.49018372647529,100.0
8750,0,39.62675844291269,39.62675844291269,100.0
8750,1,28.22993581428623,28.22993581428623,100.0
8750,2,32.1433057428011,32.1433057428011,100.0
8760,0,16.883572128124378,16.883572128124378,100.0
8760,1,48.87517570752799,48.87517570752799,100.0
8760,2,34.24125216434764,34.24125216434764,100.0
8770,0,46.878840156034215,46.878840156034215,100.0
8770,1,24.171510366343643,24.171510366343643,100.0
8770,2,28.949649477622145,28.949649477622145,100.0
8780,0,43.37441296027482,43.37441296027482,100.0
8780,1,12.776843637503129,12.776843637503129,100.0
8780,2,43.84874340222207,43.84874340222207,100.0
8790,0,23.189057506608503,23.189057506608503,100.0
8790,1,20.644207293826593,20.644207293826593,100.0
8790,2,56.1667351995649,56.1667351995649,100.0
8800,0,18.636992111135598,18.636992111135598,100.0
8800,1,29.22585157465678,29.22585157465678,100.0
8800,2,52.13715631420762,52.13715631420762,100.0
8810,0,13.556011744678583,13.556011744678583,100.0
8810,1,38.737038789845286,38.737038789845286,100.0
8810,2,47.70694946547614,47.70694946547614,100.0
8820,0,20.979906144037994,20.979906144037994,100.0
8820,1,32.40536614883525,32.40536614883525,100.0
8820,2,46.61472770712676,46.61472770712676,100.0
8830,0,36.302160183164595,36.302160183164595,100.0
8830,1,33.44450850090739,33.44450850090739,100.0
8830,2,30.253331315928023,30.253331315928023,100.0
8840,0,32.34614633304939,32.34614633304939,100.0
8840,1,9.750024731660822,9.750024731660822,100.0
8840,2,57.90382893528978,57.90382893528978,100.0
8850,0,28.714775207626985,28.714775207626985,100.0
8850,1,16.326252795402514,16.326252795402514,100.0
8850,2,54.958971996970504,54.958971996970504,100.0
8860,0,17.647221818267784,17.647221818267784,100.0
8860,1,64.74419601834833,64.74419601834833,100.0
8860,2,17.608582163383875,17.608582163383875,100.0
8870,0,60.56175836367223,60.56175836367223,100.0
8870,1,19.954544375876875,19.954544375876875,100.0
8870,2,19.483697260450896,19.483697260450896,100.0
8880,0,28.843077054766457,28.843077054766457,100.0
8880,1,22.603791108520298,22.603791108520298,100.0
8880,2,48.55313183671324,48.55313183671324,100.0
8890,0,53.865105284380554,53.865105284380554,100.0
8890,1,31.431647003553593,31.431647003553593,100.0
8890,2,14.703247712065862,14.703247712065862,100.0
8900,0,33.8538238993832,33.8538238993832,100.0
8900,1,22.820527322487973,22.820527322487973,100.0
8900,2,43.32564877812883,43.32564877812883,100.0
8910,0,14.667409862519849,14.667409862519849,100.0
8910,1,11.601782863914748,11.601782863914748,100.0
8910,2,73.7308072735654,73.7308072735654,100.0
8920,0,25.07025658215687,25.07025658215687,100.0
8920,1,19.46043938743022,19.46043938743022,100.0
8920,2,55.469304030412914,55.469304030412914,100.0
8930,0,55.2748215825052,55.2748215825052,100.0
8930,1,30.93911806748052,30.93911806748052,100.0
8930,2,13.786060350014301,13.786060350014301,100.0
8940,0,14.259942264492123,14.259942264492123,100.0
8940,1,50.66573025179038,50.66573025179038,100.0
8940,2,35.0743274837175,35.0743274837175,100.0
8950,0,22.702720065123586,22.702720065123586,100.0
8950,1,23.423420851507256,23.423420851507256,100.0
8950,2,53.873859083369155,53.873859083369155,100.0
8960,0,19.518013654447717,19.518013654447717,100.0
8960,1,59.131697308048295,59.131697308048295,100.0
8960,2,21.350289037503988,21.350289037503988,100.0
8970,0,10.798943050073573,10.798943050073573,100.0
8970,1,13.008013812640234,13.008013812640234,100.0
8970,2,76.1930431372862,76.1930431372862,100.0
8980,0,39.64786496482177,39.64786496482177,100.0
8980,1,13.811137139629851,13.811137139629851,100.0
8980,2,46.54099789554837,46.54099789554837,100.0
8990,0,32.58392404560716,32.58392404560716,100.0
8990,1,41.020695164293855,41.020695164293855,100.0
8990,2,26.395380790098976,26.395380790098976,100.0
9000,0,37.1734631101652,37.1734631101652,100.0
9000,1,38.19911798161672,38.19911798161672,100.0
9000,2,24.627418908218086,24.627418908218086,100.0
9010,0,42.66772200518449,42.66772200518449,100.0
9010,1,43.74093561811757,43.74093561811757,100.0
9010,2,13.59134237669794,13.59134237669794,100.0
9020,0,26.435312598100552,26.435312598100552,100.0
9020,1,59.35212597873384,59.35212597873384,100.0
9020,2,14.212561423165601,14.212561423165601,100.0
9030,0,19.80013822418444,19.80013822418444,100.0
9030,1,10.808522758676155,10.808522758676155,100.0
9030,2,69.3913390171394,69.3913390171394,100.0
9040,0,45.478366230483125,45.478366230483125,100.0
9040,1,35.16258450322972,35.16258450322972,100.0
9040,2,19.359049266287148,19.359049266287148,100.0
9050,0,38.383750620738354,38.383750620738354,100.0
9050,1,42.96556544995913,42.96556544995913,100.0
9050,2,18.650683929302513,18.650683929302513,100.0
9060,0,59.07091293938775,59.07091293938775,100.0
9060,1,19.02801388215538,19.02801388215538,100.0
9060,2,21.90107317845687,21.90107317845687,100.0
9070,0,21.90876529222303,21.90876529222303,100.0
9070,1,45.43577887566641,45.43577887566641,100.0
9070,2,32.65545583211055,32.65545583211055,100.0
9080,0,54.06591665983097,54.06591665983097,100.0
9080,1,37.36151546320947,37.36151546320947,100.0
9080,2,8.572567876959555,8.572567876959555,100.0
9090,0,46.91355829094077,46.91355829094077,100.0
9090,1,7.057535474315362,7.057535474315362,100.0
9090,2,46.02890623474386,46.02890623474386,100.0
9100,0,47.19131302487579,47.19131302487579,100.0
9100,1,39.56617674129344,39.56617674129344,100.0
9100,2,13.242510233830773,13.242510233830773,100.0
9110,0,15.076376475822832,15.076376475822832,100.0
9110,1,17.839412319914455,17.839412319914455,100.0
9110,2,67.08421120426273,67.08421120426273,100.0
9120,0,15.895353528780257,15.895353528780257,100.0
9120,1,65.20508664827346,65.20508664827346,100.0
9120,2,18.899559822946284,18.899559822946284,100.0
9130,0,51.14969150101237,51.14969150101237,100.0
9130,1,27.613270004306717,27.613270004306717,100.0
9130,2,21.237038494680906,21.237038494680906,100.0
9140,0,17.42026984172984,17.42026984172984,100.0
9140,1,48.17198972295932,48.17198972295932,100.0
9140,2,34.40774043531084,34.40774043531084,100.0
9150,0,13.436481237354164,13.436481237354164,100.0
9150,1,10.602010513633212,10.602010513633212,100.0
9150,2,75.96150824901262,75.96150824901262,100.0
9160,0,40.20675841659379,40.20675841659379,100.0
9160,1,30.879483618709834,30.879483618709834,100.0
9160,2,28.913757964696373,28.913757964696373,100.0
9170,0,36.82416016327206,36.82416016327206,100.0
9170,1,18.304084941752848,18.304084941752848,100.0
9170,2,44.87175489497508,44.87175489497508,100.0
9180,0,26.89389877896146,26.89389877896146,100.0
9180,1,22.885173763516036,22.885173763516036,100.0
9180,2,50.220927457522514,50.220927457522514,100.0
9190,0,14.8526642987099,14.8526642987099,100.0
9190,1,45.417674813998765,45.417674813998765,100.0
9190,2,39.72966088729133,39.72966088729133,100.0
9200,0,32.844471462027855,32.844471462027855,100.0
9200,1,40.00868057810267,40.00868057810267,100.0
9200,2,27.146847959869476,27.146847959869476,100.0
9210,0,16.048399444297182,16.048399444297182,100.0
9210,1,11.044069002342933,11.044069002342933,100.0
9210,2,72.90753155335989,72.90753155335989,100.0
9220,0,38.132044924722116,38.132044924722116,100.0
9220,1,27.05844828682723,27.05844828682723,100.0
9220,2,34.80950678845065,34.80950678845065,100.0
9230,0,36.74858399398268,36.74858399398268,100.0
9230,1,42.407649617248076,42.407649617248076,100.0
9230,2,20.843766388769254,20.843766388769254,100.0
9240,0,43.00123927163695,43.00123927163695,100.0
9240,1,20.262711878633993,20.262711878633993,100.0
9240,2,36.73604884972906,36.73604884972906,100.0
9250,0,32.84493987457192,32.84493987457192,100.0
9250,1,36.263158989478065,36.263158989478065,100.0
9250,2,30.89190113595001,30.89190113595001,100.0
9260,0,33.75496350289943,33.75496350289943,100.0
9260,1,45.742093322178775,45.742093322178775,100.0
9260,2,20.502943174921796,20.502943174921796,100.0
9270,0,11.400887913223345,11.400887913223345,100.0
9270,1,11.413558966285125,11.413558966285125,100.0
9270,2,77.18555312049152,77.18555312049152,100.0
9280,0,12.445536842042976,12.445536842042976,100.0
9280,1,19.212618492303733,19.212618492303733,100.0
9280,2,68.34184466565328,68.34184466565328,100.0
9290,0,50.577416034914556,50.577416034914556,100.0
9290,1,32.48566970844463,32.48566970844463,100.0
9290,2,16.9369142566408,16.9369142566408,100.0
9300,0,33.77463996109674,33.77463996109674,100.0
9300,1,28.33589976031692,28.33589976031692,100.0
9300,2,37.88946027858635,37.88946027858635,100.0
9310,0,25.441348157035875,25.441348157035875,100.0
9310,1,59.57026709519202,59.57026709519202,100.0
9310,2,14.988384747772116,14.988384747772116,100.0
9320,0,34.86018797644675,34.86018797644675,100.0
9320,1,32.51802531136529,32.51802531136529,100.0
9320,2,32.62178671218795,32.62178671218795,100.0
9330,0,14.797945124451765,14.797945124451765,100.0
9330,1,10.776780040874113,10.776780040874113,100.0
9330,2,74.42527483467413,74.42527483467413,100.0
9340,0,32.510986012407194,32.510986012407194,100.0
9340,1,48.61037043838942,48.61037043838942,100.0
9340,2,18.8786435492034,18.8786435492034,100.0
9350,0,41.600746981903406,41.600746981903406,100.0
9350,1,43.64849238899382,43.64849238899382,100.0
9350,2,14.750760629102775,14.750760629102775,100.0
9360,0,44.87810980368705,44.87810980368705,100.0
9360,1,26.634718875425506,26.634718875425506,100.0
9360,2,28.487171320887434,28.487171320887434,100.0
9370,0,32.05237436187401,32.05237436187401,100.0
9370,1,27.03537865556809,27.03537865556809,100.0
9370,2,40.91224698255791,40.91224698255791,100.0
9380,0,50.517847605979696,50.517847605979696,100.0
9380,1,11.495921159284851,11.495921159284851,100.0
9380,2,37.98623123473545,37.98623123473545,100.0
9390,0,16.269664012337923,16.269664012337923,100.0
9390,1,20.06684152379222,20.06684152379222,100.0
9390,2,63.66349446386985,63.66349446386985,100.0
9400,0,19.25139326430171,19.25139326430171,100.0
9400,1,53.572689443719156,53.572689443719156,100.0
9400,2,27.175917291979136,27.175917291979136,100.0
9410,0,18.03626095665235,18.03626095665235,100.0
9410,1,68.15554483923609,68.15554483923609,100.0
9410,2,13.808194204111556,13.808194204111556,100.0
9420,0,39.76213880712436,39.76213880712436,100.0
9420,1,11.17776429992278,11.17776429992278,100.0
9420,2,49.06009689295287,49.06009689295287,100.0
9430,0,58.73495894418544,58.73495894418544,100.0
9430,1,23.82708643218368,23.82708643218368,100.0
9430,2,17.43795462363087,17.43795462363087,100.0
9440,0,14.65993249652921,14.65993249652921,100.0
9440,1,69.11859675830718,69.11859675830718,100.0
9440,2,16.221470745163618,16.221470745163618,100.0
9450,0,11.8983949754858,11.8983949754858,100.0
9450,1,10.878575047621995,10.878575047621995,100.0
9450,2,77.2230299768922,77.2230299768922,100.0
9460,0,26.396990887406968,26.396990887406968,100.0
9460,1,48.534918230275046,48.534918230275046,100.0
9460,2,25.06809088231798,25.06809088231798,100.0
9470,0,45.166312713410214,45.166312713410214,100.0
9470,1,25.916232776099683,25.916232776099683,100.0
9470,2,28.91745451049011,28.91745451049011,100.0
9480,0,25.98980003885803,25.98980003885803,100.0
9480,1,45.53929828011657,45.53929828011657,100.0
9480,2,28.470901681025413,28.470901681025413,100.0
9490,0,30.17311479245976,30.17311479245976,100.0
9490,1,36.56341384156799,36.56341384156799,100.0
9490,2,33.26347136597226,33.26347136597226,100.0
9500,0,67.86469008049497,67.86469008049497,100.0
9500,1,14.226549857641007,14.226549857641007,100.0
9500,2,17.90876006186402,17.90876006186402,100.0
9510,0,13.018294411192347,13.018294411192347,100.0
9510,1,14.565004425925492,14.565004425925492,100.0
9510,2,72.41670116288216,72.41670116288216,100.0
9520,0,43.71123551307578,43.71123551307578,100.0
9520,1,40.69631272465896,40.69631272465896,100.0
9520,2,15.592451762265256,15.592451762265256,100.0
9530,0,41.17792890198565,41.17792890198565,100.0
9530,1,40.18795784727885,40.18795784727885,100.0
9530,2,18.63411325073549,18.63411325073549,100.0
9540,0,39.38779234072313,39.38779234072313,100.0
9540,1,34.38749153550217,34.38749153550217,100.0
9540,2,26.224716123774694,26.224716123774694,100.0
9550,0,27.06778042791816,27.06778042791816,100.0
9550,1,57.847324541490664,57.847324541490664,100.0
9550,2,15.084895030591184,15.084895030591184,100.0
9560,0,60.440417207571386,60.440417207571386,100.0
9560,1,27.274244121082212,27.274244121082212,100.0
9560,2,12.285338671346414,12.285338671346414,100.0
9570,0,25.032365488025192,25.032365488025192,100.0
9570,1,11.694559067490937,11.694559067490937,100.0
9570,2,63.27307544448387,63.27307544448387,100.0
9580,0,12.052538133653137,12.052538133653137,100.0
9580,1,60.5900567229085,60.5900567229085,100.0
9580,2,27.357405143438363,27.357405143438363,100.0
9590,0,28.236726517908362,28.236726517908362,100.0
9590,1,55.52566613506396,55.52566613506396,100.0
9590,2,16.23760734702768,16.23760734702768,100.0
9600,0,11.7051580754541,11.7051580754541,100.0
9600,1,67.53966355108432,67.53966355108432,100.0
9600,2,20.755178373461575,20.755178373461575,100.0
9610,0,24.713274734211605,24.713274734211605,100.0
9610,1,42.89363075983656,42.89363075983656,100.0
9610,2,32.39309450595184,32.39309450595184,100.0
9620,0,22.58192935350034,22.58192935350034,100.0
9620,1,42.73723630508191,42.73723630508191,100.0
9620,2,34.68083434141775,34.68083434141775,100.0
9630,0,11.526027805864393,11.526027805864393,100.0
9630,1,11.486281817442636,11.486281817442636,100.0
9630,2,76.98769037669297,76.98769037669297,100.0
9640,0,71.47025537267545,71.47025537267545,100.0
9640,1,13.571332380279669,13.571332380279669,100.0
9640,2,14.958412247044873,14.958412247044873,100.0
9650,0,14.115622315029777,14.115622315029777,100.0
9650,1,23.44431150392194,23.44431150392194,100.0
9650,2,62.44006618104828,62.44006618104828,100.0
9660,0,57.8408836156204,57.8408836156204,100.0
9660,1,14.764875384473813,14.764875384473813,100.0
9660,2,27.394240999905794,27.394240999905794,100.0
9670,0,34.66512030237659,34.66512030237659,100.0
9670,1,35.88542060199021,35.88542060199021,100.0
9670,2,29.449459095633184,29.449459095633184,100.0
9680,0,66.34267663575173,66.34267663575173,100.0
9680,1,13.815216236204556,13.815216236204556,100.0
9680,2,19.84210712804371,19.84210712804371,100.0
9690,0,11.639353662878385,11.639353662878385,100.0
9690,1,12.25552593672047,12.25552593672047,100.0
9690,2,76.10512040040115,76.10512040040115,100.0
9700,0,47.18775140472448,47.18775140472448,100.0
9700,1,34.761706362390676,34.761706362390676,100.0
9700,2,18.050542232884844,18.050542232884844,100.0
9710,0,18.477995068906623,18.477995068906623,100.0
9710,1,65.44955736853812,65.44955736853812,100.0
9710,2,16.072447562555265,16.072447562555265,100.0
9720,0,30.26582549706145,30.26582549706145,100.0
9720,1,26.865248607658316,26.865248607658316,100.0
9720,2,42.86892589528024,42.86892589528024,100.0
9730,0,26.47183287987144,26.47183287987144,100.0
9730,1,54.69037246599585,54.69037246599585,100.0
9730,2,18.83779465413271,18.83779465413271,100.0
9740,0,48.99994382094278,48.99994382094278,100.0
9740,1,28.429213266231955,28.429213266231955,100.0
9740,2,22.570842912825256,22.570842912825256,100.0
9750,0,19.167486329040837,19.167486329040837,100.0
9750,1,12.173433047082005,12.173433047082005,100.0
9750,2,68.65908062387716,68.65908062387716,100.0
9760,0,28.48851344574015,28.48851344574015,100.0
9760,1,40.391759817818944,40.391759817818944,100.0
9760,2,31.11972673644091,31.11972673644091,100.0
9770,0,36.00246481923947,36.00246481923947,100.0
9770,1,23.910531114650983,23.910531114650983,100.0
9770,2,40.087004066109536,40.087004066109536,100.0
9780,0,22.533747618684423,22.533747618684423,100.0
9780,1,13.729709521368545,13.729709521368545,100.0
9780,2,63.73654285994704,63.73654285994704,100.0
9790,0,19.32231696365471,19.32231696365471,100.0
9790,1,33.34381830469207,33.34381830469207,100.0
9790,2,47.33386473165322,47.33386473165322,100.0
9800,0,21.286982341627933,21.286982341627933,100.0
9800,1,29.345812427414668,29.345812427414668,100.0
9800,2,49.3672052309574,49.3672052309574,100.0
9810,0,13.233327428580244,13.233327428580244,100.0
9810,1,12.265789628904455,12.265789628904455,100.0
9810,2,74.5008829425153,74.5008829425153,100.0
9820,0,55.45699405830026,55.45699405830026,100.0
9820,1,14.554539551407494,14.554539551407494,100.0
9820,2,29.988466390292245,29.988466390292245,100.0
9830,0,47.075381151044084,47.075381151044084,100.0
9830,1,18.54583722232359,18.54583722232359,100.0
9830,2,34.37878162663232,34.37878162663232,100.0
9840,0,30.438562397575236,30.438562397575236,100.0
9840,1,16.955159658898246,16.955159658898246,100.0
9840,2,52.606277943526514,52.606277943526514,100.0
9850,0,19.38952266366304,19.38952266366304,100.0
9850,1,41.797251333091154,41.797251333091154,100.0
9850,2,38.8132260032458,38.8132260032458,100.0
9860,0,29.90542647527604,29.90542647527604,100.0
9860,1,24.0831770101187,24.0831770101187,100.0
9860,2,46.01139651460526,46.01139651460526,100.0
9870,0,12.620902932300673,12.620902932300673,100.0
9870,1,11.750887686670904,11.750887686670904,100.0
9870,2,75.62820938102841,75.62820938102841,100.0
9880,0,60.33299140777032,60.33299140777032,100.0
9880,1,14.398478368546153,14.398478368546153,100.0
9880,2,25.268530223683534,25.268530223683534,100.0
9890,0,39.416390345109335,39.416390345109335,100.0
9890,1,9.003423228027337,9.003423228027337,100.0
9890,2,51.58018642686333,51.58018642686333,100.0
9900,0,22.367054060985325,22.367054060985325,100.0
9900,1,62.00248107832681,62.00248107832681,100.0
9900,2,15.630464860687871,15.630464860687871,100.0
9910,0,15.359915309544784,15.359915309544784,100.0
9910,1,32.29742975014757,32.29742975014757,100.0
9910,2,52.34265494030764,52.34265494030764,100.0
9920,0,13.838136914277161,13.838136914277161,100.0
9920,1,73.66075922460327,73.66075922460327,100.0
9920,2,12.501103861119583,12.501103861119583,100.0
9930,0,10.949943164954853,10.949943164954853,100.0
9930,1,11.277010060263812,11.277010060263812,100.0
9930,2,77.77304677478133,77.77304677478133,100.0
9940,0,48.72485939627341,48.72485939627341,100.0
9940,1,12.523178077121013,12.523178077121013,100.0
9940,2,38.751962526605574,38.751962526605574,100.0
9950,0,32.892606520245835,32.892606520245835,100.0
9950,1,30.92746606680155,30.92746606680155,100.0
9950,2,36.17992741295261,36.17992741295261,100.0
9960,0,52.335008777793135,52.335008777793135,100.0
9960,1,38.62386126448442,38.62386126448442,100.0
9960,2,9.041129957722452,9.041129957722452,100.0
9970,0,49.318498040571626,49.318498040571626,100.0
9970,1,34.57181347989448,34.57181347989448,100.0
9970,2,16.109688479533894,16.109688479533894,100.0
9980,0,31.668289930977057,31.668289930977057,100.0
9980,1,44.17068462460065,44.17068462460065,100.0
9980,2,24.161025444422275,24.161025444422275,100.0
9990,0,13.491440370189983,13.491440370189983,100.0
9990,1,11.161587056700538,11.161587056700538,100.0
9990,2,75.34697257310948,75.34697257310948,100.0
