timestamp,sliceId,dedicatedPRB,minPRB,maxPRB
510,0,36.78951937687454,36.78951937687454,100.0
510,1,24.07872505674158,24.07872505674158,100.0
510,2,39.131755566383895,39.131755566383895,100.0
520,0,12.122245289427621,12.122245289427621,100.0
520,1,39.95609507837751,39.95609507837751,100.0
520,2,47.92165963219489,47.92165963219489,100.0
530,0,36.881901163645104,36.881901163645104,100.0
530,1,26.091327359222845,26.091327359222845,100.0
530,2,37.02677147713205,37.02677147713205,100.0
540,0,9.055693357624582,9.055693357624582,100.0
540,1,56.787335732563925,56.787335732563925,100.0
540,2,34.1569709098115,34.1569709098115,100.0
550,0,39.98417839687055,39.98417839687055,100.0
550,1,11.110349146783157,11.110349146783157,100.0
550,2,48.9054724563463,48.9054724563463,100.0
560,0,38.5463469457097,38.5463469457097,100.0
560,1,32.73405718870334,32.73405718870334,100.0
560,2,28.71959586558695,28.71959586558695,100.0
570,0,44.80958832337228,44.80958832337228,100.0
570,1,43.37759372684201,43.37759372684201,100.0
570,2,11.81281794978572,11.81281794978572,100.0
580,0,21.53763712191033,21.53763712191033,100.0
580,1,30.121291863610033,30.121291863610033,100.0
580,2,48.34107101447964,48.34107101447964,100.0
590,0,16.42398735321021,16.42398735321021,100.0
590,1,16.535717846113734,16.535717846113734,100.0
590,2,67.04029480067605,67.04029480067605,100.0
600,0,54.336052817967364,54.336052817967364,100.0
600,1,14.55723763816671,14.55723763816671,100.0
600,2,31.10670954386593,31.10670954386593,100.0
610,0,15.072933135538126,15.072933135538126,100.0
610,1,68.06462777426236,68.06462777426236,100.0
610,2,16.862439090199516,16.862439090199516,100.0
620,0,9.518962810696372,9.518962810696372,100.0
620,1,57.11991969655295,57.11991969655295,100.0
620,2,33.36111749275069,33.36111749275069,100.0
630,0,22.379785808470164,22.379785808470164,100.0
630,1,37.1936240501464,37.1936240501464,100.0
630,2,40.42659014138345,40.42659014138345,100.0
640,0,29.117233575137636,29.117233575137636,100.0
640,1,31.913445314135398,31.913445314135398,100.0
640,2,38.969321110726966,38.969321110726966,100.0
650,0,10.7807853831196,10.7807853831196,100.0
650,1,57.48443123538354,57.48443123538354,100.0
650,2,31.734783381496857,31.734783381496857,100.0
660,0,13.464416759035537,13.464416759035537,100.0
660,1,72.25081297687706,72.25081297687706,100.0
660,2,14.284770264087406,14.284770264087406,100.0
670,0,35.65860208091425,35.65860208091425,100.0
670,1,29.860273904157047,29.860273904157047,100.0
670,2,34.4811240149287,34.4811240149287,100.0
680,0,54.42587615368703,54.42587615368703,100.0
680,1,19.087315888791448,19.087315888791448,100.0
680,2,26.486807957521535,26.486807957521535,100.0
690,0,47.07169472414759,47.07169472414759,100.0
690,1,22.351208276426732,22.351208276426732,100.0
690,2,30.577096999425684,30.577096999425684,100.0
700,0,40.1233354172536,40.1233354172536,100.0
700,1,47.06020876161878,47.06020876161878,100.0
700,2,12.816455821127631,12.816455821127631,100.0
710,0,17.767299374456414,17.767299374456414,100.0
710,1,44.64094477197418,44.64094477197418,100.0
710,2,37.59175585356939,37.59175585356939,100.0
720,0,33.891490192710144,33.891490192710144,100.0
720,1,50.50726038220967,50.50726038220967,100.0
720,2,15.601249425080182,15.601249425080182,100.0
730,0,45.979715798633606,45.979715798633606,100.0
730,1,31.490510717150556,31.490510717150556,100.0
730,2,22.52977348421585,22.52977348421585,100.0
740,0,31.979501745399038,31.979501745399038,100.0
740,1,34.146154869381256,34.146154869381256,100.0
740,2,33.87434338521971,33.87434338521971,100.0
750,0,38.84176629920289,38.84176629920289,100.0
750,1,17.542659578822636,17.542659578822636,100.0
750,2,43.61557412197448,43.61557412197448,100.0
760,0,27.568837797932698,27.568837797932698,100.0
760,1,24.159090581091938,24.159090581091938,100.0
760,2,48.27207162097536,48.27207162097536,100.0
770,0,25.88336349938725,25.88336349938725,100.0
770,1,12.620741290601947,12.620741290601947,100.0
770,2,61.49589521001081,61.49589521001081,100.0
780,0,11.606650479982026,11.606650479982026,100.0
780,1,50.04217584537748,50.04217584537748,100.0
780,2,38.351173674640485,38.351173674640485,100.0
790,0,46.87139901902088,46.87139901902088,100.0
790,1,7.807920048256831,7.807920048256831,100.0
790,2,45.3206809327223,45.3206809327223,100.0
800,0,15.54425525179103,15.54425525179103,100.0
800,1,13.03388174831778,13.03388174831778,100.0
800,2,71.42186299989119,71.42186299989119,100.0
810,0,40.92534799154146,40.92534799154146,100.0
810,1,31.440147184459533,31.440147184459533,100.0
810,2,27.634504823999013,27.634504823999013,100.0
820,0,20.15938181925382,20.15938181925382,100.0
820,1,33.30669895192359,33.30669895192359,100.0
820,2,46.53391922882259,46.53391922882259,100.0
830,0,9.635191190763065,9.635191190763065,100.0
830,1,58.0229982692337,58.0229982692337,100.0
830,2,32.34181054000323,32.34181054000323,100.0
840,0,29.27834010017302,29.27834010017302,100.0
840,1,53.887458297954595,53.887458297954595,100.0
840,2,16.83420160187238,16.83420160187238,100.0
850,0,17.332696702989477,17.332696702989477,100.0
850,1,60.113469303211666,60.113469303211666,100.0
850,2,22.55383399379886,22.55383399379886,100.0
860,0,21.556251852623117,21.556251852623117,100.0
860,1,42.17842223968905,42.17842223968905,100.0
860,2,36.26532590768783,36.26532590768783,100.0
870,0,22.02095103146489,22.02095103146489,100.0
870,1,41.20368085102946,41.20368085102946,100.0
870,2,36.77536811750565,36.77536811750565,100.0
880,0,27.80089135323369,27.80089135323369,100.0
880,1,28.351198632939923,28.351198632939923,100.0
880,2,43.84791001382638,43.84791001382638,100.0
890,0,9.983995301499917,9.983995301499917,100.0
890,1,44.976798692132576,44.976798692132576,100.0
890,2,45.03920600636751,45.03920600636751,100.0
900,0,31.26810021157024,31.26810021157024,100.0
900,1,35.42698583920475,35.42698583920475,100.0
900,2,33.30491394922501,33.30491394922501,100.0
910,0,40.287508440968125,40.287508440968125,100.0
910,1,50.040994704550634,50.040994704550634,100.0
910,2,9.671496854481244,9.671496854481244,100.0
920,0,13.699439232356895,13.699439232356895,100.0
920,1,18.573453869548942,18.573453869548942,100.0
920,2,67.72710689809416,67.72710689809416,100.0
930,0,59.68091854178957,59.68091854178957,100.0
930,1,18.655130967909013,18.655130967909013,100.0
930,2,21.663950490301406,21.663950490301406,100.0
940,0,48.5282537953318,48.5282537953318,100.0
940,1,8.228178199544697,8.228178199544697,100.0
940,2,43.24356800512351,43.24356800512351,100.0
950,0,55.4801177991564,55.4801177991564,100.0
950,1,31.396420117377495,31.396420117377495,100.0
950,2,13.123462083466103,13.123462083466103,100.0
960,0,28.14489870835915,28.14489870835915,100.0
960,1,47.91353410720633,47.91353410720633,100.0
960,2,23.941567184434522,23.941567184434522,100.0
970,0,29.674167869609803,29.674167869609803,100.0
970,1,24.008021065519646,24.008021065519646,100.0
970,2,46.317811064870554,46.317811064870554,100.0
980,0,29.55386628809799,29.55386628809799,100.0
980,1,16.654257172167455,16.654257172167455,100.0
980,2,53.79187653973456,53.79187653973456,100.0
990,0,29.22034052501199,29.22034052501199,100.0
990,1,24.545091068554818,24.545091068554818,100.0
990,2,46.23456840643319,46.23456840643319,100.0
1000,0,16.246830936117007,16.246830936117007,100.0
1000,1,21.878671020794215,21.878671020794215,100.0
1000,2,61.87449804308878,61.87449804308878,100.0
1010,0,35.418950286891445,35.418950286891445,100.0
1010,1,37.5736355450035,37.5736355450035,100.0
1010,2,27.007414168105072,27.007414168105072,100.0
1020,0,22.869914570908435,22.869914570908435,100.0
1020,1,48.13606215777234,48.13606215777234,100.0
1020,2,28.99402327131923,28.99402327131923,100.0
1030,0,16.899247799144415,16.899247799144415,100.0
1030,1,39.4142694264267,39.4142694264267,100.0
1030,2,43.68648277442888,43.68648277442888,100.0
1040,0,27.59407244581682,27.59407244581682,100.0
1040,1,21.25770784671103,21.25770784671103,100.0
1040,2,51.14821970747215,51.14821970747215,100.0
1050,0,18.361243296420376,18.361243296420376,100.0
1050,1,15.579222604052504,15.579222604052504,100.0
1050,2,66.05953409952713,66.05953409952713,100.0
1060,0,47.16493846709307,47.16493846709307,100.0
1060,1,25.014094746648773,25.014094746648773,100.0
1060,2,27.820966786258154,27.820966786258154,100.0
1070,0,31.26084913792962,31.26084913792962,100.0
1070,1,45.82136607626798,45.82136607626798,100.0
1070,2,22.917784785802397,22.917784785802397,100.0
1080,0,23.930237522371474,23.930237522371474,100.0
1080,1,42.412182000502504,42.412182000502504,100.0
1080,2,33.65758047712602,33.65758047712602,100.0
1090,0,61.604177122751516,61.604177122751516,100.0
1090,1,15.100362991547067,15.100362991547067,100.0
1090,2,23.295459885701415,23.295459885701415,100.0
1100,0,22.486253374953527,22.486253374953527,100.0
1100,1,17.489543198164387,17.489543198164387,100.0
1100,2,60.02420342688208,60.02420342688208,100.0
1110,0,21.16694878711466,21.16694878711466,100.0
1110,1,23.413682416889266,23.413682416889266,100.0
1110,2,55.419368795996085,55.419368795996085,100.0
1120,0,57.5947601542419,57.5947601542419,100.0
1120,1,14.614870280892319,14.614870280892319,100.0
1120,2,27.790369564865774,27.790369564865774,100.0
1130,0,13.352183543359535,13.352183543359535,100.0
1130,1,16.373074809202187,16.373074809202187,100.0
1130,2,70.27474164743828,70.27474164743828,100.0
1140,0,30.524958265115252,30.524958265115252,100.0
1140,1,32.94720291430337,32.94720291430337,100.0
1140,2,36.52783882058139,36.52783882058139,100.0
1150,0,27.10430757671331,27.10430757671331,100.0
1150,1,52.522426262668496,52.522426262668496,100.0
1150,2,20.373266160618183,20.373266160618183,100.0
1160,0,13.609440478492335,13.609440478492335,100.0
1160,1,17.438274406561103,17.438274406561103,100.0
1160,2,68.95228511494656,68.95228511494656,100.0
1170,0,43.11361810743936,43.11361810743936,100.0
1170,1,31.004174989914873,31.004174989914873,100.0
1170,2,25.88220690264576,25.88220690264576,100.0
1180,0,40.20798694843562,40.20798694843562,100.0
1180,1,18.20466513933377,18.20466513933377,100.0
1180,2,41.58734791223061,41.58734791223061,100.0
1190,0,48.688863014965094,48.688863014965094,100.0
1190,1,12.309932408397865,12.309932408397865,100.0
1190,2,39.00120457663704,39.00120457663704,100.0
1200,0,56.03455070140152,56.03455070140152,100.0
1200,1,21.041960211740815,21.041960211740815,100.0
1200,2,22.923489086857668,22.923489086857668,100.0
1210,0,64.42601039932799,64.42601039932799,100.0
1210,1,19.65480330156356,19.65480330156356,100.0
1210,2,15.919186299108452,15.919186299108452,100.0
1220,0,32.54578611344833,32.54578611344833,100.0
1220,1,39.445711449642246,39.445711449642246,100.0
1220,2,28.008502436909428,28.008502436909428,100.0
1230,0,9.406018621192146,9.406018621192146,100.0
1230,1,46.41765162716091,46.41765162716091,100.0
1230,2,44.17632975164695,44.17632975164695,100.0
1240,0,41.37608557520181,41.37608557520181,100.0
1240,1,15.787091338610843,15.787091338610843,100.0
1240,2,42.83682308618735,42.83682308618735,100.0
1250,0,30.265072494647256,30.265072494647256,100.0
1250,1,34.4723384850752,34.4723384850752,100.0
1250,2,35.26258902027754,35.26258902027754,100.0
1260,0,68.97399149574,68.97399149574,100.0
1260,1,10.383368348150952,10.383368348150952,100.0
1260,2,20.642640156109053,20.642640156109053,100.0
1270,0,38.12383428762682,38.12383428762682,100.0
1270,1,41.66977007585863,41.66977007585863,100.0
1270,2,20.206395636514557,20.206395636514557,100.0
1280,0,33.75375177947316,33.75375177947316,100.0
1280,1,16.237466886250346,16.237466886250346,100.0
1280,2,50.008781334276485,50.008781334276485,100.0
1290,0,25.08762399555537,25.08762399555537,100.0
1290,1,34.58923832089503,34.58923832089503,100.0
1290,2,40.32313768354961,40.32313768354961,100.0
1300,0,18.064608070282205,18.064608070282205,100.0
1300,1,45.67832361172493,45.67832361172493,100.0
1300,2,36.25706831799286,36.25706831799286,100.0
1310,0,14.806696455410359,14.806696455410359,100.0
1310,1,36.395949236120586,36.395949236120586,100.0
1310,2,48.797354308469046,48.797354308469046,100.0
1320,0,11.78521525346959,11.78521525346959,100.0
1320,1,18.588178496573754,18.588178496573754,100.0
1320,2,69.62660624995665,69.62660624995665,100.0
1330,0,34.308733674889446,34.308733674889446,100.0
1330,1,30.362373796781515,30.362373796781515,100.0
1330,2,35.328892528329035,35.328892528329035,100.0
1340,0,48.36792861040614,48.36792861040614,100.0
1340,1,36.70764327930771,36.70764327930771,100.0
1340,2,14.92442811028615,14.92442811028615,100.0
1350,0,33.46174977554458,33.46174977554458,100.0
1350,1,22.685165772883405,22.685165772883405,100.0
1350,2,43.853084451572,43.853084451572,100.0
1360,0,35.262042050747105,35.262042050747105,100.0
1360,1,16.018644442089162,16.018644442089162,100.0
1360,2,48.71931350716373,48.71931350716373,100.0
1370,0,44.274180727406446,44.274180727406446,100.0
1370,1,47.93825927331916,47.93825927331916,100.0
1370,2,7.787559999274382,7.787559999274382,100.0
1380,0,32.34367552891296,32.34367552891296,100.0
1380,1,32.21753724109265,32.21753724109265,100.0
1380,2,35.43878722999439,35.43878722999439,100.0
1390,0,57.32882968243196,57.32882968243196,100.0
1390,1,19.556348318209885,19.556348318209885,100.0
1390,2,23.114821999358163,23.114821999358163,100.0
1400,0,17.836978316585324,17.836978316585324,100.0
1400,1,63.55831867629627,63.55831867629627,100.0
1400,2,18.604703007118403,18.604703007118403,100.0
1410,0,22.128394156616192,22.128394156616192,100.0
1410,1,39.915914522030896,39.915914522030896,100.0
1410,2,37.955691321352916,37.955691321352916,100.0
1420,0,43.598379975730886,43.598379975730886,100.0
1420,1,23.15114561287297,23.15114561287297,100.0
1420,2,33.25047441139615,33.25047441139615,100.0
1430,0,35.08199621473703,35.08199621473703,100.0
1430,1,13.145467564494506,13.145467564494506,100.0
1430,2,51.77253622076846,51.77253622076846,100.0
1440,0,48.3157594200043,48.3157594200043,100.0
1440,1,14.618868052301979,14.618868052301979,100.0
1440,2,37.06537252769371,37.06537252769371,100.0
1450,0,19.01779754482785,19.01779754482785,100.0
1450,1,52.95812069729272,52.95812069729272,100.0
1450,2,28.024081757879433,28.024081757879433,100.0
1460,0,56.40363921679536,56.40363921679536,100.0
1460,1,23.403675262178307,23.403675262178307,100.0
1460,2,20.192685521026334,20.192685521026334,100.0
1470,0,12.249069881110008,12.249069881110008,100.0
1470,1,11.92701238679173,11.92701238679173,100.0
1470,2,75.82391773209825,75.82391773209825,100.0
1480,0,14.234633410037365,14.234633410037365,100.0
1480,1,37.525889064348696,37.525889064348696,100.0
1480,2,48.23947752561394,48.23947752561394,100.0
1490,0,12.78991470843798,12.78991470843798,100.0
1490,1,25.600619633582962,25.600619633582962,100.0
1490,2,61.60946565797906,61.60946565797906,100.0
1500,0,32.98100838109074,32.98100838109074,100.0
1500,1,33.62302613046673,33.62302613046673,100.0
1500,2,33.395965488442535,33.395965488442535,100.0
1510,0,19.88398789267407,19.88398789267407,100.0
1510,1,44.6278722110312,44.6278722110312,100.0
1510,2,35.488139896294726,35.488139896294726,100.0
1520,0,24.697953490563638,24.697953490563638,100.0
1520,1,41.82292034796336,41.82292034796336,100.0
1520,2,33.47912616147301,33.47912616147301,100.0
1530,0,45.24922954001914,45.24922954001914,100.0
1530,1,17.495210752507273,17.495210752507273,100.0
1530,2,37.25555970747359,37.25555970747359,100.0
1540,0,26.139749183214857,26.139749183214857,100.0
1540,1,36.78467920625079,36.78467920625079,100.0
1540,2,37.07557161053436,37.07557161053436,100.0
1550,0,36.02393606458092,36.02393606458092,100.0
1550,1,18.07972441467392,18.07972441467392,100.0
1550,2,45.89633952074516,45.89633952074516,100.0
1560,0,53.619124824187146,53.619124824187146,100.0
1560,1,27.448057486410583,27.448057486410583,100.0
1560,2,18.93281768940226,18.93281768940226,100.0
1570,0,36.259151096219874,36.259151096219874,100.0
1570,1,34.003483007076085,34.003483007076085,100.0
1570,2,29.737365896704045,29.737365896704045,100.0
1580,0,57.298881499509015,57.298881499509015,100.0
1580,1,14.610300352992928,14.610300352992928,100.0
1580,2,28.090818147498048,28.090818147498048,100.0
1590,0,13.759199615411829,13.759199615411829,100.0
1590,1,65.1170156009916,65.1170156009916,100.0
1590,2,21.123784783596562,21.123784783596562,100.0
1600,0,46.73770029129683,46.73770029129683,100.0
1600,1,8.08013769486626,8.08013769486626,100.0
1600,2,45.18216201383691,45.18216201383691,100.0
1610,0,10.453804372284017,10.453804372284017,100.0
1610,1,39.77964185051948,39.77964185051948,100.0
1610,2,49.76655377719651,49.76655377719651,100.0
1620,0,45.4246513427601,45.4246513427601,100.0
1620,1,39.20414788316437,39.20414788316437,100.0
1620,2,15.371200774075536,15.371200774075536,100.0
1630,0,32.10849323600548,32.10849323600548,100.0
1630,1,37.56500642986574,37.56500642986574,100.0
1630,2,30.326500334128788,30.326500334128788,100.0
1640,0,15.442934891284601,15.442934891284601,100.0
1640,1,67.94589462675363,67.94589462675363,100.0
1640,2,16.611170481961782,16.611170481961782,100.0
1650,0,18.789158374402863,18.789158374402863,100.0
1650,1,55.49949065265067,55.49949065265067,100.0
1650,2,25.711350972946466,25.711350972946466,100.0
1660,0,48.58035173131982,48.58035173131982,100.0
1660,1,39.639616797039025,39.639616797039025,100.0
1660,2,11.780031471641154,11.780031471641154,100.0
1670,0,14.501301640141506,14.501301640141506,100.0
1670,1,12.21377193408759,12.21377193408759,100.0
1670,2,73.28492642577092,73.28492642577092,100.0
1680,0,30.193426828017344,30.193426828017344,100.0
1680,1,46.39951707389534,46.39951707389534,100.0
1680,2,23.40705609808731,23.40705609808731,100.0
1690,0,12.76460142654362,12.76460142654362,100.0
1690,1,42.84811424717102,42.84811424717102,100.0
1690,2,44.387284326285375,44.387284326285375,100.0
1700,0,26.750441648411527,26.750441648411527,100.0
1700,1,17.070826884672584,17.070826884672584,100.0
1700,2,56.178731466915885,56.178731466915885,100.0
1710,0,27.09053645272949,27.09053645272949,100.0
1710,1,38.16855530322921,38.16855530322921,100.0
1710,2,34.74090824404129,34.74090824404129,100.0
1720,0,10.209626029008827,10.209626029008827,100.0
1720,1,33.937159605114786,33.937159605114786,100.0
1720,2,55.85321436587639,55.85321436587639,100.0
1730,0,32.252734875508516,32.252734875508516,100.0
1730,1,31.40369968494547,31.40369968494547,100.0
1730,2,36.34356543954601,36.34356543954601,100.0
1740,0,13.445355990947776,13.445355990947776,100.0
1740,1,46.635763760315044,46.635763760315044,100.0
1740,2,39.918880248737175,39.918880248737175,100.0
1750,0,42.4101205111955,42.4101205111955,100.0
1750,1,23.76552634571822,23.76552634571822,100.0
1750,2,33.82435314308629,33.82435314308629,100.0
1760,0,12.020584506907621,12.020584506907621,100.0
1760,1,69.58577046070698,69.58577046070698,100.0
1760,2,18.39364503238541,18.39364503238541,100.0
1770,0,10.931237692519167,10.931237692519167,100.0
1770,1,17.000399387155994,17.000399387155994,100.0
1770,2,72.06836292032483,72.06836292032483,100.0
1780,0,62.52612497036824,62.52612497036824,100.0
1780,1,23.511028541911962,23.511028541911962,100.0
1780,2,13.96284648771981,13.96284648771981,100.0
1790,0,21.004142497617195,21.004142497617195,100.0
1790,1,33.05082805498723,33.05082805498723,100.0
1790,2,45.94502944739558,45.94502944739558,100.0
1800,0,49.00886457559997,49.00886457559997,100.0
1800,1,26.15830087878961,26.15830087878961,100.0
1800,2,24.832834545610417,24.832834545610417,100.0
1810,0,10.597018182813306,10.597018182813306,100.0
1810,1,42.60628401547905,42.60628401547905,100.0
1810,2,46.79669780170764,46.79669780170764,100.0
1820,0,17.022846855980816,17.022846855980816,100.0
1820,1,17.212597475747536,17.212597475747536,100.0
1820,2,65.76455566827165,65.76455566827165,100.0
1830,0,34.82294086387798,34.82294086387798,100.0
1830,1,38.288495042820834,38.288495042820834,100.0
1830,2,26.88856409330119,26.88856409330119,100.0
1840,0,25.233233561036016,25.233233561036016,100.0
1840,1,37.718405582688455,37.718405582688455,100.0
1840,2,37.048360856275536,37.048360856275536,100.0
1850,0,20.223066449326367,20.223066449326367,100.0
1850,1,58.76753181448785,58.76753181448785,100.0
1850,2,21.00940173618579,21.00940173618579,100.0
1860,0,22.184970358875947,22.184970358875947,100.0
1860,1,42.4324410597445,42.4324410597445,100.0
1860,2,35.382588581379565,35.382588581379565,100.0
1870,0,28.355685515966027,28.355685515966027,100.0
1870,1,35.29887251970492,35.29887251970492,100.0
1870,2,36.34544196432905,36.34544196432905,100.0
1880,0,42.26374645360758,42.26374645360758,100.0
1880,1,42.887628442364765,42.887628442364765,100.0
1880,2,14.848625104027652,14.848625104027652,100.0
1890,0,42.309662396036906,42.309662396036906,100.0
1890,1,31.09260393173441,31.09260393173441,100.0
1890,2,26.597733672228696,26.597733672228696,100.0
1900,0,56.34368641174506,56.34368641174506,100.0
1900,1,21.361312206371146,21.361312206371146,100.0
1900,2,22.295001381883793,22.295001381883793,100.0
1910,0,34.24707712488794,34.24707712488794,100.0
1910,1,34.24394185485626,34.24394185485626,100.0
1910,2,31.5089810202558,31.5089810202558,100.0
1920,0,10.186161573533141,10.186161573533141,100.0
1920,1,62.643482529044704,62.643482529044704,100.0
1920,2,27.170355897422155,27.170355897422155,100.0
1930,0,12.257199896518184,12.257199896518184,100.0
1930,1,63.040122690037634,63.040122690037634,100.0
1930,2,24.702677413444192,24.702677413444192,100.0
1940,0,26.6404209030976,26.6404209030976,100.0
1940,1,58.821089245539696,58.821089245539696,100.0
1940,2,14.538489851362717,14.538489851362717,100.0
1950,0,38.6451403630261,38.6451403630261,100.0
1950,1,40.76670589206673,40.76670589206673,100.0
1950,2,20.588153744907164,20.588153744907164,100.0
1960,0,22.922701863428156,22.922701863428156,100.0
1960,1,53.46421434937986,53.46421434937986,100.0
1960,2,23.613083787192004,23.613083787192004,100.0
1970,0,16.75732932807863,16.75732932807863,100.0
1970,1,21.58382016584099,21.58382016584099,100.0
1970,2,61.658850506080384,61.658850506080384,100.0
1980,0,29.287369667149015,29.287369667149015,100.0
1980,1,20.516374331385208,20.516374331385208,100.0
1980,2,50.19625600146579,50.19625600146579,100.0
1990,0,43.565823584034256,43.565823584034256,100.0
1990,1,29.862385610419935,29.862385610419935,100.0
1990,2,26.57179080554582,26.57179080554582,100.0
2000,0,23.628958744274964,23.628958744274964,100.0
2000,1,34.638691093668214,34.638691093668214,100.0
2000,2,41.732350162056825,41.732350162056825,100.0
2010,0,38.08393330734017,38.08393330734017,100.0
2010,1,15.661818263747568,15.661818263747568,100.0
2010,2,46.25424842891227,46.25424842891227,100.0
2020,0,55.702247520382464,55.702247520382464,100.0
2020,1,29.744182679773797,29.744182679773797,100.0
2020,2,14.553569799843741,14.553569799843741,100.0
2030,0,31.713759110523053,31.713759110523053,100.0
2030,1,14.945663028603665,14.945663028603665,100.0
2030,2,53.34057786087328,53.34057786087328,100.0
2040,0,73.44043155064497,73.44043155064497,100.0
2040,1,12.41340947739642,12.41340947739642,100.0
2040,2,14.1461589719586,14.1461589719586,100.0
2050,0,18.859602618583125,18.859602618583125,100.0
2050,1,24.60612479735432,24.60612479735432,100.0
2050,2,56.53427258406255,56.53427258406255,100.0
2060,0,44.120928909838284,44.120928909838284,100.0
2060,1,23.141100325999492,23.141100325999492,100.0
2060,2,32.737970764162235,32.737970764162235,100.0
2070,0,14.197089198534632,14.197089198534632,100.0
2070,1,17.420808204088868,17.420808204088868,100.0
2070,2,68.3821025973765,68.3821025973765,100.0
2080,0,34.16248774635844,34.16248774635844,100.0
2080,1,28.21798460681207,28.21798460681207,100.0
2080,2,37.61952764682949,37.61952764682949,100.0
2090,0,56.832060025231655,56.832060025231655,100.0
2090,1,21.835593310329706,21.835593310329706,100.0
2090,2,21.332346664438646,21.332346664438646,100.0
2100,0,29.924127349722003,29.924127349722003,100.0
2100,1,44.337812816050196,44.337812816050196,100.0
2100,2,25.7380598342278,25.7380598342278,100.0
2110,0,18.336443183412854,18.336443183412854,100.0
2110,1,53.47090152293037,53.47090152293037,100.0
2110,2,28.19265529365677,28.19265529365677,100.0
2120,0,34.79724278319246,34.79724278319246,100.0
2120,1,43.37913201380101,43.37913201380101,100.0
2120,2,21.823625203006532,21.823625203006532,100.0
2130,0,16.479453966756715,16.479453966756715,100.0
2130,1,59.27511566622228,59.27511566622228,100.0
2130,2,24.24543036702102,24.24543036702102,100.0
2140,0,44.75266340278861,44.75266340278861,100.0
2140,1,22.76516322965557,22.76516322965557,100.0
2140,2,32.48217336755582,32.48217336755582,100.0
2150,0,25.971294646016908,25.971294646016908,100.0
2150,1,19.396253257931498,19.396253257931498,100.0
2150,2,54.6324520960516,54.6324520960516,100.0
2160,0,16.050893310239285,16.050893310239285,100.0
2160,1,53.832131097518776,53.832131097518776,100.0
2160,2,30.11697559224194,30.11697559224194,100.0
2170,0,40.68268629325528,40.68268629325528,100.0
2170,1,11.431298074282132,11.431298074282132,100.0
2170,2,47.886015632462595,47.886015632462595,100.0
2180,0,11.625181454569727,11.625181454569727,100.0
2180,1,44.917383099796794,44.917383099796794,100.0
2180,2,43.45743544563347,43.45743544563347,100.0
2190,0,26.037472786009364,26.037472786009364,100.0
2190,1,28.85630599049296,28.85630599049296,100.0
2190,2,45.10622122349767,45.10622122349767,100.0
2200,0,46.63349385994931,46.63349385994931,100.0
2200,1,34.544277085738884,34.544277085738884,100.0
2200,2,18.822229054311816,18.822229054311816,100.0
2210,0,23.414912503860393,23.414912503860393,100.0
2210,1,52.73797267499789,52.73797267499789,100.0
2210,2,23.847114821141723,23.847114821141723,100.0
2220,0,51.130055419491505,51.130055419491505,100.0
2220,1,29.000453162571972,29.000453162571972,100.0
2220,2,19.86949141793652,19.86949141793652,100.0
2230,0,22.473793417841055,22.473793417841055,100.0
2230,1,18.99947303416487,18.99947303416487,100.0
2230,2,58.52673354799407,58.52673354799407,100.0
2240,0,31.031206961839686,31.031206961839686,100.0
2240,1,54.770559433983045,54.770559433983045,100.0
2240,2,14.198233604177279,14.198233604177279,100.0
2250,0,69.01869827641455,69.01869827641455,100.0
2250,1,14.750973904621322,14.750973904621322,100.0
2250,2,16.23032781896413,16.23032781896413,100.0
2260,0,50.105466405570844,50.105466405570844,100.0
2260,1,39.57004228054572,39.57004228054572,100.0
2260,2,10.32449131388344,10.32449131388344,100.0
2270,0,31.002680732203817,31.002680732203817,100.0
2270,1,17.97676497160887,17.97676497160887,100.0
2270,2,51.02055429618731,51.02055429618731,100.0
2280,0,29.35914520320132,29.35914520320132,100.0
2280,1,60.01244744406357,60.01244744406357,100.0
2280,2,10.628407352735106,10.628407352735106,100.0
2290,0,16.722731440162242,16.722731440162242,100.0
2290,1,53.658236241119816,53.658236241119816,100.0
2290,2,29.61903231871795,29.61903231871795,100.0
2300,0,39.22746304658497,39.22746304658497,100.0
2300,1,20.718005399180804,20.718005399180804,100.0
2300,2,40.05453155423424,40.05453155423424,100.0
2310,0,9.548376508040668,9.548376508040668,100.0
2310,1,41.98752364108535,41.98752364108535,100.0
2310,2,48.46409985087398,48.46409985087398,100.0
2320,0,34.370240272655096,34.370240272655096,100.0
2320,1,16.94756941917201,16.94756941917201,100.0
2320,2,48.68219030817289,48.68219030817289,100.0
2330,0,8.723335594705366,8.723335594705366,100.0
2330,1,40.251776520755364,40.251776520755364,100.0
2330,2,51.02488788453927,51.02488788453927,100.0
2340,0,25.243842809255902,25.243842809255902,100.0
2340,1,21.2276416434618,21.2276416434618,100.0
2340,2,53.528515547282296,53.528515547282296,100.0
2350,0,23.46986452418147,23.46986452418147,100.0
2350,1,14.81335114524377,14.81335114524377,100.0
2350,2,61.71678433057476,61.71678433057476,100.0
2360,0,19.20441762611554,19.20441762611554,100.0
2360,1,59.09793723693879,59.09793723693879,100.0
2360,2,21.697645136945678,21.697645136945678,100.0
2370,0,33.39222786890812,33.39222786890812,100.0
2370,1,24.25430179415607,24.25430179415607,100.0
2370,2,42.3534703369358,42.3534703369358,100.0
2380,0,21.236273045770076,21.236273045770076,100.0
2380,1,40.784176885459814,40.784176885459814,100.0
2380,2,37.97955006877011,37.97955006877011,100.0
2390,0,32.8311353664643,32.8311353664643,100.0
2390,1,18.279931789341354,18.279931789341354,100.0
2390,2,48.88893284419435,48.88893284419435,100.0
2400,0,13.55633613729799,13.55633613729799,100.0
2400,1,34.272133909104035,34.272133909104035,100.0
2400,2,52.17152995359798,52.17152995359798,100.0
2410,0,29.547744736602944,29.547744736602944,100.0
2410,1,17.65116363549735,17.65116363549735,100.0
2410,2,52.8010916278997,52.8010916278997,100.0
2420,0,40.96531199803234,40.96531199803234,100.0
2420,1,28.29479462110744,28.29479462110744,100.0
2420,2,30.739893380860217,30.739893380860217,100.0
2430,0,64.29752549944004,64.29752549944004,100.0
2430,1,10.374010089678317,10.374010089678317,100.0
2430,2,25.32846441088164,25.32846441088164,100.0
2440,0,13.611957860761015,13.611957860761015,100.0
2440,1,68.79616372629576,68.79616372629576,100.0
2440,2,17.591878412943238,17.591878412943238,100.0
2450,0,32.15806313899153,32.15806313899153,100.0
2450,1,48.56067317960158,48.56067317960158,100.0
2450,2,19.281263681406895,19.281263681406895,100.0
2460,0,48.26170744237395,48.26170744237395,100.0
2460,1,28.57906733347093,28.57906733347093,100.0
2460,2,23.15922522415512,23.15922522415512,100.0
2470,0,50.56310437406096,50.56310437406096,100.0
2470,1,21.338838966990203,21.338838966990203,100.0
2470,2,28.09805665894884,28.09805665894884,100.0
2480,0,9.370037655389496,9.370037655389496,100.0
2480,1,46.87230024381777,46.87230024381777,100.0
2480,2,43.75766210079272,43.75766210079272,100.0
2490,0,36.53003714270163,36.53003714270163,100.0
2490,1,28.436440289338826,28.436440289338826,100.0
2490,2,35.03352256795955,35.03352256795955,100.0
2500,0,18.695802033875193,18.695802033875193,100.0
2500,1,53.530751356615106,53.530751356615106,100.0
2500,2,27.773446609509712,27.773446609509712,100.0
2510,0,15.222532319643504,15.222532319643504,100.0
2510,1,67.81416353662625,67.81416353662625,100.0
2510,2,16.96330414373026,16.96330414373026,100.0
2520,0,48.33624775559974,48.33624775559974,100.0
2520,1,14.842678606947358,14.842678606947358,100.0
2520,2,36.821073637452905,36.821073637452905,100.0
2530,0,30.217029667671092,30.217029667671092,100.0
2530,1,33.47784769606163,33.47784769606163,100.0
2530,2,36.30512263626728,36.30512263626728,100.0
2540,0,66.04020881970317,66.04020881970317,100.0
2540,1,15.228849948584788,15.228849948584788,100.0
2540,2,18.730941231712038,18.730941231712038,100.0
2550,0,18.776642654261504,18.776642654261504,100.0
2550,1,24.906925579308453,24.906925579308453,100.0
2550,2,56.31643176643004,56.31643176643004,100.0
2560,0,64.49176720334499,64.49176720334499,100.0
2560,1,23.589071944883727,23.589071944883727,100.0
2560,2,11.91916085177128,11.91916085177128,100.0
2570,0,31.27140433776369,31.27140433776369,100.0
2570,1,10.176682001673738,10.176682001673738,100.0
2570,2,58.55191366056257,58.55191366056257,100.0
2580,0,47.90433102902223,47.90433102902223,100.0
2580,1,14.04964007251863,14.04964007251863,100.0
2580,2,38.04602889845914,38.04602889845914,100.0
2590,0,34.87157090196759,34.87157090196759,100.0
2590,1,22.937238368059308,22.937238368059308,100.0
2590,2,42.1911907299731,42.1911907299731,100.0
2600,0,27.28149016964851,27.28149016964851,100.0
2600,1,35.95807191202889,35.95807191202889,100.0
2600,2,36.760437918322594,36.760437918322594,100.0
2610,0,9.57434271672696,9.57434271672696,100.0
2610,1,39.19045409758285,39.19045409758285,100.0
2610,2,51.235203185690196,51.235203185690196,100.0
2620,0,22.460386428382055,22.460386428382055,100.0
2620,1,28.22133839011664,28.22133839011664,100.0
2620,2,49.318275181501306,49.318275181501306,100.0
2630,0,37.36418145653854,37.36418145653854,100.0
2630,1,40.945365183090516,40.945365183090516,100.0
2630,2,21.690453360370956,21.690453360370956,100.0
2640,0,24.026189522549142,24.026189522549142,100.0
2640,1,40.288119653014064,40.288119653014064,100.0
2640,2,35.68569082443681,35.68569082443681,100.0
2650,0,16.423743110748024,16.423743110748024,100.0
2650,1,20.45329819089055,20.45329819089055,100.0
2650,2,63.12295869836143,63.12295869836143,100.0
2660,0,26.608290842372302,26.608290842372302,100.0
2660,1,15.639748830838709,15.639748830838709,100.0
2660,2,57.75196032678899,57.75196032678899,100.0
2670,0,52.16956467247981,52.16956467247981,100.0
2670,1,20.89408108612757,20.89408108612757,100.0
2670,2,26.936354241392614,26.936354241392614,100.0
2680,0,17.446132137870748,17.446132137870748,100.0
2680,1,44.333357858978125,44.333357858978125,100.0
2680,2,38.220510003151134,38.220510003151134,100.0
2690,0,27.081290805220902,27.081290805220902,100.0
2690,1,32.832505461590216,32.832505461590216,100.0
2690,2,40.08620373318889,40.08620373318889,100.0
2700,0,28.853195863632227,28.853195863632227,100.0
2700,1,49.94862784724753,49.94862784724753,100.0
2700,2,21.198176289120255,21.198176289120255,100.0
2710,0,41.35053654520796,41.35053654520796,100.0
2710,1,13.23465639774086,13.23465639774086,100.0
2710,2,45.414807057051185,45.414807057051185,100.0
2720,0,54.44685480905322,54.44685480905322,100.0
2720,1,19.33818607949011,19.33818607949011,100.0
2720,2,26.214959111456665,26.214959111456665,100.0
2730,0,39.805894061382254,39.805894061382254,100.0
2730,1,50.54997467286697,50.54997467286697,100.0
2730,2,9.64413126575076,9.64413126575076,100.0
2740,0,23.180157392917458,23.180157392917458,100.0
2740,1,49.43047345826875,49.43047345826875,100.0
2740,2,27.389369148813792,27.389369148813792,100.0
2750,0,52.00220639011217,52.00220639011217,100.0
2750,1,35.868229679306864,35.868229679306864,100.0
2750,2,12.129563930580964,12.129563930580964,100.0
2760,0,18.32140841377855,18.32140841377855,100.0
2760,1,67.00753291564729,67.00753291564729,100.0
2760,2,14.671058670574164,14.671058670574164,100.0
2770,0,44.29041947768457,44.29041947768457,100.0
2770,1,31.193523109929703,31.193523109929703,100.0
2770,2,24.516057412385734,24.516057412385734,100.0
2780,0,53.675707966523234,53.675707966523234,100.0
2780,1,22.06033992957411,22.06033992957411,100.0
2780,2,24.26395210390266,24.26395210390266,100.0
2790,0,60.7351502616025,60.7351502616025,100.0
2790,1,17.76869250842307,17.76869250842307,100.0
2790,2,21.49615722997443,21.49615722997443,100.0
2800,0,19.800154460920144,19.800154460920144,100.0
2800,1,50.06810649230494,50.06810649230494,100.0
2800,2,30.131739046774918,30.131739046774918,100.0
2810,0,17.089661970819,17.089661970819,100.0
2810,1,17.650914602605226,17.650914602605226,100.0
2810,2,65.25942342657576,65.25942342657576,100.0
2820,0,19.097084890753177,19.097084890753177,100.0
2820,1,48.03527362380671,48.03527362380671,100.0
2820,2,32.86764148544012,32.86764148544012,100.0
2830,0,46.182126933403815,46.182126933403815,100.0
2830,1,19.936935791470134,19.936935791470134,100.0
2830,2,33.880937275126044,33.880937275126044,100.0
2840,0,41.90179206427715,41.90179206427715,100.0
2840,1,19.420933658208376,19.420933658208376,100.0
2840,2,38.67727427751447,38.67727427751447,100.0
2850,0,21.653489793487342,21.653489793487342,100.0
2850,1,45.534712617687575,45.534712617687575,100.0
2850,2,32.81179758882507,32.81179758882507,100.0
2860,0,12.716802430346794,12.716802430346794,100.0
2860,1,21.10992551946957,21.10992551946957,100.0
2860,2,66.17327205018363,66.17327205018363,100.0
2870,0,42.654159284878986,42.654159284878986,100.0
2870,1,33.63054242021067,33.63054242021067,100.0
2870,2,23.715298294910347,23.715298294910347,100.0
2880,0,16.275334702303308,16.275334702303308,100.0
2880,1,59.14190573796202,59.14190573796202,100.0
2880,2,24.58275955973468,24.58275955973468,100.0
2890,0,55.307119955863016,55.307119955863016,100.0
2890,1,18.88941458645314,18.88941458645314,100.0
2890,2,25.80346545768383,25.80346545768383,100.0
2900,0,28.49564956356388,28.49564956356388,100.0
2900,1,30.403178571779364,30.403178571779364,100.0
2900,2,41.10117186465676,41.10117186465676,100.0
2910,0,47.101434094085405,47.101434094085405,100.0
2910,1,26.063465071471942,26.063465071471942,100.0
2910,2,26.835100834442656,26.835100834442656,100.0
2920,0,20.220569872735734,20.220569872735734,100.0
2920,1,68.37146091301203,68.37146091301203,100.0
2920,2,11.407969214252242,11.407969214252242,100.0
2930,0,48.849695028065135,48.849695028065135,100.0
2930,1,26.16646944554539,26.16646944554539,100.0
2930,2,24.983835526389477,24.983835526389477,100.0
2940,0,30.2453988700845,30.2453988700845,100.0
2940,1,16.84197583482773,16.84197583482773,100.0
2940,2,52.91262529508778,52.91262529508778,100.0
2950,0,46.20050675755649,46.20050675755649,100.0
2950,1,29.803684973297155,29.803684973297155,100.0
2950,2,23.995808269146362,23.995808269146362,100.0
2960,0,37.74487014137491,37.74487014137491,100.0
2960,1,53.63272762074563,53.63272762074563,100.0
2960,2,8.62240223787948,8.62240223787948,100.0
2970,0,23.759891417765534,23.759891417765534,100.0
2970,1,51.28162855628647,51.28162855628647,100.0
2970,2,24.958480025948,24.958480025948,100.0
2980,0,30.070401396398573,30.070401396398573,100.0
2980,1,58.46498417799582,58.46498417799582,100.0
2980,2,11.464614425605609,11.464614425605609,100.0
2990,0,15.678264045098464,15.678264045098464,100.0
2990,1,21.742215142785025,21.742215142785025,100.0
2990,2,62.57952081211652,62.57952081211652,100.0
3000,0,14.73347380009069,14.73347380009069,100.0
3000,1,42.02278184826064,42.02278184826064,100.0
3000,2,43.243744351648665,43.243744351648665,100.0
3010,0,54.7216118692043,54.7216118692043,100.0
3010,1,28.278355760242928,28.278355760242928,100.0
3010,2,17.000032370552766,17.000032370552766,100.0
3020,0,22.799749984014138,22.799749984014138,100.0
3020,1,47.390274193070994,47.390274193070994,100.0
3020,2,29.809975822914865,29.809975822914865,100.0
3030,0,58.79094632168431,58.79094632168431,100.0
3030,1,15.003764770024599,15.003764770024599,100.0
3030,2,26.205288908291084,26.205288908291084,100.0
3040,0,71.56577385530937,71.56577385530937,100.0
3040,1,14.353364154804616,14.353364154804616,100.0
3040,2,14.080861989886007,14.080861989886007,100.0
3050,0,22.871529940111447,22.871529940111447,100.0
3050,1,60.93824316603591,60.93824316603591,100.0
3050,2,16.190226893852646,16.190226893852646,100.0
3060,0,43.459809837067105,43.459809837067105,100.0
3060,1,32.49420633408359,32.49420633408359,100.0
3060,2,24.045983828849305,24.045983828849305,100.0
3070,0,60.5107281487324,60.5107281487324,100.0
3070,1,22.21886769133092,22.21886769133092,100.0
3070,2,17.270404159936692,17.270404159936692,100.0
3080,0,44.10326636163804,44.10326636163804,100.0
3080,1,45.970087069485515,45.970087069485515,100.0
3080,2,9.926646568876441,9.926646568876441,100.0
3090,0,34.329570440914054,34.329570440914054,100.0
3090,1,30.936209050077114,30.936209050077114,100.0
3090,2,34.73422050900884,34.73422050900884,100.0
3100,0,28.48151925145762,28.48151925145762,100.0
3100,1,57.7204280806516,57.7204280806516,100.0
3100,2,13.798052667890778,13.798052667890778,100.0
3110,0,14.689302824698888,14.689302824698888,100.0
3110,1,65.29710706525982,65.29710706525982,100.0
3110,2,20.013590110041303,20.013590110041303,100.0
3120,0,45.18303451517581,45.18303451517581,100.0
3120,1,42.06078159683291,42.06078159683291,100.0
3120,2,12.756183887991279,12.756183887991279,100.0
3130,0,43.29917382991009,43.29917382991009,100.0
3130,1,32.38836072480715,32.38836072480715,100.0
3130,2,24.312465445282765,24.312465445282765,100.0
3140,0,20.757753861085263,20.757753861085263,100.0
3140,1,17.464887486345965,17.464887486345965,100.0
3140,2,61.77735865256878,61.77735865256878,100.0
3150,0,39.45942181418658,39.45942181418658,100.0
3150,1,34.11126787883033,34.11126787883033,100.0
3150,2,26.42931030698309,26.42931030698309,100.0
3160,0,16.43725143012159,16.43725143012159,100.0
3160,1,51.23747694495805,51.23747694495805,100.0
3160,2,32.32527162492036,32.32527162492036,100.0
3170,0,43.97425859288506,43.97425859288506,100.0
3170,1,19.085843474203667,19.085843474203667,100.0
3170,2,36.93989793291128,36.93989793291128,100.0
3180,0,9.904130527941152,9.904130527941152,100.0
3180,1,60.05456348842073,60.05456348842073,100.0
3180,2,30.04130598363812,30.04130598363812,100.0
3190,0,10.324172366099663,10.324172366099663,100.0
3190,1,52.75567886872968,52.75567886872968,100.0
3190,2,36.92014876517066,36.92014876517066,100.0
3200,0,20.717617953493114,20.717617953493114,100.0
3200,1,40.27311064053829,40.27311064053829,100.0
3200,2,39.0092714059686,39.0092714059686,100.0
3210,0,46.010325112552245,46.010325112552245,100.0
3210,1,7.97306369806144,7.97306369806144,100.0
3210,2,46.01661118938632,46.01661118938632,100.0
3220,0,42.50751187968544,42.50751187968544,100.0
3220,1,7.596390332133575,7.596390332133575,100.0
3220,2,49.89609778818098,49.89609778818098,100.0
3230,0,31.364035802151175,31.364035802151175,100.0
3230,1,30.484899047006024,30.484899047006024,100.0
3230,2,38.15106515084281,38.15106515084281,100.0
3240,0,24.903871723966144,24.903871723966144,100.0
3240,1,43.27609312237708,43.27609312237708,100.0
3240,2,31.82003515365677,31.82003515365677,100.0
3250,0,50.227512285431565,50.227512285431565,100.0
3250,1,26.55207499284309,26.55207499284309,100.0
3250,2,23.220412721725346,23.220412721725346,100.0
3260,0,43.66699030465262,43.66699030465262,100.0
3260,1,44.80153939288353,44.80153939288353,100.0
3260,2,11.531470302463855,11.531470302463855,100.0
3270,0,24.75919597889727,24.75919597889727,100.0
3270,1,51.55531300181425,51.55531300181425,100.0
3270,2,23.685491019288484,23.685491019288484,100.0
3280,0,16.672921340316137,16.672921340316137,100.0
3280,1,46.84893505109994,46.84893505109994,100.0
3280,2,36.47814360858392,36.47814360858392,100.0
3290,0,44.66706658802497,44.66706658802497,100.0
3290,1,40.16375688553697,40.16375688553697,100.0
3290,2,15.169176526438049,15.169176526438049,100.0
3300,0,16.916061347437157,16.916061347437157,100.0
3300,1,52.40774604336115,52.40774604336115,100.0
3300,2,30.676192609201696,30.676192609201696,100.0
3310,0,31.478845441765245,31.478845441765245,100.0
3310,1,11.822562995495764,11.822562995495764,100.0
3310,2,56.698591562739,56.698591562739,100.0
3320,0,58.85949890587489,58.85949890587489,100.0
3320,1,23.21760599140264,23.21760599140264,100.0
3320,2,17.922895102722478,17.922895102722478,100.0
3330,0,30.59568377340626,30.59568377340626,100.0
3330,1,42.79058827045198,42.79058827045198,100.0
3330,2,26.61372795614176,26.61372795614176,100.0
3340,0,16.664547631578866,16.664547631578866,100.0
3340,1,42.129830539688236,42.129830539688236,100.0
3340,2,41.205621828732895,41.205621828732895,100.0
3350,0,41.143756704714576,41.143756704714576,100.0
3350,1,28.522270847892006,28.522270847892006,100.0
3350,2,30.333972447393425,30.333972447393425,100.0
3360,0,16.84683223788303,16.84683223788303,100.0
3360,1,59.71139347924864,59.71139347924864,100.0
3360,2,23.441774282868323,23.441774282868323,100.0
3370,0,44.38306427763281,44.38306427763281,100.0
3370,1,42.72901423886946,42.72901423886946,100.0
3370,2,12.887921483497728,12.887921483497728,100.0
3380,0,35.719560565146686,35.719560565146686,100.0
3380,1,30.44847494512609,30.44847494512609,100.0
3380,2,33.83196448972722,33.83196448972722,100.0
3390,0,26.64004574381824,26.64004574381824,100.0
3390,1,18.39752017533549,18.39752017533549,100.0
3390,2,54.962434080846265,54.962434080846265,100.0
3400,0,23.937252499599158,23.937252499599158,100.0
3400,1,38.97972883778427,38.97972883778427,100.0
3400,2,37.083018662616574,37.083018662616574,100.0
3410,0,20.234824199099453,20.234824199099453,100.0
3410,1,22.822408325894834,22.822408325894834,100.0
3410,2,56.94276747500572,56.94276747500572,100.0
3420,0,43.35180383233626,43.35180383233626,100.0
3420,1,23.41670227493934,23.41670227493934,100.0
3420,2,33.23149389272441,33.23149389272441,100.0
3430,0,19.799570325681266,19.799570325681266,100.0
3430,1,57.58458177468921,57.58458177468921,100.0
3430,2,22.615847899629518,22.615847899629518,100.0
3440,0,24.444082825722198,24.444082825722198,100.0
3440,1,31.203934986163723,31.203934986163723,100.0
3440,2,44.351982188114086,44.351982188114086,100.0
3450,0,27.19386739240055,27.19386739240055,100.0
3450,1,38.56232316680526,38.56232316680526,100.0
3450,2,34.243809440794195,34.243809440794195,100.0
3460,0,64.93924634217377,64.93924634217377,100.0
3460,1,22.925402216565818,22.925402216565818,100.0
3460,2,12.135351441260411,12.135351441260411,100.0
3470,0,38.57863644900233,38.57863644900233,100.0
3470,1,43.33824109395713,43.33824109395713,100.0
3470,2,18.083122457040538,18.083122457040538,100.0
3480,0,49.018082688232475,49.018082688232475,100.0
3480,1,29.41504262320426,29.41504262320426,100.0
3480,2,21.566874688563274,21.566874688563274,100.0
3490,0,45.33072057902416,45.33072057902416,100.0
3490,1,11.622859594544714,11.622859594544714,100.0
3490,2,43.046419826431126,43.046419826431126,100.0
3500,0,29.75994297131679,29.75994297131679,100.0
3500,1,59.56529658803692,59.56529658803692,100.0
3500,2,10.674760440646294,10.674760440646294,100.0
3510,0,19.15743962214004,19.15743962214004,100.0
3510,1,67.35959931428305,67.35959931428305,100.0
3510,2,13.482961063576909,13.482961063576909,100.0
3520,0,36.19690406492243,36.19690406492243,100.0
3520,1,39.193231347443046,39.193231347443046,100.0
3520,2,24.609864587634533,24.609864587634533,100.0
3530,0,18.864151072646546,18.864151072646546,100.0
3530,1,36.16607630503491,36.16607630503491,100.0
3530,2,44.96977262231854,44.96977262231854,100.0
3540,0,47.06732381068455,47.06732381068455,100.0
3540,1,28.728361970656753,28.728361970656753,100.0
3540,2,24.204314218658705,24.204314218658705,100.0
3550,0,33.39722418691816,33.39722418691816,100.0
3550,1,37.691647100177555,37.691647100177555,100.0
3550,2,28.911128712904283,28.911128712904283,100.0
3560,0,29.93050693629069,29.93050693629069,100.0
3560,1,41.36947836489633,41.36947836489633,100.0
3560,2,28.700014698812993,28.700014698812993,100.0
3570,0,38.15939720816268,38.15939720816268,100.0
3570,1,12.06362032357539,12.06362032357539,100.0
3570,2,49.77698246826193,49.77698246826193,100.0
3580,0,47.62587846246336,47.62587846246336,100.0
3580,1,34.69079993939163,34.69079993939163,100.0
3580,2,17.683321598145003,17.683321598145003,100.0
3590,0,44.04367700276507,44.04367700276507,100.0
3590,1,25.649898862166808,25.649898862166808,100.0
3590,2,30.30642413506812,30.30642413506812,100.0
3600,0,29.556429326043265,29.556429326043265,100.0
3600,1,33.05641693536398,33.05641693536398,100.0
3600,2,37.38715373859275,37.38715373859275,100.0
3610,0,37.50440484212836,37.50440484212836,100.0
3610,1,25.710498543466997,25.710498543466997,100.0
3610,2,36.78509661440465,36.78509661440465,100.0
3620,0,20.50857733420805,20.50857733420805,100.0
3620,1,61.93996231762697,61.93996231762697,100.0
3620,2,17.55146034816498,17.55146034816498,100.0
3630,0,28.76490272420609,28.76490272420609,100.0
3630,1,48.93214921421184,48.93214921421184,100.0
3630,2,22.30294806158207,22.30294806158207,100.0
3640,0,40.12312888268669,40.12312888268669,100.0
3640,1,39.11129987830655,39.11129987830655,100.0
3640,2,20.765571239006764,20.765571239006764,100.0
3650,0,15.193745762959823,15.193745762959823,100.0
3650,1,72.32074202232457,72.32074202232457,100.0
3650,2,12.48551221471561,12.48551221471561,100.0
3660,0,57.83259664292093,57.83259664292093,100.0
3660,1,25.804591521934466,25.804591521934466,100.0
3660,2,16.3628118351446,16.3628118351446,100.0
3670,0,34.456727398929814,34.456727398929814,100.0
3670,1,10.46088416467711,10.46088416467711,100.0
3670,2,55.08238843639308,55.08238843639308,100.0
3680,0,30.705028241441457,30.705028241441457,100.0
3680,1,21.976026169644605,21.976026169644605,100.0
3680,2,47.31894558891394,47.31894558891394,100.0
3690,0,14.975765601893269,14.975765601893269,100.0
3690,1,45.5774686005702,45.5774686005702,100.0
3690,2,39.44676579753653,39.44676579753653,100.0
3700,0,54.581372456464074,54.581372456464074,100.0
3700,1,29.524146087748164,29.524146087748164,100.0
3700,2,15.894481455787773,15.894481455787773,100.0
3710,0,11.158594420345985,11.158594420345985,100.0
3710,1,29.76530924587793,29.76530924587793,100.0
3710,2,59.076096333776086,59.076096333776086,100.0
3720,0,12.727447393665223,12.727447393665223,100.0
3720,1,30.991265201191453,30.991265201191453,100.0
3720,2,56.28128740514333,56.28128740514333,100.0
3730,0,68.66618820917793,68.66618820917793,100.0
3730,1,14.226760142553859,14.226760142553859,100.0
3730,2,17.107051648268225,17.107051648268225,100.0
3740,0,35.70065549760066,35.70065549760066,100.0
3740,1,37.20463592948047,37.20463592948047,100.0
3740,2,27.094708572918886,27.094708572918886,100.0
3750,0,29.03209836474934,29.03209836474934,100.0
3750,1,30.40329117429801,30.40329117429801,100.0
3750,2,40.56461046095266,40.56461046095266,100.0
3760,0,23.25748132438996,23.25748132438996,100.0
3760,1,57.754738018549354,57.754738018549354,100.0
3760,2,18.987780657060686,18.987780657060686,100.0
3770,0,10.789998933415553,10.789998933415553,100.0
3770,1,44.63961634740316,44.63961634740316,100.0
3770,2,44.57038471918129,44.57038471918129,100.0
3780,0,16.364660526304036,16.364660526304036,100.0
3780,1,57.46128180103274,57.46128180103274,100.0
3780,2,26.17405767266324,26.17405767266324,100.0
3790,0,14.304835353441502,14.304835353441502,100.0
3790,1,38.54578175734187,38.54578175734187,100.0
3790,2,47.14938288921664,47.14938288921664,100.0
3800,0,11.680745525515063,11.680745525515063,100.0
3800,1,45.77216718308173,45.77216718308173,100.0
3800,2,42.547087291403216,42.547087291403216,100.0
3810,0,14.219023514981602,14.219023514981602,100.0
3810,1,34.1866851931483,34.1866851931483,100.0
3810,2,51.5942912918701,51.5942912918701,100.0
3820,0,43.19988586889295,43.19988586889295,100.0
3820,1,14.500408440037283,14.500408440037283,100.0
3820,2,42.299705691069775,42.299705691069775,100.0
3830,0,14.849398855596755,14.849398855596755,100.0
3830,1,16.37993133657752,16.37993133657752,100.0
3830,2,68.77066980782573,68.77066980782573,100.0
3840,0,44.85150882334062,44.85150882334062,100.0
3840,1,31.723852146065195,31.723852146065195,100.0
3840,2,23.424639030594175,23.424639030594175,100.0
3850,0,12.72797992185736,12.72797992185736,100.0
3850,1,23.629649112089893,23.629649112089893,100.0
3850,2,63.64237096605274,63.64237096605274,100.0
3860,0,37.75370947611219,37.75370947611219,100.0
3860,1,41.236916241822605,41.236916241822605,100.0
3860,2,21.00937428206521,21.00937428206521,100.0
3870,0,31.8708526906544,31.8708526906544,100.0
3870,1,22.99590920082618,22.99590920082618,100.0
3870,2,45.13323810851942,45.13323810851942,100.0
3880,0,29.53429131019955,29.53429131019955,100.0
3880,1,37.68025795799184,37.68025795799184,100.0
3880,2,32.785450731808616,32.785450731808616,100.0
3890,0,29.471127827374676,29.471127827374676,100.0
3890,1,36.317945840185736,36.317945840185736,100.0
3890,2,34.210926332439584,34.210926332439584,100.0
3900,0,27.71084743854803,27.71084743854803,100.0
3900,1,54.343296149143285,54.343296149143285,100.0
3900,2,17.945856412308686,17.945856412308686,100.0
3910,0,41.945611060048364,41.945611060048364,100.0
3910,1,8.594300807547341,8.594300807547341,100.0
3910,2,49.46008813240429,49.46008813240429,100.0
3920,0,49.135204940633805,49.135204940633805,100.0
3920,1,13.175758783896857,13.175758783896857,100.0
3920,2,37.68903627546935,37.68903627546935,100.0
3930,0,15.336466186991515,15.336466186991515,100.0
3930,1,17.126344084560667,17.126344084560667,100.0
3930,2,67.53718972844781,67.53718972844781,100.0
3940,0,36.339904913292884,36.339904913292884,100.0
3940,1,28.313792598411936,28.313792598411936,100.0
3940,2,35.34630248829518,35.34630248829518,100.0
3950,0,46.96960589600494,46.96960589600494,100.0
3950,1,12.774088291114136,12.774088291114136,100.0
3950,2,40.256305812880925,40.256305812880925,100.0
3960,0,20.009851133003878,20.009851133003878,100.0
3960,1,55.4543482312811,55.4543482312811,100.0
3960,2,24.535800635715017,24.535800635715017,100.0
3970,0,13.013782448004532,13.013782448004532,100.0
3970,1,62.21644081576378,62.21644081576378,100.0
3970,2,24.76977673623168,24.76977673623168,100.0
3980,0,19.876795724199987,19.876795724199987,100.0
3980,1,26.548496981807762,26.548496981807762,100.0
3980,2,53.574707293992255,53.574707293992255,100.0
3990,0,21.18492967616254,21.18492967616254,100.0
3990,1,56.61344008834565,56.61344008834565,100.0
3990,2,22.201630235491827,22.201630235491827,100.0
4000,0,21.879800233271933,21.879800233271933,100.0
4000,1,15.232553491353418,15.232553491353418,100.0
4000,2,62.88764627537466,62.88764627537466,100.0
4010,0,12.600273276704224,12.600273276704224,100.0
4010,1,57.119539868405155,57.119539868405155,100.0
4010,2,30.280186854890616,30.280186854890616,100.0
4020,0,37.43688827769673,37.43688827769673,100.0
4020,1,20.635450858205093,20.635450858205093,100.0
4020,2,41.92766086409817,41.92766086409817,100.0
4030,0,25.163100845202862,25.163100845202862,100.0
4030,1,35.21400871884682,35.21400871884682,100.0
4030,2,39.622890435950325,39.622890435950325,100.0
4040,0,20.367422062689446,20.367422062689446,100.0
4040,1,37.765308898758896,37.765308898758896,100.0
4040,2,41.867269038551655,41.867269038551655,100.0
4050,0,31.575702348599876,31.575702348599876,100.0
4050,1,35.351084037202035,35.351084037202035,100.0
4050,2,33.073213614198096,33.073213614198096,100.0
4060,0,19.423737474095702,19.423737474095702,100.0
4060,1,65.44534153938147,65.44534153938147,100.0
4060,2,15.130920986522826,15.130920986522826,100.0
4070,0,47.97871899919804,47.97871899919804,100.0
4070,1,30.495788278677367,30.495788278677367,100.0
4070,2,21.525492722124604,21.525492722124604,100.0
4080,0,13.992884785102442,13.992884785102442,100.0
4080,1,14.557694129334253,14.557694129334253,100.0
4080,2,71.44942108556332,71.44942108556332,100.0
4090,0,22.324387807406044,22.324387807406044,100.0
4090,1,58.247606494528725,58.247606494528725,100.0
4090,2,19.42800569806524,19.42800569806524,100.0
4100,0,62.80817774004046,62.80817774004046,100.0
4100,1,13.770554083243486,13.770554083243486,100.0
4100,2,23.421268176716058,23.421268176716058,100.0
4110,0,35.5100419130204,35.5100419130204,100.0
4110,1,30.77341019547003,30.77341019547003,100.0
4110,2,33.71654789150957,33.71654789150957,100.0
4120,0,10.12124269800399,10.12124269800399,100.0
4120,1,37.96673980772069,37.96673980772069,100.0
4120,2,51.91201749427532,51.91201749427532,100.0
4130,0,47.65022418398839,47.65022418398839,100.0
4130,1,13.223540487242763,13.223540487242763,100.0
4130,2,39.12623532876884,39.12623532876884,100.0
4140,0,24.656652188424857,24.656652188424857,100.0
4140,1,12.290843984818869,12.290843984818869,100.0
4140,2,63.05250382675628,63.05250382675628,100.0
4150,0,11.829102418693441,11.829102418693441,100.0
4150,1,57.36670215009111,57.36670215009111,100.0
4150,2,30.804195431215454,30.804195431215454,100.0
4160,0,12.220497309888255,12.220497309888255,100.0
4160,1,68.13411577544744,68.13411577544744,100.0
4160,2,19.6453869146643,19.6453869146643,100.0
4170,0,23.48869561505147,23.48869561505147,100.0
4170,1,55.848261206409354,55.848261206409354,100.0
4170,2,20.66304317853918,20.66304317853918,100.0
4180,0,27.782848251708756,27.782848251708756,100.0
4180,1,20.514640570349936,20.514640570349936,100.0
4180,2,51.702511177941304,51.702511177941304,100.0
4190,0,42.11537214384748,42.11537214384748,100.0
4190,1,31.151617649796375,31.151617649796375,100.0
4190,2,26.733010206356152,26.733010206356152,100.0
4200,0,17.807734503470567,17.807734503470567,100.0
4200,1,22.130498846504867,22.130498846504867,100.0
4200,2,60.06176665002456,60.06176665002456,100.0
4210,0,18.439732434660716,18.439732434660716,100.0
4210,1,46.235602575181225,46.235602575181225,100.0
4210,2,35.32466499015804,35.32466499015804,100.0
4220,0,18.81298629308176,18.81298629308176,100.0
4220,1,66.39302944364177,66.39302944364177,100.0
4220,2,14.793984263276478,14.793984263276478,100.0
4230,0,11.055707877959644,11.055707877959644,100.0
4230,1,52.497731869941,52.497731869941,100.0
4230,2,36.44656025209937,36.44656025209937,100.0
4240,0,59.019746394847715,59.019746394847715,100.0
4240,1,18.66492878798916,18.66492878798916,100.0
4240,2,22.315324817163116,22.315324817163116,100.0
4250,0,23.236085373047928,23.236085373047928,100.0
4250,1,53.04395642408926,53.04395642408926,100.0
4250,2,23.719958202862816,23.719958202862816,100.0
4260,0,58.446007495495365,58.446007495495365,100.0
4260,1,12.944778411410754,12.944778411410754,100.0
4260,2,28.609214093093883,28.609214093093883,100.0
4270,0,31.75672123438557,31.75672123438557,100.0
4270,1,57.33466478402466,57.33466478402466,100.0
4270,2,10.908613981589781,10.908613981589781,100.0
4280,0,44.15130857086581,44.15130857086581,100.0
4280,1,18.444528198297633,18.444528198297633,100.0
4280,2,37.40416323083656,37.40416323083656,100.0
4290,0,11.856693550188284,11.856693550188284,100.0
4290,1,65.18364051309297,65.18364051309297,100.0
4290,2,22.95966593671874,22.95966593671874,100.0
4300,0,17.433970620944454,17.433970620944454,100.0
4300,1,57.15270630397401,57.15270630397401,100.0
4300,2,25.413323075081536,25.413323075081536,100.0
4310,0,30.10250768751486,30.10250768751486,100.0
4310,1,20.79029891488884,20.79029891488884,100.0
4310,2,49.1071933975963,49.1071933975963,100.0
4320,0,51.407012846446435,51.407012846446435,100.0
4320,1,33.13420959360749,33.13420959360749,100.0
4320,2,15.458777559946077,15.458777559946077,100.0
4330,0,55.54092527639576,55.54092527639576,100.0
4330,1,11.835325265197822,11.835325265197822,100.0
4330,2,32.62374945840642,32.62374945840642,100.0
4340,0,15.936072677303578,15.936072677303578,100.0
4340,1,51.89062465875214,51.89062465875214,100.0
4340,2,32.173302663944284,32.173302663944284,100.0
4350,0,57.57980230105877,57.57980230105877,100.0
4350,1,19.662409448105084,19.662409448105084,100.0
4350,2,22.757788250836153,22.757788250836153,100.0
4360,0,27.44321725466857,27.44321725466857,100.0
4360,1,60.10174189034158,60.10174189034158,100.0
4360,2,12.45504085498985,12.45504085498985,100.0
4370,0,33.63667113297519,33.63667113297519,100.0
4370,1,51.89161125840073,51.89161125840073,100.0
4370,2,14.47171760862409,14.47171760862409,100.0
4380,0,43.28030909903821,43.28030909903821,100.0
4380,1,32.325974823422435,32.325974823422435,100.0
4380,2,24.393716077539352,24.393716077539352,100.0
4390,0,26.68631244150104,26.68631244150104,100.0
4390,1,54.758180822219884,54.758180822219884,100.0
4390,2,18.555506736279074,18.555506736279074,100.0
4400,0,19.339559298455434,19.339559298455434,100.0
4400,1,20.55791026636859,20.55791026636859,100.0
4400,2,60.102530435175986,60.102530435175986,100.0
4410,0,18.979252651834724,18.979252651834724,100.0
4410,1,35.390088548997134,35.390088548997134,100.0
4410,2,45.63065879916814,45.63065879916814,100.0
4420,0,21.40867875205854,21.40867875205854,100.0
4420,1,66.77017319333862,66.77017319333862,100.0
4420,2,11.821148054602824,11.821148054602824,100.0
4430,0,46.871409337768924,46.871409337768924,100.0
4430,1,30.908509023950593,30.908509023950593,100.0
4430,2,22.22008163828048,22.22008163828048,100.0
4440,0,25.967637690092527,25.967637690092527,100.0
4440,1,16.393885697387894,16.393885697387894,100.0
4440,2,57.638476612519575,57.638476612519575,100.0
4450,0,49.1198135760986,49.1198135760986,100.0
4450,1,28.272731713921107,28.272731713921107,100.0
4450,2,22.607454709980303,22.607454709980303,100.0
4460,0,44.043617759549875,44.043617759549875,100.0
4460,1,38.048935313925,38.048935313925,100.0
4460,2,17.907446926525125,17.907446926525125,100.0
4470,0,14.46752347390507,14.46752347390507,100.0
4470,1,57.996383931477226,57.996383931477226,100.0
4470,2,27.536092594617717,27.536092594617717,100.0
4480,0,24.83358381917042,24.83358381917042,100.0
4480,1,37.965034434058744,37.965034434058744,100.0
4480,2,37.20138174677084,37.20138174677084,100.0
4490,0,13.750032931593372,13.750032931593372,100.0
4490,1,33.813125390392486,33.813125390392486,100.0
4490,2,52.43684167801415,52.43684167801415,100.0
4500,0,23.697868432313562,23.697868432313562,100.0
4500,1,37.5085525989375,37.5085525989375,100.0
4500,2,38.79357896874893,38.79357896874893,100.0
4510,0,24.391645541957015,24.391645541957015,100.0
4510,1,13.166119889672204,13.166119889672204,100.0
4510,2,62.44223456837079,62.44223456837079,100.0
4520,0,26.28434322086082,26.28434322086082,100.0
4520,1,39.927507178036095,39.927507178036095,100.0
4520,2,33.788149601103086,33.788149601103086,100.0
4530,0,38.476350858104524,38.476350858104524,100.0
4530,1,30.426988452242142,30.426988452242142,100.0
4530,2,31.096660689653326,31.096660689653326,100.0
4540,0,8.279415099137385,8.279415099137385,100.0
4540,1,46.81626190355052,46.81626190355052,100.0
4540,2,44.9043229973121,44.9043229973121,100.0
4550,0,27.625875894185203,27.625875894185203,100.0
4550,1,25.593989545724032,25.593989545724032,100.0
4550,2,46.780134560090765,46.780134560090765,100.0
4560,0,45.171171209343726,45.171171209343726,100.0
4560,1,41.4261662748218,41.4261662748218,100.0
4560,2,13.402662515834471,13.402662515834471,100.0
4570,0,70.49802909738878,70.49802909738878,100.0
4570,1,15.24269524394114,15.24269524394114,100.0
4570,2,14.259275658670086,14.259275658670086,100.0
4580,0,23.977997732695584,23.977997732695584,100.0
4580,1,39.617083304967,39.617083304967,100.0
4580,2,36.404918962337426,36.404918962337426,100.0
4590,0,29.337040678206915,29.337040678206915,100.0
4590,1,56.19253843998128,56.19253843998128,100.0
4590,2,14.470420881811796,14.470420881811796,100.0
4600,0,33.42544463605033,33.42544463605033,100.0
4600,1,42.64916422878991,42.64916422878991,100.0
4600,2,23.925391135159774,23.925391135159774,100.0
4610,0,50.56843737184904,50.56843737184904,100.0
4610,1,20.089168720725446,20.089168720725446,100.0
4610,2,29.342393907425507,29.342393907425507,100.0
4620,0,14.385554926293484,14.385554926293484,100.0
4620,1,21.255467987913004,21.255467987913004,100.0
4620,2,64.35897708579351,64.35897708579351,100.0
4630,0,41.794328264014,41.794328264014,100.0
4630,1,29.044550361674464,29.044550361674464,100.0
4630,2,29.16112137431155,29.16112137431155,100.0
4640,0,24.66541423754806,24.66541423754806,100.0
4640,1,57.56429359120479,57.56429359120479,100.0
4640,2,17.770292171247153,17.770292171247153,100.0
4650,0,15.866932027756153,15.866932027756153,100.0
4650,1,47.51379216230581,47.51379216230581,100.0
4650,2,36.61927580993804,36.61927580993804,100.0
4660,0,30.08648728099534,30.08648728099534,100.0
4660,1,19.402187911603423,19.402187911603423,100.0
4660,2,50.511324807401245,50.511324807401245,100.0
4670,0,28.76394433602672,28.76394433602672,100.0
4670,1,41.54714137419153,41.54714137419153,100.0
4670,2,29.688914289781753,29.688914289781753,100.0
4680,0,66.49886860586717,66.49886860586717,100.0
4680,1,21.878709129066788,21.878709129066788,100.0
4680,2,11.622422265066042,11.622422265066042,100.0
4690,0,44.25654327241133,44.25654327241133,100.0
4690,1,45.503963859046934,45.503963859046934,100.0
4690,2,10.239492868541744,10.239492868541744,100.0
4700,0,32.49617504259596,32.49617504259596,100.0
4700,1,31.97994945087343,31.97994945087343,100.0
4700,2,35.52387550653061,35.52387550653061,100.0
4710,0,11.226422856850677,11.226422856850677,100.0
4710,1,56.35828705814191,56.35828705814191,100.0
4710,2,32.41529008500742,32.41529008500742,100.0
4720,0,12.980995338733353,12.980995338733353,100.0
4720,1,43.30447603010623,43.30447603010623,100.0
4720,2,43.71452863116042,43.71452863116042,100.0
4730,0,38.46006927656251,38.46006927656251,100.0
4730,1,47.95308243315981,47.95308243315981,100.0
4730,2,13.586848290277667,13.586848290277667,100.0
4740,0,41.72305522850854,41.72305522850854,100.0
4740,1,46.22948126675567,46.22948126675567,100.0
4740,2,12.047463504735767,12.047463504735767,100.0
4750,0,39.8364911797562,39.8364911797562,100.0
4750,1,32.28844248934762,32.28844248934762,100.0
4750,2,27.875066330896175,27.875066330896175,100.0
4760,0,23.185624687512714,23.185624687512714,100.0
4760,1,13.817377884742646,13.817377884742646,100.0
4760,2,62.99699742774464,62.99699742774464,100.0
4770,0,49.05292364692061,49.05292364692061,100.0
4770,1,21.528104146318157,21.528104146318157,100.0
4770,2,29.41897220676123,29.41897220676123,100.0
4780,0,58.26510637289801,58.26510637289801,100.0
4780,1,23.669165247532,23.669165247532,100.0
4780,2,18.06572837956999,18.06572837956999,100.0
4790,0,15.941291306245041,15.941291306245041,100.0
4790,1,28.692521316445802,28.692521316445802,100.0
4790,2,55.36618737730915,55.36618737730915,100.0
4800,0,11.21871094983964,11.21871094983964,100.0
4800,1,53.679608337259744,53.679608337259744,100.0
4800,2,35.101680712900624,35.101680712900624,100.0
4810,0,32.426549574090785,32.426549574090785,100.0
4810,1,26.550863966580728,26.550863966580728,100.0
4810,2,41.022586459328494,41.022586459328494,100.0
4820,0,46.21419642153149,46.21419642153149,100.0
4820,1,10.518488780877707,10.518488780877707,100.0
4820,2,43.26731479759081,43.26731479759081,100.0
4830,0,18.874523788156914,18.874523788156914,100.0
4830,1,61.10875736280752,61.10875736280752,100.0
4830,2,20.01671884903556,20.01671884903556,100.0
4840,0,28.67330371303945,28.67330371303945,100.0
4840,1,54.15008097710165,54.15008097710165,100.0
4840,2,17.1766153098589,17.1766153098589,100.0
4850,0,43.146179257389946,43.146179257389946,100.0
4850,1,46.02739552917642,46.02739552917642,100.0
4850,2,10.826425213433637,10.826425213433637,100.0
4860,0,42.50025721683671,42.50025721683671,100.0
4860,1,19.680145315195343,19.680145315195343,100.0
4860,2,37.81959746796796,37.81959746796796,100.0
4870,0,40.77288613500577,40.77288613500577,100.0
4870,1,46.46140322407278,46.46140322407278,100.0
4870,2,12.76571064092145,12.76571064092145,100.0
4880,0,30.91715503557709,30.91715503557709,100.0
4880,1,33.92033242143981,33.92033242143981,100.0
4880,2,35.1625125429831,35.1625125429831,100.0
4890,0,18.518090413897582,18.518090413897582,100.0
4890,1,49.48489282382128,49.48489282382128,100.0
4890,2,31.997016762281145,31.997016762281145,100.0
4900,0,37.16343992436595,37.16343992436595,100.0
4900,1,27.690396223220066,27.690396223220066,100.0
4900,2,35.146163852413984,35.146163852413984,100.0
4910,0,16.684605917305696,16.684605917305696,100.0
4910,1,61.16311455330789,61.16311455330789,100.0
4910,2,22.152279529386405,22.152279529386405,100.0
4920,0,28.15414167171716,28.15414167171716,100.0
4920,1,31.56858124204026,31.56858124204026,100.0
4920,2,40.27727708624258,40.27727708624258,100.0
4930,0,45.4540295262789,45.4540295262789,100.0
4930,1,30.564296930288254,30.564296930288254,100.0
4930,2,23.981673543432848,23.981673543432848,100.0
4940,0,16.07742909955658,16.07742909955658,100.0
4940,1,36.78243182398305,36.78243182398305,100.0
4940,2,47.14013907646038,47.14013907646038,100.0
4950,0,24.846019093535116,24.846019093535116,100.0
4950,1,42.34799239094926,42.34799239094926,100.0
4950,2,32.80598851551563,32.80598851551563,100.0
4960,0,32.23829474657271,32.23829474657271,100.0
4960,1,58.11518482404077,58.11518482404077,100.0
4960,2,9.646520429386507,9.646520429386507,100.0
4970,0,59.80219292839176,59.80219292839176,100.0
4970,1,22.218232774162434,22.218232774162434,100.0
4970,2,17.9795742974458,17.9795742974458,100.0
4980,0,29.578865033420985,29.578865033420985,100.0
4980,1,10.371950505136288,10.371950505136288,100.0
4980,2,60.04918446144273,60.04918446144273,100.0
4990,0,11.715721166886983,11.715721166886983,100.0
4990,1,21.200057832579958,21.200057832579958,100.0
4990,2,67.08422100053306,67.08422100053306,100.0
5000,0,42.24147776883035,42.24147776883035,100.0
5000,1,21.554005213795733,21.554005213795733,100.0
5000,2,36.204517017373924,36.204517017373924,100.0
5010,0,47.55636708752704,47.55636708752704,100.0
5010,1,24.79845027371929,24.79845027371929,100.0
5010,2,27.645182638753656,27.645182638753656,100.0
5020,0,16.958924922644314,16.958924922644314,100.0
5020,1,56.65803540891924,56.65803540891924,100.0
5020,2,26.383039668436442,26.383039668436442,100.0
5030,0,27.93394979614845,27.93394979614845,100.0
5030,1,14.313900912209649,14.313900912209649,100.0
5030,2,57.752149291641906,57.752149291641906,100.0
5040,0,21.819093322231623,21.819093322231623,100.0
5040,1,21.72486229360521,21.72486229360521,100.0
5040,2,56.456044384163164,56.456044384163164,100.0
5050,0,19.62230432292787,19.62230432292787,100.0
5050,1,40.25902104287073,40.25902104287073,100.0
5050,2,40.1186746342014,40.1186746342014,100.0
5060,0,30.940209672110335,30.940209672110335,100.0
5060,1,17.44133537085886,17.44133537085886,100.0
5060,2,51.61845495703081,51.61845495703081,100.0
5070,0,35.907642828244654,35.907642828244654,100.0
5070,1,34.88110966593314,34.88110966593314,100.0
5070,2,29.2112475058222,29.2112475058222,100.0
5080,0,25.938641007993823,25.938641007993823,100.0
5080,1,56.56367596036199,56.56367596036199,100.0
5080,2,17.4976830316442,17.4976830316442,100.0
5090,0,63.61349060587168,63.61349060587168,100.0
5090,1,23.983321286658533,23.983321286658533,100.0
5090,2,12.403188107469788,12.403188107469788,100.0
5100,0,17.8673178313554,17.8673178313554,100.0
5100,1,55.12932187570818,55.12932187570818,100.0
5100,2,27.003360292936417,27.003360292936417,100.0
5110,0,33.340136990920215,33.340136990920215,100.0
5110,1,37.98464448583794,37.98464448583794,100.0
5110,2,28.675218523241842,28.675218523241842,100.0
5120,0,52.00301603590176,52.00301603590176,100.0
5120,1,36.32056550319889,36.32056550319889,100.0
5120,2,11.676418460899352,11.676418460899352,100.0
5130,0,22.080596331566856,22.080596331566856,100.0
5130,1,61.890298224757956,61.890298224757956,100.0
5130,2,16.029105443675196,16.029105443675196,100.0
5140,0,48.7248487842417,48.7248487842417,100.0
5140,1,38.33803719286721,38.33803719286721,100.0
5140,2,12.93711402289109,12.93711402289109,100.0
5150,0,36.62890382946083,36.62890382946083,100.0
5150,1,52.89128104333267,52.89128104333267,100.0
5150,2,10.479815127206503,10.479815127206503,100.0
5160,0,19.441046753824185,19.441046753824185,100.0
5160,1,30.403196055730547,30.403196055730547,100.0
5160,2,50.15575719044527,50.15575719044527,100.0
5170,0,18.794665936049437,18.794665936049437,100.0
5170,1,61.568512053285495,61.568512053285495,100.0
5170,2,19.63682201066507,19.63682201066507,100.0
5180,0,53.11385598907733,53.11385598907733,100.0
5180,1,36.326203744883415,36.326203744883415,100.0
5180,2,10.559940266039257,10.559940266039257,100.0
5190,0,38.48389042697814,38.48389042697814,100.0
5190,1,28.511709579853346,28.511709579853346,100.0
5190,2,33.00439999316851,33.00439999316851,100.0
5200,0,14.562460843755401,14.562460843755401,100.0
5200,1,60.97951817558575,60.97951817558575,100.0
5200,2,24.458020980658844,24.458020980658844,100.0
5210,0,43.085560186248465,43.085560186248465,100.0
5210,1,11.830202487892976,11.830202487892976,100.0
5210,2,45.08423732585857,45.08423732585857,100.0
5220,0,29.68613008838714,29.68613008838714,100.0
5220,1,36.15675687719255,36.15675687719255,100.0
5220,2,34.15711303442031,34.15711303442031,100.0
5230,0,16.065745968288102,16.065745968288102,100.0
5230,1,72.92914773400541,72.92914773400541,100.0
5230,2,11.005106297706483,11.005106297706483,100.0
5240,0,45.08667975965153,45.08667975965153,100.0
5240,1,32.791990559427354,32.791990559427354,100.0
5240,2,22.121329680921107,22.121329680921107,100.0
5250,0,25.908832266686098,25.908832266686098,100.0
5250,1,16.441162311286487,16.441162311286487,100.0
5250,2,57.65000542202742,57.65000542202742,100.0
5260,0,21.69925898082929,21.69925898082929,100.0
5260,1,36.09908236345594,36.09908236345594,100.0
5260,2,42.201658655714766,42.201658655714766,100.0
5270,0,12.959007704263815,12.959007704263815,100.0
5270,1,38.09225394580454,38.09225394580454,100.0
5270,2,48.948738349931645,48.948738349931645,100.0
5280,0,49.3933169017954,49.3933169017954,100.0
5280,1,33.17137105777383,33.17137105777383,100.0
5280,2,17.435312040430766,17.435312040430766,100.0
5290,0,36.52737469008762,36.52737469008762,100.0
5290,1,17.11569150164415,17.11569150164415,100.0
5290,2,46.356933808268224,46.356933808268224,100.0
5300,0,25.659617402500697,25.659617402500697,100.0
5300,1,17.4425628667308,17.4425628667308,100.0
5300,2,56.897819730768504,56.897819730768504,100.0
5310,0,41.05118604889201,41.05118604889201,100.0
5310,1,39.16194201236866,39.16194201236866,100.0
5310,2,19.78687193873931,19.78687193873931,100.0
5320,0,23.034180914833236,23.034180914833236,100.0
5320,1,55.0646986804311,55.0646986804311,100.0
5320,2,21.901120404735668,21.901120404735668,100.0
5330,0,51.675414360524194,51.675414360524194,100.0
5330,1,13.226378882680054,13.226378882680054,100.0
5330,2,35.098206756795754,35.098206756795754,100.0
5340,0,28.443614711537197,28.443614711537197,100.0
5340,1,24.758535104315964,24.758535104315964,100.0
5340,2,46.79785018414684,46.79785018414684,100.0
5350,0,25.057108176123606,25.057108176123606,100.0
5350,1,48.03431275739523,48.03431275739523,100.0
5350,2,26.90857906648117,26.90857906648117,100.0
5360,0,25.557136790233407,25.557136790233407,100.0
5360,1,57.95844479534114,57.95844479534114,100.0
5360,2,16.48441841442545,16.48441841442545,100.0
5370,0,8.118868742258512,8.118868742258512,100.0
5370,1,49.54676735230585,49.54676735230585,100.0
5370,2,42.33436390543564,42.33436390543564,100.0
5380,0,41.4911618895664,41.4911618895664,100.0
5380,1,39.577531815497764,39.577531815497764,100.0
5380,2,18.93130629493585,18.93130629493585,100.0
5390,0,36.248476160810256,36.248476160810256,100.0
5390,1,43.34341947443798,43.34341947443798,100.0
5390,2,20.40810436475177,20.40810436475177,100.0
5400,0,25.392582050719902,25.392582050719902,100.0
5400,1,32.059191709570875,32.059191709570875,100.0
5400,2,42.54822623970922,42.54822623970922,100.0
5410,0,62.609659180900366,62.609659180900366,100.0
5410,1,17.299746757865645,17.299746757865645,100.0
5410,2,20.090594061233986,20.090594061233986,100.0
5420,0,51.81215906106913,51.81215906106913,100.0
5420,1,11.146657944687204,11.146657944687204,100.0
5420,2,37.04118299424367,37.04118299424367,100.0
5430,0,42.71219160072868,42.71219160072868,100.0
5430,1,46.53083870682476,46.53083870682476,100.0
5430,2,10.756969692446555,10.756969692446555,100.0
5440,0,24.733409307168426,24.733409307168426,100.0
5440,1,39.58477642364195,39.58477642364195,100.0
5440,2,35.68181426918963,35.68181426918963,100.0
5450,0,21.889733819524835,21.889733819524835,100.0
5450,1,47.65280165648202,47.65280165648202,100.0
5450,2,30.457464523993146,30.457464523993146,100.0
5460,0,13.183872971560254,13.183872971560254,100.0
5460,1,61.174427007814046,61.174427007814046,100.0
5460,2,25.641700020625695,25.641700020625695,100.0
5470,0,23.63905159235758,23.63905159235758,100.0
5470,1,46.92654006399279,46.92654006399279,100.0
5470,2,29.434408343649633,29.434408343649633,100.0
5480,0,41.49702989296832,41.49702989296832,100.0
5480,1,36.5691812443603,36.5691812443603,100.0
5480,2,21.933788862671385,21.933788862671385,100.0
5490,0,42.80357956171805,42.80357956171805,100.0
5490,1,24.52415007895818,24.52415007895818,100.0
5490,2,32.67227035932376,32.67227035932376,100.0
5500,0,33.2087986416892,33.2087986416892,100.0
5500,1,50.0258201174638,50.0258201174638,100.0
5500,2,16.765381240846985,16.765381240846985,100.0
5510,0,31.978973430318597,31.978973430318597,100.0
5510,1,47.440664861961245,47.440664861961245,100.0
5510,2,20.580361707720154,20.580361707720154,100.0
5520,0,8.834390518658052,8.834390518658052,100.0
5520,1,42.392307091116734,42.392307091116734,100.0
5520,2,48.77330239022521,48.77330239022521,100.0
5530,0,24.813019127958956,24.813019127958956,100.0
5530,1,32.97340481668929,32.97340481668929,100.0
5530,2,42.21357605535175,42.21357605535175,100.0
5540,0,41.036152520021524,41.036152520021524,100.0
5540,1,20.005793510318455,20.005793510318455,100.0
5540,2,38.958053969660014,38.958053969660014,100.0
5550,0,21.055135491591887,21.055135491591887,100.0
5550,1,22.999279842778517,22.999279842778517,100.0
5550,2,55.945584665629596,55.945584665629596,100.0
5560,0,27.771676154684894,27.771676154684894,100.0
5560,1,46.33936207117703,46.33936207117703,100.0
5560,2,25.888961774138075,25.888961774138075,100.0
5570,0,71.91025277318082,71.91025277318082,100.0
5570,1,14.752438193898787,14.752438193898787,100.0
5570,2,13.3373090329204,13.3373090329204,100.0
5580,0,23.520311256572317,23.520311256572317,100.0
5580,1,26.61171179526891,26.61171179526891,100.0
5580,2,49.86797694815878,49.86797694815878,100.0
5590,0,45.88625886388738,45.88625886388738,100.0
5590,1,8.969318103089192,8.969318103089192,100.0
5590,2,45.144423033023436,45.144423033023436,100.0
5600,0,55.224848177496874,55.224848177496874,100.0
5600,1,21.680675201219458,21.680675201219458,100.0
5600,2,23.094476621283665,23.094476621283665,100.0
5610,0,52.5718143123549,52.5718143123549,100.0
5610,1,14.36401380754268,14.36401380754268,100.0
5610,2,33.064171880102414,33.064171880102414,100.0
5620,0,36.38679305568629,36.38679305568629,100.0
5620,1,53.42426808312194,53.42426808312194,100.0
5620,2,10.188938861191774,10.188938861191774,100.0
5630,0,34.28532069028534,34.28532069028534,100.0
5630,1,29.969948241837958,29.969948241837958,100.0
5630,2,35.744731067876714,35.744731067876714,100.0
5640,0,42.607047030647074,42.607047030647074,100.0
5640,1,42.24513104793684,42.24513104793684,100.0
5640,2,15.147821921416094,15.147821921416094,100.0
5650,0,15.359919382107709,15.359919382107709,100.0
5650,1,18.65664884593173,18.65664884593173,100.0
5650,2,65.98343177196055,65.98343177196055,100.0
5660,0,20.79362384240457,20.79362384240457,100.0
5660,1,56.22920713829512,56.22920713829512,100.0
5660,2,22.9771690193003,22.9771690193003,100.0
5670,0,49.504485344670194,49.504485344670194,100.0
5670,1,33.56840600711533,33.56840600711533,100.0
5670,2,16.927108648214467,16.927108648214467,100.0
5680,0,39.49383281151124,39.49383281151124,100.0
5680,1,48.18936603990324,48.18936603990324,100.0
5680,2,12.316801148585503,12.316801148585503,100.0
5690,0,20.43680795669896,20.43680795669896,100.0
5690,1,21.076879306324734,21.076879306324734,100.0
5690,2,58.48631273697631,58.48631273697631,100.0
5700,0,60.00443120827168,60.00443120827168,100.0
5700,1,26.910458355371038,26.910458355371038,100.0
5700,2,13.085110436357283,13.085110436357283,100.0
5710,0,30.86968093903924,30.86968093903924,100.0
5710,1,36.607959578781646,36.607959578781646,100.0
5710,2,32.52235948217912,32.52235948217912,100.0
5720,0,13.008929870413786,13.008929870413786,100.0
5720,1,21.35597640352143,21.35597640352143,100.0
5720,2,65.63509372606478,65.63509372606478,100.0
5730,0,56.590464751677516,56.590464751677516,100.0
5730,1,25.429455637292175,25.429455637292175,100.0
5730,2,17.980079611030302,17.980079611030302,100.0
5740,0,22.268919921237927,22.268919921237927,100.0
5740,1,50.91940467871413,50.91940467871413,100.0
5740,2,26.81167540004794,26.81167540004794,100.0
5750,0,27.365311093569446,27.365311093569446,100.0
5750,1,61.033300953382685,61.033300953382685,100.0
5750,2,11.601387953047873,11.601387953047873,100.0
5760,0,35.46307350641993,35.46307350641993,100.0
5760,1,44.687656225263105,44.687656225263105,100.0
5760,2,19.849270268316978,19.849270268316978,100.0
5770,0,15.811730052036085,15.811730052036085,100.0
5770,1,21.485082186205233,21.485082186205233,100.0
5770,2,62.703187761758684,62.703187761758684,100.0
5780,0,16.906247709588946,16.906247709588946,100.0
5780,1,14.203424861865646,14.203424861865646,100.0
5780,2,68.89032742854542,68.89032742854542,100.0
5790,0,24.34376317379846,24.34376317379846,100.0
5790,1,52.00279220860061,52.00279220860061,100.0
5790,2,23.653444617600915,23.653444617600915,100.0
5800,0,52.98954723588039,52.98954723588039,100.0
5800,1,26.266747171569016,26.266747171569016,100.0
5800,2,20.7437055925506,20.7437055925506,100.0
5810,0,23.727109661125105,23.727109661125105,100.0
5810,1,48.49141339005204,48.49141339005204,100.0
5810,2,27.781476948822853,27.781476948822853,100.0
5820,0,54.67858084274753,54.67858084274753,100.0
5820,1,27.105063549782297,27.105063549782297,100.0
5820,2,18.216355607470167,18.216355607470167,100.0
5830,0,13.112329749667484,13.112329749667484,100.0
5830,1,38.246645881462946,38.246645881462946,100.0
5830,2,48.64102436886957,48.64102436886957,100.0
5840,0,35.15234349942368,35.15234349942368,100.0
5840,1,25.793936691897233,25.793936691897233,100.0
5840,2,39.053719808679084,39.053719808679084,100.0
5850,0,25.62326812765044,25.62326812765044,100.0
5850,1,25.5979585688562,25.5979585688562,100.0
5850,2,48.77877330349337,48.77877330349337,100.0
5860,0,57.327696544656625,57.327696544656625,100.0
5860,1,12.991346202346513,12.991346202346513,100.0
5860,2,29.680957252996865,29.680957252996865,100.0
5870,0,22.734594109355967,22.734594109355967,100.0
5870,1,58.384446050081216,58.384446050081216,100.0
5870,2,18.880959840562824,18.880959840562824,100.0
5880,0,27.0614262156898,27.0614262156898,100.0
5880,1,14.235594041777194,14.235594041777194,100.0
5880,2,58.70297974253301,58.70297974253301,100.0
5890,0,41.202433209812675,41.202433209812675,100.0
5890,1,46.84617056171097,46.84617056171097,100.0
5890,2,11.951396228476353,11.951396228476353,100.0
5900,0,50.1599646080748,50.1599646080748,100.0
5900,1,34.0367817040107,34.0367817040107,100.0
5900,2,15.8032536879145,15.8032536879145,100.0
5910,0,29.33099289434878,29.33099289434878,100.0
5910,1,55.52581845537211,55.52581845537211,100.0
5910,2,15.143188650279118,15.143188650279118,100.0
5920,0,13.301325907357167,13.301325907357167,100.0
5920,1,53.56101170954835,53.56101170954835,100.0
5920,2,33.13766238309447,33.13766238309447,100.0
5930,0,29.587779568159213,29.587779568159213,100.0
5930,1,23.231391161583428,23.231391161583428,100.0
5930,2,47.18082927025737,47.18082927025737,100.0
5940,0,40.703777090989426,40.703777090989426,100.0
5940,1,28.94193740619918,28.94193740619918,100.0
5940,2,30.354285502811397,30.354285502811397,100.0
5950,0,58.10482778821221,58.10482778821221,100.0
5950,1,10.195903358104458,10.195903358104458,100.0
5950,2,31.69926885368333,31.69926885368333,100.0
5960,0,24.902071261362547,24.902071261362547,100.0
5960,1,43.719198571675975,43.719198571675975,100.0
5960,2,31.378730166961482,31.378730166961482,100.0
5970,0,43.445114537863375,43.445114537863375,100.0
5970,1,20.975162067724355,20.975162067724355,100.0
5970,2,35.57972339441228,35.57972339441228,100.0
5980,0,29.08109380401367,29.08109380401367,100.0
5980,1,55.13547768523427,55.13547768523427,100.0
5980,2,15.78342851075206,15.78342851075206,100.0
5990,0,34.79777595614324,34.79777595614324,100.0
5990,1,29.53265787045475,29.53265787045475,100.0
5990,2,35.66956617340202,35.66956617340202,100.0
6000,0,40.59185275186751,40.59185275186751,100.0
6000,1,11.50856043103493,11.50856043103493,100.0
6000,2,47.89958681709754,47.89958681709754,100.0
6010,0,14.086199394539173,14.086199394539173,100.0
6010,1,56.774254229524225,56.774254229524225,100.0
6010,2,29.139546375936604,29.139546375936604,100.0
6020,0,24.43116866668663,24.43116866668663,100.0
6020,1,28.94710134659033,28.94710134659033,100.0
6020,2,46.62172998672303,46.62172998672303,100.0
6030,0,43.30081881624402,43.30081881624402,100.0
6030,1,25.062441737836387,25.062441737836387,100.0
6030,2,31.6367394459196,31.6367394459196,100.0
6040,0,42.758245100991246,42.758245100991246,100.0
6040,1,36.274714777025984,36.274714777025984,100.0
6040,2,20.967040121982773,20.967040121982773,100.0
6050,0,13.336704819314193,13.336704819314193,100.0
6050,1,35.84511401382123,35.84511401382123,100.0
6050,2,50.81818116686458,50.81818116686458,100.0
6060,0,30.28147344316366,30.28147344316366,100.0
6060,1,56.77917179824063,56.77917179824063,100.0
6060,2,12.939354758595709,12.939354758595709,100.0
6070,0,34.94777373961801,34.94777373961801,100.0
6070,1,23.5794795146107,23.5794795146107,100.0
6070,2,41.472746745771296,41.472746745771296,100.0
6080,0,30.04384086012554,30.04384086012554,100.0
6080,1,11.074107701074084,11.074107701074084,100.0
6080,2,58.882051438800374,58.882051438800374,100.0
6090,0,54.52724469585441,54.52724469585441,100.0
6090,1,33.76932065500258,33.76932065500258,100.0
6090,2,11.70343464914301,11.70343464914301,100.0
6100,0,10.942545573172795,10.942545573172795,100.0
6100,1,67.7285811903661,67.7285811903661,100.0
6100,2,21.328873236461103,21.328873236461103,100.0
6110,0,13.217002494324111,13.217002494324111,100.0
6110,1,46.01217434929136,46.01217434929136,100.0
6110,2,40.77082315638453,40.77082315638453,100.0
6120,0,36.76622684975257,36.76622684975257,100.0
6120,1,51.7473309334286,51.7473309334286,100.0
6120,2,11.48644221681884,11.48644221681884,100.0
6130,0,37.0555388502124,37.0555388502124,100.0
6130,1,17.67020303306699,17.67020303306699,100.0
6130,2,45.2742581167206,45.2742581167206,100.0
6140,0,23.837116020547672,23.837116020547672,100.0
6140,1,43.92491003704108,43.92491003704108,100.0
6140,2,32.23797394241125,32.23797394241125,100.0
6150,0,34.632996709313275,34.632996709313275,100.0
6150,1,32.4069254597679,32.4069254597679,100.0
6150,2,32.960077830918834,32.960077830918834,100.0
6160,0,33.596941123307374,33.596941123307374,100.0
6160,1,31.622847914090848,31.622847914090848,100.0
6160,2,34.78021096260178,34.78021096260178,100.0
6170,0,12.498131633496298,12.498131633496298,100.0
6170,1,50.66249072720039,50.66249072720039,100.0
6170,2,36.83937763930331,36.83937763930331,100.0
6180,0,42.22007765039476,42.22007765039476,100.0
6180,1,20.369155966802037,20.369155966802037,100.0
6180,2,37.4107663828032,37.4107663828032,100.0
6190,0,13.725892633987852,13.725892633987852,100.0
6190,1,72.62111925426322,72.62111925426322,100.0
6190,2,13.652988111748938,13.652988111748938,100.0
6200,0,29.79656197569243,29.79656197569243,100.0
6200,1,46.90482973964385,46.90482973964385,100.0
6200,2,23.29860828466373,23.29860828466373,100.0
6210,0,46.77026454934749,46.77026454934749,100.0
6210,1,39.74909502045328,39.74909502045328,100.0
6210,2,13.480640430199237,13.480640430199237,100.0
6220,0,56.288101290890914,56.288101290890914,100.0
6220,1,24.612238117353083,24.612238117353083,100.0
6220,2,19.099660591755992,19.099660591755992,100.0
6230,0,53.44087570315577,53.44087570315577,100.0
6230,1,25.41269454860482,25.41269454860482,100.0
6230,2,21.146429748239417,21.146429748239417,100.0
6240,0,42.286971329314476,42.286971329314476,100.0
6240,1,30.408353239061935,30.408353239061935,100.0
6240,2,27.304675431623586,27.304675431623586,100.0
6250,0,37.95416467830843,37.95416467830843,100.0
6250,1,15.521276670399795,15.521276670399795,100.0
6250,2,46.52455865129176,46.52455865129176,100.0
6260,0,43.55171613099048,43.55171613099048,100.0
6260,1,19.510547317923024,19.510547317923024,100.0
6260,2,36.9377365510865,36.9377365510865,100.0
6270,0,38.631640106248966,38.631640106248966,100.0
6270,1,20.523865988113187,20.523865988113187,100.0
6270,2,40.84449390563786,40.84449390563786,100.0
6280,0,24.657868241640106,24.657868241640106,100.0
6280,1,12.411909735902602,12.411909735902602,100.0
6280,2,62.93022202245729,62.93022202245729,100.0
6290,0,40.28758312844115,40.28758312844115,100.0
6290,1,36.227230319317336,36.227230319317336,100.0
6290,2,23.48518655224152,23.48518655224152,100.0
6300,0,44.703284501997295,44.703284501997295,100.0
6300,1,39.65382515287252,39.65382515287252,100.0
6300,2,15.642890345130173,15.642890345130173,100.0
6310,0,14.20293408006699,14.20293408006699,100.0
6310,1,19.767924157081357,19.767924157081357,100.0
6310,2,66.02914176285167,66.02914176285167,100.0
6320,0,11.025354565695192,11.025354565695192,100.0
6320,1,57.32097153993196,57.32097153993196,100.0
6320,2,31.65367389437284,31.65367389437284,100.0
6330,0,22.605665889660376,22.605665889660376,100.0
6330,1,45.94086403525906,45.94086403525906,100.0
6330,2,31.45347007508056,31.45347007508056,100.0
6340,0,30.0152939172957,30.0152939172957,100.0
6340,1,19.055066538179315,19.055066538179315,100.0
6340,2,50.929639544524996,50.929639544524996,100.0
6350,0,13.197654877727274,13.197654877727274,100.0
6350,1,41.1062062918136,41.1062062918136,100.0
6350,2,45.69613883045913,45.69613883045913,100.0
6360,0,44.36461650354718,44.36461650354718,100.0
6360,1,33.41490883405903,33.41490883405903,100.0
6360,2,22.220474662393787,22.220474662393787,100.0
6370,0,32.2163326934961,32.2163326934961,100.0
6370,1,17.53729753137426,17.53729753137426,100.0
6370,2,50.24636977512964,50.24636977512964,100.0
6380,0,31.47576146329009,31.47576146329009,100.0
6380,1,37.45910277426623,37.45910277426623,100.0
6380,2,31.065135762443685,31.065135762443685,100.0
6390,0,12.081443226887266,12.081443226887266,100.0
6390,1,65.92874923307596,65.92874923307596,100.0
6390,2,21.98980754003677,21.98980754003677,100.0
6400,0,34.01881107981236,34.01881107981236,100.0
6400,1,41.72407841129495,41.72407841129495,100.0
6400,2,24.257110508892705,24.257110508892705,100.0
6410,0,48.89273233436002,48.89273233436002,100.0
6410,1,40.81628352475324,40.81628352475324,100.0
6410,2,10.290984140886735,10.290984140886735,100.0
6420,0,14.333959118330922,14.333959118330922,100.0
6420,1,11.937658415665297,11.937658415665297,100.0
6420,2,73.7283824660038,73.7283824660038,100.0
6430,0,21.899618400424654,21.899618400424654,100.0
6430,1,28.09833432115522,28.09833432115522,100.0
6430,2,50.00204727842012,50.00204727842012,100.0
6440,0,31.83560806044885,31.83560806044885,100.0
6440,1,13.061924757931292,13.061924757931292,100.0
6440,2,55.10246718161985,55.10246718161985,100.0
6450,0,44.007904407533175,44.007904407533175,100.0
6450,1,34.97305960079202,34.97305960079202,100.0
6450,2,21.01903599167481,21.01903599167481,100.0
6460,0,17.660804521777106,17.660804521777106,100.0
6460,1,36.30633415229322,36.30633415229322,100.0
6460,2,46.03286132592967,46.03286132592967,100.0
6470,0,58.59921839383596,58.59921839383596,100.0
6470,1,20.580939814272163,20.580939814272163,100.0
6470,2,20.819841791891886,20.819841791891886,100.0
6480,0,32.86158815434396,32.86158815434396,100.0
6480,1,26.28058089477595,26.28058089477595,100.0
6480,2,40.85783095088009,40.85783095088009,100.0
6490,0,21.007067663253835,21.007067663253835,100.0
6490,1,50.03977476034511,50.03977476034511,100.0
6490,2,28.95315757640105,28.95315757640105,100.0
6500,0,17.32339823221373,17.32339823221373,100.0
6500,1,63.622745059550454,63.622745059550454,100.0
6500,2,19.05385670823582,19.05385670823582,100.0
6510,0,26.567147501126577,26.567147501126577,100.0
6510,1,29.696159716496933,29.696159716496933,100.0
6510,2,43.7366927823765,43.7366927823765,100.0
6520,0,38.73016654948865,38.73016654948865,100.0
6520,1,51.4824721637384,51.4824721637384,100.0
6520,2,9.787361286772956,9.787361286772956,100.0
6530,0,37.86848081305047,37.86848081305047,100.0
6530,1,50.48616017850601,50.48616017850601,100.0
6530,2,11.645359008443526,11.645359008443526,100.0
6540,0,36.12518883188219,36.12518883188219,100.0
6540,1,42.4156283571212,42.4156283571212,100.0
6540,2,21.45918281099661,21.45918281099661,100.0
6550,0,40.03937135006986,40.03937135006986,100.0
6550,1,35.56408210778573,35.56408210778573,100.0
6550,2,24.396546542144417,24.396546542144417,100.0
6560,0,28.402233634434758,28.402233634434758,100.0
6560,1,32.80520976223209,32.80520976223209,100.0
6560,2,38.792556603333146,38.792556603333146,100.0
6570,0,23.946059600534504,23.946059600534504,100.0
6570,1,55.121289271511145,55.121289271511145,100.0
6570,2,20.93265112795435,20.93265112795435,100.0
6580,0,25.959471234028413,25.959471234028413,100.0
6580,1,49.879017156500645,49.879017156500645,100.0
6580,2,24.16151160947094,24.16151160947094,100.0
6590,0,38.62057958447619,38.62057958447619,100.0
6590,1,17.513277217933688,17.513277217933688,100.0
6590,2,43.86614319759012,43.86614319759012,100.0
6600,0,11.907311772018817,11.907311772018817,100.0
6600,1,47.39244137757324,47.39244137757324,100.0
6600,2,40.70024685040794,40.70024685040794,100.0
6610,0,29.8454819194279,29.8454819194279,100.0
6610,1,44.833957081380156,44.833957081380156,100.0
6610,2,25.320560999191944,25.320560999191944,100.0
6620,0,64.59702158731065,64.59702158731065,100.0
6620,1,21.123625144108686,21.123625144108686,100.0
6620,2,14.279353268580666,14.279353268580666,100.0
6630,0,26.802679621670926,26.802679621670926,100.0
6630,1,52.54877377530326,52.54877377530326,100.0
6630,2,20.64854660302582,20.64854660302582,100.0
6640,0,33.606116201435384,33.606116201435384,100.0
6640,1,17.64575646619611,17.64575646619611,100.0
6640,2,48.74812733236851,48.74812733236851,100.0
6650,0,20.384743211751882,20.384743211751882,100.0
6650,1,25.775055707422652,25.775055707422652,100.0
6650,2,53.84020108082548,53.84020108082548,100.0
6660,0,16.372669867845214,16.372669867845214,100.0
6660,1,16.136826238029286,16.136826238029286,100.0
6660,2,67.49050389412551,67.49050389412551,100.0
6670,0,42.22132024210279,42.22132024210279,100.0
6670,1,41.21757590885392,41.21757590885392,100.0
6670,2,16.5611038490433,16.5611038490433,100.0
6680,0,32.17046638378751,32.17046638378751,100.0
6680,1,35.92304415928333,35.92304415928333,100.0
6680,2,31.906489456929148,31.906489456929148,100.0
6690,0,33.898668336539615,33.898668336539615,100.0
6690,1,35.212068949985294,35.212068949985294,100.0
6690,2,30.889262713475084,30.889262713475084,100.0
6700,0,20.82885637983797,20.82885637983797,100.0
6700,1,29.681954574390364,29.681954574390364,100.0
6700,2,49.489189045771674,49.489189045771674,100.0
6710,0,11.900507413172535,11.900507413172535,100.0
6710,1,35.410227436499,35.410227436499,100.0
6710,2,52.68926515032847,52.68926515032847,100.0
6720,0,44.206972932240205,44.206972932240205,100.0
6720,1,44.91407138259022,44.91407138259022,100.0
6720,2,10.87895568516957,10.87895568516957,100.0
6730,0,44.78068549408836,44.78068549408836,100.0
6730,1,25.47465483029816,25.47465483029816,100.0
6730,2,29.744659675613484,29.744659675613484,100.0
6740,0,12.80525817979264,12.80525817979264,100.0
6740,1,42.85241014852485,42.85241014852485,100.0
6740,2,44.342331671682516,44.342331671682516,100.0
6750,0,33.735432610930246,33.735432610930246,100.0
6750,1,25.247790232408857,25.247790232408857,100.0
6750,2,41.01677715666091,41.01677715666091,100.0
6760,0,50.89186255766761,50.89186255766761,100.0
6760,1,12.593455060787981,12.593455060787981,100.0
6760,2,36.514682381544404,36.514682381544404,100.0
6770,0,37.0728689017312,37.0728689017312,100.0
6770,1,36.80339385844733,36.80339385844733,100.0
6770,2,26.12373723982148,26.12373723982148,100.0
6780,0,37.11432510124569,37.11432510124569,100.0
6780,1,32.47498174942018,32.47498174942018,100.0
6780,2,30.410693149334133,30.410693149334133,100.0
6790,0,12.805427319726148,12.805427319726148,100.0
6790,1,34.58419345930126,34.58419345930126,100.0
6790,2,52.61037922097259,52.61037922097259,100.0
6800,0,16.135249243651554,16.135249243651554,100.0
6800,1,50.12383191404236,50.12383191404236,100.0
6800,2,33.74091884230609,33.74091884230609,100.0
6810,0,16.048044767504603,16.048044767504603,100.0
6810,1,68.40854753216928,68.40854753216928,100.0
6810,2,15.543407700326117,15.543407700326117,100.0
6820,0,14.424657450805503,14.424657450805503,100.0
6820,1,45.19390673296448,45.19390673296448,100.0
6820,2,40.381435816230024,40.381435816230024,100.0
6830,0,57.265062052249796,57.265062052249796,100.0
6830,1,14.501358411062679,14.501358411062679,100.0
6830,2,28.233579536687525,28.233579536687525,100.0
6840,0,38.86059867611578,38.86059867611578,100.0
6840,1,13.723862163997321,13.723862163997321,100.0
6840,2,47.415539159886904,47.415539159886904,100.0
6850,0,13.092234199154248,13.092234199154248,100.0
6850,1,36.528238100206735,36.528238100206735,100.0
6850,2,50.37952770063902,50.37952770063902,100.0
6860,0,20.03677289062143,20.03677289062143,100.0
6860,1,21.132141268962798,21.132141268962798,100.0
6860,2,58.831085840415774,58.831085840415774,100.0
6870,0,27.622121576981364,27.622121576981364,100.0
6870,1,28.905473991493093,28.905473991493093,100.0
6870,2,43.472404431525554,43.472404431525554,100.0
6880,0,39.95482036475927,39.95482036475927,100.0
6880,1,24.60805499248188,24.60805499248188,100.0
6880,2,35.437124642758846,35.437124642758846,100.0
6890,0,28.828642886269336,28.828642886269336,100.0
6890,1,45.98351705070805,45.98351705070805,100.0
6890,2,25.187840063022616,25.187840063022616,100.0
6900,0,17.509635646247787,17.509635646247787,100.0
6900,1,37.93939446748637,37.93939446748637,100.0
6900,2,44.55096988626584,44.55096988626584,100.0
6910,0,42.57514709369937,42.57514709369937,100.0
6910,1,25.223797944048094,25.223797944048094,100.0
6910,2,32.201054962252535,32.201054962252535,100.0
6920,0,37.37320400564522,37.37320400564522,100.0
6920,1,40.322090495650045,40.322090495650045,100.0
6920,2,22.30470549870473,22.30470549870473,100.0
6930,0,18.00592180029548,18.00592180029548,100.0
6930,1,55.42646245472375,55.42646245472375,100.0
6930,2,26.56761574498077,26.56761574498077,100.0
6940,0,31.247935452984816,31.247935452984816,100.0
6940,1,33.366575232762294,33.366575232762294,100.0
6940,2,35.3854893142529,35.3854893142529,100.0
6950,0,48.343781739285454,48.343781739285454,100.0
6950,1,15.635946990598459,15.635946990598459,100.0
6950,2,36.02027127011609,36.02027127011609,100.0
6960,0,20.52739438856395,20.52739438856395,100.0
6960,1,67.4406493227018,67.4406493227018,100.0
6960,2,12.031956288734241,12.031956288734241,100.0
6970,0,34.026063892552834,34.026063892552834,100.0
6970,1,26.930824126873997,26.930824126873997,100.0
6970,2,39.04311198057317,39.04311198057317,100.0
6980,0,14.855807806766027,14.855807806766027,100.0
6980,1,61.397539238647504,61.397539238647504,100.0
6980,2,23.746652954586466,23.746652954586466,100.0
6990,0,11.907294387083345,11.907294387083345,100.0
6990,1,76.38108700111147,76.38108700111147,100.0
6990,2,11.711618611805191,11.711618611805191,100.0
7000,0,33.00590547559903,33.00590547559903,100.0
7000,1,38.44575142108356,38.44575142108356,100.0
7000,2,28.548343103317414,28.548343103317414,100.0
7010,0,54.256883956035,54.256883956035,100.0
7010,1,30.32052301929377,30.32052301929377,100.0
7010,2,15.422593024671238,15.422593024671238,100.0
7020,0,50.923055959581895,50.923055959581895,100.0
7020,1,16.22450188273698,16.22450188273698,100.0
7020,2,32.852442157681125,32.852442157681125,100.0
7030,0,40.22865240773093,40.22865240773093,100.0
7030,1,29.573208718838462,29.573208718838462,100.0
7030,2,30.19813887343062,30.19813887343062,100.0
7040,0,39.39107672845016,39.39107672845016,100.0
7040,1,19.915337062439935,19.915337062439935,100.0
7040,2,40.6935862091099,40.6935862091099,100.0
7050,0,32.98886367252593,32.98886367252593,100.0
7050,1,32.531143005805596,32.531143005805596,100.0
7050,2,34.47999332166848,34.47999332166848,100.0
7060,0,24.686824520794893,24.686824520794893,100.0
7060,1,37.778296298049376,37.778296298049376,100.0
7060,2,37.53487918115573,37.53487918115573,100.0
7070,0,47.16651061598119,47.16651061598119,100.0
7070,1,22.866522323141155,22.866522323141155,100.0
7070,2,29.96696706087767,29.96696706087767,100.0
7080,0,53.407688958355884,53.407688958355884,100.0
7080,1,26.80625356826803,26.80625356826803,100.0
7080,2,19.786057473376093,19.786057473376093,100.0
7090,0,13.661144798093458,13.661144798093458,100.0
7090,1,54.699622285915275,54.699622285915275,100.0
7090,2,31.63923291599126,31.63923291599126,100.0
7100,0,31.72523119356106,31.72523119356106,100.0
7100,1,53.68910157874207,53.68910157874207,100.0
7100,2,14.585667227696872,14.585667227696872,100.0
7110,0,30.856663361842823,30.856663361842823,100.0
7110,1,41.71934945418605,41.71934945418605,100.0
7110,2,27.423987183971132,27.423987183971132,100.0
7120,0,7.698682399692915,7.698682399692915,100.0
7120,1,47.32839327258389,47.32839327258389,100.0
7120,2,44.9729243277232,44.9729243277232,100.0
7130,0,13.589931491376342,13.589931491376342,100.0
7130,1,45.189050666965805,45.189050666965805,100.0
7130,2,41.22101784165785,41.22101784165785,100.0
7140,0,28.067884622106483,28.067884622106483,100.0
7140,1,51.670673286704705,51.670673286704705,100.0
7140,2,20.26144209118882,20.26144209118882,100.0
7150,0,22.06201904641065,22.06201904641065,100.0
7150,1,23.262865704577987,23.262865704577987,100.0
7150,2,54.67511524901136,54.67511524901136,100.0
7160,0,21.499888250538916,21.499888250538916,100.0
7160,1,44.4851248390757,44.4851248390757,100.0
7160,2,34.01498691038539,34.01498691038539,100.0
7170,0,34.786242713710614,34.786242713710614,100.0
7170,1,52.53752961667849,52.53752961667849,100.0
7170,2,12.676227669610887,12.676227669610887,100.0
7180,0,12.865722484630407,12.865722484630407,100.0
7180,1,31.19698782176414,31.19698782176414,100.0
7180,2,55.93728969360545,55.93728969360545,100.0
7190,0,21.376499670181413,21.376499670181413,100.0
7190,1,42.88739869286039,42.88739869286039,100.0
7190,2,35.7361016369582,35.7361016369582,100.0
7200,0,29.327420700780323,29.327420700780323,100.0
7200,1,35.564788597989185,35.564788597989185,100.0
7200,2,35.1077907012305,35.1077907012305,100.0
7210,0,16.709293889248414,16.709293889248414,100.0
7210,1,12.086338556194045,12.086338556194045,100.0
7210,2,71.20436755455754,71.20436755455754,100.0
7220,0,19.766834539367046,19.766834539367046,100.0
7220,1,17.705963178943744,17.705963178943744,100.0
7220,2,62.527202281689206,62.527202281689206,100.0
7230,0,28.610490643981727,28.610490643981727,100.0
7230,1,30.904936651828592,30.904936651828592,100.0
7230,2,40.484572704189695,40.484572704189695,100.0
7240,0,14.213986713937299,14.213986713937299,100.0
7240,1,42.732990944446705,42.732990944446705,100.0
7240,2,43.053022341616,43.053022341616,100.0
7250,0,31.79446146532235,31.79446146532235,100.0
7250,1,33.52807328648534,33.52807328648534,100.0
7250,2,34.67746524819232,34.67746524819232,100.0
7260,0,24.209098181549983,24.209098181549983,100.0
7260,1,53.87270859283002,53.87270859283002,100.0
7260,2,21.91819322561999,21.91819322561999,100.0
7270,0,17.60185696609598,17.60185696609598,100.0
7270,1,62.090325690904095,62.090325690904095,100.0
7270,2,20.30781734299993,20.30781734299993,100.0
7280,0,28.301849460457667,28.301849460457667,100.0
7280,1,44.14306914825458,44.14306914825458,100.0
7280,2,27.55508139128776,27.55508139128776,100.0
7290,0,57.10914816637542,57.10914816637542,100.0
7290,1,22.593370048210655,22.593370048210655,100.0
7290,2,20.297481785413915,20.297481785413915,100.0
7300,0,20.8327200363826,20.8327200363826,100.0
7300,1,51.834494104690776,51.834494104690776,100.0
7300,2,27.332785858926623,27.332785858926623,100.0
7310,0,31.16204850399188,31.16204850399188,100.0
7310,1,33.78139745639235,33.78139745639235,100.0
7310,2,35.056554039615776,35.056554039615776,100.0
7320,0,29.51252804908316,29.51252804908316,100.0
7320,1,15.94586898468641,15.94586898468641,100.0
7320,2,54.54160296623044,54.54160296623044,100.0
7330,0,21.65188688530391,21.65188688530391,100.0
7330,1,41.82010503231828,41.82010503231828,100.0
7330,2,36.52800808237781,36.52800808237781,100.0
7340,0,14.63380618004766,14.63380618004766,100.0
7340,1,27.222794106356098,27.222794106356098,100.0
7340,2,58.143399713596246,58.143399713596246,100.0
7350,0,20.33183362507082,20.33183362507082,100.0
7350,1,62.81672347728098,62.81672347728098,100.0
7350,2,16.8514428976482,16.8514428976482,100.0
7360,0,12.668964377177344,12.668964377177344,100.0
7360,1,35.859760153775575,35.859760153775575,100.0
7360,2,51.47127546904707,51.47127546904707,100.0
7370,0,22.741586666286963,22.741586666286963,100.0
7370,1,50.649227737407166,50.649227737407166,100.0
7370,2,26.609185596305867,26.609185596305867,100.0
7380,0,23.22457503403621,23.22457503403621,100.0
7380,1,33.21384861752846,33.21384861752846,100.0
7380,2,43.56157634843533,43.56157634843533,100.0
7390,0,58.097766791699144,58.097766791699144,100.0
7390,1,19.847218375713787,19.847218375713787,100.0
7390,2,22.05501483258707,22.05501483258707,100.0
7400,0,44.88699548222782,44.88699548222782,100.0
7400,1,28.84576088587305,28.84576088587305,100.0
7400,2,26.267243631899134,26.267243631899134,100.0
7410,0,25.324534596603808,25.324534596603808,100.0
7410,1,40.699333410036424,40.699333410036424,100.0
7410,2,33.976131993359765,33.976131993359765,100.0
7420,0,19.67782990096618,19.67782990096618,100.0
7420,1,53.71677417156443,53.71677417156443,100.0
7420,2,26.605395927469388,26.605395927469388,100.0
7430,0,33.48314387752112,33.48314387752112,100.0
7430,1,42.215657991848936,42.215657991848936,100.0
7430,2,24.30119813062993,24.30119813062993,100.0
7440,0,12.817609023756948,12.817609023756948,100.0
7440,1,39.790062751501004,39.790062751501004,100.0
7440,2,47.39232822474204,47.39232822474204,100.0
7450,0,31.3837321125693,31.3837321125693,100.0
7450,1,47.57915805437049,47.57915805437049,100.0
7450,2,21.037109833060217,21.037109833060217,100.0
7460,0,24.789502103770833,24.789502103770833,100.0
7460,1,18.079659792745893,18.079659792745893,100.0
7460,2,57.13083810348327,57.13083810348327,100.0
7470,0,26.535938775540007,26.535938775540007,100.0
7470,1,49.477405628673054,49.477405628673054,100.0
7470,2,23.986655595786942,23.986655595786942,100.0
7480,0,48.780612200124715,48.780612200124715,100.0
7480,1,25.241579111951886,25.241579111951886,100.0
7480,2,25.97780868792341,25.97780868792341,100.0
7490,0,29.623768460134603,29.623768460134603,100.0
7490,1,31.632488027521592,31.632488027521592,100.0
7490,2,38.743743512343805,38.743743512343805,100.0
7500,0,12.69304634202005,12.69304634202005,100.0
7500,1,42.55546701970478,42.55546701970478,100.0
7500,2,44.75148663827517,44.75148663827517,100.0
7510,0,29.96428559808558,29.96428559808558,100.0
7510,1,12.111215242273037,12.111215242273037,100.0
7510,2,57.92449915964137,57.92449915964137,100.0
7520,0,33.21561703530241,33.21561703530241,100.0
7520,1,11.980929813543945,11.980929813543945,100.0
7520,2,54.80345315115365,54.80345315115365,100.0
7530,0,30.14324852931028,30.14324852931028,100.0
7530,1,51.09044897575282,51.09044897575282,100.0
7530,2,18.766302494936898,18.766302494936898,100.0
7540,0,42.54204871783642,42.54204871783642,100.0
7540,1,12.275024490595799,12.275024490595799,100.0
7540,2,45.18292679156778,45.18292679156778,100.0
7550,0,12.960577341400576,12.960577341400576,100.0
7550,1,62.196934050415166,62.196934050415166,100.0
7550,2,24.842488608184272,24.842488608184272,100.0
7560,0,26.606450460567583,26.606450460567583,100.0
7560,1,38.25237018906962,38.25237018906962,100.0
7560,2,35.1411793503628,35.1411793503628,100.0
7570,0,29.15429707388057,29.15429707388057,100.0
7570,1,14.063173760019001,14.063173760019001,100.0
7570,2,56.78252916610044,56.78252916610044,100.0
7580,0,48.98743357893097,48.98743357893097,100.0
7580,1,30.60440867510646,30.60440867510646,100.0
7580,2,20.408157745962583,20.408157745962583,100.0
7590,0,24.65020940935119,24.65020940935119,100.0
7590,1,16.791994871945494,16.791994871945494,100.0
7590,2,58.55779571870331,58.55779571870331,100.0
7600,0,35.05263587049985,35.05263587049985,100.0
7600,1,17.266500332167034,17.266500332167034,100.0
7600,2,47.680863797333124,47.680863797333124,100.0
7610,0,10.664392572753052,10.664392572753052,100.0
7610,1,38.39493168029587,38.39493168029587,100.0
7610,2,50.94067574695108,50.94067574695108,100.0
7620,0,28.563972417963328,28.563972417963328,100.0
7620,1,40.95579971387132,40.95579971387132,100.0
7620,2,30.48022786816536,30.48022786816536,100.0
7630,0,28.48670728912187,28.48670728912187,100.0
7630,1,56.972805341773636,56.972805341773636,100.0
7630,2,14.540487369104502,14.540487369104502,100.0
7640,0,16.19642898361354,16.19642898361354,100.0
7640,1,34.38619601607523,34.38619601607523,100.0
7640,2,49.41737500031122,49.41737500031122,100.0
7650,0,24.05293712386417,24.05293712386417,100.0
7650,1,47.19718580475089,47.19718580475089,100.0
7650,2,28.749877071384955,28.749877071384955,100.0
7660,0,19.257435184355934,19.257435184355934,100.0
7660,1,33.05037901198048,33.05037901198048,100.0
7660,2,47.69218580366358,47.69218580366358,100.0
7670,0,33.8667973405095,33.8667973405095,100.0
7670,1,34.00993854372209,34.00993854372209,100.0
7670,2,32.12326411576842,32.12326411576842,100.0
7680,0,22.453887792099767,22.453887792099767,100.0
7680,1,56.67576759566857,56.67576759566857,100.0
7680,2,20.870344612231666,20.870344612231666,100.0
7690,0,13.283637634532095,13.283637634532095,100.0
7690,1,26.10840343397068,26.10840343397068,100.0
7690,2,60.60795893149723,60.60795893149723,100.0
7700,0,32.894448704252724,32.894448704252724,100.0
7700,1,28.48050831134683,28.48050831134683,100.0
7700,2,38.62504298440045,38.62504298440045,100.0
7710,0,16.900035244530255,16.900035244530255,100.0
7710,1,37.52182977196553,37.52182977196553,100.0
7710,2,45.57813498350422,45.57813498350422,100.0
7720,0,12.673381114308146,12.673381114308146,100.0
7720,1,50.284707836565055,50.284707836565055,100.0
7720,2,37.0419110491268,37.0419110491268,100.0
7730,0,71.1354770474387,71.1354770474387,100.0
7730,1,13.985038317802037,13.985038317802037,100.0
7730,2,14.87948463475926,14.87948463475926,100.0
7740,0,32.25280970289492,32.25280970289492,100.0
7740,1,36.98270802322076,36.98270802322076,100.0
7740,2,30.764482273884315,30.764482273884315,100.0
7750,0,30.270669432831337,30.270669432831337,100.0
7750,1,35.291160740841704,35.291160740841704,100.0
7750,2,34.438169826326956,34.438169826326956,100.0
7760,0,46.010565166832706,46.010565166832706,100.0
7760,1,34.5361876199275,34.5361876199275,100.0
7760,2,19.45324721323981,19.45324721323981,100.0
7770,0,66.87347478576146,66.87347478576146,100.0
7770,1,15.857070153907129,15.857070153907129,100.0
7770,2,17.26945506033141,17.26945506033141,100.0
7780,0,38.43115352919517,38.43115352919517,100.0
7780,1,29.57578597615743,29.57578597615743,100.0
7780,2,31.99306049464739,31.99306049464739,100.0
7790,0,29.86081158509887,29.86081158509887,100.0
7790,1,32.99286582380397,32.99286582380397,100.0
7790,2,37.146322591097174,37.146322591097174,100.0
7800,0,16.770554713259372,16.770554713259372,100.0
7800,1,68.05172387823639,68.05172387823639,100.0
7800,2,15.17772140850425,15.17772140850425,100.0
7810,0,58.08427146277485,58.08427146277485,100.0
7810,1,26.92702786808295,26.92702786808295,100.0
7810,2,14.9887006691422,14.9887006691422,100.0
7820,0,28.035578557882197,28.035578557882197,100.0
7820,1,31.4352949003477,31.4352949003477,100.0
7820,2,40.529126541770104,40.529126541770104,100.0
7830,0,68.48225065073692,68.48225065073692,100.0
7830,1,14.55235433068438,14.55235433068438,100.0
7830,2,16.965395018578704,16.965395018578704,100.0
7840,0,24.754025228090835,24.754025228090835,100.0
7840,1,12.385211502831622,12.385211502831622,100.0
7840,2,62.860763269077545,62.860763269077545,100.0
7850,0,19.30947740498325,19.30947740498325,100.0
7850,1,58.54638195988704,58.54638195988704,100.0
7850,2,22.1441406351297,22.1441406351297,100.0
7860,0,63.77135927669727,63.77135927669727,100.0
7860,1,20.34225119619731,20.34225119619731,100.0
7860,2,15.886389527105418,15.886389527105418,100.0
7870,0,21.320229697738334,21.320229697738334,100.0
7870,1,62.143174226656406,62.143174226656406,100.0
7870,2,16.53659607560527,16.53659607560527,100.0
7880,0,18.794261337145983,18.794261337145983,100.0
7880,1,22.42802638444804,22.42802638444804,100.0
7880,2,58.77771227840598,58.77771227840598,100.0
7890,0,43.23540376298358,43.23540376298358,100.0
7890,1,45.696449547009124,45.696449547009124,100.0
7890,2,11.068146690007287,11.068146690007287,100.0
7900,0,38.98210891384112,38.98210891384112,100.0
7900,1,25.19590747493397,25.19590747493397,100.0
7900,2,35.821983611224915,35.821983611224915,100.0
7910,0,16.48838420445403,16.48838420445403,100.0
7910,1,54.46958750965229,54.46958750965229,100.0
7910,2,29.04202828589367,29.04202828589367,100.0
7920,0,60.59209110714841,60.59209110714841,100.0
7920,1,25.581679127065076,25.581679127065076,100.0
7920,2,13.826229765786517,13.826229765786517,100.0
7930,0,7.970448974855978,7.970448974855978,100.0
7930,1,44.934977542601594,44.934977542601594,100.0
7930,2,47.09457348254243,47.09457348254243,100.0
7940,0,57.20011133686725,57.20011133686725,100.0
7940,1,19.530479721851435,19.530479721851435,100.0
7940,2,23.269408941281313,23.269408941281313,100.0
7950,0,16.90457973077266,16.90457973077266,100.0
7950,1,34.7508944651615,34.7508944651615,100.0
7950,2,48.34452580406584,48.34452580406584,100.0
7960,0,31.574892178083424,31.574892178083424,100.0
7960,1,45.62725139341464,45.62725139341464,100.0
7960,2,22.797856428501934,22.797856428501934,100.0
7970,0,31.03071092531429,31.03071092531429,100.0
7970,1,47.40875634287893,47.40875634287893,100.0
7970,2,21.560532731806784,21.560532731806784,100.0
7980,0,9.660376320458425,9.660376320458425,100.0
7980,1,56.45937807372569,56.45937807372569,100.0
7980,2,33.88024560581589,33.88024560581589,100.0
7990,0,31.385143729344676,31.385143729344676,100.0
7990,1,42.094567740145735,42.094567740145735,100.0
7990,2,26.5202885305096,26.5202885305096,100.0
8000,0,11.873369329513526,11.873369329513526,100.0
8000,1,70.97545189393175,70.97545189393175,100.0
8000,2,17.151178776554726,17.151178776554726,100.0
8010,0,18.427058763086574,18.427058763086574,100.0
8010,1,61.503563046593754,61.503563046593754,100.0
8010,2,20.069378190319682,20.069378190319682,100.0
8020,0,21.075426461921484,21.075426461921484,100.0
8020,1,64.491555998512,64.491555998512,100.0
8020,2,14.433017539566533,14.433017539566533,100.0
8030,0,35.28089147534246,35.28089147534246,100.0
8030,1,48.273550685733774,48.273550685733774,100.0
8030,2,16.44555783892377,16.44555783892377,100.0
8040,0,33.52485633972951,33.52485633972951,100.0
8040,1,14.912260731221199,14.912260731221199,100.0
8040,2,51.562882929049294,51.562882929049294,100.0
8050,0,18.116209274384616,18.116209274384616,100.0
8050,1,49.73061670334948,49.73061670334948,100.0
8050,2,32.1531740222659,32.1531740222659,100.0
8060,0,8.79534003421402,8.79534003421402,100.0
8060,1,51.421981110122104,51.421981110122104,100.0
8060,2,39.78267885566388,39.78267885566388,100.0
8070,0,45.305529247710794,45.305529247710794,100.0
8070,1,11.51939388007815,11.51939388007815,100.0
8070,2,43.175076872211065,43.175076872211065,100.0
8080,0,16.27590050700373,16.27590050700373,100.0
8080,1,46.26456127999432,46.26456127999432,100.0
8080,2,37.459538213001956,37.459538213001956,100.0
8090,0,35.891592840517646,35.891592840517646,100.0
8090,1,42.79858989478697,42.79858989478697,100.0
8090,2,21.309817264695383,21.309817264695383,100.0
8100,0,26.93612188608887,26.93612188608887,100.0
8100,1,23.889928634538304,23.889928634538304,100.0
8100,2,49.17394947937282,49.17394947937282,100.0
8110,0,11.990278942433488,11.990278942433488,100.0
8110,1,69.2016185588398,69.2016185588398,100.0
8110,2,18.808102498726726,18.808102498726726,100.0
8120,0,47.25746301326282,47.25746301326282,100.0
8120,1,13.434527471239008,13.434527471239008,100.0
8120,2,39.30800951549816,39.30800951549816,100.0
8130,0,49.11500533265307,49.11500533265307,100.0
8130,1,13.02671411516179,13.02671411516179,100.0
8130,2,37.85828055218516,37.85828055218516,100.0
8140,0,9.68828417933877,9.68828417933877,100.0
8140,1,42.45318429585096,42.45318429585096,100.0
8140,2,47.85853152481026,47.85853152481026,100.0
8150,0,35.83898223667782,35.83898223667782,100.0
8150,1,29.845917200546445,29.845917200546445,100.0
8150,2,34.31510056277573,34.31510056277573,100.0
8160,0,29.979877382154818,29.979877382154818,100.0
8160,1,57.30255379432916,57.30255379432916,100.0
8160,2,12.717568823516027,12.717568823516027,100.0
8170,0,37.64635421834344,37.64635421834344,100.0
8170,1,31.67337306353862,31.67337306353862,100.0
8170,2,30.68027271811794,30.68027271811794,100.0
8180,0,70.68324589097975,70.68324589097975,100.0
8180,1,15.505588447962976,15.505588447962976,100.0
8180,2,13.811165661057279,13.811165661057279,100.0
8190,0,43.82499983867234,43.82499983867234,100.0
8190,1,17.971184402634936,17.971184402634936,100.0
8190,2,38.203815758692734,38.203815758692734,100.0
8200,0,14.572523610441854,14.572523610441854,100.0
8200,1,28.484390037769458,28.484390037769458,100.0
8200,2,56.943086351788686,56.943086351788686,100.0
8210,0,28.665873499384563,28.665873499384563,100.0
8210,1,33.58287491262066,33.58287491262066,100.0
8210,2,37.75125158799477,37.75125158799477,100.0
8220,0,12.97198408271589,12.97198408271589,100.0
8220,1,34.49873612820964,34.49873612820964,100.0
8220,2,52.529279789074465,52.529279789074465,100.0
8230,0,25.640515489375748,25.640515489375748,100.0
8230,1,25.23069001179628,25.23069001179628,100.0
8230,2,49.12879449882798,49.12879449882798,100.0
8240,0,15.07138386401608,15.07138386401608,100.0
8240,1,24.04444519832049,24.04444519832049,100.0
8240,2,60.88417093766343,60.88417093766343,100.0
8250,0,31.207361155177093,31.207361155177093,100.0
8250,1,29.513541224319813,29.513541224319813,100.0
8250,2,39.2790976205031,39.2790976205031,100.0
8260,0,17.51988721286531,17.51988721286531,100.0
8260,1,41.14468632020946,41.14468632020946,100.0
8260,2,41.33542646692524,41.33542646692524,100.0
8270,0,25.905869197443764,25.905869197443764,100.0
8270,1,50.61952706351126,50.61952706351126,100.0
8270,2,23.474603739044976,23.474603739044976,100.0
8280,0,10.496255128026716,10.496255128026716,100.0
8280,1,59.08381753260795,59.08381753260795,100.0
8280,2,30.419927339365334,30.419927339365334,100.0
8290,0,47.06770693502488,47.06770693502488,100.0
8290,1,20.544854533018295,20.544854533018295,100.0
8290,2,32.38743853195682,32.38743853195682,100.0
8300,0,37.638881314256395,37.638881314256395,100.0
8300,1,9.259094471183131,9.259094471183131,100.0
8300,2,53.10202421456047,53.10202421456047,100.0
8310,0,11.05504345293898,11.05504345293898,100.0
8310,1,18.01930684568586,18.01930684568586,100.0
8310,2,70.92564970137516,70.92564970137516,100.0
8320,0,43.42562301890021,43.42562301890021,100.0
8320,1,33.826603669450975,33.826603669450975,100.0
8320,2,22.747773311648817,22.747773311648817,100.0
8330,0,49.16996880539799,49.16996880539799,100.0
8330,1,18.27243883430176,18.27243883430176,100.0
8330,2,32.55759236030025,32.55759236030025,100.0
8340,0,55.35535519655248,55.35535519655248,100.0
8340,1,21.2665861366128,21.2665861366128,100.0
8340,2,23.37805866683473,23.37805866683473,100.0
8350,0,16.41806562822766,16.41806562822766,100.0
8350,1,48.436870504317014,48.436870504317014,100.0
8350,2,35.14506386745533,35.14506386745533,100.0
8360,0,11.0238649146876,11.0238649146876,100.0
8360,1,24.273759616475292,24.273759616475292,100.0
8360,2,64.70237546883712,64.70237546883712,100.0
8370,0,23.06100853373082,23.06100853373082,100.0
8370,1,24.716978403704402,24.716978403704402,100.0
8370,2,52.222013062564784,52.222013062564784,100.0
8380,0,12.4463015071546,12.4463015071546,100.0
8380,1,67.6243919910453,67.6243919910453,100.0
8380,2,19.92930650180011,19.92930650180011,100.0
8390,0,35.547520130397075,35.547520130397075,100.0
8390,1,53.87674579283761,53.87674579283761,100.0
8390,2,10.57573407676532,10.57573407676532,100.0
8400,0,42.52107112470058,42.52107112470058,100.0
8400,1,27.280892857560552,27.280892857560552,100.0
8400,2,30.198036017738865,30.198036017738865,100.0
8410,0,30.625001768012787,30.625001768012787,100.0
8410,1,35.0007305853515,35.0007305853515,100.0
8410,2,34.374267646635715,34.374267646635715,100.0
8420,0,12.074010179066622,12.074010179066622,100.0
8420,1,64.09044831031714,64.09044831031714,100.0
8420,2,23.835541510616235,23.835541510616235,100.0
8430,0,15.998474956617695,15.998474956617695,100.0
8430,1,42.853823982026036,42.853823982026036,100.0
8430,2,41.14770106135627,41.14770106135627,100.0
8440,0,53.282305074544176,53.282305074544176,100.0
8440,1,34.57114379973353,34.57114379973353,100.0
8440,2,12.146551125722304,12.146551125722304,100.0
8450,0,7.771554711698691,7.771554711698691,100.0
8450,1,48.24421958356789,48.24421958356789,100.0
8450,2,43.98422570473341,43.98422570473341,100.0
8460,0,17.83304797742467,17.83304797742467,100.0
8460,1,28.401501247606724,28.401501247606724,100.0
8460,2,53.76545077496861,53.76545077496861,100.0
8470,0,58.03168614936426,58.03168614936426,100.0
8470,1,18.94882937096405,18.94882937096405,100.0
8470,2,23.0194844796717,23.0194844796717,100.0
8480,0,29.1325822723117,29.1325822723117,100.0
8480,1,10.627346128946574,10.627346128946574,100.0
8480,2,60.24007159874172,60.24007159874172,100.0
8490,0,13.237225311652844,13.237225311652844,100.0
8490,1,44.67303893893933,44.67303893893933,100.0
8490,2,42.08973574940783,42.08973574940783,100.0
8500,0,17.453501513995448,17.453501513995448,100.0
8500,1,50.8162155992669,50.8162155992669,100.0
8500,2,31.730282886737655,31.730282886737655,100.0
8510,0,39.098660731592176,39.098660731592176,100.0
8510,1,30.534748904165298,30.534748904165298,100.0
8510,2,30.366590364242533,30.366590364242533,100.0
8520,0,39.71751864390925,39.71751864390925,100.0
8520,1,8.572723067690571,8.572723067690571,100.0
8520,2,51.70975828840019,51.70975828840019,100.0
8530,0,18.323592170276335,18.323592170276335,100.0
8530,1,39.80789010910573,39.80789010910573,100.0
8530,2,41.86851772061793,41.86851772061793,100.0
8540,0,44.72760965293709,44.72760965293709,100.0
8540,1,39.854787682546124,39.854787682546124,100.0
8540,2,15.41760266451679,15.41760266451679,100.0
8550,0,45.41682752909818,45.41682752909818,100.0
8550,1,8.56299824824668,8.56299824824668,100.0
8550,2,46.02017422265515,46.02017422265515,100.0
8560,0,23.744363662249647,23.744363662249647,100.0
8560,1,38.137736909782134,38.137736909782134,100.0
8560,2,38.11789942796821,38.11789942796821,100.0
8570,0,12.721649617941983,12.721649617941983,100.0
8570,1,36.174375161317144,36.174375161317144,100.0
8570,2,51.103975220740885,51.103975220740885,100.0
8580,0,41.12104878128769,41.12104878128769,100.0
8580,1,18.083192919104924,18.083192919104924,100.0
8580,2,40.7957582996074,40.7957582996074,100.0
8590,0,35.8336565223814,35.8336565223814,100.0
8590,1,17.19157557890018,17.19157557890018,100.0
8590,2,46.97476789871841,46.97476789871841,100.0
8600,0,20.810573440701923,20.810573440701923,100.0
8600,1,48.27460704637348,48.27460704637348,100.0
8600,2,30.914819512924602,30.914819512924602,100.0
8610,0,32.99724584289731,32.99724584289731,100.0
8610,1,23.416095832448473,23.416095832448473,100.0
8610,2,43.58665832465422,43.58665832465422,100.0
8620,0,21.587534534022907,21.587534534022907,100.0
8620,1,43.545412655912344,43.545412655912344,100.0
8620,2,34.867052810064756,34.867052810064756,100.0
8630,0,37.6915218933712,37.6915218933712,100.0
8630,1,22.5311797419958,22.5311797419958,100.0
8630,2,39.77729836463299,39.77729836463299,100.0
8640,0,26.345726410855026,26.345726410855026,100.0
8640,1,19.83447197442042,19.83447197442042,100.0
8640,2,53.81980161472456,53.81980161472456,100.0
8650,0,34.85248490992351,34.85248490992351,100.0
8650,1,24.286219714802897,24.286219714802897,100.0
8650,2,40.861295375273606,40.861295375273606,100.0
8660,0,42.62593432952795,42.62593432952795,100.0
8660,1,19.82827889269807,19.82827889269807,100.0
8660,2,37.545786777774,37.545786777774,100.0
8670,0,13.667452515126405,13.667452515126405,100.0
8670,1,51.40844764535098,51.40844764535098,100.0
8670,2,34.92409983952262,34.92409983952262,100.0
8680,0,15.537007809370007,15.537007809370007,100.0
8680,1,37.97990462088592,37.97990462088592,100.0
8680,2,46.48308756974408,46.48308756974408,100.0
8690,0,35.03760830594121,35.03760830594121,100.0
8690,1,33.16815003509398,33.16815003509398,100.0
8690,2,31.794241658964822,31.794241658964822,100.0
8700,0,10.525692777682648,10.525692777682648,100.0
8700,1,43.06909850673321,43.06909850673321,100.0
8700,2,46.40520871558415,46.40520871558415,100.0
8710,0,61.24828379771149,61.24828379771149,100.0
8710,1,23.64771220707401,23.64771220707401,100.0
8710,2,15.104003995214496,15.104003995214496,100.0
8720,0,20.819481216473573,20.819481216473573,100.0
8720,1,63.58227941109252,63.58227941109252,100.0
8720,2,15.598239372433898,15.598239372433898,100.0
8730,0,54.36018161704874,54.36018161704874,100.0
8730,1,8.61267756920972,8.61267756920972,100.0
8730,2,37.02714081374153,37.02714081374153,100.0
8740,0,36.79486036177092,36.79486036177092,100.0
8740,1,22.789390360155693,22.789390360155693,100.0
8740,2,40.415749278073385,40.415749278073385,100.0
8750,0,11.56457236116813,11.56457236116813,100.0
8750,1,45.87198616070495,45.87198616070495,100.0
8750,2,42.563441478126926,42.563441478126926,100.0
8760,0,28.76682970451491,28.76682970451491,100.0
8760,1,51.46287952416153,51.46287952416153,100.0
8760,2,19.77029077132356,19.77029077132356,100.0
8770,0,55.86657717710178,55.86657717710178,100.0
8770,1,31.700200312337873,31.700200312337873,100.0
8770,2,12.433222510560334,12.433222510560334,100.0
8780,0,11.519986195704892,11.519986195704892,100.0
8780,1,76.12414676309588,76.12414676309588,100.0
8780,2,12.355867041199238,12.355867041199238,100.0
8790,0,49.67760554215083,49.67760554215083,100.0
8790,1,39.72397794189713,39.72397794189713,100.0
8790,2,10.598416515952051,10.598416515952051,100.0
8800,0,21.118957873955836,21.118957873955836,100.0
8800,1,62.88886629910445,62.88886629910445,100.0
8800,2,15.992175826939715,15.992175826939715,100.0
8810,0,18.37162658287384,18.37162658287384,100.0
8810,1,56.36466978386062,56.36466978386062,100.0
8810,2,25.263703633265532,25.263703633265532,100.0
8820,0,17.416318096042527,17.416318096042527,100.0
8820,1,12.903045853619375,12.903045853619375,100.0
8820,2,69.68063605033811,69.68063605033811,100.0
8830,0,21.228219145305633,21.228219145305633,100.0
8830,1,13.809791133163024,13.809791133163024,100.0
8830,2,64.96198972153135,64.96198972153135,100.0
8840,0,25.525259675834793,25.525259675834793,100.0
8840,1,55.108572653901824,55.108572653901824,100.0
8840,2,19.366167670263387,19.366167670263387,100.0
8850,0,41.07679643135057,41.07679643135057,100.0
8850,1,29.597892111471946,29.597892111471946,100.0
8850,2,29.325311457177484,29.325311457177484,100.0
8860,0,32.038989464807415,32.038989464807415,100.0
8860,1,54.36070702018528,54.36070702018528,100.0
8860,2,13.600303515007306,13.600303515007306,100.0
8870,0,40.6696837835655,40.6696837835655,100.0
8870,1,27.150301716379854,27.150301716379854,100.0
8870,2,32.18001450005465,32.18001450005465,100.0
8880,0,31.367458059814968,31.367458059814968,100.0
8880,1,30.176712770171722,30.176712770171722,100.0
8880,2,38.45582917001332,38.45582917001332,100.0
8890,0,13.7545675923366,13.7545675923366,100.0
8890,1,14.971082053896048,14.971082053896048,100.0
8890,2,71.27435035376735,71.27435035376735,100.0
8900,0,48.25833916195045,48.25833916195045,100.0
8900,1,16.05608889984231,16.05608889984231,100.0
8900,2,35.68557193820725,35.68557193820725,100.0
8910,0,23.667593206615408,23.667593206615408,100.0
8910,1,27.855166206621355,27.855166206621355,100.0
8910,2,48.47724058676324,48.47724058676324,100.0
8920,0,47.800917226545025,47.800917226545025,100.0
8920,1,11.553217018904881,11.553217018904881,100.0
8920,2,40.6458657545501,40.6458657545501,100.0
8930,0,45.82428686713349,45.82428686713349,100.0
8930,1,39.65225653389707,39.65225653389707,100.0
8930,2,14.523456598969442,14.523456598969442,100.0
8940,0,17.95079428906576,17.95079428906576,100.0
8940,1,60.78731501098251,60.78731501098251,100.0
8940,2,21.26189069995173,21.26189069995173,100.0
8950,0,49.79245582903102,49.79245582903102,100.0
8950,1,17.718731559911134,17.718731559911134,100.0
8950,2,32.48881261105786,32.48881261105786,100.0
8960,0,42.67463479867039,42.67463479867039,100.0
8960,1,35.44443638534695,35.44443638534695,100.0
8960,2,21.880928815982664,21.880928815982664,100.0
8970,0,12.874186509320836,12.874186509320836,100.0
8970,1,61.074918201631014,61.074918201631014,100.0
8970,2,26.050895289048153,26.050895289048153,100.0
8980,0,20.16960732483003,20.16960732483003,100.0
8980,1,52.25550402896453,52.25550402896453,100.0
8980,2,27.574888646205448,27.574888646205448,100.0
8990,0,48.78339475582465,48.78339475582465,100.0
8990,1,22.860547022117363,22.860547022117363,100.0
8990,2,28.35605822205799,28.35605822205799,100.0
9000,0,62.47131847607454,62.47131847607454,100.0
9000,1,27.265102869094292,27.265102869094292,100.0
9000,2,10.263578654831164,10.263578654831164,100.0
9010,0,34.797094599581904,34.797094599581904,100.0
9010,1,34.93060274231109,34.93060274231109,100.0
9010,2,30.27230265810702,30.27230265810702,100.0
9020,0,48.25696043470906,48.25696043470906,100.0
9020,1,33.89580634475422,33.89580634475422,100.0
9020,2,17.847233220536733,17.847233220536733,100.0
9030,0,44.33362749221111,44.33362749221111,100.0
9030,1,26.993950080782597,26.993950080782597,100.0
9030,2,28.672422427006296,28.672422427006296,100.0
9040,0,15.309141594544995,15.309141594544995,100.0
9040,1,22.3958081426209,22.3958081426209,100.0
9040,2,62.29505026283411,62.29505026283411,100.0
9050,0,60.11010595679694,60.11010595679694,100.0
9050,1,23.11419068589391,23.11419068589391,100.0
9050,2,16.775703357309155,16.775703357309155,100.0
9060,0,20.246501710205973,20.246501710205973,100.0
9060,1,11.83703454629897,11.83703454629897,100.0
9060,2,67.91646374349506,67.91646374349506,100.0
9070,0,25.46086762016425,25.46086762016425,100.0
9070,1,20.279887980300266,20.279887980300266,100.0
9070,2,54.25924439953549,54.25924439953549,100.0
9080,0,33.37791099762265,33.37791099762265,100.0
9080,1,40.34891638381796,40.34891638381796,100.0
9080,2,26.2731726185594,26.2731726185594,100.0
9090,0,55.98307742068792,55.98307742068792,100.0
9090,1,26.474292452046456,26.474292452046456,100.0
9090,2,17.54263012726564,17.54263012726564,100.0
9100,0,41.29642309465507,41.29642309465507,100.0
9100,1,9.345467443047891,9.345467443047891,100.0
9100,2,49.35810946229704,49.35810946229704,100.0
9110,0,53.57136865406423,53.57136865406423,100.0
9110,1,34.267044767128574,34.267044767128574,100.0
9110,2,12.16158657880721,12.16158657880721,100.0
9120,0,20.541834864014675,20.541834864014675,100.0
9120,1,17.69684147481898,17.69684147481898,100.0
9120,2,61.761323661166344,61.761323661166344,100.0
9130,0,40.79562079120701,40.79562079120701,100.0
9130,1,45.34681063909508,45.34681063909508,100.0
9130,2,13.857568569697914,13.857568569697914,100.0
9140,0,12.195251037346559,12.195251037346559,100.0
9140,1,51.51783292007621,51.51783292007621,100.0
9140,2,36.28691604257724,36.28691604257724,100.0
9150,0,40.32341646566316,40.32341646566316,100.0
9150,1,22.631830754128487,22.631830754128487,100.0
9150,2,37.04475278020835,37.04475278020835,100.0
9160,0,50.98604105374188,50.98604105374188,100.0
9160,1,19.257470257316914,19.257470257316914,100.0
9160,2,29.756488688941197,29.756488688941197,100.0
9170,0,67.0444587469776,67.0444587469776,100.0
9170,1,14.942727493051738,14.942727493051738,100.0
9170,2,18.01281375997066,18.01281375997066,100.0
9180,0,22.050208107331613,22.050208107331613,100.0
9180,1,48.18783108777742,48.18783108777742,100.0
9180,2,29.76196080489097,29.76196080489097,100.0
9190,0,24.408865391197548,24.408865391197548,100.0
9190,1,24.56796889132512,24.56796889132512,100.0
9190,2,51.02316571747734,51.02316571747734,100.0
9200,0,30.548257991821217,30.548257991821217,100.0
9200,1,50.40284662375376,50.40284662375376,100.0
9200,2,19.048895384425034,19.048895384425034,100.0
9210,0,56.06216658630775,56.06216658630775,100.0
9210,1,32.95091687630129,32.95091687630129,100.0
9210,2,10.98691653739096,10.98691653739096,100.0
9220,0,19.445000265071272,19.445000265071272,100.0
9220,1,67.09799178784647,67.09799178784647,100.0
9220,2,13.457007947082268,13.457007947082268,100.0
9230,0,35.968225352750935,35.968225352750935,100.0
9230,1,32.69526354838336,32.69526354838336,100.0
9230,2,31.336511098865707,31.336511098865707,100.0
9240,0,36.10304235891066,36.10304235891066,100.0
9240,1,36.806979696058306,36.806979696058306,100.0
9240,2,27.089977945031023,27.089977945031023,100.0
9250,0,59.16052766474563,59.16052766474563,100.0
9250,1,24.764269003176906,24.764269003176906,100.0
9250,2,16.075203332077457,16.075203332077457,100.0
9260,0,24.77599592330613,24.77599592330613,100.0
9260,1,26.580914029750474,26.580914029750474,100.0
9260,2,48.643090046943406,48.643090046943406,100.0
9270,0,26.68066837872708,26.68066837872708,100.0
9270,1,9.722221239028315,9.722221239028315,100.0
9270,2,63.5971103822446,63.5971103822446,100.0
9280,0,19.743303985588174,19.743303985588174,100.0
9280,1,23.442991647456093,23.442991647456093,100.0
9280,2,56.81370436695573,56.81370436695573,100.0
9290,0,53.211690612446326,53.211690612446326,100.0
9290,1,21.808341956102616,21.808341956102616,100.0
9290,2,24.97996743145105,24.97996743145105,100.0
9300,0,17.50361966142383,17.50361966142383,100.0
9300,1,42.84032131352416,42.84032131352416,100.0
9300,2,39.656059025052016,39.656059025052016,100.0
9310,0,16.402731027779343,16.402731027779343,100.0
9310,1,66.21087572372572,66.21087572372572,100.0
9310,2,17.386393248494944,17.386393248494944,100.0
9320,0,66.19628803005698,66.19628803005698,100.0
9320,1,18.271591844432777,18.271591844432777,100.0
9320,2,15.532120125510243,15.532120125510243,100.0
9330,0,65.75167501750445,65.75167501750445,100.0
9330,1,19.806785350618565,19.806785350618565,100.0
9330,2,14.441539631876996,14.441539631876996,100.0
9340,0,19.81866457526282,19.81866457526282,100.0
9340,1,17.093458585744326,17.093458585744326,100.0
9340,2,63.08787683899286,63.08787683899286,100.0
9350,0,12.78229672296865,12.78229672296865,100.0
9350,1,29.35603251438322,29.35603251438322,100.0
9350,2,57.86167076264813,57.86167076264813,100.0
9360,0,63.27381721698247,63.27381721698247,100.0
9360,1,12.084460351702212,12.084460351702212,100.0
9360,2,24.64172243131532,24.64172243131532,100.0
9370,0,44.46618470112133,44.46618470112133,100.0
9370,1,26.706974730110055,26.706974730110055,100.0
9370,2,28.82684056876862,28.82684056876862,100.0
9380,0,50.014255097029846,50.014255097029846,100.0
9380,1,11.127707427276677,11.127707427276677,100.0
9380,2,38.85803747569347,38.85803747569347,100.0
9390,0,20.631428090559623,20.631428090559623,100.0
9390,1,31.452616361218862,31.452616361218862,100.0
9390,2,47.915955548221525,47.915955548221525,100.0
9400,0,9.058156169816705,9.058156169816705,100.0
9400,1,47.13665981756437,47.13665981756437,100.0
9400,2,43.80518401261893,43.80518401261893,100.0
9410,0,41.426581699811635,41.426581699811635,100.0
9410,1,23.78387165017724,23.78387165017724,100.0
9410,2,34.78954665001112,34.78954665001112,100.0
9420,0,53.631069428027175,53.631069428027175,100.0
9420,1,16.74420744673383,16.74420744673383,100.0
9420,2,29.62472312523899,29.62472312523899,100.0
9430,0,43.20135373471036,43.20135373471036,100.0
9430,1,23.100488259416142,23.100488259416142,100.0
9430,2,33.69815800587349,33.69815800587349,100.0
9440,0,41.59248767255012,41.59248767255012,100.0
9440,1,48.95155036374185,48.95155036374185,100.0
9440,2,9.455961963708022,9.455961963708022,100.0
9450,0,15.748485161475791,15.748485161475791,100.0
9450,1,61.68787851039147,61.68787851039147,100.0
9450,2,22.56363632813275,22.56363632813275,100.0
9460,0,32.68345073728691,32.68345073728691,100.0
9460,1,31.71838028861474,31.71838028861474,100.0
9460,2,35.59816897409835,35.59816897409835,100.0
9470,0,49.674774342981735,49.674774342981735,100.0
9470,1,42.008590920582996,42.008590920582996,100.0
9470,2,8.316634736435272,8.316634736435272,100.0
9480,0,29.80378215173287,29.80378215173287,100.0
9480,1,49.87976618241729,49.87976618241729,100.0
9480,2,20.316451665849833,20.316451665849833,100.0
9490,0,18.287798571145828,18.287798571145828,100.0
9490,1,61.143975563052635,61.143975563052635,100.0
9490,2,20.568225865801555,20.568225865801555,100.0
9500,0,46.368341259097434,46.368341259097434,100.0
9500,1,31.259910517077678,31.259910517077678,100.0
9500,2,22.3717482238249,22.3717482238249,100.0
9510,0,27.790113319036223,27.790113319036223,100.0
9510,1,41.59625034456226,41.59625034456226,100.0
9510,2,30.613636336401512,30.613636336401512,100.0
9520,0,30.49102934426279,30.49102934426279,100.0
9520,1,40.98513068533766,40.98513068533766,100.0
9520,2,28.523839970399546,28.523839970399546,100.0
9530,0,25.78425340960274,25.78425340960274,100.0
9530,1,38.119630084467346,38.119630084467346,100.0
9530,2,36.096116505929906,36.096116505929906,100.0
9540,0,37.66261409205747,37.66261409205747,100.0
9540,1,26.539553841344166,26.539553841344166,100.0
9540,2,35.797832066598374,35.797832066598374,100.0
9550,0,12.077598416055324,12.077598416055324,100.0
9550,1,75.35049657022684,75.35049657022684,100.0
9550,2,12.57190501371785,12.57190501371785,100.0
9560,0,29.22750699759846,29.22750699759846,100.0
9560,1,45.43240721226997,45.43240721226997,100.0
9560,2,25.34008579013156,25.34008579013156,100.0
9570,0,59.75813498323356,59.75813498323356,100.0
9570,1,22.528579231696742,22.528579231696742,100.0
9570,2,17.7132857850697,17.7132857850697,100.0
9580,0,24.62199892340852,24.62199892340852,100.0
9580,1,47.69918844456393,47.69918844456393,100.0
9580,2,27.67881263202755,27.67881263202755,100.0
9590,0,15.371444442860794,15.371444442860794,100.0
9590,1,66.40305305460814,66.40305305460814,100.0
9590,2,18.225502502531082,18.225502502531082,100.0
9600,0,55.46148172867779,55.46148172867779,100.0
9600,1,26.190438446333825,26.190438446333825,100.0
9600,2,18.34807982498838,18.34807982498838,100.0
9610,0,28.381038362122684,28.381038362122684,100.0
9610,1,22.453838821865553,22.453838821865553,100.0
9610,2,49.16512281601177,49.16512281601177,100.0
9620,0,36.25941245283345,36.25941245283345,100.0
9620,1,17.198059924622008,17.198059924622008,100.0
9620,2,46.54252762254455,46.54252762254455,100.0
9630,0,18.77854236420169,18.77854236420169,100.0
9630,1,22.656826570837055,22.656826570837055,100.0
9630,2,58.56463106496125,58.56463106496125,100.0
9640,0,11.735592406569317,11.735592406569317,100.0
9640,1,49.42010856111472,49.42010856111472,100.0
9640,2,38.84429903231596,38.84429903231596,100.0
9650,0,24.88011839424748,24.88011839424748,100.0
9650,1,49.38737430069919,49.38737430069919,100.0
9650,2,25.732507305053332,25.732507305053332,100.0
9660,0,39.556261241779254,39.556261241779254,100.0
9660,1,27.70475675892225,27.70475675892225,100.0
9660,2,32.73898199929849,32.73898199929849,100.0
9670,0,44.7725296562441,44.7725296562441,100.0
9670,1,35.2883168810049,35.2883168810049,100.0
9670,2,19.939153462751,19.939153462751,100.0
9680,0,27.499535467362712,27.499535467362712,100.0
9680,1,18.813804590712778,18.813804590712778,100.0
9680,2,53.68665994192452,53.68665994192452,100.0
9690,0,31.667125696379856,31.667125696379856,100.0
9690,1,30.18595688574682,30.18595688574682,100.0
9690,2,38.14691741787333,38.14691741787333,100.0
9700,0,32.51599700100234,32.51599700100234,100.0
9700,1,47.09322254937645,47.09322254937645,100.0
9700,2,20.390780449621207,20.390780449621207,100.0
9710,0,33.79010849394248,33.79010849394248,100.0
9710,1,39.48463665812527,39.48463665812527,100.0
9710,2,26.725254847932238,26.725254847932238,100.0
9720,0,48.66276538958847,48.66276538958847,100.0
9720,1,31.54614604391048,31.54614604391048,100.0
9720,2,19.791088566501053,19.791088566501053,100.0
9730,0,15.637020103269109,15.637020103269109,100.0
9730,1,64.24551174288128,64.24551174288128,100.0
9730,2,20.11746815384961,20.11746815384961,100.0
9740,0,26.982675530508192,26.982675530508192,100.0
9740,1,29.292033811924494,29.292033811924494,100.0
9740,2,43.725290657567314,43.725290657567314,100.0
9750,0,48.24180280851792,48.24180280851792,100.0
9750,1,11.538052580461564,11.538052580461564,100.0
9750,2,40.220144611020515,40.220144611020515,100.0
9760,0,49.61875646999695,49.61875646999695,100.0
9760,1,39.430205314298796,39.430205314298796,100.0
9760,2,10.95103821570426,10.95103821570426,100.0
9770,0,36.7226919394623,36.7226919394623,100.0
9770,1,27.402959302096697,27.402959302096697,100.0
9770,2,35.874348758441,35.874348758441,100.0
9780,0,27.29939522706729,27.29939522706729,100.0
9780,1,38.60814554082936,38.60814554082936,100.0
9780,2,34.09245923210335,34.09245923210335,100.0
9790,0,20.832409976642612,20.832409976642612,100.0
9790,1,21.836401981007906,21.836401981007906,100.0
9790,2,57.33118804234948,57.33118804234948,100.0
9800,0,24.223513775535192,24.223513775535192,100.0
9800,1,47.94442506841074,47.94442506841074,100.0
9800,2,27.832061156054078,27.832061156054078,100.0
9810,0,21.42611632802383,21.42611632802383,100.0
9810,1,54.249849375987694,54.249849375987694,100.0
9810,2,24.32403429598849,24.32403429598849,100.0
9820,0,16.606477894669823,16.606477894669823,100.0
9820,1,31.32120904554777,31.32120904554777,100.0
9820,2,52.0723130597824,52.0723130597824,100.0
9830,0,23.17380384847249,23.17380384847249,100.0
9830,1,45.867997648909906,45.867997648909906,100.0
9830,2,30.958198502617602,30.958198502617602,100.0
9840,0,45.71971217431448,45.71971217431448,100.0
9840,1,15.140457108135488,15.140457108135488,100.0
9840,2,39.13983071755004,39.13983071755004,100.0
9850,0,43.243580180542104,43.243580180542104,100.0
9850,1,32.734669526502394,32.734669526502394,100.0
9850,2,24.021750292955513,24.021750292955513,100.0
9860,0,48.301732346652656,48.301732346652656,100.0
9860,1,11.533475989499218,11.533475989499218,100.0
9860,2,40.164791663848135,40.164791663848135,100.0
9870,0,47.152300174534204,47.152300174534204,100.0
9870,1,34.43305187367433,34.43305187367433,100.0
9870,2,18.414647951791473,18.414647951791473,100.0
9880,0,60.940329037103815,60.940329037103815,100.0
9880,1,21.08649155792556,21.08649155792556,100.0
9880,2,17.97317940497063,17.97317940497063,100.0
9890,0,19.46220335960234,19.46220335960234,100.0
9890,1,37.18680774874484,37.18680774874484,100.0
9890,2,43.35098889165282,43.35098889165282,100.0
9900,0,17.09947234645157,17.09947234645157,100.0
9900,1,69.2962669719153,69.2962669719153,100.0
9900,2,13.604260681633132,13.604260681633132,100.0
9910,0,46.171466048302044,46.171466048302044,100.0
9910,1,34.43743026931219,34.43743026931219,100.0
9910,2,19.391103682385776,19.391103682385776,100.0
9920,0,32.75050133896365,32.75050133896365,100.0
9920,1,26.43212197805823,26.43212197805823,100.0
9920,2,40.81737668297813,40.81737668297813,100.0
9930,0,28.690480360958777,28.690480360958777,100.0
9930,1,43.35678975838793,43.35678975838793,100.0
9930,2,27.952729880653287,27.952729880653287,100.0
9940,0,44.01700071922681,44.01700071922681,100.0
9940,1,23.462583993335663,23.462583993335663,100.0
9940,2,32.52041528743753,32.52041528743753,100.0
9950,0,25.18383776166333,25.18383776166333,100.0
9950,1,27.38413363561383,27.38413363561383,100.0
9950,2,47.43202860272285,47.43202860272285,100.0
9960,0,37.173695110440946,37.173695110440946,100.0
9960,1,24.765468458683728,24.765468458683728,100.0
9960,2,38.06083643087533,38.06083643087533,100.0
9970,0,25.561411513394333,25.561411513394333,100.0
9970,1,12.967742947971628,12.967742947971628,100.0
9970,2,61.470845538634045,61.470845538634045,100.0
9980,0,47.210623186092306,47.210623186092306,100.0
9980,1,38.83242262721441,38.83242262721441,100.0
9980,2,13.956954186693277,13.956954186693277,100.0
9990,0,46.71109303708626,46.71109303708626,100.0
9990,1,33.123783047171564,33.123783047171564,100.0
9990,2,20.165123915742182,20.165123915742182,100.0
