timestamp,ueImsi,sliceId,rxBytes,txBytes,rxPackets,txPackets,lostPackets,throughputMbps,avgDelayMs,pdr,plr,resourceSharePct
530,6,2,0,540,0,1,0,0.000000,0.000000,0.000000,0.00,50.00
530,7,2,0,540,0,1,0,0.000000,0.000000,0.000000,0.00,50.00
530,8,2,0,540,0,1,0,0.000000,0.000000,0.000000,0.00,50.00
530,9,2,0,540,0,1,0,0.000000,0.000000,0.000000,0.00,50.00
530,10,2,0,540,0,1,0,0.000000,0.000000,0.000000,0.00,50.00
530,11,3,0,540,0,1,0,0.000000,0.000000,0.000000,0.00,23.00
530,12,3,0,540,0,1,0,0.000000,0.000000,0.000000,0.00,23.00
530,13,3,0,540,0,1,0,0.000000,0.000000,0.000000,0.00,23.00
530,14,3,0,540,0,1,0,0.000000,0.000000,0.000000,0.00,23.00
530,15,3,0,540,0,1,0,0.000000,0.000000,0.000000,0.00,23.00
530,16,3,0,540,0,1,0,0.000000,0.000000,0.000000,0.00,23.00
530,17,3,0,540,0,1,0,0.000000,0.000000,0.000000,0.00,23.00
530,18,3,0,540,0,1,0,0.000000,0.000000,0.000000,0.00,23.00
530,19,3,0,540,0,1,0,0.000000,0.000000,0.000000,0.00,23.00
530,20,3,0,540,0,1,0,0.000000,0.000000,0.000000,0.00,23.00
540,6,2,540,0,1,0,0,0.432000,9.548563,1.000000,0.00,50.00
540,7,2,540,0,1,0,0,0.432000,9.548563,1.000000,0.00,50.00
540,8,2,540,0,1,0,0,0.432000,9.548563,1.000000,0.00,50.00
540,9,2,540,0,1,0,0,0.432000,9.548563,1.000000,0.00,50.00
540,10,2,540,0,1,0,0,0.432000,9.548563,1.000000,0.00,50.00
540,11,3,540,0,1,0,0,0.432000,10.548563,1.000000,0.00,23.00
540,12,3,540,0,1,0,0,0.432000,10.548563,1.000000,0.00,23.00
540,13,3,540,0,1,0,0,0.432000,10.548563,1.000000,0.00,23.00
540,14,3,540,0,1,0,0,0.432000,10.548563,1.000000,0.00,23.00
540,15,3,540,0,1,0,0,0.432000,10.548563,1.000000,0.00,23.00
540,16,3,540,0,1,0,0,0.432000,10.548563,1.000000,0.00,23.00
540,17,3,540,0,1,0,0,0.432000,10.548563,1.000000,0.00,23.00
540,18,3,540,0,1,0,0,0.432000,10.548563,1.000000,0.00,23.00
540,19,3,540,0,1,0,0,0.432000,10.548563,1.000000,0.00,23.00
540,20,3,540,0,1,0,0,0.432000,10.548563,1.000000,0.00,23.00
550,6,2,540,540,1,1,0,0.432000,4.068563,1.000000,0.00,50.00
550,7,2,540,540,1,1,0,0.432000,4.068563,1.000000,0.00,50.00
550,8,2,540,540,1,1,0,0.432000,4.068563,1.000000,0.00,50.00
550,9,2,540,540,1,1,0,0.432000,4.068563,1.000000,0.00,50.00
550,10,2,540,540,1,1,0,0.432000,4.068563,1.000000,0.00,50.00
550,11,3,540,540,1,1,0,0.432000,4.068563,1.000000,0.00,23.00
550,12,3,540,540,1,1,0,0.432000,4.068563,1.000000,0.00,23.00
550,13,3,540,540,1,1,0,0.432000,4.068563,1.000000,0.00,23.00
550,14,3,540,540,1,1,0,0.432000,4.068563,1.000000,0.00,23.00
550,15,3,540,540,1,1,0,0.432000,4.068563,1.000000,0.00,23.00
550,16,3,540,540,1,1,0,0.432000,4.068563,1.000000,0.00,23.00
550,17,3,540,540,1,1,0,0.432000,4.068563,1.000000,0.00,23.00
550,18,3,540,540,1,1,0,0.432000,4.068563,1.000000,0.00,23.00
550,19,3,540,540,1,1,0,0.432000,4.068563,1.000000,0.00,23.00
550,20,3,540,540,1,1,0,0.432000,4.068563,1.000000,0.00,23.00
560,6,2,0,0,0,0,0,0.000000,0.000000,1.000000,0.00,50.00
560,7,2,0,0,0,0,0,0.000000,0.000000,1.000000,0.00,50.00
560,8,2,0,0,0,0,0,0.000000,0.000000,1.000000,0.00,50.00
560,9,2,0,0,0,0,0,0.000000,0.000000,1.000000,0.00,50.00
560,10,2,0,0,0,0,0,0.000000,0.000000,1.000000,0.00,50.00
560,11,3,0,0,0,0,0,0.000000,0.000000,1.000000,0.00,23.00
560,12,3,0,0,0,0,0,0.000000,0.000000,1.000000,0.00,23.00
560,13,3,0,0,0,0,0,0.000000,0.000000,1.000000,0.00,23.00
560,14,3,0,0,0,0,0,0.000000,0.000000,1.000000,0.00,23.00
560,15,3,0,0,0,0,0,0.000000,0.000000,1.000000,0.00,23.00
560,16,3,0,0,0,0,0,0.000000,0.000000,1.000000,0.00,23.00
560,17,3,0,0,0,0,0,0.000000,0.000000,1.000000,0.00,23.00
560,18,3,0,0,0,0,0,0.000000,0.000000,1.000000,0.00,23.00
560,19,3,0,0,0,0,0,0.000000,0.000000,1.000000,0.00,23.00
560,20,3,0,0,0,0,0,0.000000,0.000000,1.000000,0.00,23.00
570,6,2,540,540,1,1,0,0.432000,4.517135,1.000000,0.00,50.00
570,7,2,540,540,1,1,0,0.432000,4.517135,1.000000,0.00,50.00
570,8,2,540,540,1,1,0,0.432000,4.517135,1.000000,0.00,50.00
570,9,2,540,540,1,1,0,0.432000,4.517135,1.000000,0.00,50.00
570,10,2,540,540,1,1,0,0.432000,4.517135,1.000000,0.00,50.00
570,11,3,540,540,1,1,0,0.432000,4.517135,1.000000,0.00,23.00
570,12,3,540,540,1,1,0,0.432000,4.517135,1.000000,0.00,23.00
570,13,3,540,540,1,1,0,0.432000,4.517135,1.000000,0.00,23.00
570,14,3,540,540,1,1,0,0.432000,4.517135,1.000000,0.00,23.00
570,15,3,540,540,1,1,0,0.432000,4.517135,1.000000,0.00,23.00
570,16,3,540,540,1,1,0,0.432000,4.517135,1.000000,0.00,23.00
570,17,3,540,540,1,1,0,0.432000,4.517135,1.000000,0.00,23.00
570,18,3,540,540,1,1,0,0.432000,4.517135,1.000000,0.00,23.00
570,19,3,540,540,1,1,0,0.432000,4.517135,1.000000,0.00,23.00
570,20,3,540,540,1,1,0,0.432000,4.517135,1.000000,0.00,23.00
580,6,2,0,0,0,0,0,0.000000,0.000000,1.000000,0.00,50.00
580,7,2,0,0,0,0,0,0.000000,0.000000,1.000000,0.00,50.00
580,8,2,0,0,0,0,0,0.000000,0.000000,1.000000,0.00,50.00
580,9,2,0,0,0,0,0,0.000000,0.000000,1.000000,0.00,50.00
580,10,2,0,0,0,0,0,0.000000,0.000000,1.000000,0.00,50.00
580,11,3,0,0,0,0,0,0.000000,0.000000,1.000000,0.00,23.00
580,12,3,0,0,0,0,0,0.000000,0.000000,1.000000,0.00,23.00
580,13,3,0,0,0,0,0,0.000000,0.000000,1.000000,0.00,23.00
580,14,3,0,0,0,0,0,0.000000,0.000000,1.000000,0.00,23.00
580,15,3,0,0,0,0,0,0.000000,0.000000,1.000000,0.00,23.00
580,16,3,0,0,0,0,0,0.000000,0.000000,1.000000,0.00,23.00
580,17,3,0,0,0,0,0,0.000000,0.000000,1.000000,0.00,23.00
580,18,3,0,0,0,0,0,0.000000,0.000000,1.000000,0.00,23.00
580,19,3,0,0,0,0,0,0.000000,0.000000,1.000000,0.00,23.00
580,20,3,0,0,0,0,0,0.000000,0.000000,1.000000,0.00,23.00
590,6,2,540,540,1,1,0,0.432000,4.108563,1.000000,0.00,50.00
590,7,2,540,540,1,1,0,0.432000,4.108563,1.000000,0.00,50.00
590,8,2,540,540,1,1,0,0.432000,4.108563,1.000000,0.00,50.00
590,9,2,540,540,1,1,0,0.432000,4.108563,1.000000,0.00,50.00
590,10,2,540,540,1,1,0,0.432000,4.108563,1.000000,0.00,50.00
590,11,3,540,540,1,1,0,0.432000,4.108563,1.000000,0.00,23.00
590,12,3,540,540,1,1,0,0.432000,4.108563,1.000000,0.00,23.00
590,13,3,540,540,1,1,0,0.432000,4.108563,1.000000,0.00,23.00
590,14,3,540,540,1,1,0,0.432000,4.108563,1.000000,0.00,23.00
590,15,3,540,540,1,1,0,0.432000,4.108563,1.000000,0.00,23.00
590,16,3,540,540,1,1,0,0.432000,4.108563,1.000000,0.00,23.00
590,17,3,540,540,1,1,0,0.432000,4.108563,1.000000,0.00,23.00
590,18,3,540,540,1,1,0,0.432000,4.108563,1.000000,0.00,23.00
590,19,3,540,540,1,1,0,0.432000,4.108563,1.000000,0.00,23.00
590,20,3,540,540,1,1,0,0.432000,4.108563,1.000000,0.00,23.00
600,6,2,0,0,0,0,0,0.000000,0.000000,1.000000,0.00,50.00
600,7,2,0,0,0,0,0,0.000000,0.000000,1.000000,0.00,50.00
600,8,2,0,0,0,0,0,0.000000,0.000000,1.000000,0.00,50.00
600,9,2,0,0,0,0,0,0.000000,0.000000,1.000000,0.00,50.00
600,10,2,0,0,0,0,0,0.000000,0.000000,1.000000,0.00,50.00
600,11,3,0,0,0,0,0,0.000000,0.000000,1.000000,0.00,23.00
600,12,3,0,0,0,0,0,0.000000,0.000000,1.000000,0.00,23.00
600,13,3,0,0,0,0,0,0.000000,0.000000,1.000000,0.00,23.00
600,14,3,0,0,0,0,0,0.000000,0.000000,1.000000,0.00,23.00
600,15,3,0,0,0,0,0,0.000000,0.000000,1.000000,0.00,23.00
600,16,3,0,0,0,0,0,0.000000,0.000000,1.000000,0.00,23.00
600,17,3,0,0,0,0,0,0.000000,0.000000,1.000000,0.00,23.00
600,18,3,0,0,0,0,0,0.000000,0.000000,1.000000,0.00,23.00
600,19,3,0,0,0,0,0,0.000000,0.000000,1.000000,0.00,23.00
600,20,3,0,0,0,0,0,0.000000,0.000000,1.000000,0.00,23.00
610,6,2,540,540,1,1,0,0.432000,4.557135,1.000000,0.00,50.00
610,7,2,540,540,1,1,0,0.432000,4.557135,1.000000,0.00,50.00
610,8,2,540,540,1,1,0,0.432000,4.557135,1.000000,0.00,50.00
610,9,2,540,540,1,1,0,0.432000,4.557135,1.000000,0.00,50.00
610,10,2,540,540,1,1,0,0.432000,4.557135,1.000000,0.00,50.00
610,11,3,540,540,1,1,0,0.432000,4.557135,1.000000,0.00,23.00
610,12,3,540,540,1,1,0,0.432000,4.557135,1.000000,0.00,23.00
610,13,3,540,540,1,1,0,0.432000,4.557135,1.000000,0.00,23.00
610,14,3,540,540,1,1,0,0.432000,4.557135,1.000000,0.00,23.00
610,15,3,540,540,1,1,0,0.432000,4.557135,1.000000,0.00,23.00
610,16,3,540,540,1,1,0,0.432000,4.557135,1.000000,0.00,23.00
610,17,3,540,540,1,1,0,0.432000,4.557135,1.000000,0.00,23.00
610,18,3,540,540,1,1,0,0.432000,4.557135,1.000000,0.00,23.00
610,19,3,540,540,1,1,0,0.432000,4.557135,1.000000,0.00,23.00
610,20,3,540,540,1,1,0,0.432000,4.557135,1.000000,0.00,23.00
620,6,2,0,0,0,0,0,0.000000,0.000000,1.000000,0.00,50.00
620,7,2,0,0,0,0,0,0.000000,0.000000,1.000000,0.00,50.00
620,8,2,0,0,0,0,0,0.000000,0.000000,1.000000,0.00,50.00
620,9,2,0,0,0,0,0,0.000000,0.000000,1.000000,0.00,50.00
620,10,2,0,0,0,0,0,0.000000,0.000000,1.000000,0.00,50.00
620,11,3,0,0,0,0,0,0.000000,0.000000,1.000000,0.00,23.00
620,12,3,0,0,0,0,0,0.000000,0.000000,1.000000,0.00,23.00
620,13,3,0,0,0,0,0,0.000000,0.000000,1.000000,0.00,23.00
620,14,3,0,0,0,0,0,0.000000,0.000000,1.000000,0.00,23.00
620,15,3,0,0,0,0,0,0.000000,0.000000,1.000000,0.00,23.00
620,16,3,0,0,0,0,0,0.000000,0.000000,1.000000,0.00,23.00
620,17,3,0,0,0,0,0,0.000000,0.000000,1.000000,0.00,23.00
620,18,3,0,0,0,0,0,0.000000,0.000000,1.000000,0.00,23.00
620,19,3,0,0,0,0,0,0.000000,0.000000,1.000000,0.00,23.00
620,20,3,0,0,0,0,0,0.000000,0.000000,1.000000,0.00,23.00
630,6,2,540,540,1,1,0,0.432000,4.077135,1.000000,0.00,50.00
630,7,2,540,540,1,1,0,0.432000,4.077135,1.000000,0.00,50.00
630,8,2,540,540,1,1,0,0.432000,4.077135,1.000000,0.00,50.00
630,9,2,540,540,1,1,0,0.432000,4.077135,1.000000,0.00,50.00
630,10,2,540,540,1,1,0,0.432000,4.077135,1.000000,0.00,50.00
630,11,3,540,540,1,1,0,0.432000,4.077135,1.000000,0.00,23.00
630,12,3,540,540,1,1,0,0.432000,4.077135,1.000000,0.00,23.00
630,13,3,540,540,1,1,0,0.432000,4.077135,1.000000,0.00,23.00
630,14,3,540,540,1,1,0,0.432000,4.077135,1.000000,0.00,23.00
630,15,3,540,540,1,1,0,0.432000,4.077135,1.000000,0.00,23.00
630,16,3,540,540,1,1,0,0.432000,4.077135,1.000000,0.00,23.00
630,17,3,540,540,1,1,0,0.432000,4.077135,1.000000,0.00,23.00
630,18,3,540,540,1,1,0,0.432000,4.077135,1.000000,0.00,23.00
630,19,3,540,540,1,1,0,0.432000,4.077135,1.000000,0.00,23.00
630,20,3,540,540,1,1,0,0.432000,4.077135,1.000000,0.00,23.00
640,6,2,0,0,0,0,0,0.000000,0.000000,1.000000,0.00,50.00
640,7,2,0,0,0,0,0,0.000000,0.000000,1.000000,0.00,50.00
640,8,2,0,0,0,0,0,0.000000,0.000000,1.000000,0.00,50.00
640,9,2,0,0,0,0,0,0.000000,0.000000,1.000000,0.00,50.00
640,10,2,0,0,0,0,0,0.000000,0.000000,1.000000,0.00,50.00
640,11,3,0,0,0,0,0,0.000000,0.000000,1.000000,0.00,23.00
640,12,3,0,0,0,0,0,0.000000,0.000000,1.000000,0.00,23.00
640,13,3,0,0,0,0,0,0.000000,0.000000,1.000000,0.00,23.00
640,14,3,0,0,0,0,0,0.000000,0.000000,1.000000,0.00,23.00
640,15,3,0,0,0,0,0,0.000000,0.000000,1.000000,0.00,23.00
640,16,3,0,0,0,0,0,0.000000,0.000000,1.000000,0.00,23.00
640,17,3,0,0,0,0,0,0.000000,0.000000,1.000000,0.00,23.00
640,18,3,0,0,0,0,0,0.000000,0.000000,1.000000,0.00,23.00
640,19,3,0,0,0,0,0,0.000000,0.000000,1.000000,0.00,23.00
640,20,3,0,0,0,0,0,0.000000,0.000000,1.000000,0.00,23.00
650,6,2,540,540,1,1,0,0.432000,4.668563,1.000000,0.00,50.00
650,7,2,540,540,1,1,0,0.432000,4.668563,1.000000,0.00,50.00
650,8,2,540,540,1,1,0,0.432000,4.668563,1.000000,0.00,50.00
650,9,2,540,540,1,1,0,0.432000,4.668563,1.000000,0.00,50.00
650,10,2,540,540,1,1,0,0.432000,4.668563,1.000000,0.00,50.00
650,11,3,540,540,1,1,0,0.432000,4.668563,1.000000,0.00,23.00
650,12,3,540,540,1,1,0,0.432000,4.668563,1.000000,0.00,23.00
650,13,3,540,540,1,1,0,0.432000,4.668563,1.000000,0.00,23.00
650,14,3,540,540,1,1,0,0.432000,4.668563,1.000000,0.00,23.00
650,15,3,540,540,1,1,0,0.432000,4.668563,1.000000,0.00,23.00
650,16,3,540,540,1,1,0,0.432000,4.668563,1.000000,0.00,23.00
650,17,3,540,540,1,1,0,0.432000,4.668563,1.000000,0.00,23.00
650,18,3,540,540,1,1,0,0.432000,4.668563,1.000000,0.00,23.00
650,19,3,540,540,1,1,0,0.432000,4.668563,1.000000,0.00,23.00
650,20,3,540,540,1,1,0,0.432000,4.668563,1.000000,0.00,23.00
660,6,2,0,0,0,0,0,0.000000,0.000000,1.000000,0.00,50.00
660,7,2,0,0,0,0,0,0.000000,0.000000,1.000000,0.00,50.00
660,8,2,0,0,0,0,0,0.000000,0.000000,1.000000,0.00,50.00
660,9,2,0,0,0,0,0,0.000000,0.000000,1.000000,0.00,50.00
660,10,2,0,0,0,0,0,0.000000,0.000000,1.000000,0.00,50.00
660,11,3,0,0,0,0,0,0.000000,0.000000,1.000000,0.00,23.00
660,12,3,0,0,0,0,0,0.000000,0.000000,1.000000,0.00,23.00
660,13,3,0,0,0,0,0,0.000000,0.000000,1.000000,0.00,23.00
660,14,3,0,0,0,0,0,0.000000,0.000000,1.000000,0.00,23.00
660,15,3,0,0,0,0,0,0.000000,0.000000,1.000000,0.00,23.00
660,16,3,0,0,0,0,0,0.000000,0.000000,1.000000,0.00,23.00
660,17,3,0,0,0,0,0,0.000000,0.000000,1.000000,0.00,23.00
660,18,3,0,0,0,0,0,0.000000,0.000000,1.000000,0.00,23.00
660,19,3,0,0,0,0,0,0.000000,0.000000,1.000000,0.00,23.00
660,20,3,0,0,0,0,0,0.000000,0.000000,1.000000,0.00,23.00
670,6,2,540,540,1,1,0,0.432000,4.117135,1.000000,0.00,50.00
670,7,2,540,540,1,1,0,0.432000,4.117135,1.000000,0.00,50.00
670,8,2,540,540,1,1,0,0.432000,4.117135,1.000000,0.00,50.00
670,9,2,540,540,1,1,0,0.432000,4.117135,1.000000,0.00,50.00
670,10,2,540,540,1,1,0,0.432000,4.117135,1.000000,0.00,50.00
670,11,3,540,540,1,1,0,0.432000,4.117135,1.000000,0.00,23.00
670,12,3,540,540,1,1,0,0.432000,4.117135,1.000000,0.00,23.00
670,13,3,540,540,1,1,0,0.432000,4.117135,1.000000,0.00,23.00
670,14,3,540,540,1,1,0,0.432000,4.117135,1.000000,0.00,23.00
670,15,3,540,540,1,1,0,0.432000,4.117135,1.000000,0.00,23.00
670,16,3,540,540,1,1,0,0.432000,4.117135,1.000000,0.00,23.00
670,17,3,540,540,1,1,0,0.432000,4.117135,1.000000,0.00,23.00
670,18,3,540,540,1,1,0,0.432000,4.117135,1.000000,0.00,23.00
670,19,3,540,540,1,1,0,0.432000,4.117135,1.000000,0.00,23.00
670,20,3,540,540,1,1,0,0.432000,4.117135,1.000000,0.00,23.00
680,6,2,0,0,0,0,0,0.000000,0.000000,1.000000,0.00,50.00
680,7,2,0,0,0,0,0,0.000000,0.000000,1.000000,0.00,50.00
680,8,2,0,0,0,0,0,0.000000,0.000000,1.000000,0.00,50.00
680,9,2,0,0,0,0,0,0.000000,0.000000,1.000000,0.00,50.00
680,10,2,0,0,0,0,0,0.000000,0.000000,1.000000,0.00,50.00
680,11,3,0,0,0,0,0,0.000000,0.000000,1.000000,0.00,23.00
680,12,3,0,0,0,0,0,0.000000,0.000000,1.000000,0.00,23.00
680,13,3,0,0,0,0,0,0.000000,0.000000,1.000000,0.00,23.00
680,14,3,0,0,0,0,0,0.000000,0.000000,1.000000,0.00,23.00
680,15,3,0,0,0,0,0,0.000000,0.000000,1.000000,0.00,23.00
680,16,3,0,0,0,0,0,0.000000,0.000000,1.000000,0.00,23.00
680,17,3,0,0,0,0,0,0.000000,0.000000,1.000000,0.00,23.00
680,18,3,0,0,0,0,0,0.000000,0.000000,1.000000,0.00,23.00
680,19,3,0,0,0,0,0,0.000000,0.000000,1.000000,0.00,23.00
680,20,3,0,0,0,0,0,0.000000,0.000000,1.000000,0.00,23.00
690,6,2,540,540,1,1,0,0.432000,4.708563,1.000000,0.00,50.00
690,7,2,540,540,1,1,0,0.432000,4.708563,1.000000,0.00,50.00
690,8,2,540,540,1,1,0,0.432000,4.708563,1.000000,0.00,50.00
690,9,2,540,540,1,1,0,0.432000,4.708563,1.000000,0.00,50.00
690,10,2,540,540,1,1,0,0.432000,4.708563,1.000000,0.00,50.00
690,11,3,540,540,1,1,0,0.432000,4.708563,1.000000,0.00,23.00
690,12,3,540,540,1,1,0,0.432000,4.708563,1.000000,0.00,23.00
690,13,3,540,540,1,1,0,0.432000,4.708563,1.000000,0.00,23.00
690,14,3,540,540,1,1,0,0.432000,4.708563,1.000000,0.00,23.00
690,15,3,540,540,1,1,0,0.432000,4.708563,1.000000,0.00,23.00
690,16,3,540,540,1,1,0,0.432000,4.708563,1.000000,0.00,23.00
690,17,3,540,540,1,1,0,0.432000,4.708563,1.000000,0.00,23.00
690,18,3,540,540,1,1,0,0.432000,4.708563,1.000000,0.00,23.00
690,19,3,540,540,1,1,0,0.432000,4.708563,1.000000,0.00,23.00
690,20,3,540,540,1,1,0,0.432000,4.708563,1.000000,0.00,23.00
700,6,2,0,0,0,0,0,0.000000,0.000000,1.000000,0.00,50.00
700,7,2,0,0,0,0,0,0.000000,0.000000,1.000000,0.00,50.00
700,8,2,0,0,0,0,0,0.000000,0.000000,1.000000,0.00,50.00
700,9,2,0,0,0,0,0,0.000000,0.000000,1.000000,0.00,50.00
700,10,2,0,0,0,0,0,0.000000,0.000000,1.000000,0.00,50.00
700,11,3,0,0,0,0,0,0.000000,0.000000,1.000000,0.00,23.00
700,12,3,0,0,0,0,0,0.000000,0.000000,1.000000,0.00,23.00
700,13,3,0,0,0,0,0,0.000000,0.000000,1.000000,0.00,23.00
700,14,3,0,0,0,0,0,0.000000,0.000000,1.000000,0.00,23.00
700,15,3,0,0,0,0,0,0.000000,0.000000,1.000000,0.00,23.00
700,16,3,0,0,0,0,0,0.000000,0.000000,1.000000,0.00,23.00
700,17,3,0,0,0,0,0,0.000000,0.000000,1.000000,0.00,23.00
700,18,3,0,0,0,0,0,0.000000,0.000000,1.000000,0.00,23.00
700,19,3,0,0,0,0,0,0.000000,0.000000,1.000000,0.00,23.00
700,20,3,0,0,0,0,0,0.000000,0.000000,1.000000,0.00,23.00
710,6,2,540,540,1,1,0,0.432000,4.228563,1.000000,0.00,50.00
710,7,2,540,540,1,1,0,0.432000,4.228563,1.000000,0.00,50.00
710,8,2,540,540,1,1,0,0.432000,4.228563,1.000000,0.00,50.00
710,9,2,540,540,1,1,0,0.432000,4.228563,1.000000,0.00,50.00
710,10,2,540,540,1,1,0,0.432000,4.228563,1.000000,0.00,50.00
710,11,3,540,540,1,1,0,0.432000,4.228563,1.000000,0.00,23.00
710,12,3,540,540,1,1,0,0.432000,4.228563,1.000000,0.00,23.00
710,13,3,540,540,1,1,0,0.432000,4.228563,1.000000,0.00,23.00
710,14,3,540,540,1,1,0,0.432000,4.228563,1.000000,0.00,23.00
710,15,3,540,540,1,1,0,0.432000,4.228563,1.000000,0.00,23.00
710,16,3,540,540,1,1,0,0.432000,4.228563,1.000000,0.00,23.00
710,17,3,540,540,1,1,0,0.432000,4.228563,1.000000,0.00,23.00
710,18,3,540,540,1,1,0,0.432000,4.228563,1.000000,0.00,23.00
710,19,3,540,540,1,1,0,0.432000,4.228563,1.000000,0.00,23.00
710,20,3,540,540,1,1,0,0.432000,4.228563,1.000000,0.00,23.00
720,6,2,0,0,0,0,0,0.000000,0.000000,1.000000,0.00,50.00
720,7,2,0,0,0,0,0,0.000000,0.000000,1.000000,0.00,50.00
720,8,2,0,0,0,0,0,0.000000,0.000000,1.000000,0.00,50.00
720,9,2,0,0,0,0,0,0.000000,0.000000,1.000000,0.00,50.00
720,10,2,0,0,0,0,0,0.000000,0.000000,1.000000,0.00,50.00
720,11,3,0,0,0,0,0,0.000000,0.000000,1.000000,0.00,23.00
720,12,3,0,0,0,0,0,0.000000,0.000000,1.000000,0.00,23.00
720,13,3,0,0,0,0,0,0.000000,0.000000,1.000000,0.00,23.00
720,14,3,0,0,0,0,0,0.000000,0.000000,1.000000,0.00,23.00
720,15,3,0,0,0,0,0,0.000000,0.000000,1.000000,0.00,23.00
720,16,3,0,0,0,0,0,0.000000,0.000000,1.000000,0.00,23.00
720,17,3,0,0,0,0,0,0.000000,0.000000,1.000000,0.00,23.00
720,18,3,0,0,0,0,0,0.000000,0.000000,1.000000,0.00,23.00
720,19,3,0,0,0,0,0,0.000000,0.000000,1.000000,0.00,23.00
720,20,3,0,0,0,0,0,0.000000,0.000000,1.000000,0.00,23.00
730,6,2,0,540,0,1,0,0.000000,0.000000,0.000000,0.00,50.00
730,7,2,0,540,0,1,0,0.000000,0.000000,0.000000,0.00,50.00
730,8,2,0,540,0,1,0,0.000000,0.000000,0.000000,0.00,50.00
730,9,2,0,540,0,1,0,0.000000,0.000000,0.000000,0.00,50.00
730,10,2,0,540,0,1,0,0.000000,0.000000,0.000000,0.00,50.00
730,11,3,0,540,0,1,0,0.000000,0.000000,0.000000,0.00,23.00
730,12,3,0,540,0,1,0,0.000000,0.000000,0.000000,0.00,23.00
730,13,3,0,540,0,1,0,0.000000,0.000000,0.000000,0.00,23.00
730,14,3,0,540,0,1,0,0.000000,0.000000,0.000000,0.00,23.00
730,15,3,0,540,0,1,0,0.000000,0.000000,0.000000,0.00,23.00
730,16,3,0,540,0,1,0,0.000000,0.000000,0.000000,0.00,23.00
730,17,3,0,540,0,1,0,0.000000,0.000000,0.000000,0.00,23.00
730,18,3,0,540,0,1,0,0.000000,0.000000,0.000000,0.00,23.00
730,19,3,0,540,0,1,0,0.000000,0.000000,0.000000,0.00,23.00
730,20,3,0,540,0,1,0,0.000000,0.000000,0.000000,0.00,23.00
740,6,2,540,0,1,0,0,0.432000,4.748563,1.000000,0.00,50.00
740,7,2,540,0,1,0,0,0.432000,4.748563,1.000000,0.00,50.00
740,8,2,540,0,1,0,0,0.432000,4.748563,1.000000,0.00,50.00
740,9,2,540,0,1,0,0,0.432000,4.748563,1.000000,0.00,50.00
740,10,2,540,0,1,0,0,0.432000,4.748563,1.000000,0.00,50.00
740,11,3,540,0,1,0,0,0.432000,4.748563,1.000000,0.00,23.00
740,12,3,540,0,1,0,0,0.432000,4.748563,1.000000,0.00,23.00
740,13,3,540,0,1,0,0,0.432000,4.748563,1.000000,0.00,23.00
740,14,3,540,0,1,0,0,0.432000,4.748563,1.000000,0.00,23.00
740,15,3,540,0,1,0,0,0.432000,4.748563,1.000000,0.00,23.00
740,16,3,540,0,1,0,0,0.432000,4.748563,1.000000,0.00,23.00
740,17,3,540,0,1,0,0,0.432000,4.748563,1.000000,0.00,23.00
740,18,3,540,0,1,0,0,0.432000,4.748563,1.000000,0.00,23.00
740,19,3,540,0,1,0,0,0.432000,4.748563,1.000000,0.00,23.00
740,20,3,540,0,1,0,0,0.432000,4.748563,1.000000,0.00,23.00
750,6,2,0,540,0,1,0,0.000000,0.000000,0.000000,0.00,50.00
750,7,2,0,540,0,1,0,0.000000,0.000000,0.000000,0.00,50.00
750,8,2,0,540,0,1,0,0.000000,0.000000,0.000000,0.00,50.00
750,9,2,0,540,0,1,0,0.000000,0.000000,0.000000,0.00,50.00
750,10,2,0,540,0,1,0,0.000000,0.000000,0.000000,0.00,50.00
750,11,3,0,540,0,1,0,0.000000,0.000000,0.000000,0.00,23.00
750,12,3,0,540,0,1,0,0.000000,0.000000,0.000000,0.00,23.00
750,13,3,0,540,0,1,0,0.000000,0.000000,0.000000,0.00,23.00
750,14,3,0,540,0,1,0,0.000000,0.000000,0.000000,0.00,23.00
750,15,3,0,540,0,1,0,0.000000,0.000000,0.000000,0.00,23.00
750,16,3,0,540,0,1,0,0.000000,0.000000,0.000000,0.00,23.00
750,17,3,0,540,0,1,0,0.000000,0.000000,0.000000,0.00,23.00
750,18,3,0,540,0,1,0,0.000000,0.000000,0.000000,0.00,23.00
750,19,3,0,540,0,1,0,0.000000,0.000000,0.000000,0.00,23.00
750,20,3,0,540,0,1,0,0.000000,0.000000,0.000000,0.00,23.00
760,6,2,540,0,1,0,0,0.432000,4.268563,1.000000,0.00,50.00
760,7,2,540,0,1,0,0,0.432000,4.268563,1.000000,0.00,50.00
760,8,2,540,0,1,0,0,0.432000,4.268563,1.000000,0.00,50.00
760,9,2,540,0,1,0,0,0.432000,4.268563,1.000000,0.00,50.00
760,10,2,540,0,1,0,0,0.432000,4.268563,1.000000,0.00,50.00
760,11,3,540,0,1,0,0,0.432000,4.268563,1.000000,0.00,23.00
760,12,3,540,0,1,0,0,0.432000,4.268563,1.000000,0.00,23.00
760,13,3,540,0,1,0,0,0.432000,4.268563,1.000000,0.00,23.00
760,14,3,540,0,1,0,0,0.432000,4.268563,1.000000,0.00,23.00
760,15,3,540,0,1,0,0,0.432000,4.268563,1.000000,0.00,23.00
760,16,3,540,0,1,0,0,0.432000,4.268563,1.000000,0.00,23.00
760,17,3,540,0,1,0,0,0.432000,4.268563,1.000000,0.00,23.00
760,18,3,540,0,1,0,0,0.432000,4.268563,1.000000,0.00,23.00
760,19,3,540,0,1,0,0,0.432000,4.268563,1.000000,0.00,23.00
760,20,3,540,0,1,0,0,0.432000,4.268563,1.000000,0.00,23.00
770,6,2,0,540,0,1,0,0.000000,0.000000,0.000000,0.00,50.00
770,7,2,0,540,0,1,0,0.000000,0.000000,0.000000,0.00,50.00
770,8,2,0,540,0,1,0,0.000000,0.000000,0.000000,0.00,50.00
770,9,2,0,540,0,1,0,0.000000,0.000000,0.000000,0.00,50.00
770,10,2,0,540,0,1,0,0.000000,0.000000,0.000000,0.00,50.00
770,11,3,0,540,0,1,0,0.000000,0.000000,0.000000,0.00,23.00
770,12,3,0,540,0,1,0,0.000000,0.000000,0.000000,0.00,23.00
770,13,3,0,540,0,1,0,0.000000,0.000000,0.000000,0.00,23.00
770,14,3,0,540,0,1,0,0.000000,0.000000,0.000000,0.00,23.00
770,15,3,0,540,0,1,0,0.000000,0.000000,0.000000,0.00,23.00
770,16,3,0,540,0,1,0,0.000000,0.000000,0.000000,0.00,23.00
770,17,3,0,540,0,1,0,0.000000,0.000000,0.000000,0.00,23.00
770,18,3,0,540,0,1,0,0.000000,0.000000,0.000000,0.00,23.00
770,19,3,0,540,0,1,0,0.000000,0.000000,0.000000,0.00,23.00
770,20,3,0,540,0,1,0,0.000000,0.000000,0.000000,0.00,23.00
780,6,2,540,0,1,0,0,0.432000,4.788563,1.000000,0.00,50.00
780,7,2,540,0,1,0,0,0.432000,4.788563,1.000000,0.00,50.00
780,8,2,540,0,1,0,0,0.432000,4.788563,1.000000,0.00,50.00
780,9,2,540,0,1,0,0,0.432000,4.788563,1.000000,0.00,50.00
780,10,2,540,0,1,0,0,0.432000,4.788563,1.000000,0.00,50.00
780,11,3,540,0,1,0,0,0.432000,4.788563,1.000000,0.00,23.00
780,12,3,540,0,1,0,0,0.432000,4.788563,1.000000,0.00,23.00
780,13,3,540,0,1,0,0,0.432000,4.788563,1.000000,0.00,23.00
780,14,3,540,0,1,0,0,0.432000,4.788563,1.000000,0.00,23.00
780,15,3,540,0,1,0,0,0.432000,4.788563,1.000000,0.00,23.00
780,16,3,540,0,1,0,0,0.432000,4.788563,1.000000,0.00,23.00
780,17,3,540,0,1,0,0,0.432000,4.788563,1.000000,0.00,23.00
780,18,3,540,0,1,0,0,0.432000,4.788563,1.000000,0.00,23.00
780,19,3,540,0,1,0,0,0.432000,4.788563,1.000000,0.00,23.00
780,20,3,540,0,1,0,0,0.432000,4.788563,1.000000,0.00,23.00
790,6,2,0,540,0,1,0,0.000000,0.000000,0.000000,0.00,50.00
790,7,2,0,540,0,1,0,0.000000,0.000000,0.000000,0.00,50.00
790,8,2,0,540,0,1,0,0.000000,0.000000,0.000000,0.00,50.00
790,9,2,0,540,0,1,0,0.000000,0.000000,0.000000,0.00,50.00
790,10,2,0,540,0,1,0,0.000000,0.000000,0.000000,0.00,50.00
790,11,3,0,540,0,1,0,0.000000,0.000000,0.000000,0.00,23.00
790,12,3,0,540,0,1,0,0.000000,0.000000,0.000000,0.00,23.00
790,13,3,0,540,0,1,0,0.000000,0.000000,0.000000,0.00,23.00
790,14,3,0,540,0,1,0,0.000000,0.000000,0.000000,0.00,23.00
790,15,3,0,540,0,1,0,0.000000,0.000000,0.000000,0.00,23.00
790,16,3,0,540,0,1,0,0.000000,0.000000,0.000000,0.00,23.00
790,17,3,0,540,0,1,0,0.000000,0.000000,0.000000,0.00,23.00
790,18,3,0,540,0,1,0,0.000000,0.000000,0.000000,0.00,23.00
790,19,3,0,540,0,1,0,0.000000,0.000000,0.000000,0.00,23.00
790,20,3,0,540,0,1,0,0.000000,0.000000,0.000000,0.00,23.00
800,6,2,540,0,1,0,0,0.432000,4.308563,1.000000,0.00,50.00
800,7,2,540,0,1,0,0,0.432000,4.308563,1.000000,0.00,50.00
800,8,2,540,0,1,0,0,0.432000,4.308563,1.000000,0.00,50.00
800,9,2,540,0,1,0,0,0.432000,4.308563,1.000000,0.00,50.00
800,10,2,540,0,1,0,0,0.432000,4.308563,1.000000,0.00,50.00
800,11,3,540,0,1,0,0,0.432000,4.308563,1.000000,0.00,23.00
800,12,3,540,0,1,0,0,0.432000,4.308563,1.000000,0.00,23.00
800,13,3,540,0,1,0,0,0.432000,4.308563,1.000000,0.00,23.00
800,14,3,540,0,1,0,0,0.432000,4.308563,1.000000,0.00,23.00
800,15,3,540,0,1,0,0,0.432000,4.308563,1.000000,0.00,23.00
800,16,3,540,0,1,0,0,0.432000,4.308563,1.000000,0.00,23.00
800,17,3,540,0,1,0,0,0.432000,4.308563,1.000000,0.00,23.00
800,18,3,540,0,1,0,0,0.432000,4.308563,1.000000,0.00,23.00
800,19,3,540,0,1,0,0,0.432000,4.308563,1.000000,0.00,23.00
800,20,3,540,0,1,0,0,0.432000,4.308563,1.000000,0.00,23.00
810,6,2,0,540,0,1,0,0.000000,0.000000,0.000000,0.00,50.00
810,7,2,0,540,0,1,0,0.000000,0.000000,0.000000,0.00,50.00
810,8,2,0,540,0,1,0,0.000000,0.000000,0.000000,0.00,50.00
810,9,2,0,540,0,1,0,0.000000,0.000000,0.000000,0.00,50.00
810,10,2,0,540,0,1,0,0.000000,0.000000,0.000000,0.00,50.00
810,11,3,0,540,0,1,0,0.000000,0.000000,0.000000,0.00,23.00
810,12,3,0,540,0,1,0,0.000000,0.000000,0.000000,0.00,23.00
810,13,3,0,540,0,1,0,0.000000,0.000000,0.000000,0.00,23.00
810,14,3,0,540,0,1,0,0.000000,0.000000,0.000000,0.00,23.00
810,15,3,0,540,0,1,0,0.000000,0.000000,0.000000,0.00,23.00
810,16,3,0,540,0,1,0,0.000000,0.000000,0.000000,0.00,23.00
810,17,3,0,540,0,1,0,0.000000,0.000000,0.000000,0.00,23.00
810,18,3,0,540,0,1,0,0.000000,0.000000,0.000000,0.00,23.00
810,19,3,0,540,0,1,0,0.000000,0.000000,0.000000,0.00,23.00
810,20,3,0,540,0,1,0,0.000000,0.000000,0.000000,0.00,23.00
820,6,2,540,0,1,0,0,0.432000,4.828563,1.000000,0.00,50.00
820,7,2,540,0,1,0,0,0.432000,4.828563,1.000000,0.00,50.00
820,8,2,540,0,1,0,0,0.432000,4.828563,1.000000,0.00,50.00
820,9,2,540,0,1,0,0,0.432000,4.828563,1.000000,0.00,50.00
820,10,2,540,0,1,0,0,0.432000,4.828563,1.000000,0.00,50.00
820,11,3,540,0,1,0,0,0.432000,4.828563,1.000000,0.00,23.00
820,12,3,540,0,1,0,0,0.432000,4.828563,1.000000,0.00,23.00
820,13,3,540,0,1,0,0,0.432000,4.828563,1.000000,0.00,23.00
820,14,3,540,0,1,0,0,0.432000,4.828563,1.000000,0.00,23.00
820,15,3,540,0,1,0,0,0.432000,4.828563,1.000000,0.00,23.00
820,16,3,540,0,1,0,0,0.432000,4.828563,1.000000,0.00,23.00
820,17,3,540,0,1,0,0,0.432000,4.828563,1.000000,0.00,23.00
820,18,3,540,0,1,0,0,0.432000,4.828563,1.000000,0.00,23.00
820,19,3,540,0,1,0,0,0.432000,4.828563,1.000000,0.00,23.00
820,20,3,540,0,1,0,0,0.432000,4.828563,1.000000,0.00,23.00
830,6,2,0,540,0,1,0,0.000000,0.000000,0.000000,0.00,50.00
830,7,2,0,540,0,1,0,0.000000,0.000000,0.000000,0.00,50.00
830,8,2,0,540,0,1,0,0.000000,0.000000,0.000000,0.00,50.00
830,9,2,0,540,0,1,0,0.000000,0.000000,0.000000,0.00,50.00
830,10,2,0,540,0,1,0,0.000000,0.000000,0.000000,0.00,50.00
830,11,3,0,540,0,1,0,0.000000,0.000000,0.000000,0.00,23.00
830,12,3,0,540,0,1,0,0.000000,0.000000,0.000000,0.00,23.00
830,13,3,0,540,0,1,0,0.000000,0.000000,0.000000,0.00,23.00
830,14,3,0,540,0,1,0,0.000000,0.000000,0.000000,0.00,23.00
830,15,3,0,540,0,1,0,0.000000,0.000000,0.000000,0.00,23.00
830,16,3,0,540,0,1,0,0.000000,0.000000,0.000000,0.00,23.00
830,17,3,0,540,0,1,0,0.000000,0.000000,0.000000,0.00,23.00
830,18,3,0,540,0,1,0,0.000000,0.000000,0.000000,0.00,23.00
830,19,3,0,540,0,1,0,0.000000,0.000000,0.000000,0.00,23.00
830,20,3,0,540,0,1,0,0.000000,0.000000,0.000000,0.00,23.00
840,6,2,540,0,1,0,0,0.432000,4.348563,1.000000,0.00,50.00
840,7,2,540,0,1,0,0,0.432000,4.348563,1.000000,0.00,50.00
840,8,2,540,0,1,0,0,0.432000,4.348563,1.000000,0.00,50.00
840,9,2,540,0,1,0,0,0.432000,4.348563,1.000000,0.00,50.00
840,10,2,540,0,1,0,0,0.432000,4.348563,1.000000,0.00,50.00
840,11,3,540,0,1,0,0,0.432000,4.348563,1.000000,0.00,23.00
840,12,3,540,0,1,0,0,0.432000,4.348563,1.000000,0.00,23.00
840,13,3,540,0,1,0,0,0.432000,4.348563,1.000000,0.00,23.00
840,14,3,540,0,1,0,0,0.432000,4.348563,1.000000,0.00,23.00
840,15,3,540,0,1,0,0,0.432000,4.348563,1.000000,0.00,23.00
840,16,3,540,0,1,0,0,0.432000,4.348563,1.000000,0.00,23.00
840,17,3,540,0,1,0,0,0.432000,4.348563,1.000000,0.00,23.00
840,18,3,540,0,1,0,0,0.432000,4.348563,1.000000,0.00,23.00
840,19,3,540,0,1,0,0,0.432000,4.348563,1.000000,0.00,23.00
840,20,3,540,0,1,0,0,0.432000,4.348563,1.000000,0.00,23.00
850,6,2,0,540,0,1,0,0.000000,0.000000,0.000000,0.00,50.00
850,7,2,0,540,0,1,0,0.000000,0.000000,0.000000,0.00,50.00
850,8,2,0,540,0,1,0,0.000000,0.000000,0.000000,0.00,50.00
850,9,2,0,540,0,1,0,0.000000,0.000000,0.000000,0.00,50.00
850,10,2,0,540,0,1,0,0.000000,0.000000,0.000000,0.00,50.00
850,11,3,0,540,0,1,0,0.000000,0.000000,0.000000,0.00,23.00
850,12,3,0,540,0,1,0,0.000000,0.000000,0.000000,0.00,23.00
850,13,3,0,540,0,1,0,0.000000,0.000000,0.000000,0.00,23.00
850,14,3,0,540,0,1,0,0.000000,0.000000,0.000000,0.00,23.00
850,15,3,0,540,0,1,0,0.000000,0.000000,0.000000,0.00,23.00
850,16,3,0,540,0,1,0,0.000000,0.000000,0.000000,0.00,23.00
850,17,3,0,540,0,1,0,0.000000,0.000000,0.000000,0.00,23.00
850,18,3,0,540,0,1,0,0.000000,0.000000,0.000000,0.00,23.00
850,19,3,0,540,0,1,0,0.000000,0.000000,0.000000,0.00,23.00
850,20,3,0,540,0,1,0,0.000000,0.000000,0.000000,0.00,23.00
860,6,2,540,0,1,0,0,0.432000,4.868563,1.000000,0.00,50.00
860,7,2,540,0,1,0,0,0.432000,4.868563,1.000000,0.00,50.00
860,8,2,540,0,1,0,0,0.432000,4.868563,1.000000,0.00,50.00
860,9,2,540,0,1,0,0,0.432000,4.868563,1.000000,0.00,50.00
860,10,2,540,0,1,0,0,0.432000,4.868563,1.000000,0.00,50.00
860,11,3,540,0,1,0,0,0.432000,4.868563,1.000000,0.00,23.00
860,12,3,540,0,1,0,0,0.432000,4.868563,1.000000,0.00,23.00
860,13,3,540,0,1,0,0,0.432000,4.868563,1.000000,0.00,23.00
860,14,3,540,0,1,0,0,0.432000,4.868563,1.000000,0.00,23.00
860,15,3,540,0,1,0,0,0.432000,4.868563,1.000000,0.00,23.00
860,16,3,540,0,1,0,0,0.432000,4.868563,1.000000,0.00,23.00
860,17,3,540,0,1,0,0,0.432000,4.868563,1.000000,0.00,23.00
860,18,3,540,0,1,0,0,0.432000,4.868563,1.000000,0.00,23.00
860,19,3,540,0,1,0,0,0.432000,4.868563,1.000000,0.00,23.00
860,20,3,540,0,1,0,0,0.432000,4.868563,1.000000,0.00,23.00
870,6,2,0,540,0,1,0,0.000000,0.000000,0.000000,0.00,50.00
870,7,2,0,540,0,1,0,0.000000,0.000000,0.000000,0.00,50.00
870,8,2,0,540,0,1,0,0.000000,0.000000,0.000000,0.00,50.00
870,9,2,0,540,0,1,0,0.000000,0.000000,0.000000,0.00,50.00
870,10,2,0,540,0,1,0,0.000000,0.000000,0.000000,0.00,50.00
870,11,3,0,540,0,1,0,0.000000,0.000000,0.000000,0.00,23.00
870,12,3,0,540,0,1,0,0.000000,0.000000,0.000000,0.00,23.00
870,13,3,0,540,0,1,0,0.000000,0.000000,0.000000,0.00,23.00
870,14,3,0,540,0,1,0,0.000000,0.000000,0.000000,0.00,23.00
870,15,3,0,540,0,1,0,0.000000,0.000000,0.000000,0.00,23.00
870,16,3,0,540,0,1,0,0.000000,0.000000,0.000000,0.00,23.00
870,17,3,0,540,0,1,0,0.000000,0.000000,0.000000,0.00,23.00
870,18,3,0,540,0,1,0,0.000000,0.000000,0.000000,0.00,23.00
870,19,3,0,540,0,1,0,0.000000,0.000000,0.000000,0.00,23.00
870,20,3,0,540,0,1,0,0.000000,0.000000,0.000000,0.00,23.00
880,6,2,540,0,1,0,0,0.432000,4.388563,1.000000,0.00,50.00
880,7,2,540,0,1,0,0,0.432000,4.388563,1.000000,0.00,50.00
880,8,2,540,0,1,0,0,0.432000,4.388563,1.000000,0.00,50.00
880,9,2,540,0,1,0,0,0.432000,4.388563,1.000000,0.00,50.00
880,10,2,540,0,1,0,0,0.432000,4.388563,1.000000,0.00,50.00
880,11,3,540,0,1,0,0,0.432000,4.388563,1.000000,0.00,23.00
880,12,3,540,0,1,0,0,0.432000,4.388563,1.000000,0.00,23.00
880,13,3,540,0,1,0,0,0.432000,4.388563,1.000000,0.00,23.00
880,14,3,540,0,1,0,0,0.432000,4.388563,1.000000,0.00,23.00
880,15,3,540,0,1,0,0,0.432000,4.388563,1.000000,0.00,23.00
880,16,3,540,0,1,0,0,0.432000,4.388563,1.000000,0.00,23.00
880,17,3,540,0,1,0,0,0.432000,4.388563,1.000000,0.00,23.00
880,18,3,540,0,1,0,0,0.432000,4.388563,1.000000,0.00,23.00
880,19,3,540,0,1,0,0,0.432000,4.388563,1.000000,0.00,23.00
880,20,3,540,0,1,0,0,0.432000,4.388563,1.000000,0.00,23.00
890,6,2,0,540,0,1,0,0.000000,0.000000,0.000000,0.00,50.00
890,7,2,0,540,0,1,0,0.000000,0.000000,0.000000,0.00,50.00
890,8,2,0,540,0,1,0,0.000000,0.000000,0.000000,0.00,50.00
890,9,2,0,540,0,1,0,0.000000,0.000000,0.000000,0.00,50.00
890,10,2,0,540,0,1,0,0.000000,0.000000,0.000000,0.00,50.00
890,11,3,0,540,0,1,0,0.000000,0.000000,0.000000,0.00,23.00
890,12,3,0,540,0,1,0,0.000000,0.000000,0.000000,0.00,23.00
890,13,3,0,540,0,1,0,0.000000,0.000000,0.000000,0.00,23.00
890,14,3,0,540,0,1,0,0.000000,0.000000,0.000000,0.00,23.00
890,15,3,0,540,0,1,0,0.000000,0.000000,0.000000,0.00,23.00
890,16,3,0,540,0,1,0,0.000000,0.000000,0.000000,0.00,23.00
890,17,3,0,540,0,1,0,0.000000,0.000000,0.000000,0.00,23.00
890,18,3,0,540,0,1,0,0.000000,0.000000,0.000000,0.00,23.00
890,19,3,0,540,0,1,0,0.000000,0.000000,0.000000,0.00,23.00
890,20,3,0,540,0,1,0,0.000000,0.000000,0.000000,0.00,23.00
900,6,2,540,0,1,0,0,0.432000,4.908563,1.000000,0.00,50.00
900,7,2,540,0,1,0,0,0.432000,4.908563,1.000000,0.00,50.00
900,8,2,540,0,1,0,0,0.432000,4.908563,1.000000,0.00,50.00
900,9,2,540,0,1,0,0,0.432000,4.908563,1.000000,0.00,50.00
900,10,2,540,0,1,0,0,0.432000,4.908563,1.000000,0.00,50.00
900,11,3,540,0,1,0,0,0.432000,4.908563,1.000000,0.00,23.00
900,12,3,540,0,1,0,0,0.432000,4.908563,1.000000,0.00,23.00
900,13,3,540,0,1,0,0,0.432000,4.908563,1.000000,0.00,23.00
900,14,3,540,0,1,0,0,0.432000,4.908563,1.000000,0.00,23.00
900,15,3,540,0,1,0,0,0.432000,4.908563,1.000000,0.00,23.00
900,16,3,540,0,1,0,0,0.432000,4.908563,1.000000,0.00,23.00
900,17,3,540,0,1,0,0,0.432000,4.908563,1.000000,0.00,23.00
900,18,3,540,0,1,0,0,0.432000,4.908563,1.000000,0.00,23.00
900,19,3,540,0,1,0,0,0.432000,4.908563,1.000000,0.00,23.00
900,20,3,540,0,1,0,0,0.432000,4.908563,1.000000,0.00,23.00
910,6,2,0,540,0,1,0,0.000000,0.000000,0.000000,0.00,50.00
910,7,2,0,540,0,1,0,0.000000,0.000000,0.000000,0.00,50.00
910,8,2,0,540,0,1,0,0.000000,0.000000,0.000000,0.00,50.00
910,9,2,0,540,0,1,0,0.000000,0.000000,0.000000,0.00,50.00
910,10,2,0,540,0,1,0,0.000000,0.000000,0.000000,0.00,50.00
910,11,3,0,540,0,1,0,0.000000,0.000000,0.000000,0.00,23.00
910,12,3,0,540,0,1,0,0.000000,0.000000,0.000000,0.00,23.00
910,13,3,0,540,0,1,0,0.000000,0.000000,0.000000,0.00,23.00
910,14,3,0,540,0,1,0,0.000000,0.000000,0.000000,0.00,23.00
910,15,3,0,540,0,1,0,0.000000,0.000000,0.000000,0.00,23.00
910,16,3,0,540,0,1,0,0.000000,0.000000,0.000000,0.00,23.00
910,17,3,0,540,0,1,0,0.000000,0.000000,0.000000,0.00,23.00
910,18,3,0,540,0,1,0,0.000000,0.000000,0.000000,0.00,23.00
910,19,3,0,540,0,1,0,0.000000,0.000000,0.000000,0.00,23.00
910,20,3,0,540,0,1,0,0.000000,0.000000,0.000000,0.00,23.00
910,1,1,0,540,0,1,0,0.000000,0.000000,0.000000,0.00,26.00
910,2,1,0,540,0,1,0,0.000000,0.000000,0.000000,0.00,26.00
910,3,1,0,540,0,1,0,0.000000,0.000000,0.000000,0.00,26.00
910,4,1,0,540,0,1,0,0.000000,0.000000,0.000000,0.00,26.00
910,5,1,0,540,0,1,0,0.000000,0.000000,0.000000,0.00,26.00
920,6,2,540,0,1,0,0,0.432000,4.428563,1.000000,0.00,50.00
920,7,2,540,0,1,0,0,0.432000,4.428563,1.000000,0.00,50.00
920,8,2,540,0,1,0,0,0.432000,4.428563,1.000000,0.00,50.00
920,9,2,540,0,1,0,0,0.432000,4.428563,1.000000,0.00,50.00
920,10,2,540,0,1,0,0,0.432000,4.428563,1.000000,0.00,50.00
920,11,3,540,0,1,0,0,0.432000,4.428563,1.000000,0.00,23.00
920,12,3,540,0,1,0,0,0.432000,4.428563,1.000000,0.00,23.00
920,13,3,540,0,1,0,0,0.432000,4.428563,1.000000,0.00,23.00
920,14,3,540,0,1,0,0,0.432000,4.428563,1.000000,0.00,23.00
920,15,3,540,0,1,0,0,0.432000,4.428563,1.000000,0.00,23.00
920,16,3,540,0,1,0,0,0.432000,4.428563,1.000000,0.00,23.00
920,17,3,540,0,1,0,0,0.432000,4.428563,1.000000,0.00,23.00
920,18,3,540,0,1,0,0,0.432000,4.428563,1.000000,0.00,23.00
920,19,3,540,0,1,0,0,0.432000,4.428563,1.000000,0.00,23.00
920,20,3,540,0,1,0,0,0.432000,4.428563,1.000000,0.00,23.00
920,1,1,0,0,0,0,0,0.000000,0.000000,1.000000,0.00,26.00
920,2,1,0,0,0,0,0,0.000000,0.000000,1.000000,0.00,26.00
920,3,1,0,0,0,0,0,0.000000,0.000000,1.000000,0.00,26.00
920,4,1,0,0,0,0,0,0.000000,0.000000,1.000000,0.00,26.00
920,5,1,0,0,0,0,0,0.000000,0.000000,1.000000,0.00,26.00
930,6,2,0,0,0,0,0,0.000000,0.000000,1.000000,0.00,50.00
930,7,2,0,0,0,0,0,0.000000,0.000000,1.000000,0.00,50.00
930,8,2,0,0,0,0,0,0.000000,0.000000,1.000000,0.00,50.00
930,9,2,0,0,0,0,0,0.000000,0.000000,1.000000,0.00,50.00
930,10,2,0,0,0,0,0,0.000000,0.000000,1.000000,0.00,50.00
930,11,3,0,0,0,0,0,0.000000,0.000000,1.000000,0.00,23.00
930,12,3,0,0,0,0,0,0.000000,0.000000,1.000000,0.00,23.00
930,13,3,0,0,0,0,0,0.000000,0.000000,1.000000,0.00,23.00
930,14,3,0,0,0,0,0,0.000000,0.000000,1.000000,0.00,23.00
930,15,3,0,0,0,0,0,0.000000,0.000000,1.000000,0.00,23.00
930,16,3,0,0,0,0,0,0.000000,0.000000,1.000000,0.00,23.00
930,17,3,0,0,0,0,0,0.000000,0.000000,1.000000,0.00,23.00
930,18,3,0,0,0,0,0,0.000000,0.000000,1.000000,0.00,23.00
930,19,3,0,0,0,0,0,0.000000,0.000000,1.000000,0.00,23.00
930,20,3,0,0,0,0,0,0.000000,0.000000,1.000000,0.00,23.00
930,1,1,540,0,1,0,0,0.432000,10.428563,1.000000,0.00,26.00
930,2,1,540,0,1,0,0,0.432000,10.428563,1.000000,0.00,26.00
930,3,1,540,0,1,0,0,0.432000,10.428563,1.000000,0.00,26.00
930,4,1,540,0,1,0,0,0.432000,10.428563,1.000000,0.00,26.00
930,5,1,540,0,1,0,0,0.432000,10.428563,1.000000,0.00,26.00
940,6,2,540,540,1,1,0,0.432000,4.877135,1.000000,0.00,50.00
940,7,2,540,540,1,1,0,0.432000,4.877135,1.000000,0.00,50.00
940,8,2,540,540,1,1,0,0.432000,4.877135,1.000000,0.00,50.00
940,9,2,540,540,1,1,0,0.432000,4.877135,1.000000,0.00,50.00
940,10,2,540,540,1,1,0,0.432000,4.877135,1.000000,0.00,50.00
940,11,3,540,540,1,1,0,0.432000,4.877135,1.000000,0.00,23.00
940,12,3,540,540,1,1,0,0.432000,4.877135,1.000000,0.00,23.00
940,13,3,540,540,1,1,0,0.432000,4.877135,1.000000,0.00,23.00
940,14,3,540,540,1,1,0,0.432000,4.877135,1.000000,0.00,23.00
940,15,3,540,540,1,1,0,0.432000,4.877135,1.000000,0.00,23.00
940,16,3,540,540,1,1,0,0.432000,4.877135,1.000000,0.00,23.00
940,17,3,540,540,1,1,0,0.432000,4.877135,1.000000,0.00,23.00
940,18,3,540,540,1,1,0,0.432000,4.877135,1.000000,0.00,23.00
940,19,3,540,540,1,1,0,0.432000,4.877135,1.000000,0.00,23.00
940,20,3,540,540,1,1,0,0.432000,4.877135,1.000000,0.00,23.00
940,1,1,0,0,0,0,0,0.000000,0.000000,1.000000,0.00,26.00
940,2,1,0,0,0,0,0,0.000000,0.000000,1.000000,0.00,26.00
940,3,1,0,0,0,0,0,0.000000,0.000000,1.000000,0.00,26.00
940,4,1,0,0,0,0,0,0.000000,0.000000,1.000000,0.00,26.00
940,5,1,0,0,0,0,0,0.000000,0.000000,1.000000,0.00,26.00
950,6,2,0,0,0,0,0,0.000000,0.000000,1.000000,0.00,50.00
950,7,2,0,0,0,0,0,0.000000,0.000000,1.000000,0.00,50.00
950,8,2,0,0,0,0,0,0.000000,0.000000,1.000000,0.00,50.00
950,9,2,0,0,0,0,0,0.000000,0.000000,1.000000,0.00,50.00
950,10,2,0,0,0,0,0,0.000000,0.000000,1.000000,0.00,50.00
950,11,3,0,0,0,0,0,0.000000,0.000000,1.000000,0.00,23.00
950,12,3,0,0,0,0,0,0.000000,0.000000,1.000000,0.00,23.00
950,13,3,0,0,0,0,0,0.000000,0.000000,1.000000,0.00,23.00
950,14,3,0,0,0,0,0,0.000000,0.000000,1.000000,0.00,23.00
950,15,3,0,0,0,0,0,0.000000,0.000000,1.000000,0.00,23.00
950,16,3,0,0,0,0,0,0.000000,0.000000,1.000000,0.00,23.00
950,17,3,0,0,0,0,0,0.000000,0.000000,1.000000,0.00,23.00
950,18,3,0,0,0,0,0,0.000000,0.000000,1.000000,0.00,23.00
950,19,3,0,0,0,0,0,0.000000,0.000000,1.000000,0.00,23.00
950,20,3,0,0,0,0,0,0.000000,0.000000,1.000000,0.00,23.00
950,1,1,0,0,0,0,0,0.000000,0.000000,1.000000,0.00,26.00
950,2,1,0,0,0,0,0,0.000000,0.000000,1.000000,0.00,26.00
950,3,1,0,0,0,0,0,0.000000,0.000000,1.000000,0.00,26.00
950,4,1,0,0,0,0,0,0.000000,0.000000,1.000000,0.00,26.00
950,5,1,0,0,0,0,0,0.000000,0.000000,1.000000,0.00,26.00
960,6,2,540,540,1,1,0,0.432000,4.397135,1.000000,0.00,50.00
960,7,2,540,540,1,1,0,0.432000,4.397135,1.000000,0.00,50.00
960,8,2,540,540,1,1,0,0.432000,4.397135,1.000000,0.00,50.00
960,9,2,540,540,1,1,0,0.432000,4.397135,1.000000,0.00,50.00
960,10,2,540,540,1,1,0,0.432000,4.397135,1.000000,0.00,50.00
960,11,3,540,540,1,1,0,0.432000,4.397135,1.000000,0.00,23.00
960,12,3,540,540,1,1,0,0.432000,4.397135,1.000000,0.00,23.00
960,13,3,540,540,1,1,0,0.432000,4.397135,1.000000,0.00,23.00
960,14,3,540,540,1,1,0,0.432000,4.397135,1.000000,0.00,23.00
960,15,3,540,540,1,1,0,0.432000,4.397135,1.000000,0.00,23.00
960,16,3,540,540,1,1,0,0.432000,4.397135,1.000000,0.00,23.00
960,17,3,540,540,1,1,0,0.432000,4.397135,1.000000,0.00,23.00
960,18,3,540,540,1,1,0,0.432000,4.397135,1.000000,0.00,23.00
960,19,3,540,540,1,1,0,0.432000,4.397135,1.000000,0.00,23.00
960,20,3,540,540,1,1,0,0.432000,4.397135,1.000000,0.00,23.00
960,1,1,0,0,0,0,0,0.000000,0.000000,1.000000,0.00,26.00
960,2,1,0,0,0,0,0,0.000000,0.000000,1.000000,0.00,26.00
960,3,1,0,0,0,0,0,0.000000,0.000000,1.000000,0.00,26.00
960,4,1,0,0,0,0,0,0.000000,0.000000,1.000000,0.00,26.00
960,5,1,0,0,0,0,0,0.000000,0.000000,1.000000,0.00,26.00
970,6,2,0,0,0,0,0,0.000000,0.000000,1.000000,0.00,50.00
970,7,2,0,0,0,0,0,0.000000,0.000000,1.000000,0.00,50.00
970,8,2,0,0,0,0,0,0.000000,0.000000,1.000000,0.00,50.00
970,9,2,0,0,0,0,0,0.000000,0.000000,1.000000,0.00,50.00
970,10,2,0,0,0,0,0,0.000000,0.000000,1.000000,0.00,50.00
970,11,3,0,0,0,0,0,0.000000,0.000000,1.000000,0.00,23.00
970,12,3,0,0,0,0,0,0.000000,0.000000,1.000000,0.00,23.00
970,13,3,0,0,0,0,0,0.000000,0.000000,1.000000,0.00,23.00
970,14,3,0,0,0,0,0,0.000000,0.000000,1.000000,0.00,23.00
970,15,3,0,0,0,0,0,0.000000,0.000000,1.000000,0.00,23.00
970,16,3,0,0,0,0,0,0.000000,0.000000,1.000000,0.00,23.00
970,17,3,0,0,0,0,0,0.000000,0.000000,1.000000,0.00,23.00
970,18,3,0,0,0,0,0,0.000000,0.000000,1.000000,0.00,23.00
970,19,3,0,0,0,0,0,0.000000,0.000000,1.000000,0.00,23.00
970,20,3,0,0,0,0,0,0.000000,0.000000,1.000000,0.00,23.00
970,1,1,0,0,0,0,0,0.000000,0.000000,1.000000,0.00,26.00
970,2,1,0,0,0,0,0,0.000000,0.000000,1.000000,0.00,26.00
970,3,1,0,0,0,0,0,0.000000,0.000000,1.000000,0.00,26.00
970,4,1,0,0,0,0,0,0.000000,0.000000,1.000000,0.00,26.00
970,5,1,0,0,0,0,0,0.000000,0.000000,1.000000,0.00,26.00
980,6,2,540,540,1,1,0,0.432000,4.988563,1.000000,0.00,50.00
980,7,2,540,540,1,1,0,0.432000,4.988563,1.000000,0.00,50.00
980,8,2,540,540,1,1,0,0.432000,4.988563,1.000000,0.00,50.00
980,9,2,540,540,1,1,0,0.432000,4.988563,1.000000,0.00,50.00
980,10,2,540,540,1,1,0,0.432000,4.988563,1.000000,0.00,50.00
980,11,3,540,540,1,1,0,0.432000,4.988563,1.000000,0.00,23.00
980,12,3,540,540,1,1,0,0.432000,4.988563,1.000000,0.00,23.00
980,13,3,540,540,1,1,0,0.432000,4.988563,1.000000,0.00,23.00
980,14,3,540,540,1,1,0,0.432000,4.988563,1.000000,0.00,23.00
980,15,3,540,540,1,1,0,0.432000,4.988563,1.000000,0.00,23.00
980,16,3,540,540,1,1,0,0.432000,4.988563,1.000000,0.00,23.00
980,17,3,540,540,1,1,0,0.432000,4.988563,1.000000,0.00,23.00
980,18,3,540,540,1,1,0,0.432000,4.988563,1.000000,0.00,23.00
980,19,3,540,540,1,1,0,0.432000,4.988563,1.000000,0.00,23.00
980,20,3,540,540,1,1,0,0.432000,4.988563,1.000000,0.00,23.00
980,1,1,0,0,0,0,0,0.000000,0.000000,1.000000,0.00,26.00
980,2,1,0,0,0,0,0,0.000000,0.000000,1.000000,0.00,26.00
980,3,1,0,0,0,0,0,0.000000,0.000000,1.000000,0.00,26.00
980,4,1,0,0,0,0,0,0.000000,0.000000,1.000000,0.00,26.00
980,5,1,0,0,0,0,0,0.000000,0.000000,1.000000,0.00,26.00
990,6,2,0,0,0,0,0,0.000000,0.000000,1.000000,0.00,50.00
990,7,2,0,0,0,0,0,0.000000,0.000000,1.000000,0.00,50.00
990,8,2,0,0,0,0,0,0.000000,0.000000,1.000000,0.00,50.00
990,9,2,0,0,0,0,0,0.000000,0.000000,1.000000,0.00,50.00
990,10,2,0,0,0,0,0,0.000000,0.000000,1.000000,0.00,50.00
990,11,3,0,0,0,0,0,0.000000,0.000000,1.000000,0.00,23.00
990,12,3,0,0,0,0,0,0.000000,0.000000,1.000000,0.00,23.00
990,13,3,0,0,0,0,0,0.000000,0.000000,1.000000,0.00,23.00
990,14,3,0,0,0,0,0,0.000000,0.000000,1.000000,0.00,23.00
990,15,3,0,0,0,0,0,0.000000,0.000000,1.000000,0.00,23.00
990,16,3,0,0,0,0,0,0.000000,0.000000,1.000000,0.00,23.00
990,17,3,0,0,0,0,0,0.000000,0.000000,1.000000,0.00,23.00
990,18,3,0,0,0,0,0,0.000000,0.000000,1.000000,0.00,23.00
990,19,3,0,0,0,0,0,0.000000,0.000000,1.000000,0.00,23.00
990,20,3,0,0,0,0,0,0.000000,0.000000,1.000000,0.00,23.00
990,1,1,0,0,0,0,0,0.000000,0.000000,1.000000,0.00,26.00
990,2,1,0,0,0,0,0,0.000000,0.000000,1.000000,0.00,26.00
990,3,1,0,0,0,0,0,0.000000,0.000000,1.000000,0.00,26.00
990,4,1,0,0,0,0,0,0.000000,0.000000,1.000000,0.00,26.00
990,5,1,0,0,0,0,0,0.000000,0.000000,1.000000,0.00,26.00
1000,6,2,540,540,1,1,0,0.432000,4.437135,1.000000,0.00,50.00
1000,7,2,540,540,1,1,0,0.432000,4.437135,1.000000,0.00,50.00
1000,8,2,540,540,1,1,0,0.432000,4.437135,1.000000,0.00,50.00
1000,9,2,540,540,1,1,0,0.432000,4.437135,1.000000,0.00,50.00
1000,10,2,540,540,1,1,0,0.432000,4.437135,1.000000,0.00,50.00
1000,11,3,540,540,1,1,0,0.432000,4.437135,1.000000,0.00,23.00
1000,12,3,540,540,1,1,0,0.432000,4.437135,1.000000,0.00,23.00
1000,13,3,540,540,1,1,0,0.432000,4.437135,1.000000,0.00,23.00
1000,14,3,540,540,1,1,0,0.432000,4.437135,1.000000,0.00,23.00
1000,15,3,540,540,1,1,0,0.432000,4.437135,1.000000,0.00,23.00
1000,16,3,540,540,1,1,0,0.432000,4.437135,1.000000,0.00,23.00
1000,17,3,540,540,1,1,0,0.432000,4.437135,1.000000,0.00,23.00
1000,18,3,540,540,1,1,0,0.432000,4.437135,1.000000,0.00,23.00
1000,19,3,540,540,1,1,0,0.432000,4.437135,1.000000,0.00,23.00
1000,20,3,540,540,1,1,0,0.432000,4.437135,1.000000,0.00,23.00
1000,1,1,0,0,0,0,0,0.000000,0.000000,1.000000,0.00,26.00
1000,2,1,0,0,0,0,0,0.000000,0.000000,1.000000,0.00,26.00
1000,3,1,0,0,0,0,0,0.000000,0.000000,1.000000,0.00,26.00
1000,4,1,0,0,0,0,0,0.000000,0.000000,1.000000,0.00,26.00
1000,5,1,0,0,0,0,0,0.000000,0.000000,1.000000,0.00,26.00
1010,6,2,0,0,0,0,0,0.000000,0.000000,1.000000,0.00,50.00
1010,7,2,0,0,0,0,0,0.000000,0.000000,1.000000,0.00,50.00
1010,8,2,0,0,0,0,0,0.000000,0.000000,1.000000,0.00,50.00
1010,9,2,0,0,0,0,0,0.000000,0.000000,1.000000,0.00,50.00
1010,10,2,0,0,0,0,0,0.000000,0.000000,1.000000,0.00,50.00
1010,11,3,0,0,0,0,0,0.000000,0.000000,1.000000,0.00,23.00
1010,12,3,0,0,0,0,0,0.000000,0.000000,1.000000,0.00,23.00
1010,13,3,0,0,0,0,0,0.000000,0.000000,1.000000,0.00,23.00
1010,14,3,0,0,0,0,0,0.000000,0.000000,1.000000,0.00,23.00
1010,15,3,0,0,0,0,0,0.000000,0.000000,1.000000,0.00,23.00
1010,16,3,0,0,0,0,0,0.000000,0.000000,1.000000,0.00,23.00
1010,17,3,0,0,0,0,0,0.000000,0.000000,1.000000,0.00,23.00
1010,18,3,0,0,0,0,0,0.000000,0.000000,1.000000,0.00,23.00
1010,19,3,0,0,0,0,0,0.000000,0.000000,1.000000,0.00,23.00
1010,20,3,0,0,0,0,0,0.000000,0.000000,1.000000,0.00,23.00
1010,1,1,0,0,0,0,0,0.000000,0.000000,1.000000,0.00,26.00
1010,2,1,0,0,0,0,0,0.000000,0.000000,1.000000,0.00,26.00
1010,3,1,0,0,0,0,0,0.000000,0.000000,1.000000,0.00,26.00
1010,4,1,0,0,0,0,0,0.000000,0.000000,1.000000,0.00,26.00
1010,5,1,0,0,0,0,0,0.000000,0.000000,1.000000,0.00,26.00
1020,6,2,540,540,1,1,0,0.432000,5.028563,1.000000,0.00,50.00
1020,7,2,540,540,1,1,0,0.432000,5.028563,1.000000,0.00,50.00
1020,8,2,540,540,1,1,0,0.432000,5.028563,1.000000,0.00,50.00
1020,9,2,540,540,1,1,0,0.432000,5.028563,1.000000,0.00,50.00
1020,10,2,540,540,1,1,0,0.432000,5.028563,1.000000,0.00,50.00
1020,11,3,540,540,1,1,0,0.432000,5.028563,1.000000,0.00,23.00
1020,12,3,540,540,1,1,0,0.432000,5.028563,1.000000,0.00,23.00
1020,13,3,540,540,1,1,0,0.432000,5.028563,1.000000,0.00,23.00
1020,14,3,540,540,1,1,0,0.432000,5.028563,1.000000,0.00,23.00
1020,15,3,540,540,1,1,0,0.432000,5.028563,1.000000,0.00,23.00
1020,16,3,540,540,1,1,0,0.432000,5.028563,1.000000,0.00,23.00
1020,17,3,540,540,1,1,0,0.432000,5.028563,1.000000,0.00,23.00
1020,18,3,540,540,1,1,0,0.432000,5.028563,1.000000,0.00,23.00
1020,19,3,540,540,1,1,0,0.432000,5.028563,1.000000,0.00,23.00
1020,20,3,540,540,1,1,0,0.432000,5.028563,1.000000,0.00,23.00
1020,1,1,0,0,0,0,0,0.000000,0.000000,1.000000,0.00,26.00
1020,2,1,0,0,0,0,0,0.000000,0.000000,1.000000,0.00,26.00
1020,3,1,0,0,0,0,0,0.000000,0.000000,1.000000,0.00,26.00
1020,4,1,0,0,0,0,0,0.000000,0.000000,1.000000,0.00,26.00
1020,5,1,0,0,0,0,0,0.000000,0.000000,1.000000,0.00,26.00
1030,6,2,0,0,0,0,0,0.000000,0.000000,1.000000,0.00,50.00
1030,7,2,0,0,0,0,0,0.000000,0.000000,1.000000,0.00,50.00
1030,8,2,0,0,0,0,0,0.000000,0.000000,1.000000,0.00,50.00
1030,9,2,0,0,0,0,0,0.000000,0.000000,1.000000,0.00,50.00
1030,10,2,0,0,0,0,0,0.000000,0.000000,1.000000,0.00,50.00
1030,11,3,0,0,0,0,0,0.000000,0.000000,1.000000,0.00,23.00
1030,12,3,0,0,0,0,0,0.000000,0.000000,1.000000,0.00,23.00
1030,13,3,0,0,0,0,0,0.000000,0.000000,1.000000,0.00,23.00
1030,14,3,0,0,0,0,0,0.000000,0.000000,1.000000,0.00,23.00
1030,15,3,0,0,0,0,0,0.000000,0.000000,1.000000,0.00,23.00
1030,16,3,0,0,0,0,0,0.000000,0.000000,1.000000,0.00,23.00
1030,17,3,0,0,0,0,0,0.000000,0.000000,1.000000,0.00,23.00
1030,18,3,0,0,0,0,0,0.000000,0.000000,1.000000,0.00,23.00
1030,19,3,0,0,0,0,0,0.000000,0.000000,1.000000,0.00,23.00
1030,20,3,0,0,0,0,0,0.000000,0.000000,1.000000,0.00,23.00
1030,1,1,0,0,0,0,0,0.000000,0.000000,1.000000,0.00,26.00
1030,2,1,0,0,0,0,0,0.000000,0.000000,1.000000,0.00,26.00
1030,3,1,0,0,0,0,0,0.000000,0.000000,1.000000,0.00,26.00
1030,4,1,0,0,0,0,0,0.000000,0.000000,1.000000,0.00,26.00
1030,5,1,0,0,0,0,0,0.000000,0.000000,1.000000,0.00,26.00
1040,6,2,540,540,1,1,0,0.432000,4.548563,1.000000,0.00,50.00
1040,7,2,540,540,1,1,0,0.432000,4.548563,1.000000,0.00,50.00
1040,8,2,540,540,1,1,0,0.432000,4.548563,1.000000,0.00,50.00
1040,9,2,540,540,1,1,0,0.432000,4.548563,1.000000,0.00,50.00
1040,10,2,540,540,1,1,0,0.432000,4.548563,1.000000,0.00,50.00
1040,11,3,540,540,1,1,0,0.432000,4.548563,1.000000,0.00,23.00
1040,12,3,540,540,1,1,0,0.432000,4.548563,1.000000,0.00,23.00
1040,13,3,540,540,1,1,0,0.432000,4.548563,1.000000,0.00,23.00
1040,14,3,540,540,1,1,0,0.432000,4.548563,1.000000,0.00,23.00
1040,15,3,540,540,1,1,0,0.432000,4.548563,1.000000,0.00,23.00
1040,16,3,540,540,1,1,0,0.432000,4.548563,1.000000,0.00,23.00
1040,17,3,540,540,1,1,0,0.432000,4.548563,1.000000,0.00,23.00
1040,18,3,540,540,1,1,0,0.432000,4.548563,1.000000,0.00,23.00
1040,19,3,540,540,1,1,0,0.432000,4.548563,1.000000,0.00,23.00
1040,20,3,540,540,1,1,0,0.432000,4.548563,1.000000,0.00,23.00
1040,1,1,0,0,0,0,0,0.000000,0.000000,1.000000,0.00,26.00
1040,2,1,0,0,0,0,0,0.000000,0.000000,1.000000,0.00,26.00
1040,3,1,0,0,0,0,0,0.000000,0.000000,1.000000,0.00,26.00
1040,4,1,0,0,0,0,0,0.000000,0.000000,1.000000,0.00,26.00
1040,5,1,0,0,0,0,0,0.000000,0.000000,1.000000,0.00,26.00
1050,6,2,0,0,0,0,0,0.000000,0.000000,1.000000,0.00,50.00
1050,7,2,0,0,0,0,0,0.000000,0.000000,1.000000,0.00,50.00
1050,8,2,0,0,0,0,0,0.000000,0.000000,1.000000,0.00,50.00
1050,9,2,0,0,0,0,0,0.000000,0.000000,1.000000,0.00,50.00
1050,10,2,0,0,0,0,0,0.000000,0.000000,1.000000,0.00,50.00
1050,11,3,0,0,0,0,0,0.000000,0.000000,1.000000,0.00,23.00
1050,12,3,0,0,0,0,0,0.000000,0.000000,1.000000,0.00,23.00
1050,13,3,0,0,0,0,0,0.000000,0.000000,1.000000,0.00,23.00
1050,14,3,0,0,0,0,0,0.000000,0.000000,1.000000,0.00,23.00
1050,15,3,0,0,0,0,0,0.000000,0.000000,1.000000,0.00,23.00
1050,16,3,0,0,0,0,0,0.000000,0.000000,1.000000,0.00,23.00
1050,17,3,0,0,0,0,0,0.000000,0.000000,1.000000,0.00,23.00
1050,18,3,0,0,0,0,0,0.000000,0.000000,1.000000,0.00,23.00
1050,19,3,0,0,0,0,0,0.000000,0.000000,1.000000,0.00,23.00
1050,20,3,0,0,0,0,0,0.000000,0.000000,1.000000,0.00,23.00
1050,1,1,0,0,0,0,0,0.000000,0.000000,1.000000,0.00,26.00
1050,2,1,0,0,0,0,0,0.000000,0.000000,1.000000,0.00,26.00
1050,3,1,0,0,0,0,0,0.000000,0.000000,1.000000,0.00,26.00
1050,4,1,0,0,0,0,0,0.000000,0.000000,1.000000,0.00,26.00
1050,5,1,0,0,0,0,0,0.000000,0.000000,1.000000,0.00,26.00
1060,6,2,540,540,1,1,0,0.432000,4.068563,1.000000,0.00,50.00
1060,7,2,540,540,1,1,0,0.432000,4.068563,1.000000,0.00,50.00
1060,8,2,540,540,1,1,0,0.432000,4.068563,1.000000,0.00,50.00
1060,9,2,540,540,1,1,0,0.432000,4.068563,1.000000,0.00,50.00
1060,10,2,540,540,1,1,0,0.432000,4.068563,1.000000,0.00,50.00
1060,11,3,540,540,1,1,0,0.432000,4.068563,1.000000,0.00,23.00
1060,12,3,540,540,1,1,0,0.432000,4.068563,1.000000,0.00,23.00
1060,13,3,540,540,1,1,0,0.432000,4.068563,1.000000,0.00,23.00
1060,14,3,540,540,1,1,0,0.432000,4.068563,1.000000,0.00,23.00
1060,15,3,540,540,1,1,0,0.432000,4.068563,1.000000,0.00,23.00
1060,16,3,540,540,1,1,0,0.432000,4.068563,1.000000,0.00,23.00
1060,17,3,540,540,1,1,0,0.432000,4.068563,1.000000,0.00,23.00
1060,18,3,540,540,1,1,0,0.432000,4.068563,1.000000,0.00,23.00
1060,19,3,540,540,1,1,0,0.432000,4.068563,1.000000,0.00,23.00
1060,20,3,540,540,1,1,0,0.432000,4.068563,1.000000,0.00,23.00
1060,1,1,0,0,0,0,0,0.000000,0.000000,1.000000,0.00,26.00
1060,2,1,0,0,0,0,0,0.000000,0.000000,1.000000,0.00,26.00
1060,3,1,0,0,0,0,0,0.000000,0.000000,1.000000,0.00,26.00
1060,4,1,0,0,0,0,0,0.000000,0.000000,1.000000,0.00,26.00
1060,5,1,0,0,0,0,0,0.000000,0.000000,1.000000,0.00,26.00
1070,6,2,0,0,0,0,0,0.000000,0.000000,1.000000,0.00,50.00
1070,7,2,0,0,0,0,0,0.000000,0.000000,1.000000,0.00,50.00
1070,8,2,0,0,0,0,0,0.000000,0.000000,1.000000,0.00,50.00
1070,9,2,0,0,0,0,0,0.000000,0.000000,1.000000,0.00,50.00
1070,10,2,0,0,0,0,0,0.000000,0.000000,1.000000,0.00,50.00
1070,11,3,0,0,0,0,0,0.000000,0.000000,1.000000,0.00,23.00
1070,12,3,0,0,0,0,0,0.000000,0.000000,1.000000,0.00,23.00
1070,13,3,0,0,0,0,0,0.000000,0.000000,1.000000,0.00,23.00
1070,14,3,0,0,0,0,0,0.000000,0.000000,1.000000,0.00,23.00
1070,15,3,0,0,0,0,0,0.000000,0.000000,1.000000,0.00,23.00
1070,16,3,0,0,0,0,0,0.000000,0.000000,1.000000,0.00,23.00
1070,17,3,0,0,0,0,0,0.000000,0.000000,1.000000,0.00,23.00
1070,18,3,0,0,0,0,0,0.000000,0.000000,1.000000,0.00,23.00
1070,19,3,0,0,0,0,0,0.000000,0.000000,1.000000,0.00,23.00
1070,20,3,0,0,0,0,0,0.000000,0.000000,1.000000,0.00,23.00
1070,1,1,0,0,0,0,0,0.000000,0.000000,1.000000,0.00,26.00
1070,2,1,0,0,0,0,0,0.000000,0.000000,1.000000,0.00,26.00
1070,3,1,0,0,0,0,0,0.000000,0.000000,1.000000,0.00,26.00
1070,4,1,0,0,0,0,0,0.000000,0.000000,1.000000,0.00,26.00
1070,5,1,0,0,0,0,0,0.000000,0.000000,1.000000,0.00,26.00
1080,6,2,540,540,1,1,0,0.432000,4.588563,1.000000,0.00,50.00
1080,7,2,540,540,1,1,0,0.432000,4.588563,1.000000,0.00,50.00
1080,8,2,540,540,1,1,0,0.432000,4.588563,1.000000,0.00,50.00
1080,9,2,540,540,1,1,0,0.432000,4.588563,1.000000,0.00,50.00
1080,10,2,540,540,1,1,0,0.432000,4.588563,1.000000,0.00,50.00
1080,11,3,540,540,1,1,0,0.432000,4.588563,1.000000,0.00,23.00
1080,12,3,540,540,1,1,0,0.432000,4.588563,1.000000,0.00,23.00
1080,13,3,540,540,1,1,0,0.432000,4.588563,1.000000,0.00,23.00
1080,14,3,540,540,1,1,0,0.432000,4.588563,1.000000,0.00,23.00
1080,15,3,540,540,1,1,0,0.432000,4.588563,1.000000,0.00,23.00
1080,16,3,540,540,1,1,0,0.432000,4.588563,1.000000,0.00,23.00
1080,17,3,540,540,1,1,0,0.432000,4.588563,1.000000,0.00,23.00
1080,18,3,540,540,1,1,0,0.432000,4.588563,1.000000,0.00,23.00
1080,19,3,540,540,1,1,0,0.432000,4.588563,1.000000,0.00,23.00
1080,20,3,540,540,1,1,0,0.432000,4.588563,1.000000,0.00,23.00
1080,1,1,0,0,0,0,0,0.000000,0.000000,1.000000,0.00,26.00
1080,2,1,0,0,0,0,0,0.000000,0.000000,1.000000,0.00,26.00
1080,3,1,0,0,0,0,0,0.000000,0.000000,1.000000,0.00,26.00
1080,4,1,0,0,0,0,0,0.000000,0.000000,1.000000,0.00,26.00
1080,5,1,0,0,0,0,0,0.000000,0.000000,1.000000,0.00,26.00
1090,6,2,0,0,0,0,0,0.000000,0.000000,1.000000,0.00,50.00
1090,7,2,0,0,0,0,0,0.000000,0.000000,1.000000,0.00,50.00
1090,8,2,0,0,0,0,0,0.000000,0.000000,1.000000,0.00,50.00
1090,9,2,0,0,0,0,0,0.000000,0.000000,1.000000,0.00,50.00
1090,10,2,0,0,0,0,0,0.000000,0.000000,1.000000,0.00,50.00
1090,11,3,0,0,0,0,0,0.000000,0.000000,1.000000,0.00,23.00
1090,12,3,0,0,0,0,0,0.000000,0.000000,1.000000,0.00,23.00
1090,13,3,0,0,0,0,0,0.000000,0.000000,1.000000,0.00,23.00
1090,14,3,0,0,0,0,0,0.000000,0.000000,1.000000,0.00,23.00
1090,15,3,0,0,0,0,0,0.000000,0.000000,1.000000,0.00,23.00
1090,16,3,0,0,0,0,0,0.000000,0.000000,1.000000,0.00,23.00
1090,17,3,0,0,0,0,0,0.000000,0.000000,1.000000,0.00,23.00
1090,18,3,0,0,0,0,0,0.000000,0.000000,1.000000,0.00,23.00
1090,19,3,0,0,0,0,0,0.000000,0.000000,1.000000,0.00,23.00
1090,20,3,0,0,0,0,0,0.000000,0.000000,1.000000,0.00,23.00
1090,1,1,0,0,0,0,0,0.000000,0.000000,1.000000,0.00,26.00
1090,2,1,0,0,0,0,0,0.000000,0.000000,1.000000,0.00,26.00
1090,3,1,0,0,0,0,0,0.000000,0.000000,1.000000,0.00,26.00
1090,4,1,0,0,0,0,0,0.000000,0.000000,1.000000,0.00,26.00
1090,5,1,0,0,0,0,0,0.000000,0.000000,1.000000,0.00,26.00
1100,6,2,540,540,1,1,0,0.432000,4.108563,1.000000,0.00,50.00
1100,7,2,540,540,1,1,0,0.432000,4.108563,1.000000,0.00,50.00
1100,8,2,540,540,1,1,0,0.432000,4.108563,1.000000,0.00,50.00
1100,9,2,540,540,1,1,0,0.432000,4.108563,1.000000,0.00,50.00
1100,10,2,540,540,1,1,0,0.432000,4.108563,1.000000,0.00,50.00
1100,11,3,540,540,1,1,0,0.432000,4.108563,1.000000,0.00,23.00
1100,12,3,540,540,1,1,0,0.432000,4.108563,1.000000,0.00,23.00
1100,13,3,540,540,1,1,0,0.432000,4.108563,1.000000,0.00,23.00
1100,14,3,540,540,1,1,0,0.432000,4.108563,1.000000,0.00,23.00
1100,15,3,540,540,1,1,0,0.432000,4.108563,1.000000,0.00,23.00
1100,16,3,540,540,1,1,0,0.432000,4.108563,1.000000,0.00,23.00
1100,17,3,540,540,1,1,0,0.432000,4.108563,1.000000,0.00,23.00
1100,18,3,540,540,1,1,0,0.432000,4.108563,1.000000,0.00,23.00
1100,19,3,540,540,1,1,0,0.432000,4.108563,1.000000,0.00,23.00
1100,20,3,540,540,1,1,0,0.432000,4.108563,1.000000,0.00,23.00
1100,1,1,0,0,0,0,0,0.000000,0.000000,1.000000,0.00,26.00
1100,2,1,0,0,0,0,0,0.000000,0.000000,1.000000,0.00,26.00
1100,3,1,0,0,0,0,0,0.000000,0.000000,1.000000,0.00,26.00
1100,4,1,0,0,0,0,0,0.000000,0.000000,1.000000,0.00,26.00
1100,5,1,0,0,0,0,0,0.000000,0.000000,1.000000,0.00,26.00
1110,6,2,0,0,0,0,0,0.000000,0.000000,1.000000,0.00,50.00
1110,7,2,0,0,0,0,0,0.000000,0.000000,1.000000,0.00,50.00
1110,8,2,0,0,0,0,0,0.000000,0.000000,1.000000,0.00,50.00
1110,9,2,0,0,0,0,0,0.000000,0.000000,1.000000,0.00,50.00
1110,10,2,0,0,0,0,0,0.000000,0.000000,1.000000,0.00,50.00
1110,11,3,0,0,0,0,0,0.000000,0.000000,1.000000,0.00,23.00
1110,12,3,0,0,0,0,0,0.000000,0.000000,1.000000,0.00,23.00
1110,13,3,0,0,0,0,0,0.000000,0.000000,1.000000,0.00,23.00
1110,14,3,0,0,0,0,0,0.000000,0.000000,1.000000,0.00,23.00
1110,15,3,0,0,0,0,0,0.000000,0.000000,1.000000,0.00,23.00
1110,16,3,0,0,0,0,0,0.000000,0.000000,1.000000,0.00,23.00
1110,17,3,0,0,0,0,0,0.000000,0.000000,1.000000,0.00,23.00
1110,18,3,0,0,0,0,0,0.000000,0.000000,1.000000,0.00,23.00
1110,19,3,0,0,0,0,0,0.000000,0.000000,1.000000,0.00,23.00
1110,20,3,0,0,0,0,0,0.000000,0.000000,1.000000,0.00,23.00
1110,1,1,0,0,0,0,0,0.000000,0.000000,1.000000,0.00,26.00
1110,2,1,0,0,0,0,0,0.000000,0.000000,1.000000,0.00,26.00
1110,3,1,0,0,0,0,0,0.000000,0.000000,1.000000,0.00,26.00
1110,4,1,0,0,0,0,0,0.000000,0.000000,1.000000,0.00,26.00
1110,5,1,0,0,0,0,0,0.000000,0.000000,1.000000,0.00,26.00
1120,6,2,540,540,1,1,0,0.432000,4.628563,1.000000,0.00,50.00
1120,7,2,540,540,1,1,0,0.432000,4.628563,1.000000,0.00,50.00
1120,8,2,540,540,1,1,0,0.432000,4.628563,1.000000,0.00,50.00
1120,9,2,540,540,1,1,0,0.432000,4.628563,1.000000,0.00,50.00
1120,10,2,540,540,1,1,0,0.432000,4.628563,1.000000,0.00,50.00
1120,11,3,540,540,1,1,0,0.432000,4.628563,1.000000,0.00,23.00
1120,12,3,540,540,1,1,0,0.432000,4.628563,1.000000,0.00,23.00
1120,13,3,540,540,1,1,0,0.432000,4.628563,1.000000,0.00,23.00
1120,14,3,540,540,1,1,0,0.432000,4.628563,1.000000,0.00,23.00
1120,15,3,540,540,1,1,0,0.432000,4.628563,1.000000,0.00,23.00
1120,16,3,540,540,1,1,0,0.432000,4.628563,1.000000,0.00,23.00
1120,17,3,540,540,1,1,0,0.432000,4.628563,1.000000,0.00,23.00
1120,18,3,540,540,1,1,0,0.432000,4.628563,1.000000,0.00,23.00
1120,19,3,540,540,1,1,0,0.432000,4.628563,1.000000,0.00,23.00
1120,20,3,540,540,1,1,0,0.432000,4.628563,1.000000,0.00,23.00
1120,1,1,0,0,0,0,0,0.000000,0.000000,1.000000,0.00,26.00
1120,2,1,0,0,0,0,0,0.000000,0.000000,1.000000,0.00,26.00
1120,3,1,0,0,0,0,0,0.000000,0.000000,1.000000,0.00,26.00
1120,4,1,0,0,0,0,0,0.000000,0.000000,1.000000,0.00,26.00
1120,5,1,0,0,0,0,0,0.000000,0.000000,1.000000,0.00,26.00
1130,6,2,0,0,0,0,0,0.000000,0.000000,1.000000,0.00,50.00
1130,7,2,0,0,0,0,0,0.000000,0.000000,1.000000,0.00,50.00
1130,8,2,0,0,0,0,0,0.000000,0.000000,1.000000,0.00,50.00
1130,9,2,0,0,0,0,0,0.000000,0.000000,1.000000,0.00,50.00
1130,10,2,0,0,0,0,0,0.000000,0.000000,1.000000,0.00,50.00
1130,11,3,0,0,0,0,0,0.000000,0.000000,1.000000,0.00,23.00
1130,12,3,0,0,0,0,0,0.000000,0.000000,1.000000,0.00,23.00
1130,13,3,0,0,0,0,0,0.000000,0.000000,1.000000,0.00,23.00
1130,14,3,0,0,0,0,0,0.000000,0.000000,1.000000,0.00,23.00
1130,15,3,0,0,0,0,0,0.000000,0.000000,1.000000,0.00,23.00
1130,16,3,0,0,0,0,0,0.000000,0.000000,1.000000,0.00,23.00
1130,17,3,0,0,0,0,0,0.000000,0.000000,1.000000,0.00,23.00
1130,18,3,0,0,0,0,0,0.000000,0.000000,1.000000,0.00,23.00
1130,19,3,0,0,0,0,0,0.000000,0.000000,1.000000,0.00,23.00
1130,20,3,0,0,0,0,0,0.000000,0.000000,1.000000,0.00,23.00
1130,1,1,0,0,0,0,0,0.000000,0.000000,1.000000,0.00,26.00
1130,2,1,0,0,0,0,0,0.000000,0.000000,1.000000,0.00,26.00
1130,3,1,0,0,0,0,0,0.000000,0.000000,1.000000,0.00,26.00
1130,4,1,0,0,0,0,0,0.000000,0.000000,1.000000,0.00,26.00
1130,5,1,0,0,0,0,0,0.000000,0.000000,1.000000,0.00,26.00
1140,6,2,540,540,1,1,0,0.432000,4.077135,1.000000,0.00,50.00
1140,7,2,540,540,1,1,0,0.432000,4.077135,1.000000,0.00,50.00
1140,8,2,540,540,1,1,0,0.432000,4.077135,1.000000,0.00,50.00
1140,9,2,540,540,1,1,0,0.432000,4.077135,1.000000,0.00,50.00
1140,10,2,540,540,1,1,0,0.432000,4.077135,1.000000,0.00,50.00
1140,11,3,540,540,1,1,0,0.432000,4.077135,1.000000,0.00,23.00
1140,12,3,540,540,1,1,0,0.432000,4.077135,1.000000,0.00,23.00
1140,13,3,540,540,1,1,0,0.432000,4.077135,1.000000,0.00,23.00
1140,14,3,540,540,1,1,0,0.432000,4.077135,1.000000,0.00,23.00
1140,15,3,540,540,1,1,0,0.432000,4.077135,1.000000,0.00,23.00
1140,16,3,540,540,1,1,0,0.432000,4.077135,1.000000,0.00,23.00
1140,17,3,540,540,1,1,0,0.432000,4.077135,1.000000,0.00,23.00
1140,18,3,540,540,1,1,0,0.432000,4.077135,1.000000,0.00,23.00
1140,19,3,540,540,1,1,0,0.432000,4.077135,1.000000,0.00,23.00
1140,20,3,540,540,1,1,0,0.432000,4.077135,1.000000,0.00,23.00
1140,1,1,0,0,0,0,0,0.000000,0.000000,1.000000,0.00,26.00
1140,2,1,0,0,0,0,0,0.000000,0.000000,1.000000,0.00,26.00
1140,3,1,0,0,0,0,0,0.000000,0.000000,1.000000,0.00,26.00
1140,4,1,0,0,0,0,0,0.000000,0.000000,1.000000,0.00,26.00
1140,5,1,0,0,0,0,0,0.000000,0.000000,1.000000,0.00,26.00
1150,6,2,0,0,0,0,0,0.000000,0.000000,1.000000,0.00,50.00
1150,7,2,0,0,0,0,0,0.000000,0.000000,1.000000,0.00,50.00
1150,8,2,0,0,0,0,0,0.000000,0.000000,1.000000,0.00,50.00
1150,9,2,0,0,0,0,0,0.000000,0.000000,1.000000,0.00,50.00
1150,10,2,0,0,0,0,0,0.000000,0.000000,1.000000,0.00,50.00
1150,11,3,0,0,0,0,0,0.000000,0.000000,1.000000,0.00,23.00
1150,12,3,0,0,0,0,0,0.000000,0.000000,1.000000,0.00,23.00
1150,13,3,0,0,0,0,0,0.000000,0.000000,1.000000,0.00,23.00
1150,14,3,0,0,0,0,0,0.000000,0.000000,1.000000,0.00,23.00
1150,15,3,0,0,0,0,0,0.000000,0.000000,1.000000,0.00,23.00
1150,16,3,0,0,0,0,0,0.000000,0.000000,1.000000,0.00,23.00
1150,17,3,0,0,0,0,0,0.000000,0.000000,1.000000,0.00,23.00
1150,18,3,0,0,0,0,0,0.000000,0.000000,1.000000,0.00,23.00
1150,19,3,0,0,0,0,0,0.000000,0.000000,1.000000,0.00,23.00
1150,20,3,0,0,0,0,0,0.000000,0.000000,1.000000,0.00,23.00
1150,1,1,0,0,0,0,0,0.000000,0.000000,1.000000,0.00,26.00
1150,2,1,0,0,0,0,0,0.000000,0.000000,1.000000,0.00,26.00
1150,3,1,0,0,0,0,0,0.000000,0.000000,1.000000,0.00,26.00
1150,4,1,0,0,0,0,0,0.000000,0.000000,1.000000,0.00,26.00
1150,5,1,0,0,0,0,0,0.000000,0.000000,1.000000,0.00,26.00
1160,6,2,0,540,0,1,0,0.000000,0.000000,0.000000,0.00,50.00
1160,7,2,0,540,0,1,0,0.000000,0.000000,0.000000,0.00,50.00
1160,8,2,0,540,0,1,0,0.000000,0.000000,0.000000,0.00,50.00
1160,9,2,0,540,0,1,0,0.000000,0.000000,0.000000,0.00,50.00
1160,10,2,0,540,0,1,0,0.000000,0.000000,0.000000,0.00,50.00
1160,11,3,0,540,0,1,0,0.000000,0.000000,0.000000,0.00,23.00
1160,12,3,0,540,0,1,0,0.000000,0.000000,0.000000,0.00,23.00
1160,13,3,0,540,0,1,0,0.000000,0.000000,0.000000,0.00,23.00
1160,14,3,0,540,0,1,0,0.000000,0.000000,0.000000,0.00,23.00
1160,15,3,0,540,0,1,0,0.000000,0.000000,0.000000,0.00,23.00
1160,16,3,0,540,0,1,0,0.000000,0.000000,0.000000,0.00,23.00
1160,17,3,0,540,0,1,0,0.000000,0.000000,0.000000,0.00,23.00
1160,18,3,0,540,0,1,0,0.000000,0.000000,0.000000,0.00,23.00
1160,19,3,0,540,0,1,0,0.000000,0.000000,0.000000,0.00,23.00
1160,20,3,0,540,0,1,0,0.000000,0.000000,0.000000,0.00,23.00
1160,1,1,0,0,0,0,0,0.000000,0.000000,1.000000,0.00,26.00
1160,2,1,0,0,0,0,0,0.000000,0.000000,1.000000,0.00,26.00
1160,3,1,0,0,0,0,0,0.000000,0.000000,1.000000,0.00,26.00
1160,4,1,0,0,0,0,0,0.000000,0.000000,1.000000,0.00,26.00
1160,5,1,0,0,0,0,0,0.000000,0.000000,1.000000,0.00,26.00
1170,6,2,540,0,1,0,0,0.432000,4.668563,1.000000,0.00,50.00
1170,7,2,540,0,1,0,0,0.432000,4.668563,1.000000,0.00,50.00
1170,8,2,540,0,1,0,0,0.432000,4.668563,1.000000,0.00,50.00
1170,9,2,540,0,1,0,0,0.432000,4.668563,1.000000,0.00,50.00
1170,10,2,540,0,1,0,0,0.432000,4.668563,1.000000,0.00,50.00
1170,11,3,540,0,1,0,0,0.432000,4.668563,1.000000,0.00,23.00
1170,12,3,540,0,1,0,0,0.432000,4.668563,1.000000,0.00,23.00
1170,13,3,540,0,1,0,0,0.432000,4.668563,1.000000,0.00,23.00
1170,14,3,540,0,1,0,0,0.432000,4.668563,1.000000,0.00,23.00
1170,15,3,540,0,1,0,0,0.432000,4.668563,1.000000,0.00,23.00
1170,16,3,540,0,1,0,0,0.432000,4.668563,1.000000,0.00,23.00
1170,17,3,540,0,1,0,0,0.432000,4.668563,1.000000,0.00,23.00
1170,18,3,540,0,1,0,0,0.432000,4.668563,1.000000,0.00,23.00
1170,19,3,540,0,1,0,0,0.432000,4.668563,1.000000,0.00,23.00
1170,20,3,540,0,1,0,0,0.432000,4.668563,1.000000,0.00,23.00
1170,1,1,0,0,0,0,0,0.000000,0.000000,1.000000,0.00,26.00
1170,2,1,0,0,0,0,0,0.000000,0.000000,1.000000,0.00,26.00
1170,3,1,0,0,0,0,0,0.000000,0.000000,1.000000,0.00,26.00
1170,4,1,0,0,0,0,0,0.000000,0.000000,1.000000,0.00,26.00
1170,5,1,0,0,0,0,0,0.000000,0.000000,1.000000,0.00,26.00
1180,6,2,0,540,0,1,0,0.000000,0.000000,0.000000,0.00,50.00
1180,7,2,0,540,0,1,0,0.000000,0.000000,0.000000,0.00,50.00
1180,8,2,0,540,0,1,0,0.000000,0.000000,0.000000,0.00,50.00
1180,9,2,0,540,0,1,0,0.000000,0.000000,0.000000,0.00,50.00
1180,10,2,0,540,0,1,0,0.000000,0.000000,0.000000,0.00,50.00
1180,11,3,0,540,0,1,0,0.000000,0.000000,0.000000,0.00,23.00
1180,12,3,0,540,0,1,0,0.000000,0.000000,0.000000,0.00,23.00
1180,13,3,0,540,0,1,0,0.000000,0.000000,0.000000,0.00,23.00
1180,14,3,0,540,0,1,0,0.000000,0.000000,0.000000,0.00,23.00
1180,15,3,0,540,0,1,0,0.000000,0.000000,0.000000,0.00,23.00
1180,16,3,0,540,0,1,0,0.000000,0.000000,0.000000,0.00,23.00
1180,17,3,0,540,0,1,0,0.000000,0.000000,0.000000,0.00,23.00
1180,18,3,0,540,0,1,0,0.000000,0.000000,0.000000,0.00,23.00
1180,19,3,0,540,0,1,0,0.000000,0.000000,0.000000,0.00,23.00
1180,20,3,0,540,0,1,0,0.000000,0.000000,0.000000,0.00,23.00
1180,1,1,0,0,0,0,0,0.000000,0.000000,1.000000,0.00,26.00
1180,2,1,0,0,0,0,0,0.000000,0.000000,1.000000,0.00,26.00
1180,3,1,0,0,0,0,0,0.000000,0.000000,1.000000,0.00,26.00
1180,4,1,0,0,0,0,0,0.000000,0.000000,1.000000,0.00,26.00
1180,5,1,0,0,0,0,0,0.000000,0.000000,1.000000,0.00,26.00
1190,6,2,540,0,1,0,0,0.432000,4.188563,1.000000,0.00,50.00
1190,7,2,540,0,1,0,0,0.432000,4.188563,1.000000,0.00,50.00
1190,8,2,540,0,1,0,0,0.432000,4.188563,1.000000,0.00,50.00
1190,9,2,540,0,1,0,0,0.432000,4.188563,1.000000,0.00,50.00
1190,10,2,540,0,1,0,0,0.432000,4.188563,1.000000,0.00,50.00
1190,11,3,540,0,1,0,0,0.432000,4.188563,1.000000,0.00,23.00
1190,12,3,540,0,1,0,0,0.432000,4.188563,1.000000,0.00,23.00
1190,13,3,540,0,1,0,0,0.432000,4.188563,1.000000,0.00,23.00
1190,14,3,540,0,1,0,0,0.432000,4.188563,1.000000,0.00,23.00
1190,15,3,540,0,1,0,0,0.432000,4.188563,1.000000,0.00,23.00
1190,16,3,540,0,1,0,0,0.432000,4.188563,1.000000,0.00,23.00
1190,17,3,540,0,1,0,0,0.432000,4.188563,1.000000,0.00,23.00
1190,18,3,540,0,1,0,0,0.432000,4.188563,1.000000,0.00,23.00
1190,19,3,540,0,1,0,0,0.432000,4.188563,1.000000,0.00,23.00
1190,20,3,540,0,1,0,0,0.432000,4.188563,1.000000,0.00,23.00
1190,1,1,0,0,0,0,0,0.000000,0.000000,1.000000,0.00,26.00
1190,2,1,0,0,0,0,0,0.000000,0.000000,1.000000,0.00,26.00
1190,3,1,0,0,0,0,0,0.000000,0.000000,1.000000,0.00,26.00
1190,4,1,0,0,0,0,0,0.000000,0.000000,1.000000,0.00,26.00
1190,5,1,0,0,0,0,0,0.000000,0.000000,1.000000,0.00,26.00
1200,6,2,0,540,0,1,0,0.000000,0.000000,0.000000,0.00,50.00
1200,7,2,0,540,0,1,0,0.000000,0.000000,0.000000,0.00,50.00
1200,8,2,0,540,0,1,0,0.000000,0.000000,0.000000,0.00,50.00
1200,9,2,0,540,0,1,0,0.000000,0.000000,0.000000,0.00,50.00
1200,10,2,0,540,0,1,0,0.000000,0.000000,0.000000,0.00,50.00
1200,11,3,0,540,0,1,0,0.000000,0.000000,0.000000,0.00,23.00
1200,12,3,0,540,0,1,0,0.000000,0.000000,0.000000,0.00,23.00
1200,13,3,0,540,0,1,0,0.000000,0.000000,0.000000,0.00,23.00
1200,14,3,0,540,0,1,0,0.000000,0.000000,0.000000,0.00,23.00
1200,15,3,0,540,0,1,0,0.000000,0.000000,0.000000,0.00,23.00
1200,16,3,0,540,0,1,0,0.000000,0.000000,0.000000,0.00,23.00
1200,17,3,0,540,0,1,0,0.000000,0.000000,0.000000,0.00,23.00
1200,18,3,0,540,0,1,0,0.000000,0.000000,0.000000,0.00,23.00
1200,19,3,0,540,0,1,0,0.000000,0.000000,0.000000,0.00,23.00
1200,20,3,0,540,0,1,0,0.000000,0.000000,0.000000,0.00,23.00
1200,1,1,0,0,0,0,0,0.000000,0.000000,1.000000,0.00,26.00
1200,2,1,0,0,0,0,0,0.000000,0.000000,1.000000,0.00,26.00
1200,3,1,0,0,0,0,0,0.000000,0.000000,1.000000,0.00,26.00
1200,4,1,0,0,0,0,0,0.000000,0.000000,1.000000,0.00,26.00
1200,5,1,0,0,0,0,0,0.000000,0.000000,1.000000,0.00,26.00
1210,6,2,540,0,1,0,0,0.432000,4.708563,1.000000,0.00,50.00
1210,7,2,540,0,1,0,0,0.432000,4.708563,1.000000,0.00,50.00
1210,8,2,540,0,1,0,0,0.432000,4.708563,1.000000,0.00,50.00
1210,9,2,540,0,1,0,0,0.432000,4.708563,1.000000,0.00,50.00
1210,10,2,540,0,1,0,0,0.432000,4.708563,1.000000,0.00,50.00
1210,11,3,540,0,1,0,0,0.432000,4.708563,1.000000,0.00,23.00
1210,12,3,540,0,1,0,0,0.432000,4.708563,1.000000,0.00,23.00
1210,13,3,540,0,1,0,0,0.432000,4.708563,1.000000,0.00,23.00
1210,14,3,540,0,1,0,0,0.432000,4.708563,1.000000,0.00,23.00
1210,15,3,540,0,1,0,0,0.432000,4.708563,1.000000,0.00,23.00
1210,16,3,540,0,1,0,0,0.432000,4.708563,1.000000,0.00,23.00
1210,17,3,540,0,1,0,0,0.432000,4.708563,1.000000,0.00,23.00
1210,18,3,540,0,1,0,0,0.432000,4.708563,1.000000,0.00,23.00
1210,19,3,540,0,1,0,0,0.432000,4.708563,1.000000,0.00,23.00
1210,20,3,540,0,1,0,0,0.432000,4.708563,1.000000,0.00,23.00
1210,1,1,0,0,0,0,0,0.000000,0.000000,1.000000,0.00,26.00
1210,2,1,0,0,0,0,0,0.000000,0.000000,1.000000,0.00,26.00
1210,3,1,0,0,0,0,0,0.000000,0.000000,1.000000,0.00,26.00
1210,4,1,0,0,0,0,0,0.000000,0.000000,1.000000,0.00,26.00
1210,5,1,0,0,0,0,0,0.000000,0.000000,1.000000,0.00,26.00
1220,6,2,0,540,0,1,0,0.000000,0.000000,0.000000,0.00,50.00
1220,7,2,0,540,0,1,0,0.000000,0.000000,0.000000,0.00,50.00
1220,8,2,0,540,0,1,0,0.000000,0.000000,0.000000,0.00,50.00
1220,9,2,0,540,0,1,0,0.000000,0.000000,0.000000,0.00,50.00
1220,10,2,0,540,0,1,0,0.000000,0.000000,0.000000,0.00,50.00
1220,11,3,0,540,0,1,0,0.000000,0.000000,0.000000,0.00,23.00
1220,12,3,0,540,0,1,0,0.000000,0.000000,0.000000,0.00,23.00
1220,13,3,0,540,0,1,0,0.000000,0.000000,0.000000,0.00,23.00
1220,14,3,0,540,0,1,0,0.000000,0.000000,0.000000,0.00,23.00
1220,15,3,0,540,0,1,0,0.000000,0.000000,0.000000,0.00,23.00
1220,16,3,0,540,0,1,0,0.000000,0.000000,0.000000,0.00,23.00
1220,17,3,0,540,0,1,0,0.000000,0.000000,0.000000,0.00,23.00
1220,18,3,0,540,0,1,0,0.000000,0.000000,0.000000,0.00,23.00
1220,19,3,0,540,0,1,0,0.000000,0.000000,0.000000,0.00,23.00
1220,20,3,0,540,0,1,0,0.000000,0.000000,0.000000,0.00,23.00
1220,1,1,0,0,0,0,0,0.000000,0.000000,1.000000,0.00,26.00
1220,2,1,0,0,0,0,0,0.000000,0.000000,1.000000,0.00,26.00
1220,3,1,0,0,0,0,0,0.000000,0.000000,1.000000,0.00,26.00
1220,4,1,0,0,0,0,0,0.000000,0.000000,1.000000,0.00,26.00
1220,5,1,0,0,0,0,0,0.000000,0.000000,1.000000,0.00,26.00
1230,6,2,540,0,1,0,0,0.432000,4.228563,1.000000,0.00,50.00
1230,7,2,540,0,1,0,0,0.432000,4.228563,1.000000,0.00,50.00
1230,8,2,540,0,1,0,0,0.432000,4.228563,1.000000,0.00,50.00
1230,9,2,540,0,1,0,0,0.432000,4.228563,1.000000,0.00,50.00
1230,10,2,540,0,1,0,0,0.432000,4.228563,1.000000,0.00,50.00
1230,11,3,540,0,1,0,0,0.432000,4.228563,1.000000,0.00,23.00
1230,12,3,540,0,1,0,0,0.432000,4.228563,1.000000,0.00,23.00
1230,13,3,540,0,1,0,0,0.432000,4.228563,1.000000,0.00,23.00
1230,14,3,540,0,1,0,0,0.432000,4.228563,1.000000,0.00,23.00
1230,15,3,540,0,1,0,0,0.432000,4.228563,1.000000,0.00,23.00
1230,16,3,540,0,1,0,0,0.432000,4.228563,1.000000,0.00,23.00
1230,17,3,540,0,1,0,0,0.432000,4.228563,1.000000,0.00,23.00
1230,18,3,540,0,1,0,0,0.432000,4.228563,1.000000,0.00,23.00
1230,19,3,540,0,1,0,0,0.432000,4.228563,1.000000,0.00,23.00
1230,20,3,540,0,1,0,0,0.432000,4.228563,1.000000,0.00,23.00
1230,1,1,0,0,0,0,0,0.000000,0.000000,1.000000,0.00,26.00
1230,2,1,0,0,0,0,0,0.000000,0.000000,1.000000,0.00,26.00
1230,3,1,0,0,0,0,0,0.000000,0.000000,1.000000,0.00,26.00
1230,4,1,0,0,0,0,0,0.000000,0.000000,1.000000,0.00,26.00
1230,5,1,0,0,0,0,0,0.000000,0.000000,1.000000,0.00,26.00
1240,6,2,0,540,0,1,0,0.000000,0.000000,0.000000,0.00,50.00
1240,7,2,0,540,0,1,0,0.000000,0.000000,0.000000,0.00,50.00
1240,8,2,0,540,0,1,0,0.000000,0.000000,0.000000,0.00,50.00
1240,9,2,0,540,0,1,0,0.000000,0.000000,0.000000,0.00,50.00
1240,10,2,0,540,0,1,0,0.000000,0.000000,0.000000,0.00,50.00
1240,11,3,0,540,0,1,0,0.000000,0.000000,0.000000,0.00,23.00
1240,12,3,0,540,0,1,0,0.000000,0.000000,0.000000,0.00,23.00
1240,13,3,0,540,0,1,0,0.000000,0.000000,0.000000,0.00,23.00
1240,14,3,0,540,0,1,0,0.000000,0.000000,0.000000,0.00,23.00
1240,15,3,0,540,0,1,0,0.000000,0.000000,0.000000,0.00,23.00
1240,16,3,0,540,0,1,0,0.000000,0.000000,0.000000,0.00,23.00
1240,17,3,0,540,0,1,0,0.000000,0.000000,0.000000,0.00,23.00
1240,18,3,0,540,0,1,0,0.000000,0.000000,0.000000,0.00,23.00
1240,19,3,0,540,0,1,0,0.000000,0.000000,0.000000,0.00,23.00
1240,20,3,0,540,0,1,0,0.000000,0.000000,0.000000,0.00,23.00
1240,1,1,0,0,0,0,0,0.000000,0.000000,1.000000,0.00,26.00
1240,2,1,0,0,0,0,0,0.000000,0.000000,1.000000,0.00,26.00
1240,3,1,0,0,0,0,0,0.000000,0.000000,1.000000,0.00,26.00
1240,4,1,0,0,0,0,0,0.000000,0.000000,1.000000,0.00,26.00
1240,5,1,0,0,0,0,0,0.000000,0.000000,1.000000,0.00,26.00
1250,6,2,540,0,1,0,0,0.432000,4.677135,1.000000,0.00,50.00
1250,7,2,540,0,1,0,0,0.432000,4.677135,1.000000,0.00,50.00
1250,8,2,540,0,1,0,0,0.432000,4.677135,1.000000,0.00,50.00
1250,9,2,540,0,1,0,0,0.432000,4.677135,1.000000,0.00,50.00
1250,10,2,540,0,1,0,0,0.432000,4.677135,1.000000,0.00,50.00
1250,11,3,540,0,1,0,0,0.432000,4.677135,1.000000,0.00,23.00
1250,12,3,540,0,1,0,0,0.432000,4.677135,1.000000,0.00,23.00
1250,13,3,540,0,1,0,0,0.432000,4.677135,1.000000,0.00,23.00
1250,14,3,540,0,1,0,0,0.432000,4.677135,1.000000,0.00,23.00
1250,15,3,540,0,1,0,0,0.432000,4.677135,1.000000,0.00,23.00
1250,16,3,540,0,1,0,0,0.432000,4.677135,1.000000,0.00,23.00
1250,17,3,540,0,1,0,0,0.432000,4.677135,1.000000,0.00,23.00
1250,18,3,540,0,1,0,0,0.432000,4.677135,1.000000,0.00,23.00
1250,19,3,540,0,1,0,0,0.432000,4.677135,1.000000,0.00,23.00
1250,20,3,540,0,1,0,0,0.432000,4.677135,1.000000,0.00,23.00
1250,1,1,0,0,0,0,0,0.000000,0.000000,1.000000,0.00,26.00
1250,2,1,0,0,0,0,0,0.000000,0.000000,1.000000,0.00,26.00
1250,3,1,0,0,0,0,0,0.000000,0.000000,1.000000,0.00,26.00
1250,4,1,0,0,0,0,0,0.000000,0.000000,1.000000,0.00,26.00
1250,5,1,0,0,0,0,0,0.000000,0.000000,1.000000,0.00,26.00
1260,6,2,0,540,0,1,0,0.000000,0.000000,0.000000,0.00,50.00
1260,7,2,0,540,0,1,0,0.000000,0.000000,0.000000,0.00,50.00
1260,8,2,0,540,0,1,0,0.000000,0.000000,0.000000,0.00,50.00
1260,9,2,0,540,0,1,0,0.000000,0.000000,0.000000,0.00,50.00
1260,10,2,0,540,0,1,0,0.000000,0.000000,0.000000,0.00,50.00
1260,11,3,0,540,0,1,0,0.000000,0.000000,0.000000,0.00,23.00
1260,12,3,0,540,0,1,0,0.000000,0.000000,0.000000,0.00,23.00
1260,13,3,0,540,0,1,0,0.000000,0.000000,0.000000,0.00,23.00
1260,14,3,0,540,0,1,0,0.000000,0.000000,0.000000,0.00,23.00
1260,15,3,0,540,0,1,0,0.000000,0.000000,0.000000,0.00,23.00
1260,16,3,0,540,0,1,0,0.000000,0.000000,0.000000,0.00,23.00
1260,17,3,0,540,0,1,0,0.000000,0.000000,0.000000,0.00,23.00
1260,18,3,0,540,0,1,0,0.000000,0.000000,0.000000,0.00,23.00
1260,19,3,0,540,0,1,0,0.000000,0.000000,0.000000,0.00,23.00
1260,20,3,0,540,0,1,0,0.000000,0.000000,0.000000,0.00,23.00
1260,1,1,0,0,0,0,0,0.000000,0.000000,1.000000,0.00,26.00
1260,2,1,0,0,0,0,0,0.000000,0.000000,1.000000,0.00,26.00
1260,3,1,0,0,0,0,0,0.000000,0.000000,1.000000,0.00,26.00
1260,4,1,0,0,0,0,0,0.000000,0.000000,1.000000,0.00,26.00
1260,5,1,0,0,0,0,0,0.000000,0.000000,1.000000,0.00,26.00
1270,6,2,540,0,1,0,0,0.432000,4.268563,1.000000,0.00,50.00
1270,7,2,540,0,1,0,0,0.432000,4.268563,1.000000,0.00,50.00
1270,8,2,540,0,1,0,0,0.432000,4.268563,1.000000,0.00,50.00
1270,9,2,540,0,1,0,0,0.432000,4.268563,1.000000,0.00,50.00
1270,10,2,540,0,1,0,0,0.432000,4.268563,1.000000,0.00,50.00
1270,11,3,540,0,1,0,0,0.432000,4.268563,1.000000,0.00,23.00
1270,12,3,540,0,1,0,0,0.432000,4.268563,1.000000,0.00,23.00
1270,13,3,540,0,1,0,0,0.432000,4.268563,1.000000,0.00,23.00
1270,14,3,540,0,1,0,0,0.432000,4.268563,1.000000,0.00,23.00
1270,15,3,540,0,1,0,0,0.432000,4.268563,1.000000,0.00,23.00
1270,16,3,540,0,1,0,0,0.432000,4.268563,1.000000,0.00,23.00
1270,17,3,540,0,1,0,0,0.432000,4.268563,1.000000,0.00,23.00
1270,18,3,540,0,1,0,0,0.432000,4.268563,1.000000,0.00,23.00
1270,19,3,540,0,1,0,0,0.432000,4.268563,1.000000,0.00,23.00
1270,20,3,540,0,1,0,0,0.432000,4.268563,1.000000,0.00,23.00
1270,1,1,0,0,0,0,0,0.000000,0.000000,1.000000,0.00,26.00
1270,2,1,0,0,0,0,0,0.000000,0.000000,1.000000,0.00,26.00
1270,3,1,0,0,0,0,0,0.000000,0.000000,1.000000,0.00,26.00
1270,4,1,0,0,0,0,0,0.000000,0.000000,1.000000,0.00,26.00
1270,5,1,0,0,0,0,0,0.000000,0.000000,1.000000,0.00,26.00
1280,6,2,0,540,0,1,0,0.000000,0.000000,0.000000,0.00,50.00
1280,7,2,0,540,0,1,0,0.000000,0.000000,0.000000,0.00,50.00
1280,8,2,0,540,0,1,0,0.000000,0.000000,0.000000,0.00,50.00
1280,9,2,0,540,0,1,0,0.000000,0.000000,0.000000,0.00,50.00
1280,10,2,0,540,0,1,0,0.000000,0.000000,0.000000,0.00,50.00
1280,11,3,0,540,0,1,0,0.000000,0.000000,0.000000,0.00,23.00
1280,12,3,0,540,0,1,0,0.000000,0.000000,0.000000,0.00,23.00
1280,13,3,0,540,0,1,0,0.000000,0.000000,0.000000,0.00,23.00
1280,14,3,0,540,0,1,0,0.000000,0.000000,0.000000,0.00,23.00
1280,15,3,0,540,0,1,0,0.000000,0.000000,0.000000,0.00,23.00
1280,16,3,0,540,0,1,0,0.000000,0.000000,0.000000,0.00,23.00
1280,17,3,0,540,0,1,0,0.000000,0.000000,0.000000,0.00,23.00
1280,18,3,0,540,0,1,0,0.000000,0.000000,0.000000,0.00,23.00
1280,19,3,0,540,0,1,0,0.000000,0.000000,0.000000,0.00,23.00
1280,20,3,0,540,0,1,0,0.000000,0.000000,0.000000,0.00,23.00
1280,1,1,0,0,0,0,0,0.000000,0.000000,1.000000,0.00,26.00
1280,2,1,0,0,0,0,0,0.000000,0.000000,1.000000,0.00,26.00
1280,3,1,0,0,0,0,0,0.000000,0.000000,1.000000,0.00,26.00
1280,4,1,0,0,0,0,0,0.000000,0.000000,1.000000,0.00,26.00
1280,5,1,0,0,0,0,0,0.000000,0.000000,1.000000,0.00,26.00
1290,6,2,540,0,1,0,0,0.432000,4.788563,1.000000,0.00,50.00
1290,7,2,540,0,1,0,0,0.432000,4.788563,1.000000,0.00,50.00
1290,8,2,540,0,1,0,0,0.432000,4.788563,1.000000,0.00,50.00
1290,9,2,540,0,1,0,0,0.432000,4.788563,1.000000,0.00,50.00
1290,10,2,540,0,1,0,0,0.432000,4.788563,1.000000,0.00,50.00
1290,11,3,540,0,1,0,0,0.432000,4.788563,1.000000,0.00,23.00
1290,12,3,540,0,1,0,0,0.432000,4.788563,1.000000,0.00,23.00
1290,13,3,540,0,1,0,0,0.432000,4.788563,1.000000,0.00,23.00
1290,14,3,540,0,1,0,0,0.432000,4.788563,1.000000,0.00,23.00
1290,15,3,540,0,1,0,0,0.432000,4.788563,1.000000,0.00,23.00
1290,16,3,540,0,1,0,0,0.432000,4.788563,1.000000,0.00,23.00
1290,17,3,540,0,1,0,0,0.432000,4.788563,1.000000,0.00,23.00
1290,18,3,540,0,1,0,0,0.432000,4.788563,1.000000,0.00,23.00
1290,19,3,540,0,1,0,0,0.432000,4.788563,1.000000,0.00,23.00
1290,20,3,540,0,1,0,0,0.432000,4.788563,1.000000,0.00,23.00
1290,1,1,0,0,0,0,0,0.000000,0.000000,1.000000,0.00,26.00
1290,2,1,0,0,0,0,0,0.000000,0.000000,1.000000,0.00,26.00
1290,3,1,0,0,0,0,0,0.000000,0.000000,1.000000,0.00,26.00
1290,4,1,0,0,0,0,0,0.000000,0.000000,1.000000,0.00,26.00
1290,5,1,0,0,0,0,0,0.000000,0.000000,1.000000,0.00,26.00
1300,6,2,0,540,0,1,0,0.000000,0.000000,0.000000,0.00,50.00
1300,7,2,0,540,0,1,0,0.000000,0.000000,0.000000,0.00,50.00
1300,8,2,0,540,0,1,0,0.000000,0.000000,0.000000,0.00,50.00
1300,9,2,0,540,0,1,0,0.000000,0.000000,0.000000,0.00,50.00
1300,10,2,0,540,0,1,0,0.000000,0.000000,0.000000,0.00,50.00
1300,11,3,0,540,0,1,0,0.000000,0.000000,0.000000,0.00,23.00
1300,12,3,0,540,0,1,0,0.000000,0.000000,0.000000,0.00,23.00
1300,13,3,0,540,0,1,0,0.000000,0.000000,0.000000,0.00,23.00
1300,14,3,0,540,0,1,0,0.000000,0.000000,0.000000,0.00,23.00
1300,15,3,0,540,0,1,0,0.000000,0.000000,0.000000,0.00,23.00
1300,16,3,0,540,0,1,0,0.000000,0.000000,0.000000,0.00,23.00
1300,17,3,0,540,0,1,0,0.000000,0.000000,0.000000,0.00,23.00
1300,18,3,0,540,0,1,0,0.000000,0.000000,0.000000,0.00,23.00
1300,19,3,0,540,0,1,0,0.000000,0.000000,0.000000,0.00,23.00
1300,20,3,0,540,0,1,0,0.000000,0.000000,0.000000,0.00,23.00
1300,1,1,0,0,0,0,0,0.000000,0.000000,1.000000,0.00,26.00
1300,2,1,0,0,0,0,0,0.000000,0.000000,1.000000,0.00,26.00
1300,3,1,0,0,0,0,0,0.000000,0.000000,1.000000,0.00,26.00
1300,4,1,0,0,0,0,0,0.000000,0.000000,1.000000,0.00,26.00
1300,5,1,0,0,0,0,0,0.000000,0.000000,1.000000,0.00,26.00
1310,6,2,540,0,1,0,0,0.432000,4.308563,1.000000,0.00,50.00
1310,7,2,540,0,1,0,0,0.432000,4.308563,1.000000,0.00,50.00
1310,8,2,540,0,1,0,0,0.432000,4.308563,1.000000,0.00,50.00
1310,9,2,540,0,1,0,0,0.432000,4.308563,1.000000,0.00,50.00
1310,10,2,540,0,1,0,0,0.432000,4.308563,1.000000,0.00,50.00
1310,11,3,540,0,1,0,0,0.432000,4.308563,1.000000,0.00,23.00
1310,12,3,540,0,1,0,0,0.432000,4.308563,1.000000,0.00,23.00
1310,13,3,540,0,1,0,0,0.432000,4.308563,1.000000,0.00,23.00
1310,14,3,540,0,1,0,0,0.432000,4.308563,1.000000,0.00,23.00
1310,15,3,540,0,1,0,0,0.432000,4.308563,1.000000,0.00,23.00
1310,16,3,540,0,1,0,0,0.432000,4.308563,1.000000,0.00,23.00
1310,17,3,540,0,1,0,0,0.432000,4.308563,1.000000,0.00,23.00
1310,18,3,540,0,1,0,0,0.432000,4.308563,1.000000,0.00,23.00
1310,19,3,540,0,1,0,0,0.432000,4.308563,1.000000,0.00,23.00
1310,20,3,540,0,1,0,0,0.432000,4.308563,1.000000,0.00,23.00
1310,1,1,0,0,0,0,0,0.000000,0.000000,1.000000,0.00,26.00
1310,2,1,0,0,0,0,0,0.000000,0.000000,1.000000,0.00,26.00
1310,3,1,0,0,0,0,0,0.000000,0.000000,1.000000,0.00,26.00
1310,4,1,0,0,0,0,0,0.000000,0.000000,1.000000,0.00,26.00
1310,5,1,0,0,0,0,0,0.000000,0.000000,1.000000,0.00,26.00
1320,6,2,0,540,0,1,0,0.000000,0.000000,0.000000,0.00,50.00
1320,7,2,0,540,0,1,0,0.000000,0.000000,0.000000,0.00,50.00
1320,8,2,0,540,0,1,0,0.000000,0.000000,0.000000,0.00,50.00
1320,9,2,0,540,0,1,0,0.000000,0.000000,0.000000,0.00,50.00
1320,10,2,0,540,0,1,0,0.000000,0.000000,0.000000,0.00,50.00
1320,11,3,0,540,0,1,0,0.000000,0.000000,0.000000,0.00,23.00
1320,12,3,0,540,0,1,0,0.000000,0.000000,0.000000,0.00,23.00
1320,13,3,0,540,0,1,0,0.000000,0.000000,0.000000,0.00,23.00
1320,14,3,0,540,0,1,0,0.000000,0.000000,0.000000,0.00,23.00
1320,15,3,0,540,0,1,0,0.000000,0.000000,0.000000,0.00,23.00
1320,16,3,0,540,0,1,0,0.000000,0.000000,0.000000,0.00,23.00
1320,17,3,0,540,0,1,0,0.000000,0.000000,0.000000,0.00,23.00
1320,18,3,0,540,0,1,0,0.000000,0.000000,0.000000,0.00,23.00
1320,19,3,0,540,0,1,0,0.000000,0.000000,0.000000,0.00,23.00
1320,20,3,0,540,0,1,0,0.000000,0.000000,0.000000,0.00,23.00
1320,1,1,0,540,0,1,0,0.000000,0.000000,0.000000,0.00,26.00
1320,2,1,0,540,0,1,0,0.000000,0.000000,0.000000,0.00,26.00
1320,3,1,0,540,0,1,0,0.000000,0.000000,0.000000,0.00,26.00
1320,4,1,0,540,0,1,0,0.000000,0.000000,0.000000,0.00,26.00
1320,5,1,0,540,0,1,0,0.000000,0.000000,0.000000,0.00,26.00
1330,6,2,540,0,1,0,0,0.432000,4.828563,1.000000,0.00,50.00
1330,7,2,540,0,1,0,0,0.432000,4.828563,1.000000,0.00,50.00
1330,8,2,540,0,1,0,0,0.432000,4.828563,1.000000,0.00,50.00
1330,9,2,540,0,1,0,0,0.432000,4.828563,1.000000,0.00,50.00
1330,10,2,540,0,1,0,0,0.432000,4.828563,1.000000,0.00,50.00
1330,11,3,540,0,1,0,0,0.432000,4.828563,1.000000,0.00,23.00
1330,12,3,540,0,1,0,0,0.432000,4.828563,1.000000,0.00,23.00
1330,13,3,540,0,1,0,0,0.432000,4.828563,1.000000,0.00,23.00
1330,14,3,540,0,1,0,0,0.432000,4.828563,1.000000,0.00,23.00
1330,15,3,540,0,1,0,0,0.432000,4.828563,1.000000,0.00,23.00
1330,16,3,540,0,1,0,0,0.432000,4.828563,1.000000,0.00,23.00
1330,17,3,540,0,1,0,0,0.432000,4.828563,1.000000,0.00,23.00
1330,18,3,540,0,1,0,0,0.432000,4.828563,1.000000,0.00,23.00
1330,19,3,540,0,1,0,0,0.432000,4.828563,1.000000,0.00,23.00
1330,20,3,540,0,1,0,0,0.432000,4.828563,1.000000,0.00,23.00
1330,1,1,540,0,1,0,0,0.432000,4.828563,1.000000,0.00,26.00
1330,2,1,540,0,1,0,0,0.432000,4.828563,1.000000,0.00,26.00
1330,3,1,540,0,1,0,0,0.432000,4.828563,1.000000,0.00,26.00
1330,4,1,540,0,1,0,0,0.432000,4.828563,1.000000,0.00,26.00
1330,5,1,540,0,1,0,0,0.432000,4.828563,1.000000,0.00,26.00
1340,6,2,0,540,0,1,0,0.000000,0.000000,0.000000,0.00,50.00
1340,7,2,0,540,0,1,0,0.000000,0.000000,0.000000,0.00,50.00
1340,8,2,0,540,0,1,0,0.000000,0.000000,0.000000,0.00,50.00
1340,9,2,0,540,0,1,0,0.000000,0.000000,0.000000,0.00,50.00
1340,10,2,0,540,0,1,0,0.000000,0.000000,0.000000,0.00,50.00
1340,11,3,0,540,0,1,0,0.000000,0.000000,0.000000,0.00,23.00
1340,12,3,0,540,0,1,0,0.000000,0.000000,0.000000,0.00,23.00
1340,13,3,0,540,0,1,0,0.000000,0.000000,0.000000,0.00,23.00
1340,14,3,0,540,0,1,0,0.000000,0.000000,0.000000,0.00,23.00
1340,15,3,0,540,0,1,0,0.000000,0.000000,0.000000,0.00,23.00
1340,16,3,0,540,0,1,0,0.000000,0.000000,0.000000,0.00,23.00
1340,17,3,0,540,0,1,0,0.000000,0.000000,0.000000,0.00,23.00
1340,18,3,0,540,0,1,0,0.000000,0.000000,0.000000,0.00,23.00
1340,19,3,0,540,0,1,0,0.000000,0.000000,0.000000,0.00,23.00
1340,20,3,0,540,0,1,0,0.000000,0.000000,0.000000,0.00,23.00
1340,1,1,0,0,0,0,0,0.000000,0.000000,1.000000,0.00,26.00
1340,2,1,0,0,0,0,0,0.000000,0.000000,1.000000,0.00,26.00
1340,3,1,0,0,0,0,0,0.000000,0.000000,1.000000,0.00,26.00
1340,4,1,0,0,0,0,0,0.000000,0.000000,1.000000,0.00,26.00
1340,5,1,0,0,0,0,0,0.000000,0.000000,1.000000,0.00,26.00
1350,6,2,540,0,1,0,0,0.432000,4.348563,1.000000,0.00,50.00
1350,7,2,540,0,1,0,0,0.432000,4.348563,1.000000,0.00,50.00
1350,8,2,540,0,1,0,0,0.432000,4.348563,1.000000,0.00,50.00
1350,9,2,540,0,1,0,0,0.432000,4.348563,1.000000,0.00,50.00
1350,10,2,540,0,1,0,0,0.432000,4.348563,1.000000,0.00,50.00
1350,11,3,540,0,1,0,0,0.432000,4.348563,1.000000,0.00,23.00
1350,12,3,540,0,1,0,0,0.432000,4.348563,1.000000,0.00,23.00
1350,13,3,540,0,1,0,0,0.432000,4.348563,1.000000,0.00,23.00
1350,14,3,540,0,1,0,0,0.432000,4.348563,1.000000,0.00,23.00
1350,15,3,540,0,1,0,0,0.432000,4.348563,1.000000,0.00,23.00
1350,16,3,540,0,1,0,0,0.432000,4.348563,1.000000,0.00,23.00
1350,17,3,540,0,1,0,0,0.432000,4.348563,1.000000,0.00,23.00
1350,18,3,540,0,1,0,0,0.432000,4.348563,1.000000,0.00,23.00
1350,19,3,540,0,1,0,0,0.432000,4.348563,1.000000,0.00,23.00
1350,20,3,540,0,1,0,0,0.432000,4.348563,1.000000,0.00,23.00
1350,1,1,0,0,0,0,0,0.000000,0.000000,1.000000,0.00,26.00
1350,2,1,0,0,0,0,0,0.000000,0.000000,1.000000,0.00,26.00
1350,3,1,0,0,0,0,0,0.000000,0.000000,1.000000,0.00,26.00
1350,4,1,0,0,0,0,0,0.000000,0.000000,1.000000,0.00,26.00
1350,5,1,0,0,0,0,0,0.000000,0.000000,1.000000,0.00,26.00
1360,6,2,0,0,0,0,0,0.000000,0.000000,1.000000,0.00,50.00
1360,7,2,0,0,0,0,0,0.000000,0.000000,1.000000,0.00,50.00
1360,8,2,0,0,0,0,0,0.000000,0.000000,1.000000,0.00,50.00
1360,9,2,0,0,0,0,0,0.000000,0.000000,1.000000,0.00,50.00
1360,10,2,0,0,0,0,0,0.000000,0.000000,1.000000,0.00,50.00
1360,11,3,0,0,0,0,0,0.000000,0.000000,1.000000,0.00,23.00
1360,12,3,0,0,0,0,0,0.000000,0.000000,1.000000,0.00,23.00
1360,13,3,0,0,0,0,0,0.000000,0.000000,1.000000,0.00,23.00
1360,14,3,0,0,0,0,0,0.000000,0.000000,1.000000,0.00,23.00
1360,15,3,0,0,0,0,0,0.000000,0.000000,1.000000,0.00,23.00
1360,16,3,0,0,0,0,0,0.000000,0.000000,1.000000,0.00,23.00
1360,17,3,0,0,0,0,0,0.000000,0.000000,1.000000,0.00,23.00
1360,18,3,0,0,0,0,0,0.000000,0.000000,1.000000,0.00,23.00
1360,19,3,0,0,0,0,0,0.000000,0.000000,1.000000,0.00,23.00
1360,20,3,0,0,0,0,0,0.000000,0.000000,1.000000,0.00,23.00
1360,1,1,0,0,0,0,0,0.000000,0.000000,1.000000,0.00,26.00
1360,2,1,0,0,0,0,0,0.000000,0.000000,1.000000,0.00,26.00
1360,3,1,0,0,0,0,0,0.000000,0.000000,1.000000,0.00,26.00
1360,4,1,0,0,0,0,0,0.000000,0.000000,1.000000,0.00,26.00
1360,5,1,0,0,0,0,0,0.000000,0.000000,1.000000,0.00,26.00
1370,6,2,540,540,1,1,0,0.432000,4.797135,1.000000,0.00,50.00
1370,7,2,540,540,1,1,0,0.432000,4.797135,1.000000,0.00,50.00
1370,8,2,540,540,1,1,0,0.432000,4.797135,1.000000,0.00,50.00
1370,9,2,540,540,1,1,0,0.432000,4.797135,1.000000,0.00,50.00
1370,10,2,540,540,1,1,0,0.432000,4.797135,1.000000,0.00,50.00
1370,11,3,540,540,1,1,0,0.432000,4.797135,1.000000,0.00,23.00
1370,12,3,540,540,1,1,0,0.432000,4.797135,1.000000,0.00,23.00
1370,13,3,540,540,1,1,0,0.432000,4.797135,1.000000,0.00,23.00
1370,14,3,540,540,1,1,0,0.432000,4.797135,1.000000,0.00,23.00
1370,15,3,540,540,1,1,0,0.432000,4.797135,1.000000,0.00,23.00
1370,16,3,540,540,1,1,0,0.432000,4.797135,1.000000,0.00,23.00
1370,17,3,540,540,1,1,0,0.432000,4.797135,1.000000,0.00,23.00
1370,18,3,540,540,1,1,0,0.432000,4.797135,1.000000,0.00,23.00
1370,19,3,540,540,1,1,0,0.432000,4.797135,1.000000,0.00,23.00
1370,20,3,540,540,1,1,0,0.432000,4.797135,1.000000,0.00,23.00
1370,1,1,0,0,0,0,0,0.000000,0.000000,1.000000,0.00,26.00
1370,2,1,0,0,0,0,0,0.000000,0.000000,1.000000,0.00,26.00
1370,3,1,0,0,0,0,0,0.000000,0.000000,1.000000,0.00,26.00
1370,4,1,0,0,0,0,0,0.000000,0.000000,1.000000,0.00,26.00
1370,5,1,0,0,0,0,0,0.000000,0.000000,1.000000,0.00,26.00
1380,6,2,0,0,0,0,0,0.000000,0.000000,1.000000,0.00,50.00
1380,7,2,0,0,0,0,0,0.000000,0.000000,1.000000,0.00,50.00
1380,8,2,0,0,0,0,0,0.000000,0.000000,1.000000,0.00,50.00
1380,9,2,0,0,0,0,0,0.000000,0.000000,1.000000,0.00,50.00
1380,10,2,0,0,0,0,0,0.000000,0.000000,1.000000,0.00,50.00
1380,11,3,0,0,0,0,0,0.000000,0.000000,1.000000,0.00,23.00
1380,12,3,0,0,0,0,0,0.000000,0.000000,1.000000,0.00,23.00
1380,13,3,0,0,0,0,0,0.000000,0.000000,1.000000,0.00,23.00
1380,14,3,0,0,0,0,0,0.000000,0.000000,1.000000,0.00,23.00
1380,15,3,0,0,0,0,0,0.000000,0.000000,1.000000,0.00,23.00
1380,16,3,0,0,0,0,0,0.000000,0.000000,1.000000,0.00,23.00
1380,17,3,0,0,0,0,0,0.000000,0.000000,1.000000,0.00,23.00
1380,18,3,0,0,0,0,0,0.000000,0.000000,1.000000,0.00,23.00
1380,19,3,0,0,0,0,0,0.000000,0.000000,1.000000,0.00,23.00
1380,20,3,0,0,0,0,0,0.000000,0.000000,1.000000,0.00,23.00
1380,1,1,0,0,0,0,0,0.000000,0.000000,1.000000,0.00,26.00
1380,2,1,0,0,0,0,0,0.000000,0.000000,1.000000,0.00,26.00
1380,3,1,0,0,0,0,0,0.000000,0.000000,1.000000,0.00,26.00
1380,4,1,0,0,0,0,0,0.000000,0.000000,1.000000,0.00,26.00
1380,5,1,0,0,0,0,0,0.000000,0.000000,1.000000,0.00,26.00
1390,6,2,540,540,1,1,0,0.432000,4.317135,1.000000,0.00,50.00
1390,7,2,540,540,1,1,0,0.432000,4.317135,1.000000,0.00,50.00
1390,8,2,540,540,1,1,0,0.432000,4.317135,1.000000,0.00,50.00
1390,9,2,540,540,1,1,0,0.432000,4.317135,1.000000,0.00,50.00
1390,10,2,540,540,1,1,0,0.432000,4.317135,1.000000,0.00,50.00
1390,11,3,540,540,1,1,0,0.432000,4.317135,1.000000,0.00,23.00
1390,12,3,540,540,1,1,0,0.432000,4.317135,1.000000,0.00,23.00
1390,13,3,540,540,1,1,0,0.432000,4.317135,1.000000,0.00,23.00
1390,14,3,540,540,1,1,0,0.432000,4.317135,1.000000,0.00,23.00
1390,15,3,540,540,1,1,0,0.432000,4.317135,1.000000,0.00,23.00
1390,16,3,540,540,1,1,0,0.432000,4.317135,1.000000,0.00,23.00
1390,17,3,540,540,1,1,0,0.432000,4.317135,1.000000,0.00,23.00
1390,18,3,540,540,1,1,0,0.432000,4.317135,1.000000,0.00,23.00
1390,19,3,540,540,1,1,0,0.432000,4.317135,1.000000,0.00,23.00
1390,20,3,540,540,1,1,0,0.432000,4.317135,1.000000,0.00,23.00
1390,1,1,0,0,0,0,0,0.000000,0.000000,1.000000,0.00,26.00
1390,2,1,0,0,0,0,0,0.000000,0.000000,1.000000,0.00,26.00
1390,3,1,0,0,0,0,0,0.000000,0.000000,1.000000,0.00,26.00
1390,4,1,0,0,0,0,0,0.000000,0.000000,1.000000,0.00,26.00
1390,5,1,0,0,0,0,0,0.000000,0.000000,1.000000,0.00,26.00
1400,6,2,0,0,0,0,0,0.000000,0.000000,1.000000,0.00,50.00
1400,7,2,0,0,0,0,0,0.000000,0.000000,1.000000,0.00,50.00
1400,8,2,0,0,0,0,0,0.000000,0.000000,1.000000,0.00,50.00
1400,9,2,0,0,0,0,0,0.000000,0.000000,1.000000,0.00,50.00
1400,10,2,0,0,0,0,0,0.000000,0.000000,1.000000,0.00,50.00
1400,11,3,0,0,0,0,0,0.000000,0.000000,1.000000,0.00,23.00
1400,12,3,0,0,0,0,0,0.000000,0.000000,1.000000,0.00,23.00
1400,13,3,0,0,0,0,0,0.000000,0.000000,1.000000,0.00,23.00
1400,14,3,0,0,0,0,0,0.000000,0.000000,1.000000,0.00,23.00
1400,15,3,0,0,0,0,0,0.000000,0.000000,1.000000,0.00,23.00
1400,16,3,0,0,0,0,0,0.000000,0.000000,1.000000,0.00,23.00
1400,17,3,0,0,0,0,0,0.000000,0.000000,1.000000,0.00,23.00
1400,18,3,0,0,0,0,0,0.000000,0.000000,1.000000,0.00,23.00
1400,19,3,0,0,0,0,0,0.000000,0.000000,1.000000,0.00,23.00
1400,20,3,0,0,0,0,0,0.000000,0.000000,1.000000,0.00,23.00
1400,1,1,0,0,0,0,0,0.000000,0.000000,1.000000,0.00,26.00
1400,2,1,0,0,0,0,0,0.000000,0.000000,1.000000,0.00,26.00
1400,3,1,0,0,0,0,0,0.000000,0.000000,1.000000,0.00,26.00
1400,4,1,0,0,0,0,0,0.000000,0.000000,1.000000,0.00,26.00
1400,5,1,0,0,0,0,0,0.000000,0.000000,1.000000,0.00,26.00
1410,6,2,540,540,1,1,0,0.432000,4.837135,1.000000,0.00,50.00
1410,7,2,540,540,1,1,0,0.432000,4.837135,1.000000,0.00,50.00
1410,8,2,540,540,1,1,0,0.432000,4.837135,1.000000,0.00,50.00
1410,9,2,540,540,1,1,0,0.432000,4.837135,1.000000,0.00,50.00
1410,10,2,540,540,1,1,0,0.432000,4.837135,1.000000,0.00,50.00
1410,11,3,540,540,1,1,0,0.432000,4.837135,1.000000,0.00,23.00
1410,12,3,540,540,1,1,0,0.432000,4.837135,1.000000,0.00,23.00
1410,13,3,540,540,1,1,0,0.432000,4.837135,1.000000,0.00,23.00
1410,14,3,540,540,1,1,0,0.432000,4.837135,1.000000,0.00,23.00
1410,15,3,540,540,1,1,0,0.432000,4.837135,1.000000,0.00,23.00
1410,16,3,540,540,1,1,0,0.432000,4.837135,1.000000,0.00,23.00
1410,17,3,540,540,1,1,0,0.432000,4.837135,1.000000,0.00,23.00
1410,18,3,540,540,1,1,0,0.432000,4.837135,1.000000,0.00,23.00
1410,19,3,540,540,1,1,0,0.432000,4.837135,1.000000,0.00,23.00
1410,20,3,540,540,1,1,0,0.432000,4.837135,1.000000,0.00,23.00
1410,1,1,0,0,0,0,0,0.000000,0.000000,1.000000,0.00,26.00
1410,2,1,0,0,0,0,0,0.000000,0.000000,1.000000,0.00,26.00
1410,3,1,0,0,0,0,0,0.000000,0.000000,1.000000,0.00,26.00
1410,4,1,0,0,0,0,0,0.000000,0.000000,1.000000,0.00,26.00
1410,5,1,0,0,0,0,0,0.000000,0.000000,1.000000,0.00,26.00
1420,6,2,0,0,0,0,0,0.000000,0.000000,1.000000,0.00,50.00
1420,7,2,0,0,0,0,0,0.000000,0.000000,1.000000,0.00,50.00
1420,8,2,0,0,0,0,0,0.000000,0.000000,1.000000,0.00,50.00
1420,9,2,0,0,0,0,0,0.000000,0.000000,1.000000,0.00,50.00
1420,10,2,0,0,0,0,0,0.000000,0.000000,1.000000,0.00,50.00
1420,11,3,0,0,0,0,0,0.000000,0.000000,1.000000,0.00,23.00
1420,12,3,0,0,0,0,0,0.000000,0.000000,1.000000,0.00,23.00
1420,13,3,0,0,0,0,0,0.000000,0.000000,1.000000,0.00,23.00
1420,14,3,0,0,0,0,0,0.000000,0.000000,1.000000,0.00,23.00
1420,15,3,0,0,0,0,0,0.000000,0.000000,1.000000,0.00,23.00
1420,16,3,0,0,0,0,0,0.000000,0.000000,1.000000,0.00,23.00
1420,17,3,0,0,0,0,0,0.000000,0.000000,1.000000,0.00,23.00
1420,18,3,0,0,0,0,0,0.000000,0.000000,1.000000,0.00,23.00
1420,19,3,0,0,0,0,0,0.000000,0.000000,1.000000,0.00,23.00
1420,20,3,0,0,0,0,0,0.000000,0.000000,1.000000,0.00,23.00
1420,1,1,0,0,0,0,0,0.000000,0.000000,1.000000,0.00,26.00
1420,2,1,0,0,0,0,0,0.000000,0.000000,1.000000,0.00,26.00
1420,3,1,0,0,0,0,0,0.000000,0.000000,1.000000,0.00,26.00
1420,4,1,0,0,0,0,0,0.000000,0.000000,1.000000,0.00,26.00
1420,5,1,0,0,0,0,0,0.000000,0.000000,1.000000,0.00,26.00
1430,6,2,540,540,1,1,0,0.432000,4.428563,1.000000,0.00,50.00
1430,7,2,540,540,1,1,0,0.432000,4.428563,1.000000,0.00,50.00
1430,8,2,540,540,1,1,0,0.432000,4.428563,1.000000,0.00,50.00
1430,9,2,540,540,1,1,0,0.432000,4.428563,1.000000,0.00,50.00
1430,10,2,540,540,1,1,0,0.432000,4.428563,1.000000,0.00,50.00
1430,11,3,540,540,1,1,0,0.432000,4.428563,1.000000,0.00,23.00
1430,12,3,540,540,1,1,0,0.432000,4.428563,1.000000,0.00,23.00
1430,13,3,540,540,1,1,0,0.432000,4.428563,1.000000,0.00,23.00
1430,14,3,540,540,1,1,0,0.432000,4.428563,1.000000,0.00,23.00
1430,15,3,540,540,1,1,0,0.432000,4.428563,1.000000,0.00,23.00
1430,16,3,540,540,1,1,0,0.432000,4.428563,1.000000,0.00,23.00
1430,17,3,540,540,1,1,0,0.432000,4.428563,1.000000,0.00,23.00
1430,18,3,540,540,1,1,0,0.432000,4.428563,1.000000,0.00,23.00
1430,19,3,540,540,1,1,0,0.432000,4.428563,1.000000,0.00,23.00
1430,20,3,540,540,1,1,0,0.432000,4.428563,1.000000,0.00,23.00
1430,1,1,0,0,0,0,0,0.000000,0.000000,1.000000,0.00,26.00
1430,2,1,0,0,0,0,0,0.000000,0.000000,1.000000,0.00,26.00
1430,3,1,0,0,0,0,0,0.000000,0.000000,1.000000,0.00,26.00
1430,4,1,0,0,0,0,0,0.000000,0.000000,1.000000,0.00,26.00
1430,5,1,0,0,0,0,0,0.000000,0.000000,1.000000,0.00,26.00
1440,6,2,0,0,0,0,0,0.000000,0.000000,1.000000,0.00,50.00
1440,7,2,0,0,0,0,0,0.000000,0.000000,1.000000,0.00,50.00
1440,8,2,0,0,0,0,0,0.000000,0.000000,1.000000,0.00,50.00
1440,9,2,0,0,0,0,0,0.000000,0.000000,1.000000,0.00,50.00
1440,10,2,0,0,0,0,0,0.000000,0.000000,1.000000,0.00,50.00
1440,11,3,0,0,0,0,0,0.000000,0.000000,1.000000,0.00,23.00
1440,12,3,0,0,0,0,0,0.000000,0.000000,1.000000,0.00,23.00
1440,13,3,0,0,0,0,0,0.000000,0.000000,1.000000,0.00,23.00
1440,14,3,0,0,0,0,0,0.000000,0.000000,1.000000,0.00,23.00
1440,15,3,0,0,0,0,0,0.000000,0.000000,1.000000,0.00,23.00
1440,16,3,0,0,0,0,0,0.000000,0.000000,1.000000,0.00,23.00
1440,17,3,0,0,0,0,0,0.000000,0.000000,1.000000,0.00,23.00
1440,18,3,0,0,0,0,0,0.000000,0.000000,1.000000,0.00,23.00
1440,19,3,0,0,0,0,0,0.000000,0.000000,1.000000,0.00,23.00
1440,20,3,0,0,0,0,0,0.000000,0.000000,1.000000,0.00,23.00
1440,1,1,0,0,0,0,0,0.000000,0.000000,1.000000,0.00,26.00
1440,2,1,0,0,0,0,0,0.000000,0.000000,1.000000,0.00,26.00
1440,3,1,0,0,0,0,0,0.000000,0.000000,1.000000,0.00,26.00
1440,4,1,0,0,0,0,0,0.000000,0.000000,1.000000,0.00,26.00
1440,5,1,0,0,0,0,0,0.000000,0.000000,1.000000,0.00,26.00
1450,6,2,540,540,1,1,0,0.432000,4.948563,1.000000,0.00,50.00
1450,7,2,540,540,1,1,0,0.432000,4.948563,1.000000,0.00,50.00
1450,8,2,540,540,1,1,0,0.432000,4.948563,1.000000,0.00,50.00
1450,9,2,540,540,1,1,0,0.432000,4.948563,1.000000,0.00,50.00
1450,10,2,540,540,1,1,0,0.432000,4.948563,1.000000,0.00,50.00
1450,11,3,540,540,1,1,0,0.432000,4.948563,1.000000,0.00,23.00
1450,12,3,540,540,1,1,0,0.432000,4.948563,1.000000,0.00,23.00
1450,13,3,540,540,1,1,0,0.432000,4.948563,1.000000,0.00,23.00
1450,14,3,540,540,1,1,0,0.432000,4.948563,1.000000,0.00,23.00
1450,15,3,540,540,1,1,0,0.432000,4.948563,1.000000,0.00,23.00
1450,16,3,540,540,1,1,0,0.432000,4.948563,1.000000,0.00,23.00
1450,17,3,540,540,1,1,0,0.432000,4.948563,1.000000,0.00,23.00
1450,18,3,540,540,1,1,0,0.432000,4.948563,1.000000,0.00,23.00
1450,19,3,540,540,1,1,0,0.432000,4.948563,1.000000,0.00,23.00
1450,20,3,540,540,1,1,0,0.432000,4.948563,1.000000,0.00,23.00
1450,1,1,0,0,0,0,0,0.000000,0.000000,1.000000,0.00,26.00
1450,2,1,0,0,0,0,0,0.000000,0.000000,1.000000,0.00,26.00
1450,3,1,0,0,0,0,0,0.000000,0.000000,1.000000,0.00,26.00
1450,4,1,0,0,0,0,0,0.000000,0.000000,1.000000,0.00,26.00
1450,5,1,0,0,0,0,0,0.000000,0.000000,1.000000,0.00,26.00
1460,6,2,0,0,0,0,0,0.000000,0.000000,1.000000,0.00,50.00
1460,7,2,0,0,0,0,0,0.000000,0.000000,1.000000,0.00,50.00
1460,8,2,0,0,0,0,0,0.000000,0.000000,1.000000,0.00,50.00
1460,9,2,0,0,0,0,0,0.000000,0.000000,1.000000,0.00,50.00
1460,10,2,0,0,0,0,0,0.000000,0.000000,1.000000,0.00,50.00
1460,11,3,0,0,0,0,0,0.000000,0.000000,1.000000,0.00,23.00
1460,12,3,0,0,0,0,0,0.000000,0.000000,1.000000,0.00,23.00
1460,13,3,0,0,0,0,0,0.000000,0.000000,1.000000,0.00,23.00
1460,14,3,0,0,0,0,0,0.000000,0.000000,1.000000,0.00,23.00
1460,15,3,0,0,0,0,0,0.000000,0.000000,1.000000,0.00,23.00
1460,16,3,0,0,0,0,0,0.000000,0.000000,1.000000,0.00,23.00
1460,17,3,0,0,0,0,0,0.000000,0.000000,1.000000,0.00,23.00
1460,18,3,0,0,0,0,0,0.000000,0.000000,1.000000,0.00,23.00
1460,19,3,0,0,0,0,0,0.000000,0.000000,1.000000,0.00,23.00
1460,20,3,0,0,0,0,0,0.000000,0.000000,1.000000,0.00,23.00
1460,1,1,0,0,0,0,0,0.000000,0.000000,1.000000,0.00,26.00
1460,2,1,0,0,0,0,0,0.000000,0.000000,1.000000,0.00,26.00
1460,3,1,0,0,0,0,0,0.000000,0.000000,1.000000,0.00,26.00
1460,4,1,0,0,0,0,0,0.000000,0.000000,1.000000,0.00,26.00
1460,5,1,0,0,0,0,0,0.000000,0.000000,1.000000,0.00,26.00
1470,6,2,540,540,1,1,0,0.432000,4.397135,1.000000,0.00,50.00
1470,7,2,540,540,1,1,0,0.432000,4.397135,1.000000,0.00,50.00
1470,8,2,540,540,1,1,0,0.432000,4.397135,1.000000,0.00,50.00
1470,9,2,540,540,1,1,0,0.432000,4.397135,1.000000,0.00,50.00
1470,10,2,540,540,1,1,0,0.432000,4.397135,1.000000,0.00,50.00
1470,11,3,540,540,1,1,0,0.432000,4.397135,1.000000,0.00,23.00
1470,12,3,540,540,1,1,0,0.432000,4.397135,1.000000,0.00,23.00
1470,13,3,540,540,1,1,0,0.432000,4.397135,1.000000,0.00,23.00
1470,14,3,540,540,1,1,0,0.432000,4.397135,1.000000,0.00,23.00
1470,15,3,540,540,1,1,0,0.432000,4.397135,1.000000,0.00,23.00
1470,16,3,540,540,1,1,0,0.432000,4.397135,1.000000,0.00,23.00
1470,17,3,540,540,1,1,0,0.432000,4.397135,1.000000,0.00,23.00
1470,18,3,540,540,1,1,0,0.432000,4.397135,1.000000,0.00,23.00
1470,19,3,540,540,1,1,0,0.432000,4.397135,1.000000,0.00,23.00
1470,20,3,540,540,1,1,0,0.432000,4.397135,1.000000,0.00,23.00
1470,1,1,0,0,0,0,0,0.000000,0.000000,1.000000,0.00,26.00
1470,2,1,0,0,0,0,0,0.000000,0.000000,1.000000,0.00,26.00
1470,3,1,0,0,0,0,0,0.000000,0.000000,1.000000,0.00,26.00
1470,4,1,0,0,0,0,0,0.000000,0.000000,1.000000,0.00,26.00
1470,5,1,0,0,0,0,0,0.000000,0.000000,1.000000,0.00,26.00
1480,6,2,0,0,0,0,0,0.000000,0.000000,1.000000,0.00,50.00
1480,7,2,0,0,0,0,0,0.000000,0.000000,1.000000,0.00,50.00
1480,8,2,0,0,0,0,0,0.000000,0.000000,1.000000,0.00,50.00
1480,9,2,0,0,0,0,0,0.000000,0.000000,1.000000,0.00,50.00
1480,10,2,0,0,0,0,0,0.000000,0.000000,1.000000,0.00,50.00
1480,11,3,0,0,0,0,0,0.000000,0.000000,1.000000,0.00,23.00
1480,12,3,0,0,0,0,0,0.000000,0.000000,1.000000,0.00,23.00
1480,13,3,0,0,0,0,0,0.000000,0.000000,1.000000,0.00,23.00
1480,14,3,0,0,0,0,0,0.000000,0.000000,1.000000,0.00,23.00
1480,15,3,0,0,0,0,0,0.000000,0.000000,1.000000,0.00,23.00
1480,16,3,0,0,0,0,0,0.000000,0.000000,1.000000,0.00,23.00
1480,17,3,0,0,0,0,0,0.000000,0.000000,1.000000,0.00,23.00
1480,18,3,0,0,0,0,0,0.000000,0.000000,1.000000,0.00,23.00
1480,19,3,0,0,0,0,0,0.000000,0.000000,1.000000,0.00,23.00
1480,20,3,0,0,0,0,0,0.000000,0.000000,1.000000,0.00,23.00
1480,1,1,0,0,0,0,0,0.000000,0.000000,1.000000,0.00,26.00
1480,2,1,0,0,0,0,0,0.000000,0.000000,1.000000,0.00,26.00
1480,3,1,0,0,0,0,0,0.000000,0.000000,1.000000,0.00,26.00
1480,4,1,0,0,0,0,0,0.000000,0.000000,1.000000,0.00,26.00
1480,5,1,0,0,0,0,0,0.000000,0.000000,1.000000,0.00,26.00
1490,6,2,540,540,1,1,0,0.432000,4.988563,1.000000,0.00,50.00
1490,7,2,540,540,1,1,0,0.432000,4.988563,1.000000,0.00,50.00
1490,8,2,540,540,1,1,0,0.432000,4.988563,1.000000,0.00,50.00
1490,9,2,540,540,1,1,0,0.432000,4.988563,1.000000,0.00,50.00
1490,10,2,540,540,1,1,0,0.432000,4.988563,1.000000,0.00,50.00
1490,11,3,540,540,1,1,0,0.432000,4.988563,1.000000,0.00,23.00
1490,12,3,540,540,1,1,0,0.432000,4.988563,1.000000,0.00,23.00
1490,13,3,540,540,1,1,0,0.432000,4.988563,1.000000,0.00,23.00
1490,14,3,540,540,1,1,0,0.432000,4.988563,1.000000,0.00,23.00
1490,15,3,540,540,1,1,0,0.432000,4.988563,1.000000,0.00,23.00
1490,16,3,540,540,1,1,0,0.432000,4.988563,1.000000,0.00,23.00
1490,17,3,540,540,1,1,0,0.432000,4.988563,1.000000,0.00,23.00
1490,18,3,540,540,1,1,0,0.432000,4.988563,1.000000,0.00,23.00
1490,19,3,540,540,1,1,0,0.432000,4.988563,1.000000,0.00,23.00
1490,20,3,540,540,1,1,0,0.432000,4.988563,1.000000,0.00,23.00
1490,1,1,0,0,0,0,0,0.000000,0.000000,1.000000,0.00,26.00
1490,2,1,0,0,0,0,0,0.000000,0.000000,1.000000,0.00,26.00
1490,3,1,0,0,0,0,0,0.000000,0.000000,1.000000,0.00,26.00
1490,4,1,0,0,0,0,0,0.000000,0.000000,1.000000,0.00,26.00
1490,5,1,0,0,0,0,0,0.000000,0.000000,1.000000,0.00,26.00
1500,6,2,0,0,0,0,0,0.000000,0.000000,1.000000,0.00,50.00
1500,7,2,0,0,0,0,0,0.000000,0.000000,1.000000,0.00,50.00
1500,8,2,0,0,0,0,0,0.000000,0.000000,1.000000,0.00,50.00
1500,9,2,0,0,0,0,0,0.000000,0.000000,1.000000,0.00,50.00
1500,10,2,0,0,0,0,0,0.000000,0.000000,1.000000,0.00,50.00
1500,11,3,0,0,0,0,0,0.000000,0.000000,1.000000,0.00,23.00
1500,12,3,0,0,0,0,0,0.000000,0.000000,1.000000,0.00,23.00
1500,13,3,0,0,0,0,0,0.000000,0.000000,1.000000,0.00,23.00
1500,14,3,0,0,0,0,0,0.000000,0.000000,1.000000,0.00,23.00
1500,15,3,0,0,0,0,0,0.000000,0.000000,1.000000,0.00,23.00
1500,16,3,0,0,0,0,0,0.000000,0.000000,1.000000,0.00,23.00
1500,17,3,0,0,0,0,0,0.000000,0.000000,1.000000,0.00,23.00
1500,18,3,0,0,0,0,0,0.000000,0.000000,1.000000,0.00,23.00
1500,19,3,0,0,0,0,0,0.000000,0.000000,1.000000,0.00,23.00
1500,20,3,0,0,0,0,0,0.000000,0.000000,1.000000,0.00,23.00
1500,1,1,0,0,0,0,0,0.000000,0.000000,1.000000,0.00,26.00
1500,2,1,0,0,0,0,0,0.000000,0.000000,1.000000,0.00,26.00
1500,3,1,0,0,0,0,0,0.000000,0.000000,1.000000,0.00,26.00
1500,4,1,0,0,0,0,0,0.000000,0.000000,1.000000,0.00,26.00
1500,5,1,0,0,0,0,0,0.000000,0.000000,1.000000,0.00,26.00
1510,6,2,540,540,1,1,0,0.432000,4.508563,1.000000,0.00,50.00
1510,7,2,540,540,1,1,0,0.432000,4.508563,1.000000,0.00,50.00
1510,8,2,540,540,1,1,0,0.432000,4.508563,1.000000,0.00,50.00
1510,9,2,540,540,1,1,0,0.432000,4.508563,1.000000,0.00,50.00
1510,10,2,540,540,1,1,0,0.432000,4.508563,1.000000,0.00,50.00
1510,11,3,540,540,1,1,0,0.432000,4.508563,1.000000,0.00,23.00
1510,12,3,540,540,1,1,0,0.432000,4.508563,1.000000,0.00,23.00
1510,13,3,540,540,1,1,0,0.432000,4.508563,1.000000,0.00,23.00
1510,14,3,540,540,1,1,0,0.432000,4.508563,1.000000,0.00,23.00
1510,15,3,540,540,1,1,0,0.432000,4.508563,1.000000,0.00,23.00
1510,16,3,540,540,1,1,0,0.432000,4.508563,1.000000,0.00,23.00
1510,17,3,540,540,1,1,0,0.432000,4.508563,1.000000,0.00,23.00
1510,18,3,540,540,1,1,0,0.432000,4.508563,1.000000,0.00,23.00
1510,19,3,540,540,1,1,0,0.432000,4.508563,1.000000,0.00,23.00
1510,20,3,540,540,1,1,0,0.432000,4.508563,1.000000,0.00,23.00
1510,1,1,0,0,0,0,0,0.000000,0.000000,1.000000,0.00,26.00
1510,2,1,0,0,0,0,0,0.000000,0.000000,1.000000,0.00,26.00
1510,3,1,0,0,0,0,0,0.000000,0.000000,1.000000,0.00,26.00
1510,4,1,0,0,0,0,0,0.000000,0.000000,1.000000,0.00,26.00
1510,5,1,0,0,0,0,0,0.000000,0.000000,1.000000,0.00,26.00
1520,6,2,0,0,0,0,0,0.000000,0.000000,1.000000,0.00,50.00
1520,7,2,0,0,0,0,0,0.000000,0.000000,1.000000,0.00,50.00
1520,8,2,0,0,0,0,0,0.000000,0.000000,1.000000,0.00,50.00
1520,9,2,0,0,0,0,0,0.000000,0.000000,1.000000,0.00,50.00
1520,10,2,0,0,0,0,0,0.000000,0.000000,1.000000,0.00,50.00
1520,11,3,0,0,0,0,0,0.000000,0.000000,1.000000,0.00,23.00
1520,12,3,0,0,0,0,0,0.000000,0.000000,1.000000,0.00,23.00
1520,13,3,0,0,0,0,0,0.000000,0.000000,1.000000,0.00,23.00
1520,14,3,0,0,0,0,0,0.000000,0.000000,1.000000,0.00,23.00
1520,15,3,0,0,0,0,0,0.000000,0.000000,1.000000,0.00,23.00
1520,16,3,0,0,0,0,0,0.000000,0.000000,1.000000,0.00,23.00
1520,17,3,0,0,0,0,0,0.000000,0.000000,1.000000,0.00,23.00
1520,18,3,0,0,0,0,0,0.000000,0.000000,1.000000,0.00,23.00
1520,19,3,0,0,0,0,0,0.000000,0.000000,1.000000,0.00,23.00
1520,20,3,0,0,0,0,0,0.000000,0.000000,1.000000,0.00,23.00
1520,1,1,0,0,0,0,0,0.000000,0.000000,1.000000,0.00,26.00
1520,2,1,0,0,0,0,0,0.000000,0.000000,1.000000,0.00,26.00
1520,3,1,0,0,0,0,0,0.000000,0.000000,1.000000,0.00,26.00
1520,4,1,0,0,0,0,0,0.000000,0.000000,1.000000,0.00,26.00
1520,5,1,0,0,0,0,0,0.000000,0.000000,1.000000,0.00,26.00
1530,6,2,540,540,1,1,0,0.432000,5.028563,1.000000,0.00,50.00
1530,7,2,540,540,1,1,0,0.432000,5.028563,1.000000,0.00,50.00
1530,8,2,540,540,1,1,0,0.432000,5.028563,1.000000,0.00,50.00
1530,9,2,540,540,1,1,0,0.432000,5.028563,1.000000,0.00,50.00
1530,10,2,540,540,1,1,0,0.432000,5.028563,1.000000,0.00,50.00
1530,11,3,540,540,1,1,0,0.432000,5.028563,1.000000,0.00,23.00
1530,12,3,540,540,1,1,0,0.432000,5.028563,1.000000,0.00,23.00
1530,13,3,540,540,1,1,0,0.432000,5.028563,1.000000,0.00,23.00
1530,14,3,540,540,1,1,0,0.432000,5.028563,1.000000,0.00,23.00
1530,15,3,540,540,1,1,0,0.432000,5.028563,1.000000,0.00,23.00
1530,16,3,540,540,1,1,0,0.432000,5.028563,1.000000,0.00,23.00
1530,17,3,540,540,1,1,0,0.432000,5.028563,1.000000,0.00,23.00
1530,18,3,540,540,1,1,0,0.432000,5.028563,1.000000,0.00,23.00
1530,19,3,540,540,1,1,0,0.432000,5.028563,1.000000,0.00,23.00
1530,20,3,540,540,1,1,0,0.432000,5.028563,1.000000,0.00,23.00
1530,1,1,0,0,0,0,0,0.000000,0.000000,1.000000,0.00,26.00
1530,2,1,0,0,0,0,0,0.000000,0.000000,1.000000,0.00,26.00
1530,3,1,0,0,0,0,0,0.000000,0.000000,1.000000,0.00,26.00
1530,4,1,0,0,0,0,0,0.000000,0.000000,1.000000,0.00,26.00
1530,5,1,0,0,0,0,0,0.000000,0.000000,1.000000,0.00,26.00
1540,6,2,0,0,0,0,0,0.000000,0.000000,1.000000,0.00,50.00
1540,7,2,0,0,0,0,0,0.000000,0.000000,1.000000,0.00,50.00
1540,8,2,0,0,0,0,0,0.000000,0.000000,1.000000,0.00,50.00
1540,9,2,0,0,0,0,0,0.000000,0.000000,1.000000,0.00,50.00
1540,10,2,0,0,0,0,0,0.000000,0.000000,1.000000,0.00,50.00
1540,11,3,0,0,0,0,0,0.000000,0.000000,1.000000,0.00,23.00
1540,12,3,0,0,0,0,0,0.000000,0.000000,1.000000,0.00,23.00
1540,13,3,0,0,0,0,0,0.000000,0.000000,1.000000,0.00,23.00
1540,14,3,0,0,0,0,0,0.000000,0.000000,1.000000,0.00,23.00
1540,15,3,0,0,0,0,0,0.000000,0.000000,1.000000,0.00,23.00
1540,16,3,0,0,0,0,0,0.000000,0.000000,1.000000,0.00,23.00
1540,17,3,0,0,0,0,0,0.000000,0.000000,1.000000,0.00,23.00
1540,18,3,0,0,0,0,0,0.000000,0.000000,1.000000,0.00,23.00
1540,19,3,0,0,0,0,0,0.000000,0.000000,1.000000,0.00,23.00
1540,20,3,0,0,0,0,0,0.000000,0.000000,1.000000,0.00,23.00
1540,1,1,0,0,0,0,0,0.000000,0.000000,1.000000,0.00,26.00
1540,2,1,0,0,0,0,0,0.000000,0.000000,1.000000,0.00,26.00
1540,3,1,0,0,0,0,0,0.000000,0.000000,1.000000,0.00,26.00
1540,4,1,0,0,0,0,0,0.000000,0.000000,1.000000,0.00,26.00
1540,5,1,0,0,0,0,0,0.000000,0.000000,1.000000,0.00,26.00
1550,6,2,540,540,1,1,0,0.432000,4.548563,1.000000,0.00,50.00
1550,7,2,540,540,1,1,0,0.432000,4.548563,1.000000,0.00,50.00
1550,8,2,540,540,1,1,0,0.432000,4.548563,1.000000,0.00,50.00
1550,9,2,540,540,1,1,0,0.432000,4.548563,1.000000,0.00,50.00
1550,10,2,540,540,1,1,0,0.432000,4.548563,1.000000,0.00,50.00
1550,11,3,540,540,1,1,0,0.432000,4.548563,1.000000,0.00,23.00
1550,12,3,540,540,1,1,0,0.432000,4.548563,1.000000,0.00,23.00
1550,13,3,540,540,1,1,0,0.432000,4.548563,1.000000,0.00,23.00
1550,14,3,540,540,1,1,0,0.432000,4.548563,1.000000,0.00,23.00
1550,15,3,540,540,1,1,0,0.432000,4.548563,1.000000,0.00,23.00
1550,16,3,540,540,1,1,0,0.432000,4.548563,1.000000,0.00,23.00
1550,17,3,540,540,1,1,0,0.432000,4.548563,1.000000,0.00,23.00
1550,18,3,540,540,1,1,0,0.432000,4.548563,1.000000,0.00,23.00
1550,19,3,540,540,1,1,0,0.432000,4.548563,1.000000,0.00,23.00
1550,20,3,540,540,1,1,0,0.432000,4.548563,1.000000,0.00,23.00
1550,1,1,0,0,0,0,0,0.000000,0.000000,1.000000,0.00,26.00
1550,2,1,0,0,0,0,0,0.000000,0.000000,1.000000,0.00,26.00
1550,3,1,0,0,0,0,0,0.000000,0.000000,1.000000,0.00,26.00
1550,4,1,0,0,0,0,0,0.000000,0.000000,1.000000,0.00,26.00
1550,5,1,0,0,0,0,0,0.000000,0.000000,1.000000,0.00,26.00
1560,6,2,0,0,0,0,0,0.000000,0.000000,1.000000,0.00,50.00
1560,7,2,0,0,0,0,0,0.000000,0.000000,1.000000,0.00,50.00
1560,8,2,0,0,0,0,0,0.000000,0.000000,1.000000,0.00,50.00
1560,9,2,0,0,0,0,0,0.000000,0.000000,1.000000,0.00,50.00
1560,10,2,0,0,0,0,0,0.000000,0.000000,1.000000,0.00,50.00
1560,11,3,0,0,0,0,0,0.000000,0.000000,1.000000,0.00,23.00
1560,12,3,0,0,0,0,0,0.000000,0.000000,1.000000,0.00,23.00
1560,13,3,0,0,0,0,0,0.000000,0.000000,1.000000,0.00,23.00
1560,14,3,0,0,0,0,0,0.000000,0.000000,1.000000,0.00,23.00
1560,15,3,0,0,0,0,0,0.000000,0.000000,1.000000,0.00,23.00
1560,16,3,0,0,0,0,0,0.000000,0.000000,1.000000,0.00,23.00
1560,17,3,0,0,0,0,0,0.000000,0.000000,1.000000,0.00,23.00
1560,18,3,0,0,0,0,0,0.000000,0.000000,1.000000,0.00,23.00
1560,19,3,0,0,0,0,0,0.000000,0.000000,1.000000,0.00,23.00
1560,20,3,0,0,0,0,0,0.000000,0.000000,1.000000,0.00,23.00
1560,1,1,0,0,0,0,0,0.000000,0.000000,1.000000,0.00,26.00
1560,2,1,0,0,0,0,0,0.000000,0.000000,1.000000,0.00,26.00
1560,3,1,0,0,0,0,0,0.000000,0.000000,1.000000,0.00,26.00
1560,4,1,0,0,0,0,0,0.000000,0.000000,1.000000,0.00,26.00
1560,5,1,0,0,0,0,0,0.000000,0.000000,1.000000,0.00,26.00
1570,6,2,540,540,1,1,0,0.432000,4.068563,1.000000,0.00,50.00
1570,7,2,540,540,1,1,0,0.432000,4.068563,1.000000,0.00,50.00
1570,8,2,540,540,1,1,0,0.432000,4.068563,1.000000,0.00,50.00
1570,9,2,540,540,1,1,0,0.432000,4.068563,1.000000,0.00,50.00
1570,10,2,540,540,1,1,0,0.432000,4.068563,1.000000,0.00,50.00
1570,11,3,540,540,1,1,0,0.432000,4.068563,1.000000,0.00,23.00
1570,12,3,540,540,1,1,0,0.432000,4.068563,1.000000,0.00,23.00
1570,13,3,540,540,1,1,0,0.432000,4.068563,1.000000,0.00,23.00
1570,14,3,540,540,1,1,0,0.432000,4.068563,1.000000,0.00,23.00
1570,15,3,540,540,1,1,0,0.432000,4.068563,1.000000,0.00,23.00
1570,16,3,540,540,1,1,0,0.432000,4.068563,1.000000,0.00,23.00
1570,17,3,540,540,1,1,0,0.432000,4.068563,1.000000,0.00,23.00
1570,18,3,540,540,1,1,0,0.432000,4.068563,1.000000,0.00,23.00
1570,19,3,540,540,1,1,0,0.432000,4.068563,1.000000,0.00,23.00
1570,20,3,540,540,1,1,0,0.432000,4.068563,1.000000,0.00,23.00
1570,1,1,0,0,0,0,0,0.000000,0.000000,1.000000,0.00,26.00
1570,2,1,0,0,0,0,0,0.000000,0.000000,1.000000,0.00,26.00
1570,3,1,0,0,0,0,0,0.000000,0.000000,1.000000,0.00,26.00
1570,4,1,0,0,0,0,0,0.000000,0.000000,1.000000,0.00,26.00
1570,5,1,0,0,0,0,0,0.000000,0.000000,1.000000,0.00,26.00
1580,6,2,0,0,0,0,0,0.000000,0.000000,1.000000,0.00,50.00
1580,7,2,0,0,0,0,0,0.000000,0.000000,1.000000,0.00,50.00
1580,8,2,0,0,0,0,0,0.000000,0.000000,1.000000,0.00,50.00
1580,9,2,0,0,0,0,0,0.000000,0.000000,1.000000,0.00,50.00
1580,10,2,0,0,0,0,0,0.000000,0.000000,1.000000,0.00,50.00
1580,11,3,0,0,0,0,0,0.000000,0.000000,1.000000,0.00,23.00
1580,12,3,0,0,0,0,0,0.000000,0.000000,1.000000,0.00,23.00
1580,13,3,0,0,0,0,0,0.000000,0.000000,1.000000,0.00,23.00
1580,14,3,0,0,0,0,0,0.000000,0.000000,1.000000,0.00,23.00
1580,15,3,0,0,0,0,0,0.000000,0.000000,1.000000,0.00,23.00
1580,16,3,0,0,0,0,0,0.000000,0.000000,1.000000,0.00,23.00
1580,17,3,0,0,0,0,0,0.000000,0.000000,1.000000,0.00,23.00
1580,18,3,0,0,0,0,0,0.000000,0.000000,1.000000,0.00,23.00
1580,19,3,0,0,0,0,0,0.000000,0.000000,1.000000,0.00,23.00
1580,20,3,0,0,0,0,0,0.000000,0.000000,1.000000,0.00,23.00
1580,1,1,0,0,0,0,0,0.000000,0.000000,1.000000,0.00,26.00
1580,2,1,0,0,0,0,0,0.000000,0.000000,1.000000,0.00,26.00
1580,3,1,0,0,0,0,0,0.000000,0.000000,1.000000,0.00,26.00
1580,4,1,0,0,0,0,0,0.000000,0.000000,1.000000,0.00,26.00
1580,5,1,0,0,0,0,0,0.000000,0.000000,1.000000,0.00,26.00
1590,6,2,0,540,0,1,0,0.000000,0.000000,0.000000,0.00,50.00
1590,7,2,0,540,0,1,0,0.000000,0.000000,0.000000,0.00,50.00
1590,8,2,0,540,0,1,0,0.000000,0.000000,0.000000,0.00,50.00
1590,9,2,0,540,0,1,0,0.000000,0.000000,0.000000,0.00,50.00
1590,10,2,0,540,0,1,0,0.000000,0.000000,0.000000,0.00,50.00
1590,11,3,0,540,0,1,0,0.000000,0.000000,0.000000,0.00,23.00
1590,12,3,0,540,0,1,0,0.000000,0.000000,0.000000,0.00,23.00
1590,13,3,0,540,0,1,0,0.000000,0.000000,0.000000,0.00,23.00
1590,14,3,0,540,0,1,0,0.000000,0.000000,0.000000,0.00,23.00
1590,15,3,0,540,0,1,0,0.000000,0.000000,0.000000,0.00,23.00
1590,16,3,0,540,0,1,0,0.000000,0.000000,0.000000,0.00,23.00
1590,17,3,0,540,0,1,0,0.000000,0.000000,0.000000,0.00,23.00
1590,18,3,0,540,0,1,0,0.000000,0.000000,0.000000,0.00,23.00
1590,19,3,0,540,0,1,0,0.000000,0.000000,0.000000,0.00,23.00
1590,20,3,0,540,0,1,0,0.000000,0.000000,0.000000,0.00,23.00
1590,1,1,0,0,0,0,0,0.000000,0.000000,1.000000,0.00,26.00
1590,2,1,0,0,0,0,0,0.000000,0.000000,1.000000,0.00,26.00
1590,3,1,0,0,0,0,0,0.000000,0.000000,1.000000,0.00,26.00
1590,4,1,0,0,0,0,0,0.000000,0.000000,1.000000,0.00,26.00
1590,5,1,0,0,0,0,0,0.000000,0.000000,1.000000,0.00,26.00
1600,6,2,540,0,1,0,0,0.432000,4.588563,1.000000,0.00,50.00
1600,7,2,540,0,1,0,0,0.432000,4.588563,1.000000,0.00,50.00
1600,8,2,540,0,1,0,0,0.432000,4.588563,1.000000,0.00,50.00
1600,9,2,540,0,1,0,0,0.432000,4.588563,1.000000,0.00,50.00
1600,10,2,540,0,1,0,0,0.432000,4.588563,1.000000,0.00,50.00
1600,11,3,540,0,1,0,0,0.432000,4.588563,1.000000,0.00,23.00
1600,12,3,540,0,1,0,0,0.432000,4.588563,1.000000,0.00,23.00
1600,13,3,540,0,1,0,0,0.432000,4.588563,1.000000,0.00,23.00
1600,14,3,540,0,1,0,0,0.432000,4.588563,1.000000,0.00,23.00
1600,15,3,540,0,1,0,0,0.432000,4.588563,1.000000,0.00,23.00
1600,16,3,540,0,1,0,0,0.432000,4.588563,1.000000,0.00,23.00
1600,17,3,540,0,1,0,0,0.432000,4.588563,1.000000,0.00,23.00
1600,18,3,540,0,1,0,0,0.432000,4.588563,1.000000,0.00,23.00
1600,19,3,540,0,1,0,0,0.432000,4.588563,1.000000,0.00,23.00
1600,20,3,540,0,1,0,0,0.432000,4.588563,1.000000,0.00,23.00
1600,1,1,0,0,0,0,0,0.000000,0.000000,1.000000,0.00,26.00
1600,2,1,0,0,0,0,0,0.000000,0.000000,1.000000,0.00,26.00
1600,3,1,0,0,0,0,0,0.000000,0.000000,1.000000,0.00,26.00
1600,4,1,0,0,0,0,0,0.000000,0.000000,1.000000,0.00,26.00
1600,5,1,0,0,0,0,0,0.000000,0.000000,1.000000,0.00,26.00
1610,6,2,0,540,0,1,0,0.000000,0.000000,0.000000,0.00,50.00
1610,7,2,0,540,0,1,0,0.000000,0.000000,0.000000,0.00,50.00
1610,8,2,0,540,0,1,0,0.000000,0.000000,0.000000,0.00,50.00
1610,9,2,0,540,0,1,0,0.000000,0.000000,0.000000,0.00,50.00
1610,10,2,0,540,0,1,0,0.000000,0.000000,0.000000,0.00,50.00
1610,11,3,0,540,0,1,0,0.000000,0.000000,0.000000,0.00,23.00
1610,12,3,0,540,0,1,0,0.000000,0.000000,0.000000,0.00,23.00
1610,13,3,0,540,0,1,0,0.000000,0.000000,0.000000,0.00,23.00
1610,14,3,0,540,0,1,0,0.000000,0.000000,0.000000,0.00,23.00
1610,15,3,0,540,0,1,0,0.000000,0.000000,0.000000,0.00,23.00
1610,16,3,0,540,0,1,0,0.000000,0.000000,0.000000,0.00,23.00
1610,17,3,0,540,0,1,0,0.000000,0.000000,0.000000,0.00,23.00
1610,18,3,0,540,0,1,0,0.000000,0.000000,0.000000,0.00,23.00
1610,19,3,0,540,0,1,0,0.000000,0.000000,0.000000,0.00,23.00
1610,20,3,0,540,0,1,0,0.000000,0.000000,0.000000,0.00,23.00
1610,1,1,0,0,0,0,0,0.000000,0.000000,1.000000,0.00,26.00
1610,2,1,0,0,0,0,0,0.000000,0.000000,1.000000,0.00,26.00
1610,3,1,0,0,0,0,0,0.000000,0.000000,1.000000,0.00,26.00
1610,4,1,0,0,0,0,0,0.000000,0.000000,1.000000,0.00,26.00
1610,5,1,0,0,0,0,0,0.000000,0.000000,1.000000,0.00,26.00
1620,6,2,540,0,1,0,0,0.432000,4.108563,1.000000,0.00,50.00
1620,7,2,540,0,1,0,0,0.432000,4.108563,1.000000,0.00,50.00
1620,8,2,540,0,1,0,0,0.432000,4.108563,1.000000,0.00,50.00
1620,9,2,540,0,1,0,0,0.432000,4.108563,1.000000,0.00,50.00
1620,10,2,540,0,1,0,0,0.432000,4.108563,1.000000,0.00,50.00
1620,11,3,540,0,1,0,0,0.432000,4.108563,1.000000,0.00,23.00
1620,12,3,540,0,1,0,0,0.432000,4.108563,1.000000,0.00,23.00
1620,13,3,540,0,1,0,0,0.432000,4.108563,1.000000,0.00,23.00
1620,14,3,540,0,1,0,0,0.432000,4.108563,1.000000,0.00,23.00
1620,15,3,540,0,1,0,0,0.432000,4.108563,1.000000,0.00,23.00
1620,16,3,540,0,1,0,0,0.432000,4.108563,1.000000,0.00,23.00
1620,17,3,540,0,1,0,0,0.432000,4.108563,1.000000,0.00,23.00
1620,18,3,540,0,1,0,0,0.432000,4.108563,1.000000,0.00,23.00
1620,19,3,540,0,1,0,0,0.432000,4.108563,1.000000,0.00,23.00
1620,20,3,540,0,1,0,0,0.432000,4.108563,1.000000,0.00,23.00
1620,1,1,0,0,0,0,0,0.000000,0.000000,1.000000,0.00,26.00
1620,2,1,0,0,0,0,0,0.000000,0.000000,1.000000,0.00,26.00
1620,3,1,0,0,0,0,0,0.000000,0.000000,1.000000,0.00,26.00
1620,4,1,0,0,0,0,0,0.000000,0.000000,1.000000,0.00,26.00
1620,5,1,0,0,0,0,0,0.000000,0.000000,1.000000,0.00,26.00
1630,6,2,0,540,0,1,0,0.000000,0.000000,0.000000,0.00,50.00
1630,7,2,0,540,0,1,0,0.000000,0.000000,0.000000,0.00,50.00
1630,8,2,0,540,0,1,0,0.000000,0.000000,0.000000,0.00,50.00
1630,9,2,0,540,0,1,0,0.000000,0.000000,0.000000,0.00,50.00
1630,10,2,0,540,0,1,0,0.000000,0.000000,0.000000,0.00,50.00
1630,11,3,0,540,0,1,0,0.000000,0.000000,0.000000,0.00,23.00
1630,12,3,0,540,0,1,0,0.000000,0.000000,0.000000,0.00,23.00
1630,13,3,0,540,0,1,0,0.000000,0.000000,0.000000,0.00,23.00
1630,14,3,0,540,0,1,0,0.000000,0.000000,0.000000,0.00,23.00
1630,15,3,0,540,0,1,0,0.000000,0.000000,0.000000,0.00,23.00
1630,16,3,0,540,0,1,0,0.000000,0.000000,0.000000,0.00,23.00
1630,17,3,0,540,0,1,0,0.000000,0.000000,0.000000,0.00,23.00
1630,18,3,0,540,0,1,0,0.000000,0.000000,0.000000,0.00,23.00
1630,19,3,0,540,0,1,0,0.000000,0.000000,0.000000,0.00,23.00
1630,20,3,0,540,0,1,0,0.000000,0.000000,0.000000,0.00,23.00
1630,1,1,0,0,0,0,0,0.000000,0.000000,1.000000,0.00,26.00
1630,2,1,0,0,0,0,0,0.000000,0.000000,1.000000,0.00,26.00
1630,3,1,0,0,0,0,0,0.000000,0.000000,1.000000,0.00,26.00
1630,4,1,0,0,0,0,0,0.000000,0.000000,1.000000,0.00,26.00
1630,5,1,0,0,0,0,0,0.000000,0.000000,1.000000,0.00,26.00
1640,6,2,540,0,1,0,0,0.432000,4.557135,1.000000,0.00,50.00
1640,7,2,540,0,1,0,0,0.432000,4.557135,1.000000,0.00,50.00
1640,8,2,540,0,1,0,0,0.432000,4.557135,1.000000,0.00,50.00
1640,9,2,540,0,1,0,0,0.432000,4.557135,1.000000,0.00,50.00
1640,10,2,540,0,1,0,0,0.432000,4.557135,1.000000,0.00,50.00
1640,11,3,540,0,1,0,0,0.432000,4.557135,1.000000,0.00,23.00
1640,12,3,540,0,1,0,0,0.432000,4.557135,1.000000,0.00,23.00
1640,13,3,540,0,1,0,0,0.432000,4.557135,1.000000,0.00,23.00
1640,14,3,540,0,1,0,0,0.432000,4.557135,1.000000,0.00,23.00
1640,15,3,540,0,1,0,0,0.432000,4.557135,1.000000,0.00,23.00
1640,16,3,540,0,1,0,0,0.432000,4.557135,1.000000,0.00,23.00
1640,17,3,540,0,1,0,0,0.432000,4.557135,1.000000,0.00,23.00
1640,18,3,540,0,1,0,0,0.432000,4.557135,1.000000,0.00,23.00
1640,19,3,540,0,1,0,0,0.432000,4.557135,1.000000,0.00,23.00
1640,20,3,540,0,1,0,0,0.432000,4.557135,1.000000,0.00,23.00
1640,1,1,0,0,0,0,0,0.000000,0.000000,1.000000,0.00,26.00
1640,2,1,0,0,0,0,0,0.000000,0.000000,1.000000,0.00,26.00
1640,3,1,0,0,0,0,0,0.000000,0.000000,1.000000,0.00,26.00
1640,4,1,0,0,0,0,0,0.000000,0.000000,1.000000,0.00,26.00
1640,5,1,0,0,0,0,0,0.000000,0.000000,1.000000,0.00,26.00
1650,6,2,0,540,0,1,0,0.000000,0.000000,0.000000,0.00,50.00
1650,7,2,0,540,0,1,0,0.000000,0.000000,0.000000,0.00,50.00
1650,8,2,0,540,0,1,0,0.000000,0.000000,0.000000,0.00,50.00
1650,9,2,0,540,0,1,0,0.000000,0.000000,0.000000,0.00,50.00
1650,10,2,0,540,0,1,0,0.000000,0.000000,0.000000,0.00,50.00
1650,11,3,0,540,0,1,0,0.000000,0.000000,0.000000,0.00,23.00
1650,12,3,0,540,0,1,0,0.000000,0.000000,0.000000,0.00,23.00
1650,13,3,0,540,0,1,0,0.000000,0.000000,0.000000,0.00,23.00
1650,14,3,0,540,0,1,0,0.000000,0.000000,0.000000,0.00,23.00
1650,15,3,0,540,0,1,0,0.000000,0.000000,0.000000,0.00,23.00
1650,16,3,0,540,0,1,0,0.000000,0.000000,0.000000,0.00,23.00
1650,17,3,0,540,0,1,0,0.000000,0.000000,0.000000,0.00,23.00
1650,18,3,0,540,0,1,0,0.000000,0.000000,0.000000,0.00,23.00
1650,19,3,0,540,0,1,0,0.000000,0.000000,0.000000,0.00,23.00
1650,20,3,0,540,0,1,0,0.000000,0.000000,0.000000,0.00,23.00
1650,1,1,0,0,0,0,0,0.000000,0.000000,1.000000,0.00,26.00
1650,2,1,0,0,0,0,0,0.000000,0.000000,1.000000,0.00,26.00
1650,3,1,0,0,0,0,0,0.000000,0.000000,1.000000,0.00,26.00
1650,4,1,0,0,0,0,0,0.000000,0.000000,1.000000,0.00,26.00
1650,5,1,0,0,0,0,0,0.000000,0.000000,1.000000,0.00,26.00
1660,6,2,540,0,1,0,0,0.432000,4.148563,1.000000,0.00,50.00
1660,7,2,540,0,1,0,0,0.432000,4.148563,1.000000,0.00,50.00
1660,8,2,540,0,1,0,0,0.432000,4.148563,1.000000,0.00,50.00
1660,9,2,540,0,1,0,0,0.432000,4.148563,1.000000,0.00,50.00
1660,10,2,540,0,1,0,0,0.432000,4.148563,1.000000,0.00,50.00
1660,11,3,540,0,1,0,0,0.432000,4.148563,1.000000,0.00,23.00
1660,12,3,540,0,1,0,0,0.432000,4.148563,1.000000,0.00,23.00
1660,13,3,540,0,1,0,0,0.432000,4.148563,1.000000,0.00,23.00
1660,14,3,540,0,1,0,0,0.432000,4.148563,1.000000,0.00,23.00
1660,15,3,540,0,1,0,0,0.432000,4.148563,1.000000,0.00,23.00
1660,16,3,540,0,1,0,0,0.432000,4.148563,1.000000,0.00,23.00
1660,17,3,540,0,1,0,0,0.432000,4.148563,1.000000,0.00,23.00
1660,18,3,540,0,1,0,0,0.432000,4.148563,1.000000,0.00,23.00
1660,19,3,540,0,1,0,0,0.432000,4.148563,1.000000,0.00,23.00
1660,20,3,540,0,1,0,0,0.432000,4.148563,1.000000,0.00,23.00
1660,1,1,0,0,0,0,0,0.000000,0.000000,1.000000,0.00,26.00
1660,2,1,0,0,0,0,0,0.000000,0.000000,1.000000,0.00,26.00
1660,3,1,0,0,0,0,0,0.000000,0.000000,1.000000,0.00,26.00
1660,4,1,0,0,0,0,0,0.000000,0.000000,1.000000,0.00,26.00
1660,5,1,0,0,0,0,0,0.000000,0.000000,1.000000,0.00,26.00
1670,6,2,0,540,0,1,0,0.000000,0.000000,0.000000,0.00,50.00
1670,7,2,0,540,0,1,0,0.000000,0.000000,0.000000,0.00,50.00
1670,8,2,0,540,0,1,0,0.000000,0.000000,0.000000,0.00,50.00
1670,9,2,0,540,0,1,0,0.000000,0.000000,0.000000,0.00,50.00
1670,10,2,0,540,0,1,0,0.000000,0.000000,0.000000,0.00,50.00
1670,11,3,0,540,0,1,0,0.000000,0.000000,0.000000,0.00,23.00
1670,12,3,0,540,0,1,0,0.000000,0.000000,0.000000,0.00,23.00
1670,13,3,0,540,0,1,0,0.000000,0.000000,0.000000,0.00,23.00
1670,14,3,0,540,0,1,0,0.000000,0.000000,0.000000,0.00,23.00
1670,15,3,0,540,0,1,0,0.000000,0.000000,0.000000,0.00,23.00
1670,16,3,0,540,0,1,0,0.000000,0.000000,0.000000,0.00,23.00
1670,17,3,0,540,0,1,0,0.000000,0.000000,0.000000,0.00,23.00
1670,18,3,0,540,0,1,0,0.000000,0.000000,0.000000,0.00,23.00
1670,19,3,0,540,0,1,0,0.000000,0.000000,0.000000,0.00,23.00
1670,20,3,0,540,0,1,0,0.000000,0.000000,0.000000,0.00,23.00
1670,1,1,0,0,0,0,0,0.000000,0.000000,1.000000,0.00,26.00
1670,2,1,0,0,0,0,0,0.000000,0.000000,1.000000,0.00,26.00
1670,3,1,0,0,0,0,0,0.000000,0.000000,1.000000,0.00,26.00
1670,4,1,0,0,0,0,0,0.000000,0.000000,1.000000,0.00,26.00
1670,5,1,0,0,0,0,0,0.000000,0.000000,1.000000,0.00,26.00
1680,6,2,540,0,1,0,0,0.432000,4.668563,1.000000,0.00,50.00
1680,7,2,540,0,1,0,0,0.432000,4.668563,1.000000,0.00,50.00
1680,8,2,540,0,1,0,0,0.432000,4.668563,1.000000,0.00,50.00
1680,9,2,540,0,1,0,0,0.432000,4.668563,1.000000,0.00,50.00
1680,10,2,540,0,1,0,0,0.432000,4.668563,1.000000,0.00,50.00
1680,11,3,540,0,1,0,0,0.432000,4.668563,1.000000,0.00,23.00
1680,12,3,540,0,1,0,0,0.432000,4.668563,1.000000,0.00,23.00
1680,13,3,540,0,1,0,0,0.432000,4.668563,1.000000,0.00,23.00
1680,14,3,540,0,1,0,0,0.432000,4.668563,1.000000,0.00,23.00
1680,15,3,540,0,1,0,0,0.432000,4.668563,1.000000,0.00,23.00
1680,16,3,540,0,1,0,0,0.432000,4.668563,1.000000,0.00,23.00
1680,17,3,540,0,1,0,0,0.432000,4.668563,1.000000,0.00,23.00
1680,18,3,540,0,1,0,0,0.432000,4.668563,1.000000,0.00,23.00
1680,19,3,540,0,1,0,0,0.432000,4.668563,1.000000,0.00,23.00
1680,20,3,540,0,1,0,0,0.432000,4.668563,1.000000,0.00,23.00
1680,1,1,0,0,0,0,0,0.000000,0.000000,1.000000,0.00,26.00
1680,2,1,0,0,0,0,0,0.000000,0.000000,1.000000,0.00,26.00
1680,3,1,0,0,0,0,0,0.000000,0.000000,1.000000,0.00,26.00
1680,4,1,0,0,0,0,0,0.000000,0.000000,1.000000,0.00,26.00
1680,5,1,0,0,0,0,0,0.000000,0.000000,1.000000,0.00,26.00
1690,6,2,0,540,0,1,0,0.000000,0.000000,0.000000,0.00,50.00
1690,7,2,0,540,0,1,0,0.000000,0.000000,0.000000,0.00,50.00
1690,8,2,0,540,0,1,0,0.000000,0.000000,0.000000,0.00,50.00
1690,9,2,0,540,0,1,0,0.000000,0.000000,0.000000,0.00,50.00
1690,10,2,0,540,0,1,0,0.000000,0.000000,0.000000,0.00,50.00
1690,11,3,0,540,0,1,0,0.000000,0.000000,0.000000,0.00,23.00
1690,12,3,0,540,0,1,0,0.000000,0.000000,0.000000,0.00,23.00
1690,13,3,0,540,0,1,0,0.000000,0.000000,0.000000,0.00,23.00
1690,14,3,0,540,0,1,0,0.000000,0.000000,0.000000,0.00,23.00
1690,15,3,0,540,0,1,0,0.000000,0.000000,0.000000,0.00,23.00
1690,16,3,0,540,0,1,0,0.000000,0.000000,0.000000,0.00,23.00
1690,17,3,0,540,0,1,0,0.000000,0.000000,0.000000,0.00,23.00
1690,18,3,0,540,0,1,0,0.000000,0.000000,0.000000,0.00,23.00
1690,19,3,0,540,0,1,0,0.000000,0.000000,0.000000,0.00,23.00
1690,20,3,0,540,0,1,0,0.000000,0.000000,0.000000,0.00,23.00
1690,1,1,0,0,0,0,0,0.000000,0.000000,1.000000,0.00,26.00
1690,2,1,0,0,0,0,0,0.000000,0.000000,1.000000,0.00,26.00
1690,3,1,0,0,0,0,0,0.000000,0.000000,1.000000,0.00,26.00
1690,4,1,0,0,0,0,0,0.000000,0.000000,1.000000,0.00,26.00
1690,5,1,0,0,0,0,0,0.000000,0.000000,1.000000,0.00,26.00
1700,6,2,540,0,1,0,0,0.432000,4.188563,1.000000,0.00,50.00
1700,7,2,540,0,1,0,0,0.432000,4.188563,1.000000,0.00,50.00
1700,8,2,540,0,1,0,0,0.432000,4.188563,1.000000,0.00,50.00
1700,9,2,540,0,1,0,0,0.432000,4.188563,1.000000,0.00,50.00
1700,10,2,540,0,1,0,0,0.432000,4.188563,1.000000,0.00,50.00
1700,11,3,540,0,1,0,0,0.432000,4.188563,1.000000,0.00,23.00
1700,12,3,540,0,1,0,0,0.432000,4.188563,1.000000,0.00,23.00
1700,13,3,540,0,1,0,0,0.432000,4.188563,1.000000,0.00,23.00
1700,14,3,540,0,1,0,0,0.432000,4.188563,1.000000,0.00,23.00
1700,15,3,540,0,1,0,0,0.432000,4.188563,1.000000,0.00,23.00
1700,16,3,540,0,1,0,0,0.432000,4.188563,1.000000,0.00,23.00
1700,17,3,540,0,1,0,0,0.432000,4.188563,1.000000,0.00,23.00
1700,18,3,540,0,1,0,0,0.432000,4.188563,1.000000,0.00,23.00
1700,19,3,540,0,1,0,0,0.432000,4.188563,1.000000,0.00,23.00
1700,20,3,540,0,1,0,0,0.432000,4.188563,1.000000,0.00,23.00
1700,1,1,0,0,0,0,0,0.000000,0.000000,1.000000,0.00,26.00
1700,2,1,0,0,0,0,0,0.000000,0.000000,1.000000,0.00,26.00
1700,3,1,0,0,0,0,0,0.000000,0.000000,1.000000,0.00,26.00
1700,4,1,0,0,0,0,0,0.000000,0.000000,1.000000,0.00,26.00
1700,5,1,0,0,0,0,0,0.000000,0.000000,1.000000,0.00,26.00
1710,6,2,0,540,0,1,0,0.000000,0.000000,0.000000,0.00,50.00
1710,7,2,0,540,0,1,0,0.000000,0.000000,0.000000,0.00,50.00
1710,8,2,0,540,0,1,0,0.000000,0.000000,0.000000,0.00,50.00
1710,9,2,0,540,0,1,0,0.000000,0.000000,0.000000,0.00,50.00
1710,10,2,0,540,0,1,0,0.000000,0.000000,0.000000,0.00,50.00
1710,11,3,0,540,0,1,0,0.000000,0.000000,0.000000,0.00,23.00
1710,12,3,0,540,0,1,0,0.000000,0.000000,0.000000,0.00,23.00
1710,13,3,0,540,0,1,0,0.000000,0.000000,0.000000,0.00,23.00
1710,14,3,0,540,0,1,0,0.000000,0.000000,0.000000,0.00,23.00
1710,15,3,0,540,0,1,0,0.000000,0.000000,0.000000,0.00,23.00
1710,16,3,0,540,0,1,0,0.000000,0.000000,0.000000,0.00,23.00
1710,17,3,0,540,0,1,0,0.000000,0.000000,0.000000,0.00,23.00
1710,18,3,0,540,0,1,0,0.000000,0.000000,0.000000,0.00,23.00
1710,19,3,0,540,0,1,0,0.000000,0.000000,0.000000,0.00,23.00
1710,20,3,0,540,0,1,0,0.000000,0.000000,0.000000,0.00,23.00
1710,1,1,0,0,0,0,0,0.000000,0.000000,1.000000,0.00,26.00
1710,2,1,0,0,0,0,0,0.000000,0.000000,1.000000,0.00,26.00
1710,3,1,0,0,0,0,0,0.000000,0.000000,1.000000,0.00,26.00
1710,4,1,0,0,0,0,0,0.000000,0.000000,1.000000,0.00,26.00
1710,5,1,0,0,0,0,0,0.000000,0.000000,1.000000,0.00,26.00
1720,6,2,540,0,1,0,0,0.432000,4.637135,1.000000,0.00,50.00
1720,7,2,540,0,1,0,0,0.432000,4.637135,1.000000,0.00,50.00
1720,8,2,540,0,1,0,0,0.432000,4.637135,1.000000,0.00,50.00
1720,9,2,540,0,1,0,0,0.432000,4.637135,1.000000,0.00,50.00
1720,10,2,540,0,1,0,0,0.432000,4.637135,1.000000,0.00,50.00
1720,11,3,540,0,1,0,0,0.432000,4.637135,1.000000,0.00,23.00
1720,12,3,540,0,1,0,0,0.432000,4.637135,1.000000,0.00,23.00
1720,13,3,540,0,1,0,0,0.432000,4.637135,1.000000,0.00,23.00
1720,14,3,540,0,1,0,0,0.432000,4.637135,1.000000,0.00,23.00
1720,15,3,540,0,1,0,0,0.432000,4.637135,1.000000,0.00,23.00
1720,16,3,540,0,1,0,0,0.432000,4.637135,1.000000,0.00,23.00
1720,17,3,540,0,1,0,0,0.432000,4.637135,1.000000,0.00,23.00
1720,18,3,540,0,1,0,0,0.432000,4.637135,1.000000,0.00,23.00
1720,19,3,540,0,1,0,0,0.432000,4.637135,1.000000,0.00,23.00
1720,20,3,540,0,1,0,0,0.432000,4.637135,1.000000,0.00,23.00
1720,1,1,0,0,0,0,0,0.000000,0.000000,1.000000,0.00,26.00
1720,2,1,0,0,0,0,0,0.000000,0.000000,1.000000,0.00,26.00
1720,3,1,0,0,0,0,0,0.000000,0.000000,1.000000,0.00,26.00
1720,4,1,0,0,0,0,0,0.000000,0.000000,1.000000,0.00,26.00
1720,5,1,0,0,0,0,0,0.000000,0.000000,1.000000,0.00,26.00
1730,6,2,0,540,0,1,0,0.000000,0.000000,0.000000,0.00,50.00
1730,7,2,0,540,0,1,0,0.000000,0.000000,0.000000,0.00,50.00
1730,8,2,0,540,0,1,0,0.000000,0.000000,0.000000,0.00,50.00
1730,9,2,0,540,0,1,0,0.000000,0.000000,0.000000,0.00,50.00
1730,10,2,0,540,0,1,0,0.000000,0.000000,0.000000,0.00,50.00
1730,11,3,0,540,0,1,0,0.000000,0.000000,0.000000,0.00,23.00
1730,12,3,0,540,0,1,0,0.000000,0.000000,0.000000,0.00,23.00
1730,13,3,0,540,0,1,0,0.000000,0.000000,0.000000,0.00,23.00
1730,14,3,0,540,0,1,0,0.000000,0.000000,0.000000,0.00,23.00
1730,15,3,0,540,0,1,0,0.000000,0.000000,0.000000,0.00,23.00
1730,16,3,0,540,0,1,0,0.000000,0.000000,0.000000,0.00,23.00
1730,17,3,0,540,0,1,0,0.000000,0.000000,0.000000,0.00,23.00
1730,18,3,0,540,0,1,0,0.000000,0.000000,0.000000,0.00,23.00
1730,19,3,0,540,0,1,0,0.000000,0.000000,0.000000,0.00,23.00
1730,20,3,0,540,0,1,0,0.000000,0.000000,0.000000,0.00,23.00
1730,1,1,0,540,0,1,0,0.000000,0.000000,0.000000,0.00,26.00
1730,2,1,0,540,0,1,0,0.000000,0.000000,0.000000,0.00,26.00
1730,3,1,0,540,0,1,0,0.000000,0.000000,0.000000,0.00,26.00
1730,4,1,0,540,0,1,0,0.000000,0.000000,0.000000,0.00,26.00
1730,5,1,0,540,0,1,0,0.000000,0.000000,0.000000,0.00,26.00
1740,6,2,540,0,1,0,0,0.432000,4.228563,1.000000,0.00,50.00
1740,7,2,540,0,1,0,0,0.432000,4.228563,1.000000,0.00,50.00
1740,8,2,540,0,1,0,0,0.432000,4.228563,1.000000,0.00,50.00
1740,9,2,540,0,1,0,0,0.432000,4.228563,1.000000,0.00,50.00
1740,10,2,540,0,1,0,0,0.432000,4.228563,1.000000,0.00,50.00
1740,11,3,540,0,1,0,0,0.432000,4.228563,1.000000,0.00,23.00
1740,12,3,540,0,1,0,0,0.432000,4.228563,1.000000,0.00,23.00
1740,13,3,540,0,1,0,0,0.432000,4.228563,1.000000,0.00,23.00
1740,14,3,540,0,1,0,0,0.432000,4.228563,1.000000,0.00,23.00
1740,15,3,540,0,1,0,0,0.432000,4.228563,1.000000,0.00,23.00
1740,16,3,540,0,1,0,0,0.432000,4.228563,1.000000,0.00,23.00
1740,17,3,540,0,1,0,0,0.432000,4.228563,1.000000,0.00,23.00
1740,18,3,540,0,1,0,0,0.432000,4.228563,1.000000,0.00,23.00
1740,19,3,540,0,1,0,0,0.432000,4.228563,1.000000,0.00,23.00
1740,20,3,540,0,1,0,0,0.432000,4.228563,1.000000,0.00,23.00
1740,1,1,540,0,1,0,0,0.432000,4.228563,1.000000,0.00,26.00
1740,2,1,540,0,1,0,0,0.432000,4.228563,1.000000,0.00,26.00
1740,3,1,540,0,1,0,0,0.432000,4.228563,1.000000,0.00,26.00
1740,4,1,540,0,1,0,0,0.432000,4.228563,1.000000,0.00,26.00
1740,5,1,540,0,1,0,0,0.432000,4.228563,1.000000,0.00,26.00
1750,6,2,0,540,0,1,0,0.000000,0.000000,0.000000,0.00,50.00
1750,7,2,0,540,0,1,0,0.000000,0.000000,0.000000,0.00,50.00
1750,8,2,0,540,0,1,0,0.000000,0.000000,0.000000,0.00,50.00
1750,9,2,0,540,0,1,0,0.000000,0.000000,0.000000,0.00,50.00
1750,10,2,0,540,0,1,0,0.000000,0.000000,0.000000,0.00,50.00
1750,11,3,0,540,0,1,0,0.000000,0.000000,0.000000,0.00,23.00
1750,12,3,0,540,0,1,0,0.000000,0.000000,0.000000,0.00,23.00
1750,13,3,0,540,0,1,0,0.000000,0.000000,0.000000,0.00,23.00
1750,14,3,0,540,0,1,0,0.000000,0.000000,0.000000,0.00,23.00
1750,15,3,0,540,0,1,0,0.000000,0.000000,0.000000,0.00,23.00
1750,16,3,0,540,0,1,0,0.000000,0.000000,0.000000,0.00,23.00
1750,17,3,0,540,0,1,0,0.000000,0.000000,0.000000,0.00,23.00
1750,18,3,0,540,0,1,0,0.000000,0.000000,0.000000,0.00,23.00
1750,19,3,0,540,0,1,0,0.000000,0.000000,0.000000,0.00,23.00
1750,20,3,0,540,0,1,0,0.000000,0.000000,0.000000,0.00,23.00
1750,1,1,0,0,0,0,0,0.000000,0.000000,1.000000,0.00,26.00
1750,2,1,0,0,0,0,0,0.000000,0.000000,1.000000,0.00,26.00
1750,3,1,0,0,0,0,0,0.000000,0.000000,1.000000,0.00,26.00
1750,4,1,0,0,0,0,0,0.000000,0.000000,1.000000,0.00,26.00
1750,5,1,0,0,0,0,0,0.000000,0.000000,1.000000,0.00,26.00
1760,6,2,540,0,1,0,0,0.432000,4.748563,1.000000,0.00,50.00
1760,7,2,540,0,1,0,0,0.432000,4.748563,1.000000,0.00,50.00
1760,8,2,540,0,1,0,0,0.432000,4.748563,1.000000,0.00,50.00
1760,9,2,540,0,1,0,0,0.432000,4.748563,1.000000,0.00,50.00
1760,10,2,540,0,1,0,0,0.432000,4.748563,1.000000,0.00,50.00
1760,11,3,540,0,1,0,0,0.432000,4.748563,1.000000,0.00,23.00
1760,12,3,540,0,1,0,0,0.432000,4.748563,1.000000,0.00,23.00
1760,13,3,540,0,1,0,0,0.432000,4.748563,1.000000,0.00,23.00
1760,14,3,540,0,1,0,0,0.432000,4.748563,1.000000,0.00,23.00
1760,15,3,540,0,1,0,0,0.432000,4.748563,1.000000,0.00,23.00
1760,16,3,540,0,1,0,0,0.432000,4.748563,1.000000,0.00,23.00
1760,17,3,540,0,1,0,0,0.432000,4.748563,1.000000,0.00,23.00
1760,18,3,540,0,1,0,0,0.432000,4.748563,1.000000,0.00,23.00
1760,19,3,540,0,1,0,0,0.432000,4.748563,1.000000,0.00,23.00
1760,20,3,540,0,1,0,0,0.432000,4.748563,1.000000,0.00,23.00
1760,1,1,0,0,0,0,0,0.000000,0.000000,1.000000,0.00,26.00
1760,2,1,0,0,0,0,0,0.000000,0.000000,1.000000,0.00,26.00
1760,3,1,0,0,0,0,0,0.000000,0.000000,1.000000,0.00,26.00
1760,4,1,0,0,0,0,0,0.000000,0.000000,1.000000,0.00,26.00
1760,5,1,0,0,0,0,0,0.000000,0.000000,1.000000,0.00,26.00
1770,6,2,0,540,0,1,0,0.000000,0.000000,0.000000,0.00,50.00
1770,7,2,0,540,0,1,0,0.000000,0.000000,0.000000,0.00,50.00
1770,8,2,0,540,0,1,0,0.000000,0.000000,0.000000,0.00,50.00
1770,9,2,0,540,0,1,0,0.000000,0.000000,0.000000,0.00,50.00
1770,10,2,0,540,0,1,0,0.000000,0.000000,0.000000,0.00,50.00
1770,11,3,0,540,0,1,0,0.000000,0.000000,0.000000,0.00,23.00
1770,12,3,0,540,0,1,0,0.000000,0.000000,0.000000,0.00,23.00
1770,13,3,0,540,0,1,0,0.000000,0.000000,0.000000,0.00,23.00
1770,14,3,0,540,0,1,0,0.000000,0.000000,0.000000,0.00,23.00
1770,15,3,0,540,0,1,0,0.000000,0.000000,0.000000,0.00,23.00
1770,16,3,0,540,0,1,0,0.000000,0.000000,0.000000,0.00,23.00
1770,17,3,0,540,0,1,0,0.000000,0.000000,0.000000,0.00,23.00
1770,18,3,0,540,0,1,0,0.000000,0.000000,0.000000,0.00,23.00
1770,19,3,0,540,0,1,0,0.000000,0.000000,0.000000,0.00,23.00
1770,20,3,0,540,0,1,0,0.000000,0.000000,0.000000,0.00,23.00
1770,1,1,0,0,0,0,0,0.000000,0.000000,1.000000,0.00,26.00
1770,2,1,0,0,0,0,0,0.000000,0.000000,1.000000,0.00,26.00
1770,3,1,0,0,0,0,0,0.000000,0.000000,1.000000,0.00,26.00
1770,4,1,0,0,0,0,0,0.000000,0.000000,1.000000,0.00,26.00
1770,5,1,0,0,0,0,0,0.000000,0.000000,1.000000,0.00,26.00
1780,6,2,540,0,1,0,0,0.432000,4.268563,1.000000,0.00,50.00
1780,7,2,540,0,1,0,0,0.432000,4.268563,1.000000,0.00,50.00
1780,8,2,540,0,1,0,0,0.432000,4.268563,1.000000,0.00,50.00
1780,9,2,540,0,1,0,0,0.432000,4.268563,1.000000,0.00,50.00
1780,10,2,540,0,1,0,0,0.432000,4.268563,1.000000,0.00,50.00
1780,11,3,540,0,1,0,0,0.432000,4.268563,1.000000,0.00,23.00
1780,12,3,540,0,1,0,0,0.432000,4.268563,1.000000,0.00,23.00
1780,13,3,540,0,1,0,0,0.432000,4.268563,1.000000,0.00,23.00
1780,14,3,540,0,1,0,0,0.432000,4.268563,1.000000,0.00,23.00
1780,15,3,540,0,1,0,0,0.432000,4.268563,1.000000,0.00,23.00
1780,16,3,540,0,1,0,0,0.432000,4.268563,1.000000,0.00,23.00
1780,17,3,540,0,1,0,0,0.432000,4.268563,1.000000,0.00,23.00
1780,18,3,540,0,1,0,0,0.432000,4.268563,1.000000,0.00,23.00
1780,19,3,540,0,1,0,0,0.432000,4.268563,1.000000,0.00,23.00
1780,20,3,540,0,1,0,0,0.432000,4.268563,1.000000,0.00,23.00
1780,1,1,0,0,0,0,0,0.000000,0.000000,1.000000,0.00,26.00
1780,2,1,0,0,0,0,0,0.000000,0.000000,1.000000,0.00,26.00
1780,3,1,0,0,0,0,0,0.000000,0.000000,1.000000,0.00,26.00
1780,4,1,0,0,0,0,0,0.000000,0.000000,1.000000,0.00,26.00
1780,5,1,0,0,0,0,0,0.000000,0.000000,1.000000,0.00,26.00
1790,6,2,0,0,0,0,0,0.000000,0.000000,1.000000,0.00,50.00
1790,7,2,0,0,0,0,0,0.000000,0.000000,1.000000,0.00,50.00
1790,8,2,0,0,0,0,0,0.000000,0.000000,1.000000,0.00,50.00
1790,9,2,0,0,0,0,0,0.000000,0.000000,1.000000,0.00,50.00
1790,10,2,0,0,0,0,0,0.000000,0.000000,1.000000,0.00,50.00
1790,11,3,0,0,0,0,0,0.000000,0.000000,1.000000,0.00,23.00
1790,12,3,0,0,0,0,0,0.000000,0.000000,1.000000,0.00,23.00
1790,13,3,0,0,0,0,0,0.000000,0.000000,1.000000,0.00,23.00
1790,14,3,0,0,0,0,0,0.000000,0.000000,1.000000,0.00,23.00
1790,15,3,0,0,0,0,0,0.000000,0.000000,1.000000,0.00,23.00
1790,16,3,0,0,0,0,0,0.000000,0.000000,1.000000,0.00,23.00
1790,17,3,0,0,0,0,0,0.000000,0.000000,1.000000,0.00,23.00
1790,18,3,0,0,0,0,0,0.000000,0.000000,1.000000,0.00,23.00
1790,19,3,0,0,0,0,0,0.000000,0.000000,1.000000,0.00,23.00
1790,20,3,0,0,0,0,0,0.000000,0.000000,1.000000,0.00,23.00
1790,1,1,0,0,0,0,0,0.000000,0.000000,1.000000,0.00,26.00
1790,2,1,0,0,0,0,0,0.000000,0.000000,1.000000,0.00,26.00
1790,3,1,0,0,0,0,0,0.000000,0.000000,1.000000,0.00,26.00
1790,4,1,0,0,0,0,0,0.000000,0.000000,1.000000,0.00,26.00
1790,5,1,0,0,0,0,0,0.000000,0.000000,1.000000,0.00,26.00
1800,6,2,540,540,1,1,0,0.432000,4.788563,1.000000,0.00,50.00
1800,7,2,540,540,1,1,0,0.432000,4.788563,1.000000,0.00,50.00
1800,8,2,540,540,1,1,0,0.432000,4.788563,1.000000,0.00,50.00
1800,9,2,540,540,1,1,0,0.432000,4.788563,1.000000,0.00,50.00
1800,10,2,540,540,1,1,0,0.432000,4.788563,1.000000,0.00,50.00
1800,11,3,540,540,1,1,0,0.432000,4.788563,1.000000,0.00,23.00
1800,12,3,540,540,1,1,0,0.432000,4.788563,1.000000,0.00,23.00
1800,13,3,540,540,1,1,0,0.432000,4.788563,1.000000,0.00,23.00
1800,14,3,540,540,1,1,0,0.432000,4.788563,1.000000,0.00,23.00
1800,15,3,540,540,1,1,0,0.432000,4.788563,1.000000,0.00,23.00
1800,16,3,540,540,1,1,0,0.432000,4.788563,1.000000,0.00,23.00
1800,17,3,540,540,1,1,0,0.432000,4.788563,1.000000,0.00,23.00
1800,18,3,540,540,1,1,0,0.432000,4.788563,1.000000,0.00,23.00
1800,19,3,540,540,1,1,0,0.432000,4.788563,1.000000,0.00,23.00
1800,20,3,540,540,1,1,0,0.432000,4.788563,1.000000,0.00,23.00
1800,1,1,0,0,0,0,0,0.000000,0.000000,1.000000,0.00,26.00
1800,2,1,0,0,0,0,0,0.000000,0.000000,1.000000,0.00,26.00
1800,3,1,0,0,0,0,0,0.000000,0.000000,1.000000,0.00,26.00
1800,4,1,0,0,0,0,0,0.000000,0.000000,1.000000,0.00,26.00
1800,5,1,0,0,0,0,0,0.000000,0.000000,1.000000,0.00,26.00
1810,6,2,0,0,0,0,0,0.000000,0.000000,1.000000,0.00,50.00
1810,7,2,0,0,0,0,0,0.000000,0.000000,1.000000,0.00,50.00
1810,8,2,0,0,0,0,0,0.000000,0.000000,1.000000,0.00,50.00
1810,9,2,0,0,0,0,0,0.000000,0.000000,1.000000,0.00,50.00
1810,10,2,0,0,0,0,0,0.000000,0.000000,1.000000,0.00,50.00
1810,11,3,0,0,0,0,0,0.000000,0.000000,1.000000,0.00,23.00
1810,12,3,0,0,0,0,0,0.000000,0.000000,1.000000,0.00,23.00
1810,13,3,0,0,0,0,0,0.000000,0.000000,1.000000,0.00,23.00
1810,14,3,0,0,0,0,0,0.000000,0.000000,1.000000,0.00,23.00
1810,15,3,0,0,0,0,0,0.000000,0.000000,1.000000,0.00,23.00
1810,16,3,0,0,0,0,0,0.000000,0.000000,1.000000,0.00,23.00
1810,17,3,0,0,0,0,0,0.000000,0.000000,1.000000,0.00,23.00
1810,18,3,0,0,0,0,0,0.000000,0.000000,1.000000,0.00,23.00
1810,19,3,0,0,0,0,0,0.000000,0.000000,1.000000,0.00,23.00
1810,20,3,0,0,0,0,0,0.000000,0.000000,1.000000,0.00,23.00
1810,1,1,0,0,0,0,0,0.000000,0.000000,1.000000,0.00,26.00
1810,2,1,0,0,0,0,0,0.000000,0.000000,1.000000,0.00,26.00
1810,3,1,0,0,0,0,0,0.000000,0.000000,1.000000,0.00,26.00
1810,4,1,0,0,0,0,0,0.000000,0.000000,1.000000,0.00,26.00
1810,5,1,0,0,0,0,0,0.000000,0.000000,1.000000,0.00,26.00
1820,6,2,540,540,1,1,0,0.432000,4.237135,1.000000,0.00,50.00
1820,7,2,540,540,1,1,0,0.432000,4.237135,1.000000,0.00,50.00
1820,8,2,540,540,1,1,0,0.432000,4.237135,1.000000,0.00,50.00
1820,9,2,540,540,1,1,0,0.432000,4.237135,1.000000,0.00,50.00
1820,10,2,540,540,1,1,0,0.432000,4.237135,1.000000,0.00,50.00
1820,11,3,540,540,1,1,0,0.432000,4.237135,1.000000,0.00,23.00
1820,12,3,540,540,1,1,0,0.432000,4.237135,1.000000,0.00,23.00
1820,13,3,540,540,1,1,0,0.432000,4.237135,1.000000,0.00,23.00
1820,14,3,540,540,1,1,0,0.432000,4.237135,1.000000,0.00,23.00
1820,15,3,540,540,1,1,0,0.432000,4.237135,1.000000,0.00,23.00
1820,16,3,540,540,1,1,0,0.432000,4.237135,1.000000,0.00,23.00
1820,17,3,540,540,1,1,0,0.432000,4.237135,1.000000,0.00,23.00
1820,18,3,540,540,1,1,0,0.432000,4.237135,1.000000,0.00,23.00
1820,19,3,540,540,1,1,0,0.432000,4.237135,1.000000,0.00,23.00
1820,20,3,540,540,1,1,0,0.432000,4.237135,1.000000,0.00,23.00
1820,1,1,0,0,0,0,0,0.000000,0.000000,1.000000,0.00,26.00
1820,2,1,0,0,0,0,0,0.000000,0.000000,1.000000,0.00,26.00
1820,3,1,0,0,0,0,0,0.000000,0.000000,1.000000,0.00,26.00
1820,4,1,0,0,0,0,0,0.000000,0.000000,1.000000,0.00,26.00
1820,5,1,0,0,0,0,0,0.000000,0.000000,1.000000,0.00,26.00
1830,6,2,0,0,0,0,0,0.000000,0.000000,1.000000,0.00,50.00
1830,7,2,0,0,0,0,0,0.000000,0.000000,1.000000,0.00,50.00
1830,8,2,0,0,0,0,0,0.000000,0.000000,1.000000,0.00,50.00
1830,9,2,0,0,0,0,0,0.000000,0.000000,1.000000,0.00,50.00
1830,10,2,0,0,0,0,0,0.000000,0.000000,1.000000,0.00,50.00
1830,11,3,0,0,0,0,0,0.000000,0.000000,1.000000,0.00,23.00
1830,12,3,0,0,0,0,0,0.000000,0.000000,1.000000,0.00,23.00
1830,13,3,0,0,0,0,0,0.000000,0.000000,1.000000,0.00,23.00
1830,14,3,0,0,0,0,0,0.000000,0.000000,1.000000,0.00,23.00
1830,15,3,0,0,0,0,0,0.000000,0.000000,1.000000,0.00,23.00
1830,16,3,0,0,0,0,0,0.000000,0.000000,1.000000,0.00,23.00
1830,17,3,0,0,0,0,0,0.000000,0.000000,1.000000,0.00,23.00
1830,18,3,0,0,0,0,0,0.000000,0.000000,1.000000,0.00,23.00
1830,19,3,0,0,0,0,0,0.000000,0.000000,1.000000,0.00,23.00
1830,20,3,0,0,0,0,0,0.000000,0.000000,1.000000,0.00,23.00
1830,1,1,0,0,0,0,0,0.000000,0.000000,1.000000,0.00,26.00
1830,2,1,0,0,0,0,0,0.000000,0.000000,1.000000,0.00,26.00
1830,3,1,0,0,0,0,0,0.000000,0.000000,1.000000,0.00,26.00
1830,4,1,0,0,0,0,0,0.000000,0.000000,1.000000,0.00,26.00
1830,5,1,0,0,0,0,0,0.000000,0.000000,1.000000,0.00,26.00
1840,6,2,540,540,1,1,0,0.432000,4.757135,1.000000,0.00,50.00
1840,7,2,540,540,1,1,0,0.432000,4.757135,1.000000,0.00,50.00
1840,8,2,540,540,1,1,0,0.432000,4.757135,1.000000,0.00,50.00
1840,9,2,540,540,1,1,0,0.432000,4.757135,1.000000,0.00,50.00
1840,10,2,540,540,1,1,0,0.432000,4.757135,1.000000,0.00,50.00
1840,11,3,540,540,1,1,0,0.432000,4.757135,1.000000,0.00,23.00
1840,12,3,540,540,1,1,0,0.432000,4.757135,1.000000,0.00,23.00
1840,13,3,540,540,1,1,0,0.432000,4.757135,1.000000,0.00,23.00
1840,14,3,540,540,1,1,0,0.432000,4.757135,1.000000,0.00,23.00
1840,15,3,540,540,1,1,0,0.432000,4.757135,1.000000,0.00,23.00
1840,16,3,540,540,1,1,0,0.432000,4.757135,1.000000,0.00,23.00
1840,17,3,540,540,1,1,0,0.432000,4.757135,1.000000,0.00,23.00
1840,18,3,540,540,1,1,0,0.432000,4.757135,1.000000,0.00,23.00
1840,19,3,540,540,1,1,0,0.432000,4.757135,1.000000,0.00,23.00
1840,20,3,540,540,1,1,0,0.432000,4.757135,1.000000,0.00,23.00
1840,1,1,0,0,0,0,0,0.000000,0.000000,1.000000,0.00,26.00
1840,2,1,0,0,0,0,0,0.000000,0.000000,1.000000,0.00,26.00
1840,3,1,0,0,0,0,0,0.000000,0.000000,1.000000,0.00,26.00
1840,4,1,0,0,0,0,0,0.000000,0.000000,1.000000,0.00,26.00
1840,5,1,0,0,0,0,0,0.000000,0.000000,1.000000,0.00,26.00
1850,6,2,0,0,0,0,0,0.000000,0.000000,1.000000,0.00,50.00
1850,7,2,0,0,0,0,0,0.000000,0.000000,1.000000,0.00,50.00
1850,8,2,0,0,0,0,0,0.000000,0.000000,1.000000,0.00,50.00
1850,9,2,0,0,0,0,0,0.000000,0.000000,1.000000,0.00,50.00
1850,10,2,0,0,0,0,0,0.000000,0.000000,1.000000,0.00,50.00
1850,11,3,0,0,0,0,0,0.000000,0.000000,1.000000,0.00,23.00
1850,12,3,0,0,0,0,0,0.000000,0.000000,1.000000,0.00,23.00
1850,13,3,0,0,0,0,0,0.000000,0.000000,1.000000,0.00,23.00
1850,14,3,0,0,0,0,0,0.000000,0.000000,1.000000,0.00,23.00
1850,15,3,0,0,0,0,0,0.000000,0.000000,1.000000,0.00,23.00
1850,16,3,0,0,0,0,0,0.000000,0.000000,1.000000,0.00,23.00
1850,17,3,0,0,0,0,0,0.000000,0.000000,1.000000,0.00,23.00
1850,18,3,0,0,0,0,0,0.000000,0.000000,1.000000,0.00,23.00
1850,19,3,0,0,0,0,0,0.000000,0.000000,1.000000,0.00,23.00
1850,20,3,0,0,0,0,0,0.000000,0.000000,1.000000,0.00,23.00
1850,1,1,0,0,0,0,0,0.000000,0.000000,1.000000,0.00,26.00
1850,2,1,0,0,0,0,0,0.000000,0.000000,1.000000,0.00,26.00
1850,3,1,0,0,0,0,0,0.000000,0.000000,1.000000,0.00,26.00
1850,4,1,0,0,0,0,0,0.000000,0.000000,1.000000,0.00,26.00
1850,5,1,0,0,0,0,0,0.000000,0.000000,1.000000,0.00,26.00
1860,6,2,540,540,1,1,0,0.432000,4.348563,1.000000,0.00,50.00
1860,7,2,540,540,1,1,0,0.432000,4.348563,1.000000,0.00,50.00
1860,8,2,540,540,1,1,0,0.432000,4.348563,1.000000,0.00,50.00
1860,9,2,540,540,1,1,0,0.432000,4.348563,1.000000,0.00,50.00
1860,10,2,540,540,1,1,0,0.432000,4.348563,1.000000,0.00,50.00
1860,11,3,540,540,1,1,0,0.432000,4.348563,1.000000,0.00,23.00
1860,12,3,540,540,1,1,0,0.432000,4.348563,1.000000,0.00,23.00
1860,13,3,540,540,1,1,0,0.432000,4.348563,1.000000,0.00,23.00
1860,14,3,540,540,1,1,0,0.432000,4.348563,1.000000,0.00,23.00
1860,15,3,540,540,1,1,0,0.432000,4.348563,1.000000,0.00,23.00
1860,16,3,540,540,1,1,0,0.432000,4.348563,1.000000,0.00,23.00
1860,17,3,540,540,1,1,0,0.432000,4.348563,1.000000,0.00,23.00
1860,18,3,540,540,1,1,0,0.432000,4.348563,1.000000,0.00,23.00
1860,19,3,540,540,1,1,0,0.432000,4.348563,1.000000,0.00,23.00
1860,20,3,540,540,1,1,0,0.432000,4.348563,1.000000,0.00,23.00
1860,1,1,0,0,0,0,0,0.000000,0.000000,1.000000,0.00,26.00
1860,2,1,0,0,0,0,0,0.000000,0.000000,1.000000,0.00,26.00
1860,3,1,0,0,0,0,0,0.000000,0.000000,1.000000,0.00,26.00
1860,4,1,0,0,0,0,0,0.000000,0.000000,1.000000,0.00,26.00
1860,5,1,0,0,0,0,0,0.000000,0.000000,1.000000,0.00,26.00
1870,6,2,0,0,0,0,0,0.000000,0.000000,1.000000,0.00,50.00
1870,7,2,0,0,0,0,0,0.000000,0.000000,1.000000,0.00,50.00
1870,8,2,0,0,0,0,0,0.000000,0.000000,1.000000,0.00,50.00
1870,9,2,0,0,0,0,0,0.000000,0.000000,1.000000,0.00,50.00
1870,10,2,0,0,0,0,0,0.000000,0.000000,1.000000,0.00,50.00
1870,11,3,0,0,0,0,0,0.000000,0.000000,1.000000,0.00,23.00
1870,12,3,0,0,0,0,0,0.000000,0.000000,1.000000,0.00,23.00
1870,13,3,0,0,0,0,0,0.000000,0.000000,1.000000,0.00,23.00
1870,14,3,0,0,0,0,0,0.000000,0.000000,1.000000,0.00,23.00
1870,15,3,0,0,0,0,0,0.000000,0.000000,1.000000,0.00,23.00
1870,16,3,0,0,0,0,0,0.000000,0.000000,1.000000,0.00,23.00
1870,17,3,0,0,0,0,0,0.000000,0.000000,1.000000,0.00,23.00
1870,18,3,0,0,0,0,0,0.000000,0.000000,1.000000,0.00,23.00
1870,19,3,0,0,0,0,0,0.000000,0.000000,1.000000,0.00,23.00
1870,20,3,0,0,0,0,0,0.000000,0.000000,1.000000,0.00,23.00
1870,1,1,0,0,0,0,0,0.000000,0.000000,1.000000,0.00,26.00
1870,2,1,0,0,0,0,0,0.000000,0.000000,1.000000,0.00,26.00
1870,3,1,0,0,0,0,0,0.000000,0.000000,1.000000,0.00,26.00
1870,4,1,0,0,0,0,0,0.000000,0.000000,1.000000,0.00,26.00
1870,5,1,0,0,0,0,0,0.000000,0.000000,1.000000,0.00,26.00
1880,6,2,540,540,1,1,0,0.432000,4.868563,1.000000,0.00,50.00
1880,7,2,540,540,1,1,0,0.432000,4.868563,1.000000,0.00,50.00
1880,8,2,540,540,1,1,0,0.432000,4.868563,1.000000,0.00,50.00
1880,9,2,540,540,1,1,0,0.432000,4.868563,1.000000,0.00,50.00
1880,10,2,540,540,1,1,0,0.432000,4.868563,1.000000,0.00,50.00
1880,11,3,540,540,1,1,0,0.432000,4.868563,1.000000,0.00,23.00
1880,12,3,540,540,1,1,0,0.432000,4.868563,1.000000,0.00,23.00
1880,13,3,540,540,1,1,0,0.432000,4.868563,1.000000,0.00,23.00
1880,14,3,540,540,1,1,0,0.432000,4.868563,1.000000,0.00,23.00
1880,15,3,540,540,1,1,0,0.432000,4.868563,1.000000,0.00,23.00
1880,16,3,540,540,1,1,0,0.432000,4.868563,1.000000,0.00,23.00
1880,17,3,540,540,1,1,0,0.432000,4.868563,1.000000,0.00,23.00
1880,18,3,540,540,1,1,0,0.432000,4.868563,1.000000,0.00,23.00
1880,19,3,540,540,1,1,0,0.432000,4.868563,1.000000,0.00,23.00
1880,20,3,540,540,1,1,0,0.432000,4.868563,1.000000,0.00,23.00
1880,1,1,0,0,0,0,0,0.000000,0.000000,1.000000,0.00,26.00
1880,2,1,0,0,0,0,0,0.000000,0.000000,1.000000,0.00,26.00
1880,3,1,0,0,0,0,0,0.000000,0.000000,1.000000,0.00,26.00
1880,4,1,0,0,0,0,0,0.000000,0.000000,1.000000,0.00,26.00
1880,5,1,0,0,0,0,0,0.000000,0.000000,1.000000,0.00,26.00
1890,6,2,0,0,0,0,0,0.000000,0.000000,1.000000,0.00,50.00
1890,7,2,0,0,0,0,0,0.000000,0.000000,1.000000,0.00,50.00
1890,8,2,0,0,0,0,0,0.000000,0.000000,1.000000,0.00,50.00
1890,9,2,0,0,0,0,0,0.000000,0.000000,1.000000,0.00,50.00
1890,10,2,0,0,0,0,0,0.000000,0.000000,1.000000,0.00,50.00
1890,11,3,0,0,0,0,0,0.000000,0.000000,1.000000,0.00,23.00
1890,12,3,0,0,0,0,0,0.000000,0.000000,1.000000,0.00,23.00
1890,13,3,0,0,0,0,0,0.000000,0.000000,1.000000,0.00,23.00
1890,14,3,0,0,0,0,0,0.000000,0.000000,1.000000,0.00,23.00
1890,15,3,0,0,0,0,0,0.000000,0.000000,1.000000,0.00,23.00
1890,16,3,0,0,0,0,0,0.000000,0.000000,1.000000,0.00,23.00
1890,17,3,0,0,0,0,0,0.000000,0.000000,1.000000,0.00,23.00
1890,18,3,0,0,0,0,0,0.000000,0.000000,1.000000,0.00,23.00
1890,19,3,0,0,0,0,0,0.000000,0.000000,1.000000,0.00,23.00
1890,20,3,0,0,0,0,0,0.000000,0.000000,1.000000,0.00,23.00
1890,1,1,0,0,0,0,0,0.000000,0.000000,1.000000,0.00,26.00
1890,2,1,0,0,0,0,0,0.000000,0.000000,1.000000,0.00,26.00
1890,3,1,0,0,0,0,0,0.000000,0.000000,1.000000,0.00,26.00
1890,4,1,0,0,0,0,0,0.000000,0.000000,1.000000,0.00,26.00
1890,5,1,0,0,0,0,0,0.000000,0.000000,1.000000,0.00,26.00
1900,6,2,540,540,1,1,0,0.432000,4.388563,1.000000,0.00,50.00
1900,7,2,540,540,1,1,0,0.432000,4.388563,1.000000,0.00,50.00
1900,8,2,540,540,1,1,0,0.432000,4.388563,1.000000,0.00,50.00
1900,9,2,540,540,1,1,0,0.432000,4.388563,1.000000,0.00,50.00
1900,10,2,540,540,1,1,0,0.432000,4.388563,1.000000,0.00,50.00
1900,11,3,540,540,1,1,0,0.432000,4.388563,1.000000,0.00,23.00
1900,12,3,540,540,1,1,0,0.432000,4.388563,1.000000,0.00,23.00
1900,13,3,540,540,1,1,0,0.432000,4.388563,1.000000,0.00,23.00
1900,14,3,540,540,1,1,0,0.432000,4.388563,1.000000,0.00,23.00
1900,15,3,540,540,1,1,0,0.432000,4.388563,1.000000,0.00,23.00
1900,16,3,540,540,1,1,0,0.432000,4.388563,1.000000,0.00,23.00
1900,17,3,540,540,1,1,0,0.432000,4.388563,1.000000,0.00,23.00
1900,18,3,540,540,1,1,0,0.432000,4.388563,1.000000,0.00,23.00
1900,19,3,540,540,1,1,0,0.432000,4.388563,1.000000,0.00,23.00
1900,20,3,540,540,1,1,0,0.432000,4.388563,1.000000,0.00,23.00
1900,1,1,0,0,0,0,0,0.000000,0.000000,1.000000,0.00,26.00
1900,2,1,0,0,0,0,0,0.000000,0.000000,1.000000,0.00,26.00
1900,3,1,0,0,0,0,0,0.000000,0.000000,1.000000,0.00,26.00
1900,4,1,0,0,0,0,0,0.000000,0.000000,1.000000,0.00,26.00
1900,5,1,0,0,0,0,0,0.000000,0.000000,1.000000,0.00,26.00
1910,6,2,0,0,0,0,0,0.000000,0.000000,1.000000,0.00,50.00
1910,7,2,0,0,0,0,0,0.000000,0.000000,1.000000,0.00,50.00
1910,8,2,0,0,0,0,0,0.000000,0.000000,1.000000,0.00,50.00
1910,9,2,0,0,0,0,0,0.000000,0.000000,1.000000,0.00,50.00
1910,10,2,0,0,0,0,0,0.000000,0.000000,1.000000,0.00,50.00
1910,11,3,0,0,0,0,0,0.000000,0.000000,1.000000,0.00,23.00
1910,12,3,0,0,0,0,0,0.000000,0.000000,1.000000,0.00,23.00
1910,13,3,0,0,0,0,0,0.000000,0.000000,1.000000,0.00,23.00
1910,14,3,0,0,0,0,0,0.000000,0.000000,1.000000,0.00,23.00
1910,15,3,0,0,0,0,0,0.000000,0.000000,1.000000,0.00,23.00
1910,16,3,0,0,0,0,0,0.000000,0.000000,1.000000,0.00,23.00
1910,17,3,0,0,0,0,0,0.000000,0.000000,1.000000,0.00,23.00
1910,18,3,0,0,0,0,0,0.000000,0.000000,1.000000,0.00,23.00
1910,19,3,0,0,0,0,0,0.000000,0.000000,1.000000,0.00,23.00
1910,20,3,0,0,0,0,0,0.000000,0.000000,1.000000,0.00,23.00
1910,1,1,0,0,0,0,0,0.000000,0.000000,1.000000,0.00,26.00
1910,2,1,0,0,0,0,0,0.000000,0.000000,1.000000,0.00,26.00
1910,3,1,0,0,0,0,0,0.000000,0.000000,1.000000,0.00,26.00
1910,4,1,0,0,0,0,0,0.000000,0.000000,1.000000,0.00,26.00
1910,5,1,0,0,0,0,0,0.000000,0.000000,1.000000,0.00,26.00
1920,6,2,540,540,1,1,0,0.432000,4.908563,1.000000,0.00,50.00
1920,7,2,540,540,1,1,0,0.432000,4.908563,1.000000,0.00,50.00
1920,8,2,540,540,1,1,0,0.432000,4.908563,1.000000,0.00,50.00
1920,9,2,540,540,1,1,0,0.432000,4.908563,1.000000,0.00,50.00
1920,10,2,540,540,1,1,0,0.432000,4.908563,1.000000,0.00,50.00
1920,11,3,540,540,1,1,0,0.432000,4.908563,1.000000,0.00,23.00
1920,12,3,540,540,1,1,0,0.432000,4.908563,1.000000,0.00,23.00
1920,13,3,540,540,1,1,0,0.432000,4.908563,1.000000,0.00,23.00
1920,14,3,540,540,1,1,0,0.432000,4.908563,1.000000,0.00,23.00
1920,15,3,540,540,1,1,0,0.432000,4.908563,1.000000,0.00,23.00
1920,16,3,540,540,1,1,0,0.432000,4.908563,1.000000,0.00,23.00
1920,17,3,540,540,1,1,0,0.432000,4.908563,1.000000,0.00,23.00
1920,18,3,540,540,1,1,0,0.432000,4.908563,1.000000,0.00,23.00
1920,19,3,540,540,1,1,0,0.432000,4.908563,1.000000,0.00,23.00
1920,20,3,540,540,1,1,0,0.432000,4.908563,1.000000,0.00,23.00
1920,1,1,0,0,0,0,0,0.000000,0.000000,1.000000,0.00,26.00
1920,2,1,0,0,0,0,0,0.000000,0.000000,1.000000,0.00,26.00
1920,3,1,0,0,0,0,0,0.000000,0.000000,1.000000,0.00,26.00
1920,4,1,0,0,0,0,0,0.000000,0.000000,1.000000,0.00,26.00
1920,5,1,0,0,0,0,0,0.000000,0.000000,1.000000,0.00,26.00
1930,6,2,0,0,0,0,0,0.000000,0.000000,1.000000,0.00,50.00
1930,7,2,0,0,0,0,0,0.000000,0.000000,1.000000,0.00,50.00
1930,8,2,0,0,0,0,0,0.000000,0.000000,1.000000,0.00,50.00
1930,9,2,0,0,0,0,0,0.000000,0.000000,1.000000,0.00,50.00
1930,10,2,0,0,0,0,0,0.000000,0.000000,1.000000,0.00,50.00
1930,11,3,0,0,0,0,0,0.000000,0.000000,1.000000,0.00,23.00
1930,12,3,0,0,0,0,0,0.000000,0.000000,1.000000,0.00,23.00
1930,13,3,0,0,0,0,0,0.000000,0.000000,1.000000,0.00,23.00
1930,14,3,0,0,0,0,0,0.000000,0.000000,1.000000,0.00,23.00
1930,15,3,0,0,0,0,0,0.000000,0.000000,1.000000,0.00,23.00
1930,16,3,0,0,0,0,0,0.000000,0.000000,1.000000,0.00,23.00
1930,17,3,0,0,0,0,0,0.000000,0.000000,1.000000,0.00,23.00
1930,18,3,0,0,0,0,0,0.000000,0.000000,1.000000,0.00,23.00
1930,19,3,0,0,0,0,0,0.000000,0.000000,1.000000,0.00,23.00
1930,20,3,0,0,0,0,0,0.000000,0.000000,1.000000,0.00,23.00
1930,1,1,0,0,0,0,0,0.000000,0.000000,1.000000,0.00,26.00
1930,2,1,0,0,0,0,0,0.000000,0.000000,1.000000,0.00,26.00
1930,3,1,0,0,0,0,0,0.000000,0.000000,1.000000,0.00,26.00
1930,4,1,0,0,0,0,0,0.000000,0.000000,1.000000,0.00,26.00
1930,5,1,0,0,0,0,0,0.000000,0.000000,1.000000,0.00,26.00
1940,6,2,540,540,1,1,0,0.432000,4.428563,1.000000,0.00,50.00
1940,7,2,540,540,1,1,0,0.432000,4.428563,1.000000,0.00,50.00
1940,8,2,540,540,1,1,0,0.432000,4.428563,1.000000,0.00,50.00
1940,9,2,540,540,1,1,0,0.432000,4.428563,1.000000,0.00,50.00
1940,10,2,540,540,1,1,0,0.432000,4.428563,1.000000,0.00,50.00
1940,11,3,540,540,1,1,0,0.432000,4.428563,1.000000,0.00,23.00
1940,12,3,540,540,1,1,0,0.432000,4.428563,1.000000,0.00,23.00
1940,13,3,540,540,1,1,0,0.432000,4.428563,1.000000,0.00,23.00
1940,14,3,540,540,1,1,0,0.432000,4.428563,1.000000,0.00,23.00
1940,15,3,540,540,1,1,0,0.432000,4.428563,1.000000,0.00,23.00
1940,16,3,540,540,1,1,0,0.432000,4.428563,1.000000,0.00,23.00
1940,17,3,540,540,1,1,0,0.432000,4.428563,1.000000,0.00,23.00
1940,18,3,540,540,1,1,0,0.432000,4.428563,1.000000,0.00,23.00
1940,19,3,540,540,1,1,0,0.432000,4.428563,1.000000,0.00,23.00
1940,20,3,540,540,1,1,0,0.432000,4.428563,1.000000,0.00,23.00
1940,1,1,0,0,0,0,0,0.000000,0.000000,1.000000,0.00,26.00
1940,2,1,0,0,0,0,0,0.000000,0.000000,1.000000,0.00,26.00
1940,3,1,0,0,0,0,0,0.000000,0.000000,1.000000,0.00,26.00
1940,4,1,0,0,0,0,0,0.000000,0.000000,1.000000,0.00,26.00
1940,5,1,0,0,0,0,0,0.000000,0.000000,1.000000,0.00,26.00
1950,6,2,0,0,0,0,0,0.000000,0.000000,1.000000,0.00,50.00
1950,7,2,0,0,0,0,0,0.000000,0.000000,1.000000,0.00,50.00
1950,8,2,0,0,0,0,0,0.000000,0.000000,1.000000,0.00,50.00
1950,9,2,0,0,0,0,0,0.000000,0.000000,1.000000,0.00,50.00
1950,10,2,0,0,0,0,0,0.000000,0.000000,1.000000,0.00,50.00
1950,11,3,0,0,0,0,0,0.000000,0.000000,1.000000,0.00,23.00
1950,12,3,0,0,0,0,0,0.000000,0.000000,1.000000,0.00,23.00
1950,13,3,0,0,0,0,0,0.000000,0.000000,1.000000,0.00,23.00
1950,14,3,0,0,0,0,0,0.000000,0.000000,1.000000,0.00,23.00
1950,15,3,0,0,0,0,0,0.000000,0.000000,1.000000,0.00,23.00
1950,16,3,0,0,0,0,0,0.000000,0.000000,1.000000,0.00,23.00
1950,17,3,0,0,0,0,0,0.000000,0.000000,1.000000,0.00,23.00
1950,18,3,0,0,0,0,0,0.000000,0.000000,1.000000,0.00,23.00
1950,19,3,0,0,0,0,0,0.000000,0.000000,1.000000,0.00,23.00
1950,20,3,0,0,0,0,0,0.000000,0.000000,1.000000,0.00,23.00
1950,1,1,0,0,0,0,0,0.000000,0.000000,1.000000,0.00,26.00
1950,2,1,0,0,0,0,0,0.000000,0.000000,1.000000,0.00,26.00
1950,3,1,0,0,0,0,0,0.000000,0.000000,1.000000,0.00,26.00
1950,4,1,0,0,0,0,0,0.000000,0.000000,1.000000,0.00,26.00
1950,5,1,0,0,0,0,0,0.000000,0.000000,1.000000,0.00,26.00
1960,6,2,540,540,1,1,0,0.432000,4.948563,1.000000,0.00,50.00
1960,7,2,540,540,1,1,0,0.432000,4.948563,1.000000,0.00,50.00
1960,8,2,540,540,1,1,0,0.432000,4.948563,1.000000,0.00,50.00
1960,9,2,540,540,1,1,0,0.432000,4.948563,1.000000,0.00,50.00
1960,10,2,540,540,1,1,0,0.432000,4.948563,1.000000,0.00,50.00
1960,11,3,540,540,1,1,0,0.432000,4.948563,1.000000,0.00,23.00
1960,12,3,540,540,1,1,0,0.432000,4.948563,1.000000,0.00,23.00
1960,13,3,540,540,1,1,0,0.432000,4.948563,1.000000,0.00,23.00
1960,14,3,540,540,1,1,0,0.432000,4.948563,1.000000,0.00,23.00
1960,15,3,540,540,1,1,0,0.432000,4.948563,1.000000,0.00,23.00
1960,16,3,540,540,1,1,0,0.432000,4.948563,1.000000,0.00,23.00
1960,17,3,540,540,1,1,0,0.432000,4.948563,1.000000,0.00,23.00
1960,18,3,540,540,1,1,0,0.432000,4.948563,1.000000,0.00,23.00
1960,19,3,540,540,1,1,0,0.432000,4.948563,1.000000,0.00,23.00
1960,20,3,540,540,1,1,0,0.432000,4.948563,1.000000,0.00,23.00
1960,1,1,0,0,0,0,0,0.000000,0.000000,1.000000,0.00,26.00
1960,2,1,0,0,0,0,0,0.000000,0.000000,1.000000,0.00,26.00
1960,3,1,0,0,0,0,0,0.000000,0.000000,1.000000,0.00,26.00
1960,4,1,0,0,0,0,0,0.000000,0.000000,1.000000,0.00,26.00
1960,5,1,0,0,0,0,0,0.000000,0.000000,1.000000,0.00,26.00
1970,6,2,0,0,0,0,0,0.000000,0.000000,1.000000,0.00,50.00
1970,7,2,0,0,0,0,0,0.000000,0.000000,1.000000,0.00,50.00
1970,8,2,0,0,0,0,0,0.000000,0.000000,1.000000,0.00,50.00
1970,9,2,0,0,0,0,0,0.000000,0.000000,1.000000,0.00,50.00
1970,10,2,0,0,0,0,0,0.000000,0.000000,1.000000,0.00,50.00
1970,11,3,0,0,0,0,0,0.000000,0.000000,1.000000,0.00,23.00
1970,12,3,0,0,0,0,0,0.000000,0.000000,1.000000,0.00,23.00
1970,13,3,0,0,0,0,0,0.000000,0.000000,1.000000,0.00,23.00
1970,14,3,0,0,0,0,0,0.000000,0.000000,1.000000,0.00,23.00
1970,15,3,0,0,0,0,0,0.000000,0.000000,1.000000,0.00,23.00
1970,16,3,0,0,0,0,0,0.000000,0.000000,1.000000,0.00,23.00
1970,17,3,0,0,0,0,0,0.000000,0.000000,1.000000,0.00,23.00
1970,18,3,0,0,0,0,0,0.000000,0.000000,1.000000,0.00,23.00
1970,19,3,0,0,0,0,0,0.000000,0.000000,1.000000,0.00,23.00
1970,20,3,0,0,0,0,0,0.000000,0.000000,1.000000,0.00,23.00
1970,1,1,0,0,0,0,0,0.000000,0.000000,1.000000,0.00,26.00
1970,2,1,0,0,0,0,0,0.000000,0.000000,1.000000,0.00,26.00
1970,3,1,0,0,0,0,0,0.000000,0.000000,1.000000,0.00,26.00
1970,4,1,0,0,0,0,0,0.000000,0.000000,1.000000,0.00,26.00
1970,5,1,0,0,0,0,0,0.000000,0.000000,1.000000,0.00,26.00
1980,6,2,540,540,1,1,0,0.432000,4.468563,1.000000,0.00,50.00
1980,7,2,540,540,1,1,0,0.432000,4.468563,1.000000,0.00,50.00
1980,8,2,540,540,1,1,0,0.432000,4.468563,1.000000,0.00,50.00
1980,9,2,540,540,1,1,0,0.432000,4.468563,1.000000,0.00,50.00
1980,10,2,540,540,1,1,0,0.432000,4.468563,1.000000,0.00,50.00
1980,11,3,540,540,1,1,0,0.432000,4.468563,1.000000,0.00,23.00
1980,12,3,540,540,1,1,0,0.432000,4.468563,1.000000,0.00,23.00
1980,13,3,540,540,1,1,0,0.432000,4.468563,1.000000,0.00,23.00
1980,14,3,540,540,1,1,0,0.432000,4.468563,1.000000,0.00,23.00
1980,15,3,540,540,1,1,0,0.432000,4.468563,1.000000,0.00,23.00
1980,16,3,540,540,1,1,0,0.432000,4.468563,1.000000,0.00,23.00
1980,17,3,540,540,1,1,0,0.432000,4.468563,1.000000,0.00,23.00
1980,18,3,540,540,1,1,0,0.432000,4.468563,1.000000,0.00,23.00
1980,19,3,540,540,1,1,0,0.432000,4.468563,1.000000,0.00,23.00
1980,20,3,540,540,1,1,0,0.432000,4.468563,1.000000,0.00,23.00
1980,1,1,0,0,0,0,0,0.000000,0.000000,1.000000,0.00,26.00
1980,2,1,0,0,0,0,0,0.000000,0.000000,1.000000,0.00,26.00
1980,3,1,0,0,0,0,0,0.000000,0.000000,1.000000,0.00,26.00
1980,4,1,0,0,0,0,0,0.000000,0.000000,1.000000,0.00,26.00
1980,5,1,0,0,0,0,0,0.000000,0.000000,1.000000,0.00,26.00
1990,6,2,0,0,0,0,0,0.000000,0.000000,1.000000,0.00,50.00
1990,7,2,0,0,0,0,0,0.000000,0.000000,1.000000,0.00,50.00
1990,8,2,0,0,0,0,0,0.000000,0.000000,1.000000,0.00,50.00
1990,9,2,0,0,0,0,0,0.000000,0.000000,1.000000,0.00,50.00
1990,10,2,0,0,0,0,0,0.000000,0.000000,1.000000,0.00,50.00
1990,11,3,0,0,0,0,0,0.000000,0.000000,1.000000,0.00,23.00
1990,12,3,0,0,0,0,0,0.000000,0.000000,1.000000,0.00,23.00
1990,13,3,0,0,0,0,0,0.000000,0.000000,1.000000,0.00,23.00
1990,14,3,0,0,0,0,0,0.000000,0.000000,1.000000,0.00,23.00
1990,15,3,0,0,0,0,0,0.000000,0.000000,1.000000,0.00,23.00
1990,16,3,0,0,0,0,0,0.000000,0.000000,1.000000,0.00,23.00
1990,17,3,0,0,0,0,0,0.000000,0.000000,1.000000,0.00,23.00
1990,18,3,0,0,0,0,0,0.000000,0.000000,1.000000,0.00,23.00
1990,19,3,0,0,0,0,0,0.000000,0.000000,1.000000,0.00,23.00
1990,20,3,0,0,0,0,0,0.000000,0.000000,1.000000,0.00,23.00
1990,1,1,0,0,0,0,0,0.000000,0.000000,1.000000,0.00,26.00
1990,2,1,0,0,0,0,0,0.000000,0.000000,1.000000,0.00,26.00
1990,3,1,0,0,0,0,0,0.000000,0.000000,1.000000,0.00,26.00
1990,4,1,0,0,0,0,0,0.000000,0.000000,1.000000,0.00,26.00
1990,5,1,0,0,0,0,0,0.000000,0.000000,1.000000,0.00,26.00
2000,6,2,0,540,0,1,0,0.000000,0.000000,0.000000,0.00,50.00
2000,7,2,0,540,0,1,0,0.000000,0.000000,0.000000,0.00,50.00
2000,8,2,0,540,0,1,0,0.000000,0.000000,0.000000,0.00,50.00
2000,9,2,0,540,0,1,0,0.000000,0.000000,0.000000,0.00,50.00
2000,10,2,0,540,0,1,0,0.000000,0.000000,0.000000,0.00,50.00
2000,11,3,0,540,0,1,0,0.000000,0.000000,0.000000,0.00,23.00
2000,12,3,0,540,0,1,0,0.000000,0.000000,0.000000,0.00,23.00
2000,13,3,0,540,0,1,0,0.000000,0.000000,0.000000,0.00,23.00
2000,14,3,0,540,0,1,0,0.000000,0.000000,0.000000,0.00,23.00
2000,15,3,0,540,0,1,0,0.000000,0.000000,0.000000,0.00,23.00
2000,16,3,0,540,0,1,0,0.000000,0.000000,0.000000,0.00,23.00
2000,17,3,0,540,0,1,0,0.000000,0.000000,0.000000,0.00,23.00
2000,18,3,0,540,0,1,0,0.000000,0.000000,0.000000,0.00,23.00
2000,19,3,0,540,0,1,0,0.000000,0.000000,0.000000,0.00,23.00
2000,20,3,0,540,0,1,0,0.000000,0.000000,0.000000,0.00,23.00
2000,1,1,0,0,0,0,0,0.000000,0.000000,1.000000,0.00,26.00
2000,2,1,0,0,0,0,0,0.000000,0.000000,1.000000,0.00,26.00
2000,3,1,0,0,0,0,0,0.000000,0.000000,1.000000,0.00,26.00
2000,4,1,0,0,0,0,0,0.000000,0.000000,1.000000,0.00,26.00
2000,5,1,0,0,0,0,0,0.000000,0.000000,1.000000,0.00,26.00
2010,6,2,540,0,1,0,0,0.432000,4.988563,1.000000,0.00,50.00
2010,7,2,540,0,1,0,0,0.432000,4.988563,1.000000,0.00,50.00
2010,8,2,540,0,1,0,0,0.432000,4.988563,1.000000,0.00,50.00
2010,9,2,540,0,1,0,0,0.432000,4.988563,1.000000,0.00,50.00
2010,10,2,540,0,1,0,0,0.432000,4.988563,1.000000,0.00,50.00
2010,11,3,540,0,1,0,0,0.432000,4.988563,1.000000,0.00,23.00
2010,12,3,540,0,1,0,0,0.432000,4.988563,1.000000,0.00,23.00
2010,13,3,540,0,1,0,0,0.432000,4.988563,1.000000,0.00,23.00
2010,14,3,540,0,1,0,0,0.432000,4.988563,1.000000,0.00,23.00
2010,15,3,540,0,1,0,0,0.432000,4.988563,1.000000,0.00,23.00
2010,16,3,540,0,1,0,0,0.432000,4.988563,1.000000,0.00,23.00
2010,17,3,540,0,1,0,0,0.432000,4.988563,1.000000,0.00,23.00
2010,18,3,540,0,1,0,0,0.432000,4.988563,1.000000,0.00,23.00
2010,19,3,540,0,1,0,0,0.432000,4.988563,1.000000,0.00,23.00
2010,20,3,540,0,1,0,0,0.432000,4.988563,1.000000,0.00,23.00
2010,1,1,0,0,0,0,0,0.000000,0.000000,1.000000,0.00,26.00
2010,2,1,0,0,0,0,0,0.000000,0.000000,1.000000,0.00,26.00
2010,3,1,0,0,0,0,0,0.000000,0.000000,1.000000,0.00,26.00
2010,4,1,0,0,0,0,0,0.000000,0.000000,1.000000,0.00,26.00
2010,5,1,0,0,0,0,0,0.000000,0.000000,1.000000,0.00,26.00
