timestamp,sliceId,dedicatedPRB,minPRB,maxPRB
510,0,19.740008188406932,19.740008188406932,100.0
510,1,13.656979228929808,13.656979228929808,100.0
510,2,66.60301258266327,66.60301258266327,100.0
520,0,13.801525633403944,13.801525633403944,100.0
520,1,49.373200570677994,49.373200570677994,100.0
520,2,36.825273795918065,36.825273795918065,100.0
530,0,56.04764665146228,56.04764665146228,100.0
530,1,17.889810217518693,17.889810217518693,100.0
530,2,26.06254313101904,26.06254313101904,100.0
540,0,42.683430414452175,42.683430414452175,100.0
540,1,43.081852434816724,43.081852434816724,100.0
540,2,14.234717150731106,14.234717150731106,100.0
550,0,28.075556478525066,28.075556478525066,100.0
550,1,50.86350876472237,50.86350876472237,100.0
550,2,21.060934756752573,21.060934756752573,100.0
560,0,36.05154279022902,36.05154279022902,100.0
560,1,38.7854352465981,38.7854352465981,100.0
560,2,25.16302196317288,25.16302196317288,100.0
570,0,12.716637648544296,12.716637648544296,100.0
570,1,13.048889195496546,13.048889195496546,100.0
570,2,74.23447315595915,74.23447315595915,100.0
580,0,63.353341222941026,63.353341222941026,100.0
580,1,15.097491625130186,15.097491625130186,100.0
580,2,21.54916715192878,21.54916715192878,100.0
590,0,33.46825460856277,33.46825460856277,100.0
590,1,44.59290015632941,44.59290015632941,100.0
590,2,21.938845235107824,21.938845235107824,100.0
600,0,34.43317490913221,34.43317490913221,100.0
600,1,43.96296968638809,43.96296968638809,100.0
600,2,21.603855404479688,21.603855404479688,100.0
610,0,42.38911718664225,42.38911718664225,100.0
610,1,9.669603251260412,9.669603251260412,100.0
610,2,47.94127956209734,47.94127956209734,100.0
620,0,30.26202466445772,30.26202466445772,100.0
620,1,12.764011643177648,12.764011643177648,100.0
620,2,56.973963692364634,56.973963692364634,100.0
630,0,11.511881916479211,11.511881916479211,100.0
630,1,11.626894114509488,11.626894114509488,100.0
630,2,76.86122396901129,76.86122396901129,100.0
640,0,17.85974785547168,17.85974785547168,100.0
640,1,66.29540829676505,66.29540829676505,100.0
640,2,15.844843847763276,15.844843847763276,100.0
650,0,69.09918980717784,69.09918980717784,100.0
650,1,15.736813506799136,15.736813506799136,100.0
650,2,15.163996686023037,15.163996686023037,100.0
660,0,20.137905110863702,20.137905110863702,100.0
660,1,41.76358160409018,41.76358160409018,100.0
660,2,38.09851328504612,38.09851328504612,100.0
670,0,38.73483926386479,38.73483926386479,100.0
670,1,24.372110701662994,24.372110701662994,100.0
670,2,36.89305003447222,36.89305003447222,100.0
680,0,46.43829596828701,46.43829596828701,100.0
680,1,10.919901839093093,10.919901839093093,100.0
680,2,42.641802192619906,42.641802192619906,100.0
690,0,11.574197115858082,11.574197115858082,100.0
690,1,12.02660388916652,12.02660388916652,100.0
690,2,76.39919899497541,76.39919899497541,100.0
700,0,47.70108402237362,47.70108402237362,100.0
700,1,7.806041874295936,7.806041874295936,100.0
700,2,44.49287410333044,44.49287410333044,100.0
710,0,20.642063063555955,20.642063063555955,100.0
710,1,18.730234193504934,18.730234193504934,100.0
710,2,60.62770274293911,60.62770274293911,100.0
720,0,52.32045433777084,52.32045433777084,100.0
720,1,28.163736807110872,28.163736807110872,100.0
720,2,19.515808855118284,19.515808855118284,100.0
730,0,30.035706691733232,30.035706691733232,100.0
730,1,23.395583802505357,23.395583802505357,100.0
730,2,46.56870950576142,46.56870950576142,100.0
740,0,58.663153413413184,58.663153413413184,100.0
740,1,28.927032022846817,28.927032022846817,100.0
740,2,12.409814563740012,12.409814563740012,100.0
750,0,12.825096859281574,12.825096859281574,100.0
750,1,15.445704166855501,15.445704166855501,100.0
750,2,71.72919897386294,71.72919897386294,100.0
760,0,45.17225284707675,45.17225284707675,100.0
760,1,28.643416339364734,28.643416339364734,100.0
760,2,26.18433081355852,26.18433081355852,100.0
770,0,45.24021175993857,45.24021175993857,100.0
770,1,21.799057742899603,21.799057742899603,100.0
770,2,32.96073049716183,32.96073049716183,100.0
780,0,24.34208372768498,24.34208372768498,100.0
780,1,52.59916108531375,52.59916108531375,100.0
780,2,23.058755187001278,23.058755187001278,100.0
790,0,42.74232502329539,42.74232502329539,100.0
790,1,13.761811168555418,13.761811168555418,100.0
790,2,43.49586380814919,43.49586380814919,100.0
800,0,46.570979369739504,46.570979369739504,100.0
800,1,34.388389366071564,34.388389366071564,100.0
800,2,19.040631264188935,19.040631264188935,100.0
810,0,14.42444170537016,14.42444170537016,100.0
810,1,13.042967008371297,13.042967008371297,100.0
810,2,72.53259128625854,72.53259128625854,100.0
820,0,52.11441237963368,52.11441237963368,100.0
820,1,22.312572863301344,22.312572863301344,100.0
820,2,25.57301475706499,25.57301475706499,100.0
830,0,17.264334896697,17.264334896697,100.0
830,1,45.7011208052433,45.7011208052433,100.0
830,2,37.03454429805969,37.03454429805969,100.0
840,0,35.99979411532465,35.99979411532465,100.0
840,1,31.17695390400045,31.17695390400045,100.0
840,2,32.8232519806749,32.8232519806749,100.0
850,0,40.28021601833889,40.28021601833889,100.0
850,1,28.691303303077557,28.691303303077557,100.0
850,2,31.02848067858355,31.02848067858355,100.0
860,0,37.438913103707044,37.438913103707044,100.0
860,1,36.29537138378904,36.29537138378904,100.0
860,2,26.265715512503917,26.265715512503917,100.0
870,0,12.38584480633988,12.38584480633988,100.0
870,1,13.246368011561426,13.246368011561426,100.0
870,2,74.3677871820987,74.3677871820987,100.0
880,0,48.617415882248125,48.617415882248125,100.0
880,1,29.25778915048237,29.25778915048237,100.0
880,2,22.124794967269505,22.124794967269505,100.0
890,0,36.89746895631868,36.89746895631868,100.0
890,1,48.20562517892656,48.20562517892656,100.0
890,2,14.896905864754768,14.896905864754768,100.0
900,0,23.83134313264282,23.83134313264282,100.0
900,1,50.06132964475615,50.06132964475615,100.0
900,2,26.10732722260103,26.10732722260103,100.0
910,0,37.23692442562961,37.23692442562961,100.0
910,1,51.100081249923036,51.100081249923036,100.0
910,2,11.66299432444735,11.66299432444735,100.0
920,0,20.907834644576734,20.907834644576734,100.0
920,1,11.904031281540734,11.904031281540734,100.0
920,2,67.18813407388254,67.18813407388254,100.0
930,0,11.037655408302903,11.037655408302903,100.0
930,1,11.120172955676724,11.120172955676724,100.0
930,2,77.84217163602037,77.84217163602037,100.0
940,0,19.458149589935605,19.458149589935605,100.0
940,1,42.64010673006589,42.64010673006589,100.0
940,2,37.901743679998525,37.901743679998525,100.0
950,0,42.62158028674282,42.62158028674282,100.0
950,1,35.92038210138155,35.92038210138155,100.0
950,2,21.458037611875636,21.458037611875636,100.0
960,0,24.994471335784496,24.994471335784496,100.0
960,1,40.50258538779193,40.50258538779193,100.0
960,2,34.50294327642358,34.50294327642358,100.0
970,0,57.74897877916791,57.74897877916791,100.0
970,1,20.537690847085273,20.537690847085273,100.0
970,2,21.713330373746818,21.713330373746818,100.0
980,0,53.99232875007781,53.99232875007781,100.0
980,1,19.93926110255678,19.93926110255678,100.0
980,2,26.068410147365405,26.068410147365405,100.0
990,0,14.004131619735052,14.004131619735052,100.0
990,1,14.880576207001909,14.880576207001909,100.0
990,2,71.11529217326304,71.11529217326304,100.0
1000,0,59.13302873280579,59.13302873280579,100.0
1000,1,10.106400485001013,10.106400485001013,100.0
1000,2,30.7605707821932,30.7605707821932,100.0
1010,0,20.929871558817066,20.929871558817066,100.0
1010,1,17.805670374275962,17.805670374275962,100.0
1010,2,61.26445806690697,61.26445806690697,100.0
1020,0,54.85924000789654,54.85924000789654,100.0
1020,1,8.276888828532057,8.276888828532057,100.0
1020,2,36.86387116357141,36.86387116357141,100.0
1030,0,40.64280668901847,40.64280668901847,100.0
1030,1,16.991715694069004,16.991715694069004,100.0
1030,2,42.36547761691253,42.36547761691253,100.0
1040,0,39.09559987745996,39.09559987745996,100.0
1040,1,33.65617686456876,33.65617686456876,100.0
1040,2,27.248223257971283,27.248223257971283,100.0
1050,0,10.97124665863269,10.97124665863269,100.0
1050,1,11.11713565385297,11.11713565385297,100.0
1050,2,77.91161768751435,77.91161768751435,100.0
1060,0,22.547393304286263,22.547393304286263,100.0
1060,1,25.658439746107558,25.658439746107558,100.0
1060,2,51.79416694960618,51.79416694960618,100.0
1070,0,55.48802031263741,55.48802031263741,100.0
1070,1,30.45642801975542,30.45642801975542,100.0
1070,2,14.055551667607185,14.055551667607185,100.0
1080,0,24.053413677035497,24.053413677035497,100.0
1080,1,42.930081730921756,42.930081730921756,100.0
1080,2,33.016504592042736,33.016504592042736,100.0
1090,0,26.430564082208985,26.430564082208985,100.0
1090,1,58.33717883750309,58.33717883750309,100.0
1090,2,15.232257080287928,15.232257080287928,100.0
1100,0,41.959886264313546,41.959886264313546,100.0
1100,1,33.859955985871814,33.859955985871814,100.0
1100,2,24.18015774981464,24.18015774981464,100.0
1110,0,11.494794252660927,11.494794252660927,100.0
1110,1,13.446179398680268,13.446179398680268,100.0
1110,2,75.0590263486588,75.0590263486588,100.0
1120,0,57.44964685879365,57.44964685879365,100.0
1120,1,10.223368710074174,10.223368710074174,100.0
1120,2,32.32698443113219,32.32698443113219,100.0
1130,0,39.56313800416837,39.56313800416837,100.0
1130,1,30.775354688706457,30.775354688706457,100.0
1130,2,29.661507307125166,29.661507307125166,100.0
1140,0,28.584121182692375,28.584121182692375,100.0
1140,1,10.577904661018367,10.577904661018367,100.0
1140,2,60.83797415628926,60.83797415628926,100.0
1150,0,42.88722501191483,42.88722501191483,100.0
1150,1,35.49850960172222,35.49850960172222,100.0
1150,2,21.614265386362966,21.614265386362966,100.0
1160,0,22.643847771727447,22.643847771727447,100.0
1160,1,40.709440587049365,40.709440587049365,100.0
1160,2,36.646711641223185,36.646711641223185,100.0
1170,0,11.142391920544865,11.142391920544865,100.0
1170,1,12.056075820903608,12.056075820903608,100.0
1170,2,76.80153225855152,76.80153225855152,100.0
1180,0,21.1048149908386,21.1048149908386,100.0
1180,1,38.96718471847687,38.96718471847687,100.0
1180,2,39.92800029068452,39.92800029068452,100.0
1190,0,71.49823864270421,71.49823864270421,100.0
1190,1,14.594067800096203,14.594067800096203,100.0
1190,2,13.907693557199593,13.907693557199593,100.0
1200,0,59.082013462662374,59.082013462662374,100.0
1200,1,14.217883982526814,14.217883982526814,100.0
1200,2,26.70010255481081,26.70010255481081,100.0
1210,0,71.746851217114,71.746851217114,100.0
1210,1,16.296413846290754,16.296413846290754,100.0
1210,2,11.956734936595243,11.956734936595243,100.0
1220,0,48.66308383886703,48.66308383886703,100.0
1220,1,18.49913482515486,18.49913482515486,100.0
1220,2,32.83778133597811,32.83778133597811,100.0
1230,0,13.417117075176044,13.417117075176044,100.0
1230,1,13.403136417975265,13.403136417975265,100.0
1230,2,73.1797465068487,73.1797465068487,100.0
1240,0,27.65187337886869,27.65187337886869,100.0
1240,1,34.99688480492922,34.99688480492922,100.0
1240,2,37.351241816202084,37.351241816202084,100.0
1250,0,37.15694476198623,37.15694476198623,100.0
1250,1,8.387517346003953,8.387517346003953,100.0
1250,2,54.45553789200982,54.45553789200982,100.0
1260,0,25.03350843309426,25.03350843309426,100.0
1260,1,38.86146419570989,38.86146419570989,100.0
1260,2,36.105027371195845,36.105027371195845,100.0
1270,0,17.775249808551948,17.775249808551948,100.0
1270,1,60.01021487052009,60.01021487052009,100.0
1270,2,22.21453532092797,22.21453532092797,100.0
1280,0,28.74416586453653,28.74416586453653,100.0
1280,1,40.867344850305805,40.867344850305805,100.0
1280,2,30.388489285157664,30.388489285157664,100.0
1290,0,11.756215205213906,11.756215205213906,100.0
1290,1,12.03321617880579,12.03321617880579,100.0
1290,2,76.2105686159803,76.2105686159803,100.0
1300,0,37.9977451357539,37.9977451357539,100.0
1300,1,43.30085744666044,43.30085744666044,100.0
1300,2,18.701397417585664,18.701397417585664,100.0
1310,0,48.50421310355394,48.50421310355394,100.0
1310,1,37.26725108872704,37.26725108872704,100.0
1310,2,14.228535807719018,14.228535807719018,100.0
1320,0,26.500555894962957,26.500555894962957,100.0
1320,1,26.65556071350829,26.65556071350829,100.0
1320,2,46.84388339152876,46.84388339152876,100.0
1330,0,45.4915805897101,45.4915805897101,100.0
1330,1,38.378528447416386,38.378528447416386,100.0
1330,2,16.129890962873507,16.129890962873507,100.0
1340,0,44.218713554050815,44.218713554050815,100.0
1340,1,8.072585759360486,8.072585759360486,100.0
1340,2,47.7087006865887,47.7087006865887,100.0
1350,0,11.09566381552706,11.09566381552706,100.0
1350,1,13.597719941184986,13.597719941184986,100.0
1350,2,75.30661624328796,75.30661624328796,100.0
1360,0,25.797078202610713,25.797078202610713,100.0
1360,1,60.25256561378295,60.25256561378295,100.0
1360,2,13.950356183606338,13.950356183606338,100.0
1370,0,43.91124612272525,43.91124612272525,100.0
1370,1,12.028064501516257,12.028064501516257,100.0
1370,2,44.0606893757585,44.0606893757585,100.0
1380,0,73.35628318714757,73.35628318714757,100.0
1380,1,13.018555602978413,13.018555602978413,100.0
1380,2,13.62516120987403,13.62516120987403,100.0
1390,0,14.49977336163941,14.49977336163941,100.0
1390,1,71.80016373779469,71.80016373779469,100.0
1390,2,13.700062900565902,13.700062900565902,100.0
1400,0,45.60432623884279,45.60432623884279,100.0
1400,1,34.16794651512953,34.16794651512953,100.0
1400,2,20.22772724602768,20.22772724602768,100.0
1410,0,11.851708498098446,11.851708498098446,100.0
1410,1,14.202212483023219,14.202212483023219,100.0
1410,2,73.94607901887834,73.94607901887834,100.0
1420,0,34.392184023365374,34.392184023365374,100.0
1420,1,34.60114902697347,34.60114902697347,100.0
1420,2,31.00666694966117,31.00666694966117,100.0
1430,0,44.20406305909238,44.20406305909238,100.0
1430,1,43.24769299515513,43.24769299515513,100.0
1430,2,12.54824394575249,12.54824394575249,100.0
1440,0,26.747411781510415,26.747411781510415,100.0
1440,1,19.469979989371673,19.469979989371673,100.0
1440,2,53.78260822911791,53.78260822911791,100.0
1450,0,50.72320262456237,50.72320262456237,100.0
1450,1,21.82152505225537,21.82152505225537,100.0
1450,2,27.455272323182257,27.455272323182257,100.0
1460,0,65.24761780578103,65.24761780578103,100.0
1460,1,18.180127536785392,18.180127536785392,100.0
1460,2,16.572254657433575,16.572254657433575,100.0
1470,0,21.00967898271501,21.00967898271501,100.0
1470,1,20.257339521874428,20.257339521874428,100.0
1470,2,58.73298149541056,58.73298149541056,100.0
1480,0,51.616553540754914,51.616553540754914,100.0
1480,1,16.03920045094024,16.03920045094024,100.0
1480,2,32.34424600830485,32.34424600830485,100.0
1490,0,23.365901209762786,23.365901209762786,100.0
1490,1,47.298369605971445,47.298369605971445,100.0
1490,2,29.335729184265773,29.335729184265773,100.0
1500,0,31.981548112240567,31.981548112240567,100.0
1500,1,37.01499387153517,37.01499387153517,100.0
1500,2,31.00345801622426,31.00345801622426,100.0
1510,0,49.1142481066543,49.1142481066543,100.0
1510,1,42.87362294080337,42.87362294080337,100.0
1510,2,8.012128952542337,8.012128952542337,100.0
1520,0,22.57403828807762,22.57403828807762,100.0
1520,1,23.893140919544344,23.893140919544344,100.0
1520,2,53.53282079237803,53.53282079237803,100.0
1530,0,11.271427892972627,11.271427892972627,100.0
1530,1,11.977358142036822,11.977358142036822,100.0
1530,2,76.75121396499055,76.75121396499055,100.0
1540,0,46.99908066415019,46.99908066415019,100.0
1540,1,13.868214544657684,13.868214544657684,100.0
1540,2,39.13270479119211,39.13270479119211,100.0
1550,0,71.40661969875535,71.40661969875535,100.0
1550,1,11.239205136474398,11.239205136474398,100.0
1550,2,17.35417516477026,17.35417516477026,100.0
1560,0,30.892741369306087,30.892741369306087,100.0
1560,1,42.50344709972351,42.50344709972351,100.0
1560,2,26.603811530970418,26.603811530970418,100.0
1570,0,50.41630524869481,50.41630524869481,100.0
1570,1,35.43092481193476,35.43092481193476,100.0
1570,2,14.15276993937044,14.15276993937044,100.0
1580,0,44.40056213844323,44.40056213844323,100.0
1580,1,30.01198697151289,30.01198697151289,100.0
1580,2,25.58745089004388,25.58745089004388,100.0
1590,0,13.509439841660157,13.509439841660157,100.0
1590,1,11.235277921395694,11.235277921395694,100.0
1590,2,75.25528223694415,75.25528223694415,100.0
1600,0,26.109125730454174,26.109125730454174,100.0
1600,1,30.305553404148426,30.305553404148426,100.0
1600,2,43.58532086539741,43.58532086539741,100.0
1610,0,39.37393388461105,39.37393388461105,100.0
1610,1,47.4788385613757,47.4788385613757,100.0
1610,2,13.147227554013263,13.147227554013263,100.0
1620,0,48.528931637724156,48.528931637724156,100.0
1620,1,23.574228167164918,23.574228167164918,100.0
1620,2,27.896840195110922,27.896840195110922,100.0
1630,0,31.934858022667406,31.934858022667406,100.0
1630,1,36.482574711772955,36.482574711772955,100.0
1630,2,31.582567265559646,31.582567265559646,100.0
1640,0,45.67418470009936,45.67418470009936,100.0
1640,1,23.97051132850419,23.97051132850419,100.0
1640,2,30.355303971396445,30.355303971396445,100.0
1650,0,11.722606164765113,11.722606164765113,100.0
1650,1,10.986665699446997,10.986665699446997,100.0
1650,2,77.29072813578789,77.29072813578789,100.0
1660,0,27.04644565606277,27.04644565606277,100.0
1660,1,48.55530344249573,48.55530344249573,100.0
1660,2,24.398250901441507,24.398250901441507,100.0
1670,0,48.3985929925462,48.3985929925462,100.0
1670,1,41.84154958761028,41.84154958761028,100.0
1670,2,9.759857419843513,9.759857419843513,100.0
1680,0,61.068884913150676,61.068884913150676,100.0
1680,1,17.222259896006868,17.222259896006868,100.0
1680,2,21.708855190842442,21.708855190842442,100.0
1690,0,74.41144049006164,74.41144049006164,100.0
1690,1,12.928022077267793,12.928022077267793,100.0
1690,2,12.660537432670571,12.660537432670571,100.0
1700,0,63.28858643411132,63.28858643411132,100.0
1700,1,20.06154548606117,20.06154548606117,100.0
1700,2,16.649868079827502,16.649868079827502,100.0
1710,0,24.589698629635215,24.589698629635215,100.0
1710,1,27.9264236413126,27.9264236413126,100.0
1710,2,47.48387772905219,47.48387772905219,100.0
1720,0,69.82020736417697,69.82020736417697,100.0
1720,1,11.653142609383266,11.653142609383266,100.0
1720,2,18.52665002643977,18.52665002643977,100.0
1730,0,43.73782756137236,43.73782756137236,100.0
1730,1,46.53326475818643,46.53326475818643,100.0
1730,2,9.728907680441216,9.728907680441216,100.0
1740,0,47.548562992804925,47.548562992804925,100.0
1740,1,20.60767917674253,20.60767917674253,100.0
1740,2,31.84375783045254,31.84375783045254,100.0
1750,0,18.74487528446221,18.74487528446221,100.0
1750,1,35.66012865538972,35.66012865538972,100.0
1750,2,45.59499606014808,45.59499606014808,100.0
1760,0,30.44683646249252,30.44683646249252,100.0
1760,1,19.216712740398776,19.216712740398776,100.0
1760,2,50.33645079710871,50.33645079710871,100.0
1770,0,11.844020163783286,11.844020163783286,100.0
1770,1,12.24616029554978,12.24616029554978,100.0
1770,2,75.90981954066693,75.90981954066693,100.0
1780,0,31.95386247873156,31.95386247873156,100.0
1780,1,16.28405886908989,16.28405886908989,100.0
1780,2,51.76207865217856,51.76207865217856,100.0
1790,0,42.71626635740136,42.71626635740136,100.0
1790,1,28.09479402666065,28.09479402666065,100.0
1790,2,29.188939615937983,29.188939615937983,100.0
1800,0,38.695553821976006,38.695553821976006,100.0
1800,1,42.461689340861426,42.461689340861426,100.0
1800,2,18.842756837162575,18.842756837162575,100.0
1810,0,39.99331832645431,39.99331832645431,100.0
1810,1,39.95369319914459,39.95369319914459,100.0
1810,2,20.052988474401104,20.052988474401104,100.0
1820,0,34.523038367418415,34.523038367418415,100.0
1820,1,40.55012536331197,40.55012536331197,100.0
1820,2,24.92683626926961,24.92683626926961,100.0
1830,0,11.150491699529997,11.150491699529997,100.0
1830,1,11.093883882993005,11.093883882993005,100.0
1830,2,77.755624417477,77.755624417477,100.0
1840,0,23.913529542465632,23.913529542465632,100.0
1840,1,37.96438740371475,37.96438740371475,100.0
1840,2,38.12208305381963,38.12208305381963,100.0
1850,0,65.41782433691046,65.41782433691046,100.0
1850,1,19.93732801858124,19.93732801858124,100.0
1850,2,14.644847644508307,14.644847644508307,100.0
1860,0,29.223123892580556,29.223123892580556,100.0
1860,1,24.25227818507765,24.25227818507765,100.0
1860,2,46.5245979223418,46.5245979223418,100.0
1870,0,43.12998911196825,43.12998911196825,100.0
1870,1,27.574597478427332,27.574597478427332,100.0
1870,2,29.295413409604414,29.295413409604414,100.0
1880,0,57.71905943345066,57.71905943345066,100.0
1880,1,13.255108673386706,13.255108673386706,100.0
1880,2,29.02583189316263,29.02583189316263,100.0
1890,0,13.058693045160139,13.058693045160139,100.0
1890,1,13.226528918819474,13.226528918819474,100.0
1890,2,73.7147780360204,73.7147780360204,100.0
1900,0,59.55864240160279,59.55864240160279,100.0
1900,1,21.983360648222128,21.983360648222128,100.0
1900,2,18.45799695017508,18.45799695017508,100.0
1910,0,61.09022322402009,61.09022322402009,100.0
1910,1,26.351353228704788,26.351353228704788,100.0
1910,2,12.558423547275122,12.558423547275122,100.0
1920,0,36.34518147902777,36.34518147902777,100.0
1920,1,30.523945998957423,30.523945998957423,100.0
1920,2,33.13087252201481,33.13087252201481,100.0
1930,0,46.64962438665431,46.64962438665431,100.0
1930,1,32.74840015564459,32.74840015564459,100.0
1930,2,20.60197545770111,20.60197545770111,100.0
1940,0,34.22256598922062,34.22256598922062,100.0
1940,1,22.512212182200162,22.512212182200162,100.0
1940,2,43.265221828579215,43.265221828579215,100.0
1950,0,15.919549864034868,15.919549864034868,100.0
1950,1,16.10168793616806,16.10168793616806,100.0
1950,2,67.97876219979709,67.97876219979709,100.0
1960,0,33.106245519808766,33.106245519808766,100.0
1960,1,21.02015518346555,21.02015518346555,100.0
1960,2,45.87359929672567,45.87359929672567,100.0
1970,0,17.329841290951464,17.329841290951464,100.0
1970,1,41.52278071271531,41.52278071271531,100.0
1970,2,41.147377996333226,41.147377996333226,100.0
1980,0,62.25404064599097,62.25404064599097,100.0
1980,1,13.705429565300738,13.705429565300738,100.0
1980,2,24.040529788708294,24.040529788708294,100.0
1990,0,18.601394396997982,18.601394396997982,100.0
1990,1,56.041226562810145,56.041226562810145,100.0
1990,2,25.35737904019188,25.35737904019188,100.0
2000,0,21.840156759657088,21.840156759657088,100.0
2000,1,59.43861534992379,59.43861534992379,100.0
2000,2,18.72122789041911,18.72122789041911,100.0
2010,0,11.548257056755645,11.548257056755645,100.0
2010,1,12.37968967442023,12.37968967442023,100.0
2010,2,76.07205326882413,76.07205326882413,100.0
2020,0,28.289161773632514,28.289161773632514,100.0
2020,1,27.72927703631611,27.72927703631611,100.0
2020,2,43.98156119005137,43.98156119005137,100.0
2030,0,34.35668640578028,34.35668640578028,100.0
2030,1,51.33519440173124,51.33519440173124,100.0
2030,2,14.308119192488489,14.308119192488489,100.0
2040,0,18.74262573912867,18.74262573912867,100.0
2040,1,36.868257419234205,36.868257419234205,100.0
2040,2,44.38911684163712,44.38911684163712,100.0
2050,0,30.52139557815183,30.52139557815183,100.0
2050,1,22.152393709678037,22.152393709678037,100.0
2050,2,47.32621071217013,47.32621071217013,100.0
2060,0,68.61740204320556,68.61740204320556,100.0
2060,1,15.643792333034092,15.643792333034092,100.0
2060,2,15.738805623760355,15.738805623760355,100.0
2070,0,29.88522361789585,29.88522361789585,100.0
2070,1,29.880444777116715,29.880444777116715,100.0
2070,2,40.234331604987425,40.234331604987425,100.0
2080,0,45.21902042269758,45.21902042269758,100.0
2080,1,18.77215892742019,18.77215892742019,100.0
2080,2,36.00882064988223,36.00882064988223,100.0
2090,0,44.60452984401021,44.60452984401021,100.0
2090,1,23.805670118720776,23.805670118720776,100.0
2090,2,31.58980003726901,31.58980003726901,100.0
2100,0,61.60365894354123,61.60365894354123,100.0
2100,1,24.842094053386198,24.842094053386198,100.0
2100,2,13.554247003072575,13.554247003072575,100.0
2110,0,62.75437214976463,62.75437214976463,100.0
2110,1,22.97215417237245,22.97215417237245,100.0
2110,2,14.273473677862933,14.273473677862933,100.0
2120,0,45.8877267383305,45.8877267383305,100.0
2120,1,30.715508170911054,30.715508170911054,100.0
2120,2,23.39676509075845,23.39676509075845,100.0
2130,0,12.708243298124566,12.708243298124566,100.0
2130,1,11.399759397806832,11.399759397806832,100.0
2130,2,75.89199730406861,75.89199730406861,100.0
2140,0,29.053905603469758,29.053905603469758,100.0
2140,1,23.508867842333014,23.508867842333014,100.0
2140,2,47.437226554197224,47.437226554197224,100.0
2150,0,37.4213098520695,37.4213098520695,100.0
2150,1,11.906263060523347,11.906263060523347,100.0
2150,2,50.672427087407144,50.672427087407144,100.0
2160,0,19.03446778672538,19.03446778672538,100.0
2160,1,32.20472752249817,32.20472752249817,100.0
2160,2,48.76080469077646,48.76080469077646,100.0
2170,0,55.56407026329387,55.56407026329387,100.0
2170,1,21.81997038703925,21.81997038703925,100.0
2170,2,22.615959349666877,22.615959349666877,100.0
2180,0,41.70531000640639,41.70531000640639,100.0
2180,1,28.646619763272568,28.646619763272568,100.0
2180,2,29.648070230321043,29.648070230321043,100.0
2190,0,12.000183163146918,12.000183163146918,100.0
2190,1,11.916175120835312,11.916175120835312,100.0
2190,2,76.08364171601777,76.08364171601777,100.0
2200,0,46.122859772272705,46.122859772272705,100.0
2200,1,36.396454760242726,36.396454760242726,100.0
2200,2,17.480685467484573,17.480685467484573,100.0
2210,0,23.711352057488565,23.711352057488565,100.0
2210,1,55.156256493045476,55.156256493045476,100.0
2210,2,21.132391449465963,21.132391449465963,100.0
2220,0,26.17701183820501,26.17701183820501,100.0
2220,1,53.83097402409087,53.83097402409087,100.0
2220,2,19.99201413770412,19.99201413770412,100.0
2230,0,40.38960012345117,40.38960012345117,100.0
2230,1,29.04020656703755,29.04020656703755,100.0
2230,2,30.57019330951129,30.57019330951129,100.0
2240,0,25.19009571652267,25.19009571652267,100.0
2240,1,49.173838838536135,49.173838838536135,100.0
2240,2,25.6360654449412,25.6360654449412,100.0
2250,0,10.918965512551344,10.918965512551344,100.0
2250,1,11.154421873681319,11.154421873681319,100.0
2250,2,77.92661261376735,77.92661261376735,100.0
2260,0,33.55487045459368,33.55487045459368,100.0
2260,1,54.62133501788562,54.62133501788562,100.0
2260,2,11.823794527520699,11.823794527520699,100.0
2270,0,70.52223536179515,70.52223536179515,100.0
2270,1,10.59916967275804,10.59916967275804,100.0
2270,2,18.878594965446794,18.878594965446794,100.0
2280,0,43.088962579396764,43.088962579396764,100.0
2280,1,22.487437864231545,22.487437864231545,100.0
2280,2,34.42359955637169,34.42359955637169,100.0
2290,0,40.349132300003596,40.349132300003596,100.0
2290,1,33.7669185730369,33.7669185730369,100.0
2290,2,25.883949126959493,25.883949126959493,100.0
2300,0,55.65125728804918,55.65125728804918,100.0
2300,1,26.403813228980834,26.403813228980834,100.0
2300,2,17.94492948296998,17.94492948296998,100.0
2310,0,14.638069385409965,14.638069385409965,100.0
2310,1,14.992482444547159,14.992482444547159,100.0
2310,2,70.36944817004287,70.36944817004287,100.0
2320,0,63.548006878661454,63.548006878661454,100.0
2320,1,19.559767522808656,19.559767522808656,100.0
2320,2,16.892225598529883,16.892225598529883,100.0
2330,0,35.42433832894247,35.42433832894247,100.0
2330,1,35.259207443321316,35.259207443321316,100.0
2330,2,29.316454227736223,29.316454227736223,100.0
2340,0,62.129983392529056,62.129983392529056,100.0
2340,1,18.745679947446938,18.745679947446938,100.0
2340,2,19.124336660024007,19.124336660024007,100.0
2350,0,33.10734585228092,33.10734585228092,100.0
2350,1,16.412418959095177,16.412418959095177,100.0
2350,2,50.4802351886239,50.4802351886239,100.0
2360,0,32.893999334739654,32.893999334739654,100.0
2360,1,35.654880625631,35.654880625631,100.0
2360,2,31.451120039629348,31.451120039629348,100.0
2370,0,16.484574430987227,16.484574430987227,100.0
2370,1,16.255938072593413,16.255938072593413,100.0
2370,2,67.25948749641935,67.25948749641935,100.0
2380,0,56.647119825005554,56.647119825005554,100.0
2380,1,13.224595453989435,13.224595453989435,100.0
2380,2,30.12828472100501,30.12828472100501,100.0
2390,0,14.343915921971274,14.343915921971274,100.0
2390,1,24.91136295542132,24.91136295542132,100.0
2390,2,60.744721122607416,60.744721122607416,100.0
2400,0,39.92216514791036,39.92216514791036,100.0
2400,1,28.92380481269547,28.92380481269547,100.0
2400,2,31.154030039394176,31.154030039394176,100.0
2410,0,63.576040994877616,63.576040994877616,100.0
2410,1,18.084517822374046,18.084517822374046,100.0
2410,2,18.339441182748335,18.339441182748335,100.0
2420,0,61.05435438039935,61.05435438039935,100.0
2420,1,24.640740660277284,24.640740660277284,100.0
2420,2,14.30490495932336,14.30490495932336,100.0
2430,0,31.900746357379433,31.900746357379433,100.0
2430,1,34.48682546426554,34.48682546426554,100.0
2430,2,33.612428178355024,33.612428178355024,100.0
2440,0,54.562941247789674,54.562941247789674,100.0
2440,1,20.488725175788765,20.488725175788765,100.0
2440,2,24.94833357642156,24.94833357642156,100.0
2450,0,45.268622525746714,45.268622525746714,100.0
2450,1,37.67745177682797,37.67745177682797,100.0
2450,2,17.05392569742531,17.05392569742531,100.0
2460,0,33.522381572368296,33.522381572368296,100.0
2460,1,19.691804103027977,19.691804103027977,100.0
2460,2,46.78581432460374,46.78581432460374,100.0
2470,0,33.37283687165563,33.37283687165563,100.0
2470,1,36.11476866679523,36.11476866679523,100.0
2470,2,30.512394461549135,30.512394461549135,100.0
2480,0,64.70408126338928,64.70408126338928,100.0
2480,1,13.36484246058132,13.36484246058132,100.0
2480,2,21.931076276029387,21.931076276029387,100.0
2490,0,18.120785484189373,18.120785484189373,100.0
2490,1,18.17894387532488,18.17894387532488,100.0
2490,2,63.700270640485755,63.700270640485755,100.0
2500,0,50.02589177042953,50.02589177042953,100.0
2500,1,31.896723311598958,31.896723311598958,100.0
2500,2,18.077384917971514,18.077384917971514,100.0
2510,0,48.70349856578799,48.70349856578799,100.0
2510,1,22.392881940019198,22.392881940019198,100.0
2510,2,28.903619494192817,28.903619494192817,100.0
2520,0,69.99959197286923,69.99959197286923,100.0
2520,1,18.270526295475392,18.270526295475392,100.0
2520,2,11.729881731655391,11.729881731655391,100.0
2530,0,33.36438837103881,33.36438837103881,100.0
2530,1,37.8205739711974,37.8205739711974,100.0
2530,2,28.815037657763792,28.815037657763792,100.0
2540,0,60.920560309345476,60.920560309345476,100.0
2540,1,11.220412524998098,11.220412524998098,100.0
2540,2,27.859027165656432,27.859027165656432,100.0
2550,0,14.699620391665146,14.699620391665146,100.0
2550,1,13.274078495691505,13.274078495691505,100.0
2550,2,72.02630111264334,72.02630111264334,100.0
2560,0,38.87041750230709,38.87041750230709,100.0
2560,1,37.05559675016748,37.05559675016748,100.0
2560,2,24.073985747525438,24.073985747525438,100.0
2570,0,39.23956381388072,39.23956381388072,100.0
2570,1,31.953122672701262,31.953122672701262,100.0
2570,2,28.80731351341802,28.80731351341802,100.0
2580,0,63.19300855146468,63.19300855146468,100.0
2580,1,22.618025510681367,22.618025510681367,100.0
2580,2,14.188965937853954,14.188965937853954,100.0
2590,0,56.20769361768531,56.20769361768531,100.0
2590,1,31.970508691381976,31.970508691381976,100.0
2590,2,11.821797690932723,11.821797690932723,100.0
2600,0,30.655017030862826,30.655017030862826,100.0
2600,1,25.42667042876224,25.42667042876224,100.0
2600,2,43.91831254037494,43.91831254037494,100.0
2610,0,12.39103762755645,12.39103762755645,100.0
2610,1,11.622535756674946,11.622535756674946,100.0
2610,2,75.98642661576861,75.98642661576861,100.0
2620,0,45.498606994674034,45.498606994674034,100.0
2620,1,38.75366572190626,38.75366572190626,100.0
2620,2,15.747727283419705,15.747727283419705,100.0
2630,0,32.53876947171112,32.53876947171112,100.0
2630,1,27.272459048479575,27.272459048479575,100.0
2630,2,40.18877147980931,40.18877147980931,100.0
2640,0,30.88778438667088,30.88778438667088,100.0
2640,1,40.70191283951588,40.70191283951588,100.0
2640,2,28.410302773813257,28.410302773813257,100.0
2650,0,38.60404380008277,38.60404380008277,100.0
2650,1,38.57861326065344,38.57861326065344,100.0
2650,2,22.817342939263785,22.817342939263785,100.0
2660,0,31.605417410885618,31.605417410885618,100.0
2660,1,17.771288951936683,17.771288951936683,100.0
2660,2,50.6232936371777,50.6232936371777,100.0
2670,0,11.163894845015445,11.163894845015445,100.0
2670,1,11.292744722631266,11.292744722631266,100.0
2670,2,77.5433604323533,77.5433604323533,100.0
2680,0,48.25076214925145,48.25076214925145,100.0
2680,1,21.98631338861788,21.98631338861788,100.0
2680,2,29.762924462130673,29.762924462130673,100.0
2690,0,63.476866985546934,63.476866985546934,100.0
2690,1,25.014150532841683,25.014150532841683,100.0
2690,2,11.508982481611381,11.508982481611381,100.0
2700,0,71.32141044349059,71.32141044349059,100.0
2700,1,16.22414373788252,16.22414373788252,100.0
2700,2,12.45444581862689,12.45444581862689,100.0
2710,0,15.681953775652794,15.681953775652794,100.0
2710,1,42.84261181647129,42.84261181647129,100.0
2710,2,41.47543440787592,41.47543440787592,100.0
2720,0,27.19625338920978,27.19625338920978,100.0
2720,1,18.761344199669466,18.761344199669466,100.0
2720,2,54.04240241112075,54.04240241112075,100.0
2730,0,12.247064772474593,12.247064772474593,100.0
2730,1,11.74604180860748,11.74604180860748,100.0
2730,2,76.00689341891793,76.00689341891793,100.0
2740,0,58.41638409084437,58.41638409084437,100.0
2740,1,16.194529117788147,16.194529117788147,100.0
2740,2,25.389086791367482,25.389086791367482,100.0
2750,0,41.793929519576835,41.793929519576835,100.0
2750,1,22.068168679883954,22.068168679883954,100.0
2750,2,36.13790180053922,36.13790180053922,100.0
2760,0,53.20944139389506,53.20944139389506,100.0
2760,1,27.75358085200721,27.75358085200721,100.0
2760,2,19.03697775409774,19.03697775409774,100.0
2770,0,52.77534377243688,52.77534377243688,100.0
2770,1,26.23646254257742,26.23646254257742,100.0
2770,2,20.988193684985696,20.988193684985696,100.0
2780,0,37.45516980111379,37.45516980111379,100.0
2780,1,47.101490100009535,47.101490100009535,100.0
2780,2,15.443340098876678,15.443340098876678,100.0
2790,0,11.634385915073308,11.634385915073308,100.0
2790,1,12.649665154484662,12.649665154484662,100.0
2790,2,75.71594893044204,75.71594893044204,100.0
2800,0,50.47449798631113,50.47449798631113,100.0
2800,1,25.611212838511477,25.611212838511477,100.0
2800,2,23.914289175177412,23.914289175177412,100.0
2810,0,15.085919082288388,15.085919082288388,100.0
2810,1,62.28636788426803,62.28636788426803,100.0
2810,2,22.627713033443587,22.627713033443587,100.0
2820,0,30.438611270453848,30.438611270453848,100.0
2820,1,30.85156266407395,30.85156266407395,100.0
2820,2,38.709826065472214,38.709826065472214,100.0
2830,0,57.70720082023124,57.70720082023124,100.0
2830,1,20.1468092533864,20.1468092533864,100.0
2830,2,22.145989926382356,22.145989926382356,100.0
2840,0,31.103385393321332,31.103385393321332,100.0
2840,1,14.90335489189417,14.90335489189417,100.0
2840,2,53.9932597147845,53.9932597147845,100.0
2850,0,15.960302697399056,15.960302697399056,100.0
2850,1,15.988287100848808,15.988287100848808,100.0
2850,2,68.05141020175213,68.05141020175213,100.0
2860,0,29.09393821416541,29.09393821416541,100.0
2860,1,28.921299191213006,28.921299191213006,100.0
2860,2,41.98476259462158,41.98476259462158,100.0
2870,0,44.39918375096054,44.39918375096054,100.0
2870,1,8.057223195141843,8.057223195141843,100.0
2870,2,47.543593053897624,47.543593053897624,100.0
2880,0,39.48411369044832,39.48411369044832,100.0
2880,1,36.642105611729434,36.642105611729434,100.0
2880,2,23.873780697822237,23.873780697822237,100.0
2890,0,48.50415765377917,48.50415765377917,100.0
2890,1,13.686108119317728,13.686108119317728,100.0
2890,2,37.80973422690312,37.80973422690312,100.0
2900,0,70.84124434708093,70.84124434708093,100.0
2900,1,13.393897281428735,13.393897281428735,100.0
2900,2,15.764858371490325,15.764858371490325,100.0
2910,0,11.705592054761956,11.705592054761956,100.0
2910,1,12.28016718650768,12.28016718650768,100.0
2910,2,76.01424075873037,76.01424075873037,100.0
2920,0,48.00947050743353,48.00947050743353,100.0
2920,1,32.88851995051474,32.88851995051474,100.0
2920,2,19.10200954205173,19.10200954205173,100.0
2930,0,35.247362962466205,35.247362962466205,100.0
2930,1,42.07552644007974,42.07552644007974,100.0
2930,2,22.67711059745406,22.67711059745406,100.0
2940,0,30.03765378038355,30.03765378038355,100.0
2940,1,24.382836244617724,24.382836244617724,100.0
2940,2,45.57950997499873,45.57950997499873,100.0
2950,0,16.713669938690572,16.713669938690572,100.0
2950,1,55.69300358481743,55.69300358481743,100.0
2950,2,27.593326476491995,27.593326476491995,100.0
2960,0,38.43653819315661,38.43653819315661,100.0
2960,1,35.0509535796784,35.0509535796784,100.0
2960,2,26.512508227164993,26.512508227164993,100.0
2970,0,11.58410546814296,11.58410546814296,100.0
2970,1,11.662948341334271,11.662948341334271,100.0
2970,2,76.75294619052276,76.75294619052276,100.0
2980,0,11.483235923724076,11.483235923724076,100.0
2980,1,57.789965158360154,57.789965158360154,100.0
2980,2,30.726798917915758,30.726798917915758,100.0
2990,0,61.51063171952944,61.51063171952944,100.0
2990,1,15.933448451619988,15.933448451619988,100.0
2990,2,22.555919828850566,22.555919828850566,100.0
3000,0,31.805998485432163,31.805998485432163,100.0
3000,1,33.04019554508331,33.04019554508331,100.0
3000,2,35.15380596948453,35.15380596948453,100.0
3010,0,29.41184902383401,29.41184902383401,100.0
3010,1,37.6292383036902,37.6292383036902,100.0
3010,2,32.95891267247579,32.95891267247579,100.0
3020,0,73.31632471887303,73.31632471887303,100.0
3020,1,12.241901716536336,12.241901716536336,100.0
3020,2,14.441773564590616,14.441773564590616,100.0
3030,0,16.05218956246293,16.05218956246293,100.0
3030,1,15.91831213885242,15.91831213885242,100.0
3030,2,68.02949829868464,68.02949829868464,100.0
3040,0,65.22576181599985,65.22576181599985,100.0
3040,1,11.991324896778607,11.991324896778607,100.0
3040,2,22.78291328722155,22.78291328722155,100.0
3050,0,36.665182365462556,36.665182365462556,100.0
3050,1,38.05692258805261,38.05692258805261,100.0
3050,2,25.27789504648484,25.27789504648484,100.0
3060,0,19.613083115003636,19.613083115003636,100.0
3060,1,56.55665080665608,56.55665080665608,100.0
3060,2,23.83026607834028,23.83026607834028,100.0
3070,0,61.66754149311087,61.66754149311087,100.0
3070,1,16.017936014726125,16.017936014726125,100.0
3070,2,22.314522492163018,22.314522492163018,100.0
3080,0,37.241222069661376,37.241222069661376,100.0
3080,1,34.0619948980723,34.0619948980723,100.0
3080,2,28.69678303226633,28.69678303226633,100.0
3090,0,11.18494094963456,11.18494094963456,100.0
3090,1,11.974246690831492,11.974246690831492,100.0
3090,2,76.84081235953396,76.84081235953396,100.0
3100,0,29.100243743584137,29.100243743584137,100.0
3100,1,27.846713508579263,27.846713508579263,100.0
3100,2,43.0530427478366,43.0530427478366,100.0
3110,0,38.31516594178962,38.31516594178962,100.0
3110,1,43.41381418456062,43.41381418456062,100.0
3110,2,18.271019873649756,18.271019873649756,100.0
3120,0,68.55688341893557,68.55688341893557,100.0
3120,1,16.604500725918374,16.604500725918374,100.0
3120,2,14.838615855146047,14.838615855146047,100.0
3130,0,35.02832147590786,35.02832147590786,100.0
3130,1,36.12023884842613,36.12023884842613,100.0
3130,2,28.851439675666008,28.851439675666008,100.0
3140,0,32.70860772098959,32.70860772098959,100.0
3140,1,43.55246913909448,43.55246913909448,100.0
3140,2,23.738923139915936,23.738923139915936,100.0
3150,0,11.653235228770722,11.653235228770722,100.0
3150,1,11.668193025959749,11.668193025959749,100.0
3150,2,76.67857174526954,76.67857174526954,100.0
3160,0,36.52280551884383,36.52280551884383,100.0
3160,1,43.80574946225599,43.80574946225599,100.0
3160,2,19.671445018900176,19.671445018900176,100.0
3170,0,73.42071039802146,73.42071039802146,100.0
3170,1,13.297086810429597,13.297086810429597,100.0
3170,2,13.282202791548952,13.282202791548952,100.0
3180,0,57.28000647143507,57.28000647143507,100.0
3180,1,30.656845148153188,30.656845148153188,100.0
3180,2,12.063148380411725,12.063148380411725,100.0
3190,0,26.19096779756962,26.19096779756962,100.0
3190,1,42.54076977144994,42.54076977144994,100.0
3190,2,31.268262430980442,31.268262430980442,100.0
3200,0,25.23047288060214,25.23047288060214,100.0
3200,1,19.274712547762338,19.274712547762338,100.0
3200,2,55.49481457163552,55.49481457163552,100.0
3210,0,12.147167445982673,12.147167445982673,100.0
3210,1,12.958524290140423,12.958524290140423,100.0
3210,2,74.89430826387692,74.89430826387692,100.0
3220,0,64.17271944594007,64.17271944594007,100.0
3220,1,11.450458550943331,11.450458550943331,100.0
3220,2,24.3768220031166,24.3768220031166,100.0
3230,0,70.82237352534322,70.82237352534322,100.0
3230,1,17.46282563749003,17.46282563749003,100.0
3230,2,11.71480083716675,11.71480083716675,100.0
3240,0,41.77169685563932,41.77169685563932,100.0
3240,1,49.43429639227636,49.43429639227636,100.0
3240,2,8.794006752084316,8.794006752084316,100.0
3250,0,46.23232263188237,46.23232263188237,100.0
3250,1,12.434087083220396,12.434087083220396,100.0
3250,2,41.333590284897234,41.333590284897234,100.0
3260,0,56.14122346571513,56.14122346571513,100.0
3260,1,13.488198008013564,13.488198008013564,100.0
3260,2,30.370578526271313,30.370578526271313,100.0
3270,0,24.095108076348765,24.095108076348765,100.0
3270,1,22.06069279381933,22.06069279381933,100.0
3270,2,53.84419912983191,53.84419912983191,100.0
3280,0,45.680879155447215,45.680879155447215,100.0
3280,1,35.491436889573144,35.491436889573144,100.0
3280,2,18.827683954979644,18.827683954979644,100.0
3290,0,68.8032961305301,68.8032961305301,100.0
3290,1,20.10079125110964,20.10079125110964,100.0
3290,2,11.095912618360263,11.095912618360263,100.0
3300,0,47.90855000050639,47.90855000050639,100.0
3300,1,13.808725887800183,13.808725887800183,100.0
3300,2,38.28272411169342,38.28272411169342,100.0
3310,0,26.07375552265673,26.07375552265673,100.0
3310,1,30.161824553455336,30.161824553455336,100.0
3310,2,43.76441992388794,43.76441992388794,100.0
3320,0,58.4996470205988,58.4996470205988,100.0
3320,1,12.950033422410916,12.950033422410916,100.0
3320,2,28.55031955699029,28.55031955699029,100.0
3330,0,27.374997647706305,27.374997647706305,100.0
3330,1,21.86137264832929,21.86137264832929,100.0
3330,2,50.763629703964405,50.763629703964405,100.0
3340,0,45.96110978196721,45.96110978196721,100.0
3340,1,40.96614214799079,40.96614214799079,100.0
3340,2,13.072748070042003,13.072748070042003,100.0
3350,0,38.011124482917765,38.011124482917765,100.0
3350,1,32.48500332124075,32.48500332124075,100.0
3350,2,29.50387219584148,29.50387219584148,100.0
3360,0,20.75157949107788,20.75157949107788,100.0
3360,1,58.42631019809669,58.42631019809669,100.0
3360,2,20.82211031082544,20.82211031082544,100.0
3370,0,66.80848595778845,66.80848595778845,100.0
3370,1,18.599263951787957,18.599263951787957,100.0
3370,2,14.592250090423603,14.592250090423603,100.0
3380,0,47.048913786598526,47.048913786598526,100.0
3380,1,20.744130773338572,20.744130773338572,100.0
3380,2,32.206955440062906,32.206955440062906,100.0
3390,0,16.883120720777864,16.883120720777864,100.0
3390,1,10.495738352399174,10.495738352399174,100.0
3390,2,72.62114092682297,72.62114092682297,100.0
3400,0,57.51839463446411,57.51839463446411,100.0
3400,1,16.52675000204881,16.52675000204881,100.0
3400,2,25.954855363487088,25.954855363487088,100.0
3410,0,46.66512293553018,46.66512293553018,100.0
3410,1,32.63111536680769,32.63111536680769,100.0
3410,2,20.703761697662138,20.703761697662138,100.0
3420,0,58.6709715969858,58.6709715969858,100.0
3420,1,28.041802827782337,28.041802827782337,100.0
3420,2,13.287225575231865,13.287225575231865,100.0
3430,0,48.042822618902534,48.042822618902534,100.0
3430,1,43.865552362557274,43.865552362557274,100.0
3430,2,8.091625018540197,8.091625018540197,100.0
3440,0,43.39542487404856,43.39542487404856,100.0
3440,1,17.12067923605737,17.12067923605737,100.0
3440,2,39.48389588989408,39.48389588989408,100.0
3450,0,11.266589062423883,11.266589062423883,100.0
3450,1,12.396901743510941,12.396901743510941,100.0
3450,2,76.33650919406519,76.33650919406519,100.0
3460,0,51.01618791248907,51.01618791248907,100.0
3460,1,25.01313019346323,25.01313019346323,100.0
3460,2,23.97068189404769,23.97068189404769,100.0
3470,0,68.61894815810118,68.61894815810118,100.0
3470,1,15.6017919454356,15.6017919454356,100.0
3470,2,15.779259896463232,15.779259896463232,100.0
3480,0,23.090894085920365,23.090894085920365,100.0
3480,1,51.673159041440584,51.673159041440584,100.0
3480,2,25.235946872639055,25.235946872639055,100.0
3490,0,43.246769182036466,43.246769182036466,100.0
3490,1,20.664820006146854,20.664820006146854,100.0
3490,2,36.08841081181668,36.08841081181668,100.0
3500,0,54.232464867209806,54.232464867209806,100.0
3500,1,22.96402068319428,22.96402068319428,100.0
3500,2,22.803514449595923,22.803514449595923,100.0
3510,0,11.765894624555546,11.765894624555546,100.0
3510,1,13.409329684629789,13.409329684629789,100.0
3510,2,74.82477569081466,74.82477569081466,100.0
3520,0,50.662256016415775,50.662256016415775,100.0
3520,1,33.034012272670935,33.034012272670935,100.0
3520,2,16.3037317109133,16.3037317109133,100.0
3530,0,13.756337999724536,13.756337999724536,100.0
3530,1,40.59005457259294,40.59005457259294,100.0
3530,2,45.653607427682516,45.653607427682516,100.0
3540,0,37.612788959322515,37.612788959322515,100.0
3540,1,47.375442955753016,47.375442955753016,100.0
3540,2,15.011768084924476,15.011768084924476,100.0
3550,0,55.1765449623522,55.1765449623522,100.0
3550,1,20.363292532086152,20.363292532086152,100.0
3550,2,24.460162505561648,24.460162505561648,100.0
3560,0,17.78779767185263,17.78779767185263,100.0
3560,1,70.7155667017009,70.7155667017009,100.0
3560,2,11.496635626446468,11.496635626446468,100.0
3570,0,14.932471342919454,14.932471342919454,100.0
3570,1,11.100234299217647,11.100234299217647,100.0
3570,2,73.96729435786291,73.96729435786291,100.0
3580,0,36.26287989721804,36.26287989721804,100.0
3580,1,30.871984572943184,30.871984572943184,100.0
3580,2,32.86513552983877,32.86513552983877,100.0
3590,0,59.814841540106265,59.814841540106265,100.0
3590,1,15.761054837343014,15.761054837343014,100.0
3590,2,24.424103622550728,24.424103622550728,100.0
3600,0,64.76008830879705,64.76008830879705,100.0
3600,1,14.010538775408596,14.010538775408596,100.0
3600,2,21.22937291579436,21.22937291579436,100.0
3610,0,47.902482356322494,47.902482356322494,100.0
3610,1,25.152939795476986,25.152939795476986,100.0
3610,2,26.944577848200524,26.944577848200524,100.0
3620,0,16.005410009558478,16.005410009558478,100.0
3620,1,31.64020843484773,31.64020843484773,100.0
3620,2,52.3543815555938,52.3543815555938,100.0
3630,0,11.743498337424315,11.743498337424315,100.0
3630,1,11.143634181875651,11.143634181875651,100.0
3630,2,77.11286748070003,77.11286748070003,100.0
3640,0,44.25523253772016,44.25523253772016,100.0
3640,1,42.86395684247659,42.86395684247659,100.0
3640,2,12.880810619803244,12.880810619803244,100.0
3650,0,37.911620826902485,37.911620826902485,100.0
3650,1,33.122771484134795,33.122771484134795,100.0
3650,2,28.96560768896272,28.96560768896272,100.0
3660,0,33.90190766456315,33.90190766456315,100.0
3660,1,12.651454625397992,12.651454625397992,100.0
3660,2,53.44663771003886,53.44663771003886,100.0
3670,0,74.96315818500257,74.96315818500257,100.0
3670,1,13.77356686787721,13.77356686787721,100.0
3670,2,11.26327494712021,11.26327494712021,100.0
3680,0,52.851008447273415,52.851008447273415,100.0
3680,1,14.045296353504567,14.045296353504567,100.0
3680,2,33.10369519922202,33.10369519922202,100.0
3690,0,13.965713200509287,13.965713200509287,100.0
3690,1,13.766134872200823,13.766134872200823,100.0
3690,2,72.2681519272899,72.2681519272899,100.0
3700,0,36.84222340914159,36.84222340914159,100.0
3700,1,21.28454372468169,21.28454372468169,100.0
3700,2,41.87323286617672,41.87323286617672,100.0
3710,0,43.716100877608625,43.716100877608625,100.0
3710,1,29.387802656796158,29.387802656796158,100.0
3710,2,26.89609646559522,26.89609646559522,100.0
3720,0,31.602967230577395,31.602967230577395,100.0
3720,1,32.94429494152043,32.94429494152043,100.0
3720,2,35.45273782790218,35.45273782790218,100.0
3730,0,57.22531004793391,57.22531004793391,100.0
3730,1,23.99936948800879,23.99936948800879,100.0
3730,2,18.775320464057305,18.775320464057305,100.0
3740,0,49.901982594417035,49.901982594417035,100.0
3740,1,36.73440932582631,36.73440932582631,100.0
3740,2,13.36360807975666,13.36360807975666,100.0
3750,0,12.545609866209064,12.545609866209064,100.0
3750,1,11.87453978925505,11.87453978925505,100.0
3750,2,75.5798503445359,75.5798503445359,100.0
3760,0,50.79326111024183,50.79326111024183,100.0
3760,1,19.208857847176805,19.208857847176805,100.0
3760,2,29.99788104258137,29.99788104258137,100.0
3770,0,59.98471576198284,59.98471576198284,100.0
3770,1,18.352560549040025,18.352560549040025,100.0
3770,2,21.66272368897713,21.66272368897713,100.0
3780,0,56.43619937356529,56.43619937356529,100.0
3780,1,23.827561834247785,23.827561834247785,100.0
3780,2,19.73623879218693,19.73623879218693,100.0
3790,0,46.53047488169107,46.53047488169107,100.0
3790,1,30.598357492768063,30.598357492768063,100.0
3790,2,22.87116762554087,22.87116762554087,100.0
3800,0,38.777789439588986,38.777789439588986,100.0
3800,1,52.53907677188609,52.53907677188609,100.0
3800,2,8.683133788524913,8.683133788524913,100.0
3810,0,11.406339201647569,11.406339201647569,100.0
3810,1,12.421550169260955,12.421550169260955,100.0
3810,2,76.17211062909148,76.17211062909148,100.0
3820,0,59.1164456907679,59.1164456907679,100.0
3820,1,24.40344038513946,24.40344038513946,100.0
3820,2,16.480113924092652,16.480113924092652,100.0
3830,0,28.17182177255877,28.17182177255877,100.0
3830,1,45.84926430664132,45.84926430664132,100.0
3830,2,25.978913920799922,25.978913920799922,100.0
3840,0,59.38168802549046,59.38168802549046,100.0
3840,1,18.132849742296735,18.132849742296735,100.0
3840,2,22.485462232212804,22.485462232212804,100.0
3850,0,28.81640828682973,28.81640828682973,100.0
3850,1,59.57436938564895,59.57436938564895,100.0
3850,2,11.609222327521326,11.609222327521326,100.0
3860,0,48.69212205319327,48.69212205319327,100.0
3860,1,16.99717872265561,16.99717872265561,100.0
3860,2,34.31069922415112,34.31069922415112,100.0
3870,0,18.32670359408208,18.32670359408208,100.0
3870,1,18.89346640085646,18.89346640085646,100.0
3870,2,62.779830005061456,62.779830005061456,100.0
3880,0,52.1925741455065,52.1925741455065,100.0
3880,1,22.643888043483013,22.643888043483013,100.0
3880,2,25.16353781101049,25.16353781101049,100.0
3890,0,26.32878103459507,26.32878103459507,100.0
3890,1,46.580582802709344,46.580582802709344,100.0
3890,2,27.090636162695574,27.090636162695574,100.0
3900,0,46.00088222704335,46.00088222704335,100.0
3900,1,25.35138473711372,25.35138473711372,100.0
3900,2,28.647733035842943,28.647733035842943,100.0
3910,0,30.663959792139302,30.663959792139302,100.0
3910,1,43.52826682209743,43.52826682209743,100.0
3910,2,25.807773385763284,25.807773385763284,100.0
3920,0,40.37183102902066,40.37183102902066,100.0
3920,1,16.505526677264818,16.505526677264818,100.0
3920,2,43.122642293714534,43.122642293714534,100.0
3930,0,11.6802215696859,11.6802215696859,100.0
3930,1,11.390681211957451,11.390681211957451,100.0
3930,2,76.92909721835663,76.92909721835663,100.0
3940,0,36.505713082779536,36.505713082779536,100.0
3940,1,33.010328165012695,33.010328165012695,100.0
3940,2,30.483958752207762,30.483958752207762,100.0
3950,0,55.55908964323867,55.55908964323867,100.0
3950,1,11.607038214170808,11.607038214170808,100.0
3950,2,32.833872142590536,32.833872142590536,100.0
3960,0,32.82014849375828,32.82014849375828,100.0
3960,1,28.050560957367733,28.050560957367733,100.0
3960,2,39.12929054887399,39.12929054887399,100.0
3970,0,63.43958508647707,63.43958508647707,100.0
3970,1,21.04985394206141,21.04985394206141,100.0
3970,2,15.510560971461526,15.510560971461526,100.0
3980,0,28.45731483273566,28.45731483273566,100.0
3980,1,45.54489328666746,45.54489328666746,100.0
3980,2,25.99779188059688,25.99779188059688,100.0
3990,0,11.09570942791576,11.09570942791576,100.0
3990,1,11.187528959685086,11.187528959685086,100.0
3990,2,77.71676161239917,77.71676161239917,100.0
4000,0,65.12927763514962,65.12927763514962,100.0
4000,1,14.496531444731437,14.496531444731437,100.0
4000,2,20.37419092011895,20.37419092011895,100.0
4010,0,32.995810667056624,32.995810667056624,100.0
4010,1,17.60753427166814,17.60753427166814,100.0
4010,2,49.39665506127524,49.39665506127524,100.0
4020,0,69.9754324193744,69.9754324193744,100.0
4020,1,10.91298061987537,10.91298061987537,100.0
4020,2,19.111586960750223,19.111586960750223,100.0
4030,0,29.03164236582625,29.03164236582625,100.0
4030,1,25.232671227371068,25.232671227371068,100.0
4030,2,45.73568640680268,45.73568640680268,100.0
4040,0,65.94022644557991,65.94022644557991,100.0
4040,1,20.328564989134215,20.328564989134215,100.0
4040,2,13.731208565285883,13.731208565285883,100.0
4050,0,40.7452261444715,40.7452261444715,100.0
4050,1,26.028058104688235,26.028058104688235,100.0
4050,2,33.22671575084027,33.22671575084027,100.0
4060,0,57.609797413956635,57.609797413956635,100.0
4060,1,14.88571236078233,14.88571236078233,100.0
4060,2,27.50449022526103,27.50449022526103,100.0
4070,0,33.74853412157968,33.74853412157968,100.0
4070,1,55.57658098234734,55.57658098234734,100.0
4070,2,10.674884896072985,10.674884896072985,100.0
4080,0,48.59207932548117,48.59207932548117,100.0
4080,1,30.874996453440584,30.874996453440584,100.0
4080,2,20.532924221078243,20.532924221078243,100.0
4090,0,42.978104218002926,42.978104218002926,100.0
4090,1,17.733714498360712,17.733714498360712,100.0
4090,2,39.28818128363636,39.28818128363636,100.0
4100,0,12.766047887707321,12.766047887707321,100.0
4100,1,37.35352924885199,37.35352924885199,100.0
4100,2,49.880422863440685,49.880422863440685,100.0
4110,0,12.552097552928174,12.552097552928174,100.0
4110,1,13.083655750145805,13.083655750145805,100.0
4110,2,74.36424669692602,74.36424669692602,100.0
4120,0,34.219873358372226,34.219873358372226,100.0
4120,1,43.77276577087565,43.77276577087565,100.0
4120,2,22.00736087075211,22.00736087075211,100.0
4130,0,30.939869307269312,30.939869307269312,100.0
4130,1,10.490536033157415,10.490536033157415,100.0
4130,2,58.569594659573276,58.569594659573276,100.0
4140,0,40.30974940061139,40.30974940061139,100.0
4140,1,27.863275603443128,27.863275603443128,100.0
4140,2,31.82697499594549,31.82697499594549,100.0
4150,0,42.26634883906582,42.26634883906582,100.0
4150,1,48.76576612785099,48.76576612785099,100.0
4150,2,8.967885033083201,8.967885033083201,100.0
4160,0,29.349449581325217,29.349449581325217,100.0
4160,1,34.43228256415375,34.43228256415375,100.0
4160,2,36.21826785452104,36.21826785452104,100.0
4170,0,11.693014189298852,11.693014189298852,100.0
4170,1,11.603398815302777,11.603398815302777,100.0
4170,2,76.70358699539837,76.70358699539837,100.0
4180,0,8.979916871404008,8.979916871404008,100.0
4180,1,38.87190040072548,38.87190040072548,100.0
4180,2,52.14818272787052,52.14818272787052,100.0
4190,0,64.67354521187931,64.67354521187931,100.0
4190,1,15.003157155487568,15.003157155487568,100.0
4190,2,20.323297632633132,20.323297632633132,100.0
4200,0,68.2445320997997,68.2445320997997,100.0
4200,1,16.366457330452004,16.366457330452004,100.0
4200,2,15.389010569748313,15.389010569748313,100.0
4210,0,42.79495251715545,42.79495251715545,100.0
4210,1,18.947243055428178,18.947243055428178,100.0
4210,2,38.25780442741638,38.25780442741638,100.0
4220,0,40.03759919374621,40.03759919374621,100.0
4220,1,42.91409466269345,42.91409466269345,100.0
4220,2,17.04830614356035,17.04830614356035,100.0
4230,0,12.156142253586342,12.156142253586342,100.0
4230,1,11.142857201836808,11.142857201836808,100.0
4230,2,76.70100054457684,76.70100054457684,100.0
4240,0,58.887425285195164,58.887425285195164,100.0
4240,1,23.402734594085974,23.402734594085974,100.0
4240,2,17.709840120718876,17.709840120718876,100.0
4250,0,43.80871751109699,43.80871751109699,100.0
4250,1,46.012444295536945,46.012444295536945,100.0
4250,2,10.178838193366065,10.178838193366065,100.0
4260,0,45.761441776846524,45.761441776846524,100.0
4260,1,8.382964081056782,8.382964081056782,100.0
4260,2,45.855594142096685,45.855594142096685,100.0
4270,0,46.29692107720738,46.29692107720738,100.0
4270,1,20.888552799114933,20.888552799114933,100.0
4270,2,32.81452612367768,32.81452612367768,100.0
4280,0,49.890609308351,49.890609308351,100.0
4280,1,14.359390856589508,14.359390856589508,100.0
4280,2,35.7499998350595,35.7499998350595,100.0
4290,0,11.777864221222451,11.777864221222451,100.0
4290,1,12.151090603487171,12.151090603487171,100.0
4290,2,76.07104517529038,76.07104517529038,100.0
4300,0,31.208992708099682,31.208992708099682,100.0
4300,1,12.446164707833328,12.446164707833328,100.0
4300,2,56.34484258406699,56.34484258406699,100.0
4310,0,56.89106160277478,56.89106160277478,100.0
4310,1,25.169209688814355,25.169209688814355,100.0
4310,2,17.939728708410858,17.939728708410858,100.0
4320,0,17.652371390526795,17.652371390526795,100.0
4320,1,52.69330404957551,52.69330404957551,100.0
4320,2,29.654324559897688,29.654324559897688,100.0
4330,0,31.09708461882324,31.09708461882324,100.0
4330,1,39.584219452110986,39.584219452110986,100.0
4330,2,29.31869592906577,29.31869592906577,100.0
4340,0,31.498094908129975,31.498094908129975,100.0
4340,1,17.837861010432814,17.837861010432814,100.0
4340,2,50.66404408143721,50.66404408143721,100.0
4350,0,11.518921012752717,11.518921012752717,100.0
4350,1,11.900834905274351,11.900834905274351,100.0
4350,2,76.58024408197294,76.58024408197294,100.0
4360,0,47.49191493380615,47.49191493380615,100.0
4360,1,23.258345173540963,23.258345173540963,100.0
4360,2,29.249739892652887,29.249739892652887,100.0
4370,0,53.0190089060403,53.0190089060403,100.0
4370,1,37.27630539734792,37.27630539734792,100.0
4370,2,9.704685696611785,9.704685696611785,100.0
4380,0,56.75186302792012,56.75186302792012,100.0
4380,1,24.03619129123551,24.03619129123551,100.0
4380,2,19.21194568084437,19.21194568084437,100.0
4390,0,26.196103519755248,26.196103519755248,100.0
4390,1,41.89432457673614,41.89432457673614,100.0
4390,2,31.909571903508617,31.909571903508617,100.0
4400,0,50.90065311886277,50.90065311886277,100.0
4400,1,12.358125486223344,12.358125486223344,100.0
4400,2,36.74122139491389,36.74122139491389,100.0
4410,0,11.296815590636532,11.296815590636532,100.0
4410,1,17.60528550101514,17.60528550101514,100.0
4410,2,71.09789890834833,71.09789890834833,100.0
4420,0,48.34121875540088,48.34121875540088,100.0
4420,1,17.64023721309017,17.64023721309017,100.0
4420,2,34.01854403150896,34.01854403150896,100.0
4430,0,22.39359118425155,22.39359118425155,100.0
4430,1,56.790306347835454,56.790306347835454,100.0
4430,2,20.816102467913,20.816102467913,100.0
4440,0,45.31468054780184,45.31468054780184,100.0
4440,1,24.272991359639423,24.272991359639423,100.0
4440,2,30.412328092558745,30.412328092558745,100.0
4450,0,65.55168900171226,65.55168900171226,100.0
4450,1,15.941320643687826,15.941320643687826,100.0
4450,2,18.50699035459991,18.50699035459991,100.0
4460,0,56.71021117756491,56.71021117756491,100.0
4460,1,15.963194215076848,15.963194215076848,100.0
4460,2,27.32659460735824,27.32659460735824,100.0
4470,0,13.596385095143765,13.596385095143765,100.0
4470,1,10.65903651041623,10.65903651041623,100.0
4470,2,75.74457839444001,75.74457839444001,100.0
4480,0,41.98015095961122,41.98015095961122,100.0
4480,1,20.732853513329324,20.732853513329324,100.0
4480,2,37.28699552705946,37.28699552705946,100.0
4490,0,42.611670906471375,42.611670906471375,100.0
4490,1,26.86898388443702,26.86898388443702,100.0
4490,2,30.519345209091604,30.519345209091604,100.0
4500,0,66.27841909540835,66.27841909540835,100.0
4500,1,21.06963869594794,21.06963869594794,100.0
4500,2,12.651942208643712,12.651942208643712,100.0
4510,0,31.46857187411002,31.46857187411002,100.0
4510,1,27.063746421368723,27.063746421368723,100.0
4510,2,41.46768170452126,41.46768170452126,100.0
4520,0,52.383593463454126,52.383593463454126,100.0
4520,1,15.492458516405359,15.492458516405359,100.0
4520,2,32.12394802014052,32.12394802014052,100.0
4530,0,14.356484988798773,14.356484988798773,100.0
4530,1,15.017011411383741,15.017011411383741,100.0
4530,2,70.6265035998175,70.6265035998175,100.0
4540,0,31.65398317579875,31.65398317579875,100.0
4540,1,27.56917604482026,27.56917604482026,100.0
4540,2,40.776840779381,40.776840779381,100.0
4550,0,43.1861505114331,43.1861505114331,100.0
4550,1,45.794337728160826,45.794337728160826,100.0
4550,2,11.019511760406075,11.019511760406075,100.0
4560,0,16.207367318668112,16.207367318668112,100.0
4560,1,30.637789805299924,30.637789805299924,100.0
4560,2,53.154842876031964,53.154842876031964,100.0
4570,0,43.241771025734174,43.241771025734174,100.0
4570,1,32.7652424499496,32.7652424499496,100.0
4570,2,23.99298652431624,23.99298652431624,100.0
4580,0,32.07493297500047,32.07493297500047,100.0
4580,1,18.101862470312366,18.101862470312366,100.0
4580,2,49.82320455468716,49.82320455468716,100.0
4590,0,11.22654247222243,11.22654247222243,100.0
4590,1,11.128642320487863,11.128642320487863,100.0
4590,2,77.64481520728971,77.64481520728971,100.0
4600,0,44.68062827379934,44.68062827379934,100.0
4600,1,44.63191079765501,44.63191079765501,100.0
4600,2,10.687460928545645,10.687460928545645,100.0
4610,0,51.98772270647556,51.98772270647556,100.0
4610,1,9.495522037764474,9.495522037764474,100.0
4610,2,38.51675525575995,38.51675525575995,100.0
4620,0,20.358995342008857,20.358995342008857,100.0
4620,1,35.88812904989367,35.88812904989367,100.0
4620,2,43.752875608097476,43.752875608097476,100.0
4630,0,51.8382205485638,51.8382205485638,100.0
4630,1,33.76116068029146,33.76116068029146,100.0
4630,2,14.400618771144746,14.400618771144746,100.0
4640,0,29.07803578125727,29.07803578125727,100.0
4640,1,29.908353002979077,29.908353002979077,100.0
4640,2,41.01361121576366,41.01361121576366,100.0
4650,0,12.771173547472753,12.771173547472753,100.0
4650,1,12.467900429467413,12.467900429467413,100.0
4650,2,74.76092602305984,74.76092602305984,100.0
4660,0,37.918180267434764,37.918180267434764,100.0
4660,1,15.83128062838933,15.83128062838933,100.0
4660,2,46.2505391041759,46.2505391041759,100.0
4670,0,43.62714070762109,43.62714070762109,100.0
4670,1,38.4677313225892,38.4677313225892,100.0
4670,2,17.905127969789717,17.905127969789717,100.0
4680,0,67.36489143108165,67.36489143108165,100.0
4680,1,12.25515425424597,12.25515425424597,100.0
4680,2,20.37995431467239,20.37995431467239,100.0
4690,0,62.1544646280484,62.1544646280484,100.0
4690,1,19.697348293091483,19.697348293091483,100.0
4690,2,18.148187078860115,18.148187078860115,100.0
4700,0,65.73890363191832,65.73890363191832,100.0
4700,1,19.046962698126702,19.046962698126702,100.0
4700,2,15.214133669954979,15.214133669954979,100.0
4710,0,15.820669435827536,15.820669435827536,100.0
4710,1,14.01824372694474,14.01824372694474,100.0
4710,2,70.16108683722773,70.16108683722773,100.0
4720,0,42.66982717588226,42.66982717588226,100.0
4720,1,32.333365952283806,32.333365952283806,100.0
4720,2,24.996806871833936,24.996806871833936,100.0
4730,0,53.83871779834559,53.83871779834559,100.0
4730,1,20.65751618020547,20.65751618020547,100.0
4730,2,25.503766021448936,25.503766021448936,100.0
4740,0,69.80847483113848,69.80847483113848,100.0
4740,1,10.133744203917136,10.133744203917136,100.0
4740,2,20.05778096494438,20.05778096494438,100.0
4750,0,42.67454378482282,42.67454378482282,100.0
4750,1,31.703917272935385,31.703917272935385,100.0
4750,2,25.621538942241795,25.621538942241795,100.0
4760,0,16.176110788327737,16.176110788327737,100.0
4760,1,40.75141383716765,40.75141383716765,100.0
4760,2,43.07247537450462,43.07247537450462,100.0
4770,0,11.289674319680246,11.289674319680246,100.0
4770,1,11.479738514366177,11.479738514366177,100.0
4770,2,77.23058716595357,77.23058716595357,100.0
4780,0,51.921230894940564,51.921230894940564,100.0
4780,1,21.22988499057107,21.22988499057107,100.0
4780,2,26.84888411448837,26.84888411448837,100.0
4790,0,18.991934127367,18.991934127367,100.0
4790,1,29.586080344283367,29.586080344283367,100.0
4790,2,51.42198552834964,51.42198552834964,100.0
4800,0,69.54447095014724,69.54447095014724,100.0
4800,1,18.193515720866532,18.193515720866532,100.0
4800,2,12.262013328986225,12.262013328986225,100.0
4810,0,56.625659320640494,56.625659320640494,100.0
4810,1,9.889719467987536,9.889719467987536,100.0
4810,2,33.484621211371966,33.484621211371966,100.0
4820,0,44.543496562079305,44.543496562079305,100.0
4820,1,41.281535383223506,41.281535383223506,100.0
4820,2,14.174968054697182,14.174968054697182,100.0
4830,0,12.363270201334377,12.363270201334377,100.0
4830,1,13.031764575400365,13.031764575400365,100.0
4830,2,74.60496522326525,74.60496522326525,100.0
4840,0,17.732250488194122,17.732250488194122,100.0
4840,1,19.89303034051319,19.89303034051319,100.0
4840,2,62.37471917129269,62.37471917129269,100.0
4850,0,66.73100727964628,66.73100727964628,100.0
4850,1,10.099379320657585,10.099379320657585,100.0
4850,2,23.169613399696136,23.169613399696136,100.0
4860,0,54.20475447598878,54.20475447598878,100.0
4860,1,23.024823978427392,23.024823978427392,100.0
4860,2,22.770421545583833,22.770421545583833,100.0
4870,0,55.33865279463189,55.33865279463189,100.0
4870,1,28.11182007131609,28.11182007131609,100.0
4870,2,16.54952713405202,16.54952713405202,100.0
4880,0,35.006970856673135,35.006970856673135,100.0
4880,1,43.81078623956233,43.81078623956233,100.0
4880,2,21.182242903764532,21.182242903764532,100.0
4890,0,11.069531936297746,11.069531936297746,100.0
4890,1,12.237503564774244,12.237503564774244,100.0
4890,2,76.69296449892802,76.69296449892802,100.0
4900,0,26.66109886342894,26.66109886342894,100.0
4900,1,26.95573541616178,26.95573541616178,100.0
4900,2,46.38316572040928,46.38316572040928,100.0
4910,0,50.92125012788144,50.92125012788144,100.0
4910,1,23.99485266833624,23.99485266833624,100.0
4910,2,25.083897203782307,25.083897203782307,100.0
4920,0,57.36731311920536,57.36731311920536,100.0
4920,1,14.721533599651474,14.721533599651474,100.0
4920,2,27.911153281143164,27.911153281143164,100.0
4930,0,35.94869217271945,35.94869217271945,100.0
4930,1,30.924521088936167,30.924521088936167,100.0
4930,2,33.126786738344386,33.126786738344386,100.0
4940,0,33.75834548098149,33.75834548098149,100.0
4940,1,24.795303624249506,24.795303624249506,100.0
4940,2,41.446350894769004,41.446350894769004,100.0
4950,0,12.279315466794376,12.279315466794376,100.0
4950,1,12.72280005004479,12.72280005004479,100.0
4950,2,74.99788448316083,74.99788448316083,100.0
4960,0,35.70392224621541,35.70392224621541,100.0
4960,1,22.627041915127066,22.627041915127066,100.0
4960,2,41.66903583865752,41.66903583865752,100.0
4970,0,58.36889294453598,58.36889294453598,100.0
4970,1,14.119275484187513,14.119275484187513,100.0
4970,2,27.511831571276517,27.511831571276517,100.0
4980,0,17.249849075870824,17.249849075870824,100.0
4980,1,21.448292091452075,21.448292091452075,100.0
4980,2,61.301858832677105,61.301858832677105,100.0
4990,0,50.55198517872637,50.55198517872637,100.0
4990,1,24.27127497952269,24.27127497952269,100.0
4990,2,25.176739841750944,25.176739841750944,100.0
5000,0,59.72795591995037,59.72795591995037,100.0
5000,1,23.907667158792183,23.907667158792183,100.0
5000,2,16.364376921257453,16.364376921257453,100.0
5010,0,12.090092737778296,12.090092737778296,100.0
5010,1,12.374814518117223,12.374814518117223,100.0
5010,2,75.53509274410449,75.53509274410449,100.0
5020,0,41.776943481060805,41.776943481060805,100.0
5020,1,18.19751236858313,18.19751236858313,100.0
5020,2,40.02554415035606,40.02554415035606,100.0
5030,0,20.657720234677697,20.657720234677697,100.0
5030,1,43.92720487376654,43.92720487376654,100.0
5030,2,35.41507489155576,35.41507489155576,100.0
5040,0,35.857846354515075,35.857846354515075,100.0
5040,1,17.171679633410175,17.171679633410175,100.0
5040,2,46.97047401207476,46.97047401207476,100.0
5050,0,52.209004875422984,52.209004875422984,100.0
5050,1,29.770612265810758,29.770612265810758,100.0
5050,2,18.020382858766247,18.020382858766247,100.0
5060,0,54.610123800579345,54.610123800579345,100.0
5060,1,9.051369061491869,9.051369061491869,100.0
5060,2,36.33850713792879,36.33850713792879,100.0
5070,0,10.922118571768653,10.922118571768653,100.0
5070,1,26.261386586034373,26.261386586034373,100.0
5070,2,62.81649484219697,62.81649484219697,100.0
5080,0,30.706030847427986,30.706030847427986,100.0
5080,1,26.5747148766585,26.5747148766585,100.0
5080,2,42.71925427591351,42.71925427591351,100.0
5090,0,60.068488698619994,60.068488698619994,100.0
5090,1,24.85065322693989,24.85065322693989,100.0
5090,2,15.080858074440123,15.080858074440123,100.0
5100,0,54.728023598402,54.728023598402,100.0
5100,1,17.07826502999311,17.07826502999311,100.0
5100,2,28.193711371604895,28.193711371604895,100.0
5110,0,25.19487727522301,25.19487727522301,100.0
5110,1,42.397016141515884,42.397016141515884,100.0
5110,2,32.408106583261116,32.408106583261116,100.0
5120,0,23.406769237010224,23.406769237010224,100.0
5120,1,29.590892670439793,29.590892670439793,100.0
5120,2,47.00233809254998,47.00233809254998,100.0
5130,0,11.663487456951565,11.663487456951565,100.0
5130,1,11.605597855476178,11.605597855476178,100.0
5130,2,76.73091468757227,76.73091468757227,100.0
5140,0,63.8991485891294,63.8991485891294,100.0
5140,1,16.422964425163503,16.422964425163503,100.0
5140,2,19.677886985707094,19.677886985707094,100.0
5150,0,26.981195182288474,26.981195182288474,100.0
5150,1,34.61314634182522,34.61314634182522,100.0
5150,2,38.405658475886305,38.405658475886305,100.0
5160,0,38.62919056987326,38.62919056987326,100.0
5160,1,37.952731060069276,37.952731060069276,100.0
5160,2,23.418078370057465,23.418078370057465,100.0
5170,0,44.964520188943105,44.964520188943105,100.0
5170,1,8.009428271417047,8.009428271417047,100.0
5170,2,47.02605153963985,47.02605153963985,100.0
5180,0,30.463606149830674,30.463606149830674,100.0
5180,1,21.348972246410778,21.348972246410778,100.0
5180,2,48.187421603758544,48.187421603758544,100.0
5190,0,10.91647463515682,10.91647463515682,100.0
5190,1,11.832301778293463,11.832301778293463,100.0
5190,2,77.25122358654971,77.25122358654971,100.0
5200,0,41.49884542932821,41.49884542932821,100.0
5200,1,42.32697818140218,42.32697818140218,100.0
5200,2,16.1741763892696,16.1741763892696,100.0
5210,0,74.54465110890362,74.54465110890362,100.0
5210,1,11.592003388272209,11.592003388272209,100.0
5210,2,13.863345502824165,13.863345502824165,100.0
5220,0,52.48564215111492,52.48564215111492,100.0
5220,1,16.065608947974823,16.065608947974823,100.0
5220,2,31.448748900910267,31.448748900910267,100.0
5230,0,61.57363274846934,61.57363274846934,100.0
5230,1,13.834155167869378,13.834155167869378,100.0
5230,2,24.592212083661284,24.592212083661284,100.0
5240,0,26.94418461913179,26.94418461913179,100.0
5240,1,40.07578565618598,40.07578565618598,100.0
5240,2,32.980029724682225,32.980029724682225,100.0
5250,0,19.346770164332924,19.346770164332924,100.0
5250,1,12.218340632295863,12.218340632295863,100.0
5250,2,68.43488920337121,68.43488920337121,100.0
5260,0,48.67616626042987,48.67616626042987,100.0
5260,1,16.33488866271287,16.33488866271287,100.0
5260,2,34.988945076857256,34.988945076857256,100.0
5270,0,55.616386777359835,55.616386777359835,100.0
5270,1,12.671414493056318,12.671414493056318,100.0
5270,2,31.71219872958384,31.71219872958384,100.0
5280,0,61.91647217127611,61.91647217127611,100.0
5280,1,18.07790964027036,18.07790964027036,100.0
5280,2,20.005618188453532,20.005618188453532,100.0
5290,0,62.13765857500606,62.13765857500606,100.0
5290,1,22.113421064701004,22.113421064701004,100.0
5290,2,15.748920360292946,15.748920360292946,100.0
5300,0,68.59603667854476,68.59603667854476,100.0
5300,1,12.124661435311422,12.124661435311422,100.0
5300,2,19.279301886143823,19.279301886143823,100.0
5310,0,13.268115884626896,13.268115884626896,100.0
5310,1,13.158723843881523,13.158723843881523,100.0
5310,2,73.57316027149159,73.57316027149159,100.0
5320,0,53.666217963193496,53.666217963193496,100.0
5320,1,25.89442835212678,25.89442835212678,100.0
5320,2,20.439353684679723,20.439353684679723,100.0
5330,0,64.60438383264606,64.60438383264606,100.0
5330,1,16.35671593188772,16.35671593188772,100.0
5330,2,19.038900235466212,19.038900235466212,100.0
5340,0,24.795603123882856,24.795603123882856,100.0
5340,1,14.149570435977065,14.149570435977065,100.0
5340,2,61.054826440140076,61.054826440140076,100.0
5350,0,64.03557856956488,64.03557856956488,100.0
5350,1,24.51980309108829,24.51980309108829,100.0
5350,2,11.444618339346837,11.444618339346837,100.0
5360,0,45.72169704551134,45.72169704551134,100.0
5360,1,8.514825475413424,8.514825475413424,100.0
5360,2,45.763477479075235,45.763477479075235,100.0
5370,0,12.754020128649577,12.754020128649577,100.0
5370,1,11.10701270928473,11.10701270928473,100.0
5370,2,76.1389671620657,76.1389671620657,100.0
5380,0,27.755259408340656,27.755259408340656,100.0
5380,1,29.372335144706323,29.372335144706323,100.0
5380,2,42.87240544695302,42.87240544695302,100.0
5390,0,48.734681295687274,48.734681295687274,100.0
5390,1,26.419715650828017,26.419715650828017,100.0
5390,2,24.84560305348471,24.84560305348471,100.0
5400,0,53.08381202591892,53.08381202591892,100.0
5400,1,14.903544242668618,14.903544242668618,100.0
5400,2,32.01264373141247,32.01264373141247,100.0
5410,0,46.93475003863192,46.93475003863192,100.0
5410,1,28.132326036677753,28.132326036677753,100.0
5410,2,24.93292392469034,24.93292392469034,100.0
5420,0,19.53631308756468,19.53631308756468,100.0
5420,1,58.21515397270165,58.21515397270165,100.0
5420,2,22.248532939733668,22.248532939733668,100.0
5430,0,12.939248079090824,12.939248079090824,100.0
5430,1,12.848780929895776,12.848780929895776,100.0
5430,2,74.2119709910134,74.2119709910134,100.0
5440,0,69.914273991821,69.914273991821,100.0
5440,1,10.300443601039172,10.300443601039172,100.0
5440,2,19.78528240713981,19.78528240713981,100.0
5450,0,64.53062614141348,64.53062614141348,100.0
5450,1,14.322815822837073,14.322815822837073,100.0
5450,2,21.146558035749464,21.146558035749464,100.0
5460,0,59.80140506519015,59.80140506519015,100.0
5460,1,9.761065291710176,9.761065291710176,100.0
5460,2,30.437529643099666,30.437529643099666,100.0
5470,0,29.28269448314888,29.28269448314888,100.0
5470,1,27.739848960776147,27.739848960776147,100.0
5470,2,42.97745655607497,42.97745655607497,100.0
5480,0,55.536624076863674,55.536624076863674,100.0
5480,1,24.6290400207242,24.6290400207242,100.0
5480,2,19.83433590241212,19.83433590241212,100.0
5490,0,12.717014285523822,12.717014285523822,100.0
5490,1,12.113925849908206,12.113925849908206,100.0
5490,2,75.16905986456797,75.16905986456797,100.0
5500,0,37.59291797473773,37.59291797473773,100.0
5500,1,51.44175341355365,51.44175341355365,100.0
5500,2,10.96532861170862,10.96532861170862,100.0
5510,0,30.93852971929476,30.93852971929476,100.0
5510,1,49.9684056277626,49.9684056277626,100.0
5510,2,19.09306465294264,19.09306465294264,100.0
5520,0,45.030213045821334,45.030213045821334,100.0
5520,1,22.115569410460694,22.115569410460694,100.0
5520,2,32.854217543717986,32.854217543717986,100.0
5530,0,28.737856833740803,28.737856833740803,100.0
5530,1,44.306995663269355,44.306995663269355,100.0
5530,2,26.955147502989835,26.955147502989835,100.0
5540,0,64.9552337797887,64.9552337797887,100.0
5540,1,18.085466422708215,18.085466422708215,100.0
5540,2,16.959299797503093,16.959299797503093,100.0
5550,0,11.64769409018044,11.64769409018044,100.0
5550,1,11.580695281374533,11.580695281374533,100.0
5550,2,76.77161062844502,76.77161062844502,100.0
5560,0,13.512679063723892,13.512679063723892,100.0
5560,1,42.53761271849629,42.53761271849629,100.0
5560,2,43.949708217779815,43.949708217779815,100.0
5570,0,42.0823418324951,42.0823418324951,100.0
5570,1,23.242264957552184,23.242264957552184,100.0
5570,2,34.67539320995272,34.67539320995272,100.0
5580,0,28.065009800171737,28.065009800171737,100.0
5580,1,44.31655200399408,44.31655200399408,100.0
5580,2,27.618438195834184,27.618438195834184,100.0
5590,0,10.714199957914323,10.714199957914323,100.0
5590,1,37.4039120239886,37.4039120239886,100.0
5590,2,51.881888018097065,51.881888018097065,100.0
5600,0,22.701921677838037,22.701921677838037,100.0
5600,1,60.750646677727396,60.750646677727396,100.0
5600,2,16.547431644434575,16.547431644434575,100.0
5610,0,10.67236244744809,10.67236244744809,100.0
5610,1,12.12090088903354,12.12090088903354,100.0
5610,2,77.20673666351837,77.20673666351837,100.0
5620,0,17.882576938351587,17.882576938351587,100.0
5620,1,50.740019005645344,50.740019005645344,100.0
5620,2,31.377404056003076,31.377404056003076,100.0
5630,0,69.6314873273157,69.6314873273157,100.0
5630,1,12.03259787736442,12.03259787736442,100.0
5630,2,18.335914795319884,18.335914795319884,100.0
5640,0,37.30288742282793,37.30288742282793,100.0
5640,1,33.8111924123814,33.8111924123814,100.0
5640,2,28.88592016479066,28.88592016479066,100.0
5650,0,55.222714446447426,55.222714446447426,100.0
5650,1,17.46921888052212,17.46921888052212,100.0
5650,2,27.308066673030456,27.308066673030456,100.0
5660,0,30.223415065886,30.223415065886,100.0
5660,1,52.22921739592291,52.22921739592291,100.0
5660,2,17.54736753819108,17.54736753819108,100.0
5670,0,11.107447763587148,11.107447763587148,100.0
5670,1,11.256709076006132,11.256709076006132,100.0
5670,2,77.63584316040672,77.63584316040672,100.0
5680,0,36.92560833801902,36.92560833801902,100.0
5680,1,36.88877861716867,36.88877861716867,100.0
5680,2,26.18561304481232,26.18561304481232,100.0
5690,0,52.81677879991913,52.81677879991913,100.0
5690,1,37.54342761515489,37.54342761515489,100.0
5690,2,9.639793584925977,9.639793584925977,100.0
5700,0,29.561703041289388,29.561703041289388,100.0
5700,1,14.244643246061031,14.244643246061031,100.0
5700,2,56.193653712649585,56.193653712649585,100.0
5710,0,34.741589522945574,34.741589522945574,100.0
5710,1,53.15805806674425,53.15805806674425,100.0
5710,2,12.100352410310176,12.100352410310176,100.0
5720,0,41.391469685859825,41.391469685859825,100.0
5720,1,13.558597455772292,13.558597455772292,100.0
5720,2,45.04993285836789,45.04993285836789,100.0
5730,0,12.023005548614659,12.023005548614659,100.0
5730,1,12.888029891330156,12.888029891330156,100.0
5730,2,75.08896456005519,75.08896456005519,100.0
5740,0,33.880235875858986,33.880235875858986,100.0
5740,1,36.506637742690025,36.506637742690025,100.0
5740,2,29.61312638145099,29.61312638145099,100.0
5750,0,56.09482538527284,56.09482538527284,100.0
5750,1,14.165721556805114,14.165721556805114,100.0
5750,2,29.739453057922056,29.739453057922056,100.0
5760,0,70.69782147118285,70.69782147118285,100.0
5760,1,10.988593188418799,10.988593188418799,100.0
5760,2,18.313585340398355,18.313585340398355,100.0
5770,0,49.321440060189246,49.321440060189246,100.0
5770,1,36.03315049258717,36.03315049258717,100.0
5770,2,14.645409447223583,14.645409447223583,100.0
5780,0,24.30059005003938,24.30059005003938,100.0
5780,1,46.021140277257715,46.021140277257715,100.0
5780,2,29.6782696727029,29.6782696727029,100.0
5790,0,10.530350391932572,10.530350391932572,100.0
5790,1,13.672191055638173,13.672191055638173,100.0
5790,2,75.79745855242925,75.79745855242925,100.0
5800,0,56.07997882652245,56.07997882652245,100.0
5800,1,27.084587293572987,27.084587293572987,100.0
5800,2,16.83543387990456,16.83543387990456,100.0
5810,0,27.41942939663079,27.41942939663079,100.0
5810,1,47.75596235191904,47.75596235191904,100.0
5810,2,24.824608251450172,24.824608251450172,100.0
5820,0,56.93209338607432,56.93209338607432,100.0
5820,1,26.896387471840004,26.896387471840004,100.0
5820,2,16.171519142085668,16.171519142085668,100.0
5830,0,23.33413683197554,23.33413683197554,100.0
5830,1,11.276694296330115,11.276694296330115,100.0
5830,2,65.38916887169435,65.38916887169435,100.0
5840,0,52.562455821528744,52.562455821528744,100.0
5840,1,23.923359820183446,23.923359820183446,100.0
5840,2,23.514184358287814,23.514184358287814,100.0
5850,0,15.708620475613543,15.708620475613543,100.0
5850,1,14.395669839368022,14.395669839368022,100.0
5850,2,69.89570968501845,69.89570968501845,100.0
5860,0,73.88755960960175,73.88755960960175,100.0
5860,1,14.024396887725038,14.024396887725038,100.0
5860,2,12.088043502673216,12.088043502673216,100.0
5870,0,36.49742984376738,36.49742984376738,100.0
5870,1,14.945351870865045,14.945351870865045,100.0
5870,2,48.55721828536758,48.55721828536758,100.0
5880,0,18.719121919306627,18.719121919306627,100.0
5880,1,58.7860905566343,58.7860905566343,100.0
5880,2,22.494787524059074,22.494787524059074,100.0
5890,0,52.24776538433702,52.24776538433702,100.0
5890,1,22.396147205788534,22.396147205788534,100.0
5890,2,25.35608740987445,25.35608740987445,100.0
5900,0,64.3228059551209,64.3228059551209,100.0
5900,1,18.642768028759654,18.642768028759654,100.0
5900,2,17.034426016119454,17.034426016119454,100.0
5910,0,14.607602100826009,14.607602100826009,100.0
5910,1,14.880609404858935,14.880609404858935,100.0
5910,2,70.51178849431507,70.51178849431507,100.0
5920,0,43.923465190581545,43.923465190581545,100.0
5920,1,32.236853474956334,32.236853474956334,100.0
5920,2,23.83968133446212,23.83968133446212,100.0
5930,0,46.53379973392375,46.53379973392375,100.0
5930,1,29.316964321818446,29.316964321818446,100.0
5930,2,24.149235944257807,24.149235944257807,100.0
5940,0,26.327578662350582,26.327578662350582,100.0
5940,1,33.97737145490902,33.97737145490902,100.0
5940,2,39.6950498827404,39.6950498827404,100.0
5950,0,52.872382126861915,52.872382126861915,100.0
5950,1,32.19407568560278,32.19407568560278,100.0
5950,2,14.93354218753531,14.93354218753531,100.0
5960,0,50.44162668688203,50.44162668688203,100.0
5960,1,11.617904649141837,11.617904649141837,100.0
5960,2,37.940468663976134,37.940468663976134,100.0
5970,0,11.709225034195883,11.709225034195883,100.0
5970,1,11.109239486779177,11.109239486779177,100.0
5970,2,77.18153547902494,77.18153547902494,100.0
5980,0,33.443122404508976,33.443122404508976,100.0
5980,1,24.034986511242305,24.034986511242305,100.0
5980,2,42.521891084248715,42.521891084248715,100.0
5990,0,17.088229550649125,17.088229550649125,100.0
5990,1,63.288105946174745,63.288105946174745,100.0
5990,2,19.623664503176126,19.623664503176126,100.0
6000,0,67.1061396484264,67.1061396484264,100.0
6000,1,15.588126605942593,15.588126605942593,100.0
6000,2,17.305733745631006,17.305733745631006,100.0
6010,0,24.00943759682001,24.00943759682001,100.0
6010,1,39.947816188004296,39.947816188004296,100.0
6010,2,36.04274621517569,36.04274621517569,100.0
6020,0,60.2749514174964,60.2749514174964,100.0
6020,1,10.459109813926869,10.459109813926869,100.0
6020,2,29.26593876857672,29.26593876857672,100.0
6030,0,15.412437398883922,15.412437398883922,100.0
6030,1,13.002677520421289,13.002677520421289,100.0
6030,2,71.5848850806948,71.5848850806948,100.0
6040,0,54.16444838893807,54.16444838893807,100.0
6040,1,17.19906548778532,17.19906548778532,100.0
6040,2,28.636486123276605,28.636486123276605,100.0
6050,0,53.07049778238605,53.07049778238605,100.0
6050,1,20.457739617979215,20.457739617979215,100.0
6050,2,26.47176259963473,26.47176259963473,100.0
6060,0,33.71705707484191,33.71705707484191,100.0
6060,1,43.05358092053596,43.05358092053596,100.0
6060,2,23.229362004622132,23.229362004622132,100.0
6070,0,15.05181490491915,15.05181490491915,100.0
6070,1,64.63827251749433,64.63827251749433,100.0
6070,2,20.309912577586523,20.309912577586523,100.0
6080,0,49.81102380453586,49.81102380453586,100.0
6080,1,27.43968237564351,27.43968237564351,100.0
6080,2,22.74929381982063,22.74929381982063,100.0
6090,0,10.995770723548562,10.995770723548562,100.0
6090,1,10.863720656227418,10.863720656227418,100.0
6090,2,78.14050862022401,78.14050862022401,100.0
6100,0,15.73582933690808,15.73582933690808,100.0
6100,1,69.47799244657608,69.47799244657608,100.0
6100,2,14.786178216515838,14.786178216515838,100.0
6110,0,65.6979414591479,65.6979414591479,100.0
6110,1,19.9161534212478,19.9161534212478,100.0
6110,2,14.385905119604308,14.385905119604308,100.0
6120,0,58.82578546520462,58.82578546520462,100.0
6120,1,10.20022444392804,10.20022444392804,100.0
6120,2,30.973990090867353,30.973990090867353,100.0
6130,0,52.477161484968946,52.477161484968946,100.0
6130,1,33.089951607478696,33.089951607478696,100.0
6130,2,14.432886907552355,14.432886907552355,100.0
6140,0,38.07213710631972,38.07213710631972,100.0
6140,1,28.829714040376114,28.829714040376114,100.0
6140,2,33.098148853304174,33.098148853304174,100.0
6150,0,11.438251191745902,11.438251191745902,100.0
6150,1,12.184431743441076,12.184431743441076,100.0
6150,2,76.37731706481303,76.37731706481303,100.0
6160,0,65.27346393243096,65.27346393243096,100.0
6160,1,18.24464348694216,18.24464348694216,100.0
6160,2,16.481892580626884,16.481892580626884,100.0
6170,0,55.01590350841562,55.01590350841562,100.0
6170,1,25.594390776331355,25.594390776331355,100.0
6170,2,19.389705715253026,19.389705715253026,100.0
6180,0,64.22883792995009,64.22883792995009,100.0
6180,1,14.54419913745357,14.54419913745357,100.0
6180,2,21.22696293259634,21.22696293259634,100.0
6190,0,75.44402849754226,75.44402849754226,100.0
6190,1,12.192753660505126,12.192753660505126,100.0
6190,2,12.36321784195262,12.36321784195262,100.0
6200,0,74.53904475086588,74.53904475086588,100.0
6200,1,12.639382353467099,12.639382353467099,100.0
6200,2,12.821572895667025,12.821572895667025,100.0
6210,0,17.30474958970562,17.30474958970562,100.0
6210,1,17.58193199758632,17.58193199758632,100.0
6210,2,65.11331841270807,65.11331841270807,100.0
6220,0,67.70088728041979,67.70088728041979,100.0
6220,1,14.850660032023102,14.850660032023102,100.0
6220,2,17.448452687557104,17.448452687557104,100.0
6230,0,71.84978404974454,71.84978404974454,100.0
6230,1,12.012629630115876,12.012629630115876,100.0
6230,2,16.137586320139572,16.137586320139572,100.0
6240,0,52.820254263107024,52.820254263107024,100.0
6240,1,33.304218889454056,33.304218889454056,100.0
6240,2,13.875526847438916,13.875526847438916,100.0
6250,0,21.42785390635918,21.42785390635918,100.0
6250,1,52.425627764338664,52.425627764338664,100.0
6250,2,26.146518329302147,26.146518329302147,100.0
6260,0,26.406522029410944,26.406522029410944,100.0
6260,1,48.59879407148665,48.59879407148665,100.0
6260,2,24.994683899102405,24.994683899102405,100.0
6270,0,13.68840237903843,13.68840237903843,100.0
6270,1,13.655742884500787,13.655742884500787,100.0
6270,2,72.65585473646078,72.65585473646078,100.0
6280,0,55.40183247221086,55.40183247221086,100.0
6280,1,12.183994190816788,12.183994190816788,100.0
6280,2,32.414173336972354,32.414173336972354,100.0
6290,0,42.788022468566865,42.788022468566865,100.0
6290,1,10.527205677108883,10.527205677108883,100.0
6290,2,46.684771854324254,46.684771854324254,100.0
6300,0,33.41603077783127,33.41603077783127,100.0
6300,1,41.54672480012019,41.54672480012019,100.0
6300,2,25.03724442204855,25.03724442204855,100.0
6310,0,33.61541677762642,33.61541677762642,100.0
6310,1,48.16944733517733,48.16944733517733,100.0
6310,2,18.215135887196247,18.215135887196247,100.0
6320,0,16.289084242434576,16.289084242434576,100.0
6320,1,24.36367305288126,24.36367305288126,100.0
6320,2,59.34724270468416,59.34724270468416,100.0
6330,0,11.083486080482269,11.083486080482269,100.0
6330,1,11.340633119059222,11.340633119059222,100.0
6330,2,77.57588080045852,77.57588080045852,100.0
6340,0,14.5501118293757,14.5501118293757,100.0
6340,1,31.745717204694905,31.745717204694905,100.0
6340,2,53.7041709659294,53.7041709659294,100.0
6350,0,54.03958204567313,54.03958204567313,100.0
6350,1,7.739476416569067,7.739476416569067,100.0
6350,2,38.220941537757795,38.220941537757795,100.0
6360,0,58.1241484114871,58.1241484114871,100.0
6360,1,19.24779844237645,19.24779844237645,100.0
6360,2,22.628053146136452,22.628053146136452,100.0
6370,0,43.23345573624493,43.23345573624493,100.0
6370,1,45.104764045170654,45.104764045170654,100.0
6370,2,11.661780218584406,11.661780218584406,100.0
6380,0,49.87628025572324,49.87628025572324,100.0
6380,1,19.48321150237908,19.48321150237908,100.0
6380,2,30.640508241897678,30.640508241897678,100.0
6390,0,10.986601672326257,10.986601672326257,100.0
6390,1,13.467938767711384,13.467938767711384,100.0
6390,2,75.54545955996235,75.54545955996235,100.0
6400,0,23.688847793020987,23.688847793020987,100.0
6400,1,32.94498159337935,32.94498159337935,100.0
6400,2,43.366170613599664,43.366170613599664,100.0
6410,0,52.39290620900946,52.39290620900946,100.0
6410,1,26.64496096348909,26.64496096348909,100.0
6410,2,20.96213282750146,20.96213282750146,100.0
6420,0,21.94160778913713,21.94160778913713,100.0
6420,1,50.253150206762164,50.253150206762164,100.0
6420,2,27.805242004100705,27.805242004100705,100.0
6430,0,28.96391539766444,28.96391539766444,100.0
6430,1,28.289357527781476,28.289357527781476,100.0
6430,2,42.74672707455408,42.74672707455408,100.0
6440,0,39.04015421666381,39.04015421666381,100.0
6440,1,22.048686736221963,22.048686736221963,100.0
6440,2,38.91115904711424,38.91115904711424,100.0
6450,0,12.698032157536954,12.698032157536954,100.0
6450,1,15.060290537821555,15.060290537821555,100.0
6450,2,72.2416773046415,72.2416773046415,100.0
6460,0,35.82626913061492,35.82626913061492,100.0
6460,1,12.120863215896058,12.120863215896058,100.0
6460,2,52.05286765348903,52.05286765348903,100.0
6470,0,49.101579352363316,49.101579352363316,100.0
6470,1,8.497575806806466,8.497575806806466,100.0
6470,2,42.40084484083022,42.40084484083022,100.0
6480,0,51.70019566939007,51.70019566939007,100.0
6480,1,21.217243620155827,21.217243620155827,100.0
6480,2,27.0825607104541,27.0825607104541,100.0
6490,0,26.425054073597586,26.425054073597586,100.0
6490,1,40.329088397904066,40.329088397904066,100.0
6490,2,33.24585752849835,33.24585752849835,100.0
6500,0,74.44547280372848,74.44547280372848,100.0
6500,1,12.3704828356752,12.3704828356752,100.0
6500,2,13.18404436059632,13.18404436059632,100.0
6510,0,25.706580017829626,25.706580017829626,100.0
6510,1,34.78283770417037,34.78283770417037,100.0
6510,2,39.510582277999994,39.510582277999994,100.0
6520,0,24.52182485217251,24.52182485217251,100.0
6520,1,23.09121373651546,23.09121373651546,100.0
6520,2,52.38696141131203,52.38696141131203,100.0
6530,0,55.71746543331194,55.71746543331194,100.0
6530,1,20.509471137100427,20.509471137100427,100.0
6530,2,23.773063429587644,23.773063429587644,100.0
6540,0,48.88431745899526,48.88431745899526,100.0
6540,1,41.74470086042614,41.74470086042614,100.0
6540,2,9.370981680578595,9.370981680578595,100.0
6550,0,17.4306824111147,17.4306824111147,100.0
6550,1,21.812508259244566,21.812508259244566,100.0
6550,2,60.75680932964074,60.75680932964074,100.0
6560,0,34.44442499921224,34.44442499921224,100.0
6560,1,26.16387088265763,26.16387088265763,100.0
6560,2,39.39170411813013,39.39170411813013,100.0
6570,0,12.520753828551703,12.520753828551703,100.0
6570,1,10.887464256682984,10.887464256682984,100.0
6570,2,76.5917819147653,76.5917819147653,100.0
6580,0,38.52530304650116,38.52530304650116,100.0
6580,1,30.300931214912218,30.300931214912218,100.0
6580,2,31.173765738586628,31.173765738586628,100.0
6590,0,60.40482560073448,60.40482560073448,100.0
6590,1,9.602563435109861,9.602563435109861,100.0
6590,2,29.99261096415566,29.99261096415566,100.0
6600,0,66.06308270947862,66.06308270947862,100.0
6600,1,15.885618158737437,15.885618158737437,100.0
6600,2,18.051299131783942,18.051299131783942,100.0
6610,0,35.93839787321396,35.93839787321396,100.0
6610,1,40.23567134564645,40.23567134564645,100.0
6610,2,23.825930781139597,23.825930781139597,100.0
6620,0,59.4191675697686,59.4191675697686,100.0
6620,1,18.478283820234108,18.478283820234108,100.0
6620,2,22.102548609997292,22.102548609997292,100.0
6630,0,11.538566667282574,11.538566667282574,100.0
6630,1,11.747210872510141,11.747210872510141,100.0
6630,2,76.71422246020728,76.71422246020728,100.0
6640,0,66.90808764579957,66.90808764579957,100.0
6640,1,22.542743263148836,22.542743263148836,100.0
6640,2,10.549169091051589,10.549169091051589,100.0
6650,0,32.77989449902176,32.77989449902176,100.0
6650,1,25.875362205888635,25.875362205888635,100.0
6650,2,41.34474329508961,41.34474329508961,100.0
6660,0,45.38686517508374,45.38686517508374,100.0
6660,1,22.16392547998786,22.16392547998786,100.0
6660,2,32.449209344928406,32.449209344928406,100.0
6670,0,57.68934230816093,57.68934230816093,100.0
6670,1,15.020539375729221,15.020539375729221,100.0
6670,2,27.290118316109858,27.290118316109858,100.0
6680,0,50.46679957620752,50.46679957620752,100.0
6680,1,34.674136363239136,34.674136363239136,100.0
6680,2,14.859064060553347,14.859064060553347,100.0
6690,0,11.548841733910075,11.548841733910075,100.0
6690,1,12.499342493807305,12.499342493807305,100.0
6690,2,75.95181577228261,75.95181577228261,100.0
6700,0,45.108144076002944,45.108144076002944,100.0
6700,1,21.186832138068702,21.186832138068702,100.0
6700,2,33.70502378592836,33.70502378592836,100.0
6710,0,14.443912476715,14.443912476715,100.0
6710,1,18.64559276659911,18.64559276659911,100.0
6710,2,66.9104947566859,66.9104947566859,100.0
6720,0,55.71501918517788,55.71501918517788,100.0
6720,1,13.51524285726596,13.51524285726596,100.0
6720,2,30.769737957556163,30.769737957556163,100.0
6730,0,44.420352607226995,44.420352607226995,100.0
6730,1,44.788205466783076,44.788205466783076,100.0
6730,2,10.791441925989934,10.791441925989934,100.0
6740,0,39.78544982154073,39.78544982154073,100.0
6740,1,16.521948760661093,16.521948760661093,100.0
6740,2,43.69260141779819,43.69260141779819,100.0
6750,0,12.391245081155136,12.391245081155136,100.0
6750,1,11.476500093774636,11.476500093774636,100.0
6750,2,76.13225482507022,76.13225482507022,100.0
6760,0,38.12280754097917,38.12280754097917,100.0
6760,1,31.11190005171484,31.11190005171484,100.0
6760,2,30.765292407306006,30.765292407306006,100.0
6770,0,63.135341245486245,63.135341245486245,100.0
6770,1,22.026172376270836,22.026172376270836,100.0
6770,2,14.838486378242921,14.838486378242921,100.0
6780,0,71.79312595642796,71.79312595642796,100.0
6780,1,13.194673487618461,13.194673487618461,100.0
6780,2,15.01220055595358,15.01220055595358,100.0
6790,0,47.81250716074273,47.81250716074273,100.0
6790,1,28.665370940275576,28.665370940275576,100.0
6790,2,23.522121898981688,23.522121898981688,100.0
6800,0,37.57733070615314,37.57733070615314,100.0
6800,1,28.057294563382467,28.057294563382467,100.0
6800,2,34.365374730464396,34.365374730464396,100.0
6810,0,16.355393005785597,16.355393005785597,100.0
6810,1,16.25800340886948,16.25800340886948,100.0
6810,2,67.38660358534493,67.38660358534493,100.0
6820,0,76.05525911462134,76.05525911462134,100.0
6820,1,10.790841280317643,10.790841280317643,100.0
6820,2,13.153899605061014,13.153899605061014,100.0
6830,0,54.81514142967098,54.81514142967098,100.0
6830,1,14.295390206053183,14.295390206053183,100.0
6830,2,30.889468364275853,30.889468364275853,100.0
6840,0,61.97245189995117,61.97245189995117,100.0
6840,1,12.064837411726009,12.064837411726009,100.0
6840,2,25.962710688322826,25.962710688322826,100.0
6850,0,26.389529035787902,26.389529035787902,100.0
6850,1,27.536442193042106,27.536442193042106,100.0
6850,2,46.07402877116999,46.07402877116999,100.0
6860,0,63.251356922671185,63.251356922671185,100.0
6860,1,17.541656172947533,17.541656172947533,100.0
6860,2,19.20698690438129,19.20698690438129,100.0
6870,0,18.775956359168962,18.775956359168962,100.0
6870,1,32.60972700453535,32.60972700453535,100.0
6870,2,48.61431663629569,48.61431663629569,100.0
6880,0,65.95722946410376,65.95722946410376,100.0
6880,1,9.49018412700152,9.49018412700152,100.0
6880,2,24.552586408894715,24.552586408894715,100.0
6890,0,29.847125928303562,29.847125928303562,100.0
6890,1,37.930149461888256,37.930149461888256,100.0
6890,2,32.22272460980818,32.22272460980818,100.0
6900,0,30.18670964685305,30.18670964685305,100.0
6900,1,33.07303529162836,33.07303529162836,100.0
6900,2,36.74025506151859,36.74025506151859,100.0
6910,0,60.895138347645904,60.895138347645904,100.0
6910,1,16.05432347838329,16.05432347838329,100.0
6910,2,23.05053817397081,23.05053817397081,100.0
6920,0,34.39632775503979,34.39632775503979,100.0
6920,1,26.28122416011978,26.28122416011978,100.0
6920,2,39.322448084840424,39.322448084840424,100.0
6930,0,11.334545923932783,11.334545923932783,100.0
6930,1,11.367237564187157,11.367237564187157,100.0
6930,2,77.29821651188004,77.29821651188004,100.0
6940,0,32.61038919422269,32.61038919422269,100.0
6940,1,41.115079240873804,41.115079240873804,100.0
6940,2,26.27453156490351,26.27453156490351,100.0
6950,0,28.254518349173598,28.254518349173598,100.0
6950,1,19.6382042701405,19.6382042701405,100.0
6950,2,52.1072773806859,52.1072773806859,100.0
6960,0,42.15152133845854,42.15152133845854,100.0
6960,1,23.008718517559654,23.008718517559654,100.0
6960,2,34.83976014398181,34.83976014398181,100.0
6970,0,30.96649519008009,30.96649519008009,100.0
6970,1,41.80512340893305,41.80512340893305,100.0
6970,2,27.22838140098687,27.22838140098687,100.0
6980,0,68.3118600464582,68.3118600464582,100.0
6980,1,16.50239683941736,16.50239683941736,100.0
6980,2,15.185743114124447,15.185743114124447,100.0
6990,0,14.368390323218616,14.368390323218616,100.0
6990,1,13.164153628893677,13.164153628893677,100.0
6990,2,72.46745604788771,72.46745604788771,100.0
7000,0,62.48237053815136,62.48237053815136,100.0
7000,1,19.45514468960593,19.45514468960593,100.0
7000,2,18.06248477224272,18.06248477224272,100.0
7010,0,47.57045745725026,47.57045745725026,100.0
7010,1,11.291404718307533,11.291404718307533,100.0
7010,2,41.13813782444222,41.13813782444222,100.0
7020,0,57.27386517990146,57.27386517990146,100.0
7020,1,8.291379653009239,8.291379653009239,100.0
7020,2,34.4347551670893,34.4347551670893,100.0
7030,0,53.56883311999944,53.56883311999944,100.0
7030,1,34.58136905403733,34.58136905403733,100.0
7030,2,11.849797825963226,11.849797825963226,100.0
7040,0,71.06338440681051,71.06338440681051,100.0
7040,1,13.48993740640144,13.48993740640144,100.0
7040,2,15.446678186788047,15.446678186788047,100.0
7050,0,13.144640125217427,13.144640125217427,100.0
7050,1,21.49536705107326,21.49536705107326,100.0
7050,2,65.3599928237093,65.3599928237093,100.0
7060,0,46.17636619923957,46.17636619923957,100.0
7060,1,45.7778252753247,45.7778252753247,100.0
7060,2,8.045808525435719,8.045808525435719,100.0
7070,0,15.495660924049234,15.495660924049234,100.0
7070,1,44.60546876038026,44.60546876038026,100.0
7070,2,39.898870315570505,39.898870315570505,100.0
7080,0,59.74833259103115,59.74833259103115,100.0
7080,1,17.16126044117489,17.16126044117489,100.0
7080,2,23.09040696779396,23.09040696779396,100.0
7090,0,41.541538464047704,41.541538464047704,100.0
7090,1,25.85708554627637,25.85708554627637,100.0
7090,2,32.601375989675915,32.601375989675915,100.0
7100,0,38.76514950502346,38.76514950502346,100.0
7100,1,11.607555489812698,11.607555489812698,100.0
7100,2,49.62729500516384,49.62729500516384,100.0
7110,0,12.44292512480373,12.44292512480373,100.0
7110,1,11.943579496748095,11.943579496748095,100.0
7110,2,75.61349537844816,75.61349537844816,100.0
7120,0,43.43423634404597,43.43423634404597,100.0
7120,1,35.43651120310208,35.43651120310208,100.0
7120,2,21.12925245285196,21.12925245285196,100.0
7130,0,34.637850714974356,34.637850714974356,100.0
7130,1,28.656411480819788,28.656411480819788,100.0
7130,2,36.70573780420587,36.70573780420587,100.0
7140,0,59.69586367234072,59.69586367234072,100.0
7140,1,21.580011077129306,21.580011077129306,100.0
7140,2,18.72412525052997,18.72412525052997,100.0
7150,0,39.4367846747881,39.4367846747881,100.0
7150,1,20.822407507532994,20.822407507532994,100.0
7150,2,39.740807817678906,39.740807817678906,100.0
7160,0,34.953916261785814,34.953916261785814,100.0
7160,1,32.601886346584024,32.601886346584024,100.0
7160,2,32.444197391630155,32.444197391630155,100.0
7170,0,11.302787866935319,11.302787866935319,100.0
7170,1,11.083140244380814,11.083140244380814,100.0
7170,2,77.61407188868388,77.61407188868388,100.0
7180,0,62.467183355389025,62.467183355389025,100.0
7180,1,11.19088985237548,11.19088985237548,100.0
7180,2,26.341926792235505,26.341926792235505,100.0
7190,0,48.78999149135956,48.78999149135956,100.0
7190,1,14.679338241632662,14.679338241632662,100.0
7190,2,36.53067026700778,36.53067026700778,100.0
7200,0,30.53473075436627,30.53473075436627,100.0
7200,1,20.69271161496289,20.69271161496289,100.0
7200,2,48.772557630670846,48.772557630670846,100.0
7210,0,60.297700870972236,60.297700870972236,100.0
7210,1,21.378421453603185,21.378421453603185,100.0
7210,2,18.323877675424587,18.323877675424587,100.0
7220,0,70.68945597424818,70.68945597424818,100.0
7220,1,11.566490688006201,11.566490688006201,100.0
7220,2,17.74405333774562,17.74405333774562,100.0
7230,0,11.755293623117105,11.755293623117105,100.0
7230,1,11.89142071108115,11.89142071108115,100.0
7230,2,76.35328566580174,76.35328566580174,100.0
7240,0,51.69212934809192,51.69212934809192,100.0
7240,1,34.28180505270906,34.28180505270906,100.0
7240,2,14.02606559919902,14.02606559919902,100.0
7250,0,37.41828802105175,37.41828802105175,100.0
7250,1,10.953253044653758,10.953253044653758,100.0
7250,2,51.6284589342945,51.6284589342945,100.0
7260,0,64.84153667213495,64.84153667213495,100.0
7260,1,21.20343206008739,21.20343206008739,100.0
7260,2,13.955031267777663,13.955031267777663,100.0
7270,0,21.019420978618687,21.019420978618687,100.0
7270,1,34.71318706893787,34.71318706893787,100.0
7270,2,44.26739195244345,44.26739195244345,100.0
7280,0,23.40896798451862,23.40896798451862,100.0
7280,1,50.88487142285103,50.88487142285103,100.0
7280,2,25.70616059263036,25.70616059263036,100.0
7290,0,12.87295221368254,12.87295221368254,100.0
7290,1,11.700705423360548,11.700705423360548,100.0
7290,2,75.42634236295692,75.42634236295692,100.0
7300,0,69.95851837218919,69.95851837218919,100.0
7300,1,16.28013351290829,16.28013351290829,100.0
7300,2,13.76134811490253,13.76134811490253,100.0
7310,0,43.96750371705517,43.96750371705517,100.0
7310,1,10.807688858724006,10.807688858724006,100.0
7310,2,45.22480742422082,45.22480742422082,100.0
7320,0,39.984677332623995,39.984677332623995,100.0
7320,1,42.66067614788804,42.66067614788804,100.0
7320,2,17.354646519487975,17.354646519487975,100.0
7330,0,40.217241197282824,40.217241197282824,100.0
7330,1,31.656178832221432,31.656178832221432,100.0
7330,2,28.12657997049574,28.12657997049574,100.0
7340,0,57.67501498631448,57.67501498631448,100.0
7340,1,12.189069536429626,12.189069536429626,100.0
7340,2,30.135915477255903,30.135915477255903,100.0
7350,0,11.553776050425926,11.553776050425926,100.0
7350,1,12.101551248793143,12.101551248793143,100.0
7350,2,76.34467270078093,76.34467270078093,100.0
7360,0,11.789129148529682,11.789129148529682,100.0
7360,1,54.448542456296664,54.448542456296664,100.0
7360,2,33.762328395173654,33.762328395173654,100.0
7370,0,18.533836616245093,18.533836616245093,100.0
7370,1,18.253711974030004,18.253711974030004,100.0
7370,2,63.21245140972491,63.21245140972491,100.0
7380,0,56.07112923634726,56.07112923634726,100.0
7380,1,28.415908043408677,28.415908043408677,100.0
7380,2,15.512962720244062,15.512962720244062,100.0
7390,0,35.76316341289159,35.76316341289159,100.0
7390,1,28.6683748654321,28.6683748654321,100.0
7390,2,35.56846172167631,35.56846172167631,100.0
7400,0,17.361277894686626,17.361277894686626,100.0
7400,1,24.177639661359517,24.177639661359517,100.0
7400,2,58.46108244395385,58.46108244395385,100.0
7410,0,11.977465099521106,11.977465099521106,100.0
7410,1,12.435590016061644,12.435590016061644,100.0
7410,2,75.58694488441726,75.58694488441726,100.0
7420,0,37.56917556458499,37.56917556458499,100.0
7420,1,30.87832293236999,30.87832293236999,100.0
7420,2,31.55250150304503,31.55250150304503,100.0
7430,0,46.11431272419453,46.11431272419453,100.0
7430,1,14.206856375435656,14.206856375435656,100.0
7430,2,39.678830900369825,39.678830900369825,100.0
7440,0,35.941484475260246,35.941484475260246,100.0
7440,1,48.97491705688155,48.97491705688155,100.0
7440,2,15.083598467858215,15.083598467858215,100.0
7450,0,45.19164593912118,45.19164593912118,100.0
7450,1,42.244914067535674,42.244914067535674,100.0
7450,2,12.56343999334316,12.56343999334316,100.0
7460,0,42.48516381292294,42.48516381292294,100.0
7460,1,20.424954039841406,20.424954039841406,100.0
7460,2,37.089882147235656,37.089882147235656,100.0
7470,0,13.244144168960048,13.244144168960048,100.0
7470,1,13.228884938844953,13.228884938844953,100.0
7470,2,73.526970892195,73.526970892195,100.0
7480,0,51.50273556452337,51.50273556452337,100.0
7480,1,23.275611995353646,23.275611995353646,100.0
7480,2,25.221652440122984,25.221652440122984,100.0
7490,0,47.55048960093375,47.55048960093375,100.0
7490,1,37.18634406316988,37.18634406316988,100.0
7490,2,15.263166335896363,15.263166335896363,100.0
7500,0,53.56227132620543,53.56227132620543,100.0
7500,1,19.840754302417352,19.840754302417352,100.0
7500,2,26.596974371377215,26.596974371377215,100.0
7510,0,44.89822851085138,44.89822851085138,100.0
7510,1,11.552725581106046,11.552725581106046,100.0
7510,2,43.549045908042565,43.549045908042565,100.0
7520,0,56.64265689505037,56.64265689505037,100.0
7520,1,31.55171293804263,31.55171293804263,100.0
7520,2,11.805630166907,11.805630166907,100.0
7530,0,16.780524648063555,16.780524648063555,100.0
7530,1,14.282747758867794,14.282747758867794,100.0
7530,2,68.93672759306865,68.93672759306865,100.0
7540,0,44.80320748855356,44.80320748855356,100.0
7540,1,26.978580918789735,26.978580918789735,100.0
7540,2,28.218211592656704,28.218211592656704,100.0
7550,0,65.09275775943088,65.09275775943088,100.0
7550,1,21.88127849422767,21.88127849422767,100.0
7550,2,13.025963746341462,13.025963746341462,100.0
7560,0,31.678185689804746,31.678185689804746,100.0
7560,1,49.878295958129044,49.878295958129044,100.0
7560,2,18.44351835206622,18.44351835206622,100.0
7570,0,48.922250486542055,48.922250486542055,100.0
7570,1,27.884562546047047,27.884562546047047,100.0
7570,2,23.193186967410906,23.193186967410906,100.0
7580,0,17.069619911388763,17.069619911388763,100.0
7580,1,45.958174269183324,45.958174269183324,100.0
7580,2,36.97220581942792,36.97220581942792,100.0
7590,0,11.060390716702647,11.060390716702647,100.0
7590,1,10.909881554411822,10.909881554411822,100.0
7590,2,78.02972772888552,78.02972772888552,100.0
7600,0,10.408650707146512,10.408650707146512,100.0
7600,1,47.424051078824505,47.424051078824505,100.0
7600,2,42.16729821402898,42.16729821402898,100.0
7610,0,32.129630369769565,32.129630369769565,100.0
7610,1,23.961400473170507,23.961400473170507,100.0
7610,2,43.908969157059936,43.908969157059936,100.0
7620,0,38.64757466045481,38.64757466045481,100.0
7620,1,48.277156928796245,48.277156928796245,100.0
7620,2,13.075268410748949,13.075268410748949,100.0
7630,0,58.30615629870157,58.30615629870157,100.0
7630,1,27.406930904248995,27.406930904248995,100.0
7630,2,14.286912797049443,14.286912797049443,100.0
7640,0,53.37565652735149,53.37565652735149,100.0
7640,1,38.247449970257044,38.247449970257044,100.0
7640,2,8.376893502391468,8.376893502391468,100.0
7650,0,14.02355289512302,14.02355289512302,100.0
7650,1,12.856764573466398,12.856764573466398,100.0
7650,2,73.11968253141059,73.11968253141059,100.0
7660,0,67.5183272726599,67.5183272726599,100.0
7660,1,13.349911693523136,13.349911693523136,100.0
7660,2,19.131761033816968,19.131761033816968,100.0
7670,0,49.05459666738032,49.05459666738032,100.0
7670,1,12.508926609238792,12.508926609238792,100.0
7670,2,38.43647672338089,38.43647672338089,100.0
7680,0,29.20442417554232,29.20442417554232,100.0
7680,1,34.8770767494733,34.8770767494733,100.0
7680,2,35.91849907498438,35.91849907498438,100.0
7690,0,22.936721953197285,22.936721953197285,100.0
7690,1,20.72251568843807,20.72251568843807,100.0
7690,2,56.34076235836465,56.34076235836465,100.0
7700,0,35.42470908551438,35.42470908551438,100.0
7700,1,36.86598619118165,36.86598619118165,100.0
7700,2,27.70930472330397,27.70930472330397,100.0
7710,0,13.36932549377092,13.36932549377092,100.0
7710,1,12.716578586661312,12.716578586661312,100.0
7710,2,73.91409591956777,73.91409591956777,100.0
7720,0,47.778554093010555,47.778554093010555,100.0
7720,1,18.19365477181247,18.19365477181247,100.0
7720,2,34.02779113517698,34.02779113517698,100.0
7730,0,40.53182119857895,40.53182119857895,100.0
7730,1,10.223423328426199,10.223423328426199,100.0
7730,2,49.244755472994854,49.244755472994854,100.0
7740,0,25.427748778932504,25.427748778932504,100.0
7740,1,22.494791570945644,22.494791570945644,100.0
7740,2,52.07745965012185,52.07745965012185,100.0
7750,0,45.531824594561684,45.531824594561684,100.0
7750,1,34.28511705711688,34.28511705711688,100.0
7750,2,20.183058348321445,20.183058348321445,100.0
7760,0,43.84614839373579,43.84614839373579,100.0
7760,1,37.09659847915418,37.09659847915418,100.0
7760,2,19.057253127110034,19.057253127110034,100.0
7770,0,13.689125886356718,13.689125886356718,100.0
7770,1,13.34966039495595,13.34966039495595,100.0
7770,2,72.96121371868735,72.96121371868735,100.0
7780,0,55.078524318627764,55.078524318627764,100.0
7780,1,13.26356505201548,13.26356505201548,100.0
7780,2,31.657910629356767,31.657910629356767,100.0
7790,0,32.420302530700646,32.420302530700646,100.0
7790,1,54.404101701186924,54.404101701186924,100.0
7790,2,13.17559576811243,13.17559576811243,100.0
7800,0,37.30960770632412,37.30960770632412,100.0
7800,1,41.42803829835635,41.42803829835635,100.0
7800,2,21.262353995319533,21.262353995319533,100.0
7810,0,57.761420238685226,57.761420238685226,100.0
7810,1,19.572423839532128,19.572423839532128,100.0
7810,2,22.666155921782643,22.666155921782643,100.0
7820,0,24.70379202581307,24.70379202581307,100.0
7820,1,46.87777291178483,46.87777291178483,100.0
7820,2,28.418435062402114,28.418435062402114,100.0
7830,0,13.246895755164084,13.246895755164084,100.0
7830,1,13.084509824344694,13.084509824344694,100.0
7830,2,73.66859442049122,73.66859442049122,100.0
7840,0,57.37064012165728,57.37064012165728,100.0
7840,1,24.480546276352154,24.480546276352154,100.0
7840,2,18.14881360199056,18.14881360199056,100.0
7850,0,13.432184965739664,13.432184965739664,100.0
7850,1,15.912045106722491,15.912045106722491,100.0
7850,2,70.65576992753785,70.65576992753785,100.0
7860,0,41.535711537914864,41.535711537914864,100.0
7860,1,16.770356046795428,16.770356046795428,100.0
7860,2,41.69393241528971,41.69393241528971,100.0
7870,0,38.35646394037174,38.35646394037174,100.0
7870,1,18.598201587427223,18.598201587427223,100.0
7870,2,43.045334472201034,43.045334472201034,100.0
7880,0,49.32055107777021,49.32055107777021,100.0
7880,1,25.02886383799791,25.02886383799791,100.0
7880,2,25.65058508423188,25.65058508423188,100.0
7890,0,12.008125068305956,12.008125068305956,100.0
7890,1,20.277919132015093,20.277919132015093,100.0
7890,2,67.71395579967894,67.71395579967894,100.0
7900,0,38.908299392620094,38.908299392620094,100.0
7900,1,35.18092601016904,35.18092601016904,100.0
7900,2,25.910774597210885,25.910774597210885,100.0
7910,0,36.554895848255,36.554895848255,100.0
7910,1,31.115003243717844,31.115003243717844,100.0
7910,2,32.33010090802716,32.33010090802716,100.0
7920,0,61.66618548189883,61.66618548189883,100.0
7920,1,16.248317415125175,16.248317415125175,100.0
7920,2,22.08549710297601,22.08549710297601,100.0
7930,0,57.18328574048708,57.18328574048708,100.0
7930,1,20.592355960799974,20.592355960799974,100.0
7930,2,22.224358298712943,22.224358298712943,100.0
7940,0,52.250912326325064,52.250912326325064,100.0
7940,1,21.299375318624172,21.299375318624172,100.0
7940,2,26.449712355050764,26.449712355050764,100.0
7950,0,14.933188309273879,14.933188309273879,100.0
7950,1,14.719544668220838,14.719544668220838,100.0
7950,2,70.34726702250529,70.34726702250529,100.0
7960,0,20.47993499852735,20.47993499852735,100.0
7960,1,26.58927252750129,26.58927252750129,100.0
7960,2,52.93079247397136,52.93079247397136,100.0
7970,0,45.42843170861998,45.42843170861998,100.0
7970,1,20.243398736415013,20.243398736415013,100.0
7970,2,34.328169554965,34.328169554965,100.0
7980,0,38.89191105804657,38.89191105804657,100.0
7980,1,16.53231336613791,16.53231336613791,100.0
7980,2,44.57577557581553,44.57577557581553,100.0
7990,0,34.99704428153416,34.99704428153416,100.0
7990,1,37.101527922155285,37.101527922155285,100.0
7990,2,27.901427796310568,27.901427796310568,100.0
8000,0,39.22818081004753,39.22818081004753,100.0
8000,1,41.81035036316408,41.81035036316408,100.0
8000,2,18.961468826788384,18.961468826788384,100.0
8010,0,11.226038210829119,11.226038210829119,100.0
8010,1,11.410552275920612,11.410552275920612,100.0
8010,2,77.36340951325028,77.36340951325028,100.0
8020,0,45.08879534118736,45.08879534118736,100.0
8020,1,32.732302433812926,32.732302433812926,100.0
8020,2,22.178902224999725,22.178902224999725,100.0
8030,0,17.928264640103713,17.928264640103713,100.0
8030,1,34.144514695922965,34.144514695922965,100.0
8030,2,47.927220663973316,47.927220663973316,100.0
8040,0,49.460822314495275,49.460822314495275,100.0
8040,1,37.85018182782031,37.85018182782031,100.0
8040,2,12.688995857684432,12.688995857684432,100.0
8050,0,46.432497760939334,46.432497760939334,100.0
8050,1,43.05569794766397,43.05569794766397,100.0
8050,2,10.5118042913967,10.5118042913967,100.0
8060,0,70.25717981658113,70.25717981658113,100.0
8060,1,14.48217968582044,14.48217968582044,100.0
8060,2,15.260640497598436,15.260640497598436,100.0
8070,0,16.0498368733799,16.0498368733799,100.0
8070,1,13.697591419732232,13.697591419732232,100.0
8070,2,70.25257170688786,70.25257170688786,100.0
8080,0,53.44683489062893,53.44683489062893,100.0
8080,1,33.33383694233507,33.33383694233507,100.0
8080,2,13.219328167036004,13.219328167036004,100.0
8090,0,44.29432987642261,44.29432987642261,100.0
8090,1,31.693937503500454,31.693937503500454,100.0
8090,2,24.011732620076945,24.011732620076945,100.0
8100,0,47.43865955672882,47.43865955672882,100.0
8100,1,42.45388229207443,42.45388229207443,100.0
8100,2,10.107458151196745,10.107458151196745,100.0
8110,0,74.17307851671143,74.17307851671143,100.0
8110,1,10.530574302982746,10.530574302982746,100.0
8110,2,15.296347180305842,15.296347180305842,100.0
8120,0,24.98145659198034,24.98145659198034,100.0
8120,1,20.698451894354942,20.698451894354942,100.0
8120,2,54.320091513664714,54.320091513664714,100.0
8130,0,12.574399839161094,12.574399839161094,100.0
8130,1,12.334407163214237,12.334407163214237,100.0
8130,2,75.09119299762467,75.09119299762467,100.0
8140,0,55.59089926769174,55.59089926769174,100.0
8140,1,20.101081446242983,20.101081446242983,100.0
8140,2,24.30801928606528,24.30801928606528,100.0
8150,0,57.57710154113401,57.57710154113401,100.0
8150,1,20.351908563455382,20.351908563455382,100.0
8150,2,22.070989895410616,22.070989895410616,100.0
8160,0,47.76870840467575,47.76870840467575,100.0
8160,1,11.065741723685635,11.065741723685635,100.0
8160,2,41.16554987163861,41.16554987163861,100.0
8170,0,53.444659920769396,53.444659920769396,100.0
8170,1,18.54452639243023,18.54452639243023,100.0
8170,2,28.01081368680038,28.01081368680038,100.0
8180,0,61.837579345311134,61.837579345311134,100.0
8180,1,17.70153578046423,17.70153578046423,100.0
8180,2,20.46088487422464,20.46088487422464,100.0
8190,0,35.63351879259435,35.63351879259435,100.0
8190,1,25.94833257265707,25.94833257265707,100.0
8190,2,38.4181486347486,38.4181486347486,100.0
8200,0,46.52131338943951,46.52131338943951,100.0
8200,1,28.908649228937954,28.908649228937954,100.0
8200,2,24.570037381622534,24.570037381622534,100.0
8210,0,17.077315874635385,17.077315874635385,100.0
8210,1,15.913140450811547,15.913140450811547,100.0
8210,2,67.00954367455307,67.00954367455307,100.0
8220,0,14.745981035727599,14.745981035727599,100.0
8220,1,13.20460936386804,13.20460936386804,100.0
8220,2,72.04940960040437,72.04940960040437,100.0
8230,0,62.66653040816146,62.66653040816146,100.0
8230,1,14.539479127998606,14.539479127998606,100.0
8230,2,22.79399046383994,22.79399046383994,100.0
8240,0,28.098254556958246,28.098254556958246,100.0
8240,1,47.37745825753101,47.37745825753101,100.0
8240,2,24.524287185510726,24.524287185510726,100.0
8250,0,11.193523106909712,11.193523106909712,100.0
8250,1,11.11588960500874,11.11588960500874,100.0
8250,2,77.69058728808155,77.69058728808155,100.0
8260,0,43.65079729564464,43.65079729564464,100.0
8260,1,36.3007414474281,36.3007414474281,100.0
8260,2,20.048461256927254,20.048461256927254,100.0
8270,0,35.24434739227315,35.24434739227315,100.0
8270,1,37.709488445684606,37.709488445684606,100.0
8270,2,27.046164162042253,27.046164162042253,100.0
8280,0,14.489096687915598,14.489096687915598,100.0
8280,1,51.53872492044378,51.53872492044378,100.0
8280,2,33.972178391640625,33.972178391640625,100.0
8290,0,60.00590957568461,60.00590957568461,100.0
8290,1,30.904925163025354,30.904925163025354,100.0
8290,2,9.089165261290034,9.089165261290034,100.0
8300,0,50.62065963264517,50.62065963264517,100.0
8300,1,13.866840802212312,13.866840802212312,100.0
8300,2,35.51249956514253,35.51249956514253,100.0
8310,0,18.84506511693794,18.84506511693794,100.0
8310,1,22.916650698835355,22.916650698835355,100.0
8310,2,58.23828418422671,58.23828418422671,100.0
8320,0,40.87828507904328,40.87828507904328,100.0
8320,1,46.850574730622895,46.850574730622895,100.0
8320,2,12.271140190333814,12.271140190333814,100.0
8330,0,38.2369584913505,38.2369584913505,100.0
8330,1,23.544231743009192,23.544231743009192,100.0
8330,2,38.218809765640316,38.218809765640316,100.0
8340,0,29.529044589103613,29.529044589103613,100.0
8340,1,45.61044488074161,45.61044488074161,100.0
8340,2,24.860510530154777,24.860510530154777,100.0
8350,0,72.33076713422722,72.33076713422722,100.0
8350,1,13.342865802059157,13.342865802059157,100.0
8350,2,14.32636706371364,14.32636706371364,100.0
8360,0,32.24925623170147,32.24925623170147,100.0
8360,1,52.169846375868545,52.169846375868545,100.0
8360,2,15.580897392429979,15.580897392429979,100.0
8370,0,11.21688642153907,11.21688642153907,100.0
8370,1,11.198588995574303,11.198588995574303,100.0
8370,2,77.58452458288664,77.58452458288664,100.0
8380,0,61.242341289719896,61.242341289719896,100.0
8380,1,21.643763123666414,21.643763123666414,100.0
8380,2,17.1138955866137,17.1138955866137,100.0
8390,0,65.38909594815458,65.38909594815458,100.0
8390,1,10.421077452728136,10.421077452728136,100.0
8390,2,24.189826599117296,24.189826599117296,100.0
8400,0,59.600383671427984,59.600383671427984,100.0
8400,1,21.947889815186052,21.947889815186052,100.0
8400,2,18.45172651338597,18.45172651338597,100.0
8410,0,27.09966308277047,27.09966308277047,100.0
8410,1,17.273341083461624,17.273341083461624,100.0
8410,2,55.6269958337679,55.6269958337679,100.0
8420,0,61.255228536706575,61.255228536706575,100.0
8420,1,17.048802750951925,17.048802750951925,100.0
8420,2,21.695968712341504,21.695968712341504,100.0
8430,0,29.693331913872072,29.693331913872072,100.0
8430,1,28.47233237279895,28.47233237279895,100.0
8430,2,41.83433571332899,41.83433571332899,100.0
8440,0,25.1661593379821,25.1661593379821,100.0
8440,1,10.231736287465768,10.231736287465768,100.0
8440,2,64.60210437455214,64.60210437455214,100.0
8450,0,66.41026371963112,66.41026371963112,100.0
8450,1,15.36521065269737,15.36521065269737,100.0
8450,2,18.224525627671518,18.224525627671518,100.0
8460,0,69.38442869878742,69.38442869878742,100.0
8460,1,10.864063762066923,10.864063762066923,100.0
8460,2,19.751507539145674,19.751507539145674,100.0
8470,0,44.12905239282507,44.12905239282507,100.0
8470,1,41.037098557621064,41.037098557621064,100.0
8470,2,14.833849049553862,14.833849049553862,100.0
8480,0,51.450298064050756,51.450298064050756,100.0
8480,1,32.50370678632602,32.50370678632602,100.0
8480,2,16.045995149623213,16.045995149623213,100.0
8490,0,13.238485191635416,13.238485191635416,100.0
8490,1,11.918509937955656,11.918509937955656,100.0
8490,2,74.84300487040892,74.84300487040892,100.0
8500,0,47.17554867406428,47.17554867406428,100.0
8500,1,11.491100544912642,11.491100544912642,100.0
8500,2,41.33335078102308,41.33335078102308,100.0
8510,0,54.3472178897928,54.3472178897928,100.0
8510,1,14.33905028519941,14.33905028519941,100.0
8510,2,31.313731825007796,31.313731825007796,100.0
8520,0,56.72235291920511,56.72235291920511,100.0
8520,1,17.56840560406655,17.56840560406655,100.0
8520,2,25.709241476728334,25.709241476728334,100.0
8530,0,25.817459227126648,25.817459227126648,100.0
8530,1,27.628914573718927,27.628914573718927,100.0
8530,2,46.55362619915444,46.55362619915444,100.0
8540,0,62.151861038009685,62.151861038009685,100.0
8540,1,17.59116622764382,17.59116622764382,100.0
8540,2,20.2569727343465,20.2569727343465,100.0
8550,0,17.062174596614213,17.062174596614213,100.0
8550,1,10.85269167684831,10.85269167684831,100.0
8550,2,72.08513372653748,72.08513372653748,100.0
8560,0,53.36152491057795,53.36152491057795,100.0
8560,1,7.727368907918327,7.727368907918327,100.0
8560,2,38.91110618150372,38.91110618150372,100.0
8570,0,33.51485599393137,33.51485599393137,100.0
8570,1,36.68915584684786,36.68915584684786,100.0
8570,2,29.795988159220776,29.795988159220776,100.0
8580,0,46.40907998430471,46.40907998430471,100.0
8580,1,22.71747145886567,22.71747145886567,100.0
8580,2,30.87344855682962,30.87344855682962,100.0
8590,0,37.69141625218156,37.69141625218156,100.0
8590,1,48.197496787641406,48.197496787641406,100.0
8590,2,14.11108696017704,14.11108696017704,100.0
8600,0,37.8144384476031,37.8144384476031,100.0
8600,1,34.62645495528992,34.62645495528992,100.0
8600,2,27.559106597106975,27.559106597106975,100.0
8610,0,13.043207382104358,13.043207382104358,100.0
8610,1,11.287803765964355,11.287803765964355,100.0
8610,2,75.66898885193129,75.66898885193129,100.0
8620,0,69.71683476162562,69.71683476162562,100.0
8620,1,11.753119239591744,11.753119239591744,100.0
8620,2,18.53004599878263,18.53004599878263,100.0
8630,0,60.61706297874486,60.61706297874486,100.0
8630,1,20.742927396865706,20.742927396865706,100.0
8630,2,18.64000962438943,18.64000962438943,100.0
8640,0,65.71843855608084,65.71843855608084,100.0
8640,1,18.656434877578178,18.656434877578178,100.0
8640,2,15.625126566340985,15.625126566340985,100.0
8650,0,45.6075075689416,45.6075075689416,100.0
8650,1,26.795494206835503,26.795494206835503,100.0
8650,2,27.596998224222908,27.596998224222908,100.0
8660,0,62.783592077765086,62.783592077765086,100.0
8660,1,13.48750733133796,13.48750733133796,100.0
8660,2,23.728900590896956,23.728900590896956,100.0
8670,0,27.903090929320495,27.903090929320495,100.0
8670,1,27.692740454941116,27.692740454941116,100.0
8670,2,44.40416861573839,44.40416861573839,100.0
8680,0,58.009994728067426,58.009994728067426,100.0
8680,1,11.960739382884583,11.960739382884583,100.0
8680,2,30.02926588904799,30.02926588904799,100.0
8690,0,41.11443981917106,41.11443981917106,100.0
8690,1,17.63355847142464,17.63355847142464,100.0
8690,2,41.252001709404304,41.252001709404304,100.0
8700,0,16.64269228378763,16.64269228378763,100.0
8700,1,26.278251375557275,26.278251375557275,100.0
8700,2,57.0790563406551,57.0790563406551,100.0
8710,0,61.105278791517314,61.105278791517314,100.0
8710,1,22.402325992503993,22.402325992503993,100.0
8710,2,16.492395215978704,16.492395215978704,100.0
8720,0,71.19556164444816,71.19556164444816,100.0
8720,1,15.593085399355358,15.593085399355358,100.0
8720,2,13.211352956196476,13.211352956196476,100.0
8730,0,19.844584646288375,19.844584646288375,100.0
8730,1,20.931022138109892,20.931022138109892,100.0
8730,2,59.22439321560174,59.22439321560174,100.0
8740,0,57.078938684086324,57.078938684086324,100.0
8740,1,17.077836039845444,17.077836039845444,100.0
8740,2,25.84322527606824,25.84322527606824,100.0
8750,0,45.128382916516884,45.128382916516884,100.0
8750,1,14.140179601288736,14.140179601288736,100.0
8750,2,40.73143748219437,40.73143748219437,100.0
8760,0,45.2364409597954,45.2364409597954,100.0
8760,1,23.595184357040758,23.595184357040758,100.0
8760,2,31.16837468316384,31.16837468316384,100.0
8770,0,34.11891635717069,34.11891635717069,100.0
8770,1,52.11414439902047,52.11414439902047,100.0
8770,2,13.766939243808851,13.766939243808851,100.0
8780,0,65.1148652551723,65.1148652551723,100.0
8780,1,22.245276873339968,22.245276873339968,100.0
8780,2,12.639857871487727,12.639857871487727,100.0
8790,0,46.72569271083812,46.72569271083812,100.0
8790,1,31.5210036871827,31.5210036871827,100.0
8790,2,21.753303601979184,21.753303601979184,100.0
8800,0,23.263808885534768,23.263808885534768,100.0
8800,1,42.205776653069165,42.205776653069165,100.0
8800,2,34.53041446139608,34.53041446139608,100.0
8810,0,33.73375578860059,33.73375578860059,100.0
8810,1,36.20322049820142,36.20322049820142,100.0
8810,2,30.063023713198,30.063023713198,100.0
8820,0,66.72678026348157,66.72678026348157,100.0
8820,1,17.710219427210383,17.710219427210383,100.0
8820,2,15.563000309308055,15.563000309308055,100.0
8830,0,27.013428890277595,27.013428890277595,100.0
8830,1,26.164890947331404,26.164890947331404,100.0
8830,2,46.821680162391004,46.821680162391004,100.0
8840,0,68.50235948165859,68.50235948165859,100.0
8840,1,18.654454648378284,18.654454648378284,100.0
8840,2,12.84318586996312,12.84318586996312,100.0
8850,0,11.00891291244395,11.00891291244395,100.0
8850,1,13.439462468963242,13.439462468963242,100.0
8850,2,75.55162461859281,75.55162461859281,100.0
8860,0,48.00736854575301,48.00736854575301,100.0
8860,1,25.053348375774544,25.053348375774544,100.0
8860,2,26.939283078472453,26.939283078472453,100.0
8870,0,33.68218941664312,33.68218941664312,100.0
8870,1,30.81476820328661,30.81476820328661,100.0
8870,2,35.50304238007026,35.50304238007026,100.0
8880,0,45.394284182074266,45.394284182074266,100.0
8880,1,30.47805546752259,30.47805546752259,100.0
8880,2,24.127660350403147,24.127660350403147,100.0
8890,0,16.419952641815826,16.419952641815826,100.0
8890,1,35.41619422371857,35.41619422371857,100.0
8890,2,48.163853134465604,48.163853134465604,100.0
8900,0,70.72701193304938,70.72701193304938,100.0
8900,1,14.874674364660706,14.874674364660706,100.0
8900,2,14.398313702289922,14.398313702289922,100.0
8910,0,24.493497645463894,24.493497645463894,100.0
8910,1,24.660960450126673,24.660960450126673,100.0
8910,2,50.84554190440943,50.84554190440943,100.0
8920,0,63.44649900859463,63.44649900859463,100.0
8920,1,18.392727518994178,18.392727518994178,100.0
8920,2,18.160773472411197,18.160773472411197,100.0
8930,0,26.254271707707165,26.254271707707165,100.0
8930,1,44.6622041065934,44.6622041065934,100.0
8930,2,29.08352418569945,29.08352418569945,100.0
8940,0,16.982373085368184,16.982373085368184,100.0
8940,1,39.192799193419155,39.192799193419155,100.0
8940,2,43.824827721212664,43.824827721212664,100.0
8950,0,40.348728716681606,40.348728716681606,100.0
8950,1,43.26505409342321,43.26505409342321,100.0
8950,2,16.38621718989518,16.38621718989518,100.0
8960,0,29.008271972357903,29.008271972357903,100.0
8960,1,11.827016172538613,11.827016172538613,100.0
8960,2,59.16471185510349,59.16471185510349,100.0
8970,0,18.191911845575216,18.191911845575216,100.0
8970,1,10.214887725686104,10.214887725686104,100.0
8970,2,71.5932004287387,71.5932004287387,100.0
8980,0,21.811560241240368,21.811560241240368,100.0
8980,1,41.162014169133,41.162014169133,100.0
8980,2,37.026425589626626,37.026425589626626,100.0
8990,0,42.43504758569234,42.43504758569234,100.0
8990,1,13.417931175945554,13.417931175945554,100.0
8990,2,44.147021238362115,44.147021238362115,100.0
9000,0,33.11575853252601,33.11575853252601,100.0
9000,1,28.58420267558853,28.58420267558853,100.0
9000,2,38.30003879188548,38.30003879188548,100.0
9010,0,32.615091674390406,32.615091674390406,100.0
9010,1,23.55267638736571,23.55267638736571,100.0
9010,2,43.83223193824388,43.83223193824388,100.0
9020,0,53.46452401095365,53.46452401095365,100.0
9020,1,16.633271619799622,16.633271619799622,100.0
9020,2,29.90220436924674,29.90220436924674,100.0
9030,0,11.934241345062532,11.934241345062532,100.0
9030,1,10.801988046743611,10.801988046743611,100.0
9030,2,77.26377060819385,77.26377060819385,100.0
9040,0,46.76331500253938,46.76331500253938,100.0
9040,1,25.128153523928276,25.128153523928276,100.0
9040,2,28.108531473532338,28.108531473532338,100.0
9050,0,41.85351243968851,41.85351243968851,100.0
9050,1,11.074271142860916,11.074271142860916,100.0
9050,2,47.072216417450576,47.072216417450576,100.0
9060,0,45.659054282954145,45.659054282954145,100.0
9060,1,19.61485630712991,19.61485630712991,100.0
9060,2,34.72608940991596,34.72608940991596,100.0
9070,0,42.99580222969692,42.99580222969692,100.0
9070,1,7.141258543683817,7.141258543683817,100.0
9070,2,49.86293922661927,49.86293922661927,100.0
9080,0,31.830272650503066,31.830272650503066,100.0
9080,1,10.005871311959512,10.005871311959512,100.0
9080,2,58.16385603753742,58.16385603753742,100.0
9090,0,11.771303147888121,11.771303147888121,100.0
9090,1,11.075081384087685,11.075081384087685,100.0
9090,2,77.1536154680242,77.1536154680242,100.0
9100,0,38.51771782071768,38.51771782071768,100.0
9100,1,16.449324065785788,16.449324065785788,100.0
9100,2,45.03295811349654,45.03295811349654,100.0
9110,0,45.28506399788521,45.28506399788521,100.0
9110,1,10.447802078909149,10.447802078909149,100.0
9110,2,44.267133923205634,44.267133923205634,100.0
9120,0,47.22523989403702,47.22523989403702,100.0
9120,1,9.533197425473059,9.533197425473059,100.0
9120,2,43.24156268048993,43.24156268048993,100.0
9130,0,33.273601372208105,33.273601372208105,100.0
9130,1,51.073320652480426,51.073320652480426,100.0
9130,2,15.653077975311469,15.653077975311469,100.0
9140,0,56.91707536022415,56.91707536022415,100.0
9140,1,20.764417317205645,20.764417317205645,100.0
9140,2,22.318507322570206,22.318507322570206,100.0
9150,0,23.2794445573671,23.2794445573671,100.0
9150,1,22.38098802219591,22.38098802219591,100.0
9150,2,54.339567420436985,54.339567420436985,100.0
9160,0,48.12452421058392,48.12452421058392,100.0
9160,1,11.408765852974174,11.408765852974174,100.0
9160,2,40.466709936441916,40.466709936441916,100.0
9170,0,31.70692196389272,31.70692196389272,100.0
9170,1,51.36915873415503,51.36915873415503,100.0
9170,2,16.92391930195226,16.92391930195226,100.0
9180,0,37.1303533660665,37.1303533660665,100.0
9180,1,18.37543215265654,18.37543215265654,100.0
9180,2,44.49421448127696,44.49421448127696,100.0
9190,0,36.95617435890396,36.95617435890396,100.0
9190,1,34.689333349589184,34.689333349589184,100.0
9190,2,28.354492291506865,28.354492291506865,100.0
9200,0,22.46616822212883,22.46616822212883,100.0
9200,1,41.29037495518106,41.29037495518106,100.0
9200,2,36.24345682269011,36.24345682269011,100.0
9210,0,15.832475825433173,15.832475825433173,100.0
9210,1,16.074418066681208,16.074418066681208,100.0
9210,2,68.09310610788562,68.09310610788562,100.0
9220,0,20.80575338741056,20.80575338741056,100.0
9220,1,18.86220273928083,18.86220273928083,100.0
9220,2,60.33204387330861,60.33204387330861,100.0
9230,0,51.95410295955324,51.95410295955324,100.0
9230,1,27.45213969115562,27.45213969115562,100.0
9230,2,20.593757349291156,20.593757349291156,100.0
9240,0,41.37594527268263,41.37594527268263,100.0
9240,1,15.082509988607198,15.082509988607198,100.0
9240,2,43.54154473871017,43.54154473871017,100.0
9250,0,62.284563811456586,62.284563811456586,100.0
9250,1,23.05549696875737,23.05549696875737,100.0
9250,2,14.659939219786047,14.659939219786047,100.0
9260,0,23.828890818272505,23.828890818272505,100.0
9260,1,25.278086526894345,25.278086526894345,100.0
9260,2,50.89302265483315,50.89302265483315,100.0
9270,0,11.310904080422985,11.310904080422985,100.0
9270,1,11.585555493526288,11.585555493526288,100.0
9270,2,77.10354042605073,77.10354042605073,100.0
9280,0,38.6512917390838,38.6512917390838,100.0
9280,1,34.616920610369704,34.616920610369704,100.0
9280,2,26.7317876505465,26.7317876505465,100.0
9290,0,32.300705071761094,32.300705071761094,100.0
9290,1,51.028651196150385,51.028651196150385,100.0
9290,2,16.670643732088518,16.670643732088518,100.0
9300,0,53.0873801611865,53.0873801611865,100.0
9300,1,29.491919680194066,29.491919680194066,100.0
9300,2,17.42070015861943,17.42070015861943,100.0
9310,0,34.974607324590046,34.974607324590046,100.0
9310,1,31.970960775437625,31.970960775437625,100.0
9310,2,33.05443189997233,33.05443189997233,100.0
9320,0,64.84720260597015,64.84720260597015,100.0
9320,1,18.40471773999651,18.40471773999651,100.0
9320,2,16.748079654033337,16.748079654033337,100.0
9330,0,57.8220685000567,57.8220685000567,100.0
9330,1,17.159373474040297,17.159373474040297,100.0
9330,2,25.018558025902998,25.018558025902998,100.0
9340,0,42.396671127949595,42.396671127949595,100.0
9340,1,10.244151509045674,10.244151509045674,100.0
9340,2,47.359177363004726,47.359177363004726,100.0
9350,0,58.383426596497735,58.383426596497735,100.0
9350,1,21.62857073260523,21.62857073260523,100.0
9350,2,19.988002670897046,19.988002670897046,100.0
9360,0,29.993147048410172,29.993147048410172,100.0
9360,1,51.73057449379876,51.73057449379876,100.0
9360,2,18.27627845779107,18.27627845779107,100.0
9370,0,56.01148109070442,56.01148109070442,100.0
9370,1,15.5830082558988,15.5830082558988,100.0
9370,2,28.40551065339679,28.40551065339679,100.0
9380,0,57.07445388538002,57.07445388538002,100.0
9380,1,10.854342323096782,10.854342323096782,100.0
9380,2,32.07120379152319,32.07120379152319,100.0
9390,0,18.085798950306973,18.085798950306973,100.0
9390,1,20.92716536965994,20.92716536965994,100.0
9390,2,60.987035680033095,60.987035680033095,100.0
9400,0,50.27030120053402,50.27030120053402,100.0
9400,1,37.45815860022171,37.45815860022171,100.0
9400,2,12.271540199244281,12.271540199244281,100.0
9410,0,40.785032258599045,40.785032258599045,100.0
9410,1,40.820198127469304,40.820198127469304,100.0
9410,2,18.39476961393166,18.39476961393166,100.0
9420,0,26.23851608244085,26.23851608244085,100.0
9420,1,28.068681202224,28.068681202224,100.0
9420,2,45.692802715335155,45.692802715335155,100.0
9430,0,63.5643743809993,63.5643743809993,100.0
9430,1,16.96653296769026,16.96653296769026,100.0
9430,2,19.469092651310437,19.469092651310437,100.0
9440,0,56.37273970042407,56.37273970042407,100.0
9440,1,16.247157566545717,16.247157566545717,100.0
9440,2,27.38010273303021,27.38010273303021,100.0
9450,0,14.440365138756292,14.440365138756292,100.0
9450,1,13.230115051249793,13.230115051249793,100.0
9450,2,72.32951980999391,72.32951980999391,100.0
9460,0,70.30677884947751,70.30677884947751,100.0
9460,1,15.32024013616669,15.32024013616669,100.0
9460,2,14.372981014355798,14.372981014355798,100.0
9470,0,14.742678982705296,14.742678982705296,100.0
9470,1,18.782974885015907,18.782974885015907,100.0
9470,2,66.47434613227881,66.47434613227881,100.0
9480,0,61.476806245209424,61.476806245209424,100.0
9480,1,14.632893014478793,14.632893014478793,100.0
9480,2,23.890300740311776,23.890300740311776,100.0
9490,0,47.39667086309737,47.39667086309737,100.0
9490,1,14.799491850171092,14.799491850171092,100.0
9490,2,37.803837286731536,37.803837286731536,100.0
9500,0,49.029792725342496,49.029792725342496,100.0
9500,1,28.556290810749935,28.556290810749935,100.0
9500,2,22.413916463907572,22.413916463907572,100.0
9510,0,11.426987387086758,11.426987387086758,100.0
9510,1,11.348862930597045,11.348862930597045,100.0
9510,2,77.2241496823162,77.2241496823162,100.0
9520,0,45.77153036102676,45.77153036102676,100.0
9520,1,15.151490616303981,15.151490616303981,100.0
9520,2,39.07697902266926,39.07697902266926,100.0
9530,0,39.18634423858686,39.18634423858686,100.0
9530,1,10.668265139391478,10.668265139391478,100.0
9530,2,50.14539062202166,50.14539062202166,100.0
9540,0,62.98225767148431,62.98225767148431,100.0
9540,1,14.764964155758085,14.764964155758085,100.0
9540,2,22.252778172757605,22.252778172757605,100.0
9550,0,57.32468719576411,57.32468719576411,100.0
9550,1,28.20548643172603,28.20548643172603,100.0
9550,2,14.469826372509868,14.469826372509868,100.0
9560,0,42.62308642503184,42.62308642503184,100.0
9560,1,35.54704647988403,35.54704647988403,100.0
9560,2,21.829867095084133,21.829867095084133,100.0
9570,0,13.668581447080244,13.668581447080244,100.0
9570,1,18.12394279690358,18.12394279690358,100.0
9570,2,68.2074757560162,68.2074757560162,100.0
9580,0,45.32740606649723,45.32740606649723,100.0
9580,1,17.767870001912108,17.767870001912108,100.0
9580,2,36.90472393159066,36.90472393159066,100.0
9590,0,26.385143578838544,26.385143578838544,100.0
9590,1,16.843004824242456,16.843004824242456,100.0
9590,2,56.77185159691901,56.77185159691901,100.0
9600,0,31.17543434628268,31.17543434628268,100.0
9600,1,33.11845544912002,33.11845544912002,100.0
9600,2,35.706110204597294,35.706110204597294,100.0
9610,0,65.48318456222347,65.48318456222347,100.0
9610,1,18.28967328650008,18.28967328650008,100.0
9610,2,16.227142151276457,16.227142151276457,100.0
9620,0,13.13570680552,13.13570680552,100.0
9620,1,48.90060951561905,48.90060951561905,100.0
9620,2,37.96368367886096,37.96368367886096,100.0
9630,0,12.719282055438327,12.719282055438327,100.0
9630,1,11.304107007578164,11.304107007578164,100.0
9630,2,75.9766109369835,75.9766109369835,100.0
9640,0,44.97976575193366,44.97976575193366,100.0
9640,1,18.875383974658526,18.875383974658526,100.0
9640,2,36.144850273407826,36.144850273407826,100.0
9650,0,61.696506505019386,61.696506505019386,100.0
9650,1,11.763073747209193,11.763073747209193,100.0
9650,2,26.54041974777141,26.54041974777141,100.0
9660,0,61.04078712222973,61.04078712222973,100.0
9660,1,17.242076095115113,17.242076095115113,100.0
9660,2,21.717136782655157,21.717136782655157,100.0
9670,0,12.573069552866997,12.573069552866997,100.0
9670,1,51.48571715693645,51.48571715693645,100.0
9670,2,35.941213290196565,35.941213290196565,100.0
9680,0,46.911630622001645,46.911630622001645,100.0
9680,1,37.88774237699061,37.88774237699061,100.0
9680,2,15.20062700100776,15.20062700100776,100.0
9690,0,12.06779725356822,12.06779725356822,100.0
9690,1,12.028350892643463,12.028350892643463,100.0
9690,2,75.90385185378832,75.90385185378832,100.0
9700,0,70.19451138106677,70.19451138106677,100.0
9700,1,16.068210865169892,16.068210865169892,100.0
9700,2,13.737277753763335,13.737277753763335,100.0
9710,0,42.05781626588386,42.05781626588386,100.0
9710,1,15.836268798768518,15.836268798768518,100.0
9710,2,42.10591493534762,42.10591493534762,100.0
9720,0,38.612223134575196,38.612223134575196,100.0
9720,1,32.50343664077634,32.50343664077634,100.0
9720,2,28.884340224648458,28.884340224648458,100.0
9730,0,15.458792320254275,15.458792320254275,100.0
9730,1,18.666556904878444,18.666556904878444,100.0
9730,2,65.87465077486728,65.87465077486728,100.0
9740,0,29.240719645910936,29.240719645910936,100.0
9740,1,35.9788664429999,35.9788664429999,100.0
9740,2,34.78041391108916,34.78041391108916,100.0
9750,0,12.109601783541283,12.109601783541283,100.0
9750,1,12.04161249897477,12.04161249897477,100.0
9750,2,75.84878571748395,75.84878571748395,100.0
9760,0,54.40772664801106,54.40772664801106,100.0
9760,1,16.61382377450741,16.61382377450741,100.0
9760,2,28.97844957748154,28.97844957748154,100.0
9770,0,32.439966907641484,32.439966907641484,100.0
9770,1,27.533386989856425,27.533386989856425,100.0
9770,2,40.02664610250209,40.02664610250209,100.0
9780,0,65.56409858314895,65.56409858314895,100.0
9780,1,22.32141478143868,22.32141478143868,100.0
9780,2,12.114486635412375,12.114486635412375,100.0
9790,0,52.53266359254025,52.53266359254025,100.0
9790,1,28.201184004393642,28.201184004393642,100.0
9790,2,19.266152403066116,19.266152403066116,100.0
9800,0,8.102735813278244,8.102735813278244,100.0
9800,1,46.45164677408952,46.45164677408952,100.0
9800,2,45.44561741263225,45.44561741263225,100.0
9810,0,12.721459984127414,12.721459984127414,100.0
9810,1,13.439095428102005,13.439095428102005,100.0
9810,2,73.83944458777057,73.83944458777057,100.0
9820,0,18.931466220664774,18.931466220664774,100.0
9820,1,18.83671513572595,18.83671513572595,100.0
9820,2,62.23181864360928,62.23181864360928,100.0
9830,0,52.56939355206502,52.56939355206502,100.0
9830,1,26.25390894553336,26.25390894553336,100.0
9830,2,21.176697502401613,21.176697502401613,100.0
9840,0,51.86588110910728,51.86588110910728,100.0
9840,1,21.540382458375387,21.540382458375387,100.0
9840,2,26.59373643251733,26.59373643251733,100.0
9850,0,47.593980721548945,47.593980721548945,100.0
9850,1,30.034504413639485,30.034504413639485,100.0
9850,2,22.37151486481158,22.37151486481158,100.0
9860,0,59.756679721031794,59.756679721031794,100.0
9860,1,15.024218709564586,15.024218709564586,100.0
9860,2,25.21910156940363,25.21910156940363,100.0
9870,0,17.82639569968453,17.82639569968453,100.0
9870,1,18.157556920531917,18.157556920531917,100.0
9870,2,64.01604737978356,64.01604737978356,100.0
9880,0,71.11646522047225,71.11646522047225,100.0
9880,1,17.698287217649558,17.698287217649558,100.0
9880,2,11.185247561878196,11.185247561878196,100.0
9890,0,44.35026432260961,44.35026432260961,100.0
9890,1,31.62075007261698,31.62075007261698,100.0
9890,2,24.028985604773407,24.028985604773407,100.0
9900,0,67.28104800760522,67.28104800760522,100.0
9900,1,16.286317843270552,16.286317843270552,100.0
9900,2,16.43263414912423,16.43263414912423,100.0
9910,0,46.82734039583592,46.82734039583592,100.0
9910,1,22.037351502419266,22.037351502419266,100.0
9910,2,31.135308101744823,31.135308101744823,100.0
9920,0,55.347831217891354,55.347831217891354,100.0
9920,1,20.369252728274823,20.369252728274823,100.0
9920,2,24.282916053833826,24.282916053833826,100.0
9930,0,16.54624888913824,16.54624888913824,100.0
9930,1,16.796848794994396,16.796848794994396,100.0
9930,2,66.65690231586737,66.65690231586737,100.0
9940,0,51.121541137999735,51.121541137999735,100.0
9940,1,22.159638970297912,22.159638970297912,100.0
9940,2,26.71881989170236,26.71881989170236,100.0
9950,0,64.94119726942606,64.94119726942606,100.0
9950,1,17.16858191225762,17.16858191225762,100.0
9950,2,17.890220818316322,17.890220818316322,100.0
9960,0,62.34437271257709,62.34437271257709,100.0
9960,1,23.77757444416799,23.77757444416799,100.0
9960,2,13.878052843254924,13.878052843254924,100.0
9970,0,14.058432636964005,14.058432636964005,100.0
9970,1,34.51373360882081,34.51373360882081,100.0
9970,2,51.42783375421519,51.42783375421519,100.0
9980,0,57.29368761119519,57.29368761119519,100.0
9980,1,19.786312822043957,19.786312822043957,100.0
9980,2,22.919999566760865,22.919999566760865,100.0
9990,0,19.26791667024395,19.26791667024395,100.0
9990,1,19.3687881008171,19.3687881008171,100.0
9990,2,61.36329522893895,61.36329522893895,100.0
