timestamp,sliceId,dedicatedPRB,minPRB,maxPRB
510,0,19.7277608445879,19.7277608445879,100.0
510,1,21.809453596902255,21.809453596902255,100.0
510,2,58.46278555850986,58.46278555850986,100.0
520,0,19.163674552602814,19.163674552602814,100.0
520,1,62.413018312505145,62.413018312505145,100.0
520,2,18.42330713489204,18.42330713489204,100.0
530,0,21.094303779242704,21.094303779242704,100.0
530,1,42.46749113274632,42.46749113274632,100.0
530,2,36.438205088010974,36.438205088010974,100.0
540,0,43.832608025316524,43.832608025316524,100.0
540,1,30.324210440791045,30.324210440791045,100.0
540,2,25.84318153389244,25.84318153389244,100.0
550,0,40.13134941340757,40.13134941340757,100.0
550,1,36.447606447118346,36.447606447118346,100.0
550,2,23.421044139474088,23.421044139474088,100.0
560,0,26.545771791664276,26.545771791664276,100.0
560,1,44.72562566700634,44.72562566700634,100.0
560,2,28.728602541329384,28.728602541329384,100.0
570,0,40.47603771256042,40.47603771256042,100.0
570,1,22.70770315079655,22.70770315079655,100.0
570,2,36.81625913664302,36.81625913664302,100.0
580,0,57.91585818074344,57.91585818074344,100.0
580,1,23.38265432714977,23.38265432714977,100.0
580,2,18.701487492106793,18.701487492106793,100.0
590,0,24.70764212848345,24.70764212848345,100.0
590,1,60.36800410261145,60.36800410261145,100.0
590,2,14.924353768905096,14.924353768905096,100.0
600,0,65.55364646561975,65.55364646561975,100.0
600,1,23.222844587344312,23.222844587344312,100.0
600,2,11.223508947035931,11.223508947035931,100.0
610,0,12.851225805835378,12.851225805835378,100.0
610,1,40.05115822668434,40.05115822668434,100.0
610,2,47.09761596748029,47.09761596748029,100.0
620,0,20.38459837639057,20.38459837639057,100.0
620,1,46.4859381699642,46.4859381699642,100.0
620,2,33.12946345364522,33.12946345364522,100.0
630,0,41.37478011776221,41.37478011776221,100.0
630,1,21.672322205343367,21.672322205343367,100.0
630,2,36.95289767689442,36.95289767689442,100.0
640,0,26.743725951095083,26.743725951095083,100.0
640,1,54.575907482755824,54.575907482755824,100.0
640,2,18.680366566149093,18.680366566149093,100.0
650,0,22.91976384059849,22.91976384059849,100.0
650,1,59.02568841647101,59.02568841647101,100.0
650,2,18.054547742930502,18.054547742930502,100.0
660,0,32.20723907388015,32.20723907388015,100.0
660,1,15.34463098085217,15.34463098085217,100.0
660,2,52.44812994526769,52.44812994526769,100.0
670,0,35.7054564818442,35.7054564818442,100.0
670,1,11.894504759324494,11.894504759324494,100.0
670,2,52.4000387588313,52.4000387588313,100.0
680,0,56.237505570421675,56.237505570421675,100.0
680,1,22.348171485148775,22.348171485148775,100.0
680,2,21.41432294442956,21.41432294442956,100.0
690,0,19.151528736740314,19.151528736740314,100.0
690,1,20.320379805135886,20.320379805135886,100.0
690,2,60.528091458123804,60.528091458123804,100.0
700,0,17.703137962541057,17.703137962541057,100.0
700,1,55.151195091349216,55.151195091349216,100.0
700,2,27.145666946109735,27.145666946109735,100.0
710,0,36.361663747392434,36.361663747392434,100.0
710,1,18.112590369541824,18.112590369541824,100.0
710,2,45.525745883065746,45.525745883065746,100.0
720,0,42.85611619001833,42.85611619001833,100.0
720,1,23.672532038000128,23.672532038000128,100.0
720,2,33.47135177198154,33.47135177198154,100.0
730,0,19.071886009450413,19.071886009450413,100.0
730,1,37.63048029597789,37.63048029597789,100.0
730,2,43.297633694571715,43.297633694571715,100.0
740,0,20.53021262677528,20.53021262677528,100.0
740,1,14.584042025563626,14.584042025563626,100.0
740,2,64.8857453476611,64.8857453476611,100.0
750,0,36.258593803952266,36.258593803952266,100.0
750,1,54.29859268732679,54.29859268732679,100.0
750,2,9.44281350872095,9.44281350872095,100.0
760,0,34.40624798137903,34.40624798137903,100.0
760,1,43.846195378297615,43.846195378297615,100.0
760,2,21.747556640323353,21.747556640323353,100.0
770,0,10.630259283829806,10.630259283829806,100.0
770,1,59.36151261606184,59.36151261606184,100.0
770,2,30.008228100108365,30.008228100108365,100.0
780,0,17.173897995765575,17.173897995765575,100.0
780,1,45.02975663059928,45.02975663059928,100.0
780,2,37.796345373635134,37.796345373635134,100.0
790,0,48.68970691055806,48.68970691055806,100.0
790,1,38.74758046894056,38.74758046894056,100.0
790,2,12.562712620501385,12.562712620501385,100.0
800,0,31.306046344082606,31.306046344082606,100.0
800,1,39.338001424323224,39.338001424323224,100.0
800,2,29.355952231594166,29.355952231594166,100.0
810,0,39.144960284510816,39.144960284510816,100.0
810,1,30.266325778897375,30.266325778897375,100.0
810,2,30.58871393659181,30.58871393659181,100.0
820,0,20.951907601474637,20.951907601474637,100.0
820,1,46.18926436449207,46.18926436449207,100.0
820,2,32.85882803403331,32.85882803403331,100.0
830,0,39.71185915720199,39.71185915720199,100.0
830,1,47.16899057382727,47.16899057382727,100.0
830,2,13.119150268970733,13.119150268970733,100.0
840,0,43.11412347563884,43.11412347563884,100.0
840,1,38.84848110020587,38.84848110020587,100.0
840,2,18.037395424155285,18.037395424155285,100.0
850,0,58.2832240254647,58.2832240254647,100.0
850,1,15.464845950740392,15.464845950740392,100.0
850,2,26.251930023794916,26.251930023794916,100.0
860,0,36.49936459559277,36.49936459559277,100.0
860,1,45.89934330097346,45.89934330097346,100.0
860,2,17.601292103433767,17.601292103433767,100.0
870,0,42.681345122674976,42.681345122674976,100.0
870,1,9.096871471998229,9.096871471998229,100.0
870,2,48.2217834053268,48.2217834053268,100.0
880,0,19.982872675198234,19.982872675198234,100.0
880,1,23.08277466517488,23.08277466517488,100.0
880,2,56.934352659626896,56.934352659626896,100.0
890,0,53.45402677218137,53.45402677218137,100.0
890,1,30.103284884728897,30.103284884728897,100.0
890,2,16.442688343089724,16.442688343089724,100.0
900,0,21.078008841570608,21.078008841570608,100.0
900,1,41.421960239693725,41.421960239693725,100.0
900,2,37.50003091873567,37.50003091873567,100.0
910,0,49.62721079216656,49.62721079216656,100.0
910,1,13.227050421245004,13.227050421245004,100.0
910,2,37.145738786588446,37.145738786588446,100.0
920,0,25.47762760786077,25.47762760786077,100.0
920,1,19.153032057218432,19.153032057218432,100.0
920,2,55.3693403349208,55.3693403349208,100.0
930,0,67.28022955806352,67.28022955806352,100.0
930,1,17.57919389170299,17.57919389170299,100.0
930,2,15.140576550233497,15.140576550233497,100.0
940,0,15.951943828800283,15.951943828800283,100.0
940,1,17.78252399743322,17.78252399743322,100.0
940,2,66.2655321737665,66.2655321737665,100.0
950,0,41.27887769137849,41.27887769137849,100.0
950,1,18.632765166149788,18.632765166149788,100.0
950,2,40.08835714247172,40.08835714247172,100.0
960,0,56.932605789114476,56.932605789114476,100.0
960,1,24.13007481992885,24.13007481992885,100.0
960,2,18.93731939095668,18.93731939095668,100.0
970,0,41.37617588035498,41.37617588035498,100.0
970,1,16.903201900324525,16.903201900324525,100.0
970,2,41.720622219320504,41.720622219320504,100.0
980,0,13.419175845521334,13.419175845521334,100.0
980,1,39.860113428674495,39.860113428674495,100.0
980,2,46.72071072580417,46.72071072580417,100.0
990,0,27.977512483116268,27.977512483116268,100.0
990,1,11.367394210126912,11.367394210126912,100.0
990,2,60.655093306756825,60.655093306756825,100.0
1000,0,13.874941719610643,13.874941719610643,100.0
1000,1,46.402962627738766,46.402962627738766,100.0
1000,2,39.722095652650594,39.722095652650594,100.0
1010,0,18.986548853249033,18.986548853249033,100.0
1010,1,29.952765792475077,29.952765792475077,100.0
1010,2,51.06068535427589,51.06068535427589,100.0
1020,0,43.11837852799244,43.11837852799244,100.0
1020,1,43.66756702638277,43.66756702638277,100.0
1020,2,13.214054445624793,13.214054445624793,100.0
1030,0,50.875694490106724,50.875694490106724,100.0
1030,1,35.68625649542732,35.68625649542732,100.0
1030,2,13.438049014465953,13.438049014465953,100.0
1040,0,40.923259704472024,40.923259704472024,100.0
1040,1,27.636787270549735,27.636787270549735,100.0
1040,2,31.439953024978244,31.439953024978244,100.0
1050,0,46.122357244852616,46.122357244852616,100.0
1050,1,28.929187173849936,28.929187173849936,100.0
1050,2,24.948455581297452,24.948455581297452,100.0
1060,0,8.961735377786168,8.961735377786168,100.0
1060,1,49.851798199225506,49.851798199225506,100.0
1060,2,41.18646642298832,41.18646642298832,100.0
1070,0,38.567285510800595,38.567285510800595,100.0
1070,1,28.594099907439908,28.594099907439908,100.0
1070,2,32.838614581759494,32.838614581759494,100.0
1080,0,20.730603584484424,20.730603584484424,100.0
1080,1,33.32942256050565,33.32942256050565,100.0
1080,2,45.93997385500994,45.93997385500994,100.0
1090,0,29.586292727474333,29.586292727474333,100.0
1090,1,22.960679073910146,22.960679073910146,100.0
1090,2,47.45302819861553,47.45302819861553,100.0
1100,0,51.236310646425984,51.236310646425984,100.0
1100,1,18.19310033866533,18.19310033866533,100.0
1100,2,30.570589014908688,30.570589014908688,100.0
1110,0,27.123694477565678,27.123694477565678,100.0
1110,1,20.05979890953039,20.05979890953039,100.0
1110,2,52.81650661290392,52.81650661290392,100.0
1120,0,43.093963314384844,43.093963314384844,100.0
1120,1,32.776289560457144,32.776289560457144,100.0
1120,2,24.129747125158012,24.129747125158012,100.0
1130,0,49.83473756116399,49.83473756116399,100.0
1130,1,27.250614656430244,27.250614656430244,100.0
1130,2,22.914647782405773,22.914647782405773,100.0
1140,0,35.986187574301056,35.986187574301056,100.0
1140,1,13.779832462926416,13.779832462926416,100.0
1140,2,50.23397996277254,50.23397996277254,100.0
1150,0,22.32798244882238,22.32798244882238,100.0
1150,1,65.51322313103068,65.51322313103068,100.0
1150,2,12.15879442014694,12.15879442014694,100.0
1160,0,51.87499629895751,51.87499629895751,100.0
1160,1,11.076663563278595,11.076663563278595,100.0
1160,2,37.048340137763894,37.048340137763894,100.0
1170,0,37.91633405801003,37.91633405801003,100.0
1170,1,46.75224949323947,46.75224949323947,100.0
1170,2,15.331416448750513,15.331416448750513,100.0
1180,0,34.405888446732725,34.405888446732725,100.0
1180,1,25.506838950130906,25.506838950130906,100.0
1180,2,40.08727260313637,40.08727260313637,100.0
1190,0,37.6279841655718,37.6279841655718,100.0
1190,1,29.35392131009147,29.35392131009147,100.0
1190,2,33.01809452433673,33.01809452433673,100.0
1200,0,23.87745003478398,23.87745003478398,100.0
1200,1,33.48965070806224,33.48965070806224,100.0
1200,2,42.63289925715378,42.63289925715378,100.0
1210,0,43.83102031987627,43.83102031987627,100.0
1210,1,25.60999956803056,25.60999956803056,100.0
1210,2,30.558980112093163,30.558980112093163,100.0
1220,0,48.872501707296564,48.872501707296564,100.0
1220,1,32.10143611333999,32.10143611333999,100.0
1220,2,19.02606217936345,19.02606217936345,100.0
1230,0,47.2258544658882,47.2258544658882,100.0
1230,1,36.70889433401415,36.70889433401415,100.0
1230,2,16.065251200097656,16.065251200097656,100.0
1240,0,29.595855452349667,29.595855452349667,100.0
1240,1,24.288971270412887,24.288971270412887,100.0
1240,2,46.115173277237446,46.115173277237446,100.0
1250,0,19.546592043615984,19.546592043615984,100.0
1250,1,26.458195603750212,26.458195603750212,100.0
1250,2,53.995212352633814,53.995212352633814,100.0
1260,0,18.09940996757703,18.09940996757703,100.0
1260,1,59.1335761970933,59.1335761970933,100.0
1260,2,22.76701383532967,22.76701383532967,100.0
1270,0,33.437018560892625,33.437018560892625,100.0
1270,1,50.71466161029937,50.71466161029937,100.0
1270,2,15.848319828808005,15.848319828808005,100.0
1280,0,15.515082286461826,15.515082286461826,100.0
1280,1,12.681467260523302,12.681467260523302,100.0
1280,2,71.80345045301488,71.80345045301488,100.0
1290,0,49.62047869891638,49.62047869891638,100.0
1290,1,24.97577870594032,24.97577870594032,100.0
1290,2,25.403742595143303,25.403742595143303,100.0
1300,0,54.52013761308265,54.52013761308265,100.0
1300,1,12.65954511015169,12.65954511015169,100.0
1300,2,32.820317276765664,32.820317276765664,100.0
1310,0,44.71999933887269,44.71999933887269,100.0
1310,1,18.8632276085761,18.8632276085761,100.0
1310,2,36.416773052551214,36.416773052551214,100.0
1320,0,12.610565910156362,12.610565910156362,100.0
1320,1,66.4622442407159,66.4622442407159,100.0
1320,2,20.927189849127735,20.927189849127735,100.0
1330,0,38.62950825071244,38.62950825071244,100.0
1330,1,22.260316887737908,22.260316887737908,100.0
1330,2,39.110174861549645,39.110174861549645,100.0
1340,0,27.249469697523825,27.249469697523825,100.0
1340,1,58.01201585020965,58.01201585020965,100.0
1340,2,14.738514452266516,14.738514452266516,100.0
1350,0,59.22316981871497,59.22316981871497,100.0
1350,1,20.48127840033572,20.48127840033572,100.0
1350,2,20.29555178094931,20.29555178094931,100.0
1360,0,27.96911577037934,27.96911577037934,100.0
1360,1,42.75324398644578,42.75324398644578,100.0
1360,2,29.27764024317487,29.27764024317487,100.0
1370,0,22.82860799937894,22.82860799937894,100.0
1370,1,55.02731794253618,55.02731794253618,100.0
1370,2,22.144074058084886,22.144074058084886,100.0
1380,0,16.17546044106796,16.17546044106796,100.0
1380,1,64.72015926552154,64.72015926552154,100.0
1380,2,19.10438029341049,19.10438029341049,100.0
1390,0,15.972652224763277,15.972652224763277,100.0
1390,1,70.12576560828249,70.12576560828249,100.0
1390,2,13.901582166954219,13.901582166954219,100.0
1400,0,36.52263992243355,36.52263992243355,100.0
1400,1,46.84702988557215,46.84702988557215,100.0
1400,2,16.63033019199431,16.63033019199431,100.0
1410,0,47.947062200625794,47.947062200625794,100.0
1410,1,31.48011362596001,31.48011362596001,100.0
1410,2,20.572824173414197,20.572824173414197,100.0
1420,0,10.529419638135451,10.529419638135451,100.0
1420,1,46.372596449075246,46.372596449075246,100.0
1420,2,43.0979839127893,43.0979839127893,100.0
1430,0,28.216740641573995,28.216740641573995,100.0
1430,1,57.83929333441924,57.83929333441924,100.0
1430,2,13.943966024006754,13.943966024006754,100.0
1440,0,25.36710450518358,25.36710450518358,100.0
1440,1,37.00812927592331,37.00812927592331,100.0
1440,2,37.62476621889311,37.62476621889311,100.0
1450,0,44.76715940397277,44.76715940397277,100.0
1450,1,14.551657179714098,14.551657179714098,100.0
1450,2,40.68118341631314,40.68118341631314,100.0
1460,0,21.865338183403303,21.865338183403303,100.0
1460,1,58.54586286863332,58.54586286863332,100.0
1460,2,19.58879894796337,19.58879894796337,100.0
1470,0,17.28093999669155,17.28093999669155,100.0
1470,1,66.40629595688056,66.40629595688056,100.0
1470,2,16.3127640464279,16.3127640464279,100.0
1480,0,30.86936717556127,30.86936717556127,100.0
1480,1,50.46692853569329,50.46692853569329,100.0
1480,2,18.66370428874544,18.66370428874544,100.0
1490,0,8.519739434190218,8.519739434190218,100.0
1490,1,49.61864984355074,49.61864984355074,100.0
1490,2,41.86161072225903,41.86161072225903,100.0
1500,0,48.90051437846536,48.90051437846536,100.0
1500,1,32.447975665370585,32.447975665370585,100.0
1500,2,18.651509956164062,18.651509956164062,100.0
1510,0,29.698969183541102,29.698969183541102,100.0
1510,1,61.03141721082288,61.03141721082288,100.0
1510,2,9.269613605636025,9.269613605636025,100.0
1520,0,17.756107756996308,17.756107756996308,100.0
1520,1,54.48925954990721,54.48925954990721,100.0
1520,2,27.754632693096482,27.754632693096482,100.0
1530,0,19.800670813015074,19.800670813015074,100.0
1530,1,27.435159142102496,27.435159142102496,100.0
1530,2,52.76417004488244,52.76417004488244,100.0
1540,0,11.468398903810334,11.468398903810334,100.0
1540,1,46.773425375304015,46.773425375304015,100.0
1540,2,41.75817572088566,41.75817572088566,100.0
1550,0,39.08762642585903,39.08762642585903,100.0
1550,1,33.32191920715588,33.32191920715588,100.0
1550,2,27.5904543669851,27.5904543669851,100.0
1560,0,27.27788242096957,27.27788242096957,100.0
1560,1,43.817954521694894,43.817954521694894,100.0
1560,2,28.90416305733553,28.90416305733553,100.0
1570,0,47.12184267481625,47.12184267481625,100.0
1570,1,25.167878298164275,25.167878298164275,100.0
1570,2,27.71027902701948,27.71027902701948,100.0
1580,0,12.171403498964654,12.171403498964654,100.0
1580,1,60.29722741451038,60.29722741451038,100.0
1580,2,27.531369086524965,27.531369086524965,100.0
1590,0,18.680964974109067,18.680964974109067,100.0
1590,1,50.67999022562197,50.67999022562197,100.0
1590,2,30.639044800268966,30.639044800268966,100.0
1600,0,11.776155978020032,11.776155978020032,100.0
1600,1,11.475072103304388,11.475072103304388,100.0
1600,2,76.74877191867557,76.74877191867557,100.0
1610,0,38.118657632138344,38.118657632138344,100.0
1610,1,31.930027854662306,31.930027854662306,100.0
1610,2,29.95131451319934,29.95131451319934,100.0
1620,0,59.76932400054478,59.76932400054478,100.0
1620,1,22.623834122267155,22.623834122267155,100.0
1620,2,17.60684187718806,17.60684187718806,100.0
1630,0,19.38681878810087,19.38681878810087,100.0
1630,1,38.09747906908634,38.09747906908634,100.0
1630,2,42.51570214281279,42.51570214281279,100.0
1640,0,14.12047727158943,14.12047727158943,100.0
1640,1,60.355788020242976,60.355788020242976,100.0
1640,2,25.523734708167595,25.523734708167595,100.0
1650,0,58.23227037017794,58.23227037017794,100.0
1650,1,22.21719849244487,22.21719849244487,100.0
1650,2,19.550531137377202,19.550531137377202,100.0
1660,0,43.74276507239575,43.74276507239575,100.0
1660,1,33.3673790167353,33.3673790167353,100.0
1660,2,22.88985591086895,22.88985591086895,100.0
1670,0,43.34976346301257,43.34976346301257,100.0
1670,1,7.843502482061618,7.843502482061618,100.0
1670,2,48.806734054925805,48.806734054925805,100.0
1680,0,24.586789946998177,24.586789946998177,100.0
1680,1,43.78886287447341,43.78886287447341,100.0
1680,2,31.624347178528417,31.624347178528417,100.0
1690,0,20.740085713391444,20.740085713391444,100.0
1690,1,40.572892172240515,40.572892172240515,100.0
1690,2,38.687022114368034,38.687022114368034,100.0
1700,0,23.51063993827726,23.51063993827726,100.0
1700,1,62.14583751360655,62.14583751360655,100.0
1700,2,14.343522548116194,14.343522548116194,100.0
1710,0,13.416267109224025,13.416267109224025,100.0
1710,1,52.92143862800584,52.92143862800584,100.0
1710,2,33.66229426277014,33.66229426277014,100.0
1720,0,21.56682936243979,21.56682936243979,100.0
1720,1,45.22085594906275,45.22085594906275,100.0
1720,2,33.212314688497464,33.212314688497464,100.0
1730,0,41.56142778993738,41.56142778993738,100.0
1730,1,46.887264878766885,46.887264878766885,100.0
1730,2,11.551307331295734,11.551307331295734,100.0
1740,0,14.40568277853474,14.40568277853474,100.0
1740,1,67.44819488332702,67.44819488332702,100.0
1740,2,18.14612233813825,18.14612233813825,100.0
1750,0,22.787534519041543,22.787534519041543,100.0
1750,1,65.8494273833207,65.8494273833207,100.0
1750,2,11.363038097637755,11.363038097637755,100.0
1760,0,39.71914338080925,39.71914338080925,100.0
1760,1,13.810222817113424,13.810222817113424,100.0
1760,2,46.47063380207733,46.47063380207733,100.0
1770,0,21.19186971954982,21.19186971954982,100.0
1770,1,17.74843402157547,17.74843402157547,100.0
1770,2,61.05969625887471,61.05969625887471,100.0
1780,0,60.859670605804986,60.859670605804986,100.0
1780,1,19.209332763967453,19.209332763967453,100.0
1780,2,19.93099663022757,19.93099663022757,100.0
1790,0,14.285293555984651,14.285293555984651,100.0
1790,1,49.005935515101804,49.005935515101804,100.0
1790,2,36.708770928913545,36.708770928913545,100.0
1800,0,24.763644838840865,24.763644838840865,100.0
1800,1,57.989109468163434,57.989109468163434,100.0
1800,2,17.247245692995698,17.247245692995698,100.0
1810,0,26.488777070724375,26.488777070724375,100.0
1810,1,13.715146630497967,13.715146630497967,100.0
1810,2,59.796076298777656,59.796076298777656,100.0
1820,0,18.37770282647032,18.37770282647032,100.0
1820,1,39.97953047364942,39.97953047364942,100.0
1820,2,41.64276669988027,41.64276669988027,100.0
1830,0,34.94584814768492,34.94584814768492,100.0
1830,1,33.94377192604583,33.94377192604583,100.0
1830,2,31.110379926269253,31.110379926269253,100.0
1840,0,21.18314652300638,21.18314652300638,100.0
1840,1,23.18962598986809,23.18962598986809,100.0
1840,2,55.62722748712553,55.62722748712553,100.0
1850,0,42.51259841131883,42.51259841131883,100.0
1850,1,35.81516892195304,35.81516892195304,100.0
1850,2,21.672232666728146,21.672232666728146,100.0
1860,0,26.283134536735293,26.283134536735293,100.0
1860,1,16.24809361128334,16.24809361128334,100.0
1860,2,57.46877185198137,57.46877185198137,100.0
1870,0,17.76926225008141,17.76926225008141,100.0
1870,1,50.2449767998735,50.2449767998735,100.0
1870,2,31.985760950045094,31.985760950045094,100.0
1880,0,22.978078332569453,22.978078332569453,100.0
1880,1,62.22350749337872,62.22350749337872,100.0
1880,2,14.798414174051826,14.798414174051826,100.0
1890,0,48.75097821569979,48.75097821569979,100.0
1890,1,14.09040655062464,14.09040655062464,100.0
1890,2,37.15861523367556,37.15861523367556,100.0
1900,0,27.94109443677504,27.94109443677504,100.0
1900,1,42.648050250423616,42.648050250423616,100.0
1900,2,29.41085531280136,29.41085531280136,100.0
1910,0,19.96563009232444,19.96563009232444,100.0
1910,1,65.67669950334675,65.67669950334675,100.0
1910,2,14.35767040432882,14.35767040432882,100.0
1920,0,51.97606481562577,51.97606481562577,100.0
1920,1,23.011405909079585,23.011405909079585,100.0
1920,2,25.012529275294654,25.012529275294654,100.0
1930,0,35.007728706898185,35.007728706898185,100.0
1930,1,32.769690652786736,32.769690652786736,100.0
1930,2,32.22258064031508,32.22258064031508,100.0
1940,0,7.86344204377995,7.86344204377995,100.0
1940,1,46.42638026818415,46.42638026818415,100.0
1940,2,45.710177688035905,45.710177688035905,100.0
1950,0,54.59704438256367,54.59704438256367,100.0
1950,1,16.087955424536098,16.087955424536098,100.0
1950,2,29.315000192900236,29.315000192900236,100.0
1960,0,42.13906667841414,42.13906667841414,100.0
1960,1,33.34758507430142,33.34758507430142,100.0
1960,2,24.51334824728444,24.51334824728444,100.0
1970,0,51.93217609700621,51.93217609700621,100.0
1970,1,23.777597145927075,23.777597145927075,100.0
1970,2,24.29022675706672,24.29022675706672,100.0
1980,0,20.509848417191254,20.509848417191254,100.0
1980,1,28.025466796714404,28.025466796714404,100.0
1980,2,51.46468478609435,51.46468478609435,100.0
1990,0,11.593096157089116,11.593096157089116,100.0
1990,1,49.4409073955945,49.4409073955945,100.0
1990,2,38.96599644731639,38.96599644731639,100.0
2000,0,64.98262963828677,64.98262963828677,100.0
2000,1,24.063147553823512,24.063147553823512,100.0
2000,2,10.954222807889712,10.954222807889712,100.0
2010,0,20.97993597235181,20.97993597235181,100.0
2010,1,38.73788313847984,38.73788313847984,100.0
2010,2,40.282180889168345,40.282180889168345,100.0
2020,0,13.973126174667932,13.973126174667932,100.0
2020,1,62.12717748403135,62.12717748403135,100.0
2020,2,23.899696341300725,23.899696341300725,100.0
2030,0,24.532667138853625,24.532667138853625,100.0
2030,1,39.83757470711579,39.83757470711579,100.0
2030,2,35.629758154030576,35.629758154030576,100.0
2040,0,39.48195278759366,39.48195278759366,100.0
2040,1,15.824380924595463,15.824380924595463,100.0
2040,2,44.69366628781087,44.69366628781087,100.0
2050,0,67.24762674652116,67.24762674652116,100.0
2050,1,19.71911262151729,19.71911262151729,100.0
2050,2,13.033260631961555,13.033260631961555,100.0
2060,0,27.478971367668397,27.478971367668397,100.0
2060,1,43.438410072381686,43.438410072381686,100.0
2060,2,29.08261855994993,29.08261855994993,100.0
2070,0,15.595594374728247,15.595594374728247,100.0
2070,1,41.80876303647719,41.80876303647719,100.0
2070,2,42.595642588794576,42.595642588794576,100.0
2080,0,52.03257230897772,52.03257230897772,100.0
2080,1,30.717209534088813,30.717209534088813,100.0
2080,2,17.250218156933457,17.250218156933457,100.0
2090,0,41.717859514744646,41.717859514744646,100.0
2090,1,11.860803399930298,11.860803399930298,100.0
2090,2,46.42133708532506,46.42133708532506,100.0
2100,0,57.2512712818252,57.2512712818252,100.0
2100,1,23.22668999501836,23.22668999501836,100.0
2100,2,19.52203872315644,19.52203872315644,100.0
2110,0,36.200875063051484,36.200875063051484,100.0
2110,1,32.469327489151745,32.469327489151745,100.0
2110,2,31.32979744779677,31.32979744779677,100.0
2120,0,57.019543020772645,57.019543020772645,100.0
2120,1,27.58056589708214,27.58056589708214,100.0
2120,2,15.39989108214522,15.39989108214522,100.0
2130,0,58.68363022716504,58.68363022716504,100.0
2130,1,20.579292508902352,20.579292508902352,100.0
2130,2,20.73707726393262,20.73707726393262,100.0
2140,0,44.38771666150781,44.38771666150781,100.0
2140,1,40.057175285748045,40.057175285748045,100.0
2140,2,15.555108052744151,15.555108052744151,100.0
2150,0,29.475248147155362,29.475248147155362,100.0
2150,1,27.429276272294274,27.429276272294274,100.0
2150,2,43.09547558055037,43.09547558055037,100.0
2160,0,39.826978429194305,39.826978429194305,100.0
2160,1,40.541901420780086,40.541901420780086,100.0
2160,2,19.631120150025627,19.631120150025627,100.0
2170,0,19.92486869010866,19.92486869010866,100.0
2170,1,34.95773414905482,34.95773414905482,100.0
2170,2,45.117397160836525,45.117397160836525,100.0
2180,0,16.48103110730865,16.48103110730865,100.0
2180,1,45.58414839796099,45.58414839796099,100.0
2180,2,37.93482049473036,37.93482049473036,100.0
2190,0,21.360334251602108,21.360334251602108,100.0
2190,1,55.88004183577448,55.88004183577448,100.0
2190,2,22.75962391262341,22.75962391262341,100.0
2200,0,17.63245460943572,17.63245460943572,100.0
2200,1,27.953028051882857,27.953028051882857,100.0
2200,2,54.414517338681435,54.414517338681435,100.0
2210,0,56.680992254626716,56.680992254626716,100.0
2210,1,28.798204738908684,28.798204738908684,100.0
2210,2,14.520803006464595,14.520803006464595,100.0
2220,0,46.80433181432049,46.80433181432049,100.0
2220,1,35.53231774682315,35.53231774682315,100.0
2220,2,17.663350438856355,17.663350438856355,100.0
2230,0,12.11429608914152,12.11429608914152,100.0
2230,1,14.664819333382532,14.664819333382532,100.0
2230,2,73.22088457747596,73.22088457747596,100.0
2240,0,43.34322044842122,43.34322044842122,100.0
2240,1,10.114948290544525,10.114948290544525,100.0
2240,2,46.541831261034254,46.541831261034254,100.0
2250,0,34.23381053673762,34.23381053673762,100.0
2250,1,52.09281251265042,52.09281251265042,100.0
2250,2,13.67337695061196,13.67337695061196,100.0
2260,0,55.13233255550175,55.13233255550175,100.0
2260,1,14.819038823622469,14.819038823622469,100.0
2260,2,30.048628620875782,30.048628620875782,100.0
2270,0,21.296107876495896,21.296107876495896,100.0
2270,1,46.09003376354714,46.09003376354714,100.0
2270,2,32.61385835995696,32.61385835995696,100.0
2280,0,18.050543997580622,18.050543997580622,100.0
2280,1,43.24117274412999,43.24117274412999,100.0
2280,2,38.708283258289384,38.708283258289384,100.0
2290,0,57.610483761698184,57.610483761698184,100.0
2290,1,21.188866059984406,21.188866059984406,100.0
2290,2,21.200650178317414,21.200650178317414,100.0
2300,0,39.467084984175216,39.467084984175216,100.0
2300,1,39.37136887592055,39.37136887592055,100.0
2300,2,21.161546139904235,21.161546139904235,100.0
2310,0,32.16553112623763,32.16553112623763,100.0
2310,1,33.711606388038035,33.711606388038035,100.0
2310,2,34.12286248572434,34.12286248572434,100.0
2320,0,30.202719248863076,30.202719248863076,100.0
2320,1,25.116311994764747,25.116311994764747,100.0
2320,2,44.68096875637219,44.68096875637219,100.0
2330,0,12.801206152539674,12.801206152539674,100.0
2330,1,63.3974971814543,63.3974971814543,100.0
2330,2,23.801296666006035,23.801296666006035,100.0
2340,0,13.239649206615248,13.239649206615248,100.0
2340,1,22.507671581307047,22.507671581307047,100.0
2340,2,64.2526792120777,64.2526792120777,100.0
2350,0,34.93294795077012,34.93294795077012,100.0
2350,1,32.05478657072718,32.05478657072718,100.0
2350,2,33.0122654785027,33.0122654785027,100.0
2360,0,10.687498964860406,10.687498964860406,100.0
2360,1,29.378034534851167,29.378034534851167,100.0
2360,2,59.93446650028843,59.93446650028843,100.0
2370,0,45.346671666016185,45.346671666016185,100.0
2370,1,36.44699002740629,36.44699002740629,100.0
2370,2,18.20633830657753,18.20633830657753,100.0
2380,0,30.52313064267557,30.52313064267557,100.0
2380,1,46.612008864234525,46.612008864234525,100.0
2380,2,22.86486049308991,22.86486049308991,100.0
2390,0,41.4679605734096,41.4679605734096,100.0
2390,1,8.270885006014387,8.270885006014387,100.0
2390,2,50.26115442057601,50.26115442057601,100.0
2400,0,22.805765863299094,22.805765863299094,100.0
2400,1,63.13235340200638,63.13235340200638,100.0
2400,2,14.061880734694537,14.061880734694537,100.0
2410,0,45.884585116259494,45.884585116259494,100.0
2410,1,16.423460803706845,16.423460803706845,100.0
2410,2,37.69195408003366,37.69195408003366,100.0
2420,0,33.523414963293725,33.523414963293725,100.0
2420,1,51.18376258616287,51.18376258616287,100.0
2420,2,15.292822450543403,15.292822450543403,100.0
2430,0,11.949510126281984,11.949510126281984,100.0
2430,1,59.46398422272735,59.46398422272735,100.0
2430,2,28.586505650990663,28.586505650990663,100.0
2440,0,23.95926279860715,23.95926279860715,100.0
2440,1,55.52322710971117,55.52322710971117,100.0
2440,2,20.517510091681675,20.517510091681675,100.0
2450,0,30.41945367582602,30.41945367582602,100.0
2450,1,17.532039840094534,17.532039840094534,100.0
2450,2,52.04850648407945,52.04850648407945,100.0
2460,0,9.723314960637417,9.723314960637417,100.0
2460,1,55.56431174679663,55.56431174679663,100.0
2460,2,34.71237329256594,34.71237329256594,100.0
2470,0,47.62325356171531,47.62325356171531,100.0
2470,1,32.39635889343002,32.39635889343002,100.0
2470,2,19.980387544854675,19.980387544854675,100.0
2480,0,43.5402683760855,43.5402683760855,100.0
2480,1,20.40748134523205,20.40748134523205,100.0
2480,2,36.05225027868245,36.05225027868245,100.0
2490,0,41.45816019806092,41.45816019806092,100.0
2490,1,37.801894562864426,37.801894562864426,100.0
2490,2,20.73994523907465,20.73994523907465,100.0
2500,0,39.712355370433684,39.712355370433684,100.0
2500,1,22.82213498971258,22.82213498971258,100.0
2500,2,37.465509639853735,37.465509639853735,100.0
2510,0,13.44828815162896,13.44828815162896,100.0
2510,1,46.86926751006978,46.86926751006978,100.0
2510,2,39.68244433830126,39.68244433830126,100.0
2520,0,62.24390228968246,62.24390228968246,100.0
2520,1,20.9342332750162,20.9342332750162,100.0
2520,2,16.821864435301343,16.821864435301343,100.0
2530,0,13.750443039324328,13.750443039324328,100.0
2530,1,26.29862500017643,26.29862500017643,100.0
2530,2,59.95093196049924,59.95093196049924,100.0
2540,0,43.25518805107598,43.25518805107598,100.0
2540,1,28.158269370288668,28.158269370288668,100.0
2540,2,28.58654257863535,28.58654257863535,100.0
2550,0,11.111452952673424,11.111452952673424,100.0
2550,1,52.61546654495319,52.61546654495319,100.0
2550,2,36.273080502373375,36.273080502373375,100.0
2560,0,27.286482191054407,27.286482191054407,100.0
2560,1,54.94567871172763,54.94567871172763,100.0
2560,2,17.767839097217973,17.767839097217973,100.0
2570,0,51.22411450201743,51.22411450201743,100.0
2570,1,28.981451200198194,28.981451200198194,100.0
2570,2,19.794434297784395,19.794434297784395,100.0
2580,0,14.960801792944167,14.960801792944167,100.0
2580,1,57.825807600907275,57.825807600907275,100.0
2580,2,27.213390606148558,27.213390606148558,100.0
2590,0,54.01682813348396,54.01682813348396,100.0
2590,1,33.29292645271013,33.29292645271013,100.0
2590,2,12.69024541380592,12.69024541380592,100.0
2600,0,36.85646447916341,36.85646447916341,100.0
2600,1,24.60638842468688,24.60638842468688,100.0
2600,2,38.53714709614971,38.53714709614971,100.0
2610,0,32.977636557403116,32.977636557403116,100.0
2610,1,46.20566937567032,46.20566937567032,100.0
2610,2,20.816694066926576,20.816694066926576,100.0
2620,0,42.058401147717454,42.058401147717454,100.0
2620,1,37.13293561188855,37.13293561188855,100.0
2620,2,20.808663240394,20.808663240394,100.0
2630,0,31.545228497163436,31.545228497163436,100.0
2630,1,14.373273668355955,14.373273668355955,100.0
2630,2,54.081497834480615,54.081497834480615,100.0
2640,0,25.080240090140943,25.080240090140943,100.0
2640,1,63.24581047601996,63.24581047601996,100.0
2640,2,11.6739494338391,11.6739494338391,100.0
2650,0,25.852401275542437,25.852401275542437,100.0
2650,1,52.31584784857512,52.31584784857512,100.0
2650,2,21.83175087588245,21.83175087588245,100.0
2660,0,42.361698420084075,42.361698420084075,100.0
2660,1,35.734240801266644,35.734240801266644,100.0
2660,2,21.904060778649274,21.904060778649274,100.0
2670,0,45.828751568708384,45.828751568708384,100.0
2670,1,18.147318844294702,18.147318844294702,100.0
2670,2,36.023929586996914,36.023929586996914,100.0
2680,0,34.613159383161104,34.613159383161104,100.0
2680,1,42.908801733134204,42.908801733134204,100.0
2680,2,22.47803888370469,22.47803888370469,100.0
2690,0,39.354337270421794,39.354337270421794,100.0
2690,1,36.97825829644613,36.97825829644613,100.0
2690,2,23.667404433132084,23.667404433132084,100.0
2700,0,19.62087695188606,19.62087695188606,100.0
2700,1,20.28196137271166,20.28196137271166,100.0
2700,2,60.09716167540229,60.09716167540229,100.0
2710,0,12.452841208897777,12.452841208897777,100.0
2710,1,24.75664189326188,24.75664189326188,100.0
2710,2,62.79051689784034,62.79051689784034,100.0
2720,0,17.6473524621593,17.6473524621593,100.0
2720,1,54.455532943980714,54.455532943980714,100.0
2720,2,27.89711459385999,27.89711459385999,100.0
2730,0,14.742164866520705,14.742164866520705,100.0
2730,1,24.968562750477467,24.968562750477467,100.0
2730,2,60.28927238300184,60.28927238300184,100.0
2740,0,18.368383533498346,18.368383533498346,100.0
2740,1,57.10763769523163,57.10763769523163,100.0
2740,2,24.52397877127003,24.52397877127003,100.0
2750,0,37.980054105297064,37.980054105297064,100.0
2750,1,36.668634107784165,36.668634107784165,100.0
2750,2,25.351311786918764,25.351311786918764,100.0
2760,0,37.938311824133265,37.938311824133265,100.0
2760,1,37.59801557894362,37.59801557894362,100.0
2760,2,24.46367259692313,24.46367259692313,100.0
2770,0,50.16579250368278,50.16579250368278,100.0
2770,1,41.936722186997486,41.936722186997486,100.0
2770,2,7.897485309319727,7.897485309319727,100.0
2780,0,35.38902090680765,35.38902090680765,100.0
2780,1,14.685014292428612,14.685014292428612,100.0
2780,2,49.92596480076374,49.92596480076374,100.0
2790,0,30.97307633582046,30.97307633582046,100.0
2790,1,48.58012284036241,48.58012284036241,100.0
2790,2,20.446800823817142,20.446800823817142,100.0
2800,0,33.36887648861909,33.36887648861909,100.0
2800,1,19.568794815574066,19.568794815574066,100.0
2800,2,47.062328695806855,47.062328695806855,100.0
2810,0,24.479010185004636,24.479010185004636,100.0
2810,1,37.60025271847184,37.60025271847184,100.0
2810,2,37.920737096523524,37.920737096523524,100.0
2820,0,39.948626083890474,39.948626083890474,100.0
2820,1,33.45785993445545,33.45785993445545,100.0
2820,2,26.593513981654088,26.593513981654088,100.0
2830,0,57.904115923506104,57.904115923506104,100.0
2830,1,14.098661845701772,14.098661845701772,100.0
2830,2,27.99722223079214,27.99722223079214,100.0
2840,0,11.611658521991188,11.611658521991188,100.0
2840,1,30.400042844687547,30.400042844687547,100.0
2840,2,57.988298633321264,57.988298633321264,100.0
2850,0,27.30693102093042,27.30693102093042,100.0
2850,1,58.09351967214853,58.09351967214853,100.0
2850,2,14.59954930692105,14.59954930692105,100.0
2860,0,33.6628510714729,33.6628510714729,100.0
2860,1,35.705386566688254,35.705386566688254,100.0
2860,2,30.63176236183886,30.63176236183886,100.0
2870,0,8.837500725805892,8.837500725805892,100.0
2870,1,46.4371238290631,46.4371238290631,100.0
2870,2,44.725375445131014,44.725375445131014,100.0
2880,0,63.727648981559604,63.727648981559604,100.0
2880,1,18.364880887608305,18.364880887608305,100.0
2880,2,17.90747013083209,17.90747013083209,100.0
2890,0,38.57817427977433,38.57817427977433,100.0
2890,1,36.65433427009454,36.65433427009454,100.0
2890,2,24.767491450131136,24.767491450131136,100.0
2900,0,56.27144318397407,56.27144318397407,100.0
2900,1,31.513764661790095,31.513764661790095,100.0
2900,2,12.214792154235845,12.214792154235845,100.0
2910,0,44.47852287646842,44.47852287646842,100.0
2910,1,8.485073082355706,8.485073082355706,100.0
2910,2,47.036404041175885,47.036404041175885,100.0
2920,0,34.69220134423413,34.69220134423413,100.0
2920,1,50.48237930294223,50.48237930294223,100.0
2920,2,14.82541935282364,14.82541935282364,100.0
2930,0,32.586904317720325,32.586904317720325,100.0
2930,1,17.02518618751206,17.02518618751206,100.0
2930,2,50.38790949476763,50.38790949476763,100.0
2940,0,48.2511177554099,48.2511177554099,100.0
2940,1,30.536900995447418,30.536900995447418,100.0
2940,2,21.211981249142678,21.211981249142678,100.0
2950,0,38.62116269048154,38.62116269048154,100.0
2950,1,30.963351660627076,30.963351660627076,100.0
2950,2,30.415485648891387,30.415485648891387,100.0
2960,0,13.632152593270014,13.632152593270014,100.0
2960,1,29.75423186140808,29.75423186140808,100.0
2960,2,56.613615545321906,56.613615545321906,100.0
2970,0,20.829781389674,20.829781389674,100.0
2970,1,17.71978871208448,17.71978871208448,100.0
2970,2,61.450429898241524,61.450429898241524,100.0
2980,0,35.309104317837345,35.309104317837345,100.0
2980,1,37.86055245811991,37.86055245811991,100.0
2980,2,26.830343224042736,26.830343224042736,100.0
2990,0,27.979069758048247,27.979069758048247,100.0
2990,1,50.67316086294535,50.67316086294535,100.0
2990,2,21.347769379006387,21.347769379006387,100.0
3000,0,48.97887607801471,48.97887607801471,100.0
3000,1,30.15385203151858,30.15385203151858,100.0
3000,2,20.867271890466714,20.867271890466714,100.0
3010,0,56.78161146391607,56.78161146391607,100.0
3010,1,26.22884857390575,26.22884857390575,100.0
3010,2,16.989539962178174,16.989539962178174,100.0
3020,0,50.7414804488621,50.7414804488621,100.0
3020,1,13.67605218798894,13.67605218798894,100.0
3020,2,35.582467363148965,35.582467363148965,100.0
3030,0,65.74570105681255,65.74570105681255,100.0
3030,1,14.261835207301878,14.261835207301878,100.0
3030,2,19.99246373588558,19.99246373588558,100.0
3040,0,54.69086979820098,54.69086979820098,100.0
3040,1,16.74959058503329,16.74959058503329,100.0
3040,2,28.55953961676573,28.55953961676573,100.0
3050,0,26.175671105313096,26.175671105313096,100.0
3050,1,23.757517285515885,23.757517285515885,100.0
3050,2,50.06681160917101,50.06681160917101,100.0
3060,0,62.092254326641836,62.092254326641836,100.0
3060,1,10.159226371516796,10.159226371516796,100.0
3060,2,27.748519301841355,27.748519301841355,100.0
3070,0,21.199801289491983,21.199801289491983,100.0
3070,1,49.07498882358825,49.07498882358825,100.0
3070,2,29.725209886919775,29.725209886919775,100.0
3080,0,38.305694709899036,38.305694709899036,100.0
3080,1,24.38265929631684,24.38265929631684,100.0
3080,2,37.31164599378413,37.31164599378413,100.0
3090,0,29.322420320408504,29.322420320408504,100.0
3090,1,50.615388106100845,50.615388106100845,100.0
3090,2,20.062191573490658,20.062191573490658,100.0
3100,0,43.50524408771424,43.50524408771424,100.0
3100,1,12.63306211825966,12.63306211825966,100.0
3100,2,43.8616937940261,43.8616937940261,100.0
3110,0,34.31049078588691,34.31049078588691,100.0
3110,1,50.85343487963202,50.85343487963202,100.0
3110,2,14.836074334481065,14.836074334481065,100.0
3120,0,10.548855618511444,10.548855618511444,100.0
3120,1,40.79829082079449,40.79829082079449,100.0
3120,2,48.652853560694076,48.652853560694076,100.0
3130,0,40.225543221427515,40.225543221427515,100.0
3130,1,20.0095970951802,20.0095970951802,100.0
3130,2,39.76485968339228,39.76485968339228,100.0
3140,0,18.62171167846066,18.62171167846066,100.0
3140,1,23.699259297251704,23.699259297251704,100.0
3140,2,57.67902902428763,57.67902902428763,100.0
3150,0,39.982989958645696,39.982989958645696,100.0
3150,1,38.771208025091134,38.771208025091134,100.0
3150,2,21.24580201626317,21.24580201626317,100.0
3160,0,37.25771770703996,37.25771770703996,100.0
3160,1,35.8948149860898,35.8948149860898,100.0
3160,2,26.847467306870236,26.847467306870236,100.0
3170,0,12.796851887346094,12.796851887346094,100.0
3170,1,59.0503629058457,59.0503629058457,100.0
3170,2,28.1527852068082,28.1527852068082,100.0
3180,0,55.45135846931305,55.45135846931305,100.0
3180,1,18.170183414553698,18.170183414553698,100.0
3180,2,26.378458116133263,26.378458116133263,100.0
3190,0,43.57758762206515,43.57758762206515,100.0
3190,1,29.719668377099122,29.719668377099122,100.0
3190,2,26.702744000835725,26.702744000835725,100.0
3200,0,69.4078008342508,69.4078008342508,100.0
3200,1,16.480612199718482,16.480612199718482,100.0
3200,2,14.111586966030709,14.111586966030709,100.0
3210,0,13.313925656803036,13.313925656803036,100.0
3210,1,35.57027265995772,35.57027265995772,100.0
3210,2,51.11580168323925,51.11580168323925,100.0
3220,0,10.39633658076771,10.39633658076771,100.0
3220,1,54.5510675372427,54.5510675372427,100.0
3220,2,35.052595881989596,35.052595881989596,100.0
3230,0,30.21466602499256,30.21466602499256,100.0
3230,1,52.318857035259214,52.318857035259214,100.0
3230,2,17.466476939748233,17.466476939748233,100.0
3240,0,8.531607703519253,8.531607703519253,100.0
3240,1,39.88738479811216,39.88738479811216,100.0
3240,2,51.58100749836859,51.58100749836859,100.0
3250,0,27.80507367273107,27.80507367273107,100.0
3250,1,49.60264889087504,49.60264889087504,100.0
3250,2,22.592277436393896,22.592277436393896,100.0
3260,0,13.035908595084052,13.035908595084052,100.0
3260,1,24.17582127624295,24.17582127624295,100.0
3260,2,62.788270128673005,62.788270128673005,100.0
3270,0,14.333756522323734,14.333756522323734,100.0
3270,1,31.48261060448303,31.48261060448303,100.0
3270,2,54.18363287319325,54.18363287319325,100.0
3280,0,46.35065148157458,46.35065148157458,100.0
3280,1,22.34820037349345,22.34820037349345,100.0
3280,2,31.30114814493198,31.30114814493198,100.0
3290,0,36.15641823279673,36.15641823279673,100.0
3290,1,21.37221556823633,21.37221556823633,100.0
3290,2,42.47136619896694,42.47136619896694,100.0
3300,0,22.04571502111139,22.04571502111139,100.0
3300,1,13.869494004089548,13.869494004089548,100.0
3300,2,64.08479097479906,64.08479097479906,100.0
3310,0,12.501004635249707,12.501004635249707,100.0
3310,1,29.19618101383316,29.19618101383316,100.0
3310,2,58.30281435091713,58.30281435091713,100.0
3320,0,47.34251909413846,47.34251909413846,100.0
3320,1,42.720487276766164,42.720487276766164,100.0
3320,2,9.936993629095376,9.936993629095376,100.0
3330,0,41.68863204228111,41.68863204228111,100.0
3330,1,29.456693981115876,29.456693981115876,100.0
3330,2,28.854673976603014,28.854673976603014,100.0
3340,0,8.71402558843143,8.71402558843143,100.0
3340,1,41.47831395712672,41.47831395712672,100.0
3340,2,49.807660454441844,49.807660454441844,100.0
3350,0,30.028981852197422,30.028981852197422,100.0
3350,1,17.661469914540266,17.661469914540266,100.0
3350,2,52.30954823326231,52.30954823326231,100.0
3360,0,43.50151170916921,43.50151170916921,100.0
3360,1,41.13191866167248,41.13191866167248,100.0
3360,2,15.366569629158326,15.366569629158326,100.0
3370,0,16.347659724006512,16.347659724006512,100.0
3370,1,39.865197482411645,39.865197482411645,100.0
3370,2,43.78714279358184,43.78714279358184,100.0
3380,0,49.32499633116098,49.32499633116098,100.0
3380,1,17.909517237429068,17.909517237429068,100.0
3380,2,32.765486431409954,32.765486431409954,100.0
3390,0,36.04463491676639,36.04463491676639,100.0
3390,1,20.87261086064117,20.87261086064117,100.0
3390,2,43.08275422259244,43.08275422259244,100.0
3400,0,56.545973416282145,56.545973416282145,100.0
3400,1,17.370270240507775,17.370270240507775,100.0
3400,2,26.08375634321007,26.08375634321007,100.0
3410,0,29.82717599717617,29.82717599717617,100.0
3410,1,59.84700328199188,59.84700328199188,100.0
3410,2,10.325820720831945,10.325820720831945,100.0
3420,0,25.982042834259328,25.982042834259328,100.0
3420,1,43.71693037597929,43.71693037597929,100.0
3420,2,30.30102678976138,30.30102678976138,100.0
3430,0,19.720747510364866,19.720747510364866,100.0
3430,1,24.147648524806094,24.147648524806094,100.0
3430,2,56.13160396482905,56.13160396482905,100.0
3440,0,33.63444129056031,33.63444129056031,100.0
3440,1,53.405601711574505,53.405601711574505,100.0
3440,2,12.959956997865193,12.959956997865193,100.0
3450,0,21.77909741320892,21.77909741320892,100.0
3450,1,23.338886365285504,23.338886365285504,100.0
3450,2,54.88201622150558,54.88201622150558,100.0
3460,0,25.555464894957105,25.555464894957105,100.0
3460,1,32.55077149039859,32.55077149039859,100.0
3460,2,41.89376361464431,41.89376361464431,100.0
3470,0,52.53984618112303,52.53984618112303,100.0
3470,1,20.41886281799022,20.41886281799022,100.0
3470,2,27.04129100088676,27.04129100088676,100.0
3480,0,50.63690800738936,50.63690800738936,100.0
3480,1,14.869553078601323,14.869553078601323,100.0
3480,2,34.49353891400933,34.49353891400933,100.0
3490,0,27.64716252872938,27.64716252872938,100.0
3490,1,17.11660053185328,17.11660053185328,100.0
3490,2,55.23623693941734,55.23623693941734,100.0
3500,0,61.88461747842183,61.88461747842183,100.0
3500,1,19.200521740995377,19.200521740995377,100.0
3500,2,18.914860780582792,18.914860780582792,100.0
3510,0,35.52339297164609,35.52339297164609,100.0
3510,1,42.93708087581257,42.93708087581257,100.0
3510,2,21.539526152541345,21.539526152541345,100.0
3520,0,44.01116747318338,44.01116747318338,100.0
3520,1,11.609114025582656,11.609114025582656,100.0
3520,2,44.379718501233974,44.379718501233974,100.0
3530,0,36.91234790669149,36.91234790669149,100.0
3530,1,23.742990934588505,23.742990934588505,100.0
3530,2,39.344661158720015,39.344661158720015,100.0
3540,0,15.69161022566904,15.69161022566904,100.0
3540,1,22.425132131717156,22.425132131717156,100.0
3540,2,61.8832576426138,61.8832576426138,100.0
3550,0,30.20949634464672,30.20949634464672,100.0
3550,1,30.127474128451233,30.127474128451233,100.0
3550,2,39.66302952690206,39.66302952690206,100.0
3560,0,46.34018922694557,46.34018922694557,100.0
3560,1,27.040762244261984,27.040762244261984,100.0
3560,2,26.619048528792455,26.619048528792455,100.0
3570,0,10.872153167212591,10.872153167212591,100.0
3570,1,29.996587765228867,29.996587765228867,100.0
3570,2,59.13125906755854,59.13125906755854,100.0
3580,0,39.682047441293456,39.682047441293456,100.0
3580,1,39.15632093969395,39.15632093969395,100.0
3580,2,21.1616316190126,21.1616316190126,100.0
3590,0,27.151177302940226,27.151177302940226,100.0
3590,1,51.09443057731673,51.09443057731673,100.0
3590,2,21.75439211974305,21.75439211974305,100.0
3600,0,47.7403290640195,47.7403290640195,100.0
3600,1,15.568376915784196,15.568376915784196,100.0
3600,2,36.69129402019631,36.69129402019631,100.0
3610,0,16.38887499823514,16.38887499823514,100.0
3610,1,37.98645801789373,37.98645801789373,100.0
3610,2,45.62466698387113,45.62466698387113,100.0
3620,0,12.547344332484137,12.547344332484137,100.0
3620,1,21.81253641961658,21.81253641961658,100.0
3620,2,65.64011924789928,65.64011924789928,100.0
3630,0,33.93444156504971,33.93444156504971,100.0
3630,1,22.107870934327874,22.107870934327874,100.0
3630,2,43.95768750062242,43.95768750062242,100.0
3640,0,41.00655106704084,41.00655106704084,100.0
3640,1,30.48585674857402,30.48585674857402,100.0
3640,2,28.507592184385146,28.507592184385146,100.0
3650,0,31.00971422927109,31.00971422927109,100.0
3650,1,46.29087050794523,46.29087050794523,100.0
3650,2,22.69941526278367,22.69941526278367,100.0
3660,0,22.714123356147063,22.714123356147063,100.0
3660,1,26.259979899638324,26.259979899638324,100.0
3660,2,51.02589674421461,51.02589674421461,100.0
3670,0,32.22163052520949,32.22163052520949,100.0
3670,1,17.87699283249142,17.87699283249142,100.0
3670,2,49.90137664229909,49.90137664229909,100.0
3680,0,13.995228468594552,13.995228468594552,100.0
3680,1,21.805927351827016,21.805927351827016,100.0
3680,2,64.19884417957844,64.19884417957844,100.0
3690,0,53.591207855796085,53.591207855796085,100.0
3690,1,18.937587956212326,18.937587956212326,100.0
3690,2,27.4712041879916,27.4712041879916,100.0
3700,0,22.216728730938218,22.216728730938218,100.0
3700,1,42.461632298247444,42.461632298247444,100.0
3700,2,35.32163897081435,35.32163897081435,100.0
3710,0,13.841165740280093,13.841165740280093,100.0
3710,1,25.98755776497546,25.98755776497546,100.0
3710,2,60.17127649474444,60.17127649474444,100.0
3720,0,47.60471877964851,47.60471877964851,100.0
3720,1,30.581713976313335,30.581713976313335,100.0
3720,2,21.81356724403816,21.81356724403816,100.0
3730,0,17.257896134561523,17.257896134561523,100.0
3730,1,25.463968415703757,25.463968415703757,100.0
3730,2,57.27813544973473,57.27813544973473,100.0
3740,0,23.924603419771106,23.924603419771106,100.0
3740,1,14.464564150623088,14.464564150623088,100.0
3740,2,61.61083242960581,61.61083242960581,100.0
3750,0,28.743060611076803,28.743060611076803,100.0
3750,1,47.0503553735824,47.0503553735824,100.0
3750,2,24.20658401534081,24.20658401534081,100.0
3760,0,24.976087443681138,24.976087443681138,100.0
3760,1,17.665248329783008,17.665248329783008,100.0
3760,2,57.35866422653586,57.35866422653586,100.0
3770,0,43.44167302962394,43.44167302962394,100.0
3770,1,44.37813365351293,44.37813365351293,100.0
3770,2,12.180193316863136,12.180193316863136,100.0
3780,0,28.937190075264006,28.937190075264006,100.0
3780,1,36.44604480740634,36.44604480740634,100.0
3780,2,34.61676511732964,34.61676511732964,100.0
3790,0,12.051662795314243,12.051662795314243,100.0
3790,1,38.35977886417901,38.35977886417901,100.0
3790,2,49.588558340506744,49.588558340506744,100.0
3800,0,47.08159506653216,47.08159506653216,100.0
3800,1,42.28119348597118,42.28119348597118,100.0
3800,2,10.637211447496664,10.637211447496664,100.0
3810,0,13.806420021327826,13.806420021327826,100.0
3810,1,14.98238466195386,14.98238466195386,100.0
3810,2,71.21119531671832,71.21119531671832,100.0
3820,0,39.4792141954678,39.4792141954678,100.0
3820,1,21.46094428548796,21.46094428548796,100.0
3820,2,39.059841519044234,39.059841519044234,100.0
3830,0,43.63747837743078,43.63747837743078,100.0
3830,1,25.322552581542546,25.322552581542546,100.0
3830,2,31.039969041026673,31.039969041026673,100.0
3840,0,34.15002529847661,34.15002529847661,100.0
3840,1,38.14526889008403,38.14526889008403,100.0
3840,2,27.70470581143935,27.70470581143935,100.0
3850,0,65.78758870802369,65.78758870802369,100.0
3850,1,21.876673586207605,21.876673586207605,100.0
3850,2,12.335737705768707,12.335737705768707,100.0
3860,0,32.687083791395146,32.687083791395146,100.0
3860,1,41.45132949842292,41.45132949842292,100.0
3860,2,25.86158671018193,25.86158671018193,100.0
3870,0,17.858468086611424,17.858468086611424,100.0
3870,1,22.26464564361193,22.26464564361193,100.0
3870,2,59.876886269776655,59.876886269776655,100.0
3880,0,32.197170127617184,32.197170127617184,100.0
3880,1,38.21583979621724,38.21583979621724,100.0
3880,2,29.586990076165577,29.586990076165577,100.0
3890,0,15.145720522315425,15.145720522315425,100.0
3890,1,50.7338548354869,50.7338548354869,100.0
3890,2,34.12042464219767,34.12042464219767,100.0
3900,0,25.639305961250013,25.639305961250013,100.0
3900,1,48.72576223901863,48.72576223901863,100.0
3900,2,25.63493179973136,25.63493179973136,100.0
3910,0,26.21814245018179,26.21814245018179,100.0
3910,1,22.537655683592455,22.537655683592455,100.0
3910,2,51.244201866225744,51.244201866225744,100.0
3920,0,30.61663392704885,30.61663392704885,100.0
3920,1,34.49520674902713,34.49520674902713,100.0
3920,2,34.888159323924015,34.888159323924015,100.0
3930,0,24.903260964901406,24.903260964901406,100.0
3930,1,18.48179758541623,18.48179758541623,100.0
3930,2,56.61494144968236,56.61494144968236,100.0
3940,0,51.77724365082792,51.77724365082792,100.0
3940,1,33.27006374433998,33.27006374433998,100.0
3940,2,14.952692604832105,14.952692604832105,100.0
3950,0,41.63467651099851,41.63467651099851,100.0
3950,1,31.07127444073402,31.07127444073402,100.0
3950,2,27.29404904826748,27.29404904826748,100.0
3960,0,33.427660438933486,33.427660438933486,100.0
3960,1,45.06859814502054,45.06859814502054,100.0
3960,2,21.503741416045973,21.503741416045973,100.0
3970,0,32.214510964816625,32.214510964816625,100.0
3970,1,46.88936169066761,46.88936169066761,100.0
3970,2,20.89612734451575,20.89612734451575,100.0
3980,0,9.917727623635313,9.917727623635313,100.0
3980,1,36.010395839625886,36.010395839625886,100.0
3980,2,54.071876536738806,54.071876536738806,100.0
3990,0,32.494430857627435,32.494430857627435,100.0
3990,1,47.71967043064099,47.71967043064099,100.0
3990,2,19.78589871173158,19.78589871173158,100.0
4000,0,49.12911724051985,49.12911724051985,100.0
4000,1,18.46123170329704,18.46123170329704,100.0
4000,2,32.40965105618311,32.40965105618311,100.0
4010,0,32.3467314885325,32.3467314885325,100.0
4010,1,49.34531773171265,49.34531773171265,100.0
4010,2,18.30795077975485,18.30795077975485,100.0
4020,0,32.349051234602065,32.349051234602065,100.0
4020,1,57.571175474676565,57.571175474676565,100.0
4020,2,10.079773290721368,10.079773290721368,100.0
4030,0,16.516939214485486,16.516939214485486,100.0
4030,1,70.20866906086172,70.20866906086172,100.0
4030,2,13.274391724652796,13.274391724652796,100.0
4040,0,53.897699544428754,53.897699544428754,100.0
4040,1,25.79131481265956,25.79131481265956,100.0
4040,2,20.31098564291169,20.31098564291169,100.0
4050,0,35.589827818829576,35.589827818829576,100.0
4050,1,43.173859631778086,43.173859631778086,100.0
4050,2,21.23631254939232,21.23631254939232,100.0
4060,0,29.77171916984221,29.77171916984221,100.0
4060,1,55.87250224446368,55.87250224446368,100.0
4060,2,14.355778585694104,14.355778585694104,100.0
4070,0,34.10736290340001,34.10736290340001,100.0
4070,1,17.36771870508407,17.36771870508407,100.0
4070,2,48.524918391515925,48.524918391515925,100.0
4080,0,14.545949751391039,14.545949751391039,100.0
4080,1,27.469528481906764,27.469528481906764,100.0
4080,2,57.9845217667022,57.9845217667022,100.0
4090,0,17.178756808391498,17.178756808391498,100.0
4090,1,52.54857054485901,52.54857054485901,100.0
4090,2,30.272672646749495,30.272672646749495,100.0
4100,0,32.780396362305574,32.780396362305574,100.0
4100,1,37.73586654519726,37.73586654519726,100.0
4100,2,29.483737092497154,29.483737092497154,100.0
4110,0,33.64117083860354,33.64117083860354,100.0
4110,1,10.408545905113595,10.408545905113595,100.0
4110,2,55.95028325628286,55.95028325628286,100.0
4120,0,63.5673581931947,63.5673581931947,100.0
4120,1,21.107296724749073,21.107296724749073,100.0
4120,2,15.325345082056218,15.325345082056218,100.0
4130,0,62.0854835139802,62.0854835139802,100.0
4130,1,16.678273421946486,16.678273421946486,100.0
4130,2,21.236243064073314,21.236243064073314,100.0
4140,0,12.399079396277925,12.399079396277925,100.0
4140,1,73.61512678068509,73.61512678068509,100.0
4140,2,13.985793823036985,13.985793823036985,100.0
4150,0,33.01300329946781,33.01300329946781,100.0
4150,1,25.07700565652628,25.07700565652628,100.0
4150,2,41.90999104400591,41.90999104400591,100.0
4160,0,20.236774445138362,20.236774445138362,100.0
4160,1,57.05164888858795,57.05164888858795,100.0
4160,2,22.711576666273693,22.711576666273693,100.0
4170,0,12.759801145900868,12.759801145900868,100.0
4170,1,34.70347723777776,34.70347723777776,100.0
4170,2,52.53672161632137,52.53672161632137,100.0
4180,0,15.895432375236727,15.895432375236727,100.0
4180,1,52.13607139896889,52.13607139896889,100.0
4180,2,31.9684962257944,31.9684962257944,100.0
4190,0,16.130083975732227,16.130083975732227,100.0
4190,1,72.34646709485358,72.34646709485358,100.0
4190,2,11.523448929414203,11.523448929414203,100.0
4200,0,55.21062630439613,55.21062630439613,100.0
4200,1,20.55355310350448,20.55355310350448,100.0
4200,2,24.235820592099405,24.235820592099405,100.0
4210,0,13.489271699886896,13.489271699886896,100.0
4210,1,13.569113401083289,13.569113401083289,100.0
4210,2,72.94161489902983,72.94161489902983,100.0
4220,0,23.56510870550219,23.56510870550219,100.0
4220,1,17.35003828561484,17.35003828561484,100.0
4220,2,59.084853008882966,59.084853008882966,100.0
4230,0,60.85735924982222,60.85735924982222,100.0
4230,1,20.48531406578444,20.48531406578444,100.0
4230,2,18.657326684393343,18.657326684393343,100.0
4240,0,13.793420416440282,13.793420416440282,100.0
4240,1,48.37170077136081,48.37170077136081,100.0
4240,2,37.834878812198916,37.834878812198916,100.0
4250,0,24.554700092876832,24.554700092876832,100.0
4250,1,55.390886387122904,55.390886387122904,100.0
4250,2,20.05441352000027,20.05441352000027,100.0
4260,0,17.31460229712799,17.31460229712799,100.0
4260,1,33.77760991740149,33.77760991740149,100.0
4260,2,48.907787785470525,48.907787785470525,100.0
4270,0,32.40342351054829,32.40342351054829,100.0
4270,1,45.72967209852949,45.72967209852949,100.0
4270,2,21.86690439092221,21.86690439092221,100.0
4280,0,48.381284241758934,48.381284241758934,100.0
4280,1,37.88995224975905,37.88995224975905,100.0
4280,2,13.728763508482022,13.728763508482022,100.0
4290,0,46.67380491701626,46.67380491701626,100.0
4290,1,33.57874544553934,33.57874544553934,100.0
4290,2,19.74744963744439,19.74744963744439,100.0
4300,0,49.327476937578645,49.327476937578645,100.0
4300,1,26.739944007404908,26.739944007404908,100.0
4300,2,23.932579055016458,23.932579055016458,100.0
4310,0,31.932150786697967,31.932150786697967,100.0
4310,1,36.95100323378707,36.95100323378707,100.0
4310,2,31.116845979514974,31.116845979514974,100.0
4320,0,32.381530240341604,32.381530240341604,100.0
4320,1,27.095569533175993,27.095569533175993,100.0
4320,2,40.5229002264824,40.5229002264824,100.0
4330,0,38.84974591177494,38.84974591177494,100.0
4330,1,23.55548332721046,23.55548332721046,100.0
4330,2,37.5947707610146,37.5947707610146,100.0
4340,0,17.73274681419473,17.73274681419473,100.0
4340,1,45.103077041108705,45.103077041108705,100.0
4340,2,37.16417614469657,37.16417614469657,100.0
4350,0,40.35099859574503,40.35099859574503,100.0
4350,1,18.619269207061624,18.619269207061624,100.0
4350,2,41.029732197193354,41.029732197193354,100.0
4360,0,46.29639170322612,46.29639170322612,100.0
4360,1,41.8123242207643,41.8123242207643,100.0
4360,2,11.891284076009574,11.891284076009574,100.0
4370,0,29.920226050542283,29.920226050542283,100.0
4370,1,35.596088425758126,35.596088425758126,100.0
4370,2,34.48368552369959,34.48368552369959,100.0
4380,0,41.23618213454743,41.23618213454743,100.0
4380,1,43.14028462284954,43.14028462284954,100.0
4380,2,15.623533242603044,15.623533242603044,100.0
4390,0,50.48128526480256,50.48128526480256,100.0
4390,1,24.98677271039095,24.98677271039095,100.0
4390,2,24.531942024806497,24.531942024806497,100.0
4400,0,29.666112174878663,29.666112174878663,100.0
4400,1,34.141030474098336,34.141030474098336,100.0
4400,2,36.192857351023,36.192857351023,100.0
4410,0,10.759961332053855,10.759961332053855,100.0
4410,1,34.19844956607954,34.19844956607954,100.0
4410,2,55.041589101866606,55.041589101866606,100.0
4420,0,15.46952013359916,15.46952013359916,100.0
4420,1,47.591004365493376,47.591004365493376,100.0
4420,2,36.93947550090747,36.93947550090747,100.0
4430,0,25.86534899019619,25.86534899019619,100.0
4430,1,49.34396969253426,49.34396969253426,100.0
4430,2,24.790681317269545,24.790681317269545,100.0
4440,0,31.877865832275788,31.877865832275788,100.0
4440,1,38.2805482035085,38.2805482035085,100.0
4440,2,29.841585964215717,29.841585964215717,100.0
4450,0,53.237234862545854,53.237234862545854,100.0
4450,1,25.128900306838077,25.128900306838077,100.0
4450,2,21.633864830616076,21.633864830616076,100.0
4460,0,16.611727732317494,16.611727732317494,100.0
4460,1,27.41721635473403,27.41721635473403,100.0
4460,2,55.97105591294847,55.97105591294847,100.0
4470,0,34.81741673784781,34.81741673784781,100.0
4470,1,28.513983556504957,28.513983556504957,100.0
4470,2,36.66859970564724,36.66859970564724,100.0
4480,0,18.561208736175345,18.561208736175345,100.0
4480,1,44.04453213395078,44.04453213395078,100.0
4480,2,37.39425912987388,37.39425912987388,100.0
4490,0,23.748592968633144,23.748592968633144,100.0
4490,1,48.83186880973963,48.83186880973963,100.0
4490,2,27.41953822162722,27.41953822162722,100.0
4500,0,33.26334849514787,33.26334849514787,100.0
4500,1,51.53308203551899,51.53308203551899,100.0
4500,2,15.203569469333148,15.203569469333148,100.0
4510,0,36.465908067595535,36.465908067595535,100.0
4510,1,29.53613073274252,29.53613073274252,100.0
4510,2,33.997961199661944,33.997961199661944,100.0
4520,0,45.401553858560376,45.401553858560376,100.0
4520,1,37.20488930982189,37.20488930982189,100.0
4520,2,17.393556831617733,17.393556831617733,100.0
4530,0,25.51919275550182,25.51919275550182,100.0
4530,1,34.870322818731786,34.870322818731786,100.0
4530,2,39.610484425766394,39.610484425766394,100.0
4540,0,37.93439882594066,37.93439882594066,100.0
4540,1,42.064134585717646,42.064134585717646,100.0
4540,2,20.001466588341692,20.001466588341692,100.0
4550,0,24.463172139544195,24.463172139544195,100.0
4550,1,58.56481723225757,58.56481723225757,100.0
4550,2,16.97201062819824,16.97201062819824,100.0
4560,0,7.626442079699452,7.626442079699452,100.0
4560,1,49.42983324808725,49.42983324808725,100.0
4560,2,42.94372467221331,42.94372467221331,100.0
4570,0,18.093635891882947,18.093635891882947,100.0
4570,1,55.54775111898802,55.54775111898802,100.0
4570,2,26.35861298912903,26.35861298912903,100.0
4580,0,30.325440258971327,30.325440258971327,100.0
4580,1,13.178532637137064,13.178532637137064,100.0
4580,2,56.49602710389161,56.49602710389161,100.0
4590,0,52.614123698993545,52.614123698993545,100.0
4590,1,15.090213513741874,15.090213513741874,100.0
4590,2,32.29566278726458,32.29566278726458,100.0
4600,0,32.18486267423813,32.18486267423813,100.0
4600,1,49.765849151760534,49.765849151760534,100.0
4600,2,18.049288174001333,18.049288174001333,100.0
4610,0,49.64572136991151,49.64572136991151,100.0
4610,1,20.773262282923284,20.773262282923284,100.0
4610,2,29.581016347165207,29.581016347165207,100.0
4620,0,41.837727008085785,41.837727008085785,100.0
4620,1,35.170531111280866,35.170531111280866,100.0
4620,2,22.99174188063335,22.99174188063335,100.0
4630,0,37.90969038399312,37.90969038399312,100.0
4630,1,37.38806528527629,37.38806528527629,100.0
4630,2,24.7022443307306,24.7022443307306,100.0
4640,0,20.0644243290164,20.0644243290164,100.0
4640,1,67.35562549453718,67.35562549453718,100.0
4640,2,12.579950176446427,12.579950176446427,100.0
4650,0,57.10524252134955,57.10524252134955,100.0
4650,1,14.892290165469449,14.892290165469449,100.0
4650,2,28.002467313181,28.002467313181,100.0
4660,0,57.41135284776207,57.41135284776207,100.0
4660,1,14.0108273474471,14.0108273474471,100.0
4660,2,28.577819804790845,28.577819804790845,100.0
4670,0,28.882765208189227,28.882765208189227,100.0
4670,1,61.154340107282465,61.154340107282465,100.0
4670,2,9.962894684528314,9.962894684528314,100.0
4680,0,41.322347229510385,41.322347229510385,100.0
4680,1,17.382670916026886,17.382670916026886,100.0
4680,2,41.29498185446273,41.29498185446273,100.0
4690,0,16.56643196695617,16.56643196695617,100.0
4690,1,50.48067867085992,50.48067867085992,100.0
4690,2,32.95288936218391,32.95288936218391,100.0
4700,0,38.39138004517359,38.39138004517359,100.0
4700,1,52.522173369646794,52.522173369646794,100.0
4700,2,9.086446585179605,9.086446585179605,100.0
4710,0,32.42514821713926,32.42514821713926,100.0
4710,1,52.494890241035954,52.494890241035954,100.0
4710,2,15.07996154182478,15.07996154182478,100.0
4720,0,15.643988120214699,15.643988120214699,100.0
4720,1,54.8490655140881,54.8490655140881,100.0
4720,2,29.50694636569721,29.50694636569721,100.0
4730,0,55.2112683141741,55.2112683141741,100.0
4730,1,15.670556492106519,15.670556492106519,100.0
4730,2,29.118175193719388,29.118175193719388,100.0
4740,0,38.030274322461494,38.030274322461494,100.0
4740,1,25.19728144440051,25.19728144440051,100.0
4740,2,36.772444233138,36.772444233138,100.0
4750,0,12.246560502848814,12.246560502848814,100.0
4750,1,15.821559775676777,15.821559775676777,100.0
4750,2,71.93187972147442,71.93187972147442,100.0
4760,0,24.660671106035288,24.660671106035288,100.0
4760,1,35.82468967361628,35.82468967361628,100.0
4760,2,39.51463922034844,39.51463922034844,100.0
4770,0,23.655218224690053,23.655218224690053,100.0
4770,1,27.331269466991788,27.331269466991788,100.0
4770,2,49.01351230831816,49.01351230831816,100.0
4780,0,16.536507187776742,16.536507187776742,100.0
4780,1,45.6864884552921,45.6864884552921,100.0
4780,2,37.77700435693115,37.77700435693115,100.0
4790,0,36.72532797998577,36.72532797998577,100.0
4790,1,18.33683469817927,18.33683469817927,100.0
4790,2,44.93783732183497,44.93783732183497,100.0
4800,0,40.65551981934119,40.65551981934119,100.0
4800,1,46.12084366122952,46.12084366122952,100.0
4800,2,13.223636519429297,13.223636519429297,100.0
4810,0,26.454890949461696,26.454890949461696,100.0
4810,1,20.266563505278416,20.266563505278416,100.0
4810,2,53.278545545259895,53.278545545259895,100.0
4820,0,25.414198990649066,25.414198990649066,100.0
4820,1,29.37686153600693,29.37686153600693,100.0
4820,2,45.208939473344,45.208939473344,100.0
4830,0,58.651128780655796,58.651128780655796,100.0
4830,1,26.622936305252477,26.622936305252477,100.0
4830,2,14.725934914091745,14.725934914091745,100.0
4840,0,14.180398273693193,14.180398273693193,100.0
4840,1,39.148849991427866,39.148849991427866,100.0
4840,2,46.67075173487894,46.67075173487894,100.0
4850,0,38.54426118914673,38.54426118914673,100.0
4850,1,22.344585469971527,22.344585469971527,100.0
4850,2,39.111153340881735,39.111153340881735,100.0
4860,0,37.42470246202154,37.42470246202154,100.0
4860,1,23.030130381871373,23.030130381871373,100.0
4860,2,39.545167156107084,39.545167156107084,100.0
4870,0,48.18985456983775,48.18985456983775,100.0
4870,1,32.5528192538931,32.5528192538931,100.0
4870,2,19.257326176269167,19.257326176269167,100.0
4880,0,12.743448024516358,12.743448024516358,100.0
4880,1,71.84593179579697,71.84593179579697,100.0
4880,2,15.41062017968668,15.41062017968668,100.0
4890,0,45.74281286317027,45.74281286317027,100.0
4890,1,31.570155371016128,31.570155371016128,100.0
4890,2,22.687031765813604,22.687031765813604,100.0
4900,0,16.823663124940065,16.823663124940065,100.0
4900,1,49.40410106708597,49.40410106708597,100.0
4900,2,33.77223580797397,33.77223580797397,100.0
4910,0,29.661174624022514,29.661174624022514,100.0
4910,1,60.29667162272931,60.29667162272931,100.0
4910,2,10.042153753248177,10.042153753248177,100.0
4920,0,39.94424264456744,39.94424264456744,100.0
4920,1,17.826558666663022,17.826558666663022,100.0
4920,2,42.22919868876954,42.22919868876954,100.0
4930,0,19.059642721797626,19.059642721797626,100.0
4930,1,17.29211624299541,17.29211624299541,100.0
4930,2,63.648241035206965,63.648241035206965,100.0
4940,0,58.662489634249596,58.662489634249596,100.0
4940,1,22.45504716719764,22.45504716719764,100.0
4940,2,18.882463198552767,18.882463198552767,100.0
4950,0,22.14422539032498,22.14422539032498,100.0
4950,1,34.83102472198388,34.83102472198388,100.0
4950,2,43.02474988769114,43.02474988769114,100.0
4960,0,28.868374353845212,28.868374353845212,100.0
4960,1,25.011099300365657,25.011099300365657,100.0
4960,2,46.12052634578914,46.12052634578914,100.0
4970,0,39.439791134003904,39.439791134003904,100.0
4970,1,49.27475906404557,49.27475906404557,100.0
4970,2,11.285449801950511,11.285449801950511,100.0
4980,0,64.2676121716909,64.2676121716909,100.0
4980,1,16.647502559962547,16.647502559962547,100.0
4980,2,19.08488526834655,19.08488526834655,100.0
4990,0,29.55293334007007,29.55293334007007,100.0
4990,1,27.162136311588952,27.162136311588952,100.0
4990,2,43.284930348340986,43.284930348340986,100.0
5000,0,33.001074416320876,33.001074416320876,100.0
5000,1,45.8013505310318,45.8013505310318,100.0
5000,2,21.197575052647323,21.197575052647323,100.0
5010,0,27.78686208473443,27.78686208473443,100.0
5010,1,61.24523819951742,61.24523819951742,100.0
5010,2,10.967899715748143,10.967899715748143,100.0
5020,0,44.970255879975504,44.970255879975504,100.0
5020,1,41.70600922570546,41.70600922570546,100.0
5020,2,13.323734894319033,13.323734894319033,100.0
5030,0,26.87297197410056,26.87297197410056,100.0
5030,1,30.562783237875777,30.562783237875777,100.0
5030,2,42.56424478802365,42.56424478802365,100.0
5040,0,50.77183815982704,50.77183815982704,100.0
5040,1,20.912036424090434,20.912036424090434,100.0
5040,2,28.31612541608252,28.31612541608252,100.0
5050,0,25.553697362929817,25.553697362929817,100.0
5050,1,49.70962971908359,49.70962971908359,100.0
5050,2,24.736672917986592,24.736672917986592,100.0
5060,0,39.65882526597021,39.65882526597021,100.0
5060,1,28.360845391139446,28.360845391139446,100.0
5060,2,31.980329342890357,31.980329342890357,100.0
5070,0,50.38812295532995,50.38812295532995,100.0
5070,1,32.31599880023674,32.31599880023674,100.0
5070,2,17.29587824443331,17.29587824443331,100.0
5080,0,14.181732881453746,14.181732881453746,100.0
5080,1,52.51522620429828,52.51522620429828,100.0
5080,2,33.30304091424798,33.30304091424798,100.0
5090,0,19.076746897493152,19.076746897493152,100.0
5090,1,36.49348326867963,36.49348326867963,100.0
5090,2,44.429769833827216,44.429769833827216,100.0
5100,0,9.308128184784573,9.308128184784573,100.0
5100,1,46.27462895793526,46.27462895793526,100.0
5100,2,44.41724285728015,44.41724285728015,100.0
5110,0,24.56878218844659,24.56878218844659,100.0
5110,1,57.24407038855068,57.24407038855068,100.0
5110,2,18.187147423002724,18.187147423002724,100.0
5120,0,27.028835966862,27.028835966862,100.0
5120,1,48.53149269651745,48.53149269651745,100.0
5120,2,24.439671336620545,24.439671336620545,100.0
5130,0,69.88898932516065,69.88898932516065,100.0
5130,1,17.749093016853216,17.749093016853216,100.0
5130,2,12.361917657986144,12.361917657986144,100.0
5140,0,17.145531636878786,17.145531636878786,100.0
5140,1,70.32326937499943,70.32326937499943,100.0
5140,2,12.5311989881218,12.5311989881218,100.0
5150,0,53.66079507357304,53.66079507357304,100.0
5150,1,25.046894720249185,25.046894720249185,100.0
5150,2,21.292310206177774,21.292310206177774,100.0
5160,0,32.36995829714259,32.36995829714259,100.0
5160,1,38.01302165793914,38.01302165793914,100.0
5160,2,29.617020044918263,29.617020044918263,100.0
5170,0,13.538357919541161,13.538357919541161,100.0
5170,1,28.851422779499835,28.851422779499835,100.0
5170,2,57.610219300958995,57.610219300958995,100.0
5180,0,53.6571521220106,53.6571521220106,100.0
5180,1,17.329162595337028,17.329162595337028,100.0
5180,2,29.01368528265238,29.01368528265238,100.0
5190,0,15.19244472016011,15.19244472016011,100.0
5190,1,41.96331244229295,41.96331244229295,100.0
5190,2,42.844242837546936,42.844242837546936,100.0
5200,0,34.843491500468346,34.843491500468346,100.0
5200,1,20.713310489022135,20.713310489022135,100.0
5200,2,44.44319801050952,44.44319801050952,100.0
5210,0,38.794934297747574,38.794934297747574,100.0
5210,1,11.980542616563183,11.980542616563183,100.0
5210,2,49.22452308568924,49.22452308568924,100.0
5220,0,52.499710425820254,52.499710425820254,100.0
5220,1,25.15465094496846,25.15465094496846,100.0
5220,2,22.34563862921128,22.34563862921128,100.0
5230,0,12.855288275244561,12.855288275244561,100.0
5230,1,40.943938728044046,40.943938728044046,100.0
5230,2,46.200772996711386,46.200772996711386,100.0
5240,0,37.86014959428397,37.86014959428397,100.0
5240,1,18.622918970924864,18.622918970924864,100.0
5240,2,43.516931434791175,43.516931434791175,100.0
5250,0,38.5962226202117,38.5962226202117,100.0
5250,1,19.349416978984273,19.349416978984273,100.0
5250,2,42.05436040080402,42.05436040080402,100.0
5260,0,29.826051749619577,29.826051749619577,100.0
5260,1,27.307047705003722,27.307047705003722,100.0
5260,2,42.86690054537671,42.86690054537671,100.0
5270,0,69.2247452617493,69.2247452617493,100.0
5270,1,15.443560065859296,15.443560065859296,100.0
5270,2,15.331694672391407,15.331694672391407,100.0
5280,0,27.76545443129504,27.76545443129504,100.0
5280,1,21.71059624819563,21.71059624819563,100.0
5280,2,50.523949320509345,50.523949320509345,100.0
5290,0,61.62328265163265,61.62328265163265,100.0
5290,1,21.316772697578024,21.316772697578024,100.0
5290,2,17.05994465078933,17.05994465078933,100.0
5300,0,42.63271813001051,42.63271813001051,100.0
5300,1,33.90723702940589,33.90723702940589,100.0
5300,2,23.460044840583596,23.460044840583596,100.0
5310,0,28.417456147282905,28.417456147282905,100.0
5310,1,28.029259412066192,28.029259412066192,100.0
5310,2,43.553284440650906,43.553284440650906,100.0
5320,0,34.21470233819666,34.21470233819666,100.0
5320,1,29.496845661978533,29.496845661978533,100.0
5320,2,36.2884519998248,36.2884519998248,100.0
5330,0,26.43143100291271,26.43143100291271,100.0
5330,1,52.14365882692229,52.14365882692229,100.0
5330,2,21.424910170165013,21.424910170165013,100.0
5340,0,9.276772560151807,9.276772560151807,100.0
5340,1,43.74793625119508,43.74793625119508,100.0
5340,2,46.975291188653124,46.975291188653124,100.0
5350,0,18.911589061451544,18.911589061451544,100.0
5350,1,39.40149023530212,39.40149023530212,100.0
5350,2,41.68692070324634,41.68692070324634,100.0
5360,0,23.64109650579804,23.64109650579804,100.0
5360,1,35.40902850312773,35.40902850312773,100.0
5360,2,40.94987499107423,40.94987499107423,100.0
5370,0,59.02396682814798,59.02396682814798,100.0
5370,1,23.98789046731111,23.98789046731111,100.0
5370,2,16.988142704540913,16.988142704540913,100.0
5380,0,51.23128624576763,51.23128624576763,100.0
5380,1,23.80293131596635,23.80293131596635,100.0
5380,2,24.965782438266025,24.965782438266025,100.0
5390,0,45.95131540737751,45.95131540737751,100.0
5390,1,38.11778308415328,38.11778308415328,100.0
5390,2,15.930901508469198,15.930901508469198,100.0
5400,0,36.26367323086595,36.26367323086595,100.0
5400,1,50.615744175866205,50.615744175866205,100.0
5400,2,13.120582593267857,13.120582593267857,100.0
5410,0,20.105664603530304,20.105664603530304,100.0
5410,1,59.50791212296663,59.50791212296663,100.0
5410,2,20.386423273503073,20.386423273503073,100.0
5420,0,40.35730655169755,40.35730655169755,100.0
5420,1,40.29195174004862,40.29195174004862,100.0
5420,2,19.350741708253835,19.350741708253835,100.0
5430,0,70.3994952624996,70.3994952624996,100.0
5430,1,13.30688263615554,13.30688263615554,100.0
5430,2,16.29362210134487,16.29362210134487,100.0
5440,0,44.66620054728882,44.66620054728882,100.0
5440,1,41.295104374458525,41.295104374458525,100.0
5440,2,14.038695078252669,14.038695078252669,100.0
5450,0,29.54588801007415,29.54588801007415,100.0
5450,1,39.16530290608533,39.16530290608533,100.0
5450,2,31.288809083840523,31.288809083840523,100.0
5460,0,19.11744359268648,19.11744359268648,100.0
5460,1,63.92373541863354,63.92373541863354,100.0
5460,2,16.95882098867998,16.95882098867998,100.0
5470,0,15.187880040034479,15.187880040034479,100.0
5470,1,22.248605931073122,22.248605931073122,100.0
5470,2,62.5635140288924,62.5635140288924,100.0
5480,0,23.50350372764435,23.50350372764435,100.0
5480,1,21.053438548379535,21.053438548379535,100.0
5480,2,55.44305772397612,55.44305772397612,100.0
5490,0,39.66510652111689,39.66510652111689,100.0
5490,1,31.493185862230245,31.493185862230245,100.0
5490,2,28.84170761665287,28.84170761665287,100.0
5500,0,46.84338031249064,46.84338031249064,100.0
5500,1,20.723354752574966,20.723354752574966,100.0
5500,2,32.4332649349344,32.4332649349344,100.0
5510,0,27.622386103979775,27.622386103979775,100.0
5510,1,46.7520305721646,46.7520305721646,100.0
5510,2,25.62558332385564,25.62558332385564,100.0
5520,0,40.65295073890203,40.65295073890203,100.0
5520,1,22.46913797556699,22.46913797556699,100.0
5520,2,36.877911285530985,36.877911285530985,100.0
5530,0,15.257268718530067,15.257268718530067,100.0
5530,1,60.972636319897724,60.972636319897724,100.0
5530,2,23.770094961572223,23.770094961572223,100.0
5540,0,70.18094071700548,70.18094071700548,100.0
5540,1,14.374195435693126,14.374195435693126,100.0
5540,2,15.444863847301383,15.444863847301383,100.0
5550,0,17.21403437003034,17.21403437003034,100.0
5550,1,66.57171985656544,66.57171985656544,100.0
5550,2,16.214245773404222,16.214245773404222,100.0
5560,0,26.02736342221582,26.02736342221582,100.0
5560,1,48.78586246282981,48.78586246282981,100.0
5560,2,25.186774114954364,25.186774114954364,100.0
5570,0,20.0238480843235,20.0238480843235,100.0
5570,1,52.48509801196103,52.48509801196103,100.0
5570,2,27.491053903715468,27.491053903715468,100.0
5580,0,12.792965102382203,12.792965102382203,100.0
5580,1,58.41389317890435,58.41389317890435,100.0
5580,2,28.793141718713443,28.793141718713443,100.0
5590,0,42.29777445184017,42.29777445184017,100.0
5590,1,17.40364735458136,17.40364735458136,100.0
5590,2,40.29857819357847,40.29857819357847,100.0
5600,0,27.394498702326686,27.394498702326686,100.0
5600,1,28.014870054250885,28.014870054250885,100.0
5600,2,44.59063124342242,44.59063124342242,100.0
5610,0,38.91443991690985,38.91443991690985,100.0
5610,1,22.82401344841894,22.82401344841894,100.0
5610,2,38.26154663467122,38.26154663467122,100.0
5620,0,29.16354045967356,29.16354045967356,100.0
5620,1,30.806476723911896,30.806476723911896,100.0
5620,2,40.02998281641454,40.02998281641454,100.0
5630,0,43.60680506244891,43.60680506244891,100.0
5630,1,31.257379362086123,31.257379362086123,100.0
5630,2,25.135815575464964,25.135815575464964,100.0
5640,0,38.12020711712739,38.12020711712739,100.0
5640,1,22.465741063507295,22.465741063507295,100.0
5640,2,39.414051819365326,39.414051819365326,100.0
5650,0,29.916446298857768,29.916446298857768,100.0
5650,1,38.18371460672435,38.18371460672435,100.0
5650,2,31.899839094417885,31.899839094417885,100.0
5660,0,60.174975500775055,60.174975500775055,100.0
5660,1,29.874983206721208,29.874983206721208,100.0
5660,2,9.950041292503757,9.950041292503757,100.0
5670,0,42.90888515168955,42.90888515168955,100.0
5670,1,26.182351466944038,26.182351466944038,100.0
5670,2,30.9087633813664,30.9087633813664,100.0
5680,0,45.4067841970426,45.4067841970426,100.0
5680,1,29.891372262395947,29.891372262395947,100.0
5680,2,24.701843540561452,24.701843540561452,100.0
5690,0,14.358468534398632,14.358468534398632,100.0
5690,1,39.81488699772615,39.81488699772615,100.0
5690,2,45.82664446787523,45.82664446787523,100.0
5700,0,53.67178875042254,53.67178875042254,100.0
5700,1,11.465159447016916,11.465159447016916,100.0
5700,2,34.86305180256055,34.86305180256055,100.0
5710,0,41.31696389225398,41.31696389225398,100.0
5710,1,10.88937713340265,10.88937713340265,100.0
5710,2,47.79365897434337,47.79365897434337,100.0
5720,0,15.962705392585534,15.962705392585534,100.0
5720,1,25.19143954280118,25.19143954280118,100.0
5720,2,58.84585506461328,58.84585506461328,100.0
5730,0,27.666395846866994,27.666395846866994,100.0
5730,1,43.96156437846713,43.96156437846713,100.0
5730,2,28.372039774665893,28.372039774665893,100.0
5740,0,36.67619684013229,36.67619684013229,100.0
5740,1,14.69012807758089,14.69012807758089,100.0
5740,2,48.633675082286814,48.633675082286814,100.0
5750,0,53.39802027787679,53.39802027787679,100.0
5750,1,24.663236099275494,24.663236099275494,100.0
5750,2,21.93874362284772,21.93874362284772,100.0
5760,0,20.55462717914679,20.55462717914679,100.0
5760,1,44.8649166903799,44.8649166903799,100.0
5760,2,34.58045613047331,34.58045613047331,100.0
5770,0,19.663172226490726,19.663172226490726,100.0
5770,1,22.602818134329997,22.602818134329997,100.0
5770,2,57.73400963917928,57.73400963917928,100.0
5780,0,42.57295676290865,42.57295676290865,100.0
5780,1,38.728749198863994,38.728749198863994,100.0
5780,2,18.698294038227356,18.698294038227356,100.0
5790,0,14.037862694389517,14.037862694389517,100.0
5790,1,75.38423533203733,75.38423533203733,100.0
5790,2,10.577901973573155,10.577901973573155,100.0
5800,0,20.544001143046412,20.544001143046412,100.0
5800,1,40.34846187224252,40.34846187224252,100.0
5800,2,39.107536984711075,39.107536984711075,100.0
5810,0,49.03017909152585,49.03017909152585,100.0
5810,1,26.020284937401648,26.020284937401648,100.0
5810,2,24.94953597107249,24.94953597107249,100.0
5820,0,33.72127957445928,33.72127957445928,100.0
5820,1,19.245893751963965,19.245893751963965,100.0
5820,2,47.03282667357675,47.03282667357675,100.0
5830,0,10.656362605173603,10.656362605173603,100.0
5830,1,31.20654800105052,31.20654800105052,100.0
5830,2,58.137089393775874,58.137089393775874,100.0
5840,0,46.72257621809313,46.72257621809313,100.0
5840,1,8.556366554846631,8.556366554846631,100.0
5840,2,44.72105722706023,44.72105722706023,100.0
5850,0,23.257243832830618,23.257243832830618,100.0
5850,1,22.126942522461324,22.126942522461324,100.0
5850,2,54.615813644708055,54.615813644708055,100.0
5860,0,35.58517602377631,35.58517602377631,100.0
5860,1,51.41659329447676,51.41659329447676,100.0
5860,2,12.998230681746941,12.998230681746941,100.0
5870,0,34.8988060187107,34.8988060187107,100.0
5870,1,20.780163838888086,20.780163838888086,100.0
5870,2,44.3210301424012,44.3210301424012,100.0
5880,0,33.70961627153578,33.70961627153578,100.0
5880,1,33.656774279287156,33.656774279287156,100.0
5880,2,32.63360944917707,32.63360944917707,100.0
5890,0,25.561826385044085,25.561826385044085,100.0
5890,1,36.98670701923864,36.98670701923864,100.0
5890,2,37.45146659571728,37.45146659571728,100.0
5900,0,26.503999858156973,26.503999858156973,100.0
5900,1,23.32991157411302,23.32991157411302,100.0
5900,2,50.166088567730014,50.166088567730014,100.0
5910,0,32.099183739993805,32.099183739993805,100.0
5910,1,30.71169425471681,30.71169425471681,100.0
5910,2,37.18912200528939,37.18912200528939,100.0
5920,0,16.737582388129134,16.737582388129134,100.0
5920,1,50.1795303358724,50.1795303358724,100.0
5920,2,33.08288727599846,33.08288727599846,100.0
5930,0,41.4756634373742,41.4756634373742,100.0
5930,1,32.61826734293793,32.61826734293793,100.0
5930,2,25.90606921968788,25.90606921968788,100.0
5940,0,36.726842172682844,36.726842172682844,100.0
5940,1,42.047363565465396,42.047363565465396,100.0
5940,2,21.225794261851764,21.225794261851764,100.0
5950,0,31.451344723088553,31.451344723088553,100.0
5950,1,47.67281768617269,47.67281768617269,100.0
5950,2,20.875837590738755,20.875837590738755,100.0
5960,0,22.20869392756128,22.20869392756128,100.0
5960,1,35.52388640449469,35.52388640449469,100.0
5960,2,42.267419667944026,42.267419667944026,100.0
5970,0,21.799383461765192,21.799383461765192,100.0
5970,1,22.104433797682592,22.104433797682592,100.0
5970,2,56.09618274055222,56.09618274055222,100.0
5980,0,23.053759582976372,23.053759582976372,100.0
5980,1,19.48730812455073,19.48730812455073,100.0
5980,2,57.458932292472895,57.458932292472895,100.0
5990,0,39.095736400980456,39.095736400980456,100.0
5990,1,35.961292291079985,35.961292291079985,100.0
5990,2,24.94297130793956,24.94297130793956,100.0
6000,0,10.1868523536305,10.1868523536305,100.0
6000,1,36.30724421342853,36.30724421342853,100.0
6000,2,53.50590343294097,53.50590343294097,100.0
6010,0,56.62142455070948,56.62142455070948,100.0
6010,1,19.30088534551872,19.30088534551872,100.0
6010,2,24.077690103771808,24.077690103771808,100.0
6020,0,7.885344391294516,7.885344391294516,100.0
6020,1,50.68265682216162,50.68265682216162,100.0
6020,2,41.43199878654386,41.43199878654386,100.0
6030,0,44.97744782779577,44.97744782779577,100.0
6030,1,37.15510797787702,37.15510797787702,100.0
6030,2,17.867444194327213,17.867444194327213,100.0
6040,0,40.85756963876482,40.85756963876482,100.0
6040,1,43.94630164337479,43.94630164337479,100.0
6040,2,15.196128717860386,15.196128717860386,100.0
6050,0,64.58934195865392,64.58934195865392,100.0
6050,1,22.17835645259662,22.17835645259662,100.0
6050,2,13.23230158874946,13.23230158874946,100.0
6060,0,48.74511059177591,48.74511059177591,100.0
6060,1,44.02381703752824,44.02381703752824,100.0
6060,2,7.231072370695853,7.231072370695853,100.0
6070,0,15.319424511485783,15.319424511485783,100.0
6070,1,63.239233172047584,63.239233172047584,100.0
6070,2,21.441342316466642,21.441342316466642,100.0
6080,0,21.372726386612147,21.372726386612147,100.0
6080,1,51.699009535237764,51.699009535237764,100.0
6080,2,26.9282640781501,26.9282640781501,100.0
6090,0,42.20304986352647,42.20304986352647,100.0
6090,1,31.611909755323005,31.611909755323005,100.0
6090,2,26.18504038115052,26.18504038115052,100.0
6100,0,10.675442730255911,10.675442730255911,100.0
6100,1,41.9044754220331,41.9044754220331,100.0
6100,2,47.420081847710996,47.420081847710996,100.0
6110,0,36.5563946292213,36.5563946292213,100.0
6110,1,40.31256496551233,40.31256496551233,100.0
6110,2,23.131040405266372,23.131040405266372,100.0
6120,0,21.861477101429458,21.861477101429458,100.0
6120,1,15.106002750953307,15.106002750953307,100.0
6120,2,63.03252014761724,63.03252014761724,100.0
6130,0,12.069935095675364,12.069935095675364,100.0
6130,1,42.676708208442456,42.676708208442456,100.0
6130,2,45.25335669588218,45.25335669588218,100.0
6140,0,17.67454014189497,17.67454014189497,100.0
6140,1,44.721595668614185,44.721595668614185,100.0
6140,2,37.60386418949085,37.60386418949085,100.0
6150,0,23.779458544441958,23.779458544441958,100.0
6150,1,39.82585077161753,39.82585077161753,100.0
6150,2,36.39469068394051,36.39469068394051,100.0
6160,0,25.182855686197698,25.182855686197698,100.0
6160,1,27.082155500374906,27.082155500374906,100.0
6160,2,47.73498881342741,47.73498881342741,100.0
6170,0,17.591994453347947,17.591994453347947,100.0
6170,1,49.50845373734049,49.50845373734049,100.0
6170,2,32.899551809311575,32.899551809311575,100.0
6180,0,16.465541582523038,16.465541582523038,100.0
6180,1,30.339368322329857,30.339368322329857,100.0
6180,2,53.1950900951471,53.1950900951471,100.0
6190,0,30.425178635764016,30.425178635764016,100.0
6190,1,39.917912543461235,39.917912543461235,100.0
6190,2,29.656908820774746,29.656908820774746,100.0
6200,0,46.83587979801657,46.83587979801657,100.0
6200,1,26.07762638203102,26.07762638203102,100.0
6200,2,27.086493819952405,27.086493819952405,100.0
6210,0,40.16640321075259,40.16640321075259,100.0
6210,1,44.317075776450636,44.317075776450636,100.0
6210,2,15.516521012796773,15.516521012796773,100.0
6220,0,26.080545791732273,26.080545791732273,100.0
6220,1,39.46485754826199,39.46485754826199,100.0
6220,2,34.454596660005734,34.454596660005734,100.0
6230,0,12.642600510045385,12.642600510045385,100.0
6230,1,41.65620644336991,41.65620644336991,100.0
6230,2,45.70119304658472,45.70119304658472,100.0
6240,0,29.237509310155723,29.237509310155723,100.0
6240,1,24.41835446396611,24.41835446396611,100.0
6240,2,46.34413622587817,46.34413622587817,100.0
6250,0,10.940562114827076,10.940562114827076,100.0
6250,1,26.48661128831297,26.48661128831297,100.0
6250,2,62.572826596859954,62.572826596859954,100.0
6260,0,41.27462188652087,41.27462188652087,100.0
6260,1,27.692080843641985,27.692080843641985,100.0
6260,2,31.033297269837156,31.033297269837156,100.0
6270,0,40.5854107679599,40.5854107679599,100.0
6270,1,31.947164252183306,31.947164252183306,100.0
6270,2,27.46742497985678,27.46742497985678,100.0
6280,0,42.893104911172415,42.893104911172415,100.0
6280,1,12.144660880846883,12.144660880846883,100.0
6280,2,44.9622342079807,44.9622342079807,100.0
6290,0,57.836639313516926,57.836639313516926,100.0
6290,1,32.69277114793307,32.69277114793307,100.0
6290,2,9.470589538550014,9.470589538550014,100.0
6300,0,50.88798714951442,50.88798714951442,100.0
6300,1,32.93031317898273,32.93031317898273,100.0
6300,2,16.18169967150284,16.18169967150284,100.0
6310,0,53.829793712276974,53.829793712276974,100.0
6310,1,23.77805964672729,23.77805964672729,100.0
6310,2,22.392146640995737,22.392146640995737,100.0
6320,0,16.117384880889123,16.117384880889123,100.0
6320,1,61.9752654216689,61.9752654216689,100.0
6320,2,21.90734969744198,21.90734969744198,100.0
6330,0,11.182807712212005,11.182807712212005,100.0
6330,1,30.81489810251164,30.81489810251164,100.0
6330,2,58.00229418527635,58.00229418527635,100.0
6340,0,48.97023095389096,48.97023095389096,100.0
6340,1,9.201883154679338,9.201883154679338,100.0
6340,2,41.8278858914297,41.8278858914297,100.0
6350,0,25.792417983324146,25.792417983324146,100.0
6350,1,30.492382255092064,30.492382255092064,100.0
6350,2,43.71519976158379,43.71519976158379,100.0
6360,0,27.820099708149108,27.820099708149108,100.0
6360,1,39.89804198777695,39.89804198777695,100.0
6360,2,32.28185830407395,32.28185830407395,100.0
6370,0,47.9321066342605,47.9321066342605,100.0
6370,1,42.90915965197367,42.90915965197367,100.0
6370,2,9.158733713765836,9.158733713765836,100.0
6380,0,30.532940586512314,30.532940586512314,100.0
6380,1,19.91091725440085,19.91091725440085,100.0
6380,2,49.55614215908683,49.55614215908683,100.0
6390,0,19.509721846320257,19.509721846320257,100.0
6390,1,23.131793303452618,23.131793303452618,100.0
6390,2,57.35848485022712,57.35848485022712,100.0
6400,0,48.06458409596815,48.06458409596815,100.0
6400,1,15.938051080942609,15.938051080942609,100.0
6400,2,35.99736482308925,35.99736482308925,100.0
6410,0,35.85991672002354,35.85991672002354,100.0
6410,1,44.20426315256526,44.20426315256526,100.0
6410,2,19.93582012741121,19.93582012741121,100.0
6420,0,47.736488103750766,47.736488103750766,100.0
6420,1,38.36294299191771,38.36294299191771,100.0
6420,2,13.900568904331525,13.900568904331525,100.0
6430,0,37.18768855211154,37.18768855211154,100.0
6430,1,44.64273127273412,44.64273127273412,100.0
6430,2,18.169580175154344,18.169580175154344,100.0
6440,0,10.878580660972576,10.878580660972576,100.0
6440,1,66.77736523577201,66.77736523577201,100.0
6440,2,22.344054103255413,22.344054103255413,100.0
6450,0,49.19953179142068,49.19953179142068,100.0
6450,1,14.32628774020673,14.32628774020673,100.0
6450,2,36.47418046837259,36.47418046837259,100.0
6460,0,24.02196396106887,24.02196396106887,100.0
6460,1,41.57614906415408,41.57614906415408,100.0
6460,2,34.40188697477705,34.40188697477705,100.0
6470,0,54.79863146882194,54.79863146882194,100.0
6470,1,27.27320200817962,27.27320200817962,100.0
6470,2,17.928166522998456,17.928166522998456,100.0
6480,0,22.148803730849163,22.148803730849163,100.0
6480,1,49.44732602290088,49.44732602290088,100.0
6480,2,28.40387024624996,28.40387024624996,100.0
6490,0,11.535049245833893,11.535049245833893,100.0
6490,1,40.076071823311075,40.076071823311075,100.0
6490,2,48.38887893085502,48.38887893085502,100.0
6500,0,9.951517780126432,9.951517780126432,100.0
6500,1,39.93396393905297,39.93396393905297,100.0
6500,2,50.1145182808206,50.1145182808206,100.0
6510,0,21.805923254688164,21.805923254688164,100.0
6510,1,65.48642230875768,65.48642230875768,100.0
6510,2,12.707654436554144,12.707654436554144,100.0
6520,0,14.271302234464656,14.271302234464656,100.0
6520,1,25.78026409044912,25.78026409044912,100.0
6520,2,59.94843367508622,59.94843367508622,100.0
6530,0,19.082885163135437,19.082885163135437,100.0
6530,1,58.797239034307715,58.797239034307715,100.0
6530,2,22.119875802556848,22.119875802556848,100.0
6540,0,57.33190694610699,57.33190694610699,100.0
6540,1,17.339317794705682,17.339317794705682,100.0
6540,2,25.32877525918733,25.32877525918733,100.0
6550,0,47.03062282664644,47.03062282664644,100.0
6550,1,40.842674174712904,40.842674174712904,100.0
6550,2,12.126702998640654,12.126702998640654,100.0
6560,0,39.301594593256176,39.301594593256176,100.0
6560,1,18.854975741336606,18.854975741336606,100.0
6560,2,41.84342966540723,41.84342966540723,100.0
6570,0,9.84152560219265,9.84152560219265,100.0
6570,1,22.952316323179627,22.952316323179627,100.0
6570,2,67.20615807462774,67.20615807462774,100.0
6580,0,15.927623250489575,15.927623250489575,100.0
6580,1,47.45904819881842,47.45904819881842,100.0
6580,2,36.61332855069202,36.61332855069202,100.0
6590,0,43.18250779211356,43.18250779211356,100.0
6590,1,37.54413889488005,37.54413889488005,100.0
6590,2,19.273353313006385,19.273353313006385,100.0
6600,0,37.6602795145082,37.6602795145082,100.0
6600,1,16.834737152207783,16.834737152207783,100.0
6600,2,45.504983333284024,45.504983333284024,100.0
6610,0,52.992754500278735,52.992754500278735,100.0
6610,1,30.774003543862772,30.774003543862772,100.0
6610,2,16.233241955858507,16.233241955858507,100.0
6620,0,59.00742266972729,59.00742266972729,100.0
6620,1,17.653770536378055,17.653770536378055,100.0
6620,2,23.338806793894655,23.338806793894655,100.0
6630,0,51.58660904868354,51.58660904868354,100.0
6630,1,8.349811452490275,8.349811452490275,100.0
6630,2,40.06357949882619,40.06357949882619,100.0
6640,0,20.404084701368955,20.404084701368955,100.0
6640,1,36.802132588433814,36.802132588433814,100.0
6640,2,42.79378271019722,42.79378271019722,100.0
6650,0,24.980648828656342,24.980648828656342,100.0
6650,1,20.426487136467056,20.426487136467056,100.0
6650,2,54.59286403487661,54.59286403487661,100.0
6660,0,13.95244972465372,13.95244972465372,100.0
6660,1,39.694202675440266,39.694202675440266,100.0
6660,2,46.353347599906016,46.353347599906016,100.0
6670,0,9.899075486162142,9.899075486162142,100.0
6670,1,43.489665841268824,43.489665841268824,100.0
6670,2,46.61125867256904,46.61125867256904,100.0
6680,0,22.413950721725794,22.413950721725794,100.0
6680,1,48.805996025428975,48.805996025428975,100.0
6680,2,28.780053252845228,28.780053252845228,100.0
6690,0,23.796042447293072,23.796042447293072,100.0
6690,1,45.65707373634472,45.65707373634472,100.0
6690,2,30.546883816362207,30.546883816362207,100.0
6700,0,40.42523624797884,40.42523624797884,100.0
6700,1,41.497042673721495,41.497042673721495,100.0
6700,2,18.07772107829967,18.07772107829967,100.0
6710,0,27.91668320679052,27.91668320679052,100.0
6710,1,27.674838879409446,27.674838879409446,100.0
6710,2,44.40847791380002,44.40847791380002,100.0
6720,0,21.599865199252346,21.599865199252346,100.0
6720,1,66.02656577115931,66.02656577115931,100.0
6720,2,12.373569029588344,12.373569029588344,100.0
6730,0,63.22745056922241,63.22745056922241,100.0
6730,1,14.595173716285043,14.595173716285043,100.0
6730,2,22.17737571449256,22.17737571449256,100.0
6740,0,34.78891534095001,34.78891534095001,100.0
6740,1,11.296480815436936,11.296480815436936,100.0
6740,2,53.91460384361305,53.91460384361305,100.0
6750,0,21.6896657035363,21.6896657035363,100.0
6750,1,57.021260718211344,57.021260718211344,100.0
6750,2,21.289073578252367,21.289073578252367,100.0
6760,0,12.56016486286845,12.56016486286845,100.0
6760,1,41.88614796916304,41.88614796916304,100.0
6760,2,45.55368716796851,45.55368716796851,100.0
6770,0,45.26681141379435,45.26681141379435,100.0
6770,1,45.84737817426694,45.84737817426694,100.0
6770,2,8.885810411938714,8.885810411938714,100.0
6780,0,42.49132102385124,42.49132102385124,100.0
6780,1,29.189487058181562,29.189487058181562,100.0
6780,2,28.319191917967206,28.319191917967206,100.0
6790,0,24.991082179345263,24.991082179345263,100.0
6790,1,25.72382257666351,25.72382257666351,100.0
6790,2,49.285095243991236,49.285095243991236,100.0
6800,0,27.263459718225803,27.263459718225803,100.0
6800,1,29.295777997151585,29.295777997151585,100.0
6800,2,43.44076228462262,43.44076228462262,100.0
6810,0,36.83579916646191,36.83579916646191,100.0
6810,1,30.16852090131988,30.16852090131988,100.0
6810,2,32.995679932218216,32.995679932218216,100.0
6820,0,27.771247317357783,27.771247317357783,100.0
6820,1,31.522113306191272,31.522113306191272,100.0
6820,2,40.70663937645094,40.70663937645094,100.0
6830,0,39.6364509407867,39.6364509407867,100.0
6830,1,21.056552164577504,21.056552164577504,100.0
6830,2,39.3069968946358,39.3069968946358,100.0
6840,0,32.541533110689116,32.541533110689116,100.0
6840,1,25.91297445198835,25.91297445198835,100.0
6840,2,41.54549243732252,41.54549243732252,100.0
6850,0,20.440554650280458,20.440554650280458,100.0
6850,1,64.27315329506071,64.27315329506071,100.0
6850,2,15.286292054658846,15.286292054658846,100.0
6860,0,25.568872605280085,25.568872605280085,100.0
6860,1,18.135486760029366,18.135486760029366,100.0
6860,2,56.29564063469056,56.29564063469056,100.0
6870,0,44.72916330309172,44.72916330309172,100.0
6870,1,9.937638420365076,9.937638420365076,100.0
6870,2,45.33319827654321,45.33319827654321,100.0
6880,0,37.81758916434452,37.81758916434452,100.0
6880,1,48.460189813092995,48.460189813092995,100.0
6880,2,13.722221022562481,13.722221022562481,100.0
6890,0,36.22323157547088,36.22323157547088,100.0
6890,1,17.016542212430572,17.016542212430572,100.0
6890,2,46.76022621209855,46.76022621209855,100.0
6900,0,63.001632246382954,63.001632246382954,100.0
6900,1,14.160376263311722,14.160376263311722,100.0
6900,2,22.83799149030534,22.83799149030534,100.0
6910,0,39.916591751793476,39.916591751793476,100.0
6910,1,20.597131410797743,20.597131410797743,100.0
6910,2,39.486276837408774,39.486276837408774,100.0
6920,0,47.47067680140775,47.47067680140775,100.0
6920,1,24.095052707686698,24.095052707686698,100.0
6920,2,28.43427049090555,28.43427049090555,100.0
6930,0,37.34991274084671,37.34991274084671,100.0
6930,1,24.53621440537837,24.53621440537837,100.0
6930,2,38.11387285377492,38.11387285377492,100.0
6940,0,33.15214952462036,33.15214952462036,100.0
6940,1,18.801730295006447,18.801730295006447,100.0
6940,2,48.04612018037318,48.04612018037318,100.0
6950,0,42.25979110512888,42.25979110512888,100.0
6950,1,29.596192768083924,29.596192768083924,100.0
6950,2,28.144016126787193,28.144016126787193,100.0
6960,0,52.82826541194574,52.82826541194574,100.0
6960,1,23.352605809602856,23.352605809602856,100.0
6960,2,23.8191287784514,23.8191287784514,100.0
6970,0,16.997924688509485,16.997924688509485,100.0
6970,1,40.88643106095133,40.88643106095133,100.0
6970,2,42.115644250539184,42.115644250539184,100.0
6980,0,32.968616495080326,32.968616495080326,100.0
6980,1,52.02010116896009,52.02010116896009,100.0
6980,2,15.011282335959603,15.011282335959603,100.0
6990,0,23.748872321446367,23.748872321446367,100.0
6990,1,50.953566821788534,50.953566821788534,100.0
6990,2,25.29756085676511,25.29756085676511,100.0
7000,0,17.58636162892204,17.58636162892204,100.0
7000,1,37.7280898343437,37.7280898343437,100.0
7000,2,44.685548536734245,44.685548536734245,100.0
7010,0,29.327911503117544,29.327911503117544,100.0
7010,1,37.72037082885891,37.72037082885891,100.0
7010,2,32.95171766802355,32.95171766802355,100.0
7020,0,52.071928408104284,52.071928408104284,100.0
7020,1,31.787456646731453,31.787456646731453,100.0
7020,2,16.140614945164252,16.140614945164252,100.0
7030,0,12.941432322100258,12.941432322100258,100.0
7030,1,65.38702002666689,65.38702002666689,100.0
7030,2,21.671547651232856,21.671547651232856,100.0
7040,0,13.931987228601098,13.931987228601098,100.0
7040,1,59.64532889883767,59.64532889883767,100.0
7040,2,26.42268387256123,26.42268387256123,100.0
7050,0,21.74082615374962,21.74082615374962,100.0
7050,1,60.847879388812,60.847879388812,100.0
7050,2,17.411294457438377,17.411294457438377,100.0
7060,0,47.21642257402846,47.21642257402846,100.0
7060,1,33.52707478686813,33.52707478686813,100.0
7060,2,19.2565026391034,19.2565026391034,100.0
7070,0,21.059204585201204,21.059204585201204,100.0
7070,1,17.60870877345142,17.60870877345142,100.0
7070,2,61.332086641347374,61.332086641347374,100.0
7080,0,20.91464632905897,20.91464632905897,100.0
7080,1,20.78401483677083,20.78401483677083,100.0
7080,2,58.30133883417019,58.30133883417019,100.0
7090,0,38.01070254644341,38.01070254644341,100.0
7090,1,44.27239443254757,44.27239443254757,100.0
7090,2,17.716903021009013,17.716903021009013,100.0
7100,0,21.028323371253187,21.028323371253187,100.0
7100,1,24.89071422109454,24.89071422109454,100.0
7100,2,54.08096240765228,54.08096240765228,100.0
7110,0,29.39602422987099,29.39602422987099,100.0
7110,1,36.25165180457246,36.25165180457246,100.0
7110,2,34.35232396555656,34.35232396555656,100.0
7120,0,9.209878287406607,9.209878287406607,100.0
7120,1,41.483893371664124,41.483893371664124,100.0
7120,2,49.306228340929266,49.306228340929266,100.0
7130,0,29.378528260914514,29.378528260914514,100.0
7130,1,51.79137823426427,51.79137823426427,100.0
7130,2,18.83009350482122,18.83009350482122,100.0
7140,0,37.987754619233236,37.987754619233236,100.0
7140,1,47.718969817332265,47.718969817332265,100.0
7140,2,14.293275563434499,14.293275563434499,100.0
7150,0,30.85388192322634,30.85388192322634,100.0
7150,1,51.70278238761065,51.70278238761065,100.0
7150,2,17.44333568916302,17.44333568916302,100.0
7160,0,40.31256583988658,40.31256583988658,100.0
7160,1,14.686949691678347,14.686949691678347,100.0
7160,2,45.000484468435076,45.000484468435076,100.0
7170,0,70.82248570848407,70.82248570848407,100.0
7170,1,14.989647503743909,14.989647503743909,100.0
7170,2,14.187866787772025,14.187866787772025,100.0
7180,0,42.56298237890217,42.56298237890217,100.0
7180,1,17.521840881363307,17.521840881363307,100.0
7180,2,39.91517673973453,39.91517673973453,100.0
7190,0,21.273798739753595,21.273798739753595,100.0
7190,1,50.63114252285855,50.63114252285855,100.0
7190,2,28.095058737387863,28.095058737387863,100.0
7200,0,28.101193926692865,28.101193926692865,100.0
7200,1,29.785532661936738,29.785532661936738,100.0
7200,2,42.11327341137041,42.11327341137041,100.0
7210,0,16.230155310015782,16.230155310015782,100.0
7210,1,22.15540189649626,22.15540189649626,100.0
7210,2,61.61444279348795,61.61444279348795,100.0
7220,0,23.207582367265438,23.207582367265438,100.0
7220,1,46.27855367059894,46.27855367059894,100.0
7220,2,30.513863962135616,30.513863962135616,100.0
7230,0,51.44005136367015,51.44005136367015,100.0
7230,1,31.156306086095242,31.156306086095242,100.0
7230,2,17.403642550234625,17.403642550234625,100.0
7240,0,71.40009281510042,71.40009281510042,100.0
7240,1,14.685540491764831,14.685540491764831,100.0
7240,2,13.914366693134752,13.914366693134752,100.0
7250,0,17.166807748126736,17.166807748126736,100.0
7250,1,55.27760312250732,55.27760312250732,100.0
7250,2,27.555589129365938,27.555589129365938,100.0
7260,0,58.75309975817269,58.75309975817269,100.0
7260,1,30.281015998840765,30.281015998840765,100.0
7260,2,10.96588424298656,10.96588424298656,100.0
7270,0,19.037685487298866,19.037685487298866,100.0
7270,1,11.837373828512252,11.837373828512252,100.0
7270,2,69.12494068418889,69.12494068418889,100.0
7280,0,30.003064054662797,30.003064054662797,100.0
7280,1,41.27296915361215,41.27296915361215,100.0
7280,2,28.723966791725054,28.723966791725054,100.0
7290,0,44.2577807107471,44.2577807107471,100.0
7290,1,14.437388408064333,14.437388408064333,100.0
7290,2,41.30483088118858,41.30483088118858,100.0
7300,0,22.091371429608714,22.091371429608714,100.0
7300,1,35.42024422726471,35.42024422726471,100.0
7300,2,42.48838434312657,42.48838434312657,100.0
7310,0,34.5595291259916,34.5595291259916,100.0
7310,1,30.146050403870316,30.146050403870316,100.0
7310,2,35.29442047013807,35.29442047013807,100.0
7320,0,45.2624048197154,45.2624048197154,100.0
7320,1,41.463063257926436,41.463063257926436,100.0
7320,2,13.274531922358172,13.274531922358172,100.0
7330,0,49.43282695753573,49.43282695753573,100.0
7330,1,32.1190512010873,32.1190512010873,100.0
7330,2,18.448121841376963,18.448121841376963,100.0
7340,0,35.065672500524215,35.065672500524215,100.0
7340,1,16.83595958595325,16.83595958595325,100.0
7340,2,48.09836791352253,48.09836791352253,100.0
7350,0,27.543229680337973,27.543229680337973,100.0
7350,1,20.769381834985403,20.769381834985403,100.0
7350,2,51.687388484676625,51.687388484676625,100.0
7360,0,22.15694484656731,22.15694484656731,100.0
7360,1,57.081033900187464,57.081033900187464,100.0
7360,2,20.762021253245223,20.762021253245223,100.0
7370,0,56.597622695676165,56.597622695676165,100.0
7370,1,15.099379210541786,15.099379210541786,100.0
7370,2,28.30299809378206,28.30299809378206,100.0
7380,0,31.56505773013044,31.56505773013044,100.0
7380,1,31.221945090337965,31.221945090337965,100.0
7380,2,37.21299717953159,37.21299717953159,100.0
7390,0,14.081782520591982,14.081782520591982,100.0
7390,1,71.47144472733319,71.47144472733319,100.0
7390,2,14.446772752074835,14.446772752074835,100.0
7400,0,12.864050908480419,12.864050908480419,100.0
7400,1,33.82560357191349,33.82560357191349,100.0
7400,2,53.310345519606095,53.310345519606095,100.0
7410,0,24.327323012440534,24.327323012440534,100.0
7410,1,21.262865279740065,21.262865279740065,100.0
7410,2,54.4098117078194,54.4098117078194,100.0
7420,0,27.693064956691682,27.693064956691682,100.0
7420,1,30.4418147424388,30.4418147424388,100.0
7420,2,41.86512030086953,41.86512030086953,100.0
7430,0,14.3523155111456,14.3523155111456,100.0
7430,1,68.60498015483162,68.60498015483162,100.0
7430,2,17.042704334022776,17.042704334022776,100.0
7440,0,39.68264317366298,39.68264317366298,100.0
7440,1,26.72836197587476,26.72836197587476,100.0
7440,2,33.588994850462264,33.588994850462264,100.0
7450,0,46.06026317658301,46.06026317658301,100.0
7450,1,36.33106931489604,36.33106931489604,100.0
7450,2,17.608667508520956,17.608667508520956,100.0
7460,0,40.56380466772128,40.56380466772128,100.0
7460,1,16.89632348062879,16.89632348062879,100.0
7460,2,42.53987185164993,42.53987185164993,100.0
7470,0,36.137257741163644,36.137257741163644,100.0
7470,1,26.423079824460743,26.423079824460743,100.0
7470,2,37.43966243437561,37.43966243437561,100.0
7480,0,18.28518375252226,18.28518375252226,100.0
7480,1,37.38604254808324,37.38604254808324,100.0
7480,2,44.32877369939451,44.32877369939451,100.0
7490,0,20.09919345618998,20.09919345618998,100.0
7490,1,31.861656862752035,31.861656862752035,100.0
7490,2,48.03914968105798,48.03914968105798,100.0
7500,0,38.3365024922557,38.3365024922557,100.0
7500,1,35.49423756350208,35.49423756350208,100.0
7500,2,26.169259944242214,26.169259944242214,100.0
7510,0,35.21844540070703,35.21844540070703,100.0
7510,1,34.20033348120187,34.20033348120187,100.0
7510,2,30.581221118091094,30.581221118091094,100.0
7520,0,31.612861671701896,31.612861671701896,100.0
7520,1,32.53958294617185,32.53958294617185,100.0
7520,2,35.84755538212626,35.84755538212626,100.0
7530,0,49.37424469401802,49.37424469401802,100.0
7530,1,39.66565687212845,39.66565687212845,100.0
7530,2,10.960098433853538,10.960098433853538,100.0
7540,0,44.182797045411284,44.182797045411284,100.0
7540,1,42.439578844564274,42.439578844564274,100.0
7540,2,13.377624110024449,13.377624110024449,100.0
7550,0,29.38923007760847,29.38923007760847,100.0
7550,1,59.379689699304535,59.379689699304535,100.0
7550,2,11.231080223086995,11.231080223086995,100.0
7560,0,23.643229087786604,23.643229087786604,100.0
7560,1,48.04614408846121,48.04614408846121,100.0
7560,2,28.310626823752177,28.310626823752177,100.0
7570,0,22.597562635897837,22.597562635897837,100.0
7570,1,32.904194240767815,32.904194240767815,100.0
7570,2,44.49824312333435,44.49824312333435,100.0
7580,0,20.57370422600203,20.57370422600203,100.0
7580,1,62.594129284518814,62.594129284518814,100.0
7580,2,16.832166489479157,16.832166489479157,100.0
7590,0,26.40045805580693,26.40045805580693,100.0
7590,1,29.166530230506982,29.166530230506982,100.0
7590,2,44.433011713686085,44.433011713686085,100.0
7600,0,33.37555025525025,33.37555025525025,100.0
7600,1,20.32406356550079,20.32406356550079,100.0
7600,2,46.30038617924897,46.30038617924897,100.0
7610,0,22.466949167861202,22.466949167861202,100.0
7610,1,35.806694742033734,35.806694742033734,100.0
7610,2,41.72635609010507,41.72635609010507,100.0
7620,0,55.76644168421843,55.76644168421843,100.0
7620,1,32.20860116293376,32.20860116293376,100.0
7620,2,12.024957152847806,12.024957152847806,100.0
7630,0,57.98403729785995,57.98403729785995,100.0
7630,1,20.04516862602096,20.04516862602096,100.0
7630,2,21.9707940761191,21.9707940761191,100.0
7640,0,48.30931036565039,48.30931036565039,100.0
7640,1,32.306791899071364,32.306791899071364,100.0
7640,2,19.38389773527824,19.38389773527824,100.0
7650,0,35.02820367710146,35.02820367710146,100.0
7650,1,13.589806410364618,13.589806410364618,100.0
7650,2,51.38198991253393,51.38198991253393,100.0
7660,0,44.74084675192487,44.74084675192487,100.0
7660,1,42.52717833092274,42.52717833092274,100.0
7660,2,12.731974917152385,12.731974917152385,100.0
7670,0,10.578293616863217,10.578293616863217,100.0
7670,1,67.75370639117185,67.75370639117185,100.0
7670,2,21.667999991964926,21.667999991964926,100.0
7680,0,21.350330168112468,21.350330168112468,100.0
7680,1,56.363291956666515,56.363291956666515,100.0
7680,2,22.286377875221017,22.286377875221017,100.0
7690,0,23.235644414325325,23.235644414325325,100.0
7690,1,12.504362576269548,12.504362576269548,100.0
7690,2,64.25999300940514,64.25999300940514,100.0
7700,0,45.19771705865828,45.19771705865828,100.0
7700,1,11.312003694487597,11.312003694487597,100.0
7700,2,43.49027924685412,43.49027924685412,100.0
7710,0,57.3569183888764,57.3569183888764,100.0
7710,1,27.603514279996688,27.603514279996688,100.0
7710,2,15.03956733112691,15.03956733112691,100.0
7720,0,40.784670542198484,40.784670542198484,100.0
7720,1,18.615915724726246,18.615915724726246,100.0
7720,2,40.59941373307527,40.59941373307527,100.0
7730,0,20.01258933570394,20.01258933570394,100.0
7730,1,11.643634271620302,11.643634271620302,100.0
7730,2,68.34377639267576,68.34377639267576,100.0
7740,0,38.64232901507446,38.64232901507446,100.0
7740,1,17.9776768654583,17.9776768654583,100.0
7740,2,43.37999411946724,43.37999411946724,100.0
7750,0,31.43428966252268,31.43428966252268,100.0
7750,1,43.5883175043788,43.5883175043788,100.0
7750,2,24.97739283309851,24.97739283309851,100.0
7760,0,41.41887244125701,41.41887244125701,100.0
7760,1,11.10336006413341,11.10336006413341,100.0
7760,2,47.47776749460959,47.47776749460959,100.0
7770,0,48.18732253426671,48.18732253426671,100.0
7770,1,32.83852099952735,32.83852099952735,100.0
7770,2,18.974156466205933,18.974156466205933,100.0
7780,0,24.929862448136703,24.929862448136703,100.0
7780,1,25.632850415089393,25.632850415089393,100.0
7780,2,49.43728713677391,49.43728713677391,100.0
7790,0,63.245991873569594,63.245991873569594,100.0
7790,1,12.477127185520008,12.477127185520008,100.0
7790,2,24.276880940910395,24.276880940910395,100.0
7800,0,9.007652396610014,9.007652396610014,100.0
7800,1,39.490788185854015,39.490788185854015,100.0
7800,2,51.50155941753597,51.50155941753597,100.0
7810,0,10.802660746618487,10.802660746618487,100.0
7810,1,76.14844458597398,76.14844458597398,100.0
7810,2,13.048894667407543,13.048894667407543,100.0
7820,0,23.776203337781034,23.776203337781034,100.0
7820,1,17.217714473207874,17.217714473207874,100.0
7820,2,59.0060821890111,59.0060821890111,100.0
7830,0,19.285224323045014,19.285224323045014,100.0
7830,1,65.50334123907996,65.50334123907996,100.0
7830,2,15.21143443787503,15.21143443787503,100.0
7840,0,12.003040918542355,12.003040918542355,100.0
7840,1,18.029557266083916,18.029557266083916,100.0
7840,2,69.96740181537373,69.96740181537373,100.0
7850,0,56.24274563264097,56.24274563264097,100.0
7850,1,25.4729273129157,25.4729273129157,100.0
7850,2,18.284327054443345,18.284327054443345,100.0
7860,0,38.12571209993013,38.12571209993013,100.0
7860,1,11.994063500496274,11.994063500496274,100.0
7860,2,49.88022439957359,49.88022439957359,100.0
7870,0,24.719916793107807,24.719916793107807,100.0
7870,1,12.005060226850894,12.005060226850894,100.0
7870,2,63.27502298004129,63.27502298004129,100.0
7880,0,61.94793437250924,61.94793437250924,100.0
7880,1,22.91451380475272,22.91451380475272,100.0
7880,2,15.137551822738049,15.137551822738049,100.0
7890,0,21.069778648693653,21.069778648693653,100.0
7890,1,38.132427001538254,38.132427001538254,100.0
7890,2,40.7977943497681,40.7977943497681,100.0
7900,0,14.25437359754855,14.25437359754855,100.0
7900,1,23.66802102612517,23.66802102612517,100.0
7900,2,62.07760537632628,62.07760537632628,100.0
7910,0,54.18857854617472,54.18857854617472,100.0
7910,1,31.714990230314864,31.714990230314864,100.0
7910,2,14.096431223510425,14.096431223510425,100.0
7920,0,31.221981019719202,31.221981019719202,100.0
7920,1,12.795204971847216,12.795204971847216,100.0
7920,2,55.98281400843358,55.98281400843358,100.0
7930,0,14.761007134890445,14.761007134890445,100.0
7930,1,46.79997090729729,46.79997090729729,100.0
7930,2,38.43902195781225,38.43902195781225,100.0
7940,0,22.549018609011604,22.549018609011604,100.0
7940,1,50.6134172552939,50.6134172552939,100.0
7940,2,26.837564135694503,26.837564135694503,100.0
7950,0,43.730347822533375,43.730347822533375,100.0
7950,1,10.049404898128204,10.049404898128204,100.0
7950,2,46.220247279338416,46.220247279338416,100.0
7960,0,47.183067130035134,47.183067130035134,100.0
7960,1,17.009388115938158,17.009388115938158,100.0
7960,2,35.80754475402671,35.80754475402671,100.0
7970,0,66.56178023799062,66.56178023799062,100.0
7970,1,17.00076875233795,17.00076875233795,100.0
7970,2,16.43745100967143,16.43745100967143,100.0
7980,0,10.57162729048885,10.57162729048885,100.0
7980,1,21.181272278578227,21.181272278578227,100.0
7980,2,68.24710043093293,68.24710043093293,100.0
7990,0,23.546294256487244,23.546294256487244,100.0
7990,1,52.34088233092057,52.34088233092057,100.0
7990,2,24.112823412592196,24.112823412592196,100.0
8000,0,36.21943836680621,36.21943836680621,100.0
8000,1,27.481311408158383,27.481311408158383,100.0
8000,2,36.29925022503541,36.29925022503541,100.0
8010,0,26.035055505058768,26.035055505058768,100.0
8010,1,60.51756147721365,60.51756147721365,100.0
8010,2,13.447383017727585,13.447383017727585,100.0
8020,0,14.388592077047658,14.388592077047658,100.0
8020,1,62.917393577023994,62.917393577023994,100.0
8020,2,22.694014345928355,22.694014345928355,100.0
8030,0,60.85239831302095,60.85239831302095,100.0
8030,1,12.095415619178928,12.095415619178928,100.0
8030,2,27.052186067800125,27.052186067800125,100.0
8040,0,33.824577617826044,33.824577617826044,100.0
8040,1,20.98765746826279,20.98765746826279,100.0
8040,2,45.18776491391117,45.18776491391117,100.0
8050,0,47.43357112040395,47.43357112040395,100.0
8050,1,35.81517135306744,35.81517135306744,100.0
8050,2,16.75125752652861,16.75125752652861,100.0
8060,0,15.388131483858034,15.388131483858034,100.0
8060,1,33.429827456399394,33.429827456399394,100.0
8060,2,51.18204105974258,51.18204105974258,100.0
8070,0,28.92342489593635,28.92342489593635,100.0
8070,1,35.44843170554135,35.44843170554135,100.0
8070,2,35.6281433985223,35.6281433985223,100.0
8080,0,39.115069850223755,39.115069850223755,100.0
8080,1,22.565239586982933,22.565239586982933,100.0
8080,2,38.319690562793326,38.319690562793326,100.0
8090,0,31.04241913205686,31.04241913205686,100.0
8090,1,46.76990104301717,46.76990104301717,100.0
8090,2,22.187679824925972,22.187679824925972,100.0
8100,0,55.194059338813275,55.194059338813275,100.0
8100,1,12.715269514539646,12.715269514539646,100.0
8100,2,32.090671146647075,32.090671146647075,100.0
8110,0,39.75974411417374,39.75974411417374,100.0
8110,1,23.106658316176425,23.106658316176425,100.0
8110,2,37.13359756964984,37.13359756964984,100.0
8120,0,55.74645127499196,55.74645127499196,100.0
8120,1,28.291928565531876,28.291928565531876,100.0
8120,2,15.961620159476164,15.961620159476164,100.0
8130,0,27.17935387865238,27.17935387865238,100.0
8130,1,20.256200059016628,20.256200059016628,100.0
8130,2,52.564446062330994,52.564446062330994,100.0
8140,0,21.36283123920944,21.36283123920944,100.0
8140,1,22.931385144161002,22.931385144161002,100.0
8140,2,55.70578361662955,55.70578361662955,100.0
8150,0,67.1325323923428,67.1325323923428,100.0
8150,1,17.477063113318373,17.477063113318373,100.0
8150,2,15.390404494338824,15.390404494338824,100.0
8160,0,38.62323418762119,38.62323418762119,100.0
8160,1,25.443170038683565,25.443170038683565,100.0
8160,2,35.93359577369525,35.93359577369525,100.0
8170,0,14.764911453989685,14.764911453989685,100.0
8170,1,55.044446074313804,55.044446074313804,100.0
8170,2,30.19064247169651,30.19064247169651,100.0
8180,0,18.844417636388723,18.844417636388723,100.0
8180,1,43.761423555829396,43.761423555829396,100.0
8180,2,37.394158807781885,37.394158807781885,100.0
8190,0,14.991883550195684,14.991883550195684,100.0
8190,1,50.219804922713664,50.219804922713664,100.0
8190,2,34.788311527090656,34.788311527090656,100.0
8200,0,28.913239361544285,28.913239361544285,100.0
8200,1,48.66973935605385,48.66973935605385,100.0
8200,2,22.417021282401862,22.417021282401862,100.0
8210,0,43.85606690039307,43.85606690039307,100.0
8210,1,31.817111748129566,31.817111748129566,100.0
8210,2,24.326821351477374,24.326821351477374,100.0
8220,0,22.231603773394646,22.231603773394646,100.0
8220,1,29.97718356351193,29.97718356351193,100.0
8220,2,47.79121266309343,47.79121266309343,100.0
8230,0,39.53490801047484,39.53490801047484,100.0
8230,1,44.30365418291365,44.30365418291365,100.0
8230,2,16.161437806611524,16.161437806611524,100.0
8240,0,34.00965786231136,34.00965786231136,100.0
8240,1,28.80122307168344,28.80122307168344,100.0
8240,2,37.1891190660052,37.1891190660052,100.0
8250,0,19.019320342642562,19.019320342642562,100.0
8250,1,33.04293908657707,33.04293908657707,100.0
8250,2,47.93774057078036,47.93774057078036,100.0
8260,0,18.13723483296669,18.13723483296669,100.0
8260,1,29.617735304133845,29.617735304133845,100.0
8260,2,52.245029862899464,52.245029862899464,100.0
8270,0,13.08883989325827,13.08883989325827,100.0
8270,1,68.908502497591,68.908502497591,100.0
8270,2,18.002657609150734,18.002657609150734,100.0
8280,0,42.94171859909908,42.94171859909908,100.0
8280,1,27.614356208873385,27.614356208873385,100.0
8280,2,29.443925192027525,29.443925192027525,100.0
8290,0,20.029070127791904,20.029070127791904,100.0
8290,1,61.194468218446254,61.194468218446254,100.0
8290,2,18.77646165376184,18.77646165376184,100.0
8300,0,22.84867122411435,22.84867122411435,100.0
8300,1,47.91269826992624,47.91269826992624,100.0
8300,2,29.238630505959424,29.238630505959424,100.0
8310,0,42.379896274792785,42.379896274792785,100.0
8310,1,24.768453939706024,24.768453939706024,100.0
8310,2,32.8516497855012,32.8516497855012,100.0
8320,0,30.068261721110805,30.068261721110805,100.0
8320,1,20.153268815791684,20.153268815791684,100.0
8320,2,49.77846946309751,49.77846946309751,100.0
8330,0,33.283227654141854,33.283227654141854,100.0
8330,1,29.64564686531299,29.64564686531299,100.0
8330,2,37.071125480545156,37.071125480545156,100.0
8340,0,21.098106350416508,21.098106350416508,100.0
8340,1,41.570740791644155,41.570740791644155,100.0
8340,2,37.33115285793934,37.33115285793934,100.0
8350,0,25.500326016909412,25.500326016909412,100.0
8350,1,39.649166241842686,39.649166241842686,100.0
8350,2,34.8505077412479,34.8505077412479,100.0
8360,0,19.369734328187022,19.369734328187022,100.0
8360,1,49.18850627508784,49.18850627508784,100.0
8360,2,31.44175939672514,31.44175939672514,100.0
8370,0,37.50811138152735,37.50811138152735,100.0
8370,1,54.170768782809716,54.170768782809716,100.0
8370,2,8.321119835662936,8.321119835662936,100.0
8380,0,26.00375958045127,26.00375958045127,100.0
8380,1,31.736866778928658,31.736866778928658,100.0
8380,2,42.25937364062007,42.25937364062007,100.0
8390,0,36.774046201641774,36.774046201641774,100.0
8390,1,30.734245037425474,30.734245037425474,100.0
8390,2,32.491708760932745,32.491708760932745,100.0
8400,0,25.646682210899403,25.646682210899403,100.0
8400,1,31.282745726968102,31.282745726968102,100.0
8400,2,43.0705720621325,43.0705720621325,100.0
8410,0,38.2447450608713,38.2447450608713,100.0
8410,1,33.333939927327776,33.333939927327776,100.0
8410,2,28.421315011800925,28.421315011800925,100.0
8420,0,29.793018609829897,29.793018609829897,100.0
8420,1,52.61156799396913,52.61156799396913,100.0
8420,2,17.595413396200982,17.595413396200982,100.0
8430,0,31.654736759041125,31.654736759041125,100.0
8430,1,15.715931325336028,15.715931325336028,100.0
8430,2,52.62933191562284,52.62933191562284,100.0
8440,0,64.11637048789231,64.11637048789231,100.0
8440,1,21.559972643457616,21.559972643457616,100.0
8440,2,14.323656868650064,14.323656868650064,100.0
8450,0,30.214965211348115,30.214965211348115,100.0
8450,1,51.44202371820096,51.44202371820096,100.0
8450,2,18.343011070450927,18.343011070450927,100.0
8460,0,18.81982316095322,18.81982316095322,100.0
8460,1,64.21755138403213,64.21755138403213,100.0
8460,2,16.962625455014642,16.962625455014642,100.0
8470,0,38.687398692996446,38.687398692996446,100.0
8470,1,27.946911662472758,27.946911662472758,100.0
8470,2,33.36568964453081,33.36568964453081,100.0
8480,0,53.75334050663021,53.75334050663021,100.0
8480,1,26.588541530777203,26.588541530777203,100.0
8480,2,19.658117962592588,19.658117962592588,100.0
8490,0,32.27128646472818,32.27128646472818,100.0
8490,1,36.902256659230595,36.902256659230595,100.0
8490,2,30.826456876041235,30.826456876041235,100.0
8500,0,11.254266456922485,11.254266456922485,100.0
8500,1,68.73133818497936,68.73133818497936,100.0
8500,2,20.014395358098152,20.014395358098152,100.0
8510,0,47.850153823356415,47.850153823356415,100.0
8510,1,32.355315820958346,32.355315820958346,100.0
8510,2,19.794530355685232,19.794530355685232,100.0
8520,0,32.729010248632626,32.729010248632626,100.0
8520,1,49.95847440233374,49.95847440233374,100.0
8520,2,17.312515349033646,17.312515349033646,100.0
8530,0,47.64273953960419,47.64273953960419,100.0
8530,1,15.756999778846348,15.756999778846348,100.0
8530,2,36.60026068154945,36.60026068154945,100.0
8540,0,52.31895541292258,52.31895541292258,100.0
8540,1,38.37794422705649,38.37794422705649,100.0
8540,2,9.303100360020938,9.303100360020938,100.0
8550,0,22.024543513643895,22.024543513643895,100.0
8550,1,33.327646768441795,33.327646768441795,100.0
8550,2,44.64780971791429,44.64780971791429,100.0
8560,0,25.1616756080615,25.1616756080615,100.0
8560,1,52.58027731685968,52.58027731685968,100.0
8560,2,22.258047075078817,22.258047075078817,100.0
8570,0,16.319627420614946,16.319627420614946,100.0
8570,1,19.867191218495215,19.867191218495215,100.0
8570,2,63.813181360889836,63.813181360889836,100.0
8580,0,55.95056784432407,55.95056784432407,100.0
8580,1,16.129214307725253,16.129214307725253,100.0
8580,2,27.920217847950674,27.920217847950674,100.0
8590,0,48.53069983868902,48.53069983868902,100.0
8590,1,31.352294208646192,31.352294208646192,100.0
8590,2,20.11700595266479,20.11700595266479,100.0
8600,0,11.799234614909084,11.799234614909084,100.0
8600,1,45.330592716884546,45.330592716884546,100.0
8600,2,42.87017266820637,42.87017266820637,100.0
8610,0,40.36122212412933,40.36122212412933,100.0
8610,1,36.714492291838624,36.714492291838624,100.0
8610,2,22.924285584032063,22.924285584032063,100.0
8620,0,31.082951774778707,31.082951774778707,100.0
8620,1,14.603846799407483,14.603846799407483,100.0
8620,2,54.313201425813816,54.313201425813816,100.0
8630,0,9.787542311640161,9.787542311640161,100.0
8630,1,36.66518471627335,36.66518471627335,100.0
8630,2,53.54727297208649,53.54727297208649,100.0
8640,0,45.035233358793406,45.035233358793406,100.0
8640,1,18.93454506285007,18.93454506285007,100.0
8640,2,36.03022157835653,36.03022157835653,100.0
8650,0,50.64085069977546,50.64085069977546,100.0
8650,1,19.91767998149358,19.91767998149358,100.0
8650,2,29.441469318730952,29.441469318730952,100.0
8660,0,54.18801601255683,54.18801601255683,100.0
8660,1,27.990174614071726,27.990174614071726,100.0
8660,2,17.821809373371444,17.821809373371444,100.0
8670,0,22.532688942110283,22.532688942110283,100.0
8670,1,43.92521500010219,43.92521500010219,100.0
8670,2,33.542096057787525,33.542096057787525,100.0
8680,0,11.507809990719384,11.507809990719384,100.0
8680,1,69.18950000476497,69.18950000476497,100.0
8680,2,19.302690004515657,19.302690004515657,100.0
8690,0,32.15577414828314,32.15577414828314,100.0
8690,1,19.60193526697291,19.60193526697291,100.0
8690,2,48.24229058474395,48.24229058474395,100.0
8700,0,9.674334052999328,9.674334052999328,100.0
8700,1,24.09641259895699,24.09641259895699,100.0
8700,2,66.22925334804368,66.22925334804368,100.0
8710,0,11.748789928166788,11.748789928166788,100.0
8710,1,43.07898044457041,43.07898044457041,100.0
8710,2,45.17222962726281,45.17222962726281,100.0
8720,0,33.53239440013456,33.53239440013456,100.0
8720,1,44.84260270815732,44.84260270815732,100.0
8720,2,21.62500289170811,21.62500289170811,100.0
8730,0,15.190181802620975,15.190181802620975,100.0
8730,1,18.484522458442136,18.484522458442136,100.0
8730,2,66.32529573893689,66.32529573893689,100.0
8740,0,14.206769635605587,14.206769635605587,100.0
8740,1,20.720271118105185,20.720271118105185,100.0
8740,2,65.07295924628923,65.07295924628923,100.0
8750,0,39.09945395065832,39.09945395065832,100.0
8750,1,35.45052017461035,35.45052017461035,100.0
8750,2,25.45002587473133,25.45002587473133,100.0
8760,0,19.19143222521131,19.19143222521131,100.0
8760,1,43.67157528254453,43.67157528254453,100.0
8760,2,37.13699249224417,37.13699249224417,100.0
8770,0,16.408106336103128,16.408106336103128,100.0
8770,1,59.78314038794842,59.78314038794842,100.0
8770,2,23.80875327594845,23.80875327594845,100.0
8780,0,42.39139155891367,42.39139155891367,100.0
8780,1,48.645152897971236,48.645152897971236,100.0
8780,2,8.963455543115098,8.963455543115098,100.0
8790,0,34.08917510649958,34.08917510649958,100.0
8790,1,42.15017476746177,42.15017476746177,100.0
8790,2,23.760650126038648,23.760650126038648,100.0
8800,0,27.99553351041957,27.99553351041957,100.0
8800,1,51.74043410461682,51.74043410461682,100.0
8800,2,20.264032384963617,20.264032384963617,100.0
8810,0,18.28144367980898,18.28144367980898,100.0
8810,1,30.692435249165158,30.692435249165158,100.0
8810,2,51.02612107102586,51.02612107102586,100.0
8820,0,28.003413850557106,28.003413850557106,100.0
8820,1,16.57575512189311,16.57575512189311,100.0
8820,2,55.42083102754978,55.42083102754978,100.0
8830,0,17.385657487837108,17.385657487837108,100.0
8830,1,65.33841051151101,65.33841051151101,100.0
8830,2,17.275932000651885,17.275932000651885,100.0
8840,0,23.487215335252337,23.487215335252337,100.0
8840,1,31.058390311703445,31.058390311703445,100.0
8840,2,45.454394353044215,45.454394353044215,100.0
8850,0,35.464692411216284,35.464692411216284,100.0
8850,1,12.049692630430362,12.049692630430362,100.0
8850,2,52.48561495835335,52.48561495835335,100.0
8860,0,51.241927822233656,51.241927822233656,100.0
8860,1,25.608649386390926,25.608649386390926,100.0
8860,2,23.149422791375436,23.149422791375436,100.0
8870,0,32.02610779775437,32.02610779775437,100.0
8870,1,10.42483563080353,10.42483563080353,100.0
8870,2,57.549056571442094,57.549056571442094,100.0
8880,0,13.30845631959909,13.30845631959909,100.0
8880,1,51.87512067704343,51.87512067704343,100.0
8880,2,34.81642300335749,34.81642300335749,100.0
8890,0,31.44455136298881,31.44455136298881,100.0
8890,1,56.43537836317469,56.43537836317469,100.0
8890,2,12.120070273836498,12.120070273836498,100.0
8900,0,43.57508574858208,43.57508574858208,100.0
8900,1,44.563115138397514,44.563115138397514,100.0
8900,2,11.861799113020416,11.861799113020416,100.0
8910,0,18.78172423410706,18.78172423410706,100.0
8910,1,45.619258827453784,45.619258827453784,100.0
8910,2,35.599016938439156,35.599016938439156,100.0
8920,0,48.885642143766816,48.885642143766816,100.0
8920,1,23.55180295728502,23.55180295728502,100.0
8920,2,27.562554898948164,27.562554898948164,100.0
8930,0,34.25707093575821,34.25707093575821,100.0
8930,1,50.090738287475,50.090738287475,100.0
8930,2,15.652190776766783,15.652190776766783,100.0
8940,0,29.987666914090372,29.987666914090372,100.0
8940,1,22.169507238241852,22.169507238241852,100.0
8940,2,47.84282584766778,47.84282584766778,100.0
8950,0,13.868499864946118,13.868499864946118,100.0
8950,1,73.2087006000378,73.2087006000378,100.0
8950,2,12.922799535016088,12.922799535016088,100.0
8960,0,19.320749395500552,19.320749395500552,100.0
8960,1,37.67291624136044,37.67291624136044,100.0
8960,2,43.00633436313902,43.00633436313902,100.0
8970,0,46.21785762600272,46.21785762600272,100.0
8970,1,33.55167251109759,33.55167251109759,100.0
8970,2,20.230469862899696,20.230469862899696,100.0
8980,0,32.911490625975055,32.911490625975055,100.0
8980,1,35.95739992861474,35.95739992861474,100.0
8980,2,31.131109445410203,31.131109445410203,100.0
8990,0,41.20641637504632,41.20641637504632,100.0
8990,1,42.49180505800062,42.49180505800062,100.0
8990,2,16.30177856695306,16.30177856695306,100.0
9000,0,37.43860099084233,37.43860099084233,100.0
9000,1,19.893777088703242,19.893777088703242,100.0
9000,2,42.66762192045443,42.66762192045443,100.0
9010,0,36.74196298749941,36.74196298749941,100.0
9010,1,13.934697480269028,13.934697480269028,100.0
9010,2,49.32333953223156,49.32333953223156,100.0
9020,0,47.688723072686074,47.688723072686074,100.0
9020,1,15.50208758716767,15.50208758716767,100.0
9020,2,36.809189340146254,36.809189340146254,100.0
9030,0,17.34766246292153,17.34766246292153,100.0
9030,1,15.146319166427055,15.146319166427055,100.0
9030,2,67.50601837065142,67.50601837065142,100.0
9040,0,18.23763834795932,18.23763834795932,100.0
9040,1,48.920584398103465,48.920584398103465,100.0
9040,2,32.84177725393722,32.84177725393722,100.0
9050,0,43.597224468087425,43.597224468087425,100.0
9050,1,17.82069269473406,17.82069269473406,100.0
9050,2,38.582082837178504,38.582082837178504,100.0
9060,0,28.136602111899034,28.136602111899034,100.0
9060,1,41.611812774906994,41.611812774906994,100.0
9060,2,30.25158511319396,30.25158511319396,100.0
9070,0,57.30295218754079,57.30295218754079,100.0
9070,1,30.60350533484446,30.60350533484446,100.0
9070,2,12.093542477614754,12.093542477614754,100.0
9080,0,56.24347140035344,56.24347140035344,100.0
9080,1,16.843458023392117,16.843458023392117,100.0
9080,2,26.913070576254444,26.913070576254444,100.0
9090,0,20.10222185095629,20.10222185095629,100.0
9090,1,24.963166642830302,24.963166642830302,100.0
9090,2,54.934611506213415,54.934611506213415,100.0
9100,0,46.172316400174026,46.172316400174026,100.0
9100,1,36.011732233341306,36.011732233341306,100.0
9100,2,17.81595136648466,17.81595136648466,100.0
9110,0,29.577875236972773,29.577875236972773,100.0
9110,1,45.71438611171138,45.71438611171138,100.0
9110,2,24.707738651315857,24.707738651315857,100.0
9120,0,18.4968719940132,18.4968719940132,100.0
9120,1,55.55179981987498,55.55179981987498,100.0
9120,2,25.951328186111816,25.951328186111816,100.0
9130,0,21.254410691251653,21.254410691251653,100.0
9130,1,33.71864669945583,33.71864669945583,100.0
9130,2,45.026942609292526,45.026942609292526,100.0
9140,0,14.893223971020692,14.893223971020692,100.0
9140,1,20.32625883552231,20.32625883552231,100.0
9140,2,64.780517193457,64.780517193457,100.0
9150,0,45.486572518062744,45.486572518062744,100.0
9150,1,13.72446152921636,13.72446152921636,100.0
9150,2,40.78896595272089,40.78896595272089,100.0
9160,0,12.565028815079623,12.565028815079623,100.0
9160,1,15.379762021743707,15.379762021743707,100.0
9160,2,72.05520916317667,72.05520916317667,100.0
9170,0,42.72850735628709,42.72850735628709,100.0
9170,1,11.892874838139077,11.892874838139077,100.0
9170,2,45.37861780557385,45.37861780557385,100.0
9180,0,32.79703678106027,32.79703678106027,100.0
9180,1,49.72972583928025,49.72972583928025,100.0
9180,2,17.47323737965949,17.47323737965949,100.0
9190,0,23.923615241510543,23.923615241510543,100.0
9190,1,52.154231436352326,52.154231436352326,100.0
9190,2,23.92215332213713,23.92215332213713,100.0
9200,0,11.12831071722338,11.12831071722338,100.0
9200,1,52.889072713285735,52.889072713285735,100.0
9200,2,35.982616569490894,35.982616569490894,100.0
9210,0,45.78317329035656,45.78317329035656,100.0
9210,1,35.205893849655325,35.205893849655325,100.0
9210,2,19.010932859988106,19.010932859988106,100.0
9220,0,44.480910238421,44.480910238421,100.0
9220,1,43.82820786955182,43.82820786955182,100.0
9220,2,11.690881892027198,11.690881892027198,100.0
9230,0,26.03198627249682,26.03198627249682,100.0
9230,1,38.639209623873136,38.639209623873136,100.0
9230,2,35.32880410363004,35.32880410363004,100.0
9240,0,55.992836369088636,55.992836369088636,100.0
9240,1,18.411658935300068,18.411658935300068,100.0
9240,2,25.5955046956113,25.5955046956113,100.0
9250,0,21.283875991338093,21.283875991338093,100.0
9250,1,22.08047551539185,22.08047551539185,100.0
9250,2,56.63564849327006,56.63564849327006,100.0
9260,0,47.070489994007346,47.070489994007346,100.0
9260,1,23.26269198442039,23.26269198442039,100.0
9260,2,29.666818021572272,29.666818021572272,100.0
9270,0,33.05930691631428,33.05930691631428,100.0
9270,1,21.336688390393725,21.336688390393725,100.0
9270,2,45.604004693292005,45.604004693292005,100.0
9280,0,17.325121499032885,17.325121499032885,100.0
9280,1,39.196810690219515,39.196810690219515,100.0
9280,2,43.478067810747596,43.478067810747596,100.0
9290,0,60.70384991891091,60.70384991891091,100.0
9290,1,22.981506565938133,22.981506565938133,100.0
9290,2,16.314643515150966,16.314643515150966,100.0
9300,0,39.99643096376174,39.99643096376174,100.0
9300,1,24.7315320907694,24.7315320907694,100.0
9300,2,35.27203694546886,35.27203694546886,100.0
9310,0,22.40818063088979,22.40818063088979,100.0
9310,1,55.57695678249195,55.57695678249195,100.0
9310,2,22.01486258661826,22.01486258661826,100.0
9320,0,58.33710808770418,58.33710808770418,100.0
9320,1,19.336619043520415,19.336619043520415,100.0
9320,2,22.326272868775405,22.326272868775405,100.0
9330,0,47.13826814888758,47.13826814888758,100.0
9330,1,45.181909697626644,45.181909697626644,100.0
9330,2,7.67982215348577,7.67982215348577,100.0
9340,0,22.0296625322861,22.0296625322861,100.0
9340,1,16.733498942796643,16.733498942796643,100.0
9340,2,61.23683852491726,61.23683852491726,100.0
9350,0,10.622993562729999,10.622993562729999,100.0
9350,1,58.12478513489712,58.12478513489712,100.0
9350,2,31.252221302372877,31.252221302372877,100.0
9360,0,49.512372004762156,49.512372004762156,100.0
9360,1,22.225256150448573,22.225256150448573,100.0
9360,2,28.262371844789264,28.262371844789264,100.0
9370,0,19.378395355069113,19.378395355069113,100.0
9370,1,41.64565560190931,41.64565560190931,100.0
9370,2,38.97594904302157,38.97594904302157,100.0
9380,0,38.52890847051329,38.52890847051329,100.0
9380,1,28.223995962505693,28.223995962505693,100.0
9380,2,33.247095566981024,33.247095566981024,100.0
9390,0,51.3063014694589,51.3063014694589,100.0
9390,1,13.54689571188328,13.54689571188328,100.0
9390,2,35.146802818657825,35.146802818657825,100.0
9400,0,11.217737392422105,11.217737392422105,100.0
9400,1,45.67489923355391,45.67489923355391,100.0
9400,2,43.107363374024,43.107363374024,100.0
9410,0,25.30877656229022,25.30877656229022,100.0
9410,1,35.28081721286661,35.28081721286661,100.0
9410,2,39.41040622484317,39.41040622484317,100.0
9420,0,75.42091455778261,75.42091455778261,100.0
9420,1,11.988676280595703,11.988676280595703,100.0
9420,2,12.590409161621704,12.590409161621704,100.0
9430,0,12.65833977935028,12.65833977935028,100.0
9430,1,52.75424272734702,52.75424272734702,100.0
9430,2,34.587417493302695,34.587417493302695,100.0
9440,0,53.26224390910593,53.26224390910593,100.0
9440,1,20.234001846172262,20.234001846172262,100.0
9440,2,26.503754244721804,26.503754244721804,100.0
9450,0,11.76547976645415,11.76547976645415,100.0
9450,1,75.14656732510196,75.14656732510196,100.0
9450,2,13.087952908443883,13.087952908443883,100.0
9460,0,25.243690899971448,25.243690899971448,100.0
9460,1,51.38386346768649,51.38386346768649,100.0
9460,2,23.372445632342078,23.372445632342078,100.0
9470,0,42.454642802478276,42.454642802478276,100.0
9470,1,32.1512390039647,32.1512390039647,100.0
9470,2,25.394118193557023,25.394118193557023,100.0
9480,0,29.50845972699566,29.50845972699566,100.0
9480,1,41.54202563326142,41.54202563326142,100.0
9480,2,28.949514639742922,28.949514639742922,100.0
9490,0,34.161684224125665,34.161684224125665,100.0
9490,1,42.922244349659344,42.922244349659344,100.0
9490,2,22.916071426214998,22.916071426214998,100.0
9500,0,39.701434304837555,39.701434304837555,100.0
9500,1,13.48698654421544,13.48698654421544,100.0
9500,2,46.81157915094701,46.81157915094701,100.0
9510,0,15.548550634111388,15.548550634111388,100.0
9510,1,32.68023694804245,32.68023694804245,100.0
9510,2,51.77121241784617,51.77121241784617,100.0
9520,0,53.324478599438784,53.324478599438784,100.0
9520,1,10.954526528812295,10.954526528812295,100.0
9520,2,35.72099487174893,35.72099487174893,100.0
9530,0,36.61882666603515,36.61882666603515,100.0
9530,1,38.74126951353361,38.74126951353361,100.0
9530,2,24.639903820431247,24.639903820431247,100.0
9540,0,48.89266912521285,48.89266912521285,100.0
9540,1,33.071285731784116,33.071285731784116,100.0
9540,2,18.03604514300304,18.03604514300304,100.0
9550,0,50.71097020531936,50.71097020531936,100.0
9550,1,34.097060561776395,34.097060561776395,100.0
9550,2,15.191969232904246,15.191969232904246,100.0
9560,0,60.01076910316927,60.01076910316927,100.0
9560,1,23.192066410341962,23.192066410341962,100.0
9560,2,16.797164486488775,16.797164486488775,100.0
9570,0,58.71317717867146,58.71317717867146,100.0
9570,1,21.70262174013199,21.70262174013199,100.0
9570,2,19.58420108119655,19.58420108119655,100.0
9580,0,52.92858470859274,52.92858470859274,100.0
9580,1,33.23840520209724,33.23840520209724,100.0
9580,2,13.833010089310033,13.833010089310033,100.0
9590,0,28.62457165895635,28.62457165895635,100.0
9590,1,33.42745757076004,33.42745757076004,100.0
9590,2,37.947970770283604,37.947970770283604,100.0
9600,0,31.985063947558352,31.985063947558352,100.0
9600,1,11.682529149264768,11.682529149264768,100.0
9600,2,56.33240690317689,56.33240690317689,100.0
9610,0,21.80916551963818,21.80916551963818,100.0
9610,1,25.1678031468679,25.1678031468679,100.0
9610,2,53.02303133349392,53.02303133349392,100.0
9620,0,43.391504726455565,43.391504726455565,100.0
9620,1,17.248849915561788,17.248849915561788,100.0
9620,2,39.35964535798264,39.35964535798264,100.0
9630,0,38.30376595422628,38.30376595422628,100.0
9630,1,26.37247955113784,26.37247955113784,100.0
9630,2,35.32375449463588,35.32375449463588,100.0
9640,0,20.64733477617847,20.64733477617847,100.0
9640,1,27.471181082164797,27.471181082164797,100.0
9640,2,51.88148414165673,51.88148414165673,100.0
9650,0,65.08107760237286,65.08107760237286,100.0
9650,1,21.270951085701345,21.270951085701345,100.0
9650,2,13.647971311925799,13.647971311925799,100.0
9660,0,19.267163077159932,19.267163077159932,100.0
9660,1,55.28660859416428,55.28660859416428,100.0
9660,2,25.446228328675797,25.446228328675797,100.0
9670,0,13.252937247842178,13.252937247842178,100.0
9670,1,68.21408401704912,68.21408401704912,100.0
9670,2,18.532978735108703,18.532978735108703,100.0
9680,0,19.467082192617973,19.467082192617973,100.0
9680,1,43.91541533947583,43.91541533947583,100.0
9680,2,36.6175024679062,36.6175024679062,100.0
9690,0,19.446659074924295,19.446659074924295,100.0
9690,1,61.771999345172404,61.771999345172404,100.0
9690,2,18.781341579903295,18.781341579903295,100.0
9700,0,12.442897026022225,12.442897026022225,100.0
9700,1,36.91993545489397,36.91993545489397,100.0
9700,2,50.6371675190838,50.6371675190838,100.0
9710,0,18.98998339539732,18.98998339539732,100.0
9710,1,39.92354317141316,39.92354317141316,100.0
9710,2,41.086473433189525,41.086473433189525,100.0
9720,0,48.81079787704037,48.81079787704037,100.0
9720,1,28.889460837860813,28.889460837860813,100.0
9720,2,22.299741285098822,22.299741285098822,100.0
9730,0,33.561632239886066,33.561632239886066,100.0
9730,1,38.899677333119634,38.899677333119634,100.0
9730,2,27.538690426994318,27.538690426994318,100.0
9740,0,50.09824374656792,50.09824374656792,100.0
9740,1,33.99568022240582,33.99568022240582,100.0
9740,2,15.906076031026274,15.906076031026274,100.0
9750,0,25.210093844939546,25.210093844939546,100.0
9750,1,38.58123147008292,38.58123147008292,100.0
9750,2,36.20867468497753,36.20867468497753,100.0
9760,0,23.57290952981011,23.57290952981011,100.0
9760,1,56.71563669871159,56.71563669871159,100.0
9760,2,19.71145377147831,19.71145377147831,100.0
9770,0,62.01259168650222,62.01259168650222,100.0
9770,1,12.090793282068407,12.090793282068407,100.0
9770,2,25.896615031429377,25.896615031429377,100.0
9780,0,47.973681556945834,47.973681556945834,100.0
9780,1,21.84258301579787,21.84258301579787,100.0
9780,2,30.183735427256302,30.183735427256302,100.0
9790,0,16.097345435493896,16.097345435493896,100.0
9790,1,64.56302381883117,64.56302381883117,100.0
9790,2,19.339630745674942,19.339630745674942,100.0
9800,0,8.43083351766976,8.43083351766976,100.0
9800,1,48.28504888762429,48.28504888762429,100.0
9800,2,43.284117594705954,43.284117594705954,100.0
9810,0,26.430783763958964,26.430783763958964,100.0
9810,1,51.203853751604456,51.203853751604456,100.0
9810,2,22.36536248443658,22.36536248443658,100.0
9820,0,21.433901327467233,21.433901327467233,100.0
9820,1,35.4525617065672,35.4525617065672,100.0
9820,2,43.11353696596555,43.11353696596555,100.0
9830,0,8.310880520089064,8.310880520089064,100.0
9830,1,53.8090503323717,53.8090503323717,100.0
9830,2,37.880069147539224,37.880069147539224,100.0
9840,0,35.258840618518846,35.258840618518846,100.0
9840,1,52.78005673168018,52.78005673168018,100.0
9840,2,11.961102649800978,11.961102649800978,100.0
9850,0,28.54416451845414,28.54416451845414,100.0
9850,1,43.07083737504195,43.07083737504195,100.0
9850,2,28.384998106503918,28.384998106503918,100.0
9860,0,12.131295381459415,12.131295381459415,100.0
9860,1,60.353795284969166,60.353795284969166,100.0
9860,2,27.514909333571413,27.514909333571413,100.0
9870,0,13.909994882088622,13.909994882088622,100.0
9870,1,50.13089154465117,50.13089154465117,100.0
9870,2,35.95911357326021,35.95911357326021,100.0
9880,0,52.470831709857634,52.470831709857634,100.0
9880,1,21.40668093852228,21.40668093852228,100.0
9880,2,26.122487351620084,26.122487351620084,100.0
9890,0,43.11070119259379,43.11070119259379,100.0
9890,1,28.24737450001706,28.24737450001706,100.0
9890,2,28.641924307389154,28.641924307389154,100.0
9900,0,9.165528605524639,9.165528605524639,100.0
9900,1,42.53170203187186,42.53170203187186,100.0
9900,2,48.302769362603506,48.302769362603506,100.0
9910,0,25.971233345594825,25.971233345594825,100.0
9910,1,58.68025848163126,58.68025848163126,100.0
9910,2,15.348508172773911,15.348508172773911,100.0
9920,0,20.237357512744854,20.237357512744854,100.0
9920,1,31.81601360127571,31.81601360127571,100.0
9920,2,47.946628885979436,47.946628885979436,100.0
9930,0,46.80547342371503,46.80547342371503,100.0
9930,1,34.34941500061684,34.34941500061684,100.0
9930,2,18.84511157566814,18.84511157566814,100.0
9940,0,14.916366789665137,14.916366789665137,100.0
9940,1,63.8428957956845,63.8428957956845,100.0
9940,2,21.240737414650372,21.240737414650372,100.0
9950,0,21.432526767603164,21.432526767603164,100.0
9950,1,26.524342438971804,26.524342438971804,100.0
9950,2,52.04313079342503,52.04313079342503,100.0
9960,0,57.89468051959036,57.89468051959036,100.0
9960,1,23.0699188912221,23.0699188912221,100.0
9960,2,19.035400589187542,19.035400589187542,100.0
9970,0,25.945301631004753,25.945301631004753,100.0
9970,1,47.43669162436627,47.43669162436627,100.0
9970,2,26.618006744628968,26.618006744628968,100.0
9980,0,25.882809276898,25.882809276898,100.0
9980,1,29.1584963915268,29.1584963915268,100.0
9980,2,44.9586943315752,44.9586943315752,100.0
9990,0,21.71469855556136,21.71469855556136,100.0
9990,1,33.43875549632479,33.43875549632479,100.0
9990,2,44.84654594811385,44.84654594811385,100.0
