timestamp,sliceId,dedicatedPRB,minPRB,maxPRB
510,0,15.037271364708173,15.037271364708173,100.0
510,1,12.632596526271456,12.632596526271456,100.0
510,2,72.33013210902037,72.33013210902037,100.0
520,0,39.92933795467483,39.92933795467483,100.0
520,1,20.27733827761412,20.27733827761412,100.0
520,2,39.79332376771106,39.79332376771106,100.0
530,0,39.748533553793116,39.748533553793116,100.0
530,1,24.49263526888961,24.49263526888961,100.0
530,2,35.75883117731728,35.75883117731728,100.0
540,0,17.97186002407005,17.97186002407005,100.0
540,1,48.73928862046419,48.73928862046419,100.0
540,2,33.28885135546577,33.28885135546577,100.0
550,0,51.99003311498841,51.99003311498841,100.0
550,1,18.667737815998464,18.667737815998464,100.0
550,2,29.342229069013133,29.342229069013133,100.0
560,0,61.5043999636253,61.5043999636253,100.0
560,1,18.144607963481533,18.144607963481533,100.0
560,2,20.350992072893177,20.350992072893177,100.0
570,0,12.728881889660398,12.728881889660398,100.0
570,1,12.51748117017274,12.51748117017274,100.0
570,2,74.75363694016687,74.75363694016687,100.0
580,0,32.21662248107825,32.21662248107825,100.0
580,1,11.942878460601333,11.942878460601333,100.0
580,2,55.84049905832041,55.84049905832041,100.0
590,0,28.246047753409975,28.246047753409975,100.0
590,1,46.6994048153714,46.6994048153714,100.0
590,2,25.054547431218616,25.054547431218616,100.0
600,0,47.902614065865365,47.902614065865365,100.0
600,1,16.17829150176753,16.17829150176753,100.0
600,2,35.919094432367096,35.919094432367096,100.0
610,0,52.872962084344124,52.872962084344124,100.0
610,1,32.901099869285574,32.901099869285574,100.0
610,2,14.225938046370313,14.225938046370313,100.0
620,0,21.25540239818924,21.25540239818924,100.0
620,1,22.662093816389767,22.662093816389767,100.0
620,2,56.082503785421004,56.082503785421004,100.0
630,0,11.370851523876938,11.370851523876938,100.0
630,1,12.333462336577684,12.333462336577684,100.0
630,2,76.29568613954538,76.29568613954538,100.0
640,0,51.944680709136435,51.944680709136435,100.0
640,1,18.89930411315509,18.89930411315509,100.0
640,2,29.156015177708465,29.156015177708465,100.0
650,0,42.73916222228984,42.73916222228984,100.0
650,1,15.186938185160948,15.186938185160948,100.0
650,2,42.07389959254921,42.07389959254921,100.0
660,0,45.5157378943697,45.5157378943697,100.0
660,1,21.946144878322237,21.946144878322237,100.0
660,2,32.53811722730807,32.53811722730807,100.0
670,0,45.5687896662919,45.5687896662919,100.0
670,1,32.94170237667103,32.94170237667103,100.0
670,2,21.489507957037066,21.489507957037066,100.0
680,0,18.868058006496515,18.868058006496515,100.0
680,1,34.30039877112811,34.30039877112811,100.0
680,2,46.83154322237538,46.83154322237538,100.0
690,0,11.873098436248664,11.873098436248664,100.0
690,1,13.886205625040466,13.886205625040466,100.0
690,2,74.24069593871087,74.24069593871087,100.0
700,0,48.043730435767536,48.043730435767536,100.0
700,1,27.812184087491538,27.812184087491538,100.0
700,2,24.144085476740926,24.144085476740926,100.0
710,0,41.919736515621466,41.919736515621466,100.0
710,1,23.649263792723673,23.649263792723673,100.0
710,2,34.430999691654854,34.430999691654854,100.0
720,0,43.59840459012049,43.59840459012049,100.0
720,1,9.189157641235267,9.189157641235267,100.0
720,2,47.212437768644236,47.212437768644236,100.0
730,0,23.95105839118718,23.95105839118718,100.0
730,1,21.876902404362227,21.876902404362227,100.0
730,2,54.1720392044506,54.1720392044506,100.0
740,0,17.998287234719086,17.998287234719086,100.0
740,1,26.984799674628007,26.984799674628007,100.0
740,2,55.01691309065292,55.01691309065292,100.0
750,0,11.162772957287032,11.162772957287032,100.0
750,1,11.53384517867076,11.53384517867076,100.0
750,2,77.30338186404222,77.30338186404222,100.0
760,0,67.30838966117602,67.30838966117602,100.0
760,1,14.545159254864418,14.545159254864418,100.0
760,2,18.146451083959565,18.146451083959565,100.0
770,0,40.97636126499471,40.97636126499471,100.0
770,1,10.075962587364955,10.075962587364955,100.0
770,2,48.94767614764034,48.94767614764034,100.0
780,0,23.675216477222744,23.675216477222744,100.0
780,1,59.42212928727045,59.42212928727045,100.0
780,2,16.90265423550681,16.90265423550681,100.0
790,0,13.532960024550157,13.532960024550157,100.0
790,1,40.11742629375895,40.11742629375895,100.0
790,2,46.34961368169089,46.34961368169089,100.0
800,0,45.5838177689601,45.5838177689601,100.0
800,1,35.35998192230545,35.35998192230545,100.0
800,2,19.056200308734454,19.056200308734454,100.0
810,0,11.169900197397205,11.169900197397205,100.0
810,1,11.791182899561827,11.791182899561827,100.0
810,2,77.03891690304096,77.03891690304096,100.0
820,0,50.138841218426414,50.138841218426414,100.0
820,1,9.07357298928964,9.07357298928964,100.0
820,2,40.787585792283956,40.787585792283956,100.0
830,0,58.34703162000668,58.34703162000668,100.0
830,1,20.5076474698174,20.5076474698174,100.0
830,2,21.14532091017591,21.14532091017591,100.0
840,0,36.78629322299314,36.78629322299314,100.0
840,1,27.843868249175085,27.843868249175085,100.0
840,2,35.36983852783177,35.36983852783177,100.0
850,0,30.1900659561687,30.1900659561687,100.0
850,1,39.14151361432513,39.14151361432513,100.0
850,2,30.668420429506167,30.668420429506167,100.0
860,0,22.435505556472116,22.435505556472116,100.0
860,1,20.07937025586601,20.07937025586601,100.0
860,2,57.485124187661874,57.485124187661874,100.0
870,0,11.209829775687078,11.209829775687078,100.0
870,1,11.406205174108631,11.406205174108631,100.0
870,2,77.38396505020428,77.38396505020428,100.0
880,0,25.715750996423083,25.715750996423083,100.0
880,1,19.504750595733526,19.504750595733526,100.0
880,2,54.779498407843384,54.779498407843384,100.0
890,0,13.977968178912265,13.977968178912265,100.0
890,1,21.65568838750716,21.65568838750716,100.0
890,2,64.36634343358058,64.36634343358058,100.0
900,0,15.619886129840992,15.619886129840992,100.0
900,1,32.668807813734546,32.668807813734546,100.0
900,2,51.711306056424455,51.711306056424455,100.0
910,0,42.28074269360716,42.28074269360716,100.0
910,1,13.428316207137891,13.428316207137891,100.0
910,2,44.29094109925495,44.29094109925495,100.0
920,0,48.656946996614714,48.656946996614714,100.0
920,1,30.891826280695756,30.891826280695756,100.0
920,2,20.451226722689533,20.451226722689533,100.0
930,0,12.239805438414791,12.239805438414791,100.0
930,1,27.649568615347576,27.649568615347576,100.0
930,2,60.110625946237626,60.110625946237626,100.0
940,0,23.11546487502948,23.11546487502948,100.0
940,1,14.67210957395636,14.67210957395636,100.0
940,2,62.212425551014164,62.212425551014164,100.0
950,0,34.144066979743,34.144066979743,100.0
950,1,39.58577387887183,39.58577387887183,100.0
950,2,26.270159141385175,26.270159141385175,100.0
960,0,21.809710581488414,21.809710581488414,100.0
960,1,17.695783319508877,17.695783319508877,100.0
960,2,60.494506099002706,60.494506099002706,100.0
970,0,41.0521056602593,41.0521056602593,100.0
970,1,35.79908362011574,35.79908362011574,100.0
970,2,23.148810719624954,23.148810719624954,100.0
980,0,64.41814609855633,64.41814609855633,100.0
980,1,17.213141963890475,17.213141963890475,100.0
980,2,18.368711937553194,18.368711937553194,100.0
990,0,14.063325639569877,14.063325639569877,100.0
990,1,14.732820459002784,14.732820459002784,100.0
990,2,71.20385390142735,71.20385390142735,100.0
1000,0,31.866129831281608,31.866129831281608,100.0
1000,1,39.76843991157294,39.76843991157294,100.0
1000,2,28.365430257145448,28.365430257145448,100.0
1010,0,11.613614226408565,11.613614226408565,100.0
1010,1,21.308165056187768,21.308165056187768,100.0
1010,2,67.07822071740367,67.07822071740367,100.0
1020,0,23.319169103747747,23.319169103747747,100.0
1020,1,33.398060015645825,33.398060015645825,100.0
1020,2,43.28277088060643,43.28277088060643,100.0
1030,0,68.22083725839194,68.22083725839194,100.0
1030,1,15.268623329092826,15.268623329092826,100.0
1030,2,16.51053941251523,16.51053941251523,100.0
1040,0,28.019325253785205,28.019325253785205,100.0
1040,1,45.82282353204738,45.82282353204738,100.0
1040,2,26.157851214167426,26.157851214167426,100.0
1050,0,11.270930678681093,11.270930678681093,100.0
1050,1,10.88180288111566,10.88180288111566,100.0
1050,2,77.84726644020324,77.84726644020324,100.0
1060,0,17.271682054719825,17.271682054719825,100.0
1060,1,27.526729821899377,27.526729821899377,100.0
1060,2,55.201588123380795,55.201588123380795,100.0
1070,0,32.82847936962157,32.82847936962157,100.0
1070,1,48.14965327095826,48.14965327095826,100.0
1070,2,19.02186735942017,19.02186735942017,100.0
1080,0,45.755743495377345,45.755743495377345,100.0
1080,1,38.15260801393483,38.15260801393483,100.0
1080,2,16.091648490687824,16.091648490687824,100.0
1090,0,32.4829800281466,32.4829800281466,100.0
1090,1,56.812949705796434,56.812949705796434,100.0
1090,2,10.70407026605697,10.70407026605697,100.0
1100,0,23.73900229178574,23.73900229178574,100.0
1100,1,14.091500278118232,14.091500278118232,100.0
1100,2,62.16949743009602,62.16949743009602,100.0
1110,0,13.968536946399922,13.968536946399922,100.0
1110,1,13.912868821922537,13.912868821922537,100.0
1110,2,72.11859423167755,72.11859423167755,100.0
1120,0,50.144743620562316,50.144743620562316,100.0
1120,1,13.768108046220453,13.768108046220453,100.0
1120,2,36.08714833321723,36.08714833321723,100.0
1130,0,35.10742573834047,35.10742573834047,100.0
1130,1,30.024262000636494,30.024262000636494,100.0
1130,2,34.86831226102304,34.86831226102304,100.0
1140,0,28.908610849577286,28.908610849577286,100.0
1140,1,27.59055839079573,27.59055839079573,100.0
1140,2,43.500830759626986,43.500830759626986,100.0
1150,0,38.03753929619262,38.03753929619262,100.0
1150,1,44.83367996610479,44.83367996610479,100.0
1150,2,17.128780737702595,17.128780737702595,100.0
1160,0,36.987378320251906,36.987378320251906,100.0
1160,1,37.99989112125613,37.99989112125613,100.0
1160,2,25.012730558491963,25.012730558491963,100.0
1170,0,11.09572404807135,11.09572404807135,100.0
1170,1,12.576994856793942,12.576994856793942,100.0
1170,2,76.32728109513471,76.32728109513471,100.0
1180,0,40.06435624360913,40.06435624360913,100.0
1180,1,39.089873155714415,39.089873155714415,100.0
1180,2,20.845770600676445,20.845770600676445,100.0
1190,0,23.59125020491098,23.59125020491098,100.0
1190,1,21.94629523622476,21.94629523622476,100.0
1190,2,54.46245455886426,54.46245455886426,100.0
1200,0,43.2876610421777,43.2876610421777,100.0
1200,1,33.02388127117715,33.02388127117715,100.0
1200,2,23.688457686645144,23.688457686645144,100.0
1210,0,34.337618162612934,34.337618162612934,100.0
1210,1,9.171754046784343,9.171754046784343,100.0
1210,2,56.49062779060272,56.49062779060272,100.0
1220,0,14.335178707060523,14.335178707060523,100.0
1220,1,39.571641718721324,39.571641718721324,100.0
1220,2,46.093179574218155,46.093179574218155,100.0
1230,0,11.286229075603554,11.286229075603554,100.0
1230,1,11.579901332630381,11.579901332630381,100.0
1230,2,77.13386959176607,77.13386959176607,100.0
1240,0,45.834256984419866,45.834256984419866,100.0
1240,1,35.094277888624134,35.094277888624134,100.0
1240,2,19.071465126956006,19.071465126956006,100.0
1250,0,33.80578436157167,33.80578436157167,100.0
1250,1,26.395130556755507,26.395130556755507,100.0
1250,2,39.79908508167282,39.79908508167282,100.0
1260,0,51.20220763038653,51.20220763038653,100.0
1260,1,32.93642354744774,32.93642354744774,100.0
1260,2,15.861368822165733,15.861368822165733,100.0
1270,0,51.802241200971565,51.802241200971565,100.0
1270,1,23.798113215868497,23.798113215868497,100.0
1270,2,24.39964558315994,24.39964558315994,100.0
1280,0,38.31174914656886,38.31174914656886,100.0
1280,1,26.85221797508269,26.85221797508269,100.0
1280,2,34.83603287834845,34.83603287834845,100.0
1290,0,12.72575848189224,12.72575848189224,100.0
1290,1,12.177192287053112,12.177192287053112,100.0
1290,2,75.09704923105464,75.09704923105464,100.0
1300,0,16.44534858046147,16.44534858046147,100.0
1300,1,52.68500521570322,52.68500521570322,100.0
1300,2,30.86964620383531,30.86964620383531,100.0
1310,0,36.56675146216495,36.56675146216495,100.0
1310,1,40.50315372236825,40.50315372236825,100.0
1310,2,22.930094815466802,22.930094815466802,100.0
1320,0,58.302917872574845,58.302917872574845,100.0
1320,1,19.461660715762548,19.461660715762548,100.0
1320,2,22.235421411662603,22.235421411662603,100.0
1330,0,15.722753716994466,15.722753716994466,100.0
1330,1,14.75286404368317,14.75286404368317,100.0
1330,2,69.52438223932236,69.52438223932236,100.0
1340,0,23.6781709675734,23.6781709675734,100.0
1340,1,14.466487270202407,14.466487270202407,100.0
1340,2,61.85534176222419,61.85534176222419,100.0
1350,0,18.712131080713164,18.712131080713164,100.0
1350,1,17.589751305385697,17.589751305385697,100.0
1350,2,63.69811761390114,63.69811761390114,100.0
1360,0,33.42157026908608,33.42157026908608,100.0
1360,1,48.6767931182705,48.6767931182705,100.0
1360,2,17.9016366126434,17.9016366126434,100.0
1370,0,18.092157743874186,18.092157743874186,100.0
1370,1,48.7059306925699,48.7059306925699,100.0
1370,2,33.20191156355591,33.20191156355591,100.0
1380,0,41.45099011576615,41.45099011576615,100.0
1380,1,35.80718332539239,35.80718332539239,100.0
1380,2,22.741826558841453,22.741826558841453,100.0
1390,0,64.39002471456008,64.39002471456008,100.0
1390,1,13.482122693238956,13.482122693238956,100.0
1390,2,22.127852592200945,22.127852592200945,100.0
1400,0,40.322881447351335,40.322881447351335,100.0
1400,1,14.523059708005997,14.523059708005997,100.0
1400,2,45.15405884464268,45.15405884464268,100.0
1410,0,12.073235358627523,12.073235358627523,100.0
1410,1,11.628535072246638,11.628535072246638,100.0
1410,2,76.29822956912584,76.29822956912584,100.0
1420,0,38.043967431648134,38.043967431648134,100.0
1420,1,37.57810093243298,37.57810093243298,100.0
1420,2,24.377931635918888,24.377931635918888,100.0
1430,0,58.331981171473714,58.331981171473714,100.0
1430,1,25.614167937677163,25.614167937677163,100.0
1430,2,16.053850890849127,16.053850890849127,100.0
1440,0,35.326162104529665,35.326162104529665,100.0
1440,1,46.01565858331678,46.01565858331678,100.0
1440,2,18.658179312153553,18.658179312153553,100.0
1450,0,46.73151424030379,46.73151424030379,100.0
1450,1,45.53517377457844,45.53517377457844,100.0
1450,2,7.733311985117777,7.733311985117777,100.0
1460,0,31.130248167357422,31.130248167357422,100.0
1460,1,13.357943961951996,13.357943961951996,100.0
1460,2,55.511807870690575,55.511807870690575,100.0
1470,0,10.984420466187968,10.984420466187968,100.0
1470,1,11.948559631419494,11.948559631419494,100.0
1470,2,77.06701990239254,77.06701990239254,100.0
1480,0,52.092460898107284,52.092460898107284,100.0
1480,1,12.450010191135638,12.450010191135638,100.0
1480,2,35.45752891075708,35.45752891075708,100.0
1490,0,28.19794588002854,28.19794588002854,100.0
1490,1,20.49884812113284,20.49884812113284,100.0
1490,2,51.30320599883862,51.30320599883862,100.0
1500,0,51.17263230971193,51.17263230971193,100.0
1500,1,28.485792677765502,28.485792677765502,100.0
1500,2,20.34157501252257,20.34157501252257,100.0
1510,0,62.38261719552482,62.38261719552482,100.0
1510,1,19.060627377792404,19.060627377792404,100.0
1510,2,18.55675542668278,18.55675542668278,100.0
1520,0,66.13886245619169,66.13886245619169,100.0
1520,1,16.100237232379428,16.100237232379428,100.0
1520,2,17.76090031142888,17.76090031142888,100.0
1530,0,16.17609826413155,16.17609826413155,100.0
1530,1,16.660489028919763,16.660489028919763,100.0
1530,2,67.16341270694869,67.16341270694869,100.0
1540,0,30.328855937753886,30.328855937753886,100.0
1540,1,30.674737827488958,30.674737827488958,100.0
1540,2,38.99640623475717,38.99640623475717,100.0
1550,0,46.94759505735593,46.94759505735593,100.0
1550,1,33.220676993494095,33.220676993494095,100.0
1550,2,19.83172794914998,19.83172794914998,100.0
1560,0,50.15967742426564,50.15967742426564,100.0
1560,1,16.823024913595884,16.823024913595884,100.0
1560,2,33.01729766213848,33.01729766213848,100.0
1570,0,66.30261129658909,66.30261129658909,100.0
1570,1,9.977685805180895,9.977685805180895,100.0
1570,2,23.719702898230025,23.719702898230025,100.0
1580,0,27.897064206643734,27.897064206643734,100.0
1580,1,17.834630709410586,17.834630709410586,100.0
1580,2,54.26830508394569,54.26830508394569,100.0
1590,0,10.948826965474161,10.948826965474161,100.0
1590,1,11.35166964687631,11.35166964687631,100.0
1590,2,77.69950338764953,77.69950338764953,100.0
1600,0,38.967482520686005,38.967482520686005,100.0
1600,1,44.88037683706196,44.88037683706196,100.0
1600,2,16.15214064225203,16.15214064225203,100.0
1610,0,14.038241861458436,14.038241861458436,100.0
1610,1,15.17277238402325,15.17277238402325,100.0
1610,2,70.78898575451832,70.78898575451832,100.0
1620,0,50.96218189388458,50.96218189388458,100.0
1620,1,40.55034303550508,40.55034303550508,100.0
1620,2,8.487475070610333,8.487475070610333,100.0
1630,0,18.116733872890602,18.116733872890602,100.0
1630,1,46.21500718332856,46.21500718332856,100.0
1630,2,35.66825894378084,35.66825894378084,100.0
1640,0,59.77786743059599,59.77786743059599,100.0
1640,1,26.03632399694228,26.03632399694228,100.0
1640,2,14.185808572461738,14.185808572461738,100.0
1650,0,12.26499060926081,12.26499060926081,100.0
1650,1,11.910698343302755,11.910698343302755,100.0
1650,2,75.82431104743642,75.82431104743642,100.0
1660,0,31.20045283466532,31.20045283466532,100.0
1660,1,19.46860267391111,19.46860267391111,100.0
1660,2,49.330944491423566,49.330944491423566,100.0
1670,0,61.22535257229964,61.22535257229964,100.0
1670,1,22.528378680581255,22.528378680581255,100.0
1670,2,16.246268747119114,16.246268747119114,100.0
1680,0,12.818483655114916,12.818483655114916,100.0
1680,1,67.61671332989387,67.61671332989387,100.0
1680,2,19.564803014991224,19.564803014991224,100.0
1690,0,16.809262361981634,16.809262361981634,100.0
1690,1,16.941418130408547,16.941418130408547,100.0
1690,2,66.24931950760981,66.24931950760981,100.0
1700,0,70.68772269347116,70.68772269347116,100.0
1700,1,11.551684351300725,11.551684351300725,100.0
1700,2,17.76059295522812,17.76059295522812,100.0
1710,0,15.395630080464636,15.395630080464636,100.0
1710,1,15.243109832591632,15.243109832591632,100.0
1710,2,69.36126008694374,69.36126008694374,100.0
1720,0,13.526157199319128,13.526157199319128,100.0
1720,1,19.36427387776545,19.36427387776545,100.0
1720,2,67.10956892291543,67.10956892291543,100.0
1730,0,46.07640722215841,46.07640722215841,100.0
1730,1,18.603141321760074,18.603141321760074,100.0
1730,2,35.32045145608152,35.32045145608152,100.0
1740,0,44.86019698237373,44.86019698237373,100.0
1740,1,45.29526589705319,45.29526589705319,100.0
1740,2,9.844537120573083,9.844537120573083,100.0
1750,0,50.93251257789535,50.93251257789535,100.0
1750,1,24.993369073570975,24.993369073570975,100.0
1750,2,24.07411834853368,24.07411834853368,100.0
1760,0,41.66734432067079,41.66734432067079,100.0
1760,1,11.965971818871317,11.965971818871317,100.0
1760,2,46.366683860457904,46.366683860457904,100.0
1770,0,12.507904479474655,12.507904479474655,100.0
1770,1,12.985084352179099,12.985084352179099,100.0
1770,2,74.50701116834625,74.50701116834625,100.0
1780,0,40.113708167484155,40.113708167484155,100.0
1780,1,21.415980450054743,21.415980450054743,100.0
1780,2,38.470311382461105,38.470311382461105,100.0
1790,0,28.303695922321836,28.303695922321836,100.0
1790,1,33.75580195738508,33.75580195738508,100.0
1790,2,37.94050212029309,37.94050212029309,100.0
1800,0,70.56573850684748,70.56573850684748,100.0
1800,1,16.743258916027674,16.743258916027674,100.0
1800,2,12.691002577124848,12.691002577124848,100.0
1810,0,43.566659586297206,43.566659586297206,100.0
1810,1,44.59644779328849,44.59644779328849,100.0
1810,2,11.8368926204143,11.8368926204143,100.0
1820,0,47.96739373600388,47.96739373600388,100.0
1820,1,26.407800368233776,26.407800368233776,100.0
1820,2,25.624805895762343,25.624805895762343,100.0
1830,0,12.324917870213547,12.324917870213547,100.0
1830,1,13.70414420070078,13.70414420070078,100.0
1830,2,73.97093792908566,73.97093792908566,100.0
1840,0,51.88750515522075,51.88750515522075,100.0
1840,1,13.194007458874953,13.194007458874953,100.0
1840,2,34.9184873859043,34.9184873859043,100.0
1850,0,24.99132011342326,24.99132011342326,100.0
1850,1,20.572287738512795,20.572287738512795,100.0
1850,2,54.43639214806395,54.43639214806395,100.0
1860,0,20.803794679128902,20.803794679128902,100.0
1860,1,47.46205246246342,47.46205246246342,100.0
1860,2,31.734152858407693,31.734152858407693,100.0
1870,0,42.221991469758954,42.221991469758954,100.0
1870,1,44.37355992714034,44.37355992714034,100.0
1870,2,13.404448603100699,13.404448603100699,100.0
1880,0,39.73982000812379,39.73982000812379,100.0
1880,1,25.506826542719054,25.506826542719054,100.0
1880,2,34.753353449157146,34.753353449157146,100.0
1890,0,11.099693234735227,11.099693234735227,100.0
1890,1,11.461471979401585,11.461471979401585,100.0
1890,2,77.4388347858632,77.4388347858632,100.0
1900,0,16.062203797467106,16.062203797467106,100.0
1900,1,20.571614947457032,20.571614947457032,100.0
1900,2,63.36618125507587,63.36618125507587,100.0
1910,0,8.403198291930591,8.403198291930591,100.0
1910,1,49.622353101729786,49.622353101729786,100.0
1910,2,41.974448606339635,41.974448606339635,100.0
1920,0,41.840057273543714,41.840057273543714,100.0
1920,1,39.38607655080995,39.38607655080995,100.0
1920,2,18.773866175646333,18.773866175646333,100.0
1930,0,53.646802935783924,53.646802935783924,100.0
1930,1,31.599333482000453,31.599333482000453,100.0
1930,2,14.75386358221562,14.75386358221562,100.0
1940,0,13.907508957545467,13.907508957545467,100.0
1940,1,34.08112401521022,34.08112401521022,100.0
1940,2,52.01136702724432,52.01136702724432,100.0
1950,0,10.64507632284014,10.64507632284014,100.0
1950,1,14.87304323069562,14.87304323069562,100.0
1950,2,74.48188044646425,74.48188044646425,100.0
1960,0,38.84608266106599,38.84608266106599,100.0
1960,1,34.10226980885329,34.10226980885329,100.0
1960,2,27.051647530080725,27.051647530080725,100.0
1970,0,61.03794760814682,61.03794760814682,100.0
1970,1,24.360086235695377,24.360086235695377,100.0
1970,2,14.601966156157797,14.601966156157797,100.0
1980,0,32.67877598144662,32.67877598144662,100.0
1980,1,23.18792270398435,23.18792270398435,100.0
1980,2,44.13330131456903,44.13330131456903,100.0
1990,0,69.96119709238742,69.96119709238742,100.0
1990,1,19.36719663421188,19.36719663421188,100.0
1990,2,10.671606273400695,10.671606273400695,100.0
2000,0,40.478506452087,40.478506452087,100.0
2000,1,37.310607188869035,37.310607188869035,100.0
2000,2,22.210886359043965,22.210886359043965,100.0
2010,0,11.631907347918487,11.631907347918487,100.0
2010,1,12.63155958650951,12.63155958650951,100.0
2010,2,75.736533065572,75.736533065572,100.0
2020,0,60.69703116133308,60.69703116133308,100.0
2020,1,17.716521195229625,17.716521195229625,100.0
2020,2,21.586447643437296,21.586447643437296,100.0
2030,0,56.20453029402489,56.20453029402489,100.0
2030,1,30.969358419860733,30.969358419860733,100.0
2030,2,12.826111286114376,12.826111286114376,100.0
2040,0,29.06809827770299,29.06809827770299,100.0
2040,1,38.719626214873365,38.719626214873365,100.0
2040,2,32.21227550742365,32.21227550742365,100.0
2050,0,16.43577970290978,16.43577970290978,100.0
2050,1,20.19871076720933,20.19871076720933,100.0
2050,2,63.365509529880896,63.365509529880896,100.0
2060,0,41.87950239097324,41.87950239097324,100.0
2060,1,27.1173385536696,27.1173385536696,100.0
2060,2,31.00315905535717,31.00315905535717,100.0
2070,0,11.106191369212434,11.106191369212434,100.0
2070,1,12.566952531875755,12.566952531875755,100.0
2070,2,76.32685609891182,76.32685609891182,100.0
2080,0,58.25801020461381,58.25801020461381,100.0
2080,1,22.943577120793318,22.943577120793318,100.0
2080,2,18.79841267459288,18.79841267459288,100.0
2090,0,68.13568901743554,68.13568901743554,100.0
2090,1,17.880310480343635,17.880310480343635,100.0
2090,2,13.984000502220836,13.984000502220836,100.0
2100,0,50.48084026845927,50.48084026845927,100.0
2100,1,19.794548991989174,19.794548991989174,100.0
2100,2,29.724610739551554,29.724610739551554,100.0
2110,0,44.333855098942195,44.333855098942195,100.0
2110,1,31.421642790857877,31.421642790857877,100.0
2110,2,24.24450211019992,24.24450211019992,100.0
2120,0,15.052483835627964,15.052483835627964,100.0
2120,1,33.894944088406035,33.894944088406035,100.0
2120,2,51.052572075966005,51.052572075966005,100.0
2130,0,12.272549423987947,12.272549423987947,100.0
2130,1,14.577139753006902,14.577139753006902,100.0
2130,2,73.15031082300514,73.15031082300514,100.0
2140,0,34.124773898182376,34.124773898182376,100.0
2140,1,33.283036444754885,33.283036444754885,100.0
2140,2,32.59218965706275,32.59218965706275,100.0
2150,0,59.280191538416574,59.280191538416574,100.0
2150,1,26.271078854896036,26.271078854896036,100.0
2150,2,14.448729606687388,14.448729606687388,100.0
2160,0,39.56517867457342,39.56517867457342,100.0
2160,1,29.79380710042908,29.79380710042908,100.0
2160,2,30.641014224997505,30.641014224997505,100.0
2170,0,68.15508251186799,68.15508251186799,100.0
2170,1,19.772914575729704,19.772914575729704,100.0
2170,2,12.0720029124023,12.0720029124023,100.0
2180,0,16.423352217087796,16.423352217087796,100.0
2180,1,48.05016412433546,48.05016412433546,100.0
2180,2,35.52648365857675,35.52648365857675,100.0
2190,0,12.208313942693449,12.208313942693449,100.0
2190,1,11.040177157800837,11.040177157800837,100.0
2190,2,76.75150889950572,76.75150889950572,100.0
2200,0,47.086849222501,47.086849222501,100.0
2200,1,29.567391692674978,29.567391692674978,100.0
2200,2,23.345759084824024,23.345759084824024,100.0
2210,0,47.81538269022804,47.81538269022804,100.0
2210,1,21.42710994292757,21.42710994292757,100.0
2210,2,30.757507366844393,30.757507366844393,100.0
2220,0,44.438711780515185,44.438711780515185,100.0
2220,1,18.122417984286653,18.122417984286653,100.0
2220,2,37.43887023519817,37.43887023519817,100.0
2230,0,41.81461868409552,41.81461868409552,100.0
2230,1,11.79766952130811,11.79766952130811,100.0
2230,2,46.38771179459636,46.38771179459636,100.0
2240,0,21.036225554871145,21.036225554871145,100.0
2240,1,49.898685639566324,49.898685639566324,100.0
2240,2,29.06508880556253,29.06508880556253,100.0
2250,0,11.264037802921449,11.264037802921449,100.0
2250,1,14.635254737518332,14.635254737518332,100.0
2250,2,74.10070745956023,74.10070745956023,100.0
2260,0,25.999599584586896,25.999599584586896,100.0
2260,1,39.032258865496,39.032258865496,100.0
2260,2,34.96814154991711,34.96814154991711,100.0
2270,0,71.27006866937565,71.27006866937565,100.0
2270,1,12.159146400970908,12.159146400970908,100.0
2270,2,16.57078492965346,16.57078492965346,100.0
2280,0,46.36514528178563,46.36514528178563,100.0
2280,1,40.61800256124113,40.61800256124113,100.0
2280,2,13.016852156973247,13.016852156973247,100.0
2290,0,55.786996335294845,55.786996335294845,100.0
2290,1,21.829163866166777,21.829163866166777,100.0
2290,2,22.383839798538386,22.383839798538386,100.0
2300,0,46.960728019007426,46.960728019007426,100.0
2300,1,36.32488053168373,36.32488053168373,100.0
2300,2,16.714391449308856,16.714391449308856,100.0
2310,0,10.83636584730401,10.83636584730401,100.0
2310,1,20.581223122609813,20.581223122609813,100.0
2310,2,68.58241103008619,68.58241103008619,100.0
2320,0,20.327428338849202,20.327428338849202,100.0
2320,1,49.41331218844006,49.41331218844006,100.0
2320,2,30.259259472710742,30.259259472710742,100.0
2330,0,32.51309661339315,32.51309661339315,100.0
2330,1,18.10704484128403,18.10704484128403,100.0
2330,2,49.37985854532281,49.37985854532281,100.0
2340,0,10.461888971238551,10.461888971238551,100.0
2340,1,35.570950952760796,35.570950952760796,100.0
2340,2,53.96716007600065,53.96716007600065,100.0
2350,0,14.174933417218357,14.174933417218357,100.0
2350,1,66.89996167143765,66.89996167143765,100.0
2350,2,18.925104911343986,18.925104911343986,100.0
2360,0,28.064466899041985,28.064466899041985,100.0
2360,1,23.505778814397146,23.505778814397146,100.0
2360,2,48.42975428656088,48.42975428656088,100.0
2370,0,12.019847056843718,12.019847056843718,100.0
2370,1,12.207748786336667,12.207748786336667,100.0
2370,2,75.77240415681962,75.77240415681962,100.0
2380,0,19.63709174542504,19.63709174542504,100.0
2380,1,56.137463835813115,56.137463835813115,100.0
2380,2,24.225444418761853,24.225444418761853,100.0
2390,0,19.07516591278078,19.07516591278078,100.0
2390,1,65.07383678215275,65.07383678215275,100.0
2390,2,15.850997305066475,15.850997305066475,100.0
2400,0,49.104027943063016,49.104027943063016,100.0
2400,1,16.118221023607887,16.118221023607887,100.0
2400,2,34.777751033329096,34.777751033329096,100.0
2410,0,26.00078031374833,26.00078031374833,100.0
2410,1,21.178690174852015,21.178690174852015,100.0
2410,2,52.82052951139966,52.82052951139966,100.0
2420,0,37.44306008470516,37.44306008470516,100.0
2420,1,21.383790881885727,21.383790881885727,100.0
2420,2,41.17314903340912,41.17314903340912,100.0
2430,0,11.304048524519434,11.304048524519434,100.0
2430,1,11.28785318225982,11.28785318225982,100.0
2430,2,77.40809829322075,77.40809829322075,100.0
2440,0,52.65840408715563,52.65840408715563,100.0
2440,1,31.806029678070352,31.806029678070352,100.0
2440,2,15.535566234774006,15.535566234774006,100.0
2450,0,53.6442392046652,53.6442392046652,100.0
2450,1,16.927487773515857,16.927487773515857,100.0
2450,2,29.42827302181894,29.42827302181894,100.0
2460,0,41.96094671366739,41.96094671366739,100.0
2460,1,13.728633082742764,13.728633082742764,100.0
2460,2,44.31042020358986,44.31042020358986,100.0
2470,0,33.11716760121449,33.11716760121449,100.0
2470,1,35.81990263465452,35.81990263465452,100.0
2470,2,31.06292976413098,31.06292976413098,100.0
2480,0,25.132257830261796,25.132257830261796,100.0
2480,1,50.74947393904373,50.74947393904373,100.0
2480,2,24.118268230694472,24.118268230694472,100.0
2490,0,11.158003515497224,11.158003515497224,100.0
2490,1,11.435070714142965,11.435070714142965,100.0
2490,2,77.40692577035982,77.40692577035982,100.0
2500,0,38.041666079706275,38.041666079706275,100.0
2500,1,14.763848957299222,14.763848957299222,100.0
2500,2,47.19448496299451,47.19448496299451,100.0
2510,0,8.192534983866642,8.192534983866642,100.0
2510,1,39.17532400393994,39.17532400393994,100.0
2510,2,52.632141012193415,52.632141012193415,100.0
2520,0,14.600067744542244,14.600067744542244,100.0
2520,1,53.55492393215416,53.55492393215416,100.0
2520,2,31.845008323303592,31.845008323303592,100.0
2530,0,32.24207605670434,32.24207605670434,100.0
2530,1,33.49009943299481,33.49009943299481,100.0
2530,2,34.26782451030085,34.26782451030085,100.0
2540,0,57.84271976924772,57.84271976924772,100.0
2540,1,29.449397052661947,29.449397052661947,100.0
2540,2,12.707883178090338,12.707883178090338,100.0
2550,0,12.708197984994909,12.708197984994909,100.0
2550,1,11.96950412230014,11.96950412230014,100.0
2550,2,75.32229789270495,75.32229789270495,100.0
2560,0,41.02347565578959,41.02347565578959,100.0
2560,1,37.65243830923635,37.65243830923635,100.0
2560,2,21.324086034974073,21.324086034974073,100.0
2570,0,14.84405389606343,14.84405389606343,100.0
2570,1,27.212460872628014,27.212460872628014,100.0
2570,2,57.943485231308564,57.943485231308564,100.0
2580,0,42.26585034332109,42.26585034332109,100.0
2580,1,33.132233323281135,33.132233323281135,100.0
2580,2,24.60191633339778,24.60191633339778,100.0
2590,0,14.361094073417851,14.361094073417851,100.0
2590,1,20.666489698529244,20.666489698529244,100.0
2590,2,64.9724162280529,64.9724162280529,100.0
2600,0,24.376119524975998,24.376119524975998,100.0
2600,1,31.6008608884294,31.6008608884294,100.0
2600,2,44.0230195865946,44.0230195865946,100.0
2610,0,11.204646252431942,11.204646252431942,100.0
2610,1,11.668780185258312,11.668780185258312,100.0
2610,2,77.12657356230974,77.12657356230974,100.0
2620,0,14.270422704453233,14.270422704453233,100.0
2620,1,23.31118460067278,23.31118460067278,100.0
2620,2,62.418392694873994,62.418392694873994,100.0
2630,0,46.281086968567685,46.281086968567685,100.0
2630,1,37.396167181607176,37.396167181607176,100.0
2630,2,16.32274584982514,16.32274584982514,100.0
2640,0,14.30320246860654,14.30320246860654,100.0
2640,1,71.4492110499003,71.4492110499003,100.0
2640,2,14.247586481493164,14.247586481493164,100.0
2650,0,51.701504266527465,51.701504266527465,100.0
2650,1,32.84297124591315,32.84297124591315,100.0
2650,2,15.45552448755939,15.45552448755939,100.0
2660,0,11.289110179074715,11.289110179074715,100.0
2660,1,42.42870298491248,42.42870298491248,100.0
2660,2,46.2821868360128,46.2821868360128,100.0
2670,0,11.298215286962478,11.298215286962478,100.0
2670,1,12.44659990390993,12.44659990390993,100.0
2670,2,76.25518480912758,76.25518480912758,100.0
2680,0,42.24526744055072,42.24526744055072,100.0
2680,1,21.144031579078145,21.144031579078145,100.0
2680,2,36.610700980371135,36.610700980371135,100.0
2690,0,66.46883753680622,66.46883753680622,100.0
2690,1,15.463799562006914,15.463799562006914,100.0
2690,2,18.067362901186872,18.067362901186872,100.0
2700,0,48.57753582529857,48.57753582529857,100.0
2700,1,40.06952070256423,40.06952070256423,100.0
2700,2,11.352943472137202,11.352943472137202,100.0
2710,0,53.23432745604414,53.23432745604414,100.0
2710,1,19.645029219692372,19.645029219692372,100.0
2710,2,27.1206433242635,27.1206433242635,100.0
2720,0,22.828148688309323,22.828148688309323,100.0
2720,1,13.946370752179599,13.946370752179599,100.0
2720,2,63.22548055951107,63.22548055951107,100.0
2730,0,13.424602915039955,13.424602915039955,100.0
2730,1,15.602369973632108,15.602369973632108,100.0
2730,2,70.97302711132794,70.97302711132794,100.0
2740,0,63.98592476890773,63.98592476890773,100.0
2740,1,14.003217908157497,14.003217908157497,100.0
2740,2,22.01085732293477,22.01085732293477,100.0
2750,0,41.9000035048356,41.9000035048356,100.0
2750,1,20.03612870305792,20.03612870305792,100.0
2750,2,38.06386779210648,38.06386779210648,100.0
2760,0,18.03859727115124,18.03859727115124,100.0
2760,1,21.26060406879673,21.26060406879673,100.0
2760,2,60.70079866005202,60.70079866005202,100.0
2770,0,41.926858979195146,41.926858979195146,100.0
2770,1,45.970261286341376,45.970261286341376,100.0
2770,2,12.102879734463484,12.102879734463484,100.0
2780,0,42.112339444678824,42.112339444678824,100.0
2780,1,41.25787050022748,41.25787050022748,100.0
2780,2,16.629790055093693,16.629790055093693,100.0
2790,0,11.34346938012097,11.34346938012097,100.0
2790,1,11.462553024987763,11.462553024987763,100.0
2790,2,77.19397759489127,77.19397759489127,100.0
2800,0,26.61643489185109,26.61643489185109,100.0
2800,1,47.412280395336445,47.412280395336445,100.0
2800,2,25.971284712812466,25.971284712812466,100.0
2810,0,47.26297978143173,47.26297978143173,100.0
2810,1,8.173101374081963,8.173101374081963,100.0
2810,2,44.5639188444863,44.5639188444863,100.0
2820,0,24.35191240689107,24.35191240689107,100.0
2820,1,53.995006682260325,53.995006682260325,100.0
2820,2,21.653080910848605,21.653080910848605,100.0
2830,0,34.758116332803304,34.758116332803304,100.0
2830,1,29.79961392894941,29.79961392894941,100.0
2830,2,35.44226973824729,35.44226973824729,100.0
2840,0,62.19723310849861,62.19723310849861,100.0
2840,1,16.66652000503365,16.66652000503365,100.0
2840,2,21.13624688646775,21.13624688646775,100.0
2850,0,11.893377435344682,11.893377435344682,100.0
2850,1,14.27359006619479,14.27359006619479,100.0
2850,2,73.83303249846053,73.83303249846053,100.0
2860,0,63.84810106630674,63.84810106630674,100.0
2860,1,14.101991054543786,14.101991054543786,100.0
2860,2,22.049907879149487,22.049907879149487,100.0
2870,0,14.725242508995542,14.725242508995542,100.0
2870,1,15.48433870272774,15.48433870272774,100.0
2870,2,69.79041878827672,69.79041878827672,100.0
2880,0,21.542662794927836,21.542662794927836,100.0
2880,1,13.278600069974681,13.278600069974681,100.0
2880,2,65.17873713509749,65.17873713509749,100.0
2890,0,31.091284572240873,31.091284572240873,100.0
2890,1,34.08861205211029,34.08861205211029,100.0
2890,2,34.820103375648834,34.820103375648834,100.0
2900,0,31.72806544226809,31.72806544226809,100.0
2900,1,40.9284713351893,40.9284713351893,100.0
2900,2,27.343463222542617,27.343463222542617,100.0
2910,0,11.247064871385106,11.247064871385106,100.0
2910,1,12.470815269640461,12.470815269640461,100.0
2910,2,76.28211985897443,76.28211985897443,100.0
2920,0,25.362431844774136,25.362431844774136,100.0
2920,1,60.388804382926544,60.388804382926544,100.0
2920,2,14.248763772299327,14.248763772299327,100.0
2930,0,25.907792490451868,25.907792490451868,100.0
2930,1,57.62699319931951,57.62699319931951,100.0
2930,2,16.465214310228625,16.465214310228625,100.0
2940,0,45.74477236777826,45.74477236777826,100.0
2940,1,38.723934118125385,38.723934118125385,100.0
2940,2,15.531293514096339,15.531293514096339,100.0
2950,0,52.197100702210534,52.197100702210534,100.0
2950,1,35.42738806670861,35.42738806670861,100.0
2950,2,12.375511231080864,12.375511231080864,100.0
2960,0,31.48159984102997,31.48159984102997,100.0
2960,1,12.559414977303247,12.559414977303247,100.0
2960,2,55.9589851816668,55.9589851816668,100.0
2970,0,11.946308336326595,11.946308336326595,100.0
2970,1,12.652975286807855,12.652975286807855,100.0
2970,2,75.40071637686555,75.40071637686555,100.0
2980,0,28.053880314536546,28.053880314536546,100.0
2980,1,46.661668474210444,46.661668474210444,100.0
2980,2,25.284451211253007,25.284451211253007,100.0
2990,0,22.235345094988276,22.235345094988276,100.0
2990,1,34.17968134890919,34.17968134890919,100.0
2990,2,43.58497355610254,43.58497355610254,100.0
3000,0,40.44582736628674,40.44582736628674,100.0
3000,1,20.037233710195608,20.037233710195608,100.0
3000,2,39.51693892351765,39.51693892351765,100.0
3010,0,19.114256806539682,19.114256806539682,100.0
3010,1,39.449420739128065,39.449420739128065,100.0
3010,2,41.43632245433225,41.43632245433225,100.0
3020,0,47.41037754697081,47.41037754697081,100.0
3020,1,23.750713845354657,23.750713845354657,100.0
3020,2,28.838908607674536,28.838908607674536,100.0
3030,0,12.655458205670808,12.655458205670808,100.0
3030,1,12.7245877789681,12.7245877789681,100.0
3030,2,74.6199540153611,74.6199540153611,100.0
3040,0,36.924997438618504,36.924997438618504,100.0
3040,1,23.589550496501488,23.589550496501488,100.0
3040,2,39.48545206488001,39.48545206488001,100.0
3050,0,56.62948515701894,56.62948515701894,100.0
3050,1,16.469812806276334,16.469812806276334,100.0
3050,2,26.900702036704722,26.900702036704722,100.0
3060,0,37.36415648541968,37.36415648541968,100.0
3060,1,23.37351860139049,23.37351860139049,100.0
3060,2,39.262324913189836,39.262324913189836,100.0
3070,0,26.10771267485832,26.10771267485832,100.0
3070,1,15.253149027163989,15.253149027163989,100.0
3070,2,58.6391382979777,58.6391382979777,100.0
3080,0,14.753589119806357,14.753589119806357,100.0
3080,1,13.334791487311293,13.334791487311293,100.0
3080,2,71.91161939288236,71.91161939288236,100.0
3090,0,10.862947380740863,10.862947380740863,100.0
3090,1,10.94645587959081,10.94645587959081,100.0
3090,2,78.19059673966832,78.19059673966832,100.0
3100,0,55.62787603770089,55.62787603770089,100.0
3100,1,11.821906675516443,11.821906675516443,100.0
3100,2,32.550217286782676,32.550217286782676,100.0
3110,0,49.528153157883864,49.528153157883864,100.0
3110,1,15.846617120946158,15.846617120946158,100.0
3110,2,34.625229721169994,34.625229721169994,100.0
3120,0,10.268829191446699,10.268829191446699,100.0
3120,1,31.072472844457522,31.072472844457522,100.0
3120,2,58.65869796409577,58.65869796409577,100.0
3130,0,16.54202667322445,16.54202667322445,100.0
3130,1,13.056518135177164,13.056518135177164,100.0
3130,2,70.40145519159839,70.40145519159839,100.0
3140,0,21.58007079697176,21.58007079697176,100.0
3140,1,38.82611439517446,38.82611439517446,100.0
3140,2,39.59381480785379,39.59381480785379,100.0
3150,0,12.183005099298798,12.183005099298798,100.0
3150,1,12.757219319008053,12.757219319008053,100.0
3150,2,75.05977558169316,75.05977558169316,100.0
3160,0,60.37988829896095,60.37988829896095,100.0
3160,1,27.400496772992373,27.400496772992373,100.0
3160,2,12.219614928046672,12.219614928046672,100.0
3170,0,46.20108422601001,46.20108422601001,100.0
3170,1,46.077947253162556,46.077947253162556,100.0
3170,2,7.720968520827433,7.720968520827433,100.0
3180,0,43.16334929170045,43.16334929170045,100.0
3180,1,11.314245804820262,11.314245804820262,100.0
3180,2,45.522404903479305,45.522404903479305,100.0
3190,0,53.81609884937898,53.81609884937898,100.0
3190,1,25.56403221559239,25.56403221559239,100.0
3190,2,20.619868935028634,20.619868935028634,100.0
3200,0,54.73252095744874,54.73252095744874,100.0
3200,1,14.85542726914251,14.85542726914251,100.0
3200,2,30.412051773408756,30.412051773408756,100.0
3210,0,14.188573269131036,14.188573269131036,100.0
3210,1,11.796050410490304,11.796050410490304,100.0
3210,2,74.01537632037866,74.01537632037866,100.0
3220,0,31.268801500044624,31.268801500044624,100.0
3220,1,30.741954996770556,30.741954996770556,100.0
3220,2,37.989243503184824,37.989243503184824,100.0
3230,0,51.4859518904584,51.4859518904584,100.0
3230,1,11.415386859375626,11.415386859375626,100.0
3230,2,37.098661250165975,37.098661250165975,100.0
3240,0,25.302524745366362,25.302524745366362,100.0
3240,1,55.679415282288666,55.679415282288666,100.0
3240,2,19.01805997234498,19.01805997234498,100.0
3250,0,44.55462762765822,44.55462762765822,100.0
3250,1,40.59397707029827,40.59397707029827,100.0
3250,2,14.851395302043507,14.851395302043507,100.0
3260,0,18.998674823230022,18.998674823230022,100.0
3260,1,37.93160688566552,37.93160688566552,100.0
3260,2,43.06971829110445,43.06971829110445,100.0
3270,0,11.071929485764423,11.071929485764423,100.0
3270,1,11.831165626743102,11.831165626743102,100.0
3270,2,77.09690488749249,77.09690488749249,100.0
3280,0,49.55617705814285,49.55617705814285,100.0
3280,1,14.454976719277695,14.454976719277695,100.0
3280,2,35.988846222579454,35.988846222579454,100.0
3290,0,11.68225880744335,11.68225880744335,100.0
3290,1,70.86009053429926,70.86009053429926,100.0
3290,2,17.457650658257396,17.457650658257396,100.0
3300,0,47.841663447997824,47.841663447997824,100.0
3300,1,38.1813138063374,38.1813138063374,100.0
3300,2,13.97702274566478,13.97702274566478,100.0
3310,0,69.61189302735616,69.61189302735616,100.0
3310,1,11.251788023549834,11.251788023549834,100.0
3310,2,19.136318949094022,19.136318949094022,100.0
3320,0,30.747267938386884,30.747267938386884,100.0
3320,1,49.9426047454307,49.9426047454307,100.0
3320,2,19.310127316182417,19.310127316182417,100.0
3330,0,13.188885381820729,13.188885381820729,100.0
3330,1,13.238627067368494,13.238627067368494,100.0
3330,2,73.57248755081078,73.57248755081078,100.0
3340,0,25.25405180058991,25.25405180058991,100.0
3340,1,21.40373016693059,21.40373016693059,100.0
3340,2,53.342218032479494,53.342218032479494,100.0
3350,0,20.251623545260227,20.251623545260227,100.0
3350,1,26.4894504831299,26.4894504831299,100.0
3350,2,53.25892597160987,53.25892597160987,100.0
3360,0,49.8945568374455,49.8945568374455,100.0
3360,1,24.74932717839841,24.74932717839841,100.0
3360,2,25.356115984156098,25.356115984156098,100.0
3370,0,38.37978548481033,38.37978548481033,100.0
3370,1,31.166683848281952,31.166683848281952,100.0
3370,2,30.453530666907724,30.453530666907724,100.0
3380,0,59.15596151685426,59.15596151685426,100.0
3380,1,20.541197040676526,20.541197040676526,100.0
3380,2,20.302841442469223,20.302841442469223,100.0
3390,0,11.063809387229359,11.063809387229359,100.0
3390,1,12.229590939237736,12.229590939237736,100.0
3390,2,76.70659967353289,76.70659967353289,100.0
3400,0,61.62426702108038,61.62426702108038,100.0
3400,1,21.515777812896285,21.515777812896285,100.0
3400,2,16.859955166023333,16.859955166023333,100.0
3410,0,48.2581374108522,48.2581374108522,100.0
3410,1,7.8664575962162155,7.8664575962162155,100.0
3410,2,43.875404992931585,43.875404992931585,100.0
3420,0,19.599883920756795,19.599883920756795,100.0
3420,1,34.92584154227697,34.92584154227697,100.0
3420,2,45.474274536966234,45.474274536966234,100.0
3430,0,27.813052189768257,27.813052189768257,100.0
3430,1,22.934325931377693,22.934325931377693,100.0
3430,2,49.25262187885405,49.25262187885405,100.0
3440,0,21.438906423491062,21.438906423491062,100.0
3440,1,48.170468182777896,48.170468182777896,100.0
3440,2,30.390625393731046,30.390625393731046,100.0
3450,0,12.691192089024698,12.691192089024698,100.0
3450,1,12.548422455980795,12.548422455980795,100.0
3450,2,74.76038545499452,74.76038545499452,100.0
3460,0,40.87851320273916,40.87851320273916,100.0
3460,1,35.307994126990685,35.307994126990685,100.0
3460,2,23.813492670270154,23.813492670270154,100.0
3470,0,29.25922840745464,29.25922840745464,100.0
3470,1,39.689830678451536,39.689830678451536,100.0
3470,2,31.050940914093815,31.050940914093815,100.0
3480,0,29.43037322156958,29.43037322156958,100.0
3480,1,33.570405136358836,33.570405136358836,100.0
3480,2,36.99922164207158,36.99922164207158,100.0
3490,0,44.070560783012404,44.070560783012404,100.0
3490,1,24.242068439355233,24.242068439355233,100.0
3490,2,31.687370777632367,31.687370777632367,100.0
3500,0,27.461968234526857,27.461968234526857,100.0
3500,1,39.81686577642076,39.81686577642076,100.0
3500,2,32.72116598905237,32.72116598905237,100.0
3510,0,14.112498992558272,14.112498992558272,100.0
3510,1,14.23403602120548,14.23403602120548,100.0
3510,2,71.65346498623624,71.65346498623624,100.0
3520,0,46.51624955510152,46.51624955510152,100.0
3520,1,35.47624254222625,35.47624254222625,100.0
3520,2,18.00750790267223,18.00750790267223,100.0
3530,0,38.16022522873837,38.16022522873837,100.0
3530,1,23.71971586319613,23.71971586319613,100.0
3530,2,38.1200589080655,38.1200589080655,100.0
3540,0,58.39255557974149,58.39255557974149,100.0
3540,1,10.410953988124133,10.410953988124133,100.0
3540,2,31.196490432134382,31.196490432134382,100.0
3550,0,29.856180710703594,29.856180710703594,100.0
3550,1,40.28627006017128,40.28627006017128,100.0
3550,2,29.85754922912512,29.85754922912512,100.0
3560,0,28.5367035945751,28.5367035945751,100.0
3560,1,47.1417229607323,47.1417229607323,100.0
3560,2,24.321573444692586,24.321573444692586,100.0
3570,0,11.517117219767089,11.517117219767089,100.0
3570,1,11.563114697100461,11.563114697100461,100.0
3570,2,76.91976808313244,76.91976808313244,100.0
3580,0,17.23246418008639,17.23246418008639,100.0
3580,1,61.57545742665859,61.57545742665859,100.0
3580,2,21.192078393255027,21.192078393255027,100.0
3590,0,31.244305686867303,31.244305686867303,100.0
3590,1,32.63123353888602,32.63123353888602,100.0
3590,2,36.12446077424668,36.12446077424668,100.0
3600,0,36.78413817818512,36.78413817818512,100.0
3600,1,12.923385284709443,12.923385284709443,100.0
3600,2,50.29247653710544,50.29247653710544,100.0
3610,0,30.114404840131385,30.114404840131385,100.0
3610,1,37.14034186963315,37.14034186963315,100.0
3610,2,32.74525329023547,32.74525329023547,100.0
3620,0,14.781883407237236,14.781883407237236,100.0
3620,1,59.17293337224736,59.17293337224736,100.0
3620,2,26.045183220515412,26.045183220515412,100.0
3630,0,11.792392089813672,11.792392089813672,100.0
3630,1,15.276250663905925,15.276250663905925,100.0
3630,2,72.93135724628041,72.93135724628041,100.0
3640,0,45.829094490176935,45.829094490176935,100.0
3640,1,19.210705168984212,19.210705168984212,100.0
3640,2,34.96020034083886,34.96020034083886,100.0
3650,0,25.884579430556858,25.884579430556858,100.0
3650,1,12.118460597362596,12.118460597362596,100.0
3650,2,61.996959972080546,61.996959972080546,100.0
3660,0,42.102684680231405,42.102684680231405,100.0
3660,1,23.691489026572796,23.691489026572796,100.0
3660,2,34.205826293195805,34.205826293195805,100.0
3670,0,18.966115782585565,18.966115782585565,100.0
3670,1,26.04651074151186,26.04651074151186,100.0
3670,2,54.98737347590258,54.98737347590258,100.0
3680,0,56.47109236694207,56.47109236694207,100.0
3680,1,22.597296190123554,22.597296190123554,100.0
3680,2,20.93161144293439,20.93161144293439,100.0
3690,0,12.90289942240507,12.90289942240507,100.0
3690,1,13.40961632357911,13.40961632357911,100.0
3690,2,73.68748425401583,73.68748425401583,100.0
3700,0,32.290810560993826,32.290810560993826,100.0
3700,1,26.733058936247932,26.733058936247932,100.0
3700,2,40.97613050275824,40.97613050275824,100.0
3710,0,57.143195334041266,57.143195334041266,100.0
3710,1,13.91078692997367,13.91078692997367,100.0
3710,2,28.946017735985073,28.946017735985073,100.0
3720,0,39.541252870854684,39.541252870854684,100.0
3720,1,25.252220673906677,25.252220673906677,100.0
3720,2,35.20652645523864,35.20652645523864,100.0
3730,0,29.863558148041903,29.863558148041903,100.0
3730,1,20.893257814158606,20.893257814158606,100.0
3730,2,49.24318403779949,49.24318403779949,100.0
3740,0,8.451479296794574,8.451479296794574,100.0
3740,1,50.50031424603013,50.50031424603013,100.0
3740,2,41.0482064571753,41.0482064571753,100.0
3750,0,11.75792067720996,11.75792067720996,100.0
3750,1,12.857846238375911,12.857846238375911,100.0
3750,2,75.38423308441413,75.38423308441413,100.0
3760,0,28.518408325290466,28.518408325290466,100.0
3760,1,16.858911018098148,16.858911018098148,100.0
3760,2,54.62268065661139,54.62268065661139,100.0
3770,0,14.639425676597059,14.639425676597059,100.0
3770,1,21.94181765775985,21.94181765775985,100.0
3770,2,63.418756665643095,63.418756665643095,100.0
3780,0,16.267767940035878,16.267767940035878,100.0
3780,1,23.152884388339988,23.152884388339988,100.0
3780,2,60.57934767162414,60.57934767162414,100.0
3790,0,40.7532352415422,40.7532352415422,100.0
3790,1,41.87194004262324,41.87194004262324,100.0
3790,2,17.374824715834556,17.374824715834556,100.0
3800,0,61.846041012534194,61.846041012534194,100.0
3800,1,14.454039847398054,14.454039847398054,100.0
3800,2,23.699919140067756,23.699919140067756,100.0
3810,0,12.84959464340134,12.84959464340134,100.0
3810,1,11.1098845169079,11.1098845169079,100.0
3810,2,76.04052083969076,76.04052083969076,100.0
3820,0,70.2153103717718,70.2153103717718,100.0
3820,1,16.584253365699862,16.584253365699862,100.0
3820,2,13.200436262528337,13.200436262528337,100.0
3830,0,28.10041771917282,28.10041771917282,100.0
3830,1,19.189315160075452,19.189315160075452,100.0
3830,2,52.71026712075173,52.71026712075173,100.0
3840,0,33.276671989020215,33.276671989020215,100.0
3840,1,31.301497687883344,31.301497687883344,100.0
3840,2,35.42183032309645,35.42183032309645,100.0
3850,0,44.08142629525096,44.08142629525096,100.0
3850,1,11.407344375783147,11.407344375783147,100.0
3850,2,44.511229328965904,44.511229328965904,100.0
3860,0,10.85285886442053,10.85285886442053,100.0
3860,1,13.392386359094594,13.392386359094594,100.0
3860,2,75.75475477648487,75.75475477648487,100.0
3870,0,14.060245399943247,14.060245399943247,100.0
3870,1,10.97176557844713,10.97176557844713,100.0
3870,2,74.96798902160963,74.96798902160963,100.0
3880,0,18.795426100628518,18.795426100628518,100.0
3880,1,41.19964905827271,41.19964905827271,100.0
3880,2,40.00492484109876,40.00492484109876,100.0
3890,0,35.80815064605495,35.80815064605495,100.0
3890,1,35.683756369706245,35.683756369706245,100.0
3890,2,28.508092984238814,28.508092984238814,100.0
3900,0,43.85811252293948,43.85811252293948,100.0
3900,1,8.594952599142486,8.594952599142486,100.0
3900,2,47.54693487791805,47.54693487791805,100.0
3910,0,45.440019483439855,45.440019483439855,100.0
3910,1,44.48418958067459,44.48418958067459,100.0
3910,2,10.075790935885568,10.075790935885568,100.0
3920,0,41.420183472814,41.420183472814,100.0
3920,1,21.42466852654536,21.42466852654536,100.0
3920,2,37.15514800064064,37.15514800064064,100.0
3930,0,11.975385102260837,11.975385102260837,100.0
3930,1,12.42758537489921,12.42758537489921,100.0
3930,2,75.59702952283996,75.59702952283996,100.0
3940,0,40.13256860643438,40.13256860643438,100.0
3940,1,12.258487308814571,12.258487308814571,100.0
3940,2,47.608944084751045,47.608944084751045,100.0
3950,0,13.313296698291902,13.313296698291902,100.0
3950,1,13.925719245104979,13.925719245104979,100.0
3950,2,72.76098405660314,72.76098405660314,100.0
3960,0,24.991091337469058,24.991091337469058,100.0
3960,1,56.3198378632477,56.3198378632477,100.0
3960,2,18.689070799283254,18.689070799283254,100.0
3970,0,53.83591008964225,53.83591008964225,100.0
3970,1,12.15227671706822,12.15227671706822,100.0
3970,2,34.01181319328953,34.01181319328953,100.0
3980,0,16.224912726208895,16.224912726208895,100.0
3980,1,26.840675556824028,26.840675556824028,100.0
3980,2,56.93441171696707,56.93441171696707,100.0
3990,0,11.120256130751974,11.120256130751974,100.0
3990,1,11.166930092821021,11.166930092821021,100.0
3990,2,77.712813776427,77.712813776427,100.0
4000,0,55.16400758936758,55.16400758936758,100.0
4000,1,19.35692739199953,19.35692739199953,100.0
4000,2,25.479065018632884,25.479065018632884,100.0
4010,0,61.26363674891153,61.26363674891153,100.0
4010,1,11.942759574521885,11.942759574521885,100.0
4010,2,26.793603676566587,26.793603676566587,100.0
4020,0,52.849907961931606,52.849907961931606,100.0
4020,1,8.201360127985593,8.201360127985593,100.0
4020,2,38.9487319100828,38.9487319100828,100.0
4030,0,25.149102368729757,25.149102368729757,100.0
4030,1,14.487002653370313,14.487002653370313,100.0
4030,2,60.36389497789993,60.36389497789993,100.0
4040,0,54.29589641656598,54.29589641656598,100.0
4040,1,25.34946405509151,25.34946405509151,100.0
4040,2,20.354639528342528,20.354639528342528,100.0
4050,0,12.794442527331457,12.794442527331457,100.0
4050,1,11.497540637539345,11.497540637539345,100.0
4050,2,75.70801683512921,75.70801683512921,100.0
4060,0,50.9210423671129,50.9210423671129,100.0
4060,1,12.822395190702709,12.822395190702709,100.0
4060,2,36.25656244218439,36.25656244218439,100.0
4070,0,30.02959828925781,30.02959828925781,100.0
4070,1,12.685573105789375,12.685573105789375,100.0
4070,2,57.28482860495282,57.28482860495282,100.0
4080,0,32.143118846599954,32.143118846599954,100.0
4080,1,14.407419435585211,14.407419435585211,100.0
4080,2,53.44946171781483,53.44946171781483,100.0
4090,0,35.46276257396071,35.46276257396071,100.0
4090,1,10.76203982103405,10.76203982103405,100.0
4090,2,53.775197605005246,53.775197605005246,100.0
4100,0,64.24369739142463,64.24369739142463,100.0
4100,1,12.552427074029213,12.552427074029213,100.0
4100,2,23.203875534546167,23.203875534546167,100.0
4110,0,14.786651855745314,14.786651855745314,100.0
4110,1,11.665218479550626,11.665218479550626,100.0
4110,2,73.54812966470405,73.54812966470405,100.0
4120,0,46.69146076492897,46.69146076492897,100.0
4120,1,22.578373123192552,22.578373123192552,100.0
4120,2,30.73016611187847,30.73016611187847,100.0
4130,0,23.213807807474137,23.213807807474137,100.0
4130,1,28.461432094630357,28.461432094630357,100.0
4130,2,48.32476009789551,48.32476009789551,100.0
4140,0,20.882426191918547,20.882426191918547,100.0
4140,1,15.881907937625368,15.881907937625368,100.0
4140,2,63.235665870456096,63.235665870456096,100.0
4150,0,36.30865558974094,36.30865558974094,100.0
4150,1,27.207702667355267,27.207702667355267,100.0
4150,2,36.483641742903785,36.483641742903785,100.0
4160,0,50.123982410493305,50.123982410493305,100.0
4160,1,39.87957678641044,39.87957678641044,100.0
4160,2,9.99644080309626,9.99644080309626,100.0
4170,0,11.487566073186278,11.487566073186278,100.0
4170,1,13.421364280191868,13.421364280191868,100.0
4170,2,75.09106964662186,75.09106964662186,100.0
4180,0,18.55560088325456,18.55560088325456,100.0
4180,1,60.26567176824522,60.26567176824522,100.0
4180,2,21.178727348500225,21.178727348500225,100.0
4190,0,34.55237307801978,34.55237307801978,100.0
4190,1,10.890938246472725,10.890938246472725,100.0
4190,2,54.556688675507495,54.556688675507495,100.0
4200,0,34.415599676181145,34.415599676181145,100.0
4200,1,17.026131597081985,17.026131597081985,100.0
4200,2,48.55826872673688,48.55826872673688,100.0
4210,0,38.72893194856864,38.72893194856864,100.0
4210,1,33.95334278675079,33.95334278675079,100.0
4210,2,27.31772526468057,27.31772526468057,100.0
4220,0,28.031662719575095,28.031662719575095,100.0
4220,1,17.9469257828312,17.9469257828312,100.0
4220,2,54.02141149759371,54.02141149759371,100.0
4230,0,10.239802744697757,10.239802744697757,100.0
4230,1,16.195089141637915,16.195089141637915,100.0
4230,2,73.56510811366434,73.56510811366434,100.0
4240,0,59.88136953585771,59.88136953585771,100.0
4240,1,15.846607568723122,15.846607568723122,100.0
4240,2,24.27202289541917,24.27202289541917,100.0
4250,0,74.41597949225566,74.41597949225566,100.0
4250,1,12.443101766786606,12.443101766786606,100.0
4250,2,13.140918740957735,13.140918740957735,100.0
4260,0,31.411078608036437,31.411078608036437,100.0
4260,1,33.765829000609074,33.765829000609074,100.0
4260,2,34.82309239135448,34.82309239135448,100.0
4270,0,33.48920515280478,33.48920515280478,100.0
4270,1,26.14691835050466,26.14691835050466,100.0
4270,2,40.36387649669057,40.36387649669057,100.0
4280,0,49.52705862511524,49.52705862511524,100.0
4280,1,18.63397109533082,18.63397109533082,100.0
4280,2,31.838970279553948,31.838970279553948,100.0
4290,0,12.577809550521465,12.577809550521465,100.0
4290,1,13.255423183167986,13.255423183167986,100.0
4290,2,74.16676726631056,74.16676726631056,100.0
4300,0,44.3144726753265,44.3144726753265,100.0
4300,1,40.754698391264185,40.754698391264185,100.0
4300,2,14.930828933409318,14.930828933409318,100.0
4310,0,55.856030185204695,55.856030185204695,100.0
4310,1,22.412008490682794,22.412008490682794,100.0
4310,2,21.73196132411251,21.73196132411251,100.0
4320,0,30.267532768891304,30.267532768891304,100.0
4320,1,26.11594402999373,26.11594402999373,100.0
4320,2,43.61652320111496,43.61652320111496,100.0
4330,0,47.00005153021889,47.00005153021889,100.0
4330,1,39.64070520097357,39.64070520097357,100.0
4330,2,13.359243268807544,13.359243268807544,100.0
4340,0,46.49152283978666,46.49152283978666,100.0
4340,1,33.17561608849229,33.17561608849229,100.0
4340,2,20.33286107172104,20.33286107172104,100.0
4350,0,13.02607386447229,13.02607386447229,100.0
4350,1,12.488763196037631,12.488763196037631,100.0
4350,2,74.48516293949008,74.48516293949008,100.0
4360,0,58.423862657366065,58.423862657366065,100.0
4360,1,15.023770626348334,15.023770626348334,100.0
4360,2,26.552366716285608,26.552366716285608,100.0
4370,0,60.73544695152946,60.73544695152946,100.0
4370,1,18.49131620291213,18.49131620291213,100.0
4370,2,20.77323684555842,20.77323684555842,100.0
4380,0,46.248887241587724,46.248887241587724,100.0
4380,1,28.32658376395721,28.32658376395721,100.0
4380,2,25.42452899445507,25.42452899445507,100.0
4390,0,50.12971728223968,50.12971728223968,100.0
4390,1,33.06906677674783,33.06906677674783,100.0
4390,2,16.801215941012497,16.801215941012497,100.0
4400,0,42.83359326310866,42.83359326310866,100.0
4400,1,27.848749191598408,27.848749191598408,100.0
4400,2,29.317657545292924,29.317657545292924,100.0
4410,0,12.791735772895429,12.791735772895429,100.0
4410,1,11.606802587650742,11.606802587650742,100.0
4410,2,75.60146163945383,75.60146163945383,100.0
4420,0,36.00698835680488,36.00698835680488,100.0
4420,1,20.675083490539773,20.675083490539773,100.0
4420,2,43.31792815265534,43.31792815265534,100.0
4430,0,48.38320660387693,48.38320660387693,100.0
4430,1,19.54058974538399,19.54058974538399,100.0
4430,2,32.07620365073909,32.07620365073909,100.0
4440,0,35.552192412175984,35.552192412175984,100.0
4440,1,12.417963403544432,12.417963403544432,100.0
4440,2,52.0298441842796,52.0298441842796,100.0
4450,0,25.866966386226203,25.866966386226203,100.0
4450,1,22.259831706956863,22.259831706956863,100.0
4450,2,51.87320190681694,51.87320190681694,100.0
4460,0,18.301473374601137,18.301473374601137,100.0
4460,1,18.730964272153297,18.730964272153297,100.0
4460,2,62.96756235324557,62.96756235324557,100.0
4470,0,10.753518341492644,10.753518341492644,100.0
4470,1,11.404871629881239,11.404871629881239,100.0
4470,2,77.84161002862612,77.84161002862612,100.0
4480,0,45.05403541466388,45.05403541466388,100.0
4480,1,35.531133751463024,35.531133751463024,100.0
4480,2,19.414830833873097,19.414830833873097,100.0
4490,0,45.309111151447695,45.309111151447695,100.0
4490,1,10.440813334088874,10.440813334088874,100.0
4490,2,44.25007551446343,44.25007551446343,100.0
4500,0,14.256527178665463,14.256527178665463,100.0
4500,1,63.8494041423108,63.8494041423108,100.0
4500,2,21.894068679023725,21.894068679023725,100.0
4510,0,60.048684095954506,60.048684095954506,100.0
4510,1,19.591919578947532,19.591919578947532,100.0
4510,2,20.35939632509797,20.35939632509797,100.0
4520,0,24.237277177177894,24.237277177177894,100.0
4520,1,38.03143115922596,38.03143115922596,100.0
4520,2,37.731291663596146,37.731291663596146,100.0
4530,0,11.604746669924355,11.604746669924355,100.0
4530,1,14.697867275881569,14.697867275881569,100.0
4530,2,73.69738605419408,73.69738605419408,100.0
4540,0,74.38307872182938,74.38307872182938,100.0
4540,1,11.958718936686601,11.958718936686601,100.0
4540,2,13.658202341484035,13.658202341484035,100.0
4550,0,47.07142416120993,47.07142416120993,100.0
4550,1,27.44484196693196,27.44484196693196,100.0
4550,2,25.48373387185812,25.48373387185812,100.0
4560,0,44.47864450780555,44.47864450780555,100.0
4560,1,20.79223049801341,20.79223049801341,100.0
4560,2,34.729124994181035,34.729124994181035,100.0
4570,0,44.63233943922927,44.63233943922927,100.0
4570,1,32.67344503890895,32.67344503890895,100.0
4570,2,22.694215521861782,22.694215521861782,100.0
4580,0,20.244033745234944,20.244033745234944,100.0
4580,1,61.07056389384526,61.07056389384526,100.0
4580,2,18.685402360919788,18.685402360919788,100.0
4590,0,12.730423850489005,12.730423850489005,100.0
4590,1,11.236708671045196,11.236708671045196,100.0
4590,2,76.0328674784658,76.0328674784658,100.0
4600,0,65.84346246635691,65.84346246635691,100.0
4600,1,16.134273105704462,16.134273105704462,100.0
4600,2,18.022264427938627,18.022264427938627,100.0
4610,0,52.927571119851294,52.927571119851294,100.0
4610,1,26.91877244982832,26.91877244982832,100.0
4610,2,20.153656430320403,20.153656430320403,100.0
4620,0,47.396649902990376,47.396649902990376,100.0
4620,1,15.444678358407426,15.444678358407426,100.0
4620,2,37.15867173860219,37.15867173860219,100.0
4630,0,47.04642585070483,47.04642585070483,100.0
4630,1,39.99060176913641,39.99060176913641,100.0
4630,2,12.962972380158758,12.962972380158758,100.0
4640,0,56.950554602938475,56.950554602938475,100.0
4640,1,16.66283075038342,16.66283075038342,100.0
4640,2,26.386614646678098,26.386614646678098,100.0
4650,0,13.22362725830262,13.22362725830262,100.0
4650,1,14.09988011982614,14.09988011982614,100.0
4650,2,72.67649262187125,72.67649262187125,100.0
4660,0,25.292293530924916,25.292293530924916,100.0
4660,1,49.39828301381442,49.39828301381442,100.0
4660,2,25.309423455260678,25.309423455260678,100.0
4670,0,44.83414434597087,44.83414434597087,100.0
4670,1,36.90120653120444,36.90120653120444,100.0
4670,2,18.264649122824697,18.264649122824697,100.0
4680,0,14.304209387358707,14.304209387358707,100.0
4680,1,52.54163435282887,52.54163435282887,100.0
4680,2,33.154156259812424,33.154156259812424,100.0
4690,0,38.194226163773784,38.194226163773784,100.0
4690,1,38.829205025035506,38.829205025035506,100.0
4690,2,22.9765688111907,22.9765688111907,100.0
4700,0,40.77185807359614,40.77185807359614,100.0
4700,1,16.62700178376386,16.62700178376386,100.0
4700,2,42.601140142639984,42.601140142639984,100.0
4710,0,13.037214759781762,13.037214759781762,100.0
4710,1,14.544734179266461,14.544734179266461,100.0
4710,2,72.41805106095178,72.41805106095178,100.0
4720,0,28.93550832742171,28.93550832742171,100.0
4720,1,29.975658591795924,29.975658591795924,100.0
4720,2,41.088833080782365,41.088833080782365,100.0
4730,0,53.74561232369408,53.74561232369408,100.0
4730,1,35.85362650007753,35.85362650007753,100.0
4730,2,10.40076117622839,10.40076117622839,100.0
4740,0,36.62331539743563,36.62331539743563,100.0
4740,1,34.04470931243599,34.04470931243599,100.0
4740,2,29.33197529012838,29.33197529012838,100.0
4750,0,48.461953952054685,48.461953952054685,100.0
4750,1,12.921517261412754,12.921517261412754,100.0
4750,2,38.616528786532555,38.616528786532555,100.0
4760,0,55.06866395460116,55.06866395460116,100.0
4760,1,34.88791772147648,34.88791772147648,100.0
4760,2,10.04341832392237,10.04341832392237,100.0
4770,0,12.429355341187629,12.429355341187629,100.0
4770,1,11.754814109032283,11.754814109032283,100.0
4770,2,75.81583054978009,75.81583054978009,100.0
4780,0,23.562131392383105,23.562131392383105,100.0
4780,1,41.31814877866517,41.31814877866517,100.0
4780,2,35.11971982895173,35.11971982895173,100.0
4790,0,22.785727677822514,22.785727677822514,100.0
4790,1,29.13078272846194,29.13078272846194,100.0
4790,2,48.08348959371554,48.08348959371554,100.0
4800,0,48.64681519012892,48.64681519012892,100.0
4800,1,18.604810374212832,18.604810374212832,100.0
4800,2,32.74837443565825,32.74837443565825,100.0
4810,0,56.49320710130213,56.49320710130213,100.0
4810,1,26.42327548781287,26.42327548781287,100.0
4810,2,17.08351741088499,17.08351741088499,100.0
4820,0,30.21279608788085,30.21279608788085,100.0
4820,1,22.550252088646534,22.550252088646534,100.0
4820,2,47.23695182347262,47.23695182347262,100.0
4830,0,13.510760699594632,13.510760699594632,100.0
4830,1,10.609790053898728,10.609790053898728,100.0
4830,2,75.87944924650665,75.87944924650665,100.0
4840,0,19.470679016501627,19.470679016501627,100.0
4840,1,11.071085098405357,11.071085098405357,100.0
4840,2,69.45823588509302,69.45823588509302,100.0
4850,0,47.017341364171706,47.017341364171706,100.0
4850,1,21.331365195226084,21.331365195226084,100.0
4850,2,31.651293440602203,31.651293440602203,100.0
4860,0,29.6925609275412,29.6925609275412,100.0
4860,1,46.60703875404976,46.60703875404976,100.0
4860,2,23.70040031840904,23.70040031840904,100.0
4870,0,39.318874289520096,39.318874289520096,100.0
4870,1,27.091693789632025,27.091693789632025,100.0
4870,2,33.58943192084787,33.58943192084787,100.0
4880,0,28.561996572230434,28.561996572230434,100.0
4880,1,20.311146474255466,20.311146474255466,100.0
4880,2,51.1268569535141,51.1268569535141,100.0
4890,0,10.783173820165109,10.783173820165109,100.0
4890,1,11.160367267247993,11.160367267247993,100.0
4890,2,78.05645891258689,78.05645891258689,100.0
4900,0,35.11747904474485,35.11747904474485,100.0
4900,1,46.5004049149655,46.5004049149655,100.0
4900,2,18.382116040289663,18.382116040289663,100.0
4910,0,55.546128737714525,55.546128737714525,100.0
4910,1,20.528901761614076,20.528901761614076,100.0
4910,2,23.9249695006714,23.9249695006714,100.0
4920,0,33.234374282125614,33.234374282125614,100.0
4920,1,36.31935549023277,36.31935549023277,100.0
4920,2,30.44627022764161,30.44627022764161,100.0
4930,0,35.79990712593415,35.79990712593415,100.0
4930,1,19.94165335201368,19.94165335201368,100.0
4930,2,44.258439522052186,44.258439522052186,100.0
4940,0,58.42858178379675,58.42858178379675,100.0
4940,1,12.183254406773266,12.183254406773266,100.0
4940,2,29.38816380942998,29.38816380942998,100.0
4950,0,19.60445181663125,19.60445181663125,100.0
4950,1,12.759896991225236,12.759896991225236,100.0
4950,2,67.63565119214351,67.63565119214351,100.0
4960,0,38.99264514928384,38.99264514928384,100.0
4960,1,43.23828906229974,43.23828906229974,100.0
4960,2,17.76906578841642,17.76906578841642,100.0
4970,0,56.021964705014504,56.021964705014504,100.0
4970,1,9.816706017105908,9.816706017105908,100.0
4970,2,34.1613292778796,34.1613292778796,100.0
4980,0,64.71023514286473,64.71023514286473,100.0
4980,1,10.578615061832481,10.578615061832481,100.0
4980,2,24.71114979530279,24.71114979530279,100.0
4990,0,40.13303063775087,40.13303063775087,100.0
4990,1,21.40384127842013,21.40384127842013,100.0
4990,2,38.463128083828984,38.463128083828984,100.0
5000,0,23.48858339239378,23.48858339239378,100.0
5000,1,56.46755203921459,56.46755203921459,100.0
5000,2,20.043864568391633,20.043864568391633,100.0
5010,0,11.002831653278413,11.002831653278413,100.0
5010,1,10.821249649203873,10.821249649203873,100.0
5010,2,78.17591869751772,78.17591869751772,100.0
5020,0,45.237246967650236,45.237246967650236,100.0
5020,1,8.921487635882727,8.921487635882727,100.0
5020,2,45.84126539646704,45.84126539646704,100.0
5030,0,28.161733014797992,28.161733014797992,100.0
5030,1,37.292723952005616,37.292723952005616,100.0
5030,2,34.54554303319639,34.54554303319639,100.0
5040,0,41.14721675886251,41.14721675886251,100.0
5040,1,38.532635049567794,38.532635049567794,100.0
5040,2,20.320148191569682,20.320148191569682,100.0
5050,0,49.76070969986028,49.76070969986028,100.0
5050,1,22.722489034438002,22.722489034438002,100.0
5050,2,27.516801265701712,27.516801265701712,100.0
5060,0,50.336185558270095,50.336185558270095,100.0
5060,1,23.331858479325508,23.331858479325508,100.0
5060,2,26.3319559624044,26.3319559624044,100.0
5070,0,11.45445854326951,11.45445854326951,100.0
5070,1,11.295997816740583,11.295997816740583,100.0
5070,2,77.24954363998991,77.24954363998991,100.0
5080,0,21.86898812055091,21.86898812055091,100.0
5080,1,21.160093350361276,21.160093350361276,100.0
5080,2,56.97091852908781,56.97091852908781,100.0
5090,0,53.53734792063636,53.53734792063636,100.0
5090,1,27.577919095345838,27.577919095345838,100.0
5090,2,18.884732984017802,18.884732984017802,100.0
5100,0,32.435044886891056,32.435044886891056,100.0
5100,1,18.453226836113878,18.453226836113878,100.0
5100,2,49.11172827699507,49.11172827699507,100.0
5110,0,28.506447234429462,28.506447234429462,100.0
5110,1,20.759938718243458,20.759938718243458,100.0
5110,2,50.73361404732708,50.73361404732708,100.0
5120,0,33.3776842367691,33.3776842367691,100.0
5120,1,35.29028839279025,35.29028839279025,100.0
5120,2,31.332027370440652,31.332027370440652,100.0
5130,0,11.685764143257746,11.685764143257746,100.0
5130,1,11.883044798484127,11.883044798484127,100.0
5130,2,76.43119105825814,76.43119105825814,100.0
5140,0,30.504270867113686,30.504270867113686,100.0
5140,1,20.083161593925812,20.083161593925812,100.0
5140,2,49.41256753896051,49.41256753896051,100.0
5150,0,23.307554600954028,23.307554600954028,100.0
5150,1,16.568279872650386,16.568279872650386,100.0
5150,2,60.124165526395586,60.124165526395586,100.0
5160,0,31.03644386109551,31.03644386109551,100.0
5160,1,42.15420464182164,42.15420464182164,100.0
5160,2,26.809351497082858,26.809351497082858,100.0
5170,0,44.070099940627664,44.070099940627664,100.0
5170,1,7.746570700167589,7.746570700167589,100.0
5170,2,48.18332935920475,48.18332935920475,100.0
5180,0,18.918847270928268,18.918847270928268,100.0
5180,1,53.5788266529575,53.5788266529575,100.0
5180,2,27.502326076114237,27.502326076114237,100.0
5190,0,11.660290889120196,11.660290889120196,100.0
5190,1,12.950273485113218,12.950273485113218,100.0
5190,2,75.3894356257666,75.3894356257666,100.0
5200,0,16.687527490045653,16.687527490045653,100.0
5200,1,38.50288349059411,38.50288349059411,100.0
5200,2,44.80958901936024,44.80958901936024,100.0
5210,0,67.89781969084616,67.89781969084616,100.0
5210,1,11.379244771123242,11.379244771123242,100.0
5210,2,20.7229355380306,20.7229355380306,100.0
5220,0,61.082943813545235,61.082943813545235,100.0
5220,1,19.728221431148786,19.728221431148786,100.0
5220,2,19.188834755305983,19.188834755305983,100.0
5230,0,54.35641440739648,54.35641440739648,100.0
5230,1,36.835823533773485,36.835823533773485,100.0
5230,2,8.807762058830034,8.807762058830034,100.0
5240,0,39.9476627199241,39.9476627199241,100.0
5240,1,42.64423596627233,42.64423596627233,100.0
5240,2,17.408101313803577,17.408101313803577,100.0
5250,0,14.765652688097052,14.765652688097052,100.0
5250,1,10.7662547828475,10.7662547828475,100.0
5250,2,74.46809252905545,74.46809252905545,100.0
5260,0,54.468922348894075,54.468922348894075,100.0
5260,1,23.49320427860816,23.49320427860816,100.0
5260,2,22.037873372497767,22.037873372497767,100.0
5270,0,73.10853875978576,73.10853875978576,100.0
5270,1,12.9345422444248,12.9345422444248,100.0
5270,2,13.956918995789444,13.956918995789444,100.0
5280,0,35.60018810830245,35.60018810830245,100.0
5280,1,17.150394261666158,17.150394261666158,100.0
5280,2,47.249417630031395,47.249417630031395,100.0
5290,0,51.51406190014518,51.51406190014518,100.0
5290,1,8.97101260498922,8.97101260498922,100.0
5290,2,39.5149254948656,39.5149254948656,100.0
5300,0,27.066388581586953,27.066388581586953,100.0
5300,1,45.94903936113604,45.94903936113604,100.0
5300,2,26.984572057277017,26.984572057277017,100.0
5310,0,10.617405669915199,10.617405669915199,100.0
5310,1,14.91056540204689,14.91056540204689,100.0
5310,2,74.47202892803791,74.47202892803791,100.0
5320,0,16.696079455252228,16.696079455252228,100.0
5320,1,57.0288183268978,57.0288183268978,100.0
5320,2,26.275102217849977,26.275102217849977,100.0
5330,0,52.99005970681565,52.99005970681565,100.0
5330,1,30.76434705218507,30.76434705218507,100.0
5330,2,16.245593240999288,16.245593240999288,100.0
5340,0,29.014196049524987,29.014196049524987,100.0
5340,1,14.588789413522088,14.588789413522088,100.0
5340,2,56.39701453695293,56.39701453695293,100.0
5350,0,44.605076108525495,44.605076108525495,100.0
5350,1,14.115144601445031,14.115144601445031,100.0
5350,2,41.27977929002947,41.27977929002947,100.0
5360,0,30.771758156509303,30.771758156509303,100.0
5360,1,44.238748681364434,44.238748681364434,100.0
5360,2,24.989493162126266,24.989493162126266,100.0
5370,0,19.882152272450565,19.882152272450565,100.0
5370,1,17.24188209527482,17.24188209527482,100.0
5370,2,62.87596563227462,62.87596563227462,100.0
5380,0,39.97901959015614,39.97901959015614,100.0
5380,1,45.05759821420112,45.05759821420112,100.0
5380,2,14.963382195642733,14.963382195642733,100.0
5390,0,49.06780463601178,49.06780463601178,100.0
5390,1,32.92473277002842,32.92473277002842,100.0
5390,2,18.0074625939598,18.0074625939598,100.0
5400,0,36.3922796613659,36.3922796613659,100.0
5400,1,17.233624264564344,17.233624264564344,100.0
5400,2,46.37409607406976,46.37409607406976,100.0
5410,0,39.963572962498844,39.963572962498844,100.0
5410,1,35.74409784200807,35.74409784200807,100.0
5410,2,24.292329195493096,24.292329195493096,100.0
5420,0,25.54808468292108,25.54808468292108,100.0
5420,1,20.50500645534199,20.50500645534199,100.0
5420,2,53.94690886173693,53.94690886173693,100.0
5430,0,11.262304067392625,11.262304067392625,100.0
5430,1,11.126916532823811,11.126916532823811,100.0
5430,2,77.61077939978355,77.61077939978355,100.0
5440,0,61.79066454378429,61.79066454378429,100.0
5440,1,15.160211477552144,15.160211477552144,100.0
5440,2,23.04912397866357,23.04912397866357,100.0
5450,0,45.55763527316259,45.55763527316259,100.0
5450,1,25.196418060225152,25.196418060225152,100.0
5450,2,29.24594666661226,29.24594666661226,100.0
5460,0,45.7526284890044,45.7526284890044,100.0
5460,1,28.887989861248403,28.887989861248403,100.0
5460,2,25.3593816497472,25.3593816497472,100.0
5470,0,28.977085033591926,28.977085033591926,100.0
5470,1,48.585339104421784,48.585339104421784,100.0
5470,2,22.437575861986296,22.437575861986296,100.0
5480,0,13.326753957836587,13.326753957836587,100.0
5480,1,25.731395529165933,25.731395529165933,100.0
5480,2,60.941850512997476,60.941850512997476,100.0
5490,0,11.082533689354149,11.082533689354149,100.0
5490,1,11.354446738969823,11.354446738969823,100.0
5490,2,77.56301957167602,77.56301957167602,100.0
5500,0,17.89615337190707,17.89615337190707,100.0
5500,1,24.908774228933687,24.908774228933687,100.0
5500,2,57.19507239915925,57.19507239915925,100.0
5510,0,46.17949493599035,46.17949493599035,100.0
5510,1,33.655234595468535,33.655234595468535,100.0
5510,2,20.165270468541124,20.165270468541124,100.0
5520,0,46.79814881065901,46.79814881065901,100.0
5520,1,27.83405483591125,27.83405483591125,100.0
5520,2,25.36779635342975,25.36779635342975,100.0
5530,0,35.598198243103106,35.598198243103106,100.0
5530,1,27.33766368500852,27.33766368500852,100.0
5530,2,37.06413807188838,37.06413807188838,100.0
5540,0,44.86650712089788,44.86650712089788,100.0
5540,1,22.22477218793894,22.22477218793894,100.0
5540,2,32.90872069116318,32.90872069116318,100.0
5550,0,12.172608074666178,12.172608074666178,100.0
5550,1,10.996756389730166,10.996756389730166,100.0
5550,2,76.83063553560365,76.83063553560365,100.0
5560,0,32.97390350228438,32.97390350228438,100.0
5560,1,32.231077913361084,32.231077913361084,100.0
5560,2,34.79501858435453,34.79501858435453,100.0
5570,0,52.58606313649379,52.58606313649379,100.0
5570,1,26.544840267389848,26.544840267389848,100.0
5570,2,20.86909659611638,20.86909659611638,100.0
5580,0,48.840006210626576,48.840006210626576,100.0
5580,1,39.018241671041324,39.018241671041324,100.0
5580,2,12.141752118332093,12.141752118332093,100.0
5590,0,63.55170532117055,63.55170532117055,100.0
5590,1,13.191682768009638,13.191682768009638,100.0
5590,2,23.256611910819814,23.256611910819814,100.0
5600,0,60.55823458798426,60.55823458798426,100.0
5600,1,27.4515500304162,27.4515500304162,100.0
5600,2,11.990215381599544,11.990215381599544,100.0
5610,0,14.380184861294222,14.380184861294222,100.0
5610,1,13.6273794459049,13.6273794459049,100.0
5610,2,71.99243569280088,71.99243569280088,100.0
5620,0,45.8291652869505,45.8291652869505,100.0
5620,1,45.25526205538689,45.25526205538689,100.0
5620,2,8.9155726576626,8.9155726576626,100.0
5630,0,40.88704302081737,40.88704302081737,100.0
5630,1,49.208458288074894,49.208458288074894,100.0
5630,2,9.904498691107737,9.904498691107737,100.0
5640,0,42.513469940455735,42.513469940455735,100.0
5640,1,20.574629360963144,20.574629360963144,100.0
5640,2,36.91190069858112,36.91190069858112,100.0
5650,0,53.21444764490789,53.21444764490789,100.0
5650,1,9.84887400891823,9.84887400891823,100.0
5650,2,36.936678346173885,36.936678346173885,100.0
5660,0,39.39939267714168,39.39939267714168,100.0
5660,1,27.900797955657573,27.900797955657573,100.0
5660,2,32.69980936720075,32.69980936720075,100.0
5670,0,12.673823398307663,12.673823398307663,100.0
5670,1,14.754875866240885,14.754875866240885,100.0
5670,2,72.57130073545144,72.57130073545144,100.0
5680,0,42.743774015572015,42.743774015572015,100.0
5680,1,15.108720206299402,15.108720206299402,100.0
5680,2,42.147505778128576,42.147505778128576,100.0
5690,0,51.11134583013646,51.11134583013646,100.0
5690,1,22.535325920408596,22.535325920408596,100.0
5690,2,26.35332824945494,26.35332824945494,100.0
5700,0,48.43759437341349,48.43759437341349,100.0
5700,1,11.707281184363913,11.707281184363913,100.0
5700,2,39.8551244422226,39.8551244422226,100.0
5710,0,68.10948282774693,68.10948282774693,100.0
5710,1,17.23709193665324,17.23709193665324,100.0
5710,2,14.653425235599837,14.653425235599837,100.0
5720,0,34.68027161391058,34.68027161391058,100.0
5720,1,44.84379616056096,44.84379616056096,100.0
5720,2,20.475932225528464,20.475932225528464,100.0
5730,0,11.167145645955936,11.167145645955936,100.0
5730,1,11.558952564605187,11.558952564605187,100.0
5730,2,77.27390178943888,77.27390178943888,100.0
5740,0,49.87801671605578,49.87801671605578,100.0
5740,1,15.300642056784804,15.300642056784804,100.0
5740,2,34.821341227159415,34.821341227159415,100.0
5750,0,29.688776996034672,29.688776996034672,100.0
5750,1,36.690525455168896,36.690525455168896,100.0
5750,2,33.620697548796436,33.620697548796436,100.0
5760,0,19.62469261672419,19.62469261672419,100.0
5760,1,50.35231390529582,50.35231390529582,100.0
5760,2,30.02299347798,30.02299347798,100.0
5770,0,32.04519106335362,32.04519106335362,100.0
5770,1,31.109923051736743,31.109923051736743,100.0
5770,2,36.844885884909644,36.844885884909644,100.0
5780,0,37.494146048954015,37.494146048954015,100.0
5780,1,47.48931813561018,47.48931813561018,100.0
5780,2,15.016535815435805,15.016535815435805,100.0
5790,0,11.22000049351682,11.22000049351682,100.0
5790,1,14.519564749751481,14.519564749751481,100.0
5790,2,74.2604347567317,74.2604347567317,100.0
5800,0,14.331436928198668,14.331436928198668,100.0
5800,1,11.124121545032182,11.124121545032182,100.0
5800,2,74.54444152676915,74.54444152676915,100.0
5810,0,29.338179765770867,29.338179765770867,100.0
5810,1,30.867712594120373,30.867712594120373,100.0
5810,2,39.79410764010877,39.79410764010877,100.0
5820,0,70.15558632158124,70.15558632158124,100.0
5820,1,14.965780919520716,14.965780919520716,100.0
5820,2,14.87863275889805,14.87863275889805,100.0
5830,0,26.053908137699654,26.053908137699654,100.0
5830,1,38.84861565048853,38.84861565048853,100.0
5830,2,35.09747621181181,35.09747621181181,100.0
5840,0,36.252941576208414,36.252941576208414,100.0
5840,1,38.30782489247389,38.30782489247389,100.0
5840,2,25.4392335313177,25.4392335313177,100.0
5850,0,11.205022487514146,11.205022487514146,100.0
5850,1,12.117244087552685,12.117244087552685,100.0
5850,2,76.67773342493317,76.67773342493317,100.0
5860,0,23.930490691791583,23.930490691791583,100.0
5860,1,19.18277639589062,19.18277639589062,100.0
5860,2,56.8867329123178,56.8867329123178,100.0
5870,0,12.638018592463048,12.638018592463048,100.0
5870,1,60.81193156917792,60.81193156917792,100.0
5870,2,26.55004983835902,26.55004983835902,100.0
5880,0,40.41276143570112,40.41276143570112,100.0
5880,1,17.285745287276093,17.285745287276093,100.0
5880,2,42.30149327702279,42.30149327702279,100.0
5890,0,12.38182443501675,12.38182443501675,100.0
5890,1,32.346267681479944,32.346267681479944,100.0
5890,2,55.2719078835033,55.2719078835033,100.0
5900,0,38.83886115431297,38.83886115431297,100.0
5900,1,40.18661933739196,40.18661933739196,100.0
5900,2,20.97451950829507,20.97451950829507,100.0
5910,0,11.087702210559277,11.087702210559277,100.0
5910,1,11.70332191210875,11.70332191210875,100.0
5910,2,77.20897587733198,77.20897587733198,100.0
5920,0,27.68803907370114,27.68803907370114,100.0
5920,1,40.891515640225336,40.891515640225336,100.0
5920,2,31.42044528607353,31.42044528607353,100.0
5930,0,12.89744174367797,12.89744174367797,100.0
5930,1,42.93086159426129,42.93086159426129,100.0
5930,2,44.17169666206075,44.17169666206075,100.0
5940,0,52.37277718094767,52.37277718094767,100.0
5940,1,38.20945109875409,38.20945109875409,100.0
5940,2,9.417771720298237,9.417771720298237,100.0
5950,0,37.2859259577285,37.2859259577285,100.0
5950,1,16.166284796599143,16.166284796599143,100.0
5950,2,46.54778924567235,46.54778924567235,100.0
5960,0,43.9479087853179,43.9479087853179,100.0
5960,1,35.59854081230579,35.59854081230579,100.0
5960,2,20.453550402376315,20.453550402376315,100.0
5970,0,11.245286296389965,11.245286296389965,100.0
5970,1,12.01501919957972,12.01501919957972,100.0
5970,2,76.73969450403031,76.73969450403031,100.0
5980,0,49.07416041970086,49.07416041970086,100.0
5980,1,28.639823216303757,28.639823216303757,100.0
5980,2,22.286016363995373,22.286016363995373,100.0
5990,0,55.48969779046294,55.48969779046294,100.0
5990,1,15.055133073047362,15.055133073047362,100.0
5990,2,29.455169136489705,29.455169136489705,100.0
6000,0,42.09146064862004,42.09146064862004,100.0
6000,1,35.7181131286327,35.7181131286327,100.0
6000,2,22.190426222747263,22.190426222747263,100.0
6010,0,17.344879991852018,17.344879991852018,100.0
6010,1,61.97116012709305,61.97116012709305,100.0
6010,2,20.683959881054946,20.683959881054946,100.0
6020,0,33.6513890146142,33.6513890146142,100.0
6020,1,32.44256023631388,32.44256023631388,100.0
6020,2,33.90605074907192,33.90605074907192,100.0
6030,0,14.153731414999354,14.153731414999354,100.0
6030,1,13.631186767012911,13.631186767012911,100.0
6030,2,72.21508181798774,72.21508181798774,100.0
6040,0,31.492004546308934,31.492004546308934,100.0
6040,1,22.91162680694572,22.91162680694572,100.0
6040,2,45.596368646745354,45.596368646745354,100.0
6050,0,41.45793336614208,41.45793336614208,100.0
6050,1,38.9760093308732,38.9760093308732,100.0
6050,2,19.566057302984728,19.566057302984728,100.0
6060,0,18.053425184495335,18.053425184495335,100.0
6060,1,29.286936429773046,29.286936429773046,100.0
6060,2,52.659638385731625,52.659638385731625,100.0
6070,0,35.05633122434188,35.05633122434188,100.0
6070,1,17.301542443136704,17.301542443136704,100.0
6070,2,47.642126332521414,47.642126332521414,100.0
6080,0,36.23866160962662,36.23866160962662,100.0
6080,1,29.122229373378122,29.122229373378122,100.0
6080,2,34.63910901699526,34.63910901699526,100.0
6090,0,11.196771372661624,11.196771372661624,100.0
6090,1,11.514964584812494,11.514964584812494,100.0
6090,2,77.28826404252588,77.28826404252588,100.0
6100,0,19.601244439162095,19.601244439162095,100.0
6100,1,59.36892412111621,59.36892412111621,100.0
6100,2,21.0298314397217,21.0298314397217,100.0
6110,0,34.38580265383925,34.38580265383925,100.0
6110,1,32.71853631030868,32.71853631030868,100.0
6110,2,32.89566103585207,32.89566103585207,100.0
6120,0,36.802940067137676,36.802940067137676,100.0
6120,1,17.845158223310708,17.845158223310708,100.0
6120,2,45.35190170955161,45.35190170955161,100.0
6130,0,42.207588642478385,42.207588642478385,100.0
6130,1,28.127904802003524,28.127904802003524,100.0
6130,2,29.6645065555181,29.6645065555181,100.0
6140,0,43.45225873145161,43.45225873145161,100.0
6140,1,34.17151183826016,34.17151183826016,100.0
6140,2,22.376229430288234,22.376229430288234,100.0
6150,0,12.55043020200115,12.55043020200115,100.0
6150,1,12.963697991813273,12.963697991813273,100.0
6150,2,74.48587180618557,74.48587180618557,100.0
6160,0,34.24255740640129,34.24255740640129,100.0
6160,1,22.55994600506701,22.55994600506701,100.0
6160,2,43.1974965885317,43.1974965885317,100.0
6170,0,54.065449263179076,54.065449263179076,100.0
6170,1,26.313076997953612,26.313076997953612,100.0
6170,2,19.621473738867305,19.621473738867305,100.0
6180,0,33.539076366325574,33.539076366325574,100.0
6180,1,29.463649225145616,29.463649225145616,100.0
6180,2,36.99727440852881,36.99727440852881,100.0
6190,0,34.174017773786666,34.174017773786666,100.0
6190,1,16.033402557351426,16.033402557351426,100.0
6190,2,49.79257966886191,49.79257966886191,100.0
6200,0,35.402422673085134,35.402422673085134,100.0
6200,1,46.45823939844117,46.45823939844117,100.0
6200,2,18.139337928473683,18.139337928473683,100.0
6210,0,10.988933678014247,10.988933678014247,100.0
6210,1,13.464468708979412,13.464468708979412,100.0
6210,2,75.54659761300634,75.54659761300634,100.0
6220,0,48.95254990500996,48.95254990500996,100.0
6220,1,8.386636671025936,8.386636671025936,100.0
6220,2,42.6608134239641,42.6608134239641,100.0
6230,0,56.70688022614237,56.70688022614237,100.0
6230,1,17.74906972997179,17.74906972997179,100.0
6230,2,25.544050043885854,25.544050043885854,100.0
6240,0,34.299634637390845,34.299634637390845,100.0
6240,1,11.565465974860283,11.565465974860283,100.0
6240,2,54.13489938774888,54.13489938774888,100.0
6250,0,36.27916655294302,36.27916655294302,100.0
6250,1,18.965831270969932,18.965831270969932,100.0
6250,2,44.75500217608707,44.75500217608707,100.0
6260,0,34.2546244716411,34.2546244716411,100.0
6260,1,43.00670952613671,43.00670952613671,100.0
6260,2,22.738666002222182,22.738666002222182,100.0
6270,0,11.989345290612384,11.989345290612384,100.0
6270,1,11.497954695333556,11.497954695333556,100.0
6270,2,76.51270001405406,76.51270001405406,100.0
6280,0,39.5797623019279,39.5797623019279,100.0
6280,1,28.928140702374744,28.928140702374744,100.0
6280,2,31.492096995697366,31.492096995697366,100.0
6290,0,33.131031125579604,33.131031125579604,100.0
6290,1,31.7538813227931,31.7538813227931,100.0
6290,2,35.1150875516273,35.1150875516273,100.0
6300,0,16.960229580639492,16.960229580639492,100.0
6300,1,22.49075789698468,22.49075789698468,100.0
6300,2,60.549012522375826,60.549012522375826,100.0
6310,0,54.31285731541769,54.31285731541769,100.0
6310,1,22.191733923510622,22.191733923510622,100.0
6310,2,23.49540876107169,23.49540876107169,100.0
6320,0,44.987820976119174,44.987820976119174,100.0
6320,1,36.57304427120947,36.57304427120947,100.0
6320,2,18.439134752671357,18.439134752671357,100.0
6330,0,13.447515365647147,13.447515365647147,100.0
6330,1,19.444961050823125,19.444961050823125,100.0
6330,2,67.10752358352974,67.10752358352974,100.0
6340,0,22.094810481799307,22.094810481799307,100.0
6340,1,55.402693268505345,55.402693268505345,100.0
6340,2,22.502496249695355,22.502496249695355,100.0
6350,0,35.047561364848214,35.047561364848214,100.0
6350,1,50.10971956410604,50.10971956410604,100.0
6350,2,14.842719071045755,14.842719071045755,100.0
6360,0,18.118858807469316,18.118858807469316,100.0
6360,1,30.98118228821142,30.98118228821142,100.0
6360,2,50.89995890431926,50.89995890431926,100.0
6370,0,48.743260353873346,48.743260353873346,100.0
6370,1,12.5783257209925,12.5783257209925,100.0
6370,2,38.67841392513416,38.67841392513416,100.0
6380,0,34.091928670327334,34.091928670327334,100.0
6380,1,35.05582970612085,35.05582970612085,100.0
6380,2,30.85224162355183,30.85224162355183,100.0
6390,0,13.028783326109886,13.028783326109886,100.0
6390,1,13.460748411076565,13.460748411076565,100.0
6390,2,73.51046826281356,73.51046826281356,100.0
6400,0,62.95090240243483,62.95090240243483,100.0
6400,1,23.69812277729684,23.69812277729684,100.0
6400,2,13.35097482026833,13.35097482026833,100.0
6410,0,37.0365715466636,37.0365715466636,100.0
6410,1,29.316424776746363,29.316424776746363,100.0
6410,2,33.64700367659003,33.64700367659003,100.0
6420,0,30.870979711771984,30.870979711771984,100.0
6420,1,22.980227996270163,22.980227996270163,100.0
6420,2,46.14879229195786,46.14879229195786,100.0
6430,0,64.01855417321491,64.01855417321491,100.0
6430,1,16.10098779908453,16.10098779908453,100.0
6430,2,19.880458027700552,19.880458027700552,100.0
6440,0,67.6815343210443,67.6815343210443,100.0
6440,1,14.331172435848863,14.331172435848863,100.0
6440,2,17.98729324310683,17.98729324310683,100.0
6450,0,11.617782893500152,11.617782893500152,100.0
6450,1,11.791820177710315,11.791820177710315,100.0
6450,2,76.59039692878953,76.59039692878953,100.0
6460,0,25.966148873424256,25.966148873424256,100.0
6460,1,41.74843606585086,41.74843606585086,100.0
6460,2,32.285415060724894,32.285415060724894,100.0
6470,0,23.26511114399416,23.26511114399416,100.0
6470,1,22.177022084389858,22.177022084389858,100.0
6470,2,54.557866771615984,54.557866771615984,100.0
6480,0,47.82120616183877,47.82120616183877,100.0
6480,1,41.820431817694214,41.820431817694214,100.0
6480,2,10.358362020467021,10.358362020467021,100.0
6490,0,54.00898957623368,54.00898957623368,100.0
6490,1,15.14705122554145,15.14705122554145,100.0
6490,2,30.84395919822487,30.84395919822487,100.0
6500,0,63.333013661308925,63.333013661308925,100.0
6500,1,27.813032264217846,27.813032264217846,100.0
6500,2,8.85395407447323,8.85395407447323,100.0
6510,0,16.024820548580266,16.024820548580266,100.0
6510,1,18.22322544347527,18.22322544347527,100.0
6510,2,65.75195400794446,65.75195400794446,100.0
6520,0,42.551829971075016,42.551829971075016,100.0
6520,1,11.404689249339427,11.404689249339427,100.0
6520,2,46.043480779585565,46.043480779585565,100.0
6530,0,18.23547069653081,18.23547069653081,100.0
6530,1,53.07037250946601,53.07037250946601,100.0
6530,2,28.694156794003185,28.694156794003185,100.0
6540,0,19.45335732792673,19.45335732792673,100.0
6540,1,18.774303528198512,18.774303528198512,100.0
6540,2,61.77233914387475,61.77233914387475,100.0
6550,0,45.61712911076544,45.61712911076544,100.0
6550,1,7.958465973773497,7.958465973773497,100.0
6550,2,46.42440491546107,46.42440491546107,100.0
6560,0,34.89315742300377,34.89315742300377,100.0
6560,1,22.589941162573112,22.589941162573112,100.0
6560,2,42.51690141442312,42.51690141442312,100.0
6570,0,12.059548838039516,12.059548838039516,100.0
6570,1,11.792942790254589,11.792942790254589,100.0
6570,2,76.1475083717059,76.1475083717059,100.0
6580,0,56.44389985024482,56.44389985024482,100.0
6580,1,27.845871165563562,27.845871165563562,100.0
6580,2,15.710228984191618,15.710228984191618,100.0
6590,0,21.75504623839603,21.75504623839603,100.0
6590,1,42.54349311909098,42.54349311909098,100.0
6590,2,35.70146064251299,35.70146064251299,100.0
6600,0,49.005119646423424,49.005119646423424,100.0
6600,1,20.935783262900294,20.935783262900294,100.0
6600,2,30.059097090676275,30.059097090676275,100.0
6610,0,58.660522216333455,58.660522216333455,100.0
6610,1,14.673984406654112,14.673984406654112,100.0
6610,2,26.665493377012428,26.665493377012428,100.0
6620,0,24.309161672082826,24.309161672082826,100.0
6620,1,36.997204543987635,36.997204543987635,100.0
6620,2,38.693633783929535,38.693633783929535,100.0
6630,0,11.422865951998592,11.422865951998592,100.0
6630,1,12.741058974536282,12.741058974536282,100.0
6630,2,75.83607507346512,75.83607507346512,100.0
6640,0,17.045369113260094,17.045369113260094,100.0
6640,1,59.34303111004435,59.34303111004435,100.0
6640,2,23.611599776695556,23.611599776695556,100.0
6650,0,12.730011716536497,12.730011716536497,100.0
6650,1,64.55328406528758,64.55328406528758,100.0
6650,2,22.716704218175916,22.716704218175916,100.0
6660,0,48.05909383364885,48.05909383364885,100.0
6660,1,8.605918650230135,8.605918650230135,100.0
6660,2,43.334987516121,43.334987516121,100.0
6670,0,32.36590560039129,32.36590560039129,100.0
6670,1,23.775183151387775,23.775183151387775,100.0
6670,2,43.85891124822094,43.85891124822094,100.0
6680,0,30.31630448505042,30.31630448505042,100.0
6680,1,20.334357832723413,20.334357832723413,100.0
6680,2,49.34933768222617,49.34933768222617,100.0
6690,0,11.934536855315201,11.934536855315201,100.0
6690,1,11.568826692505189,11.568826692505189,100.0
6690,2,76.49663645217962,76.49663645217962,100.0
6700,0,46.00601547779348,46.00601547779348,100.0
6700,1,16.677015494042635,16.677015494042635,100.0
6700,2,37.316969028163875,37.316969028163875,100.0
6710,0,14.742682472725818,14.742682472725818,100.0
6710,1,61.26666033076768,61.26666033076768,100.0
6710,2,23.99065719650651,23.99065719650651,100.0
6720,0,40.669633495432414,40.669633495432414,100.0
6720,1,26.415805592051033,26.415805592051033,100.0
6720,2,32.914560912516556,32.914560912516556,100.0
6730,0,16.014289595797045,16.014289595797045,100.0
6730,1,53.00790893254472,53.00790893254472,100.0
6730,2,30.977801471658235,30.977801471658235,100.0
6740,0,56.882485313445876,56.882485313445876,100.0
6740,1,23.18900029731986,23.18900029731986,100.0
6740,2,19.92851438923426,19.92851438923426,100.0
6750,0,16.156223496729925,16.156223496729925,100.0
6750,1,15.814333009714957,15.814333009714957,100.0
6750,2,68.02944349355512,68.02944349355512,100.0
6760,0,61.464036614598626,61.464036614598626,100.0
6760,1,18.592910959673308,18.592910959673308,100.0
6760,2,19.943052425728073,19.943052425728073,100.0
6770,0,44.43298261480288,44.43298261480288,100.0
6770,1,39.99376315881264,39.99376315881264,100.0
6770,2,15.573254226384487,15.573254226384487,100.0
6780,0,29.248567929372022,29.248567929372022,100.0
6780,1,48.329771434281106,48.329771434281106,100.0
6780,2,22.421660636346875,22.421660636346875,100.0
6790,0,34.33249609377979,34.33249609377979,100.0
6790,1,42.6339349677424,42.6339349677424,100.0
6790,2,23.033568938477814,23.033568938477814,100.0
6800,0,36.58828085748321,36.58828085748321,100.0
6800,1,31.04470261279249,31.04470261279249,100.0
6800,2,32.367016529724296,32.367016529724296,100.0
6810,0,16.838737824844245,16.838737824844245,100.0
6810,1,17.900290285946046,17.900290285946046,100.0
6810,2,65.26097188920971,65.26097188920971,100.0
6820,0,66.1012399149169,66.1012399149169,100.0
6820,1,21.501918200210888,21.501918200210888,100.0
6820,2,12.396841884872211,12.396841884872211,100.0
6830,0,46.05533699125331,46.05533699125331,100.0
6830,1,12.320270910957042,12.320270910957042,100.0
6830,2,41.624392097789645,41.624392097789645,100.0
6840,0,34.62091908190734,34.62091908190734,100.0
6840,1,30.46612566269749,30.46612566269749,100.0
6840,2,34.912955255395175,34.912955255395175,100.0
6850,0,65.61474623327231,65.61474623327231,100.0
6850,1,20.880445856937214,20.880445856937214,100.0
6850,2,13.504807909790472,13.504807909790472,100.0
6860,0,33.57215101219167,33.57215101219167,100.0
6860,1,12.747006195144175,12.747006195144175,100.0
6860,2,53.680842792664166,53.680842792664166,100.0
6870,0,12.902488967733166,12.902488967733166,100.0
6870,1,12.690554956377865,12.690554956377865,100.0
6870,2,74.40695607588897,74.40695607588897,100.0
6880,0,48.93379712107438,48.93379712107438,100.0
6880,1,12.134583099289529,12.134583099289529,100.0
6880,2,38.931619779636094,38.931619779636094,100.0
6890,0,48.087092899301204,48.087092899301204,100.0
6890,1,26.897715014957406,26.897715014957406,100.0
6890,2,25.015192085741383,25.015192085741383,100.0
6900,0,53.678287882450135,53.678287882450135,100.0
6900,1,13.028220912253193,13.028220912253193,100.0
6900,2,33.29349120529666,33.29349120529666,100.0
6910,0,44.31289639577211,44.31289639577211,100.0
6910,1,21.44455943398309,21.44455943398309,100.0
6910,2,34.242544170244805,34.242544170244805,100.0
6920,0,27.4188211353422,27.4188211353422,100.0
6920,1,24.792845179680747,24.792845179680747,100.0
6920,2,47.788333684977054,47.788333684977054,100.0
6930,0,12.694050355063194,12.694050355063194,100.0
6930,1,12.77524579441994,12.77524579441994,100.0
6930,2,74.53070385051687,74.53070385051687,100.0
6940,0,45.689633889288714,45.689633889288714,100.0
6940,1,24.35904070701261,24.35904070701261,100.0
6940,2,29.951325403698675,29.951325403698675,100.0
6950,0,45.8569879171211,45.8569879171211,100.0
6950,1,26.568655455692053,26.568655455692053,100.0
6950,2,27.574356627186848,27.574356627186848,100.0
6960,0,12.33064378335434,12.33064378335434,100.0
6960,1,54.06069312346617,54.06069312346617,100.0
6960,2,33.60866309317948,33.60866309317948,100.0
6970,0,19.09794374715646,19.09794374715646,100.0
6970,1,19.568722627221636,19.568722627221636,100.0
6970,2,61.33333362562191,61.33333362562191,100.0
6980,0,35.0608121688675,35.0608121688675,100.0
6980,1,12.868602857147597,12.868602857147597,100.0
6980,2,52.0705849739849,52.0705849739849,100.0
6990,0,11.041832949620783,11.041832949620783,100.0
6990,1,11.340399473578609,11.340399473578609,100.0
6990,2,77.61776757680062,77.61776757680062,100.0
7000,0,44.5019340839732,44.5019340839732,100.0
7000,1,24.33527492703084,24.33527492703084,100.0
7000,2,31.16279098899596,31.16279098899596,100.0
7010,0,30.130111755093765,30.130111755093765,100.0
7010,1,21.19878010398849,21.19878010398849,100.0
7010,2,48.67110814091776,48.67110814091776,100.0
7020,0,34.997664483812095,34.997664483812095,100.0
7020,1,25.612444334080692,25.612444334080692,100.0
7020,2,39.38989118210722,39.38989118210722,100.0
7030,0,53.91738626263641,53.91738626263641,100.0
7030,1,37.57681081555245,37.57681081555245,100.0
7030,2,8.50580292181114,8.50580292181114,100.0
7040,0,16.5752240758061,16.5752240758061,100.0
7040,1,42.606214126466,42.606214126466,100.0
7040,2,40.818561797727895,40.818561797727895,100.0
7050,0,11.701649096879263,11.701649096879263,100.0
7050,1,15.699658686552128,15.699658686552128,100.0
7050,2,72.59869221656861,72.59869221656861,100.0
7060,0,22.354701600705322,22.354701600705322,100.0
7060,1,12.684444008792267,12.684444008792267,100.0
7060,2,64.96085439050242,64.96085439050242,100.0
7070,0,57.45022425584803,57.45022425584803,100.0
7070,1,15.489277474912466,15.489277474912466,100.0
7070,2,27.06049826923951,27.06049826923951,100.0
7080,0,38.11801658434476,38.11801658434476,100.0
7080,1,33.672998085483854,33.672998085483854,100.0
7080,2,28.208985330171387,28.208985330171387,100.0
7090,0,42.12881691486766,42.12881691486766,100.0
7090,1,18.813093262820622,18.813093262820622,100.0
7090,2,39.05808982231173,39.05808982231173,100.0
7100,0,51.83116140344362,51.83116140344362,100.0
7100,1,33.90910846411086,33.90910846411086,100.0
7100,2,14.259730132445512,14.259730132445512,100.0
7110,0,12.831927440667378,12.831927440667378,100.0
7110,1,13.041444819980711,13.041444819980711,100.0
7110,2,74.12662773935192,74.12662773935192,100.0
7120,0,47.836743707198956,47.836743707198956,100.0
7120,1,27.720492209453397,27.720492209453397,100.0
7120,2,24.442764083347654,24.442764083347654,100.0
7130,0,16.90097984444182,16.90097984444182,100.0
7130,1,69.23559394944506,69.23559394944506,100.0
7130,2,13.863426206113116,13.863426206113116,100.0
7140,0,38.023158747039,38.023158747039,100.0
7140,1,27.72869984492244,27.72869984492244,100.0
7140,2,34.24814140803857,34.24814140803857,100.0
7150,0,60.79020107613251,60.79020107613251,100.0
7150,1,12.808101678566224,12.808101678566224,100.0
7150,2,26.401697245301275,26.401697245301275,100.0
7160,0,15.923880623555029,15.923880623555029,100.0
7160,1,23.38121639433625,23.38121639433625,100.0
7160,2,60.69490298210872,60.69490298210872,100.0
7170,0,13.335897473651942,13.335897473651942,100.0
7170,1,13.46384096212178,13.46384096212178,100.0
7170,2,73.20026156422628,73.20026156422628,100.0
7180,0,48.881571436158154,48.881571436158154,100.0
7180,1,28.149794131990287,28.149794131990287,100.0
7180,2,22.968634431851562,22.968634431851562,100.0
7190,0,22.978333332266022,22.978333332266022,100.0
7190,1,27.26623628140905,27.26623628140905,100.0
7190,2,49.75543038632493,49.75543038632493,100.0
7200,0,11.909976842320296,11.909976842320296,100.0
7200,1,43.95517043515235,43.95517043515235,100.0
7200,2,44.134852722527356,44.134852722527356,100.0
7210,0,23.91685013845322,23.91685013845322,100.0
7210,1,38.890999839607304,38.890999839607304,100.0
7210,2,37.19215002193947,37.19215002193947,100.0
7220,0,39.46576808926038,39.46576808926038,100.0
7220,1,34.51211321064532,34.51211321064532,100.0
7220,2,26.02211870009431,26.02211870009431,100.0
7230,0,12.85893401518996,12.85893401518996,100.0
7230,1,12.747292584631914,12.747292584631914,100.0
7230,2,74.39377340017812,74.39377340017812,100.0
7240,0,45.00793522951777,45.00793522951777,100.0
7240,1,32.69937110321742,32.69937110321742,100.0
7240,2,22.2926936672648,22.2926936672648,100.0
7250,0,16.696166167502817,16.696166167502817,100.0
7250,1,37.53131841200312,37.53131841200312,100.0
7250,2,45.77251542049407,45.77251542049407,100.0
7260,0,57.12416735243454,57.12416735243454,100.0
7260,1,20.96324097294662,20.96324097294662,100.0
7260,2,21.91259167461885,21.91259167461885,100.0
7270,0,65.7703069139459,65.7703069139459,100.0
7270,1,18.97032702520433,18.97032702520433,100.0
7270,2,15.259366060849763,15.259366060849763,100.0
7280,0,71.3674308695739,71.3674308695739,100.0
7280,1,12.937041521122858,12.937041521122858,100.0
7280,2,15.695527609303234,15.695527609303234,100.0
7290,0,11.665660543612733,11.665660543612733,100.0
7290,1,11.132083373942912,11.132083373942912,100.0
7290,2,77.20225608244435,77.20225608244435,100.0
7300,0,13.73334255629036,13.73334255629036,100.0
7300,1,17.442322110472013,17.442322110472013,100.0
7300,2,68.82433533323763,68.82433533323763,100.0
7310,0,60.166600304817486,60.166600304817486,100.0
7310,1,8.699755598288437,8.699755598288437,100.0
7310,2,31.13364409689408,31.13364409689408,100.0
7320,0,59.62627372299833,59.62627372299833,100.0
7320,1,20.18707310227656,20.18707310227656,100.0
7320,2,20.18665317472511,20.18665317472511,100.0
7330,0,50.423982116772606,50.423982116772606,100.0
7330,1,29.28614004639911,29.28614004639911,100.0
7330,2,20.289877836828285,20.289877836828285,100.0
7340,0,44.97504184561297,44.97504184561297,100.0
7340,1,18.890053968027097,18.890053968027097,100.0
7340,2,36.13490418635994,36.13490418635994,100.0
7350,0,11.27609565790787,11.27609565790787,100.0
7350,1,13.728147319235543,13.728147319235543,100.0
7350,2,74.9957570228566,74.9957570228566,100.0
7360,0,63.124072605467795,63.124072605467795,100.0
7360,1,17.30509484465656,17.30509484465656,100.0
7360,2,19.570832549875636,19.570832549875636,100.0
7370,0,35.32192213509807,35.32192213509807,100.0
7370,1,44.50588166009883,44.50588166009883,100.0
7370,2,20.172196204803104,20.172196204803104,100.0
7380,0,66.82390060702255,66.82390060702255,100.0
7380,1,15.713013186644845,15.713013186644845,100.0
7380,2,17.463086206332612,17.463086206332612,100.0
7390,0,56.43811465545513,56.43811465545513,100.0
7390,1,33.02780929711474,33.02780929711474,100.0
7390,2,10.534076047430126,10.534076047430126,100.0
7400,0,71.16458370544488,71.16458370544488,100.0
7400,1,13.315410933608444,13.315410933608444,100.0
7400,2,15.520005360946673,15.520005360946673,100.0
7410,0,11.371791045285642,11.371791045285642,100.0
7410,1,13.176263471837037,13.176263471837037,100.0
7410,2,75.45194548287732,75.45194548287732,100.0
7420,0,54.09711472456694,54.09711472456694,100.0
7420,1,26.609116064910264,26.609116064910264,100.0
7420,2,19.293769210522807,19.293769210522807,100.0
7430,0,22.00921277877238,22.00921277877238,100.0
7430,1,46.80995963526321,46.80995963526321,100.0
7430,2,31.180827585964423,31.180827585964423,100.0
7440,0,34.5017823966732,34.5017823966732,100.0
7440,1,37.33110139423468,37.33110139423468,100.0
7440,2,28.167116209092125,28.167116209092125,100.0
7450,0,66.78189411490791,66.78189411490791,100.0
7450,1,15.500537731030011,15.500537731030011,100.0
7450,2,17.71756815406208,17.71756815406208,100.0
7460,0,14.36044643301004,14.36044643301004,100.0
7460,1,26.555590796465612,26.555590796465612,100.0
7460,2,59.083962770524344,59.083962770524344,100.0
7470,0,12.549004550101165,12.549004550101165,100.0
7470,1,11.257317656143709,11.257317656143709,100.0
7470,2,76.19367779375513,76.19367779375513,100.0
7480,0,46.92763896801841,46.92763896801841,100.0
7480,1,13.310130913519004,13.310130913519004,100.0
7480,2,39.762230118462575,39.762230118462575,100.0
7490,0,11.457726158065885,11.457726158065885,100.0
7490,1,32.667205499193784,32.667205499193784,100.0
7490,2,55.87506834274033,55.87506834274033,100.0
7500,0,26.83997303962324,26.83997303962324,100.0
7500,1,52.94142291062727,52.94142291062727,100.0
7500,2,20.21860404974949,20.21860404974949,100.0
7510,0,47.07814701432322,47.07814701432322,100.0
7510,1,19.854905917996884,19.854905917996884,100.0
7510,2,33.0669470676799,33.0669470676799,100.0
7520,0,25.11620320205249,25.11620320205249,100.0
7520,1,49.87043493821409,49.87043493821409,100.0
7520,2,25.01336185973343,25.01336185973343,100.0
7530,0,11.062821704489737,11.062821704489737,100.0
7530,1,10.816843865050746,10.816843865050746,100.0
7530,2,78.12033443045951,78.12033443045951,100.0
7540,0,51.48789069169845,51.48789069169845,100.0
7540,1,21.690558203238652,21.690558203238652,100.0
7540,2,26.82155110506289,26.82155110506289,100.0
7550,0,58.7941628101967,58.7941628101967,100.0
7550,1,16.68798252234417,16.68798252234417,100.0
7550,2,24.517854667459133,24.517854667459133,100.0
7560,0,36.416378072181885,36.416378072181885,100.0
7560,1,35.031987734915695,35.031987734915695,100.0
7560,2,28.551634192902426,28.551634192902426,100.0
7570,0,41.608644687479405,41.608644687479405,100.0
7570,1,34.95791596305016,34.95791596305016,100.0
7570,2,23.433439349470426,23.433439349470426,100.0
7580,0,51.82821427780375,51.82821427780375,100.0
7580,1,24.253324946633263,24.253324946633263,100.0
7580,2,23.918460775562984,23.918460775562984,100.0
7590,0,11.00539151992023,11.00539151992023,100.0
7590,1,10.821467565825367,10.821467565825367,100.0
7590,2,78.1731409142544,78.1731409142544,100.0
7600,0,18.206506219562105,18.206506219562105,100.0
7600,1,51.112932898786156,51.112932898786156,100.0
7600,2,30.680560881651754,30.680560881651754,100.0
7610,0,36.88860499820086,36.88860499820086,100.0
7610,1,21.773018267995088,21.773018267995088,100.0
7610,2,41.338376733804054,41.338376733804054,100.0
7620,0,55.95345186574055,55.95345186574055,100.0
7620,1,34.33104513836467,34.33104513836467,100.0
7620,2,9.715502995894804,9.715502995894804,100.0
7630,0,15.403922791507624,15.403922791507624,100.0
7630,1,16.618583651439486,16.618583651439486,100.0
7630,2,67.9774935570529,67.9774935570529,100.0
7640,0,15.828751079183867,15.828751079183867,100.0
7640,1,56.92912905549395,56.92912905549395,100.0
7640,2,27.242119865322177,27.242119865322177,100.0
7650,0,11.032296458345439,11.032296458345439,100.0
7650,1,11.03912223636765,11.03912223636765,100.0
7650,2,77.92858130528691,77.92858130528691,100.0
7660,0,25.01488747575055,25.01488747575055,100.0
7660,1,51.934738846580395,51.934738846580395,100.0
7660,2,23.050373677669057,23.050373677669057,100.0
7670,0,15.097463077994508,15.097463077994508,100.0
7670,1,42.27504944674862,42.27504944674862,100.0
7670,2,42.62748747525688,42.62748747525688,100.0
7680,0,34.69110141408856,34.69110141408856,100.0
7680,1,14.563017053425437,14.563017053425437,100.0
7680,2,50.74588153248602,50.74588153248602,100.0
7690,0,39.40710720135406,39.40710720135406,100.0
7690,1,26.255947204741553,26.255947204741553,100.0
7690,2,34.33694559390438,34.33694559390438,100.0
7700,0,33.41232588264947,33.41232588264947,100.0
7700,1,19.718687112031375,19.718687112031375,100.0
7700,2,46.86898700531915,46.86898700531915,100.0
7710,0,11.041833364666683,11.041833364666683,100.0
7710,1,10.763019845460537,10.763019845460537,100.0
7710,2,78.19514678987278,78.19514678987278,100.0
7720,0,45.82028922278191,45.82028922278191,100.0
7720,1,11.852222403254913,11.852222403254913,100.0
7720,2,42.32748837396318,42.32748837396318,100.0
7730,0,72.48074890692952,72.48074890692952,100.0
7730,1,15.967569500159845,15.967569500159845,100.0
7730,2,11.55168159291064,11.55168159291064,100.0
7740,0,37.75944739364997,37.75944739364997,100.0
7740,1,40.33094278242554,40.33094278242554,100.0
7740,2,21.909609823924498,21.909609823924498,100.0
7750,0,27.681409498322285,27.681409498322285,100.0
7750,1,53.93102010389123,53.93102010389123,100.0
7750,2,18.387570397786487,18.387570397786487,100.0
7760,0,52.610314103816215,52.610314103816215,100.0
7760,1,30.535532237547486,30.535532237547486,100.0
7760,2,16.85415365863631,16.85415365863631,100.0
7770,0,12.254825113951998,12.254825113951998,100.0
7770,1,14.24829234861463,14.24829234861463,100.0
7770,2,73.49688253743338,73.49688253743338,100.0
7780,0,23.889592662586637,23.889592662586637,100.0
7780,1,31.169870051680977,31.169870051680977,100.0
7780,2,44.94053728573239,44.94053728573239,100.0
7790,0,26.396209225788603,26.396209225788603,100.0
7790,1,41.236581830071806,41.236581830071806,100.0
7790,2,32.367208944139605,32.367208944139605,100.0
7800,0,37.11755663860695,37.11755663860695,100.0
7800,1,31.331784579384646,31.331784579384646,100.0
7800,2,31.550658782008412,31.550658782008412,100.0
7810,0,40.395493403731756,40.395493403731756,100.0
7810,1,42.666375600079434,42.666375600079434,100.0
7810,2,16.93813099618882,16.93813099618882,100.0
7820,0,28.15486061548922,28.15486061548922,100.0
7820,1,38.44146470880549,38.44146470880549,100.0
7820,2,33.40367467570529,33.40367467570529,100.0
7830,0,11.192554141893533,11.192554141893533,100.0
7830,1,11.258338759337615,11.258338759337615,100.0
7830,2,77.54910709876884,77.54910709876884,100.0
7840,0,18.896400521140006,18.896400521140006,100.0
7840,1,16.30332210509919,16.30332210509919,100.0
7840,2,64.8002773737608,64.8002773737608,100.0
7850,0,17.330980191297677,17.330980191297677,100.0
7850,1,36.60946563713008,36.60946563713008,100.0
7850,2,46.05955417157225,46.05955417157225,100.0
7860,0,39.29834242511526,39.29834242511526,100.0
7860,1,35.99485785902853,35.99485785902853,100.0
7860,2,24.70679971585621,24.70679971585621,100.0
7870,0,28.20475188708081,28.20475188708081,100.0
7870,1,35.95828404007898,35.95828404007898,100.0
7870,2,35.83696407284021,35.83696407284021,100.0
7880,0,44.0488229552151,44.0488229552151,100.0
7880,1,43.33658416899513,43.33658416899513,100.0
7880,2,12.614592875789777,12.614592875789777,100.0
7890,0,11.601157134092345,11.601157134092345,100.0
7890,1,12.445397637516168,12.445397637516168,100.0
7890,2,75.95344522839149,75.95344522839149,100.0
7900,0,61.13356023211113,61.13356023211113,100.0
7900,1,20.54268216234264,20.54268216234264,100.0
7900,2,18.323757605546238,18.323757605546238,100.0
7910,0,21.519798205562893,21.519798205562893,100.0
7910,1,18.815797119057663,18.815797119057663,100.0
7910,2,59.664404675379444,59.664404675379444,100.0
7920,0,24.554226169583384,24.554226169583384,100.0
7920,1,48.95264788292625,48.95264788292625,100.0
7920,2,26.493125947490352,26.493125947490352,100.0
7930,0,50.705236899235615,50.705236899235615,100.0
7930,1,36.60060848469976,36.60060848469976,100.0
7930,2,12.69415461606462,12.69415461606462,100.0
7940,0,33.002691933629364,33.002691933629364,100.0
7940,1,13.829104892702052,13.829104892702052,100.0
7940,2,53.168203173668594,53.168203173668594,100.0
7950,0,11.566342852168363,11.566342852168363,100.0
7950,1,12.043728578164803,12.043728578164803,100.0
7950,2,76.38992856966684,76.38992856966684,100.0
7960,0,49.19034540229643,49.19034540229643,100.0
7960,1,18.093903599894748,18.093903599894748,100.0
7960,2,32.715750997808826,32.715750997808826,100.0
7970,0,37.42743049517273,37.42743049517273,100.0
7970,1,14.05431576471142,14.05431576471142,100.0
7970,2,48.51825374011584,48.51825374011584,100.0
7980,0,51.929917369058266,51.929917369058266,100.0
7980,1,39.22824562001837,39.22824562001837,100.0
7980,2,8.841837010923365,8.841837010923365,100.0
7990,0,17.574603583317213,17.574603583317213,100.0
7990,1,13.353936658128262,13.353936658128262,100.0
7990,2,69.07145975855452,69.07145975855452,100.0
8000,0,30.033017607311223,30.033017607311223,100.0
8000,1,39.13397044911427,39.13397044911427,100.0
8000,2,30.833011943574512,30.833011943574512,100.0
8010,0,11.263485520626586,11.263485520626586,100.0
8010,1,15.416597974022181,15.416597974022181,100.0
8010,2,73.31991650535124,73.31991650535124,100.0
8020,0,59.478369072314116,59.478369072314116,100.0
8020,1,20.79901189266991,20.79901189266991,100.0
8020,2,19.722619035015974,19.722619035015974,100.0
8030,0,53.533429642342675,53.533429642342675,100.0
8030,1,32.11563238402682,32.11563238402682,100.0
8030,2,14.350937973630515,14.350937973630515,100.0
8040,0,26.62450575762176,26.62450575762176,100.0
8040,1,54.60327615673714,54.60327615673714,100.0
8040,2,18.772218085641107,18.772218085641107,100.0
8050,0,57.95954923259677,57.95954923259677,100.0
8050,1,20.14112204141722,20.14112204141722,100.0
8050,2,21.899328725986017,21.899328725986017,100.0
8060,0,14.334433573910452,14.334433573910452,100.0
8060,1,18.59134751618798,18.59134751618798,100.0
8060,2,67.07421890990156,67.07421890990156,100.0
8070,0,11.044351318546033,11.044351318546033,100.0
8070,1,11.108685490653594,11.108685490653594,100.0
8070,2,77.84696319080038,77.84696319080038,100.0
8080,0,33.42090887952154,33.42090887952154,100.0
8080,1,29.766947186084185,29.766947186084185,100.0
8080,2,36.81214393439427,36.81214393439427,100.0
8090,0,52.87961886077242,52.87961886077242,100.0
8090,1,15.028775671839517,15.028775671839517,100.0
8090,2,32.09160546738807,32.09160546738807,100.0
8100,0,25.024430748891792,25.024430748891792,100.0
8100,1,61.726298692154636,61.726298692154636,100.0
8100,2,13.249270558953569,13.249270558953569,100.0
8110,0,43.89547237745808,43.89547237745808,100.0
8110,1,25.76190788342277,25.76190788342277,100.0
8110,2,30.342619739119158,30.342619739119158,100.0
8120,0,27.430744939041173,27.430744939041173,100.0
8120,1,53.62300125025931,53.62300125025931,100.0
8120,2,18.946253810699517,18.946253810699517,100.0
8130,0,12.054487805992197,12.054487805992197,100.0
8130,1,12.236813028013662,12.236813028013662,100.0
8130,2,75.70869916599415,75.70869916599415,100.0
8140,0,16.88871743772046,16.88871743772046,100.0
8140,1,22.17889345409756,22.17889345409756,100.0
8140,2,60.93238910818199,60.93238910818199,100.0
8150,0,35.14190397596717,35.14190397596717,100.0
8150,1,27.58985911659302,27.58985911659302,100.0
8150,2,37.26823690743982,37.26823690743982,100.0
8160,0,63.91327458860378,63.91327458860378,100.0
8160,1,17.167751452881518,17.167751452881518,100.0
8160,2,18.918973958514712,18.918973958514712,100.0
8170,0,25.431964184556104,25.431964184556104,100.0
8170,1,43.141958877740215,43.141958877740215,100.0
8170,2,31.42607693770369,31.42607693770369,100.0
8180,0,37.51724284308067,37.51724284308067,100.0
8180,1,16.06899777771367,16.06899777771367,100.0
8180,2,46.41375937920566,46.41375937920566,100.0
8190,0,10.805379407642869,10.805379407642869,100.0
8190,1,11.433713252049921,11.433713252049921,100.0
8190,2,77.76090734030721,77.76090734030721,100.0
8200,0,51.78826439577918,51.78826439577918,100.0
8200,1,23.03996530115365,23.03996530115365,100.0
8200,2,25.17177030306717,25.17177030306717,100.0
8210,0,59.748794838932476,59.748794838932476,100.0
8210,1,15.389244238442407,15.389244238442407,100.0
8210,2,24.86196092262512,24.86196092262512,100.0
8220,0,16.85847950500946,16.85847950500946,100.0
8220,1,19.023509168000906,19.023509168000906,100.0
8220,2,64.11801132698963,64.11801132698963,100.0
8230,0,22.30301403067414,22.30301403067414,100.0
8230,1,48.91441631909934,48.91441631909934,100.0
8230,2,28.782569650226513,28.782569650226513,100.0
8240,0,43.636974029464575,43.636974029464575,100.0
8240,1,18.60013054824189,18.60013054824189,100.0
8240,2,37.762895422293525,37.762895422293525,100.0
8250,0,11.142261935081068,11.142261935081068,100.0
8250,1,10.881329387510311,10.881329387510311,100.0
8250,2,77.97640867740861,77.97640867740861,100.0
8260,0,34.45710360257959,34.45710360257959,100.0
8260,1,25.21532303355639,25.21532303355639,100.0
8260,2,40.327573363864026,40.327573363864026,100.0
8270,0,51.111373190327356,51.111373190327356,100.0
8270,1,16.650546007355597,16.650546007355597,100.0
8270,2,32.23808080231705,32.23808080231705,100.0
8280,0,42.76180020576529,42.76180020576529,100.0
8280,1,47.27918197565612,47.27918197565612,100.0
8280,2,9.959017818578593,9.959017818578593,100.0
8290,0,51.17448030052433,51.17448030052433,100.0
8290,1,36.009465361698346,36.009465361698346,100.0
8290,2,12.816054337777327,12.816054337777327,100.0
8300,0,46.73500948182783,46.73500948182783,100.0
8300,1,13.378791633185779,13.378791633185779,100.0
8300,2,39.88619888498639,39.88619888498639,100.0
8310,0,10.927128880082275,10.927128880082275,100.0
8310,1,10.8783917740773,10.8783917740773,100.0
8310,2,78.19447934584042,78.19447934584042,100.0
8320,0,39.50212887476306,39.50212887476306,100.0
8320,1,19.90488890361506,19.90488890361506,100.0
8320,2,40.59298222162188,40.59298222162188,100.0
8330,0,29.888570793750606,29.888570793750606,100.0
8330,1,40.11033282608035,40.11033282608035,100.0
8330,2,30.001096380169045,30.001096380169045,100.0
8340,0,29.621873730236697,29.621873730236697,100.0
8340,1,19.879297717656208,19.879297717656208,100.0
8340,2,50.4988285521071,50.4988285521071,100.0
8350,0,36.463902473736844,36.463902473736844,100.0
8350,1,41.92913582254068,41.92913582254068,100.0
8350,2,21.606961703722487,21.606961703722487,100.0
8360,0,27.368729275333692,27.368729275333692,100.0
8360,1,24.677972391385232,24.677972391385232,100.0
8360,2,47.953298333281076,47.953298333281076,100.0
8370,0,11.457144061584687,11.457144061584687,100.0
8370,1,12.977533408484776,12.977533408484776,100.0
8370,2,75.56532252993054,75.56532252993054,100.0
8380,0,43.61230850381998,43.61230850381998,100.0
8380,1,24.584805271028618,24.584805271028618,100.0
8380,2,31.8028862251514,31.8028862251514,100.0
8390,0,68.07087654084897,68.07087654084897,100.0
8390,1,11.806000305897657,11.806000305897657,100.0
8390,2,20.12312315325338,20.12312315325338,100.0
8400,0,33.77210927602165,33.77210927602165,100.0
8400,1,17.065154548888124,17.065154548888124,100.0
8400,2,49.16273617509023,49.16273617509023,100.0
8410,0,35.84418594977661,35.84418594977661,100.0
8410,1,47.37749640480822,47.37749640480822,100.0
8410,2,16.77831764541518,16.77831764541518,100.0
8420,0,22.412470186526935,22.412470186526935,100.0
8420,1,13.616183931682018,13.616183931682018,100.0
8420,2,63.97134588179105,63.97134588179105,100.0
8430,0,11.063503525010027,11.063503525010027,100.0
8430,1,11.747922995876014,11.747922995876014,100.0
8430,2,77.18857347911397,77.18857347911397,100.0
8440,0,8.425131777701278,8.425131777701278,100.0
8440,1,47.47001607104441,47.47001607104441,100.0
8440,2,44.10485215125432,44.10485215125432,100.0
8450,0,20.159721468480207,20.159721468480207,100.0
8450,1,24.121596874758826,24.121596874758826,100.0
8450,2,55.71868165676096,55.71868165676096,100.0
8460,0,34.389574292835114,34.389574292835114,100.0
8460,1,21.948929475273093,21.948929475273093,100.0
8460,2,43.661496231891796,43.661496231891796,100.0
8470,0,67.19582830232112,67.19582830232112,100.0
8470,1,21.00989303616522,21.00989303616522,100.0
8470,2,11.794278661513676,11.794278661513676,100.0
8480,0,33.69240234412814,33.69240234412814,100.0
8480,1,32.926095042492896,32.926095042492896,100.0
8480,2,33.38150261337896,33.38150261337896,100.0
8490,0,11.161869710915244,11.161869710915244,100.0
8490,1,13.461345493904139,13.461345493904139,100.0
8490,2,75.37678479518063,75.37678479518063,100.0
8500,0,21.77644704480265,21.77644704480265,100.0
8500,1,22.162592569495082,22.162592569495082,100.0
8500,2,56.06096038570227,56.06096038570227,100.0
8510,0,49.59129982057103,49.59129982057103,100.0
8510,1,14.224821066222242,14.224821066222242,100.0
8510,2,36.18387911320672,36.18387911320672,100.0
8520,0,39.715558018671366,39.715558018671366,100.0
8520,1,20.5834587006779,20.5834587006779,100.0
8520,2,39.70098328065074,39.70098328065074,100.0
8530,0,44.61229710939878,44.61229710939878,100.0
8530,1,15.473059621930163,15.473059621930163,100.0
8530,2,39.914643268671064,39.914643268671064,100.0
8540,0,46.073499822754435,46.073499822754435,100.0
8540,1,14.260308515245853,14.260308515245853,100.0
8540,2,39.66619166199971,39.66619166199971,100.0
8550,0,11.215480902210972,11.215480902210972,100.0
8550,1,12.09875505300338,12.09875505300338,100.0
8550,2,76.68576404478564,76.68576404478564,100.0
8560,0,43.89665758747259,43.89665758747259,100.0
8560,1,17.802738132657243,17.802738132657243,100.0
8560,2,38.30060427987017,38.30060427987017,100.0
8570,0,42.59501732662667,42.59501732662667,100.0
8570,1,31.37255720101164,31.37255720101164,100.0
8570,2,26.032425472361687,26.032425472361687,100.0
8580,0,38.55698394407953,38.55698394407953,100.0
8580,1,33.208682063952246,33.208682063952246,100.0
8580,2,28.23433399196823,28.23433399196823,100.0
8590,0,54.62830616226074,54.62830616226074,100.0
8590,1,19.26409807670405,19.26409807670405,100.0
8590,2,26.107595761035206,26.107595761035206,100.0
8600,0,39.76174329668496,39.76174329668496,100.0
8600,1,28.18960353725364,28.18960353725364,100.0
8600,2,32.0486531660614,32.0486531660614,100.0
8610,0,14.230694631899048,14.230694631899048,100.0
8610,1,11.987631255689879,11.987631255689879,100.0
8610,2,73.78167411241107,73.78167411241107,100.0
8620,0,58.77634293697962,58.77634293697962,100.0
8620,1,22.11475547148379,22.11475547148379,100.0
8620,2,19.108901591536597,19.108901591536597,100.0
8630,0,53.29690072118453,53.29690072118453,100.0
8630,1,17.971265110211103,17.971265110211103,100.0
8630,2,28.73183416860437,28.73183416860437,100.0
8640,0,34.566775247897155,34.566775247897155,100.0
8640,1,9.147547788053787,9.147547788053787,100.0
8640,2,56.28567696404907,56.28567696404907,100.0
8650,0,32.46111376841058,32.46111376841058,100.0
8650,1,43.263133105600076,43.263133105600076,100.0
8650,2,24.27575312598935,24.27575312598935,100.0
8660,0,31.863985296515935,31.863985296515935,100.0
8660,1,29.44921288915554,29.44921288915554,100.0
8660,2,38.68680181432853,38.68680181432853,100.0
8670,0,14.932633404172613,14.932633404172613,100.0
8670,1,15.119635304885731,15.119635304885731,100.0
8670,2,69.94773129094166,69.94773129094166,100.0
8680,0,73.17633973779782,73.17633973779782,100.0
8680,1,13.434647193967617,13.434647193967617,100.0
8680,2,13.389013068234574,13.389013068234574,100.0
8690,0,45.35296564538861,45.35296564538861,100.0
8690,1,20.83999297783238,20.83999297783238,100.0
8690,2,33.807041376779004,33.807041376779004,100.0
8700,0,23.547753096880268,23.547753096880268,100.0
8700,1,35.230124122687485,35.230124122687485,100.0
8700,2,41.222122780432244,41.222122780432244,100.0
8710,0,45.062600833624074,45.062600833624074,100.0
8710,1,30.572475842966856,30.572475842966856,100.0
8710,2,24.364923323409066,24.364923323409066,100.0
8720,0,13.613403575278873,13.613403575278873,100.0
8720,1,51.319717379607035,51.319717379607035,100.0
8720,2,35.0668790451141,35.0668790451141,100.0
8730,0,11.971421387561909,11.971421387561909,100.0
8730,1,12.344944963562753,12.344944963562753,100.0
8730,2,75.68363364887534,75.68363364887534,100.0
8740,0,35.19653522674302,35.19653522674302,100.0
8740,1,39.704424728468524,39.704424728468524,100.0
8740,2,25.099040044788463,25.099040044788463,100.0
8750,0,12.630856267019155,12.630856267019155,100.0
8750,1,55.94847581679746,55.94847581679746,100.0
8750,2,31.420667916183387,31.420667916183387,100.0
8760,0,28.632036117635828,28.632036117635828,100.0
8760,1,9.233959714217647,9.233959714217647,100.0
8760,2,62.134004168146525,62.134004168146525,100.0
8770,0,55.704328799365165,55.704328799365165,100.0
8770,1,17.94574868186224,17.94574868186224,100.0
8770,2,26.34992251877259,26.34992251877259,100.0
8780,0,42.503942143319655,42.503942143319655,100.0
8780,1,16.22013330557897,16.22013330557897,100.0
8780,2,41.27592455110137,41.27592455110137,100.0
8790,0,11.093930006160054,11.093930006160054,100.0
8790,1,11.507835450687885,11.507835450687885,100.0
8790,2,77.39823454315206,77.39823454315206,100.0
8800,0,36.58768781753976,36.58768781753976,100.0
8800,1,40.71684028364261,40.71684028364261,100.0
8800,2,22.695471898817633,22.695471898817633,100.0
8810,0,54.049263643127546,54.049263643127546,100.0
8810,1,10.796959575037949,10.796959575037949,100.0
8810,2,35.15377678183451,35.15377678183451,100.0
8820,0,43.27587511787701,43.27587511787701,100.0
8820,1,10.670442208677763,10.670442208677763,100.0
8820,2,46.053682673445245,46.053682673445245,100.0
8830,0,55.14399964751047,55.14399964751047,100.0
8830,1,22.009532372006426,22.009532372006426,100.0
8830,2,22.846467980483112,22.846467980483112,100.0
8840,0,31.238991347370614,31.238991347370614,100.0
8840,1,22.19090183892748,22.19090183892748,100.0
8840,2,46.5701068137019,46.5701068137019,100.0
8850,0,13.650206638803486,13.650206638803486,100.0
8850,1,11.516932693460419,11.516932693460419,100.0
8850,2,74.8328606677361,74.8328606677361,100.0
8860,0,53.30752101064845,53.30752101064845,100.0
8860,1,11.80461048597687,11.80461048597687,100.0
8860,2,34.88786850337468,34.88786850337468,100.0
8870,0,29.816165638827325,29.816165638827325,100.0
8870,1,25.044372115488294,25.044372115488294,100.0
8870,2,45.139462245684385,45.139462245684385,100.0
8880,0,19.032694973681576,19.032694973681576,100.0
8880,1,13.693949414433332,13.693949414433332,100.0
8880,2,67.2733556118851,67.2733556118851,100.0
8890,0,37.00629138778261,37.00629138778261,100.0
8890,1,53.83928078679223,53.83928078679223,100.0
8890,2,9.154427825425161,9.154427825425161,100.0
8900,0,30.213197218566734,30.213197218566734,100.0
8900,1,18.109403915417175,18.109403915417175,100.0
8900,2,51.6773988660161,51.6773988660161,100.0
8910,0,11.206825856671326,11.206825856671326,100.0
8910,1,15.041490178925462,15.041490178925462,100.0
8910,2,73.75168396440321,73.75168396440321,100.0
8920,0,56.35481582516137,56.35481582516137,100.0
8920,1,22.373123427731144,22.373123427731144,100.0
8920,2,21.272060747107492,21.272060747107492,100.0
8930,0,15.015246103480948,15.015246103480948,100.0
8930,1,38.40792585265991,38.40792585265991,100.0
8930,2,46.576828043859145,46.576828043859145,100.0
8940,0,27.09839926727347,27.09839926727347,100.0
8940,1,44.12987951684866,44.12987951684866,100.0
8940,2,28.77172121587787,28.77172121587787,100.0
8950,0,23.936120212538885,23.936120212538885,100.0
8950,1,55.916800740719694,55.916800740719694,100.0
8950,2,20.14707904674143,20.14707904674143,100.0
8960,0,17.288983183168487,17.288983183168487,100.0
8960,1,27.747929088527744,27.747929088527744,100.0
8960,2,54.96308772830376,54.96308772830376,100.0
8970,0,11.815548870918663,11.815548870918663,100.0
8970,1,11.79881479998053,11.79881479998053,100.0
8970,2,76.3856363291008,76.3856363291008,100.0
8980,0,41.45375327350339,41.45375327350339,100.0
8980,1,15.610995644209028,15.610995644209028,100.0
8980,2,42.93525108228759,42.93525108228759,100.0
8990,0,23.864439377595055,23.864439377595055,100.0
8990,1,57.87350307346484,57.87350307346484,100.0
8990,2,18.2620575489401,18.2620575489401,100.0
9000,0,40.93455325682586,40.93455325682586,100.0
9000,1,20.46975597231202,20.46975597231202,100.0
9000,2,38.59569077086213,38.59569077086213,100.0
9010,0,20.70005066825542,20.70005066825542,100.0
9010,1,23.150427150523456,23.150427150523456,100.0
9010,2,56.14952218122112,56.14952218122112,100.0
9020,0,10.804452710624378,10.804452710624378,100.0
9020,1,19.275882071981506,19.275882071981506,100.0
9020,2,69.91966521739411,69.91966521739411,100.0
9030,0,12.322123633870289,12.322123633870289,100.0
9030,1,12.833056638150902,12.833056638150902,100.0
9030,2,74.84481972797882,74.84481972797882,100.0
9040,0,33.78703962315731,33.78703962315731,100.0
9040,1,32.762441060273,32.762441060273,100.0
9040,2,33.4505193165697,33.4505193165697,100.0
9050,0,16.05755322065729,16.05755322065729,100.0
9050,1,59.31019929731101,59.31019929731101,100.0
9050,2,24.632247482031705,24.632247482031705,100.0
9060,0,33.08407061889369,33.08407061889369,100.0
9060,1,26.274982749267316,26.274982749267316,100.0
9060,2,40.640946631839,40.640946631839,100.0
9070,0,23.709212929503643,23.709212929503643,100.0
9070,1,29.08785674536267,29.08785674536267,100.0
9070,2,47.20293032513369,47.20293032513369,100.0
9080,0,42.54272655458843,42.54272655458843,100.0
9080,1,43.73260619323059,43.73260619323059,100.0
9080,2,13.72466725218099,13.72466725218099,100.0
9090,0,12.417881741806665,12.417881741806665,100.0
9090,1,12.57188280059179,12.57188280059179,100.0
9090,2,75.01023545760154,75.01023545760154,100.0
9100,0,25.844174829073317,25.844174829073317,100.0
9100,1,20.515403967693665,20.515403967693665,100.0
9100,2,53.64042120323301,53.64042120323301,100.0
9110,0,39.1508957608421,39.1508957608421,100.0
9110,1,33.786200750959274,33.786200750959274,100.0
9110,2,27.062903488198625,27.062903488198625,100.0
9120,0,38.15195763315204,38.15195763315204,100.0
9120,1,49.87771627505164,49.87771627505164,100.0
9120,2,11.970326091796322,11.970326091796322,100.0
9130,0,45.648308411637224,45.648308411637224,100.0
9130,1,8.556234154055476,8.556234154055476,100.0
9130,2,45.79545743430731,45.79545743430731,100.0
9140,0,62.56197957949943,62.56197957949943,100.0
9140,1,20.595885804611452,20.595885804611452,100.0
9140,2,16.842134615889126,16.842134615889126,100.0
9150,0,11.110333571801915,11.110333571801915,100.0
9150,1,11.629487885404604,11.629487885404604,100.0
9150,2,77.26017854279348,77.26017854279348,100.0
9160,0,18.969149935514,18.969149935514,100.0
9160,1,42.52444368765594,42.52444368765594,100.0
9160,2,38.50640637683006,38.50640637683006,100.0
9170,0,19.57080737783557,19.57080737783557,100.0
9170,1,49.524944802105736,49.524944802105736,100.0
9170,2,30.90424782005869,30.90424782005869,100.0
9180,0,50.14678196849043,50.14678196849043,100.0
9180,1,17.50404370930206,17.50404370930206,100.0
9180,2,32.34917432220751,32.34917432220751,100.0
9190,0,49.93362699435547,49.93362699435547,100.0
9190,1,33.73415290794264,33.73415290794264,100.0
9190,2,16.332220097701896,16.332220097701896,100.0
9200,0,42.22017322038148,42.22017322038148,100.0
9200,1,41.139243181881795,41.139243181881795,100.0
9200,2,16.64058359773673,16.64058359773673,100.0
9210,0,11.323112666536979,11.323112666536979,100.0
9210,1,13.273155921455754,13.273155921455754,100.0
9210,2,75.40373141200728,75.40373141200728,100.0
9220,0,49.543345216239594,49.543345216239594,100.0
9220,1,17.088913154095057,17.088913154095057,100.0
9220,2,33.367741629665346,33.367741629665346,100.0
9230,0,24.061068341649296,24.061068341649296,100.0
9230,1,38.976881106717286,38.976881106717286,100.0
9230,2,36.96205055163341,36.96205055163341,100.0
9240,0,22.374828500334424,22.374828500334424,100.0
9240,1,63.642033563736625,63.642033563736625,100.0
9240,2,13.98313793592897,13.98313793592897,100.0
9250,0,72.88365027378707,72.88365027378707,100.0
9250,1,13.01426679615362,13.01426679615362,100.0
9250,2,14.102082930059309,14.102082930059309,100.0
9260,0,67.70789708931353,67.70789708931353,100.0
9260,1,14.85195423781457,14.85195423781457,100.0
9260,2,17.44014867287188,17.44014867287188,100.0
9270,0,11.65809457483622,11.65809457483622,100.0
9270,1,11.561585985976135,11.561585985976135,100.0
9270,2,76.78031943918765,76.78031943918765,100.0
9280,0,7.353961588994197,7.353961588994197,100.0
9280,1,47.420902381510594,47.420902381510594,100.0
9280,2,45.225136029495225,45.225136029495225,100.0
9290,0,25.27183089075342,25.27183089075342,100.0
9290,1,59.70213643143016,59.70213643143016,100.0
9290,2,15.026032677816413,15.026032677816413,100.0
9300,0,18.702594939864355,18.702594939864355,100.0
9300,1,59.79584427965642,59.79584427965642,100.0
9300,2,21.50156078047923,21.50156078047923,100.0
9310,0,13.885285428594624,13.885285428594624,100.0
9310,1,67.20994951589049,67.20994951589049,100.0
9310,2,18.90476505551489,18.90476505551489,100.0
9320,0,24.443161813013038,24.443161813013038,100.0
9320,1,27.36926834295248,27.36926834295248,100.0
9320,2,48.187569844034485,48.187569844034485,100.0
9330,0,11.168202278434324,11.168202278434324,100.0
9330,1,13.190784170463035,13.190784170463035,100.0
9330,2,75.64101355110265,75.64101355110265,100.0
9340,0,62.67930486106419,62.67930486106419,100.0
9340,1,23.656665586728646,23.656665586728646,100.0
9340,2,13.664029552207163,13.664029552207163,100.0
9350,0,71.93311485086858,71.93311485086858,100.0
9350,1,15.724800359310375,15.724800359310375,100.0
9350,2,12.342084789821046,12.342084789821046,100.0
9360,0,38.35108042156074,38.35108042156074,100.0
9360,1,47.08690423431452,47.08690423431452,100.0
9360,2,14.562015344124745,14.562015344124745,100.0
9370,0,51.07873462811013,51.07873462811013,100.0
9370,1,16.481980010048673,16.481980010048673,100.0
9370,2,32.43928536184119,32.43928536184119,100.0
9380,0,36.46114220894455,36.46114220894455,100.0
9380,1,13.800445355594636,13.800445355594636,100.0
9380,2,49.7384124354608,49.7384124354608,100.0
9390,0,12.487330291752917,12.487330291752917,100.0
9390,1,13.535017080580639,13.535017080580639,100.0
9390,2,73.97765262766644,73.97765262766644,100.0
9400,0,34.56728853594466,34.56728853594466,100.0
9400,1,29.22162002977149,29.22162002977149,100.0
9400,2,36.21109143428385,36.21109143428385,100.0
9410,0,8.460303443204097,8.460303443204097,100.0
9410,1,55.354334584910035,55.354334584910035,100.0
9410,2,36.18536197188587,36.18536197188587,100.0
9420,0,13.573812821304784,13.573812821304784,100.0
9420,1,33.897778580481955,33.897778580481955,100.0
9420,2,52.52840859821326,52.52840859821326,100.0
9430,0,51.763552152050394,51.763552152050394,100.0
9430,1,35.80951283816198,35.80951283816198,100.0
9430,2,12.426935009787625,12.426935009787625,100.0
9440,0,23.49217464127112,23.49217464127112,100.0
9440,1,39.641499974372216,39.641499974372216,100.0
9440,2,36.866325384356664,36.866325384356664,100.0
9450,0,16.350428317429298,16.350428317429298,100.0
9450,1,17.299168659292167,17.299168659292167,100.0
9450,2,66.35040302327853,66.35040302327853,100.0
9460,0,26.78604480581343,26.78604480581343,100.0
9460,1,38.30488418378968,38.30488418378968,100.0
9460,2,34.90907101039689,34.90907101039689,100.0
9470,0,52.790792010967245,52.790792010967245,100.0
9470,1,37.50189598156549,37.50189598156549,100.0
9470,2,9.707312007467264,9.707312007467264,100.0
9480,0,35.41329134288993,35.41329134288993,100.0
9480,1,13.882123740434668,13.882123740434668,100.0
9480,2,50.70458491667541,50.70458491667541,100.0
9490,0,52.08169631183003,52.08169631183003,100.0
9490,1,28.190003219861694,28.190003219861694,100.0
9490,2,19.728300468308284,19.728300468308284,100.0
9500,0,26.567999675644533,26.567999675644533,100.0
9500,1,45.33959498693765,45.33959498693765,100.0
9500,2,28.09240533741783,28.09240533741783,100.0
9510,0,13.922220869059368,13.922220869059368,100.0
9510,1,13.497272923443617,13.497272923443617,100.0
9510,2,72.58050620749701,72.58050620749701,100.0
9520,0,73.18913858819305,73.18913858819305,100.0
9520,1,12.750491203222431,12.750491203222431,100.0
9520,2,14.060370208584533,14.060370208584533,100.0
9530,0,64.79545073385314,64.79545073385314,100.0
9530,1,22.08751462077093,22.08751462077093,100.0
9530,2,13.117034645375933,13.117034645375933,100.0
9540,0,47.45878438568898,47.45878438568898,100.0
9540,1,30.750328982586495,30.750328982586495,100.0
9540,2,21.790886631724533,21.790886631724533,100.0
9550,0,21.034790868625677,21.034790868625677,100.0
9550,1,41.69834086721055,41.69834086721055,100.0
9550,2,37.26686826416377,37.26686826416377,100.0
9560,0,41.00567683737737,41.00567683737737,100.0
9560,1,43.81180851911364,43.81180851911364,100.0
9560,2,15.182514643508997,15.182514643508997,100.0
9570,0,14.615138818188536,14.615138818188536,100.0
9570,1,10.506079422728746,10.506079422728746,100.0
9570,2,74.87878175908271,74.87878175908271,100.0
9580,0,44.63453958886848,44.63453958886848,100.0
9580,1,27.717979136323397,27.717979136323397,100.0
9580,2,27.647481274808122,27.647481274808122,100.0
9590,0,37.79185840902967,37.79185840902967,100.0
9590,1,31.427663730901862,31.427663730901862,100.0
9590,2,30.780477860068473,30.780477860068473,100.0
9600,0,23.05129324535997,23.05129324535997,100.0
9600,1,54.53551980301644,54.53551980301644,100.0
9600,2,22.413186951623594,22.413186951623594,100.0
9610,0,33.80476092618538,33.80476092618538,100.0
9610,1,14.141503525461784,14.141503525461784,100.0
9610,2,52.05373554835284,52.05373554835284,100.0
9620,0,41.50256456435528,41.50256456435528,100.0
9620,1,18.968278189029935,18.968278189029935,100.0
9620,2,39.529157246614794,39.529157246614794,100.0
9630,0,10.620286275853978,10.620286275853978,100.0
9630,1,14.359682068562579,14.359682068562579,100.0
9630,2,75.02003165558344,75.02003165558344,100.0
9640,0,54.77558889485221,54.77558889485221,100.0
9640,1,19.85850752042442,19.85850752042442,100.0
9640,2,25.365903584723366,25.365903584723366,100.0
9650,0,44.16362062166015,44.16362062166015,100.0
9650,1,35.12795419967606,35.12795419967606,100.0
9650,2,20.708425178663795,20.708425178663795,100.0
9660,0,53.02837630287674,53.02837630287674,100.0
9660,1,24.676171205666332,24.676171205666332,100.0
9660,2,22.295452491456942,22.295452491456942,100.0
9670,0,31.258610974226624,31.258610974226624,100.0
9670,1,47.10938681955285,47.10938681955285,100.0
9670,2,21.63200220622052,21.63200220622052,100.0
9680,0,34.20705945401804,34.20705945401804,100.0
9680,1,11.803048213365901,11.803048213365901,100.0
9680,2,53.989892332616066,53.989892332616066,100.0
9690,0,11.002560527969875,11.002560527969875,100.0
9690,1,11.153537835222092,11.153537835222092,100.0
9690,2,77.84390163680803,77.84390163680803,100.0
9700,0,10.848009816656177,10.848009816656177,100.0
9700,1,66.2760288334797,66.2760288334797,100.0
9700,2,22.87596134986413,22.87596134986413,100.0
9710,0,18.05547041055776,18.05547041055776,100.0
9710,1,44.63548990925527,44.63548990925527,100.0
9710,2,37.30903968018697,37.30903968018697,100.0
9720,0,46.58682616461938,46.58682616461938,100.0
9720,1,43.26158589945836,43.26158589945836,100.0
9720,2,10.151587935922262,10.151587935922262,100.0
9730,0,52.166875466758164,52.166875466758164,100.0
9730,1,25.287581180285823,25.287581180285823,100.0
9730,2,22.545543352956017,22.545543352956017,100.0
9740,0,17.70292247602575,17.70292247602575,100.0
9740,1,51.08872669495914,51.08872669495914,100.0
9740,2,31.208350829015107,31.208350829015107,100.0
9750,0,12.355856637946024,12.355856637946024,100.0
9750,1,12.302987204025262,12.302987204025262,100.0
9750,2,75.34115615802871,75.34115615802871,100.0
9760,0,31.202039722218526,31.202039722218526,100.0
9760,1,41.97801160718303,41.97801160718303,100.0
9760,2,26.81994867059845,26.81994867059845,100.0
9770,0,41.805325135195574,41.805325135195574,100.0
9770,1,44.472249757352806,44.472249757352806,100.0
9770,2,13.722425107451633,13.722425107451633,100.0
9780,0,24.59689224444879,24.59689224444879,100.0
9780,1,44.534506034015195,44.534506034015195,100.0
9780,2,30.86860172153602,30.86860172153602,100.0
9790,0,24.439767019368517,24.439767019368517,100.0
9790,1,41.834706249709754,41.834706249709754,100.0
9790,2,33.72552673092174,33.72552673092174,100.0
9800,0,30.810464893086998,30.810464893086998,100.0
9800,1,38.13952323739168,38.13952323739168,100.0
9800,2,31.050011869521327,31.050011869521327,100.0
9810,0,12.978282099784252,12.978282099784252,100.0
9810,1,12.416270273415938,12.416270273415938,100.0
9810,2,74.60544762679982,74.60544762679982,100.0
9820,0,15.097073767438365,15.097073767438365,100.0
9820,1,13.96812944289724,13.96812944289724,100.0
9820,2,70.9347967896644,70.9347967896644,100.0
9830,0,39.46898582524872,39.46898582524872,100.0
9830,1,8.036035595702876,8.036035595702876,100.0
9830,2,52.494978579048414,52.494978579048414,100.0
9840,0,53.86001527730496,53.86001527730496,100.0
9840,1,24.826307893982964,24.826307893982964,100.0
9840,2,21.313676828712076,21.313676828712076,100.0
9850,0,34.57367833116164,34.57367833116164,100.0
9850,1,16.238516995960076,16.238516995960076,100.0
9850,2,49.18780467287828,49.18780467287828,100.0
9860,0,34.54252446987666,34.54252446987666,100.0
9860,1,19.60838793843946,19.60838793843946,100.0
9860,2,45.84908759168388,45.84908759168388,100.0
9870,0,13.130218326066819,13.130218326066819,100.0
9870,1,15.100976679319489,15.100976679319489,100.0
9870,2,71.76880499461369,71.76880499461369,100.0
9880,0,30.302885107493786,30.302885107493786,100.0
9880,1,24.43961111953234,24.43961111953234,100.0
9880,2,45.257503772973884,45.257503772973884,100.0
9890,0,62.676896381204386,62.676896381204386,100.0
9890,1,22.591398137041327,22.591398137041327,100.0
9890,2,14.731705481754286,14.731705481754286,100.0
9900,0,24.465232541354904,24.465232541354904,100.0
9900,1,40.29190507893886,40.29190507893886,100.0
9900,2,35.24286237970624,35.24286237970624,100.0
9910,0,17.439133613350904,17.439133613350904,100.0
9910,1,19.521463173596416,19.521463173596416,100.0
9910,2,63.03940321305268,63.03940321305268,100.0
9920,0,34.39759195888541,34.39759195888541,100.0
9920,1,29.946301750037275,29.946301750037275,100.0
9920,2,35.656106291077315,35.656106291077315,100.0
9930,0,11.428767957205174,11.428767957205174,100.0
9930,1,12.442516466454922,12.442516466454922,100.0
9930,2,76.1287155763399,76.1287155763399,100.0
9940,0,18.271832024405878,18.271832024405878,100.0
9940,1,60.566320114027896,60.566320114027896,100.0
9940,2,21.161847861566216,21.161847861566216,100.0
9950,0,52.83717498568412,52.83717498568412,100.0
9950,1,11.442159644736059,11.442159644736059,100.0
9950,2,35.72066536957983,35.72066536957983,100.0
9960,0,15.791240207050086,15.791240207050086,100.0
9960,1,58.337726808399445,58.337726808399445,100.0
9960,2,25.871032984550475,25.871032984550475,100.0
9970,0,16.21350842479665,16.21350842479665,100.0
9970,1,23.777292740379536,23.777292740379536,100.0
9970,2,60.00919883482382,60.00919883482382,100.0
9980,0,13.912789898691274,13.912789898691274,100.0
9980,1,53.663854511654954,53.663854511654954,100.0
9980,2,32.42335558965376,32.42335558965376,100.0
9990,0,11.008630128603285,11.008630128603285,100.0
9990,1,11.792101741430905,11.792101741430905,100.0
9990,2,77.1992681299658,77.1992681299658,100.0
