callId,timeMs,scenario,slot,bwpId,beamId,sliceId,rnti,bufQueueSize,dlTbSizeBefore,hasDemand,demandPassed,rbgAllocated,uniqueRbgs,tbSizeBytes,mcs,rank,numRbPerRbg,reason
1,503,normal,0,0,65535_65535,0,1,3069,0,0,1,0,0,0,15,1,1,pre_allocation
1,503,normal,0,0,65535_65535,0,1,3069,35,1,1,1,1,35,15,1,1,allocated
1,503,normal,0,0,65535_65535,0,2,3069,0,0,1,0,0,0,15,1,1,pre_allocation
1,503,normal,0,0,65535_65535,0,2,3069,35,1,1,1,1,35,15,1,1,allocated
1,503,normal,0,0,65535_65535,0,3,3069,0,0,1,0,0,0,15,1,1,pre_allocation
1,503,normal,0,0,65535_65535,0,3,3069,35,1,1,1,1,35,15,1,1,allocated
1,503,normal,0,0,65535_65535,0,4,3069,0,0,1,0,0,0,15,1,1,pre_allocation
1,503,normal,0,0,65535_65535,0,4,3069,35,1,1,1,1,35,15,1,1,allocated
1,503,normal,0,0,65535_65535,0,5,3069,0,0,1,0,0,0,15,1,1,pre_allocation
1,503,normal,0,0,65535_65535,0,5,3069,35,1,1,1,1,35,15,1,1,allocated
1,503,normal,0,0,65535_65535,0,1,3069,35,0,1,0,1,0,15,1,1,pre_allocation
1,503,normal,0,0,65535_65535,0,1,3069,74,1,1,1,2,74,15,1,1,allocated
1,503,normal,0,0,65535_65535,0,2,3069,35,0,1,0,1,0,15,1,1,pre_allocation
1,503,normal,0,0,65535_65535,0,2,3069,74,1,1,1,2,74,15,1,1,allocated
1,503,normal,0,0,65535_65535,0,3,3069,35,0,1,0,1,0,15,1,1,pre_allocation
1,503,normal,0,0,65535_65535,0,3,3069,74,1,1,1,2,74,15,1,1,allocated
1,503,normal,0,0,65535_65535,0,4,3069,35,0,1,0,1,0,15,1,1,pre_allocation
1,503,normal,0,0,65535_65535,0,4,3069,74,1,1,1,2,74,15,1,1,allocated
1,503,normal,0,0,65535_65535,0,5,3069,35,0,1,0,1,0,15,1,1,pre_allocation
1,503,normal,0,0,65535_65535,0,5,3069,74,1,1,1,2,74,15,1,1,allocated
1,503,normal,0,0,65535_65535,0,1,3069,74,0,1,0,2,0,15,1,1,pre_allocation
1,503,normal,0,0,65535_65535,0,1,3069,112,1,1,1,3,112,15,1,1,allocated
1,503,normal,0,0,65535_65535,0,2,3069,74,0,1,0,2,0,15,1,1,pre_allocation
1,503,normal,0,0,65535_65535,0,2,3069,112,1,1,1,3,112,15,1,1,allocated
1,503,normal,0,0,65535_65535,0,3,3069,74,0,1,0,2,0,15,1,1,pre_allocation
1,503,normal,0,0,65535_65535,0,3,3069,112,1,1,1,3,112,15,1,1,allocated
1,503,normal,0,0,65535_65535,0,4,3069,74,0,1,0,2,0,15,1,1,pre_allocation
1,503,normal,0,0,65535_65535,0,4,3069,112,1,1,1,3,112,15,1,1,allocated
1,503,normal,0,0,65535_65535,0,5,3069,74,0,1,0,2,0,15,1,1,pre_allocation
1,503,normal,0,0,65535_65535,0,5,3069,112,1,1,1,3,112,15,1,1,allocated
1,503,normal,0,0,65535_65535,0,1,3069,112,0,1,0,3,0,15,1,1,pre_allocation
1,503,normal,0,0,65535_65535,0,1,3069,151,1,1,1,4,151,15,1,1,allocated
1,503,normal,0,0,65535_65535,0,2,3069,112,0,1,0,3,0,15,1,1,pre_allocation
1,503,normal,0,0,65535_65535,0,2,3069,151,1,1,1,4,151,15,1,1,allocated
1,503,normal,0,0,65535_65535,0,3,3069,112,0,1,0,3,0,15,1,1,pre_allocation
1,503,normal,0,0,65535_65535,0,3,3069,151,1,1,1,4,151,15,1,1,allocated
1,503,normal,0,0,65535_65535,0,4,3069,112,0,1,0,3,0,15,1,1,pre_allocation
1,503,normal,0,0,65535_65535,0,4,3069,151,1,1,1,4,151,15,1,1,allocated
1,503,normal,0,0,65535_65535,0,5,3069,112,0,1,0,3,0,15,1,1,pre_allocation
1,503,normal,0,0,65535_65535,0,5,3069,151,1,1,1,4,151,15,1,1,allocated
1,503,normal,0,0,65535_65535,0,1,3069,151,0,1,0,4,0,15,1,1,pre_allocation
1,503,normal,0,0,65535_65535,0,1,3069,190,1,1,1,5,190,15,1,1,allocated
1,503,normal,0,0,65535_65535,0,2,3069,151,0,1,0,4,0,15,1,1,pre_allocation
1,503,normal,0,0,65535_65535,0,2,3069,190,1,1,1,5,190,15,1,1,allocated
1,503,normal,0,0,65535_65535,0,3,3069,151,0,1,0,4,0,15,1,1,pre_allocation
1,503,normal,0,0,65535_65535,0,3,3069,190,1,1,1,5,190,15,1,1,allocated
1,503,normal,0,0,65535_65535,0,4,3069,151,0,1,0,4,0,15,1,1,pre_allocation
1,503,normal,0,0,65535_65535,0,4,3069,190,1,1,1,5,190,15,1,1,allocated
1,503,normal,0,0,65535_65535,0,5,3069,151,0,1,0,4,0,15,1,1,pre_allocation
1,503,normal,0,0,65535_65535,0,5,3069,190,1,1,1,5,190,15,1,1,allocated
1,503,normal,0,0,65535_65535,0,1,3069,190,0,1,0,5,0,15,1,1,pre_allocation
1,503,normal,0,0,65535_65535,0,1,3069,228,1,1,1,6,228,15,1,1,allocated
1,503,normal,0,0,65535_65535,0,2,3069,190,0,1,0,5,0,15,1,1,pre_allocation
1,503,normal,0,0,65535_65535,0,2,3069,228,1,1,1,6,228,15,1,1,allocated
1,503,normal,0,0,65535_65535,0,3,3069,190,0,1,0,5,0,15,1,1,pre_allocation
1,503,normal,0,0,65535_65535,0,3,3069,228,1,1,1,6,228,15,1,1,allocated
1,503,normal,0,0,65535_65535,0,4,3069,190,0,1,0,5,0,15,1,1,pre_allocation
1,503,normal,0,0,65535_65535,0,4,3069,228,1,1,1,6,228,15,1,1,allocated
1,503,normal,0,0,65535_65535,0,5,3069,190,0,1,0,5,0,15,1,1,pre_allocation
1,503,normal,0,0,65535_65535,0,5,3069,228,1,1,1,6,228,15,1,1,allocated
1,503,normal,0,0,65535_65535,0,1,3069,228,0,1,0,6,0,15,1,1,pre_allocation
1,503,normal,0,0,65535_65535,0,1,3069,267,1,1,1,7,267,15,1,1,allocated
1,503,normal,0,0,65535_65535,0,2,3069,228,0,1,0,6,0,15,1,1,pre_allocation
1,503,normal,0,0,65535_65535,0,2,3069,267,1,1,1,7,267,15,1,1,allocated
1,503,normal,0,0,65535_65535,0,3,3069,228,0,1,0,6,0,15,1,1,pre_allocation
1,503,normal,0,0,65535_65535,0,3,3069,267,1,1,1,7,267,15,1,1,allocated
1,503,normal,0,0,65535_65535,0,4,3069,228,0,1,0,6,0,15,1,1,pre_allocation
1,503,normal,0,0,65535_65535,0,4,3069,267,1,1,1,7,267,15,1,1,allocated
1,503,normal,0,0,65535_65535,0,5,3069,228,0,1,0,6,0,15,1,1,pre_allocation
1,503,normal,0,0,65535_65535,0,5,3069,267,1,1,1,7,267,15,1,1,allocated
1,503,normal,0,0,65535_65535,0,1,3069,267,0,1,0,7,0,15,1,1,pre_allocation
1,503,normal,0,0,65535_65535,0,1,3069,305,1,1,1,8,305,15,1,1,allocated
1,503,normal,0,0,65535_65535,0,2,3069,267,0,1,0,7,0,15,1,1,pre_allocation
1,503,normal,0,0,65535_65535,0,2,3069,305,1,1,1,8,305,15,1,1,allocated
1,503,normal,0,0,65535_65535,0,3,3069,267,0,1,0,7,0,15,1,1,pre_allocation
1,503,normal,0,0,65535_65535,0,3,3069,305,1,1,1,8,305,15,1,1,allocated
1,503,normal,0,0,65535_65535,0,4,3069,267,0,1,0,7,0,15,1,1,pre_allocation
1,503,normal,0,0,65535_65535,0,4,3069,305,1,1,1,8,305,15,1,1,allocated
1,503,normal,0,0,65535_65535,0,5,3069,267,0,1,0,7,0,15,1,1,pre_allocation
1,503,normal,0,0,65535_65535,0,5,3069,305,1,1,1,8,305,15,1,1,allocated
1,503,normal,0,0,65535_65535,0,1,3069,305,0,1,0,8,0,15,1,1,pre_allocation
1,503,normal,0,0,65535_65535,0,1,3069,344,1,1,1,9,344,15,1,1,allocated
1,503,normal,0,0,65535_65535,0,2,3069,305,0,1,0,8,0,15,1,1,pre_allocation
1,503,normal,0,0,65535_65535,0,2,3069,344,1,1,1,9,344,15,1,1,allocated
1,503,normal,0,0,65535_65535,0,3,3069,305,0,1,0,8,0,15,1,1,pre_allocation
1,503,normal,0,0,65535_65535,0,3,3069,344,1,1,1,9,344,15,1,1,allocated
1,503,normal,0,0,65535_65535,0,4,3069,305,0,1,0,8,0,15,1,1,pre_allocation
1,503,normal,0,0,65535_65535,0,4,3069,344,1,1,1,9,344,15,1,1,allocated
1,503,normal,0,0,65535_65535,0,5,3069,305,0,1,0,8,0,15,1,1,pre_allocation
1,503,normal,0,0,65535_65535,0,5,3069,344,1,1,1,9,344,15,1,1,allocated
1,503,normal,0,0,65535_65535,0,1,3069,344,0,1,0,9,0,15,1,1,pre_allocation
1,503,normal,0,0,65535_65535,0,1,3069,383,1,1,1,10,383,15,1,1,allocated
1,503,normal,0,0,65535_65535,0,2,3069,344,0,1,0,9,0,15,1,1,pre_allocation
1,503,normal,0,0,65535_65535,0,2,3069,383,1,1,1,10,383,15,1,1,allocated
1,503,normal,0,0,65535_65535,0,3,3069,344,0,1,0,9,0,15,1,1,pre_allocation
1,503,normal,0,0,65535_65535,0,3,3069,383,1,1,1,10,383,15,1,1,allocated
1,503,normal,0,0,65535_65535,0,4,3069,344,0,1,0,9,0,15,1,1,pre_allocation
1,503,normal,0,0,65535_65535,0,4,3069,383,1,1,1,10,383,15,1,1,allocated
1,503,normal,0,0,65535_65535,0,5,3069,344,0,1,0,9,0,15,1,1,pre_allocation
1,503,normal,0,0,65535_65535,0,5,3069,383,1,1,1,10,383,15,1,1,allocated
1,503,normal,0,0,65535_65535,0,1,3069,383,0,1,0,10,0,15,1,1,pre_allocation
1,503,normal,0,0,65535_65535,0,1,3069,421,1,1,1,11,421,15,1,1,allocated
1,503,normal,0,0,65535_65535,0,2,3069,383,0,1,0,10,0,15,1,1,pre_allocation
1,503,normal,0,0,65535_65535,0,2,3069,421,1,1,1,11,421,15,1,1,allocated
1,503,normal,0,0,65535_65535,0,3,3069,383,0,1,0,10,0,15,1,1,pre_allocation
1,503,normal,0,0,65535_65535,0,3,3069,421,1,1,1,11,421,15,1,1,allocated
1,503,normal,0,0,65535_65535,0,4,3069,383,0,1,0,10,0,15,1,1,pre_allocation
1,503,normal,0,0,65535_65535,0,4,3069,421,1,1,1,11,421,15,1,1,allocated
1,503,normal,0,0,65535_65535,0,5,3069,383,0,1,0,10,0,15,1,1,pre_allocation
1,503,normal,0,0,65535_65535,0,5,3069,421,1,1,1,11,421,15,1,1,allocated
1,503,normal,0,0,65535_65535,0,1,3069,421,0,1,0,11,0,15,1,1,pre_allocation
1,503,normal,0,0,65535_65535,0,1,3069,460,1,1,1,12,460,15,1,1,allocated
1,503,normal,0,0,65535_65535,0,2,3069,421,0,1,0,11,0,15,1,1,pre_allocation
1,503,normal,0,0,65535_65535,0,2,3069,460,1,1,1,12,460,15,1,1,allocated
1,503,normal,0,0,65535_65535,0,3,3069,421,0,1,0,11,0,15,1,1,pre_allocation
1,503,normal,0,0,65535_65535,0,3,3069,460,1,1,1,12,460,15,1,1,allocated
1,503,normal,0,0,65535_65535,0,4,3069,421,0,1,0,11,0,15,1,1,pre_allocation
1,503,normal,0,0,65535_65535,0,4,3069,460,1,1,1,12,460,15,1,1,allocated
1,503,normal,0,0,65535_65535,0,5,3069,421,0,1,0,11,0,15,1,1,pre_allocation
1,503,normal,0,0,65535_65535,0,5,3069,460,1,1,1,12,460,15,1,1,allocated
1,503,normal,0,0,65535_65535,0,1,3069,460,0,1,0,12,0,15,1,1,pre_allocation
1,503,normal,0,0,65535_65535,0,1,3069,498,1,1,1,13,498,15,1,1,allocated
1,503,normal,0,0,65535_65535,0,2,3069,460,0,1,0,12,0,15,1,1,pre_allocation
1,503,normal,0,0,65535_65535,0,2,3069,498,1,1,1,13,498,15,1,1,allocated
1,503,normal,0,0,65535_65535,0,3,3069,460,0,1,0,12,0,15,1,1,pre_allocation
1,503,normal,0,0,65535_65535,0,3,3069,498,1,1,1,13,498,15,1,1,allocated
1,503,normal,0,0,65535_65535,0,4,3069,460,0,1,0,12,0,15,1,1,pre_allocation
1,503,normal,0,0,65535_65535,0,4,3069,498,1,1,1,13,498,15,1,1,allocated
1,503,normal,0,0,65535_65535,0,5,3069,460,0,1,0,12,0,15,1,1,pre_allocation
1,503,normal,0,0,65535_65535,0,5,3069,498,1,1,1,13,498,15,1,1,allocated
1,503,normal,0,0,65535_65535,0,1,3069,498,0,1,0,13,0,15,1,1,pre_allocation
1,503,normal,0,0,65535_65535,0,1,3069,537,1,1,1,14,537,15,1,1,allocated
1,503,normal,0,0,65535_65535,0,2,3069,498,0,1,0,13,0,15,1,1,pre_allocation
1,503,normal,0,0,65535_65535,0,2,3069,537,1,1,1,14,537,15,1,1,allocated
1,503,normal,0,0,65535_65535,0,3,3069,498,0,1,0,13,0,15,1,1,pre_allocation
1,503,normal,0,0,65535_65535,0,3,3069,537,1,1,1,14,537,15,1,1,allocated
1,503,normal,0,0,65535_65535,0,4,3069,498,0,1,0,13,0,15,1,1,pre_allocation
1,503,normal,0,0,65535_65535,0,4,3069,537,1,1,1,14,537,15,1,1,allocated
1,503,normal,0,0,65535_65535,0,5,3069,498,0,1,0,13,0,15,1,1,pre_allocation
1,503,normal,0,0,65535_65535,0,5,3069,537,1,1,1,14,537,15,1,1,allocated
1,503,normal,0,0,65535_65535,0,1,3069,537,0,1,0,14,0,15,1,1,pre_allocation
1,503,normal,0,0,65535_65535,0,1,3069,576,1,1,1,15,576,15,1,1,allocated
1,503,normal,0,0,65535_65535,0,2,3069,537,0,1,0,14,0,15,1,1,pre_allocation
1,503,normal,0,0,65535_65535,0,2,3069,576,1,1,1,15,576,15,1,1,allocated
1,503,normal,0,0,65535_65535,0,3,3069,537,0,1,0,14,0,15,1,1,pre_allocation
1,503,normal,0,0,65535_65535,0,3,3069,576,1,1,1,15,576,15,1,1,allocated
1,503,normal,0,0,65535_65535,0,4,3069,537,0,1,0,14,0,15,1,1,pre_allocation
1,503,normal,0,0,65535_65535,0,4,3069,576,1,1,1,15,576,15,1,1,allocated
1,503,normal,0,0,65535_65535,0,5,3069,537,0,1,0,14,0,15,1,1,pre_allocation
1,503,normal,0,0,65535_65535,0,5,3069,576,1,1,1,15,576,15,1,1,allocated
1,503,normal,0,0,65535_65535,0,1,3069,576,0,1,0,15,0,15,1,1,pre_allocation
1,503,normal,0,0,65535_65535,0,1,3069,614,1,1,1,16,614,15,1,1,allocated
1,503,normal,0,0,65535_65535,0,2,3069,576,0,1,0,15,0,15,1,1,pre_allocation
1,503,normal,0,0,65535_65535,0,2,3069,614,1,1,1,16,614,15,1,1,allocated
1,503,normal,0,0,65535_65535,0,3,3069,576,0,1,0,15,0,15,1,1,pre_allocation
1,503,normal,0,0,65535_65535,0,3,3069,614,1,1,1,16,614,15,1,1,allocated
1,503,normal,0,0,65535_65535,0,4,3069,576,0,1,0,15,0,15,1,1,pre_allocation
1,503,normal,0,0,65535_65535,0,4,3069,614,1,1,1,16,614,15,1,1,allocated
1,503,normal,0,0,65535_65535,0,5,3069,576,0,1,0,15,0,15,1,1,pre_allocation
1,503,normal,0,0,65535_65535,0,5,3069,614,1,1,1,16,614,15,1,1,allocated
1,503,normal,0,0,65535_65535,0,1,3069,614,0,1,0,16,0,15,1,1,pre_allocation
1,503,normal,0,0,65535_65535,0,1,3069,653,1,1,1,17,653,15,1,1,allocated
1,503,normal,0,0,65535_65535,0,2,3069,614,0,1,0,16,0,15,1,1,pre_allocation
1,503,normal,0,0,65535_65535,0,2,3069,653,1,1,1,17,653,15,1,1,allocated
1,503,normal,0,0,65535_65535,0,3,3069,614,0,1,0,16,0,15,1,1,pre_allocation
1,503,normal,0,0,65535_65535,0,3,3069,653,1,1,1,17,653,15,1,1,allocated
1,503,normal,0,0,65535_65535,0,4,3069,614,0,1,0,16,0,15,1,1,pre_allocation
1,503,normal,0,0,65535_65535,0,4,3069,653,1,1,1,17,653,15,1,1,allocated
1,503,normal,0,0,65535_65535,0,5,3069,614,0,1,0,16,0,15,1,1,pre_allocation
1,503,normal,0,0,65535_65535,0,5,3069,653,1,1,1,17,653,15,1,1,allocated
1,503,normal,0,0,65535_65535,0,1,3069,653,0,1,0,17,0,15,1,1,pre_allocation
1,503,normal,0,0,65535_65535,0,1,3069,691,1,1,1,18,691,15,1,1,allocated
1,503,normal,0,0,65535_65535,0,2,3069,653,0,1,0,17,0,15,1,1,pre_allocation
1,503,normal,0,0,65535_65535,0,2,3069,691,1,1,1,18,691,15,1,1,allocated
1,503,normal,0,0,65535_65535,0,3,3069,653,0,1,0,17,0,15,1,1,pre_allocation
1,503,normal,0,0,65535_65535,0,3,3069,691,1,1,1,18,691,15,1,1,allocated
1,503,normal,0,0,65535_65535,0,4,3069,653,0,1,0,17,0,15,1,1,pre_allocation
1,503,normal,0,0,65535_65535,0,4,3069,691,1,1,1,18,691,15,1,1,allocated
1,503,normal,0,0,65535_65535,0,5,3069,653,0,1,0,17,0,15,1,1,pre_allocation
1,503,normal,0,0,65535_65535,0,5,3069,691,1,1,1,18,691,15,1,1,allocated
1,503,normal,0,0,65535_65535,0,1,3069,691,0,1,0,18,0,15,1,1,pre_allocation
1,503,normal,0,0,65535_65535,0,1,3069,730,1,1,1,19,730,15,1,1,allocated
1,503,normal,0,0,65535_65535,0,2,3069,691,0,1,0,18,0,15,1,1,pre_allocation
1,503,normal,0,0,65535_65535,0,2,3069,730,1,1,1,19,730,15,1,1,allocated
1,503,normal,0,0,65535_65535,0,3,3069,691,0,1,0,18,0,15,1,1,pre_allocation
1,503,normal,0,0,65535_65535,0,3,3069,730,1,1,1,19,730,15,1,1,allocated
1,503,normal,0,0,65535_65535,0,4,3069,691,0,1,0,18,0,15,1,1,pre_allocation
1,503,normal,0,0,65535_65535,0,4,3069,730,1,1,1,19,730,15,1,1,allocated
1,503,normal,0,0,65535_65535,0,5,3069,691,0,1,0,18,0,15,1,1,pre_allocation
1,503,normal,0,0,65535_65535,0,5,3069,730,1,1,1,19,730,15,1,1,allocated
1,503,normal,0,0,65535_65535,0,1,3069,730,0,1,0,19,0,15,1,1,pre_allocation
1,503,normal,0,0,65535_65535,0,1,3069,769,1,1,1,20,769,15,1,1,allocated
1,503,normal,0,0,65535_65535,0,2,3069,730,0,1,0,19,0,15,1,1,pre_allocation
1,503,normal,0,0,65535_65535,0,2,3069,769,1,1,1,20,769,15,1,1,allocated
1,503,normal,0,0,65535_65535,0,3,3069,730,0,1,0,19,0,15,1,1,pre_allocation
1,503,normal,0,0,65535_65535,0,3,3069,769,1,1,1,20,769,15,1,1,allocated
1,503,normal,0,0,65535_65535,0,4,3069,730,0,1,0,19,0,15,1,1,pre_allocation
1,503,normal,0,0,65535_65535,0,4,3069,769,1,1,1,20,769,15,1,1,allocated
1,503,normal,0,0,65535_65535,0,5,3069,730,0,1,0,19,0,15,1,1,pre_allocation
1,503,normal,0,0,65535_65535,0,5,3069,769,1,1,1,20,769,15,1,1,allocated
1,503,normal,0,0,65535_65535,0,1,3069,769,0,1,0,20,0,15,1,1,pre_allocation
1,503,normal,0,0,65535_65535,0,1,3069,807,1,1,1,21,807,15,1,1,allocated
1,503,normal,0,0,65535_65535,0,2,3069,769,0,1,0,20,0,15,1,1,pre_allocation
1,503,normal,0,0,65535_65535,0,2,3069,807,1,1,1,21,807,15,1,1,allocated
1,503,normal,0,0,65535_65535,0,3,3069,769,0,1,0,20,0,15,1,1,pre_allocation
1,503,normal,0,0,65535_65535,0,3,3069,807,1,1,1,21,807,15,1,1,allocated
1,503,normal,0,0,65535_65535,0,4,3069,769,0,1,0,20,0,15,1,1,pre_allocation
1,503,normal,0,0,65535_65535,0,4,3069,807,1,1,1,21,807,15,1,1,allocated
1,503,normal,0,0,65535_65535,0,5,3069,769,0,1,0,20,0,15,1,1,pre_allocation
1,503,normal,0,0,65535_65535,0,5,3069,807,1,1,1,21,807,15,1,1,allocated
1,503,normal,0,0,65535_65535,0,1,3069,807,0,1,0,21,0,15,1,1,pre_allocation
1,503,normal,0,0,65535_65535,0,1,3069,846,1,1,1,22,846,15,1,1,allocated
1,503,normal,0,0,65535_65535,0,2,3069,807,0,1,0,21,0,15,1,1,pre_allocation
1,503,normal,0,0,65535_65535,0,2,3069,846,1,1,1,22,846,15,1,1,allocated
1,503,normal,0,0,65535_65535,0,3,3069,807,0,1,0,21,0,15,1,1,pre_allocation
1,503,normal,0,0,65535_65535,0,3,3069,846,1,1,1,22,846,15,1,1,allocated
1,503,normal,0,0,65535_65535,0,4,3069,807,0,1,0,21,0,15,1,1,pre_allocation
1,503,normal,0,0,65535_65535,0,4,3069,846,1,1,1,22,846,15,1,1,allocated
1,503,normal,0,0,65535_65535,0,5,3069,807,0,1,0,21,0,15,1,1,pre_allocation
1,503,normal,0,0,65535_65535,0,5,3069,846,1,1,1,22,846,15,1,1,allocated
1,503,normal,0,0,65535_65535,0,1,3069,846,0,1,0,22,0,15,1,1,pre_allocation
1,503,normal,0,0,65535_65535,0,1,3069,885,1,1,1,23,885,15,1,1,allocated
1,503,normal,0,0,65535_65535,0,2,3069,846,0,1,0,22,0,15,1,1,pre_allocation
1,503,normal,0,0,65535_65535,0,2,3069,885,1,1,1,23,885,15,1,1,allocated
1,503,normal,0,0,65535_65535,0,3,3069,846,0,1,0,22,0,15,1,1,pre_allocation
1,503,normal,0,0,65535_65535,0,3,3069,885,1,1,1,23,885,15,1,1,allocated
1,503,normal,0,0,65535_65535,0,4,3069,846,0,1,0,22,0,15,1,1,pre_allocation
1,503,normal,0,0,65535_65535,0,4,3069,885,1,1,1,23,885,15,1,1,allocated
1,503,normal,0,0,65535_65535,0,5,3069,846,0,1,0,22,0,15,1,1,pre_allocation
1,503,normal,0,0,65535_65535,0,5,3069,885,1,1,1,23,885,15,1,1,allocated
1,503,normal,0,0,65535_65535,0,1,3069,885,0,1,0,23,0,15,1,1,pre_allocation
1,503,normal,0,0,65535_65535,0,1,3069,923,1,1,1,24,923,15,1,1,allocated
1,503,normal,0,0,65535_65535,0,2,3069,885,0,1,0,23,0,15,1,1,pre_allocation
1,503,normal,0,0,65535_65535,0,2,3069,923,1,1,1,24,923,15,1,1,allocated
1,503,normal,0,0,65535_65535,0,3,3069,885,0,1,0,23,0,15,1,1,pre_allocation
1,503,normal,0,0,65535_65535,0,3,3069,923,1,1,1,24,923,15,1,1,allocated
1,503,normal,0,0,65535_65535,0,4,3069,885,0,1,0,23,0,15,1,1,pre_allocation
1,503,normal,0,0,65535_65535,0,4,3069,923,1,1,1,24,923,15,1,1,allocated
1,503,normal,0,0,65535_65535,0,5,3069,885,0,1,0,23,0,15,1,1,pre_allocation
1,503,normal,0,0,65535_65535,0,5,3069,923,1,1,1,24,923,15,1,1,allocated
1,503,normal,0,0,65535_65535,0,1,3069,923,0,1,0,24,0,15,1,1,pre_allocation
1,503,normal,0,0,65535_65535,0,1,3069,962,1,1,1,25,962,15,1,1,allocated
1,503,normal,0,0,65535_65535,0,2,3069,923,0,1,0,24,0,15,1,1,pre_allocation
1,503,normal,0,0,65535_65535,0,2,3069,962,1,1,1,25,962,15,1,1,allocated
1,503,normal,0,0,65535_65535,0,3,3069,923,0,1,0,24,0,15,1,1,pre_allocation
1,503,normal,0,0,65535_65535,0,3,3069,962,1,1,1,25,962,15,1,1,allocated
1,503,normal,0,0,65535_65535,0,4,3069,923,0,1,0,24,0,15,1,1,pre_allocation
1,503,normal,0,0,65535_65535,0,4,3069,962,1,1,1,25,962,15,1,1,allocated
1,503,normal,0,0,65535_65535,0,5,3069,923,0,1,0,24,0,15,1,1,pre_allocation
1,503,normal,0,0,65535_65535,0,5,3069,962,1,1,1,25,962,15,1,1,allocated
1,503,normal,0,0,65535_65535,0,1,3069,962,0,1,0,25,0,15,1,1,pre_allocation
1,503,normal,0,0,65535_65535,0,1,3069,1000,1,1,1,26,1000,15,1,1,allocated
1,503,normal,0,0,65535_65535,0,2,3069,962,0,1,0,25,0,15,1,1,pre_allocation
1,503,normal,0,0,65535_65535,0,2,3069,1000,1,1,1,26,1000,15,1,1,allocated
1,503,normal,0,0,65535_65535,0,3,3069,962,0,1,0,25,0,15,1,1,pre_allocation
1,503,normal,0,0,65535_65535,0,3,3069,1000,1,1,1,26,1000,15,1,1,allocated
1,503,normal,0,0,65535_65535,0,4,3069,962,0,1,0,25,0,15,1,1,pre_allocation
1,503,normal,0,0,65535_65535,0,4,3069,1000,1,1,1,26,1000,15,1,1,allocated
1,503,normal,0,0,65535_65535,0,5,3069,962,0,1,0,25,0,15,1,1,pre_allocation
1,503,normal,0,0,65535_65535,0,5,3069,1000,1,1,1,26,1000,15,1,1,allocated
1,503,normal,0,0,65535_65535,0,1,3069,1000,0,1,0,26,0,15,1,1,pre_allocation
1,503,normal,0,0,65535_65535,0,1,3069,1039,1,1,1,27,1039,15,1,1,allocated
1,503,normal,0,0,65535_65535,0,2,3069,1000,0,1,0,26,0,15,1,1,pre_allocation
1,503,normal,0,0,65535_65535,0,2,3069,1039,1,1,1,27,1039,15,1,1,allocated
1,503,normal,0,0,65535_65535,0,3,3069,1000,0,1,0,26,0,15,1,1,pre_allocation
1,503,normal,0,0,65535_65535,0,3,3069,1039,1,1,1,27,1039,15,1,1,allocated
1,503,normal,0,0,65535_65535,0,4,3069,1000,0,1,0,26,0,15,1,1,pre_allocation
1,503,normal,0,0,65535_65535,0,4,3069,1039,1,1,1,27,1039,15,1,1,allocated
1,503,normal,0,0,65535_65535,0,5,3069,1000,0,1,0,26,0,15,1,1,pre_allocation
1,503,normal,0,0,65535_65535,0,5,3069,1039,1,1,1,27,1039,15,1,1,allocated
1,503,normal,0,0,65535_65535,0,1,3069,1039,0,1,0,27,0,15,1,1,pre_allocation
1,503,normal,0,0,65535_65535,0,1,3069,1078,1,1,1,28,1078,15,1,1,allocated
1,503,normal,0,0,65535_65535,0,2,3069,1039,0,1,0,27,0,15,1,1,pre_allocation
1,503,normal,0,0,65535_65535,0,2,3069,1078,1,1,1,28,1078,15,1,1,allocated
1,503,normal,0,0,65535_65535,0,3,3069,1039,0,1,0,27,0,15,1,1,pre_allocation
1,503,normal,0,0,65535_65535,0,3,3069,1078,1,1,1,28,1078,15,1,1,allocated
1,503,normal,0,0,65535_65535,0,4,3069,1039,0,1,0,27,0,15,1,1,pre_allocation
1,503,normal,0,0,65535_65535,0,4,3069,1078,1,1,1,28,1078,15,1,1,allocated
1,503,normal,0,0,65535_65535,0,5,3069,1039,0,1,0,27,0,15,1,1,pre_allocation
1,503,normal,0,0,65535_65535,0,5,3069,1078,1,1,1,28,1078,15,1,1,allocated
1,503,normal,0,0,65535_65535,0,1,3069,1078,0,1,0,28,0,15,1,1,pre_allocation
1,503,normal,0,0,65535_65535,0,1,3069,1116,1,1,1,29,1116,15,1,1,allocated
1,503,normal,0,0,65535_65535,0,2,3069,1078,0,1,0,28,0,15,1,1,pre_allocation
1,503,normal,0,0,65535_65535,0,2,3069,1116,1,1,1,29,1116,15,1,1,allocated
1,503,normal,0,0,65535_65535,0,3,3069,1078,0,1,0,28,0,15,1,1,pre_allocation
1,503,normal,0,0,65535_65535,0,3,3069,1116,1,1,1,29,1116,15,1,1,allocated
1,503,normal,0,0,65535_65535,0,4,3069,1078,0,1,0,28,0,15,1,1,pre_allocation
1,503,normal,0,0,65535_65535,0,4,3069,1116,1,1,1,29,1116,15,1,1,allocated
1,503,normal,0,0,65535_65535,0,5,3069,1078,0,1,0,28,0,15,1,1,pre_allocation
1,503,normal,0,0,65535_65535,0,5,3069,1116,1,1,1,29,1116,15,1,1,allocated
1,503,normal,0,0,65535_65535,0,1,3069,1116,0,1,0,29,0,15,1,1,pre_allocation
1,503,normal,0,0,65535_65535,0,1,3069,1155,1,1,1,30,1155,15,1,1,allocated
1,503,normal,0,0,65535_65535,0,2,3069,1116,0,1,0,29,0,15,1,1,pre_allocation
1,503,normal,0,0,65535_65535,0,2,3069,1155,1,1,1,30,1155,15,1,1,allocated
1,503,normal,0,0,65535_65535,0,3,3069,1116,0,1,0,29,0,15,1,1,pre_allocation
1,503,normal,0,0,65535_65535,0,3,3069,1155,1,1,1,30,1155,15,1,1,allocated
1,503,normal,0,0,65535_65535,0,4,3069,1116,0,1,0,29,0,15,1,1,pre_allocation
1,503,normal,0,0,65535_65535,0,4,3069,1155,1,1,1,30,1155,15,1,1,allocated
1,503,normal,0,0,65535_65535,0,5,3069,1116,0,1,0,29,0,15,1,1,pre_allocation
1,503,normal,0,0,65535_65535,0,5,3069,1155,1,1,1,30,1155,15,1,1,allocated
1,503,normal,0,0,65535_65535,0,1,3069,1155,0,1,0,30,0,15,1,1,pre_allocation
1,503,normal,0,0,65535_65535,0,1,3069,1193,1,1,1,31,1193,15,1,1,allocated
1,503,normal,0,0,65535_65535,0,2,3069,1155,0,1,0,30,0,15,1,1,pre_allocation
1,503,normal,0,0,65535_65535,0,2,3069,1193,1,1,1,31,1193,15,1,1,allocated
1,503,normal,0,0,65535_65535,0,3,3069,1155,0,1,0,30,0,15,1,1,pre_allocation
1,503,normal,0,0,65535_65535,0,3,3069,1193,1,1,1,31,1193,15,1,1,allocated
1,503,normal,0,0,65535_65535,0,4,3069,1155,0,1,0,30,0,15,1,1,pre_allocation
1,503,normal,0,0,65535_65535,0,4,3069,1193,1,1,1,31,1193,15,1,1,allocated
1,503,normal,0,0,65535_65535,0,5,3069,1155,0,1,0,30,0,15,1,1,pre_allocation
1,503,normal,0,0,65535_65535,0,5,3069,1193,1,1,1,31,1193,15,1,1,allocated
1,503,normal,0,0,65535_65535,0,1,3069,1193,0,1,0,31,0,15,1,1,pre_allocation
1,503,normal,0,0,65535_65535,0,1,3069,1232,1,1,1,32,1232,15,1,1,allocated
1,503,normal,0,0,65535_65535,0,2,3069,1193,0,1,0,31,0,15,1,1,pre_allocation
1,503,normal,0,0,65535_65535,0,2,3069,1232,1,1,1,32,1232,15,1,1,allocated
1,503,normal,0,0,65535_65535,0,3,3069,1193,0,1,0,31,0,15,1,1,pre_allocation
1,503,normal,0,0,65535_65535,0,3,3069,1232,1,1,1,32,1232,15,1,1,allocated
1,503,normal,0,0,65535_65535,0,4,3069,1193,0,1,0,31,0,15,1,1,pre_allocation
1,503,normal,0,0,65535_65535,0,4,3069,1232,1,1,1,32,1232,15,1,1,allocated
1,503,normal,0,0,65535_65535,0,5,3069,1193,0,1,0,31,0,15,1,1,pre_allocation
1,503,normal,0,0,65535_65535,0,5,3069,1232,1,1,1,32,1232,15,1,1,allocated
1,503,normal,0,0,65535_65535,0,1,3069,1232,0,1,0,32,0,15,1,1,pre_allocation
1,503,normal,0,0,65535_65535,0,1,3069,1271,1,1,1,33,1271,15,1,1,allocated
1,503,normal,0,0,65535_65535,0,2,3069,1232,0,1,0,32,0,15,1,1,pre_allocation
1,503,normal,0,0,65535_65535,0,2,3069,1271,1,1,1,33,1271,15,1,1,allocated
1,503,normal,0,0,65535_65535,0,3,3069,1232,0,1,0,32,0,15,1,1,pre_allocation
1,503,normal,0,0,65535_65535,0,3,3069,1271,1,1,1,33,1271,15,1,1,allocated
1,503,normal,0,0,65535_65535,0,4,3069,1232,0,1,0,32,0,15,1,1,pre_allocation
1,503,normal,0,0,65535_65535,0,4,3069,1271,1,1,1,33,1271,15,1,1,allocated
1,503,normal,0,0,65535_65535,0,5,3069,1232,0,1,0,32,0,15,1,1,pre_allocation
1,503,normal,0,0,65535_65535,0,5,3069,1271,1,1,1,33,1271,15,1,1,allocated
1,503,normal,0,0,65535_65535,0,1,3069,1271,0,1,0,33,0,15,1,1,pre_allocation
1,503,normal,0,0,65535_65535,0,1,3069,1309,1,1,1,34,1309,15,1,1,allocated
1,503,normal,0,0,65535_65535,0,2,3069,1271,0,1,0,33,0,15,1,1,pre_allocation
1,503,normal,0,0,65535_65535,0,2,3069,1309,1,1,1,34,1309,15,1,1,allocated
1,503,normal,0,0,65535_65535,0,3,3069,1271,0,1,0,33,0,15,1,1,pre_allocation
1,503,normal,0,0,65535_65535,0,3,3069,1309,1,1,1,34,1309,15,1,1,allocated
1,503,normal,0,0,65535_65535,0,4,3069,1271,0,1,0,33,0,15,1,1,pre_allocation
1,503,normal,0,0,65535_65535,0,4,3069,1309,1,1,1,34,1309,15,1,1,allocated
1,503,normal,0,0,65535_65535,0,5,3069,1271,0,1,0,33,0,15,1,1,pre_allocation
1,503,normal,0,0,65535_65535,0,5,3069,1309,1,1,1,34,1309,15,1,1,allocated
1,503,normal,0,0,65535_65535,0,1,3069,1309,0,1,0,34,0,15,1,1,pre_allocation
1,503,normal,0,0,65535_65535,0,1,3069,1348,1,1,1,35,1348,15,1,1,allocated
1,503,normal,0,0,65535_65535,0,2,3069,1309,0,1,0,34,0,15,1,1,pre_allocation
1,503,normal,0,0,65535_65535,0,2,3069,1348,1,1,1,35,1348,15,1,1,allocated
1,503,normal,0,0,65535_65535,0,3,3069,1309,0,1,0,34,0,15,1,1,pre_allocation
1,503,normal,0,0,65535_65535,0,3,3069,1348,1,1,1,35,1348,15,1,1,allocated
1,503,normal,0,0,65535_65535,0,4,3069,1309,0,1,0,34,0,15,1,1,pre_allocation
1,503,normal,0,0,65535_65535,0,4,3069,1348,1,1,1,35,1348,15,1,1,allocated
1,503,normal,0,0,65535_65535,0,5,3069,1309,0,1,0,34,0,15,1,1,pre_allocation
1,503,normal,0,0,65535_65535,0,5,3069,1348,1,1,1,35,1348,15,1,1,allocated
1,503,normal,0,0,65535_65535,0,1,3069,1348,0,1,0,35,0,15,1,1,pre_allocation
1,503,normal,0,0,65535_65535,0,1,3069,1386,1,1,1,36,1386,15,1,1,allocated
1,503,normal,0,0,65535_65535,0,2,3069,1348,0,1,0,35,0,15,1,1,pre_allocation
1,503,normal,0,0,65535_65535,0,2,3069,1386,1,1,1,36,1386,15,1,1,allocated
1,503,normal,0,0,65535_65535,0,3,3069,1348,0,1,0,35,0,15,1,1,pre_allocation
1,503,normal,0,0,65535_65535,0,3,3069,1386,1,1,1,36,1386,15,1,1,allocated
1,503,normal,0,0,65535_65535,0,4,3069,1348,0,1,0,35,0,15,1,1,pre_allocation
1,503,normal,0,0,65535_65535,0,4,3069,1386,1,1,1,36,1386,15,1,1,allocated
1,503,normal,0,0,65535_65535,0,5,3069,1348,0,1,0,35,0,15,1,1,pre_allocation
1,503,normal,0,0,65535_65535,0,5,3069,1386,1,1,1,36,1386,15,1,1,allocated
1,503,normal,0,0,65535_65535,0,1,3069,1386,0,1,0,36,0,15,1,1,pre_allocation
1,503,normal,0,0,65535_65535,0,1,3069,1425,1,1,1,37,1425,15,1,1,allocated
1,503,normal,0,0,65535_65535,0,2,3069,1386,0,1,0,36,0,15,1,1,pre_allocation
1,503,normal,0,0,65535_65535,0,2,3069,1425,1,1,1,37,1425,15,1,1,allocated
1,503,normal,0,0,65535_65535,0,3,3069,1386,0,1,0,36,0,15,1,1,pre_allocation
1,503,normal,0,0,65535_65535,0,3,3069,1425,1,1,1,37,1425,15,1,1,allocated
1,503,normal,0,0,65535_65535,0,4,3069,1386,0,1,0,36,0,15,1,1,pre_allocation
1,503,normal,0,0,65535_65535,0,4,3069,1425,1,1,1,37,1425,15,1,1,allocated
1,503,normal,0,0,65535_65535,0,5,3069,1386,0,1,0,36,0,15,1,1,pre_allocation
1,503,normal,0,0,65535_65535,0,5,3069,1425,1,1,1,37,1425,15,1,1,allocated
1,503,normal,0,0,65535_65535,0,1,3069,1425,0,1,0,37,0,15,1,1,pre_allocation
1,503,normal,0,0,65535_65535,0,1,3069,1464,1,1,1,38,1464,15,1,1,allocated
1,503,normal,0,0,65535_65535,0,2,3069,1425,0,1,0,37,0,15,1,1,pre_allocation
1,503,normal,0,0,65535_65535,0,2,3069,1464,1,1,1,38,1464,15,1,1,allocated
1,503,normal,0,0,65535_65535,0,3,3069,1425,0,1,0,37,0,15,1,1,pre_allocation
1,503,normal,0,0,65535_65535,0,3,3069,1464,1,1,1,38,1464,15,1,1,allocated
1,503,normal,0,0,65535_65535,0,4,3069,1425,0,1,0,37,0,15,1,1,pre_allocation
1,503,normal,0,0,65535_65535,0,4,3069,1464,1,1,1,38,1464,15,1,1,allocated
1,503,normal,0,0,65535_65535,0,5,3069,1425,0,1,0,37,0,15,1,1,pre_allocation
1,503,normal,0,0,65535_65535,0,5,3069,1464,1,1,1,38,1464,15,1,1,allocated
1,503,normal,0,0,65535_65535,0,1,3069,1464,0,1,0,38,0,15,1,1,pre_allocation
1,503,normal,0,0,65535_65535,0,1,3069,1502,1,1,1,39,1502,15,1,1,allocated
1,503,normal,0,0,65535_65535,0,2,3069,1464,0,1,0,38,0,15,1,1,pre_allocation
1,503,normal,0,0,65535_65535,0,2,3069,1502,1,1,1,39,1502,15,1,1,allocated
1,503,normal,0,0,65535_65535,0,3,3069,1464,0,1,0,38,0,15,1,1,pre_allocation
1,503,normal,0,0,65535_65535,0,3,3069,1502,1,1,1,39,1502,15,1,1,allocated
1,503,normal,0,0,65535_65535,0,4,3069,1464,0,1,0,38,0,15,1,1,pre_allocation
1,503,normal,0,0,65535_65535,0,4,3069,1502,1,1,1,39,1502,15,1,1,allocated
1,503,normal,0,0,65535_65535,0,5,3069,1464,0,1,0,38,0,15,1,1,pre_allocation
1,503,normal,0,0,65535_65535,0,5,3069,1502,1,1,1,39,1502,15,1,1,allocated
1,503,normal,0,0,65535_65535,0,1,3069,1502,0,1,0,39,0,15,1,1,pre_allocation
1,503,normal,0,0,65535_65535,0,1,3069,1538,1,1,1,40,1538,15,1,1,allocated
1,503,normal,0,0,65535_65535,0,2,3069,1502,0,1,0,39,0,15,1,1,pre_allocation
1,503,normal,0,0,65535_65535,0,2,3069,1538,1,1,1,40,1538,15,1,1,allocated
1,503,normal,0,0,65535_65535,0,3,3069,1502,0,1,0,39,0,15,1,1,pre_allocation
1,503,normal,0,0,65535_65535,0,3,3069,1538,1,1,1,40,1538,15,1,1,allocated
1,503,normal,0,0,65535_65535,0,4,3069,1502,0,1,0,39,0,15,1,1,pre_allocation
1,503,normal,0,0,65535_65535,0,4,3069,1538,1,1,1,40,1538,15,1,1,allocated
1,503,normal,0,0,65535_65535,0,5,3069,1502,0,1,0,39,0,15,1,1,pre_allocation
1,503,normal,0,0,65535_65535,0,5,3069,1538,1,1,1,40,1538,15,1,1,allocated
1,503,normal,0,0,65535_65535,0,1,3069,1538,0,1,0,40,0,15,1,1,pre_allocation
1,503,normal,0,0,65535_65535,0,1,3069,1577,1,1,1,41,1577,15,1,1,allocated
1,503,normal,0,0,65535_65535,0,2,3069,1538,0,1,0,40,0,15,1,1,pre_allocation
1,503,normal,0,0,65535_65535,0,2,3069,1577,1,1,1,41,1577,15,1,1,allocated
1,503,normal,0,0,65535_65535,0,3,3069,1538,0,1,0,40,0,15,1,1,pre_allocation
1,503,normal,0,0,65535_65535,0,3,3069,1577,1,1,1,41,1577,15,1,1,allocated
1,503,normal,0,0,65535_65535,0,4,3069,1538,0,1,0,40,0,15,1,1,pre_allocation
1,503,normal,0,0,65535_65535,0,4,3069,1577,1,1,1,41,1577,15,1,1,allocated
1,503,normal,0,0,65535_65535,0,5,3069,1538,0,1,0,40,0,15,1,1,pre_allocation
1,503,normal,0,0,65535_65535,0,5,3069,1577,1,1,1,41,1577,15,1,1,allocated
1,503,normal,0,0,65535_65535,0,1,3069,1577,0,1,0,41,0,15,1,1,pre_allocation
1,503,normal,0,0,65535_65535,0,1,3069,1615,1,1,1,42,1615,15,1,1,allocated
1,503,normal,0,0,65535_65535,0,2,3069,1577,0,1,0,41,0,15,1,1,pre_allocation
1,503,normal,0,0,65535_65535,0,2,3069,1615,1,1,1,42,1615,15,1,1,allocated
1,503,normal,0,0,65535_65535,0,3,3069,1577,0,1,0,41,0,15,1,1,pre_allocation
1,503,normal,0,0,65535_65535,0,3,3069,1615,1,1,1,42,1615,15,1,1,allocated
1,503,normal,0,0,65535_65535,0,4,3069,1577,0,1,0,41,0,15,1,1,pre_allocation
1,503,normal,0,0,65535_65535,0,4,3069,1615,1,1,1,42,1615,15,1,1,allocated
1,503,normal,0,0,65535_65535,0,5,3069,1577,0,1,0,41,0,15,1,1,pre_allocation
1,503,normal,0,0,65535_65535,0,5,3069,1615,1,1,1,42,1615,15,1,1,allocated
1,503,normal,0,0,65535_65535,0,1,3069,1615,0,1,0,42,0,15,1,1,pre_allocation
1,503,normal,0,0,65535_65535,0,1,3069,1654,1,1,1,43,1654,15,1,1,allocated
1,503,normal,0,0,65535_65535,0,2,3069,1615,0,1,0,42,0,15,1,1,pre_allocation
1,503,normal,0,0,65535_65535,0,2,3069,1654,1,1,1,43,1654,15,1,1,allocated
1,503,normal,0,0,65535_65535,0,3,3069,1615,0,1,0,42,0,15,1,1,pre_allocation
1,503,normal,0,0,65535_65535,0,3,3069,1654,1,1,1,43,1654,15,1,1,allocated
1,503,normal,0,0,65535_65535,0,4,3069,1615,0,1,0,42,0,15,1,1,pre_allocation
1,503,normal,0,0,65535_65535,0,4,3069,1654,1,1,1,43,1654,15,1,1,allocated
1,503,normal,0,0,65535_65535,0,5,3069,1615,0,1,0,42,0,15,1,1,pre_allocation
1,503,normal,0,0,65535_65535,0,5,3069,1654,1,1,1,43,1654,15,1,1,allocated
1,503,normal,0,0,65535_65535,0,1,3069,1654,0,1,0,43,0,15,1,1,pre_allocation
1,503,normal,0,0,65535_65535,0,1,3069,1692,1,1,1,44,1692,15,1,1,allocated
1,503,normal,0,0,65535_65535,0,2,3069,1654,0,1,0,43,0,15,1,1,pre_allocation
1,503,normal,0,0,65535_65535,0,2,3069,1692,1,1,1,44,1692,15,1,1,allocated
1,503,normal,0,0,65535_65535,0,3,3069,1654,0,1,0,43,0,15,1,1,pre_allocation
1,503,normal,0,0,65535_65535,0,3,3069,1692,1,1,1,44,1692,15,1,1,allocated
1,503,normal,0,0,65535_65535,0,4,3069,1654,0,1,0,43,0,15,1,1,pre_allocation
1,503,normal,0,0,65535_65535,0,4,3069,1692,1,1,1,44,1692,15,1,1,allocated
1,503,normal,0,0,65535_65535,0,5,3069,1654,0,1,0,43,0,15,1,1,pre_allocation
1,503,normal,0,0,65535_65535,0,5,3069,1692,1,1,1,44,1692,15,1,1,allocated
1,503,normal,0,0,65535_65535,0,1,3069,1692,0,1,0,44,0,15,1,1,pre_allocation
1,503,normal,0,0,65535_65535,0,1,3069,1731,1,1,1,45,1731,15,1,1,allocated
1,503,normal,0,0,65535_65535,0,2,3069,1692,0,1,0,44,0,15,1,1,pre_allocation
1,503,normal,0,0,65535_65535,0,2,3069,1731,1,1,1,45,1731,15,1,1,allocated
1,503,normal,0,0,65535_65535,0,3,3069,1692,0,1,0,44,0,15,1,1,pre_allocation
1,503,normal,0,0,65535_65535,0,3,3069,1731,1,1,1,45,1731,15,1,1,allocated
1,503,normal,0,0,65535_65535,0,4,3069,1692,0,1,0,44,0,15,1,1,pre_allocation
1,503,normal,0,0,65535_65535,0,4,3069,1731,1,1,1,45,1731,15,1,1,allocated
1,503,normal,0,0,65535_65535,0,5,3069,1692,0,1,0,44,0,15,1,1,pre_allocation
1,503,normal,0,0,65535_65535,0,5,3069,1731,1,1,1,45,1731,15,1,1,allocated
1,503,normal,0,0,65535_65535,0,1,3069,1731,0,1,0,45,0,15,1,1,pre_allocation
1,503,normal,0,0,65535_65535,0,1,3069,1770,1,1,1,46,1770,15,1,1,allocated
1,503,normal,0,0,65535_65535,0,2,3069,1731,0,1,0,45,0,15,1,1,pre_allocation
1,503,normal,0,0,65535_65535,0,2,3069,1770,1,1,1,46,1770,15,1,1,allocated
1,503,normal,0,0,65535_65535,0,3,3069,1731,0,1,0,45,0,15,1,1,pre_allocation
1,503,normal,0,0,65535_65535,0,3,3069,1770,1,1,1,46,1770,15,1,1,allocated
1,503,normal,0,0,65535_65535,0,4,3069,1731,0,1,0,45,0,15,1,1,pre_allocation
1,503,normal,0,0,65535_65535,0,4,3069,1770,1,1,1,46,1770,15,1,1,allocated
1,503,normal,0,0,65535_65535,0,5,3069,1731,0,1,0,45,0,15,1,1,pre_allocation
1,503,normal,0,0,65535_65535,0,5,3069,1770,1,1,1,46,1770,15,1,1,allocated
1,503,normal,0,0,65535_65535,0,1,3069,1770,0,1,0,46,0,15,1,1,pre_allocation
1,503,normal,0,0,65535_65535,0,1,3069,1808,1,1,1,47,1808,15,1,1,allocated
1,503,normal,0,0,65535_65535,0,2,3069,1770,0,1,0,46,0,15,1,1,pre_allocation
1,503,normal,0,0,65535_65535,0,2,3069,1808,1,1,1,47,1808,15,1,1,allocated
1,503,normal,0,0,65535_65535,0,3,3069,1770,0,1,0,46,0,15,1,1,pre_allocation
1,503,normal,0,0,65535_65535,0,3,3069,1808,1,1,1,47,1808,15,1,1,allocated
1,503,normal,0,0,65535_65535,0,4,3069,1770,0,1,0,46,0,15,1,1,pre_allocation
1,503,normal,0,0,65535_65535,0,4,3069,1808,1,1,1,47,1808,15,1,1,allocated
1,503,normal,0,0,65535_65535,0,5,3069,1770,0,1,0,46,0,15,1,1,pre_allocation
1,503,normal,0,0,65535_65535,0,5,3069,1808,1,1,1,47,1808,15,1,1,allocated
1,503,normal,0,0,65535_65535,0,1,3069,1808,0,1,0,47,0,15,1,1,pre_allocation
1,503,normal,0,0,65535_65535,0,1,3069,1847,1,1,1,48,1847,15,1,1,allocated
1,503,normal,0,0,65535_65535,0,2,3069,1808,0,1,0,47,0,15,1,1,pre_allocation
1,503,normal,0,0,65535_65535,0,2,3069,1847,1,1,1,48,1847,15,1,1,allocated
1,503,normal,0,0,65535_65535,0,3,3069,1808,0,1,0,47,0,15,1,1,pre_allocation
1,503,normal,0,0,65535_65535,0,3,3069,1847,1,1,1,48,1847,15,1,1,allocated
1,503,normal,0,0,65535_65535,0,4,3069,1808,0,1,0,47,0,15,1,1,pre_allocation
1,503,normal,0,0,65535_65535,0,4,3069,1847,1,1,1,48,1847,15,1,1,allocated
1,503,normal,0,0,65535_65535,0,5,3069,1808,0,1,0,47,0,15,1,1,pre_allocation
1,503,normal,0,0,65535_65535,0,5,3069,1847,1,1,1,48,1847,15,1,1,allocated
1,503,normal,0,0,65535_65535,0,1,3069,1847,0,1,0,48,0,15,1,1,pre_allocation
1,503,normal,0,0,65535_65535,0,1,3069,1885,1,1,1,49,1885,15,1,1,allocated
1,503,normal,0,0,65535_65535,0,2,3069,1847,0,1,0,48,0,15,1,1,pre_allocation
1,503,normal,0,0,65535_65535,0,2,3069,1885,1,1,1,49,1885,15,1,1,allocated
1,503,normal,0,0,65535_65535,0,3,3069,1847,0,1,0,48,0,15,1,1,pre_allocation
1,503,normal,0,0,65535_65535,0,3,3069,1885,1,1,1,49,1885,15,1,1,allocated
1,503,normal,0,0,65535_65535,0,4,3069,1847,0,1,0,48,0,15,1,1,pre_allocation
1,503,normal,0,0,65535_65535,0,4,3069,1885,1,1,1,49,1885,15,1,1,allocated
1,503,normal,0,0,65535_65535,0,5,3069,1847,0,1,0,48,0,15,1,1,pre_allocation
1,503,normal,0,0,65535_65535,0,5,3069,1885,1,1,1,49,1885,15,1,1,allocated
1,503,normal,0,0,65535_65535,0,1,3069,1885,0,1,0,49,0,15,1,1,pre_allocation
1,503,normal,0,0,65535_65535,0,1,3069,1924,1,1,1,50,1924,15,1,1,allocated
1,503,normal,0,0,65535_65535,0,2,3069,1885,0,1,0,49,0,15,1,1,pre_allocation
1,503,normal,0,0,65535_65535,0,2,3069,1924,1,1,1,50,1924,15,1,1,allocated
1,503,normal,0,0,65535_65535,0,3,3069,1885,0,1,0,49,0,15,1,1,pre_allocation
1,503,normal,0,0,65535_65535,0,3,3069,1924,1,1,1,50,1924,15,1,1,allocated
1,503,normal,0,0,65535_65535,0,4,3069,1885,0,1,0,49,0,15,1,1,pre_allocation
1,503,normal,0,0,65535_65535,0,4,3069,1924,1,1,1,50,1924,15,1,1,allocated
1,503,normal,0,0,65535_65535,0,5,3069,1885,0,1,0,49,0,15,1,1,pre_allocation
1,503,normal,0,0,65535_65535,0,5,3069,1924,1,1,1,50,1924,15,1,1,allocated
1,503,normal,0,0,65535_65535,0,1,3069,1924,0,1,0,50,0,15,1,1,pre_allocation
1,503,normal,0,0,65535_65535,0,1,3069,1963,1,1,1,51,1963,15,1,1,allocated
1,503,normal,0,0,65535_65535,0,2,3069,1924,0,1,0,50,0,15,1,1,pre_allocation
1,503,normal,0,0,65535_65535,0,2,3069,1963,1,1,1,51,1963,15,1,1,allocated
1,503,normal,0,0,65535_65535,0,3,3069,1924,0,1,0,50,0,15,1,1,pre_allocation
1,503,normal,0,0,65535_65535,0,3,3069,1963,1,1,1,51,1963,15,1,1,allocated
1,503,normal,0,0,65535_65535,0,4,3069,1924,0,1,0,50,0,15,1,1,pre_allocation
1,503,normal,0,0,65535_65535,0,4,3069,1963,1,1,1,51,1963,15,1,1,allocated
1,503,normal,0,0,65535_65535,0,5,3069,1924,0,1,0,50,0,15,1,1,pre_allocation
1,503,normal,0,0,65535_65535,0,5,3069,1963,1,1,1,51,1963,15,1,1,allocated
1,503,normal,0,0,65535_65535,0,1,3069,1963,0,1,0,51,0,15,1,1,pre_allocation
1,503,normal,0,0,65535_65535,0,1,3069,2001,1,1,1,52,2001,15,1,1,allocated
1,503,normal,0,0,65535_65535,0,2,3069,1963,0,1,0,51,0,15,1,1,pre_allocation
1,503,normal,0,0,65535_65535,0,2,3069,2001,1,1,1,52,2001,15,1,1,allocated
1,503,normal,0,0,65535_65535,0,3,3069,1963,0,1,0,51,0,15,1,1,pre_allocation
1,503,normal,0,0,65535_65535,0,3,3069,2001,1,1,1,52,2001,15,1,1,allocated
1,503,normal,0,0,65535_65535,0,4,3069,1963,0,1,0,51,0,15,1,1,pre_allocation
1,503,normal,0,0,65535_65535,0,4,3069,2001,1,1,1,52,2001,15,1,1,allocated
1,503,normal,0,0,65535_65535,0,5,3069,1963,0,1,0,51,0,15,1,1,pre_allocation
1,503,normal,0,0,65535_65535,0,5,3069,2001,1,1,1,52,2001,15,1,1,allocated
1,503,normal,0,0,65535_65535,0,1,3069,2001,0,1,0,52,0,15,1,1,pre_allocation
1,503,normal,0,0,65535_65535,0,1,3069,2040,1,1,1,53,2040,15,1,1,allocated
1,503,normal,0,0,65535_65535,0,2,3069,2001,0,1,0,52,0,15,1,1,pre_allocation
1,503,normal,0,0,65535_65535,0,2,3069,2040,1,1,1,53,2040,15,1,1,allocated
1,503,normal,0,0,65535_65535,0,3,3069,2001,0,1,0,52,0,15,1,1,pre_allocation
1,503,normal,0,0,65535_65535,0,3,3069,2040,1,1,1,53,2040,15,1,1,allocated
1,503,normal,0,0,65535_65535,0,4,3069,2001,0,1,0,52,0,15,1,1,pre_allocation
1,503,normal,0,0,65535_65535,0,4,3069,2040,1,1,1,53,2040,15,1,1,allocated
1,503,normal,0,0,65535_65535,0,5,3069,2001,0,1,0,52,0,15,1,1,pre_allocation
1,503,normal,0,0,65535_65535,0,5,3069,2040,1,1,1,53,2040,15,1,1,allocated
1,503,normal,0,0,65535_65535,0,1,3069,2040,0,1,0,53,0,15,1,1,pre_allocation
1,503,normal,0,0,65535_65535,0,1,3069,2078,1,1,1,54,2078,15,1,1,allocated
45,601,normal,0,0,65535_65535,0,1,97497,0,0,1,0,0,0,28,1,1,pre_allocation
45,601,normal,0,0,65535_65535,0,1,97497,12,1,1,1,1,12,28,1,1,allocated
45,601,normal,0,0,65535_65535,0,4,137170,0,0,1,0,0,0,16,1,1,pre_allocation
45,601,normal,0,0,65535_65535,0,4,137170,3,1,1,1,1,3,16,1,1,allocated
45,601,normal,0,0,65535_65535,0,1,97497,12,0,1,0,1,0,28,1,1,pre_allocation
45,601,normal,0,0,65535_65535,0,1,97497,27,1,1,1,2,27,28,1,1,allocated
45,601,normal,0,0,65535_65535,0,4,137170,3,0,1,0,1,0,16,1,1,pre_allocation
45,601,normal,0,0,65535_65535,0,4,137170,10,1,1,1,2,10,16,1,1,allocated
45,601,normal,0,0,65535_65535,0,1,97497,27,0,1,0,2,0,28,1,1,pre_allocation
45,601,normal,0,0,65535_65535,0,1,97497,42,1,1,1,3,42,28,1,1,allocated
45,601,normal,0,0,65535_65535,0,4,137170,10,0,1,0,2,0,16,1,1,pre_allocation
45,601,normal,0,0,65535_65535,0,4,137170,16,1,1,1,3,16,16,1,1,allocated
45,601,normal,0,0,65535_65535,0,1,97497,42,0,1,0,3,0,28,1,1,pre_allocation
45,601,normal,0,0,65535_65535,0,1,97497,57,1,1,1,4,57,28,1,1,allocated
45,601,normal,0,0,65535_65535,0,4,137170,16,0,1,0,3,0,16,1,1,pre_allocation
45,601,normal,0,0,65535_65535,0,4,137170,23,1,1,1,4,23,16,1,1,allocated
45,601,normal,0,0,65535_65535,0,1,97497,57,0,1,0,4,0,28,1,1,pre_allocation
45,601,normal,0,0,65535_65535,0,1,97497,72,1,1,1,5,72,28,1,1,allocated
45,601,normal,0,0,65535_65535,0,4,137170,23,0,1,0,4,0,16,1,1,pre_allocation
45,601,normal,0,0,65535_65535,0,4,137170,30,1,1,1,5,30,16,1,1,allocated
45,601,normal,0,0,65535_65535,0,1,97497,72,0,1,0,5,0,28,1,1,pre_allocation
45,601,normal,0,0,65535_65535,0,1,97497,88,1,1,1,6,88,28,1,1,allocated
45,601,normal,0,0,65535_65535,0,4,137170,30,0,1,0,5,0,16,1,1,pre_allocation
45,601,normal,0,0,65535_65535,0,4,137170,36,1,1,1,6,36,16,1,1,allocated
45,601,normal,0,0,65535_65535,0,1,97497,88,0,1,0,6,0,28,1,1,pre_allocation
45,601,normal,0,0,65535_65535,0,1,97497,103,1,1,1,7,103,28,1,1,allocated
45,601,normal,0,0,65535_65535,0,4,137170,36,0,1,0,6,0,16,1,1,pre_allocation
45,601,normal,0,0,65535_65535,0,4,137170,43,1,1,1,7,43,16,1,1,allocated
45,601,normal,0,0,65535_65535,0,1,97497,103,0,1,0,7,0,28,1,1,pre_allocation
45,601,normal,0,0,65535_65535,0,1,97497,118,1,1,1,8,118,28,1,1,allocated
45,601,normal,0,0,65535_65535,0,4,137170,43,0,1,0,7,0,16,1,1,pre_allocation
45,601,normal,0,0,65535_65535,0,4,137170,49,1,1,1,8,49,16,1,1,allocated
45,601,normal,0,0,65535_65535,0,1,97497,118,0,1,0,8,0,28,1,1,pre_allocation
45,601,normal,0,0,65535_65535,0,1,97497,133,1,1,1,9,133,28,1,1,allocated
45,601,normal,0,0,65535_65535,0,4,137170,49,0,1,0,8,0,16,1,1,pre_allocation
45,601,normal,0,0,65535_65535,0,4,137170,56,1,1,1,9,56,16,1,1,allocated
45,601,normal,0,0,65535_65535,0,1,97497,133,0,1,0,9,0,28,1,1,pre_allocation
45,601,normal,0,0,65535_65535,0,1,97497,148,1,1,1,10,148,28,1,1,allocated
45,601,normal,0,0,65535_65535,0,4,137170,56,0,1,0,9,0,16,1,1,pre_allocation
45,601,normal,0,0,65535_65535,0,4,137170,63,1,1,1,10,63,16,1,1,allocated
45,601,normal,0,0,65535_65535,0,1,97497,148,0,1,0,10,0,28,1,1,pre_allocation
45,601,normal,0,0,65535_65535,0,1,97497,163,1,1,1,11,163,28,1,1,allocated
45,601,normal,0,0,65535_65535,0,4,137170,63,0,1,0,10,0,16,1,1,pre_allocation
45,601,normal,0,0,65535_65535,0,4,137170,69,1,1,1,11,69,16,1,1,allocated
45,601,normal,0,0,65535_65535,0,1,97497,163,0,1,0,11,0,28,1,1,pre_allocation
45,601,normal,0,0,65535_65535,0,1,97497,179,1,1,1,12,179,28,1,1,allocated
45,601,normal,0,0,65535_65535,0,4,137170,69,0,1,0,11,0,16,1,1,pre_allocation
45,601,normal,0,0,65535_65535,0,4,137170,76,1,1,1,12,76,16,1,1,allocated
45,601,normal,0,0,65535_65535,0,1,97497,179,0,1,0,12,0,28,1,1,pre_allocation
45,601,normal,0,0,65535_65535,0,1,97497,194,1,1,1,13,194,28,1,1,allocated
45,601,normal,0,0,65535_65535,0,4,137170,76,0,1,0,12,0,16,1,1,pre_allocation
45,601,normal,0,0,65535_65535,0,4,137170,82,1,1,1,13,82,16,1,1,allocated
45,601,normal,0,0,65535_65535,0,1,97497,194,0,1,0,13,0,28,1,1,pre_allocation
45,601,normal,0,0,65535_65535,0,1,97497,209,1,1,1,14,209,28,1,1,allocated
45,601,normal,0,0,65535_65535,0,4,137170,82,0,1,0,13,0,16,1,1,pre_allocation
45,601,normal,0,0,65535_65535,0,4,137170,89,1,1,1,14,89,16,1,1,allocated
45,601,normal,0,0,65535_65535,0,1,97497,209,0,1,0,14,0,28,1,1,pre_allocation
45,601,normal,0,0,65535_65535,0,1,97497,224,1,1,1,15,224,28,1,1,allocated
45,601,normal,0,0,65535_65535,0,4,137170,89,0,1,0,14,0,16,1,1,pre_allocation
45,601,normal,0,0,65535_65535,0,4,137170,96,1,1,1,15,96,16,1,1,allocated
45,601,normal,0,0,65535_65535,0,1,97497,224,0,1,0,15,0,28,1,1,pre_allocation
45,601,normal,0,0,65535_65535,0,1,97497,239,1,1,1,16,239,28,1,1,allocated
45,601,normal,0,0,65535_65535,0,4,137170,96,0,1,0,15,0,16,1,1,pre_allocation
45,601,normal,0,0,65535_65535,0,4,137170,102,1,1,1,16,102,16,1,1,allocated
45,601,normal,0,0,65535_65535,0,1,97497,239,0,1,0,16,0,28,1,1,pre_allocation
45,601,normal,0,0,65535_65535,0,1,97497,255,1,1,1,17,255,28,1,1,allocated
45,601,normal,0,0,65535_65535,0,4,137170,102,0,1,0,16,0,16,1,1,pre_allocation
45,601,normal,0,0,65535_65535,0,4,137170,109,1,1,1,17,109,16,1,1,allocated
45,601,normal,0,0,65535_65535,0,1,97497,255,0,1,0,17,0,28,1,1,pre_allocation
45,601,normal,0,0,65535_65535,0,1,97497,270,1,1,1,18,270,28,1,1,allocated
45,601,normal,0,0,65535_65535,0,4,137170,109,0,1,0,17,0,16,1,1,pre_allocation
45,601,normal,0,0,65535_65535,0,4,137170,115,1,1,1,18,115,16,1,1,allocated
45,601,normal,0,0,65535_65535,0,1,97497,270,0,1,0,18,0,28,1,1,pre_allocation
45,601,normal,0,0,65535_65535,0,1,97497,285,1,1,1,19,285,28,1,1,allocated
45,601,normal,0,0,65535_65535,0,4,137170,115,0,1,0,18,0,16,1,1,pre_allocation
45,601,normal,0,0,65535_65535,0,4,137170,122,1,1,1,19,122,16,1,1,allocated
45,601,normal,0,0,65535_65535,0,1,97497,285,0,1,0,19,0,28,1,1,pre_allocation
45,601,normal,0,0,65535_65535,0,1,97497,300,1,1,1,20,300,28,1,1,allocated
45,601,normal,0,0,65535_65535,0,4,137170,122,0,1,0,19,0,16,1,1,pre_allocation
45,601,normal,0,0,65535_65535,0,4,137170,129,1,1,1,20,129,16,1,1,allocated
45,601,normal,0,0,65535_65535,0,1,97497,300,0,1,0,20,0,28,1,1,pre_allocation
45,601,normal,0,0,65535_65535,0,1,97497,315,1,1,1,21,315,28,1,1,allocated
45,601,normal,0,0,65535_65535,0,4,137170,129,0,1,0,20,0,16,1,1,pre_allocation
45,601,normal,0,0,65535_65535,0,4,137170,135,1,1,1,21,135,16,1,1,allocated
45,601,normal,0,0,65535_65535,0,1,97497,315,0,1,0,21,0,28,1,1,pre_allocation
45,601,normal,0,0,65535_65535,0,1,97497,330,1,1,1,22,330,28,1,1,allocated
45,601,normal,0,0,65535_65535,0,4,137170,135,0,1,0,21,0,16,1,1,pre_allocation
45,601,normal,0,0,65535_65535,0,4,137170,142,1,1,1,22,142,16,1,1,allocated
45,601,normal,0,0,65535_65535,0,1,97497,330,0,1,0,22,0,28,1,1,pre_allocation
45,601,normal,0,0,65535_65535,0,1,97497,346,1,1,1,23,346,28,1,1,allocated
45,601,normal,0,0,65535_65535,0,4,137170,142,0,1,0,22,0,16,1,1,pre_allocation
45,601,normal,0,0,65535_65535,0,4,137170,148,1,1,1,23,148,16,1,1,allocated
45,601,normal,0,0,65535_65535,0,1,97497,346,0,1,0,23,0,28,1,1,pre_allocation
45,601,normal,0,0,65535_65535,0,1,97497,361,1,1,1,24,361,28,1,1,allocated
45,601,normal,0,0,65535_65535,0,4,137170,148,0,1,0,23,0,16,1,1,pre_allocation
45,601,normal,0,0,65535_65535,0,4,137170,155,1,1,1,24,155,16,1,1,allocated
45,601,normal,0,0,65535_65535,0,1,97497,361,0,1,0,24,0,28,1,1,pre_allocation
45,601,normal,0,0,65535_65535,0,1,97497,376,1,1,1,25,376,28,1,1,allocated
45,601,normal,0,0,65535_65535,0,4,137170,155,0,1,0,24,0,16,1,1,pre_allocation
45,601,normal,0,0,65535_65535,0,4,137170,162,1,1,1,25,162,16,1,1,allocated
45,601,normal,0,0,65535_65535,0,1,97497,376,0,1,0,25,0,28,1,1,pre_allocation
45,601,normal,0,0,65535_65535,0,1,97497,391,1,1,1,26,391,28,1,1,allocated
45,601,normal,0,0,65535_65535,0,4,137170,162,0,1,0,25,0,16,1,1,pre_allocation
45,601,normal,0,0,65535_65535,0,4,137170,168,1,1,1,26,168,16,1,1,allocated
45,601,normal,0,0,65535_65535,0,1,97497,391,0,1,0,26,0,28,1,1,pre_allocation
45,601,normal,0,0,65535_65535,0,1,97497,406,1,1,1,27,406,28,1,1,allocated
45,601,normal,0,0,65535_65535,0,4,137170,168,0,1,0,26,0,16,1,1,pre_allocation
45,601,normal,0,0,65535_65535,0,4,137170,175,1,1,1,27,175,16,1,1,allocated
45,601,normal,0,0,65535_65535,0,1,97497,406,0,1,0,27,0,28,1,1,pre_allocation
45,601,normal,0,0,65535_65535,0,1,97497,422,1,1,1,28,422,28,1,1,allocated
45,601,normal,0,0,65535_65535,0,4,137170,175,0,1,0,27,0,16,1,1,pre_allocation
45,601,normal,0,0,65535_65535,0,4,137170,181,1,1,1,28,181,16,1,1,allocated
45,601,normal,0,0,65535_65535,0,1,97497,422,0,1,0,28,0,28,1,1,pre_allocation
45,601,normal,0,0,65535_65535,0,1,97497,437,1,1,1,29,437,28,1,1,allocated
45,601,normal,0,0,65535_65535,0,4,137170,181,0,1,0,28,0,16,1,1,pre_allocation
45,601,normal,0,0,65535_65535,0,4,137170,188,1,1,1,29,188,16,1,1,allocated
45,601,normal,0,0,65535_65535,0,1,97497,437,0,1,0,29,0,28,1,1,pre_allocation
45,601,normal,0,0,65535_65535,0,1,97497,452,1,1,1,30,452,28,1,1,allocated
45,601,normal,0,0,65535_65535,0,4,137170,188,0,1,0,29,0,16,1,1,pre_allocation
45,601,normal,0,0,65535_65535,0,4,137170,195,1,1,1,30,195,16,1,1,allocated
45,601,normal,0,0,65535_65535,0,1,97497,452,0,1,0,30,0,28,1,1,pre_allocation
45,601,normal,0,0,65535_65535,0,1,97497,467,1,1,1,31,467,28,1,1,allocated
45,601,normal,0,0,65535_65535,0,4,137170,195,0,1,0,30,0,16,1,1,pre_allocation
45,601,normal,0,0,65535_65535,0,4,137170,201,1,1,1,31,201,16,1,1,allocated
45,601,normal,0,0,65535_65535,0,1,97497,467,0,1,0,31,0,28,1,1,pre_allocation
45,601,normal,0,0,65535_65535,0,1,97497,482,1,1,1,32,482,28,1,1,allocated
45,601,normal,0,0,65535_65535,0,4,137170,201,0,1,0,31,0,16,1,1,pre_allocation
45,601,normal,0,0,65535_65535,0,4,137170,208,1,1,1,32,208,16,1,1,allocated
45,601,normal,0,0,65535_65535,0,1,97497,482,0,1,0,32,0,28,1,1,pre_allocation
45,601,normal,0,0,65535_65535,0,1,97497,497,1,1,1,33,497,28,1,1,allocated
45,601,normal,0,0,65535_65535,0,4,137170,208,0,1,0,32,0,16,1,1,pre_allocation
45,601,normal,0,0,65535_65535,0,4,137170,214,1,1,1,33,214,16,1,1,allocated
45,601,normal,0,0,65535_65535,0,1,97497,497,0,1,0,33,0,28,1,1,pre_allocation
45,601,normal,0,0,65535_65535,0,1,97497,513,1,1,1,34,513,28,1,1,allocated
45,601,normal,0,0,65535_65535,0,4,137170,214,0,1,0,33,0,16,1,1,pre_allocation
45,601,normal,0,0,65535_65535,0,4,137170,221,1,1,1,34,221,16,1,1,allocated
45,601,normal,0,0,65535_65535,0,1,97497,513,0,1,0,34,0,28,1,1,pre_allocation
45,601,normal,0,0,65535_65535,0,1,97497,528,1,1,1,35,528,28,1,1,allocated
45,601,normal,0,0,65535_65535,0,4,137170,221,0,1,0,34,0,16,1,1,pre_allocation
45,601,normal,0,0,65535_65535,0,4,137170,228,1,1,1,35,228,16,1,1,allocated
45,601,normal,0,0,65535_65535,0,1,97497,528,0,1,0,35,0,28,1,1,pre_allocation
45,601,normal,0,0,65535_65535,0,1,97497,543,1,1,1,36,543,28,1,1,allocated
45,601,normal,0,0,65535_65535,0,4,137170,228,0,1,0,35,0,16,1,1,pre_allocation
45,601,normal,0,0,65535_65535,0,4,137170,234,1,1,1,36,234,16,1,1,allocated
45,601,normal,0,0,65535_65535,0,1,97497,543,0,1,0,36,0,28,1,1,pre_allocation
45,601,normal,0,0,65535_65535,0,1,97497,558,1,1,1,37,558,28,1,1,allocated
45,601,normal,0,0,65535_65535,0,4,137170,234,0,1,0,36,0,16,1,1,pre_allocation
45,601,normal,0,0,65535_65535,0,4,137170,241,1,1,1,37,241,16,1,1,allocated
45,601,normal,0,0,65535_65535,0,1,97497,558,0,1,0,37,0,28,1,1,pre_allocation
45,601,normal,0,0,65535_65535,0,1,97497,573,1,1,1,38,573,28,1,1,allocated
45,601,normal,0,0,65535_65535,0,4,137170,241,0,1,0,37,0,16,1,1,pre_allocation
45,601,normal,0,0,65535_65535,0,4,137170,247,1,1,1,38,247,16,1,1,allocated
45,601,normal,0,0,65535_65535,0,1,97497,573,0,1,0,38,0,28,1,1,pre_allocation
45,601,normal,0,0,65535_65535,0,1,97497,589,1,1,1,39,589,28,1,1,allocated
45,601,normal,0,0,65535_65535,0,4,137170,247,0,1,0,38,0,16,1,1,pre_allocation
45,601,normal,0,0,65535_65535,0,4,137170,254,1,1,1,39,254,16,1,1,allocated
45,601,normal,0,0,65535_65535,0,1,97497,589,0,1,0,39,0,28,1,1,pre_allocation
45,601,normal,0,0,65535_65535,0,1,97497,604,1,1,1,40,604,28,1,1,allocated
45,601,normal,0,0,65535_65535,0,4,137170,254,0,1,0,39,0,16,1,1,pre_allocation
45,601,normal,0,0,65535_65535,0,4,137170,261,1,1,1,40,261,16,1,1,allocated
45,601,normal,0,0,65535_65535,0,1,97497,604,0,1,0,40,0,28,1,1,pre_allocation
45,601,normal,0,0,65535_65535,0,1,97497,619,1,1,1,41,619,28,1,1,allocated
45,601,normal,0,0,65535_65535,0,4,137170,261,0,1,0,40,0,16,1,1,pre_allocation
45,601,normal,0,0,65535_65535,0,4,137170,267,1,1,1,41,267,16,1,1,allocated
45,601,normal,0,0,65535_65535,0,1,97497,619,0,1,0,41,0,28,1,1,pre_allocation
45,601,normal,0,0,65535_65535,0,1,97497,634,1,1,1,42,634,28,1,1,allocated
45,601,normal,0,0,65535_65535,0,4,137170,267,0,1,0,41,0,16,1,1,pre_allocation
45,601,normal,0,0,65535_65535,0,4,137170,274,1,1,1,42,274,16,1,1,allocated
45,601,normal,0,0,65535_65535,0,1,97497,634,0,1,0,42,0,28,1,1,pre_allocation
45,601,normal,0,0,65535_65535,0,1,97497,649,1,1,1,43,649,28,1,1,allocated
45,601,normal,0,0,65535_65535,0,4,137170,274,0,1,0,42,0,16,1,1,pre_allocation
45,601,normal,0,0,65535_65535,0,4,137170,280,1,1,1,43,280,16,1,1,allocated
45,601,normal,0,0,65535_65535,0,1,97497,649,0,1,0,43,0,28,1,1,pre_allocation
45,601,normal,0,0,65535_65535,0,1,97497,664,1,1,1,44,664,28,1,1,allocated
45,601,normal,0,0,65535_65535,0,4,137170,280,0,1,0,43,0,16,1,1,pre_allocation
45,601,normal,0,0,65535_65535,0,4,137170,287,1,1,1,44,287,16,1,1,allocated
45,601,normal,0,0,65535_65535,0,1,97497,664,0,1,0,44,0,28,1,1,pre_allocation
45,601,normal,0,0,65535_65535,0,1,97497,680,1,1,1,45,680,28,1,1,allocated
45,601,normal,0,0,65535_65535,0,4,137170,287,0,1,0,44,0,16,1,1,pre_allocation
45,601,normal,0,0,65535_65535,0,4,137170,294,1,1,1,45,294,16,1,1,allocated
45,601,normal,0,0,65535_65535,0,1,97497,680,0,1,0,45,0,28,1,1,pre_allocation
45,601,normal,0,0,65535_65535,0,1,97497,695,1,1,1,46,695,28,1,1,allocated
45,601,normal,0,0,65535_65535,0,4,137170,294,0,1,0,45,0,16,1,1,pre_allocation
45,601,normal,0,0,65535_65535,0,4,137170,300,1,1,1,46,300,16,1,1,allocated
45,601,normal,0,0,65535_65535,0,1,97497,695,0,1,0,46,0,28,1,1,pre_allocation
45,601,normal,0,0,65535_65535,0,1,97497,710,1,1,1,47,710,28,1,1,allocated
45,601,normal,0,0,65535_65535,0,4,137170,300,0,1,0,46,0,16,1,1,pre_allocation
45,601,normal,0,0,65535_65535,0,4,137170,307,1,1,1,47,307,16,1,1,allocated
45,601,normal,0,0,65535_65535,0,1,97497,710,0,1,0,47,0,28,1,1,pre_allocation
45,601,normal,0,0,65535_65535,0,1,97497,725,1,1,1,48,725,28,1,1,allocated
45,601,normal,0,0,65535_65535,0,4,137170,307,0,1,0,47,0,16,1,1,pre_allocation
45,601,normal,0,0,65535_65535,0,4,137170,313,1,1,1,48,313,16,1,1,allocated
45,601,normal,0,0,65535_65535,0,1,97497,725,0,1,0,48,0,28,1,1,pre_allocation
45,601,normal,0,0,65535_65535,0,1,97497,740,1,1,1,49,740,28,1,1,allocated
45,601,normal,0,0,65535_65535,0,4,137170,313,0,1,0,48,0,16,1,1,pre_allocation
45,601,normal,0,0,65535_65535,0,4,137170,320,1,1,1,49,320,16,1,1,allocated
45,601,normal,0,0,65535_65535,0,1,97497,740,0,1,0,49,0,28,1,1,pre_allocation
45,601,normal,0,0,65535_65535,0,1,97497,756,1,1,1,50,756,28,1,1,allocated
45,601,normal,0,0,65535_65535,0,4,137170,320,0,1,0,49,0,16,1,1,pre_allocation
45,601,normal,0,0,65535_65535,0,4,137170,327,1,1,1,50,327,16,1,1,allocated
45,601,normal,0,0,65535_65535,0,1,97497,756,0,1,0,50,0,28,1,1,pre_allocation
45,601,normal,0,0,65535_65535,0,1,97497,771,1,1,1,51,771,28,1,1,allocated
45,601,normal,0,0,65535_65535,0,4,137170,327,0,1,0,50,0,16,1,1,pre_allocation
45,601,normal,0,0,65535_65535,0,4,137170,333,1,1,1,51,333,16,1,1,allocated
45,601,normal,0,0,65535_65535,0,1,97497,771,0,1,0,51,0,28,1,1,pre_allocation
45,601,normal,0,0,65535_65535,0,1,97497,786,1,1,1,52,786,28,1,1,allocated
45,601,normal,0,0,65535_65535,0,4,137170,333,0,1,0,51,0,16,1,1,pre_allocation
45,601,normal,0,0,65535_65535,0,4,137170,340,1,1,1,52,340,16,1,1,allocated
45,601,normal,0,0,65535_65535,0,1,97497,786,0,1,0,52,0,28,1,1,pre_allocation
45,601,normal,0,0,65535_65535,0,1,97497,801,1,1,1,53,801,28,1,1,allocated
45,601,normal,0,0,65535_65535,0,4,137170,340,0,1,0,52,0,16,1,1,pre_allocation
45,601,normal,0,0,65535_65535,0,4,137170,346,1,1,1,53,346,16,1,1,allocated
45,601,normal,0,0,65535_65535,0,1,97497,801,0,1,0,53,0,28,1,1,pre_allocation
45,601,normal,0,0,65535_65535,0,1,97497,816,1,1,1,54,816,28,1,1,allocated
45,601,normal,0,0,65535_65535,0,4,137170,346,0,1,0,53,0,16,1,1,pre_allocation
45,601,normal,0,0,65535_65535,0,4,137170,353,1,1,1,54,353,16,1,1,allocated
45,601,normal,0,0,65535_65535,0,1,97497,816,0,1,0,54,0,28,1,1,pre_allocation
45,601,normal,0,0,65535_65535,0,1,97497,831,1,1,1,55,831,28,1,1,allocated
45,601,normal,0,0,65535_65535,0,4,137170,353,0,1,0,54,0,16,1,1,pre_allocation
45,601,normal,0,0,65535_65535,0,4,137170,360,1,1,1,55,360,16,1,1,allocated
45,601,normal,0,0,65535_65535,0,1,97497,831,0,1,0,55,0,28,1,1,pre_allocation
45,601,normal,0,0,65535_65535,0,1,97497,847,1,1,1,56,847,28,1,1,allocated
45,601,normal,0,0,65535_65535,0,4,137170,360,0,1,0,55,0,16,1,1,pre_allocation
45,601,normal,0,0,65535_65535,0,4,137170,366,1,1,1,56,366,16,1,1,allocated
45,601,normal,0,0,65535_65535,0,1,97497,847,0,1,0,56,0,28,1,1,pre_allocation
45,601,normal,0,0,65535_65535,0,1,97497,862,1,1,1,57,862,28,1,1,allocated
45,601,normal,0,0,65535_65535,0,4,137170,366,0,1,0,56,0,16,1,1,pre_allocation
45,601,normal,0,0,65535_65535,0,4,137170,373,1,1,1,57,373,16,1,1,allocated
45,601,normal,0,0,65535_65535,0,1,97497,862,0,1,0,57,0,28,1,1,pre_allocation
45,601,normal,0,0,65535_65535,0,1,97497,877,1,1,1,58,877,28,1,1,allocated
45,601,normal,0,0,65535_65535,0,4,137170,373,0,1,0,57,0,16,1,1,pre_allocation
45,601,normal,0,0,65535_65535,0,4,137170,379,1,1,1,58,379,16,1,1,allocated
45,601,normal,0,0,65535_65535,0,1,97497,877,0,1,0,58,0,28,1,1,pre_allocation
45,601,normal,0,0,65535_65535,0,1,97497,892,1,1,1,59,892,28,1,1,allocated
45,601,normal,0,0,65535_65535,0,4,137170,379,0,1,0,58,0,16,1,1,pre_allocation
45,601,normal,0,0,65535_65535,0,4,137170,386,1,1,1,59,386,16,1,1,allocated
45,601,normal,0,0,65535_65535,0,1,97497,892,0,1,0,59,0,28,1,1,pre_allocation
45,601,normal,0,0,65535_65535,0,1,97497,907,1,1,1,60,907,28,1,1,allocated
45,601,normal,0,0,65535_65535,1,6,87,0,0,1,0,0,0,28,1,1,pre_allocation
45,601,normal,0,0,65535_65535,1,6,87,12,1,1,1,1,12,28,1,1,allocated
45,601,normal,0,0,65535_65535,1,7,87,0,0,1,0,0,0,28,1,1,pre_allocation
45,601,normal,0,0,65535_65535,1,7,87,12,1,1,1,1,12,28,1,1,allocated
45,601,normal,0,0,65535_65535,1,8,87,0,0,1,0,0,0,28,1,1,pre_allocation
45,601,normal,0,0,65535_65535,1,8,87,12,1,1,1,1,12,28,1,1,allocated
45,601,normal,0,0,65535_65535,1,9,87,0,0,1,0,0,0,28,1,1,pre_allocation
45,601,normal,0,0,65535_65535,1,9,87,12,1,1,1,1,12,28,1,1,allocated
45,601,normal,0,0,65535_65535,1,6,87,12,0,1,0,1,0,28,1,1,pre_allocation
45,601,normal,0,0,65535_65535,1,6,87,27,1,1,1,2,27,28,1,1,allocated
45,601,normal,0,0,65535_65535,1,7,87,12,0,1,0,1,0,28,1,1,pre_allocation
45,601,normal,0,0,65535_65535,1,7,87,27,1,1,1,2,27,28,1,1,allocated
45,601,normal,0,0,65535_65535,1,8,87,12,0,1,0,1,0,28,1,1,pre_allocation
45,601,normal,0,0,65535_65535,1,8,87,27,1,1,1,2,27,28,1,1,allocated
45,601,normal,0,0,65535_65535,1,9,87,12,0,1,0,1,0,28,1,1,pre_allocation
45,601,normal,0,0,65535_65535,1,9,87,27,1,1,1,2,27,28,1,1,allocated
45,601,normal,0,0,65535_65535,1,6,87,27,0,1,0,2,0,28,1,1,pre_allocation
45,601,normal,0,0,65535_65535,1,6,87,42,1,1,1,3,42,28,1,1,allocated
45,601,normal,0,0,65535_65535,1,7,87,27,0,1,0,2,0,28,1,1,pre_allocation
45,601,normal,0,0,65535_65535,1,7,87,42,1,1,1,3,42,28,1,1,allocated
45,601,normal,0,0,65535_65535,1,8,87,27,0,1,0,2,0,28,1,1,pre_allocation
45,601,normal,0,0,65535_65535,1,8,87,42,1,1,1,3,42,28,1,1,allocated
45,601,normal,0,0,65535_65535,1,9,87,27,0,1,0,2,0,28,1,1,pre_allocation
45,601,normal,0,0,65535_65535,1,9,87,42,1,1,1,3,42,28,1,1,allocated
45,601,normal,0,0,65535_65535,1,6,87,42,0,1,0,3,0,28,1,1,pre_allocation
45,601,normal,0,0,65535_65535,1,6,87,57,1,1,1,4,57,28,1,1,allocated
45,601,normal,0,0,65535_65535,1,7,87,42,0,1,0,3,0,28,1,1,pre_allocation
45,601,normal,0,0,65535_65535,1,7,87,57,1,1,1,4,57,28,1,1,allocated
45,601,normal,0,0,65535_65535,1,8,87,42,0,1,0,3,0,28,1,1,pre_allocation
45,601,normal,0,0,65535_65535,1,8,87,57,1,1,1,4,57,28,1,1,allocated
45,601,normal,0,0,65535_65535,1,9,87,42,0,1,0,3,0,28,1,1,pre_allocation
45,601,normal,0,0,65535_65535,1,9,87,57,1,1,1,4,57,28,1,1,allocated
45,601,normal,0,0,65535_65535,1,6,87,57,0,1,0,4,0,28,1,1,pre_allocation
45,601,normal,0,0,65535_65535,1,6,87,72,1,1,1,5,72,28,1,1,allocated
45,601,normal,0,0,65535_65535,1,7,87,57,0,1,0,4,0,28,1,1,pre_allocation
45,601,normal,0,0,65535_65535,1,7,87,72,1,1,1,5,72,28,1,1,allocated
45,601,normal,0,0,65535_65535,1,8,87,57,0,1,0,4,0,28,1,1,pre_allocation
45,601,normal,0,0,65535_65535,1,8,87,72,1,1,1,5,72,28,1,1,allocated
45,601,normal,0,0,65535_65535,1,9,87,57,0,1,0,4,0,28,1,1,pre_allocation
45,601,normal,0,0,65535_65535,1,9,87,72,1,1,1,5,72,28,1,1,allocated
45,601,normal,0,0,65535_65535,1,6,87,72,0,1,0,5,0,28,1,1,pre_allocation
45,601,normal,0,0,65535_65535,1,6,87,88,1,1,1,6,88,28,1,1,allocated
45,601,normal,0,0,65535_65535,1,7,87,72,0,1,0,5,0,28,1,1,pre_allocation
45,601,normal,0,0,65535_65535,1,7,87,88,1,1,1,6,88,28,1,1,allocated
45,601,normal,0,0,65535_65535,1,8,87,72,0,1,0,5,0,28,1,1,pre_allocation
45,601,normal,0,0,65535_65535,1,8,87,88,1,1,1,6,88,28,1,1,allocated
45,601,normal,0,0,65535_65535,1,9,87,72,0,1,0,5,0,28,1,1,pre_allocation
45,601,normal,0,0,65535_65535,1,9,87,88,1,1,1,6,88,28,1,1,allocated
45,601,normal,0,0,65535_65535,1,6,87,88,0,1,0,6,0,28,1,1,pre_allocation
45,601,normal,0,0,65535_65535,1,6,87,103,1,1,1,7,103,28,1,1,allocated
45,601,normal,0,0,65535_65535,1,7,87,88,0,1,0,6,0,28,1,1,pre_allocation
45,601,normal,0,0,65535_65535,1,7,87,103,1,1,1,7,103,28,1,1,allocated
45,601,normal,0,0,65535_65535,1,8,87,88,0,1,0,6,0,28,1,1,pre_allocation
45,601,normal,0,0,65535_65535,1,8,87,103,1,1,1,7,103,28,1,1,allocated
45,601,normal,0,0,65535_65535,1,9,87,88,0,1,0,6,0,28,1,1,pre_allocation
45,601,normal,0,0,65535_65535,1,9,87,103,1,1,1,7,103,28,1,1,allocated
45,601,normal,0,0,65535_65535,1,6,87,103,0,1,0,7,0,28,1,1,pre_allocation
45,601,normal,0,0,65535_65535,1,6,87,118,1,1,1,8,118,28,1,1,allocated
45,601,normal,0,0,65535_65535,1,7,87,103,0,1,0,7,0,28,1,1,pre_allocation
45,601,normal,0,0,65535_65535,1,7,87,118,1,1,1,8,118,28,1,1,allocated
45,601,normal,0,0,65535_65535,1,8,87,103,0,1,0,7,0,28,1,1,pre_allocation
45,601,normal,0,0,65535_65535,1,8,87,118,1,1,1,8,118,28,1,1,allocated
45,601,normal,0,0,65535_65535,1,9,87,103,0,1,0,7,0,28,1,1,pre_allocation
45,601,normal,0,0,65535_65535,1,9,87,118,1,1,1,8,118,28,1,1,allocated
45,601,normal,0,0,65535_65535,1,6,87,118,0,1,0,8,0,28,1,1,pre_allocation
45,601,normal,0,0,65535_65535,1,6,87,133,1,1,1,9,133,28,1,1,allocated
45,601,normal,0,0,65535_65535,1,7,87,118,0,1,0,8,0,28,1,1,pre_allocation
45,601,normal,0,0,65535_65535,1,7,87,133,1,1,1,9,133,28,1,1,allocated
45,601,normal,0,0,65535_65535,1,8,87,118,0,1,0,8,0,28,1,1,pre_allocation
45,601,normal,0,0,65535_65535,1,8,87,133,1,1,1,9,133,28,1,1,allocated
45,601,normal,0,0,65535_65535,1,9,87,118,0,1,0,8,0,28,1,1,pre_allocation
45,601,normal,0,0,65535_65535,1,9,87,133,1,1,1,9,133,28,1,1,allocated
45,601,normal,0,0,65535_65535,1,6,87,133,0,1,0,9,0,28,1,1,pre_allocation
45,601,normal,0,0,65535_65535,1,6,87,148,1,1,1,10,148,28,1,1,allocated
45,601,normal,0,0,65535_65535,1,7,87,133,0,1,0,9,0,28,1,1,pre_allocation
45,601,normal,0,0,65535_65535,1,7,87,148,1,1,1,10,148,28,1,1,allocated
45,601,normal,0,0,65535_65535,1,8,87,133,0,1,0,9,0,28,1,1,pre_allocation
45,601,normal,0,0,65535_65535,1,8,87,148,1,1,1,10,148,28,1,1,allocated
45,601,normal,0,0,65535_65535,1,9,87,133,0,1,0,9,0,28,1,1,pre_allocation
45,601,normal,0,0,65535_65535,1,9,87,148,1,1,1,10,148,28,1,1,allocated
45,601,normal,0,0,65535_65535,1,6,87,148,0,1,0,10,0,28,1,1,pre_allocation
45,601,normal,0,0,65535_65535,1,6,87,163,1,1,1,11,163,28,1,1,allocated
45,601,normal,0,0,65535_65535,1,7,87,148,0,1,0,10,0,28,1,1,pre_allocation
45,601,normal,0,0,65535_65535,1,7,87,163,1,1,1,11,163,28,1,1,allocated
45,601,normal,0,0,65535_65535,1,8,87,148,0,1,0,10,0,28,1,1,pre_allocation
45,601,normal,0,0,65535_65535,1,8,87,163,1,1,1,11,163,28,1,1,allocated
45,601,normal,0,0,65535_65535,1,9,87,148,0,1,0,10,0,28,1,1,pre_allocation
45,601,normal,0,0,65535_65535,1,9,87,163,1,1,1,11,163,28,1,1,allocated
45,601,normal,0,0,65535_65535,1,6,87,163,0,1,0,11,0,28,1,1,pre_allocation
45,601,normal,0,0,65535_65535,1,6,87,179,1,1,1,12,179,28,1,1,allocated
45,601,normal,0,0,65535_65535,1,7,87,163,0,1,0,11,0,28,1,1,pre_allocation
45,601,normal,0,0,65535_65535,1,7,87,179,1,1,1,12,179,28,1,1,allocated
45,601,normal,0,0,65535_65535,1,8,87,163,0,1,0,11,0,28,1,1,pre_allocation
45,601,normal,0,0,65535_65535,1,8,87,179,1,1,1,12,179,28,1,1,allocated
45,601,normal,0,0,65535_65535,1,9,87,163,0,1,0,11,0,28,1,1,pre_allocation
45,601,normal,0,0,65535_65535,1,9,87,179,1,1,1,12,179,28,1,1,allocated
45,601,normal,0,0,65535_65535,1,6,87,179,0,1,0,12,0,28,1,1,pre_allocation
45,601,normal,0,0,65535_65535,1,6,87,194,1,1,1,13,194,28,1,1,allocated
45,601,normal,0,0,65535_65535,1,7,87,179,0,1,0,12,0,28,1,1,pre_allocation
45,601,normal,0,0,65535_65535,1,7,87,194,1,1,1,13,194,28,1,1,allocated
45,601,normal,0,0,65535_65535,1,8,87,179,0,1,0,12,0,28,1,1,pre_allocation
45,601,normal,0,0,65535_65535,1,8,87,194,1,1,1,13,194,28,1,1,allocated
45,601,normal,0,0,65535_65535,1,9,87,179,0,1,0,12,0,28,1,1,pre_allocation
45,601,normal,0,0,65535_65535,1,9,87,194,1,1,1,13,194,28,1,1,allocated
45,601,normal,0,0,65535_65535,1,6,87,194,0,1,0,13,0,28,1,1,pre_allocation
45,601,normal,0,0,65535_65535,1,6,87,209,1,1,1,14,209,28,1,1,allocated
45,601,normal,0,0,65535_65535,1,7,87,194,0,1,0,13,0,28,1,1,pre_allocation
45,601,normal,0,0,65535_65535,1,7,87,209,1,1,1,14,209,28,1,1,allocated
45,601,normal,0,0,65535_65535,1,8,87,194,0,1,0,13,0,28,1,1,pre_allocation
45,601,normal,0,0,65535_65535,1,8,87,209,1,1,1,14,209,28,1,1,allocated
45,601,normal,0,0,65535_65535,1,9,87,194,0,1,0,13,0,28,1,1,pre_allocation
45,601,normal,0,0,65535_65535,1,9,87,209,1,1,1,14,209,28,1,1,allocated
45,601,normal,0,0,65535_65535,1,6,87,209,0,1,0,14,0,28,1,1,pre_allocation
45,601,normal,0,0,65535_65535,1,6,87,224,1,1,1,15,224,28,1,1,allocated
45,601,normal,0,0,65535_65535,1,7,87,209,0,1,0,14,0,28,1,1,pre_allocation
45,601,normal,0,0,65535_65535,1,7,87,224,1,1,1,15,224,28,1,1,allocated
45,601,normal,0,0,65535_65535,1,8,87,209,0,1,0,14,0,28,1,1,pre_allocation
45,601,normal,0,0,65535_65535,1,8,87,224,1,1,1,15,224,28,1,1,allocated
45,601,normal,0,0,65535_65535,1,9,87,209,0,1,0,14,0,28,1,1,pre_allocation
45,601,normal,0,0,65535_65535,1,9,87,224,1,1,1,15,224,28,1,1,allocated
45,601,normal,0,0,65535_65535,1,6,87,224,0,1,0,15,0,28,1,1,pre_allocation
45,601,normal,0,0,65535_65535,1,6,87,239,1,1,1,16,239,28,1,1,allocated
45,601,normal,0,0,65535_65535,1,7,87,224,0,1,0,15,0,28,1,1,pre_allocation
45,601,normal,0,0,65535_65535,1,7,87,239,1,1,1,16,239,28,1,1,allocated
45,601,normal,0,0,65535_65535,1,8,87,224,0,1,0,15,0,28,1,1,pre_allocation
45,601,normal,0,0,65535_65535,1,8,87,239,1,1,1,16,239,28,1,1,allocated
45,601,normal,0,0,65535_65535,1,9,87,224,0,1,0,15,0,28,1,1,pre_allocation
45,601,normal,0,0,65535_65535,1,9,87,239,1,1,1,16,239,28,1,1,allocated
45,601,normal,0,0,65535_65535,1,6,87,239,0,1,0,16,0,28,1,1,pre_allocation
45,601,normal,0,0,65535_65535,1,6,87,255,1,1,1,17,255,28,1,1,allocated
45,601,normal,0,0,65535_65535,1,7,87,239,0,1,0,16,0,28,1,1,pre_allocation
45,601,normal,0,0,65535_65535,1,7,87,255,1,1,1,17,255,28,1,1,allocated
45,601,normal,0,0,65535_65535,1,8,87,239,0,1,0,16,0,28,1,1,pre_allocation
45,601,normal,0,0,65535_65535,1,8,87,255,1,1,1,17,255,28,1,1,allocated
45,601,normal,0,0,65535_65535,1,9,87,239,0,1,0,16,0,28,1,1,pre_allocation
45,601,normal,0,0,65535_65535,1,9,87,255,1,1,1,17,255,28,1,1,allocated
45,601,normal,0,0,65535_65535,1,6,87,255,0,1,0,17,0,28,1,1,pre_allocation
45,601,normal,0,0,65535_65535,1,6,87,270,1,1,1,18,270,28,1,1,allocated
45,601,normal,0,0,65535_65535,1,7,87,255,0,1,0,17,0,28,1,1,pre_allocation
45,601,normal,0,0,65535_65535,1,7,87,270,1,1,1,18,270,28,1,1,allocated
45,601,normal,0,0,65535_65535,1,8,87,255,0,1,0,17,0,28,1,1,pre_allocation
45,601,normal,0,0,65535_65535,1,8,87,270,1,1,1,18,270,28,1,1,allocated
45,601,normal,0,0,65535_65535,1,9,87,255,0,1,0,17,0,28,1,1,pre_allocation
45,601,normal,0,0,65535_65535,1,9,87,270,1,1,1,18,270,28,1,1,allocated
45,601,normal,0,0,65535_65535,1,6,87,270,0,1,0,18,0,28,1,1,pre_allocation
45,601,normal,0,0,65535_65535,1,6,87,285,1,1,1,19,285,28,1,1,allocated
45,601,normal,0,0,65535_65535,1,7,87,270,0,1,0,18,0,28,1,1,pre_allocation
45,601,normal,0,0,65535_65535,1,7,87,285,1,1,1,19,285,28,1,1,allocated
45,601,normal,0,0,65535_65535,1,8,87,270,0,1,0,18,0,28,1,1,pre_allocation
45,601,normal,0,0,65535_65535,1,8,87,285,1,1,1,19,285,28,1,1,allocated
45,601,normal,0,0,65535_65535,1,9,87,270,0,1,0,18,0,28,1,1,pre_allocation
45,601,normal,0,0,65535_65535,1,9,87,285,1,1,1,19,285,28,1,1,allocated
45,601,normal,0,0,65535_65535,1,6,87,285,0,1,0,19,0,28,1,1,pre_allocation
45,601,normal,0,0,65535_65535,1,6,87,300,1,1,1,20,300,28,1,1,allocated
45,601,normal,0,0,65535_65535,1,7,87,285,0,1,0,19,0,28,1,1,pre_allocation
45,601,normal,0,0,65535_65535,1,7,87,300,1,1,1,20,300,28,1,1,allocated
45,601,normal,0,0,65535_65535,1,8,87,285,0,1,0,19,0,28,1,1,pre_allocation
45,601,normal,0,0,65535_65535,1,8,87,300,1,1,1,20,300,28,1,1,allocated
45,601,normal,0,0,65535_65535,1,9,87,285,0,1,0,19,0,28,1,1,pre_allocation
45,601,normal,0,0,65535_65535,1,9,87,300,1,1,1,20,300,28,1,1,allocated
45,601,normal,0,0,65535_65535,1,6,87,300,0,1,0,20,0,28,1,1,pre_allocation
45,601,normal,0,0,65535_65535,1,6,87,315,1,1,1,21,315,28,1,1,allocated
45,601,normal,0,0,65535_65535,1,7,87,300,0,1,0,20,0,28,1,1,pre_allocation
45,601,normal,0,0,65535_65535,1,7,87,315,1,1,1,21,315,28,1,1,allocated
45,601,normal,0,0,65535_65535,1,8,87,300,0,1,0,20,0,28,1,1,pre_allocation
45,601,normal,0,0,65535_65535,1,8,87,315,1,1,1,21,315,28,1,1,allocated
45,601,normal,0,0,65535_65535,1,9,87,300,0,1,0,20,0,28,1,1,pre_allocation
45,601,normal,0,0,65535_65535,1,9,87,315,1,1,1,21,315,28,1,1,allocated
45,601,normal,0,0,65535_65535,1,6,87,315,0,1,0,21,0,28,1,1,pre_allocation
45,601,normal,0,0,65535_65535,1,6,87,330,1,1,1,22,330,28,1,1,allocated
45,601,normal,0,0,65535_65535,1,7,87,315,0,1,0,21,0,28,1,1,pre_allocation
45,601,normal,0,0,65535_65535,1,7,87,330,1,1,1,22,330,28,1,1,allocated
45,601,normal,0,0,65535_65535,1,8,87,315,0,1,0,21,0,28,1,1,pre_allocation
45,601,normal,0,0,65535_65535,1,8,87,330,1,1,1,22,330,28,1,1,allocated
45,601,normal,0,0,65535_65535,1,9,87,315,0,1,0,21,0,28,1,1,pre_allocation
45,601,normal,0,0,65535_65535,1,9,87,330,1,1,1,22,330,28,1,1,allocated
45,601,normal,0,0,65535_65535,1,6,87,330,0,1,0,22,0,28,1,1,pre_allocation
45,601,normal,0,0,65535_65535,1,6,87,346,1,1,1,23,346,28,1,1,allocated
45,601,normal,0,0,65535_65535,1,7,87,330,0,1,0,22,0,28,1,1,pre_allocation
45,601,normal,0,0,65535_65535,1,7,87,346,1,1,1,23,346,28,1,1,allocated
45,601,normal,0,0,65535_65535,1,8,87,330,0,1,0,22,0,28,1,1,pre_allocation
45,601,normal,0,0,65535_65535,1,8,87,346,1,1,1,23,346,28,1,1,allocated
45,601,normal,0,0,65535_65535,1,9,87,330,0,1,0,22,0,28,1,1,pre_allocation
45,601,normal,0,0,65535_65535,1,9,87,346,1,1,1,23,346,28,1,1,allocated
45,601,normal,0,0,65535_65535,1,6,87,346,0,1,0,23,0,28,1,1,pre_allocation
45,601,normal,0,0,65535_65535,1,6,87,361,1,1,1,24,361,28,1,1,allocated
45,601,normal,0,0,65535_65535,1,7,87,346,0,1,0,23,0,28,1,1,pre_allocation
45,601,normal,0,0,65535_65535,1,7,87,361,1,1,1,24,361,28,1,1,allocated
45,601,normal,0,0,65535_65535,1,8,87,346,0,1,0,23,0,28,1,1,pre_allocation
45,601,normal,0,0,65535_65535,1,8,87,361,1,1,1,24,361,28,1,1,allocated
45,601,normal,0,0,65535_65535,1,9,87,346,0,1,0,23,0,28,1,1,pre_allocation
45,601,normal,0,0,65535_65535,1,9,87,361,1,1,1,24,361,28,1,1,allocated
45,601,normal,0,0,65535_65535,1,6,87,361,0,1,0,24,0,28,1,1,pre_allocation
45,601,normal,0,0,65535_65535,1,6,87,376,1,1,1,25,376,28,1,1,allocated
45,601,normal,0,0,65535_65535,1,7,87,361,0,1,0,24,0,28,1,1,pre_allocation
45,601,normal,0,0,65535_65535,1,7,87,376,1,1,1,25,376,28,1,1,allocated
45,601,normal,0,0,65535_65535,1,8,87,361,0,1,0,24,0,28,1,1,pre_allocation
45,601,normal,0,0,65535_65535,1,8,87,376,1,1,1,25,376,28,1,1,allocated
45,601,normal,0,0,65535_65535,1,9,87,361,0,1,0,24,0,28,1,1,pre_allocation
45,601,normal,0,0,65535_65535,1,9,87,376,1,1,1,25,376,28,1,1,allocated
45,601,normal,0,0,65535_65535,1,6,87,376,0,1,0,25,0,28,1,1,pre_allocation
45,601,normal,0,0,65535_65535,1,6,87,391,1,1,1,26,391,28,1,1,allocated
45,601,normal,0,0,65535_65535,1,7,87,376,0,1,0,25,0,28,1,1,pre_allocation
45,601,normal,0,0,65535_65535,1,7,87,391,1,1,1,26,391,28,1,1,allocated
45,601,normal,0,0,65535_65535,1,8,87,376,0,1,0,25,0,28,1,1,pre_allocation
45,601,normal,0,0,65535_65535,1,8,87,391,1,1,1,26,391,28,1,1,allocated
45,601,normal,0,0,65535_65535,1,9,87,376,0,1,0,25,0,28,1,1,pre_allocation
45,601,normal,0,0,65535_65535,1,9,87,391,1,1,1,26,391,28,1,1,allocated
45,601,normal,0,0,65535_65535,1,6,87,391,0,1,0,26,0,28,1,1,pre_allocation
45,601,normal,0,0,65535_65535,1,6,87,406,1,1,1,27,406,28,1,1,allocated
45,601,normal,0,0,65535_65535,1,7,87,391,0,1,0,26,0,28,1,1,pre_allocation
45,601,normal,0,0,65535_65535,1,7,87,406,1,1,1,27,406,28,1,1,allocated
45,601,normal,0,0,65535_65535,1,8,87,391,0,1,0,26,0,28,1,1,pre_allocation
45,601,normal,0,0,65535_65535,1,8,87,406,1,1,1,27,406,28,1,1,allocated
45,601,normal,0,0,65535_65535,1,9,87,391,0,1,0,26,0,28,1,1,pre_allocation
45,601,normal,0,0,65535_65535,1,9,87,406,1,1,1,27,406,28,1,1,allocated
45,601,normal,0,0,65535_65535,1,6,87,406,0,1,0,27,0,28,1,1,pre_allocation
45,601,normal,0,0,65535_65535,1,6,87,422,1,1,1,28,422,28,1,1,allocated
45,601,normal,0,0,65535_65535,1,7,87,406,0,1,0,27,0,28,1,1,pre_allocation
45,601,normal,0,0,65535_65535,1,7,87,422,1,1,1,28,422,28,1,1,allocated
45,601,normal,0,0,65535_65535,1,8,87,406,0,1,0,27,0,28,1,1,pre_allocation
45,601,normal,0,0,65535_65535,1,8,87,422,1,1,1,28,422,28,1,1,allocated
45,601,normal,0,0,65535_65535,1,9,87,406,0,1,0,27,0,28,1,1,pre_allocation
45,601,normal,0,0,65535_65535,1,9,87,422,1,1,1,28,422,28,1,1,allocated
45,601,normal,0,0,65535_65535,1,6,87,422,0,1,0,28,0,28,1,1,pre_allocation
45,601,normal,0,0,65535_65535,1,6,87,437,1,1,1,29,437,28,1,1,allocated
45,601,normal,0,0,65535_65535,1,7,87,422,0,1,0,28,0,28,1,1,pre_allocation
45,601,normal,0,0,65535_65535,1,7,87,437,1,1,1,29,437,28,1,1,allocated
45,601,normal,0,0,65535_65535,1,8,87,422,0,1,0,28,0,28,1,1,pre_allocation
45,601,normal,0,0,65535_65535,1,8,87,437,1,1,1,29,437,28,1,1,allocated
45,601,normal,0,0,65535_65535,1,9,87,422,0,1,0,28,0,28,1,1,pre_allocation
45,601,normal,0,0,65535_65535,1,9,87,437,1,1,1,29,437,28,1,1,allocated
45,601,normal,0,0,65535_65535,1,6,87,437,0,1,0,29,0,28,1,1,pre_allocation
45,601,normal,0,0,65535_65535,1,6,87,452,1,1,1,30,452,28,1,1,allocated
45,601,normal,0,0,65535_65535,1,7,87,437,0,1,0,29,0,28,1,1,pre_allocation
45,601,normal,0,0,65535_65535,1,7,87,452,1,1,1,30,452,28,1,1,allocated
45,601,normal,0,0,65535_65535,1,8,87,437,0,1,0,29,0,28,1,1,pre_allocation
45,601,normal,0,0,65535_65535,1,8,87,452,1,1,1,30,452,28,1,1,allocated
45,601,normal,0,0,65535_65535,1,9,87,437,0,1,0,29,0,28,1,1,pre_allocation
45,601,normal,0,0,65535_65535,1,9,87,452,1,1,1,30,452,28,1,1,allocated
45,601,normal,0,0,65535_65535,1,6,87,452,0,1,0,30,0,28,1,1,pre_allocation
45,601,normal,0,0,65535_65535,1,6,87,467,1,1,1,31,467,28,1,1,allocated
45,601,normal,0,0,65535_65535,1,7,87,452,0,1,0,30,0,28,1,1,pre_allocation
45,601,normal,0,0,65535_65535,1,7,87,467,1,1,1,31,467,28,1,1,allocated
45,601,normal,0,0,65535_65535,1,8,87,452,0,1,0,30,0,28,1,1,pre_allocation
45,601,normal,0,0,65535_65535,1,8,87,467,1,1,1,31,467,28,1,1,allocated
45,601,normal,0,0,65535_65535,1,9,87,452,0,1,0,30,0,28,1,1,pre_allocation
45,601,normal,0,0,65535_65535,1,9,87,467,1,1,1,31,467,28,1,1,allocated
45,601,normal,0,0,65535_65535,1,6,87,467,0,1,0,31,0,28,1,1,pre_allocation
45,601,normal,0,0,65535_65535,1,6,87,482,1,1,1,32,482,28,1,1,allocated
45,601,normal,0,0,65535_65535,1,7,87,467,0,1,0,31,0,28,1,1,pre_allocation
45,601,normal,0,0,65535_65535,1,7,87,482,1,1,1,32,482,28,1,1,allocated
45,601,normal,0,0,65535_65535,1,8,87,467,0,1,0,31,0,28,1,1,pre_allocation
45,601,normal,0,0,65535_65535,1,8,87,482,1,1,1,32,482,28,1,1,allocated
45,601,normal,0,0,65535_65535,1,9,87,467,0,1,0,31,0,28,1,1,pre_allocation
45,601,normal,0,0,65535_65535,1,9,87,482,1,1,1,32,482,28,1,1,allocated
45,601,normal,0,0,65535_65535,1,6,87,482,0,1,0,32,0,28,1,1,pre_allocation
45,601,normal,0,0,65535_65535,1,6,87,497,1,1,1,33,497,28,1,1,allocated
45,601,normal,0,0,65535_65535,1,7,87,482,0,1,0,32,0,28,1,1,pre_allocation
45,601,normal,0,0,65535_65535,1,7,87,497,1,1,1,33,497,28,1,1,allocated
45,601,normal,0,0,65535_65535,1,8,87,482,0,1,0,32,0,28,1,1,pre_allocation
45,601,normal,0,0,65535_65535,1,8,87,497,1,1,1,33,497,28,1,1,allocated
45,601,normal,0,0,65535_65535,1,9,87,482,0,1,0,32,0,28,1,1,pre_allocation
45,601,normal,0,0,65535_65535,1,9,87,497,1,1,1,33,497,28,1,1,allocated
45,601,normal,0,0,65535_65535,1,6,87,497,0,1,0,33,0,28,1,1,pre_allocation
45,601,normal,0,0,65535_65535,1,6,87,513,1,1,1,34,513,28,1,1,allocated
45,601,normal,0,0,65535_65535,1,7,87,497,0,1,0,33,0,28,1,1,pre_allocation
45,601,normal,0,0,65535_65535,1,7,87,513,1,1,1,34,513,28,1,1,allocated
45,601,normal,0,0,65535_65535,1,8,87,497,0,1,0,33,0,28,1,1,pre_allocation
45,601,normal,0,0,65535_65535,1,8,87,513,1,1,1,34,513,28,1,1,allocated
45,601,normal,0,0,65535_65535,1,9,87,497,0,1,0,33,0,28,1,1,pre_allocation
45,601,normal,0,0,65535_65535,1,9,87,513,1,1,1,34,513,28,1,1,allocated
45,601,normal,0,0,65535_65535,1,6,87,513,0,1,0,34,0,28,1,1,pre_allocation
45,601,normal,0,0,65535_65535,1,6,87,528,1,1,1,35,528,28,1,1,allocated
45,601,normal,0,0,65535_65535,1,7,87,513,0,1,0,34,0,28,1,1,pre_allocation
45,601,normal,0,0,65535_65535,1,7,87,528,1,1,1,35,528,28,1,1,allocated
45,601,normal,0,0,65535_65535,1,8,87,513,0,1,0,34,0,28,1,1,pre_allocation
45,601,normal,0,0,65535_65535,1,8,87,528,1,1,1,35,528,28,1,1,allocated
45,601,normal,0,0,65535_65535,1,9,87,513,0,1,0,34,0,28,1,1,pre_allocation
45,601,normal,0,0,65535_65535,1,9,87,528,1,1,1,35,528,28,1,1,allocated
45,601,normal,0,0,65535_65535,1,6,87,528,0,1,0,35,0,28,1,1,pre_allocation
45,601,normal,0,0,65535_65535,1,6,87,543,1,1,1,36,543,28,1,1,allocated
45,601,normal,0,0,65535_65535,1,7,87,528,0,1,0,35,0,28,1,1,pre_allocation
45,601,normal,0,0,65535_65535,1,7,87,543,1,1,1,36,543,28,1,1,allocated
45,601,normal,0,0,65535_65535,1,8,87,528,0,1,0,35,0,28,1,1,pre_allocation
45,601,normal,0,0,65535_65535,1,8,87,543,1,1,1,36,543,28,1,1,allocated
45,601,normal,0,0,65535_65535,1,9,87,528,0,1,0,35,0,28,1,1,pre_allocation
45,601,normal,0,0,65535_65535,1,9,87,543,1,1,1,36,543,28,1,1,allocated
45,601,normal,0,0,65535_65535,1,6,87,543,0,1,0,36,0,28,1,1,pre_allocation
45,601,normal,0,0,65535_65535,1,6,87,558,1,1,1,37,558,28,1,1,allocated
45,601,normal,0,0,65535_65535,1,7,87,543,0,1,0,36,0,28,1,1,pre_allocation
45,601,normal,0,0,65535_65535,1,7,87,558,1,1,1,37,558,28,1,1,allocated
45,601,normal,0,0,65535_65535,1,8,87,543,0,1,0,36,0,28,1,1,pre_allocation
45,601,normal,0,0,65535_65535,1,8,87,558,1,1,1,37,558,28,1,1,allocated
157,699,normal,0,0,65535_65535,0,1,3069,0,0,1,0,0,0,28,1,1,pre_allocation
157,699,normal,0,0,65535_65535,0,1,3069,57,1,1,1,1,57,28,1,1,allocated
157,699,normal,0,0,65535_65535,0,4,128161,0,0,1,0,0,0,16,1,1,pre_allocation
157,699,normal,0,0,65535_65535,0,4,128161,23,1,1,1,1,23,16,1,1,allocated
157,699,normal,0,0,65535_65535,0,1,3069,57,0,1,0,1,0,28,1,1,pre_allocation
157,699,normal,0,0,65535_65535,0,1,3069,118,1,1,1,2,118,28,1,1,allocated
157,699,normal,0,0,65535_65535,0,4,128161,23,0,1,0,1,0,16,1,1,pre_allocation
157,699,normal,0,0,65535_65535,0,4,128161,49,1,1,1,2,49,16,1,1,allocated
157,699,normal,0,0,65535_65535,0,1,3069,118,0,1,0,2,0,28,1,1,pre_allocation
157,699,normal,0,0,65535_65535,0,1,3069,179,1,1,1,3,179,28,1,1,allocated
157,699,normal,0,0,65535_65535,0,4,128161,49,0,1,0,2,0,16,1,1,pre_allocation
157,699,normal,0,0,65535_65535,0,4,128161,76,1,1,1,3,76,16,1,1,allocated
157,699,normal,0,0,65535_65535,0,1,3069,179,0,1,0,3,0,28,1,1,pre_allocation
157,699,normal,0,0,65535_65535,0,1,3069,239,1,1,1,4,239,28,1,1,allocated
157,699,normal,0,0,65535_65535,0,4,128161,76,0,1,0,3,0,16,1,1,pre_allocation
157,699,normal,0,0,65535_65535,0,4,128161,102,1,1,1,4,102,16,1,1,allocated
157,699,normal,0,0,65535_65535,0,1,3069,239,0,1,0,4,0,28,1,1,pre_allocation
157,699,normal,0,0,65535_65535,0,1,3069,300,1,1,1,5,300,28,1,1,allocated
157,699,normal,0,0,65535_65535,0,4,128161,102,0,1,0,4,0,16,1,1,pre_allocation
157,699,normal,0,0,65535_65535,0,4,128161,129,1,1,1,5,129,16,1,1,allocated
157,699,normal,0,0,65535_65535,0,1,3069,300,0,1,0,5,0,28,1,1,pre_allocation
157,699,normal,0,0,65535_65535,0,1,3069,361,1,1,1,6,361,28,1,1,allocated
157,699,normal,0,0,65535_65535,0,4,128161,129,0,1,0,5,0,16,1,1,pre_allocation
157,699,normal,0,0,65535_65535,0,4,128161,155,1,1,1,6,155,16,1,1,allocated
157,699,normal,0,0,65535_65535,0,1,3069,361,0,1,0,6,0,28,1,1,pre_allocation
157,699,normal,0,0,65535_65535,0,1,3069,422,1,1,1,7,422,28,1,1,allocated
157,699,normal,0,0,65535_65535,0,4,128161,155,0,1,0,6,0,16,1,1,pre_allocation
157,699,normal,0,0,65535_65535,0,4,128161,181,1,1,1,7,181,16,1,1,allocated
157,699,normal,0,0,65535_65535,0,1,3069,422,0,1,0,7,0,28,1,1,pre_allocation
157,699,normal,0,0,65535_65535,0,1,3069,482,1,1,1,8,482,28,1,1,allocated
157,699,normal,0,0,65535_65535,0,4,128161,181,0,1,0,7,0,16,1,1,pre_allocation
157,699,normal,0,0,65535_65535,0,4,128161,208,1,1,1,8,208,16,1,1,allocated
157,699,normal,0,0,65535_65535,0,1,3069,482,0,1,0,8,0,28,1,1,pre_allocation
157,699,normal,0,0,65535_65535,0,1,3069,543,1,1,1,9,543,28,1,1,allocated
157,699,normal,0,0,65535_65535,0,4,128161,208,0,1,0,8,0,16,1,1,pre_allocation
157,699,normal,0,0,65535_65535,0,4,128161,234,1,1,1,9,234,16,1,1,allocated
157,699,normal,0,0,65535_65535,0,1,3069,543,0,1,0,9,0,28,1,1,pre_allocation
157,699,normal,0,0,65535_65535,0,1,3069,604,1,1,1,10,604,28,1,1,allocated
157,699,normal,0,0,65535_65535,0,4,128161,234,0,1,0,9,0,16,1,1,pre_allocation
157,699,normal,0,0,65535_65535,0,4,128161,261,1,1,1,10,261,16,1,1,allocated
157,699,normal,0,0,65535_65535,0,1,3069,604,0,1,0,10,0,28,1,1,pre_allocation
157,699,normal,0,0,65535_65535,0,1,3069,664,1,1,1,11,664,28,1,1,allocated
157,699,normal,0,0,65535_65535,0,4,128161,261,0,1,0,10,0,16,1,1,pre_allocation
157,699,normal,0,0,65535_65535,0,4,128161,287,1,1,1,11,287,16,1,1,allocated
157,699,normal,0,0,65535_65535,0,1,3069,664,0,1,0,11,0,28,1,1,pre_allocation
157,699,normal,0,0,65535_65535,0,1,3069,725,1,1,1,12,725,28,1,1,allocated
157,699,normal,0,0,65535_65535,0,4,128161,287,0,1,0,11,0,16,1,1,pre_allocation
157,699,normal,0,0,65535_65535,0,4,128161,313,1,1,1,12,313,16,1,1,allocated
157,699,normal,0,0,65535_65535,0,1,3069,725,0,1,0,12,0,28,1,1,pre_allocation
157,699,normal,0,0,65535_65535,0,1,3069,786,1,1,1,13,786,28,1,1,allocated
157,699,normal,0,0,65535_65535,0,4,128161,313,0,1,0,12,0,16,1,1,pre_allocation
157,699,normal,0,0,65535_65535,0,4,128161,340,1,1,1,13,340,16,1,1,allocated
157,699,normal,0,0,65535_65535,0,1,3069,786,0,1,0,13,0,28,1,1,pre_allocation
157,699,normal,0,0,65535_65535,0,1,3069,847,1,1,1,14,847,28,1,1,allocated
157,699,normal,0,0,65535_65535,0,4,128161,340,0,1,0,13,0,16,1,1,pre_allocation
157,699,normal,0,0,65535_65535,0,4,128161,366,1,1,1,14,366,16,1,1,allocated
157,699,normal,0,0,65535_65535,0,1,3069,847,0,1,0,14,0,28,1,1,pre_allocation
157,699,normal,0,0,65535_65535,0,1,3069,907,1,1,1,15,907,28,1,1,allocated
157,699,normal,0,0,65535_65535,0,4,128161,366,0,1,0,14,0,16,1,1,pre_allocation
157,699,normal,0,0,65535_65535,0,4,128161,393,1,1,1,15,393,16,1,1,allocated
157,699,normal,0,0,65535_65535,0,1,3069,907,0,1,0,15,0,28,1,1,pre_allocation
157,699,normal,0,0,65535_65535,0,1,3069,968,1,1,1,16,968,28,1,1,allocated
157,699,normal,0,0,65535_65535,0,4,128161,393,0,1,0,15,0,16,1,1,pre_allocation
157,699,normal,0,0,65535_65535,0,4,128161,419,1,1,1,16,419,16,1,1,allocated
157,699,normal,0,0,65535_65535,0,1,3069,968,0,1,0,16,0,28,1,1,pre_allocation
157,699,normal,0,0,65535_65535,0,1,3069,1029,1,1,1,17,1029,28,1,1,allocated
157,699,normal,0,0,65535_65535,0,4,128161,419,0,1,0,16,0,16,1,1,pre_allocation
157,699,normal,0,0,65535_65535,0,4,128161,445,1,1,1,17,445,16,1,1,allocated
157,699,normal,0,0,65535_65535,0,1,3069,1029,0,1,0,17,0,28,1,1,pre_allocation
157,699,normal,0,0,65535_65535,0,1,3069,1089,1,1,1,18,1089,28,1,1,allocated
157,699,normal,0,0,65535_65535,0,4,128161,445,0,1,0,17,0,16,1,1,pre_allocation
157,699,normal,0,0,65535_65535,0,4,128161,472,1,1,1,18,472,16,1,1,allocated
157,699,normal,0,0,65535_65535,0,1,3069,1089,0,1,0,18,0,28,1,1,pre_allocation
157,699,normal,0,0,65535_65535,0,1,3069,1150,1,1,1,19,1150,28,1,1,allocated
157,699,normal,0,0,65535_65535,0,4,128161,472,0,1,0,18,0,16,1,1,pre_allocation
157,699,normal,0,0,65535_65535,0,4,128161,498,1,1,1,19,498,16,1,1,allocated
157,699,normal,0,0,65535_65535,0,1,3069,1150,0,1,0,19,0,28,1,1,pre_allocation
157,699,normal,0,0,65535_65535,0,1,3069,1211,1,1,1,20,1211,28,1,1,allocated
157,699,normal,0,0,65535_65535,0,4,128161,498,0,1,0,19,0,16,1,1,pre_allocation
157,699,normal,0,0,65535_65535,0,4,128161,525,1,1,1,20,525,16,1,1,allocated
157,699,normal,0,0,65535_65535,0,1,3069,1211,0,1,0,20,0,28,1,1,pre_allocation
157,699,normal,0,0,65535_65535,0,1,3069,1272,1,1,1,21,1272,28,1,1,allocated
157,699,normal,0,0,65535_65535,0,4,128161,525,0,1,0,20,0,16,1,1,pre_allocation
157,699,normal,0,0,65535_65535,0,4,128161,551,1,1,1,21,551,16,1,1,allocated
157,699,normal,0,0,65535_65535,0,1,3069,1272,0,1,0,21,0,28,1,1,pre_allocation
157,699,normal,0,0,65535_65535,0,1,3069,1332,1,1,1,22,1332,28,1,1,allocated
157,699,normal,0,0,65535_65535,0,4,128161,551,0,1,0,21,0,16,1,1,pre_allocation
157,699,normal,0,0,65535_65535,0,4,128161,577,1,1,1,22,577,16,1,1,allocated
157,699,normal,0,0,65535_65535,0,1,3069,1332,0,1,0,22,0,28,1,1,pre_allocation
157,699,normal,0,0,65535_65535,0,1,3069,1393,1,1,1,23,1393,28,1,1,allocated
157,699,normal,0,0,65535_65535,0,4,128161,577,0,1,0,22,0,16,1,1,pre_allocation
157,699,normal,0,0,65535_65535,0,4,128161,604,1,1,1,23,604,16,1,1,allocated
157,699,normal,0,0,65535_65535,0,1,3069,1393,0,1,0,23,0,28,1,1,pre_allocation
157,699,normal,0,0,65535_65535,0,1,3069,1454,1,1,1,24,1454,28,1,1,allocated
157,699,normal,0,0,65535_65535,0,4,128161,604,0,1,0,23,0,16,1,1,pre_allocation
157,699,normal,0,0,65535_65535,0,4,128161,630,1,1,1,24,630,16,1,1,allocated
157,699,normal,0,0,65535_65535,0,1,3069,1454,0,1,0,24,0,28,1,1,pre_allocation
157,699,normal,0,0,65535_65535,0,1,3069,1515,1,1,1,25,1515,28,1,1,allocated
157,699,normal,0,0,65535_65535,0,4,128161,630,0,1,0,24,0,16,1,1,pre_allocation
157,699,normal,0,0,65535_65535,0,4,128161,657,1,1,1,25,657,16,1,1,allocated
157,699,normal,0,0,65535_65535,0,1,3069,1515,0,1,0,25,0,28,1,1,pre_allocation
157,699,normal,0,0,65535_65535,0,1,3069,1572,1,1,1,26,1572,28,1,1,allocated
157,699,normal,0,0,65535_65535,0,4,128161,657,0,1,0,25,0,16,1,1,pre_allocation
157,699,normal,0,0,65535_65535,0,4,128161,683,1,1,1,26,683,16,1,1,allocated
157,699,normal,0,0,65535_65535,0,1,3069,1572,0,1,0,26,0,28,1,1,pre_allocation
157,699,normal,0,0,65535_65535,0,1,3069,1633,1,1,1,27,1633,28,1,1,allocated
157,699,normal,0,0,65535_65535,0,4,128161,683,0,1,0,26,0,16,1,1,pre_allocation
157,699,normal,0,0,65535_65535,0,4,128161,709,1,1,1,27,709,16,1,1,allocated
157,699,normal,0,0,65535_65535,0,1,3069,1633,0,1,0,27,0,28,1,1,pre_allocation
157,699,normal,0,0,65535_65535,0,1,3069,1694,1,1,1,28,1694,28,1,1,allocated
157,699,normal,0,0,65535_65535,0,4,128161,709,0,1,0,27,0,16,1,1,pre_allocation
157,699,normal,0,0,65535_65535,0,4,128161,736,1,1,1,28,736,16,1,1,allocated
157,699,normal,0,0,65535_65535,0,1,3069,1694,0,1,0,28,0,28,1,1,pre_allocation
157,699,normal,0,0,65535_65535,0,1,3069,1754,1,1,1,29,1754,28,1,1,allocated
157,699,normal,0,0,65535_65535,0,4,128161,736,0,1,0,28,0,16,1,1,pre_allocation
157,699,normal,0,0,65535_65535,0,4,128161,762,1,1,1,29,762,16,1,1,allocated
157,699,normal,0,0,65535_65535,0,1,3069,1754,0,1,0,29,0,28,1,1,pre_allocation
157,699,normal,0,0,65535_65535,0,1,3069,1815,1,1,1,30,1815,28,1,1,allocated
157,699,normal,0,0,65535_65535,0,4,128161,762,0,1,0,29,0,16,1,1,pre_allocation
157,699,normal,0,0,65535_65535,0,4,128161,789,1,1,1,30,789,16,1,1,allocated
157,699,normal,0,0,65535_65535,0,1,3069,1815,0,1,0,30,0,28,1,1,pre_allocation
157,699,normal,0,0,65535_65535,0,1,3069,1876,1,1,1,31,1876,28,1,1,allocated
157,699,normal,0,0,65535_65535,0,4,128161,789,0,1,0,30,0,16,1,1,pre_allocation
157,699,normal,0,0,65535_65535,0,4,128161,815,1,1,1,31,815,16,1,1,allocated
157,699,normal,0,0,65535_65535,0,1,3069,1876,0,1,0,31,0,28,1,1,pre_allocation
157,699,normal,0,0,65535_65535,0,1,3069,1937,1,1,1,32,1937,28,1,1,allocated
157,699,normal,0,0,65535_65535,0,4,128161,815,0,1,0,31,0,16,1,1,pre_allocation
157,699,normal,0,0,65535_65535,0,4,128161,841,1,1,1,32,841,16,1,1,allocated
157,699,normal,0,0,65535_65535,0,1,3069,1937,0,1,0,32,0,28,1,1,pre_allocation
157,699,normal,0,0,65535_65535,0,1,3069,1997,1,1,1,33,1997,28,1,1,allocated
157,699,normal,0,0,65535_65535,0,4,128161,841,0,1,0,32,0,16,1,1,pre_allocation
157,699,normal,0,0,65535_65535,0,4,128161,868,1,1,1,33,868,16,1,1,allocated
157,699,normal,0,0,65535_65535,0,1,3069,1997,0,1,0,33,0,28,1,1,pre_allocation
157,699,normal,0,0,65535_65535,0,1,3069,2058,1,1,1,34,2058,28,1,1,allocated
157,699,normal,0,0,65535_65535,0,4,128161,868,0,1,0,33,0,16,1,1,pre_allocation
157,699,normal,0,0,65535_65535,0,4,128161,894,1,1,1,34,894,16,1,1,allocated
157,699,normal,0,0,65535_65535,0,1,3069,2058,0,1,0,34,0,28,1,1,pre_allocation
157,699,normal,0,0,65535_65535,0,1,3069,2119,1,1,1,35,2119,28,1,1,allocated
157,699,normal,0,0,65535_65535,0,4,128161,894,0,1,0,34,0,16,1,1,pre_allocation
157,699,normal,0,0,65535_65535,0,4,128161,921,1,1,1,35,921,16,1,1,allocated
157,699,normal,0,0,65535_65535,0,1,3069,2119,0,1,0,35,0,28,1,1,pre_allocation
157,699,normal,0,0,65535_65535,0,1,3069,2179,1,1,1,36,2179,28,1,1,allocated
157,699,normal,0,0,65535_65535,0,4,128161,921,0,1,0,35,0,16,1,1,pre_allocation
157,699,normal,0,0,65535_65535,0,4,128161,947,1,1,1,36,947,16,1,1,allocated
157,699,normal,0,0,65535_65535,0,1,3069,2179,0,1,0,36,0,28,1,1,pre_allocation
157,699,normal,0,0,65535_65535,0,1,3069,2240,1,1,1,37,2240,28,1,1,allocated
157,699,normal,0,0,65535_65535,0,4,128161,947,0,1,0,36,0,16,1,1,pre_allocation
157,699,normal,0,0,65535_65535,0,4,128161,973,1,1,1,37,973,16,1,1,allocated
157,699,normal,0,0,65535_65535,0,1,3069,2240,0,1,0,37,0,28,1,1,pre_allocation
157,699,normal,0,0,65535_65535,0,1,3069,2298,1,1,1,38,2298,28,1,1,allocated
157,699,normal,0,0,65535_65535,0,4,128161,973,0,1,0,37,0,16,1,1,pre_allocation
157,699,normal,0,0,65535_65535,0,4,128161,1000,1,1,1,38,1000,16,1,1,allocated
157,699,normal,0,0,65535_65535,0,1,3069,2298,0,1,0,38,0,28,1,1,pre_allocation
157,699,normal,0,0,65535_65535,0,1,3069,2359,1,1,1,39,2359,28,1,1,allocated
157,699,normal,0,0,65535_65535,0,4,128161,1000,0,1,0,38,0,16,1,1,pre_allocation
157,699,normal,0,0,65535_65535,0,4,128161,1026,1,1,1,39,1026,16,1,1,allocated
157,699,normal,0,0,65535_65535,0,1,3069,2359,0,1,0,39,0,28,1,1,pre_allocation
157,699,normal,0,0,65535_65535,0,1,3069,2419,1,1,1,40,2419,28,1,1,allocated
157,699,normal,0,0,65535_65535,0,4,128161,1026,0,1,0,39,0,16,1,1,pre_allocation
157,699,normal,0,0,65535_65535,0,4,128161,1053,1,1,1,40,1053,16,1,1,allocated
157,699,normal,0,0,65535_65535,0,1,3069,2419,0,1,0,40,0,28,1,1,pre_allocation
157,699,normal,0,0,65535_65535,0,1,3069,2480,1,1,1,41,2480,28,1,1,allocated
157,699,normal,0,0,65535_65535,0,4,128161,1053,0,1,0,40,0,16,1,1,pre_allocation
157,699,normal,0,0,65535_65535,0,4,128161,1079,1,1,1,41,1079,16,1,1,allocated
157,699,normal,0,0,65535_65535,0,1,3069,2480,0,1,0,41,0,28,1,1,pre_allocation
157,699,normal,0,0,65535_65535,0,1,3069,2541,1,1,1,42,2541,28,1,1,allocated
157,699,normal,0,0,65535_65535,0,4,128161,1079,0,1,0,41,0,16,1,1,pre_allocation
157,699,normal,0,0,65535_65535,0,4,128161,1105,1,1,1,42,1105,16,1,1,allocated
157,699,normal,0,0,65535_65535,0,1,3069,2541,0,1,0,42,0,28,1,1,pre_allocation
157,699,normal,0,0,65535_65535,0,1,3069,2601,1,1,1,43,2601,28,1,1,allocated
157,699,normal,0,0,65535_65535,0,4,128161,1105,0,1,0,42,0,16,1,1,pre_allocation
157,699,normal,0,0,65535_65535,0,4,128161,1132,1,1,1,43,1132,16,1,1,allocated
157,699,normal,0,0,65535_65535,0,1,3069,2601,0,1,0,43,0,28,1,1,pre_allocation
157,699,normal,0,0,65535_65535,0,1,3069,2662,1,1,1,44,2662,28,1,1,allocated
157,699,normal,0,0,65535_65535,0,4,128161,1132,0,1,0,43,0,16,1,1,pre_allocation
157,699,normal,0,0,65535_65535,0,4,128161,1158,1,1,1,44,1158,16,1,1,allocated
157,699,normal,0,0,65535_65535,0,1,3069,2662,0,1,0,44,0,28,1,1,pre_allocation
157,699,normal,0,0,65535_65535,0,1,3069,2723,1,1,1,45,2723,28,1,1,allocated
157,699,normal,0,0,65535_65535,0,4,128161,1158,0,1,0,44,0,16,1,1,pre_allocation
157,699,normal,0,0,65535_65535,0,4,128161,1185,1,1,1,45,1185,16,1,1,allocated
157,699,normal,0,0,65535_65535,0,1,3069,2723,0,1,0,45,0,28,1,1,pre_allocation
157,699,normal,0,0,65535_65535,0,1,3069,2784,1,1,1,46,2784,28,1,1,allocated
157,699,normal,0,0,65535_65535,0,4,128161,1185,0,1,0,45,0,16,1,1,pre_allocation
157,699,normal,0,0,65535_65535,0,4,128161,1211,1,1,1,46,1211,16,1,1,allocated
157,699,normal,0,0,65535_65535,0,1,3069,2784,0,1,0,46,0,28,1,1,pre_allocation
157,699,normal,0,0,65535_65535,0,1,3069,2844,1,1,1,47,2844,28,1,1,allocated
157,699,normal,0,0,65535_65535,0,4,128161,1211,0,1,0,46,0,16,1,1,pre_allocation
157,699,normal,0,0,65535_65535,0,4,128161,1237,1,1,1,47,1237,16,1,1,allocated
157,699,normal,0,0,65535_65535,0,1,3069,2844,0,1,0,47,0,28,1,1,pre_allocation
157,699,normal,0,0,65535_65535,0,1,3069,2905,1,1,1,48,2905,28,1,1,allocated
157,699,normal,0,0,65535_65535,0,4,128161,1237,0,1,0,47,0,16,1,1,pre_allocation
157,699,normal,0,0,65535_65535,0,4,128161,1264,1,1,1,48,1264,16,1,1,allocated
157,699,normal,0,0,65535_65535,0,1,3069,2905,0,1,0,48,0,28,1,1,pre_allocation
157,699,normal,0,0,65535_65535,0,1,3069,2966,1,1,1,49,2966,28,1,1,allocated
157,699,normal,0,0,65535_65535,0,4,128161,1264,0,1,0,48,0,16,1,1,pre_allocation
157,699,normal,0,0,65535_65535,0,4,128161,1290,1,1,1,49,1290,16,1,1,allocated
157,699,normal,0,0,65535_65535,1,6,87,0,0,1,0,0,0,28,1,1,pre_allocation
157,699,normal,0,0,65535_65535,1,6,87,57,1,1,1,1,57,28,1,1,allocated
157,699,normal,0,0,65535_65535,1,7,87,0,0,1,0,0,0,28,1,1,pre_allocation
157,699,normal,0,0,65535_65535,1,7,87,57,1,1,1,1,57,28,1,1,allocated
157,699,normal,0,0,65535_65535,1,8,87,0,0,1,0,0,0,28,1,1,pre_allocation
157,699,normal,0,0,65535_65535,1,8,87,57,1,1,1,1,57,28,1,1,allocated
157,699,normal,0,0,65535_65535,1,9,87,0,0,1,0,0,0,28,1,1,pre_allocation
157,699,normal,0,0,65535_65535,1,9,87,57,1,1,1,1,57,28,1,1,allocated
157,699,normal,0,0,65535_65535,1,6,87,57,0,1,0,1,0,28,1,1,pre_allocation
157,699,normal,0,0,65535_65535,1,6,87,118,1,1,1,2,118,28,1,1,allocated
157,699,normal,0,0,65535_65535,1,7,87,57,0,1,0,1,0,28,1,1,pre_allocation
157,699,normal,0,0,65535_65535,1,7,87,118,1,1,1,2,118,28,1,1,allocated
157,699,normal,0,0,65535_65535,1,8,87,57,0,1,0,1,0,28,1,1,pre_allocation
157,699,normal,0,0,65535_65535,1,8,87,118,1,1,1,2,118,28,1,1,allocated
157,699,normal,0,0,65535_65535,1,9,87,57,0,1,0,1,0,28,1,1,pre_allocation
157,699,normal,0,0,65535_65535,1,9,87,118,1,1,1,2,118,28,1,1,allocated
157,699,normal,0,0,65535_65535,1,6,87,118,0,1,0,2,0,28,1,1,pre_allocation
157,699,normal,0,0,65535_65535,1,6,87,179,1,1,1,3,179,28,1,1,allocated
157,699,normal,0,0,65535_65535,1,7,87,118,0,1,0,2,0,28,1,1,pre_allocation
157,699,normal,0,0,65535_65535,1,7,87,179,1,1,1,3,179,28,1,1,allocated
157,699,normal,0,0,65535_65535,1,8,87,118,0,1,0,2,0,28,1,1,pre_allocation
157,699,normal,0,0,65535_65535,1,8,87,179,1,1,1,3,179,28,1,1,allocated
157,699,normal,0,0,65535_65535,1,9,87,118,0,1,0,2,0,28,1,1,pre_allocation
157,699,normal,0,0,65535_65535,1,9,87,179,1,1,1,3,179,28,1,1,allocated
157,699,normal,0,0,65535_65535,1,6,87,179,0,1,0,3,0,28,1,1,pre_allocation
157,699,normal,0,0,65535_65535,1,6,87,239,1,1,1,4,239,28,1,1,allocated
157,699,normal,0,0,65535_65535,1,7,87,179,0,1,0,3,0,28,1,1,pre_allocation
157,699,normal,0,0,65535_65535,1,7,87,239,1,1,1,4,239,28,1,1,allocated
157,699,normal,0,0,65535_65535,1,8,87,179,0,1,0,3,0,28,1,1,pre_allocation
157,699,normal,0,0,65535_65535,1,8,87,239,1,1,1,4,239,28,1,1,allocated
157,699,normal,0,0,65535_65535,1,9,87,179,0,1,0,3,0,28,1,1,pre_allocation
157,699,normal,0,0,65535_65535,1,9,87,239,1,1,1,4,239,28,1,1,allocated
157,699,normal,0,0,65535_65535,1,6,87,239,0,1,0,4,0,28,1,1,pre_allocation
157,699,normal,0,0,65535_65535,1,6,87,300,1,1,1,5,300,28,1,1,allocated
157,699,normal,0,0,65535_65535,1,7,87,239,0,1,0,4,0,28,1,1,pre_allocation
157,699,normal,0,0,65535_65535,1,7,87,300,1,1,1,5,300,28,1,1,allocated
157,699,normal,0,0,65535_65535,1,8,87,239,0,1,0,4,0,28,1,1,pre_allocation
157,699,normal,0,0,65535_65535,1,8,87,300,1,1,1,5,300,28,1,1,allocated
157,699,normal,0,0,65535_65535,1,9,87,239,0,1,0,4,0,28,1,1,pre_allocation
157,699,normal,0,0,65535_65535,1,9,87,300,1,1,1,5,300,28,1,1,allocated
157,699,normal,0,0,65535_65535,1,6,87,300,0,1,0,5,0,28,1,1,pre_allocation
157,699,normal,0,0,65535_65535,1,6,87,361,1,1,1,6,361,28,1,1,allocated
157,699,normal,0,0,65535_65535,1,7,87,300,0,1,0,5,0,28,1,1,pre_allocation
157,699,normal,0,0,65535_65535,1,7,87,361,1,1,1,6,361,28,1,1,allocated
157,699,normal,0,0,65535_65535,1,8,87,300,0,1,0,5,0,28,1,1,pre_allocation
157,699,normal,0,0,65535_65535,1,8,87,361,1,1,1,6,361,28,1,1,allocated
157,699,normal,0,0,65535_65535,1,9,87,300,0,1,0,5,0,28,1,1,pre_allocation
157,699,normal,0,0,65535_65535,1,9,87,361,1,1,1,6,361,28,1,1,allocated
157,699,normal,0,0,65535_65535,1,6,87,361,0,1,0,6,0,28,1,1,pre_allocation
157,699,normal,0,0,65535_65535,1,6,87,422,1,1,1,7,422,28,1,1,allocated
157,699,normal,0,0,65535_65535,1,7,87,361,0,1,0,6,0,28,1,1,pre_allocation
157,699,normal,0,0,65535_65535,1,7,87,422,1,1,1,7,422,28,1,1,allocated
157,699,normal,0,0,65535_65535,1,8,87,361,0,1,0,6,0,28,1,1,pre_allocation
157,699,normal,0,0,65535_65535,1,8,87,422,1,1,1,7,422,28,1,1,allocated
157,699,normal,0,0,65535_65535,1,9,87,361,0,1,0,6,0,28,1,1,pre_allocation
157,699,normal,0,0,65535_65535,1,9,87,422,1,1,1,7,422,28,1,1,allocated
157,699,normal,0,0,65535_65535,1,6,87,422,0,1,0,7,0,28,1,1,pre_allocation
157,699,normal,0,0,65535_65535,1,6,87,482,1,1,1,8,482,28,1,1,allocated
157,699,normal,0,0,65535_65535,1,7,87,422,0,1,0,7,0,28,1,1,pre_allocation
157,699,normal,0,0,65535_65535,1,7,87,482,1,1,1,8,482,28,1,1,allocated
157,699,normal,0,0,65535_65535,1,8,87,422,0,1,0,7,0,28,1,1,pre_allocation
157,699,normal,0,0,65535_65535,1,8,87,482,1,1,1,8,482,28,1,1,allocated
157,699,normal,0,0,65535_65535,1,9,87,422,0,1,0,7,0,28,1,1,pre_allocation
157,699,normal,0,0,65535_65535,1,9,87,482,1,1,1,8,482,28,1,1,allocated
157,699,normal,0,0,65535_65535,1,6,87,482,0,1,0,8,0,28,1,1,pre_allocation
157,699,normal,0,0,65535_65535,1,6,87,543,1,1,1,9,543,28,1,1,allocated
157,699,normal,0,0,65535_65535,1,7,87,482,0,1,0,8,0,28,1,1,pre_allocation
157,699,normal,0,0,65535_65535,1,7,87,543,1,1,1,9,543,28,1,1,allocated
157,699,normal,0,0,65535_65535,1,8,87,482,0,1,0,8,0,28,1,1,pre_allocation
157,699,normal,0,0,65535_65535,1,8,87,543,1,1,1,9,543,28,1,1,allocated
157,699,normal,0,0,65535_65535,1,9,87,482,0,1,0,8,0,28,1,1,pre_allocation
157,699,normal,0,0,65535_65535,1,9,87,543,1,1,1,9,543,28,1,1,allocated
157,699,normal,0,0,65535_65535,1,6,87,543,0,1,0,9,0,28,1,1,pre_allocation
157,699,normal,0,0,65535_65535,1,6,87,604,1,1,1,10,604,28,1,1,allocated
157,699,normal,0,0,65535_65535,1,7,87,543,0,1,0,9,0,28,1,1,pre_allocation
157,699,normal,0,0,65535_65535,1,7,87,604,1,1,1,10,604,28,1,1,allocated
157,699,normal,0,0,65535_65535,1,8,87,543,0,1,0,9,0,28,1,1,pre_allocation
157,699,normal,0,0,65535_65535,1,8,87,604,1,1,1,10,604,28,1,1,allocated
157,699,normal,0,0,65535_65535,1,9,87,543,0,1,0,9,0,28,1,1,pre_allocation
157,699,normal,0,0,65535_65535,1,9,87,604,1,1,1,10,604,28,1,1,allocated
157,699,normal,0,0,65535_65535,1,6,87,604,0,1,0,10,0,28,1,1,pre_allocation
157,699,normal,0,0,65535_65535,1,6,87,664,1,1,1,11,664,28,1,1,allocated
157,699,normal,0,0,65535_65535,1,7,87,604,0,1,0,10,0,28,1,1,pre_allocation
157,699,normal,0,0,65535_65535,1,7,87,664,1,1,1,11,664,28,1,1,allocated
157,699,normal,0,0,65535_65535,1,8,87,604,0,1,0,10,0,28,1,1,pre_allocation
157,699,normal,0,0,65535_65535,1,8,87,664,1,1,1,11,664,28,1,1,allocated
157,699,normal,0,0,65535_65535,1,9,87,604,0,1,0,10,0,28,1,1,pre_allocation
157,699,normal,0,0,65535_65535,1,9,87,664,1,1,1,11,664,28,1,1,allocated
157,699,normal,0,0,65535_65535,1,6,87,664,0,1,0,11,0,28,1,1,pre_allocation
157,699,normal,0,0,65535_65535,1,6,87,725,1,1,1,12,725,28,1,1,allocated
157,699,normal,0,0,65535_65535,1,7,87,664,0,1,0,11,0,28,1,1,pre_allocation
157,699,normal,0,0,65535_65535,1,7,87,725,1,1,1,12,725,28,1,1,allocated
157,699,normal,0,0,65535_65535,1,8,87,664,0,1,0,11,0,28,1,1,pre_allocation
157,699,normal,0,0,65535_65535,1,8,87,725,1,1,1,12,725,28,1,1,allocated
157,699,normal,0,0,65535_65535,1,9,87,664,0,1,0,11,0,28,1,1,pre_allocation
157,699,normal,0,0,65535_65535,1,9,87,725,1,1,1,12,725,28,1,1,allocated
157,699,normal,0,0,65535_65535,1,6,87,725,0,1,0,12,0,28,1,1,pre_allocation
157,699,normal,0,0,65535_65535,1,6,87,786,1,1,1,13,786,28,1,1,allocated
157,699,normal,0,0,65535_65535,1,7,87,725,0,1,0,12,0,28,1,1,pre_allocation
157,699,normal,0,0,65535_65535,1,7,87,786,1,1,1,13,786,28,1,1,allocated
157,699,normal,0,0,65535_65535,1,8,87,725,0,1,0,12,0,28,1,1,pre_allocation
157,699,normal,0,0,65535_65535,1,8,87,786,1,1,1,13,786,28,1,1,allocated
157,699,normal,0,0,65535_65535,1,9,87,725,0,1,0,12,0,28,1,1,pre_allocation
157,699,normal,0,0,65535_65535,1,9,87,786,1,1,1,13,786,28,1,1,allocated
157,699,normal,0,0,65535_65535,1,6,87,786,0,1,0,13,0,28,1,1,pre_allocation
157,699,normal,0,0,65535_65535,1,6,87,847,1,1,1,14,847,28,1,1,allocated
157,699,normal,0,0,65535_65535,1,7,87,786,0,1,0,13,0,28,1,1,pre_allocation
157,699,normal,0,0,65535_65535,1,7,87,847,1,1,1,14,847,28,1,1,allocated
157,699,normal,0,0,65535_65535,1,8,87,786,0,1,0,13,0,28,1,1,pre_allocation
157,699,normal,0,0,65535_65535,1,8,87,847,1,1,1,14,847,28,1,1,allocated
157,699,normal,0,0,65535_65535,1,9,87,786,0,1,0,13,0,28,1,1,pre_allocation
157,699,normal,0,0,65535_65535,1,9,87,847,1,1,1,14,847,28,1,1,allocated
157,699,normal,0,0,65535_65535,1,6,87,847,0,1,0,14,0,28,1,1,pre_allocation
157,699,normal,0,0,65535_65535,1,6,87,907,1,1,1,15,907,28,1,1,allocated
157,699,normal,0,0,65535_65535,1,7,87,847,0,1,0,14,0,28,1,1,pre_allocation
157,699,normal,0,0,65535_65535,1,7,87,907,1,1,1,15,907,28,1,1,allocated
157,699,normal,0,0,65535_65535,1,8,87,847,0,1,0,14,0,28,1,1,pre_allocation
157,699,normal,0,0,65535_65535,1,8,87,907,1,1,1,15,907,28,1,1,allocated
157,699,normal,0,0,65535_65535,1,9,87,847,0,1,0,14,0,28,1,1,pre_allocation
157,699,normal,0,0,65535_65535,1,9,87,907,1,1,1,15,907,28,1,1,allocated
157,699,normal,0,0,65535_65535,1,6,87,907,0,1,0,15,0,28,1,1,pre_allocation
157,699,normal,0,0,65535_65535,1,6,87,968,1,1,1,16,968,28,1,1,allocated
157,699,normal,0,0,65535_65535,1,7,87,907,0,1,0,15,0,28,1,1,pre_allocation
157,699,normal,0,0,65535_65535,1,7,87,968,1,1,1,16,968,28,1,1,allocated
157,699,normal,0,0,65535_65535,1,8,87,907,0,1,0,15,0,28,1,1,pre_allocation
157,699,normal,0,0,65535_65535,1,8,87,968,1,1,1,16,968,28,1,1,allocated
157,699,normal,0,0,65535_65535,1,9,87,907,0,1,0,15,0,28,1,1,pre_allocation
157,699,normal,0,0,65535_65535,1,9,87,968,1,1,1,16,968,28,1,1,allocated
157,699,normal,0,0,65535_65535,1,6,87,968,0,1,0,16,0,28,1,1,pre_allocation
157,699,normal,0,0,65535_65535,1,6,87,1029,1,1,1,17,1029,28,1,1,allocated
157,699,normal,0,0,65535_65535,1,7,87,968,0,1,0,16,0,28,1,1,pre_allocation
157,699,normal,0,0,65535_65535,1,7,87,1029,1,1,1,17,1029,28,1,1,allocated
157,699,normal,0,0,65535_65535,2,27,137,0,0,1,0,0,0,28,1,1,pre_allocation
157,699,normal,0,0,65535_65535,2,27,137,57,1,1,1,1,57,28,1,1,allocated
157,699,normal,0,0,65535_65535,2,26,137,0,0,1,0,0,0,28,1,1,pre_allocation
157,699,normal,0,0,65535_65535,2,26,137,57,1,1,1,1,57,28,1,1,allocated
157,699,normal,0,0,65535_65535,2,25,137,0,0,1,0,0,0,15,1,1,pre_allocation
157,699,normal,0,0,65535_65535,2,25,137,20,1,1,1,1,20,15,1,1,allocated
157,699,normal,0,0,65535_65535,2,21,137,0,0,1,0,0,0,15,1,1,pre_allocation
157,699,normal,0,0,65535_65535,2,21,137,20,1,1,1,1,20,15,1,1,allocated
157,699,normal,0,0,65535_65535,2,11,137,0,0,1,0,0,0,26,1,1,pre_allocation
157,699,normal,0,0,65535_65535,2,11,137,53,1,1,1,1,53,26,1,1,allocated
157,699,normal,0,0,65535_65535,2,12,137,0,0,1,0,0,0,28,1,1,pre_allocation
157,699,normal,0,0,65535_65535,2,12,137,57,1,1,1,1,57,28,1,1,allocated
157,699,normal,0,0,65535_65535,2,27,137,57,0,1,0,1,0,28,1,1,pre_allocation
157,699,normal,0,0,65535_65535,2,27,137,118,1,1,1,2,118,28,1,1,allocated
157,699,normal,0,0,65535_65535,2,26,137,57,0,1,0,1,0,28,1,1,pre_allocation
157,699,normal,0,0,65535_65535,2,26,137,118,1,1,1,2,118,28,1,1,allocated
157,699,normal,0,0,65535_65535,2,25,137,20,0,1,0,1,0,15,1,1,pre_allocation
157,699,normal,0,0,65535_65535,2,25,137,44,1,1,1,2,44,15,1,1,allocated
157,699,normal,0,0,65535_65535,2,21,137,20,0,1,0,1,0,15,1,1,pre_allocation
157,699,normal,0,0,65535_65535,2,21,137,44,1,1,1,2,44,15,1,1,allocated
157,699,normal,0,0,65535_65535,2,11,137,53,0,1,0,1,0,26,1,1,pre_allocation
157,699,normal,0,0,65535_65535,2,11,137,109,1,1,1,2,109,26,1,1,allocated
157,699,normal,0,0,65535_65535,2,12,137,57,0,1,0,1,0,28,1,1,pre_allocation
157,699,normal,0,0,65535_65535,2,12,137,118,1,1,1,2,118,28,1,1,allocated
157,699,normal,0,0,65535_65535,2,27,137,118,0,1,0,2,0,28,1,1,pre_allocation
157,699,normal,0,0,65535_65535,2,27,137,179,1,1,1,3,179,28,1,1,allocated
157,699,normal,0,0,65535_65535,2,26,137,118,0,1,0,2,0,28,1,1,pre_allocation
157,699,normal,0,0,65535_65535,2,26,137,179,1,1,1,3,179,28,1,1,allocated
157,699,normal,0,0,65535_65535,2,25,137,44,0,1,0,2,0,15,1,1,pre_allocation
157,699,normal,0,0,65535_65535,2,25,137,68,1,1,1,3,68,15,1,1,allocated
157,699,normal,0,0,65535_65535,2,21,137,44,0,1,0,2,0,15,1,1,pre_allocation
157,699,normal,0,0,65535_65535,2,21,137,68,1,1,1,3,68,15,1,1,allocated
157,699,normal,0,0,65535_65535,2,11,137,109,0,1,0,2,0,26,1,1,pre_allocation
157,699,normal,0,0,65535_65535,2,11,137,165,1,1,1,3,165,26,1,1,allocated
157,699,normal,0,0,65535_65535,2,12,137,118,0,1,0,2,0,28,1,1,pre_allocation
157,699,normal,0,0,65535_65535,2,12,137,179,1,1,1,3,179,28,1,1,allocated
157,699,normal,0,0,65535_65535,2,27,137,179,0,1,0,3,0,28,1,1,pre_allocation
157,699,normal,0,0,65535_65535,2,27,137,239,1,1,1,4,239,28,1,1,allocated
157,699,normal,0,0,65535_65535,2,26,137,179,0,1,0,3,0,28,1,1,pre_allocation
157,699,normal,0,0,65535_65535,2,26,137,239,1,1,1,4,239,28,1,1,allocated
157,699,normal,0,0,65535_65535,2,25,137,68,0,1,0,3,0,15,1,1,pre_allocation
157,699,normal,0,0,65535_65535,2,25,137,92,1,1,1,4,92,15,1,1,allocated
157,699,normal,0,0,65535_65535,2,21,137,68,0,1,0,3,0,15,1,1,pre_allocation
157,699,normal,0,0,65535_65535,2,21,137,92,1,1,1,4,92,15,1,1,allocated
157,699,normal,0,0,65535_65535,2,11,137,165,0,1,0,3,0,26,1,1,pre_allocation
157,699,normal,0,0,65535_65535,2,11,137,221,1,1,1,4,221,26,1,1,allocated
157,699,normal,0,0,65535_65535,2,12,137,179,0,1,0,3,0,28,1,1,pre_allocation
157,699,normal,0,0,65535_65535,2,12,137,239,1,1,1,4,239,28,1,1,allocated
157,699,normal,0,0,65535_65535,2,27,137,239,0,1,0,4,0,28,1,1,pre_allocation
157,699,normal,0,0,65535_65535,2,27,137,300,1,1,1,5,300,28,1,1,allocated
157,699,normal,0,0,65535_65535,2,26,137,239,0,1,0,4,0,28,1,1,pre_allocation
157,699,normal,0,0,65535_65535,2,26,137,300,1,1,1,5,300,28,1,1,allocated
157,699,normal,0,0,65535_65535,2,25,137,92,0,1,0,4,0,15,1,1,pre_allocation
157,699,normal,0,0,65535_65535,2,25,137,115,1,1,1,5,115,15,1,1,allocated
157,699,normal,0,0,65535_65535,2,21,137,92,0,1,0,4,0,15,1,1,pre_allocation
157,699,normal,0,0,65535_65535,2,21,137,115,1,1,1,5,115,15,1,1,allocated
157,699,normal,0,0,65535_65535,2,11,137,221,0,1,0,4,0,26,1,1,pre_allocation
157,699,normal,0,0,65535_65535,2,11,137,277,1,1,1,5,277,26,1,1,allocated
157,699,normal,0,0,65535_65535,2,12,137,239,0,1,0,4,0,28,1,1,pre_allocation
157,699,normal,0,0,65535_65535,2,12,137,300,1,1,1,5,300,28,1,1,allocated
157,699,normal,0,0,65535_65535,2,27,137,300,0,1,0,5,0,28,1,1,pre_allocation
157,699,normal,0,0,65535_65535,2,27,137,361,1,1,1,6,361,28,1,1,allocated
157,699,normal,0,0,65535_65535,2,26,137,300,0,1,0,5,0,28,1,1,pre_allocation
157,699,normal,0,0,65535_65535,2,26,137,361,1,1,1,6,361,28,1,1,allocated
157,699,normal,0,0,65535_65535,2,25,137,115,0,1,0,5,0,15,1,1,pre_allocation
157,699,normal,0,0,65535_65535,2,25,137,139,1,1,1,6,139,15,1,1,allocated
157,699,normal,0,0,65535_65535,2,21,137,115,0,1,0,5,0,15,1,1,pre_allocation
157,699,normal,0,0,65535_65535,2,21,137,139,1,1,1,6,139,15,1,1,allocated
157,699,normal,0,0,65535_65535,2,11,137,277,0,1,0,5,0,26,1,1,pre_allocation
157,699,normal,0,0,65535_65535,2,11,137,333,1,1,1,6,333,26,1,1,allocated
157,699,normal,0,0,65535_65535,2,12,137,300,0,1,0,5,0,28,1,1,pre_allocation
157,699,normal,0,0,65535_65535,2,12,137,361,1,1,1,6,361,28,1,1,allocated
157,699,normal,0,0,65535_65535,2,27,137,361,0,1,0,6,0,28,1,1,pre_allocation
157,699,normal,0,0,65535_65535,2,27,137,422,1,1,1,7,422,28,1,1,allocated
157,699,normal,0,0,65535_65535,2,26,137,361,0,1,0,6,0,28,1,1,pre_allocation
157,699,normal,0,0,65535_65535,2,26,137,422,1,1,1,7,422,28,1,1,allocated
157,699,normal,0,0,65535_65535,2,25,137,139,0,1,0,6,0,15,1,1,pre_allocation
157,699,normal,0,0,65535_65535,2,25,137,163,1,1,1,7,163,15,1,1,allocated
157,699,normal,0,0,65535_65535,2,21,137,139,0,1,0,6,0,15,1,1,pre_allocation
157,699,normal,0,0,65535_65535,2,21,137,163,1,1,1,7,163,15,1,1,allocated
157,699,normal,0,0,65535_65535,2,11,137,333,0,1,0,6,0,26,1,1,pre_allocation
157,699,normal,0,0,65535_65535,2,11,137,389,1,1,1,7,389,26,1,1,allocated
157,699,normal,0,0,65535_65535,2,12,137,361,0,1,0,6,0,28,1,1,pre_allocation
157,699,normal,0,0,65535_65535,2,12,137,422,1,1,1,7,422,28,1,1,allocated
157,699,normal,0,0,65535_65535,2,27,137,422,0,1,0,7,0,28,1,1,pre_allocation
157,699,normal,0,0,65535_65535,2,27,137,482,1,1,1,8,482,28,1,1,allocated
157,699,normal,0,0,65535_65535,2,26,137,422,0,1,0,7,0,28,1,1,pre_allocation
157,699,normal,0,0,65535_65535,2,26,137,482,1,1,1,8,482,28,1,1,allocated
157,699,normal,0,0,65535_65535,2,25,137,163,0,1,0,7,0,15,1,1,pre_allocation
157,699,normal,0,0,65535_65535,2,25,137,187,1,1,1,8,187,15,1,1,allocated
157,699,normal,0,0,65535_65535,2,21,137,163,0,1,0,7,0,15,1,1,pre_allocation
157,699,normal,0,0,65535_65535,2,21,137,187,1,1,1,8,187,15,1,1,allocated
157,699,normal,0,0,65535_65535,2,11,137,389,0,1,0,7,0,26,1,1,pre_allocation
157,699,normal,0,0,65535_65535,2,11,137,445,1,1,1,8,445,26,1,1,allocated
157,699,normal,0,0,65535_65535,2,12,137,422,0,1,0,7,0,28,1,1,pre_allocation
157,699,normal,0,0,65535_65535,2,12,137,482,1,1,1,8,482,28,1,1,allocated
157,699,normal,0,0,65535_65535,2,27,137,482,0,1,0,8,0,28,1,1,pre_allocation
157,699,normal,0,0,65535_65535,2,27,137,543,1,1,1,9,543,28,1,1,allocated
157,699,normal,0,0,65535_65535,2,26,137,482,0,1,0,8,0,28,1,1,pre_allocation
157,699,normal,0,0,65535_65535,2,26,137,543,1,1,1,9,543,28,1,1,allocated
157,699,normal,0,0,65535_65535,2,25,137,187,0,1,0,8,0,15,1,1,pre_allocation
157,699,normal,0,0,65535_65535,2,25,137,210,1,1,1,9,210,15,1,1,allocated
157,699,normal,0,0,65535_65535,2,21,137,187,0,1,0,8,0,15,1,1,pre_allocation
157,699,normal,0,0,65535_65535,2,21,137,210,1,1,1,9,210,15,1,1,allocated
157,699,normal,0,0,65535_65535,2,11,137,445,0,1,0,8,0,26,1,1,pre_allocation
157,699,normal,0,0,65535_65535,2,11,137,501,1,1,1,9,501,26,1,1,allocated
157,699,normal,0,0,65535_65535,2,12,137,482,0,1,0,8,0,28,1,1,pre_allocation
157,699,normal,0,0,65535_65535,2,12,137,543,1,1,1,9,543,28,1,1,allocated
157,699,normal,0,0,65535_65535,2,27,137,543,0,1,0,9,0,28,1,1,pre_allocation
157,699,normal,0,0,65535_65535,2,27,137,604,1,1,1,10,604,28,1,1,allocated
157,699,normal,0,0,65535_65535,2,26,137,543,0,1,0,9,0,28,1,1,pre_allocation
157,699,normal,0,0,65535_65535,2,26,137,604,1,1,1,10,604,28,1,1,allocated
157,699,normal,0,0,65535_65535,2,25,137,210,0,1,0,9,0,15,1,1,pre_allocation
157,699,normal,0,0,65535_65535,2,25,137,234,1,1,1,10,234,15,1,1,allocated
157,699,normal,0,0,65535_65535,2,21,137,210,0,1,0,9,0,15,1,1,pre_allocation
157,699,normal,0,0,65535_65535,2,21,137,234,1,1,1,10,234,15,1,1,allocated
157,699,normal,0,0,65535_65535,2,11,137,501,0,1,0,9,0,26,1,1,pre_allocation
157,699,normal,0,0,65535_65535,2,11,137,558,1,1,1,10,558,26,1,1,allocated
157,699,normal,0,0,65535_65535,2,12,137,543,0,1,0,9,0,28,1,1,pre_allocation
157,699,normal,0,0,65535_65535,2,12,137,604,1,1,1,10,604,28,1,1,allocated
157,699,normal,0,0,65535_65535,2,27,137,604,0,1,0,10,0,28,1,1,pre_allocation
157,699,normal,0,0,65535_65535,2,27,137,664,1,1,1,11,664,28,1,1,allocated
157,699,normal,0,0,65535_65535,2,26,137,604,0,1,0,10,0,28,1,1,pre_allocation
157,699,normal,0,0,65535_65535,2,26,137,664,1,1,1,11,664,28,1,1,allocated
157,699,normal,0,0,65535_65535,2,25,137,234,0,1,0,10,0,15,1,1,pre_allocation
157,699,normal,0,0,65535_65535,2,25,137,258,1,1,1,11,258,15,1,1,allocated
157,699,normal,0,0,65535_65535,2,21,137,234,0,1,0,10,0,15,1,1,pre_allocation
157,699,normal,0,0,65535_65535,2,21,137,258,1,1,1,11,258,15,1,1,allocated
157,699,normal,0,0,65535_65535,2,11,137,558,0,1,0,10,0,26,1,1,pre_allocation
157,699,normal,0,0,65535_65535,2,11,137,614,1,1,1,11,614,26,1,1,allocated
157,699,normal,0,0,65535_65535,2,12,137,604,0,1,0,10,0,28,1,1,pre_allocation
157,699,normal,0,0,65535_65535,2,12,137,664,1,1,1,11,664,28,1,1,allocated
157,699,normal,0,0,65535_65535,2,27,137,664,0,1,0,11,0,28,1,1,pre_allocation
157,699,normal,0,0,65535_65535,2,27,137,725,1,1,1,12,725,28,1,1,allocated
157,699,normal,0,0,65535_65535,2,26,137,664,0,1,0,11,0,28,1,1,pre_allocation
157,699,normal,0,0,65535_65535,2,26,137,725,1,1,1,12,725,28,1,1,allocated
157,699,normal,0,0,65535_65535,2,25,137,258,0,1,0,11,0,15,1,1,pre_allocation
157,699,normal,0,0,65535_65535,2,25,137,282,1,1,1,12,282,15,1,1,allocated
157,699,normal,0,0,65535_65535,2,21,137,258,0,1,0,11,0,15,1,1,pre_allocation
157,699,normal,0,0,65535_65535,2,21,137,282,1,1,1,12,282,15,1,1,allocated
157,699,normal,0,0,65535_65535,2,11,137,614,0,1,0,11,0,26,1,1,pre_allocation
157,699,normal,0,0,65535_65535,2,11,137,670,1,1,1,12,670,26,1,1,allocated
157,699,normal,0,0,65535_65535,2,12,137,664,0,1,0,11,0,28,1,1,pre_allocation
157,699,normal,0,0,65535_65535,2,12,137,725,1,1,1,12,725,28,1,1,allocated
157,699,normal,0,0,65535_65535,2,27,137,725,0,1,0,12,0,28,1,1,pre_allocation
157,699,normal,0,0,65535_65535,2,27,137,786,1,1,1,13,786,28,1,1,allocated
157,699,normal,0,0,65535_65535,2,26,137,725,0,1,0,12,0,28,1,1,pre_allocation
157,699,normal,0,0,65535_65535,2,26,137,786,1,1,1,13,786,28,1,1,allocated
157,699,normal,0,0,65535_65535,2,25,137,282,0,1,0,12,0,15,1,1,pre_allocation
157,699,normal,0,0,65535_65535,2,25,137,305,1,1,1,13,305,15,1,1,allocated
157,699,normal,0,0,65535_65535,2,21,137,282,0,1,0,12,0,15,1,1,pre_allocation
157,699,normal,0,0,65535_65535,2,21,137,305,1,1,1,13,305,15,1,1,allocated
157,699,normal,0,0,65535_65535,2,11,137,670,0,1,0,12,0,26,1,1,pre_allocation
157,699,normal,0,0,65535_65535,2,11,137,726,1,1,1,13,726,26,1,1,allocated
157,699,normal,0,0,65535_65535,2,12,137,725,0,1,0,12,0,28,1,1,pre_allocation
157,699,normal,0,0,65535_65535,2,12,137,786,1,1,1,13,786,28,1,1,allocated
157,699,normal,0,0,65535_65535,2,27,137,786,0,1,0,13,0,28,1,1,pre_allocation
157,699,normal,0,0,65535_65535,2,27,137,847,1,1,1,14,847,28,1,1,allocated
157,699,normal,0,0,65535_65535,2,26,137,786,0,1,0,13,0,28,1,1,pre_allocation
157,699,normal,0,0,65535_65535,2,26,137,847,1,1,1,14,847,28,1,1,allocated
157,699,normal,0,0,65535_65535,2,25,137,305,0,1,0,13,0,15,1,1,pre_allocation
157,699,normal,0,0,65535_65535,2,25,137,329,1,1,1,14,329,15,1,1,allocated
157,699,normal,0,0,65535_65535,2,21,137,305,0,1,0,13,0,15,1,1,pre_allocation
157,699,normal,0,0,65535_65535,2,21,137,329,1,1,1,14,329,15,1,1,allocated
157,699,normal,0,0,65535_65535,2,11,137,726,0,1,0,13,0,26,1,1,pre_allocation
157,699,normal,0,0,65535_65535,2,11,137,782,1,1,1,14,782,26,1,1,allocated
157,699,normal,0,0,65535_65535,2,12,137,786,0,1,0,13,0,28,1,1,pre_allocation
157,699,normal,0,0,65535_65535,2,12,137,847,1,1,1,14,847,28,1,1,allocated
157,699,normal,0,0,65535_65535,2,27,137,847,0,1,0,14,0,28,1,1,pre_allocation
157,699,normal,0,0,65535_65535,2,27,137,907,1,1,1,15,907,28,1,1,allocated
157,699,normal,0,0,65535_65535,2,26,137,847,0,1,0,14,0,28,1,1,pre_allocation
157,699,normal,0,0,65535_65535,2,26,137,907,1,1,1,15,907,28,1,1,allocated
157,699,normal,0,0,65535_65535,2,25,137,329,0,1,0,14,0,15,1,1,pre_allocation
157,699,normal,0,0,65535_65535,2,25,137,353,1,1,1,15,353,15,1,1,allocated
157,699,normal,0,0,65535_65535,2,21,137,329,0,1,0,14,0,15,1,1,pre_allocation
157,699,normal,0,0,65535_65535,2,21,137,353,1,1,1,15,353,15,1,1,allocated
157,699,normal,0,0,65535_65535,2,11,137,782,0,1,0,14,0,26,1,1,pre_allocation
157,699,normal,0,0,65535_65535,2,11,137,838,1,1,1,15,838,26,1,1,allocated
157,699,normal,0,0,65535_65535,2,12,137,847,0,1,0,14,0,28,1,1,pre_allocation
157,699,normal,0,0,65535_65535,2,12,137,907,1,1,1,15,907,28,1,1,allocated
157,699,normal,0,0,65535_65535,2,27,137,907,0,1,0,15,0,28,1,1,pre_allocation
157,699,normal,0,0,65535_65535,2,27,137,968,1,1,1,16,968,28,1,1,allocated
157,699,normal,0,0,65535_65535,2,26,137,907,0,1,0,15,0,28,1,1,pre_allocation
157,699,normal,0,0,65535_65535,2,26,137,968,1,1,1,16,968,28,1,1,allocated
157,699,normal,0,0,65535_65535,2,25,137,353,0,1,0,15,0,15,1,1,pre_allocation
157,699,normal,0,0,65535_65535,2,25,137,377,1,1,1,16,377,15,1,1,allocated
157,699,normal,0,0,65535_65535,2,21,137,353,0,1,0,15,0,15,1,1,pre_allocation
157,699,normal,0,0,65535_65535,2,21,137,377,1,1,1,16,377,15,1,1,allocated
157,699,normal,0,0,65535_65535,2,11,137,838,0,1,0,15,0,26,1,1,pre_allocation
157,699,normal,0,0,65535_65535,2,11,137,894,1,1,1,16,894,26,1,1,allocated
157,699,normal,0,0,65535_65535,2,12,137,907,0,1,0,15,0,28,1,1,pre_allocation
157,699,normal,0,0,65535_65535,2,12,137,968,1,1,1,16,968,28,1,1,allocated
157,699,normal,0,0,65535_65535,2,27,137,968,0,1,0,16,0,28,1,1,pre_allocation
157,699,normal,0,0,65535_65535,2,27,137,1029,1,1,1,17,1029,28,1,1,allocated
157,699,normal,0,0,65535_65535,2,26,137,968,0,1,0,16,0,28,1,1,pre_allocation
157,699,normal,0,0,65535_65535,2,26,137,1029,1,1,1,17,1029,28,1,1,allocated
157,699,normal,0,0,65535_65535,2,25,137,377,0,1,0,16,0,15,1,1,pre_allocation
157,699,normal,0,0,65535_65535,2,25,137,400,1,1,1,17,400,15,1,1,allocated
157,699,normal,0,0,65535_65535,2,21,137,377,0,1,0,16,0,15,1,1,pre_allocation
157,699,normal,0,0,65535_65535,2,21,137,400,1,1,1,17,400,15,1,1,allocated
157,699,normal,0,0,65535_65535,2,11,137,894,0,1,0,16,0,26,1,1,pre_allocation
157,699,normal,0,0,65535_65535,2,11,137,950,1,1,1,17,950,26,1,1,allocated
157,699,normal,0,0,65535_65535,2,12,137,968,0,1,0,16,0,28,1,1,pre_allocation
157,699,normal,0,0,65535_65535,2,12,137,1029,1,1,1,17,1029,28,1,1,allocated
269,797,normal,0,0,65535_65535,0,1,4601,0,0,1,0,0,0,28,1,1,pre_allocation
269,797,normal,0,0,65535_65535,0,1,4601,42,1,1,1,1,42,28,1,1,allocated
269,797,normal,0,0,65535_65535,0,4,68826,0,0,1,0,0,0,16,1,1,pre_allocation
269,797,normal,0,0,65535_65535,0,4,68826,16,1,1,1,1,16,16,1,1,allocated
269,797,normal,0,0,65535_65535,0,3,507625,0,0,1,0,0,0,15,1,1,pre_allocation
269,797,normal,0,0,65535_65535,0,3,507625,14,1,1,1,1,14,15,1,1,allocated
269,797,normal,0,0,65535_65535,0,1,4601,42,0,1,0,1,0,28,1,1,pre_allocation
269,797,normal,0,0,65535_65535,0,1,4601,88,1,1,1,2,88,28,1,1,allocated
269,797,normal,0,0,65535_65535,0,4,68826,16,0,1,0,1,0,16,1,1,pre_allocation
269,797,normal,0,0,65535_65535,0,4,68826,36,1,1,1,2,36,16,1,1,allocated
269,797,normal,0,0,65535_65535,0,3,507625,14,0,1,0,1,0,15,1,1,pre_allocation
269,797,normal,0,0,65535_65535,0,3,507625,32,1,1,1,2,32,15,1,1,allocated
269,797,normal,0,0,65535_65535,0,1,4601,88,0,1,0,2,0,28,1,1,pre_allocation
269,797,normal,0,0,65535_65535,0,1,4601,133,1,1,1,3,133,28,1,1,allocated
269,797,normal,0,0,65535_65535,0,4,68826,36,0,1,0,2,0,16,1,1,pre_allocation
269,797,normal,0,0,65535_65535,0,4,68826,56,1,1,1,3,56,16,1,1,allocated
269,797,normal,0,0,65535_65535,0,3,507625,32,0,1,0,2,0,15,1,1,pre_allocation
269,797,normal,0,0,65535_65535,0,3,507625,50,1,1,1,3,50,15,1,1,allocated
269,797,normal,0,0,65535_65535,0,1,4601,133,0,1,0,3,0,28,1,1,pre_allocation
269,797,normal,0,0,65535_65535,0,1,4601,179,1,1,1,4,179,28,1,1,allocated
269,797,normal,0,0,65535_65535,0,4,68826,56,0,1,0,3,0,16,1,1,pre_allocation
269,797,normal,0,0,65535_65535,0,4,68826,76,1,1,1,4,76,16,1,1,allocated
269,797,normal,0,0,65535_65535,0,3,507625,50,0,1,0,3,0,15,1,1,pre_allocation
269,797,normal,0,0,65535_65535,0,3,507625,68,1,1,1,4,68,15,1,1,allocated
269,797,normal,0,0,65535_65535,0,1,4601,179,0,1,0,4,0,28,1,1,pre_allocation
269,797,normal,0,0,65535_65535,0,1,4601,224,1,1,1,5,224,28,1,1,allocated
269,797,normal,0,0,65535_65535,0,4,68826,76,0,1,0,4,0,16,1,1,pre_allocation
269,797,normal,0,0,65535_65535,0,4,68826,96,1,1,1,5,96,16,1,1,allocated
269,797,normal,0,0,65535_65535,0,3,507625,68,0,1,0,4,0,15,1,1,pre_allocation
269,797,normal,0,0,65535_65535,0,3,507625,86,1,1,1,5,86,15,1,1,allocated
269,797,normal,0,0,65535_65535,0,1,4601,224,0,1,0,5,0,28,1,1,pre_allocation
269,797,normal,0,0,65535_65535,0,1,4601,270,1,1,1,6,270,28,1,1,allocated
269,797,normal,0,0,65535_65535,0,4,68826,96,0,1,0,5,0,16,1,1,pre_allocation
269,797,normal,0,0,65535_65535,0,4,68826,115,1,1,1,6,115,16,1,1,allocated
269,797,normal,0,0,65535_65535,0,3,507625,86,0,1,0,5,0,15,1,1,pre_allocation
269,797,normal,0,0,65535_65535,0,3,507625,103,1,1,1,6,103,15,1,1,allocated
269,797,normal,0,0,65535_65535,0,1,4601,270,0,1,0,6,0,28,1,1,pre_allocation
269,797,normal,0,0,65535_65535,0,1,4601,315,1,1,1,7,315,28,1,1,allocated
269,797,normal,0,0,65535_65535,0,4,68826,115,0,1,0,6,0,16,1,1,pre_allocation
269,797,normal,0,0,65535_65535,0,4,68826,135,1,1,1,7,135,16,1,1,allocated
269,797,normal,0,0,65535_65535,0,3,507625,103,0,1,0,6,0,15,1,1,pre_allocation
269,797,normal,0,0,65535_65535,0,3,507625,121,1,1,1,7,121,15,1,1,allocated
269,797,normal,0,0,65535_65535,0,1,4601,315,0,1,0,7,0,28,1,1,pre_allocation
269,797,normal,0,0,65535_65535,0,1,4601,361,1,1,1,8,361,28,1,1,allocated
269,797,normal,0,0,65535_65535,0,4,68826,135,0,1,0,7,0,16,1,1,pre_allocation
269,797,normal,0,0,65535_65535,0,4,68826,155,1,1,1,8,155,16,1,1,allocated
269,797,normal,0,0,65535_65535,0,3,507625,121,0,1,0,7,0,15,1,1,pre_allocation
269,797,normal,0,0,65535_65535,0,3,507625,139,1,1,1,8,139,15,1,1,allocated
269,797,normal,0,0,65535_65535,0,1,4601,361,0,1,0,8,0,28,1,1,pre_allocation
269,797,normal,0,0,65535_65535,0,1,4601,406,1,1,1,9,406,28,1,1,allocated
269,797,normal,0,0,65535_65535,0,4,68826,155,0,1,0,8,0,16,1,1,pre_allocation
269,797,normal,0,0,65535_65535,0,4,68826,175,1,1,1,9,175,16,1,1,allocated
269,797,normal,0,0,65535_65535,0,3,507625,139,0,1,0,8,0,15,1,1,pre_allocation
269,797,normal,0,0,65535_65535,0,3,507625,157,1,1,1,9,157,15,1,1,allocated
269,797,normal,0,0,65535_65535,0,1,4601,406,0,1,0,9,0,28,1,1,pre_allocation
269,797,normal,0,0,65535_65535,0,1,4601,452,1,1,1,10,452,28,1,1,allocated
269,797,normal,0,0,65535_65535,0,4,68826,175,0,1,0,9,0,16,1,1,pre_allocation
269,797,normal,0,0,65535_65535,0,4,68826,195,1,1,1,10,195,16,1,1,allocated
269,797,normal,0,0,65535_65535,0,3,507625,157,0,1,0,9,0,15,1,1,pre_allocation
269,797,normal,0,0,65535_65535,0,3,507625,175,1,1,1,10,175,15,1,1,allocated
269,797,normal,0,0,65535_65535,0,1,4601,452,0,1,0,10,0,28,1,1,pre_allocation
269,797,normal,0,0,65535_65535,0,1,4601,497,1,1,1,11,497,28,1,1,allocated
269,797,normal,0,0,65535_65535,0,4,68826,195,0,1,0,10,0,16,1,1,pre_allocation
269,797,normal,0,0,65535_65535,0,4,68826,214,1,1,1,11,214,16,1,1,allocated
269,797,normal,0,0,65535_65535,0,3,507625,175,0,1,0,10,0,15,1,1,pre_allocation
269,797,normal,0,0,65535_65535,0,3,507625,193,1,1,1,11,193,15,1,1,allocated
269,797,normal,0,0,65535_65535,0,1,4601,497,0,1,0,11,0,28,1,1,pre_allocation
269,797,normal,0,0,65535_65535,0,1,4601,543,1,1,1,12,543,28,1,1,allocated
269,797,normal,0,0,65535_65535,0,4,68826,214,0,1,0,11,0,16,1,1,pre_allocation
269,797,normal,0,0,65535_65535,0,4,68826,234,1,1,1,12,234,16,1,1,allocated
269,797,normal,0,0,65535_65535,0,3,507625,193,0,1,0,11,0,15,1,1,pre_allocation
269,797,normal,0,0,65535_65535,0,3,507625,210,1,1,1,12,210,15,1,1,allocated
269,797,normal,0,0,65535_65535,0,1,4601,543,0,1,0,12,0,28,1,1,pre_allocation
269,797,normal,0,0,65535_65535,0,1,4601,589,1,1,1,13,589,28,1,1,allocated
269,797,normal,0,0,65535_65535,0,4,68826,234,0,1,0,12,0,16,1,1,pre_allocation
269,797,normal,0,0,65535_65535,0,4,68826,254,1,1,1,13,254,16,1,1,allocated
269,797,normal,0,0,65535_65535,0,3,507625,210,0,1,0,12,0,15,1,1,pre_allocation
269,797,normal,0,0,65535_65535,0,3,507625,228,1,1,1,13,228,15,1,1,allocated
269,797,normal,0,0,65535_65535,0,1,4601,589,0,1,0,13,0,28,1,1,pre_allocation
269,797,normal,0,0,65535_65535,0,1,4601,634,1,1,1,14,634,28,1,1,allocated
269,797,normal,0,0,65535_65535,0,4,68826,254,0,1,0,13,0,16,1,1,pre_allocation
269,797,normal,0,0,65535_65535,0,4,68826,274,1,1,1,14,274,16,1,1,allocated
269,797,normal,0,0,65535_65535,0,3,507625,228,0,1,0,13,0,15,1,1,pre_allocation
269,797,normal,0,0,65535_65535,0,3,507625,246,1,1,1,14,246,15,1,1,allocated
269,797,normal,0,0,65535_65535,0,1,4601,634,0,1,0,14,0,28,1,1,pre_allocation
269,797,normal,0,0,65535_65535,0,1,4601,680,1,1,1,15,680,28,1,1,allocated
269,797,normal,0,0,65535_65535,0,4,68826,274,0,1,0,14,0,16,1,1,pre_allocation
269,797,normal,0,0,65535_65535,0,4,68826,294,1,1,1,15,294,16,1,1,allocated
269,797,normal,0,0,65535_65535,0,3,507625,246,0,1,0,14,0,15,1,1,pre_allocation
269,797,normal,0,0,65535_65535,0,3,507625,264,1,1,1,15,264,15,1,1,allocated
269,797,normal,0,0,65535_65535,0,1,4601,680,0,1,0,15,0,28,1,1,pre_allocation
269,797,normal,0,0,65535_65535,0,1,4601,725,1,1,1,16,725,28,1,1,allocated
269,797,normal,0,0,65535_65535,0,4,68826,294,0,1,0,15,0,16,1,1,pre_allocation
269,797,normal,0,0,65535_65535,0,4,68826,313,1,1,1,16,313,16,1,1,allocated
269,797,normal,0,0,65535_65535,0,3,507625,264,0,1,0,15,0,15,1,1,pre_allocation
269,797,normal,0,0,65535_65535,0,3,507625,282,1,1,1,16,282,15,1,1,allocated
269,797,normal,0,0,65535_65535,0,1,4601,725,0,1,0,16,0,28,1,1,pre_allocation
269,797,normal,0,0,65535_65535,0,1,4601,771,1,1,1,17,771,28,1,1,allocated
269,797,normal,0,0,65535_65535,0,4,68826,313,0,1,0,16,0,16,1,1,pre_allocation
269,797,normal,0,0,65535_65535,0,4,68826,333,1,1,1,17,333,16,1,1,allocated
269,797,normal,0,0,65535_65535,0,3,507625,282,0,1,0,16,0,15,1,1,pre_allocation
269,797,normal,0,0,65535_65535,0,3,507625,299,1,1,1,17,299,15,1,1,allocated
269,797,normal,0,0,65535_65535,0,1,4601,771,0,1,0,17,0,28,1,1,pre_allocation
269,797,normal,0,0,65535_65535,0,1,4601,816,1,1,1,18,816,28,1,1,allocated
269,797,normal,0,0,65535_65535,0,4,68826,333,0,1,0,17,0,16,1,1,pre_allocation
269,797,normal,0,0,65535_65535,0,4,68826,353,1,1,1,18,353,16,1,1,allocated
269,797,normal,0,0,65535_65535,0,3,507625,299,0,1,0,17,0,15,1,1,pre_allocation
269,797,normal,0,0,65535_65535,0,3,507625,317,1,1,1,18,317,15,1,1,allocated
269,797,normal,0,0,65535_65535,0,1,4601,816,0,1,0,18,0,28,1,1,pre_allocation
269,797,normal,0,0,65535_65535,0,1,4601,862,1,1,1,19,862,28,1,1,allocated
269,797,normal,0,0,65535_65535,0,4,68826,353,0,1,0,18,0,16,1,1,pre_allocation
269,797,normal,0,0,65535_65535,0,4,68826,373,1,1,1,19,373,16,1,1,allocated
269,797,normal,0,0,65535_65535,0,3,507625,317,0,1,0,18,0,15,1,1,pre_allocation
269,797,normal,0,0,65535_65535,0,3,507625,335,1,1,1,19,335,15,1,1,allocated
269,797,normal,0,0,65535_65535,0,1,4601,862,0,1,0,19,0,28,1,1,pre_allocation
269,797,normal,0,0,65535_65535,0,1,4601,907,1,1,1,20,907,28,1,1,allocated
269,797,normal,0,0,65535_65535,0,4,68826,373,0,1,0,19,0,16,1,1,pre_allocation
269,797,normal,0,0,65535_65535,0,4,68826,393,1,1,1,20,393,16,1,1,allocated
269,797,normal,0,0,65535_65535,0,3,507625,335,0,1,0,19,0,15,1,1,pre_allocation
269,797,normal,0,0,65535_65535,0,3,507625,353,1,1,1,20,353,15,1,1,allocated
269,797,normal,0,0,65535_65535,0,1,4601,907,0,1,0,20,0,28,1,1,pre_allocation
269,797,normal,0,0,65535_65535,0,1,4601,953,1,1,1,21,953,28,1,1,allocated
269,797,normal,0,0,65535_65535,0,4,68826,393,0,1,0,20,0,16,1,1,pre_allocation
269,797,normal,0,0,65535_65535,0,4,68826,412,1,1,1,21,412,16,1,1,allocated
269,797,normal,0,0,65535_65535,0,3,507625,353,0,1,0,20,0,15,1,1,pre_allocation
269,797,normal,0,0,65535_65535,0,3,507625,371,1,1,1,21,371,15,1,1,allocated
269,797,normal,0,0,65535_65535,0,1,4601,953,0,1,0,21,0,28,1,1,pre_allocation
269,797,normal,0,0,65535_65535,0,1,4601,998,1,1,1,22,998,28,1,1,allocated
269,797,normal,0,0,65535_65535,0,4,68826,412,0,1,0,21,0,16,1,1,pre_allocation
269,797,normal,0,0,65535_65535,0,4,68826,432,1,1,1,22,432,16,1,1,allocated
269,797,normal,0,0,65535_65535,0,3,507625,371,0,1,0,21,0,15,1,1,pre_allocation
269,797,normal,0,0,65535_65535,0,3,507625,389,1,1,1,22,389,15,1,1,allocated
269,797,normal,0,0,65535_65535,0,1,4601,998,0,1,0,22,0,28,1,1,pre_allocation
269,797,normal,0,0,65535_65535,0,1,4601,1044,1,1,1,23,1044,28,1,1,allocated
269,797,normal,0,0,65535_65535,0,4,68826,432,0,1,0,22,0,16,1,1,pre_allocation
269,797,normal,0,0,65535_65535,0,4,68826,452,1,1,1,23,452,16,1,1,allocated
269,797,normal,0,0,65535_65535,0,3,507625,389,0,1,0,22,0,15,1,1,pre_allocation
269,797,normal,0,0,65535_65535,0,3,507625,406,1,1,1,23,406,15,1,1,allocated
269,797,normal,0,0,65535_65535,0,1,4601,1044,0,1,0,23,0,28,1,1,pre_allocation
269,797,normal,0,0,65535_65535,0,1,4601,1089,1,1,1,24,1089,28,1,1,allocated
269,797,normal,0,0,65535_65535,0,4,68826,452,0,1,0,23,0,16,1,1,pre_allocation
269,797,normal,0,0,65535_65535,0,4,68826,472,1,1,1,24,472,16,1,1,allocated
269,797,normal,0,0,65535_65535,0,3,507625,406,0,1,0,23,0,15,1,1,pre_allocation
269,797,normal,0,0,65535_65535,0,3,507625,424,1,1,1,24,424,15,1,1,allocated
269,797,normal,0,0,65535_65535,0,1,4601,1089,0,1,0,24,0,28,1,1,pre_allocation
269,797,normal,0,0,65535_65535,0,1,4601,1135,1,1,1,25,1135,28,1,1,allocated
269,797,normal,0,0,65535_65535,0,4,68826,472,0,1,0,24,0,16,1,1,pre_allocation
269,797,normal,0,0,65535_65535,0,4,68826,492,1,1,1,25,492,16,1,1,allocated
269,797,normal,0,0,65535_65535,0,3,507625,424,0,1,0,24,0,15,1,1,pre_allocation
269,797,normal,0,0,65535_65535,0,3,507625,442,1,1,1,25,442,15,1,1,allocated
269,797,normal,0,0,65535_65535,0,1,4601,1135,0,1,0,25,0,28,1,1,pre_allocation
269,797,normal,0,0,65535_65535,0,1,4601,1181,1,1,1,26,1181,28,1,1,allocated
269,797,normal,0,0,65535_65535,0,4,68826,492,0,1,0,25,0,16,1,1,pre_allocation
269,797,normal,0,0,65535_65535,0,4,68826,511,1,1,1,26,511,16,1,1,allocated
269,797,normal,0,0,65535_65535,0,3,507625,442,0,1,0,25,0,15,1,1,pre_allocation
269,797,normal,0,0,65535_65535,0,3,507625,460,1,1,1,26,460,15,1,1,allocated
269,797,normal,0,0,65535_65535,0,1,4601,1181,0,1,0,26,0,28,1,1,pre_allocation
269,797,normal,0,0,65535_65535,0,1,4601,1226,1,1,1,27,1226,28,1,1,allocated
269,797,normal,0,0,65535_65535,0,4,68826,511,0,1,0,26,0,16,1,1,pre_allocation
269,797,normal,0,0,65535_65535,0,4,68826,531,1,1,1,27,531,16,1,1,allocated
269,797,normal,0,0,65535_65535,0,3,507625,460,0,1,0,26,0,15,1,1,pre_allocation
269,797,normal,0,0,65535_65535,0,3,507625,478,1,1,1,27,478,15,1,1,allocated
269,797,normal,0,0,65535_65535,0,1,4601,1226,0,1,0,27,0,28,1,1,pre_allocation
269,797,normal,0,0,65535_65535,0,1,4601,1272,1,1,1,28,1272,28,1,1,allocated
269,797,normal,0,0,65535_65535,0,4,68826,531,0,1,0,27,0,16,1,1,pre_allocation
269,797,normal,0,0,65535_65535,0,4,68826,551,1,1,1,28,551,16,1,1,allocated
269,797,normal,0,0,65535_65535,0,3,507625,478,0,1,0,27,0,15,1,1,pre_allocation
269,797,normal,0,0,65535_65535,0,3,507625,495,1,1,1,28,495,15,1,1,allocated
269,797,normal,0,0,65535_65535,0,1,4601,1272,0,1,0,28,0,28,1,1,pre_allocation
269,797,normal,0,0,65535_65535,0,1,4601,1317,1,1,1,29,1317,28,1,1,allocated
269,797,normal,0,0,65535_65535,0,4,68826,551,0,1,0,28,0,16,1,1,pre_allocation
269,797,normal,0,0,65535_65535,0,4,68826,571,1,1,1,29,571,16,1,1,allocated
269,797,normal,0,0,65535_65535,0,3,507625,495,0,1,0,28,0,15,1,1,pre_allocation
269,797,normal,0,0,65535_65535,0,3,507625,513,1,1,1,29,513,15,1,1,allocated
269,797,normal,0,0,65535_65535,0,1,4601,1317,0,1,0,29,0,28,1,1,pre_allocation
269,797,normal,0,0,65535_65535,0,1,4601,1363,1,1,1,30,1363,28,1,1,allocated
269,797,normal,0,0,65535_65535,0,4,68826,571,0,1,0,29,0,16,1,1,pre_allocation
269,797,normal,0,0,65535_65535,0,4,68826,591,1,1,1,30,591,16,1,1,allocated
269,797,normal,0,0,65535_65535,0,3,507625,513,0,1,0,29,0,15,1,1,pre_allocation
269,797,normal,0,0,65535_65535,0,3,507625,531,1,1,1,30,531,15,1,1,allocated
269,797,normal,0,0,65535_65535,0,1,4601,1363,0,1,0,30,0,28,1,1,pre_allocation
269,797,normal,0,0,65535_65535,0,1,4601,1408,1,1,1,31,1408,28,1,1,allocated
269,797,normal,0,0,65535_65535,0,4,68826,591,0,1,0,30,0,16,1,1,pre_allocation
269,797,normal,0,0,65535_65535,0,4,68826,610,1,1,1,31,610,16,1,1,allocated
269,797,normal,0,0,65535_65535,0,3,507625,531,0,1,0,30,0,15,1,1,pre_allocation
269,797,normal,0,0,65535_65535,0,3,507625,549,1,1,1,31,549,15,1,1,allocated
269,797,normal,0,0,65535_65535,0,1,4601,1408,0,1,0,31,0,28,1,1,pre_allocation
269,797,normal,0,0,65535_65535,0,1,4601,1454,1,1,1,32,1454,28,1,1,allocated
269,797,normal,0,0,65535_65535,0,4,68826,610,0,1,0,31,0,16,1,1,pre_allocation
269,797,normal,0,0,65535_65535,0,4,68826,630,1,1,1,32,630,16,1,1,allocated
269,797,normal,0,0,65535_65535,0,3,507625,549,0,1,0,31,0,15,1,1,pre_allocation
269,797,normal,0,0,65535_65535,0,3,507625,567,1,1,1,32,567,15,1,1,allocated
269,797,normal,0,0,65535_65535,0,1,4601,1454,0,1,0,32,0,28,1,1,pre_allocation
269,797,normal,0,0,65535_65535,0,1,4601,1499,1,1,1,33,1499,28,1,1,allocated
269,797,normal,0,0,65535_65535,0,4,68826,630,0,1,0,32,0,16,1,1,pre_allocation
269,797,normal,0,0,65535_65535,0,4,68826,650,1,1,1,33,650,16,1,1,allocated
269,797,normal,0,0,65535_65535,0,3,507625,567,0,1,0,32,0,15,1,1,pre_allocation
269,797,normal,0,0,65535_65535,0,3,507625,585,1,1,1,33,585,15,1,1,allocated
269,797,normal,0,0,65535_65535,0,1,4601,1499,0,1,0,33,0,28,1,1,pre_allocation
269,797,normal,0,0,65535_65535,0,1,4601,1542,1,1,1,34,1542,28,1,1,allocated
269,797,normal,0,0,65535_65535,0,4,68826,650,0,1,0,33,0,16,1,1,pre_allocation
269,797,normal,0,0,65535_65535,0,4,68826,670,1,1,1,34,670,16,1,1,allocated
269,797,normal,0,0,65535_65535,0,3,507625,585,0,1,0,33,0,15,1,1,pre_allocation
269,797,normal,0,0,65535_65535,0,3,507625,602,1,1,1,34,602,15,1,1,allocated
269,797,normal,0,0,65535_65535,0,1,4601,1542,0,1,0,34,0,28,1,1,pre_allocation
269,797,normal,0,0,65535_65535,0,1,4601,1587,1,1,1,35,1587,28,1,1,allocated
269,797,normal,0,0,65535_65535,0,4,68826,670,0,1,0,34,0,16,1,1,pre_allocation
269,797,normal,0,0,65535_65535,0,4,68826,690,1,1,1,35,690,16,1,1,allocated
269,797,normal,0,0,65535_65535,0,3,507625,602,0,1,0,34,0,15,1,1,pre_allocation
269,797,normal,0,0,65535_65535,0,3,507625,620,1,1,1,35,620,15,1,1,allocated
269,797,normal,0,0,65535_65535,0,1,4601,1587,0,1,0,35,0,28,1,1,pre_allocation
269,797,normal,0,0,65535_65535,0,1,4601,1633,1,1,1,36,1633,28,1,1,allocated
269,797,normal,0,0,65535_65535,0,4,68826,690,0,1,0,35,0,16,1,1,pre_allocation
269,797,normal,0,0,65535_65535,0,4,68826,709,1,1,1,36,709,16,1,1,allocated
269,797,normal,0,0,65535_65535,0,3,507625,620,0,1,0,35,0,15,1,1,pre_allocation
269,797,normal,0,0,65535_65535,0,3,507625,638,1,1,1,36,638,15,1,1,allocated
269,797,normal,0,0,65535_65535,0,1,4601,1633,0,1,0,36,0,28,1,1,pre_allocation
269,797,normal,0,0,65535_65535,0,1,4601,1678,1,1,1,37,1678,28,1,1,allocated
269,797,normal,0,0,65535_65535,0,4,68826,709,0,1,0,36,0,16,1,1,pre_allocation
269,797,normal,0,0,65535_65535,0,4,68826,729,1,1,1,37,729,16,1,1,allocated
269,797,normal,0,0,65535_65535,0,3,507625,638,0,1,0,36,0,15,1,1,pre_allocation
269,797,normal,0,0,65535_65535,0,3,507625,656,1,1,1,37,656,15,1,1,allocated
269,797,normal,0,0,65535_65535,0,1,4601,1678,0,1,0,37,0,28,1,1,pre_allocation
269,797,normal,0,0,65535_65535,0,1,4601,1724,1,1,1,38,1724,28,1,1,allocated
269,797,normal,0,0,65535_65535,0,4,68826,729,0,1,0,37,0,16,1,1,pre_allocation
269,797,normal,0,0,65535_65535,0,4,68826,749,1,1,1,38,749,16,1,1,allocated
269,797,normal,0,0,65535_65535,0,3,507625,656,0,1,0,37,0,15,1,1,pre_allocation
269,797,normal,0,0,65535_65535,0,3,507625,674,1,1,1,38,674,15,1,1,allocated
269,797,normal,0,0,65535_65535,0,1,4601,1724,0,1,0,38,0,28,1,1,pre_allocation
269,797,normal,0,0,65535_65535,0,1,4601,1770,1,1,1,39,1770,28,1,1,allocated
269,797,normal,0,0,65535_65535,0,4,68826,749,0,1,0,38,0,16,1,1,pre_allocation
269,797,normal,0,0,65535_65535,0,4,68826,769,1,1,1,39,769,16,1,1,allocated
269,797,normal,0,0,65535_65535,0,3,507625,674,0,1,0,38,0,15,1,1,pre_allocation
269,797,normal,0,0,65535_65535,0,3,507625,691,1,1,1,39,691,15,1,1,allocated
269,797,normal,0,0,65535_65535,0,1,4601,1770,0,1,0,39,0,28,1,1,pre_allocation
269,797,normal,0,0,65535_65535,0,1,4601,1815,1,1,1,40,1815,28,1,1,allocated
269,797,normal,0,0,65535_65535,0,4,68826,769,0,1,0,39,0,16,1,1,pre_allocation
269,797,normal,0,0,65535_65535,0,4,68826,789,1,1,1,40,789,16,1,1,allocated
269,797,normal,0,0,65535_65535,0,3,507625,691,0,1,0,39,0,15,1,1,pre_allocation
269,797,normal,0,0,65535_65535,0,3,507625,709,1,1,1,40,709,15,1,1,allocated
269,797,normal,0,0,65535_65535,0,1,4601,1815,0,1,0,40,0,28,1,1,pre_allocation
269,797,normal,0,0,65535_65535,0,1,4601,1861,1,1,1,41,1861,28,1,1,allocated
269,797,normal,0,0,65535_65535,0,4,68826,789,0,1,0,40,0,16,1,1,pre_allocation
269,797,normal,0,0,65535_65535,0,4,68826,808,1,1,1,41,808,16,1,1,allocated
269,797,normal,0,0,65535_65535,0,3,507625,709,0,1,0,40,0,15,1,1,pre_allocation
269,797,normal,0,0,65535_65535,0,3,507625,727,1,1,1,41,727,15,1,1,allocated
269,797,normal,0,0,65535_65535,1,6,87,0,0,1,0,0,0,28,1,1,pre_allocation
269,797,normal,0,0,65535_65535,1,6,87,42,1,1,1,1,42,28,1,1,allocated
269,797,normal,0,0,65535_65535,1,7,87,0,0,1,0,0,0,28,1,1,pre_allocation
269,797,normal,0,0,65535_65535,1,7,87,42,1,1,1,1,42,28,1,1,allocated
269,797,normal,0,0,65535_65535,1,8,87,0,0,1,0,0,0,28,1,1,pre_allocation
269,797,normal,0,0,65535_65535,1,8,87,42,1,1,1,1,42,28,1,1,allocated
269,797,normal,0,0,65535_65535,1,9,87,0,0,1,0,0,0,28,1,1,pre_allocation
269,797,normal,0,0,65535_65535,1,9,87,42,1,1,1,1,42,28,1,1,allocated
269,797,normal,0,0,65535_65535,1,10,5697,0,0,1,0,0,0,15,1,1,pre_allocation
269,797,normal,0,0,65535_65535,1,10,5697,14,1,1,1,1,14,15,1,1,allocated
269,797,normal,0,0,65535_65535,1,6,87,42,0,1,0,1,0,28,1,1,pre_allocation
269,797,normal,0,0,65535_65535,1,6,87,88,1,1,1,2,88,28,1,1,allocated
269,797,normal,0,0,65535_65535,1,7,87,42,0,1,0,1,0,28,1,1,pre_allocation
269,797,normal,0,0,65535_65535,1,7,87,88,1,1,1,2,88,28,1,1,allocated
269,797,normal,0,0,65535_65535,1,8,87,42,0,1,0,1,0,28,1,1,pre_allocation
269,797,normal,0,0,65535_65535,1,8,87,88,1,1,1,2,88,28,1,1,allocated
269,797,normal,0,0,65535_65535,1,9,87,42,0,1,0,1,0,28,1,1,pre_allocation
269,797,normal,0,0,65535_65535,1,9,87,88,1,1,1,2,88,28,1,1,allocated
269,797,normal,0,0,65535_65535,1,10,5697,14,0,1,0,1,0,15,1,1,pre_allocation
269,797,normal,0,0,65535_65535,1,10,5697,32,1,1,1,2,32,15,1,1,allocated
269,797,normal,0,0,65535_65535,1,6,87,88,0,1,0,2,0,28,1,1,pre_allocation
269,797,normal,0,0,65535_65535,1,6,87,133,1,1,1,3,133,28,1,1,allocated
269,797,normal,0,0,65535_65535,1,7,87,88,0,1,0,2,0,28,1,1,pre_allocation
269,797,normal,0,0,65535_65535,1,7,87,133,1,1,1,3,133,28,1,1,allocated
269,797,normal,0,0,65535_65535,1,8,87,88,0,1,0,2,0,28,1,1,pre_allocation
269,797,normal,0,0,65535_65535,1,8,87,133,1,1,1,3,133,28,1,1,allocated
269,797,normal,0,0,65535_65535,1,9,87,88,0,1,0,2,0,28,1,1,pre_allocation
269,797,normal,0,0,65535_65535,1,9,87,133,1,1,1,3,133,28,1,1,allocated
269,797,normal,0,0,65535_65535,1,10,5697,32,0,1,0,2,0,15,1,1,pre_allocation
269,797,normal,0,0,65535_65535,1,10,5697,50,1,1,1,3,50,15,1,1,allocated
269,797,normal,0,0,65535_65535,1,6,87,133,0,1,0,3,0,28,1,1,pre_allocation
269,797,normal,0,0,65535_65535,1,6,87,179,1,1,1,4,179,28,1,1,allocated
269,797,normal,0,0,65535_65535,1,7,87,133,0,1,0,3,0,28,1,1,pre_allocation
269,797,normal,0,0,65535_65535,1,7,87,179,1,1,1,4,179,28,1,1,allocated
269,797,normal,0,0,65535_65535,1,8,87,133,0,1,0,3,0,28,1,1,pre_allocation
269,797,normal,0,0,65535_65535,1,8,87,179,1,1,1,4,179,28,1,1,allocated
269,797,normal,0,0,65535_65535,1,9,87,133,0,1,0,3,0,28,1,1,pre_allocation
269,797,normal,0,0,65535_65535,1,9,87,179,1,1,1,4,179,28,1,1,allocated
269,797,normal,0,0,65535_65535,1,10,5697,50,0,1,0,3,0,15,1,1,pre_allocation
269,797,normal,0,0,65535_65535,1,10,5697,68,1,1,1,4,68,15,1,1,allocated
269,797,normal,0,0,65535_65535,1,6,87,179,0,1,0,4,0,28,1,1,pre_allocation
269,797,normal,0,0,65535_65535,1,6,87,224,1,1,1,5,224,28,1,1,allocated
269,797,normal,0,0,65535_65535,1,7,87,179,0,1,0,4,0,28,1,1,pre_allocation
269,797,normal,0,0,65535_65535,1,7,87,224,1,1,1,5,224,28,1,1,allocated
269,797,normal,0,0,65535_65535,1,8,87,179,0,1,0,4,0,28,1,1,pre_allocation
269,797,normal,0,0,65535_65535,1,8,87,224,1,1,1,5,224,28,1,1,allocated
269,797,normal,0,0,65535_65535,1,9,87,179,0,1,0,4,0,28,1,1,pre_allocation
269,797,normal,0,0,65535_65535,1,9,87,224,1,1,1,5,224,28,1,1,allocated
269,797,normal,0,0,65535_65535,1,10,5697,68,0,1,0,4,0,15,1,1,pre_allocation
269,797,normal,0,0,65535_65535,1,10,5697,86,1,1,1,5,86,15,1,1,allocated
269,797,normal,0,0,65535_65535,1,6,87,224,0,1,0,5,0,28,1,1,pre_allocation
269,797,normal,0,0,65535_65535,1,6,87,270,1,1,1,6,270,28,1,1,allocated
269,797,normal,0,0,65535_65535,1,7,87,224,0,1,0,5,0,28,1,1,pre_allocation
269,797,normal,0,0,65535_65535,1,7,87,270,1,1,1,6,270,28,1,1,allocated
269,797,normal,0,0,65535_65535,1,8,87,224,0,1,0,5,0,28,1,1,pre_allocation
269,797,normal,0,0,65535_65535,1,8,87,270,1,1,1,6,270,28,1,1,allocated
269,797,normal,0,0,65535_65535,1,9,87,224,0,1,0,5,0,28,1,1,pre_allocation
269,797,normal,0,0,65535_65535,1,9,87,270,1,1,1,6,270,28,1,1,allocated
269,797,normal,0,0,65535_65535,1,10,5697,86,0,1,0,5,0,15,1,1,pre_allocation
269,797,normal,0,0,65535_65535,1,10,5697,103,1,1,1,6,103,15,1,1,allocated
269,797,normal,0,0,65535_65535,1,6,87,270,0,1,0,6,0,28,1,1,pre_allocation
269,797,normal,0,0,65535_65535,1,6,87,315,1,1,1,7,315,28,1,1,allocated
269,797,normal,0,0,65535_65535,1,7,87,270,0,1,0,6,0,28,1,1,pre_allocation
269,797,normal,0,0,65535_65535,1,7,87,315,1,1,1,7,315,28,1,1,allocated
269,797,normal,0,0,65535_65535,1,8,87,270,0,1,0,6,0,28,1,1,pre_allocation
269,797,normal,0,0,65535_65535,1,8,87,315,1,1,1,7,315,28,1,1,allocated
269,797,normal,0,0,65535_65535,1,9,87,270,0,1,0,6,0,28,1,1,pre_allocation
269,797,normal,0,0,65535_65535,1,9,87,315,1,1,1,7,315,28,1,1,allocated
269,797,normal,0,0,65535_65535,1,10,5697,103,0,1,0,6,0,15,1,1,pre_allocation
269,797,normal,0,0,65535_65535,1,10,5697,121,1,1,1,7,121,15,1,1,allocated
269,797,normal,0,0,65535_65535,1,6,87,315,0,1,0,7,0,28,1,1,pre_allocation
269,797,normal,0,0,65535_65535,1,6,87,361,1,1,1,8,361,28,1,1,allocated
269,797,normal,0,0,65535_65535,1,7,87,315,0,1,0,7,0,28,1,1,pre_allocation
269,797,normal,0,0,65535_65535,1,7,87,361,1,1,1,8,361,28,1,1,allocated
269,797,normal,0,0,65535_65535,1,8,87,315,0,1,0,7,0,28,1,1,pre_allocation
269,797,normal,0,0,65535_65535,1,8,87,361,1,1,1,8,361,28,1,1,allocated
269,797,normal,0,0,65535_65535,1,9,87,315,0,1,0,7,0,28,1,1,pre_allocation
269,797,normal,0,0,65535_65535,1,9,87,361,1,1,1,8,361,28,1,1,allocated
269,797,normal,0,0,65535_65535,1,10,5697,121,0,1,0,7,0,15,1,1,pre_allocation
269,797,normal,0,0,65535_65535,1,10,5697,139,1,1,1,8,139,15,1,1,allocated
269,797,normal,0,0,65535_65535,1,6,87,361,0,1,0,8,0,28,1,1,pre_allocation
269,797,normal,0,0,65535_65535,1,6,87,406,1,1,1,9,406,28,1,1,allocated
269,797,normal,0,0,65535_65535,1,7,87,361,0,1,0,8,0,28,1,1,pre_allocation
269,797,normal,0,0,65535_65535,1,7,87,406,1,1,1,9,406,28,1,1,allocated
269,797,normal,0,0,65535_65535,1,8,87,361,0,1,0,8,0,28,1,1,pre_allocation
269,797,normal,0,0,65535_65535,1,8,87,406,1,1,1,9,406,28,1,1,allocated
269,797,normal,0,0,65535_65535,1,9,87,361,0,1,0,8,0,28,1,1,pre_allocation
269,797,normal,0,0,65535_65535,1,9,87,406,1,1,1,9,406,28,1,1,allocated
269,797,normal,0,0,65535_65535,1,10,5697,139,0,1,0,8,0,15,1,1,pre_allocation
269,797,normal,0,0,65535_65535,1,10,5697,157,1,1,1,9,157,15,1,1,allocated
269,797,normal,0,0,65535_65535,1,6,87,406,0,1,0,9,0,28,1,1,pre_allocation
269,797,normal,0,0,65535_65535,1,6,87,452,1,1,1,10,452,28,1,1,allocated
269,797,normal,0,0,65535_65535,1,7,87,406,0,1,0,9,0,28,1,1,pre_allocation
269,797,normal,0,0,65535_65535,1,7,87,452,1,1,1,10,452,28,1,1,allocated
269,797,normal,0,0,65535_65535,1,8,87,406,0,1,0,9,0,28,1,1,pre_allocation
269,797,normal,0,0,65535_65535,1,8,87,452,1,1,1,10,452,28,1,1,allocated
269,797,normal,0,0,65535_65535,1,9,87,406,0,1,0,9,0,28,1,1,pre_allocation
269,797,normal,0,0,65535_65535,1,9,87,452,1,1,1,10,452,28,1,1,allocated
269,797,normal,0,0,65535_65535,1,10,5697,157,0,1,0,9,0,15,1,1,pre_allocation
269,797,normal,0,0,65535_65535,1,10,5697,175,1,1,1,10,175,15,1,1,allocated
269,797,normal,0,0,65535_65535,1,6,87,452,0,1,0,10,0,28,1,1,pre_allocation
269,797,normal,0,0,65535_65535,1,6,87,497,1,1,1,11,497,28,1,1,allocated
269,797,normal,0,0,65535_65535,1,7,87,452,0,1,0,10,0,28,1,1,pre_allocation
269,797,normal,0,0,65535_65535,1,7,87,497,1,1,1,11,497,28,1,1,allocated
269,797,normal,0,0,65535_65535,1,8,87,452,0,1,0,10,0,28,1,1,pre_allocation
269,797,normal,0,0,65535_65535,1,8,87,497,1,1,1,11,497,28,1,1,allocated
269,797,normal,0,0,65535_65535,1,9,87,452,0,1,0,10,0,28,1,1,pre_allocation
269,797,normal,0,0,65535_65535,1,9,87,497,1,1,1,11,497,28,1,1,allocated
269,797,normal,0,0,65535_65535,1,10,5697,175,0,1,0,10,0,15,1,1,pre_allocation
269,797,normal,0,0,65535_65535,1,10,5697,193,1,1,1,11,193,15,1,1,allocated
269,797,normal,0,0,65535_65535,1,6,87,497,0,1,0,11,0,28,1,1,pre_allocation
269,797,normal,0,0,65535_65535,1,6,87,543,1,1,1,12,543,28,1,1,allocated
269,797,normal,0,0,65535_65535,1,7,87,497,0,1,0,11,0,28,1,1,pre_allocation
269,797,normal,0,0,65535_65535,1,7,87,543,1,1,1,12,543,28,1,1,allocated
269,797,normal,0,0,65535_65535,1,8,87,497,0,1,0,11,0,28,1,1,pre_allocation
269,797,normal,0,0,65535_65535,1,8,87,543,1,1,1,12,543,28,1,1,allocated
269,797,normal,0,0,65535_65535,1,9,87,497,0,1,0,11,0,28,1,1,pre_allocation
269,797,normal,0,0,65535_65535,1,9,87,543,1,1,1,12,543,28,1,1,allocated
269,797,normal,0,0,65535_65535,1,10,5697,193,0,1,0,11,0,15,1,1,pre_allocation
269,797,normal,0,0,65535_65535,1,10,5697,210,1,1,1,12,210,15,1,1,allocated
269,797,normal,0,0,65535_65535,1,6,87,543,0,1,0,12,0,28,1,1,pre_allocation
269,797,normal,0,0,65535_65535,1,6,87,589,1,1,1,13,589,28,1,1,allocated
269,797,normal,0,0,65535_65535,1,7,87,543,0,1,0,12,0,28,1,1,pre_allocation
269,797,normal,0,0,65535_65535,1,7,87,589,1,1,1,13,589,28,1,1,allocated
269,797,normal,0,0,65535_65535,1,8,87,543,0,1,0,12,0,28,1,1,pre_allocation
269,797,normal,0,0,65535_65535,1,8,87,589,1,1,1,13,589,28,1,1,allocated
269,797,normal,0,0,65535_65535,1,9,87,543,0,1,0,12,0,28,1,1,pre_allocation
269,797,normal,0,0,65535_65535,1,9,87,589,1,1,1,13,589,28,1,1,allocated
269,797,normal,0,0,65535_65535,1,10,5697,210,0,1,0,12,0,15,1,1,pre_allocation
269,797,normal,0,0,65535_65535,1,10,5697,228,1,1,1,13,228,15,1,1,allocated
269,797,normal,0,0,65535_65535,1,6,87,589,0,1,0,13,0,28,1,1,pre_allocation
269,797,normal,0,0,65535_65535,1,6,87,634,1,1,1,14,634,28,1,1,allocated
269,797,normal,0,0,65535_65535,1,7,87,589,0,1,0,13,0,28,1,1,pre_allocation
269,797,normal,0,0,65535_65535,1,7,87,634,1,1,1,14,634,28,1,1,allocated
269,797,normal,0,0,65535_65535,1,8,87,589,0,1,0,13,0,28,1,1,pre_allocation
269,797,normal,0,0,65535_65535,1,8,87,634,1,1,1,14,634,28,1,1,allocated
269,797,normal,0,0,65535_65535,1,9,87,589,0,1,0,13,0,28,1,1,pre_allocation
269,797,normal,0,0,65535_65535,1,9,87,634,1,1,1,14,634,28,1,1,allocated
269,797,normal,0,0,65535_65535,1,10,5697,228,0,1,0,13,0,15,1,1,pre_allocation
269,797,normal,0,0,65535_65535,1,10,5697,246,1,1,1,14,246,15,1,1,allocated
269,797,normal,0,0,65535_65535,1,6,87,634,0,1,0,14,0,28,1,1,pre_allocation
269,797,normal,0,0,65535_65535,1,6,87,680,1,1,1,15,680,28,1,1,allocated
269,797,normal,0,0,65535_65535,1,7,87,634,0,1,0,14,0,28,1,1,pre_allocation
269,797,normal,0,0,65535_65535,1,7,87,680,1,1,1,15,680,28,1,1,allocated
269,797,normal,0,0,65535_65535,1,8,87,634,0,1,0,14,0,28,1,1,pre_allocation
269,797,normal,0,0,65535_65535,1,8,87,680,1,1,1,15,680,28,1,1,allocated
269,797,normal,0,0,65535_65535,1,9,87,634,0,1,0,14,0,28,1,1,pre_allocation
269,797,normal,0,0,65535_65535,1,9,87,680,1,1,1,15,680,28,1,1,allocated
269,797,normal,0,0,65535_65535,1,10,5697,246,0,1,0,14,0,15,1,1,pre_allocation
269,797,normal,0,0,65535_65535,1,10,5697,264,1,1,1,15,264,15,1,1,allocated
269,797,normal,0,0,65535_65535,1,6,87,680,0,1,0,15,0,28,1,1,pre_allocation
269,797,normal,0,0,65535_65535,1,6,87,725,1,1,1,16,725,28,1,1,allocated
269,797,normal,0,0,65535_65535,1,7,87,680,0,1,0,15,0,28,1,1,pre_allocation
269,797,normal,0,0,65535_65535,1,7,87,725,1,1,1,16,725,28,1,1,allocated
269,797,normal,0,0,65535_65535,1,8,87,680,0,1,0,15,0,28,1,1,pre_allocation
269,797,normal,0,0,65535_65535,1,8,87,725,1,1,1,16,725,28,1,1,allocated
269,797,normal,0,0,65535_65535,1,9,87,680,0,1,0,15,0,28,1,1,pre_allocation
269,797,normal,0,0,65535_65535,1,9,87,725,1,1,1,16,725,28,1,1,allocated
269,797,normal,0,0,65535_65535,1,10,5697,264,0,1,0,15,0,15,1,1,pre_allocation
269,797,normal,0,0,65535_65535,1,10,5697,282,1,1,1,16,282,15,1,1,allocated
269,797,normal,0,0,65535_65535,1,6,87,725,0,1,0,16,0,28,1,1,pre_allocation
269,797,normal,0,0,65535_65535,1,6,87,771,1,1,1,17,771,28,1,1,allocated
269,797,normal,0,0,65535_65535,1,7,87,725,0,1,0,16,0,28,1,1,pre_allocation
269,797,normal,0,0,65535_65535,1,7,87,771,1,1,1,17,771,28,1,1,allocated
269,797,normal,0,0,65535_65535,1,8,87,725,0,1,0,16,0,28,1,1,pre_allocation
269,797,normal,0,0,65535_65535,1,8,87,771,1,1,1,17,771,28,1,1,allocated
269,797,normal,0,0,65535_65535,1,9,87,725,0,1,0,16,0,28,1,1,pre_allocation
269,797,normal,0,0,65535_65535,1,9,87,771,1,1,1,17,771,28,1,1,allocated
269,797,normal,0,0,65535_65535,1,10,5697,282,0,1,0,16,0,15,1,1,pre_allocation
269,797,normal,0,0,65535_65535,1,10,5697,299,1,1,1,17,299,15,1,1,allocated
269,797,normal,0,0,65535_65535,1,6,87,771,0,1,0,17,0,28,1,1,pre_allocation
269,797,normal,0,0,65535_65535,1,6,87,816,1,1,1,18,816,28,1,1,allocated
269,797,normal,0,0,65535_65535,1,7,87,771,0,1,0,17,0,28,1,1,pre_allocation
269,797,normal,0,0,65535_65535,1,7,87,816,1,1,1,18,816,28,1,1,allocated
269,797,normal,0,0,65535_65535,1,8,87,771,0,1,0,17,0,28,1,1,pre_allocation
269,797,normal,0,0,65535_65535,1,8,87,816,1,1,1,18,816,28,1,1,allocated
269,797,normal,0,0,65535_65535,1,9,87,771,0,1,0,17,0,28,1,1,pre_allocation
269,797,normal,0,0,65535_65535,1,9,87,816,1,1,1,18,816,28,1,1,allocated
269,797,normal,0,0,65535_65535,1,10,5697,299,0,1,0,17,0,15,1,1,pre_allocation
269,797,normal,0,0,65535_65535,1,10,5697,317,1,1,1,18,317,15,1,1,allocated
269,797,normal,0,0,65535_65535,1,6,87,816,0,1,0,18,0,28,1,1,pre_allocation
269,797,normal,0,0,65535_65535,1,6,87,862,1,1,1,19,862,28,1,1,allocated
269,797,normal,0,0,65535_65535,1,7,87,816,0,1,0,18,0,28,1,1,pre_allocation
269,797,normal,0,0,65535_65535,1,7,87,862,1,1,1,19,862,28,1,1,allocated
269,797,normal,0,0,65535_65535,1,8,87,816,0,1,0,18,0,28,1,1,pre_allocation
269,797,normal,0,0,65535_65535,1,8,87,862,1,1,1,19,862,28,1,1,allocated
269,797,normal,0,0,65535_65535,1,9,87,816,0,1,0,18,0,28,1,1,pre_allocation
269,797,normal,0,0,65535_65535,1,9,87,862,1,1,1,19,862,28,1,1,allocated
269,797,normal,0,0,65535_65535,1,10,5697,317,0,1,0,18,0,15,1,1,pre_allocation
269,797,normal,0,0,65535_65535,1,10,5697,335,1,1,1,19,335,15,1,1,allocated
269,797,normal,0,0,65535_65535,1,6,87,862,0,1,0,19,0,28,1,1,pre_allocation
269,797,normal,0,0,65535_65535,1,6,87,907,1,1,1,20,907,28,1,1,allocated
269,797,normal,0,0,65535_65535,1,7,87,862,0,1,0,19,0,28,1,1,pre_allocation
269,797,normal,0,0,65535_65535,1,7,87,907,1,1,1,20,907,28,1,1,allocated
269,797,normal,0,0,65535_65535,1,8,87,862,0,1,0,19,0,28,1,1,pre_allocation
269,797,normal,0,0,65535_65535,1,8,87,907,1,1,1,20,907,28,1,1,allocated
269,797,normal,0,0,65535_65535,1,9,87,862,0,1,0,19,0,28,1,1,pre_allocation
269,797,normal,0,0,65535_65535,1,9,87,907,1,1,1,20,907,28,1,1,allocated
269,797,normal,0,0,65535_65535,1,10,5697,335,0,1,0,19,0,15,1,1,pre_allocation
269,797,normal,0,0,65535_65535,1,10,5697,353,1,1,1,20,353,15,1,1,allocated
269,797,normal,0,0,65535_65535,1,6,87,907,0,1,0,20,0,28,1,1,pre_allocation
269,797,normal,0,0,65535_65535,1,6,87,953,1,1,1,21,953,28,1,1,allocated
269,797,normal,0,0,65535_65535,1,7,87,907,0,1,0,20,0,28,1,1,pre_allocation
269,797,normal,0,0,65535_65535,1,7,87,953,1,1,1,21,953,28,1,1,allocated
269,797,normal,0,0,65535_65535,1,8,87,907,0,1,0,20,0,28,1,1,pre_allocation
269,797,normal,0,0,65535_65535,1,8,87,953,1,1,1,21,953,28,1,1,allocated
269,797,normal,0,0,65535_65535,1,9,87,907,0,1,0,20,0,28,1,1,pre_allocation
269,797,normal,0,0,65535_65535,1,9,87,953,1,1,1,21,953,28,1,1,allocated
269,797,normal,0,0,65535_65535,1,10,5697,353,0,1,0,20,0,15,1,1,pre_allocation
269,797,normal,0,0,65535_65535,1,10,5697,371,1,1,1,21,371,15,1,1,allocated
269,797,normal,0,0,65535_65535,1,6,87,953,0,1,0,21,0,28,1,1,pre_allocation
269,797,normal,0,0,65535_65535,1,6,87,998,1,1,1,22,998,28,1,1,allocated
269,797,normal,0,0,65535_65535,1,7,87,953,0,1,0,21,0,28,1,1,pre_allocation
269,797,normal,0,0,65535_65535,1,7,87,998,1,1,1,22,998,28,1,1,allocated
269,797,normal,0,0,65535_65535,1,8,87,953,0,1,0,21,0,28,1,1,pre_allocation
269,797,normal,0,0,65535_65535,1,8,87,998,1,1,1,22,998,28,1,1,allocated
269,797,normal,0,0,65535_65535,1,9,87,953,0,1,0,21,0,28,1,1,pre_allocation
269,797,normal,0,0,65535_65535,1,9,87,998,1,1,1,22,998,28,1,1,allocated
269,797,normal,0,0,65535_65535,1,10,5697,371,0,1,0,21,0,15,1,1,pre_allocation
269,797,normal,0,0,65535_65535,1,10,5697,389,1,1,1,22,389,15,1,1,allocated
269,797,normal,0,0,65535_65535,1,6,87,998,0,1,0,22,0,28,1,1,pre_allocation
269,797,normal,0,0,65535_65535,1,6,87,1044,1,1,1,23,1044,28,1,1,allocated
269,797,normal,0,0,65535_65535,1,7,87,998,0,1,0,22,0,28,1,1,pre_allocation
269,797,normal,0,0,65535_65535,1,7,87,1044,1,1,1,23,1044,28,1,1,allocated
269,797,normal,0,0,65535_65535,1,8,87,998,0,1,0,22,0,28,1,1,pre_allocation
269,797,normal,0,0,65535_65535,1,8,87,1044,1,1,1,23,1044,28,1,1,allocated
269,797,normal,0,0,65535_65535,1,9,87,998,0,1,0,22,0,28,1,1,pre_allocation
269,797,normal,0,0,65535_65535,1,9,87,1044,1,1,1,23,1044,28,1,1,allocated
269,797,normal,0,0,65535_65535,1,10,5697,389,0,1,0,22,0,15,1,1,pre_allocation
269,797,normal,0,0,65535_65535,1,10,5697,406,1,1,1,23,406,15,1,1,allocated
269,797,normal,0,0,65535_65535,1,6,87,1044,0,1,0,23,0,28,1,1,pre_allocation
269,797,normal,0,0,65535_65535,1,6,87,1089,1,1,1,24,1089,28,1,1,allocated
269,797,normal,0,0,65535_65535,1,7,87,1044,0,1,0,23,0,28,1,1,pre_allocation
269,797,normal,0,0,65535_65535,1,7,87,1089,1,1,1,24,1089,28,1,1,allocated
269,797,normal,0,0,65535_65535,1,8,87,1044,0,1,0,23,0,28,1,1,pre_allocation
269,797,normal,0,0,65535_65535,1,8,87,1089,1,1,1,24,1089,28,1,1,allocated
269,797,normal,0,0,65535_65535,1,9,87,1044,0,1,0,23,0,28,1,1,pre_allocation
269,797,normal,0,0,65535_65535,1,9,87,1089,1,1,1,24,1089,28,1,1,allocated
269,797,normal,0,0,65535_65535,1,10,5697,406,0,1,0,23,0,15,1,1,pre_allocation
269,797,normal,0,0,65535_65535,1,10,5697,424,1,1,1,24,424,15,1,1,allocated
269,797,normal,0,0,65535_65535,1,6,87,1089,0,1,0,24,0,28,1,1,pre_allocation
269,797,normal,0,0,65535_65535,1,6,87,1135,1,1,1,25,1135,28,1,1,allocated
269,797,normal,0,0,65535_65535,1,7,87,1089,0,1,0,24,0,28,1,1,pre_allocation
269,797,normal,0,0,65535_65535,1,7,87,1135,1,1,1,25,1135,28,1,1,allocated
269,797,normal,0,0,65535_65535,1,8,87,1089,0,1,0,24,0,28,1,1,pre_allocation
269,797,normal,0,0,65535_65535,1,8,87,1135,1,1,1,25,1135,28,1,1,allocated
269,797,normal,0,0,65535_65535,1,9,87,1089,0,1,0,24,0,28,1,1,pre_allocation
269,797,normal,0,0,65535_65535,1,9,87,1135,1,1,1,25,1135,28,1,1,allocated
269,797,normal,0,0,65535_65535,1,10,5697,424,0,1,0,24,0,15,1,1,pre_allocation
269,797,normal,0,0,65535_65535,1,10,5697,442,1,1,1,25,442,15,1,1,allocated
269,797,normal,0,0,65535_65535,1,6,87,1135,0,1,0,25,0,28,1,1,pre_allocation
269,797,normal,0,0,65535_65535,1,6,87,1181,1,1,1,26,1181,28,1,1,allocated
269,797,normal,0,0,65535_65535,1,7,87,1135,0,1,0,25,0,28,1,1,pre_allocation
269,797,normal,0,0,65535_65535,1,7,87,1181,1,1,1,26,1181,28,1,1,allocated
269,797,normal,0,0,65535_65535,1,8,87,1135,0,1,0,25,0,28,1,1,pre_allocation
269,797,normal,0,0,65535_65535,1,8,87,1181,1,1,1,26,1181,28,1,1,allocated
269,797,normal,0,0,65535_65535,1,9,87,1135,0,1,0,25,0,28,1,1,pre_allocation
269,797,normal,0,0,65535_65535,1,9,87,1181,1,1,1,26,1181,28,1,1,allocated
269,797,normal,0,0,65535_65535,1,10,5697,442,0,1,0,25,0,15,1,1,pre_allocation
269,797,normal,0,0,65535_65535,1,10,5697,460,1,1,1,26,460,15,1,1,allocated
269,797,normal,0,0,65535_65535,1,6,87,1181,0,1,0,26,0,28,1,1,pre_allocation
269,797,normal,0,0,65535_65535,1,6,87,1226,1,1,1,27,1226,28,1,1,allocated
269,797,normal,0,0,65535_65535,1,7,87,1181,0,1,0,26,0,28,1,1,pre_allocation
269,797,normal,0,0,65535_65535,1,7,87,1226,1,1,1,27,1226,28,1,1,allocated
269,797,normal,0,0,65535_65535,1,8,87,1181,0,1,0,26,0,28,1,1,pre_allocation
269,797,normal,0,0,65535_65535,1,8,87,1226,1,1,1,27,1226,28,1,1,allocated
269,797,normal,0,0,65535_65535,1,9,87,1181,0,1,0,26,0,28,1,1,pre_allocation
269,797,normal,0,0,65535_65535,1,9,87,1226,1,1,1,27,1226,28,1,1,allocated
269,797,normal,0,0,65535_65535,1,10,5697,460,0,1,0,26,0,15,1,1,pre_allocation
269,797,normal,0,0,65535_65535,1,10,5697,478,1,1,1,27,478,15,1,1,allocated
269,797,normal,0,0,65535_65535,1,6,87,1226,0,1,0,27,0,28,1,1,pre_allocation
269,797,normal,0,0,65535_65535,1,6,87,1272,1,1,1,28,1272,28,1,1,allocated
269,797,normal,0,0,65535_65535,1,7,87,1226,0,1,0,27,0,28,1,1,pre_allocation
269,797,normal,0,0,65535_65535,1,7,87,1272,1,1,1,28,1272,28,1,1,allocated
269,797,normal,0,0,65535_65535,1,8,87,1226,0,1,0,27,0,28,1,1,pre_allocation
269,797,normal,0,0,65535_65535,1,8,87,1272,1,1,1,28,1272,28,1,1,allocated
269,797,normal,0,0,65535_65535,1,9,87,1226,0,1,0,27,0,28,1,1,pre_allocation
269,797,normal,0,0,65535_65535,1,9,87,1272,1,1,1,28,1272,28,1,1,allocated
269,797,normal,0,0,65535_65535,1,10,5697,478,0,1,0,27,0,15,1,1,pre_allocation
269,797,normal,0,0,65535_65535,1,10,5697,495,1,1,1,28,495,15,1,1,allocated
269,797,normal,0,0,65535_65535,1,6,87,1272,0,1,0,28,0,28,1,1,pre_allocation
269,797,normal,0,0,65535_65535,1,6,87,1317,1,1,1,29,1317,28,1,1,allocated
269,797,normal,0,0,65535_65535,1,7,87,1272,0,1,0,28,0,28,1,1,pre_allocation
269,797,normal,0,0,65535_65535,1,7,87,1317,1,1,1,29,1317,28,1,1,allocated
269,797,normal,0,0,65535_65535,1,8,87,1272,0,1,0,28,0,28,1,1,pre_allocation
269,797,normal,0,0,65535_65535,1,8,87,1317,1,1,1,29,1317,28,1,1,allocated
381,895,normal,0,0,65535_65535,0,1,3069,0,0,1,0,0,0,28,1,1,pre_allocation
381,895,normal,0,0,65535_65535,0,1,3069,42,1,1,1,1,42,28,1,1,allocated
381,895,normal,0,0,65535_65535,0,4,32636,0,0,1,0,0,0,16,1,1,pre_allocation
381,895,normal,0,0,65535_65535,0,4,32636,16,1,1,1,1,16,16,1,1,allocated
381,895,normal,0,0,65535_65535,0,5,627864,0,0,1,0,0,0,15,1,1,pre_allocation
381,895,normal,0,0,65535_65535,0,5,627864,14,1,1,1,1,14,15,1,1,allocated
381,895,normal,0,0,65535_65535,0,1,3069,42,0,1,0,1,0,28,1,1,pre_allocation
381,895,normal,0,0,65535_65535,0,1,3069,88,1,1,1,2,88,28,1,1,allocated
381,895,normal,0,0,65535_65535,0,4,32636,16,0,1,0,1,0,16,1,1,pre_allocation
381,895,normal,0,0,65535_65535,0,4,32636,36,1,1,1,2,36,16,1,1,allocated
381,895,normal,0,0,65535_65535,0,5,627864,14,0,1,0,1,0,15,1,1,pre_allocation
381,895,normal,0,0,65535_65535,0,5,627864,32,1,1,1,2,32,15,1,1,allocated
381,895,normal,0,0,65535_65535,0,1,3069,88,0,1,0,2,0,28,1,1,pre_allocation
381,895,normal,0,0,65535_65535,0,1,3069,133,1,1,1,3,133,28,1,1,allocated
381,895,normal,0,0,65535_65535,0,4,32636,36,0,1,0,2,0,16,1,1,pre_allocation
381,895,normal,0,0,65535_65535,0,4,32636,56,1,1,1,3,56,16,1,1,allocated
381,895,normal,0,0,65535_65535,0,5,627864,32,0,1,0,2,0,15,1,1,pre_allocation
381,895,normal,0,0,65535_65535,0,5,627864,50,1,1,1,3,50,15,1,1,allocated
381,895,normal,0,0,65535_65535,0,1,3069,133,0,1,0,3,0,28,1,1,pre_allocation
381,895,normal,0,0,65535_65535,0,1,3069,179,1,1,1,4,179,28,1,1,allocated
381,895,normal,0,0,65535_65535,0,4,32636,56,0,1,0,3,0,16,1,1,pre_allocation
381,895,normal,0,0,65535_65535,0,4,32636,76,1,1,1,4,76,16,1,1,allocated
381,895,normal,0,0,65535_65535,0,5,627864,50,0,1,0,3,0,15,1,1,pre_allocation
381,895,normal,0,0,65535_65535,0,5,627864,68,1,1,1,4,68,15,1,1,allocated
381,895,normal,0,0,65535_65535,0,1,3069,179,0,1,0,4,0,28,1,1,pre_allocation
381,895,normal,0,0,65535_65535,0,1,3069,224,1,1,1,5,224,28,1,1,allocated
381,895,normal,0,0,65535_65535,0,4,32636,76,0,1,0,4,0,16,1,1,pre_allocation
381,895,normal,0,0,65535_65535,0,4,32636,96,1,1,1,5,96,16,1,1,allocated
381,895,normal,0,0,65535_65535,0,5,627864,68,0,1,0,4,0,15,1,1,pre_allocation
381,895,normal,0,0,65535_65535,0,5,627864,86,1,1,1,5,86,15,1,1,allocated
381,895,normal,0,0,65535_65535,0,1,3069,224,0,1,0,5,0,28,1,1,pre_allocation
381,895,normal,0,0,65535_65535,0,1,3069,270,1,1,1,6,270,28,1,1,allocated
381,895,normal,0,0,65535_65535,0,4,32636,96,0,1,0,5,0,16,1,1,pre_allocation
381,895,normal,0,0,65535_65535,0,4,32636,115,1,1,1,6,115,16,1,1,allocated
381,895,normal,0,0,65535_65535,0,5,627864,86,0,1,0,5,0,15,1,1,pre_allocation
381,895,normal,0,0,65535_65535,0,5,627864,103,1,1,1,6,103,15,1,1,allocated
381,895,normal,0,0,65535_65535,0,1,3069,270,0,1,0,6,0,28,1,1,pre_allocation
381,895,normal,0,0,65535_65535,0,1,3069,315,1,1,1,7,315,28,1,1,allocated
381,895,normal,0,0,65535_65535,0,4,32636,115,0,1,0,6,0,16,1,1,pre_allocation
381,895,normal,0,0,65535_65535,0,4,32636,135,1,1,1,7,135,16,1,1,allocated
381,895,normal,0,0,65535_65535,0,5,627864,103,0,1,0,6,0,15,1,1,pre_allocation
381,895,normal,0,0,65535_65535,0,5,627864,121,1,1,1,7,121,15,1,1,allocated
381,895,normal,0,0,65535_65535,0,1,3069,315,0,1,0,7,0,28,1,1,pre_allocation
381,895,normal,0,0,65535_65535,0,1,3069,361,1,1,1,8,361,28,1,1,allocated
381,895,normal,0,0,65535_65535,0,4,32636,135,0,1,0,7,0,16,1,1,pre_allocation
381,895,normal,0,0,65535_65535,0,4,32636,155,1,1,1,8,155,16,1,1,allocated
381,895,normal,0,0,65535_65535,0,5,627864,121,0,1,0,7,0,15,1,1,pre_allocation
381,895,normal,0,0,65535_65535,0,5,627864,139,1,1,1,8,139,15,1,1,allocated
381,895,normal,0,0,65535_65535,0,1,3069,361,0,1,0,8,0,28,1,1,pre_allocation
381,895,normal,0,0,65535_65535,0,1,3069,406,1,1,1,9,406,28,1,1,allocated
381,895,normal,0,0,65535_65535,0,4,32636,155,0,1,0,8,0,16,1,1,pre_allocation
381,895,normal,0,0,65535_65535,0,4,32636,175,1,1,1,9,175,16,1,1,allocated
381,895,normal,0,0,65535_65535,0,5,627864,139,0,1,0,8,0,15,1,1,pre_allocation
381,895,normal,0,0,65535_65535,0,5,627864,157,1,1,1,9,157,15,1,1,allocated
381,895,normal,0,0,65535_65535,0,1,3069,406,0,1,0,9,0,28,1,1,pre_allocation
381,895,normal,0,0,65535_65535,0,1,3069,452,1,1,1,10,452,28,1,1,allocated
381,895,normal,0,0,65535_65535,0,4,32636,175,0,1,0,9,0,16,1,1,pre_allocation
381,895,normal,0,0,65535_65535,0,4,32636,195,1,1,1,10,195,16,1,1,allocated
381,895,normal,0,0,65535_65535,0,5,627864,157,0,1,0,9,0,15,1,1,pre_allocation
381,895,normal,0,0,65535_65535,0,5,627864,175,1,1,1,10,175,15,1,1,allocated
381,895,normal,0,0,65535_65535,0,1,3069,452,0,1,0,10,0,28,1,1,pre_allocation
381,895,normal,0,0,65535_65535,0,1,3069,497,1,1,1,11,497,28,1,1,allocated
381,895,normal,0,0,65535_65535,0,4,32636,195,0,1,0,10,0,16,1,1,pre_allocation
381,895,normal,0,0,65535_65535,0,4,32636,214,1,1,1,11,214,16,1,1,allocated
381,895,normal,0,0,65535_65535,0,5,627864,175,0,1,0,10,0,15,1,1,pre_allocation
381,895,normal,0,0,65535_65535,0,5,627864,193,1,1,1,11,193,15,1,1,allocated
381,895,normal,0,0,65535_65535,0,1,3069,497,0,1,0,11,0,28,1,1,pre_allocation
381,895,normal,0,0,65535_65535,0,1,3069,543,1,1,1,12,543,28,1,1,allocated
381,895,normal,0,0,65535_65535,0,4,32636,214,0,1,0,11,0,16,1,1,pre_allocation
381,895,normal,0,0,65535_65535,0,4,32636,234,1,1,1,12,234,16,1,1,allocated
381,895,normal,0,0,65535_65535,0,5,627864,193,0,1,0,11,0,15,1,1,pre_allocation
381,895,normal,0,0,65535_65535,0,5,627864,210,1,1,1,12,210,15,1,1,allocated
381,895,normal,0,0,65535_65535,0,1,3069,543,0,1,0,12,0,28,1,1,pre_allocation
381,895,normal,0,0,65535_65535,0,1,3069,589,1,1,1,13,589,28,1,1,allocated
381,895,normal,0,0,65535_65535,0,4,32636,234,0,1,0,12,0,16,1,1,pre_allocation
381,895,normal,0,0,65535_65535,0,4,32636,254,1,1,1,13,254,16,1,1,allocated
381,895,normal,0,0,65535_65535,0,5,627864,210,0,1,0,12,0,15,1,1,pre_allocation
381,895,normal,0,0,65535_65535,0,5,627864,228,1,1,1,13,228,15,1,1,allocated
381,895,normal,0,0,65535_65535,0,1,3069,589,0,1,0,13,0,28,1,1,pre_allocation
381,895,normal,0,0,65535_65535,0,1,3069,634,1,1,1,14,634,28,1,1,allocated
381,895,normal,0,0,65535_65535,0,4,32636,254,0,1,0,13,0,16,1,1,pre_allocation
381,895,normal,0,0,65535_65535,0,4,32636,274,1,1,1,14,274,16,1,1,allocated
381,895,normal,0,0,65535_65535,0,5,627864,228,0,1,0,13,0,15,1,1,pre_allocation
381,895,normal,0,0,65535_65535,0,5,627864,246,1,1,1,14,246,15,1,1,allocated
381,895,normal,0,0,65535_65535,0,1,3069,634,0,1,0,14,0,28,1,1,pre_allocation
381,895,normal,0,0,65535_65535,0,1,3069,680,1,1,1,15,680,28,1,1,allocated
381,895,normal,0,0,65535_65535,0,4,32636,274,0,1,0,14,0,16,1,1,pre_allocation
381,895,normal,0,0,65535_65535,0,4,32636,294,1,1,1,15,294,16,1,1,allocated
381,895,normal,0,0,65535_65535,0,5,627864,246,0,1,0,14,0,15,1,1,pre_allocation
381,895,normal,0,0,65535_65535,0,5,627864,264,1,1,1,15,264,15,1,1,allocated
381,895,normal,0,0,65535_65535,0,1,3069,680,0,1,0,15,0,28,1,1,pre_allocation
381,895,normal,0,0,65535_65535,0,1,3069,725,1,1,1,16,725,28,1,1,allocated
381,895,normal,0,0,65535_65535,0,4,32636,294,0,1,0,15,0,16,1,1,pre_allocation
381,895,normal,0,0,65535_65535,0,4,32636,313,1,1,1,16,313,16,1,1,allocated
381,895,normal,0,0,65535_65535,0,5,627864,264,0,1,0,15,0,15,1,1,pre_allocation
381,895,normal,0,0,65535_65535,0,5,627864,282,1,1,1,16,282,15,1,1,allocated
381,895,normal,0,0,65535_65535,0,1,3069,725,0,1,0,16,0,28,1,1,pre_allocation
381,895,normal,0,0,65535_65535,0,1,3069,771,1,1,1,17,771,28,1,1,allocated
381,895,normal,0,0,65535_65535,0,4,32636,313,0,1,0,16,0,16,1,1,pre_allocation
381,895,normal,0,0,65535_65535,0,4,32636,333,1,1,1,17,333,16,1,1,allocated
381,895,normal,0,0,65535_65535,0,5,627864,282,0,1,0,16,0,15,1,1,pre_allocation
381,895,normal,0,0,65535_65535,0,5,627864,299,1,1,1,17,299,15,1,1,allocated
381,895,normal,0,0,65535_65535,0,1,3069,771,0,1,0,17,0,28,1,1,pre_allocation
381,895,normal,0,0,65535_65535,0,1,3069,816,1,1,1,18,816,28,1,1,allocated
381,895,normal,0,0,65535_65535,0,4,32636,333,0,1,0,17,0,16,1,1,pre_allocation
381,895,normal,0,0,65535_65535,0,4,32636,353,1,1,1,18,353,16,1,1,allocated
381,895,normal,0,0,65535_65535,0,5,627864,299,0,1,0,17,0,15,1,1,pre_allocation
381,895,normal,0,0,65535_65535,0,5,627864,317,1,1,1,18,317,15,1,1,allocated
381,895,normal,0,0,65535_65535,0,1,3069,816,0,1,0,18,0,28,1,1,pre_allocation
381,895,normal,0,0,65535_65535,0,1,3069,862,1,1,1,19,862,28,1,1,allocated
381,895,normal,0,0,65535_65535,0,4,32636,353,0,1,0,18,0,16,1,1,pre_allocation
381,895,normal,0,0,65535_65535,0,4,32636,373,1,1,1,19,373,16,1,1,allocated
381,895,normal,0,0,65535_65535,0,5,627864,317,0,1,0,18,0,15,1,1,pre_allocation
381,895,normal,0,0,65535_65535,0,5,627864,335,1,1,1,19,335,15,1,1,allocated
381,895,normal,0,0,65535_65535,0,1,3069,862,0,1,0,19,0,28,1,1,pre_allocation
381,895,normal,0,0,65535_65535,0,1,3069,907,1,1,1,20,907,28,1,1,allocated
381,895,normal,0,0,65535_65535,0,4,32636,373,0,1,0,19,0,16,1,1,pre_allocation
381,895,normal,0,0,65535_65535,0,4,32636,393,1,1,1,20,393,16,1,1,allocated
381,895,normal,0,0,65535_65535,0,5,627864,335,0,1,0,19,0,15,1,1,pre_allocation
381,895,normal,0,0,65535_65535,0,5,627864,353,1,1,1,20,353,15,1,1,allocated
381,895,normal,0,0,65535_65535,0,1,3069,907,0,1,0,20,0,28,1,1,pre_allocation
381,895,normal,0,0,65535_65535,0,1,3069,953,1,1,1,21,953,28,1,1,allocated
381,895,normal,0,0,65535_65535,0,4,32636,393,0,1,0,20,0,16,1,1,pre_allocation
381,895,normal,0,0,65535_65535,0,4,32636,412,1,1,1,21,412,16,1,1,allocated
381,895,normal,0,0,65535_65535,0,5,627864,353,0,1,0,20,0,15,1,1,pre_allocation
381,895,normal,0,0,65535_65535,0,5,627864,371,1,1,1,21,371,15,1,1,allocated
381,895,normal,0,0,65535_65535,0,1,3069,953,0,1,0,21,0,28,1,1,pre_allocation
381,895,normal,0,0,65535_65535,0,1,3069,998,1,1,1,22,998,28,1,1,allocated
381,895,normal,0,0,65535_65535,0,4,32636,412,0,1,0,21,0,16,1,1,pre_allocation
381,895,normal,0,0,65535_65535,0,4,32636,432,1,1,1,22,432,16,1,1,allocated
381,895,normal,0,0,65535_65535,0,5,627864,371,0,1,0,21,0,15,1,1,pre_allocation
381,895,normal,0,0,65535_65535,0,5,627864,389,1,1,1,22,389,15,1,1,allocated
381,895,normal,0,0,65535_65535,0,1,3069,998,0,1,0,22,0,28,1,1,pre_allocation
381,895,normal,0,0,65535_65535,0,1,3069,1044,1,1,1,23,1044,28,1,1,allocated
381,895,normal,0,0,65535_65535,0,4,32636,432,0,1,0,22,0,16,1,1,pre_allocation
381,895,normal,0,0,65535_65535,0,4,32636,452,1,1,1,23,452,16,1,1,allocated
381,895,normal,0,0,65535_65535,0,5,627864,389,0,1,0,22,0,15,1,1,pre_allocation
381,895,normal,0,0,65535_65535,0,5,627864,406,1,1,1,23,406,15,1,1,allocated
381,895,normal,0,0,65535_65535,0,1,3069,1044,0,1,0,23,0,28,1,1,pre_allocation
381,895,normal,0,0,65535_65535,0,1,3069,1089,1,1,1,24,1089,28,1,1,allocated
381,895,normal,0,0,65535_65535,0,4,32636,452,0,1,0,23,0,16,1,1,pre_allocation
381,895,normal,0,0,65535_65535,0,4,32636,472,1,1,1,24,472,16,1,1,allocated
381,895,normal,0,0,65535_65535,0,5,627864,406,0,1,0,23,0,15,1,1,pre_allocation
381,895,normal,0,0,65535_65535,0,5,627864,424,1,1,1,24,424,15,1,1,allocated
381,895,normal,0,0,65535_65535,0,1,3069,1089,0,1,0,24,0,28,1,1,pre_allocation
381,895,normal,0,0,65535_65535,0,1,3069,1135,1,1,1,25,1135,28,1,1,allocated
381,895,normal,0,0,65535_65535,0,4,32636,472,0,1,0,24,0,16,1,1,pre_allocation
381,895,normal,0,0,65535_65535,0,4,32636,492,1,1,1,25,492,16,1,1,allocated
381,895,normal,0,0,65535_65535,0,5,627864,424,0,1,0,24,0,15,1,1,pre_allocation
381,895,normal,0,0,65535_65535,0,5,627864,442,1,1,1,25,442,15,1,1,allocated
381,895,normal,0,0,65535_65535,0,1,3069,1135,0,1,0,25,0,28,1,1,pre_allocation
381,895,normal,0,0,65535_65535,0,1,3069,1181,1,1,1,26,1181,28,1,1,allocated
381,895,normal,0,0,65535_65535,0,4,32636,492,0,1,0,25,0,16,1,1,pre_allocation
381,895,normal,0,0,65535_65535,0,4,32636,511,1,1,1,26,511,16,1,1,allocated
381,895,normal,0,0,65535_65535,0,5,627864,442,0,1,0,25,0,15,1,1,pre_allocation
381,895,normal,0,0,65535_65535,0,5,627864,460,1,1,1,26,460,15,1,1,allocated
381,895,normal,0,0,65535_65535,0,1,3069,1181,0,1,0,26,0,28,1,1,pre_allocation
381,895,normal,0,0,65535_65535,0,1,3069,1226,1,1,1,27,1226,28,1,1,allocated
381,895,normal,0,0,65535_65535,0,4,32636,511,0,1,0,26,0,16,1,1,pre_allocation
381,895,normal,0,0,65535_65535,0,4,32636,531,1,1,1,27,531,16,1,1,allocated
381,895,normal,0,0,65535_65535,0,5,627864,460,0,1,0,26,0,15,1,1,pre_allocation
381,895,normal,0,0,65535_65535,0,5,627864,478,1,1,1,27,478,15,1,1,allocated
381,895,normal,0,0,65535_65535,0,1,3069,1226,0,1,0,27,0,28,1,1,pre_allocation
381,895,normal,0,0,65535_65535,0,1,3069,1272,1,1,1,28,1272,28,1,1,allocated
381,895,normal,0,0,65535_65535,0,4,32636,531,0,1,0,27,0,16,1,1,pre_allocation
381,895,normal,0,0,65535_65535,0,4,32636,551,1,1,1,28,551,16,1,1,allocated
381,895,normal,0,0,65535_65535,0,5,627864,478,0,1,0,27,0,15,1,1,pre_allocation
381,895,normal,0,0,65535_65535,0,5,627864,495,1,1,1,28,495,15,1,1,allocated
381,895,normal,0,0,65535_65535,0,1,3069,1272,0,1,0,28,0,28,1,1,pre_allocation
381,895,normal,0,0,65535_65535,0,1,3069,1317,1,1,1,29,1317,28,1,1,allocated
381,895,normal,0,0,65535_65535,0,4,32636,551,0,1,0,28,0,16,1,1,pre_allocation
381,895,normal,0,0,65535_65535,0,4,32636,571,1,1,1,29,571,16,1,1,allocated
381,895,normal,0,0,65535_65535,0,5,627864,495,0,1,0,28,0,15,1,1,pre_allocation
381,895,normal,0,0,65535_65535,0,5,627864,513,1,1,1,29,513,15,1,1,allocated
381,895,normal,0,0,65535_65535,0,1,3069,1317,0,1,0,29,0,28,1,1,pre_allocation
381,895,normal,0,0,65535_65535,0,1,3069,1363,1,1,1,30,1363,28,1,1,allocated
381,895,normal,0,0,65535_65535,0,4,32636,571,0,1,0,29,0,16,1,1,pre_allocation
381,895,normal,0,0,65535_65535,0,4,32636,591,1,1,1,30,591,16,1,1,allocated
381,895,normal,0,0,65535_65535,0,5,627864,513,0,1,0,29,0,15,1,1,pre_allocation
381,895,normal,0,0,65535_65535,0,5,627864,531,1,1,1,30,531,15,1,1,allocated
381,895,normal,0,0,65535_65535,0,1,3069,1363,0,1,0,30,0,28,1,1,pre_allocation
381,895,normal,0,0,65535_65535,0,1,3069,1408,1,1,1,31,1408,28,1,1,allocated
381,895,normal,0,0,65535_65535,0,4,32636,591,0,1,0,30,0,16,1,1,pre_allocation
381,895,normal,0,0,65535_65535,0,4,32636,610,1,1,1,31,610,16,1,1,allocated
381,895,normal,0,0,65535_65535,0,5,627864,531,0,1,0,30,0,15,1,1,pre_allocation
381,895,normal,0,0,65535_65535,0,5,627864,549,1,1,1,31,549,15,1,1,allocated
381,895,normal,0,0,65535_65535,0,1,3069,1408,0,1,0,31,0,28,1,1,pre_allocation
381,895,normal,0,0,65535_65535,0,1,3069,1454,1,1,1,32,1454,28,1,1,allocated
381,895,normal,0,0,65535_65535,0,4,32636,610,0,1,0,31,0,16,1,1,pre_allocation
381,895,normal,0,0,65535_65535,0,4,32636,630,1,1,1,32,630,16,1,1,allocated
381,895,normal,0,0,65535_65535,0,5,627864,549,0,1,0,31,0,15,1,1,pre_allocation
381,895,normal,0,0,65535_65535,0,5,627864,567,1,1,1,32,567,15,1,1,allocated
381,895,normal,0,0,65535_65535,0,1,3069,1454,0,1,0,32,0,28,1,1,pre_allocation
381,895,normal,0,0,65535_65535,0,1,3069,1499,1,1,1,33,1499,28,1,1,allocated
381,895,normal,0,0,65535_65535,1,6,87,0,0,1,0,0,0,28,1,1,pre_allocation
381,895,normal,0,0,65535_65535,1,6,87,42,1,1,1,1,42,28,1,1,allocated
381,895,normal,0,0,65535_65535,1,7,87,0,0,1,0,0,0,28,1,1,pre_allocation
381,895,normal,0,0,65535_65535,1,7,87,42,1,1,1,1,42,28,1,1,allocated
381,895,normal,0,0,65535_65535,1,8,87,0,0,1,0,0,0,28,1,1,pre_allocation
381,895,normal,0,0,65535_65535,1,8,87,42,1,1,1,1,42,28,1,1,allocated
381,895,normal,0,0,65535_65535,1,9,87,0,0,1,0,0,0,28,1,1,pre_allocation
381,895,normal,0,0,65535_65535,1,9,87,42,1,1,1,1,42,28,1,1,allocated
381,895,normal,0,0,65535_65535,1,6,87,42,0,1,0,1,0,28,1,1,pre_allocation
381,895,normal,0,0,65535_65535,1,6,87,88,1,1,1,2,88,28,1,1,allocated
381,895,normal,0,0,65535_65535,1,7,87,42,0,1,0,1,0,28,1,1,pre_allocation
381,895,normal,0,0,65535_65535,1,7,87,88,1,1,1,2,88,28,1,1,allocated
381,895,normal,0,0,65535_65535,1,8,87,42,0,1,0,1,0,28,1,1,pre_allocation
381,895,normal,0,0,65535_65535,1,8,87,88,1,1,1,2,88,28,1,1,allocated
381,895,normal,0,0,65535_65535,1,9,87,42,0,1,0,1,0,28,1,1,pre_allocation
381,895,normal,0,0,65535_65535,1,9,87,88,1,1,1,2,88,28,1,1,allocated
381,895,normal,0,0,65535_65535,1,6,87,88,0,1,0,2,0,28,1,1,pre_allocation
381,895,normal,0,0,65535_65535,1,6,87,133,1,1,1,3,133,28,1,1,allocated
381,895,normal,0,0,65535_65535,1,7,87,88,0,1,0,2,0,28,1,1,pre_allocation
381,895,normal,0,0,65535_65535,1,7,87,133,1,1,1,3,133,28,1,1,allocated
381,895,normal,0,0,65535_65535,1,8,87,88,0,1,0,2,0,28,1,1,pre_allocation
381,895,normal,0,0,65535_65535,1,8,87,133,1,1,1,3,133,28,1,1,allocated
381,895,normal,0,0,65535_65535,1,9,87,88,0,1,0,2,0,28,1,1,pre_allocation
381,895,normal,0,0,65535_65535,1,9,87,133,1,1,1,3,133,28,1,1,allocated
381,895,normal,0,0,65535_65535,1,6,87,133,0,1,0,3,0,28,1,1,pre_allocation
381,895,normal,0,0,65535_65535,1,6,87,179,1,1,1,4,179,28,1,1,allocated
381,895,normal,0,0,65535_65535,1,7,87,133,0,1,0,3,0,28,1,1,pre_allocation
381,895,normal,0,0,65535_65535,1,7,87,179,1,1,1,4,179,28,1,1,allocated
381,895,normal,0,0,65535_65535,1,8,87,133,0,1,0,3,0,28,1,1,pre_allocation
381,895,normal,0,0,65535_65535,1,8,87,179,1,1,1,4,179,28,1,1,allocated
381,895,normal,0,0,65535_65535,1,9,87,133,0,1,0,3,0,28,1,1,pre_allocation
381,895,normal,0,0,65535_65535,1,9,87,179,1,1,1,4,179,28,1,1,allocated
381,895,normal,0,0,65535_65535,1,6,87,179,0,1,0,4,0,28,1,1,pre_allocation
381,895,normal,0,0,65535_65535,1,6,87,224,1,1,1,5,224,28,1,1,allocated
381,895,normal,0,0,65535_65535,1,7,87,179,0,1,0,4,0,28,1,1,pre_allocation
381,895,normal,0,0,65535_65535,1,7,87,224,1,1,1,5,224,28,1,1,allocated
381,895,normal,0,0,65535_65535,1,8,87,179,0,1,0,4,0,28,1,1,pre_allocation
381,895,normal,0,0,65535_65535,1,8,87,224,1,1,1,5,224,28,1,1,allocated
381,895,normal,0,0,65535_65535,1,9,87,179,0,1,0,4,0,28,1,1,pre_allocation
381,895,normal,0,0,65535_65535,1,9,87,224,1,1,1,5,224,28,1,1,allocated
381,895,normal,0,0,65535_65535,1,6,87,224,0,1,0,5,0,28,1,1,pre_allocation
381,895,normal,0,0,65535_65535,1,6,87,270,1,1,1,6,270,28,1,1,allocated
381,895,normal,0,0,65535_65535,1,7,87,224,0,1,0,5,0,28,1,1,pre_allocation
381,895,normal,0,0,65535_65535,1,7,87,270,1,1,1,6,270,28,1,1,allocated
381,895,normal,0,0,65535_65535,1,8,87,224,0,1,0,5,0,28,1,1,pre_allocation
381,895,normal,0,0,65535_65535,1,8,87,270,1,1,1,6,270,28,1,1,allocated
381,895,normal,0,0,65535_65535,1,9,87,224,0,1,0,5,0,28,1,1,pre_allocation
381,895,normal,0,0,65535_65535,1,9,87,270,1,1,1,6,270,28,1,1,allocated
381,895,normal,0,0,65535_65535,1,6,87,270,0,1,0,6,0,28,1,1,pre_allocation
381,895,normal,0,0,65535_65535,1,6,87,315,1,1,1,7,315,28,1,1,allocated
381,895,normal,0,0,65535_65535,1,7,87,270,0,1,0,6,0,28,1,1,pre_allocation
381,895,normal,0,0,65535_65535,1,7,87,315,1,1,1,7,315,28,1,1,allocated
381,895,normal,0,0,65535_65535,1,8,87,270,0,1,0,6,0,28,1,1,pre_allocation
381,895,normal,0,0,65535_65535,1,8,87,315,1,1,1,7,315,28,1,1,allocated
381,895,normal,0,0,65535_65535,1,9,87,270,0,1,0,6,0,28,1,1,pre_allocation
381,895,normal,0,0,65535_65535,1,9,87,315,1,1,1,7,315,28,1,1,allocated
381,895,normal,0,0,65535_65535,1,6,87,315,0,1,0,7,0,28,1,1,pre_allocation
381,895,normal,0,0,65535_65535,1,6,87,361,1,1,1,8,361,28,1,1,allocated
381,895,normal,0,0,65535_65535,1,7,87,315,0,1,0,7,0,28,1,1,pre_allocation
381,895,normal,0,0,65535_65535,1,7,87,361,1,1,1,8,361,28,1,1,allocated
381,895,normal,0,0,65535_65535,1,8,87,315,0,1,0,7,0,28,1,1,pre_allocation
381,895,normal,0,0,65535_65535,1,8,87,361,1,1,1,8,361,28,1,1,allocated
381,895,normal,0,0,65535_65535,1,9,87,315,0,1,0,7,0,28,1,1,pre_allocation
381,895,normal,0,0,65535_65535,1,9,87,361,1,1,1,8,361,28,1,1,allocated
381,895,normal,0,0,65535_65535,1,6,87,361,0,1,0,8,0,28,1,1,pre_allocation
381,895,normal,0,0,65535_65535,1,6,87,406,1,1,1,9,406,28,1,1,allocated
381,895,normal,0,0,65535_65535,1,7,87,361,0,1,0,8,0,28,1,1,pre_allocation
381,895,normal,0,0,65535_65535,1,7,87,406,1,1,1,9,406,28,1,1,allocated
381,895,normal,0,0,65535_65535,1,8,87,361,0,1,0,8,0,28,1,1,pre_allocation
381,895,normal,0,0,65535_65535,1,8,87,406,1,1,1,9,406,28,1,1,allocated
381,895,normal,0,0,65535_65535,1,9,87,361,0,1,0,8,0,28,1,1,pre_allocation
381,895,normal,0,0,65535_65535,1,9,87,406,1,1,1,9,406,28,1,1,allocated
381,895,normal,0,0,65535_65535,1,6,87,406,0,1,0,9,0,28,1,1,pre_allocation
381,895,normal,0,0,65535_65535,1,6,87,452,1,1,1,10,452,28,1,1,allocated
381,895,normal,0,0,65535_65535,1,7,87,406,0,1,0,9,0,28,1,1,pre_allocation
381,895,normal,0,0,65535_65535,1,7,87,452,1,1,1,10,452,28,1,1,allocated
381,895,normal,0,0,65535_65535,1,8,87,406,0,1,0,9,0,28,1,1,pre_allocation
381,895,normal,0,0,65535_65535,1,8,87,452,1,1,1,10,452,28,1,1,allocated
381,895,normal,0,0,65535_65535,1,9,87,406,0,1,0,9,0,28,1,1,pre_allocation
381,895,normal,0,0,65535_65535,1,9,87,452,1,1,1,10,452,28,1,1,allocated
381,895,normal,0,0,65535_65535,1,6,87,452,0,1,0,10,0,28,1,1,pre_allocation
381,895,normal,0,0,65535_65535,1,6,87,497,1,1,1,11,497,28,1,1,allocated
381,895,normal,0,0,65535_65535,1,7,87,452,0,1,0,10,0,28,1,1,pre_allocation
381,895,normal,0,0,65535_65535,1,7,87,497,1,1,1,11,497,28,1,1,allocated
381,895,normal,0,0,65535_65535,1,8,87,452,0,1,0,10,0,28,1,1,pre_allocation
381,895,normal,0,0,65535_65535,1,8,87,497,1,1,1,11,497,28,1,1,allocated
381,895,normal,0,0,65535_65535,1,9,87,452,0,1,0,10,0,28,1,1,pre_allocation
381,895,normal,0,0,65535_65535,1,9,87,497,1,1,1,11,497,28,1,1,allocated
381,895,normal,0,0,65535_65535,1,6,87,497,0,1,0,11,0,28,1,1,pre_allocation
381,895,normal,0,0,65535_65535,1,6,87,543,1,1,1,12,543,28,1,1,allocated
381,895,normal,0,0,65535_65535,1,7,87,497,0,1,0,11,0,28,1,1,pre_allocation
381,895,normal,0,0,65535_65535,1,7,87,543,1,1,1,12,543,28,1,1,allocated
381,895,normal,0,0,65535_65535,1,8,87,497,0,1,0,11,0,28,1,1,pre_allocation
381,895,normal,0,0,65535_65535,1,8,87,543,1,1,1,12,543,28,1,1,allocated
381,895,normal,0,0,65535_65535,1,9,87,497,0,1,0,11,0,28,1,1,pre_allocation
381,895,normal,0,0,65535_65535,1,9,87,543,1,1,1,12,543,28,1,1,allocated
381,895,normal,0,0,65535_65535,1,6,87,543,0,1,0,12,0,28,1,1,pre_allocation
381,895,normal,0,0,65535_65535,1,6,87,589,1,1,1,13,589,28,1,1,allocated
381,895,normal,0,0,65535_65535,1,7,87,543,0,1,0,12,0,28,1,1,pre_allocation
381,895,normal,0,0,65535_65535,1,7,87,589,1,1,1,13,589,28,1,1,allocated
381,895,normal,0,0,65535_65535,1,8,87,543,0,1,0,12,0,28,1,1,pre_allocation
381,895,normal,0,0,65535_65535,1,8,87,589,1,1,1,13,589,28,1,1,allocated
381,895,normal,0,0,65535_65535,1,9,87,543,0,1,0,12,0,28,1,1,pre_allocation
381,895,normal,0,0,65535_65535,1,9,87,589,1,1,1,13,589,28,1,1,allocated
381,895,normal,0,0,65535_65535,1,6,87,589,0,1,0,13,0,28,1,1,pre_allocation
381,895,normal,0,0,65535_65535,1,6,87,634,1,1,1,14,634,28,1,1,allocated
381,895,normal,0,0,65535_65535,1,7,87,589,0,1,0,13,0,28,1,1,pre_allocation
381,895,normal,0,0,65535_65535,1,7,87,634,1,1,1,14,634,28,1,1,allocated
381,895,normal,0,0,65535_65535,1,8,87,589,0,1,0,13,0,28,1,1,pre_allocation
381,895,normal,0,0,65535_65535,1,8,87,634,1,1,1,14,634,28,1,1,allocated
381,895,normal,0,0,65535_65535,1,9,87,589,0,1,0,13,0,28,1,1,pre_allocation
381,895,normal,0,0,65535_65535,1,9,87,634,1,1,1,14,634,28,1,1,allocated
381,895,normal,0,0,65535_65535,1,6,87,634,0,1,0,14,0,28,1,1,pre_allocation
381,895,normal,0,0,65535_65535,1,6,87,680,1,1,1,15,680,28,1,1,allocated
381,895,normal,0,0,65535_65535,1,7,87,634,0,1,0,14,0,28,1,1,pre_allocation
381,895,normal,0,0,65535_65535,1,7,87,680,1,1,1,15,680,28,1,1,allocated
381,895,normal,0,0,65535_65535,1,8,87,634,0,1,0,14,0,28,1,1,pre_allocation
381,895,normal,0,0,65535_65535,1,8,87,680,1,1,1,15,680,28,1,1,allocated
381,895,normal,0,0,65535_65535,1,9,87,634,0,1,0,14,0,28,1,1,pre_allocation
381,895,normal,0,0,65535_65535,1,9,87,680,1,1,1,15,680,28,1,1,allocated
381,895,normal,0,0,65535_65535,1,6,87,680,0,1,0,15,0,28,1,1,pre_allocation
381,895,normal,0,0,65535_65535,1,6,87,725,1,1,1,16,725,28,1,1,allocated
381,895,normal,0,0,65535_65535,1,7,87,680,0,1,0,15,0,28,1,1,pre_allocation
381,895,normal,0,0,65535_65535,1,7,87,725,1,1,1,16,725,28,1,1,allocated
381,895,normal,0,0,65535_65535,1,8,87,680,0,1,0,15,0,28,1,1,pre_allocation
381,895,normal,0,0,65535_65535,1,8,87,725,1,1,1,16,725,28,1,1,allocated
381,895,normal,0,0,65535_65535,1,9,87,680,0,1,0,15,0,28,1,1,pre_allocation
381,895,normal,0,0,65535_65535,1,9,87,725,1,1,1,16,725,28,1,1,allocated
381,895,normal,0,0,65535_65535,1,6,87,725,0,1,0,16,0,28,1,1,pre_allocation
381,895,normal,0,0,65535_65535,1,6,87,771,1,1,1,17,771,28,1,1,allocated
381,895,normal,0,0,65535_65535,1,7,87,725,0,1,0,16,0,28,1,1,pre_allocation
381,895,normal,0,0,65535_65535,1,7,87,771,1,1,1,17,771,28,1,1,allocated
381,895,normal,0,0,65535_65535,1,8,87,725,0,1,0,16,0,28,1,1,pre_allocation
381,895,normal,0,0,65535_65535,1,8,87,771,1,1,1,17,771,28,1,1,allocated
381,895,normal,0,0,65535_65535,1,9,87,725,0,1,0,16,0,28,1,1,pre_allocation
381,895,normal,0,0,65535_65535,1,9,87,771,1,1,1,17,771,28,1,1,allocated
381,895,normal,0,0,65535_65535,1,6,87,771,0,1,0,17,0,28,1,1,pre_allocation
381,895,normal,0,0,65535_65535,1,6,87,816,1,1,1,18,816,28,1,1,allocated
381,895,normal,0,0,65535_65535,1,7,87,771,0,1,0,17,0,28,1,1,pre_allocation
381,895,normal,0,0,65535_65535,1,7,87,816,1,1,1,18,816,28,1,1,allocated
381,895,normal,0,0,65535_65535,1,8,87,771,0,1,0,17,0,28,1,1,pre_allocation
381,895,normal,0,0,65535_65535,1,8,87,816,1,1,1,18,816,28,1,1,allocated
381,895,normal,0,0,65535_65535,1,9,87,771,0,1,0,17,0,28,1,1,pre_allocation
381,895,normal,0,0,65535_65535,1,9,87,816,1,1,1,18,816,28,1,1,allocated
381,895,normal,0,0,65535_65535,1,6,87,816,0,1,0,18,0,28,1,1,pre_allocation
381,895,normal,0,0,65535_65535,1,6,87,862,1,1,1,19,862,28,1,1,allocated
381,895,normal,0,0,65535_65535,1,7,87,816,0,1,0,18,0,28,1,1,pre_allocation
381,895,normal,0,0,65535_65535,1,7,87,862,1,1,1,19,862,28,1,1,allocated
381,895,normal,0,0,65535_65535,1,8,87,816,0,1,0,18,0,28,1,1,pre_allocation
381,895,normal,0,0,65535_65535,1,8,87,862,1,1,1,19,862,28,1,1,allocated
381,895,normal,0,0,65535_65535,1,9,87,816,0,1,0,18,0,28,1,1,pre_allocation
381,895,normal,0,0,65535_65535,1,9,87,862,1,1,1,19,862,28,1,1,allocated
381,895,normal,0,0,65535_65535,1,6,87,862,0,1,0,19,0,28,1,1,pre_allocation
381,895,normal,0,0,65535_65535,1,6,87,907,1,1,1,20,907,28,1,1,allocated
381,895,normal,0,0,65535_65535,1,7,87,862,0,1,0,19,0,28,1,1,pre_allocation
381,895,normal,0,0,65535_65535,1,7,87,907,1,1,1,20,907,28,1,1,allocated
381,895,normal,0,0,65535_65535,1,8,87,862,0,1,0,19,0,28,1,1,pre_allocation
381,895,normal,0,0,65535_65535,1,8,87,907,1,1,1,20,907,28,1,1,allocated
381,895,normal,0,0,65535_65535,1,9,87,862,0,1,0,19,0,28,1,1,pre_allocation
381,895,normal,0,0,65535_65535,1,9,87,907,1,1,1,20,907,28,1,1,allocated
381,895,normal,0,0,65535_65535,1,6,87,907,0,1,0,20,0,28,1,1,pre_allocation
381,895,normal,0,0,65535_65535,1,6,87,953,1,1,1,21,953,28,1,1,allocated
381,895,normal,0,0,65535_65535,1,7,87,907,0,1,0,20,0,28,1,1,pre_allocation
381,895,normal,0,0,65535_65535,1,7,87,953,1,1,1,21,953,28,1,1,allocated
381,895,normal,0,0,65535_65535,1,8,87,907,0,1,0,20,0,28,1,1,pre_allocation
381,895,normal,0,0,65535_65535,1,8,87,953,1,1,1,21,953,28,1,1,allocated
381,895,normal,0,0,65535_65535,1,9,87,907,0,1,0,20,0,28,1,1,pre_allocation
381,895,normal,0,0,65535_65535,1,9,87,953,1,1,1,21,953,28,1,1,allocated
381,895,normal,0,0,65535_65535,1,6,87,953,0,1,0,21,0,28,1,1,pre_allocation
381,895,normal,0,0,65535_65535,1,6,87,998,1,1,1,22,998,28,1,1,allocated
381,895,normal,0,0,65535_65535,1,7,87,953,0,1,0,21,0,28,1,1,pre_allocation
381,895,normal,0,0,65535_65535,1,7,87,998,1,1,1,22,998,28,1,1,allocated
381,895,normal,0,0,65535_65535,1,8,87,953,0,1,0,21,0,28,1,1,pre_allocation
381,895,normal,0,0,65535_65535,1,8,87,998,1,1,1,22,998,28,1,1,allocated
381,895,normal,0,0,65535_65535,1,9,87,953,0,1,0,21,0,28,1,1,pre_allocation
381,895,normal,0,0,65535_65535,1,9,87,998,1,1,1,22,998,28,1,1,allocated
381,895,normal,0,0,65535_65535,1,6,87,998,0,1,0,22,0,28,1,1,pre_allocation
381,895,normal,0,0,65535_65535,1,6,87,1044,1,1,1,23,1044,28,1,1,allocated
381,895,normal,0,0,65535_65535,1,7,87,998,0,1,0,22,0,28,1,1,pre_allocation
381,895,normal,0,0,65535_65535,1,7,87,1044,1,1,1,23,1044,28,1,1,allocated
381,895,normal,0,0,65535_65535,1,8,87,998,0,1,0,22,0,28,1,1,pre_allocation
381,895,normal,0,0,65535_65535,1,8,87,1044,1,1,1,23,1044,28,1,1,allocated
381,895,normal,0,0,65535_65535,1,9,87,998,0,1,0,22,0,28,1,1,pre_allocation
381,895,normal,0,0,65535_65535,1,9,87,1044,1,1,1,23,1044,28,1,1,allocated
381,895,normal,0,0,65535_65535,1,6,87,1044,0,1,0,23,0,28,1,1,pre_allocation
381,895,normal,0,0,65535_65535,1,6,87,1089,1,1,1,24,1089,28,1,1,allocated
381,895,normal,0,0,65535_65535,1,7,87,1044,0,1,0,23,0,28,1,1,pre_allocation
381,895,normal,0,0,65535_65535,1,7,87,1089,1,1,1,24,1089,28,1,1,allocated
381,895,normal,0,0,65535_65535,1,8,87,1044,0,1,0,23,0,28,1,1,pre_allocation
381,895,normal,0,0,65535_65535,1,8,87,1089,1,1,1,24,1089,28,1,1,allocated
381,895,normal,0,0,65535_65535,1,9,87,1044,0,1,0,23,0,28,1,1,pre_allocation
381,895,normal,0,0,65535_65535,1,9,87,1089,1,1,1,24,1089,28,1,1,allocated
381,895,normal,0,0,65535_65535,1,6,87,1089,0,1,0,24,0,28,1,1,pre_allocation
381,895,normal,0,0,65535_65535,1,6,87,1135,1,1,1,25,1135,28,1,1,allocated
381,895,normal,0,0,65535_65535,1,7,87,1089,0,1,0,24,0,28,1,1,pre_allocation
381,895,normal,0,0,65535_65535,1,7,87,1135,1,1,1,25,1135,28,1,1,allocated
381,895,normal,0,0,65535_65535,1,8,87,1089,0,1,0,24,0,28,1,1,pre_allocation
381,895,normal,0,0,65535_65535,1,8,87,1135,1,1,1,25,1135,28,1,1,allocated
381,895,normal,0,0,65535_65535,1,9,87,1089,0,1,0,24,0,28,1,1,pre_allocation
381,895,normal,0,0,65535_65535,1,9,87,1135,1,1,1,25,1135,28,1,1,allocated
381,895,normal,0,0,65535_65535,1,6,87,1135,0,1,0,25,0,28,1,1,pre_allocation
381,895,normal,0,0,65535_65535,1,6,87,1181,1,1,1,26,1181,28,1,1,allocated
381,895,normal,0,0,65535_65535,1,7,87,1135,0,1,0,25,0,28,1,1,pre_allocation
381,895,normal,0,0,65535_65535,1,7,87,1181,1,1,1,26,1181,28,1,1,allocated
381,895,normal,0,0,65535_65535,1,8,87,1135,0,1,0,25,0,28,1,1,pre_allocation
381,895,normal,0,0,65535_65535,1,8,87,1181,1,1,1,26,1181,28,1,1,allocated
381,895,normal,0,0,65535_65535,1,9,87,1135,0,1,0,25,0,28,1,1,pre_allocation
381,895,normal,0,0,65535_65535,1,9,87,1181,1,1,1,26,1181,28,1,1,allocated
381,895,normal,0,0,65535_65535,1,6,87,1181,0,1,0,26,0,28,1,1,pre_allocation
381,895,normal,0,0,65535_65535,1,6,87,1226,1,1,1,27,1226,28,1,1,allocated
381,895,normal,0,0,65535_65535,1,7,87,1181,0,1,0,26,0,28,1,1,pre_allocation
381,895,normal,0,0,65535_65535,1,7,87,1226,1,1,1,27,1226,28,1,1,allocated
381,895,normal,0,0,65535_65535,1,8,87,1181,0,1,0,26,0,28,1,1,pre_allocation
381,895,normal,0,0,65535_65535,1,8,87,1226,1,1,1,27,1226,28,1,1,allocated
381,895,normal,0,0,65535_65535,1,9,87,1181,0,1,0,26,0,28,1,1,pre_allocation
381,895,normal,0,0,65535_65535,1,9,87,1226,1,1,1,27,1226,28,1,1,allocated
381,895,normal,0,0,65535_65535,1,6,87,1226,0,1,0,27,0,28,1,1,pre_allocation
381,895,normal,0,0,65535_65535,1,6,87,1272,1,1,1,28,1272,28,1,1,allocated
381,895,normal,0,0,65535_65535,1,7,87,1226,0,1,0,27,0,28,1,1,pre_allocation
381,895,normal,0,0,65535_65535,1,7,87,1272,1,1,1,28,1272,28,1,1,allocated
381,895,normal,0,0,65535_65535,1,8,87,1226,0,1,0,27,0,28,1,1,pre_allocation
381,895,normal,0,0,65535_65535,1,8,87,1272,1,1,1,28,1272,28,1,1,allocated
381,895,normal,0,0,65535_65535,1,9,87,1226,0,1,0,27,0,28,1,1,pre_allocation
381,895,normal,0,0,65535_65535,1,9,87,1272,1,1,1,28,1272,28,1,1,allocated
381,895,normal,0,0,65535_65535,1,6,87,1272,0,1,0,28,0,28,1,1,pre_allocation
381,895,normal,0,0,65535_65535,1,6,87,1317,1,1,1,29,1317,28,1,1,allocated
381,895,normal,0,0,65535_65535,1,7,87,1272,0,1,0,28,0,28,1,1,pre_allocation
381,895,normal,0,0,65535_65535,1,7,87,1317,1,1,1,29,1317,28,1,1,allocated
381,895,normal,0,0,65535_65535,1,8,87,1272,0,1,0,28,0,28,1,1,pre_allocation
381,895,normal,0,0,65535_65535,1,8,87,1317,1,1,1,29,1317,28,1,1,allocated
381,895,normal,0,0,65535_65535,1,9,87,1272,0,1,0,28,0,28,1,1,pre_allocation
381,895,normal,0,0,65535_65535,1,9,87,1317,1,1,1,29,1317,28,1,1,allocated
381,895,normal,0,0,65535_65535,1,6,87,1317,0,1,0,29,0,28,1,1,pre_allocation
381,895,normal,0,0,65535_65535,1,6,87,1363,1,1,1,30,1363,28,1,1,allocated
381,895,normal,0,0,65535_65535,1,7,87,1317,0,1,0,29,0,28,1,1,pre_allocation
381,895,normal,0,0,65535_65535,1,7,87,1363,1,1,1,30,1363,28,1,1,allocated
381,895,normal,0,0,65535_65535,1,8,87,1317,0,1,0,29,0,28,1,1,pre_allocation
381,895,normal,0,0,65535_65535,1,8,87,1363,1,1,1,30,1363,28,1,1,allocated
381,895,normal,0,0,65535_65535,1,9,87,1317,0,1,0,29,0,28,1,1,pre_allocation
381,895,normal,0,0,65535_65535,1,9,87,1363,1,1,1,30,1363,28,1,1,allocated
381,895,normal,0,0,65535_65535,2,27,137,0,0,1,0,0,0,28,1,1,pre_allocation
381,895,normal,0,0,65535_65535,2,27,137,42,1,1,1,1,42,28,1,1,allocated
381,895,normal,0,0,65535_65535,2,26,137,0,0,1,0,0,0,28,1,1,pre_allocation
381,895,normal,0,0,65535_65535,2,26,137,42,1,1,1,1,42,28,1,1,allocated
381,895,normal,0,0,65535_65535,2,12,137,0,0,1,0,0,0,28,1,1,pre_allocation
381,895,normal,0,0,65535_65535,2,12,137,42,1,1,1,1,42,28,1,1,allocated
381,895,normal,0,0,65535_65535,2,11,137,0,0,1,0,0,0,26,1,1,pre_allocation
381,895,normal,0,0,65535_65535,2,11,137,39,1,1,1,1,39,26,1,1,allocated
381,895,normal,0,0,65535_65535,2,25,137,0,0,1,0,0,0,15,1,1,pre_allocation
381,895,normal,0,0,65535_65535,2,25,137,14,1,1,1,1,14,15,1,1,allocated
381,895,normal,0,0,65535_65535,2,24,3049,0,0,1,0,0,0,15,1,1,pre_allocation
381,895,normal,0,0,65535_65535,2,24,3049,14,1,1,1,1,14,15,1,1,allocated
381,895,normal,0,0,65535_65535,2,23,137,0,0,1,0,0,0,15,1,1,pre_allocation
381,895,normal,0,0,65535_65535,2,23,137,14,1,1,1,1,14,15,1,1,allocated
381,895,normal,0,0,65535_65535,2,21,137,0,0,1,0,0,0,15,1,1,pre_allocation
381,895,normal,0,0,65535_65535,2,21,137,14,1,1,1,1,14,15,1,1,allocated
381,895,normal,0,0,65535_65535,2,27,137,42,0,1,0,1,0,28,1,1,pre_allocation
381,895,normal,0,0,65535_65535,2,27,137,88,1,1,1,2,88,28,1,1,allocated
381,895,normal,0,0,65535_65535,2,26,137,42,0,1,0,1,0,28,1,1,pre_allocation
381,895,normal,0,0,65535_65535,2,26,137,88,1,1,1,2,88,28,1,1,allocated
381,895,normal,0,0,65535_65535,2,12,137,42,0,1,0,1,0,28,1,1,pre_allocation
381,895,normal,0,0,65535_65535,2,12,137,88,1,1,1,2,88,28,1,1,allocated
381,895,normal,0,0,65535_65535,2,11,137,39,0,1,0,1,0,26,1,1,pre_allocation
381,895,normal,0,0,65535_65535,2,11,137,81,1,1,1,2,81,26,1,1,allocated
381,895,normal,0,0,65535_65535,2,25,137,14,0,1,0,1,0,15,1,1,pre_allocation
381,895,normal,0,0,65535_65535,2,25,137,32,1,1,1,2,32,15,1,1,allocated
381,895,normal,0,0,65535_65535,2,24,3049,14,0,1,0,1,0,15,1,1,pre_allocation
381,895,normal,0,0,65535_65535,2,24,3049,32,1,1,1,2,32,15,1,1,allocated
381,895,normal,0,0,65535_65535,2,23,137,14,0,1,0,1,0,15,1,1,pre_allocation
381,895,normal,0,0,65535_65535,2,23,137,32,1,1,1,2,32,15,1,1,allocated
381,895,normal,0,0,65535_65535,2,21,137,14,0,1,0,1,0,15,1,1,pre_allocation
381,895,normal,0,0,65535_65535,2,21,137,32,1,1,1,2,32,15,1,1,allocated
381,895,normal,0,0,65535_65535,2,27,137,88,0,1,0,2,0,28,1,1,pre_allocation
381,895,normal,0,0,65535_65535,2,27,137,133,1,1,1,3,133,28,1,1,allocated
381,895,normal,0,0,65535_65535,2,26,137,88,0,1,0,2,0,28,1,1,pre_allocation
381,895,normal,0,0,65535_65535,2,26,137,133,1,1,1,3,133,28,1,1,allocated
381,895,normal,0,0,65535_65535,2,12,137,88,0,1,0,2,0,28,1,1,pre_allocation
381,895,normal,0,0,65535_65535,2,12,137,133,1,1,1,3,133,28,1,1,allocated
381,895,normal,0,0,65535_65535,2,11,137,81,0,1,0,2,0,26,1,1,pre_allocation
381,895,normal,0,0,65535_65535,2,11,137,123,1,1,1,3,123,26,1,1,allocated
381,895,normal,0,0,65535_65535,2,25,137,32,0,1,0,2,0,15,1,1,pre_allocation
381,895,normal,0,0,65535_65535,2,25,137,50,1,1,1,3,50,15,1,1,allocated
381,895,normal,0,0,65535_65535,2,24,3049,32,0,1,0,2,0,15,1,1,pre_allocation
381,895,normal,0,0,65535_65535,2,24,3049,50,1,1,1,3,50,15,1,1,allocated
381,895,normal,0,0,65535_65535,2,23,137,32,0,1,0,2,0,15,1,1,pre_allocation
381,895,normal,0,0,65535_65535,2,23,137,50,1,1,1,3,50,15,1,1,allocated
381,895,normal,0,0,65535_65535,2,21,137,32,0,1,0,2,0,15,1,1,pre_allocation
381,895,normal,0,0,65535_65535,2,21,137,50,1,1,1,3,50,15,1,1,allocated
381,895,normal,0,0,65535_65535,2,27,137,133,0,1,0,3,0,28,1,1,pre_allocation
381,895,normal,0,0,65535_65535,2,27,137,179,1,1,1,4,179,28,1,1,allocated
381,895,normal,0,0,65535_65535,2,26,137,133,0,1,0,3,0,28,1,1,pre_allocation
381,895,normal,0,0,65535_65535,2,26,137,179,1,1,1,4,179,28,1,1,allocated
381,895,normal,0,0,65535_65535,2,12,137,133,0,1,0,3,0,28,1,1,pre_allocation
381,895,normal,0,0,65535_65535,2,12,137,179,1,1,1,4,179,28,1,1,allocated
381,895,normal,0,0,65535_65535,2,11,137,123,0,1,0,3,0,26,1,1,pre_allocation
381,895,normal,0,0,65535_65535,2,11,137,165,1,1,1,4,165,26,1,1,allocated
381,895,normal,0,0,65535_65535,2,25,137,50,0,1,0,3,0,15,1,1,pre_allocation
381,895,normal,0,0,65535_65535,2,25,137,68,1,1,1,4,68,15,1,1,allocated
381,895,normal,0,0,65535_65535,2,24,3049,50,0,1,0,3,0,15,1,1,pre_allocation
381,895,normal,0,0,65535_65535,2,24,3049,68,1,1,1,4,68,15,1,1,allocated
381,895,normal,0,0,65535_65535,2,23,137,50,0,1,0,3,0,15,1,1,pre_allocation
381,895,normal,0,0,65535_65535,2,23,137,68,1,1,1,4,68,15,1,1,allocated
381,895,normal,0,0,65535_65535,2,21,137,50,0,1,0,3,0,15,1,1,pre_allocation
381,895,normal,0,0,65535_65535,2,21,137,68,1,1,1,4,68,15,1,1,allocated
381,895,normal,0,0,65535_65535,2,27,137,179,0,1,0,4,0,28,1,1,pre_allocation
381,895,normal,0,0,65535_65535,2,27,137,224,1,1,1,5,224,28,1,1,allocated
381,895,normal,0,0,65535_65535,2,26,137,179,0,1,0,4,0,28,1,1,pre_allocation
381,895,normal,0,0,65535_65535,2,26,137,224,1,1,1,5,224,28,1,1,allocated
381,895,normal,0,0,65535_65535,2,12,137,179,0,1,0,4,0,28,1,1,pre_allocation
381,895,normal,0,0,65535_65535,2,12,137,224,1,1,1,5,224,28,1,1,allocated
381,895,normal,0,0,65535_65535,2,11,137,165,0,1,0,4,0,26,1,1,pre_allocation
381,895,normal,0,0,65535_65535,2,11,137,207,1,1,1,5,207,26,1,1,allocated
381,895,normal,0,0,65535_65535,2,25,137,68,0,1,0,4,0,15,1,1,pre_allocation
381,895,normal,0,0,65535_65535,2,25,137,86,1,1,1,5,86,15,1,1,allocated
381,895,normal,0,0,65535_65535,2,24,3049,68,0,1,0,4,0,15,1,1,pre_allocation
381,895,normal,0,0,65535_65535,2,24,3049,86,1,1,1,5,86,15,1,1,allocated
381,895,normal,0,0,65535_65535,2,23,137,68,0,1,0,4,0,15,1,1,pre_allocation
381,895,normal,0,0,65535_65535,2,23,137,86,1,1,1,5,86,15,1,1,allocated
381,895,normal,0,0,65535_65535,2,21,137,68,0,1,0,4,0,15,1,1,pre_allocation
381,895,normal,0,0,65535_65535,2,21,137,86,1,1,1,5,86,15,1,1,allocated
381,895,normal,0,0,65535_65535,2,27,137,224,0,1,0,5,0,28,1,1,pre_allocation
381,895,normal,0,0,65535_65535,2,27,137,270,1,1,1,6,270,28,1,1,allocated
381,895,normal,0,0,65535_65535,2,26,137,224,0,1,0,5,0,28,1,1,pre_allocation
381,895,normal,0,0,65535_65535,2,26,137,270,1,1,1,6,270,28,1,1,allocated
381,895,normal,0,0,65535_65535,2,12,137,224,0,1,0,5,0,28,1,1,pre_allocation
381,895,normal,0,0,65535_65535,2,12,137,270,1,1,1,6,270,28,1,1,allocated
381,895,normal,0,0,65535_65535,2,11,137,207,0,1,0,5,0,26,1,1,pre_allocation
381,895,normal,0,0,65535_65535,2,11,137,249,1,1,1,6,249,26,1,1,allocated
381,895,normal,0,0,65535_65535,2,25,137,86,0,1,0,5,0,15,1,1,pre_allocation
381,895,normal,0,0,65535_65535,2,25,137,103,1,1,1,6,103,15,1,1,allocated
381,895,normal,0,0,65535_65535,2,24,3049,86,0,1,0,5,0,15,1,1,pre_allocation
381,895,normal,0,0,65535_65535,2,24,3049,103,1,1,1,6,103,15,1,1,allocated
381,895,normal,0,0,65535_65535,2,23,137,86,0,1,0,5,0,15,1,1,pre_allocation
381,895,normal,0,0,65535_65535,2,23,137,103,1,1,1,6,103,15,1,1,allocated
381,895,normal,0,0,65535_65535,2,21,137,86,0,1,0,5,0,15,1,1,pre_allocation
381,895,normal,0,0,65535_65535,2,21,137,103,1,1,1,6,103,15,1,1,allocated
381,895,normal,0,0,65535_65535,2,27,137,270,0,1,0,6,0,28,1,1,pre_allocation
381,895,normal,0,0,65535_65535,2,27,137,315,1,1,1,7,315,28,1,1,allocated
493,993,normal,0,0,65535_65535,0,1,3069,0,0,1,0,0,0,28,1,1,pre_allocation
493,993,normal,0,0,65535_65535,0,1,3069,42,1,1,1,1,42,28,1,1,allocated
493,993,normal,0,0,65535_65535,0,4,3069,0,0,1,0,0,0,16,1,1,pre_allocation
493,993,normal,0,0,65535_65535,0,4,3069,16,1,1,1,1,16,16,1,1,allocated
493,993,normal,0,0,65535_65535,0,3,848276,0,0,1,0,0,0,15,1,1,pre_allocation
493,993,normal,0,0,65535_65535,0,3,848276,14,1,1,1,1,14,15,1,1,allocated
493,993,normal,0,0,65535_65535,0,5,785550,0,0,1,0,0,0,15,1,1,pre_allocation
493,993,normal,0,0,65535_65535,0,5,785550,14,1,1,1,1,14,15,1,1,allocated
493,993,normal,0,0,65535_65535,0,1,3069,42,0,1,0,1,0,28,1,1,pre_allocation
493,993,normal,0,0,65535_65535,0,1,3069,88,1,1,1,2,88,28,1,1,allocated
493,993,normal,0,0,65535_65535,0,4,3069,16,0,1,0,1,0,16,1,1,pre_allocation
493,993,normal,0,0,65535_65535,0,4,3069,36,1,1,1,2,36,16,1,1,allocated
493,993,normal,0,0,65535_65535,0,3,848276,14,0,1,0,1,0,15,1,1,pre_allocation
493,993,normal,0,0,65535_65535,0,3,848276,32,1,1,1,2,32,15,1,1,allocated
493,993,normal,0,0,65535_65535,0,5,785550,14,0,1,0,1,0,15,1,1,pre_allocation
493,993,normal,0,0,65535_65535,0,5,785550,32,1,1,1,2,32,15,1,1,allocated
493,993,normal,0,0,65535_65535,0,1,3069,88,0,1,0,2,0,28,1,1,pre_allocation
493,993,normal,0,0,65535_65535,0,1,3069,133,1,1,1,3,133,28,1,1,allocated
493,993,normal,0,0,65535_65535,0,4,3069,36,0,1,0,2,0,16,1,1,pre_allocation
493,993,normal,0,0,65535_65535,0,4,3069,56,1,1,1,3,56,16,1,1,allocated
493,993,normal,0,0,65535_65535,0,3,848276,32,0,1,0,2,0,15,1,1,pre_allocation
493,993,normal,0,0,65535_65535,0,3,848276,50,1,1,1,3,50,15,1,1,allocated
493,993,normal,0,0,65535_65535,0,5,785550,32,0,1,0,2,0,15,1,1,pre_allocation
493,993,normal,0,0,65535_65535,0,5,785550,50,1,1,1,3,50,15,1,1,allocated
493,993,normal,0,0,65535_65535,0,1,3069,133,0,1,0,3,0,28,1,1,pre_allocation
493,993,normal,0,0,65535_65535,0,1,3069,179,1,1,1,4,179,28,1,1,allocated
493,993,normal,0,0,65535_65535,0,4,3069,56,0,1,0,3,0,16,1,1,pre_allocation
493,993,normal,0,0,65535_65535,0,4,3069,76,1,1,1,4,76,16,1,1,allocated
493,993,normal,0,0,65535_65535,0,3,848276,50,0,1,0,3,0,15,1,1,pre_allocation
493,993,normal,0,0,65535_65535,0,3,848276,68,1,1,1,4,68,15,1,1,allocated
493,993,normal,0,0,65535_65535,0,5,785550,50,0,1,0,3,0,15,1,1,pre_allocation
493,993,normal,0,0,65535_65535,0,5,785550,68,1,1,1,4,68,15,1,1,allocated
493,993,normal,0,0,65535_65535,0,1,3069,179,0,1,0,4,0,28,1,1,pre_allocation
493,993,normal,0,0,65535_65535,0,1,3069,224,1,1,1,5,224,28,1,1,allocated
493,993,normal,0,0,65535_65535,0,4,3069,76,0,1,0,4,0,16,1,1,pre_allocation
493,993,normal,0,0,65535_65535,0,4,3069,96,1,1,1,5,96,16,1,1,allocated
493,993,normal,0,0,65535_65535,0,3,848276,68,0,1,0,4,0,15,1,1,pre_allocation
493,993,normal,0,0,65535_65535,0,3,848276,86,1,1,1,5,86,15,1,1,allocated
493,993,normal,0,0,65535_65535,0,5,785550,68,0,1,0,4,0,15,1,1,pre_allocation
493,993,normal,0,0,65535_65535,0,5,785550,86,1,1,1,5,86,15,1,1,allocated
493,993,normal,0,0,65535_65535,0,1,3069,224,0,1,0,5,0,28,1,1,pre_allocation
493,993,normal,0,0,65535_65535,0,1,3069,270,1,1,1,6,270,28,1,1,allocated
493,993,normal,0,0,65535_65535,0,4,3069,96,0,1,0,5,0,16,1,1,pre_allocation
493,993,normal,0,0,65535_65535,0,4,3069,115,1,1,1,6,115,16,1,1,allocated
493,993,normal,0,0,65535_65535,0,3,848276,86,0,1,0,5,0,15,1,1,pre_allocation
493,993,normal,0,0,65535_65535,0,3,848276,103,1,1,1,6,103,15,1,1,allocated
493,993,normal,0,0,65535_65535,0,5,785550,86,0,1,0,5,0,15,1,1,pre_allocation
493,993,normal,0,0,65535_65535,0,5,785550,103,1,1,1,6,103,15,1,1,allocated
493,993,normal,0,0,65535_65535,0,1,3069,270,0,1,0,6,0,28,1,1,pre_allocation
493,993,normal,0,0,65535_65535,0,1,3069,315,1,1,1,7,315,28,1,1,allocated
493,993,normal,0,0,65535_65535,0,4,3069,115,0,1,0,6,0,16,1,1,pre_allocation
493,993,normal,0,0,65535_65535,0,4,3069,135,1,1,1,7,135,16,1,1,allocated
493,993,normal,0,0,65535_65535,0,3,848276,103,0,1,0,6,0,15,1,1,pre_allocation
493,993,normal,0,0,65535_65535,0,3,848276,121,1,1,1,7,121,15,1,1,allocated
493,993,normal,0,0,65535_65535,0,5,785550,103,0,1,0,6,0,15,1,1,pre_allocation
493,993,normal,0,0,65535_65535,0,5,785550,121,1,1,1,7,121,15,1,1,allocated
493,993,normal,0,0,65535_65535,0,1,3069,315,0,1,0,7,0,28,1,1,pre_allocation
493,993,normal,0,0,65535_65535,0,1,3069,361,1,1,1,8,361,28,1,1,allocated
493,993,normal,0,0,65535_65535,0,4,3069,135,0,1,0,7,0,16,1,1,pre_allocation
493,993,normal,0,0,65535_65535,0,4,3069,155,1,1,1,8,155,16,1,1,allocated
493,993,normal,0,0,65535_65535,0,3,848276,121,0,1,0,7,0,15,1,1,pre_allocation
493,993,normal,0,0,65535_65535,0,3,848276,139,1,1,1,8,139,15,1,1,allocated
493,993,normal,0,0,65535_65535,0,5,785550,121,0,1,0,7,0,15,1,1,pre_allocation
493,993,normal,0,0,65535_65535,0,5,785550,139,1,1,1,8,139,15,1,1,allocated
493,993,normal,0,0,65535_65535,0,1,3069,361,0,1,0,8,0,28,1,1,pre_allocation
493,993,normal,0,0,65535_65535,0,1,3069,406,1,1,1,9,406,28,1,1,allocated
493,993,normal,0,0,65535_65535,0,4,3069,155,0,1,0,8,0,16,1,1,pre_allocation
493,993,normal,0,0,65535_65535,0,4,3069,175,1,1,1,9,175,16,1,1,allocated
493,993,normal,0,0,65535_65535,0,3,848276,139,0,1,0,8,0,15,1,1,pre_allocation
493,993,normal,0,0,65535_65535,0,3,848276,157,1,1,1,9,157,15,1,1,allocated
493,993,normal,0,0,65535_65535,0,5,785550,139,0,1,0,8,0,15,1,1,pre_allocation
493,993,normal,0,0,65535_65535,0,5,785550,157,1,1,1,9,157,15,1,1,allocated
493,993,normal,0,0,65535_65535,0,1,3069,406,0,1,0,9,0,28,1,1,pre_allocation
493,993,normal,0,0,65535_65535,0,1,3069,452,1,1,1,10,452,28,1,1,allocated
493,993,normal,0,0,65535_65535,0,4,3069,175,0,1,0,9,0,16,1,1,pre_allocation
493,993,normal,0,0,65535_65535,0,4,3069,195,1,1,1,10,195,16,1,1,allocated
493,993,normal,0,0,65535_65535,0,3,848276,157,0,1,0,9,0,15,1,1,pre_allocation
493,993,normal,0,0,65535_65535,0,3,848276,175,1,1,1,10,175,15,1,1,allocated
493,993,normal,0,0,65535_65535,0,5,785550,157,0,1,0,9,0,15,1,1,pre_allocation
493,993,normal,0,0,65535_65535,0,5,785550,175,1,1,1,10,175,15,1,1,allocated
493,993,normal,0,0,65535_65535,0,1,3069,452,0,1,0,10,0,28,1,1,pre_allocation
493,993,normal,0,0,65535_65535,0,1,3069,497,1,1,1,11,497,28,1,1,allocated
493,993,normal,0,0,65535_65535,0,4,3069,195,0,1,0,10,0,16,1,1,pre_allocation
493,993,normal,0,0,65535_65535,0,4,3069,214,1,1,1,11,214,16,1,1,allocated
493,993,normal,0,0,65535_65535,0,3,848276,175,0,1,0,10,0,15,1,1,pre_allocation
493,993,normal,0,0,65535_65535,0,3,848276,193,1,1,1,11,193,15,1,1,allocated
493,993,normal,0,0,65535_65535,0,5,785550,175,0,1,0,10,0,15,1,1,pre_allocation
493,993,normal,0,0,65535_65535,0,5,785550,193,1,1,1,11,193,15,1,1,allocated
493,993,normal,0,0,65535_65535,0,1,3069,497,0,1,0,11,0,28,1,1,pre_allocation
493,993,normal,0,0,65535_65535,0,1,3069,543,1,1,1,12,543,28,1,1,allocated
493,993,normal,0,0,65535_65535,0,4,3069,214,0,1,0,11,0,16,1,1,pre_allocation
493,993,normal,0,0,65535_65535,0,4,3069,234,1,1,1,12,234,16,1,1,allocated
493,993,normal,0,0,65535_65535,0,3,848276,193,0,1,0,11,0,15,1,1,pre_allocation
493,993,normal,0,0,65535_65535,0,3,848276,210,1,1,1,12,210,15,1,1,allocated
493,993,normal,0,0,65535_65535,0,5,785550,193,0,1,0,11,0,15,1,1,pre_allocation
493,993,normal,0,0,65535_65535,0,5,785550,210,1,1,1,12,210,15,1,1,allocated
493,993,normal,0,0,65535_65535,0,1,3069,543,0,1,0,12,0,28,1,1,pre_allocation
493,993,normal,0,0,65535_65535,0,1,3069,589,1,1,1,13,589,28,1,1,allocated
493,993,normal,0,0,65535_65535,0,4,3069,234,0,1,0,12,0,16,1,1,pre_allocation
493,993,normal,0,0,65535_65535,0,4,3069,254,1,1,1,13,254,16,1,1,allocated
493,993,normal,0,0,65535_65535,0,3,848276,210,0,1,0,12,0,15,1,1,pre_allocation
493,993,normal,0,0,65535_65535,0,3,848276,228,1,1,1,13,228,15,1,1,allocated
493,993,normal,0,0,65535_65535,0,5,785550,210,0,1,0,12,0,15,1,1,pre_allocation
493,993,normal,0,0,65535_65535,0,5,785550,228,1,1,1,13,228,15,1,1,allocated
493,993,normal,0,0,65535_65535,0,1,3069,589,0,1,0,13,0,28,1,1,pre_allocation
493,993,normal,0,0,65535_65535,0,1,3069,634,1,1,1,14,634,28,1,1,allocated
493,993,normal,0,0,65535_65535,0,4,3069,254,0,1,0,13,0,16,1,1,pre_allocation
493,993,normal,0,0,65535_65535,0,4,3069,274,1,1,1,14,274,16,1,1,allocated
493,993,normal,0,0,65535_65535,0,3,848276,228,0,1,0,13,0,15,1,1,pre_allocation
493,993,normal,0,0,65535_65535,0,3,848276,246,1,1,1,14,246,15,1,1,allocated
493,993,normal,0,0,65535_65535,0,5,785550,228,0,1,0,13,0,15,1,1,pre_allocation
493,993,normal,0,0,65535_65535,0,5,785550,246,1,1,1,14,246,15,1,1,allocated
493,993,normal,0,0,65535_65535,0,1,3069,634,0,1,0,14,0,28,1,1,pre_allocation
493,993,normal,0,0,65535_65535,0,1,3069,680,1,1,1,15,680,28,1,1,allocated
493,993,normal,0,0,65535_65535,0,4,3069,274,0,1,0,14,0,16,1,1,pre_allocation
493,993,normal,0,0,65535_65535,0,4,3069,294,1,1,1,15,294,16,1,1,allocated
493,993,normal,0,0,65535_65535,0,3,848276,246,0,1,0,14,0,15,1,1,pre_allocation
493,993,normal,0,0,65535_65535,0,3,848276,264,1,1,1,15,264,15,1,1,allocated
493,993,normal,0,0,65535_65535,0,5,785550,246,0,1,0,14,0,15,1,1,pre_allocation
493,993,normal,0,0,65535_65535,0,5,785550,264,1,1,1,15,264,15,1,1,allocated
493,993,normal,0,0,65535_65535,0,1,3069,680,0,1,0,15,0,28,1,1,pre_allocation
493,993,normal,0,0,65535_65535,0,1,3069,725,1,1,1,16,725,28,1,1,allocated
493,993,normal,0,0,65535_65535,0,4,3069,294,0,1,0,15,0,16,1,1,pre_allocation
493,993,normal,0,0,65535_65535,0,4,3069,313,1,1,1,16,313,16,1,1,allocated
493,993,normal,0,0,65535_65535,0,3,848276,264,0,1,0,15,0,15,1,1,pre_allocation
493,993,normal,0,0,65535_65535,0,3,848276,282,1,1,1,16,282,15,1,1,allocated
493,993,normal,0,0,65535_65535,0,5,785550,264,0,1,0,15,0,15,1,1,pre_allocation
493,993,normal,0,0,65535_65535,0,5,785550,282,1,1,1,16,282,15,1,1,allocated
493,993,normal,0,0,65535_65535,0,1,3069,725,0,1,0,16,0,28,1,1,pre_allocation
493,993,normal,0,0,65535_65535,0,1,3069,771,1,1,1,17,771,28,1,1,allocated
493,993,normal,0,0,65535_65535,0,4,3069,313,0,1,0,16,0,16,1,1,pre_allocation
493,993,normal,0,0,65535_65535,0,4,3069,333,1,1,1,17,333,16,1,1,allocated
493,993,normal,0,0,65535_65535,0,3,848276,282,0,1,0,16,0,15,1,1,pre_allocation
493,993,normal,0,0,65535_65535,0,3,848276,299,1,1,1,17,299,15,1,1,allocated
493,993,normal,0,0,65535_65535,0,5,785550,282,0,1,0,16,0,15,1,1,pre_allocation
493,993,normal,0,0,65535_65535,0,5,785550,299,1,1,1,17,299,15,1,1,allocated
493,993,normal,0,0,65535_65535,0,1,3069,771,0,1,0,17,0,28,1,1,pre_allocation
493,993,normal,0,0,65535_65535,0,1,3069,816,1,1,1,18,816,28,1,1,allocated
493,993,normal,0,0,65535_65535,0,4,3069,333,0,1,0,17,0,16,1,1,pre_allocation
493,993,normal,0,0,65535_65535,0,4,3069,353,1,1,1,18,353,16,1,1,allocated
493,993,normal,0,0,65535_65535,0,3,848276,299,0,1,0,17,0,15,1,1,pre_allocation
493,993,normal,0,0,65535_65535,0,3,848276,317,1,1,1,18,317,15,1,1,allocated
493,993,normal,0,0,65535_65535,0,5,785550,299,0,1,0,17,0,15,1,1,pre_allocation
493,993,normal,0,0,65535_65535,0,5,785550,317,1,1,1,18,317,15,1,1,allocated
493,993,normal,0,0,65535_65535,0,1,3069,816,0,1,0,18,0,28,1,1,pre_allocation
493,993,normal,0,0,65535_65535,0,1,3069,862,1,1,1,19,862,28,1,1,allocated
493,993,normal,0,0,65535_65535,0,4,3069,353,0,1,0,18,0,16,1,1,pre_allocation
493,993,normal,0,0,65535_65535,0,4,3069,373,1,1,1,19,373,16,1,1,allocated
493,993,normal,0,0,65535_65535,0,3,848276,317,0,1,0,18,0,15,1,1,pre_allocation
493,993,normal,0,0,65535_65535,0,3,848276,335,1,1,1,19,335,15,1,1,allocated
493,993,normal,0,0,65535_65535,0,5,785550,317,0,1,0,18,0,15,1,1,pre_allocation
493,993,normal,0,0,65535_65535,0,5,785550,335,1,1,1,19,335,15,1,1,allocated
493,993,normal,0,0,65535_65535,0,1,3069,862,0,1,0,19,0,28,1,1,pre_allocation
493,993,normal,0,0,65535_65535,0,1,3069,907,1,1,1,20,907,28,1,1,allocated
493,993,normal,0,0,65535_65535,0,4,3069,373,0,1,0,19,0,16,1,1,pre_allocation
493,993,normal,0,0,65535_65535,0,4,3069,393,1,1,1,20,393,16,1,1,allocated
493,993,normal,0,0,65535_65535,0,3,848276,335,0,1,0,19,0,15,1,1,pre_allocation
493,993,normal,0,0,65535_65535,0,3,848276,353,1,1,1,20,353,15,1,1,allocated
493,993,normal,0,0,65535_65535,0,5,785550,335,0,1,0,19,0,15,1,1,pre_allocation
493,993,normal,0,0,65535_65535,0,5,785550,353,1,1,1,20,353,15,1,1,allocated
493,993,normal,0,0,65535_65535,0,1,3069,907,0,1,0,20,0,28,1,1,pre_allocation
493,993,normal,0,0,65535_65535,0,1,3069,953,1,1,1,21,953,28,1,1,allocated
493,993,normal,0,0,65535_65535,0,4,3069,393,0,1,0,20,0,16,1,1,pre_allocation
493,993,normal,0,0,65535_65535,0,4,3069,412,1,1,1,21,412,16,1,1,allocated
493,993,normal,0,0,65535_65535,0,3,848276,353,0,1,0,20,0,15,1,1,pre_allocation
493,993,normal,0,0,65535_65535,0,3,848276,371,1,1,1,21,371,15,1,1,allocated
493,993,normal,0,0,65535_65535,0,5,785550,353,0,1,0,20,0,15,1,1,pre_allocation
493,993,normal,0,0,65535_65535,0,5,785550,371,1,1,1,21,371,15,1,1,allocated
493,993,normal,0,0,65535_65535,0,1,3069,953,0,1,0,21,0,28,1,1,pre_allocation
493,993,normal,0,0,65535_65535,0,1,3069,998,1,1,1,22,998,28,1,1,allocated
493,993,normal,0,0,65535_65535,0,4,3069,412,0,1,0,21,0,16,1,1,pre_allocation
493,993,normal,0,0,65535_65535,0,4,3069,432,1,1,1,22,432,16,1,1,allocated
493,993,normal,0,0,65535_65535,0,3,848276,371,0,1,0,21,0,15,1,1,pre_allocation
493,993,normal,0,0,65535_65535,0,3,848276,389,1,1,1,22,389,15,1,1,allocated
493,993,normal,0,0,65535_65535,0,5,785550,371,0,1,0,21,0,15,1,1,pre_allocation
493,993,normal,0,0,65535_65535,0,5,785550,389,1,1,1,22,389,15,1,1,allocated
493,993,normal,0,0,65535_65535,0,1,3069,998,0,1,0,22,0,28,1,1,pre_allocation
493,993,normal,0,0,65535_65535,0,1,3069,1044,1,1,1,23,1044,28,1,1,allocated
493,993,normal,0,0,65535_65535,0,4,3069,432,0,1,0,22,0,16,1,1,pre_allocation
493,993,normal,0,0,65535_65535,0,4,3069,452,1,1,1,23,452,16,1,1,allocated
493,993,normal,0,0,65535_65535,0,3,848276,389,0,1,0,22,0,15,1,1,pre_allocation
493,993,normal,0,0,65535_65535,0,3,848276,406,1,1,1,23,406,15,1,1,allocated
493,993,normal,0,0,65535_65535,0,5,785550,389,0,1,0,22,0,15,1,1,pre_allocation
493,993,normal,0,0,65535_65535,0,5,785550,406,1,1,1,23,406,15,1,1,allocated
493,993,normal,0,0,65535_65535,0,1,3069,1044,0,1,0,23,0,28,1,1,pre_allocation
493,993,normal,0,0,65535_65535,0,1,3069,1089,1,1,1,24,1089,28,1,1,allocated
493,993,normal,0,0,65535_65535,0,4,3069,452,0,1,0,23,0,16,1,1,pre_allocation
493,993,normal,0,0,65535_65535,0,4,3069,472,1,1,1,24,472,16,1,1,allocated
493,993,normal,0,0,65535_65535,0,3,848276,406,0,1,0,23,0,15,1,1,pre_allocation
493,993,normal,0,0,65535_65535,0,3,848276,424,1,1,1,24,424,15,1,1,allocated
493,993,normal,0,0,65535_65535,0,5,785550,406,0,1,0,23,0,15,1,1,pre_allocation
493,993,normal,0,0,65535_65535,0,5,785550,424,1,1,1,24,424,15,1,1,allocated
493,993,normal,0,0,65535_65535,0,1,3069,1089,0,1,0,24,0,28,1,1,pre_allocation
493,993,normal,0,0,65535_65535,0,1,3069,1135,1,1,1,25,1135,28,1,1,allocated
493,993,normal,0,0,65535_65535,1,6,87,0,0,1,0,0,0,28,1,1,pre_allocation
493,993,normal,0,0,65535_65535,1,6,87,42,1,1,1,1,42,28,1,1,allocated
493,993,normal,0,0,65535_65535,1,8,87,0,0,1,0,0,0,28,1,1,pre_allocation
493,993,normal,0,0,65535_65535,1,8,87,42,1,1,1,1,42,28,1,1,allocated
493,993,normal,0,0,65535_65535,1,9,87,0,0,1,0,0,0,28,1,1,pre_allocation
493,993,normal,0,0,65535_65535,1,9,87,42,1,1,1,1,42,28,1,1,allocated
493,993,normal,0,0,65535_65535,1,7,87,0,0,1,0,0,0,26,1,1,pre_allocation
493,993,normal,0,0,65535_65535,1,7,87,39,1,1,1,1,39,26,1,1,allocated
493,993,normal,0,0,65535_65535,1,6,87,42,0,1,0,1,0,28,1,1,pre_allocation
493,993,normal,0,0,65535_65535,1,6,87,88,1,1,1,2,88,28,1,1,allocated
493,993,normal,0,0,65535_65535,1,8,87,42,0,1,0,1,0,28,1,1,pre_allocation
493,993,normal,0,0,65535_65535,1,8,87,88,1,1,1,2,88,28,1,1,allocated
493,993,normal,0,0,65535_65535,1,9,87,42,0,1,0,1,0,28,1,1,pre_allocation
493,993,normal,0,0,65535_65535,1,9,87,88,1,1,1,2,88,28,1,1,allocated
493,993,normal,0,0,65535_65535,1,7,87,39,0,1,0,1,0,26,1,1,pre_allocation
493,993,normal,0,0,65535_65535,1,7,87,81,1,1,1,2,81,26,1,1,allocated
493,993,normal,0,0,65535_65535,1,6,87,88,0,1,0,2,0,28,1,1,pre_allocation
493,993,normal,0,0,65535_65535,1,6,87,133,1,1,1,3,133,28,1,1,allocated
493,993,normal,0,0,65535_65535,1,8,87,88,0,1,0,2,0,28,1,1,pre_allocation
493,993,normal,0,0,65535_65535,1,8,87,133,1,1,1,3,133,28,1,1,allocated
493,993,normal,0,0,65535_65535,1,9,87,88,0,1,0,2,0,28,1,1,pre_allocation
493,993,normal,0,0,65535_65535,1,9,87,133,1,1,1,3,133,28,1,1,allocated
493,993,normal,0,0,65535_65535,1,7,87,81,0,1,0,2,0,26,1,1,pre_allocation
493,993,normal,0,0,65535_65535,1,7,87,123,1,1,1,3,123,26,1,1,allocated
493,993,normal,0,0,65535_65535,1,6,87,133,0,1,0,3,0,28,1,1,pre_allocation
493,993,normal,0,0,65535_65535,1,6,87,179,1,1,1,4,179,28,1,1,allocated
493,993,normal,0,0,65535_65535,1,8,87,133,0,1,0,3,0,28,1,1,pre_allocation
493,993,normal,0,0,65535_65535,1,8,87,179,1,1,1,4,179,28,1,1,allocated
493,993,normal,0,0,65535_65535,1,9,87,133,0,1,0,3,0,28,1,1,pre_allocation
493,993,normal,0,0,65535_65535,1,9,87,179,1,1,1,4,179,28,1,1,allocated
493,993,normal,0,0,65535_65535,1,7,87,123,0,1,0,3,0,26,1,1,pre_allocation
493,993,normal,0,0,65535_65535,1,7,87,165,1,1,1,4,165,26,1,1,allocated
493,993,normal,0,0,65535_65535,1,6,87,179,0,1,0,4,0,28,1,1,pre_allocation
493,993,normal,0,0,65535_65535,1,6,87,224,1,1,1,5,224,28,1,1,allocated
493,993,normal,0,0,65535_65535,1,8,87,179,0,1,0,4,0,28,1,1,pre_allocation
493,993,normal,0,0,65535_65535,1,8,87,224,1,1,1,5,224,28,1,1,allocated
493,993,normal,0,0,65535_65535,1,9,87,179,0,1,0,4,0,28,1,1,pre_allocation
493,993,normal,0,0,65535_65535,1,9,87,224,1,1,1,5,224,28,1,1,allocated
493,993,normal,0,0,65535_65535,1,7,87,165,0,1,0,4,0,26,1,1,pre_allocation
493,993,normal,0,0,65535_65535,1,7,87,207,1,1,1,5,207,26,1,1,allocated
493,993,normal,0,0,65535_65535,1,6,87,224,0,1,0,5,0,28,1,1,pre_allocation
493,993,normal,0,0,65535_65535,1,6,87,270,1,1,1,6,270,28,1,1,allocated
493,993,normal,0,0,65535_65535,1,8,87,224,0,1,0,5,0,28,1,1,pre_allocation
493,993,normal,0,0,65535_65535,1,8,87,270,1,1,1,6,270,28,1,1,allocated
493,993,normal,0,0,65535_65535,1,9,87,224,0,1,0,5,0,28,1,1,pre_allocation
493,993,normal,0,0,65535_65535,1,9,87,270,1,1,1,6,270,28,1,1,allocated
493,993,normal,0,0,65535_65535,1,7,87,207,0,1,0,5,0,26,1,1,pre_allocation
493,993,normal,0,0,65535_65535,1,7,87,249,1,1,1,6,249,26,1,1,allocated
493,993,normal,0,0,65535_65535,1,6,87,270,0,1,0,6,0,28,1,1,pre_allocation
493,993,normal,0,0,65535_65535,1,6,87,315,1,1,1,7,315,28,1,1,allocated
493,993,normal,0,0,65535_65535,1,8,87,270,0,1,0,6,0,28,1,1,pre_allocation
493,993,normal,0,0,65535_65535,1,8,87,315,1,1,1,7,315,28,1,1,allocated
493,993,normal,0,0,65535_65535,1,9,87,270,0,1,0,6,0,28,1,1,pre_allocation
493,993,normal,0,0,65535_65535,1,9,87,315,1,1,1,7,315,28,1,1,allocated
493,993,normal,0,0,65535_65535,1,7,87,249,0,1,0,6,0,26,1,1,pre_allocation
493,993,normal,0,0,65535_65535,1,7,87,291,1,1,1,7,291,26,1,1,allocated
493,993,normal,0,0,65535_65535,1,6,87,315,0,1,0,7,0,28,1,1,pre_allocation
493,993,normal,0,0,65535_65535,1,6,87,361,1,1,1,8,361,28,1,1,allocated
493,993,normal,0,0,65535_65535,1,8,87,315,0,1,0,7,0,28,1,1,pre_allocation
493,993,normal,0,0,65535_65535,1,8,87,361,1,1,1,8,361,28,1,1,allocated
493,993,normal,0,0,65535_65535,1,9,87,315,0,1,0,7,0,28,1,1,pre_allocation
493,993,normal,0,0,65535_65535,1,9,87,361,1,1,1,8,361,28,1,1,allocated
493,993,normal,0,0,65535_65535,1,7,87,291,0,1,0,7,0,26,1,1,pre_allocation
493,993,normal,0,0,65535_65535,1,7,87,333,1,1,1,8,333,26,1,1,allocated
493,993,normal,0,0,65535_65535,1,6,87,361,0,1,0,8,0,28,1,1,pre_allocation
493,993,normal,0,0,65535_65535,1,6,87,406,1,1,1,9,406,28,1,1,allocated
493,993,normal,0,0,65535_65535,1,8,87,361,0,1,0,8,0,28,1,1,pre_allocation
493,993,normal,0,0,65535_65535,1,8,87,406,1,1,1,9,406,28,1,1,allocated
493,993,normal,0,0,65535_65535,1,9,87,361,0,1,0,8,0,28,1,1,pre_allocation
493,993,normal,0,0,65535_65535,1,9,87,406,1,1,1,9,406,28,1,1,allocated
493,993,normal,0,0,65535_65535,1,7,87,333,0,1,0,8,0,26,1,1,pre_allocation
493,993,normal,0,0,65535_65535,1,7,87,375,1,1,1,9,375,26,1,1,allocated
493,993,normal,0,0,65535_65535,1,6,87,406,0,1,0,9,0,28,1,1,pre_allocation
493,993,normal,0,0,65535_65535,1,6,87,452,1,1,1,10,452,28,1,1,allocated
493,993,normal,0,0,65535_65535,1,8,87,406,0,1,0,9,0,28,1,1,pre_allocation
493,993,normal,0,0,65535_65535,1,8,87,452,1,1,1,10,452,28,1,1,allocated
493,993,normal,0,0,65535_65535,1,9,87,406,0,1,0,9,0,28,1,1,pre_allocation
493,993,normal,0,0,65535_65535,1,9,87,452,1,1,1,10,452,28,1,1,allocated
493,993,normal,0,0,65535_65535,1,7,87,375,0,1,0,9,0,26,1,1,pre_allocation
493,993,normal,0,0,65535_65535,1,7,87,417,1,1,1,10,417,26,1,1,allocated
493,993,normal,0,0,65535_65535,1,6,87,452,0,1,0,10,0,28,1,1,pre_allocation
493,993,normal,0,0,65535_65535,1,6,87,497,1,1,1,11,497,28,1,1,allocated
493,993,normal,0,0,65535_65535,1,8,87,452,0,1,0,10,0,28,1,1,pre_allocation
493,993,normal,0,0,65535_65535,1,8,87,497,1,1,1,11,497,28,1,1,allocated
493,993,normal,0,0,65535_65535,1,9,87,452,0,1,0,10,0,28,1,1,pre_allocation
493,993,normal,0,0,65535_65535,1,9,87,497,1,1,1,11,497,28,1,1,allocated
493,993,normal,0,0,65535_65535,1,7,87,417,0,1,0,10,0,26,1,1,pre_allocation
493,993,normal,0,0,65535_65535,1,7,87,459,1,1,1,11,459,26,1,1,allocated
493,993,normal,0,0,65535_65535,1,6,87,497,0,1,0,11,0,28,1,1,pre_allocation
493,993,normal,0,0,65535_65535,1,6,87,543,1,1,1,12,543,28,1,1,allocated
493,993,normal,0,0,65535_65535,1,8,87,497,0,1,0,11,0,28,1,1,pre_allocation
493,993,normal,0,0,65535_65535,1,8,87,543,1,1,1,12,543,28,1,1,allocated
493,993,normal,0,0,65535_65535,1,9,87,497,0,1,0,11,0,28,1,1,pre_allocation
493,993,normal,0,0,65535_65535,1,9,87,543,1,1,1,12,543,28,1,1,allocated
493,993,normal,0,0,65535_65535,1,7,87,459,0,1,0,11,0,26,1,1,pre_allocation
493,993,normal,0,0,65535_65535,1,7,87,501,1,1,1,12,501,26,1,1,allocated
493,993,normal,0,0,65535_65535,1,6,87,543,0,1,0,12,0,28,1,1,pre_allocation
493,993,normal,0,0,65535_65535,1,6,87,589,1,1,1,13,589,28,1,1,allocated
493,993,normal,0,0,65535_65535,1,8,87,543,0,1,0,12,0,28,1,1,pre_allocation
493,993,normal,0,0,65535_65535,1,8,87,589,1,1,1,13,589,28,1,1,allocated
493,993,normal,0,0,65535_65535,1,9,87,543,0,1,0,12,0,28,1,1,pre_allocation
493,993,normal,0,0,65535_65535,1,9,87,589,1,1,1,13,589,28,1,1,allocated
493,993,normal,0,0,65535_65535,1,7,87,501,0,1,0,12,0,26,1,1,pre_allocation
493,993,normal,0,0,65535_65535,1,7,87,543,1,1,1,13,543,26,1,1,allocated
493,993,normal,0,0,65535_65535,1,6,87,589,0,1,0,13,0,28,1,1,pre_allocation
493,993,normal,0,0,65535_65535,1,6,87,634,1,1,1,14,634,28,1,1,allocated
493,993,normal,0,0,65535_65535,1,8,87,589,0,1,0,13,0,28,1,1,pre_allocation
493,993,normal,0,0,65535_65535,1,8,87,634,1,1,1,14,634,28,1,1,allocated
493,993,normal,0,0,65535_65535,1,9,87,589,0,1,0,13,0,28,1,1,pre_allocation
493,993,normal,0,0,65535_65535,1,9,87,634,1,1,1,14,634,28,1,1,allocated
493,993,normal,0,0,65535_65535,1,7,87,543,0,1,0,13,0,26,1,1,pre_allocation
493,993,normal,0,0,65535_65535,1,7,87,586,1,1,1,14,586,26,1,1,allocated
493,993,normal,0,0,65535_65535,1,6,87,634,0,1,0,14,0,28,1,1,pre_allocation
493,993,normal,0,0,65535_65535,1,6,87,680,1,1,1,15,680,28,1,1,allocated
493,993,normal,0,0,65535_65535,1,8,87,634,0,1,0,14,0,28,1,1,pre_allocation
493,993,normal,0,0,65535_65535,1,8,87,680,1,1,1,15,680,28,1,1,allocated
493,993,normal,0,0,65535_65535,1,9,87,634,0,1,0,14,0,28,1,1,pre_allocation
493,993,normal,0,0,65535_65535,1,9,87,680,1,1,1,15,680,28,1,1,allocated
493,993,normal,0,0,65535_65535,1,7,87,586,0,1,0,14,0,26,1,1,pre_allocation
493,993,normal,0,0,65535_65535,1,7,87,628,1,1,1,15,628,26,1,1,allocated
493,993,normal,0,0,65535_65535,1,6,87,680,0,1,0,15,0,28,1,1,pre_allocation
493,993,normal,0,0,65535_65535,1,6,87,725,1,1,1,16,725,28,1,1,allocated
493,993,normal,0,0,65535_65535,1,8,87,680,0,1,0,15,0,28,1,1,pre_allocation
493,993,normal,0,0,65535_65535,1,8,87,725,1,1,1,16,725,28,1,1,allocated
493,993,normal,0,0,65535_65535,1,9,87,680,0,1,0,15,0,28,1,1,pre_allocation
493,993,normal,0,0,65535_65535,1,9,87,725,1,1,1,16,725,28,1,1,allocated
493,993,normal,0,0,65535_65535,1,7,87,628,0,1,0,15,0,26,1,1,pre_allocation
493,993,normal,0,0,65535_65535,1,7,87,670,1,1,1,16,670,26,1,1,allocated
493,993,normal,0,0,65535_65535,1,6,87,725,0,1,0,16,0,28,1,1,pre_allocation
493,993,normal,0,0,65535_65535,1,6,87,771,1,1,1,17,771,28,1,1,allocated
493,993,normal,0,0,65535_65535,1,8,87,725,0,1,0,16,0,28,1,1,pre_allocation
493,993,normal,0,0,65535_65535,1,8,87,771,1,1,1,17,771,28,1,1,allocated
493,993,normal,0,0,65535_65535,1,9,87,725,0,1,0,16,0,28,1,1,pre_allocation
493,993,normal,0,0,65535_65535,1,9,87,771,1,1,1,17,771,28,1,1,allocated
493,993,normal,0,0,65535_65535,1,7,87,670,0,1,0,16,0,26,1,1,pre_allocation
493,993,normal,0,0,65535_65535,1,7,87,712,1,1,1,17,712,26,1,1,allocated
493,993,normal,0,0,65535_65535,1,6,87,771,0,1,0,17,0,28,1,1,pre_allocation
493,993,normal,0,0,65535_65535,1,6,87,816,1,1,1,18,816,28,1,1,allocated
493,993,normal,0,0,65535_65535,1,8,87,771,0,1,0,17,0,28,1,1,pre_allocation
493,993,normal,0,0,65535_65535,1,8,87,816,1,1,1,18,816,28,1,1,allocated
493,993,normal,0,0,65535_65535,1,9,87,771,0,1,0,17,0,28,1,1,pre_allocation
493,993,normal,0,0,65535_65535,1,9,87,816,1,1,1,18,816,28,1,1,allocated
493,993,normal,0,0,65535_65535,1,7,87,712,0,1,0,17,0,26,1,1,pre_allocation
493,993,normal,0,0,65535_65535,1,7,87,754,1,1,1,18,754,26,1,1,allocated
493,993,normal,0,0,65535_65535,1,6,87,816,0,1,0,18,0,28,1,1,pre_allocation
493,993,normal,0,0,65535_65535,1,6,87,862,1,1,1,19,862,28,1,1,allocated
493,993,normal,0,0,65535_65535,1,8,87,816,0,1,0,18,0,28,1,1,pre_allocation
493,993,normal,0,0,65535_65535,1,8,87,862,1,1,1,19,862,28,1,1,allocated
493,993,normal,0,0,65535_65535,1,9,87,816,0,1,0,18,0,28,1,1,pre_allocation
493,993,normal,0,0,65535_65535,1,9,87,862,1,1,1,19,862,28,1,1,allocated
493,993,normal,0,0,65535_65535,1,7,87,754,0,1,0,18,0,26,1,1,pre_allocation
493,993,normal,0,0,65535_65535,1,7,87,796,1,1,1,19,796,26,1,1,allocated
493,993,normal,0,0,65535_65535,1,6,87,862,0,1,0,19,0,28,1,1,pre_allocation
493,993,normal,0,0,65535_65535,1,6,87,907,1,1,1,20,907,28,1,1,allocated
493,993,normal,0,0,65535_65535,1,8,87,862,0,1,0,19,0,28,1,1,pre_allocation
493,993,normal,0,0,65535_65535,1,8,87,907,1,1,1,20,907,28,1,1,allocated
493,993,normal,0,0,65535_65535,1,9,87,862,0,1,0,19,0,28,1,1,pre_allocation
493,993,normal,0,0,65535_65535,1,9,87,907,1,1,1,20,907,28,1,1,allocated
493,993,normal,0,0,65535_65535,1,7,87,796,0,1,0,19,0,26,1,1,pre_allocation
493,993,normal,0,0,65535_65535,1,7,87,838,1,1,1,20,838,26,1,1,allocated
493,993,normal,0,0,65535_65535,2,21,188,0,0,1,0,0,0,15,1,1,pre_allocation
493,993,normal,0,0,65535_65535,2,21,188,14,1,1,1,1,14,15,1,1,allocated
493,993,normal,0,0,65535_65535,2,21,188,14,0,1,0,1,0,15,1,1,pre_allocation
493,993,normal,0,0,65535_65535,2,21,188,32,1,1,1,2,32,15,1,1,allocated
493,993,normal,0,0,65535_65535,2,21,188,32,0,1,0,2,0,15,1,1,pre_allocation
493,993,normal,0,0,65535_65535,2,21,188,50,1,1,1,3,50,15,1,1,allocated
493,993,normal,0,0,65535_65535,2,21,188,50,0,1,0,3,0,15,1,1,pre_allocation
493,993,normal,0,0,65535_65535,2,21,188,68,1,1,1,4,68,15,1,1,allocated
493,993,normal,0,0,65535_65535,2,21,188,68,0,1,0,4,0,15,1,1,pre_allocation
493,993,normal,0,0,65535_65535,2,21,188,86,1,1,1,5,86,15,1,1,allocated
493,993,normal,0,0,65535_65535,2,21,188,86,0,1,0,5,0,15,1,1,pre_allocation
493,993,normal,0,0,65535_65535,2,21,188,103,1,1,1,6,103,15,1,1,allocated
493,993,normal,0,0,65535_65535,2,21,188,103,0,1,0,6,0,15,1,1,pre_allocation
493,993,normal,0,0,65535_65535,2,21,188,121,1,1,1,7,121,15,1,1,allocated
493,993,normal,0,0,65535_65535,2,21,188,121,0,1,0,7,0,15,1,1,pre_allocation
493,993,normal,0,0,65535_65535,2,21,188,139,1,1,1,8,139,15,1,1,allocated
493,993,normal,0,0,65535_65535,2,21,188,139,0,1,0,8,0,15,1,1,pre_allocation
493,993,normal,0,0,65535_65535,2,21,188,157,1,1,1,9,157,15,1,1,allocated
493,993,normal,0,0,65535_65535,2,21,188,157,0,1,0,9,0,15,1,1,pre_allocation
493,993,normal,0,0,65535_65535,2,21,188,175,1,1,1,10,175,15,1,1,allocated
493,993,normal,0,0,65535_65535,2,21,188,175,0,1,0,10,0,15,1,1,pre_allocation
493,993,normal,0,0,65535_65535,2,21,188,193,1,1,1,11,193,15,1,1,allocated
493,993,normal,0,0,65535_65535,2,21,188,193,0,1,0,11,0,15,1,1,pre_allocation
493,993,normal,0,0,65535_65535,2,21,188,210,1,1,1,12,210,15,1,1,allocated
493,993,normal,0,0,65535_65535,2,21,188,210,0,1,0,12,0,15,1,1,pre_allocation
493,993,normal,0,0,65535_65535,2,21,188,228,1,1,1,13,228,15,1,1,allocated
493,993,normal,0,0,65535_65535,2,21,188,228,0,1,0,13,0,15,1,1,pre_allocation
493,993,normal,0,0,65535_65535,2,21,188,246,1,1,1,14,246,15,1,1,allocated
493,993,normal,0,0,65535_65535,2,21,188,246,0,1,0,14,0,15,1,1,pre_allocation
493,993,normal,0,0,65535_65535,2,21,188,264,1,1,1,15,264,15,1,1,allocated
493,993,normal,0,0,65535_65535,2,21,188,264,0,1,0,15,0,15,1,1,pre_allocation
493,993,normal,0,0,65535_65535,2,21,188,282,1,1,1,16,282,15,1,1,allocated
493,993,normal,0,0,65535_65535,2,21,188,282,0,1,0,16,0,15,1,1,pre_allocation
493,993,normal,0,0,65535_65535,2,21,188,299,1,1,1,17,299,15,1,1,allocated
493,993,normal,0,0,65535_65535,2,21,188,299,0,1,0,17,0,15,1,1,pre_allocation
493,993,normal,0,0,65535_65535,2,21,188,317,1,1,1,18,317,15,1,1,allocated
493,993,normal,0,0,65535_65535,2,21,188,317,0,1,0,18,0,15,1,1,pre_allocation
493,993,normal,0,0,65535_65535,2,21,188,335,1,1,1,19,335,15,1,1,allocated
493,993,normal,0,0,65535_65535,2,21,188,335,0,1,0,19,0,15,1,1,pre_allocation
493,993,normal,0,0,65535_65535,2,21,188,353,1,1,1,20,353,15,1,1,allocated
493,993,normal,0,0,65535_65535,2,21,188,353,0,1,0,20,0,15,1,1,pre_allocation
493,993,normal,0,0,65535_65535,2,21,188,371,1,1,1,21,371,15,1,1,allocated
493,993,normal,0,0,65535_65535,2,21,188,371,0,1,0,21,0,15,1,1,pre_allocation
493,993,normal,0,0,65535_65535,2,21,188,389,1,1,1,22,389,15,1,1,allocated
493,993,normal,0,0,65535_65535,2,21,188,389,0,1,0,22,0,15,1,1,pre_allocation
493,993,normal,0,0,65535_65535,2,21,188,406,1,1,1,23,406,15,1,1,allocated
493,993,normal,0,0,65535_65535,2,21,188,406,0,1,0,23,0,15,1,1,pre_allocation
493,993,normal,0,0,65535_65535,2,21,188,424,1,1,1,24,424,15,1,1,allocated
493,993,normal,0,0,65535_65535,2,21,188,424,0,1,0,24,0,15,1,1,pre_allocation
493,993,normal,0,0,65535_65535,2,21,188,442,1,1,1,25,442,15,1,1,allocated
493,993,normal,0,0,65535_65535,2,21,188,442,0,1,0,25,0,15,1,1,pre_allocation
493,993,normal,0,0,65535_65535,2,21,188,460,1,1,1,26,460,15,1,1,allocated
493,993,normal,0,0,65535_65535,2,21,188,460,0,1,0,26,0,15,1,1,pre_allocation
493,993,normal,0,0,65535_65535,2,21,188,478,1,1,1,27,478,15,1,1,allocated
493,993,normal,0,0,65535_65535,2,21,188,478,0,1,0,27,0,15,1,1,pre_allocation
493,993,normal,0,0,65535_65535,2,21,188,495,1,1,1,28,495,15,1,1,allocated
493,993,normal,0,0,65535_65535,2,21,188,495,0,1,0,28,0,15,1,1,pre_allocation
493,993,normal,0,0,65535_65535,2,21,188,513,1,1,1,29,513,15,1,1,allocated
493,993,normal,0,0,65535_65535,2,21,188,513,0,1,0,29,0,15,1,1,pre_allocation
493,993,normal,0,0,65535_65535,2,21,188,531,1,1,1,30,531,15,1,1,allocated
493,993,normal,0,0,65535_65535,2,21,188,531,0,1,0,30,0,15,1,1,pre_allocation
493,993,normal,0,0,65535_65535,2,21,188,549,1,1,1,31,549,15,1,1,allocated
493,993,normal,0,0,65535_65535,2,21,188,549,0,1,0,31,0,15,1,1,pre_allocation
493,993,normal,0,0,65535_65535,2,21,188,567,1,1,1,32,567,15,1,1,allocated
493,993,normal,0,0,65535_65535,2,21,188,567,0,1,0,32,0,15,1,1,pre_allocation
493,993,normal,0,0,65535_65535,2,21,188,585,1,1,1,33,585,15,1,1,allocated
493,993,normal,0,0,65535_65535,2,21,188,585,0,1,0,33,0,15,1,1,pre_allocation
493,993,normal,0,0,65535_65535,2,21,188,602,1,1,1,34,602,15,1,1,allocated
493,993,normal,0,0,65535_65535,2,21,188,602,0,1,0,34,0,15,1,1,pre_allocation
493,993,normal,0,0,65535_65535,2,21,188,620,1,1,1,35,620,15,1,1,allocated
493,993,normal,0,0,65535_65535,2,21,188,620,0,1,0,35,0,15,1,1,pre_allocation
493,993,normal,0,0,65535_65535,2,21,188,638,1,1,1,36,638,15,1,1,allocated
493,993,normal,0,0,65535_65535,2,21,188,638,0,1,0,36,0,15,1,1,pre_allocation
493,993,normal,0,0,65535_65535,2,21,188,656,1,1,1,37,656,15,1,1,allocated
493,993,normal,0,0,65535_65535,2,21,188,656,0,1,0,37,0,15,1,1,pre_allocation
493,993,normal,0,0,65535_65535,2,21,188,674,1,1,1,38,674,15,1,1,allocated
493,993,normal,0,0,65535_65535,2,21,188,674,0,1,0,38,0,15,1,1,pre_allocation
493,993,normal,0,0,65535_65535,2,21,188,691,1,1,1,39,691,15,1,1,allocated
493,993,normal,0,0,65535_65535,2,21,188,691,0,1,0,39,0,15,1,1,pre_allocation
493,993,normal,0,0,65535_65535,2,21,188,709,1,1,1,40,709,15,1,1,allocated
493,993,normal,0,0,65535_65535,2,21,188,709,0,1,0,40,0,15,1,1,pre_allocation
493,993,normal,0,0,65535_65535,2,21,188,727,1,1,1,41,727,15,1,1,allocated
493,993,normal,0,0,65535_65535,2,21,188,727,0,1,0,41,0,15,1,1,pre_allocation
493,993,normal,0,0,65535_65535,2,21,188,745,1,1,1,42,745,15,1,1,allocated
493,993,normal,0,0,65535_65535,2,21,188,745,0,1,0,42,0,15,1,1,pre_allocation
493,993,normal,0,0,65535_65535,2,21,188,763,1,1,1,43,763,15,1,1,allocated
493,993,normal,0,0,65535_65535,2,21,188,763,0,1,0,43,0,15,1,1,pre_allocation
493,993,normal,0,0,65535_65535,2,21,188,781,1,1,1,44,781,15,1,1,allocated
493,993,normal,0,0,65535_65535,2,21,188,781,0,1,0,44,0,15,1,1,pre_allocation
493,993,normal,0,0,65535_65535,2,21,188,798,1,1,1,45,798,15,1,1,allocated
493,993,normal,0,0,65535_65535,2,21,188,798,0,1,0,45,0,15,1,1,pre_allocation
493,993,normal,0,0,65535_65535,2,21,188,816,1,1,1,46,816,15,1,1,allocated
493,993,normal,0,0,65535_65535,2,21,188,816,0,1,0,46,0,15,1,1,pre_allocation
493,993,normal,0,0,65535_65535,2,21,188,834,1,1,1,47,834,15,1,1,allocated
493,993,normal,0,0,65535_65535,2,21,188,834,0,1,0,47,0,15,1,1,pre_allocation
493,993,normal,0,0,65535_65535,2,21,188,852,1,1,1,48,852,15,1,1,allocated
493,993,normal,0,0,65535_65535,2,21,188,852,0,1,0,48,0,15,1,1,pre_allocation
493,993,normal,0,0,65535_65535,2,21,188,870,1,1,1,49,870,15,1,1,allocated
493,993,normal,0,0,65535_65535,2,21,188,870,0,1,0,49,0,15,1,1,pre_allocation
493,993,normal,0,0,65535_65535,2,21,188,888,1,1,1,50,888,15,1,1,allocated
493,993,normal,0,0,65535_65535,2,21,188,888,0,1,0,50,0,15,1,1,pre_allocation
493,993,normal,0,0,65535_65535,2,21,188,905,1,1,1,51,905,15,1,1,allocated
493,993,normal,0,0,65535_65535,2,21,188,905,0,1,0,51,0,15,1,1,pre_allocation
493,993,normal,0,0,65535_65535,2,21,188,923,1,1,1,52,923,15,1,1,allocated
493,993,normal,0,0,65535_65535,2,21,188,923,0,1,0,52,0,15,1,1,pre_allocation
493,993,normal,0,0,65535_65535,2,21,188,941,1,1,1,53,941,15,1,1,allocated
493,993,normal,0,0,65535_65535,2,21,188,941,0,1,0,53,0,15,1,1,pre_allocation
493,993,normal,0,0,65535_65535,2,21,188,959,1,1,1,54,959,15,1,1,allocated
493,993,normal,0,0,65535_65535,2,21,188,959,0,1,0,54,0,15,1,1,pre_allocation
493,993,normal,0,0,65535_65535,2,21,188,977,1,1,1,55,977,15,1,1,allocated
493,993,normal,0,0,65535_65535,2,21,188,977,0,1,0,55,0,15,1,1,pre_allocation
493,993,normal,0,0,65535_65535,2,21,188,994,1,1,1,56,994,15,1,1,allocated
493,993,normal,0,0,65535_65535,2,21,188,994,0,1,0,56,0,15,1,1,pre_allocation
493,993,normal,0,0,65535_65535,2,21,188,1012,1,1,1,57,1012,15,1,1,allocated
493,993,normal,0,0,65535_65535,2,21,188,1012,0,1,0,57,0,15,1,1,pre_allocation
493,993,normal,0,0,65535_65535,2,21,188,1030,1,1,1,58,1030,15,1,1,allocated
493,993,normal,0,0,65535_65535,2,21,188,1030,0,1,0,58,0,15,1,1,pre_allocation
493,993,normal,0,0,65535_65535,2,21,188,1048,1,1,1,59,1048,15,1,1,allocated
493,993,normal,0,0,65535_65535,2,21,188,1048,0,1,0,59,0,15,1,1,pre_allocation
493,993,normal,0,0,65535_65535,2,21,188,1066,1,1,1,60,1066,15,1,1,allocated
493,993,normal,0,0,65535_65535,2,21,188,1066,0,1,0,60,0,15,1,1,pre_allocation
493,993,normal,0,0,65535_65535,2,21,188,1084,1,1,1,61,1084,15,1,1,allocated
493,993,normal,0,0,65535_65535,2,21,188,1084,0,1,0,61,0,15,1,1,pre_allocation
493,993,normal,0,0,65535_65535,2,21,188,1101,1,1,1,62,1101,15,1,1,allocated
493,993,normal,0,0,65535_65535,2,21,188,1101,0,1,0,62,0,15,1,1,pre_allocation
493,993,normal,0,0,65535_65535,2,21,188,1119,1,1,1,63,1119,15,1,1,allocated
493,993,normal,0,0,65535_65535,2,21,188,1119,0,1,0,63,0,15,1,1,pre_allocation
493,993,normal,0,0,65535_65535,2,21,188,1137,1,1,1,64,1137,15,1,1,allocated
493,993,normal,0,0,65535_65535,2,21,188,1137,0,1,0,64,0,15,1,1,pre_allocation
493,993,normal,0,0,65535_65535,2,21,188,1155,1,1,1,65,1155,15,1,1,allocated
493,993,normal,0,0,65535_65535,2,21,188,1155,0,1,0,65,0,15,1,1,pre_allocation
493,993,normal,0,0,65535_65535,2,21,188,1173,1,1,1,66,1173,15,1,1,allocated
493,993,normal,0,0,65535_65535,2,21,188,1173,0,1,0,66,0,15,1,1,pre_allocation
493,993,normal,0,0,65535_65535,2,21,188,1190,1,1,1,67,1190,15,1,1,allocated
493,993,normal,0,0,65535_65535,2,21,188,1190,0,1,0,67,0,15,1,1,pre_allocation
493,993,normal,0,0,65535_65535,2,21,188,1208,1,1,1,68,1208,15,1,1,allocated
493,993,normal,0,0,65535_65535,2,21,188,1208,0,1,0,68,0,15,1,1,pre_allocation
493,993,normal,0,0,65535_65535,2,21,188,1226,1,1,1,69,1226,15,1,1,allocated
493,993,normal,0,0,65535_65535,2,21,188,1226,0,1,0,69,0,15,1,1,pre_allocation
493,993,normal,0,0,65535_65535,2,21,188,1244,1,1,1,70,1244,15,1,1,allocated
493,993,normal,0,0,65535_65535,2,21,188,1244,0,1,0,70,0,15,1,1,pre_allocation
493,993,normal,0,0,65535_65535,2,21,188,1262,1,1,1,71,1262,15,1,1,allocated
493,993,normal,0,0,65535_65535,2,21,188,1262,0,1,0,71,0,15,1,1,pre_allocation
493,993,normal,0,0,65535_65535,2,21,188,1280,1,1,1,72,1280,15,1,1,allocated
493,993,normal,0,0,65535_65535,2,21,188,1280,0,1,0,72,0,15,1,1,pre_allocation
493,993,normal,0,0,65535_65535,2,21,188,1297,1,1,1,73,1297,15,1,1,allocated
493,993,normal,0,0,65535_65535,2,21,188,1297,0,1,0,73,0,15,1,1,pre_allocation
493,993,normal,0,0,65535_65535,2,21,188,1315,1,1,1,74,1315,15,1,1,allocated
493,993,normal,0,0,65535_65535,2,21,188,1315,0,1,0,74,0,15,1,1,pre_allocation
493,993,normal,0,0,65535_65535,2,21,188,1333,1,1,1,75,1333,15,1,1,allocated
493,993,normal,0,0,65535_65535,2,21,188,1333,0,1,0,75,0,15,1,1,pre_allocation
493,993,normal,0,0,65535_65535,2,21,188,1351,1,1,1,76,1351,15,1,1,allocated
493,993,normal,0,0,65535_65535,2,21,188,1351,0,1,0,76,0,15,1,1,pre_allocation
493,993,normal,0,0,65535_65535,2,21,188,1369,1,1,1,77,1369,15,1,1,allocated
493,993,normal,0,0,65535_65535,2,21,188,1369,0,1,0,77,0,15,1,1,pre_allocation
493,993,normal,0,0,65535_65535,2,21,188,1386,1,1,1,78,1386,15,1,1,allocated
493,993,normal,0,0,65535_65535,2,21,188,1386,0,1,0,78,0,15,1,1,pre_allocation
493,993,normal,0,0,65535_65535,2,21,188,1404,1,1,1,79,1404,15,1,1,allocated
493,993,normal,0,0,65535_65535,2,21,188,1404,0,1,0,79,0,15,1,1,pre_allocation
493,993,normal,0,0,65535_65535,2,21,188,1422,1,1,1,80,1422,15,1,1,allocated
493,993,normal,0,0,65535_65535,2,21,188,1422,0,1,0,80,0,15,1,1,pre_allocation
493,993,normal,0,0,65535_65535,2,21,188,1440,1,1,1,81,1440,15,1,1,allocated
493,993,normal,0,0,65535_65535,2,21,188,1440,0,1,0,81,0,15,1,1,pre_allocation
493,993,normal,0,0,65535_65535,2,21,188,1458,1,1,1,82,1458,15,1,1,allocated
493,993,normal,0,0,65535_65535,2,21,188,1458,0,1,0,82,0,15,1,1,pre_allocation
493,993,normal,0,0,65535_65535,2,21,188,1476,1,1,1,83,1476,15,1,1,allocated
493,993,normal,0,0,65535_65535,2,21,188,1476,0,1,0,83,0,15,1,1,pre_allocation
493,993,normal,0,0,65535_65535,2,21,188,1493,1,1,1,84,1493,15,1,1,allocated
493,993,normal,0,0,65535_65535,2,21,188,1493,0,1,0,84,0,15,1,1,pre_allocation
493,993,normal,0,0,65535_65535,2,21,188,1511,1,1,1,85,1511,15,1,1,allocated
493,993,normal,0,0,65535_65535,2,21,188,1511,0,1,0,85,0,15,1,1,pre_allocation
493,993,normal,0,0,65535_65535,2,21,188,1529,1,1,1,86,1529,15,1,1,allocated
493,993,normal,0,0,65535_65535,2,21,188,1529,0,1,0,86,0,15,1,1,pre_allocation
493,993,normal,0,0,65535_65535,2,21,188,1544,1,1,1,87,1544,15,1,1,allocated
493,993,normal,0,0,65535_65535,2,21,188,1544,0,1,0,87,0,15,1,1,pre_allocation
493,993,normal,0,0,65535_65535,2,21,188,1562,1,1,1,88,1562,15,1,1,allocated
493,993,normal,0,0,65535_65535,2,21,188,1562,0,1,0,88,0,15,1,1,pre_allocation
493,993,normal,0,0,65535_65535,2,21,188,1579,1,1,1,89,1579,15,1,1,allocated
604,1091,normal,0,0,65535_65535,0,3,1014792,0,0,1,0,0,0,15,1,1,pre_allocation
604,1091,normal,0,0,65535_65535,0,3,1014792,14,1,1,1,1,14,15,1,1,allocated
604,1091,normal,0,0,65535_65535,0,4,4601,0,0,1,0,0,0,16,1,1,pre_allocation
604,1091,normal,0,0,65535_65535,0,4,4601,16,1,1,1,1,16,16,1,1,allocated
604,1091,normal,0,0,65535_65535,0,1,4601,0,0,1,0,0,0,28,1,1,pre_allocation
604,1091,normal,0,0,65535_65535,0,1,4601,42,1,1,1,1,42,28,1,1,allocated
604,1091,normal,0,0,65535_65535,0,3,1014792,14,0,1,0,1,0,15,1,1,pre_allocation
604,1091,normal,0,0,65535_65535,0,3,1014792,32,1,1,1,2,32,15,1,1,allocated
604,1091,normal,0,0,65535_65535,0,4,4601,16,0,1,0,1,0,16,1,1,pre_allocation
604,1091,normal,0,0,65535_65535,0,4,4601,36,1,1,1,2,36,16,1,1,allocated
604,1091,normal,0,0,65535_65535,0,1,4601,42,0,1,0,1,0,28,1,1,pre_allocation
604,1091,normal,0,0,65535_65535,0,1,4601,88,1,1,1,2,88,28,1,1,allocated
604,1091,normal,0,0,65535_65535,0,3,1014792,32,0,1,0,2,0,15,1,1,pre_allocation
604,1091,normal,0,0,65535_65535,0,3,1014792,50,1,1,1,3,50,15,1,1,allocated
604,1091,normal,0,0,65535_65535,0,4,4601,36,0,1,0,2,0,16,1,1,pre_allocation
604,1091,normal,0,0,65535_65535,0,4,4601,56,1,1,1,3,56,16,1,1,allocated
604,1091,normal,0,0,65535_65535,0,1,4601,88,0,1,0,2,0,28,1,1,pre_allocation
604,1091,normal,0,0,65535_65535,0,1,4601,133,1,1,1,3,133,28,1,1,allocated
604,1091,normal,0,0,65535_65535,0,3,1014792,50,0,1,0,3,0,15,1,1,pre_allocation
604,1091,normal,0,0,65535_65535,0,3,1014792,68,1,1,1,4,68,15,1,1,allocated
604,1091,normal,0,0,65535_65535,0,4,4601,56,0,1,0,3,0,16,1,1,pre_allocation
604,1091,normal,0,0,65535_65535,0,4,4601,76,1,1,1,4,76,16,1,1,allocated
604,1091,normal,0,0,65535_65535,0,1,4601,133,0,1,0,3,0,28,1,1,pre_allocation
604,1091,normal,0,0,65535_65535,0,1,4601,179,1,1,1,4,179,28,1,1,allocated
604,1091,normal,0,0,65535_65535,0,3,1014792,68,0,1,0,4,0,15,1,1,pre_allocation
604,1091,normal,0,0,65535_65535,0,3,1014792,86,1,1,1,5,86,15,1,1,allocated
604,1091,normal,0,0,65535_65535,0,4,4601,76,0,1,0,4,0,16,1,1,pre_allocation
604,1091,normal,0,0,65535_65535,0,4,4601,96,1,1,1,5,96,16,1,1,allocated
604,1091,normal,0,0,65535_65535,0,1,4601,179,0,1,0,4,0,28,1,1,pre_allocation
604,1091,normal,0,0,65535_65535,0,1,4601,224,1,1,1,5,224,28,1,1,allocated
604,1091,normal,0,0,65535_65535,0,3,1014792,86,0,1,0,5,0,15,1,1,pre_allocation
604,1091,normal,0,0,65535_65535,0,3,1014792,103,1,1,1,6,103,15,1,1,allocated
604,1091,normal,0,0,65535_65535,0,4,4601,96,0,1,0,5,0,16,1,1,pre_allocation
604,1091,normal,0,0,65535_65535,0,4,4601,115,1,1,1,6,115,16,1,1,allocated
604,1091,normal,0,0,65535_65535,0,1,4601,224,0,1,0,5,0,28,1,1,pre_allocation
604,1091,normal,0,0,65535_65535,0,1,4601,270,1,1,1,6,270,28,1,1,allocated
604,1091,normal,0,0,65535_65535,0,3,1014792,103,0,1,0,6,0,15,1,1,pre_allocation
604,1091,normal,0,0,65535_65535,0,3,1014792,121,1,1,1,7,121,15,1,1,allocated
604,1091,normal,0,0,65535_65535,0,4,4601,115,0,1,0,6,0,16,1,1,pre_allocation
604,1091,normal,0,0,65535_65535,0,4,4601,135,1,1,1,7,135,16,1,1,allocated
604,1091,normal,0,0,65535_65535,0,1,4601,270,0,1,0,6,0,28,1,1,pre_allocation
604,1091,normal,0,0,65535_65535,0,1,4601,315,1,1,1,7,315,28,1,1,allocated
604,1091,normal,0,0,65535_65535,0,3,1014792,121,0,1,0,7,0,15,1,1,pre_allocation
604,1091,normal,0,0,65535_65535,0,3,1014792,139,1,1,1,8,139,15,1,1,allocated
604,1091,normal,0,0,65535_65535,0,4,4601,135,0,1,0,7,0,16,1,1,pre_allocation
604,1091,normal,0,0,65535_65535,0,4,4601,155,1,1,1,8,155,16,1,1,allocated
604,1091,normal,0,0,65535_65535,0,1,4601,315,0,1,0,7,0,28,1,1,pre_allocation
604,1091,normal,0,0,65535_65535,0,1,4601,361,1,1,1,8,361,28,1,1,allocated
604,1091,normal,0,0,65535_65535,0,3,1014792,139,0,1,0,8,0,15,1,1,pre_allocation
604,1091,normal,0,0,65535_65535,0,3,1014792,157,1,1,1,9,157,15,1,1,allocated
604,1091,normal,0,0,65535_65535,0,4,4601,155,0,1,0,8,0,16,1,1,pre_allocation
604,1091,normal,0,0,65535_65535,0,4,4601,175,1,1,1,9,175,16,1,1,allocated
604,1091,normal,0,0,65535_65535,0,1,4601,361,0,1,0,8,0,28,1,1,pre_allocation
604,1091,normal,0,0,65535_65535,0,1,4601,406,1,1,1,9,406,28,1,1,allocated
604,1091,normal,0,0,65535_65535,0,3,1014792,157,0,1,0,9,0,15,1,1,pre_allocation
604,1091,normal,0,0,65535_65535,0,3,1014792,175,1,1,1,10,175,15,1,1,allocated
604,1091,normal,0,0,65535_65535,0,4,4601,175,0,1,0,9,0,16,1,1,pre_allocation
604,1091,normal,0,0,65535_65535,0,4,4601,195,1,1,1,10,195,16,1,1,allocated
604,1091,normal,0,0,65535_65535,0,1,4601,406,0,1,0,9,0,28,1,1,pre_allocation
604,1091,normal,0,0,65535_65535,0,1,4601,452,1,1,1,10,452,28,1,1,allocated
604,1091,normal,0,0,65535_65535,0,3,1014792,175,0,1,0,10,0,15,1,1,pre_allocation
604,1091,normal,0,0,65535_65535,0,3,1014792,193,1,1,1,11,193,15,1,1,allocated
604,1091,normal,0,0,65535_65535,0,4,4601,195,0,1,0,10,0,16,1,1,pre_allocation
604,1091,normal,0,0,65535_65535,0,4,4601,214,1,1,1,11,214,16,1,1,allocated
604,1091,normal,0,0,65535_65535,0,1,4601,452,0,1,0,10,0,28,1,1,pre_allocation
604,1091,normal,0,0,65535_65535,0,1,4601,497,1,1,1,11,497,28,1,1,allocated
604,1091,normal,0,0,65535_65535,0,3,1014792,193,0,1,0,11,0,15,1,1,pre_allocation
604,1091,normal,0,0,65535_65535,0,3,1014792,210,1,1,1,12,210,15,1,1,allocated
604,1091,normal,0,0,65535_65535,0,4,4601,214,0,1,0,11,0,16,1,1,pre_allocation
604,1091,normal,0,0,65535_65535,0,4,4601,234,1,1,1,12,234,16,1,1,allocated
604,1091,normal,0,0,65535_65535,0,1,4601,497,0,1,0,11,0,28,1,1,pre_allocation
604,1091,normal,0,0,65535_65535,0,1,4601,543,1,1,1,12,543,28,1,1,allocated
604,1091,normal,0,0,65535_65535,0,3,1014792,210,0,1,0,12,0,15,1,1,pre_allocation
604,1091,normal,0,0,65535_65535,0,3,1014792,228,1,1,1,13,228,15,1,1,allocated
604,1091,normal,0,0,65535_65535,0,4,4601,234,0,1,0,12,0,16,1,1,pre_allocation
604,1091,normal,0,0,65535_65535,0,4,4601,254,1,1,1,13,254,16,1,1,allocated
604,1091,normal,0,0,65535_65535,0,1,4601,543,0,1,0,12,0,28,1,1,pre_allocation
604,1091,normal,0,0,65535_65535,0,1,4601,589,1,1,1,13,589,28,1,1,allocated
604,1091,normal,0,0,65535_65535,0,3,1014792,228,0,1,0,13,0,15,1,1,pre_allocation
604,1091,normal,0,0,65535_65535,0,3,1014792,246,1,1,1,14,246,15,1,1,allocated
604,1091,normal,0,0,65535_65535,0,4,4601,254,0,1,0,13,0,16,1,1,pre_allocation
604,1091,normal,0,0,65535_65535,0,4,4601,274,1,1,1,14,274,16,1,1,allocated
604,1091,normal,0,0,65535_65535,0,1,4601,589,0,1,0,13,0,28,1,1,pre_allocation
604,1091,normal,0,0,65535_65535,0,1,4601,634,1,1,1,14,634,28,1,1,allocated
604,1091,normal,0,0,65535_65535,0,3,1014792,246,0,1,0,14,0,15,1,1,pre_allocation
604,1091,normal,0,0,65535_65535,0,3,1014792,264,1,1,1,15,264,15,1,1,allocated
604,1091,normal,0,0,65535_65535,0,4,4601,274,0,1,0,14,0,16,1,1,pre_allocation
604,1091,normal,0,0,65535_65535,0,4,4601,294,1,1,1,15,294,16,1,1,allocated
604,1091,normal,0,0,65535_65535,0,1,4601,634,0,1,0,14,0,28,1,1,pre_allocation
604,1091,normal,0,0,65535_65535,0,1,4601,680,1,1,1,15,680,28,1,1,allocated
604,1091,normal,0,0,65535_65535,0,3,1014792,264,0,1,0,15,0,15,1,1,pre_allocation
604,1091,normal,0,0,65535_65535,0,3,1014792,282,1,1,1,16,282,15,1,1,allocated
604,1091,normal,0,0,65535_65535,0,4,4601,294,0,1,0,15,0,16,1,1,pre_allocation
604,1091,normal,0,0,65535_65535,0,4,4601,313,1,1,1,16,313,16,1,1,allocated
604,1091,normal,0,0,65535_65535,0,1,4601,680,0,1,0,15,0,28,1,1,pre_allocation
604,1091,normal,0,0,65535_65535,0,1,4601,725,1,1,1,16,725,28,1,1,allocated
604,1091,normal,0,0,65535_65535,0,3,1014792,282,0,1,0,16,0,15,1,1,pre_allocation
604,1091,normal,0,0,65535_65535,0,3,1014792,299,1,1,1,17,299,15,1,1,allocated
604,1091,normal,0,0,65535_65535,0,4,4601,313,0,1,0,16,0,16,1,1,pre_allocation
604,1091,normal,0,0,65535_65535,0,4,4601,333,1,1,1,17,333,16,1,1,allocated
604,1091,normal,0,0,65535_65535,0,1,4601,725,0,1,0,16,0,28,1,1,pre_allocation
604,1091,normal,0,0,65535_65535,0,1,4601,771,1,1,1,17,771,28,1,1,allocated
604,1091,normal,0,0,65535_65535,0,3,1014792,299,0,1,0,17,0,15,1,1,pre_allocation
604,1091,normal,0,0,65535_65535,0,3,1014792,317,1,1,1,18,317,15,1,1,allocated
604,1091,normal,0,0,65535_65535,0,4,4601,333,0,1,0,17,0,16,1,1,pre_allocation
604,1091,normal,0,0,65535_65535,0,4,4601,353,1,1,1,18,353,16,1,1,allocated
604,1091,normal,0,0,65535_65535,0,1,4601,771,0,1,0,17,0,28,1,1,pre_allocation
604,1091,normal,0,0,65535_65535,0,1,4601,816,1,1,1,18,816,28,1,1,allocated
604,1091,normal,0,0,65535_65535,0,3,1014792,317,0,1,0,18,0,15,1,1,pre_allocation
604,1091,normal,0,0,65535_65535,0,3,1014792,335,1,1,1,19,335,15,1,1,allocated
604,1091,normal,0,0,65535_65535,0,4,4601,353,0,1,0,18,0,16,1,1,pre_allocation
604,1091,normal,0,0,65535_65535,0,4,4601,373,1,1,1,19,373,16,1,1,allocated
604,1091,normal,0,0,65535_65535,0,1,4601,816,0,1,0,18,0,28,1,1,pre_allocation
604,1091,normal,0,0,65535_65535,0,1,4601,862,1,1,1,19,862,28,1,1,allocated
604,1091,normal,0,0,65535_65535,0,3,1014792,335,0,1,0,19,0,15,1,1,pre_allocation
604,1091,normal,0,0,65535_65535,0,3,1014792,353,1,1,1,20,353,15,1,1,allocated
604,1091,normal,0,0,65535_65535,0,4,4601,373,0,1,0,19,0,16,1,1,pre_allocation
604,1091,normal,0,0,65535_65535,0,4,4601,393,1,1,1,20,393,16,1,1,allocated
604,1091,normal,0,0,65535_65535,0,1,4601,862,0,1,0,19,0,28,1,1,pre_allocation
604,1091,normal,0,0,65535_65535,0,1,4601,907,1,1,1,20,907,28,1,1,allocated
604,1091,normal,0,0,65535_65535,0,3,1014792,353,0,1,0,20,0,15,1,1,pre_allocation
604,1091,normal,0,0,65535_65535,0,3,1014792,371,1,1,1,21,371,15,1,1,allocated
604,1091,normal,0,0,65535_65535,0,4,4601,393,0,1,0,20,0,16,1,1,pre_allocation
604,1091,normal,0,0,65535_65535,0,4,4601,412,1,1,1,21,412,16,1,1,allocated
604,1091,normal,0,0,65535_65535,0,1,4601,907,0,1,0,20,0,28,1,1,pre_allocation
604,1091,normal,0,0,65535_65535,0,1,4601,953,1,1,1,21,953,28,1,1,allocated
604,1091,normal,0,0,65535_65535,0,3,1014792,371,0,1,0,21,0,15,1,1,pre_allocation
604,1091,normal,0,0,65535_65535,0,3,1014792,389,1,1,1,22,389,15,1,1,allocated
604,1091,normal,0,0,65535_65535,0,4,4601,412,0,1,0,21,0,16,1,1,pre_allocation
604,1091,normal,0,0,65535_65535,0,4,4601,432,1,1,1,22,432,16,1,1,allocated
604,1091,normal,0,0,65535_65535,0,1,4601,953,0,1,0,21,0,28,1,1,pre_allocation
604,1091,normal,0,0,65535_65535,0,1,4601,998,1,1,1,22,998,28,1,1,allocated
604,1091,normal,0,0,65535_65535,0,3,1014792,389,0,1,0,22,0,15,1,1,pre_allocation
604,1091,normal,0,0,65535_65535,0,3,1014792,406,1,1,1,23,406,15,1,1,allocated
604,1091,normal,0,0,65535_65535,0,4,4601,432,0,1,0,22,0,16,1,1,pre_allocation
604,1091,normal,0,0,65535_65535,0,4,4601,452,1,1,1,23,452,16,1,1,allocated
604,1091,normal,0,0,65535_65535,0,1,4601,998,0,1,0,22,0,28,1,1,pre_allocation
604,1091,normal,0,0,65535_65535,0,1,4601,1044,1,1,1,23,1044,28,1,1,allocated
604,1091,normal,0,0,65535_65535,0,3,1014792,406,0,1,0,23,0,15,1,1,pre_allocation
604,1091,normal,0,0,65535_65535,0,3,1014792,424,1,1,1,24,424,15,1,1,allocated
604,1091,normal,0,0,65535_65535,0,4,4601,452,0,1,0,23,0,16,1,1,pre_allocation
604,1091,normal,0,0,65535_65535,0,4,4601,472,1,1,1,24,472,16,1,1,allocated
604,1091,normal,0,0,65535_65535,0,1,4601,1044,0,1,0,23,0,28,1,1,pre_allocation
604,1091,normal,0,0,65535_65535,0,1,4601,1089,1,1,1,24,1089,28,1,1,allocated
604,1091,normal,0,0,65535_65535,0,3,1014792,424,0,1,0,24,0,15,1,1,pre_allocation
604,1091,normal,0,0,65535_65535,0,3,1014792,442,1,1,1,25,442,15,1,1,allocated
604,1091,normal,0,0,65535_65535,0,4,4601,472,0,1,0,24,0,16,1,1,pre_allocation
604,1091,normal,0,0,65535_65535,0,4,4601,492,1,1,1,25,492,16,1,1,allocated
604,1091,normal,0,0,65535_65535,0,1,4601,1089,0,1,0,24,0,28,1,1,pre_allocation
604,1091,normal,0,0,65535_65535,0,1,4601,1135,1,1,1,25,1135,28,1,1,allocated
604,1091,normal,0,0,65535_65535,0,3,1014792,442,0,1,0,25,0,15,1,1,pre_allocation
604,1091,normal,0,0,65535_65535,0,3,1014792,460,1,1,1,26,460,15,1,1,allocated
604,1091,normal,0,0,65535_65535,0,4,4601,492,0,1,0,25,0,16,1,1,pre_allocation
604,1091,normal,0,0,65535_65535,0,4,4601,511,1,1,1,26,511,16,1,1,allocated
604,1091,normal,0,0,65535_65535,0,1,4601,1135,0,1,0,25,0,28,1,1,pre_allocation
604,1091,normal,0,0,65535_65535,0,1,4601,1181,1,1,1,26,1181,28,1,1,allocated
604,1091,normal,0,0,65535_65535,0,3,1014792,460,0,1,0,26,0,15,1,1,pre_allocation
604,1091,normal,0,0,65535_65535,0,3,1014792,478,1,1,1,27,478,15,1,1,allocated
604,1091,normal,0,0,65535_65535,0,4,4601,511,0,1,0,26,0,16,1,1,pre_allocation
604,1091,normal,0,0,65535_65535,0,4,4601,531,1,1,1,27,531,16,1,1,allocated
604,1091,normal,0,0,65535_65535,0,1,4601,1181,0,1,0,26,0,28,1,1,pre_allocation
604,1091,normal,0,0,65535_65535,0,1,4601,1226,1,1,1,27,1226,28,1,1,allocated
604,1091,normal,0,0,65535_65535,0,3,1014792,478,0,1,0,27,0,15,1,1,pre_allocation
604,1091,normal,0,0,65535_65535,0,3,1014792,495,1,1,1,28,495,15,1,1,allocated
604,1091,normal,0,0,65535_65535,0,4,4601,531,0,1,0,27,0,16,1,1,pre_allocation
604,1091,normal,0,0,65535_65535,0,4,4601,551,1,1,1,28,551,16,1,1,allocated
604,1091,normal,0,0,65535_65535,0,1,4601,1226,0,1,0,27,0,28,1,1,pre_allocation
604,1091,normal,0,0,65535_65535,0,1,4601,1272,1,1,1,28,1272,28,1,1,allocated
604,1091,normal,0,0,65535_65535,1,7,87,0,0,1,0,0,0,28,1,1,pre_allocation
604,1091,normal,0,0,65535_65535,1,7,87,42,1,1,1,1,42,28,1,1,allocated
604,1091,normal,0,0,65535_65535,1,9,87,0,0,1,0,0,0,28,1,1,pre_allocation
604,1091,normal,0,0,65535_65535,1,9,87,42,1,1,1,1,42,28,1,1,allocated
604,1091,normal,0,0,65535_65535,1,8,87,0,0,1,0,0,0,28,1,1,pre_allocation
604,1091,normal,0,0,65535_65535,1,8,87,42,1,1,1,1,42,28,1,1,allocated
604,1091,normal,0,0,65535_65535,1,6,87,0,0,1,0,0,0,28,1,1,pre_allocation
604,1091,normal,0,0,65535_65535,1,6,87,42,1,1,1,1,42,28,1,1,allocated
604,1091,normal,0,0,65535_65535,1,7,87,42,0,1,0,1,0,28,1,1,pre_allocation
604,1091,normal,0,0,65535_65535,1,7,87,88,1,1,1,2,88,28,1,1,allocated
604,1091,normal,0,0,65535_65535,1,9,87,42,0,1,0,1,0,28,1,1,pre_allocation
604,1091,normal,0,0,65535_65535,1,9,87,88,1,1,1,2,88,28,1,1,allocated
604,1091,normal,0,0,65535_65535,1,8,87,42,0,1,0,1,0,28,1,1,pre_allocation
604,1091,normal,0,0,65535_65535,1,8,87,88,1,1,1,2,88,28,1,1,allocated
604,1091,normal,0,0,65535_65535,1,6,87,42,0,1,0,1,0,28,1,1,pre_allocation
604,1091,normal,0,0,65535_65535,1,6,87,88,1,1,1,2,88,28,1,1,allocated
604,1091,normal,0,0,65535_65535,1,7,87,88,0,1,0,2,0,28,1,1,pre_allocation
604,1091,normal,0,0,65535_65535,1,7,87,133,1,1,1,3,133,28,1,1,allocated
604,1091,normal,0,0,65535_65535,1,9,87,88,0,1,0,2,0,28,1,1,pre_allocation
604,1091,normal,0,0,65535_65535,1,9,87,133,1,1,1,3,133,28,1,1,allocated
604,1091,normal,0,0,65535_65535,1,8,87,88,0,1,0,2,0,28,1,1,pre_allocation
604,1091,normal,0,0,65535_65535,1,8,87,133,1,1,1,3,133,28,1,1,allocated
604,1091,normal,0,0,65535_65535,1,6,87,88,0,1,0,2,0,28,1,1,pre_allocation
604,1091,normal,0,0,65535_65535,1,6,87,133,1,1,1,3,133,28,1,1,allocated
604,1091,normal,0,0,65535_65535,1,7,87,133,0,1,0,3,0,28,1,1,pre_allocation
604,1091,normal,0,0,65535_65535,1,7,87,179,1,1,1,4,179,28,1,1,allocated
604,1091,normal,0,0,65535_65535,1,9,87,133,0,1,0,3,0,28,1,1,pre_allocation
604,1091,normal,0,0,65535_65535,1,9,87,179,1,1,1,4,179,28,1,1,allocated
604,1091,normal,0,0,65535_65535,1,8,87,133,0,1,0,3,0,28,1,1,pre_allocation
604,1091,normal,0,0,65535_65535,1,8,87,179,1,1,1,4,179,28,1,1,allocated
604,1091,normal,0,0,65535_65535,1,6,87,133,0,1,0,3,0,28,1,1,pre_allocation
604,1091,normal,0,0,65535_65535,1,6,87,179,1,1,1,4,179,28,1,1,allocated
604,1091,normal,0,0,65535_65535,1,7,87,179,0,1,0,4,0,28,1,1,pre_allocation
604,1091,normal,0,0,65535_65535,1,7,87,224,1,1,1,5,224,28,1,1,allocated
604,1091,normal,0,0,65535_65535,1,9,87,179,0,1,0,4,0,28,1,1,pre_allocation
604,1091,normal,0,0,65535_65535,1,9,87,224,1,1,1,5,224,28,1,1,allocated
604,1091,normal,0,0,65535_65535,1,8,87,179,0,1,0,4,0,28,1,1,pre_allocation
604,1091,normal,0,0,65535_65535,1,8,87,224,1,1,1,5,224,28,1,1,allocated
604,1091,normal,0,0,65535_65535,1,6,87,179,0,1,0,4,0,28,1,1,pre_allocation
604,1091,normal,0,0,65535_65535,1,6,87,224,1,1,1,5,224,28,1,1,allocated
604,1091,normal,0,0,65535_65535,1,7,87,224,0,1,0,5,0,28,1,1,pre_allocation
604,1091,normal,0,0,65535_65535,1,7,87,270,1,1,1,6,270,28,1,1,allocated
604,1091,normal,0,0,65535_65535,1,9,87,224,0,1,0,5,0,28,1,1,pre_allocation
604,1091,normal,0,0,65535_65535,1,9,87,270,1,1,1,6,270,28,1,1,allocated
604,1091,normal,0,0,65535_65535,1,8,87,224,0,1,0,5,0,28,1,1,pre_allocation
604,1091,normal,0,0,65535_65535,1,8,87,270,1,1,1,6,270,28,1,1,allocated
604,1091,normal,0,0,65535_65535,1,6,87,224,0,1,0,5,0,28,1,1,pre_allocation
604,1091,normal,0,0,65535_65535,1,6,87,270,1,1,1,6,270,28,1,1,allocated
604,1091,normal,0,0,65535_65535,1,7,87,270,0,1,0,6,0,28,1,1,pre_allocation
604,1091,normal,0,0,65535_65535,1,7,87,315,1,1,1,7,315,28,1,1,allocated
604,1091,normal,0,0,65535_65535,1,9,87,270,0,1,0,6,0,28,1,1,pre_allocation
604,1091,normal,0,0,65535_65535,1,9,87,315,1,1,1,7,315,28,1,1,allocated
604,1091,normal,0,0,65535_65535,1,8,87,270,0,1,0,6,0,28,1,1,pre_allocation
604,1091,normal,0,0,65535_65535,1,8,87,315,1,1,1,7,315,28,1,1,allocated
604,1091,normal,0,0,65535_65535,1,6,87,270,0,1,0,6,0,28,1,1,pre_allocation
604,1091,normal,0,0,65535_65535,1,6,87,315,1,1,1,7,315,28,1,1,allocated
604,1091,normal,0,0,65535_65535,1,7,87,315,0,1,0,7,0,28,1,1,pre_allocation
604,1091,normal,0,0,65535_65535,1,7,87,361,1,1,1,8,361,28,1,1,allocated
604,1091,normal,0,0,65535_65535,1,9,87,315,0,1,0,7,0,28,1,1,pre_allocation
604,1091,normal,0,0,65535_65535,1,9,87,361,1,1,1,8,361,28,1,1,allocated
604,1091,normal,0,0,65535_65535,1,8,87,315,0,1,0,7,0,28,1,1,pre_allocation
604,1091,normal,0,0,65535_65535,1,8,87,361,1,1,1,8,361,28,1,1,allocated
604,1091,normal,0,0,65535_65535,1,6,87,315,0,1,0,7,0,28,1,1,pre_allocation
604,1091,normal,0,0,65535_65535,1,6,87,361,1,1,1,8,361,28,1,1,allocated
604,1091,normal,0,0,65535_65535,1,7,87,361,0,1,0,8,0,28,1,1,pre_allocation
604,1091,normal,0,0,65535_65535,1,7,87,406,1,1,1,9,406,28,1,1,allocated
604,1091,normal,0,0,65535_65535,1,9,87,361,0,1,0,8,0,28,1,1,pre_allocation
604,1091,normal,0,0,65535_65535,1,9,87,406,1,1,1,9,406,28,1,1,allocated
604,1091,normal,0,0,65535_65535,1,8,87,361,0,1,0,8,0,28,1,1,pre_allocation
604,1091,normal,0,0,65535_65535,1,8,87,406,1,1,1,9,406,28,1,1,allocated
604,1091,normal,0,0,65535_65535,1,6,87,361,0,1,0,8,0,28,1,1,pre_allocation
604,1091,normal,0,0,65535_65535,1,6,87,406,1,1,1,9,406,28,1,1,allocated
604,1091,normal,0,0,65535_65535,1,7,87,406,0,1,0,9,0,28,1,1,pre_allocation
604,1091,normal,0,0,65535_65535,1,7,87,452,1,1,1,10,452,28,1,1,allocated
604,1091,normal,0,0,65535_65535,1,9,87,406,0,1,0,9,0,28,1,1,pre_allocation
604,1091,normal,0,0,65535_65535,1,9,87,452,1,1,1,10,452,28,1,1,allocated
604,1091,normal,0,0,65535_65535,1,8,87,406,0,1,0,9,0,28,1,1,pre_allocation
604,1091,normal,0,0,65535_65535,1,8,87,452,1,1,1,10,452,28,1,1,allocated
604,1091,normal,0,0,65535_65535,1,6,87,406,0,1,0,9,0,28,1,1,pre_allocation
604,1091,normal,0,0,65535_65535,1,6,87,452,1,1,1,10,452,28,1,1,allocated
604,1091,normal,0,0,65535_65535,1,7,87,452,0,1,0,10,0,28,1,1,pre_allocation
604,1091,normal,0,0,65535_65535,1,7,87,497,1,1,1,11,497,28,1,1,allocated
604,1091,normal,0,0,65535_65535,1,9,87,452,0,1,0,10,0,28,1,1,pre_allocation
604,1091,normal,0,0,65535_65535,1,9,87,497,1,1,1,11,497,28,1,1,allocated
604,1091,normal,0,0,65535_65535,1,8,87,452,0,1,0,10,0,28,1,1,pre_allocation
604,1091,normal,0,0,65535_65535,1,8,87,497,1,1,1,11,497,28,1,1,allocated
604,1091,normal,0,0,65535_65535,1,6,87,452,0,1,0,10,0,28,1,1,pre_allocation
604,1091,normal,0,0,65535_65535,1,6,87,497,1,1,1,11,497,28,1,1,allocated
604,1091,normal,0,0,65535_65535,1,7,87,497,0,1,0,11,0,28,1,1,pre_allocation
604,1091,normal,0,0,65535_65535,1,7,87,543,1,1,1,12,543,28,1,1,allocated
604,1091,normal,0,0,65535_65535,1,9,87,497,0,1,0,11,0,28,1,1,pre_allocation
604,1091,normal,0,0,65535_65535,1,9,87,543,1,1,1,12,543,28,1,1,allocated
604,1091,normal,0,0,65535_65535,1,8,87,497,0,1,0,11,0,28,1,1,pre_allocation
604,1091,normal,0,0,65535_65535,1,8,87,543,1,1,1,12,543,28,1,1,allocated
604,1091,normal,0,0,65535_65535,1,6,87,497,0,1,0,11,0,28,1,1,pre_allocation
604,1091,normal,0,0,65535_65535,1,6,87,543,1,1,1,12,543,28,1,1,allocated
604,1091,normal,0,0,65535_65535,1,7,87,543,0,1,0,12,0,28,1,1,pre_allocation
604,1091,normal,0,0,65535_65535,1,7,87,589,1,1,1,13,589,28,1,1,allocated
604,1091,normal,0,0,65535_65535,1,9,87,543,0,1,0,12,0,28,1,1,pre_allocation
604,1091,normal,0,0,65535_65535,1,9,87,589,1,1,1,13,589,28,1,1,allocated
604,1091,normal,0,0,65535_65535,1,8,87,543,0,1,0,12,0,28,1,1,pre_allocation
604,1091,normal,0,0,65535_65535,1,8,87,589,1,1,1,13,589,28,1,1,allocated
604,1091,normal,0,0,65535_65535,1,6,87,543,0,1,0,12,0,28,1,1,pre_allocation
604,1091,normal,0,0,65535_65535,1,6,87,589,1,1,1,13,589,28,1,1,allocated
604,1091,normal,0,0,65535_65535,1,7,87,589,0,1,0,13,0,28,1,1,pre_allocation
604,1091,normal,0,0,65535_65535,1,7,87,634,1,1,1,14,634,28,1,1,allocated
604,1091,normal,0,0,65535_65535,1,9,87,589,0,1,0,13,0,28,1,1,pre_allocation
604,1091,normal,0,0,65535_65535,1,9,87,634,1,1,1,14,634,28,1,1,allocated
604,1091,normal,0,0,65535_65535,1,8,87,589,0,1,0,13,0,28,1,1,pre_allocation
604,1091,normal,0,0,65535_65535,1,8,87,634,1,1,1,14,634,28,1,1,allocated
604,1091,normal,0,0,65535_65535,1,6,87,589,0,1,0,13,0,28,1,1,pre_allocation
604,1091,normal,0,0,65535_65535,1,6,87,634,1,1,1,14,634,28,1,1,allocated
604,1091,normal,0,0,65535_65535,1,7,87,634,0,1,0,14,0,28,1,1,pre_allocation
604,1091,normal,0,0,65535_65535,1,7,87,680,1,1,1,15,680,28,1,1,allocated
604,1091,normal,0,0,65535_65535,1,9,87,634,0,1,0,14,0,28,1,1,pre_allocation
604,1091,normal,0,0,65535_65535,1,9,87,680,1,1,1,15,680,28,1,1,allocated
604,1091,normal,0,0,65535_65535,1,8,87,634,0,1,0,14,0,28,1,1,pre_allocation
604,1091,normal,0,0,65535_65535,1,8,87,680,1,1,1,15,680,28,1,1,allocated
604,1091,normal,0,0,65535_65535,1,6,87,634,0,1,0,14,0,28,1,1,pre_allocation
604,1091,normal,0,0,65535_65535,1,6,87,680,1,1,1,15,680,28,1,1,allocated
604,1091,normal,0,0,65535_65535,1,7,87,680,0,1,0,15,0,28,1,1,pre_allocation
604,1091,normal,0,0,65535_65535,1,7,87,725,1,1,1,16,725,28,1,1,allocated
604,1091,normal,0,0,65535_65535,1,9,87,680,0,1,0,15,0,28,1,1,pre_allocation
604,1091,normal,0,0,65535_65535,1,9,87,725,1,1,1,16,725,28,1,1,allocated
604,1091,normal,0,0,65535_65535,1,8,87,680,0,1,0,15,0,28,1,1,pre_allocation
604,1091,normal,0,0,65535_65535,1,8,87,725,1,1,1,16,725,28,1,1,allocated
604,1091,normal,0,0,65535_65535,1,6,87,680,0,1,0,15,0,28,1,1,pre_allocation
604,1091,normal,0,0,65535_65535,1,6,87,725,1,1,1,16,725,28,1,1,allocated
604,1091,normal,0,0,65535_65535,1,7,87,725,0,1,0,16,0,28,1,1,pre_allocation
604,1091,normal,0,0,65535_65535,1,7,87,771,1,1,1,17,771,28,1,1,allocated
604,1091,normal,0,0,65535_65535,1,9,87,725,0,1,0,16,0,28,1,1,pre_allocation
604,1091,normal,0,0,65535_65535,1,9,87,771,1,1,1,17,771,28,1,1,allocated
604,1091,normal,0,0,65535_65535,1,8,87,725,0,1,0,16,0,28,1,1,pre_allocation
604,1091,normal,0,0,65535_65535,1,8,87,771,1,1,1,17,771,28,1,1,allocated
604,1091,normal,0,0,65535_65535,1,6,87,725,0,1,0,16,0,28,1,1,pre_allocation
604,1091,normal,0,0,65535_65535,1,6,87,771,1,1,1,17,771,28,1,1,allocated
604,1091,normal,0,0,65535_65535,1,7,87,771,0,1,0,17,0,28,1,1,pre_allocation
604,1091,normal,0,0,65535_65535,1,7,87,816,1,1,1,18,816,28,1,1,allocated
604,1091,normal,0,0,65535_65535,1,9,87,771,0,1,0,17,0,28,1,1,pre_allocation
604,1091,normal,0,0,65535_65535,1,9,87,816,1,1,1,18,816,28,1,1,allocated
604,1091,normal,0,0,65535_65535,1,8,87,771,0,1,0,17,0,28,1,1,pre_allocation
604,1091,normal,0,0,65535_65535,1,8,87,816,1,1,1,18,816,28,1,1,allocated
604,1091,normal,0,0,65535_65535,1,6,87,771,0,1,0,17,0,28,1,1,pre_allocation
604,1091,normal,0,0,65535_65535,1,6,87,816,1,1,1,18,816,28,1,1,allocated
604,1091,normal,0,0,65535_65535,1,7,87,816,0,1,0,18,0,28,1,1,pre_allocation
604,1091,normal,0,0,65535_65535,1,7,87,862,1,1,1,19,862,28,1,1,allocated
604,1091,normal,0,0,65535_65535,1,9,87,816,0,1,0,18,0,28,1,1,pre_allocation
604,1091,normal,0,0,65535_65535,1,9,87,862,1,1,1,19,862,28,1,1,allocated
604,1091,normal,0,0,65535_65535,1,8,87,816,0,1,0,18,0,28,1,1,pre_allocation
604,1091,normal,0,0,65535_65535,1,8,87,862,1,1,1,19,862,28,1,1,allocated
604,1091,normal,0,0,65535_65535,1,6,87,816,0,1,0,18,0,28,1,1,pre_allocation
604,1091,normal,0,0,65535_65535,1,6,87,862,1,1,1,19,862,28,1,1,allocated
604,1091,normal,0,0,65535_65535,1,7,87,862,0,1,0,19,0,28,1,1,pre_allocation
604,1091,normal,0,0,65535_65535,1,7,87,907,1,1,1,20,907,28,1,1,allocated
604,1091,normal,0,0,65535_65535,1,9,87,862,0,1,0,19,0,28,1,1,pre_allocation
604,1091,normal,0,0,65535_65535,1,9,87,907,1,1,1,20,907,28,1,1,allocated
604,1091,normal,0,0,65535_65535,1,8,87,862,0,1,0,19,0,28,1,1,pre_allocation
604,1091,normal,0,0,65535_65535,1,8,87,907,1,1,1,20,907,28,1,1,allocated
604,1091,normal,0,0,65535_65535,1,6,87,862,0,1,0,19,0,28,1,1,pre_allocation
604,1091,normal,0,0,65535_65535,1,6,87,907,1,1,1,20,907,28,1,1,allocated
604,1091,normal,0,0,65535_65535,1,7,87,907,0,1,0,20,0,28,1,1,pre_allocation
604,1091,normal,0,0,65535_65535,1,7,87,953,1,1,1,21,953,28,1,1,allocated
604,1091,normal,0,0,65535_65535,1,9,87,907,0,1,0,20,0,28,1,1,pre_allocation
604,1091,normal,0,0,65535_65535,1,9,87,953,1,1,1,21,953,28,1,1,allocated
604,1091,normal,0,0,65535_65535,1,8,87,907,0,1,0,20,0,28,1,1,pre_allocation
604,1091,normal,0,0,65535_65535,1,8,87,953,1,1,1,21,953,28,1,1,allocated
604,1091,normal,0,0,65535_65535,1,6,87,907,0,1,0,20,0,28,1,1,pre_allocation
604,1091,normal,0,0,65535_65535,1,6,87,953,1,1,1,21,953,28,1,1,allocated
604,1091,normal,0,0,65535_65535,1,7,87,953,0,1,0,21,0,28,1,1,pre_allocation
604,1091,normal,0,0,65535_65535,1,7,87,998,1,1,1,22,998,28,1,1,allocated
604,1091,normal,0,0,65535_65535,1,9,87,953,0,1,0,21,0,28,1,1,pre_allocation
604,1091,normal,0,0,65535_65535,1,9,87,998,1,1,1,22,998,28,1,1,allocated
604,1091,normal,0,0,65535_65535,1,8,87,953,0,1,0,21,0,28,1,1,pre_allocation
604,1091,normal,0,0,65535_65535,1,8,87,998,1,1,1,22,998,28,1,1,allocated
604,1091,normal,0,0,65535_65535,1,6,87,953,0,1,0,21,0,28,1,1,pre_allocation
604,1091,normal,0,0,65535_65535,1,6,87,998,1,1,1,22,998,28,1,1,allocated
604,1091,normal,0,0,65535_65535,1,7,87,998,0,1,0,22,0,28,1,1,pre_allocation
604,1091,normal,0,0,65535_65535,1,7,87,1044,1,1,1,23,1044,28,1,1,allocated
604,1091,normal,0,0,65535_65535,1,9,87,998,0,1,0,22,0,28,1,1,pre_allocation
604,1091,normal,0,0,65535_65535,1,9,87,1044,1,1,1,23,1044,28,1,1,allocated
604,1091,normal,0,0,65535_65535,1,8,87,998,0,1,0,22,0,28,1,1,pre_allocation
604,1091,normal,0,0,65535_65535,1,8,87,1044,1,1,1,23,1044,28,1,1,allocated
604,1091,normal,0,0,65535_65535,1,6,87,998,0,1,0,22,0,28,1,1,pre_allocation
604,1091,normal,0,0,65535_65535,1,6,87,1044,1,1,1,23,1044,28,1,1,allocated
604,1091,normal,0,0,65535_65535,1,7,87,1044,0,1,0,23,0,28,1,1,pre_allocation
604,1091,normal,0,0,65535_65535,1,7,87,1089,1,1,1,24,1089,28,1,1,allocated
604,1091,normal,0,0,65535_65535,1,9,87,1044,0,1,0,23,0,28,1,1,pre_allocation
604,1091,normal,0,0,65535_65535,1,9,87,1089,1,1,1,24,1089,28,1,1,allocated
604,1091,normal,0,0,65535_65535,1,8,87,1044,0,1,0,23,0,28,1,1,pre_allocation
604,1091,normal,0,0,65535_65535,1,8,87,1089,1,1,1,24,1089,28,1,1,allocated
604,1091,normal,0,0,65535_65535,1,6,87,1044,0,1,0,23,0,28,1,1,pre_allocation
604,1091,normal,0,0,65535_65535,1,6,87,1089,1,1,1,24,1089,28,1,1,allocated
604,1091,normal,0,0,65535_65535,1,7,87,1089,0,1,0,24,0,28,1,1,pre_allocation
604,1091,normal,0,0,65535_65535,1,7,87,1135,1,1,1,25,1135,28,1,1,allocated
604,1091,normal,0,0,65535_65535,1,9,87,1089,0,1,0,24,0,28,1,1,pre_allocation
604,1091,normal,0,0,65535_65535,1,9,87,1135,1,1,1,25,1135,28,1,1,allocated
604,1091,normal,0,0,65535_65535,1,8,87,1089,0,1,0,24,0,28,1,1,pre_allocation
604,1091,normal,0,0,65535_65535,1,8,87,1135,1,1,1,25,1135,28,1,1,allocated
604,1091,normal,0,0,65535_65535,1,6,87,1089,0,1,0,24,0,28,1,1,pre_allocation
604,1091,normal,0,0,65535_65535,1,6,87,1135,1,1,1,25,1135,28,1,1,allocated
604,1091,normal,0,0,65535_65535,1,7,87,1135,0,1,0,25,0,28,1,1,pre_allocation
604,1091,normal,0,0,65535_65535,1,7,87,1181,1,1,1,26,1181,28,1,1,allocated
604,1091,normal,0,0,65535_65535,1,9,87,1135,0,1,0,25,0,28,1,1,pre_allocation
604,1091,normal,0,0,65535_65535,1,9,87,1181,1,1,1,26,1181,28,1,1,allocated
604,1091,normal,0,0,65535_65535,1,8,87,1135,0,1,0,25,0,28,1,1,pre_allocation
604,1091,normal,0,0,65535_65535,1,8,87,1181,1,1,1,26,1181,28,1,1,allocated
604,1091,normal,0,0,65535_65535,1,6,87,1135,0,1,0,25,0,28,1,1,pre_allocation
604,1091,normal,0,0,65535_65535,1,6,87,1181,1,1,1,26,1181,28,1,1,allocated
604,1091,normal,0,0,65535_65535,1,7,87,1181,0,1,0,26,0,28,1,1,pre_allocation
604,1091,normal,0,0,65535_65535,1,7,87,1226,1,1,1,27,1226,28,1,1,allocated
604,1091,normal,0,0,65535_65535,1,9,87,1181,0,1,0,26,0,28,1,1,pre_allocation
604,1091,normal,0,0,65535_65535,1,9,87,1226,1,1,1,27,1226,28,1,1,allocated
604,1091,normal,0,0,65535_65535,1,8,87,1181,0,1,0,26,0,28,1,1,pre_allocation
604,1091,normal,0,0,65535_65535,1,8,87,1226,1,1,1,27,1226,28,1,1,allocated
604,1091,normal,0,0,65535_65535,1,6,87,1181,0,1,0,26,0,28,1,1,pre_allocation
604,1091,normal,0,0,65535_65535,1,6,87,1226,1,1,1,27,1226,28,1,1,allocated
604,1091,normal,0,0,65535_65535,1,7,87,1226,0,1,0,27,0,28,1,1,pre_allocation
604,1091,normal,0,0,65535_65535,1,7,87,1272,1,1,1,28,1272,28,1,1,allocated
604,1091,normal,0,0,65535_65535,1,9,87,1226,0,1,0,27,0,28,1,1,pre_allocation
604,1091,normal,0,0,65535_65535,1,9,87,1272,1,1,1,28,1272,28,1,1,allocated
604,1091,normal,0,0,65535_65535,1,8,87,1226,0,1,0,27,0,28,1,1,pre_allocation
604,1091,normal,0,0,65535_65535,1,8,87,1272,1,1,1,28,1272,28,1,1,allocated
604,1091,normal,0,0,65535_65535,1,6,87,1226,0,1,0,27,0,28,1,1,pre_allocation
604,1091,normal,0,0,65535_65535,1,6,87,1272,1,1,1,28,1272,28,1,1,allocated
604,1091,normal,0,0,65535_65535,1,7,87,1272,0,1,0,28,0,28,1,1,pre_allocation
604,1091,normal,0,0,65535_65535,1,7,87,1317,1,1,1,29,1317,28,1,1,allocated
604,1091,normal,0,0,65535_65535,1,9,87,1272,0,1,0,28,0,28,1,1,pre_allocation
604,1091,normal,0,0,65535_65535,1,9,87,1317,1,1,1,29,1317,28,1,1,allocated
604,1091,normal,0,0,65535_65535,1,8,87,1272,0,1,0,28,0,28,1,1,pre_allocation
604,1091,normal,0,0,65535_65535,1,8,87,1317,1,1,1,29,1317,28,1,1,allocated
604,1091,normal,0,0,65535_65535,1,6,87,1272,0,1,0,28,0,28,1,1,pre_allocation
604,1091,normal,0,0,65535_65535,1,6,87,1317,1,1,1,29,1317,28,1,1,allocated
604,1091,normal,0,0,65535_65535,1,7,87,1317,0,1,0,29,0,28,1,1,pre_allocation
604,1091,normal,0,0,65535_65535,1,7,87,1363,1,1,1,30,1363,28,1,1,allocated
604,1091,normal,0,0,65535_65535,1,9,87,1317,0,1,0,29,0,28,1,1,pre_allocation
604,1091,normal,0,0,65535_65535,1,9,87,1363,1,1,1,30,1363,28,1,1,allocated
604,1091,normal,0,0,65535_65535,1,8,87,1317,0,1,0,29,0,28,1,1,pre_allocation
604,1091,normal,0,0,65535_65535,1,8,87,1363,1,1,1,30,1363,28,1,1,allocated
604,1091,normal,0,0,65535_65535,1,6,87,1317,0,1,0,29,0,28,1,1,pre_allocation
604,1091,normal,0,0,65535_65535,1,6,87,1363,1,1,1,30,1363,28,1,1,allocated
604,1091,normal,0,0,65535_65535,2,11,137,0,0,1,0,0,0,26,1,1,pre_allocation
604,1091,normal,0,0,65535_65535,2,11,137,39,1,1,1,1,39,26,1,1,allocated
604,1091,normal,0,0,65535_65535,2,21,137,0,0,1,0,0,0,15,1,1,pre_allocation
604,1091,normal,0,0,65535_65535,2,21,137,14,1,1,1,1,14,15,1,1,allocated
604,1091,normal,0,0,65535_65535,2,12,137,0,0,1,0,0,0,28,1,1,pre_allocation
604,1091,normal,0,0,65535_65535,2,12,137,42,1,1,1,1,42,28,1,1,allocated
604,1091,normal,0,0,65535_65535,2,26,137,0,0,1,0,0,0,28,1,1,pre_allocation
604,1091,normal,0,0,65535_65535,2,26,137,42,1,1,1,1,42,28,1,1,allocated
604,1091,normal,0,0,65535_65535,2,27,137,0,0,1,0,0,0,28,1,1,pre_allocation
604,1091,normal,0,0,65535_65535,2,27,137,42,1,1,1,1,42,28,1,1,allocated
604,1091,normal,0,0,65535_65535,2,13,137,0,0,1,0,0,0,15,1,1,pre_allocation
604,1091,normal,0,0,65535_65535,2,13,137,14,1,1,1,1,14,15,1,1,allocated
604,1091,normal,0,0,65535_65535,2,11,137,39,0,1,0,1,0,26,1,1,pre_allocation
604,1091,normal,0,0,65535_65535,2,11,137,81,1,1,1,2,81,26,1,1,allocated
604,1091,normal,0,0,65535_65535,2,21,137,14,0,1,0,1,0,15,1,1,pre_allocation
604,1091,normal,0,0,65535_65535,2,21,137,32,1,1,1,2,32,15,1,1,allocated
604,1091,normal,0,0,65535_65535,2,12,137,42,0,1,0,1,0,28,1,1,pre_allocation
604,1091,normal,0,0,65535_65535,2,12,137,88,1,1,1,2,88,28,1,1,allocated
604,1091,normal,0,0,65535_65535,2,26,137,42,0,1,0,1,0,28,1,1,pre_allocation
604,1091,normal,0,0,65535_65535,2,26,137,88,1,1,1,2,88,28,1,1,allocated
604,1091,normal,0,0,65535_65535,2,27,137,42,0,1,0,1,0,28,1,1,pre_allocation
604,1091,normal,0,0,65535_65535,2,27,137,88,1,1,1,2,88,28,1,1,allocated
604,1091,normal,0,0,65535_65535,2,13,137,14,0,1,0,1,0,15,1,1,pre_allocation
604,1091,normal,0,0,65535_65535,2,13,137,32,1,1,1,2,32,15,1,1,allocated
604,1091,normal,0,0,65535_65535,2,11,137,81,0,1,0,2,0,26,1,1,pre_allocation
604,1091,normal,0,0,65535_65535,2,11,137,123,1,1,1,3,123,26,1,1,allocated
604,1091,normal,0,0,65535_65535,2,21,137,32,0,1,0,2,0,15,1,1,pre_allocation
604,1091,normal,0,0,65535_65535,2,21,137,50,1,1,1,3,50,15,1,1,allocated
604,1091,normal,0,0,65535_65535,2,12,137,88,0,1,0,2,0,28,1,1,pre_allocation
604,1091,normal,0,0,65535_65535,2,12,137,133,1,1,1,3,133,28,1,1,allocated
604,1091,normal,0,0,65535_65535,2,26,137,88,0,1,0,2,0,28,1,1,pre_allocation
604,1091,normal,0,0,65535_65535,2,26,137,133,1,1,1,3,133,28,1,1,allocated
604,1091,normal,0,0,65535_65535,2,27,137,88,0,1,0,2,0,28,1,1,pre_allocation
604,1091,normal,0,0,65535_65535,2,27,137,133,1,1,1,3,133,28,1,1,allocated
604,1091,normal,0,0,65535_65535,2,13,137,32,0,1,0,2,0,15,1,1,pre_allocation
604,1091,normal,0,0,65535_65535,2,13,137,50,1,1,1,3,50,15,1,1,allocated
604,1091,normal,0,0,65535_65535,2,11,137,123,0,1,0,3,0,26,1,1,pre_allocation
604,1091,normal,0,0,65535_65535,2,11,137,165,1,1,1,4,165,26,1,1,allocated
604,1091,normal,0,0,65535_65535,2,21,137,50,0,1,0,3,0,15,1,1,pre_allocation
604,1091,normal,0,0,65535_65535,2,21,137,68,1,1,1,4,68,15,1,1,allocated
604,1091,normal,0,0,65535_65535,2,12,137,133,0,1,0,3,0,28,1,1,pre_allocation
604,1091,normal,0,0,65535_65535,2,12,137,179,1,1,1,4,179,28,1,1,allocated
604,1091,normal,0,0,65535_65535,2,26,137,133,0,1,0,3,0,28,1,1,pre_allocation
604,1091,normal,0,0,65535_65535,2,26,137,179,1,1,1,4,179,28,1,1,allocated
604,1091,normal,0,0,65535_65535,2,27,137,133,0,1,0,3,0,28,1,1,pre_allocation
604,1091,normal,0,0,65535_65535,2,27,137,179,1,1,1,4,179,28,1,1,allocated
604,1091,normal,0,0,65535_65535,2,13,137,50,0,1,0,3,0,15,1,1,pre_allocation
604,1091,normal,0,0,65535_65535,2,13,137,68,1,1,1,4,68,15,1,1,allocated
604,1091,normal,0,0,65535_65535,2,11,137,165,0,1,0,4,0,26,1,1,pre_allocation
604,1091,normal,0,0,65535_65535,2,11,137,207,1,1,1,5,207,26,1,1,allocated
604,1091,normal,0,0,65535_65535,2,21,137,68,0,1,0,4,0,15,1,1,pre_allocation
604,1091,normal,0,0,65535_65535,2,21,137,86,1,1,1,5,86,15,1,1,allocated
604,1091,normal,0,0,65535_65535,2,12,137,179,0,1,0,4,0,28,1,1,pre_allocation
604,1091,normal,0,0,65535_65535,2,12,137,224,1,1,1,5,224,28,1,1,allocated
604,1091,normal,0,0,65535_65535,2,26,137,179,0,1,0,4,0,28,1,1,pre_allocation
604,1091,normal,0,0,65535_65535,2,26,137,224,1,1,1,5,224,28,1,1,allocated
604,1091,normal,0,0,65535_65535,2,27,137,179,0,1,0,4,0,28,1,1,pre_allocation
604,1091,normal,0,0,65535_65535,2,27,137,224,1,1,1,5,224,28,1,1,allocated
604,1091,normal,0,0,65535_65535,2,13,137,68,0,1,0,4,0,15,1,1,pre_allocation
604,1091,normal,0,0,65535_65535,2,13,137,86,1,1,1,5,86,15,1,1,allocated
604,1091,normal,0,0,65535_65535,2,11,137,207,0,1,0,5,0,26,1,1,pre_allocation
604,1091,normal,0,0,65535_65535,2,11,137,249,1,1,1,6,249,26,1,1,allocated
604,1091,normal,0,0,65535_65535,2,21,137,86,0,1,0,5,0,15,1,1,pre_allocation
604,1091,normal,0,0,65535_65535,2,21,137,103,1,1,1,6,103,15,1,1,allocated
604,1091,normal,0,0,65535_65535,2,12,137,224,0,1,0,5,0,28,1,1,pre_allocation
604,1091,normal,0,0,65535_65535,2,12,137,270,1,1,1,6,270,28,1,1,allocated
604,1091,normal,0,0,65535_65535,2,26,137,224,0,1,0,5,0,28,1,1,pre_allocation
604,1091,normal,0,0,65535_65535,2,26,137,270,1,1,1,6,270,28,1,1,allocated
604,1091,normal,0,0,65535_65535,2,27,137,224,0,1,0,5,0,28,1,1,pre_allocation
604,1091,normal,0,0,65535_65535,2,27,137,270,1,1,1,6,270,28,1,1,allocated
604,1091,normal,0,0,65535_65535,2,13,137,86,0,1,0,5,0,15,1,1,pre_allocation
604,1091,normal,0,0,65535_65535,2,13,137,103,1,1,1,6,103,15,1,1,allocated
604,1091,normal,0,0,65535_65535,2,11,137,249,0,1,0,6,0,26,1,1,pre_allocation
604,1091,normal,0,0,65535_65535,2,11,137,291,1,1,1,7,291,26,1,1,allocated
604,1091,normal,0,0,65535_65535,2,21,137,103,0,1,0,6,0,15,1,1,pre_allocation
604,1091,normal,0,0,65535_65535,2,21,137,121,1,1,1,7,121,15,1,1,allocated
604,1091,normal,0,0,65535_65535,2,12,137,270,0,1,0,6,0,28,1,1,pre_allocation
604,1091,normal,0,0,65535_65535,2,12,137,315,1,1,1,7,315,28,1,1,allocated
604,1091,normal,0,0,65535_65535,2,26,137,270,0,1,0,6,0,28,1,1,pre_allocation
604,1091,normal,0,0,65535_65535,2,26,137,315,1,1,1,7,315,28,1,1,allocated
604,1091,normal,0,0,65535_65535,2,27,137,270,0,1,0,6,0,28,1,1,pre_allocation
604,1091,normal,0,0,65535_65535,2,27,137,315,1,1,1,7,315,28,1,1,allocated
604,1091,normal,0,0,65535_65535,2,13,137,103,0,1,0,6,0,15,1,1,pre_allocation
604,1091,normal,0,0,65535_65535,2,13,137,121,1,1,1,7,121,15,1,1,allocated
604,1091,normal,0,0,65535_65535,2,11,137,291,0,1,0,7,0,26,1,1,pre_allocation
604,1091,normal,0,0,65535_65535,2,11,137,333,1,1,1,8,333,26,1,1,allocated
604,1091,normal,0,0,65535_65535,2,21,137,121,0,1,0,7,0,15,1,1,pre_allocation
604,1091,normal,0,0,65535_65535,2,21,137,139,1,1,1,8,139,15,1,1,allocated
604,1091,normal,0,0,65535_65535,2,12,137,315,0,1,0,7,0,28,1,1,pre_allocation
604,1091,normal,0,0,65535_65535,2,12,137,361,1,1,1,8,361,28,1,1,allocated
604,1091,normal,0,0,65535_65535,2,26,137,315,0,1,0,7,0,28,1,1,pre_allocation
604,1091,normal,0,0,65535_65535,2,26,137,361,1,1,1,8,361,28,1,1,allocated
604,1091,normal,0,0,65535_65535,2,27,137,315,0,1,0,7,0,28,1,1,pre_allocation
604,1091,normal,0,0,65535_65535,2,27,137,361,1,1,1,8,361,28,1,1,allocated
604,1091,normal,0,0,65535_65535,2,13,137,121,0,1,0,7,0,15,1,1,pre_allocation
604,1091,normal,0,0,65535_65535,2,13,137,139,1,1,1,8,139,15,1,1,allocated
604,1091,normal,0,0,65535_65535,2,11,137,333,0,1,0,8,0,26,1,1,pre_allocation
604,1091,normal,0,0,65535_65535,2,11,137,375,1,1,1,9,375,26,1,1,allocated
604,1091,normal,0,0,65535_65535,2,21,137,139,0,1,0,8,0,15,1,1,pre_allocation
604,1091,normal,0,0,65535_65535,2,21,137,157,1,1,1,9,157,15,1,1,allocated
604,1091,normal,0,0,65535_65535,2,12,137,361,0,1,0,8,0,28,1,1,pre_allocation
604,1091,normal,0,0,65535_65535,2,12,137,406,1,1,1,9,406,28,1,1,allocated
604,1091,normal,0,0,65535_65535,2,26,137,361,0,1,0,8,0,28,1,1,pre_allocation
604,1091,normal,0,0,65535_65535,2,26,137,406,1,1,1,9,406,28,1,1,allocated
604,1091,normal,0,0,65535_65535,2,27,137,361,0,1,0,8,0,28,1,1,pre_allocation
604,1091,normal,0,0,65535_65535,2,27,137,406,1,1,1,9,406,28,1,1,allocated
604,1091,normal,0,0,65535_65535,2,13,137,139,0,1,0,8,0,15,1,1,pre_allocation
604,1091,normal,0,0,65535_65535,2,13,137,157,1,1,1,9,157,15,1,1,allocated
604,1091,normal,0,0,65535_65535,2,11,137,375,0,1,0,9,0,26,1,1,pre_allocation
604,1091,normal,0,0,65535_65535,2,11,137,417,1,1,1,10,417,26,1,1,allocated
604,1091,normal,0,0,65535_65535,2,21,137,157,0,1,0,9,0,15,1,1,pre_allocation
604,1091,normal,0,0,65535_65535,2,21,137,175,1,1,1,10,175,15,1,1,allocated
604,1091,normal,0,0,65535_65535,2,12,137,406,0,1,0,9,0,28,1,1,pre_allocation
604,1091,normal,0,0,65535_65535,2,12,137,452,1,1,1,10,452,28,1,1,allocated
604,1091,normal,0,0,65535_65535,2,26,137,406,0,1,0,9,0,28,1,1,pre_allocation
604,1091,normal,0,0,65535_65535,2,26,137,452,1,1,1,10,452,28,1,1,allocated
604,1091,normal,0,0,65535_65535,2,27,137,406,0,1,0,9,0,28,1,1,pre_allocation
604,1091,normal,0,0,65535_65535,2,27,137,452,1,1,1,10,452,28,1,1,allocated
604,1091,normal,0,0,65535_65535,2,13,137,157,0,1,0,9,0,15,1,1,pre_allocation
604,1091,normal,0,0,65535_65535,2,13,137,175,1,1,1,10,175,15,1,1,allocated
604,1091,normal,0,0,65535_65535,2,11,137,417,0,1,0,10,0,26,1,1,pre_allocation
604,1091,normal,0,0,65535_65535,2,11,137,459,1,1,1,11,459,26,1,1,allocated
604,1091,normal,0,0,65535_65535,2,21,137,175,0,1,0,10,0,15,1,1,pre_allocation
604,1091,normal,0,0,65535_65535,2,21,137,193,1,1,1,11,193,15,1,1,allocated
716,1189,normal,0,0,65535_65535,0,1,3069,0,0,1,0,0,0,28,1,1,pre_allocation
716,1189,normal,0,0,65535_65535,0,1,3069,42,1,1,1,1,42,28,1,1,allocated
716,1189,normal,0,0,65535_65535,0,4,3069,0,0,1,0,0,0,16,1,1,pre_allocation
716,1189,normal,0,0,65535_65535,0,4,3069,16,1,1,1,1,16,16,1,1,allocated
716,1189,normal,0,0,65535_65535,0,1,3069,42,0,1,0,1,0,28,1,1,pre_allocation
716,1189,normal,0,0,65535_65535,0,1,3069,88,1,1,1,2,88,28,1,1,allocated
716,1189,normal,0,0,65535_65535,0,4,3069,16,0,1,0,1,0,16,1,1,pre_allocation
716,1189,normal,0,0,65535_65535,0,4,3069,36,1,1,1,2,36,16,1,1,allocated
716,1189,normal,0,0,65535_65535,0,1,3069,88,0,1,0,2,0,28,1,1,pre_allocation
716,1189,normal,0,0,65535_65535,0,1,3069,133,1,1,1,3,133,28,1,1,allocated
716,1189,normal,0,0,65535_65535,0,4,3069,36,0,1,0,2,0,16,1,1,pre_allocation
716,1189,normal,0,0,65535_65535,0,4,3069,56,1,1,1,3,56,16,1,1,allocated
716,1189,normal,0,0,65535_65535,0,1,3069,133,0,1,0,3,0,28,1,1,pre_allocation
716,1189,normal,0,0,65535_65535,0,1,3069,179,1,1,1,4,179,28,1,1,allocated
716,1189,normal,0,0,65535_65535,0,4,3069,56,0,1,0,3,0,16,1,1,pre_allocation
716,1189,normal,0,0,65535_65535,0,4,3069,76,1,1,1,4,76,16,1,1,allocated
716,1189,normal,0,0,65535_65535,0,1,3069,179,0,1,0,4,0,28,1,1,pre_allocation
716,1189,normal,0,0,65535_65535,0,1,3069,224,1,1,1,5,224,28,1,1,allocated
716,1189,normal,0,0,65535_65535,0,4,3069,76,0,1,0,4,0,16,1,1,pre_allocation
716,1189,normal,0,0,65535_65535,0,4,3069,96,1,1,1,5,96,16,1,1,allocated
716,1189,normal,0,0,65535_65535,0,1,3069,224,0,1,0,5,0,28,1,1,pre_allocation
716,1189,normal,0,0,65535_65535,0,1,3069,270,1,1,1,6,270,28,1,1,allocated
716,1189,normal,0,0,65535_65535,0,4,3069,96,0,1,0,5,0,16,1,1,pre_allocation
716,1189,normal,0,0,65535_65535,0,4,3069,115,1,1,1,6,115,16,1,1,allocated
716,1189,normal,0,0,65535_65535,0,1,3069,270,0,1,0,6,0,28,1,1,pre_allocation
716,1189,normal,0,0,65535_65535,0,1,3069,315,1,1,1,7,315,28,1,1,allocated
716,1189,normal,0,0,65535_65535,0,4,3069,115,0,1,0,6,0,16,1,1,pre_allocation
716,1189,normal,0,0,65535_65535,0,4,3069,135,1,1,1,7,135,16,1,1,allocated
716,1189,normal,0,0,65535_65535,0,1,3069,315,0,1,0,7,0,28,1,1,pre_allocation
716,1189,normal,0,0,65535_65535,0,1,3069,361,1,1,1,8,361,28,1,1,allocated
716,1189,normal,0,0,65535_65535,0,4,3069,135,0,1,0,7,0,16,1,1,pre_allocation
716,1189,normal,0,0,65535_65535,0,4,3069,155,1,1,1,8,155,16,1,1,allocated
716,1189,normal,0,0,65535_65535,0,1,3069,361,0,1,0,8,0,28,1,1,pre_allocation
716,1189,normal,0,0,65535_65535,0,1,3069,406,1,1,1,9,406,28,1,1,allocated
716,1189,normal,0,0,65535_65535,0,4,3069,155,0,1,0,8,0,16,1,1,pre_allocation
716,1189,normal,0,0,65535_65535,0,4,3069,175,1,1,1,9,175,16,1,1,allocated
716,1189,normal,0,0,65535_65535,0,1,3069,406,0,1,0,9,0,28,1,1,pre_allocation
716,1189,normal,0,0,65535_65535,0,1,3069,452,1,1,1,10,452,28,1,1,allocated
716,1189,normal,0,0,65535_65535,0,4,3069,175,0,1,0,9,0,16,1,1,pre_allocation
716,1189,normal,0,0,65535_65535,0,4,3069,195,1,1,1,10,195,16,1,1,allocated
716,1189,normal,0,0,65535_65535,0,1,3069,452,0,1,0,10,0,28,1,1,pre_allocation
716,1189,normal,0,0,65535_65535,0,1,3069,497,1,1,1,11,497,28,1,1,allocated
716,1189,normal,0,0,65535_65535,0,4,3069,195,0,1,0,10,0,16,1,1,pre_allocation
716,1189,normal,0,0,65535_65535,0,4,3069,214,1,1,1,11,214,16,1,1,allocated
716,1189,normal,0,0,65535_65535,0,1,3069,497,0,1,0,11,0,28,1,1,pre_allocation
716,1189,normal,0,0,65535_65535,0,1,3069,543,1,1,1,12,543,28,1,1,allocated
716,1189,normal,0,0,65535_65535,0,4,3069,214,0,1,0,11,0,16,1,1,pre_allocation
716,1189,normal,0,0,65535_65535,0,4,3069,234,1,1,1,12,234,16,1,1,allocated
716,1189,normal,0,0,65535_65535,0,1,3069,543,0,1,0,12,0,28,1,1,pre_allocation
716,1189,normal,0,0,65535_65535,0,1,3069,589,1,1,1,13,589,28,1,1,allocated
716,1189,normal,0,0,65535_65535,0,4,3069,234,0,1,0,12,0,16,1,1,pre_allocation
716,1189,normal,0,0,65535_65535,0,4,3069,254,1,1,1,13,254,16,1,1,allocated
716,1189,normal,0,0,65535_65535,0,1,3069,589,0,1,0,13,0,28,1,1,pre_allocation
716,1189,normal,0,0,65535_65535,0,1,3069,634,1,1,1,14,634,28,1,1,allocated
716,1189,normal,0,0,65535_65535,0,4,3069,254,0,1,0,13,0,16,1,1,pre_allocation
716,1189,normal,0,0,65535_65535,0,4,3069,274,1,1,1,14,274,16,1,1,allocated
716,1189,normal,0,0,65535_65535,0,1,3069,634,0,1,0,14,0,28,1,1,pre_allocation
716,1189,normal,0,0,65535_65535,0,1,3069,680,1,1,1,15,680,28,1,1,allocated
716,1189,normal,0,0,65535_65535,0,4,3069,274,0,1,0,14,0,16,1,1,pre_allocation
716,1189,normal,0,0,65535_65535,0,4,3069,294,1,1,1,15,294,16,1,1,allocated
716,1189,normal,0,0,65535_65535,0,1,3069,680,0,1,0,15,0,28,1,1,pre_allocation
716,1189,normal,0,0,65535_65535,0,1,3069,725,1,1,1,16,725,28,1,1,allocated
716,1189,normal,0,0,65535_65535,0,4,3069,294,0,1,0,15,0,16,1,1,pre_allocation
716,1189,normal,0,0,65535_65535,0,4,3069,313,1,1,1,16,313,16,1,1,allocated
716,1189,normal,0,0,65535_65535,0,1,3069,725,0,1,0,16,0,28,1,1,pre_allocation
716,1189,normal,0,0,65535_65535,0,1,3069,771,1,1,1,17,771,28,1,1,allocated
716,1189,normal,0,0,65535_65535,0,4,3069,313,0,1,0,16,0,16,1,1,pre_allocation
716,1189,normal,0,0,65535_65535,0,4,3069,333,1,1,1,17,333,16,1,1,allocated
716,1189,normal,0,0,65535_65535,0,1,3069,771,0,1,0,17,0,28,1,1,pre_allocation
716,1189,normal,0,0,65535_65535,0,1,3069,816,1,1,1,18,816,28,1,1,allocated
716,1189,normal,0,0,65535_65535,0,4,3069,333,0,1,0,17,0,16,1,1,pre_allocation
716,1189,normal,0,0,65535_65535,0,4,3069,353,1,1,1,18,353,16,1,1,allocated
716,1189,normal,0,0,65535_65535,0,1,3069,816,0,1,0,18,0,28,1,1,pre_allocation
716,1189,normal,0,0,65535_65535,0,1,3069,862,1,1,1,19,862,28,1,1,allocated
716,1189,normal,0,0,65535_65535,0,4,3069,353,0,1,0,18,0,16,1,1,pre_allocation
716,1189,normal,0,0,65535_65535,0,4,3069,373,1,1,1,19,373,16,1,1,allocated
716,1189,normal,0,0,65535_65535,0,1,3069,862,0,1,0,19,0,28,1,1,pre_allocation
716,1189,normal,0,0,65535_65535,0,1,3069,907,1,1,1,20,907,28,1,1,allocated
716,1189,normal,0,0,65535_65535,0,4,3069,373,0,1,0,19,0,16,1,1,pre_allocation
716,1189,normal,0,0,65535_65535,0,4,3069,393,1,1,1,20,393,16,1,1,allocated
716,1189,normal,0,0,65535_65535,0,1,3069,907,0,1,0,20,0,28,1,1,pre_allocation
716,1189,normal,0,0,65535_65535,0,1,3069,953,1,1,1,21,953,28,1,1,allocated
716,1189,normal,0,0,65535_65535,0,4,3069,393,0,1,0,20,0,16,1,1,pre_allocation
716,1189,normal,0,0,65535_65535,0,4,3069,412,1,1,1,21,412,16,1,1,allocated
716,1189,normal,0,0,65535_65535,0,1,3069,953,0,1,0,21,0,28,1,1,pre_allocation
716,1189,normal,0,0,65535_65535,0,1,3069,998,1,1,1,22,998,28,1,1,allocated
716,1189,normal,0,0,65535_65535,0,4,3069,412,0,1,0,21,0,16,1,1,pre_allocation
716,1189,normal,0,0,65535_65535,0,4,3069,432,1,1,1,22,432,16,1,1,allocated
716,1189,normal,0,0,65535_65535,0,1,3069,998,0,1,0,22,0,28,1,1,pre_allocation
716,1189,normal,0,0,65535_65535,0,1,3069,1044,1,1,1,23,1044,28,1,1,allocated
716,1189,normal,0,0,65535_65535,0,4,3069,432,0,1,0,22,0,16,1,1,pre_allocation
716,1189,normal,0,0,65535_65535,0,4,3069,452,1,1,1,23,452,16,1,1,allocated
716,1189,normal,0,0,65535_65535,0,1,3069,1044,0,1,0,23,0,28,1,1,pre_allocation
716,1189,normal,0,0,65535_65535,0,1,3069,1089,1,1,1,24,1089,28,1,1,allocated
716,1189,normal,0,0,65535_65535,0,4,3069,452,0,1,0,23,0,16,1,1,pre_allocation
716,1189,normal,0,0,65535_65535,0,4,3069,472,1,1,1,24,472,16,1,1,allocated
716,1189,normal,0,0,65535_65535,0,1,3069,1089,0,1,0,24,0,28,1,1,pre_allocation
716,1189,normal,0,0,65535_65535,0,1,3069,1135,1,1,1,25,1135,28,1,1,allocated
716,1189,normal,0,0,65535_65535,0,4,3069,472,0,1,0,24,0,16,1,1,pre_allocation
716,1189,normal,0,0,65535_65535,0,4,3069,492,1,1,1,25,492,16,1,1,allocated
716,1189,normal,0,0,65535_65535,0,1,3069,1135,0,1,0,25,0,28,1,1,pre_allocation
716,1189,normal,0,0,65535_65535,0,1,3069,1181,1,1,1,26,1181,28,1,1,allocated
716,1189,normal,0,0,65535_65535,0,4,3069,492,0,1,0,25,0,16,1,1,pre_allocation
716,1189,normal,0,0,65535_65535,0,4,3069,511,1,1,1,26,511,16,1,1,allocated
716,1189,normal,0,0,65535_65535,0,1,3069,1181,0,1,0,26,0,28,1,1,pre_allocation
716,1189,normal,0,0,65535_65535,0,1,3069,1226,1,1,1,27,1226,28,1,1,allocated
716,1189,normal,0,0,65535_65535,0,4,3069,511,0,1,0,26,0,16,1,1,pre_allocation
716,1189,normal,0,0,65535_65535,0,4,3069,531,1,1,1,27,531,16,1,1,allocated
716,1189,normal,0,0,65535_65535,0,1,3069,1226,0,1,0,27,0,28,1,1,pre_allocation
716,1189,normal,0,0,65535_65535,0,1,3069,1272,1,1,1,28,1272,28,1,1,allocated
716,1189,normal,0,0,65535_65535,0,4,3069,531,0,1,0,27,0,16,1,1,pre_allocation
716,1189,normal,0,0,65535_65535,0,4,3069,551,1,1,1,28,551,16,1,1,allocated
716,1189,normal,0,0,65535_65535,0,1,3069,1272,0,1,0,28,0,28,1,1,pre_allocation
716,1189,normal,0,0,65535_65535,0,1,3069,1317,1,1,1,29,1317,28,1,1,allocated
716,1189,normal,0,0,65535_65535,0,4,3069,551,0,1,0,28,0,16,1,1,pre_allocation
716,1189,normal,0,0,65535_65535,0,4,3069,571,1,1,1,29,571,16,1,1,allocated
716,1189,normal,0,0,65535_65535,0,1,3069,1317,0,1,0,29,0,28,1,1,pre_allocation
716,1189,normal,0,0,65535_65535,0,1,3069,1363,1,1,1,30,1363,28,1,1,allocated
716,1189,normal,0,0,65535_65535,0,4,3069,571,0,1,0,29,0,16,1,1,pre_allocation
716,1189,normal,0,0,65535_65535,0,4,3069,591,1,1,1,30,591,16,1,1,allocated
716,1189,normal,0,0,65535_65535,0,1,3069,1363,0,1,0,30,0,28,1,1,pre_allocation
716,1189,normal,0,0,65535_65535,0,1,3069,1408,1,1,1,31,1408,28,1,1,allocated
716,1189,normal,0,0,65535_65535,0,4,3069,591,0,1,0,30,0,16,1,1,pre_allocation
716,1189,normal,0,0,65535_65535,0,4,3069,610,1,1,1,31,610,16,1,1,allocated
716,1189,normal,0,0,65535_65535,0,1,3069,1408,0,1,0,31,0,28,1,1,pre_allocation
716,1189,normal,0,0,65535_65535,0,1,3069,1454,1,1,1,32,1454,28,1,1,allocated
716,1189,normal,0,0,65535_65535,0,4,3069,610,0,1,0,31,0,16,1,1,pre_allocation
716,1189,normal,0,0,65535_65535,0,4,3069,630,1,1,1,32,630,16,1,1,allocated
716,1189,normal,0,0,65535_65535,0,1,3069,1454,0,1,0,32,0,28,1,1,pre_allocation
716,1189,normal,0,0,65535_65535,0,1,3069,1499,1,1,1,33,1499,28,1,1,allocated
716,1189,normal,0,0,65535_65535,0,4,3069,630,0,1,0,32,0,16,1,1,pre_allocation
716,1189,normal,0,0,65535_65535,0,4,3069,650,1,1,1,33,650,16,1,1,allocated
716,1189,normal,0,0,65535_65535,0,1,3069,1499,0,1,0,33,0,28,1,1,pre_allocation
716,1189,normal,0,0,65535_65535,0,1,3069,1542,1,1,1,34,1542,28,1,1,allocated
716,1189,normal,0,0,65535_65535,0,4,3069,650,0,1,0,33,0,16,1,1,pre_allocation
716,1189,normal,0,0,65535_65535,0,4,3069,670,1,1,1,34,670,16,1,1,allocated
716,1189,normal,0,0,65535_65535,0,1,3069,1542,0,1,0,34,0,28,1,1,pre_allocation
716,1189,normal,0,0,65535_65535,0,1,3069,1587,1,1,1,35,1587,28,1,1,allocated
716,1189,normal,0,0,65535_65535,0,4,3069,670,0,1,0,34,0,16,1,1,pre_allocation
716,1189,normal,0,0,65535_65535,0,4,3069,690,1,1,1,35,690,16,1,1,allocated
716,1189,normal,0,0,65535_65535,0,1,3069,1587,0,1,0,35,0,28,1,1,pre_allocation
716,1189,normal,0,0,65535_65535,0,1,3069,1633,1,1,1,36,1633,28,1,1,allocated
716,1189,normal,0,0,65535_65535,0,4,3069,690,0,1,0,35,0,16,1,1,pre_allocation
716,1189,normal,0,0,65535_65535,0,4,3069,709,1,1,1,36,709,16,1,1,allocated
716,1189,normal,0,0,65535_65535,0,1,3069,1633,0,1,0,36,0,28,1,1,pre_allocation
716,1189,normal,0,0,65535_65535,0,1,3069,1678,1,1,1,37,1678,28,1,1,allocated
716,1189,normal,0,0,65535_65535,0,4,3069,709,0,1,0,36,0,16,1,1,pre_allocation
716,1189,normal,0,0,65535_65535,0,4,3069,729,1,1,1,37,729,16,1,1,allocated
716,1189,normal,0,0,65535_65535,0,1,3069,1678,0,1,0,37,0,28,1,1,pre_allocation
716,1189,normal,0,0,65535_65535,0,1,3069,1724,1,1,1,38,1724,28,1,1,allocated
716,1189,normal,0,0,65535_65535,0,4,3069,729,0,1,0,37,0,16,1,1,pre_allocation
716,1189,normal,0,0,65535_65535,0,4,3069,749,1,1,1,38,749,16,1,1,allocated
716,1189,normal,0,0,65535_65535,0,1,3069,1724,0,1,0,38,0,28,1,1,pre_allocation
716,1189,normal,0,0,65535_65535,0,1,3069,1770,1,1,1,39,1770,28,1,1,allocated
716,1189,normal,0,0,65535_65535,0,4,3069,749,0,1,0,38,0,16,1,1,pre_allocation
716,1189,normal,0,0,65535_65535,0,4,3069,769,1,1,1,39,769,16,1,1,allocated
716,1189,normal,0,0,65535_65535,0,1,3069,1770,0,1,0,39,0,28,1,1,pre_allocation
716,1189,normal,0,0,65535_65535,0,1,3069,1815,1,1,1,40,1815,28,1,1,allocated
716,1189,normal,0,0,65535_65535,0,4,3069,769,0,1,0,39,0,16,1,1,pre_allocation
716,1189,normal,0,0,65535_65535,0,4,3069,789,1,1,1,40,789,16,1,1,allocated
716,1189,normal,0,0,65535_65535,0,1,3069,1815,0,1,0,40,0,28,1,1,pre_allocation
716,1189,normal,0,0,65535_65535,0,1,3069,1861,1,1,1,41,1861,28,1,1,allocated
716,1189,normal,0,0,65535_65535,0,4,3069,789,0,1,0,40,0,16,1,1,pre_allocation
716,1189,normal,0,0,65535_65535,0,4,3069,808,1,1,1,41,808,16,1,1,allocated
716,1189,normal,0,0,65535_65535,0,1,3069,1861,0,1,0,41,0,28,1,1,pre_allocation
716,1189,normal,0,0,65535_65535,0,1,3069,1906,1,1,1,42,1906,28,1,1,allocated
716,1189,normal,0,0,65535_65535,0,4,3069,808,0,1,0,41,0,16,1,1,pre_allocation
716,1189,normal,0,0,65535_65535,0,4,3069,828,1,1,1,42,828,16,1,1,allocated
716,1189,normal,0,0,65535_65535,0,1,3069,1906,0,1,0,42,0,28,1,1,pre_allocation
716,1189,normal,0,0,65535_65535,0,1,3069,1952,1,1,1,43,1952,28,1,1,allocated
716,1189,normal,0,0,65535_65535,0,4,3069,828,0,1,0,42,0,16,1,1,pre_allocation
716,1189,normal,0,0,65535_65535,0,4,3069,848,1,1,1,43,848,16,1,1,allocated
716,1189,normal,0,0,65535_65535,0,1,3069,1952,0,1,0,43,0,28,1,1,pre_allocation
716,1189,normal,0,0,65535_65535,0,1,3069,1997,1,1,1,44,1997,28,1,1,allocated
716,1189,normal,0,0,65535_65535,0,4,3069,848,0,1,0,43,0,16,1,1,pre_allocation
716,1189,normal,0,0,65535_65535,0,4,3069,868,1,1,1,44,868,16,1,1,allocated
716,1189,normal,0,0,65535_65535,0,1,3069,1997,0,1,0,44,0,28,1,1,pre_allocation
716,1189,normal,0,0,65535_65535,0,1,3069,2043,1,1,1,45,2043,28,1,1,allocated
716,1189,normal,0,0,65535_65535,0,4,3069,868,0,1,0,44,0,16,1,1,pre_allocation
716,1189,normal,0,0,65535_65535,0,4,3069,888,1,1,1,45,888,16,1,1,allocated
716,1189,normal,0,0,65535_65535,0,1,3069,2043,0,1,0,45,0,28,1,1,pre_allocation
716,1189,normal,0,0,65535_65535,0,1,3069,2088,1,1,1,46,2088,28,1,1,allocated
716,1189,normal,0,0,65535_65535,0,4,3069,888,0,1,0,45,0,16,1,1,pre_allocation
716,1189,normal,0,0,65535_65535,0,4,3069,907,1,1,1,46,907,16,1,1,allocated
716,1189,normal,0,0,65535_65535,0,1,3069,2088,0,1,0,46,0,28,1,1,pre_allocation
716,1189,normal,0,0,65535_65535,0,1,3069,2134,1,1,1,47,2134,28,1,1,allocated
716,1189,normal,0,0,65535_65535,0,4,3069,907,0,1,0,46,0,16,1,1,pre_allocation
716,1189,normal,0,0,65535_65535,0,4,3069,927,1,1,1,47,927,16,1,1,allocated
716,1189,normal,0,0,65535_65535,0,1,3069,2134,0,1,0,47,0,28,1,1,pre_allocation
716,1189,normal,0,0,65535_65535,0,1,3069,2179,1,1,1,48,2179,28,1,1,allocated
716,1189,normal,0,0,65535_65535,0,4,3069,927,0,1,0,47,0,16,1,1,pre_allocation
716,1189,normal,0,0,65535_65535,0,4,3069,947,1,1,1,48,947,16,1,1,allocated
716,1189,normal,0,0,65535_65535,0,1,3069,2179,0,1,0,48,0,28,1,1,pre_allocation
716,1189,normal,0,0,65535_65535,0,1,3069,2225,1,1,1,49,2225,28,1,1,allocated
716,1189,normal,0,0,65535_65535,0,4,3069,947,0,1,0,48,0,16,1,1,pre_allocation
716,1189,normal,0,0,65535_65535,0,4,3069,967,1,1,1,49,967,16,1,1,allocated
716,1189,normal,0,0,65535_65535,0,1,3069,2225,0,1,0,49,0,28,1,1,pre_allocation
716,1189,normal,0,0,65535_65535,0,1,3069,2271,1,1,1,50,2271,28,1,1,allocated
716,1189,normal,0,0,65535_65535,0,4,3069,967,0,1,0,49,0,16,1,1,pre_allocation
716,1189,normal,0,0,65535_65535,0,4,3069,987,1,1,1,50,987,16,1,1,allocated
716,1189,normal,0,0,65535_65535,0,1,3069,2271,0,1,0,50,0,28,1,1,pre_allocation
716,1189,normal,0,0,65535_65535,0,1,3069,2313,1,1,1,51,2313,28,1,1,allocated
716,1189,normal,0,0,65535_65535,0,4,3069,987,0,1,0,50,0,16,1,1,pre_allocation
716,1189,normal,0,0,65535_65535,0,4,3069,1006,1,1,1,51,1006,16,1,1,allocated
716,1189,normal,0,0,65535_65535,0,1,3069,2313,0,1,0,51,0,28,1,1,pre_allocation
716,1189,normal,0,0,65535_65535,0,1,3069,2359,1,1,1,52,2359,28,1,1,allocated
716,1189,normal,0,0,65535_65535,0,4,3069,1006,0,1,0,51,0,16,1,1,pre_allocation
716,1189,normal,0,0,65535_65535,0,4,3069,1026,1,1,1,52,1026,16,1,1,allocated
716,1189,normal,0,0,65535_65535,0,1,3069,2359,0,1,0,52,0,28,1,1,pre_allocation
716,1189,normal,0,0,65535_65535,0,1,3069,2404,1,1,1,53,2404,28,1,1,allocated
716,1189,normal,0,0,65535_65535,0,4,3069,1026,0,1,0,52,0,16,1,1,pre_allocation
716,1189,normal,0,0,65535_65535,0,4,3069,1046,1,1,1,53,1046,16,1,1,allocated
716,1189,normal,0,0,65535_65535,0,1,3069,2404,0,1,0,53,0,28,1,1,pre_allocation
716,1189,normal,0,0,65535_65535,0,1,3069,2450,1,1,1,54,2450,28,1,1,allocated
716,1189,normal,0,0,65535_65535,0,4,3069,1046,0,1,0,53,0,16,1,1,pre_allocation
716,1189,normal,0,0,65535_65535,0,4,3069,1066,1,1,1,54,1066,16,1,1,allocated
716,1189,normal,0,0,65535_65535,0,1,3069,2450,0,1,0,54,0,28,1,1,pre_allocation
716,1189,normal,0,0,65535_65535,0,1,3069,2495,1,1,1,55,2495,28,1,1,allocated
716,1189,normal,0,0,65535_65535,0,4,3069,1066,0,1,0,54,0,16,1,1,pre_allocation
716,1189,normal,0,0,65535_65535,0,4,3069,1086,1,1,1,55,1086,16,1,1,allocated
716,1189,normal,0,0,65535_65535,0,1,3069,2495,0,1,0,55,0,28,1,1,pre_allocation
716,1189,normal,0,0,65535_65535,0,1,3069,2541,1,1,1,56,2541,28,1,1,allocated
716,1189,normal,0,0,65535_65535,0,4,3069,1086,0,1,0,55,0,16,1,1,pre_allocation
716,1189,normal,0,0,65535_65535,0,4,3069,1105,1,1,1,56,1105,16,1,1,allocated
716,1189,normal,0,0,65535_65535,0,1,3069,2541,0,1,0,56,0,28,1,1,pre_allocation
716,1189,normal,0,0,65535_65535,0,1,3069,2586,1,1,1,57,2586,28,1,1,allocated
716,1189,normal,0,0,65535_65535,0,4,3069,1105,0,1,0,56,0,16,1,1,pre_allocation
716,1189,normal,0,0,65535_65535,0,4,3069,1125,1,1,1,57,1125,16,1,1,allocated
716,1189,normal,0,0,65535_65535,0,1,3069,2586,0,1,0,57,0,28,1,1,pre_allocation
716,1189,normal,0,0,65535_65535,0,1,3069,2632,1,1,1,58,2632,28,1,1,allocated
716,1189,normal,0,0,65535_65535,0,4,3069,1125,0,1,0,57,0,16,1,1,pre_allocation
716,1189,normal,0,0,65535_65535,0,4,3069,1145,1,1,1,58,1145,16,1,1,allocated
716,1189,normal,0,0,65535_65535,0,1,3069,2632,0,1,0,58,0,28,1,1,pre_allocation
716,1189,normal,0,0,65535_65535,0,1,3069,2677,1,1,1,59,2677,28,1,1,allocated
716,1189,normal,0,0,65535_65535,0,4,3069,1145,0,1,0,58,0,16,1,1,pre_allocation
716,1189,normal,0,0,65535_65535,0,4,3069,1165,1,1,1,59,1165,16,1,1,allocated
716,1189,normal,0,0,65535_65535,0,1,3069,2677,0,1,0,59,0,28,1,1,pre_allocation
716,1189,normal,0,0,65535_65535,0,1,3069,2723,1,1,1,60,2723,28,1,1,allocated
716,1189,normal,0,0,65535_65535,0,4,3069,1165,0,1,0,59,0,16,1,1,pre_allocation
716,1189,normal,0,0,65535_65535,0,4,3069,1185,1,1,1,60,1185,16,1,1,allocated
716,1189,normal,0,0,65535_65535,0,1,3069,2723,0,1,0,60,0,28,1,1,pre_allocation
716,1189,normal,0,0,65535_65535,0,1,3069,2768,1,1,1,61,2768,28,1,1,allocated
716,1189,normal,0,0,65535_65535,0,4,3069,1185,0,1,0,60,0,16,1,1,pre_allocation
716,1189,normal,0,0,65535_65535,0,4,3069,1204,1,1,1,61,1204,16,1,1,allocated
716,1189,normal,0,0,65535_65535,0,1,3069,2768,0,1,0,61,0,28,1,1,pre_allocation
716,1189,normal,0,0,65535_65535,0,1,3069,2814,1,1,1,62,2814,28,1,1,allocated
716,1189,normal,0,0,65535_65535,0,4,3069,1204,0,1,0,61,0,16,1,1,pre_allocation
716,1189,normal,0,0,65535_65535,0,4,3069,1224,1,1,1,62,1224,16,1,1,allocated
716,1189,normal,0,0,65535_65535,0,1,3069,2814,0,1,0,62,0,28,1,1,pre_allocation
716,1189,normal,0,0,65535_65535,0,1,3069,2860,1,1,1,63,2860,28,1,1,allocated
716,1189,normal,0,0,65535_65535,0,4,3069,1224,0,1,0,62,0,16,1,1,pre_allocation
716,1189,normal,0,0,65535_65535,0,4,3069,1244,1,1,1,63,1244,16,1,1,allocated
716,1189,normal,0,0,65535_65535,0,1,3069,2860,0,1,0,63,0,28,1,1,pre_allocation
716,1189,normal,0,0,65535_65535,0,1,3069,2905,1,1,1,64,2905,28,1,1,allocated
716,1189,normal,0,0,65535_65535,0,4,3069,1244,0,1,0,63,0,16,1,1,pre_allocation
716,1189,normal,0,0,65535_65535,0,4,3069,1264,1,1,1,64,1264,16,1,1,allocated
716,1189,normal,0,0,65535_65535,0,1,3069,2905,0,1,0,64,0,28,1,1,pre_allocation
716,1189,normal,0,0,65535_65535,0,1,3069,2951,1,1,1,65,2951,28,1,1,allocated
716,1189,normal,0,0,65535_65535,0,4,3069,1264,0,1,0,64,0,16,1,1,pre_allocation
716,1189,normal,0,0,65535_65535,0,4,3069,1284,1,1,1,65,1284,16,1,1,allocated
716,1189,normal,0,0,65535_65535,0,1,3069,2951,0,1,0,65,0,28,1,1,pre_allocation
716,1189,normal,0,0,65535_65535,0,1,3069,2996,1,1,1,66,2996,28,1,1,allocated
716,1189,normal,0,0,65535_65535,0,4,3069,1284,0,1,0,65,0,16,1,1,pre_allocation
716,1189,normal,0,0,65535_65535,0,4,3069,1303,1,1,1,66,1303,16,1,1,allocated
716,1189,normal,0,0,65535_65535,0,1,3069,2996,0,1,0,66,0,28,1,1,pre_allocation
716,1189,normal,0,0,65535_65535,0,1,3069,3042,1,1,1,67,3042,28,1,1,allocated
716,1189,normal,0,0,65535_65535,0,4,3069,1303,0,1,0,66,0,16,1,1,pre_allocation
716,1189,normal,0,0,65535_65535,0,4,3069,1323,1,1,1,67,1323,16,1,1,allocated
716,1189,normal,0,0,65535_65535,0,1,3069,3042,0,1,0,67,0,28,1,1,pre_allocation
716,1189,normal,0,0,65535_65535,0,1,3069,3084,1,1,1,68,3084,28,1,1,allocated
716,1189,normal,0,0,65535_65535,0,4,3069,1323,0,1,0,67,0,16,1,1,pre_allocation
716,1189,normal,0,0,65535_65535,0,4,3069,1343,1,1,1,68,1343,16,1,1,allocated
716,1189,normal,0,0,65535_65535,0,1,3069,3084,0,1,0,68,0,28,1,1,pre_allocation
716,1189,normal,0,0,65535_65535,0,1,3069,3130,1,1,1,69,3130,28,1,1,allocated
716,1189,normal,0,0,65535_65535,0,4,3069,1343,0,1,0,68,0,16,1,1,pre_allocation
716,1189,normal,0,0,65535_65535,0,4,3069,1363,1,1,1,69,1363,16,1,1,allocated
716,1189,normal,0,0,65535_65535,0,1,3069,3130,0,1,0,69,0,28,1,1,pre_allocation
716,1189,normal,0,0,65535_65535,0,1,3069,3175,1,1,1,70,3175,28,1,1,allocated
716,1189,normal,0,0,65535_65535,0,4,3069,1363,0,1,0,69,0,16,1,1,pre_allocation
716,1189,normal,0,0,65535_65535,0,4,3069,1383,1,1,1,70,1383,16,1,1,allocated
716,1189,normal,0,0,65535_65535,0,1,3069,3175,0,1,0,70,0,28,1,1,pre_allocation
716,1189,normal,0,0,65535_65535,0,1,3069,3221,1,1,1,71,3221,28,1,1,allocated
716,1189,normal,0,0,65535_65535,0,4,3069,1383,0,1,0,70,0,16,1,1,pre_allocation
716,1189,normal,0,0,65535_65535,0,4,3069,1402,1,1,1,71,1402,16,1,1,allocated
716,1189,normal,0,0,65535_65535,0,1,3069,3221,0,1,0,71,0,28,1,1,pre_allocation
716,1189,normal,0,0,65535_65535,0,1,3069,3266,1,1,1,72,3266,28,1,1,allocated
716,1189,normal,0,0,65535_65535,0,4,3069,1402,0,1,0,71,0,16,1,1,pre_allocation
716,1189,normal,0,0,65535_65535,0,4,3069,1422,1,1,1,72,1422,16,1,1,allocated
716,1189,normal,0,0,65535_65535,0,1,3069,3266,0,1,0,72,0,28,1,1,pre_allocation
716,1189,normal,0,0,65535_65535,0,1,3069,3312,1,1,1,73,3312,28,1,1,allocated
716,1189,normal,0,0,65535_65535,0,4,3069,1422,0,1,0,72,0,16,1,1,pre_allocation
716,1189,normal,0,0,65535_65535,0,4,3069,1442,1,1,1,73,1442,16,1,1,allocated
716,1189,normal,0,0,65535_65535,0,1,3069,3312,0,1,0,73,0,28,1,1,pre_allocation
716,1189,normal,0,0,65535_65535,0,1,3069,3357,1,1,1,74,3357,28,1,1,allocated
716,1189,normal,0,0,65535_65535,0,4,3069,1442,0,1,0,73,0,16,1,1,pre_allocation
716,1189,normal,0,0,65535_65535,0,4,3069,1462,1,1,1,74,1462,16,1,1,allocated
716,1189,normal,0,0,65535_65535,0,1,3069,3357,0,1,0,74,0,28,1,1,pre_allocation
716,1189,normal,0,0,65535_65535,0,1,3069,3403,1,1,1,75,3403,28,1,1,allocated
716,1189,normal,0,0,65535_65535,0,4,3069,1462,0,1,0,74,0,16,1,1,pre_allocation
716,1189,normal,0,0,65535_65535,0,4,3069,1482,1,1,1,75,1482,16,1,1,allocated
716,1189,normal,0,0,65535_65535,0,1,3069,3403,0,1,0,75,0,28,1,1,pre_allocation
716,1189,normal,0,0,65535_65535,0,1,3069,3449,1,1,1,76,3449,28,1,1,allocated
716,1189,normal,0,0,65535_65535,0,4,3069,1482,0,1,0,75,0,16,1,1,pre_allocation
716,1189,normal,0,0,65535_65535,0,4,3069,1501,1,1,1,76,1501,16,1,1,allocated
716,1189,normal,0,0,65535_65535,0,1,3069,3449,0,1,0,76,0,28,1,1,pre_allocation
716,1189,normal,0,0,65535_65535,0,1,3069,3494,1,1,1,77,3494,28,1,1,allocated
716,1189,normal,0,0,65535_65535,0,4,3069,1501,0,1,0,76,0,16,1,1,pre_allocation
716,1189,normal,0,0,65535_65535,0,4,3069,1521,1,1,1,77,1521,16,1,1,allocated
716,1189,normal,0,0,65535_65535,0,1,3069,3494,0,1,0,77,0,28,1,1,pre_allocation
716,1189,normal,0,0,65535_65535,0,1,3069,3540,1,1,1,78,3540,28,1,1,allocated
716,1189,normal,0,0,65535_65535,0,4,3069,1521,0,1,0,77,0,16,1,1,pre_allocation
716,1189,normal,0,0,65535_65535,0,4,3069,1538,1,1,1,78,1538,16,1,1,allocated
716,1189,normal,0,0,65535_65535,0,1,3069,3540,0,1,0,78,0,28,1,1,pre_allocation
716,1189,normal,0,0,65535_65535,0,1,3069,3585,1,1,1,79,3585,28,1,1,allocated
716,1189,normal,0,0,65535_65535,0,4,3069,1538,0,1,0,78,0,16,1,1,pre_allocation
716,1189,normal,0,0,65535_65535,0,4,3069,1558,1,1,1,79,1558,16,1,1,allocated
716,1189,normal,0,0,65535_65535,0,1,3069,3585,0,1,0,79,0,28,1,1,pre_allocation
716,1189,normal,0,0,65535_65535,0,1,3069,3631,1,1,1,80,3631,28,1,1,allocated
716,1189,normal,0,0,65535_65535,0,4,3069,1558,0,1,0,79,0,16,1,1,pre_allocation
716,1189,normal,0,0,65535_65535,0,4,3069,1578,1,1,1,80,1578,16,1,1,allocated
716,1189,normal,0,0,65535_65535,0,1,3069,3631,0,1,0,80,0,28,1,1,pre_allocation
716,1189,normal,0,0,65535_65535,0,1,3069,3676,1,1,1,81,3676,28,1,1,allocated
716,1189,normal,0,0,65535_65535,0,4,3069,1578,0,1,0,80,0,16,1,1,pre_allocation
716,1189,normal,0,0,65535_65535,0,4,3069,1597,1,1,1,81,1597,16,1,1,allocated
716,1189,normal,0,0,65535_65535,0,1,3069,3676,0,1,0,81,0,28,1,1,pre_allocation
716,1189,normal,0,0,65535_65535,0,1,3069,3722,1,1,1,82,3722,28,1,1,allocated
716,1189,normal,0,0,65535_65535,0,4,3069,1597,0,1,0,81,0,16,1,1,pre_allocation
716,1189,normal,0,0,65535_65535,0,4,3069,1617,1,1,1,82,1617,16,1,1,allocated
716,1189,normal,0,0,65535_65535,0,1,3069,3722,0,1,0,82,0,28,1,1,pre_allocation
716,1189,normal,0,0,65535_65535,0,1,3069,3767,1,1,1,83,3767,28,1,1,allocated
716,1189,normal,0,0,65535_65535,0,4,3069,1617,0,1,0,82,0,16,1,1,pre_allocation
716,1189,normal,0,0,65535_65535,0,4,3069,1637,1,1,1,83,1637,16,1,1,allocated
716,1189,normal,0,0,65535_65535,0,1,3069,3767,0,1,0,83,0,28,1,1,pre_allocation
716,1189,normal,0,0,65535_65535,0,1,3069,3813,1,1,1,84,3813,28,1,1,allocated
716,1189,normal,0,0,65535_65535,0,4,3069,1637,0,1,0,83,0,16,1,1,pre_allocation
716,1189,normal,0,0,65535_65535,0,4,3069,1657,1,1,1,84,1657,16,1,1,allocated
716,1189,normal,0,0,65535_65535,0,1,3069,3813,0,1,0,84,0,28,1,1,pre_allocation
716,1189,normal,0,0,65535_65535,0,1,3069,3855,1,1,1,85,3855,28,1,1,allocated
716,1189,normal,0,0,65535_65535,0,4,3069,1657,0,1,0,84,0,16,1,1,pre_allocation
716,1189,normal,0,0,65535_65535,0,4,3069,1677,1,1,1,85,1677,16,1,1,allocated
716,1189,normal,0,0,65535_65535,0,1,3069,3855,0,1,0,85,0,28,1,1,pre_allocation
716,1189,normal,0,0,65535_65535,0,1,3069,3901,1,1,1,86,3901,28,1,1,allocated
716,1189,normal,0,0,65535_65535,0,4,3069,1677,0,1,0,85,0,16,1,1,pre_allocation
716,1189,normal,0,0,65535_65535,0,4,3069,1696,1,1,1,86,1696,16,1,1,allocated
716,1189,normal,0,0,65535_65535,0,1,3069,3901,0,1,0,86,0,28,1,1,pre_allocation
716,1189,normal,0,0,65535_65535,0,1,3069,3946,1,1,1,87,3946,28,1,1,allocated
716,1189,normal,0,0,65535_65535,0,4,3069,1696,0,1,0,86,0,16,1,1,pre_allocation
716,1189,normal,0,0,65535_65535,0,4,3069,1716,1,1,1,87,1716,16,1,1,allocated
716,1189,normal,0,0,65535_65535,0,1,3069,3946,0,1,0,87,0,28,1,1,pre_allocation
716,1189,normal,0,0,65535_65535,0,1,3069,3992,1,1,1,88,3992,28,1,1,allocated
716,1189,normal,0,0,65535_65535,0,4,3069,1716,0,1,0,87,0,16,1,1,pre_allocation
716,1189,normal,0,0,65535_65535,0,4,3069,1736,1,1,1,88,1736,16,1,1,allocated
716,1189,normal,0,0,65535_65535,0,1,3069,3992,0,1,0,88,0,28,1,1,pre_allocation
716,1189,normal,0,0,65535_65535,0,1,3069,4038,1,1,1,89,4038,28,1,1,allocated
716,1189,normal,0,0,65535_65535,0,4,3069,1736,0,1,0,88,0,16,1,1,pre_allocation
716,1189,normal,0,0,65535_65535,0,4,3069,1756,1,1,1,89,1756,16,1,1,allocated
716,1189,normal,0,0,65535_65535,0,1,3069,4038,0,1,0,89,0,28,1,1,pre_allocation
716,1189,normal,0,0,65535_65535,0,1,3069,4083,1,1,1,90,4083,28,1,1,allocated
716,1189,normal,0,0,65535_65535,0,4,3069,1756,0,1,0,89,0,16,1,1,pre_allocation
716,1189,normal,0,0,65535_65535,0,4,3069,1776,1,1,1,90,1776,16,1,1,allocated
716,1189,normal,0,0,65535_65535,0,1,3069,4083,0,1,0,90,0,28,1,1,pre_allocation
716,1189,normal,0,0,65535_65535,0,1,3069,4129,1,1,1,91,4129,28,1,1,allocated
716,1189,normal,0,0,65535_65535,0,4,3069,1776,0,1,0,90,0,16,1,1,pre_allocation
716,1189,normal,0,0,65535_65535,0,4,3069,1795,1,1,1,91,1795,16,1,1,allocated
716,1189,normal,0,0,65535_65535,0,1,3069,4129,0,1,0,91,0,28,1,1,pre_allocation
716,1189,normal,0,0,65535_65535,0,1,3069,4174,1,1,1,92,4174,28,1,1,allocated
716,1189,normal,0,0,65535_65535,0,4,3069,1795,0,1,0,91,0,16,1,1,pre_allocation
716,1189,normal,0,0,65535_65535,0,4,3069,1815,1,1,1,92,1815,16,1,1,allocated
716,1189,normal,0,0,65535_65535,0,1,3069,4174,0,1,0,92,0,28,1,1,pre_allocation
716,1189,normal,0,0,65535_65535,0,1,3069,4220,1,1,1,93,4220,28,1,1,allocated
716,1189,normal,0,0,65535_65535,0,4,3069,1815,0,1,0,92,0,16,1,1,pre_allocation
716,1189,normal,0,0,65535_65535,0,4,3069,1835,1,1,1,93,1835,16,1,1,allocated
716,1189,normal,0,0,65535_65535,0,1,3069,4220,0,1,0,93,0,28,1,1,pre_allocation
716,1189,normal,0,0,65535_65535,0,1,3069,4265,1,1,1,94,4265,28,1,1,allocated
716,1189,normal,0,0,65535_65535,0,4,3069,1835,0,1,0,93,0,16,1,1,pre_allocation
716,1189,normal,0,0,65535_65535,0,4,3069,1855,1,1,1,94,1855,16,1,1,allocated
716,1189,normal,0,0,65535_65535,0,1,3069,4265,0,1,0,94,0,28,1,1,pre_allocation
716,1189,normal,0,0,65535_65535,0,1,3069,4311,1,1,1,95,4311,28,1,1,allocated
716,1189,normal,0,0,65535_65535,0,4,3069,1855,0,1,0,94,0,16,1,1,pre_allocation
716,1189,normal,0,0,65535_65535,0,4,3069,1875,1,1,1,95,1875,16,1,1,allocated
716,1189,normal,0,0,65535_65535,0,1,3069,4311,0,1,0,95,0,28,1,1,pre_allocation
716,1189,normal,0,0,65535_65535,0,1,3069,4356,1,1,1,96,4356,28,1,1,allocated
716,1189,normal,0,0,65535_65535,0,4,3069,1875,0,1,0,95,0,16,1,1,pre_allocation
716,1189,normal,0,0,65535_65535,0,4,3069,1894,1,1,1,96,1894,16,1,1,allocated
716,1189,normal,0,0,65535_65535,0,1,3069,4356,0,1,0,96,0,28,1,1,pre_allocation
716,1189,normal,0,0,65535_65535,0,1,3069,4402,1,1,1,97,4402,28,1,1,allocated
716,1189,normal,0,0,65535_65535,0,4,3069,1894,0,1,0,96,0,16,1,1,pre_allocation
716,1189,normal,0,0,65535_65535,0,4,3069,1914,1,1,1,97,1914,16,1,1,allocated
716,1189,normal,0,0,65535_65535,0,1,3069,4402,0,1,0,97,0,28,1,1,pre_allocation
716,1189,normal,0,0,65535_65535,0,1,3069,4447,1,1,1,98,4447,28,1,1,allocated
716,1189,normal,0,0,65535_65535,0,4,3069,1914,0,1,0,97,0,16,1,1,pre_allocation
716,1189,normal,0,0,65535_65535,0,4,3069,1934,1,1,1,98,1934,16,1,1,allocated
716,1189,normal,0,0,65535_65535,0,1,3069,4447,0,1,0,98,0,28,1,1,pre_allocation
716,1189,normal,0,0,65535_65535,0,1,3069,4493,1,1,1,99,4493,28,1,1,allocated
716,1189,normal,0,0,65535_65535,0,4,3069,1934,0,1,0,98,0,16,1,1,pre_allocation
716,1189,normal,0,0,65535_65535,0,4,3069,1954,1,1,1,99,1954,16,1,1,allocated
716,1189,normal,0,0,65535_65535,0,1,3069,4493,0,1,0,99,0,28,1,1,pre_allocation
716,1189,normal,0,0,65535_65535,0,1,3069,4539,1,1,1,100,4539,28,1,1,allocated
716,1189,normal,0,0,65535_65535,0,4,3069,1954,0,1,0,99,0,16,1,1,pre_allocation
716,1189,normal,0,0,65535_65535,0,4,3069,1974,1,1,1,100,1974,16,1,1,allocated
716,1189,normal,0,0,65535_65535,0,1,3069,4539,0,1,0,100,0,28,1,1,pre_allocation
716,1189,normal,0,0,65535_65535,0,1,3069,4584,1,1,1,101,4584,28,1,1,allocated
716,1189,normal,0,0,65535_65535,0,4,3069,1974,0,1,0,100,0,16,1,1,pre_allocation
716,1189,normal,0,0,65535_65535,0,4,3069,1993,1,1,1,101,1993,16,1,1,allocated
716,1189,normal,0,0,65535_65535,0,1,3069,4584,0,1,0,101,0,28,1,1,pre_allocation
716,1189,normal,0,0,65535_65535,0,1,3069,4627,1,1,1,102,4627,28,1,1,allocated
716,1189,normal,0,0,65535_65535,0,4,3069,1993,0,1,0,101,0,16,1,1,pre_allocation
716,1189,normal,0,0,65535_65535,0,4,3069,2013,1,1,1,102,2013,16,1,1,allocated
716,1189,normal,0,0,65535_65535,0,1,3069,4627,0,1,0,102,0,28,1,1,pre_allocation
716,1189,normal,0,0,65535_65535,0,1,3069,4672,1,1,1,103,4672,28,1,1,allocated
716,1189,normal,0,0,65535_65535,1,6,87,0,0,1,0,0,0,28,1,1,pre_allocation
716,1189,normal,0,0,65535_65535,1,6,87,42,1,1,1,1,42,28,1,1,allocated
716,1189,normal,0,0,65535_65535,1,7,87,0,0,1,0,0,0,28,1,1,pre_allocation
716,1189,normal,0,0,65535_65535,1,7,87,42,1,1,1,1,42,28,1,1,allocated
716,1189,normal,0,0,65535_65535,1,8,87,0,0,1,0,0,0,28,1,1,pre_allocation
716,1189,normal,0,0,65535_65535,1,8,87,42,1,1,1,1,42,28,1,1,allocated
716,1189,normal,0,0,65535_65535,1,9,87,0,0,1,0,0,0,28,1,1,pre_allocation
716,1189,normal,0,0,65535_65535,1,9,87,42,1,1,1,1,42,28,1,1,allocated
716,1189,normal,0,0,65535_65535,1,6,87,42,0,1,0,1,0,28,1,1,pre_allocation
716,1189,normal,0,0,65535_65535,1,6,87,88,1,1,1,2,88,28,1,1,allocated
716,1189,normal,0,0,65535_65535,1,7,87,42,0,1,0,1,0,28,1,1,pre_allocation
716,1189,normal,0,0,65535_65535,1,7,87,88,1,1,1,2,88,28,1,1,allocated
716,1189,normal,0,0,65535_65535,1,8,87,42,0,1,0,1,0,28,1,1,pre_allocation
716,1189,normal,0,0,65535_65535,1,8,87,88,1,1,1,2,88,28,1,1,allocated
716,1189,normal,0,0,65535_65535,1,9,87,42,0,1,0,1,0,28,1,1,pre_allocation
716,1189,normal,0,0,65535_65535,1,9,87,88,1,1,1,2,88,28,1,1,allocated
716,1189,normal,0,0,65535_65535,1,6,87,88,0,1,0,2,0,28,1,1,pre_allocation
716,1189,normal,0,0,65535_65535,1,6,87,133,1,1,1,3,133,28,1,1,allocated
716,1189,normal,0,0,65535_65535,1,7,87,88,0,1,0,2,0,28,1,1,pre_allocation
716,1189,normal,0,0,65535_65535,1,7,87,133,1,1,1,3,133,28,1,1,allocated
716,1189,normal,0,0,65535_65535,1,8,87,88,0,1,0,2,0,28,1,1,pre_allocation
716,1189,normal,0,0,65535_65535,1,8,87,133,1,1,1,3,133,28,1,1,allocated
716,1189,normal,0,0,65535_65535,1,9,87,88,0,1,0,2,0,28,1,1,pre_allocation
716,1189,normal,0,0,65535_65535,1,9,87,133,1,1,1,3,133,28,1,1,allocated
716,1189,normal,0,0,65535_65535,1,6,87,133,0,1,0,3,0,28,1,1,pre_allocation
716,1189,normal,0,0,65535_65535,1,6,87,179,1,1,1,4,179,28,1,1,allocated
716,1189,normal,0,0,65535_65535,1,7,87,133,0,1,0,3,0,28,1,1,pre_allocation
716,1189,normal,0,0,65535_65535,1,7,87,179,1,1,1,4,179,28,1,1,allocated
716,1189,normal,0,0,65535_65535,1,8,87,133,0,1,0,3,0,28,1,1,pre_allocation
716,1189,normal,0,0,65535_65535,1,8,87,179,1,1,1,4,179,28,1,1,allocated
716,1189,normal,0,0,65535_65535,1,9,87,133,0,1,0,3,0,28,1,1,pre_allocation
716,1189,normal,0,0,65535_65535,1,9,87,179,1,1,1,4,179,28,1,1,allocated
716,1189,normal,0,0,65535_65535,1,6,87,179,0,1,0,4,0,28,1,1,pre_allocation
716,1189,normal,0,0,65535_65535,1,6,87,224,1,1,1,5,224,28,1,1,allocated
716,1189,normal,0,0,65535_65535,1,7,87,179,0,1,0,4,0,28,1,1,pre_allocation
716,1189,normal,0,0,65535_65535,1,7,87,224,1,1,1,5,224,28,1,1,allocated
716,1189,normal,0,0,65535_65535,1,8,87,179,0,1,0,4,0,28,1,1,pre_allocation
716,1189,normal,0,0,65535_65535,1,8,87,224,1,1,1,5,224,28,1,1,allocated
716,1189,normal,0,0,65535_65535,1,9,87,179,0,1,0,4,0,28,1,1,pre_allocation
716,1189,normal,0,0,65535_65535,1,9,87,224,1,1,1,5,224,28,1,1,allocated
716,1189,normal,0,0,65535_65535,1,6,87,224,0,1,0,5,0,28,1,1,pre_allocation
716,1189,normal,0,0,65535_65535,1,6,87,270,1,1,1,6,270,28,1,1,allocated
716,1189,normal,0,0,65535_65535,1,7,87,224,0,1,0,5,0,28,1,1,pre_allocation
716,1189,normal,0,0,65535_65535,1,7,87,270,1,1,1,6,270,28,1,1,allocated
716,1189,normal,0,0,65535_65535,1,8,87,224,0,1,0,5,0,28,1,1,pre_allocation
716,1189,normal,0,0,65535_65535,1,8,87,270,1,1,1,6,270,28,1,1,allocated
716,1189,normal,0,0,65535_65535,1,9,87,224,0,1,0,5,0,28,1,1,pre_allocation
716,1189,normal,0,0,65535_65535,1,9,87,270,1,1,1,6,270,28,1,1,allocated
716,1189,normal,0,0,65535_65535,1,6,87,270,0,1,0,6,0,28,1,1,pre_allocation
716,1189,normal,0,0,65535_65535,1,6,87,315,1,1,1,7,315,28,1,1,allocated
716,1189,normal,0,0,65535_65535,1,7,87,270,0,1,0,6,0,28,1,1,pre_allocation
716,1189,normal,0,0,65535_65535,1,7,87,315,1,1,1,7,315,28,1,1,allocated
716,1189,normal,0,0,65535_65535,1,8,87,270,0,1,0,6,0,28,1,1,pre_allocation
716,1189,normal,0,0,65535_65535,1,8,87,315,1,1,1,7,315,28,1,1,allocated
716,1189,normal,0,0,65535_65535,1,9,87,270,0,1,0,6,0,28,1,1,pre_allocation
716,1189,normal,0,0,65535_65535,1,9,87,315,1,1,1,7,315,28,1,1,allocated
716,1189,normal,0,0,65535_65535,1,6,87,315,0,1,0,7,0,28,1,1,pre_allocation
716,1189,normal,0,0,65535_65535,1,6,87,361,1,1,1,8,361,28,1,1,allocated
716,1189,normal,0,0,65535_65535,1,7,87,315,0,1,0,7,0,28,1,1,pre_allocation
716,1189,normal,0,0,65535_65535,1,7,87,361,1,1,1,8,361,28,1,1,allocated
716,1189,normal,0,0,65535_65535,1,8,87,315,0,1,0,7,0,28,1,1,pre_allocation
716,1189,normal,0,0,65535_65535,1,8,87,361,1,1,1,8,361,28,1,1,allocated
716,1189,normal,0,0,65535_65535,1,9,87,315,0,1,0,7,0,28,1,1,pre_allocation
716,1189,normal,0,0,65535_65535,1,9,87,361,1,1,1,8,361,28,1,1,allocated
716,1189,normal,0,0,65535_65535,1,6,87,361,0,1,0,8,0,28,1,1,pre_allocation
716,1189,normal,0,0,65535_65535,1,6,87,406,1,1,1,9,406,28,1,1,allocated
716,1189,normal,0,0,65535_65535,1,7,87,361,0,1,0,8,0,28,1,1,pre_allocation
716,1189,normal,0,0,65535_65535,1,7,87,406,1,1,1,9,406,28,1,1,allocated
716,1189,normal,0,0,65535_65535,1,8,87,361,0,1,0,8,0,28,1,1,pre_allocation
716,1189,normal,0,0,65535_65535,1,8,87,406,1,1,1,9,406,28,1,1,allocated
716,1189,normal,0,0,65535_65535,1,9,87,361,0,1,0,8,0,28,1,1,pre_allocation
716,1189,normal,0,0,65535_65535,1,9,87,406,1,1,1,9,406,28,1,1,allocated
716,1189,normal,0,0,65535_65535,1,6,87,406,0,1,0,9,0,28,1,1,pre_allocation
716,1189,normal,0,0,65535_65535,1,6,87,452,1,1,1,10,452,28,1,1,allocated
716,1189,normal,0,0,65535_65535,1,7,87,406,0,1,0,9,0,28,1,1,pre_allocation
716,1189,normal,0,0,65535_65535,1,7,87,452,1,1,1,10,452,28,1,1,allocated
716,1189,normal,0,0,65535_65535,1,8,87,406,0,1,0,9,0,28,1,1,pre_allocation
716,1189,normal,0,0,65535_65535,1,8,87,452,1,1,1,10,452,28,1,1,allocated
716,1189,normal,0,0,65535_65535,1,9,87,406,0,1,0,9,0,28,1,1,pre_allocation
716,1189,normal,0,0,65535_65535,1,9,87,452,1,1,1,10,452,28,1,1,allocated
716,1189,normal,0,0,65535_65535,1,6,87,452,0,1,0,10,0,28,1,1,pre_allocation
716,1189,normal,0,0,65535_65535,1,6,87,497,1,1,1,11,497,28,1,1,allocated
716,1189,normal,0,0,65535_65535,1,7,87,452,0,1,0,10,0,28,1,1,pre_allocation
716,1189,normal,0,0,65535_65535,1,7,87,497,1,1,1,11,497,28,1,1,allocated
716,1189,normal,0,0,65535_65535,1,8,87,452,0,1,0,10,0,28,1,1,pre_allocation
716,1189,normal,0,0,65535_65535,1,8,87,497,1,1,1,11,497,28,1,1,allocated
716,1189,normal,0,0,65535_65535,1,9,87,452,0,1,0,10,0,28,1,1,pre_allocation
716,1189,normal,0,0,65535_65535,1,9,87,497,1,1,1,11,497,28,1,1,allocated
716,1189,normal,0,0,65535_65535,1,6,87,497,0,1,0,11,0,28,1,1,pre_allocation
716,1189,normal,0,0,65535_65535,1,6,87,543,1,1,1,12,543,28,1,1,allocated
716,1189,normal,0,0,65535_65535,1,7,87,497,0,1,0,11,0,28,1,1,pre_allocation
716,1189,normal,0,0,65535_65535,1,7,87,543,1,1,1,12,543,28,1,1,allocated
716,1189,normal,0,0,65535_65535,1,8,87,497,0,1,0,11,0,28,1,1,pre_allocation
716,1189,normal,0,0,65535_65535,1,8,87,543,1,1,1,12,543,28,1,1,allocated
716,1189,normal,0,0,65535_65535,1,9,87,497,0,1,0,11,0,28,1,1,pre_allocation
716,1189,normal,0,0,65535_65535,1,9,87,543,1,1,1,12,543,28,1,1,allocated
716,1189,normal,0,0,65535_65535,1,6,87,543,0,1,0,12,0,28,1,1,pre_allocation
716,1189,normal,0,0,65535_65535,1,6,87,589,1,1,1,13,589,28,1,1,allocated
716,1189,normal,0,0,65535_65535,1,7,87,543,0,1,0,12,0,28,1,1,pre_allocation
716,1189,normal,0,0,65535_65535,1,7,87,589,1,1,1,13,589,28,1,1,allocated
716,1189,normal,0,0,65535_65535,1,8,87,543,0,1,0,12,0,28,1,1,pre_allocation
716,1189,normal,0,0,65535_65535,1,8,87,589,1,1,1,13,589,28,1,1,allocated
716,1189,normal,0,0,65535_65535,1,9,87,543,0,1,0,12,0,28,1,1,pre_allocation
716,1189,normal,0,0,65535_65535,1,9,87,589,1,1,1,13,589,28,1,1,allocated
716,1189,normal,0,0,65535_65535,1,6,87,589,0,1,0,13,0,28,1,1,pre_allocation
716,1189,normal,0,0,65535_65535,1,6,87,634,1,1,1,14,634,28,1,1,allocated
716,1189,normal,0,0,65535_65535,1,7,87,589,0,1,0,13,0,28,1,1,pre_allocation
716,1189,normal,0,0,65535_65535,1,7,87,634,1,1,1,14,634,28,1,1,allocated
716,1189,normal,0,0,65535_65535,1,8,87,589,0,1,0,13,0,28,1,1,pre_allocation
716,1189,normal,0,0,65535_65535,1,8,87,634,1,1,1,14,634,28,1,1,allocated
716,1189,normal,0,0,65535_65535,1,9,87,589,0,1,0,13,0,28,1,1,pre_allocation
716,1189,normal,0,0,65535_65535,1,9,87,634,1,1,1,14,634,28,1,1,allocated
716,1189,normal,0,0,65535_65535,1,6,87,634,0,1,0,14,0,28,1,1,pre_allocation
716,1189,normal,0,0,65535_65535,1,6,87,680,1,1,1,15,680,28,1,1,allocated
716,1189,normal,0,0,65535_65535,1,7,87,634,0,1,0,14,0,28,1,1,pre_allocation
716,1189,normal,0,0,65535_65535,1,7,87,680,1,1,1,15,680,28,1,1,allocated
716,1189,normal,0,0,65535_65535,1,8,87,634,0,1,0,14,0,28,1,1,pre_allocation
716,1189,normal,0,0,65535_65535,1,8,87,680,1,1,1,15,680,28,1,1,allocated
716,1189,normal,0,0,65535_65535,1,9,87,634,0,1,0,14,0,28,1,1,pre_allocation
716,1189,normal,0,0,65535_65535,1,9,87,680,1,1,1,15,680,28,1,1,allocated
716,1189,normal,0,0,65535_65535,1,6,87,680,0,1,0,15,0,28,1,1,pre_allocation
716,1189,normal,0,0,65535_65535,1,6,87,725,1,1,1,16,725,28,1,1,allocated
827,1287,normal,0,0,65535_65535,0,1,3069,0,0,1,0,0,0,28,1,1,pre_allocation
827,1287,normal,0,0,65535_65535,0,1,3069,42,1,1,1,1,42,28,1,1,allocated
827,1287,normal,0,0,65535_65535,0,4,3069,0,0,1,0,0,0,16,1,1,pre_allocation
827,1287,normal,0,0,65535_65535,0,4,3069,16,1,1,1,1,16,16,1,1,allocated
827,1287,normal,0,0,65535_65535,0,2,1304688,0,0,1,0,0,0,15,1,1,pre_allocation
827,1287,normal,0,0,65535_65535,0,2,1304688,14,1,1,1,1,14,15,1,1,allocated
827,1287,normal,0,0,65535_65535,0,5,1271253,0,0,1,0,0,0,15,1,1,pre_allocation
827,1287,normal,0,0,65535_65535,0,5,1271253,14,1,1,1,1,14,15,1,1,allocated
827,1287,normal,0,0,65535_65535,0,1,3069,42,0,1,0,1,0,28,1,1,pre_allocation
827,1287,normal,0,0,65535_65535,0,1,3069,88,1,1,1,2,88,28,1,1,allocated
827,1287,normal,0,0,65535_65535,0,4,3069,16,0,1,0,1,0,16,1,1,pre_allocation
827,1287,normal,0,0,65535_65535,0,4,3069,36,1,1,1,2,36,16,1,1,allocated
827,1287,normal,0,0,65535_65535,0,2,1304688,14,0,1,0,1,0,15,1,1,pre_allocation
827,1287,normal,0,0,65535_65535,0,2,1304688,32,1,1,1,2,32,15,1,1,allocated
827,1287,normal,0,0,65535_65535,0,5,1271253,14,0,1,0,1,0,15,1,1,pre_allocation
827,1287,normal,0,0,65535_65535,0,5,1271253,32,1,1,1,2,32,15,1,1,allocated
827,1287,normal,0,0,65535_65535,0,1,3069,88,0,1,0,2,0,28,1,1,pre_allocation
827,1287,normal,0,0,65535_65535,0,1,3069,133,1,1,1,3,133,28,1,1,allocated
827,1287,normal,0,0,65535_65535,0,4,3069,36,0,1,0,2,0,16,1,1,pre_allocation
827,1287,normal,0,0,65535_65535,0,4,3069,56,1,1,1,3,56,16,1,1,allocated
827,1287,normal,0,0,65535_65535,0,2,1304688,32,0,1,0,2,0,15,1,1,pre_allocation
827,1287,normal,0,0,65535_65535,0,2,1304688,50,1,1,1,3,50,15,1,1,allocated
827,1287,normal,0,0,65535_65535,0,5,1271253,32,0,1,0,2,0,15,1,1,pre_allocation
827,1287,normal,0,0,65535_65535,0,5,1271253,50,1,1,1,3,50,15,1,1,allocated
827,1287,normal,0,0,65535_65535,0,1,3069,133,0,1,0,3,0,28,1,1,pre_allocation
827,1287,normal,0,0,65535_65535,0,1,3069,179,1,1,1,4,179,28,1,1,allocated
827,1287,normal,0,0,65535_65535,0,4,3069,56,0,1,0,3,0,16,1,1,pre_allocation
827,1287,normal,0,0,65535_65535,0,4,3069,76,1,1,1,4,76,16,1,1,allocated
827,1287,normal,0,0,65535_65535,0,2,1304688,50,0,1,0,3,0,15,1,1,pre_allocation
827,1287,normal,0,0,65535_65535,0,2,1304688,68,1,1,1,4,68,15,1,1,allocated
827,1287,normal,0,0,65535_65535,0,5,1271253,50,0,1,0,3,0,15,1,1,pre_allocation
827,1287,normal,0,0,65535_65535,0,5,1271253,68,1,1,1,4,68,15,1,1,allocated
827,1287,normal,0,0,65535_65535,0,1,3069,179,0,1,0,4,0,28,1,1,pre_allocation
827,1287,normal,0,0,65535_65535,0,1,3069,224,1,1,1,5,224,28,1,1,allocated
827,1287,normal,0,0,65535_65535,0,4,3069,76,0,1,0,4,0,16,1,1,pre_allocation
827,1287,normal,0,0,65535_65535,0,4,3069,96,1,1,1,5,96,16,1,1,allocated
827,1287,normal,0,0,65535_65535,0,2,1304688,68,0,1,0,4,0,15,1,1,pre_allocation
827,1287,normal,0,0,65535_65535,0,2,1304688,86,1,1,1,5,86,15,1,1,allocated
827,1287,normal,0,0,65535_65535,0,5,1271253,68,0,1,0,4,0,15,1,1,pre_allocation
827,1287,normal,0,0,65535_65535,0,5,1271253,86,1,1,1,5,86,15,1,1,allocated
827,1287,normal,0,0,65535_65535,0,1,3069,224,0,1,0,5,0,28,1,1,pre_allocation
827,1287,normal,0,0,65535_65535,0,1,3069,270,1,1,1,6,270,28,1,1,allocated
827,1287,normal,0,0,65535_65535,0,4,3069,96,0,1,0,5,0,16,1,1,pre_allocation
827,1287,normal,0,0,65535_65535,0,4,3069,115,1,1,1,6,115,16,1,1,allocated
827,1287,normal,0,0,65535_65535,0,2,1304688,86,0,1,0,5,0,15,1,1,pre_allocation
827,1287,normal,0,0,65535_65535,0,2,1304688,103,1,1,1,6,103,15,1,1,allocated
827,1287,normal,0,0,65535_65535,0,5,1271253,86,0,1,0,5,0,15,1,1,pre_allocation
827,1287,normal,0,0,65535_65535,0,5,1271253,103,1,1,1,6,103,15,1,1,allocated
827,1287,normal,0,0,65535_65535,0,1,3069,270,0,1,0,6,0,28,1,1,pre_allocation
827,1287,normal,0,0,65535_65535,0,1,3069,315,1,1,1,7,315,28,1,1,allocated
827,1287,normal,0,0,65535_65535,0,4,3069,115,0,1,0,6,0,16,1,1,pre_allocation
827,1287,normal,0,0,65535_65535,0,4,3069,135,1,1,1,7,135,16,1,1,allocated
827,1287,normal,0,0,65535_65535,0,2,1304688,103,0,1,0,6,0,15,1,1,pre_allocation
827,1287,normal,0,0,65535_65535,0,2,1304688,121,1,1,1,7,121,15,1,1,allocated
827,1287,normal,0,0,65535_65535,0,5,1271253,103,0,1,0,6,0,15,1,1,pre_allocation
827,1287,normal,0,0,65535_65535,0,5,1271253,121,1,1,1,7,121,15,1,1,allocated
827,1287,normal,0,0,65535_65535,0,1,3069,315,0,1,0,7,0,28,1,1,pre_allocation
827,1287,normal,0,0,65535_65535,0,1,3069,361,1,1,1,8,361,28,1,1,allocated
827,1287,normal,0,0,65535_65535,0,4,3069,135,0,1,0,7,0,16,1,1,pre_allocation
827,1287,normal,0,0,65535_65535,0,4,3069,155,1,1,1,8,155,16,1,1,allocated
827,1287,normal,0,0,65535_65535,0,2,1304688,121,0,1,0,7,0,15,1,1,pre_allocation
827,1287,normal,0,0,65535_65535,0,2,1304688,139,1,1,1,8,139,15,1,1,allocated
827,1287,normal,0,0,65535_65535,0,5,1271253,121,0,1,0,7,0,15,1,1,pre_allocation
827,1287,normal,0,0,65535_65535,0,5,1271253,139,1,1,1,8,139,15,1,1,allocated
827,1287,normal,0,0,65535_65535,0,1,3069,361,0,1,0,8,0,28,1,1,pre_allocation
827,1287,normal,0,0,65535_65535,0,1,3069,406,1,1,1,9,406,28,1,1,allocated
827,1287,normal,0,0,65535_65535,0,4,3069,155,0,1,0,8,0,16,1,1,pre_allocation
827,1287,normal,0,0,65535_65535,0,4,3069,175,1,1,1,9,175,16,1,1,allocated
827,1287,normal,0,0,65535_65535,0,2,1304688,139,0,1,0,8,0,15,1,1,pre_allocation
827,1287,normal,0,0,65535_65535,0,2,1304688,157,1,1,1,9,157,15,1,1,allocated
827,1287,normal,0,0,65535_65535,0,5,1271253,139,0,1,0,8,0,15,1,1,pre_allocation
827,1287,normal,0,0,65535_65535,0,5,1271253,157,1,1,1,9,157,15,1,1,allocated
827,1287,normal,0,0,65535_65535,0,1,3069,406,0,1,0,9,0,28,1,1,pre_allocation
827,1287,normal,0,0,65535_65535,0,1,3069,452,1,1,1,10,452,28,1,1,allocated
827,1287,normal,0,0,65535_65535,0,4,3069,175,0,1,0,9,0,16,1,1,pre_allocation
827,1287,normal,0,0,65535_65535,0,4,3069,195,1,1,1,10,195,16,1,1,allocated
827,1287,normal,0,0,65535_65535,0,2,1304688,157,0,1,0,9,0,15,1,1,pre_allocation
827,1287,normal,0,0,65535_65535,0,2,1304688,175,1,1,1,10,175,15,1,1,allocated
827,1287,normal,0,0,65535_65535,0,5,1271253,157,0,1,0,9,0,15,1,1,pre_allocation
827,1287,normal,0,0,65535_65535,0,5,1271253,175,1,1,1,10,175,15,1,1,allocated
827,1287,normal,0,0,65535_65535,0,1,3069,452,0,1,0,10,0,28,1,1,pre_allocation
827,1287,normal,0,0,65535_65535,0,1,3069,497,1,1,1,11,497,28,1,1,allocated
827,1287,normal,0,0,65535_65535,0,4,3069,195,0,1,0,10,0,16,1,1,pre_allocation
827,1287,normal,0,0,65535_65535,0,4,3069,214,1,1,1,11,214,16,1,1,allocated
827,1287,normal,0,0,65535_65535,0,2,1304688,175,0,1,0,10,0,15,1,1,pre_allocation
827,1287,normal,0,0,65535_65535,0,2,1304688,193,1,1,1,11,193,15,1,1,allocated
827,1287,normal,0,0,65535_65535,0,5,1271253,175,0,1,0,10,0,15,1,1,pre_allocation
827,1287,normal,0,0,65535_65535,0,5,1271253,193,1,1,1,11,193,15,1,1,allocated
827,1287,normal,0,0,65535_65535,1,6,87,0,0,1,0,0,0,28,1,1,pre_allocation
827,1287,normal,0,0,65535_65535,1,6,87,42,1,1,1,1,42,28,1,1,allocated
827,1287,normal,0,0,65535_65535,1,8,87,0,0,1,0,0,0,28,1,1,pre_allocation
827,1287,normal,0,0,65535_65535,1,8,87,42,1,1,1,1,42,28,1,1,allocated
827,1287,normal,0,0,65535_65535,1,9,87,0,0,1,0,0,0,28,1,1,pre_allocation
827,1287,normal,0,0,65535_65535,1,9,87,42,1,1,1,1,42,28,1,1,allocated
827,1287,normal,0,0,65535_65535,1,7,87,0,0,1,0,0,0,26,1,1,pre_allocation
827,1287,normal,0,0,65535_65535,1,7,87,39,1,1,1,1,39,26,1,1,allocated
827,1287,normal,0,0,65535_65535,1,6,87,42,0,1,0,1,0,28,1,1,pre_allocation
827,1287,normal,0,0,65535_65535,1,6,87,88,1,1,1,2,88,28,1,1,allocated
827,1287,normal,0,0,65535_65535,1,8,87,42,0,1,0,1,0,28,1,1,pre_allocation
827,1287,normal,0,0,65535_65535,1,8,87,88,1,1,1,2,88,28,1,1,allocated
827,1287,normal,0,0,65535_65535,1,9,87,42,0,1,0,1,0,28,1,1,pre_allocation
827,1287,normal,0,0,65535_65535,1,9,87,88,1,1,1,2,88,28,1,1,allocated
827,1287,normal,0,0,65535_65535,1,7,87,39,0,1,0,1,0,26,1,1,pre_allocation
827,1287,normal,0,0,65535_65535,1,7,87,81,1,1,1,2,81,26,1,1,allocated
827,1287,normal,0,0,65535_65535,1,6,87,88,0,1,0,2,0,28,1,1,pre_allocation
827,1287,normal,0,0,65535_65535,1,6,87,133,1,1,1,3,133,28,1,1,allocated
827,1287,normal,0,0,65535_65535,1,8,87,88,0,1,0,2,0,28,1,1,pre_allocation
827,1287,normal,0,0,65535_65535,1,8,87,133,1,1,1,3,133,28,1,1,allocated
827,1287,normal,0,0,65535_65535,1,9,87,88,0,1,0,2,0,28,1,1,pre_allocation
827,1287,normal,0,0,65535_65535,1,9,87,133,1,1,1,3,133,28,1,1,allocated
827,1287,normal,0,0,65535_65535,1,7,87,81,0,1,0,2,0,26,1,1,pre_allocation
827,1287,normal,0,0,65535_65535,1,7,87,123,1,1,1,3,123,26,1,1,allocated
827,1287,normal,0,0,65535_65535,1,6,87,133,0,1,0,3,0,28,1,1,pre_allocation
827,1287,normal,0,0,65535_65535,1,6,87,179,1,1,1,4,179,28,1,1,allocated
827,1287,normal,0,0,65535_65535,1,8,87,133,0,1,0,3,0,28,1,1,pre_allocation
827,1287,normal,0,0,65535_65535,1,8,87,179,1,1,1,4,179,28,1,1,allocated
827,1287,normal,0,0,65535_65535,1,9,87,133,0,1,0,3,0,28,1,1,pre_allocation
827,1287,normal,0,0,65535_65535,1,9,87,179,1,1,1,4,179,28,1,1,allocated
827,1287,normal,0,0,65535_65535,1,7,87,123,0,1,0,3,0,26,1,1,pre_allocation
827,1287,normal,0,0,65535_65535,1,7,87,165,1,1,1,4,165,26,1,1,allocated
827,1287,normal,0,0,65535_65535,1,6,87,179,0,1,0,4,0,28,1,1,pre_allocation
827,1287,normal,0,0,65535_65535,1,6,87,224,1,1,1,5,224,28,1,1,allocated
827,1287,normal,0,0,65535_65535,1,8,87,179,0,1,0,4,0,28,1,1,pre_allocation
827,1287,normal,0,0,65535_65535,1,8,87,224,1,1,1,5,224,28,1,1,allocated
827,1287,normal,0,0,65535_65535,1,9,87,179,0,1,0,4,0,28,1,1,pre_allocation
827,1287,normal,0,0,65535_65535,1,9,87,224,1,1,1,5,224,28,1,1,allocated
827,1287,normal,0,0,65535_65535,1,7,87,165,0,1,0,4,0,26,1,1,pre_allocation
827,1287,normal,0,0,65535_65535,1,7,87,207,1,1,1,5,207,26,1,1,allocated
827,1287,normal,0,0,65535_65535,1,6,87,224,0,1,0,5,0,28,1,1,pre_allocation
827,1287,normal,0,0,65535_65535,1,6,87,270,1,1,1,6,270,28,1,1,allocated
827,1287,normal,0,0,65535_65535,1,8,87,224,0,1,0,5,0,28,1,1,pre_allocation
827,1287,normal,0,0,65535_65535,1,8,87,270,1,1,1,6,270,28,1,1,allocated
827,1287,normal,0,0,65535_65535,1,9,87,224,0,1,0,5,0,28,1,1,pre_allocation
827,1287,normal,0,0,65535_65535,1,9,87,270,1,1,1,6,270,28,1,1,allocated
827,1287,normal,0,0,65535_65535,1,7,87,207,0,1,0,5,0,26,1,1,pre_allocation
827,1287,normal,0,0,65535_65535,1,7,87,249,1,1,1,6,249,26,1,1,allocated
827,1287,normal,0,0,65535_65535,1,6,87,270,0,1,0,6,0,28,1,1,pre_allocation
827,1287,normal,0,0,65535_65535,1,6,87,315,1,1,1,7,315,28,1,1,allocated
827,1287,normal,0,0,65535_65535,1,8,87,270,0,1,0,6,0,28,1,1,pre_allocation
827,1287,normal,0,0,65535_65535,1,8,87,315,1,1,1,7,315,28,1,1,allocated
827,1287,normal,0,0,65535_65535,1,9,87,270,0,1,0,6,0,28,1,1,pre_allocation
827,1287,normal,0,0,65535_65535,1,9,87,315,1,1,1,7,315,28,1,1,allocated
827,1287,normal,0,0,65535_65535,1,7,87,249,0,1,0,6,0,26,1,1,pre_allocation
827,1287,normal,0,0,65535_65535,1,7,87,291,1,1,1,7,291,26,1,1,allocated
827,1287,normal,0,0,65535_65535,1,6,87,315,0,1,0,7,0,28,1,1,pre_allocation
827,1287,normal,0,0,65535_65535,1,6,87,361,1,1,1,8,361,28,1,1,allocated
827,1287,normal,0,0,65535_65535,1,8,87,315,0,1,0,7,0,28,1,1,pre_allocation
827,1287,normal,0,0,65535_65535,1,8,87,361,1,1,1,8,361,28,1,1,allocated
827,1287,normal,0,0,65535_65535,1,9,87,315,0,1,0,7,0,28,1,1,pre_allocation
827,1287,normal,0,0,65535_65535,1,9,87,361,1,1,1,8,361,28,1,1,allocated
827,1287,normal,0,0,65535_65535,1,7,87,291,0,1,0,7,0,26,1,1,pre_allocation
827,1287,normal,0,0,65535_65535,1,7,87,333,1,1,1,8,333,26,1,1,allocated
827,1287,normal,0,0,65535_65535,1,6,87,361,0,1,0,8,0,28,1,1,pre_allocation
827,1287,normal,0,0,65535_65535,1,6,87,406,1,1,1,9,406,28,1,1,allocated
827,1287,normal,0,0,65535_65535,1,8,87,361,0,1,0,8,0,28,1,1,pre_allocation
827,1287,normal,0,0,65535_65535,1,8,87,406,1,1,1,9,406,28,1,1,allocated
827,1287,normal,0,0,65535_65535,1,9,87,361,0,1,0,8,0,28,1,1,pre_allocation
827,1287,normal,0,0,65535_65535,1,9,87,406,1,1,1,9,406,28,1,1,allocated
827,1287,normal,0,0,65535_65535,1,7,87,333,0,1,0,8,0,26,1,1,pre_allocation
827,1287,normal,0,0,65535_65535,1,7,87,375,1,1,1,9,375,26,1,1,allocated
827,1287,normal,0,0,65535_65535,1,6,87,406,0,1,0,9,0,28,1,1,pre_allocation
827,1287,normal,0,0,65535_65535,1,6,87,452,1,1,1,10,452,28,1,1,allocated
827,1287,normal,0,0,65535_65535,1,8,87,406,0,1,0,9,0,28,1,1,pre_allocation
827,1287,normal,0,0,65535_65535,1,8,87,452,1,1,1,10,452,28,1,1,allocated
827,1287,normal,0,0,65535_65535,1,9,87,406,0,1,0,9,0,28,1,1,pre_allocation
827,1287,normal,0,0,65535_65535,1,9,87,452,1,1,1,10,452,28,1,1,allocated
827,1287,normal,0,0,65535_65535,1,7,87,375,0,1,0,9,0,26,1,1,pre_allocation
827,1287,normal,0,0,65535_65535,1,7,87,417,1,1,1,10,417,26,1,1,allocated
827,1287,normal,0,0,65535_65535,1,6,87,452,0,1,0,10,0,28,1,1,pre_allocation
827,1287,normal,0,0,65535_65535,1,6,87,497,1,1,1,11,497,28,1,1,allocated
827,1287,normal,0,0,65535_65535,1,8,87,452,0,1,0,10,0,28,1,1,pre_allocation
827,1287,normal,0,0,65535_65535,1,8,87,497,1,1,1,11,497,28,1,1,allocated
827,1287,normal,0,0,65535_65535,1,9,87,452,0,1,0,10,0,28,1,1,pre_allocation
827,1287,normal,0,0,65535_65535,1,9,87,497,1,1,1,11,497,28,1,1,allocated
827,1287,normal,0,0,65535_65535,1,7,87,417,0,1,0,10,0,26,1,1,pre_allocation
827,1287,normal,0,0,65535_65535,1,7,87,459,1,1,1,11,459,26,1,1,allocated
827,1287,normal,0,0,65535_65535,1,6,87,497,0,1,0,11,0,28,1,1,pre_allocation
827,1287,normal,0,0,65535_65535,1,6,87,543,1,1,1,12,543,28,1,1,allocated
827,1287,normal,0,0,65535_65535,1,8,87,497,0,1,0,11,0,28,1,1,pre_allocation
827,1287,normal,0,0,65535_65535,1,8,87,543,1,1,1,12,543,28,1,1,allocated
827,1287,normal,0,0,65535_65535,1,9,87,497,0,1,0,11,0,28,1,1,pre_allocation
827,1287,normal,0,0,65535_65535,1,9,87,543,1,1,1,12,543,28,1,1,allocated
827,1287,normal,0,0,65535_65535,1,7,87,459,0,1,0,11,0,26,1,1,pre_allocation
827,1287,normal,0,0,65535_65535,1,7,87,501,1,1,1,12,501,26,1,1,allocated
827,1287,normal,0,0,65535_65535,1,6,87,543,0,1,0,12,0,28,1,1,pre_allocation
827,1287,normal,0,0,65535_65535,1,6,87,589,1,1,1,13,589,28,1,1,allocated
827,1287,normal,0,0,65535_65535,1,8,87,543,0,1,0,12,0,28,1,1,pre_allocation
827,1287,normal,0,0,65535_65535,1,8,87,589,1,1,1,13,589,28,1,1,allocated
827,1287,normal,0,0,65535_65535,1,9,87,543,0,1,0,12,0,28,1,1,pre_allocation
827,1287,normal,0,0,65535_65535,1,9,87,589,1,1,1,13,589,28,1,1,allocated
827,1287,normal,0,0,65535_65535,1,7,87,501,0,1,0,12,0,26,1,1,pre_allocation
827,1287,normal,0,0,65535_65535,1,7,87,543,1,1,1,13,543,26,1,1,allocated
827,1287,normal,0,0,65535_65535,1,6,87,589,0,1,0,13,0,28,1,1,pre_allocation
827,1287,normal,0,0,65535_65535,1,6,87,634,1,1,1,14,634,28,1,1,allocated
827,1287,normal,0,0,65535_65535,1,8,87,589,0,1,0,13,0,28,1,1,pre_allocation
827,1287,normal,0,0,65535_65535,1,8,87,634,1,1,1,14,634,28,1,1,allocated
827,1287,normal,0,0,65535_65535,1,9,87,589,0,1,0,13,0,28,1,1,pre_allocation
827,1287,normal,0,0,65535_65535,1,9,87,634,1,1,1,14,634,28,1,1,allocated
827,1287,normal,0,0,65535_65535,1,7,87,543,0,1,0,13,0,26,1,1,pre_allocation
827,1287,normal,0,0,65535_65535,1,7,87,586,1,1,1,14,586,26,1,1,allocated
827,1287,normal,0,0,65535_65535,1,6,87,634,0,1,0,14,0,28,1,1,pre_allocation
827,1287,normal,0,0,65535_65535,1,6,87,680,1,1,1,15,680,28,1,1,allocated
827,1287,normal,0,0,65535_65535,1,8,87,634,0,1,0,14,0,28,1,1,pre_allocation
827,1287,normal,0,0,65535_65535,1,8,87,680,1,1,1,15,680,28,1,1,allocated
827,1287,normal,0,0,65535_65535,1,9,87,634,0,1,0,14,0,28,1,1,pre_allocation
827,1287,normal,0,0,65535_65535,1,9,87,680,1,1,1,15,680,28,1,1,allocated
827,1287,normal,0,0,65535_65535,1,7,87,586,0,1,0,14,0,26,1,1,pre_allocation
827,1287,normal,0,0,65535_65535,1,7,87,628,1,1,1,15,628,26,1,1,allocated
827,1287,normal,0,0,65535_65535,1,6,87,680,0,1,0,15,0,28,1,1,pre_allocation
827,1287,normal,0,0,65535_65535,1,6,87,725,1,1,1,16,725,28,1,1,allocated
827,1287,normal,0,0,65535_65535,1,8,87,680,0,1,0,15,0,28,1,1,pre_allocation
827,1287,normal,0,0,65535_65535,1,8,87,725,1,1,1,16,725,28,1,1,allocated
827,1287,normal,0,0,65535_65535,1,9,87,680,0,1,0,15,0,28,1,1,pre_allocation
827,1287,normal,0,0,65535_65535,1,9,87,725,1,1,1,16,725,28,1,1,allocated
827,1287,normal,0,0,65535_65535,1,7,87,628,0,1,0,15,0,26,1,1,pre_allocation
827,1287,normal,0,0,65535_65535,1,7,87,670,1,1,1,16,670,26,1,1,allocated
827,1287,normal,0,0,65535_65535,1,6,87,725,0,1,0,16,0,28,1,1,pre_allocation
827,1287,normal,0,0,65535_65535,1,6,87,771,1,1,1,17,771,28,1,1,allocated
827,1287,normal,0,0,65535_65535,1,8,87,725,0,1,0,16,0,28,1,1,pre_allocation
827,1287,normal,0,0,65535_65535,1,8,87,771,1,1,1,17,771,28,1,1,allocated
827,1287,normal,0,0,65535_65535,1,9,87,725,0,1,0,16,0,28,1,1,pre_allocation
827,1287,normal,0,0,65535_65535,1,9,87,771,1,1,1,17,771,28,1,1,allocated
827,1287,normal,0,0,65535_65535,1,7,87,670,0,1,0,16,0,26,1,1,pre_allocation
827,1287,normal,0,0,65535_65535,1,7,87,712,1,1,1,17,712,26,1,1,allocated
827,1287,normal,0,0,65535_65535,1,6,87,771,0,1,0,17,0,28,1,1,pre_allocation
827,1287,normal,0,0,65535_65535,1,6,87,816,1,1,1,18,816,28,1,1,allocated
827,1287,normal,0,0,65535_65535,1,8,87,771,0,1,0,17,0,28,1,1,pre_allocation
827,1287,normal,0,0,65535_65535,1,8,87,816,1,1,1,18,816,28,1,1,allocated
827,1287,normal,0,0,65535_65535,1,9,87,771,0,1,0,17,0,28,1,1,pre_allocation
827,1287,normal,0,0,65535_65535,1,9,87,816,1,1,1,18,816,28,1,1,allocated
827,1287,normal,0,0,65535_65535,1,7,87,712,0,1,0,17,0,26,1,1,pre_allocation
827,1287,normal,0,0,65535_65535,1,7,87,754,1,1,1,18,754,26,1,1,allocated
827,1287,normal,0,0,65535_65535,1,6,87,816,0,1,0,18,0,28,1,1,pre_allocation
827,1287,normal,0,0,65535_65535,1,6,87,862,1,1,1,19,862,28,1,1,allocated
827,1287,normal,0,0,65535_65535,1,8,87,816,0,1,0,18,0,28,1,1,pre_allocation
827,1287,normal,0,0,65535_65535,1,8,87,862,1,1,1,19,862,28,1,1,allocated
827,1287,normal,0,0,65535_65535,1,9,87,816,0,1,0,18,0,28,1,1,pre_allocation
827,1287,normal,0,0,65535_65535,1,9,87,862,1,1,1,19,862,28,1,1,allocated
827,1287,normal,0,0,65535_65535,1,7,87,754,0,1,0,18,0,26,1,1,pre_allocation
827,1287,normal,0,0,65535_65535,1,7,87,796,1,1,1,19,796,26,1,1,allocated
827,1287,normal,0,0,65535_65535,1,6,87,862,0,1,0,19,0,28,1,1,pre_allocation
827,1287,normal,0,0,65535_65535,1,6,87,907,1,1,1,20,907,28,1,1,allocated
827,1287,normal,0,0,65535_65535,1,8,87,862,0,1,0,19,0,28,1,1,pre_allocation
827,1287,normal,0,0,65535_65535,1,8,87,907,1,1,1,20,907,28,1,1,allocated
827,1287,normal,0,0,65535_65535,1,9,87,862,0,1,0,19,0,28,1,1,pre_allocation
827,1287,normal,0,0,65535_65535,1,9,87,907,1,1,1,20,907,28,1,1,allocated
827,1287,normal,0,0,65535_65535,1,7,87,796,0,1,0,19,0,26,1,1,pre_allocation
827,1287,normal,0,0,65535_65535,1,7,87,838,1,1,1,20,838,26,1,1,allocated
827,1287,normal,0,0,65535_65535,1,6,87,907,0,1,0,20,0,28,1,1,pre_allocation
827,1287,normal,0,0,65535_65535,1,6,87,953,1,1,1,21,953,28,1,1,allocated
827,1287,normal,0,0,65535_65535,1,8,87,907,0,1,0,20,0,28,1,1,pre_allocation
827,1287,normal,0,0,65535_65535,1,8,87,953,1,1,1,21,953,28,1,1,allocated
827,1287,normal,0,0,65535_65535,1,9,87,907,0,1,0,20,0,28,1,1,pre_allocation
827,1287,normal,0,0,65535_65535,1,9,87,953,1,1,1,21,953,28,1,1,allocated
827,1287,normal,0,0,65535_65535,1,7,87,838,0,1,0,20,0,26,1,1,pre_allocation
827,1287,normal,0,0,65535_65535,1,7,87,880,1,1,1,21,880,26,1,1,allocated
827,1287,normal,0,0,65535_65535,1,6,87,953,0,1,0,21,0,28,1,1,pre_allocation
827,1287,normal,0,0,65535_65535,1,6,87,998,1,1,1,22,998,28,1,1,allocated
827,1287,normal,0,0,65535_65535,1,8,87,953,0,1,0,21,0,28,1,1,pre_allocation
827,1287,normal,0,0,65535_65535,1,8,87,998,1,1,1,22,998,28,1,1,allocated
827,1287,normal,0,0,65535_65535,1,9,87,953,0,1,0,21,0,28,1,1,pre_allocation
827,1287,normal,0,0,65535_65535,1,9,87,998,1,1,1,22,998,28,1,1,allocated
827,1287,normal,0,0,65535_65535,1,7,87,880,0,1,0,21,0,26,1,1,pre_allocation
827,1287,normal,0,0,65535_65535,1,7,87,922,1,1,1,22,922,26,1,1,allocated
827,1287,normal,0,0,65535_65535,1,6,87,998,0,1,0,22,0,28,1,1,pre_allocation
827,1287,normal,0,0,65535_65535,1,6,87,1044,1,1,1,23,1044,28,1,1,allocated
827,1287,normal,0,0,65535_65535,1,8,87,998,0,1,0,22,0,28,1,1,pre_allocation
827,1287,normal,0,0,65535_65535,1,8,87,1044,1,1,1,23,1044,28,1,1,allocated
827,1287,normal,0,0,65535_65535,1,9,87,998,0,1,0,22,0,28,1,1,pre_allocation
827,1287,normal,0,0,65535_65535,1,9,87,1044,1,1,1,23,1044,28,1,1,allocated
827,1287,normal,0,0,65535_65535,1,7,87,922,0,1,0,22,0,26,1,1,pre_allocation
827,1287,normal,0,0,65535_65535,1,7,87,964,1,1,1,23,964,26,1,1,allocated
827,1287,normal,0,0,65535_65535,1,6,87,1044,0,1,0,23,0,28,1,1,pre_allocation
827,1287,normal,0,0,65535_65535,1,6,87,1089,1,1,1,24,1089,28,1,1,allocated
827,1287,normal,0,0,65535_65535,2,27,137,0,0,1,0,0,0,28,1,1,pre_allocation
827,1287,normal,0,0,65535_65535,2,27,137,42,1,1,1,1,42,28,1,1,allocated
827,1287,normal,0,0,65535_65535,2,26,137,0,0,1,0,0,0,28,1,1,pre_allocation
827,1287,normal,0,0,65535_65535,2,26,137,42,1,1,1,1,42,28,1,1,allocated
827,1287,normal,0,0,65535_65535,2,12,137,0,0,1,0,0,0,28,1,1,pre_allocation
827,1287,normal,0,0,65535_65535,2,12,137,42,1,1,1,1,42,28,1,1,allocated
827,1287,normal,0,0,65535_65535,2,11,137,0,0,1,0,0,0,26,1,1,pre_allocation
827,1287,normal,0,0,65535_65535,2,11,137,39,1,1,1,1,39,26,1,1,allocated
827,1287,normal,0,0,65535_65535,2,25,137,0,0,1,0,0,0,15,1,1,pre_allocation
827,1287,normal,0,0,65535_65535,2,25,137,14,1,1,1,1,14,15,1,1,allocated
827,1287,normal,0,0,65535_65535,2,21,269,0,0,1,0,0,0,15,1,1,pre_allocation
827,1287,normal,0,0,65535_65535,2,21,269,14,1,1,1,1,14,15,1,1,allocated
827,1287,normal,0,0,65535_65535,2,27,137,42,0,1,0,1,0,28,1,1,pre_allocation
827,1287,normal,0,0,65535_65535,2,27,137,88,1,1,1,2,88,28,1,1,allocated
827,1287,normal,0,0,65535_65535,2,26,137,42,0,1,0,1,0,28,1,1,pre_allocation
827,1287,normal,0,0,65535_65535,2,26,137,88,1,1,1,2,88,28,1,1,allocated
827,1287,normal,0,0,65535_65535,2,12,137,42,0,1,0,1,0,28,1,1,pre_allocation
827,1287,normal,0,0,65535_65535,2,12,137,88,1,1,1,2,88,28,1,1,allocated
827,1287,normal,0,0,65535_65535,2,11,137,39,0,1,0,1,0,26,1,1,pre_allocation
827,1287,normal,0,0,65535_65535,2,11,137,81,1,1,1,2,81,26,1,1,allocated
827,1287,normal,0,0,65535_65535,2,25,137,14,0,1,0,1,0,15,1,1,pre_allocation
827,1287,normal,0,0,65535_65535,2,25,137,32,1,1,1,2,32,15,1,1,allocated
827,1287,normal,0,0,65535_65535,2,21,269,14,0,1,0,1,0,15,1,1,pre_allocation
827,1287,normal,0,0,65535_65535,2,21,269,32,1,1,1,2,32,15,1,1,allocated
827,1287,normal,0,0,65535_65535,2,27,137,88,0,1,0,2,0,28,1,1,pre_allocation
827,1287,normal,0,0,65535_65535,2,27,137,133,1,1,1,3,133,28,1,1,allocated
827,1287,normal,0,0,65535_65535,2,26,137,88,0,1,0,2,0,28,1,1,pre_allocation
827,1287,normal,0,0,65535_65535,2,26,137,133,1,1,1,3,133,28,1,1,allocated
827,1287,normal,0,0,65535_65535,2,12,137,88,0,1,0,2,0,28,1,1,pre_allocation
827,1287,normal,0,0,65535_65535,2,12,137,133,1,1,1,3,133,28,1,1,allocated
827,1287,normal,0,0,65535_65535,2,11,137,81,0,1,0,2,0,26,1,1,pre_allocation
827,1287,normal,0,0,65535_65535,2,11,137,123,1,1,1,3,123,26,1,1,allocated
827,1287,normal,0,0,65535_65535,2,25,137,32,0,1,0,2,0,15,1,1,pre_allocation
827,1287,normal,0,0,65535_65535,2,25,137,50,1,1,1,3,50,15,1,1,allocated
827,1287,normal,0,0,65535_65535,2,21,269,32,0,1,0,2,0,15,1,1,pre_allocation
827,1287,normal,0,0,65535_65535,2,21,269,50,1,1,1,3,50,15,1,1,allocated
827,1287,normal,0,0,65535_65535,2,27,137,133,0,1,0,3,0,28,1,1,pre_allocation
827,1287,normal,0,0,65535_65535,2,27,137,179,1,1,1,4,179,28,1,1,allocated
827,1287,normal,0,0,65535_65535,2,26,137,133,0,1,0,3,0,28,1,1,pre_allocation
827,1287,normal,0,0,65535_65535,2,26,137,179,1,1,1,4,179,28,1,1,allocated
827,1287,normal,0,0,65535_65535,2,12,137,133,0,1,0,3,0,28,1,1,pre_allocation
827,1287,normal,0,0,65535_65535,2,12,137,179,1,1,1,4,179,28,1,1,allocated
827,1287,normal,0,0,65535_65535,2,11,137,123,0,1,0,3,0,26,1,1,pre_allocation
827,1287,normal,0,0,65535_65535,2,11,137,165,1,1,1,4,165,26,1,1,allocated
827,1287,normal,0,0,65535_65535,2,25,137,50,0,1,0,3,0,15,1,1,pre_allocation
827,1287,normal,0,0,65535_65535,2,25,137,68,1,1,1,4,68,15,1,1,allocated
827,1287,normal,0,0,65535_65535,2,21,269,50,0,1,0,3,0,15,1,1,pre_allocation
827,1287,normal,0,0,65535_65535,2,21,269,68,1,1,1,4,68,15,1,1,allocated
827,1287,normal,0,0,65535_65535,2,27,137,179,0,1,0,4,0,28,1,1,pre_allocation
827,1287,normal,0,0,65535_65535,2,27,137,224,1,1,1,5,224,28,1,1,allocated
827,1287,normal,0,0,65535_65535,2,26,137,179,0,1,0,4,0,28,1,1,pre_allocation
827,1287,normal,0,0,65535_65535,2,26,137,224,1,1,1,5,224,28,1,1,allocated
827,1287,normal,0,0,65535_65535,2,12,137,179,0,1,0,4,0,28,1,1,pre_allocation
827,1287,normal,0,0,65535_65535,2,12,137,224,1,1,1,5,224,28,1,1,allocated
827,1287,normal,0,0,65535_65535,2,11,137,165,0,1,0,4,0,26,1,1,pre_allocation
827,1287,normal,0,0,65535_65535,2,11,137,207,1,1,1,5,207,26,1,1,allocated
827,1287,normal,0,0,65535_65535,2,25,137,68,0,1,0,4,0,15,1,1,pre_allocation
827,1287,normal,0,0,65535_65535,2,25,137,86,1,1,1,5,86,15,1,1,allocated
827,1287,normal,0,0,65535_65535,2,21,269,68,0,1,0,4,0,15,1,1,pre_allocation
827,1287,normal,0,0,65535_65535,2,21,269,86,1,1,1,5,86,15,1,1,allocated
827,1287,normal,0,0,65535_65535,2,27,137,224,0,1,0,5,0,28,1,1,pre_allocation
827,1287,normal,0,0,65535_65535,2,27,137,270,1,1,1,6,270,28,1,1,allocated
827,1287,normal,0,0,65535_65535,2,26,137,224,0,1,0,5,0,28,1,1,pre_allocation
827,1287,normal,0,0,65535_65535,2,26,137,270,1,1,1,6,270,28,1,1,allocated
827,1287,normal,0,0,65535_65535,2,12,137,224,0,1,0,5,0,28,1,1,pre_allocation
827,1287,normal,0,0,65535_65535,2,12,137,270,1,1,1,6,270,28,1,1,allocated
827,1287,normal,0,0,65535_65535,2,11,137,207,0,1,0,5,0,26,1,1,pre_allocation
827,1287,normal,0,0,65535_65535,2,11,137,249,1,1,1,6,249,26,1,1,allocated
827,1287,normal,0,0,65535_65535,2,25,137,86,0,1,0,5,0,15,1,1,pre_allocation
827,1287,normal,0,0,65535_65535,2,25,137,103,1,1,1,6,103,15,1,1,allocated
827,1287,normal,0,0,65535_65535,2,21,269,86,0,1,0,5,0,15,1,1,pre_allocation
827,1287,normal,0,0,65535_65535,2,21,269,103,1,1,1,6,103,15,1,1,allocated
827,1287,normal,0,0,65535_65535,2,27,137,270,0,1,0,6,0,28,1,1,pre_allocation
827,1287,normal,0,0,65535_65535,2,27,137,315,1,1,1,7,315,28,1,1,allocated
827,1287,normal,0,0,65535_65535,2,26,137,270,0,1,0,6,0,28,1,1,pre_allocation
827,1287,normal,0,0,65535_65535,2,26,137,315,1,1,1,7,315,28,1,1,allocated
827,1287,normal,0,0,65535_65535,2,12,137,270,0,1,0,6,0,28,1,1,pre_allocation
827,1287,normal,0,0,65535_65535,2,12,137,315,1,1,1,7,315,28,1,1,allocated
827,1287,normal,0,0,65535_65535,2,11,137,249,0,1,0,6,0,26,1,1,pre_allocation
827,1287,normal,0,0,65535_65535,2,11,137,291,1,1,1,7,291,26,1,1,allocated
827,1287,normal,0,0,65535_65535,2,25,137,103,0,1,0,6,0,15,1,1,pre_allocation
827,1287,normal,0,0,65535_65535,2,25,137,121,1,1,1,7,121,15,1,1,allocated
827,1287,normal,0,0,65535_65535,2,21,269,103,0,1,0,6,0,15,1,1,pre_allocation
827,1287,normal,0,0,65535_65535,2,21,269,121,1,1,1,7,121,15,1,1,allocated
827,1287,normal,0,0,65535_65535,2,27,137,315,0,1,0,7,0,28,1,1,pre_allocation
827,1287,normal,0,0,65535_65535,2,27,137,361,1,1,1,8,361,28,1,1,allocated
827,1287,normal,0,0,65535_65535,2,26,137,315,0,1,0,7,0,28,1,1,pre_allocation
827,1287,normal,0,0,65535_65535,2,26,137,361,1,1,1,8,361,28,1,1,allocated
827,1287,normal,0,0,65535_65535,2,12,137,315,0,1,0,7,0,28,1,1,pre_allocation
827,1287,normal,0,0,65535_65535,2,12,137,361,1,1,1,8,361,28,1,1,allocated
827,1287,normal,0,0,65535_65535,2,11,137,291,0,1,0,7,0,26,1,1,pre_allocation
827,1287,normal,0,0,65535_65535,2,11,137,333,1,1,1,8,333,26,1,1,allocated
827,1287,normal,0,0,65535_65535,2,25,137,121,0,1,0,7,0,15,1,1,pre_allocation
827,1287,normal,0,0,65535_65535,2,25,137,139,1,1,1,8,139,15,1,1,allocated
827,1287,normal,0,0,65535_65535,2,21,269,121,0,1,0,7,0,15,1,1,pre_allocation
827,1287,normal,0,0,65535_65535,2,21,269,139,1,1,1,8,139,15,1,1,allocated
827,1287,normal,0,0,65535_65535,2,27,137,361,0,1,0,8,0,28,1,1,pre_allocation
827,1287,normal,0,0,65535_65535,2,27,137,406,1,1,1,9,406,28,1,1,allocated
827,1287,normal,0,0,65535_65535,2,26,137,361,0,1,0,8,0,28,1,1,pre_allocation
827,1287,normal,0,0,65535_65535,2,26,137,406,1,1,1,9,406,28,1,1,allocated
827,1287,normal,0,0,65535_65535,2,12,137,361,0,1,0,8,0,28,1,1,pre_allocation
827,1287,normal,0,0,65535_65535,2,12,137,406,1,1,1,9,406,28,1,1,allocated
827,1287,normal,0,0,65535_65535,2,11,137,333,0,1,0,8,0,26,1,1,pre_allocation
827,1287,normal,0,0,65535_65535,2,11,137,375,1,1,1,9,375,26,1,1,allocated
827,1287,normal,0,0,65535_65535,2,25,137,139,0,1,0,8,0,15,1,1,pre_allocation
827,1287,normal,0,0,65535_65535,2,25,137,157,1,1,1,9,157,15,1,1,allocated
827,1287,normal,0,0,65535_65535,2,21,269,139,0,1,0,8,0,15,1,1,pre_allocation
827,1287,normal,0,0,65535_65535,2,21,269,157,1,1,1,9,157,15,1,1,allocated
827,1287,normal,0,0,65535_65535,2,27,137,406,0,1,0,9,0,28,1,1,pre_allocation
827,1287,normal,0,0,65535_65535,2,27,137,452,1,1,1,10,452,28,1,1,allocated
827,1287,normal,0,0,65535_65535,2,26,137,406,0,1,0,9,0,28,1,1,pre_allocation
827,1287,normal,0,0,65535_65535,2,26,137,452,1,1,1,10,452,28,1,1,allocated
827,1287,normal,0,0,65535_65535,2,12,137,406,0,1,0,9,0,28,1,1,pre_allocation
827,1287,normal,0,0,65535_65535,2,12,137,452,1,1,1,10,452,28,1,1,allocated
827,1287,normal,0,0,65535_65535,2,11,137,375,0,1,0,9,0,26,1,1,pre_allocation
827,1287,normal,0,0,65535_65535,2,11,137,417,1,1,1,10,417,26,1,1,allocated
827,1287,normal,0,0,65535_65535,2,25,137,157,0,1,0,9,0,15,1,1,pre_allocation
827,1287,normal,0,0,65535_65535,2,25,137,175,1,1,1,10,175,15,1,1,allocated
827,1287,normal,0,0,65535_65535,2,21,269,157,0,1,0,9,0,15,1,1,pre_allocation
827,1287,normal,0,0,65535_65535,2,21,269,175,1,1,1,10,175,15,1,1,allocated
827,1287,normal,0,0,65535_65535,2,27,137,452,0,1,0,10,0,28,1,1,pre_allocation
827,1287,normal,0,0,65535_65535,2,27,137,497,1,1,1,11,497,28,1,1,allocated
827,1287,normal,0,0,65535_65535,2,26,137,452,0,1,0,10,0,28,1,1,pre_allocation
827,1287,normal,0,0,65535_65535,2,26,137,497,1,1,1,11,497,28,1,1,allocated
827,1287,normal,0,0,65535_65535,2,12,137,452,0,1,0,10,0,28,1,1,pre_allocation
827,1287,normal,0,0,65535_65535,2,12,137,497,1,1,1,11,497,28,1,1,allocated
827,1287,normal,0,0,65535_65535,2,11,137,417,0,1,0,10,0,26,1,1,pre_allocation
827,1287,normal,0,0,65535_65535,2,11,137,459,1,1,1,11,459,26,1,1,allocated
827,1287,normal,0,0,65535_65535,2,25,137,175,0,1,0,10,0,15,1,1,pre_allocation
827,1287,normal,0,0,65535_65535,2,25,137,193,1,1,1,11,193,15,1,1,allocated
827,1287,normal,0,0,65535_65535,2,21,269,175,0,1,0,10,0,15,1,1,pre_allocation
827,1287,normal,0,0,65535_65535,2,21,269,193,1,1,1,11,193,15,1,1,allocated
827,1287,normal,0,0,65535_65535,2,27,137,497,0,1,0,11,0,28,1,1,pre_allocation
827,1287,normal,0,0,65535_65535,2,27,137,543,1,1,1,12,543,28,1,1,allocated
827,1287,normal,0,0,65535_65535,2,26,137,497,0,1,0,11,0,28,1,1,pre_allocation
827,1287,normal,0,0,65535_65535,2,26,137,543,1,1,1,12,543,28,1,1,allocated
827,1287,normal,0,0,65535_65535,2,12,137,497,0,1,0,11,0,28,1,1,pre_allocation
827,1287,normal,0,0,65535_65535,2,12,137,543,1,1,1,12,543,28,1,1,allocated
827,1287,normal,0,0,65535_65535,2,11,137,459,0,1,0,11,0,26,1,1,pre_allocation
827,1287,normal,0,0,65535_65535,2,11,137,501,1,1,1,12,501,26,1,1,allocated
827,1287,normal,0,0,65535_65535,2,25,137,193,0,1,0,11,0,15,1,1,pre_allocation
827,1287,normal,0,0,65535_65535,2,25,137,210,1,1,1,12,210,15,1,1,allocated
827,1287,normal,0,0,65535_65535,2,21,269,193,0,1,0,11,0,15,1,1,pre_allocation
827,1287,normal,0,0,65535_65535,2,21,269,210,1,1,1,12,210,15,1,1,allocated
827,1287,normal,0,0,65535_65535,2,27,137,543,0,1,0,12,0,28,1,1,pre_allocation
827,1287,normal,0,0,65535_65535,2,27,137,589,1,1,1,13,589,28,1,1,allocated
827,1287,normal,0,0,65535_65535,2,26,137,543,0,1,0,12,0,28,1,1,pre_allocation
827,1287,normal,0,0,65535_65535,2,26,137,589,1,1,1,13,589,28,1,1,allocated
827,1287,normal,0,0,65535_65535,2,12,137,543,0,1,0,12,0,28,1,1,pre_allocation
827,1287,normal,0,0,65535_65535,2,12,137,589,1,1,1,13,589,28,1,1,allocated
827,1287,normal,0,0,65535_65535,2,11,137,501,0,1,0,12,0,26,1,1,pre_allocation
827,1287,normal,0,0,65535_65535,2,11,137,543,1,1,1,13,543,26,1,1,allocated
827,1287,normal,0,0,65535_65535,2,25,137,210,0,1,0,12,0,15,1,1,pre_allocation
827,1287,normal,0,0,65535_65535,2,25,137,228,1,1,1,13,228,15,1,1,allocated
827,1287,normal,0,0,65535_65535,2,21,269,210,0,1,0,12,0,15,1,1,pre_allocation
827,1287,normal,0,0,65535_65535,2,21,269,228,1,1,1,13,228,15,1,1,allocated
827,1287,normal,0,0,65535_65535,2,27,137,589,0,1,0,13,0,28,1,1,pre_allocation
827,1287,normal,0,0,65535_65535,2,27,137,634,1,1,1,14,634,28,1,1,allocated
827,1287,normal,0,0,65535_65535,2,26,137,589,0,1,0,13,0,28,1,1,pre_allocation
827,1287,normal,0,0,65535_65535,2,26,137,634,1,1,1,14,634,28,1,1,allocated
827,1287,normal,0,0,65535_65535,2,12,137,589,0,1,0,13,0,28,1,1,pre_allocation
827,1287,normal,0,0,65535_65535,2,12,137,634,1,1,1,14,634,28,1,1,allocated
827,1287,normal,0,0,65535_65535,2,11,137,543,0,1,0,13,0,26,1,1,pre_allocation
827,1287,normal,0,0,65535_65535,2,11,137,586,1,1,1,14,586,26,1,1,allocated
827,1287,normal,0,0,65535_65535,2,25,137,228,0,1,0,13,0,15,1,1,pre_allocation
827,1287,normal,0,0,65535_65535,2,25,137,246,1,1,1,14,246,15,1,1,allocated
827,1287,normal,0,0,65535_65535,2,21,269,228,0,1,0,13,0,15,1,1,pre_allocation
827,1287,normal,0,0,65535_65535,2,21,269,246,1,1,1,14,246,15,1,1,allocated
827,1287,normal,0,0,65535_65535,2,27,137,634,0,1,0,14,0,28,1,1,pre_allocation
827,1287,normal,0,0,65535_65535,2,27,137,680,1,1,1,15,680,28,1,1,allocated
827,1287,normal,0,0,65535_65535,2,26,137,634,0,1,0,14,0,28,1,1,pre_allocation
827,1287,normal,0,0,65535_65535,2,26,137,680,1,1,1,15,680,28,1,1,allocated
827,1287,normal,0,0,65535_65535,2,12,137,634,0,1,0,14,0,28,1,1,pre_allocation
827,1287,normal,0,0,65535_65535,2,12,137,680,1,1,1,15,680,28,1,1,allocated
827,1287,normal,0,0,65535_65535,2,11,137,586,0,1,0,14,0,26,1,1,pre_allocation
827,1287,normal,0,0,65535_65535,2,11,137,628,1,1,1,15,628,26,1,1,allocated
827,1287,normal,0,0,65535_65535,2,25,137,246,0,1,0,14,0,15,1,1,pre_allocation
827,1287,normal,0,0,65535_65535,2,25,137,264,1,1,1,15,264,15,1,1,allocated
827,1287,normal,0,0,65535_65535,2,21,269,246,0,1,0,14,0,15,1,1,pre_allocation
827,1287,normal,0,0,65535_65535,2,21,269,264,1,1,1,15,264,15,1,1,allocated
827,1287,normal,0,0,65535_65535,2,27,137,680,0,1,0,15,0,28,1,1,pre_allocation
827,1287,normal,0,0,65535_65535,2,27,137,725,1,1,1,16,725,28,1,1,allocated
827,1287,normal,0,0,65535_65535,2,26,137,680,0,1,0,15,0,28,1,1,pre_allocation
827,1287,normal,0,0,65535_65535,2,26,137,725,1,1,1,16,725,28,1,1,allocated
827,1287,normal,0,0,65535_65535,2,12,137,680,0,1,0,15,0,28,1,1,pre_allocation
827,1287,normal,0,0,65535_65535,2,12,137,725,1,1,1,16,725,28,1,1,allocated
827,1287,normal,0,0,65535_65535,2,11,137,628,0,1,0,15,0,26,1,1,pre_allocation
827,1287,normal,0,0,65535_65535,2,11,137,670,1,1,1,16,670,26,1,1,allocated
827,1287,normal,0,0,65535_65535,2,25,137,264,0,1,0,15,0,15,1,1,pre_allocation
827,1287,normal,0,0,65535_65535,2,25,137,282,1,1,1,16,282,15,1,1,allocated
827,1287,normal,0,0,65535_65535,2,21,269,264,0,1,0,15,0,15,1,1,pre_allocation
827,1287,normal,0,0,65535_65535,2,21,269,282,1,1,1,16,282,15,1,1,allocated
827,1287,normal,0,0,65535_65535,2,27,137,725,0,1,0,16,0,28,1,1,pre_allocation
827,1287,normal,0,0,65535_65535,2,27,137,771,1,1,1,17,771,28,1,1,allocated
827,1287,normal,0,0,65535_65535,2,26,137,725,0,1,0,16,0,28,1,1,pre_allocation
827,1287,normal,0,0,65535_65535,2,26,137,771,1,1,1,17,771,28,1,1,allocated
827,1287,normal,0,0,65535_65535,2,12,137,725,0,1,0,16,0,28,1,1,pre_allocation
827,1287,normal,0,0,65535_65535,2,12,137,771,1,1,1,17,771,28,1,1,allocated
827,1287,normal,0,0,65535_65535,2,11,137,670,0,1,0,16,0,26,1,1,pre_allocation
827,1287,normal,0,0,65535_65535,2,11,137,712,1,1,1,17,712,26,1,1,allocated
827,1287,normal,0,0,65535_65535,2,25,137,282,0,1,0,16,0,15,1,1,pre_allocation
827,1287,normal,0,0,65535_65535,2,25,137,299,1,1,1,17,299,15,1,1,allocated
827,1287,normal,0,0,65535_65535,2,21,269,282,0,1,0,16,0,15,1,1,pre_allocation
827,1287,normal,0,0,65535_65535,2,21,269,299,1,1,1,17,299,15,1,1,allocated
827,1287,normal,0,0,65535_65535,2,27,137,771,0,1,0,17,0,28,1,1,pre_allocation
827,1287,normal,0,0,65535_65535,2,27,137,816,1,1,1,18,816,28,1,1,allocated
827,1287,normal,0,0,65535_65535,2,26,137,771,0,1,0,17,0,28,1,1,pre_allocation
827,1287,normal,0,0,65535_65535,2,26,137,816,1,1,1,18,816,28,1,1,allocated
827,1287,normal,0,0,65535_65535,2,12,137,771,0,1,0,17,0,28,1,1,pre_allocation
827,1287,normal,0,0,65535_65535,2,12,137,816,1,1,1,18,816,28,1,1,allocated
827,1287,normal,0,0,65535_65535,2,11,137,712,0,1,0,17,0,26,1,1,pre_allocation
827,1287,normal,0,0,65535_65535,2,11,137,754,1,1,1,18,754,26,1,1,allocated
827,1287,normal,0,0,65535_65535,2,25,137,299,0,1,0,17,0,15,1,1,pre_allocation
827,1287,normal,0,0,65535_65535,2,25,137,317,1,1,1,18,317,15,1,1,allocated
827,1287,normal,0,0,65535_65535,2,21,269,299,0,1,0,17,0,15,1,1,pre_allocation
827,1287,normal,0,0,65535_65535,2,21,269,317,1,1,1,18,317,15,1,1,allocated
827,1287,normal,0,0,65535_65535,2,27,137,816,0,1,0,18,0,28,1,1,pre_allocation
827,1287,normal,0,0,65535_65535,2,27,137,862,1,1,1,19,862,28,1,1,allocated
827,1287,normal,0,0,65535_65535,2,26,137,816,0,1,0,18,0,28,1,1,pre_allocation
827,1287,normal,0,0,65535_65535,2,26,137,862,1,1,1,19,862,28,1,1,allocated
827,1287,normal,0,0,65535_65535,2,12,137,816,0,1,0,18,0,28,1,1,pre_allocation
827,1287,normal,0,0,65535_65535,2,12,137,862,1,1,1,19,862,28,1,1,allocated
827,1287,normal,0,0,65535_65535,2,11,137,754,0,1,0,18,0,26,1,1,pre_allocation
827,1287,normal,0,0,65535_65535,2,11,137,796,1,1,1,19,796,26,1,1,allocated
827,1287,normal,0,0,65535_65535,2,25,137,317,0,1,0,18,0,15,1,1,pre_allocation
827,1287,normal,0,0,65535_65535,2,25,137,335,1,1,1,19,335,15,1,1,allocated
827,1287,normal,0,0,65535_65535,2,21,269,317,0,1,0,18,0,15,1,1,pre_allocation
827,1287,normal,0,0,65535_65535,2,21,269,335,1,1,1,19,335,15,1,1,allocated
827,1287,normal,0,0,65535_65535,2,27,137,862,0,1,0,19,0,28,1,1,pre_allocation
827,1287,normal,0,0,65535_65535,2,27,137,907,1,1,1,20,907,28,1,1,allocated
827,1287,normal,0,0,65535_65535,2,26,137,862,0,1,0,19,0,28,1,1,pre_allocation
827,1287,normal,0,0,65535_65535,2,26,137,907,1,1,1,20,907,28,1,1,allocated
827,1287,normal,0,0,65535_65535,2,12,137,862,0,1,0,19,0,28,1,1,pre_allocation
827,1287,normal,0,0,65535_65535,2,12,137,907,1,1,1,20,907,28,1,1,allocated
827,1287,normal,0,0,65535_65535,2,11,137,796,0,1,0,19,0,26,1,1,pre_allocation
827,1287,normal,0,0,65535_65535,2,11,137,838,1,1,1,20,838,26,1,1,allocated
827,1287,normal,0,0,65535_65535,2,25,137,335,0,1,0,19,0,15,1,1,pre_allocation
827,1287,normal,0,0,65535_65535,2,25,137,353,1,1,1,20,353,15,1,1,allocated
827,1287,normal,0,0,65535_65535,2,21,269,335,0,1,0,19,0,15,1,1,pre_allocation
827,1287,normal,0,0,65535_65535,2,21,269,353,1,1,1,20,353,15,1,1,allocated
827,1287,normal,0,0,65535_65535,2,27,137,907,0,1,0,20,0,28,1,1,pre_allocation
827,1287,normal,0,0,65535_65535,2,27,137,953,1,1,1,21,953,28,1,1,allocated
827,1287,normal,0,0,65535_65535,2,26,137,907,0,1,0,20,0,28,1,1,pre_allocation
827,1287,normal,0,0,65535_65535,2,26,137,953,1,1,1,21,953,28,1,1,allocated
827,1287,normal,0,0,65535_65535,2,12,137,907,0,1,0,20,0,28,1,1,pre_allocation
827,1287,normal,0,0,65535_65535,2,12,137,953,1,1,1,21,953,28,1,1,allocated
827,1287,normal,0,0,65535_65535,2,11,137,838,0,1,0,20,0,26,1,1,pre_allocation
827,1287,normal,0,0,65535_65535,2,11,137,880,1,1,1,21,880,26,1,1,allocated
827,1287,normal,0,0,65535_65535,2,25,137,353,0,1,0,20,0,15,1,1,pre_allocation
827,1287,normal,0,0,65535_65535,2,25,137,371,1,1,1,21,371,15,1,1,allocated
827,1287,normal,0,0,65535_65535,2,21,269,353,0,1,0,20,0,15,1,1,pre_allocation
827,1287,normal,0,0,65535_65535,2,21,269,371,1,1,1,21,371,15,1,1,allocated
827,1287,normal,0,0,65535_65535,2,27,137,953,0,1,0,21,0,28,1,1,pre_allocation
827,1287,normal,0,0,65535_65535,2,27,137,998,1,1,1,22,998,28,1,1,allocated
827,1287,normal,0,0,65535_65535,2,26,137,953,0,1,0,21,0,28,1,1,pre_allocation
827,1287,normal,0,0,65535_65535,2,26,137,998,1,1,1,22,998,28,1,1,allocated
827,1287,normal,0,0,65535_65535,2,12,137,953,0,1,0,21,0,28,1,1,pre_allocation
827,1287,normal,0,0,65535_65535,2,12,137,998,1,1,1,22,998,28,1,1,allocated
939,1385,normal,0,0,65535_65535,0,1,4601,0,0,1,0,0,0,28,1,1,pre_allocation
939,1385,normal,0,0,65535_65535,0,1,4601,42,1,1,1,1,42,28,1,1,allocated
939,1385,normal,0,0,65535_65535,0,4,4601,0,0,1,0,0,0,16,1,1,pre_allocation
939,1385,normal,0,0,65535_65535,0,4,4601,16,1,1,1,1,16,16,1,1,allocated
939,1385,normal,0,0,65535_65535,0,1,4601,42,0,1,0,1,0,28,1,1,pre_allocation
939,1385,normal,0,0,65535_65535,0,1,4601,88,1,1,1,2,88,28,1,1,allocated
939,1385,normal,0,0,65535_65535,0,4,4601,16,0,1,0,1,0,16,1,1,pre_allocation
939,1385,normal,0,0,65535_65535,0,4,4601,36,1,1,1,2,36,16,1,1,allocated
939,1385,normal,0,0,65535_65535,0,1,4601,88,0,1,0,2,0,28,1,1,pre_allocation
939,1385,normal,0,0,65535_65535,0,1,4601,133,1,1,1,3,133,28,1,1,allocated
939,1385,normal,0,0,65535_65535,0,4,4601,36,0,1,0,2,0,16,1,1,pre_allocation
939,1385,normal,0,0,65535_65535,0,4,4601,56,1,1,1,3,56,16,1,1,allocated
939,1385,normal,0,0,65535_65535,0,1,4601,133,0,1,0,3,0,28,1,1,pre_allocation
939,1385,normal,0,0,65535_65535,0,1,4601,179,1,1,1,4,179,28,1,1,allocated
939,1385,normal,0,0,65535_65535,0,4,4601,56,0,1,0,3,0,16,1,1,pre_allocation
939,1385,normal,0,0,65535_65535,0,4,4601,76,1,1,1,4,76,16,1,1,allocated
939,1385,normal,0,0,65535_65535,0,1,4601,179,0,1,0,4,0,28,1,1,pre_allocation
939,1385,normal,0,0,65535_65535,0,1,4601,224,1,1,1,5,224,28,1,1,allocated
939,1385,normal,0,0,65535_65535,0,4,4601,76,0,1,0,4,0,16,1,1,pre_allocation
939,1385,normal,0,0,65535_65535,0,4,4601,96,1,1,1,5,96,16,1,1,allocated
939,1385,normal,0,0,65535_65535,0,1,4601,224,0,1,0,5,0,28,1,1,pre_allocation
939,1385,normal,0,0,65535_65535,0,1,4601,270,1,1,1,6,270,28,1,1,allocated
939,1385,normal,0,0,65535_65535,0,4,4601,96,0,1,0,5,0,16,1,1,pre_allocation
939,1385,normal,0,0,65535_65535,0,4,4601,115,1,1,1,6,115,16,1,1,allocated
939,1385,normal,0,0,65535_65535,0,1,4601,270,0,1,0,6,0,28,1,1,pre_allocation
939,1385,normal,0,0,65535_65535,0,1,4601,315,1,1,1,7,315,28,1,1,allocated
939,1385,normal,0,0,65535_65535,0,4,4601,115,0,1,0,6,0,16,1,1,pre_allocation
939,1385,normal,0,0,65535_65535,0,4,4601,135,1,1,1,7,135,16,1,1,allocated
939,1385,normal,0,0,65535_65535,0,1,4601,315,0,1,0,7,0,28,1,1,pre_allocation
939,1385,normal,0,0,65535_65535,0,1,4601,361,1,1,1,8,361,28,1,1,allocated
939,1385,normal,0,0,65535_65535,0,4,4601,135,0,1,0,7,0,16,1,1,pre_allocation
939,1385,normal,0,0,65535_65535,0,4,4601,155,1,1,1,8,155,16,1,1,allocated
939,1385,normal,0,0,65535_65535,0,1,4601,361,0,1,0,8,0,28,1,1,pre_allocation
939,1385,normal,0,0,65535_65535,0,1,4601,406,1,1,1,9,406,28,1,1,allocated
939,1385,normal,0,0,65535_65535,0,4,4601,155,0,1,0,8,0,16,1,1,pre_allocation
939,1385,normal,0,0,65535_65535,0,4,4601,175,1,1,1,9,175,16,1,1,allocated
939,1385,normal,0,0,65535_65535,0,1,4601,406,0,1,0,9,0,28,1,1,pre_allocation
939,1385,normal,0,0,65535_65535,0,1,4601,452,1,1,1,10,452,28,1,1,allocated
939,1385,normal,0,0,65535_65535,0,4,4601,175,0,1,0,9,0,16,1,1,pre_allocation
939,1385,normal,0,0,65535_65535,0,4,4601,195,1,1,1,10,195,16,1,1,allocated
939,1385,normal,0,0,65535_65535,0,1,4601,452,0,1,0,10,0,28,1,1,pre_allocation
939,1385,normal,0,0,65535_65535,0,1,4601,497,1,1,1,11,497,28,1,1,allocated
939,1385,normal,0,0,65535_65535,0,4,4601,195,0,1,0,10,0,16,1,1,pre_allocation
939,1385,normal,0,0,65535_65535,0,4,4601,214,1,1,1,11,214,16,1,1,allocated
939,1385,normal,0,0,65535_65535,0,1,4601,497,0,1,0,11,0,28,1,1,pre_allocation
939,1385,normal,0,0,65535_65535,0,1,4601,543,1,1,1,12,543,28,1,1,allocated
939,1385,normal,0,0,65535_65535,0,4,4601,214,0,1,0,11,0,16,1,1,pre_allocation
939,1385,normal,0,0,65535_65535,0,4,4601,234,1,1,1,12,234,16,1,1,allocated
939,1385,normal,0,0,65535_65535,0,1,4601,543,0,1,0,12,0,28,1,1,pre_allocation
939,1385,normal,0,0,65535_65535,0,1,4601,589,1,1,1,13,589,28,1,1,allocated
939,1385,normal,0,0,65535_65535,0,4,4601,234,0,1,0,12,0,16,1,1,pre_allocation
939,1385,normal,0,0,65535_65535,0,4,4601,254,1,1,1,13,254,16,1,1,allocated
939,1385,normal,0,0,65535_65535,0,1,4601,589,0,1,0,13,0,28,1,1,pre_allocation
939,1385,normal,0,0,65535_65535,0,1,4601,634,1,1,1,14,634,28,1,1,allocated
939,1385,normal,0,0,65535_65535,0,4,4601,254,0,1,0,13,0,16,1,1,pre_allocation
939,1385,normal,0,0,65535_65535,0,4,4601,274,1,1,1,14,274,16,1,1,allocated
939,1385,normal,0,0,65535_65535,0,1,4601,634,0,1,0,14,0,28,1,1,pre_allocation
939,1385,normal,0,0,65535_65535,0,1,4601,680,1,1,1,15,680,28,1,1,allocated
939,1385,normal,0,0,65535_65535,0,4,4601,274,0,1,0,14,0,16,1,1,pre_allocation
939,1385,normal,0,0,65535_65535,0,4,4601,294,1,1,1,15,294,16,1,1,allocated
939,1385,normal,0,0,65535_65535,0,1,4601,680,0,1,0,15,0,28,1,1,pre_allocation
939,1385,normal,0,0,65535_65535,0,1,4601,725,1,1,1,16,725,28,1,1,allocated
939,1385,normal,0,0,65535_65535,0,4,4601,294,0,1,0,15,0,16,1,1,pre_allocation
939,1385,normal,0,0,65535_65535,0,4,4601,313,1,1,1,16,313,16,1,1,allocated
939,1385,normal,0,0,65535_65535,0,1,4601,725,0,1,0,16,0,28,1,1,pre_allocation
939,1385,normal,0,0,65535_65535,0,1,4601,771,1,1,1,17,771,28,1,1,allocated
939,1385,normal,0,0,65535_65535,0,4,4601,313,0,1,0,16,0,16,1,1,pre_allocation
939,1385,normal,0,0,65535_65535,0,4,4601,333,1,1,1,17,333,16,1,1,allocated
939,1385,normal,0,0,65535_65535,0,1,4601,771,0,1,0,17,0,28,1,1,pre_allocation
939,1385,normal,0,0,65535_65535,0,1,4601,816,1,1,1,18,816,28,1,1,allocated
939,1385,normal,0,0,65535_65535,0,4,4601,333,0,1,0,17,0,16,1,1,pre_allocation
939,1385,normal,0,0,65535_65535,0,4,4601,353,1,1,1,18,353,16,1,1,allocated
939,1385,normal,0,0,65535_65535,0,1,4601,816,0,1,0,18,0,28,1,1,pre_allocation
939,1385,normal,0,0,65535_65535,0,1,4601,862,1,1,1,19,862,28,1,1,allocated
939,1385,normal,0,0,65535_65535,0,4,4601,353,0,1,0,18,0,16,1,1,pre_allocation
939,1385,normal,0,0,65535_65535,0,4,4601,373,1,1,1,19,373,16,1,1,allocated
939,1385,normal,0,0,65535_65535,0,1,4601,862,0,1,0,19,0,28,1,1,pre_allocation
939,1385,normal,0,0,65535_65535,0,1,4601,907,1,1,1,20,907,28,1,1,allocated
939,1385,normal,0,0,65535_65535,0,4,4601,373,0,1,0,19,0,16,1,1,pre_allocation
939,1385,normal,0,0,65535_65535,0,4,4601,393,1,1,1,20,393,16,1,1,allocated
939,1385,normal,0,0,65535_65535,0,1,4601,907,0,1,0,20,0,28,1,1,pre_allocation
939,1385,normal,0,0,65535_65535,0,1,4601,953,1,1,1,21,953,28,1,1,allocated
939,1385,normal,0,0,65535_65535,0,4,4601,393,0,1,0,20,0,16,1,1,pre_allocation
939,1385,normal,0,0,65535_65535,0,4,4601,412,1,1,1,21,412,16,1,1,allocated
939,1385,normal,0,0,65535_65535,0,1,4601,953,0,1,0,21,0,28,1,1,pre_allocation
939,1385,normal,0,0,65535_65535,0,1,4601,998,1,1,1,22,998,28,1,1,allocated
939,1385,normal,0,0,65535_65535,0,4,4601,412,0,1,0,21,0,16,1,1,pre_allocation
939,1385,normal,0,0,65535_65535,0,4,4601,432,1,1,1,22,432,16,1,1,allocated
939,1385,normal,0,0,65535_65535,0,1,4601,998,0,1,0,22,0,28,1,1,pre_allocation
939,1385,normal,0,0,65535_65535,0,1,4601,1044,1,1,1,23,1044,28,1,1,allocated
939,1385,normal,0,0,65535_65535,0,4,4601,432,0,1,0,22,0,16,1,1,pre_allocation
939,1385,normal,0,0,65535_65535,0,4,4601,452,1,1,1,23,452,16,1,1,allocated
939,1385,normal,0,0,65535_65535,0,1,4601,1044,0,1,0,23,0,28,1,1,pre_allocation
939,1385,normal,0,0,65535_65535,0,1,4601,1089,1,1,1,24,1089,28,1,1,allocated
939,1385,normal,0,0,65535_65535,0,4,4601,452,0,1,0,23,0,16,1,1,pre_allocation
939,1385,normal,0,0,65535_65535,0,4,4601,472,1,1,1,24,472,16,1,1,allocated
939,1385,normal,0,0,65535_65535,0,1,4601,1089,0,1,0,24,0,28,1,1,pre_allocation
939,1385,normal,0,0,65535_65535,0,1,4601,1135,1,1,1,25,1135,28,1,1,allocated
939,1385,normal,0,0,65535_65535,0,4,4601,472,0,1,0,24,0,16,1,1,pre_allocation
939,1385,normal,0,0,65535_65535,0,4,4601,492,1,1,1,25,492,16,1,1,allocated
939,1385,normal,0,0,65535_65535,0,1,4601,1135,0,1,0,25,0,28,1,1,pre_allocation
939,1385,normal,0,0,65535_65535,0,1,4601,1181,1,1,1,26,1181,28,1,1,allocated
939,1385,normal,0,0,65535_65535,0,4,4601,492,0,1,0,25,0,16,1,1,pre_allocation
939,1385,normal,0,0,65535_65535,0,4,4601,511,1,1,1,26,511,16,1,1,allocated
939,1385,normal,0,0,65535_65535,0,1,4601,1181,0,1,0,26,0,28,1,1,pre_allocation
939,1385,normal,0,0,65535_65535,0,1,4601,1226,1,1,1,27,1226,28,1,1,allocated
939,1385,normal,0,0,65535_65535,0,4,4601,511,0,1,0,26,0,16,1,1,pre_allocation
939,1385,normal,0,0,65535_65535,0,4,4601,531,1,1,1,27,531,16,1,1,allocated
939,1385,normal,0,0,65535_65535,0,1,4601,1226,0,1,0,27,0,28,1,1,pre_allocation
939,1385,normal,0,0,65535_65535,0,1,4601,1272,1,1,1,28,1272,28,1,1,allocated
939,1385,normal,0,0,65535_65535,0,4,4601,531,0,1,0,27,0,16,1,1,pre_allocation
939,1385,normal,0,0,65535_65535,0,4,4601,551,1,1,1,28,551,16,1,1,allocated
939,1385,normal,0,0,65535_65535,0,1,4601,1272,0,1,0,28,0,28,1,1,pre_allocation
939,1385,normal,0,0,65535_65535,0,1,4601,1317,1,1,1,29,1317,28,1,1,allocated
939,1385,normal,0,0,65535_65535,0,4,4601,551,0,1,0,28,0,16,1,1,pre_allocation
939,1385,normal,0,0,65535_65535,0,4,4601,571,1,1,1,29,571,16,1,1,allocated
939,1385,normal,0,0,65535_65535,0,1,4601,1317,0,1,0,29,0,28,1,1,pre_allocation
939,1385,normal,0,0,65535_65535,0,1,4601,1363,1,1,1,30,1363,28,1,1,allocated
939,1385,normal,0,0,65535_65535,0,4,4601,571,0,1,0,29,0,16,1,1,pre_allocation
939,1385,normal,0,0,65535_65535,0,4,4601,591,1,1,1,30,591,16,1,1,allocated
939,1385,normal,0,0,65535_65535,0,1,4601,1363,0,1,0,30,0,28,1,1,pre_allocation
939,1385,normal,0,0,65535_65535,0,1,4601,1408,1,1,1,31,1408,28,1,1,allocated
939,1385,normal,0,0,65535_65535,0,4,4601,591,0,1,0,30,0,16,1,1,pre_allocation
939,1385,normal,0,0,65535_65535,0,4,4601,610,1,1,1,31,610,16,1,1,allocated
939,1385,normal,0,0,65535_65535,0,1,4601,1408,0,1,0,31,0,28,1,1,pre_allocation
939,1385,normal,0,0,65535_65535,0,1,4601,1454,1,1,1,32,1454,28,1,1,allocated
939,1385,normal,0,0,65535_65535,0,4,4601,610,0,1,0,31,0,16,1,1,pre_allocation
939,1385,normal,0,0,65535_65535,0,4,4601,630,1,1,1,32,630,16,1,1,allocated
939,1385,normal,0,0,65535_65535,0,1,4601,1454,0,1,0,32,0,28,1,1,pre_allocation
939,1385,normal,0,0,65535_65535,0,1,4601,1499,1,1,1,33,1499,28,1,1,allocated
939,1385,normal,0,0,65535_65535,0,4,4601,630,0,1,0,32,0,16,1,1,pre_allocation
939,1385,normal,0,0,65535_65535,0,4,4601,650,1,1,1,33,650,16,1,1,allocated
939,1385,normal,0,0,65535_65535,0,1,4601,1499,0,1,0,33,0,28,1,1,pre_allocation
939,1385,normal,0,0,65535_65535,0,1,4601,1542,1,1,1,34,1542,28,1,1,allocated
939,1385,normal,0,0,65535_65535,0,4,4601,650,0,1,0,33,0,16,1,1,pre_allocation
939,1385,normal,0,0,65535_65535,0,4,4601,670,1,1,1,34,670,16,1,1,allocated
939,1385,normal,0,0,65535_65535,0,1,4601,1542,0,1,0,34,0,28,1,1,pre_allocation
939,1385,normal,0,0,65535_65535,0,1,4601,1587,1,1,1,35,1587,28,1,1,allocated
939,1385,normal,0,0,65535_65535,0,4,4601,670,0,1,0,34,0,16,1,1,pre_allocation
939,1385,normal,0,0,65535_65535,0,4,4601,690,1,1,1,35,690,16,1,1,allocated
939,1385,normal,0,0,65535_65535,0,1,4601,1587,0,1,0,35,0,28,1,1,pre_allocation
939,1385,normal,0,0,65535_65535,0,1,4601,1633,1,1,1,36,1633,28,1,1,allocated
939,1385,normal,0,0,65535_65535,0,4,4601,690,0,1,0,35,0,16,1,1,pre_allocation
939,1385,normal,0,0,65535_65535,0,4,4601,709,1,1,1,36,709,16,1,1,allocated
939,1385,normal,0,0,65535_65535,0,1,4601,1633,0,1,0,36,0,28,1,1,pre_allocation
939,1385,normal,0,0,65535_65535,0,1,4601,1678,1,1,1,37,1678,28,1,1,allocated
939,1385,normal,0,0,65535_65535,0,4,4601,709,0,1,0,36,0,16,1,1,pre_allocation
939,1385,normal,0,0,65535_65535,0,4,4601,729,1,1,1,37,729,16,1,1,allocated
939,1385,normal,0,0,65535_65535,0,1,4601,1678,0,1,0,37,0,28,1,1,pre_allocation
939,1385,normal,0,0,65535_65535,0,1,4601,1724,1,1,1,38,1724,28,1,1,allocated
939,1385,normal,0,0,65535_65535,0,4,4601,729,0,1,0,37,0,16,1,1,pre_allocation
939,1385,normal,0,0,65535_65535,0,4,4601,749,1,1,1,38,749,16,1,1,allocated
939,1385,normal,0,0,65535_65535,0,1,4601,1724,0,1,0,38,0,28,1,1,pre_allocation
939,1385,normal,0,0,65535_65535,0,1,4601,1770,1,1,1,39,1770,28,1,1,allocated
939,1385,normal,0,0,65535_65535,0,4,4601,749,0,1,0,38,0,16,1,1,pre_allocation
939,1385,normal,0,0,65535_65535,0,4,4601,769,1,1,1,39,769,16,1,1,allocated
939,1385,normal,0,0,65535_65535,0,1,4601,1770,0,1,0,39,0,28,1,1,pre_allocation
939,1385,normal,0,0,65535_65535,0,1,4601,1815,1,1,1,40,1815,28,1,1,allocated
939,1385,normal,0,0,65535_65535,0,4,4601,769,0,1,0,39,0,16,1,1,pre_allocation
939,1385,normal,0,0,65535_65535,0,4,4601,789,1,1,1,40,789,16,1,1,allocated
939,1385,normal,0,0,65535_65535,0,1,4601,1815,0,1,0,40,0,28,1,1,pre_allocation
939,1385,normal,0,0,65535_65535,0,1,4601,1861,1,1,1,41,1861,28,1,1,allocated
939,1385,normal,0,0,65535_65535,0,4,4601,789,0,1,0,40,0,16,1,1,pre_allocation
939,1385,normal,0,0,65535_65535,0,4,4601,808,1,1,1,41,808,16,1,1,allocated
939,1385,normal,0,0,65535_65535,0,1,4601,1861,0,1,0,41,0,28,1,1,pre_allocation
939,1385,normal,0,0,65535_65535,0,1,4601,1906,1,1,1,42,1906,28,1,1,allocated
939,1385,normal,0,0,65535_65535,0,4,4601,808,0,1,0,41,0,16,1,1,pre_allocation
939,1385,normal,0,0,65535_65535,0,4,4601,828,1,1,1,42,828,16,1,1,allocated
939,1385,normal,0,0,65535_65535,0,1,4601,1906,0,1,0,42,0,28,1,1,pre_allocation
939,1385,normal,0,0,65535_65535,0,1,4601,1952,1,1,1,43,1952,28,1,1,allocated
939,1385,normal,0,0,65535_65535,0,4,4601,828,0,1,0,42,0,16,1,1,pre_allocation
939,1385,normal,0,0,65535_65535,0,4,4601,848,1,1,1,43,848,16,1,1,allocated
939,1385,normal,0,0,65535_65535,0,1,4601,1952,0,1,0,43,0,28,1,1,pre_allocation
939,1385,normal,0,0,65535_65535,0,1,4601,1997,1,1,1,44,1997,28,1,1,allocated
939,1385,normal,0,0,65535_65535,0,4,4601,848,0,1,0,43,0,16,1,1,pre_allocation
939,1385,normal,0,0,65535_65535,0,4,4601,868,1,1,1,44,868,16,1,1,allocated
939,1385,normal,0,0,65535_65535,0,1,4601,1997,0,1,0,44,0,28,1,1,pre_allocation
939,1385,normal,0,0,65535_65535,0,1,4601,2043,1,1,1,45,2043,28,1,1,allocated
939,1385,normal,0,0,65535_65535,0,4,4601,868,0,1,0,44,0,16,1,1,pre_allocation
939,1385,normal,0,0,65535_65535,0,4,4601,888,1,1,1,45,888,16,1,1,allocated
939,1385,normal,0,0,65535_65535,0,1,4601,2043,0,1,0,45,0,28,1,1,pre_allocation
939,1385,normal,0,0,65535_65535,0,1,4601,2088,1,1,1,46,2088,28,1,1,allocated
939,1385,normal,0,0,65535_65535,0,4,4601,888,0,1,0,45,0,16,1,1,pre_allocation
939,1385,normal,0,0,65535_65535,0,4,4601,907,1,1,1,46,907,16,1,1,allocated
939,1385,normal,0,0,65535_65535,0,1,4601,2088,0,1,0,46,0,28,1,1,pre_allocation
939,1385,normal,0,0,65535_65535,0,1,4601,2134,1,1,1,47,2134,28,1,1,allocated
939,1385,normal,0,0,65535_65535,0,4,4601,907,0,1,0,46,0,16,1,1,pre_allocation
939,1385,normal,0,0,65535_65535,0,4,4601,927,1,1,1,47,927,16,1,1,allocated
939,1385,normal,0,0,65535_65535,0,1,4601,2134,0,1,0,47,0,28,1,1,pre_allocation
939,1385,normal,0,0,65535_65535,0,1,4601,2179,1,1,1,48,2179,28,1,1,allocated
939,1385,normal,0,0,65535_65535,0,4,4601,927,0,1,0,47,0,16,1,1,pre_allocation
939,1385,normal,0,0,65535_65535,0,4,4601,947,1,1,1,48,947,16,1,1,allocated
939,1385,normal,0,0,65535_65535,0,1,4601,2179,0,1,0,48,0,28,1,1,pre_allocation
939,1385,normal,0,0,65535_65535,0,1,4601,2225,1,1,1,49,2225,28,1,1,allocated
939,1385,normal,0,0,65535_65535,0,4,4601,947,0,1,0,48,0,16,1,1,pre_allocation
939,1385,normal,0,0,65535_65535,0,4,4601,967,1,1,1,49,967,16,1,1,allocated
939,1385,normal,0,0,65535_65535,0,1,4601,2225,0,1,0,49,0,28,1,1,pre_allocation
939,1385,normal,0,0,65535_65535,0,1,4601,2271,1,1,1,50,2271,28,1,1,allocated
939,1385,normal,0,0,65535_65535,0,4,4601,967,0,1,0,49,0,16,1,1,pre_allocation
939,1385,normal,0,0,65535_65535,0,4,4601,987,1,1,1,50,987,16,1,1,allocated
939,1385,normal,0,0,65535_65535,0,1,4601,2271,0,1,0,50,0,28,1,1,pre_allocation
939,1385,normal,0,0,65535_65535,0,1,4601,2313,1,1,1,51,2313,28,1,1,allocated
939,1385,normal,0,0,65535_65535,0,4,4601,987,0,1,0,50,0,16,1,1,pre_allocation
939,1385,normal,0,0,65535_65535,0,4,4601,1006,1,1,1,51,1006,16,1,1,allocated
939,1385,normal,0,0,65535_65535,0,1,4601,2313,0,1,0,51,0,28,1,1,pre_allocation
939,1385,normal,0,0,65535_65535,0,1,4601,2359,1,1,1,52,2359,28,1,1,allocated
939,1385,normal,0,0,65535_65535,0,4,4601,1006,0,1,0,51,0,16,1,1,pre_allocation
939,1385,normal,0,0,65535_65535,0,4,4601,1026,1,1,1,52,1026,16,1,1,allocated
939,1385,normal,0,0,65535_65535,0,1,4601,2359,0,1,0,52,0,28,1,1,pre_allocation
939,1385,normal,0,0,65535_65535,0,1,4601,2404,1,1,1,53,2404,28,1,1,allocated
939,1385,normal,0,0,65535_65535,0,4,4601,1026,0,1,0,52,0,16,1,1,pre_allocation
939,1385,normal,0,0,65535_65535,0,4,4601,1046,1,1,1,53,1046,16,1,1,allocated
939,1385,normal,0,0,65535_65535,0,1,4601,2404,0,1,0,53,0,28,1,1,pre_allocation
939,1385,normal,0,0,65535_65535,0,1,4601,2450,1,1,1,54,2450,28,1,1,allocated
939,1385,normal,0,0,65535_65535,0,4,4601,1046,0,1,0,53,0,16,1,1,pre_allocation
939,1385,normal,0,0,65535_65535,0,4,4601,1066,1,1,1,54,1066,16,1,1,allocated
939,1385,normal,0,0,65535_65535,0,1,4601,2450,0,1,0,54,0,28,1,1,pre_allocation
939,1385,normal,0,0,65535_65535,0,1,4601,2495,1,1,1,55,2495,28,1,1,allocated
939,1385,normal,0,0,65535_65535,0,4,4601,1066,0,1,0,54,0,16,1,1,pre_allocation
939,1385,normal,0,0,65535_65535,0,4,4601,1086,1,1,1,55,1086,16,1,1,allocated
939,1385,normal,0,0,65535_65535,0,1,4601,2495,0,1,0,55,0,28,1,1,pre_allocation
939,1385,normal,0,0,65535_65535,0,1,4601,2541,1,1,1,56,2541,28,1,1,allocated
939,1385,normal,0,0,65535_65535,0,4,4601,1086,0,1,0,55,0,16,1,1,pre_allocation
939,1385,normal,0,0,65535_65535,0,4,4601,1105,1,1,1,56,1105,16,1,1,allocated
939,1385,normal,0,0,65535_65535,0,1,4601,2541,0,1,0,56,0,28,1,1,pre_allocation
939,1385,normal,0,0,65535_65535,0,1,4601,2586,1,1,1,57,2586,28,1,1,allocated
939,1385,normal,0,0,65535_65535,0,4,4601,1105,0,1,0,56,0,16,1,1,pre_allocation
939,1385,normal,0,0,65535_65535,0,4,4601,1125,1,1,1,57,1125,16,1,1,allocated
939,1385,normal,0,0,65535_65535,0,1,4601,2586,0,1,0,57,0,28,1,1,pre_allocation
939,1385,normal,0,0,65535_65535,0,1,4601,2632,1,1,1,58,2632,28,1,1,allocated
939,1385,normal,0,0,65535_65535,0,4,4601,1125,0,1,0,57,0,16,1,1,pre_allocation
939,1385,normal,0,0,65535_65535,0,4,4601,1145,1,1,1,58,1145,16,1,1,allocated
939,1385,normal,0,0,65535_65535,0,1,4601,2632,0,1,0,58,0,28,1,1,pre_allocation
939,1385,normal,0,0,65535_65535,0,1,4601,2677,1,1,1,59,2677,28,1,1,allocated
939,1385,normal,0,0,65535_65535,0,4,4601,1145,0,1,0,58,0,16,1,1,pre_allocation
939,1385,normal,0,0,65535_65535,0,4,4601,1165,1,1,1,59,1165,16,1,1,allocated
939,1385,normal,0,0,65535_65535,0,1,4601,2677,0,1,0,59,0,28,1,1,pre_allocation
939,1385,normal,0,0,65535_65535,0,1,4601,2723,1,1,1,60,2723,28,1,1,allocated
939,1385,normal,0,0,65535_65535,0,4,4601,1165,0,1,0,59,0,16,1,1,pre_allocation
939,1385,normal,0,0,65535_65535,0,4,4601,1185,1,1,1,60,1185,16,1,1,allocated
939,1385,normal,0,0,65535_65535,0,1,4601,2723,0,1,0,60,0,28,1,1,pre_allocation
939,1385,normal,0,0,65535_65535,0,1,4601,2768,1,1,1,61,2768,28,1,1,allocated
939,1385,normal,0,0,65535_65535,0,4,4601,1185,0,1,0,60,0,16,1,1,pre_allocation
939,1385,normal,0,0,65535_65535,0,4,4601,1204,1,1,1,61,1204,16,1,1,allocated
939,1385,normal,0,0,65535_65535,0,1,4601,2768,0,1,0,61,0,28,1,1,pre_allocation
939,1385,normal,0,0,65535_65535,0,1,4601,2814,1,1,1,62,2814,28,1,1,allocated
939,1385,normal,0,0,65535_65535,0,4,4601,1204,0,1,0,61,0,16,1,1,pre_allocation
939,1385,normal,0,0,65535_65535,0,4,4601,1224,1,1,1,62,1224,16,1,1,allocated
939,1385,normal,0,0,65535_65535,0,1,4601,2814,0,1,0,62,0,28,1,1,pre_allocation
939,1385,normal,0,0,65535_65535,0,1,4601,2860,1,1,1,63,2860,28,1,1,allocated
939,1385,normal,0,0,65535_65535,0,4,4601,1224,0,1,0,62,0,16,1,1,pre_allocation
939,1385,normal,0,0,65535_65535,0,4,4601,1244,1,1,1,63,1244,16,1,1,allocated
939,1385,normal,0,0,65535_65535,0,1,4601,2860,0,1,0,63,0,28,1,1,pre_allocation
939,1385,normal,0,0,65535_65535,0,1,4601,2905,1,1,1,64,2905,28,1,1,allocated
939,1385,normal,0,0,65535_65535,0,4,4601,1244,0,1,0,63,0,16,1,1,pre_allocation
939,1385,normal,0,0,65535_65535,0,4,4601,1264,1,1,1,64,1264,16,1,1,allocated
939,1385,normal,0,0,65535_65535,0,1,4601,2905,0,1,0,64,0,28,1,1,pre_allocation
939,1385,normal,0,0,65535_65535,0,1,4601,2951,1,1,1,65,2951,28,1,1,allocated
939,1385,normal,0,0,65535_65535,0,4,4601,1264,0,1,0,64,0,16,1,1,pre_allocation
939,1385,normal,0,0,65535_65535,0,4,4601,1284,1,1,1,65,1284,16,1,1,allocated
939,1385,normal,0,0,65535_65535,0,1,4601,2951,0,1,0,65,0,28,1,1,pre_allocation
939,1385,normal,0,0,65535_65535,0,1,4601,2996,1,1,1,66,2996,28,1,1,allocated
939,1385,normal,0,0,65535_65535,0,4,4601,1284,0,1,0,65,0,16,1,1,pre_allocation
939,1385,normal,0,0,65535_65535,0,4,4601,1303,1,1,1,66,1303,16,1,1,allocated
939,1385,normal,0,0,65535_65535,0,1,4601,2996,0,1,0,66,0,28,1,1,pre_allocation
939,1385,normal,0,0,65535_65535,0,1,4601,3042,1,1,1,67,3042,28,1,1,allocated
939,1385,normal,0,0,65535_65535,0,4,4601,1303,0,1,0,66,0,16,1,1,pre_allocation
939,1385,normal,0,0,65535_65535,0,4,4601,1323,1,1,1,67,1323,16,1,1,allocated
939,1385,normal,0,0,65535_65535,0,1,4601,3042,0,1,0,67,0,28,1,1,pre_allocation
939,1385,normal,0,0,65535_65535,0,1,4601,3084,1,1,1,68,3084,28,1,1,allocated
939,1385,normal,0,0,65535_65535,0,4,4601,1323,0,1,0,67,0,16,1,1,pre_allocation
939,1385,normal,0,0,65535_65535,0,4,4601,1343,1,1,1,68,1343,16,1,1,allocated
939,1385,normal,0,0,65535_65535,0,1,4601,3084,0,1,0,68,0,28,1,1,pre_allocation
939,1385,normal,0,0,65535_65535,0,1,4601,3130,1,1,1,69,3130,28,1,1,allocated
939,1385,normal,0,0,65535_65535,0,4,4601,1343,0,1,0,68,0,16,1,1,pre_allocation
939,1385,normal,0,0,65535_65535,0,4,4601,1363,1,1,1,69,1363,16,1,1,allocated
939,1385,normal,0,0,65535_65535,0,1,4601,3130,0,1,0,69,0,28,1,1,pre_allocation
939,1385,normal,0,0,65535_65535,0,1,4601,3175,1,1,1,70,3175,28,1,1,allocated
939,1385,normal,0,0,65535_65535,0,4,4601,1363,0,1,0,69,0,16,1,1,pre_allocation
939,1385,normal,0,0,65535_65535,0,4,4601,1383,1,1,1,70,1383,16,1,1,allocated
939,1385,normal,0,0,65535_65535,0,1,4601,3175,0,1,0,70,0,28,1,1,pre_allocation
939,1385,normal,0,0,65535_65535,0,1,4601,3221,1,1,1,71,3221,28,1,1,allocated
939,1385,normal,0,0,65535_65535,0,4,4601,1383,0,1,0,70,0,16,1,1,pre_allocation
939,1385,normal,0,0,65535_65535,0,4,4601,1402,1,1,1,71,1402,16,1,1,allocated
939,1385,normal,0,0,65535_65535,0,1,4601,3221,0,1,0,71,0,28,1,1,pre_allocation
939,1385,normal,0,0,65535_65535,0,1,4601,3266,1,1,1,72,3266,28,1,1,allocated
939,1385,normal,0,0,65535_65535,0,4,4601,1402,0,1,0,71,0,16,1,1,pre_allocation
939,1385,normal,0,0,65535_65535,0,4,4601,1422,1,1,1,72,1422,16,1,1,allocated
939,1385,normal,0,0,65535_65535,0,1,4601,3266,0,1,0,72,0,28,1,1,pre_allocation
939,1385,normal,0,0,65535_65535,0,1,4601,3312,1,1,1,73,3312,28,1,1,allocated
939,1385,normal,0,0,65535_65535,0,4,4601,1422,0,1,0,72,0,16,1,1,pre_allocation
939,1385,normal,0,0,65535_65535,0,4,4601,1442,1,1,1,73,1442,16,1,1,allocated
939,1385,normal,0,0,65535_65535,0,1,4601,3312,0,1,0,73,0,28,1,1,pre_allocation
939,1385,normal,0,0,65535_65535,0,1,4601,3357,1,1,1,74,3357,28,1,1,allocated
939,1385,normal,0,0,65535_65535,0,4,4601,1442,0,1,0,73,0,16,1,1,pre_allocation
939,1385,normal,0,0,65535_65535,0,4,4601,1462,1,1,1,74,1462,16,1,1,allocated
939,1385,normal,0,0,65535_65535,0,1,4601,3357,0,1,0,74,0,28,1,1,pre_allocation
939,1385,normal,0,0,65535_65535,0,1,4601,3403,1,1,1,75,3403,28,1,1,allocated
939,1385,normal,0,0,65535_65535,0,4,4601,1462,0,1,0,74,0,16,1,1,pre_allocation
939,1385,normal,0,0,65535_65535,0,4,4601,1482,1,1,1,75,1482,16,1,1,allocated
939,1385,normal,0,0,65535_65535,0,1,4601,3403,0,1,0,75,0,28,1,1,pre_allocation
939,1385,normal,0,0,65535_65535,0,1,4601,3449,1,1,1,76,3449,28,1,1,allocated
939,1385,normal,0,0,65535_65535,0,4,4601,1482,0,1,0,75,0,16,1,1,pre_allocation
939,1385,normal,0,0,65535_65535,0,4,4601,1501,1,1,1,76,1501,16,1,1,allocated
939,1385,normal,0,0,65535_65535,0,1,4601,3449,0,1,0,76,0,28,1,1,pre_allocation
939,1385,normal,0,0,65535_65535,0,1,4601,3494,1,1,1,77,3494,28,1,1,allocated
939,1385,normal,0,0,65535_65535,0,4,4601,1501,0,1,0,76,0,16,1,1,pre_allocation
939,1385,normal,0,0,65535_65535,0,4,4601,1521,1,1,1,77,1521,16,1,1,allocated
939,1385,normal,0,0,65535_65535,0,1,4601,3494,0,1,0,77,0,28,1,1,pre_allocation
939,1385,normal,0,0,65535_65535,0,1,4601,3540,1,1,1,78,3540,28,1,1,allocated
939,1385,normal,0,0,65535_65535,0,4,4601,1521,0,1,0,77,0,16,1,1,pre_allocation
939,1385,normal,0,0,65535_65535,0,4,4601,1538,1,1,1,78,1538,16,1,1,allocated
939,1385,normal,0,0,65535_65535,0,1,4601,3540,0,1,0,78,0,28,1,1,pre_allocation
939,1385,normal,0,0,65535_65535,0,1,4601,3585,1,1,1,79,3585,28,1,1,allocated
939,1385,normal,0,0,65535_65535,0,4,4601,1538,0,1,0,78,0,16,1,1,pre_allocation
939,1385,normal,0,0,65535_65535,0,4,4601,1558,1,1,1,79,1558,16,1,1,allocated
939,1385,normal,0,0,65535_65535,0,1,4601,3585,0,1,0,79,0,28,1,1,pre_allocation
939,1385,normal,0,0,65535_65535,0,1,4601,3631,1,1,1,80,3631,28,1,1,allocated
939,1385,normal,0,0,65535_65535,0,4,4601,1558,0,1,0,79,0,16,1,1,pre_allocation
939,1385,normal,0,0,65535_65535,0,4,4601,1578,1,1,1,80,1578,16,1,1,allocated
939,1385,normal,0,0,65535_65535,0,1,4601,3631,0,1,0,80,0,28,1,1,pre_allocation
939,1385,normal,0,0,65535_65535,0,1,4601,3676,1,1,1,81,3676,28,1,1,allocated
939,1385,normal,0,0,65535_65535,0,4,4601,1578,0,1,0,80,0,16,1,1,pre_allocation
939,1385,normal,0,0,65535_65535,0,4,4601,1597,1,1,1,81,1597,16,1,1,allocated
939,1385,normal,0,0,65535_65535,0,1,4601,3676,0,1,0,81,0,28,1,1,pre_allocation
939,1385,normal,0,0,65535_65535,0,1,4601,3722,1,1,1,82,3722,28,1,1,allocated
939,1385,normal,0,0,65535_65535,0,4,4601,1597,0,1,0,81,0,16,1,1,pre_allocation
939,1385,normal,0,0,65535_65535,0,4,4601,1617,1,1,1,82,1617,16,1,1,allocated
939,1385,normal,0,0,65535_65535,0,1,4601,3722,0,1,0,82,0,28,1,1,pre_allocation
939,1385,normal,0,0,65535_65535,0,1,4601,3767,1,1,1,83,3767,28,1,1,allocated
939,1385,normal,0,0,65535_65535,0,4,4601,1617,0,1,0,82,0,16,1,1,pre_allocation
939,1385,normal,0,0,65535_65535,0,4,4601,1637,1,1,1,83,1637,16,1,1,allocated
939,1385,normal,0,0,65535_65535,0,1,4601,3767,0,1,0,83,0,28,1,1,pre_allocation
939,1385,normal,0,0,65535_65535,0,1,4601,3813,1,1,1,84,3813,28,1,1,allocated
939,1385,normal,0,0,65535_65535,0,4,4601,1637,0,1,0,83,0,16,1,1,pre_allocation
939,1385,normal,0,0,65535_65535,0,4,4601,1657,1,1,1,84,1657,16,1,1,allocated
939,1385,normal,0,0,65535_65535,1,6,87,0,0,1,0,0,0,28,1,1,pre_allocation
939,1385,normal,0,0,65535_65535,1,6,87,42,1,1,1,1,42,28,1,1,allocated
939,1385,normal,0,0,65535_65535,1,8,87,0,0,1,0,0,0,28,1,1,pre_allocation
939,1385,normal,0,0,65535_65535,1,8,87,42,1,1,1,1,42,28,1,1,allocated
939,1385,normal,0,0,65535_65535,1,9,87,0,0,1,0,0,0,28,1,1,pre_allocation
939,1385,normal,0,0,65535_65535,1,9,87,42,1,1,1,1,42,28,1,1,allocated
939,1385,normal,0,0,65535_65535,1,7,87,0,0,1,0,0,0,26,1,1,pre_allocation
939,1385,normal,0,0,65535_65535,1,7,87,39,1,1,1,1,39,26,1,1,allocated
939,1385,normal,0,0,65535_65535,1,6,87,42,0,1,0,1,0,28,1,1,pre_allocation
939,1385,normal,0,0,65535_65535,1,6,87,88,1,1,1,2,88,28,1,1,allocated
939,1385,normal,0,0,65535_65535,1,8,87,42,0,1,0,1,0,28,1,1,pre_allocation
939,1385,normal,0,0,65535_65535,1,8,87,88,1,1,1,2,88,28,1,1,allocated
939,1385,normal,0,0,65535_65535,1,9,87,42,0,1,0,1,0,28,1,1,pre_allocation
939,1385,normal,0,0,65535_65535,1,9,87,88,1,1,1,2,88,28,1,1,allocated
939,1385,normal,0,0,65535_65535,1,7,87,39,0,1,0,1,0,26,1,1,pre_allocation
939,1385,normal,0,0,65535_65535,1,7,87,81,1,1,1,2,81,26,1,1,allocated
939,1385,normal,0,0,65535_65535,1,6,87,88,0,1,0,2,0,28,1,1,pre_allocation
939,1385,normal,0,0,65535_65535,1,6,87,133,1,1,1,3,133,28,1,1,allocated
939,1385,normal,0,0,65535_65535,1,8,87,88,0,1,0,2,0,28,1,1,pre_allocation
939,1385,normal,0,0,65535_65535,1,8,87,133,1,1,1,3,133,28,1,1,allocated
939,1385,normal,0,0,65535_65535,1,9,87,88,0,1,0,2,0,28,1,1,pre_allocation
939,1385,normal,0,0,65535_65535,1,9,87,133,1,1,1,3,133,28,1,1,allocated
939,1385,normal,0,0,65535_65535,1,7,87,81,0,1,0,2,0,26,1,1,pre_allocation
939,1385,normal,0,0,65535_65535,1,7,87,123,1,1,1,3,123,26,1,1,allocated
939,1385,normal,0,0,65535_65535,1,6,87,133,0,1,0,3,0,28,1,1,pre_allocation
939,1385,normal,0,0,65535_65535,1,6,87,179,1,1,1,4,179,28,1,1,allocated
939,1385,normal,0,0,65535_65535,1,8,87,133,0,1,0,3,0,28,1,1,pre_allocation
939,1385,normal,0,0,65535_65535,1,8,87,179,1,1,1,4,179,28,1,1,allocated
939,1385,normal,0,0,65535_65535,1,9,87,133,0,1,0,3,0,28,1,1,pre_allocation
939,1385,normal,0,0,65535_65535,1,9,87,179,1,1,1,4,179,28,1,1,allocated
939,1385,normal,0,0,65535_65535,1,7,87,123,0,1,0,3,0,26,1,1,pre_allocation
939,1385,normal,0,0,65535_65535,1,7,87,165,1,1,1,4,165,26,1,1,allocated
939,1385,normal,0,0,65535_65535,1,6,87,179,0,1,0,4,0,28,1,1,pre_allocation
939,1385,normal,0,0,65535_65535,1,6,87,224,1,1,1,5,224,28,1,1,allocated
939,1385,normal,0,0,65535_65535,1,8,87,179,0,1,0,4,0,28,1,1,pre_allocation
939,1385,normal,0,0,65535_65535,1,8,87,224,1,1,1,5,224,28,1,1,allocated
939,1385,normal,0,0,65535_65535,1,9,87,179,0,1,0,4,0,28,1,1,pre_allocation
939,1385,normal,0,0,65535_65535,1,9,87,224,1,1,1,5,224,28,1,1,allocated
939,1385,normal,0,0,65535_65535,1,7,87,165,0,1,0,4,0,26,1,1,pre_allocation
939,1385,normal,0,0,65535_65535,1,7,87,207,1,1,1,5,207,26,1,1,allocated
939,1385,normal,0,0,65535_65535,1,6,87,224,0,1,0,5,0,28,1,1,pre_allocation
939,1385,normal,0,0,65535_65535,1,6,87,270,1,1,1,6,270,28,1,1,allocated
939,1385,normal,0,0,65535_65535,1,8,87,224,0,1,0,5,0,28,1,1,pre_allocation
939,1385,normal,0,0,65535_65535,1,8,87,270,1,1,1,6,270,28,1,1,allocated
939,1385,normal,0,0,65535_65535,1,9,87,224,0,1,0,5,0,28,1,1,pre_allocation
939,1385,normal,0,0,65535_65535,1,9,87,270,1,1,1,6,270,28,1,1,allocated
939,1385,normal,0,0,65535_65535,1,7,87,207,0,1,0,5,0,26,1,1,pre_allocation
939,1385,normal,0,0,65535_65535,1,7,87,249,1,1,1,6,249,26,1,1,allocated
939,1385,normal,0,0,65535_65535,1,6,87,270,0,1,0,6,0,28,1,1,pre_allocation
939,1385,normal,0,0,65535_65535,1,6,87,315,1,1,1,7,315,28,1,1,allocated
939,1385,normal,0,0,65535_65535,1,8,87,270,0,1,0,6,0,28,1,1,pre_allocation
939,1385,normal,0,0,65535_65535,1,8,87,315,1,1,1,7,315,28,1,1,allocated
939,1385,normal,0,0,65535_65535,1,9,87,270,0,1,0,6,0,28,1,1,pre_allocation
939,1385,normal,0,0,65535_65535,1,9,87,315,1,1,1,7,315,28,1,1,allocated
939,1385,normal,0,0,65535_65535,1,7,87,249,0,1,0,6,0,26,1,1,pre_allocation
939,1385,normal,0,0,65535_65535,1,7,87,291,1,1,1,7,291,26,1,1,allocated
939,1385,normal,0,0,65535_65535,1,6,87,315,0,1,0,7,0,28,1,1,pre_allocation
939,1385,normal,0,0,65535_65535,1,6,87,361,1,1,1,8,361,28,1,1,allocated
939,1385,normal,0,0,65535_65535,1,8,87,315,0,1,0,7,0,28,1,1,pre_allocation
939,1385,normal,0,0,65535_65535,1,8,87,361,1,1,1,8,361,28,1,1,allocated
939,1385,normal,0,0,65535_65535,1,9,87,315,0,1,0,7,0,28,1,1,pre_allocation
939,1385,normal,0,0,65535_65535,1,9,87,361,1,1,1,8,361,28,1,1,allocated
939,1385,normal,0,0,65535_65535,1,7,87,291,0,1,0,7,0,26,1,1,pre_allocation
939,1385,normal,0,0,65535_65535,1,7,87,333,1,1,1,8,333,26,1,1,allocated
939,1385,normal,0,0,65535_65535,1,6,87,361,0,1,0,8,0,28,1,1,pre_allocation
939,1385,normal,0,0,65535_65535,1,6,87,406,1,1,1,9,406,28,1,1,allocated
939,1385,normal,0,0,65535_65535,1,8,87,361,0,1,0,8,0,28,1,1,pre_allocation
939,1385,normal,0,0,65535_65535,1,8,87,406,1,1,1,9,406,28,1,1,allocated
939,1385,normal,0,0,65535_65535,1,9,87,361,0,1,0,8,0,28,1,1,pre_allocation
939,1385,normal,0,0,65535_65535,1,9,87,406,1,1,1,9,406,28,1,1,allocated
939,1385,normal,0,0,65535_65535,1,7,87,333,0,1,0,8,0,26,1,1,pre_allocation
939,1385,normal,0,0,65535_65535,1,7,87,375,1,1,1,9,375,26,1,1,allocated
939,1385,normal,0,0,65535_65535,1,6,87,406,0,1,0,9,0,28,1,1,pre_allocation
939,1385,normal,0,0,65535_65535,1,6,87,452,1,1,1,10,452,28,1,1,allocated
939,1385,normal,0,0,65535_65535,1,8,87,406,0,1,0,9,0,28,1,1,pre_allocation
939,1385,normal,0,0,65535_65535,1,8,87,452,1,1,1,10,452,28,1,1,allocated
939,1385,normal,0,0,65535_65535,1,9,87,406,0,1,0,9,0,28,1,1,pre_allocation
939,1385,normal,0,0,65535_65535,1,9,87,452,1,1,1,10,452,28,1,1,allocated
939,1385,normal,0,0,65535_65535,1,7,87,375,0,1,0,9,0,26,1,1,pre_allocation
939,1385,normal,0,0,65535_65535,1,7,87,417,1,1,1,10,417,26,1,1,allocated
939,1385,normal,0,0,65535_65535,1,6,87,452,0,1,0,10,0,28,1,1,pre_allocation
939,1385,normal,0,0,65535_65535,1,6,87,497,1,1,1,11,497,28,1,1,allocated
939,1385,normal,0,0,65535_65535,1,8,87,452,0,1,0,10,0,28,1,1,pre_allocation
939,1385,normal,0,0,65535_65535,1,8,87,497,1,1,1,11,497,28,1,1,allocated
939,1385,normal,0,0,65535_65535,1,9,87,452,0,1,0,10,0,28,1,1,pre_allocation
939,1385,normal,0,0,65535_65535,1,9,87,497,1,1,1,11,497,28,1,1,allocated
939,1385,normal,0,0,65535_65535,1,7,87,417,0,1,0,10,0,26,1,1,pre_allocation
939,1385,normal,0,0,65535_65535,1,7,87,459,1,1,1,11,459,26,1,1,allocated
939,1385,normal,0,0,65535_65535,1,6,87,497,0,1,0,11,0,28,1,1,pre_allocation
939,1385,normal,0,0,65535_65535,1,6,87,543,1,1,1,12,543,28,1,1,allocated
939,1385,normal,0,0,65535_65535,1,8,87,497,0,1,0,11,0,28,1,1,pre_allocation
939,1385,normal,0,0,65535_65535,1,8,87,543,1,1,1,12,543,28,1,1,allocated
939,1385,normal,0,0,65535_65535,1,9,87,497,0,1,0,11,0,28,1,1,pre_allocation
939,1385,normal,0,0,65535_65535,1,9,87,543,1,1,1,12,543,28,1,1,allocated
939,1385,normal,0,0,65535_65535,1,7,87,459,0,1,0,11,0,26,1,1,pre_allocation
939,1385,normal,0,0,65535_65535,1,7,87,501,1,1,1,12,501,26,1,1,allocated
939,1385,normal,0,0,65535_65535,1,6,87,543,0,1,0,12,0,28,1,1,pre_allocation
939,1385,normal,0,0,65535_65535,1,6,87,589,1,1,1,13,589,28,1,1,allocated
939,1385,normal,0,0,65535_65535,1,8,87,543,0,1,0,12,0,28,1,1,pre_allocation
939,1385,normal,0,0,65535_65535,1,8,87,589,1,1,1,13,589,28,1,1,allocated
939,1385,normal,0,0,65535_65535,1,9,87,543,0,1,0,12,0,28,1,1,pre_allocation
939,1385,normal,0,0,65535_65535,1,9,87,589,1,1,1,13,589,28,1,1,allocated
939,1385,normal,0,0,65535_65535,1,7,87,501,0,1,0,12,0,26,1,1,pre_allocation
939,1385,normal,0,0,65535_65535,1,7,87,543,1,1,1,13,543,26,1,1,allocated
939,1385,normal,0,0,65535_65535,1,6,87,589,0,1,0,13,0,28,1,1,pre_allocation
939,1385,normal,0,0,65535_65535,1,6,87,634,1,1,1,14,634,28,1,1,allocated
939,1385,normal,0,0,65535_65535,1,8,87,589,0,1,0,13,0,28,1,1,pre_allocation
939,1385,normal,0,0,65535_65535,1,8,87,634,1,1,1,14,634,28,1,1,allocated
939,1385,normal,0,0,65535_65535,1,9,87,589,0,1,0,13,0,28,1,1,pre_allocation
939,1385,normal,0,0,65535_65535,1,9,87,634,1,1,1,14,634,28,1,1,allocated
939,1385,normal,0,0,65535_65535,1,7,87,543,0,1,0,13,0,26,1,1,pre_allocation
939,1385,normal,0,0,65535_65535,1,7,87,586,1,1,1,14,586,26,1,1,allocated
939,1385,normal,0,0,65535_65535,1,6,87,634,0,1,0,14,0,28,1,1,pre_allocation
939,1385,normal,0,0,65535_65535,1,6,87,680,1,1,1,15,680,28,1,1,allocated
939,1385,normal,0,0,65535_65535,1,8,87,634,0,1,0,14,0,28,1,1,pre_allocation
939,1385,normal,0,0,65535_65535,1,8,87,680,1,1,1,15,680,28,1,1,allocated
939,1385,normal,0,0,65535_65535,1,9,87,634,0,1,0,14,0,28,1,1,pre_allocation
939,1385,normal,0,0,65535_65535,1,9,87,680,1,1,1,15,680,28,1,1,allocated
939,1385,normal,0,0,65535_65535,1,7,87,586,0,1,0,14,0,26,1,1,pre_allocation
939,1385,normal,0,0,65535_65535,1,7,87,628,1,1,1,15,628,26,1,1,allocated
939,1385,normal,0,0,65535_65535,1,6,87,680,0,1,0,15,0,28,1,1,pre_allocation
939,1385,normal,0,0,65535_65535,1,6,87,725,1,1,1,16,725,28,1,1,allocated
939,1385,normal,0,0,65535_65535,1,8,87,680,0,1,0,15,0,28,1,1,pre_allocation
939,1385,normal,0,0,65535_65535,1,8,87,725,1,1,1,16,725,28,1,1,allocated
939,1385,normal,0,0,65535_65535,1,9,87,680,0,1,0,15,0,28,1,1,pre_allocation
939,1385,normal,0,0,65535_65535,1,9,87,725,1,1,1,16,725,28,1,1,allocated
939,1385,normal,0,0,65535_65535,1,7,87,628,0,1,0,15,0,26,1,1,pre_allocation
939,1385,normal,0,0,65535_65535,1,7,87,670,1,1,1,16,670,26,1,1,allocated
939,1385,normal,0,0,65535_65535,1,6,87,725,0,1,0,16,0,28,1,1,pre_allocation
939,1385,normal,0,0,65535_65535,1,6,87,771,1,1,1,17,771,28,1,1,allocated
939,1385,normal,0,0,65535_65535,1,8,87,725,0,1,0,16,0,28,1,1,pre_allocation
939,1385,normal,0,0,65535_65535,1,8,87,771,1,1,1,17,771,28,1,1,allocated
939,1385,normal,0,0,65535_65535,1,9,87,725,0,1,0,16,0,28,1,1,pre_allocation
939,1385,normal,0,0,65535_65535,1,9,87,771,1,1,1,17,771,28,1,1,allocated
939,1385,normal,0,0,65535_65535,1,7,87,670,0,1,0,16,0,26,1,1,pre_allocation
939,1385,normal,0,0,65535_65535,1,7,87,712,1,1,1,17,712,26,1,1,allocated
939,1385,normal,0,0,65535_65535,1,6,87,771,0,1,0,17,0,28,1,1,pre_allocation
939,1385,normal,0,0,65535_65535,1,6,87,816,1,1,1,18,816,28,1,1,allocated
939,1385,normal,0,0,65535_65535,1,8,87,771,0,1,0,17,0,28,1,1,pre_allocation
939,1385,normal,0,0,65535_65535,1,8,87,816,1,1,1,18,816,28,1,1,allocated
939,1385,normal,0,0,65535_65535,1,9,87,771,0,1,0,17,0,28,1,1,pre_allocation
939,1385,normal,0,0,65535_65535,1,9,87,816,1,1,1,18,816,28,1,1,allocated
939,1385,normal,0,0,65535_65535,1,7,87,712,0,1,0,17,0,26,1,1,pre_allocation
939,1385,normal,0,0,65535_65535,1,7,87,754,1,1,1,18,754,26,1,1,allocated
939,1385,normal,0,0,65535_65535,1,6,87,816,0,1,0,18,0,28,1,1,pre_allocation
939,1385,normal,0,0,65535_65535,1,6,87,862,1,1,1,19,862,28,1,1,allocated
939,1385,normal,0,0,65535_65535,1,8,87,816,0,1,0,18,0,28,1,1,pre_allocation
939,1385,normal,0,0,65535_65535,1,8,87,862,1,1,1,19,862,28,1,1,allocated
939,1385,normal,0,0,65535_65535,1,9,87,816,0,1,0,18,0,28,1,1,pre_allocation
939,1385,normal,0,0,65535_65535,1,9,87,862,1,1,1,19,862,28,1,1,allocated
939,1385,normal,0,0,65535_65535,1,7,87,754,0,1,0,18,0,26,1,1,pre_allocation
939,1385,normal,0,0,65535_65535,1,7,87,796,1,1,1,19,796,26,1,1,allocated
939,1385,normal,0,0,65535_65535,1,6,87,862,0,1,0,19,0,28,1,1,pre_allocation
939,1385,normal,0,0,65535_65535,1,6,87,907,1,1,1,20,907,28,1,1,allocated
939,1385,normal,0,0,65535_65535,1,8,87,862,0,1,0,19,0,28,1,1,pre_allocation
939,1385,normal,0,0,65535_65535,1,8,87,907,1,1,1,20,907,28,1,1,allocated
939,1385,normal,0,0,65535_65535,1,9,87,862,0,1,0,19,0,28,1,1,pre_allocation
939,1385,normal,0,0,65535_65535,1,9,87,907,1,1,1,20,907,28,1,1,allocated
939,1385,normal,0,0,65535_65535,1,7,87,796,0,1,0,19,0,26,1,1,pre_allocation
939,1385,normal,0,0,65535_65535,1,7,87,838,1,1,1,20,838,26,1,1,allocated
939,1385,normal,0,0,65535_65535,1,6,87,907,0,1,0,20,0,28,1,1,pre_allocation
939,1385,normal,0,0,65535_65535,1,6,87,953,1,1,1,21,953,28,1,1,allocated
939,1385,normal,0,0,65535_65535,1,8,87,907,0,1,0,20,0,28,1,1,pre_allocation
939,1385,normal,0,0,65535_65535,1,8,87,953,1,1,1,21,953,28,1,1,allocated
939,1385,normal,0,0,65535_65535,1,9,87,907,0,1,0,20,0,28,1,1,pre_allocation
939,1385,normal,0,0,65535_65535,1,9,87,953,1,1,1,21,953,28,1,1,allocated
939,1385,normal,0,0,65535_65535,1,7,87,838,0,1,0,20,0,26,1,1,pre_allocation
939,1385,normal,0,0,65535_65535,1,7,87,880,1,1,1,21,880,26,1,1,allocated
939,1385,normal,0,0,65535_65535,1,6,87,953,0,1,0,21,0,28,1,1,pre_allocation
939,1385,normal,0,0,65535_65535,1,6,87,998,1,1,1,22,998,28,1,1,allocated
939,1385,normal,0,0,65535_65535,1,8,87,953,0,1,0,21,0,28,1,1,pre_allocation
939,1385,normal,0,0,65535_65535,1,8,87,998,1,1,1,22,998,28,1,1,allocated
939,1385,normal,0,0,65535_65535,1,9,87,953,0,1,0,21,0,28,1,1,pre_allocation
939,1385,normal,0,0,65535_65535,1,9,87,998,1,1,1,22,998,28,1,1,allocated
939,1385,normal,0,0,65535_65535,1,7,87,880,0,1,0,21,0,26,1,1,pre_allocation
939,1385,normal,0,0,65535_65535,1,7,87,922,1,1,1,22,922,26,1,1,allocated
939,1385,normal,0,0,65535_65535,1,6,87,998,0,1,0,22,0,28,1,1,pre_allocation
939,1385,normal,0,0,65535_65535,1,6,87,1044,1,1,1,23,1044,28,1,1,allocated
939,1385,normal,0,0,65535_65535,1,8,87,998,0,1,0,22,0,28,1,1,pre_allocation
939,1385,normal,0,0,65535_65535,1,8,87,1044,1,1,1,23,1044,28,1,1,allocated
939,1385,normal,0,0,65535_65535,1,9,87,998,0,1,0,22,0,28,1,1,pre_allocation
939,1385,normal,0,0,65535_65535,1,9,87,1044,1,1,1,23,1044,28,1,1,allocated
939,1385,normal,0,0,65535_65535,1,7,87,922,0,1,0,22,0,26,1,1,pre_allocation
939,1385,normal,0,0,65535_65535,1,7,87,964,1,1,1,23,964,26,1,1,allocated
939,1385,normal,0,0,65535_65535,1,6,87,1044,0,1,0,23,0,28,1,1,pre_allocation
939,1385,normal,0,0,65535_65535,1,6,87,1089,1,1,1,24,1089,28,1,1,allocated
939,1385,normal,0,0,65535_65535,1,8,87,1044,0,1,0,23,0,28,1,1,pre_allocation
939,1385,normal,0,0,65535_65535,1,8,87,1089,1,1,1,24,1089,28,1,1,allocated
939,1385,normal,0,0,65535_65535,1,9,87,1044,0,1,0,23,0,28,1,1,pre_allocation
939,1385,normal,0,0,65535_65535,1,9,87,1089,1,1,1,24,1089,28,1,1,allocated
939,1385,normal,0,0,65535_65535,1,7,87,964,0,1,0,23,0,26,1,1,pre_allocation
939,1385,normal,0,0,65535_65535,1,7,87,1006,1,1,1,24,1006,26,1,1,allocated
939,1385,normal,0,0,65535_65535,1,6,87,1089,0,1,0,24,0,28,1,1,pre_allocation
939,1385,normal,0,0,65535_65535,1,6,87,1135,1,1,1,25,1135,28,1,1,allocated
939,1385,normal,0,0,65535_65535,1,8,87,1089,0,1,0,24,0,28,1,1,pre_allocation
939,1385,normal,0,0,65535_65535,1,8,87,1135,1,1,1,25,1135,28,1,1,allocated
1050,1483,normal,0,0,65535_65535,0,1,3069,0,0,1,0,0,0,28,1,1,pre_allocation
1050,1483,normal,0,0,65535_65535,0,1,3069,42,1,1,1,1,42,28,1,1,allocated
1050,1483,normal,0,0,65535_65535,0,4,3069,0,0,1,0,0,0,16,1,1,pre_allocation
1050,1483,normal,0,0,65535_65535,0,4,3069,16,1,1,1,1,16,16,1,1,allocated
1050,1483,normal,0,0,65535_65535,0,1,3069,42,0,1,0,1,0,28,1,1,pre_allocation
1050,1483,normal,0,0,65535_65535,0,1,3069,88,1,1,1,2,88,28,1,1,allocated
1050,1483,normal,0,0,65535_65535,0,4,3069,16,0,1,0,1,0,16,1,1,pre_allocation
1050,1483,normal,0,0,65535_65535,0,4,3069,36,1,1,1,2,36,16,1,1,allocated
1050,1483,normal,0,0,65535_65535,0,1,3069,88,0,1,0,2,0,28,1,1,pre_allocation
1050,1483,normal,0,0,65535_65535,0,1,3069,133,1,1,1,3,133,28,1,1,allocated
1050,1483,normal,0,0,65535_65535,0,4,3069,36,0,1,0,2,0,16,1,1,pre_allocation
1050,1483,normal,0,0,65535_65535,0,4,3069,56,1,1,1,3,56,16,1,1,allocated
1050,1483,normal,0,0,65535_65535,0,1,3069,133,0,1,0,3,0,28,1,1,pre_allocation
1050,1483,normal,0,0,65535_65535,0,1,3069,179,1,1,1,4,179,28,1,1,allocated
1050,1483,normal,0,0,65535_65535,0,4,3069,56,0,1,0,3,0,16,1,1,pre_allocation
1050,1483,normal,0,0,65535_65535,0,4,3069,76,1,1,1,4,76,16,1,1,allocated
1050,1483,normal,0,0,65535_65535,0,1,3069,179,0,1,0,4,0,28,1,1,pre_allocation
1050,1483,normal,0,0,65535_65535,0,1,3069,224,1,1,1,5,224,28,1,1,allocated
1050,1483,normal,0,0,65535_65535,0,4,3069,76,0,1,0,4,0,16,1,1,pre_allocation
1050,1483,normal,0,0,65535_65535,0,4,3069,96,1,1,1,5,96,16,1,1,allocated
1050,1483,normal,0,0,65535_65535,0,1,3069,224,0,1,0,5,0,28,1,1,pre_allocation
1050,1483,normal,0,0,65535_65535,0,1,3069,270,1,1,1,6,270,28,1,1,allocated
1050,1483,normal,0,0,65535_65535,0,4,3069,96,0,1,0,5,0,16,1,1,pre_allocation
1050,1483,normal,0,0,65535_65535,0,4,3069,115,1,1,1,6,115,16,1,1,allocated
1050,1483,normal,0,0,65535_65535,0,1,3069,270,0,1,0,6,0,28,1,1,pre_allocation
1050,1483,normal,0,0,65535_65535,0,1,3069,315,1,1,1,7,315,28,1,1,allocated
1050,1483,normal,0,0,65535_65535,0,4,3069,115,0,1,0,6,0,16,1,1,pre_allocation
1050,1483,normal,0,0,65535_65535,0,4,3069,135,1,1,1,7,135,16,1,1,allocated
1050,1483,normal,0,0,65535_65535,0,1,3069,315,0,1,0,7,0,28,1,1,pre_allocation
1050,1483,normal,0,0,65535_65535,0,1,3069,361,1,1,1,8,361,28,1,1,allocated
1050,1483,normal,0,0,65535_65535,0,4,3069,135,0,1,0,7,0,16,1,1,pre_allocation
1050,1483,normal,0,0,65535_65535,0,4,3069,155,1,1,1,8,155,16,1,1,allocated
1050,1483,normal,0,0,65535_65535,0,1,3069,361,0,1,0,8,0,28,1,1,pre_allocation
1050,1483,normal,0,0,65535_65535,0,1,3069,406,1,1,1,9,406,28,1,1,allocated
1050,1483,normal,0,0,65535_65535,0,4,3069,155,0,1,0,8,0,16,1,1,pre_allocation
1050,1483,normal,0,0,65535_65535,0,4,3069,175,1,1,1,9,175,16,1,1,allocated
1050,1483,normal,0,0,65535_65535,0,1,3069,406,0,1,0,9,0,28,1,1,pre_allocation
1050,1483,normal,0,0,65535_65535,0,1,3069,452,1,1,1,10,452,28,1,1,allocated
1050,1483,normal,0,0,65535_65535,0,4,3069,175,0,1,0,9,0,16,1,1,pre_allocation
1050,1483,normal,0,0,65535_65535,0,4,3069,195,1,1,1,10,195,16,1,1,allocated
1050,1483,normal,0,0,65535_65535,0,1,3069,452,0,1,0,10,0,28,1,1,pre_allocation
1050,1483,normal,0,0,65535_65535,0,1,3069,497,1,1,1,11,497,28,1,1,allocated
1050,1483,normal,0,0,65535_65535,0,4,3069,195,0,1,0,10,0,16,1,1,pre_allocation
1050,1483,normal,0,0,65535_65535,0,4,3069,214,1,1,1,11,214,16,1,1,allocated
1050,1483,normal,0,0,65535_65535,0,1,3069,497,0,1,0,11,0,28,1,1,pre_allocation
1050,1483,normal,0,0,65535_65535,0,1,3069,543,1,1,1,12,543,28,1,1,allocated
1050,1483,normal,0,0,65535_65535,0,4,3069,214,0,1,0,11,0,16,1,1,pre_allocation
1050,1483,normal,0,0,65535_65535,0,4,3069,234,1,1,1,12,234,16,1,1,allocated
1050,1483,normal,0,0,65535_65535,0,1,3069,543,0,1,0,12,0,28,1,1,pre_allocation
1050,1483,normal,0,0,65535_65535,0,1,3069,589,1,1,1,13,589,28,1,1,allocated
1050,1483,normal,0,0,65535_65535,0,4,3069,234,0,1,0,12,0,16,1,1,pre_allocation
1050,1483,normal,0,0,65535_65535,0,4,3069,254,1,1,1,13,254,16,1,1,allocated
1050,1483,normal,0,0,65535_65535,0,1,3069,589,0,1,0,13,0,28,1,1,pre_allocation
1050,1483,normal,0,0,65535_65535,0,1,3069,634,1,1,1,14,634,28,1,1,allocated
1050,1483,normal,0,0,65535_65535,0,4,3069,254,0,1,0,13,0,16,1,1,pre_allocation
1050,1483,normal,0,0,65535_65535,0,4,3069,274,1,1,1,14,274,16,1,1,allocated
1050,1483,normal,0,0,65535_65535,0,1,3069,634,0,1,0,14,0,28,1,1,pre_allocation
1050,1483,normal,0,0,65535_65535,0,1,3069,680,1,1,1,15,680,28,1,1,allocated
1050,1483,normal,0,0,65535_65535,0,4,3069,274,0,1,0,14,0,16,1,1,pre_allocation
1050,1483,normal,0,0,65535_65535,0,4,3069,294,1,1,1,15,294,16,1,1,allocated
1050,1483,normal,0,0,65535_65535,0,1,3069,680,0,1,0,15,0,28,1,1,pre_allocation
1050,1483,normal,0,0,65535_65535,0,1,3069,725,1,1,1,16,725,28,1,1,allocated
1050,1483,normal,0,0,65535_65535,0,4,3069,294,0,1,0,15,0,16,1,1,pre_allocation
1050,1483,normal,0,0,65535_65535,0,4,3069,313,1,1,1,16,313,16,1,1,allocated
1050,1483,normal,0,0,65535_65535,0,1,3069,725,0,1,0,16,0,28,1,1,pre_allocation
1050,1483,normal,0,0,65535_65535,0,1,3069,771,1,1,1,17,771,28,1,1,allocated
1050,1483,normal,0,0,65535_65535,0,4,3069,313,0,1,0,16,0,16,1,1,pre_allocation
1050,1483,normal,0,0,65535_65535,0,4,3069,333,1,1,1,17,333,16,1,1,allocated
1050,1483,normal,0,0,65535_65535,0,1,3069,771,0,1,0,17,0,28,1,1,pre_allocation
1050,1483,normal,0,0,65535_65535,0,1,3069,816,1,1,1,18,816,28,1,1,allocated
1050,1483,normal,0,0,65535_65535,0,4,3069,333,0,1,0,17,0,16,1,1,pre_allocation
1050,1483,normal,0,0,65535_65535,0,4,3069,353,1,1,1,18,353,16,1,1,allocated
1050,1483,normal,0,0,65535_65535,0,1,3069,816,0,1,0,18,0,28,1,1,pre_allocation
1050,1483,normal,0,0,65535_65535,0,1,3069,862,1,1,1,19,862,28,1,1,allocated
1050,1483,normal,0,0,65535_65535,0,4,3069,353,0,1,0,18,0,16,1,1,pre_allocation
1050,1483,normal,0,0,65535_65535,0,4,3069,373,1,1,1,19,373,16,1,1,allocated
1050,1483,normal,0,0,65535_65535,0,1,3069,862,0,1,0,19,0,28,1,1,pre_allocation
1050,1483,normal,0,0,65535_65535,0,1,3069,907,1,1,1,20,907,28,1,1,allocated
1050,1483,normal,0,0,65535_65535,0,4,3069,373,0,1,0,19,0,16,1,1,pre_allocation
1050,1483,normal,0,0,65535_65535,0,4,3069,393,1,1,1,20,393,16,1,1,allocated
1050,1483,normal,0,0,65535_65535,0,1,3069,907,0,1,0,20,0,28,1,1,pre_allocation
1050,1483,normal,0,0,65535_65535,0,1,3069,953,1,1,1,21,953,28,1,1,allocated
1050,1483,normal,0,0,65535_65535,0,4,3069,393,0,1,0,20,0,16,1,1,pre_allocation
1050,1483,normal,0,0,65535_65535,0,4,3069,412,1,1,1,21,412,16,1,1,allocated
1050,1483,normal,0,0,65535_65535,0,1,3069,953,0,1,0,21,0,28,1,1,pre_allocation
1050,1483,normal,0,0,65535_65535,0,1,3069,998,1,1,1,22,998,28,1,1,allocated
1050,1483,normal,0,0,65535_65535,0,4,3069,412,0,1,0,21,0,16,1,1,pre_allocation
1050,1483,normal,0,0,65535_65535,0,4,3069,432,1,1,1,22,432,16,1,1,allocated
1050,1483,normal,0,0,65535_65535,0,1,3069,998,0,1,0,22,0,28,1,1,pre_allocation
1050,1483,normal,0,0,65535_65535,0,1,3069,1044,1,1,1,23,1044,28,1,1,allocated
1050,1483,normal,0,0,65535_65535,0,4,3069,432,0,1,0,22,0,16,1,1,pre_allocation
1050,1483,normal,0,0,65535_65535,0,4,3069,452,1,1,1,23,452,16,1,1,allocated
1050,1483,normal,0,0,65535_65535,0,1,3069,1044,0,1,0,23,0,28,1,1,pre_allocation
1050,1483,normal,0,0,65535_65535,0,1,3069,1089,1,1,1,24,1089,28,1,1,allocated
1050,1483,normal,0,0,65535_65535,0,4,3069,452,0,1,0,23,0,16,1,1,pre_allocation
1050,1483,normal,0,0,65535_65535,0,4,3069,472,1,1,1,24,472,16,1,1,allocated
1050,1483,normal,0,0,65535_65535,0,1,3069,1089,0,1,0,24,0,28,1,1,pre_allocation
1050,1483,normal,0,0,65535_65535,0,1,3069,1135,1,1,1,25,1135,28,1,1,allocated
1050,1483,normal,0,0,65535_65535,0,4,3069,472,0,1,0,24,0,16,1,1,pre_allocation
1050,1483,normal,0,0,65535_65535,0,4,3069,492,1,1,1,25,492,16,1,1,allocated
1050,1483,normal,0,0,65535_65535,0,1,3069,1135,0,1,0,25,0,28,1,1,pre_allocation
1050,1483,normal,0,0,65535_65535,0,1,3069,1181,1,1,1,26,1181,28,1,1,allocated
1050,1483,normal,0,0,65535_65535,0,4,3069,492,0,1,0,25,0,16,1,1,pre_allocation
1050,1483,normal,0,0,65535_65535,0,4,3069,511,1,1,1,26,511,16,1,1,allocated
1050,1483,normal,0,0,65535_65535,0,1,3069,1181,0,1,0,26,0,28,1,1,pre_allocation
1050,1483,normal,0,0,65535_65535,0,1,3069,1226,1,1,1,27,1226,28,1,1,allocated
1050,1483,normal,0,0,65535_65535,0,4,3069,511,0,1,0,26,0,16,1,1,pre_allocation
1050,1483,normal,0,0,65535_65535,0,4,3069,531,1,1,1,27,531,16,1,1,allocated
1050,1483,normal,0,0,65535_65535,0,1,3069,1226,0,1,0,27,0,28,1,1,pre_allocation
1050,1483,normal,0,0,65535_65535,0,1,3069,1272,1,1,1,28,1272,28,1,1,allocated
1050,1483,normal,0,0,65535_65535,0,4,3069,531,0,1,0,27,0,16,1,1,pre_allocation
1050,1483,normal,0,0,65535_65535,0,4,3069,551,1,1,1,28,551,16,1,1,allocated
1050,1483,normal,0,0,65535_65535,0,1,3069,1272,0,1,0,28,0,28,1,1,pre_allocation
1050,1483,normal,0,0,65535_65535,0,1,3069,1317,1,1,1,29,1317,28,1,1,allocated
1050,1483,normal,0,0,65535_65535,0,4,3069,551,0,1,0,28,0,16,1,1,pre_allocation
1050,1483,normal,0,0,65535_65535,0,4,3069,571,1,1,1,29,571,16,1,1,allocated
1050,1483,normal,0,0,65535_65535,0,1,3069,1317,0,1,0,29,0,28,1,1,pre_allocation
1050,1483,normal,0,0,65535_65535,0,1,3069,1363,1,1,1,30,1363,28,1,1,allocated
1050,1483,normal,0,0,65535_65535,0,4,3069,571,0,1,0,29,0,16,1,1,pre_allocation
1050,1483,normal,0,0,65535_65535,0,4,3069,591,1,1,1,30,591,16,1,1,allocated
1050,1483,normal,0,0,65535_65535,0,1,3069,1363,0,1,0,30,0,28,1,1,pre_allocation
1050,1483,normal,0,0,65535_65535,0,1,3069,1408,1,1,1,31,1408,28,1,1,allocated
1050,1483,normal,0,0,65535_65535,0,4,3069,591,0,1,0,30,0,16,1,1,pre_allocation
1050,1483,normal,0,0,65535_65535,0,4,3069,610,1,1,1,31,610,16,1,1,allocated
1050,1483,normal,0,0,65535_65535,0,1,3069,1408,0,1,0,31,0,28,1,1,pre_allocation
1050,1483,normal,0,0,65535_65535,0,1,3069,1454,1,1,1,32,1454,28,1,1,allocated
1050,1483,normal,0,0,65535_65535,0,4,3069,610,0,1,0,31,0,16,1,1,pre_allocation
1050,1483,normal,0,0,65535_65535,0,4,3069,630,1,1,1,32,630,16,1,1,allocated
1050,1483,normal,0,0,65535_65535,0,1,3069,1454,0,1,0,32,0,28,1,1,pre_allocation
1050,1483,normal,0,0,65535_65535,0,1,3069,1499,1,1,1,33,1499,28,1,1,allocated
1050,1483,normal,0,0,65535_65535,0,4,3069,630,0,1,0,32,0,16,1,1,pre_allocation
1050,1483,normal,0,0,65535_65535,0,4,3069,650,1,1,1,33,650,16,1,1,allocated
1050,1483,normal,0,0,65535_65535,0,1,3069,1499,0,1,0,33,0,28,1,1,pre_allocation
1050,1483,normal,0,0,65535_65535,0,1,3069,1542,1,1,1,34,1542,28,1,1,allocated
1050,1483,normal,0,0,65535_65535,0,4,3069,650,0,1,0,33,0,16,1,1,pre_allocation
1050,1483,normal,0,0,65535_65535,0,4,3069,670,1,1,1,34,670,16,1,1,allocated
1050,1483,normal,0,0,65535_65535,0,1,3069,1542,0,1,0,34,0,28,1,1,pre_allocation
1050,1483,normal,0,0,65535_65535,0,1,3069,1587,1,1,1,35,1587,28,1,1,allocated
1050,1483,normal,0,0,65535_65535,0,4,3069,670,0,1,0,34,0,16,1,1,pre_allocation
1050,1483,normal,0,0,65535_65535,0,4,3069,690,1,1,1,35,690,16,1,1,allocated
1050,1483,normal,0,0,65535_65535,0,1,3069,1587,0,1,0,35,0,28,1,1,pre_allocation
1050,1483,normal,0,0,65535_65535,0,1,3069,1633,1,1,1,36,1633,28,1,1,allocated
1050,1483,normal,0,0,65535_65535,0,4,3069,690,0,1,0,35,0,16,1,1,pre_allocation
1050,1483,normal,0,0,65535_65535,0,4,3069,709,1,1,1,36,709,16,1,1,allocated
1050,1483,normal,0,0,65535_65535,0,1,3069,1633,0,1,0,36,0,28,1,1,pre_allocation
1050,1483,normal,0,0,65535_65535,0,1,3069,1678,1,1,1,37,1678,28,1,1,allocated
1050,1483,normal,0,0,65535_65535,0,4,3069,709,0,1,0,36,0,16,1,1,pre_allocation
1050,1483,normal,0,0,65535_65535,0,4,3069,729,1,1,1,37,729,16,1,1,allocated
1050,1483,normal,0,0,65535_65535,0,1,3069,1678,0,1,0,37,0,28,1,1,pre_allocation
1050,1483,normal,0,0,65535_65535,0,1,3069,1724,1,1,1,38,1724,28,1,1,allocated
1050,1483,normal,0,0,65535_65535,0,4,3069,729,0,1,0,37,0,16,1,1,pre_allocation
1050,1483,normal,0,0,65535_65535,0,4,3069,749,1,1,1,38,749,16,1,1,allocated
1050,1483,normal,0,0,65535_65535,0,1,3069,1724,0,1,0,38,0,28,1,1,pre_allocation
1050,1483,normal,0,0,65535_65535,0,1,3069,1770,1,1,1,39,1770,28,1,1,allocated
1050,1483,normal,0,0,65535_65535,0,4,3069,749,0,1,0,38,0,16,1,1,pre_allocation
1050,1483,normal,0,0,65535_65535,0,4,3069,769,1,1,1,39,769,16,1,1,allocated
1050,1483,normal,0,0,65535_65535,0,1,3069,1770,0,1,0,39,0,28,1,1,pre_allocation
1050,1483,normal,0,0,65535_65535,0,1,3069,1815,1,1,1,40,1815,28,1,1,allocated
1050,1483,normal,0,0,65535_65535,0,4,3069,769,0,1,0,39,0,16,1,1,pre_allocation
1050,1483,normal,0,0,65535_65535,0,4,3069,789,1,1,1,40,789,16,1,1,allocated
1050,1483,normal,0,0,65535_65535,0,1,3069,1815,0,1,0,40,0,28,1,1,pre_allocation
1050,1483,normal,0,0,65535_65535,0,1,3069,1861,1,1,1,41,1861,28,1,1,allocated
1050,1483,normal,0,0,65535_65535,0,4,3069,789,0,1,0,40,0,16,1,1,pre_allocation
1050,1483,normal,0,0,65535_65535,0,4,3069,808,1,1,1,41,808,16,1,1,allocated
1050,1483,normal,0,0,65535_65535,0,1,3069,1861,0,1,0,41,0,28,1,1,pre_allocation
1050,1483,normal,0,0,65535_65535,0,1,3069,1906,1,1,1,42,1906,28,1,1,allocated
1050,1483,normal,0,0,65535_65535,0,4,3069,808,0,1,0,41,0,16,1,1,pre_allocation
1050,1483,normal,0,0,65535_65535,0,4,3069,828,1,1,1,42,828,16,1,1,allocated
1050,1483,normal,0,0,65535_65535,0,1,3069,1906,0,1,0,42,0,28,1,1,pre_allocation
1050,1483,normal,0,0,65535_65535,0,1,3069,1952,1,1,1,43,1952,28,1,1,allocated
1050,1483,normal,0,0,65535_65535,0,4,3069,828,0,1,0,42,0,16,1,1,pre_allocation
1050,1483,normal,0,0,65535_65535,0,4,3069,848,1,1,1,43,848,16,1,1,allocated
1050,1483,normal,0,0,65535_65535,0,1,3069,1952,0,1,0,43,0,28,1,1,pre_allocation
1050,1483,normal,0,0,65535_65535,0,1,3069,1997,1,1,1,44,1997,28,1,1,allocated
1050,1483,normal,0,0,65535_65535,0,4,3069,848,0,1,0,43,0,16,1,1,pre_allocation
1050,1483,normal,0,0,65535_65535,0,4,3069,868,1,1,1,44,868,16,1,1,allocated
1050,1483,normal,0,0,65535_65535,0,1,3069,1997,0,1,0,44,0,28,1,1,pre_allocation
1050,1483,normal,0,0,65535_65535,0,1,3069,2043,1,1,1,45,2043,28,1,1,allocated
1050,1483,normal,0,0,65535_65535,0,4,3069,868,0,1,0,44,0,16,1,1,pre_allocation
1050,1483,normal,0,0,65535_65535,0,4,3069,888,1,1,1,45,888,16,1,1,allocated
1050,1483,normal,0,0,65535_65535,0,1,3069,2043,0,1,0,45,0,28,1,1,pre_allocation
1050,1483,normal,0,0,65535_65535,0,1,3069,2088,1,1,1,46,2088,28,1,1,allocated
1050,1483,normal,0,0,65535_65535,0,4,3069,888,0,1,0,45,0,16,1,1,pre_allocation
1050,1483,normal,0,0,65535_65535,0,4,3069,907,1,1,1,46,907,16,1,1,allocated
1050,1483,normal,0,0,65535_65535,0,1,3069,2088,0,1,0,46,0,28,1,1,pre_allocation
1050,1483,normal,0,0,65535_65535,0,1,3069,2134,1,1,1,47,2134,28,1,1,allocated
1050,1483,normal,0,0,65535_65535,0,4,3069,907,0,1,0,46,0,16,1,1,pre_allocation
1050,1483,normal,0,0,65535_65535,0,4,3069,927,1,1,1,47,927,16,1,1,allocated
1050,1483,normal,0,0,65535_65535,0,1,3069,2134,0,1,0,47,0,28,1,1,pre_allocation
1050,1483,normal,0,0,65535_65535,0,1,3069,2179,1,1,1,48,2179,28,1,1,allocated
1050,1483,normal,0,0,65535_65535,0,4,3069,927,0,1,0,47,0,16,1,1,pre_allocation
1050,1483,normal,0,0,65535_65535,0,4,3069,947,1,1,1,48,947,16,1,1,allocated
1050,1483,normal,0,0,65535_65535,0,1,3069,2179,0,1,0,48,0,28,1,1,pre_allocation
1050,1483,normal,0,0,65535_65535,0,1,3069,2225,1,1,1,49,2225,28,1,1,allocated
1050,1483,normal,0,0,65535_65535,0,4,3069,947,0,1,0,48,0,16,1,1,pre_allocation
1050,1483,normal,0,0,65535_65535,0,4,3069,967,1,1,1,49,967,16,1,1,allocated
1050,1483,normal,0,0,65535_65535,0,1,3069,2225,0,1,0,49,0,28,1,1,pre_allocation
1050,1483,normal,0,0,65535_65535,0,1,3069,2271,1,1,1,50,2271,28,1,1,allocated
1050,1483,normal,0,0,65535_65535,0,4,3069,967,0,1,0,49,0,16,1,1,pre_allocation
1050,1483,normal,0,0,65535_65535,0,4,3069,987,1,1,1,50,987,16,1,1,allocated
1050,1483,normal,0,0,65535_65535,0,1,3069,2271,0,1,0,50,0,28,1,1,pre_allocation
1050,1483,normal,0,0,65535_65535,0,1,3069,2313,1,1,1,51,2313,28,1,1,allocated
1050,1483,normal,0,0,65535_65535,0,4,3069,987,0,1,0,50,0,16,1,1,pre_allocation
1050,1483,normal,0,0,65535_65535,0,4,3069,1006,1,1,1,51,1006,16,1,1,allocated
1050,1483,normal,0,0,65535_65535,0,1,3069,2313,0,1,0,51,0,28,1,1,pre_allocation
1050,1483,normal,0,0,65535_65535,0,1,3069,2359,1,1,1,52,2359,28,1,1,allocated
1050,1483,normal,0,0,65535_65535,0,4,3069,1006,0,1,0,51,0,16,1,1,pre_allocation
1050,1483,normal,0,0,65535_65535,0,4,3069,1026,1,1,1,52,1026,16,1,1,allocated
1050,1483,normal,0,0,65535_65535,0,1,3069,2359,0,1,0,52,0,28,1,1,pre_allocation
1050,1483,normal,0,0,65535_65535,0,1,3069,2404,1,1,1,53,2404,28,1,1,allocated
1050,1483,normal,0,0,65535_65535,0,4,3069,1026,0,1,0,52,0,16,1,1,pre_allocation
1050,1483,normal,0,0,65535_65535,0,4,3069,1046,1,1,1,53,1046,16,1,1,allocated
1050,1483,normal,0,0,65535_65535,0,1,3069,2404,0,1,0,53,0,28,1,1,pre_allocation
1050,1483,normal,0,0,65535_65535,0,1,3069,2450,1,1,1,54,2450,28,1,1,allocated
1050,1483,normal,0,0,65535_65535,0,4,3069,1046,0,1,0,53,0,16,1,1,pre_allocation
1050,1483,normal,0,0,65535_65535,0,4,3069,1066,1,1,1,54,1066,16,1,1,allocated
1050,1483,normal,0,0,65535_65535,0,1,3069,2450,0,1,0,54,0,28,1,1,pre_allocation
1050,1483,normal,0,0,65535_65535,0,1,3069,2495,1,1,1,55,2495,28,1,1,allocated
1050,1483,normal,0,0,65535_65535,0,4,3069,1066,0,1,0,54,0,16,1,1,pre_allocation
1050,1483,normal,0,0,65535_65535,0,4,3069,1086,1,1,1,55,1086,16,1,1,allocated
1050,1483,normal,0,0,65535_65535,0,1,3069,2495,0,1,0,55,0,28,1,1,pre_allocation
1050,1483,normal,0,0,65535_65535,0,1,3069,2541,1,1,1,56,2541,28,1,1,allocated
1050,1483,normal,0,0,65535_65535,0,4,3069,1086,0,1,0,55,0,16,1,1,pre_allocation
1050,1483,normal,0,0,65535_65535,0,4,3069,1105,1,1,1,56,1105,16,1,1,allocated
1050,1483,normal,0,0,65535_65535,0,1,3069,2541,0,1,0,56,0,28,1,1,pre_allocation
1050,1483,normal,0,0,65535_65535,0,1,3069,2586,1,1,1,57,2586,28,1,1,allocated
1050,1483,normal,0,0,65535_65535,0,4,3069,1105,0,1,0,56,0,16,1,1,pre_allocation
1050,1483,normal,0,0,65535_65535,0,4,3069,1125,1,1,1,57,1125,16,1,1,allocated
1050,1483,normal,0,0,65535_65535,0,1,3069,2586,0,1,0,57,0,28,1,1,pre_allocation
1050,1483,normal,0,0,65535_65535,0,1,3069,2632,1,1,1,58,2632,28,1,1,allocated
1050,1483,normal,0,0,65535_65535,0,4,3069,1125,0,1,0,57,0,16,1,1,pre_allocation
1050,1483,normal,0,0,65535_65535,0,4,3069,1145,1,1,1,58,1145,16,1,1,allocated
1050,1483,normal,0,0,65535_65535,0,1,3069,2632,0,1,0,58,0,28,1,1,pre_allocation
1050,1483,normal,0,0,65535_65535,0,1,3069,2677,1,1,1,59,2677,28,1,1,allocated
1050,1483,normal,0,0,65535_65535,0,4,3069,1145,0,1,0,58,0,16,1,1,pre_allocation
1050,1483,normal,0,0,65535_65535,0,4,3069,1165,1,1,1,59,1165,16,1,1,allocated
1050,1483,normal,0,0,65535_65535,0,1,3069,2677,0,1,0,59,0,28,1,1,pre_allocation
1050,1483,normal,0,0,65535_65535,0,1,3069,2723,1,1,1,60,2723,28,1,1,allocated
1050,1483,normal,0,0,65535_65535,0,4,3069,1165,0,1,0,59,0,16,1,1,pre_allocation
1050,1483,normal,0,0,65535_65535,0,4,3069,1185,1,1,1,60,1185,16,1,1,allocated
1050,1483,normal,0,0,65535_65535,0,1,3069,2723,0,1,0,60,0,28,1,1,pre_allocation
1050,1483,normal,0,0,65535_65535,0,1,3069,2768,1,1,1,61,2768,28,1,1,allocated
1050,1483,normal,0,0,65535_65535,0,4,3069,1185,0,1,0,60,0,16,1,1,pre_allocation
1050,1483,normal,0,0,65535_65535,0,4,3069,1204,1,1,1,61,1204,16,1,1,allocated
1050,1483,normal,0,0,65535_65535,0,1,3069,2768,0,1,0,61,0,28,1,1,pre_allocation
1050,1483,normal,0,0,65535_65535,0,1,3069,2814,1,1,1,62,2814,28,1,1,allocated
1050,1483,normal,0,0,65535_65535,0,4,3069,1204,0,1,0,61,0,16,1,1,pre_allocation
1050,1483,normal,0,0,65535_65535,0,4,3069,1224,1,1,1,62,1224,16,1,1,allocated
1050,1483,normal,0,0,65535_65535,0,1,3069,2814,0,1,0,62,0,28,1,1,pre_allocation
1050,1483,normal,0,0,65535_65535,0,1,3069,2860,1,1,1,63,2860,28,1,1,allocated
1050,1483,normal,0,0,65535_65535,0,4,3069,1224,0,1,0,62,0,16,1,1,pre_allocation
1050,1483,normal,0,0,65535_65535,0,4,3069,1244,1,1,1,63,1244,16,1,1,allocated
1050,1483,normal,0,0,65535_65535,0,1,3069,2860,0,1,0,63,0,28,1,1,pre_allocation
1050,1483,normal,0,0,65535_65535,0,1,3069,2905,1,1,1,64,2905,28,1,1,allocated
1050,1483,normal,0,0,65535_65535,0,4,3069,1244,0,1,0,63,0,16,1,1,pre_allocation
1050,1483,normal,0,0,65535_65535,0,4,3069,1264,1,1,1,64,1264,16,1,1,allocated
1050,1483,normal,0,0,65535_65535,0,1,3069,2905,0,1,0,64,0,28,1,1,pre_allocation
1050,1483,normal,0,0,65535_65535,0,1,3069,2951,1,1,1,65,2951,28,1,1,allocated
1050,1483,normal,0,0,65535_65535,0,4,3069,1264,0,1,0,64,0,16,1,1,pre_allocation
1050,1483,normal,0,0,65535_65535,0,4,3069,1284,1,1,1,65,1284,16,1,1,allocated
1050,1483,normal,0,0,65535_65535,0,1,3069,2951,0,1,0,65,0,28,1,1,pre_allocation
1050,1483,normal,0,0,65535_65535,0,1,3069,2996,1,1,1,66,2996,28,1,1,allocated
1050,1483,normal,0,0,65535_65535,0,4,3069,1284,0,1,0,65,0,16,1,1,pre_allocation
1050,1483,normal,0,0,65535_65535,0,4,3069,1303,1,1,1,66,1303,16,1,1,allocated
1050,1483,normal,0,0,65535_65535,0,1,3069,2996,0,1,0,66,0,28,1,1,pre_allocation
1050,1483,normal,0,0,65535_65535,0,1,3069,3042,1,1,1,67,3042,28,1,1,allocated
1050,1483,normal,0,0,65535_65535,0,4,3069,1303,0,1,0,66,0,16,1,1,pre_allocation
1050,1483,normal,0,0,65535_65535,0,4,3069,1323,1,1,1,67,1323,16,1,1,allocated
1050,1483,normal,0,0,65535_65535,0,1,3069,3042,0,1,0,67,0,28,1,1,pre_allocation
1050,1483,normal,0,0,65535_65535,0,1,3069,3084,1,1,1,68,3084,28,1,1,allocated
1050,1483,normal,0,0,65535_65535,0,4,3069,1323,0,1,0,67,0,16,1,1,pre_allocation
1050,1483,normal,0,0,65535_65535,0,4,3069,1343,1,1,1,68,1343,16,1,1,allocated
1050,1483,normal,0,0,65535_65535,0,1,3069,3084,0,1,0,68,0,28,1,1,pre_allocation
1050,1483,normal,0,0,65535_65535,0,1,3069,3130,1,1,1,69,3130,28,1,1,allocated
1050,1483,normal,0,0,65535_65535,0,4,3069,1343,0,1,0,68,0,16,1,1,pre_allocation
1050,1483,normal,0,0,65535_65535,0,4,3069,1363,1,1,1,69,1363,16,1,1,allocated
1050,1483,normal,0,0,65535_65535,0,1,3069,3130,0,1,0,69,0,28,1,1,pre_allocation
1050,1483,normal,0,0,65535_65535,0,1,3069,3175,1,1,1,70,3175,28,1,1,allocated
1050,1483,normal,0,0,65535_65535,0,4,3069,1363,0,1,0,69,0,16,1,1,pre_allocation
1050,1483,normal,0,0,65535_65535,0,4,3069,1383,1,1,1,70,1383,16,1,1,allocated
1050,1483,normal,0,0,65535_65535,0,1,3069,3175,0,1,0,70,0,28,1,1,pre_allocation
1050,1483,normal,0,0,65535_65535,0,1,3069,3221,1,1,1,71,3221,28,1,1,allocated
1050,1483,normal,0,0,65535_65535,0,4,3069,1383,0,1,0,70,0,16,1,1,pre_allocation
1050,1483,normal,0,0,65535_65535,0,4,3069,1402,1,1,1,71,1402,16,1,1,allocated
1050,1483,normal,0,0,65535_65535,0,1,3069,3221,0,1,0,71,0,28,1,1,pre_allocation
1050,1483,normal,0,0,65535_65535,0,1,3069,3266,1,1,1,72,3266,28,1,1,allocated
1050,1483,normal,0,0,65535_65535,0,4,3069,1402,0,1,0,71,0,16,1,1,pre_allocation
1050,1483,normal,0,0,65535_65535,0,4,3069,1422,1,1,1,72,1422,16,1,1,allocated
1050,1483,normal,0,0,65535_65535,0,1,3069,3266,0,1,0,72,0,28,1,1,pre_allocation
1050,1483,normal,0,0,65535_65535,0,1,3069,3312,1,1,1,73,3312,28,1,1,allocated
1050,1483,normal,0,0,65535_65535,0,4,3069,1422,0,1,0,72,0,16,1,1,pre_allocation
1050,1483,normal,0,0,65535_65535,0,4,3069,1442,1,1,1,73,1442,16,1,1,allocated
1050,1483,normal,0,0,65535_65535,0,1,3069,3312,0,1,0,73,0,28,1,1,pre_allocation
1050,1483,normal,0,0,65535_65535,0,1,3069,3357,1,1,1,74,3357,28,1,1,allocated
1050,1483,normal,0,0,65535_65535,0,4,3069,1442,0,1,0,73,0,16,1,1,pre_allocation
1050,1483,normal,0,0,65535_65535,0,4,3069,1462,1,1,1,74,1462,16,1,1,allocated
1050,1483,normal,0,0,65535_65535,0,1,3069,3357,0,1,0,74,0,28,1,1,pre_allocation
1050,1483,normal,0,0,65535_65535,0,1,3069,3403,1,1,1,75,3403,28,1,1,allocated
1050,1483,normal,0,0,65535_65535,0,4,3069,1462,0,1,0,74,0,16,1,1,pre_allocation
1050,1483,normal,0,0,65535_65535,0,4,3069,1482,1,1,1,75,1482,16,1,1,allocated
1050,1483,normal,0,0,65535_65535,0,1,3069,3403,0,1,0,75,0,28,1,1,pre_allocation
1050,1483,normal,0,0,65535_65535,0,1,3069,3449,1,1,1,76,3449,28,1,1,allocated
1050,1483,normal,0,0,65535_65535,1,6,87,0,0,1,0,0,0,28,1,1,pre_allocation
1050,1483,normal,0,0,65535_65535,1,6,87,42,1,1,1,1,42,28,1,1,allocated
1050,1483,normal,0,0,65535_65535,1,7,87,0,0,1,0,0,0,26,1,1,pre_allocation
1050,1483,normal,0,0,65535_65535,1,7,87,39,1,1,1,1,39,26,1,1,allocated
1050,1483,normal,0,0,65535_65535,1,8,87,0,0,1,0,0,0,28,1,1,pre_allocation
1050,1483,normal,0,0,65535_65535,1,8,87,42,1,1,1,1,42,28,1,1,allocated
1050,1483,normal,0,0,65535_65535,1,9,87,0,0,1,0,0,0,28,1,1,pre_allocation
1050,1483,normal,0,0,65535_65535,1,9,87,42,1,1,1,1,42,28,1,1,allocated
1050,1483,normal,0,0,65535_65535,1,6,87,42,0,1,0,1,0,28,1,1,pre_allocation
1050,1483,normal,0,0,65535_65535,1,6,87,88,1,1,1,2,88,28,1,1,allocated
1050,1483,normal,0,0,65535_65535,1,7,87,39,0,1,0,1,0,26,1,1,pre_allocation
1050,1483,normal,0,0,65535_65535,1,7,87,81,1,1,1,2,81,26,1,1,allocated
1050,1483,normal,0,0,65535_65535,1,8,87,42,0,1,0,1,0,28,1,1,pre_allocation
1050,1483,normal,0,0,65535_65535,1,8,87,88,1,1,1,2,88,28,1,1,allocated
1050,1483,normal,0,0,65535_65535,1,9,87,42,0,1,0,1,0,28,1,1,pre_allocation
1050,1483,normal,0,0,65535_65535,1,9,87,88,1,1,1,2,88,28,1,1,allocated
1050,1483,normal,0,0,65535_65535,1,6,87,88,0,1,0,2,0,28,1,1,pre_allocation
1050,1483,normal,0,0,65535_65535,1,6,87,133,1,1,1,3,133,28,1,1,allocated
1050,1483,normal,0,0,65535_65535,1,7,87,81,0,1,0,2,0,26,1,1,pre_allocation
1050,1483,normal,0,0,65535_65535,1,7,87,123,1,1,1,3,123,26,1,1,allocated
1050,1483,normal,0,0,65535_65535,1,8,87,88,0,1,0,2,0,28,1,1,pre_allocation
1050,1483,normal,0,0,65535_65535,1,8,87,133,1,1,1,3,133,28,1,1,allocated
1050,1483,normal,0,0,65535_65535,1,9,87,88,0,1,0,2,0,28,1,1,pre_allocation
1050,1483,normal,0,0,65535_65535,1,9,87,133,1,1,1,3,133,28,1,1,allocated
1050,1483,normal,0,0,65535_65535,1,6,87,133,0,1,0,3,0,28,1,1,pre_allocation
1050,1483,normal,0,0,65535_65535,1,6,87,179,1,1,1,4,179,28,1,1,allocated
1050,1483,normal,0,0,65535_65535,1,7,87,123,0,1,0,3,0,26,1,1,pre_allocation
1050,1483,normal,0,0,65535_65535,1,7,87,165,1,1,1,4,165,26,1,1,allocated
1050,1483,normal,0,0,65535_65535,1,8,87,133,0,1,0,3,0,28,1,1,pre_allocation
1050,1483,normal,0,0,65535_65535,1,8,87,179,1,1,1,4,179,28,1,1,allocated
1050,1483,normal,0,0,65535_65535,1,9,87,133,0,1,0,3,0,28,1,1,pre_allocation
1050,1483,normal,0,0,65535_65535,1,9,87,179,1,1,1,4,179,28,1,1,allocated
1050,1483,normal,0,0,65535_65535,1,6,87,179,0,1,0,4,0,28,1,1,pre_allocation
1050,1483,normal,0,0,65535_65535,1,6,87,224,1,1,1,5,224,28,1,1,allocated
1050,1483,normal,0,0,65535_65535,1,7,87,165,0,1,0,4,0,26,1,1,pre_allocation
1050,1483,normal,0,0,65535_65535,1,7,87,207,1,1,1,5,207,26,1,1,allocated
1050,1483,normal,0,0,65535_65535,1,8,87,179,0,1,0,4,0,28,1,1,pre_allocation
1050,1483,normal,0,0,65535_65535,1,8,87,224,1,1,1,5,224,28,1,1,allocated
1050,1483,normal,0,0,65535_65535,1,9,87,179,0,1,0,4,0,28,1,1,pre_allocation
1050,1483,normal,0,0,65535_65535,1,9,87,224,1,1,1,5,224,28,1,1,allocated
1050,1483,normal,0,0,65535_65535,1,6,87,224,0,1,0,5,0,28,1,1,pre_allocation
1050,1483,normal,0,0,65535_65535,1,6,87,270,1,1,1,6,270,28,1,1,allocated
1050,1483,normal,0,0,65535_65535,1,7,87,207,0,1,0,5,0,26,1,1,pre_allocation
1050,1483,normal,0,0,65535_65535,1,7,87,249,1,1,1,6,249,26,1,1,allocated
1050,1483,normal,0,0,65535_65535,1,8,87,224,0,1,0,5,0,28,1,1,pre_allocation
1050,1483,normal,0,0,65535_65535,1,8,87,270,1,1,1,6,270,28,1,1,allocated
1050,1483,normal,0,0,65535_65535,1,9,87,224,0,1,0,5,0,28,1,1,pre_allocation
1050,1483,normal,0,0,65535_65535,1,9,87,270,1,1,1,6,270,28,1,1,allocated
1050,1483,normal,0,0,65535_65535,1,6,87,270,0,1,0,6,0,28,1,1,pre_allocation
1050,1483,normal,0,0,65535_65535,1,6,87,315,1,1,1,7,315,28,1,1,allocated
1050,1483,normal,0,0,65535_65535,1,7,87,249,0,1,0,6,0,26,1,1,pre_allocation
1050,1483,normal,0,0,65535_65535,1,7,87,291,1,1,1,7,291,26,1,1,allocated
1050,1483,normal,0,0,65535_65535,1,8,87,270,0,1,0,6,0,28,1,1,pre_allocation
1050,1483,normal,0,0,65535_65535,1,8,87,315,1,1,1,7,315,28,1,1,allocated
1050,1483,normal,0,0,65535_65535,1,9,87,270,0,1,0,6,0,28,1,1,pre_allocation
1050,1483,normal,0,0,65535_65535,1,9,87,315,1,1,1,7,315,28,1,1,allocated
1050,1483,normal,0,0,65535_65535,1,6,87,315,0,1,0,7,0,28,1,1,pre_allocation
1050,1483,normal,0,0,65535_65535,1,6,87,361,1,1,1,8,361,28,1,1,allocated
1050,1483,normal,0,0,65535_65535,1,7,87,291,0,1,0,7,0,26,1,1,pre_allocation
1050,1483,normal,0,0,65535_65535,1,7,87,333,1,1,1,8,333,26,1,1,allocated
1050,1483,normal,0,0,65535_65535,1,8,87,315,0,1,0,7,0,28,1,1,pre_allocation
1050,1483,normal,0,0,65535_65535,1,8,87,361,1,1,1,8,361,28,1,1,allocated
1050,1483,normal,0,0,65535_65535,1,9,87,315,0,1,0,7,0,28,1,1,pre_allocation
1050,1483,normal,0,0,65535_65535,1,9,87,361,1,1,1,8,361,28,1,1,allocated
1050,1483,normal,0,0,65535_65535,1,6,87,361,0,1,0,8,0,28,1,1,pre_allocation
1050,1483,normal,0,0,65535_65535,1,6,87,406,1,1,1,9,406,28,1,1,allocated
1050,1483,normal,0,0,65535_65535,1,7,87,333,0,1,0,8,0,26,1,1,pre_allocation
1050,1483,normal,0,0,65535_65535,1,7,87,375,1,1,1,9,375,26,1,1,allocated
1050,1483,normal,0,0,65535_65535,1,8,87,361,0,1,0,8,0,28,1,1,pre_allocation
1050,1483,normal,0,0,65535_65535,1,8,87,406,1,1,1,9,406,28,1,1,allocated
1050,1483,normal,0,0,65535_65535,1,9,87,361,0,1,0,8,0,28,1,1,pre_allocation
1050,1483,normal,0,0,65535_65535,1,9,87,406,1,1,1,9,406,28,1,1,allocated
1050,1483,normal,0,0,65535_65535,1,6,87,406,0,1,0,9,0,28,1,1,pre_allocation
1050,1483,normal,0,0,65535_65535,1,6,87,452,1,1,1,10,452,28,1,1,allocated
1050,1483,normal,0,0,65535_65535,1,7,87,375,0,1,0,9,0,26,1,1,pre_allocation
1050,1483,normal,0,0,65535_65535,1,7,87,417,1,1,1,10,417,26,1,1,allocated
1050,1483,normal,0,0,65535_65535,1,8,87,406,0,1,0,9,0,28,1,1,pre_allocation
1050,1483,normal,0,0,65535_65535,1,8,87,452,1,1,1,10,452,28,1,1,allocated
1050,1483,normal,0,0,65535_65535,1,9,87,406,0,1,0,9,0,28,1,1,pre_allocation
1050,1483,normal,0,0,65535_65535,1,9,87,452,1,1,1,10,452,28,1,1,allocated
1050,1483,normal,0,0,65535_65535,1,6,87,452,0,1,0,10,0,28,1,1,pre_allocation
1050,1483,normal,0,0,65535_65535,1,6,87,497,1,1,1,11,497,28,1,1,allocated
1050,1483,normal,0,0,65535_65535,1,7,87,417,0,1,0,10,0,26,1,1,pre_allocation
1050,1483,normal,0,0,65535_65535,1,7,87,459,1,1,1,11,459,26,1,1,allocated
1050,1483,normal,0,0,65535_65535,1,8,87,452,0,1,0,10,0,28,1,1,pre_allocation
1050,1483,normal,0,0,65535_65535,1,8,87,497,1,1,1,11,497,28,1,1,allocated
1050,1483,normal,0,0,65535_65535,1,9,87,452,0,1,0,10,0,28,1,1,pre_allocation
1050,1483,normal,0,0,65535_65535,1,9,87,497,1,1,1,11,497,28,1,1,allocated
1050,1483,normal,0,0,65535_65535,1,6,87,497,0,1,0,11,0,28,1,1,pre_allocation
1050,1483,normal,0,0,65535_65535,1,6,87,543,1,1,1,12,543,28,1,1,allocated
1050,1483,normal,0,0,65535_65535,1,7,87,459,0,1,0,11,0,26,1,1,pre_allocation
1050,1483,normal,0,0,65535_65535,1,7,87,501,1,1,1,12,501,26,1,1,allocated
1050,1483,normal,0,0,65535_65535,1,8,87,497,0,1,0,11,0,28,1,1,pre_allocation
1050,1483,normal,0,0,65535_65535,1,8,87,543,1,1,1,12,543,28,1,1,allocated
1050,1483,normal,0,0,65535_65535,1,9,87,497,0,1,0,11,0,28,1,1,pre_allocation
1050,1483,normal,0,0,65535_65535,1,9,87,543,1,1,1,12,543,28,1,1,allocated
1050,1483,normal,0,0,65535_65535,1,6,87,543,0,1,0,12,0,28,1,1,pre_allocation
1050,1483,normal,0,0,65535_65535,1,6,87,589,1,1,1,13,589,28,1,1,allocated
1050,1483,normal,0,0,65535_65535,1,7,87,501,0,1,0,12,0,26,1,1,pre_allocation
1050,1483,normal,0,0,65535_65535,1,7,87,543,1,1,1,13,543,26,1,1,allocated
1050,1483,normal,0,0,65535_65535,1,8,87,543,0,1,0,12,0,28,1,1,pre_allocation
1050,1483,normal,0,0,65535_65535,1,8,87,589,1,1,1,13,589,28,1,1,allocated
1050,1483,normal,0,0,65535_65535,1,9,87,543,0,1,0,12,0,28,1,1,pre_allocation
1050,1483,normal,0,0,65535_65535,1,9,87,589,1,1,1,13,589,28,1,1,allocated
1050,1483,normal,0,0,65535_65535,1,6,87,589,0,1,0,13,0,28,1,1,pre_allocation
1050,1483,normal,0,0,65535_65535,1,6,87,634,1,1,1,14,634,28,1,1,allocated
1050,1483,normal,0,0,65535_65535,1,7,87,543,0,1,0,13,0,26,1,1,pre_allocation
1050,1483,normal,0,0,65535_65535,1,7,87,586,1,1,1,14,586,26,1,1,allocated
1050,1483,normal,0,0,65535_65535,1,8,87,589,0,1,0,13,0,28,1,1,pre_allocation
1050,1483,normal,0,0,65535_65535,1,8,87,634,1,1,1,14,634,28,1,1,allocated
1050,1483,normal,0,0,65535_65535,1,9,87,589,0,1,0,13,0,28,1,1,pre_allocation
1050,1483,normal,0,0,65535_65535,1,9,87,634,1,1,1,14,634,28,1,1,allocated
1050,1483,normal,0,0,65535_65535,1,6,87,634,0,1,0,14,0,28,1,1,pre_allocation
1050,1483,normal,0,0,65535_65535,1,6,87,680,1,1,1,15,680,28,1,1,allocated
1050,1483,normal,0,0,65535_65535,1,7,87,586,0,1,0,14,0,26,1,1,pre_allocation
1050,1483,normal,0,0,65535_65535,1,7,87,628,1,1,1,15,628,26,1,1,allocated
1050,1483,normal,0,0,65535_65535,1,8,87,634,0,1,0,14,0,28,1,1,pre_allocation
1050,1483,normal,0,0,65535_65535,1,8,87,680,1,1,1,15,680,28,1,1,allocated
1050,1483,normal,0,0,65535_65535,1,9,87,634,0,1,0,14,0,28,1,1,pre_allocation
1050,1483,normal,0,0,65535_65535,1,9,87,680,1,1,1,15,680,28,1,1,allocated
1050,1483,normal,0,0,65535_65535,1,6,87,680,0,1,0,15,0,28,1,1,pre_allocation
1050,1483,normal,0,0,65535_65535,1,6,87,725,1,1,1,16,725,28,1,1,allocated
1050,1483,normal,0,0,65535_65535,1,7,87,628,0,1,0,15,0,26,1,1,pre_allocation
1050,1483,normal,0,0,65535_65535,1,7,87,670,1,1,1,16,670,26,1,1,allocated
1050,1483,normal,0,0,65535_65535,1,8,87,680,0,1,0,15,0,28,1,1,pre_allocation
1050,1483,normal,0,0,65535_65535,1,8,87,725,1,1,1,16,725,28,1,1,allocated
1050,1483,normal,0,0,65535_65535,1,9,87,680,0,1,0,15,0,28,1,1,pre_allocation
1050,1483,normal,0,0,65535_65535,1,9,87,725,1,1,1,16,725,28,1,1,allocated
1050,1483,normal,0,0,65535_65535,1,6,87,725,0,1,0,16,0,28,1,1,pre_allocation
1050,1483,normal,0,0,65535_65535,1,6,87,771,1,1,1,17,771,28,1,1,allocated
1050,1483,normal,0,0,65535_65535,1,7,87,670,0,1,0,16,0,26,1,1,pre_allocation
1050,1483,normal,0,0,65535_65535,1,7,87,712,1,1,1,17,712,26,1,1,allocated
1050,1483,normal,0,0,65535_65535,2,27,137,0,0,1,0,0,0,28,1,1,pre_allocation
1050,1483,normal,0,0,65535_65535,2,27,137,42,1,1,1,1,42,28,1,1,allocated
1050,1483,normal,0,0,65535_65535,2,26,137,0,0,1,0,0,0,28,1,1,pre_allocation
1050,1483,normal,0,0,65535_65535,2,26,137,42,1,1,1,1,42,28,1,1,allocated
1050,1483,normal,0,0,65535_65535,2,21,137,0,0,1,0,0,0,15,1,1,pre_allocation
1050,1483,normal,0,0,65535_65535,2,21,137,14,1,1,1,1,14,15,1,1,allocated
1050,1483,normal,0,0,65535_65535,2,11,137,0,0,1,0,0,0,26,1,1,pre_allocation
1050,1483,normal,0,0,65535_65535,2,11,137,39,1,1,1,1,39,26,1,1,allocated
1050,1483,normal,0,0,65535_65535,2,12,137,0,0,1,0,0,0,28,1,1,pre_allocation
1050,1483,normal,0,0,65535_65535,2,12,137,42,1,1,1,1,42,28,1,1,allocated
1050,1483,normal,0,0,65535_65535,2,27,137,42,0,1,0,1,0,28,1,1,pre_allocation
1050,1483,normal,0,0,65535_65535,2,27,137,88,1,1,1,2,88,28,1,1,allocated
1050,1483,normal,0,0,65535_65535,2,26,137,42,0,1,0,1,0,28,1,1,pre_allocation
1050,1483,normal,0,0,65535_65535,2,26,137,88,1,1,1,2,88,28,1,1,allocated
1050,1483,normal,0,0,65535_65535,2,21,137,14,0,1,0,1,0,15,1,1,pre_allocation
1050,1483,normal,0,0,65535_65535,2,21,137,32,1,1,1,2,32,15,1,1,allocated
1050,1483,normal,0,0,65535_65535,2,11,137,39,0,1,0,1,0,26,1,1,pre_allocation
1050,1483,normal,0,0,65535_65535,2,11,137,81,1,1,1,2,81,26,1,1,allocated
1050,1483,normal,0,0,65535_65535,2,12,137,42,0,1,0,1,0,28,1,1,pre_allocation
1050,1483,normal,0,0,65535_65535,2,12,137,88,1,1,1,2,88,28,1,1,allocated
1050,1483,normal,0,0,65535_65535,2,27,137,88,0,1,0,2,0,28,1,1,pre_allocation
1050,1483,normal,0,0,65535_65535,2,27,137,133,1,1,1,3,133,28,1,1,allocated
1050,1483,normal,0,0,65535_65535,2,26,137,88,0,1,0,2,0,28,1,1,pre_allocation
1050,1483,normal,0,0,65535_65535,2,26,137,133,1,1,1,3,133,28,1,1,allocated
1050,1483,normal,0,0,65535_65535,2,21,137,32,0,1,0,2,0,15,1,1,pre_allocation
1050,1483,normal,0,0,65535_65535,2,21,137,50,1,1,1,3,50,15,1,1,allocated
1050,1483,normal,0,0,65535_65535,2,11,137,81,0,1,0,2,0,26,1,1,pre_allocation
1050,1483,normal,0,0,65535_65535,2,11,137,123,1,1,1,3,123,26,1,1,allocated
1050,1483,normal,0,0,65535_65535,2,12,137,88,0,1,0,2,0,28,1,1,pre_allocation
1050,1483,normal,0,0,65535_65535,2,12,137,133,1,1,1,3,133,28,1,1,allocated
1050,1483,normal,0,0,65535_65535,2,27,137,133,0,1,0,3,0,28,1,1,pre_allocation
1050,1483,normal,0,0,65535_65535,2,27,137,179,1,1,1,4,179,28,1,1,allocated
1050,1483,normal,0,0,65535_65535,2,26,137,133,0,1,0,3,0,28,1,1,pre_allocation
1050,1483,normal,0,0,65535_65535,2,26,137,179,1,1,1,4,179,28,1,1,allocated
1050,1483,normal,0,0,65535_65535,2,21,137,50,0,1,0,3,0,15,1,1,pre_allocation
1050,1483,normal,0,0,65535_65535,2,21,137,68,1,1,1,4,68,15,1,1,allocated
1050,1483,normal,0,0,65535_65535,2,11,137,123,0,1,0,3,0,26,1,1,pre_allocation
1050,1483,normal,0,0,65535_65535,2,11,137,165,1,1,1,4,165,26,1,1,allocated
1050,1483,normal,0,0,65535_65535,2,12,137,133,0,1,0,3,0,28,1,1,pre_allocation
1050,1483,normal,0,0,65535_65535,2,12,137,179,1,1,1,4,179,28,1,1,allocated
1050,1483,normal,0,0,65535_65535,2,27,137,179,0,1,0,4,0,28,1,1,pre_allocation
1050,1483,normal,0,0,65535_65535,2,27,137,224,1,1,1,5,224,28,1,1,allocated
1050,1483,normal,0,0,65535_65535,2,26,137,179,0,1,0,4,0,28,1,1,pre_allocation
1050,1483,normal,0,0,65535_65535,2,26,137,224,1,1,1,5,224,28,1,1,allocated
1050,1483,normal,0,0,65535_65535,2,21,137,68,0,1,0,4,0,15,1,1,pre_allocation
1050,1483,normal,0,0,65535_65535,2,21,137,86,1,1,1,5,86,15,1,1,allocated
1050,1483,normal,0,0,65535_65535,2,11,137,165,0,1,0,4,0,26,1,1,pre_allocation
1050,1483,normal,0,0,65535_65535,2,11,137,207,1,1,1,5,207,26,1,1,allocated
1050,1483,normal,0,0,65535_65535,2,12,137,179,0,1,0,4,0,28,1,1,pre_allocation
1050,1483,normal,0,0,65535_65535,2,12,137,224,1,1,1,5,224,28,1,1,allocated
1050,1483,normal,0,0,65535_65535,2,27,137,224,0,1,0,5,0,28,1,1,pre_allocation
1050,1483,normal,0,0,65535_65535,2,27,137,270,1,1,1,6,270,28,1,1,allocated
1050,1483,normal,0,0,65535_65535,2,26,137,224,0,1,0,5,0,28,1,1,pre_allocation
1050,1483,normal,0,0,65535_65535,2,26,137,270,1,1,1,6,270,28,1,1,allocated
1050,1483,normal,0,0,65535_65535,2,21,137,86,0,1,0,5,0,15,1,1,pre_allocation
1050,1483,normal,0,0,65535_65535,2,21,137,103,1,1,1,6,103,15,1,1,allocated
1050,1483,normal,0,0,65535_65535,2,11,137,207,0,1,0,5,0,26,1,1,pre_allocation
1050,1483,normal,0,0,65535_65535,2,11,137,249,1,1,1,6,249,26,1,1,allocated
1050,1483,normal,0,0,65535_65535,2,12,137,224,0,1,0,5,0,28,1,1,pre_allocation
1050,1483,normal,0,0,65535_65535,2,12,137,270,1,1,1,6,270,28,1,1,allocated
1050,1483,normal,0,0,65535_65535,2,27,137,270,0,1,0,6,0,28,1,1,pre_allocation
1050,1483,normal,0,0,65535_65535,2,27,137,315,1,1,1,7,315,28,1,1,allocated
1050,1483,normal,0,0,65535_65535,2,26,137,270,0,1,0,6,0,28,1,1,pre_allocation
1050,1483,normal,0,0,65535_65535,2,26,137,315,1,1,1,7,315,28,1,1,allocated
1050,1483,normal,0,0,65535_65535,2,21,137,103,0,1,0,6,0,15,1,1,pre_allocation
1050,1483,normal,0,0,65535_65535,2,21,137,121,1,1,1,7,121,15,1,1,allocated
1050,1483,normal,0,0,65535_65535,2,11,137,249,0,1,0,6,0,26,1,1,pre_allocation
1050,1483,normal,0,0,65535_65535,2,11,137,291,1,1,1,7,291,26,1,1,allocated
1050,1483,normal,0,0,65535_65535,2,12,137,270,0,1,0,6,0,28,1,1,pre_allocation
1050,1483,normal,0,0,65535_65535,2,12,137,315,1,1,1,7,315,28,1,1,allocated
1050,1483,normal,0,0,65535_65535,2,27,137,315,0,1,0,7,0,28,1,1,pre_allocation
1050,1483,normal,0,0,65535_65535,2,27,137,361,1,1,1,8,361,28,1,1,allocated
1050,1483,normal,0,0,65535_65535,2,26,137,315,0,1,0,7,0,28,1,1,pre_allocation
1050,1483,normal,0,0,65535_65535,2,26,137,361,1,1,1,8,361,28,1,1,allocated
1050,1483,normal,0,0,65535_65535,2,21,137,121,0,1,0,7,0,15,1,1,pre_allocation
1050,1483,normal,0,0,65535_65535,2,21,137,139,1,1,1,8,139,15,1,1,allocated
1050,1483,normal,0,0,65535_65535,2,11,137,291,0,1,0,7,0,26,1,1,pre_allocation
1050,1483,normal,0,0,65535_65535,2,11,137,333,1,1,1,8,333,26,1,1,allocated
1050,1483,normal,0,0,65535_65535,2,12,137,315,0,1,0,7,0,28,1,1,pre_allocation
1050,1483,normal,0,0,65535_65535,2,12,137,361,1,1,1,8,361,28,1,1,allocated
1050,1483,normal,0,0,65535_65535,2,27,137,361,0,1,0,8,0,28,1,1,pre_allocation
1050,1483,normal,0,0,65535_65535,2,27,137,406,1,1,1,9,406,28,1,1,allocated
1050,1483,normal,0,0,65535_65535,2,26,137,361,0,1,0,8,0,28,1,1,pre_allocation
1050,1483,normal,0,0,65535_65535,2,26,137,406,1,1,1,9,406,28,1,1,allocated
1050,1483,normal,0,0,65535_65535,2,21,137,139,0,1,0,8,0,15,1,1,pre_allocation
1050,1483,normal,0,0,65535_65535,2,21,137,157,1,1,1,9,157,15,1,1,allocated
1050,1483,normal,0,0,65535_65535,2,11,137,333,0,1,0,8,0,26,1,1,pre_allocation
1050,1483,normal,0,0,65535_65535,2,11,137,375,1,1,1,9,375,26,1,1,allocated
1050,1483,normal,0,0,65535_65535,2,12,137,361,0,1,0,8,0,28,1,1,pre_allocation
1050,1483,normal,0,0,65535_65535,2,12,137,406,1,1,1,9,406,28,1,1,allocated
1050,1483,normal,0,0,65535_65535,2,27,137,406,0,1,0,9,0,28,1,1,pre_allocation
1050,1483,normal,0,0,65535_65535,2,27,137,452,1,1,1,10,452,28,1,1,allocated
1050,1483,normal,0,0,65535_65535,2,26,137,406,0,1,0,9,0,28,1,1,pre_allocation
1050,1483,normal,0,0,65535_65535,2,26,137,452,1,1,1,10,452,28,1,1,allocated
1050,1483,normal,0,0,65535_65535,2,21,137,157,0,1,0,9,0,15,1,1,pre_allocation
1050,1483,normal,0,0,65535_65535,2,21,137,175,1,1,1,10,175,15,1,1,allocated
1050,1483,normal,0,0,65535_65535,2,11,137,375,0,1,0,9,0,26,1,1,pre_allocation
1050,1483,normal,0,0,65535_65535,2,11,137,417,1,1,1,10,417,26,1,1,allocated
