timestamp,sliceId,dedicatedPRB,minPRB,maxPRB
510,0,36.309086455509096,36.309086455509096,100.0
510,1,20.06819983275742,20.06819983275742,100.0
510,2,43.62271371173348,43.62271371173348,100.0
520,0,53.18729540855946,53.18729540855946,100.0
520,1,20.719084823995555,20.719084823995555,100.0
520,2,26.09361976744499,26.09361976744499,100.0
530,0,29.14159219287344,29.14159219287344,100.0
530,1,36.702342134578636,36.702342134578636,100.0
530,2,34.156065672547925,34.156065672547925,100.0
540,0,48.93246402007311,48.93246402007311,100.0
540,1,36.916418889342495,36.916418889342495,100.0
540,2,14.151117090584398,14.151117090584398,100.0
550,0,66.62852908707674,66.62852908707674,100.0
550,1,13.794423411370339,13.794423411370339,100.0
550,2,19.57704750155292,19.57704750155292,100.0
560,0,23.815149118494933,23.815149118494933,100.0
560,1,25.972009094014865,25.972009094014865,100.0
560,2,50.212841787490206,50.212841787490206,100.0
570,0,15.397937106372744,15.397937106372744,100.0
570,1,37.1808455063462,37.1808455063462,100.0
570,2,47.421217387281054,47.421217387281054,100.0
580,0,48.01406039063215,48.01406039063215,100.0
580,1,41.82954085170843,41.82954085170843,100.0
580,2,10.1563987576594,10.1563987576594,100.0
590,0,11.652639939905493,11.652639939905493,100.0
590,1,26.385790651948437,26.385790651948437,100.0
590,2,61.961569408146076,61.961569408146076,100.0
600,0,34.0270432177566,34.0270432177566,100.0
600,1,17.679456186072564,17.679456186072564,100.0
600,2,48.29350059617084,48.29350059617084,100.0
610,0,56.93379487662408,56.93379487662408,100.0
610,1,13.962735421787928,13.962735421787928,100.0
610,2,29.103469701588004,29.103469701588004,100.0
620,0,46.60387435575955,46.60387435575955,100.0
620,1,22.3119895736516,22.3119895736516,100.0
620,2,31.084136070588862,31.084136070588862,100.0
630,0,14.769694328558586,14.769694328558586,100.0
630,1,16.840317570251333,16.840317570251333,100.0
630,2,68.38998810119008,68.38998810119008,100.0
640,0,45.197198158004554,45.197198158004554,100.0
640,1,9.981758293342322,9.981758293342322,100.0
640,2,44.82104354865312,44.82104354865312,100.0
650,0,52.445428613355084,52.445428613355084,100.0
650,1,35.90334104758674,35.90334104758674,100.0
650,2,11.65123033905817,11.65123033905817,100.0
660,0,47.23103959297955,47.23103959297955,100.0
660,1,43.24896372379512,43.24896372379512,100.0
660,2,9.519996683225337,9.519996683225337,100.0
670,0,55.48989065385334,55.48989065385334,100.0
670,1,33.32571169144948,33.32571169144948,100.0
670,2,11.184397654697193,11.184397654697193,100.0
680,0,34.39087586384716,34.39087586384716,100.0
680,1,33.64585985450733,33.64585985450733,100.0
680,2,31.96326428164552,31.96326428164552,100.0
690,0,12.218500550965754,12.218500550965754,100.0
690,1,11.904157869340326,11.904157869340326,100.0
690,2,75.87734157969392,75.87734157969392,100.0
700,0,13.576223601872305,13.576223601872305,100.0
700,1,40.02650568163048,40.02650568163048,100.0
700,2,46.397270716497225,46.397270716497225,100.0
710,0,43.66028934717633,43.66028934717633,100.0
710,1,15.27063314844391,15.27063314844391,100.0
710,2,41.069077504379756,41.069077504379756,100.0
720,0,24.770737346890325,24.770737346890325,100.0
720,1,29.533563125088058,29.533563125088058,100.0
720,2,45.69569952802161,45.69569952802161,100.0
730,0,51.248566659716346,51.248566659716346,100.0
730,1,10.322603900013997,10.322603900013997,100.0
730,2,38.428829440269666,38.428829440269666,100.0
740,0,19.961839056005594,19.961839056005594,100.0
740,1,18.03587304805097,18.03587304805097,100.0
740,2,62.00228789594343,62.00228789594343,100.0
750,0,12.637693757574949,12.637693757574949,100.0
750,1,12.184908582437314,12.184908582437314,100.0
750,2,75.17739765998775,75.17739765998775,100.0
760,0,29.45689897685574,29.45689897685574,100.0
760,1,39.93618612637181,39.93618612637181,100.0
760,2,30.60691489677246,30.60691489677246,100.0
770,0,61.426662540024616,61.426662540024616,100.0
770,1,23.138859203631164,23.138859203631164,100.0
770,2,15.434478256344233,15.434478256344233,100.0
780,0,37.16541735253278,37.16541735253278,100.0
780,1,36.04934114609755,36.04934114609755,100.0
780,2,26.785241501369683,26.785241501369683,100.0
790,0,72.2621416496077,72.2621416496077,100.0
790,1,11.88706174053732,11.88706174053732,100.0
790,2,15.850796609854974,15.850796609854974,100.0
800,0,47.28767869191315,47.28767869191315,100.0
800,1,15.255713032642632,15.255713032642632,100.0
800,2,37.45660827544421,37.45660827544421,100.0
810,0,18.51960290008161,18.51960290008161,100.0
810,1,13.467305793650599,13.467305793650599,100.0
810,2,68.0130913062678,68.0130913062678,100.0
820,0,46.3518063021335,46.3518063021335,100.0
820,1,14.995871654285123,14.995871654285123,100.0
820,2,38.652322043581385,38.652322043581385,100.0
830,0,44.034113687351194,44.034113687351194,100.0
830,1,26.034112383567383,26.034112383567383,100.0
830,2,29.931773929081434,29.931773929081434,100.0
840,0,38.15881815010339,38.15881815010339,100.0
840,1,26.98813296932216,26.98813296932216,100.0
840,2,34.85304888057445,34.85304888057445,100.0
850,0,33.994268213221815,33.994268213221815,100.0
850,1,21.711198281290354,21.711198281290354,100.0
850,2,44.29453350548783,44.29453350548783,100.0
860,0,36.83514657232639,36.83514657232639,100.0
860,1,37.1779305003428,37.1779305003428,100.0
860,2,25.98692292733081,25.98692292733081,100.0
870,0,8.589222711390768,8.589222711390768,100.0
870,1,35.83557112358376,35.83557112358376,100.0
870,2,55.575206165025484,55.575206165025484,100.0
880,0,11.303269433678356,11.303269433678356,100.0
880,1,32.05482133919003,32.05482133919003,100.0
880,2,56.64190922713163,56.64190922713163,100.0
890,0,41.113558197765045,41.113558197765045,100.0
890,1,46.199412148474494,46.199412148474494,100.0
890,2,12.687029653760467,12.687029653760467,100.0
900,0,67.57129110379148,67.57129110379148,100.0
900,1,16.775532810958417,16.775532810958417,100.0
900,2,15.653176085250104,15.653176085250104,100.0
910,0,43.118873735595606,43.118873735595606,100.0
910,1,11.844360580870438,11.844360580870438,100.0
910,2,45.03676568353396,45.03676568353396,100.0
920,0,44.471087266930404,44.471087266930404,100.0
920,1,34.353026722864264,34.353026722864264,100.0
920,2,21.17588601020532,21.17588601020532,100.0
930,0,12.709471083865086,12.709471083865086,100.0
930,1,16.930526440362172,16.930526440362172,100.0
930,2,70.36000247577275,70.36000247577275,100.0
940,0,66.08294287167998,66.08294287167998,100.0
940,1,23.30686625977569,23.30686625977569,100.0
940,2,10.610190868544342,10.610190868544342,100.0
950,0,45.82197387097327,45.82197387097327,100.0
950,1,30.482919977618888,30.482919977618888,100.0
950,2,23.695106151407852,23.695106151407852,100.0
960,0,61.8576508473568,61.8576508473568,100.0
960,1,14.050707067381133,14.050707067381133,100.0
960,2,24.09164208526206,24.09164208526206,100.0
970,0,24.943999666097668,24.943999666097668,100.0
970,1,21.97097872435412,21.97097872435412,100.0
970,2,53.085021609548214,53.085021609548214,100.0
980,0,61.63725479362754,61.63725479362754,100.0
980,1,19.93828882583843,19.93828882583843,100.0
980,2,18.424456380534032,18.424456380534032,100.0
990,0,13.531829404474696,13.531829404474696,100.0
990,1,12.486305635391668,12.486305635391668,100.0
990,2,73.98186496013363,73.98186496013363,100.0
1000,0,33.79764346187685,33.79764346187685,100.0
1000,1,37.607071819455044,37.607071819455044,100.0
1000,2,28.5952847186681,28.5952847186681,100.0
1010,0,50.30803623615936,50.30803623615936,100.0
1010,1,13.558160134726585,13.558160134726585,100.0
1010,2,36.133803629114055,36.133803629114055,100.0
1020,0,38.394807356368474,38.394807356368474,100.0
1020,1,20.49111098969981,20.49111098969981,100.0
1020,2,41.11408165393173,41.11408165393173,100.0
1030,0,31.28302732714886,31.28302732714886,100.0
1030,1,26.779059561946294,26.779059561946294,100.0
1030,2,41.937913110904844,41.937913110904844,100.0
1040,0,40.532562653737955,40.532562653737955,100.0
1040,1,26.8205687560853,26.8205687560853,100.0
1040,2,32.64686859017675,32.64686859017675,100.0
1050,0,13.246964246530682,13.246964246530682,100.0
1050,1,34.4116964241776,34.4116964241776,100.0
1050,2,52.34133932929173,52.34133932929173,100.0
1060,0,24.54317289258449,24.54317289258449,100.0
1060,1,43.28116232574107,43.28116232574107,100.0
1060,2,32.17566478167444,32.17566478167444,100.0
1070,0,59.32615884572054,59.32615884572054,100.0
1070,1,23.149406610518945,23.149406610518945,100.0
1070,2,17.524434543760503,17.524434543760503,100.0
1080,0,58.22562745665552,58.22562745665552,100.0
1080,1,24.10879992164419,24.10879992164419,100.0
1080,2,17.665572621700274,17.665572621700274,100.0
1090,0,54.865751199991685,54.865751199991685,100.0
1090,1,22.813462604694486,22.813462604694486,100.0
1090,2,22.320786195313826,22.320786195313826,100.0
1100,0,60.1516802133913,60.1516802133913,100.0
1100,1,22.160952311845573,22.160952311845573,100.0
1100,2,17.687367474763125,17.687367474763125,100.0
1110,0,10.03606495989045,10.03606495989045,100.0
1110,1,25.292349722428337,25.292349722428337,100.0
1110,2,64.67158531768122,64.67158531768122,100.0
1120,0,18.475605010747547,18.475605010747547,100.0
1120,1,42.702919417287376,42.702919417287376,100.0
1120,2,38.821475571965074,38.821475571965074,100.0
1130,0,37.19816834718135,37.19816834718135,100.0
1130,1,10.656088000846268,10.656088000846268,100.0
1130,2,52.14574365197239,52.14574365197239,100.0
1140,0,54.46268444490998,54.46268444490998,100.0
1140,1,19.825287328743656,19.825287328743656,100.0
1140,2,25.712028226346362,25.712028226346362,100.0
1150,0,63.44405055937074,63.44405055937074,100.0
1150,1,23.166252315470953,23.166252315470953,100.0
1150,2,13.389697125158312,13.389697125158312,100.0
1160,0,63.93739885311446,63.93739885311446,100.0
1160,1,10.760150063065366,10.760150063065366,100.0
1160,2,25.302451083820177,25.302451083820177,100.0
1170,0,12.898722047044206,12.898722047044206,100.0
1170,1,11.787357918587677,11.787357918587677,100.0
1170,2,75.31392003436812,75.31392003436812,100.0
1180,0,11.256554929634845,11.256554929634845,100.0
1180,1,18.792931724051,18.792931724051,100.0
1180,2,69.95051334631415,69.95051334631415,100.0
1190,0,37.16308484907594,37.16308484907594,100.0
1190,1,45.678040791144966,45.678040791144966,100.0
1190,2,17.15887435977909,17.15887435977909,100.0
1200,0,70.15197155023458,70.15197155023458,100.0
1200,1,15.53376865980016,15.53376865980016,100.0
1200,2,14.314259789965261,14.314259789965261,100.0
1210,0,44.33780146608755,44.33780146608755,100.0
1210,1,14.103203753707536,14.103203753707536,100.0
1210,2,41.55899478020492,41.55899478020492,100.0
1220,0,25.618046775362064,25.618046775362064,100.0
1220,1,20.499672714408618,20.499672714408618,100.0
1220,2,53.88228051022933,53.88228051022933,100.0
1230,0,7.472675820599729,7.472675820599729,100.0
1230,1,41.30460741848805,41.30460741848805,100.0
1230,2,51.22271676091222,51.22271676091222,100.0
1240,0,58.13156192745499,58.13156192745499,100.0
1240,1,28.48189226947577,28.48189226947577,100.0
1240,2,13.386545803069241,13.386545803069241,100.0
1250,0,28.583943427548792,28.583943427548792,100.0
1250,1,22.29060313597847,22.29060313597847,100.0
1250,2,49.125453436472746,49.125453436472746,100.0
1260,0,22.680791536397503,22.680791536397503,100.0
1260,1,31.006171177848096,31.006171177848096,100.0
1260,2,46.31303728575439,46.31303728575439,100.0
1270,0,30.750342432267523,30.750342432267523,100.0
1270,1,39.72575423458766,39.72575423458766,100.0
1270,2,29.523903333144823,29.523903333144823,100.0
1280,0,45.43427325279824,45.43427325279824,100.0
1280,1,44.043962369671554,44.043962369671554,100.0
1280,2,10.521764377530202,10.521764377530202,100.0
1290,0,13.501193422205688,13.501193422205688,100.0
1290,1,13.383378387951103,13.383378387951103,100.0
1290,2,73.11542818984321,73.11542818984321,100.0
1300,0,39.6291119778717,39.6291119778717,100.0
1300,1,21.985332854487037,21.985332854487037,100.0
1300,2,38.38555516764126,38.38555516764126,100.0
1310,0,32.06181259708447,32.06181259708447,100.0
1310,1,51.69967648051532,51.69967648051532,100.0
1310,2,16.238510922400202,16.238510922400202,100.0
1320,0,29.309755225970502,29.309755225970502,100.0
1320,1,46.77569314927483,46.77569314927483,100.0
1320,2,23.914551624754672,23.914551624754672,100.0
1330,0,46.78126499395107,46.78126499395107,100.0
1330,1,25.35750320779519,25.35750320779519,100.0
1330,2,27.861231798253733,27.861231798253733,100.0
1340,0,35.145247914353455,35.145247914353455,100.0
1340,1,27.945229179257574,27.945229179257574,100.0
1340,2,36.909522906388965,36.909522906388965,100.0
1350,0,13.817631956057772,13.817631956057772,100.0
1350,1,25.545780939819174,25.545780939819174,100.0
1350,2,60.636587104123066,60.636587104123066,100.0
1360,0,37.341859120630986,37.341859120630986,100.0
1360,1,32.20916185536939,32.20916185536939,100.0
1360,2,30.448979023999623,30.448979023999623,100.0
1370,0,56.00526056306564,56.00526056306564,100.0
1370,1,12.317387516412158,12.317387516412158,100.0
1370,2,31.677351920522206,31.677351920522206,100.0
1380,0,75.77210297210199,75.77210297210199,100.0
1380,1,12.913286683133137,12.913286683133137,100.0
1380,2,11.314610344764883,11.314610344764883,100.0
1390,0,38.05581924249684,38.05581924249684,100.0
1390,1,9.749087656242777,9.749087656242777,100.0
1390,2,52.19509310126038,52.19509310126038,100.0
1400,0,74.14718736824717,74.14718736824717,100.0
1400,1,11.968829791669966,11.968829791669966,100.0
1400,2,13.883982840082856,13.883982840082856,100.0
1410,0,15.718456208128472,15.718456208128472,100.0
1410,1,11.40511269224259,11.40511269224259,100.0
1410,2,72.87643109962893,72.87643109962893,100.0
1420,0,24.30885460444387,24.30885460444387,100.0
1420,1,28.311468599439998,28.311468599439998,100.0
1420,2,47.37967679611613,47.37967679611613,100.0
1430,0,64.09510048536693,64.09510048536693,100.0
1430,1,18.299736968519984,18.299736968519984,100.0
1430,2,17.6051625461131,17.6051625461131,100.0
1440,0,54.29758464592662,54.29758464592662,100.0
1440,1,18.719322497839936,18.719322497839936,100.0
1440,2,26.983092856233437,26.983092856233437,100.0
1450,0,21.20989587591542,21.20989587591542,100.0
1450,1,13.4824400173392,13.4824400173392,100.0
1450,2,65.30766410674538,65.30766410674538,100.0
1460,0,14.450551207859395,14.450551207859395,100.0
1460,1,66.44127331983368,66.44127331983368,100.0
1460,2,19.108175472306925,19.108175472306925,100.0
1470,0,33.4738154230044,33.4738154230044,100.0
1470,1,34.8970187012672,34.8970187012672,100.0
1470,2,31.629165875728393,31.629165875728393,100.0
1480,0,35.805793721370215,35.805793721370215,100.0
1480,1,12.367813889474377,12.367813889474377,100.0
1480,2,51.82639238915541,51.82639238915541,100.0
1490,0,21.944543700872522,21.944543700872522,100.0
1490,1,53.13731487178098,53.13731487178098,100.0
1490,2,24.918141427346505,24.918141427346505,100.0
1500,0,59.45461913619874,59.45461913619874,100.0
1500,1,15.402869119349338,15.402869119349338,100.0
1500,2,25.14251174445193,25.14251174445193,100.0
1510,0,67.06486085076834,67.06486085076834,100.0
1510,1,15.36092703592259,15.36092703592259,100.0
1510,2,17.57421211330907,17.57421211330907,100.0
1520,0,30.22338485526057,30.22338485526057,100.0
1520,1,32.27410525492927,32.27410525492927,100.0
1520,2,37.50250988981018,37.50250988981018,100.0
1530,0,11.775220312823992,11.775220312823992,100.0
1530,1,19.8003639912433,19.8003639912433,100.0
1530,2,68.42441569593272,68.42441569593272,100.0
1540,0,52.46350144534397,52.46350144534397,100.0
1540,1,30.780212112898347,30.780212112898347,100.0
1540,2,16.75628644175768,16.75628644175768,100.0
1550,0,44.21695392607505,44.21695392607505,100.0
1550,1,25.978886018164033,25.978886018164033,100.0
1550,2,29.80416005576092,29.80416005576092,100.0
1560,0,49.230265253444095,49.230265253444095,100.0
1560,1,16.049945184046184,16.049945184046184,100.0
1560,2,34.71978956250972,34.71978956250972,100.0
1570,0,43.30776284124023,43.30776284124023,100.0
1570,1,31.362914836007207,31.362914836007207,100.0
1570,2,25.329322322752564,25.329322322752564,100.0
1580,0,40.59985466273182,40.59985466273182,100.0
1580,1,13.461391291743368,13.461391291743368,100.0
1580,2,45.93875404552482,45.93875404552482,100.0
1590,0,16.099279100254847,16.099279100254847,100.0
1590,1,10.498121573318754,10.498121573318754,100.0
1590,2,73.4025993264264,73.4025993264264,100.0
1600,0,10.376224724074126,10.376224724074126,100.0
1600,1,38.27680400953719,38.27680400953719,100.0
1600,2,51.3469712663887,51.3469712663887,100.0
1610,0,37.24892264928279,37.24892264928279,100.0
1610,1,37.89300875025444,37.89300875025444,100.0
1610,2,24.858068600462776,24.858068600462776,100.0
1620,0,26.031297526660165,26.031297526660165,100.0
1620,1,15.688846505435238,15.688846505435238,100.0
1620,2,58.2798559679046,58.2798559679046,100.0
1630,0,63.939782156669246,63.939782156669246,100.0
1630,1,11.120067361798421,11.120067361798421,100.0
1630,2,24.94015048153233,24.94015048153233,100.0
1640,0,38.682322319756565,38.682322319756565,100.0
1640,1,30.628486496958875,30.628486496958875,100.0
1640,2,30.689191183284564,30.689191183284564,100.0
1650,0,12.944935760833731,12.944935760833731,100.0
1650,1,11.031086365322624,11.031086365322624,100.0
1650,2,76.02397787384365,76.02397787384365,100.0
1660,0,19.13443723315401,19.13443723315401,100.0
1660,1,61.22254138048443,61.22254138048443,100.0
1660,2,19.64302138636157,19.64302138636157,100.0
1670,0,48.563761868546166,48.563761868546166,100.0
1670,1,16.972929186880194,16.972929186880194,100.0
1670,2,34.46330894457365,34.46330894457365,100.0
1680,0,36.305070199071245,36.305070199071245,100.0
1680,1,32.5537540337441,32.5537540337441,100.0
1680,2,31.14117576718464,31.14117576718464,100.0
1690,0,27.278249764470626,27.278249764470626,100.0
1690,1,17.280094934226554,17.280094934226554,100.0
1690,2,55.441655301302816,55.441655301302816,100.0
1700,0,63.13629067886443,63.13629067886443,100.0
1700,1,24.805858260579846,24.805858260579846,100.0
1700,2,12.05785106055573,12.05785106055573,100.0
1710,0,11.808247477859853,11.808247477859853,100.0
1710,1,13.50484660210462,13.50484660210462,100.0
1710,2,74.68690592003554,74.68690592003554,100.0
1720,0,12.859763873510158,12.859763873510158,100.0
1720,1,28.425204200162433,28.425204200162433,100.0
1720,2,58.71503192632741,58.71503192632741,100.0
1730,0,28.617621185155134,28.617621185155134,100.0
1730,1,37.52262082746161,37.52262082746161,100.0
1730,2,33.85975798738327,33.85975798738327,100.0
1740,0,58.864412428437404,58.864412428437404,100.0
1740,1,20.40023900610721,20.40023900610721,100.0
1740,2,20.735348565455375,20.735348565455375,100.0
1750,0,55.04856068528051,55.04856068528051,100.0
1750,1,17.972792471181908,17.972792471181908,100.0
1750,2,26.978646843537586,26.978646843537586,100.0
1760,0,53.45836591298655,53.45836591298655,100.0
1760,1,12.725890703150691,12.725890703150691,100.0
1760,2,33.81574338386276,33.81574338386276,100.0
1770,0,14.374098320946246,14.374098320946246,100.0
1770,1,20.42860610385374,20.42860610385374,100.0
1770,2,65.19729557520002,65.19729557520002,100.0
1780,0,11.268491203462373,11.268491203462373,100.0
1780,1,41.17576318894452,41.17576318894452,100.0
1780,2,47.55574560759311,47.55574560759311,100.0
1790,0,37.9663718540656,37.9663718540656,100.0
1790,1,12.286867168637901,12.286867168637901,100.0
1790,2,49.7467609772965,49.7467609772965,100.0
1800,0,30.031965380467923,30.031965380467923,100.0
1800,1,37.75234877287926,37.75234877287926,100.0
1800,2,32.215685846652825,32.215685846652825,100.0
1810,0,35.357946752872635,35.357946752872635,100.0
1810,1,47.12158704179934,47.12158704179934,100.0
1810,2,17.52046620532804,17.52046620532804,100.0
1820,0,35.526738098862474,35.526738098862474,100.0
1820,1,53.388127815906785,53.388127815906785,100.0
1820,2,11.085134085230742,11.085134085230742,100.0
1830,0,25.148267487233237,25.148267487233237,100.0
1830,1,28.278360026293537,28.278360026293537,100.0
1830,2,46.573372486473225,46.573372486473225,100.0
1840,0,54.50965004543521,54.50965004543521,100.0
1840,1,11.388992948204248,11.388992948204248,100.0
1840,2,34.10135700636055,34.10135700636055,100.0
1850,0,23.692481425269964,23.692481425269964,100.0
1850,1,57.83553690212131,57.83553690212131,100.0
1850,2,18.471981672608724,18.471981672608724,100.0
1860,0,39.0074587288334,39.0074587288334,100.0
1860,1,16.6948288932516,16.6948288932516,100.0
1860,2,44.29771237791501,44.29771237791501,100.0
1870,0,48.39777810162433,48.39777810162433,100.0
1870,1,39.20291471341956,39.20291471341956,100.0
1870,2,12.399307184956106,12.399307184956106,100.0
1880,0,46.55570924682597,46.55570924682597,100.0
1880,1,31.177697849479525,31.177697849479525,100.0
1880,2,22.26659290369451,22.26659290369451,100.0
1890,0,13.767082589517596,13.767082589517596,100.0
1890,1,15.801670896145147,15.801670896145147,100.0
1890,2,70.43124651433726,70.43124651433726,100.0
1900,0,46.81237026884361,46.81237026884361,100.0
1900,1,38.24260607188491,38.24260607188491,100.0
1900,2,14.945023659271472,14.945023659271472,100.0
1910,0,38.415426715415755,38.415426715415755,100.0
1910,1,31.276142183942923,31.276142183942923,100.0
1910,2,30.308431100641315,30.308431100641315,100.0
1920,0,37.08335170947347,37.08335170947347,100.0
1920,1,38.6395690128213,38.6395690128213,100.0
1920,2,24.277079277705234,24.277079277705234,100.0
1930,0,15.538409319948943,15.538409319948943,100.0
1930,1,40.78501662169172,40.78501662169172,100.0
1930,2,43.67657405835935,43.67657405835935,100.0
1940,0,26.954214261093597,26.954214261093597,100.0
1940,1,47.900721194227344,47.900721194227344,100.0
1940,2,25.14506454467907,25.14506454467907,100.0
1950,0,20.852017467985366,20.852017467985366,100.0
1950,1,15.57044543187989,15.57044543187989,100.0
1950,2,63.57753710013474,63.57753710013474,100.0
1960,0,29.25886291620857,29.25886291620857,100.0
1960,1,16.917589029796563,16.917589029796563,100.0
1960,2,53.82354805399488,53.82354805399488,100.0
1970,0,41.945480458420484,41.945480458420484,100.0
1970,1,8.95997137334564,8.95997137334564,100.0
1970,2,49.09454816823388,49.09454816823388,100.0
1980,0,26.93930385813173,26.93930385813173,100.0
1980,1,38.01600102367206,38.01600102367206,100.0
1980,2,35.04469511819621,35.04469511819621,100.0
1990,0,39.96707855607078,39.96707855607078,100.0
1990,1,36.88841295695475,36.88841295695475,100.0
1990,2,23.144508486974456,23.144508486974456,100.0
2000,0,28.508407584630824,28.508407584630824,100.0
2000,1,20.088539464079,20.088539464079,100.0
2000,2,51.403052951290185,51.403052951290185,100.0
2010,0,10.776498479863383,10.776498479863383,100.0
2010,1,32.208785425134735,32.208785425134735,100.0
2010,2,57.01471609500188,57.01471609500188,100.0
2020,0,16.519249489065064,16.519249489065064,100.0
2020,1,64.92246428603252,64.92246428603252,100.0
2020,2,18.558286224902407,18.558286224902407,100.0
2030,0,21.67159878242121,21.67159878242121,100.0
2030,1,45.33962463483107,45.33962463483107,100.0
2030,2,32.98877658274771,32.98877658274771,100.0
2040,0,50.79299212102135,50.79299212102135,100.0
2040,1,17.060784300491374,17.060784300491374,100.0
2040,2,32.14622357848728,32.14622357848728,100.0
2050,0,62.79972256186546,62.79972256186546,100.0
2050,1,23.907036060996624,23.907036060996624,100.0
2050,2,13.29324137713793,13.29324137713793,100.0
2060,0,59.41366269826054,59.41366269826054,100.0
2060,1,19.122818599361302,19.122818599361302,100.0
2060,2,21.463518702378156,21.463518702378156,100.0
2070,0,11.831991960443137,11.831991960443137,100.0
2070,1,12.969136892751717,12.969136892751717,100.0
2070,2,75.19887114680515,75.19887114680515,100.0
2080,0,15.799111283161674,15.799111283161674,100.0
2080,1,27.663826776718007,27.663826776718007,100.0
2080,2,56.53706194012032,56.53706194012032,100.0
2090,0,49.659770841336226,49.659770841336226,100.0
2090,1,19.733845331972162,19.733845331972162,100.0
2090,2,30.60638382669162,30.60638382669162,100.0
2100,0,25.901289351214384,25.901289351214384,100.0
2100,1,10.011675899821011,10.011675899821011,100.0
2100,2,64.08703474896461,64.08703474896461,100.0
2110,0,34.97333487852487,34.97333487852487,100.0
2110,1,31.937848008471548,31.937848008471548,100.0
2110,2,33.088817113003586,33.088817113003586,100.0
2120,0,18.79524526614551,18.79524526614551,100.0
2120,1,66.51570234759234,66.51570234759234,100.0
2120,2,14.68905238626215,14.68905238626215,100.0
2130,0,27.82056729754253,27.82056729754253,100.0
2130,1,37.54100778749989,37.54100778749989,100.0
2130,2,34.63842491495758,34.63842491495758,100.0
2140,0,14.996878211400846,14.996878211400846,100.0
2140,1,40.555470209256754,40.555470209256754,100.0
2140,2,44.4476515793424,44.4476515793424,100.0
2150,0,48.481103520459705,48.481103520459705,100.0
2150,1,26.313500839938758,26.313500839938758,100.0
2150,2,25.205395639601548,25.205395639601548,100.0
2160,0,65.13535419790503,65.13535419790503,100.0
2160,1,25.647963880225028,25.647963880225028,100.0
2160,2,9.216681921869947,9.216681921869947,100.0
2170,0,47.94972583801573,47.94972583801573,100.0
2170,1,16.908992611141322,16.908992611141322,100.0
2170,2,35.14128155084295,35.14128155084295,100.0
2180,0,64.05488436268662,64.05488436268662,100.0
2180,1,18.378614863596898,18.378614863596898,100.0
2180,2,17.566500773716488,17.566500773716488,100.0
2190,0,11.90448529710418,11.90448529710418,100.0
2190,1,21.407808854134085,21.407808854134085,100.0
2190,2,66.68770584876174,66.68770584876174,100.0
2200,0,34.969371481942524,34.969371481942524,100.0
2200,1,55.859372288561225,55.859372288561225,100.0
2200,2,9.171256229496246,9.171256229496246,100.0
2210,0,29.175316851192818,29.175316851192818,100.0
2210,1,16.4496547246373,16.4496547246373,100.0
2210,2,54.375028424169884,54.375028424169884,100.0
2220,0,52.39792320902074,52.39792320902074,100.0
2220,1,24.361642436969845,24.361642436969845,100.0
2220,2,23.240434354009423,23.240434354009423,100.0
2230,0,40.44103252213468,40.44103252213468,100.0
2230,1,12.503449697992478,12.503449697992478,100.0
2230,2,47.05551777987285,47.05551777987285,100.0
2240,0,38.5753836860145,38.5753836860145,100.0
2240,1,48.426937645414384,48.426937645414384,100.0
2240,2,12.997678668571119,12.997678668571119,100.0
2250,0,18.305091051773847,18.305091051773847,100.0
2250,1,13.55933484368865,13.55933484368865,100.0
2250,2,68.1355741045375,68.1355741045375,100.0
2260,0,43.886173568052534,43.886173568052534,100.0
2260,1,33.30519804631368,33.30519804631368,100.0
2260,2,22.80862838563379,22.80862838563379,100.0
2270,0,36.11852035256617,36.11852035256617,100.0
2270,1,38.31627614654508,38.31627614654508,100.0
2270,2,25.565203500888746,25.565203500888746,100.0
2280,0,16.56707172071909,16.56707172071909,100.0
2280,1,68.18456874019047,68.18456874019047,100.0
2280,2,15.248359539090444,15.248359539090444,100.0
2290,0,26.210212869125694,26.210212869125694,100.0
2290,1,50.46075171814021,50.46075171814021,100.0
2290,2,23.3290354127341,23.3290354127341,100.0
2300,0,56.52493563607257,56.52493563607257,100.0
2300,1,21.271545723608106,21.271545723608106,100.0
2300,2,22.20351864031932,22.20351864031932,100.0
2310,0,13.549721389377886,13.549721389377886,100.0
2310,1,14.417518708981817,14.417518708981817,100.0
2310,2,72.0327599016403,72.0327599016403,100.0
2320,0,43.38409885061401,43.38409885061401,100.0
2320,1,26.09131032864963,26.09131032864963,100.0
2320,2,30.524590820736364,30.524590820736364,100.0
2330,0,19.591955414891302,19.591955414891302,100.0
2330,1,21.221361278287397,21.221361278287397,100.0
2330,2,59.18668330682131,59.18668330682131,100.0
2340,0,35.21617198845077,35.21617198845077,100.0
2340,1,26.00891150352094,26.00891150352094,100.0
2340,2,38.7749165080283,38.7749165080283,100.0
2350,0,19.942859002774043,19.942859002774043,100.0
2350,1,25.401756079111365,25.401756079111365,100.0
2350,2,54.65538491811459,54.65538491811459,100.0
2360,0,29.647461865602992,29.647461865602992,100.0
2360,1,18.652373537336175,18.652373537336175,100.0
2360,2,51.70016459706083,51.70016459706083,100.0
2370,0,14.192658718015952,14.192658718015952,100.0
2370,1,15.517038641173302,15.517038641173302,100.0
2370,2,70.29030264081075,70.29030264081075,100.0
2380,0,24.69270454914251,24.69270454914251,100.0
2380,1,35.03057294543069,35.03057294543069,100.0
2380,2,40.276722505426804,40.276722505426804,100.0
2390,0,48.659511641947546,48.659511641947546,100.0
2390,1,40.64674746359396,40.64674746359396,100.0
2390,2,10.693740894458497,10.693740894458497,100.0
2400,0,29.280734536199137,29.280734536199137,100.0
2400,1,19.236901696124118,19.236901696124118,100.0
2400,2,51.482363767676745,51.482363767676745,100.0
2410,0,34.23141182608013,34.23141182608013,100.0
2410,1,45.6630003109898,45.6630003109898,100.0
2410,2,20.105587862930065,20.105587862930065,100.0
2420,0,27.116134537430348,27.116134537430348,100.0
2420,1,36.50994516924616,36.50994516924616,100.0
2420,2,36.3739202933235,36.3739202933235,100.0
2430,0,9.577111476597741,9.577111476597741,100.0
2430,1,31.242125055562976,31.242125055562976,100.0
2430,2,59.18076346783929,59.18076346783929,100.0
2440,0,18.11035855181511,18.11035855181511,100.0
2440,1,66.43412495313842,66.43412495313842,100.0
2440,2,15.455516495046458,15.455516495046458,100.0
2450,0,29.83693975792663,29.83693975792663,100.0
2450,1,36.69467754097431,36.69467754097431,100.0
2450,2,33.46838270109907,33.46838270109907,100.0
2460,0,53.75043954663559,53.75043954663559,100.0
2460,1,26.6559739554455,26.6559739554455,100.0
2460,2,19.593586497918928,19.593586497918928,100.0
2470,0,23.916051933894334,23.916051933894334,100.0
2470,1,28.755477225257003,28.755477225257003,100.0
2470,2,47.32847084084867,47.32847084084867,100.0
2480,0,56.55862681359157,56.55862681359157,100.0
2480,1,14.6293962834296,14.6293962834296,100.0
2480,2,28.81197690297882,28.81197690297882,100.0
2490,0,13.203750442979537,13.203750442979537,100.0
2490,1,16.091049160139974,16.091049160139974,100.0
2490,2,70.70520039688049,70.70520039688049,100.0
2500,0,50.748791549011585,50.748791549011585,100.0
2500,1,28.55264169192933,28.55264169192933,100.0
2500,2,20.698566759059084,20.698566759059084,100.0
2510,0,67.08412044761567,67.08412044761567,100.0
2510,1,20.080150116236233,20.080150116236233,100.0
2510,2,12.835729436148085,12.835729436148085,100.0
2520,0,35.41865000781084,35.41865000781084,100.0
2520,1,31.038710486338516,31.038710486338516,100.0
2520,2,33.54263950585065,33.54263950585065,100.0
2530,0,75.82878908031981,75.82878908031981,100.0
2530,1,13.01459133074831,13.01459133074831,100.0
2530,2,11.15661958893188,11.15661958893188,100.0
2540,0,43.99438173750569,43.99438173750569,100.0
2540,1,35.545273565173254,35.545273565173254,100.0
2540,2,20.460344697321045,20.460344697321045,100.0
2550,0,13.048142344236306,13.048142344236306,100.0
2550,1,13.956751637779316,13.956751637779316,100.0
2550,2,72.99510601798438,72.99510601798438,100.0
2560,0,29.725433523595118,29.725433523595118,100.0
2560,1,30.977333487601257,30.977333487601257,100.0
2560,2,39.29723298880363,39.29723298880363,100.0
2570,0,15.957467687669027,15.957467687669027,100.0
2570,1,48.96437211142203,48.96437211142203,100.0
2570,2,35.078160200908954,35.078160200908954,100.0
2580,0,30.447619148467552,30.447619148467552,100.0
2580,1,50.72048507305297,50.72048507305297,100.0
2580,2,18.831895778479467,18.831895778479467,100.0
2590,0,26.067074119501,26.067074119501,100.0
2590,1,61.87412850334878,61.87412850334878,100.0
2590,2,12.058797377150219,12.058797377150219,100.0
2600,0,28.49149040795234,28.49149040795234,100.0
2600,1,26.96191857661686,26.96191857661686,100.0
2600,2,44.546591015430806,44.546591015430806,100.0
2610,0,11.052444208708424,11.052444208708424,100.0
2610,1,31.775396746293726,31.775396746293726,100.0
2610,2,57.17215904499785,57.17215904499785,100.0
2620,0,28.644269421746788,28.644269421746788,100.0
2620,1,30.363048547367573,30.363048547367573,100.0
2620,2,40.99268203088563,40.99268203088563,100.0
2630,0,25.633423810031275,25.633423810031275,100.0
2630,1,47.80882787582838,47.80882787582838,100.0
2630,2,26.557748314140362,26.557748314140362,100.0
2640,0,64.10424283161332,64.10424283161332,100.0
2640,1,24.01170239986431,24.01170239986431,100.0
2640,2,11.884054768522374,11.884054768522374,100.0
2650,0,15.259527709028397,15.259527709028397,100.0
2650,1,21.98933188966647,21.98933188966647,100.0
2650,2,62.75114040130513,62.75114040130513,100.0
2660,0,30.348939744971045,30.348939744971045,100.0
2660,1,45.81175331700308,45.81175331700308,100.0
2660,2,23.83930693802587,23.83930693802587,100.0
2670,0,8.857423257285335,8.857423257285335,100.0
2670,1,36.6925653817464,36.6925653817464,100.0
2670,2,54.450011360968276,54.450011360968276,100.0
2680,0,36.308179166375815,36.308179166375815,100.0
2680,1,31.263468647577476,31.263468647577476,100.0
2680,2,32.428352186046716,32.428352186046716,100.0
2690,0,28.793605865715282,28.793605865715282,100.0
2690,1,12.593391807756396,12.593391807756396,100.0
2690,2,58.61300232652832,58.61300232652832,100.0
2700,0,57.86094666519248,57.86094666519248,100.0
2700,1,22.86164753228501,22.86164753228501,100.0
2700,2,19.27740580252252,19.27740580252252,100.0
2710,0,76.88516355875721,76.88516355875721,100.0
2710,1,11.690582009736564,11.690582009736564,100.0
2710,2,11.42425443150624,11.42425443150624,100.0
2720,0,60.00985019379712,60.00985019379712,100.0
2720,1,25.254475333056124,25.254475333056124,100.0
2720,2,14.735674473146759,14.735674473146759,100.0
2730,0,18.013142525905714,18.013142525905714,100.0
2730,1,12.97346038478168,12.97346038478168,100.0
2730,2,69.0133970893126,69.0133970893126,100.0
2740,0,52.82610905649542,52.82610905649542,100.0
2740,1,27.91555423273652,27.91555423273652,100.0
2740,2,19.25833671076807,19.25833671076807,100.0
2750,0,41.68713405714984,41.68713405714984,100.0
2750,1,40.89525368972304,40.89525368972304,100.0
2750,2,17.417612253127114,17.417612253127114,100.0
2760,0,41.687719692048,41.687719692048,100.0
2760,1,9.113119268900858,9.113119268900858,100.0
2760,2,49.19916103905115,49.19916103905115,100.0
2770,0,22.52982241836393,22.52982241836393,100.0
2770,1,42.858491998161966,42.858491998161966,100.0
2770,2,34.611685583474106,34.611685583474106,100.0
2780,0,34.529571235941106,34.529571235941106,100.0
2780,1,43.118745669696565,43.118745669696565,100.0
2780,2,22.351683094362336,22.351683094362336,100.0
2790,0,11.997506915858509,11.997506915858509,100.0
2790,1,13.989551226631884,13.989551226631884,100.0
2790,2,74.01294185750962,74.01294185750962,100.0
2800,0,32.764767831108784,32.764767831108784,100.0
2800,1,28.19423033048879,28.19423033048879,100.0
2800,2,39.04100183840244,39.04100183840244,100.0
2810,0,23.140981092488186,23.140981092488186,100.0
2810,1,64.26487215626229,64.26487215626229,100.0
2810,2,12.594146751249541,12.594146751249541,100.0
2820,0,15.630047990934084,15.630047990934084,100.0
2820,1,62.69133794032099,62.69133794032099,100.0
2820,2,21.678614068744935,21.678614068744935,100.0
2830,0,11.501776452510212,11.501776452510212,100.0
2830,1,20.65010622740062,20.65010622740062,100.0
2830,2,67.84811732008916,67.84811732008916,100.0
2840,0,52.7087585016929,52.7087585016929,100.0
2840,1,15.04003636155556,15.04003636155556,100.0
2840,2,32.25120513675155,32.25120513675155,100.0
2850,0,15.863688628768427,15.863688628768427,100.0
2850,1,14.228440912571916,14.228440912571916,100.0
2850,2,69.90787045865966,69.90787045865966,100.0
2860,0,34.80280481899099,34.80280481899099,100.0
2860,1,27.093078936621623,27.093078936621623,100.0
2860,2,38.104116244387384,38.104116244387384,100.0
2870,0,65.85543947463877,65.85543947463877,100.0
2870,1,18.475981614901325,18.475981614901325,100.0
2870,2,15.66857891045989,15.66857891045989,100.0
2880,0,34.34468254099161,34.34468254099161,100.0
2880,1,26.55393225515973,26.55393225515973,100.0
2880,2,39.10138520384866,39.10138520384866,100.0
2890,0,42.84706034998217,42.84706034998217,100.0
2890,1,46.21688144933423,46.21688144933423,100.0
2890,2,10.936058200683604,10.936058200683604,100.0
2900,0,21.856916620219245,21.856916620219245,100.0
2900,1,30.368360035487342,30.368360035487342,100.0
2900,2,47.77472334429341,47.77472334429341,100.0
2910,0,17.14694263917641,17.14694263917641,100.0
2910,1,15.214732986107157,15.214732986107157,100.0
2910,2,67.63832437471643,67.63832437471643,100.0
2920,0,36.15210948096422,36.15210948096422,100.0
2920,1,12.451609674082215,12.451609674082215,100.0
2920,2,51.39628084495358,51.39628084495358,100.0
2930,0,43.14069965730201,43.14069965730201,100.0
2930,1,31.460958796263494,31.460958796263494,100.0
2930,2,25.398341546434512,25.398341546434512,100.0
2940,0,51.214543468039984,51.214543468039984,100.0
2940,1,20.616183916462386,20.616183916462386,100.0
2940,2,28.169272615497636,28.169272615497636,100.0
2950,0,64.68912179156733,64.68912179156733,100.0
2950,1,18.645427916300427,18.645427916300427,100.0
2950,2,16.665450292132242,16.665450292132242,100.0
2960,0,10.659647193314777,10.659647193314777,100.0
2960,1,67.27014739193872,67.27014739193872,100.0
2960,2,22.0702054147465,22.0702054147465,100.0
2970,0,36.36098500211691,36.36098500211691,100.0
2970,1,32.43544217869992,32.43544217869992,100.0
2970,2,31.20357281918317,31.20357281918317,100.0
2980,0,17.18862404135643,17.18862404135643,100.0
2980,1,15.926486005606616,15.926486005606616,100.0
2980,2,66.88488995303696,66.88488995303696,100.0
2990,0,25.276978359894525,25.276978359894525,100.0
2990,1,51.0175481106234,51.0175481106234,100.0
2990,2,23.70547352948208,23.70547352948208,100.0
3000,0,14.827231784679991,14.827231784679991,100.0
3000,1,21.499124019397527,21.499124019397527,100.0
3000,2,63.673644195922485,63.673644195922485,100.0
3010,0,34.44180624530151,34.44180624530151,100.0
3010,1,26.98958586546635,26.98958586546635,100.0
3010,2,38.56860788923216,38.56860788923216,100.0
3020,0,37.36602451015244,37.36602451015244,100.0
3020,1,19.279724798147615,19.279724798147615,100.0
3020,2,43.354250691699946,43.354250691699946,100.0
3030,0,17.488964287180657,17.488964287180657,100.0
3030,1,27.727433590159766,27.727433590159766,100.0
3030,2,54.78360212265958,54.78360212265958,100.0
3040,0,12.807212332627117,12.807212332627117,100.0
3040,1,32.19582466928594,32.19582466928594,100.0
3040,2,54.99696299808695,54.99696299808695,100.0
3050,0,23.67874954008101,23.67874954008101,100.0
3050,1,19.97255155112301,19.97255155112301,100.0
3050,2,56.34869890879598,56.34869890879598,100.0
3060,0,38.34971089107498,38.34971089107498,100.0
3060,1,31.547422450616814,31.547422450616814,100.0
3060,2,30.10286665830821,30.10286665830821,100.0
3070,0,36.50110685476606,36.50110685476606,100.0
3070,1,28.532730626918056,28.532730626918056,100.0
3070,2,34.9661625183159,34.9661625183159,100.0
3080,0,60.76140704984181,60.76140704984181,100.0
3080,1,12.14372896526825,12.14372896526825,100.0
3080,2,27.09486398488994,27.09486398488994,100.0
3090,0,11.483198300890809,11.483198300890809,100.0
3090,1,12.730426372358309,12.730426372358309,100.0
3090,2,75.78637532675089,75.78637532675089,100.0
3100,0,23.621777413424393,23.621777413424393,100.0
3100,1,44.387448094967596,44.387448094967596,100.0
3100,2,31.990774491608015,31.990774491608015,100.0
3110,0,44.781549621646676,44.781549621646676,100.0
3110,1,13.984626290276022,13.984626290276022,100.0
3110,2,41.23382408807729,41.23382408807729,100.0
3120,0,29.234204088949493,29.234204088949493,100.0
3120,1,58.99326660969513,58.99326660969513,100.0
3120,2,11.772529301355377,11.772529301355377,100.0
3130,0,48.117146857374934,48.117146857374934,100.0
3130,1,22.475613287561877,22.475613287561877,100.0
3130,2,29.40723985506319,29.40723985506319,100.0
3140,0,54.069855336000984,54.069855336000984,100.0
3140,1,27.982438215166894,27.982438215166894,100.0
3140,2,17.94770644883211,17.94770644883211,100.0
3150,0,13.688228795639729,13.688228795639729,100.0
3150,1,13.71553664581484,13.71553664581484,100.0
3150,2,72.59623455854542,72.59623455854542,100.0
3160,0,61.77545480379647,61.77545480379647,100.0
3160,1,14.785787915832286,14.785787915832286,100.0
3160,2,23.43875728037125,23.43875728037125,100.0
3170,0,45.026491877414614,45.026491877414614,100.0
3170,1,8.310982555371508,8.310982555371508,100.0
3170,2,46.662525567213876,46.662525567213876,100.0
3180,0,46.29732874252705,46.29732874252705,100.0
3180,1,9.61883542801858,9.61883542801858,100.0
3180,2,44.08383582945436,44.08383582945436,100.0
3190,0,18.317287788811452,18.317287788811452,100.0
3190,1,69.10094987844234,69.10094987844234,100.0
3190,2,12.581762332746212,12.581762332746212,100.0
3200,0,25.96119591200847,25.96119591200847,100.0
3200,1,14.090558551161081,14.090558551161081,100.0
3200,2,59.94824553683045,59.94824553683045,100.0
3210,0,11.931147087416921,11.931147087416921,100.0
3210,1,11.827598078771786,11.827598078771786,100.0
3210,2,76.2412548338113,76.2412548338113,100.0
3220,0,34.820799766024045,34.820799766024045,100.0
3220,1,52.712982191008116,52.712982191008116,100.0
3220,2,12.466218042967833,12.466218042967833,100.0
3230,0,46.67138197979007,46.67138197979007,100.0
3230,1,12.988175105373701,12.988175105373701,100.0
3230,2,40.34044291483623,40.34044291483623,100.0
3240,0,15.083888600632806,15.083888600632806,100.0
3240,1,42.179947429004095,42.179947429004095,100.0
3240,2,42.7361639703631,42.7361639703631,100.0
3250,0,19.0666692940547,19.0666692940547,100.0
3250,1,33.49551510282803,33.49551510282803,100.0
3250,2,47.43781560311726,47.43781560311726,100.0
3260,0,31.755101925253715,31.755101925253715,100.0
3260,1,51.72403470382116,51.72403470382116,100.0
3260,2,16.520863370925117,16.520863370925117,100.0
3270,0,11.090146286353274,11.090146286353274,100.0
3270,1,15.59324560309934,15.59324560309934,100.0
3270,2,73.31660811054739,73.31660811054739,100.0
3280,0,23.646468518090632,23.646468518090632,100.0
3280,1,38.83517177938468,38.83517177938468,100.0
3280,2,37.5183597025247,37.5183597025247,100.0
3290,0,19.931023370858288,19.931023370858288,100.0
3290,1,39.03125969677433,39.03125969677433,100.0
3290,2,41.03771693236738,41.03771693236738,100.0
3300,0,46.390705050186874,46.390705050186874,100.0
3300,1,19.939733330208682,19.939733330208682,100.0
3300,2,33.66956161960445,33.66956161960445,100.0
3310,0,28.330471574760065,28.330471574760065,100.0
3310,1,25.046912432166035,25.046912432166035,100.0
3310,2,46.62261599307391,46.62261599307391,100.0
3320,0,46.99121942197512,46.99121942197512,100.0
3320,1,32.264544288157715,32.264544288157715,100.0
3320,2,20.744236289867167,20.744236289867167,100.0
3330,0,22.35141046759741,22.35141046759741,100.0
3330,1,20.476261678482032,20.476261678482032,100.0
3330,2,57.17232785392056,57.17232785392056,100.0
3340,0,49.261884023407305,49.261884023407305,100.0
3340,1,28.74879899842084,28.74879899842084,100.0
3340,2,21.989316978171857,21.989316978171857,100.0
3350,0,27.429616539330716,27.429616539330716,100.0
3350,1,27.929421621212008,27.929421621212008,100.0
3350,2,44.640961839457276,44.640961839457276,100.0
3360,0,44.16711662941398,44.16711662941398,100.0
3360,1,9.834854406843991,9.834854406843991,100.0
3360,2,45.99802896374203,45.99802896374203,100.0
3370,0,17.07276218768386,17.07276218768386,100.0
3370,1,65.68063027337003,65.68063027337003,100.0
3370,2,17.24660753894613,17.24660753894613,100.0
3380,0,36.20692671270552,36.20692671270552,100.0
3380,1,27.74139460158324,27.74139460158324,100.0
3380,2,36.051678685711245,36.051678685711245,100.0
3390,0,12.829526416046322,12.829526416046322,100.0
3390,1,11.979705352155934,11.979705352155934,100.0
3390,2,75.19076823179775,75.19076823179775,100.0
3400,0,16.96384042529761,16.96384042529761,100.0
3400,1,37.505941217710934,37.505941217710934,100.0
3400,2,45.53021835699144,45.53021835699144,100.0
3410,0,38.2438550762334,38.2438550762334,100.0
3410,1,31.410432759384616,31.410432759384616,100.0
3410,2,30.34571216438198,30.34571216438198,100.0
3420,0,36.54683332910011,36.54683332910011,100.0
3420,1,27.026610333748824,27.026610333748824,100.0
3420,2,36.42655633715107,36.42655633715107,100.0
3430,0,40.66747768882815,40.66747768882815,100.0
3430,1,31.130585418928618,31.130585418928618,100.0
3430,2,28.201936892243236,28.201936892243236,100.0
3440,0,9.003476793686987,9.003476793686987,100.0
3440,1,35.86079074616067,35.86079074616067,100.0
3440,2,55.13573246015234,55.13573246015234,100.0
3450,0,13.384939488736764,13.384939488736764,100.0
3450,1,12.148943484612712,12.148943484612712,100.0
3450,2,74.46611702665052,74.46611702665052,100.0
3460,0,13.605155176030879,13.605155176030879,100.0
3460,1,40.69550322637364,40.69550322637364,100.0
3460,2,45.69934159759549,45.69934159759549,100.0
3470,0,31.514863913697017,31.514863913697017,100.0
3470,1,32.651648442728295,32.651648442728295,100.0
3470,2,35.83348764357469,35.83348764357469,100.0
3480,0,30.080128716725934,30.080128716725934,100.0
3480,1,21.531383525667586,21.531383525667586,100.0
3480,2,48.38848775760648,48.38848775760648,100.0
3490,0,26.718198881515264,26.718198881515264,100.0
3490,1,56.03878313322513,56.03878313322513,100.0
3490,2,17.24301798525959,17.24301798525959,100.0
3500,0,44.25341145407547,44.25341145407547,100.0
3500,1,29.972616305561615,29.972616305561615,100.0
3500,2,25.77397224036292,25.77397224036292,100.0
3510,0,11.734186688984593,11.734186688984593,100.0
3510,1,11.303507431549443,11.303507431549443,100.0
3510,2,76.96230587946597,76.96230587946597,100.0
3520,0,19.59149365279677,19.59149365279677,100.0
3520,1,33.85908668906892,33.85908668906892,100.0
3520,2,46.54941965813432,46.54941965813432,100.0
3530,0,41.795993605948716,41.795993605948716,100.0
3530,1,39.449142467821076,39.449142467821076,100.0
3530,2,18.754863926230207,18.754863926230207,100.0
3540,0,42.40225571375913,42.40225571375913,100.0
3540,1,41.269996051001954,41.269996051001954,100.0
3540,2,16.32774823523892,16.32774823523892,100.0
3550,0,35.10262848886536,35.10262848886536,100.0
3550,1,11.924484203232815,11.924484203232815,100.0
3550,2,52.97288730790183,52.97288730790183,100.0
3560,0,59.85390295771003,59.85390295771003,100.0
3560,1,23.896016040617063,23.896016040617063,100.0
3560,2,16.25008100167292,16.25008100167292,100.0
3570,0,17.550525019940928,17.550525019940928,100.0
3570,1,17.698046470770322,17.698046470770322,100.0
3570,2,64.75142850928876,64.75142850928876,100.0
3580,0,24.852147401858968,24.852147401858968,100.0
3580,1,42.93238512680814,42.93238512680814,100.0
3580,2,32.2154674713329,32.2154674713329,100.0
3590,0,46.72356316845914,46.72356316845914,100.0
3590,1,28.82605056247946,28.82605056247946,100.0
3590,2,24.450386269061408,24.450386269061408,100.0
3600,0,36.43777970428822,36.43777970428822,100.0
3600,1,45.252800320495965,45.252800320495965,100.0
3600,2,18.30941997521581,18.30941997521581,100.0
3610,0,33.93929984592322,33.93929984592322,100.0
3610,1,31.07809708948234,31.07809708948234,100.0
3610,2,34.982603064594436,34.982603064594436,100.0
3620,0,59.416959140376754,59.416959140376754,100.0
3620,1,20.14302094066054,20.14302094066054,100.0
3620,2,20.440019918962705,20.440019918962705,100.0
3630,0,13.891377372408847,13.891377372408847,100.0
3630,1,13.659778415231724,13.659778415231724,100.0
3630,2,72.44884421235943,72.44884421235943,100.0
3640,0,32.392853986109884,32.392853986109884,100.0
3640,1,43.7240388378264,43.7240388378264,100.0
3640,2,23.88310717606372,23.88310717606372,100.0
3650,0,59.295242589976496,59.295242589976496,100.0
3650,1,13.743035183743443,13.743035183743443,100.0
3650,2,26.961722226280077,26.961722226280077,100.0
3660,0,27.923066496411327,27.923066496411327,100.0
3660,1,51.67645595123533,51.67645595123533,100.0
3660,2,20.40047755235334,20.40047755235334,100.0
3670,0,15.818937033897587,15.818937033897587,100.0
3670,1,24.713986463690205,24.713986463690205,100.0
3670,2,59.46707650241221,59.46707650241221,100.0
3680,0,45.698884302089105,45.698884302089105,100.0
3680,1,26.423303059336657,26.423303059336657,100.0
3680,2,27.877812638574245,27.877812638574245,100.0
3690,0,16.990474034193657,16.990474034193657,100.0
3690,1,17.191501400140798,17.191501400140798,100.0
3690,2,65.81802456566554,65.81802456566554,100.0
3700,0,28.79967806500785,28.79967806500785,100.0
3700,1,46.208769200108954,46.208769200108954,100.0
3700,2,24.9915527348832,24.9915527348832,100.0
3710,0,16.407284896275147,16.407284896275147,100.0
3710,1,47.811583108679926,47.811583108679926,100.0
3710,2,35.78113199504493,35.78113199504493,100.0
3720,0,47.90411526579631,47.90411526579631,100.0
3720,1,26.476982653803173,26.476982653803173,100.0
3720,2,25.618902080400517,25.618902080400517,100.0
3730,0,23.71118222711999,23.71118222711999,100.0
3730,1,28.629192086111093,28.629192086111093,100.0
3730,2,47.65962568676891,47.65962568676891,100.0
3740,0,66.30073689068392,66.30073689068392,100.0
3740,1,16.35350415611507,16.35350415611507,100.0
3740,2,17.345758953201013,17.345758953201013,100.0
3750,0,15.086727424269805,15.086727424269805,100.0
3750,1,15.105488213158152,15.105488213158152,100.0
3750,2,69.80778436257205,69.80778436257205,100.0
3760,0,10.171365944453974,10.171365944453974,100.0
3760,1,30.849288335209096,30.849288335209096,100.0
3760,2,58.97934572033693,58.97934572033693,100.0
3770,0,12.734877880875182,12.734877880875182,100.0
3770,1,37.02960582742117,37.02960582742117,100.0
3770,2,50.23551629170364,50.23551629170364,100.0
3780,0,44.904778380389594,44.904778380389594,100.0
3780,1,32.97779745959563,32.97779745959563,100.0
3780,2,22.117424160014775,22.117424160014775,100.0
3790,0,45.81499793738839,45.81499793738839,100.0
3790,1,30.309341868057903,30.309341868057903,100.0
3790,2,23.875660194553706,23.875660194553706,100.0
3800,0,22.067934153074955,22.067934153074955,100.0
3800,1,55.59199298610562,55.59199298610562,100.0
3800,2,22.34007286081941,22.34007286081941,100.0
3810,0,26.792295274464472,26.792295274464472,100.0
3810,1,28.423593970693478,28.423593970693478,100.0
3810,2,44.784110754842054,44.784110754842054,100.0
3820,0,28.120043101823867,28.120043101823867,100.0
3820,1,24.520817506595858,24.520817506595858,100.0
3820,2,47.35913939158028,47.35913939158028,100.0
3830,0,16.711939331820012,16.711939331820012,100.0
3830,1,18.073158709926616,18.073158709926616,100.0
3830,2,65.21490195825338,65.21490195825338,100.0
3840,0,55.86800373994998,55.86800373994998,100.0
3840,1,20.130313752494704,20.130313752494704,100.0
3840,2,24.001682507555326,24.001682507555326,100.0
3850,0,54.75356008577323,54.75356008577323,100.0
3850,1,35.860999388019216,35.860999388019216,100.0
3850,2,9.385440526207557,9.385440526207557,100.0
3860,0,22.094506262336143,22.094506262336143,100.0
3860,1,29.33049741980433,29.33049741980433,100.0
3860,2,48.574996317859544,48.574996317859544,100.0
3870,0,24.576538098763876,24.576538098763876,100.0
3870,1,16.41619862633073,16.41619862633073,100.0
3870,2,59.0072632749054,59.0072632749054,100.0
3880,0,45.87064040105792,45.87064040105792,100.0
3880,1,40.018922461384925,40.018922461384925,100.0
3880,2,14.110437137557158,14.110437137557158,100.0
3890,0,66.97152600317536,66.97152600317536,100.0
3890,1,20.274656355757113,20.274656355757113,100.0
3890,2,12.753817641067542,12.753817641067542,100.0
3900,0,35.483106659663385,35.483106659663385,100.0
3900,1,36.911164470013205,36.911164470013205,100.0
3900,2,27.605728870323414,27.605728870323414,100.0
3910,0,42.59240496580688,42.59240496580688,100.0
3910,1,46.16874957919045,46.16874957919045,100.0
3910,2,11.23884545500266,11.23884545500266,100.0
3920,0,39.999441429938685,39.999441429938685,100.0
3920,1,39.041753332244205,39.041753332244205,100.0
3920,2,20.958805237817113,20.958805237817113,100.0
3930,0,17.790301838136717,17.790301838136717,100.0
3930,1,23.788320402896662,23.788320402896662,100.0
3930,2,58.42137775896662,58.42137775896662,100.0
3940,0,59.41638298475244,59.41638298475244,100.0
3940,1,14.147935920171358,14.147935920171358,100.0
3940,2,26.43568109507621,26.43568109507621,100.0
3950,0,31.08224138645411,31.08224138645411,100.0
3950,1,25.388687375652836,25.388687375652836,100.0
3950,2,43.529071237893056,43.529071237893056,100.0
3960,0,37.77410104581633,37.77410104581633,100.0
3960,1,41.572830845751795,41.572830845751795,100.0
3960,2,20.653068108431874,20.653068108431874,100.0
3970,0,61.31174760164433,61.31174760164433,100.0
3970,1,22.23698757927776,22.23698757927776,100.0
3970,2,16.451264819077913,16.451264819077913,100.0
3980,0,52.116966087076456,52.116966087076456,100.0
3980,1,33.58902347924917,33.58902347924917,100.0
3980,2,14.294010433674364,14.294010433674364,100.0
3990,0,13.854373854545285,13.854373854545285,100.0
3990,1,13.821832434576011,13.821832434576011,100.0
3990,2,72.3237937108787,72.3237937108787,100.0
4000,0,20.824740503233443,20.824740503233443,100.0
4000,1,49.0876750144611,49.0876750144611,100.0
4000,2,30.087584482305463,30.087584482305463,100.0
4010,0,41.82568108611452,41.82568108611452,100.0
4010,1,23.99526571616197,23.99526571616197,100.0
4010,2,34.17905319772351,34.17905319772351,100.0
4020,0,43.28413345803648,43.28413345803648,100.0
4020,1,49.12155240231601,49.12155240231601,100.0
4020,2,7.5943141396475,7.5943141396475,100.0
4030,0,25.629721461107447,25.629721461107447,100.0
4030,1,49.051527126605606,49.051527126605606,100.0
4030,2,25.31875141228694,25.31875141228694,100.0
4040,0,33.23513576422137,33.23513576422137,100.0
4040,1,32.71293836644797,32.71293836644797,100.0
4040,2,34.05192586933067,34.05192586933067,100.0
4050,0,10.508793143841396,10.508793143841396,100.0
4050,1,31.29021728025485,31.29021728025485,100.0
4050,2,58.20098957590376,58.20098957590376,100.0
4060,0,33.00144394498445,33.00144394498445,100.0
4060,1,38.21633514803528,38.21633514803528,100.0
4060,2,28.782220906980267,28.782220906980267,100.0
4070,0,23.974785199056697,23.974785199056697,100.0
4070,1,42.11374369044049,42.11374369044049,100.0
4070,2,33.911471110502816,33.911471110502816,100.0
4080,0,17.021782558243096,17.021782558243096,100.0
4080,1,39.742816001862245,39.742816001862245,100.0
4080,2,43.23540143989465,43.23540143989465,100.0
4090,0,31.41727891323277,31.41727891323277,100.0
4090,1,34.15184252515943,34.15184252515943,100.0
4090,2,34.430878561607805,34.430878561607805,100.0
4100,0,27.585389914690094,27.585389914690094,100.0
4100,1,42.640644375177295,42.640644375177295,100.0
4100,2,29.77396571013261,29.77396571013261,100.0
4110,0,17.464562216855967,17.464562216855967,100.0
4110,1,18.20900452527773,18.20900452527773,100.0
4110,2,64.32643325786631,64.32643325786631,100.0
4120,0,24.272154710552066,24.272154710552066,100.0
4120,1,53.925740661483786,53.925740661483786,100.0
4120,2,21.80210462796414,21.80210462796414,100.0
4130,0,64.19258367884873,64.19258367884873,100.0
4130,1,11.658135952049117,11.658135952049117,100.0
4130,2,24.149280369102144,24.149280369102144,100.0
4140,0,38.77881785680515,38.77881785680515,100.0
4140,1,17.789563251110643,17.789563251110643,100.0
4140,2,43.43161889208422,43.43161889208422,100.0
4150,0,14.946202046034257,14.946202046034257,100.0
4150,1,19.17107968863027,19.17107968863027,100.0
4150,2,65.88271826533547,65.88271826533547,100.0
4160,0,73.91741396070316,73.91741396070316,100.0
4160,1,13.763813272957098,13.763813272957098,100.0
4160,2,12.31877276633975,12.31877276633975,100.0
4170,0,15.370694399252741,15.370694399252741,100.0
4170,1,14.41490773061916,14.41490773061916,100.0
4170,2,70.2143978701281,70.2143978701281,100.0
4180,0,27.020093673349386,27.020093673349386,100.0
4180,1,14.539946479461438,14.539946479461438,100.0
4180,2,58.43995984718917,58.43995984718917,100.0
4190,0,18.132288736750457,18.132288736750457,100.0
4190,1,66.70042823228219,66.70042823228219,100.0
4190,2,15.167283030967349,15.167283030967349,100.0
4200,0,55.63475142695536,55.63475142695536,100.0
4200,1,16.556733543240153,16.556733543240153,100.0
4200,2,27.808515029804482,27.808515029804482,100.0
4210,0,26.86820850084367,26.86820850084367,100.0
4210,1,42.49666931667775,42.49666931667775,100.0
4210,2,30.635122182478575,30.635122182478575,100.0
4220,0,29.336890705960418,29.336890705960418,100.0
4220,1,33.6832963612697,33.6832963612697,100.0
4220,2,36.97981293276989,36.97981293276989,100.0
4230,0,6.595563640917798,6.595563640917798,100.0
4230,1,46.535507727426626,46.535507727426626,100.0
4230,2,46.86892863165557,46.86892863165557,100.0
4240,0,50.358162496687754,50.358162496687754,100.0
4240,1,22.602306161808556,22.602306161808556,100.0
4240,2,27.039531341503682,27.039531341503682,100.0
4250,0,69.44031561806425,69.44031561806425,100.0
4250,1,13.027043385846987,13.027043385846987,100.0
4250,2,17.53264099608876,17.53264099608876,100.0
4260,0,23.879479517551935,23.879479517551935,100.0
4260,1,15.237443256076077,15.237443256076077,100.0
4260,2,60.88307722637198,60.88307722637198,100.0
4270,0,49.16856448254228,49.16856448254228,100.0
4270,1,23.954855966055675,23.954855966055675,100.0
4270,2,26.876579551402052,26.876579551402052,100.0
4280,0,16.06026358221453,16.06026358221453,100.0
4280,1,17.86049328604525,17.86049328604525,100.0
4280,2,66.07924313174023,66.07924313174023,100.0
4290,0,15.70030277477968,15.70030277477968,100.0
4290,1,15.802831335352325,15.802831335352325,100.0
4290,2,68.49686588986799,68.49686588986799,100.0
4300,0,31.82580121652558,31.82580121652558,100.0
4300,1,29.65718805770065,29.65718805770065,100.0
4300,2,38.517010725773766,38.517010725773766,100.0
4310,0,34.87701972324639,34.87701972324639,100.0
4310,1,22.25972566380673,22.25972566380673,100.0
4310,2,42.86325461294688,42.86325461294688,100.0
4320,0,20.777189945711388,20.777189945711388,100.0
4320,1,58.45896843129533,58.45896843129533,100.0
4320,2,20.76384162299329,20.76384162299329,100.0
4330,0,56.236590802697165,56.236590802697165,100.0
4330,1,29.777510717644578,29.777510717644578,100.0
4330,2,13.985898479658257,13.985898479658257,100.0
4340,0,33.404649251184495,33.404649251184495,100.0
4340,1,55.00736824460488,55.00736824460488,100.0
4340,2,11.587982504210622,11.587982504210622,100.0
4350,0,8.097359511785845,8.097359511785845,100.0
4350,1,49.86819805634564,49.86819805634564,100.0
4350,2,42.03444243186852,42.03444243186852,100.0
4360,0,33.760685016986436,33.760685016986436,100.0
4360,1,40.07095154225282,40.07095154225282,100.0
4360,2,26.168363440760743,26.168363440760743,100.0
4370,0,33.860192661998,33.860192661998,100.0
4370,1,35.05600193397064,35.05600193397064,100.0
4370,2,31.083805404031352,31.083805404031352,100.0
4380,0,21.71157455458537,21.71157455458537,100.0
4380,1,38.23007109661211,38.23007109661211,100.0
4380,2,40.05835434880253,40.05835434880253,100.0
4390,0,46.58656071006158,46.58656071006158,100.0
4390,1,11.98680668979743,11.98680668979743,100.0
4390,2,41.426632600141,41.426632600141,100.0
4400,0,49.20027557060382,49.20027557060382,100.0
4400,1,28.137534273919673,28.137534273919673,100.0
4400,2,22.662190155476505,22.662190155476505,100.0
4410,0,12.476611819439652,12.476611819439652,100.0
4410,1,12.248630810359753,12.248630810359753,100.0
4410,2,75.27475737020059,75.27475737020059,100.0
4420,0,8.27234169278326,8.27234169278326,100.0
4420,1,44.2664299443772,44.2664299443772,100.0
4420,2,47.46122836283954,47.46122836283954,100.0
4430,0,13.322906096290518,13.322906096290518,100.0
4430,1,29.241775116049517,29.241775116049517,100.0
4430,2,57.43531878765997,57.43531878765997,100.0
4440,0,54.60449266689377,54.60449266689377,100.0
4440,1,19.828961171225213,19.828961171225213,100.0
4440,2,25.566546161881025,25.566546161881025,100.0
4450,0,38.4919153370929,38.4919153370929,100.0
4450,1,35.663801916801326,35.663801916801326,100.0
4450,2,25.844282746105772,25.844282746105772,100.0
4460,0,51.527385807367075,51.527385807367075,100.0
4460,1,23.201486709782152,23.201486709782152,100.0
4460,2,25.27112748285078,25.27112748285078,100.0
4470,0,14.297113460955948,14.297113460955948,100.0
4470,1,15.368745315841508,15.368745315841508,100.0
4470,2,70.33414122320254,70.33414122320254,100.0
4480,0,26.59684542804419,26.59684542804419,100.0
4480,1,62.23508245829773,62.23508245829773,100.0
4480,2,11.168072113658074,11.168072113658074,100.0
4490,0,18.50523178762618,18.50523178762618,100.0
4490,1,18.672308058797608,18.672308058797608,100.0
4490,2,62.82246015357621,62.82246015357621,100.0
4500,0,17.39991622423341,17.39991622423341,100.0
4500,1,34.974012128846084,34.974012128846084,100.0
4500,2,47.626071646920515,47.626071646920515,100.0
4510,0,32.737164164555104,32.737164164555104,100.0
4510,1,48.658762492581715,48.658762492581715,100.0
4510,2,18.604073342863185,18.604073342863185,100.0
4520,0,24.56528818020517,24.56528818020517,100.0
4520,1,54.60472872629859,54.60472872629859,100.0
4520,2,20.829983093496246,20.829983093496246,100.0
4530,0,12.88574207917602,12.88574207917602,100.0
4530,1,32.603118964645425,32.603118964645425,100.0
4530,2,54.51113895617855,54.51113895617855,100.0
4540,0,36.50494421475693,36.50494421475693,100.0
4540,1,44.68083761856004,44.68083761856004,100.0
4540,2,18.81421816668304,18.81421816668304,100.0
4550,0,65.64404348870299,65.64404348870299,100.0
4550,1,20.224755443558177,20.224755443558177,100.0
4550,2,14.131201067738825,14.131201067738825,100.0
4560,0,33.477176111258515,33.477176111258515,100.0
4560,1,11.88077131984906,11.88077131984906,100.0
4560,2,54.64205256889242,54.64205256889242,100.0
4570,0,14.210349136715283,14.210349136715283,100.0
4570,1,28.57927270026585,28.57927270026585,100.0
4570,2,57.21037816301887,57.21037816301887,100.0
4580,0,23.063052902866836,23.063052902866836,100.0
4580,1,17.465231219480746,17.465231219480746,100.0
4580,2,59.47171587765242,59.47171587765242,100.0
4590,0,12.696718447569799,12.696718447569799,100.0
4590,1,12.98392586428899,12.98392586428899,100.0
4590,2,74.31935568814121,74.31935568814121,100.0
4600,0,34.00884284850703,34.00884284850703,100.0
4600,1,33.68046151045543,33.68046151045543,100.0
4600,2,32.310695641037555,32.310695641037555,100.0
4610,0,68.24613161281938,68.24613161281938,100.0
4610,1,20.62030242777008,20.62030242777008,100.0
4610,2,11.133565959410534,11.133565959410534,100.0
4620,0,33.234712136813286,33.234712136813286,100.0
4620,1,22.310688819278106,22.310688819278106,100.0
4620,2,44.45459904390862,44.45459904390862,100.0
4630,0,31.579925846423677,31.579925846423677,100.0
4630,1,13.889348059693413,13.889348059693413,100.0
4630,2,54.53072609388292,54.53072609388292,100.0
4640,0,14.907672295931707,14.907672295931707,100.0
4640,1,24.401372235839993,24.401372235839993,100.0
4640,2,60.6909554682283,60.6909554682283,100.0
4650,0,12.451501207454344,12.451501207454344,100.0
4650,1,13.153362220926363,13.153362220926363,100.0
4650,2,74.3951365716193,74.3951365716193,100.0
4660,0,42.682026411533,42.682026411533,100.0
4660,1,36.92250112662709,36.92250112662709,100.0
4660,2,20.3954724618399,20.3954724618399,100.0
4670,0,34.11236969039655,34.11236969039655,100.0
4670,1,36.211114362880394,36.211114362880394,100.0
4670,2,29.676515946723047,29.676515946723047,100.0
4680,0,34.65372355646808,34.65372355646808,100.0
4680,1,56.697640931005,56.697640931005,100.0
4680,2,8.648635512526932,8.648635512526932,100.0
4690,0,57.9126920550889,57.9126920550889,100.0
4690,1,26.22817071693128,26.22817071693128,100.0
4690,2,15.859137227979819,15.859137227979819,100.0
4700,0,42.31308116862733,42.31308116862733,100.0
4700,1,9.526150279131633,9.526150279131633,100.0
4700,2,48.16076855224104,48.16076855224104,100.0
4710,0,17.37172589160757,17.37172589160757,100.0
4710,1,16.314737825280496,16.314737825280496,100.0
4710,2,66.31353628311194,66.31353628311194,100.0
4720,0,20.041412933965784,20.041412933965784,100.0
4720,1,56.30017569048594,56.30017569048594,100.0
4720,2,23.658411375548283,23.658411375548283,100.0
4730,0,46.48014699722114,46.48014699722114,100.0
4730,1,31.43547767109796,31.43547767109796,100.0
4730,2,22.084375331680906,22.084375331680906,100.0
4740,0,16.538073683486576,16.538073683486576,100.0
4740,1,61.53232152360458,61.53232152360458,100.0
4740,2,21.929604792908837,21.929604792908837,100.0
4750,0,63.20659859599813,63.20659859599813,100.0
4750,1,17.46047753007696,17.46047753007696,100.0
4750,2,19.332923873924916,19.332923873924916,100.0
4760,0,45.33030012178963,45.33030012178963,100.0
4760,1,43.38414409902918,43.38414409902918,100.0
4760,2,11.28555577918119,11.28555577918119,100.0
4770,0,16.53073438200847,16.53073438200847,100.0
4770,1,33.685315144407824,33.685315144407824,100.0
4770,2,49.78395047358371,49.78395047358371,100.0
4780,0,35.653449298700856,35.653449298700856,100.0
4780,1,40.58534669175325,40.58534669175325,100.0
4780,2,23.761204009545892,23.761204009545892,100.0
4790,0,45.45229992273764,45.45229992273764,100.0
4790,1,7.987745019426348,7.987745019426348,100.0
4790,2,46.559955057836014,46.559955057836014,100.0
4800,0,39.55760564322971,39.55760564322971,100.0
4800,1,47.786246795564374,47.786246795564374,100.0
4800,2,12.656147561205922,12.656147561205922,100.0
4810,0,56.93419287593434,56.93419287593434,100.0
4810,1,15.915847061764927,15.915847061764927,100.0
4810,2,27.149960062300732,27.149960062300732,100.0
4820,0,46.225112809588296,46.225112809588296,100.0
4820,1,44.579505512698915,44.579505512698915,100.0
4820,2,9.195381677712785,9.195381677712785,100.0
4830,0,12.726806105616756,12.726806105616756,100.0
4830,1,26.61684762149687,26.61684762149687,100.0
4830,2,60.65634627288639,60.65634627288639,100.0
4840,0,57.955489346134314,57.955489346134314,100.0
4840,1,16.2402893361456,16.2402893361456,100.0
4840,2,25.80422131772009,25.80422131772009,100.0
4850,0,20.26389484855326,20.26389484855326,100.0
4850,1,14.872278327632207,14.872278327632207,100.0
4850,2,64.86382682381453,64.86382682381453,100.0
4860,0,14.728638917191875,14.728638917191875,100.0
4860,1,61.983376020593596,61.983376020593596,100.0
4860,2,23.28798506221454,23.28798506221454,100.0
4870,0,33.95237560895821,33.95237560895821,100.0
4870,1,22.778032167825508,22.778032167825508,100.0
4870,2,43.269592223216286,43.269592223216286,100.0
4880,0,31.98032300178124,31.98032300178124,100.0
4880,1,9.920228542868468,9.920228542868468,100.0
4880,2,58.0994484553503,58.0994484553503,100.0
4890,0,11.966001644875965,11.966001644875965,100.0
4890,1,12.293662267351536,12.293662267351536,100.0
4890,2,75.74033608777249,75.74033608777249,100.0
4900,0,17.74125927008229,17.74125927008229,100.0
4900,1,21.900018772653805,21.900018772653805,100.0
4900,2,60.3587219572639,60.3587219572639,100.0
4910,0,62.412203914319306,62.412203914319306,100.0
4910,1,14.966380662002265,14.966380662002265,100.0
4910,2,22.62141542367843,22.62141542367843,100.0
4920,0,62.73391148900497,62.73391148900497,100.0
4920,1,22.30337193371881,22.30337193371881,100.0
4920,2,14.962716577276222,14.962716577276222,100.0
4930,0,35.744759455051486,35.744759455051486,100.0
4930,1,46.4647592024623,46.4647592024623,100.0
4930,2,17.790481342486224,17.790481342486224,100.0
4940,0,32.33147296465744,32.33147296465744,100.0
4940,1,49.085249987609245,49.085249987609245,100.0
4940,2,18.58327704773331,18.58327704773331,100.0
4950,0,30.39291099165865,30.39291099165865,100.0
4950,1,21.969991749881988,21.969991749881988,100.0
4950,2,47.63709725845937,47.63709725845937,100.0
4960,0,59.743674517177325,59.743674517177325,100.0
4960,1,23.115795743229945,23.115795743229945,100.0
4960,2,17.140529739592736,17.140529739592736,100.0
4970,0,23.277495314438625,23.277495314438625,100.0
4970,1,32.21137242894712,32.21137242894712,100.0
4970,2,44.511132256614246,44.511132256614246,100.0
4980,0,34.663857614892706,34.663857614892706,100.0
4980,1,32.91435514303167,32.91435514303167,100.0
4980,2,32.42178724207563,32.42178724207563,100.0
4990,0,49.74068416081688,49.74068416081688,100.0
4990,1,18.635289876989166,18.635289876989166,100.0
4990,2,31.624025962193958,31.624025962193958,100.0
5000,0,22.619407276819008,22.619407276819008,100.0
5000,1,56.98075185093426,56.98075185093426,100.0
5000,2,20.399840872246727,20.399840872246727,100.0
5010,0,11.654685811694346,11.654685811694346,100.0
5010,1,31.186937793796936,31.186937793796936,100.0
5010,2,57.158376394508714,57.158376394508714,100.0
5020,0,37.89932974496128,37.89932974496128,100.0
5020,1,32.860699472720526,32.860699472720526,100.0
5020,2,29.239970782318192,29.239970782318192,100.0
5030,0,22.584575605907787,22.584575605907787,100.0
5030,1,64.77865435921105,64.77865435921105,100.0
5030,2,12.636770034881184,12.636770034881184,100.0
5040,0,70.31258093067085,70.31258093067085,100.0
5040,1,14.363817701177728,14.363817701177728,100.0
5040,2,15.323601368151424,15.323601368151424,100.0
5050,0,39.25750174731436,39.25750174731436,100.0
5050,1,52.861043397529784,52.861043397529784,100.0
5050,2,7.881454855155861,7.881454855155861,100.0
5060,0,31.69007200257761,31.69007200257761,100.0
5060,1,24.341638450534745,24.341638450534745,100.0
5060,2,43.96828954688765,43.96828954688765,100.0
5070,0,14.505596500522023,14.505596500522023,100.0
5070,1,22.426578341759175,22.426578341759175,100.0
5070,2,63.0678251577188,63.0678251577188,100.0
5080,0,50.45590773195132,50.45590773195132,100.0
5080,1,10.552941134688746,10.552941134688746,100.0
5080,2,38.99115113335995,38.99115113335995,100.0
5090,0,59.281537085238455,59.281537085238455,100.0
5090,1,15.472449436582151,15.472449436582151,100.0
5090,2,25.246013478179403,25.246013478179403,100.0
5100,0,29.111959529466635,29.111959529466635,100.0
5100,1,18.673892578022112,18.673892578022112,100.0
5100,2,52.214147892511264,52.214147892511264,100.0
5110,0,45.71100180452564,45.71100180452564,100.0
5110,1,24.928912816680942,24.928912816680942,100.0
5110,2,29.36008537879342,29.36008537879342,100.0
5120,0,29.218525154055854,29.218525154055854,100.0
5120,1,32.41424873773002,32.41424873773002,100.0
5120,2,38.36722610821413,38.36722610821413,100.0
5130,0,12.735555335438711,12.735555335438711,100.0
5130,1,20.656237151531524,20.656237151531524,100.0
5130,2,66.60820751302977,66.60820751302977,100.0
5140,0,50.70971807224852,50.70971807224852,100.0
5140,1,27.24096259873062,27.24096259873062,100.0
5140,2,22.049319329020857,22.049319329020857,100.0
5150,0,61.24758896610234,61.24758896610234,100.0
5150,1,24.471000520787808,24.471000520787808,100.0
5150,2,14.281410513109863,14.281410513109863,100.0
5160,0,42.411944262685275,42.411944262685275,100.0
5160,1,40.72600617428546,40.72600617428546,100.0
5160,2,16.86204956302926,16.86204956302926,100.0
5170,0,31.772302750458053,31.772302750458053,100.0
5170,1,40.36555077951945,40.36555077951945,100.0
5170,2,27.86214647002249,27.86214647002249,100.0
5180,0,37.56758612588138,37.56758612588138,100.0
5180,1,37.153445019498896,37.153445019498896,100.0
5180,2,25.278968854619716,25.278968854619716,100.0
5190,0,20.029395279005556,20.029395279005556,100.0
5190,1,16.18922435790093,16.18922435790093,100.0
5190,2,63.78138036309352,63.78138036309352,100.0
5200,0,55.78902281702559,55.78902281702559,100.0
5200,1,14.682510418596062,14.682510418596062,100.0
5200,2,29.528466764378354,29.528466764378354,100.0
5210,0,30.68446735114786,30.68446735114786,100.0
5210,1,40.57525829284253,40.57525829284253,100.0
5210,2,28.740274356009625,28.740274356009625,100.0
5220,0,19.87627084288868,19.87627084288868,100.0
5220,1,50.99242710063832,50.99242710063832,100.0
5220,2,29.131302056472997,29.131302056472997,100.0
5230,0,50.649381731392076,50.649381731392076,100.0
5230,1,38.718383764951284,38.718383764951284,100.0
5230,2,10.632234503656655,10.632234503656655,100.0
5240,0,42.63174162154919,42.63174162154919,100.0
5240,1,28.77558240676085,28.77558240676085,100.0
5240,2,28.592675971689964,28.592675971689964,100.0
5250,0,11.22252052703824,11.22252052703824,100.0
5250,1,11.311494498284011,11.311494498284011,100.0
5250,2,77.46598497467775,77.46598497467775,100.0
5260,0,33.62649362197954,33.62649362197954,100.0
5260,1,26.5061727803904,26.5061727803904,100.0
5260,2,39.867333597630065,39.867333597630065,100.0
5270,0,39.32382516399464,39.32382516399464,100.0
5270,1,34.3477968336913,34.3477968336913,100.0
5270,2,26.328378002314068,26.328378002314068,100.0
5280,0,16.742904073334948,16.742904073334948,100.0
5280,1,14.138187388835796,14.138187388835796,100.0
5280,2,69.11890853782926,69.11890853782926,100.0
5290,0,46.79693445662854,46.79693445662854,100.0
5290,1,20.27036133039669,20.27036133039669,100.0
5290,2,32.93270421297477,32.93270421297477,100.0
5300,0,28.677488264337125,28.677488264337125,100.0
5300,1,37.39697850230367,37.39697850230367,100.0
5300,2,33.92553323335921,33.92553323335921,100.0
5310,0,8.57224998511661,8.57224998511661,100.0
5310,1,38.399036286551365,38.399036286551365,100.0
5310,2,53.02871372833202,53.02871372833202,100.0
5320,0,41.07887379782312,41.07887379782312,100.0
5320,1,49.470497341541225,49.470497341541225,100.0
5320,2,9.450628860635664,9.450628860635664,100.0
5330,0,27.147764873725805,27.147764873725805,100.0
5330,1,53.78226741098494,53.78226741098494,100.0
5330,2,19.069967715289255,19.069967715289255,100.0
5340,0,23.546928164841365,23.546928164841365,100.0
5340,1,34.66061341135615,34.66061341135615,100.0
5340,2,41.792458423802486,41.792458423802486,100.0
5350,0,44.763842009323604,44.763842009323604,100.0
5350,1,19.719787569212606,19.719787569212606,100.0
5350,2,35.516370421463776,35.516370421463776,100.0
5360,0,64.90009313779355,64.90009313779355,100.0
5360,1,12.38194108230624,12.38194108230624,100.0
5360,2,22.71796577990023,22.71796577990023,100.0
5370,0,15.727739525821946,15.727739525821946,100.0
5370,1,13.900549848047467,13.900549848047467,100.0
5370,2,70.3717106261306,70.3717106261306,100.0
5380,0,73.48849981700663,73.48849981700663,100.0
5380,1,11.767607634536098,11.767607634536098,100.0
5380,2,14.743892548457275,14.743892548457275,100.0
5390,0,34.772780485877966,34.772780485877966,100.0
5390,1,50.78743655046482,50.78743655046482,100.0
5390,2,14.439782963657224,14.439782963657224,100.0
5400,0,28.468320236221263,28.468320236221263,100.0
5400,1,39.98110173060417,39.98110173060417,100.0
5400,2,31.550578033174574,31.550578033174574,100.0
5410,0,67.01635364096671,67.01635364096671,100.0
5410,1,21.153590594902326,21.153590594902326,100.0
5410,2,11.830055764130972,11.830055764130972,100.0
5420,0,15.92047513541698,15.92047513541698,100.0
5420,1,62.535756502839334,62.535756502839334,100.0
5420,2,21.543768361743687,21.543768361743687,100.0
5430,0,29.998819994852592,29.998819994852592,100.0
5430,1,28.127866404498015,28.127866404498015,100.0
5430,2,41.8733136006494,41.8733136006494,100.0
5440,0,43.09787437284781,43.09787437284781,100.0
5440,1,29.805149283306786,29.805149283306786,100.0
5440,2,27.09697634384541,27.09697634384541,100.0
5450,0,56.52984449583127,56.52984449583127,100.0
5450,1,26.810003314008203,26.810003314008203,100.0
5450,2,16.66015219016054,16.66015219016054,100.0
5460,0,34.475717303792536,34.475717303792536,100.0
5460,1,10.407769077001195,10.407769077001195,100.0
5460,2,55.11651361920627,55.11651361920627,100.0
5470,0,12.719628509492562,12.719628509492562,100.0
5470,1,61.767218183072934,61.767218183072934,100.0
5470,2,25.513153307434504,25.513153307434504,100.0
5480,0,68.50574690113656,68.50574690113656,100.0
5480,1,16.669671942591165,16.669671942591165,100.0
5480,2,14.824581156272277,14.824581156272277,100.0
5490,0,11.459126611131982,11.459126611131982,100.0
5490,1,12.062842714714888,12.062842714714888,100.0
5490,2,76.47803067415315,76.47803067415315,100.0
5500,0,30.35079277504697,30.35079277504697,100.0
5500,1,20.88676928681526,20.88676928681526,100.0
5500,2,48.76243793813778,48.76243793813778,100.0
5510,0,43.279819030879636,43.279819030879636,100.0
5510,1,43.92876372848257,43.92876372848257,100.0
5510,2,12.791417240637792,12.791417240637792,100.0
5520,0,51.979331055666286,51.979331055666286,100.0
5520,1,15.248469892501035,15.248469892501035,100.0
5520,2,32.77219905183267,32.77219905183267,100.0
5530,0,17.277192552861184,17.277192552861184,100.0
5530,1,50.80730032771369,50.80730032771369,100.0
5530,2,31.91550711942514,31.91550711942514,100.0
5540,0,46.221368435808245,46.221368435808245,100.0
5540,1,37.43346501814071,37.43346501814071,100.0
5540,2,16.34516654605104,16.34516654605104,100.0
5550,0,14.74920197749758,14.74920197749758,100.0
5550,1,50.10497345561651,50.10497345561651,100.0
5550,2,35.14582456688591,35.14582456688591,100.0
5560,0,41.708594565669365,41.708594565669365,100.0
5560,1,39.931781911435024,39.931781911435024,100.0
5560,2,18.359623522895603,18.359623522895603,100.0
5570,0,34.473067601297174,34.473067601297174,100.0
5570,1,13.248690332311734,13.248690332311734,100.0
5570,2,52.2782420663911,52.2782420663911,100.0
5580,0,17.06391417977552,17.06391417977552,100.0
5580,1,66.41456520716392,66.41456520716392,100.0
5580,2,16.521520613060552,16.521520613060552,100.0
5590,0,45.90194879909264,45.90194879909264,100.0
5590,1,18.79182966962926,18.79182966962926,100.0
5590,2,35.3062215312781,35.3062215312781,100.0
5600,0,64.16865319477105,64.16865319477105,100.0
5600,1,17.98713083391266,17.98713083391266,100.0
5600,2,17.844215971316288,17.844215971316288,100.0
5610,0,12.98742620994157,12.98742620994157,100.0
5610,1,16.959235222875694,16.959235222875694,100.0
5610,2,70.05333856718273,70.05333856718273,100.0
5620,0,35.5207357770727,35.5207357770727,100.0
5620,1,30.77781214086819,30.77781214086819,100.0
5620,2,33.701452082059106,33.701452082059106,100.0
5630,0,36.04457015671617,36.04457015671617,100.0
5630,1,31.102382059417295,31.102382059417295,100.0
5630,2,32.85304778386654,32.85304778386654,100.0
5640,0,42.89724450922566,42.89724450922566,100.0
5640,1,15.724635096875556,15.724635096875556,100.0
5640,2,41.37812039389879,41.37812039389879,100.0
5650,0,70.11842915988822,70.11842915988822,100.0
5650,1,17.473539219886604,17.473539219886604,100.0
5650,2,12.408031620225184,12.408031620225184,100.0
5660,0,20.63537600488453,20.63537600488453,100.0
5660,1,13.323878706599324,13.323878706599324,100.0
5660,2,66.04074528851615,66.04074528851615,100.0
5670,0,14.220971745616598,14.220971745616598,100.0
5670,1,12.638013348875173,12.638013348875173,100.0
5670,2,73.14101490550823,73.14101490550823,100.0
5680,0,25.217493162340226,25.217493162340226,100.0
5680,1,57.30546976375122,57.30546976375122,100.0
5680,2,17.477037073908566,17.477037073908566,100.0
5690,0,43.8170226151674,43.8170226151674,100.0
5690,1,27.13194494462936,27.13194494462936,100.0
5690,2,29.051032440203233,29.051032440203233,100.0
5700,0,12.667889991149236,12.667889991149236,100.0
5700,1,42.71359588858341,42.71359588858341,100.0
5700,2,44.618514120267356,44.618514120267356,100.0
5710,0,47.39240830083355,47.39240830083355,100.0
5710,1,15.470779126733339,15.470779126733339,100.0
5710,2,37.13681257243311,37.13681257243311,100.0
5720,0,19.053185512669483,19.053185512669483,100.0
5720,1,35.4494961123438,35.4494961123438,100.0
5720,2,45.49731837498671,45.49731837498671,100.0
5730,0,12.645987635252803,12.645987635252803,100.0
5730,1,12.70325944815616,12.70325944815616,100.0
5730,2,74.65075291659103,74.65075291659103,100.0
5740,0,37.51269604238245,37.51269604238245,100.0
5740,1,31.770410328617295,31.770410328617295,100.0
5740,2,30.716893629000257,30.716893629000257,100.0
5750,0,43.47652673621249,43.47652673621249,100.0
5750,1,16.023003043725044,16.023003043725044,100.0
5750,2,40.500470220062475,40.500470220062475,100.0
5760,0,20.720594736493876,20.720594736493876,100.0
5760,1,38.58444187004281,38.58444187004281,100.0
5760,2,40.69496339346331,40.69496339346331,100.0
5770,0,25.737847204030988,25.737847204030988,100.0
5770,1,31.50561242320305,31.50561242320305,100.0
5770,2,42.75654037276597,42.75654037276597,100.0
5780,0,40.031721858363746,40.031721858363746,100.0
5780,1,30.652694355081294,30.652694355081294,100.0
5780,2,29.315583786554967,29.315583786554967,100.0
5790,0,11.021892985371078,11.021892985371078,100.0
5790,1,13.29835816620919,13.29835816620919,100.0
5790,2,75.67974884841973,75.67974884841973,100.0
5800,0,21.478176137337496,21.478176137337496,100.0
5800,1,18.67515686562097,18.67515686562097,100.0
5800,2,59.846666997041545,59.846666997041545,100.0
5810,0,32.59756556742882,32.59756556742882,100.0
5810,1,15.923756780943702,15.923756780943702,100.0
5810,2,51.47867765162748,51.47867765162748,100.0
5820,0,45.594146865681374,45.594146865681374,100.0
5820,1,22.675454122840627,22.675454122840627,100.0
5820,2,31.730399011478017,31.730399011478017,100.0
5830,0,62.79884541447893,62.79884541447893,100.0
5830,1,22.96247166439593,22.96247166439593,100.0
5830,2,14.23868292112515,14.23868292112515,100.0
5840,0,29.075524960660697,29.075524960660697,100.0
5840,1,51.913481914826306,51.913481914826306,100.0
5840,2,19.010993124512996,19.010993124512996,100.0
5850,0,14.37866425184581,14.37866425184581,100.0
5850,1,37.410210461829216,37.410210461829216,100.0
5850,2,48.21112528632497,48.21112528632497,100.0
5860,0,26.999163110528347,26.999163110528347,100.0
5860,1,21.751983275324672,21.751983275324672,100.0
5860,2,51.24885361414698,51.24885361414698,100.0
5870,0,25.043810508190273,25.043810508190273,100.0
5870,1,32.314993239109484,32.314993239109484,100.0
5870,2,42.64119625270024,42.64119625270024,100.0
5880,0,39.33245392827998,39.33245392827998,100.0
5880,1,16.609109068796148,16.609109068796148,100.0
5880,2,44.058437002923874,44.058437002923874,100.0
5890,0,27.170879599352958,27.170879599352958,100.0
5890,1,18.76472728032022,18.76472728032022,100.0
5890,2,54.06439312032681,54.06439312032681,100.0
5900,0,18.87980138552393,18.87980138552393,100.0
5900,1,45.71136875449407,45.71136875449407,100.0
5900,2,35.408829859982006,35.408829859982006,100.0
5910,0,9.651577558034278,9.651577558034278,100.0
5910,1,23.676765271856326,23.676765271856326,100.0
5910,2,66.67165717010938,66.67165717010938,100.0
5920,0,45.80240303444742,45.80240303444742,100.0
5920,1,25.810562316016995,25.810562316016995,100.0
5920,2,28.387034649535586,28.387034649535586,100.0
5930,0,19.29966818299938,19.29966818299938,100.0
5930,1,50.57447366481861,50.57447366481861,100.0
5930,2,30.125858152182012,30.125858152182012,100.0
5940,0,53.490387917723936,53.490387917723936,100.0
5940,1,23.668657942785128,23.668657942785128,100.0
5940,2,22.84095413949094,22.84095413949094,100.0
5950,0,15.426137575776968,15.426137575776968,100.0
5950,1,11.815617530467424,11.815617530467424,100.0
5950,2,72.7582448937556,72.7582448937556,100.0
5960,0,21.699115327087405,21.699115327087405,100.0
5960,1,59.52532841855034,59.52532841855034,100.0
5960,2,18.775556254362264,18.775556254362264,100.0
5970,0,12.965730649769647,12.965730649769647,100.0
5970,1,42.71982554507074,42.71982554507074,100.0
5970,2,44.31444380515961,44.31444380515961,100.0
5980,0,11.81081379864783,11.81081379864783,100.0
5980,1,60.720668238617804,60.720668238617804,100.0
5980,2,27.468517962734364,27.468517962734364,100.0
5990,0,50.49809081568707,50.49809081568707,100.0
5990,1,32.02740112460784,32.02740112460784,100.0
5990,2,17.474508059705084,17.474508059705084,100.0
6000,0,9.903760716998777,9.903760716998777,100.0
6000,1,45.13083469327466,45.13083469327466,100.0
6000,2,44.96540458972656,44.96540458972656,100.0
6010,0,44.79493150381777,44.79493150381777,100.0
6010,1,9.189206232046809,9.189206232046809,100.0
6010,2,46.01586226413543,46.01586226413543,100.0
6020,0,13.397645370963488,13.397645370963488,100.0
6020,1,64.57558869928349,64.57558869928349,100.0
6020,2,22.02676592975302,22.02676592975302,100.0
6030,0,36.94954524773008,36.94954524773008,100.0
6030,1,36.95107592277491,36.95107592277491,100.0
6030,2,26.099378829495016,26.099378829495016,100.0
6040,0,18.436350069042753,18.436350069042753,100.0
6040,1,52.4035330154261,52.4035330154261,100.0
6040,2,29.160116915531148,29.160116915531148,100.0
6050,0,42.78255200262691,42.78255200262691,100.0
6050,1,30.36632061332234,30.36632061332234,100.0
6050,2,26.851127384050766,26.851127384050766,100.0
6060,0,21.76439786988169,21.76439786988169,100.0
6060,1,16.4031808001509,16.4031808001509,100.0
6060,2,61.83242132996741,61.83242132996741,100.0
6070,0,30.330547552904676,30.330547552904676,100.0
6070,1,49.14131854728194,49.14131854728194,100.0
6070,2,20.52813389981339,20.52813389981339,100.0
6080,0,47.86009560973438,47.86009560973438,100.0
6080,1,28.201223922232327,28.201223922232327,100.0
6080,2,23.938680468033287,23.938680468033287,100.0
6090,0,13.700969853092307,13.700969853092307,100.0
6090,1,13.60108563878046,13.60108563878046,100.0
6090,2,72.69794450812725,72.69794450812725,100.0
6100,0,10.214803378525403,10.214803378525403,100.0
6100,1,37.61685004590508,37.61685004590508,100.0
6100,2,52.168346575569515,52.168346575569515,100.0
6110,0,29.460019225833427,29.460019225833427,100.0
6110,1,40.950986176586284,40.950986176586284,100.0
6110,2,29.5889945975803,29.5889945975803,100.0
6120,0,30.888530463647307,30.888530463647307,100.0
6120,1,13.94449749053385,13.94449749053385,100.0
6120,2,55.16697204581884,55.16697204581884,100.0
6130,0,25.408295317552216,25.408295317552216,100.0
6130,1,44.68286685852287,44.68286685852287,100.0
6130,2,29.908837823924916,29.908837823924916,100.0
6140,0,14.705272304524314,14.705272304524314,100.0
6140,1,26.664405788567763,26.664405788567763,100.0
6140,2,58.63032190690792,58.63032190690792,100.0
6150,0,15.817064032108405,15.817064032108405,100.0
6150,1,32.28315581985087,32.28315581985087,100.0
6150,2,51.89978014804073,51.89978014804073,100.0
6160,0,17.05695773838491,17.05695773838491,100.0
6160,1,19.962768882866317,19.962768882866317,100.0
6160,2,62.98027337874878,62.98027337874878,100.0
6170,0,45.5779457166979,45.5779457166979,100.0
6170,1,40.57190271875089,40.57190271875089,100.0
6170,2,13.850151564551194,13.850151564551194,100.0
6180,0,46.383483665085166,46.383483665085166,100.0
6180,1,21.581546911533646,21.581546911533646,100.0
6180,2,32.034969423381185,32.034969423381185,100.0
6190,0,66.10996458346654,66.10996458346654,100.0
6190,1,20.192924111047926,20.192924111047926,100.0
6190,2,13.697111305485537,13.697111305485537,100.0
6200,0,30.805209842559744,30.805209842559744,100.0
6200,1,25.104557375052522,25.104557375052522,100.0
6200,2,44.090232782387744,44.090232782387744,100.0
6210,0,10.52985280035316,10.52985280035316,100.0
6210,1,28.55679109327828,28.55679109327828,100.0
6210,2,60.91335610636857,60.91335610636857,100.0
6220,0,30.55551865291205,30.55551865291205,100.0
6220,1,32.139104938467845,32.139104938467845,100.0
6220,2,37.30537640862011,37.30537640862011,100.0
6230,0,23.340564298688957,23.340564298688957,100.0
6230,1,62.99061255748575,62.99061255748575,100.0
6230,2,13.668823143825303,13.668823143825303,100.0
6240,0,25.355278870481552,25.355278870481552,100.0
6240,1,23.134849052877296,23.134849052877296,100.0
6240,2,51.50987207664116,51.50987207664116,100.0
6250,0,15.331592307251512,15.331592307251512,100.0
6250,1,63.50068439657587,63.50068439657587,100.0
6250,2,21.167723296172618,21.167723296172618,100.0
6260,0,10.670201794223821,10.670201794223821,100.0
6260,1,44.55462154813471,44.55462154813471,100.0
6260,2,44.77517665764147,44.77517665764147,100.0
6270,0,13.273692271728885,13.273692271728885,100.0
6270,1,34.39138911880993,34.39138911880993,100.0
6270,2,52.33491860946119,52.33491860946119,100.0
6280,0,29.862310987262614,29.862310987262614,100.0
6280,1,27.464301913758344,27.464301913758344,100.0
6280,2,42.67338709897904,42.67338709897904,100.0
6290,0,43.64579100847414,43.64579100847414,100.0
6290,1,31.99132121505226,31.99132121505226,100.0
6290,2,24.362887776473602,24.362887776473602,100.0
6300,0,16.235356275945048,16.235356275945048,100.0
6300,1,30.842284173653994,30.842284173653994,100.0
6300,2,52.922359550400955,52.922359550400955,100.0
6310,0,21.97090736757054,21.97090736757054,100.0
6310,1,40.55375643771084,40.55375643771084,100.0
6310,2,37.47533619471863,37.47533619471863,100.0
6320,0,60.17261891445388,60.17261891445388,100.0
6320,1,10.310329399385228,10.310329399385228,100.0
6320,2,29.5170516861609,29.5170516861609,100.0
6330,0,14.060663255681934,14.060663255681934,100.0
6330,1,14.530970758432026,14.530970758432026,100.0
6330,2,71.40836598588605,71.40836598588605,100.0
6340,0,22.663543152151572,22.663543152151572,100.0
6340,1,40.1378393920078,40.1378393920078,100.0
6340,2,37.19861745584063,37.19861745584063,100.0
6350,0,34.74092869431528,34.74092869431528,100.0
6350,1,35.39971788083591,35.39971788083591,100.0
6350,2,29.859353424848806,29.859353424848806,100.0
6360,0,37.3763440794486,37.3763440794486,100.0
6360,1,50.99824798714604,50.99824798714604,100.0
6360,2,11.625407933405379,11.625407933405379,100.0
6370,0,22.241985179687163,22.241985179687163,100.0
6370,1,29.305227311422712,29.305227311422712,100.0
6370,2,48.45278750889013,48.45278750889013,100.0
6380,0,22.519227085219065,22.519227085219065,100.0
6380,1,17.369485494794695,17.369485494794695,100.0
6380,2,60.11128741998624,60.11128741998624,100.0
6390,0,14.830963124625713,14.830963124625713,100.0
6390,1,14.427667896706922,14.427667896706922,100.0
6390,2,70.74136897866737,70.74136897866737,100.0
6400,0,62.73215273440413,62.73215273440413,100.0
6400,1,16.00925066168129,16.00925066168129,100.0
6400,2,21.25859660391457,21.25859660391457,100.0
6410,0,26.96698807191006,26.96698807191006,100.0
6410,1,31.571075994411054,31.571075994411054,100.0
6410,2,41.4619359336789,41.4619359336789,100.0
6420,0,34.56659716344805,34.56659716344805,100.0
6420,1,32.39481784081694,32.39481784081694,100.0
6420,2,33.03858499573501,33.03858499573501,100.0
6430,0,24.940574685220167,24.940574685220167,100.0
6430,1,51.554886737017334,51.554886737017334,100.0
6430,2,23.5045385777625,23.5045385777625,100.0
6440,0,41.05044635295547,41.05044635295547,100.0
6440,1,44.26810654548747,44.26810654548747,100.0
6440,2,14.68144710155706,14.68144710155706,100.0
6450,0,11.434497471468037,11.434497471468037,100.0
6450,1,18.254478793273936,18.254478793273936,100.0
6450,2,70.31102373525803,70.31102373525803,100.0
6460,0,44.13114230147514,44.13114230147514,100.0
6460,1,28.64697045716903,28.64697045716903,100.0
6460,2,27.22188724135584,27.22188724135584,100.0
6470,0,65.07616425980207,65.07616425980207,100.0
6470,1,14.60489405236069,14.60489405236069,100.0
6470,2,20.318941687837242,20.318941687837242,100.0
6480,0,60.87794564445672,60.87794564445672,100.0
6480,1,25.493671557036546,25.493671557036546,100.0
6480,2,13.628382798506744,13.628382798506744,100.0
6490,0,44.22550053010493,44.22550053010493,100.0
6490,1,11.27164599412544,11.27164599412544,100.0
6490,2,44.50285347576963,44.50285347576963,100.0
6500,0,62.230776747928964,62.230776747928964,100.0
6500,1,21.02817431321251,21.02817431321251,100.0
6500,2,16.741048938858523,16.741048938858523,100.0
6510,0,11.562941770211337,11.562941770211337,100.0
6510,1,13.630670178760038,13.630670178760038,100.0
6510,2,74.80638805102863,74.80638805102863,100.0
6520,0,53.93734239884259,53.93734239884259,100.0
6520,1,26.427269883248268,26.427269883248268,100.0
6520,2,19.635387717909143,19.635387717909143,100.0
6530,0,51.83942682998425,51.83942682998425,100.0
6530,1,37.30519345364412,37.30519345364412,100.0
6530,2,10.855379716371614,10.855379716371614,100.0
6540,0,32.22989721000361,32.22989721000361,100.0
6540,1,24.277391564923757,24.277391564923757,100.0
6540,2,43.49271122507263,43.49271122507263,100.0
6550,0,14.943804612103891,14.943804612103891,100.0
6550,1,60.72563659823442,60.72563659823442,100.0
6550,2,24.330558789661694,24.330558789661694,100.0
6560,0,32.34220760757757,32.34220760757757,100.0
6560,1,42.08825619518135,42.08825619518135,100.0
6560,2,25.56953619724108,25.56953619724108,100.0
6570,0,14.293808236535204,14.293808236535204,100.0
6570,1,15.454132918753869,15.454132918753869,100.0
6570,2,70.25205884471093,70.25205884471093,100.0
6580,0,29.43558387513951,29.43558387513951,100.0
6580,1,57.942231050152685,57.942231050152685,100.0
6580,2,12.62218507470782,12.62218507470782,100.0
6590,0,25.627970302433372,25.627970302433372,100.0
6590,1,37.92213111446289,37.92213111446289,100.0
6590,2,36.44989858310374,36.44989858310374,100.0
6600,0,25.810390266859734,25.810390266859734,100.0
6600,1,51.8985894095846,51.8985894095846,100.0
6600,2,22.291020323555667,22.291020323555667,100.0
6610,0,41.85315738615248,41.85315738615248,100.0
6610,1,32.128292058765055,32.128292058765055,100.0
6610,2,26.018550555082477,26.018550555082477,100.0
6620,0,26.460396664368176,26.460396664368176,100.0
6620,1,54.564109487806775,54.564109487806775,100.0
6620,2,18.97549384782505,18.97549384782505,100.0
6630,0,10.282218582348834,10.282218582348834,100.0
6630,1,42.077837387878844,42.077837387878844,100.0
6630,2,47.63994402977232,47.63994402977232,100.0
6640,0,19.343697885480864,19.343697885480864,100.0
6640,1,34.24378803171031,34.24378803171031,100.0
6640,2,46.41251408280883,46.41251408280883,100.0
6650,0,48.26201200460311,48.26201200460311,100.0
6650,1,29.05448155507102,29.05448155507102,100.0
6650,2,22.683506440325864,22.683506440325864,100.0
6660,0,47.55245143055078,47.55245143055078,100.0
6660,1,19.584411680858906,19.584411680858906,100.0
6660,2,32.86313688859031,32.86313688859031,100.0
6670,0,29.881583919420997,29.881583919420997,100.0
6670,1,33.13864872124638,33.13864872124638,100.0
6670,2,36.97976735933263,36.97976735933263,100.0
6680,0,15.764333322731089,15.764333322731089,100.0
6680,1,61.57338712539938,61.57338712539938,100.0
6680,2,22.662279551869542,22.662279551869542,100.0
6690,0,14.774183735315619,14.774183735315619,100.0
6690,1,36.563416697573075,36.563416697573075,100.0
6690,2,48.6623995671113,48.6623995671113,100.0
6700,0,26.67224747428603,26.67224747428603,100.0
6700,1,21.870893252325114,21.870893252325114,100.0
6700,2,51.45685927338886,51.45685927338886,100.0
6710,0,14.758385207753438,14.758385207753438,100.0
6710,1,26.28787603808948,26.28787603808948,100.0
6710,2,58.95373875415708,58.95373875415708,100.0
6720,0,19.59830214754722,19.59830214754722,100.0
6720,1,56.19696913025436,56.19696913025436,100.0
6720,2,24.204728722198418,24.204728722198418,100.0
6730,0,23.43768094814999,23.43768094814999,100.0
6730,1,39.658602424299865,39.658602424299865,100.0
6730,2,36.90371662755014,36.90371662755014,100.0
6740,0,56.30206114673485,56.30206114673485,100.0
6740,1,25.05708221447876,25.05708221447876,100.0
6740,2,18.640856638786403,18.640856638786403,100.0
6750,0,13.201930564986656,13.201930564986656,100.0
6750,1,16.912217458859907,16.912217458859907,100.0
6750,2,69.88585197615343,69.88585197615343,100.0
6760,0,20.99867049919472,20.99867049919472,100.0
6760,1,53.03262354257877,53.03262354257877,100.0
6760,2,25.968705958226508,25.968705958226508,100.0
6770,0,16.220303436035373,16.220303436035373,100.0
6770,1,68.45491544977129,68.45491544977129,100.0
6770,2,15.324781114193332,15.324781114193332,100.0
6780,0,26.222292677904353,26.222292677904353,100.0
6780,1,44.48609274556898,44.48609274556898,100.0
6780,2,29.29161457652667,29.29161457652667,100.0
6790,0,36.99788138841623,36.99788138841623,100.0
6790,1,53.62113099465061,53.62113099465061,100.0
6790,2,9.380987616933172,9.380987616933172,100.0
6800,0,18.744435268275996,18.744435268275996,100.0
6800,1,30.37489329598277,30.37489329598277,100.0
6800,2,50.88067143574124,50.88067143574124,100.0
6810,0,8.166918991012519,8.166918991012519,100.0
6810,1,40.77361579393025,40.77361579393025,100.0
6810,2,51.05946521505723,51.05946521505723,100.0
6820,0,34.04892293110006,34.04892293110006,100.0
6820,1,35.46441609186198,35.46441609186198,100.0
6820,2,30.486660977037968,30.486660977037968,100.0
6830,0,53.652872222592364,53.652872222592364,100.0
6830,1,27.171572259609043,27.171572259609043,100.0
6830,2,19.175555517798607,19.175555517798607,100.0
6840,0,29.305052677839548,29.305052677839548,100.0
6840,1,59.85330948544804,59.85330948544804,100.0
6840,2,10.84163783671241,10.84163783671241,100.0
6850,0,40.93724330988863,40.93724330988863,100.0
6850,1,40.930057993751554,40.930057993751554,100.0
6850,2,18.132698696359824,18.132698696359824,100.0
6860,0,35.68524405315021,35.68524405315021,100.0
6860,1,18.29800394123546,18.29800394123546,100.0
6860,2,46.01675200561433,46.01675200561433,100.0
6870,0,13.618338252873926,13.618338252873926,100.0
6870,1,28.920590513109623,28.920590513109623,100.0
6870,2,57.461071234016444,57.461071234016444,100.0
6880,0,14.274969195601855,14.274969195601855,100.0
6880,1,45.80189857250153,45.80189857250153,100.0
6880,2,39.923132231896616,39.923132231896616,100.0
6890,0,20.69065245883294,20.69065245883294,100.0
6890,1,61.72856448803815,61.72856448803815,100.0
6890,2,17.58078305312891,17.58078305312891,100.0
6900,0,20.315823838697717,20.315823838697717,100.0
6900,1,22.323063071562935,22.323063071562935,100.0
6900,2,57.361113089739355,57.361113089739355,100.0
6910,0,13.469693457503443,13.469693457503443,100.0
6910,1,75.3873438717825,75.3873438717825,100.0
6910,2,11.142962670714054,11.142962670714054,100.0
6920,0,37.550999045148885,37.550999045148885,100.0
6920,1,22.63187931098148,22.63187931098148,100.0
6920,2,39.81712164386963,39.81712164386963,100.0
6930,0,10.387070266587509,10.387070266587509,100.0
6930,1,32.9760906955346,32.9760906955346,100.0
6930,2,56.636839037877884,56.636839037877884,100.0
6940,0,48.71143448184172,48.71143448184172,100.0
6940,1,24.81892458998704,24.81892458998704,100.0
6940,2,26.469640928171245,26.469640928171245,100.0
6950,0,42.12736212138093,42.12736212138093,100.0
6950,1,18.01315781760615,18.01315781760615,100.0
6950,2,39.859480061012924,39.859480061012924,100.0
6960,0,46.830314621790734,46.830314621790734,100.0
6960,1,41.683909094730254,41.683909094730254,100.0
6960,2,11.485776283479012,11.485776283479012,100.0
6970,0,17.212129568803242,17.212129568803242,100.0
6970,1,16.28898101454192,16.28898101454192,100.0
6970,2,66.49888941665483,66.49888941665483,100.0
6980,0,38.42574879646502,38.42574879646502,100.0
6980,1,43.3207349448584,43.3207349448584,100.0
6980,2,18.253516258676576,18.253516258676576,100.0
6990,0,12.139802761843125,12.139802761843125,100.0
6990,1,12.786527417615037,12.786527417615037,100.0
6990,2,75.07366982054184,75.07366982054184,100.0
7000,0,41.35918518906734,41.35918518906734,100.0
7000,1,43.39641139115095,43.39641139115095,100.0
7000,2,15.24440341978171,15.24440341978171,100.0
7010,0,46.35195410619923,46.35195410619923,100.0
7010,1,33.9865044526095,33.9865044526095,100.0
7010,2,19.66154144119127,19.66154144119127,100.0
7020,0,13.592465007207593,13.592465007207593,100.0
7020,1,69.94312283619108,69.94312283619108,100.0
7020,2,16.464412156601338,16.464412156601338,100.0
7030,0,51.03549575383306,51.03549575383306,100.0
7030,1,20.24205966470988,20.24205966470988,100.0
7030,2,28.72244458145707,28.72244458145707,100.0
7040,0,43.55650352912592,43.55650352912592,100.0
7040,1,10.750126655994835,10.750126655994835,100.0
7040,2,45.69336981487924,45.69336981487924,100.0
7050,0,19.356037756029995,19.356037756029995,100.0
7050,1,15.722238250942425,15.722238250942425,100.0
7050,2,64.92172399302758,64.92172399302758,100.0
7060,0,36.37825038002556,36.37825038002556,100.0
7060,1,49.777354181355356,49.777354181355356,100.0
7060,2,13.844395438619072,13.844395438619072,100.0
7070,0,47.714910757941894,47.714910757941894,100.0
7070,1,24.122227261593313,24.122227261593313,100.0
7070,2,28.162861980464793,28.162861980464793,100.0
7080,0,19.682133113753284,19.682133113753284,100.0
7080,1,67.38086695770885,67.38086695770885,100.0
7080,2,12.936999928537873,12.936999928537873,100.0
7090,0,21.86702179129019,21.86702179129019,100.0
7090,1,21.975897707348935,21.975897707348935,100.0
7090,2,56.15708050136088,56.15708050136088,100.0
7100,0,67.8501667213666,67.8501667213666,100.0
7100,1,16.62564236102173,16.62564236102173,100.0
7100,2,15.52419091761167,15.52419091761167,100.0
7110,0,13.486835973154543,13.486835973154543,100.0
7110,1,13.88370939759344,13.88370939759344,100.0
7110,2,72.62945462925202,72.62945462925202,100.0
7120,0,16.099186158773907,16.099186158773907,100.0
7120,1,40.833902667401496,40.833902667401496,100.0
7120,2,43.06691117382459,43.06691117382459,100.0
7130,0,74.23876516267855,74.23876516267855,100.0
7130,1,13.042528534883715,13.042528534883715,100.0
7130,2,12.718706302437733,12.718706302437733,100.0
7140,0,59.220262931075894,59.220262931075894,100.0
7140,1,13.95826384999635,13.95826384999635,100.0
7140,2,26.821473218927753,26.821473218927753,100.0
7150,0,39.211582060123796,39.211582060123796,100.0
7150,1,25.48908027287465,25.48908027287465,100.0
7150,2,35.29933766700155,35.29933766700155,100.0
7160,0,20.264115332276948,20.264115332276948,100.0
7160,1,24.918818372007593,24.918818372007593,100.0
7160,2,54.81706629571546,54.81706629571546,100.0
7170,0,14.854729578953272,14.854729578953272,100.0
7170,1,23.270151769903357,23.270151769903357,100.0
7170,2,61.87511865114338,61.87511865114338,100.0
7180,0,47.514513495435814,47.514513495435814,100.0
7180,1,25.9249370136081,25.9249370136081,100.0
7180,2,26.56054949095608,26.56054949095608,100.0
7190,0,13.482931109911192,13.482931109911192,100.0
7190,1,27.581621877306144,27.581621877306144,100.0
7190,2,58.935447012782674,58.935447012782674,100.0
7200,0,14.22509065312789,14.22509065312789,100.0
7200,1,47.70417946409047,47.70417946409047,100.0
7200,2,38.070729882781635,38.070729882781635,100.0
7210,0,11.238097112632813,11.238097112632813,100.0
7210,1,63.189233897173956,63.189233897173956,100.0
7210,2,25.572668990193225,25.572668990193225,100.0
7220,0,23.089981096805598,23.089981096805598,100.0
7220,1,55.36058653185134,55.36058653185134,100.0
7220,2,21.549432371343062,21.549432371343062,100.0
7230,0,28.16152771262943,28.16152771262943,100.0
7230,1,31.24311337277572,31.24311337277572,100.0
7230,2,40.59535891459484,40.59535891459484,100.0
7240,0,20.065459156866144,20.065459156866144,100.0
7240,1,61.478165529406795,61.478165529406795,100.0
7240,2,18.45637531372706,18.45637531372706,100.0
7250,0,70.35245637311205,70.35245637311205,100.0
7250,1,12.645365995968366,12.645365995968366,100.0
7250,2,17.002177630919586,17.002177630919586,100.0
7260,0,31.303122895651146,31.303122895651146,100.0
7260,1,55.1706845470116,55.1706845470116,100.0
7260,2,13.526192557337268,13.526192557337268,100.0
7270,0,55.241402784703766,55.241402784703766,100.0
7270,1,20.506936070117096,20.506936070117096,100.0
7270,2,24.251661145179146,24.251661145179146,100.0
7280,0,63.49070224828216,63.49070224828216,100.0
7280,1,22.17284549665197,22.17284549665197,100.0
7280,2,14.336452255065868,14.336452255065868,100.0
7290,0,15.815786426348785,15.815786426348785,100.0
7290,1,14.380046715215302,14.380046715215302,100.0
7290,2,69.8041668584359,69.8041668584359,100.0
7300,0,41.45481840348532,41.45481840348532,100.0
7300,1,24.70840445122622,24.70840445122622,100.0
7300,2,33.83677714528845,33.83677714528845,100.0
7310,0,42.998235900994764,42.998235900994764,100.0
7310,1,33.63036585306917,33.63036585306917,100.0
7310,2,23.37139824593607,23.37139824593607,100.0
7320,0,30.816436252592496,30.816436252592496,100.0
7320,1,23.541678600307954,23.541678600307954,100.0
7320,2,45.64188514709956,45.64188514709956,100.0
7330,0,61.15413741460046,61.15413741460046,100.0
7330,1,17.099872659347472,17.099872659347472,100.0
7330,2,21.745989926052065,21.745989926052065,100.0
7340,0,67.58891787747017,67.58891787747017,100.0
7340,1,15.609120699618675,15.609120699618675,100.0
7340,2,16.801961422911162,16.801961422911162,100.0
7350,0,11.635137231717959,11.635137231717959,100.0
7350,1,14.378870939672822,14.378870939672822,100.0
7350,2,73.98599182860923,73.98599182860923,100.0
7360,0,20.98976149188094,20.98976149188094,100.0
7360,1,37.74805709438788,37.74805709438788,100.0
7360,2,41.26218141373116,41.26218141373116,100.0
7370,0,62.40249742904362,62.40249742904362,100.0
7370,1,19.99659031242344,19.99659031242344,100.0
7370,2,17.600912258532933,17.600912258532933,100.0
7380,0,67.78317878635613,67.78317878635613,100.0
7380,1,14.431337382392966,14.431337382392966,100.0
7380,2,17.7854838312509,17.7854838312509,100.0
7390,0,23.064103239396903,23.064103239396903,100.0
7390,1,42.247835727036616,42.247835727036616,100.0
7390,2,34.68806103356649,34.68806103356649,100.0
7400,0,25.17356951514437,25.17356951514437,100.0
7400,1,21.881040351592354,21.881040351592354,100.0
7400,2,52.94539013326328,52.94539013326328,100.0
7410,0,17.399406837293284,17.399406837293284,100.0
7410,1,15.146607492472036,15.146607492472036,100.0
7410,2,67.45398567023467,67.45398567023467,100.0
7420,0,11.875111197977056,11.875111197977056,100.0
7420,1,67.5613911416508,67.5613911416508,100.0
7420,2,20.56349766037216,20.56349766037216,100.0
7430,0,26.65162593728006,26.65162593728006,100.0
7430,1,34.72704249800199,34.72704249800199,100.0
7430,2,38.621331564717956,38.621331564717956,100.0
7440,0,60.83298447561965,60.83298447561965,100.0
7440,1,11.878803000595543,11.878803000595543,100.0
7440,2,27.288212523784814,27.288212523784814,100.0
7450,0,32.88877204818543,32.88877204818543,100.0
7450,1,14.17022193863901,14.17022193863901,100.0
7450,2,52.941006013175574,52.941006013175574,100.0
7460,0,41.00107709702364,41.00107709702364,100.0
7460,1,34.3578188879187,34.3578188879187,100.0
7460,2,24.641104015057664,24.641104015057664,100.0
7470,0,8.175146866419732,8.175146866419732,100.0
7470,1,46.05364668011997,46.05364668011997,100.0
7470,2,45.771206453460294,45.771206453460294,100.0
7480,0,49.41376154704996,49.41376154704996,100.0
7480,1,33.55344507153872,33.55344507153872,100.0
7480,2,17.032793381411334,17.032793381411334,100.0
7490,0,17.987994389042644,17.987994389042644,100.0
7490,1,44.05632276024999,44.05632276024999,100.0
7490,2,37.955682850707376,37.955682850707376,100.0
7500,0,57.45963055265438,57.45963055265438,100.0
7500,1,15.11385072335531,15.11385072335531,100.0
7500,2,27.426518723990313,27.426518723990313,100.0
7510,0,32.10552706238051,32.10552706238051,100.0
7510,1,48.48651874380312,48.48651874380312,100.0
7510,2,19.407954193816384,19.407954193816384,100.0
7520,0,29.381750194733648,29.381750194733648,100.0
7520,1,30.06271249762542,30.06271249762542,100.0
7520,2,40.55553730764093,40.55553730764093,100.0
7530,0,6.7607203822543465,6.7607203822543465,100.0
7530,1,48.870838740715286,48.870838740715286,100.0
7530,2,44.368440877030366,44.368440877030366,100.0
7540,0,39.543793459830844,39.543793459830844,100.0
7540,1,48.45160200992337,48.45160200992337,100.0
7540,2,12.004604530245787,12.004604530245787,100.0
7550,0,46.678002244424924,46.678002244424924,100.0
7550,1,11.064299710371907,11.064299710371907,100.0
7550,2,42.25769804520317,42.25769804520317,100.0
7560,0,58.41441888507435,58.41441888507435,100.0
7560,1,20.716072234431053,20.716072234431053,100.0
7560,2,20.869508880494596,20.869508880494596,100.0
7570,0,34.00082574244661,34.00082574244661,100.0
7570,1,33.367059614063095,33.367059614063095,100.0
7570,2,32.632114643490304,32.632114643490304,100.0
7580,0,45.225663267729814,45.225663267729814,100.0
7580,1,44.339749644205874,44.339749644205874,100.0
7580,2,10.434587088064296,10.434587088064296,100.0
7590,0,14.612779344806858,14.612779344806858,100.0
7590,1,12.715880962876533,12.715880962876533,100.0
7590,2,72.67133969231662,72.67133969231662,100.0
7600,0,33.26899151796461,33.26899151796461,100.0
7600,1,26.81770244096645,26.81770244096645,100.0
7600,2,39.91330604106894,39.91330604106894,100.0
7610,0,52.412569001738404,52.412569001738404,100.0
7610,1,23.32615231145592,23.32615231145592,100.0
7610,2,24.261278686805674,24.261278686805674,100.0
7620,0,52.48942390078392,52.48942390078392,100.0
7620,1,28.327883099101186,28.327883099101186,100.0
7620,2,19.182693000114906,19.182693000114906,100.0
7630,0,59.431262528217154,59.431262528217154,100.0
7630,1,13.21711490863908,13.21711490863908,100.0
7630,2,27.351622563143764,27.351622563143764,100.0
7640,0,27.91754095963679,27.91754095963679,100.0
7640,1,37.40071761811804,37.40071761811804,100.0
7640,2,34.68174142224518,34.68174142224518,100.0
7650,0,14.645969005781021,14.645969005781021,100.0
7650,1,17.205865322319706,17.205865322319706,100.0
7650,2,68.14816567189929,68.14816567189929,100.0
7660,0,43.28035489622085,43.28035489622085,100.0
7660,1,31.128548372874786,31.128548372874786,100.0
7660,2,25.59109673090436,25.59109673090436,100.0
7670,0,50.266830261741,50.266830261741,100.0
7670,1,36.88574554595549,36.88574554595549,100.0
7670,2,12.847424192303524,12.847424192303524,100.0
7680,0,21.468404861439712,21.468404861439712,100.0
7680,1,48.36537814358499,48.36537814358499,100.0
7680,2,30.166216994975287,30.166216994975287,100.0
7690,0,47.19317776944773,47.19317776944773,100.0
7690,1,13.219717032683153,13.219717032683153,100.0
7690,2,39.58710519786913,39.58710519786913,100.0
7700,0,46.16770925441532,46.16770925441532,100.0
7700,1,15.39592538152352,15.39592538152352,100.0
7700,2,38.43636536406116,38.43636536406116,100.0
7710,0,11.644215924092263,11.644215924092263,100.0
7710,1,12.531353572425417,12.531353572425417,100.0
7710,2,75.82443050348232,75.82443050348232,100.0
7720,0,31.670161420686192,31.670161420686192,100.0
7720,1,18.832941687117945,18.832941687117945,100.0
7720,2,49.49689689219587,49.49689689219587,100.0
7730,0,35.16600631247918,35.16600631247918,100.0
7730,1,54.28418846337081,54.28418846337081,100.0
7730,2,10.549805224150019,10.549805224150019,100.0
7740,0,47.17803436314223,47.17803436314223,100.0
7740,1,9.423908490798691,9.423908490798691,100.0
7740,2,43.398057146059074,43.398057146059074,100.0
7750,0,56.917375242033245,56.917375242033245,100.0
7750,1,11.962011969063195,11.962011969063195,100.0
7750,2,31.120612788903575,31.120612788903575,100.0
7760,0,8.827466462331655,8.827466462331655,100.0
7760,1,53.79854387470214,53.79854387470214,100.0
7760,2,37.373989662966196,37.373989662966196,100.0
7770,0,37.38955752884058,37.38955752884058,100.0
7770,1,14.194215808907654,14.194215808907654,100.0
7770,2,48.41622666225177,48.41622666225177,100.0
7780,0,48.47452329971419,48.47452329971419,100.0
7780,1,39.497994201573135,39.497994201573135,100.0
7780,2,12.027482498712654,12.027482498712654,100.0
7790,0,55.24481053793829,55.24481053793829,100.0
7790,1,20.56889042016012,20.56889042016012,100.0
7790,2,24.18629904190158,24.18629904190158,100.0
7800,0,28.6167452577077,28.6167452577077,100.0
7800,1,18.977251463716268,18.977251463716268,100.0
7800,2,52.40600327857603,52.40600327857603,100.0
7810,0,65.7393092008784,65.7393092008784,100.0
7810,1,18.800735409190832,18.800735409190832,100.0
7810,2,15.45995538993078,15.45995538993078,100.0
7820,0,49.14048272905638,49.14048272905638,100.0
7820,1,41.63101431248755,41.63101431248755,100.0
7820,2,9.228502958456081,9.228502958456081,100.0
7830,0,10.654577318053025,10.654577318053025,100.0
7830,1,22.671276165615577,22.671276165615577,100.0
7830,2,66.6741465163314,66.6741465163314,100.0
7840,0,43.8578489761198,43.8578489761198,100.0
7840,1,37.09748265136587,37.09748265136587,100.0
7840,2,19.044668372514337,19.044668372514337,100.0
7850,0,31.896301284606555,31.896301284606555,100.0
7850,1,34.647895187702225,34.647895187702225,100.0
7850,2,33.45580352769122,33.45580352769122,100.0
7860,0,39.59927743976246,39.59927743976246,100.0
7860,1,30.583273062072575,30.583273062072575,100.0
7860,2,29.81744949816496,29.81744949816496,100.0
7870,0,45.48950837520065,45.48950837520065,100.0
7870,1,30.092511661751004,30.092511661751004,100.0
7870,2,24.417979963048346,24.417979963048346,100.0
7880,0,21.935111818816214,21.935111818816214,100.0
7880,1,58.55578077120922,58.55578077120922,100.0
7880,2,19.509107409974565,19.509107409974565,100.0
7890,0,9.906003053059854,9.906003053059854,100.0
7890,1,50.391358759307,50.391358759307,100.0
7890,2,39.70263818763314,39.70263818763314,100.0
7900,0,60.189699707729275,60.189699707729275,100.0
7900,1,20.85416401958882,20.85416401958882,100.0
7900,2,18.956136272681913,18.956136272681913,100.0
7910,0,26.720513675253265,26.720513675253265,100.0
7910,1,23.787311802635312,23.787311802635312,100.0
7910,2,49.49217452211143,49.49217452211143,100.0
7920,0,38.007498861500466,38.007498861500466,100.0
7920,1,42.314551192739614,42.314551192739614,100.0
7920,2,19.677949945759927,19.677949945759927,100.0
7930,0,74.53197114848919,74.53197114848919,100.0
7930,1,12.878241107025993,12.878241107025993,100.0
7930,2,12.589787744484823,12.589787744484823,100.0
7940,0,13.648878741864548,13.648878741864548,100.0
7940,1,29.743572933897845,29.743572933897845,100.0
7940,2,56.60754832423761,56.60754832423761,100.0
7950,0,17.174298206591367,17.174298206591367,100.0
7950,1,19.672001803156487,19.672001803156487,100.0
7950,2,63.15369999025214,63.15369999025214,100.0
7960,0,23.569926732078585,23.569926732078585,100.0
7960,1,48.00062710853752,48.00062710853752,100.0
7960,2,28.429446159383897,28.429446159383897,100.0
7970,0,33.084624377164715,33.084624377164715,100.0
7970,1,32.139778825176826,32.139778825176826,100.0
7970,2,34.77559679765847,34.77559679765847,100.0
7980,0,58.5313864146258,58.5313864146258,100.0
7980,1,26.839297218953227,26.839297218953227,100.0
7980,2,14.629316366420989,14.629316366420989,100.0
7990,0,27.697927834898955,27.697927834898955,100.0
7990,1,28.981912107818182,28.981912107818182,100.0
7990,2,43.32016005728287,43.32016005728287,100.0
8000,0,47.410064098467146,47.410064098467146,100.0
8000,1,20.07147450619484,20.07147450619484,100.0
8000,2,32.518461395338015,32.518461395338015,100.0
8010,0,12.887100905168897,12.887100905168897,100.0
8010,1,12.379848627420445,12.379848627420445,100.0
8010,2,74.73305046741065,74.73305046741065,100.0
8020,0,10.457580663344116,10.457580663344116,100.0
8020,1,41.1523882125679,41.1523882125679,100.0
8020,2,48.39003112408799,48.39003112408799,100.0
8030,0,25.08557824268662,25.08557824268662,100.0
8030,1,39.7427204643476,39.7427204643476,100.0
8030,2,35.17170129296579,35.17170129296579,100.0
8040,0,12.896469109061679,12.896469109061679,100.0
8040,1,19.875477916739655,19.875477916739655,100.0
8040,2,67.22805297419868,67.22805297419868,100.0
8050,0,21.527128928779586,21.527128928779586,100.0
8050,1,52.140620162784046,52.140620162784046,100.0
8050,2,26.332250908436368,26.332250908436368,100.0
8060,0,56.78382119019061,56.78382119019061,100.0
8060,1,32.12718453703814,32.12718453703814,100.0
8060,2,11.088994272771258,11.088994272771258,100.0
8070,0,10.993790840572219,10.993790840572219,100.0
8070,1,12.457320123481374,12.457320123481374,100.0
8070,2,76.54888903594642,76.54888903594642,100.0
8080,0,15.228286123587475,15.228286123587475,100.0
8080,1,47.128217441277506,47.128217441277506,100.0
8080,2,37.64349643513501,37.64349643513501,100.0
8090,0,42.382989737371354,42.382989737371354,100.0
8090,1,13.077688530542789,13.077688530542789,100.0
8090,2,44.53932173208586,44.53932173208586,100.0
8100,0,53.3580970789457,53.3580970789457,100.0
8100,1,22.872129873175854,22.872129873175854,100.0
8100,2,23.769773047878456,23.769773047878456,100.0
8110,0,63.73084026302232,63.73084026302232,100.0
8110,1,16.75286364865006,16.75286364865006,100.0
8110,2,19.51629608832762,19.51629608832762,100.0
8120,0,38.240667343593806,38.240667343593806,100.0
8120,1,14.074908343394164,14.074908343394164,100.0
8120,2,47.68442431301202,47.68442431301202,100.0
8130,0,14.290175033529371,14.290175033529371,100.0
8130,1,16.838114755188148,16.838114755188148,100.0
8130,2,68.87171021128248,68.87171021128248,100.0
8140,0,48.61342466967159,48.61342466967159,100.0
8140,1,32.16169111070744,32.16169111070744,100.0
8140,2,19.224884219620982,19.224884219620982,100.0
8150,0,14.60593372131576,14.60593372131576,100.0
8150,1,63.2414003168642,63.2414003168642,100.0
8150,2,22.15266596182004,22.15266596182004,100.0
8160,0,41.78830881347845,41.78830881347845,100.0
8160,1,29.785899324993736,29.785899324993736,100.0
8160,2,28.4257918615278,28.4257918615278,100.0
8170,0,37.42043398166793,37.42043398166793,100.0
8170,1,44.147393481738476,44.147393481738476,100.0
8170,2,18.432172536593587,18.432172536593587,100.0
8180,0,55.333482577350004,55.333482577350004,100.0
8180,1,15.210144775981577,15.210144775981577,100.0
8180,2,29.456372646668434,29.456372646668434,100.0
8190,0,17.298274315905378,17.298274315905378,100.0
8190,1,16.795480591610545,16.795480591610545,100.0
8190,2,65.90624509248407,65.90624509248407,100.0
8200,0,42.926180294095765,42.926180294095765,100.0
8200,1,35.775407958319846,35.775407958319846,100.0
8200,2,21.298411747584378,21.298411747584378,100.0
8210,0,54.829545573198146,54.829545573198146,100.0
8210,1,26.446873432378887,26.446873432378887,100.0
8210,2,18.723580994422967,18.723580994422967,100.0
8220,0,21.327427829364265,21.327427829364265,100.0
8220,1,26.26183450512121,26.26183450512121,100.0
8220,2,52.41073766551452,52.41073766551452,100.0
8230,0,45.95148474361338,45.95148474361338,100.0
8230,1,13.249051681665906,13.249051681665906,100.0
8230,2,40.799463574720725,40.799463574720725,100.0
8240,0,33.11365954607118,33.11365954607118,100.0
8240,1,38.330625507122015,38.330625507122015,100.0
8240,2,28.555714946806805,28.555714946806805,100.0
8250,0,12.750166066824601,12.750166066824601,100.0
8250,1,28.50871378408339,28.50871378408339,100.0
8250,2,58.741120149092005,58.741120149092005,100.0
8260,0,29.809260956917775,29.809260956917775,100.0
8260,1,18.37024570088455,18.37024570088455,100.0
8260,2,51.82049334219767,51.82049334219767,100.0
8270,0,30.091882020457017,30.091882020457017,100.0
8270,1,54.62528140085762,54.62528140085762,100.0
8270,2,15.282836578685382,15.282836578685382,100.0
8280,0,21.23860716290378,21.23860716290378,100.0
8280,1,55.80510669631272,55.80510669631272,100.0
8280,2,22.95628614078349,22.95628614078349,100.0
8290,0,24.6148163260257,24.6148163260257,100.0
8290,1,20.645621972695256,20.645621972695256,100.0
8290,2,54.73956170127905,54.73956170127905,100.0
8300,0,30.102705291588634,30.102705291588634,100.0
8300,1,56.03177611826828,56.03177611826828,100.0
8300,2,13.86551859014309,13.86551859014309,100.0
8310,0,25.334872737128876,25.334872737128876,100.0
8310,1,38.92348232154788,38.92348232154788,100.0
8310,2,35.74164494132324,35.74164494132324,100.0
8320,0,26.003323753471925,26.003323753471925,100.0
8320,1,28.952554705733558,28.952554705733558,100.0
8320,2,45.04412154079453,45.04412154079453,100.0
8330,0,38.49103850238188,38.49103850238188,100.0
8330,1,50.34489358572518,50.34489358572518,100.0
8330,2,11.16406791189293,11.16406791189293,100.0
8340,0,29.79341178643616,29.79341178643616,100.0
8340,1,40.817262976655755,40.817262976655755,100.0
8340,2,29.389325236908093,29.389325236908093,100.0
8350,0,12.972075403285096,12.972075403285096,100.0
8350,1,66.02691275863212,66.02691275863212,100.0
8350,2,21.001011838082785,21.001011838082785,100.0
8360,0,47.26817979389248,47.26817979389248,100.0
8360,1,33.09268493664875,33.09268493664875,100.0
8360,2,19.63913526945877,19.63913526945877,100.0
8370,0,10.251112157796587,10.251112157796587,100.0
8370,1,22.31119020739132,22.31119020739132,100.0
8370,2,67.4376976348121,67.4376976348121,100.0
8380,0,30.926717486952622,30.926717486952622,100.0
8380,1,38.82970219386236,38.82970219386236,100.0
8380,2,30.243580319185014,30.243580319185014,100.0
8390,0,28.485515598933603,28.485515598933603,100.0
8390,1,19.110047015536587,19.110047015536587,100.0
8390,2,52.40443738552981,52.40443738552981,100.0
8400,0,11.452919016624787,11.452919016624787,100.0
8400,1,70.532944942731,70.532944942731,100.0
8400,2,18.014136040644207,18.014136040644207,100.0
8410,0,58.13738634202241,58.13738634202241,100.0
8410,1,20.160364410529315,20.160364410529315,100.0
8410,2,21.70224924744828,21.70224924744828,100.0
8420,0,55.08021206648929,55.08021206648929,100.0
8420,1,16.033987948684324,16.033987948684324,100.0
8420,2,28.885799984826406,28.885799984826406,100.0
8430,0,26.269938936766774,26.269938936766774,100.0
8430,1,21.420199655875656,21.420199655875656,100.0
8430,2,52.30986140735757,52.30986140735757,100.0
8440,0,62.69849141143019,62.69849141143019,100.0
8440,1,20.99671100522702,20.99671100522702,100.0
8440,2,16.304797583342783,16.304797583342783,100.0
8450,0,18.500284385166154,18.500284385166154,100.0
8450,1,38.69481968307436,38.69481968307436,100.0
8450,2,42.80489593175948,42.80489593175948,100.0
8460,0,59.53777618787173,59.53777618787173,100.0
8460,1,24.359467132907294,24.359467132907294,100.0
8460,2,16.102756679220974,16.102756679220974,100.0
8470,0,12.091346834653574,12.091346834653574,100.0
8470,1,45.31873397220948,45.31873397220948,100.0
8470,2,42.58991919313695,42.58991919313695,100.0
8480,0,53.28644072284102,53.28644072284102,100.0
8480,1,13.688385590079466,13.688385590079466,100.0
8480,2,33.02517368707951,33.02517368707951,100.0
8490,0,9.90687528431006,9.90687528431006,100.0
8490,1,24.332133952218545,24.332133952218545,100.0
8490,2,65.7609907634714,65.7609907634714,100.0
8500,0,55.50500992537592,55.50500992537592,100.0
8500,1,22.82560200054856,22.82560200054856,100.0
8500,2,21.669388074075513,21.669388074075513,100.0
8510,0,53.22039124884134,53.22039124884134,100.0
8510,1,11.087631786658584,11.087631786658584,100.0
8510,2,35.691976964500086,35.691976964500086,100.0
8520,0,51.64514477038497,51.64514477038497,100.0
8520,1,16.522625340894812,16.522625340894812,100.0
8520,2,31.83222988872023,31.83222988872023,100.0
8530,0,52.71069823191347,52.71069823191347,100.0
8530,1,26.610526810402966,26.610526810402966,100.0
8530,2,20.678774957683565,20.678774957683565,100.0
8540,0,54.15869925423209,54.15869925423209,100.0
8540,1,29.40171581030121,29.40171581030121,100.0
8540,2,16.439584935466705,16.439584935466705,100.0
8550,0,15.227409041786405,15.227409041786405,100.0
8550,1,12.72313194094497,12.72313194094497,100.0
8550,2,72.04945901726862,72.04945901726862,100.0
8560,0,48.512690901299706,48.512690901299706,100.0
8560,1,42.41447162335434,42.41447162335434,100.0
8560,2,9.072837475345949,9.072837475345949,100.0
8570,0,56.88699669739593,56.88699669739593,100.0
8570,1,20.609264945911363,20.609264945911363,100.0
8570,2,22.50373835669271,22.50373835669271,100.0
8580,0,25.687357697112155,25.687357697112155,100.0
8580,1,44.998584436506896,44.998584436506896,100.0
8580,2,29.31405786638095,29.31405786638095,100.0
8590,0,57.41734070279209,57.41734070279209,100.0
8590,1,32.11006869387332,32.11006869387332,100.0
8590,2,10.472590603334593,10.472590603334593,100.0
8600,0,64.0462185372071,64.0462185372071,100.0
8600,1,23.172033181527585,23.172033181527585,100.0
8600,2,12.781748281265326,12.781748281265326,100.0
8610,0,17.262997499668657,17.262997499668657,100.0
8610,1,21.17685743432801,21.17685743432801,100.0
8610,2,61.56014506600334,61.56014506600334,100.0
8620,0,51.3550183255459,51.3550183255459,100.0
8620,1,14.137022418444575,14.137022418444575,100.0
8620,2,34.50795925600953,34.50795925600953,100.0
8630,0,21.65962618547213,21.65962618547213,100.0
8630,1,38.353603226545275,38.353603226545275,100.0
8630,2,39.9867705879826,39.9867705879826,100.0
8640,0,61.6722364845821,61.6722364845821,100.0
8640,1,23.84570896252792,23.84570896252792,100.0
8640,2,14.482054552889972,14.482054552889972,100.0
8650,0,58.69910843843892,58.69910843843892,100.0
8650,1,20.62130790022086,20.62130790022086,100.0
8650,2,20.679583661340235,20.679583661340235,100.0
8660,0,61.01957788982971,61.01957788982971,100.0
8660,1,22.97159564959597,22.97159564959597,100.0
8660,2,16.008826460574323,16.008826460574323,100.0
8670,0,16.16869512483393,16.16869512483393,100.0
8670,1,13.744582951005697,13.744582951005697,100.0
8670,2,70.08672192416037,70.08672192416037,100.0
8680,0,21.355264510148572,21.355264510148572,100.0
8680,1,20.338135157177316,20.338135157177316,100.0
8680,2,58.30660033267411,58.30660033267411,100.0
8690,0,50.567794671798524,50.567794671798524,100.0
8690,1,25.77640274180607,25.77640274180607,100.0
8690,2,23.6558025863954,23.6558025863954,100.0
8700,0,15.775316810551216,15.775316810551216,100.0
8700,1,69.8787749516971,69.8787749516971,100.0
8700,2,14.345908237751681,14.345908237751681,100.0
8710,0,54.338141788290365,54.338141788290365,100.0
8710,1,11.103259857208682,11.103259857208682,100.0
8710,2,34.55859835450096,34.55859835450096,100.0
8720,0,39.43267221191173,39.43267221191173,100.0
8720,1,49.351424303202116,49.351424303202116,100.0
8720,2,11.215903484886159,11.215903484886159,100.0
8730,0,12.859871726246663,12.859871726246663,100.0
8730,1,14.527710580350089,14.527710580350089,100.0
8730,2,72.61241769340324,72.61241769340324,100.0
8740,0,30.946532918764397,30.946532918764397,100.0
8740,1,23.490513089339284,23.490513089339284,100.0
8740,2,45.562953991896315,45.562953991896315,100.0
8750,0,39.87711147686352,39.87711147686352,100.0
8750,1,27.340323277613592,27.340323277613592,100.0
8750,2,32.782565245522896,32.782565245522896,100.0
8760,0,13.657128944662162,13.657128944662162,100.0
8760,1,32.945553115272666,32.945553115272666,100.0
8760,2,53.39731794006518,53.39731794006518,100.0
8770,0,33.88906502612335,33.88906502612335,100.0
8770,1,54.441726623560214,54.441726623560214,100.0
8770,2,11.669208350316444,11.669208350316444,100.0
8780,0,15.747923720240593,15.747923720240593,100.0
8780,1,26.16801900799799,26.16801900799799,100.0
8780,2,58.084057271761424,58.084057271761424,100.0
8790,0,9.78768356968799,9.78768356968799,100.0
8790,1,23.803407000426873,23.803407000426873,100.0
8790,2,66.40890942988514,66.40890942988514,100.0
8800,0,22.77532377386059,22.77532377386059,100.0
8800,1,32.32244191942522,32.32244191942522,100.0
8800,2,44.902234306714185,44.902234306714185,100.0
8810,0,34.20643802739129,34.20643802739129,100.0
8810,1,40.55377791347078,40.55377791347078,100.0
8810,2,25.239784059137932,25.239784059137932,100.0
8820,0,44.255373538365625,44.255373538365625,100.0
8820,1,32.68126008177442,32.68126008177442,100.0
8820,2,23.06336637985996,23.06336637985996,100.0
8830,0,33.7725780679429,33.7725780679429,100.0
8830,1,28.491913441114292,28.491913441114292,100.0
8830,2,37.73550849094282,37.73550849094282,100.0
8840,0,41.6201618497483,41.6201618497483,100.0
8840,1,32.4744979697273,32.4744979697273,100.0
8840,2,25.9053401805244,25.9053401805244,100.0
8850,0,11.16812050461441,11.16812050461441,100.0
8850,1,13.874116173127907,13.874116173127907,100.0
8850,2,74.95776332225769,74.95776332225769,100.0
8860,0,22.023346782589766,22.023346782589766,100.0
8860,1,21.027294319007332,21.027294319007332,100.0
8860,2,56.9493588984029,56.9493588984029,100.0
8870,0,14.375208134504454,14.375208134504454,100.0
8870,1,34.76954426539815,34.76954426539815,100.0
8870,2,50.855247600097385,50.855247600097385,100.0
8880,0,17.170594871800535,17.170594871800535,100.0
8880,1,10.491389202612265,10.491389202612265,100.0
8880,2,72.3380159255872,72.3380159255872,100.0
8890,0,27.663145805931183,27.663145805931183,100.0
8890,1,61.55254903034118,61.55254903034118,100.0
8890,2,10.784305163727632,10.784305163727632,100.0
8900,0,46.32413703616213,46.32413703616213,100.0
8900,1,28.147469354637494,28.147469354637494,100.0
8900,2,25.52839360920038,25.52839360920038,100.0
8910,0,15.140053114987973,15.140053114987973,100.0
8910,1,12.762317411863283,12.762317411863283,100.0
8910,2,72.09762947314874,72.09762947314874,100.0
8920,0,9.672451173120779,9.672451173120779,100.0
8920,1,27.73915704068414,27.73915704068414,100.0
8920,2,62.588391786195075,62.588391786195075,100.0
8930,0,14.293652830306074,14.293652830306074,100.0
8930,1,52.015159043791485,52.015159043791485,100.0
8930,2,33.69118812590244,33.69118812590244,100.0
8940,0,17.37819273345584,17.37819273345584,100.0
8940,1,63.76250730259921,63.76250730259921,100.0
8940,2,18.859299963944938,18.859299963944938,100.0
8950,0,42.62312035662401,42.62312035662401,100.0
8950,1,8.455432649111327,8.455432649111327,100.0
8950,2,48.921446994264656,48.921446994264656,100.0
8960,0,52.51358637336323,52.51358637336323,100.0
8960,1,16.75808772439049,16.75808772439049,100.0
8960,2,30.728325902246283,30.728325902246283,100.0
8970,0,10.384380199850305,10.384380199850305,100.0
8970,1,18.91663566422293,18.91663566422293,100.0
8970,2,70.69898413592676,70.69898413592676,100.0
8980,0,32.329321943538325,32.329321943538325,100.0
8980,1,14.012922335854588,14.012922335854588,100.0
8980,2,53.65775572060709,53.65775572060709,100.0
8990,0,18.684411922016693,18.684411922016693,100.0
8990,1,33.84734650860221,33.84734650860221,100.0
8990,2,47.46824156938109,47.46824156938109,100.0
9000,0,37.04959544214121,37.04959544214121,100.0
9000,1,42.858285965130904,42.858285965130904,100.0
9000,2,20.092118592727893,20.092118592727893,100.0
9010,0,27.653921619811033,27.653921619811033,100.0
9010,1,50.69906390153246,50.69906390153246,100.0
9010,2,21.64701447865652,21.64701447865652,100.0
9020,0,62.01995870909034,62.01995870909034,100.0
9020,1,9.392819096058878,9.392819096058878,100.0
9020,2,28.587222194850785,28.587222194850785,100.0
9030,0,15.371308225784597,15.371308225784597,100.0
9030,1,16.89688985928473,16.89688985928473,100.0
9030,2,67.73180191493067,67.73180191493067,100.0
9040,0,20.560997487462355,20.560997487462355,100.0
9040,1,57.34618297843289,57.34618297843289,100.0
9040,2,22.092819534104752,22.092819534104752,100.0
9050,0,44.48527951575619,44.48527951575619,100.0
9050,1,28.025360360822276,28.025360360822276,100.0
9050,2,27.489360123421534,27.489360123421534,100.0
9060,0,27.12791028158807,27.12791028158807,100.0
9060,1,29.459218150943506,29.459218150943506,100.0
9060,2,43.412871567468436,43.412871567468436,100.0
9070,0,44.45102157811199,44.45102157811199,100.0
9070,1,9.273428221684062,9.273428221684062,100.0
9070,2,46.27555020020395,46.27555020020395,100.0
9080,0,42.33702089558526,42.33702089558526,100.0
9080,1,13.75319609053755,13.75319609053755,100.0
9080,2,43.90978301387719,43.90978301387719,100.0
9090,0,12.913560584890218,12.913560584890218,100.0
9090,1,20.232072990360344,20.232072990360344,100.0
9090,2,66.85436642474944,66.85436642474944,100.0
9100,0,36.03893259261736,36.03893259261736,100.0
9100,1,41.15019805650329,41.15019805650329,100.0
9100,2,22.810869350879347,22.810869350879347,100.0
9110,0,28.64947297109926,28.64947297109926,100.0
9110,1,52.847577283622435,52.847577283622435,100.0
9110,2,18.502949745278304,18.502949745278304,100.0
9120,0,17.545189728038725,17.545189728038725,100.0
9120,1,45.69379302115474,45.69379302115474,100.0
9120,2,36.761017250806546,36.761017250806546,100.0
9130,0,37.78437824990244,37.78437824990244,100.0
9130,1,35.22574673304807,35.22574673304807,100.0
9130,2,26.989875017049492,26.989875017049492,100.0
9140,0,32.04611570716079,32.04611570716079,100.0
9140,1,23.152500754597423,23.152500754597423,100.0
9140,2,44.80138353824179,44.80138353824179,100.0
9150,0,14.872939878396885,14.872939878396885,100.0
9150,1,12.439056876528259,12.439056876528259,100.0
9150,2,72.68800324507487,72.68800324507487,100.0
9160,0,11.338075849382609,11.338075849382609,100.0
9160,1,32.382159721867566,32.382159721867566,100.0
9160,2,56.279764428749836,56.279764428749836,100.0
9170,0,17.4365501962781,17.4365501962781,100.0
9170,1,26.866753320992753,26.866753320992753,100.0
9170,2,55.696696482729145,55.696696482729145,100.0
9180,0,9.63079808744959,9.63079808744959,100.0
9180,1,39.867342756328725,39.867342756328725,100.0
9180,2,50.501859156221684,50.501859156221684,100.0
9190,0,27.650734743253917,27.650734743253917,100.0
9190,1,49.44590803680223,49.44590803680223,100.0
9190,2,22.903357219943857,22.903357219943857,100.0
9200,0,43.767435377664924,43.767435377664924,100.0
9200,1,43.579104439148544,43.579104439148544,100.0
9200,2,12.653460183186535,12.653460183186535,100.0
9210,0,11.69433235836867,11.69433235836867,100.0
9210,1,11.61241145587719,11.61241145587719,100.0
9210,2,76.69325618575414,76.69325618575414,100.0
9220,0,35.19079255092659,35.19079255092659,100.0
9220,1,49.428433400627405,49.428433400627405,100.0
9220,2,15.380774048446005,15.380774048446005,100.0
9230,0,24.534242822850167,24.534242822850167,100.0
9230,1,58.769912276538484,58.769912276538484,100.0
9230,2,16.695844900611352,16.695844900611352,100.0
9240,0,47.943318700189906,47.943318700189906,100.0
9240,1,27.054818150625003,27.054818150625003,100.0
9240,2,25.001863149185095,25.001863149185095,100.0
9250,0,65.84450479236698,65.84450479236698,100.0
9250,1,11.599398533265518,11.599398533265518,100.0
9250,2,22.556096674367506,22.556096674367506,100.0
9260,0,55.97472009211355,55.97472009211355,100.0
9260,1,23.439716053408503,23.439716053408503,100.0
9260,2,20.585563854477947,20.585563854477947,100.0
9270,0,20.188173732131318,20.188173732131318,100.0
9270,1,21.889643322031283,21.889643322031283,100.0
9270,2,57.9221829458374,57.9221829458374,100.0
9280,0,36.2368895873837,36.2368895873837,100.0
9280,1,50.903392170900574,50.903392170900574,100.0
9280,2,12.85971824171572,12.85971824171572,100.0
9290,0,23.388796996151456,23.388796996151456,100.0
9290,1,56.082045813165195,56.082045813165195,100.0
9290,2,20.52915719068335,20.52915719068335,100.0
9300,0,51.92729367953161,51.92729367953161,100.0
9300,1,9.9958271029146,9.9958271029146,100.0
9300,2,38.076879217553795,38.076879217553795,100.0
9310,0,28.594063250023222,28.594063250023222,100.0
9310,1,21.99237345374517,21.99237345374517,100.0
9310,2,49.41356329623161,49.41356329623161,100.0
9320,0,8.630639139804083,8.630639139804083,100.0
9320,1,63.1274935049281,63.1274935049281,100.0
9320,2,28.241867355267818,28.241867355267818,100.0
9330,0,9.646492721974669,9.646492721974669,100.0
9330,1,45.85812515962451,45.85812515962451,100.0
9330,2,44.49538211840083,44.49538211840083,100.0
9340,0,18.48546356476612,18.48546356476612,100.0
9340,1,32.93414506211471,32.93414506211471,100.0
9340,2,48.58039137311918,48.58039137311918,100.0
9350,0,58.85702738418752,58.85702738418752,100.0
9350,1,15.30989636533715,15.30989636533715,100.0
9350,2,25.83307625047533,25.83307625047533,100.0
9360,0,51.3385541700752,51.3385541700752,100.0
9360,1,33.89854995872267,33.89854995872267,100.0
9360,2,14.762895871202126,14.762895871202126,100.0
9370,0,15.356271225589186,15.356271225589186,100.0
9370,1,64.7001997475862,64.7001997475862,100.0
9370,2,19.94352902682463,19.94352902682463,100.0
9380,0,52.50714150018876,52.50714150018876,100.0
9380,1,32.524614874321834,32.524614874321834,100.0
9380,2,14.968243625489414,14.968243625489414,100.0
9390,0,39.37888341849663,39.37888341849663,100.0
9390,1,12.320267034482988,12.320267034482988,100.0
9390,2,48.300849547020384,48.300849547020384,100.0
9400,0,35.257385257997186,35.257385257997186,100.0
9400,1,21.240563416398896,21.240563416398896,100.0
9400,2,43.502051325603915,43.502051325603915,100.0
9410,0,59.91905863409342,59.91905863409342,100.0
9410,1,29.287564284398222,29.287564284398222,100.0
9410,2,10.793377081508376,10.793377081508376,100.0
9420,0,17.481832643239592,17.481832643239592,100.0
9420,1,33.57100196671065,33.57100196671065,100.0
9420,2,48.94716539004977,48.94716539004977,100.0
9430,0,50.318527458403764,50.318527458403764,100.0
9430,1,27.237928937205613,27.237928937205613,100.0
9430,2,22.443543604390637,22.443543604390637,100.0
9440,0,40.984334779004364,40.984334779004364,100.0
9440,1,50.37371097495339,50.37371097495339,100.0
9440,2,8.64195424604225,8.64195424604225,100.0
9450,0,11.156425161938868,11.156425161938868,100.0
9450,1,31.18543918762831,31.18543918762831,100.0
9450,2,57.65813565043282,57.65813565043282,100.0
9460,0,19.5194160365029,19.5194160365029,100.0
9460,1,51.7865404469009,51.7865404469009,100.0
9460,2,28.694043516596206,28.694043516596206,100.0
9470,0,35.31559487353007,35.31559487353007,100.0
9470,1,50.53630863382202,50.53630863382202,100.0
9470,2,14.14809649264791,14.14809649264791,100.0
9480,0,63.14631910600775,63.14631910600775,100.0
9480,1,26.24698094682979,26.24698094682979,100.0
9480,2,10.606699947162467,10.606699947162467,100.0
9490,0,44.021197180343066,44.021197180343066,100.0
9490,1,35.34510032152808,35.34510032152808,100.0
9490,2,20.633702498128862,20.633702498128862,100.0
9500,0,42.21011117871915,42.21011117871915,100.0
9500,1,9.121027130103121,9.121027130103121,100.0
9500,2,48.66886169117773,48.66886169117773,100.0
9510,0,13.800728387896157,13.800728387896157,100.0
9510,1,12.287831919940098,12.287831919940098,100.0
9510,2,73.91143969216374,73.91143969216374,100.0
9520,0,29.462501871007955,29.462501871007955,100.0
9520,1,37.522031742642504,37.522031742642504,100.0
9520,2,33.015466386349544,33.015466386349544,100.0
9530,0,27.750342174342173,27.750342174342173,100.0
9530,1,36.868447141488275,36.868447141488275,100.0
9530,2,35.38121068416955,35.38121068416955,100.0
9540,0,42.170761230152074,42.170761230152074,100.0
9540,1,37.67958039976159,37.67958039976159,100.0
9540,2,20.14965837008634,20.14965837008634,100.0
9550,0,38.3146371887816,38.3146371887816,100.0
9550,1,44.09196846237598,44.09196846237598,100.0
9550,2,17.593394348842423,17.593394348842423,100.0
9560,0,57.0206951350862,57.0206951350862,100.0
9560,1,29.389251647296238,29.389251647296238,100.0
9560,2,13.590053217617564,13.590053217617564,100.0
9570,0,16.729532662066152,16.729532662066152,100.0
9570,1,10.524578978663726,10.524578978663726,100.0
9570,2,72.74588835927011,72.74588835927011,100.0
9580,0,45.086808582740744,45.086808582740744,100.0
9580,1,33.24615054004821,33.24615054004821,100.0
9580,2,21.667040877211043,21.667040877211043,100.0
9590,0,57.94985943595007,57.94985943595007,100.0
9590,1,25.747925763774393,25.747925763774393,100.0
9590,2,16.302214800275554,16.302214800275554,100.0
9600,0,53.994655324305505,53.994655324305505,100.0
9600,1,26.245031998710083,26.245031998710083,100.0
9600,2,19.76031267698442,19.76031267698442,100.0
9610,0,50.28998524732169,50.28998524732169,100.0
9610,1,30.541489050487247,30.541489050487247,100.0
9610,2,19.168525702191072,19.168525702191072,100.0
9620,0,63.04416578134453,63.04416578134453,100.0
9620,1,11.450849959156082,11.450849959156082,100.0
9620,2,25.50498425949939,25.50498425949939,100.0
9630,0,15.135246750619775,15.135246750619775,100.0
9630,1,15.7267496060344,15.7267496060344,100.0
9630,2,69.13800364334583,69.13800364334583,100.0
9640,0,13.291224786393096,13.291224786393096,100.0
9640,1,60.34859793480678,60.34859793480678,100.0
9640,2,26.360177278800123,26.360177278800123,100.0
9650,0,34.84010237989643,34.84010237989643,100.0
9650,1,37.40702671675371,37.40702671675371,100.0
9650,2,27.75287090334986,27.75287090334986,100.0
9660,0,18.15806420076713,18.15806420076713,100.0
9660,1,49.8086984968336,49.8086984968336,100.0
9660,2,32.03323730239927,32.03323730239927,100.0
9670,0,46.171279924337554,46.171279924337554,100.0
9670,1,23.765519543247322,23.765519543247322,100.0
9670,2,30.06320053241513,30.06320053241513,100.0
9680,0,16.16223019009379,16.16223019009379,100.0
9680,1,21.91164699926358,21.91164699926358,100.0
9680,2,61.92612281064264,61.92612281064264,100.0
9690,0,12.922132904385359,12.922132904385359,100.0
9690,1,13.974098496153244,13.974098496153244,100.0
9690,2,73.1037685994614,73.1037685994614,100.0
9700,0,50.60979363955253,50.60979363955253,100.0
9700,1,17.02170672116252,17.02170672116252,100.0
9700,2,32.36849963928496,32.36849963928496,100.0
9710,0,42.881352275428114,42.881352275428114,100.0
9710,1,28.315430324520186,28.315430324520186,100.0
9710,2,28.8032174000517,28.8032174000517,100.0
9720,0,46.69439422649953,46.69439422649953,100.0
9720,1,14.326849541743773,14.326849541743773,100.0
9720,2,38.9787562317567,38.9787562317567,100.0
9730,0,50.989530104974094,50.989530104974094,100.0
9730,1,39.83292743368402,39.83292743368402,100.0
9730,2,9.17754246134189,9.17754246134189,100.0
9740,0,24.826167541082523,24.826167541082523,100.0
9740,1,36.995984254549,36.995984254549,100.0
9740,2,38.177848204368466,38.177848204368466,100.0
9750,0,8.1749299598274,8.1749299598274,100.0
9750,1,46.20660470298459,46.20660470298459,100.0
9750,2,45.61846533718801,45.61846533718801,100.0
9760,0,43.00227369603266,43.00227369603266,100.0
9760,1,47.01891033446266,47.01891033446266,100.0
9760,2,9.97881596950466,9.97881596950466,100.0
9770,0,60.65280424578542,60.65280424578542,100.0
9770,1,16.388863875292568,16.388863875292568,100.0
9770,2,22.95833187892201,22.95833187892201,100.0
9780,0,31.98429604128617,31.98429604128617,100.0
9780,1,49.60924310707467,49.60924310707467,100.0
9780,2,18.40646085163916,18.40646085163916,100.0
9790,0,18.921595128213102,18.921595128213102,100.0
9790,1,63.77502141685781,63.77502141685781,100.0
9790,2,17.303383454929087,17.303383454929087,100.0
9800,0,15.141865270959617,15.141865270959617,100.0
9800,1,36.24777965409765,36.24777965409765,100.0
9800,2,48.61035507494273,48.61035507494273,100.0
9810,0,12.81384953336577,12.81384953336577,100.0
9810,1,18.477008464701242,18.477008464701242,100.0
9810,2,68.70914200193299,68.70914200193299,100.0
9820,0,43.34835224717229,43.34835224717229,100.0
9820,1,29.652520786511467,29.652520786511467,100.0
9820,2,26.999126966316233,26.999126966316233,100.0
9830,0,46.01472717981234,46.01472717981234,100.0
9830,1,31.438902782121282,31.438902782121282,100.0
9830,2,22.54637003806638,22.54637003806638,100.0
9840,0,30.514474095161614,30.514474095161614,100.0
9840,1,27.960154954703796,27.960154954703796,100.0
9840,2,41.52537095013458,41.52537095013458,100.0
9850,0,51.04087186731032,51.04087186731032,100.0
9850,1,11.861428943883505,11.861428943883505,100.0
9850,2,37.09769918880618,37.09769918880618,100.0
9860,0,58.76109981477726,58.76109981477726,100.0
9860,1,17.779456826740905,17.779456826740905,100.0
9860,2,23.45944335848183,23.45944335848183,100.0
9870,0,13.426453568308688,13.426453568308688,100.0
9870,1,11.61614044188431,11.61614044188431,100.0
9870,2,74.957405989807,74.957405989807,100.0
9880,0,27.032087440479348,27.032087440479348,100.0
9880,1,35.70726590879777,35.70726590879777,100.0
9880,2,37.26064665072288,37.26064665072288,100.0
9890,0,35.21325970981914,35.21325970981914,100.0
9890,1,37.93021526768108,37.93021526768108,100.0
9890,2,26.856525022499785,26.856525022499785,100.0
9900,0,51.83562936730469,51.83562936730469,100.0
9900,1,14.83018545297299,14.83018545297299,100.0
9900,2,33.33418517972231,33.33418517972231,100.0
9910,0,28.088125769291196,28.088125769291196,100.0
9910,1,39.19546146403036,39.19546146403036,100.0
9910,2,32.716412766678445,32.716412766678445,100.0
9920,0,61.03065084496128,61.03065084496128,100.0
9920,1,27.46022421690592,27.46022421690592,100.0
9920,2,11.509124938132814,11.509124938132814,100.0
9930,0,12.463288463782465,12.463288463782465,100.0
9930,1,14.068371643728753,14.068371643728753,100.0
9930,2,73.46833989248877,73.46833989248877,100.0
9940,0,19.69931660220044,19.69931660220044,100.0
9940,1,22.950624921494835,22.950624921494835,100.0
9940,2,57.350058476304724,57.350058476304724,100.0
9950,0,26.79650046812868,26.79650046812868,100.0
9950,1,30.10798376827469,30.10798376827469,100.0
9950,2,43.09551576359663,43.09551576359663,100.0
9960,0,19.358520317390678,19.358520317390678,100.0
9960,1,26.246474948978676,26.246474948978676,100.0
9960,2,54.39500473363065,54.39500473363065,100.0
9970,0,30.438593413135433,30.438593413135433,100.0
9970,1,53.95647908901394,53.95647908901394,100.0
9970,2,15.604927497850623,15.604927497850623,100.0
9980,0,11.088736760527768,11.088736760527768,100.0
9980,1,34.14938700083927,34.14938700083927,100.0
9980,2,54.761876238632965,54.761876238632965,100.0
9990,0,13.09889672355771,13.09889672355771,100.0
9990,1,25.29811897866035,25.29811897866035,100.0
9990,2,61.60298429778194,61.60298429778194,100.0
